Datetime,Open,High,Low,Close,Volume,Dividends,Stock Splits
2024-08-01 09:30:00-04:00,40.15999984741211,40.27000045776367,40.15999984741211,40.27000045776367,2511,0.0,0.0
2024-08-01 09:35:00-04:00,40.27000045776367,40.27000045776367,40.27000045776367,40.27000045776367,123,0.0,0.0
2024-08-01 09:40:00-04:00,40.41999816894531,40.43000030517578,40.41999816894531,40.43000030517578,886,0.0,0.0
2024-08-01 09:50:00-04:00,40.275001525878906,40.275001525878906,40.13999938964844,40.13999938964844,2086,0.0,0.0
2024-08-01 09:55:00-04:00,40.119998931884766,40.15999984741211,39.970001220703125,39.970001220703125,2639,0.0,0.0
2024-08-01 10:00:00-04:00,39.970001220703125,39.970001220703125,39.970001220703125,39.970001220703125,156,0.0,0.0
2024-08-01 10:05:00-04:00,39.84000015258789,39.84000015258789,39.84000015258789,39.84000015258789,871,0.0,0.0
2024-08-01 10:10:00-04:00,39.79999923706055,39.810001373291016,39.630001068115234,39.640098571777344,1924,0.0,0.0
2024-08-01 10:15:00-04:00,39.64849853515625,39.66999816894531,39.619998931884766,39.63999938964844,2699,0.0,0.0
2024-08-01 10:20:00-04:00,39.70000076293945,39.779998779296875,39.65999984741211,39.779998779296875,2174,0.0,0.0
2024-08-01 10:25:00-04:00,39.7400016784668,39.7400016784668,39.7400016784668,39.7400016784668,737,0.0,0.0
2024-08-01 10:30:00-04:00,39.7400016784668,39.7599983215332,39.65999984741211,39.65999984741211,4319,0.0,0.0
2024-08-01 10:35:00-04:00,39.64500045776367,39.64500045776367,39.5099983215332,39.56999969482422,3287,0.0,0.0
2024-08-01 10:40:00-04:00,39.70000076293945,39.70000076293945,39.70000076293945,39.70000076293945,385,0.0,0.0
2024-08-01 10:45:00-04:00,39.65999984741211,39.7599983215332,39.650001525878906,39.72999954223633,2556,0.0,0.0
2024-08-01 10:50:00-04:00,39.650001525878906,39.75,39.64500045776367,39.75,3054,0.0,0.0
2024-08-01 10:55:00-04:00,39.790000915527344,39.81999969482422,39.744998931884766,39.744998931884766,1446,0.0,0.0
2024-08-01 11:00:00-04:00,39.79999923706055,39.79999923706055,39.7599983215332,39.779998779296875,1641,0.0,0.0
2024-08-01 11:05:00-04:00,39.75,39.80500030517578,39.75,39.80500030517578,1257,0.0,0.0
2024-08-01 11:10:00-04:00,39.84000015258789,39.84000015258789,39.720001220703125,39.720001220703125,3826,0.0,0.0
2024-08-01 11:15:00-04:00,39.72999954223633,39.7599983215332,39.709999084472656,39.7599983215332,3825,0.0,0.0
2024-08-01 11:20:00-04:00,39.775001525878906,39.775001525878906,39.66999816894531,39.66999816894531,8836,0.0,0.0
2024-08-01 11:25:00-04:00,39.72999954223633,39.72999954223633,39.61000061035156,39.61000061035156,1177,0.0,0.0
2024-08-01 11:30:00-04:00,39.654998779296875,39.7400016784668,39.654998779296875,39.66999816894531,3126,0.0,0.0
2024-08-01 11:35:00-04:00,39.630001068115234,39.69499969482422,39.61000061035156,39.69499969482422,3378,0.0,0.0
2024-08-01 11:40:00-04:00,39.7599983215332,39.849998474121094,39.72999954223633,39.72999954223633,2704,0.0,0.0
2024-08-01 11:45:00-04:00,39.810001373291016,39.810001373291016,39.720001220703125,39.720001220703125,2151,0.0,0.0
2024-08-01 11:50:00-04:00,39.72999954223633,39.72999954223633,39.69499969482422,39.70500183105469,1543,0.0,0.0
2024-08-01 11:55:00-04:00,39.72999954223633,39.7599983215332,39.72999954223633,39.744998931884766,1169,0.0,0.0
2024-08-01 12:00:00-04:00,39.7400016784668,39.81999969482422,39.7400016784668,39.810001373291016,840,0.0,0.0
2024-08-01 12:05:00-04:00,39.7599983215332,39.779998779296875,39.72999954223633,39.72999954223633,2751,0.0,0.0
2024-08-01 12:10:00-04:00,39.77000045776367,39.77000045776367,39.720001220703125,39.7400016784668,2919,0.0,0.0
2024-08-01 12:15:00-04:00,39.76499938964844,39.83000183105469,39.76499938964844,39.81999969482422,1210,0.0,0.0
2024-08-01 12:20:00-04:00,39.869998931884766,39.869998931884766,39.790000915527344,39.84000015258789,717,0.0,0.0
2024-08-01 12:25:00-04:00,39.86000061035156,39.91999816894531,39.849998474121094,39.91999816894531,796,0.0,0.0
2024-08-01 12:30:00-04:00,39.91999816894531,39.91999816894531,39.86000061035156,39.86000061035156,1914,0.0,0.0
2024-08-01 12:35:00-04:00,39.869998931884766,39.88999938964844,39.849998474121094,39.849998474121094,2248,0.0,0.0
2024-08-01 12:40:00-04:00,39.86000061035156,39.880001068115234,39.86000061035156,39.869998931884766,1970,0.0,0.0
2024-08-01 12:45:00-04:00,39.85499954223633,39.88999938964844,39.84000015258789,39.84000015258789,2081,0.0,0.0
2024-08-01 12:50:00-04:00,39.83000183105469,39.939998626708984,39.77000045776367,39.939998626708984,4876,0.0,0.0
2024-08-01 12:55:00-04:00,39.97999954223633,40.0,39.97999954223633,40.0,263,0.0,0.0
2024-08-01 13:00:00-04:00,39.97999954223633,39.97999954223633,39.935001373291016,39.970001220703125,2311,0.0,0.0
2024-08-01 13:05:00-04:00,39.9900016784668,40.09000015258789,39.9900016784668,40.09000015258789,1264,0.0,0.0
2024-08-01 13:10:00-04:00,40.05500030517578,40.05500030517578,40.05500030517578,40.05500030517578,474,0.0,0.0
2024-08-01 13:15:00-04:00,40.05500030517578,40.09000015258789,40.04499816894531,40.04499816894531,674,0.0,0.0
2024-08-01 13:20:00-04:00,40.0099983215332,40.029998779296875,39.959999084472656,40.02000045776367,3155,0.0,0.0
2024-08-01 13:25:00-04:00,40.005001068115234,40.029998779296875,39.97999954223633,40.029998779296875,2251,0.0,0.0
2024-08-01 13:30:00-04:00,40.005001068115234,40.005001068115234,40.005001068115234,40.005001068115234,527,0.0,0.0
2024-08-01 13:35:00-04:00,39.98500061035156,40.08000183105469,39.98500061035156,40.08000183105469,3208,0.0,0.0
2024-08-01 13:40:00-04:00,40.11000061035156,40.13999938964844,40.11000061035156,40.13999938964844,1201,0.0,0.0
2024-08-01 13:45:00-04:00,40.099998474121094,40.119998931884766,40.08000183105469,40.099998474121094,2939,0.0,0.0
2024-08-01 13:50:00-04:00,40.09000015258789,40.119998931884766,40.09000015258789,40.119998931884766,901,0.0,0.0
2024-08-01 13:55:00-04:00,40.130001068115234,40.13999938964844,40.130001068115234,40.13999938964844,1126,0.0,0.0
2024-08-01 14:00:00-04:00,40.150001525878906,40.150001525878906,40.060001373291016,40.060001373291016,2237,0.0,0.0
2024-08-01 14:05:00-04:00,40.11000061035156,40.11000061035156,40.08000183105469,40.08000183105469,564,0.0,0.0
2024-08-01 14:10:00-04:00,40.07500076293945,40.08000183105469,40.029998779296875,40.08000183105469,1704,0.0,0.0
2024-08-01 14:15:00-04:00,40.09000015258789,40.13999938964844,40.09000015258789,40.13999938964844,1874,0.0,0.0
2024-08-01 14:20:00-04:00,40.172401428222656,40.189998626708984,40.16999816894531,40.189998626708984,1387,0.0,0.0
2024-08-01 14:25:00-04:00,40.16999816894531,40.17470169067383,40.150001525878906,40.17470169067383,1409,0.0,0.0
2024-08-01 14:30:00-04:00,40.17499923706055,40.17499923706055,40.15010070800781,40.16299819946289,2299,0.0,0.0
2024-08-01 14:35:00-04:00,40.13999938964844,40.150001525878906,40.13999938964844,40.150001525878906,418,0.0,0.0
2024-08-01 14:40:00-04:00,40.150001525878906,40.150001525878906,40.06999969482422,40.08000183105469,2430,0.0,0.0
2024-08-01 14:45:00-04:00,40.095001220703125,40.11000061035156,40.095001220703125,40.11000061035156,1177,0.0,0.0
2024-08-01 14:50:00-04:00,40.10499954223633,40.15999984741211,40.09000015258789,40.15999984741211,3900,0.0,0.0
2024-08-01 15:00:00-04:00,40.11000061035156,40.13999938964844,40.099998474121094,40.119998931884766,1766,0.0,0.0
2024-08-01 15:05:00-04:00,40.1150016784668,40.1150016784668,40.06999969482422,40.099998474121094,2224,0.0,0.0
2024-08-01 15:10:00-04:00,40.11000061035156,40.13999938964844,40.089298248291016,40.119998931884766,3953,0.0,0.0
2024-08-01 15:15:00-04:00,40.15999984741211,40.20000076293945,40.15999984741211,40.20000076293945,956,0.0,0.0
2024-08-01 15:20:00-04:00,40.209999084472656,40.22999954223633,40.16999816894531,40.16999816894531,1494,0.0,0.0
2024-08-01 15:25:00-04:00,40.20000076293945,40.22999954223633,40.18000030517578,40.20000076293945,7497,0.0,0.0
2024-08-01 15:30:00-04:00,40.209999084472656,40.22999954223633,40.20500183105469,40.22999954223633,1919,0.0,0.0
2024-08-01 15:35:00-04:00,40.2400016784668,40.27000045776367,40.2400016784668,40.2599983215332,5606,0.0,0.0
2024-08-01 15:40:00-04:00,40.279998779296875,40.290000915527344,40.25,40.279998779296875,12384,0.0,0.0
2024-08-01 15:45:00-04:00,40.279998779296875,40.380001068115234,40.279998779296875,40.380001068115234,8747,0.0,0.0
2024-08-01 15:50:00-04:00,40.369998931884766,40.40999984741211,40.34000015258789,40.349998474121094,17717,0.0,0.0
2024-08-01 15:55:00-04:00,40.33000183105469,40.41999816894531,40.31999969482422,40.349998474121094,39386,0.0,0.0
2024-08-02 09:30:00-04:00,38.61000061035156,39.97999954223633,38.61000061035156,39.45000076293945,14218,0.0,0.0
2024-08-02 09:35:00-04:00,39.4640998840332,39.48609924316406,39.060001373291016,39.125,5598,0.0,0.0
2024-08-02 09:40:00-04:00,39.290000915527344,39.76499938964844,38.95000076293945,39.76499938964844,12133,0.0,0.0
2024-08-02 09:45:00-04:00,39.630001068115234,39.779998779296875,39.630001068115234,39.69499969482422,1407,0.0,0.0
2024-08-02 09:50:00-04:00,39.7400016784668,40.150001525878906,39.7400016784668,40.150001525878906,4408,0.0,0.0
2024-08-02 09:55:00-04:00,40.04999923706055,40.08000183105469,39.65999984741211,39.66999816894531,4846,0.0,0.0
2024-08-02 10:00:00-04:00,39.685001373291016,39.869998931884766,39.65999984741211,39.67499923706055,5934,0.0,0.0
2024-08-02 10:05:00-04:00,39.5,39.709999084472656,39.5,39.59000015258789,3894,0.0,0.0
2024-08-02 10:10:00-04:00,39.41999816894531,39.41999816894531,39.040000915527344,39.040000915527344,1345,0.0,0.0
2024-08-02 10:15:00-04:00,39.029998779296875,39.189998626708984,39.029998779296875,39.18000030517578,2791,0.0,0.0
2024-08-02 10:20:00-04:00,39.209999084472656,39.209999084472656,39.08000183105469,39.08000183105469,1144,0.0,0.0
2024-08-02 10:25:00-04:00,39.06999969482422,39.33000183105469,39.06999969482422,39.33000183105469,4820,0.0,0.0
2024-08-02 10:30:00-04:00,39.27000045776367,39.279998779296875,39.27000045776367,39.279998779296875,960,0.0,0.0
2024-08-02 10:35:00-04:00,39.25,39.25,39.105899810791016,39.220001220703125,1816,0.0,0.0
2024-08-02 10:40:00-04:00,39.310001373291016,39.349998474121094,39.310001373291016,39.32500076293945,1080,0.0,0.0
2024-08-02 10:45:00-04:00,39.25,39.25,39.06999969482422,39.09000015258789,2973,0.0,0.0
2024-08-02 10:50:00-04:00,39.05500030517578,39.20500183105469,39.05500030517578,39.20500183105469,1749,0.0,0.0
2024-08-02 10:55:00-04:00,39.255001068115234,39.255001068115234,39.13999938964844,39.20000076293945,1869,0.0,0.0
2024-08-02 11:00:00-04:00,39.2400016784668,39.33000183105469,39.189998626708984,39.189998626708984,7410,0.0,0.0
2024-08-02 11:05:00-04:00,39.0099983215332,39.08000183105469,38.959999084472656,39.06999969482422,2095,0.0,0.0
2024-08-02 11:10:00-04:00,39.11000061035156,39.15999984741211,38.95000076293945,39.15999984741211,7932,0.0,0.0
2024-08-02 11:15:00-04:00,39.18000030517578,39.19499969482422,39.18000030517578,39.19499969482422,269,0.0,0.0
2024-08-02 11:20:00-04:00,39.20000076293945,39.27000045776367,39.08000183105469,39.08000183105469,3020,0.0,0.0
2024-08-02 11:25:00-04:00,39.029998779296875,39.09000015258789,38.97999954223633,39.04999923706055,3520,0.0,0.0
2024-08-02 11:30:00-04:00,39.08000183105469,39.09000015258789,39.0,39.04499816894531,4781,0.0,0.0
2024-08-02 11:35:00-04:00,39.0,39.0,38.959999084472656,38.959999084472656,1894,0.0,0.0
2024-08-02 11:40:00-04:00,38.95000076293945,39.0099983215332,38.91999816894531,38.97999954223633,4155,0.0,0.0
2024-08-02 11:45:00-04:00,38.96500015258789,39.0099983215332,38.91999816894531,39.0099983215332,2227,0.0,0.0
2024-08-02 11:50:00-04:00,38.994998931884766,39.02000045776367,38.939998626708984,38.98500061035156,4739,0.0,0.0
2024-08-02 11:55:00-04:00,38.974998474121094,39.119998931884766,38.974998474121094,39.06999969482422,8451,0.0,0.0
2024-08-02 12:00:00-04:00,39.09000015258789,39.16999816894531,38.97999954223633,38.97999954223633,4919,0.0,0.0
2024-08-02 12:05:00-04:00,38.880001068115234,38.959999084472656,38.880001068115234,38.95000076293945,1085,0.0,0.0
2024-08-02 12:10:00-04:00,38.935001373291016,39.099998474121094,38.900001525878906,39.08000183105469,2466,0.0,0.0
2024-08-02 12:15:00-04:00,39.11000061035156,39.154998779296875,39.11000061035156,39.154998779296875,2326,0.0,0.0
2024-08-02 12:20:00-04:00,39.189998626708984,39.279998779296875,39.189998626708984,39.25,3013,0.0,0.0
2024-08-02 12:25:00-04:00,39.279998779296875,39.290000915527344,39.2599983215332,39.2599983215332,800,0.0,0.0
2024-08-02 12:30:00-04:00,39.2599983215332,39.33000183105469,39.2599983215332,39.27000045776367,3074,0.0,0.0
2024-08-02 12:35:00-04:00,39.310001373291016,39.310001373291016,39.25,39.29499816894531,1185,0.0,0.0
2024-08-02 12:40:00-04:00,39.27000045776367,39.29999923706055,39.17499923706055,39.20500183105469,4393,0.0,0.0
2024-08-02 12:45:00-04:00,39.2400016784668,39.31999969482422,39.2400016784668,39.31999969482422,2028,0.0,0.0
2024-08-02 12:50:00-04:00,39.310001373291016,39.34000015258789,39.310001373291016,39.310001373291016,1343,0.0,0.0
2024-08-02 12:55:00-04:00,39.31999969482422,39.369998931884766,39.31999969482422,39.349998474121094,1513,0.0,0.0
2024-08-02 13:00:00-04:00,39.31999969482422,39.3650016784668,39.290000915527344,39.290000915527344,1766,0.0,0.0
2024-08-02 13:05:00-04:00,39.33000183105469,39.33000183105469,39.22999954223633,39.22999954223633,6259,0.0,0.0
2024-08-02 13:10:00-04:00,39.2599983215332,39.33000183105469,39.2599983215332,39.29999923706055,1771,0.0,0.0
2024-08-02 13:15:00-04:00,39.310001373291016,39.349998474121094,39.310001373291016,39.314998626708984,1351,0.0,0.0
2024-08-02 13:20:00-04:00,39.292999267578125,39.29999923706055,39.27000045776367,39.29999923706055,2346,0.0,0.0
2024-08-02 13:25:00-04:00,39.29999923706055,39.314998626708984,39.29999923706055,39.314998626708984,1252,0.0,0.0
2024-08-02 13:30:00-04:00,39.279998779296875,39.33000183105469,39.279998779296875,39.33000183105469,1550,0.0,0.0
2024-08-02 13:35:00-04:00,39.36949920654297,39.38999938964844,39.349998474121094,39.38999938964844,1594,0.0,0.0
2024-08-02 13:40:00-04:00,39.38999938964844,39.42499923706055,39.38999938964844,39.38999938964844,1603,0.0,0.0
2024-08-02 13:45:00-04:00,39.380001068115234,39.41999816894531,39.380001068115234,39.41999816894531,970,0.0,0.0
2024-08-02 13:50:00-04:00,39.47999954223633,39.47999954223633,39.310001373291016,39.34000015258789,3391,0.0,0.0
2024-08-02 13:55:00-04:00,39.27000045776367,39.27000045776367,39.20000076293945,39.20000076293945,1904,0.0,0.0
2024-08-02 14:00:00-04:00,39.220001220703125,39.220001220703125,39.220001220703125,39.220001220703125,389,0.0,0.0
2024-08-02 14:05:00-04:00,39.220001220703125,39.220001220703125,39.185001373291016,39.209999084472656,707,0.0,0.0
2024-08-02 14:10:00-04:00,39.175498962402344,39.209999084472656,39.16999816894531,39.16999816894531,1369,0.0,0.0
2024-08-02 14:15:00-04:00,39.20000076293945,39.29999923706055,39.20000076293945,39.29999923706055,2128,0.0,0.0
2024-08-02 14:20:00-04:00,39.32500076293945,39.32500076293945,39.20000076293945,39.20000076293945,2545,0.0,0.0
2024-08-02 14:25:00-04:00,39.222599029541016,39.27000045776367,39.220001220703125,39.220001220703125,3153,0.0,0.0
2024-08-02 14:30:00-04:00,39.25,39.2599983215332,39.2400016784668,39.2599983215332,1796,0.0,0.0
2024-08-02 14:35:00-04:00,39.22200012207031,39.255001068115234,39.189998626708984,39.189998626708984,2962,0.0,0.0
2024-08-02 14:40:00-04:00,39.16999816894531,39.220001220703125,39.1349983215332,39.220001220703125,2109,0.0,0.0
2024-08-02 14:45:00-04:00,39.18000030517578,39.18000030517578,39.040000915527344,39.040000915527344,2384,0.0,0.0
2024-08-02 14:50:00-04:00,39.0099983215332,39.0099983215332,38.959999084472656,39.0099983215332,3957,0.0,0.0
2024-08-02 14:55:00-04:00,39.02000045776367,39.08000183105469,39.02000045776367,39.08000183105469,1650,0.0,0.0
2024-08-02 15:00:00-04:00,39.119998931884766,39.119998931884766,39.09000015258789,39.119998931884766,1868,0.0,0.0
2024-08-02 15:05:00-04:00,39.099998474121094,39.10150146484375,38.90999984741211,38.90999984741211,2781,0.0,0.0
2024-08-02 15:10:00-04:00,38.91999816894531,38.91999816894531,38.87099838256836,38.89500045776367,3068,0.0,0.0
2024-08-02 15:15:00-04:00,38.880001068115234,38.91999816894531,38.849998474121094,38.849998474121094,4228,0.0,0.0
2024-08-02 15:20:00-04:00,38.790000915527344,38.810001373291016,38.69499969482422,38.71500015258789,5446,0.0,0.0
2024-08-02 15:25:00-04:00,38.7400016784668,38.790000915527344,38.71500015258789,38.75149917602539,5399,0.0,0.0
2024-08-02 15:30:00-04:00,38.75,38.900001525878906,38.7400016784668,38.900001525878906,5309,0.0,0.0
2024-08-02 15:35:00-04:00,38.88999938964844,38.90999984741211,38.84000015258789,38.84000015258789,4810,0.0,0.0
2024-08-02 15:40:00-04:00,38.834999084472656,38.869998931884766,38.83000183105469,38.83000183105469,4929,0.0,0.0
2024-08-02 15:45:00-04:00,38.83000183105469,38.849998474121094,38.709999084472656,38.709999084472656,9764,0.0,0.0
2024-08-02 15:50:00-04:00,38.70000076293945,38.89500045776367,38.70000076293945,38.779998779296875,11848,0.0,0.0
2024-08-02 15:55:00-04:00,38.81999969482422,38.93000030517578,38.79999923706055,38.86000061035156,42545,0.0,0.0
2024-08-05 09:30:00-04:00,39.33000183105469,39.33000183105469,38.91999816894531,39.029998779296875,13391,0.0,0.0
2024-08-05 09:35:00-04:00,38.91999816894531,38.959999084472656,38.560001373291016,38.560001373291016,2679,0.0,0.0
2024-08-05 09:40:00-04:00,38.689998626708984,38.79999923706055,38.56999969482422,38.65999984741211,3649,0.0,0.0
2024-08-05 09:45:00-04:00,38.540000915527344,38.56999969482422,38.47999954223633,38.47999954223633,2417,0.0,0.0
2024-08-05 09:50:00-04:00,38.53499984741211,38.53499984741211,38.15999984741211,38.15999984741211,6560,0.0,0.0
2024-08-05 09:55:00-04:00,38.10499954223633,38.10499954223633,38.08000183105469,38.08000183105469,1000,0.0,0.0
2024-08-05 10:00:00-04:00,38.2400016784668,38.34000015258789,38.2400016784668,38.34000015258789,1003,0.0,0.0
2024-08-05 10:05:00-04:00,38.2599983215332,38.61000061035156,38.2599983215332,38.61000061035156,4822,0.0,0.0
2024-08-05 10:10:00-04:00,38.58000183105469,38.790000915527344,38.58000183105469,38.61000061035156,3705,0.0,0.0
2024-08-05 10:15:00-04:00,38.58000183105469,38.58000183105469,38.404998779296875,38.43000030517578,2000,0.0,0.0
2024-08-05 10:20:00-04:00,38.48500061035156,38.48500061035156,38.27000045776367,38.27000045776367,1934,0.0,0.0
2024-08-05 10:25:00-04:00,38.27000045776367,38.36000061035156,38.17499923706055,38.244998931884766,10836,0.0,0.0
2024-08-05 10:30:00-04:00,38.23500061035156,38.34989929199219,38.23500061035156,38.34989929199219,2286,0.0,0.0
2024-08-05 10:35:00-04:00,38.18000030517578,38.20000076293945,37.823299407958984,37.823299407958984,3813,0.0,0.0
2024-08-05 10:40:00-04:00,37.76499938964844,38.09000015258789,37.76499938964844,38.09000015258789,3690,0.0,0.0
2024-08-05 10:45:00-04:00,38.057498931884766,38.095001220703125,38.057498931884766,38.09000015258789,647,0.0,0.0
2024-08-05 10:50:00-04:00,38.099998474121094,38.18000030517578,38.099998474121094,38.17499923706055,2365,0.0,0.0
2024-08-05 10:55:00-04:00,38.04999923706055,38.13990020751953,38.04999923706055,38.04999923706055,1122,0.0,0.0
2024-08-05 11:00:00-04:00,38.04999923706055,38.06999969482422,38.0,38.0,3282,0.0,0.0
2024-08-05 11:05:00-04:00,38.05500030517578,38.150001525878906,38.03499984741211,38.07500076293945,4764,0.0,0.0
2024-08-05 11:10:00-04:00,37.939998626708984,37.939998626708984,37.75,37.81999969482422,4355,0.0,0.0
2024-08-05 11:15:00-04:00,37.75,37.900001525878906,37.75,37.849998474121094,893,0.0,0.0
2024-08-05 11:20:00-04:00,37.897499084472656,37.91999816894531,37.810001373291016,37.84000015258789,3217,0.0,0.0
2024-08-05 11:25:00-04:00,37.83000183105469,38.06999969482422,37.83000183105469,38.03499984741211,4724,0.0,0.0
2024-08-05 11:30:00-04:00,38.040000915527344,38.150001525878906,38.0,38.060001373291016,4180,0.0,0.0
2024-08-05 11:35:00-04:00,38.060001373291016,38.20000076293945,38.04999923706055,38.083099365234375,3127,0.0,0.0
2024-08-05 11:40:00-04:00,38.060001373291016,38.13999938964844,38.04999923706055,38.13999938964844,1732,0.0,0.0
2024-08-05 11:45:00-04:00,38.040000915527344,38.09000015258789,38.03499984741211,38.09000015258789,1636,0.0,0.0
2024-08-05 11:50:00-04:00,38.05799865722656,38.119998931884766,38.05799865722656,38.06999969482422,1453,0.0,0.0
2024-08-05 11:55:00-04:00,38.11000061035156,38.11000061035156,38.02000045776367,38.040000915527344,2303,0.0,0.0
2024-08-05 12:00:00-04:00,38.05500030517578,38.11000061035156,38.04999923706055,38.04999923706055,2779,0.0,0.0
2024-08-05 12:05:00-04:00,38.04999923706055,38.13999938964844,38.04999923706055,38.060001373291016,2929,0.0,0.0
2024-08-05 12:10:00-04:00,38.060001373291016,38.060001373291016,38.0,38.0,1848,0.0,0.0
2024-08-05 12:15:00-04:00,38.040000915527344,38.064998626708984,38.025001525878906,38.040000915527344,1099,0.0,0.0
2024-08-05 12:20:00-04:00,38.040000915527344,38.099998474121094,38.040000915527344,38.08000183105469,807,0.0,0.0
2024-08-05 12:25:00-04:00,38.06999969482422,38.06999969482422,38.0,38.0,2078,0.0,0.0
2024-08-05 12:30:00-04:00,37.959999084472656,38.09000015258789,37.93000030517578,38.06999969482422,4970,0.0,0.0
2024-08-05 12:35:00-04:00,38.10319900512695,38.18000030517578,38.09000015258789,38.09000015258789,1745,0.0,0.0
2024-08-05 12:40:00-04:00,38.02000045776367,38.060001373291016,37.900001525878906,37.95000076293945,3829,0.0,0.0
2024-08-05 12:50:00-04:00,37.83000183105469,37.83000183105469,37.79999923706055,37.79999923706055,2646,0.0,0.0
2024-08-05 12:55:00-04:00,37.790000915527344,37.810001373291016,37.7599983215332,37.7599983215332,4091,0.0,0.0
2024-08-05 13:00:00-04:00,37.7400016784668,37.7400016784668,37.689998626708984,37.689998626708984,1631,0.0,0.0
2024-08-05 13:05:00-04:00,37.63999938964844,37.709999084472656,37.630001068115234,37.709999084472656,2532,0.0,0.0
2024-08-05 13:10:00-04:00,37.75,37.75,37.75,37.75,108,0.0,0.0
2024-08-05 13:15:00-04:00,37.685001373291016,37.709999084472656,37.685001373291016,37.685001373291016,644,0.0,0.0
2024-08-05 13:20:00-04:00,37.68000030517578,37.7599983215332,37.650001525878906,37.7599983215332,3468,0.0,0.0
2024-08-05 13:25:00-04:00,37.775001525878906,37.81999969482422,37.77000045776367,37.810001373291016,1231,0.0,0.0
2024-08-05 13:30:00-04:00,37.7599983215332,37.7599983215332,37.75,37.7599983215332,1893,0.0,0.0
2024-08-05 13:35:00-04:00,37.689998626708984,37.83000183105469,37.66999816894531,37.83000183105469,3769,0.0,0.0
2024-08-05 13:40:00-04:00,37.810001373291016,37.85499954223633,37.810001373291016,37.82500076293945,1276,0.0,0.0
2024-08-05 13:45:00-04:00,37.834999084472656,37.95000076293945,37.81010055541992,37.95000076293945,5690,0.0,0.0
2024-08-05 13:50:00-04:00,37.900001525878906,37.900001525878906,37.849998474121094,37.880001068115234,2030,0.0,0.0
2024-08-05 13:55:00-04:00,37.88999938964844,37.919898986816406,37.790000915527344,37.83000183105469,3702,0.0,0.0
2024-08-05 14:00:00-04:00,37.82500076293945,37.89500045776367,37.790000915527344,37.880001068115234,1976,0.0,0.0
2024-08-05 14:05:00-04:00,37.97990036010742,38.0,37.97990036010742,37.97999954223633,1222,0.0,0.0
2024-08-05 14:10:00-04:00,38.029998779296875,38.029998779296875,37.970001220703125,37.9911994934082,4899,0.0,0.0
2024-08-05 14:15:00-04:00,37.970001220703125,38.02000045776367,37.93000030517578,38.02000045776367,1655,0.0,0.0
2024-08-05 14:20:00-04:00,38.02000045776367,38.040000915527344,38.0,38.040000915527344,567,0.0,0.0
2024-08-05 14:25:00-04:00,38.0,38.09000015258789,38.0,38.084999084472656,3680,0.0,0.0
2024-08-05 14:30:00-04:00,38.04999923706055,38.06999969482422,37.939998626708984,37.939998626708984,2124,0.0,0.0
2024-08-05 14:35:00-04:00,37.89699935913086,37.89699935913086,37.89699935913086,37.89699935913086,191,0.0,0.0
2024-08-05 14:40:00-04:00,37.84000015258789,37.959999084472656,37.84000015258789,37.959999084472656,3447,0.0,0.0
2024-08-05 14:45:00-04:00,37.939998626708984,37.939998626708984,37.939998626708984,37.939998626708984,939,0.0,0.0
2024-08-05 14:50:00-04:00,37.939998626708984,37.974998474121094,37.939998626708984,37.974998474121094,1995,0.0,0.0
2024-08-05 14:55:00-04:00,37.97999954223633,37.97999954223633,37.91999816894531,37.91999816894531,2776,0.0,0.0
2024-08-05 15:00:00-04:00,37.880001068115234,37.880001068115234,37.869998931884766,37.880001068115234,1246,0.0,0.0
2024-08-05 15:05:00-04:00,37.86000061035156,37.939998626708984,37.86000061035156,37.939998626708984,2602,0.0,0.0
2024-08-05 15:10:00-04:00,37.96699905395508,37.96699905395508,37.84000015258789,37.84000015258789,3383,0.0,0.0
2024-08-05 15:15:00-04:00,37.869998931884766,37.95000076293945,37.869998931884766,37.93000030517578,2571,0.0,0.0
2024-08-05 15:20:00-04:00,37.939998626708984,38.02000045776367,37.900001525878906,37.900001525878906,6135,0.0,0.0
2024-08-05 15:25:00-04:00,37.93000030517578,38.0,37.93000030517578,38.0,2292,0.0,0.0
2024-08-05 15:30:00-04:00,38.0,38.040000915527344,37.93000030517578,37.970001220703125,5082,0.0,0.0
2024-08-05 15:35:00-04:00,37.97999954223633,38.04999923706055,37.880001068115234,37.91999816894531,4280,0.0,0.0
2024-08-05 15:40:00-04:00,37.939998626708984,37.939998626708984,37.880001068115234,37.88999938964844,7773,0.0,0.0
2024-08-05 15:45:00-04:00,37.88999938964844,37.95000076293945,37.88999938964844,37.900001525878906,5610,0.0,0.0
2024-08-05 15:50:00-04:00,37.900001525878906,37.974998474121094,37.84000015258789,37.869998931884766,13926,0.0,0.0
2024-08-05 15:55:00-04:00,37.88999938964844,38.099998474121094,37.88999938964844,38.09000015258789,38382,0.0,0.0
2024-08-06 09:30:00-04:00,38.279998779296875,38.279998779296875,37.90999984741211,37.987998962402344,7339,0.0,0.0
2024-08-06 09:35:00-04:00,38.19490051269531,38.33000183105469,38.060001373291016,38.279998779296875,3261,0.0,0.0
2024-08-06 09:40:00-04:00,38.28499984741211,38.369998931884766,38.28499984741211,38.29999923706055,1023,0.0,0.0
2024-08-06 09:45:00-04:00,38.18000030517578,38.18000030517578,37.88999938964844,38.064998626708984,4014,0.0,0.0
2024-08-06 09:50:00-04:00,38.06999969482422,38.06999969482422,37.90999984741211,37.90999984741211,1822,0.0,0.0
2024-08-06 09:55:00-04:00,37.90999984741211,38.060001373291016,37.790000915527344,38.060001373291016,1735,0.0,0.0
2024-08-06 10:00:00-04:00,37.88999938964844,37.90999984741211,37.84000015258789,37.84000015258789,935,0.0,0.0
2024-08-06 10:05:00-04:00,37.810001373291016,37.91999816894531,37.79999923706055,37.91999816894531,1990,0.0,0.0
2024-08-06 10:10:00-04:00,37.900001525878906,37.939998626708984,37.900001525878906,37.939998626708984,2666,0.0,0.0
2024-08-06 10:15:00-04:00,37.939998626708984,38.0099983215332,37.939998626708984,38.0099983215332,2447,0.0,0.0
2024-08-06 10:20:00-04:00,38.09989929199219,38.09989929199219,37.95000076293945,38.048099517822266,2276,0.0,0.0
2024-08-06 10:25:00-04:00,38.09000015258789,38.20000076293945,38.06999969482422,38.084999084472656,3921,0.0,0.0
2024-08-06 10:30:00-04:00,38.084999084472656,38.13990020751953,38.084999084472656,38.13990020751953,1712,0.0,0.0
2024-08-06 10:35:00-04:00,38.040000915527344,38.08000183105469,37.970001220703125,37.970001220703125,2249,0.0,0.0
2024-08-06 10:40:00-04:00,38.005001068115234,38.04999923706055,37.959999084472656,38.04999923706055,2266,0.0,0.0
2024-08-06 10:45:00-04:00,38.099998474121094,38.11000061035156,38.099998474121094,38.11000061035156,933,0.0,0.0
2024-08-06 10:50:00-04:00,38.084999084472656,38.09000015258789,38.060001373291016,38.060001373291016,1001,0.0,0.0
2024-08-06 10:55:00-04:00,38.09000015258789,38.119998931884766,38.040000915527344,38.11989974975586,2890,0.0,0.0
2024-08-06 11:00:00-04:00,38.119998931884766,38.130001068115234,38.119998931884766,38.130001068115234,695,0.0,0.0
2024-08-06 11:05:00-04:00,38.119998931884766,38.119998931884766,38.089900970458984,38.089900970458984,1404,0.0,0.0
2024-08-06 11:10:00-04:00,38.03499984741211,38.03499984741211,38.02000045776367,38.02000045776367,1557,0.0,0.0
2024-08-06 11:15:00-04:00,38.02000045776367,38.060001373291016,37.959999084472656,37.970001220703125,2712,0.0,0.0
2024-08-06 11:20:00-04:00,37.88999938964844,37.900001525878906,37.79999923706055,37.79999923706055,2309,0.0,0.0
2024-08-06 11:25:00-04:00,37.849998474121094,37.95000076293945,37.849998474121094,37.95000076293945,2344,0.0,0.0
2024-08-06 11:30:00-04:00,37.959999084472656,37.959999084472656,37.95500183105469,37.95500183105469,734,0.0,0.0
2024-08-06 11:35:00-04:00,37.95500183105469,38.04999923706055,37.95500183105469,38.04999923706055,1519,0.0,0.0
2024-08-06 11:40:00-04:00,38.09000015258789,38.25,38.09000015258789,38.20000076293945,4315,0.0,0.0
2024-08-06 11:45:00-04:00,38.119998931884766,38.15999984741211,38.119998931884766,38.15999984741211,751,0.0,0.0
2024-08-06 11:50:00-04:00,38.130001068115234,38.20000076293945,38.130001068115234,38.1702995300293,799,0.0,0.0
2024-08-06 11:55:00-04:00,38.20000076293945,38.22999954223633,38.20000076293945,38.22999954223633,1191,0.0,0.0
2024-08-06 12:00:00-04:00,38.22999954223633,38.22999954223633,38.22999954223633,38.22999954223633,343,0.0,0.0
2024-08-06 12:05:00-04:00,38.2599983215332,38.32600021362305,38.16999816894531,38.189998626708984,7686,0.0,0.0
2024-08-06 12:10:00-04:00,38.17300033569336,38.22999954223633,38.17300033569336,38.20000076293945,1839,0.0,0.0
2024-08-06 12:15:00-04:00,38.20000076293945,38.220001220703125,38.13999938964844,38.13999938964844,2433,0.0,0.0
2024-08-06 12:20:00-04:00,38.16999816894531,38.16999816894531,38.16999816894531,38.16999816894531,100,0.0,0.0
2024-08-06 12:25:00-04:00,38.2598991394043,38.2598991394043,38.2598991394043,38.2598991394043,956,0.0,0.0
2024-08-06 12:30:00-04:00,38.20000076293945,38.20000076293945,38.20000076293945,38.20000076293945,147,0.0,0.0
2024-08-06 12:35:00-04:00,38.18000030517578,38.2400016784668,38.13999938964844,38.239898681640625,5146,0.0,0.0
2024-08-06 12:40:00-04:00,38.13999938964844,38.18000030517578,38.13999938964844,38.18000030517578,785,0.0,0.0
2024-08-06 12:45:00-04:00,38.220001220703125,38.220001220703125,38.06999969482422,38.06999969482422,3973,0.0,0.0
2024-08-06 12:50:00-04:00,38.08000183105469,38.08000183105469,38.0099983215332,38.0099983215332,4454,0.0,0.0
2024-08-06 12:55:00-04:00,38.06999969482422,38.11000061035156,38.06999969482422,38.11000061035156,1985,0.0,0.0
2024-08-06 13:00:00-04:00,38.119998931884766,38.119998931884766,38.10219955444336,38.11750030517578,1106,0.0,0.0
2024-08-06 13:05:00-04:00,38.119998931884766,38.224998474121094,38.099998474121094,38.224998474121094,2430,0.0,0.0
2024-08-06 13:10:00-04:00,38.33000183105469,38.33000183105469,38.279998779296875,38.314998626708984,1114,0.0,0.0
2024-08-06 13:15:00-04:00,38.35499954223633,38.38999938964844,38.35499954223633,38.3650016784668,657,0.0,0.0
2024-08-06 13:20:00-04:00,38.38999938964844,38.38999938964844,38.25,38.25,2802,0.0,0.0
2024-08-06 13:25:00-04:00,38.244998931884766,38.264801025390625,38.244998931884766,38.264801025390625,586,0.0,0.0
2024-08-06 13:30:00-04:00,38.2400016784668,38.29990005493164,38.2400016784668,38.290000915527344,1339,0.0,0.0
2024-08-06 13:35:00-04:00,38.29999923706055,38.369998931884766,38.290000915527344,38.36000061035156,2375,0.0,0.0
2024-08-06 13:40:00-04:00,38.349998474121094,38.38999938964844,38.34000015258789,38.38999938964844,861,0.0,0.0
2024-08-06 13:45:00-04:00,38.3650016784668,38.3650016784668,38.33000183105469,38.33000183105469,1389,0.0,0.0
2024-08-06 13:50:00-04:00,38.38990020751953,38.38999938964844,38.31999969482422,38.38999938964844,1639,0.0,0.0
2024-08-06 13:55:00-04:00,38.400001525878906,38.400001525878906,38.34000015258789,38.34000015258789,648,0.0,0.0
2024-08-06 14:00:00-04:00,38.349998474121094,38.400001525878906,38.349998474121094,38.380001068115234,5205,0.0,0.0
2024-08-06 14:05:00-04:00,38.279998779296875,38.32500076293945,38.279998779296875,38.32500076293945,1122,0.0,0.0
2024-08-06 14:10:00-04:00,38.31999969482422,38.369998931884766,38.31999969482422,38.369998931884766,1072,0.0,0.0
2024-08-06 14:20:00-04:00,38.380001068115234,38.39500045776367,38.36000061035156,38.39500045776367,1083,0.0,0.0
2024-08-06 14:25:00-04:00,38.43000030517578,38.43000030517578,38.43000030517578,38.43000030517578,990,0.0,0.0
2024-08-06 14:35:00-04:00,38.43000030517578,38.47999954223633,38.43000030517578,38.47999954223633,783,0.0,0.0
2024-08-06 14:40:00-04:00,38.470001220703125,38.4900016784668,38.45000076293945,38.45000076293945,2261,0.0,0.0
2024-08-06 14:45:00-04:00,38.40999984741211,38.435001373291016,38.400001525878906,38.435001373291016,1598,0.0,0.0
2024-08-06 14:50:00-04:00,38.439998626708984,38.439998626708984,38.40999984741211,38.40999984741211,614,0.0,0.0
2024-08-06 14:55:00-04:00,38.43000030517578,38.43000030517578,38.33000183105469,38.36000061035156,5424,0.0,0.0
2024-08-06 15:05:00-04:00,38.29999923706055,38.310001373291016,38.22999954223633,38.310001373291016,2444,0.0,0.0
2024-08-06 15:10:00-04:00,38.310001373291016,38.310001373291016,38.279998779296875,38.310001373291016,1291,0.0,0.0
2024-08-06 15:15:00-04:00,38.27000045776367,38.290000915527344,38.2400016784668,38.290000915527344,2896,0.0,0.0
2024-08-06 15:20:00-04:00,38.310001373291016,38.34000015258789,38.310001373291016,38.31999969482422,1894,0.0,0.0
2024-08-06 15:25:00-04:00,38.36000061035156,38.380001068115234,38.34000015258789,38.34000015258789,3207,0.0,0.0
2024-08-06 15:30:00-04:00,38.3650016784668,38.3650016784668,38.29999923706055,38.34000015258789,4610,0.0,0.0
2024-08-06 15:35:00-04:00,38.33000183105469,38.349998474121094,38.279998779296875,38.349998474121094,2996,0.0,0.0
2024-08-06 15:40:00-04:00,38.36940002441406,38.41999816894531,38.349998474121094,38.380001068115234,6491,0.0,0.0
2024-08-06 15:45:00-04:00,38.369998931884766,38.38999938964844,38.34000015258789,38.369998931884766,4518,0.0,0.0
2024-08-06 15:50:00-04:00,38.369998931884766,38.41999816894531,38.255001068115234,38.255001068115234,19225,0.0,0.0
2024-08-06 15:55:00-04:00,38.2599983215332,38.40999984741211,38.25,38.38999938964844,38300,0.0,0.0
2024-08-07 09:30:00-04:00,38.439998626708984,38.439998626708984,38.125,38.125,14353,0.0,0.0
2024-08-07 09:35:00-04:00,38.119998931884766,38.16999816894531,38.119998931884766,38.16999816894531,502,0.0,0.0
2024-08-07 09:40:00-04:00,38.349998474121094,38.349998474121094,38.349998474121094,38.349998474121094,398,0.0,0.0
2024-08-07 09:45:00-04:00,38.349998474121094,38.349998474121094,38.22999954223633,38.275001525878906,1584,0.0,0.0
2024-08-07 09:50:00-04:00,38.14500045776367,38.41999816894531,38.11000061035156,38.33000183105469,2474,0.0,0.0
2024-08-07 09:55:00-04:00,38.334999084472656,38.43000030517578,38.31999969482422,38.33000183105469,2919,0.0,0.0
2024-08-07 10:00:00-04:00,38.22999954223633,38.419898986816406,38.209999084472656,38.22999954223633,1153,0.0,0.0
2024-08-07 10:05:00-04:00,38.2400016784668,38.29999923706055,38.224998474121094,38.26169967651367,3120,0.0,0.0
2024-08-07 10:10:00-04:00,38.230098724365234,38.23500061035156,38.119998931884766,38.119998931884766,7129,0.0,0.0
2024-08-07 10:15:00-04:00,38.119998931884766,38.16999816894531,38.099998474121094,38.1349983215332,2608,0.0,0.0
2024-08-07 10:20:00-04:00,38.11000061035156,38.11000061035156,38.11000061035156,38.11000061035156,281,0.0,0.0
2024-08-07 10:25:00-04:00,38.040000915527344,38.04999923706055,37.939998626708984,38.04499816894531,4887,0.0,0.0
2024-08-07 10:30:00-04:00,38.11000061035156,38.11000061035156,38.02000045776367,38.02000045776367,1291,0.0,0.0
2024-08-07 10:35:00-04:00,38.04999923706055,38.099998474121094,38.04999923706055,38.04999923706055,1631,0.0,0.0
2024-08-07 10:40:00-04:00,38.119998931884766,38.119998931884766,38.1150016784668,38.1150016784668,601,0.0,0.0
2024-08-07 10:45:00-04:00,38.150001525878906,38.150001525878906,38.13999938964844,38.13999938964844,1173,0.0,0.0
2024-08-07 10:50:00-04:00,38.15999984741211,38.15999984741211,38.08000183105469,38.09000015258789,3105,0.0,0.0
2024-08-07 10:55:00-04:00,38.13999938964844,38.13999938964844,38.13999938964844,38.13999938964844,1233,0.0,0.0
2024-08-07 11:05:00-04:00,38.16999816894531,38.16999816894531,38.16999816894531,38.16999816894531,682,0.0,0.0
2024-08-07 11:10:00-04:00,38.119998931884766,38.20000076293945,38.119998931884766,38.150001525878906,4687,0.0,0.0
2024-08-07 11:15:00-04:00,38.119998931884766,38.119998931884766,38.119998931884766,38.119998931884766,1225,0.0,0.0
2024-08-07 11:20:00-04:00,38.132999420166016,38.132999420166016,38.130001068115234,38.130001068115234,1205,0.0,0.0
2024-08-07 11:25:00-04:00,38.150001525878906,38.18000030517578,38.150001525878906,38.18000030517578,1197,0.0,0.0
2024-08-07 11:30:00-04:00,38.220001220703125,38.25,38.220001220703125,38.22999954223633,571,0.0,0.0
2024-08-07 11:35:00-04:00,38.220001220703125,38.220001220703125,38.220001220703125,38.220001220703125,177,0.0,0.0
2024-08-07 11:40:00-04:00,38.209999084472656,38.209999084472656,38.15999984741211,38.15999984741211,3431,0.0,0.0
2024-08-07 11:45:00-04:00,38.130001068115234,38.130001068115234,38.130001068115234,38.130001068115234,144,0.0,0.0
2024-08-07 11:50:00-04:00,38.1349983215332,38.1349983215332,38.1349983215332,38.1349983215332,488,0.0,0.0
2024-08-07 11:55:00-04:00,38.130001068115234,38.14500045776367,38.130001068115234,38.14500045776367,350,0.0,0.0
2024-08-07 12:00:00-04:00,38.119998931884766,38.119998931884766,38.09000015258789,38.11000061035156,1615,0.0,0.0
2024-08-07 12:05:00-04:00,38.08000183105469,38.24489974975586,38.08000183105469,38.24489974975586,5268,0.0,0.0
2024-08-07 12:20:00-04:00,38.223899841308594,38.223899841308594,38.07500076293945,38.07500076293945,2418,0.0,0.0
2024-08-07 12:25:00-04:00,38.130001068115234,38.150001525878906,38.09000015258789,38.11000061035156,2108,0.0,0.0
2024-08-07 12:30:00-04:00,38.21989822387695,38.21989822387695,38.21989822387695,38.21989822387695,260,0.0,0.0
2024-08-07 12:35:00-04:00,38.20600128173828,38.20600128173828,38.099998474121094,38.099998474121094,8437,0.0,0.0
2024-08-07 12:40:00-04:00,38.06999969482422,38.099998474121094,37.9900016784668,38.0099983215332,4598,0.0,0.0
2024-08-07 12:45:00-04:00,38.02000045776367,38.02000045776367,37.900001525878906,37.900001525878906,1820,0.0,0.0
2024-08-07 12:50:00-04:00,37.90999984741211,38.0,37.869998931884766,37.869998931884766,3043,0.0,0.0
2024-08-07 12:55:00-04:00,37.93000030517578,37.93000030517578,37.869998931884766,37.869998931884766,387,0.0,0.0
2024-08-07 13:00:00-04:00,37.880001068115234,37.93000030517578,37.880001068115234,37.92359924316406,1065,0.0,0.0
2024-08-07 13:05:00-04:00,37.86000061035156,37.86000061035156,37.81999969482422,37.81999969482422,1483,0.0,0.0
2024-08-07 13:10:00-04:00,37.814998626708984,37.880001068115234,37.814998626708984,37.849998474121094,2684,0.0,0.0
2024-08-07 13:15:00-04:00,37.851200103759766,37.869998931884766,37.851200103759766,37.869998931884766,918,0.0,0.0
2024-08-07 13:20:00-04:00,37.86000061035156,37.880001068115234,37.86000061035156,37.880001068115234,1391,0.0,0.0
2024-08-07 13:25:00-04:00,37.900001525878906,37.915000915527344,37.880001068115234,37.88529968261719,1999,0.0,0.0
2024-08-07 13:30:00-04:00,37.89500045776367,37.95000076293945,37.89500045776367,37.939998626708984,2279,0.0,0.0
2024-08-07 13:35:00-04:00,37.94499969482422,38.0,37.94499969482422,37.98500061035156,2071,0.0,0.0
2024-08-07 13:40:00-04:00,38.0088005065918,38.0088005065918,37.95000076293945,37.95009994506836,2355,0.0,0.0
2024-08-07 13:45:00-04:00,37.95000076293945,37.974998474121094,37.91999816894531,37.91999816894531,1690,0.0,0.0
2024-08-07 13:50:00-04:00,37.90999984741211,37.90999984741211,37.90999984741211,37.90999984741211,558,0.0,0.0
2024-08-07 13:55:00-04:00,37.900001525878906,37.900001525878906,37.834999084472656,37.84000015258789,2762,0.0,0.0
2024-08-07 14:00:00-04:00,37.88999938964844,37.88999938964844,37.869998931884766,37.880001068115234,543,0.0,0.0
2024-08-07 14:05:00-04:00,37.869998931884766,37.91999816894531,37.869998931884766,37.91999816894531,1913,0.0,0.0
2024-08-07 14:10:00-04:00,37.880001068115234,37.880001068115234,37.869998931884766,37.869998931884766,443,0.0,0.0
2024-08-07 14:15:00-04:00,37.810001373291016,37.88999938964844,37.810001373291016,37.88999938964844,2278,0.0,0.0
2024-08-07 14:20:00-04:00,37.8650016784668,37.8650016784668,37.75,37.75,3405,0.0,0.0
2024-08-07 14:25:00-04:00,37.75,37.810001373291016,37.75,37.78499984741211,2046,0.0,0.0
2024-08-07 14:30:00-04:00,37.77399826049805,37.77399826049805,37.7599983215332,37.7599983215332,665,0.0,0.0
2024-08-07 14:35:00-04:00,37.79999923706055,37.79999923706055,37.7599983215332,37.77299880981445,1906,0.0,0.0
2024-08-07 14:40:00-04:00,37.77000045776367,37.790000915527344,37.720001220703125,37.720001220703125,3425,0.0,0.0
2024-08-07 14:45:00-04:00,37.72999954223633,37.74300003051758,37.66999816894531,37.68000030517578,4251,0.0,0.0
2024-08-07 14:50:00-04:00,37.709999084472656,37.709999084472656,37.58000183105469,37.599998474121094,4574,0.0,0.0
2024-08-07 14:55:00-04:00,37.595001220703125,37.619998931884766,37.5900993347168,37.5900993347168,913,0.0,0.0
2024-08-07 15:00:00-04:00,37.619998931884766,37.6781005859375,37.61000061035156,37.6781005859375,2091,0.0,0.0
2024-08-07 15:05:00-04:00,37.6952018737793,37.6952018737793,37.6150016784668,37.6150016784668,4511,0.0,0.0
2024-08-07 15:10:00-04:00,37.599998474121094,37.650001525878906,37.599998474121094,37.6150016784668,5103,0.0,0.0
2024-08-07 15:15:00-04:00,37.619998931884766,37.65999984741211,37.619998931884766,37.65999984741211,2163,0.0,0.0
2024-08-07 15:20:00-04:00,37.65999984741211,37.70989990234375,37.650001525878906,37.67369842529297,4890,0.0,0.0
2024-08-07 15:25:00-04:00,37.68000030517578,37.7400016784668,37.68000030517578,37.7400016784668,2183,0.0,0.0
2024-08-07 15:30:00-04:00,37.720001220703125,37.790000915527344,37.720001220703125,37.790000915527344,3207,0.0,0.0
2024-08-07 15:35:00-04:00,37.790000915527344,37.84000015258789,37.72999954223633,37.7400016784668,10676,0.0,0.0
2024-08-07 15:40:00-04:00,37.709999084472656,37.81999969482422,37.709999084472656,37.80500030517578,5081,0.0,0.0
2024-08-07 15:45:00-04:00,37.81999969482422,37.869998931884766,37.810001373291016,37.869998931884766,3912,0.0,0.0
2024-08-07 15:50:00-04:00,37.849998474121094,37.869998931884766,37.775001525878906,37.79999923706055,7749,0.0,0.0
2024-08-07 15:55:00-04:00,37.79999923706055,37.939998626708984,37.79999923706055,37.90999984741211,41518,0.0,0.0
2024-08-08 09:30:00-04:00,38.15999984741211,38.23460006713867,38.02000045776367,38.025001525878906,2672,0.0,0.0
2024-08-08 09:40:00-04:00,38.2218017578125,38.2218017578125,38.150001525878906,38.150001525878906,575,0.0,0.0
2024-08-08 09:45:00-04:00,38.04499816894531,38.189998626708984,38.04499816894531,38.189998626708984,533,0.0,0.0
2024-08-08 09:50:00-04:00,38.09000015258789,38.16999816894531,37.9900016784668,38.0,1554,0.0,0.0
2024-08-08 09:55:00-04:00,38.095001220703125,38.095001220703125,38.0442008972168,38.087100982666016,896,0.0,0.0
2024-08-08 10:00:00-04:00,38.09989929199219,38.119998931884766,38.09989929199219,38.119998931884766,1201,0.0,0.0
2024-08-08 10:05:00-04:00,38.040000915527344,38.040000915527344,38.0,38.0,501,0.0,0.0
2024-08-08 10:10:00-04:00,38.06999969482422,38.06999969482422,38.06999969482422,38.06999969482422,112,0.0,0.0
2024-08-08 10:15:00-04:00,38.06999969482422,38.10499954223633,38.05509948730469,38.05509948730469,1051,0.0,0.0
2024-08-08 10:20:00-04:00,38.099998474121094,38.290000915527344,38.099998474121094,38.290000915527344,1606,0.0,0.0
2024-08-08 10:30:00-04:00,38.34000015258789,38.34000015258789,38.275001525878906,38.275001525878906,718,0.0,0.0
2024-08-08 10:35:00-04:00,38.279998779296875,38.279998779296875,38.279998779296875,38.279998779296875,288,0.0,0.0
2024-08-08 10:40:00-04:00,38.29999923706055,38.352500915527344,38.20009994506836,38.310001373291016,4260,0.0,0.0
2024-08-08 10:45:00-04:00,38.295501708984375,38.36000061035156,38.295501708984375,38.36000061035156,1697,0.0,0.0
2024-08-08 10:50:00-04:00,38.33000183105469,38.33000183105469,38.290000915527344,38.290000915527344,759,0.0,0.0
2024-08-08 10:55:00-04:00,38.339900970458984,38.339900970458984,38.339900970458984,38.339900970458984,749,0.0,0.0
2024-08-08 11:00:00-04:00,38.290000915527344,38.290000915527344,38.22999954223633,38.22999954223633,1276,0.0,0.0
2024-08-08 11:05:00-04:00,38.290000915527344,38.290000915527344,38.290000915527344,38.290000915527344,112,0.0,0.0
2024-08-08 11:10:00-04:00,38.29999923706055,38.31999969482422,38.16999816894531,38.16999816894531,3410,0.0,0.0
2024-08-08 11:15:00-04:00,38.09000015258789,38.09000015258789,38.060001373291016,38.060001373291016,459,0.0,0.0
2024-08-08 11:20:00-04:00,38.064998626708984,38.064998626708984,38.064998626708984,38.064998626708984,220,0.0,0.0
2024-08-08 11:25:00-04:00,38.04999923706055,38.09000015258789,38.04999923706055,38.09000015258789,568,0.0,0.0
2024-08-08 11:30:00-04:00,38.055599212646484,38.060001373291016,38.0099983215332,38.0099983215332,1082,0.0,0.0
2024-08-08 11:35:00-04:00,37.9900016784668,37.994998931884766,37.959999084472656,37.994998931884766,1003,0.0,0.0
2024-08-08 11:40:00-04:00,37.994998931884766,38.06999969482422,37.994998931884766,38.040000915527344,1911,0.0,0.0
2024-08-08 11:50:00-04:00,38.025001525878906,38.060001373291016,38.025001525878906,38.060001373291016,1221,0.0,0.0
2024-08-08 11:55:00-04:00,38.029998779296875,38.029998779296875,38.02000045776367,38.02000045776367,1541,0.0,0.0
2024-08-08 12:00:00-04:00,38.040000915527344,38.04999923706055,38.040000915527344,38.040000915527344,983,0.0,0.0
2024-08-08 12:05:00-04:00,38.09000015258789,38.09000015258789,38.029998779296875,38.029998779296875,1311,0.0,0.0
2024-08-08 12:10:00-04:00,38.029998779296875,38.029998779296875,38.029998779296875,38.029998779296875,324,0.0,0.0
2024-08-08 12:15:00-04:00,38.02000045776367,38.02000045776367,37.917701721191406,37.95249938964844,3109,0.0,0.0
2024-08-08 12:20:00-04:00,37.94499969482422,37.94499969482422,37.88999938964844,37.88999938964844,533,0.0,0.0
2024-08-08 12:25:00-04:00,37.935001373291016,37.970001220703125,37.90999984741211,37.935001373291016,2503,0.0,0.0
2024-08-08 12:30:00-04:00,37.959999084472656,37.9630012512207,37.939998626708984,37.94499969482422,1656,0.0,0.0
2024-08-08 12:35:00-04:00,37.91999816894531,37.91999816894531,37.86000061035156,37.86000061035156,1267,0.0,0.0
2024-08-08 12:40:00-04:00,37.93000030517578,37.93000030517578,37.89500045776367,37.89500045776367,828,0.0,0.0
2024-08-08 12:45:00-04:00,37.93000030517578,37.95000076293945,37.91999816894531,37.95000076293945,2136,0.0,0.0
2024-08-08 12:50:00-04:00,37.939998626708984,37.95000076293945,37.91999816894531,37.939998626708984,1353,0.0,0.0
2024-08-08 12:55:00-04:00,37.939998626708984,37.95000076293945,37.939998626708984,37.95000076293945,405,0.0,0.0
2024-08-08 13:00:00-04:00,37.95000076293945,37.95000076293945,37.900001525878906,37.939998626708984,3823,0.0,0.0
2024-08-08 13:05:00-04:00,37.959999084472656,37.959999084472656,37.93000030517578,37.93000030517578,617,0.0,0.0
2024-08-08 13:10:00-04:00,37.954498291015625,37.970001220703125,37.949501037597656,37.95750045776367,2368,0.0,0.0
2024-08-08 13:15:00-04:00,37.97999954223633,38.0,37.97999954223633,38.0,1010,0.0,0.0
2024-08-08 13:20:00-04:00,38.0,38.04999923706055,38.0,38.04999923706055,741,0.0,0.0
2024-08-08 13:25:00-04:00,38.0525016784668,38.08000183105469,38.0525016784668,38.08000183105469,576,0.0,0.0
2024-08-08 13:30:00-04:00,38.08000183105469,38.130001068115234,38.08000183105469,38.11000061035156,2520,0.0,0.0
2024-08-08 13:35:00-04:00,38.10499954223633,38.10499954223633,38.06999969482422,38.09000015258789,1834,0.0,0.0
2024-08-08 13:40:00-04:00,38.16680145263672,38.16680145263672,38.165000915527344,38.165000915527344,496,0.0,0.0
2024-08-08 13:45:00-04:00,38.128700256347656,38.209999084472656,38.128700256347656,38.209999084472656,1329,0.0,0.0
2024-08-08 13:50:00-04:00,38.20000076293945,38.2400016784668,38.20000076293945,38.2400016784668,1672,0.0,0.0
2024-08-08 13:55:00-04:00,38.255001068115234,38.32500076293945,38.25,38.29999923706055,5631,0.0,0.0
2024-08-08 14:05:00-04:00,38.34000015258789,38.380001068115234,38.310001373291016,38.310001373291016,784,0.0,0.0
2024-08-08 14:10:00-04:00,38.345001220703125,38.345001220703125,38.345001220703125,38.345001220703125,574,0.0,0.0
2024-08-08 14:15:00-04:00,38.380001068115234,38.380001068115234,38.380001068115234,38.380001068115234,831,0.0,0.0
2024-08-08 14:25:00-04:00,38.369998931884766,38.369998931884766,38.290000915527344,38.290000915527344,2315,0.0,0.0
2024-08-08 14:30:00-04:00,38.279998779296875,38.33000183105469,38.2599983215332,38.2599983215332,10145,0.0,0.0
2024-08-08 14:35:00-04:00,38.255001068115234,38.255001068115234,38.255001068115234,38.255001068115234,329,0.0,0.0
2024-08-08 14:40:00-04:00,38.2599983215332,38.2599983215332,38.220001220703125,38.220001220703125,793,0.0,0.0
2024-08-08 14:45:00-04:00,38.29999923706055,38.34000015258789,38.29999923706055,38.310001373291016,2526,0.0,0.0
2024-08-08 14:50:00-04:00,38.31999969482422,38.33000183105469,38.310001373291016,38.32099914550781,983,0.0,0.0
2024-08-08 14:55:00-04:00,38.33000183105469,38.34000015258789,38.279998779296875,38.279998779296875,1050,0.0,0.0
2024-08-08 15:00:00-04:00,38.310001373291016,38.310001373291016,38.279998779296875,38.29499816894531,1577,0.0,0.0
2024-08-08 15:05:00-04:00,38.29999923706055,38.31999969482422,38.29999923706055,38.31999969482422,1071,0.0,0.0
2024-08-08 15:10:00-04:00,38.33000183105469,38.33000183105469,38.279998779296875,38.279998779296875,3265,0.0,0.0
2024-08-08 15:15:00-04:00,38.33000183105469,38.34000015258789,38.29999923706055,38.306800842285156,2556,0.0,0.0
2024-08-08 15:20:00-04:00,38.290000915527344,38.31999969482422,38.2599983215332,38.2599983215332,2625,0.0,0.0
2024-08-08 15:25:00-04:00,38.22999954223633,38.22999954223633,38.189998626708984,38.209999084472656,2355,0.0,0.0
2024-08-08 15:30:00-04:00,38.20500183105469,38.20500183105469,38.189998626708984,38.20000076293945,1988,0.0,0.0
2024-08-08 15:35:00-04:00,38.150001525878906,38.16999816894531,38.13999938964844,38.13999938964844,1633,0.0,0.0
2024-08-08 15:40:00-04:00,38.165000915527344,38.165000915527344,38.119998931884766,38.150001525878906,5037,0.0,0.0
2024-08-08 15:45:00-04:00,38.150001525878906,38.18000030517578,38.130001068115234,38.18000030517578,5729,0.0,0.0
2024-08-08 15:50:00-04:00,38.18000030517578,38.224998474121094,38.06999969482422,38.13999938964844,22305,0.0,0.0
2024-08-08 15:55:00-04:00,38.15999984741211,38.220001220703125,38.099998474121094,38.220001220703125,22016,0.0,0.0
2024-08-09 09:30:00-04:00,38.20000076293945,38.20000076293945,37.90999984741211,37.90999984741211,5307,0.0,0.0
2024-08-09 09:40:00-04:00,37.814998626708984,37.814998626708984,37.80500030517578,37.80500030517578,372,0.0,0.0
2024-08-09 09:45:00-04:00,37.81999969482422,37.90999984741211,37.72010040283203,37.72010040283203,3391,0.0,0.0
2024-08-09 09:50:00-04:00,37.91579818725586,37.93000030517578,37.91579818725586,37.93000030517578,603,0.0,0.0
2024-08-09 09:55:00-04:00,37.91999816894531,37.91999816894531,37.91999816894531,37.91999816894531,177,0.0,0.0
2024-08-09 10:00:00-04:00,37.939998626708984,37.939998626708984,37.88999938964844,37.88999938964844,1980,0.0,0.0
2024-08-09 10:10:00-04:00,37.81999969482422,37.81999969482422,37.7400016784668,37.775001525878906,973,0.0,0.0
2024-08-09 10:15:00-04:00,37.72999954223633,37.79999923706055,37.709999084472656,37.77750015258789,3218,0.0,0.0
2024-08-09 10:20:00-04:00,37.83000183105469,37.83000183105469,37.81999969482422,37.83000183105469,664,0.0,0.0
2024-08-09 10:25:00-04:00,37.81999969482422,37.81999969482422,37.81999969482422,37.81999969482422,387,0.0,0.0
2024-08-09 10:30:00-04:00,37.821998596191406,37.869998931884766,37.814998626708984,37.869998931884766,684,0.0,0.0
2024-08-09 10:35:00-04:00,37.90999984741211,37.90999984741211,37.90999984741211,37.90999984741211,448,0.0,0.0
2024-08-09 10:40:00-04:00,37.93000030517578,37.970001220703125,37.849998474121094,37.849998474121094,1849,0.0,0.0
2024-08-09 10:45:00-04:00,37.814998626708984,37.814998626708984,37.77000045776367,37.77000045776367,1859,0.0,0.0
2024-08-09 10:50:00-04:00,37.79999923706055,37.81999969482422,37.79999923706055,37.81999969482422,533,0.0,0.0
2024-08-09 10:55:00-04:00,37.810001373291016,37.810001373291016,37.810001373291016,37.810001373291016,830,0.0,0.0
2024-08-09 11:05:00-04:00,37.79999923706055,37.880001068115234,37.790000915527344,37.880001068115234,2122,0.0,0.0
2024-08-09 11:10:00-04:00,37.88999938964844,37.88999938964844,37.880001068115234,37.880001068115234,636,0.0,0.0
2024-08-09 11:20:00-04:00,37.880001068115234,37.880001068115234,37.880001068115234,37.880001068115234,425,0.0,0.0
2024-08-09 11:25:00-04:00,37.89500045776367,37.904998779296875,37.89500045776367,37.904998779296875,838,0.0,0.0
2024-08-09 11:30:00-04:00,37.91999816894531,37.91999816894531,37.86000061035156,37.88999938964844,4715,0.0,0.0
2024-08-09 11:35:00-04:00,37.88999938964844,37.88999938964844,37.86000061035156,37.869998931884766,1843,0.0,0.0
2024-08-09 11:40:00-04:00,37.885799407958984,37.91999816894531,37.86000061035156,37.91999816894531,1431,0.0,0.0
2024-08-09 11:45:00-04:00,37.880001068115234,37.880001068115234,37.880001068115234,37.880001068115234,644,0.0,0.0
2024-08-09 11:55:00-04:00,37.959999084472656,38.0,37.95000076293945,38.0,6051,0.0,0.0
2024-08-09 12:00:00-04:00,38.0,38.0,37.970001220703125,37.970001220703125,1330,0.0,0.0
2024-08-09 12:05:00-04:00,37.970001220703125,37.97999954223633,37.970001220703125,37.97999954223633,705,0.0,0.0
2024-08-09 12:10:00-04:00,37.970001220703125,37.9900016784668,37.95000076293945,37.9900016784668,1853,0.0,0.0
2024-08-09 12:15:00-04:00,37.98500061035156,37.98500061035156,37.98500061035156,37.98500061035156,727,0.0,0.0
2024-08-09 12:20:00-04:00,37.982200622558594,37.982200622558594,37.982200622558594,37.982200622558594,192,0.0,0.0
2024-08-09 12:25:00-04:00,38.0098991394043,38.02000045776367,38.00299835205078,38.00299835205078,1400,0.0,0.0
2024-08-09 12:30:00-04:00,38.029998779296875,38.059898376464844,38.028099060058594,38.028099060058594,2914,0.0,0.0
2024-08-09 12:35:00-04:00,38.01850128173828,38.01850128173828,38.0099983215332,38.0099983215332,2018,0.0,0.0
2024-08-09 12:40:00-04:00,38.029998779296875,38.04999923706055,38.029998779296875,38.04999923706055,863,0.0,0.0
2024-08-09 12:45:00-04:00,38.08000183105469,38.08000183105469,38.08000183105469,38.08000183105469,135,0.0,0.0
2024-08-09 12:50:00-04:00,38.06999969482422,38.06999969482422,38.06999969482422,38.06999969482422,509,0.0,0.0
2024-08-09 13:00:00-04:00,38.09000015258789,38.09000015258789,38.09000015258789,38.09000015258789,674,0.0,0.0
2024-08-09 13:05:00-04:00,38.090999603271484,38.090999603271484,38.090999603271484,38.090999603271484,554,0.0,0.0
2024-08-09 13:10:00-04:00,38.11000061035156,38.11000061035156,38.11000061035156,38.11000061035156,302,0.0,0.0
2024-08-09 13:15:00-04:00,38.125,38.125,38.125,38.125,318,0.0,0.0
2024-08-09 13:20:00-04:00,38.13999938964844,38.13999938964844,38.08000183105469,38.084999084472656,1606,0.0,0.0
2024-08-09 13:25:00-04:00,38.084999084472656,38.119998931884766,38.084999084472656,38.119998931884766,1549,0.0,0.0
2024-08-09 13:30:00-04:00,38.153900146484375,38.153900146484375,38.125,38.125,798,0.0,0.0
2024-08-09 13:35:00-04:00,38.14500045776367,38.14500045776367,38.11000061035156,38.11000061035156,1168,0.0,0.0
2024-08-09 13:40:00-04:00,38.11000061035156,38.11000061035156,38.02000045776367,38.02000045776367,1968,0.0,0.0
2024-08-09 13:45:00-04:00,37.97050094604492,37.97050094604492,37.970001220703125,37.970001220703125,478,0.0,0.0
2024-08-09 13:50:00-04:00,37.97999954223633,37.97999954223633,37.970001220703125,37.970001220703125,1254,0.0,0.0
2024-08-09 13:55:00-04:00,37.959999084472656,38.0098991394043,37.959999084472656,37.997501373291016,2928,0.0,0.0
2024-08-09 14:00:00-04:00,37.98500061035156,37.98500061035156,37.939998626708984,37.939998626708984,1378,0.0,0.0
2024-08-09 14:05:00-04:00,37.939998626708984,37.939998626708984,37.939998626708984,37.939998626708984,840,0.0,0.0
2024-08-09 14:10:00-04:00,37.959999084472656,37.97990036010742,37.93000030517578,37.93000030517578,1114,0.0,0.0
2024-08-09 14:15:00-04:00,37.93000030517578,37.93000030517578,37.93000030517578,37.93000030517578,1140,0.0,0.0
2024-08-09 14:20:00-04:00,37.915000915527344,37.915000915527344,37.915000915527344,37.915000915527344,1286,0.0,0.0
2024-08-09 14:30:00-04:00,37.900001525878906,37.90999984741211,37.88999938964844,37.90999984741211,2759,0.0,0.0
2024-08-09 14:35:00-04:00,37.90999984741211,37.90999984741211,37.90999984741211,37.90999984741211,230,0.0,0.0
2024-08-09 14:40:00-04:00,37.93920135498047,37.9900016784668,37.93920135498047,37.9900016784668,1101,0.0,0.0
2024-08-09 14:45:00-04:00,37.9900016784668,38.01499938964844,37.9900016784668,38.01499938964844,1767,0.0,0.0
2024-08-09 14:55:00-04:00,38.02000045776367,38.02000045776367,38.00960159301758,38.02000045776367,992,0.0,0.0
2024-08-09 15:00:00-04:00,38.060001373291016,38.060001373291016,38.060001373291016,38.060001373291016,1264,0.0,0.0
2024-08-09 15:05:00-04:00,38.03499984741211,38.03499984741211,38.02000045776367,38.02000045776367,1591,0.0,0.0
2024-08-09 15:15:00-04:00,38.0343017578125,38.0343017578125,38.0343017578125,38.0343017578125,846,0.0,0.0
2024-08-09 15:20:00-04:00,38.01599884033203,38.029998779296875,38.01599884033203,38.029998779296875,1635,0.0,0.0
2024-08-09 15:25:00-04:00,38.06999969482422,38.13999938964844,38.06999969482422,38.10499954223633,2572,0.0,0.0
2024-08-09 15:30:00-04:00,38.099998474121094,38.104400634765625,38.09000015258789,38.104400634765625,3704,0.0,0.0
2024-08-09 15:35:00-04:00,38.099998474121094,38.119998931884766,38.099998474121094,38.119998931884766,2038,0.0,0.0
2024-08-09 15:40:00-04:00,38.125,38.13999938964844,38.11000061035156,38.130001068115234,2566,0.0,0.0
2024-08-09 15:45:00-04:00,38.13999938964844,38.220001220703125,38.13999938964844,38.220001220703125,6145,0.0,0.0
2024-08-09 15:50:00-04:00,38.22999954223633,38.2932014465332,38.15999984741211,38.15999984741211,10029,0.0,0.0
2024-08-09 15:55:00-04:00,38.189998626708984,38.290000915527344,38.18000030517578,38.279998779296875,32444,0.0,0.0
2024-08-12 09:30:00-04:00,38.11000061035156,38.11000061035156,38.11000061035156,38.11000061035156,2693,0.0,0.0
2024-08-12 09:35:00-04:00,38.0,38.0,38.0,38.0,573,0.0,0.0
2024-08-12 09:50:00-04:00,38.0,38.099998474121094,38.0,38.099998474121094,1041,0.0,0.0
2024-08-12 10:05:00-04:00,37.97999954223633,38.02000045776367,37.97999954223633,38.02000045776367,1075,0.0,0.0
2024-08-12 10:15:00-04:00,37.939998626708984,37.939998626708984,37.880001068115234,37.880001068115234,2848,0.0,0.0
2024-08-12 10:20:00-04:00,37.77000045776367,37.810001373291016,37.75,37.810001373291016,1399,0.0,0.0
2024-08-12 10:25:00-04:00,37.81999969482422,37.845001220703125,37.816200256347656,37.845001220703125,3164,0.0,0.0
2024-08-12 10:30:00-04:00,37.845001220703125,37.86000061035156,37.75680160522461,37.75680160522461,1923,0.0,0.0
2024-08-12 10:35:00-04:00,37.80500030517578,37.80500030517578,37.80500030517578,37.80500030517578,160,0.0,0.0
2024-08-12 10:40:00-04:00,37.77000045776367,37.77000045776367,37.77000045776367,37.77000045776367,251,0.0,0.0
2024-08-12 10:45:00-04:00,37.79999923706055,37.87990188598633,37.7400016784668,37.79999923706055,5008,0.0,0.0
2024-08-12 10:55:00-04:00,37.78969955444336,37.83000183105469,37.78969955444336,37.83000183105469,1362,0.0,0.0
2024-08-12 11:00:00-04:00,37.88990020751953,37.88990020751953,37.720001220703125,37.720001220703125,2440,0.0,0.0
2024-08-12 11:05:00-04:00,37.66999816894531,37.709999084472656,37.66999816894531,37.70000076293945,1579,0.0,0.0
2024-08-12 11:10:00-04:00,37.720001220703125,37.769901275634766,37.71500015258789,37.71500015258789,1106,0.0,0.0
2024-08-12 11:15:00-04:00,37.66999816894531,37.66999816894531,37.59000015258789,37.599998474121094,12364,0.0,0.0
2024-08-12 11:20:00-04:00,37.66999816894531,37.689998626708984,37.619998931884766,37.650001525878906,1251,0.0,0.0
2024-08-12 11:25:00-04:00,37.65999984741211,37.65999984741211,37.65999984741211,37.65999984741211,104,0.0,0.0
2024-08-12 11:30:00-04:00,37.630001068115234,37.630001068115234,37.630001068115234,37.630001068115234,436,0.0,0.0
2024-08-12 11:35:00-04:00,37.650001525878906,37.650001525878906,37.630001068115234,37.630001068115234,836,0.0,0.0
2024-08-12 11:40:00-04:00,37.619998931884766,37.619998931884766,37.52000045776367,37.52000045776367,2144,0.0,0.0
2024-08-12 11:45:00-04:00,37.5099983215332,37.5099983215332,37.40999984741211,37.470001220703125,4006,0.0,0.0
2024-08-12 11:50:00-04:00,37.52000045776367,37.540000915527344,37.52000045776367,37.540000915527344,933,0.0,0.0
2024-08-12 11:55:00-04:00,37.52000045776367,37.54999923706055,37.52000045776367,37.54999923706055,3014,0.0,0.0
2024-08-12 12:00:00-04:00,37.58000183105469,37.619998931884766,37.58000183105469,37.619998931884766,1371,0.0,0.0
2024-08-12 12:10:00-04:00,37.619998931884766,37.65999984741211,37.599998474121094,37.599998474121094,1865,0.0,0.0
2024-08-12 12:15:00-04:00,37.65079879760742,37.665000915527344,37.650001525878906,37.654998779296875,1512,0.0,0.0
2024-08-12 12:20:00-04:00,37.61000061035156,37.61000061035156,37.59000015258789,37.59000015258789,3123,0.0,0.0
2024-08-12 12:25:00-04:00,37.560001373291016,37.560001373291016,37.560001373291016,37.560001373291016,793,0.0,0.0
2024-08-12 12:30:00-04:00,37.595001220703125,37.595001220703125,37.595001220703125,37.595001220703125,312,0.0,0.0
2024-08-12 12:35:00-04:00,37.59000015258789,37.59000015258789,37.54999923706055,37.54999923706055,1230,0.0,0.0
2024-08-12 12:45:00-04:00,37.61000061035156,37.619998931884766,37.61000061035156,37.619998931884766,1417,0.0,0.0
2024-08-12 12:50:00-04:00,37.61000061035156,37.61000061035156,37.59000015258789,37.59000015258789,409,0.0,0.0
2024-08-12 12:55:00-04:00,37.619998931884766,37.630001068115234,37.619998931884766,37.630001068115234,1529,0.0,0.0
2024-08-12 13:00:00-04:00,37.599998474121094,37.61000061035156,37.54999923706055,37.61000061035156,7099,0.0,0.0
2024-08-12 13:05:00-04:00,37.560001373291016,37.599998474121094,37.560001373291016,37.599998474121094,828,0.0,0.0
2024-08-12 13:10:00-04:00,37.619998931884766,37.630001068115234,37.619998931884766,37.630001068115234,988,0.0,0.0
2024-08-12 13:15:00-04:00,37.619998931884766,37.630001068115234,37.619998931884766,37.630001068115234,264,0.0,0.0
2024-08-12 13:20:00-04:00,37.630001068115234,37.63800048828125,37.619998931884766,37.625,1477,0.0,0.0
2024-08-12 13:25:00-04:00,37.619998931884766,37.630001068115234,37.619998931884766,37.630001068115234,798,0.0,0.0
2024-08-12 13:30:00-04:00,37.63999938964844,37.66999816894531,37.630001068115234,37.63999938964844,2630,0.0,0.0
2024-08-12 13:35:00-04:00,37.66999816894531,37.66999816894531,37.66999816894531,37.66999816894531,389,0.0,0.0
2024-08-12 13:40:00-04:00,37.679500579833984,37.679500579833984,37.59000015258789,37.61000061035156,4987,0.0,0.0
2024-08-12 13:45:00-04:00,37.599998474121094,37.599998474121094,37.58000183105469,37.58000183105469,970,0.0,0.0
2024-08-12 13:50:00-04:00,37.540000915527344,37.599998474121094,37.52000045776367,37.59000015258789,5324,0.0,0.0
2024-08-12 13:55:00-04:00,37.57600021362305,37.57600021362305,37.57600021362305,37.57600021362305,262,0.0,0.0
2024-08-12 14:00:00-04:00,37.59989929199219,37.630001068115234,37.58000183105469,37.599998474121094,4723,0.0,0.0
2024-08-12 14:10:00-04:00,37.619998931884766,37.70000076293945,37.619998931884766,37.66999816894531,2730,0.0,0.0
2024-08-12 14:30:00-04:00,37.75,37.75,37.75,37.75,836,0.0,0.0
2024-08-12 14:40:00-04:00,37.76499938964844,37.76499938964844,37.7400016784668,37.7400016784668,665,0.0,0.0
2024-08-12 14:45:00-04:00,37.79999923706055,37.79999923706055,37.79999923706055,37.79999923706055,267,0.0,0.0
2024-08-12 14:50:00-04:00,37.810001373291016,37.86000061035156,37.810001373291016,37.84000015258789,4943,0.0,0.0
2024-08-12 14:55:00-04:00,37.83000183105469,37.849998474121094,37.83000183105469,37.849998474121094,492,0.0,0.0
2024-08-12 15:00:00-04:00,37.869998931884766,37.869998931884766,37.869998931884766,37.869998931884766,462,0.0,0.0
2024-08-12 15:05:00-04:00,37.83000183105469,37.83000183105469,37.79999923706055,37.83000183105469,1840,0.0,0.0
2024-08-12 15:10:00-04:00,37.84000015258789,37.84000015258789,37.81999969482422,37.81999969482422,839,0.0,0.0
2024-08-12 15:15:00-04:00,37.83000183105469,37.83000183105469,37.790000915527344,37.790000915527344,3594,0.0,0.0
2024-08-12 15:20:00-04:00,37.810001373291016,37.810001373291016,37.77000045776367,37.77000045776367,2586,0.0,0.0
2024-08-12 15:25:00-04:00,37.78990173339844,37.810001373291016,37.77000045776367,37.790000915527344,4171,0.0,0.0
2024-08-12 15:30:00-04:00,37.79999923706055,37.81999969482422,37.779998779296875,37.80500030517578,2542,0.0,0.0
2024-08-12 15:35:00-04:00,37.80500030517578,37.834999084472656,37.72999954223633,37.769798278808594,4678,0.0,0.0
2024-08-12 15:40:00-04:00,37.77000045776367,37.779998779296875,37.72999954223633,37.72999954223633,3697,0.0,0.0
2024-08-12 15:45:00-04:00,37.72999954223633,37.7400016784668,37.665000915527344,37.665000915527344,3845,0.0,0.0
2024-08-12 15:50:00-04:00,37.650001525878906,37.66999816894531,37.619998931884766,37.63999938964844,7060,0.0,0.0
2024-08-12 15:55:00-04:00,37.63999938964844,37.744998931884766,37.599998474121094,37.7400016784668,14677,0.0,0.0
2024-08-13 09:30:00-04:00,37.9900016784668,37.9900016784668,37.9900016784668,37.9900016784668,2854,0.0,0.0
2024-08-13 09:35:00-04:00,37.83000183105469,38.040000915527344,37.83000183105469,37.935001373291016,2126,0.0,0.0
2024-08-13 09:40:00-04:00,38.0099983215332,38.0099983215332,38.0099983215332,38.0099983215332,1059,0.0,0.0
2024-08-13 09:45:00-04:00,38.0,38.040000915527344,37.91999816894531,37.999900817871094,3897,0.0,0.0
2024-08-13 09:50:00-04:00,38.029998779296875,38.099998474121094,37.9900016784668,38.099998474121094,7133,0.0,0.0
2024-08-13 09:55:00-04:00,38.21989822387695,38.21989822387695,37.98500061035156,37.98500061035156,2993,0.0,0.0
2024-08-13 10:00:00-04:00,37.9900016784668,37.9900016784668,37.900001525878906,37.900001525878906,2238,0.0,0.0
2024-08-13 10:10:00-04:00,37.959999084472656,37.959999084472656,37.88999938964844,37.88999938964844,1097,0.0,0.0
2024-08-13 10:15:00-04:00,37.88999938964844,37.88999938964844,37.83000183105469,37.83000183105469,1055,0.0,0.0
2024-08-13 10:20:00-04:00,37.81999969482422,37.81999969482422,37.77000045776367,37.77000045776367,1830,0.0,0.0
2024-08-13 10:25:00-04:00,37.779998779296875,37.79999923706055,37.779998779296875,37.79999923706055,720,0.0,0.0
2024-08-13 10:30:00-04:00,37.75199890136719,37.75199890136719,37.709999084472656,37.709999084472656,1012,0.0,0.0
2024-08-13 10:35:00-04:00,37.651798248291016,37.72999954223633,37.651798248291016,37.72999954223633,667,0.0,0.0
2024-08-13 10:40:00-04:00,37.689998626708984,37.689998626708984,37.689998626708984,37.689998626708984,566,0.0,0.0
2024-08-13 10:50:00-04:00,37.72999954223633,37.72999954223633,37.68000030517578,37.68000030517578,973,0.0,0.0
2024-08-13 11:00:00-04:00,37.72949981689453,37.7599983215332,37.72949981689453,37.72999954223633,2452,0.0,0.0
2024-08-13 11:05:00-04:00,37.790000915527344,37.790000915527344,37.72999954223633,37.72999954223633,1044,0.0,0.0
2024-08-13 11:15:00-04:00,37.689998626708984,37.72999954223633,37.689998626708984,37.70000076293945,1085,0.0,0.0
2024-08-13 11:20:00-04:00,37.689998626708984,37.72999954223633,37.66999816894531,37.72999954223633,11353,0.0,0.0
2024-08-13 11:25:00-04:00,37.7400016784668,37.75,37.709999084472656,37.7400016784668,1908,0.0,0.0
2024-08-13 11:30:00-04:00,37.68009948730469,37.75,37.68009948730469,37.75,2730,0.0,0.0
2024-08-13 11:35:00-04:00,37.70000076293945,37.70000076293945,37.68000030517578,37.68000030517578,762,0.0,0.0
2024-08-13 11:40:00-04:00,37.68000030517578,37.68000030517578,37.61000061035156,37.61000061035156,2036,0.0,0.0
2024-08-13 11:55:00-04:00,37.64929962158203,37.64929962158203,37.64929962158203,37.64929962158203,247,0.0,0.0
2024-08-13 12:00:00-04:00,37.619998931884766,37.619998931884766,37.619998931884766,37.619998931884766,142,0.0,0.0
2024-08-13 12:05:00-04:00,37.61000061035156,37.619998931884766,37.58000183105469,37.58000183105469,1813,0.0,0.0
2024-08-13 12:10:00-04:00,37.630001068115234,37.63999938964844,37.61000061035156,37.61000061035156,1566,0.0,0.0
2024-08-13 12:15:00-04:00,37.58000183105469,37.61000061035156,37.58000183105469,37.59000015258789,882,0.0,0.0
2024-08-13 12:20:00-04:00,37.630001068115234,37.65999984741211,37.630001068115234,37.65999984741211,1712,0.0,0.0
2024-08-13 12:25:00-04:00,37.625,37.625,37.59000015258789,37.59000015258789,714,0.0,0.0
2024-08-13 12:30:00-04:00,37.63999938964844,37.7400016784668,37.599998474121094,37.7400016784668,3860,0.0,0.0
2024-08-13 12:35:00-04:00,37.7400016784668,37.744998931884766,37.7400016784668,37.744998931884766,880,0.0,0.0
2024-08-13 12:40:00-04:00,37.790000915527344,37.790000915527344,37.70000076293945,37.790000915527344,1190,0.0,0.0
2024-08-13 12:45:00-04:00,37.709999084472656,37.744998931884766,37.70000076293945,37.744998931884766,610,0.0,0.0
2024-08-13 12:50:00-04:00,37.744998931884766,37.849998474121094,37.744998931884766,37.849998474121094,2710,0.0,0.0
2024-08-13 12:55:00-04:00,37.779998779296875,37.779998779296875,37.779998779296875,37.779998779296875,133,0.0,0.0
2024-08-13 13:00:00-04:00,37.779998779296875,37.779998779296875,37.77000045776367,37.77000045776367,1274,0.0,0.0
2024-08-13 13:05:00-04:00,37.77000045776367,37.779998779296875,37.77000045776367,37.779998779296875,1607,0.0,0.0
2024-08-13 13:15:00-04:00,37.790000915527344,37.790000915527344,37.790000915527344,37.790000915527344,996,0.0,0.0
2024-08-13 13:20:00-04:00,37.77000045776367,37.83000183105469,37.77000045776367,37.83000183105469,1361,0.0,0.0
2024-08-13 13:25:00-04:00,37.83000183105469,37.84000015258789,37.81999969482422,37.84000015258789,2289,0.0,0.0
2024-08-13 13:30:00-04:00,37.84000015258789,37.849998474121094,37.84000015258789,37.849998474121094,572,0.0,0.0
2024-08-13 13:35:00-04:00,37.81999969482422,37.834999084472656,37.79999923706055,37.80500030517578,2663,0.0,0.0
2024-08-13 13:40:00-04:00,37.79499816894531,37.82160186767578,37.75,37.810001373291016,2540,0.0,0.0
2024-08-13 13:45:00-04:00,37.83000183105469,37.84000015258789,37.83000183105469,37.84000015258789,1720,0.0,0.0
2024-08-13 13:50:00-04:00,37.849998474121094,37.86000061035156,37.849998474121094,37.86000061035156,534,0.0,0.0
2024-08-13 13:55:00-04:00,37.84000015258789,37.88999938964844,37.84000015258789,37.88999938964844,548,0.0,0.0
2024-08-13 14:00:00-04:00,37.88999938964844,37.95000076293945,37.88999938964844,37.91999816894531,2393,0.0,0.0
2024-08-13 14:05:00-04:00,37.91999816894531,37.91999816894531,37.845001220703125,37.845001220703125,1573,0.0,0.0
2024-08-13 14:10:00-04:00,37.84000015258789,37.869998931884766,37.75,37.86000061035156,9469,0.0,0.0
2024-08-13 14:15:00-04:00,37.834999084472656,37.834999084472656,37.790000915527344,37.834999084472656,2505,0.0,0.0
2024-08-13 14:30:00-04:00,37.810001373291016,37.849998474121094,37.810001373291016,37.84000015258789,2256,0.0,0.0
2024-08-13 14:40:00-04:00,37.880001068115234,37.93000030517578,37.880001068115234,37.900001525878906,1845,0.0,0.0
2024-08-13 14:45:00-04:00,37.86000061035156,37.869998931884766,37.86000061035156,37.869998931884766,1063,0.0,0.0
2024-08-13 14:50:00-04:00,37.86000061035156,37.86000061035156,37.81999969482422,37.84000015258789,1246,0.0,0.0
2024-08-13 15:00:00-04:00,37.86000061035156,37.95000076293945,37.86000061035156,37.95000076293945,2442,0.0,0.0
2024-08-13 15:05:00-04:00,37.90999984741211,37.91999816894531,37.88999938964844,37.88999938964844,2383,0.0,0.0
2024-08-13 15:10:00-04:00,37.880001068115234,37.900001525878906,37.880001068115234,37.900001525878906,1160,0.0,0.0
2024-08-13 15:15:00-04:00,37.91999816894531,37.93000030517578,37.91999816894531,37.93000030517578,1400,0.0,0.0
2024-08-13 15:25:00-04:00,37.95000076293945,37.95000076293945,37.91999816894531,37.93000030517578,2433,0.0,0.0
2024-08-13 15:30:00-04:00,37.90999984741211,37.90999984741211,37.90999984741211,37.90999984741211,414,0.0,0.0
2024-08-13 15:35:00-04:00,37.95000076293945,38.0099983215332,37.95000076293945,38.0099983215332,3745,0.0,0.0
2024-08-13 15:40:00-04:00,38.0099983215332,38.02000045776367,37.9900016784668,38.02000045776367,1508,0.0,0.0
2024-08-13 15:45:00-04:00,38.0,38.040000915527344,37.970001220703125,38.0,7343,0.0,0.0
2024-08-13 15:50:00-04:00,38.02000045776367,38.04999923706055,37.93000030517578,37.939998626708984,6416,0.0,0.0
2024-08-13 15:55:00-04:00,37.939998626708984,37.95000076293945,37.869998931884766,37.880001068115234,15429,0.0,0.0
2024-08-14 09:30:00-04:00,37.849998474121094,37.849998474121094,37.77000045776367,37.77000045776367,3005,0.0,0.0
2024-08-14 09:35:00-04:00,37.78089904785156,37.78089904785156,37.66999816894531,37.66999816894531,768,0.0,0.0
2024-08-14 09:45:00-04:00,37.78499984741211,37.78499984741211,37.78499984741211,37.78499984741211,463,0.0,0.0
2024-08-14 09:50:00-04:00,37.77000045776367,37.77000045776367,37.689998626708984,37.689998626708984,627,0.0,0.0
2024-08-14 09:55:00-04:00,37.70000076293945,37.70000076293945,37.70000076293945,37.70000076293945,100,0.0,0.0
2024-08-14 10:00:00-04:00,37.779998779296875,37.84000015258789,37.775001525878906,37.775001525878906,1338,0.0,0.0
2024-08-14 10:05:00-04:00,37.83000183105469,37.84000015258789,37.790000915527344,37.790000915527344,701,0.0,0.0
2024-08-14 10:10:00-04:00,37.88999938964844,38.06999969482422,37.88999938964844,37.900001525878906,3480,0.0,0.0
2024-08-14 10:15:00-04:00,37.900001525878906,37.970001220703125,37.88999938964844,37.970001220703125,2042,0.0,0.0
2024-08-14 10:20:00-04:00,37.88999938964844,37.88999938964844,37.86000061035156,37.86000061035156,719,0.0,0.0
2024-08-14 10:25:00-04:00,37.959999084472656,38.08000183105469,37.959999084472656,38.08000183105469,531,0.0,0.0
2024-08-14 10:30:00-04:00,38.047000885009766,38.047000885009766,38.025001525878906,38.025001525878906,680,0.0,0.0
2024-08-14 10:35:00-04:00,38.060001373291016,38.060001373291016,38.060001373291016,38.060001373291016,232,0.0,0.0
2024-08-14 10:40:00-04:00,38.025001525878906,38.025001525878906,37.89500045776367,37.89500045776367,1817,0.0,0.0
2024-08-14 10:45:00-04:00,37.86000061035156,37.86000061035156,37.83000183105469,37.83000183105469,1183,0.0,0.0
2024-08-14 11:00:00-04:00,37.88999938964844,37.88999938964844,37.77000045776367,37.77000045776367,328,0.0,0.0
2024-08-14 11:05:00-04:00,37.845001220703125,37.92430114746094,37.83000183105469,37.83000183105469,2903,0.0,0.0
2024-08-14 11:10:00-04:00,37.83000183105469,37.83000183105469,37.79999923706055,37.814998626708984,1661,0.0,0.0
2024-08-14 11:25:00-04:00,37.84000015258789,37.84000015258789,37.84000015258789,37.84000015258789,106,0.0,0.0
2024-08-14 11:30:00-04:00,37.852500915527344,37.852500915527344,37.83000183105469,37.845001220703125,963,0.0,0.0
2024-08-14 11:35:00-04:00,37.810001373291016,37.834999084472656,37.810001373291016,37.83000183105469,884,0.0,0.0
2024-08-14 11:40:00-04:00,37.83250045776367,37.84000015258789,37.79999923706055,37.84000015258789,2754,0.0,0.0
2024-08-14 11:45:00-04:00,37.869998931884766,37.869998931884766,37.869998931884766,37.869998931884766,607,0.0,0.0
2024-08-14 11:55:00-04:00,37.875,37.875,37.77000045776367,37.77000045776367,1510,0.0,0.0
2024-08-14 12:05:00-04:00,37.810001373291016,37.810001373291016,37.7599983215332,37.7599983215332,981,0.0,0.0
2024-08-14 12:10:00-04:00,37.839900970458984,37.84000015258789,37.839900970458984,37.84000015258789,423,0.0,0.0
2024-08-14 12:15:00-04:00,37.79999923706055,37.81999969482422,37.779998779296875,37.81999969482422,1056,0.0,0.0
2024-08-14 12:20:00-04:00,37.810001373291016,37.816898345947266,37.650001525878906,37.67499923706055,3744,0.0,0.0
2024-08-14 12:25:00-04:00,37.650001525878906,37.70000076293945,37.650001525878906,37.685001373291016,1643,0.0,0.0
2024-08-14 12:30:00-04:00,37.720001220703125,37.75,37.66999816894531,37.75,1919,0.0,0.0
2024-08-14 12:35:00-04:00,37.720001220703125,37.810001373291016,37.720001220703125,37.810001373291016,1735,0.0,0.0
2024-08-14 12:40:00-04:00,37.84000015258789,37.84000015258789,37.80500030517578,37.84000015258789,666,0.0,0.0
2024-08-14 12:45:00-04:00,37.7599983215332,37.7599983215332,37.7400016784668,37.7400016784668,1037,0.0,0.0
2024-08-14 12:50:00-04:00,37.81999969482422,37.81999969482422,37.81999969482422,37.81999969482422,589,0.0,0.0
2024-08-14 12:55:00-04:00,37.81999969482422,37.81999969482422,37.81999969482422,37.81999969482422,598,0.0,0.0
2024-08-14 13:00:00-04:00,37.810001373291016,37.810001373291016,37.790000915527344,37.790000915527344,1342,0.0,0.0
2024-08-14 13:05:00-04:00,37.75,37.790000915527344,37.7400016784668,37.790000915527344,1539,0.0,0.0
2024-08-14 13:10:00-04:00,37.772499084472656,37.772499084472656,37.772499084472656,37.772499084472656,100,0.0,0.0
2024-08-14 13:15:00-04:00,37.79999923706055,37.79999923706055,37.79999923706055,37.79999923706055,546,0.0,0.0
2024-08-14 13:20:00-04:00,37.83000183105469,37.83000183105469,37.83000183105469,37.83000183105469,142,0.0,0.0
2024-08-14 13:25:00-04:00,37.83000183105469,37.83000183105469,37.810001373291016,37.810001373291016,370,0.0,0.0
2024-08-14 13:30:00-04:00,37.779998779296875,37.779998779296875,37.70000076293945,37.72999954223633,2918,0.0,0.0
2024-08-14 13:40:00-04:00,37.7599983215332,37.7599983215332,37.7599983215332,37.7599983215332,463,0.0,0.0
2024-08-14 13:50:00-04:00,37.75,37.84000015258789,37.7400016784668,37.84000015258789,4126,0.0,0.0
2024-08-14 13:55:00-04:00,37.880001068115234,37.880001068115234,37.880001068115234,37.880001068115234,200,0.0,0.0
2024-08-14 14:00:00-04:00,37.84000015258789,37.84000015258789,37.77000045776367,37.77000045776367,1742,0.0,0.0
2024-08-14 14:05:00-04:00,37.81999969482422,37.81999969482422,37.77000045776367,37.77000045776367,1396,0.0,0.0
2024-08-14 14:10:00-04:00,37.77000045776367,37.84000015258789,37.77000045776367,37.84000015258789,457,0.0,0.0
2024-08-14 14:15:00-04:00,37.77000045776367,37.78499984741211,37.77000045776367,37.77000045776367,856,0.0,0.0
2024-08-14 14:20:00-04:00,37.77000045776367,37.77000045776367,37.77000045776367,37.77000045776367,162,0.0,0.0
2024-08-14 14:25:00-04:00,37.79990005493164,37.79999923706055,37.7400016784668,37.7400016784668,1170,0.0,0.0
2024-08-14 14:30:00-04:00,37.7400016784668,37.7400016784668,37.7400016784668,37.7400016784668,366,0.0,0.0
2024-08-14 14:35:00-04:00,37.79999923706055,37.83000183105469,37.779998779296875,37.83000183105469,1735,0.0,0.0
2024-08-14 14:40:00-04:00,37.84000015258789,37.84000015258789,37.83000183105469,37.83000183105469,891,0.0,0.0
2024-08-14 14:50:00-04:00,37.849998474121094,37.849998474121094,37.83000183105469,37.84000015258789,1112,0.0,0.0
2024-08-14 14:55:00-04:00,37.86000061035156,37.880001068115234,37.84000015258789,37.880001068115234,1181,0.0,0.0
2024-08-14 15:00:00-04:00,37.869998931884766,37.869998931884766,37.849998474121094,37.869998931884766,2041,0.0,0.0
2024-08-14 15:05:00-04:00,37.869998931884766,37.869998931884766,37.849998474121094,37.86000061035156,2158,0.0,0.0
2024-08-14 15:10:00-04:00,37.849998474121094,37.85499954223633,37.83000183105469,37.85499954223633,984,0.0,0.0
2024-08-14 15:15:00-04:00,37.81999969482422,37.81999969482422,37.78689956665039,37.78689956665039,1329,0.0,0.0
2024-08-14 15:20:00-04:00,37.829898834228516,37.829898834228516,37.829898834228516,37.829898834228516,749,0.0,0.0
2024-08-14 15:25:00-04:00,37.829898834228516,37.829898834228516,37.829898834228516,37.829898834228516,348,0.0,0.0
2024-08-14 15:30:00-04:00,37.79999923706055,37.829898834228516,37.79999923706055,37.829898834228516,1417,0.0,0.0
2024-08-14 15:35:00-04:00,37.81999969482422,37.84000015258789,37.814998626708984,37.84000015258789,2618,0.0,0.0
2024-08-14 15:40:00-04:00,37.84000015258789,37.880001068115234,37.827598571777344,37.845001220703125,4080,0.0,0.0
2024-08-14 15:45:00-04:00,37.880001068115234,37.880001068115234,37.834999084472656,37.849998474121094,1826,0.0,0.0
2024-08-14 15:50:00-04:00,37.849998474121094,37.880001068115234,37.81999969482422,37.83000183105469,8608,0.0,0.0
2024-08-14 15:55:00-04:00,37.86000061035156,37.88999938964844,37.790000915527344,37.86000061035156,15546,0.0,0.0
2024-08-15 09:30:00-04:00,38.33000183105469,38.439998626708984,38.33000183105469,38.359901428222656,8042,0.0,0.0
2024-08-15 09:45:00-04:00,38.165000915527344,38.165000915527344,38.165000915527344,38.165000915527344,231,0.0,0.0
2024-08-15 09:50:00-04:00,38.04999923706055,38.060001373291016,37.939998626708984,38.02000045776367,1160,0.0,0.0
2024-08-15 10:00:00-04:00,38.079898834228516,38.25,38.060001373291016,38.22999954223633,10866,0.0,0.0
2024-08-15 10:05:00-04:00,38.244998931884766,38.25,38.17499923706055,38.17499923706055,612,0.0,0.0
2024-08-15 10:10:00-04:00,38.165000915527344,38.17369842529297,38.08000183105469,38.17369842529297,1704,0.0,0.0
2024-08-15 10:15:00-04:00,38.130001068115234,38.18000030517578,38.09000015258789,38.119998931884766,2003,0.0,0.0
2024-08-15 10:20:00-04:00,38.14039993286133,38.14039993286133,38.14039993286133,38.14039993286133,333,0.0,0.0
2024-08-15 10:25:00-04:00,38.15999984741211,38.209999084472656,38.150001525878906,38.150001525878906,3561,0.0,0.0
2024-08-15 10:30:00-04:00,38.130001068115234,38.25,38.130001068115234,38.25,3228,0.0,0.0
2024-08-15 10:35:00-04:00,38.21500015258789,38.21500015258789,38.18000030517578,38.20000076293945,915,0.0,0.0
2024-08-15 10:40:00-04:00,38.20000076293945,38.20000076293945,38.16999816894531,38.17499923706055,1129,0.0,0.0
2024-08-15 10:45:00-04:00,38.209999084472656,38.29999923706055,38.209999084472656,38.29999923706055,2716,0.0,0.0
2024-08-15 10:50:00-04:00,38.29999923706055,38.375,38.29999923706055,38.369998931884766,1827,0.0,0.0
2024-08-15 10:55:00-04:00,38.349998474121094,38.349998474121094,38.349998474121094,38.349998474121094,346,0.0,0.0
2024-08-15 11:00:00-04:00,38.29999923706055,38.29999923706055,38.29999923706055,38.29999923706055,208,0.0,0.0
2024-08-15 11:05:00-04:00,38.310001373291016,38.310001373291016,38.310001373291016,38.310001373291016,530,0.0,0.0
2024-08-15 11:10:00-04:00,38.369998931884766,38.380001068115234,38.34000015258789,38.34000015258789,1165,0.0,0.0
2024-08-15 11:15:00-04:00,38.380001068115234,38.40999984741211,38.34000015258789,38.400001525878906,3419,0.0,0.0
2024-08-15 11:20:00-04:00,38.400001525878906,38.400001525878906,38.380001068115234,38.380001068115234,821,0.0,0.0
2024-08-15 11:25:00-04:00,38.349998474121094,38.349998474121094,38.32500076293945,38.32500076293945,826,0.0,0.0
2024-08-15 11:30:00-04:00,38.380001068115234,38.380001068115234,38.380001068115234,38.380001068115234,423,0.0,0.0
2024-08-15 11:35:00-04:00,38.31999969482422,38.34000015258789,38.31999969482422,38.34000015258789,2331,0.0,0.0
2024-08-15 11:40:00-04:00,38.29999923706055,38.29999923706055,38.29999923706055,38.29999923706055,386,0.0,0.0
2024-08-15 11:45:00-04:00,38.27000045776367,38.31999969482422,38.2400016784668,38.290000915527344,1012,0.0,0.0
2024-08-15 11:50:00-04:00,38.27000045776367,38.27000045776367,38.27000045776367,38.27000045776367,395,0.0,0.0
2024-08-15 12:00:00-04:00,38.28499984741211,38.369998931884766,38.2599983215332,38.369998931884766,1395,0.0,0.0
2024-08-15 12:10:00-04:00,38.35499954223633,38.369998931884766,38.35499954223633,38.369998931884766,686,0.0,0.0
2024-08-15 12:15:00-04:00,38.369998931884766,38.369998931884766,38.31999969482422,38.369998931884766,1500,0.0,0.0
2024-08-15 12:20:00-04:00,38.369998931884766,38.400001525878906,38.36000061035156,38.400001525878906,1890,0.0,0.0
2024-08-15 12:25:00-04:00,38.369998931884766,38.41999816894531,38.34000015258789,38.38999938964844,1923,0.0,0.0
2024-08-15 12:30:00-04:00,38.439998626708984,38.540000915527344,38.38999938964844,38.5,2905,0.0,0.0
2024-08-15 12:35:00-04:00,38.49599838256836,38.540000915527344,38.439998626708984,38.52000045776367,2650,0.0,0.0
2024-08-15 12:40:00-04:00,38.540000915527344,38.540000915527344,38.47999954223633,38.529998779296875,1333,0.0,0.0
2024-08-15 12:45:00-04:00,38.529998779296875,38.56999969482422,38.5099983215332,38.56999969482422,1772,0.0,0.0
2024-08-15 12:50:00-04:00,38.58000183105469,38.58000183105469,38.52000045776367,38.58000183105469,1995,0.0,0.0
2024-08-15 12:55:00-04:00,38.630001068115234,38.630001068115234,38.58000183105469,38.58000183105469,462,0.0,0.0
2024-08-15 13:00:00-04:00,38.56999969482422,38.59000015258789,38.56999969482422,38.59000015258789,505,0.0,0.0
2024-08-15 13:05:00-04:00,38.560001373291016,38.560001373291016,38.54999923706055,38.54999923706055,1149,0.0,0.0
2024-08-15 13:10:00-04:00,38.57500076293945,38.57500076293945,38.5099983215332,38.525001525878906,3207,0.0,0.0
2024-08-15 13:15:00-04:00,38.5099983215332,38.630001068115234,38.5099983215332,38.630001068115234,4429,0.0,0.0
2024-08-15 13:20:00-04:00,38.630001068115234,38.6349983215332,38.630001068115234,38.6349983215332,1000,0.0,0.0
2024-08-15 13:25:00-04:00,38.66999816894531,38.724998474121094,38.66999816894531,38.66999816894531,3902,0.0,0.0
2024-08-15 13:30:00-04:00,38.650001525878906,38.7400016784668,38.650001525878906,38.65999984741211,2256,0.0,0.0
2024-08-15 13:35:00-04:00,38.70389938354492,38.720001220703125,38.66999816894531,38.689998626708984,1617,0.0,0.0
2024-08-15 13:40:00-04:00,38.63999938964844,38.63999938964844,38.599998474121094,38.63999938964844,958,0.0,0.0
2024-08-15 13:45:00-04:00,38.630001068115234,38.630001068115234,38.630001068115234,38.630001068115234,367,0.0,0.0
2024-08-15 13:50:00-04:00,38.630001068115234,38.650001525878906,38.560001373291016,38.650001525878906,5257,0.0,0.0
2024-08-15 13:55:00-04:00,38.65999984741211,38.65999984741211,38.65999984741211,38.65999984741211,342,0.0,0.0
2024-08-15 14:00:00-04:00,38.63999938964844,38.739898681640625,38.630001068115234,38.739898681640625,3168,0.0,0.0
2024-08-15 14:10:00-04:00,38.709999084472656,38.720001220703125,38.689998626708984,38.709999084472656,2752,0.0,0.0
2024-08-15 14:15:00-04:00,38.720001220703125,38.7400016784668,38.720001220703125,38.720001220703125,1296,0.0,0.0
2024-08-15 14:20:00-04:00,38.720001220703125,38.72999954223633,38.70000076293945,38.70000076293945,4087,0.0,0.0
2024-08-15 14:25:00-04:00,38.75,38.77000045776367,38.75,38.755001068115234,1856,0.0,0.0
2024-08-15 14:30:00-04:00,38.7400016784668,38.7599983215332,38.7400016784668,38.7599983215332,829,0.0,0.0
2024-08-15 14:35:00-04:00,38.7400016784668,38.7599983215332,38.7400016784668,38.7599983215332,1358,0.0,0.0
2024-08-15 14:40:00-04:00,38.779998779296875,38.790000915527344,38.7599983215332,38.779998779296875,1701,0.0,0.0
2024-08-15 14:45:00-04:00,38.83000183105469,38.834999084472656,38.83000183105469,38.834999084472656,801,0.0,0.0
2024-08-15 14:50:00-04:00,38.82500076293945,38.82500076293945,38.79499816894531,38.79499816894531,1010,0.0,0.0
2024-08-15 14:55:00-04:00,38.790000915527344,38.790000915527344,38.790000915527344,38.790000915527344,404,0.0,0.0
2024-08-15 15:00:00-04:00,38.779998779296875,38.779998779296875,38.72999954223633,38.7599983215332,3605,0.0,0.0
2024-08-15 15:05:00-04:00,38.7599983215332,38.7599983215332,38.7400016784668,38.7400016784668,949,0.0,0.0
2024-08-15 15:10:00-04:00,38.709999084472656,38.72999954223633,38.709999084472656,38.72999954223633,1589,0.0,0.0
2024-08-15 15:20:00-04:00,38.689998626708984,38.709999084472656,38.66999816894531,38.709999084472656,2860,0.0,0.0
2024-08-15 15:25:00-04:00,38.685001373291016,38.685001373291016,38.67499923706055,38.67499923706055,814,0.0,0.0
2024-08-15 15:30:00-04:00,38.689998626708984,38.689998626708984,38.599998474121094,38.599998474121094,1932,0.0,0.0
2024-08-15 15:35:00-04:00,38.59000015258789,38.61000061035156,38.59000015258789,38.599998474121094,1363,0.0,0.0
2024-08-15 15:40:00-04:00,38.56999969482422,38.56999969482422,38.459999084472656,38.5,3101,0.0,0.0
2024-08-15 15:45:00-04:00,38.5,38.5,38.459999084472656,38.4900016784668,4663,0.0,0.0
2024-08-15 15:50:00-04:00,38.47999954223633,38.5099983215332,38.400001525878906,38.400001525878906,12976,0.0,0.0
2024-08-15 15:55:00-04:00,38.400001525878906,38.689998626708984,38.38999938964844,38.65999984741211,42675,0.0,0.0
2024-08-16 09:30:00-04:00,38.720001220703125,38.97999954223633,38.650001525878906,38.97999954223633,7796,0.0,0.0
2024-08-16 09:40:00-04:00,38.64500045776367,38.7599983215332,38.52000045776367,38.7599983215332,752,0.0,0.0
2024-08-16 09:45:00-04:00,38.529998779296875,39.0,38.529998779296875,38.810001373291016,2572,0.0,0.0
2024-08-16 09:50:00-04:00,38.869998931884766,38.869998931884766,38.869998931884766,38.869998931884766,285,0.0,0.0
2024-08-16 09:55:00-04:00,38.869998931884766,38.93000030517578,38.869998931884766,38.93000030517578,1466,0.0,0.0
2024-08-16 10:00:00-04:00,38.93000030517578,39.0,38.790000915527344,38.790000915527344,4355,0.0,0.0
2024-08-16 10:05:00-04:00,38.7599983215332,39.029998779296875,38.75,39.029998779296875,11767,0.0,0.0
2024-08-16 10:10:00-04:00,38.880001068115234,39.029998779296875,38.72999954223633,38.869998931884766,3004,0.0,0.0
2024-08-16 10:15:00-04:00,38.869998931884766,38.869998931884766,38.869998931884766,38.869998931884766,297,0.0,0.0
2024-08-16 10:20:00-04:00,38.8650016784668,38.8650016784668,38.599998474121094,38.599998474121094,3395,0.0,0.0
2024-08-16 10:25:00-04:00,38.61000061035156,38.6150016784668,38.439998626708984,38.439998626708984,1455,0.0,0.0
2024-08-16 10:30:00-04:00,38.560001373291016,38.65999984741211,38.50279998779297,38.50279998779297,971,0.0,0.0
2024-08-16 10:35:00-04:00,38.56999969482422,38.61000061035156,38.52000045776367,38.540000915527344,3003,0.0,0.0
2024-08-16 10:40:00-04:00,38.52000045776367,38.57500076293945,38.439998626708984,38.57500076293945,3772,0.0,0.0
2024-08-16 10:45:00-04:00,38.5099983215332,38.57500076293945,38.5,38.560001373291016,1165,0.0,0.0
2024-08-16 10:50:00-04:00,38.619998931884766,38.650001525878906,38.4900016784668,38.4900016784668,5179,0.0,0.0
2024-08-16 10:55:00-04:00,38.560001373291016,38.599998474121094,38.560001373291016,38.59000015258789,2336,0.0,0.0
2024-08-16 11:05:00-04:00,38.54499816894531,38.54499816894531,38.54499816894531,38.54499816894531,273,0.0,0.0
2024-08-16 11:10:00-04:00,38.560001373291016,38.560001373291016,38.560001373291016,38.560001373291016,623,0.0,0.0
2024-08-16 11:15:00-04:00,38.529998779296875,38.529998779296875,38.529998779296875,38.529998779296875,330,0.0,0.0
2024-08-16 11:20:00-04:00,38.560001373291016,38.560001373291016,38.439998626708984,38.459999084472656,3487,0.0,0.0
2024-08-16 11:25:00-04:00,38.45000076293945,38.45000076293945,38.380001068115234,38.380001068115234,2873,0.0,0.0
2024-08-16 11:35:00-04:00,38.404998779296875,38.43000030517578,38.400001525878906,38.400001525878906,2451,0.0,0.0
2024-08-16 11:40:00-04:00,38.38999938964844,38.404998779296875,38.380001068115234,38.404998779296875,474,0.0,0.0
2024-08-16 11:45:00-04:00,38.404998779296875,38.404998779296875,38.404998779296875,38.404998779296875,534,0.0,0.0
2024-08-16 11:50:00-04:00,38.439998626708984,38.47999954223633,38.41999816894531,38.45500183105469,2866,0.0,0.0
2024-08-16 11:55:00-04:00,38.45000076293945,38.45000076293945,38.45000076293945,38.45000076293945,341,0.0,0.0
2024-08-16 12:00:00-04:00,38.45000076293945,38.52000045776367,38.45000076293945,38.52000045776367,4069,0.0,0.0
2024-08-16 12:05:00-04:00,38.529998779296875,38.529998779296875,38.439998626708984,38.5,1333,0.0,0.0
2024-08-16 12:10:00-04:00,38.529998779296875,38.529998779296875,38.529998779296875,38.529998779296875,121,0.0,0.0
2024-08-16 12:15:00-04:00,38.529998779296875,38.54999923706055,38.529998779296875,38.54999923706055,1349,0.0,0.0
2024-08-16 12:20:00-04:00,38.529998779296875,38.54249954223633,38.529998779296875,38.54249954223633,751,0.0,0.0
2024-08-16 12:25:00-04:00,38.470001220703125,38.470001220703125,38.470001220703125,38.470001220703125,2347,0.0,0.0
2024-08-16 12:30:00-04:00,38.439998626708984,38.459999084472656,38.439998626708984,38.459999084472656,1014,0.0,0.0
2024-08-16 12:40:00-04:00,38.5,38.54999923706055,38.5,38.54999923706055,1629,0.0,0.0
2024-08-16 12:50:00-04:00,38.5099983215332,38.529998779296875,38.5099983215332,38.529998779296875,1850,0.0,0.0
2024-08-16 12:55:00-04:00,38.54999923706055,38.595001220703125,38.54999923706055,38.560001373291016,1751,0.0,0.0
2024-08-16 13:00:00-04:00,38.560001373291016,38.560001373291016,38.560001373291016,38.560001373291016,501,0.0,0.0
2024-08-16 13:10:00-04:00,38.46009826660156,38.46009826660156,38.46009826660156,38.46009826660156,246,0.0,0.0
2024-08-16 13:15:00-04:00,38.459999084472656,38.529998779296875,38.459999084472656,38.529998779296875,553,0.0,0.0
2024-08-16 13:25:00-04:00,38.505001068115234,38.505001068115234,38.349998474121094,38.404998779296875,9837,0.0,0.0
2024-08-16 13:30:00-04:00,38.404998779296875,38.459999084472656,38.404998779296875,38.459999084472656,2246,0.0,0.0
2024-08-16 13:35:00-04:00,38.459999084472656,38.47600173950195,38.45000076293945,38.47600173950195,3237,0.0,0.0
2024-08-16 13:40:00-04:00,38.470001220703125,38.5099983215332,38.470001220703125,38.5099983215332,886,0.0,0.0
2024-08-16 13:45:00-04:00,38.52000045776367,38.52000045776367,38.400001525878906,38.400001525878906,9841,0.0,0.0
2024-08-16 13:50:00-04:00,38.400001525878906,38.400001525878906,38.400001525878906,38.400001525878906,727,0.0,0.0
2024-08-16 13:55:00-04:00,38.40999984741211,38.43000030517578,38.38999938964844,38.43000030517578,5920,0.0,0.0
2024-08-16 14:00:00-04:00,38.45000076293945,38.45000076293945,38.45000076293945,38.45000076293945,474,0.0,0.0
2024-08-16 14:05:00-04:00,38.45000076293945,38.470001220703125,38.45000076293945,38.470001220703125,936,0.0,0.0
2024-08-16 14:10:00-04:00,38.47999954223633,38.47999954223633,38.459999084472656,38.47999954223633,4459,0.0,0.0
2024-08-16 14:15:00-04:00,38.48500061035156,38.48500061035156,38.459999084472656,38.47999954223633,1895,0.0,0.0
2024-08-16 14:20:00-04:00,38.459999084472656,38.4900016784668,38.41999816894531,38.41999816894531,1821,0.0,0.0
2024-08-16 14:25:00-04:00,38.40999984741211,38.40999984741211,38.40999984741211,38.40999984741211,291,0.0,0.0
2024-08-16 14:30:00-04:00,38.40999984741211,38.470001220703125,38.40999984741211,38.470001220703125,954,0.0,0.0
2024-08-16 14:35:00-04:00,38.470001220703125,38.4900016784668,38.470001220703125,38.4900016784668,601,0.0,0.0
2024-08-16 14:40:00-04:00,38.494998931884766,38.5099983215332,38.494998931884766,38.5099983215332,495,0.0,0.0
2024-08-16 14:45:00-04:00,38.4900016784668,38.525001525878906,38.4900016784668,38.525001525878906,1613,0.0,0.0
2024-08-16 14:50:00-04:00,38.529998779296875,38.560001373291016,38.529998779296875,38.560001373291016,1164,0.0,0.0
2024-08-16 14:55:00-04:00,38.56999969482422,38.56999969482422,38.540000915527344,38.54499816894531,1216,0.0,0.0
2024-08-16 15:00:00-04:00,38.54999923706055,38.54999923706055,38.5099983215332,38.5099983215332,1838,0.0,0.0
2024-08-16 15:05:00-04:00,38.5099983215332,38.5099983215332,38.46500015258789,38.46500015258789,2336,0.0,0.0
2024-08-16 15:10:00-04:00,38.4900016784668,38.51499938964844,38.470001220703125,38.4900016784668,1937,0.0,0.0
2024-08-16 15:15:00-04:00,38.4900016784668,38.5,38.470001220703125,38.470001220703125,2141,0.0,0.0
2024-08-16 15:20:00-04:00,38.470001220703125,38.48500061035156,38.470001220703125,38.470001220703125,1273,0.0,0.0
2024-08-16 15:25:00-04:00,38.4900016784668,38.52000045776367,38.47999954223633,38.4900016784668,3571,0.0,0.0
2024-08-16 15:30:00-04:00,38.470001220703125,38.5,38.45000076293945,38.494998931884766,1873,0.0,0.0
2024-08-16 15:35:00-04:00,38.5099983215332,38.51499938964844,38.470001220703125,38.47999954223633,4670,0.0,0.0
2024-08-16 15:45:00-04:00,38.439998626708984,38.459999084472656,38.41999816894531,38.459999084472656,3072,0.0,0.0
2024-08-16 15:50:00-04:00,38.470001220703125,38.47999954223633,38.349998474121094,38.415000915527344,9004,0.0,0.0
2024-08-16 15:55:00-04:00,38.43000030517578,38.630001068115234,38.43000030517578,38.61000061035156,21577,0.0,0.0
2024-08-19 09:30:00-04:00,38.61000061035156,38.790000915527344,38.61000061035156,38.76750183105469,3389,0.0,0.0
2024-08-19 09:35:00-04:00,38.619998931884766,38.79999923706055,38.599998474121094,38.599998474121094,3351,0.0,0.0
2024-08-19 09:40:00-04:00,38.599998474121094,38.73469924926758,38.599998474121094,38.73469924926758,3940,0.0,0.0
2024-08-19 09:45:00-04:00,38.79140090942383,39.220001220703125,38.709999084472656,38.79999923706055,15778,0.0,0.0
2024-08-19 09:55:00-04:00,38.87329864501953,38.880001068115234,38.87329864501953,38.880001068115234,1274,0.0,0.0
2024-08-19 10:00:00-04:00,38.650001525878906,38.810001373291016,38.619998931884766,38.810001373291016,1785,0.0,0.0
2024-08-19 10:05:00-04:00,38.869998931884766,38.880001068115234,38.77000045776367,38.77000045776367,1588,0.0,0.0
2024-08-19 10:10:00-04:00,38.77000045776367,38.77000045776367,38.77000045776367,38.77000045776367,562,0.0,0.0
2024-08-19 10:20:00-04:00,38.77000045776367,38.77000045776367,38.70000076293945,38.71500015258789,2192,0.0,0.0
2024-08-19 10:25:00-04:00,38.73680114746094,38.810001373291016,38.630001068115234,38.810001373291016,4035,0.0,0.0
2024-08-19 10:30:00-04:00,38.724998474121094,39.005001068115234,38.724998474121094,39.0,5212,0.0,0.0
2024-08-19 10:35:00-04:00,38.83000183105469,39.0,38.83000183105469,38.9900016784668,798,0.0,0.0
2024-08-19 10:45:00-04:00,38.86000061035156,38.86000061035156,38.86000061035156,38.86000061035156,503,0.0,0.0
2024-08-19 10:50:00-04:00,39.0,39.0,38.81999969482422,38.959999084472656,5172,0.0,0.0
2024-08-19 10:55:00-04:00,38.959999084472656,39.04999923706055,38.83000183105469,38.83000183105469,3235,0.0,0.0
2024-08-19 11:00:00-04:00,38.939998626708984,38.939998626708984,38.939998626708984,38.939998626708984,529,0.0,0.0
2024-08-19 11:05:00-04:00,38.95000076293945,38.95000076293945,38.95000076293945,38.95000076293945,497,0.0,0.0
2024-08-19 11:15:00-04:00,38.959999084472656,39.0,38.94499969482422,39.0,1765,0.0,0.0
2024-08-19 11:20:00-04:00,38.88999938964844,38.93000030517578,38.88999938964844,38.93000030517578,624,0.0,0.0
2024-08-19 11:25:00-04:00,38.869998931884766,38.93000030517578,38.869998931884766,38.93000030517578,636,0.0,0.0
2024-08-19 11:30:00-04:00,38.900001525878906,38.900001525878906,38.900001525878906,38.900001525878906,270,0.0,0.0
2024-08-19 11:35:00-04:00,38.849998474121094,38.849998474121094,38.849998474121094,38.849998474121094,1361,0.0,0.0
2024-08-19 11:40:00-04:00,38.83639907836914,38.83639907836914,38.79999923706055,38.79999923706055,1485,0.0,0.0
2024-08-19 11:45:00-04:00,38.840599060058594,38.840599060058594,38.840599060058594,38.840599060058594,518,0.0,0.0
2024-08-19 11:50:00-04:00,38.810001373291016,38.810001373291016,38.810001373291016,38.810001373291016,231,0.0,0.0
2024-08-19 11:55:00-04:00,38.83000183105469,38.83000183105469,38.83000183105469,38.83000183105469,229,0.0,0.0
2024-08-19 12:00:00-04:00,38.91999816894531,38.91999816894531,38.81999969482422,38.81999969482422,1718,0.0,0.0
2024-08-19 12:05:00-04:00,38.83000183105469,38.86000061035156,38.790000915527344,38.790000915527344,3595,0.0,0.0
2024-08-19 12:10:00-04:00,38.900001525878906,38.900001525878906,38.849998474121094,38.875,585,0.0,0.0
2024-08-19 12:15:00-04:00,38.939998626708984,38.939998626708984,38.84000015258789,38.84000015258789,1035,0.0,0.0
2024-08-19 12:20:00-04:00,38.84000015258789,38.900001525878906,38.81999969482422,38.81999969482422,845,0.0,0.0
2024-08-19 12:30:00-04:00,38.880001068115234,38.880001068115234,38.880001068115234,38.880001068115234,411,0.0,0.0
2024-08-19 12:35:00-04:00,38.85499954223633,38.974998474121094,38.84000015258789,38.974998474121094,973,0.0,0.0
2024-08-19 12:40:00-04:00,38.86000061035156,38.86000061035156,38.83000183105469,38.83000183105469,1113,0.0,0.0
2024-08-19 12:50:00-04:00,38.90999984741211,38.90999984741211,38.90999984741211,38.90999984741211,427,0.0,0.0
2024-08-19 12:55:00-04:00,38.85020065307617,38.85020065307617,38.83000183105469,38.83000183105469,1094,0.0,0.0
2024-08-19 13:00:00-04:00,38.83000183105469,38.8650016784668,38.810001373291016,38.810001373291016,777,0.0,0.0
2024-08-19 13:05:00-04:00,38.8650016784668,38.8650016784668,38.8650016784668,38.8650016784668,744,0.0,0.0
2024-08-19 13:15:00-04:00,38.86000061035156,38.88999938964844,38.849998474121094,38.88999938964844,1891,0.0,0.0
2024-08-19 13:20:00-04:00,38.86750030517578,38.90299987792969,38.83000183105469,38.83000183105469,730,0.0,0.0
2024-08-19 13:25:00-04:00,38.8650016784668,38.8650016784668,38.8650016784668,38.8650016784668,503,0.0,0.0
2024-08-19 13:30:00-04:00,38.880001068115234,38.93000030517578,38.869998931884766,38.93000030517578,3768,0.0,0.0
2024-08-19 13:35:00-04:00,38.939998626708984,38.939998626708984,38.91999816894531,38.91999816894531,1301,0.0,0.0
2024-08-19 13:50:00-04:00,38.959999084472656,38.959999084472656,38.935001373291016,38.935001373291016,541,0.0,0.0
2024-08-19 13:55:00-04:00,38.970001220703125,38.97999954223633,38.91999816894531,38.97999954223633,2182,0.0,0.0
2024-08-19 14:05:00-04:00,38.97999954223633,38.99599838256836,38.95500183105469,38.97999954223633,1228,0.0,0.0
2024-08-19 14:10:00-04:00,38.959999084472656,38.9900016784668,38.959999084472656,38.9900016784668,660,0.0,0.0
2024-08-19 14:15:00-04:00,38.97999954223633,39.08000183105469,38.97999954223633,39.08000183105469,4109,0.0,0.0
2024-08-19 14:20:00-04:00,39.02000045776367,39.09000015258789,39.02000045776367,39.09000015258789,508,0.0,0.0
2024-08-19 14:25:00-04:00,39.099998474121094,39.11000061035156,39.099998474121094,39.11000061035156,587,0.0,0.0
2024-08-19 14:30:00-04:00,39.11000061035156,39.16600036621094,39.11000061035156,39.16600036621094,1104,0.0,0.0
2024-08-19 14:35:00-04:00,39.13999938964844,39.18000030517578,39.13999938964844,39.18000030517578,1635,0.0,0.0
2024-08-19 14:40:00-04:00,39.18600082397461,39.20000076293945,39.16999816894531,39.18000030517578,2003,0.0,0.0
2024-08-19 14:45:00-04:00,39.15999984741211,39.18600082397461,39.15999984741211,39.18600082397461,758,0.0,0.0
2024-08-19 14:50:00-04:00,39.16999816894531,39.18000030517578,39.16999816894531,39.18000030517578,724,0.0,0.0
2024-08-19 14:55:00-04:00,39.15999984741211,39.209999084472656,39.150001525878906,39.209999084472656,1071,0.0,0.0
2024-08-19 15:00:00-04:00,39.20090103149414,39.20090103149414,39.20090103149414,39.20090103149414,357,0.0,0.0
2024-08-19 15:05:00-04:00,39.13999938964844,39.150001525878906,39.11000061035156,39.150001525878906,1152,0.0,0.0
2024-08-19 15:10:00-04:00,39.16999816894531,39.18000030517578,39.11000061035156,39.11000061035156,3687,0.0,0.0
2024-08-19 15:15:00-04:00,39.11000061035156,39.130001068115234,39.11000061035156,39.130001068115234,1017,0.0,0.0
2024-08-19 15:20:00-04:00,39.11000061035156,39.11000061035156,39.06999969482422,39.06999969482422,1443,0.0,0.0
2024-08-19 15:25:00-04:00,39.07500076293945,39.099998474121094,39.040000915527344,39.06999969482422,1038,0.0,0.0
2024-08-19 15:30:00-04:00,39.060001373291016,39.08000183105469,39.060001373291016,39.08000183105469,630,0.0,0.0
2024-08-19 15:35:00-04:00,39.06999969482422,39.06999969482422,39.04999923706055,39.060001373291016,639,0.0,0.0
2024-08-19 15:40:00-04:00,39.040000915527344,39.18000030517578,39.040000915527344,39.10499954223633,2690,0.0,0.0
2024-08-19 15:45:00-04:00,39.08000183105469,39.09000015258789,39.08000183105469,39.09000015258789,664,0.0,0.0
2024-08-19 15:50:00-04:00,39.060001373291016,39.06999969482422,38.95000076293945,38.95000076293945,5178,0.0,0.0
2024-08-19 15:55:00-04:00,38.93000030517578,39.029998779296875,38.91999816894531,38.93000030517578,18098,0.0,0.0
2024-08-20 09:30:00-04:00,38.790000915527344,38.790000915527344,38.709999084472656,38.720001220703125,7168,0.0,0.0
2024-08-20 09:35:00-04:00,38.71500015258789,38.76240158081055,38.560001373291016,38.720001220703125,2181,0.0,0.0
2024-08-20 09:40:00-04:00,38.869998931884766,38.869998931884766,38.709999084472656,38.709999084472656,1135,0.0,0.0
2024-08-20 09:45:00-04:00,38.630001068115234,38.630001068115234,38.630001068115234,38.630001068115234,272,0.0,0.0
2024-08-20 09:55:00-04:00,38.78499984741211,38.78499984741211,38.78499984741211,38.78499984741211,1407,0.0,0.0
2024-08-20 10:00:00-04:00,38.880001068115234,39.029998779296875,38.86000061035156,38.97999954223633,2684,0.0,0.0
2024-08-20 10:10:00-04:00,38.97999954223633,38.97999954223633,38.959999084472656,38.974998474121094,856,0.0,0.0
2024-08-20 10:15:00-04:00,38.88999938964844,38.88999938964844,38.88999938964844,38.88999938964844,128,0.0,0.0
2024-08-20 10:20:00-04:00,38.830299377441406,38.830299377441406,38.830299377441406,38.830299377441406,490,0.0,0.0
2024-08-20 10:25:00-04:00,38.93000030517578,38.93000030517578,38.93000030517578,38.93000030517578,672,0.0,0.0
2024-08-20 10:30:00-04:00,38.880001068115234,38.93370056152344,38.83000183105469,38.93370056152344,1794,0.0,0.0
2024-08-20 10:35:00-04:00,38.8849983215332,38.8849983215332,38.8849983215332,38.8849983215332,225,0.0,0.0
2024-08-20 10:40:00-04:00,38.939998626708984,38.959999084472656,38.93000030517578,38.93000030517578,1836,0.0,0.0
2024-08-20 10:45:00-04:00,38.95000076293945,39.0,38.95000076293945,39.0,841,0.0,0.0
2024-08-20 10:50:00-04:00,38.81999969482422,38.81999969482422,38.81999969482422,38.81999969482422,491,0.0,0.0
2024-08-20 11:00:00-04:00,38.810001373291016,38.84000015258789,38.810001373291016,38.810001373291016,1027,0.0,0.0
2024-08-20 11:05:00-04:00,38.84000015258789,38.849998474121094,38.84000015258789,38.84000015258789,568,0.0,0.0
2024-08-20 11:10:00-04:00,38.79999923706055,38.79999923706055,38.790000915527344,38.790000915527344,362,0.0,0.0
2024-08-20 11:15:00-04:00,38.779998779296875,38.779998779296875,38.779998779296875,38.779998779296875,1262,0.0,0.0
2024-08-20 11:20:00-04:00,38.709999084472656,38.744998931884766,38.709999084472656,38.720001220703125,1386,0.0,0.0
2024-08-20 11:35:00-04:00,38.705501556396484,38.705501556396484,38.54999923706055,38.54999923706055,1456,0.0,0.0
2024-08-20 11:40:00-04:00,38.68989944458008,38.68989944458008,38.619998931884766,38.619998931884766,1176,0.0,0.0
2024-08-20 11:45:00-04:00,38.630001068115234,38.68000030517578,38.630001068115234,38.665000915527344,1502,0.0,0.0
2024-08-20 11:50:00-04:00,38.70000076293945,38.70000076293945,38.66999816894531,38.689998626708984,760,0.0,0.0
2024-08-20 11:55:00-04:00,38.65999984741211,38.70000076293945,38.65999984741211,38.68000030517578,1416,0.0,0.0
2024-08-20 12:00:00-04:00,38.72999954223633,38.72999954223633,38.72999954223633,38.72999954223633,921,0.0,0.0
2024-08-20 12:05:00-04:00,38.72999954223633,38.82500076293945,38.72999954223633,38.82500076293945,1747,0.0,0.0
2024-08-20 12:10:00-04:00,38.750099182128906,38.84000015258789,38.750099182128906,38.81999969482422,1361,0.0,0.0
2024-08-20 12:20:00-04:00,38.880001068115234,38.880001068115234,38.810001373291016,38.810001373291016,752,0.0,0.0
2024-08-20 12:25:00-04:00,38.82500076293945,38.880001068115234,38.82500076293945,38.880001068115234,634,0.0,0.0
2024-08-20 12:30:00-04:00,38.84000015258789,38.84000015258789,38.84000015258789,38.84000015258789,464,0.0,0.0
2024-08-20 12:35:00-04:00,38.84000015258789,38.880001068115234,38.84000015258789,38.84000015258789,564,0.0,0.0
2024-08-20 12:40:00-04:00,38.84000015258789,38.86000061035156,38.84000015258789,38.86000061035156,392,0.0,0.0
2024-08-20 12:45:00-04:00,38.84000015258789,38.880001068115234,38.84000015258789,38.880001068115234,389,0.0,0.0
2024-08-20 12:50:00-04:00,38.845001220703125,38.88999938964844,38.84000015258789,38.84000015258789,665,0.0,0.0
2024-08-20 12:55:00-04:00,38.83000183105469,38.869998931884766,38.82500076293945,38.84000015258789,1460,0.0,0.0
2024-08-20 13:10:00-04:00,38.869998931884766,38.869998931884766,38.869998931884766,38.869998931884766,130,0.0,0.0
2024-08-20 13:15:00-04:00,38.810001373291016,38.86000061035156,38.79999923706055,38.86000061035156,4354,0.0,0.0
2024-08-20 13:20:00-04:00,38.83789825439453,38.86000061035156,38.83000183105469,38.834999084472656,1859,0.0,0.0
2024-08-20 13:25:00-04:00,38.83000183105469,38.83000183105469,38.83000183105469,38.83000183105469,133,0.0,0.0
2024-08-20 13:30:00-04:00,38.849998474121094,38.849998474121094,38.814998626708984,38.83000183105469,5575,0.0,0.0
2024-08-20 13:35:00-04:00,38.86000061035156,38.86000061035156,38.849998474121094,38.849998474121094,675,0.0,0.0
2024-08-20 13:40:00-04:00,38.849998474121094,38.91999816894531,38.81999969482422,38.869998931884766,3891,0.0,0.0
2024-08-20 13:45:00-04:00,38.869998931884766,38.91899871826172,38.869998931884766,38.900001525878906,2174,0.0,0.0
2024-08-20 13:50:00-04:00,38.900001525878906,38.90999984741211,38.849998474121094,38.900001525878906,4076,0.0,0.0
2024-08-20 13:55:00-04:00,38.90999984741211,38.90999984741211,38.81999969482422,38.90999984741211,2007,0.0,0.0
2024-08-20 14:00:00-04:00,38.91999816894531,39.029998779296875,38.89500045776367,39.0099983215332,1813,0.0,0.0
2024-08-20 14:05:00-04:00,38.97999954223633,38.97999954223633,38.95280075073242,38.97999954223633,1609,0.0,0.0
2024-08-20 14:10:00-04:00,38.97999954223633,38.9900016784668,38.97999954223633,38.9900016784668,2048,0.0,0.0
2024-08-20 14:15:00-04:00,38.970001220703125,39.02000045776367,38.970001220703125,39.0,1336,0.0,0.0
2024-08-20 14:20:00-04:00,39.02989959716797,39.08000183105469,39.02989959716797,39.06999969482422,3390,0.0,0.0
2024-08-20 14:25:00-04:00,39.04999923706055,39.08000183105469,38.9900016784668,39.08000183105469,2920,0.0,0.0
2024-08-20 14:30:00-04:00,39.06999969482422,39.08000183105469,39.06999969482422,39.08000183105469,778,0.0,0.0
2024-08-20 14:35:00-04:00,39.04999923706055,39.08000183105469,39.040000915527344,39.07400131225586,1187,0.0,0.0
2024-08-20 14:40:00-04:00,39.08000183105469,39.08000183105469,39.064998626708984,39.06999969482422,1604,0.0,0.0
2024-08-20 14:45:00-04:00,39.097999572753906,39.15999984741211,39.08000183105469,39.15999984741211,1988,0.0,0.0
2024-08-20 14:50:00-04:00,39.15999984741211,39.15999984741211,39.150001525878906,39.15999984741211,1133,0.0,0.0
2024-08-20 14:55:00-04:00,39.099998474121094,39.150001525878906,39.099998474121094,39.119998931884766,1367,0.0,0.0
2024-08-20 15:00:00-04:00,39.119998931884766,39.130001068115234,39.119998931884766,39.125,1400,0.0,0.0
2024-08-20 15:05:00-04:00,39.130001068115234,39.15999984741211,39.11000061035156,39.15999984741211,1376,0.0,0.0
2024-08-20 15:10:00-04:00,39.12009811401367,39.16999816894531,39.12009811401367,39.16999816894531,3262,0.0,0.0
2024-08-20 15:15:00-04:00,39.167999267578125,39.16999816894531,39.150001525878906,39.15999984741211,7748,0.0,0.0
2024-08-20 15:20:00-04:00,39.18000030517578,39.2400016784668,39.18000030517578,39.2400016784668,1914,0.0,0.0
2024-08-20 15:25:00-04:00,39.25,39.25,39.23500061035156,39.2400016784668,1197,0.0,0.0
2024-08-20 15:30:00-04:00,39.2599983215332,39.279998779296875,39.220001220703125,39.220001220703125,3126,0.0,0.0
2024-08-20 15:35:00-04:00,39.224998474121094,39.224998474121094,39.060001373291016,39.09000015258789,2527,0.0,0.0
2024-08-20 15:40:00-04:00,39.15999984741211,39.189998626708984,39.15999984741211,39.189998626708984,669,0.0,0.0
2024-08-20 15:45:00-04:00,39.189998626708984,39.20000076293945,39.138999938964844,39.20000076293945,731,0.0,0.0
2024-08-20 15:50:00-04:00,39.20000076293945,39.20000076293945,39.150001525878906,39.20000076293945,7821,0.0,0.0
2024-08-20 15:55:00-04:00,39.209999084472656,39.275001525878906,39.04999923706055,39.06999969482422,22797,0.0,0.0
2024-08-21 09:30:00-04:00,39.349998474121094,39.40999984741211,39.349998474121094,39.40999984741211,2649,0.0,0.0
2024-08-21 09:40:00-04:00,39.04999923706055,39.04999923706055,39.04999923706055,39.04999923706055,400,0.0,0.0
2024-08-21 09:50:00-04:00,39.02000045776367,39.02000045776367,39.02000045776367,39.02000045776367,125,0.0,0.0
2024-08-21 09:55:00-04:00,39.099998474121094,39.375,39.060001373291016,39.060001373291016,4031,0.0,0.0
2024-08-21 10:00:00-04:00,39.310001373291016,39.310001373291016,39.20500183105469,39.20500183105469,1184,0.0,0.0
2024-08-21 10:05:00-04:00,39.20500183105469,39.20500183105469,39.20500183105469,39.20500183105469,143,0.0,0.0
2024-08-21 10:15:00-04:00,39.0,39.0,39.0,39.0,843,0.0,0.0
2024-08-21 10:20:00-04:00,39.08000183105469,39.20000076293945,39.08000183105469,39.20000076293945,1433,0.0,0.0
2024-08-21 10:35:00-04:00,39.279998779296875,39.3025016784668,39.220001220703125,39.220001220703125,1121,0.0,0.0
2024-08-21 10:40:00-04:00,39.189998626708984,39.23500061035156,39.15999984741211,39.23500061035156,1077,0.0,0.0
2024-08-21 10:45:00-04:00,39.19219970703125,39.19219970703125,39.19219970703125,39.19219970703125,349,0.0,0.0
2024-08-21 10:55:00-04:00,39.1349983215332,39.1349983215332,39.1349983215332,39.1349983215332,434,0.0,0.0
2024-08-21 11:00:00-04:00,39.0,39.11000061035156,39.0,39.02000045776367,1731,0.0,0.0
2024-08-21 11:10:00-04:00,39.099998474121094,39.185001373291016,39.099998474121094,39.185001373291016,3577,0.0,0.0
2024-08-21 11:15:00-04:00,39.119998931884766,39.17250061035156,39.02000045776367,39.04999923706055,2466,0.0,0.0
2024-08-21 11:20:00-04:00,39.09000015258789,39.09000015258789,39.09000015258789,39.09000015258789,312,0.0,0.0
2024-08-21 11:25:00-04:00,39.130001068115234,39.29499816894531,39.130001068115234,39.2599983215332,1525,0.0,0.0
2024-08-21 11:30:00-04:00,39.20000076293945,39.25,39.18000030517578,39.25,781,0.0,0.0
2024-08-21 11:35:00-04:00,39.2599983215332,39.29999923706055,39.2400016784668,39.29999923706055,1269,0.0,0.0
2024-08-21 11:40:00-04:00,39.26029968261719,39.26029968261719,39.26029968261719,39.26029968261719,220,0.0,0.0
2024-08-21 11:45:00-04:00,39.31999969482422,39.33000183105469,39.244998931884766,39.244998931884766,974,0.0,0.0
2024-08-21 11:50:00-04:00,39.244998931884766,39.29999923706055,39.244998931884766,39.279998779296875,424,0.0,0.0
2024-08-21 11:55:00-04:00,39.2599983215332,39.2599983215332,39.2599983215332,39.2599983215332,327,0.0,0.0
2024-08-21 12:00:00-04:00,39.2599983215332,39.2599983215332,39.2599983215332,39.2599983215332,192,0.0,0.0
2024-08-21 12:05:00-04:00,39.2599983215332,39.2599983215332,39.220001220703125,39.25,1756,0.0,0.0
2024-08-21 12:10:00-04:00,39.220001220703125,39.279998779296875,39.220001220703125,39.279998779296875,715,0.0,0.0
2024-08-21 12:15:00-04:00,39.22999954223633,39.2400016784668,39.220001220703125,39.2400016784668,617,0.0,0.0
2024-08-21 12:20:00-04:00,39.15650177001953,39.15650177001953,39.13999938964844,39.13999938964844,672,0.0,0.0
2024-08-21 12:25:00-04:00,39.27000045776367,39.349998474121094,39.27000045776367,39.290000915527344,4251,0.0,0.0
2024-08-21 12:30:00-04:00,39.290000915527344,39.34000015258789,39.28499984741211,39.34000015258789,1946,0.0,0.0
2024-08-21 12:35:00-04:00,39.380001068115234,39.380001068115234,39.380001068115234,39.380001068115234,231,0.0,0.0
2024-08-21 12:40:00-04:00,39.38999938964844,39.38999938964844,39.380001068115234,39.380001068115234,721,0.0,0.0
2024-08-21 12:45:00-04:00,39.3650016784668,39.3650016784668,39.29999923706055,39.29999923706055,1405,0.0,0.0
2024-08-21 12:50:00-04:00,39.290000915527344,39.3489990234375,39.290000915527344,39.3489990234375,485,0.0,0.0
2024-08-21 12:55:00-04:00,39.380001068115234,39.40999984741211,39.380001068115234,39.380001068115234,2406,0.0,0.0
2024-08-21 13:10:00-04:00,39.4099006652832,39.4099006652832,39.36000061035156,39.36000061035156,215,0.0,0.0
2024-08-21 13:15:00-04:00,39.36000061035156,39.36000061035156,39.36000061035156,39.36000061035156,174,0.0,0.0
2024-08-21 13:20:00-04:00,39.32600021362305,39.400001525878906,39.32600021362305,39.400001525878906,1497,0.0,0.0
2024-08-21 13:25:00-04:00,39.380001068115234,39.380001068115234,39.380001068115234,39.380001068115234,183,0.0,0.0
2024-08-21 13:30:00-04:00,39.35499954223633,39.380001068115234,39.35499954223633,39.380001068115234,766,0.0,0.0
2024-08-21 13:35:00-04:00,39.369998931884766,39.369998931884766,39.310001373291016,39.310001373291016,644,0.0,0.0
2024-08-21 13:40:00-04:00,39.380001068115234,39.400001525878906,39.369998931884766,39.369998931884766,1596,0.0,0.0
2024-08-21 13:45:00-04:00,39.40999984741211,39.40999984741211,39.36000061035156,39.36000061035156,397,0.0,0.0
2024-08-21 13:50:00-04:00,39.40999984741211,39.40999984741211,39.40999984741211,39.40999984741211,594,0.0,0.0
2024-08-21 14:00:00-04:00,39.400001525878906,39.400001525878906,39.380001068115234,39.380001068115234,420,0.0,0.0
2024-08-21 14:05:00-04:00,39.400001525878906,39.400001525878906,39.38999938964844,39.38999938964844,285,0.0,0.0
2024-08-21 14:10:00-04:00,39.380001068115234,39.380001068115234,39.380001068115234,39.380001068115234,469,0.0,0.0
2024-08-21 14:20:00-04:00,39.38999938964844,39.38999938964844,39.349998474121094,39.349998474121094,879,0.0,0.0
2024-08-21 14:25:00-04:00,39.380001068115234,39.45000076293945,39.380001068115234,39.45000076293945,2986,0.0,0.0
2024-08-21 14:30:00-04:00,39.45000076293945,39.45000076293945,39.400001525878906,39.400001525878906,2172,0.0,0.0
2024-08-21 14:35:00-04:00,39.40999984741211,39.41999816894531,39.400001525878906,39.400001525878906,1359,0.0,0.0
2024-08-21 14:40:00-04:00,39.400001525878906,39.40999984741211,39.380001068115234,39.40999984741211,885,0.0,0.0
2024-08-21 14:45:00-04:00,39.38999938964844,39.43000030517578,39.38999938964844,39.43000030517578,1316,0.0,0.0
2024-08-21 14:50:00-04:00,39.400001525878906,39.400001525878906,39.400001525878906,39.400001525878906,1176,0.0,0.0
2024-08-21 14:55:00-04:00,39.39500045776367,39.40999984741211,39.38999938964844,39.400001525878906,1484,0.0,0.0
2024-08-21 15:00:00-04:00,39.404998779296875,39.43000030517578,39.38999938964844,39.41999816894531,3905,0.0,0.0
2024-08-21 15:05:00-04:00,39.41999816894531,39.43000030517578,39.380001068115234,39.43000030517578,3371,0.0,0.0
2024-08-21 15:10:00-04:00,39.41999816894531,39.435001373291016,39.41999816894531,39.435001373291016,1740,0.0,0.0
2024-08-21 15:15:00-04:00,39.439998626708984,39.45000076293945,39.380001068115234,39.39500045776367,2649,0.0,0.0
2024-08-21 15:20:00-04:00,39.369998931884766,39.400001525878906,39.369998931884766,39.400001525878906,487,0.0,0.0
2024-08-21 15:25:00-04:00,39.37120056152344,39.442501068115234,39.349998474121094,39.380001068115234,6015,0.0,0.0
2024-08-21 15:30:00-04:00,39.380001068115234,39.380001068115234,39.349998474121094,39.380001068115234,1823,0.0,0.0
2024-08-21 15:35:00-04:00,39.349998474121094,39.439998626708984,39.33000183105469,39.41999816894531,6490,0.0,0.0
2024-08-21 15:40:00-04:00,39.45000076293945,39.45000076293945,39.38999938964844,39.38999938964844,1624,0.0,0.0
2024-08-21 15:45:00-04:00,39.38999938964844,39.412498474121094,39.36000061035156,39.380001068115234,3231,0.0,0.0
2024-08-21 15:50:00-04:00,39.33000183105469,39.369998931884766,39.209999084472656,39.27000045776367,8648,0.0,0.0
2024-08-21 15:55:00-04:00,39.27000045776367,39.36000061035156,39.22999954223633,39.36000061035156,36386,0.0,0.0
2024-08-22 09:30:00-04:00,39.349998474121094,39.42499923706055,39.349998474121094,39.42499923706055,3037,0.0,0.0
2024-08-22 09:40:00-04:00,39.54999923706055,39.54999923706055,39.43000030517578,39.43000030517578,1256,0.0,0.0
2024-08-22 09:45:00-04:00,39.4900016784668,39.4900016784668,39.43000030517578,39.43000030517578,919,0.0,0.0
2024-08-22 09:55:00-04:00,39.5,39.5,39.380001068115234,39.462501525878906,13979,0.0,0.0
2024-08-22 10:00:00-04:00,39.4900016784668,39.4900016784668,39.4900016784668,39.4900016784668,1452,0.0,0.0
2024-08-22 10:05:00-04:00,39.505001068115234,39.505001068115234,39.505001068115234,39.505001068115234,570,0.0,0.0
2024-08-22 10:10:00-04:00,39.5099983215332,39.5099983215332,39.5099983215332,39.5099983215332,444,0.0,0.0
2024-08-22 10:15:00-04:00,39.43000030517578,39.4900016784668,39.43000030517578,39.45000076293945,2592,0.0,0.0
2024-08-22 10:20:00-04:00,39.47999954223633,39.5099983215332,39.47999954223633,39.5099983215332,1282,0.0,0.0
2024-08-22 10:25:00-04:00,39.52220153808594,39.52220153808594,39.45000076293945,39.45000076293945,790,0.0,0.0
2024-08-22 10:30:00-04:00,39.4739990234375,39.474998474121094,39.4739990234375,39.474998474121094,266,0.0,0.0
2024-08-22 10:35:00-04:00,39.48749923706055,39.529998779296875,39.48749923706055,39.529998779296875,1882,0.0,0.0
2024-08-22 10:40:00-04:00,39.540000915527344,39.540000915527344,39.510398864746094,39.510398864746094,1798,0.0,0.0
2024-08-22 10:45:00-04:00,39.529998779296875,39.560001373291016,39.52000045776367,39.560001373291016,1732,0.0,0.0
2024-08-22 10:50:00-04:00,39.510101318359375,39.510101318359375,39.510101318359375,39.510101318359375,262,0.0,0.0
2024-08-22 10:55:00-04:00,39.5099983215332,39.5099983215332,39.5,39.5,1289,0.0,0.0
2024-08-22 11:05:00-04:00,39.4900016784668,39.5,39.45000076293945,39.45000076293945,1442,0.0,0.0
2024-08-22 11:10:00-04:00,39.45000076293945,39.470001220703125,39.41999816894531,39.41999816894531,866,0.0,0.0
2024-08-22 11:15:00-04:00,39.45000076293945,39.45000076293945,39.45000076293945,39.45000076293945,625,0.0,0.0
2024-08-22 11:20:00-04:00,39.40999984741211,39.43000030517578,39.36000061035156,39.43000030517578,4791,0.0,0.0
2024-08-22 11:25:00-04:00,39.439998626708984,39.439998626708984,39.41999816894531,39.439998626708984,2135,0.0,0.0
2024-08-22 11:30:00-04:00,39.439998626708984,39.47999954223633,39.439998626708984,39.47999954223633,1803,0.0,0.0
2024-08-22 11:35:00-04:00,39.47999954223633,39.4900016784668,39.47999954223633,39.47999954223633,2043,0.0,0.0
2024-08-22 11:40:00-04:00,39.48500061035156,39.48500061035156,39.380001068115234,39.435001373291016,1724,0.0,0.0
2024-08-22 11:45:00-04:00,39.41999816894531,39.41999816894531,39.415000915527344,39.415000915527344,412,0.0,0.0
2024-08-22 11:50:00-04:00,39.400001525878906,39.43000030517578,39.400001525878906,39.43000030517578,620,0.0,0.0
2024-08-22 11:55:00-04:00,39.40999984741211,39.41999816894531,39.400001525878906,39.400001525878906,562,0.0,0.0
2024-08-22 12:05:00-04:00,39.459999084472656,39.459999084472656,39.459999084472656,39.459999084472656,931,0.0,0.0
2024-08-22 12:10:00-04:00,39.459999084472656,39.4900016784668,39.44779968261719,39.4900016784668,3356,0.0,0.0
2024-08-22 12:15:00-04:00,39.4900016784668,39.4900016784668,39.4900016784668,39.4900016784668,372,0.0,0.0
2024-08-22 12:20:00-04:00,39.4900016784668,39.4900016784668,39.4900016784668,39.4900016784668,208,0.0,0.0
2024-08-22 12:25:00-04:00,39.474998474121094,39.474998474121094,39.459999084472656,39.46500015258789,1114,0.0,0.0
2024-08-22 12:35:00-04:00,39.45000076293945,39.47999954223633,39.45000076293945,39.47999954223633,244,0.0,0.0
2024-08-22 12:40:00-04:00,39.45000076293945,39.459999084472656,39.45000076293945,39.459999084472656,662,0.0,0.0
2024-08-22 12:45:00-04:00,39.45000076293945,39.45000076293945,39.40999984741211,39.40999984741211,1767,0.0,0.0
2024-08-22 12:50:00-04:00,39.400001525878906,39.45000076293945,39.400001525878906,39.42499923706055,484,0.0,0.0
2024-08-22 12:55:00-04:00,39.400001525878906,39.43000030517578,39.380001068115234,39.41999816894531,1466,0.0,0.0
2024-08-22 13:00:00-04:00,39.369998931884766,39.439998626708984,39.36000061035156,39.439998626708984,1969,0.0,0.0
2024-08-22 13:10:00-04:00,39.41999816894531,39.45000076293945,39.3849983215332,39.45000076293945,5175,0.0,0.0
2024-08-22 13:15:00-04:00,39.45000076293945,39.45000076293945,39.400001525878906,39.400001525878906,1223,0.0,0.0
2024-08-22 13:20:00-04:00,39.400001525878906,39.41999816894531,39.380001068115234,39.380001068115234,2626,0.0,0.0
2024-08-22 13:25:00-04:00,39.375,39.380001068115234,39.34000015258789,39.34000015258789,1529,0.0,0.0
2024-08-22 13:30:00-04:00,39.31999969482422,39.34000015258789,39.290000915527344,39.34000015258789,3913,0.0,0.0
2024-08-22 13:35:00-04:00,39.32500076293945,39.349998474121094,39.32500076293945,39.349998474121094,1403,0.0,0.0
2024-08-22 13:40:00-04:00,39.34000015258789,39.45000076293945,39.34000015258789,39.45000076293945,3603,0.0,0.0
2024-08-22 13:50:00-04:00,39.439998626708984,39.439998626708984,39.380001068115234,39.380001068115234,3345,0.0,0.0
2024-08-22 13:55:00-04:00,39.439998626708984,39.439998626708984,39.439998626708984,39.439998626708984,330,0.0,0.0
2024-08-22 14:05:00-04:00,39.41400146484375,39.470001220703125,39.41400146484375,39.41999816894531,2271,0.0,0.0
2024-08-22 14:15:00-04:00,39.470001220703125,39.5,39.459999084472656,39.48500061035156,2987,0.0,0.0
2024-08-22 14:20:00-04:00,39.4900016784668,39.4900016784668,39.448001861572266,39.4900016784668,1942,0.0,0.0
2024-08-22 14:25:00-04:00,39.5,39.5,39.5,39.5,141,0.0,0.0
2024-08-22 14:30:00-04:00,39.47999954223633,39.4900016784668,39.47999954223633,39.4900016784668,1538,0.0,0.0
2024-08-22 14:35:00-04:00,39.5,39.5,39.47999954223633,39.5,968,0.0,0.0
2024-08-22 14:40:00-04:00,39.47999954223633,39.48500061035156,39.47999954223633,39.48500061035156,660,0.0,0.0
2024-08-22 14:45:00-04:00,39.4900016784668,39.529998779296875,39.47999954223633,39.52000045776367,2743,0.0,0.0
2024-08-22 14:50:00-04:00,39.529998779296875,39.540000915527344,39.5099983215332,39.5099983215332,1125,0.0,0.0
2024-08-22 14:55:00-04:00,39.52000045776367,39.52000045776367,39.52000045776367,39.52000045776367,446,0.0,0.0
2024-08-22 15:00:00-04:00,39.52000045776367,39.52000045776367,39.5,39.5,850,0.0,0.0
2024-08-22 15:05:00-04:00,39.5099983215332,39.529998779296875,39.5099983215332,39.529998779296875,812,0.0,0.0
2024-08-22 15:10:00-04:00,39.540000915527344,39.59000015258789,39.540000915527344,39.59000015258789,1824,0.0,0.0
2024-08-22 15:15:00-04:00,39.58000183105469,39.58000183105469,39.58000183105469,39.58000183105469,1031,0.0,0.0
2024-08-22 15:20:00-04:00,39.58000183105469,39.59000015258789,39.58000183105469,39.59000015258789,639,0.0,0.0
2024-08-22 15:25:00-04:00,39.59000015258789,39.59000015258789,39.540000915527344,39.540000915527344,1457,0.0,0.0
2024-08-22 15:30:00-04:00,39.529998779296875,39.54999923706055,39.529998779296875,39.529998779296875,1597,0.0,0.0
2024-08-22 15:35:00-04:00,39.540000915527344,39.54999923706055,39.540000915527344,39.54999923706055,1164,0.0,0.0
2024-08-22 15:40:00-04:00,39.560001373291016,39.59000015258789,39.560001373291016,39.59000015258789,3315,0.0,0.0
2024-08-22 15:45:00-04:00,39.58000183105469,39.58000183105469,39.54999923706055,39.56999969482422,1541,0.0,0.0
2024-08-22 15:50:00-04:00,39.56999969482422,39.56999969482422,39.46500015258789,39.46500015258789,5751,0.0,0.0
2024-08-22 15:55:00-04:00,39.5,39.56999969482422,39.45000076293945,39.56999969482422,12520,0.0,0.0
2024-08-23 09:30:00-04:00,39.529998779296875,39.529998779296875,39.47999954223633,39.47999954223633,6904,0.0,0.0
2024-08-23 09:45:00-04:00,39.630001068115234,39.630001068115234,39.47999954223633,39.47999954223633,1505,0.0,0.0
2024-08-23 09:50:00-04:00,39.529998779296875,39.529998779296875,39.369998931884766,39.4900016784668,1666,0.0,0.0
2024-08-23 09:55:00-04:00,39.529998779296875,39.58000183105469,39.50379943847656,39.58000183105469,2753,0.0,0.0
2024-08-23 10:00:00-04:00,39.709999084472656,39.82789993286133,39.650001525878906,39.650001525878906,1969,0.0,0.0
2024-08-23 10:05:00-04:00,39.75,39.81999969482422,39.63999938964844,39.81999969482422,1388,0.0,0.0
2024-08-23 10:10:00-04:00,39.81999969482422,39.93000030517578,39.779998779296875,39.86000061035156,2759,0.0,0.0
2024-08-23 10:15:00-04:00,39.849998474121094,39.849998474121094,39.689998626708984,39.7599983215332,1559,0.0,0.0
2024-08-23 10:20:00-04:00,39.689998626708984,39.86000061035156,39.66999816894531,39.86000061035156,2231,0.0,0.0
2024-08-23 10:25:00-04:00,39.970001220703125,39.970001220703125,39.970001220703125,39.970001220703125,438,0.0,0.0
2024-08-23 10:30:00-04:00,39.89400100708008,39.89759826660156,39.720001220703125,39.89759826660156,3744,0.0,0.0
2024-08-23 10:35:00-04:00,39.970001220703125,40.0099983215332,39.869998931884766,40.0099983215332,4295,0.0,0.0
2024-08-23 10:40:00-04:00,39.9900016784668,40.18000030517578,39.9900016784668,40.16999816894531,3885,0.0,0.0
2024-08-23 10:45:00-04:00,40.18000030517578,40.244998931884766,40.130001068115234,40.154998779296875,1983,0.0,0.0
2024-08-23 10:50:00-04:00,40.08000183105469,40.1349983215332,40.040000915527344,40.040000915527344,914,0.0,0.0
2024-08-23 11:00:00-04:00,40.130001068115234,40.18000030517578,40.130001068115234,40.130001068115234,1763,0.0,0.0
2024-08-23 11:05:00-04:00,40.22999954223633,40.34000015258789,40.189998626708984,40.34000015258789,3450,0.0,0.0
2024-08-23 11:10:00-04:00,40.279998779296875,40.32500076293945,40.25,40.32500076293945,778,0.0,0.0
2024-08-23 11:15:00-04:00,40.36000061035156,40.36000061035156,40.36000061035156,40.36000061035156,234,0.0,0.0
2024-08-23 11:20:00-04:00,40.27000045776367,40.27000045776367,40.2599983215332,40.2599983215332,818,0.0,0.0
2024-08-23 11:25:00-04:00,40.16999816894531,40.29999923706055,40.150001525878906,40.29999923706055,555,0.0,0.0
2024-08-23 11:30:00-04:00,40.33000183105469,40.334999084472656,40.279998779296875,40.279998779296875,890,0.0,0.0
2024-08-23 11:35:00-04:00,40.38999938964844,40.43000030517578,40.38999938964844,40.43000030517578,1879,0.0,0.0
2024-08-23 11:45:00-04:00,40.290000915527344,40.290000915527344,40.290000915527344,40.290000915527344,842,0.0,0.0
2024-08-23 11:50:00-04:00,40.119998931884766,40.119998931884766,40.119998931884766,40.119998931884766,450,0.0,0.0
2024-08-23 11:55:00-04:00,40.11000061035156,40.11000061035156,40.11000061035156,40.11000061035156,376,0.0,0.0
2024-08-23 12:00:00-04:00,40.060001373291016,40.15999984741211,40.0,40.15999984741211,1811,0.0,0.0
2024-08-23 12:05:00-04:00,40.040000915527344,40.18000030517578,40.040000915527344,40.150001525878906,2015,0.0,0.0
2024-08-23 12:10:00-04:00,40.18000030517578,40.189998626708984,40.150001525878906,40.150001525878906,762,0.0,0.0
2024-08-23 12:15:00-04:00,40.20500183105469,40.20500183105469,40.20500183105469,40.20500183105469,613,0.0,0.0
2024-08-23 12:25:00-04:00,40.20500183105469,40.20500183105469,40.20500183105469,40.20500183105469,520,0.0,0.0
2024-08-23 12:30:00-04:00,40.18000030517578,40.2599983215332,40.150001525878906,40.2599983215332,641,0.0,0.0
2024-08-23 12:35:00-04:00,40.21500015258789,40.369998931884766,40.21500015258789,40.2400016784668,4703,0.0,0.0
2024-08-23 12:40:00-04:00,40.29999923706055,40.29999923706055,40.29999923706055,40.29999923706055,287,0.0,0.0
2024-08-23 12:45:00-04:00,40.06999969482422,40.06999969482422,40.06999969482422,40.06999969482422,662,0.0,0.0
2024-08-23 12:55:00-04:00,40.189998626708984,40.189998626708984,40.11000061035156,40.11000061035156,1251,0.0,0.0
2024-08-23 13:00:00-04:00,40.189998626708984,40.209999084472656,40.18000030517578,40.209999084472656,2757,0.0,0.0
2024-08-23 13:05:00-04:00,40.26210021972656,40.26210021972656,40.26210021972656,40.26210021972656,702,0.0,0.0
2024-08-23 13:10:00-04:00,40.29999923706055,40.31999969482422,40.2400016784668,40.2400016784668,1090,0.0,0.0
2024-08-23 13:20:00-04:00,40.2599983215332,40.2599983215332,40.18000030517578,40.189998626708984,876,0.0,0.0
2024-08-23 13:25:00-04:00,40.18000030517578,40.290000915527344,40.18000030517578,40.279998779296875,3165,0.0,0.0
2024-08-23 13:30:00-04:00,40.18000030517578,40.255001068115234,40.16999816894531,40.255001068115234,672,0.0,0.0
2024-08-23 13:35:00-04:00,40.18000030517578,40.18000030517578,40.18000030517578,40.18000030517578,172,0.0,0.0
2024-08-23 13:40:00-04:00,40.16999816894531,40.16999816894531,40.11000061035156,40.11000061035156,1380,0.0,0.0
2024-08-23 13:50:00-04:00,40.09000015258789,40.09000015258789,40.09000015258789,40.09000015258789,1161,0.0,0.0
2024-08-23 14:10:00-04:00,40.12860107421875,40.13999938964844,40.12860107421875,40.13999938964844,914,0.0,0.0
2024-08-23 14:15:00-04:00,40.14500045776367,40.20000076293945,40.08000183105469,40.20000076293945,2290,0.0,0.0
2024-08-23 14:25:00-04:00,40.130001068115234,40.130001068115234,40.130001068115234,40.130001068115234,810,0.0,0.0
2024-08-23 14:30:00-04:00,40.130001068115234,40.130001068115234,40.130001068115234,40.130001068115234,166,0.0,0.0
2024-08-23 14:35:00-04:00,40.11000061035156,40.20000076293945,40.11000061035156,40.13999938964844,2667,0.0,0.0
2024-08-23 14:40:00-04:00,40.18000030517578,40.220001220703125,40.18000030517578,40.20000076293945,2613,0.0,0.0
2024-08-23 14:45:00-04:00,40.20000076293945,40.20000076293945,40.19499969482422,40.19499969482422,489,0.0,0.0
2024-08-23 14:50:00-04:00,40.20500183105469,40.20500183105469,40.20500183105469,40.20500183105469,889,0.0,0.0
2024-08-23 14:55:00-04:00,40.227500915527344,40.227500915527344,40.16999816894531,40.209999084472656,1080,0.0,0.0
2024-08-23 15:00:00-04:00,40.154998779296875,40.209999084472656,40.130001068115234,40.209999084472656,2804,0.0,0.0
2024-08-23 15:05:00-04:00,40.189998626708984,40.209999084472656,40.16999816894531,40.16999816894531,2455,0.0,0.0
2024-08-23 15:10:00-04:00,40.20000076293945,40.23500061035156,40.189998626708984,40.21500015258789,3419,0.0,0.0
2024-08-23 15:15:00-04:00,40.1510009765625,40.1875,40.150001525878906,40.1875,2205,0.0,0.0
2024-08-23 15:20:00-04:00,40.209999084472656,40.209999084472656,40.16999816894531,40.20000076293945,3335,0.0,0.0
2024-08-23 15:25:00-04:00,40.20000076293945,40.209999084472656,40.18000030517578,40.20750045776367,4427,0.0,0.0
2024-08-23 15:30:00-04:00,40.209999084472656,40.220001220703125,40.189998626708984,40.220001220703125,3848,0.0,0.0
2024-08-23 15:35:00-04:00,40.209999084472656,40.209999084472656,40.165000915527344,40.16999816894531,3747,0.0,0.0
2024-08-23 15:40:00-04:00,40.16999816894531,40.20000076293945,40.130001068115234,40.150001525878906,5986,0.0,0.0
2024-08-23 15:45:00-04:00,40.150001525878906,40.18000030517578,40.130001068115234,40.150001525878906,6227,0.0,0.0
2024-08-23 15:50:00-04:00,40.18000030517578,40.209999084472656,40.15999984741211,40.209999084472656,5989,0.0,0.0
2024-08-23 15:55:00-04:00,40.209999084472656,40.209999084472656,40.08000183105469,40.099998474121094,31163,0.0,0.0
2024-08-26 09:30:00-04:00,40.439998626708984,40.439998626708984,40.224998474121094,40.224998474121094,4113,0.0,0.0
2024-08-26 09:35:00-04:00,40.41999816894531,40.41999816894531,40.28200149536133,40.400001525878906,719,0.0,0.0
2024-08-26 09:40:00-04:00,40.37950134277344,40.459999084472656,40.37950134277344,40.439998626708984,1687,0.0,0.0
2024-08-26 09:45:00-04:00,40.5,40.529998779296875,40.459999084472656,40.459999084472656,2100,0.0,0.0
2024-08-26 09:55:00-04:00,40.529998779296875,40.599998474121094,40.529998779296875,40.599998474121094,9912,0.0,0.0
2024-08-26 10:05:00-04:00,40.720001220703125,40.79999923706055,40.65999984741211,40.65999984741211,2483,0.0,0.0
2024-08-26 10:10:00-04:00,40.52000045776367,40.52000045776367,40.52000045776367,40.52000045776367,316,0.0,0.0
2024-08-26 10:15:00-04:00,40.57500076293945,40.57500076293945,40.52000045776367,40.52000045776367,1053,0.0,0.0
2024-08-26 10:20:00-04:00,40.5099983215332,40.59000015258789,40.43000030517578,40.43000030517578,1651,0.0,0.0
2024-08-26 10:25:00-04:00,40.5,40.619998931884766,40.4900016784668,40.619998931884766,1819,0.0,0.0
2024-08-26 10:30:00-04:00,40.709999084472656,40.709999084472656,40.709999084472656,40.709999084472656,191,0.0,0.0
2024-08-26 10:35:00-04:00,40.680999755859375,40.680999755859375,40.599998474121094,40.61000061035156,2937,0.0,0.0
2024-08-26 10:45:00-04:00,40.63999938964844,40.63999938964844,40.54999923706055,40.54999923706055,2188,0.0,0.0
2024-08-26 10:50:00-04:00,40.56999969482422,40.56999969482422,40.5,40.5,877,0.0,0.0
2024-08-26 10:55:00-04:00,40.470001220703125,40.470001220703125,40.439998626708984,40.439998626708984,414,0.0,0.0
2024-08-26 11:10:00-04:00,40.38999938964844,40.439998626708984,40.27000045776367,40.27000045776367,3996,0.0,0.0
2024-08-26 11:20:00-04:00,40.31999969482422,40.31999969482422,40.310001373291016,40.310001373291016,930,0.0,0.0
2024-08-26 11:30:00-04:00,40.28499984741211,40.28499984741211,40.28499984741211,40.28499984741211,170,0.0,0.0
2024-08-26 11:40:00-04:00,40.30500030517578,40.380001068115234,40.27000045776367,40.336700439453125,2564,0.0,0.0
2024-08-26 11:45:00-04:00,40.360801696777344,40.540000915527344,40.34000015258789,40.34000015258789,4428,0.0,0.0
2024-08-26 11:50:00-04:00,40.380001068115234,40.380001068115234,40.380001068115234,40.380001068115234,508,0.0,0.0
2024-08-26 12:00:00-04:00,40.470001220703125,40.474998474121094,40.459999084472656,40.459999084472656,1356,0.0,0.0
2024-08-26 12:20:00-04:00,40.43000030517578,40.43000030517578,40.43000030517578,40.43000030517578,199,0.0,0.0
2024-08-26 12:25:00-04:00,40.4900016784668,40.4900016784668,40.369998931884766,40.380001068115234,1905,0.0,0.0
2024-08-26 12:30:00-04:00,40.38999938964844,40.45500183105469,40.38999938964844,40.45500183105469,286,0.0,0.0
2024-08-26 12:35:00-04:00,40.52000045776367,40.54999923706055,40.400001525878906,40.435001373291016,3837,0.0,0.0
2024-08-26 12:40:00-04:00,40.40999984741211,40.41999816894531,40.349998474121094,40.349998474121094,2064,0.0,0.0
2024-08-26 12:45:00-04:00,40.38999938964844,40.41999816894531,40.349998474121094,40.349998474121094,2115,0.0,0.0
2024-08-26 12:50:00-04:00,40.36000061035156,40.5,40.36000061035156,40.470001220703125,2891,0.0,0.0
2024-08-26 12:55:00-04:00,40.48500061035156,40.48500061035156,40.48500061035156,40.48500061035156,519,0.0,0.0
2024-08-26 13:00:00-04:00,40.54999923706055,40.54999923706055,40.540000915527344,40.54999923706055,419,0.0,0.0
2024-08-26 13:05:00-04:00,40.5,40.5,40.5,40.5,873,0.0,0.0
2024-08-26 13:10:00-04:00,40.505001068115234,40.505001068115234,40.505001068115234,40.505001068115234,346,0.0,0.0
2024-08-26 13:15:00-04:00,40.505001068115234,40.505001068115234,40.505001068115234,40.505001068115234,1444,0.0,0.0
2024-08-26 13:20:00-04:00,40.505001068115234,40.560001373291016,40.505001068115234,40.525001525878906,3020,0.0,0.0
2024-08-26 13:25:00-04:00,40.56999969482422,40.56999969482422,40.56999969482422,40.56999969482422,335,0.0,0.0
2024-08-26 13:30:00-04:00,40.525001525878906,40.525001525878906,40.525001525878906,40.525001525878906,533,0.0,0.0
2024-08-26 13:35:00-04:00,40.52000045776367,40.52000045776367,40.45000076293945,40.4900016784668,2477,0.0,0.0
2024-08-26 13:40:00-04:00,40.45500183105469,40.48500061035156,40.34000015258789,40.439998626708984,1849,0.0,0.0
2024-08-26 13:45:00-04:00,40.435001373291016,40.435001373291016,40.435001373291016,40.435001373291016,459,0.0,0.0
2024-08-26 13:50:00-04:00,40.41999816894531,40.497798919677734,40.380001068115234,40.470001220703125,1908,0.0,0.0
2024-08-26 13:55:00-04:00,40.452301025390625,40.4900016784668,40.380001068115234,40.470001220703125,4574,0.0,0.0
2024-08-26 14:00:00-04:00,40.459999084472656,40.5,40.459999084472656,40.5,688,0.0,0.0
2024-08-26 14:05:00-04:00,40.470001220703125,40.470001220703125,40.439998626708984,40.439998626708984,678,0.0,0.0
2024-08-26 14:10:00-04:00,40.45500183105469,40.45500183105469,40.45500183105469,40.45500183105469,543,0.0,0.0
2024-08-26 14:20:00-04:00,40.400001525878906,40.400001525878906,40.400001525878906,40.400001525878906,694,0.0,0.0
2024-08-26 14:25:00-04:00,40.44499969482422,40.46500015258789,40.439998626708984,40.46500015258789,720,0.0,0.0
2024-08-26 14:30:00-04:00,40.489898681640625,40.489898681640625,40.3849983215332,40.415000915527344,2161,0.0,0.0
2024-08-26 14:35:00-04:00,40.415000915527344,40.45000076293945,40.415000915527344,40.45000076293945,697,0.0,0.0
2024-08-26 14:45:00-04:00,40.45000076293945,40.459999084472656,40.38999938964844,40.38999938964844,3078,0.0,0.0
2024-08-26 14:50:00-04:00,40.400001525878906,40.400001525878906,40.31999969482422,40.3650016784668,1663,0.0,0.0
2024-08-26 14:55:00-04:00,40.3650016784668,40.43000030517578,40.3650016784668,40.404998779296875,2749,0.0,0.0
2024-08-26 15:00:00-04:00,40.39500045776367,40.39500045776367,40.369998931884766,40.38999938964844,1012,0.0,0.0
2024-08-26 15:05:00-04:00,40.38999938964844,40.439998626708984,40.38999938964844,40.40999984741211,2557,0.0,0.0
2024-08-26 15:10:00-04:00,40.40999984741211,40.45000076293945,40.39500045776367,40.39500045776367,2085,0.0,0.0
2024-08-26 15:15:00-04:00,40.39500045776367,40.39500045776367,40.39500045776367,40.39500045776367,810,0.0,0.0
2024-08-26 15:20:00-04:00,40.3849983215332,40.38999938964844,40.380001068115234,40.38999938964844,1415,0.0,0.0
2024-08-26 15:25:00-04:00,40.380001068115234,40.380001068115234,40.36000061035156,40.36000061035156,1585,0.0,0.0
2024-08-26 15:30:00-04:00,40.33000183105469,40.35499954223633,40.310001373291016,40.334999084472656,3024,0.0,0.0
2024-08-26 15:35:00-04:00,40.33290100097656,40.41999816894531,40.310001373291016,40.40999984741211,3460,0.0,0.0
2024-08-26 15:40:00-04:00,40.369998931884766,40.369998931884766,40.369998931884766,40.369998931884766,2352,0.0,0.0
2024-08-26 15:45:00-04:00,40.36000061035156,40.36000061035156,40.29999923706055,40.29999923706055,3551,0.0,0.0
2024-08-26 15:50:00-04:00,40.33000183105469,40.33000183105469,40.22999954223633,40.279998779296875,9524,0.0,0.0
2024-08-26 15:55:00-04:00,40.275001525878906,40.380001068115234,40.26499938964844,40.279998779296875,23037,0.0,0.0
2024-08-27 09:30:00-04:00,40.18000030517578,40.18000030517578,40.18000030517578,40.18000030517578,1355,0.0,0.0
2024-08-27 09:35:00-04:00,40.0099983215332,40.095001220703125,40.0099983215332,40.095001220703125,706,0.0,0.0
2024-08-27 09:40:00-04:00,40.095001220703125,40.095001220703125,40.095001220703125,40.095001220703125,253,0.0,0.0
2024-08-27 09:45:00-04:00,40.18000030517578,40.275001525878906,40.18000030517578,40.20500183105469,1905,0.0,0.0
2024-08-27 09:50:00-04:00,40.22999954223633,40.22999954223633,40.22999954223633,40.22999954223633,502,0.0,0.0
2024-08-27 09:55:00-04:00,40.27000045776367,40.28499984741211,40.084999084472656,40.084999084472656,7934,0.0,0.0
2024-08-27 10:00:00-04:00,40.07500076293945,40.18000030517578,40.02000045776367,40.18000030517578,2288,0.0,0.0
2024-08-27 10:05:00-04:00,40.2400016784668,40.279998779296875,40.18000030517578,40.25,2088,0.0,0.0
2024-08-27 10:10:00-04:00,40.189998626708984,40.189998626708984,40.125,40.130001068115234,2018,0.0,0.0
2024-08-27 10:15:00-04:00,40.119998931884766,40.2599983215332,40.119998931884766,40.20000076293945,539,0.0,0.0
2024-08-27 10:20:00-04:00,40.154998779296875,40.154998779296875,40.154998779296875,40.154998779296875,234,0.0,0.0
2024-08-27 10:25:00-04:00,40.15999984741211,40.27000045776367,40.14500045776367,40.14500045776367,951,0.0,0.0
2024-08-27 10:30:00-04:00,40.11000061035156,40.23400115966797,40.11000061035156,40.23400115966797,1390,0.0,0.0
2024-08-27 10:35:00-04:00,40.19499969482422,40.19499969482422,40.19499969482422,40.19499969482422,457,0.0,0.0
2024-08-27 10:40:00-04:00,40.189998626708984,40.189998626708984,40.11000061035156,40.130001068115234,1989,0.0,0.0
2024-08-27 10:45:00-04:00,40.130001068115234,40.189998626708984,40.130001068115234,40.189998626708984,626,0.0,0.0
2024-08-27 10:50:00-04:00,40.15999984741211,40.15999984741211,40.130001068115234,40.13999938964844,937,0.0,0.0
2024-08-27 10:55:00-04:00,40.1349983215332,40.189998626708984,40.1349983215332,40.13999938964844,674,0.0,0.0
2024-08-27 11:00:00-04:00,40.1349983215332,40.1349983215332,40.1349983215332,40.1349983215332,748,0.0,0.0
2024-08-27 11:10:00-04:00,40.18000030517578,40.18000030517578,40.0900993347168,40.13999938964844,1594,0.0,0.0
2024-08-27 11:15:00-04:00,40.13999938964844,40.13999938964844,40.08000183105469,40.130001068115234,6202,0.0,0.0
2024-08-27 11:20:00-04:00,40.13999938964844,40.13999938964844,40.130001068115234,40.13999938964844,2015,0.0,0.0
2024-08-27 11:25:00-04:00,40.15999984741211,40.165000915527344,40.15999984741211,40.165000915527344,591,0.0,0.0
2024-08-27 11:30:00-04:00,40.165000915527344,40.189998626708984,40.130001068115234,40.189998626708984,1301,0.0,0.0
2024-08-27 11:35:00-04:00,40.15999984741211,40.20000076293945,40.15999984741211,40.189998626708984,2151,0.0,0.0
2024-08-27 11:40:00-04:00,40.15999984741211,40.189998626708984,40.15999984741211,40.189998626708984,870,0.0,0.0
2024-08-27 11:45:00-04:00,40.15999984741211,40.189998626708984,40.15999984741211,40.189998626708984,1797,0.0,0.0
2024-08-27 11:50:00-04:00,40.119998931884766,40.1609992980957,40.119998931884766,40.130001068115234,2347,0.0,0.0
2024-08-27 11:55:00-04:00,40.130001068115234,40.16999816894531,40.119998931884766,40.130001068115234,7700,0.0,0.0
2024-08-27 12:00:00-04:00,40.125,40.165000915527344,40.099998474121094,40.125,11383,0.0,0.0
2024-08-27 12:05:00-04:00,40.125,40.125,40.09000015258789,40.095001220703125,1350,0.0,0.0
2024-08-27 12:10:00-04:00,40.07500076293945,40.130001068115234,40.064998626708984,40.130001068115234,11633,0.0,0.0
2024-08-27 12:15:00-04:00,40.125,40.15999984741211,40.099998474121094,40.130001068115234,1709,0.0,0.0
2024-08-27 12:20:00-04:00,40.15999984741211,40.16999816894531,40.130001068115234,40.16999816894531,2385,0.0,0.0
2024-08-27 12:25:00-04:00,40.130001068115234,40.16999816894531,40.130001068115234,40.16999816894531,2094,0.0,0.0
2024-08-27 12:35:00-04:00,40.130001068115234,40.16999816894531,40.11000061035156,40.125,3491,0.0,0.0
2024-08-27 12:40:00-04:00,40.09000015258789,40.130001068115234,40.09000015258789,40.130001068115234,1590,0.0,0.0
2024-08-27 12:45:00-04:00,40.130001068115234,40.16999816894531,40.130001068115234,40.16999816894531,942,0.0,0.0
2024-08-27 12:50:00-04:00,40.130001068115234,40.130001068115234,40.130001068115234,40.130001068115234,205,0.0,0.0
2024-08-27 12:55:00-04:00,40.130001068115234,40.150001525878906,40.11000061035156,40.11000061035156,1564,0.0,0.0
2024-08-27 13:00:00-04:00,40.125,40.125,40.125,40.125,202,0.0,0.0
2024-08-27 13:05:00-04:00,40.119998931884766,40.150001525878906,40.119998931884766,40.150001525878906,802,0.0,0.0
2024-08-27 13:10:00-04:00,40.15999984741211,40.20500183105469,40.15999984741211,40.20500183105469,2583,0.0,0.0
2024-08-27 13:15:00-04:00,40.20500183105469,40.209999084472656,40.119998931884766,40.17499923706055,10542,0.0,0.0
2024-08-27 13:20:00-04:00,40.189998626708984,40.19499969482422,40.130001068115234,40.17499923706055,795,0.0,0.0
2024-08-27 13:25:00-04:00,40.15999984741211,40.220001220703125,40.150001525878906,40.220001220703125,1976,0.0,0.0
2024-08-27 13:30:00-04:00,40.20000076293945,40.25,40.19499969482422,40.19499969482422,1502,0.0,0.0
2024-08-27 13:35:00-04:00,40.209999084472656,40.2599983215332,40.209999084472656,40.2599983215332,1594,0.0,0.0
2024-08-27 13:40:00-04:00,40.2400016784668,40.29999923706055,40.2400016784668,40.25,1622,0.0,0.0
2024-08-27 13:45:00-04:00,40.33000183105469,40.33000183105469,40.279998779296875,40.28499984741211,693,0.0,0.0
2024-08-27 13:55:00-04:00,40.279998779296875,40.279998779296875,40.22999954223633,40.27000045776367,1378,0.0,0.0
2024-08-27 14:00:00-04:00,40.17499923706055,40.275001525878906,40.17499923706055,40.275001525878906,2909,0.0,0.0
2024-08-27 14:05:00-04:00,40.279998779296875,40.34000015258789,40.279998779296875,40.34000015258789,1610,0.0,0.0
2024-08-27 14:10:00-04:00,40.34000015258789,40.349998474121094,40.279998779296875,40.279998779296875,1033,0.0,0.0
2024-08-27 14:15:00-04:00,40.220001220703125,40.345001220703125,40.220001220703125,40.345001220703125,963,0.0,0.0
2024-08-27 14:20:00-04:00,40.290000915527344,40.345001220703125,40.25,40.345001220703125,1010,0.0,0.0
2024-08-27 14:25:00-04:00,40.25,40.25,40.25,40.25,141,0.0,0.0
2024-08-27 14:30:00-04:00,40.2599983215332,40.349998474121094,40.2599983215332,40.310001373291016,607,0.0,0.0
2024-08-27 14:35:00-04:00,40.314998626708984,40.45500183105469,40.314998626708984,40.36000061035156,3120,0.0,0.0
2024-08-27 14:40:00-04:00,40.38999938964844,40.404998779296875,40.36000061035156,40.400001525878906,1360,0.0,0.0
2024-08-27 14:45:00-04:00,40.40999984741211,40.46500015258789,40.40999984741211,40.43000030517578,1188,0.0,0.0
2024-08-27 14:50:00-04:00,40.459999084472656,40.52000045776367,40.459999084472656,40.52000045776367,3773,0.0,0.0
2024-08-27 14:55:00-04:00,40.4900016784668,40.4900016784668,40.40999984741211,40.43000030517578,1432,0.0,0.0
2024-08-27 15:00:00-04:00,40.43000030517578,40.45000076293945,40.43000030517578,40.45000076293945,1218,0.0,0.0
2024-08-27 15:05:00-04:00,40.40999984741211,40.44499969482422,40.40999984741211,40.42499923706055,2269,0.0,0.0
2024-08-27 15:10:00-04:00,40.42499923706055,40.44499969482422,40.400001525878906,40.40999984741211,4198,0.0,0.0
2024-08-27 15:15:00-04:00,40.40999984741211,40.40999984741211,40.400001525878906,40.400001525878906,1184,0.0,0.0
2024-08-27 15:20:00-04:00,40.41999816894531,40.43000030517578,40.37009811401367,40.43000030517578,3356,0.0,0.0
2024-08-27 15:25:00-04:00,40.45000076293945,40.470001220703125,40.45000076293945,40.470001220703125,1285,0.0,0.0
2024-08-27 15:30:00-04:00,40.47999954223633,40.540000915527344,40.459999084472656,40.459999084472656,4849,0.0,0.0
2024-08-27 15:35:00-04:00,40.45000076293945,40.45000076293945,40.41999816894531,40.42499923706055,1844,0.0,0.0
2024-08-27 15:40:00-04:00,40.41999816894531,40.43000030517578,40.38399887084961,40.40999984741211,4698,0.0,0.0
2024-08-27 15:45:00-04:00,40.43000030517578,40.43000030517578,40.380001068115234,40.380001068115234,6364,0.0,0.0
2024-08-27 15:50:00-04:00,40.40999984741211,40.4900016784668,40.33000183105469,40.34000015258789,8800,0.0,0.0
2024-08-27 15:55:00-04:00,40.36000061035156,40.47999954223633,40.34000015258789,40.470001220703125,21697,0.0,0.0
2024-08-28 09:30:00-04:00,40.34000015258789,40.34000015258789,40.009700775146484,40.009700775146484,144042,0.0,0.0
2024-08-28 09:35:00-04:00,40.33000183105469,40.33000183105469,40.33000183105469,40.33000183105469,221,0.0,0.0
2024-08-28 09:40:00-04:00,40.31999969482422,40.31999969482422,40.279998779296875,40.31999969482422,471,0.0,0.0
2024-08-28 09:45:00-04:00,40.45000076293945,40.68000030517578,40.45000076293945,40.56999969482422,3634,0.0,0.0
2024-08-28 09:50:00-04:00,40.625,40.650001525878906,40.625,40.650001525878906,416,0.0,0.0
2024-08-28 09:55:00-04:00,40.625,40.689998626708984,40.58000183105469,40.58000183105469,2212,0.0,0.0
2024-08-28 10:00:00-04:00,40.58000183105469,40.689998626708984,40.58000183105469,40.59000015258789,2232,0.0,0.0
2024-08-28 10:05:00-04:00,40.66999816894531,40.70000076293945,40.58000183105469,40.58000183105469,1680,0.0,0.0
2024-08-28 10:10:00-04:00,40.65999984741211,40.689998626708984,40.65999984741211,40.689998626708984,650,0.0,0.0
2024-08-28 10:15:00-04:00,40.65999984741211,40.66999816894531,40.65999984741211,40.66999816894531,317,0.0,0.0
2024-08-28 10:20:00-04:00,40.630001068115234,40.65999984741211,40.630001068115234,40.65999984741211,481,0.0,0.0
2024-08-28 10:25:00-04:00,40.654998779296875,40.65999984741211,40.59000015258789,40.65999984741211,2963,0.0,0.0
2024-08-28 10:30:00-04:00,40.66999816894531,40.75,40.66999816894531,40.709999084472656,3581,0.0,0.0
2024-08-28 10:35:00-04:00,40.75,40.779998779296875,40.689998626708984,40.689998626708984,938,0.0,0.0
2024-08-28 10:40:00-04:00,40.66999816894531,40.66999816894531,40.65999984741211,40.65999984741211,1091,0.0,0.0
2024-08-28 10:45:00-04:00,40.709999084472656,40.709999084472656,40.68000030517578,40.68000030517578,636,0.0,0.0
2024-08-28 10:50:00-04:00,40.68000030517578,40.79999923706055,40.68000030517578,40.79999923706055,846,0.0,0.0
2024-08-28 10:55:00-04:00,40.79999923706055,40.849998474121094,40.79999923706055,40.849998474121094,908,0.0,0.0
2024-08-28 11:00:00-04:00,40.86000061035156,40.86000061035156,40.86000061035156,40.86000061035156,527,0.0,0.0
2024-08-28 11:05:00-04:00,40.8400993347168,40.8400993347168,40.84000015258789,40.84000015258789,1616,0.0,0.0
2024-08-28 11:10:00-04:00,40.880001068115234,40.93000030517578,40.86000061035156,40.93000030517578,1720,0.0,0.0
2024-08-28 11:15:00-04:00,40.88999938964844,40.90999984741211,40.810001373291016,40.834999084472656,1628,0.0,0.0
2024-08-28 11:20:00-04:00,40.76459884643555,40.849998474121094,40.75,40.7599983215332,1419,0.0,0.0
2024-08-28 11:25:00-04:00,40.77000045776367,40.810001373291016,40.65999984741211,40.65999984741211,2734,0.0,0.0
2024-08-28 11:30:00-04:00,40.65999984741211,40.65999984741211,40.65999984741211,40.65999984741211,176,0.0,0.0
2024-08-28 11:35:00-04:00,40.654998779296875,40.685001373291016,40.654998779296875,40.65999984741211,1718,0.0,0.0
2024-08-28 11:40:00-04:00,40.67499923706055,40.75,40.67499923706055,40.68600082397461,3778,0.0,0.0
2024-08-28 11:45:00-04:00,40.689998626708984,40.709999084472656,40.689998626708984,40.70000076293945,2398,0.0,0.0
2024-08-28 11:50:00-04:00,40.70119857788086,40.709999084472656,40.63999938964844,40.709999084472656,7798,0.0,0.0
2024-08-28 11:55:00-04:00,40.68000030517578,40.685001373291016,40.66999816894531,40.68000030517578,1039,0.0,0.0
2024-08-28 12:00:00-04:00,40.66999816894531,40.66999816894531,40.650001525878906,40.65999984741211,1419,0.0,0.0
2024-08-28 12:05:00-04:00,40.63999938964844,40.66999816894531,40.59000015258789,40.61000061035156,6824,0.0,0.0
2024-08-28 12:10:00-04:00,40.560001373291016,40.599998474121094,40.529998779296875,40.540000915527344,2179,0.0,0.0
2024-08-28 12:15:00-04:00,40.540000915527344,40.54999923706055,40.52000045776367,40.540000915527344,1522,0.0,0.0
2024-08-28 12:20:00-04:00,40.529998779296875,40.529998779296875,40.529998779296875,40.529998779296875,437,0.0,0.0
2024-08-28 12:25:00-04:00,40.5099983215332,40.5099983215332,40.47999954223633,40.47999954223633,926,0.0,0.0
2024-08-28 12:30:00-04:00,40.505001068115234,40.505001068115234,40.459999084472656,40.459999084472656,1328,0.0,0.0
2024-08-28 12:35:00-04:00,40.459999084472656,40.529998779296875,40.45000076293945,40.5099983215332,5659,0.0,0.0
2024-08-28 12:40:00-04:00,40.47999954223633,40.5099983215332,40.45000076293945,40.470001220703125,2432,0.0,0.0
2024-08-28 12:45:00-04:00,40.459999084472656,40.459999084472656,40.45500183105469,40.45500183105469,933,0.0,0.0
2024-08-28 12:50:00-04:00,40.45000076293945,40.459999084472656,40.41999816894531,40.45000076293945,1372,0.0,0.0
2024-08-28 12:55:00-04:00,40.45000076293945,40.5,40.43000030517578,40.5,3974,0.0,0.0
2024-08-28 13:00:00-04:00,40.494998931884766,40.494998931884766,40.43000030517578,40.43000030517578,1398,0.0,0.0
2024-08-28 13:05:00-04:00,40.459999084472656,40.459999084472656,40.380001068115234,40.380001068115234,5631,0.0,0.0
2024-08-28 13:10:00-04:00,40.400001525878906,40.43000030517578,40.34000015258789,40.36000061035156,8435,0.0,0.0
2024-08-28 13:15:00-04:00,40.349998474121094,40.38999938964844,40.349998474121094,40.38999938964844,1968,0.0,0.0
2024-08-28 13:20:00-04:00,40.349998474121094,40.349998474121094,40.279998779296875,40.29499816894531,2238,0.0,0.0
2024-08-28 13:25:00-04:00,40.275001525878906,40.310001373291016,40.27000045776367,40.27000045776367,2585,0.0,0.0
2024-08-28 13:30:00-04:00,40.310001373291016,40.40999984741211,40.290000915527344,40.38999938964844,8412,0.0,0.0
2024-08-28 13:35:00-04:00,40.40999984741211,40.474998474121094,40.40999984741211,40.459999084472656,4015,0.0,0.0
2024-08-28 13:40:00-04:00,40.45500183105469,40.47999954223633,40.45000076293945,40.45000076293945,2313,0.0,0.0
2024-08-28 13:45:00-04:00,40.439998626708984,40.459999084472656,40.439998626708984,40.45000076293945,1390,0.0,0.0
2024-08-28 13:50:00-04:00,40.43000030517578,40.45000076293945,40.40999984741211,40.45000076293945,779,0.0,0.0
2024-08-28 13:55:00-04:00,40.43000030517578,40.439998626708984,40.38999938964844,40.38999938964844,3340,0.0,0.0
2024-08-28 14:00:00-04:00,40.38999938964844,40.38999938964844,40.380001068115234,40.380001068115234,801,0.0,0.0
2024-08-28 14:05:00-04:00,40.38750076293945,40.400001525878906,40.38750076293945,40.400001525878906,949,0.0,0.0
2024-08-28 14:10:00-04:00,40.369998931884766,40.380001068115234,40.349998474121094,40.349998474121094,1353,0.0,0.0
2024-08-28 14:15:00-04:00,40.349998474121094,40.349998474121094,40.349998474121094,40.349998474121094,695,0.0,0.0
2024-08-28 14:20:00-04:00,40.349998474121094,40.36000061035156,40.25,40.27000045776367,6049,0.0,0.0
2024-08-28 14:25:00-04:00,40.2599983215332,40.290000915527344,40.25,40.290000915527344,10254,0.0,0.0
2024-08-28 14:30:00-04:00,40.28499984741211,40.290000915527344,40.2599983215332,40.290000915527344,1292,0.0,0.0
2024-08-28 14:35:00-04:00,40.290000915527344,40.290000915527344,40.290000915527344,40.290000915527344,931,0.0,0.0
2024-08-28 14:40:00-04:00,40.290000915527344,40.349998474121094,40.290000915527344,40.34000015258789,2974,0.0,0.0
2024-08-28 14:45:00-04:00,40.35499954223633,40.36000061035156,40.29999923706055,40.29999923706055,2002,0.0,0.0
2024-08-28 14:50:00-04:00,40.33000183105469,40.33000183105469,40.32749938964844,40.32749938964844,1018,0.0,0.0
2024-08-28 14:55:00-04:00,40.34000015258789,40.380001068115234,40.34000015258789,40.380001068115234,3150,0.0,0.0
2024-08-28 15:00:00-04:00,40.400001525878906,40.40999984741211,40.349998474121094,40.349998474121094,1323,0.0,0.0
2024-08-28 15:05:00-04:00,40.349998474121094,40.38999938964844,40.279998779296875,40.279998779296875,1963,0.0,0.0
2024-08-28 15:10:00-04:00,40.290000915527344,40.345001220703125,40.290000915527344,40.345001220703125,1068,0.0,0.0
2024-08-28 15:15:00-04:00,40.31999969482422,40.369998931884766,40.31999969482422,40.349998474121094,2111,0.0,0.0
2024-08-28 15:20:00-04:00,40.380001068115234,40.400001525878906,40.33000183105469,40.33000183105469,3119,0.0,0.0
2024-08-28 15:25:00-04:00,40.310001373291016,40.349998474121094,40.310001373291016,40.33000183105469,1887,0.0,0.0
2024-08-28 15:30:00-04:00,40.34000015258789,40.380001068115234,40.31999969482422,40.36000061035156,4532,0.0,0.0
2024-08-28 15:35:00-04:00,40.36000061035156,40.36000061035156,40.33000183105469,40.34000015258789,2371,0.0,0.0
2024-08-28 15:40:00-04:00,40.33000183105469,40.39500045776367,40.31999969482422,40.39500045776367,2780,0.0,0.0
2024-08-28 15:45:00-04:00,40.380001068115234,40.400001525878906,40.27000045776367,40.27000045776367,6721,0.0,0.0
2024-08-28 15:50:00-04:00,40.29999923706055,40.41999816894531,40.2400016784668,40.2599983215332,11752,0.0,0.0
2024-08-28 15:55:00-04:00,40.2599983215332,40.30799865722656,40.209999084472656,40.25,26752,0.0,0.0
2024-08-29 09:30:00-04:00,40.31999969482422,40.31999969482422,40.314998626708984,40.314998626708984,2319,0.0,0.0
2024-08-29 09:35:00-04:00,40.275001525878906,40.275001525878906,40.02000045776367,40.02000045776367,679,0.0,0.0
2024-08-29 09:40:00-04:00,40.20000076293945,40.20000076293945,40.20000076293945,40.20000076293945,199,0.0,0.0
2024-08-29 09:45:00-04:00,40.290000915527344,40.290000915527344,39.86000061035156,39.861698150634766,3183,0.0,0.0
2024-08-29 09:50:00-04:00,39.869998931884766,39.95000076293945,39.849998474121094,39.95000076293945,2570,0.0,0.0
2024-08-29 09:55:00-04:00,40.130001068115234,40.130001068115234,40.119998931884766,40.130001068115234,324,0.0,0.0
2024-08-29 10:00:00-04:00,40.119998931884766,40.29999923706055,40.04999923706055,40.29999923706055,2866,0.0,0.0
2024-08-29 10:05:00-04:00,40.33000183105469,40.349998474121094,40.33000183105469,40.349998474121094,855,0.0,0.0
2024-08-29 10:15:00-04:00,40.349998474121094,40.349998474121094,40.310001373291016,40.310001373291016,1664,0.0,0.0
2024-08-29 10:20:00-04:00,40.27000045776367,40.27000045776367,40.27000045776367,40.27000045776367,358,0.0,0.0
2024-08-29 10:25:00-04:00,40.345001220703125,40.345001220703125,40.345001220703125,40.345001220703125,213,0.0,0.0
2024-08-29 10:30:00-04:00,40.345001220703125,40.345001220703125,40.29999923706055,40.30950164794922,1746,0.0,0.0
2024-08-29 10:35:00-04:00,40.279998779296875,40.279998779296875,40.2599983215332,40.2599983215332,379,0.0,0.0
2024-08-29 10:40:00-04:00,40.220001220703125,40.220001220703125,40.220001220703125,40.220001220703125,375,0.0,0.0
2024-08-29 10:45:00-04:00,40.25,40.25,40.16999816894531,40.189998626708984,1179,0.0,0.0
2024-08-29 10:50:00-04:00,40.209999084472656,40.209999084472656,40.209999084472656,40.209999084472656,230,0.0,0.0
2024-08-29 10:55:00-04:00,40.18000030517578,40.18000030517578,40.18000030517578,40.18000030517578,533,0.0,0.0
2024-08-29 11:00:00-04:00,40.22999954223633,40.22999954223633,40.22999954223633,40.22999954223633,1282,0.0,0.0
2024-08-29 11:05:00-04:00,40.220001220703125,40.22999954223633,40.099998474121094,40.099998474121094,1463,0.0,0.0
2024-08-29 11:15:00-04:00,40.06999969482422,40.11000061035156,40.06999969482422,40.11000061035156,433,0.0,0.0
2024-08-29 11:20:00-04:00,40.165000915527344,40.165000915527344,40.165000915527344,40.165000915527344,390,0.0,0.0
2024-08-29 11:25:00-04:00,40.220001220703125,40.220001220703125,40.165000915527344,40.220001220703125,1313,0.0,0.0
2024-08-29 11:30:00-04:00,40.21989822387695,40.224998474121094,40.16999816894531,40.224998474121094,1345,0.0,0.0
2024-08-29 11:35:00-04:00,40.279998779296875,40.279998779296875,40.279998779296875,40.279998779296875,231,0.0,0.0
2024-08-29 11:45:00-04:00,40.20000076293945,40.209999084472656,40.189998626708984,40.189998626708984,1110,0.0,0.0
2024-08-29 11:50:00-04:00,40.220001220703125,40.220001220703125,40.220001220703125,40.220001220703125,739,0.0,0.0
2024-08-29 12:00:00-04:00,40.189998626708984,40.22999954223633,40.189998626708984,40.22999954223633,461,0.0,0.0
2024-08-29 12:05:00-04:00,40.279998779296875,40.279998779296875,40.279998779296875,40.279998779296875,208,0.0,0.0
2024-08-29 12:10:00-04:00,40.279998779296875,40.29999923706055,40.220001220703125,40.22999954223633,3998,0.0,0.0
2024-08-29 12:15:00-04:00,40.220001220703125,40.220001220703125,40.189998626708984,40.220001220703125,993,0.0,0.0
2024-08-29 12:20:00-04:00,40.20000076293945,40.20000076293945,40.185001373291016,40.185001373291016,1016,0.0,0.0
2024-08-29 12:25:00-04:00,40.15999984741211,40.209999084472656,40.15999984741211,40.16999816894531,714,0.0,0.0
2024-08-29 12:30:00-04:00,40.15999984741211,40.15999984741211,40.15999984741211,40.15999984741211,195,0.0,0.0
2024-08-29 12:35:00-04:00,40.220001220703125,40.25,40.20000076293945,40.20000076293945,2241,0.0,0.0
2024-08-29 12:40:00-04:00,40.21849822998047,40.21849822998047,40.21849822998047,40.21849822998047,119,0.0,0.0
2024-08-29 12:45:00-04:00,40.16999816894531,40.16999816894531,40.16999816894531,40.16999816894531,310,0.0,0.0
2024-08-29 12:50:00-04:00,40.25,40.25,40.189998626708984,40.189998626708984,1551,0.0,0.0
2024-08-29 12:55:00-04:00,40.209999084472656,40.220001220703125,40.209999084472656,40.220001220703125,415,0.0,0.0
2024-08-29 13:00:00-04:00,40.220001220703125,40.22999954223633,40.220001220703125,40.22999954223633,378,0.0,0.0
2024-08-29 13:05:00-04:00,40.22999954223633,40.22999954223633,40.22999954223633,40.22999954223633,300,0.0,0.0
2024-08-29 13:10:00-04:00,40.16999816894531,40.220001220703125,40.15999984741211,40.220001220703125,1250,0.0,0.0
2024-08-29 13:15:00-04:00,40.15999984741211,40.250301361083984,40.15999984741211,40.250301361083984,1070,0.0,0.0
2024-08-29 13:20:00-04:00,40.22999954223633,40.22999954223633,40.22999954223633,40.22999954223633,357,0.0,0.0
2024-08-29 13:25:00-04:00,40.189998626708984,40.189998626708984,40.189998626708984,40.189998626708984,966,0.0,0.0
2024-08-29 13:35:00-04:00,40.2599983215332,40.32500076293945,40.2599983215332,40.32500076293945,1495,0.0,0.0
2024-08-29 13:40:00-04:00,40.31999969482422,40.33000183105469,40.27000045776367,40.27000045776367,2055,0.0,0.0
2024-08-29 13:50:00-04:00,40.29999923706055,40.29999923706055,40.29999923706055,40.29999923706055,503,0.0,0.0
2024-08-29 14:00:00-04:00,40.25,40.290000915527344,40.22999954223633,40.290000915527344,708,0.0,0.0
2024-08-29 14:10:00-04:00,40.27000045776367,40.34000015258789,40.2400016784668,40.279998779296875,3388,0.0,0.0
2024-08-29 14:15:00-04:00,40.33000183105469,40.33000183105469,40.33000183105469,40.33000183105469,411,0.0,0.0
2024-08-29 14:20:00-04:00,40.22999954223633,40.22999954223633,40.22999954223633,40.22999954223633,182,0.0,0.0
2024-08-29 14:25:00-04:00,40.2400016784668,40.29999923706055,40.22999954223633,40.29999923706055,1198,0.0,0.0
2024-08-29 14:30:00-04:00,40.290000915527344,40.33000183105469,40.279998779296875,40.279998779296875,1490,0.0,0.0
2024-08-29 14:35:00-04:00,40.2599983215332,40.279998779296875,40.2400016784668,40.279998779296875,883,0.0,0.0
2024-08-29 14:40:00-04:00,40.290000915527344,40.290000915527344,40.22999954223633,40.22999954223633,977,0.0,0.0
2024-08-29 14:45:00-04:00,40.279998779296875,40.279998779296875,40.279998779296875,40.279998779296875,739,0.0,0.0
2024-08-29 14:50:00-04:00,40.279998779296875,40.29999923706055,40.2599983215332,40.29999923706055,2296,0.0,0.0
2024-08-29 15:00:00-04:00,40.279998779296875,40.279998779296875,40.220001220703125,40.2599983215332,2707,0.0,0.0
2024-08-29 15:05:00-04:00,40.2599983215332,40.33000183105469,40.2599983215332,40.33000183105469,1863,0.0,0.0
2024-08-29 15:10:00-04:00,40.31999969482422,40.31999969482422,40.22999954223633,40.279998779296875,2430,0.0,0.0
2024-08-29 15:15:00-04:00,40.2599983215332,40.31999969482422,40.2599983215332,40.31999969482422,1816,0.0,0.0
2024-08-29 15:20:00-04:00,40.33000183105469,40.33000183105469,40.310001373291016,40.310001373291016,932,0.0,0.0
2024-08-29 15:25:00-04:00,40.33000183105469,40.33000183105469,40.310001373291016,40.310001373291016,625,0.0,0.0
2024-08-29 15:30:00-04:00,40.310001373291016,40.310001373291016,40.27000045776367,40.27000045776367,2934,0.0,0.0
2024-08-29 15:35:00-04:00,40.25,40.25,40.22999954223633,40.22999954223633,1569,0.0,0.0
2024-08-29 15:40:00-04:00,40.220001220703125,40.22999954223633,40.18000030517578,40.18000030517578,2864,0.0,0.0
2024-08-29 15:45:00-04:00,40.18000030517578,40.18000030517578,40.11000061035156,40.119998931884766,3100,0.0,0.0
2024-08-29 15:50:00-04:00,40.099998474121094,40.15999984741211,40.099998474121094,40.130001068115234,8575,0.0,0.0
2024-08-29 15:55:00-04:00,40.13999938964844,40.209999084472656,40.130001068115234,40.13999938964844,24614,0.0,0.0
2024-08-30 09:30:00-04:00,40.2599983215332,40.2599983215332,40.209999084472656,40.25,2229,0.0,0.0
2024-08-30 09:35:00-04:00,40.459999084472656,40.459999084472656,40.459999084472656,40.459999084472656,173,0.0,0.0
2024-08-30 09:45:00-04:00,40.34000015258789,40.34000015258789,40.34000015258789,40.34000015258789,584,0.0,0.0
2024-08-30 09:55:00-04:00,40.400001525878906,40.400001525878906,40.400001525878906,40.400001525878906,1332,0.0,0.0
2024-08-30 10:35:00-04:00,40.2599983215332,40.2599983215332,40.11000061035156,40.11000061035156,1114,0.0,0.0
2024-08-30 10:50:00-04:00,40.13999938964844,40.13999938964844,40.13999938964844,40.13999938964844,757,0.0,0.0
2024-08-30 10:55:00-04:00,40.06999969482422,40.06999969482422,40.06999969482422,40.06999969482422,583,0.0,0.0
2024-08-30 11:10:00-04:00,40.27000045776367,40.27000045776367,40.13999938964844,40.189998626708984,768,0.0,0.0
2024-08-30 11:25:00-04:00,40.15999984741211,40.15999984741211,40.150001525878906,40.150001525878906,1202,0.0,0.0
2024-08-30 11:30:00-04:00,40.189998626708984,40.189998626708984,40.130001068115234,40.130001068115234,693,0.0,0.0
2024-08-30 11:35:00-04:00,40.13999938964844,40.13999938964844,40.0,40.0,1297,0.0,0.0
2024-08-30 11:40:00-04:00,40.0,40.0,39.900001525878906,39.900001525878906,1326,0.0,0.0
2024-08-30 11:45:00-04:00,39.900001525878906,39.900001525878906,39.900001525878906,39.900001525878906,365,0.0,0.0
2024-08-30 11:50:00-04:00,39.95000076293945,39.95000076293945,39.88999938964844,39.88999938964844,797,0.0,0.0
2024-08-30 11:55:00-04:00,39.93000030517578,39.97999954223633,39.90999984741211,39.95500183105469,4387,0.0,0.0
2024-08-30 12:00:00-04:00,40.0,40.04999923706055,39.95000076293945,39.97999954223633,5523,0.0,0.0
2024-08-30 12:05:00-04:00,39.93000030517578,40.040000915527344,39.93000030517578,39.970001220703125,5521,0.0,0.0
2024-08-30 12:15:00-04:00,39.915000915527344,39.915000915527344,39.900001525878906,39.900001525878906,921,0.0,0.0
2024-08-30 12:20:00-04:00,39.869998931884766,39.90530014038086,39.869998931884766,39.88999938964844,1895,0.0,0.0
2024-08-30 12:25:00-04:00,39.869998931884766,39.869998931884766,39.75,39.7599983215332,2508,0.0,0.0
2024-08-30 12:30:00-04:00,39.7599983215332,39.80500030517578,39.7599983215332,39.80500030517578,857,0.0,0.0
2024-08-30 12:35:00-04:00,39.779998779296875,39.80500030517578,39.68000030517578,39.68000030517578,2299,0.0,0.0
2024-08-30 12:40:00-04:00,39.689998626708984,39.70000076293945,39.689998626708984,39.70000076293945,681,0.0,0.0
2024-08-30 12:45:00-04:00,39.709999084472656,39.75,39.70000076293945,39.75,2039,0.0,0.0
2024-08-30 12:50:00-04:00,39.720001220703125,39.7400016784668,39.720001220703125,39.7400016784668,594,0.0,0.0
2024-08-30 12:55:00-04:00,39.7599983215332,39.77000045776367,39.7599983215332,39.7599983215332,875,0.0,0.0
2024-08-30 13:00:00-04:00,39.7599983215332,39.79999923706055,39.7599983215332,39.79999923706055,1364,0.0,0.0
2024-08-30 13:05:00-04:00,39.79499816894531,39.849998474121094,39.790000915527344,39.84000015258789,4717,0.0,0.0
2024-08-30 13:10:00-04:00,39.83000183105469,39.83000183105469,39.83000183105469,39.83000183105469,420,0.0,0.0
2024-08-30 13:15:00-04:00,39.83000183105469,39.83000183105469,39.83000183105469,39.83000183105469,138,0.0,0.0
2024-08-30 13:20:00-04:00,39.86000061035156,39.86000061035156,39.86000061035156,39.86000061035156,462,0.0,0.0
2024-08-30 13:25:00-04:00,39.880001068115234,39.880001068115234,39.880001068115234,39.880001068115234,332,0.0,0.0
2024-08-30 13:30:00-04:00,39.86980056762695,39.86980056762695,39.86000061035156,39.86000061035156,495,0.0,0.0
2024-08-30 13:35:00-04:00,39.83000183105469,39.84000015258789,39.810001373291016,39.814998626708984,3131,0.0,0.0
2024-08-30 13:40:00-04:00,39.814998626708984,39.84000015258789,39.810001373291016,39.84000015258789,1201,0.0,0.0
2024-08-30 13:50:00-04:00,39.900001525878906,39.900001525878906,39.900001525878906,39.900001525878906,337,0.0,0.0
2024-08-30 13:55:00-04:00,39.84000015258789,39.869998931884766,39.84000015258789,39.869998931884766,305,0.0,0.0
2024-08-30 14:05:00-04:00,39.83000183105469,39.89979934692383,39.83000183105469,39.83000183105469,1032,0.0,0.0
2024-08-30 14:10:00-04:00,39.84000015258789,39.84000015258789,39.84000015258789,39.84000015258789,252,0.0,0.0
2024-08-30 14:15:00-04:00,39.880001068115234,39.880001068115234,39.880001068115234,39.880001068115234,168,0.0,0.0
2024-08-30 14:20:00-04:00,39.84000015258789,39.84000015258789,39.84000015258789,39.84000015258789,544,0.0,0.0
2024-08-30 14:25:00-04:00,39.88999938964844,39.90999984741211,39.88999938964844,39.90999984741211,925,0.0,0.0
2024-08-30 14:35:00-04:00,39.90999984741211,39.90999984741211,39.790000915527344,39.84000015258789,5268,0.0,0.0
2024-08-30 14:40:00-04:00,39.880001068115234,39.880001068115234,39.86000061035156,39.86000061035156,951,0.0,0.0
2024-08-30 14:50:00-04:00,39.86000061035156,39.88600158691406,39.84000015258789,39.86000061035156,2017,0.0,0.0
2024-08-30 15:00:00-04:00,39.86000061035156,39.86000061035156,39.849998474121094,39.849998474121094,409,0.0,0.0
2024-08-30 15:05:00-04:00,39.8650016784668,39.8650016784668,39.849998474121094,39.849998474121094,946,0.0,0.0
2024-08-30 15:10:00-04:00,39.869998931884766,39.869998931884766,39.83000183105469,39.849998474121094,2588,0.0,0.0
2024-08-30 15:15:00-04:00,39.849998474121094,39.869998931884766,39.83000183105469,39.86000061035156,2799,0.0,0.0
2024-08-30 15:20:00-04:00,39.8849983215332,39.95000076293945,39.880001068115234,39.95000076293945,2558,0.0,0.0
2024-08-30 15:25:00-04:00,39.91999816894531,39.959999084472656,39.91999816894531,39.959999084472656,712,0.0,0.0
2024-08-30 15:30:00-04:00,39.92499923706055,39.959999084472656,39.90999984741211,39.90999984741211,2615,0.0,0.0
2024-08-30 15:35:00-04:00,39.959999084472656,40.040000915527344,39.939998626708984,39.97999954223633,6142,0.0,0.0
2024-08-30 15:40:00-04:00,40.0,40.05500030517578,39.9900016784668,40.05500030517578,2500,0.0,0.0
2024-08-30 15:45:00-04:00,40.064998626708984,40.08000183105469,40.029998779296875,40.064998626708984,7499,0.0,0.0
2024-08-30 15:50:00-04:00,40.09000015258789,40.220001220703125,40.08000183105469,40.15999984741211,12019,0.0,0.0
2024-08-30 15:55:00-04:00,40.189998626708984,40.2599983215332,40.095001220703125,40.189998626708984,31792,0.0,0.0
