Datetime,Open,High,Low,Close,Volume,Dividends,Stock Splits
2024-08-01 09:30:00-04:00,2.0199999809265137,2.0250000953674316,2.003200054168701,2.015000104904175,1028166,0.0,0.0
2024-08-01 09:35:00-04:00,2.015000104904175,2.0299999713897705,2.009999990463257,2.020699977874756,374643,0.0,0.0
2024-08-01 09:40:00-04:00,2.0250000953674316,2.0399999618530273,2.0199999809265137,2.039900064468384,275105,0.0,0.0
2024-08-01 09:45:00-04:00,2.0350000858306885,2.059999942779541,2.0299999713897705,2.055000066757202,857312,0.0,0.0
2024-08-01 09:50:00-04:00,2.0501999855041504,2.109999895095825,2.049999952316284,2.1050000190734863,1561319,0.0,0.0
2024-08-01 09:55:00-04:00,2.1050000190734863,2.109999895095825,2.0799999237060547,2.0799999237060547,974728,0.0,0.0
2024-08-01 10:00:00-04:00,2.0850000381469727,2.109999895095825,2.069999933242798,2.1050000190734863,924635,0.0,0.0
2024-08-01 10:05:00-04:00,2.0999999046325684,2.109999895095825,2.0799999237060547,2.0899999141693115,595902,0.0,0.0
2024-08-01 10:10:00-04:00,2.0850000381469727,2.0999999046325684,2.069999933242798,2.0850000381469727,1072822,0.0,0.0
2024-08-01 10:15:00-04:00,2.0850000381469727,2.0899999141693115,2.069999933242798,2.07069993019104,484013,0.0,0.0
2024-08-01 10:20:00-04:00,2.075000047683716,2.0799999237060547,2.059999942779541,2.059999942779541,762633,0.0,0.0
2024-08-01 10:25:00-04:00,2.069999933242798,2.069999933242798,2.059999942779541,2.0601000785827637,343013,0.0,0.0
2024-08-01 10:30:00-04:00,2.059999942779541,2.059999942779541,2.0399999618530273,2.055000066757202,936103,0.0,0.0
2024-08-01 10:35:00-04:00,2.055000066757202,2.059999942779541,2.049999952316284,2.0599000453948975,542956,0.0,0.0
2024-08-01 10:40:00-04:00,2.050100088119507,2.059999942779541,2.049999952316284,2.049999952316284,204494,0.0,0.0
2024-08-01 10:45:00-04:00,2.049999952316284,2.059999942779541,2.0399999618530273,2.0506999492645264,521479,0.0,0.0
2024-08-01 10:50:00-04:00,2.0599000453948975,2.059999942779541,2.0299999713897705,2.0350000858306885,730181,0.0,0.0
2024-08-01 10:55:00-04:00,2.0299999713897705,2.0399999618530273,2.0199999809265137,2.0350000858306885,673977,0.0,0.0
2024-08-01 11:00:00-04:00,2.0399999618530273,2.049999952316284,2.0299999713897705,2.0450000762939453,328782,0.0,0.0
2024-08-01 11:05:00-04:00,2.0450000762939453,2.049999952316284,2.0399999618530273,2.0450000762939453,168759,0.0,0.0
2024-08-01 11:10:00-04:00,2.049999952316284,2.049999952316284,2.0399999618530273,2.049999952316284,289176,0.0,0.0
2024-08-01 11:15:00-04:00,2.0450000762939453,2.049999952316284,2.0399999618530273,2.0408999919891357,189594,0.0,0.0
2024-08-01 11:20:00-04:00,2.049999952316284,2.049999952316284,2.0399999618530273,2.049999952316284,282272,0.0,0.0
2024-08-01 11:25:00-04:00,2.049999952316284,2.059999942779541,2.0399999618530273,2.055000066757202,348307,0.0,0.0
2024-08-01 11:30:00-04:00,2.059999942779541,2.059999942779541,2.0399999618530273,2.0450000762939453,626376,0.0,0.0
2024-08-01 11:35:00-04:00,2.0450000762939453,2.049999952316284,2.0299999713897705,2.0350000858306885,265110,0.0,0.0
2024-08-01 11:40:00-04:00,2.0350000858306885,2.0399999618530273,2.0299999713897705,2.0350000858306885,188482,0.0,0.0
2024-08-01 11:45:00-04:00,2.0299999713897705,2.049999952316284,2.0299999713897705,2.0450000762939453,354006,0.0,0.0
2024-08-01 11:50:00-04:00,2.0399999618530273,2.049999952316284,2.0399999618530273,2.0499000549316406,144343,0.0,0.0
2024-08-01 11:55:00-04:00,2.0450000762939453,2.059999942779541,2.04010009765625,2.055000066757202,341762,0.0,0.0
2024-08-01 12:00:00-04:00,2.055000066757202,2.059999942779541,2.049999952316284,2.055000066757202,90441,0.0,0.0
2024-08-01 12:05:00-04:00,2.050100088119507,2.059999942779541,2.0406999588012695,2.0450000762939453,497536,0.0,0.0
2024-08-01 12:10:00-04:00,2.0497000217437744,2.049999952316284,2.0399999618530273,2.049999952316284,199148,0.0,0.0
2024-08-01 12:15:00-04:00,2.0450000762939453,2.059999942779541,2.0399999618530273,2.055000066757202,386398,0.0,0.0
2024-08-01 12:20:00-04:00,2.055000066757202,2.059999942779541,2.0399999618530273,2.0450000762939453,202143,0.0,0.0
2024-08-01 12:25:00-04:00,2.0450000762939453,2.049999952316284,2.0399999618530273,2.0450000762939453,165543,0.0,0.0
2024-08-01 12:30:00-04:00,2.0450000762939453,2.049999952316284,2.0399999618530273,2.0450000762939453,84185,0.0,0.0
2024-08-01 12:35:00-04:00,2.049999952316284,2.049999952316284,2.0299999713897705,2.0399999618530273,340947,0.0,0.0
2024-08-01 12:40:00-04:00,2.0350000858306885,2.0399999618530273,2.0299999713897705,2.0350000858306885,253341,0.0,0.0
2024-08-01 12:45:00-04:00,2.0350000858306885,2.049999952316284,2.0299999713897705,2.0411999225616455,258176,0.0,0.0
2024-08-01 12:50:00-04:00,2.0441999435424805,2.049999952316284,2.0399999618530273,2.049999952316284,202865,0.0,0.0
2024-08-01 12:55:00-04:00,2.049999952316284,2.059999942779541,2.0399999618530273,2.049999952316284,401445,0.0,0.0
2024-08-01 13:00:00-04:00,2.055000066757202,2.059999942779541,2.049999952316284,2.059999942779541,186970,0.0,0.0
2024-08-01 13:05:00-04:00,2.055000066757202,2.059999942779541,2.0399999618530273,2.0406999588012695,331545,0.0,0.0
2024-08-01 13:10:00-04:00,2.0450000762939453,2.049999952316284,2.0199999809265137,2.0202999114990234,724978,0.0,0.0
2024-08-01 13:15:00-04:00,2.0250000953674316,2.0299999713897705,2.0199999809265137,2.0250000953674316,622142,0.0,0.0
2024-08-01 13:20:00-04:00,2.0250000953674316,2.0299999713897705,2.0,2.005000114440918,1127125,0.0,0.0
2024-08-01 13:25:00-04:00,2.0097999572753906,2.009999990463257,2.0,2.005000114440918,195595,0.0,0.0
2024-08-01 13:30:00-04:00,2.005000114440918,2.009999990463257,2.0,2.009999990463257,115628,0.0,0.0
2024-08-01 13:35:00-04:00,2.005000114440918,2.009999990463257,2.0,2.009999990463257,89385,0.0,0.0
2024-08-01 13:40:00-04:00,2.009999990463257,2.009999990463257,2.0,2.005000114440918,301116,0.0,0.0
2024-08-01 13:45:00-04:00,2.005000114440918,2.009999990463257,2.0,2.005000114440918,364290,0.0,0.0
2024-08-01 13:50:00-04:00,2.0058000087738037,2.0199999809265137,2.0,2.015000104904175,219250,0.0,0.0
2024-08-01 13:55:00-04:00,2.0199999809265137,2.0199999809265137,2.009999990463257,2.015000104904175,313331,0.0,0.0
2024-08-01 14:00:00-04:00,2.015000104904175,2.0299999713897705,2.009999990463257,2.0299999713897705,652261,0.0,0.0
2024-08-01 14:05:00-04:00,2.0399999618530273,2.0399999618530273,2.0299999713897705,2.0399999618530273,225614,0.0,0.0
2024-08-01 14:10:00-04:00,2.0350000858306885,2.0399999618530273,2.0299999713897705,2.0350000858306885,202615,0.0,0.0
2024-08-01 14:15:00-04:00,2.0350000858306885,2.0399999618530273,2.0299999713897705,2.0399999618530273,349183,0.0,0.0
2024-08-01 14:20:00-04:00,2.0399999618530273,2.0399999618530273,2.0199999809265137,2.029900074005127,524823,0.0,0.0
2024-08-01 14:25:00-04:00,2.0199999809265137,2.0299999713897705,2.0199999809265137,2.0250000953674316,236767,0.0,0.0
2024-08-01 14:30:00-04:00,2.0201001167297363,2.0299999713897705,2.0199999809265137,2.0250000953674316,83795,0.0,0.0
2024-08-01 14:35:00-04:00,2.0201001167297363,2.0299999713897705,2.009999990463257,2.015000104904175,284792,0.0,0.0
2024-08-01 14:40:00-04:00,2.015000104904175,2.0199999809265137,2.0,2.005000114440918,183511,0.0,0.0
2024-08-01 14:45:00-04:00,2.0,2.0099000930786133,1.9800000190734863,1.9903000593185425,1365694,0.0,0.0
2024-08-01 14:50:00-04:00,1.9950000047683716,2.0,1.9900000095367432,1.9950000047683716,149646,0.0,0.0
2024-08-01 14:55:00-04:00,1.9900000095367432,1.9950000047683716,1.9800000190734863,1.9850000143051147,335767,0.0,0.0
2024-08-01 15:00:00-04:00,1.9850000143051147,1.9900000095367432,1.9800000190734863,1.9867000579833984,154907,0.0,0.0
2024-08-01 15:05:00-04:00,1.9900000095367432,1.9900000095367432,1.9800000190734863,1.9867000579833984,65308,0.0,0.0
2024-08-01 15:10:00-04:00,1.9801000356674194,1.9900000095367432,1.9800000190734863,1.9850000143051147,99125,0.0,0.0
2024-08-01 15:15:00-04:00,1.9850000143051147,1.9900000095367432,1.9800000190734863,1.9850000143051147,94249,0.0,0.0
2024-08-01 15:20:00-04:00,1.9900000095367432,2.0,1.9800000190734863,2.0,206708,0.0,0.0
2024-08-01 15:25:00-04:00,1.9950000047683716,2.0,1.9901000261306763,2.0,331985,0.0,0.0
2024-08-01 15:30:00-04:00,2.0,2.009999990463257,1.9950000047683716,2.000200033187866,253298,0.0,0.0
2024-08-01 15:35:00-04:00,2.005000114440918,2.009999990463257,1.9900000095367432,1.9919999837875366,563327,0.0,0.0
2024-08-01 15:40:00-04:00,1.9950000047683716,2.0,1.9900000095367432,1.9950000047683716,69835,0.0,0.0
2024-08-01 15:45:00-04:00,1.9950000047683716,2.0,1.9900000095367432,1.9950000047683716,166320,0.0,0.0
2024-08-01 15:50:00-04:00,2.0,2.0,1.9900000095367432,2.0,366098,0.0,0.0
2024-08-01 15:55:00-04:00,1.9950000047683716,2.0,1.9850000143051147,1.9850000143051147,903447,0.0,0.0
2024-08-02 09:30:00-04:00,1.899999976158142,1.9198999404907227,1.8799999952316284,1.885599970817566,1807672,0.0,0.0
2024-08-02 09:35:00-04:00,1.8898999691009521,1.899999976158142,1.8799999952316284,1.8949999809265137,726304,0.0,0.0
2024-08-02 09:40:00-04:00,1.8949999809265137,1.8949999809265137,1.8799999952316284,1.8849999904632568,620068,0.0,0.0
2024-08-02 09:45:00-04:00,1.8849999904632568,1.899999976158142,1.8799999952316284,1.8949999809265137,796237,0.0,0.0
2024-08-02 09:50:00-04:00,1.899899959564209,1.899999976158142,1.8799999952316284,1.8849999904632568,475185,0.0,0.0
2024-08-02 09:55:00-04:00,1.8849999904632568,1.8899999856948853,1.8799999952316284,1.8849999904632568,375165,0.0,0.0
2024-08-02 10:00:00-04:00,1.8899999856948853,1.909999966621399,1.8849999904632568,1.9067000150680542,420833,0.0,0.0
2024-08-02 10:05:00-04:00,1.9098999500274658,1.909999966621399,1.8799999952316284,1.9049999713897705,897686,0.0,0.0
2024-08-02 10:10:00-04:00,1.9098999500274658,1.909999966621399,1.8799999952316284,1.8803000450134277,497535,0.0,0.0
2024-08-02 10:15:00-04:00,1.8806999921798706,1.8899999856948853,1.8700000047683716,1.8803000450134277,740160,0.0,0.0
2024-08-02 10:20:00-04:00,1.8898999691009521,1.8899999856948853,1.8700000047683716,1.875,246346,0.0,0.0
2024-08-02 10:25:00-04:00,1.875,1.899899959564209,1.875,1.899899959564209,620601,0.0,0.0
2024-08-02 10:30:00-04:00,1.8949999809265137,1.899999976158142,1.8799999952316284,1.8849999904632568,110181,0.0,0.0
2024-08-02 10:35:00-04:00,1.8899999856948853,1.8899999856948853,1.8799999952316284,1.8801000118255615,139219,0.0,0.0
2024-08-02 10:40:00-04:00,1.8802000284194946,1.8849999904632568,1.8700000047683716,1.875,652163,0.0,0.0
2024-08-02 10:45:00-04:00,1.875,1.8799999952316284,1.8700000047683716,1.8737000226974487,229360,0.0,0.0
2024-08-02 10:50:00-04:00,1.8799999952316284,1.8799999952316284,1.8600000143051147,1.8615000247955322,422897,0.0,0.0
2024-08-02 10:55:00-04:00,1.8601000308990479,1.8700000047683716,1.850000023841858,1.850000023841858,553513,0.0,0.0
2024-08-02 11:00:00-04:00,1.8550000190734863,1.8600000143051147,1.850000023841858,1.853700041770935,204171,0.0,0.0
2024-08-02 11:05:00-04:00,1.8550000190734863,1.8600000143051147,1.840000033378601,1.8499000072479248,513989,0.0,0.0
2024-08-02 11:10:00-04:00,1.8446999788284302,1.8600000143051147,1.840000033378601,1.8550000190734863,474318,0.0,0.0
2024-08-02 11:15:00-04:00,1.8550000190734863,1.8600000143051147,1.850000023841858,1.8550000190734863,136489,0.0,0.0
2024-08-02 11:20:00-04:00,1.8550000190734863,1.8700000047683716,1.850000023841858,1.8700000047683716,480597,0.0,0.0
2024-08-02 11:25:00-04:00,1.8650000095367432,1.8700000047683716,1.8600000143051147,1.860700011253357,208920,0.0,0.0
2024-08-02 11:30:00-04:00,1.8650000095367432,1.8700000047683716,1.8600000143051147,1.8693000078201294,139956,0.0,0.0
2024-08-02 11:35:00-04:00,1.8653000593185425,1.8700000047683716,1.8600000143051147,1.8650000095367432,345431,0.0,0.0
2024-08-02 11:40:00-04:00,1.8601000308990479,1.8798999786376953,1.8600000143051147,1.875,377501,0.0,0.0
2024-08-02 11:45:00-04:00,1.8799999952316284,1.8799999952316284,1.8701000213623047,1.875,363815,0.0,0.0
2024-08-02 11:50:00-04:00,1.875,1.8799999952316284,1.8700000047683716,1.875,130039,0.0,0.0
2024-08-02 11:55:00-04:00,1.875,1.8899999856948853,1.8700000047683716,1.888700008392334,212822,0.0,0.0
2024-08-02 12:00:00-04:00,1.8859000205993652,1.8899999856948853,1.8799999952316284,1.8849999904632568,71475,0.0,0.0
2024-08-02 12:05:00-04:00,1.8854999542236328,1.8899999856948853,1.8799999952316284,1.8799999952316284,208985,0.0,0.0
2024-08-02 12:10:00-04:00,1.8853000402450562,1.8899999856948853,1.8799999952316284,1.8849999904632568,108344,0.0,0.0
2024-08-02 12:15:00-04:00,1.8880000114440918,1.899999976158142,1.8799999952316284,1.8914999961853027,164515,0.0,0.0
2024-08-02 12:20:00-04:00,1.8901000022888184,1.899999976158142,1.8899999856948853,1.899999976158142,48821,0.0,0.0
2024-08-02 12:25:00-04:00,1.8949999809265137,1.899999976158142,1.8899999856948853,1.8949999809265137,25761,0.0,0.0
2024-08-02 12:30:00-04:00,1.899999976158142,1.899999976158142,1.8899999856948853,1.899999976158142,61467,0.0,0.0
2024-08-02 12:35:00-04:00,1.8906999826431274,1.909999966621399,1.8899999856948853,1.9049999713897705,199496,0.0,0.0
2024-08-02 12:40:00-04:00,1.905900001525879,1.9299999475479126,1.899999976158142,1.9199999570846558,438801,0.0,0.0
2024-08-02 12:45:00-04:00,1.9249999523162842,1.9299999475479126,1.9199999570846558,1.929900050163269,69195,0.0,0.0
2024-08-02 12:50:00-04:00,1.9249999523162842,1.9299999475479126,1.909999966621399,1.9149999618530273,359871,0.0,0.0
2024-08-02 12:55:00-04:00,1.9199999570846558,1.9279999732971191,1.9101999998092651,1.9249999523162842,136158,0.0,0.0
2024-08-02 13:00:00-04:00,1.9249999523162842,1.9259999990463257,1.9149999618530273,1.9199999570846558,165537,0.0,0.0
2024-08-02 13:05:00-04:00,1.9198999404907227,1.9199999570846558,1.909999966621399,1.9199999570846558,110790,0.0,0.0
2024-08-02 13:10:00-04:00,1.9199999570846558,1.929900050163269,1.909999966621399,1.9279999732971191,200805,0.0,0.0
2024-08-02 13:15:00-04:00,1.9299999475479126,1.9299999475479126,1.9199999570846558,1.9299999475479126,62576,0.0,0.0
2024-08-02 13:20:00-04:00,1.929900050163269,1.929900050163269,1.9106999635696411,1.9149999618530273,215054,0.0,0.0
2024-08-02 13:25:00-04:00,1.9142999649047852,1.9199999570846558,1.909999966621399,1.9149999618530273,53847,0.0,0.0
2024-08-02 13:30:00-04:00,1.9149999618530273,1.9198999404907227,1.8799999952316284,1.8885999917984009,1010617,0.0,0.0
2024-08-02 13:35:00-04:00,1.8799999952316284,1.8898999691009521,1.8799999952316284,1.8849999904632568,191982,0.0,0.0
2024-08-02 13:40:00-04:00,1.8849999904632568,1.8899999856948853,1.8799999952316284,1.8884999752044678,56279,0.0,0.0
2024-08-02 13:45:00-04:00,1.8899999856948853,1.8899999856948853,1.8799999952316284,1.8849999904632568,200248,0.0,0.0
2024-08-02 13:50:00-04:00,1.8799999952316284,1.8899999856948853,1.8700000047683716,1.875,137425,0.0,0.0
2024-08-02 13:55:00-04:00,1.875,1.8799999952316284,1.8700000047683716,1.8700000047683716,57673,0.0,0.0
2024-08-02 14:00:00-04:00,1.875,1.8798999786376953,1.8700000047683716,1.875,43860,0.0,0.0
2024-08-02 14:05:00-04:00,1.875,1.8795000314712524,1.8700000047683716,1.875,75551,0.0,0.0
2024-08-02 14:10:00-04:00,1.8734999895095825,1.8798999786376953,1.8700000047683716,1.875,70176,0.0,0.0
2024-08-02 14:15:00-04:00,1.8701000213623047,1.8799999952316284,1.8700000047683716,1.8700000047683716,39305,0.0,0.0
2024-08-02 14:20:00-04:00,1.875,1.8799999952316284,1.8700000047683716,1.875,206006,0.0,0.0
2024-08-02 14:25:00-04:00,1.8700000047683716,1.8898999691009521,1.8700000047683716,1.8799999952316284,325894,0.0,0.0
2024-08-02 14:30:00-04:00,1.8858000040054321,1.8899999856948853,1.8799999952316284,1.8849999904632568,45212,0.0,0.0
2024-08-02 14:35:00-04:00,1.8799999952316284,1.8824000358581543,1.875,1.875,54638,0.0,0.0
2024-08-02 14:40:00-04:00,1.875,1.8798999786376953,1.8700000047683716,1.875,75754,0.0,0.0
2024-08-02 14:45:00-04:00,1.8799999952316284,1.8799999952316284,1.8700000047683716,1.8799999952316284,140056,0.0,0.0
2024-08-02 14:50:00-04:00,1.875,1.8799999952316284,1.8700000047683716,1.8743000030517578,192220,0.0,0.0
2024-08-02 14:55:00-04:00,1.8799999952316284,1.8799999952316284,1.8700000047683716,1.875,156839,0.0,0.0
2024-08-02 15:00:00-04:00,1.8760000467300415,1.8799999952316284,1.8600000143051147,1.8700000047683716,571316,0.0,0.0
2024-08-02 15:05:00-04:00,1.8650000095367432,1.8700000047683716,1.8600000143051147,1.8650000095367432,71290,0.0,0.0
2024-08-02 15:10:00-04:00,1.8650000095367432,1.8799999952316284,1.8600000143051147,1.8650000095367432,534560,0.0,0.0
2024-08-02 15:15:00-04:00,1.8600000143051147,1.8700000047683716,1.8600000143051147,1.8625999689102173,102277,0.0,0.0
2024-08-02 15:20:00-04:00,1.8600000143051147,1.8700000047683716,1.8600000143051147,1.8650000095367432,126382,0.0,0.0
2024-08-02 15:25:00-04:00,1.8650000095367432,1.8700000047683716,1.8600000143051147,1.8600000143051147,70751,0.0,0.0
2024-08-02 15:30:00-04:00,1.8650000095367432,1.8700000047683716,1.8600000143051147,1.8650000095367432,104612,0.0,0.0
2024-08-02 15:35:00-04:00,1.8650000095367432,1.8700000047683716,1.8600000143051147,1.8698999881744385,202645,0.0,0.0
2024-08-02 15:40:00-04:00,1.8600000143051147,1.8698999881744385,1.8600000143051147,1.8650000095367432,73168,0.0,0.0
2024-08-02 15:45:00-04:00,1.8650000095367432,1.8700000047683716,1.8600000143051147,1.8650000095367432,284877,0.0,0.0
2024-08-02 15:50:00-04:00,1.8600000143051147,1.868499994277954,1.850000023841858,1.850000023841858,542872,0.0,0.0
2024-08-02 15:55:00-04:00,1.8550000190734863,1.8700000047683716,1.850000023841858,1.8600000143051147,898921,0.0,0.0
2024-08-05 09:30:00-04:00,1.715000033378601,1.7300000190734863,1.6799999475479126,1.690500020980835,3892401,0.0,0.0
2024-08-05 09:35:00-04:00,1.6950000524520874,1.7400000095367432,1.690000057220459,1.7350000143051147,792921,0.0,0.0
2024-08-05 09:40:00-04:00,1.7350000143051147,1.7400000095367432,1.7000000476837158,1.7199000120162964,684917,0.0,0.0
2024-08-05 09:45:00-04:00,1.7197999954223633,1.75,1.7100000381469727,1.7450000047683716,732635,0.0,0.0
2024-08-05 09:50:00-04:00,1.7450000047683716,1.749899983406067,1.7200000286102295,1.7200000286102295,346691,0.0,0.0
2024-08-05 09:55:00-04:00,1.725000023841858,1.7400000095367432,1.7200000286102295,1.7200000286102295,310714,0.0,0.0
2024-08-05 10:00:00-04:00,1.725000023841858,1.7599999904632568,1.7200000286102295,1.7450000047683716,475475,0.0,0.0
2024-08-05 10:05:00-04:00,1.7400000095367432,1.7400000095367432,1.7200000286102295,1.725000023841858,366087,0.0,0.0
2024-08-05 10:10:00-04:00,1.7200000286102295,1.7300000190734863,1.7200000286102295,1.7278000116348267,206657,0.0,0.0
2024-08-05 10:15:00-04:00,1.7200000286102295,1.7300000190734863,1.7100000381469727,1.725000023841858,383295,0.0,0.0
2024-08-05 10:20:00-04:00,1.725000023841858,1.7300000190734863,1.7100000381469727,1.7206000089645386,371662,0.0,0.0
2024-08-05 10:25:00-04:00,1.7200000286102295,1.7300000190734863,1.7100000381469727,1.7100000381469727,240531,0.0,0.0
2024-08-05 10:30:00-04:00,1.7100000381469727,1.7300000190734863,1.7100000381469727,1.725000023841858,309566,0.0,0.0
2024-08-05 10:35:00-04:00,1.725000023841858,1.7300000190734863,1.7200000286102295,1.7200000286102295,249310,0.0,0.0
2024-08-05 10:40:00-04:00,1.725000023841858,1.7300000190734863,1.7200000286102295,1.7200000286102295,202843,0.0,0.0
2024-08-05 10:45:00-04:00,1.725000023841858,1.7300000190734863,1.7200000286102295,1.725000023841858,135089,0.0,0.0
2024-08-05 10:50:00-04:00,1.725000023841858,1.7300000190734863,1.7200000286102295,1.725000023841858,243126,0.0,0.0
2024-08-05 10:55:00-04:00,1.725000023841858,1.7300000190734863,1.7100000381469727,1.718500018119812,266120,0.0,0.0
2024-08-05 11:00:00-04:00,1.715000033378601,1.7200000286102295,1.7100000381469727,1.715000033378601,292262,0.0,0.0
2024-08-05 11:05:00-04:00,1.715000033378601,1.7300000190734863,1.7100000381469727,1.7299000024795532,251200,0.0,0.0
2024-08-05 11:10:00-04:00,1.728600025177002,1.7400000095367432,1.7200000286102295,1.7350000143051147,269063,0.0,0.0
2024-08-05 11:15:00-04:00,1.7350000143051147,1.75,1.7300000190734863,1.7450000047683716,312244,0.0,0.0
2024-08-05 11:20:00-04:00,1.7450000047683716,1.75,1.7300000190734863,1.7300000190734863,311963,0.0,0.0
2024-08-05 11:25:00-04:00,1.7350000143051147,1.7599999904632568,1.7350000143051147,1.7597999572753906,780224,0.0,0.0
2024-08-05 11:30:00-04:00,1.7549999952316284,1.7699999809265137,1.75,1.7549999952316284,606482,0.0,0.0
2024-08-05 11:35:00-04:00,1.7598999738693237,1.7599999904632568,1.75,1.75,237927,0.0,0.0
2024-08-05 11:40:00-04:00,1.7549999952316284,1.7699999809265137,1.75,1.7649999856948853,261280,0.0,0.0
2024-08-05 11:45:00-04:00,1.7649999856948853,1.7699999809265137,1.7599999904632568,1.7698999643325806,136957,0.0,0.0
2024-08-05 11:50:00-04:00,1.7649999856948853,1.7699999809265137,1.75,1.7699999809265137,211164,0.0,0.0
2024-08-05 11:55:00-04:00,1.7649999856948853,1.7698999643325806,1.75,1.7549999952316284,142608,0.0,0.0
2024-08-05 12:00:00-04:00,1.7549999952316284,1.7799999713897705,1.7549999952316284,1.774999976158142,371569,0.0,0.0
2024-08-05 12:05:00-04:00,1.774399995803833,1.774999976158142,1.7599999904632568,1.7649999856948853,161287,0.0,0.0
2024-08-05 12:10:00-04:00,1.7649999856948853,1.7699999809265137,1.75,1.7599999904632568,244917,0.0,0.0
2024-08-05 12:15:00-04:00,1.7649999856948853,1.7799999713897705,1.7599999904632568,1.774999976158142,205906,0.0,0.0
2024-08-05 12:20:00-04:00,1.774999976158142,1.7899999618530273,1.7699999809265137,1.784999966621399,188140,0.0,0.0
2024-08-05 12:25:00-04:00,1.7799999713897705,1.7899999618530273,1.7700999975204468,1.784999966621399,261017,0.0,0.0
2024-08-05 12:30:00-04:00,1.784999966621399,1.7899999618530273,1.7799999713897705,1.7799999713897705,109954,0.0,0.0
2024-08-05 12:35:00-04:00,1.7799999713897705,1.7899999618530273,1.7799999713897705,1.7899999618530273,90329,0.0,0.0
2024-08-05 12:40:00-04:00,1.784999966621399,1.7899999618530273,1.7799999713897705,1.7799999713897705,105153,0.0,0.0
2024-08-05 12:45:00-04:00,1.7799999713897705,1.7898999452590942,1.7799999713897705,1.7799999713897705,93967,0.0,0.0
2024-08-05 12:50:00-04:00,1.784999966621399,1.7899999618530273,1.7699999809265137,1.784999966621399,321066,0.0,0.0
2024-08-05 12:55:00-04:00,1.787500023841858,1.787500023841858,1.7699999809265137,1.7799999713897705,268172,0.0,0.0
2024-08-05 13:00:00-04:00,1.7699999809265137,1.7799999713897705,1.7699999809265137,1.774999976158142,123832,0.0,0.0
2024-08-05 13:05:00-04:00,1.774999976158142,1.7799999713897705,1.7699999809265137,1.7798999547958374,90368,0.0,0.0
2024-08-05 13:10:00-04:00,1.774999976158142,1.7799999713897705,1.7699999809265137,1.7699999809265137,242541,0.0,0.0
2024-08-05 13:15:00-04:00,1.774999976158142,1.774999976158142,1.7599999904632568,1.7599999904632568,155839,0.0,0.0
2024-08-05 13:20:00-04:00,1.7599999904632568,1.7698999643325806,1.7599999904632568,1.7649999856948853,112040,0.0,0.0
2024-08-05 13:25:00-04:00,1.7649999856948853,1.7699999809265137,1.75,1.7549999952316284,444453,0.0,0.0
2024-08-05 13:30:00-04:00,1.7549999952316284,1.7599999904632568,1.75,1.7549999952316284,324472,0.0,0.0
2024-08-05 13:35:00-04:00,1.7549999952316284,1.7699999809265137,1.7549999952316284,1.7649999856948853,254413,0.0,0.0
2024-08-05 13:40:00-04:00,1.7649999856948853,1.7699999809265137,1.7599999904632568,1.7649999856948853,114800,0.0,0.0
2024-08-05 13:45:00-04:00,1.7649999856948853,1.7699999809265137,1.7599999904632568,1.760200023651123,68644,0.0,0.0
2024-08-05 13:50:00-04:00,1.7649999856948853,1.7699999809265137,1.7599999904632568,1.7649999856948853,94044,0.0,0.0
2024-08-05 13:55:00-04:00,1.7649999856948853,1.7699999809265137,1.7599999904632568,1.7649999856948853,63656,0.0,0.0
2024-08-05 14:00:00-04:00,1.7649999856948853,1.7699999809265137,1.7599999904632568,1.7649999856948853,111469,0.0,0.0
2024-08-05 14:05:00-04:00,1.7599999904632568,1.7699999809265137,1.75,1.75,169732,0.0,0.0
2024-08-05 14:10:00-04:00,1.75,1.7599999904632568,1.75,1.75,23552,0.0,0.0
2024-08-05 14:15:00-04:00,1.75,1.7599999904632568,1.75,1.7599999904632568,65828,0.0,0.0
2024-08-05 14:20:00-04:00,1.7549999952316284,1.7599999904632568,1.75,1.750499963760376,51195,0.0,0.0
2024-08-05 14:25:00-04:00,1.7599999904632568,1.7599999904632568,1.75,1.75,85496,0.0,0.0
2024-08-05 14:30:00-04:00,1.7549999952316284,1.7599999904632568,1.75,1.75,39768,0.0,0.0
2024-08-05 14:35:00-04:00,1.7549999952316284,1.7599999904632568,1.7400000095367432,1.7450000047683716,244922,0.0,0.0
2024-08-05 14:40:00-04:00,1.7400000095367432,1.749899983406067,1.7300000190734863,1.7300000190734863,278191,0.0,0.0
2024-08-05 14:45:00-04:00,1.7350000143051147,1.7400000095367432,1.7300000190734863,1.7384999990463257,106100,0.0,0.0
2024-08-05 14:50:00-04:00,1.7300000190734863,1.7400000095367432,1.7300000190734863,1.7400000095367432,112012,0.0,0.0
2024-08-05 14:55:00-04:00,1.7350000143051147,1.7400000095367432,1.7300000190734863,1.7300000190734863,124349,0.0,0.0
2024-08-05 15:00:00-04:00,1.7300000190734863,1.7400000095367432,1.7200000286102295,1.7300000190734863,345906,0.0,0.0
2024-08-05 15:05:00-04:00,1.7350000143051147,1.7400000095367432,1.7200000286102295,1.725000023841858,236091,0.0,0.0
2024-08-05 15:10:00-04:00,1.725000023841858,1.7400000095367432,1.722000002861023,1.7350000143051147,436611,0.0,0.0
2024-08-05 15:15:00-04:00,1.7350000143051147,1.7350000143051147,1.7200000286102295,1.725000023841858,418684,0.0,0.0
2024-08-05 15:20:00-04:00,1.725000023841858,1.7300000190734863,1.7200000286102295,1.725000023841858,228790,0.0,0.0
2024-08-05 15:25:00-04:00,1.7297999858856201,1.7300000190734863,1.7200000286102295,1.7200000286102295,404236,0.0,0.0
2024-08-05 15:30:00-04:00,1.7200000286102295,1.7400000095367432,1.7200000286102295,1.7300000190734863,224133,0.0,0.0
2024-08-05 15:35:00-04:00,1.732699990272522,1.7400000095367432,1.7300000190734863,1.7300000190734863,108228,0.0,0.0
2024-08-05 15:40:00-04:00,1.7300000190734863,1.7400000095367432,1.7300000190734863,1.7350000143051147,198072,0.0,0.0
2024-08-05 15:45:00-04:00,1.7300000190734863,1.7400000095367432,1.7300000190734863,1.7369999885559082,247371,0.0,0.0
2024-08-05 15:50:00-04:00,1.7350000143051147,1.7400000095367432,1.7300000190734863,1.7350000143051147,252715,0.0,0.0
2024-08-05 15:55:00-04:00,1.7350000143051147,1.7400000095367432,1.7300000190734863,1.7350000143051147,473198,0.0,0.0
2024-08-06 09:30:00-04:00,1.7834999561309814,1.809999942779541,1.7699999809265137,1.774999976158142,1017714,0.0,0.0
2024-08-06 09:35:00-04:00,1.7699999809265137,1.7799999713897705,1.7599999904632568,1.7699999809265137,541678,0.0,0.0
2024-08-06 09:40:00-04:00,1.7611000537872314,1.7698999643325806,1.75,1.7549999952316284,468817,0.0,0.0
2024-08-06 09:45:00-04:00,1.7549999952316284,1.7699999809265137,1.7400000095367432,1.7649999856948853,485129,0.0,0.0
2024-08-06 09:50:00-04:00,1.7625000476837158,1.7799999713897705,1.7599999904632568,1.7700999975204468,694441,0.0,0.0
2024-08-06 09:55:00-04:00,1.774999976158142,1.7899999618530273,1.7699999809265137,1.7799999713897705,438025,0.0,0.0
2024-08-06 10:00:00-04:00,1.7799999713897705,1.780400037765503,1.7699999809265137,1.7699999809265137,210483,0.0,0.0
2024-08-06 10:05:00-04:00,1.774999976158142,1.7799999713897705,1.7699999809265137,1.774999976158142,131859,0.0,0.0
2024-08-06 10:10:00-04:00,1.7699999809265137,1.7999000549316406,1.7699999809265137,1.7949999570846558,353489,0.0,0.0
2024-08-06 10:15:00-04:00,1.7949999570846558,1.7999999523162842,1.7899999618530273,1.7999000549316406,284212,0.0,0.0
2024-08-06 10:20:00-04:00,1.7899999618530273,1.809999942779541,1.7899999618530273,1.7999999523162842,392816,0.0,0.0
2024-08-06 10:25:00-04:00,1.8049999475479126,1.809999942779541,1.7899999618530273,1.7999999523162842,504082,0.0,0.0
2024-08-06 10:30:00-04:00,1.7949999570846558,1.7999999523162842,1.7811000347137451,1.784999966621399,364173,0.0,0.0
2024-08-06 10:35:00-04:00,1.7800999879837036,1.7999000549316406,1.7799999713897705,1.7933000326156616,309528,0.0,0.0
2024-08-06 10:40:00-04:00,1.7934999465942383,1.7999999523162842,1.7899999618530273,1.7899999618530273,358203,0.0,0.0
2024-08-06 10:45:00-04:00,1.7920000553131104,1.7999999523162842,1.7899999618530273,1.7999999523162842,161617,0.0,0.0
2024-08-06 10:50:00-04:00,1.7999999523162842,1.7999999523162842,1.7899999618530273,1.7900999784469604,121100,0.0,0.0
2024-08-06 10:55:00-04:00,1.7899999618530273,1.7899999618530273,1.7799999713897705,1.784999966621399,134118,0.0,0.0
2024-08-06 11:00:00-04:00,1.784999966621399,1.7999999523162842,1.7813999652862549,1.7949999570846558,219612,0.0,0.0
2024-08-06 11:05:00-04:00,1.7949999570846558,1.7999999523162842,1.7899999618530273,1.7949999570846558,54041,0.0,0.0
2024-08-06 11:10:00-04:00,1.7949999570846558,1.7999999523162842,1.7899999618530273,1.7949999570846558,198749,0.0,0.0
2024-08-06 11:15:00-04:00,1.7899999618530273,1.7908999919891357,1.7799999713897705,1.784000039100647,254723,0.0,0.0
2024-08-06 11:20:00-04:00,1.784999966621399,1.7899999618530273,1.7799999713897705,1.7799999713897705,84853,0.0,0.0
2024-08-06 11:25:00-04:00,1.7799999713897705,1.7898999452590942,1.7699999809265137,1.7699999809265137,231811,0.0,0.0
2024-08-06 11:30:00-04:00,1.7740000486373901,1.7799999713897705,1.7699999809265137,1.7799999713897705,17401,0.0,0.0
2024-08-06 11:35:00-04:00,1.7727999687194824,1.7799999713897705,1.7699999809265137,1.7720999717712402,24420,0.0,0.0
2024-08-06 11:40:00-04:00,1.774999976158142,1.7799999713897705,1.7699999809265137,1.7727999687194824,194883,0.0,0.0
2024-08-06 11:45:00-04:00,1.7740999460220337,1.784999966621399,1.7699999809265137,1.7818000316619873,188031,0.0,0.0
2024-08-06 11:50:00-04:00,1.784999966621399,1.7899999618530273,1.7799999713897705,1.7803000211715698,54698,0.0,0.0
2024-08-06 11:55:00-04:00,1.784999966621399,1.7899999618530273,1.7799999713897705,1.7899999618530273,25445,0.0,0.0
2024-08-06 12:00:00-04:00,1.784999966621399,1.7899999618530273,1.7799999713897705,1.784999966621399,32922,0.0,0.0
2024-08-06 12:05:00-04:00,1.784999966621399,1.7899999618530273,1.7799999713897705,1.784999966621399,92605,0.0,0.0
2024-08-06 12:10:00-04:00,1.784999966621399,1.7899999618530273,1.7799999713897705,1.784999966621399,30438,0.0,0.0
2024-08-06 12:15:00-04:00,1.784999966621399,1.7999999523162842,1.7799999713897705,1.7949999570846558,195567,0.0,0.0
2024-08-06 12:20:00-04:00,1.7949999570846558,1.7999999523162842,1.7899999618530273,1.7999999523162842,73354,0.0,0.0
2024-08-06 12:25:00-04:00,1.7949999570846558,1.7999999523162842,1.7899999618530273,1.7903000116348267,142986,0.0,0.0
2024-08-06 12:30:00-04:00,1.7900999784469604,1.7949999570846558,1.7799999713897705,1.784999966621399,218483,0.0,0.0
2024-08-06 12:35:00-04:00,1.784999966621399,1.7899999618530273,1.7799999713897705,1.784999966621399,111393,0.0,0.0
2024-08-06 12:40:00-04:00,1.7898999452590942,1.7999999523162842,1.784999966621399,1.7999000549316406,116872,0.0,0.0
2024-08-06 12:45:00-04:00,1.7899999618530273,1.7999999523162842,1.7899999618530273,1.7999999523162842,20352,0.0,0.0
2024-08-06 12:50:00-04:00,1.7999999523162842,1.7999999523162842,1.7899999618530273,1.7961000204086304,191091,0.0,0.0
2024-08-06 12:55:00-04:00,1.7934999465942383,1.7999999523162842,1.7899999618530273,1.797700047492981,78284,0.0,0.0
2024-08-06 13:00:00-04:00,1.7949999570846558,1.809999942779541,1.7949999570846558,1.8000999689102173,212371,0.0,0.0
2024-08-06 13:05:00-04:00,1.8049999475479126,1.809999942779541,1.7999999523162842,1.8049999475479126,91642,0.0,0.0
2024-08-06 13:10:00-04:00,1.8049999475479126,1.8099000453948975,1.7999999523162842,1.8049999475479126,9381,0.0,0.0
2024-08-06 13:15:00-04:00,1.8049999475479126,1.809999942779541,1.7999999523162842,1.8049999475479126,92083,0.0,0.0
2024-08-06 13:20:00-04:00,1.8049999475479126,1.809999942779541,1.7999999523162842,1.8049999475479126,23462,0.0,0.0
2024-08-06 13:25:00-04:00,1.8000999689102173,1.809999942779541,1.7999999523162842,1.8049999475479126,39159,0.0,0.0
2024-08-06 13:30:00-04:00,1.8049999475479126,1.809999942779541,1.8003000020980835,1.8020999431610107,147397,0.0,0.0
2024-08-06 13:35:00-04:00,1.8049999475479126,1.815000057220459,1.7999999523162842,1.809999942779541,210488,0.0,0.0
2024-08-06 13:40:00-04:00,1.809999942779541,1.8200000524520874,1.7999999523162842,1.8049999475479126,288790,0.0,0.0
2024-08-06 13:45:00-04:00,1.8000999689102173,1.809999942779541,1.7999999523162842,1.8049999475479126,93902,0.0,0.0
2024-08-06 13:50:00-04:00,1.7999999523162842,1.809999942779541,1.7999999523162842,1.7999999523162842,38893,0.0,0.0
2024-08-06 13:55:00-04:00,1.8049999475479126,1.8200000524520874,1.7999999523162842,1.8100999593734741,328077,0.0,0.0
2024-08-06 14:00:00-04:00,1.8133000135421753,1.8200000524520874,1.809999942779541,1.812999963760376,10218,0.0,0.0
2024-08-06 14:05:00-04:00,1.8198000192642212,1.8200000524520874,1.809999942779541,1.8116999864578247,68943,0.0,0.0
2024-08-06 14:10:00-04:00,1.809999942779541,1.8200000524520874,1.809999942779541,1.8199000358581543,144293,0.0,0.0
2024-08-06 14:15:00-04:00,1.815000057220459,1.8200000524520874,1.809999942779541,1.815000057220459,42216,0.0,0.0
2024-08-06 14:20:00-04:00,1.815000057220459,1.8158999681472778,1.809999942779541,1.8140000104904175,19489,0.0,0.0
2024-08-06 14:25:00-04:00,1.815000057220459,1.8200000524520874,1.809999942779541,1.815000057220459,48721,0.0,0.0
2024-08-06 14:30:00-04:00,1.815000057220459,1.8200000524520874,1.809999942779541,1.815000057220459,35835,0.0,0.0
2024-08-06 14:35:00-04:00,1.815000057220459,1.8200000524520874,1.809999942779541,1.815000057220459,76135,0.0,0.0
2024-08-06 14:40:00-04:00,1.815000057220459,1.8200000524520874,1.809999942779541,1.8100999593734741,40020,0.0,0.0
2024-08-06 14:45:00-04:00,1.812399983406067,1.8200000524520874,1.809999942779541,1.815000057220459,102319,0.0,0.0
2024-08-06 14:50:00-04:00,1.8179999589920044,1.8194999694824219,1.809999942779541,1.815000057220459,56790,0.0,0.0
2024-08-06 14:55:00-04:00,1.815000057220459,1.8200000524520874,1.7999999523162842,1.809999942779541,269685,0.0,0.0
2024-08-06 15:00:00-04:00,1.8049999475479126,1.809999942779541,1.7999999523162842,1.809999942779541,241538,0.0,0.0
2024-08-06 15:05:00-04:00,1.8049999475479126,1.809999942779541,1.7899999618530273,1.7949999570846558,427259,0.0,0.0
2024-08-06 15:10:00-04:00,1.7949999570846558,1.809999942779541,1.7899999618530273,1.7999999523162842,212062,0.0,0.0
2024-08-06 15:15:00-04:00,1.8033000230789185,1.809999942779541,1.7999999523162842,1.7999999523162842,132246,0.0,0.0
2024-08-06 15:20:00-04:00,1.8049999475479126,1.8166999816894531,1.7999999523162842,1.815000057220459,333291,0.0,0.0
2024-08-06 15:25:00-04:00,1.815000057220459,1.8200000524520874,1.809999942779541,1.8167999982833862,89897,0.0,0.0
2024-08-06 15:30:00-04:00,1.815000057220459,1.8200000524520874,1.809999942779541,1.809999942779541,61070,0.0,0.0
2024-08-06 15:35:00-04:00,1.815000057220459,1.8200000524520874,1.7999999523162842,1.8079999685287476,199877,0.0,0.0
2024-08-06 15:40:00-04:00,1.8049999475479126,1.809999942779541,1.7999999523162842,1.8049999475479126,29831,0.0,0.0
2024-08-06 15:45:00-04:00,1.8049999475479126,1.809999942779541,1.7999999523162842,1.7999999523162842,124589,0.0,0.0
2024-08-06 15:50:00-04:00,1.80239999294281,1.809999942779541,1.7999999523162842,1.7999999523162842,197809,0.0,0.0
2024-08-06 15:55:00-04:00,1.8049999475479126,1.809999942779541,1.7999999523162842,1.809999942779541,410009,0.0,0.0
2024-08-07 09:30:00-04:00,1.8200000524520874,1.850000023841858,1.8200000524520874,1.840000033378601,934116,0.0,0.0
2024-08-07 09:35:00-04:00,1.8350000381469727,1.850000023841858,1.8300000429153442,1.840000033378601,148669,0.0,0.0
2024-08-07 09:40:00-04:00,1.8499000072479248,1.8499000072479248,1.8300000429153442,1.8350000381469727,258297,0.0,0.0
2024-08-07 09:45:00-04:00,1.8319000005722046,1.840000033378601,1.809999942779541,1.815000057220459,468365,0.0,0.0
2024-08-07 09:50:00-04:00,1.8200000524520874,1.8300000429153442,1.809999942779541,1.8200000524520874,468212,0.0,0.0
2024-08-07 09:55:00-04:00,1.8157999515533447,1.8300000429153442,1.809999942779541,1.8251999616622925,256820,0.0,0.0
2024-08-07 10:00:00-04:00,1.829699993133545,1.8300000429153442,1.7999999523162842,1.809999942779541,361897,0.0,0.0
2024-08-07 10:05:00-04:00,1.8049999475479126,1.809999942779541,1.7999999523162842,1.80239999294281,96419,0.0,0.0
2024-08-07 10:10:00-04:00,1.809000015258789,1.8200000524520874,1.7999999523162842,1.8200000524520874,352068,0.0,0.0
2024-08-07 10:15:00-04:00,1.8100999593734741,1.8200000524520874,1.7899999618530273,1.7918000221252441,553046,0.0,0.0
2024-08-07 10:20:00-04:00,1.7899999618530273,1.7999999523162842,1.7899999618530273,1.7949999570846558,141644,0.0,0.0
2024-08-07 10:25:00-04:00,1.7949999570846558,1.7999999523162842,1.7899999618530273,1.7899999618530273,211716,0.0,0.0
2024-08-07 10:30:00-04:00,1.7949999570846558,1.7999999523162842,1.7899999618530273,1.791599988937378,196050,0.0,0.0
2024-08-07 10:35:00-04:00,1.7899999618530273,1.7999999523162842,1.7899999618530273,1.7949999570846558,162589,0.0,0.0
2024-08-07 10:40:00-04:00,1.7949999570846558,1.809999942779541,1.7899999618530273,1.8000999689102173,401967,0.0,0.0
2024-08-07 10:45:00-04:00,1.801800012588501,1.809999942779541,1.7999999523162842,1.8049999475479126,91873,0.0,0.0
2024-08-07 10:50:00-04:00,1.7999999523162842,1.809999942779541,1.7899999618530273,1.7998000383377075,539986,0.0,0.0
2024-08-07 10:55:00-04:00,1.7899999618530273,1.7999999523162842,1.7799999713897705,1.784999966621399,461385,0.0,0.0
2024-08-07 11:00:00-04:00,1.784999966621399,1.7899999618530273,1.7699999809265137,1.7799999713897705,721980,0.0,0.0
2024-08-07 11:05:00-04:00,1.774999976158142,1.7899999618530273,1.774999976158142,1.784999966621399,444807,0.0,0.0
2024-08-07 11:10:00-04:00,1.784999966621399,1.7899999618530273,1.7699999809265137,1.774999976158142,397621,0.0,0.0
2024-08-07 11:15:00-04:00,1.774999976158142,1.7999999523162842,1.7699999809265137,1.7949999570846558,587507,0.0,0.0
2024-08-07 11:20:00-04:00,1.7949999570846558,1.7999999523162842,1.7899999618530273,1.7949999570846558,102031,0.0,0.0
2024-08-07 11:25:00-04:00,1.7949999570846558,1.7999999523162842,1.7899999618530273,1.7949999570846558,177655,0.0,0.0
2024-08-07 11:30:00-04:00,1.7949999570846558,1.7999999523162842,1.7899999618530273,1.7949999570846558,36174,0.0,0.0
2024-08-07 11:35:00-04:00,1.7949999570846558,1.7999999523162842,1.7899999618530273,1.7949999570846558,45066,0.0,0.0
2024-08-07 11:40:00-04:00,1.7949999570846558,1.7999999523162842,1.7833000421524048,1.784999966621399,186906,0.0,0.0
2024-08-07 11:45:00-04:00,1.784999966621399,1.7899999618530273,1.7799999713897705,1.784999966621399,54626,0.0,0.0
2024-08-07 11:50:00-04:00,1.784999966621399,1.7999999523162842,1.7799999713897705,1.7924000024795532,772999,0.0,0.0
2024-08-07 11:55:00-04:00,1.792199969291687,1.7999999523162842,1.7899999618530273,1.7949999570846558,154312,0.0,0.0
2024-08-07 12:00:00-04:00,1.7949999570846558,1.7999999523162842,1.7899999618530273,1.7900999784469604,126023,0.0,0.0
2024-08-07 12:05:00-04:00,1.7905999422073364,1.7999999523162842,1.7899999618530273,1.7949999570846558,261136,0.0,0.0
2024-08-07 12:10:00-04:00,1.7999999523162842,1.7999999523162842,1.7899999618530273,1.7949999570846558,94962,0.0,0.0
2024-08-07 12:15:00-04:00,1.7999999523162842,1.7999999523162842,1.7899999618530273,1.7999000549316406,404763,0.0,0.0
2024-08-07 12:20:00-04:00,1.7949999570846558,1.809999942779541,1.7899999618530273,1.8049999475479126,341563,0.0,0.0
2024-08-07 12:25:00-04:00,1.8049999475479126,1.809999942779541,1.7999999523162842,1.809999942779541,98922,0.0,0.0
2024-08-07 12:30:00-04:00,1.8049999475479126,1.809999942779541,1.8000999689102173,1.8049999475479126,249133,0.0,0.0
2024-08-07 12:35:00-04:00,1.809999942779541,1.8200000524520874,1.8030999898910522,1.815000057220459,415199,0.0,0.0
2024-08-07 12:40:00-04:00,1.815000057220459,1.815000057220459,1.7999999523162842,1.8000999689102173,271078,0.0,0.0
2024-08-07 12:45:00-04:00,1.8049999475479126,1.809999942779541,1.7899999618530273,1.7999999523162842,286586,0.0,0.0
2024-08-07 12:50:00-04:00,1.7900999784469604,1.7999999523162842,1.7899999618530273,1.7905999422073364,257893,0.0,0.0
2024-08-07 12:55:00-04:00,1.7899999618530273,1.7999999523162842,1.7899999618530273,1.7949999570846558,59068,0.0,0.0
2024-08-07 13:00:00-04:00,1.7949999570846558,1.7999999523162842,1.7899999618530273,1.7949999570846558,287143,0.0,0.0
2024-08-07 13:05:00-04:00,1.792099952697754,1.7949999570846558,1.7799999713897705,1.7799999713897705,253970,0.0,0.0
2024-08-07 13:10:00-04:00,1.7799999713897705,1.7899999618530273,1.7699999809265137,1.774999976158142,167849,0.0,0.0
2024-08-07 13:15:00-04:00,1.774999976158142,1.7773000001907349,1.7699999809265137,1.774999976158142,94189,0.0,0.0
2024-08-07 13:20:00-04:00,1.774999976158142,1.7899999618530273,1.7699999809265137,1.7829999923706055,320438,0.0,0.0
2024-08-07 13:25:00-04:00,1.7860000133514404,1.7899999618530273,1.7799999713897705,1.784999966621399,101962,0.0,0.0
2024-08-07 13:30:00-04:00,1.784999966621399,1.7899999618530273,1.7799999713897705,1.7893999814987183,332701,0.0,0.0
2024-08-07 13:35:00-04:00,1.784999966621399,1.7899999618530273,1.7799999713897705,1.7899999618530273,82194,0.0,0.0
2024-08-07 13:40:00-04:00,1.784999966621399,1.7899999618530273,1.784999966621399,1.7899999618530273,36628,0.0,0.0
2024-08-07 13:45:00-04:00,1.7899999618530273,1.7899999618530273,1.7599999904632568,1.7699999809265137,417680,0.0,0.0
2024-08-07 13:50:00-04:00,1.7683000564575195,1.7699999809265137,1.7599999904632568,1.7649999856948853,511257,0.0,0.0
2024-08-07 13:55:00-04:00,1.7649999856948853,1.7699999809265137,1.75,1.7649999856948853,401632,0.0,0.0
2024-08-07 14:00:00-04:00,1.7649999856948853,1.7699999809265137,1.7599999904632568,1.7649999856948853,98337,0.0,0.0
2024-08-07 14:05:00-04:00,1.7649999856948853,1.7699999809265137,1.75,1.75,950456,0.0,0.0
2024-08-07 14:10:00-04:00,1.75,1.7599999904632568,1.75,1.7549999952316284,336942,0.0,0.0
2024-08-07 14:15:00-04:00,1.7549999952316284,1.7599999904632568,1.75,1.7549999952316284,159278,0.0,0.0
2024-08-07 14:20:00-04:00,1.7598999738693237,1.7599999904632568,1.75,1.750100016593933,502117,0.0,0.0
2024-08-07 14:25:00-04:00,1.7549999952316284,1.7599999904632568,1.75,1.7549999952316284,77424,0.0,0.0
2024-08-07 14:30:00-04:00,1.75,1.7599999904632568,1.75,1.7549999952316284,82140,0.0,0.0
2024-08-07 14:35:00-04:00,1.7597999572753906,1.7599999904632568,1.75,1.7596999406814575,194336,0.0,0.0
2024-08-07 14:40:00-04:00,1.7599999904632568,1.7599999904632568,1.75,1.750100016593933,96699,0.0,0.0
2024-08-07 14:45:00-04:00,1.7599999904632568,1.7599999904632568,1.7300000190734863,1.7350000143051147,1128952,0.0,0.0
2024-08-07 14:50:00-04:00,1.7300000190734863,1.7400000095367432,1.7300000190734863,1.7350000143051147,212264,0.0,0.0
2024-08-07 14:55:00-04:00,1.7350000143051147,1.7400000095367432,1.7300000190734863,1.7350000143051147,190120,0.0,0.0
2024-08-07 15:00:00-04:00,1.7350000143051147,1.7599999904632568,1.7300000190734863,1.7574000358581543,464612,0.0,0.0
2024-08-07 15:05:00-04:00,1.7549999952316284,1.7599999904632568,1.75,1.7549999952316284,122991,0.0,0.0
2024-08-07 15:10:00-04:00,1.75,1.7599999904632568,1.7401000261306763,1.75,237075,0.0,0.0
2024-08-07 15:15:00-04:00,1.7450000047683716,1.75,1.7400000095367432,1.7400000095367432,102340,0.0,0.0
2024-08-07 15:20:00-04:00,1.7450000047683716,1.75,1.7400000095367432,1.7450000047683716,82773,0.0,0.0
2024-08-07 15:25:00-04:00,1.7450000047683716,1.75,1.7400000095367432,1.7450000047683716,324344,0.0,0.0
2024-08-07 15:30:00-04:00,1.7450000047683716,1.75,1.7400000095367432,1.7474000453948975,147793,0.0,0.0
2024-08-07 15:35:00-04:00,1.7450000047683716,1.7599999904632568,1.7400000095367432,1.7549999952316284,260667,0.0,0.0
2024-08-07 15:40:00-04:00,1.7529000043869019,1.7599999904632568,1.75,1.75,133446,0.0,0.0
2024-08-07 15:45:00-04:00,1.7549999952316284,1.7599999904632568,1.75,1.7549999952316284,127275,0.0,0.0
2024-08-07 15:50:00-04:00,1.75,1.7599999904632568,1.75,1.7549999952316284,109948,0.0,0.0
2024-08-07 15:55:00-04:00,1.75,1.7599999904632568,1.75,1.7599999904632568,575611,0.0,0.0
2024-08-08 09:30:00-04:00,1.7699999809265137,1.7799999713897705,1.7599999904632568,1.7798999547958374,708938,0.0,0.0
2024-08-08 09:35:00-04:00,1.771399974822998,1.7798999547958374,1.76010000705719,1.76010000705719,109434,0.0,0.0
2024-08-08 09:40:00-04:00,1.7649999856948853,1.7899999618530273,1.7599999904632568,1.777999997138977,317831,0.0,0.0
2024-08-08 09:45:00-04:00,1.7799999713897705,1.7799999713897705,1.7599999904632568,1.7698999643325806,138901,0.0,0.0
2024-08-08 09:50:00-04:00,1.7698999643325806,1.7699999809265137,1.7599999904632568,1.7697999477386475,140195,0.0,0.0
2024-08-08 09:55:00-04:00,1.7698999643325806,1.7799999713897705,1.7599999904632568,1.7699999809265137,619788,0.0,0.0
2024-08-08 10:00:00-04:00,1.7699999809265137,1.7799999713897705,1.7699999809265137,1.774999976158142,124018,0.0,0.0
2024-08-08 10:05:00-04:00,1.777400016784668,1.7799999713897705,1.7699999809265137,1.774999976158142,188069,0.0,0.0
2024-08-08 10:10:00-04:00,1.774999976158142,1.7999999523162842,1.7740999460220337,1.7799999713897705,592594,0.0,0.0
2024-08-08 10:15:00-04:00,1.7812999486923218,1.7899999618530273,1.7699999809265137,1.784999966621399,421641,0.0,0.0
2024-08-08 10:20:00-04:00,1.784999966621399,1.7899999618530273,1.7699999809265137,1.774999976158142,230884,0.0,0.0
2024-08-08 10:25:00-04:00,1.774999976158142,1.7899999618530273,1.7699999809265137,1.784999966621399,336187,0.0,0.0
2024-08-08 10:30:00-04:00,1.7802000045776367,1.7899999618530273,1.7799999713897705,1.784999966621399,141355,0.0,0.0
2024-08-08 10:35:00-04:00,1.784999966621399,1.7899999618530273,1.7699999809265137,1.7797000408172607,233481,0.0,0.0
2024-08-08 10:40:00-04:00,1.7777999639511108,1.7799999713897705,1.7699999809265137,1.7702000141143799,71644,0.0,0.0
2024-08-08 10:45:00-04:00,1.774999976158142,1.7799999713897705,1.7699999809265137,1.774999976158142,63915,0.0,0.0
2024-08-08 10:50:00-04:00,1.774999976158142,1.7899999618530273,1.7699999809265137,1.784999966621399,298352,0.0,0.0
2024-08-08 10:55:00-04:00,1.7824000120162964,1.7999999523162842,1.7799999713897705,1.7949999570846558,483837,0.0,0.0
2024-08-08 11:00:00-04:00,1.7899999618530273,1.7999999523162842,1.7899999618530273,1.7949999570846558,187358,0.0,0.0
2024-08-08 11:05:00-04:00,1.7899999618530273,1.7970999479293823,1.7799999713897705,1.784999966621399,395197,0.0,0.0
2024-08-08 11:10:00-04:00,1.7725000381469727,1.7799999713897705,1.7699999809265137,1.7799999713897705,127192,0.0,0.0
2024-08-08 11:15:00-04:00,1.7699999809265137,1.7799999713897705,1.7699999809265137,1.7777999639511108,68928,0.0,0.0
2024-08-08 11:20:00-04:00,1.774999976158142,1.7899999618530273,1.7699999809265137,1.7799999713897705,308899,0.0,0.0
2024-08-08 11:25:00-04:00,1.7890000343322754,1.7999999523162842,1.7799999713897705,1.7949999570846558,229108,0.0,0.0
2024-08-08 11:30:00-04:00,1.7948999404907227,1.809999942779541,1.7899999618530273,1.8049999475479126,368645,0.0,0.0
2024-08-08 11:35:00-04:00,1.8049999475479126,1.809999942779541,1.7999999523162842,1.8049999475479126,126693,0.0,0.0
2024-08-08 11:40:00-04:00,1.8000999689102173,1.809999942779541,1.7999999523162842,1.8049999475479126,211296,0.0,0.0
2024-08-08 11:45:00-04:00,1.7999999523162842,1.809999942779541,1.7899999618530273,1.7949999570846558,576644,0.0,0.0
2024-08-08 11:50:00-04:00,1.7949999570846558,1.809999942779541,1.7899999618530273,1.8049999475479126,332746,0.0,0.0
2024-08-08 11:55:00-04:00,1.8049999475479126,1.809999942779541,1.7999999523162842,1.8049999475479126,58374,0.0,0.0
2024-08-08 12:00:00-04:00,1.8049999475479126,1.809999942779541,1.7999999523162842,1.7999999523162842,64136,0.0,0.0
2024-08-08 12:05:00-04:00,1.809999942779541,1.8200000524520874,1.7999999523162842,1.815000057220459,543413,0.0,0.0
2024-08-08 12:10:00-04:00,1.815000057220459,1.8200000524520874,1.7999999523162842,1.801300048828125,449553,0.0,0.0
2024-08-08 12:15:00-04:00,1.8000999689102173,1.809999942779541,1.7899999618530273,1.7949999570846558,306772,0.0,0.0
2024-08-08 12:20:00-04:00,1.7949999570846558,1.7999999523162842,1.7899999618530273,1.7999999523162842,181116,0.0,0.0
2024-08-08 12:25:00-04:00,1.7933000326156616,1.7999999523162842,1.7899999618530273,1.7899999618530273,200001,0.0,0.0
2024-08-08 12:30:00-04:00,1.7949999570846558,1.799399971961975,1.7899999618530273,1.7899999618530273,219784,0.0,0.0
2024-08-08 12:35:00-04:00,1.7949999570846558,1.7999999523162842,1.7899999618530273,1.7949999570846558,83633,0.0,0.0
2024-08-08 12:40:00-04:00,1.7949999570846558,1.7999999523162842,1.7899999618530273,1.7999999523162842,100838,0.0,0.0
2024-08-08 12:45:00-04:00,1.7900999784469604,1.809999942779541,1.7899999618530273,1.8000999689102173,335158,0.0,0.0
2024-08-08 12:50:00-04:00,1.8099000453948975,1.809999942779541,1.7999999523162842,1.8049999475479126,193522,0.0,0.0
2024-08-08 12:55:00-04:00,1.8049999475479126,1.809999942779541,1.7999999523162842,1.801800012588501,55535,0.0,0.0
2024-08-08 13:00:00-04:00,1.7999999523162842,1.809999942779541,1.7899999618530273,1.7949999570846558,197126,0.0,0.0
2024-08-08 13:05:00-04:00,1.7994999885559082,1.7999999523162842,1.7899999618530273,1.7949999570846558,28310,0.0,0.0
2024-08-08 13:10:00-04:00,1.7949999570846558,1.7999999523162842,1.7899999618530273,1.7999999523162842,426582,0.0,0.0
2024-08-08 13:15:00-04:00,1.7949999570846558,1.7999999523162842,1.7899999618530273,1.7899999618530273,129929,0.0,0.0
2024-08-08 13:20:00-04:00,1.7949999570846558,1.8049999475479126,1.7899999618530273,1.8030999898910522,231997,0.0,0.0
2024-08-08 13:25:00-04:00,1.8049999475479126,1.809999942779541,1.7999999523162842,1.8049999475479126,196239,0.0,0.0
2024-08-08 13:30:00-04:00,1.7999999523162842,1.809999942779541,1.7999999523162842,1.8049999475479126,110768,0.0,0.0
2024-08-08 13:35:00-04:00,1.809999942779541,1.809999942779541,1.7899999618530273,1.7999000549316406,207297,0.0,0.0
2024-08-08 13:40:00-04:00,1.7971999645233154,1.7971999645233154,1.7899999618530273,1.7899999618530273,130150,0.0,0.0
2024-08-08 13:45:00-04:00,1.7905999422073364,1.7999999523162842,1.7899999618530273,1.7949999570846558,116349,0.0,0.0
2024-08-08 13:50:00-04:00,1.7899999618530273,1.7999999523162842,1.7799999713897705,1.787500023841858,417054,0.0,0.0
2024-08-08 13:55:00-04:00,1.7899999618530273,1.7899999618530273,1.7799999713897705,1.7799999713897705,70679,0.0,0.0
2024-08-08 14:00:00-04:00,1.7872999906539917,1.7899999618530273,1.7799999713897705,1.785599946975708,259805,0.0,0.0
2024-08-08 14:05:00-04:00,1.7799999713897705,1.7899999618530273,1.7799999713897705,1.7799999713897705,47078,0.0,0.0
2024-08-08 14:10:00-04:00,1.784999966621399,1.7899999618530273,1.7799999713897705,1.7799999713897705,63174,0.0,0.0
2024-08-08 14:15:00-04:00,1.784999966621399,1.784999966621399,1.7799999713897705,1.784999966621399,51247,0.0,0.0
2024-08-08 14:20:00-04:00,1.7799999713897705,1.7899999618530273,1.7799999713897705,1.784999966621399,101069,0.0,0.0
2024-08-08 14:25:00-04:00,1.784999966621399,1.7898999452590942,1.7799999713897705,1.7800999879837036,28848,0.0,0.0
2024-08-08 14:30:00-04:00,1.784999966621399,1.7883000373840332,1.7799999713897705,1.7883000373840332,25201,0.0,0.0
2024-08-08 14:35:00-04:00,1.784999966621399,1.7899999618530273,1.7799999713897705,1.784999966621399,86097,0.0,0.0
2024-08-08 14:40:00-04:00,1.784999966621399,1.7899999618530273,1.7799999713897705,1.7898999452590942,383224,0.0,0.0
2024-08-08 14:45:00-04:00,1.784999966621399,1.7899999618530273,1.7799999713897705,1.7894999980926514,44377,0.0,0.0
2024-08-08 14:50:00-04:00,1.784999966621399,1.7899999618530273,1.7799999713897705,1.787500023841858,79702,0.0,0.0
2024-08-08 14:55:00-04:00,1.784999966621399,1.784999966621399,1.7799999713897705,1.7799999713897705,30796,0.0,0.0
2024-08-08 15:00:00-04:00,1.7848000526428223,1.7899999618530273,1.7699999809265137,1.774999976158142,242936,0.0,0.0
2024-08-08 15:05:00-04:00,1.774999976158142,1.7999999523162842,1.7699999809265137,1.7949999570846558,461245,0.0,0.0
2024-08-08 15:10:00-04:00,1.7999999523162842,1.850000023841858,1.7940000295639038,1.8450000286102295,1615559,0.0,0.0
2024-08-08 15:15:00-04:00,1.840000033378601,1.8600000143051147,1.840000033378601,1.8550000190734863,921937,0.0,0.0
2024-08-08 15:20:00-04:00,1.8550000190734863,1.8700000047683716,1.850000023841858,1.850100040435791,678475,0.0,0.0
2024-08-08 15:25:00-04:00,1.8522000312805176,1.8799999952316284,1.850000023841858,1.850000023841858,1429289,0.0,0.0
2024-08-08 15:30:00-04:00,1.853700041770935,1.8594000339508057,1.840000033378601,1.8402999639511108,467210,0.0,0.0
2024-08-08 15:35:00-04:00,1.8450000286102295,1.850000023841858,1.840000033378601,1.8450000286102295,267389,0.0,0.0
2024-08-08 15:40:00-04:00,1.8450000286102295,1.8600000143051147,1.840000033378601,1.8550000190734863,629804,0.0,0.0
2024-08-08 15:45:00-04:00,1.8600000143051147,1.8700000047683716,1.850000023841858,1.8600000143051147,737907,0.0,0.0
2024-08-08 15:50:00-04:00,1.8650000095367432,1.8700000047683716,1.850000023841858,1.8550000190734863,868422,0.0,0.0
2024-08-08 15:55:00-04:00,1.850000023841858,1.8600000143051147,1.850000023841858,1.8600000143051147,902935,0.0,0.0
2024-08-09 09:30:00-04:00,1.8300000429153442,1.840000033378601,1.7999999523162842,1.820099949836731,1464707,0.0,0.0
2024-08-09 09:35:00-04:00,1.8250000476837158,1.8300000429153442,1.809999942779541,1.822100043296814,214204,0.0,0.0
2024-08-09 09:40:00-04:00,1.8299000263214111,1.8300000429153442,1.8200000524520874,1.8200000524520874,336514,0.0,0.0
2024-08-09 09:45:00-04:00,1.8229000568389893,1.840000033378601,1.8200000524520874,1.8301000595092773,423208,0.0,0.0
2024-08-09 09:50:00-04:00,1.8350000381469727,1.8450000286102295,1.8300000429153442,1.8306000232696533,242605,0.0,0.0
2024-08-09 09:55:00-04:00,1.8350000381469727,1.840000033378601,1.8200000524520874,1.8250000476837158,208800,0.0,0.0
2024-08-09 10:00:00-04:00,1.8220000267028809,1.8300000429153442,1.809999942779541,1.8250000476837158,305816,0.0,0.0
2024-08-09 10:05:00-04:00,1.8250000476837158,1.8300000429153442,1.809999942779541,1.815000057220459,188447,0.0,0.0
2024-08-09 10:10:00-04:00,1.8109999895095825,1.8300000429153442,1.809999942779541,1.8118000030517578,397030,0.0,0.0
2024-08-09 10:15:00-04:00,1.8115999698638916,1.8300000429153442,1.809999942779541,1.815000057220459,456609,0.0,0.0
2024-08-09 10:20:00-04:00,1.8200000524520874,1.8200000524520874,1.7999999523162842,1.8049999475479126,531731,0.0,0.0
2024-08-09 10:25:00-04:00,1.7999999523162842,1.8200000524520874,1.7999999523162842,1.809999942779541,204417,0.0,0.0
2024-08-09 10:30:00-04:00,1.8181999921798706,1.8199000358581543,1.7999999523162842,1.8049999475479126,299724,0.0,0.0
2024-08-09 10:35:00-04:00,1.8083000183105469,1.809999942779541,1.7999999523162842,1.8049999475479126,117055,0.0,0.0
2024-08-09 10:40:00-04:00,1.8049999475479126,1.809999942779541,1.7999999523162842,1.8049999475479126,112605,0.0,0.0
2024-08-09 10:45:00-04:00,1.8049999475479126,1.809999942779541,1.7999999523162842,1.8049999475479126,153317,0.0,0.0
2024-08-09 10:50:00-04:00,1.8049999475479126,1.8200000524520874,1.7999999523162842,1.809999942779541,217587,0.0,0.0
2024-08-09 10:55:00-04:00,1.815000057220459,1.8200000524520874,1.809999942779541,1.815000057220459,80267,0.0,0.0
2024-08-09 11:00:00-04:00,1.815000057220459,1.8200000524520874,1.809999942779541,1.815000057220459,75536,0.0,0.0
2024-08-09 11:05:00-04:00,1.815000057220459,1.8200000524520874,1.809999942779541,1.815000057220459,136903,0.0,0.0
2024-08-09 11:10:00-04:00,1.815000057220459,1.8200000524520874,1.809999942779541,1.815000057220459,165765,0.0,0.0
2024-08-09 11:15:00-04:00,1.815000057220459,1.8199000358581543,1.809999942779541,1.815000057220459,61006,0.0,0.0
2024-08-09 11:20:00-04:00,1.81850004196167,1.8200000524520874,1.7999999523162842,1.7999999523162842,278762,0.0,0.0
2024-08-09 11:25:00-04:00,1.7999999523162842,1.809999942779541,1.7999999523162842,1.8075000047683716,176055,0.0,0.0
2024-08-09 11:30:00-04:00,1.8049999475479126,1.809999942779541,1.7999999523162842,1.8042999505996704,65950,0.0,0.0
2024-08-09 11:35:00-04:00,1.8020999431610107,1.809399962425232,1.7899999618530273,1.7899999618530273,297217,0.0,0.0
2024-08-09 11:40:00-04:00,1.7949999570846558,1.7999999523162842,1.7899999618530273,1.7949999570846558,46001,0.0,0.0
2024-08-09 11:45:00-04:00,1.7949999570846558,1.809999942779541,1.7899999618530273,1.802299976348877,178342,0.0,0.0
2024-08-09 11:50:00-04:00,1.8001999855041504,1.809999942779541,1.7999999523162842,1.809999942779541,156469,0.0,0.0
2024-08-09 11:55:00-04:00,1.8066999912261963,1.8066999912261963,1.7999999523162842,1.8016999959945679,64696,0.0,0.0
2024-08-09 12:00:00-04:00,1.8000999689102173,1.8099000453948975,1.7999999523162842,1.8049999475479126,69813,0.0,0.0
2024-08-09 12:05:00-04:00,1.802899956703186,1.809999942779541,1.7999999523162842,1.805999994277954,81888,0.0,0.0
2024-08-09 12:10:00-04:00,1.8049999475479126,1.8049999475479126,1.7799999713897705,1.7899999618530273,528364,0.0,0.0
2024-08-09 12:15:00-04:00,1.7899999618530273,1.7899999618530273,1.7699999809265137,1.784999966621399,485266,0.0,0.0
2024-08-09 12:20:00-04:00,1.784999966621399,1.7899999618530273,1.7799999713897705,1.784999966621399,273743,0.0,0.0
2024-08-09 12:25:00-04:00,1.7898999452590942,1.7899999618530273,1.7799999713897705,1.784999966621399,53843,0.0,0.0
2024-08-09 12:30:00-04:00,1.7893999814987183,1.7949999570846558,1.7799999713897705,1.7949999570846558,197554,0.0,0.0
2024-08-09 12:35:00-04:00,1.7924000024795532,1.7999999523162842,1.7899999618530273,1.7928999662399292,81152,0.0,0.0
2024-08-09 12:40:00-04:00,1.7949999570846558,1.7949999570846558,1.7899999618530273,1.7949999570846558,19361,0.0,0.0
2024-08-09 12:45:00-04:00,1.7949999570846558,1.7949999570846558,1.7899999618530273,1.7949999570846558,28152,0.0,0.0
2024-08-09 12:50:00-04:00,1.7949999570846558,1.7999999523162842,1.7899999618530273,1.7900999784469604,56201,0.0,0.0
2024-08-09 12:55:00-04:00,1.7899999618530273,1.7999999523162842,1.7899999618530273,1.7949999570846558,49593,0.0,0.0
2024-08-09 13:00:00-04:00,1.7949999570846558,1.7999999523162842,1.7899999618530273,1.7949999570846558,151797,0.0,0.0
2024-08-09 13:05:00-04:00,1.7949999570846558,1.8049999475479126,1.7899999618530273,1.8021999597549438,270931,0.0,0.0
2024-08-09 13:10:00-04:00,1.804900050163269,1.809999942779541,1.7999999523162842,1.8049999475479126,381449,0.0,0.0
2024-08-09 13:15:00-04:00,1.805999994277954,1.8200000524520874,1.8040000200271606,1.8170000314712524,208219,0.0,0.0
2024-08-09 13:20:00-04:00,1.815000057220459,1.8200000524520874,1.809999942779541,1.8174999952316284,47726,0.0,0.0
2024-08-09 13:25:00-04:00,1.8179999589920044,1.8200000524520874,1.809999942779541,1.815000057220459,57606,0.0,0.0
2024-08-09 13:30:00-04:00,1.815000057220459,1.8200000524520874,1.809999942779541,1.815000057220459,42374,0.0,0.0
2024-08-09 13:35:00-04:00,1.815000057220459,1.8199000358581543,1.809999942779541,1.815000057220459,24865,0.0,0.0
2024-08-09 13:40:00-04:00,1.815000057220459,1.8200000524520874,1.809999942779541,1.815000057220459,94950,0.0,0.0
2024-08-09 13:45:00-04:00,1.815000057220459,1.8188999891281128,1.7999999523162842,1.8049999475479126,224775,0.0,0.0
2024-08-09 13:50:00-04:00,1.8032000064849854,1.809999942779541,1.7999999523162842,1.8049999475479126,56568,0.0,0.0
2024-08-09 13:55:00-04:00,1.8049999475479126,1.809999942779541,1.7999999523162842,1.8049999475479126,164885,0.0,0.0
2024-08-09 14:00:00-04:00,1.8099000453948975,1.8200000524520874,1.8040000200271606,1.815000057220459,245162,0.0,0.0
2024-08-09 14:05:00-04:00,1.815000057220459,1.819700002670288,1.809999942779541,1.815000057220459,30524,0.0,0.0
2024-08-09 14:10:00-04:00,1.8200000524520874,1.8250000476837158,1.809999942779541,1.8250000476837158,294768,0.0,0.0
2024-08-09 14:15:00-04:00,1.8200000524520874,1.8300000429153442,1.8200000524520874,1.8250000476837158,75192,0.0,0.0
2024-08-09 14:20:00-04:00,1.8250000476837158,1.8300000429153442,1.8200000524520874,1.8250000476837158,66093,0.0,0.0
2024-08-09 14:25:00-04:00,1.8209999799728394,1.8250000476837158,1.8200000524520874,1.8209999799728394,36594,0.0,0.0
2024-08-09 14:30:00-04:00,1.8241000175476074,1.8299000263214111,1.809999942779541,1.815000057220459,100703,0.0,0.0
2024-08-09 14:35:00-04:00,1.815000057220459,1.815000057220459,1.809999942779541,1.815000057220459,18217,0.0,0.0
2024-08-09 14:40:00-04:00,1.815000057220459,1.8200000524520874,1.809999942779541,1.815000057220459,71229,0.0,0.0
2024-08-09 14:45:00-04:00,1.815000057220459,1.8200000524520874,1.8100999593734741,1.815000057220459,70585,0.0,0.0
2024-08-09 14:50:00-04:00,1.815000057220459,1.8199000358581543,1.809999942779541,1.8128000497817993,35543,0.0,0.0
2024-08-09 14:55:00-04:00,1.812399983406067,1.8200000524520874,1.809999942779541,1.815000057220459,279708,0.0,0.0
2024-08-09 15:00:00-04:00,1.8133000135421753,1.8200000524520874,1.809999942779541,1.815000057220459,18271,0.0,0.0
2024-08-09 15:05:00-04:00,1.815000057220459,1.8199000358581543,1.809999942779541,1.809999942779541,15212,0.0,0.0
2024-08-09 15:10:00-04:00,1.809999942779541,1.815000057220459,1.809999942779541,1.815000057220459,23029,0.0,0.0
2024-08-09 15:15:00-04:00,1.815000057220459,1.8200000524520874,1.809999942779541,1.815000057220459,176129,0.0,0.0
2024-08-09 15:20:00-04:00,1.8186999559402466,1.8200000524520874,1.809999942779541,1.809999942779541,97224,0.0,0.0
2024-08-09 15:25:00-04:00,1.809999942779541,1.8200000524520874,1.809999942779541,1.8109999895095825,69479,0.0,0.0
2024-08-09 15:30:00-04:00,1.809999942779541,1.8199000358581543,1.809999942779541,1.809999942779541,56322,0.0,0.0
2024-08-09 15:35:00-04:00,1.809999942779541,1.8200000524520874,1.809999942779541,1.815000057220459,89569,0.0,0.0
2024-08-09 15:40:00-04:00,1.815000057220459,1.8200000524520874,1.809999942779541,1.809999942779541,100698,0.0,0.0
2024-08-09 15:45:00-04:00,1.8200000524520874,1.8200000524520874,1.809999942779541,1.815000057220459,127108,0.0,0.0
2024-08-09 15:50:00-04:00,1.8147000074386597,1.8200000524520874,1.7899999618530273,1.7899999618530273,822136,0.0,0.0
2024-08-09 15:55:00-04:00,1.7949999570846558,1.7999999523162842,1.7899999618530273,1.7899999618530273,1017829,0.0,0.0
2024-08-12 09:30:00-04:00,1.809999942779541,1.8200000524520874,1.5,1.809999942779541,498672,0.0,0.0
2024-08-12 09:35:00-04:00,1.815000057220459,1.8200000524520874,1.809999942779541,1.8200000524520874,156090,0.0,0.0
2024-08-12 09:40:00-04:00,1.8102999925613403,1.8200000524520874,1.809999942779541,1.815000057220459,83075,0.0,0.0
2024-08-12 09:45:00-04:00,1.815000057220459,1.8300000429153442,1.8049999475479126,1.829699993133545,331600,0.0,0.0
2024-08-12 09:50:00-04:00,1.8200000524520874,1.8300000429153442,1.7900999784469604,1.7949999570846558,341594,0.0,0.0
2024-08-12 09:55:00-04:00,1.7949999570846558,1.7999999523162842,1.7800999879837036,1.784999966621399,384703,0.0,0.0
2024-08-12 10:00:00-04:00,1.7800999879837036,1.7999999523162842,1.7800999879837036,1.7900999784469604,397304,0.0,0.0
2024-08-12 10:05:00-04:00,1.7949999570846558,1.7999999523162842,1.7899999618530273,1.7949999570846558,249653,0.0,0.0
2024-08-12 10:10:00-04:00,1.7939000129699707,1.7999999523162842,1.7899999618530273,1.7949999570846558,114139,0.0,0.0
2024-08-12 10:15:00-04:00,1.7949999570846558,1.7999999523162842,1.7899999618530273,1.7949999570846558,164462,0.0,0.0
2024-08-12 10:20:00-04:00,1.7999000549316406,1.7999999523162842,1.7899999618530273,1.7999000549316406,264545,0.0,0.0
2024-08-12 10:25:00-04:00,1.7910000085830688,1.7999999523162842,1.7899999618530273,1.7949999570846558,298427,0.0,0.0
2024-08-12 10:30:00-04:00,1.7949999570846558,1.7999999523162842,1.7899999618530273,1.7949999570846558,315696,0.0,0.0
2024-08-12 10:35:00-04:00,1.7949999570846558,1.7999999523162842,1.7899999618530273,1.7949999570846558,120661,0.0,0.0
2024-08-12 10:40:00-04:00,1.7949999570846558,1.809999942779541,1.7949999570846558,1.8049999475479126,326020,0.0,0.0
2024-08-12 10:45:00-04:00,1.8049999475479126,1.809999942779541,1.7999999523162842,1.7999999523162842,110451,0.0,0.0
2024-08-12 10:50:00-04:00,1.8020999431610107,1.809999942779541,1.7999999523162842,1.8006999492645264,183232,0.0,0.0
2024-08-12 10:55:00-04:00,1.8099000453948975,1.809999942779541,1.7999999523162842,1.8049999475479126,29741,0.0,0.0
2024-08-12 11:00:00-04:00,1.8049999475479126,1.809999942779541,1.7999999523162842,1.8000999689102173,74858,0.0,0.0
2024-08-12 11:05:00-04:00,1.8049999475479126,1.809999942779541,1.7999999523162842,1.8049999475479126,82937,0.0,0.0
2024-08-12 11:10:00-04:00,1.8000999689102173,1.809999942779541,1.7999999523162842,1.7999999523162842,78524,0.0,0.0
2024-08-12 11:15:00-04:00,1.7999999523162842,1.809999942779541,1.7999999523162842,1.8049999475479126,111753,0.0,0.0
2024-08-12 11:20:00-04:00,1.8049999475479126,1.809999942779541,1.7899999618530273,1.7949999570846558,407188,0.0,0.0
2024-08-12 11:25:00-04:00,1.7949999570846558,1.7999999523162842,1.7899999618530273,1.7999999523162842,48345,0.0,0.0
2024-08-12 11:30:00-04:00,1.7949999570846558,1.7999999523162842,1.7799999713897705,1.784999966621399,237646,0.0,0.0
2024-08-12 11:35:00-04:00,1.7898999452590942,1.7899999618530273,1.7799999713897705,1.7799999713897705,106763,0.0,0.0
2024-08-12 11:40:00-04:00,1.784999966621399,1.7899999618530273,1.7799999713897705,1.784999966621399,446851,0.0,0.0
2024-08-12 11:45:00-04:00,1.7899999618530273,1.7899999618530273,1.7800999879837036,1.7897000312805176,84027,0.0,0.0
2024-08-12 11:50:00-04:00,1.784999966621399,1.7899999618530273,1.7806999683380127,1.787600040435791,266417,0.0,0.0
2024-08-12 11:55:00-04:00,1.7800999879837036,1.7999999523162842,1.7799999713897705,1.7949999570846558,138964,0.0,0.0
2024-08-12 12:00:00-04:00,1.7949999570846558,1.7999999523162842,1.7899999618530273,1.7949999570846558,186073,0.0,0.0
2024-08-12 12:05:00-04:00,1.798799991607666,1.7999999523162842,1.7905999422073364,1.7999999523162842,27917,0.0,0.0
2024-08-12 12:10:00-04:00,1.7949999570846558,1.7999999523162842,1.7899999618530273,1.7949999570846558,47004,0.0,0.0
2024-08-12 12:15:00-04:00,1.7949999570846558,1.7999999523162842,1.7899999618530273,1.7999999523162842,41301,0.0,0.0
2024-08-12 12:20:00-04:00,1.7949999570846558,1.7999999523162842,1.7899999618530273,1.7999999523162842,40712,0.0,0.0
2024-08-12 12:25:00-04:00,1.7900999784469604,1.7999999523162842,1.7899999618530273,1.7949999570846558,9465,0.0,0.0
2024-08-12 12:30:00-04:00,1.7949999570846558,1.7999999523162842,1.7899999618530273,1.7949999570846558,27093,0.0,0.0
2024-08-12 12:35:00-04:00,1.7899999618530273,1.7999999523162842,1.7800999879837036,1.7805999517440796,69513,0.0,0.0
2024-08-12 12:40:00-04:00,1.784999966621399,1.7899999618530273,1.7799999713897705,1.7893999814987183,25142,0.0,0.0
2024-08-12 12:45:00-04:00,1.784999966621399,1.7899999618530273,1.7799999713897705,1.7899999618530273,132696,0.0,0.0
2024-08-12 12:50:00-04:00,1.784999966621399,1.7899999618530273,1.7800999879837036,1.784999966621399,153679,0.0,0.0
2024-08-12 12:55:00-04:00,1.784999966621399,1.7899999618530273,1.7799999713897705,1.7799999713897705,102450,0.0,0.0
2024-08-12 13:00:00-04:00,1.7799999713897705,1.7899999618530273,1.7799999713897705,1.7799999713897705,285848,0.0,0.0
2024-08-12 13:05:00-04:00,1.7799999713897705,1.7899999618530273,1.7699999809265137,1.774999976158142,297716,0.0,0.0
2024-08-12 13:10:00-04:00,1.774999976158142,1.7799999713897705,1.7700999975204468,1.774999976158142,13603,0.0,0.0
2024-08-12 13:15:00-04:00,1.774999976158142,1.7799999713897705,1.7699999809265137,1.774999976158142,106848,0.0,0.0
2024-08-12 13:20:00-04:00,1.7798999547958374,1.7899999618530273,1.7699999809265137,1.7860000133514404,588388,0.0,0.0
2024-08-12 13:25:00-04:00,1.784999966621399,1.7899999618530273,1.7799999713897705,1.7899999618530273,216629,0.0,0.0
2024-08-12 13:30:00-04:00,1.7899999618530273,1.7899999618530273,1.784999966621399,1.7899999618530273,14038,0.0,0.0
2024-08-12 13:35:00-04:00,1.784999966621399,1.7899999618530273,1.780500054359436,1.784999966621399,16936,0.0,0.0
2024-08-12 13:40:00-04:00,1.784999966621399,1.7899999618530273,1.7799999713897705,1.7803000211715698,21448,0.0,0.0
2024-08-12 13:45:00-04:00,1.784999966621399,1.7899999618530273,1.7799999713897705,1.7799999713897705,28830,0.0,0.0
2024-08-12 13:50:00-04:00,1.7800999879837036,1.7899999618530273,1.7799999713897705,1.784999966621399,87685,0.0,0.0
2024-08-12 13:55:00-04:00,1.7899999618530273,1.7899999618530273,1.7800999879837036,1.787500023841858,13807,0.0,0.0
2024-08-12 14:00:00-04:00,1.784999966621399,1.7899999618530273,1.784999966621399,1.784999966621399,107417,0.0,0.0
2024-08-12 14:05:00-04:00,1.784999966621399,1.7899999618530273,1.7799999713897705,1.7899999618530273,21816,0.0,0.0
2024-08-12 14:10:00-04:00,1.7899999618530273,1.7899999618530273,1.7800999879837036,1.7898999452590942,179855,0.0,0.0
2024-08-12 14:15:00-04:00,1.784999966621399,1.7899999618530273,1.7799999713897705,1.784999966621399,80506,0.0,0.0
2024-08-12 14:20:00-04:00,1.7848999500274658,1.7899999618530273,1.7799999713897705,1.784999966621399,86697,0.0,0.0
2024-08-12 14:25:00-04:00,1.784999966621399,1.7899999618530273,1.7799999713897705,1.784999966621399,98255,0.0,0.0
2024-08-12 14:30:00-04:00,1.784999966621399,1.7899999618530273,1.7799999713897705,1.7805999517440796,46580,0.0,0.0
2024-08-12 14:35:00-04:00,1.784999966621399,1.7899999618530273,1.7800999879837036,1.7898000478744507,19770,0.0,0.0
2024-08-12 14:40:00-04:00,1.7799999713897705,1.7899999618530273,1.7799999713897705,1.784999966621399,36272,0.0,0.0
2024-08-12 14:45:00-04:00,1.784999966621399,1.7899999618530273,1.7799999713897705,1.7805999517440796,28383,0.0,0.0
2024-08-12 14:50:00-04:00,1.784999966621399,1.7899999618530273,1.7799999713897705,1.784999966621399,45291,0.0,0.0
2024-08-12 14:55:00-04:00,1.7877000570297241,1.7899999618530273,1.7800999879837036,1.784999966621399,124721,0.0,0.0
2024-08-12 15:00:00-04:00,1.7856999635696411,1.7899999618530273,1.7799999713897705,1.784999966621399,79886,0.0,0.0
2024-08-12 15:05:00-04:00,1.784999966621399,1.7893999814987183,1.7800999879837036,1.7893999814987183,6863,0.0,0.0
2024-08-12 15:10:00-04:00,1.781499981880188,1.7899999618530273,1.781499981880188,1.784999966621399,50886,0.0,0.0
2024-08-12 15:15:00-04:00,1.7802000045776367,1.7899999618530273,1.7800999879837036,1.784999966621399,31715,0.0,0.0
2024-08-12 15:20:00-04:00,1.7899999618530273,1.7899999618530273,1.7799999713897705,1.784999966621399,32797,0.0,0.0
2024-08-12 15:25:00-04:00,1.7799999713897705,1.7898999452590942,1.7799999713897705,1.7898999452590942,30108,0.0,0.0
2024-08-12 15:30:00-04:00,1.784999966621399,1.789199948310852,1.7800999879837036,1.784999966621399,17589,0.0,0.0
2024-08-12 15:35:00-04:00,1.784999966621399,1.7899999618530273,1.7799999713897705,1.784999966621399,16825,0.0,0.0
2024-08-12 15:40:00-04:00,1.784999966621399,1.7899999618530273,1.7799999713897705,1.7899999618530273,26539,0.0,0.0
2024-08-12 15:45:00-04:00,1.784999966621399,1.7899999618530273,1.7799999713897705,1.7799999713897705,97630,0.0,0.0
2024-08-12 15:50:00-04:00,1.784999966621399,1.7899999618530273,1.7799999713897705,1.784999966621399,86903,0.0,0.0
2024-08-12 15:55:00-04:00,1.7899999618530273,1.7899999618530273,1.7799999713897705,1.7799999713897705,262344,0.0,0.0
2024-08-13 09:30:00-04:00,1.7899999618530273,1.7999999523162842,1.7799999713897705,1.7900999784469604,336087,0.0,0.0
2024-08-13 09:35:00-04:00,1.7999000549316406,1.7999999523162842,1.7899999618530273,1.7949999570846558,40122,0.0,0.0
2024-08-13 09:40:00-04:00,1.7949999570846558,1.809999942779541,1.7799999713897705,1.7799999713897705,483854,0.0,0.0
2024-08-13 09:45:00-04:00,1.7806999683380127,1.809999942779541,1.7799999713897705,1.8049999475479126,326377,0.0,0.0
2024-08-13 09:50:00-04:00,1.8000999689102173,1.8200000524520874,1.8000999689102173,1.8200000524520874,480829,0.0,0.0
2024-08-13 09:55:00-04:00,1.809999942779541,1.815000057220459,1.7999999523162842,1.8049999475479126,246253,0.0,0.0
2024-08-13 10:00:00-04:00,1.8049999475479126,1.8200000524520874,1.7999999523162842,1.8200000524520874,268682,0.0,0.0
2024-08-13 10:05:00-04:00,1.815000057220459,1.8200000524520874,1.809999942779541,1.8199000358581543,351505,0.0,0.0
2024-08-13 10:10:00-04:00,1.815000057220459,1.8200000524520874,1.809999942779541,1.8101999759674072,182624,0.0,0.0
2024-08-13 10:15:00-04:00,1.8105000257492065,1.8200000524520874,1.7999999523162842,1.7999999523162842,156535,0.0,0.0
2024-08-13 10:20:00-04:00,1.7999999523162842,1.809999942779541,1.7949999570846558,1.7949999570846558,103391,0.0,0.0
2024-08-13 10:25:00-04:00,1.7956000566482544,1.7999999523162842,1.7899999618530273,1.7949999570846558,228721,0.0,0.0
2024-08-13 10:30:00-04:00,1.7949999570846558,1.809999942779541,1.7899999618530273,1.8046000003814697,279048,0.0,0.0
2024-08-13 10:35:00-04:00,1.8099000453948975,1.8300000429153442,1.7999999523162842,1.8250000476837158,682306,0.0,0.0
2024-08-13 10:40:00-04:00,1.8250000476837158,1.840000033378601,1.820099949836731,1.8350000381469727,602057,0.0,0.0
2024-08-13 10:45:00-04:00,1.8350000381469727,1.840000033378601,1.8200000524520874,1.8372999429702759,390454,0.0,0.0
2024-08-13 10:50:00-04:00,1.840000033378601,1.840000033378601,1.8200000524520874,1.8250000476837158,215271,0.0,0.0
2024-08-13 10:55:00-04:00,1.8250000476837158,1.8300000429153442,1.8200000524520874,1.829300045967102,43402,0.0,0.0
2024-08-13 11:00:00-04:00,1.8300000429153442,1.8300000429153442,1.8200000524520874,1.8250000476837158,109954,0.0,0.0
2024-08-13 11:05:00-04:00,1.820199966430664,1.8300000429153442,1.8200000524520874,1.8250000476837158,40723,0.0,0.0
2024-08-13 11:10:00-04:00,1.8250000476837158,1.8300000429153442,1.8200000524520874,1.8279999494552612,112430,0.0,0.0
2024-08-13 11:15:00-04:00,1.8200000524520874,1.8300000429153442,1.8200000524520874,1.8200000524520874,68169,0.0,0.0
2024-08-13 11:20:00-04:00,1.8200000524520874,1.8300000429153442,1.8200000524520874,1.8200000524520874,46898,0.0,0.0
2024-08-13 11:25:00-04:00,1.8250000476837158,1.8300000429153442,1.8200000524520874,1.8300000429153442,23992,0.0,0.0
2024-08-13 11:30:00-04:00,1.8250000476837158,1.8300000429153442,1.8200000524520874,1.8250000476837158,78580,0.0,0.0
2024-08-13 11:35:00-04:00,1.8200000524520874,1.8300000429153442,1.8200000524520874,1.8250000476837158,56047,0.0,0.0
2024-08-13 11:40:00-04:00,1.8250000476837158,1.8300000429153442,1.8200000524520874,1.8250000476837158,106335,0.0,0.0
2024-08-13 11:45:00-04:00,1.8250000476837158,1.8300000429153442,1.8200000524520874,1.8250000476837158,83432,0.0,0.0
2024-08-13 11:50:00-04:00,1.8250000476837158,1.8300000429153442,1.8200000524520874,1.8250000476837158,120541,0.0,0.0
2024-08-13 11:55:00-04:00,1.8214999437332153,1.8300000429153442,1.8200000524520874,1.8250000476837158,53986,0.0,0.0
2024-08-13 12:00:00-04:00,1.8238999843597412,1.8300000429153442,1.8200000524520874,1.8300000429153442,80952,0.0,0.0
2024-08-13 12:05:00-04:00,1.8250000476837158,1.8300000429153442,1.8200000524520874,1.8300000429153442,160773,0.0,0.0
2024-08-13 12:10:00-04:00,1.820099949836731,1.840000033378601,1.8200000524520874,1.8250000476837158,562903,0.0,0.0
2024-08-13 12:15:00-04:00,1.829699993133545,1.840000033378601,1.8200000524520874,1.8350000381469727,212862,0.0,0.0
2024-08-13 12:20:00-04:00,1.8300000429153442,1.840000033378601,1.8300000429153442,1.833299994468689,63097,0.0,0.0
2024-08-13 12:25:00-04:00,1.8315000534057617,1.840000033378601,1.8300000429153442,1.8350000381469727,34911,0.0,0.0
2024-08-13 12:30:00-04:00,1.8350000381469727,1.8350000381469727,1.820099949836731,1.823199987411499,78128,0.0,0.0
2024-08-13 12:35:00-04:00,1.8200000524520874,1.840000033378601,1.8200000524520874,1.8350000381469727,190737,0.0,0.0
2024-08-13 12:40:00-04:00,1.8350000381469727,1.8350000381469727,1.8300000429153442,1.8301000595092773,21402,0.0,0.0
2024-08-13 12:45:00-04:00,1.839900016784668,1.850000023841858,1.8350000381469727,1.850000023841858,399860,0.0,0.0
2024-08-13 12:50:00-04:00,1.850000023841858,1.8600000143051147,1.850000023841858,1.8550000190734863,509929,0.0,0.0
2024-08-13 12:55:00-04:00,1.8539999723434448,1.8600000143051147,1.850000023841858,1.8567999601364136,130826,0.0,0.0
2024-08-13 13:00:00-04:00,1.8550000190734863,1.8600000143051147,1.850000023841858,1.850100040435791,667288,0.0,0.0
2024-08-13 13:05:00-04:00,1.8550000190734863,1.8600000143051147,1.850000023841858,1.8600000143051147,79497,0.0,0.0
2024-08-13 13:10:00-04:00,1.850000023841858,1.8700000047683716,1.850000023841858,1.8609999418258667,514601,0.0,0.0
2024-08-13 13:15:00-04:00,1.8650000095367432,1.8700000047683716,1.8600000143051147,1.8600000143051147,131887,0.0,0.0
2024-08-13 13:20:00-04:00,1.8650000095367432,1.8700000047683716,1.8600000143051147,1.8650000095367432,76209,0.0,0.0
2024-08-13 13:25:00-04:00,1.8650000095367432,1.8700000047683716,1.8600000143051147,1.8650000095367432,33056,0.0,0.0
2024-08-13 13:30:00-04:00,1.8700000047683716,1.8700000047683716,1.850000023841858,1.850000023841858,304461,0.0,0.0
2024-08-13 13:35:00-04:00,1.8550000190734863,1.8598999977111816,1.850000023841858,1.853700041770935,188366,0.0,0.0
2024-08-13 13:40:00-04:00,1.850100040435791,1.8600000143051147,1.850000023841858,1.8600000143051147,44782,0.0,0.0
2024-08-13 13:45:00-04:00,1.8550000190734863,1.8899999856948853,1.850000023841858,1.850000023841858,1852122,0.0,0.0
2024-08-13 13:50:00-04:00,1.8600000143051147,1.8600000143051147,1.850000023841858,1.8550000190734863,155860,0.0,0.0
2024-08-13 13:55:00-04:00,1.850000023841858,1.8550000190734863,1.850000023841858,1.8550000190734863,23357,0.0,0.0
2024-08-13 14:00:00-04:00,1.8550000190734863,1.8600000143051147,1.850000023841858,1.8550000190734863,59518,0.0,0.0
2024-08-13 14:05:00-04:00,1.8550000190734863,1.8600000143051147,1.850000023841858,1.8502999544143677,41810,0.0,0.0
2024-08-13 14:10:00-04:00,1.8550000190734863,1.8799999952316284,1.8550000190734863,1.875,834109,0.0,0.0
2024-08-13 14:15:00-04:00,1.875,1.8799999952316284,1.8700000047683716,1.875,133413,0.0,0.0
2024-08-13 14:20:00-04:00,1.87909996509552,1.8799999952316284,1.8700000047683716,1.8701000213623047,130142,0.0,0.0
2024-08-13 14:25:00-04:00,1.875,1.8799999952316284,1.8700000047683716,1.875,83461,0.0,0.0
2024-08-13 14:30:00-04:00,1.8700000047683716,1.8799999952316284,1.8700000047683716,1.875,44051,0.0,0.0
2024-08-13 14:35:00-04:00,1.875,1.8799999952316284,1.8700000047683716,1.875,373215,0.0,0.0
2024-08-13 14:40:00-04:00,1.875,1.8799999952316284,1.8600000143051147,1.8650000095367432,207573,0.0,0.0
2024-08-13 14:45:00-04:00,1.8650000095367432,1.8700000047683716,1.8600000143051147,1.8650000095367432,123511,0.0,0.0
2024-08-13 14:50:00-04:00,1.8650000095367432,1.8799999952316284,1.8650000095367432,1.875,173112,0.0,0.0
2024-08-13 14:55:00-04:00,1.8707000017166138,1.8799999952316284,1.8700000047683716,1.875,89833,0.0,0.0
2024-08-13 15:00:00-04:00,1.8792999982833862,1.8799999952316284,1.8700000047683716,1.875,130478,0.0,0.0
2024-08-13 15:05:00-04:00,1.8700000047683716,1.8799999952316284,1.8700000047683716,1.875,88938,0.0,0.0
2024-08-13 15:10:00-04:00,1.8799999952316284,1.8799999952316284,1.8700000047683716,1.875,63576,0.0,0.0
2024-08-13 15:15:00-04:00,1.875,1.8799999952316284,1.8700000047683716,1.8761999607086182,212036,0.0,0.0
2024-08-13 15:20:00-04:00,1.875,1.8799999952316284,1.8650000095367432,1.8650000095367432,307636,0.0,0.0
2024-08-13 15:25:00-04:00,1.8600000143051147,1.8700000047683716,1.8600000143051147,1.8667999505996704,39454,0.0,0.0
2024-08-13 15:30:00-04:00,1.867900013923645,1.8700000047683716,1.8600000143051147,1.8650000095367432,193588,0.0,0.0
2024-08-13 15:35:00-04:00,1.8600000143051147,1.8700000047683716,1.8600000143051147,1.8650000095367432,653003,0.0,0.0
2024-08-13 15:40:00-04:00,1.8650000095367432,1.8667999505996704,1.850000023841858,1.8600000143051147,279526,0.0,0.0
2024-08-13 15:45:00-04:00,1.8550000190734863,1.8700000047683716,1.850100040435791,1.8600000143051147,391073,0.0,0.0
2024-08-13 15:50:00-04:00,1.8602999448776245,1.8700000047683716,1.8600000143051147,1.8650000095367432,146067,0.0,0.0
2024-08-13 15:55:00-04:00,1.8609999418258667,1.8700000047683716,1.8600000143051147,1.8600000143051147,342770,0.0,0.0
2024-08-14 09:30:00-04:00,1.8700000047683716,1.899999976158142,1.8600000143051147,1.8849999904632568,621246,0.0,0.0
2024-08-14 09:35:00-04:00,1.8849999904632568,1.9199999570846558,1.8799999952316284,1.9140000343322754,813630,0.0,0.0
2024-08-14 09:40:00-04:00,1.9103000164031982,1.9103000164031982,1.8849999904632568,1.8899999856948853,547155,0.0,0.0
2024-08-14 09:45:00-04:00,1.8849999904632568,1.8949999809265137,1.8700000047683716,1.875,531044,0.0,0.0
2024-08-14 09:50:00-04:00,1.875,1.899999976158142,1.8700000047683716,1.8899999856948853,665852,0.0,0.0
2024-08-14 09:55:00-04:00,1.8903000354766846,1.9199999570846558,1.8899999856948853,1.909999966621399,615081,0.0,0.0
2024-08-14 10:00:00-04:00,1.9133000373840332,1.9198999404907227,1.8899999856948853,1.8949999809265137,604569,0.0,0.0
2024-08-14 10:05:00-04:00,1.8978999853134155,1.9049999713897705,1.8899999856948853,1.8949999809265137,263154,0.0,0.0
2024-08-14 10:10:00-04:00,1.8949999809265137,1.899999976158142,1.8899999856948853,1.8949999809265137,171707,0.0,0.0
2024-08-14 10:15:00-04:00,1.8949999809265137,1.909999966621399,1.8899999856948853,1.899999976158142,566572,0.0,0.0
2024-08-14 10:20:00-04:00,1.8948999643325806,1.9199999570846558,1.8899999856948853,1.9149999618530273,702671,0.0,0.0
2024-08-14 10:25:00-04:00,1.9189000129699707,1.9199999570846558,1.909999966621399,1.9148999452590942,414354,0.0,0.0
2024-08-14 10:30:00-04:00,1.9118000268936157,1.9199999570846558,1.899999976158142,1.9049999713897705,280986,0.0,0.0
2024-08-14 10:35:00-04:00,1.9049999713897705,1.909999966621399,1.899999976158142,1.899999976158142,253439,0.0,0.0
2024-08-14 10:40:00-04:00,1.899999976158142,1.909999966621399,1.8899999856948853,1.8899999856948853,306295,0.0,0.0
2024-08-14 10:45:00-04:00,1.8949999809265137,1.909999966621399,1.8899999856948853,1.9000999927520752,244185,0.0,0.0
2024-08-14 10:50:00-04:00,1.899999976158142,1.909999966621399,1.8899999856948853,1.899999976158142,311272,0.0,0.0
2024-08-14 10:55:00-04:00,1.8903000354766846,1.899999976158142,1.8899999856948853,1.8997999429702759,95458,0.0,0.0
2024-08-14 11:00:00-04:00,1.8949999809265137,1.899999976158142,1.8899999856948853,1.8961000442504883,257404,0.0,0.0
2024-08-14 11:05:00-04:00,1.898900032043457,1.899999976158142,1.8899999856948853,1.8919999599456787,194823,0.0,0.0
2024-08-14 11:10:00-04:00,1.8949999809265137,1.899999976158142,1.8830000162124634,1.885200023651123,272375,0.0,0.0
2024-08-14 11:15:00-04:00,1.888200044631958,1.940000057220459,1.8799999952316284,1.938599944114685,1650398,0.0,0.0
2024-08-14 11:20:00-04:00,1.9397000074386597,1.940000057220459,1.9299999475479126,1.934999942779541,449409,0.0,0.0
2024-08-14 11:25:00-04:00,1.9299999475479126,1.940000057220459,1.9299999475479126,1.934999942779541,170427,0.0,0.0
2024-08-14 11:30:00-04:00,1.934999942779541,1.9500000476837158,1.93149995803833,1.9450000524520874,472297,0.0,0.0
2024-08-14 11:35:00-04:00,1.9450000524520874,1.9500000476837158,1.940000057220459,1.9450000524520874,159907,0.0,0.0
2024-08-14 11:40:00-04:00,1.9458999633789062,1.9500000476837158,1.933500051498413,1.934999942779541,245005,0.0,0.0
2024-08-14 11:45:00-04:00,1.9354000091552734,1.940000057220459,1.9299999475479126,1.934999942779541,186066,0.0,0.0
2024-08-14 11:50:00-04:00,1.934999942779541,1.940000057220459,1.9299999475479126,1.934999942779541,159973,0.0,0.0
2024-08-14 11:55:00-04:00,1.9300999641418457,1.940000057220459,1.9299999475479126,1.940000057220459,303014,0.0,0.0
2024-08-14 12:00:00-04:00,1.9399000406265259,1.9500000476837158,1.934999942779541,1.9450000524520874,689810,0.0,0.0
2024-08-14 12:05:00-04:00,1.940000057220459,1.9600000381469727,1.940000057220459,1.9450000524520874,1048686,0.0,0.0
2024-08-14 12:10:00-04:00,1.9450000524520874,1.9500000476837158,1.940000057220459,1.940000057220459,216777,0.0,0.0
2024-08-14 12:15:00-04:00,1.9450000524520874,1.9500000476837158,1.9299999475479126,1.9450000524520874,675917,0.0,0.0
2024-08-14 12:20:00-04:00,1.9450000524520874,1.9500000476837158,1.940000057220459,1.940000057220459,205689,0.0,0.0
2024-08-14 12:25:00-04:00,1.9450000524520874,1.9500000476837158,1.940000057220459,1.9400999546051025,117330,0.0,0.0
2024-08-14 12:30:00-04:00,1.9450000524520874,1.9500000476837158,1.940000057220459,1.9450000524520874,109754,0.0,0.0
2024-08-14 12:35:00-04:00,1.940000057220459,1.9500000476837158,1.940000057220459,1.9450000524520874,59470,0.0,0.0
2024-08-14 12:40:00-04:00,1.9420000314712524,1.9500000476837158,1.9299999475479126,1.9299999475479126,303235,0.0,0.0
2024-08-14 12:45:00-04:00,1.934999942779541,1.9500000476837158,1.9299999475479126,1.9450000524520874,330823,0.0,0.0
2024-08-14 12:50:00-04:00,1.9456000328063965,1.9500000476837158,1.940000057220459,1.9450000524520874,68087,0.0,0.0
2024-08-14 12:55:00-04:00,1.9450000524520874,1.9550000429153442,1.940000057220459,1.9550000429153442,424888,0.0,0.0
2024-08-14 13:00:00-04:00,1.9600000381469727,1.9600000381469727,1.9500000476837158,1.9550000429153442,180728,0.0,0.0
2024-08-14 13:05:00-04:00,1.9550000429153442,1.9600000381469727,1.9500000476837158,1.9550000429153442,104427,0.0,0.0
2024-08-14 13:10:00-04:00,1.9550000429153442,1.9600000381469727,1.9500000476837158,1.9550000429153442,60818,0.0,0.0
2024-08-14 13:15:00-04:00,1.9550000429153442,1.9600000381469727,1.9500000476837158,1.9500000476837158,109017,0.0,0.0
2024-08-14 13:20:00-04:00,1.9550000429153442,1.9600000381469727,1.9500000476837158,1.9550000429153442,167065,0.0,0.0
2024-08-14 13:25:00-04:00,1.9550000429153442,1.9600000381469727,1.9500000476837158,1.9550000429153442,70427,0.0,0.0
2024-08-14 13:30:00-04:00,1.9550000429153442,1.9600000381469727,1.9500000476837158,1.9501999616622925,146305,0.0,0.0
2024-08-14 13:35:00-04:00,1.9600000381469727,1.9600000381469727,1.9500000476837158,1.9550000429153442,98182,0.0,0.0
2024-08-14 13:40:00-04:00,1.9600000381469727,1.9600000381469727,1.940000057220459,1.940000057220459,382226,0.0,0.0
2024-08-14 13:45:00-04:00,1.9450000524520874,1.9500000476837158,1.940000057220459,1.9450000524520874,265800,0.0,0.0
2024-08-14 13:50:00-04:00,1.9450000524520874,1.9600000381469727,1.940000057220459,1.9550000429153442,265447,0.0,0.0
2024-08-14 13:55:00-04:00,1.9550000429153442,1.9600000381469727,1.9500000476837158,1.9550000429153442,109437,0.0,0.0
2024-08-14 14:00:00-04:00,1.9500000476837158,1.9600000381469727,1.940000057220459,1.9450000524520874,372802,0.0,0.0
2024-08-14 14:05:00-04:00,1.9450000524520874,1.9500000476837158,1.9299999475479126,1.940000057220459,382337,0.0,0.0
2024-08-14 14:10:00-04:00,1.934999942779541,1.940000057220459,1.9299999475479126,1.9356000423431396,199870,0.0,0.0
2024-08-14 14:15:00-04:00,1.934999942779541,1.9500000476837158,1.9299999475479126,1.9450000524520874,272291,0.0,0.0
2024-08-14 14:20:00-04:00,1.9400999546051025,1.9500000476837158,1.940000057220459,1.9450000524520874,69816,0.0,0.0
2024-08-14 14:25:00-04:00,1.9500000476837158,1.9500000476837158,1.940000057220459,1.9467999935150146,524839,0.0,0.0
2024-08-14 14:30:00-04:00,1.9450000524520874,1.9500000476837158,1.940000057220459,1.9450000524520874,36679,0.0,0.0
2024-08-14 14:35:00-04:00,1.9450000524520874,1.9500000476837158,1.940500020980835,1.9450000524520874,26277,0.0,0.0
2024-08-14 14:40:00-04:00,1.9459999799728394,1.9499000310897827,1.940000057220459,1.9450000524520874,245197,0.0,0.0
2024-08-14 14:45:00-04:00,1.940000057220459,1.9500000476837158,1.940000057220459,1.9500000476837158,96261,0.0,0.0
2024-08-14 14:50:00-04:00,1.9450000524520874,1.9500000476837158,1.940000057220459,1.9500000476837158,88586,0.0,0.0
2024-08-14 14:55:00-04:00,1.9450000524520874,1.9500000476837158,1.940000057220459,1.9450000524520874,301740,0.0,0.0
2024-08-14 15:00:00-04:00,1.9455000162124634,1.9500000476837158,1.940000057220459,1.944000005722046,57098,0.0,0.0
2024-08-14 15:05:00-04:00,1.9450000524520874,1.9600000381469727,1.940000057220459,1.9550000429153442,621782,0.0,0.0
2024-08-14 15:10:00-04:00,1.9559999704360962,1.9600000381469727,1.940000057220459,1.9500000476837158,502505,0.0,0.0
2024-08-14 15:15:00-04:00,1.9450000524520874,1.9500000476837158,1.940000057220459,1.9450000524520874,152122,0.0,0.0
2024-08-14 15:20:00-04:00,1.9450000524520874,1.9500000476837158,1.9299999475479126,1.934999942779541,597682,0.0,0.0
2024-08-14 15:25:00-04:00,1.934999942779541,1.940000057220459,1.9199999570846558,1.920699954032898,353790,0.0,0.0
2024-08-14 15:30:00-04:00,1.9249999523162842,1.9299999475479126,1.9199999570846558,1.9222999811172485,100578,0.0,0.0
2024-08-14 15:35:00-04:00,1.9249999523162842,1.9299999475479126,1.9199999570846558,1.9299999475479126,239725,0.0,0.0
2024-08-14 15:40:00-04:00,1.9249999523162842,1.9299999475479126,1.909999966621399,1.9149999618530273,507513,0.0,0.0
2024-08-14 15:45:00-04:00,1.9149999618530273,1.9199999570846558,1.909999966621399,1.9149999618530273,248606,0.0,0.0
2024-08-14 15:50:00-04:00,1.9149999618530273,1.9199999570846558,1.909999966621399,1.9149999618530273,558345,0.0,0.0
2024-08-14 15:55:00-04:00,1.9118000268936157,1.9199999570846558,1.909999966621399,1.909999966621399,961814,0.0,0.0
2024-08-15 09:30:00-04:00,1.9199999570846558,1.9600000381469727,1.9199999570846558,1.934999942779541,820735,0.0,0.0
2024-08-15 09:35:00-04:00,1.9391000270843506,1.940000057220459,1.9299999475479126,1.9398000240325928,244208,0.0,0.0
2024-08-15 09:40:00-04:00,1.9381999969482422,1.9600000381469727,1.934999942779541,1.9450000524520874,892947,0.0,0.0
2024-08-15 09:45:00-04:00,1.9450000524520874,1.9500000476837158,1.9299999475479126,1.934999942779541,227317,0.0,0.0
2024-08-15 09:50:00-04:00,1.934999942779541,1.940000057220459,1.9249999523162842,1.9299999475479126,301261,0.0,0.0
2024-08-15 09:55:00-04:00,1.929900050163269,1.9600000381469727,1.9200999736785889,1.9600000381469727,462416,0.0,0.0
2024-08-15 10:00:00-04:00,1.951799988746643,1.9600000381469727,1.940000057220459,1.9550000429153442,348322,0.0,0.0
2024-08-15 10:05:00-04:00,1.9550000429153442,1.9700000286102295,1.9500000476837158,1.965000033378601,785202,0.0,0.0
2024-08-15 10:10:00-04:00,1.9600000381469727,1.9700000286102295,1.9500999450683594,1.965000033378601,672814,0.0,0.0
2024-08-15 10:15:00-04:00,1.965000033378601,1.9700000286102295,1.9600000381469727,1.9602999687194824,424163,0.0,0.0
2024-08-15 10:20:00-04:00,1.965000033378601,1.9700000286102295,1.9600000381469727,1.965000033378601,254638,0.0,0.0
2024-08-15 10:25:00-04:00,1.9629000425338745,1.9700000286102295,1.9600000381469727,1.965000033378601,74261,0.0,0.0
2024-08-15 10:30:00-04:00,1.965000033378601,1.9700000286102295,1.9600000381469727,1.9600000381469727,85163,0.0,0.0
2024-08-15 10:35:00-04:00,1.9645999670028687,1.9700000286102295,1.9550000429153442,1.9550000429153442,229731,0.0,0.0
2024-08-15 10:40:00-04:00,1.9550000429153442,1.9600000381469727,1.9500000476837158,1.9550000429153442,187526,0.0,0.0
2024-08-15 10:45:00-04:00,1.9550000429153442,1.9700000286102295,1.9500000476837158,1.9550000429153442,388165,0.0,0.0
2024-08-15 10:50:00-04:00,1.9571000337600708,1.9600000381469727,1.9400999546051025,1.94760000705719,247103,0.0,0.0
2024-08-15 10:55:00-04:00,1.9450000524520874,1.9500000476837158,1.9299999475479126,1.934999942779541,583204,0.0,0.0
2024-08-15 11:00:00-04:00,1.9327000379562378,1.940000057220459,1.9299999475479126,1.934999942779541,263403,0.0,0.0
2024-08-15 11:05:00-04:00,1.9392999410629272,1.940000057220459,1.9299999475479126,1.934999942779541,255369,0.0,0.0
2024-08-15 11:10:00-04:00,1.9336999654769897,1.9399000406265259,1.9199999570846558,1.929800033569336,320423,0.0,0.0
2024-08-15 11:15:00-04:00,1.9254000186920166,1.9299999475479126,1.9199999570846558,1.920199990272522,186817,0.0,0.0
2024-08-15 11:20:00-04:00,1.9249999523162842,1.9299999475479126,1.9199999570846558,1.9249999523162842,165248,0.0,0.0
2024-08-15 11:25:00-04:00,1.9249999523162842,1.9299999475479126,1.9199999570846558,1.9249999523162842,660283,0.0,0.0
2024-08-15 11:30:00-04:00,1.9249999523162842,1.9299999475479126,1.9199999570846558,1.9249999523162842,214557,0.0,0.0
2024-08-15 11:35:00-04:00,1.9299999475479126,1.9700000286102295,1.9199999570846558,1.965000033378601,788056,0.0,0.0
2024-08-15 11:40:00-04:00,1.965000033378601,1.9700000286102295,1.9600000381469727,1.9699000120162964,220435,0.0,0.0
2024-08-15 11:45:00-04:00,1.965000033378601,1.9700000286102295,1.9600000381469727,1.965000033378601,106245,0.0,0.0
2024-08-15 11:50:00-04:00,1.965000033378601,1.9700000286102295,1.950700044631958,1.9599000215530396,280245,0.0,0.0
2024-08-15 11:55:00-04:00,1.9600000381469727,1.9700000286102295,1.9550000429153442,1.965000033378601,187260,0.0,0.0
2024-08-15 12:00:00-04:00,1.9646999835968018,1.9700000286102295,1.9600000381469727,1.9601000547409058,260985,0.0,0.0
2024-08-15 12:05:00-04:00,1.9606000185012817,1.9700000286102295,1.9600000381469727,1.965000033378601,182840,0.0,0.0
2024-08-15 12:10:00-04:00,1.9600000381469727,1.9700000286102295,1.9600000381469727,1.9601000547409058,239526,0.0,0.0
2024-08-15 12:15:00-04:00,1.965000033378601,1.9700000286102295,1.9600000381469727,1.9700000286102295,86008,0.0,0.0
2024-08-15 12:20:00-04:00,1.965000033378601,1.9800000190734863,1.9601000547409058,1.975000023841858,452733,0.0,0.0
2024-08-15 12:25:00-04:00,1.975600004196167,1.9800000190734863,1.9700000286102295,1.9700000286102295,213369,0.0,0.0
2024-08-15 12:30:00-04:00,1.9800000190734863,1.9800000190734863,1.9700000286102295,1.9800000190734863,93257,0.0,0.0
2024-08-15 12:35:00-04:00,1.9800000190734863,1.9800000190734863,1.9700000286102295,1.975000023841858,195639,0.0,0.0
2024-08-15 12:40:00-04:00,1.975000023841858,1.975000023841858,1.9600000381469727,1.965000033378601,548826,0.0,0.0
2024-08-15 12:45:00-04:00,1.965000033378601,1.9700000286102295,1.9500000476837158,1.9550000429153442,430786,0.0,0.0
2024-08-15 12:50:00-04:00,1.9550000429153442,1.9700000286102295,1.9500999450683594,1.9700000286102295,314922,0.0,0.0
2024-08-15 12:55:00-04:00,1.965000033378601,1.9700000286102295,1.9600000381469727,1.9600000381469727,93471,0.0,0.0
2024-08-15 13:00:00-04:00,1.965000033378601,1.9700000286102295,1.9600000381469727,1.965000033378601,49354,0.0,0.0
2024-08-15 13:05:00-04:00,1.968999981880188,1.9700000286102295,1.9600000381469727,1.965000033378601,63559,0.0,0.0
2024-08-15 13:10:00-04:00,1.965000033378601,1.9700000286102295,1.9600000381469727,1.965000033378601,48101,0.0,0.0
2024-08-15 13:15:00-04:00,1.965000033378601,1.9700000286102295,1.9600000381469727,1.965000033378601,58559,0.0,0.0
2024-08-15 13:20:00-04:00,1.9660999774932861,1.9699000120162964,1.9600000381469727,1.965000033378601,161469,0.0,0.0
2024-08-15 13:25:00-04:00,1.965000033378601,1.9700000286102295,1.9600000381469727,1.965000033378601,61382,0.0,0.0
2024-08-15 13:30:00-04:00,1.9620000123977661,1.9799000024795532,1.9600000381469727,1.975000023841858,259617,0.0,0.0
2024-08-15 13:35:00-04:00,1.975000023841858,1.9800000190734863,1.9601000547409058,1.965000033378601,475680,0.0,0.0
2024-08-15 13:40:00-04:00,1.9663000106811523,1.9800000190734863,1.9611999988555908,1.9732999801635742,370379,0.0,0.0
2024-08-15 13:45:00-04:00,1.975000023841858,1.975000023841858,1.9600000381469727,1.965000033378601,221903,0.0,0.0
2024-08-15 13:50:00-04:00,1.9699000120162964,1.9700000286102295,1.9600000381469727,1.965000033378601,28059,0.0,0.0
2024-08-15 13:55:00-04:00,1.965499997138977,1.9700000286102295,1.9600000381469727,1.9674999713897705,27915,0.0,0.0
2024-08-15 14:00:00-04:00,1.9607000350952148,1.9700000286102295,1.9600000381469727,1.9699000120162964,112953,0.0,0.0
2024-08-15 14:05:00-04:00,1.9700000286102295,1.9700000286102295,1.9500000476837158,1.9599000215530396,561632,0.0,0.0
2024-08-15 14:10:00-04:00,1.9550000429153442,1.9600000381469727,1.9500000476837158,1.9500000476837158,50256,0.0,0.0
2024-08-15 14:15:00-04:00,1.9550000429153442,1.9550000429153442,1.940000057220459,1.9450000524520874,413792,0.0,0.0
2024-08-15 14:20:00-04:00,1.9450000524520874,1.9500000476837158,1.940000057220459,1.9500000476837158,95594,0.0,0.0
2024-08-15 14:25:00-04:00,1.9500000476837158,1.9500000476837158,1.940000057220459,1.9500000476837158,60183,0.0,0.0
2024-08-15 14:30:00-04:00,1.9500000476837158,1.9500000476837158,1.940000057220459,1.940000057220459,46601,0.0,0.0
2024-08-15 14:35:00-04:00,1.9437999725341797,1.9600000381469727,1.940000057220459,1.9550000429153442,242513,0.0,0.0
2024-08-15 14:40:00-04:00,1.9530999660491943,1.9600000381469727,1.9500000476837158,1.9600000381469727,47936,0.0,0.0
2024-08-15 14:45:00-04:00,1.9550000429153442,1.9600000381469727,1.9500000476837158,1.9550000429153442,43581,0.0,0.0
2024-08-15 14:50:00-04:00,1.9600000381469727,1.9600000381469727,1.9500000476837158,1.9550000429153442,69496,0.0,0.0
2024-08-15 14:55:00-04:00,1.9550000429153442,1.9600000381469727,1.9500000476837158,1.9567999839782715,48313,0.0,0.0
2024-08-15 15:00:00-04:00,1.9600000381469727,1.9600000381469727,1.9500000476837158,1.9550000429153442,81055,0.0,0.0
2024-08-15 15:05:00-04:00,1.9550000429153442,1.9600000381469727,1.9500000476837158,1.9550000429153442,15412,0.0,0.0
2024-08-15 15:10:00-04:00,1.9500000476837158,1.9600000381469727,1.9450000524520874,1.9500000476837158,192247,0.0,0.0
2024-08-15 15:15:00-04:00,1.9455000162124634,1.9500000476837158,1.940000057220459,1.9500000476837158,34927,0.0,0.0
2024-08-15 15:20:00-04:00,1.9500000476837158,1.9500000476837158,1.940000057220459,1.947100043296814,44397,0.0,0.0
2024-08-15 15:25:00-04:00,1.9450000524520874,1.9500000476837158,1.940000057220459,1.9450000524520874,91061,0.0,0.0
2024-08-15 15:30:00-04:00,1.9500000476837158,1.9500000476837158,1.940000057220459,1.940000057220459,22537,0.0,0.0
2024-08-15 15:35:00-04:00,1.9500000476837158,1.9500000476837158,1.940000057220459,1.9450000524520874,51184,0.0,0.0
2024-08-15 15:40:00-04:00,1.9458999633789062,1.9500000476837158,1.940000057220459,1.9450000524520874,38948,0.0,0.0
2024-08-15 15:45:00-04:00,1.9450000524520874,1.9500000476837158,1.940000057220459,1.940000057220459,185660,0.0,0.0
2024-08-15 15:50:00-04:00,1.9450000524520874,1.9500000476837158,1.940000057220459,1.9450000524520874,144784,0.0,0.0
2024-08-15 15:55:00-04:00,1.9450000524520874,1.9500000476837158,1.940000057220459,1.940000057220459,549656,0.0,0.0
2024-08-16 09:30:00-04:00,1.9299999475479126,1.9500000476837158,1.9299999475479126,1.9392000436782837,493136,0.0,0.0
2024-08-16 09:35:00-04:00,1.934999942779541,1.9500000476837158,1.9300999641418457,1.9400999546051025,357839,0.0,0.0
2024-08-16 09:40:00-04:00,1.9426000118255615,1.9600000381469727,1.940000057220459,1.9500000476837158,363764,0.0,0.0
2024-08-16 09:45:00-04:00,1.9550000429153442,1.9600000381469727,1.9500000476837158,1.9550000429153442,387188,0.0,0.0
2024-08-16 09:50:00-04:00,1.9500000476837158,1.9600000381469727,1.9500000476837158,1.9550000429153442,93398,0.0,0.0
2024-08-16 09:55:00-04:00,1.9550000429153442,1.9600000381469727,1.9500000476837158,1.9550000429153442,257812,0.0,0.0
2024-08-16 10:00:00-04:00,1.9596999883651733,1.9700000286102295,1.9550000429153442,1.9693000316619873,248622,0.0,0.0
2024-08-16 10:05:00-04:00,1.965000033378601,1.9700000286102295,1.9500999450683594,1.9550000429153442,168833,0.0,0.0
2024-08-16 10:10:00-04:00,1.9566999673843384,1.9600000381469727,1.9500999450683594,1.9574999809265137,251869,0.0,0.0
2024-08-16 10:15:00-04:00,1.9550000429153442,1.9600000381469727,1.9500000476837158,1.9550000429153442,237735,0.0,0.0
2024-08-16 10:20:00-04:00,1.9550000429153442,1.9585000276565552,1.940000057220459,1.9450000524520874,325305,0.0,0.0
2024-08-16 10:25:00-04:00,1.9500000476837158,1.9500000476837158,1.940000057220459,1.9450000524520874,91327,0.0,0.0
2024-08-16 10:30:00-04:00,1.9450000524520874,1.9500000476837158,1.940000057220459,1.9450000524520874,100642,0.0,0.0
2024-08-16 10:35:00-04:00,1.9500000476837158,1.9600000381469727,1.940000057220459,1.9550000429153442,340403,0.0,0.0
2024-08-16 10:40:00-04:00,1.9550000429153442,1.9600000381469727,1.9500000476837158,1.951200008392334,40085,0.0,0.0
2024-08-16 10:45:00-04:00,1.9550000429153442,1.9600000381469727,1.940000057220459,1.9450000524520874,344865,0.0,0.0
2024-08-16 10:50:00-04:00,1.9450000524520874,1.9500000476837158,1.940000057220459,1.9450000524520874,32366,0.0,0.0
2024-08-16 10:55:00-04:00,1.9450000524520874,1.9500000476837158,1.940000057220459,1.9500000476837158,70808,0.0,0.0
2024-08-16 11:00:00-04:00,1.940000057220459,1.9500000476837158,1.940000057220459,1.9450000524520874,30691,0.0,0.0
2024-08-16 11:05:00-04:00,1.9450000524520874,1.9500000476837158,1.940000057220459,1.9450000524520874,40552,0.0,0.0
2024-08-16 11:10:00-04:00,1.9499000310897827,1.9499000310897827,1.940000057220459,1.9469000101089478,107029,0.0,0.0
2024-08-16 11:15:00-04:00,1.9407999515533447,1.9500000476837158,1.934999942779541,1.9466999769210815,313669,0.0,0.0
2024-08-16 11:20:00-04:00,1.944700002670288,1.944700002670288,1.9299999475479126,1.9399000406265259,178821,0.0,0.0
2024-08-16 11:25:00-04:00,1.9399000406265259,1.940000057220459,1.9299999475479126,1.9359999895095825,121483,0.0,0.0
2024-08-16 11:30:00-04:00,1.9399000406265259,1.940000057220459,1.9306999444961548,1.934999942779541,88399,0.0,0.0
2024-08-16 11:35:00-04:00,1.9385000467300415,1.9500000476837158,1.934999942779541,1.9500000476837158,174600,0.0,0.0
2024-08-16 11:40:00-04:00,1.9500000476837158,1.9600000381469727,1.940000057220459,1.9550000429153442,320379,0.0,0.0
2024-08-16 11:45:00-04:00,1.9550000429153442,1.9600000381469727,1.9500000476837158,1.9550000429153442,25661,0.0,0.0
2024-08-16 11:50:00-04:00,1.9550000429153442,1.9600000381469727,1.9500000476837158,1.9550000429153442,125885,0.0,0.0
2024-08-16 11:55:00-04:00,1.9550000429153442,1.9600000381469727,1.9500999450683594,1.9550000429153442,44406,0.0,0.0
2024-08-16 12:00:00-04:00,1.9500000476837158,1.9600000381469727,1.9500000476837158,1.9550000429153442,57174,0.0,0.0
2024-08-16 12:05:00-04:00,1.9550000429153442,1.9600000381469727,1.9500000476837158,1.9550000429153442,357964,0.0,0.0
2024-08-16 12:10:00-04:00,1.9550000429153442,1.9600000381469727,1.9500000476837158,1.9500000476837158,147898,0.0,0.0
2024-08-16 12:15:00-04:00,1.9550000429153442,1.9600000381469727,1.9500000476837158,1.9550000429153442,57258,0.0,0.0
2024-08-16 12:20:00-04:00,1.9532999992370605,1.9600000381469727,1.9500000476837158,1.9501999616622925,52766,0.0,0.0
2024-08-16 12:25:00-04:00,1.9550000429153442,1.9550000429153442,1.9500000476837158,1.9550000429153442,22672,0.0,0.0
2024-08-16 12:30:00-04:00,1.9550000429153442,1.9574999809265137,1.9500999450683594,1.9500999450683594,102005,0.0,0.0
2024-08-16 12:35:00-04:00,1.9550000429153442,1.9600000381469727,1.940000057220459,1.9450000524520874,309304,0.0,0.0
2024-08-16 12:40:00-04:00,1.9450000524520874,1.9500000476837158,1.940000057220459,1.940000057220459,365001,0.0,0.0
2024-08-16 12:45:00-04:00,1.940000057220459,1.940000057220459,1.9299999475479126,1.934000015258789,106915,0.0,0.0
2024-08-16 12:50:00-04:00,1.9392999410629272,1.9500000476837158,1.9299999475479126,1.9450000524520874,247312,0.0,0.0
2024-08-16 12:55:00-04:00,1.940000057220459,1.9500000476837158,1.940000057220459,1.9450000524520874,99127,0.0,0.0
2024-08-16 13:00:00-04:00,1.9450000524520874,1.9500000476837158,1.940000057220459,1.9400999546051025,47635,0.0,0.0
2024-08-16 13:05:00-04:00,1.9450000524520874,1.9500000476837158,1.940000057220459,1.9450000524520874,56396,0.0,0.0
2024-08-16 13:10:00-04:00,1.9450000524520874,1.9500000476837158,1.940000057220459,1.9450000524520874,136323,0.0,0.0
2024-08-16 13:15:00-04:00,1.9450000524520874,1.9500000476837158,1.940000057220459,1.9450000524520874,69020,0.0,0.0
2024-08-16 13:20:00-04:00,1.9450000524520874,1.9500000476837158,1.940000057220459,1.940000057220459,121334,0.0,0.0
2024-08-16 13:25:00-04:00,1.9450000524520874,1.9500000476837158,1.940000057220459,1.9450000524520874,28471,0.0,0.0
2024-08-16 13:30:00-04:00,1.940000057220459,1.9500000476837158,1.940000057220459,1.9450000524520874,60341,0.0,0.0
2024-08-16 13:35:00-04:00,1.9450000524520874,1.9500000476837158,1.940000057220459,1.940000057220459,50328,0.0,0.0
2024-08-16 13:40:00-04:00,1.9450000524520874,1.9500000476837158,1.940000057220459,1.9450000524520874,22173,0.0,0.0
2024-08-16 13:45:00-04:00,1.9450000524520874,1.9500000476837158,1.9420000314712524,1.9499000310897827,227623,0.0,0.0
2024-08-16 13:50:00-04:00,1.9450000524520874,1.9600000381469727,1.9400999546051025,1.9500999450683594,492742,0.0,0.0
2024-08-16 13:55:00-04:00,1.9550000429153442,1.9600000381469727,1.9500000476837158,1.9500999450683594,87439,0.0,0.0
2024-08-16 14:00:00-04:00,1.9550000429153442,1.9600000381469727,1.9500000476837158,1.9550000429153442,21784,0.0,0.0
2024-08-16 14:05:00-04:00,1.9550000429153442,1.9600000381469727,1.9500000476837158,1.9500000476837158,88594,0.0,0.0
2024-08-16 14:10:00-04:00,1.9550000429153442,1.9600000381469727,1.9500000476837158,1.950700044631958,44671,0.0,0.0
2024-08-16 14:15:00-04:00,1.9550000429153442,1.9600000381469727,1.9500000476837158,1.9550000429153442,40026,0.0,0.0
2024-08-16 14:20:00-04:00,1.9550000429153442,1.9600000381469727,1.9500000476837158,1.9500000476837158,19049,0.0,0.0
2024-08-16 14:25:00-04:00,1.9550000429153442,1.9600000381469727,1.9500000476837158,1.9599000215530396,32993,0.0,0.0
2024-08-16 14:30:00-04:00,1.9550000429153442,1.9600000381469727,1.9500000476837158,1.9569000005722046,48555,0.0,0.0
2024-08-16 14:35:00-04:00,1.9550000429153442,1.9699000120162964,1.9500000476837158,1.9550000429153442,731038,0.0,0.0
2024-08-16 14:40:00-04:00,1.9550000429153442,1.9600000381469727,1.9527000188827515,1.9574999809265137,110543,0.0,0.0
2024-08-16 14:45:00-04:00,1.9550000429153442,1.9700000286102295,1.9550000429153442,1.9600000381469727,154307,0.0,0.0
2024-08-16 14:50:00-04:00,1.965000033378601,1.9700000286102295,1.9600000381469727,1.965000033378601,57062,0.0,0.0
2024-08-16 14:55:00-04:00,1.965000033378601,1.9700000286102295,1.9600000381469727,1.9600000381469727,170962,0.0,0.0
2024-08-16 15:00:00-04:00,1.965000033378601,1.9700000286102295,1.9600000381469727,1.965000033378601,37360,0.0,0.0
2024-08-16 15:05:00-04:00,1.9700000286102295,1.9700000286102295,1.9600000381469727,1.965000033378601,69517,0.0,0.0
2024-08-16 15:10:00-04:00,1.965000033378601,1.9700000286102295,1.9600000381469727,1.9600000381469727,31474,0.0,0.0
2024-08-16 15:15:00-04:00,1.965000033378601,1.9700000286102295,1.9600000381469727,1.965000033378601,110069,0.0,0.0
2024-08-16 15:20:00-04:00,1.965000033378601,1.9664000272750854,1.951300024986267,1.9550000429153442,301949,0.0,0.0
2024-08-16 15:25:00-04:00,1.9550000429153442,1.9600000381469727,1.9500000476837158,1.9600000381469727,322315,0.0,0.0
2024-08-16 15:30:00-04:00,1.9599000215530396,1.965999960899353,1.9500000476837158,1.9629000425338745,259450,0.0,0.0
2024-08-16 15:35:00-04:00,1.965999960899353,1.9700000286102295,1.9600000381469727,1.9699000120162964,164070,0.0,0.0
2024-08-16 15:40:00-04:00,1.965000033378601,1.9700000286102295,1.9600000381469727,1.9600000381469727,140711,0.0,0.0
2024-08-16 15:45:00-04:00,1.965000033378601,1.9700000286102295,1.9600000381469727,1.965000033378601,147040,0.0,0.0
2024-08-16 15:50:00-04:00,1.965000033378601,1.965000033378601,1.9299999475479126,1.9450000524520874,1660035,0.0,0.0
2024-08-16 15:55:00-04:00,1.9450000524520874,1.9500000476837158,1.940000057220459,1.9500000476837158,531932,0.0,0.0
2024-08-19 09:30:00-04:00,1.9420000314712524,1.9600000381469727,1.9299999475479126,1.9450000524520874,646121,0.0,0.0
2024-08-19 09:35:00-04:00,1.9493999481201172,1.9500000476837158,1.934999942779541,1.9459999799728394,173211,0.0,0.0
2024-08-19 09:40:00-04:00,1.948099970817566,1.9500000476837158,1.940000057220459,1.9500000476837158,94654,0.0,0.0
2024-08-19 09:45:00-04:00,1.940000057220459,1.9500000476837158,1.940000057220459,1.9450000524520874,112108,0.0,0.0
2024-08-19 09:50:00-04:00,1.940000057220459,1.9500000476837158,1.934999942779541,1.9393999576568604,180583,0.0,0.0
2024-08-19 09:55:00-04:00,1.9399000406265259,1.9500000476837158,1.9299999475479126,1.9450000524520874,428736,0.0,0.0
2024-08-19 10:00:00-04:00,1.9450000524520874,1.9500000476837158,1.940000057220459,1.9450000524520874,98176,0.0,0.0
2024-08-19 10:05:00-04:00,1.9450000524520874,1.9500000476837158,1.940000057220459,1.9500000476837158,186410,0.0,0.0
2024-08-19 10:10:00-04:00,1.9500000476837158,1.9600000381469727,1.9299999475479126,1.940000057220459,1000764,0.0,0.0
2024-08-19 10:15:00-04:00,1.934999942779541,1.940000057220459,1.9199999570846558,1.9249999523162842,492226,0.0,0.0
2024-08-19 10:20:00-04:00,1.9242000579833984,1.9299999475479126,1.9199999570846558,1.9199999570846558,221185,0.0,0.0
2024-08-19 10:25:00-04:00,1.9249999523162842,1.9299999475479126,1.9199999570846558,1.9199999570846558,196431,0.0,0.0
2024-08-19 10:30:00-04:00,1.926800012588501,1.929900050163269,1.909999966621399,1.919700026512146,236352,0.0,0.0
2024-08-19 10:35:00-04:00,1.9149999618530273,1.9199999570846558,1.909999966621399,1.9149999618530273,82363,0.0,0.0
2024-08-19 10:40:00-04:00,1.9149999618530273,1.9199999570846558,1.909999966621399,1.9149999618530273,59065,0.0,0.0
2024-08-19 10:45:00-04:00,1.9175000190734863,1.9199999570846558,1.909999966621399,1.917799949645996,125374,0.0,0.0
2024-08-19 10:50:00-04:00,1.9149999618530273,1.9199999570846558,1.909999966621399,1.9149999618530273,192585,0.0,0.0
2024-08-19 10:55:00-04:00,1.9149999618530273,1.9199999570846558,1.9049999713897705,1.9149999618530273,776770,0.0,0.0
2024-08-19 11:00:00-04:00,1.910099983215332,1.9199999570846558,1.909999966621399,1.9149999618530273,83553,0.0,0.0
2024-08-19 11:05:00-04:00,1.909999966621399,1.9199999570846558,1.909999966621399,1.9149999618530273,107507,0.0,0.0
2024-08-19 11:10:00-04:00,1.9149999618530273,1.9199999570846558,1.909999966621399,1.9198999404907227,67411,0.0,0.0
2024-08-19 11:15:00-04:00,1.9198999404907227,1.9299999475479126,1.9149999618530273,1.9249999523162842,338481,0.0,0.0
2024-08-19 11:20:00-04:00,1.9249999523162842,1.9299999475479126,1.9199999570846558,1.9249999523162842,54753,0.0,0.0
2024-08-19 11:25:00-04:00,1.9249999523162842,1.9299999475479126,1.9199999570846558,1.9199999570846558,31373,0.0,0.0
2024-08-19 11:30:00-04:00,1.9249999523162842,1.9299999475479126,1.9199999570846558,1.9249999523162842,60720,0.0,0.0
2024-08-19 11:35:00-04:00,1.9205000400543213,1.9299999475479126,1.9199999570846558,1.9222999811172485,53326,0.0,0.0
2024-08-19 11:40:00-04:00,1.9249999523162842,1.9299999475479126,1.9199999570846558,1.9249999523162842,97603,0.0,0.0
2024-08-19 11:45:00-04:00,1.9299999475479126,1.9299999475479126,1.9199999570846558,1.9249999523162842,61320,0.0,0.0
2024-08-19 11:50:00-04:00,1.9199999570846558,1.9299999475479126,1.9199999570846558,1.9249999523162842,49985,0.0,0.0
2024-08-19 11:55:00-04:00,1.9249999523162842,1.929900050163269,1.910099983215332,1.9149999618530273,170399,0.0,0.0
2024-08-19 12:00:00-04:00,1.9149999618530273,1.9199999570846558,1.909999966621399,1.9149999618530273,103037,0.0,0.0
2024-08-19 12:05:00-04:00,1.9149999618530273,1.9199999570846558,1.909999966621399,1.9149999618530273,98116,0.0,0.0
2024-08-19 12:10:00-04:00,1.9149999618530273,1.9199999570846558,1.909999966621399,1.9149999618530273,42228,0.0,0.0
2024-08-19 12:15:00-04:00,1.910099983215332,1.9174000024795532,1.909999966621399,1.9149999618530273,47982,0.0,0.0
2024-08-19 12:20:00-04:00,1.9149999618530273,1.916700005531311,1.909999966621399,1.9149999618530273,55094,0.0,0.0
2024-08-19 12:25:00-04:00,1.9149999618530273,1.9198999404907227,1.899999976158142,1.9017000198364258,840924,0.0,0.0
2024-08-19 12:30:00-04:00,1.9049999713897705,1.909999966621399,1.899999976158142,1.899999976158142,231010,0.0,0.0
2024-08-19 12:35:00-04:00,1.902899980545044,1.909999966621399,1.899999976158142,1.9049999713897705,214502,0.0,0.0
2024-08-19 12:40:00-04:00,1.9049999713897705,1.909999966621399,1.8899999856948853,1.8920999765396118,906996,0.0,0.0
2024-08-19 12:45:00-04:00,1.8940000534057617,1.909999966621399,1.8899999856948853,1.9098999500274658,408108,0.0,0.0
2024-08-19 12:50:00-04:00,1.9049999713897705,1.9199999570846558,1.899999976158142,1.9103000164031982,395478,0.0,0.0
2024-08-19 12:55:00-04:00,1.910099983215332,1.9199999570846558,1.909999966621399,1.910099983215332,105392,0.0,0.0
2024-08-19 13:00:00-04:00,1.9149999618530273,1.9199999570846558,1.909999966621399,1.9149999618530273,145629,0.0,0.0
2024-08-19 13:05:00-04:00,1.9149999618530273,1.9198999404907227,1.909999966621399,1.916599988937378,45775,0.0,0.0
2024-08-19 13:10:00-04:00,1.9120999574661255,1.9199999570846558,1.9120999574661255,1.9149999618530273,119288,0.0,0.0
2024-08-19 13:15:00-04:00,1.9149999618530273,1.919800043106079,1.909999966621399,1.9124000072479248,31553,0.0,0.0
2024-08-19 13:20:00-04:00,1.9198999404907227,1.9199999570846558,1.909999966621399,1.9149999618530273,30084,0.0,0.0
2024-08-19 13:25:00-04:00,1.9149999618530273,1.9199999570846558,1.909999966621399,1.910099983215332,150615,0.0,0.0
2024-08-19 13:30:00-04:00,1.9149999618530273,1.9199999570846558,1.909999966621399,1.9149999618530273,26926,0.0,0.0
2024-08-19 13:35:00-04:00,1.9149999618530273,1.9199999570846558,1.909999966621399,1.9149999618530273,89093,0.0,0.0
2024-08-19 13:40:00-04:00,1.9149999618530273,1.9198999404907227,1.909999966621399,1.9149999618530273,39344,0.0,0.0
2024-08-19 13:45:00-04:00,1.9198999404907227,1.9198999404907227,1.909999966621399,1.9149999618530273,36580,0.0,0.0
2024-08-19 13:50:00-04:00,1.9124000072479248,1.9199999570846558,1.909999966621399,1.9149999618530273,17069,0.0,0.0
2024-08-19 13:55:00-04:00,1.9149999618530273,1.9199999570846558,1.909999966621399,1.9149999618530273,115733,0.0,0.0
2024-08-19 14:00:00-04:00,1.9149999618530273,1.9199999570846558,1.909999966621399,1.9149999618530273,38150,0.0,0.0
2024-08-19 14:05:00-04:00,1.9149999618530273,1.9199999570846558,1.909999966621399,1.9149999618530273,71966,0.0,0.0
2024-08-19 14:10:00-04:00,1.9149999618530273,1.9199999570846558,1.909999966621399,1.9199999570846558,61915,0.0,0.0
2024-08-19 14:15:00-04:00,1.9149999618530273,1.9199999570846558,1.909999966621399,1.909999966621399,119797,0.0,0.0
2024-08-19 14:20:00-04:00,1.9149999618530273,1.9199999570846558,1.909999966621399,1.9149999618530273,46264,0.0,0.0
2024-08-19 14:25:00-04:00,1.910099983215332,1.9199999570846558,1.909999966621399,1.9149999618530273,117882,0.0,0.0
2024-08-19 14:30:00-04:00,1.9149999618530273,1.9500000476837158,1.9149999618530273,1.9450000524520874,976204,0.0,0.0
2024-08-19 14:35:00-04:00,1.9450000524520874,1.9500000476837158,1.940000057220459,1.9450000524520874,218230,0.0,0.0
2024-08-19 14:40:00-04:00,1.9450000524520874,1.9493000507354736,1.9299999475479126,1.934999942779541,598948,0.0,0.0
2024-08-19 14:45:00-04:00,1.934999942779541,1.940000057220459,1.9299999475479126,1.9322999715805054,161220,0.0,0.0
2024-08-19 14:50:00-04:00,1.934999942779541,1.9375,1.9299999475479126,1.934999942779541,74914,0.0,0.0
2024-08-19 14:55:00-04:00,1.9399000406265259,1.940000057220459,1.9299999475479126,1.9299999475479126,296256,0.0,0.0
2024-08-19 15:00:00-04:00,1.934999942779541,1.940000057220459,1.9199999570846558,1.9249999523162842,512335,0.0,0.0
2024-08-19 15:05:00-04:00,1.9249999523162842,1.9299999475479126,1.9199999570846558,1.9249999523162842,50769,0.0,0.0
2024-08-19 15:10:00-04:00,1.9249999523162842,1.9299999475479126,1.9199999570846558,1.9249999523162842,44925,0.0,0.0
2024-08-19 15:15:00-04:00,1.9249999523162842,1.9299999475479126,1.9199999570846558,1.9249999523162842,18789,0.0,0.0
2024-08-19 15:20:00-04:00,1.9249999523162842,1.9299999475479126,1.9199999570846558,1.9275000095367432,30752,0.0,0.0
2024-08-19 15:25:00-04:00,1.9249999523162842,1.9299999475479126,1.9199999570846558,1.9249999523162842,33085,0.0,0.0
2024-08-19 15:30:00-04:00,1.9299999475479126,1.9299999475479126,1.9199999570846558,1.9249999523162842,23354,0.0,0.0
2024-08-19 15:35:00-04:00,1.9249999523162842,1.9299999475479126,1.9199999570846558,1.9249999523162842,29857,0.0,0.0
2024-08-19 15:40:00-04:00,1.9249999523162842,1.9299999475479126,1.9199999570846558,1.9249999523162842,50901,0.0,0.0
2024-08-19 15:45:00-04:00,1.9249999523162842,1.9299999475479126,1.9199999570846558,1.9249999523162842,85204,0.0,0.0
2024-08-19 15:50:00-04:00,1.9249999523162842,1.940000057220459,1.9199999570846558,1.934999942779541,740948,0.0,0.0
2024-08-19 15:55:00-04:00,1.934999942779541,1.940000057220459,1.9299999475479126,1.9299999475479126,219688,0.0,0.0
2024-08-20 09:30:00-04:00,1.9299999475479126,1.9500000476837158,1.9199999570846558,1.934999942779541,381372,0.0,0.0
2024-08-20 09:35:00-04:00,1.934999942779541,1.9500000476837158,1.9299999475479126,1.9300999641418457,398725,0.0,0.0
2024-08-20 09:40:00-04:00,1.9320000410079956,1.940000057220459,1.9299999475479126,1.9399000406265259,176634,0.0,0.0
2024-08-20 09:45:00-04:00,1.934999942779541,1.9399000406265259,1.9299999475479126,1.934999942779541,68144,0.0,0.0
2024-08-20 09:50:00-04:00,1.9326000213623047,1.940000057220459,1.9299999475479126,1.934999942779541,118859,0.0,0.0
2024-08-20 09:55:00-04:00,1.9300999641418457,1.940000057220459,1.9299999475479126,1.9299999475479126,24882,0.0,0.0
2024-08-20 10:00:00-04:00,1.931399941444397,1.940000057220459,1.9299999475479126,1.940000057220459,411183,0.0,0.0
2024-08-20 10:05:00-04:00,1.934999942779541,1.940000057220459,1.9299999475479126,1.9392999410629272,256834,0.0,0.0
2024-08-20 10:10:00-04:00,1.9299999475479126,1.940000057220459,1.9199999570846558,1.934999942779541,382872,0.0,0.0
2024-08-20 10:15:00-04:00,1.934999942779541,1.940000057220459,1.9299999475479126,1.9300999641418457,152965,0.0,0.0
2024-08-20 10:20:00-04:00,1.9359999895095825,1.940000057220459,1.9299999475479126,1.9300999641418457,58134,0.0,0.0
2024-08-20 10:25:00-04:00,1.9300999641418457,1.940000057220459,1.9199999570846558,1.9292000532150269,282987,0.0,0.0
2024-08-20 10:30:00-04:00,1.9299999475479126,1.9299999475479126,1.9199999570846558,1.9249999523162842,104491,0.0,0.0
2024-08-20 10:35:00-04:00,1.9299999475479126,1.9299999475479126,1.9199999570846558,1.9229999780654907,222607,0.0,0.0
2024-08-20 10:40:00-04:00,1.920300006866455,1.9299999475479126,1.9019999504089355,1.902500033378601,647395,0.0,0.0
2024-08-20 10:45:00-04:00,1.9052000045776367,1.9199999570846558,1.899999976158142,1.9049999713897705,464587,0.0,0.0
2024-08-20 10:50:00-04:00,1.9081000089645386,1.909999966621399,1.899999976158142,1.9098999500274658,97730,0.0,0.0
2024-08-20 10:55:00-04:00,1.9049999713897705,1.909999966621399,1.899999976158142,1.9049999713897705,220534,0.0,0.0
2024-08-20 11:00:00-04:00,1.899999976158142,1.909999966621399,1.899999976158142,1.9077999591827393,483208,0.0,0.0
2024-08-20 11:05:00-04:00,1.9049999713897705,1.909999966621399,1.899999976158142,1.9000999927520752,96659,0.0,0.0
2024-08-20 11:10:00-04:00,1.9052000045776367,1.909999966621399,1.899999976158142,1.899999976158142,57695,0.0,0.0
2024-08-20 11:15:00-04:00,1.9049999713897705,1.909999966621399,1.899999976158142,1.9049999713897705,157070,0.0,0.0
2024-08-20 11:20:00-04:00,1.9049999713897705,1.9049999713897705,1.899999976158142,1.899999976158142,68475,0.0,0.0
2024-08-20 11:25:00-04:00,1.906000018119812,1.9092999696731567,1.8937000036239624,1.8956999778747559,299722,0.0,0.0
2024-08-20 11:30:00-04:00,1.8899999856948853,1.899999976158142,1.8899999856948853,1.899899959564209,162076,0.0,0.0
2024-08-20 11:35:00-04:00,1.899999976158142,1.899999976158142,1.8899999856948853,1.8949999809265137,120635,0.0,0.0
2024-08-20 11:40:00-04:00,1.8949999809265137,1.899999976158142,1.8899999856948853,1.8949999809265137,89292,0.0,0.0
2024-08-20 11:45:00-04:00,1.892699956893921,1.899999976158142,1.8899999856948853,1.8933000564575195,64295,0.0,0.0
2024-08-20 11:50:00-04:00,1.8949999809265137,1.899999976158142,1.8899999856948853,1.8981000185012817,34178,0.0,0.0
2024-08-20 11:55:00-04:00,1.8949999809265137,1.899999976158142,1.8899999856948853,1.8992999792099,115001,0.0,0.0
2024-08-20 12:00:00-04:00,1.8949999809265137,1.899999976158142,1.8899999856948853,1.8901000022888184,62810,0.0,0.0
2024-08-20 12:05:00-04:00,1.899999976158142,1.899999976158142,1.8899999856948853,1.8949999809265137,11568,0.0,0.0
2024-08-20 12:10:00-04:00,1.8981000185012817,1.899999976158142,1.8899999856948853,1.8977999687194824,59906,0.0,0.0
2024-08-20 12:15:00-04:00,1.8949999809265137,1.899999976158142,1.8799999952316284,1.8849999904632568,584269,0.0,0.0
2024-08-20 12:20:00-04:00,1.8849999904632568,1.8899999856948853,1.8799999952316284,1.8849999904632568,131517,0.0,0.0
2024-08-20 12:25:00-04:00,1.8890999555587769,1.8899999856948853,1.8799999952316284,1.8849999904632568,54799,0.0,0.0
2024-08-20 12:30:00-04:00,1.8898999691009521,1.8899999856948853,1.8799999952316284,1.8819999694824219,69155,0.0,0.0
2024-08-20 12:35:00-04:00,1.8898999691009521,1.8899999856948853,1.8799999952316284,1.8799999952316284,39551,0.0,0.0
2024-08-20 12:40:00-04:00,1.8801000118255615,1.8871999979019165,1.8799999952316284,1.8849999904632568,54037,0.0,0.0
2024-08-20 12:45:00-04:00,1.8849999904632568,1.8899999856948853,1.8700000047683716,1.875,253745,0.0,0.0
2024-08-20 12:50:00-04:00,1.875499963760376,1.8799999952316284,1.8700000047683716,1.8724000453948975,124092,0.0,0.0
2024-08-20 12:55:00-04:00,1.8732000589370728,1.875,1.8600000143051147,1.8650000095367432,325282,0.0,0.0
2024-08-20 13:00:00-04:00,1.8600000143051147,1.8700000047683716,1.850000023841858,1.8550000190734863,527340,0.0,0.0
2024-08-20 13:05:00-04:00,1.8513000011444092,1.8700000047683716,1.850000023841858,1.8650000095367432,392694,0.0,0.0
2024-08-20 13:10:00-04:00,1.8697999715805054,1.8799999952316284,1.8600000143051147,1.8739999532699585,319711,0.0,0.0
2024-08-20 13:15:00-04:00,1.8701000213623047,1.8798999786376953,1.8600000143051147,1.8697999715805054,260488,0.0,0.0
2024-08-20 13:20:00-04:00,1.8698999881744385,1.8700000047683716,1.8600000143051147,1.8650000095367432,78586,0.0,0.0
2024-08-20 13:25:00-04:00,1.8650000095367432,1.8700000047683716,1.8600000143051147,1.8650000095367432,41277,0.0,0.0
2024-08-20 13:30:00-04:00,1.8650000095367432,1.8799999952316284,1.8600000143051147,1.8746999502182007,297819,0.0,0.0
2024-08-20 13:35:00-04:00,1.8700000047683716,1.8799999952316284,1.8700000047683716,1.875,55111,0.0,0.0
2024-08-20 13:40:00-04:00,1.8726999759674072,1.8799999952316284,1.8700000047683716,1.875,98554,0.0,0.0
2024-08-20 13:45:00-04:00,1.875,1.8799999952316284,1.8700000047683716,1.8739999532699585,63825,0.0,0.0
2024-08-20 13:50:00-04:00,1.8789000511169434,1.8799999952316284,1.8700000047683716,1.875,23813,0.0,0.0
2024-08-20 13:55:00-04:00,1.8799999952316284,1.8799999952316284,1.8700000047683716,1.875,16347,0.0,0.0
2024-08-20 14:00:00-04:00,1.875,1.8849999904632568,1.8700000047683716,1.875,302938,0.0,0.0
2024-08-20 14:05:00-04:00,1.875,1.8799999952316284,1.8700000047683716,1.875,78017,0.0,0.0
2024-08-20 14:10:00-04:00,1.875,1.8799999952316284,1.8700000047683716,1.8700000047683716,56217,0.0,0.0
2024-08-20 14:15:00-04:00,1.8741999864578247,1.8799999952316284,1.8700000047683716,1.8799999952316284,41971,0.0,0.0
2024-08-20 14:20:00-04:00,1.8798999786376953,1.8799999952316284,1.8700000047683716,1.875,19785,0.0,0.0
2024-08-20 14:25:00-04:00,1.8799999952316284,1.8799999952316284,1.8700000047683716,1.875,33181,0.0,0.0
2024-08-20 14:30:00-04:00,1.8798999786376953,1.8799999952316284,1.8700000047683716,1.8799999952316284,42243,0.0,0.0
2024-08-20 14:35:00-04:00,1.8775999546051025,1.8799999952316284,1.8700000047683716,1.875,45547,0.0,0.0
2024-08-20 14:40:00-04:00,1.8798999786376953,1.8799999952316284,1.8700000047683716,1.875,48061,0.0,0.0
2024-08-20 14:45:00-04:00,1.8700000047683716,1.8799999952316284,1.8700000047683716,1.875,33673,0.0,0.0
2024-08-20 14:50:00-04:00,1.8777999877929688,1.8799999952316284,1.8639999628067017,1.8697999715805054,183275,0.0,0.0
2024-08-20 14:55:00-04:00,1.8650000095367432,1.8700000047683716,1.8600000143051147,1.8650000095367432,26368,0.0,0.0
2024-08-20 15:00:00-04:00,1.8650000095367432,1.8700000047683716,1.8621000051498413,1.8650000095367432,154504,0.0,0.0
2024-08-20 15:05:00-04:00,1.8650000095367432,1.8700000047683716,1.8600000143051147,1.8698999881744385,85432,0.0,0.0
2024-08-20 15:10:00-04:00,1.8650000095367432,1.8700000047683716,1.8600000143051147,1.8650000095367432,69470,0.0,0.0
2024-08-20 15:15:00-04:00,1.8650000095367432,1.8700000047683716,1.8600000143051147,1.8650000095367432,179565,0.0,0.0
2024-08-20 15:20:00-04:00,1.8650000095367432,1.8700000047683716,1.8600000143051147,1.867799997329712,32778,0.0,0.0
2024-08-20 15:25:00-04:00,1.8700000047683716,1.8700000047683716,1.8600000143051147,1.8601000308990479,311294,0.0,0.0
2024-08-20 15:30:00-04:00,1.8600000143051147,1.8600000143051147,1.850000023841858,1.8550000190734863,245087,0.0,0.0
2024-08-20 15:35:00-04:00,1.8550000190734863,1.8600000143051147,1.850000023841858,1.8550000190734863,137765,0.0,0.0
2024-08-20 15:40:00-04:00,1.8550000190734863,1.8700000047683716,1.850000023841858,1.8662999868392944,419338,0.0,0.0
2024-08-20 15:45:00-04:00,1.8700000047683716,1.8700000047683716,1.8600000143051147,1.8600000143051147,110503,0.0,0.0
2024-08-20 15:50:00-04:00,1.868499994277954,1.8700000047683716,1.8600000143051147,1.8650000095367432,91837,0.0,0.0
2024-08-20 15:55:00-04:00,1.8698999881744385,1.8700000047683716,1.8600000143051147,1.8700000047683716,253035,0.0,0.0
2024-08-21 09:30:00-04:00,1.8700000047683716,1.8799999952316284,1.850000023841858,1.8650000095367432,557065,0.0,0.0
2024-08-21 09:35:00-04:00,1.860700011253357,1.8799999952316284,1.8600000143051147,1.875,358833,0.0,0.0
2024-08-21 09:40:00-04:00,1.875,1.8799999952316284,1.8600000143051147,1.8605999946594238,266132,0.0,0.0
2024-08-21 09:45:00-04:00,1.8698999881744385,1.8700000047683716,1.8600000143051147,1.8650000095367432,120587,0.0,0.0
2024-08-21 09:50:00-04:00,1.8650000095367432,1.8700000047683716,1.8600000143051147,1.8650000095367432,107878,0.0,0.0
2024-08-21 09:55:00-04:00,1.865399956703186,1.8899999856948853,1.8600000143051147,1.8898999691009521,449894,0.0,0.0
2024-08-21 10:00:00-04:00,1.8849999904632568,1.8899999856948853,1.8700000047683716,1.8700000047683716,164770,0.0,0.0
2024-08-21 10:05:00-04:00,1.875,1.877500057220459,1.8600000143051147,1.875,271725,0.0,0.0
2024-08-21 10:10:00-04:00,1.8712999820709229,1.8799999952316284,1.8700000047683716,1.8700000047683716,38257,0.0,0.0
2024-08-21 10:15:00-04:00,1.875,1.8760000467300415,1.8600000143051147,1.8650000095367432,213383,0.0,0.0
2024-08-21 10:20:00-04:00,1.861899971961975,1.8698999881744385,1.8600000143051147,1.8600000143051147,52729,0.0,0.0
2024-08-21 10:25:00-04:00,1.8650000095367432,1.8700000047683716,1.8600000143051147,1.8698999881744385,57368,0.0,0.0
2024-08-21 10:30:00-04:00,1.8650000095367432,1.8849999904632568,1.8600000143051147,1.8819999694824219,371345,0.0,0.0
2024-08-21 10:35:00-04:00,1.8849999904632568,1.8898999691009521,1.8799999952316284,1.8849999904632568,142213,0.0,0.0
2024-08-21 10:40:00-04:00,1.8849999904632568,1.8899999856948853,1.8799999952316284,1.8849999904632568,28769,0.0,0.0
2024-08-21 10:45:00-04:00,1.8849999904632568,1.8899999856948853,1.8799999952316284,1.8849999904632568,58146,0.0,0.0
2024-08-21 10:50:00-04:00,1.8849999904632568,1.8860000371932983,1.8600000143051147,1.8700000047683716,572395,0.0,0.0
2024-08-21 10:55:00-04:00,1.875,1.8799999952316284,1.8600000143051147,1.8799999952316284,286957,0.0,0.0
2024-08-21 11:00:00-04:00,1.875,1.8799999952316284,1.8700000047683716,1.875,40908,0.0,0.0
2024-08-21 11:05:00-04:00,1.875,1.8898999691009521,1.875,1.8849999904632568,166282,0.0,0.0
2024-08-21 11:10:00-04:00,1.8849999904632568,1.8899999856948853,1.8799999952316284,1.881700038909912,65818,0.0,0.0
2024-08-21 11:15:00-04:00,1.8849999904632568,1.8899999856948853,1.8799999952316284,1.8799999952316284,194296,0.0,0.0
2024-08-21 11:20:00-04:00,1.8799999952316284,1.8898999691009521,1.8799999952316284,1.8830000162124634,91152,0.0,0.0
2024-08-21 11:25:00-04:00,1.8849999904632568,1.8899999856948853,1.8799999952316284,1.8849999904632568,91534,0.0,0.0
2024-08-21 11:30:00-04:00,1.8802000284194946,1.8876999616622925,1.8700000047683716,1.875,146857,0.0,0.0
2024-08-21 11:35:00-04:00,1.8700000047683716,1.8799999952316284,1.8700000047683716,1.875,14390,0.0,0.0
2024-08-21 11:40:00-04:00,1.875,1.8760000467300415,1.8700000047683716,1.875,23610,0.0,0.0
2024-08-21 11:45:00-04:00,1.8767000436782837,1.8798999786376953,1.8700000047683716,1.875,47841,0.0,0.0
2024-08-21 11:50:00-04:00,1.8701000213623047,1.8767999410629272,1.8700000047683716,1.875,48134,0.0,0.0
2024-08-21 11:55:00-04:00,1.875,1.8760000467300415,1.8700000047683716,1.875,26558,0.0,0.0
2024-08-21 12:00:00-04:00,1.875,1.8798999786376953,1.8700000047683716,1.8700000047683716,113496,0.0,0.0
2024-08-21 12:05:00-04:00,1.875,1.8760000467300415,1.8700000047683716,1.875,19247,0.0,0.0
2024-08-21 12:10:00-04:00,1.875,1.8799999952316284,1.870300054550171,1.8765000104904175,12046,0.0,0.0
2024-08-21 12:15:00-04:00,1.875,1.875,1.8700000047683716,1.8700000047683716,10418,0.0,0.0
2024-08-21 12:20:00-04:00,1.875,1.8799999952316284,1.8701000213623047,1.8766000270843506,22445,0.0,0.0
2024-08-21 12:25:00-04:00,1.875,1.8798999786376953,1.8700000047683716,1.875,14458,0.0,0.0
2024-08-21 12:30:00-04:00,1.875,1.8798999786376953,1.8700000047683716,1.8707000017166138,39378,0.0,0.0
2024-08-21 12:35:00-04:00,1.875,1.8799999952316284,1.8700000047683716,1.875,178383,0.0,0.0
2024-08-21 12:40:00-04:00,1.872499942779541,1.8799999952316284,1.8701000213623047,1.875,23402,0.0,0.0
2024-08-21 12:45:00-04:00,1.8753000497817993,1.8799999952316284,1.8700000047683716,1.875,34727,0.0,0.0
2024-08-21 12:50:00-04:00,1.875,1.8899999856948853,1.8700000047683716,1.8849999904632568,404953,0.0,0.0
2024-08-21 12:55:00-04:00,1.8898999691009521,1.8899999856948853,1.8799999952316284,1.8899999856948853,93732,0.0,0.0
2024-08-21 13:00:00-04:00,1.8801000118255615,1.8898999691009521,1.8799999952316284,1.8849999904632568,46183,0.0,0.0
2024-08-21 13:05:00-04:00,1.8849999904632568,1.8899999856948853,1.8799999952316284,1.8849999904632568,28895,0.0,0.0
2024-08-21 13:10:00-04:00,1.8849999904632568,1.8899999856948853,1.8799999952316284,1.8849999904632568,31306,0.0,0.0
2024-08-21 13:15:00-04:00,1.8849999904632568,1.8849999904632568,1.8700000047683716,1.8799999952316284,214643,0.0,0.0
2024-08-21 13:20:00-04:00,1.875,1.8799999952316284,1.8700000047683716,1.875,18739,0.0,0.0
2024-08-21 13:25:00-04:00,1.875,1.8799999952316284,1.8700000047683716,1.8799999952316284,105202,0.0,0.0
2024-08-21 13:30:00-04:00,1.8700000047683716,1.8868999481201172,1.8700000047683716,1.8849999904632568,391602,0.0,0.0
2024-08-21 13:35:00-04:00,1.882099986076355,1.8899999856948853,1.8799999952316284,1.881600022315979,40317,0.0,0.0
2024-08-21 13:40:00-04:00,1.8849999904632568,1.8899999856948853,1.8799999952316284,1.8849999904632568,68756,0.0,0.0
2024-08-21 13:45:00-04:00,1.8849999904632568,1.8899999856948853,1.8799999952316284,1.8849999904632568,111414,0.0,0.0
2024-08-21 13:50:00-04:00,1.8899999856948853,1.8899999856948853,1.8799999952316284,1.8849999904632568,69929,0.0,0.0
2024-08-21 13:55:00-04:00,1.8802000284194946,1.8899999856948853,1.8799999952316284,1.8849999904632568,56986,0.0,0.0
2024-08-21 14:00:00-04:00,1.8799999952316284,1.8860000371932983,1.8799999952316284,1.8849999904632568,82393,0.0,0.0
2024-08-21 14:05:00-04:00,1.8799999952316284,1.8899999856948853,1.8799999952316284,1.8801000118255615,6896,0.0,0.0
2024-08-21 14:10:00-04:00,1.8799999952316284,1.8899999856948853,1.8799999952316284,1.8882999420166016,139490,0.0,0.0
2024-08-21 14:15:00-04:00,1.8899999856948853,1.899999976158142,1.8880000114440918,1.8949999809265137,225677,0.0,0.0
2024-08-21 14:20:00-04:00,1.8899999856948853,1.899999976158142,1.8899999856948853,1.899999976158142,80341,0.0,0.0
2024-08-21 14:25:00-04:00,1.891800045967102,1.899899959564209,1.8899999856948853,1.8949999809265137,17069,0.0,0.0
2024-08-21 14:30:00-04:00,1.8955999612808228,1.899999976158142,1.8899999856948853,1.8918999433517456,114673,0.0,0.0
2024-08-21 14:35:00-04:00,1.8949999809265137,1.8968000411987305,1.8801000118255615,1.8849999904632568,207656,0.0,0.0
2024-08-21 14:40:00-04:00,1.8849999904632568,1.8899999856948853,1.8799999952316284,1.8868999481201172,44285,0.0,0.0
2024-08-21 14:45:00-04:00,1.8849999904632568,1.8860000371932983,1.8799999952316284,1.8849999904632568,21202,0.0,0.0
2024-08-21 14:50:00-04:00,1.8802000284194946,1.8899999856948853,1.8799999952316284,1.8849999904632568,18996,0.0,0.0
2024-08-21 14:55:00-04:00,1.8849999904632568,1.8899999856948853,1.8799999952316284,1.8849999904632568,147293,0.0,0.0
2024-08-21 15:00:00-04:00,1.8839000463485718,1.8869999647140503,1.8799999952316284,1.8849999904632568,9878,0.0,0.0
2024-08-21 15:05:00-04:00,1.8799999952316284,1.8799999952316284,1.8700000047683716,1.878000020980835,412305,0.0,0.0
2024-08-21 15:10:00-04:00,1.875,1.8799999952316284,1.8700000047683716,1.875,180161,0.0,0.0
2024-08-21 15:15:00-04:00,1.8799999952316284,1.8899999856948853,1.8739999532699585,1.8849999904632568,235992,0.0,0.0
2024-08-21 15:20:00-04:00,1.8839999437332153,1.8899999856948853,1.8799999952316284,1.8899999856948853,177164,0.0,0.0
2024-08-21 15:25:00-04:00,1.8849999904632568,1.8899999856948853,1.8811999559402466,1.8898999691009521,54306,0.0,0.0
2024-08-21 15:30:00-04:00,1.8849999904632568,1.8899999856948853,1.8845000267028809,1.889799952507019,94767,0.0,0.0
2024-08-21 15:35:00-04:00,1.8849999904632568,1.8899999856948853,1.8801000118255615,1.8849999904632568,58580,0.0,0.0
2024-08-21 15:40:00-04:00,1.8849999904632568,1.8899999856948853,1.8799999952316284,1.8830000162124634,166782,0.0,0.0
2024-08-21 15:45:00-04:00,1.8899999856948853,1.8899999856948853,1.8799999952316284,1.8849999904632568,60877,0.0,0.0
2024-08-21 15:50:00-04:00,1.8898999691009521,1.8899999856948853,1.8801000118255615,1.8849999904632568,82501,0.0,0.0
2024-08-21 15:55:00-04:00,1.8849999904632568,1.8899999856948853,1.8799999952316284,1.8849999904632568,344524,0.0,0.0
2024-08-22 09:30:00-04:00,1.8799999952316284,1.899999976158142,1.8799999952316284,1.8899999856948853,355785,0.0,0.0
2024-08-22 09:35:00-04:00,1.8949999809265137,1.909999966621399,1.8899999856948853,1.9049999713897705,335817,0.0,0.0
2024-08-22 09:40:00-04:00,1.9049999713897705,1.909999966621399,1.899999976158142,1.899999976158142,92775,0.0,0.0
2024-08-22 09:45:00-04:00,1.899999976158142,1.909999966621399,1.8949999809265137,1.9049999713897705,539748,0.0,0.0
2024-08-22 09:50:00-04:00,1.908400058746338,1.909999966621399,1.899999976158142,1.9049999713897705,64246,0.0,0.0
2024-08-22 09:55:00-04:00,1.9049999713897705,1.909999966621399,1.899999976158142,1.909999966621399,155937,0.0,0.0
2024-08-22 10:00:00-04:00,1.909999966621399,1.909999966621399,1.899999976158142,1.9049999713897705,112700,0.0,0.0
2024-08-22 10:05:00-04:00,1.9002000093460083,1.909999966621399,1.8899999856948853,1.8949999809265137,203574,0.0,0.0
2024-08-22 10:10:00-04:00,1.899999976158142,1.899999976158142,1.8899999856948853,1.8949999809265137,126071,0.0,0.0
2024-08-22 10:15:00-04:00,1.8949999809265137,1.899999976158142,1.8899999856948853,1.8949999809265137,64409,0.0,0.0
2024-08-22 10:20:00-04:00,1.8933000564575195,1.899999976158142,1.8899999856948853,1.8949999809265137,55976,0.0,0.0
2024-08-22 10:25:00-04:00,1.8949999809265137,1.909999966621399,1.8899999856948853,1.9049999713897705,207838,0.0,0.0
2024-08-22 10:30:00-04:00,1.9049999713897705,1.909999966621399,1.899999976158142,1.9049999713897705,154908,0.0,0.0
2024-08-22 10:35:00-04:00,1.9049999713897705,1.909999966621399,1.899999976158142,1.9049999713897705,38503,0.0,0.0
2024-08-22 10:40:00-04:00,1.909999966621399,1.909999966621399,1.899999976158142,1.9049999713897705,41650,0.0,0.0
2024-08-22 10:45:00-04:00,1.9049999713897705,1.909999966621399,1.899999976158142,1.902500033378601,143534,0.0,0.0
2024-08-22 10:50:00-04:00,1.909999966621399,1.909999966621399,1.8899999856948853,1.8949999809265137,272163,0.0,0.0
2024-08-22 10:55:00-04:00,1.8949999809265137,1.909999966621399,1.8899999856948853,1.9010000228881836,340728,0.0,0.0
2024-08-22 11:00:00-04:00,1.9010000228881836,1.909999966621399,1.9000999927520752,1.9049999713897705,45285,0.0,0.0
2024-08-22 11:05:00-04:00,1.9049999713897705,1.909999966621399,1.8947999477386475,1.8967000246047974,157190,0.0,0.0
2024-08-22 11:10:00-04:00,1.8949999809265137,1.899999976158142,1.8799999952316284,1.8801000118255615,299825,0.0,0.0
2024-08-22 11:15:00-04:00,1.8849999904632568,1.8899999856948853,1.8799999952316284,1.8799999952316284,25592,0.0,0.0
2024-08-22 11:20:00-04:00,1.8819999694824219,1.8899999856948853,1.8799999952316284,1.8899999856948853,27916,0.0,0.0
2024-08-22 11:25:00-04:00,1.8799999952316284,1.8899999856948853,1.8799999952316284,1.8899999856948853,33269,0.0,0.0
2024-08-22 11:30:00-04:00,1.8849999904632568,1.8873000144958496,1.8799999952316284,1.8801000118255615,30177,0.0,0.0
2024-08-22 11:35:00-04:00,1.8799999952316284,1.8799999952316284,1.8700000047683716,1.8701000213623047,375655,0.0,0.0
2024-08-22 11:40:00-04:00,1.873900055885315,1.875,1.8600000143051147,1.8700000047683716,504603,0.0,0.0
2024-08-22 11:45:00-04:00,1.8601000308990479,1.8700000047683716,1.850000023841858,1.8700000047683716,844591,0.0,0.0
2024-08-22 11:50:00-04:00,1.8700000047683716,1.8700000047683716,1.850000023841858,1.850000023841858,448320,0.0,0.0
2024-08-22 11:55:00-04:00,1.8550000190734863,1.8600000143051147,1.850000023841858,1.8600000143051147,227877,0.0,0.0
2024-08-22 12:00:00-04:00,1.8550000190734863,1.8700000047683716,1.850000023841858,1.8641999959945679,255949,0.0,0.0
2024-08-22 12:05:00-04:00,1.8650000095367432,1.8700000047683716,1.8600000143051147,1.8615000247955322,29683,0.0,0.0
2024-08-22 12:10:00-04:00,1.8650000095367432,1.8700000047683716,1.8550000190734863,1.8550000190734863,118894,0.0,0.0
2024-08-22 12:15:00-04:00,1.8600000143051147,1.8700000047683716,1.850000023841858,1.863800048828125,279000,0.0,0.0
2024-08-22 12:20:00-04:00,1.8632999658584595,1.8700000047683716,1.8600000143051147,1.8662999868392944,130557,0.0,0.0
2024-08-22 12:25:00-04:00,1.8700000047683716,1.8799999952316284,1.8600000143051147,1.875,278468,0.0,0.0
2024-08-22 12:30:00-04:00,1.8701000213623047,1.8799999952316284,1.8700000047683716,1.875,138497,0.0,0.0
2024-08-22 12:35:00-04:00,1.875,1.8799999952316284,1.8700000047683716,1.8700000047683716,44293,0.0,0.0
2024-08-22 12:40:00-04:00,1.875,1.8799999952316284,1.8700000047683716,1.875,25826,0.0,0.0
2024-08-22 12:45:00-04:00,1.875,1.8799999952316284,1.8700000047683716,1.8700000047683716,31467,0.0,0.0
2024-08-22 12:50:00-04:00,1.8700000047683716,1.875,1.8600000143051147,1.8650000095367432,112423,0.0,0.0
2024-08-22 12:55:00-04:00,1.8650000095367432,1.8700000047683716,1.8600000143051147,1.8650000095367432,38784,0.0,0.0
2024-08-22 13:00:00-04:00,1.8700000047683716,1.8700000047683716,1.850000023841858,1.8550000190734863,345729,0.0,0.0
2024-08-22 13:05:00-04:00,1.8550000190734863,1.8600000143051147,1.850000023841858,1.8529000282287598,67760,0.0,0.0
2024-08-22 13:10:00-04:00,1.8550000190734863,1.8700000047683716,1.850000023841858,1.8650000095367432,245109,0.0,0.0
2024-08-22 13:15:00-04:00,1.8650000095367432,1.8700000047683716,1.8600000143051147,1.8650000095367432,21239,0.0,0.0
2024-08-22 13:20:00-04:00,1.8650000095367432,1.8696999549865723,1.8650000095367432,1.8650000095367432,18397,0.0,0.0
2024-08-22 13:25:00-04:00,1.8650000095367432,1.8700000047683716,1.8600000143051147,1.8650000095367432,14212,0.0,0.0
2024-08-22 13:30:00-04:00,1.8600000143051147,1.8650000095367432,1.850000023841858,1.8579000234603882,210724,0.0,0.0
2024-08-22 13:35:00-04:00,1.8597999811172485,1.8700000047683716,1.850000023841858,1.8650000095367432,579380,0.0,0.0
2024-08-22 13:40:00-04:00,1.8650000095367432,1.8700000047683716,1.8600000143051147,1.8650000095367432,42284,0.0,0.0
2024-08-22 13:45:00-04:00,1.861299991607666,1.8700000047683716,1.8600000143051147,1.8650000095367432,53918,0.0,0.0
2024-08-22 13:50:00-04:00,1.8650000095367432,1.8700000047683716,1.8600000143051147,1.8650000095367432,113590,0.0,0.0
2024-08-22 13:55:00-04:00,1.8650000095367432,1.8700000047683716,1.8600000143051147,1.8700000047683716,45672,0.0,0.0
2024-08-22 14:00:00-04:00,1.8650000095367432,1.8700000047683716,1.8600000143051147,1.8600000143051147,68415,0.0,0.0
2024-08-22 14:05:00-04:00,1.8650000095367432,1.8700000047683716,1.8600000143051147,1.8650000095367432,149760,0.0,0.0
2024-08-22 14:10:00-04:00,1.8650000095367432,1.8700000047683716,1.8600000143051147,1.8650000095367432,89363,0.0,0.0
2024-08-22 14:15:00-04:00,1.8600000143051147,1.8700000047683716,1.8600000143051147,1.8698999881744385,40217,0.0,0.0
2024-08-22 14:20:00-04:00,1.8650000095367432,1.8700000047683716,1.8600000143051147,1.8650000095367432,168349,0.0,0.0
2024-08-22 14:25:00-04:00,1.8650000095367432,1.8700000047683716,1.8600000143051147,1.8600000143051147,75173,0.0,0.0
2024-08-22 14:30:00-04:00,1.8700000047683716,1.8700000047683716,1.8600000143051147,1.8700000047683716,24203,0.0,0.0
2024-08-22 14:35:00-04:00,1.8700000047683716,1.8700000047683716,1.8622000217437744,1.8700000047683716,17843,0.0,0.0
2024-08-22 14:40:00-04:00,1.8700000047683716,1.8799999952316284,1.8650000095367432,1.875,186374,0.0,0.0
2024-08-22 14:45:00-04:00,1.8799999952316284,1.8799999952316284,1.8707000017166138,1.875,25142,0.0,0.0
2024-08-22 14:50:00-04:00,1.8799999952316284,1.8799999952316284,1.8700000047683716,1.875,124073,0.0,0.0
2024-08-22 14:55:00-04:00,1.8799999952316284,1.8799999952316284,1.8700000047683716,1.875,94713,0.0,0.0
2024-08-22 15:00:00-04:00,1.871500015258789,1.8799999952316284,1.8700000047683716,1.875,72532,0.0,0.0
2024-08-22 15:05:00-04:00,1.8707000017166138,1.877500057220459,1.8701000213623047,1.875,30994,0.0,0.0
2024-08-22 15:10:00-04:00,1.875,1.8799999952316284,1.8700000047683716,1.875,83366,0.0,0.0
2024-08-22 15:15:00-04:00,1.875,1.8799999952316284,1.8700000047683716,1.875,30112,0.0,0.0
2024-08-22 15:20:00-04:00,1.875,1.8799999952316284,1.8700000047683716,1.875,43205,0.0,0.0
2024-08-22 15:25:00-04:00,1.875,1.8799999952316284,1.8700000047683716,1.875,48954,0.0,0.0
2024-08-22 15:30:00-04:00,1.875,1.8799999952316284,1.8700000047683716,1.875,124911,0.0,0.0
2024-08-22 15:35:00-04:00,1.875,1.8799999952316284,1.8700000047683716,1.8799999952316284,32602,0.0,0.0
2024-08-22 15:40:00-04:00,1.875,1.8799999952316284,1.8700000047683716,1.875,72672,0.0,0.0
2024-08-22 15:45:00-04:00,1.8700000047683716,1.8799999952316284,1.8700000047683716,1.875,420983,0.0,0.0
2024-08-22 15:50:00-04:00,1.875,1.8799999952316284,1.8700000047683716,1.8775999546051025,65880,0.0,0.0
2024-08-22 15:55:00-04:00,1.875,1.8799999952316284,1.8700000047683716,1.875,447467,0.0,0.0
2024-08-23 09:30:00-04:00,1.8700000047683716,1.8899999856948853,1.8700000047683716,1.8849999904632568,358989,0.0,0.0
2024-08-23 09:35:00-04:00,1.8849999904632568,1.8899999856948853,1.8799999952316284,1.8849999904632568,209912,0.0,0.0
2024-08-23 09:40:00-04:00,1.8897000551223755,1.8898999691009521,1.8799999952316284,1.8849999904632568,61112,0.0,0.0
2024-08-23 09:45:00-04:00,1.8899999856948853,1.8899999856948853,1.875,1.8849999904632568,165009,0.0,0.0
2024-08-23 09:50:00-04:00,1.8801000118255615,1.8899999856948853,1.8700000047683716,1.8899999856948853,191633,0.0,0.0
2024-08-23 09:55:00-04:00,1.8849999904632568,1.8899999856948853,1.8799999952316284,1.8849999904632568,52259,0.0,0.0
2024-08-23 10:00:00-04:00,1.8849999904632568,1.9199999570846558,1.8799999952316284,1.9198999404907227,903349,0.0,0.0
2024-08-23 10:05:00-04:00,1.9149999618530273,1.9299999475479126,1.909999966621399,1.9149999618530273,689694,0.0,0.0
2024-08-23 10:10:00-04:00,1.9149999618530273,1.9199999570846558,1.909999966621399,1.9112000465393066,304331,0.0,0.0
2024-08-23 10:15:00-04:00,1.9199999570846558,1.9199999570846558,1.8899999856948853,1.8997000455856323,290431,0.0,0.0
2024-08-23 10:20:00-04:00,1.8997000455856323,1.909999966621399,1.8899999856948853,1.9049999713897705,230220,0.0,0.0
2024-08-23 10:25:00-04:00,1.909999966621399,1.909999966621399,1.899999976158142,1.9049999713897705,282486,0.0,0.0
2024-08-23 10:30:00-04:00,1.9049999713897705,1.9199999570846558,1.899999976158142,1.9149999618530273,235942,0.0,0.0
2024-08-23 10:35:00-04:00,1.910099983215332,1.9199999570846558,1.9049999713897705,1.9149999618530273,522506,0.0,0.0
2024-08-23 10:40:00-04:00,1.9147000312805176,1.9199999570846558,1.909999966621399,1.9101999998092651,81086,0.0,0.0
2024-08-23 10:45:00-04:00,1.916200041770935,1.9249999523162842,1.899999976158142,1.899999976158142,882424,0.0,0.0
2024-08-23 10:50:00-04:00,1.899999976158142,1.909999966621399,1.899999976158142,1.9049999713897705,125692,0.0,0.0
2024-08-23 10:55:00-04:00,1.9000999927520752,1.909999966621399,1.899999976158142,1.909999966621399,154184,0.0,0.0
2024-08-23 11:00:00-04:00,1.9049999713897705,1.9199999570846558,1.899999976158142,1.9149999618530273,220479,0.0,0.0
2024-08-23 11:05:00-04:00,1.9149999618530273,1.9299999475479126,1.909999966621399,1.920199990272522,382996,0.0,0.0
2024-08-23 11:10:00-04:00,1.9249999523162842,1.9299999475479126,1.909999966621399,1.9249999523162842,413644,0.0,0.0
2024-08-23 11:15:00-04:00,1.923799991607666,1.9299999475479126,1.9199999570846558,1.920199990272522,74374,0.0,0.0
2024-08-23 11:20:00-04:00,1.9214999675750732,1.9299999475479126,1.9199999570846558,1.9292999505996704,59402,0.0,0.0
2024-08-23 11:25:00-04:00,1.929900050163269,1.9299999475479126,1.9199999570846558,1.9249999523162842,176500,0.0,0.0
2024-08-23 11:30:00-04:00,1.9249999523162842,1.9299999475479126,1.9199999570846558,1.9249999523162842,38533,0.0,0.0
2024-08-23 11:35:00-04:00,1.9249999523162842,1.9282000064849854,1.9199999570846558,1.9249999523162842,25442,0.0,0.0
2024-08-23 11:40:00-04:00,1.9249999523162842,1.9299999475479126,1.909999966621399,1.9149999618530273,233630,0.0,0.0
2024-08-23 11:45:00-04:00,1.9149999618530273,1.9199999570846558,1.909999966621399,1.9143999814987183,146608,0.0,0.0
2024-08-23 11:50:00-04:00,1.9149999618530273,1.9198999404907227,1.909999966621399,1.9149999618530273,112812,0.0,0.0
2024-08-23 11:55:00-04:00,1.917199969291687,1.9199999570846558,1.909999966621399,1.909999966621399,23446,0.0,0.0
2024-08-23 12:00:00-04:00,1.910099983215332,1.9149999618530273,1.899999976158142,1.9049999713897705,371889,0.0,0.0
2024-08-23 12:05:00-04:00,1.9049999713897705,1.909999966621399,1.899999976158142,1.9049999713897705,62478,0.0,0.0
2024-08-23 12:10:00-04:00,1.9049999713897705,1.9149999618530273,1.899999976158142,1.9049999713897705,448757,0.0,0.0
2024-08-23 12:15:00-04:00,1.9098000526428223,1.9199999570846558,1.899999976158142,1.9149999618530273,297324,0.0,0.0
2024-08-23 12:20:00-04:00,1.9149999618530273,1.9299999475479126,1.909999966621399,1.9249999523162842,178437,0.0,0.0
2024-08-23 12:25:00-04:00,1.9299999475479126,1.9299999475479126,1.9199999570846558,1.9249999523162842,223066,0.0,0.0
2024-08-23 12:30:00-04:00,1.9249999523162842,1.9299999475479126,1.9199999570846558,1.9299999475479126,45980,0.0,0.0
2024-08-23 12:35:00-04:00,1.9249999523162842,1.9299999475479126,1.9199999570846558,1.9299999475479126,442069,0.0,0.0
2024-08-23 12:40:00-04:00,1.9249999523162842,1.9299999475479126,1.9199999570846558,1.9200999736785889,160993,0.0,0.0
2024-08-23 12:45:00-04:00,1.9249999523162842,1.9249999523162842,1.909999966621399,1.9149999618530273,304429,0.0,0.0
2024-08-23 12:50:00-04:00,1.9149999618530273,1.9199999570846558,1.909999966621399,1.9199999570846558,216799,0.0,0.0
2024-08-23 12:55:00-04:00,1.9149999618530273,1.9299999475479126,1.9149999618530273,1.9199999570846558,250012,0.0,0.0
2024-08-23 13:00:00-04:00,1.9249999523162842,1.9299999475479126,1.9199999570846558,1.9200999736785889,111764,0.0,0.0
2024-08-23 13:05:00-04:00,1.9199999570846558,1.940000057220459,1.9199999570846558,1.9299999475479126,606247,0.0,0.0
2024-08-23 13:10:00-04:00,1.940000057220459,1.940000057220459,1.9299999475479126,1.9299999475479126,250361,0.0,0.0
2024-08-23 13:15:00-04:00,1.934999942779541,1.940000057220459,1.9299999475479126,1.934999942779541,27004,0.0,0.0
2024-08-23 13:20:00-04:00,1.934999942779541,1.940000057220459,1.9299999475479126,1.934999942779541,41699,0.0,0.0
2024-08-23 13:25:00-04:00,1.934999942779541,1.940000057220459,1.9299999475479126,1.9299999475479126,97311,0.0,0.0
2024-08-23 13:30:00-04:00,1.934999942779541,1.940000057220459,1.9299999475479126,1.934999942779541,20467,0.0,0.0
2024-08-23 13:35:00-04:00,1.9299999475479126,1.940000057220459,1.9299999475479126,1.940000057220459,35890,0.0,0.0
2024-08-23 13:40:00-04:00,1.9306999444961548,1.940000057220459,1.9299999475479126,1.940000057220459,112451,0.0,0.0
2024-08-23 13:45:00-04:00,1.934999942779541,1.940000057220459,1.9299999475479126,1.940000057220459,90311,0.0,0.0
2024-08-23 13:50:00-04:00,1.940000057220459,1.940000057220459,1.9299999475479126,1.940000057220459,175965,0.0,0.0
2024-08-23 13:55:00-04:00,1.932800054550171,1.9500000476837158,1.932800054550171,1.9450000524520874,520313,0.0,0.0
2024-08-23 14:00:00-04:00,1.9450000524520874,1.9500000476837158,1.940000057220459,1.9450000524520874,34395,0.0,0.0
2024-08-23 14:05:00-04:00,1.940000057220459,1.9500000476837158,1.940000057220459,1.9467999935150146,60613,0.0,0.0
2024-08-23 14:10:00-04:00,1.940000057220459,1.9500000476837158,1.934999942779541,1.934999942779541,187219,0.0,0.0
2024-08-23 14:15:00-04:00,1.934999942779541,1.9500000476837158,1.9299999475479126,1.9402999877929688,186485,0.0,0.0
2024-08-23 14:20:00-04:00,1.9404000043869019,1.9500000476837158,1.940000057220459,1.9450000524520874,324287,0.0,0.0
2024-08-23 14:25:00-04:00,1.9416999816894531,1.9500000476837158,1.940000057220459,1.9401999711990356,131220,0.0,0.0
2024-08-23 14:30:00-04:00,1.940000057220459,1.9464000463485718,1.9299999475479126,1.934999942779541,273901,0.0,0.0
2024-08-23 14:35:00-04:00,1.934999942779541,1.940000057220459,1.9299999475479126,1.9300999641418457,58370,0.0,0.0
2024-08-23 14:40:00-04:00,1.934999942779541,1.940000057220459,1.9329999685287476,1.934999942779541,37541,0.0,0.0
2024-08-23 14:45:00-04:00,1.934999942779541,1.940000057220459,1.9299999475479126,1.934999942779541,22809,0.0,0.0
2024-08-23 14:50:00-04:00,1.934999942779541,1.940000057220459,1.9300999641418457,1.940000057220459,107492,0.0,0.0
2024-08-23 14:55:00-04:00,1.934999942779541,1.940000057220459,1.9299999475479126,1.9328999519348145,55962,0.0,0.0
2024-08-23 15:00:00-04:00,1.934999942779541,1.940000057220459,1.9299999475479126,1.940000057220459,127395,0.0,0.0
2024-08-23 15:05:00-04:00,1.940000057220459,1.940000057220459,1.9299999475479126,1.940000057220459,27041,0.0,0.0
2024-08-23 15:10:00-04:00,1.934999942779541,1.940000057220459,1.9299999475479126,1.940000057220459,387018,0.0,0.0
2024-08-23 15:15:00-04:00,1.9399000406265259,1.940000057220459,1.9299999475479126,1.940000057220459,81548,0.0,0.0
2024-08-23 15:20:00-04:00,1.940000057220459,1.940000057220459,1.9299999475479126,1.9399000406265259,58500,0.0,0.0
2024-08-23 15:25:00-04:00,1.934999942779541,1.940000057220459,1.9299999475479126,1.940000057220459,215939,0.0,0.0
2024-08-23 15:30:00-04:00,1.934999942779541,1.940000057220459,1.9299999475479126,1.934000015258789,282951,0.0,0.0
2024-08-23 15:35:00-04:00,1.9375,1.9375,1.9199999570846558,1.9297000169754028,344315,0.0,0.0
2024-08-23 15:40:00-04:00,1.9249999523162842,1.9299999475479126,1.9199999570846558,1.9249999523162842,68925,0.0,0.0
2024-08-23 15:45:00-04:00,1.9249999523162842,1.9299999475479126,1.9199999570846558,1.9249999523162842,52181,0.0,0.0
2024-08-23 15:50:00-04:00,1.9249999523162842,1.9299999475479126,1.9199999570846558,1.9249999523162842,127956,0.0,0.0
2024-08-23 15:55:00-04:00,1.9249999523162842,1.9299999475479126,1.9199999570846558,1.9249999523162842,251131,0.0,0.0
2024-08-26 09:30:00-04:00,1.9299999475479126,1.940000057220459,1.9199999570846558,1.9249999523162842,496918,0.0,0.0
2024-08-26 09:35:00-04:00,1.9249999523162842,1.940000057220459,1.9199999570846558,1.930799961090088,222141,0.0,0.0
2024-08-26 09:40:00-04:00,1.9325000047683716,1.9399000406265259,1.9299999475479126,1.9306000471115112,83700,0.0,0.0
2024-08-26 09:45:00-04:00,1.9301999807357788,1.940000057220459,1.9199999570846558,1.934999942779541,326601,0.0,0.0
2024-08-26 09:50:00-04:00,1.934999942779541,1.940000057220459,1.9299999475479126,1.9299999475479126,197161,0.0,0.0
2024-08-26 09:55:00-04:00,1.9359999895095825,1.937999963760376,1.9299999475479126,1.9299999475479126,45259,0.0,0.0
2024-08-26 10:00:00-04:00,1.930299997329712,1.940000057220459,1.9299999475479126,1.9299999475479126,209206,0.0,0.0
2024-08-26 10:05:00-04:00,1.934999942779541,1.940000057220459,1.9199999570846558,1.9318000078201294,380302,0.0,0.0
2024-08-26 10:10:00-04:00,1.940000057220459,1.940000057220459,1.9199999570846558,1.9249999523162842,383834,0.0,0.0
2024-08-26 10:15:00-04:00,1.9210000038146973,1.9299999475479126,1.899999976158142,1.899999976158142,1090099,0.0,0.0
2024-08-26 10:20:00-04:00,1.899999976158142,1.909999966621399,1.899999976158142,1.909999966621399,162946,0.0,0.0
2024-08-26 10:25:00-04:00,1.9049999713897705,1.909999966621399,1.899999976158142,1.909999966621399,183107,0.0,0.0
2024-08-26 10:30:00-04:00,1.9056999683380127,1.9199999570846558,1.899999976158142,1.9049999713897705,612896,0.0,0.0
2024-08-26 10:35:00-04:00,1.9005000591278076,1.909999966621399,1.899999976158142,1.909999966621399,356759,0.0,0.0
2024-08-26 10:40:00-04:00,1.906000018119812,1.909999966621399,1.899999976158142,1.899999976158142,217355,0.0,0.0
2024-08-26 10:45:00-04:00,1.9000999927520752,1.909999966621399,1.899999976158142,1.9078999757766724,49611,0.0,0.0
2024-08-26 10:50:00-04:00,1.899999976158142,1.909999966621399,1.899999976158142,1.902500033378601,36298,0.0,0.0
2024-08-26 10:55:00-04:00,1.9049999713897705,1.909999966621399,1.899999976158142,1.9068000316619873,460635,0.0,0.0
2024-08-26 11:00:00-04:00,1.899999976158142,1.909999966621399,1.8899999856948853,1.899999976158142,270090,0.0,0.0
2024-08-26 11:05:00-04:00,1.8949999809265137,1.899999976158142,1.8899999856948853,1.8899999856948853,20238,0.0,0.0
2024-08-26 11:10:00-04:00,1.8949999809265137,1.899999976158142,1.8899999856948853,1.8997000455856323,78214,0.0,0.0
2024-08-26 11:15:00-04:00,1.8949999809265137,1.899999976158142,1.8899999856948853,1.892199993133545,17235,0.0,0.0
2024-08-26 11:20:00-04:00,1.892199993133545,1.899999976158142,1.8899999856948853,1.899899959564209,59739,0.0,0.0
2024-08-26 11:25:00-04:00,1.896299958229065,1.899999976158142,1.8899999856948853,1.8899999856948853,62917,0.0,0.0
2024-08-26 11:30:00-04:00,1.893399953842163,1.899999976158142,1.8899999856948853,1.8973000049591064,34300,0.0,0.0
2024-08-26 11:35:00-04:00,1.8899999856948853,1.899999976158142,1.8899999856948853,1.8949999809265137,54834,0.0,0.0
2024-08-26 11:40:00-04:00,1.8899999856948853,1.899999976158142,1.8899999856948853,1.8899999856948853,46580,0.0,0.0
2024-08-26 11:45:00-04:00,1.899999976158142,1.899999976158142,1.8700000047683716,1.8860000371932983,1121229,0.0,0.0
2024-08-26 11:50:00-04:00,1.8849999904632568,1.8899999856948853,1.8799999952316284,1.8849999904632568,84637,0.0,0.0
2024-08-26 11:55:00-04:00,1.8849999904632568,1.8899999856948853,1.8799999952316284,1.8799999952316284,115651,0.0,0.0
2024-08-26 12:00:00-04:00,1.8799999952316284,1.8899999856948853,1.8799999952316284,1.8869999647140503,19324,0.0,0.0
2024-08-26 12:05:00-04:00,1.8899999856948853,1.8899999856948853,1.8799999952316284,1.8871999979019165,45680,0.0,0.0
2024-08-26 12:10:00-04:00,1.8799999952316284,1.8899999856948853,1.8799999952316284,1.8871999979019165,22765,0.0,0.0
2024-08-26 12:15:00-04:00,1.8799999952316284,1.8899999856948853,1.8799999952316284,1.8897000551223755,158265,0.0,0.0
2024-08-26 12:20:00-04:00,1.8849999904632568,1.8899999856948853,1.8799999952316284,1.8890999555587769,140440,0.0,0.0
2024-08-26 12:25:00-04:00,1.8899999856948853,1.8899999856948853,1.8799999952316284,1.8849999904632568,59656,0.0,0.0
2024-08-26 12:30:00-04:00,1.8849999904632568,1.8899999856948853,1.8799999952316284,1.8899999856948853,39198,0.0,0.0
2024-08-26 12:35:00-04:00,1.886299967765808,1.8899999856948853,1.8799999952316284,1.8897000551223755,18000,0.0,0.0
2024-08-26 12:40:00-04:00,1.8799999952316284,1.8899999856948853,1.8799999952316284,1.8899999856948853,180869,0.0,0.0
2024-08-26 12:45:00-04:00,1.8899999856948853,1.8899999856948853,1.8700000047683716,1.8726999759674072,518121,0.0,0.0
2024-08-26 12:50:00-04:00,1.879699945449829,1.8799999952316284,1.8700000047683716,1.8765000104904175,49287,0.0,0.0
2024-08-26 12:55:00-04:00,1.8767000436782837,1.8799999952316284,1.8700000047683716,1.8700000047683716,275078,0.0,0.0
2024-08-26 13:00:00-04:00,1.8770999908447266,1.8799999952316284,1.8700000047683716,1.875,254844,0.0,0.0
2024-08-26 13:05:00-04:00,1.875,1.8799999952316284,1.8700000047683716,1.8798999786376953,35938,0.0,0.0
2024-08-26 13:10:00-04:00,1.875,1.8799999952316284,1.8600000143051147,1.8700000047683716,789961,0.0,0.0
2024-08-26 13:15:00-04:00,1.8650000095367432,1.8700000047683716,1.8600000143051147,1.8661999702453613,398793,0.0,0.0
2024-08-26 13:20:00-04:00,1.8700000047683716,1.8700000047683716,1.8600000143051147,1.8700000047683716,131496,0.0,0.0
2024-08-26 13:25:00-04:00,1.8650000095367432,1.8700000047683716,1.8600000143051147,1.8650000095367432,145490,0.0,0.0
2024-08-26 13:30:00-04:00,1.8630000352859497,1.8700000047683716,1.8600000143051147,1.8650000095367432,161914,0.0,0.0
2024-08-26 13:35:00-04:00,1.8650000095367432,1.8700000047683716,1.8600000143051147,1.8698999881744385,48116,0.0,0.0
2024-08-26 13:40:00-04:00,1.8650000095367432,1.8700000047683716,1.8600000143051147,1.867400050163269,41166,0.0,0.0
2024-08-26 13:45:00-04:00,1.8650000095367432,1.8700000047683716,1.850000023841858,1.8646999597549438,853492,0.0,0.0
2024-08-26 13:50:00-04:00,1.8601000308990479,1.8700000047683716,1.8600000143051147,1.8600000143051147,105693,0.0,0.0
2024-08-26 13:55:00-04:00,1.8615000247955322,1.8700000047683716,1.8600000143051147,1.8650000095367432,64212,0.0,0.0
2024-08-26 14:00:00-04:00,1.8650000095367432,1.8700000047683716,1.8600000143051147,1.8650000095367432,128450,0.0,0.0
2024-08-26 14:05:00-04:00,1.8650000095367432,1.8700000047683716,1.8600000143051147,1.8698999881744385,358206,0.0,0.0
2024-08-26 14:10:00-04:00,1.8600000143051147,1.8700000047683716,1.8600000143051147,1.8650000095367432,102733,0.0,0.0
2024-08-26 14:15:00-04:00,1.8600000143051147,1.8700000047683716,1.8600000143051147,1.8600000143051147,128762,0.0,0.0
2024-08-26 14:20:00-04:00,1.860700011253357,1.8700000047683716,1.8600000143051147,1.8650000095367432,144435,0.0,0.0
2024-08-26 14:25:00-04:00,1.8650000095367432,1.8700000047683716,1.8600000143051147,1.8698999881744385,130554,0.0,0.0
2024-08-26 14:30:00-04:00,1.8621000051498413,1.8700000047683716,1.8600000143051147,1.8639999628067017,128026,0.0,0.0
2024-08-26 14:35:00-04:00,1.8650000095367432,1.8799999952316284,1.8600000143051147,1.8741999864578247,487639,0.0,0.0
2024-08-26 14:40:00-04:00,1.875,1.875,1.8600000143051147,1.8600000143051147,149138,0.0,0.0
2024-08-26 14:45:00-04:00,1.8600000143051147,1.8700000047683716,1.8600000143051147,1.8600000143051147,44605,0.0,0.0
2024-08-26 14:50:00-04:00,1.8600000143051147,1.8700000047683716,1.8600000143051147,1.8700000047683716,100138,0.0,0.0
2024-08-26 14:55:00-04:00,1.863700032234192,1.8700000047683716,1.8600000143051147,1.8650000095367432,59985,0.0,0.0
2024-08-26 15:00:00-04:00,1.8650000095367432,1.8700000047683716,1.8600000143051147,1.8600000143051147,107658,0.0,0.0
2024-08-26 15:05:00-04:00,1.8700000047683716,1.8700000047683716,1.8600000143051147,1.8650000095367432,102210,0.0,0.0
2024-08-26 15:10:00-04:00,1.8700000047683716,1.8700000047683716,1.8600000143051147,1.8650000095367432,245016,0.0,0.0
2024-08-26 15:15:00-04:00,1.8650000095367432,1.8700000047683716,1.8600000143051147,1.8601000308990479,34718,0.0,0.0
2024-08-26 15:20:00-04:00,1.8650000095367432,1.8700000047683716,1.8600000143051147,1.8600000143051147,94866,0.0,0.0
2024-08-26 15:25:00-04:00,1.8600000143051147,1.8700000047683716,1.8600000143051147,1.8650000095367432,80735,0.0,0.0
2024-08-26 15:30:00-04:00,1.8696999549865723,1.8700000047683716,1.8600000143051147,1.8700000047683716,63231,0.0,0.0
2024-08-26 15:35:00-04:00,1.8600000143051147,1.8700000047683716,1.8600000143051147,1.8650000095367432,162900,0.0,0.0
2024-08-26 15:40:00-04:00,1.8650000095367432,1.8700000047683716,1.8600000143051147,1.8650000095367432,61121,0.0,0.0
2024-08-26 15:45:00-04:00,1.8600000143051147,1.8700000047683716,1.8600000143051147,1.8693000078201294,123586,0.0,0.0
2024-08-26 15:50:00-04:00,1.8698999881744385,1.8700000047683716,1.8600000143051147,1.8650000095367432,195199,0.0,0.0
2024-08-26 15:55:00-04:00,1.8650000095367432,1.8700000047683716,1.8600000143051147,1.8700000047683716,593438,0.0,0.0
2024-08-27 09:30:00-04:00,1.8320000171661377,1.850000023841858,1.7799999713897705,1.784999966621399,3943342,0.0,0.0
2024-08-27 09:35:00-04:00,1.782099962234497,1.7899999618530273,1.7699999809265137,1.784000039100647,1132976,0.0,0.0
2024-08-27 09:40:00-04:00,1.7865999937057495,1.7949999570846558,1.75,1.7740000486373901,3009399,0.0,0.0
2024-08-27 09:45:00-04:00,1.7762000560760498,1.7799999713897705,1.7599999904632568,1.7640000581741333,689381,0.0,0.0
2024-08-27 09:50:00-04:00,1.7649999856948853,1.7699999809265137,1.7599999904632568,1.7649999856948853,748056,0.0,0.0
2024-08-27 09:55:00-04:00,1.7649999856948853,1.7699999809265137,1.7599999904632568,1.7698999643325806,468954,0.0,0.0
2024-08-27 10:00:00-04:00,1.7649999856948853,1.7799999713897705,1.7599999904632568,1.7798999547958374,871458,0.0,0.0
2024-08-27 10:05:00-04:00,1.7798999547958374,1.7799999713897705,1.7599999904632568,1.7599999904632568,1014673,0.0,0.0
2024-08-27 10:10:00-04:00,1.7666000127792358,1.7799999713897705,1.7599999904632568,1.769700050354004,847358,0.0,0.0
2024-08-27 10:15:00-04:00,1.7699999809265137,1.7799999713897705,1.7599999904632568,1.7698999643325806,1326954,0.0,0.0
2024-08-27 10:20:00-04:00,1.7699999809265137,1.7899999618530273,1.7599999904632568,1.7799999713897705,574936,0.0,0.0
2024-08-27 10:25:00-04:00,1.7799999713897705,1.7999999523162842,1.7799999713897705,1.7999999523162842,340192,0.0,0.0
2024-08-27 10:30:00-04:00,1.7970999479293823,1.809999942779541,1.7899999618530273,1.7900999784469604,940264,0.0,0.0
2024-08-27 10:35:00-04:00,1.7899999618530273,1.7899999618530273,1.7799999713897705,1.7899999618530273,346395,0.0,0.0
2024-08-27 10:40:00-04:00,1.7799999713897705,1.784999966621399,1.7699999809265137,1.7699999809265137,498022,0.0,0.0
2024-08-27 10:45:00-04:00,1.778499960899353,1.7799999713897705,1.7599999904632568,1.7731000185012817,974809,0.0,0.0
2024-08-27 10:50:00-04:00,1.7699999809265137,1.7799999713897705,1.7599999904632568,1.7761000394821167,708637,0.0,0.0
2024-08-27 10:55:00-04:00,1.7799999713897705,1.7899999618530273,1.7699999809265137,1.774999976158142,653421,0.0,0.0
2024-08-27 11:00:00-04:00,1.7726999521255493,1.7799999713897705,1.7599999904632568,1.767899990081787,529736,0.0,0.0
2024-08-27 11:05:00-04:00,1.7697999477386475,1.7699999809265137,1.7599999904632568,1.763800024986267,708863,0.0,0.0
2024-08-27 11:10:00-04:00,1.7649999856948853,1.7699999809265137,1.7599999904632568,1.7699999809265137,350155,0.0,0.0
2024-08-27 11:15:00-04:00,1.7698999643325806,1.7699999809265137,1.7599999904632568,1.7599999904632568,1224539,0.0,0.0
2024-08-27 11:20:00-04:00,1.7599999904632568,1.7699999809265137,1.7599999904632568,1.7699999809265137,404075,0.0,0.0
2024-08-27 11:25:00-04:00,1.7663999795913696,1.7699999809265137,1.7599999904632568,1.7649999856948853,212582,0.0,0.0
2024-08-27 11:30:00-04:00,1.7649999856948853,1.7699999809265137,1.75,1.7596999406814575,482577,0.0,0.0
2024-08-27 11:35:00-04:00,1.7562999725341797,1.7599999904632568,1.75,1.7599999904632568,361671,0.0,0.0
2024-08-27 11:40:00-04:00,1.7549999952316284,1.7599999904632568,1.75,1.7578999996185303,131039,0.0,0.0
2024-08-27 11:45:00-04:00,1.7549999952316284,1.7599999904632568,1.75,1.7585999965667725,302845,0.0,0.0
2024-08-27 11:50:00-04:00,1.7549999952316284,1.7599999904632568,1.75,1.7599999904632568,243949,0.0,0.0
2024-08-27 11:55:00-04:00,1.7599999904632568,1.7699999809265137,1.75,1.7604999542236328,840711,0.0,0.0
2024-08-27 12:00:00-04:00,1.7649999856948853,1.7699999809265137,1.7599999904632568,1.7649999856948853,217880,0.0,0.0
2024-08-27 12:05:00-04:00,1.7699999809265137,1.7699999809265137,1.7599999904632568,1.7699999809265137,95721,0.0,0.0
2024-08-27 12:10:00-04:00,1.7663999795913696,1.7699999809265137,1.7599999904632568,1.7649999856948853,101055,0.0,0.0
2024-08-27 12:15:00-04:00,1.7649999856948853,1.7699999809265137,1.7599999904632568,1.7649999856948853,167208,0.0,0.0
2024-08-27 12:20:00-04:00,1.7599999904632568,1.7699999809265137,1.7599999904632568,1.76010000705719,53795,0.0,0.0
2024-08-27 12:25:00-04:00,1.7649999856948853,1.7699999809265137,1.7599999904632568,1.7699999809265137,154996,0.0,0.0
2024-08-27 12:30:00-04:00,1.7649999856948853,1.7699999809265137,1.7599999904632568,1.7695000171661377,139811,0.0,0.0
2024-08-27 12:35:00-04:00,1.7649999856948853,1.7699999809265137,1.7599999904632568,1.7599999904632568,165817,0.0,0.0
2024-08-27 12:40:00-04:00,1.7634999752044678,1.7699999809265137,1.7599999904632568,1.7649999856948853,53287,0.0,0.0
2024-08-27 12:45:00-04:00,1.7699999809265137,1.7699999809265137,1.7599999904632568,1.7649999856948853,197640,0.0,0.0
2024-08-27 12:50:00-04:00,1.7649999856948853,1.7699999809265137,1.7599999904632568,1.7649999856948853,68539,0.0,0.0
2024-08-27 12:55:00-04:00,1.7649999856948853,1.7699999809265137,1.7599999904632568,1.7649999856948853,70000,0.0,0.0
2024-08-27 13:00:00-04:00,1.7649999856948853,1.7699999809265137,1.7599999904632568,1.7649999856948853,165354,0.0,0.0
2024-08-27 13:05:00-04:00,1.7649999856948853,1.7699999809265137,1.7599999904632568,1.7649999856948853,24221,0.0,0.0
2024-08-27 13:10:00-04:00,1.7699999809265137,1.7699999809265137,1.7599999904632568,1.7649999856948853,413449,0.0,0.0
2024-08-27 13:15:00-04:00,1.7662999629974365,1.7799999713897705,1.7599999904632568,1.7599999904632568,1772209,0.0,0.0
2024-08-27 13:20:00-04:00,1.7649999856948853,1.7699999809265137,1.7599999904632568,1.7699999809265137,80949,0.0,0.0
2024-08-27 13:25:00-04:00,1.7698999643325806,1.7699999809265137,1.7599999904632568,1.7599999904632568,108764,0.0,0.0
2024-08-27 13:30:00-04:00,1.7661999464035034,1.7699999809265137,1.7599999904632568,1.7649999856948853,224294,0.0,0.0
2024-08-27 13:35:00-04:00,1.7649999856948853,1.7699999809265137,1.7599999904632568,1.7649999856948853,48974,0.0,0.0
2024-08-27 13:40:00-04:00,1.7599999904632568,1.7699999809265137,1.7599999904632568,1.7649999856948853,75422,0.0,0.0
2024-08-27 13:45:00-04:00,1.7649999856948853,1.7699999809265137,1.7599999904632568,1.7649999856948853,22564,0.0,0.0
2024-08-27 13:50:00-04:00,1.7649999856948853,1.7699999809265137,1.7599999904632568,1.7649999856948853,104279,0.0,0.0
2024-08-27 13:55:00-04:00,1.7661000490188599,1.7699999809265137,1.7599999904632568,1.7699999809265137,56098,0.0,0.0
2024-08-27 14:00:00-04:00,1.7635999917984009,1.7699999809265137,1.7599999904632568,1.7699999809265137,81229,0.0,0.0
2024-08-27 14:05:00-04:00,1.7699999809265137,1.7699999809265137,1.7599999904632568,1.7649999856948853,46272,0.0,0.0
2024-08-27 14:10:00-04:00,1.7649999856948853,1.7699999809265137,1.7599999904632568,1.7699999809265137,55440,0.0,0.0
2024-08-27 14:15:00-04:00,1.7699999809265137,1.7699999809265137,1.7599999904632568,1.7599999904632568,22955,0.0,0.0
2024-08-27 14:20:00-04:00,1.7649999856948853,1.7699999809265137,1.7599999904632568,1.7698999643325806,140843,0.0,0.0
2024-08-27 14:25:00-04:00,1.763800024986267,1.7699999809265137,1.7599999904632568,1.7649999856948853,76066,0.0,0.0
2024-08-27 14:30:00-04:00,1.7649999856948853,1.7699999809265137,1.75,1.75,1481585,0.0,0.0
2024-08-27 14:35:00-04:00,1.750100016593933,1.7599999904632568,1.75,1.7599999904632568,148426,0.0,0.0
2024-08-27 14:40:00-04:00,1.7549999952316284,1.7599999904632568,1.75,1.7549999952316284,92408,0.0,0.0
2024-08-27 14:45:00-04:00,1.7549999952316284,1.7599999904632568,1.75,1.7549999952316284,616369,0.0,0.0
2024-08-27 14:50:00-04:00,1.7599999904632568,1.7699999809265137,1.75,1.7632999420166016,733461,0.0,0.0
2024-08-27 14:55:00-04:00,1.763700008392334,1.7669999599456787,1.75,1.7549999952316284,484466,0.0,0.0
2024-08-27 15:00:00-04:00,1.7574000358581543,1.7599999904632568,1.75,1.7549999952316284,114804,0.0,0.0
2024-08-27 15:05:00-04:00,1.756600022315979,1.7599999904632568,1.75,1.7598999738693237,83440,0.0,0.0
2024-08-27 15:10:00-04:00,1.7597999572753906,1.7599999904632568,1.75,1.7549999952316284,393113,0.0,0.0
2024-08-27 15:15:00-04:00,1.7549999952316284,1.7599999904632568,1.75,1.7549999952316284,651767,0.0,0.0
2024-08-27 15:20:00-04:00,1.7549999952316284,1.7599999904632568,1.75,1.7549999952316284,540331,0.0,0.0
2024-08-27 15:25:00-04:00,1.7549999952316284,1.7599999904632568,1.75,1.7599999904632568,103595,0.0,0.0
2024-08-27 15:30:00-04:00,1.7549999952316284,1.7599999904632568,1.75,1.7599999904632568,119160,0.0,0.0
2024-08-27 15:35:00-04:00,1.7599999904632568,1.7599999904632568,1.75,1.7599999904632568,180428,0.0,0.0
2024-08-27 15:40:00-04:00,1.7599999904632568,1.7699999809265137,1.7549999952316284,1.7649999856948853,947200,0.0,0.0
2024-08-27 15:45:00-04:00,1.76010000705719,1.7699999809265137,1.7599999904632568,1.7649999856948853,244205,0.0,0.0
2024-08-27 15:50:00-04:00,1.7660000324249268,1.7699999809265137,1.7599999904632568,1.7649999856948853,435389,0.0,0.0
2024-08-27 15:55:00-04:00,1.7599999904632568,1.7599999904632568,1.75,1.7599999904632568,1040062,0.0,0.0
2024-08-28 09:30:00-04:00,1.75,1.7699999809265137,1.7400000095367432,1.7402000427246094,696678,0.0,0.0
2024-08-28 09:35:00-04:00,1.7450000047683716,1.75,1.7400000095367432,1.7401000261306763,157309,0.0,0.0
2024-08-28 09:40:00-04:00,1.7450000047683716,1.75,1.7300000190734863,1.7350000143051147,926940,0.0,0.0
2024-08-28 09:45:00-04:00,1.7323999404907227,1.7400000095367432,1.7300000190734863,1.7300000190734863,327222,0.0,0.0
2024-08-28 09:50:00-04:00,1.7350000143051147,1.7400000095367432,1.7100000381469727,1.715000033378601,537171,0.0,0.0
2024-08-28 09:55:00-04:00,1.715000033378601,1.7200000286102295,1.7100000381469727,1.7199000120162964,443463,0.0,0.0
2024-08-28 10:00:00-04:00,1.715000033378601,1.7200000286102295,1.7100000381469727,1.715000033378601,596005,0.0,0.0
2024-08-28 10:05:00-04:00,1.7100000381469727,1.7200000286102295,1.7100000381469727,1.7100000381469727,390881,0.0,0.0
2024-08-28 10:10:00-04:00,1.715000033378601,1.7200000286102295,1.7100000381469727,1.7100000381469727,199691,0.0,0.0
2024-08-28 10:15:00-04:00,1.7100000381469727,1.7200000286102295,1.7100000381469727,1.7100000381469727,453901,0.0,0.0
2024-08-28 10:20:00-04:00,1.715000033378601,1.7200000286102295,1.7100000381469727,1.7100000381469727,367686,0.0,0.0
2024-08-28 10:25:00-04:00,1.7165000438690186,1.7200000286102295,1.7100000381469727,1.7100000381469727,540963,0.0,0.0
2024-08-28 10:30:00-04:00,1.715000033378601,1.7200000286102295,1.7100000381469727,1.7200000286102295,266856,0.0,0.0
2024-08-28 10:35:00-04:00,1.715000033378601,1.7200000286102295,1.7100000381469727,1.7100000381469727,152175,0.0,0.0
2024-08-28 10:40:00-04:00,1.715000033378601,1.7200000286102295,1.7100000381469727,1.7100000381469727,253729,0.0,0.0
2024-08-28 10:45:00-04:00,1.7100000381469727,1.7200000286102295,1.7000000476837158,1.7000000476837158,1909441,0.0,0.0
2024-08-28 10:50:00-04:00,1.7000999450683594,1.7100000381469727,1.690000057220459,1.7000000476837158,759107,0.0,0.0
2024-08-28 10:55:00-04:00,1.690000057220459,1.7000000476837158,1.6699999570846558,1.6699999570846558,1817410,0.0,0.0
2024-08-28 11:00:00-04:00,1.6749999523162842,1.6799999475479126,1.649999976158142,1.6649999618530273,2558674,0.0,0.0
2024-08-28 11:05:00-04:00,1.6649999618530273,1.6799999475479126,1.659999966621399,1.6799999475479126,844179,0.0,0.0
2024-08-28 11:10:00-04:00,1.676200032234192,1.6897000074386597,1.6699999570846558,1.6893999576568604,751925,0.0,0.0
2024-08-28 11:15:00-04:00,1.684999942779541,1.690000057220459,1.6799999475479126,1.690000057220459,319320,0.0,0.0
2024-08-28 11:20:00-04:00,1.6799999475479126,1.690000057220459,1.6799999475479126,1.6799999475479126,351436,0.0,0.0
2024-08-28 11:25:00-04:00,1.684999942779541,1.690000057220459,1.6799999475479126,1.684999942779541,151526,0.0,0.0
2024-08-28 11:30:00-04:00,1.6799999475479126,1.690000057220459,1.6799999475479126,1.6899000406265259,127415,0.0,0.0
2024-08-28 11:35:00-04:00,1.684999942779541,1.690000057220459,1.6799999475479126,1.684999942779541,485190,0.0,0.0
2024-08-28 11:40:00-04:00,1.684999942779541,1.7000000476837158,1.6799999475479126,1.6950000524520874,453974,0.0,0.0
2024-08-28 11:45:00-04:00,1.6999000310897827,1.7000000476837158,1.6799999475479126,1.6855000257492065,312372,0.0,0.0
2024-08-28 11:50:00-04:00,1.684999942779541,1.690000057220459,1.6799999475479126,1.690000057220459,195907,0.0,0.0
2024-08-28 11:55:00-04:00,1.6799999475479126,1.690000057220459,1.6799999475479126,1.684999942779541,107203,0.0,0.0
2024-08-28 12:00:00-04:00,1.684999942779541,1.7000000476837158,1.6799999475479126,1.6950000524520874,433527,0.0,0.0
2024-08-28 12:05:00-04:00,1.6950000524520874,1.7000000476837158,1.690000057220459,1.6950000524520874,157803,0.0,0.0
2024-08-28 12:10:00-04:00,1.6950000524520874,1.7000000476837158,1.6799999475479126,1.6999000310897827,396140,0.0,0.0
2024-08-28 12:15:00-04:00,1.6950000524520874,1.7000000476837158,1.6799999475479126,1.690000057220459,418020,0.0,0.0
2024-08-28 12:20:00-04:00,1.6950000524520874,1.7000000476837158,1.6799999475479126,1.6866999864578247,348649,0.0,0.0
2024-08-28 12:25:00-04:00,1.6899000406265259,1.690000057220459,1.6799999475479126,1.6799999475479126,83354,0.0,0.0
2024-08-28 12:30:00-04:00,1.690000057220459,1.7000000476837158,1.6799999475479126,1.698099970817566,651486,0.0,0.0
2024-08-28 12:35:00-04:00,1.7000000476837158,1.7100000381469727,1.690000057220459,1.7050000429153442,670342,0.0,0.0
2024-08-28 12:40:00-04:00,1.7000000476837158,1.7100000381469727,1.7000000476837158,1.7050000429153442,209806,0.0,0.0
2024-08-28 12:45:00-04:00,1.7000000476837158,1.7100000381469727,1.7000000476837158,1.7050000429153442,102453,0.0,0.0
2024-08-28 12:50:00-04:00,1.7050000429153442,1.7100000381469727,1.7000000476837158,1.7050000429153442,90629,0.0,0.0
2024-08-28 12:55:00-04:00,1.7050000429153442,1.7100000381469727,1.7000000476837158,1.7050000429153442,143963,0.0,0.0
2024-08-28 13:00:00-04:00,1.7050000429153442,1.7099000215530396,1.7000000476837158,1.7050000429153442,76903,0.0,0.0
2024-08-28 13:05:00-04:00,1.7050000429153442,1.7100000381469727,1.7000000476837158,1.7050000429153442,46498,0.0,0.0
2024-08-28 13:10:00-04:00,1.7050000429153442,1.7100000381469727,1.7000000476837158,1.7000000476837158,140430,0.0,0.0
2024-08-28 13:15:00-04:00,1.7000999450683594,1.7100000381469727,1.7000000476837158,1.7050000429153442,102402,0.0,0.0
2024-08-28 13:20:00-04:00,1.7050000429153442,1.7100000381469727,1.7000000476837158,1.7050000429153442,66059,0.0,0.0
2024-08-28 13:25:00-04:00,1.7050000429153442,1.7100000381469727,1.7000000476837158,1.7050000429153442,69634,0.0,0.0
2024-08-28 13:30:00-04:00,1.7050000429153442,1.7100000381469727,1.7000000476837158,1.7000000476837158,271488,0.0,0.0
2024-08-28 13:35:00-04:00,1.7050000429153442,1.7100000381469727,1.690000057220459,1.6950000524520874,238751,0.0,0.0
2024-08-28 13:40:00-04:00,1.6950000524520874,1.7000000476837158,1.690000057220459,1.6950000524520874,130169,0.0,0.0
2024-08-28 13:45:00-04:00,1.6950000524520874,1.7000000476837158,1.690000057220459,1.690000057220459,26219,0.0,0.0
2024-08-28 13:50:00-04:00,1.6950000524520874,1.7000000476837158,1.690000057220459,1.6950000524520874,70100,0.0,0.0
2024-08-28 13:55:00-04:00,1.6950000524520874,1.7000000476837158,1.6799999475479126,1.684999942779541,286557,0.0,0.0
2024-08-28 14:00:00-04:00,1.684999942779541,1.690000057220459,1.6799999475479126,1.684999942779541,100344,0.0,0.0
2024-08-28 14:05:00-04:00,1.684999942779541,1.7000000476837158,1.6799999475479126,1.6900999546051025,823688,0.0,0.0
2024-08-28 14:10:00-04:00,1.6950000524520874,1.7000000476837158,1.690000057220459,1.6900999546051025,65082,0.0,0.0
2024-08-28 14:15:00-04:00,1.6950000524520874,1.7000000476837158,1.690000057220459,1.690000057220459,261227,0.0,0.0
2024-08-28 14:20:00-04:00,1.6950000524520874,1.7000000476837158,1.690000057220459,1.6950000524520874,78923,0.0,0.0
2024-08-28 14:25:00-04:00,1.690000057220459,1.7000000476837158,1.690000057220459,1.6996999979019165,546967,0.0,0.0
2024-08-28 14:30:00-04:00,1.6950000524520874,1.7000000476837158,1.690000057220459,1.7000000476837158,108237,0.0,0.0
2024-08-28 14:35:00-04:00,1.7000000476837158,1.7000000476837158,1.690000057220459,1.6950000524520874,333392,0.0,0.0
2024-08-28 14:40:00-04:00,1.7000000476837158,1.7000000476837158,1.690000057220459,1.6950000524520874,86757,0.0,0.0
2024-08-28 14:45:00-04:00,1.6950000524520874,1.7100000381469727,1.6950000524520874,1.7100000381469727,473663,0.0,0.0
2024-08-28 14:50:00-04:00,1.7050000429153442,1.7099000215530396,1.7000000476837158,1.7050000429153442,89448,0.0,0.0
2024-08-28 14:55:00-04:00,1.7050000429153442,1.7100000381469727,1.7000000476837158,1.7050000429153442,38600,0.0,0.0
2024-08-28 15:00:00-04:00,1.7100000381469727,1.7100000381469727,1.7000000476837158,1.7050000429153442,209974,0.0,0.0
2024-08-28 15:05:00-04:00,1.7050000429153442,1.7100000381469727,1.7000000476837158,1.7050000429153442,238952,0.0,0.0
2024-08-28 15:10:00-04:00,1.7050000429153442,1.7100000381469727,1.7000000476837158,1.7050000429153442,75781,0.0,0.0
2024-08-28 15:15:00-04:00,1.7000000476837158,1.7100000381469727,1.7000000476837158,1.7050000429153442,95182,0.0,0.0
2024-08-28 15:20:00-04:00,1.7050000429153442,1.7100000381469727,1.7000000476837158,1.7099000215530396,90779,0.0,0.0
2024-08-28 15:25:00-04:00,1.7050000429153442,1.7100000381469727,1.7000000476837158,1.7050000429153442,74991,0.0,0.0
2024-08-28 15:30:00-04:00,1.7050000429153442,1.7100000381469727,1.7000000476837158,1.7050000429153442,163060,0.0,0.0
2024-08-28 15:35:00-04:00,1.7050000429153442,1.7100000381469727,1.7000000476837158,1.7050000429153442,44977,0.0,0.0
2024-08-28 15:40:00-04:00,1.7050000429153442,1.7100000381469727,1.7000000476837158,1.7089999914169312,324239,0.0,0.0
2024-08-28 15:45:00-04:00,1.7050000429153442,1.7100000381469727,1.7000000476837158,1.7070000171661377,124609,0.0,0.0
2024-08-28 15:50:00-04:00,1.7050000429153442,1.7100000381469727,1.7000000476837158,1.7050000429153442,278371,0.0,0.0
2024-08-28 15:55:00-04:00,1.7050000429153442,1.7100000381469727,1.7000000476837158,1.7000999450683594,475199,0.0,0.0
2024-08-29 09:30:00-04:00,1.7200000286102295,1.7300000190734863,1.7100000381469727,1.7300000190734863,622845,0.0,0.0
2024-08-29 09:35:00-04:00,1.725000023841858,1.7300000190734863,1.7100000381469727,1.715000033378601,293967,0.0,0.0
2024-08-29 09:40:00-04:00,1.715000033378601,1.7200000286102295,1.7100000381469727,1.715000033378601,115301,0.0,0.0
2024-08-29 09:45:00-04:00,1.718999981880188,1.718999981880188,1.7000000476837158,1.7050000429153442,303005,0.0,0.0
2024-08-29 09:50:00-04:00,1.7050000429153442,1.7194000482559204,1.7000000476837158,1.715000033378601,229560,0.0,0.0
2024-08-29 09:55:00-04:00,1.7199000120162964,1.7200000286102295,1.7100000381469727,1.7197999954223633,57819,0.0,0.0
2024-08-29 10:00:00-04:00,1.7200000286102295,1.7200000286102295,1.7100000381469727,1.715000033378601,69483,0.0,0.0
2024-08-29 10:05:00-04:00,1.715000033378601,1.7200000286102295,1.7100000381469727,1.7200000286102295,88504,0.0,0.0
2024-08-29 10:10:00-04:00,1.715000033378601,1.7300000190734863,1.7100000381469727,1.725000023841858,323761,0.0,0.0
2024-08-29 10:15:00-04:00,1.7200000286102295,1.7300000190734863,1.7100000381469727,1.715000033378601,276399,0.0,0.0
2024-08-29 10:20:00-04:00,1.7144999504089355,1.7200000286102295,1.7100000381469727,1.715000033378601,80321,0.0,0.0
2024-08-29 10:25:00-04:00,1.715000033378601,1.7300000190734863,1.7100000381469727,1.7200000286102295,480189,0.0,0.0
2024-08-29 10:30:00-04:00,1.7285000085830688,1.7300000190734863,1.7200000286102295,1.7202999591827393,330890,0.0,0.0
2024-08-29 10:35:00-04:00,1.725000023841858,1.7300000190734863,1.7200000286102295,1.725000023841858,146451,0.0,0.0
2024-08-29 10:40:00-04:00,1.725000023841858,1.7300000190734863,1.7200000286102295,1.725000023841858,258926,0.0,0.0
2024-08-29 10:45:00-04:00,1.7202999591827393,1.725000023841858,1.7100000381469727,1.715000033378601,301819,0.0,0.0
2024-08-29 10:50:00-04:00,1.718999981880188,1.7200000286102295,1.7100000381469727,1.715000033378601,114837,0.0,0.0
2024-08-29 10:55:00-04:00,1.7129000425338745,1.7200000286102295,1.7100000381469727,1.7100000381469727,203247,0.0,0.0
2024-08-29 11:00:00-04:00,1.715000033378601,1.7200000286102295,1.7100000381469727,1.7197999954223633,226922,0.0,0.0
2024-08-29 11:05:00-04:00,1.715000033378601,1.7200000286102295,1.7100000381469727,1.7200000286102295,54047,0.0,0.0
2024-08-29 11:10:00-04:00,1.715000033378601,1.7300000190734863,1.7100000381469727,1.725000023841858,336873,0.0,0.0
2024-08-29 11:15:00-04:00,1.725000023841858,1.7300000190734863,1.7200000286102295,1.725000023841858,201031,0.0,0.0
2024-08-29 11:20:00-04:00,1.7201999425888062,1.7300000190734863,1.7200000286102295,1.7229000329971313,127179,0.0,0.0
2024-08-29 11:25:00-04:00,1.725000023841858,1.7300000190734863,1.7200000286102295,1.725000023841858,403402,0.0,0.0
2024-08-29 11:30:00-04:00,1.7259999513626099,1.7300000190734863,1.7200000286102295,1.7200000286102295,90649,0.0,0.0
2024-08-29 11:35:00-04:00,1.725000023841858,1.7300000190734863,1.7200000286102295,1.725000023841858,225740,0.0,0.0
2024-08-29 11:40:00-04:00,1.725000023841858,1.7300000190734863,1.7200000286102295,1.7300000190734863,81017,0.0,0.0
2024-08-29 11:45:00-04:00,1.725000023841858,1.7300000190734863,1.7200000286102295,1.725000023841858,154834,0.0,0.0
2024-08-29 11:50:00-04:00,1.725000023841858,1.7400000095367432,1.7200000286102295,1.739799976348877,486384,0.0,0.0
2024-08-29 11:55:00-04:00,1.7350000143051147,1.7400000095367432,1.7300000190734863,1.7300000190734863,291229,0.0,0.0
2024-08-29 12:00:00-04:00,1.7350000143051147,1.7400000095367432,1.7300000190734863,1.7350000143051147,117963,0.0,0.0
2024-08-29 12:05:00-04:00,1.7350000143051147,1.7400000095367432,1.7350000143051147,1.7384999990463257,46738,0.0,0.0
2024-08-29 12:10:00-04:00,1.7350000143051147,1.7400000095367432,1.7300000190734863,1.7350000143051147,108205,0.0,0.0
2024-08-29 12:15:00-04:00,1.7400000095367432,1.7400000095367432,1.7300000190734863,1.7350000143051147,44375,0.0,0.0
2024-08-29 12:20:00-04:00,1.7350000143051147,1.7400000095367432,1.7300000190734863,1.7350000143051147,327777,0.0,0.0
2024-08-29 12:25:00-04:00,1.7350000143051147,1.7400000095367432,1.7300000190734863,1.730299949645996,353477,0.0,0.0
2024-08-29 12:30:00-04:00,1.7301000356674194,1.7400000095367432,1.7200000286102295,1.725000023841858,360989,0.0,0.0
2024-08-29 12:35:00-04:00,1.7300000190734863,1.7300000190734863,1.7200000286102295,1.725000023841858,180649,0.0,0.0
2024-08-29 12:40:00-04:00,1.725000023841858,1.7300000190734863,1.7200000286102295,1.7300000190734863,23465,0.0,0.0
2024-08-29 12:45:00-04:00,1.725000023841858,1.7300000190734863,1.7200000286102295,1.7200000286102295,71319,0.0,0.0
2024-08-29 12:50:00-04:00,1.7257000207901,1.7300000190734863,1.7200000286102295,1.725000023841858,30265,0.0,0.0
2024-08-29 12:55:00-04:00,1.725000023841858,1.7300000190734863,1.7200000286102295,1.725000023841858,85897,0.0,0.0
2024-08-29 13:00:00-04:00,1.7299000024795532,1.7300000190734863,1.7200000286102295,1.7300000190734863,155796,0.0,0.0
2024-08-29 13:05:00-04:00,1.725000023841858,1.7300000190734863,1.7200000286102295,1.725000023841858,54261,0.0,0.0
2024-08-29 13:10:00-04:00,1.7300000190734863,1.7300000190734863,1.7200000286102295,1.725000023841858,29765,0.0,0.0
2024-08-29 13:15:00-04:00,1.725000023841858,1.7300000190734863,1.7201000452041626,1.725000023841858,72692,0.0,0.0
2024-08-29 13:20:00-04:00,1.7300000190734863,1.7300000190734863,1.7200000286102295,1.725000023841858,58161,0.0,0.0
2024-08-29 13:25:00-04:00,1.725000023841858,1.7300000190734863,1.7200000286102295,1.7285000085830688,140666,0.0,0.0
2024-08-29 13:30:00-04:00,1.725000023841858,1.7300000190734863,1.7201000452041626,1.725000023841858,147334,0.0,0.0
2024-08-29 13:35:00-04:00,1.725000023841858,1.7300000190734863,1.7200000286102295,1.7200000286102295,79712,0.0,0.0
2024-08-29 13:40:00-04:00,1.725000023841858,1.7300000190734863,1.7200000286102295,1.725000023841858,16649,0.0,0.0
2024-08-29 13:45:00-04:00,1.725000023841858,1.7300000190734863,1.7100000381469727,1.7180999517440796,585253,0.0,0.0
2024-08-29 13:50:00-04:00,1.715000033378601,1.7300000190734863,1.7100000381469727,1.7282999753952026,649375,0.0,0.0
2024-08-29 13:55:00-04:00,1.725000023841858,1.7400000095367432,1.725000023841858,1.7301000356674194,754671,0.0,0.0
2024-08-29 14:00:00-04:00,1.7346999645233154,1.7400000095367432,1.7300000190734863,1.7350000143051147,154345,0.0,0.0
2024-08-29 14:05:00-04:00,1.7350000143051147,1.7400000095367432,1.7300000190734863,1.7300000190734863,287257,0.0,0.0
2024-08-29 14:10:00-04:00,1.7350000143051147,1.7400000095367432,1.7200000286102295,1.725000023841858,367891,0.0,0.0
2024-08-29 14:15:00-04:00,1.725000023841858,1.7300000190734863,1.7200000286102295,1.725000023841858,44205,0.0,0.0
2024-08-29 14:20:00-04:00,1.7201000452041626,1.7300000190734863,1.7200000286102295,1.7300000190734863,75721,0.0,0.0
2024-08-29 14:25:00-04:00,1.725000023841858,1.7300000190734863,1.7100000381469727,1.7200000286102295,576913,0.0,0.0
2024-08-29 14:30:00-04:00,1.715000033378601,1.7200000286102295,1.7100000381469727,1.7100000381469727,163026,0.0,0.0
2024-08-29 14:35:00-04:00,1.7101999521255493,1.7200000286102295,1.7100000381469727,1.715000033378601,29316,0.0,0.0
2024-08-29 14:40:00-04:00,1.715000033378601,1.7199000120162964,1.7000000476837158,1.7050000429153442,187552,0.0,0.0
2024-08-29 14:45:00-04:00,1.7000000476837158,1.7100000381469727,1.7000000476837158,1.7000999450683594,41722,0.0,0.0
2024-08-29 14:50:00-04:00,1.7050000429153442,1.7100000381469727,1.7000000476837158,1.7050000429153442,88690,0.0,0.0
2024-08-29 14:55:00-04:00,1.7050000429153442,1.7100000381469727,1.7000000476837158,1.7074999809265137,161819,0.0,0.0
2024-08-29 15:00:00-04:00,1.7074999809265137,1.7100000381469727,1.7000000476837158,1.7015000581741333,45915,0.0,0.0
2024-08-29 15:05:00-04:00,1.7050000429153442,1.7099000215530396,1.7000000476837158,1.7050000429153442,93605,0.0,0.0
2024-08-29 15:10:00-04:00,1.7050000429153442,1.7100000381469727,1.7000000476837158,1.7050000429153442,65375,0.0,0.0
2024-08-29 15:15:00-04:00,1.7050000429153442,1.7100000381469727,1.7000000476837158,1.7050000429153442,65448,0.0,0.0
2024-08-29 15:20:00-04:00,1.7100000381469727,1.7100000381469727,1.7000000476837158,1.7100000381469727,22778,0.0,0.0
2024-08-29 15:25:00-04:00,1.7050000429153442,1.7200000286102295,1.7000000476837158,1.715000033378601,881723,0.0,0.0
2024-08-29 15:30:00-04:00,1.7199000120162964,1.7200000286102295,1.7100000381469727,1.715000033378601,197429,0.0,0.0
2024-08-29 15:35:00-04:00,1.715000033378601,1.7200000286102295,1.7101000547409058,1.715000033378601,59613,0.0,0.0
2024-08-29 15:40:00-04:00,1.715000033378601,1.7200000286102295,1.7050000429153442,1.7050000429153442,705640,0.0,0.0
2024-08-29 15:45:00-04:00,1.7050000429153442,1.7100000381469727,1.7000000476837158,1.7050000429153442,114789,0.0,0.0
2024-08-29 15:50:00-04:00,1.7050000429153442,1.7100000381469727,1.7000000476837158,1.7050000429153442,53218,0.0,0.0
2024-08-29 15:55:00-04:00,1.7050000429153442,1.7100000381469727,1.7000000476837158,1.7100000381469727,390241,0.0,0.0
2024-08-30 09:30:00-04:00,1.715000033378601,1.717900037765503,1.7000000476837158,1.7039999961853027,354509,0.0,0.0
2024-08-30 09:35:00-04:00,1.7100000381469727,1.7100000381469727,1.7000000476837158,1.7050000429153442,86167,0.0,0.0
2024-08-30 09:40:00-04:00,1.7100000381469727,1.7200000286102295,1.7000000476837158,1.7050000429153442,294838,0.0,0.0
2024-08-30 09:45:00-04:00,1.7050000429153442,1.7100000381469727,1.7000000476837158,1.7094000577926636,210023,0.0,0.0
2024-08-30 09:50:00-04:00,1.7050000429153442,1.7100000381469727,1.7000000476837158,1.7050000429153442,199203,0.0,0.0
2024-08-30 09:55:00-04:00,1.7050000429153442,1.7100000381469727,1.7000000476837158,1.7039999961853027,130444,0.0,0.0
2024-08-30 10:00:00-04:00,1.7099000215530396,1.7100000381469727,1.7000000476837158,1.7005000114440918,39415,0.0,0.0
2024-08-30 10:05:00-04:00,1.7045999765396118,1.7100000381469727,1.690000057220459,1.690000057220459,459772,0.0,0.0
2024-08-30 10:10:00-04:00,1.7000000476837158,1.7000000476837158,1.690000057220459,1.6950000524520874,609408,0.0,0.0
2024-08-30 10:15:00-04:00,1.6950000524520874,1.7000000476837158,1.690000057220459,1.6950000524520874,105185,0.0,0.0
2024-08-30 10:20:00-04:00,1.6950000524520874,1.7000000476837158,1.690000057220459,1.690000057220459,116303,0.0,0.0
2024-08-30 10:25:00-04:00,1.692199945449829,1.7000000476837158,1.6799999475479126,1.6950000524520874,906689,0.0,0.0
2024-08-30 10:30:00-04:00,1.6950000524520874,1.7000000476837158,1.690000057220459,1.6950000524520874,154881,0.0,0.0
2024-08-30 10:35:00-04:00,1.6950000524520874,1.7000000476837158,1.690000057220459,1.6950000524520874,52013,0.0,0.0
2024-08-30 10:40:00-04:00,1.695199966430664,1.7100000381469727,1.690000057220459,1.7050000429153442,369843,0.0,0.0
2024-08-30 10:45:00-04:00,1.7000000476837158,1.7100000381469727,1.7000000476837158,1.7000000476837158,120899,0.0,0.0
2024-08-30 10:50:00-04:00,1.7000000476837158,1.7100000381469727,1.690000057220459,1.690000057220459,104145,0.0,0.0
2024-08-30 10:55:00-04:00,1.69350004196167,1.7000000476837158,1.690000057220459,1.6950000524520874,241242,0.0,0.0
2024-08-30 11:00:00-04:00,1.7000000476837158,1.7000000476837158,1.6799999475479126,1.690000057220459,468343,0.0,0.0
2024-08-30 11:05:00-04:00,1.6994999647140503,1.7050000429153442,1.690000057220459,1.7000000476837158,233713,0.0,0.0
2024-08-30 11:10:00-04:00,1.7000000476837158,1.7099000215530396,1.7000000476837158,1.7074999809265137,92580,0.0,0.0
2024-08-30 11:15:00-04:00,1.7050000429153442,1.7059999704360962,1.690000057220459,1.690000057220459,184373,0.0,0.0
2024-08-30 11:20:00-04:00,1.690000057220459,1.7000000476837158,1.690000057220459,1.69159996509552,121671,0.0,0.0
2024-08-30 11:25:00-04:00,1.690600037574768,1.6959999799728394,1.6799999475479126,1.6856000423431396,646173,0.0,0.0
2024-08-30 11:30:00-04:00,1.684999942779541,1.690000057220459,1.6799999475479126,1.6893999576568604,73227,0.0,0.0
2024-08-30 11:35:00-04:00,1.684999942779541,1.690000057220459,1.6799999475479126,1.6800999641418457,95103,0.0,0.0
2024-08-30 11:40:00-04:00,1.684999942779541,1.7000000476837158,1.6799999475479126,1.6950000524520874,845173,0.0,0.0
2024-08-30 11:45:00-04:00,1.6974999904632568,1.7000000476837158,1.690000057220459,1.6950000524520874,117123,0.0,0.0
2024-08-30 11:50:00-04:00,1.6950000524520874,1.7000000476837158,1.690000057220459,1.6950000524520874,36843,0.0,0.0
2024-08-30 11:55:00-04:00,1.6950000524520874,1.7000000476837158,1.690000057220459,1.6950000524520874,64907,0.0,0.0
2024-08-30 12:00:00-04:00,1.690600037574768,1.7000000476837158,1.690000057220459,1.690000057220459,162829,0.0,0.0
2024-08-30 12:05:00-04:00,1.6950000524520874,1.7000000476837158,1.690000057220459,1.6950000524520874,60402,0.0,0.0
2024-08-30 12:10:00-04:00,1.6950000524520874,1.7000000476837158,1.690000057220459,1.690000057220459,11307,0.0,0.0
2024-08-30 12:15:00-04:00,1.6937999725341797,1.7000000476837158,1.690000057220459,1.6974999904632568,41591,0.0,0.0
2024-08-30 12:20:00-04:00,1.694000005722046,1.7000000476837158,1.690000057220459,1.6999000310897827,35191,0.0,0.0
2024-08-30 12:25:00-04:00,1.6950000524520874,1.7000000476837158,1.690000057220459,1.6950000524520874,93094,0.0,0.0
2024-08-30 12:30:00-04:00,1.690000057220459,1.7000000476837158,1.690000057220459,1.6950000524520874,104985,0.0,0.0
2024-08-30 12:35:00-04:00,1.6920000314712524,1.7000000476837158,1.690000057220459,1.690000057220459,12834,0.0,0.0
2024-08-30 12:40:00-04:00,1.690000057220459,1.6993999481201172,1.690000057220459,1.6993999481201172,37470,0.0,0.0
2024-08-30 12:45:00-04:00,1.6920000314712524,1.7000000476837158,1.690000057220459,1.690000057220459,54412,0.0,0.0
2024-08-30 12:50:00-04:00,1.6950000524520874,1.7000000476837158,1.690000057220459,1.6950000524520874,42281,0.0,0.0
2024-08-30 12:55:00-04:00,1.6999000310897827,1.7000000476837158,1.690000057220459,1.6950000524520874,95773,0.0,0.0
2024-08-30 13:00:00-04:00,1.6950000524520874,1.7000000476837158,1.690000057220459,1.690000057220459,43669,0.0,0.0
2024-08-30 13:05:00-04:00,1.6950000524520874,1.7000000476837158,1.690000057220459,1.6950000524520874,17631,0.0,0.0
2024-08-30 13:10:00-04:00,1.6950000524520874,1.7000000476837158,1.690000057220459,1.690000057220459,65166,0.0,0.0
2024-08-30 13:15:00-04:00,1.6950000524520874,1.7000000476837158,1.690000057220459,1.6999000310897827,33785,0.0,0.0
2024-08-30 13:20:00-04:00,1.6950000524520874,1.7000000476837158,1.690000057220459,1.690000057220459,62635,0.0,0.0
2024-08-30 13:25:00-04:00,1.6950000524520874,1.6966999769210815,1.690000057220459,1.6950000524520874,9354,0.0,0.0
2024-08-30 13:30:00-04:00,1.6996999979019165,1.7000000476837158,1.690000057220459,1.7000000476837158,58752,0.0,0.0
2024-08-30 13:35:00-04:00,1.694700002670288,1.7000000476837158,1.690000057220459,1.6950000524520874,21117,0.0,0.0
2024-08-30 13:40:00-04:00,1.6943000555038452,1.7000000476837158,1.690000057220459,1.690000057220459,25147,0.0,0.0
2024-08-30 13:45:00-04:00,1.6950000524520874,1.6999000310897827,1.690000057220459,1.6950000524520874,77567,0.0,0.0
2024-08-30 13:50:00-04:00,1.6950000524520874,1.7000000476837158,1.690000057220459,1.6950000524520874,111914,0.0,0.0
2024-08-30 13:55:00-04:00,1.6950000524520874,1.7000000476837158,1.690000057220459,1.6999000310897827,19715,0.0,0.0
2024-08-30 14:00:00-04:00,1.6996999979019165,1.6999000310897827,1.690000057220459,1.690000057220459,79876,0.0,0.0
2024-08-30 14:05:00-04:00,1.690000057220459,1.7000000476837158,1.690000057220459,1.6950000524520874,63258,0.0,0.0
2024-08-30 14:10:00-04:00,1.6950000524520874,1.7000000476837158,1.690000057220459,1.6950000524520874,54606,0.0,0.0
2024-08-30 14:15:00-04:00,1.6950000524520874,1.7000000476837158,1.690000057220459,1.6950000524520874,50099,0.0,0.0
2024-08-30 14:20:00-04:00,1.6950000524520874,1.7000000476837158,1.690000057220459,1.690000057220459,30525,0.0,0.0
2024-08-30 14:25:00-04:00,1.6950000524520874,1.7000000476837158,1.690000057220459,1.6950000524520874,106808,0.0,0.0
2024-08-30 14:30:00-04:00,1.6950000524520874,1.7000000476837158,1.690000057220459,1.6964999437332153,57594,0.0,0.0
2024-08-30 14:35:00-04:00,1.6950000524520874,1.7100000381469727,1.6900999546051025,1.7000000476837158,944985,0.0,0.0
2024-08-30 14:40:00-04:00,1.7100000381469727,1.7100000381469727,1.7000000476837158,1.7099000215530396,60628,0.0,0.0
2024-08-30 14:45:00-04:00,1.7100000381469727,1.7100000381469727,1.7000000476837158,1.7039999961853027,26181,0.0,0.0
2024-08-30 14:50:00-04:00,1.7100000381469727,1.7200000286102295,1.7000000476837158,1.7102999687194824,507074,0.0,0.0
2024-08-30 14:55:00-04:00,1.7100000381469727,1.7199000120162964,1.7100000381469727,1.715000033378601,40925,0.0,0.0
2024-08-30 15:00:00-04:00,1.7100000381469727,1.7152999639511108,1.7000000476837158,1.7100000381469727,702935,0.0,0.0
2024-08-30 15:05:00-04:00,1.7000000476837158,1.7050000429153442,1.690000057220459,1.690000057220459,367168,0.0,0.0
2024-08-30 15:10:00-04:00,1.690000057220459,1.7000000476837158,1.690000057220459,1.690000057220459,20974,0.0,0.0
2024-08-30 15:15:00-04:00,1.6950000524520874,1.7000000476837158,1.690000057220459,1.6950000524520874,25886,0.0,0.0
2024-08-30 15:20:00-04:00,1.6950000524520874,1.7000000476837158,1.690000057220459,1.6985000371932983,90574,0.0,0.0
2024-08-30 15:25:00-04:00,1.694000005722046,1.7000000476837158,1.690000057220459,1.6950000524520874,81130,0.0,0.0
2024-08-30 15:30:00-04:00,1.6974999904632568,1.7000000476837158,1.690000057220459,1.6950000524520874,62390,0.0,0.0
2024-08-30 15:35:00-04:00,1.6950000524520874,1.7000000476837158,1.690000057220459,1.6950000524520874,38069,0.0,0.0
2024-08-30 15:40:00-04:00,1.6950000524520874,1.7000000476837158,1.690000057220459,1.6950000524520874,114737,0.0,0.0
2024-08-30 15:45:00-04:00,1.6936999559402466,1.7000000476837158,1.690000057220459,1.7000000476837158,61310,0.0,0.0
2024-08-30 15:50:00-04:00,1.7000000476837158,1.7100000381469727,1.690000057220459,1.7050000429153442,547937,0.0,0.0
2024-08-30 15:55:00-04:00,1.7050000429153442,1.7100000381469727,1.7000000476837158,1.7100000381469727,574351,0.0,0.0
