Datetime,Open,High,Low,Close,Volume,Dividends,Stock Splits
2024-08-01 09:30:00-04:00,7.199999809265137,7.340000152587891,7.199999809265137,7.264999866485596,9923,0.0,0.0
2024-08-01 09:35:00-04:00,7.210000038146973,7.210000038146973,7.13070011138916,7.139999866485596,7590,0.0,0.0
2024-08-01 09:40:00-04:00,7.21999979019165,7.21999979019165,7.199999809265137,7.199999809265137,4126,0.0,0.0
2024-08-01 09:45:00-04:00,7.260000228881836,7.275000095367432,7.230000019073486,7.230000019073486,2810,0.0,0.0
2024-08-01 09:50:00-04:00,7.210000038146973,7.210000038146973,7.144999980926514,7.144999980926514,2163,0.0,0.0
2024-08-01 09:55:00-04:00,7.139999866485596,7.170000076293945,7.139999866485596,7.159999847412109,2873,0.0,0.0
2024-08-01 10:00:00-04:00,7.150000095367432,7.150000095367432,7.090000152587891,7.097300052642822,4850,0.0,0.0
2024-08-01 10:05:00-04:00,7.110000133514404,7.110000133514404,7.050000190734863,7.050000190734863,8165,0.0,0.0
2024-08-01 10:10:00-04:00,7.054999828338623,7.130000114440918,7.054999828338623,7.110000133514404,7164,0.0,0.0
2024-08-01 10:15:00-04:00,7.099999904632568,7.130000114440918,7.099999904632568,7.125,4854,0.0,0.0
2024-08-01 10:20:00-04:00,7.119999885559082,7.119999885559082,7.110000133514404,7.110000133514404,3037,0.0,0.0
2024-08-01 10:25:00-04:00,7.09499979019165,7.110000133514404,7.059999942779541,7.059999942779541,5901,0.0,0.0
2024-08-01 10:30:00-04:00,7.066999912261963,7.079999923706055,7.050000190734863,7.059999942779541,4633,0.0,0.0
2024-08-01 10:35:00-04:00,7.050000190734863,7.059999942779541,7.019999980926514,7.059999942779541,4268,0.0,0.0
2024-08-01 10:40:00-04:00,7.070000171661377,7.070000171661377,7.050000190734863,7.070000171661377,2487,0.0,0.0
2024-08-01 10:45:00-04:00,7.079999923706055,7.079999923706055,7.03000020980835,7.03000020980835,4689,0.0,0.0
2024-08-01 10:50:00-04:00,7.039999961853027,7.039999961853027,6.980000019073486,6.980000019073486,5100,0.0,0.0
2024-08-01 10:55:00-04:00,6.989999771118164,6.989999771118164,6.96999979019165,6.980000019073486,5209,0.0,0.0
2024-08-01 11:00:00-04:00,6.949999809265137,6.949999809265137,6.929999828338623,6.929999828338623,3620,0.0,0.0
2024-08-01 11:05:00-04:00,6.900000095367432,6.900000095367432,6.880000114440918,6.894999980926514,5966,0.0,0.0
2024-08-01 11:10:00-04:00,6.909999847412109,6.909999847412109,6.840000152587891,6.840000152587891,9567,0.0,0.0
2024-08-01 11:15:00-04:00,6.849999904632568,6.929999828338623,6.840000152587891,6.929999828338623,8891,0.0,0.0
2024-08-01 11:20:00-04:00,6.909999847412109,6.940000057220459,6.880000114440918,6.940000057220459,9095,0.0,0.0
2024-08-01 11:25:00-04:00,6.949999809265137,6.960000038146973,6.920000076293945,6.920000076293945,4726,0.0,0.0
2024-08-01 11:30:00-04:00,6.929999828338623,6.929999828338623,6.840000152587891,6.860000133514404,16780,0.0,0.0
2024-08-01 11:35:00-04:00,6.860000133514404,6.909999847412109,6.769999980926514,6.769999980926514,39726,0.0,0.0
2024-08-01 11:40:00-04:00,6.769999980926514,6.789999961853027,6.71999979019165,6.739999771118164,15915,0.0,0.0
2024-08-01 11:45:00-04:00,6.769999980926514,6.769999980926514,6.75,6.760000228881836,5475,0.0,0.0
2024-08-01 11:50:00-04:00,6.760000228881836,6.769999980926514,6.739999771118164,6.739999771118164,11405,0.0,0.0
2024-08-01 11:55:00-04:00,6.760000228881836,6.789999961853027,6.75,6.760000228881836,7355,0.0,0.0
2024-08-01 12:00:00-04:00,6.769999980926514,6.789999961853027,6.75,6.769999980926514,7728,0.0,0.0
2024-08-01 12:05:00-04:00,6.78000020980835,6.78000020980835,6.764999866485596,6.764999866485596,5758,0.0,0.0
2024-08-01 12:10:00-04:00,6.764999866485596,6.764999866485596,6.730000019073486,6.730000019073486,9224,0.0,0.0
2024-08-01 12:15:00-04:00,6.739999771118164,6.769999980926514,6.739999771118164,6.760000228881836,7612,0.0,0.0
2024-08-01 12:20:00-04:00,6.75,6.765100002288818,6.710000038146973,6.710000038146973,7066,0.0,0.0
2024-08-01 12:25:00-04:00,6.71999979019165,6.739999771118164,6.710000038146973,6.739999771118164,7872,0.0,0.0
2024-08-01 12:30:00-04:00,6.730000019073486,6.739999771118164,6.699999809265137,6.710000038146973,4035,0.0,0.0
2024-08-01 12:35:00-04:00,6.710000038146973,6.71999979019165,6.659999847412109,6.670000076293945,10137,0.0,0.0
2024-08-01 12:40:00-04:00,6.659999847412109,6.670000076293945,6.650000095367432,6.650000095367432,10741,0.0,0.0
2024-08-01 12:45:00-04:00,6.65500020980835,6.695000171661377,6.65500020980835,6.679999828338623,8421,0.0,0.0
2024-08-01 12:50:00-04:00,6.679999828338623,6.679999828338623,6.659999847412109,6.670000076293945,5351,0.0,0.0
2024-08-01 12:55:00-04:00,6.65500020980835,6.670000076293945,6.639999866485596,6.659999847412109,7734,0.0,0.0
2024-08-01 13:00:00-04:00,6.659999847412109,6.659999847412109,6.650000095367432,6.650000095367432,4570,0.0,0.0
2024-08-01 13:05:00-04:00,6.639999866485596,6.639999866485596,6.630000114440918,6.635000228881836,3906,0.0,0.0
2024-08-01 13:10:00-04:00,6.635000228881836,6.670000076293945,6.635000228881836,6.650000095367432,9344,0.0,0.0
2024-08-01 13:15:00-04:00,6.650000095367432,6.650000095367432,6.619999885559082,6.619999885559082,4450,0.0,0.0
2024-08-01 13:20:00-04:00,6.619999885559082,6.630000114440918,6.539999961853027,6.550000190734863,29452,0.0,0.0
2024-08-01 13:25:00-04:00,6.559999942779541,6.699999809265137,6.550000190734863,6.659999847412109,27801,0.0,0.0
2024-08-01 13:30:00-04:00,6.659999847412109,6.659999847412109,6.650000095367432,6.650000095367432,1668,0.0,0.0
2024-08-01 13:35:00-04:00,6.65500020980835,6.65500020980835,6.590000152587891,6.599999904632568,11982,0.0,0.0
2024-08-01 13:40:00-04:00,6.599999904632568,6.639999866485596,6.599999904632568,6.610000133514404,8106,0.0,0.0
2024-08-01 13:45:00-04:00,6.610000133514404,6.614999771118164,6.599999904632568,6.610000133514404,2501,0.0,0.0
2024-08-01 13:50:00-04:00,6.610000133514404,6.610000133514404,6.599999904632568,6.610000133514404,4611,0.0,0.0
2024-08-01 13:55:00-04:00,6.619999885559082,6.619999885559082,6.590000152587891,6.590000152587891,6479,0.0,0.0
2024-08-01 14:00:00-04:00,6.599999904632568,6.599999904632568,6.579999923706055,6.590000152587891,3199,0.0,0.0
2024-08-01 14:05:00-04:00,6.599999904632568,6.599999904632568,6.585000038146973,6.585000038146973,3220,0.0,0.0
2024-08-01 14:10:00-04:00,6.590000152587891,6.599999904632568,6.574999809265137,6.599999904632568,7407,0.0,0.0
2024-08-01 14:15:00-04:00,6.610000133514404,6.610000133514404,6.590000152587891,6.590799808502197,3464,0.0,0.0
2024-08-01 14:20:00-04:00,6.599999904632568,6.619999885559082,6.599999904632568,6.610099792480469,4749,0.0,0.0
2024-08-01 14:25:00-04:00,6.610000133514404,6.619999885559082,6.59499979019165,6.599999904632568,11153,0.0,0.0
2024-08-01 14:30:00-04:00,6.590000152587891,6.590000152587891,6.559999942779541,6.570000171661377,7639,0.0,0.0
2024-08-01 14:35:00-04:00,6.565000057220459,6.619999885559082,6.565000057220459,6.590000152587891,20103,0.0,0.0
2024-08-01 14:40:00-04:00,6.590000152587891,6.590000152587891,6.550000190734863,6.550000190734863,7568,0.0,0.0
2024-08-01 14:45:00-04:00,6.550000190734863,6.570000171661377,6.550000190734863,6.559999942779541,7047,0.0,0.0
2024-08-01 14:50:00-04:00,6.559999942779541,6.579999923706055,6.550000190734863,6.550000190734863,9513,0.0,0.0
2024-08-01 14:55:00-04:00,6.539999961853027,6.550000190734863,6.53000020980835,6.53000020980835,10361,0.0,0.0
2024-08-01 15:00:00-04:00,6.550000190734863,6.559999942779541,6.541399955749512,6.554999828338623,3405,0.0,0.0
2024-08-01 15:05:00-04:00,6.554999828338623,6.559999942779541,6.534999847412109,6.534999847412109,6741,0.0,0.0
2024-08-01 15:10:00-04:00,6.539999961853027,6.590000152587891,6.539999961853027,6.590000152587891,8314,0.0,0.0
2024-08-01 15:15:00-04:00,6.579999923706055,6.614999771118164,6.579999923706055,6.614999771118164,8327,0.0,0.0
2024-08-01 15:20:00-04:00,6.619999885559082,6.670000076293945,6.610000133514404,6.670000076293945,14613,0.0,0.0
2024-08-01 15:25:00-04:00,6.670000076293945,6.71999979019165,6.670000076293945,6.710000038146973,11913,0.0,0.0
2024-08-01 15:30:00-04:00,6.704999923706055,6.710000038146973,6.695000171661377,6.704999923706055,10786,0.0,0.0
2024-08-01 15:35:00-04:00,6.700699806213379,6.710000038146973,6.679999828338623,6.684999942779541,11473,0.0,0.0
2024-08-01 15:40:00-04:00,6.690000057220459,6.690000057220459,6.630000114440918,6.630000114440918,16394,0.0,0.0
2024-08-01 15:45:00-04:00,6.630000114440918,6.639999866485596,6.625,6.630000114440918,12203,0.0,0.0
2024-08-01 15:50:00-04:00,6.630000114440918,6.639999866485596,6.590000152587891,6.599999904632568,32755,0.0,0.0
2024-08-01 15:55:00-04:00,6.605000019073486,6.610000133514404,6.590000152587891,6.598999977111816,62670,0.0,0.0
2024-08-02 09:30:00-04:00,6.28000020980835,6.28000020980835,5.940000057220459,6.170000076293945,36508,0.0,0.0
2024-08-02 09:35:00-04:00,6.159999847412109,6.25,6.090000152587891,6.25,22564,0.0,0.0
2024-08-02 09:40:00-04:00,6.28000020980835,6.309999942779541,6.25,6.284999847412109,9305,0.0,0.0
2024-08-02 09:45:00-04:00,6.28000020980835,6.414999961853027,6.28000020980835,6.414999961853027,43799,0.0,0.0
2024-08-02 09:50:00-04:00,6.414999961853027,6.46999979019165,6.369999885559082,6.369999885559082,20857,0.0,0.0
2024-08-02 09:55:00-04:00,6.369999885559082,6.380000114440918,6.329999923706055,6.380000114440918,9388,0.0,0.0
2024-08-02 10:00:00-04:00,6.374000072479248,6.489999771118164,6.364999771118164,6.489999771118164,16378,0.0,0.0
2024-08-02 10:05:00-04:00,6.46999979019165,6.46999979019165,6.420000076293945,6.435999870300293,19977,0.0,0.0
2024-08-02 10:10:00-04:00,6.429999828338623,6.519999980926514,6.429999828338623,6.519999980926514,25431,0.0,0.0
2024-08-02 10:15:00-04:00,6.53000020980835,6.570000171661377,6.510000228881836,6.559999942779541,10801,0.0,0.0
2024-08-02 10:20:00-04:00,6.550000190734863,6.570000171661377,6.53000020980835,6.570000171661377,10620,0.0,0.0
2024-08-02 10:25:00-04:00,6.579999923706055,6.639999866485596,6.579999923706055,6.639999866485596,6324,0.0,0.0
2024-08-02 10:30:00-04:00,6.650000095367432,6.670000076293945,6.630000114440918,6.639999866485596,9349,0.0,0.0
2024-08-02 10:35:00-04:00,6.635000228881836,6.659999847412109,6.599999904632568,6.639999866485596,11133,0.0,0.0
2024-08-02 10:40:00-04:00,6.619999885559082,6.628200054168701,6.610000133514404,6.610000133514404,7342,0.0,0.0
2024-08-02 10:45:00-04:00,6.610000133514404,6.619999885559082,6.579999923706055,6.579999923706055,8351,0.0,0.0
2024-08-02 10:50:00-04:00,6.579999923706055,6.630000114440918,6.579999923706055,6.610000133514404,8411,0.0,0.0
2024-08-02 10:55:00-04:00,6.599999904632568,6.599999904632568,6.539999961853027,6.550000190734863,7812,0.0,0.0
2024-08-02 11:00:00-04:00,6.559999942779541,6.570000171661377,6.539999961853027,6.539999961853027,6452,0.0,0.0
2024-08-02 11:05:00-04:00,6.539999961853027,6.550000190734863,6.53000020980835,6.550000190734863,2176,0.0,0.0
2024-08-02 11:10:00-04:00,6.559999942779541,6.599999904632568,6.554999828338623,6.570000171661377,7963,0.0,0.0
2024-08-02 11:15:00-04:00,6.570000171661377,6.570000171661377,6.534999847412109,6.534999847412109,4008,0.0,0.0
2024-08-02 11:20:00-04:00,6.539999961853027,6.550000190734863,6.519999980926514,6.519999980926514,6447,0.0,0.0
2024-08-02 11:25:00-04:00,6.510000228881836,6.510000228881836,6.400000095367432,6.460000038146973,32346,0.0,0.0
2024-08-02 11:30:00-04:00,6.460000038146973,6.53000020980835,6.460000038146973,6.53000020980835,5592,0.0,0.0
2024-08-02 11:35:00-04:00,6.539999961853027,6.579999923706055,6.539999961853027,6.550000190734863,4751,0.0,0.0
2024-08-02 11:40:00-04:00,6.540200233459473,6.579999923706055,6.519999980926514,6.579999923706055,10619,0.0,0.0
2024-08-02 11:45:00-04:00,6.570000171661377,6.570000171661377,6.539999961853027,6.539999961853027,4375,0.0,0.0
2024-08-02 11:50:00-04:00,6.539999961853027,6.559999942779541,6.510000228881836,6.539999961853027,6435,0.0,0.0
2024-08-02 11:55:00-04:00,6.559999942779541,6.559999942779541,6.550000190734863,6.559999942779541,3509,0.0,0.0
2024-08-02 12:00:00-04:00,6.550000190734863,6.550000190734863,6.525000095367432,6.550000190734863,3185,0.0,0.0
2024-08-02 12:05:00-04:00,6.551000118255615,6.565000057220459,6.551000118255615,6.559999942779541,4517,0.0,0.0
2024-08-02 12:10:00-04:00,6.559999942779541,6.559999942779541,6.53000020980835,6.539999961853027,6360,0.0,0.0
2024-08-02 12:15:00-04:00,6.550000190734863,6.570000171661377,6.550000190734863,6.559999942779541,3979,0.0,0.0
2024-08-02 12:20:00-04:00,6.570000171661377,6.610000133514404,6.570000171661377,6.599999904632568,10202,0.0,0.0
2024-08-02 12:25:00-04:00,6.599999904632568,6.610000133514404,6.59499979019165,6.59499979019165,1458,0.0,0.0
2024-08-02 12:30:00-04:00,6.590000152587891,6.619999885559082,6.585000038146973,6.619999885559082,6662,0.0,0.0
2024-08-02 12:35:00-04:00,6.630000114440918,6.650000095367432,6.630000114440918,6.650000095367432,3539,0.0,0.0
2024-08-02 12:40:00-04:00,6.650000095367432,6.679999828338623,6.650000095367432,6.679999828338623,4798,0.0,0.0
2024-08-02 12:45:00-04:00,6.670000076293945,6.679999828338623,6.639999866485596,6.670000076293945,4895,0.0,0.0
2024-08-02 12:50:00-04:00,6.650000095367432,6.650000095367432,6.610000133514404,6.619999885559082,7855,0.0,0.0
2024-08-02 12:55:00-04:00,6.630000114440918,6.670000076293945,6.630000114440918,6.670000076293945,2364,0.0,0.0
2024-08-02 13:00:00-04:00,6.659999847412109,6.659999847412109,6.630000114440918,6.630000114440918,6288,0.0,0.0
2024-08-02 13:05:00-04:00,6.630000114440918,6.630000114440918,6.600800037384033,6.600800037384033,1995,0.0,0.0
2024-08-02 13:10:00-04:00,6.599999904632568,6.625,6.599999904632568,6.625,1966,0.0,0.0
2024-08-02 13:15:00-04:00,6.625,6.639999866485596,6.614999771118164,6.625,6046,0.0,0.0
2024-08-02 13:20:00-04:00,6.625,6.625,6.610000133514404,6.610000133514404,3477,0.0,0.0
2024-08-02 13:25:00-04:00,6.630000114440918,6.635000228881836,6.619999885559082,6.619999885559082,2014,0.0,0.0
2024-08-02 13:30:00-04:00,6.610000133514404,6.610000133514404,6.599999904632568,6.605000019073486,2121,0.0,0.0
2024-08-02 13:35:00-04:00,6.605000019073486,6.605000019073486,6.579999923706055,6.590000152587891,3639,0.0,0.0
2024-08-02 13:40:00-04:00,6.579999923706055,6.579999923706055,6.559999942779541,6.559999942779541,3626,0.0,0.0
2024-08-02 13:45:00-04:00,6.570000171661377,6.570000171661377,6.559999942779541,6.559999942779541,4082,0.0,0.0
2024-08-02 13:50:00-04:00,6.550000190734863,6.559999942779541,6.519999980926514,6.519999980926514,6829,0.0,0.0
2024-08-02 13:55:00-04:00,6.53000020980835,6.531000137329102,6.5,6.5,3341,0.0,0.0
2024-08-02 14:00:00-04:00,6.5,6.5,6.489999771118164,6.489999771118164,2876,0.0,0.0
2024-08-02 14:05:00-04:00,6.489999771118164,6.510000228881836,6.489999771118164,6.5,8518,0.0,0.0
2024-08-02 14:10:00-04:00,6.489999771118164,6.53000020980835,6.485000133514404,6.525000095367432,9392,0.0,0.0
2024-08-02 14:15:00-04:00,6.53000020980835,6.539999961853027,6.525000095367432,6.539999961853027,2099,0.0,0.0
2024-08-02 14:20:00-04:00,6.539999961853027,6.559999942779541,6.539999961853027,6.554999828338623,4164,0.0,0.0
2024-08-02 14:25:00-04:00,6.574999809265137,6.579999923706055,6.574999809265137,6.579999923706055,545,0.0,0.0
2024-08-02 14:30:00-04:00,6.574999809265137,6.599999904632568,6.574999809265137,6.599999904632568,6732,0.0,0.0
2024-08-02 14:35:00-04:00,6.579999923706055,6.579999923706055,6.565000057220459,6.565000057220459,4449,0.0,0.0
2024-08-02 14:40:00-04:00,6.570000171661377,6.599999904632568,6.570000171661377,6.599999904632568,2254,0.0,0.0
2024-08-02 14:45:00-04:00,6.590000152587891,6.59499979019165,6.590000152587891,6.59499979019165,2210,0.0,0.0
2024-08-02 14:50:00-04:00,6.605000019073486,6.605000019073486,6.579999923706055,6.579999923706055,6482,0.0,0.0
2024-08-02 14:55:00-04:00,6.598499774932861,6.599999904632568,6.590000152587891,6.59499979019165,3552,0.0,0.0
2024-08-02 15:00:00-04:00,6.599999904632568,6.619999885559082,6.599999904632568,6.600200176239014,5263,0.0,0.0
2024-08-02 15:05:00-04:00,6.610000133514404,6.614999771118164,6.574999809265137,6.579999923706055,8285,0.0,0.0
2024-08-02 15:10:00-04:00,6.579999923706055,6.59499979019165,6.574999809265137,6.59499979019165,5823,0.0,0.0
2024-08-02 15:15:00-04:00,6.599999904632568,6.605000019073486,6.539999961853027,6.539999961853027,15529,0.0,0.0
2024-08-02 15:20:00-04:00,6.539999961853027,6.539999961853027,6.510000228881836,6.539999961853027,12650,0.0,0.0
2024-08-02 15:25:00-04:00,6.550000190734863,6.590000152587891,6.550000190734863,6.579999923706055,8597,0.0,0.0
2024-08-02 15:30:00-04:00,6.579999923706055,6.590000152587891,6.565000057220459,6.574999809265137,7956,0.0,0.0
2024-08-02 15:35:00-04:00,6.570000171661377,6.570000171661377,6.510000228881836,6.550000190734863,20979,0.0,0.0
2024-08-02 15:40:00-04:00,6.539999961853027,6.559999942779541,6.539000034332275,6.550000190734863,11815,0.0,0.0
2024-08-02 15:45:00-04:00,6.5584001541137695,6.579999923706055,6.550000190734863,6.554999828338623,30174,0.0,0.0
2024-08-02 15:50:00-04:00,6.550000190734863,6.559999942779541,6.510000228881836,6.545000076293945,37383,0.0,0.0
2024-08-02 15:55:00-04:00,6.545000076293945,6.619999885559082,6.539999961853027,6.599999904632568,93205,0.0,0.0
2024-08-05 09:30:00-04:00,5.989999771118164,6.085000038146973,5.989999771118164,6.0,16793,0.0,0.0
2024-08-05 09:35:00-04:00,5.980000019073486,6.170000076293945,5.980000019073486,6.164999961853027,14796,0.0,0.0
2024-08-05 09:40:00-04:00,6.19980001449585,6.19980001449585,6.114999771118164,6.125,23934,0.0,0.0
2024-08-05 09:45:00-04:00,6.139999866485596,6.235000133514404,6.125,6.21999979019165,13736,0.0,0.0
2024-08-05 09:50:00-04:00,6.21999979019165,6.230000019073486,6.170000076293945,6.179999828338623,10875,0.0,0.0
2024-08-05 09:55:00-04:00,6.150000095367432,6.215000152587891,6.150000095367432,6.190000057220459,10510,0.0,0.0
2024-08-05 10:00:00-04:00,6.199999809265137,6.269999980926514,6.199999809265137,6.25,14309,0.0,0.0
2024-08-05 10:05:00-04:00,6.239999771118164,6.25,6.150000095367432,6.150000095367432,9489,0.0,0.0
2024-08-05 10:10:00-04:00,6.144999980926514,6.179999828338623,6.125,6.170000076293945,11924,0.0,0.0
2024-08-05 10:15:00-04:00,6.15500020980835,6.170000076293945,6.150000095367432,6.159999847412109,16754,0.0,0.0
2024-08-05 10:20:00-04:00,6.161499977111816,6.161499977111816,6.085000038146973,6.085000038146973,25378,0.0,0.0
2024-08-05 10:25:00-04:00,6.085000038146973,6.099999904632568,6.010000228881836,6.019999980926514,12628,0.0,0.0
2024-08-05 10:30:00-04:00,6.039999961853027,6.090000152587891,6.025000095367432,6.090000152587891,14308,0.0,0.0
2024-08-05 10:35:00-04:00,6.090000152587891,6.090000152587891,6.03000020980835,6.045000076293945,20904,0.0,0.0
2024-08-05 10:40:00-04:00,6.059999942779541,6.130000114440918,6.059999942779541,6.119999885559082,17745,0.0,0.0
2024-08-05 10:45:00-04:00,6.130000114440918,6.139999866485596,6.099999904632568,6.119999885559082,17695,0.0,0.0
2024-08-05 10:50:00-04:00,6.119999885559082,6.119999885559082,6.099999904632568,6.110000133514404,27513,0.0,0.0
2024-08-05 10:55:00-04:00,6.110000133514404,6.119999885559082,6.09499979019165,6.119999885559082,70168,0.0,0.0
2024-08-05 11:00:00-04:00,6.130000114440918,6.159999847412109,6.130000114440918,6.150000095367432,8341,0.0,0.0
2024-08-05 11:05:00-04:00,6.150000095367432,6.190000057220459,6.150000095367432,6.179999828338623,11068,0.0,0.0
2024-08-05 11:10:00-04:00,6.179999828338623,6.190000057220459,6.159999847412109,6.170000076293945,12137,0.0,0.0
2024-08-05 11:15:00-04:00,6.179999828338623,6.184999942779541,6.150000095367432,6.150000095367432,12793,0.0,0.0
2024-08-05 11:20:00-04:00,6.150000095367432,6.164999961853027,6.139999866485596,6.164999961853027,21498,0.0,0.0
2024-08-05 11:25:00-04:00,6.164999961853027,6.210000038146973,6.164999961853027,6.195000171661377,11426,0.0,0.0
2024-08-05 11:30:00-04:00,6.190000057220459,6.239999771118164,6.179999828338623,6.239999771118164,8602,0.0,0.0
2024-08-05 11:35:00-04:00,6.25,6.260000228881836,6.230000019073486,6.230000019073486,9329,0.0,0.0
2024-08-05 11:40:00-04:00,6.230000019073486,6.244999885559082,6.230000019073486,6.239999771118164,4242,0.0,0.0
2024-08-05 11:45:00-04:00,6.239999771118164,6.28000020980835,6.230000019073486,6.260000228881836,8912,0.0,0.0
2024-08-05 11:50:00-04:00,6.260000228881836,6.260000228881836,6.224999904632568,6.230000019073486,10151,0.0,0.0
2024-08-05 11:55:00-04:00,6.21999979019165,6.239999771118164,6.21999979019165,6.239999771118164,7475,0.0,0.0
2024-08-05 12:00:00-04:00,6.239999771118164,6.28000020980835,6.239999771118164,6.28000020980835,12664,0.0,0.0
2024-08-05 12:05:00-04:00,6.28000020980835,6.28000020980835,6.269999980926514,6.28000020980835,3306,0.0,0.0
2024-08-05 12:10:00-04:00,6.28000020980835,6.28000020980835,6.235000133514404,6.244999885559082,15942,0.0,0.0
2024-08-05 12:15:00-04:00,6.239999771118164,6.269999980926514,6.235000133514404,6.260000228881836,11751,0.0,0.0
2024-08-05 12:20:00-04:00,6.260000228881836,6.269999980926514,6.260000228881836,6.264999866485596,7693,0.0,0.0
2024-08-05 12:25:00-04:00,6.264999866485596,6.28000020980835,6.264999866485596,6.275000095367432,8000,0.0,0.0
2024-08-05 12:30:00-04:00,6.275000095367432,6.329899787902832,6.269999980926514,6.310100078582764,13406,0.0,0.0
2024-08-05 12:35:00-04:00,6.320000171661377,6.320000171661377,6.28000020980835,6.28000020980835,9547,0.0,0.0
2024-08-05 12:40:00-04:00,6.28000020980835,6.309999942779541,6.260000228881836,6.304999828338623,7854,0.0,0.0
2024-08-05 12:45:00-04:00,6.300000190734863,6.309999942779541,6.300000190734863,6.300000190734863,5922,0.0,0.0
2024-08-05 12:50:00-04:00,6.300000190734863,6.300000190734863,6.269999980926514,6.269999980926514,6494,0.0,0.0
2024-08-05 12:55:00-04:00,6.264999866485596,6.269999980926514,6.230000019073486,6.25,8245,0.0,0.0
2024-08-05 13:00:00-04:00,6.25,6.25,6.199999809265137,6.199999809265137,4643,0.0,0.0
2024-08-05 13:05:00-04:00,6.199999809265137,6.210000038146973,6.190000057220459,6.210000038146973,4544,0.0,0.0
2024-08-05 13:10:00-04:00,6.210000038146973,6.25,6.199999809265137,6.25,16940,0.0,0.0
2024-08-05 13:15:00-04:00,6.260000228881836,6.28000020980835,6.260000228881836,6.28000020980835,7418,0.0,0.0
2024-08-05 13:20:00-04:00,6.275000095367432,6.28000020980835,6.260000228881836,6.269999980926514,7356,0.0,0.0
2024-08-05 13:25:00-04:00,6.260000228881836,6.28000020980835,6.260000228881836,6.28000020980835,9076,0.0,0.0
2024-08-05 13:30:00-04:00,6.269999980926514,6.269999980926514,6.239999771118164,6.269999980926514,25465,0.0,0.0
2024-08-05 13:35:00-04:00,6.260000228881836,6.289999961853027,6.260000228881836,6.289999961853027,10109,0.0,0.0
2024-08-05 13:40:00-04:00,6.284999847412109,6.300000190734863,6.284999847412109,6.300000190734863,24897,0.0,0.0
2024-08-05 13:45:00-04:00,6.304999828338623,6.320000171661377,6.300000190734863,6.320000171661377,11486,0.0,0.0
2024-08-05 13:50:00-04:00,6.320000171661377,6.320000171661377,6.295000076293945,6.309999942779541,11678,0.0,0.0
2024-08-05 13:55:00-04:00,6.309999942779541,6.315000057220459,6.300000190734863,6.315000057220459,12782,0.0,0.0
2024-08-05 14:00:00-04:00,6.309999942779541,6.309999942779541,6.300000190734863,6.304999828338623,9445,0.0,0.0
2024-08-05 14:05:00-04:00,6.304999828338623,6.309999942779541,6.300000190734863,6.304999828338623,10392,0.0,0.0
2024-08-05 14:10:00-04:00,6.300000190734863,6.304999828338623,6.300000190734863,6.304999828338623,1755,0.0,0.0
2024-08-05 14:15:00-04:00,6.300000190734863,6.309999942779541,6.300000190734863,6.300000190734863,16325,0.0,0.0
2024-08-05 14:20:00-04:00,6.304999828338623,6.309999942779541,6.304999828338623,6.309999942779541,4573,0.0,0.0
2024-08-05 14:25:00-04:00,6.304999828338623,6.304999828338623,6.300000190734863,6.304999828338623,12121,0.0,0.0
2024-08-05 14:30:00-04:00,6.304999828338623,6.304999828338623,6.300000190734863,6.300000190734863,27463,0.0,0.0
2024-08-05 14:35:00-04:00,6.300000190734863,6.309999942779541,6.289999961853027,6.304999828338623,68140,0.0,0.0
2024-08-05 14:40:00-04:00,6.304999828338623,6.309999942779541,6.289999961853027,6.300000190734863,23140,0.0,0.0
2024-08-05 14:45:00-04:00,6.304999828338623,6.309999942779541,6.300000190734863,6.304999828338623,8634,0.0,0.0
2024-08-05 14:50:00-04:00,6.304999828338623,6.309999942779541,6.300000190734863,6.309999942779541,19718,0.0,0.0
2024-08-05 14:55:00-04:00,6.315000057220459,6.315000057220459,6.295000076293945,6.309999942779541,27215,0.0,0.0
2024-08-05 15:00:00-04:00,6.304999828338623,6.340000152587891,6.304999828338623,6.320000171661377,13434,0.0,0.0
2024-08-05 15:05:00-04:00,6.315000057220459,6.380000114440918,6.315000057220459,6.380000114440918,6866,0.0,0.0
2024-08-05 15:10:00-04:00,6.380000114440918,6.380000114440918,6.320000171661377,6.340000152587891,17827,0.0,0.0
2024-08-05 15:15:00-04:00,6.340000152587891,6.34499979019165,6.300000190734863,6.320000171661377,14039,0.0,0.0
2024-08-05 15:20:00-04:00,6.329999923706055,6.34499979019165,6.329999923706055,6.340000152587891,11035,0.0,0.0
2024-08-05 15:25:00-04:00,6.34499979019165,6.360000133514404,6.34499979019165,6.350900173187256,11619,0.0,0.0
2024-08-05 15:30:00-04:00,6.360000133514404,6.369999885559082,6.360000133514404,6.369999885559082,10867,0.0,0.0
2024-08-05 15:35:00-04:00,6.366000175476074,6.400000095367432,6.364999771118164,6.375,15452,0.0,0.0
2024-08-05 15:40:00-04:00,6.375,6.389999866485596,6.34499979019165,6.34499979019165,14411,0.0,0.0
2024-08-05 15:45:00-04:00,6.349999904632568,6.360000133514404,6.34499979019165,6.349999904632568,23890,0.0,0.0
2024-08-05 15:50:00-04:00,6.34499979019165,6.355000019073486,6.330100059509277,6.340000152587891,32778,0.0,0.0
2024-08-05 15:55:00-04:00,6.340000152587891,6.360000133514404,6.309999942779541,6.329999923706055,98471,0.0,0.0
2024-08-06 09:30:00-04:00,6.400000095367432,6.449999809265137,6.239999771118164,6.30079984664917,16969,0.0,0.0
2024-08-06 09:35:00-04:00,6.340000152587891,6.380000114440918,6.340000152587891,6.380000114440918,5901,0.0,0.0
2024-08-06 09:40:00-04:00,6.400000095367432,6.440000057220459,6.369999885559082,6.440000057220459,13270,0.0,0.0
2024-08-06 09:45:00-04:00,6.449999809265137,6.480000019073486,6.449999809265137,6.480000019073486,4075,0.0,0.0
2024-08-06 09:50:00-04:00,6.489999771118164,6.550000190734863,6.489999771118164,6.489999771118164,11109,0.0,0.0
2024-08-06 09:55:00-04:00,6.5,6.519999980926514,6.489999771118164,6.510000228881836,5356,0.0,0.0
2024-08-06 10:00:00-04:00,6.519999980926514,6.590000152587891,6.489999771118164,6.590000152587891,8004,0.0,0.0
2024-08-06 10:05:00-04:00,6.590000152587891,6.650000095367432,6.579999923706055,6.650000095367432,8954,0.0,0.0
2024-08-06 10:10:00-04:00,6.650000095367432,6.670000076293945,6.610000133514404,6.610000133514404,16397,0.0,0.0
2024-08-06 10:15:00-04:00,6.630000114440918,6.650000095367432,6.610000133514404,6.639999866485596,4640,0.0,0.0
2024-08-06 10:20:00-04:00,6.650000095367432,6.670000076293945,6.650000095367432,6.670000076293945,2562,0.0,0.0
2024-08-06 10:25:00-04:00,6.670000076293945,6.670000076293945,6.599999904632568,6.639999866485596,11940,0.0,0.0
2024-08-06 10:30:00-04:00,6.639999866485596,6.650000095367432,6.590000152587891,6.620999813079834,8420,0.0,0.0
2024-08-06 10:35:00-04:00,6.619999885559082,6.650000095367432,6.610000133514404,6.619999885559082,6028,0.0,0.0
2024-08-06 10:40:00-04:00,6.619999885559082,6.650000095367432,6.619999885559082,6.639999866485596,4864,0.0,0.0
2024-08-06 10:45:00-04:00,6.630000114440918,6.679999828338623,6.630000114440918,6.679999828338623,5676,0.0,0.0
2024-08-06 10:50:00-04:00,6.679999828338623,6.679999828338623,6.610000133514404,6.639999866485596,7708,0.0,0.0
2024-08-06 10:55:00-04:00,6.630000114440918,6.639999866485596,6.619999885559082,6.639999866485596,6089,0.0,0.0
2024-08-06 11:00:00-04:00,6.649700164794922,6.670000076293945,6.649700164794922,6.659999847412109,4825,0.0,0.0
2024-08-06 11:05:00-04:00,6.679999828338623,6.679999828338623,6.679999828338623,6.679999828338623,1169,0.0,0.0
2024-08-06 11:10:00-04:00,6.670000076293945,6.670000076293945,6.610000133514404,6.619999885559082,8334,0.0,0.0
2024-08-06 11:15:00-04:00,6.619999885559082,6.619999885559082,6.570000171661377,6.570000171661377,4301,0.0,0.0
2024-08-06 11:20:00-04:00,6.579999923706055,6.599999904632568,6.550000190734863,6.579999923706055,14885,0.0,0.0
2024-08-06 11:25:00-04:00,6.559999942779541,6.570000171661377,6.559999942779541,6.559999942779541,5231,0.0,0.0
2024-08-06 11:30:00-04:00,6.570000171661377,6.590000152587891,6.570000171661377,6.579999923706055,8482,0.0,0.0
2024-08-06 11:35:00-04:00,6.570000171661377,6.579999923706055,6.559999942779541,6.579999923706055,3958,0.0,0.0
2024-08-06 11:40:00-04:00,6.587900161743164,6.599999904632568,6.570000171661377,6.590000152587891,7655,0.0,0.0
2024-08-06 11:45:00-04:00,6.599999904632568,6.599999904632568,6.570000171661377,6.579999923706055,6448,0.0,0.0
2024-08-06 11:50:00-04:00,6.590000152587891,6.599999904632568,6.579999923706055,6.590000152587891,7401,0.0,0.0
2024-08-06 11:55:00-04:00,6.585000038146973,6.599999904632568,6.585000038146973,6.590000152587891,984,0.0,0.0
2024-08-06 12:00:00-04:00,6.590000152587891,6.610000133514404,6.585000038146973,6.610000133514404,8412,0.0,0.0
2024-08-06 12:10:00-04:00,6.619999885559082,6.619999885559082,6.610000133514404,6.619999885559082,5616,0.0,0.0
2024-08-06 12:15:00-04:00,6.619999885559082,6.625,6.610000133514404,6.610000133514404,4125,0.0,0.0
2024-08-06 12:20:00-04:00,6.619999885559082,6.619999885559082,6.599999904632568,6.610000133514404,6788,0.0,0.0
2024-08-06 12:25:00-04:00,6.610000133514404,6.619999885559082,6.610000133514404,6.614999771118164,3804,0.0,0.0
2024-08-06 12:30:00-04:00,6.619999885559082,6.619999885559082,6.605000019073486,6.60699987411499,4736,0.0,0.0
2024-08-06 12:35:00-04:00,6.610000133514404,6.610000133514404,6.570000171661377,6.570000171661377,16663,0.0,0.0
2024-08-06 12:40:00-04:00,6.579999923706055,6.579999923706055,6.554999828338623,6.554999828338623,5563,0.0,0.0
2024-08-06 12:45:00-04:00,6.559999942779541,6.579999923706055,6.559999942779541,6.579999923706055,2579,0.0,0.0
2024-08-06 12:50:00-04:00,6.579999923706055,6.590000152587891,6.565000057220459,6.579999923706055,5555,0.0,0.0
2024-08-06 12:55:00-04:00,6.590000152587891,6.590000152587891,6.572000026702881,6.579999923706055,4453,0.0,0.0
2024-08-06 13:00:00-04:00,6.590000152587891,6.590000152587891,6.574999809265137,6.574999809265137,2311,0.0,0.0
2024-08-06 13:05:00-04:00,6.574999809265137,6.630000114440918,6.574999809265137,6.619999885559082,30011,0.0,0.0
2024-08-06 13:10:00-04:00,6.619999885559082,6.630000114440918,6.619999885559082,6.630000114440918,1522,0.0,0.0
2024-08-06 13:15:00-04:00,6.630000114440918,6.639999866485596,6.614999771118164,6.619999885559082,9006,0.0,0.0
2024-08-06 13:20:00-04:00,6.619999885559082,6.659999847412109,6.619999885559082,6.650000095367432,6872,0.0,0.0
2024-08-06 13:25:00-04:00,6.650000095367432,6.670000076293945,6.650000095367432,6.650000095367432,4203,0.0,0.0
2024-08-06 13:30:00-04:00,6.660099983215332,6.690000057220459,6.650000095367432,6.690000057220459,5987,0.0,0.0
2024-08-06 13:35:00-04:00,6.699999809265137,6.710000038146973,6.699999809265137,6.704999923706055,3371,0.0,0.0
2024-08-06 13:40:00-04:00,6.710000038146973,6.710000038146973,6.659999847412109,6.659999847412109,16783,0.0,0.0
2024-08-06 13:45:00-04:00,6.650000095367432,6.690000057220459,6.650000095367432,6.690000057220459,12384,0.0,0.0
2024-08-06 13:50:00-04:00,6.699999809265137,6.699999809265137,6.699999809265137,6.699999809265137,2137,0.0,0.0
2024-08-06 13:55:00-04:00,6.710000038146973,6.710000038146973,6.670000076293945,6.670000076293945,8002,0.0,0.0
2024-08-06 14:00:00-04:00,6.679999828338623,6.679999828338623,6.679999828338623,6.679999828338623,583,0.0,0.0
2024-08-06 14:05:00-04:00,6.679999828338623,6.690000057220459,6.679999828338623,6.690000057220459,1437,0.0,0.0
2024-08-06 14:10:00-04:00,6.690000057220459,6.699999809265137,6.690000057220459,6.699999809265137,1700,0.0,0.0
2024-08-06 14:15:00-04:00,6.699999809265137,6.709499835968018,6.699999809265137,6.704999923706055,6756,0.0,0.0
2024-08-06 14:20:00-04:00,6.710000038146973,6.730000019073486,6.710000038146973,6.71999979019165,8712,0.0,0.0
2024-08-06 14:25:00-04:00,6.71999979019165,6.739999771118164,6.71999979019165,6.739999771118164,9113,0.0,0.0
2024-08-06 14:30:00-04:00,6.75,6.75,6.730000019073486,6.75,6835,0.0,0.0
2024-08-06 14:35:00-04:00,6.75,6.75,6.710000038146973,6.710000038146973,5275,0.0,0.0
2024-08-06 14:40:00-04:00,6.71999979019165,6.71999979019165,6.71999979019165,6.71999979019165,334,0.0,0.0
2024-08-06 14:45:00-04:00,6.71999979019165,6.71999979019165,6.704999923706055,6.704999923706055,2406,0.0,0.0
2024-08-06 14:50:00-04:00,6.710000038146973,6.71999979019165,6.710000038146973,6.710000038146973,1958,0.0,0.0
2024-08-06 14:55:00-04:00,6.699999809265137,6.699999809265137,6.650000095367432,6.650000095367432,21799,0.0,0.0
2024-08-06 15:00:00-04:00,6.65500020980835,6.65500020980835,6.650000095367432,6.650000095367432,8547,0.0,0.0
2024-08-06 15:05:00-04:00,6.650000095367432,6.659999847412109,6.644999980926514,6.65500020980835,15812,0.0,0.0
2024-08-06 15:10:00-04:00,6.65500020980835,6.659999847412109,6.619999885559082,6.659999847412109,16473,0.0,0.0
2024-08-06 15:15:00-04:00,6.670000076293945,6.670000076293945,6.639999866485596,6.659999847412109,5862,0.0,0.0
2024-08-06 15:20:00-04:00,6.659999847412109,6.690000057220459,6.659999847412109,6.670000076293945,8637,0.0,0.0
2024-08-06 15:25:00-04:00,6.679999828338623,6.684999942779541,6.65500020980835,6.659999847412109,7384,0.0,0.0
2024-08-06 15:30:00-04:00,6.650000095367432,6.679999828338623,6.650000095367432,6.664999961853027,10621,0.0,0.0
2024-08-06 15:35:00-04:00,6.664999961853027,6.670000076293945,6.659999847412109,6.664999961853027,2954,0.0,0.0
2024-08-06 15:40:00-04:00,6.664999961853027,6.670000076293945,6.639999866485596,6.659999847412109,12832,0.0,0.0
2024-08-06 15:45:00-04:00,6.659999847412109,6.659999847412109,6.650000095367432,6.65500020980835,15730,0.0,0.0
2024-08-06 15:50:00-04:00,6.650000095367432,6.684999942779541,6.650000095367432,6.679999828338623,27282,0.0,0.0
2024-08-06 15:55:00-04:00,6.675000190734863,6.675000190734863,6.650000095367432,6.670000076293945,42101,0.0,0.0
2024-08-07 09:30:00-04:00,6.480000019073486,6.610000133514404,5.900000095367432,6.025000095367432,107439,0.0,0.0
2024-08-07 09:35:00-04:00,6.059999942779541,6.089900016784668,5.829999923706055,6.019999980926514,113621,0.0,0.0
2024-08-07 09:40:00-04:00,5.994999885559082,5.994999885559082,5.821800231933594,5.821800231933594,28544,0.0,0.0
2024-08-07 09:45:00-04:00,5.849999904632568,5.940000057220459,5.5,5.519999980926514,126527,0.0,0.0
2024-08-07 09:50:00-04:00,5.519999980926514,5.849999904632568,5.4019999504089355,5.775000095367432,106589,0.0,0.0
2024-08-07 09:55:00-04:00,5.769999980926514,5.869999885559082,5.71999979019165,5.800000190734863,89390,0.0,0.0
2024-08-07 10:00:00-04:00,5.78000020980835,5.824999809265137,5.610000133514404,5.699999809265137,151210,0.0,0.0
2024-08-07 10:05:00-04:00,5.679999828338623,5.8190999031066895,5.650000095367432,5.75,38361,0.0,0.0
2024-08-07 10:10:00-04:00,5.744999885559082,5.820000171661377,5.730000019073486,5.789999961853027,44457,0.0,0.0
2024-08-07 10:15:00-04:00,5.789999961853027,5.794600009918213,5.679999828338623,5.679999828338623,32273,0.0,0.0
2024-08-07 10:20:00-04:00,5.684999942779541,5.859899997711182,5.679999828338623,5.75,86173,0.0,0.0
2024-08-07 10:25:00-04:00,5.75,5.860000133514404,5.75,5.800000190734863,34249,0.0,0.0
2024-08-07 10:30:00-04:00,5.789999961853027,5.809999942779541,5.760000228881836,5.809999942779541,16446,0.0,0.0
2024-08-07 10:35:00-04:00,5.809999942779541,6.005000114440918,5.809999942779541,5.96999979019165,22041,0.0,0.0
2024-08-07 10:40:00-04:00,5.96999979019165,6.110000133514404,5.949999809265137,6.085000038146973,95568,0.0,0.0
2024-08-07 10:45:00-04:00,6.085000038146973,6.360000133514404,6.085000038146973,6.300000190734863,79172,0.0,0.0
2024-08-07 10:50:00-04:00,6.309999942779541,6.355000019073486,6.260000228881836,6.324999809265137,94088,0.0,0.0
2024-08-07 10:55:00-04:00,6.28000020980835,6.610000133514404,6.269999980926514,6.610000133514404,70810,0.0,0.0
2024-08-07 11:00:00-04:00,6.599999904632568,6.710000038146973,6.420000076293945,6.420000076293945,154040,0.0,0.0
2024-08-07 11:05:00-04:00,6.420000076293945,6.440000057220459,6.329999923706055,6.380000114440918,26310,0.0,0.0
2024-08-07 11:10:00-04:00,6.380000114440918,6.449999809265137,6.369999885559082,6.400000095367432,11452,0.0,0.0
2024-08-07 11:15:00-04:00,6.429999828338623,6.539999961853027,6.429999828338623,6.539999961853027,23040,0.0,0.0
2024-08-07 11:20:00-04:00,6.534999847412109,6.605000019073486,6.420000076293945,6.460000038146973,72992,0.0,0.0
2024-08-07 11:25:00-04:00,6.440000057220459,6.46999979019165,6.420000076293945,6.449999809265137,23526,0.0,0.0
2024-08-07 11:30:00-04:00,6.449999809265137,6.460000038146973,6.400000095367432,6.429999828338623,13629,0.0,0.0
2024-08-07 11:35:00-04:00,6.449999809265137,6.5,6.445000171661377,6.5,13908,0.0,0.0
2024-08-07 11:40:00-04:00,6.485000133514404,6.550000190734863,6.485000133514404,6.550000190734863,15942,0.0,0.0
2024-08-07 11:45:00-04:00,6.549200057983398,6.590000152587891,6.549200057983398,6.559999942779541,26683,0.0,0.0
2024-08-07 11:50:00-04:00,6.559999942779541,6.599999904632568,6.489999771118164,6.525000095367432,54861,0.0,0.0
2024-08-07 11:55:00-04:00,6.53000020980835,6.579999923706055,6.519999980926514,6.539999961853027,9031,0.0,0.0
2024-08-07 12:00:00-04:00,6.539999961853027,6.539999961853027,6.480000019073486,6.480000019073486,12042,0.0,0.0
2024-08-07 12:05:00-04:00,6.480000019073486,6.480000019073486,6.449999809265137,6.46999979019165,9380,0.0,0.0
2024-08-07 12:10:00-04:00,6.460000038146973,6.480000019073486,6.409999847412109,6.429999828338623,13757,0.0,0.0
2024-08-07 12:15:00-04:00,6.429999828338623,6.429999828338623,6.389999866485596,6.409999847412109,9716,0.0,0.0
2024-08-07 12:20:00-04:00,6.409999847412109,6.53000020980835,6.409999847412109,6.489999771118164,57826,0.0,0.0
2024-08-07 12:25:00-04:00,6.5,6.510000228881836,6.460000038146973,6.508299827575684,73217,0.0,0.0
2024-08-07 12:30:00-04:00,6.489999771118164,6.53000020980835,6.449999809265137,6.53000020980835,77675,0.0,0.0
2024-08-07 12:35:00-04:00,6.539999961853027,6.559999942779541,6.53000020980835,6.559999942779541,10082,0.0,0.0
2024-08-07 12:40:00-04:00,6.550000190734863,6.610000133514404,6.5,6.505000114440918,24764,0.0,0.0
2024-08-07 12:45:00-04:00,6.505000114440918,6.510000228881836,6.445000171661377,6.480000019073486,53089,0.0,0.0
2024-08-07 12:50:00-04:00,6.480000019073486,6.559999942779541,6.480000019073486,6.559999942779541,24906,0.0,0.0
2024-08-07 12:55:00-04:00,6.570000171661377,6.590000152587891,6.539999961853027,6.539999961853027,8383,0.0,0.0
2024-08-07 13:00:00-04:00,6.534999847412109,6.599999904632568,6.53000020980835,6.579999923706055,21384,0.0,0.0
2024-08-07 13:05:00-04:00,6.570000171661377,6.570000171661377,6.550000190734863,6.559999942779541,5499,0.0,0.0
2024-08-07 13:10:00-04:00,6.570000171661377,6.590000152587891,6.570000171661377,6.570000171661377,6759,0.0,0.0
2024-08-07 13:15:00-04:00,6.565000057220459,6.570000171661377,6.534999847412109,6.534999847412109,6464,0.0,0.0
2024-08-07 13:20:00-04:00,6.534999847412109,6.59499979019165,6.53000020980835,6.579999923706055,59670,0.0,0.0
2024-08-07 13:25:00-04:00,6.590000152587891,6.590000152587891,6.579999923706055,6.579999923706055,5498,0.0,0.0
2024-08-07 13:30:00-04:00,6.579999923706055,6.659999847412109,6.579999923706055,6.639999866485596,45910,0.0,0.0
2024-08-07 13:35:00-04:00,6.650000095367432,6.699999809265137,6.525000095367432,6.585000038146973,66537,0.0,0.0
2024-08-07 13:40:00-04:00,6.559999942779541,6.570000171661377,6.510000228881836,6.570000171661377,8765,0.0,0.0
2024-08-07 13:45:00-04:00,6.570000171661377,6.610000133514404,6.510000228881836,6.53000020980835,15611,0.0,0.0
2024-08-07 13:50:00-04:00,6.525000095367432,6.599999904632568,6.525000095367432,6.599999904632568,60200,0.0,0.0
2024-08-07 13:55:00-04:00,6.599999904632568,6.630000114440918,6.550000190734863,6.610000133514404,13745,0.0,0.0
2024-08-07 14:00:00-04:00,6.610000133514404,6.690000057220459,6.539999961853027,6.590000152587891,69628,0.0,0.0
2024-08-07 14:05:00-04:00,6.599999904632568,6.630000114440918,6.599999904632568,6.619999885559082,6107,0.0,0.0
2024-08-07 14:10:00-04:00,6.610000133514404,6.610000133514404,6.550000190734863,6.579999923706055,25675,0.0,0.0
2024-08-07 14:15:00-04:00,6.579999923706055,6.610000133514404,6.579999923706055,6.585000038146973,6647,0.0,0.0
2024-08-07 14:20:00-04:00,6.585000038146973,6.59499979019165,6.550000190734863,6.590000152587891,57695,0.0,0.0
2024-08-07 14:25:00-04:00,6.590000152587891,6.599999904632568,6.550000190734863,6.559999942779541,11531,0.0,0.0
2024-08-07 14:30:00-04:00,6.550000190734863,6.610000133514404,6.539999961853027,6.585000038146973,21633,0.0,0.0
2024-08-07 14:35:00-04:00,6.585000038146973,6.630000114440918,6.559999942779541,6.565000057220459,29360,0.0,0.0
2024-08-07 14:40:00-04:00,6.579999923706055,6.610000133514404,6.579999923706055,6.610000133514404,4675,0.0,0.0
2024-08-07 14:45:00-04:00,6.599999904632568,6.599999904632568,6.489999771118164,6.5,38108,0.0,0.0
2024-08-07 14:50:00-04:00,6.480000019073486,6.53000020980835,6.480000019073486,6.53000020980835,6422,0.0,0.0
2024-08-07 14:55:00-04:00,6.519999980926514,6.539999961853027,6.514999866485596,6.519999980926514,8921,0.0,0.0
2024-08-07 15:00:00-04:00,6.519999980926514,6.619999885559082,6.519999980926514,6.619999885559082,14367,0.0,0.0
2024-08-07 15:05:00-04:00,6.630000114440918,6.659999847412109,6.559999942779541,6.619999885559082,48515,0.0,0.0
2024-08-07 15:10:00-04:00,6.630000114440918,6.699999809265137,6.619999885559082,6.699999809265137,24820,0.0,0.0
2024-08-07 15:15:00-04:00,6.699999809265137,6.730000019073486,6.579999923706055,6.670000076293945,65680,0.0,0.0
2024-08-07 15:20:00-04:00,6.664999961853027,6.735000133514404,6.579999923706055,6.599999904632568,65720,0.0,0.0
2024-08-07 15:25:00-04:00,6.630000114440918,6.690000057220459,6.590000152587891,6.630000114440918,56431,0.0,0.0
2024-08-07 15:30:00-04:00,6.619999885559082,6.650000095367432,6.579999923706055,6.610000133514404,37125,0.0,0.0
2024-08-07 15:35:00-04:00,6.614999771118164,6.650000095367432,6.550000190734863,6.590000152587891,61726,0.0,0.0
2024-08-07 15:40:00-04:00,6.590000152587891,6.630000114440918,6.570000171661377,6.630000114440918,41569,0.0,0.0
2024-08-07 15:45:00-04:00,6.630000114440918,6.690000057220459,6.567999839782715,6.599999904632568,92395,0.0,0.0
2024-08-07 15:50:00-04:00,6.590000152587891,6.639999866485596,6.559999942779541,6.630000114440918,54002,0.0,0.0
2024-08-07 15:55:00-04:00,6.625,6.625,6.46999979019165,6.46999979019165,95694,0.0,0.0
2024-08-08 09:30:00-04:00,6.619999885559082,6.630000114440918,6.179999828338623,6.460000038146973,21598,0.0,0.0
2024-08-08 09:35:00-04:00,6.460000038146973,6.534999847412109,6.449999809265137,6.510000228881836,6472,0.0,0.0
2024-08-08 09:40:00-04:00,6.480000019073486,6.5,6.460000038146973,6.460000038146973,4758,0.0,0.0
2024-08-08 09:45:00-04:00,6.420000076293945,6.420000076293945,6.329999923706055,6.329999923706055,6731,0.0,0.0
2024-08-08 09:50:00-04:00,6.360000133514404,6.46999979019165,6.349999904632568,6.440000057220459,4977,0.0,0.0
2024-08-08 09:55:00-04:00,6.429999828338623,6.449999809265137,6.400000095367432,6.400000095367432,5036,0.0,0.0
2024-08-08 10:00:00-04:00,6.400000095367432,6.445000171661377,6.329999923706055,6.434999942779541,12004,0.0,0.0
2024-08-08 10:05:00-04:00,6.429999828338623,6.429999828338623,6.380000114440918,6.394999980926514,14788,0.0,0.0
2024-08-08 10:10:00-04:00,6.380000114440918,6.440000057220459,6.380000114440918,6.420000076293945,7717,0.0,0.0
2024-08-08 10:15:00-04:00,6.420000076293945,6.429999828338623,6.349999904632568,6.355000019073486,11558,0.0,0.0
2024-08-08 10:20:00-04:00,6.340000152587891,6.389999866485596,6.320000171661377,6.369999885559082,29839,0.0,0.0
2024-08-08 10:25:00-04:00,6.349999904632568,6.369999885559082,6.28000020980835,6.289999961853027,14738,0.0,0.0
2024-08-08 10:30:00-04:00,6.28000020980835,6.28000020980835,6.21999979019165,6.230000019073486,27726,0.0,0.0
2024-08-08 10:35:00-04:00,6.21999979019165,6.239999771118164,6.159999847412109,6.159999847412109,15182,0.0,0.0
2024-08-08 10:40:00-04:00,6.159999847412109,6.175000190734863,6.119999885559082,6.170000076293945,16617,0.0,0.0
2024-08-08 10:45:00-04:00,6.175000190734863,6.190000057220459,6.139999866485596,6.150000095367432,19339,0.0,0.0
2024-08-08 10:50:00-04:00,6.150000095367432,6.190000057220459,6.139999866485596,6.175000190734863,12643,0.0,0.0
2024-08-08 10:55:00-04:00,6.175000190734863,6.300000190734863,6.175000190734863,6.289999961853027,39304,0.0,0.0
2024-08-08 11:00:00-04:00,6.28000020980835,6.289999961853027,6.25,6.275000095367432,10263,0.0,0.0
2024-08-08 11:05:00-04:00,6.275000095367432,6.320000171661377,6.269999980926514,6.309999942779541,11242,0.0,0.0
2024-08-08 11:10:00-04:00,6.255000114440918,6.260000228881836,6.230000019073486,6.244999885559082,22783,0.0,0.0
2024-08-08 11:15:00-04:00,6.239999771118164,6.239999771118164,6.204999923706055,6.204999923706055,21751,0.0,0.0
2024-08-08 11:20:00-04:00,6.199999809265137,6.255000114440918,6.199999809265137,6.25,14816,0.0,0.0
2024-08-08 11:25:00-04:00,6.25,6.260000228881836,6.21999979019165,6.25,11038,0.0,0.0
2024-08-08 11:30:00-04:00,6.260000228881836,6.349999904632568,6.260000228881836,6.28000020980835,19861,0.0,0.0
2024-08-08 11:35:00-04:00,6.289999961853027,6.360000133514404,6.28000020980835,6.34499979019165,11963,0.0,0.0
2024-08-08 11:40:00-04:00,6.34499979019165,6.34499979019165,6.289999961853027,6.289999961853027,11409,0.0,0.0
2024-08-08 11:45:00-04:00,6.289999961853027,6.360000133514404,6.28000020980835,6.329999923706055,17491,0.0,0.0
2024-08-08 11:50:00-04:00,6.340000152587891,6.380000114440918,6.329999923706055,6.369999885559082,10411,0.0,0.0
2024-08-08 11:55:00-04:00,6.360000133514404,6.360000133514404,6.300000190734863,6.300000190734863,4699,0.0,0.0
2024-08-08 12:00:00-04:00,6.300000190734863,6.349999904632568,6.300000190734863,6.340000152587891,7218,0.0,0.0
2024-08-08 12:05:00-04:00,6.340000152587891,6.340000152587891,6.300000190734863,6.309999942779541,6784,0.0,0.0
2024-08-08 12:10:00-04:00,6.300000190734863,6.329999923706055,6.289999961853027,6.289999961853027,11030,0.0,0.0
2024-08-08 12:15:00-04:00,6.269999980926514,6.289999961853027,6.230000019073486,6.289999961853027,8670,0.0,0.0
2024-08-08 12:20:00-04:00,6.320000171661377,6.329999923706055,6.289999961853027,6.289999961853027,6737,0.0,0.0
2024-08-08 12:25:00-04:00,6.289999961853027,6.289999961853027,6.260000228881836,6.269999980926514,8983,0.0,0.0
2024-08-08 12:30:00-04:00,6.284999847412109,6.304999828338623,6.28000020980835,6.300000190734863,9504,0.0,0.0
2024-08-08 12:35:00-04:00,6.300000190734863,6.300000190734863,6.300000190734863,6.300000190734863,3948,0.0,0.0
2024-08-08 12:40:00-04:00,6.300000190734863,6.300000190734863,6.28000020980835,6.289999961853027,10425,0.0,0.0
2024-08-08 12:45:00-04:00,6.289999961853027,6.300000190734863,6.260000228881836,6.269999980926514,8400,0.0,0.0
2024-08-08 12:50:00-04:00,6.28000020980835,6.300000190734863,6.260000228881836,6.260000228881836,7014,0.0,0.0
2024-08-08 12:55:00-04:00,6.275000095367432,6.275000095367432,6.25,6.260000228881836,4628,0.0,0.0
2024-08-08 13:00:00-04:00,6.252399921417236,6.260000228881836,6.210000038146973,6.210000038146973,5853,0.0,0.0
2024-08-08 13:05:00-04:00,6.199999809265137,6.21999979019165,6.199999809265137,6.210000038146973,3808,0.0,0.0
2024-08-08 13:10:00-04:00,6.199999809265137,6.21999979019165,6.199999809265137,6.215000152587891,6518,0.0,0.0
2024-08-08 13:15:00-04:00,6.210000038146973,6.210000038146973,6.199999809265137,6.210000038146973,2617,0.0,0.0
2024-08-08 13:20:00-04:00,6.230000019073486,6.25,6.230000019073486,6.25,6492,0.0,0.0
2024-08-08 13:25:00-04:00,6.260000228881836,6.260000228881836,6.230000019073486,6.239999771118164,3992,0.0,0.0
2024-08-08 13:30:00-04:00,6.25,6.28000020980835,6.25,6.28000020980835,6111,0.0,0.0
2024-08-08 13:35:00-04:00,6.269999980926514,6.28000020980835,6.25,6.25,6135,0.0,0.0
2024-08-08 13:40:00-04:00,6.269999980926514,6.269999980926514,6.239999771118164,6.239999771118164,6207,0.0,0.0
2024-08-08 13:45:00-04:00,6.260000228881836,6.28000020980835,6.25,6.269999980926514,6399,0.0,0.0
2024-08-08 13:50:00-04:00,6.269999980926514,6.279799938201904,6.25,6.25,8865,0.0,0.0
2024-08-08 13:55:00-04:00,6.25,6.260000228881836,6.239999771118164,6.260000228881836,8112,0.0,0.0
2024-08-08 14:00:00-04:00,6.260000228881836,6.300000190734863,6.260000228881836,6.28000020980835,6036,0.0,0.0
2024-08-08 14:05:00-04:00,6.28000020980835,6.28000020980835,6.239999771118164,6.28000020980835,5253,0.0,0.0
2024-08-08 14:10:00-04:00,6.28000020980835,6.340000152587891,6.28000020980835,6.320000171661377,23109,0.0,0.0
2024-08-08 14:15:00-04:00,6.320000171661377,6.360000133514404,6.320000171661377,6.360000133514404,7772,0.0,0.0
2024-08-08 14:20:00-04:00,6.353000164031982,6.353000164031982,6.329999923706055,6.329999923706055,8661,0.0,0.0
2024-08-08 14:25:00-04:00,6.320000171661377,6.320000171661377,6.25,6.260000228881836,6256,0.0,0.0
2024-08-08 14:30:00-04:00,6.25,6.309999942779541,6.25,6.309999942779541,13955,0.0,0.0
2024-08-08 14:35:00-04:00,6.289999961853027,6.289999961853027,6.25,6.260000228881836,11194,0.0,0.0
2024-08-08 14:40:00-04:00,6.25,6.260000228881836,6.239999771118164,6.239999771118164,7796,0.0,0.0
2024-08-08 14:45:00-04:00,6.260000228881836,6.269999980926514,6.260000228881836,6.269999980926514,9132,0.0,0.0
2024-08-08 14:50:00-04:00,6.269999980926514,6.289999961853027,6.264999866485596,6.289999961853027,14013,0.0,0.0
2024-08-08 14:55:00-04:00,6.284999847412109,6.289999961853027,6.284999847412109,6.289999961853027,7316,0.0,0.0
2024-08-08 15:00:00-04:00,6.289999961853027,6.289999961853027,6.28000020980835,6.284999847412109,16679,0.0,0.0
2024-08-08 15:05:00-04:00,6.284999847412109,6.300000190734863,6.260000228881836,6.300000190734863,13899,0.0,0.0
2024-08-08 15:10:00-04:00,6.304999828338623,6.320000171661377,6.255000114440918,6.255000114440918,9386,0.0,0.0
2024-08-08 15:15:00-04:00,6.260000228881836,6.284999847412109,6.260000228881836,6.28000020980835,12762,0.0,0.0
2024-08-08 15:20:00-04:00,6.275000095367432,6.289999961853027,6.264999866485596,6.269999980926514,27824,0.0,0.0
2024-08-08 15:25:00-04:00,6.28000020980835,6.28000020980835,6.260000228881836,6.264999866485596,13229,0.0,0.0
2024-08-08 15:30:00-04:00,6.260000228881836,6.269999980926514,6.260000228881836,6.264999866485596,10838,0.0,0.0
2024-08-08 15:35:00-04:00,6.264999866485596,6.269999980926514,6.25,6.255000114440918,11472,0.0,0.0
2024-08-08 15:40:00-04:00,6.255000114440918,6.275000095367432,6.25,6.269999980926514,49986,0.0,0.0
2024-08-08 15:45:00-04:00,6.275000095367432,6.28000020980835,6.260000228881836,6.269999980926514,23634,0.0,0.0
2024-08-08 15:50:00-04:00,6.264999866485596,6.295000076293945,6.260000228881836,6.295000076293945,37290,0.0,0.0
2024-08-08 15:55:00-04:00,6.289999961853027,6.340000152587891,6.289999961853027,6.320000171661377,95528,0.0,0.0
2024-08-09 09:30:00-04:00,6.28000020980835,6.329999923706055,6.150000095367432,6.210000038146973,69325,0.0,0.0
2024-08-09 09:35:00-04:00,6.239999771118164,6.289999961853027,6.199999809265137,6.235000133514404,6398,0.0,0.0
2024-08-09 09:40:00-04:00,6.210000038146973,6.239999771118164,6.190000057220459,6.21999979019165,3004,0.0,0.0
2024-08-09 09:45:00-04:00,6.21999979019165,6.260000228881836,6.199999809265137,6.210000038146973,5782,0.0,0.0
2024-08-09 09:50:00-04:00,6.215000152587891,6.260000228881836,6.215000152587891,6.260000228881836,1954,0.0,0.0
2024-08-09 09:55:00-04:00,6.289999961853027,6.289999961853027,6.255000114440918,6.255000114440918,4473,0.0,0.0
2024-08-09 10:00:00-04:00,6.239999771118164,6.239999771118164,6.199999809265137,6.230000019073486,2766,0.0,0.0
2024-08-09 10:05:00-04:00,6.230000019073486,6.230000019073486,6.170000076293945,6.170000076293945,10871,0.0,0.0
2024-08-09 10:10:00-04:00,6.170000076293945,6.230000019073486,6.170000076293945,6.230000019073486,7111,0.0,0.0
2024-08-09 10:15:00-04:00,6.21999979019165,6.21999979019165,6.110000133514404,6.150000095367432,26207,0.0,0.0
2024-08-09 10:20:00-04:00,6.150000095367432,6.179999828338623,6.150000095367432,6.179999828338623,7012,0.0,0.0
2024-08-09 10:25:00-04:00,6.150000095367432,6.179999828338623,6.150000095367432,6.179999828338623,7098,0.0,0.0
2024-08-09 10:30:00-04:00,6.190000057220459,6.190000057220459,6.099999904632568,6.119999885559082,5892,0.0,0.0
2024-08-09 10:35:00-04:00,6.130000114440918,6.139999866485596,6.111499786376953,6.139999866485596,5891,0.0,0.0
2024-08-09 10:40:00-04:00,6.150000095367432,6.159999847412109,6.144999980926514,6.144999980926514,1441,0.0,0.0
2024-08-09 10:45:00-04:00,6.159999847412109,6.159999847412109,6.139999866485596,6.150000095367432,4912,0.0,0.0
2024-08-09 10:50:00-04:00,6.159999847412109,6.159999847412109,6.119999885559082,6.139999866485596,9714,0.0,0.0
2024-08-09 10:55:00-04:00,6.144999980926514,6.150000095367432,6.119999885559082,6.119999885559082,4168,0.0,0.0
2024-08-09 11:00:00-04:00,6.119999885559082,6.130000114440918,6.119999885559082,6.125,1860,0.0,0.0
2024-08-09 11:05:00-04:00,6.125,6.130000114440918,6.090000152587891,6.09499979019165,5478,0.0,0.0
2024-08-09 11:10:00-04:00,6.09499979019165,6.09499979019165,6.070000171661377,6.070000171661377,1577,0.0,0.0
2024-08-09 11:15:00-04:00,6.070000171661377,6.079999923706055,6.070000171661377,6.070000171661377,3264,0.0,0.0
2024-08-09 11:20:00-04:00,6.059999942779541,6.070000171661377,6.019999980926514,6.019999980926514,6843,0.0,0.0
2024-08-09 11:25:00-04:00,6.0,6.010000228881836,5.989999771118164,5.989999771118164,2559,0.0,0.0
2024-08-09 11:30:00-04:00,5.989999771118164,6.0,5.925000190734863,5.955999851226807,29025,0.0,0.0
2024-08-09 11:35:00-04:00,5.947700023651123,5.947700023651123,5.920000076293945,5.920000076293945,7499,0.0,0.0
2024-08-09 11:40:00-04:00,5.914999961853027,5.920000076293945,5.894999980926514,5.894999980926514,5641,0.0,0.0
2024-08-09 11:45:00-04:00,5.900000095367432,5.920000076293945,5.900000095367432,5.920000076293945,3771,0.0,0.0
2024-08-09 11:50:00-04:00,5.925000190734863,5.980000019073486,5.920000076293945,5.980000019073486,5090,0.0,0.0
2024-08-09 11:55:00-04:00,5.980000019073486,5.985000133514404,5.9095001220703125,5.909999847412109,20672,0.0,0.0
2024-08-09 12:00:00-04:00,5.920000076293945,5.940000057220459,5.920000076293945,5.940000057220459,1814,0.0,0.0
2024-08-09 12:05:00-04:00,5.929999828338623,5.929999828338623,5.909999847412109,5.909999847412109,7199,0.0,0.0
2024-08-09 12:10:00-04:00,5.90500020980835,5.90500020980835,5.889999866485596,5.894999980926514,3331,0.0,0.0
2024-08-09 12:15:00-04:00,5.894999980926514,5.894999980926514,5.849999904632568,5.864999771118164,18277,0.0,0.0
2024-08-09 12:20:00-04:00,5.869999885559082,5.869999885559082,5.840000152587891,5.860000133514404,4903,0.0,0.0
2024-08-09 12:25:00-04:00,5.869999885559082,5.869999885559082,5.869999885559082,5.869999885559082,1966,0.0,0.0
2024-08-09 12:30:00-04:00,5.875,5.885000228881836,5.860000133514404,5.860000133514404,9723,0.0,0.0
2024-08-09 12:35:00-04:00,5.84499979019165,5.880000114440918,5.84499979019165,5.880000114440918,7612,0.0,0.0
2024-08-09 12:40:00-04:00,5.889999866485596,5.900000095367432,5.889999866485596,5.889999866485596,5234,0.0,0.0
2024-08-09 12:45:00-04:00,5.888999938964844,5.889999866485596,5.880000114440918,5.880000114440918,4555,0.0,0.0
2024-08-09 12:50:00-04:00,5.869999885559082,5.869999885559082,5.849999904632568,5.849999904632568,2006,0.0,0.0
2024-08-09 12:55:00-04:00,5.860000133514404,5.880000114440918,5.860000133514404,5.880000114440918,1986,0.0,0.0
2024-08-09 13:00:00-04:00,5.889999866485596,5.96999979019165,5.880000114440918,5.940000057220459,20424,0.0,0.0
2024-08-09 13:05:00-04:00,5.929999828338623,5.929999828338623,5.889999866485596,5.889999866485596,3332,0.0,0.0
2024-08-09 13:10:00-04:00,5.889999866485596,5.900000095367432,5.889999866485596,5.900000095367432,4133,0.0,0.0
2024-08-09 13:15:00-04:00,5.889999866485596,5.96999979019165,5.889999866485596,5.909999847412109,20330,0.0,0.0
2024-08-09 13:20:00-04:00,5.90500020980835,5.90500020980835,5.880000114440918,5.889999866485596,3708,0.0,0.0
2024-08-09 13:25:00-04:00,5.880000114440918,5.889999866485596,5.880000114440918,5.889999866485596,3449,0.0,0.0
2024-08-09 13:30:00-04:00,5.889999866485596,5.889999866485596,5.8119001388549805,5.820000171661377,14761,0.0,0.0
2024-08-09 13:35:00-04:00,5.820000171661377,5.829999923706055,5.809999942779541,5.809999942779541,9928,0.0,0.0
2024-08-09 13:40:00-04:00,5.800000190734863,5.800000190734863,5.78000020980835,5.78000020980835,8206,0.0,0.0
2024-08-09 13:45:00-04:00,5.795000076293945,5.795000076293945,5.795000076293945,5.795000076293945,1167,0.0,0.0
2024-08-09 13:50:00-04:00,5.799699783325195,5.809999942779541,5.78000020980835,5.809999942779541,11856,0.0,0.0
2024-08-09 13:55:00-04:00,5.809999942779541,5.809999942779541,5.789999961853027,5.793600082397461,3252,0.0,0.0
2024-08-09 14:00:00-04:00,5.789999961853027,5.789999961853027,5.789999961853027,5.789999961853027,2286,0.0,0.0
2024-08-09 14:05:00-04:00,5.800000190734863,5.840000152587891,5.800000190734863,5.840000152587891,7544,0.0,0.0
2024-08-09 14:10:00-04:00,5.849999904632568,5.849999904632568,5.840000152587891,5.84499979019165,14345,0.0,0.0
2024-08-09 14:15:00-04:00,5.84499979019165,5.849999904632568,5.840000152587891,5.840000152587891,5824,0.0,0.0
2024-08-09 14:20:00-04:00,5.829999923706055,5.880000114440918,5.829999923706055,5.880000114440918,47233,0.0,0.0
2024-08-09 14:25:00-04:00,5.880000114440918,5.920000076293945,5.875,5.920000076293945,14302,0.0,0.0
2024-08-09 14:30:00-04:00,5.916600227355957,5.949999809265137,5.875,5.880000114440918,15586,0.0,0.0
2024-08-09 14:35:00-04:00,5.880000114440918,5.900000095367432,5.880000114440918,5.900000095367432,4885,0.0,0.0
2024-08-09 14:40:00-04:00,5.909999847412109,5.909999847412109,5.894999980926514,5.894999980926514,3472,0.0,0.0
2024-08-09 14:45:00-04:00,5.894999980926514,5.940000057220459,5.894999980926514,5.93209981918335,15129,0.0,0.0
2024-08-09 14:50:00-04:00,5.940000057220459,5.940000057220459,5.921000003814697,5.921000003814697,6136,0.0,0.0
2024-08-09 14:55:00-04:00,5.925000190734863,5.925000190734863,5.900000095367432,5.914999961853027,8356,0.0,0.0
2024-08-09 15:00:00-04:00,5.920000076293945,5.949999809265137,5.920000076293945,5.925000190734863,6051,0.0,0.0
2024-08-09 15:05:00-04:00,5.920000076293945,5.920000076293945,5.900000095367432,5.909999847412109,10493,0.0,0.0
2024-08-09 15:10:00-04:00,5.909999847412109,5.909999847412109,5.835000038146973,5.840000152587891,70270,0.0,0.0
2024-08-09 15:15:00-04:00,5.849999904632568,5.849999904632568,5.835000038146973,5.835000038146973,5596,0.0,0.0
2024-08-09 15:20:00-04:00,5.829999923706055,5.829999923706055,5.800000190734863,5.815000057220459,9097,0.0,0.0
2024-08-09 15:25:00-04:00,5.815000057220459,5.815000057220459,5.795000076293945,5.800000190734863,15482,0.0,0.0
2024-08-09 15:30:00-04:00,5.795000076293945,5.815000057220459,5.775000095367432,5.800000190734863,25832,0.0,0.0
2024-08-09 15:35:00-04:00,5.804999828338623,5.804999828338623,5.769999980926514,5.769999980926514,15726,0.0,0.0
2024-08-09 15:40:00-04:00,5.775000095367432,5.795000076293945,5.769999980926514,5.795000076293945,21151,0.0,0.0
2024-08-09 15:45:00-04:00,5.795000076293945,5.829999923706055,5.789999961853027,5.800000190734863,30002,0.0,0.0
2024-08-09 15:50:00-04:00,5.800000190734863,5.829999923706055,5.78000020980835,5.820000171661377,39015,0.0,0.0
2024-08-09 15:55:00-04:00,5.824999809265137,5.840000152587891,5.789999961853027,5.789999961853027,131520,0.0,0.0
2024-08-12 09:30:00-04:00,5.809999942779541,5.820000171661377,5.739999771118164,5.820000171661377,8626,0.0,0.0
2024-08-12 09:35:00-04:00,5.815199851989746,5.860000133514404,5.815199851989746,5.849999904632568,2056,0.0,0.0
2024-08-12 09:40:00-04:00,5.860000133514404,5.940000057220459,5.860000133514404,5.869999885559082,5181,0.0,0.0
2024-08-12 09:45:00-04:00,5.84499979019165,5.909999847412109,5.84499979019165,5.900000095367432,9135,0.0,0.0
2024-08-12 09:50:00-04:00,5.900000095367432,5.909999847412109,5.829999923706055,5.829999923706055,1509,0.0,0.0
2024-08-12 09:55:00-04:00,5.829999923706055,5.829999923706055,5.769999980926514,5.820000171661377,3008,0.0,0.0
2024-08-12 10:00:00-04:00,5.820000171661377,5.860000133514404,5.820000171661377,5.860000133514404,3522,0.0,0.0
2024-08-12 10:05:00-04:00,5.840000152587891,5.840000152587891,5.820000171661377,5.820000171661377,2695,0.0,0.0
2024-08-12 10:10:00-04:00,5.829999923706055,5.829999923706055,5.829999923706055,5.829999923706055,671,0.0,0.0
2024-08-12 10:15:00-04:00,5.809999942779541,5.869999885559082,5.800000190734863,5.869999885559082,4702,0.0,0.0
2024-08-12 10:20:00-04:00,5.860000133514404,5.909999847412109,5.860000133514404,5.900000095367432,2304,0.0,0.0
2024-08-12 10:25:00-04:00,5.909999847412109,5.929999828338623,5.869999885559082,5.869999885559082,6836,0.0,0.0
2024-08-12 10:30:00-04:00,5.841000080108643,5.841000080108643,5.829999923706055,5.840000152587891,2468,0.0,0.0
2024-08-12 10:35:00-04:00,5.829999923706055,5.840000152587891,5.829999923706055,5.840000152587891,2579,0.0,0.0
2024-08-12 10:40:00-04:00,5.829999923706055,5.849999904632568,5.829999923706055,5.840000152587891,2644,0.0,0.0
2024-08-12 10:45:00-04:00,5.840000152587891,5.840000152587891,5.829999923706055,5.829999923706055,844,0.0,0.0
2024-08-12 10:50:00-04:00,5.829999923706055,5.849999904632568,5.800000190734863,5.849999904632568,28272,0.0,0.0
2024-08-12 10:55:00-04:00,5.849999904632568,5.929999828338623,5.840000152587891,5.929999828338623,8054,0.0,0.0
2024-08-12 11:00:00-04:00,5.940000057220459,5.940000057220459,5.909999847412109,5.909999847412109,2907,0.0,0.0
2024-08-12 11:05:00-04:00,5.909999847412109,5.909999847412109,5.900000095367432,5.900000095367432,1074,0.0,0.0
2024-08-12 11:10:00-04:00,5.889999866485596,5.889999866485596,5.869999885559082,5.869999885559082,2454,0.0,0.0
2024-08-12 11:15:00-04:00,5.840000152587891,5.849999904632568,5.840000152587891,5.849999904632568,1494,0.0,0.0
2024-08-12 11:20:00-04:00,5.860000133514404,5.869999885559082,5.800000190734863,5.809999942779541,11604,0.0,0.0
2024-08-12 11:25:00-04:00,5.809999942779541,5.820000171661377,5.789999961853027,5.789999961853027,2347,0.0,0.0
2024-08-12 11:30:00-04:00,5.78000020980835,5.78000020980835,5.75,5.75,5017,0.0,0.0
2024-08-12 11:35:00-04:00,5.75,5.755000114440918,5.730000019073486,5.75,10107,0.0,0.0
2024-08-12 11:40:00-04:00,5.75,5.764999866485596,5.739999771118164,5.764999866485596,6908,0.0,0.0
2024-08-12 11:45:00-04:00,5.760000228881836,5.760000228881836,5.75,5.75,7060,0.0,0.0
2024-08-12 11:50:00-04:00,5.760000228881836,5.795000076293945,5.75,5.795000076293945,7414,0.0,0.0
2024-08-12 11:55:00-04:00,5.800000190734863,5.800000190734863,5.760000228881836,5.760000228881836,6949,0.0,0.0
2024-08-12 12:00:00-04:00,5.739999771118164,5.75,5.739999771118164,5.739999771118164,5073,0.0,0.0
2024-08-12 12:05:00-04:00,5.739999771118164,5.744999885559082,5.699999809265137,5.699999809265137,5692,0.0,0.0
2024-08-12 12:10:00-04:00,5.699999809265137,5.704999923706055,5.679999828338623,5.690000057220459,14515,0.0,0.0
2024-08-12 12:15:00-04:00,5.690000057220459,5.724999904632568,5.690000057220459,5.690000057220459,18940,0.0,0.0
2024-08-12 12:20:00-04:00,5.690000057220459,5.71999979019165,5.690000057220459,5.710000038146973,5533,0.0,0.0
2024-08-12 12:25:00-04:00,5.71999979019165,5.760000228881836,5.710000038146973,5.760000228881836,10659,0.0,0.0
2024-08-12 12:30:00-04:00,5.760000228881836,5.760000228881836,5.739999771118164,5.75,7045,0.0,0.0
2024-08-12 12:35:00-04:00,5.75,5.760000228881836,5.739999771118164,5.75,5502,0.0,0.0
2024-08-12 12:40:00-04:00,5.760000228881836,5.769999980926514,5.744999885559082,5.75,13153,0.0,0.0
2024-08-12 12:45:00-04:00,5.769999980926514,5.769999980926514,5.760000228881836,5.769999980926514,5150,0.0,0.0
2024-08-12 12:50:00-04:00,5.764999866485596,5.78000020980835,5.764999866485596,5.775000095367432,4227,0.0,0.0
2024-08-12 12:55:00-04:00,5.775000095367432,5.775000095367432,5.730000019073486,5.764999866485596,11577,0.0,0.0
2024-08-12 13:00:00-04:00,5.760000228881836,5.760000228881836,5.75,5.75,5621,0.0,0.0
2024-08-12 13:05:00-04:00,5.75,5.760000228881836,5.730000019073486,5.735000133514404,7294,0.0,0.0
2024-08-12 13:10:00-04:00,5.735000133514404,5.735000133514404,5.710000038146973,5.71999979019165,5276,0.0,0.0
2024-08-12 13:15:00-04:00,5.724999904632568,5.735300064086914,5.724999904632568,5.735300064086914,2841,0.0,0.0
2024-08-12 13:20:00-04:00,5.730000019073486,5.735000133514404,5.710000038146973,5.715000152587891,8242,0.0,0.0
2024-08-12 13:25:00-04:00,5.710000038146973,5.739999771118164,5.710000038146973,5.710000038146973,12648,0.0,0.0
2024-08-12 13:30:00-04:00,5.690000057220459,5.710000038146973,5.690000057220459,5.704999923706055,4282,0.0,0.0
2024-08-12 13:35:00-04:00,5.704999923706055,5.724999904632568,5.704999923706055,5.724999904632568,8305,0.0,0.0
2024-08-12 13:40:00-04:00,5.71999979019165,5.798999786376953,5.71999979019165,5.784999847412109,28105,0.0,0.0
2024-08-12 13:45:00-04:00,5.784999847412109,5.784999847412109,5.730000019073486,5.730000019073486,10769,0.0,0.0
2024-08-12 13:50:00-04:00,5.71999979019165,5.724999904632568,5.710000038146973,5.715000152587891,5710,0.0,0.0
2024-08-12 13:55:00-04:00,5.71999979019165,5.735000133514404,5.710000038146973,5.735000133514404,11878,0.0,0.0
2024-08-12 14:00:00-04:00,5.730000019073486,5.730000019073486,5.71999979019165,5.724999904632568,3287,0.0,0.0
2024-08-12 14:05:00-04:00,5.71999979019165,5.735000133514404,5.71999979019165,5.724999904632568,7478,0.0,0.0
2024-08-12 14:10:00-04:00,5.71999979019165,5.730000019073486,5.710000038146973,5.71999979019165,9127,0.0,0.0
2024-08-12 14:15:00-04:00,5.71999979019165,5.730000019073486,5.715000152587891,5.715000152587891,7363,0.0,0.0
2024-08-12 14:20:00-04:00,5.71999979019165,5.724999904632568,5.710000038146973,5.71999979019165,3320,0.0,0.0
2024-08-12 14:25:00-04:00,5.724999904632568,5.724999904632568,5.71999979019165,5.724999904632568,3606,0.0,0.0
2024-08-12 14:30:00-04:00,5.724999904632568,5.730000019073486,5.699999809265137,5.715000152587891,9609,0.0,0.0
2024-08-12 14:35:00-04:00,5.715000152587891,5.715000152587891,5.659999847412109,5.679999828338623,43086,0.0,0.0
2024-08-12 14:40:00-04:00,5.679999828338623,5.71999979019165,5.679999828338623,5.699999809265137,12349,0.0,0.0
2024-08-12 14:45:00-04:00,5.710000038146973,5.710000038146973,5.690000057220459,5.695000171661377,6549,0.0,0.0
2024-08-12 14:50:00-04:00,5.695000171661377,5.696000099182129,5.690000057220459,5.690000057220459,7938,0.0,0.0
2024-08-12 14:55:00-04:00,5.695000171661377,5.695000171661377,5.679999828338623,5.679999828338623,10972,0.0,0.0
2024-08-12 15:00:00-04:00,5.679999828338623,5.684999942779541,5.670000076293945,5.679999828338623,7685,0.0,0.0
2024-08-12 15:05:00-04:00,5.679999828338623,5.684999942779541,5.670000076293945,5.675000190734863,9537,0.0,0.0
2024-08-12 15:10:00-04:00,5.670000076293945,5.690000057220459,5.670000076293945,5.670000076293945,13950,0.0,0.0
2024-08-12 15:15:00-04:00,5.675000190734863,5.690000057220459,5.675000190734863,5.684999942779541,10281,0.0,0.0
2024-08-12 15:20:00-04:00,5.684999942779541,5.684999942779541,5.659999847412109,5.664999961853027,9794,0.0,0.0
2024-08-12 15:25:00-04:00,5.664999961853027,5.664999961853027,5.619999885559082,5.630000114440918,33684,0.0,0.0
2024-08-12 15:30:00-04:00,5.625,5.630000114440918,5.619999885559082,5.625,10087,0.0,0.0
2024-08-12 15:35:00-04:00,5.619999885559082,5.625,5.599999904632568,5.605000019073486,30436,0.0,0.0
2024-08-12 15:40:00-04:00,5.599999904632568,5.605000019073486,5.565000057220459,5.565000057220459,28969,0.0,0.0
2024-08-12 15:45:00-04:00,5.565000057220459,5.614999771118164,5.565000057220459,5.614999771118164,40451,0.0,0.0
2024-08-12 15:50:00-04:00,5.619999885559082,5.636000156402588,5.590000152587891,5.605000019073486,33793,0.0,0.0
2024-08-12 15:55:00-04:00,5.599999904632568,5.699999809265137,5.59499979019165,5.690000057220459,140900,0.0,0.0
2024-08-13 09:30:00-04:00,5.800000190734863,5.820000171661377,5.679999828338623,5.820000171661377,13588,0.0,0.0
2024-08-13 09:35:00-04:00,5.809999942779541,5.860000133514404,5.809999942779541,5.860000133514404,4242,0.0,0.0
2024-08-13 09:40:00-04:00,5.880000114440918,5.960000038146973,5.880000114440918,5.940000057220459,6573,0.0,0.0
2024-08-13 09:45:00-04:00,5.945000171661377,5.960000038146973,5.909999847412109,5.949999809265137,6451,0.0,0.0
2024-08-13 09:50:00-04:00,5.949999809265137,5.949999809265137,5.920000076293945,5.929999828338623,3965,0.0,0.0
2024-08-13 09:55:00-04:00,5.929999828338623,5.929999828338623,5.880000114440918,5.880000114440918,5829,0.0,0.0
2024-08-13 10:00:00-04:00,5.869999885559082,5.869999885559082,5.840000152587891,5.84499979019165,1623,0.0,0.0
2024-08-13 10:05:00-04:00,5.809999942779541,5.869999885559082,5.809999942779541,5.864999771118164,7810,0.0,0.0
2024-08-13 10:10:00-04:00,5.880000114440918,5.929999828338623,5.880000114440918,5.929999828338623,1946,0.0,0.0
2024-08-13 10:15:00-04:00,5.929999828338623,5.929999828338623,5.875,5.880000114440918,6366,0.0,0.0
2024-08-13 10:20:00-04:00,5.869999885559082,5.880000114440918,5.864999771118164,5.864999771118164,9797,0.0,0.0
2024-08-13 10:25:00-04:00,5.875,5.900000095367432,5.875,5.889999866485596,2620,0.0,0.0
2024-08-13 10:30:00-04:00,5.889999866485596,5.889999866485596,5.849999904632568,5.869999885559082,7576,0.0,0.0
2024-08-13 10:35:00-04:00,5.880000114440918,5.900000095367432,5.880000114440918,5.900000095367432,1918,0.0,0.0
2024-08-13 10:40:00-04:00,5.894999980926514,5.909999847412109,5.889999866485596,5.909999847412109,3826,0.0,0.0
2024-08-13 10:45:00-04:00,5.920000076293945,5.940000057220459,5.920000076293945,5.929999828338623,1261,0.0,0.0
2024-08-13 10:50:00-04:00,5.945000171661377,5.960000038146973,5.945000171661377,5.960000038146973,2956,0.0,0.0
2024-08-13 10:55:00-04:00,5.980000019073486,6.050000190734863,5.980000019073486,6.03000020980835,19406,0.0,0.0
2024-08-13 11:00:00-04:00,6.025000095367432,6.025000095367432,6.010000228881836,6.010000228881836,3623,0.0,0.0
2024-08-13 11:05:00-04:00,5.989999771118164,6.019999980926514,5.960000038146973,6.0,6731,0.0,0.0
2024-08-13 11:10:00-04:00,6.0,6.0,5.960000038146973,5.96999979019165,2232,0.0,0.0
2024-08-13 11:15:00-04:00,5.96999979019165,5.96999979019165,5.960000038146973,5.96999979019165,6426,0.0,0.0
2024-08-13 11:20:00-04:00,5.980000019073486,5.989999771118164,5.980000019073486,5.980000019073486,2021,0.0,0.0
2024-08-13 11:25:00-04:00,5.980000019073486,5.989999771118164,5.96999979019165,5.989799976348877,4260,0.0,0.0
2024-08-13 11:30:00-04:00,5.989999771118164,5.989999771118164,5.989999771118164,5.989999771118164,285,0.0,0.0
2024-08-13 11:35:00-04:00,5.989999771118164,5.989999771118164,5.980000019073486,5.989999771118164,2530,0.0,0.0
2024-08-13 11:40:00-04:00,5.980000019073486,5.980000019073486,5.980000019073486,5.980000019073486,869,0.0,0.0
2024-08-13 11:45:00-04:00,5.974999904632568,5.985000133514404,5.940000057220459,5.940000057220459,9760,0.0,0.0
2024-08-13 11:50:00-04:00,5.949999809265137,5.949999809265137,5.949999809265137,5.949999809265137,796,0.0,0.0
2024-08-13 11:55:00-04:00,5.949999809265137,5.960000038146973,5.941699981689453,5.960000038146973,1190,0.0,0.0
2024-08-13 12:00:00-04:00,5.949999809265137,5.960000038146973,5.949999809265137,5.960000038146973,3279,0.0,0.0
2024-08-13 12:05:00-04:00,5.96999979019165,6.03000020980835,5.96999979019165,6.03000020980835,4970,0.0,0.0
2024-08-13 12:10:00-04:00,6.039999961853027,6.050000190734863,6.039999961853027,6.039999961853027,6223,0.0,0.0
2024-08-13 12:15:00-04:00,6.030900001525879,6.050000190734863,6.030900001525879,6.050000190734863,2766,0.0,0.0
2024-08-13 12:20:00-04:00,6.039999961853027,6.039999961853027,6.019999980926514,6.019999980926514,2427,0.0,0.0
2024-08-13 12:25:00-04:00,6.020199775695801,6.03000020980835,6.020199775695801,6.025000095367432,2749,0.0,0.0
2024-08-13 12:30:00-04:00,6.03000020980835,6.03000020980835,5.989999771118164,5.989999771118164,2877,0.0,0.0
2024-08-13 12:35:00-04:00,6.010000228881836,6.019999980926514,6.010000228881836,6.019999980926514,1791,0.0,0.0
2024-08-13 12:40:00-04:00,6.025000095367432,6.025000095367432,6.019999980926514,6.019999980926514,1178,0.0,0.0
2024-08-13 12:45:00-04:00,6.019999980926514,6.03000020980835,6.010000228881836,6.010000228881836,2665,0.0,0.0
2024-08-13 12:50:00-04:00,6.025000095367432,6.034999847412109,6.025000095367432,6.034999847412109,1330,0.0,0.0
2024-08-13 12:55:00-04:00,6.034999847412109,6.034999847412109,6.019999980926514,6.019999980926514,7197,0.0,0.0
2024-08-13 13:00:00-04:00,6.025000095367432,6.03000020980835,6.019999980926514,6.019999980926514,2135,0.0,0.0
2024-08-13 13:10:00-04:00,5.992599964141846,6.03000020980835,5.989999771118164,6.03000020980835,12056,0.0,0.0
2024-08-13 13:15:00-04:00,6.03000020980835,6.034999847412109,6.03000020980835,6.034999847412109,1157,0.0,0.0
2024-08-13 13:20:00-04:00,6.019999980926514,6.099999904632568,6.019999980926514,6.099999904632568,10798,0.0,0.0
2024-08-13 13:25:00-04:00,6.090000152587891,6.119999885559082,6.090000152587891,6.119999885559082,4054,0.0,0.0
2024-08-13 13:30:00-04:00,6.130000114440918,6.150000095367432,6.119999885559082,6.119999885559082,6062,0.0,0.0
2024-08-13 13:35:00-04:00,6.130000114440918,6.150000095367432,6.119999885559082,6.139999866485596,5250,0.0,0.0
2024-08-13 13:40:00-04:00,6.150000095367432,6.150000095367432,6.139999866485596,6.150000095367432,3175,0.0,0.0
2024-08-13 13:45:00-04:00,6.139999866485596,6.139999866485596,6.110000133514404,6.130000114440918,7082,0.0,0.0
2024-08-13 13:50:00-04:00,6.130000114440918,6.150000095367432,6.130000114440918,6.139999866485596,4537,0.0,0.0
2024-08-13 13:55:00-04:00,6.150000095367432,6.150000095367432,6.150000095367432,6.150000095367432,905,0.0,0.0
2024-08-13 14:00:00-04:00,6.159999847412109,6.170000076293945,6.150000095367432,6.159999847412109,4726,0.0,0.0
2024-08-13 14:05:00-04:00,6.150000095367432,6.150000095367432,6.130000114440918,6.135000228881836,9666,0.0,0.0
2024-08-13 14:10:00-04:00,6.135000228881836,6.135000228881836,6.119999885559082,6.119999885559082,11597,0.0,0.0
2024-08-13 14:15:00-04:00,6.130000114440918,6.142000198364258,6.130000114440918,6.135000228881836,5263,0.0,0.0
2024-08-13 14:20:00-04:00,6.139999866485596,6.179999828338623,6.139999866485596,6.150000095367432,9635,0.0,0.0
2024-08-13 14:25:00-04:00,6.150000095367432,6.150000095367432,6.110000133514404,6.110000133514404,12816,0.0,0.0
2024-08-13 14:30:00-04:00,6.099999904632568,6.110000133514404,6.090000152587891,6.110000133514404,3141,0.0,0.0
2024-08-13 14:35:00-04:00,6.110000133514404,6.130000114440918,6.105000019073486,6.114999771118164,7122,0.0,0.0
2024-08-13 14:40:00-04:00,6.130000114440918,6.130000114440918,6.099999904632568,6.102499961853027,4602,0.0,0.0
2024-08-13 14:45:00-04:00,6.110000133514404,6.110000133514404,6.099999904632568,6.099999904632568,5097,0.0,0.0
2024-08-13 14:50:00-04:00,6.119999885559082,6.130000114440918,6.119999885559082,6.130000114440918,3255,0.0,0.0
2024-08-13 14:55:00-04:00,6.119999885559082,6.119999885559082,6.099999904632568,6.105000019073486,6395,0.0,0.0
2024-08-13 15:00:00-04:00,6.105000019073486,6.130000114440918,6.090000152587891,6.125,15600,0.0,0.0
2024-08-13 15:05:00-04:00,6.125,6.125,6.070000171661377,6.070000171661377,9752,0.0,0.0
2024-08-13 15:10:00-04:00,6.070000171661377,6.110000133514404,6.070000171661377,6.099999904632568,6396,0.0,0.0
2024-08-13 15:15:00-04:00,6.095699787139893,6.099999904632568,6.085000038146973,6.085000038146973,9089,0.0,0.0
2024-08-13 15:20:00-04:00,6.079999923706055,6.099999904632568,6.079999923706055,6.099999904632568,4625,0.0,0.0
2024-08-13 15:25:00-04:00,6.099999904632568,6.114999771118164,6.09499979019165,6.114999771118164,10867,0.0,0.0
2024-08-13 15:30:00-04:00,6.114999771118164,6.119999885559082,6.099999904632568,6.110000133514404,11751,0.0,0.0
2024-08-13 15:35:00-04:00,6.105000019073486,6.119999885559082,6.099999904632568,6.119999885559082,15186,0.0,0.0
2024-08-13 15:40:00-04:00,6.119999885559082,6.130000114440918,6.105000019073486,6.130000114440918,16437,0.0,0.0
2024-08-13 15:45:00-04:00,6.130000114440918,6.170000076293945,6.125,6.164999961853027,13528,0.0,0.0
2024-08-13 15:50:00-04:00,6.170000076293945,6.170000076293945,6.119999885559082,6.119999885559082,37307,0.0,0.0
2024-08-13 15:55:00-04:00,6.114999771118164,6.114999771118164,6.070000171661377,6.070000171661377,76506,0.0,0.0
2024-08-14 09:30:00-04:00,6.090000152587891,6.090000152587891,6.010000228881836,6.03000020980835,3775,0.0,0.0
2024-08-14 09:35:00-04:00,6.070000171661377,6.130000114440918,6.070000171661377,6.130000114440918,12082,0.0,0.0
2024-08-14 09:40:00-04:00,6.138400077819824,6.138400077819824,6.0,6.0,19300,0.0,0.0
2024-08-14 09:45:00-04:00,6.0,6.010000228881836,5.96999979019165,6.005000114440918,34276,0.0,0.0
2024-08-14 09:50:00-04:00,6.0,6.019999980926514,5.960000038146973,5.980000019073486,5299,0.0,0.0
2024-08-14 09:55:00-04:00,6.010000228881836,6.019999980926514,6.010000228881836,6.019999980926514,2122,0.0,0.0
2024-08-14 10:00:00-04:00,6.034999847412109,6.034999847412109,5.949999809265137,5.960000038146973,36485,0.0,0.0
2024-08-14 10:05:00-04:00,5.940000057220459,5.940000057220459,5.860000133514404,5.860000133514404,3483,0.0,0.0
2024-08-14 10:10:00-04:00,5.869999885559082,5.869999885559082,5.739999771118164,5.804999828338623,39514,0.0,0.0
2024-08-14 10:15:00-04:00,5.840000152587891,5.849999904632568,5.824999809265137,5.84499979019165,5282,0.0,0.0
2024-08-14 10:20:00-04:00,5.860000133514404,5.860000133514404,5.824999809265137,5.824999809265137,3561,0.0,0.0
2024-08-14 10:25:00-04:00,5.840000152587891,5.840000152587891,5.75,5.760000228881836,7698,0.0,0.0
2024-08-14 10:30:00-04:00,5.739999771118164,5.760000228881836,5.704999923706055,5.704999923706055,7898,0.0,0.0
2024-08-14 10:35:00-04:00,5.710000038146973,5.71999979019165,5.699999809265137,5.710000038146973,3940,0.0,0.0
2024-08-14 10:40:00-04:00,5.71999979019165,5.71999979019165,5.679999828338623,5.679999828338623,21008,0.0,0.0
2024-08-14 10:45:00-04:00,5.670000076293945,5.75,5.670000076293945,5.679999828338623,16134,0.0,0.0
2024-08-14 10:50:00-04:00,5.690000057220459,5.71999979019165,5.690000057220459,5.699999809265137,3375,0.0,0.0
2024-08-14 10:55:00-04:00,5.75,5.75,5.71999979019165,5.71999979019165,8519,0.0,0.0
2024-08-14 11:00:00-04:00,5.710000038146973,5.730000019073486,5.710000038146973,5.730000019073486,997,0.0,0.0
2024-08-14 11:05:00-04:00,5.71999979019165,5.71999979019165,5.690000057220459,5.699999809265137,4670,0.0,0.0
2024-08-14 11:10:00-04:00,5.695000171661377,5.699999809265137,5.695000171661377,5.699999809265137,1521,0.0,0.0
2024-08-14 11:15:00-04:00,5.699999809265137,5.699999809265137,5.675000190734863,5.675000190734863,2183,0.0,0.0
2024-08-14 11:20:00-04:00,5.679999828338623,5.684999942779541,5.664999961853027,5.664999961853027,7695,0.0,0.0
2024-08-14 11:25:00-04:00,5.664999961853027,5.730000019073486,5.664999961853027,5.715000152587891,20233,0.0,0.0
2024-08-14 11:35:00-04:00,5.710000038146973,5.75,5.690000057220459,5.71999979019165,7137,0.0,0.0
2024-08-14 11:40:00-04:00,5.710000038146973,5.710999965667725,5.699999809265137,5.699999809265137,3424,0.0,0.0
2024-08-14 11:45:00-04:00,5.710000038146973,5.71999979019165,5.710000038146973,5.71999979019165,3756,0.0,0.0
2024-08-14 11:50:00-04:00,5.730000019073486,5.730000019073486,5.710000038146973,5.710000038146973,3750,0.0,0.0
2024-08-14 11:55:00-04:00,5.710000038146973,5.710000038146973,5.710000038146973,5.710000038146973,1162,0.0,0.0
2024-08-14 12:00:00-04:00,5.71999979019165,5.71999979019165,5.699999809265137,5.699999809265137,4049,0.0,0.0
2024-08-14 12:05:00-04:00,5.695000171661377,5.695000171661377,5.690000057220459,5.690000057220459,1887,0.0,0.0
2024-08-14 12:10:00-04:00,5.679999828338623,5.679999828338623,5.679999828338623,5.679999828338623,1370,0.0,0.0
2024-08-14 12:15:00-04:00,5.650000095367432,5.650000095367432,5.644999980926514,5.644999980926514,25374,0.0,0.0
2024-08-14 12:20:00-04:00,5.650000095367432,5.659999847412109,5.630000114440918,5.630000114440918,7610,0.0,0.0
2024-08-14 12:25:00-04:00,5.630000114440918,5.630000114440918,5.610000133514404,5.610000133514404,1771,0.0,0.0
2024-08-14 12:30:00-04:00,5.619999885559082,5.625,5.614999771118164,5.625,3425,0.0,0.0
2024-08-14 12:35:00-04:00,5.619999885559082,5.619999885559082,5.610000133514404,5.619999885559082,3039,0.0,0.0
2024-08-14 12:40:00-04:00,5.619999885559082,5.619999885559082,5.610000133514404,5.614999771118164,2756,0.0,0.0
2024-08-14 12:45:00-04:00,5.605000019073486,5.605000019073486,5.580100059509277,5.580100059509277,3764,0.0,0.0
2024-08-14 12:50:00-04:00,5.585000038146973,5.585000038146973,5.570000171661377,5.58459997177124,5727,0.0,0.0
2024-08-14 12:55:00-04:00,5.590000152587891,5.590000152587891,5.590000152587891,5.590000152587891,3841,0.0,0.0
2024-08-14 13:00:00-04:00,5.599999904632568,5.599999904632568,5.59499979019165,5.59499979019165,655,0.0,0.0
2024-08-14 13:05:00-04:00,5.590000152587891,5.590000152587891,5.570000171661377,5.570000171661377,5456,0.0,0.0
2024-08-14 13:10:00-04:00,5.570000171661377,5.570000171661377,5.539999961853027,5.570000171661377,7283,0.0,0.0
2024-08-14 13:15:00-04:00,5.570000171661377,5.570000171661377,5.559999942779541,5.559999942779541,2881,0.0,0.0
2024-08-14 13:20:00-04:00,5.570000171661377,5.570000171661377,5.554999828338623,5.554999828338623,2876,0.0,0.0
2024-08-14 13:25:00-04:00,5.539999961853027,5.590000152587891,5.539999961853027,5.579999923706055,17047,0.0,0.0
2024-08-14 13:30:00-04:00,5.570000171661377,5.570000171661377,5.559999942779541,5.559999942779541,2163,0.0,0.0
2024-08-14 13:35:00-04:00,5.559999942779541,5.570000171661377,5.545000076293945,5.550000190734863,3478,0.0,0.0
2024-08-14 13:40:00-04:00,5.559999942779541,5.559999942779541,5.534999847412109,5.534999847412109,2987,0.0,0.0
2024-08-14 13:45:00-04:00,5.539999961853027,5.550000190734863,5.539999961853027,5.550000190734863,2891,0.0,0.0
2024-08-14 13:50:00-04:00,5.550000190734863,5.570000171661377,5.550000190734863,5.570000171661377,2985,0.0,0.0
2024-08-14 13:55:00-04:00,5.570000171661377,5.579999923706055,5.570000171661377,5.579999923706055,2206,0.0,0.0
2024-08-14 14:00:00-04:00,5.559999942779541,5.559999942779541,5.559999942779541,5.559999942779541,874,0.0,0.0
2024-08-14 14:05:00-04:00,5.550000190734863,5.550000190734863,5.519999980926514,5.519999980926514,3767,0.0,0.0
2024-08-14 14:10:00-04:00,5.519800186157227,5.53000020980835,5.510000228881836,5.510000228881836,7914,0.0,0.0
2024-08-14 14:15:00-04:00,5.510000228881836,5.519999980926514,5.485000133514404,5.485000133514404,42133,0.0,0.0
2024-08-14 14:20:00-04:00,5.489999771118164,5.53000020980835,5.489999771118164,5.5,11782,0.0,0.0
2024-08-14 14:25:00-04:00,5.505000114440918,5.510000228881836,5.489999771118164,5.510000228881836,11596,0.0,0.0
2024-08-14 14:30:00-04:00,5.510000228881836,5.519999980926514,5.5,5.5,4465,0.0,0.0
2024-08-14 14:35:00-04:00,5.5,5.5,5.489999771118164,5.489999771118164,4109,0.0,0.0
2024-08-14 14:40:00-04:00,5.489999771118164,5.494999885559082,5.489999771118164,5.494999885559082,1079,0.0,0.0
2024-08-14 14:45:00-04:00,5.494999885559082,5.494999885559082,5.445000171661377,5.454999923706055,17184,0.0,0.0
2024-08-14 14:50:00-04:00,5.454999923706055,5.454999923706055,5.450099945068359,5.450099945068359,3193,0.0,0.0
2024-08-14 14:55:00-04:00,5.460000038146973,5.489999771118164,5.440999984741211,5.480000019073486,20419,0.0,0.0
2024-08-14 15:00:00-04:00,5.46999979019165,5.46999979019165,5.440100193023682,5.449999809265137,3583,0.0,0.0
2024-08-14 15:05:00-04:00,5.449999809265137,5.449999809265137,5.445000171661377,5.445000171661377,3511,0.0,0.0
2024-08-14 15:10:00-04:00,5.440000057220459,5.440000057220459,5.40500020980835,5.40500020980835,7265,0.0,0.0
2024-08-14 15:15:00-04:00,5.40500020980835,5.414999961853027,5.400000095367432,5.414999961853027,6673,0.0,0.0
2024-08-14 15:20:00-04:00,5.414999961853027,5.414999961853027,5.409999847412109,5.414999961853027,3922,0.0,0.0
2024-08-14 15:25:00-04:00,5.409999847412109,5.420000076293945,5.409999847412109,5.420000076293945,12804,0.0,0.0
2024-08-14 15:30:00-04:00,5.414999961853027,5.414999961853027,5.400000095367432,5.400000095367432,9048,0.0,0.0
2024-08-14 15:35:00-04:00,5.409900188446045,5.409999847412109,5.400000095367432,5.40500020980835,15611,0.0,0.0
2024-08-14 15:40:00-04:00,5.40500020980835,5.417600154876709,5.380000114440918,5.40500020980835,36834,0.0,0.0
2024-08-14 15:45:00-04:00,5.414999961853027,5.425000190734863,5.409999847412109,5.425000190734863,18290,0.0,0.0
2024-08-14 15:50:00-04:00,5.425000190734863,5.429999828338623,5.385000228881836,5.385000228881836,50430,0.0,0.0
2024-08-14 15:55:00-04:00,5.380000114440918,5.489999771118164,5.360000133514404,5.480000019073486,119695,0.0,0.0
2024-08-15 09:30:00-04:00,5.659999847412109,5.760000228881836,5.619999885559082,5.625,8984,0.0,0.0
2024-08-15 09:35:00-04:00,5.625,5.675000190734863,5.625,5.659999847412109,1093,0.0,0.0
2024-08-15 09:40:00-04:00,5.679999828338623,5.679999828338623,5.675000190734863,5.675000190734863,464,0.0,0.0
2024-08-15 09:45:00-04:00,5.650000095367432,5.650000095367432,5.625,5.635000228881836,4451,0.0,0.0
2024-08-15 09:50:00-04:00,5.639999866485596,5.639999866485596,5.5945000648498535,5.5945000648498535,3147,0.0,0.0
2024-08-15 09:55:00-04:00,5.599999904632568,5.625,5.599999904632568,5.625,1256,0.0,0.0
2024-08-15 10:00:00-04:00,5.619999885559082,5.639999866485596,5.619999885559082,5.619999885559082,2853,0.0,0.0
2024-08-15 10:05:00-04:00,5.619999885559082,5.630000114440918,5.599999904632568,5.630000114440918,3744,0.0,0.0
2024-08-15 10:10:00-04:00,5.619999885559082,5.659999847412109,5.619999885559082,5.659999847412109,1506,0.0,0.0
2024-08-15 10:15:00-04:00,5.670000076293945,5.690000057220459,5.670000076293945,5.679999828338623,4265,0.0,0.0
2024-08-15 10:20:00-04:00,5.699999809265137,5.760000228881836,5.690000057220459,5.75,11155,0.0,0.0
2024-08-15 10:25:00-04:00,5.739999771118164,5.75,5.730000019073486,5.75,7585,0.0,0.0
2024-08-15 10:30:00-04:00,5.760000228881836,5.760000228881836,5.760000228881836,5.760000228881836,2166,0.0,0.0
2024-08-15 10:35:00-04:00,5.760000228881836,5.889999866485596,5.755000114440918,5.849999904632568,35676,0.0,0.0
2024-08-15 10:40:00-04:00,5.840000152587891,5.840000152587891,5.820000171661377,5.829999923706055,5070,0.0,0.0
2024-08-15 10:45:00-04:00,5.829999923706055,5.849999904632568,5.829999923706055,5.840000152587891,5114,0.0,0.0
2024-08-15 10:50:00-04:00,5.840000152587891,5.849999904632568,5.840000152587891,5.849999904632568,2179,0.0,0.0
2024-08-15 10:55:00-04:00,5.849999904632568,5.870100021362305,5.849999904632568,5.870100021362305,3324,0.0,0.0
2024-08-15 11:00:00-04:00,5.880000114440918,5.919899940490723,5.880000114440918,5.900000095367432,14782,0.0,0.0
2024-08-15 11:05:00-04:00,5.900000095367432,5.902599811553955,5.894999980926514,5.899899959564209,9854,0.0,0.0
2024-08-15 11:10:00-04:00,5.909999847412109,5.929999828338623,5.909999847412109,5.929999828338623,8803,0.0,0.0
2024-08-15 11:15:00-04:00,5.929999828338623,5.974999904632568,5.920100212097168,5.960000038146973,13548,0.0,0.0
2024-08-15 11:20:00-04:00,5.96999979019165,5.980000019073486,5.96999979019165,5.980000019073486,7457,0.0,0.0
2024-08-15 11:25:00-04:00,5.985000133514404,6.005000114440918,5.985000133514404,5.989999771118164,8733,0.0,0.0
2024-08-15 11:30:00-04:00,6.0,6.014999866485596,6.0,6.0,17900,0.0,0.0
2024-08-15 11:35:00-04:00,6.005000114440918,6.005000114440918,6.005000114440918,6.005000114440918,1002,0.0,0.0
2024-08-15 11:40:00-04:00,6.005000114440918,6.014999866485596,5.960000038146973,5.980000019073486,13666,0.0,0.0
2024-08-15 11:45:00-04:00,5.980000019073486,5.980000019073486,5.980000019073486,5.980000019073486,1902,0.0,0.0
2024-08-15 11:50:00-04:00,5.974999904632568,5.980000019073486,5.96999979019165,5.974999904632568,4120,0.0,0.0
2024-08-15 11:55:00-04:00,5.96999979019165,5.96999979019165,5.940000057220459,5.960000038146973,20852,0.0,0.0
2024-08-15 12:00:00-04:00,5.960000038146973,5.965000152587891,5.949999809265137,5.965000152587891,11809,0.0,0.0
2024-08-15 12:05:00-04:00,5.960000038146973,5.96999979019165,5.954999923706055,5.965000152587891,11049,0.0,0.0
2024-08-15 12:10:00-04:00,5.965000152587891,5.965000152587891,5.949999809265137,5.949999809265137,5214,0.0,0.0
2024-08-15 12:15:00-04:00,5.949999809265137,5.954999923706055,5.940000057220459,5.945000171661377,10616,0.0,0.0
2024-08-15 12:20:00-04:00,5.949999809265137,6.014999866485596,5.945000171661377,6.005000114440918,69484,0.0,0.0
2024-08-15 12:25:00-04:00,6.0,6.025000095367432,6.0,6.025000095367432,3209,0.0,0.0
2024-08-15 12:30:00-04:00,6.025000095367432,6.045000076293945,6.0,6.0,15151,0.0,0.0
2024-08-15 12:35:00-04:00,5.980000019073486,5.980000019073486,5.949999809265137,5.970300197601318,22801,0.0,0.0
2024-08-15 12:40:00-04:00,5.96999979019165,5.96999979019165,5.965000152587891,5.96999979019165,2904,0.0,0.0
2024-08-15 12:45:00-04:00,5.96589994430542,5.96589994430542,5.965000152587891,5.965000152587891,678,0.0,0.0
2024-08-15 12:50:00-04:00,5.965000152587891,5.989999771118164,5.965000152587891,5.985000133514404,5237,0.0,0.0
2024-08-15 12:55:00-04:00,5.989999771118164,5.999899864196777,5.960000038146973,5.960000038146973,12186,0.0,0.0
2024-08-15 13:00:00-04:00,5.960000038146973,5.960000038146973,5.949999809265137,5.949999809265137,7429,0.0,0.0
2024-08-15 13:05:00-04:00,5.949999809265137,5.949999809265137,5.945000171661377,5.945000171661377,1436,0.0,0.0
2024-08-15 13:10:00-04:00,5.949999809265137,5.965000152587891,5.949999809265137,5.960000038146973,8580,0.0,0.0
2024-08-15 13:15:00-04:00,5.954999923706055,5.965000152587891,5.945000171661377,5.965000152587891,11210,0.0,0.0
2024-08-15 13:20:00-04:00,5.965000152587891,5.989999771118164,5.960100173950195,5.980000019073486,9098,0.0,0.0
2024-08-15 13:25:00-04:00,5.980000019073486,5.980000019073486,5.980000019073486,5.980000019073486,1993,0.0,0.0
2024-08-15 13:30:00-04:00,5.980000019073486,5.980000019073486,5.980000019073486,5.980000019073486,2866,0.0,0.0
2024-08-15 13:35:00-04:00,5.980000019073486,5.98799991607666,5.980000019073486,5.985000133514404,5226,0.0,0.0
2024-08-15 13:40:00-04:00,5.989999771118164,6.005000114440918,5.985000133514404,5.985000133514404,9455,0.0,0.0
2024-08-15 13:45:00-04:00,5.985000133514404,5.985000133514404,5.934999942779541,5.934999942779541,22809,0.0,0.0
2024-08-15 13:50:00-04:00,5.940000057220459,5.949999809265137,5.940000057220459,5.947999954223633,2152,0.0,0.0
2024-08-15 13:55:00-04:00,5.949999809265137,5.954999923706055,5.949999809265137,5.954999923706055,2218,0.0,0.0
2024-08-15 14:00:00-04:00,5.954999923706055,5.960000038146973,5.949999809265137,5.954999923706055,4544,0.0,0.0
2024-08-15 14:05:00-04:00,5.949999809265137,5.949999809265137,5.934999942779541,5.934999942779541,9497,0.0,0.0
2024-08-15 14:10:00-04:00,5.934999942779541,5.958000183105469,5.934999942779541,5.949999809265137,3608,0.0,0.0
2024-08-15 14:15:00-04:00,5.949999809265137,5.949999809265137,5.945000171661377,5.947999954223633,4481,0.0,0.0
2024-08-15 14:20:00-04:00,5.940000057220459,5.940000057220459,5.929999828338623,5.929999828338623,5530,0.0,0.0
2024-08-15 14:25:00-04:00,5.934999942779541,5.949999809265137,5.934999942779541,5.949999809265137,4897,0.0,0.0
2024-08-15 14:30:00-04:00,5.942500114440918,5.949999809265137,5.940100193023682,5.945000171661377,6207,0.0,0.0
2024-08-15 14:35:00-04:00,5.945000171661377,5.960000038146973,5.945000171661377,5.945000171661377,13099,0.0,0.0
2024-08-15 14:40:00-04:00,5.947999954223633,5.9552001953125,5.945000171661377,5.954999923706055,12445,0.0,0.0
2024-08-15 14:45:00-04:00,5.954999923706055,5.96999979019165,5.929999828338623,5.929999828338623,17013,0.0,0.0
2024-08-15 14:50:00-04:00,5.934999942779541,5.980000019073486,5.934999942779541,5.980000019073486,15596,0.0,0.0
2024-08-15 14:55:00-04:00,5.980000019073486,6.019999980926514,5.980000019073486,6.019999980926514,4933,0.0,0.0
2024-08-15 15:00:00-04:00,6.019999980926514,6.019999980926514,5.950099945068359,5.950099945068359,46132,0.0,0.0
2024-08-15 15:05:00-04:00,5.960000038146973,5.960000038146973,5.940000057220459,5.945000171661377,5693,0.0,0.0
2024-08-15 15:10:00-04:00,5.934999942779541,5.945000171661377,5.925000190734863,5.940000057220459,6482,0.0,0.0
2024-08-15 15:15:00-04:00,5.949999809265137,5.949999809265137,5.945000171661377,5.949999809265137,9231,0.0,0.0
2024-08-15 15:20:00-04:00,5.954999923706055,5.960000038146973,5.949999809265137,5.954999923706055,3664,0.0,0.0
2024-08-15 15:25:00-04:00,5.954999923706055,5.954999923706055,5.90500020980835,5.914999961853027,15082,0.0,0.0
2024-08-15 15:30:00-04:00,5.914999961853027,5.914999961853027,5.914999961853027,5.914999961853027,2153,0.0,0.0
2024-08-15 15:35:00-04:00,5.914999961853027,5.920000076293945,5.909999847412109,5.914999961853027,8392,0.0,0.0
2024-08-15 15:40:00-04:00,5.914999961853027,5.920000076293945,5.909999847412109,5.914999961853027,33104,0.0,0.0
2024-08-15 15:45:00-04:00,5.914999961853027,5.940000057220459,5.909999847412109,5.940000057220459,22470,0.0,0.0
2024-08-15 15:50:00-04:00,5.934999942779541,5.980000019073486,5.934999942779541,5.965000152587891,33200,0.0,0.0
2024-08-15 15:55:00-04:00,5.965000152587891,5.985000133514404,5.960000038146973,5.980000019073486,48889,0.0,0.0
2024-08-16 09:30:00-04:00,6.320000171661377,6.440000057220459,6.25,6.349999904632568,68528,0.0,0.0
2024-08-16 09:35:00-04:00,6.300000190734863,6.429999828338623,6.300000190734863,6.429999828338623,23532,0.0,0.0
2024-08-16 09:40:00-04:00,6.409999847412109,6.449999809265137,6.409999847412109,6.420000076293945,7932,0.0,0.0
2024-08-16 09:45:00-04:00,6.409999847412109,6.46999979019165,6.409999847412109,6.46999979019165,5206,0.0,0.0
2024-08-16 09:50:00-04:00,6.480000019073486,6.579999923706055,6.475500106811523,6.539999961853027,32292,0.0,0.0
2024-08-16 09:55:00-04:00,6.559999942779541,6.679999828338623,6.55049991607666,6.599999904632568,16715,0.0,0.0
2024-08-16 10:00:00-04:00,6.610000133514404,6.610000133514404,6.460100173950195,6.460100173950195,32222,0.0,0.0
2024-08-16 10:05:00-04:00,6.440000057220459,6.440000057220459,6.3520002365112305,6.389999866485596,15369,0.0,0.0
2024-08-16 10:10:00-04:00,6.375,6.510000228881836,6.375,6.510000228881836,22483,0.0,0.0
2024-08-16 10:15:00-04:00,6.480000019073486,6.525000095367432,6.460000038146973,6.480000019073486,7684,0.0,0.0
2024-08-16 10:20:00-04:00,6.480000019073486,6.480000019073486,6.449999809265137,6.456500053405762,9012,0.0,0.0
2024-08-16 10:25:00-04:00,6.460000038146973,6.46999979019165,6.460000038146973,6.46999979019165,841,0.0,0.0
2024-08-16 10:30:00-04:00,6.449999809265137,6.510000228881836,6.440000057220459,6.510000228881836,15332,0.0,0.0
2024-08-16 10:35:00-04:00,6.519999980926514,6.519999980926514,6.460000038146973,6.519999980926514,11068,0.0,0.0
2024-08-16 10:40:00-04:00,6.489999771118164,6.5,6.480000019073486,6.480000019073486,2861,0.0,0.0
2024-08-16 10:45:00-04:00,6.480000019073486,6.510000228881836,6.480000019073486,6.510000228881836,15615,0.0,0.0
2024-08-16 10:50:00-04:00,6.519999980926514,6.579999923706055,6.519999980926514,6.574999809265137,4209,0.0,0.0
2024-08-16 10:55:00-04:00,6.559999942779541,6.570000171661377,6.510000228881836,6.510000228881836,6247,0.0,0.0
2024-08-16 11:00:00-04:00,6.510000228881836,6.525000095367432,6.510000228881836,6.514999866485596,2134,0.0,0.0
2024-08-16 11:05:00-04:00,6.527500152587891,6.53000020980835,6.514999866485596,6.53000020980835,13473,0.0,0.0
2024-08-16 11:10:00-04:00,6.53000020980835,6.539999961853027,6.519999980926514,6.519999980926514,5342,0.0,0.0
2024-08-16 11:15:00-04:00,6.485000133514404,6.5,6.46999979019165,6.46999979019165,2234,0.0,0.0
2024-08-16 11:20:00-04:00,6.465000152587891,6.465000152587891,6.449999809265137,6.449999809265137,1250,0.0,0.0
2024-08-16 11:25:00-04:00,6.429999828338623,6.429999828338623,6.389999866485596,6.389999866485596,2596,0.0,0.0
2024-08-16 11:30:00-04:00,6.400000095367432,6.406499862670898,6.400000095367432,6.400000095367432,1003,0.0,0.0
2024-08-16 11:35:00-04:00,6.409999847412109,6.425000190734863,6.380000114440918,6.380000114440918,4075,0.0,0.0
2024-08-16 11:40:00-04:00,6.369999885559082,6.389999866485596,6.369699954986572,6.385000228881836,8649,0.0,0.0
2024-08-16 11:45:00-04:00,6.38730001449585,6.400000095367432,6.38730001449585,6.400000095367432,1547,0.0,0.0
2024-08-16 11:50:00-04:00,6.400000095367432,6.400000095367432,6.364999771118164,6.364999771118164,3534,0.0,0.0
2024-08-16 11:55:00-04:00,6.369999885559082,6.380000114440918,6.360000133514404,6.360000133514404,2786,0.0,0.0
2024-08-16 12:00:00-04:00,6.340000152587891,6.340000152587891,6.335000038146973,6.335000038146973,1795,0.0,0.0
2024-08-16 12:05:00-04:00,6.329999923706055,6.340000152587891,6.329999923706055,6.340000152587891,2855,0.0,0.0
2024-08-16 12:10:00-04:00,6.340000152587891,6.369999885559082,6.340000152587891,6.349999904632568,4765,0.0,0.0
2024-08-16 12:15:00-04:00,6.369999885559082,6.409999847412109,6.364999771118164,6.400000095367432,3894,0.0,0.0
2024-08-16 12:20:00-04:00,6.409999847412109,6.420000076293945,6.389999866485596,6.400700092315674,4667,0.0,0.0
2024-08-16 12:25:00-04:00,6.409999847412109,6.409999847412109,6.400000095367432,6.400000095367432,1548,0.0,0.0
2024-08-16 12:30:00-04:00,6.389999866485596,6.389999866485596,6.375,6.389999866485596,2242,0.0,0.0
2024-08-16 12:35:00-04:00,6.380799770355225,6.389999866485596,6.375,6.375,4799,0.0,0.0
2024-08-16 12:40:00-04:00,6.380000114440918,6.380000114440918,6.375,6.380000114440918,1432,0.0,0.0
2024-08-16 12:45:00-04:00,6.389999866485596,6.389999866485596,6.355000019073486,6.355000019073486,2895,0.0,0.0
2024-08-16 12:50:00-04:00,6.369999885559082,6.380000114440918,6.289999961853027,6.289999961853027,36676,0.0,0.0
2024-08-16 12:55:00-04:00,6.300000190734863,6.389999866485596,6.300000190734863,6.355000019073486,7824,0.0,0.0
2024-08-16 13:00:00-04:00,6.349999904632568,6.349999904632568,6.269999980926514,6.28000020980835,41016,0.0,0.0
2024-08-16 13:05:00-04:00,6.28000020980835,6.300000190734863,6.269999980926514,6.269999980926514,7371,0.0,0.0
2024-08-16 13:10:00-04:00,6.28000020980835,6.28000020980835,6.239999771118164,6.28000020980835,4383,0.0,0.0
2024-08-16 13:15:00-04:00,6.289999961853027,6.300000190734863,6.284999847412109,6.300000190734863,4146,0.0,0.0
2024-08-16 13:20:00-04:00,6.304999828338623,6.309999942779541,6.300000190734863,6.300000190734863,2525,0.0,0.0
2024-08-16 13:25:00-04:00,6.289999961853027,6.289999961853027,6.2820000648498535,6.289999961853027,2443,0.0,0.0
2024-08-16 13:30:00-04:00,6.295000076293945,6.300000190734863,6.28000020980835,6.289999961853027,3797,0.0,0.0
2024-08-16 13:35:00-04:00,6.289999961853027,6.309999942779541,6.269999980926514,6.28000020980835,12426,0.0,0.0
2024-08-16 13:40:00-04:00,6.300000190734863,6.300000190734863,6.28000020980835,6.28000020980835,2644,0.0,0.0
2024-08-16 13:45:00-04:00,6.28000020980835,6.28000020980835,6.260000228881836,6.28000020980835,2141,0.0,0.0
2024-08-16 13:50:00-04:00,6.269999980926514,6.269999980926514,6.244999885559082,6.255000114440918,1840,0.0,0.0
2024-08-16 13:55:00-04:00,6.260000228881836,6.269999980926514,6.25,6.25,3399,0.0,0.0
2024-08-16 14:00:00-04:00,6.239999771118164,6.25,6.235000133514404,6.25,1481,0.0,0.0
2024-08-16 14:05:00-04:00,6.244999885559082,6.255000114440918,6.2444000244140625,6.244999885559082,3153,0.0,0.0
2024-08-16 14:10:00-04:00,6.239999771118164,6.239999771118164,6.230000019073486,6.230000019073486,3847,0.0,0.0
2024-08-16 14:15:00-04:00,6.239999771118164,6.239999771118164,6.230000019073486,6.235000133514404,1113,0.0,0.0
2024-08-16 14:20:00-04:00,6.230000019073486,6.235000133514404,6.224999904632568,6.230000019073486,2378,0.0,0.0
2024-08-16 14:25:00-04:00,6.224999904632568,6.230000019073486,6.223999977111816,6.230000019073486,2543,0.0,0.0
2024-08-16 14:30:00-04:00,6.230000019073486,6.235000133514404,6.230000019073486,6.235000133514404,2279,0.0,0.0
2024-08-16 14:35:00-04:00,6.239999771118164,6.239999771118164,6.224999904632568,6.224999904632568,3190,0.0,0.0
2024-08-16 14:40:00-04:00,6.239999771118164,6.25,6.239999771118164,6.244999885559082,3682,0.0,0.0
2024-08-16 14:45:00-04:00,6.244999885559082,6.25,6.230000019073486,6.25,8939,0.0,0.0
2024-08-16 14:50:00-04:00,6.239999771118164,6.239999771118164,6.210000038146973,6.235000133514404,4997,0.0,0.0
2024-08-16 14:55:00-04:00,6.239999771118164,6.239999771118164,6.215000152587891,6.215000152587891,2870,0.0,0.0
2024-08-16 15:00:00-04:00,6.210000038146973,6.224999904632568,6.210000038146973,6.224999904632568,1934,0.0,0.0
2024-08-16 15:05:00-04:00,6.21999979019165,6.21999979019165,6.204999923706055,6.204999923706055,4484,0.0,0.0
2024-08-16 15:10:00-04:00,6.204999923706055,6.224999904632568,6.190000057220459,6.224999904632568,6410,0.0,0.0
2024-08-16 15:15:00-04:00,6.224999904632568,6.224999904632568,6.21999979019165,6.224999904632568,3290,0.0,0.0
2024-08-16 15:20:00-04:00,6.21999979019165,6.224999904632568,6.210000038146973,6.21999979019165,2944,0.0,0.0
2024-08-16 15:25:00-04:00,6.210000038146973,6.224999904632568,6.210000038146973,6.210000038146973,5102,0.0,0.0
2024-08-16 15:30:00-04:00,6.199999809265137,6.199999809265137,6.179999828338623,6.190000057220459,5115,0.0,0.0
2024-08-16 15:35:00-04:00,6.190000057220459,6.190000057220459,6.184999942779541,6.190000057220459,4417,0.0,0.0
2024-08-16 15:40:00-04:00,6.190000057220459,6.190000057220459,6.179999828338623,6.179999828338623,3997,0.0,0.0
2024-08-16 15:45:00-04:00,6.170000076293945,6.190000057220459,6.170000076293945,6.190000057220459,8534,0.0,0.0
2024-08-16 15:50:00-04:00,6.204999923706055,6.239999771118164,6.179999828338623,6.179999828338623,33143,0.0,0.0
2024-08-16 15:55:00-04:00,6.170000076293945,6.190000057220459,6.159999847412109,6.181000232696533,50610,0.0,0.0
2024-08-19 09:30:00-04:00,6.3480000495910645,6.349999904632568,6.300000190734863,6.320000171661377,21771,0.0,0.0
2024-08-19 09:35:00-04:00,6.28000020980835,6.289999961853027,6.21999979019165,6.235000133514404,5254,0.0,0.0
2024-08-19 09:40:00-04:00,6.21999979019165,6.255000114440918,6.199999809265137,6.199999809265137,13989,0.0,0.0
2024-08-19 09:45:00-04:00,6.199999809265137,6.230000019073486,6.199999809265137,6.230000019073486,4210,0.0,0.0
2024-08-19 09:50:00-04:00,6.269999980926514,6.28000020980835,6.260000228881836,6.260000228881836,1898,0.0,0.0
2024-08-19 09:55:00-04:00,6.25,6.25,6.230000019073486,6.230000019073486,1989,0.0,0.0
2024-08-19 10:00:00-04:00,6.230000019073486,6.260000228881836,6.230000019073486,6.25,2468,0.0,0.0
2024-08-19 10:05:00-04:00,6.25,6.260000228881836,6.239999771118164,6.260000228881836,3093,0.0,0.0
2024-08-19 10:10:00-04:00,6.25,6.260000228881836,6.239999771118164,6.260000228881836,2237,0.0,0.0
2024-08-19 10:15:00-04:00,6.28000020980835,6.28000020980835,6.239999771118164,6.239999771118164,2775,0.0,0.0
2024-08-19 10:20:00-04:00,6.25,6.260000228881836,6.25,6.260000228881836,2385,0.0,0.0
2024-08-19 10:25:00-04:00,6.28000020980835,6.329999923706055,6.269999980926514,6.309999942779541,8194,0.0,0.0
2024-08-19 10:30:00-04:00,6.309999942779541,6.309999942779541,6.309999942779541,6.309999942779541,1064,0.0,0.0
2024-08-19 10:35:00-04:00,6.300000190734863,6.300000190734863,6.300000190734863,6.300000190734863,1480,0.0,0.0
2024-08-19 10:40:00-04:00,6.300000190734863,6.300000190734863,6.28000020980835,6.28000020980835,3733,0.0,0.0
2024-08-19 10:45:00-04:00,6.28000020980835,6.289999961853027,6.260000228881836,6.260000228881836,4308,0.0,0.0
2024-08-19 10:50:00-04:00,6.260000228881836,6.269999980926514,6.260000228881836,6.260000228881836,584,0.0,0.0
2024-08-19 10:55:00-04:00,6.260000228881836,6.269999980926514,6.239999771118164,6.244999885559082,4296,0.0,0.0
2024-08-19 11:00:00-04:00,6.230000019073486,6.25,6.230000019073486,6.25,2673,0.0,0.0
2024-08-19 11:05:00-04:00,6.255000114440918,6.289999961853027,6.255000114440918,6.289999961853027,2480,0.0,0.0
2024-08-19 11:10:00-04:00,6.284999847412109,6.295000076293945,6.284999847412109,6.295000076293945,2451,0.0,0.0
2024-08-19 11:15:00-04:00,6.289999961853027,6.289999961853027,6.289999961853027,6.289999961853027,796,0.0,0.0
2024-08-19 11:20:00-04:00,6.28000020980835,6.289999961853027,6.28000020980835,6.289999961853027,2701,0.0,0.0
2024-08-19 11:25:00-04:00,6.289999961853027,6.295000076293945,6.289999961853027,6.295000076293945,3196,0.0,0.0
2024-08-19 11:30:00-04:00,6.289999961853027,6.315000057220459,6.28980016708374,6.289999961853027,13454,0.0,0.0
2024-08-19 11:35:00-04:00,6.284999847412109,6.289999961853027,6.275000095367432,6.275000095367432,2208,0.0,0.0
2024-08-19 11:40:00-04:00,6.269999980926514,6.269999980926514,6.25,6.25,652,0.0,0.0
2024-08-19 11:45:00-04:00,6.25,6.25,6.239999771118164,6.25,968,0.0,0.0
2024-08-19 11:50:00-04:00,6.239999771118164,6.28000020980835,6.239999771118164,6.28000020980835,3743,0.0,0.0
2024-08-19 11:55:00-04:00,6.28000020980835,6.28000020980835,6.260000228881836,6.279699802398682,5637,0.0,0.0
2024-08-19 12:00:00-04:00,6.269999980926514,6.28000020980835,6.269999980926514,6.269999980926514,1572,0.0,0.0
2024-08-19 12:05:00-04:00,6.27370023727417,6.27370023727417,6.27370023727417,6.27370023727417,227,0.0,0.0
2024-08-19 12:10:00-04:00,6.269999980926514,6.269999980926514,6.269999980926514,6.269999980926514,466,0.0,0.0
2024-08-19 12:15:00-04:00,6.28000020980835,6.28000020980835,6.269999980926514,6.28000020980835,2005,0.0,0.0
2024-08-19 12:20:00-04:00,6.269999980926514,6.269999980926514,6.269999980926514,6.269999980926514,1214,0.0,0.0
2024-08-19 12:30:00-04:00,6.269999980926514,6.269999980926514,6.260000228881836,6.260000228881836,1245,0.0,0.0
2024-08-19 12:35:00-04:00,6.260000228881836,6.275000095367432,6.260000228881836,6.275000095367432,1775,0.0,0.0
2024-08-19 12:40:00-04:00,6.269999980926514,6.269999980926514,6.269999980926514,6.269999980926514,200,0.0,0.0
2024-08-19 12:45:00-04:00,6.28000020980835,6.300000190734863,6.28000020980835,6.289999961853027,4983,0.0,0.0
2024-08-19 12:55:00-04:00,6.289999961853027,6.289999961853027,6.28000020980835,6.289999961853027,4066,0.0,0.0
2024-08-19 13:00:00-04:00,6.28000020980835,6.304999828338623,6.28000020980835,6.300000190734863,3591,0.0,0.0
2024-08-19 13:05:00-04:00,6.300000190734863,6.340000152587891,6.300000190734863,6.324999809265137,2016,0.0,0.0
2024-08-19 13:10:00-04:00,6.320000171661377,6.320000171661377,6.320000171661377,6.320000171661377,1194,0.0,0.0
2024-08-19 13:15:00-04:00,6.320000171661377,6.320000171661377,6.320000171661377,6.320000171661377,1333,0.0,0.0
2024-08-19 13:20:00-04:00,6.324999809265137,6.389999866485596,6.28000020980835,6.320000171661377,36166,0.0,0.0
2024-08-19 13:25:00-04:00,6.309999942779541,6.309999942779541,6.309999942779541,6.309999942779541,1117,0.0,0.0
2024-08-19 13:30:00-04:00,6.318999767303467,6.320000171661377,6.289999961853027,6.300000190734863,4214,0.0,0.0
2024-08-19 13:35:00-04:00,6.289999961853027,6.340000152587891,6.289999961853027,6.324999809265137,4012,0.0,0.0
2024-08-19 13:40:00-04:00,6.329999923706055,6.349999904632568,6.329999923706055,6.349999904632568,2784,0.0,0.0
2024-08-19 13:45:00-04:00,6.349999904632568,6.349999904632568,6.349999904632568,6.349999904632568,1249,0.0,0.0
2024-08-19 13:50:00-04:00,6.349999904632568,6.349999904632568,6.329999923706055,6.340000152587891,2621,0.0,0.0
2024-08-19 13:55:00-04:00,6.329999923706055,6.329999923706055,6.300000190734863,6.300000190734863,4663,0.0,0.0
2024-08-19 14:00:00-04:00,6.300000190734863,6.300000190734863,6.300000190734863,6.300000190734863,1300,0.0,0.0
2024-08-19 14:05:00-04:00,6.284999847412109,6.289999961853027,6.28000020980835,6.28000020980835,6127,0.0,0.0
2024-08-19 14:10:00-04:00,6.284999847412109,6.284999847412109,6.284999847412109,6.284999847412109,743,0.0,0.0
2024-08-19 14:15:00-04:00,6.284999847412109,6.284999847412109,6.28000020980835,6.28000020980835,2203,0.0,0.0
2024-08-19 14:20:00-04:00,6.284999847412109,6.324999809265137,6.284999847412109,6.324999809265137,7814,0.0,0.0
2024-08-19 14:25:00-04:00,6.329999923706055,6.329999923706055,6.329999923706055,6.329999923706055,2237,0.0,0.0
2024-08-19 14:35:00-04:00,6.340000152587891,6.340000152587891,6.329999923706055,6.340000152587891,2564,0.0,0.0
2024-08-19 14:40:00-04:00,6.329999923706055,6.340000152587891,6.324999809265137,6.324999809265137,2484,0.0,0.0
2024-08-19 14:45:00-04:00,6.324999809265137,6.324999809265137,6.309999942779541,6.320000171661377,6878,0.0,0.0
2024-08-19 14:50:00-04:00,6.324999809265137,6.324999809265137,6.304999828338623,6.304999828338623,2579,0.0,0.0
2024-08-19 14:55:00-04:00,6.304999828338623,6.320000171661377,6.300000190734863,6.309999942779541,16656,0.0,0.0
2024-08-19 15:00:00-04:00,6.309999942779541,6.315000057220459,6.309999942779541,6.315000057220459,817,0.0,0.0
2024-08-19 15:05:00-04:00,6.315000057220459,6.355000019073486,6.315000057220459,6.355000019073486,5334,0.0,0.0
2024-08-19 15:10:00-04:00,6.355000019073486,6.355000019073486,6.349999904632568,6.349999904632568,1748,0.0,0.0
2024-08-19 15:15:00-04:00,6.349999904632568,6.349999904632568,6.340000152587891,6.340000152587891,4505,0.0,0.0
2024-08-19 15:20:00-04:00,6.340000152587891,6.364999771118164,6.340000152587891,6.355000019073486,4889,0.0,0.0
2024-08-19 15:25:00-04:00,6.360000133514404,6.394999980926514,6.360000133514404,6.385000228881836,6818,0.0,0.0
2024-08-19 15:30:00-04:00,6.385000228881836,6.389999866485596,6.380000114440918,6.385000228881836,5134,0.0,0.0
2024-08-19 15:35:00-04:00,6.380000114440918,6.380000114440918,6.369999885559082,6.369999885559082,1435,0.0,0.0
2024-08-19 15:40:00-04:00,6.375,6.385000228881836,6.364999771118164,6.385000228881836,10754,0.0,0.0
2024-08-19 15:45:00-04:00,6.385000228881836,6.400000095367432,6.380000114440918,6.389999866485596,8220,0.0,0.0
2024-08-19 15:50:00-04:00,6.389999866485596,6.429999828338623,6.389999866485596,6.400000095367432,27163,0.0,0.0
2024-08-19 15:55:00-04:00,6.400000095367432,6.414999961853027,6.360000133514404,6.380000114440918,63124,0.0,0.0
2024-08-20 09:30:00-04:00,6.380000114440918,6.380000114440918,6.300000190734863,6.332499980926514,13580,0.0,0.0
2024-08-20 09:35:00-04:00,6.389999866485596,6.420000076293945,6.389999866485596,6.420000076293945,1259,0.0,0.0
2024-08-20 09:40:00-04:00,6.440000057220459,6.440000057220459,6.440000057220459,6.440000057220459,257,0.0,0.0
2024-08-20 09:45:00-04:00,6.409999847412109,6.409999847412109,6.320099830627441,6.320099830627441,3060,0.0,0.0
2024-08-20 09:50:00-04:00,6.360000133514404,6.360000133514404,6.360000133514404,6.360000133514404,383,0.0,0.0
2024-08-20 09:55:00-04:00,6.360000133514404,6.420000076293945,6.360000133514404,6.409999847412109,8263,0.0,0.0
2024-08-20 10:00:00-04:00,6.425000190734863,6.46999979019165,6.420000076293945,6.46999979019165,6992,0.0,0.0
2024-08-20 10:05:00-04:00,6.46999979019165,6.46999979019165,6.389999866485596,6.394999980926514,11907,0.0,0.0
2024-08-20 10:10:00-04:00,6.380000114440918,6.380000114440918,6.369999885559082,6.369999885559082,885,0.0,0.0
2024-08-20 10:15:00-04:00,6.380000114440918,6.380000114440918,6.369999885559082,6.369999885559082,1347,0.0,0.0
2024-08-20 10:20:00-04:00,6.369999885559082,6.369999885559082,6.329999923706055,6.340000152587891,3809,0.0,0.0
2024-08-20 10:25:00-04:00,6.355000019073486,6.355000019073486,6.309999942779541,6.309999942779541,3536,0.0,0.0
2024-08-20 10:30:00-04:00,6.309999942779541,6.329999923706055,6.300000190734863,6.329999923706055,3829,0.0,0.0
2024-08-20 10:35:00-04:00,6.329999923706055,6.329999923706055,6.284999847412109,6.284999847412109,2616,0.0,0.0
2024-08-20 10:40:00-04:00,6.284999847412109,6.284999847412109,6.260000228881836,6.260000228881836,1881,0.0,0.0
2024-08-20 10:45:00-04:00,6.269999980926514,6.28000020980835,6.269999980926514,6.269999980926514,2327,0.0,0.0
2024-08-20 10:50:00-04:00,6.28000020980835,6.28000020980835,6.28000020980835,6.28000020980835,975,0.0,0.0
2024-08-20 10:55:00-04:00,6.300000190734863,6.309999942779541,6.28000020980835,6.300000190734863,7263,0.0,0.0
2024-08-20 11:00:00-04:00,6.320000171661377,6.320000171661377,6.300000190734863,6.300000190734863,4470,0.0,0.0
2024-08-20 11:10:00-04:00,6.304999828338623,6.309999942779541,6.300000190734863,6.300000190734863,2735,0.0,0.0
2024-08-20 11:15:00-04:00,6.309999942779541,6.309999942779541,6.300000190734863,6.300000190734863,971,0.0,0.0
2024-08-20 11:20:00-04:00,6.309999942779541,6.309999942779541,6.300000190734863,6.309999942779541,4886,0.0,0.0
2024-08-20 11:25:00-04:00,6.320000171661377,6.5,6.320000171661377,6.480000019073486,76216,0.0,0.0
2024-08-20 11:30:00-04:00,6.480000019073486,6.489999771118164,6.46999979019165,6.46999979019165,8416,0.0,0.0
2024-08-20 11:35:00-04:00,6.465000152587891,6.46999979019165,6.429999828338623,6.429999828338623,11482,0.0,0.0
2024-08-20 11:40:00-04:00,6.420000076293945,6.420000076293945,6.420000076293945,6.420000076293945,1295,0.0,0.0
2024-08-20 11:45:00-04:00,6.409999847412109,6.409999847412109,6.389999866485596,6.389999866485596,1153,0.0,0.0
2024-08-20 11:50:00-04:00,6.389999866485596,6.400000095367432,6.389999866485596,6.400000095367432,1231,0.0,0.0
2024-08-20 11:55:00-04:00,6.409999847412109,6.420000076293945,6.400000095367432,6.409999847412109,5031,0.0,0.0
2024-08-20 12:00:00-04:00,6.400000095367432,6.414999961853027,6.380000114440918,6.400000095367432,15483,0.0,0.0
2024-08-20 12:05:00-04:00,6.40500020980835,6.420000076293945,6.38040018081665,6.420000076293945,3836,0.0,0.0
2024-08-20 12:10:00-04:00,6.420000076293945,6.420000076293945,6.420000076293945,6.420000076293945,1451,0.0,0.0
2024-08-20 12:15:00-04:00,6.409999847412109,6.409999847412109,6.380000114440918,6.380000114440918,4732,0.0,0.0
2024-08-20 12:20:00-04:00,6.369999885559082,6.369999885559082,6.369999885559082,6.369999885559082,1118,0.0,0.0
2024-08-20 12:25:00-04:00,6.360000133514404,6.380000114440918,6.360000133514404,6.375,2607,0.0,0.0
2024-08-20 12:30:00-04:00,6.375,6.380000114440918,6.375,6.380000114440918,2796,0.0,0.0
2024-08-20 12:40:00-04:00,6.380000114440918,6.385000228881836,6.380000114440918,6.380000114440918,3918,0.0,0.0
2024-08-20 12:45:00-04:00,6.380000114440918,6.380000114440918,6.375,6.380000114440918,2078,0.0,0.0
2024-08-20 12:50:00-04:00,6.369999885559082,6.375,6.360000133514404,6.360000133514404,5600,0.0,0.0
2024-08-20 12:55:00-04:00,6.360000133514404,6.360000133514404,6.360000133514404,6.360000133514404,407,0.0,0.0
2024-08-20 13:00:00-04:00,6.349999904632568,6.349999904632568,6.300000190734863,6.309999942779541,4151,0.0,0.0
2024-08-20 13:05:00-04:00,6.309999942779541,6.34499979019165,6.309999942779541,6.340000152587891,10153,0.0,0.0
2024-08-20 13:10:00-04:00,6.340000152587891,6.340000152587891,6.340000152587891,6.340000152587891,975,0.0,0.0
2024-08-20 13:15:00-04:00,6.329999923706055,6.340000152587891,6.329999923706055,6.340000152587891,2102,0.0,0.0
2024-08-20 13:20:00-04:00,6.329999923706055,6.329999923706055,6.320000171661377,6.320000171661377,1532,0.0,0.0
2024-08-20 13:25:00-04:00,6.319900035858154,6.324999809265137,6.309999942779541,6.309999942779541,5873,0.0,0.0
2024-08-20 13:30:00-04:00,6.315000057220459,6.324999809265137,6.315000057220459,6.324999809265137,4007,0.0,0.0
2024-08-20 13:35:00-04:00,6.315000057220459,6.315000057220459,6.309999942779541,6.309999942779541,2224,0.0,0.0
2024-08-20 13:40:00-04:00,6.304999828338623,6.340000152587891,6.300000190734863,6.340000152587891,9416,0.0,0.0
2024-08-20 13:45:00-04:00,6.349999904632568,6.389999866485596,6.349999904632568,6.389999866485596,6683,0.0,0.0
2024-08-20 13:50:00-04:00,6.355000019073486,6.355000019073486,6.34499979019165,6.3460001945495605,2463,0.0,0.0
2024-08-20 13:55:00-04:00,6.340000152587891,6.340000152587891,6.300000190734863,6.300000190734863,2987,0.0,0.0
2024-08-20 14:00:00-04:00,6.300000190734863,6.300000190734863,6.289999961853027,6.300000190734863,4227,0.0,0.0
2024-08-20 14:05:00-04:00,6.309999942779541,6.320000171661377,6.309999942779541,6.315000057220459,12264,0.0,0.0
2024-08-20 14:10:00-04:00,6.315000057220459,6.315000057220459,6.315000057220459,6.315000057220459,1444,0.0,0.0
2024-08-20 14:15:00-04:00,6.309999942779541,6.320000171661377,6.309999942779541,6.315000057220459,2560,0.0,0.0
2024-08-20 14:20:00-04:00,6.320000171661377,6.324999809265137,6.315000057220459,6.324999809265137,5219,0.0,0.0
2024-08-20 14:25:00-04:00,6.324999809265137,6.324999809265137,6.304999828338623,6.304999828338623,4204,0.0,0.0
2024-08-20 14:30:00-04:00,6.304999828338623,6.349999904632568,6.304999828338623,6.349999904632568,4791,0.0,0.0
2024-08-20 14:35:00-04:00,6.349999904632568,6.364999771118164,6.349999904632568,6.364999771118164,2608,0.0,0.0
2024-08-20 14:40:00-04:00,6.360000133514404,6.360000133514404,6.349999904632568,6.349999904632568,3390,0.0,0.0
2024-08-20 14:45:00-04:00,6.34499979019165,6.360000133514404,6.34499979019165,6.360000133514404,2133,0.0,0.0
2024-08-20 14:50:00-04:00,6.360000133514404,6.369999885559082,6.355000019073486,6.355000019073486,2831,0.0,0.0
2024-08-20 14:55:00-04:00,6.349999904632568,6.349999904632568,6.329999923706055,6.329999923706055,2405,0.0,0.0
2024-08-20 15:00:00-04:00,6.329999923706055,6.360000133514404,6.329999923706055,6.360000133514404,4853,0.0,0.0
2024-08-20 15:05:00-04:00,6.360000133514404,6.360000133514404,6.355000019073486,6.360000133514404,1687,0.0,0.0
2024-08-20 15:10:00-04:00,6.364999771118164,6.364999771118164,6.360000133514404,6.360000133514404,2673,0.0,0.0
2024-08-20 15:15:00-04:00,6.369999885559082,6.369999885559082,6.340000152587891,6.349999904632568,5174,0.0,0.0
2024-08-20 15:20:00-04:00,6.360000133514404,6.364999771118164,6.360000133514404,6.364999771118164,1338,0.0,0.0
2024-08-20 15:25:00-04:00,6.364999771118164,6.369999885559082,6.364999771118164,6.364999771118164,1895,0.0,0.0
2024-08-20 15:30:00-04:00,6.360000133514404,6.364999771118164,6.349999904632568,6.364999771118164,8021,0.0,0.0
2024-08-20 15:35:00-04:00,6.360000133514404,6.360000133514404,6.349999904632568,6.360000133514404,2286,0.0,0.0
2024-08-20 15:40:00-04:00,6.355000019073486,6.360000133514404,6.34499979019165,6.34499979019165,8073,0.0,0.0
2024-08-20 15:45:00-04:00,6.34499979019165,6.360000133514404,6.324999809265137,6.335000038146973,24839,0.0,0.0
2024-08-20 15:50:00-04:00,6.335000038146973,6.380000114440918,6.324999809265137,6.329999923706055,29676,0.0,0.0
2024-08-20 15:55:00-04:00,6.320000171661377,6.324999809265137,6.289999961853027,6.300000190734863,40490,0.0,0.0
2024-08-21 09:30:00-04:00,6.329999923706055,6.389999866485596,6.320000171661377,6.329999923706055,5571,0.0,0.0
2024-08-21 09:40:00-04:00,6.369999885559082,6.369999885559082,6.320000171661377,6.369999885559082,3091,0.0,0.0
2024-08-21 09:45:00-04:00,6.389999866485596,6.389999866485596,6.340000152587891,6.340000152587891,3592,0.0,0.0
2024-08-21 09:50:00-04:00,6.320000171661377,6.329999923706055,6.289999961853027,6.289999961853027,1436,0.0,0.0
2024-08-21 09:55:00-04:00,6.324999809265137,6.324999809265137,6.324999809265137,6.324999809265137,554,0.0,0.0
2024-08-21 10:00:00-04:00,6.329999923706055,6.349999904632568,6.324999809265137,6.335000038146973,5565,0.0,0.0
2024-08-21 10:05:00-04:00,6.340000152587891,6.340000152587891,6.300000190734863,6.315000057220459,5030,0.0,0.0
2024-08-21 10:10:00-04:00,6.320000171661377,6.320000171661377,6.28000020980835,6.28000020980835,3090,0.0,0.0
2024-08-21 10:15:00-04:00,6.28000020980835,6.320000171661377,6.28000020980835,6.296199798583984,1334,0.0,0.0
2024-08-21 10:20:00-04:00,6.289999961853027,6.289999961853027,6.289999961853027,6.289999961853027,821,0.0,0.0
2024-08-21 10:25:00-04:00,6.300000190734863,6.304999828338623,6.269999980926514,6.269999980926514,4574,0.0,0.0
2024-08-21 10:30:00-04:00,6.269999980926514,6.269999980926514,6.25,6.25,540,0.0,0.0
2024-08-21 10:35:00-04:00,6.254000186920166,6.260000228881836,6.254000186920166,6.260000228881836,1705,0.0,0.0
2024-08-21 10:40:00-04:00,6.269999980926514,6.269999980926514,6.264999866485596,6.264999866485596,1750,0.0,0.0
2024-08-21 10:45:00-04:00,6.264900207519531,6.315000057220459,6.264900207519531,6.300000190734863,10908,0.0,0.0
2024-08-21 10:50:00-04:00,6.269999980926514,6.269999980926514,6.239999771118164,6.239999771118164,2197,0.0,0.0
2024-08-21 10:55:00-04:00,6.230000019073486,6.230000019073486,6.21999979019165,6.21999979019165,793,0.0,0.0
2024-08-21 11:00:00-04:00,6.21999979019165,6.21999979019165,6.210000038146973,6.21999979019165,2803,0.0,0.0
2024-08-21 11:05:00-04:00,6.21999979019165,6.21999979019165,6.21999979019165,6.21999979019165,200,0.0,0.0
2024-08-21 11:10:00-04:00,6.229899883270264,6.239999771118164,6.195000171661377,6.195000171661377,18644,0.0,0.0
2024-08-21 11:15:00-04:00,6.190000057220459,6.195000171661377,6.190000057220459,6.195000171661377,2853,0.0,0.0
2024-08-21 11:20:00-04:00,6.190000057220459,6.230000019073486,6.190000057220459,6.230000019073486,7940,0.0,0.0
2024-08-21 11:25:00-04:00,6.239999771118164,6.239999771118164,6.239999771118164,6.239999771118164,918,0.0,0.0
2024-08-21 11:30:00-04:00,6.239999771118164,6.25,6.239999771118164,6.239999771118164,2520,0.0,0.0
2024-08-21 11:35:00-04:00,6.25,6.260000228881836,6.25,6.260000228881836,2901,0.0,0.0
2024-08-21 11:40:00-04:00,6.260000228881836,6.269999980926514,6.25,6.260000228881836,5224,0.0,0.0
2024-08-21 11:45:00-04:00,6.28000020980835,6.309999942779541,6.28000020980835,6.309999942779541,13806,0.0,0.0
2024-08-21 11:50:00-04:00,6.300000190734863,6.300000190734863,6.300000190734863,6.300000190734863,3559,0.0,0.0
2024-08-21 11:55:00-04:00,6.300000190734863,6.300000190734863,6.235000133514404,6.235000133514404,3333,0.0,0.0
2024-08-21 12:00:00-04:00,6.235000133514404,6.320000171661377,6.235000133514404,6.320000171661377,4651,0.0,0.0
2024-08-21 12:05:00-04:00,6.320000171661377,6.320000171661377,6.300000190734863,6.320000171661377,1591,0.0,0.0
2024-08-21 12:10:00-04:00,6.320000171661377,6.329999923706055,6.320000171661377,6.320000171661377,1086,0.0,0.0
2024-08-21 12:15:00-04:00,6.324999809265137,6.340000152587891,6.309999942779541,6.340000152587891,1624,0.0,0.0
2024-08-21 12:20:00-04:00,6.320000171661377,6.340000152587891,6.309999942779541,6.340000152587891,5735,0.0,0.0
2024-08-21 12:25:00-04:00,6.340000152587891,6.360000133514404,6.335000038146973,6.335000038146973,4738,0.0,0.0
2024-08-21 12:30:00-04:00,6.340000152587891,6.349999904632568,6.329999923706055,6.349999904632568,3355,0.0,0.0
2024-08-21 12:35:00-04:00,6.349999904632568,6.360000133514404,6.340000152587891,6.340000152587891,5195,0.0,0.0
2024-08-21 12:40:00-04:00,6.340000152587891,6.34499979019165,6.340000152587891,6.34499979019165,1075,0.0,0.0
2024-08-21 12:45:00-04:00,6.340000152587891,6.349999904632568,6.340000152587891,6.340000152587891,2643,0.0,0.0
2024-08-21 12:50:00-04:00,6.340000152587891,6.340000152587891,6.340000152587891,6.340000152587891,1052,0.0,0.0
2024-08-21 12:55:00-04:00,6.340000152587891,6.355000019073486,6.340000152587891,6.349999904632568,4364,0.0,0.0
2024-08-21 13:00:00-04:00,6.349999904632568,6.349999904632568,6.320000171661377,6.320000171661377,10089,0.0,0.0
2024-08-21 13:05:00-04:00,6.320000171661377,6.320000171661377,6.309999942779541,6.315000057220459,11102,0.0,0.0
2024-08-21 13:10:00-04:00,6.329999923706055,6.380000114440918,6.329999923706055,6.380000114440918,4847,0.0,0.0
2024-08-21 13:15:00-04:00,6.369999885559082,6.380000114440918,6.360000133514404,6.380000114440918,8744,0.0,0.0
2024-08-21 13:20:00-04:00,6.385000228881836,6.385000228881836,6.360000133514404,6.360000133514404,13119,0.0,0.0
2024-08-21 13:25:00-04:00,6.340000152587891,6.349999904632568,6.340000152587891,6.349999904632568,1134,0.0,0.0
2024-08-21 13:30:00-04:00,6.360000133514404,6.429999828338623,6.360000133514404,6.420000076293945,4763,0.0,0.0
2024-08-21 13:35:00-04:00,6.429999828338623,6.429999828338623,6.429999828338623,6.429999828338623,1189,0.0,0.0
2024-08-21 13:40:00-04:00,6.429999828338623,6.514999866485596,6.429999828338623,6.5,44955,0.0,0.0
2024-08-21 13:45:00-04:00,6.5,6.510000228881836,6.489999771118164,6.5,4654,0.0,0.0
2024-08-21 13:50:00-04:00,6.5,6.510000228881836,6.5,6.5,980,0.0,0.0
2024-08-21 13:55:00-04:00,6.5,6.510000228881836,6.489999771118164,6.5,3019,0.0,0.0
2024-08-21 14:00:00-04:00,6.489999771118164,6.489999771118164,6.480000019073486,6.480000019073486,7901,0.0,0.0
2024-08-21 14:05:00-04:00,6.485000133514404,6.485000133514404,6.485000133514404,6.485000133514404,1067,0.0,0.0
2024-08-21 14:10:00-04:00,6.485000133514404,6.514999866485596,6.485000133514404,6.5,12699,0.0,0.0
2024-08-21 14:15:00-04:00,6.489999771118164,6.489999771118164,6.46999979019165,6.470099925994873,5671,0.0,0.0
2024-08-21 14:20:00-04:00,6.474899768829346,6.474999904632568,6.460000038146973,6.460000038146973,4496,0.0,0.0
2024-08-21 14:25:00-04:00,6.454999923706055,6.480000019073486,6.454999923706055,6.469900131225586,6505,0.0,0.0
2024-08-21 14:30:00-04:00,6.46999979019165,6.485000133514404,6.46999979019165,6.485000133514404,3068,0.0,0.0
2024-08-21 14:35:00-04:00,6.485000133514404,6.485000133514404,6.454999923706055,6.454999923706055,11703,0.0,0.0
2024-08-21 14:40:00-04:00,6.454999923706055,6.465000152587891,6.454999923706055,6.465000152587891,3251,0.0,0.0
2024-08-21 14:45:00-04:00,6.460000038146973,6.465000152587891,6.449999809265137,6.465000152587891,5212,0.0,0.0
2024-08-21 14:50:00-04:00,6.465000152587891,6.480000019073486,6.460100173950195,6.480000019073486,15055,0.0,0.0
2024-08-21 14:55:00-04:00,6.474999904632568,6.474999904632568,6.414999961853027,6.420000076293945,12048,0.0,0.0
2024-08-21 15:00:00-04:00,6.409999847412109,6.414999961853027,6.389999866485596,6.389999866485596,8357,0.0,0.0
2024-08-21 15:05:00-04:00,6.389999866485596,6.400000095367432,6.389999866485596,6.400000095367432,2848,0.0,0.0
2024-08-21 15:10:00-04:00,6.409999847412109,6.425000190734863,6.40500020980835,6.40500020980835,9631,0.0,0.0
2024-08-21 15:15:00-04:00,6.400000095367432,6.415999889373779,6.400000095367432,6.414999961853027,5236,0.0,0.0
2024-08-21 15:20:00-04:00,6.414999961853027,6.420000076293945,6.409999847412109,6.420000076293945,2615,0.0,0.0
2024-08-21 15:25:00-04:00,6.420000076293945,6.474999904632568,6.420000076293945,6.46999979019165,14987,0.0,0.0
2024-08-21 15:30:00-04:00,6.460000038146973,6.460000038146973,6.440000057220459,6.445000171661377,13748,0.0,0.0
2024-08-21 15:35:00-04:00,6.454999923706055,6.46999979019165,6.454999923706055,6.465000152587891,9413,0.0,0.0
2024-08-21 15:40:00-04:00,6.465000152587891,6.46999979019165,6.450099945068359,6.46999979019165,18046,0.0,0.0
2024-08-21 15:45:00-04:00,6.465000152587891,6.46999979019165,6.449999809265137,6.454999923706055,13950,0.0,0.0
2024-08-21 15:50:00-04:00,6.454999923706055,6.510000228881836,6.454999923706055,6.5,46698,0.0,0.0
2024-08-21 15:55:00-04:00,6.505000114440918,6.505000114440918,6.449999809265137,6.449999809265137,67977,0.0,0.0
2024-08-22 09:30:00-04:00,6.449999809265137,6.519999980926514,6.420000076293945,6.519999980926514,6145,0.0,0.0
2024-08-22 09:35:00-04:00,6.410099983215332,6.410099983215332,6.410099983215332,6.410099983215332,33,0.0,0.0
2024-08-22 09:40:00-04:00,6.46999979019165,6.46999979019165,6.46999979019165,6.46999979019165,511,0.0,0.0
2024-08-22 09:45:00-04:00,6.46999979019165,6.46999979019165,6.389999866485596,6.389999866485596,2674,0.0,0.0
2024-08-22 09:50:00-04:00,6.360000133514404,6.380000114440918,6.360000133514404,6.380000114440918,1211,0.0,0.0
2024-08-22 10:00:00-04:00,6.385000228881836,6.385000228881836,6.385000228881836,6.385000228881836,2994,0.0,0.0
2024-08-22 10:05:00-04:00,6.400000095367432,6.429999828338623,6.400000095367432,6.429999828338623,2682,0.0,0.0
2024-08-22 10:10:00-04:00,6.440000057220459,6.440000057220459,6.420000076293945,6.420000076293945,1096,0.0,0.0
2024-08-22 10:15:00-04:00,6.420000076293945,6.420000076293945,6.389999866485596,6.389999866485596,1175,0.0,0.0
2024-08-22 10:20:00-04:00,6.389999866485596,6.400000095367432,6.349999904632568,6.349999904632568,2078,0.0,0.0
2024-08-22 10:25:00-04:00,6.369999885559082,6.389999866485596,6.360000133514404,6.389999866485596,2820,0.0,0.0
2024-08-22 10:30:00-04:00,6.380000114440918,6.389999866485596,6.380000114440918,6.380000114440918,2469,0.0,0.0
2024-08-22 10:35:00-04:00,6.389999866485596,6.400000095367432,6.389999866485596,6.400000095367432,1550,0.0,0.0
2024-08-22 10:40:00-04:00,6.409999847412109,6.429999828338623,6.409999847412109,6.420000076293945,1851,0.0,0.0
2024-08-22 10:45:00-04:00,6.429999828338623,6.429999828338623,6.429999828338623,6.429999828338623,1152,0.0,0.0
2024-08-22 10:50:00-04:00,6.440000057220459,6.440000057220459,6.420000076293945,6.420000076293945,2127,0.0,0.0
2024-08-22 10:55:00-04:00,6.429999828338623,6.429999828338623,6.429999828338623,6.429999828338623,1564,0.0,0.0
2024-08-22 11:00:00-04:00,6.400000095367432,6.400000095367432,6.369999885559082,6.369999885559082,7374,0.0,0.0
2024-08-22 11:05:00-04:00,6.340000152587891,6.340000152587891,6.309999942779541,6.309999942779541,4288,0.0,0.0
2024-08-22 11:10:00-04:00,6.320000171661377,6.340000152587891,6.315000057220459,6.340000152587891,2958,0.0,0.0
2024-08-22 11:15:00-04:00,6.349999904632568,6.349999904632568,6.324999809265137,6.324999809265137,2027,0.0,0.0
2024-08-22 11:20:00-04:00,6.320000171661377,6.320000171661377,6.300000190734863,6.320000171661377,6472,0.0,0.0
2024-08-22 11:25:00-04:00,6.309999942779541,6.329999923706055,6.309999942779541,6.329999923706055,1426,0.0,0.0
2024-08-22 11:30:00-04:00,6.329999923706055,6.329999923706055,6.300000190734863,6.304999828338623,2313,0.0,0.0
2024-08-22 11:35:00-04:00,6.295000076293945,6.309999942779541,6.289999961853027,6.289999961853027,2428,0.0,0.0
2024-08-22 11:40:00-04:00,6.28000020980835,6.28000020980835,6.255000114440918,6.255000114440918,2580,0.0,0.0
2024-08-22 11:45:00-04:00,6.255000114440918,6.255000114440918,6.239999771118164,6.239999771118164,1829,0.0,0.0
2024-08-22 11:50:00-04:00,6.230000019073486,6.255000114440918,6.230000019073486,6.25,2442,0.0,0.0
2024-08-22 11:55:00-04:00,6.260000228881836,6.269999980926514,6.25,6.269999980926514,3273,0.0,0.0
2024-08-22 12:00:00-04:00,6.25,6.289999961853027,6.25,6.289999961853027,3560,0.0,0.0
2024-08-22 12:05:00-04:00,6.289999961853027,6.300000190734863,6.289999961853027,6.295000076293945,3977,0.0,0.0
2024-08-22 12:10:00-04:00,6.315000057220459,6.315000057220459,6.28000020980835,6.28000020980835,2322,0.0,0.0
2024-08-22 12:15:00-04:00,6.28000020980835,6.28000020980835,6.269999980926514,6.28000020980835,1206,0.0,0.0
2024-08-22 12:20:00-04:00,6.28000020980835,6.289999961853027,6.28000020980835,6.289999961853027,1979,0.0,0.0
2024-08-22 12:25:00-04:00,6.300000190734863,6.309999942779541,6.300000190734863,6.300000190734863,3558,0.0,0.0
2024-08-22 12:30:00-04:00,6.309999942779541,6.309999942779541,6.300000190734863,6.300000190734863,1356,0.0,0.0
2024-08-22 12:35:00-04:00,6.300000190734863,6.315000057220459,6.300000190734863,6.315000057220459,2547,0.0,0.0
2024-08-22 12:40:00-04:00,6.320000171661377,6.320000171661377,6.309999942779541,6.309999942779541,1995,0.0,0.0
2024-08-22 12:45:00-04:00,6.309999942779541,6.309999942779541,6.289999961853027,6.289999961853027,3737,0.0,0.0
2024-08-22 12:50:00-04:00,6.300000190734863,6.300000190734863,6.269999980926514,6.269999980926514,2170,0.0,0.0
2024-08-22 12:55:00-04:00,6.25,6.255000114440918,6.25,6.25,3154,0.0,0.0
2024-08-22 13:00:00-04:00,6.25,6.25,6.239999771118164,6.25,2096,0.0,0.0
2024-08-22 13:05:00-04:00,6.25,6.269000053405762,6.244999885559082,6.269000053405762,2423,0.0,0.0
2024-08-22 13:10:00-04:00,6.260000228881836,6.28000020980835,6.260000228881836,6.28000020980835,5771,0.0,0.0
2024-08-22 13:15:00-04:00,6.28000020980835,6.289999961853027,6.28000020980835,6.289999961853027,1253,0.0,0.0
2024-08-22 13:20:00-04:00,6.289999961853027,6.300000190734863,6.289999961853027,6.295000076293945,2539,0.0,0.0
2024-08-22 13:25:00-04:00,6.295000076293945,6.295000076293945,6.289999961853027,6.289999961853027,1748,0.0,0.0
2024-08-22 13:30:00-04:00,6.289999961853027,6.289999961853027,6.255000114440918,6.260000228881836,2314,0.0,0.0
2024-08-22 13:35:00-04:00,6.260000228881836,6.284999847412109,6.260000228881836,6.284999847412109,3400,0.0,0.0
2024-08-22 13:40:00-04:00,6.280099868774414,6.289999961853027,6.269999980926514,6.284999847412109,1785,0.0,0.0
2024-08-22 13:45:00-04:00,6.28000020980835,6.289999961853027,6.230000019073486,6.230000019073486,3619,0.0,0.0
2024-08-22 13:50:00-04:00,6.230000019073486,6.239999771118164,6.230000019073486,6.239999771118164,3159,0.0,0.0
2024-08-22 13:55:00-04:00,6.239999771118164,6.244999885559082,6.235000133514404,6.235000133514404,2162,0.0,0.0
2024-08-22 14:00:00-04:00,6.21999979019165,6.230000019073486,6.21999979019165,6.224999904632568,3017,0.0,0.0
2024-08-22 14:05:00-04:00,6.230000019073486,6.230000019073486,6.224999904632568,6.230000019073486,2691,0.0,0.0
2024-08-22 14:10:00-04:00,6.230000019073486,6.235000133514404,6.230000019073486,6.235000133514404,815,0.0,0.0
2024-08-22 14:15:00-04:00,6.235000133514404,6.235000133514404,6.170000076293945,6.179999828338623,8894,0.0,0.0
2024-08-22 14:20:00-04:00,6.179999828338623,6.179999828338623,6.159999847412109,6.159999847412109,2389,0.0,0.0
2024-08-22 14:25:00-04:00,6.150000095367432,6.159999847412109,6.130000114440918,6.15500020980835,4104,0.0,0.0
2024-08-22 14:30:00-04:00,6.158999919891357,6.175000190734863,6.158999919891357,6.170000076293945,3489,0.0,0.0
2024-08-22 14:35:00-04:00,6.170000076293945,6.199999809265137,6.170000076293945,6.199999809265137,2264,0.0,0.0
2024-08-22 14:40:00-04:00,6.190000057220459,6.190000057220459,6.170000076293945,6.190000057220459,3200,0.0,0.0
2024-08-22 14:45:00-04:00,6.190000057220459,6.190000057220459,6.190000057220459,6.190000057220459,1234,0.0,0.0
2024-08-22 14:50:00-04:00,6.179999828338623,6.179999828338623,6.170000076293945,6.170000076293945,2283,0.0,0.0
2024-08-22 14:55:00-04:00,6.175000190734863,6.175000190734863,6.164999961853027,6.164999961853027,1144,0.0,0.0
2024-08-22 15:00:00-04:00,6.164999961853027,6.175000190734863,6.164999961853027,6.170000076293945,2534,0.0,0.0
2024-08-22 15:05:00-04:00,6.175000190734863,6.175000190734863,6.170000076293945,6.170000076293945,2041,0.0,0.0
2024-08-22 15:10:00-04:00,6.170000076293945,6.184999942779541,6.164999961853027,6.164999961853027,3746,0.0,0.0
2024-08-22 15:15:00-04:00,6.164999961853027,6.195000171661377,6.164999961853027,6.179999828338623,4304,0.0,0.0
2024-08-22 15:20:00-04:00,6.195000171661377,6.195000171661377,6.190000057220459,6.190000057220459,7431,0.0,0.0
2024-08-22 15:25:00-04:00,6.190000057220459,6.190000057220459,6.175000190734863,6.175000190734863,2275,0.0,0.0
2024-08-22 15:30:00-04:00,6.170000076293945,6.170000076293945,6.139999866485596,6.150000095367432,4503,0.0,0.0
2024-08-22 15:35:00-04:00,6.150000095367432,6.159999847412109,6.130000114440918,6.130000114440918,6290,0.0,0.0
2024-08-22 15:40:00-04:00,6.139999866485596,6.150000095367432,6.110000133514404,6.114999771118164,6825,0.0,0.0
2024-08-22 15:45:00-04:00,6.114999771118164,6.135000228881836,6.105000019073486,6.130000114440918,15739,0.0,0.0
2024-08-22 15:50:00-04:00,6.139999866485596,6.150000095367432,6.119999885559082,6.14900016784668,19087,0.0,0.0
2024-08-22 15:55:00-04:00,6.144999980926514,6.21999979019165,6.139999866485596,6.210000038146973,57303,0.0,0.0
2024-08-23 09:30:00-04:00,6.309999942779541,6.380000114440918,6.28000020980835,6.380000114440918,5802,0.0,0.0
2024-08-23 09:35:00-04:00,6.360799789428711,6.420000076293945,6.360799789428711,6.369999885559082,10331,0.0,0.0
2024-08-23 09:40:00-04:00,6.360000133514404,6.360000133514404,6.349999904632568,6.349999904632568,732,0.0,0.0
2024-08-23 09:45:00-04:00,6.329999923706055,6.389999866485596,6.320000171661377,6.389999866485596,2838,0.0,0.0
2024-08-23 09:50:00-04:00,6.378699779510498,6.409999847412109,6.378699779510498,6.409999847412109,713,0.0,0.0
2024-08-23 09:55:00-04:00,6.429999828338623,6.429999828338623,6.400000095367432,6.400000095367432,2043,0.0,0.0
2024-08-23 10:00:00-04:00,6.460000038146973,6.510000228881836,6.449999809265137,6.510000228881836,5747,0.0,0.0
2024-08-23 10:05:00-04:00,6.5,6.5,6.5,6.5,1317,0.0,0.0
2024-08-23 10:10:00-04:00,6.534999847412109,6.599999904632568,6.534999847412109,6.599999904632568,6142,0.0,0.0
2024-08-23 10:15:00-04:00,6.599999904632568,6.599999904632568,6.519999980926514,6.519999980926514,25522,0.0,0.0
2024-08-23 10:20:00-04:00,6.539999961853027,6.539999961853027,6.53000020980835,6.539999961853027,4244,0.0,0.0
2024-08-23 10:25:00-04:00,6.579999923706055,6.611199855804443,6.560100078582764,6.611199855804443,15864,0.0,0.0
2024-08-23 10:30:00-04:00,6.630000114440918,6.650000095367432,6.630000114440918,6.650000095367432,1829,0.0,0.0
2024-08-23 10:35:00-04:00,6.639999866485596,6.644999980926514,6.579999923706055,6.579999923706055,7884,0.0,0.0
2024-08-23 10:40:00-04:00,6.619999885559082,6.619999885559082,6.619999885559082,6.619999885559082,529,0.0,0.0
2024-08-23 10:45:00-04:00,6.650000095367432,6.650000095367432,6.560100078582764,6.565000057220459,3414,0.0,0.0
2024-08-23 10:50:00-04:00,6.570000171661377,6.570000171661377,6.510000228881836,6.510000228881836,3566,0.0,0.0
2024-08-23 10:55:00-04:00,6.534999847412109,6.559999942779541,6.534999847412109,6.559999942779541,2151,0.0,0.0
2024-08-23 11:00:00-04:00,6.559999942779541,6.570000171661377,6.53000020980835,6.570000171661377,5314,0.0,0.0
2024-08-23 11:05:00-04:00,6.570000171661377,6.619999885559082,6.570000171661377,6.599999904632568,7043,0.0,0.0
2024-08-23 11:10:00-04:00,6.599999904632568,6.605000019073486,6.585000038146973,6.590000152587891,4601,0.0,0.0
2024-08-23 11:15:00-04:00,6.619999885559082,6.619999885559082,6.550000190734863,6.559999942779541,19953,0.0,0.0
2024-08-23 11:20:00-04:00,6.59499979019165,6.59499979019165,6.590000152587891,6.590000152587891,2036,0.0,0.0
2024-08-23 11:25:00-04:00,6.599999904632568,6.610000133514404,6.579999923706055,6.579999923706055,7680,0.0,0.0
2024-08-23 11:30:00-04:00,6.599999904632568,6.610000133514404,6.599999904632568,6.599999904632568,2652,0.0,0.0
2024-08-23 11:35:00-04:00,6.599999904632568,6.599999904632568,6.590000152587891,6.590000152587891,4377,0.0,0.0
2024-08-23 11:40:00-04:00,6.599999904632568,6.619999885559082,6.599999904632568,6.599999904632568,2467,0.0,0.0
2024-08-23 11:45:00-04:00,6.590000152587891,6.5904998779296875,6.53000020980835,6.545000076293945,21976,0.0,0.0
2024-08-23 11:50:00-04:00,6.545000076293945,6.545000076293945,6.514999866485596,6.519999980926514,2047,0.0,0.0
2024-08-23 11:55:00-04:00,6.53000020980835,6.53000020980835,6.514999866485596,6.514999866485596,1354,0.0,0.0
2024-08-23 12:00:00-04:00,6.510000228881836,6.519999980926514,6.489999771118164,6.500100135803223,7661,0.0,0.0
2024-08-23 12:05:00-04:00,6.5,6.53000020980835,6.499000072479248,6.519999980926514,4876,0.0,0.0
2024-08-23 12:10:00-04:00,6.53000020980835,6.550000190734863,6.519999980926514,6.539999961853027,4783,0.0,0.0
2024-08-23 12:15:00-04:00,6.539999961853027,6.554999828338623,6.539999961853027,6.554999828338623,4349,0.0,0.0
2024-08-23 12:20:00-04:00,6.545000076293945,6.559999942779541,6.545000076293945,6.550000190734863,3476,0.0,0.0
2024-08-23 12:25:00-04:00,6.570000171661377,6.574999809265137,6.559999942779541,6.559999942779541,6761,0.0,0.0
2024-08-23 12:30:00-04:00,6.570000171661377,6.579999923706055,6.570000171661377,6.579999923706055,4480,0.0,0.0
2024-08-23 12:35:00-04:00,6.570000171661377,6.590000152587891,6.570000171661377,6.570000171661377,6382,0.0,0.0
2024-08-23 12:40:00-04:00,6.559999942779541,6.559999942779541,6.519999980926514,6.519999980926514,3525,0.0,0.0
2024-08-23 12:45:00-04:00,6.5,6.510000228881836,6.460000038146973,6.505000114440918,19648,0.0,0.0
2024-08-23 12:50:00-04:00,6.5,6.53000020980835,6.5,6.53000020980835,1655,0.0,0.0
2024-08-23 12:55:00-04:00,6.539999961853027,6.545000076293945,6.519999980926514,6.539999961853027,4198,0.0,0.0
2024-08-23 13:00:00-04:00,6.545000076293945,6.545000076293945,6.534999847412109,6.534999847412109,5909,0.0,0.0
2024-08-23 13:05:00-04:00,6.539999961853027,6.550000190734863,6.53000020980835,6.550000190734863,8524,0.0,0.0
2024-08-23 13:10:00-04:00,6.53000020980835,6.534999847412109,6.53000020980835,6.53000020980835,2831,0.0,0.0
2024-08-23 13:15:00-04:00,6.519999980926514,6.53000020980835,6.519999980926514,6.53000020980835,1314,0.0,0.0
2024-08-23 13:20:00-04:00,6.53000020980835,6.53000020980835,6.519999980926514,6.53000020980835,1251,0.0,0.0
2024-08-23 13:25:00-04:00,6.525000095367432,6.539999961853027,6.510000228881836,6.53000020980835,4830,0.0,0.0
2024-08-23 13:30:00-04:00,6.519999980926514,6.53000020980835,6.519999980926514,6.519999980926514,877,0.0,0.0
2024-08-23 13:35:00-04:00,6.519999980926514,6.534999847412109,6.519999980926514,6.534999847412109,3457,0.0,0.0
2024-08-23 13:40:00-04:00,6.539999961853027,6.539999961853027,6.510000228881836,6.510000228881836,8651,0.0,0.0
2024-08-23 13:45:00-04:00,6.510000228881836,6.519999980926514,6.505000114440918,6.519999980926514,1743,0.0,0.0
2024-08-23 13:50:00-04:00,6.5183000564575195,6.519999980926514,6.5,6.5,4106,0.0,0.0
2024-08-23 13:55:00-04:00,6.5,6.5,6.489999771118164,6.489999771118164,1368,0.0,0.0
2024-08-23 14:00:00-04:00,6.480000019073486,6.489999771118164,6.46999979019165,6.46999979019165,3525,0.0,0.0
2024-08-23 14:05:00-04:00,6.46999979019165,6.480000019073486,6.46999979019165,6.480000019073486,3969,0.0,0.0
2024-08-23 14:10:00-04:00,6.46999979019165,6.46999979019165,6.449999809265137,6.450099945068359,3339,0.0,0.0
2024-08-23 14:15:00-04:00,6.449999809265137,6.480000019073486,6.449999809265137,6.480000019073486,5557,0.0,0.0
2024-08-23 14:20:00-04:00,6.480000019073486,6.480000019073486,6.445000171661377,6.449999809265137,4902,0.0,0.0
2024-08-23 14:25:00-04:00,6.449999809265137,6.480000019073486,6.449999809265137,6.460000038146973,5105,0.0,0.0
2024-08-23 14:30:00-04:00,6.46999979019165,6.480000019073486,6.454999923706055,6.454999923706055,3346,0.0,0.0
2024-08-23 14:35:00-04:00,6.454999923706055,6.454999923706055,6.440000057220459,6.440000057220459,2310,0.0,0.0
2024-08-23 14:40:00-04:00,6.440100193023682,6.449999809265137,6.434999942779541,6.440000057220459,4716,0.0,0.0
2024-08-23 14:45:00-04:00,6.429999828338623,6.429999828338623,6.409999847412109,6.410999774932861,2391,0.0,0.0
2024-08-23 14:50:00-04:00,6.409999847412109,6.420000076293945,6.389999866485596,6.409999847412109,3295,0.0,0.0
2024-08-23 14:55:00-04:00,6.420000076293945,6.420000076293945,6.380000114440918,6.400000095367432,4423,0.0,0.0
2024-08-23 15:00:00-04:00,6.40500020980835,6.409999847412109,6.400000095367432,6.400000095367432,3375,0.0,0.0
2024-08-23 15:05:00-04:00,6.400000095367432,6.409999847412109,6.380000114440918,6.380000114440918,3087,0.0,0.0
2024-08-23 15:10:00-04:00,6.380000114440918,6.429999828338623,6.380000114440918,6.414999961853027,5260,0.0,0.0
2024-08-23 15:15:00-04:00,6.420000076293945,6.460000038146973,6.420000076293945,6.460000038146973,4110,0.0,0.0
2024-08-23 15:20:00-04:00,6.449999809265137,6.468599796295166,6.449999809265137,6.465000152587891,5095,0.0,0.0
2024-08-23 15:25:00-04:00,6.480000019073486,6.480000019073486,6.454999923706055,6.454999923706055,4359,0.0,0.0
2024-08-23 15:30:00-04:00,6.449999809265137,6.449999809265137,6.429999828338623,6.429999828338623,6632,0.0,0.0
2024-08-23 15:35:00-04:00,6.429999828338623,6.465000152587891,6.429999828338623,6.445000171661377,6594,0.0,0.0
2024-08-23 15:40:00-04:00,6.445000171661377,6.445000171661377,6.429999828338623,6.434999942779541,14947,0.0,0.0
2024-08-23 15:45:00-04:00,6.434999942779541,6.455100059509277,6.434999942779541,6.434999942779541,7050,0.0,0.0
2024-08-23 15:50:00-04:00,6.429999828338623,6.445000171661377,6.425000190734863,6.434999942779541,15084,0.0,0.0
2024-08-23 15:55:00-04:00,6.440000057220459,6.440000057220459,6.389999866485596,6.420000076293945,62473,0.0,0.0
2024-08-26 09:30:00-04:00,6.420000076293945,6.5,6.40500020980835,6.420000076293945,6440,0.0,0.0
2024-08-26 09:35:00-04:00,6.460000038146973,6.474999904632568,6.449999809265137,6.474999904632568,3006,0.0,0.0
2024-08-26 09:40:00-04:00,6.465000152587891,6.489999771118164,6.440000057220459,6.454999923706055,2016,0.0,0.0
2024-08-26 09:45:00-04:00,6.460000038146973,6.460000038146973,6.360000133514404,6.360000133514404,2470,0.0,0.0
2024-08-26 09:50:00-04:00,6.364999771118164,6.409999847412109,6.349999904632568,6.349999904632568,2740,0.0,0.0
2024-08-26 09:55:00-04:00,6.360000133514404,6.389999866485596,6.360000133514404,6.389999866485596,1483,0.0,0.0
2024-08-26 10:00:00-04:00,6.420000076293945,6.425000190734863,6.369999885559082,6.369999885559082,1846,0.0,0.0
2024-08-26 10:05:00-04:00,6.369999885559082,6.40500020980835,6.360000133514404,6.40500020980835,2322,0.0,0.0
2024-08-26 10:10:00-04:00,6.38100004196167,6.389999866485596,6.380000114440918,6.389999866485596,4044,0.0,0.0
2024-08-26 10:15:00-04:00,6.349999904632568,6.349999904632568,6.335000038146973,6.335000038146973,865,0.0,0.0
2024-08-26 10:20:00-04:00,6.335000038146973,6.335000038146973,6.309999942779541,6.324999809265137,3244,0.0,0.0
2024-08-26 10:25:00-04:00,6.349999904632568,6.355000019073486,6.309999942779541,6.309999942779541,4467,0.0,0.0
2024-08-26 10:30:00-04:00,6.315000057220459,6.315000057220459,6.264999866485596,6.284999847412109,5779,0.0,0.0
2024-08-26 10:35:00-04:00,6.269999980926514,6.289999961853027,6.264999866485596,6.28000020980835,2109,0.0,0.0
2024-08-26 10:40:00-04:00,6.300000190734863,6.300000190734863,6.269999980926514,6.269999980926514,2072,0.0,0.0
2024-08-26 10:45:00-04:00,6.289999961853027,6.289999961853027,6.269999980926514,6.269999980926514,2486,0.0,0.0
2024-08-26 10:50:00-04:00,6.269999980926514,6.295000076293945,6.269999980926514,6.28000020980835,2256,0.0,0.0
2024-08-26 10:55:00-04:00,6.289999961853027,6.289999961853027,6.239999771118164,6.239999771118164,5171,0.0,0.0
2024-08-26 11:00:00-04:00,6.269999980926514,6.289999961853027,6.269999980926514,6.289999961853027,3007,0.0,0.0
2024-08-26 11:05:00-04:00,6.289999961853027,6.289999961853027,6.278900146484375,6.28000020980835,1681,0.0,0.0
2024-08-26 11:10:00-04:00,6.28000020980835,6.295000076293945,6.260000228881836,6.289999961853027,2916,0.0,0.0
2024-08-26 11:15:00-04:00,6.289999961853027,6.289999961853027,6.269999980926514,6.269999980926514,1830,0.0,0.0
2024-08-26 11:20:00-04:00,6.269999980926514,6.28000020980835,6.260000228881836,6.28000020980835,2391,0.0,0.0
2024-08-26 11:25:00-04:00,6.28000020980835,6.300000190734863,6.28000020980835,6.289999961853027,1610,0.0,0.0
2024-08-26 11:30:00-04:00,6.28000020980835,6.315000057220459,6.28000020980835,6.315000057220459,3926,0.0,0.0
2024-08-26 11:35:00-04:00,6.324999809265137,6.324999809265137,6.324999809265137,6.324999809265137,418,0.0,0.0
2024-08-26 11:40:00-04:00,6.340000152587891,6.340000152587891,6.289999961853027,6.289999961853027,4853,0.0,0.0
2024-08-26 11:45:00-04:00,6.28000020980835,6.300000190734863,6.269999980926514,6.289999961853027,2729,0.0,0.0
2024-08-26 11:55:00-04:00,6.289999961853027,6.300000190734863,6.289999961853027,6.289999961853027,2286,0.0,0.0
2024-08-26 12:00:00-04:00,6.289999961853027,6.289999961853027,6.28000020980835,6.289999961853027,1394,0.0,0.0
2024-08-26 12:05:00-04:00,6.300000190734863,6.329999923706055,6.300000190734863,6.329999923706055,2084,0.0,0.0
2024-08-26 12:10:00-04:00,6.335000038146973,6.335000038146973,6.309999942779541,6.309999942779541,1508,0.0,0.0
2024-08-26 12:15:00-04:00,6.315000057220459,6.315000057220459,6.309999942779541,6.309999942779541,990,0.0,0.0
2024-08-26 12:20:00-04:00,6.324999809265137,6.324999809265137,6.319799900054932,6.319799900054932,483,0.0,0.0
2024-08-26 12:25:00-04:00,6.329999923706055,6.329999923706055,6.309999942779541,6.321899890899658,2727,0.0,0.0
2024-08-26 12:30:00-04:00,6.320000171661377,6.320000171661377,6.309999942779541,6.309999942779541,1925,0.0,0.0
2024-08-26 12:35:00-04:00,6.309999942779541,6.315000057220459,6.28000020980835,6.300000190734863,10180,0.0,0.0
2024-08-26 12:40:00-04:00,6.300000190734863,6.320000171661377,6.300000190734863,6.320000171661377,1121,0.0,0.0
2024-08-26 12:45:00-04:00,6.329999923706055,6.329999923706055,6.320000171661377,6.329999923706055,1686,0.0,0.0
2024-08-26 12:50:00-04:00,6.329999923706055,6.340000152587891,6.309999942779541,6.309999942779541,5000,0.0,0.0
2024-08-26 12:55:00-04:00,6.304999828338623,6.329999923706055,6.300000190734863,6.329999923706055,3263,0.0,0.0
2024-08-26 13:00:00-04:00,6.329999923706055,6.329999923706055,6.329999923706055,6.329999923706055,501,0.0,0.0
2024-08-26 13:05:00-04:00,6.320000171661377,6.320000171661377,6.260000228881836,6.280099868774414,24382,0.0,0.0
2024-08-26 13:10:00-04:00,6.289999961853027,6.289999961853027,6.269999980926514,6.28000020980835,3298,0.0,0.0
2024-08-26 13:15:00-04:00,6.289999961853027,6.289999961853027,6.289999961853027,6.289999961853027,397,0.0,0.0
2024-08-26 13:20:00-04:00,6.289999961853027,6.289999961853027,6.28000020980835,6.28000020980835,1495,0.0,0.0
2024-08-26 13:25:00-04:00,6.28000020980835,6.28000020980835,6.239999771118164,6.239999771118164,4266,0.0,0.0
2024-08-26 13:30:00-04:00,6.260000228881836,6.260000228881836,6.239999771118164,6.260000228881836,4169,0.0,0.0
2024-08-26 13:35:00-04:00,6.25,6.257900238037109,6.239999771118164,6.239999771118164,2586,0.0,0.0
2024-08-26 13:40:00-04:00,6.239999771118164,6.25,6.239999771118164,6.25,1884,0.0,0.0
2024-08-26 13:45:00-04:00,6.239999771118164,6.25,6.230000019073486,6.230000019073486,2834,0.0,0.0
2024-08-26 13:50:00-04:00,6.25,6.25,6.249300003051758,6.249300003051758,1098,0.0,0.0
2024-08-26 13:55:00-04:00,6.239999771118164,6.300000190734863,6.230000019073486,6.25,24437,0.0,0.0
2024-08-26 14:00:00-04:00,6.25,6.25,6.239999771118164,6.239999771118164,4210,0.0,0.0
2024-08-26 14:05:00-04:00,6.239999771118164,6.25,6.21999979019165,6.239999771118164,3090,0.0,0.0
2024-08-26 14:10:00-04:00,6.230000019073486,6.230000019073486,6.21999979019165,6.21999979019165,1003,0.0,0.0
2024-08-26 14:15:00-04:00,6.230000019073486,6.230000019073486,6.224999904632568,6.224999904632568,2001,0.0,0.0
2024-08-26 14:20:00-04:00,6.224999904632568,6.239999771118164,6.224999904632568,6.239999771118164,6417,0.0,0.0
2024-08-26 14:30:00-04:00,6.25,6.25,6.230000019073486,6.230000019073486,3429,0.0,0.0
2024-08-26 14:35:00-04:00,6.239999771118164,6.239999771118164,6.239999771118164,6.239999771118164,1598,0.0,0.0
2024-08-26 14:40:00-04:00,6.239999771118164,6.239999771118164,6.230000019073486,6.235000133514404,1990,0.0,0.0
2024-08-26 14:45:00-04:00,6.235000133514404,6.235000133514404,6.190000057220459,6.190000057220459,10046,0.0,0.0
2024-08-26 14:50:00-04:00,6.190000057220459,6.190000057220459,6.179999828338623,6.179999828338623,2330,0.0,0.0
2024-08-26 14:55:00-04:00,6.190000057220459,6.21999979019165,6.179999828338623,6.21999979019165,5792,0.0,0.0
2024-08-26 15:00:00-04:00,6.224999904632568,6.224999904632568,6.21999979019165,6.224999904632568,2285,0.0,0.0
2024-08-26 15:05:00-04:00,6.224999904632568,6.260000228881836,6.210000038146973,6.25,9478,0.0,0.0
2024-08-26 15:10:00-04:00,6.25,6.25,6.244999885559082,6.25,4432,0.0,0.0
2024-08-26 15:15:00-04:00,6.242300033569336,6.289999961853027,6.230000019073486,6.239999771118164,44154,0.0,0.0
2024-08-26 15:20:00-04:00,6.25,6.25,6.239999771118164,6.239999771118164,3305,0.0,0.0
2024-08-26 15:25:00-04:00,6.25,6.25,6.239999771118164,6.239999771118164,2312,0.0,0.0
2024-08-26 15:30:00-04:00,6.239999771118164,6.25,6.230000019073486,6.239999771118164,9311,0.0,0.0
2024-08-26 15:35:00-04:00,6.230000019073486,6.230000019073486,6.224999904632568,6.224999904632568,2851,0.0,0.0
2024-08-26 15:40:00-04:00,6.224999904632568,6.239999771118164,6.21999979019165,6.230000019073486,6365,0.0,0.0
2024-08-26 15:45:00-04:00,6.230000019073486,6.25,6.224999904632568,6.230000019073486,12297,0.0,0.0
2024-08-26 15:50:00-04:00,6.239999771118164,6.289999961853027,6.230000019073486,6.239999771118164,37850,0.0,0.0
2024-08-26 15:55:00-04:00,6.239999771118164,6.28000020980835,6.210000038146973,6.28000020980835,67933,0.0,0.0
2024-08-27 09:30:00-04:00,6.210000038146973,6.210000038146973,6.099999904632568,6.179999828338623,5019,0.0,0.0
2024-08-27 09:40:00-04:00,6.175000190734863,6.190000057220459,6.17110013961792,6.17110013961792,1174,0.0,0.0
2024-08-27 09:45:00-04:00,6.179999828338623,6.230000019073486,6.179999828338623,6.204999923706055,14576,0.0,0.0
2024-08-27 09:50:00-04:00,6.215000152587891,6.228600025177002,6.215000152587891,6.21999979019165,1021,0.0,0.0
2024-08-27 09:55:00-04:00,6.199999809265137,6.199999809265137,6.159999847412109,6.179999828338623,3726,0.0,0.0
2024-08-27 10:00:00-04:00,6.199999809265137,6.199999809265137,6.179999828338623,6.199999809265137,832,0.0,0.0
2024-08-27 10:05:00-04:00,6.175000190734863,6.190000057220459,6.159999847412109,6.164999961853027,2380,0.0,0.0
2024-08-27 10:10:00-04:00,6.150000095367432,6.159999847412109,6.135000228881836,6.150000095367432,5363,0.0,0.0
2024-08-27 10:15:00-04:00,6.159999847412109,6.159999847412109,6.118000030517578,6.118000030517578,1441,0.0,0.0
2024-08-27 10:20:00-04:00,6.144999980926514,6.175000190734863,6.130000114440918,6.175000190734863,2213,0.0,0.0
2024-08-27 10:25:00-04:00,6.175000190734863,6.175000190734863,6.175000190734863,6.175000190734863,216,0.0,0.0
2024-08-27 10:30:00-04:00,6.170000076293945,6.170000076293945,6.15500020980835,6.15500020980835,1747,0.0,0.0
2024-08-27 10:35:00-04:00,6.159999847412109,6.170000076293945,6.159999847412109,6.170000076293945,1932,0.0,0.0
2024-08-27 10:40:00-04:00,6.190000057220459,6.190000057220459,6.179999828338623,6.184999942779541,1524,0.0,0.0
2024-08-27 10:45:00-04:00,6.195000171661377,6.199999809265137,6.190000057220459,6.190000057220459,1457,0.0,0.0
2024-08-27 10:50:00-04:00,6.179999828338623,6.179999828338623,6.150000095367432,6.150000095367432,1191,0.0,0.0
2024-08-27 10:55:00-04:00,6.150000095367432,6.170000076293945,6.130000114440918,6.130000114440918,4629,0.0,0.0
2024-08-27 11:00:00-04:00,6.130000114440918,6.159999847412109,6.130000114440918,6.139999866485596,2458,0.0,0.0
2024-08-27 11:05:00-04:00,6.150000095367432,6.150000095367432,6.150000095367432,6.150000095367432,4140,0.0,0.0
2024-08-27 11:10:00-04:00,6.150000095367432,6.150000095367432,6.139999866485596,6.150000095367432,2140,0.0,0.0
2024-08-27 11:15:00-04:00,6.139999866485596,6.139999866485596,6.119999885559082,6.119999885559082,2561,0.0,0.0
2024-08-27 11:20:00-04:00,6.119999885559082,6.139999866485596,6.119999885559082,6.139999866485596,1800,0.0,0.0
2024-08-27 11:25:00-04:00,6.119999885559082,6.119999885559082,6.110000133514404,6.110000133514404,847,0.0,0.0
2024-08-27 11:30:00-04:00,6.110000133514404,6.110000133514404,6.099999904632568,6.110000133514404,2218,0.0,0.0
2024-08-27 11:35:00-04:00,6.119999885559082,6.139999866485596,6.119999885559082,6.139999866485596,2008,0.0,0.0
2024-08-27 11:40:00-04:00,6.139999866485596,6.139999866485596,6.139999866485596,6.139999866485596,1900,0.0,0.0
2024-08-27 11:45:00-04:00,6.139999866485596,6.139999866485596,6.130000114440918,6.130099773406982,1654,0.0,0.0
2024-08-27 11:50:00-04:00,6.130000114440918,6.130000114440918,6.110000133514404,6.110000133514404,1202,0.0,0.0
2024-08-27 11:55:00-04:00,6.119999885559082,6.139999866485596,6.114999771118164,6.139999866485596,1768,0.0,0.0
2024-08-27 12:00:00-04:00,6.130000114440918,6.139999866485596,6.130000114440918,6.130000114440918,2658,0.0,0.0
2024-08-27 12:05:00-04:00,6.130000114440918,6.130000114440918,6.130000114440918,6.130000114440918,926,0.0,0.0
2024-08-27 12:10:00-04:00,6.130000114440918,6.150000095367432,6.130000114440918,6.150000095367432,2967,0.0,0.0
2024-08-27 12:15:00-04:00,6.150000095367432,6.170000076293945,6.150000095367432,6.170000076293945,1501,0.0,0.0
2024-08-27 12:20:00-04:00,6.170000076293945,6.170000076293945,6.159999847412109,6.170000076293945,2681,0.0,0.0
2024-08-27 12:25:00-04:00,6.159999847412109,6.179999828338623,6.159999847412109,6.170000076293945,2758,0.0,0.0
2024-08-27 12:30:00-04:00,6.164999961853027,6.164999961853027,6.159999847412109,6.164999961853027,1073,0.0,0.0
2024-08-27 12:35:00-04:00,6.159999847412109,6.170000076293945,6.150000095367432,6.170000076293945,3395,0.0,0.0
2024-08-27 12:40:00-04:00,6.170000076293945,6.170000076293945,6.159999847412109,6.159999847412109,1748,0.0,0.0
2024-08-27 12:45:00-04:00,6.159999847412109,6.179999828338623,6.159999847412109,6.179999828338623,2061,0.0,0.0
2024-08-27 12:50:00-04:00,6.190000057220459,6.190000057220459,6.159999847412109,6.159999847412109,2604,0.0,0.0
2024-08-27 12:55:00-04:00,6.159999847412109,6.170000076293945,6.159999847412109,6.159999847412109,1888,0.0,0.0
2024-08-27 13:00:00-04:00,6.159999847412109,6.159999847412109,6.159999847412109,6.159999847412109,557,0.0,0.0
2024-08-27 13:05:00-04:00,6.159999847412109,6.159999847412109,6.159999847412109,6.159999847412109,781,0.0,0.0
2024-08-27 13:10:00-04:00,6.158599853515625,6.158599853515625,6.150000095367432,6.150000095367432,2355,0.0,0.0
2024-08-27 13:15:00-04:00,6.159999847412109,6.170000076293945,6.150000095367432,6.150000095367432,3084,0.0,0.0
2024-08-27 13:20:00-04:00,6.159999847412109,6.170000076293945,6.150000095367432,6.150000095367432,3476,0.0,0.0
2024-08-27 13:25:00-04:00,6.164999961853027,6.179999828338623,6.159999847412109,6.179999828338623,3429,0.0,0.0
2024-08-27 13:30:00-04:00,6.179999828338623,6.195000171661377,6.179999828338623,6.190000057220459,18685,0.0,0.0
2024-08-27 13:35:00-04:00,6.190000057220459,6.210000038146973,6.179999828338623,6.210000038146973,3681,0.0,0.0
2024-08-27 13:40:00-04:00,6.199999809265137,6.21999979019165,6.199999809265137,6.204999923706055,2686,0.0,0.0
2024-08-27 13:45:00-04:00,6.199999809265137,6.210000038146973,6.190000057220459,6.210000038146973,2624,0.0,0.0
2024-08-27 13:50:00-04:00,6.199999809265137,6.210000038146973,6.199999809265137,6.210000038146973,738,0.0,0.0
2024-08-27 13:55:00-04:00,6.210000038146973,6.210000038146973,6.199999809265137,6.199999809265137,4637,0.0,0.0
2024-08-27 14:00:00-04:00,6.195000171661377,6.199999809265137,6.190000057220459,6.195000171661377,2222,0.0,0.0
2024-08-27 14:05:00-04:00,6.199999809265137,6.210000038146973,6.199999809265137,6.210000038146973,954,0.0,0.0
2024-08-27 14:10:00-04:00,6.21999979019165,6.224999904632568,6.21999979019165,6.224999904632568,2155,0.0,0.0
2024-08-27 14:15:00-04:00,6.21999979019165,6.21999979019165,6.204999923706055,6.204999923706055,3449,0.0,0.0
2024-08-27 14:20:00-04:00,6.204999923706055,6.204999923706055,6.179999828338623,6.179999828338623,3523,0.0,0.0
2024-08-27 14:25:00-04:00,6.179999828338623,6.179999828338623,6.164999961853027,6.170000076293945,2423,0.0,0.0
2024-08-27 14:30:00-04:00,6.175000190734863,6.175000190734863,6.175000190734863,6.175000190734863,922,0.0,0.0
2024-08-27 14:35:00-04:00,6.175000190734863,6.190000057220459,6.175000190734863,6.190000057220459,2084,0.0,0.0
2024-08-27 14:40:00-04:00,6.190000057220459,6.190000057220459,6.175000190734863,6.190000057220459,2780,0.0,0.0
2024-08-27 14:45:00-04:00,6.190000057220459,6.199999809265137,6.150000095367432,6.170000076293945,10983,0.0,0.0
2024-08-27 14:50:00-04:00,6.179999828338623,6.179999828338623,6.150000095367432,6.150000095367432,8532,0.0,0.0
2024-08-27 14:55:00-04:00,6.150000095367432,6.195000171661377,6.144999980926514,6.150000095367432,15293,0.0,0.0
2024-08-27 15:00:00-04:00,6.150000095367432,6.1539998054504395,6.130000114440918,6.130000114440918,3554,0.0,0.0
2024-08-27 15:05:00-04:00,6.139999866485596,6.139999866485596,6.119999885559082,6.139999866485596,1505,0.0,0.0
2024-08-27 15:10:00-04:00,6.119999885559082,6.130000114440918,6.119999885559082,6.130000114440918,3737,0.0,0.0
2024-08-27 15:15:00-04:00,6.130000114440918,6.130000114440918,6.119999885559082,6.125,1301,0.0,0.0
2024-08-27 15:20:00-04:00,6.125,6.139999866485596,6.125,6.139999866485596,3447,0.0,0.0
2024-08-27 15:25:00-04:00,6.139999866485596,6.164999961853027,6.139999866485596,6.139999866485596,15075,0.0,0.0
2024-08-27 15:30:00-04:00,6.150000095367432,6.150000095367432,6.125,6.125,2352,0.0,0.0
2024-08-27 15:35:00-04:00,6.130000114440918,6.130000114440918,6.130000114440918,6.130000114440918,2070,0.0,0.0
2024-08-27 15:40:00-04:00,6.130000114440918,6.139999866485596,6.125,6.130000114440918,7641,0.0,0.0
2024-08-27 15:45:00-04:00,6.135000228881836,6.139999866485596,6.125,6.135000228881836,9455,0.0,0.0
2024-08-27 15:50:00-04:00,6.139999866485596,6.170000076293945,6.110000133514404,6.159999847412109,34646,0.0,0.0
2024-08-27 15:55:00-04:00,6.150000095367432,6.159999847412109,6.110000133514404,6.130000114440918,35868,0.0,0.0
2024-08-28 09:30:00-04:00,6.099999904632568,6.25,6.0,6.059999942779541,5758,0.0,0.0
2024-08-28 09:35:00-04:00,6.059999942779541,6.099999904632568,6.050000190734863,6.070000171661377,1402,0.0,0.0
2024-08-28 09:40:00-04:00,6.099999904632568,6.099999904632568,6.039999961853027,6.050000190734863,1036,0.0,0.0
2024-08-28 09:45:00-04:00,6.039999961853027,6.039999961853027,6.019999980926514,6.019999980926514,3912,0.0,0.0
2024-08-28 09:50:00-04:00,6.079999923706055,6.090000152587891,6.079999923706055,6.090000152587891,957,0.0,0.0
2024-08-28 09:55:00-04:00,6.099999904632568,6.099999904632568,6.099999904632568,6.099999904632568,329,0.0,0.0
2024-08-28 10:00:00-04:00,6.090000152587891,6.110000133514404,6.050000190734863,6.09499979019165,6348,0.0,0.0
2024-08-28 10:05:00-04:00,6.079999923706055,6.139999866485596,6.070000171661377,6.139999866485596,2936,0.0,0.0
2024-08-28 10:10:00-04:00,6.150000095367432,6.150000095367432,6.130000114440918,6.130000114440918,335,0.0,0.0
2024-08-28 10:15:00-04:00,6.139999866485596,6.15500020980835,6.139999866485596,6.139999866485596,3733,0.0,0.0
2024-08-28 10:20:00-04:00,6.139999866485596,6.139999866485596,6.139999866485596,6.139999866485596,1011,0.0,0.0
2024-08-28 10:25:00-04:00,6.150000095367432,6.170000076293945,6.150000095367432,6.159999847412109,5044,0.0,0.0
2024-08-28 10:30:00-04:00,6.170000076293945,6.25,6.170000076293945,6.25,11059,0.0,0.0
2024-08-28 10:35:00-04:00,6.25,6.255000114440918,6.230000019073486,6.255000114440918,4735,0.0,0.0
2024-08-28 10:40:00-04:00,6.230000019073486,6.25,6.215000152587891,6.215000152587891,3043,0.0,0.0
2024-08-28 10:45:00-04:00,6.21999979019165,6.21999979019165,6.210000038146973,6.21999979019165,2619,0.0,0.0
2024-08-28 10:50:00-04:00,6.210000038146973,6.239999771118164,6.210000038146973,6.239999771118164,1405,0.0,0.0
2024-08-28 10:55:00-04:00,6.269999980926514,6.269999980926514,6.25,6.25,2252,0.0,0.0
2024-08-28 11:00:00-04:00,6.25,6.25,6.190000057220459,6.199999809265137,4030,0.0,0.0
2024-08-28 11:05:00-04:00,6.199999809265137,6.199999809265137,6.199999809265137,6.199999809265137,549,0.0,0.0
2024-08-28 11:10:00-04:00,6.199999809265137,6.199999809265137,6.199999809265137,6.199999809265137,852,0.0,0.0
2024-08-28 11:15:00-04:00,6.199999809265137,6.199999809265137,6.179999828338623,6.179999828338623,2737,0.0,0.0
2024-08-28 11:20:00-04:00,6.199999809265137,6.210000038146973,6.199999809265137,6.208099842071533,2845,0.0,0.0
2024-08-28 11:25:00-04:00,6.199999809265137,6.204999923706055,6.199999809265137,6.204999923706055,547,0.0,0.0
2024-08-28 11:30:00-04:00,6.199999809265137,6.199999809265137,6.190000057220459,6.190000057220459,2412,0.0,0.0
2024-08-28 11:35:00-04:00,6.190000057220459,6.21999979019165,6.190000057220459,6.21999979019165,2777,0.0,0.0
2024-08-28 11:40:00-04:00,6.21999979019165,6.21999979019165,6.210000038146973,6.210000038146973,989,0.0,0.0
2024-08-28 11:50:00-04:00,6.199999809265137,6.199999809265137,6.190000057220459,6.199999809265137,3836,0.0,0.0
2024-08-28 12:00:00-04:00,6.204999923706055,6.204999923706055,6.204999923706055,6.204999923706055,216,0.0,0.0
2024-08-28 12:05:00-04:00,6.204999923706055,6.230000019073486,6.199999809265137,6.230000019073486,2336,0.0,0.0
2024-08-28 12:10:00-04:00,6.224999904632568,6.239999771118164,6.221199989318848,6.230000019073486,3819,0.0,0.0
2024-08-28 12:15:00-04:00,6.239999771118164,6.239999771118164,6.21999979019165,6.230000019073486,3432,0.0,0.0
2024-08-28 12:20:00-04:00,6.21999979019165,6.21999979019165,6.21999979019165,6.21999979019165,440,0.0,0.0
2024-08-28 12:25:00-04:00,6.21999979019165,6.21999979019165,6.21999979019165,6.21999979019165,3638,0.0,0.0
2024-08-28 12:30:00-04:00,6.21999979019165,6.255000114440918,6.21999979019165,6.255000114440918,5831,0.0,0.0
2024-08-28 12:35:00-04:00,6.25,6.269899845123291,6.239999771118164,6.255000114440918,2479,0.0,0.0
2024-08-28 12:40:00-04:00,6.260000228881836,6.260000228881836,6.230000019073486,6.239999771118164,2597,0.0,0.0
2024-08-28 12:45:00-04:00,6.25,6.260000228881836,6.25,6.260000228881836,691,0.0,0.0
2024-08-28 12:50:00-04:00,6.260000228881836,6.269999980926514,6.260000228881836,6.269999980926514,3102,0.0,0.0
2024-08-28 12:55:00-04:00,6.300000190734863,6.309999942779541,6.289999961853027,6.292500019073486,3639,0.0,0.0
2024-08-28 13:00:00-04:00,6.28000020980835,6.28000020980835,6.269999980926514,6.28000020980835,1674,0.0,0.0
2024-08-28 13:05:00-04:00,6.28000020980835,6.28000020980835,6.270899772644043,6.270899772644043,409,0.0,0.0
2024-08-28 13:10:00-04:00,6.269999980926514,6.28000020980835,6.239999771118164,6.239999771118164,2817,0.0,0.0
2024-08-28 13:15:00-04:00,6.260000228881836,6.28000020980835,6.260000228881836,6.28000020980835,1728,0.0,0.0
2024-08-28 13:20:00-04:00,6.260000228881836,6.269999980926514,6.260000228881836,6.269999980926514,2106,0.0,0.0
2024-08-28 13:25:00-04:00,6.269999980926514,6.28000020980835,6.269999980926514,6.269999980926514,1361,0.0,0.0
2024-08-28 13:30:00-04:00,6.28000020980835,6.289999961853027,6.275000095367432,6.289999961853027,1593,0.0,0.0
2024-08-28 13:35:00-04:00,6.28000020980835,6.284999847412109,6.230000019073486,6.25,7187,0.0,0.0
2024-08-28 13:40:00-04:00,6.25,6.25,6.239999771118164,6.239999771118164,3503,0.0,0.0
2024-08-28 13:45:00-04:00,6.25,6.25,6.230100154876709,6.230100154876709,418,0.0,0.0
2024-08-28 13:50:00-04:00,6.230000019073486,6.239999771118164,6.210000038146973,6.210000038146973,3954,0.0,0.0
2024-08-28 13:55:00-04:00,6.210000038146973,6.210000038146973,6.199999809265137,6.199999809265137,1636,0.0,0.0
2024-08-28 14:00:00-04:00,6.179999828338623,6.179999828338623,6.179999828338623,6.179999828338623,779,0.0,0.0
2024-08-28 14:05:00-04:00,6.190000057220459,6.199999809265137,6.190000057220459,6.199999809265137,2199,0.0,0.0
2024-08-28 14:15:00-04:00,6.190000057220459,6.190000057220459,6.190000057220459,6.190000057220459,1538,0.0,0.0
2024-08-28 14:25:00-04:00,6.190000057220459,6.190000057220459,6.170000076293945,6.179999828338623,1708,0.0,0.0
2024-08-28 14:30:00-04:00,6.170000076293945,6.170000076293945,6.170000076293945,6.170000076293945,374,0.0,0.0
2024-08-28 14:35:00-04:00,6.179999828338623,6.210000038146973,6.170000076293945,6.210000038146973,5180,0.0,0.0
2024-08-28 14:40:00-04:00,6.210000038146973,6.2179999351501465,6.2017998695373535,6.2017998695373535,1183,0.0,0.0
2024-08-28 14:45:00-04:00,6.21999979019165,6.25,6.210000038146973,6.21999979019165,7763,0.0,0.0
2024-08-28 14:50:00-04:00,6.230000019073486,6.28000020980835,6.230000019073486,6.28000020980835,2844,0.0,0.0
2024-08-28 14:55:00-04:00,6.289999961853027,6.309999942779541,6.289999961853027,6.309999942779541,2911,0.0,0.0
2024-08-28 15:00:00-04:00,6.304999828338623,6.320000171661377,6.304999828338623,6.320000171661377,3388,0.0,0.0
2024-08-28 15:05:00-04:00,6.309999942779541,6.320000171661377,6.289999961853027,6.300000190734863,8906,0.0,0.0
2024-08-28 15:10:00-04:00,6.294099807739258,6.294099807739258,6.294099807739258,6.294099807739258,524,0.0,0.0
2024-08-28 15:15:00-04:00,6.304999828338623,6.304999828338623,6.304999828338623,6.304999828338623,1374,0.0,0.0
2024-08-28 15:20:00-04:00,6.304999828338623,6.304999828338623,6.304999828338623,6.304999828338623,726,0.0,0.0
2024-08-28 15:25:00-04:00,6.324999809265137,6.34499979019165,6.320000171661377,6.34499979019165,6424,0.0,0.0
2024-08-28 15:30:00-04:00,6.340000152587891,6.389999866485596,6.340000152587891,6.389999866485596,9992,0.0,0.0
2024-08-28 15:35:00-04:00,6.380000114440918,6.380000114440918,6.355000019073486,6.360000133514404,8702,0.0,0.0
2024-08-28 15:40:00-04:00,6.360000133514404,6.364999771118164,6.315000057220459,6.329999923706055,17016,0.0,0.0
2024-08-28 15:45:00-04:00,6.329999923706055,6.34499979019165,6.28000020980835,6.329999923706055,35139,0.0,0.0
2024-08-28 15:50:00-04:00,6.309999942779541,6.329999923706055,6.260000228881836,6.260000228881836,17452,0.0,0.0
2024-08-28 15:55:00-04:00,6.25,6.289999961853027,6.239999771118164,6.28000020980835,28845,0.0,0.0
2024-08-29 09:30:00-04:00,6.320000171661377,6.46999979019165,6.320000171661377,6.380000114440918,9162,0.0,0.0
2024-08-29 09:35:00-04:00,6.369999885559082,6.369999885559082,6.25,6.25,7265,0.0,0.0
2024-08-29 09:45:00-04:00,6.239999771118164,6.239999771118164,6.230000019073486,6.230000019073486,749,0.0,0.0
2024-08-29 09:50:00-04:00,6.230000019073486,6.230000019073486,6.230000019073486,6.230000019073486,1299,0.0,0.0
2024-08-29 09:55:00-04:00,6.275000095367432,6.300000190734863,6.260000228881836,6.260000228881836,2204,0.0,0.0
2024-08-29 10:00:00-04:00,6.300000190734863,6.335000038146973,6.289999961853027,6.335000038146973,8415,0.0,0.0
2024-08-29 10:05:00-04:00,6.360000133514404,6.360000133514404,6.300000190734863,6.300000190734863,1477,0.0,0.0
2024-08-29 10:10:00-04:00,6.309999942779541,6.309999942779541,6.28000020980835,6.28000020980835,1445,0.0,0.0
2024-08-29 10:15:00-04:00,6.289999961853027,6.319200038909912,6.289999961853027,6.300000190734863,5100,0.0,0.0
2024-08-29 10:20:00-04:00,6.318600177764893,6.318600177764893,6.289999961853027,6.289999961853027,1209,0.0,0.0
2024-08-29 10:25:00-04:00,6.304999828338623,6.309999942779541,6.300000190734863,6.300000190734863,1151,0.0,0.0
2024-08-29 10:30:00-04:00,6.289999961853027,6.289999961853027,6.289999961853027,6.289999961853027,574,0.0,0.0
2024-08-29 10:35:00-04:00,6.28000020980835,6.300000190734863,6.28000020980835,6.300000190734863,1522,0.0,0.0
2024-08-29 10:45:00-04:00,6.309999942779541,6.309999942779541,6.304999828338623,6.309999942779541,904,0.0,0.0
2024-08-29 10:50:00-04:00,6.320000171661377,6.320000171661377,6.269999980926514,6.269999980926514,2357,0.0,0.0
2024-08-29 10:55:00-04:00,6.260000228881836,6.260000228881836,6.25,6.260000228881836,956,0.0,0.0
2024-08-29 11:00:00-04:00,6.300000190734863,6.300000190734863,6.289999961853027,6.289999961853027,389,0.0,0.0
2024-08-29 11:05:00-04:00,6.300000190734863,6.300000190734863,6.28000020980835,6.28000020980835,4946,0.0,0.0
2024-08-29 11:10:00-04:00,6.269999980926514,6.269999980926514,6.239999771118164,6.244999885559082,1979,0.0,0.0
2024-08-29 11:15:00-04:00,6.260000228881836,6.260000228881836,6.260000228881836,6.260000228881836,109,0.0,0.0
2024-08-29 11:20:00-04:00,6.260000228881836,6.260000228881836,6.244999885559082,6.260000228881836,623,0.0,0.0
2024-08-29 11:25:00-04:00,6.260000228881836,6.289999961853027,6.260000228881836,6.28000020980835,5741,0.0,0.0
2024-08-29 11:30:00-04:00,6.300000190734863,6.300000190734863,6.289999961853027,6.289999961853027,425,0.0,0.0
2024-08-29 11:35:00-04:00,6.300000190734863,6.300000190734863,6.25,6.260000228881836,3699,0.0,0.0
2024-08-29 11:40:00-04:00,6.239999771118164,6.239999771118164,6.230000019073486,6.230000019073486,2937,0.0,0.0
2024-08-29 11:45:00-04:00,6.245999813079834,6.255000114440918,6.239999771118164,6.255000114440918,2083,0.0,0.0
2024-08-29 11:50:00-04:00,6.2418999671936035,6.260000228881836,6.2418999671936035,6.260000228881836,1990,0.0,0.0
2024-08-29 11:55:00-04:00,6.269999980926514,6.275000095367432,6.260000228881836,6.275000095367432,1778,0.0,0.0
2024-08-29 12:00:00-04:00,6.269999980926514,6.28000020980835,6.269999980926514,6.28000020980835,2094,0.0,0.0
2024-08-29 12:05:00-04:00,6.289999961853027,6.300000190734863,6.28000020980835,6.28000020980835,1740,0.0,0.0
2024-08-29 12:10:00-04:00,6.289999961853027,6.300000190734863,6.289999961853027,6.300000190734863,542,0.0,0.0
2024-08-29 12:15:00-04:00,6.300000190734863,6.300000190734863,6.289999961853027,6.300000190734863,946,0.0,0.0
2024-08-29 12:20:00-04:00,6.28000020980835,6.28000020980835,6.270999908447266,6.275000095367432,2603,0.0,0.0
2024-08-29 12:25:00-04:00,6.275000095367432,6.275000095367432,6.239999771118164,6.260000228881836,5565,0.0,0.0
2024-08-29 12:30:00-04:00,6.260000228881836,6.260000228881836,6.260000228881836,6.260000228881836,170,0.0,0.0
2024-08-29 12:35:00-04:00,6.275000095367432,6.289999961853027,6.264800071716309,6.266300201416016,832,0.0,0.0
2024-08-29 12:40:00-04:00,6.28000020980835,6.28000020980835,6.269999980926514,6.28000020980835,1419,0.0,0.0
2024-08-29 12:45:00-04:00,6.28000020980835,6.28000020980835,6.269999980926514,6.269999980926514,1975,0.0,0.0
2024-08-29 12:50:00-04:00,6.260000228881836,6.28000020980835,6.260000228881836,6.269999980926514,2688,0.0,0.0
2024-08-29 12:55:00-04:00,6.28000020980835,6.28000020980835,6.269999980926514,6.28000020980835,2910,0.0,0.0
2024-08-29 13:00:00-04:00,6.28000020980835,6.329599857330322,6.28000020980835,6.320000171661377,22646,0.0,0.0
2024-08-29 13:05:00-04:00,6.320000171661377,6.320000171661377,6.289999961853027,6.289999961853027,8705,0.0,0.0
2024-08-29 13:10:00-04:00,6.28000020980835,6.289999961853027,6.28000020980835,6.289999961853027,2991,0.0,0.0
2024-08-29 13:15:00-04:00,6.295000076293945,6.309999942779541,6.289999961853027,6.300000190734863,3131,0.0,0.0
2024-08-29 13:20:00-04:00,6.309999942779541,6.309999942779541,6.309999942779541,6.309999942779541,577,0.0,0.0
2024-08-29 13:25:00-04:00,6.320000171661377,6.320000171661377,6.309999942779541,6.315000057220459,2522,0.0,0.0
2024-08-29 13:30:00-04:00,6.309999942779541,6.329899787902832,6.309999942779541,6.329899787902832,3147,0.0,0.0
2024-08-29 13:35:00-04:00,6.329999923706055,6.349999904632568,6.329999923706055,6.349999904632568,3165,0.0,0.0
2024-08-29 13:40:00-04:00,6.329999923706055,6.380000114440918,6.329999923706055,6.380000114440918,3229,0.0,0.0
2024-08-29 13:45:00-04:00,6.369999885559082,6.369999885559082,6.300000190734863,6.300000190734863,6900,0.0,0.0
2024-08-29 13:50:00-04:00,6.324999809265137,6.324999809265137,6.324999809265137,6.324999809265137,460,0.0,0.0
2024-08-29 13:55:00-04:00,6.340000152587891,6.349999904632568,6.329999923706055,6.329999923706055,5019,0.0,0.0
2024-08-29 14:00:00-04:00,6.329999923706055,6.329999923706055,6.300000190734863,6.300000190734863,3007,0.0,0.0
2024-08-29 14:10:00-04:00,6.289999961853027,6.289999961853027,6.28000020980835,6.28000020980835,2444,0.0,0.0
2024-08-29 14:15:00-04:00,6.28000020980835,6.28000020980835,6.269999980926514,6.269999980926514,2890,0.0,0.0
2024-08-29 14:20:00-04:00,6.269999980926514,6.28000020980835,6.269999980926514,6.28000020980835,2331,0.0,0.0
2024-08-29 14:25:00-04:00,6.239999771118164,6.239999771118164,6.239999771118164,6.239999771118164,3188,0.0,0.0
2024-08-29 14:30:00-04:00,6.25,6.260000228881836,6.239999771118164,6.25,1999,0.0,0.0
2024-08-29 14:35:00-04:00,6.25,6.259900093078613,6.235000133514404,6.249899864196777,8328,0.0,0.0
2024-08-29 14:40:00-04:00,6.255000114440918,6.255000114440918,6.239999771118164,6.25,6166,0.0,0.0
2024-08-29 14:45:00-04:00,6.249000072479248,6.28000020980835,6.249000072479248,6.269999980926514,10363,0.0,0.0
2024-08-29 14:50:00-04:00,6.264999866485596,6.295000076293945,6.264999866485596,6.295000076293945,3129,0.0,0.0
2024-08-29 14:55:00-04:00,6.309999942779541,6.309999942779541,6.275000095367432,6.275000095367432,10905,0.0,0.0
2024-08-29 15:00:00-04:00,6.269999980926514,6.269999980926514,6.261499881744385,6.261499881744385,2483,0.0,0.0
2024-08-29 15:05:00-04:00,6.264999866485596,6.270999908447266,6.260000228881836,6.270999908447266,2807,0.0,0.0
2024-08-29 15:10:00-04:00,6.275000095367432,6.275000095367432,6.264999866485596,6.264999866485596,4965,0.0,0.0
2024-08-29 15:15:00-04:00,6.264999866485596,6.300000190734863,6.264999866485596,6.300000190734863,3138,0.0,0.0
2024-08-29 15:20:00-04:00,6.300000190734863,6.300000190734863,6.289999961853027,6.289999961853027,3082,0.0,0.0
2024-08-29 15:25:00-04:00,6.289999961853027,6.300000190734863,6.28000020980835,6.300000190734863,5490,0.0,0.0
2024-08-29 15:30:00-04:00,6.289999961853027,6.309999942779541,6.289999961853027,6.300000190734863,3055,0.0,0.0
2024-08-29 15:35:00-04:00,6.289999961853027,6.300000190734863,6.289999961853027,6.300000190734863,3470,0.0,0.0
2024-08-29 15:40:00-04:00,6.289999961853027,6.295000076293945,6.275000095367432,6.275000095367432,12174,0.0,0.0
2024-08-29 15:45:00-04:00,6.28000020980835,6.28000020980835,6.269999980926514,6.269999980926514,4878,0.0,0.0
2024-08-29 15:50:00-04:00,6.275000095367432,6.329999923706055,6.275000095367432,6.284999847412109,28849,0.0,0.0
2024-08-29 15:55:00-04:00,6.284999847412109,6.289999961853027,6.260000228881836,6.260000228881836,30671,0.0,0.0
2024-08-30 09:30:00-04:00,6.329999923706055,6.329999923706055,6.170000076293945,6.329999923706055,3548,0.0,0.0
2024-08-30 09:35:00-04:00,6.349999904632568,6.349999904632568,6.349999904632568,6.349999904632568,260,0.0,0.0
2024-08-30 09:40:00-04:00,6.349999904632568,6.349999904632568,6.349999904632568,6.349999904632568,101,0.0,0.0
2024-08-30 09:45:00-04:00,6.340000152587891,6.349899768829346,6.340000152587891,6.349899768829346,3662,0.0,0.0
2024-08-30 09:50:00-04:00,6.340000152587891,6.340000152587891,6.210000038146973,6.211100101470947,5069,0.0,0.0
2024-08-30 09:55:00-04:00,6.284999847412109,6.320000171661377,6.264999866485596,6.300000190734863,2814,0.0,0.0
2024-08-30 10:00:00-04:00,6.295000076293945,6.295000076293945,6.289999961853027,6.289999961853027,615,0.0,0.0
2024-08-30 10:05:00-04:00,6.295000076293945,6.295000076293945,6.28000020980835,6.28000020980835,979,0.0,0.0
2024-08-30 10:10:00-04:00,6.28000020980835,6.28000020980835,6.28000020980835,6.28000020980835,1111,0.0,0.0
2024-08-30 10:15:00-04:00,6.260000228881836,6.260000228881836,6.260000228881836,6.260000228881836,1652,0.0,0.0
2024-08-30 10:20:00-04:00,6.260000228881836,6.260000228881836,6.260000228881836,6.260000228881836,214,0.0,0.0
2024-08-30 10:25:00-04:00,6.25,6.260000228881836,6.25,6.260000228881836,820,0.0,0.0
2024-08-30 10:30:00-04:00,6.309999942779541,6.309999942779541,6.300000190734863,6.300000190734863,835,0.0,0.0
2024-08-30 10:35:00-04:00,6.300000190734863,6.320000171661377,6.284999847412109,6.284999847412109,1825,0.0,0.0
2024-08-30 10:40:00-04:00,6.289999961853027,6.289999961853027,6.28000020980835,6.28000020980835,561,0.0,0.0
2024-08-30 10:45:00-04:00,6.28000020980835,6.289999961853027,6.28000020980835,6.28000020980835,802,0.0,0.0
2024-08-30 10:50:00-04:00,6.300000190734863,6.309999942779541,6.300000190734863,6.309999942779541,1702,0.0,0.0
2024-08-30 10:55:00-04:00,6.300000190734863,6.300000190734863,6.289999961853027,6.289999961853027,1069,0.0,0.0
2024-08-30 11:00:00-04:00,6.289999961853027,6.300000190734863,6.289999961853027,6.300000190734863,1401,0.0,0.0
2024-08-30 11:05:00-04:00,6.295000076293945,6.300000190734863,6.295000076293945,6.300000190734863,1212,0.0,0.0
2024-08-30 11:10:00-04:00,6.300000190734863,6.300000190734863,6.289999961853027,6.289999961853027,823,0.0,0.0
2024-08-30 11:15:00-04:00,6.269999980926514,6.269999980926514,6.260000228881836,6.260000228881836,872,0.0,0.0
2024-08-30 11:20:00-04:00,6.260000228881836,6.269999980926514,6.260000228881836,6.269999980926514,3735,0.0,0.0
2024-08-30 11:30:00-04:00,6.25,6.260000228881836,6.25,6.260000228881836,1692,0.0,0.0
2024-08-30 11:35:00-04:00,6.28000020980835,6.28000020980835,6.269999980926514,6.269999980926514,744,0.0,0.0
2024-08-30 11:40:00-04:00,6.275000095367432,6.275000095367432,6.275000095367432,6.275000095367432,431,0.0,0.0
2024-08-30 11:45:00-04:00,6.269999980926514,6.269999980926514,6.25,6.25,1298,0.0,0.0
2024-08-30 11:50:00-04:00,6.230000019073486,6.235000133514404,6.21999979019165,6.230000019073486,3128,0.0,0.0
2024-08-30 11:55:00-04:00,6.231900215148926,6.231900215148926,6.21999979019165,6.230000019073486,3714,0.0,0.0
2024-08-30 12:00:00-04:00,6.21999979019165,6.25,6.21999979019165,6.25,2665,0.0,0.0
2024-08-30 12:05:00-04:00,6.28000020980835,6.28000020980835,6.260000228881836,6.260000228881836,936,0.0,0.0
2024-08-30 12:10:00-04:00,6.2617998123168945,6.2617998123168945,6.260000228881836,6.260000228881836,1421,0.0,0.0
2024-08-30 12:15:00-04:00,6.260000228881836,6.260000228881836,6.25,6.25,1366,0.0,0.0
2024-08-30 12:20:00-04:00,6.239999771118164,6.239999771118164,6.239999771118164,6.239999771118164,1511,0.0,0.0
2024-08-30 12:25:00-04:00,6.21999979019165,6.21999979019165,6.170000076293945,6.170000076293945,3541,0.0,0.0
2024-08-30 12:30:00-04:00,6.179900169372559,6.179999828338623,6.179900169372559,6.179999828338623,1191,0.0,0.0
2024-08-30 12:35:00-04:00,6.170000076293945,6.179999828338623,6.159999847412109,6.179999828338623,5104,0.0,0.0
2024-08-30 12:40:00-04:00,6.170000076293945,6.170000076293945,6.170000076293945,6.170000076293945,896,0.0,0.0
2024-08-30 12:45:00-04:00,6.179999828338623,6.179999828338623,6.179999828338623,6.179999828338623,247,0.0,0.0
2024-08-30 12:50:00-04:00,6.190000057220459,6.199999809265137,6.190000057220459,6.199999809265137,2885,0.0,0.0
2024-08-30 12:55:00-04:00,6.199999809265137,6.28000020980835,6.199999809265137,6.199999809265137,21405,0.0,0.0
2024-08-30 13:00:00-04:00,6.190000057220459,6.190000057220459,6.179999828338623,6.190000057220459,1471,0.0,0.0
2024-08-30 13:05:00-04:00,6.190000057220459,6.190000057220459,6.170000076293945,6.184999942779541,2795,0.0,0.0
2024-08-30 13:10:00-04:00,6.170000076293945,6.179999828338623,6.170000076293945,6.179999828338623,1373,0.0,0.0
2024-08-30 13:15:00-04:00,6.190000057220459,6.199999809265137,6.190000057220459,6.199999809265137,787,0.0,0.0
2024-08-30 13:20:00-04:00,6.199999809265137,6.199999809265137,6.184999942779541,6.184999942779541,1424,0.0,0.0
2024-08-30 13:25:00-04:00,6.190999984741211,6.190999984741211,6.179999828338623,6.190000057220459,1709,0.0,0.0
2024-08-30 13:30:00-04:00,6.199999809265137,6.199999809265137,6.190000057220459,6.190000057220459,1395,0.0,0.0
2024-08-30 13:35:00-04:00,6.199999809265137,6.199999809265137,6.190000057220459,6.190000057220459,3960,0.0,0.0
2024-08-30 13:40:00-04:00,6.190000057220459,6.190000057220459,6.190000057220459,6.190000057220459,637,0.0,0.0
2024-08-30 13:45:00-04:00,6.190000057220459,6.190000057220459,6.179999828338623,6.179999828338623,609,0.0,0.0
2024-08-30 13:50:00-04:00,6.179999828338623,6.179999828338623,6.179999828338623,6.179999828338623,836,0.0,0.0
2024-08-30 13:55:00-04:00,6.179999828338623,6.179999828338623,6.170000076293945,6.170000076293945,1741,0.0,0.0
2024-08-30 14:00:00-04:00,6.159999847412109,6.170000076293945,6.159999847412109,6.170000076293945,1632,0.0,0.0
2024-08-30 14:05:00-04:00,6.179999828338623,6.190000057220459,6.179999828338623,6.190000057220459,664,0.0,0.0
2024-08-30 14:10:00-04:00,6.179999828338623,6.190000057220459,6.179999828338623,6.190000057220459,2070,0.0,0.0
2024-08-30 14:15:00-04:00,6.184999942779541,6.184999942779541,6.184999942779541,6.184999942779541,824,0.0,0.0
2024-08-30 14:20:00-04:00,6.199999809265137,6.199999809265137,6.199999809265137,6.199999809265137,385,0.0,0.0
2024-08-30 14:25:00-04:00,6.190000057220459,6.190000057220459,6.179999828338623,6.179999828338623,2038,0.0,0.0
2024-08-30 14:35:00-04:00,6.175000190734863,6.175000190734863,6.159999847412109,6.175000190734863,5718,0.0,0.0
2024-08-30 14:40:00-04:00,6.179999828338623,6.179999828338623,6.170000076293945,6.170000076293945,1220,0.0,0.0
2024-08-30 14:45:00-04:00,6.175000190734863,6.175000190734863,6.175000190734863,6.175000190734863,1278,0.0,0.0
2024-08-30 14:50:00-04:00,6.190000057220459,6.190000057220459,6.170000076293945,6.170000076293945,2800,0.0,0.0
2024-08-30 15:00:00-04:00,6.15500020980835,6.15500020980835,6.15500020980835,6.15500020980835,1100,0.0,0.0
2024-08-30 15:05:00-04:00,6.150100231170654,6.164999961853027,6.150100231170654,6.159999847412109,1331,0.0,0.0
2024-08-30 15:10:00-04:00,6.159999847412109,6.199999809265137,6.159999847412109,6.184999942779541,3639,0.0,0.0
2024-08-30 15:15:00-04:00,6.179999828338623,6.179999828338623,6.170000076293945,6.170000076293945,1608,0.0,0.0
2024-08-30 15:20:00-04:00,6.179999828338623,6.190000057220459,6.179999828338623,6.190000057220459,1861,0.0,0.0
2024-08-30 15:25:00-04:00,6.199999809265137,6.210000038146973,6.190499782562256,6.190499782562256,1845,0.0,0.0
2024-08-30 15:30:00-04:00,6.199999809265137,6.210000038146973,6.190000057220459,6.190000057220459,2888,0.0,0.0
2024-08-30 15:35:00-04:00,6.199999809265137,6.199999809265137,6.190299987792969,6.190299987792969,726,0.0,0.0
2024-08-30 15:40:00-04:00,6.190000057220459,6.190000057220459,6.150000095367432,6.179999828338623,18152,0.0,0.0
2024-08-30 15:45:00-04:00,6.170000076293945,6.170000076293945,6.170000076293945,6.170000076293945,1350,0.0,0.0
2024-08-30 15:50:00-04:00,6.159999847412109,6.179999828338623,6.159999847412109,6.179999828338623,15695,0.0,0.0
2024-08-30 15:55:00-04:00,6.184999942779541,6.204999923706055,6.179999828338623,6.190000057220459,33547,0.0,0.0
