Datetime,Open,High,Low,Close,Volume,Dividends,Stock Splits,Capital Gains
2024-08-01 09:30:00-04:00,13.630000114440918,13.649999618530273,13.479999542236328,13.550000190734863,3065660,0.0,0.0,0.0
2024-08-01 09:35:00-04:00,13.539999961853027,13.579999923706055,13.425000190734863,13.470000267028809,1399259,0.0,0.0,0.0
2024-08-01 09:40:00-04:00,13.479999542236328,13.579999923706055,13.470000267028809,13.529999732971191,645799,0.0,0.0,0.0
2024-08-01 09:45:00-04:00,13.5201997756958,13.59000015258789,13.431099891662598,13.5600004196167,1033161,0.0,0.0,0.0
2024-08-01 09:50:00-04:00,13.550000190734863,13.770000457763672,13.550000190734863,13.770000457763672,1235925,0.0,0.0,0.0
2024-08-01 09:55:00-04:00,13.765000343322754,13.880000114440918,13.760000228881836,13.87969970703125,1250193,0.0,0.0,0.0
2024-08-01 10:00:00-04:00,13.859999656677246,14.010000228881836,13.789999961853027,13.901900291442871,1721467,0.0,0.0,0.0
2024-08-01 10:05:00-04:00,13.900099754333496,14.109999656677246,13.880000114440918,14.095000267028809,1192897,0.0,0.0,0.0
2024-08-01 10:10:00-04:00,14.09000015258789,14.104999542236328,13.970000267028809,14.03499984741211,960088,0.0,0.0,0.0
2024-08-01 10:15:00-04:00,14.039999961853027,14.130000114440918,14.01609992980957,14.118900299072266,804170,0.0,0.0,0.0
2024-08-01 10:20:00-04:00,14.109999656677246,14.239999771118164,14.092000007629395,14.194999694824219,1255318,0.0,0.0,0.0
2024-08-01 10:25:00-04:00,14.194999694824219,14.279999732971191,14.170000076293945,14.279999732971191,603290,0.0,0.0,0.0
2024-08-01 10:30:00-04:00,14.289999961853027,14.380000114440918,14.239999771118164,14.270000457763672,747638,0.0,0.0,0.0
2024-08-01 10:35:00-04:00,14.279999732971191,14.484999656677246,14.274999618530273,14.369999885559082,1115671,0.0,0.0,0.0
2024-08-01 10:40:00-04:00,14.380000114440918,14.470000267028809,14.354999542236328,14.460000038146973,841595,0.0,0.0,0.0
2024-08-01 10:45:00-04:00,14.458700180053711,14.597000122070312,14.420000076293945,14.589900016784668,934169,0.0,0.0,0.0
2024-08-01 10:50:00-04:00,14.589900016784668,14.649999618530273,14.49269962310791,14.610099792480469,1040809,0.0,0.0,0.0
2024-08-01 10:55:00-04:00,14.614999771118164,14.659899711608887,14.543999671936035,14.640000343322754,805804,0.0,0.0,0.0
2024-08-01 11:00:00-04:00,14.640000343322754,14.710000038146973,14.619999885559082,14.710000038146973,684466,0.0,0.0,0.0
2024-08-01 11:05:00-04:00,14.710000038146973,14.779999732971191,14.670000076293945,14.739999771118164,742697,0.0,0.0,0.0
2024-08-01 11:10:00-04:00,14.739999771118164,14.880000114440918,14.729999542236328,14.880000114440918,1540713,0.0,0.0,0.0
2024-08-01 11:15:00-04:00,14.885000228881836,14.899999618530273,14.710000038146973,14.75,1118480,0.0,0.0,0.0
2024-08-01 11:20:00-04:00,14.739999771118164,14.90999984741211,14.739999771118164,14.834699630737305,1077306,0.0,0.0,0.0
2024-08-01 11:25:00-04:00,14.84000015258789,14.869999885559082,14.800999641418457,14.850000381469727,766922,0.0,0.0,0.0
2024-08-01 11:30:00-04:00,14.850000381469727,14.890000343322754,14.800000190734863,14.859999656677246,573616,0.0,0.0,0.0
2024-08-01 11:35:00-04:00,14.869999885559082,14.970000267028809,14.859999656677246,14.930000305175781,827833,0.0,0.0,0.0
2024-08-01 11:40:00-04:00,14.930000305175781,15.0,14.903300285339355,14.954999923706055,1022009,0.0,0.0,0.0
2024-08-01 11:45:00-04:00,14.960000038146973,15.026000022888184,14.949999809265137,14.979999542236328,705193,0.0,0.0,0.0
2024-08-01 11:50:00-04:00,14.979999542236328,14.989899635314941,14.86989974975586,14.86989974975586,527317,0.0,0.0,0.0
2024-08-01 11:55:00-04:00,14.864999771118164,14.864999771118164,14.779999732971191,14.850000381469727,726882,0.0,0.0,0.0
2024-08-01 12:00:00-04:00,14.845000267028809,14.879899978637695,14.762900352478027,14.779999732971191,448416,0.0,0.0,0.0
2024-08-01 12:05:00-04:00,14.824999809265137,14.839900016784668,14.744999885559082,14.779999732971191,545973,0.0,0.0,0.0
2024-08-01 12:10:00-04:00,14.78499984741211,14.86989974975586,14.770000457763672,14.8100004196167,478693,0.0,0.0,0.0
2024-08-01 12:15:00-04:00,14.809700012207031,14.819999694824219,14.720600128173828,14.779999732971191,409894,0.0,0.0,0.0
2024-08-01 12:20:00-04:00,14.770000457763672,14.870100021362305,14.760000228881836,14.850000381469727,265845,0.0,0.0,0.0
2024-08-01 12:25:00-04:00,14.850000381469727,14.850000381469727,14.760000228881836,14.760899543762207,338977,0.0,0.0,0.0
2024-08-01 12:30:00-04:00,14.789999961853027,14.850000381469727,14.770000457763672,14.850000381469727,285292,0.0,0.0,0.0
2024-08-01 12:35:00-04:00,14.859999656677246,14.949999809265137,14.829999923706055,14.9350004196167,267698,0.0,0.0,0.0
2024-08-01 12:40:00-04:00,14.9399995803833,14.979999542236328,14.90999984741211,14.949999809265137,286489,0.0,0.0,0.0
2024-08-01 12:45:00-04:00,14.949999809265137,15.020000457763672,14.921699523925781,14.989899635314941,238589,0.0,0.0,0.0
2024-08-01 12:50:00-04:00,14.984999656677246,15.050000190734863,14.9350004196167,14.9399995803833,335445,0.0,0.0,0.0
2024-08-01 12:55:00-04:00,14.94849967956543,14.95989990234375,14.850000381469727,14.894000053405762,243766,0.0,0.0,0.0
2024-08-01 13:00:00-04:00,14.890000343322754,14.949999809265137,14.890000343322754,14.90999984741211,185408,0.0,0.0,0.0
2024-08-01 13:05:00-04:00,14.90999984741211,15.0,14.90999984741211,14.979999542236328,200449,0.0,0.0,0.0
2024-08-01 13:10:00-04:00,14.984999656677246,15.032299995422363,14.970100402832031,15.029999732971191,169815,0.0,0.0,0.0
2024-08-01 13:15:00-04:00,15.029999732971191,15.050000190734863,14.96500015258789,15.039999961853027,253242,0.0,0.0,0.0
2024-08-01 13:20:00-04:00,15.040599822998047,15.10990047454834,15.02340030670166,15.083200454711914,304818,0.0,0.0,0.0
2024-08-01 13:25:00-04:00,15.085000038146973,15.119999885559082,14.989999771118164,15.039999961853027,362348,0.0,0.0,0.0
2024-08-01 13:30:00-04:00,15.045000076293945,15.0600004196167,15.020000457763672,15.058199882507324,310703,0.0,0.0,0.0
2024-08-01 13:35:00-04:00,15.050000190734863,15.100000381469727,15.029999732971191,15.0600004196167,360054,0.0,0.0,0.0
2024-08-01 13:40:00-04:00,15.0600004196167,15.099900245666504,15.020000457763672,15.09000015258789,188552,0.0,0.0,0.0
2024-08-01 13:45:00-04:00,15.089900016784668,15.119999885559082,15.069999694824219,15.100000381469727,302509,0.0,0.0,0.0
2024-08-01 13:50:00-04:00,15.10990047454834,15.109999656677246,14.970000267028809,14.979999542236328,249100,0.0,0.0,0.0
2024-08-01 13:55:00-04:00,14.971099853515625,15.029999732971191,14.920000076293945,14.920000076293945,391033,0.0,0.0,0.0
2024-08-01 14:00:00-04:00,14.930000305175781,14.979999542236328,14.900099754333496,14.96500015258789,333557,0.0,0.0,0.0
2024-08-01 14:05:00-04:00,14.970000267028809,15.01990032196045,14.920000076293945,15.010000228881836,234945,0.0,0.0,0.0
2024-08-01 14:10:00-04:00,15.020000457763672,15.069899559020996,15.0,15.039999961853027,247195,0.0,0.0,0.0
2024-08-01 14:15:00-04:00,15.029999732971191,15.09000015258789,15.020000457763672,15.077300071716309,240874,0.0,0.0,0.0
2024-08-01 14:20:00-04:00,15.079899787902832,15.079899787902832,14.979999542236328,15.039899826049805,212198,0.0,0.0,0.0
2024-08-01 14:25:00-04:00,15.039999961853027,15.09000015258789,15.010000228881836,15.045000076293945,263136,0.0,0.0,0.0
2024-08-01 14:30:00-04:00,15.050000190734863,15.09000015258789,15.029999732971191,15.085000038146973,207392,0.0,0.0,0.0
2024-08-01 14:35:00-04:00,15.0802001953125,15.08810043334961,15.050000190734863,15.055000305175781,189432,0.0,0.0,0.0
2024-08-01 14:40:00-04:00,15.0600004196167,15.17549991607666,15.039999961853027,15.175000190734863,422191,0.0,0.0,0.0
2024-08-01 14:45:00-04:00,15.175000190734863,15.199999809265137,15.145000457763672,15.15999984741211,304035,0.0,0.0,0.0
2024-08-01 14:50:00-04:00,15.169899940490723,15.210000038146973,15.100000381469727,15.1850004196167,280881,0.0,0.0,0.0
2024-08-01 14:55:00-04:00,15.1899995803833,15.1899995803833,15.125,15.145000457763672,289078,0.0,0.0,0.0
2024-08-01 15:00:00-04:00,15.149999618530273,15.170000076293945,15.10099983215332,15.11139965057373,358155,0.0,0.0,0.0
2024-08-01 15:05:00-04:00,15.119999885559082,15.200200080871582,15.114999771118164,15.140000343322754,563706,0.0,0.0,0.0
2024-08-01 15:10:00-04:00,15.133099555969238,15.164999961853027,15.09000015258789,15.135000228881836,324794,0.0,0.0,0.0
2024-08-01 15:15:00-04:00,15.140000343322754,15.149999618530273,15.069999694824219,15.085000038146973,269133,0.0,0.0,0.0
2024-08-01 15:20:00-04:00,15.079999923706055,15.100000381469727,14.994999885559082,15.008700370788574,612489,0.0,0.0,0.0
2024-08-01 15:25:00-04:00,15.0,15.038100242614746,14.972200393676758,14.994999885559082,388713,0.0,0.0,0.0
2024-08-01 15:30:00-04:00,14.989999771118164,15.0,14.930000305175781,14.970000267028809,573510,0.0,0.0,0.0
2024-08-01 15:35:00-04:00,14.970000267028809,15.029999732971191,14.949999809265137,14.979999542236328,860594,0.0,0.0,0.0
2024-08-01 15:40:00-04:00,14.979999542236328,15.029899597167969,14.970100402832031,15.020000457763672,482039,0.0,0.0,0.0
2024-08-01 15:45:00-04:00,15.020000457763672,15.020000457763672,14.869999885559082,14.890000343322754,723757,0.0,0.0,0.0
2024-08-01 15:50:00-04:00,14.890000343322754,14.978500366210938,14.789999961853027,14.950200080871582,1479621,0.0,0.0,0.0
2024-08-01 15:55:00-04:00,14.949999809265137,14.96500015258789,14.904399871826172,14.920000076293945,1789570,0.0,0.0,0.0
2024-08-02 09:30:00-04:00,16.559999465942383,16.62969970703125,16.459999084472656,16.56999969482422,6326433,0.0,0.0,0.0
2024-08-02 09:35:00-04:00,16.59000015258789,16.645000457763672,16.3700008392334,16.390100479125977,1215605,0.0,0.0,0.0
2024-08-02 09:40:00-04:00,16.395000457763672,16.45989990234375,16.270000457763672,16.31999969482422,1418398,0.0,0.0,0.0
2024-08-02 09:45:00-04:00,16.31999969482422,16.5,16.270000457763672,16.299999237060547,1415838,0.0,0.0,0.0
2024-08-02 09:50:00-04:00,16.309999465942383,16.350000381469727,16.070100784301758,16.34000015258789,1707744,0.0,0.0,0.0
2024-08-02 09:55:00-04:00,16.34000015258789,16.479799270629883,16.309999465942383,16.429899215698242,1350376,0.0,0.0,0.0
2024-08-02 10:00:00-04:00,16.420000076293945,16.540000915527344,16.274999618530273,16.43000030517578,1903034,0.0,0.0,0.0
2024-08-02 10:05:00-04:00,16.440000534057617,16.625,16.440000534057617,16.59939956665039,1278145,0.0,0.0,0.0
2024-08-02 10:10:00-04:00,16.600000381469727,16.77829933166504,16.579999923706055,16.760000228881836,1110008,0.0,0.0,0.0
2024-08-02 10:15:00-04:00,16.75,16.790000915527344,16.6299991607666,16.770000457763672,1367403,0.0,0.0,0.0
2024-08-02 10:20:00-04:00,16.764999389648438,16.8572998046875,16.739999771118164,16.851499557495117,1160494,0.0,0.0,0.0
2024-08-02 10:25:00-04:00,16.850000381469727,16.8700008392334,16.649999618530273,16.739999771118164,942606,0.0,0.0,0.0
2024-08-02 10:30:00-04:00,16.75,16.790000915527344,16.64940071105957,16.75,785401,0.0,0.0,0.0
2024-08-02 10:35:00-04:00,16.760000228881836,16.809999465942383,16.7101993560791,16.78499984741211,534189,0.0,0.0,0.0
2024-08-02 10:40:00-04:00,16.790000915527344,16.81999969482422,16.709999084472656,16.729999542236328,531794,0.0,0.0,0.0
2024-08-02 10:45:00-04:00,16.729999542236328,16.829999923706055,16.639999389648438,16.649999618530273,612256,0.0,0.0,0.0
2024-08-02 10:50:00-04:00,16.645000457763672,16.700000762939453,16.600000381469727,16.674999237060547,595581,0.0,0.0,0.0
2024-08-02 10:55:00-04:00,16.670000076293945,16.850099563598633,16.65999984741211,16.809999465942383,769052,0.0,0.0,0.0
2024-08-02 11:00:00-04:00,16.790000915527344,16.850000381469727,16.770000457763672,16.832199096679688,266747,0.0,0.0,0.0
2024-08-02 11:05:00-04:00,16.829999923706055,16.8799991607666,16.760000228881836,16.780099868774414,483558,0.0,0.0,0.0
2024-08-02 11:10:00-04:00,16.78499984741211,16.809999465942383,16.670000076293945,16.764999389648438,580830,0.0,0.0,0.0
2024-08-02 11:15:00-04:00,16.770000457763672,16.825000762939453,16.7450008392334,16.809999465942383,272378,0.0,0.0,0.0
2024-08-02 11:20:00-04:00,16.815000534057617,16.918699264526367,16.780000686645508,16.829999923706055,621169,0.0,0.0,0.0
2024-08-02 11:25:00-04:00,16.84000015258789,16.93000030517578,16.780099868774414,16.799999237060547,653407,0.0,0.0,0.0
2024-08-02 11:30:00-04:00,16.799999237060547,16.799999237060547,16.68000030517578,16.690000534057617,389455,0.0,0.0,0.0
2024-08-02 11:35:00-04:00,16.649999618530273,16.719999313354492,16.604999542236328,16.71739959716797,507111,0.0,0.0,0.0
2024-08-02 11:40:00-04:00,16.71500015258789,16.729999542236328,16.540000915527344,16.549999237060547,290508,0.0,0.0,0.0
2024-08-02 11:45:00-04:00,16.559999465942383,16.600000381469727,16.510000228881836,16.549999237060547,382746,0.0,0.0,0.0
2024-08-02 11:50:00-04:00,16.54010009765625,16.670000076293945,16.540000915527344,16.649999618530273,526359,0.0,0.0,0.0
2024-08-02 11:55:00-04:00,16.639999389648438,16.639999389648438,16.479999542236328,16.579999923706055,517622,0.0,0.0,0.0
2024-08-02 12:00:00-04:00,16.549999237060547,16.610000610351562,16.510099411010742,16.524999618530273,179627,0.0,0.0,0.0
2024-08-02 12:05:00-04:00,16.520000457763672,16.549999237060547,16.469999313354492,16.520000457763672,136237,0.0,0.0,0.0
2024-08-02 12:10:00-04:00,16.520099639892578,16.619300842285156,16.520099639892578,16.56999969482422,138622,0.0,0.0,0.0
2024-08-02 12:15:00-04:00,16.56999969482422,16.594999313354492,16.479999542236328,16.489999771118164,78235,0.0,0.0,0.0
2024-08-02 12:20:00-04:00,16.479999542236328,16.489999771118164,16.375,16.43000030517578,272351,0.0,0.0,0.0
2024-08-02 12:25:00-04:00,16.43000030517578,16.4591007232666,16.329999923706055,16.38990020751953,233207,0.0,0.0,0.0
2024-08-02 12:30:00-04:00,16.399999618530273,16.459999084472656,16.350000381469727,16.3700008392334,265347,0.0,0.0,0.0
2024-08-02 12:35:00-04:00,16.3700008392334,16.424999237060547,16.329999923706055,16.34000015258789,181050,0.0,0.0,0.0
2024-08-02 12:40:00-04:00,16.34000015258789,16.350000381469727,16.280099868774414,16.32990074157715,157545,0.0,0.0,0.0
2024-08-02 12:45:00-04:00,16.329999923706055,16.438800811767578,16.323200225830078,16.43000030517578,314321,0.0,0.0,0.0
2024-08-02 12:50:00-04:00,16.43000030517578,16.600000381469727,16.40999984741211,16.56999969482422,357976,0.0,0.0,0.0
2024-08-02 12:55:00-04:00,16.559999465942383,16.599899291992188,16.3799991607666,16.43000030517578,550263,0.0,0.0,0.0
2024-08-02 13:00:00-04:00,16.420000076293945,16.54990005493164,16.3799991607666,16.539100646972656,335481,0.0,0.0,0.0
2024-08-02 13:05:00-04:00,16.520000457763672,16.540000915527344,16.459999084472656,16.489999771118164,220880,0.0,0.0,0.0
2024-08-02 13:10:00-04:00,16.4950008392334,16.53499984741211,16.405000686645508,16.43000030517578,131325,0.0,0.0,0.0
2024-08-02 13:15:00-04:00,16.424999237060547,16.5,16.40999984741211,16.469999313354492,73331,0.0,0.0,0.0
2024-08-02 13:20:00-04:00,16.46430015563965,16.56999969482422,16.46430015563965,16.530000686645508,89244,0.0,0.0,0.0
2024-08-02 13:25:00-04:00,16.520000457763672,16.520099639892578,16.459999084472656,16.519899368286133,115090,0.0,0.0,0.0
2024-08-02 13:30:00-04:00,16.520000457763672,16.56999969482422,16.50510025024414,16.53499984741211,82797,0.0,0.0,0.0
2024-08-02 13:35:00-04:00,16.530000686645508,16.58989906311035,16.530000686645508,16.56999969482422,105058,0.0,0.0,0.0
2024-08-02 13:40:00-04:00,16.56999969482422,16.610000610351562,16.540000915527344,16.559799194335938,71009,0.0,0.0,0.0
2024-08-02 13:45:00-04:00,16.559999465942383,16.579999923706055,16.520000457763672,16.549999237060547,50117,0.0,0.0,0.0
2024-08-02 13:50:00-04:00,16.559999465942383,16.660200119018555,16.54949951171875,16.65999984741211,113752,0.0,0.0,0.0
2024-08-02 13:55:00-04:00,16.65999984741211,16.700000762939453,16.632699966430664,16.670000076293945,154095,0.0,0.0,0.0
2024-08-02 14:00:00-04:00,16.68000030517578,16.739999771118164,16.670000076293945,16.700000762939453,125970,0.0,0.0,0.0
2024-08-02 14:05:00-04:00,16.700000762939453,16.729900360107422,16.670000076293945,16.719999313354492,73050,0.0,0.0,0.0
2024-08-02 14:10:00-04:00,16.719999313354492,16.75,16.690000534057617,16.729999542236328,55253,0.0,0.0,0.0
2024-08-02 14:15:00-04:00,16.739999771118164,16.75,16.655000686645508,16.655000686645508,123784,0.0,0.0,0.0
2024-08-02 14:20:00-04:00,16.65999984741211,16.674999237060547,16.549999237060547,16.575000762939453,281143,0.0,0.0,0.0
2024-08-02 14:25:00-04:00,16.579999923706055,16.58970069885254,16.5,16.524999618530273,212942,0.0,0.0,0.0
2024-08-02 14:30:00-04:00,16.530000686645508,16.540000915527344,16.44499969482422,16.530000686645508,205710,0.0,0.0,0.0
2024-08-02 14:35:00-04:00,16.549999237060547,16.60300064086914,16.540000915527344,16.57830047607422,106053,0.0,0.0,0.0
2024-08-02 14:40:00-04:00,16.579999923706055,16.58009910583496,16.479999542236328,16.545000076293945,216997,0.0,0.0,0.0
2024-08-02 14:45:00-04:00,16.54990005493164,16.569599151611328,16.499799728393555,16.550100326538086,126536,0.0,0.0,0.0
2024-08-02 14:50:00-04:00,16.549999237060547,16.59000015258789,16.540000915527344,16.549999237060547,126336,0.0,0.0,0.0
2024-08-02 14:55:00-04:00,16.549999237060547,16.575000762939453,16.50510025024414,16.549999237060547,76273,0.0,0.0,0.0
2024-08-02 15:00:00-04:00,16.54199981689453,16.559999465942383,16.469999313354492,16.510000228881836,120526,0.0,0.0,0.0
2024-08-02 15:05:00-04:00,16.510000228881836,16.600000381469727,16.510000228881836,16.549999237060547,131668,0.0,0.0,0.0
2024-08-02 15:10:00-04:00,16.548799514770508,16.59000015258789,16.524999618530273,16.540000915527344,93507,0.0,0.0,0.0
2024-08-02 15:15:00-04:00,16.520200729370117,16.559999465942383,16.489999771118164,16.559999465942383,121980,0.0,0.0,0.0
2024-08-02 15:20:00-04:00,16.559099197387695,16.600000381469727,16.524999618530273,16.530000686645508,211211,0.0,0.0,0.0
2024-08-02 15:25:00-04:00,16.520000457763672,16.55970001220703,16.450000762939453,16.485000610351562,172439,0.0,0.0,0.0
2024-08-02 15:30:00-04:00,16.489999771118164,16.5049991607666,16.405000686645508,16.429899215698242,288525,0.0,0.0,0.0
2024-08-02 15:35:00-04:00,16.450000762939453,16.58989906311035,16.422100067138672,16.58009910583496,237434,0.0,0.0,0.0
2024-08-02 15:40:00-04:00,16.579999923706055,16.597999572753906,16.50510025024414,16.50510025024414,201066,0.0,0.0,0.0
2024-08-02 15:45:00-04:00,16.510000228881836,16.559999465942383,16.459999084472656,16.549999237060547,238638,0.0,0.0,0.0
2024-08-02 15:50:00-04:00,16.559999465942383,16.6299991607666,16.5049991607666,16.540000915527344,511319,0.0,0.0,0.0
2024-08-02 15:55:00-04:00,16.530000686645508,16.549999237060547,16.459999084472656,16.520000457763672,783253,0.0,0.0,0.0
2024-08-05 09:30:00-04:00,19.3799991607666,19.3799991607666,19.040000915527344,19.3700008392334,7066290,0.0,0.0,0.0
2024-08-05 09:35:00-04:00,19.3799991607666,19.3799991607666,19.059999465942383,19.079999923706055,1959876,0.0,0.0,0.0
2024-08-05 09:40:00-04:00,19.06999969482422,19.420000076293945,19.010000228881836,19.270000457763672,2452747,0.0,0.0,0.0
2024-08-05 09:45:00-04:00,19.280000686645508,19.31999969482422,18.799999237060547,18.84000015258789,1488124,0.0,0.0,0.0
2024-08-05 09:50:00-04:00,18.850000381469727,18.979999542236328,18.68000030517578,18.920000076293945,888316,0.0,0.0,0.0
2024-08-05 09:55:00-04:00,18.920000076293945,19.030000686645508,18.84000015258789,19.030000686645508,742818,0.0,0.0,0.0
2024-08-05 10:00:00-04:00,19.010000228881836,19.010000228881836,18.149999618530273,18.239900588989258,1718278,0.0,0.0,0.0
2024-08-05 10:05:00-04:00,18.239999771118164,18.739999771118164,18.1299991607666,18.649999618530273,904953,0.0,0.0,0.0
2024-08-05 10:10:00-04:00,18.649999618530273,18.774999618530273,18.59910011291504,18.59910011291504,1090393,0.0,0.0,0.0
2024-08-05 10:15:00-04:00,18.600000381469727,18.729999542236328,18.460100173950195,18.479999542236328,1131415,0.0,0.0,0.0
2024-08-05 10:20:00-04:00,18.489999771118164,18.774999618530273,18.489999771118164,18.709999084472656,745802,0.0,0.0,0.0
2024-08-05 10:25:00-04:00,18.719999313354492,18.8799991607666,18.559999465942383,18.8799991607666,571054,0.0,0.0,0.0
2024-08-05 10:30:00-04:00,18.8700008392334,18.8700008392334,18.56999969482422,18.579999923706055,643327,0.0,0.0,0.0
2024-08-05 10:35:00-04:00,18.579999923706055,18.764999389648438,18.5,18.719999313354492,576360,0.0,0.0,0.0
2024-08-05 10:40:00-04:00,18.729999542236328,18.760000228881836,18.545000076293945,18.579999923706055,644583,0.0,0.0,0.0
2024-08-05 10:45:00-04:00,18.56999969482422,18.670000076293945,18.485000610351562,18.649999618530273,731108,0.0,0.0,0.0
2024-08-05 10:50:00-04:00,18.65999984741211,18.719999313354492,18.33099937438965,18.399999618530273,680476,0.0,0.0,0.0
2024-08-05 10:55:00-04:00,18.40999984741211,18.68000030517578,18.399999618530273,18.639999389648438,485986,0.0,0.0,0.0
2024-08-05 11:00:00-04:00,18.639999389648438,18.729999542236328,18.579999923706055,18.700000762939453,479433,0.0,0.0,0.0
2024-08-05 11:05:00-04:00,18.700000762939453,18.700000762939453,18.375,18.389999389648438,573113,0.0,0.0,0.0
2024-08-05 11:10:00-04:00,18.389999389648438,18.43000030517578,18.280099868774414,18.34000015258789,488627,0.0,0.0,0.0
2024-08-05 11:15:00-04:00,18.350000381469727,18.399999618530273,18.25,18.350000381469727,489491,0.0,0.0,0.0
2024-08-05 11:20:00-04:00,18.360000610351562,18.399999618530273,18.2450008392334,18.260000228881836,550880,0.0,0.0,0.0
2024-08-05 11:25:00-04:00,18.260000228881836,18.28499984741211,18.100000381469727,18.270000457763672,371477,0.0,0.0,0.0
2024-08-05 11:30:00-04:00,18.270000457763672,18.315000534057617,18.1200008392334,18.135000228881836,326449,0.0,0.0,0.0
2024-08-05 11:35:00-04:00,18.139999389648438,18.149999618530273,17.8799991607666,17.93000030517578,564321,0.0,0.0,0.0
2024-08-05 11:40:00-04:00,17.93000030517578,18.010000228881836,17.90999984741211,18.0,362732,0.0,0.0,0.0
2024-08-05 11:45:00-04:00,18.0,18.049999237060547,17.90999984741211,18.0,234951,0.0,0.0,0.0
2024-08-05 11:50:00-04:00,18.0,18.135000228881836,18.0,18.069900512695312,510102,0.0,0.0,0.0
2024-08-05 11:55:00-04:00,18.06999969482422,18.139999389648438,17.940000534057617,17.979999542236328,225955,0.0,0.0,0.0
2024-08-05 12:00:00-04:00,17.979999542236328,18.03499984741211,17.834999084472656,17.8700008392334,309984,0.0,0.0,0.0
2024-08-05 12:05:00-04:00,17.8789005279541,17.950000762939453,17.79990005493164,17.809999465942383,219352,0.0,0.0,0.0
2024-08-05 12:10:00-04:00,17.829999923706055,17.985000610351562,17.825000762939453,17.885000228881836,232943,0.0,0.0,0.0
2024-08-05 12:15:00-04:00,17.8799991607666,17.889999389648438,17.760000228881836,17.760000228881836,251393,0.0,0.0,0.0
2024-08-05 12:20:00-04:00,17.760000228881836,17.83989906311035,17.670000076293945,17.670000076293945,340647,0.0,0.0,0.0
2024-08-05 12:25:00-04:00,17.670000076293945,17.72330093383789,17.549999237060547,17.589099884033203,440319,0.0,0.0,0.0
2024-08-05 12:30:00-04:00,17.600000381469727,17.700000762939453,17.600000381469727,17.639999389648438,402101,0.0,0.0,0.0
2024-08-05 12:35:00-04:00,17.649999618530273,17.780000686645508,17.6299991607666,17.739999771118164,483475,0.0,0.0,0.0
2024-08-05 12:40:00-04:00,17.739999771118164,17.85919952392578,17.719999313354492,17.829999923706055,413827,0.0,0.0,0.0
2024-08-05 12:45:00-04:00,17.829999923706055,17.959999084472656,17.809999465942383,17.949899673461914,395281,0.0,0.0,0.0
2024-08-05 12:50:00-04:00,17.940000534057617,18.075000762939453,17.93000030517578,18.071300506591797,433727,0.0,0.0,0.0
2024-08-05 12:55:00-04:00,18.06999969482422,18.179899215698242,18.020000457763672,18.06999969482422,300879,0.0,0.0,0.0
2024-08-05 13:00:00-04:00,18.09000015258789,18.15999984741211,18.040000915527344,18.12980079650879,204742,0.0,0.0,0.0
2024-08-05 13:05:00-04:00,18.1299991607666,18.20989990234375,18.020200729370117,18.06999969482422,341837,0.0,0.0,0.0
2024-08-05 13:10:00-04:00,18.075000762939453,18.184999465942383,18.030000686645508,18.1299991607666,235107,0.0,0.0,0.0
2024-08-05 13:15:00-04:00,18.1299991607666,18.139999389648438,18.014999389648438,18.079999923706055,134384,0.0,0.0,0.0
2024-08-05 13:20:00-04:00,18.06999969482422,18.1200008392334,18.020000457763672,18.059999465942383,243105,0.0,0.0,0.0
2024-08-05 13:25:00-04:00,18.059999465942383,18.079999923706055,17.964000701904297,18.049999237060547,282002,0.0,0.0,0.0
2024-08-05 13:30:00-04:00,18.049999237060547,18.09000015258789,17.959999084472656,17.969999313354492,217100,0.0,0.0,0.0
2024-08-05 13:35:00-04:00,17.969999313354492,18.04509925842285,17.93000030517578,17.940000534057617,172182,0.0,0.0,0.0
2024-08-05 13:40:00-04:00,17.940000534057617,17.978900909423828,17.860000610351562,17.940000534057617,163787,0.0,0.0,0.0
2024-08-05 13:45:00-04:00,17.940000534057617,18.015199661254883,17.93000030517578,18.010000228881836,195817,0.0,0.0,0.0
2024-08-05 13:50:00-04:00,18.000900268554688,18.059999465942383,17.950000762939453,18.045000076293945,243479,0.0,0.0,0.0
2024-08-05 13:55:00-04:00,18.040000915527344,18.1200008392334,18.0,18.07990074157715,287408,0.0,0.0,0.0
2024-08-05 14:00:00-04:00,18.079999923706055,18.19499969482422,18.079999923706055,18.179500579833984,413078,0.0,0.0,0.0
2024-08-05 14:05:00-04:00,18.18000030517578,18.190000534057617,18.09000015258789,18.100000381469727,251514,0.0,0.0,0.0
2024-08-05 14:10:00-04:00,18.100000381469727,18.18000030517578,18.06999969482422,18.174999237060547,225457,0.0,0.0,0.0
2024-08-05 14:15:00-04:00,18.170000076293945,18.200000762939453,18.06999969482422,18.100000381469727,179140,0.0,0.0,0.0
2024-08-05 14:20:00-04:00,18.09000015258789,18.1200008392334,18.040000915527344,18.100000381469727,233141,0.0,0.0,0.0
2024-08-05 14:25:00-04:00,18.09000015258789,18.100000381469727,18.040000915527344,18.059999465942383,135239,0.0,0.0,0.0
2024-08-05 14:30:00-04:00,18.079999923706055,18.149700164794922,18.040000915527344,18.149599075317383,157120,0.0,0.0,0.0
2024-08-05 14:35:00-04:00,18.141399383544922,18.16510009765625,18.06999969482422,18.1299991607666,227865,0.0,0.0,0.0
2024-08-05 14:40:00-04:00,18.1299991607666,18.270000457763672,18.110000610351562,18.25,348706,0.0,0.0,0.0
2024-08-05 14:45:00-04:00,18.260000228881836,18.360000610351562,18.229999542236328,18.354999542236328,455960,0.0,0.0,0.0
2024-08-05 14:50:00-04:00,18.34000015258789,18.34000015258789,18.179899215698242,18.239999771118164,251399,0.0,0.0,0.0
2024-08-05 14:55:00-04:00,18.25,18.399999618530273,18.209999084472656,18.399999618530273,188041,0.0,0.0,0.0
2024-08-05 15:00:00-04:00,18.3799991607666,18.38610076904297,18.269899368286133,18.299999237060547,262484,0.0,0.0,0.0
2024-08-05 15:05:00-04:00,18.290000915527344,18.368999481201172,18.28499984741211,18.329999923706055,153969,0.0,0.0,0.0
2024-08-05 15:10:00-04:00,18.34000015258789,18.3799991607666,18.309999465942383,18.3799991607666,260219,0.0,0.0,0.0
2024-08-05 15:15:00-04:00,18.3799991607666,18.43899917602539,18.344999313354492,18.399999618530273,341850,0.0,0.0,0.0
2024-08-05 15:20:00-04:00,18.399999618530273,18.400100708007812,18.25029945373535,18.270099639892578,335129,0.0,0.0,0.0
2024-08-05 15:25:00-04:00,18.270000457763672,18.315000534057617,18.15999984741211,18.15999984741211,222083,0.0,0.0,0.0
2024-08-05 15:30:00-04:00,18.165000915527344,18.289899826049805,18.1200008392334,18.239999771118164,312105,0.0,0.0,0.0
2024-08-05 15:35:00-04:00,18.25,18.309900283813477,18.15999984741211,18.25,515726,0.0,0.0,0.0
2024-08-05 15:40:00-04:00,18.239999771118164,18.299999237060547,18.219999313354492,18.274999618530273,299173,0.0,0.0,0.0
2024-08-05 15:45:00-04:00,18.290000915527344,18.34000015258789,18.270000457763672,18.280000686645508,299789,0.0,0.0,0.0
2024-08-05 15:50:00-04:00,18.280000686645508,18.309999465942383,18.125,18.239999771118164,999677,0.0,0.0,0.0
2024-08-05 15:55:00-04:00,18.229999542236328,18.25,18.101999282836914,18.1200008392334,1034130,0.0,0.0,0.0
2024-08-06 09:30:00-04:00,17.90999984741211,18.385000228881836,17.8799991607666,18.280000686645508,2725068,0.0,0.0,0.0
2024-08-06 09:35:00-04:00,18.290000915527344,18.420000076293945,18.149999618530273,18.239999771118164,865133,0.0,0.0,0.0
2024-08-06 09:40:00-04:00,18.25,18.34000015258789,18.141000747680664,18.18000030517578,1277734,0.0,0.0,0.0
2024-08-06 09:45:00-04:00,18.18000030517578,18.3799991607666,18.0,18.0,803413,0.0,0.0,0.0
2024-08-06 09:50:00-04:00,18.020000457763672,18.030000686645508,17.81999969482422,17.864999771118164,565462,0.0,0.0,0.0
2024-08-06 09:55:00-04:00,17.860000610351562,17.8700008392334,17.709999084472656,17.709999084472656,666760,0.0,0.0,0.0
2024-08-06 10:00:00-04:00,17.729999542236328,17.875,17.700000762939453,17.7450008392334,780518,0.0,0.0,0.0
2024-08-06 10:05:00-04:00,17.760000228881836,17.81999969482422,17.520000457763672,17.540000915527344,973049,0.0,0.0,0.0
2024-08-06 10:10:00-04:00,17.549999237060547,17.709999084472656,17.540000915527344,17.6299991607666,1053743,0.0,0.0,0.0
2024-08-06 10:15:00-04:00,17.6299991607666,17.760099411010742,17.537399291992188,17.59000015258789,925414,0.0,0.0,0.0
2024-08-06 10:20:00-04:00,17.56999969482422,17.609899520874023,17.40999984741211,17.420000076293945,910300,0.0,0.0,0.0
2024-08-06 10:25:00-04:00,17.429899215698242,17.6299991607666,17.389999389648438,17.604999542236328,672473,0.0,0.0,0.0
2024-08-06 10:30:00-04:00,17.584999084472656,17.700000762939453,17.5,17.530000686645508,853620,0.0,0.0,0.0
2024-08-06 10:35:00-04:00,17.530000686645508,17.54990005493164,17.415000915527344,17.514999389648438,874837,0.0,0.0,0.0
2024-08-06 10:40:00-04:00,17.519899368286133,17.520000457763672,17.29170036315918,17.299999237060547,706129,0.0,0.0,0.0
2024-08-06 10:45:00-04:00,17.299999237060547,17.32509994506836,17.030000686645508,17.05500030517578,728799,0.0,0.0,0.0
2024-08-06 10:50:00-04:00,17.049999237060547,17.165000915527344,17.0,17.100000381469727,967764,0.0,0.0,0.0
2024-08-06 10:55:00-04:00,17.100000381469727,17.350000381469727,17.100000381469727,17.260000228881836,690820,0.0,0.0,0.0
2024-08-06 11:00:00-04:00,17.299999237060547,17.329999923706055,17.200000762939453,17.274999618530273,325087,0.0,0.0,0.0
2024-08-06 11:05:00-04:00,17.280000686645508,17.350000381469727,17.239999771118164,17.309999465942383,272101,0.0,0.0,0.0
2024-08-06 11:10:00-04:00,17.309999465942383,17.5,17.299999237060547,17.479999542236328,672483,0.0,0.0,0.0
2024-08-06 11:15:00-04:00,17.485000610351562,17.550100326538086,17.40999984741211,17.500099182128906,365278,0.0,0.0,0.0
2024-08-06 11:20:00-04:00,17.5049991607666,17.679899215698242,17.5,17.649999618530273,552840,0.0,0.0,0.0
2024-08-06 11:25:00-04:00,17.645000457763672,17.860000610351562,17.610000610351562,17.860000610351562,505093,0.0,0.0,0.0
2024-08-06 11:30:00-04:00,17.850000381469727,17.850000381469727,17.65999984741211,17.704999923706055,591084,0.0,0.0,0.0
2024-08-06 11:35:00-04:00,17.700000762939453,17.799999237060547,17.629899978637695,17.690000534057617,263917,0.0,0.0,0.0
2024-08-06 11:40:00-04:00,17.689899444580078,17.809999465942383,17.670000076293945,17.739999771118164,223881,0.0,0.0,0.0
2024-08-06 11:45:00-04:00,17.700000762939453,17.809999465942383,17.639999389648438,17.639999389648438,166028,0.0,0.0,0.0
2024-08-06 11:50:00-04:00,17.6299991607666,17.65999984741211,17.5,17.600000381469727,214945,0.0,0.0,0.0
2024-08-06 11:55:00-04:00,17.575000762939453,17.57990074157715,17.479999542236328,17.479999542236328,138523,0.0,0.0,0.0
2024-08-06 12:00:00-04:00,17.475000381469727,17.510000228881836,17.409900665283203,17.469999313354492,215443,0.0,0.0,0.0
2024-08-06 12:05:00-04:00,17.475000381469727,17.520000457763672,17.344999313354492,17.389999389648438,112913,0.0,0.0,0.0
2024-08-06 12:10:00-04:00,17.36989974975586,17.40999984741211,17.349899291992188,17.360000610351562,214083,0.0,0.0,0.0
2024-08-06 12:15:00-04:00,17.3700008392334,17.3799991607666,17.290000915527344,17.329999923706055,294267,0.0,0.0,0.0
2024-08-06 12:20:00-04:00,17.334999084472656,17.450000762939453,17.329999923706055,17.360000610351562,395346,0.0,0.0,0.0
2024-08-06 12:25:00-04:00,17.369699478149414,17.440000534057617,17.325000762939453,17.34000015258789,85263,0.0,0.0,0.0
2024-08-06 12:30:00-04:00,17.350000381469727,17.419700622558594,17.329999923706055,17.3700008392334,189402,0.0,0.0,0.0
2024-08-06 12:35:00-04:00,17.360000610351562,17.485000610351562,17.360000610351562,17.40999984741211,180628,0.0,0.0,0.0
2024-08-06 12:40:00-04:00,17.40250015258789,17.459999084472656,17.350000381469727,17.459999084472656,204308,0.0,0.0,0.0
2024-08-06 12:45:00-04:00,17.459999084472656,17.489900588989258,17.385000228881836,17.479999542236328,138842,0.0,0.0,0.0
2024-08-06 12:50:00-04:00,17.479999542236328,17.489999771118164,17.28190040588379,17.299999237060547,395800,0.0,0.0,0.0
2024-08-06 12:55:00-04:00,17.299999237060547,17.34000015258789,17.260000228881836,17.2987003326416,233107,0.0,0.0,0.0
2024-08-06 13:00:00-04:00,17.299999237060547,17.34000015258789,17.200000762939453,17.280000686645508,108106,0.0,0.0,0.0
2024-08-06 13:05:00-04:00,17.28019905090332,17.359899520874023,17.259899139404297,17.3218994140625,370296,0.0,0.0,0.0
2024-08-06 13:10:00-04:00,17.328800201416016,17.37030029296875,17.25,17.295000076293945,270571,0.0,0.0,0.0
2024-08-06 13:15:00-04:00,17.290000915527344,17.350000381469727,17.250099182128906,17.32990074157715,221660,0.0,0.0,0.0
2024-08-06 13:20:00-04:00,17.309999465942383,17.33099937438965,17.25,17.315000534057617,261913,0.0,0.0,0.0
2024-08-06 13:25:00-04:00,17.315000534057617,17.320100784301758,17.200000762939453,17.204999923706055,191100,0.0,0.0,0.0
2024-08-06 13:30:00-04:00,17.174999237060547,17.20989990234375,17.149999618530273,17.18899917602539,227233,0.0,0.0,0.0
2024-08-06 13:35:00-04:00,17.182100296020508,17.219999313354492,17.1200008392334,17.137100219726562,151586,0.0,0.0,0.0
2024-08-06 13:40:00-04:00,17.1299991607666,17.25,17.100000381469727,17.170000076293945,207709,0.0,0.0,0.0
2024-08-06 13:45:00-04:00,17.18000030517578,17.280000686645508,17.149999618530273,17.170000076293945,238182,0.0,0.0,0.0
2024-08-06 13:50:00-04:00,17.165000915527344,17.219900131225586,17.1200008392334,17.1299991607666,108309,0.0,0.0,0.0
2024-08-06 13:55:00-04:00,17.1299991607666,17.139999389648438,17.049999237060547,17.125,160254,0.0,0.0,0.0
2024-08-06 14:00:00-04:00,17.110000610351562,17.149999618530273,17.094999313354492,17.1299991607666,128906,0.0,0.0,0.0
2024-08-06 14:05:00-04:00,17.1200008392334,17.190000534057617,17.100299835205078,17.139999389648438,356566,0.0,0.0,0.0
2024-08-06 14:10:00-04:00,17.145000457763672,17.165000915527344,17.079999923706055,17.100000381469727,79776,0.0,0.0,0.0
2024-08-06 14:15:00-04:00,17.109899520874023,17.109899520874023,16.959999084472656,16.959999084472656,290497,0.0,0.0,0.0
2024-08-06 14:20:00-04:00,16.959999084472656,16.978500366210938,16.8700008392334,16.895000457763672,257019,0.0,0.0,0.0
2024-08-06 14:25:00-04:00,16.890399932861328,16.940000534057617,16.8799991607666,16.889999389648438,214950,0.0,0.0,0.0
2024-08-06 14:30:00-04:00,16.915000915527344,16.979999542236328,16.86009979248047,16.875,302316,0.0,0.0,0.0
2024-08-06 14:35:00-04:00,16.88990020751953,16.90999984741211,16.799999237060547,16.825000762939453,391142,0.0,0.0,0.0
2024-08-06 14:40:00-04:00,16.81999969482422,16.91200065612793,16.81999969482422,16.900100708007812,216458,0.0,0.0,0.0
2024-08-06 14:45:00-04:00,16.889999389648438,16.93000030517578,16.84000015258789,16.870500564575195,335841,0.0,0.0,0.0
2024-08-06 14:50:00-04:00,16.8700008392334,16.92889976501465,16.841100692749023,16.920000076293945,200941,0.0,0.0,0.0
2024-08-06 14:55:00-04:00,16.915000915527344,17.166900634765625,16.90999984741211,17.15999984741211,510799,0.0,0.0,0.0
2024-08-06 15:00:00-04:00,17.160200119018555,17.31999969482422,17.149999618530273,17.299999237060547,480491,0.0,0.0,0.0
2024-08-06 15:05:00-04:00,17.290000915527344,17.439599990844727,17.25,17.325000762939453,618798,0.0,0.0,0.0
2024-08-06 15:10:00-04:00,17.329999923706055,17.34000015258789,17.200000762939453,17.260000228881836,204810,0.0,0.0,0.0
2024-08-06 15:15:00-04:00,17.264999389648438,17.399999618530273,17.2450008392334,17.309999465942383,175617,0.0,0.0,0.0
2024-08-06 15:20:00-04:00,17.309999465942383,17.329999923706055,17.104999542236328,17.117900848388672,310309,0.0,0.0,0.0
2024-08-06 15:25:00-04:00,17.1299991607666,17.274999618530273,17.100000381469727,17.2450008392334,301841,0.0,0.0,0.0
2024-08-06 15:30:00-04:00,17.243000030517578,17.309999465942383,17.190099716186523,17.229999542236328,207071,0.0,0.0,0.0
2024-08-06 15:35:00-04:00,17.239999771118164,17.280000686645508,17.209999084472656,17.230100631713867,195039,0.0,0.0,0.0
2024-08-06 15:40:00-04:00,17.2450008392334,17.349899291992188,17.209999084472656,17.349899291992188,351292,0.0,0.0,0.0
2024-08-06 15:45:00-04:00,17.350000381469727,17.459999084472656,17.309999465942383,17.443099975585938,338676,0.0,0.0,0.0
2024-08-06 15:50:00-04:00,17.450000762939453,17.549999237060547,17.3700008392334,17.5049991607666,526954,0.0,0.0,0.0
2024-08-06 15:55:00-04:00,17.5,17.55500030517578,17.469999313354492,17.540000915527344,849397,0.0,0.0,0.0
2024-08-07 09:30:00-04:00,16.670000076293945,17.03499984741211,16.65999984741211,16.94879913330078,3034578,0.0,0.0,0.0
2024-08-07 09:35:00-04:00,16.940000534057617,17.024999618530273,16.759899139404297,16.84000015258789,968410,0.0,0.0,0.0
2024-08-07 09:40:00-04:00,16.820199966430664,16.905000686645508,16.75,16.813199996948242,664706,0.0,0.0,0.0
2024-08-07 09:45:00-04:00,16.799999237060547,16.934999465942383,16.710800170898438,16.790000915527344,831291,0.0,0.0,0.0
2024-08-07 09:50:00-04:00,16.790000915527344,16.91990089416504,16.75,16.774999618530273,433720,0.0,0.0,0.0
2024-08-07 09:55:00-04:00,16.774999618530273,16.820100784301758,16.704999923706055,16.71500015258789,670730,0.0,0.0,0.0
2024-08-07 10:00:00-04:00,16.729999542236328,16.985000610351562,16.670000076293945,16.975000381469727,506085,0.0,0.0,0.0
2024-08-07 10:05:00-04:00,16.989999771118164,17.03499984741211,16.81999969482422,16.850099563598633,423789,0.0,0.0,0.0
2024-08-07 10:10:00-04:00,16.859899520874023,17.030000686645508,16.84000015258789,17.030000686645508,407695,0.0,0.0,0.0
2024-08-07 10:15:00-04:00,17.040000915527344,17.190099716186523,16.949899673461914,17.149999618530273,552347,0.0,0.0,0.0
2024-08-07 10:20:00-04:00,17.1299991607666,17.149799346923828,16.969999313354492,17.059999465942383,378406,0.0,0.0,0.0
2024-08-07 10:25:00-04:00,17.059999465942383,17.29990005493164,17.059999465942383,17.26099967956543,391920,0.0,0.0,0.0
2024-08-07 10:30:00-04:00,17.260000228881836,17.30500030517578,17.120500564575195,17.239900588989258,401446,0.0,0.0,0.0
2024-08-07 10:35:00-04:00,17.239999771118164,17.30500030517578,17.16990089416504,17.295700073242188,349603,0.0,0.0,0.0
2024-08-07 10:40:00-04:00,17.290000915527344,17.290199279785156,17.03499984741211,17.03499984741211,301709,0.0,0.0,0.0
2024-08-07 10:45:00-04:00,17.030000686645508,17.049999237060547,16.899999618530273,16.989900588989258,347540,0.0,0.0,0.0
2024-08-07 10:50:00-04:00,16.979999542236328,17.099000930786133,16.969900131225586,17.069900512695312,301388,0.0,0.0,0.0
2024-08-07 10:55:00-04:00,17.065000534057617,17.1200008392334,16.990100860595703,17.094999313354492,276952,0.0,0.0,0.0
2024-08-07 11:00:00-04:00,17.09000015258789,17.139999389648438,17.014999389648438,17.040000915527344,197018,0.0,0.0,0.0
2024-08-07 11:05:00-04:00,17.049999237060547,17.049999237060547,16.93000030517578,16.940000534057617,201940,0.0,0.0,0.0
2024-08-07 11:10:00-04:00,16.950000762939453,17.08989906311035,16.940000534057617,17.059999465942383,209633,0.0,0.0,0.0
2024-08-07 11:15:00-04:00,17.069799423217773,17.200000762939453,16.989999771118164,17.171100616455078,336723,0.0,0.0,0.0
2024-08-07 11:20:00-04:00,17.180099487304688,17.200000762939453,17.11989974975586,17.15060043334961,151084,0.0,0.0,0.0
2024-08-07 11:25:00-04:00,17.15999984741211,17.20009994506836,17.1299991607666,17.145000457763672,143409,0.0,0.0,0.0
2024-08-07 11:30:00-04:00,17.135000228881836,17.149900436401367,17.05500030517578,17.094999313354492,166788,0.0,0.0,0.0
2024-08-07 11:35:00-04:00,17.030099868774414,17.14889907836914,17.020000457763672,17.14889907836914,220279,0.0,0.0,0.0
2024-08-07 11:40:00-04:00,17.149999618530273,17.309999465942383,17.125,17.299999237060547,460596,0.0,0.0,0.0
2024-08-07 11:45:00-04:00,17.309999465942383,17.450000762939453,17.295000076293945,17.329999923706055,367502,0.0,0.0,0.0
2024-08-07 11:50:00-04:00,17.329999923706055,17.360000610351562,17.22010040283203,17.276599884033203,140124,0.0,0.0,0.0
2024-08-07 11:55:00-04:00,17.289899826049805,17.290000915527344,17.225000381469727,17.270000457763672,186856,0.0,0.0,0.0
2024-08-07 12:00:00-04:00,17.260000228881836,17.450000762939453,17.229999542236328,17.43899917602539,273552,0.0,0.0,0.0
2024-08-07 12:05:00-04:00,17.440000534057617,17.459999084472656,17.329999923706055,17.3700008392334,215427,0.0,0.0,0.0
2024-08-07 12:10:00-04:00,17.38990020751953,17.38990020751953,17.251100540161133,17.280000686645508,277021,0.0,0.0,0.0
2024-08-07 12:15:00-04:00,17.299999237060547,17.344999313354492,17.25119972229004,17.329999923706055,144536,0.0,0.0,0.0
2024-08-07 12:20:00-04:00,17.34000015258789,17.360000610351562,17.229999542236328,17.242799758911133,161507,0.0,0.0,0.0
2024-08-07 12:25:00-04:00,17.25,17.290000915527344,17.209999084472656,17.240100860595703,139928,0.0,0.0,0.0
2024-08-07 12:30:00-04:00,17.25,17.34000015258789,17.25,17.28499984741211,180139,0.0,0.0,0.0
2024-08-07 12:35:00-04:00,17.280000686645508,17.34000015258789,17.25,17.31999969482422,81231,0.0,0.0,0.0
2024-08-07 12:40:00-04:00,17.309999465942383,17.424999237060547,17.270000457763672,17.420000076293945,183109,0.0,0.0,0.0
2024-08-07 12:45:00-04:00,17.4197998046875,17.559799194335938,17.3700008392334,17.559600830078125,278999,0.0,0.0,0.0
2024-08-07 12:50:00-04:00,17.549999237060547,17.670000076293945,17.500600814819336,17.600000381469727,323445,0.0,0.0,0.0
2024-08-07 12:55:00-04:00,17.600099563598633,17.639999389648438,17.512500762939453,17.599899291992188,183329,0.0,0.0,0.0
2024-08-07 13:00:00-04:00,17.59000015258789,17.709999084472656,17.540000915527344,17.69969940185547,341956,0.0,0.0,0.0
2024-08-07 13:05:00-04:00,17.71500015258789,17.889999389648438,17.69499969482422,17.8700008392334,389854,0.0,0.0,0.0
2024-08-07 13:10:00-04:00,17.8700008392334,17.8799991607666,17.770000457763672,17.81999969482422,293680,0.0,0.0,0.0
2024-08-07 13:15:00-04:00,17.81999969482422,17.969900131225586,17.809999465942383,17.920000076293945,273812,0.0,0.0,0.0
2024-08-07 13:20:00-04:00,17.920000076293945,17.920000076293945,17.760000228881836,17.77989959716797,261967,0.0,0.0,0.0
2024-08-07 13:25:00-04:00,17.780000686645508,17.815000534057617,17.670000076293945,17.815000534057617,297537,0.0,0.0,0.0
2024-08-07 13:30:00-04:00,17.809999465942383,17.809999465942383,17.70989990234375,17.709999084472656,171283,0.0,0.0,0.0
2024-08-07 13:35:00-04:00,17.709999084472656,17.760000228881836,17.655000686645508,17.75,120178,0.0,0.0,0.0
2024-08-07 13:40:00-04:00,17.75,17.84000015258789,17.735000610351562,17.83009910583496,235754,0.0,0.0,0.0
2024-08-07 13:45:00-04:00,17.829999923706055,17.969999313354492,17.790000915527344,17.950000762939453,235488,0.0,0.0,0.0
2024-08-07 13:50:00-04:00,17.940000534057617,18.0,17.899999618530273,17.940000534057617,203426,0.0,0.0,0.0
2024-08-07 13:55:00-04:00,17.950000762939453,18.084999084472656,17.940000534057617,17.989999771118164,305643,0.0,0.0,0.0
2024-08-07 14:00:00-04:00,17.989999771118164,18.019899368286133,17.92009925842285,17.959999084472656,457383,0.0,0.0,0.0
2024-08-07 14:05:00-04:00,17.959999084472656,18.110000610351562,17.92009925842285,18.100000381469727,254258,0.0,0.0,0.0
2024-08-07 14:10:00-04:00,18.100000381469727,18.21500015258789,18.06999969482422,18.20989990234375,181470,0.0,0.0,0.0
2024-08-07 14:15:00-04:00,18.209999084472656,18.260000228881836,18.1299991607666,18.225000381469727,372183,0.0,0.0,0.0
2024-08-07 14:20:00-04:00,18.219999313354492,18.229999542236328,18.141000747680664,18.229900360107422,186599,0.0,0.0,0.0
2024-08-07 14:25:00-04:00,18.219999313354492,18.22010040283203,18.104999542236328,18.170000076293945,193103,0.0,0.0,0.0
2024-08-07 14:30:00-04:00,18.18000030517578,18.239999771118164,18.149999618530273,18.20989990234375,231705,0.0,0.0,0.0
2024-08-07 14:35:00-04:00,18.209999084472656,18.2549991607666,18.15999984741211,18.19499969482422,101650,0.0,0.0,0.0
2024-08-07 14:40:00-04:00,18.200000762939453,18.219999313354492,18.11009979248047,18.170000076293945,173945,0.0,0.0,0.0
2024-08-07 14:45:00-04:00,18.15999984741211,18.29990005493164,18.09000015258789,18.219999313354492,361919,0.0,0.0,0.0
2024-08-07 14:50:00-04:00,18.219999313354492,18.280000686645508,18.211299896240234,18.2450008392334,345364,0.0,0.0,0.0
2024-08-07 14:55:00-04:00,18.25,18.25,18.149999618530273,18.200000762939453,153976,0.0,0.0,0.0
2024-08-07 15:00:00-04:00,18.190000534057617,18.219999313354492,17.940000534057617,17.94499969482422,390047,0.0,0.0,0.0
2024-08-07 15:05:00-04:00,17.950000762939453,18.040000915527344,17.899999618530273,18.0,408523,0.0,0.0,0.0
2024-08-07 15:10:00-04:00,17.989999771118164,18.079999923706055,17.920000076293945,18.065000534057617,164081,0.0,0.0,0.0
2024-08-07 15:15:00-04:00,18.059999465942383,18.059999465942383,17.962900161743164,17.979999542236328,174576,0.0,0.0,0.0
2024-08-07 15:20:00-04:00,17.969999313354492,18.024999618530273,17.913000106811523,18.0,196144,0.0,0.0,0.0
2024-08-07 15:25:00-04:00,18.014999389648438,18.040000915527344,17.975000381469727,17.975000381469727,145702,0.0,0.0,0.0
2024-08-07 15:30:00-04:00,17.989999771118164,18.059999465942383,17.959999084472656,18.040000915527344,520359,0.0,0.0,0.0
2024-08-07 15:35:00-04:00,18.040000915527344,18.04960060119629,17.899999618530273,17.959999084472656,361650,0.0,0.0,0.0
2024-08-07 15:40:00-04:00,17.959999084472656,18.088699340820312,17.954999923706055,18.040000915527344,329270,0.0,0.0,0.0
2024-08-07 15:45:00-04:00,18.049999237060547,18.059999465942383,17.959999084472656,17.969999313354492,207519,0.0,0.0,0.0
2024-08-07 15:50:00-04:00,17.969999313354492,18.190000534057617,17.959999084472656,18.18000030517578,686516,0.0,0.0,0.0
2024-08-07 15:55:00-04:00,18.170000076293945,18.288799285888672,18.149999618530273,18.170000076293945,630075,0.0,0.0,0.0
2024-08-08 09:30:00-04:00,17.549999237060547,17.829999923706055,17.530000686645508,17.700000762939453,2606009,0.0,0.0,0.0
2024-08-08 09:35:00-04:00,17.709999084472656,17.8700008392334,17.639999389648438,17.75,428416,0.0,0.0,0.0
2024-08-08 09:40:00-04:00,17.75,17.790000915527344,17.579999923706055,17.790000915527344,382215,0.0,0.0,0.0
2024-08-08 09:45:00-04:00,17.790000915527344,17.790000915527344,17.579999923706055,17.760099411010742,526761,0.0,0.0,0.0
2024-08-08 09:50:00-04:00,17.739999771118164,17.850000381469727,17.5,17.510000228881836,518683,0.0,0.0,0.0
2024-08-08 09:55:00-04:00,17.510000228881836,17.610000610351562,17.44499969482422,17.510000228881836,371972,0.0,0.0,0.0
2024-08-08 10:00:00-04:00,17.5,17.540000915527344,17.300100326538086,17.34000015258789,459501,0.0,0.0,0.0
2024-08-08 10:05:00-04:00,17.329999923706055,17.559999465942383,17.30030059814453,17.5,429830,0.0,0.0,0.0
2024-08-08 10:10:00-04:00,17.510099411010742,17.560100555419922,17.450000762939453,17.450000762939453,336658,0.0,0.0,0.0
2024-08-08 10:15:00-04:00,17.469999313354492,17.540000915527344,17.3700008392334,17.450000762939453,631596,0.0,0.0,0.0
2024-08-08 10:20:00-04:00,17.43000030517578,17.51810073852539,17.325000762939453,17.329999923706055,426155,0.0,0.0,0.0
2024-08-08 10:25:00-04:00,17.329999923706055,17.34869956970215,17.225000381469727,17.25,413471,0.0,0.0,0.0
2024-08-08 10:30:00-04:00,17.239999771118164,17.36989974975586,17.230499267578125,17.280000686645508,292315,0.0,0.0,0.0
2024-08-08 10:35:00-04:00,17.280000686645508,17.325000762939453,17.19029998779297,17.270000457763672,433931,0.0,0.0,0.0
2024-08-08 10:40:00-04:00,17.27199935913086,17.420000076293945,17.270099639892578,17.389999389648438,295071,0.0,0.0,0.0
2024-08-08 10:45:00-04:00,17.385799407958984,17.389999389648438,17.239999771118164,17.249500274658203,229337,0.0,0.0,0.0
2024-08-08 10:50:00-04:00,17.25,17.329999923706055,17.25,17.270000457763672,309926,0.0,0.0,0.0
2024-08-08 10:55:00-04:00,17.185699462890625,17.18779945373535,17.159900665283203,17.173999786376953,284838,0.0,0.0,0.0
2024-08-08 11:00:00-04:00,17.229999542236328,17.264999389648438,17.200000762939453,17.239999771118164,260826,0.0,0.0,0.0
2024-08-08 11:05:00-04:00,17.25,17.274999618530273,17.190000534057617,17.204999923706055,172563,0.0,0.0,0.0
2024-08-08 11:10:00-04:00,17.176000595092773,17.357999801635742,17.176000595092773,17.350000381469727,327876,0.0,0.0,0.0
2024-08-08 11:15:00-04:00,17.350000381469727,17.399999618530273,17.288000106811523,17.38990020751953,373943,0.0,0.0,0.0
2024-08-08 11:20:00-04:00,17.3799991607666,17.390100479125977,17.260000228881836,17.260000228881836,262038,0.0,0.0,0.0
2024-08-08 11:25:00-04:00,17.270000457763672,17.299999237060547,17.190000534057617,17.270000457763672,248947,0.0,0.0,0.0
2024-08-08 11:30:00-04:00,17.270000457763672,17.274999618530273,17.200000762939453,17.239999771118164,228760,0.0,0.0,0.0
2024-08-08 11:35:00-04:00,17.239999771118164,17.299999237060547,17.200000762939453,17.260099411010742,257097,0.0,0.0,0.0
2024-08-08 11:40:00-04:00,17.280000686645508,17.329999923706055,17.239999771118164,17.315000534057617,258788,0.0,0.0,0.0
2024-08-08 11:45:00-04:00,17.315000534057617,17.3700008392334,17.280000686645508,17.31999969482422,312723,0.0,0.0,0.0
2024-08-08 11:50:00-04:00,17.299999237060547,17.31999969482422,17.2091007232666,17.212900161743164,246098,0.0,0.0,0.0
2024-08-08 11:55:00-04:00,17.209999084472656,17.260099411010742,17.19099998474121,17.260000228881836,142447,0.0,0.0,0.0
2024-08-08 12:00:00-04:00,17.270000457763672,17.280000686645508,17.170000076293945,17.187000274658203,226417,0.0,0.0,0.0
2024-08-08 12:05:00-04:00,17.180299758911133,17.180299758911133,17.120100021362305,17.15999984741211,352114,0.0,0.0,0.0
2024-08-08 12:10:00-04:00,17.174999237060547,17.27039909362793,17.155000686645508,17.240299224853516,334494,0.0,0.0,0.0
2024-08-08 12:15:00-04:00,17.2450008392334,17.329999923706055,17.219999313354492,17.290000915527344,168332,0.0,0.0,0.0
2024-08-08 12:20:00-04:00,17.274999618530273,17.274999618530273,17.209999084472656,17.229900360107422,155099,0.0,0.0,0.0
2024-08-08 12:25:00-04:00,17.219999313354492,17.268800735473633,17.200199127197266,17.2450008392334,84500,0.0,0.0,0.0
2024-08-08 12:30:00-04:00,17.240100860595703,17.360000610351562,17.23110008239746,17.354999542236328,279171,0.0,0.0,0.0
2024-08-08 12:35:00-04:00,17.350000381469727,17.469999313354492,17.34000015258789,17.42020034790039,400632,0.0,0.0,0.0
2024-08-08 12:40:00-04:00,17.420000076293945,17.424999237060547,17.334999084472656,17.34000015258789,395254,0.0,0.0,0.0
2024-08-08 12:45:00-04:00,17.34000015258789,17.350000381469727,17.229999542236328,17.229999542236328,123020,0.0,0.0,0.0
2024-08-08 12:50:00-04:00,17.239999771118164,17.309999465942383,17.219999313354492,17.23870086669922,245179,0.0,0.0,0.0
2024-08-08 12:55:00-04:00,17.239999771118164,17.309999465942383,17.219999313354492,17.299999237060547,188253,0.0,0.0,0.0
2024-08-08 13:00:00-04:00,17.280099868774414,17.389999389648438,17.270000457763672,17.3799991607666,406881,0.0,0.0,0.0
2024-08-08 13:05:00-04:00,17.3700008392334,17.450000762939453,17.299999237060547,17.329999923706055,281130,0.0,0.0,0.0
2024-08-08 13:10:00-04:00,17.29129981994629,17.329999923706055,17.201499938964844,17.2096004486084,137966,0.0,0.0,0.0
2024-08-08 13:15:00-04:00,17.21500015258789,17.239999771118164,17.1299991607666,17.1299991607666,196265,0.0,0.0,0.0
2024-08-08 13:20:00-04:00,17.099899291992188,17.109899520874023,17.059999465942383,17.08009910583496,368658,0.0,0.0,0.0
2024-08-08 13:25:00-04:00,17.084999084472656,17.09000015258789,16.981599807739258,16.981599807739258,294110,0.0,0.0,0.0
2024-08-08 13:30:00-04:00,16.979999542236328,17.008699417114258,16.91010093688965,16.940000534057617,294839,0.0,0.0,0.0
2024-08-08 13:35:00-04:00,16.949800491333008,17.0,16.924999237060547,16.9512996673584,283242,0.0,0.0,0.0
2024-08-08 13:40:00-04:00,16.959999084472656,16.979999542236328,16.93000030517578,16.979999542236328,179666,0.0,0.0,0.0
2024-08-08 13:45:00-04:00,16.969999313354492,17.0,16.94499969482422,16.981399536132812,133303,0.0,0.0,0.0
2024-08-08 13:50:00-04:00,16.989999771118164,17.020000457763672,16.959999084472656,16.989999771118164,250763,0.0,0.0,0.0
2024-08-08 13:55:00-04:00,16.999900817871094,17.059900283813477,16.999900817871094,17.030000686645508,212287,0.0,0.0,0.0
2024-08-08 14:00:00-04:00,17.049999237060547,17.06879997253418,16.959999084472656,16.959999084472656,207147,0.0,0.0,0.0
2024-08-08 14:05:00-04:00,16.959999084472656,17.020000457763672,16.93239974975586,17.007099151611328,220059,0.0,0.0,0.0
2024-08-08 14:10:00-04:00,17.010000228881836,17.020000457763672,16.950000762939453,16.950000762939453,71498,0.0,0.0,0.0
2024-08-08 14:15:00-04:00,16.959999084472656,16.979999542236328,16.90999984741211,16.91670036315918,143943,0.0,0.0,0.0
2024-08-08 14:20:00-04:00,16.90999984741211,16.959999084472656,16.899999618530273,16.899999618530273,233286,0.0,0.0,0.0
2024-08-08 14:25:00-04:00,16.899999618530273,17.030000686645508,16.899700164794922,16.975000381469727,265797,0.0,0.0,0.0
2024-08-08 14:30:00-04:00,16.969999313354492,16.969999313354492,16.889999389648438,16.899999618530273,297730,0.0,0.0,0.0
2024-08-08 14:35:00-04:00,16.90999984741211,16.989999771118164,16.909900665283203,16.979999542236328,191940,0.0,0.0,0.0
2024-08-08 14:40:00-04:00,16.985000610351562,17.059999465942383,16.979999542236328,17.000099182128906,237594,0.0,0.0,0.0
2024-08-08 14:45:00-04:00,17.001699447631836,17.014999389648438,16.950000762939453,16.970199584960938,103420,0.0,0.0,0.0
2024-08-08 14:50:00-04:00,16.978599548339844,17.0,16.934999465942383,16.950000762939453,189732,0.0,0.0,0.0
2024-08-08 14:55:00-04:00,16.954999923706055,16.985000610351562,16.920000076293945,16.985000610351562,195660,0.0,0.0,0.0
2024-08-08 15:00:00-04:00,16.979999542236328,17.055999755859375,16.959999084472656,17.042400360107422,266973,0.0,0.0,0.0
2024-08-08 15:05:00-04:00,17.049999237060547,17.07990074157715,16.889999389648438,16.899999618530273,371949,0.0,0.0,0.0
2024-08-08 15:10:00-04:00,16.90999984741211,16.915000915527344,16.849899291992188,16.8799991607666,482839,0.0,0.0,0.0
2024-08-08 15:15:00-04:00,16.8799991607666,16.940000534057617,16.84000015258789,16.93000030517578,300198,0.0,0.0,0.0
2024-08-08 15:20:00-04:00,16.915000915527344,16.940000534057617,16.84000015258789,16.88990020751953,237126,0.0,0.0,0.0
2024-08-08 15:25:00-04:00,16.88050079345703,16.985000610351562,16.870100021362305,16.963699340820312,668471,0.0,0.0,0.0
2024-08-08 15:30:00-04:00,16.959999084472656,17.079999923706055,16.940000534057617,17.030000686645508,874752,0.0,0.0,0.0
2024-08-08 15:35:00-04:00,17.020000457763672,17.1299991607666,17.019899368286133,17.08970069885254,465568,0.0,0.0,0.0
2024-08-08 15:40:00-04:00,17.079999923706055,17.079999923706055,16.959999084472656,16.960100173950195,332453,0.0,0.0,0.0
2024-08-08 15:45:00-04:00,16.969999313354492,17.030000686645508,16.940099716186523,17.02989959716797,421665,0.0,0.0,0.0
2024-08-08 15:50:00-04:00,17.020000457763672,17.09000015258789,16.951000213623047,17.010000228881836,649555,0.0,0.0,0.0
2024-08-08 15:55:00-04:00,17.010000228881836,17.070100784301758,16.875,16.8799991607666,517708,0.0,0.0,0.0
2024-08-09 09:30:00-04:00,16.850000381469727,17.059200286865234,16.850000381469727,17.0049991607666,2141465,0.0,0.0,0.0
2024-08-09 09:35:00-04:00,17.01099967956543,17.09000015258789,16.889999389648438,16.969999313354492,550527,0.0,0.0,0.0
2024-08-09 09:40:00-04:00,16.979999542236328,17.1299991607666,16.969999313354492,17.1299991607666,360818,0.0,0.0,0.0
2024-08-09 09:45:00-04:00,17.1200008392334,17.239999771118164,17.020000457763672,17.219999313354492,593130,0.0,0.0,0.0
2024-08-09 09:50:00-04:00,17.219999313354492,17.25,17.049999237060547,17.049999237060547,571613,0.0,0.0,0.0
2024-08-09 09:55:00-04:00,17.045000076293945,17.139999389648438,17.045000076293945,17.09000015258789,364512,0.0,0.0,0.0
2024-08-09 10:00:00-04:00,17.094999313354492,17.197200775146484,16.969999313354492,16.979999542236328,649733,0.0,0.0,0.0
2024-08-09 10:05:00-04:00,16.979999542236328,17.135000228881836,16.950000762939453,17.1299991607666,421913,0.0,0.0,0.0
2024-08-09 10:10:00-04:00,17.1200008392334,17.125,16.899999618530273,16.934999465942383,432585,0.0,0.0,0.0
2024-08-09 10:15:00-04:00,16.950000762939453,17.09000015258789,16.93000030517578,17.08989906311035,500747,0.0,0.0,0.0
2024-08-09 10:20:00-04:00,17.079999923706055,17.110000610351562,17.020099639892578,17.08989906311035,340858,0.0,0.0,0.0
2024-08-09 10:25:00-04:00,17.059999465942383,17.110000610351562,17.030000686645508,17.059999465942383,337154,0.0,0.0,0.0
2024-08-09 10:30:00-04:00,17.059999465942383,17.21929931640625,17.059999465942383,17.170000076293945,504669,0.0,0.0,0.0
2024-08-09 10:35:00-04:00,17.170000076293945,17.219999313354492,17.059999465942383,17.1200008392334,421167,0.0,0.0,0.0
2024-08-09 10:40:00-04:00,17.100000381469727,17.139999389648438,17.010000228881836,17.1299991607666,455069,0.0,0.0,0.0
2024-08-09 10:45:00-04:00,17.1200008392334,17.165000915527344,17.04010009765625,17.129899978637695,452858,0.0,0.0,0.0
2024-08-09 10:50:00-04:00,17.139999389648438,17.139999389648438,17.020000457763672,17.059999465942383,425269,0.0,0.0,0.0
2024-08-09 10:55:00-04:00,17.059999465942383,17.110000610351562,16.969999313354492,17.06999969482422,444359,0.0,0.0,0.0
2024-08-09 11:00:00-04:00,17.079999923706055,17.079999923706055,16.979999542236328,16.979999542236328,236425,0.0,0.0,0.0
2024-08-09 11:05:00-04:00,16.989999771118164,17.009899139404297,16.900100708007812,16.969999313354492,275677,0.0,0.0,0.0
2024-08-09 11:10:00-04:00,16.969999313354492,17.020000457763672,16.959999084472656,16.989999771118164,271553,0.0,0.0,0.0
2024-08-09 11:15:00-04:00,16.989999771118164,16.989999771118164,16.920000076293945,16.940000534057617,194250,0.0,0.0,0.0
2024-08-09 11:20:00-04:00,16.940000534057617,17.030000686645508,16.940000534057617,17.0049991607666,322217,0.0,0.0,0.0
2024-08-09 11:25:00-04:00,17.0,17.139999389648438,16.969999313354492,17.139999389648438,280295,0.0,0.0,0.0
2024-08-09 11:30:00-04:00,17.139999389648438,17.15999984741211,17.100000381469727,17.1200008392334,276354,0.0,0.0,0.0
2024-08-09 11:35:00-04:00,17.149999618530273,17.200000762939453,17.1200008392334,17.18000030517578,340776,0.0,0.0,0.0
2024-08-09 11:40:00-04:00,17.170000076293945,17.20989990234375,17.1299991607666,17.180099487304688,202262,0.0,0.0,0.0
2024-08-09 11:45:00-04:00,17.18000030517578,17.18400001525879,17.1200008392334,17.139999389648438,252142,0.0,0.0,0.0
2024-08-09 11:50:00-04:00,17.139999389648438,17.184999465942383,17.1200008392334,17.13990020751953,152740,0.0,0.0,0.0
2024-08-09 11:55:00-04:00,17.149999618530273,17.299999237060547,17.143999099731445,17.269800186157227,550102,0.0,0.0,0.0
2024-08-09 12:00:00-04:00,17.260000228881836,17.28499984741211,17.229900360107422,17.270999908447266,224278,0.0,0.0,0.0
2024-08-09 12:05:00-04:00,17.27989959716797,17.320100784301758,17.239999771118164,17.29990005493164,199624,0.0,0.0,0.0
2024-08-09 12:10:00-04:00,17.299999237060547,17.359899520874023,17.293100357055664,17.344999313354492,302055,0.0,0.0,0.0
2024-08-09 12:15:00-04:00,17.344999313354492,17.376699447631836,17.309999465942383,17.31999969482422,252662,0.0,0.0,0.0
2024-08-09 12:20:00-04:00,17.31999969482422,17.360000610351562,17.290000915527344,17.360000610351562,360649,0.0,0.0,0.0
2024-08-09 12:25:00-04:00,17.350000381469727,17.350000381469727,17.239099502563477,17.248699188232422,245105,0.0,0.0,0.0
2024-08-09 12:30:00-04:00,17.25,17.260000228881836,17.18000030517578,17.219999313354492,304515,0.0,0.0,0.0
2024-08-09 12:35:00-04:00,17.209999084472656,17.209999084472656,17.139999389648438,17.156200408935547,302825,0.0,0.0,0.0
2024-08-09 12:40:00-04:00,17.155000686645508,17.1742000579834,17.110000610351562,17.1200008392334,282460,0.0,0.0,0.0
2024-08-09 12:45:00-04:00,17.125,17.174999237060547,17.110000610351562,17.114999771118164,273138,0.0,0.0,0.0
2024-08-09 12:50:00-04:00,17.115100860595703,17.219999313354492,17.09000015258789,17.209999084472656,490900,0.0,0.0,0.0
2024-08-09 12:55:00-04:00,17.209999084472656,17.2101993560791,17.100000381469727,17.100000381469727,199320,0.0,0.0,0.0
2024-08-09 13:00:00-04:00,17.100000381469727,17.1200008392334,17.049999237060547,17.059900283813477,312435,0.0,0.0,0.0
2024-08-09 13:05:00-04:00,17.060100555419922,17.104999542236328,17.05500030517578,17.059999465942383,216520,0.0,0.0,0.0
2024-08-09 13:10:00-04:00,17.049999237060547,17.06999969482422,16.989999771118164,16.989999771118164,290382,0.0,0.0,0.0
2024-08-09 13:15:00-04:00,16.989999771118164,17.0,16.9325008392334,16.940000534057617,244924,0.0,0.0,0.0
2024-08-09 13:20:00-04:00,16.93000030517578,16.979999542236328,16.920000076293945,16.9601993560791,240593,0.0,0.0,0.0
2024-08-09 13:25:00-04:00,16.96500015258789,16.969999313354492,16.8799991607666,16.8799991607666,321732,0.0,0.0,0.0
2024-08-09 13:30:00-04:00,16.875,16.915000915527344,16.84000015258789,16.854999542236328,323711,0.0,0.0,0.0
2024-08-09 13:35:00-04:00,16.850000381469727,16.88990020751953,16.844999313354492,16.8700008392334,182383,0.0,0.0,0.0
2024-08-09 13:40:00-04:00,16.860000610351562,16.975000381469727,16.853700637817383,16.96500015258789,358397,0.0,0.0,0.0
2024-08-09 13:45:00-04:00,16.95989990234375,16.999900817871094,16.940000534057617,16.985000610351562,224514,0.0,0.0,0.0
2024-08-09 13:50:00-04:00,16.979999542236328,17.104999542236328,16.970800399780273,17.049999237060547,317067,0.0,0.0,0.0
2024-08-09 13:55:00-04:00,17.049999237060547,17.099899291992188,17.037099838256836,17.09000015258789,177087,0.0,0.0,0.0
2024-08-09 14:00:00-04:00,17.084999084472656,17.100000381469727,17.03499984741211,17.059999465942383,303518,0.0,0.0,0.0
2024-08-09 14:05:00-04:00,17.04210090637207,17.075000762939453,16.954999923706055,16.959999084472656,201799,0.0,0.0,0.0
2024-08-09 14:10:00-04:00,16.95989990234375,17.09000015258789,16.95989990234375,17.059999465942383,383019,0.0,0.0,0.0
2024-08-09 14:15:00-04:00,17.059999465942383,17.125900268554688,17.045000076293945,17.079999923706055,226465,0.0,0.0,0.0
2024-08-09 14:20:00-04:00,17.06999969482422,17.100000381469727,17.049999237060547,17.09040069580078,57885,0.0,0.0,0.0
2024-08-09 14:25:00-04:00,17.09000015258789,17.11989974975586,17.059999465942383,17.09000015258789,183661,0.0,0.0,0.0
2024-08-09 14:30:00-04:00,17.09000015258789,17.143999099731445,17.06999969482422,17.1299991607666,201502,0.0,0.0,0.0
2024-08-09 14:35:00-04:00,17.1299991607666,17.150100708007812,17.049999237060547,17.059900283813477,189792,0.0,0.0,0.0
2024-08-09 14:40:00-04:00,17.05500030517578,17.059999465942383,17.010000228881836,17.02989959716797,249238,0.0,0.0,0.0
2024-08-09 14:45:00-04:00,17.020000457763672,17.048599243164062,16.97570037841797,17.020099639892578,183446,0.0,0.0,0.0
2024-08-09 14:50:00-04:00,17.030000686645508,17.104999542236328,17.030000686645508,17.079999923706055,227773,0.0,0.0,0.0
2024-08-09 14:55:00-04:00,17.06999969482422,17.1299991607666,17.024999618530273,17.03969955444336,225343,0.0,0.0,0.0
2024-08-09 15:00:00-04:00,17.040000915527344,17.075000762939453,17.020000457763672,17.059999465942383,182494,0.0,0.0,0.0
2024-08-09 15:05:00-04:00,17.06999969482422,17.108200073242188,17.045000076293945,17.072599411010742,150167,0.0,0.0,0.0
2024-08-09 15:10:00-04:00,17.09000015258789,17.09000015258789,17.045000076293945,17.07990074157715,211477,0.0,0.0,0.0
2024-08-09 15:15:00-04:00,17.079999923706055,17.079999923706055,17.020000457763672,17.030000686645508,197183,0.0,0.0,0.0
2024-08-09 15:20:00-04:00,17.039899826049805,17.127300262451172,17.03969955444336,17.094999313354492,303346,0.0,0.0,0.0
2024-08-09 15:25:00-04:00,17.099899291992188,17.109899520874023,16.9950008392334,17.030000686645508,205326,0.0,0.0,0.0
2024-08-09 15:30:00-04:00,17.040000915527344,17.042800903320312,16.989999771118164,17.020000457763672,208519,0.0,0.0,0.0
2024-08-09 15:35:00-04:00,17.010000228881836,17.09000015258789,16.975000381469727,17.070100784301758,252972,0.0,0.0,0.0
2024-08-09 15:40:00-04:00,17.06999969482422,17.084999084472656,17.045000076293945,17.079999923706055,296437,0.0,0.0,0.0
2024-08-09 15:45:00-04:00,17.079999923706055,17.087200164794922,17.0,17.020000457763672,184169,0.0,0.0,0.0
2024-08-09 15:50:00-04:00,17.020000457763672,17.114999771118164,17.0,17.100000381469727,477833,0.0,0.0,0.0
2024-08-09 15:55:00-04:00,17.100000381469727,17.110000610351562,16.98430061340332,17.014999389648438,510093,0.0,0.0,0.0
2024-08-12 09:30:00-04:00,16.969999313354492,17.15999984741211,16.875,17.094999313354492,1663449,0.0,0.0,0.0
2024-08-12 09:35:00-04:00,17.087499618530273,17.219900131225586,17.079999923706055,17.15999984741211,376454,0.0,0.0,0.0
2024-08-12 09:40:00-04:00,17.15999984741211,17.334999084472656,17.139999389648438,17.310100555419922,602247,0.0,0.0,0.0
2024-08-12 09:45:00-04:00,17.309999465942383,17.360000610351562,17.25,17.350000381469727,426749,0.0,0.0,0.0
2024-08-12 09:50:00-04:00,17.336000442504883,17.389999389648438,17.260000228881836,17.3700008392334,284644,0.0,0.0,0.0
2024-08-12 09:55:00-04:00,17.3700008392334,17.510000228881836,17.354999542236328,17.45009994506836,488070,0.0,0.0,0.0
2024-08-12 10:00:00-04:00,17.450000762939453,17.510000228881836,17.299999237060547,17.364999771118164,526612,0.0,0.0,0.0
2024-08-12 10:05:00-04:00,17.3700008392334,17.405000686645508,17.239999771118164,17.25,408111,0.0,0.0,0.0
2024-08-12 10:10:00-04:00,17.264999389648438,17.299999237060547,17.246599197387695,17.275100708007812,140102,0.0,0.0,0.0
2024-08-12 10:15:00-04:00,17.280000686645508,17.385000228881836,17.260099411010742,17.31999969482422,314229,0.0,0.0,0.0
2024-08-12 10:20:00-04:00,17.329999923706055,17.3799991607666,17.25,17.290000915527344,299227,0.0,0.0,0.0
2024-08-12 10:25:00-04:00,17.290000915527344,17.299999237060547,17.219999313354492,17.275100708007812,311267,0.0,0.0,0.0
2024-08-12 10:30:00-04:00,17.27989959716797,17.34000015258789,17.2549991607666,17.28499984741211,196404,0.0,0.0,0.0
2024-08-12 10:35:00-04:00,17.28499984741211,17.289199829101562,17.190000534057617,17.199399948120117,256951,0.0,0.0,0.0
2024-08-12 10:40:00-04:00,17.19499969482422,17.219999313354492,17.120100021362305,17.219999313354492,297381,0.0,0.0,0.0
2024-08-12 10:45:00-04:00,17.219900131225586,17.260000228881836,17.204999923706055,17.2450008392334,220166,0.0,0.0,0.0
2024-08-12 10:50:00-04:00,17.25,17.309999465942383,17.25,17.280000686645508,189663,0.0,0.0,0.0
2024-08-12 10:55:00-04:00,17.280000686645508,17.34000015258789,17.237600326538086,17.2450008392334,225606,0.0,0.0,0.0
2024-08-12 11:00:00-04:00,17.239999771118164,17.29990005493164,17.219999313354492,17.260000228881836,157799,0.0,0.0,0.0
2024-08-12 11:05:00-04:00,17.260000228881836,17.34000015258789,17.229999542236328,17.319900512695312,331123,0.0,0.0,0.0
2024-08-12 11:10:00-04:00,17.309499740600586,17.325000762939453,17.280000686645508,17.31999969482422,125328,0.0,0.0,0.0
2024-08-12 11:15:00-04:00,17.309999465942383,17.36989974975586,17.299999237060547,17.313100814819336,122061,0.0,0.0,0.0
2024-08-12 11:20:00-04:00,17.31999969482422,17.559999465942383,17.30419921875,17.555700302124023,241543,0.0,0.0,0.0
2024-08-12 11:25:00-04:00,17.549999237060547,17.59000015258789,17.459999084472656,17.46139907836914,275087,0.0,0.0,0.0
2024-08-12 11:30:00-04:00,17.479999542236328,17.55500030517578,17.479999542236328,17.524999618530273,268432,0.0,0.0,0.0
2024-08-12 11:35:00-04:00,17.520000457763672,17.579999923706055,17.510000228881836,17.575700759887695,117772,0.0,0.0,0.0
2024-08-12 11:40:00-04:00,17.56999969482422,17.649700164794922,17.54759979248047,17.565000534057617,362747,0.0,0.0,0.0
2024-08-12 11:45:00-04:00,17.56999969482422,17.6299991607666,17.559999465942383,17.56999969482422,169326,0.0,0.0,0.0
2024-08-12 11:50:00-04:00,17.584999084472656,17.59000015258789,17.460100173950195,17.465200424194336,271571,0.0,0.0,0.0
2024-08-12 11:55:00-04:00,17.459999084472656,17.499900817871094,17.389999389648438,17.41010093688965,192529,0.0,0.0,0.0
2024-08-12 12:00:00-04:00,17.420000076293945,17.44499969482422,17.385000228881836,17.43000030517578,193015,0.0,0.0,0.0
2024-08-12 12:05:00-04:00,17.439699172973633,17.510000228881836,17.415000915527344,17.5,176171,0.0,0.0,0.0
2024-08-12 12:10:00-04:00,17.5,17.530000686645508,17.479999542236328,17.479999542236328,101753,0.0,0.0,0.0
2024-08-12 12:15:00-04:00,17.475000381469727,17.537900924682617,17.475000381469727,17.509700775146484,55987,0.0,0.0,0.0
2024-08-12 12:20:00-04:00,17.5,17.539899826049805,17.475000381469727,17.510000228881836,35993,0.0,0.0,0.0
2024-08-12 12:25:00-04:00,17.489999771118164,17.559900283813477,17.489999771118164,17.520000457763672,74145,0.0,0.0,0.0
2024-08-12 12:30:00-04:00,17.523300170898438,17.559999465942383,17.479999542236328,17.54949951171875,67597,0.0,0.0,0.0
2024-08-12 12:35:00-04:00,17.549999237060547,17.56999969482422,17.490100860595703,17.5,83071,0.0,0.0,0.0
2024-08-12 12:40:00-04:00,17.489999771118164,17.559999465942383,17.4867000579834,17.519899368286133,128567,0.0,0.0,0.0
2024-08-12 12:45:00-04:00,17.503700256347656,17.503700256347656,17.459999084472656,17.5,107726,0.0,0.0,0.0
2024-08-12 12:50:00-04:00,17.510000228881836,17.540000915527344,17.479999542236328,17.49049949645996,51268,0.0,0.0,0.0
2024-08-12 12:55:00-04:00,17.490100860595703,17.600000381469727,17.490100860595703,17.600000381469727,183778,0.0,0.0,0.0
2024-08-12 13:00:00-04:00,17.610000610351562,17.65880012512207,17.56999969482422,17.575000762939453,141005,0.0,0.0,0.0
2024-08-12 13:05:00-04:00,17.610000610351562,17.61400032043457,17.579999923706055,17.584999084472656,69513,0.0,0.0,0.0
2024-08-12 13:10:00-04:00,17.579999923706055,17.609899520874023,17.549999237060547,17.559999465942383,91180,0.0,0.0,0.0
2024-08-12 13:15:00-04:00,17.53339958190918,17.559999465942383,17.469999313354492,17.480199813842773,139773,0.0,0.0,0.0
2024-08-12 13:20:00-04:00,17.48870086669922,17.48870086669922,17.410499572753906,17.450199127197266,185475,0.0,0.0,0.0
2024-08-12 13:25:00-04:00,17.459999084472656,17.537599563598633,17.450000762939453,17.459699630737305,109917,0.0,0.0,0.0
2024-08-12 13:30:00-04:00,17.450000762939453,17.454999923706055,17.381000518798828,17.385000228881836,91553,0.0,0.0,0.0
2024-08-12 13:35:00-04:00,17.38010025024414,17.43000030517578,17.38010025024414,17.389999389648438,102797,0.0,0.0,0.0
2024-08-12 13:40:00-04:00,17.3799991607666,17.454999923706055,17.3700008392334,17.434999465942383,122423,0.0,0.0,0.0
2024-08-12 13:45:00-04:00,17.440000534057617,17.469900131225586,17.40999984741211,17.469900131225586,64938,0.0,0.0,0.0
2024-08-12 13:50:00-04:00,17.469999313354492,17.540000915527344,17.460100173950195,17.510099411010742,356302,0.0,0.0,0.0
2024-08-12 13:55:00-04:00,17.491600036621094,17.510000228881836,17.479999542236328,17.485000610351562,174178,0.0,0.0,0.0
2024-08-12 14:00:00-04:00,17.5,17.510000228881836,17.431900024414062,17.450000762939453,77846,0.0,0.0,0.0
2024-08-12 14:05:00-04:00,17.44499969482422,17.48979949951172,17.44499969482422,17.475000381469727,48985,0.0,0.0,0.0
2024-08-12 14:10:00-04:00,17.480199813842773,17.480199813842773,17.40999984741211,17.440000534057617,120648,0.0,0.0,0.0
2024-08-12 14:15:00-04:00,17.43000030517578,17.475299835205078,17.43000030517578,17.475299835205078,140824,0.0,0.0,0.0
2024-08-12 14:20:00-04:00,17.479999542236328,17.487899780273438,17.434999465942383,17.487899780273438,37265,0.0,0.0,0.0
2024-08-12 14:25:00-04:00,17.489999771118164,17.489999771118164,17.450000762939453,17.489999771118164,24247,0.0,0.0,0.0
2024-08-12 14:30:00-04:00,17.4950008392334,17.520000457763672,17.489999771118164,17.500200271606445,53151,0.0,0.0,0.0
2024-08-12 14:35:00-04:00,17.510000228881836,17.510000228881836,17.450000762939453,17.459999084472656,29893,0.0,0.0,0.0
2024-08-12 14:40:00-04:00,17.470300674438477,17.4950008392334,17.449899673461914,17.454999923706055,46490,0.0,0.0,0.0
2024-08-12 14:45:00-04:00,17.450000762939453,17.485000610351562,17.440099716186523,17.459999084472656,30736,0.0,0.0,0.0
2024-08-12 14:50:00-04:00,17.459999084472656,17.459999084472656,17.42020034790039,17.44499969482422,30424,0.0,0.0,0.0
2024-08-12 14:55:00-04:00,17.44499969482422,17.469900131225586,17.421199798583984,17.44499969482422,20808,0.0,0.0,0.0
2024-08-12 15:00:00-04:00,17.448999404907227,17.479999542236328,17.448999404907227,17.459999084472656,50918,0.0,0.0,0.0
2024-08-12 15:05:00-04:00,17.459999084472656,17.51729965209961,17.459999084472656,17.5,46447,0.0,0.0,0.0
2024-08-12 15:10:00-04:00,17.519899368286133,17.519899368286133,17.450000762939453,17.46500015258789,69774,0.0,0.0,0.0
2024-08-12 15:15:00-04:00,17.479999542236328,17.479999542236328,17.420000076293945,17.43000030517578,56556,0.0,0.0,0.0
2024-08-12 15:20:00-04:00,17.413999557495117,17.46500015258789,17.413999557495117,17.450300216674805,49892,0.0,0.0,0.0
2024-08-12 15:25:00-04:00,17.43939971923828,17.440500259399414,17.395000457763672,17.43000030517578,68845,0.0,0.0,0.0
2024-08-12 15:30:00-04:00,17.427099227905273,17.450000762939453,17.40130043029785,17.44499969482422,83600,0.0,0.0,0.0
2024-08-12 15:35:00-04:00,17.43000030517578,17.510000228881836,17.420000076293945,17.479999542236328,89673,0.0,0.0,0.0
2024-08-12 15:40:00-04:00,17.479999542236328,17.520000457763672,17.479999542236328,17.514999389648438,123375,0.0,0.0,0.0
2024-08-12 15:45:00-04:00,17.520000457763672,17.53890037536621,17.503999710083008,17.509899139404297,131461,0.0,0.0,0.0
2024-08-12 15:50:00-04:00,17.510000228881836,17.600000381469727,17.485000610351562,17.545000076293945,534410,0.0,0.0,0.0
2024-08-12 15:55:00-04:00,17.549999237060547,17.560199737548828,17.450000762939453,17.454999923706055,385752,0.0,0.0,0.0
2024-08-13 09:30:00-04:00,17.1200008392334,17.299800872802734,17.08099937438965,17.18000030517578,2127342,0.0,0.0,0.0
2024-08-13 09:35:00-04:00,17.18000030517578,17.245100021362305,17.059999465942383,17.109899520874023,580088,0.0,0.0,0.0
2024-08-13 09:40:00-04:00,17.100000381469727,17.110000610351562,17.0,17.06999969482422,480517,0.0,0.0,0.0
2024-08-13 09:45:00-04:00,17.065000534057617,17.066099166870117,16.940000534057617,17.030000686645508,366367,0.0,0.0,0.0
2024-08-13 09:50:00-04:00,17.014999389648438,17.040000915527344,16.919700622558594,17.03499984741211,428096,0.0,0.0,0.0
2024-08-13 09:55:00-04:00,17.030000686645508,17.155000686645508,17.029199600219727,17.1200008392334,519783,0.0,0.0,0.0
2024-08-13 10:00:00-04:00,17.1299991607666,17.33989906311035,17.1299991607666,17.329999923706055,500021,0.0,0.0,0.0
2024-08-13 10:05:00-04:00,17.389999389648438,17.399999618530273,17.219999313354492,17.290000915527344,550218,0.0,0.0,0.0
2024-08-13 10:10:00-04:00,17.280000686645508,17.309999465942383,17.182300567626953,17.21500015258789,280708,0.0,0.0,0.0
2024-08-13 10:15:00-04:00,17.20009994506836,17.34869956970215,17.18000030517578,17.329999923706055,326698,0.0,0.0,0.0
2024-08-13 10:20:00-04:00,17.337600708007812,17.3700008392334,17.28499984741211,17.34000015258789,271600,0.0,0.0,0.0
2024-08-13 10:25:00-04:00,17.32990074157715,17.36009979248047,17.219999313354492,17.25,266195,0.0,0.0,0.0
2024-08-13 10:30:00-04:00,17.25,17.388900756835938,17.25,17.31999969482422,428172,0.0,0.0,0.0
2024-08-13 10:35:00-04:00,17.309999465942383,17.354999542236328,17.270000457763672,17.280000686645508,145251,0.0,0.0,0.0
2024-08-13 10:40:00-04:00,17.270000457763672,17.275999069213867,17.170000076293945,17.18000030517578,232529,0.0,0.0,0.0
2024-08-13 10:45:00-04:00,17.179100036621094,17.209999084472656,17.111400604248047,17.1299991607666,241445,0.0,0.0,0.0
2024-08-13 10:50:00-04:00,17.121299743652344,17.209999084472656,17.1200008392334,17.1299991607666,103610,0.0,0.0,0.0
2024-08-13 10:55:00-04:00,17.1299991607666,17.1299991607666,17.071399688720703,17.079999923706055,191781,0.0,0.0,0.0
2024-08-13 11:00:00-04:00,17.075000762939453,17.110000610351562,17.06060028076172,17.086000442504883,239768,0.0,0.0,0.0
2024-08-13 11:05:00-04:00,17.079999923706055,17.139999389648438,17.054000854492188,17.139999389648438,186929,0.0,0.0,0.0
2024-08-13 11:10:00-04:00,17.145000457763672,17.165000915527344,17.100000381469727,17.108699798583984,169096,0.0,0.0,0.0
2024-08-13 11:15:00-04:00,17.1200008392334,17.13129997253418,17.08009910583496,17.09000015258789,78365,0.0,0.0,0.0
2024-08-13 11:20:00-04:00,17.09000015258789,17.1200008392334,17.073299407958984,17.079999923706055,124406,0.0,0.0,0.0
2024-08-13 11:25:00-04:00,17.084999084472656,17.149900436401367,17.078699111938477,17.110000610351562,171514,0.0,0.0,0.0
2024-08-13 11:30:00-04:00,17.08989906311035,17.1200008392334,17.07990074157715,17.100000381469727,120263,0.0,0.0,0.0
2024-08-13 11:35:00-04:00,17.09000015258789,17.110000610351562,17.06329917907715,17.100099563598633,87924,0.0,0.0,0.0
2024-08-13 11:40:00-04:00,17.100000381469727,17.110000610351562,17.075000762939453,17.09000015258789,57780,0.0,0.0,0.0
2024-08-13 11:45:00-04:00,17.079999923706055,17.09000015258789,17.020099639892578,17.024999618530273,98115,0.0,0.0,0.0
2024-08-13 11:50:00-04:00,17.026899337768555,17.069900512695312,17.020000457763672,17.040000915527344,151056,0.0,0.0,0.0
2024-08-13 11:55:00-04:00,17.040000915527344,17.059999465942383,17.023300170898438,17.04990005493164,106885,0.0,0.0,0.0
2024-08-13 12:00:00-04:00,17.045000076293945,17.100000381469727,17.030099868774414,17.03499984741211,307854,0.0,0.0,0.0
2024-08-13 12:05:00-04:00,17.037599563598633,17.05500030517578,16.93000030517578,16.93000030517578,337238,0.0,0.0,0.0
2024-08-13 12:10:00-04:00,16.920000076293945,16.940000534057617,16.8799991607666,16.92930030822754,325658,0.0,0.0,0.0
2024-08-13 12:15:00-04:00,16.920000076293945,16.927799224853516,16.8700008392334,16.8799991607666,243903,0.0,0.0,0.0
2024-08-13 12:20:00-04:00,16.885000228881836,16.90999984741211,16.860000610351562,16.899999618530273,140193,0.0,0.0,0.0
2024-08-13 12:25:00-04:00,16.899999618530273,16.914100646972656,16.87030029296875,16.90999984741211,107446,0.0,0.0,0.0
2024-08-13 12:30:00-04:00,16.90169906616211,16.969999313354492,16.90019989013672,16.921899795532227,277316,0.0,0.0,0.0
2024-08-13 12:35:00-04:00,16.93000030517578,16.950000762939453,16.885000228881836,16.885000228881836,177535,0.0,0.0,0.0
2024-08-13 12:40:00-04:00,16.885000228881836,16.885700225830078,16.820100784301758,16.834999084472656,333952,0.0,0.0,0.0
2024-08-13 12:45:00-04:00,16.829999923706055,16.84670066833496,16.7549991607666,16.7549991607666,246765,0.0,0.0,0.0
2024-08-13 12:50:00-04:00,16.75,16.75,16.719999313354492,16.73579978942871,242488,0.0,0.0,0.0
2024-08-13 12:55:00-04:00,16.729999542236328,16.75,16.72010040283203,16.739999771118164,172956,0.0,0.0,0.0
2024-08-13 13:00:00-04:00,16.730100631713867,16.81999969482422,16.728700637817383,16.800100326538086,166599,0.0,0.0,0.0
2024-08-13 13:05:00-04:00,16.81999969482422,16.81999969482422,16.78179931640625,16.815000534057617,77619,0.0,0.0,0.0
2024-08-13 13:10:00-04:00,16.82040023803711,16.84000015258789,16.799999237060547,16.800199508666992,69935,0.0,0.0,0.0
2024-08-13 13:15:00-04:00,16.799999237060547,16.82990074157715,16.781999588012695,16.781999588012695,74309,0.0,0.0,0.0
2024-08-13 13:20:00-04:00,16.790000915527344,16.847000122070312,16.790000915527344,16.84000015258789,60071,0.0,0.0,0.0
2024-08-13 13:25:00-04:00,16.850000381469727,16.854999542236328,16.81999969482422,16.829999923706055,58646,0.0,0.0,0.0
2024-08-13 13:30:00-04:00,16.81999969482422,16.899999618530273,16.81999969482422,16.895000457763672,90765,0.0,0.0,0.0
2024-08-13 13:35:00-04:00,16.899999618530273,16.905000686645508,16.860700607299805,16.860700607299805,121161,0.0,0.0,0.0
2024-08-13 13:40:00-04:00,16.860000610351562,16.8700008392334,16.832599639892578,16.84000015258789,70848,0.0,0.0,0.0
2024-08-13 13:45:00-04:00,16.850000381469727,16.969999313354492,16.844999313354492,16.90999984741211,581707,0.0,0.0,0.0
2024-08-13 13:50:00-04:00,16.909700393676758,16.93000030517578,16.84040069580078,16.854999542236328,202875,0.0,0.0,0.0
2024-08-13 13:55:00-04:00,16.850000381469727,16.850099563598633,16.799999237060547,16.80500030517578,186830,0.0,0.0,0.0
2024-08-13 14:00:00-04:00,16.809999465942383,16.820100784301758,16.75,16.780000686645508,168364,0.0,0.0,0.0
2024-08-13 14:05:00-04:00,16.780000686645508,16.823999404907227,16.760000228881836,16.819900512695312,99524,0.0,0.0,0.0
2024-08-13 14:10:00-04:00,16.825000762939453,16.84000015258789,16.80030059814453,16.829999923706055,64804,0.0,0.0,0.0
2024-08-13 14:15:00-04:00,16.829999923706055,16.8799991607666,16.804399490356445,16.850000381469727,103698,0.0,0.0,0.0
2024-08-13 14:20:00-04:00,16.850000381469727,16.850000381469727,16.822500228881836,16.834999084472656,63568,0.0,0.0,0.0
2024-08-13 14:25:00-04:00,16.829999923706055,16.831300735473633,16.78499984741211,16.78499984741211,69193,0.0,0.0,0.0
2024-08-13 14:30:00-04:00,16.790000915527344,16.806499481201172,16.78499984741211,16.790000915527344,48020,0.0,0.0,0.0
2024-08-13 14:35:00-04:00,16.790000915527344,16.790000915527344,16.700599670410156,16.7189998626709,126187,0.0,0.0,0.0
2024-08-13 14:40:00-04:00,16.709999084472656,16.760000228881836,16.709999084472656,16.739900588989258,117628,0.0,0.0,0.0
2024-08-13 14:45:00-04:00,16.73900032043457,16.80820083618164,16.736299514770508,16.764999389648438,203073,0.0,0.0,0.0
2024-08-13 14:50:00-04:00,16.774999618530273,16.78499984741211,16.7450008392334,16.759700775146484,125247,0.0,0.0,0.0
2024-08-13 14:55:00-04:00,16.760000228881836,16.788700103759766,16.760000228881836,16.774999618530273,79326,0.0,0.0,0.0
2024-08-13 15:00:00-04:00,16.779699325561523,16.78499984741211,16.731700897216797,16.764999389648438,74237,0.0,0.0,0.0
2024-08-13 15:05:00-04:00,16.770000457763672,16.799999237060547,16.760000228881836,16.78499984741211,112694,0.0,0.0,0.0
2024-08-13 15:10:00-04:00,16.780000686645508,16.829700469970703,16.764999389648438,16.829700469970703,207873,0.0,0.0,0.0
2024-08-13 15:15:00-04:00,16.829999923706055,16.859899520874023,16.809999465942383,16.825000762939453,140919,0.0,0.0,0.0
2024-08-13 15:20:00-04:00,16.820100784301758,16.864999771118164,16.800100326538086,16.809999465942383,124923,0.0,0.0,0.0
2024-08-13 15:25:00-04:00,16.809900283813477,16.81999969482422,16.770000457763672,16.77989959716797,135844,0.0,0.0,0.0
2024-08-13 15:30:00-04:00,16.770000457763672,16.77989959716797,16.739999771118164,16.760000228881836,129164,0.0,0.0,0.0
2024-08-13 15:35:00-04:00,16.75,16.75,16.709999084472656,16.72010040283203,146492,0.0,0.0,0.0
2024-08-13 15:40:00-04:00,16.732099533081055,16.739900588989258,16.69499969482422,16.69499969482422,171320,0.0,0.0,0.0
2024-08-13 15:45:00-04:00,16.690000534057617,16.71809959411621,16.540000915527344,16.545000076293945,370229,0.0,0.0,0.0
2024-08-13 15:50:00-04:00,16.549999237060547,16.71980094909668,16.520000457763672,16.70009994506836,690729,0.0,0.0,0.0
2024-08-13 15:55:00-04:00,16.704999923706055,16.71500015258789,16.61009979248047,16.63010025024414,430962,0.0,0.0,0.0
2024-08-14 09:30:00-04:00,16.469999313354492,16.65999984741211,16.440000534057617,16.65999984741211,2281753,0.0,0.0,0.0
2024-08-14 09:35:00-04:00,16.670000076293945,16.704999923706055,16.53499984741211,16.59000015258789,521227,0.0,0.0,0.0
2024-08-14 09:40:00-04:00,16.579999923706055,16.790000915527344,16.579999923706055,16.775699615478516,736363,0.0,0.0,0.0
2024-08-14 09:45:00-04:00,16.77989959716797,16.809999465942383,16.670000076293945,16.749900817871094,483546,0.0,0.0,0.0
2024-08-14 09:50:00-04:00,16.739900588989258,16.939899444580078,16.69499969482422,16.920000076293945,537701,0.0,0.0,0.0
2024-08-14 09:55:00-04:00,16.924999237060547,16.979999542236328,16.899999618530273,16.949899673461914,364321,0.0,0.0,0.0
2024-08-14 10:00:00-04:00,16.949899673461914,17.020000457763672,16.910999298095703,16.924999237060547,317940,0.0,0.0,0.0
2024-08-14 10:05:00-04:00,17.0,17.040000915527344,16.920000076293945,16.969999313354492,297381,0.0,0.0,0.0
2024-08-14 10:10:00-04:00,16.959999084472656,17.049999237060547,16.959999084472656,17.030000686645508,245256,0.0,0.0,0.0
2024-08-14 10:15:00-04:00,17.030000686645508,17.04010009765625,16.969999313354492,16.989999771118164,200457,0.0,0.0,0.0
2024-08-14 10:20:00-04:00,16.969999313354492,17.030000686645508,16.8799991607666,16.920000076293945,226337,0.0,0.0,0.0
2024-08-14 10:25:00-04:00,16.91990089416504,16.959999084472656,16.8700008392334,16.90999984741211,327437,0.0,0.0,0.0
2024-08-14 10:30:00-04:00,16.90999984741211,17.139799118041992,16.899900436401367,17.135000228881836,498122,0.0,0.0,0.0
2024-08-14 10:35:00-04:00,17.13990020751953,17.13990020751953,17.030000686645508,17.05500030517578,175020,0.0,0.0,0.0
2024-08-14 10:40:00-04:00,17.03499984741211,17.08989906311035,16.950000762939453,17.08009910583496,200340,0.0,0.0,0.0
2024-08-14 10:45:00-04:00,17.09000015258789,17.097700119018555,17.019899368286133,17.020000457763672,201936,0.0,0.0,0.0
2024-08-14 10:50:00-04:00,17.025100708007812,17.109899520874023,17.010000228881836,17.040000915527344,157359,0.0,0.0,0.0
2024-08-14 10:55:00-04:00,16.997400283813477,17.025100708007812,16.959999084472656,16.985000610351562,91367,0.0,0.0,0.0
2024-08-14 11:00:00-04:00,16.989999771118164,17.000099182128906,16.93000030517578,16.948400497436523,118299,0.0,0.0,0.0
2024-08-14 11:05:00-04:00,16.940000534057617,17.037599563598633,16.93000030517578,17.030000686645508,130891,0.0,0.0,0.0
2024-08-14 11:10:00-04:00,16.985000610351562,16.997699737548828,16.950000762939453,16.978700637817383,42535,0.0,0.0,0.0
2024-08-14 11:15:00-04:00,16.976299285888672,17.020000457763672,16.954999923706055,16.959999084472656,69923,0.0,0.0,0.0
2024-08-14 11:20:00-04:00,16.950000762939453,16.969999313354492,16.920000076293945,16.950000762939453,114924,0.0,0.0,0.0
2024-08-14 11:25:00-04:00,16.950000762939453,16.950000762939453,16.8799991607666,16.8799991607666,88169,0.0,0.0,0.0
2024-08-14 11:30:00-04:00,16.8700008392334,16.88759994506836,16.780099868774414,16.80500030517578,188387,0.0,0.0,0.0
2024-08-14 11:35:00-04:00,16.7987003326416,16.81999969482422,16.770000457763672,16.770999908447266,173281,0.0,0.0,0.0
2024-08-14 11:40:00-04:00,16.770000457763672,16.80500030517578,16.75,16.79990005493164,185935,0.0,0.0,0.0
2024-08-14 11:45:00-04:00,16.799999237060547,16.799999237060547,16.760000228881836,16.79990005493164,41417,0.0,0.0,0.0
2024-08-14 11:50:00-04:00,16.798900604248047,16.798900604248047,16.729999542236328,16.75,104596,0.0,0.0,0.0
2024-08-14 11:55:00-04:00,16.759899139404297,16.779699325561523,16.719999313354492,16.725000381469727,118752,0.0,0.0,0.0
2024-08-14 12:00:00-04:00,16.729999542236328,16.75979995727539,16.709999084472656,16.729999542236328,99751,0.0,0.0,0.0
2024-08-14 12:05:00-04:00,16.719999313354492,16.770000457763672,16.700000762939453,16.769899368286133,87068,0.0,0.0,0.0
2024-08-14 12:10:00-04:00,16.764999389648438,16.790000915527344,16.725000381469727,16.789899826049805,95164,0.0,0.0,0.0
2024-08-14 12:15:00-04:00,16.790000915527344,16.8799991607666,16.77519989013672,16.879899978637695,216754,0.0,0.0,0.0
2024-08-14 12:20:00-04:00,16.8799991607666,17.104999542236328,16.854999542236328,17.07859992980957,472277,0.0,0.0,0.0
2024-08-14 12:25:00-04:00,17.08989906311035,17.1299991607666,17.030099868774414,17.059999465942383,245218,0.0,0.0,0.0
2024-08-14 12:30:00-04:00,17.059999465942383,17.09000015258789,17.030000686645508,17.05299949645996,236765,0.0,0.0,0.0
2024-08-14 12:35:00-04:00,17.049999237060547,17.08989906311035,16.989999771118164,16.9950008392334,91033,0.0,0.0,0.0
2024-08-14 12:40:00-04:00,16.989999771118164,17.149999618530273,16.989999771118164,17.139999389648438,157979,0.0,0.0,0.0
2024-08-14 12:45:00-04:00,17.139999389648438,17.15999984741211,17.06909942626953,17.106700897216797,210747,0.0,0.0,0.0
2024-08-14 12:50:00-04:00,17.100000381469727,17.100000381469727,17.024999618530273,17.0310001373291,144567,0.0,0.0,0.0
2024-08-14 12:55:00-04:00,17.03619956970215,17.059900283813477,17.0,17.020000457763672,67213,0.0,0.0,0.0
2024-08-14 13:00:00-04:00,17.040000915527344,17.06999969482422,17.022499084472656,17.049999237060547,38478,0.0,0.0,0.0
2024-08-14 13:05:00-04:00,17.02790069580078,17.030099868774414,16.940000534057617,16.96500015258789,131367,0.0,0.0,0.0
2024-08-14 13:10:00-04:00,16.969900131225586,17.030099868774414,16.967899322509766,17.020000457763672,69492,0.0,0.0,0.0
2024-08-14 13:15:00-04:00,16.999000549316406,17.0,16.954999923706055,16.969999313354492,17380,0.0,0.0,0.0
2024-08-14 13:20:00-04:00,16.9950008392334,16.9950008392334,16.959999084472656,16.969999313354492,20710,0.0,0.0,0.0
2024-08-14 13:25:00-04:00,16.975000381469727,17.024999618530273,16.959999084472656,17.019899368286133,65889,0.0,0.0,0.0
2024-08-14 13:30:00-04:00,17.024999618530273,17.07990074157715,17.00079917907715,17.059999465942383,98140,0.0,0.0,0.0
2024-08-14 13:35:00-04:00,17.05500030517578,17.109899520874023,17.030000686645508,17.100000381469727,87181,0.0,0.0,0.0
2024-08-14 13:40:00-04:00,17.109899520874023,17.149799346923828,17.09000015258789,17.100000381469727,149905,0.0,0.0,0.0
2024-08-14 13:45:00-04:00,17.110000610351562,17.110000610351562,17.020000457763672,17.030000686645508,73456,0.0,0.0,0.0
2024-08-14 13:50:00-04:00,17.028499603271484,17.049999237060547,16.950000762939453,16.950199127197266,81000,0.0,0.0,0.0
2024-08-14 13:55:00-04:00,16.959999084472656,16.96500015258789,16.90999984741211,16.940000534057617,167007,0.0,0.0,0.0
2024-08-14 14:00:00-04:00,16.940000534057617,17.030000686645508,16.940000534057617,17.030000686645508,163623,0.0,0.0,0.0
2024-08-14 14:05:00-04:00,17.020000457763672,17.040300369262695,17.010000228881836,17.020000457763672,60668,0.0,0.0,0.0
2024-08-14 14:10:00-04:00,17.01020050048828,17.02989959716797,16.989999771118164,17.02989959716797,35476,0.0,0.0,0.0
2024-08-14 14:15:00-04:00,17.030000686645508,17.09000015258789,17.0231990814209,17.079999923706055,55277,0.0,0.0,0.0
2024-08-14 14:20:00-04:00,17.094999313354492,17.100000381469727,17.020000457763672,17.049999237060547,151910,0.0,0.0,0.0
2024-08-14 14:25:00-04:00,17.049999237060547,17.049999237060547,17.0,17.010000228881836,28682,0.0,0.0,0.0
2024-08-14 14:30:00-04:00,17.010000228881836,17.010000228881836,16.97010040283203,16.989999771118164,35789,0.0,0.0,0.0
2024-08-14 14:35:00-04:00,16.979999542236328,17.0,16.969999313354492,16.989700317382812,21258,0.0,0.0,0.0
2024-08-14 14:40:00-04:00,16.989999771118164,17.0,16.969999313354492,16.970300674438477,38652,0.0,0.0,0.0
2024-08-14 14:45:00-04:00,16.979999542236328,16.979999542236328,16.950000762939453,16.959999084472656,68046,0.0,0.0,0.0
2024-08-14 14:50:00-04:00,16.954099655151367,16.969999313354492,16.930099487304688,16.930099487304688,45442,0.0,0.0,0.0
2024-08-14 14:55:00-04:00,16.940000534057617,16.94499969482422,16.899999618530273,16.900299072265625,102068,0.0,0.0,0.0
2024-08-14 15:00:00-04:00,16.90999984741211,16.946800231933594,16.899999618530273,16.920000076293945,103635,0.0,0.0,0.0
2024-08-14 15:05:00-04:00,16.920000076293945,16.929899215698242,16.8700008392334,16.929800033569336,71258,0.0,0.0,0.0
2024-08-14 15:10:00-04:00,16.920299530029297,17.0049991607666,16.90999984741211,16.989999771118164,98009,0.0,0.0,0.0
2024-08-14 15:15:00-04:00,16.979999542236328,17.020000457763672,16.96500015258789,16.979999542236328,120482,0.0,0.0,0.0
2024-08-14 15:20:00-04:00,16.979999542236328,17.008899688720703,16.969999313354492,16.979999542236328,67210,0.0,0.0,0.0
2024-08-14 15:25:00-04:00,16.979999542236328,16.979999542236328,16.94499969482422,16.96500015258789,15338,0.0,0.0,0.0
2024-08-14 15:30:00-04:00,16.979999542236328,17.0,16.969999313354492,16.989999771118164,231860,0.0,0.0,0.0
2024-08-14 15:35:00-04:00,16.985000610351562,16.996000289916992,16.95359992980957,16.959999084472656,151714,0.0,0.0,0.0
2024-08-14 15:40:00-04:00,16.950000762939453,16.96500015258789,16.93000030517578,16.9325008392334,91904,0.0,0.0,0.0
2024-08-14 15:45:00-04:00,16.934999465942383,16.969999313354492,16.920000076293945,16.934999465942383,174333,0.0,0.0,0.0
2024-08-14 15:50:00-04:00,16.93000030517578,16.950000762939453,16.885000228881836,16.891000747680664,606353,0.0,0.0,0.0
2024-08-14 15:55:00-04:00,16.899999618530273,16.9424991607666,16.854999542236328,16.940000534057617,470040,0.0,0.0,0.0
2024-08-15 09:30:00-04:00,15.829999923706055,15.920000076293945,15.670100212097168,15.675000190734863,3809255,0.0,0.0,0.0
2024-08-15 09:35:00-04:00,15.670000076293945,15.807900428771973,15.621000289916992,15.75,795678,0.0,0.0,0.0
2024-08-15 09:40:00-04:00,15.75,15.853099822998047,15.699999809265137,15.849900245666504,565889,0.0,0.0,0.0
2024-08-15 09:45:00-04:00,15.84000015258789,15.970000267028809,15.79010009765625,15.869999885559082,608396,0.0,0.0,0.0
2024-08-15 09:50:00-04:00,15.890000343322754,16.05500030517578,15.869999885559082,16.04800033569336,617527,0.0,0.0,0.0
2024-08-15 09:55:00-04:00,16.030000686645508,16.09830093383789,16.0,16.05030059814453,344922,0.0,0.0,0.0
2024-08-15 10:00:00-04:00,16.05500030517578,16.06999969482422,15.960000038146973,16.030000686645508,497576,0.0,0.0,0.0
2024-08-15 10:05:00-04:00,16.030000686645508,16.150100708007812,16.030000686645508,16.114999771118164,641878,0.0,0.0,0.0
2024-08-15 10:10:00-04:00,16.110000610351562,16.139999389648438,16.0,16.012399673461914,588592,0.0,0.0,0.0
2024-08-15 10:15:00-04:00,16.010000228881836,16.010000228881836,15.912500381469727,15.920000076293945,458834,0.0,0.0,0.0
2024-08-15 10:20:00-04:00,15.9128999710083,16.019899368286133,15.899999618530273,16.0,318688,0.0,0.0,0.0
2024-08-15 10:25:00-04:00,16.006399154663086,16.010000228881836,15.880000114440918,15.900099754333496,361575,0.0,0.0,0.0
2024-08-15 10:30:00-04:00,15.899999618530273,15.899999618530273,15.800000190734863,15.819999694824219,531718,0.0,0.0,0.0
2024-08-15 10:35:00-04:00,15.8149995803833,15.875,15.770000457763672,15.856100082397461,379061,0.0,0.0,0.0
2024-08-15 10:40:00-04:00,15.854000091552734,15.890000343322754,15.819999694824219,15.819999694824219,185540,0.0,0.0,0.0
2024-08-15 10:45:00-04:00,15.819999694824219,15.842900276184082,15.755000114440918,15.789999961853027,264255,0.0,0.0,0.0
2024-08-15 10:50:00-04:00,15.779999732971191,15.864999771118164,15.760000228881836,15.779999732971191,540043,0.0,0.0,0.0
2024-08-15 10:55:00-04:00,15.770000457763672,15.819999694824219,15.684100151062012,15.701299667358398,435630,0.0,0.0,0.0
2024-08-15 11:00:00-04:00,15.704999923706055,15.70989990234375,15.555000305175781,15.5600004196167,764353,0.0,0.0,0.0
2024-08-15 11:05:00-04:00,15.559900283813477,15.600000381469727,15.539999961853027,15.558699607849121,349124,0.0,0.0,0.0
2024-08-15 11:10:00-04:00,15.559800148010254,15.59000015258789,15.52280044555664,15.539999961853027,161510,0.0,0.0,0.0
2024-08-15 11:15:00-04:00,15.53499984741211,15.5649995803833,15.489999771118164,15.5649995803833,848056,0.0,0.0,0.0
2024-08-15 11:20:00-04:00,15.560099601745605,15.609999656677246,15.550000190734863,15.579999923706055,256668,0.0,0.0,0.0
2024-08-15 11:25:00-04:00,15.57129955291748,15.670100212097168,15.571000099182129,15.670100212097168,153947,0.0,0.0,0.0
2024-08-15 11:30:00-04:00,15.660099983215332,15.694999694824219,15.630000114440918,15.649999618530273,276869,0.0,0.0,0.0
2024-08-15 11:35:00-04:00,15.65999984741211,15.668999671936035,15.623299598693848,15.640000343322754,120923,0.0,0.0,0.0
2024-08-15 11:40:00-04:00,15.644700050354004,15.645000457763672,15.59000015258789,15.635000228881836,323903,0.0,0.0,0.0
2024-08-15 11:45:00-04:00,15.63029956817627,15.6899995803833,15.62399959564209,15.62969970703125,244846,0.0,0.0,0.0
2024-08-15 11:50:00-04:00,15.625,15.680000305175781,15.619999885559082,15.652899742126465,159568,0.0,0.0,0.0
2024-08-15 11:55:00-04:00,15.65999984741211,15.664999961853027,15.62399959564209,15.664999961853027,58849,0.0,0.0,0.0
2024-08-15 12:00:00-04:00,15.670000076293945,15.680000305175781,15.625,15.630499839782715,234622,0.0,0.0,0.0
2024-08-15 12:05:00-04:00,15.639900207519531,15.64009952545166,15.595000267028809,15.595000267028809,166134,0.0,0.0,0.0
2024-08-15 12:10:00-04:00,15.595000267028809,15.606300354003906,15.5600004196167,15.569899559020996,214836,0.0,0.0,0.0
2024-08-15 12:15:00-04:00,15.54740047454834,15.574999809265137,15.539899826049805,15.553999900817871,179540,0.0,0.0,0.0
2024-08-15 12:20:00-04:00,15.550000190734863,15.559800148010254,15.470000267028809,15.484999656677246,486630,0.0,0.0,0.0
2024-08-15 12:25:00-04:00,15.496600151062012,15.5,15.434000015258789,15.449899673461914,390411,0.0,0.0,0.0
2024-08-15 12:30:00-04:00,15.446000099182129,15.468700408935547,15.40999984741211,15.414999961853027,310163,0.0,0.0,0.0
2024-08-15 12:35:00-04:00,15.419500350952148,15.449999809265137,15.414999961853027,15.4350004196167,141861,0.0,0.0,0.0
2024-08-15 12:40:00-04:00,15.4399995803833,15.51990032196045,15.421299934387207,15.51990032196045,334249,0.0,0.0,0.0
2024-08-15 12:45:00-04:00,15.515000343322754,15.595000267028809,15.483400344848633,15.555000305175781,340650,0.0,0.0,0.0
2024-08-15 12:50:00-04:00,15.559900283813477,15.569899559020996,15.5,15.51990032196045,208677,0.0,0.0,0.0
2024-08-15 12:55:00-04:00,15.515000343322754,15.520000457763672,15.479999542236328,15.494999885559082,231876,0.0,0.0,0.0
2024-08-15 13:00:00-04:00,15.489999771118164,15.545000076293945,15.484999656677246,15.513699531555176,161498,0.0,0.0,0.0
2024-08-15 13:05:00-04:00,15.519700050354004,15.555000305175781,15.510700225830078,15.54740047454834,145178,0.0,0.0,0.0
2024-08-15 13:10:00-04:00,15.545000076293945,15.550000190734863,15.5024995803833,15.529999732971191,83112,0.0,0.0,0.0
2024-08-15 13:15:00-04:00,15.524999618530273,15.539899826049805,15.491000175476074,15.510000228881836,139339,0.0,0.0,0.0
2024-08-15 13:20:00-04:00,15.509900093078613,15.510000228881836,15.451700210571289,15.460000038146973,131326,0.0,0.0,0.0
2024-08-15 13:25:00-04:00,15.460000038146973,15.462599754333496,15.399999618530273,15.4350004196167,265598,0.0,0.0,0.0
2024-08-15 13:30:00-04:00,15.439900398254395,15.4399995803833,15.39009952545166,15.40839958190918,248859,0.0,0.0,0.0
2024-08-15 13:35:00-04:00,15.409899711608887,15.420000076293945,15.38010025024414,15.399999618530273,122851,0.0,0.0,0.0
2024-08-15 13:40:00-04:00,15.409199714660645,15.45989990234375,15.402099609375,15.43970012664795,112437,0.0,0.0,0.0
2024-08-15 13:45:00-04:00,15.436100006103516,15.449999809265137,15.3996000289917,15.4350004196167,67704,0.0,0.0,0.0
2024-08-15 13:50:00-04:00,15.4399995803833,15.45989990234375,15.420000076293945,15.449999809265137,75343,0.0,0.0,0.0
2024-08-15 13:55:00-04:00,15.449999809265137,15.479900360107422,15.430000305175781,15.450200080871582,73874,0.0,0.0,0.0
2024-08-15 14:00:00-04:00,15.45989990234375,15.470000267028809,15.430000305175781,15.4399995803833,77568,0.0,0.0,0.0
2024-08-15 14:05:00-04:00,15.43850040435791,15.470000267028809,15.4350004196167,15.46500015258789,64050,0.0,0.0,0.0
2024-08-15 14:10:00-04:00,15.470000267028809,15.520000457763672,15.451299667358398,15.520000457763672,69025,0.0,0.0,0.0
2024-08-15 14:15:00-04:00,15.529899597167969,15.529999732971191,15.484999656677246,15.489999771118164,65534,0.0,0.0,0.0
2024-08-15 14:20:00-04:00,15.489999771118164,15.529999732971191,15.489999771118164,15.494999885559082,67732,0.0,0.0,0.0
2024-08-15 14:25:00-04:00,15.498700141906738,15.5,15.460000038146973,15.470000267028809,55349,0.0,0.0,0.0
2024-08-15 14:30:00-04:00,15.47599983215332,15.539999961853027,15.470000267028809,15.539999961853027,69816,0.0,0.0,0.0
2024-08-15 14:35:00-04:00,15.537799835205078,15.537799835205078,15.470000267028809,15.470100402832031,106230,0.0,0.0,0.0
2024-08-15 14:40:00-04:00,15.470000267028809,15.470000267028809,15.421600341796875,15.425000190734863,68443,0.0,0.0,0.0
2024-08-15 14:45:00-04:00,15.429900169372559,15.430000305175781,15.380000114440918,15.380000114440918,130805,0.0,0.0,0.0
2024-08-15 14:50:00-04:00,15.385000228881836,15.460000038146973,15.380000114440918,15.419899940490723,159337,0.0,0.0,0.0
2024-08-15 14:55:00-04:00,15.425000190734863,15.43690013885498,15.40060043334961,15.420000076293945,67913,0.0,0.0,0.0
2024-08-15 15:00:00-04:00,15.429900169372559,15.499899864196777,15.429900169372559,15.489999771118164,127684,0.0,0.0,0.0
2024-08-15 15:05:00-04:00,15.484999656677246,15.515000343322754,15.460100173950195,15.505000114440918,96527,0.0,0.0,0.0
2024-08-15 15:10:00-04:00,15.510000228881836,15.569999694824219,15.505000114440918,15.5649995803833,384114,0.0,0.0,0.0
2024-08-15 15:15:00-04:00,15.5649995803833,15.574999809265137,15.5,15.510000228881836,141265,0.0,0.0,0.0
2024-08-15 15:20:00-04:00,15.500100135803223,15.524999618530273,15.480999946594238,15.494999885559082,115706,0.0,0.0,0.0
2024-08-15 15:25:00-04:00,15.510000228881836,15.529999732971191,15.500300407409668,15.520000457763672,118951,0.0,0.0,0.0
2024-08-15 15:30:00-04:00,15.517000198364258,15.54990005493164,15.505000114440918,15.545000076293945,77948,0.0,0.0,0.0
2024-08-15 15:35:00-04:00,15.540900230407715,15.579999923706055,15.539999961853027,15.569999694824219,275473,0.0,0.0,0.0
2024-08-15 15:40:00-04:00,15.569999694824219,15.645000457763672,15.560099601745605,15.645000457763672,194002,0.0,0.0,0.0
2024-08-15 15:45:00-04:00,15.645000457763672,15.749899864196777,15.64009952545166,15.70009994506836,748374,0.0,0.0,0.0
2024-08-15 15:50:00-04:00,15.710000038146973,15.760000228881836,15.640000343322754,15.729999542236328,450214,0.0,0.0,0.0
2024-08-15 15:55:00-04:00,15.729999542236328,15.729999542236328,15.620400428771973,15.625,625919,0.0,0.0,0.0
2024-08-16 09:30:00-04:00,15.800000190734863,15.8100004196167,15.710100173950195,15.760000228881836,1326325,0.0,0.0,0.0
2024-08-16 09:35:00-04:00,15.760000228881836,15.770000457763672,15.570599555969238,15.604999542236328,275861,0.0,0.0,0.0
2024-08-16 09:40:00-04:00,15.604999542236328,15.619999885559082,15.45989990234375,15.510000228881836,477435,0.0,0.0,0.0
2024-08-16 09:45:00-04:00,15.5,15.585000038146973,15.489999771118164,15.529999732971191,362437,0.0,0.0,0.0
2024-08-16 09:50:00-04:00,15.524999618530273,15.529999732971191,15.380000114440918,15.4399995803833,486374,0.0,0.0,0.0
2024-08-16 09:55:00-04:00,15.420000076293945,15.454999923706055,15.300000190734863,15.379899978637695,755868,0.0,0.0,0.0
2024-08-16 10:00:00-04:00,15.369999885559082,15.399999618530273,15.234999656677246,15.369999885559082,448398,0.0,0.0,0.0
2024-08-16 10:05:00-04:00,15.380000114440918,15.510000228881836,15.34000015258789,15.5,611109,0.0,0.0,0.0
2024-08-16 10:10:00-04:00,15.510000228881836,15.520000457763672,15.449999809265137,15.5,330583,0.0,0.0,0.0
2024-08-16 10:15:00-04:00,15.5,15.539999961853027,15.470000267028809,15.470000267028809,331784,0.0,0.0,0.0
2024-08-16 10:20:00-04:00,15.470000267028809,15.619999885559082,15.470000267028809,15.610099792480469,548058,0.0,0.0,0.0
2024-08-16 10:25:00-04:00,15.609999656677246,15.630000114440918,15.579999923706055,15.625,172588,0.0,0.0,0.0
2024-08-16 10:30:00-04:00,15.619999885559082,15.725199699401855,15.603099822998047,15.710000038146973,335548,0.0,0.0,0.0
2024-08-16 10:35:00-04:00,15.719099998474121,15.723999977111816,15.64009952545166,15.6899995803833,221141,0.0,0.0,0.0
2024-08-16 10:40:00-04:00,15.699700355529785,15.770000457763672,15.684100151062012,15.739999771118164,270993,0.0,0.0,0.0
2024-08-16 10:45:00-04:00,15.739999771118164,15.789999961853027,15.710100173950195,15.774999618530273,230008,0.0,0.0,0.0
2024-08-16 10:50:00-04:00,15.75,15.75,15.640999794006348,15.734999656677246,277669,0.0,0.0,0.0
2024-08-16 10:55:00-04:00,15.729999542236328,15.755000114440918,15.670000076293945,15.740099906921387,210361,0.0,0.0,0.0
2024-08-16 11:00:00-04:00,15.744999885559082,15.75,15.701299667358398,15.701299667358398,120174,0.0,0.0,0.0
2024-08-16 11:05:00-04:00,15.718700408935547,15.759599685668945,15.6850004196167,15.71500015258789,66595,0.0,0.0,0.0
2024-08-16 11:10:00-04:00,15.720000267028809,15.734999656677246,15.699999809265137,15.704999923706055,113385,0.0,0.0,0.0
2024-08-16 11:15:00-04:00,15.710000038146973,15.774999618530273,15.710000038146973,15.760000228881836,163028,0.0,0.0,0.0
2024-08-16 11:20:00-04:00,15.770000457763672,15.824999809265137,15.770000457763672,15.779899597167969,462536,0.0,0.0,0.0
2024-08-16 11:25:00-04:00,15.78499984741211,15.810099601745605,15.740099906921387,15.740099906921387,157893,0.0,0.0,0.0
2024-08-16 11:30:00-04:00,15.75,15.75,15.710000038146973,15.720000267028809,77713,0.0,0.0,0.0
2024-08-16 11:35:00-04:00,15.711299896240234,15.71500015258789,15.650099754333496,15.710000038146973,201833,0.0,0.0,0.0
2024-08-16 11:40:00-04:00,15.71500015258789,15.759900093078613,15.710000038146973,15.739999771118164,89947,0.0,0.0,0.0
2024-08-16 11:45:00-04:00,15.720000267028809,15.720000267028809,15.649999618530273,15.65999984741211,161673,0.0,0.0,0.0
2024-08-16 11:50:00-04:00,15.65999984741211,15.679499626159668,15.63010025024414,15.635000228881836,61141,0.0,0.0,0.0
2024-08-16 11:55:00-04:00,15.63010025024414,15.649999618530273,15.619999885559082,15.649999618530273,140860,0.0,0.0,0.0
2024-08-16 12:00:00-04:00,15.65999984741211,15.664999961853027,15.630000114440918,15.630000114440918,60077,0.0,0.0,0.0
2024-08-16 12:05:00-04:00,15.630000114440918,15.645000457763672,15.600000381469727,15.600000381469727,102602,0.0,0.0,0.0
2024-08-16 12:10:00-04:00,15.609999656677246,15.625,15.585000038146973,15.585000038146973,103160,0.0,0.0,0.0
2024-08-16 12:15:00-04:00,15.589900016784668,15.59000015258789,15.552900314331055,15.569899559020996,83159,0.0,0.0,0.0
2024-08-16 12:20:00-04:00,15.5600004196167,15.577799797058105,15.54520034790039,15.5600004196167,74425,0.0,0.0,0.0
2024-08-16 12:25:00-04:00,15.574999809265137,15.599900245666504,15.569999694824219,15.579000473022461,38586,0.0,0.0,0.0
2024-08-16 12:30:00-04:00,15.580100059509277,15.599599838256836,15.543600082397461,15.556900024414062,33220,0.0,0.0,0.0
2024-08-16 12:35:00-04:00,15.555000305175781,15.574299812316895,15.548999786376953,15.550200462341309,80914,0.0,0.0,0.0
2024-08-16 12:40:00-04:00,15.553999900817871,15.579999923706055,15.550000190734863,15.550000190734863,146716,0.0,0.0,0.0
2024-08-16 12:45:00-04:00,15.550000190734863,15.585000038146973,15.54990005493164,15.565999984741211,69322,0.0,0.0,0.0
2024-08-16 12:50:00-04:00,15.560099601745605,15.5649995803833,15.529999732971191,15.54010009765625,41643,0.0,0.0,0.0
2024-08-16 12:55:00-04:00,15.539999961853027,15.539999961853027,15.440199851989746,15.479999542236328,148309,0.0,0.0,0.0
2024-08-16 13:00:00-04:00,15.470100402832031,15.526000022888184,15.470100402832031,15.520000457763672,79010,0.0,0.0,0.0
2024-08-16 13:05:00-04:00,15.520000457763672,15.579999923706055,15.505999565124512,15.560099601745605,148436,0.0,0.0,0.0
2024-08-16 13:10:00-04:00,15.5600004196167,15.5649995803833,15.529999732971191,15.529999732971191,80195,0.0,0.0,0.0
2024-08-16 13:15:00-04:00,15.53499984741211,15.5600004196167,15.520000457763672,15.520000457763672,38032,0.0,0.0,0.0
2024-08-16 13:20:00-04:00,15.529999732971191,15.539999961853027,15.500100135803223,15.51990032196045,14010,0.0,0.0,0.0
2024-08-16 13:25:00-04:00,15.503700256347656,15.5600004196167,15.503700256347656,15.539899826049805,20282,0.0,0.0,0.0
2024-08-16 13:30:00-04:00,15.520000457763672,15.539999961853027,15.520000457763672,15.529999732971191,24492,0.0,0.0,0.0
2024-08-16 13:35:00-04:00,15.520000457763672,15.520400047302246,15.479999542236328,15.5,96435,0.0,0.0,0.0
2024-08-16 13:40:00-04:00,15.499600410461426,15.520000457763672,15.484999656677246,15.505000114440918,68390,0.0,0.0,0.0
2024-08-16 13:45:00-04:00,15.505000114440918,15.53499984741211,15.5,15.515000343322754,36557,0.0,0.0,0.0
2024-08-16 13:50:00-04:00,15.529999732971191,15.569999694824219,15.529999732971191,15.5600004196167,125728,0.0,0.0,0.0
2024-08-16 13:55:00-04:00,15.550000190734863,15.555000305175781,15.494999885559082,15.5,137899,0.0,0.0,0.0
2024-08-16 14:00:00-04:00,15.5,15.560099601745605,15.5,15.560099601745605,61045,0.0,0.0,0.0
2024-08-16 14:05:00-04:00,15.5600004196167,15.600000381469727,15.550000190734863,15.600000381469727,305236,0.0,0.0,0.0
2024-08-16 14:10:00-04:00,15.600000381469727,15.629899978637695,15.579999923706055,15.604999542236328,155928,0.0,0.0,0.0
2024-08-16 14:15:00-04:00,15.60990047454834,15.60990047454834,15.569999694824219,15.569999694824219,113146,0.0,0.0,0.0
2024-08-16 14:20:00-04:00,15.580100059509277,15.61989974975586,15.579899787902832,15.607999801635742,19338,0.0,0.0,0.0
2024-08-16 14:25:00-04:00,15.603599548339844,15.60990047454834,15.539999961853027,15.545000076293945,52890,0.0,0.0,0.0
2024-08-16 14:30:00-04:00,15.540300369262695,15.550100326538086,15.529999732971191,15.529999732971191,48478,0.0,0.0,0.0
2024-08-16 14:35:00-04:00,15.529999732971191,15.539899826049805,15.5,15.520000457763672,90460,0.0,0.0,0.0
2024-08-16 14:40:00-04:00,15.520000457763672,15.529999732971191,15.489999771118164,15.520000457763672,171250,0.0,0.0,0.0
2024-08-16 14:45:00-04:00,15.510000228881836,15.520000457763672,15.479999542236328,15.479999542236328,65157,0.0,0.0,0.0
2024-08-16 14:50:00-04:00,15.483799934387207,15.510000228881836,15.449999809265137,15.449999809265137,108324,0.0,0.0,0.0
2024-08-16 14:55:00-04:00,15.454999923706055,15.47089958190918,15.448100090026855,15.45199966430664,175846,0.0,0.0,0.0
2024-08-16 15:00:00-04:00,15.460000038146973,15.481300354003906,15.430000305175781,15.470100402832031,158742,0.0,0.0,0.0
2024-08-16 15:05:00-04:00,15.470000267028809,15.5,15.449999809265137,15.489999771118164,142361,0.0,0.0,0.0
2024-08-16 15:10:00-04:00,15.489999771118164,15.510000228881836,15.468700408935547,15.484999656677246,129399,0.0,0.0,0.0
2024-08-16 15:15:00-04:00,15.489999771118164,15.529800415039062,15.484999656677246,15.510000228881836,131969,0.0,0.0,0.0
2024-08-16 15:20:00-04:00,15.51990032196045,15.5600004196167,15.51990032196045,15.529999732971191,97473,0.0,0.0,0.0
2024-08-16 15:25:00-04:00,15.537500381469727,15.569999694824219,15.529999732971191,15.569999694824219,145824,0.0,0.0,0.0
2024-08-16 15:30:00-04:00,15.579999923706055,15.59000015258789,15.539999961853027,15.539999961853027,91925,0.0,0.0,0.0
2024-08-16 15:35:00-04:00,15.54010009765625,15.54990005493164,15.5,15.510000228881836,171999,0.0,0.0,0.0
2024-08-16 15:40:00-04:00,15.510000228881836,15.559900283813477,15.503999710083008,15.550000190734863,190288,0.0,0.0,0.0
2024-08-16 15:45:00-04:00,15.553999900817871,15.595000267028809,15.529999732971191,15.545000076293945,309054,0.0,0.0,0.0
2024-08-16 15:50:00-04:00,15.539999961853027,15.589900016784668,15.494999885559082,15.569999694824219,190233,0.0,0.0,0.0
2024-08-16 15:55:00-04:00,15.574999809265137,15.600000381469727,15.520000457763672,15.520000457763672,368721,0.0,0.0,0.0
2024-08-19 09:30:00-04:00,15.479999542236328,15.5,15.25,15.26990032196045,1583396,0.0,0.0,0.0
2024-08-19 09:35:00-04:00,15.263999938964844,15.375,15.260000228881836,15.369999885559082,454159,0.0,0.0,0.0
2024-08-19 09:40:00-04:00,15.359999656677246,15.419500350952148,15.319999694824219,15.404999732971191,307874,0.0,0.0,0.0
2024-08-19 09:45:00-04:00,15.399999618530273,15.429900169372559,15.350000381469727,15.390000343322754,326198,0.0,0.0,0.0
2024-08-19 09:50:00-04:00,15.369999885559082,15.40999984741211,15.329999923706055,15.390000343322754,173486,0.0,0.0,0.0
2024-08-19 09:55:00-04:00,15.390000343322754,15.460000038146973,15.375,15.459699630737305,236838,0.0,0.0,0.0
2024-08-19 10:00:00-04:00,15.454999923706055,15.479999542236328,15.40999984741211,15.444999694824219,214665,0.0,0.0,0.0
2024-08-19 10:05:00-04:00,15.4399995803833,15.449899673461914,15.350000381469727,15.369799613952637,127011,0.0,0.0,0.0
2024-08-19 10:10:00-04:00,15.362700462341309,15.399999618530273,15.350000381469727,15.390000343322754,214677,0.0,0.0,0.0
2024-08-19 10:15:00-04:00,15.380000114440918,15.489999771118164,15.369799613952637,15.479999542236328,221774,0.0,0.0,0.0
2024-08-19 10:20:00-04:00,15.479999542236328,15.489999771118164,15.390000343322754,15.40999984741211,155706,0.0,0.0,0.0
2024-08-19 10:25:00-04:00,15.420000076293945,15.420000076293945,15.350000381469727,15.366000175476074,102444,0.0,0.0,0.0
2024-08-19 10:30:00-04:00,15.359999656677246,15.380000114440918,15.319999694824219,15.322999954223633,115223,0.0,0.0,0.0
2024-08-19 10:35:00-04:00,15.329999923706055,15.350199699401855,15.323800086975098,15.335000038146973,42983,0.0,0.0,0.0
2024-08-19 10:40:00-04:00,15.329999923706055,15.349900245666504,15.289999961853027,15.295000076293945,142629,0.0,0.0,0.0
2024-08-19 10:45:00-04:00,15.289999961853027,15.333700180053711,15.274999618530273,15.324999809265137,144771,0.0,0.0,0.0
2024-08-19 10:50:00-04:00,15.324999809265137,15.329999923706055,15.281200408935547,15.292400360107422,197303,0.0,0.0,0.0
2024-08-19 10:55:00-04:00,15.300000190734863,15.324999809265137,15.270000457763672,15.276900291442871,130455,0.0,0.0,0.0
2024-08-19 11:00:00-04:00,15.279899597167969,15.3100004196167,15.270000457763672,15.300000190734863,146800,0.0,0.0,0.0
2024-08-19 11:05:00-04:00,15.3100004196167,15.320199966430664,15.260000228881836,15.270000457763672,95700,0.0,0.0,0.0
2024-08-19 11:10:00-04:00,15.270000457763672,15.279999732971191,15.211000442504883,15.225000381469727,298189,0.0,0.0,0.0
2024-08-19 11:15:00-04:00,15.220000267028809,15.25,15.199999809265137,15.225000381469727,201958,0.0,0.0,0.0
2024-08-19 11:20:00-04:00,15.220000267028809,15.239899635314941,15.199999809265137,15.208900451660156,162146,0.0,0.0,0.0
2024-08-19 11:25:00-04:00,15.204999923706055,15.259900093078613,15.204999923706055,15.244999885559082,363588,0.0,0.0,0.0
2024-08-19 11:30:00-04:00,15.249699592590332,15.260000228881836,15.193900108337402,15.204999923706055,181142,0.0,0.0,0.0
2024-08-19 11:35:00-04:00,15.210000038146973,15.215100288391113,15.170000076293945,15.188899993896484,215816,0.0,0.0,0.0
2024-08-19 11:40:00-04:00,15.180000305175781,15.207599639892578,15.170000076293945,15.174699783325195,156458,0.0,0.0,0.0
2024-08-19 11:45:00-04:00,15.173999786376953,15.211000442504883,15.173999786376953,15.204999923706055,137534,0.0,0.0,0.0
2024-08-19 11:50:00-04:00,15.200300216674805,15.218500137329102,15.194999694824219,15.205699920654297,73666,0.0,0.0,0.0
2024-08-19 11:55:00-04:00,15.199999809265137,15.30150032043457,15.199899673461914,15.270099639892578,567904,0.0,0.0,0.0
2024-08-19 12:00:00-04:00,15.265000343322754,15.305100440979004,15.255000114440918,15.300000190734863,201344,0.0,0.0,0.0
2024-08-19 12:05:00-04:00,15.30210018157959,15.309900283813477,15.275699615478516,15.28499984741211,137135,0.0,0.0,0.0
2024-08-19 12:10:00-04:00,15.279999732971191,15.279999732971191,15.225700378417969,15.239899635314941,257105,0.0,0.0,0.0
2024-08-19 12:15:00-04:00,15.229999542236328,15.263299942016602,15.229999542236328,15.260000228881836,365717,0.0,0.0,0.0
2024-08-19 12:20:00-04:00,15.265000343322754,15.279899597167969,15.244999885559082,15.2608003616333,94175,0.0,0.0,0.0
2024-08-19 12:25:00-04:00,15.269700050354004,15.269700050354004,15.199999809265137,15.21500015258789,113932,0.0,0.0,0.0
2024-08-19 12:30:00-04:00,15.220000267028809,15.260700225830078,15.220000267028809,15.260700225830078,281697,0.0,0.0,0.0
2024-08-19 12:35:00-04:00,15.25979995727539,15.25979995727539,15.21500015258789,15.231499671936035,73870,0.0,0.0,0.0
2024-08-19 12:40:00-04:00,15.220399856567383,15.259900093078613,15.220000267028809,15.25,57171,0.0,0.0,0.0
2024-08-19 12:45:00-04:00,15.250300407409668,15.255000114440918,15.23799991607666,15.25,28606,0.0,0.0,0.0
2024-08-19 12:50:00-04:00,15.25,15.255000114440918,15.220000267028809,15.229999542236328,42369,0.0,0.0,0.0
2024-08-19 12:55:00-04:00,15.229999542236328,15.239999771118164,15.210000038146973,15.215999603271484,37258,0.0,0.0,0.0
2024-08-19 13:00:00-04:00,15.210000038146973,15.23840045928955,15.204000473022461,15.204999923706055,42463,0.0,0.0,0.0
2024-08-19 13:05:00-04:00,15.199999809265137,15.205300331115723,15.174200057983398,15.1850004196167,87727,0.0,0.0,0.0
2024-08-19 13:10:00-04:00,15.1850004196167,15.210000038146973,15.184000015258789,15.20989990234375,63137,0.0,0.0,0.0
2024-08-19 13:15:00-04:00,15.209600448608398,15.21500015258789,15.180000305175781,15.180000305175781,42826,0.0,0.0,0.0
2024-08-19 13:20:00-04:00,15.184000015258789,15.1899995803833,15.164999961853027,15.170299530029297,72650,0.0,0.0,0.0
2024-08-19 13:25:00-04:00,15.175000190734863,15.194999694824219,15.170100212097168,15.189800262451172,74514,0.0,0.0,0.0
2024-08-19 13:30:00-04:00,15.1850004196167,15.225000381469727,15.169300079345703,15.169300079345703,264668,0.0,0.0,0.0
2024-08-19 13:35:00-04:00,15.164999961853027,15.166600227355957,15.114999771118164,15.149999618530273,696257,0.0,0.0,0.0
2024-08-19 13:40:00-04:00,15.140000343322754,15.149999618530273,15.125,15.13010025024414,74147,0.0,0.0,0.0
2024-08-19 13:45:00-04:00,15.145000457763672,15.154999732971191,15.13010025024414,15.149999618530273,73550,0.0,0.0,0.0
2024-08-19 13:50:00-04:00,15.145000457763672,15.170000076293945,15.141300201416016,15.150699615478516,37256,0.0,0.0,0.0
2024-08-19 13:55:00-04:00,15.149999618530273,15.149999618530273,15.125,15.130000114440918,58606,0.0,0.0,0.0
2024-08-19 14:00:00-04:00,15.121700286865234,15.146599769592285,15.100000381469727,15.119999885559082,247257,0.0,0.0,0.0
2024-08-19 14:05:00-04:00,15.11870002746582,15.138299942016602,15.109999656677246,15.138299942016602,98542,0.0,0.0,0.0
2024-08-19 14:10:00-04:00,15.136699676513672,15.149900436401367,15.130000114440918,15.131799697875977,41063,0.0,0.0,0.0
2024-08-19 14:15:00-04:00,15.137399673461914,15.137399673461914,15.109999656677246,15.114999771118164,175817,0.0,0.0,0.0
2024-08-19 14:20:00-04:00,15.11520004272461,15.135000228881836,15.09000015258789,15.095000267028809,186903,0.0,0.0,0.0
2024-08-19 14:25:00-04:00,15.099900245666504,15.119999885559082,15.071999549865723,15.074999809265137,160369,0.0,0.0,0.0
2024-08-19 14:30:00-04:00,15.07349967956543,15.079999923706055,15.050000190734863,15.050200462341309,121066,0.0,0.0,0.0
2024-08-19 14:35:00-04:00,15.055000305175781,15.057900428771973,15.039999961853027,15.039999961853027,251210,0.0,0.0,0.0
2024-08-19 14:40:00-04:00,15.04990005493164,15.04990005493164,15.013799667358398,15.029999732971191,155644,0.0,0.0,0.0
2024-08-19 14:45:00-04:00,15.022500038146973,15.040499687194824,15.019700050354004,15.03499984741211,79914,0.0,0.0,0.0
2024-08-19 14:50:00-04:00,15.039999961853027,15.055999755859375,15.034000396728516,15.039799690246582,270989,0.0,0.0,0.0
2024-08-19 14:55:00-04:00,15.037699699401855,15.050000190734863,15.030099868774414,15.03499984741211,79203,0.0,0.0,0.0
2024-08-19 15:00:00-04:00,15.039999961853027,15.074999809265137,15.039899826049805,15.065299987792969,160939,0.0,0.0,0.0
2024-08-19 15:05:00-04:00,15.069999694824219,15.0871000289917,15.0600004196167,15.069999694824219,237650,0.0,0.0,0.0
2024-08-19 15:10:00-04:00,15.079999923706055,15.095000267028809,15.062399864196777,15.088000297546387,198699,0.0,0.0,0.0
2024-08-19 15:15:00-04:00,15.09000015258789,15.105999946594238,15.083999633789062,15.092499732971191,223948,0.0,0.0,0.0
2024-08-19 15:20:00-04:00,15.09000015258789,15.119999885559082,15.080100059509277,15.09000015258789,139536,0.0,0.0,0.0
2024-08-19 15:25:00-04:00,15.09000015258789,15.09000015258789,15.06410026550293,15.069999694824219,93312,0.0,0.0,0.0
2024-08-19 15:30:00-04:00,15.085000038146973,15.119999885559082,15.085000038146973,15.11989974975586,135995,0.0,0.0,0.0
2024-08-19 15:35:00-04:00,15.119999885559082,15.149999618530273,15.118300437927246,15.140000343322754,230389,0.0,0.0,0.0
2024-08-19 15:40:00-04:00,15.135000228881836,15.145000457763672,15.10569953918457,15.111900329589844,165283,0.0,0.0,0.0
2024-08-19 15:45:00-04:00,15.114999771118164,15.120100021362305,15.09000015258789,15.114999771118164,113153,0.0,0.0,0.0
2024-08-19 15:50:00-04:00,15.109999656677246,15.119999885559082,15.0600004196167,15.0600004196167,638935,0.0,0.0,0.0
2024-08-19 15:55:00-04:00,15.0600004196167,15.0649995803833,14.979999542236328,14.979999542236328,647286,0.0,0.0,0.0
2024-08-20 09:30:00-04:00,15.050000190734863,15.1358003616333,15.050000190734863,15.100000381469727,1292116,0.0,0.0,0.0
2024-08-20 09:35:00-04:00,15.085000038146973,15.149999618530273,15.050999641418457,15.145000457763672,415190,0.0,0.0,0.0
2024-08-20 09:40:00-04:00,15.140000343322754,15.140000343322754,15.050100326538086,15.079999923706055,280159,0.0,0.0,0.0
2024-08-20 09:45:00-04:00,15.095000267028809,15.234999656677246,15.09000015258789,15.199999809265137,572815,0.0,0.0,0.0
2024-08-20 09:50:00-04:00,15.199999809265137,15.218999862670898,15.135000228881836,15.15999984741211,362481,0.0,0.0,0.0
2024-08-20 09:55:00-04:00,15.159799575805664,15.20989990234375,15.119999885559082,15.15999984741211,164837,0.0,0.0,0.0
2024-08-20 10:00:00-04:00,15.169899940490723,15.199899673461914,15.140000343322754,15.179800033569336,351278,0.0,0.0,0.0
2024-08-20 10:05:00-04:00,15.177300453186035,15.219900131225586,15.140000343322754,15.166500091552734,688905,0.0,0.0,0.0
2024-08-20 10:10:00-04:00,15.170000076293945,15.319999694824219,15.170000076293945,15.27750015258789,539093,0.0,0.0,0.0
2024-08-20 10:15:00-04:00,15.279999732971191,15.409899711608887,15.279999732971191,15.404999732971191,461459,0.0,0.0,0.0
2024-08-20 10:20:00-04:00,15.399999618530273,15.418999671936035,15.369999885559082,15.399999618530273,222799,0.0,0.0,0.0
2024-08-20 10:25:00-04:00,15.395000457763672,15.437800407409668,15.375,15.40999984741211,245669,0.0,0.0,0.0
2024-08-20 10:30:00-04:00,15.408699989318848,15.429900169372559,15.380000114440918,15.385100364685059,447344,0.0,0.0,0.0
2024-08-20 10:35:00-04:00,15.390000343322754,15.45989990234375,15.390000343322754,15.444999694824219,521464,0.0,0.0,0.0
2024-08-20 10:40:00-04:00,15.4399995803833,15.529800415039062,15.420000076293945,15.529800415039062,672734,0.0,0.0,0.0
2024-08-20 10:45:00-04:00,15.520000457763672,15.520000457763672,15.45009994506836,15.465100288391113,318200,0.0,0.0,0.0
2024-08-20 10:50:00-04:00,15.470000267028809,15.5,15.460000038146973,15.496700286865234,173523,0.0,0.0,0.0
2024-08-20 10:55:00-04:00,15.489999771118164,15.579999923706055,15.479999542236328,15.579999923706055,494754,0.0,0.0,0.0
2024-08-20 11:00:00-04:00,15.593999862670898,15.609999656677246,15.5600004196167,15.569999694824219,535022,0.0,0.0,0.0
2024-08-20 11:05:00-04:00,15.570199966430664,15.574999809265137,15.529999732971191,15.530099868774414,365616,0.0,0.0,0.0
2024-08-20 11:10:00-04:00,15.539999961853027,15.569999694824219,15.529999732971191,15.555000305175781,209233,0.0,0.0,0.0
2024-08-20 11:15:00-04:00,15.569700241088867,15.569999694824219,15.53499984741211,15.550000190734863,210030,0.0,0.0,0.0
2024-08-20 11:20:00-04:00,15.539999961853027,15.550000190734863,15.510000228881836,15.539999961853027,191887,0.0,0.0,0.0
2024-08-20 11:25:00-04:00,15.552499771118164,15.60990047454834,15.539899826049805,15.569999694824219,248779,0.0,0.0,0.0
2024-08-20 11:30:00-04:00,15.579999923706055,15.600000381469727,15.5600004196167,15.5600004196167,82163,0.0,0.0,0.0
2024-08-20 11:35:00-04:00,15.5600004196167,15.569999694824219,15.510000228881836,15.520299911499023,251628,0.0,0.0,0.0
2024-08-20 11:40:00-04:00,15.520999908447266,15.569999694824219,15.510100364685059,15.547699928283691,258607,0.0,0.0,0.0
2024-08-20 11:45:00-04:00,15.546699523925781,15.570599555969238,15.539999961853027,15.555999755859375,135290,0.0,0.0,0.0
2024-08-20 11:50:00-04:00,15.550000190734863,15.5649995803833,15.5,15.50979995727539,131310,0.0,0.0,0.0
2024-08-20 11:55:00-04:00,15.502400398254395,15.512399673461914,15.4399995803833,15.449700355529785,254710,0.0,0.0,0.0
2024-08-20 12:00:00-04:00,15.449899673461914,15.486000061035156,15.449899673461914,15.469900131225586,148530,0.0,0.0,0.0
2024-08-20 12:05:00-04:00,15.460100173950195,15.479900360107422,15.452699661254883,15.461700439453125,219919,0.0,0.0,0.0
2024-08-20 12:10:00-04:00,15.460000038146973,15.509900093078613,15.454999923706055,15.496000289916992,133343,0.0,0.0,0.0
2024-08-20 12:15:00-04:00,15.494999885559082,15.539999961853027,15.490099906921387,15.529999732971191,357031,0.0,0.0,0.0
2024-08-20 12:20:00-04:00,15.53909969329834,15.550000190734863,15.515000343322754,15.526000022888184,59160,0.0,0.0,0.0
2024-08-20 12:25:00-04:00,15.524999618530273,15.54010009765625,15.513199806213379,15.529999732971191,114691,0.0,0.0,0.0
2024-08-20 12:30:00-04:00,15.545000076293945,15.5600004196167,15.529999732971191,15.555999755859375,69345,0.0,0.0,0.0
2024-08-20 12:35:00-04:00,15.545000076293945,15.579999923706055,15.53499984741211,15.539999961853027,262229,0.0,0.0,0.0
2024-08-20 12:40:00-04:00,15.550000190734863,15.579899787902832,15.54010009765625,15.555000305175781,114720,0.0,0.0,0.0
2024-08-20 12:45:00-04:00,15.5600004196167,15.574999809265137,15.555000305175781,15.5600004196167,227463,0.0,0.0,0.0
2024-08-20 12:50:00-04:00,15.5600004196167,15.619999885559082,15.559800148010254,15.595000267028809,196139,0.0,0.0,0.0
2024-08-20 12:55:00-04:00,15.59000015258789,15.609199523925781,15.570799827575684,15.593299865722656,131218,0.0,0.0,0.0
2024-08-20 13:00:00-04:00,15.605999946594238,15.649999618530273,15.600000381469727,15.61989974975586,181782,0.0,0.0,0.0
2024-08-20 13:05:00-04:00,15.610099792480469,15.630000114440918,15.545000076293945,15.550000190734863,168448,0.0,0.0,0.0
2024-08-20 13:10:00-04:00,15.550000190734863,15.595000267028809,15.550000190734863,15.595000267028809,104381,0.0,0.0,0.0
2024-08-20 13:15:00-04:00,15.595000267028809,15.609999656677246,15.579899787902832,15.590100288391113,81685,0.0,0.0,0.0
2024-08-20 13:20:00-04:00,15.59000015258789,15.639900207519531,15.585000038146973,15.619999885559082,147158,0.0,0.0,0.0
2024-08-20 13:25:00-04:00,15.620100021362305,15.627300262451172,15.580100059509277,15.600000381469727,143254,0.0,0.0,0.0
2024-08-20 13:30:00-04:00,15.601699829101562,15.62909984588623,15.593999862670898,15.595000267028809,101286,0.0,0.0,0.0
2024-08-20 13:35:00-04:00,15.600000381469727,15.640000343322754,15.599900245666504,15.619999885559082,110033,0.0,0.0,0.0
2024-08-20 13:40:00-04:00,15.619999885559082,15.625,15.590100288391113,15.599900245666504,153849,0.0,0.0,0.0
2024-08-20 13:45:00-04:00,15.600000381469727,15.607999801635742,15.553199768066406,15.560099601745605,141539,0.0,0.0,0.0
2024-08-20 13:50:00-04:00,15.567999839782715,15.585000038146973,15.555000305175781,15.569999694824219,121126,0.0,0.0,0.0
2024-08-20 13:55:00-04:00,15.569999694824219,15.585000038146973,15.56980037689209,15.579999923706055,130046,0.0,0.0,0.0
2024-08-20 14:00:00-04:00,15.581299781799316,15.585000038146973,15.54010009765625,15.540300369262695,128478,0.0,0.0,0.0
2024-08-20 14:05:00-04:00,15.550000190734863,15.550600051879883,15.49839973449707,15.510000228881836,259674,0.0,0.0,0.0
2024-08-20 14:10:00-04:00,15.503999710083008,15.510499954223633,15.460000038146973,15.475000381469727,175053,0.0,0.0,0.0
2024-08-20 14:15:00-04:00,15.47029972076416,15.47029972076416,15.430000305175781,15.439900398254395,148988,0.0,0.0,0.0
2024-08-20 14:20:00-04:00,15.432999610900879,15.453100204467773,15.408100128173828,15.40999984741211,148116,0.0,0.0,0.0
2024-08-20 14:25:00-04:00,15.40999984741211,15.45989990234375,15.408699989318848,15.449999809265137,182271,0.0,0.0,0.0
2024-08-20 14:30:00-04:00,15.444999694824219,15.456299781799316,15.430000305175781,15.4399995803833,98409,0.0,0.0,0.0
2024-08-20 14:35:00-04:00,15.444999694824219,15.444999694824219,15.40999984741211,15.40999984741211,210563,0.0,0.0,0.0
2024-08-20 14:40:00-04:00,15.420000076293945,15.430000305175781,15.40999984741211,15.423999786376953,92011,0.0,0.0,0.0
2024-08-20 14:45:00-04:00,15.430000305175781,15.43970012664795,15.390000343322754,15.399900436401367,159595,0.0,0.0,0.0
2024-08-20 14:50:00-04:00,15.390000343322754,15.430000305175781,15.390000343322754,15.419899940490723,145526,0.0,0.0,0.0
2024-08-20 14:55:00-04:00,15.420000076293945,15.4350004196167,15.40999984741211,15.420000076293945,115414,0.0,0.0,0.0
2024-08-20 15:00:00-04:00,15.420000076293945,15.4399995803833,15.40999984741211,15.425000190734863,109135,0.0,0.0,0.0
2024-08-20 15:05:00-04:00,15.430000305175781,15.4399995803833,15.40999984741211,15.430000305175781,116512,0.0,0.0,0.0
2024-08-20 15:10:00-04:00,15.426799774169922,15.426799774169922,15.404999732971191,15.404999732971191,111524,0.0,0.0,0.0
2024-08-20 15:15:00-04:00,15.399999618530273,15.419899940490723,15.390000343322754,15.395000457763672,128515,0.0,0.0,0.0
2024-08-20 15:20:00-04:00,15.395000457763672,15.40999984741211,15.390000343322754,15.406000137329102,78620,0.0,0.0,0.0
2024-08-20 15:25:00-04:00,15.409899711608887,15.420000076293945,15.390000343322754,15.418700218200684,94357,0.0,0.0,0.0
2024-08-20 15:30:00-04:00,15.420000076293945,15.454999923706055,15.409899711608887,15.4350004196167,191879,0.0,0.0,0.0
2024-08-20 15:35:00-04:00,15.4350004196167,15.46500015258789,15.430000305175781,15.454999923706055,129435,0.0,0.0,0.0
2024-08-20 15:40:00-04:00,15.460000038146973,15.460000038146973,15.440099716186523,15.456199645996094,128005,0.0,0.0,0.0
2024-08-20 15:45:00-04:00,15.454999923706055,15.457500457763672,15.430000305175781,15.431300163269043,184172,0.0,0.0,0.0
2024-08-20 15:50:00-04:00,15.430000305175781,15.510000228881836,15.40999984741211,15.5,399451,0.0,0.0,0.0
2024-08-20 15:55:00-04:00,15.500200271606445,15.520000457763672,15.484999656677246,15.5,336049,0.0,0.0,0.0
2024-08-21 09:30:00-04:00,15.199999809265137,15.300000190734863,15.100000381469727,15.279999732971191,1634335,0.0,0.0,0.0
2024-08-21 09:35:00-04:00,15.270000457763672,15.319999694824219,15.255000114440918,15.289999961853027,271396,0.0,0.0,0.0
2024-08-21 09:40:00-04:00,15.300000190734863,15.420000076293945,15.300000190734863,15.3149995803833,349557,0.0,0.0,0.0
2024-08-21 09:45:00-04:00,15.319999694824219,15.350000381469727,15.260000228881836,15.319999694824219,223469,0.0,0.0,0.0
2024-08-21 09:50:00-04:00,15.324999809265137,15.380000114440918,15.319999694824219,15.380000114440918,152326,0.0,0.0,0.0
2024-08-21 09:55:00-04:00,15.377599716186523,15.377599716186523,15.270099639892578,15.300000190734863,239984,0.0,0.0,0.0
2024-08-21 10:00:00-04:00,15.3100004196167,15.329999923706055,15.239999771118164,15.280099868774414,566970,0.0,0.0,0.0
2024-08-21 10:05:00-04:00,15.289999961853027,15.390000343322754,15.279899597167969,15.309900283813477,323473,0.0,0.0,0.0
2024-08-21 10:10:00-04:00,15.309900283813477,15.449899673461914,15.279999732971191,15.427800178527832,237028,0.0,0.0,0.0
2024-08-21 10:15:00-04:00,15.429900169372559,15.468400001525879,15.354999542236328,15.354999542236328,255581,0.0,0.0,0.0
2024-08-21 10:20:00-04:00,15.350000381469727,15.395000457763672,15.34000015258789,15.369999885559082,144837,0.0,0.0,0.0
2024-08-21 10:25:00-04:00,15.36989974975586,15.380000114440918,15.28499984741211,15.300000190734863,172564,0.0,0.0,0.0
2024-08-21 10:30:00-04:00,15.29740047454834,15.359999656677246,15.239999771118164,15.260000228881836,400812,0.0,0.0,0.0
2024-08-21 10:35:00-04:00,15.260000228881836,15.279999732971191,15.145000457763672,15.170000076293945,449432,0.0,0.0,0.0
2024-08-21 10:40:00-04:00,15.164400100708008,15.164400100708008,15.0600004196167,15.119999885559082,400357,0.0,0.0,0.0
2024-08-21 10:45:00-04:00,15.130000114440918,15.270000457763672,15.114999771118164,15.260100364685059,518171,0.0,0.0,0.0
2024-08-21 10:50:00-04:00,15.265000343322754,15.421299934387207,15.255000114440918,15.40999984741211,684565,0.0,0.0,0.0
2024-08-21 10:55:00-04:00,15.419899940490723,15.429900169372559,15.329999923706055,15.34000015258789,272438,0.0,0.0,0.0
2024-08-21 11:00:00-04:00,15.35990047454834,15.425000190734863,15.35420036315918,15.369999885559082,247239,0.0,0.0,0.0
2024-08-21 11:05:00-04:00,15.359999656677246,15.364999771118164,15.321200370788574,15.350000381469727,139648,0.0,0.0,0.0
2024-08-21 11:10:00-04:00,15.34000015258789,15.34000015258789,15.25,15.270099639892578,239440,0.0,0.0,0.0
2024-08-21 11:15:00-04:00,15.270000457763672,15.279999732971191,15.234999656677246,15.270000457763672,143472,0.0,0.0,0.0
2024-08-21 11:20:00-04:00,15.260000228881836,15.287099838256836,15.220100402832031,15.222999572753906,142235,0.0,0.0,0.0
2024-08-21 11:25:00-04:00,15.229999542236328,15.240099906921387,15.1899995803833,15.194999694824219,194564,0.0,0.0,0.0
2024-08-21 11:30:00-04:00,15.199999809265137,15.239999771118164,15.179900169372559,15.194999694824219,158601,0.0,0.0,0.0
2024-08-21 11:35:00-04:00,15.1899995803833,15.199999809265137,15.130000114440918,15.170000076293945,148661,0.0,0.0,0.0
2024-08-21 11:40:00-04:00,15.170000076293945,15.199999809265137,15.145000457763672,15.179900169372559,131514,0.0,0.0,0.0
2024-08-21 11:45:00-04:00,15.175000190734863,15.259300231933594,15.149999618530273,15.25,150808,0.0,0.0,0.0
2024-08-21 11:50:00-04:00,15.25,15.267800331115723,15.229999542236328,15.251700401306152,200096,0.0,0.0,0.0
2024-08-21 11:55:00-04:00,15.260000228881836,15.309900283813477,15.25,15.289999961853027,230725,0.0,0.0,0.0
2024-08-21 12:00:00-04:00,15.289999961853027,15.350000381469727,15.289999961853027,15.319999694824219,175738,0.0,0.0,0.0
2024-08-21 12:05:00-04:00,15.329899787902832,15.329999923706055,15.279899597167969,15.319999694824219,109136,0.0,0.0,0.0
2024-08-21 12:10:00-04:00,15.312299728393555,15.319999694824219,15.279999732971191,15.300000190734863,81488,0.0,0.0,0.0
2024-08-21 12:15:00-04:00,15.293999671936035,15.3100004196167,15.280900001525879,15.286999702453613,98833,0.0,0.0,0.0
2024-08-21 12:20:00-04:00,15.28499984741211,15.28499984741211,15.25,15.260000228881836,86707,0.0,0.0,0.0
2024-08-21 12:25:00-04:00,15.265999794006348,15.279999732971191,15.25,15.270000457763672,39400,0.0,0.0,0.0
2024-08-21 12:30:00-04:00,15.279999732971191,15.295000076293945,15.255000114440918,15.260000228881836,61014,0.0,0.0,0.0
2024-08-21 12:35:00-04:00,15.253700256347656,15.255000114440918,15.223999977111816,15.239999771118164,58460,0.0,0.0,0.0
2024-08-21 12:40:00-04:00,15.234999656677246,15.241299629211426,15.210000038146973,15.220000267028809,37123,0.0,0.0,0.0
2024-08-21 12:45:00-04:00,15.229999542236328,15.229999542236328,15.210000038146973,15.220100402832031,51044,0.0,0.0,0.0
2024-08-21 12:50:00-04:00,15.220000267028809,15.225000381469727,15.194199562072754,15.194999694824219,64137,0.0,0.0,0.0
2024-08-21 12:55:00-04:00,15.199999809265137,15.199999809265137,15.15999984741211,15.17710018157959,180450,0.0,0.0,0.0
2024-08-21 13:00:00-04:00,15.175000190734863,15.1850004196167,15.159899711608887,15.159899711608887,80160,0.0,0.0,0.0
2024-08-21 13:05:00-04:00,15.169899940490723,15.196000099182129,15.169899940490723,15.180100440979004,52793,0.0,0.0,0.0
2024-08-21 13:10:00-04:00,15.189900398254395,15.189900398254395,15.159299850463867,15.180000305175781,50992,0.0,0.0,0.0
2024-08-21 13:15:00-04:00,15.18019962310791,15.190899848937988,15.164999961853027,15.170000076293945,39381,0.0,0.0,0.0
2024-08-21 13:20:00-04:00,15.15999984741211,15.160200119018555,15.141500473022461,15.15999984741211,121167,0.0,0.0,0.0
2024-08-21 13:25:00-04:00,15.15999984741211,15.15999984741211,15.119999885559082,15.12600040435791,73664,0.0,0.0,0.0
2024-08-21 13:30:00-04:00,15.125,15.130000114440918,15.09000015258789,15.098999977111816,131309,0.0,0.0,0.0
2024-08-21 13:35:00-04:00,15.093999862670898,15.119999885559082,15.076000213623047,15.085200309753418,81531,0.0,0.0,0.0
2024-08-21 13:40:00-04:00,15.085000038146973,15.11989974975586,15.069999694824219,15.069999694824219,62225,0.0,0.0,0.0
2024-08-21 13:45:00-04:00,15.074999809265137,15.079999923706055,15.020000457763672,15.029999732971191,284668,0.0,0.0,0.0
2024-08-21 13:50:00-04:00,15.020000457763672,15.029899597167969,14.970000267028809,15.006400108337402,222465,0.0,0.0,0.0
2024-08-21 13:55:00-04:00,15.005000114440918,15.050000190734863,15.0,15.039999961853027,138762,0.0,0.0,0.0
2024-08-21 14:00:00-04:00,15.039999961853027,15.039999961853027,14.960000038146973,14.989999771118164,204384,0.0,0.0,0.0
2024-08-21 14:05:00-04:00,14.989999771118164,15.039999961853027,14.989999771118164,15.015000343322754,154481,0.0,0.0,0.0
2024-08-21 14:10:00-04:00,15.020000457763672,15.039999961853027,14.991299629211426,15.015000343322754,115891,0.0,0.0,0.0
2024-08-21 14:15:00-04:00,15.020000457763672,15.03499984741211,14.996700286865234,15.020099639892578,110945,0.0,0.0,0.0
2024-08-21 14:20:00-04:00,15.020000457763672,15.029899597167969,14.990099906921387,14.994999885559082,71045,0.0,0.0,0.0
2024-08-21 14:25:00-04:00,14.989999771118164,15.0,14.960000038146973,14.974699974060059,136082,0.0,0.0,0.0
2024-08-21 14:30:00-04:00,14.970000267028809,14.970000267028809,14.899999618530273,14.904999732971191,253296,0.0,0.0,0.0
2024-08-21 14:35:00-04:00,14.90999984741211,15.01990032196045,14.90999984741211,14.996999740600586,232319,0.0,0.0,0.0
2024-08-21 14:40:00-04:00,14.99020004272461,15.039999961853027,14.989999771118164,15.020000457763672,190414,0.0,0.0,0.0
2024-08-21 14:45:00-04:00,15.020000457763672,15.0649995803833,15.000100135803223,15.015000343322754,115774,0.0,0.0,0.0
2024-08-21 14:50:00-04:00,15.010499954223633,15.020000457763672,14.979999542236328,14.987299919128418,58704,0.0,0.0,0.0
2024-08-21 14:55:00-04:00,14.994999885559082,15.015000343322754,14.98009967803955,15.010000228881836,75713,0.0,0.0,0.0
2024-08-21 15:00:00-04:00,15.015000343322754,15.079999923706055,15.010000228881836,15.0649995803833,239145,0.0,0.0,0.0
2024-08-21 15:05:00-04:00,15.0649995803833,15.079999923706055,15.039999961853027,15.0600004196167,183514,0.0,0.0,0.0
2024-08-21 15:10:00-04:00,15.050000190734863,15.051899909973145,15.010000228881836,15.026000022888184,145030,0.0,0.0,0.0
2024-08-21 15:15:00-04:00,15.024999618530273,15.039999961853027,14.992799758911133,15.029999732971191,116619,0.0,0.0,0.0
2024-08-21 15:20:00-04:00,15.039999961853027,15.095000267028809,15.039999961853027,15.050000190734863,283246,0.0,0.0,0.0
2024-08-21 15:25:00-04:00,15.050000190734863,15.050299644470215,14.960000038146973,14.979999542236328,174648,0.0,0.0,0.0
2024-08-21 15:30:00-04:00,14.989999771118164,15.010000228881836,14.9399995803833,14.9399995803833,179556,0.0,0.0,0.0
2024-08-21 15:35:00-04:00,14.930000305175781,14.949999809265137,14.919899940490723,14.930000305175781,128235,0.0,0.0,0.0
2024-08-21 15:40:00-04:00,14.930000305175781,14.95989990234375,14.899999618530273,14.949999809265137,267865,0.0,0.0,0.0
2024-08-21 15:45:00-04:00,14.949999809265137,14.970000267028809,14.9350004196167,14.960000038146973,142412,0.0,0.0,0.0
2024-08-21 15:50:00-04:00,14.960000038146973,14.960000038146973,14.920000076293945,14.925000190734863,500778,0.0,0.0,0.0
2024-08-21 15:55:00-04:00,14.920000076293945,14.930000305175781,14.875,14.916199684143066,408443,0.0,0.0,0.0
2024-08-22 09:30:00-04:00,14.899999618530273,14.969900131225586,14.880000114440918,14.90719985961914,819952,0.0,0.0,0.0
2024-08-22 09:35:00-04:00,14.90999984741211,14.96720027923584,14.859999656677246,14.866700172424316,343098,0.0,0.0,0.0
2024-08-22 09:40:00-04:00,14.859999656677246,14.859999656677246,14.800100326538086,14.824999809265137,383743,0.0,0.0,0.0
2024-08-22 09:45:00-04:00,14.819999694824219,15.039999961853027,14.729999542236328,15.029999732971191,858604,0.0,0.0,0.0
2024-08-22 09:50:00-04:00,15.029999732971191,15.119999885559082,15.029999732971191,15.03499984741211,423304,0.0,0.0,0.0
2024-08-22 09:55:00-04:00,15.039999961853027,15.069700241088867,14.989999771118164,15.039899826049805,309792,0.0,0.0,0.0
2024-08-22 10:00:00-04:00,15.029999732971191,15.079999923706055,15.020000457763672,15.045000076293945,126396,0.0,0.0,0.0
2024-08-22 10:05:00-04:00,15.050000190734863,15.140000343322754,15.029999732971191,15.11400032043457,419723,0.0,0.0,0.0
2024-08-22 10:10:00-04:00,15.114999771118164,15.189900398254395,15.104399681091309,15.15999984741211,465773,0.0,0.0,0.0
2024-08-22 10:15:00-04:00,15.164400100708008,15.22130012512207,15.159899711608887,15.210000038146973,348440,0.0,0.0,0.0
2024-08-22 10:20:00-04:00,15.199999809265137,15.210000038146973,15.129899978637695,15.130000114440918,197344,0.0,0.0,0.0
2024-08-22 10:25:00-04:00,15.130000114440918,15.156299591064453,15.108699798583984,15.135000228881836,131543,0.0,0.0,0.0
2024-08-22 10:30:00-04:00,15.130000114440918,15.194999694824219,15.125,15.130000114440918,168717,0.0,0.0,0.0
2024-08-22 10:35:00-04:00,15.130000114440918,15.140000343322754,15.08549976348877,15.08549976348877,167033,0.0,0.0,0.0
2024-08-22 10:40:00-04:00,15.09000015258789,15.090800285339355,15.039999961853027,15.085000038146973,198587,0.0,0.0,0.0
2024-08-22 10:45:00-04:00,15.069999694824219,15.088899612426758,15.039999961853027,15.088899612426758,126810,0.0,0.0,0.0
2024-08-22 10:50:00-04:00,15.079999923706055,15.100000381469727,15.039999961853027,15.039999961853027,128033,0.0,0.0,0.0
2024-08-22 10:55:00-04:00,15.042799949645996,15.062199592590332,15.020000457763672,15.062199592590332,181154,0.0,0.0,0.0
2024-08-22 11:00:00-04:00,15.060099601745605,15.060099601745605,15.0,15.020000457763672,180975,0.0,0.0,0.0
2024-08-22 11:05:00-04:00,15.020000457763672,15.109999656677246,15.010000228881836,15.099699974060059,208409,0.0,0.0,0.0
2024-08-22 11:10:00-04:00,15.100000381469727,15.114999771118164,15.069999694824219,15.09000015258789,93578,0.0,0.0,0.0
2024-08-22 11:15:00-04:00,15.095000267028809,15.149999618530273,15.081299781799316,15.149999618530273,551319,0.0,0.0,0.0
2024-08-22 11:20:00-04:00,15.145000457763672,15.1899995803833,15.14430046081543,15.15999984741211,331478,0.0,0.0,0.0
2024-08-22 11:25:00-04:00,15.15999984741211,15.170000076293945,15.090100288391113,15.109999656677246,188141,0.0,0.0,0.0
2024-08-22 11:30:00-04:00,15.109999656677246,15.149999618530273,15.098699569702148,15.119999885559082,187663,0.0,0.0,0.0
2024-08-22 11:35:00-04:00,15.125,15.169899940490723,15.079999923706055,15.169899940490723,149415,0.0,0.0,0.0
2024-08-22 11:40:00-04:00,15.15999984741211,15.234999656677246,15.12969970703125,15.22599983215332,194524,0.0,0.0,0.0
2024-08-22 11:45:00-04:00,15.229999542236328,15.25,15.170000076293945,15.25,219709,0.0,0.0,0.0
2024-08-22 11:50:00-04:00,15.24020004272461,15.268799781799316,15.228899955749512,15.249899864196777,245125,0.0,0.0,0.0
2024-08-22 11:55:00-04:00,15.25,15.270000457763672,15.1899995803833,15.220000267028809,108856,0.0,0.0,0.0
2024-08-22 12:00:00-04:00,15.225000381469727,15.225000381469727,15.149999618530273,15.154999732971191,215077,0.0,0.0,0.0
2024-08-22 12:05:00-04:00,15.15999984741211,15.164999961853027,15.08899974822998,15.09000015258789,101925,0.0,0.0,0.0
2024-08-22 12:10:00-04:00,15.085000038146973,15.130000114440918,15.069999694824219,15.109999656677246,136040,0.0,0.0,0.0
2024-08-22 12:15:00-04:00,15.109999656677246,15.138699531555176,15.100000381469727,15.100000381469727,119112,0.0,0.0,0.0
2024-08-22 12:20:00-04:00,15.100000381469727,15.104999542236328,15.050000190734863,15.053999900817871,72387,0.0,0.0,0.0
2024-08-22 12:25:00-04:00,15.0600004196167,15.069999694824219,15.000100135803223,15.036800384521484,205897,0.0,0.0,0.0
2024-08-22 12:30:00-04:00,15.039999961853027,15.059900283813477,15.029999732971191,15.050000190734863,136609,0.0,0.0,0.0
2024-08-22 12:35:00-04:00,15.040399551391602,15.040399551391602,15.0,15.010000228881836,72457,0.0,0.0,0.0
2024-08-22 12:40:00-04:00,15.020000457763672,15.039999961853027,14.998700141906738,15.018899917602539,114730,0.0,0.0,0.0
2024-08-22 12:45:00-04:00,15.024999618530273,15.081299781799316,15.024999618530273,15.079999923706055,147376,0.0,0.0,0.0
2024-08-22 12:50:00-04:00,15.074299812316895,15.180000305175781,15.070099830627441,15.180000305175781,156971,0.0,0.0,0.0
2024-08-22 12:55:00-04:00,15.180000305175781,15.219900131225586,15.170000076293945,15.199999809265137,136355,0.0,0.0,0.0
2024-08-22 13:00:00-04:00,15.199999809265137,15.265000343322754,15.199999809265137,15.229999542236328,165608,0.0,0.0,0.0
2024-08-22 13:05:00-04:00,15.229999542236328,15.255000114440918,15.1899995803833,15.199999809265137,119853,0.0,0.0,0.0
2024-08-22 13:10:00-04:00,15.204999923706055,15.210000038146973,15.144000053405762,15.20989990234375,127121,0.0,0.0,0.0
2024-08-22 13:15:00-04:00,15.199999809265137,15.199999809265137,15.158699989318848,15.180000305175781,91249,0.0,0.0,0.0
2024-08-22 13:20:00-04:00,15.180000305175781,15.190099716186523,15.16569995880127,15.180000305175781,170646,0.0,0.0,0.0
2024-08-22 13:25:00-04:00,15.175000190734863,15.229700088500977,15.175000190734863,15.229700088500977,153017,0.0,0.0,0.0
2024-08-22 13:30:00-04:00,15.225000381469727,15.317399978637695,15.225000381469727,15.289899826049805,262931,0.0,0.0,0.0
2024-08-22 13:35:00-04:00,15.28499984741211,15.291299819946289,15.211000442504883,15.229900360107422,171727,0.0,0.0,0.0
2024-08-22 13:40:00-04:00,15.224100112915039,15.25,15.210000038146973,15.225299835205078,238777,0.0,0.0,0.0
2024-08-22 13:45:00-04:00,15.225000381469727,15.279999732971191,15.214799880981445,15.274999618530273,103647,0.0,0.0,0.0
2024-08-22 13:50:00-04:00,15.279999732971191,15.32610034942627,15.258700370788574,15.32610034942627,130706,0.0,0.0,0.0
2024-08-22 13:55:00-04:00,15.319999694824219,15.339900016784668,15.3100004196167,15.324199676513672,125007,0.0,0.0,0.0
2024-08-22 14:00:00-04:00,15.329999923706055,15.350099563598633,15.3100004196167,15.319999694824219,118629,0.0,0.0,0.0
2024-08-22 14:05:00-04:00,15.319999694824219,15.329000473022461,15.25,15.260000228881836,79457,0.0,0.0,0.0
2024-08-22 14:10:00-04:00,15.260000228881836,15.289999961853027,15.239999771118164,15.244999885559082,87356,0.0,0.0,0.0
2024-08-22 14:15:00-04:00,15.239999771118164,15.25,15.199999809265137,15.20009994506836,88592,0.0,0.0,0.0
2024-08-22 14:20:00-04:00,15.199999809265137,15.234999656677246,15.19379997253418,15.229999542236328,88708,0.0,0.0,0.0
2024-08-22 14:25:00-04:00,15.229999542236328,15.25,15.180000305175781,15.194999694824219,147411,0.0,0.0,0.0
2024-08-22 14:30:00-04:00,15.199999809265137,15.21500015258789,15.170000076293945,15.1899995803833,125841,0.0,0.0,0.0
2024-08-22 14:35:00-04:00,15.1899995803833,15.218700408935547,15.180100440979004,15.199999809265137,61764,0.0,0.0,0.0
2024-08-22 14:40:00-04:00,15.20419979095459,15.220000267028809,15.1850004196167,15.1850004196167,83455,0.0,0.0,0.0
2024-08-22 14:45:00-04:00,15.180000305175781,15.180000305175781,15.130000114440918,15.170000076293945,83905,0.0,0.0,0.0
2024-08-22 14:50:00-04:00,15.170000076293945,15.199999809265137,15.15999984741211,15.199799537658691,158676,0.0,0.0,0.0
2024-08-22 14:55:00-04:00,15.1899995803833,15.225000381469727,15.171299934387207,15.218899726867676,95324,0.0,0.0,0.0
2024-08-22 15:00:00-04:00,15.210000038146973,15.210000038146973,15.140000343322754,15.140000343322754,86090,0.0,0.0,0.0
2024-08-22 15:05:00-04:00,15.149900436401367,15.170000076293945,15.133500099182129,15.140000343322754,65854,0.0,0.0,0.0
2024-08-22 15:10:00-04:00,15.141300201416016,15.141300201416016,15.100099563598633,15.115799903869629,79326,0.0,0.0,0.0
2024-08-22 15:15:00-04:00,15.114700317382812,15.130000114440918,15.09000015258789,15.11989974975586,240092,0.0,0.0,0.0
2024-08-22 15:20:00-04:00,15.114999771118164,15.206199645996094,15.114999771118164,15.200200080871582,185308,0.0,0.0,0.0
2024-08-22 15:25:00-04:00,15.210000038146973,15.229999542236328,15.1899995803833,15.229999542236328,121420,0.0,0.0,0.0
2024-08-22 15:30:00-04:00,15.225000381469727,15.25,15.199999809265137,15.249899864196777,609652,0.0,0.0,0.0
2024-08-22 15:35:00-04:00,15.244999885559082,15.260000228881836,15.210000038146973,15.25,203824,0.0,0.0,0.0
2024-08-22 15:40:00-04:00,15.260000228881836,15.300000190734863,15.255000114440918,15.295000076293945,194817,0.0,0.0,0.0
2024-08-22 15:45:00-04:00,15.295000076293945,15.315899848937988,15.25,15.250100135803223,189472,0.0,0.0,0.0
2024-08-22 15:50:00-04:00,15.260000228881836,15.399999618530273,15.23009967803955,15.364999771118164,514123,0.0,0.0,0.0
2024-08-22 15:55:00-04:00,15.369999885559082,15.395000457763672,15.300000190734863,15.300000190734863,652363,0.0,0.0,0.0
2024-08-23 09:30:00-04:00,15.010000228881836,15.03499984741211,14.914999961853027,14.930100440979004,1284351,0.0,0.0,0.0
2024-08-23 09:35:00-04:00,14.930000305175781,14.9350004196167,14.767200469970703,14.800000190734863,449502,0.0,0.0,0.0
2024-08-23 09:40:00-04:00,14.789999961853027,14.869999885559082,14.760100364685059,14.869999885559082,364504,0.0,0.0,0.0
2024-08-23 09:45:00-04:00,14.869999885559082,14.920000076293945,14.830100059509277,14.914999961853027,310481,0.0,0.0,0.0
2024-08-23 09:50:00-04:00,14.920000076293945,15.069999694824219,14.920000076293945,14.979700088500977,548281,0.0,0.0,0.0
2024-08-23 09:55:00-04:00,14.979999542236328,14.989500045776367,14.9399995803833,14.9399995803833,211878,0.0,0.0,0.0
2024-08-23 10:00:00-04:00,14.964699745178223,14.968299865722656,14.48900032043457,14.50629997253418,1240427,0.0,0.0,0.0
2024-08-23 10:05:00-04:00,14.5,14.65999984741211,14.40999984741211,14.439900398254395,981922,0.0,0.0,0.0
2024-08-23 10:10:00-04:00,14.430000305175781,14.45419979095459,14.170000076293945,14.269700050354004,1589774,0.0,0.0,0.0
2024-08-23 10:15:00-04:00,14.260000228881836,14.510000228881836,14.225000381469727,14.4399995803833,1005938,0.0,0.0,0.0
2024-08-23 10:20:00-04:00,14.440199851989746,14.449999809265137,14.170000076293945,14.179200172424316,762792,0.0,0.0,0.0
2024-08-23 10:25:00-04:00,14.175000190734863,14.24470043182373,14.079999923706055,14.109999656677246,779352,0.0,0.0,0.0
2024-08-23 10:30:00-04:00,14.109999656677246,14.114999771118164,14.039999961853027,14.085000038146973,698007,0.0,0.0,0.0
2024-08-23 10:35:00-04:00,14.089900016784668,14.180000305175781,14.081299781799316,14.149900436401367,603973,0.0,0.0,0.0
2024-08-23 10:40:00-04:00,14.149999618530273,14.1899995803833,13.960000038146973,13.96500015258789,783811,0.0,0.0,0.0
2024-08-23 10:45:00-04:00,13.960100173950195,14.3149995803833,13.95989990234375,14.28499984741211,1022595,0.0,0.0,0.0
2024-08-23 10:50:00-04:00,14.28499984741211,14.390000343322754,14.229999542236328,14.229999542236328,771854,0.0,0.0,0.0
2024-08-23 10:55:00-04:00,14.239999771118164,14.255000114440918,14.0649995803833,14.100000381469727,684867,0.0,0.0,0.0
2024-08-23 11:00:00-04:00,14.100000381469727,14.170000076293945,14.055000305175781,14.0600004196167,646808,0.0,0.0,0.0
2024-08-23 11:05:00-04:00,14.0600004196167,14.069999694824219,13.904999732971191,13.904999732971191,687474,0.0,0.0,0.0
2024-08-23 11:10:00-04:00,13.909899711608887,14.069899559020996,13.880000114440918,13.899900436401367,722914,0.0,0.0,0.0
2024-08-23 11:15:00-04:00,13.899900436401367,13.899999618530273,13.835000038146973,13.859999656677246,622370,0.0,0.0,0.0
2024-08-23 11:20:00-04:00,13.84630012512207,13.919899940490723,13.845000267028809,13.859999656677246,500133,0.0,0.0,0.0
2024-08-23 11:25:00-04:00,13.850000381469727,13.904999732971191,13.800000190734863,13.809900283813477,282927,0.0,0.0,0.0
2024-08-23 11:30:00-04:00,13.819999694824219,13.824999809265137,13.770000457763672,13.779999732971191,426038,0.0,0.0,0.0
2024-08-23 11:35:00-04:00,13.786299705505371,13.8100004196167,13.75,13.760000228881836,329649,0.0,0.0,0.0
2024-08-23 11:40:00-04:00,13.760000228881836,13.899999618530273,13.72070026397705,13.87660026550293,449901,0.0,0.0,0.0
2024-08-23 11:45:00-04:00,13.875,13.979999542236328,13.870100021362305,13.885700225830078,388315,0.0,0.0,0.0
2024-08-23 11:50:00-04:00,13.899999618530273,14.009900093078613,13.890700340270996,13.975000381469727,305486,0.0,0.0,0.0
2024-08-23 11:55:00-04:00,13.975000381469727,14.050000190734863,13.9399995803833,14.030099868774414,507618,0.0,0.0,0.0
2024-08-23 12:00:00-04:00,14.029999732971191,14.140000343322754,14.015000343322754,14.0649995803833,475484,0.0,0.0,0.0
2024-08-23 12:05:00-04:00,14.0649995803833,14.140000343322754,13.9891996383667,13.999899864196777,273282,0.0,0.0,0.0
2024-08-23 12:10:00-04:00,13.994999885559082,14.050000190734863,13.9399995803833,14.029999732971191,200570,0.0,0.0,0.0
2024-08-23 12:15:00-04:00,14.029899597167969,14.0600004196167,13.953300476074219,13.960000038146973,181786,0.0,0.0,0.0
2024-08-23 12:20:00-04:00,13.949999809265137,13.999899864196777,13.930000305175781,13.999899864196777,106432,0.0,0.0,0.0
2024-08-23 12:25:00-04:00,13.989999771118164,14.055000305175781,13.9798002243042,13.989999771118164,244730,0.0,0.0,0.0
2024-08-23 12:30:00-04:00,13.989999771118164,14.0,13.90999984741211,13.920000076293945,162975,0.0,0.0,0.0
2024-08-23 12:35:00-04:00,13.90999984741211,13.9350004196167,13.86870002746582,13.920000076293945,162666,0.0,0.0,0.0
2024-08-23 12:40:00-04:00,13.9399995803833,14.116000175476074,13.925000190734863,14.069999694824219,264432,0.0,0.0,0.0
2024-08-23 12:45:00-04:00,14.069999694824219,14.125,14.052399635314941,14.085000038146973,329986,0.0,0.0,0.0
2024-08-23 12:50:00-04:00,14.09000015258789,14.095499992370605,14.01200008392334,14.029999732971191,310556,0.0,0.0,0.0
2024-08-23 12:55:00-04:00,14.024999618530273,14.024999618530273,13.949999809265137,13.989899635314941,137743,0.0,0.0,0.0
2024-08-23 13:00:00-04:00,13.989999771118164,14.000200271606445,13.939900398254395,13.947799682617188,91231,0.0,0.0,0.0
2024-08-23 13:05:00-04:00,13.944999694824219,13.970000267028809,13.924300193786621,13.96500015258789,130624,0.0,0.0,0.0
2024-08-23 13:10:00-04:00,13.960000038146973,14.01099967956543,13.95989990234375,13.989999771118164,158734,0.0,0.0,0.0
2024-08-23 13:15:00-04:00,13.968999862670898,13.979999542236328,13.949999809265137,13.970000267028809,47666,0.0,0.0,0.0
2024-08-23 13:20:00-04:00,13.970000267028809,13.998700141906738,13.949999809265137,13.953399658203125,113541,0.0,0.0,0.0
2024-08-23 13:25:00-04:00,13.959799766540527,13.979999542236328,13.938699722290039,13.949899673461914,90124,0.0,0.0,0.0
2024-08-23 13:30:00-04:00,13.949899673461914,13.960000038146973,13.931599617004395,13.95009994506836,21544,0.0,0.0,0.0
2024-08-23 13:35:00-04:00,13.96500015258789,13.96500015258789,13.930000305175781,13.930000305175781,100736,0.0,0.0,0.0
2024-08-23 13:40:00-04:00,13.930100440979004,13.960000038146973,13.90999984741211,13.914999961853027,74084,0.0,0.0,0.0
2024-08-23 13:45:00-04:00,13.912400245666504,13.9399995803833,13.910099983215332,13.930100440979004,37785,0.0,0.0,0.0
2024-08-23 13:50:00-04:00,13.930999755859375,13.949899673461914,13.90999984741211,13.919899940490723,208358,0.0,0.0,0.0
2024-08-23 13:55:00-04:00,13.920000076293945,13.944999694824219,13.902000427246094,13.917200088500977,39913,0.0,0.0,0.0
2024-08-23 14:00:00-04:00,13.9197998046875,13.939900398254395,13.90999984741211,13.914999961853027,33504,0.0,0.0,0.0
2024-08-23 14:05:00-04:00,13.929900169372559,13.930000305175781,13.899999618530273,13.925000190734863,121455,0.0,0.0,0.0
2024-08-23 14:10:00-04:00,13.920000076293945,13.9399995803833,13.90999984741211,13.920000076293945,66394,0.0,0.0,0.0
2024-08-23 14:15:00-04:00,13.920000076293945,13.930000305175781,13.90999984741211,13.914999961853027,79690,0.0,0.0,0.0
2024-08-23 14:20:00-04:00,13.90999984741211,13.987600326538086,13.900099754333496,13.925000190734863,196562,0.0,0.0,0.0
2024-08-23 14:25:00-04:00,13.930000305175781,13.949999809265137,13.921899795532227,13.9350004196167,103652,0.0,0.0,0.0
2024-08-23 14:30:00-04:00,13.9399995803833,13.999899864196777,13.934000015258789,13.98009967803955,148345,0.0,0.0,0.0
2024-08-23 14:35:00-04:00,13.984999656677246,14.0,13.954000473022461,13.970000267028809,161331,0.0,0.0,0.0
2024-08-23 14:40:00-04:00,13.953700065612793,13.999899864196777,13.949999809265137,13.999699592590332,87138,0.0,0.0,0.0
2024-08-23 14:45:00-04:00,13.989999771118164,14.010000228881836,13.970100402832031,13.973999977111816,68787,0.0,0.0,0.0
2024-08-23 14:50:00-04:00,13.989999771118164,14.010000228881836,13.970100402832031,14.009900093078613,235913,0.0,0.0,0.0
2024-08-23 14:55:00-04:00,14.010000228881836,14.0600004196167,14.0,14.020000457763672,354752,0.0,0.0,0.0
2024-08-23 15:00:00-04:00,14.024999618530273,14.06470012664795,14.015000343322754,14.042799949645996,99708,0.0,0.0,0.0
2024-08-23 15:05:00-04:00,14.045000076293945,14.055000305175781,14.020000457763672,14.020000457763672,82740,0.0,0.0,0.0
2024-08-23 15:10:00-04:00,14.01990032196045,14.020000457763672,13.949999809265137,13.960000038146973,194540,0.0,0.0,0.0
2024-08-23 15:15:00-04:00,13.960000038146973,13.980999946594238,13.949999809265137,13.960000038146973,82681,0.0,0.0,0.0
2024-08-23 15:20:00-04:00,13.96500015258789,13.970000267028809,13.918299674987793,13.918700218200684,98126,0.0,0.0,0.0
2024-08-23 15:25:00-04:00,13.914999961853027,13.930000305175781,13.899999618530273,13.904999732971191,65360,0.0,0.0,0.0
2024-08-23 15:30:00-04:00,13.90999984741211,13.949999809265137,13.904999732971191,13.9350004196167,107341,0.0,0.0,0.0
2024-08-23 15:35:00-04:00,13.939900398254395,13.979999542236328,13.920000076293945,13.970000267028809,264143,0.0,0.0,0.0
2024-08-23 15:40:00-04:00,13.960100173950195,13.96969985961914,13.930000305175781,13.960000038146973,90775,0.0,0.0,0.0
2024-08-23 15:45:00-04:00,13.960000038146973,13.989999771118164,13.923399925231934,13.940099716186523,290629,0.0,0.0,0.0
2024-08-23 15:50:00-04:00,13.930000305175781,13.960000038146973,13.90999984741211,13.914999961853027,316280,0.0,0.0,0.0
2024-08-23 15:55:00-04:00,13.90999984741211,13.944999694824219,13.861499786376953,13.890000343322754,476814,0.0,0.0,0.0
2024-08-26 09:30:00-04:00,13.59000015258789,13.75,13.550000190734863,13.739999771118164,1935685,0.0,0.0,0.0
2024-08-26 09:35:00-04:00,13.75,13.798100471496582,13.609999656677246,13.6850004196167,358120,0.0,0.0,0.0
2024-08-26 09:40:00-04:00,13.6899995803833,13.729999542236328,13.649999618530273,13.649999618530273,228267,0.0,0.0,0.0
2024-08-26 09:45:00-04:00,13.65839958190918,13.65839958190918,13.569999694824219,13.569999694824219,281973,0.0,0.0,0.0
2024-08-26 09:50:00-04:00,13.569999694824219,13.6899995803833,13.550100326538086,13.680000305175781,540410,0.0,0.0,0.0
2024-08-26 09:55:00-04:00,13.670000076293945,13.670000076293945,13.560099601745605,13.569899559020996,193983,0.0,0.0,0.0
2024-08-26 10:00:00-04:00,13.5600004196167,13.619999885559082,13.5423002243042,13.589900016784668,554027,0.0,0.0,0.0
2024-08-26 10:05:00-04:00,13.579999923706055,13.616000175476074,13.5,13.510000228881836,487771,0.0,0.0,0.0
2024-08-26 10:10:00-04:00,13.510000228881836,13.560099601745605,13.492500305175781,13.550000190734863,441125,0.0,0.0,0.0
2024-08-26 10:15:00-04:00,13.550000190734863,13.689900398254395,13.515000343322754,13.675000190734863,529932,0.0,0.0,0.0
2024-08-26 10:20:00-04:00,13.670000076293945,13.70989990234375,13.640000343322754,13.659000396728516,283144,0.0,0.0,0.0
2024-08-26 10:25:00-04:00,13.656700134277344,13.656700134277344,13.550100326538086,13.5600004196167,152253,0.0,0.0,0.0
2024-08-26 10:30:00-04:00,13.569899559020996,13.619999885559082,13.550000190734863,13.581399917602539,342085,0.0,0.0,0.0
2024-08-26 10:35:00-04:00,13.595000267028809,13.720000267028809,13.579999923706055,13.690099716186523,258030,0.0,0.0,0.0
2024-08-26 10:40:00-04:00,13.694999694824219,13.739999771118164,13.630000114440918,13.72819995880127,302702,0.0,0.0,0.0
2024-08-26 10:45:00-04:00,13.729999542236328,13.739999771118164,13.630000114440918,13.71500015258789,222446,0.0,0.0,0.0
2024-08-26 10:50:00-04:00,13.710000038146973,13.75,13.680000305175781,13.6850004196167,124968,0.0,0.0,0.0
2024-08-26 10:55:00-04:00,13.6899995803833,13.800000190734863,13.670000076293945,13.789999961853027,214984,0.0,0.0,0.0
2024-08-26 11:00:00-04:00,13.789999961853027,13.79990005493164,13.720000267028809,13.739999771118164,217035,0.0,0.0,0.0
2024-08-26 11:05:00-04:00,13.739999771118164,13.851900100708008,13.739899635314941,13.850000381469727,201660,0.0,0.0,0.0
2024-08-26 11:10:00-04:00,13.849900245666504,13.869999885559082,13.800000190734863,13.803600311279297,138119,0.0,0.0,0.0
2024-08-26 11:15:00-04:00,13.809900283813477,13.859999656677246,13.800100326538086,13.845000267028809,114034,0.0,0.0,0.0
2024-08-26 11:20:00-04:00,13.84000015258789,13.90999984741211,13.835000038146973,13.880000114440918,176358,0.0,0.0,0.0
2024-08-26 11:25:00-04:00,13.890000343322754,13.920000076293945,13.854999542236328,13.859999656677246,196038,0.0,0.0,0.0
2024-08-26 11:30:00-04:00,13.869999885559082,13.896699905395508,13.829999923706055,13.859999656677246,141479,0.0,0.0,0.0
2024-08-26 11:35:00-04:00,13.854999542236328,13.899999618530273,13.845000267028809,13.869799613952637,98216,0.0,0.0,0.0
2024-08-26 11:40:00-04:00,13.853099822998047,13.859999656677246,13.789999961853027,13.845000267028809,119936,0.0,0.0,0.0
2024-08-26 11:45:00-04:00,13.850000381469727,13.90999984741211,13.824999809265137,13.829999923706055,130612,0.0,0.0,0.0
2024-08-26 11:50:00-04:00,13.819999694824219,13.850099563598633,13.8100004196167,13.819999694824219,43029,0.0,0.0,0.0
2024-08-26 11:55:00-04:00,13.831399917602539,13.850099563598633,13.800100326538086,13.829899787902832,83426,0.0,0.0,0.0
2024-08-26 12:00:00-04:00,13.850000381469727,13.860099792480469,13.800000190734863,13.819999694824219,108271,0.0,0.0,0.0
2024-08-26 12:05:00-04:00,13.819999694824219,13.825599670410156,13.800000190734863,13.8100004196167,62547,0.0,0.0,0.0
2024-08-26 12:10:00-04:00,13.8100004196167,13.835000038146973,13.779999732971191,13.810099601745605,60654,0.0,0.0,0.0
2024-08-26 12:15:00-04:00,13.819999694824219,13.829999923706055,13.780099868774414,13.795000076293945,14604,0.0,0.0,0.0
2024-08-26 12:20:00-04:00,13.800000190734863,13.800000190734863,13.741800308227539,13.760100364685059,110244,0.0,0.0,0.0
2024-08-26 12:25:00-04:00,13.766799926757812,13.781499862670898,13.750100135803223,13.755000114440918,16796,0.0,0.0,0.0
2024-08-26 12:30:00-04:00,13.75,13.779999732971191,13.729999542236328,13.77910041809082,33511,0.0,0.0,0.0
2024-08-26 12:35:00-04:00,13.779999732971191,13.779999732971191,13.728699684143066,13.744999885559082,85536,0.0,0.0,0.0
2024-08-26 12:40:00-04:00,13.739999771118164,13.744999885559082,13.720000267028809,13.729999542236328,28057,0.0,0.0,0.0
2024-08-26 12:45:00-04:00,13.736000061035156,13.75,13.720000267028809,13.75,58437,0.0,0.0,0.0
2024-08-26 12:50:00-04:00,13.74120044708252,13.744999885559082,13.720000267028809,13.739999771118164,67144,0.0,0.0,0.0
2024-08-26 12:55:00-04:00,13.727100372314453,13.729999542236328,13.670000076293945,13.679200172424316,68694,0.0,0.0,0.0
2024-08-26 13:00:00-04:00,13.680000305175781,13.6899995803833,13.609999656677246,13.615400314331055,123434,0.0,0.0,0.0
2024-08-26 13:05:00-04:00,13.619999885559082,13.720000267028809,13.619999885559082,13.680000305175781,161729,0.0,0.0,0.0
2024-08-26 13:10:00-04:00,13.680100440979004,13.70989990234375,13.660300254821777,13.674400329589844,77298,0.0,0.0,0.0
2024-08-26 13:15:00-04:00,13.680000305175781,13.729999542236328,13.677300453186035,13.720000267028809,141124,0.0,0.0,0.0
2024-08-26 13:20:00-04:00,13.720000267028809,13.739999771118164,13.6899995803833,13.709799766540527,151182,0.0,0.0,0.0
2024-08-26 13:25:00-04:00,13.711000442504883,13.71500015258789,13.670000076293945,13.710100173950195,100359,0.0,0.0,0.0
2024-08-26 13:30:00-04:00,13.71500015258789,13.75,13.710100173950195,13.729999542236328,99463,0.0,0.0,0.0
2024-08-26 13:35:00-04:00,13.729999542236328,13.845000267028809,13.729999542236328,13.8371000289917,140049,0.0,0.0,0.0
2024-08-26 13:40:00-04:00,13.839699745178223,13.839699745178223,13.779999732971191,13.788100242614746,59800,0.0,0.0,0.0
2024-08-26 13:45:00-04:00,13.78499984741211,13.850000381469727,13.78499984741211,13.839799880981445,90726,0.0,0.0,0.0
2024-08-26 13:50:00-04:00,13.831700325012207,13.859800338745117,13.820099830627441,13.850000381469727,93751,0.0,0.0,0.0
2024-08-26 13:55:00-04:00,13.864999771118164,13.880000114440918,13.810099601745605,13.829999923706055,68840,0.0,0.0,0.0
2024-08-26 14:00:00-04:00,13.829999923706055,13.840100288391113,13.788700103759766,13.8100004196167,125685,0.0,0.0,0.0
2024-08-26 14:05:00-04:00,13.800000190734863,13.850000381469727,13.789999961853027,13.835000038146973,83072,0.0,0.0,0.0
2024-08-26 14:10:00-04:00,13.835000038146973,13.854999542236328,13.8100004196167,13.819899559020996,84066,0.0,0.0,0.0
2024-08-26 14:15:00-04:00,13.813300132751465,13.82979965209961,13.8100004196167,13.819999694824219,34702,0.0,0.0,0.0
2024-08-26 14:20:00-04:00,13.8100004196167,13.810099601745605,13.780099868774414,13.79990005493164,75233,0.0,0.0,0.0
2024-08-26 14:25:00-04:00,13.795000076293945,13.810099601745605,13.765000343322754,13.767200469970703,41444,0.0,0.0,0.0
2024-08-26 14:30:00-04:00,13.760000228881836,13.781399726867676,13.740099906921387,13.765000343322754,79465,0.0,0.0,0.0
2024-08-26 14:35:00-04:00,13.760000228881836,13.770000457763672,13.729999542236328,13.765000343322754,62480,0.0,0.0,0.0
2024-08-26 14:40:00-04:00,13.760000228881836,13.770099639892578,13.739999771118164,13.760000228881836,42769,0.0,0.0,0.0
2024-08-26 14:45:00-04:00,13.760000228881836,13.8100004196167,13.75,13.808500289916992,51628,0.0,0.0,0.0
2024-08-26 14:50:00-04:00,13.809900283813477,13.829999923706055,13.794099807739258,13.806300163269043,68362,0.0,0.0,0.0
2024-08-26 14:55:00-04:00,13.805000305175781,13.805000305175781,13.75,13.755000114440918,65954,0.0,0.0,0.0
2024-08-26 15:00:00-04:00,13.750300407409668,13.777000427246094,13.750300407409668,13.765000343322754,81043,0.0,0.0,0.0
2024-08-26 15:05:00-04:00,13.770000457763672,13.779999732971191,13.720000267028809,13.734999656677246,68130,0.0,0.0,0.0
2024-08-26 15:10:00-04:00,13.729999542236328,13.739999771118164,13.710100173950195,13.729999542236328,129696,0.0,0.0,0.0
2024-08-26 15:15:00-04:00,13.729999542236328,13.765000343322754,13.725000381469727,13.75,26239,0.0,0.0,0.0
2024-08-26 15:20:00-04:00,13.753999710083008,13.770000457763672,13.75,13.760000228881836,58492,0.0,0.0,0.0
2024-08-26 15:25:00-04:00,13.760100364685059,13.805000305175781,13.760000228881836,13.805000305175781,62904,0.0,0.0,0.0
2024-08-26 15:30:00-04:00,13.8100004196167,13.829999923706055,13.789999961853027,13.819999694824219,249962,0.0,0.0,0.0
2024-08-26 15:35:00-04:00,13.827300071716309,13.84000015258789,13.795000076293945,13.8149995803833,242474,0.0,0.0,0.0
2024-08-26 15:40:00-04:00,13.8100004196167,13.831299781799316,13.774999618530273,13.831299781799316,159825,0.0,0.0,0.0
2024-08-26 15:45:00-04:00,13.839900016784668,13.84000015258789,13.8149995803833,13.829999923706055,183359,0.0,0.0,0.0
2024-08-26 15:50:00-04:00,13.819999694824219,13.875,13.795000076293945,13.875,337506,0.0,0.0,0.0
2024-08-26 15:55:00-04:00,13.869999885559082,13.9399995803833,13.864999771118164,13.875,558954,0.0,0.0,0.0
2024-08-27 09:30:00-04:00,14.170000076293945,14.259900093078613,14.149999618530273,14.194999694824219,1289180,0.0,0.0,0.0
2024-08-27 09:35:00-04:00,14.204999923706055,14.270000457763672,14.15999984741211,14.259699821472168,464728,0.0,0.0,0.0
2024-08-27 09:40:00-04:00,14.251199722290039,14.319999694824219,14.229999542236328,14.258500099182129,413246,0.0,0.0,0.0
2024-08-27 09:45:00-04:00,14.251299858093262,14.300000190734863,14.225000381469727,14.234999656677246,377807,0.0,0.0,0.0
2024-08-27 09:50:00-04:00,14.25,14.274999618530273,14.210000038146973,14.270000457763672,337923,0.0,0.0,0.0
2024-08-27 09:55:00-04:00,14.270000457763672,14.35990047454834,14.260000228881836,14.353500366210938,332170,0.0,0.0,0.0
2024-08-27 10:00:00-04:00,14.329999923706055,14.369999885559082,14.249799728393555,14.260000228881836,283542,0.0,0.0,0.0
2024-08-27 10:05:00-04:00,14.244999885559082,14.3100004196167,14.229999542236328,14.279999732971191,239555,0.0,0.0,0.0
2024-08-27 10:10:00-04:00,14.289999961853027,14.350000381469727,14.279899597167969,14.332500457763672,283486,0.0,0.0,0.0
2024-08-27 10:15:00-04:00,14.324999809265137,14.359999656677246,14.279999732971191,14.279999732971191,328388,0.0,0.0,0.0
2024-08-27 10:20:00-04:00,14.270000457763672,14.289999961853027,14.1899995803833,14.194000244140625,401914,0.0,0.0,0.0
2024-08-27 10:25:00-04:00,14.199999809265137,14.228500366210938,14.170000076293945,14.170100212097168,450720,0.0,0.0,0.0
2024-08-27 10:30:00-04:00,14.180000305175781,14.21030044555664,14.135000228881836,14.210000038146973,304225,0.0,0.0,0.0
2024-08-27 10:35:00-04:00,14.20989990234375,14.219900131225586,14.140000343322754,14.149900436401367,205457,0.0,0.0,0.0
2024-08-27 10:40:00-04:00,14.145000457763672,14.149999618530273,14.079999923706055,14.097999572753906,155099,0.0,0.0,0.0
2024-08-27 10:45:00-04:00,14.085000038146973,14.139900207519531,14.070099830627441,14.125,192423,0.0,0.0,0.0
2024-08-27 10:50:00-04:00,14.130000114440918,14.164999961853027,14.125,14.130000114440918,291381,0.0,0.0,0.0
2024-08-27 10:55:00-04:00,14.140000343322754,14.140000343322754,14.109999656677246,14.119999885559082,150988,0.0,0.0,0.0
2024-08-27 11:00:00-04:00,14.114999771118164,14.140000343322754,14.104999542236328,14.119999885559082,87973,0.0,0.0,0.0
2024-08-27 11:05:00-04:00,14.119999885559082,14.175000190734863,14.119999885559082,14.154000282287598,177334,0.0,0.0,0.0
2024-08-27 11:10:00-04:00,14.151000022888184,14.1899995803833,14.135000228881836,14.170100212097168,171335,0.0,0.0,0.0
2024-08-27 11:15:00-04:00,14.175000190734863,14.300100326538086,14.174400329589844,14.279999732971191,427294,0.0,0.0,0.0
2024-08-27 11:20:00-04:00,14.289899826049805,14.289899826049805,14.220000267028809,14.260000228881836,281362,0.0,0.0,0.0
2024-08-27 11:25:00-04:00,14.259900093078613,14.295000076293945,14.259900093078613,14.270000457763672,124090,0.0,0.0,0.0
2024-08-27 11:30:00-04:00,14.279999732971191,14.329999923706055,14.263999938964844,14.300000190734863,391021,0.0,0.0,0.0
2024-08-27 11:35:00-04:00,14.300000190734863,14.30620002746582,14.274999618530273,14.29259967803955,126884,0.0,0.0,0.0
2024-08-27 11:40:00-04:00,14.299500465393066,14.319999694824219,14.260000228881836,14.270000457763672,153915,0.0,0.0,0.0
2024-08-27 11:45:00-04:00,14.270000457763672,14.277899742126465,14.239999771118164,14.265700340270996,366583,0.0,0.0,0.0
2024-08-27 11:50:00-04:00,14.270000457763672,14.324999809265137,14.270000457763672,14.3100004196167,204272,0.0,0.0,0.0
2024-08-27 11:55:00-04:00,14.3100004196167,14.314599990844727,14.270000457763672,14.270000457763672,99757,0.0,0.0,0.0
2024-08-27 12:00:00-04:00,14.265800476074219,14.300000190734863,14.265800476074219,14.300000190734863,162872,0.0,0.0,0.0
2024-08-27 12:05:00-04:00,14.308899879455566,14.347000122070312,14.308899879455566,14.329999923706055,84789,0.0,0.0,0.0
2024-08-27 12:10:00-04:00,14.335800170898438,14.335800170898438,14.274999618530273,14.28499984741211,99600,0.0,0.0,0.0
2024-08-27 12:15:00-04:00,14.279999732971191,14.300000190734863,14.270099639892578,14.281499862670898,157269,0.0,0.0,0.0
2024-08-27 12:20:00-04:00,14.279999732971191,14.319899559020996,14.276100158691406,14.295100212097168,134344,0.0,0.0,0.0
2024-08-27 12:25:00-04:00,14.300000190734863,14.3100004196167,14.274999618530273,14.288200378417969,64289,0.0,0.0,0.0
2024-08-27 12:30:00-04:00,14.28499984741211,14.3100004196167,14.279899597167969,14.281000137329102,219643,0.0,0.0,0.0
2024-08-27 12:35:00-04:00,14.289999961853027,14.364999771118164,14.289999961853027,14.364999771118164,162618,0.0,0.0,0.0
2024-08-27 12:40:00-04:00,14.364999771118164,14.399999618530273,14.34000015258789,14.374199867248535,430108,0.0,0.0,0.0
2024-08-27 12:45:00-04:00,14.375,14.375,14.300000190734863,14.304400444030762,179108,0.0,0.0,0.0
2024-08-27 12:50:00-04:00,14.309900283813477,14.309900283813477,14.280099868774414,14.280099868774414,85163,0.0,0.0,0.0
2024-08-27 12:55:00-04:00,14.289899826049805,14.319899559020996,14.280099868774414,14.3100004196167,106094,0.0,0.0,0.0
2024-08-27 13:00:00-04:00,14.3149995803833,14.3149995803833,14.28499984741211,14.28499984741211,84672,0.0,0.0,0.0
2024-08-27 13:05:00-04:00,14.279999732971191,14.289899826049805,14.255000114440918,14.279999732971191,266897,0.0,0.0,0.0
2024-08-27 13:10:00-04:00,14.274999618530273,14.289999961853027,14.260000228881836,14.260000228881836,65737,0.0,0.0,0.0
2024-08-27 13:15:00-04:00,14.255000114440918,14.274999618530273,14.239999771118164,14.255000114440918,117056,0.0,0.0,0.0
2024-08-27 13:20:00-04:00,14.255000114440918,14.255000114440918,14.22130012512207,14.229999542236328,54387,0.0,0.0,0.0
2024-08-27 13:25:00-04:00,14.225000381469727,14.225000381469727,14.15999984741211,14.180000305175781,173743,0.0,0.0,0.0
2024-08-27 13:30:00-04:00,14.175000190734863,14.194999694824219,14.154999732971191,14.180000305175781,198276,0.0,0.0,0.0
2024-08-27 13:35:00-04:00,14.180000305175781,14.210000038146973,14.164999961853027,14.196000099182129,155884,0.0,0.0,0.0
2024-08-27 13:40:00-04:00,14.194999694824219,14.215100288391113,14.164400100708008,14.170000076293945,156535,0.0,0.0,0.0
2024-08-27 13:45:00-04:00,14.170000076293945,14.175000190734863,14.149999618530273,14.154999732971191,193727,0.0,0.0,0.0
2024-08-27 13:50:00-04:00,14.154999732971191,14.180000305175781,14.154999732971191,14.170000076293945,133294,0.0,0.0,0.0
2024-08-27 13:55:00-04:00,14.180000305175781,14.210000038146973,14.180000305175781,14.201299667358398,117663,0.0,0.0,0.0
2024-08-27 14:00:00-04:00,14.204999923706055,14.220000267028809,14.175000190734863,14.180000305175781,157018,0.0,0.0,0.0
2024-08-27 14:05:00-04:00,14.180000305175781,14.180000305175781,14.150400161743164,14.170000076293945,99764,0.0,0.0,0.0
2024-08-27 14:10:00-04:00,14.170000076293945,14.170000076293945,14.140299797058105,14.149100303649902,259929,0.0,0.0,0.0
2024-08-27 14:15:00-04:00,14.149999618530273,14.1899995803833,14.13010025024414,14.170000076293945,132826,0.0,0.0,0.0
2024-08-27 14:20:00-04:00,14.169899940490723,14.1850004196167,14.15999984741211,14.175000190734863,69720,0.0,0.0,0.0
2024-08-27 14:25:00-04:00,14.180000305175781,14.189900398254395,14.15999984741211,14.173999786376953,63376,0.0,0.0,0.0
2024-08-27 14:30:00-04:00,14.180000305175781,14.185999870300293,14.160099983215332,14.170000076293945,86746,0.0,0.0,0.0
2024-08-27 14:35:00-04:00,14.15999984741211,14.170000076293945,14.154999732971191,14.15999984741211,46282,0.0,0.0,0.0
2024-08-27 14:40:00-04:00,14.159899711608887,14.15999984741211,14.110099792480469,14.119999885559082,175954,0.0,0.0,0.0
2024-08-27 14:45:00-04:00,14.119999885559082,14.139900207519531,14.109999656677246,14.119999885559082,85611,0.0,0.0,0.0
2024-08-27 14:50:00-04:00,14.119999885559082,14.140000343322754,14.100000381469727,14.109999656677246,179845,0.0,0.0,0.0
2024-08-27 14:55:00-04:00,14.109999656677246,14.149999618530273,14.104999542236328,14.149900436401367,258758,0.0,0.0,0.0
2024-08-27 15:00:00-04:00,14.15999984741211,14.196000099182129,14.149999618530273,14.196000099182129,200938,0.0,0.0,0.0
2024-08-27 15:05:00-04:00,14.194000244140625,14.20009994506836,14.149999618530273,14.150099754333496,532359,0.0,0.0,0.0
2024-08-27 15:10:00-04:00,14.15999984741211,14.160099983215332,14.133899688720703,14.149900436401367,256746,0.0,0.0,0.0
2024-08-27 15:15:00-04:00,14.149999618530273,14.15999984741211,14.144399642944336,14.149999618530273,112183,0.0,0.0,0.0
2024-08-27 15:20:00-04:00,14.154999732971191,14.15999984741211,14.130000114440918,14.133299827575684,122419,0.0,0.0,0.0
2024-08-27 15:25:00-04:00,14.132200241088867,14.135000228881836,14.102299690246582,14.114999771118164,122215,0.0,0.0,0.0
2024-08-27 15:30:00-04:00,14.114999771118164,14.159899711608887,14.114999771118164,14.154999732971191,152988,0.0,0.0,0.0
2024-08-27 15:35:00-04:00,14.15999984741211,14.175000190734863,14.130000114440918,14.170000076293945,107179,0.0,0.0,0.0
2024-08-27 15:40:00-04:00,14.163800239562988,14.170000076293945,14.145400047302246,14.154999732971191,196136,0.0,0.0,0.0
2024-08-27 15:45:00-04:00,14.15999984741211,14.15999984741211,14.135000228881836,14.149999618530273,186694,0.0,0.0,0.0
2024-08-27 15:50:00-04:00,14.149999618530273,14.21500015258789,14.13010025024414,14.21500015258789,634744,0.0,0.0,0.0
2024-08-27 15:55:00-04:00,14.21500015258789,14.220000267028809,14.184700012207031,14.194999694824219,616249,0.0,0.0,0.0
2024-08-28 09:30:00-04:00,14.380000114440918,14.426799774169922,14.319999694824219,14.390000343322754,883507,0.0,0.0,0.0
2024-08-28 09:35:00-04:00,14.390000343322754,14.470000267028809,14.359999656677246,14.359999656677246,325730,0.0,0.0,0.0
2024-08-28 09:40:00-04:00,14.354999542236328,14.380000114440918,14.300000190734863,14.34000015258789,384356,0.0,0.0,0.0
2024-08-28 09:45:00-04:00,14.329999923706055,14.329999923706055,14.260000228881836,14.279999732971191,325534,0.0,0.0,0.0
2024-08-28 09:50:00-04:00,14.279999732971191,14.300000190734863,14.255000114440918,14.260000228881836,301278,0.0,0.0,0.0
2024-08-28 09:55:00-04:00,14.265000343322754,14.319999694824219,14.220000267028809,14.3149995803833,330065,0.0,0.0,0.0
2024-08-28 10:00:00-04:00,14.3149995803833,14.364999771118164,14.3149995803833,14.34000015258789,293804,0.0,0.0,0.0
2024-08-28 10:05:00-04:00,14.34000015258789,14.350000381469727,14.25,14.270000457763672,333076,0.0,0.0,0.0
2024-08-28 10:10:00-04:00,14.270000457763672,14.295000076293945,14.234999656677246,14.270000457763672,357186,0.0,0.0,0.0
2024-08-28 10:15:00-04:00,14.270000457763672,14.279899597167969,14.210000038146973,14.216099739074707,368895,0.0,0.0,0.0
2024-08-28 10:20:00-04:00,14.210000038146973,14.255000114440918,14.199999809265137,14.239999771118164,218107,0.0,0.0,0.0
2024-08-28 10:25:00-04:00,14.239999771118164,14.291299819946289,14.23009967803955,14.289899826049805,236768,0.0,0.0,0.0
2024-08-28 10:30:00-04:00,14.289999961853027,14.289999961853027,14.180000305175781,14.21500015258789,226921,0.0,0.0,0.0
2024-08-28 10:35:00-04:00,14.21500015258789,14.220000267028809,14.140000343322754,14.163999557495117,267441,0.0,0.0,0.0
2024-08-28 10:40:00-04:00,14.164999961853027,14.274999618530273,14.164999961853027,14.260000228881836,283776,0.0,0.0,0.0
2024-08-28 10:45:00-04:00,14.25,14.274999618530273,14.1899995803833,14.229999542236328,158592,0.0,0.0,0.0
2024-08-28 10:50:00-04:00,14.229999542236328,14.279999732971191,14.199999809265137,14.204999923706055,272952,0.0,0.0,0.0
2024-08-28 10:55:00-04:00,14.200799942016602,14.225000381469727,14.180000305175781,14.220000267028809,174544,0.0,0.0,0.0
2024-08-28 11:00:00-04:00,14.229999542236328,14.308899879455566,14.220000267028809,14.275099754333496,458747,0.0,0.0,0.0
2024-08-28 11:05:00-04:00,14.274999618530273,14.287500381469727,14.229999542236328,14.25570011138916,165590,0.0,0.0,0.0
2024-08-28 11:10:00-04:00,14.260000228881836,14.354999542236328,14.260000228881836,14.350099563598633,337081,0.0,0.0,0.0
2024-08-28 11:15:00-04:00,14.350000381469727,14.4399995803833,14.332900047302246,14.4350004196167,557382,0.0,0.0,0.0
2024-08-28 11:20:00-04:00,14.4399995803833,14.479999542236328,14.430000305175781,14.465999603271484,500994,0.0,0.0,0.0
2024-08-28 11:25:00-04:00,14.470000267028809,14.479900360107422,14.430000305175781,14.4350004196167,223325,0.0,0.0,0.0
2024-08-28 11:30:00-04:00,14.4399995803833,14.499699592590332,14.4350004196167,14.484999656677246,232693,0.0,0.0,0.0
2024-08-28 11:35:00-04:00,14.479999542236328,14.484999656677246,14.395000457763672,14.40999984741211,242385,0.0,0.0,0.0
2024-08-28 11:40:00-04:00,14.40999984741211,14.4350004196167,14.40999984741211,14.414999961853027,533704,0.0,0.0,0.0
2024-08-28 11:45:00-04:00,14.420000076293945,14.420000076293945,14.388699531555176,14.40999984741211,461780,0.0,0.0,0.0
2024-08-28 11:50:00-04:00,14.410099983215332,14.420000076293945,14.364999771118164,14.364999771118164,216247,0.0,0.0,0.0
2024-08-28 11:55:00-04:00,14.359999656677246,14.391300201416016,14.34000015258789,14.369999885559082,88453,0.0,0.0,0.0
2024-08-28 12:00:00-04:00,14.369999885559082,14.4350004196167,14.369999885559082,14.4350004196167,130180,0.0,0.0,0.0
2024-08-28 12:05:00-04:00,14.4399995803833,14.4822998046875,14.435700416564941,14.460100173950195,194644,0.0,0.0,0.0
2024-08-28 12:10:00-04:00,14.470000267028809,14.489999771118164,14.4399995803833,14.4399995803833,135416,0.0,0.0,0.0
2024-08-28 12:15:00-04:00,14.4399995803833,14.529999732971191,14.430100440979004,14.50979995727539,215848,0.0,0.0,0.0
2024-08-28 12:20:00-04:00,14.509900093078613,14.579999923706055,14.5,14.569999694824219,169718,0.0,0.0,0.0
2024-08-28 12:25:00-04:00,14.569999694824219,14.569999694824219,14.529999732971191,14.5600004196167,151724,0.0,0.0,0.0
2024-08-28 12:30:00-04:00,14.560099601745605,14.579899787902832,14.5,14.520099639892578,123169,0.0,0.0,0.0
2024-08-28 12:35:00-04:00,14.529999732971191,14.53499984741211,14.489899635314941,14.510000228881836,74501,0.0,0.0,0.0
2024-08-28 12:40:00-04:00,14.5,14.505000114440918,14.46500015258789,14.469900131225586,52517,0.0,0.0,0.0
2024-08-28 12:45:00-04:00,14.468700408935547,14.470000267028809,14.4350004196167,14.4399995803833,77003,0.0,0.0,0.0
2024-08-28 12:50:00-04:00,14.4399995803833,14.440999984741211,14.399999618530273,14.40999984741211,53960,0.0,0.0,0.0
2024-08-28 12:55:00-04:00,14.404999732971191,14.430000305175781,14.395000457763672,14.429900169372559,95685,0.0,0.0,0.0
2024-08-28 13:00:00-04:00,14.430000305175781,14.4399995803833,14.380000114440918,14.428500175476074,173077,0.0,0.0,0.0
2024-08-28 13:05:00-04:00,14.430000305175781,14.45009994506836,14.414999961853027,14.429900169372559,79262,0.0,0.0,0.0
2024-08-28 13:10:00-04:00,14.430000305175781,14.505000114440918,14.430000305175781,14.505000114440918,90436,0.0,0.0,0.0
2024-08-28 13:15:00-04:00,14.5,14.5,14.454000473022461,14.460000038146973,115473,0.0,0.0,0.0
2024-08-28 13:20:00-04:00,14.46500015258789,14.5,14.4399995803833,14.489999771118164,149018,0.0,0.0,0.0
2024-08-28 13:25:00-04:00,14.5,14.5,14.460000038146973,14.46500015258789,57895,0.0,0.0,0.0
2024-08-28 13:30:00-04:00,14.474800109863281,14.475000381469727,14.430000305175781,14.4399995803833,72059,0.0,0.0,0.0
2024-08-28 13:35:00-04:00,14.439499855041504,14.489999771118164,14.437199592590332,14.489999771118164,39602,0.0,0.0,0.0
2024-08-28 13:40:00-04:00,14.494999885559082,14.54010009765625,14.484999656677246,14.539999961853027,84963,0.0,0.0,0.0
2024-08-28 13:45:00-04:00,14.53499984741211,14.569999694824219,14.524999618530273,14.555000305175781,105539,0.0,0.0,0.0
2024-08-28 13:50:00-04:00,14.5600004196167,14.600000381469727,14.542200088500977,14.579999923706055,74983,0.0,0.0,0.0
2024-08-28 13:55:00-04:00,14.579999923706055,14.670000076293945,14.579999923706055,14.654999732971191,277790,0.0,0.0,0.0
2024-08-28 14:00:00-04:00,14.654999732971191,14.6899995803833,14.640000343322754,14.680000305175781,245273,0.0,0.0,0.0
2024-08-28 14:05:00-04:00,14.680100440979004,14.68910026550293,14.601300239562988,14.609999656677246,288756,0.0,0.0,0.0
2024-08-28 14:10:00-04:00,14.609999656677246,14.65999984741211,14.604999542236328,14.655900001525879,115926,0.0,0.0,0.0
2024-08-28 14:15:00-04:00,14.654999732971191,14.670000076293945,14.640000343322754,14.65999984741211,53685,0.0,0.0,0.0
2024-08-28 14:20:00-04:00,14.670000076293945,14.670000076293945,14.633999824523926,14.654000282287598,87807,0.0,0.0,0.0
2024-08-28 14:25:00-04:00,14.65999984741211,14.680000305175781,14.64009952545166,14.669300079345703,78169,0.0,0.0,0.0
2024-08-28 14:30:00-04:00,14.670000076293945,14.670000076293945,14.649999618530273,14.659000396728516,40125,0.0,0.0,0.0
2024-08-28 14:35:00-04:00,14.649999618530273,14.660099983215332,14.619999885559082,14.619999885559082,36959,0.0,0.0,0.0
2024-08-28 14:40:00-04:00,14.625699996948242,14.63010025024414,14.604999542236328,14.628299713134766,177233,0.0,0.0,0.0
2024-08-28 14:45:00-04:00,14.620800018310547,14.649900436401367,14.610099792480469,14.625100135803223,113705,0.0,0.0,0.0
2024-08-28 14:50:00-04:00,14.619999885559082,14.619999885559082,14.489999771118164,14.500100135803223,191782,0.0,0.0,0.0
2024-08-28 14:55:00-04:00,14.5,14.510000228881836,14.4350004196167,14.444999694824219,300846,0.0,0.0,0.0
2024-08-28 15:00:00-04:00,14.449999809265137,14.460000038146973,14.390000343322754,14.399999618530273,297307,0.0,0.0,0.0
2024-08-28 15:05:00-04:00,14.399999618530273,14.489999771118164,14.395000457763672,14.478500366210938,325891,0.0,0.0,0.0
2024-08-28 15:10:00-04:00,14.474200248718262,14.510100364685059,14.460000038146973,14.489700317382812,138720,0.0,0.0,0.0
2024-08-28 15:15:00-04:00,14.479999542236328,14.486100196838379,14.433899879455566,14.4350004196167,90194,0.0,0.0,0.0
2024-08-28 15:20:00-04:00,14.430000305175781,14.444999694824219,14.40999984741211,14.416000366210938,69298,0.0,0.0,0.0
2024-08-28 15:25:00-04:00,14.410099983215332,14.410099983215332,14.35200023651123,14.359999656677246,310700,0.0,0.0,0.0
2024-08-28 15:30:00-04:00,14.364999771118164,14.410099983215332,14.364999771118164,14.40999984741211,203262,0.0,0.0,0.0
2024-08-28 15:35:00-04:00,14.408699989318848,14.460000038146973,14.408699989318848,14.454299926757812,233681,0.0,0.0,0.0
2024-08-28 15:40:00-04:00,14.449999809265137,14.460000038146973,14.420000076293945,14.420000076293945,133680,0.0,0.0,0.0
2024-08-28 15:45:00-04:00,14.40999984741211,14.449899673461914,14.375,14.430000305175781,205631,0.0,0.0,0.0
2024-08-28 15:50:00-04:00,14.430000305175781,14.46500015258789,14.380000114440918,14.4399995803833,393859,0.0,0.0,0.0
2024-08-28 15:55:00-04:00,14.4399995803833,14.489999771118164,14.420000076293945,14.479999542236328,428918,0.0,0.0,0.0
2024-08-29 09:30:00-04:00,14.1899995803833,14.294699668884277,14.15999984741211,14.289999961853027,1617095,0.0,0.0,0.0
2024-08-29 09:35:00-04:00,14.289999961853027,14.419899940490723,14.253399848937988,14.385000228881836,664778,0.0,0.0,0.0
2024-08-29 09:40:00-04:00,14.385100364685059,14.390000343322754,14.319999694824219,14.369999885559082,282049,0.0,0.0,0.0
2024-08-29 09:45:00-04:00,14.369999885559082,14.489999771118164,14.350000381469727,14.404999732971191,258671,0.0,0.0,0.0
2024-08-29 09:50:00-04:00,14.430000305175781,14.520000457763672,14.380000114440918,14.380000114440918,283213,0.0,0.0,0.0
2024-08-29 09:55:00-04:00,14.380000114440918,14.390000343322754,14.260000228881836,14.279999732971191,599328,0.0,0.0,0.0
2024-08-29 10:00:00-04:00,14.279999732971191,14.279999732971191,14.110099792480469,14.129300117492676,526193,0.0,0.0,0.0
2024-08-29 10:05:00-04:00,14.119999885559082,14.164999961853027,14.095000267028809,14.130000114440918,466600,0.0,0.0,0.0
2024-08-29 10:10:00-04:00,14.125,14.130000114440918,14.069999694824219,14.100000381469727,420350,0.0,0.0,0.0
2024-08-29 10:15:00-04:00,14.100000381469727,14.11989974975586,14.020000457763672,14.050000190734863,472847,0.0,0.0,0.0
2024-08-29 10:20:00-04:00,14.045900344848633,14.079999923706055,13.98009967803955,14.010000228881836,411014,0.0,0.0,0.0
2024-08-29 10:25:00-04:00,14.010000228881836,14.027400016784668,13.930000305175781,13.970000267028809,450276,0.0,0.0,0.0
2024-08-29 10:30:00-04:00,13.970000267028809,14.08329963684082,13.960000038146973,14.08329963684082,408822,0.0,0.0,0.0
2024-08-29 10:35:00-04:00,14.079999923706055,14.09000015258789,13.993000030517578,14.020000457763672,522487,0.0,0.0,0.0
2024-08-29 10:40:00-04:00,14.015000343322754,14.069999694824219,13.994999885559082,14.039999961853027,222980,0.0,0.0,0.0
2024-08-29 10:45:00-04:00,14.039999961853027,14.09000015258789,14.020000457763672,14.069000244140625,257802,0.0,0.0,0.0
2024-08-29 10:50:00-04:00,14.081199645996094,14.130000114440918,14.050000190734863,14.130000114440918,298638,0.0,0.0,0.0
2024-08-29 10:55:00-04:00,14.1225004196167,14.1899995803833,14.1225004196167,14.15999984741211,255750,0.0,0.0,0.0
2024-08-29 11:00:00-04:00,14.15999984741211,14.164999961853027,14.104999542236328,14.140000343322754,217207,0.0,0.0,0.0
2024-08-29 11:05:00-04:00,14.116399765014648,14.170000076293945,14.100000381469727,14.169500350952148,160570,0.0,0.0,0.0
2024-08-29 11:10:00-04:00,14.170000076293945,14.180000305175781,14.119999885559082,14.137800216674805,125175,0.0,0.0,0.0
2024-08-29 11:15:00-04:00,14.130000114440918,14.130000114440918,14.074999809265137,14.109999656677246,182153,0.0,0.0,0.0
2024-08-29 11:20:00-04:00,14.109999656677246,14.129899978637695,14.050100326538086,14.050100326538086,136558,0.0,0.0,0.0
2024-08-29 11:25:00-04:00,14.050100326538086,14.0649995803833,14.024999618530273,14.032899856567383,281538,0.0,0.0,0.0
2024-08-29 11:30:00-04:00,14.024999618530273,14.024999618530273,13.9399995803833,13.970000267028809,455076,0.0,0.0,0.0
2024-08-29 11:35:00-04:00,13.970000267028809,14.005000114440918,13.954999923706055,13.969900131225586,398094,0.0,0.0,0.0
2024-08-29 11:40:00-04:00,13.970000267028809,14.039999961853027,13.970000267028809,14.039899826049805,210559,0.0,0.0,0.0
2024-08-29 11:45:00-04:00,14.030099868774414,14.039999961853027,13.95009994506836,13.960000038146973,214485,0.0,0.0,0.0
2024-08-29 11:50:00-04:00,13.953900337219238,14.0,13.949999809265137,13.969900131225586,127476,0.0,0.0,0.0
2024-08-29 11:55:00-04:00,13.970000267028809,13.97719955444336,13.9399995803833,13.949999809265137,125903,0.0,0.0,0.0
2024-08-29 12:00:00-04:00,13.944999694824219,13.949999809265137,13.899999618530273,13.90999984741211,299938,0.0,0.0,0.0
2024-08-29 12:05:00-04:00,13.920000076293945,13.92609977722168,13.864399909973145,13.88010025024414,426150,0.0,0.0,0.0
2024-08-29 12:10:00-04:00,13.886199951171875,13.895000457763672,13.860099792480469,13.864999771118164,175284,0.0,0.0,0.0
2024-08-29 12:15:00-04:00,13.864999771118164,13.920000076293945,13.859999656677246,13.90999984741211,282217,0.0,0.0,0.0
2024-08-29 12:20:00-04:00,13.900099754333496,13.937899589538574,13.887800216674805,13.89739990234375,192916,0.0,0.0,0.0
2024-08-29 12:25:00-04:00,13.895000457763672,13.908699989318848,13.88129997253418,13.885000228881836,100721,0.0,0.0,0.0
2024-08-29 12:30:00-04:00,13.890000343322754,13.920000076293945,13.887999534606934,13.89739990234375,54621,0.0,0.0,0.0
2024-08-29 12:35:00-04:00,13.891300201416016,13.899999618530273,13.869999885559082,13.880000114440918,163385,0.0,0.0,0.0
2024-08-29 12:40:00-04:00,13.890000343322754,13.899999618530273,13.869999885559082,13.875,97085,0.0,0.0,0.0
2024-08-29 12:45:00-04:00,13.869999885559082,13.920000076293945,13.869999885559082,13.920000076293945,93899,0.0,0.0,0.0
2024-08-29 12:50:00-04:00,13.920000076293945,13.940999984741211,13.88949966430664,13.928000450134277,181433,0.0,0.0,0.0
2024-08-29 12:55:00-04:00,13.920000076293945,13.920000076293945,13.880000114440918,13.890000343322754,53121,0.0,0.0,0.0
2024-08-29 13:00:00-04:00,13.890000343322754,13.920000076293945,13.880499839782715,13.90999984741211,126417,0.0,0.0,0.0
2024-08-29 13:05:00-04:00,13.899999618530273,13.911299705505371,13.880000114440918,13.90999984741211,48670,0.0,0.0,0.0
2024-08-29 13:10:00-04:00,13.904999732971191,13.960100173950195,13.898699760437012,13.94219970703125,152637,0.0,0.0,0.0
2024-08-29 13:15:00-04:00,13.9399995803833,13.9399995803833,13.895000457763672,13.899999618530273,180958,0.0,0.0,0.0
2024-08-29 13:20:00-04:00,13.899999618530273,13.920000076293945,13.880000114440918,13.90999984741211,105181,0.0,0.0,0.0
2024-08-29 13:25:00-04:00,13.912199974060059,13.920000076293945,13.859999656677246,13.87600040435791,96399,0.0,0.0,0.0
2024-08-29 13:30:00-04:00,13.869999885559082,13.88700008392334,13.835000038146973,13.835000038146973,180552,0.0,0.0,0.0
2024-08-29 13:35:00-04:00,13.829999923706055,13.846099853515625,13.8100004196167,13.839900016784668,173754,0.0,0.0,0.0
2024-08-29 13:40:00-04:00,13.837499618530273,13.850000381469727,13.800000190734863,13.804400444030762,107131,0.0,0.0,0.0
2024-08-29 13:45:00-04:00,13.805000305175781,13.839900016784668,13.800000190734863,13.824999809265137,89691,0.0,0.0,0.0
2024-08-29 13:50:00-04:00,13.824999809265137,13.829999923706055,13.779999732971191,13.78499984741211,256826,0.0,0.0,0.0
2024-08-29 13:55:00-04:00,13.78499984741211,13.800000190734863,13.760000228881836,13.774200439453125,200681,0.0,0.0,0.0
2024-08-29 14:00:00-04:00,13.779999732971191,13.864999771118164,13.779999732971191,13.84000015258789,250237,0.0,0.0,0.0
2024-08-29 14:05:00-04:00,13.835000038146973,13.859999656677246,13.835000038146973,13.84000015258789,85406,0.0,0.0,0.0
2024-08-29 14:10:00-04:00,13.849499702453613,13.869999885559082,13.84000015258789,13.850099563598633,311862,0.0,0.0,0.0
2024-08-29 14:15:00-04:00,13.859999656677246,13.895000457763672,13.859999656677246,13.895000457763672,137220,0.0,0.0,0.0
2024-08-29 14:20:00-04:00,13.899999618530273,13.913700103759766,13.883899688720703,13.889900207519531,281500,0.0,0.0,0.0
2024-08-29 14:25:00-04:00,13.888999938964844,14.020000457763672,13.87600040435791,13.984999656677246,526182,0.0,0.0,0.0
2024-08-29 14:30:00-04:00,13.989999771118164,14.039999961853027,13.949999809265137,14.0,393896,0.0,0.0,0.0
2024-08-29 14:35:00-04:00,14.0,14.125,13.998900413513184,14.105600357055664,582054,0.0,0.0,0.0
2024-08-29 14:40:00-04:00,14.109999656677246,14.180000305175781,14.0649995803833,14.135000228881836,482518,0.0,0.0,0.0
2024-08-29 14:45:00-04:00,14.140000343322754,14.1850004196167,14.085000038146973,14.099699974060059,323389,0.0,0.0,0.0
2024-08-29 14:50:00-04:00,14.100000381469727,14.194999694824219,14.07289981842041,14.079999923706055,349159,0.0,0.0,0.0
2024-08-29 14:55:00-04:00,14.0871000289917,14.130000114440918,14.055000305175781,14.100000381469727,175359,0.0,0.0,0.0
2024-08-29 15:00:00-04:00,14.109999656677246,14.164999961853027,14.095000267028809,14.130000114440918,208883,0.0,0.0,0.0
2024-08-29 15:05:00-04:00,14.145000457763672,14.170000076293945,14.109999656677246,14.149999618530273,159028,0.0,0.0,0.0
2024-08-29 15:10:00-04:00,14.137999534606934,14.180000305175781,14.114999771118164,14.150899887084961,272241,0.0,0.0,0.0
2024-08-29 15:15:00-04:00,14.149999618530273,14.149999618530273,14.020000457763672,14.043299674987793,347864,0.0,0.0,0.0
2024-08-29 15:20:00-04:00,14.050000190734863,14.079999923706055,14.029999732971191,14.039999961853027,218928,0.0,0.0,0.0
2024-08-29 15:25:00-04:00,14.039999961853027,14.039999961853027,13.98009967803955,13.988300323486328,112172,0.0,0.0,0.0
2024-08-29 15:30:00-04:00,13.994999885559082,14.029999732971191,13.990099906921387,14.026000022888184,325435,0.0,0.0,0.0
2024-08-29 15:35:00-04:00,14.029999732971191,14.038700103759766,13.979999542236328,14.020000457763672,169001,0.0,0.0,0.0
2024-08-29 15:40:00-04:00,14.050000190734863,14.15999984741211,14.045000076293945,14.15250015258789,203053,0.0,0.0,0.0
2024-08-29 15:45:00-04:00,14.151700019836426,14.194999694824219,14.130000114440918,14.194999694824219,604635,0.0,0.0,0.0
2024-08-29 15:50:00-04:00,14.199999809265137,14.220000267028809,14.149999618530273,14.220000267028809,539023,0.0,0.0,0.0
2024-08-29 15:55:00-04:00,14.220000267028809,14.229999542236328,14.154999732971191,14.192399978637695,438225,0.0,0.0,0.0
2024-08-30 09:30:00-04:00,14.050000190734863,14.100000381469727,13.900500297546387,13.914999961853027,792504,0.0,0.0,0.0
2024-08-30 09:35:00-04:00,13.906999588012695,13.969900131225586,13.899999618530273,13.930000305175781,223989,0.0,0.0,0.0
2024-08-30 09:40:00-04:00,13.949999809265137,14.045100212097168,13.944999694824219,14.035699844360352,339831,0.0,0.0,0.0
2024-08-30 09:45:00-04:00,14.020000457763672,14.149999618530273,14.020000457763672,14.145700454711914,377268,0.0,0.0,0.0
2024-08-30 09:50:00-04:00,14.149999618530273,14.179900169372559,14.070699691772461,14.079999923706055,346519,0.0,0.0,0.0
2024-08-30 09:55:00-04:00,14.085000038146973,14.119999885559082,14.071200370788574,14.109700202941895,49539,0.0,0.0,0.0
2024-08-30 10:00:00-04:00,14.100000381469727,14.100000381469727,14.000100135803223,14.010000228881836,338517,0.0,0.0,0.0
2024-08-30 10:05:00-04:00,14.019700050354004,14.100000381469727,14.005000114440918,14.029999732971191,179714,0.0,0.0,0.0
2024-08-30 10:10:00-04:00,14.020000457763672,14.069700241088867,13.984999656677246,14.062999725341797,238226,0.0,0.0,0.0
2024-08-30 10:15:00-04:00,14.0600004196167,14.129899978637695,14.039999961853027,14.050000190734863,240971,0.0,0.0,0.0
2024-08-30 10:20:00-04:00,14.0600004196167,14.129899978637695,14.045000076293945,14.09000015258789,254826,0.0,0.0,0.0
2024-08-30 10:25:00-04:00,14.09000015258789,14.149999618530273,14.010000228881836,14.015000343322754,275623,0.0,0.0,0.0
2024-08-30 10:30:00-04:00,14.020000457763672,14.04990005493164,13.984999656677246,14.03499984741211,247804,0.0,0.0,0.0
2024-08-30 10:35:00-04:00,14.038999557495117,14.05049991607666,13.970100402832031,13.989999771118164,212384,0.0,0.0,0.0
2024-08-30 10:40:00-04:00,13.979999542236328,14.085000038146973,13.951499938964844,14.073200225830078,191238,0.0,0.0,0.0
2024-08-30 10:45:00-04:00,14.079999923706055,14.100000381469727,14.020000457763672,14.024999618530273,154931,0.0,0.0,0.0
2024-08-30 10:50:00-04:00,14.024999618530273,14.085000038146973,14.0,14.069999694824219,144100,0.0,0.0,0.0
2024-08-30 10:55:00-04:00,14.070099830627441,14.140000343322754,14.050000190734863,14.136199951171875,234966,0.0,0.0,0.0
2024-08-30 11:00:00-04:00,14.140000343322754,14.149999618530273,14.085000038146973,14.104999542236328,179282,0.0,0.0,0.0
2024-08-30 11:05:00-04:00,14.109999656677246,14.11989974975586,14.074999809265137,14.109999656677246,179454,0.0,0.0,0.0
2024-08-30 11:10:00-04:00,14.109999656677246,14.145000457763672,14.09000015258789,14.135000228881836,102422,0.0,0.0,0.0
2024-08-30 11:15:00-04:00,14.140000343322754,14.219900131225586,14.130000114440918,14.210000038146973,209455,0.0,0.0,0.0
2024-08-30 11:20:00-04:00,14.218099594116211,14.25,14.210000038146973,14.239999771118164,143765,0.0,0.0,0.0
2024-08-30 11:25:00-04:00,14.25,14.279999732971191,14.234999656677246,14.252799987792969,127292,0.0,0.0,0.0
2024-08-30 11:30:00-04:00,14.255000114440918,14.34000015258789,14.239999771118164,14.289899826049805,192716,0.0,0.0,0.0
2024-08-30 11:35:00-04:00,14.289999961853027,14.339900016784668,14.260000228881836,14.329999923706055,186794,0.0,0.0,0.0
2024-08-30 11:40:00-04:00,14.331299781799316,14.338700294494629,14.309100151062012,14.324999809265137,91360,0.0,0.0,0.0
2024-08-30 11:45:00-04:00,14.318900108337402,14.324999809265137,14.280099868774414,14.319999694824219,145161,0.0,0.0,0.0
2024-08-30 11:50:00-04:00,14.329999923706055,14.331299781799316,14.28279972076416,14.28279972076416,107108,0.0,0.0,0.0
2024-08-30 11:55:00-04:00,14.279999732971191,14.320099830627441,14.273500442504883,14.307900428771973,226505,0.0,0.0,0.0
2024-08-30 12:00:00-04:00,14.30049991607666,14.399900436401367,14.30049991607666,14.3149995803833,239684,0.0,0.0,0.0
2024-08-30 12:05:00-04:00,14.3100004196167,14.3149995803833,14.260000228881836,14.270000457763672,132401,0.0,0.0,0.0
2024-08-30 12:10:00-04:00,14.276700019836426,14.28030014038086,14.25,14.274999618530273,72442,0.0,0.0,0.0
2024-08-30 12:15:00-04:00,14.274999618530273,14.320599555969238,14.260000228881836,14.31980037689209,54843,0.0,0.0,0.0
2024-08-30 12:20:00-04:00,14.320099830627441,14.350000381469727,14.3100004196167,14.345000267028809,116325,0.0,0.0,0.0
2024-08-30 12:25:00-04:00,14.350000381469727,14.420000076293945,14.335000038146973,14.399700164794922,172527,0.0,0.0,0.0
2024-08-30 12:30:00-04:00,14.399999618530273,14.470000267028809,14.390000343322754,14.460000038146973,212510,0.0,0.0,0.0
2024-08-30 12:35:00-04:00,14.468999862670898,14.489999771118164,14.4399995803833,14.449999809265137,187236,0.0,0.0,0.0
2024-08-30 12:40:00-04:00,14.454999923706055,14.489999771118164,14.449899673461914,14.470000267028809,91557,0.0,0.0,0.0
2024-08-30 12:45:00-04:00,14.479999542236328,14.489899635314941,14.4399995803833,14.45009994506836,40883,0.0,0.0,0.0
2024-08-30 12:50:00-04:00,14.449999809265137,14.449999809265137,14.375100135803223,14.375100135803223,84659,0.0,0.0,0.0
2024-08-30 12:55:00-04:00,14.380000114440918,14.380000114440918,14.324999809265137,14.34000015258789,102857,0.0,0.0,0.0
2024-08-30 13:00:00-04:00,14.345000267028809,14.359999656677246,14.289999961853027,14.319499969482422,101643,0.0,0.0,0.0
2024-08-30 13:05:00-04:00,14.319999694824219,14.369999885559082,14.319899559020996,14.369999885559082,69070,0.0,0.0,0.0
2024-08-30 13:10:00-04:00,14.36870002746582,14.380000114440918,14.335000038146973,14.34000015258789,40040,0.0,0.0,0.0
2024-08-30 13:15:00-04:00,14.338700294494629,14.369999885559082,14.329999923706055,14.359999656677246,74278,0.0,0.0,0.0
2024-08-30 13:20:00-04:00,14.350000381469727,14.418600082397461,14.350000381469727,14.40999984741211,149871,0.0,0.0,0.0
2024-08-30 13:25:00-04:00,14.414999961853027,14.414999961853027,14.380000114440918,14.390000343322754,79391,0.0,0.0,0.0
2024-08-30 13:30:00-04:00,14.390000343322754,14.399999618530273,14.34850025177002,14.350000381469727,62978,0.0,0.0,0.0
2024-08-30 13:35:00-04:00,14.350000381469727,14.359999656677246,14.329899787902832,14.359999656677246,61307,0.0,0.0,0.0
2024-08-30 13:40:00-04:00,14.364500045776367,14.375,14.34000015258789,14.34689998626709,42582,0.0,0.0,0.0
2024-08-30 13:45:00-04:00,14.350000381469727,14.380000114440918,14.324999809265137,14.329999923706055,61178,0.0,0.0,0.0
2024-08-30 13:50:00-04:00,14.336400032043457,14.336400032043457,14.300000190734863,14.3100004196167,43752,0.0,0.0,0.0
2024-08-30 13:55:00-04:00,14.3100004196167,14.350000381469727,14.3100004196167,14.340700149536133,56165,0.0,0.0,0.0
2024-08-30 14:00:00-04:00,14.345000267028809,14.350000381469727,14.289999961853027,14.300000190734863,33963,0.0,0.0,0.0
2024-08-30 14:05:00-04:00,14.300000190734863,14.300000190734863,14.260499954223633,14.270000457763672,61152,0.0,0.0,0.0
2024-08-30 14:10:00-04:00,14.270000457763672,14.279999732971191,14.240099906921387,14.260700225830078,38677,0.0,0.0,0.0
2024-08-30 14:15:00-04:00,14.265000343322754,14.279999732971191,14.258700370788574,14.270000457763672,53286,0.0,0.0,0.0
2024-08-30 14:20:00-04:00,14.279999732971191,14.280099868774414,14.250499725341797,14.250499725341797,16156,0.0,0.0,0.0
2024-08-30 14:25:00-04:00,14.25,14.278900146484375,14.229999542236328,14.260000228881836,71167,0.0,0.0,0.0
2024-08-30 14:30:00-04:00,14.270000457763672,14.28499984741211,14.251799583435059,14.255000114440918,109388,0.0,0.0,0.0
2024-08-30 14:35:00-04:00,14.257100105285645,14.259900093078613,14.210100173950195,14.222599983215332,60506,0.0,0.0,0.0
2024-08-30 14:40:00-04:00,14.225000381469727,14.239999771118164,14.204999923706055,14.225000381469727,56423,0.0,0.0,0.0
2024-08-30 14:45:00-04:00,14.220000267028809,14.229900360107422,14.208700180053711,14.208700180053711,36171,0.0,0.0,0.0
2024-08-30 14:50:00-04:00,14.210000038146973,14.218600273132324,14.180000305175781,14.218600273132324,91476,0.0,0.0,0.0
2024-08-30 14:55:00-04:00,14.220000267028809,14.239899635314941,14.199999809265137,14.199999809265137,90744,0.0,0.0,0.0
2024-08-30 15:00:00-04:00,14.199999809265137,14.211299896240234,14.180000305175781,14.194999694824219,68948,0.0,0.0,0.0
2024-08-30 15:05:00-04:00,14.198699951171875,14.21500015258789,14.175000190734863,14.21500015258789,66191,0.0,0.0,0.0
2024-08-30 15:10:00-04:00,14.21500015258789,14.249899864196777,14.194999694824219,14.225000381469727,144286,0.0,0.0,0.0
2024-08-30 15:15:00-04:00,14.229999542236328,14.234999656677246,14.189900398254395,14.1899995803833,78533,0.0,0.0,0.0
2024-08-30 15:20:00-04:00,14.180000305175781,14.180000305175781,14.109999656677246,14.128499984741211,119277,0.0,0.0,0.0
2024-08-30 15:25:00-04:00,14.127599716186523,14.140000343322754,14.109999656677246,14.114999771118164,124628,0.0,0.0,0.0
2024-08-30 15:30:00-04:00,14.114100456237793,14.15999984741211,14.100099563598633,14.149999618530273,182145,0.0,0.0,0.0
2024-08-30 15:35:00-04:00,14.149999618530273,14.149999618530273,14.085000038146973,14.09000015258789,130049,0.0,0.0,0.0
2024-08-30 15:40:00-04:00,14.09000015258789,14.119999885559082,14.069999694824219,14.109999656677246,166077,0.0,0.0,0.0
2024-08-30 15:45:00-04:00,14.109999656677246,14.109999656677246,14.074999809265137,14.079999923706055,126546,0.0,0.0,0.0
2024-08-30 15:50:00-04:00,14.0600004196167,14.0600004196167,13.9399995803833,13.989899635314941,863499,0.0,0.0,0.0
2024-08-30 15:55:00-04:00,13.984999656677246,13.989999771118164,13.90999984741211,13.989999771118164,821326,0.0,0.0,0.0
