Datetime,Open,High,Low,Close,Volume,Dividends,Stock Splits,Capital Gains
2024-08-01 09:30:00-04:00,180.50999450683594,180.50999450683594,180.50999450683594,180.50999450683594,0,0.0,0.0,0.0
2024-08-01 10:00:00-04:00,179.7100067138672,179.7100067138672,179.7100067138672,179.7100067138672,323,0.0,0.0,0.0
2024-08-01 11:05:00-04:00,177.8300018310547,177.8300018310547,177.8300018310547,177.8300018310547,313,0.0,0.0,0.0
2024-08-01 11:55:00-04:00,177.6300048828125,177.6304931640625,177.6300048828125,177.6304931640625,273,0.0,0.0,0.0
2024-08-01 12:10:00-04:00,177.7050018310547,177.7050018310547,177.7050018310547,177.7050018310547,385,0.0,0.0,0.0
2024-08-01 12:50:00-04:00,177.30999755859375,177.30999755859375,177.30999755859375,177.30999755859375,100,0.0,0.0,0.0
2024-08-01 13:15:00-04:00,177.1649932861328,177.1649932861328,177.1649932861328,177.1649932861328,1075,0.0,0.0,0.0
2024-08-01 14:15:00-04:00,177.00999450683594,177.00999450683594,177.00999450683594,177.00999450683594,304,0.0,0.0,0.0
2024-08-01 15:00:00-04:00,176.72999572753906,176.72999572753906,176.72999572753906,176.72999572753906,113,0.0,0.0,0.0
2024-08-01 15:05:00-04:00,176.54010009765625,176.63650512695312,176.5399932861328,176.5399932861328,3367,0.0,0.0,0.0
2024-08-01 15:10:00-04:00,176.82000732421875,176.82000732421875,176.7895050048828,176.7895050048828,1034,0.0,0.0,0.0
2024-08-01 15:20:00-04:00,176.88999938964844,176.88999938964844,176.88999938964844,176.88999938964844,423,0.0,0.0,0.0
2024-08-01 15:40:00-04:00,177.1750030517578,177.22999572753906,177.1750030517578,177.22999572753906,314,0.0,0.0,0.0
2024-08-01 15:45:00-04:00,177.26370239257812,177.4727020263672,177.26370239257812,177.4727020263672,1269,0.0,0.0,0.0
2024-08-01 15:50:00-04:00,177.61000061035156,177.61000061035156,177.606201171875,177.606201171875,537,0.0,0.0,0.0
2024-08-01 15:55:00-04:00,177.4499969482422,177.4499969482422,177.4365997314453,177.4365997314453,0,0.0,0.0,0.0
2024-08-02 10:00:00-04:00,175.0198974609375,175.1699981689453,175.0198974609375,175.1699981689453,388,0.0,0.0,0.0
2024-08-02 10:45:00-04:00,173.1300048828125,173.1300048828125,173.1300048828125,173.1300048828125,261,0.0,0.0,0.0
2024-08-02 11:35:00-04:00,172.82989501953125,172.82989501953125,172.82989501953125,172.82989501953125,149,0.0,0.0,0.0
2024-08-02 11:40:00-04:00,172.6999969482422,172.6999969482422,172.6999969482422,172.6999969482422,1616,0.0,0.0,0.0
2024-08-02 11:55:00-04:00,173.11000061035156,173.11000061035156,173.11000061035156,173.11000061035156,223,0.0,0.0,0.0
2024-08-02 12:00:00-04:00,173.22610473632812,173.22610473632812,173.22610473632812,173.22610473632812,147,0.0,0.0,0.0
2024-08-02 12:10:00-04:00,173.16000366210938,173.16000366210938,173.16000366210938,173.16000366210938,692,0.0,0.0,0.0
2024-08-02 12:35:00-04:00,173.5399932861328,173.5399932861328,173.5399932861328,173.5399932861328,100,0.0,0.0,0.0
2024-08-02 12:50:00-04:00,173.54209899902344,173.54209899902344,173.54209899902344,173.54209899902344,566,0.0,0.0,0.0
2024-08-02 13:20:00-04:00,172.9300994873047,172.9300994873047,172.9300994873047,172.9300994873047,165,0.0,0.0,0.0
2024-08-02 13:30:00-04:00,172.93499755859375,172.93499755859375,172.93499755859375,172.93499755859375,382,0.0,0.0,0.0
2024-08-02 13:55:00-04:00,172.72000122070312,172.72000122070312,172.72000122070312,172.72000122070312,175,0.0,0.0,0.0
2024-08-02 14:15:00-04:00,172.64559936523438,172.72000122070312,172.64559936523438,172.72000122070312,421,0.0,0.0,0.0
2024-08-02 15:05:00-04:00,173.0800018310547,173.0800018310547,173.0800018310547,173.0800018310547,202,0.0,0.0,0.0
2024-08-02 15:55:00-04:00,173.60989379882812,173.60989379882812,173.5500030517578,173.58590698242188,547,0.0,0.0,0.0
2024-08-05 09:30:00-04:00,169.02000427246094,169.02000427246094,169.02000427246094,169.02000427246094,0,0.0,0.0,0.0
2024-08-05 09:40:00-04:00,168.5749969482422,168.5749969482422,168.5749969482422,168.5749969482422,445,0.0,0.0,0.0
2024-08-05 10:00:00-04:00,169.57000732421875,169.57000732421875,169.57000732421875,169.57000732421875,252,0.0,0.0,0.0
2024-08-05 10:45:00-04:00,168.72000122070312,168.72000122070312,168.72000122070312,168.72000122070312,192,0.0,0.0,0.0
2024-08-05 11:05:00-04:00,169.15989685058594,169.15989685058594,169.15989685058594,169.15989685058594,295,0.0,0.0,0.0
2024-08-05 11:10:00-04:00,169.25,169.25,169.25,169.25,112,0.0,0.0,0.0
2024-08-05 11:25:00-04:00,169.22439575195312,169.3699951171875,169.22439575195312,169.24400329589844,520,0.0,0.0,0.0
2024-08-05 11:30:00-04:00,169.37860107421875,169.37860107421875,169.37860107421875,169.37860107421875,577,0.0,0.0,0.0
2024-08-05 11:55:00-04:00,169.8300018310547,169.8300018310547,169.8300018310547,169.8300018310547,297,0.0,0.0,0.0
2024-08-05 12:25:00-04:00,170.360107421875,170.360107421875,170.360107421875,170.360107421875,660,0.0,0.0,0.0
2024-08-05 12:30:00-04:00,170.24009704589844,170.3300018310547,170.22000122070312,170.3300018310547,799,0.0,0.0,0.0
2024-08-05 13:50:00-04:00,169.60000610351562,169.60000610351562,169.60000610351562,169.60000610351562,325,0.0,0.0,0.0
2024-08-05 14:00:00-04:00,169.3000030517578,169.3000030517578,169.1999969482422,169.1999969482422,370,0.0,0.0,0.0
2024-08-05 14:45:00-04:00,169.1300048828125,169.1300048828125,169.1300048828125,169.1300048828125,182,0.0,0.0,0.0
2024-08-05 15:00:00-04:00,169.02999877929688,169.02999877929688,169.02999877929688,169.02999877929688,304,0.0,0.0,0.0
2024-08-05 15:30:00-04:00,168.83999633789062,168.83999633789062,168.83999633789062,168.83999633789062,672,0.0,0.0,0.0
2024-08-05 15:55:00-04:00,168.8800048828125,169.1199951171875,168.8800048828125,169.1199951171875,2651,0.0,0.0,0.0
2024-08-06 09:30:00-04:00,169.92999267578125,169.92999267578125,169.92999267578125,169.92999267578125,779,0.0,0.0,0.0
2024-08-06 11:05:00-04:00,171.53909301757812,171.53909301757812,171.3000030517578,171.3000030517578,469,0.0,0.0,0.0
2024-08-06 11:35:00-04:00,170.70849609375,170.70849609375,170.70849609375,170.70849609375,3399,0.0,0.0,0.0
2024-08-06 11:45:00-04:00,170.8000030517578,170.8000030517578,170.8000030517578,170.8000030517578,189,0.0,0.0,0.0
2024-08-06 12:20:00-04:00,171.42999267578125,171.42999267578125,171.42999267578125,171.42999267578125,531,0.0,0.0,0.0
2024-08-06 12:30:00-04:00,171.42999267578125,171.43899536132812,171.39999389648438,171.39999389648438,3965,0.0,0.0,0.0
2024-08-06 12:35:00-04:00,171.3000030517578,171.3000030517578,171.22999572753906,171.24000549316406,7987,0.0,0.0,0.0
2024-08-06 12:55:00-04:00,171.64999389648438,171.64999389648438,171.64999389648438,171.64999389648438,1000,0.0,0.0,0.0
2024-08-06 13:00:00-04:00,171.7198944091797,171.7198944091797,171.7198944091797,171.7198944091797,363,0.0,0.0,0.0
2024-08-06 13:20:00-04:00,171.67999267578125,171.67999267578125,171.5399932861328,171.5399932861328,22992,0.0,0.0,0.0
2024-08-06 13:50:00-04:00,171.9571075439453,171.96299743652344,171.9571075439453,171.96299743652344,2932,0.0,0.0,0.0
2024-08-06 13:55:00-04:00,171.9199981689453,172.0399932861328,171.9199981689453,172.0399932861328,8436,0.0,0.0,0.0
2024-08-06 14:00:00-04:00,171.72000122070312,171.77999877929688,171.67999267578125,171.67999267578125,480,0.0,0.0,0.0
2024-08-06 14:05:00-04:00,171.55999755859375,171.55999755859375,171.5500030517578,171.5500030517578,487,0.0,0.0,0.0
2024-08-06 14:10:00-04:00,171.6300048828125,171.6300048828125,171.6300048828125,171.6300048828125,865,0.0,0.0,0.0
2024-08-06 14:40:00-04:00,172.2550048828125,172.2550048828125,172.2550048828125,172.2550048828125,412,0.0,0.0,0.0
2024-08-06 14:45:00-04:00,172.28030395507812,172.30999755859375,172.28030395507812,172.30499267578125,914,0.0,0.0,0.0
2024-08-06 14:55:00-04:00,171.69000244140625,171.69000244140625,171.69000244140625,171.69000244140625,300,0.0,0.0,0.0
2024-08-06 15:00:00-04:00,171.58999633789062,171.58999633789062,171.58999633789062,171.58999633789062,301,0.0,0.0,0.0
2024-08-06 15:05:00-04:00,171.1999969482422,171.1999969482422,170.97000122070312,170.97000122070312,776,0.0,0.0,0.0
2024-08-06 15:45:00-04:00,171.11000061035156,171.11000061035156,170.45860290527344,170.45860290527344,0,0.0,0.0,0.0
2024-08-07 09:30:00-04:00,172.52000427246094,172.52000427246094,172.00999450683594,172.00999450683594,1173,0.0,0.0,0.0
2024-08-07 10:15:00-04:00,172.4199981689453,172.4199981689453,172.4199981689453,172.4199981689453,353,0.0,0.0,0.0
2024-08-07 11:10:00-04:00,172.49000549316406,172.49000549316406,172.47000122070312,172.47000122070312,239,0.0,0.0,0.0
2024-08-07 11:50:00-04:00,172.16000366210938,172.16000366210938,172.16000366210938,172.16000366210938,146,0.0,0.0,0.0
2024-08-07 12:00:00-04:00,171.97000122070312,171.97000122070312,171.97000122070312,171.97000122070312,227,0.0,0.0,0.0
2024-08-07 13:05:00-04:00,171.05799865722656,171.05799865722656,171.05799865722656,171.05799865722656,700,0.0,0.0,0.0
2024-08-07 13:10:00-04:00,171.05799865722656,171.10000610351562,170.86000061035156,170.86000061035156,2200,0.0,0.0,0.0
2024-08-07 13:15:00-04:00,170.8699951171875,170.8699951171875,170.8699951171875,170.8699951171875,346,0.0,0.0,0.0
2024-08-07 13:40:00-04:00,171.25999450683594,171.25999450683594,171.22999572753906,171.22999572753906,479,0.0,0.0,0.0
2024-08-07 14:45:00-04:00,169.88999938964844,169.88999938964844,169.88999938964844,169.88999938964844,408,0.0,0.0,0.0
2024-08-07 14:50:00-04:00,169.83999633789062,169.83999633789062,169.83999633789062,169.83999633789062,151,0.0,0.0,0.0
2024-08-07 15:05:00-04:00,170.4199981689453,170.4199981689453,170.4199981689453,170.4199981689453,221,0.0,0.0,0.0
2024-08-07 15:25:00-04:00,170.3249969482422,170.3249969482422,170.29949951171875,170.29949951171875,776,0.0,0.0,0.0
2024-08-07 15:30:00-04:00,170.32000732421875,170.32000732421875,170.32000732421875,170.32000732421875,156,0.0,0.0,0.0
2024-08-07 15:40:00-04:00,170.34500122070312,170.34500122070312,170.34500122070312,170.34500122070312,195,0.0,0.0,0.0
2024-08-07 15:50:00-04:00,170.44000244140625,170.4600067138672,170.44000244140625,170.4600067138672,600,0.0,0.0,0.0
2024-08-07 15:55:00-04:00,169.67999267578125,169.67999267578125,169.60000610351562,169.6096954345703,0,0.0,0.0,0.0
2024-08-08 09:30:00-04:00,170.5800018310547,170.5800018310547,170.5800018310547,170.5800018310547,259,0.0,0.0,0.0
2024-08-08 09:55:00-04:00,171.41000366210938,171.41000366210938,171.41000366210938,171.41000366210938,255,0.0,0.0,0.0
2024-08-08 10:05:00-04:00,171.57000732421875,171.57000732421875,171.57000732421875,171.57000732421875,105,0.0,0.0,0.0
2024-08-08 10:10:00-04:00,171.63999938964844,171.63999938964844,171.63999938964844,171.63999938964844,279,0.0,0.0,0.0
2024-08-08 10:15:00-04:00,171.8800048828125,171.9199981689453,171.8800048828125,171.9199981689453,420,0.0,0.0,0.0
2024-08-08 10:30:00-04:00,172.01600646972656,172.01600646972656,172.01600646972656,172.01600646972656,158,0.0,0.0,0.0
2024-08-08 10:35:00-04:00,172.0399932861328,172.0399932861328,172.0399932861328,172.0399932861328,516,0.0,0.0,0.0
2024-08-08 10:50:00-04:00,172.00999450683594,172.00999450683594,172.00999450683594,172.00999450683594,366,0.0,0.0,0.0
2024-08-08 11:30:00-04:00,172.08999633789062,172.08999633789062,172.0399932861328,172.0399932861328,445,0.0,0.0,0.0
2024-08-08 11:35:00-04:00,171.94000244140625,171.94000244140625,171.94000244140625,171.94000244140625,159,0.0,0.0,0.0
2024-08-08 11:55:00-04:00,171.9499969482422,171.9499969482422,171.9499969482422,171.9499969482422,362,0.0,0.0,0.0
2024-08-08 12:10:00-04:00,172.1199951171875,172.1199951171875,172.1199951171875,172.1199951171875,359,0.0,0.0,0.0
2024-08-08 13:00:00-04:00,171.81500244140625,171.81500244140625,171.81500244140625,171.81500244140625,202,0.0,0.0,0.0
2024-08-08 13:20:00-04:00,172.19000244140625,172.19000244140625,172.10000610351562,172.1699981689453,3099,0.0,0.0,0.0
2024-08-08 13:25:00-04:00,172.2041015625,172.26499938964844,172.2041015625,172.26499938964844,743,0.0,0.0,0.0
2024-08-08 14:20:00-04:00,172.5944061279297,172.5944061279297,172.5944061279297,172.5944061279297,362,0.0,0.0,0.0
2024-08-08 15:05:00-04:00,172.2100067138672,172.25,172.2100067138672,172.25,430,0.0,0.0,0.0
2024-08-08 15:20:00-04:00,172.4600067138672,172.4600067138672,172.4600067138672,172.4600067138672,101,0.0,0.0,0.0
2024-08-08 15:30:00-04:00,172.29110717773438,172.29110717773438,172.29110717773438,172.29110717773438,611,0.0,0.0,0.0
2024-08-08 15:45:00-04:00,172.52999877929688,172.52999877929688,172.52999877929688,172.52999877929688,182,0.0,0.0,0.0
2024-08-08 15:55:00-04:00,172.52999877929688,172.52999877929688,172.50999450683594,172.50999450683594,0,0.0,0.0,0.0
2024-08-09 09:45:00-04:00,171.64500427246094,171.64500427246094,171.64500427246094,171.64500427246094,345,0.0,0.0,0.0
2024-08-09 10:45:00-04:00,172.39599609375,172.39599609375,172.39599609375,172.39599609375,553,0.0,0.0,0.0
2024-08-09 12:30:00-04:00,172.28900146484375,172.28900146484375,172.28900146484375,172.28900146484375,100,0.0,0.0,0.0
2024-08-09 12:35:00-04:00,172.42999267578125,172.42999267578125,172.42999267578125,172.42999267578125,451,0.0,0.0,0.0
2024-08-09 13:40:00-04:00,172.96629333496094,172.96629333496094,172.96629333496094,172.96629333496094,289,0.0,0.0,0.0
2024-08-09 14:35:00-04:00,172.45309448242188,172.45309448242188,172.45309448242188,172.45309448242188,209,0.0,0.0,0.0
2024-08-09 15:05:00-04:00,172.69839477539062,172.69839477539062,172.67999267578125,172.67999267578125,610,0.0,0.0,0.0
2024-08-09 15:15:00-04:00,172.8820037841797,172.97000122070312,172.8820037841797,172.9698944091797,854,0.0,0.0,0.0
2024-08-09 15:20:00-04:00,172.85989379882812,172.85989379882812,172.85989379882812,172.85989379882812,981,0.0,0.0,0.0
2024-08-09 15:25:00-04:00,172.9199981689453,172.9199981689453,172.9199981689453,172.9199981689453,759,0.0,0.0,0.0
2024-08-09 15:55:00-04:00,172.9149932861328,172.97999572753906,172.9149932861328,172.97999572753906,571,0.0,0.0,0.0
2024-08-12 09:30:00-04:00,173.57000732421875,173.57000732421875,173.57000732421875,173.57000732421875,0,0.0,0.0,0.0
2024-08-12 11:00:00-04:00,172.98500061035156,172.98500061035156,172.98500061035156,172.98500061035156,204,0.0,0.0,0.0
2024-08-12 11:15:00-04:00,172.6800994873047,172.6800994873047,172.6800994873047,172.6800994873047,240,0.0,0.0,0.0
2024-08-12 12:40:00-04:00,172.36000061035156,172.36000061035156,172.2899932861328,172.2899932861328,2907,0.0,0.0,0.0
2024-08-12 12:55:00-04:00,172.1898956298828,172.1898956298828,172.1898956298828,172.1898956298828,393,0.0,0.0,0.0
2024-08-12 13:25:00-04:00,172.12989807128906,172.22000122070312,172.12989807128906,172.22000122070312,333,0.0,0.0,0.0
2024-08-12 14:05:00-04:00,172.02000427246094,172.02000427246094,172.02000427246094,172.02000427246094,381,0.0,0.0,0.0
2024-08-12 14:25:00-04:00,172.1300048828125,172.1300048828125,172.05499267578125,172.05499267578125,232,0.0,0.0,0.0
2024-08-12 14:30:00-04:00,172.0800018310547,172.0800018310547,172.0800018310547,172.0800018310547,188,0.0,0.0,0.0
2024-08-12 14:55:00-04:00,172.10000610351562,172.10000610351562,172.10000610351562,172.10000610351562,410,0.0,0.0,0.0
2024-08-12 15:25:00-04:00,172.10000610351562,172.10000610351562,172.10000610351562,172.10000610351562,299,0.0,0.0,0.0
2024-08-12 15:45:00-04:00,171.99000549316406,172.0,171.99000549316406,172.0,1103,0.0,0.0,0.0
2024-08-12 15:55:00-04:00,172.19000244140625,172.2100067138672,172.19000244140625,172.2100067138672,0,0.0,0.0,0.0
2024-08-13 10:00:00-04:00,172.9499053955078,172.9499053955078,172.9499053955078,172.9499053955078,234,0.0,0.0,0.0
2024-08-13 10:10:00-04:00,172.56500244140625,172.56500244140625,172.56500244140625,172.56500244140625,182,0.0,0.0,0.0
2024-08-13 10:55:00-04:00,172.97230529785156,172.97230529785156,172.97230529785156,172.97230529785156,724,0.0,0.0,0.0
2024-08-13 14:05:00-04:00,173.66079711914062,173.66079711914062,173.66079711914062,173.66079711914062,263,0.0,0.0,0.0
2024-08-13 14:35:00-04:00,173.84320068359375,173.84320068359375,173.84320068359375,173.84320068359375,212,0.0,0.0,0.0
2024-08-13 14:50:00-04:00,173.71200561523438,173.71200561523438,173.71200561523438,173.71200561523438,333,0.0,0.0,0.0
2024-08-13 15:30:00-04:00,173.75,173.80999755859375,173.75,173.80999755859375,359,0.0,0.0,0.0
2024-08-13 15:35:00-04:00,173.82000732421875,173.82000732421875,173.82000732421875,173.82000732421875,126,0.0,0.0,0.0
2024-08-13 15:40:00-04:00,173.83030700683594,173.83030700683594,173.83030700683594,173.83030700683594,815,0.0,0.0,0.0
2024-08-13 15:45:00-04:00,173.88999938964844,174.0800018310547,173.88999938964844,174.0800018310547,513,0.0,0.0,0.0
2024-08-13 15:55:00-04:00,173.80999755859375,174.0800018310547,173.80999755859375,174.0800018310547,0,0.0,0.0,0.0
2024-08-14 13:15:00-04:00,174.49989318847656,174.49989318847656,174.49989318847656,174.49989318847656,206,0.0,0.0,0.0
2024-08-14 13:35:00-04:00,174.5,174.5,174.44189453125,174.44189453125,317,0.0,0.0,0.0
2024-08-14 13:50:00-04:00,174.4803009033203,174.4803009033203,174.4803009033203,174.4803009033203,589,0.0,0.0,0.0
2024-08-14 15:00:00-04:00,174.75599670410156,174.75599670410156,174.75599670410156,174.75599670410156,275,0.0,0.0,0.0
2024-08-14 15:15:00-04:00,174.58999633789062,174.65989685058594,174.58999633789062,174.65989685058594,318,0.0,0.0,0.0
2024-08-14 15:50:00-04:00,174.55999755859375,174.66299438476562,174.55999755859375,174.66270446777344,0,0.0,0.0,0.0
2024-08-15 09:35:00-04:00,176.97509765625,176.97509765625,176.97500610351562,176.97509765625,213,0.0,0.0,0.0
2024-08-15 09:50:00-04:00,176.4600067138672,176.4600067138672,176.4600067138672,176.4600067138672,100,0.0,0.0,0.0
2024-08-15 09:55:00-04:00,176.4149932861328,176.4149932861328,176.4149932861328,176.4149932861328,508,0.0,0.0,0.0
2024-08-15 12:10:00-04:00,176.97000122070312,176.97000122070312,176.97000122070312,176.97000122070312,150,0.0,0.0,0.0
2024-08-15 12:40:00-04:00,177.02999877929688,177.02999877929688,177.02999877929688,177.02999877929688,137,0.0,0.0,0.0
2024-08-15 13:30:00-04:00,176.92970275878906,176.92970275878906,176.92970275878906,176.92970275878906,587,0.0,0.0,0.0
2024-08-15 13:55:00-04:00,176.91000366210938,176.91000366210938,176.91000366210938,176.91000366210938,473,0.0,0.0,0.0
2024-08-15 14:40:00-04:00,177.08990478515625,177.08990478515625,177.08990478515625,177.08990478515625,317,0.0,0.0,0.0
2024-08-15 15:10:00-04:00,177.05780029296875,177.05780029296875,177.05780029296875,177.05780029296875,498,0.0,0.0,0.0
2024-08-15 15:50:00-04:00,176.9738006591797,176.9738006591797,176.9738006591797,176.9738006591797,297,0.0,0.0,0.0
2024-08-15 15:55:00-04:00,176.6699981689453,176.70120239257812,176.6699981689453,176.70120239257812,0,0.0,0.0,0.0
2024-08-16 12:10:00-04:00,177.2899932861328,177.2899932861328,177.2899932861328,177.2899932861328,195,0.0,0.0,0.0
2024-08-16 13:00:00-04:00,177.63389587402344,177.63389587402344,177.63389587402344,177.63389587402344,199,0.0,0.0,0.0
2024-08-16 13:40:00-04:00,177.60989379882812,177.60989379882812,177.60989379882812,177.60989379882812,372,0.0,0.0,0.0
2024-08-16 15:00:00-04:00,177.57000732421875,177.57000732421875,177.57000732421875,177.57000732421875,150,0.0,0.0,0.0
2024-08-16 15:05:00-04:00,177.57000732421875,177.57000732421875,177.57000732421875,177.57000732421875,174,0.0,0.0,0.0
2024-08-16 15:45:00-04:00,177.52000427246094,177.52000427246094,177.52000427246094,177.52000427246094,189,0.0,0.0,0.0
2024-08-16 15:55:00-04:00,177.61959838867188,177.61959838867188,177.61959838867188,177.61959838867188,198,0.0,0.0,0.0
2024-08-19 09:30:00-04:00,177.61000061035156,177.61000061035156,177.61000061035156,177.61000061035156,0,0.0,0.0,0.0
2024-08-19 09:35:00-04:00,178.20359802246094,178.20399475097656,178.20359802246094,178.20359802246094,135,0.0,0.0,0.0
2024-08-19 09:55:00-04:00,178.0,178.0,178.0,178.0,101,0.0,0.0,0.0
2024-08-19 10:00:00-04:00,178.13999938964844,178.13999938964844,178.13999938964844,178.13999938964844,680,0.0,0.0,0.0
2024-08-19 11:25:00-04:00,178.61570739746094,178.6199951171875,178.61570739746094,178.6199951171875,425,0.0,0.0,0.0
2024-08-19 12:00:00-04:00,178.42999267578125,178.42999267578125,178.42999267578125,178.42999267578125,115,0.0,0.0,0.0
2024-08-19 12:30:00-04:00,178.58619689941406,178.58619689941406,178.58619689941406,178.58619689941406,232,0.0,0.0,0.0
2024-08-19 12:45:00-04:00,178.63929748535156,178.63929748535156,178.63929748535156,178.63929748535156,147,0.0,0.0,0.0
2024-08-19 13:00:00-04:00,178.6199951171875,178.6199951171875,178.6199951171875,178.6199951171875,773,0.0,0.0,0.0
2024-08-19 13:05:00-04:00,178.60000610351562,178.60000610351562,178.60000610351562,178.60000610351562,250,0.0,0.0,0.0
2024-08-19 13:30:00-04:00,178.5500030517578,178.5500030517578,178.5500030517578,178.5500030517578,694,0.0,0.0,0.0
2024-08-19 13:55:00-04:00,178.6199951171875,178.6199951171875,178.57000732421875,178.57000732421875,794,0.0,0.0,0.0
2024-08-19 14:50:00-04:00,178.72999572753906,178.72999572753906,178.72999572753906,178.72999572753906,222,0.0,0.0,0.0
2024-08-19 15:30:00-04:00,178.7030029296875,178.7030029296875,178.5800018310547,178.5800018310547,645,0.0,0.0,0.0
2024-08-19 15:45:00-04:00,178.72000122070312,178.72000122070312,178.7100067138672,178.7100067138672,600,0.0,0.0,0.0
2024-08-19 15:50:00-04:00,178.69000244140625,178.69000244140625,178.69000244140625,178.69000244140625,383,0.0,0.0,0.0
2024-08-19 15:55:00-04:00,178.89999389648438,178.89999389648438,178.89999389648438,178.89999389648438,471,0.0,0.0,0.0
2024-08-20 09:30:00-04:00,178.5800018310547,178.5800018310547,178.5800018310547,178.5800018310547,0,0.0,0.0,0.0
2024-08-20 10:05:00-04:00,178.63290405273438,178.63290405273438,178.63290405273438,178.63290405273438,504,0.0,0.0,0.0
2024-08-20 10:15:00-04:00,178.5,178.5,178.41000366210938,178.41000366210938,685,0.0,0.0,0.0
2024-08-20 10:45:00-04:00,178.381103515625,178.381103515625,178.381103515625,178.381103515625,390,0.0,0.0,0.0
2024-08-20 10:50:00-04:00,178.41200256347656,178.41200256347656,178.41200256347656,178.41200256347656,730,0.0,0.0,0.0
2024-08-20 11:20:00-04:00,178.0,178.0,178.0,178.0,200,0.0,0.0,0.0
2024-08-20 11:45:00-04:00,177.99000549316406,177.99000549316406,177.99000549316406,177.99000549316406,293,0.0,0.0,0.0
2024-08-20 12:00:00-04:00,178.11019897460938,178.1999969482422,178.11019897460938,178.1999969482422,724,0.0,0.0,0.0
2024-08-20 12:45:00-04:00,178.14889526367188,178.14889526367188,178.08560180664062,178.08560180664062,1819,0.0,0.0,0.0
2024-08-20 13:30:00-04:00,177.9730987548828,177.9730987548828,177.9730987548828,177.9730987548828,233,0.0,0.0,0.0
2024-08-20 13:45:00-04:00,177.95989990234375,178.00950622558594,177.95989990234375,178.00950622558594,931,0.0,0.0,0.0
2024-08-20 15:10:00-04:00,178.15499877929688,178.15499877929688,178.15499877929688,178.15499877929688,221,0.0,0.0,0.0
2024-08-20 15:30:00-04:00,178.02999877929688,178.02999877929688,178.02999877929688,178.02999877929688,135,0.0,0.0,0.0
2024-08-20 15:40:00-04:00,178.00250244140625,178.00250244140625,178.00250244140625,178.00250244140625,284,0.0,0.0,0.0
2024-08-20 15:45:00-04:00,178.0,178.0,178.0,178.0,118,0.0,0.0,0.0
2024-08-20 15:55:00-04:00,177.98989868164062,177.98989868164062,177.9698944091797,177.9698944091797,327,0.0,0.0,0.0
2024-08-21 09:30:00-04:00,178.7899932861328,178.7899932861328,178.7899932861328,178.7899932861328,0,0.0,0.0,0.0
2024-08-21 09:55:00-04:00,178.62210083007812,178.62210083007812,178.62210083007812,178.62210083007812,507,0.0,0.0,0.0
2024-08-21 10:35:00-04:00,178.69009399414062,178.69009399414062,178.69009399414062,178.69009399414062,284,0.0,0.0,0.0
2024-08-21 11:10:00-04:00,178.4600067138672,178.4600067138672,178.38389587402344,178.38389587402344,225,0.0,0.0,0.0
2024-08-21 11:20:00-04:00,178.5050048828125,178.5050048828125,178.5050048828125,178.5050048828125,162,0.0,0.0,0.0
2024-08-21 11:30:00-04:00,178.55999755859375,178.55999755859375,178.55999755859375,178.55999755859375,204,0.0,0.0,0.0
2024-08-21 11:35:00-04:00,178.60049438476562,178.60049438476562,178.60049438476562,178.60049438476562,368,0.0,0.0,0.0
2024-08-21 11:50:00-04:00,178.3699951171875,178.3699951171875,178.36000061035156,178.3699951171875,968,0.0,0.0,0.0
2024-08-21 11:55:00-04:00,178.2949981689453,178.2949981689453,178.2949981689453,178.2949981689453,569,0.0,0.0,0.0
2024-08-21 13:40:00-04:00,178.5500030517578,178.55999755859375,178.5500030517578,178.55999755859375,341,0.0,0.0,0.0
2024-08-21 14:55:00-04:00,178.8199005126953,178.8199005126953,178.8199005126953,178.8199005126953,356,0.0,0.0,0.0
2024-08-21 15:25:00-04:00,178.58729553222656,178.58729553222656,178.58729553222656,178.58729553222656,147,0.0,0.0,0.0
2024-08-21 15:35:00-04:00,178.61700439453125,178.61700439453125,178.50999450683594,178.50999450683594,436,0.0,0.0,0.0
2024-08-21 15:50:00-04:00,178.6699981689453,178.78199768066406,178.6699981689453,178.78199768066406,225,0.0,0.0,0.0
2024-08-22 09:30:00-04:00,179.52999877929688,179.52999877929688,179.52999877929688,179.52999877929688,0,0.0,0.0,0.0
2024-08-22 10:15:00-04:00,178.59500122070312,178.59500122070312,178.59500122070312,178.59500122070312,261,0.0,0.0,0.0
2024-08-22 10:35:00-04:00,178.60499572753906,178.60499572753906,178.60499572753906,178.60499572753906,533,0.0,0.0,0.0
2024-08-22 12:20:00-04:00,178.56500244140625,178.56500244140625,178.56500244140625,178.56500244140625,140,0.0,0.0,0.0
2024-08-22 12:25:00-04:00,178.68499755859375,178.68499755859375,178.68499755859375,178.68499755859375,224,0.0,0.0,0.0
2024-08-22 12:40:00-04:00,178.84500122070312,178.84500122070312,178.84500122070312,178.84500122070312,216,0.0,0.0,0.0
2024-08-22 13:55:00-04:00,177.94500732421875,177.94500732421875,177.94500732421875,177.94500732421875,502,0.0,0.0,0.0
2024-08-22 15:55:00-04:00,177.94000244140625,177.9644012451172,177.94000244140625,177.9644012451172,0,0.0,0.0,0.0
2024-08-23 09:30:00-04:00,179.50999450683594,179.50999450683594,179.50999450683594,179.50999450683594,1232,0.0,0.0,0.0
2024-08-23 09:35:00-04:00,179.49899291992188,179.49899291992188,179.49899291992188,179.49899291992188,170,0.0,0.0,0.0
2024-08-23 09:50:00-04:00,179.14529418945312,179.14529418945312,179.14529418945312,179.14529418945312,539,0.0,0.0,0.0
2024-08-23 11:45:00-04:00,180.47999572753906,180.47999572753906,180.47999572753906,180.47999572753906,172,0.0,0.0,0.0
2024-08-23 12:00:00-04:00,179.85000610351562,179.85000610351562,179.85000610351562,179.85000610351562,212,0.0,0.0,0.0
2024-08-23 12:55:00-04:00,180.08999633789062,180.08999633789062,180.08999633789062,180.08999633789062,490,0.0,0.0,0.0
2024-08-23 14:05:00-04:00,180.16000366210938,180.16000366210938,180.16000366210938,180.16000366210938,100,0.0,0.0,0.0
2024-08-23 14:15:00-04:00,180.3477020263672,180.3477020263672,180.3477020263672,180.3477020263672,594,0.0,0.0,0.0
2024-08-23 15:00:00-04:00,180.3498992919922,180.3498992919922,180.3498992919922,180.3498992919922,234,0.0,0.0,0.0
2024-08-23 15:20:00-04:00,180.55880737304688,180.55880737304688,180.55880737304688,180.55880737304688,286,0.0,0.0,0.0
2024-08-23 15:40:00-04:00,180.4499969482422,180.4499969482422,180.4499969482422,180.4499969482422,101,0.0,0.0,0.0
2024-08-23 15:45:00-04:00,180.52999877929688,180.6811981201172,180.52999877929688,180.6811981201172,400,0.0,0.0,0.0
2024-08-26 09:30:00-04:00,181.0800018310547,181.0800018310547,181.0800018310547,181.0800018310547,0,0.0,0.0,0.0
2024-08-26 11:05:00-04:00,181.09500122070312,181.09500122070312,181.09500122070312,181.09500122070312,330,0.0,0.0,0.0
2024-08-26 12:20:00-04:00,181.0399932861328,181.0399932861328,181.0399932861328,181.0399932861328,291,0.0,0.0,0.0
2024-08-26 13:55:00-04:00,180.760498046875,180.760498046875,180.760498046875,180.760498046875,454,0.0,0.0,0.0
2024-08-26 14:10:00-04:00,180.69000244140625,180.69000244140625,180.69000244140625,180.69000244140625,205,0.0,0.0,0.0
2024-08-26 15:10:00-04:00,180.80999755859375,180.80999755859375,180.80999755859375,180.80999755859375,171,0.0,0.0,0.0
2024-08-26 15:40:00-04:00,180.88999938964844,180.88999938964844,180.88999938964844,180.88999938964844,163,0.0,0.0,0.0
2024-08-26 15:45:00-04:00,180.8699951171875,180.8699951171875,180.6656951904297,180.6656951904297,0,0.0,0.0,0.0
2024-08-27 10:35:00-04:00,180.70570373535156,180.70570373535156,180.70570373535156,180.70570373535156,190,0.0,0.0,0.0
2024-08-27 10:40:00-04:00,180.6824951171875,180.6824951171875,180.6824951171875,180.6824951171875,314,0.0,0.0,0.0
2024-08-27 11:15:00-04:00,180.57000732421875,180.57000732421875,180.57000732421875,180.57000732421875,835,0.0,0.0,0.0
2024-08-27 11:50:00-04:00,180.35000610351562,180.35000610351562,180.35000610351562,180.35000610351562,1208,0.0,0.0,0.0
2024-08-27 12:55:00-04:00,180.42990112304688,180.51609802246094,180.42990112304688,180.51609802246094,0,0.0,0.0,0.0
2024-08-28 10:35:00-04:00,180.67999267578125,180.67999267578125,180.67999267578125,180.67999267578125,203,0.0,0.0,0.0
2024-08-28 12:40:00-04:00,179.9600067138672,179.9600067138672,179.9600067138672,179.9600067138672,269,0.0,0.0,0.0
2024-08-28 13:20:00-04:00,180.01040649414062,180.02609252929688,180.01040649414062,180.02609252929688,751,0.0,0.0,0.0
2024-08-28 14:15:00-04:00,179.55999755859375,179.55999755859375,179.55999755859375,179.55999755859375,733,0.0,0.0,0.0
2024-08-28 14:20:00-04:00,179.44009399414062,179.44009399414062,179.44009399414062,179.44009399414062,154,0.0,0.0,0.0
2024-08-28 14:30:00-04:00,179.39999389648438,179.39999389648438,179.39999389648438,179.39999389648438,309,0.0,0.0,0.0
2024-08-28 14:45:00-04:00,179.5070037841797,179.5070037841797,179.5070037841797,179.5070037841797,352,0.0,0.0,0.0
2024-08-28 14:50:00-04:00,179.72000122070312,180.27609252929688,179.72000122070312,180.27609252929688,0,0.0,0.0,0.0
2024-08-29 10:55:00-04:00,181.02439880371094,181.02439880371094,181.02439880371094,181.02439880371094,192,0.0,0.0,0.0
2024-08-29 11:10:00-04:00,181.19790649414062,181.19790649414062,181.19790649414062,181.19790649414062,257,0.0,0.0,0.0
2024-08-29 11:40:00-04:00,181.2449951171875,181.2449951171875,181.2449951171875,181.2449951171875,491,0.0,0.0,0.0
2024-08-29 13:05:00-04:00,181.71499633789062,181.71499633789062,181.71499633789062,181.71499633789062,400,0.0,0.0,0.0
2024-08-29 14:10:00-04:00,181.76499938964844,181.76499938964844,181.76499938964844,181.76499938964844,184,0.0,0.0,0.0
2024-08-29 14:20:00-04:00,181.78829956054688,181.78829956054688,181.78829956054688,181.78829956054688,103,0.0,0.0,0.0
2024-08-29 14:30:00-04:00,181.44500732421875,181.44500732421875,181.43310546875,181.43310546875,594,0.0,0.0,0.0
2024-08-29 15:20:00-04:00,181.14999389648438,181.14999389648438,181.14999389648438,181.14999389648438,171,0.0,0.0,0.0
2024-08-29 15:25:00-04:00,181.25999450683594,181.25999450683594,181.25999450683594,181.25999450683594,167,0.0,0.0,0.0
2024-08-29 15:30:00-04:00,181.375,181.375,180.85130310058594,180.85130310058594,365,0.0,0.0,0.0
2024-08-30 09:30:00-04:00,181.6999969482422,181.6999969482422,181.6999969482422,181.6999969482422,0,0.0,0.0,0.0
2024-08-30 10:35:00-04:00,181.60389709472656,181.60389709472656,181.60389709472656,181.60389709472656,255,0.0,0.0,0.0
2024-08-30 12:15:00-04:00,181.1649932861328,181.1649932861328,181.1649932861328,181.1649932861328,269,0.0,0.0,0.0
2024-08-30 12:35:00-04:00,180.56959533691406,180.56959533691406,180.56959533691406,180.56959533691406,624,0.0,0.0,0.0
2024-08-30 12:45:00-04:00,180.86790466308594,180.86790466308594,180.86790466308594,180.86790466308594,573,0.0,0.0,0.0
2024-08-30 13:50:00-04:00,181.0561981201172,181.0561981201172,181.0561981201172,181.0561981201172,146,0.0,0.0,0.0
2024-08-30 13:55:00-04:00,181.17999267578125,181.17999267578125,181.0749969482422,181.0749969482422,601,0.0,0.0,0.0
2024-08-30 14:00:00-04:00,181.05499267578125,181.05499267578125,181.05499267578125,181.05499267578125,232,0.0,0.0,0.0
2024-08-30 15:05:00-04:00,181.50999450683594,182.53970336914062,181.50999450683594,182.53970336914062,208,0.0,0.0,0.0
