Datetime,Open,High,Low,Close,Volume,Dividends,Stock Splits
2022-08-11 09:30:00-04:00,20.290000915527344,20.420000076293945,20.094999313354492,20.18000030517578,2163344,0.0,0.0
2022-08-11 10:30:00-04:00,20.184999465942383,20.229999542236328,20.149999618530273,20.155000686645508,1376052,0.0,0.0
2022-08-11 11:30:00-04:00,20.155000686645508,20.184999465942383,20.149999618530273,20.165000915527344,423632,0.0,0.0
2022-08-11 12:30:00-04:00,20.165000915527344,20.250099182128906,20.15999984741211,20.235000610351562,824546,0.0,0.0
2022-08-11 13:30:00-04:00,20.235000610351562,20.25,20.200000762939453,20.225000381469727,505138,0.0,0.0
2022-08-11 14:30:00-04:00,20.229999542236328,20.229999542236328,20.149999618530273,20.174999237060547,809262,0.0,0.0
2022-08-11 15:30:00-04:00,20.174999237060547,20.190000534057617,20.139999389648438,20.15999984741211,1108176,0.0,0.0
2022-08-12 09:30:00-04:00,20.049999237060547,20.06999969482422,19.950000762939453,19.989999771118164,1440614,0.0,0.0
2022-08-12 10:30:00-04:00,19.985000610351562,20.024999618530273,19.959999084472656,19.985000610351562,502060,0.0,0.0
2022-08-12 11:30:00-04:00,19.985000610351562,20.09000015258789,19.975000381469727,20.084999084472656,551008,0.0,0.0
2022-08-12 12:30:00-04:00,20.09000015258789,20.100000381469727,20.049999237060547,20.06999969482422,335559,0.0,0.0
2022-08-12 13:30:00-04:00,20.06999969482422,20.1200008392334,20.059999465942383,20.09000015258789,359851,0.0,0.0
2022-08-12 14:30:00-04:00,20.094999313354492,20.139999389648438,20.093000411987305,20.135000228881836,481284,0.0,0.0
2022-08-12 15:30:00-04:00,20.135000228881836,20.135000228881836,20.079999923706055,20.110000610351562,960626,0.0,0.0
2022-08-15 09:30:00-04:00,20.020000457763672,20.104999542236328,20.020000457763672,20.079999923706055,318298,0.0,0.0
2022-08-15 10:30:00-04:00,20.079999923706055,20.100000381469727,20.020000457763672,20.042499542236328,243527,0.0,0.0
2022-08-15 11:30:00-04:00,20.042499542236328,20.125,20.040000915527344,20.114999771118164,329175,0.0,0.0
2022-08-15 12:30:00-04:00,20.114999771118164,20.145000457763672,20.113000869750977,20.135000228881836,194015,0.0,0.0
2022-08-15 13:30:00-04:00,20.135000228881836,20.145000457763672,20.110000610351562,20.1200008392334,212366,0.0,0.0
2022-08-15 14:30:00-04:00,20.1200008392334,20.145000457763672,20.110000610351562,20.1200008392334,301829,0.0,0.0
2022-08-15 15:30:00-04:00,20.1200008392334,20.135000228881836,20.100000381469727,20.1299991607666,531163,0.0,0.0
2022-08-16 09:30:00-04:00,20.049999237060547,20.1299991607666,19.985000610351562,20.0049991607666,817785,0.0,0.0
2022-08-16 10:30:00-04:00,20.0049991607666,20.059999465942383,20.0,20.040000915527344,266672,0.0,0.0
2022-08-16 11:30:00-04:00,20.040000915527344,20.05500030517578,19.989999771118164,19.989999771118164,1364329,0.0,0.0
2022-08-16 12:30:00-04:00,20.0,20.045000076293945,19.989999771118164,20.03700065612793,444164,0.0,0.0
2022-08-16 13:30:00-04:00,20.030000686645508,20.139999389648438,20.021499633789062,20.110000610351562,576214,0.0,0.0
2022-08-16 14:30:00-04:00,20.114999771118164,20.139999389648438,20.049999237060547,20.125,987084,0.0,0.0
2022-08-16 15:30:00-04:00,20.125,20.15999984741211,20.110000610351562,20.149999618530273,1159887,0.0,0.0
2022-08-17 09:30:00-04:00,20.079999923706055,20.174999237060547,20.024999618530273,20.024999618530273,1284826,0.0,0.0
2022-08-17 10:30:00-04:00,20.030000686645508,20.049999237060547,19.950000762939453,19.975000381469727,2546238,0.0,0.0
2022-08-17 11:30:00-04:00,19.975000381469727,19.979999542236328,19.899999618530273,19.94499969482422,713150,0.0,0.0
2022-08-17 12:30:00-04:00,19.940000534057617,19.969999313354492,19.93000030517578,19.96500015258789,293801,0.0,0.0
2022-08-17 13:30:00-04:00,19.969999313354492,20.075000762939453,19.94499969482422,20.05500030517578,360711,0.0,0.0
2022-08-17 14:30:00-04:00,20.059999465942383,20.079999923706055,20.010000228881836,20.065000534057617,1078000,0.0,0.0
2022-08-17 15:30:00-04:00,20.065000534057617,20.100000381469727,20.020000457763672,20.09000015258789,2291017,0.0,0.0
2022-08-18 09:30:00-04:00,19.979999542236328,19.985000610351562,19.915000915527344,19.934999465942383,879885,0.0,0.0
2022-08-18 10:30:00-04:00,19.934999465942383,19.999900817871094,19.924999237060547,19.989999771118164,591344,0.0,0.0
2022-08-18 11:30:00-04:00,19.989999771118164,20.040000915527344,19.969999313354492,19.975000381469727,386085,0.0,0.0
2022-08-18 12:30:00-04:00,19.979999542236328,19.9950008392334,19.94499969482422,19.989999771118164,293374,0.0,0.0
2022-08-18 13:30:00-04:00,19.989999771118164,20.010000228881836,19.969999313354492,20.0049991607666,170630,0.0,0.0
2022-08-18 14:30:00-04:00,20.0049991607666,20.049999237060547,20.0,20.014999389648438,856057,0.0,0.0
2022-08-18 15:30:00-04:00,20.010000228881836,20.020000457763672,19.940000534057617,19.979999542236328,1623653,0.0,0.0
2022-08-19 09:30:00-04:00,20.040000915527344,20.040000915527344,19.829999923706055,19.850000381469727,579044,0.0,0.0
2022-08-19 10:30:00-04:00,19.854999542236328,19.854999542236328,19.75,19.78499984741211,381522,0.0,0.0
2022-08-19 11:30:00-04:00,19.78499984741211,19.829999923706055,19.780000686645508,19.802499771118164,295482,0.0,0.0
2022-08-19 12:30:00-04:00,19.799999237060547,19.844999313354492,19.795000076293945,19.80500030517578,222642,0.0,0.0
2022-08-19 13:30:00-04:00,19.799999237060547,19.829999923706055,19.780000686645508,19.7987003326416,250499,0.0,0.0
2022-08-19 14:30:00-04:00,19.795000076293945,19.808799743652344,19.760000228881836,19.780000686645508,374047,0.0,0.0
2022-08-19 15:30:00-04:00,19.780000686645508,19.790000915527344,19.760000228881836,19.770000457763672,575804,0.0,0.0
2022-08-22 09:30:00-04:00,19.479999542236328,19.6200008392334,19.450000762939453,19.549999237060547,865656,0.0,0.0
2022-08-22 10:30:00-04:00,19.55500030517578,19.575000762939453,19.510000228881836,19.540000915527344,579423,0.0,0.0
2022-08-22 11:30:00-04:00,19.540000915527344,19.59000015258789,19.530000686645508,19.545000076293945,368315,0.0,0.0
2022-08-22 12:30:00-04:00,19.545000076293945,19.559999465942383,19.510000228881836,19.514999389648438,248699,0.0,0.0
2022-08-22 13:30:00-04:00,19.514999389648438,19.549999237060547,19.510000228881836,19.520000457763672,433721,0.0,0.0
2022-08-22 14:30:00-04:00,19.520000457763672,19.540000915527344,19.510000228881836,19.530000686645508,403045,0.0,0.0
2022-08-22 15:30:00-04:00,19.53499984741211,19.59000015258789,19.510000228881836,19.530000686645508,2032109,0.0,0.0
2022-08-23 09:30:00-04:00,19.420000076293945,19.454999923706055,19.315000534057617,19.399999618530273,1093119,0.0,0.0
2022-08-23 10:30:00-04:00,19.399999618530273,19.43000030517578,19.322500228881836,19.360000610351562,780665,0.0,0.0
2022-08-23 11:30:00-04:00,19.364999771118164,19.440000534057617,19.344999313354492,19.364999771118164,873112,0.0,0.0
2022-08-23 12:30:00-04:00,19.364999771118164,19.395000457763672,19.354999542236328,19.385000228881836,455160,0.0,0.0
2022-08-23 13:30:00-04:00,19.385000228881836,19.399999618530273,19.343599319458008,19.360000610351562,442796,0.0,0.0
2022-08-23 14:30:00-04:00,19.360000610351562,19.367000579833984,19.299999237060547,19.315000534057617,842668,0.0,0.0
2022-08-23 15:30:00-04:00,19.309999465942383,19.329999923706055,19.25,19.25,1524327,0.0,0.0
2022-08-24 09:30:00-04:00,19.239999771118164,19.31999969482422,19.202999114990234,19.30500030517578,776464,0.0,0.0
2022-08-24 10:30:00-04:00,19.30500030517578,19.3799991607666,19.280000686645508,19.364999771118164,537117,0.0,0.0
2022-08-24 11:30:00-04:00,19.364999771118164,19.389999389648438,19.34000015258789,19.350000381469727,573677,0.0,0.0
2022-08-24 12:30:00-04:00,19.350000381469727,19.350000381469727,19.264999389648438,19.264999389648438,371649,0.0,0.0
2022-08-24 13:30:00-04:00,19.264999389648438,19.280000686645508,19.239999771118164,19.264999389648438,309005,0.0,0.0
2022-08-24 14:30:00-04:00,19.270000457763672,19.299999237060547,19.229999542236328,19.28499984741211,361541,0.0,0.0
2022-08-24 15:30:00-04:00,19.28499984741211,19.299999237060547,19.25,19.2549991607666,472110,0.0,0.0
2022-08-25 09:30:00-04:00,19.1299991607666,19.18000030517578,19.040000915527344,19.139999389648438,790105,0.0,0.0
2022-08-25 10:30:00-04:00,19.138999938964844,19.139999389648438,19.06999969482422,19.084999084472656,613292,0.0,0.0
2022-08-25 11:30:00-04:00,19.084999084472656,19.084999084472656,19.020000457763672,19.059999465942383,435827,0.0,0.0
2022-08-25 12:30:00-04:00,19.065000534057617,19.075000762939453,19.03499984741211,19.049999237060547,303250,0.0,0.0
2022-08-25 13:30:00-04:00,19.049999237060547,19.100000381469727,19.045000076293945,19.094999313354492,250989,0.0,0.0
2022-08-25 14:30:00-04:00,19.094999313354492,19.125,19.06999969482422,19.125,417204,0.0,0.0
2022-08-25 15:30:00-04:00,19.125,19.204999923706055,19.110000610351562,19.170000076293945,816040,0.0,0.0
2022-08-26 09:30:00-04:00,19.15999984741211,19.209999084472656,19.049999237060547,19.05500030517578,537007,0.0,0.0
2022-08-26 10:30:00-04:00,19.049999237060547,19.049999237060547,18.760000228881836,18.80500030517578,917674,0.0,0.0
2022-08-26 11:30:00-04:00,18.80500030517578,18.81999969482422,18.7450008392334,18.764999389648438,410360,0.0,0.0
2022-08-26 12:30:00-04:00,18.767499923706055,18.77750015258789,18.709999084472656,18.7450008392334,810782,0.0,0.0
2022-08-26 13:30:00-04:00,18.7450008392334,18.7450008392334,18.655000686645508,18.655000686645508,258327,0.0,0.0
2022-08-26 14:30:00-04:00,18.655000686645508,18.68000030517578,18.645000457763672,18.674999237060547,819165,0.0,0.0
2022-08-26 15:30:00-04:00,18.674999237060547,18.677600860595703,18.6200008392334,18.645000457763672,1181176,0.0,0.0
2022-08-29 09:30:00-04:00,18.3700008392334,18.469999313354492,18.329999923706055,18.434999465942383,671783,0.0,0.0
2022-08-29 10:30:00-04:00,18.43000030517578,18.434999465942383,18.28499984741211,18.28499984741211,815488,0.0,0.0
2022-08-29 11:30:00-04:00,18.28499984741211,18.350000381469727,18.274999618530273,18.34000015258789,501698,0.0,0.0
2022-08-29 12:30:00-04:00,18.34000015258789,18.40999984741211,18.31999969482422,18.375,232996,0.0,0.0
2022-08-29 13:30:00-04:00,18.375,18.420000076293945,18.350000381469727,18.367000579833984,175587,0.0,0.0
2022-08-29 14:30:00-04:00,18.364999771118164,18.440000534057617,18.360000610351562,18.415000915527344,548931,0.0,0.0
2022-08-29 15:30:00-04:00,18.415000915527344,18.440000534057617,18.389999389648438,18.415000915527344,1044956,0.0,0.0
2022-08-30 09:30:00-04:00,18.780000686645508,18.780000686645508,18.482500076293945,18.5,698316,0.0,0.0
2022-08-30 10:30:00-04:00,18.4950008392334,18.5,18.360000610351562,18.458799362182617,609979,0.0,0.0
2022-08-30 11:30:00-04:00,18.450000762939453,18.5,18.420000076293945,18.475000381469727,305373,0.0,0.0
2022-08-30 12:30:00-04:00,18.47249984741211,18.475000381469727,18.420000076293945,18.424999237060547,334279,0.0,0.0
2022-08-30 13:30:00-04:00,18.424999237060547,18.469999313354492,18.420000076293945,18.44499969482422,390198,0.0,0.0
2022-08-30 14:30:00-04:00,18.44499969482422,18.4950008392334,18.434999465942383,18.459999084472656,340883,0.0,0.0
2022-08-30 15:30:00-04:00,18.459999084472656,18.46500015258789,18.389999389648438,18.440000534057617,978777,0.0,0.0
2022-08-31 09:30:00-04:00,18.479999542236328,18.545000076293945,18.3700008392334,18.3700008392334,674453,0.0,0.0
2022-08-31 10:30:00-04:00,18.375,18.405000686645508,18.329999923706055,18.344999313354492,755416,0.0,0.0
2022-08-31 11:30:00-04:00,18.344999313354492,18.395000457763672,18.34000015258789,18.364999771118164,306601,0.0,0.0
2022-08-31 12:30:00-04:00,18.3700008392334,18.399999618530273,18.34000015258789,18.360000610351562,238578,0.0,0.0
2022-08-31 13:30:00-04:00,18.360000610351562,18.3799991607666,18.34000015258789,18.364999771118164,285603,0.0,0.0
2022-08-31 14:30:00-04:00,18.364999771118164,18.44499969482422,18.34000015258789,18.405000686645508,415631,0.0,0.0
2022-08-31 15:30:00-04:00,18.405000686645508,18.459999084472656,18.299999237060547,18.30500030517578,1709775,0.0,0.0
2022-09-01 09:30:00-04:00,18.329999923706055,18.329999923706055,18.219999313354492,18.290000915527344,918330,0.0,0.0
2022-09-01 10:30:00-04:00,18.295000076293945,18.299999237060547,18.190000534057617,18.209999084472656,538419,0.0,0.0
2022-09-01 11:30:00-04:00,18.209999084472656,18.264999389648438,18.209999084472656,18.225000381469727,550613,0.0,0.0
2022-09-01 12:30:00-04:00,18.225000381469727,18.280000686645508,18.219999313354492,18.274999618530273,424957,0.0,0.0
2022-09-01 13:30:00-04:00,18.274999618530273,18.315000534057617,18.229999542236328,18.295000076293945,352822,0.0,0.0
2022-09-01 14:30:00-04:00,18.295000076293945,18.389999389648438,18.28499984741211,18.344999313354492,536362,0.0,0.0
2022-09-01 15:30:00-04:00,18.34000015258789,18.420000076293945,18.309999465942383,18.415000915527344,767074,0.0,0.0
2022-09-02 09:30:00-04:00,18.299999237060547,18.3700008392334,18.239999771118164,18.364999771118164,783735,0.0,0.0
2022-09-02 10:30:00-04:00,18.364999771118164,18.417999267578125,18.360000610351562,18.375,487297,0.0,0.0
2022-09-02 11:30:00-04:00,18.375,18.440000534057617,18.28499984741211,18.28499984741211,477017,0.0,0.0
2022-09-02 12:30:00-04:00,18.290000915527344,18.299999237060547,18.093000411987305,18.094999313354492,509192,0.0,0.0
2022-09-02 13:30:00-04:00,18.094999313354492,18.139999389648438,18.06999969482422,18.125,506577,0.0,0.0
2022-09-02 14:30:00-04:00,18.125,18.149999618530273,18.059999465942383,18.06999969482422,470659,0.0,0.0
2022-09-02 15:30:00-04:00,18.073299407958984,18.110000610351562,17.9950008392334,18.09000015258789,1604832,0.0,0.0
2022-09-06 09:30:00-04:00,18.139999389648438,18.149999618530273,18.010000228881836,18.065000534057617,920284,0.0,0.0
2022-09-06 10:30:00-04:00,18.065000534057617,18.21500015258789,18.030000686645508,18.145000457763672,530652,0.0,0.0
2022-09-06 11:30:00-04:00,18.139999389648438,18.18320083618164,18.030000686645508,18.049999237060547,465253,0.0,0.0
2022-09-06 12:30:00-04:00,18.05500030517578,18.094999313354492,17.969999313354492,17.985000610351562,455842,0.0,0.0
2022-09-06 13:30:00-04:00,17.985000610351562,18.014999389648438,17.953100204467773,17.985000610351562,334103,0.0,0.0
2022-09-06 14:30:00-04:00,17.985000610351562,18.0,17.934999465942383,17.9950008392334,570954,0.0,0.0
2022-09-06 15:30:00-04:00,17.9950008392334,18.0,17.96500015258789,17.9950008392334,1176042,0.0,0.0
2022-09-07 09:30:00-04:00,18.139999389648438,18.260000228881836,18.110000610351562,18.200000762939453,759487,0.0,0.0
2022-09-07 10:30:00-04:00,18.200000762939453,18.270000457763672,18.190000534057617,18.239999771118164,622985,0.0,0.0
2022-09-07 11:30:00-04:00,18.235000610351562,18.290000915527344,18.229999542236328,18.264999389648438,495429,0.0,0.0
2022-09-07 12:30:00-04:00,18.264999389648438,18.325000762939453,18.25,18.290000915527344,370250,0.0,0.0
2022-09-07 13:30:00-04:00,18.290000915527344,18.389999389648438,18.280000686645508,18.375,495652,0.0,0.0
2022-09-07 14:30:00-04:00,18.3799991607666,18.44499969482422,18.360000610351562,18.434999465942383,508039,0.0,0.0
2022-09-07 15:30:00-04:00,18.434999465942383,18.450000762939453,18.389999389648438,18.43000030517578,704483,0.0,0.0
2022-09-08 09:30:00-04:00,18.350000381469727,18.399999618530273,18.280000686645508,18.389999389648438,493702,0.0,0.0
2022-09-08 10:30:00-04:00,18.3799991607666,18.489999771118164,18.375,18.46500015258789,236586,0.0,0.0
2022-09-08 11:30:00-04:00,18.46500015258789,18.485000610351562,18.329999923706055,18.364999771118164,467345,0.0,0.0
2022-09-08 12:30:00-04:00,18.364999771118164,18.475000381469727,18.364999771118164,18.454999923706055,619752,0.0,0.0
2022-09-08 13:30:00-04:00,18.454999923706055,18.5,18.440000534057617,18.469999313354492,278451,0.0,0.0
2022-09-08 14:30:00-04:00,18.475000381469727,18.5049991607666,18.434999465942383,18.475000381469727,519709,0.0,0.0
2022-09-08 15:30:00-04:00,18.475000381469727,18.530000686645508,18.450000762939453,18.530000686645508,790511,0.0,0.0
2022-09-09 09:30:00-04:00,18.770000457763672,18.94499969482422,18.75,18.934999465942383,1055512,0.0,0.0
2022-09-09 10:30:00-04:00,18.93000030517578,18.959999084472656,18.899999618530273,18.90999984741211,471321,0.0,0.0
2022-09-09 11:30:00-04:00,18.915000915527344,18.915000915527344,18.84000015258789,18.885000228881836,775461,0.0,0.0
2022-09-09 12:30:00-04:00,18.885000228881836,19.079999923706055,18.8799991607666,19.075000762939453,783951,0.0,0.0
2022-09-09 13:30:00-04:00,19.075000762939453,19.100000381469727,19.05500030517578,19.084999084472656,647293,0.0,0.0
2022-09-09 14:30:00-04:00,19.079999923706055,19.100000381469727,19.024999618530273,19.065000534057617,522272,0.0,0.0
2022-09-09 15:30:00-04:00,19.065000534057617,19.06999969482422,19.040000915527344,19.059999465942383,876616,0.0,0.0
2022-09-12 09:30:00-04:00,19.229999542236328,19.399999618530273,19.190000534057617,19.399999618530273,831407,0.0,0.0
2022-09-12 10:30:00-04:00,19.395000457763672,19.399999618530273,19.350000381469727,19.3799991607666,903081,0.0,0.0
2022-09-12 11:30:00-04:00,19.375,19.3799991607666,19.270000457763672,19.290000915527344,411397,0.0,0.0
2022-09-12 12:30:00-04:00,19.290000915527344,19.309999465942383,19.270000457763672,19.295000076293945,234641,0.0,0.0
2022-09-12 13:30:00-04:00,19.299999237060547,19.31999969482422,19.235000610351562,19.25,281499,0.0,0.0
2022-09-12 14:30:00-04:00,19.239999771118164,19.25,19.21500015258789,19.225000381469727,229126,0.0,0.0
2022-09-12 15:30:00-04:00,19.225000381469727,19.25,19.209999084472656,19.25,541034,0.0,0.0
2022-09-13 09:30:00-04:00,18.760000228881836,18.895000457763672,18.719999313354492,18.7450008392334,3444748,0.0,0.0
2022-09-13 10:30:00-04:00,18.739999771118164,18.760000228881836,18.59000015258789,18.635000228881836,1804414,0.0,0.0
2022-09-13 11:30:00-04:00,18.6299991607666,18.700000762939453,18.610000610351562,18.68000030517578,1692025,0.0,0.0
2022-09-13 12:30:00-04:00,18.674999237060547,18.770000457763672,18.672500610351562,18.764999389648438,1202155,0.0,0.0
2022-09-13 13:30:00-04:00,18.764999389648438,18.770000457763672,18.649999618530273,18.655000686645508,1132499,0.0,0.0
2022-09-13 14:30:00-04:00,18.65999984741211,18.65999984741211,18.540000915527344,18.545000076293945,1517407,0.0,0.0
2022-09-13 15:30:00-04:00,18.549999237060547,18.59000015258789,18.489999771118164,18.559999465942383,3780996,0.0,0.0
2022-09-14 09:30:00-04:00,18.3700008392334,18.440000534057617,18.219999313354492,18.225000381469727,2298558,0.0,0.0
2022-09-14 10:30:00-04:00,18.225000381469727,18.334999084472656,18.219999313354492,18.229999542236328,2018068,0.0,0.0
2022-09-14 11:30:00-04:00,18.229999542236328,18.2450008392334,18.149999618530273,18.18000030517578,1463355,0.0,0.0
2022-09-14 12:30:00-04:00,18.18000030517578,18.2549991607666,18.149999618530273,18.18000030517578,2305041,0.0,0.0
2022-09-14 13:30:00-04:00,18.174999237060547,18.190000534057617,18.030000686645508,18.084999084472656,1572050,0.0,0.0
2022-09-14 14:30:00-04:00,18.084999084472656,18.094999313354492,18.010000228881836,18.045000076293945,2543380,0.0,0.0
2022-09-14 15:30:00-04:00,18.045000076293945,18.100000381469727,17.969999313354492,18.079999923706055,3790923,0.0,0.0
2022-09-15 09:30:00-04:00,17.700000762939453,17.774999618530273,17.579999923706055,17.65999984741211,4953562,0.0,0.0
2022-09-15 10:30:00-04:00,17.665000915527344,17.719999313354492,17.545000076293945,17.65999984741211,2240744,0.0,0.0
2022-09-15 11:30:00-04:00,17.65999984741211,17.684999465942383,17.510000228881836,17.55500030517578,3453608,0.0,0.0
2022-09-15 12:30:00-04:00,17.549999237060547,17.7450008392334,17.540000915527344,17.700000762939453,2410147,0.0,0.0
2022-09-15 13:30:00-04:00,17.700000762939453,17.729999542236328,17.645000457763672,17.700000762939453,1543464,0.0,0.0
2022-09-15 14:30:00-04:00,17.69499969482422,17.719999313354492,17.645000457763672,17.65999984741211,1298478,0.0,0.0
2022-09-15 15:30:00-04:00,17.655000686645508,17.809999465942383,17.655000686645508,17.780000686645508,2405301,0.0,0.0
2022-09-16 09:30:00-04:00,17.200000762939453,17.315000534057617,17.110000610351562,17.295000076293945,3609974,0.0,0.0
2022-09-16 10:30:00-04:00,17.295000076293945,17.329999923706055,17.104999542236328,17.1200008392334,4258814,0.0,0.0
2022-09-16 11:30:00-04:00,17.1299991607666,17.235300064086914,17.1200008392334,17.135000228881836,901217,0.0,0.0
2022-09-16 12:30:00-04:00,17.149999618530273,17.200000762939453,17.139999389648438,17.170000076293945,1232490,0.0,0.0
2022-09-16 13:30:00-04:00,17.170000076293945,17.200000762939453,17.09000015258789,17.114999771118164,2376540,0.0,0.0
2022-09-16 14:30:00-04:00,17.114999771118164,17.270000457763672,17.094999313354492,17.25,4856872,0.0,0.0
2022-09-16 15:30:00-04:00,17.25,17.459999084472656,17.220699310302734,17.329999923706055,8628966,0.0,0.0
2022-09-19 09:30:00-04:00,17.40999984741211,17.5049991607666,17.290000915527344,17.479999542236328,1474477,0.0,0.0
2022-09-19 10:30:00-04:00,17.475000381469727,17.524999618530273,17.40999984741211,17.415000915527344,1699402,0.0,0.0
2022-09-19 11:30:00-04:00,17.415000915527344,17.434999465942383,17.34000015258789,17.360000610351562,1401581,0.0,0.0
2022-09-19 12:30:00-04:00,17.354999542236328,17.450000762939453,17.350000381469727,17.424999237060547,1853081,0.0,0.0
2022-09-19 13:30:00-04:00,17.43000030517578,17.43000030517578,17.350000381469727,17.389999389648438,923579,0.0,0.0
2022-09-19 14:30:00-04:00,17.389999389648438,17.510000228881836,17.385000228881836,17.46500015258789,2092110,0.0,0.0
2022-09-19 15:30:00-04:00,17.46500015258789,17.5049991607666,17.399999618530273,17.424999237060547,4863069,0.0,0.0
2022-09-20 09:30:00-04:00,17.260000228881836,17.30500030517578,17.110000610351562,17.1299991607666,2201017,0.0,0.0
2022-09-20 10:30:00-04:00,17.135000228881836,17.18000030517578,17.049999237060547,17.149999618530273,1731182,0.0,0.0
2022-09-20 11:30:00-04:00,17.15999984741211,17.219999313354492,17.100000381469727,17.15999984741211,2904814,0.0,0.0
2022-09-20 12:30:00-04:00,17.149999618530273,17.155000686645508,17.059999465942383,17.059999465942383,984452,0.0,0.0
2022-09-20 13:30:00-04:00,17.059999465942383,17.065000534057617,16.950000762939453,16.989999771118164,1228853,0.0,0.0
2022-09-20 14:30:00-04:00,16.989999771118164,17.05500030517578,16.959999084472656,17.04010009765625,1895264,0.0,0.0
2022-09-20 15:30:00-04:00,17.045000076293945,17.09000015258789,17.010000228881836,17.020000457763672,2007537,0.0,0.0
2022-09-21 09:30:00-04:00,17.09000015258789,17.239999771118164,17.040000915527344,17.200000762939453,2028952,0.0,0.0
2022-09-21 10:30:00-04:00,17.204999923706055,17.204999923706055,17.145000457763672,17.15999984741211,809882,0.0,0.0
2022-09-21 11:30:00-04:00,17.165000915527344,17.190000534057617,17.149999618530273,17.15999984741211,324899,0.0,0.0
2022-09-21 12:30:00-04:00,17.15999984741211,17.190000534057617,17.149999618530273,17.174999237060547,707108,0.0,0.0
2022-09-21 13:30:00-04:00,17.174999237060547,17.219999313354492,17.010000228881836,17.05500030517578,1033610,0.0,0.0
2022-09-21 14:30:00-04:00,17.049999237060547,17.28499984741211,17.024999618530273,17.06999969482422,3251590,0.0,0.0
2022-09-21 15:30:00-04:00,17.059999465942383,17.09000015258789,17.0,17.010000228881836,1900253,0.0,0.0
2022-09-22 09:30:00-04:00,16.875,16.975000381469727,16.795000076293945,16.829999923706055,2395383,0.0,0.0
2022-09-22 10:30:00-04:00,16.834999084472656,16.864999771118164,16.700000762939453,16.709999084472656,1427523,0.0,0.0
2022-09-22 11:30:00-04:00,16.71500015258789,16.80500030517578,16.69499969482422,16.764999389648438,1984139,0.0,0.0
2022-09-22 12:30:00-04:00,16.760000228881836,16.81999969482422,16.750099182128906,16.80500030517578,633779,0.0,0.0
2022-09-22 13:30:00-04:00,16.809999465942383,16.834999084472656,16.740699768066406,16.7450008392334,1354116,0.0,0.0
2022-09-22 14:30:00-04:00,16.7450008392334,16.780000686645508,16.719999313354492,16.780000686645508,1631592,0.0,0.0
2022-09-22 15:30:00-04:00,16.780000686645508,16.780000686645508,16.594999313354492,16.65999984741211,4500311,0.0,0.0
2022-09-23 09:30:00-04:00,16.649999618530273,16.709999084472656,16.5,16.59000015258789,4582041,0.0,0.0
2022-09-23 10:30:00-04:00,16.594999313354492,16.649999618530273,16.4950008392334,16.59000015258789,4379391,0.0,0.0
2022-09-23 11:30:00-04:00,16.59000015258789,16.6200008392334,16.399999618530273,16.424999237060547,2800490,0.0,0.0
2022-09-23 12:30:00-04:00,16.424999237060547,16.545000076293945,16.389999389648438,16.5,1005655,0.0,0.0
2022-09-23 13:30:00-04:00,16.510000228881836,16.579999923706055,16.479999542236328,16.545000076293945,791180,0.0,0.0
2022-09-23 14:30:00-04:00,16.54990005493164,16.604999542236328,16.459999084472656,16.584999084472656,1909198,0.0,0.0
2022-09-23 15:30:00-04:00,16.584999084472656,16.639999389648438,16.56999969482422,16.614999771118164,1816721,0.0,0.0
2022-09-26 09:30:00-04:00,16.729999542236328,16.934999465942383,16.639999389648438,16.899999618530273,1932890,0.0,0.0
2022-09-26 10:30:00-04:00,16.905000686645508,16.915000915527344,16.809999465942383,16.864999771118164,1346167,0.0,0.0
2022-09-26 11:30:00-04:00,16.860000610351562,16.864999771118164,16.760000228881836,16.760000228881836,1226043,0.0,0.0
2022-09-26 12:30:00-04:00,16.760099411010742,16.81999969482422,16.704999923706055,16.719999313354492,998559,0.0,0.0
2022-09-26 13:30:00-04:00,16.729999542236328,16.7549991607666,16.681100845336914,16.704999923706055,792495,0.0,0.0
2022-09-26 14:30:00-04:00,16.700000762939453,16.760000228881836,16.670000076293945,16.735000610351562,894431,0.0,0.0
2022-09-26 15:30:00-04:00,16.739999771118164,16.799999237060547,16.690000534057617,16.719999313354492,2108335,0.0,0.0
2022-09-27 09:30:00-04:00,16.899999618530273,17.03499984741211,16.854999542236328,16.875,2526500,0.0,0.0
2022-09-27 10:30:00-04:00,16.875,16.975000381469727,16.827499389648438,16.834999084472656,1062666,0.0,0.0
2022-09-27 11:30:00-04:00,16.84000015258789,16.875,16.729999542236328,16.764999389648438,1477908,0.0,0.0
2022-09-27 12:30:00-04:00,16.764999389648438,16.774999618530273,16.69499969482422,16.75,927203,0.0,0.0
2022-09-27 13:30:00-04:00,16.739999771118164,16.764999389648438,16.68000030517578,16.704999923706055,802603,0.0,0.0
2022-09-27 14:30:00-04:00,16.700000762939453,16.780000686645508,16.68000030517578,16.735000610351562,808344,0.0,0.0
2022-09-27 15:30:00-04:00,16.739999771118164,16.799999237060547,16.709999084472656,16.78499984741211,2106546,0.0,0.0
2022-09-28 09:30:00-04:00,16.860000610351562,17.09000015258789,16.790000915527344,17.09000015258789,2526891,0.0,0.0
2022-09-28 10:30:00-04:00,17.094999313354492,17.1299991607666,17.049999237060547,17.079999923706055,1426802,0.0,0.0
2022-09-28 11:30:00-04:00,17.079999923706055,17.190000534057617,17.040000915527344,17.110000610351562,802132,0.0,0.0
2022-09-28 12:30:00-04:00,17.110000610351562,17.170000076293945,17.084999084472656,17.145000457763672,640956,0.0,0.0
2022-09-28 13:30:00-04:00,17.149999618530273,17.155000686645508,17.09000015258789,17.104999542236328,725303,0.0,0.0
2022-09-28 14:30:00-04:00,17.110000610351562,17.18000030517578,17.09000015258789,17.165000915527344,525106,0.0,0.0
2022-09-28 15:30:00-04:00,17.170000076293945,17.19499969482422,17.110000610351562,17.1200008392334,1505883,0.0,0.0
2022-09-29 09:30:00-04:00,16.84000015258789,16.895000457763672,16.75,16.795000076293945,1030632,0.0,0.0
2022-09-29 10:30:00-04:00,16.795000076293945,16.850000381469727,16.725000381469727,16.799999237060547,830012,0.0,0.0
2022-09-29 11:30:00-04:00,16.809999465942383,16.875,16.790000915527344,16.790000915527344,702189,0.0,0.0
2022-09-29 12:30:00-04:00,16.790000915527344,16.84000015258789,16.770000457763672,16.78499984741211,499939,0.0,0.0
2022-09-29 13:30:00-04:00,16.78499984741211,16.809999465942383,16.69499969482422,16.739999771118164,590391,0.0,0.0
2022-09-29 14:30:00-04:00,16.7450008392334,16.81999969482422,16.729999542236328,16.795000076293945,970364,0.0,0.0
2022-09-29 15:30:00-04:00,16.799999237060547,16.899999618530273,16.795000076293945,16.889999389648438,1121525,0.0,0.0
2022-09-30 09:30:00-04:00,17.114999771118164,17.149999618530273,17.0,17.139999389648438,1286741,0.0,0.0
2022-09-30 10:30:00-04:00,17.135000228881836,17.225000381469727,17.134000778198242,17.184999465942383,669465,0.0,0.0
2022-09-30 11:30:00-04:00,17.184999465942383,17.190000534057617,17.09000015258789,17.104999542236328,866245,0.0,0.0
2022-09-30 12:30:00-04:00,17.104999542236328,17.135000228881836,17.075000762939453,17.110000610351562,378344,0.0,0.0
2022-09-30 13:30:00-04:00,17.1200008392334,17.1200008392334,17.03499984741211,17.059999465942383,354483,0.0,0.0
2022-09-30 14:30:00-04:00,17.059999465942383,17.079999923706055,17.0049991607666,17.045000076293945,683137,0.0,0.0
2022-09-30 15:30:00-04:00,17.045000076293945,17.065000534057617,16.969999313354492,16.985000610351562,1281170,0.0,0.0
2022-10-03 09:30:00-04:00,16.8700008392334,17.020000457763672,16.815000534057617,16.9950008392334,1912319,0.0,0.0
2022-10-03 10:30:00-04:00,16.9950008392334,17.05500030517578,16.989999771118164,17.03499984741211,1071552,0.0,0.0
2022-10-03 11:30:00-04:00,17.03499984741211,17.049999237060547,16.989999771118164,17.0049991607666,1224418,0.0,0.0
2022-10-03 12:30:00-04:00,17.0049991607666,17.030000686645508,16.950000762939453,17.020000457763672,979353,0.0,0.0
2022-10-03 13:30:00-04:00,17.024999618530273,17.079999923706055,17.020000457763672,17.075000762939453,937616,0.0,0.0
2022-10-03 14:30:00-04:00,17.075000762939453,17.170000076293945,17.06999969482422,17.135000228881836,1253947,0.0,0.0
2022-10-03 15:30:00-04:00,17.135000228881836,17.139999389648438,17.045000076293945,17.059999465942383,1942269,0.0,0.0
2022-10-04 09:30:00-04:00,17.354999542236328,17.600000381469727,17.309999465942383,17.565000534057617,2005073,0.0,0.0
2022-10-04 10:30:00-04:00,17.565000534057617,17.6299991607666,17.549999237060547,17.594999313354492,1029423,0.0,0.0
2022-10-04 11:30:00-04:00,17.594999313354492,17.639999389648438,17.56999969482422,17.635000228881836,621343,0.0,0.0
2022-10-04 12:30:00-04:00,17.6299991607666,17.639999389648438,17.530000686645508,17.55500030517578,686920,0.0,0.0
2022-10-04 13:30:00-04:00,17.55500030517578,17.614999771118164,17.55500030517578,17.575000762939453,573278,0.0,0.0
2022-10-04 14:30:00-04:00,17.56999969482422,17.665000915527344,17.559999465942383,17.649999618530273,941600,0.0,0.0
2022-10-04 15:30:00-04:00,17.649999618530273,17.709999084472656,17.635000228881836,17.704999923706055,1726911,0.0,0.0
2022-10-05 09:30:00-04:00,17.597299575805664,17.6200008392334,17.43000030517578,17.450000762939453,1122022,0.0,0.0
2022-10-05 10:30:00-04:00,17.44499969482422,17.4950008392334,17.399999618530273,17.460100173950195,811773,0.0,0.0
2022-10-05 11:30:00-04:00,17.469999313354492,17.575000762939453,17.46500015258789,17.540000915527344,447047,0.0,0.0
2022-10-05 12:30:00-04:00,17.54330062866211,17.670000076293945,17.530000686645508,17.6299991607666,753252,0.0,0.0
2022-10-05 13:30:00-04:00,17.635000228881836,17.69499969482422,17.614999771118164,17.690000534057617,751722,0.0,0.0
2022-10-05 14:30:00-04:00,17.68000030517578,17.75,17.661399841308594,17.704999923706055,822981,0.0,0.0
2022-10-05 15:30:00-04:00,17.704999923706055,17.719999313354492,17.639999389648438,17.649999618530273,1057220,0.0,0.0
2022-10-06 09:30:00-04:00,17.65999984741211,17.729999542236328,17.479999542236328,17.479999542236328,2369516,0.0,0.0
2022-10-06 10:30:00-04:00,17.485000610351562,17.6200008392334,17.469999313354492,17.614999771118164,1028941,0.0,0.0
2022-10-06 11:30:00-04:00,17.610000610351562,17.6299991607666,17.514999389648438,17.55500030517578,824929,0.0,0.0
2022-10-06 12:30:00-04:00,17.549999237060547,17.614999771118164,17.53499984741211,17.59000015258789,558310,0.0,0.0
2022-10-06 13:30:00-04:00,17.59000015258789,17.600000381469727,17.53499984741211,17.549999237060547,611182,0.0,0.0
2022-10-06 14:30:00-04:00,17.545000076293945,17.56999969482422,17.48200035095215,17.549999237060547,1000457,0.0,0.0
2022-10-06 15:30:00-04:00,17.559999465942383,17.56999969482422,17.479999542236328,17.489999771118164,1566029,0.0,0.0
2022-10-07 09:30:00-04:00,17.325000762939453,17.375,17.19499969482422,17.209999084472656,1953877,0.0,0.0
2022-10-07 10:30:00-04:00,17.204999923706055,17.2549991607666,17.1299991607666,17.155000686645508,1707069,0.0,0.0
2022-10-07 11:30:00-04:00,17.15999984741211,17.170000076293945,17.100000381469727,17.110000610351562,948122,0.0,0.0
2022-10-07 12:30:00-04:00,17.114999771118164,17.139999389648438,17.100000381469727,17.1200008392334,1188680,0.0,0.0
2022-10-07 13:30:00-04:00,17.110000610351562,17.1299991607666,17.059999465942383,17.059999465942383,613184,0.0,0.0
2022-10-07 14:30:00-04:00,17.059999465942383,17.09000015258789,17.030000686645508,17.03499984741211,770026,0.0,0.0
2022-10-07 15:30:00-04:00,17.03499984741211,17.1200008392334,17.0,17.03499984741211,3239209,0.0,0.0
2022-10-10 09:30:00-04:00,17.559999465942383,17.610000610351562,17.475000381469727,17.520000457763672,4289156,0.0,0.0
2022-10-10 10:30:00-04:00,17.524999618530273,17.545000076293945,17.329999923706055,17.434999465942383,3165238,0.0,0.0
2022-10-10 11:30:00-04:00,17.434999465942383,17.44499969482422,17.34000015258789,17.354999542236328,2432479,0.0,0.0
2022-10-10 12:30:00-04:00,17.354999542236328,17.524999618530273,17.354999542236328,17.5049991607666,3576058,0.0,0.0
2022-10-10 13:30:00-04:00,17.5049991607666,17.690000534057617,17.5,17.55500030517578,2217999,0.0,0.0
2022-10-10 14:30:00-04:00,17.559999465942383,17.6200008392334,17.530000686645508,17.530000686645508,2951963,0.0,0.0
2022-10-10 15:30:00-04:00,17.53499984741211,17.600000381469727,17.5,17.549999237060547,3919008,0.0,0.0
2022-10-11 09:30:00-04:00,17.030000686645508,17.174999237060547,16.989999771118164,17.1200008392334,4127714,0.0,0.0
2022-10-11 10:30:00-04:00,17.125,17.219999313354492,17.094999313354492,17.174999237060547,1526977,0.0,0.0
2022-10-11 11:30:00-04:00,17.174999237060547,17.25,17.139999389648438,17.225000381469727,1013870,0.0,0.0
2022-10-11 12:30:00-04:00,17.225000381469727,17.274999618530273,17.18000030517578,17.184999465942383,825354,0.0,0.0
2022-10-11 13:30:00-04:00,17.190000534057617,17.239999771118164,17.165000915527344,17.229999542236328,814743,0.0,0.0
2022-10-11 14:30:00-04:00,17.235000610351562,17.260000228881836,17.014999389648438,17.079999923706055,1654018,0.0,0.0
2022-10-11 15:30:00-04:00,17.075000762939453,17.149999618530273,17.059999465942383,17.1299991607666,2213490,0.0,0.0
2022-10-12 09:30:00-04:00,17.139999389648438,17.280000686645508,17.030000686645508,17.2450008392334,1835170,0.0,0.0
2022-10-12 10:30:00-04:00,17.2450008392334,17.30500030517578,17.15999984741211,17.280000686645508,1804886,0.0,0.0
2022-10-12 11:30:00-04:00,17.28499984741211,17.299999237060547,17.219999313354492,17.235000610351562,1003436,0.0,0.0
2022-10-12 12:30:00-04:00,17.239999771118164,17.260000228881836,17.190000534057617,17.225000381469727,865663,0.0,0.0
2022-10-12 13:30:00-04:00,17.225000381469727,17.239999771118164,17.139999389648438,17.21500015258789,1405334,0.0,0.0
2022-10-12 14:30:00-04:00,17.219999313354492,17.225000381469727,17.110000610351562,17.15999984741211,1499148,0.0,0.0
2022-10-12 15:30:00-04:00,17.15999984741211,17.200000762939453,17.110000610351562,17.114999771118164,2758463,0.0,0.0
2022-10-13 09:30:00-04:00,17.030000686645508,17.709999084472656,16.90999984741211,17.43000030517578,4880038,0.0,0.0
2022-10-13 10:30:00-04:00,17.43000030517578,18.030000686645508,17.420000076293945,17.924999237060547,3615671,0.0,0.0
2022-10-13 11:30:00-04:00,17.934999465942383,18.079999923706055,17.854999542236328,17.94499969482422,1788686,0.0,0.0
2022-10-13 12:30:00-04:00,17.940000534057617,18.135000228881836,17.920000076293945,18.1200008392334,1167257,0.0,0.0
2022-10-13 13:30:00-04:00,18.125,18.21500015258789,18.0049991607666,18.075000762939453,1019070,0.0,0.0
2022-10-13 14:30:00-04:00,18.075000762939453,18.229999542236328,18.075000762939453,18.084999084472656,1246952,0.0,0.0
2022-10-13 15:30:00-04:00,18.084999084472656,18.149999618530273,18.040000915527344,18.045000076293945,2108408,0.0,0.0
2022-10-14 09:30:00-04:00,17.93000030517578,18.049999237060547,17.850000381469727,18.014999389648438,3076021,0.0,0.0
2022-10-14 10:30:00-04:00,18.014999389648438,18.200000762939453,17.950000762939453,18.145000457763672,1981288,0.0,0.0
2022-10-14 11:30:00-04:00,18.145000457763672,18.145000457763672,17.94499969482422,18.010000228881836,1257090,0.0,0.0
2022-10-14 12:30:00-04:00,18.0,18.030000686645508,17.8700008392334,17.924999237060547,1105567,0.0,0.0
2022-10-14 13:30:00-04:00,17.924999237060547,17.979999542236328,17.8799991607666,17.90999984741211,1068089,0.0,0.0
2022-10-14 14:30:00-04:00,17.899999618530273,17.950000762939453,17.864999771118164,17.920000076293945,1294886,0.0,0.0
2022-10-14 15:30:00-04:00,17.915000915527344,17.93000030517578,17.790000915527344,17.825000762939453,2963107,0.0,0.0
2022-10-17 09:30:00-04:00,18.1200008392334,18.3799991607666,18.1200008392334,18.30500030517578,2347537,0.0,0.0
2022-10-17 10:30:00-04:00,18.309999465942383,18.34000015258789,18.18000030517578,18.28499984741211,1067880,0.0,0.0
2022-10-17 11:30:00-04:00,18.28499984741211,18.325000762939453,18.22909927368164,18.26099967956543,577179,0.0,0.0
2022-10-17 12:30:00-04:00,18.261999130249023,18.280000686645508,18.184999465942383,18.209999084472656,710118,0.0,0.0
2022-10-17 13:30:00-04:00,18.204999923706055,18.239999771118164,18.139999389648438,18.165000915527344,646643,0.0,0.0
2022-10-17 14:30:00-04:00,18.15999984741211,18.200000762939453,18.1299991607666,18.15999984741211,843763,0.0,0.0
2022-10-17 15:30:00-04:00,18.165000915527344,18.190000534057617,18.110000610351562,18.15999984741211,1856464,0.0,0.0
2022-10-18 09:30:00-04:00,18.25,18.3799991607666,18.075000762939453,18.075000762939453,1744870,0.0,0.0
2022-10-18 10:30:00-04:00,18.075000762939453,18.104999542236328,17.899999618530273,17.924999237060547,1701024,0.0,0.0
2022-10-18 11:30:00-04:00,17.93000030517578,18.040000915527344,17.885000228881836,17.9950008392334,858951,0.0,0.0
2022-10-18 12:30:00-04:00,17.989999771118164,18.03499984741211,17.950000762939453,17.9950008392334,509783,0.0,0.0
2022-10-18 13:30:00-04:00,17.9950008392334,18.05500030517578,17.985000610351562,18.040000915527344,545332,0.0,0.0
2022-10-18 14:30:00-04:00,18.045000076293945,18.045000076293945,17.934999465942383,17.989999771118164,700442,0.0,0.0
2022-10-18 15:30:00-04:00,17.989999771118164,18.079999923706055,17.985000610351562,18.079999923706055,1072829,0.0,0.0
2022-10-19 09:30:00-04:00,17.850000381469727,17.975000381469727,17.780000686645508,17.96500015258789,2041551,0.0,0.0
2022-10-19 10:30:00-04:00,17.969999313354492,17.975000381469727,17.829999923706055,17.844999313354492,590891,0.0,0.0
2022-10-19 11:30:00-04:00,17.84000015258789,17.885000228881836,17.809999465942383,17.815000534057617,468693,0.0,0.0
2022-10-19 12:30:00-04:00,17.815000534057617,17.850000381469727,17.725000381469727,17.764999389648438,513337,0.0,0.0
2022-10-19 13:30:00-04:00,17.764999389648438,17.84000015258789,17.750099182128906,17.825000762939453,510631,0.0,0.0
2022-10-19 14:30:00-04:00,17.825000762939453,17.850000381469727,17.770000457763672,17.815000534057617,717272,0.0,0.0
2022-10-19 15:30:00-04:00,17.809999465942383,17.850000381469727,17.799999237060547,17.84000015258789,1128694,0.0,0.0
2022-10-20 09:30:00-04:00,18.030000686645508,18.229999542236328,18.0,18.190000534057617,2600835,0.0,0.0
2022-10-20 10:30:00-04:00,18.19499969482422,18.200000762939453,18.082500457763672,18.100000381469727,876473,0.0,0.0
2022-10-20 11:30:00-04:00,18.094999313354492,18.149999618530273,17.989999771118164,18.0049991607666,649933,0.0,0.0
2022-10-20 12:30:00-04:00,18.0,18.010000228881836,17.924999237060547,17.94499969482422,425926,0.0,0.0
2022-10-20 13:30:00-04:00,17.940000534057617,17.950000762939453,17.854999542236328,17.875,472529,0.0,0.0
2022-10-20 14:30:00-04:00,17.8700008392334,17.940000534057617,17.864999771118164,17.895000457763672,569796,0.0,0.0
2022-10-20 15:30:00-04:00,17.895000457763672,17.90999984741211,17.864999771118164,17.885000228881836,971060,0.0,0.0
2022-10-21 09:30:00-04:00,17.864999771118164,18.21500015258789,17.864999771118164,18.079999923706055,1545694,0.0,0.0
2022-10-21 10:30:00-04:00,18.084999084472656,18.174999237060547,18.065000534057617,18.15999984741211,1030659,0.0,0.0
2022-10-21 11:30:00-04:00,18.15999984741211,18.28499984741211,18.1200008392334,18.209999084472656,718962,0.0,0.0
2022-10-21 12:30:00-04:00,18.209999084472656,18.264999389648438,18.204999923706055,18.2549991607666,867151,0.0,0.0
2022-10-21 13:30:00-04:00,18.2549991607666,18.309999465942383,18.239999771118164,18.290000915527344,741304,0.0,0.0
2022-10-21 14:30:00-04:00,18.290000915527344,18.350000381469727,18.262500762939453,18.350000381469727,521123,0.0,0.0
2022-10-21 15:30:00-04:00,18.344999313354492,18.360000610351562,18.299999237060547,18.31999969482422,1483609,0.0,0.0
2022-10-24 09:30:00-04:00,18.290000915527344,18.454999923706055,18.21500015258789,18.270000457763672,2464871,0.0,0.0
2022-10-24 10:30:00-04:00,18.264999389648438,18.40999984741211,18.25,18.364999771118164,1735709,0.0,0.0
2022-10-24 11:30:00-04:00,18.360000610351562,18.540000915527344,18.350000381469727,18.51650047302246,2881814,0.0,0.0
2022-10-24 12:30:00-04:00,18.514999389648438,18.514999389648438,18.389999389648438,18.399999618530273,581414,0.0,0.0
2022-10-24 13:30:00-04:00,18.405000686645508,18.440000534057617,18.375,18.43000030517578,367130,0.0,0.0
2022-10-24 14:30:00-04:00,18.43000030517578,18.489999771118164,18.424999237060547,18.479999542236328,475834,0.0,0.0
2022-10-24 15:30:00-04:00,18.469999313354492,18.479999542236328,18.440000534057617,18.450000762939453,830713,0.0,0.0
2022-10-25 09:30:00-04:00,18.5,18.594999313354492,18.479999542236328,18.559999465942383,1199122,0.0,0.0
2022-10-25 10:30:00-04:00,18.55500030517578,18.6299991607666,18.53499984741211,18.6200008392334,600087,0.0,0.0
2022-10-25 11:30:00-04:00,18.6200008392334,18.6299991607666,18.575000762939453,18.610000610351562,514351,0.0,0.0
2022-10-25 12:30:00-04:00,18.614999771118164,18.6200008392334,18.55500030517578,18.594999313354492,476731,0.0,0.0
2022-10-25 13:30:00-04:00,18.600000381469727,18.6200008392334,18.594999313354492,18.614999771118164,405460,0.0,0.0
2022-10-25 14:30:00-04:00,18.614999771118164,18.65999984741211,18.604999542236328,18.655000686645508,608301,0.0,0.0
2022-10-25 15:30:00-04:00,18.655000686645508,18.68000030517578,18.6200008392334,18.625,1308730,0.0,0.0
2022-10-26 09:30:00-04:00,18.600000381469727,18.7450008392334,18.552000045776367,18.735000610351562,1609653,0.0,0.0
2022-10-26 10:30:00-04:00,18.7450008392334,18.829999923706055,18.725000381469727,18.815000534057617,1348191,0.0,0.0
2022-10-26 11:30:00-04:00,18.815000534057617,18.8799991607666,18.809999465942383,18.825000762939453,1015809,0.0,0.0
2022-10-26 12:30:00-04:00,18.825000762939453,18.850000381469727,18.725000381469727,18.735000610351562,441101,0.0,0.0
2022-10-26 13:30:00-04:00,18.735000610351562,18.780000686645508,18.704999923706055,18.729999542236328,400920,0.0,0.0
2022-10-26 14:30:00-04:00,18.729999542236328,18.75,18.68000030517578,18.729999542236328,879427,0.0,0.0
2022-10-26 15:30:00-04:00,18.725000381469727,18.729999542236328,18.68000030517578,18.684999465942383,1420528,0.0,0.0
2022-10-27 09:30:00-04:00,18.479999542236328,18.6200008392334,18.40999984741211,18.614999771118164,2593702,0.0,0.0
2022-10-27 10:30:00-04:00,18.610000610351562,18.6299991607666,18.489999771118164,18.514999389648438,1147670,0.0,0.0
2022-10-27 11:30:00-04:00,18.514999389648438,18.524999618530273,18.440000534057617,18.46500015258789,659044,0.0,0.0
2022-10-27 12:30:00-04:00,18.459999084472656,18.575000762939453,18.454999923706055,18.53499984741211,412536,0.0,0.0
2022-10-27 13:30:00-04:00,18.53499984741211,18.549999237060547,18.479999542236328,18.4950008392334,738734,0.0,0.0
2022-10-27 14:30:00-04:00,18.4950008392334,18.510000228881836,18.46500015258789,18.5049991607666,686267,0.0,0.0
2022-10-27 15:30:00-04:00,18.5049991607666,18.55500030517578,18.489999771118164,18.524999618530273,1029583,0.0,0.0
2022-10-28 09:30:00-04:00,18.40999984741211,18.6299991607666,18.3700008392334,18.625,2153010,0.0,0.0
2022-10-28 10:30:00-04:00,18.6299991607666,18.670000076293945,18.610000610351562,18.635000228881836,1074707,0.0,0.0
2022-10-28 11:30:00-04:00,18.639999389648438,18.739999771118164,18.635000228881836,18.69219970703125,1125047,0.0,0.0
2022-10-28 12:30:00-04:00,18.69499969482422,18.739999771118164,18.68000030517578,18.735000610351562,614686,0.0,0.0
2022-10-28 13:30:00-04:00,18.739999771118164,18.75,18.709999084472656,18.739999771118164,605648,0.0,0.0
2022-10-28 14:30:00-04:00,18.739999771118164,18.809999465942383,18.739999771118164,18.764999389648438,1078689,0.0,0.0
2022-10-28 15:30:00-04:00,18.760000228881836,18.790000915527344,18.739999771118164,18.770000457763672,1551593,0.0,0.0
2022-10-31 09:30:00-04:00,18.65999984741211,18.739999771118164,18.614999771118164,18.690000534057617,1490053,0.0,0.0
2022-10-31 10:30:00-04:00,18.690000534057617,18.780000686645508,18.68000030517578,18.7549991607666,676776,0.0,0.0
2022-10-31 11:30:00-04:00,18.7549991607666,18.760000228881836,18.684999465942383,18.719999313354492,696464,0.0,0.0
2022-10-31 12:30:00-04:00,18.719999313354492,18.760000228881836,18.68000030517578,18.760000228881836,480713,0.0,0.0
2022-10-31 13:30:00-04:00,18.75,18.78499984741211,18.735000610351562,18.764999389648438,1341238,0.0,0.0
2022-10-31 14:30:00-04:00,18.760000228881836,18.829999923706055,18.719999313354492,18.739999771118164,1686403,0.0,0.0
2022-10-31 15:30:00-04:00,18.739999771118164,18.770000457763672,18.709999084472656,18.735000610351562,1805751,0.0,0.0
2022-11-01 09:30:00-04:00,19.190000534057617,19.219999313354492,18.975000381469727,18.985000610351562,1269112,0.0,0.0
2022-11-01 10:30:00-04:00,18.985000610351562,18.9950008392334,18.850000381469727,18.8799991607666,744568,0.0,0.0
2022-11-01 11:30:00-04:00,18.875,18.989999771118164,18.834999084472656,18.90999984741211,914199,0.0,0.0
2022-11-01 12:30:00-04:00,18.915000915527344,18.924999237060547,18.8700008392334,18.905000686645508,372842,0.0,0.0
2022-11-01 13:30:00-04:00,18.905000686645508,18.940000534057617,18.875,18.93000030517578,456930,0.0,0.0
2022-11-01 14:30:00-04:00,18.93000030517578,18.969999313354492,18.899999618530273,18.94499969482422,596664,0.0,0.0
2022-11-01 15:30:00-04:00,18.950000762939453,18.959999084472656,18.90999984741211,18.920000076293945,860612,0.0,0.0
2022-11-02 09:30:00-04:00,18.709999084472656,18.760000228881836,18.545000076293945,18.575000762939453,1246128,0.0,0.0
2022-11-02 10:30:00-04:00,18.579999923706055,18.604999542236328,18.530000686645508,18.545000076293945,417958,0.0,0.0
2022-11-02 11:30:00-04:00,18.545000076293945,18.59000015258789,18.53499984741211,18.545000076293945,665327,0.0,0.0
2022-11-02 12:30:00-04:00,18.540000915527344,18.627899169921875,18.520000457763672,18.610000610351562,335921,0.0,0.0
2022-11-02 13:30:00-04:00,18.610000610351562,18.854999542236328,18.600799560546875,18.854999542236328,779405,0.0,0.0
2022-11-02 14:30:00-04:00,18.860000610351562,18.875,18.459999084472656,18.485000610351562,1698985,0.0,0.0
2022-11-02 15:30:00-04:00,18.479999542236328,18.510000228881836,18.405000686645508,18.420000076293945,903692,0.0,0.0
2022-11-03 09:30:00-04:00,18.200000762939453,18.264999389648438,18.079999923706055,18.239999771118164,1322951,0.0,0.0
2022-11-03 10:30:00-04:00,18.235000610351562,18.25,18.139999389648438,18.165000915527344,888011,0.0,0.0
2022-11-03 11:30:00-04:00,18.165000915527344,18.219999313354492,18.1299991607666,18.184999465942383,867091,0.0,0.0
2022-11-03 12:30:00-04:00,18.18000030517578,18.270000457763672,18.174999237060547,18.184999465942383,356270,0.0,0.0
2022-11-03 13:30:00-04:00,18.184999465942383,18.190000534057617,18.1200008392334,18.156299591064453,536511,0.0,0.0
2022-11-03 14:30:00-04:00,18.15999984741211,18.170000076293945,18.100000381469727,18.165000915527344,1245459,0.0,0.0
2022-11-03 15:30:00-04:00,18.165000915527344,18.200000762939453,18.135000228881836,18.190000534057617,3207897,0.0,0.0
2022-11-04 09:30:00-04:00,18.40999984741211,18.459999084472656,18.225000381469727,18.334999084472656,2618039,0.0,0.0
2022-11-04 10:30:00-04:00,18.315000534057617,18.375,18.209999084472656,18.209999084472656,1356295,0.0,0.0
2022-11-04 11:30:00-04:00,18.209999084472656,18.260000228881836,18.110000610351562,18.190000534057617,1183998,0.0,0.0
2022-11-04 12:30:00-04:00,18.18000030517578,18.190000534057617,18.094999313354492,18.125,912642,0.0,0.0
2022-11-04 13:30:00-04:00,18.125,18.18000030517578,18.110000610351562,18.15999984741211,1268706,0.0,0.0
2022-11-04 14:30:00-04:00,18.155000686645508,18.260000228881836,18.149999618530273,18.2450008392334,1628719,0.0,0.0
2022-11-04 15:30:00-04:00,18.239999771118164,18.354999542236328,18.225000381469727,18.344999313354492,1592238,0.0,0.0
2022-11-07 09:30:00-05:00,18.25,18.420000076293945,18.25,18.360000610351562,1630970,0.0,0.0
2022-11-07 10:30:00-05:00,18.360000610351562,18.43000030517578,18.329999923706055,18.424999237060547,744020,0.0,0.0
2022-11-07 11:30:00-05:00,18.424999237060547,18.459999084472656,18.3799991607666,18.454999923706055,746196,0.0,0.0
2022-11-07 12:30:00-05:00,18.454999923706055,18.530000686645508,18.450000762939453,18.514999389648438,725765,0.0,0.0
2022-11-07 13:30:00-05:00,18.514999389648438,18.6200008392334,18.4950008392334,18.614999771118164,472080,0.0,0.0
2022-11-07 14:30:00-05:00,18.614999771118164,18.655000686645508,18.604999542236328,18.635000228881836,680649,0.0,0.0
2022-11-07 15:30:00-05:00,18.635000228881836,18.639999389648438,18.579999923706055,18.584999084472656,884921,0.0,0.0
2022-11-08 09:30:00-05:00,18.700000762939453,18.84000015258789,18.6200008392334,18.795000076293945,1025736,0.0,0.0
2022-11-08 10:30:00-05:00,18.799999237060547,18.889999389648438,18.790599822998047,18.875,673324,0.0,0.0
2022-11-08 11:30:00-05:00,18.875,18.950000762939453,18.8700008392334,18.915000915527344,738349,0.0,0.0
2022-11-08 12:30:00-05:00,18.90999984741211,18.920000076293945,18.809999465942383,18.809999465942383,695037,0.0,0.0
2022-11-08 13:30:00-05:00,18.809999465942383,18.809999465942383,18.6299991607666,18.639999389648438,790735,0.0,0.0
2022-11-08 14:30:00-05:00,18.639999389648438,18.809999465942383,18.6200008392334,18.80500030517578,910698,0.0,0.0
2022-11-08 15:30:00-05:00,18.80500030517578,18.829999923706055,18.739999771118164,18.75,1174521,0.0,0.0
2022-11-09 09:30:00-05:00,18.510000228881836,18.7450008392334,18.510000228881836,18.674999237060547,825993,0.0,0.0
2022-11-09 10:30:00-05:00,18.674999237060547,18.69499969482422,18.6200008392334,18.665000915527344,677227,0.0,0.0
2022-11-09 11:30:00-05:00,18.65999984741211,18.71500015258789,18.635000228881836,18.665000915527344,617580,0.0,0.0
2022-11-09 12:30:00-05:00,18.65999984741211,18.719999313354492,18.649999618530273,18.649999618530273,568293,0.0,0.0
2022-11-09 13:30:00-05:00,18.649999618530273,18.65999984741211,18.530000686645508,18.579999923706055,2290542,0.0,0.0
2022-11-09 14:30:00-05:00,18.579999923706055,18.584999084472656,18.489999771118164,18.53499984741211,3398134,0.0,0.0
2022-11-09 15:30:00-05:00,18.53499984741211,18.53499984741211,18.469999313354492,18.475000381469727,1580280,0.0,0.0
2022-11-10 09:30:00-05:00,19.09000015258789,19.110000610351562,18.920000076293945,19.104999542236328,2658710,0.0,0.0
2022-11-10 10:30:00-05:00,19.104999542236328,19.155000686645508,19.020000457763672,19.155000686645508,1292449,0.0,0.0
2022-11-10 11:30:00-05:00,19.15250015258789,19.28499984741211,19.15250015258789,19.18000030517578,1350196,0.0,0.0
2022-11-10 12:30:00-05:00,19.184999465942383,19.184999465942383,19.045000076293945,19.094999313354492,1064710,0.0,0.0
2022-11-10 13:30:00-05:00,19.100000381469727,19.165000915527344,19.075000762939453,19.139999389648438,615169,0.0,0.0
2022-11-10 14:30:00-05:00,19.145000457763672,19.209999084472656,19.1299991607666,19.204999923706055,722249,0.0,0.0
2022-11-10 15:30:00-05:00,19.204999923706055,19.260000228881836,19.190000534057617,19.204999923706055,1320907,0.0,0.0
2022-11-11 09:30:00-05:00,19.510000228881836,19.545000076293945,19.354999542236328,19.489999771118164,1210594,0.0,0.0
2022-11-11 10:30:00-05:00,19.4950008392334,19.4950008392334,19.385000228881836,19.385000228881836,707602,0.0,0.0
2022-11-11 11:30:00-05:00,19.3799991607666,19.53499984741211,19.3799991607666,19.5314998626709,559606,0.0,0.0
2022-11-11 12:30:00-05:00,19.53499984741211,19.700000762939453,19.5049991607666,19.684999465942383,713065,0.0,0.0
2022-11-11 13:30:00-05:00,19.684999465942383,19.71500015258789,19.649999618530273,19.71500015258789,536102,0.0,0.0
2022-11-11 14:30:00-05:00,19.709999084472656,19.7450008392334,19.68000030517578,19.71500015258789,807594,0.0,0.0
2022-11-11 15:30:00-05:00,19.71500015258789,19.790000915527344,19.704999923706055,19.75,1451870,0.0,0.0
2022-11-14 09:30:00-05:00,19.6200008392334,19.795000076293945,19.59000015258789,19.75,971038,0.0,0.0
2022-11-14 10:30:00-05:00,19.75,19.790000915527344,19.6299991607666,19.635000228881836,589055,0.0,0.0
2022-11-14 11:30:00-05:00,19.639999389648438,19.665000915527344,19.55500030517578,19.584999084472656,743787,0.0,0.0
2022-11-14 12:30:00-05:00,19.584999084472656,19.6200008392334,19.56999969482422,19.610000610351562,375069,0.0,0.0
2022-11-14 13:30:00-05:00,19.610000610351562,19.670000076293945,19.600000381469727,19.645000457763672,698370,0.0,0.0
2022-11-14 14:30:00-05:00,19.649999618530273,19.690000534057617,19.635000228881836,19.674999237060547,999413,0.0,0.0
2022-11-14 15:30:00-05:00,19.674999237060547,19.674999237060547,19.549999237060547,19.56999969482422,960625,0.0,0.0
2022-11-15 09:30:00-05:00,19.979999542236328,20.059999465942383,19.8700008392334,20.0,1164471,0.0,0.0
2022-11-15 10:30:00-05:00,19.9950008392334,20.010000228881836,19.915000915527344,19.915000915527344,730962,0.0,0.0
2022-11-15 11:30:00-05:00,19.920000076293945,19.959999084472656,19.90999984741211,19.94499969482422,393997,0.0,0.0
2022-11-15 12:30:00-05:00,19.950000762939453,19.954999923706055,19.80500030517578,19.815000534057617,481746,0.0,0.0
2022-11-15 13:30:00-05:00,19.815000534057617,19.850000381469727,19.735000610351562,19.834999084472656,773364,0.0,0.0
2022-11-15 14:30:00-05:00,19.84000015258789,19.889999389648438,19.795000076293945,19.834999084472656,714596,0.0,0.0
2022-11-15 15:30:00-05:00,19.829999923706055,19.832000732421875,19.75,19.780000686645508,687614,0.0,0.0
2022-11-16 09:30:00-05:00,19.649999618530273,19.81999969482422,19.6200008392334,19.639999389648438,839281,0.0,0.0
2022-11-16 10:30:00-05:00,19.635000228881836,19.690000534057617,19.614999771118164,19.674999237060547,288824,0.0,0.0
2022-11-16 11:30:00-05:00,19.670000076293945,19.690000534057617,19.6299991607666,19.639999389648438,309418,0.0,0.0
2022-11-16 12:30:00-05:00,19.645000457763672,19.69499969482422,19.645000457763672,19.670000076293945,309138,0.0,0.0
2022-11-16 13:30:00-05:00,19.670000076293945,19.68000030517578,19.6200008392334,19.65999984741211,462118,0.0,0.0
2022-11-16 14:30:00-05:00,19.665000915527344,19.7450008392334,19.635000228881836,19.71500015258789,1102033,0.0,0.0
2022-11-16 15:30:00-05:00,19.709999084472656,19.725000381469727,19.65999984741211,19.670000076293945,1066375,0.0,0.0
2022-11-17 09:30:00-05:00,19.389999389648438,19.479999542236328,19.350000381469727,19.459999084472656,843120,0.0,0.0
2022-11-17 10:30:00-05:00,19.459999084472656,19.459999084472656,19.34000015258789,19.364999771118164,611476,0.0,0.0
2022-11-17 11:30:00-05:00,19.364999771118164,19.49810028076172,19.360000610351562,19.485000610351562,608510,0.0,0.0
2022-11-17 12:30:00-05:00,19.479999542236328,19.53499984741211,19.459999084472656,19.514999389648438,471295,0.0,0.0
2022-11-17 13:30:00-05:00,19.514999389648438,19.530000686645508,19.473400115966797,19.479999542236328,265977,0.0,0.0
2022-11-17 14:30:00-05:00,19.485000610351562,19.497499465942383,19.420000076293945,19.434999465942383,392335,0.0,0.0
2022-11-17 15:30:00-05:00,19.434999465942383,19.4950008392334,19.434999465942383,19.489999771118164,651153,0.0,0.0
2022-11-18 09:30:00-05:00,19.68000030517578,19.68000030517578,19.420000076293945,19.450000762939453,687368,0.0,0.0
2022-11-18 10:30:00-05:00,19.450000762939453,19.459999084472656,19.3572998046875,19.40999984741211,440884,0.0,0.0
2022-11-18 11:30:00-05:00,19.420000076293945,19.43000030517578,19.354999542236328,19.395000457763672,247864,0.0,0.0
2022-11-18 12:30:00-05:00,19.399999618530273,19.420000076293945,19.3700008392334,19.405000686645508,170297,0.0,0.0
2022-11-18 13:30:00-05:00,19.405000686645508,19.424999237060547,19.360000610351562,19.40999984741211,173185,0.0,0.0
2022-11-18 14:30:00-05:00,19.40999984741211,19.469999313354492,19.395000457763672,19.46500015258789,370947,0.0,0.0
2022-11-18 15:30:00-05:00,19.46500015258789,19.489999771118164,19.43000030517578,19.469999313354492,504945,0.0,0.0
2022-11-21 09:30:00-05:00,19.260000228881836,19.34000015258789,19.239999771118164,19.315000534057617,817019,0.0,0.0
2022-11-21 10:30:00-05:00,19.309999465942383,19.329999923706055,19.280000686645508,19.28499984741211,904905,0.0,0.0
2022-11-21 11:30:00-05:00,19.290000915527344,19.299999237060547,19.25,19.264999389648438,371535,0.0,0.0
2022-11-21 12:30:00-05:00,19.26059913635254,19.30500030517578,19.260000228881836,19.295000076293945,363762,0.0,0.0
2022-11-21 13:30:00-05:00,19.295000076293945,19.31999969482422,19.270000457763672,19.274999618530273,359113,0.0,0.0
2022-11-21 14:30:00-05:00,19.27079963684082,19.280000686645508,19.2450008392334,19.2450008392334,526941,0.0,0.0
2022-11-21 15:30:00-05:00,19.2450008392334,19.309999465942383,19.239999771118164,19.299999237060547,802208,0.0,0.0
2022-11-22 09:30:00-05:00,19.280000686645508,19.350000381469727,19.280000686645508,19.28499984741211,1016177,0.0,0.0
2022-11-22 10:30:00-05:00,19.280000686645508,19.329999923706055,19.274999618530273,19.290000915527344,544681,0.0,0.0
2022-11-22 11:30:00-05:00,19.295000076293945,19.295000076293945,19.2549991607666,19.270000457763672,442403,0.0,0.0
2022-11-22 12:30:00-05:00,19.274999618530273,19.329999923706055,19.260000228881836,19.325000762939453,332026,0.0,0.0
2022-11-22 13:30:00-05:00,19.329999923706055,19.385000228881836,19.31999969482422,19.353900909423828,297977,0.0,0.0
2022-11-22 14:30:00-05:00,19.360000610351562,19.399999618530273,19.354999542236328,19.395000457763672,454029,0.0,0.0
2022-11-22 15:30:00-05:00,19.395000457763672,19.40999984741211,19.360000610351562,19.375,881313,0.0,0.0
2022-11-23 09:30:00-05:00,19.309999465942383,19.489999771118164,19.299999237060547,19.467500686645508,516643,0.0,0.0
2022-11-23 10:30:00-05:00,19.469999313354492,19.479999542236328,19.450000762939453,19.46500015258789,247404,0.0,0.0
2022-11-23 11:30:00-05:00,19.46500015258789,19.469999313354492,19.3799991607666,19.440000534057617,295826,0.0,0.0
2022-11-23 12:30:00-05:00,19.440000534057617,19.479999542236328,19.405000686645508,19.479999542236328,311542,0.0,0.0
2022-11-23 13:30:00-05:00,19.475000381469727,19.510000228881836,19.420000076293945,19.4950008392334,657933,0.0,0.0
2022-11-23 14:30:00-05:00,19.489999771118164,19.538000106811523,19.44499969482422,19.524999618530273,362236,0.0,0.0
2022-11-23 15:30:00-05:00,19.527999877929688,19.549999237060547,19.510000228881836,19.524999618530273,577687,0.0,0.0
2022-11-25 09:30:00-05:00,19.829999923706055,20.014999389648438,19.780000686645508,19.934999465942383,1405338,0.0,0.0
2022-11-25 10:30:00-05:00,19.934999465942383,19.975000381469727,19.90999984741211,19.915000915527344,608986,0.0,0.0
2022-11-25 11:30:00-05:00,19.90999984741211,19.950000762939453,19.90999984741211,19.915000915527344,317248,0.0,0.0
2022-11-28 09:30:00-05:00,19.899999618530273,19.959999084472656,19.8700008392334,19.899999618530273,817669,0.0,0.0
2022-11-28 10:30:00-05:00,19.899999618530273,19.90999984741211,19.860000610351562,19.885000228881836,631541,0.0,0.0
2022-11-28 11:30:00-05:00,19.889999389648438,19.889999389648438,19.825000762939453,19.860000610351562,406341,0.0,0.0
2022-11-28 12:30:00-05:00,19.860000610351562,19.8799991607666,19.829999923706055,19.844999313354492,242461,0.0,0.0
2022-11-28 13:30:00-05:00,19.844999313354492,19.850000381469727,19.741500854492188,19.7549991607666,356632,0.0,0.0
2022-11-28 14:30:00-05:00,19.7549991607666,19.770000457763672,19.639999389648438,19.639999389648438,475275,0.0,0.0
2022-11-28 15:30:00-05:00,19.639999389648438,19.649999618530273,19.61009979248047,19.645000457763672,872240,0.0,0.0
2022-11-29 09:30:00-05:00,19.719999313354492,19.889999389648438,19.719999313354492,19.860000610351562,1139286,0.0,0.0
2022-11-29 10:30:00-05:00,19.854999542236328,19.8700008392334,19.68000030517578,19.684999465942383,724816,0.0,0.0
2022-11-29 11:30:00-05:00,19.68000030517578,19.739999771118164,19.670000076293945,19.71500015258789,556180,0.0,0.0
2022-11-29 12:30:00-05:00,19.71500015258789,19.7450008392334,19.709999084472656,19.71500015258789,379628,0.0,0.0
2022-11-29 13:30:00-05:00,19.709999084472656,19.770000457763672,19.709999084472656,19.725000381469727,268740,0.0,0.0
2022-11-29 14:30:00-05:00,19.725000381469727,19.729999542236328,19.690000534057617,19.704999923706055,387569,0.0,0.0
2022-11-29 15:30:00-05:00,19.704999923706055,19.725000381469727,19.670000076293945,19.71500015258789,762518,0.0,0.0
2022-11-30 09:30:00-05:00,19.84000015258789,19.920000076293945,19.770000457763672,19.889999389648438,1049799,0.0,0.0
2022-11-30 10:30:00-05:00,19.889999389648438,19.940000534057617,19.864999771118164,19.899999618530273,548300,0.0,0.0
2022-11-30 11:30:00-05:00,19.899999618530273,19.969999313354492,19.899999618530273,19.93000030517578,504301,0.0,0.0
2022-11-30 12:30:00-05:00,19.924999237060547,19.959999084472656,19.899999618530273,19.959999084472656,248432,0.0,0.0
2022-11-30 13:30:00-05:00,19.950000762939453,20.25,19.940000534057617,20.229999542236328,999340,0.0,0.0
2022-11-30 14:30:00-05:00,20.225000381469727,20.280000686645508,20.16790008544922,20.274999618530273,825787,0.0,0.0
2022-11-30 15:30:00-05:00,20.274999618530273,20.360000610351562,20.270000457763672,20.360000610351562,1339636,0.0,0.0
2022-12-01 09:30:00-05:00,20.399999618530273,20.510000228881836,20.274999618530273,20.274999618530273,894249,0.0,0.0
2022-12-01 10:30:00-05:00,20.280000686645508,20.469999313354492,20.25,20.454999923706055,618063,0.0,0.0
2022-12-01 11:30:00-05:00,20.454999923706055,20.5,20.329999923706055,20.420000076293945,800096,0.0,0.0
2022-12-01 12:30:00-05:00,20.415000915527344,20.56999969482422,20.415000915527344,20.53499984741211,1165899,0.0,0.0
2022-12-01 13:30:00-05:00,20.53499984741211,20.56999969482422,20.469999313354492,20.510000228881836,498523,0.0,0.0
2022-12-01 14:30:00-05:00,20.5049991607666,20.524999618530273,20.485000610351562,20.4950008392334,551103,0.0,0.0
2022-12-01 15:30:00-05:00,20.4950008392334,20.55699920654297,20.489999771118164,20.530000686645508,752171,0.0,0.0
2022-12-02 09:30:00-05:00,20.100000381469727,20.1299991607666,19.860000610351562,19.924999237060547,1469145,0.0,0.0
2022-12-02 10:30:00-05:00,19.924999237060547,20.06999969482422,19.895000457763672,20.065000534057617,648406,0.0,0.0
2022-12-02 11:30:00-05:00,20.065000534057617,20.135000228881836,20.059999465942383,20.125,448855,0.0,0.0
2022-12-02 12:30:00-05:00,20.125,20.200000762939453,20.1200008392334,20.200000762939453,672951,0.0,0.0
2022-12-02 13:30:00-05:00,20.19499969482422,20.209999084472656,20.170000076293945,20.204999923706055,488759,0.0,0.0
2022-12-02 14:30:00-05:00,20.204999923706055,20.290000915527344,20.19499969482422,20.2549991607666,551113,0.0,0.0
2022-12-02 15:30:00-05:00,20.260000228881836,20.260000228881836,20.170000076293945,20.18000030517578,1064052,0.0,0.0
2022-12-05 09:30:00-05:00,20.040000915527344,20.149999618530273,19.790000915527344,19.895000457763672,1340122,0.0,0.0
2022-12-05 10:30:00-05:00,19.895000457763672,19.940000534057617,19.829999923706055,19.834999084472656,400868,0.0,0.0
2022-12-05 11:30:00-05:00,19.834999084472656,19.84000015258789,19.729999542236328,19.735000610351562,384593,0.0,0.0
2022-12-05 12:30:00-05:00,19.729999542236328,19.732999801635742,19.649999618530273,19.665000915527344,2344983,0.0,0.0
2022-12-05 13:30:00-05:00,19.665000915527344,19.68000030517578,19.59000015258789,19.614999771118164,450090,0.0,0.0
2022-12-05 14:30:00-05:00,19.610000610351562,19.75,19.59000015258789,19.71500015258789,1283462,0.0,0.0
2022-12-05 15:30:00-05:00,19.71500015258789,19.770000457763672,19.709999084472656,19.75,1076497,0.0,0.0
2022-12-06 09:30:00-05:00,19.489999771118164,19.579999923706055,19.399999618530273,19.405000686645508,882495,0.0,0.0
2022-12-06 10:30:00-05:00,19.40999984741211,19.43000030517578,19.3700008392334,19.405000686645508,769080,0.0,0.0
2022-12-06 11:30:00-05:00,19.405000686645508,19.420000076293945,19.270000457763672,19.274999618530273,753329,0.0,0.0
2022-12-06 12:30:00-05:00,19.274999618530273,19.290000915527344,19.18000030517578,19.184999465942383,606842,0.0,0.0
2022-12-06 13:30:00-05:00,19.184999465942383,19.28499984741211,19.18000030517578,19.2549991607666,1506670,0.0,0.0
2022-12-06 14:30:00-05:00,19.2549991607666,19.449899673461914,19.239999771118164,19.350000381469727,2940383,0.0,0.0
2022-12-06 15:30:00-05:00,19.344999313354492,19.459999084472656,19.344999313354492,19.40999984741211,2706809,0.0,0.0
2022-12-07 09:30:00-05:00,19.350000381469727,19.40999984741211,19.274999618530273,19.350000381469727,968148,0.0,0.0
2022-12-07 10:30:00-05:00,19.354999542236328,19.405000686645508,19.260000228881836,19.260000228881836,898967,0.0,0.0
2022-12-07 11:30:00-05:00,19.260000228881836,19.315000534057617,19.229999542236328,19.270000457763672,975962,0.0,0.0
2022-12-07 12:30:00-05:00,19.274999618530273,19.364999771118164,19.270000457763672,19.354999542236328,451684,0.0,0.0
2022-12-07 13:30:00-05:00,19.354999542236328,19.3700008392334,19.290000915527344,19.360000610351562,819759,0.0,0.0
2022-12-07 14:30:00-05:00,19.354999542236328,19.405000686645508,19.350000381469727,19.395000457763672,1025522,0.0,0.0
2022-12-07 15:30:00-05:00,19.395000457763672,19.43000030517578,19.3799991607666,19.389999389648438,1196020,0.0,0.0
2022-12-08 09:30:00-05:00,19.540000915527344,19.809999465942383,19.5,19.80500030517578,834516,0.0,0.0
2022-12-08 10:30:00-05:00,19.80500030517578,19.815000534057617,19.6299991607666,19.665000915527344,675273,0.0,0.0
2022-12-08 11:30:00-05:00,19.65999984741211,19.68000030517578,19.600000381469727,19.610000610351562,672201,0.0,0.0
2022-12-08 12:30:00-05:00,19.614999771118164,19.6299991607666,19.59000015258789,19.604999542236328,867118,0.0,0.0
2022-12-08 13:30:00-05:00,19.609500885009766,19.649999618530273,19.530000686645508,19.53499984741211,782999,0.0,0.0
2022-12-08 14:30:00-05:00,19.53499984741211,19.559999465942383,19.485000610351562,19.540000915527344,1273476,0.0,0.0
2022-12-08 15:30:00-05:00,19.549999237060547,19.600000381469727,19.540000915527344,19.594999313354492,1546371,0.0,0.0
2022-12-09 09:30:00-05:00,18.920000076293945,19.020000457763672,18.40999984741211,18.5049991607666,2194555,0.0,0.0
2022-12-09 10:30:00-05:00,18.5049991607666,18.674999237060547,18.5049991607666,18.584999084472656,1274917,0.0,0.0
2022-12-09 11:30:00-05:00,18.584999084472656,18.65999984741211,18.565000534057617,18.645000457763672,692848,0.0,0.0
2022-12-09 12:30:00-05:00,18.645000457763672,18.700000762939453,18.59000015258789,18.610000610351562,893189,0.0,0.0
2022-12-09 13:30:00-05:00,18.604999542236328,18.610000610351562,18.412500381469727,18.5,1767857,0.0,0.0
2022-12-09 14:30:00-05:00,18.5,18.59000015258789,18.475000381469727,18.540000915527344,2154184,0.0,0.0
2022-12-09 15:30:00-05:00,18.545000076293945,18.549999237060547,18.479999542236328,18.5,3026568,0.0,0.0
2022-12-12 09:30:00-05:00,18.489999771118164,18.530000686645508,18.389999389648438,18.420000076293945,1215587,0.0,0.0
2022-12-12 10:30:00-05:00,18.420000076293945,18.44499969482422,18.389999389648438,18.399999618530273,1315184,0.0,0.0
2022-12-12 11:30:00-05:00,18.399999618530273,18.399999618530273,18.360000610351562,18.375,418756,0.0,0.0
2022-12-12 12:30:00-05:00,18.375,18.40999984741211,18.3700008392334,18.385000228881836,363941,0.0,0.0
2022-12-12 13:30:00-05:00,18.3799991607666,18.40999984741211,18.3700008392334,18.3700008392334,577563,0.0,0.0
2022-12-12 14:30:00-05:00,18.3700008392334,18.469999313354492,18.360000610351562,18.454999923706055,1004100,0.0,0.0
2022-12-12 15:30:00-05:00,18.454999923706055,18.459999084472656,18.389999389648438,18.420000076293945,1590492,0.0,0.0
2022-12-13 09:30:00-05:00,19.010000228881836,19.149999618530273,18.90999984741211,18.934999465942383,3919447,0.0,0.0
2022-12-13 10:30:00-05:00,18.940000534057617,19.010000228881836,18.905000686645508,18.93000030517578,1798993,0.0,0.0
2022-12-13 11:30:00-05:00,18.924999237060547,18.954999923706055,18.674999237060547,18.68000030517578,1051354,0.0,0.0
2022-12-13 12:30:00-05:00,18.68000030517578,18.75,18.6299991607666,18.719999313354492,1144897,0.0,0.0
2022-12-13 13:30:00-05:00,18.729999542236328,18.764999389648438,18.68000030517578,18.7549991607666,1119848,0.0,0.0
2022-12-13 14:30:00-05:00,18.75,18.815000534057617,18.69499969482422,18.725000381469727,1526550,0.0,0.0
2022-12-13 15:30:00-05:00,18.725000381469727,18.790000915527344,18.709999084472656,18.75,2242838,0.0,0.0
2022-12-14 09:30:00-05:00,18.75,18.889999389648438,18.75,18.889999389648438,1339202,0.0,0.0
2022-12-14 10:30:00-05:00,18.889999389648438,18.96500015258789,18.8799991607666,18.950000762939453,1001459,0.0,0.0
2022-12-14 11:30:00-05:00,18.94499969482422,18.969999313354492,18.895000457763672,18.905000686645508,615417,0.0,0.0
2022-12-14 12:30:00-05:00,18.905000686645508,18.93000030517578,18.885000228881836,18.895000457763672,315945,0.0,0.0
2022-12-14 13:30:00-05:00,18.895000457763672,18.93000030517578,18.674999237060547,18.719999313354492,1029888,0.0,0.0
2022-12-14 14:30:00-05:00,18.709999084472656,18.860000610351562,18.600000381469727,18.700000762939453,1259735,0.0,0.0
2022-12-14 15:30:00-05:00,18.690000534057617,18.764999389648438,18.649999618530273,18.709999084472656,1489522,0.0,0.0
2022-12-15 09:30:00-05:00,18.329999923706055,18.360000610351562,18.155000686645508,18.200000762939453,982826,0.0,0.0
2022-12-15 10:30:00-05:00,18.200000762939453,18.209999084472656,18.06999969482422,18.084999084472656,569039,0.0,0.0
2022-12-15 11:30:00-05:00,18.09000015258789,18.139999389648438,18.06999969482422,18.100000381469727,298351,0.0,0.0
2022-12-15 12:30:00-05:00,18.100000381469727,18.1299991607666,18.020000457763672,18.030000686645508,271797,0.0,0.0
2022-12-15 13:30:00-05:00,18.030000686645508,18.059999465942383,18.010000228881836,18.049999237060547,416725,0.0,0.0
2022-12-15 14:30:00-05:00,18.049999237060547,18.1299991607666,18.045000076293945,18.1200008392334,686369,0.0,0.0
2022-12-15 15:30:00-05:00,18.1200008392334,18.18000030517578,18.104999542236328,18.174999237060547,1462513,0.0,0.0
2022-12-16 09:30:00-05:00,18.110000610351562,18.21500015258789,18.0,18.024999618530273,2190444,0.0,0.0
2022-12-16 10:30:00-05:00,18.020000457763672,18.084999084472656,17.950000762939453,17.959999084472656,1644549,0.0,0.0
2022-12-16 11:30:00-05:00,17.959999084472656,17.979999542236328,17.8799991607666,17.905000686645508,917756,0.0,0.0
2022-12-16 12:30:00-05:00,17.899999618530273,17.90999984741211,17.770000457763672,17.774999618530273,1054595,0.0,0.0
2022-12-16 13:30:00-05:00,17.770000457763672,17.81999969482422,17.75,17.795000076293945,1173389,0.0,0.0
2022-12-16 14:30:00-05:00,17.790000915527344,17.899999618530273,17.761600494384766,17.864999771118164,1339612,0.0,0.0
2022-12-16 15:30:00-05:00,17.864999771118164,17.895000457763672,17.690000534057617,17.75,3594118,0.0,0.0
2022-12-19 09:30:00-05:00,17.860000610351562,17.989999771118164,17.850000381469727,17.94499969482422,1908656,0.0,0.0
2022-12-19 10:30:00-05:00,17.94499969482422,17.94499969482422,17.8700008392334,17.905000686645508,824790,0.0,0.0
2022-12-19 11:30:00-05:00,17.90999984741211,17.90999984741211,17.844999313354492,17.844999313354492,596556,0.0,0.0
2022-12-19 12:30:00-05:00,17.844999313354492,17.90999984741211,17.84000015258789,17.889999389648438,680653,0.0,0.0
2022-12-19 13:30:00-05:00,17.885000228881836,17.889999389648438,17.790000915527344,17.80500030517578,880278,0.0,0.0
2022-12-19 14:30:00-05:00,17.80500030517578,17.860000610351562,17.790000915527344,17.854999542236328,1178066,0.0,0.0
2022-12-19 15:30:00-05:00,17.854999542236328,17.90999984741211,17.850000381469727,17.889999389648438,1748924,0.0,0.0
2022-12-20 09:30:00-05:00,17.950000762939453,18.174999237060547,17.899999618530273,18.15999984741211,1888706,0.0,0.0
2022-12-20 10:30:00-05:00,18.15999984741211,18.209999084472656,18.084999084472656,18.084999084472656,1075896,0.0,0.0
2022-12-20 11:30:00-05:00,18.09000015258789,18.15999984741211,18.084999084472656,18.084999084472656,805409,0.0,0.0
2022-12-20 12:30:00-05:00,18.084999084472656,18.1200008392334,18.065000534057617,18.079999923706055,492765,0.0,0.0
2022-12-20 13:30:00-05:00,18.084999084472656,18.110000610351562,18.059999465942383,18.075000762939453,246257,0.0,0.0
2022-12-20 14:30:00-05:00,18.075000762939453,18.079999923706055,18.040000915527344,18.059999465942383,567122,0.0,0.0
2022-12-20 15:30:00-05:00,18.05500030517578,18.06999969482422,18.040000915527344,18.059999465942383,881256,0.0,0.0
2022-12-21 09:30:00-05:00,18.020000457763672,18.200000762939453,18.020000457763672,18.19499969482422,933336,0.0,0.0
2022-12-21 10:30:00-05:00,18.19499969482422,18.270000457763672,18.184999465942383,18.239999771118164,706634,0.0,0.0
2022-12-21 11:30:00-05:00,18.239999771118164,18.260000228881836,18.190000534057617,18.200000762939453,421417,0.0,0.0
2022-12-21 12:30:00-05:00,18.19499969482422,18.25,18.190000534057617,18.204999923706055,332243,0.0,0.0
2022-12-21 13:30:00-05:00,18.204999923706055,18.270000457763672,18.200000762939453,18.235000610351562,326027,0.0,0.0
2022-12-21 14:30:00-05:00,18.229999542236328,18.235000610351562,18.190000534057617,18.19499969482422,435506,0.0,0.0
2022-12-21 15:30:00-05:00,18.19499969482422,18.219999313354492,18.184999465942383,18.219999313354492,568383,0.0,0.0
2022-12-22 09:30:00-05:00,18.040000915527344,18.079999923706055,17.829999923706055,17.829999923706055,1249394,0.0,0.0
2022-12-22 10:30:00-05:00,17.829999923706055,17.920000076293945,17.809999465942383,17.905000686645508,986656,0.0,0.0
2022-12-22 11:30:00-05:00,17.90999984741211,17.90999984741211,17.80500030517578,17.809999465942383,331568,0.0,0.0
2022-12-22 12:30:00-05:00,17.809999465942383,17.81999969482422,17.739999771118164,17.76449966430664,309780,0.0,0.0
2022-12-22 13:30:00-05:00,17.760000228881836,17.850000381469727,17.725000381469727,17.84000015258789,347588,0.0,0.0
2022-12-22 14:30:00-05:00,17.844999313354492,17.950000762939453,17.829999923706055,17.940000534057617,801515,0.0,0.0
2022-12-22 15:30:00-05:00,17.94499969482422,17.950000762939453,17.895000457763672,17.93000030517578,1970595,0.0,0.0
2022-12-23 09:30:00-05:00,17.81999969482422,17.899999618530273,17.729999542236328,17.864999771118164,856914,0.0,0.0
2022-12-23 10:30:00-05:00,17.864999771118164,17.93000030517578,17.850000381469727,17.899999618530273,575937,0.0,0.0
2022-12-23 11:30:00-05:00,17.899999618530273,17.950000762939453,17.8799991607666,17.899999618530273,477950,0.0,0.0
2022-12-23 12:30:00-05:00,17.899999618530273,17.920000076293945,17.8799991607666,17.905000686645508,220886,0.0,0.0
2022-12-23 13:30:00-05:00,17.905000686645508,17.90999984741211,17.86009979248047,17.885000228881836,269529,0.0,0.0
2022-12-23 14:30:00-05:00,17.889999389648438,17.915000915527344,17.875,17.895000457763672,431388,0.0,0.0
2022-12-23 15:30:00-05:00,17.899999618530273,17.940000534057617,17.8700008392334,17.920000076293945,575676,0.0,0.0
2022-12-27 09:30:00-05:00,18.010000228881836,18.09000015258789,17.834999084472656,18.020000457763672,1257910,0.0,0.0
2022-12-27 10:30:00-05:00,18.020000457763672,18.06999969482422,18.0,18.024999618530273,643148,0.0,0.0
2022-12-27 11:30:00-05:00,18.024999618530273,18.045000076293945,17.989999771118164,17.9950008392334,399383,0.0,0.0
2022-12-27 12:30:00-05:00,18.0,18.030000686645508,17.981599807739258,18.0049991607666,343422,0.0,0.0
2022-12-27 13:30:00-05:00,18.0049991607666,18.020000457763672,17.979999542236328,17.9950008392334,375306,0.0,0.0
2022-12-27 14:30:00-05:00,17.989999771118164,18.05500030517578,17.975000381469727,18.040000915527344,442633,0.0,0.0
2022-12-27 15:30:00-05:00,18.045000076293945,18.06999969482422,18.024999618530273,18.03499984741211,827340,0.0,0.0
2022-12-28 09:30:00-05:00,18.049999237060547,18.190000534057617,18.010000228881836,18.06999969482422,1653265,0.0,0.0
2022-12-28 10:30:00-05:00,18.06999969482422,18.104999542236328,17.969999313354492,18.010000228881836,540180,0.0,0.0
2022-12-28 11:30:00-05:00,18.0049991607666,18.020000457763672,17.950000762939453,17.985000610351562,535611,0.0,0.0
2022-12-28 12:30:00-05:00,17.989999771118164,18.09000015258789,17.989999771118164,18.045000076293945,425993,0.0,0.0
2022-12-28 13:30:00-05:00,18.049999237060547,18.049999237060547,17.985000610351562,18.0049991607666,504243,0.0,0.0
2022-12-28 14:30:00-05:00,18.0049991607666,18.020000457763672,17.920000076293945,17.954999923706055,783468,0.0,0.0
2022-12-28 15:30:00-05:00,17.954999923706055,17.985000610351562,17.940000534057617,17.96500015258789,1214743,0.0,0.0
2022-12-29 09:30:00-05:00,18.09000015258789,18.280000686645508,18.09000015258789,18.270999908447266,600804,0.0,0.0
2022-12-29 10:30:00-05:00,18.274999618530273,18.315000534057617,18.27199935913086,18.299999237060547,681225,0.0,0.0
2022-12-29 11:30:00-05:00,18.295000076293945,18.3799991607666,18.290000915527344,18.295000076293945,646106,0.0,0.0
2022-12-29 12:30:00-05:00,18.290000915527344,18.30500030517578,18.270000457763672,18.28499984741211,450855,0.0,0.0
2022-12-29 13:30:00-05:00,18.280799865722656,18.290000915527344,18.2549991607666,18.260000228881836,520571,0.0,0.0
2022-12-29 14:30:00-05:00,18.264999389648438,18.274999618530273,18.204999923706055,18.225000381469727,778371,0.0,0.0
2022-12-29 15:30:00-05:00,18.225000381469727,18.247499465942383,18.219999313354492,18.239999771118164,771596,0.0,0.0
2022-12-30 09:30:00-05:00,18.09000015258789,18.174999237060547,18.024999618530273,18.075000762939453,617775,0.0,0.0
2022-12-30 10:30:00-05:00,18.075000762939453,18.079999923706055,17.989999771118164,18.0049991607666,383309,0.0,0.0
2022-12-30 11:30:00-05:00,18.0049991607666,18.020000457763672,17.950000762939453,17.95989990234375,666490,0.0,0.0
2022-12-30 12:30:00-05:00,17.954999923706055,17.969999313354492,17.854999542236328,17.864999771118164,668601,0.0,0.0
2022-12-30 13:30:00-05:00,17.864999771118164,17.90999984741211,17.850000381469727,17.875,509390,0.0,0.0
2022-12-30 14:30:00-05:00,17.8700008392334,17.975000381469727,17.860000610351562,17.96500015258789,629295,0.0,0.0
2022-12-30 15:30:00-05:00,17.959999084472656,18.024999618530273,17.959999084472656,18.0,815449,0.0,0.0
2023-01-03 09:30:00-05:00,18.18000030517578,18.350000381469727,18.1200008392334,18.190000534057617,1463614,0.0,0.0
2023-01-03 10:30:00-05:00,18.190000534057617,18.25,18.079999923706055,18.184999465942383,1952537,0.0,0.0
2023-01-03 11:30:00-05:00,18.184999465942383,18.184999465942383,18.084999084472656,18.084999084472656,923223,0.0,0.0
2023-01-03 12:30:00-05:00,18.084999084472656,18.139999389648438,18.05500030517578,18.114999771118164,673909,0.0,0.0
2023-01-03 13:30:00-05:00,18.110000610351562,18.168500900268555,18.100000381469727,18.125,706965,0.0,0.0
2023-01-03 14:30:00-05:00,18.1200008392334,18.174999237060547,18.079999923706055,18.145000457763672,1370219,0.0,0.0
2023-01-03 15:30:00-05:00,18.149999618530273,18.25,18.1200008392334,18.239999771118164,2130283,0.0,0.0
2023-01-04 09:30:00-05:00,17.940000534057617,18.03499984741211,17.860000610351562,17.924999237060547,1461760,0.0,0.0
2023-01-04 10:30:00-05:00,17.93000030517578,18.049999237060547,17.899999618530273,18.049999237060547,743311,0.0,0.0
2023-01-04 11:30:00-05:00,18.049999237060547,18.1299991607666,18.049999237060547,18.084999084472656,691005,0.0,0.0
2023-01-04 12:30:00-05:00,18.084999084472656,18.1299991607666,18.065000534057617,18.125,505630,0.0,0.0
2023-01-04 13:30:00-05:00,18.125,18.170000076293945,18.014999389648438,18.014999389648438,1004729,0.0,0.0
2023-01-04 14:30:00-05:00,18.014999389648438,18.1299991607666,18.0049991607666,18.09000015258789,1303451,0.0,0.0
2023-01-04 15:30:00-05:00,18.084999084472656,18.100000381469727,18.010000228881836,18.100000381469727,1586281,0.0,0.0
2023-01-05 09:30:00-05:00,17.809999465942383,17.8700008392334,17.739999771118164,17.834999084472656,933824,0.0,0.0
2023-01-05 10:30:00-05:00,17.829999923706055,17.8700008392334,17.760000228881836,17.774999618530273,889857,0.0,0.0
2023-01-05 11:30:00-05:00,17.774999618530273,17.780000686645508,17.684999465942383,17.700000762939453,778950,0.0,0.0
2023-01-05 12:30:00-05:00,17.700000762939453,17.799999237060547,17.69499969482422,17.774999618530273,587280,0.0,0.0
2023-01-05 13:30:00-05:00,17.780000686645508,17.799999237060547,17.739999771118164,17.7549991607666,700562,0.0,0.0
2023-01-05 14:30:00-05:00,17.75,17.799999237060547,17.690000534057617,17.704999923706055,907349,0.0,0.0
2023-01-05 15:30:00-05:00,17.704999923706055,17.725000381469727,17.68000030517578,17.68000030517578,1165268,0.0,0.0
2023-01-06 09:30:00-05:00,17.5,17.639999389648438,17.46500015258789,17.514999389648438,1792785,0.0,0.0
2023-01-06 10:30:00-05:00,17.514999389648438,17.65999984741211,17.514999389648438,17.645000457763672,839000,0.0,0.0
2023-01-06 11:30:00-05:00,17.645000457763672,17.70840072631836,17.625,17.674999237060547,666991,0.0,0.0
2023-01-06 12:30:00-05:00,17.674999237060547,17.739999771118164,17.639999389648438,17.729999542236328,594537,0.0,0.0
2023-01-06 13:30:00-05:00,17.735000610351562,17.799999237060547,17.729999542236328,17.780000686645508,636624,0.0,0.0
2023-01-06 14:30:00-05:00,17.780000686645508,17.81999969482422,17.760000228881836,17.80500030517578,758387,0.0,0.0
2023-01-06 15:30:00-05:00,17.80500030517578,17.84000015258789,17.770000457763672,17.815000534057617,2387299,0.0,0.0
2023-01-09 09:30:00-05:00,18.09000015258789,18.184999465942383,18.03499984741211,18.1200008392334,1719305,0.0,0.0
2023-01-09 10:30:00-05:00,18.1200008392334,18.235000610351562,18.114999771118164,18.18000030517578,2072872,0.0,0.0
2023-01-09 11:30:00-05:00,18.184999465942383,18.204999923706055,18.1200008392334,18.184999465942383,1334376,0.0,0.0
2023-01-09 12:30:00-05:00,18.184999465942383,18.190000534057617,18.114999771118164,18.155000686645508,1123639,0.0,0.0
2023-01-09 13:30:00-05:00,18.155000686645508,18.15999984741211,18.094999313354492,18.149999618530273,915629,0.0,0.0
2023-01-09 14:30:00-05:00,18.149999618530273,18.149999618530273,18.06999969482422,18.075000762939453,1197492,0.0,0.0
2023-01-09 15:30:00-05:00,18.075000762939453,18.079999923706055,17.989999771118164,17.989999771118164,2054248,0.0,0.0
2023-01-10 09:30:00-05:00,17.93000030517578,17.940000534057617,17.709999084472656,17.739999771118164,2057499,0.0,0.0
2023-01-10 10:30:00-05:00,17.739999771118164,17.774999618530273,17.690000534057617,17.725000381469727,1541609,0.0,0.0
2023-01-10 11:30:00-05:00,17.725000381469727,17.75,17.709999084472656,17.725000381469727,1169263,0.0,0.0
2023-01-10 12:30:00-05:00,17.725000381469727,17.780000686645508,17.719999313354492,17.75,1146570,0.0,0.0
2023-01-10 13:30:00-05:00,17.75,17.84000015258789,17.75,17.84000015258789,847513,0.0,0.0
2023-01-10 14:30:00-05:00,17.834999084472656,17.84000015258789,17.799999237060547,17.84000015258789,758455,0.0,0.0
2023-01-10 15:30:00-05:00,17.834999084472656,17.850000381469727,17.81999969482422,17.825000762939453,1538079,0.0,0.0
2023-01-11 09:30:00-05:00,17.81999969482422,17.915000915527344,17.739999771118164,17.885000228881836,1550006,0.0,0.0
2023-01-11 10:30:00-05:00,17.885000228881836,17.959999084472656,17.84000015258789,17.954999923706055,1392633,0.0,0.0
2023-01-11 11:30:00-05:00,17.959999084472656,18.075000762939453,17.940000534057617,18.059999465942383,1201179,0.0,0.0
2023-01-11 12:30:00-05:00,18.065000534057617,18.110000610351562,18.03499984741211,18.100000381469727,905110,0.0,0.0
2023-01-11 13:30:00-05:00,18.094999313354492,18.1200008392334,18.084999084472656,18.094999313354492,841095,0.0,0.0
2023-01-11 14:30:00-05:00,18.094999313354492,18.1200008392334,18.082500457763672,18.100000381469727,982297,0.0,0.0
2023-01-11 15:30:00-05:00,18.100000381469727,18.149999618530273,18.094999313354492,18.1200008392334,1715768,0.0,0.0
2023-01-12 09:30:00-05:00,18.520000457763672,18.610000610351562,18.05500030517578,18.295000076293945,2823264,0.0,0.0
2023-01-12 10:30:00-05:00,18.295000076293945,18.354999542236328,18.1299991607666,18.15999984741211,1432401,0.0,0.0
2023-01-12 11:30:00-05:00,18.165000915527344,18.274999618530273,18.084999084472656,18.229999542236328,1000769,0.0,0.0
2023-01-12 12:30:00-05:00,18.229999542236328,18.520000457763672,18.229999542236328,18.514999389648438,1154786,0.0,0.0
2023-01-12 13:30:00-05:00,18.510000228881836,18.559999465942383,18.299999237060547,18.44499969482422,1252170,0.0,0.0
2023-01-12 14:30:00-05:00,18.450000762939453,18.5049991607666,18.34000015258789,18.344999313354492,1062508,0.0,0.0
2023-01-12 15:30:00-05:00,18.344999313354492,18.434999465942383,18.329999923706055,18.389999389648438,1604537,0.0,0.0
2023-01-13 09:30:00-05:00,18.389999389648438,18.44499969482422,18.239999771118164,18.30500030517578,2491069,0.0,0.0
2023-01-13 10:30:00-05:00,18.309999465942383,18.3700008392334,18.30500030517578,18.354999542236328,1305600,0.0,0.0
2023-01-13 11:30:00-05:00,18.360000610351562,18.459999084472656,18.280000686645508,18.459999084472656,838518,0.0,0.0
2023-01-13 12:30:00-05:00,18.454999923706055,18.5049991607666,18.40999984741211,18.428499221801758,888483,0.0,0.0
2023-01-13 13:30:00-05:00,18.420000076293945,18.514999389648438,18.420000076293945,18.510000228881836,869270,0.0,0.0
2023-01-13 14:30:00-05:00,18.510000228881836,18.549999237060547,18.5049991607666,18.53499984741211,1029608,0.0,0.0
2023-01-13 15:30:00-05:00,18.53499984741211,18.579999923706055,18.520000457763672,18.524999618530273,1795698,0.0,0.0
2023-01-17 09:30:00-05:00,18.649999618530273,18.850000381469727,18.6200008392334,18.834999084472656,1671525,0.0,0.0
2023-01-17 10:30:00-05:00,18.834999084472656,18.875,18.760000228881836,18.809999465942383,1104073,0.0,0.0
2023-01-17 11:30:00-05:00,18.815000534057617,18.850000381469727,18.739999771118164,18.74250030517578,693710,0.0,0.0
2023-01-17 12:30:00-05:00,18.7450008392334,18.770000457763672,18.719999313354492,18.739999771118164,573784,0.0,0.0
2023-01-17 13:30:00-05:00,18.739999771118164,18.75,18.704999923706055,18.71500015258789,630885,0.0,0.0
2023-01-17 14:30:00-05:00,18.71500015258789,18.735000610351562,18.65999984741211,18.65999984741211,831974,0.0,0.0
2023-01-17 15:30:00-05:00,18.665000915527344,18.68000030517578,18.655000686645508,18.674999237060547,1350551,0.0,0.0
2023-01-18 09:30:00-05:00,18.81999969482422,18.979999542236328,18.81999969482422,18.979999542236328,1201120,0.0,0.0
2023-01-18 10:30:00-05:00,18.975000381469727,18.989999771118164,18.799999237060547,18.815000534057617,753514,0.0,0.0
2023-01-18 11:30:00-05:00,18.815000534057617,18.84000015258789,18.790000915527344,18.815000534057617,531410,0.0,0.0
2023-01-18 12:30:00-05:00,18.815000534057617,18.84000015258789,18.770000457763672,18.799999237060547,523118,0.0,0.0
2023-01-18 13:30:00-05:00,18.795000076293945,18.854999542236328,18.780000686645508,18.844999313354492,586980,0.0,0.0
2023-01-18 14:30:00-05:00,18.844999313354492,18.854999542236328,18.815000534057617,18.825000762939453,611324,0.0,0.0
2023-01-18 15:30:00-05:00,18.81999969482422,18.825000762939453,18.75,18.75,1370284,0.0,0.0
2023-01-19 09:30:00-05:00,18.780000686645508,18.8700008392334,18.75,18.815000534057617,1153272,0.0,0.0
2023-01-19 10:30:00-05:00,18.809999465942383,18.81999969482422,18.760000228881836,18.790000915527344,518585,0.0,0.0
2023-01-19 11:30:00-05:00,18.780000686645508,18.829999923706055,18.75,18.799999237060547,458546,0.0,0.0
2023-01-19 12:30:00-05:00,18.795000076293945,18.84000015258789,18.780000686645508,18.81999969482422,368259,0.0,0.0
2023-01-19 13:30:00-05:00,18.81999969482422,18.895000457763672,18.81999969482422,18.889999389648438,376097,0.0,0.0
2023-01-19 14:30:00-05:00,18.895000457763672,18.915000915527344,18.860000610351562,18.875,463491,0.0,0.0
2023-01-19 15:30:00-05:00,18.8700008392334,18.875,18.799999237060547,18.80500030517578,926634,0.0,0.0
2023-01-20 09:30:00-05:00,18.68000030517578,18.770000457763672,18.59000015258789,18.707500457763672,1016315,0.0,0.0
2023-01-20 10:30:00-05:00,18.709999084472656,18.799999237060547,18.690000534057617,18.795000076293945,708734,0.0,0.0
2023-01-20 11:30:00-05:00,18.795000076293945,18.825000762939453,18.780000686645508,18.80500030517578,395649,0.0,0.0
2023-01-20 12:30:00-05:00,18.80500030517578,18.81999969482422,18.7450008392334,18.7549991607666,830756,0.0,0.0
2023-01-20 13:30:00-05:00,18.760000228881836,18.80500030517578,18.75,18.787500381469727,603038,0.0,0.0
2023-01-20 14:30:00-05:00,18.780000686645508,18.809999465942383,18.760000228881836,18.774999618530273,777560,0.0,0.0
2023-01-20 15:30:00-05:00,18.774999618530273,18.799999237060547,18.760000228881836,18.780000686645508,1346959,0.0,0.0
2023-01-23 09:30:00-05:00,18.90999984741211,18.959999084472656,18.815000534057617,18.94499969482422,788611,0.0,0.0
2023-01-23 10:30:00-05:00,18.94499969482422,19.020000457763672,18.93000030517578,18.9950008392334,636149,0.0,0.0
2023-01-23 11:30:00-05:00,18.9950008392334,19.03499984741211,18.979999542236328,19.030000686645508,442960,0.0,0.0
2023-01-23 12:30:00-05:00,19.024999618530273,19.094999313354492,19.020000457763672,19.094999313354492,493130,0.0,0.0
2023-01-23 13:30:00-05:00,19.094999313354492,19.110000610351562,19.049999237060547,19.05500030517578,456275,0.0,0.0
2023-01-23 14:30:00-05:00,19.05500030517578,19.079999923706055,19.0,19.05500030517578,585594,0.0,0.0
2023-01-23 15:30:00-05:00,19.049999237060547,19.075000762939453,19.03499984741211,19.049999237060547,690669,0.0,0.0
2023-01-24 09:30:00-05:00,18.969999313354492,19.0,18.850000381469727,18.940000534057617,855719,0.0,0.0
2023-01-24 10:30:00-05:00,18.940000534057617,18.969999313354492,18.8799991607666,18.94499969482422,919105,0.0,0.0
2023-01-24 11:30:00-05:00,18.94499969482422,18.959999084472656,18.889999389648438,18.924999237060547,524635,0.0,0.0
2023-01-24 12:30:00-05:00,18.920000076293945,18.92009925842285,18.850000381469727,18.920000076293945,443127,0.0,0.0
2023-01-24 13:30:00-05:00,18.920000076293945,18.95400047302246,18.905000686645508,18.94499969482422,906668,0.0,0.0
2023-01-24 14:30:00-05:00,18.940000534057617,18.969999313354492,18.895000457763672,18.899999618530273,850887,0.0,0.0
2023-01-24 15:30:00-05:00,18.899999618530273,18.90999984741211,18.84000015258789,18.889999389648438,1047995,0.0,0.0
2023-01-25 09:30:00-05:00,18.729999542236328,18.729999542236328,18.53499984741211,18.549999237060547,705200,0.0,0.0
2023-01-25 10:30:00-05:00,18.549999237060547,18.709999084472656,18.545000076293945,18.670000076293945,645925,0.0,0.0
2023-01-25 11:30:00-05:00,18.674999237060547,18.739999771118164,18.6299991607666,18.635000228881836,493837,0.0,0.0
2023-01-25 12:30:00-05:00,18.635000228881836,18.65999984741211,18.6200008392334,18.6200008392334,695065,0.0,0.0
2023-01-25 13:30:00-05:00,18.625,18.690000534057617,18.614999771118164,18.639999389648438,742869,0.0,0.0
2023-01-25 14:30:00-05:00,18.639999389648438,18.68000030517578,18.610000610351562,18.655000686645508,770970,0.0,0.0
2023-01-25 15:30:00-05:00,18.65999984741211,18.689899444580078,18.600000381469727,18.610000610351562,3415709,0.0,0.0
2023-01-26 09:30:00-05:00,18.690000534057617,18.790000915527344,18.639999389648438,18.700000762939453,858888,0.0,0.0
2023-01-26 10:30:00-05:00,18.700000762939453,18.719999313354492,18.584999084472656,18.655000686645508,765130,0.0,0.0
2023-01-26 11:30:00-05:00,18.655000686645508,18.719999313354492,18.649999618530273,18.674999237060547,1120667,0.0,0.0
2023-01-26 12:30:00-05:00,18.674999237060547,18.709999084472656,18.655000686645508,18.709999084472656,387613,0.0,0.0
2023-01-26 13:30:00-05:00,18.704999923706055,18.885000228881836,18.704999923706055,18.8700008392334,845962,0.0,0.0
2023-01-26 14:30:00-05:00,18.864999771118164,18.95789909362793,18.864999771118164,18.94499969482422,1051240,0.0,0.0
2023-01-26 15:30:00-05:00,18.940000534057617,18.950000762939453,18.889999389648438,18.940000534057617,947307,0.0,0.0
2023-01-27 09:30:00-05:00,18.6200008392334,18.649999618530273,18.510000228881836,18.635000228881836,1157097,0.0,0.0
2023-01-27 10:30:00-05:00,18.635000228881836,18.639999389648438,18.5,18.594999313354492,565225,0.0,0.0
2023-01-27 11:30:00-05:00,18.594999313354492,18.729999542236328,18.59000015258789,18.71500015258789,792898,0.0,0.0
2023-01-27 12:30:00-05:00,18.71500015258789,18.760000228881836,18.68000030517578,18.68000030517578,487242,0.0,0.0
2023-01-27 13:30:00-05:00,18.684999465942383,18.726299285888672,18.655000686645508,18.71500015258789,426461,0.0,0.0
2023-01-27 14:30:00-05:00,18.709999084472656,18.739999771118164,18.69499969482422,18.719999313354492,531098,0.0,0.0
2023-01-27 15:30:00-05:00,18.719999313354492,18.736000061035156,18.639999389648438,18.649999618530273,1038626,0.0,0.0
2023-01-30 09:30:00-05:00,18.719999313354492,18.8799991607666,18.649999618530273,18.809999465942383,1763257,0.0,0.0
2023-01-30 10:30:00-05:00,18.810100555419922,18.844999313354492,18.760000228881836,18.81999969482422,855836,0.0,0.0
2023-01-30 11:30:00-05:00,18.81999969482422,18.8700008392334,18.80500030517578,18.80500030517578,1013163,0.0,0.0
2023-01-30 12:30:00-05:00,18.80500030517578,18.815000534057617,18.709999084472656,18.7450008392334,1235503,0.0,0.0
2023-01-30 13:30:00-05:00,18.739999771118164,18.760000228881836,18.690000534057617,18.700000762939453,1195000,0.0,0.0
2023-01-30 14:30:00-05:00,18.700000762939453,18.709999084472656,18.649999618530273,18.665000915527344,1141802,0.0,0.0
2023-01-30 15:30:00-05:00,18.65999984741211,18.700000762939453,18.65999984741211,18.684999465942383,1217319,0.0,0.0
2023-01-31 09:30:00-05:00,18.6200008392334,18.704999923706055,18.540000915527344,18.704999923706055,1173239,0.0,0.0
2023-01-31 10:30:00-05:00,18.709999084472656,18.719999313354492,18.670000076293945,18.674999237060547,507725,0.0,0.0
2023-01-31 11:30:00-05:00,18.684999465942383,18.75,18.65999984741211,18.68000030517578,1375260,0.0,0.0
2023-01-31 12:30:00-05:00,18.684999465942383,18.739999771118164,18.68000030517578,18.729999542236328,386434,0.0,0.0
2023-01-31 13:30:00-05:00,18.725000381469727,18.735000610351562,18.69499969482422,18.69499969482422,524049,0.0,0.0
2023-01-31 14:30:00-05:00,18.700000762939453,18.75,18.65999984741211,18.700000762939453,1242404,0.0,0.0
2023-01-31 15:30:00-05:00,18.700000762939453,18.799999237060547,18.684999465942383,18.799999237060547,1651008,0.0,0.0
2023-02-01 09:30:00-05:00,18.8799991607666,18.969999313354492,18.809999465942383,18.924999237060547,867688,0.0,0.0
2023-02-01 10:30:00-05:00,18.924999237060547,18.985000610351562,18.875,18.96500015258789,776854,0.0,0.0
2023-02-01 11:30:00-05:00,18.96500015258789,19.010000228881836,18.860000610351562,18.860000610351562,663890,0.0,0.0
2023-02-01 12:30:00-05:00,18.864999771118164,18.864999771118164,18.795000076293945,18.834999084472656,700566,0.0,0.0
2023-02-01 13:30:00-05:00,18.834999084472656,18.8700008392334,18.770000457763672,18.834999084472656,867496,0.0,0.0
2023-02-01 14:30:00-05:00,18.84000015258789,19.09000015258789,18.770000457763672,19.079999923706055,1820844,0.0,0.0
2023-02-01 15:30:00-05:00,19.079999923706055,19.135000228881836,19.0,19.020000457763672,1565621,0.0,0.0
2023-02-02 09:30:00-05:00,19.399999618530273,19.420000076293945,19.280000686645508,19.37310028076172,1997937,0.0,0.0
2023-02-02 10:30:00-05:00,19.375,19.459999084472656,19.344999313354492,19.420000076293945,1011765,0.0,0.0
2023-02-02 11:30:00-05:00,19.40999984741211,19.434999465942383,19.350000381469727,19.415000915527344,900235,0.0,0.0
2023-02-02 12:30:00-05:00,19.415000915527344,19.420000076293945,19.360000610351562,19.395000457763672,1435446,0.0,0.0
2023-02-02 13:30:00-05:00,19.395000457763672,19.520000457763672,19.385000228881836,19.5049991607666,1528233,0.0,0.0
2023-02-02 14:30:00-05:00,19.510000228881836,19.530000686645508,19.399999618530273,19.44499969482422,1518665,0.0,0.0
2023-02-02 15:30:00-05:00,19.44499969482422,19.540000915527344,19.440000534057617,19.510000228881836,1547773,0.0,0.0
2023-02-03 09:30:00-05:00,19.299999237060547,19.489999771118164,19.270000457763672,19.405000686645508,757220,0.0,0.0
2023-02-03 10:30:00-05:00,19.405000686645508,19.489999771118164,19.315000534057617,19.385000228881836,659871,0.0,0.0
2023-02-03 11:30:00-05:00,19.389999389648438,19.405000686645508,19.31999969482422,19.354999542236328,590233,0.0,0.0
2023-02-03 12:30:00-05:00,19.354999542236328,19.3700008392334,19.239999771118164,19.25,417646,0.0,0.0
2023-02-03 13:30:00-05:00,19.25,19.280000686645508,19.21500015258789,19.235000610351562,805469,0.0,0.0
2023-02-03 14:30:00-05:00,19.229999542236328,19.280000686645508,19.204999923706055,19.258800506591797,660411,0.0,0.0
2023-02-03 15:30:00-05:00,19.260000228881836,19.309999465942383,19.25,19.28499984741211,1133235,0.0,0.0
2023-02-06 09:30:00-05:00,18.860000610351562,18.989999771118164,18.844999313354492,18.905000686645508,1914381,0.0,0.0
2023-02-06 10:30:00-05:00,18.905000686645508,18.905000686645508,18.84000015258789,18.8799991607666,704025,0.0,0.0
2023-02-06 11:30:00-05:00,18.8799991607666,18.889999389648438,18.799999237060547,18.818500518798828,808589,0.0,0.0
2023-02-06 12:30:00-05:00,18.815000534057617,18.829999923706055,18.7549991607666,18.760000228881836,540763,0.0,0.0
2023-02-06 13:30:00-05:00,18.760000228881836,18.860000610351562,18.7450008392334,18.860000610351562,788504,0.0,0.0
2023-02-06 14:30:00-05:00,18.854999542236328,18.860000610351562,18.809999465942383,18.825000762939453,1116574,0.0,0.0
2023-02-06 15:30:00-05:00,18.825000762939453,18.860000610351562,18.809999465942383,18.81999969482422,1554725,0.0,0.0
2023-02-07 09:30:00-05:00,18.68000030517578,18.860000610351562,18.68000030517578,18.774999618530273,975543,0.0,0.0
2023-02-07 10:30:00-05:00,18.774999618530273,18.829999923706055,18.760000228881836,18.815000534057617,234639,0.0,0.0
2023-02-07 11:30:00-05:00,18.81999969482422,18.8700008392334,18.81570053100586,18.834999084472656,370989,0.0,0.0
2023-02-07 12:30:00-05:00,18.83839988708496,19.065000534057617,18.834999084472656,18.864999771118164,1279512,0.0,0.0
2023-02-07 13:30:00-05:00,18.860000610351562,18.954999923706055,18.795000076293945,18.94499969482422,936788,0.0,0.0
2023-02-07 14:30:00-05:00,18.94499969482422,19.040000915527344,18.940000534057617,19.040000915527344,502969,0.0,0.0
2023-02-07 15:30:00-05:00,19.030000686645508,19.06999969482422,19.010000228881836,19.030000686645508,809193,0.0,0.0
2023-02-08 09:30:00-05:00,19.25,19.337600708007812,19.190000534057617,19.225000381469727,900880,0.0,0.0
2023-02-08 10:30:00-05:00,19.225000381469727,19.225000381469727,19.1299991607666,19.155000686645508,649531,0.0,0.0
2023-02-08 11:30:00-05:00,19.149999618530273,19.200000762939453,19.139999389648438,19.15999984741211,584255,0.0,0.0
2023-02-08 12:30:00-05:00,19.165000915527344,19.2549991607666,19.139999389648438,19.219999313354492,756100,0.0,0.0
2023-02-08 13:30:00-05:00,19.21500015258789,19.270000457763672,19.204999923706055,19.25,664032,0.0,0.0
2023-02-08 14:30:00-05:00,19.25,19.260000228881836,19.18000030517578,19.19499969482422,616261,0.0,0.0
2023-02-08 15:30:00-05:00,19.19499969482422,19.209999084472656,19.170000076293945,19.18000030517578,1178892,0.0,0.0
2023-02-09 09:30:00-05:00,19.520000457763672,19.59000015258789,19.479999542236328,19.4950008392334,719758,0.0,0.0
2023-02-09 10:30:00-05:00,19.4950008392334,19.55500030517578,19.469999313354492,19.485000610351562,446070,0.0,0.0
2023-02-09 11:30:00-05:00,19.485000610351562,19.559999465942383,19.469999313354492,19.545000076293945,404419,0.0,0.0
2023-02-09 12:30:00-05:00,19.545000076293945,19.548500061035156,19.440000534057617,19.459999084472656,536877,0.0,0.0
2023-02-09 13:30:00-05:00,19.450000762939453,19.489999771118164,19.389999389648438,19.395000457763672,679040,0.0,0.0
2023-02-09 14:30:00-05:00,19.389999389648438,19.43000030517578,19.309999465942383,19.315000534057617,624515,0.0,0.0
2023-02-09 15:30:00-05:00,19.309999465942383,19.3799991607666,19.299999237060547,19.350000381469727,1044463,0.0,0.0
2023-02-10 09:30:00-05:00,19.290000915527344,19.3799991607666,19.15999984741211,19.165000915527344,2432431,0.0,0.0
2023-02-10 10:30:00-05:00,19.170000076293945,19.184999465942383,19.045000076293945,19.079999923706055,2583864,0.0,0.0
2023-02-10 11:30:00-05:00,19.079999923706055,19.100000381469727,19.030000686645508,19.084999084472656,1413965,0.0,0.0
2023-02-10 12:30:00-05:00,19.084999084472656,19.219999313354492,19.079999923706055,19.18000030517578,1015237,0.0,0.0
2023-02-10 13:30:00-05:00,19.18000030517578,19.18000030517578,19.100000381469727,19.104999542236328,1210610,0.0,0.0
2023-02-10 14:30:00-05:00,19.100000381469727,19.165000915527344,19.100000381469727,19.145000457763672,1065928,0.0,0.0
2023-02-10 15:30:00-05:00,19.149999618530273,19.200000762939453,19.139999389648438,19.15999984741211,1799523,0.0,0.0
2023-02-13 09:30:00-05:00,18.889999389648438,19.040000915527344,18.860000610351562,19.0,979144,0.0,0.0
2023-02-13 10:30:00-05:00,19.0,19.049999237060547,18.989999771118164,19.024999618530273,421286,0.0,0.0
2023-02-13 11:30:00-05:00,19.024999618530273,19.03499984741211,18.979999542236328,19.03499984741211,425269,0.0,0.0
2023-02-13 12:30:00-05:00,19.03499984741211,19.040000915527344,19.0,19.014999389648438,290092,0.0,0.0
2023-02-13 13:30:00-05:00,19.014999389648438,19.024999618530273,18.959999084472656,18.96500015258789,361721,0.0,0.0
2023-02-13 14:30:00-05:00,18.959999084472656,18.969999313354492,18.8799991607666,18.915000915527344,762292,0.0,0.0
2023-02-13 15:30:00-05:00,18.915000915527344,19.020000457763672,18.899999618530273,19.014999389648438,1953575,0.0,0.0
2023-02-14 09:30:00-05:00,19.059999465942383,19.235000610351562,18.985000610351562,19.204999923706055,1322609,0.0,0.0
2023-02-14 10:30:00-05:00,19.204999923706055,19.219999313354492,19.003999710083008,19.014999389648438,1181863,0.0,0.0
2023-02-14 11:30:00-05:00,19.010000228881836,19.010000228881836,18.950000762939453,18.96500015258789,595009,0.0,0.0
2023-02-14 12:30:00-05:00,18.959999084472656,19.079999923706055,18.954999923706055,19.059999465942383,439576,0.0,0.0
2023-02-14 13:30:00-05:00,19.065000534057617,19.06999969482422,19.0049991607666,19.05500030517578,480964,0.0,0.0
2023-02-14 14:30:00-05:00,19.059999465942383,19.149999618530273,19.05500030517578,19.145000457763672,748657,0.0,0.0
2023-02-14 15:30:00-05:00,19.139999389648438,19.18000030517578,19.1200008392334,19.1200008392334,1133304,0.0,0.0
2023-02-15 09:30:00-05:00,19.1200008392334,19.19499969482422,19.079999923706055,19.145000457763672,995506,0.0,0.0
2023-02-15 10:30:00-05:00,19.139999389648438,19.18000030517578,19.110000610351562,19.165000915527344,657671,0.0,0.0
2023-02-15 11:30:00-05:00,19.165000915527344,19.260000228881836,19.145000457763672,19.149999618530273,1486493,0.0,0.0
2023-02-15 12:30:00-05:00,19.145000457763672,19.21500015258789,19.1299991607666,19.190000534057617,1856218,0.0,0.0
2023-02-15 13:30:00-05:00,19.19499969482422,19.270000457763672,19.190000534057617,19.2450008392334,1150293,0.0,0.0
2023-02-15 14:30:00-05:00,19.2450008392334,19.260000228881836,19.209999084472656,19.235000610351562,822841,0.0,0.0
2023-02-15 15:30:00-05:00,19.239999771118164,19.25,19.190000534057617,19.219999313354492,1430795,0.0,0.0
2023-02-16 09:30:00-05:00,19.110000610351562,19.184999465942383,19.06999969482422,19.18000030517578,1432845,0.0,0.0
2023-02-16 10:30:00-05:00,19.174999237060547,19.239999771118164,19.165000915527344,19.174999237060547,468783,0.0,0.0
2023-02-16 11:30:00-05:00,19.174999237060547,19.236000061035156,19.174999237060547,19.219999313354492,637915,0.0,0.0
2023-02-16 12:30:00-05:00,19.21500015258789,19.28499984741211,19.209999084472656,19.229999542236328,559954,0.0,0.0
2023-02-16 13:30:00-05:00,19.225000381469727,19.260000228881836,19.21500015258789,19.2450008392334,559091,0.0,0.0
2023-02-16 14:30:00-05:00,19.2450008392334,19.260000228881836,19.1299991607666,19.135000228881836,712175,0.0,0.0
2023-02-16 15:30:00-05:00,19.1299991607666,19.145000457763672,19.104000091552734,19.1299991607666,1860594,0.0,0.0
2023-02-17 09:30:00-05:00,19.010000228881836,19.1200008392334,18.94499969482422,19.045000076293945,941873,0.0,0.0
2023-02-17 10:30:00-05:00,19.045000076293945,19.09000015258789,18.950000762939453,18.989999771118164,678391,0.0,0.0
2023-02-17 11:30:00-05:00,18.985000610351562,19.0,18.950000762939453,18.985000610351562,602144,0.0,0.0
2023-02-17 12:30:00-05:00,18.979999542236328,19.0,18.950000762939453,18.969999313354492,672313,0.0,0.0
2023-02-17 13:30:00-05:00,18.969999313354492,19.059999465942383,18.96500015258789,19.045000076293945,746970,0.0,0.0
2023-02-17 14:30:00-05:00,19.045000076293945,19.079999923706055,19.030000686645508,19.045000076293945,946734,0.0,0.0
2023-02-17 15:30:00-05:00,19.040000915527344,19.09000015258789,19.040000915527344,19.084999084472656,937426,0.0,0.0
2023-02-21 09:30:00-05:00,18.809999465942383,19.010000228881836,18.809999465942383,18.8799991607666,1473147,0.0,0.0
2023-02-21 10:30:00-05:00,18.875,18.899999618530273,18.844999313354492,18.844999313354492,1039433,0.0,0.0
2023-02-21 11:30:00-05:00,18.84000015258789,18.854999542236328,18.80500030517578,18.829999923706055,1005339,0.0,0.0
2023-02-21 12:30:00-05:00,18.829999923706055,18.8799991607666,18.815000534057617,18.829999923706055,634009,0.0,0.0
2023-02-21 13:30:00-05:00,18.825000762939453,18.829999923706055,18.790000915527344,18.799999237060547,424440,0.0,0.0
2023-02-21 14:30:00-05:00,18.80500030517578,18.829999923706055,18.780000686645508,18.809999465942383,636763,0.0,0.0
2023-02-21 15:30:00-05:00,18.809999465942383,18.84000015258789,18.790000915527344,18.799999237060547,2425044,0.0,0.0
2023-02-22 09:30:00-05:00,18.700000762939453,18.760000228881836,18.59000015258789,18.635000228881836,1500045,0.0,0.0
2023-02-22 10:30:00-05:00,18.6299991607666,18.68000030517578,18.600299835205078,18.665000915527344,923139,0.0,0.0
2023-02-22 11:30:00-05:00,18.665000915527344,18.700000762939453,18.645000457763672,18.69499969482422,727234,0.0,0.0
2023-02-22 12:30:00-05:00,18.690000534057617,18.719999313354492,18.670000076293945,18.69499969482422,542701,0.0,0.0
2023-02-22 13:30:00-05:00,18.69499969482422,18.709999084472656,18.6299991607666,18.645000457763672,1006486,0.0,0.0
2023-02-22 14:30:00-05:00,18.639999389648438,18.65999984741211,18.594999313354492,18.639999389648438,1099808,0.0,0.0
2023-02-22 15:30:00-05:00,18.639999389648438,18.649999618530273,18.6200008392334,18.6299991607666,1602447,0.0,0.0
2023-02-23 09:30:00-05:00,18.6299991607666,18.780000686645508,18.6299991607666,18.735000610351562,823269,0.0,0.0
2023-02-23 10:30:00-05:00,18.735000610351562,18.75749969482422,18.579999923706055,18.594999313354492,830059,0.0,0.0
2023-02-23 11:30:00-05:00,18.59000015258789,18.600000381469727,18.540000915527344,18.550100326538086,808186,0.0,0.0
2023-02-23 12:30:00-05:00,18.55500030517578,18.604999542236328,18.540000915527344,18.559999465942383,733413,0.0,0.0
2023-02-23 13:30:00-05:00,18.565000534057617,18.690000534057617,18.559999465942383,18.645000457763672,1124933,0.0,0.0
2023-02-23 14:30:00-05:00,18.649999618530273,18.704999923706055,18.649999618530273,18.69499969482422,1425109,0.0,0.0
2023-02-23 15:30:00-05:00,18.700000762939453,18.709999084472656,18.673999786376953,18.700000762939453,1030691,0.0,0.0
2023-02-24 09:30:00-05:00,18.469999313354492,18.5,18.3700008392334,18.395000457763672,1535467,0.0,0.0
2023-02-24 10:30:00-05:00,18.395000457763672,18.454999923706055,18.389999389648438,18.44499969482422,651932,0.0,0.0
2023-02-24 11:30:00-05:00,18.450000762939453,18.46500015258789,18.399999618530273,18.415000915527344,608968,0.0,0.0
2023-02-24 12:30:00-05:00,18.420000076293945,18.43000030517578,18.290000915527344,18.334999084472656,1770331,0.0,0.0
2023-02-24 13:30:00-05:00,18.329999923706055,18.3799991607666,18.309999465942383,18.354999542236328,1610961,0.0,0.0
2023-02-24 14:30:00-05:00,18.354999542236328,18.3799991607666,18.315000534057617,18.334999084472656,2468934,0.0,0.0
2023-02-24 15:30:00-05:00,18.334999084472656,18.34000015258789,18.2549991607666,18.34000015258789,2719873,0.0,0.0
2023-02-27 09:30:00-05:00,18.190000534057617,18.25,18.149999618530273,18.184999465942383,1382647,0.0,0.0
2023-02-27 10:30:00-05:00,18.184999465942383,18.19499969482422,18.1299991607666,18.145000457763672,918380,0.0,0.0
2023-02-27 11:30:00-05:00,18.145000457763672,18.200000762939453,18.110000610351562,18.19499969482422,890806,0.0,0.0
2023-02-27 12:30:00-05:00,18.200000762939453,18.260000228881836,18.18000030517578,18.25,703970,0.0,0.0
2023-02-27 13:30:00-05:00,18.25,18.280000686645508,18.219999313354492,18.2450008392334,509804,0.0,0.0
2023-02-27 14:30:00-05:00,18.2450008392334,18.2450008392334,18.170000076293945,18.19499969482422,626090,0.0,0.0
2023-02-27 15:30:00-05:00,18.190000534057617,18.19499969482422,18.149999618530273,18.15999984741211,779952,0.0,0.0
2023-02-28 09:30:00-05:00,18.0,18.049999237060547,17.93000030517578,17.9950008392334,1419592,0.0,0.0
2023-02-28 10:30:00-05:00,18.0,18.049999237060547,17.96500015258789,18.030000686645508,1824623,0.0,0.0
2023-02-28 11:30:00-05:00,18.030000686645508,18.03499984741211,17.978300094604492,18.0,853371,0.0,0.0
2023-02-28 12:30:00-05:00,18.0049991607666,18.020000457763672,17.99250030517578,18.014999389648438,770164,0.0,0.0
2023-02-28 13:30:00-05:00,18.014999389648438,18.030000686645508,17.979999542236328,17.985000610351562,515040,0.0,0.0
2023-02-28 14:30:00-05:00,17.989999771118164,17.9950008392334,17.954999923706055,17.959999084472656,630111,0.0,0.0
2023-02-28 15:30:00-05:00,17.959999084472656,17.969999313354492,17.924999237060547,17.924999237060547,1242763,0.0,0.0
2023-03-01 09:30:00-05:00,18.09000015258789,18.104999542236328,17.93000030517578,17.934999465942383,647762,0.0,0.0
2023-03-01 10:30:00-05:00,17.934999465942383,17.989999771118164,17.885000228881836,17.905000686645508,681675,0.0,0.0
2023-03-01 11:30:00-05:00,17.90999984741211,17.989999771118164,17.899999618530273,17.96500015258789,523688,0.0,0.0
2023-03-01 12:30:00-05:00,17.96500015258789,18.0,17.959999084472656,17.985000610351562,436044,0.0,0.0
2023-03-01 13:30:00-05:00,17.985000610351562,17.989999771118164,17.954999923706055,17.959999084472656,421769,0.0,0.0
2023-03-01 14:30:00-05:00,17.954999923706055,17.989999771118164,17.950000762939453,17.975000381469727,463764,0.0,0.0
2023-03-01 15:30:00-05:00,17.969999313354492,18.020000457763672,17.969999313354492,18.020000457763672,814879,0.0,0.0
2023-03-02 09:30:00-05:00,17.84000015258789,17.899999618530273,17.790000915527344,17.895000457763672,813708,0.0,0.0
2023-03-02 10:30:00-05:00,17.895000457763672,17.940000534057617,17.864999771118164,17.93000030517578,415006,0.0,0.0
2023-03-02 11:30:00-05:00,17.924999237060547,17.959999084472656,17.915000915527344,17.959999084472656,417296,0.0,0.0
2023-03-02 12:30:00-05:00,17.959999084472656,17.975000381469727,17.934999465942383,17.950000762939453,393635,0.0,0.0
2023-03-02 13:30:00-05:00,17.950000762939453,18.059999465942383,17.94499969482422,18.059999465942383,791688,0.0,0.0
2023-03-02 14:30:00-05:00,18.05500030517578,18.079999923706055,18.014999389648438,18.045000076293945,807547,0.0,0.0
2023-03-02 15:30:00-05:00,18.049999237060547,18.09000015258789,18.045000076293945,18.06999969482422,1169979,0.0,0.0
2023-03-03 09:30:00-05:00,18.139999389648438,18.139999389648438,17.975000381469727,18.045000076293945,1435177,0.0,0.0
2023-03-03 10:30:00-05:00,18.045000076293945,18.05500030517578,17.959999084472656,17.975000381469727,686344,0.0,0.0
2023-03-03 11:30:00-05:00,17.975000381469727,18.030000686645508,17.920000076293945,18.024999618530273,1148034,0.0,0.0
2023-03-03 12:30:00-05:00,18.024999618530273,18.06999969482422,18.020000457763672,18.062299728393555,481705,0.0,0.0
2023-03-03 13:30:00-05:00,18.06999969482422,18.110000610351562,18.049999237060547,18.100000381469727,415027,0.0,0.0
2023-03-03 14:30:00-05:00,18.104999542236328,18.170000076293945,18.100000381469727,18.170000076293945,705925,0.0,0.0
2023-03-03 15:30:00-05:00,18.170000076293945,18.18000030517578,18.1299991607666,18.174999237060547,1525597,0.0,0.0
2023-03-06 09:30:00-05:00,18.34000015258789,18.34000015258789,18.219999313354492,18.264999389648438,1417936,0.0,0.0
2023-03-06 10:30:00-05:00,18.270000457763672,18.329999923706055,18.239999771118164,18.290000915527344,1367809,0.0,0.0
2023-03-06 11:30:00-05:00,18.290000915527344,18.34000015258789,18.290000915527344,18.315000534057617,681155,0.0,0.0
2023-03-06 12:30:00-05:00,18.315000534057617,18.315000534057617,18.239999771118164,18.274999618530273,658879,0.0,0.0
2023-03-06 13:30:00-05:00,18.274999618530273,18.290000915527344,18.239999771118164,18.28499984741211,528188,0.0,0.0
2023-03-06 14:30:00-05:00,18.28499984741211,18.299999237060547,18.239999771118164,18.25,595887,0.0,0.0
2023-03-06 15:30:00-05:00,18.2450008392334,18.280000686645508,18.229999542236328,18.264999389648438,1733479,0.0,0.0
2023-03-07 09:30:00-05:00,18.25,18.31999969482422,18.1299991607666,18.18000030517578,1012611,0.0,0.0
2023-03-07 10:30:00-05:00,18.184999465942383,18.225000381469727,18.1200008392334,18.1299991607666,694260,0.0,0.0
2023-03-07 11:30:00-05:00,18.1299991607666,18.21500015258789,18.1200008392334,18.19499969482422,710033,0.0,0.0
2023-03-07 12:30:00-05:00,18.19499969482422,18.225200653076172,18.174999237060547,18.184999465942383,540086,0.0,0.0
2023-03-07 13:30:00-05:00,18.184999465942383,18.200000762939453,18.139999389648438,18.145000457763672,429933,0.0,0.0
2023-03-07 14:30:00-05:00,18.145000457763672,18.18000030517578,18.1299991607666,18.15999984741211,647803,0.0,0.0
2023-03-07 15:30:00-05:00,18.155000686645508,18.219999313354492,18.155000686645508,18.21500015258789,978748,0.0,0.0
2023-03-08 09:30:00-05:00,18.229999542236328,18.229999542236328,18.065000534057617,18.155000686645508,1302746,0.0,0.0
2023-03-08 10:30:00-05:00,18.155000686645508,18.200000762939453,18.145000457763672,18.170000076293945,615006,0.0,0.0
2023-03-08 11:30:00-05:00,18.174999237060547,18.209999084472656,18.1200008392334,18.124000549316406,622868,0.0,0.0
2023-03-08 12:30:00-05:00,18.1200008392334,18.139999389648438,18.094999313354492,18.104999542236328,396986,0.0,0.0
2023-03-08 13:30:00-05:00,18.110000610351562,18.145000457763672,18.104999542236328,18.145000457763672,367404,0.0,0.0
2023-03-08 14:30:00-05:00,18.145000457763672,18.155000686645508,18.110000610351562,18.114999771118164,389545,0.0,0.0
2023-03-08 15:30:00-05:00,18.114999771118164,18.18000030517578,18.110000610351562,18.15999984741211,909409,0.0,0.0
2023-03-09 09:30:00-05:00,17.969999313354492,18.09000015258789,17.950000762939453,18.049999237060547,965240,0.0,0.0
2023-03-09 10:30:00-05:00,18.049999237060547,18.079999923706055,17.975000381469727,17.989999771118164,1322006,0.0,0.0
2023-03-09 11:30:00-05:00,17.985000610351562,17.9950008392334,17.934999465942383,17.979999542236328,441233,0.0,0.0
2023-03-09 12:30:00-05:00,17.979999542236328,17.989999771118164,17.90999984741211,17.920000076293945,334353,0.0,0.0
2023-03-09 13:30:00-05:00,17.920000076293945,17.920000076293945,17.81999969482422,17.854999542236328,636763,0.0,0.0
2023-03-09 14:30:00-05:00,17.854999542236328,17.87779998779297,17.725000381469727,17.7549991607666,845161,0.0,0.0
2023-03-09 15:30:00-05:00,17.75,17.795000076293945,17.719999313354492,17.719999313354492,1580786,0.0,0.0
2023-03-10 09:30:00-05:00,17.780000686645508,17.94499969482422,17.739999771118164,17.905000686645508,918803,0.0,0.0
2023-03-10 10:30:00-05:00,17.905000686645508,17.934999465942383,17.834999084472656,17.8799991607666,742402,0.0,0.0
2023-03-10 11:30:00-05:00,17.875,17.90999984741211,17.780000686645508,17.799999237060547,568535,0.0,0.0
2023-03-10 12:30:00-05:00,17.799999237060547,17.84000015258789,17.665000915527344,17.68000030517578,668076,0.0,0.0
2023-03-10 13:30:00-05:00,17.684999465942383,17.709999084472656,17.6299991607666,17.665000915527344,792291,0.0,0.0
2023-03-10 14:30:00-05:00,17.670000076293945,17.764999389648438,17.665000915527344,17.7450008392334,1020760,0.0,0.0
2023-03-10 15:30:00-05:00,17.739999771118164,17.7549991607666,17.68000030517578,17.690000534057617,1581704,0.0,0.0
2023-03-13 09:30:00-04:00,17.25,17.325000762939453,16.97249984741211,17.2549991607666,2802254,0.0,0.0
2023-03-13 10:30:00-04:00,17.2549991607666,17.4950008392334,17.2549991607666,17.489999771118164,1534233,0.0,0.0
2023-03-13 11:30:00-04:00,17.489999771118164,17.510000228881836,17.38990020751953,17.415000915527344,1000865,0.0,0.0
2023-03-13 12:30:00-04:00,17.415000915527344,17.459999084472656,17.329999923706055,17.344999313354492,1006782,0.0,0.0
2023-03-13 13:30:00-04:00,17.350000381469727,17.424999237060547,17.299999237060547,17.385000228881836,914644,0.0,0.0
2023-03-13 14:30:00-04:00,17.385000228881836,17.415000915527344,17.270000457763672,17.280000686645508,1036312,0.0,0.0
2023-03-13 15:30:00-04:00,17.280000686645508,17.31999969482422,17.25,17.260000228881836,2973715,0.0,0.0
2023-03-14 09:30:00-04:00,17.209999084472656,17.46500015258789,17.200000762939453,17.450000762939453,1599409,0.0,0.0
2023-03-14 10:30:00-04:00,17.450000762939453,17.46500015258789,17.395000457763672,17.415000915527344,691549,0.0,0.0
2023-03-14 11:30:00-04:00,17.415000915527344,17.420000076293945,17.3799991607666,17.395000457763672,595179,0.0,0.0
2023-03-14 12:30:00-04:00,17.389999389648438,17.40999984741211,17.270000457763672,17.315000534057617,657030,0.0,0.0
2023-03-14 13:30:00-04:00,17.315000534057617,17.344999313354492,17.25,17.299999237060547,808861,0.0,0.0
2023-03-14 14:30:00-04:00,17.30500030517578,17.309999465942383,17.204999923706055,17.264999389648438,942954,0.0,0.0
2023-03-14 15:30:00-04:00,17.260000228881836,17.34000015258789,17.2549991607666,17.329999923706055,1622696,0.0,0.0
2023-03-15 09:30:00-04:00,16.889999389648438,17.010000228881836,16.844999313354492,16.90999984741211,2775614,0.0,0.0
2023-03-15 10:30:00-04:00,16.899999618530273,16.905000686645508,16.774999618530273,16.854999542236328,2142735,0.0,0.0
2023-03-15 11:30:00-04:00,16.854999542236328,16.875,16.780000686645508,16.795000076293945,1826045,0.0,0.0
2023-03-15 12:30:00-04:00,16.795000076293945,16.8799991607666,16.78499984741211,16.8700008392334,1180288,0.0,0.0
2023-03-15 13:30:00-04:00,16.864999771118164,16.8799991607666,16.735000610351562,16.844999313354492,1534911,0.0,0.0
2023-03-15 14:30:00-04:00,16.844999313354492,16.94499969482422,16.790000915527344,16.934999465942383,2016202,0.0,0.0
2023-03-15 15:30:00-04:00,16.934999465942383,16.950000762939453,16.829999923706055,16.93000030517578,2497201,0.0,0.0
2023-03-16 09:30:00-04:00,16.770000457763672,16.94499969482422,16.770000457763672,16.864999771118164,1018371,0.0,0.0
2023-03-16 10:30:00-04:00,16.864999771118164,17.06999969482422,16.844999313354492,17.065000534057617,1444212,0.0,0.0
2023-03-16 11:30:00-04:00,17.06999969482422,17.110000610351562,17.049999237060547,17.110000610351562,1046700,0.0,0.0
2023-03-16 12:30:00-04:00,17.104999542236328,17.200000762939453,17.079999923706055,17.15999984741211,983058,0.0,0.0
2023-03-16 13:30:00-04:00,17.155000686645508,17.15999984741211,17.09000015258789,17.104999542236328,612141,0.0,0.0
2023-03-16 14:30:00-04:00,17.110000610351562,17.190000534057617,17.079999923706055,17.184999465942383,766075,0.0,0.0
2023-03-16 15:30:00-04:00,17.184999465942383,17.200000762939453,17.15999984741211,17.200000762939453,1074496,0.0,0.0
2023-03-17 09:30:00-04:00,17.06999969482422,17.1200008392334,16.96500015258789,16.979999542236328,3275793,0.0,0.0
2023-03-17 10:30:00-04:00,16.979999542236328,17.008800506591797,16.889999389648438,16.915000915527344,1180422,0.0,0.0
2023-03-17 11:30:00-04:00,16.90999984741211,16.94499969482422,16.899999618530273,16.924999237060547,1386813,0.0,0.0
2023-03-17 12:30:00-04:00,16.93000030517578,16.969999313354492,16.90999984741211,16.915000915527344,560103,0.0,0.0
2023-03-17 13:30:00-04:00,16.915000915527344,16.94499969482422,16.899999618530273,16.90999984741211,1114322,0.0,0.0
2023-03-17 14:30:00-04:00,16.905000686645508,16.96500015258789,16.854999542236328,16.959999084472656,1015599,0.0,0.0
2023-03-17 15:30:00-04:00,16.96500015258789,16.979999542236328,16.889999389648438,16.899999618530273,1655257,0.0,0.0
2023-03-20 09:30:00-04:00,16.899999618530273,17.0049991607666,16.84000015258789,16.950000762939453,1394568,0.0,0.0
2023-03-20 10:30:00-04:00,16.950000762939453,17.040000915527344,16.934999465942383,17.03499984741211,1793332,0.0,0.0
2023-03-20 11:30:00-04:00,17.040000915527344,17.040000915527344,16.889999389648438,16.924999237060547,1050081,0.0,0.0
2023-03-20 12:30:00-04:00,16.924999237060547,17.0049991607666,16.915000915527344,16.950000762939453,911556,0.0,0.0
2023-03-20 13:30:00-04:00,16.954999923706055,16.959999084472656,16.8700008392334,16.905000686645508,876343,0.0,0.0
2023-03-20 14:30:00-04:00,16.905000686645508,16.950000762939453,16.875,16.924999237060547,1531038,0.0,0.0
2023-03-20 15:30:00-04:00,16.920000076293945,16.969999313354492,16.90999984741211,16.93000030517578,1598834,0.0,0.0
2023-03-21 09:30:00-04:00,16.84000015258789,16.899999618530273,16.725000381469727,16.7450008392334,1859388,0.0,0.0
2023-03-21 10:30:00-04:00,16.7450008392334,16.760000228881836,16.68000030517578,16.735000610351562,868905,0.0,0.0
2023-03-21 11:30:00-04:00,16.735000610351562,16.774999618530273,16.684999465942383,16.764999389648438,555699,0.0,0.0
2023-03-21 12:30:00-04:00,16.770000457763672,16.809999465942383,16.7450008392334,16.80500030517578,723900,0.0,0.0
2023-03-21 13:30:00-04:00,16.809999465942383,16.81999969482422,16.75,16.7549991607666,1076898,0.0,0.0
2023-03-21 14:30:00-04:00,16.7549991607666,16.860000610351562,16.7450008392334,16.854999542236328,1624860,0.0,0.0
2023-03-21 15:30:00-04:00,16.854999542236328,16.90999984741211,16.84000015258789,16.895000457763672,4186946,0.0,0.0
2023-03-22 09:30:00-04:00,16.770000457763672,16.895000457763672,16.7450008392334,16.889999389648438,849721,0.0,0.0
2023-03-22 10:30:00-04:00,16.895000457763672,16.905000686645508,16.860000610351562,16.860000610351562,534128,0.0,0.0
2023-03-22 11:30:00-04:00,16.860000610351562,16.8799991607666,16.81999969482422,16.81999969482422,606663,0.0,0.0
2023-03-22 12:30:00-04:00,16.81999969482422,16.829999923706055,16.78499984741211,16.80500030517578,509506,0.0,0.0
2023-03-22 13:30:00-04:00,16.80500030517578,16.8799991607666,16.760000228881836,16.844999313354492,1300804,0.0,0.0
2023-03-22 14:30:00-04:00,16.844999313354492,16.90999984741211,16.68000030517578,16.799999237060547,2667428,0.0,0.0
2023-03-22 15:30:00-04:00,16.799999237060547,16.80500030517578,16.59000015258789,16.600000381469727,1664117,0.0,0.0
2023-03-23 09:30:00-04:00,16.860000610351562,16.957500457763672,16.65999984741211,16.915000915527344,3829407,0.0,0.0
2023-03-23 10:30:00-04:00,16.915000915527344,17.040000915527344,16.885000228881836,16.96500015258789,2064809,0.0,0.0
2023-03-23 11:30:00-04:00,16.96500015258789,17.040000915527344,16.96500015258789,17.010000228881836,1100805,0.0,0.0
2023-03-23 12:30:00-04:00,17.0,17.010000228881836,16.915000915527344,16.934999465942383,703359,0.0,0.0
2023-03-23 13:30:00-04:00,16.93000030517578,16.959999084472656,16.90999984741211,16.940000534057617,1311782,0.0,0.0
2023-03-23 14:30:00-04:00,16.940000534057617,17.059999465942383,16.905000686645508,16.93000030517578,2536675,0.0,0.0
2023-03-23 15:30:00-04:00,16.93000030517578,17.010000228881836,16.90999984741211,16.940000534057617,2208048,0.0,0.0
2023-03-24 09:30:00-04:00,16.75,16.790000915527344,16.649999618530273,16.729999542236328,1178460,0.0,0.0
2023-03-24 10:30:00-04:00,16.725000381469727,16.735000610351562,16.65999984741211,16.704999923706055,628939,0.0,0.0
2023-03-24 11:30:00-04:00,16.704999923706055,16.770000457763672,16.684999465942383,16.704999923706055,684899,0.0,0.0
2023-03-24 12:30:00-04:00,16.709999084472656,16.774999618530273,16.704999923706055,16.764999389648438,477652,0.0,0.0
2023-03-24 13:30:00-04:00,16.770000457763672,16.799999237060547,16.7450008392334,16.78499984741211,560314,0.0,0.0
2023-03-24 14:30:00-04:00,16.78499984741211,16.809999465942383,16.760000228881836,16.799999237060547,898616,0.0,0.0
2023-03-24 15:30:00-04:00,16.799999237060547,16.809999465942383,16.780000686645508,16.799999237060547,1385089,0.0,0.0
2023-03-27 09:30:00-04:00,16.899999618530273,16.959999084472656,16.829999923706055,16.8700008392334,1511330,0.0,0.0
2023-03-27 10:30:00-04:00,16.8700008392334,16.889999389648438,16.850000381469727,16.8700008392334,432882,0.0,0.0
2023-03-27 11:30:00-04:00,16.864999771118164,16.93000030517578,16.850000381469727,16.915000915527344,1578065,0.0,0.0
2023-03-27 12:30:00-04:00,16.915000915527344,17.0,16.889999389648438,16.985000610351562,1623308,0.0,0.0
2023-03-27 13:30:00-04:00,16.985000610351562,17.030000686645508,16.969999313354492,17.014999389648438,1517885,0.0,0.0
2023-03-27 14:30:00-04:00,17.014999389648438,17.040000915527344,16.989999771118164,17.024999618530273,1791713,0.0,0.0
2023-03-27 15:30:00-04:00,17.024999618530273,17.040000915527344,16.989999771118164,17.014999389648438,3234795,0.0,0.0
2023-03-28 09:30:00-04:00,16.81999969482422,16.905000686645508,16.760000228881836,16.825000762939453,2585742,0.0,0.0
2023-03-28 10:30:00-04:00,16.829999923706055,16.84000015258789,16.780000686645508,16.790000915527344,1569184,0.0,0.0
2023-03-28 11:30:00-04:00,16.790000915527344,16.799999237060547,16.739999771118164,16.764999389648438,707511,0.0,0.0
2023-03-28 12:30:00-04:00,16.760000228881836,16.780000686645508,16.735000610351562,16.7450008392334,626333,0.0,0.0
2023-03-28 13:30:00-04:00,16.7450008392334,16.7549991607666,16.68000030517578,16.704999923706055,619174,0.0,0.0
2023-03-28 14:30:00-04:00,16.700000762939453,16.729999542236328,16.674999237060547,16.700000762939453,1233041,0.0,0.0
2023-03-28 15:30:00-04:00,16.700000762939453,16.770000457763672,16.6924991607666,16.770000457763672,1645171,0.0,0.0
2023-03-29 09:30:00-04:00,16.829999923706055,16.915000915527344,16.809999465942383,16.899999618530273,1663704,0.0,0.0
2023-03-29 10:30:00-04:00,16.90999984741211,16.9375,16.860000610351562,16.915000915527344,1480654,0.0,0.0
2023-03-29 11:30:00-04:00,16.915000915527344,16.969999313354492,16.915000915527344,16.954999923706055,562536,0.0,0.0
2023-03-29 12:30:00-04:00,16.954999923706055,16.969999313354492,16.940000534057617,16.959999084472656,389883,0.0,0.0
2023-03-29 13:30:00-04:00,16.959999084472656,16.959999084472656,16.90999984741211,16.934999465942383,697501,0.0,0.0
2023-03-29 14:30:00-04:00,16.934999465942383,16.979999542236328,16.93000030517578,16.96500015258789,868273,0.0,0.0
2023-03-29 15:30:00-04:00,16.96500015258789,16.979999542236328,16.940000534057617,16.959999084472656,1440991,0.0,0.0
2023-03-30 09:30:00-04:00,17.110000610351562,17.139999389648438,17.03499984741211,17.084999084472656,975602,0.0,0.0
2023-03-30 10:30:00-04:00,17.084999084472656,17.100000381469727,17.06999969482422,17.075000762939453,362555,0.0,0.0
2023-03-30 11:30:00-04:00,17.075000762939453,17.075000762939453,17.020000457763672,17.040000915527344,523542,0.0,0.0
2023-03-30 12:30:00-04:00,17.045000076293945,17.079999923706055,17.014999389648438,17.05500030517578,605620,0.0,0.0
2023-03-30 13:30:00-04:00,17.05500030517578,17.079999923706055,17.020000457763672,17.072500228881836,321331,0.0,0.0
2023-03-30 14:30:00-04:00,17.075000762939453,17.110000610351562,17.072500228881836,17.104999542236328,1384757,0.0,0.0
2023-03-30 15:30:00-04:00,17.104999542236328,17.139999389648438,17.09000015258789,17.139999389648438,1741130,0.0,0.0
2023-03-31 09:30:00-04:00,17.43000030517578,17.450000762939453,17.25,17.274999618530273,1478437,0.0,0.0
2023-03-31 10:30:00-04:00,17.270000457763672,17.389999389648438,17.260000228881836,17.375,1684856,0.0,0.0
2023-03-31 11:30:00-04:00,17.3700008392334,17.399999618530273,17.329999923706055,17.3700008392334,758209,0.0,0.0
2023-03-31 12:30:00-04:00,17.374799728393555,17.377500534057617,17.34000015258789,17.354999542236328,568944,0.0,0.0
2023-03-31 13:30:00-04:00,17.354999542236328,17.3799991607666,17.350000381469727,17.364999771118164,518812,0.0,0.0
2023-03-31 14:30:00-04:00,17.360000610351562,17.40999984741211,17.360000610351562,17.399999618530273,932478,0.0,0.0
2023-03-31 15:30:00-04:00,17.405000686645508,17.459999084472656,17.399999618530273,17.440000534057617,1632098,0.0,0.0
2023-04-03 09:30:00-04:00,17.209999084472656,17.395000457763672,17.209999084472656,17.3927001953125,2338457,0.0,0.0
2023-04-03 10:30:00-04:00,17.395000457763672,17.399999618530273,17.329999923706055,17.350000381469727,1716790,0.0,0.0
2023-04-03 11:30:00-04:00,17.350000381469727,17.399999618530273,17.34000015258789,17.385000228881836,637590,0.0,0.0
2023-04-03 12:30:00-04:00,17.385000228881836,17.40999984741211,17.360000610351562,17.360000610351562,415583,0.0,0.0
2023-04-03 13:30:00-04:00,17.364999771118164,17.40999984741211,17.360000610351562,17.405000686645508,425156,0.0,0.0
2023-04-03 14:30:00-04:00,17.405000686645508,17.420000076293945,17.389999389648438,17.405000686645508,691083,0.0,0.0
2023-04-03 15:30:00-04:00,17.405000686645508,17.440000534057617,17.389999389648438,17.43000030517578,1958679,0.0,0.0
2023-04-04 09:30:00-04:00,17.43000030517578,17.459999084472656,17.399999618530273,17.40999984741211,2074722,0.0,0.0
2023-04-04 10:30:00-04:00,17.405000686645508,17.43000030517578,17.350000381469727,17.375,968128,0.0,0.0
2023-04-04 11:30:00-04:00,17.375,17.399999618530273,17.34000015258789,17.385000228881836,705523,0.0,0.0
2023-04-04 12:30:00-04:00,17.385000228881836,17.399999618530273,17.360000610351562,17.389999389648438,471587,0.0,0.0
2023-04-04 13:30:00-04:00,17.389999389648438,17.3976993560791,17.350000381469727,17.360000610351562,538315,0.0,0.0
2023-04-04 14:30:00-04:00,17.354999542236328,17.3799991607666,17.34000015258789,17.350000381469727,782643,0.0,0.0
2023-04-04 15:30:00-04:00,17.350000381469727,17.389999389648438,17.34000015258789,17.3799991607666,1556031,0.0,0.0
2023-04-05 09:30:00-04:00,17.389999389648438,17.440000534057617,17.329999923706055,17.34760093688965,821830,0.0,0.0
2023-04-05 10:30:00-04:00,17.34000015258789,17.364999771118164,17.270000457763672,17.274999618530273,571964,0.0,0.0
2023-04-05 11:30:00-04:00,17.274999618530273,17.309999465942383,17.25,17.2549991607666,535872,0.0,0.0
2023-04-05 12:30:00-04:00,17.2549991607666,17.270000457763672,17.239999771118164,17.2549991607666,357662,0.0,0.0
2023-04-05 13:30:00-04:00,17.2549991607666,17.329999923706055,17.25,17.320999145507812,648750,0.0,0.0
2023-04-05 14:30:00-04:00,17.31999969482422,17.3700008392334,17.280000686645508,17.325000762939453,1332755,0.0,0.0
2023-04-05 15:30:00-04:00,17.325000762939453,17.350000381469727,17.31999969482422,17.329999923706055,1035065,0.0,0.0
2023-04-06 09:30:00-04:00,17.299999237060547,17.309999465942383,17.149999618530273,17.204999923706055,1483159,0.0,0.0
2023-04-06 10:30:00-04:00,17.204999923706055,17.290000915527344,17.19499969482422,17.264999389648438,373005,0.0,0.0
2023-04-06 11:30:00-04:00,17.264999389648438,17.350000381469727,17.26180076599121,17.350000381469727,365414,0.0,0.0
2023-04-06 12:30:00-04:00,17.344999313354492,17.3700008392334,17.329999923706055,17.334999084472656,511424,0.0,0.0
2023-04-06 13:30:00-04:00,17.329999923706055,17.344999313354492,17.290000915527344,17.295000076293945,876839,0.0,0.0
2023-04-06 14:30:00-04:00,17.295000076293945,17.309999465942383,17.25,17.25,541457,0.0,0.0
2023-04-06 15:30:00-04:00,17.25,17.270000457763672,17.239999771118164,17.2549991607666,1933465,0.0,0.0
2023-04-10 09:30:00-04:00,17.360000610351562,17.360000610351562,17.270000457763672,17.315000534057617,1381880,0.0,0.0
2023-04-10 10:30:00-04:00,17.315000534057617,17.350000381469727,17.299999237060547,17.315000534057617,552325,0.0,0.0
2023-04-10 11:30:00-04:00,17.315000534057617,17.325000762939453,17.200000762939453,17.204999923706055,1015226,0.0,0.0
2023-04-10 12:30:00-04:00,17.204999923706055,17.299999237060547,17.200000762939453,17.28499984741211,970547,0.0,0.0
2023-04-10 13:30:00-04:00,17.28499984741211,17.315000534057617,17.280099868774414,17.290000915527344,1024459,0.0,0.0
2023-04-10 14:30:00-04:00,17.290000915527344,17.34000015258789,17.28499984741211,17.325000762939453,774122,0.0,0.0
2023-04-10 15:30:00-04:00,17.325000762939453,17.395000457763672,17.309999465942383,17.3799991607666,1801871,0.0,0.0
2023-04-11 09:30:00-04:00,17.229999542236328,17.364999771118164,17.18000030517578,17.354999542236328,2923427,0.0,0.0
2023-04-11 10:30:00-04:00,17.354999542236328,17.360000610351562,17.299999237060547,17.329999923706055,797221,0.0,0.0
2023-04-11 11:30:00-04:00,17.329999923706055,17.3700008392334,17.299999237060547,17.364999771118164,1033774,0.0,0.0
2023-04-11 12:30:00-04:00,17.364999771118164,17.389999389648438,17.364999771118164,17.385000228881836,1193624,0.0,0.0
2023-04-11 13:30:00-04:00,17.385000228881836,17.43000030517578,17.3799991607666,17.424999237060547,1285018,0.0,0.0
2023-04-11 14:30:00-04:00,17.424999237060547,17.450000762939453,17.40999984741211,17.434999465942383,1108228,0.0,0.0
2023-04-11 15:30:00-04:00,17.440000534057617,17.450000762939453,17.399999618530273,17.450000762939453,2866853,0.0,0.0
2023-04-12 09:30:00-04:00,17.709999084472656,17.799999237060547,17.334999084472656,17.375,4225693,0.0,0.0
2023-04-12 10:30:00-04:00,17.375,17.395000457763672,17.059999465942383,17.100000381469727,2087403,0.0,0.0
2023-04-12 11:30:00-04:00,17.100000381469727,17.200000762939453,17.06999969482422,17.139999389648438,1559785,0.0,0.0
2023-04-12 12:30:00-04:00,17.139999389648438,17.209999084472656,17.139999389648438,17.19499969482422,1115915,0.0,0.0
2023-04-12 13:30:00-04:00,17.190000534057617,17.209999084472656,17.1299991607666,17.135000228881836,1619430,0.0,0.0
2023-04-12 14:30:00-04:00,17.135000228881836,17.135000228881836,17.010000228881836,17.059999465942383,2181347,0.0,0.0
2023-04-12 15:30:00-04:00,17.065000534057617,17.1299991607666,17.05500030517578,17.06999969482422,3516102,0.0,0.0
2023-04-13 09:30:00-04:00,15.869999885559082,15.970000267028809,15.529999732971191,15.650699615478516,11067244,0.0,0.0
2023-04-13 10:30:00-04:00,15.65999984741211,15.65999984741211,15.40999984741211,15.529999732971191,4001041,0.0,0.0
2023-04-13 11:30:00-04:00,15.524999618530273,15.694999694824219,15.5,15.59000015258789,4288716,0.0,0.0
2023-04-13 12:30:00-04:00,15.585000038146973,15.604999542236328,15.4306001663208,15.449999809265137,2619858,0.0,0.0
2023-04-13 13:30:00-04:00,15.444999694824219,15.484999656677246,15.340100288391113,15.354999542236328,5019628,0.0,0.0
2023-04-13 14:30:00-04:00,15.354999542236328,15.4399995803833,15.329999923706055,15.4399995803833,3833194,0.0,0.0
2023-04-13 15:30:00-04:00,15.4399995803833,15.449999809265137,15.380000114440918,15.390000343322754,5497480,0.0,0.0
2023-04-14 09:30:00-04:00,15.449999809265137,15.545000076293945,15.15999984741211,15.385000228881836,4630365,0.0,0.0
2023-04-14 10:30:00-04:00,15.385000228881836,15.390000343322754,15.300000190734863,15.345000267028809,1985514,0.0,0.0
2023-04-14 11:30:00-04:00,15.350000381469727,15.354999542236328,15.079999923706055,15.154999732971191,4051643,0.0,0.0
2023-04-14 12:30:00-04:00,15.149999618530273,15.1899995803833,15.0600004196167,15.154999732971191,3378608,0.0,0.0
2023-04-14 13:30:00-04:00,15.154999732971191,15.1899995803833,15.110099792480469,15.1899995803833,1685964,0.0,0.0
2023-04-14 14:30:00-04:00,15.1850004196167,15.289999961853027,15.1850004196167,15.274999618530273,4406281,0.0,0.0
2023-04-14 15:30:00-04:00,15.274999618530273,15.274999618530273,15.170000076293945,15.1899995803833,5158228,0.0,0.0
2023-04-17 09:30:00-04:00,15.069999694824219,15.289999961853027,15.050000190734863,15.125,5224675,0.0,0.0
2023-04-17 10:30:00-04:00,15.125,15.199999809265137,15.109999656677246,15.194999694824219,2471244,0.0,0.0
2023-04-17 11:30:00-04:00,15.194999694824219,15.229999542236328,15.145000457763672,15.170000076293945,1911262,0.0,0.0
2023-04-17 12:30:00-04:00,15.170000076293945,15.179200172424316,15.119999885559082,15.119999885559082,1162277,0.0,0.0
2023-04-17 13:30:00-04:00,15.125,15.130000114440918,15.085000038146973,15.119999885559082,1482288,0.0,0.0
2023-04-17 14:30:00-04:00,15.119999885559082,15.210000038146973,15.119999885559082,15.204999923706055,1272101,0.0,0.0
2023-04-17 15:30:00-04:00,15.210000038146973,15.210000038146973,15.170000076293945,15.180000305175781,2760091,0.0,0.0
2023-04-18 09:30:00-04:00,15.170000076293945,15.1899995803833,14.994999885559082,15.016200065612793,5444955,0.0,0.0
2023-04-18 10:30:00-04:00,15.015000343322754,15.09000015258789,15.0,15.055000305175781,2529111,0.0,0.0
2023-04-18 11:30:00-04:00,15.055000305175781,15.0600004196167,15.0,15.024999618530273,1137337,0.0,0.0
2023-04-18 12:30:00-04:00,15.029999732971191,15.039999961853027,14.970000267028809,15.0,2502258,0.0,0.0
2023-04-18 13:30:00-04:00,15.0,15.029999732971191,14.949999809265137,14.975000381469727,2021751,0.0,0.0
2023-04-18 14:30:00-04:00,14.975000381469727,15.0,14.9399995803833,14.975000381469727,1544825,0.0,0.0
2023-04-18 15:30:00-04:00,14.975000381469727,14.989999771118164,14.960000038146973,14.960000038146973,4060027,0.0,0.0
2023-04-19 09:30:00-04:00,14.829999923706055,14.914999961853027,14.760000228881836,14.854999542236328,4100092,0.0,0.0
2023-04-19 10:30:00-04:00,14.850000381469727,14.869999885559082,14.789999961853027,14.819999694824219,2349199,0.0,0.0
2023-04-19 11:30:00-04:00,14.8149995803833,14.850000381469727,14.800000190734863,14.84000015258789,1637519,0.0,0.0
2023-04-19 12:30:00-04:00,14.84000015258789,14.885000228881836,14.84000015258789,14.854999542236328,2161002,0.0,0.0
2023-04-19 13:30:00-04:00,14.859999656677246,14.869999885559082,14.829999923706055,14.854999542236328,1802361,0.0,0.0
2023-04-19 14:30:00-04:00,14.850000381469727,14.859999656677246,14.819999694824219,14.854999542236328,1735273,0.0,0.0
2023-04-19 15:30:00-04:00,14.854999542236328,14.859999656677246,14.8100004196167,14.829999923706055,4120507,0.0,0.0
2023-04-20 09:30:00-04:00,14.819999694824219,14.989999771118164,14.789999961853027,14.96500015258789,3103385,0.0,0.0
2023-04-20 10:30:00-04:00,14.960000038146973,14.979999542236328,14.960000038146973,14.970000267028809,1314019,0.0,0.0
2023-04-20 11:30:00-04:00,14.96500015258789,14.975000381469727,14.920000076293945,14.954999923706055,1172826,0.0,0.0
2023-04-20 12:30:00-04:00,14.954999923706055,14.979999542236328,14.949999809265137,14.975000381469727,1085395,0.0,0.0
2023-04-20 13:30:00-04:00,14.975000381469727,14.979999542236328,14.9399995803833,14.944999694824219,1106195,0.0,0.0
2023-04-20 14:30:00-04:00,14.9399995803833,14.944999694824219,14.859999656677246,14.860099792480469,1855252,0.0,0.0
2023-04-20 15:30:00-04:00,14.869999885559082,14.890000343322754,14.850000381469727,14.850000381469727,3615538,0.0,0.0
2023-04-21 09:30:00-04:00,14.90999984741211,14.960000038146973,14.864999771118164,14.920000076293945,1520301,0.0,0.0
2023-04-21 10:30:00-04:00,14.914999961853027,14.920000076293945,14.859999656677246,14.875,804322,0.0,0.0
2023-04-21 11:30:00-04:00,14.875,14.890000343322754,14.84000015258789,14.84000015258789,783731,0.0,0.0
2023-04-21 12:30:00-04:00,14.84000015258789,14.890000343322754,14.84000015258789,14.869999885559082,739219,0.0,0.0
2023-04-21 13:30:00-04:00,14.862500190734863,14.890000343322754,14.859999656677246,14.875,514638,0.0,0.0
2023-04-21 14:30:00-04:00,14.875,14.890000343322754,14.850000381469727,14.869999885559082,1096981,0.0,0.0
2023-04-21 15:30:00-04:00,14.869999885559082,14.890000343322754,14.859999656677246,14.880000114440918,1165161,0.0,0.0
2023-04-24 09:30:00-04:00,14.819999694824219,14.859999656677246,14.711999893188477,14.779999732971191,3277086,0.0,0.0
2023-04-24 10:30:00-04:00,14.774999618530273,14.78499984741211,14.71500015258789,14.75,1734047,0.0,0.0
2023-04-24 11:30:00-04:00,14.745699882507324,14.779999732971191,14.729999542236328,14.770000457763672,1213844,0.0,0.0
2023-04-24 12:30:00-04:00,14.765000343322754,14.800000190734863,14.760000228881836,14.779999732971191,943510,0.0,0.0
2023-04-24 13:30:00-04:00,14.779999732971191,14.8100004196167,14.770000457763672,14.795000076293945,1159862,0.0,0.0
2023-04-24 14:30:00-04:00,14.800000190734863,14.829999923706055,14.779999732971191,14.8149995803833,1099645,0.0,0.0
2023-04-24 15:30:00-04:00,14.8149995803833,14.84000015258789,14.800000190734863,14.824999809265137,1981331,0.0,0.0
2023-04-25 09:30:00-04:00,14.880000114440918,14.880000114440918,14.800000190734863,14.84000015258789,2334834,0.0,0.0
2023-04-25 10:30:00-04:00,14.845000267028809,14.850000381469727,14.800000190734863,14.824999809265137,1553160,0.0,0.0
2023-04-25 11:30:00-04:00,14.824999809265137,14.84000015258789,14.8100004196167,14.824999809265137,962541,0.0,0.0
2023-04-25 12:30:00-04:00,14.829999923706055,14.84000015258789,14.779999732971191,14.8149995803833,1477254,0.0,0.0
2023-04-25 13:30:00-04:00,14.8149995803833,14.829999923706055,14.800000190734863,14.805000305175781,855018,0.0,0.0
2023-04-25 14:30:00-04:00,14.8100004196167,14.850000381469727,14.789999961853027,14.824999809265137,1722487,0.0,0.0
2023-04-25 15:30:00-04:00,14.824999809265137,14.84000015258789,14.779999732971191,14.779999732971191,3325907,0.0,0.0
2023-04-26 09:30:00-04:00,14.829999923706055,14.949999809265137,14.779999732971191,14.880000114440918,2606726,0.0,0.0
2023-04-26 10:30:00-04:00,14.880000114440918,14.920000076293945,14.869999885559082,14.875,1747777,0.0,0.0
2023-04-26 11:30:00-04:00,14.875,14.9399995803833,14.859999656677246,14.925000190734863,1088545,0.0,0.0
2023-04-26 12:30:00-04:00,14.925000190734863,14.930000305175781,14.864999771118164,14.880000114440918,882738,0.0,0.0
2023-04-26 13:30:00-04:00,14.875,14.880000114440918,14.84000015258789,14.880000114440918,1032631,0.0,0.0
2023-04-26 14:30:00-04:00,14.875,14.880000114440918,14.84000015258789,14.859999656677246,1032056,0.0,0.0
2023-04-26 15:30:00-04:00,14.859999656677246,14.890000343322754,14.850000381469727,14.854999542236328,1565879,0.0,0.0
2023-04-27 09:30:00-04:00,15.079999923706055,15.220000267028809,15.079999923706055,15.1899995803833,2637167,0.0,0.0
2023-04-27 10:30:00-04:00,15.1850004196167,15.260000228881836,15.170000076293945,15.244999885559082,1413678,0.0,0.0
2023-04-27 11:30:00-04:00,15.244999885559082,15.3100004196167,15.244999885559082,15.28499984741211,1483560,0.0,0.0
2023-04-27 12:30:00-04:00,15.289999961853027,15.289999961853027,15.239999771118164,15.25,981964,0.0,0.0
2023-04-27 13:30:00-04:00,15.25,15.270000457763672,15.229999542236328,15.234999656677246,993116,0.0,0.0
2023-04-27 14:30:00-04:00,15.239999771118164,15.319999694824219,15.229999542236328,15.3149995803833,1529072,0.0,0.0
2023-04-27 15:30:00-04:00,15.319999694824219,15.34000015258789,15.289999961853027,15.3100004196167,1983455,0.0,0.0
2023-04-28 09:30:00-04:00,15.260000228881836,15.425000190734863,15.260000228881836,15.420000076293945,2018466,0.0,0.0
2023-04-28 10:30:00-04:00,15.420000076293945,15.430000305175781,15.364999771118164,15.404999732971191,2345672,0.0,0.0
2023-04-28 11:30:00-04:00,15.404999732971191,15.4399995803833,15.399999618530273,15.427300453186035,890387,0.0,0.0
2023-04-28 12:30:00-04:00,15.425000190734863,15.470000267028809,15.425000190734863,15.460000038146973,638357,0.0,0.0
2023-04-28 13:30:00-04:00,15.454999923706055,15.5,15.4399995803833,15.484999656677246,1051317,0.0,0.0
2023-04-28 14:30:00-04:00,15.484999656677246,15.489999771118164,15.449999809265137,15.484999656677246,1467871,0.0,0.0
2023-04-28 15:30:00-04:00,15.484999656677246,15.550000190734863,15.470000267028809,15.539999961853027,2458068,0.0,0.0
2023-05-01 09:30:00-04:00,15.5,15.524999618530273,15.430000305175781,15.444999694824219,1268924,0.0,0.0
2023-05-01 10:30:00-04:00,15.449999809265137,15.489999771118164,15.430000305175781,15.449999809265137,901369,0.0,0.0
2023-05-01 11:30:00-04:00,15.444999694824219,15.508500099182129,15.4399995803833,15.505000114440918,1039357,0.0,0.0
2023-05-01 12:30:00-04:00,15.505000114440918,15.510000228881836,15.489999771118164,15.494999885559082,624151,0.0,0.0
2023-05-01 13:30:00-04:00,15.489999771118164,15.494999885559082,15.460000038146973,15.46500015258789,640038,0.0,0.0
2023-05-01 14:30:00-04:00,15.46500015258789,15.479999542236328,15.4399995803833,15.475000381469727,565507,0.0,0.0
2023-05-01 15:30:00-04:00,15.475799560546875,15.489999771118164,15.449999809265137,15.489999771118164,2183999,0.0,0.0
2023-05-02 09:30:00-04:00,15.479999542236328,15.5600004196167,15.375,15.375,2222852,0.0,0.0
2023-05-02 10:30:00-04:00,15.385000228881836,15.420000076293945,15.359999656677246,15.404999732971191,2069394,0.0,0.0
2023-05-02 11:30:00-04:00,15.404999732971191,15.470000267028809,15.399999618530273,15.46500015258789,1954583,0.0,0.0
2023-05-02 12:30:00-04:00,15.470000267028809,15.520000457763672,15.460000038146973,15.515000343322754,780600,0.0,0.0
2023-05-02 13:30:00-04:00,15.515000343322754,15.569999694824219,15.510000228881836,15.524999618530273,772568,0.0,0.0
2023-05-02 14:30:00-04:00,15.520000457763672,15.550000190734863,15.510000228881836,15.550000190734863,783420,0.0,0.0
2023-05-02 15:30:00-04:00,15.550000190734863,15.550000190734863,15.520000457763672,15.529999732971191,1493192,0.0,0.0
2023-05-03 09:30:00-04:00,15.520000457763672,15.579999923706055,15.460000038146973,15.46500015258789,1728357,0.0,0.0
2023-05-03 10:30:00-04:00,15.46500015258789,15.5,15.4399995803833,15.484999656677246,1028334,0.0,0.0
2023-05-03 11:30:00-04:00,15.479999542236328,15.479999542236328,15.430000305175781,15.444999694824219,750492,0.0,0.0
2023-05-03 12:30:00-04:00,15.444999694824219,15.449999809265137,15.414999961853027,15.4375,586083,0.0,0.0
2023-05-03 13:30:00-04:00,15.4350004196167,15.520000457763672,15.420000076293945,15.505000114440918,878402,0.0,0.0
2023-05-03 14:30:00-04:00,15.505000114440918,15.555000305175781,15.380000114440918,15.380000114440918,2023823,0.0,0.0
2023-05-03 15:30:00-04:00,15.380000114440918,15.40999984741211,15.350000381469727,15.380000114440918,2071717,0.0,0.0
2023-05-04 09:30:00-04:00,15.380000114440918,15.449999809265137,15.289999961853027,15.319999694824219,2235132,0.0,0.0
2023-05-04 10:30:00-04:00,15.3100004196167,15.359999656677246,15.3100004196167,15.324999809265137,2018212,0.0,0.0
2023-05-04 11:30:00-04:00,15.324999809265137,15.359999656677246,15.319999694824219,15.354999542236328,802911,0.0,0.0
2023-05-04 12:30:00-04:00,15.359999656677246,15.390000343322754,15.350000381469727,15.375,841476,0.0,0.0
2023-05-04 13:30:00-04:00,15.375,15.388500213623047,15.319999694824219,15.324999809265137,887820,0.0,0.0
2023-05-04 14:30:00-04:00,15.324999809265137,15.335000038146973,15.289999961853027,15.3149995803833,1589112,0.0,0.0
2023-05-04 15:30:00-04:00,15.3149995803833,15.350000381469727,15.289999961853027,15.305000305175781,3514157,0.0,0.0
2023-05-05 09:30:00-04:00,15.239999771118164,15.274999618530273,15.204999923706055,15.225000381469727,1862090,0.0,0.0
2023-05-05 10:30:00-04:00,15.225000381469727,15.25,15.220000267028809,15.239999771118164,1007273,0.0,0.0
2023-05-05 11:30:00-04:00,15.244999885559082,15.25,15.1899995803833,15.194999694824219,936204,0.0,0.0
2023-05-05 12:30:00-04:00,15.1899995803833,15.220000267028809,15.170000076293945,15.199999809265137,1379742,0.0,0.0
2023-05-05 13:30:00-04:00,15.194999694824219,15.229999542236328,15.170000076293945,15.1850004196167,2326028,0.0,0.0
2023-05-05 14:30:00-04:00,15.1850004196167,15.260000228881836,15.1850004196167,15.244999885559082,1369950,0.0,0.0
2023-05-05 15:30:00-04:00,15.244999885559082,15.260000228881836,15.239999771118164,15.25,1778966,0.0,0.0
2023-05-08 09:30:00-04:00,15.350000381469727,15.350000381469727,15.279999732971191,15.295000076293945,1348903,0.0,0.0
2023-05-08 10:30:00-04:00,15.295000076293945,15.350000381469727,15.289999961853027,15.34000015258789,964573,0.0,0.0
2023-05-08 11:30:00-04:00,15.34000015258789,15.369999885559082,15.289999961853027,15.300000190734863,969806,0.0,0.0
2023-05-08 12:30:00-04:00,15.305000305175781,15.329999923706055,15.300000190734863,15.305000305175781,1022860,0.0,0.0
2023-05-08 13:30:00-04:00,15.305000305175781,15.329999923706055,15.289999961853027,15.3149995803833,1644717,0.0,0.0
2023-05-08 14:30:00-04:00,15.3149995803833,15.319999694824219,15.279999732971191,15.28499984741211,748534,0.0,0.0
2023-05-08 15:30:00-04:00,15.28499984741211,15.289999961853027,15.25,15.260000228881836,3444068,0.0,0.0
2023-05-09 09:30:00-04:00,15.25,15.289999961853027,15.229999542236328,15.25,2250940,0.0,0.0
2023-05-09 10:30:00-04:00,15.244999885559082,15.289999961853027,15.210000038146973,15.210000038146973,1288145,0.0,0.0
2023-05-09 11:30:00-04:00,15.210000038146973,15.25,15.210000038146973,15.234999656677246,1468687,0.0,0.0
2023-05-09 12:30:00-04:00,15.234999656677246,15.255000114440918,15.210000038146973,15.220000267028809,1075554,0.0,0.0
2023-05-09 13:30:00-04:00,15.215999603271484,15.239999771118164,15.210000038146973,15.239999771118164,1614306,0.0,0.0
2023-05-09 14:30:00-04:00,15.234999656677246,15.260000228881836,15.229999542236328,15.255000114440918,2078320,0.0,0.0
2023-05-09 15:30:00-04:00,15.255000114440918,15.289999961853027,15.25,15.279999732971191,2293287,0.0,0.0
2023-05-10 09:30:00-04:00,15.270000457763672,15.289999961853027,15.180999755859375,15.210000038146973,3140043,0.0,0.0
2023-05-10 10:30:00-04:00,15.210000038146973,15.279999732971191,15.204999923706055,15.260000228881836,1560921,0.0,0.0
2023-05-10 11:30:00-04:00,15.265000343322754,15.279999732971191,15.229999542236328,15.2475004196167,1548195,0.0,0.0
2023-05-10 12:30:00-04:00,15.244999885559082,15.25,15.180000305175781,15.1850004196167,1570144,0.0,0.0
2023-05-10 13:30:00-04:00,15.1850004196167,15.229999542236328,15.180000305175781,15.204999923706055,1789159,0.0,0.0
2023-05-10 14:30:00-04:00,15.204999923706055,15.319999694824219,15.199999809265137,15.3149995803833,2005452,0.0,0.0
2023-05-10 15:30:00-04:00,15.3100004196167,15.34000015258789,15.279999732971191,15.289999961853027,3288259,0.0,0.0
2023-05-11 09:30:00-04:00,15.199999809265137,15.199999809265137,15.069999694824219,15.100000381469727,2045437,0.0,0.0
2023-05-11 10:30:00-04:00,15.109999656677246,15.119999885559082,15.010000228881836,15.024999618530273,2233279,0.0,0.0
2023-05-11 11:30:00-04:00,15.020000457763672,15.074999809265137,15.020000457763672,15.050000190734863,1631974,0.0,0.0
2023-05-11 12:30:00-04:00,15.055000305175781,15.0600004196167,15.020000457763672,15.020000457763672,1631917,0.0,0.0
2023-05-11 13:30:00-04:00,15.024999618530273,15.050000190734863,15.015000343322754,15.039999961853027,1667262,0.0,0.0
2023-05-11 14:30:00-04:00,15.039999961853027,15.100000381469727,15.029999732971191,15.095000267028809,2579274,0.0,0.0
2023-05-11 15:30:00-04:00,15.100000381469727,15.100000381469727,15.029999732971191,15.029999732971191,3506652,0.0,0.0
2023-05-12 09:30:00-04:00,15.0,15.050000190734863,14.979999542236328,15.039999961853027,1761949,0.0,0.0
2023-05-12 10:30:00-04:00,15.039999961853027,15.045000076293945,15.010000228881836,15.020000457763672,1020268,0.0,0.0
2023-05-12 11:30:00-04:00,15.024999618530273,15.0600004196167,15.020000457763672,15.029999732971191,916267,0.0,0.0
2023-05-12 12:30:00-04:00,15.03499984741211,15.100000381469727,15.029999732971191,15.095000267028809,1219937,0.0,0.0
2023-05-12 13:30:00-04:00,15.09000015258789,15.109999656677246,15.029999732971191,15.039999961853027,1358299,0.0,0.0
2023-05-12 14:30:00-04:00,15.045000076293945,15.050000190734863,15.020000457763672,15.029999732971191,1767425,0.0,0.0
2023-05-12 15:30:00-04:00,15.029999732971191,15.079999923706055,15.029999732971191,15.069999694824219,2449063,0.0,0.0
2023-05-15 09:30:00-04:00,15.130000114440918,15.199999809265137,15.079999923706055,15.1899995803833,1511592,0.0,0.0
2023-05-15 10:30:00-04:00,15.1899995803833,15.260000228881836,15.180000305175781,15.255000114440918,694780,0.0,0.0
2023-05-15 11:30:00-04:00,15.25,15.319999694824219,15.244999885559082,15.3149995803833,1031494,0.0,0.0
2023-05-15 12:30:00-04:00,15.3149995803833,15.380000114440918,15.3100004196167,15.335000038146973,957206,0.0,0.0
2023-05-15 13:30:00-04:00,15.335000038146973,15.34000015258789,15.3100004196167,15.34000015258789,633870,0.0,0.0
2023-05-15 14:30:00-04:00,15.335000038146973,15.34000015258789,15.291299819946289,15.305000305175781,1093979,0.0,0.0
2023-05-15 15:30:00-04:00,15.305000305175781,15.34000015258789,15.289999961853027,15.335000038146973,2415302,0.0,0.0
2023-05-16 09:30:00-04:00,15.244999885559082,15.279999732971191,15.130000114440918,15.145000457763672,2803748,0.0,0.0
2023-05-16 10:30:00-04:00,15.145000457763672,15.180000305175781,15.140000343322754,15.164999961853027,1434106,0.0,0.0
2023-05-16 11:30:00-04:00,15.15999984741211,15.164999961853027,15.119999885559082,15.154999732971191,1477942,0.0,0.0
2023-05-16 12:30:00-04:00,15.154999732971191,15.170000076293945,15.119999885559082,15.135000228881836,1350376,0.0,0.0
2023-05-16 13:30:00-04:00,15.135000228881836,15.149999618530273,15.109999656677246,15.125,1621225,0.0,0.0
2023-05-16 14:30:00-04:00,15.125,15.140000343322754,15.100000381469727,15.135000228881836,1676238,0.0,0.0
2023-05-16 15:30:00-04:00,15.135000228881836,15.140000343322754,15.100000381469727,15.119999885559082,2181523,0.0,0.0
2023-05-17 09:30:00-04:00,15.0,15.100000381469727,15.0,15.03499984741211,996636,0.0,0.0
2023-05-17 10:30:00-04:00,15.029999732971191,15.0649995803833,15.020000457763672,15.050000190734863,973819,0.0,0.0
2023-05-17 11:30:00-04:00,15.055000305175781,15.170000076293945,15.050000190734863,15.154999732971191,974541,0.0,0.0
2023-05-17 12:30:00-04:00,15.154999732971191,15.220000267028809,15.150899887084961,15.21500015258789,880406,0.0,0.0
2023-05-17 13:30:00-04:00,15.21500015258789,15.220000267028809,15.175000190734863,15.210000038146973,809995,0.0,0.0
2023-05-17 14:30:00-04:00,15.21500015258789,15.220000267028809,15.180000305175781,15.194999694824219,755242,0.0,0.0
2023-05-17 15:30:00-04:00,15.194999694824219,15.21500015258789,15.175000190734863,15.197500228881836,1774389,0.0,0.0
2023-05-18 09:30:00-04:00,15.09000015258789,15.154999732971191,15.069999694824219,15.104999542236328,1107384,0.0,0.0
2023-05-18 10:30:00-04:00,15.109999656677246,15.149999618530273,15.104999542236328,15.145000457763672,1194057,0.0,0.0
2023-05-18 11:30:00-04:00,15.145000457763672,15.15999984741211,15.109999656677246,15.114999771118164,698774,0.0,0.0
2023-05-18 12:30:00-04:00,15.114999771118164,15.145000457763672,15.109999656677246,15.130000114440918,768166,0.0,0.0
2023-05-18 13:30:00-04:00,15.125,15.135000228881836,15.079999923706055,15.104999542236328,798451,0.0,0.0
2023-05-18 14:30:00-04:00,15.104999542236328,15.119999885559082,15.079999923706055,15.114999771118164,1018768,0.0,0.0
2023-05-18 15:30:00-04:00,15.119999885559082,15.170000076293945,15.114999771118164,15.140000343322754,3479423,0.0,0.0
2023-05-19 09:30:00-04:00,15.289999961853027,15.369999885559082,15.239999771118164,15.354999542236328,1749379,0.0,0.0
2023-05-19 10:30:00-04:00,15.350000381469727,15.399999618530273,15.350000381469727,15.354999542236328,1536928,0.0,0.0
2023-05-19 11:30:00-04:00,15.354999542236328,15.359999656677246,15.289999961853027,15.300000190734863,689641,0.0,0.0
2023-05-19 12:30:00-04:00,15.302499771118164,15.317000389099121,15.279999732971191,15.3100004196167,449374,0.0,0.0
2023-05-19 13:30:00-04:00,15.300000190734863,15.3100004196167,15.279999732971191,15.279999732971191,460289,0.0,0.0
2023-05-19 14:30:00-04:00,15.28499984741211,15.289999961853027,15.260000228881836,15.274999618530273,552317,0.0,0.0
2023-05-19 15:30:00-04:00,15.274999618530273,15.279999732971191,15.25,15.255000114440918,1495732,0.0,0.0
2023-05-22 09:30:00-04:00,15.489999771118164,15.569999694824219,15.470000267028809,15.5649995803833,1791328,0.0,0.0
2023-05-22 10:30:00-04:00,15.5649995803833,15.579999923706055,15.550000190734863,15.574999809265137,855309,0.0,0.0
2023-05-22 11:30:00-04:00,15.574999809265137,15.630000114440918,15.574999809265137,15.609999656677246,753566,0.0,0.0
2023-05-22 12:30:00-04:00,15.609999656677246,15.710000038146973,15.609999656677246,15.704999923706055,1322179,0.0,0.0
2023-05-22 13:30:00-04:00,15.704999923706055,15.725000381469727,15.699999809265137,15.725000381469727,777756,0.0,0.0
2023-05-22 14:30:00-04:00,15.725000381469727,15.725000381469727,15.670000076293945,15.675000190734863,1264708,0.0,0.0
2023-05-22 15:30:00-04:00,15.675000190734863,15.680000305175781,15.649999618530273,15.658100128173828,2578408,0.0,0.0
2023-05-23 09:30:00-04:00,15.5600004196167,15.640000343322754,15.529999732971191,15.585000038146973,1775834,0.0,0.0
2023-05-23 10:30:00-04:00,15.59000015258789,15.628600120544434,15.579999923706055,15.614999771118164,1071397,0.0,0.0
2023-05-23 11:30:00-04:00,15.619099617004395,15.619099617004395,15.550000190734863,15.550000190734863,547711,0.0,0.0
2023-05-23 12:30:00-04:00,15.550000190734863,15.577500343322754,15.505000114440918,15.5649995803833,563955,0.0,0.0
2023-05-23 13:30:00-04:00,15.5600004196167,15.574999809265137,15.510000228881836,15.53499984741211,617125,0.0,0.0
2023-05-23 14:30:00-04:00,15.53499984741211,15.5600004196167,15.51200008392334,15.550000190734863,891967,0.0,0.0
2023-05-23 15:30:00-04:00,15.555000305175781,15.5600004196167,15.524999618530273,15.53499984741211,1337444,0.0,0.0
2023-05-24 09:30:00-04:00,15.600000381469727,15.625,15.489999771118164,15.555000305175781,1081507,0.0,0.0
2023-05-24 10:30:00-04:00,15.555000305175781,15.640000343322754,15.550000190734863,15.625,707210,0.0,0.0
2023-05-24 11:30:00-04:00,15.630000114440918,15.630000114440918,15.5600004196167,15.569999694824219,583781,0.0,0.0
2023-05-24 12:30:00-04:00,15.574999809265137,15.609999656677246,15.569999694824219,15.604999542236328,594354,0.0,0.0
2023-05-24 13:30:00-04:00,15.600000381469727,15.635000228881836,15.600000381469727,15.619999885559082,627681,0.0,0.0
2023-05-24 14:30:00-04:00,15.614999771118164,15.630000114440918,15.579999923706055,15.625,618076,0.0,0.0
2023-05-24 15:30:00-04:00,15.625,15.640000343322754,15.5600004196167,15.5600004196167,1342268,0.0,0.0
2023-05-25 09:30:00-04:00,15.739999771118164,15.760000228881836,15.550000190734863,15.574999809265137,1224301,0.0,0.0
2023-05-25 10:30:00-04:00,15.574999809265137,15.595000267028809,15.5600004196167,15.5600004196167,519278,0.0,0.0
2023-05-25 11:30:00-04:00,15.5600004196167,15.640000343322754,15.520000457763672,15.625,1193697,0.0,0.0
2023-05-25 12:30:00-04:00,15.625,15.649999618530273,15.604999542236328,15.619999885559082,553185,0.0,0.0
2023-05-25 13:30:00-04:00,15.619999885559082,15.680000305175781,15.619999885559082,15.675000190734863,719788,0.0,0.0
2023-05-25 14:30:00-04:00,15.670000076293945,15.6850004196167,15.625,15.675000190734863,805071,0.0,0.0
2023-05-25 15:30:00-04:00,15.675000190734863,15.6899995803833,15.640000343322754,15.65999984741211,2093172,0.0,0.0
2023-05-26 09:30:00-04:00,15.8100004196167,15.9350004196167,15.789999961853027,15.925000190734863,2096784,0.0,0.0
2023-05-26 10:30:00-04:00,15.930000305175781,15.9399995803833,15.850000381469727,15.869999885559082,790064,0.0,0.0
2023-05-26 11:30:00-04:00,15.864999771118164,15.890000343322754,15.859999656677246,15.869999885559082,509946,0.0,0.0
2023-05-26 12:30:00-04:00,15.869999885559082,15.890000343322754,15.840900421142578,15.854999542236328,535827,0.0,0.0
2023-05-26 13:30:00-04:00,15.854999542236328,15.864999771118164,15.8149995803833,15.862500190734863,648071,0.0,0.0
2023-05-26 14:30:00-04:00,15.864999771118164,15.885000228881836,15.859999656677246,15.869999885559082,523471,0.0,0.0
2023-05-26 15:30:00-04:00,15.864999771118164,15.880000114440918,15.859999656677246,15.869999885559082,1032885,0.0,0.0
2023-05-30 09:30:00-04:00,15.920000076293945,15.9399995803833,15.829999923706055,15.90999984741211,1292720,0.0,0.0
2023-05-30 10:30:00-04:00,15.899999618530273,15.914999961853027,15.875,15.90999984741211,980952,0.0,0.0
2023-05-30 11:30:00-04:00,15.899999618530273,15.920000076293945,15.880000114440918,15.90999984741211,563481,0.0,0.0
2023-05-30 12:30:00-04:00,15.914999961853027,15.944999694824219,15.890000343322754,15.925000190734863,706683,0.0,0.0
2023-05-30 13:30:00-04:00,15.925000190734863,15.939000129699707,15.890000343322754,15.904999732971191,544744,0.0,0.0
2023-05-30 14:30:00-04:00,15.904999732971191,15.90999984741211,15.880000114440918,15.890000343322754,663568,0.0,0.0
2023-05-30 15:30:00-04:00,15.890000343322754,15.90999984741211,15.880000114440918,15.90999984741211,1262026,0.0,0.0
2023-05-31 09:30:00-04:00,15.800000190734863,16.010000228881836,15.800000190734863,15.925000190734863,2451882,0.0,0.0
2023-05-31 10:30:00-04:00,15.930000305175781,15.9350004196167,15.859999656677246,15.864999771118164,956620,0.0,0.0
2023-05-31 11:30:00-04:00,15.864999771118164,15.899999618530273,15.859999656677246,15.875,705331,0.0,0.0
2023-05-31 12:30:00-04:00,15.875,15.890000343322754,15.859999656677246,15.885000228881836,566811,0.0,0.0
2023-05-31 13:30:00-04:00,15.885000228881836,15.960000038146973,15.880000114440918,15.949999809265137,844044,0.0,0.0
2023-05-31 14:30:00-04:00,15.949999809265137,15.970000267028809,15.9399995803833,15.960000038146973,911453,0.0,0.0
2023-05-31 15:30:00-04:00,15.960000038146973,15.970000267028809,15.949999809265137,15.949999809265137,1466139,0.0,0.0
2023-06-01 09:30:00-04:00,15.789999961853027,15.805000305175781,15.670000076293945,15.710000038146973,1454365,0.0,0.0
2023-06-01 10:30:00-04:00,15.699999809265137,15.739999771118164,15.699999809265137,15.729999542236328,591838,0.0,0.0
2023-06-01 11:30:00-04:00,15.729999542236328,15.835000038146973,15.729999542236328,15.824999809265137,832239,0.0,0.0
2023-06-01 12:30:00-04:00,15.824999809265137,15.859999656677246,15.8100004196167,15.845000267028809,1024156,0.0,0.0
2023-06-01 13:30:00-04:00,15.850000381469727,15.895000457763672,15.844099998474121,15.875,1065975,0.0,0.0
2023-06-01 14:30:00-04:00,15.875,15.899999618530273,15.850000381469727,15.859999656677246,964484,0.0,0.0
2023-06-01 15:30:00-04:00,15.859999656677246,15.864999771118164,15.819999694824219,15.824999809265137,1737388,0.0,0.0
2023-06-02 09:30:00-04:00,15.710000038146973,15.867500305175781,15.699999809265137,15.710000038146973,1740037,0.0,0.0
2023-06-02 10:30:00-04:00,15.71500015258789,15.789999961853027,15.699999809265137,15.78499984741211,782614,0.0,0.0
2023-06-02 11:30:00-04:00,15.779999732971191,15.819999694824219,15.770000457763672,15.8100004196167,906842,0.0,0.0
2023-06-02 12:30:00-04:00,15.805000305175781,15.819999694824219,15.779999732971191,15.805000305175781,969569,0.0,0.0
2023-06-02 13:30:00-04:00,15.800000190734863,15.819999694824219,15.789999961853027,15.805000305175781,588612,0.0,0.0
2023-06-02 14:30:00-04:00,15.805000305175781,15.819999694824219,15.789999961853027,15.789999961853027,616390,0.0,0.0
2023-06-02 15:30:00-04:00,15.789999961853027,15.829999923706055,15.770000457763672,15.789999961853027,1501127,0.0,0.0
2023-06-05 09:30:00-04:00,15.670000076293945,15.710000038146973,15.34000015258789,15.40999984741211,3630901,0.0,0.0
2023-06-05 10:30:00-04:00,15.420000076293945,15.475000381469727,15.40999984741211,15.420000076293945,1244212,0.0,0.0
2023-06-05 11:30:00-04:00,15.420000076293945,15.420000076293945,15.380000114440918,15.418600082397461,1821650,0.0,0.0
2023-06-05 12:30:00-04:00,15.420000076293945,15.4399995803833,15.390000343322754,15.40999984741211,1227907,0.0,0.0
2023-06-05 13:30:00-04:00,15.40999984741211,15.479999542236328,15.390000343322754,15.46500015258789,1915547,0.0,0.0
2023-06-05 14:30:00-04:00,15.46500015258789,15.46500015258789,15.39009952545166,15.444999694824219,1827409,0.0,0.0
2023-06-05 15:30:00-04:00,15.449999809265137,15.460000038146973,15.390000343322754,15.397299766540527,2769301,0.0,0.0
2023-06-06 09:30:00-04:00,15.3100004196167,15.550000190734863,15.260000228881836,15.53499984741211,1739139,0.0,0.0
2023-06-06 10:30:00-04:00,15.53499984741211,15.609999656677246,15.529999732971191,15.609999656677246,1294617,0.0,0.0
2023-06-06 11:30:00-04:00,15.609999656677246,15.630000114440918,15.5600004196167,15.585000038146973,1045436,0.0,0.0
2023-06-06 12:30:00-04:00,15.59000015258789,15.609999656677246,15.550000190734863,15.5649995803833,688613,0.0,0.0
2023-06-06 13:30:00-04:00,15.5649995803833,15.670000076293945,15.550000190734863,15.670000076293945,1525383,0.0,0.0
2023-06-06 14:30:00-04:00,15.670000076293945,15.670000076293945,15.609999656677246,15.625,1173408,0.0,0.0
2023-06-06 15:30:00-04:00,15.625,15.645000457763672,15.579999923706055,15.640000343322754,3098168,0.0,0.0
2023-06-07 09:30:00-04:00,15.635000228881836,15.670000076293945,15.539999961853027,15.550000190734863,1250655,0.0,0.0
2023-06-07 10:30:00-04:00,15.550000190734863,15.619999885559082,15.529999732971191,15.604999542236328,1203809,0.0,0.0
2023-06-07 11:30:00-04:00,15.600000381469727,15.635000228881836,15.569999694824219,15.574999809265137,811053,0.0,0.0
2023-06-07 12:30:00-04:00,15.574999809265137,15.59000015258789,15.550000190734863,15.585000038146973,593566,0.0,0.0
2023-06-07 13:30:00-04:00,15.585000038146973,15.649999618530273,15.579999923706055,15.645000457763672,429503,0.0,0.0
2023-06-07 14:30:00-04:00,15.645000457763672,15.699999809265137,15.640000343322754,15.6899995803833,735665,0.0,0.0
2023-06-07 15:30:00-04:00,15.6850004196167,15.699999809265137,15.630000114440918,15.640000343322754,1977520,0.0,0.0
2023-06-08 09:30:00-04:00,15.569999694824219,15.649999618530273,15.390000343322754,15.454999923706055,2525738,0.0,0.0
2023-06-08 10:30:00-04:00,15.454999923706055,15.510000228881836,15.420000076293945,15.425000190734863,1439499,0.0,0.0
2023-06-08 11:30:00-04:00,15.425000190734863,15.470000267028809,15.390000343322754,15.46500015258789,1455809,0.0,0.0
2023-06-08 12:30:00-04:00,15.46500015258789,15.470000267028809,15.4350004196167,15.4399995803833,1010044,0.0,0.0
2023-06-08 13:30:00-04:00,15.4350004196167,15.449999809265137,15.420000076293945,15.449199676513672,979375,0.0,0.0
2023-06-08 14:30:00-04:00,15.449999809265137,15.479999542236328,15.4399995803833,15.479999542236328,1044777,0.0,0.0
2023-06-08 15:30:00-04:00,15.479999542236328,15.479999542236328,15.4399995803833,15.4399995803833,1420545,0.0,0.0
2023-06-09 09:30:00-04:00,15.319999694824219,15.515000343322754,15.300000190734863,15.494999885559082,2506055,0.0,0.0
2023-06-09 10:30:00-04:00,15.494999885559082,15.5,15.430000305175781,15.430000305175781,740743,0.0,0.0
2023-06-09 11:30:00-04:00,15.430000305175781,15.470000267028809,15.40999984741211,15.454999923706055,591662,0.0,0.0
2023-06-09 12:30:00-04:00,15.454999923706055,15.5,15.449999809265137,15.494999885559082,481036,0.0,0.0
2023-06-09 13:30:00-04:00,15.494999885559082,15.505000114440918,15.479999542236328,15.483200073242188,901630,0.0,0.0
2023-06-09 14:30:00-04:00,15.484999656677246,15.510000228881836,15.449999809265137,15.46500015258789,1253914,0.0,0.0
2023-06-09 15:30:00-04:00,15.460000038146973,15.46500015258789,15.4399995803833,15.460000038146973,1584315,0.0,0.0
2023-06-12 09:30:00-04:00,15.635000228881836,15.779999732971191,15.619999885559082,15.765000343322754,1849606,0.0,0.0
2023-06-12 10:30:00-04:00,15.770000457763672,15.829999923706055,15.729999542236328,15.8149995803833,1501398,0.0,0.0
2023-06-12 11:30:00-04:00,15.8149995803833,15.819999694824219,15.75,15.765000343322754,920354,0.0,0.0
2023-06-12 12:30:00-04:00,15.760000228881836,15.779999732971191,15.729999542236328,15.729999542236328,572552,0.0,0.0
2023-06-12 13:30:00-04:00,15.734999656677246,15.789999961853027,15.725000381469727,15.779999732971191,523851,0.0,0.0
2023-06-12 14:30:00-04:00,15.78499984741211,15.829999923706055,15.779999732971191,15.8149995803833,1478705,0.0,0.0
2023-06-12 15:30:00-04:00,15.8149995803833,15.84000015258789,15.800000190734863,15.8100004196167,2307201,0.0,0.0
2023-06-13 09:30:00-04:00,15.930000305175781,15.9350004196167,15.789999961853027,15.835000038146973,993892,0.0,0.0
2023-06-13 10:30:00-04:00,15.835000038146973,15.84000015258789,15.800000190734863,15.8149995803833,419287,0.0,0.0
2023-06-13 11:30:00-04:00,15.8149995803833,15.819999694824219,15.699999809265137,15.755000114440918,813998,0.0,0.0
2023-06-13 12:30:00-04:00,15.755000114440918,15.779999732971191,15.729999542236328,15.75,478235,0.0,0.0
2023-06-13 13:30:00-04:00,15.75,15.8149995803833,15.739999771118164,15.789999961853027,1233907,0.0,0.0
2023-06-13 14:30:00-04:00,15.789999961853027,15.859999656677246,15.771699905395508,15.845000267028809,832928,0.0,0.0
2023-06-13 15:30:00-04:00,15.850000381469727,15.869999885559082,15.829999923706055,15.850000381469727,809387,0.0,0.0
2023-06-14 09:30:00-04:00,15.800000190734863,15.869999885559082,15.789999961853027,15.864999771118164,1673760,0.0,0.0
2023-06-14 10:30:00-04:00,15.869999885559082,15.890000343322754,15.779999732971191,15.859999656677246,1455117,0.0,0.0
2023-06-14 11:30:00-04:00,15.854999542236328,15.859999656677246,15.8100004196167,15.850000381469727,738619,0.0,0.0
2023-06-14 12:30:00-04:00,15.854999542236328,15.859999656677246,15.704999923706055,15.704999923706055,1168077,0.0,0.0
2023-06-14 13:30:00-04:00,15.704999923706055,15.710000038146973,15.489999771118164,15.545000076293945,3357559,0.0,0.0
2023-06-14 14:30:00-04:00,15.545000076293945,15.619999885559082,15.53499984741211,15.585000038146973,2151764,0.0,0.0
2023-06-14 15:30:00-04:00,15.585000038146973,15.59000015258789,15.520000457763672,15.5600004196167,4433755,0.0,0.0
2023-06-15 09:30:00-04:00,15.470000267028809,15.5600004196167,15.40999984741211,15.555000305175781,1053073,0.0,0.0
2023-06-15 10:30:00-04:00,15.550000190734863,15.585000038146973,15.510000228881836,15.585000038146973,893714,0.0,0.0
2023-06-15 11:30:00-04:00,15.585000038146973,15.614999771118164,15.5600004196167,15.581299781799316,564522,0.0,0.0
2023-06-15 12:30:00-04:00,15.585000038146973,15.600000381469727,15.5600004196167,15.595000267028809,539849,0.0,0.0
2023-06-15 13:30:00-04:00,15.59000015258789,15.630000114440918,15.59000015258789,15.600000381469727,714344,0.0,0.0
2023-06-15 14:30:00-04:00,15.600000381469727,15.640000343322754,15.59000015258789,15.625,2116097,0.0,0.0
2023-06-15 15:30:00-04:00,15.625,15.65999984741211,15.600000381469727,15.625,3261238,0.0,0.0
2023-06-16 09:30:00-04:00,15.739999771118164,15.770000457763672,15.65999984741211,15.71500015258789,1221680,0.0,0.0
2023-06-16 10:30:00-04:00,15.71500015258789,15.729999542236328,15.640000343322754,15.65999984741211,849625,0.0,0.0
2023-06-16 11:30:00-04:00,15.65999984741211,15.75,15.654999732971191,15.75,868145,0.0,0.0
2023-06-16 12:30:00-04:00,15.748700141906738,15.789999961853027,15.739999771118164,15.770000457763672,567299,0.0,0.0
2023-06-16 13:30:00-04:00,15.770000457763672,15.800000190734863,15.75,15.800000190734863,813570,0.0,0.0
2023-06-16 14:30:00-04:00,15.800000190734863,15.805000305175781,15.760000228881836,15.779999732971191,2035847,0.0,0.0
2023-06-16 15:30:00-04:00,15.779999732971191,15.859999656677246,15.774999618530273,15.845000267028809,5112847,0.0,0.0
2023-06-20 09:30:00-04:00,15.8100004196167,15.84000015258789,15.569999694824219,15.574999809265137,2123804,0.0,0.0
2023-06-20 10:30:00-04:00,15.574999809265137,15.649999618530273,15.569999694824219,15.625,1360097,0.0,0.0
2023-06-20 11:30:00-04:00,15.625,15.704999923706055,15.619999885559082,15.6850004196167,769106,0.0,0.0
2023-06-20 12:30:00-04:00,15.6850004196167,15.720000267028809,15.680000305175781,15.704999923706055,509829,0.0,0.0
2023-06-20 13:30:00-04:00,15.699999809265137,15.720000267028809,15.680000305175781,15.694999694824219,555324,0.0,0.0
2023-06-20 14:30:00-04:00,15.699999809265137,15.699999809265137,15.65999984741211,15.670000076293945,798284,0.0,0.0
2023-06-20 15:30:00-04:00,15.675000190734863,15.699999809265137,15.640000343322754,15.640000343322754,1129438,0.0,0.0
2023-06-21 09:30:00-04:00,15.359999656677246,15.4399995803833,15.114999771118164,15.28499984741211,5402601,0.0,0.0
2023-06-21 10:30:00-04:00,15.289999961853027,15.300000190734863,15.229999542236328,15.255000114440918,1648610,0.0,0.0
2023-06-21 11:30:00-04:00,15.260000228881836,15.34000015258789,15.25,15.335000038146973,1128556,0.0,0.0
2023-06-21 12:30:00-04:00,15.34000015258789,15.390000343322754,15.332099914550781,15.380000114440918,729787,0.0,0.0
2023-06-21 13:30:00-04:00,15.375,15.420000076293945,15.364999771118164,15.395000457763672,826029,0.0,0.0
2023-06-21 14:30:00-04:00,15.395000457763672,15.430000305175781,15.390000343322754,15.430000305175781,1121127,0.0,0.0
2023-06-21 15:30:00-04:00,15.430000305175781,15.430000305175781,15.359999656677246,15.385000228881836,3583155,0.0,0.0
2023-06-22 09:30:00-04:00,15.210000038146973,15.399999618530273,15.175000190734863,15.329999923706055,3804182,0.0,0.0
2023-06-22 10:30:00-04:00,15.329999923706055,15.350000381469727,15.255000114440918,15.34000015258789,1209825,0.0,0.0
2023-06-22 11:30:00-04:00,15.34000015258789,15.430000305175781,15.335000038146973,15.430000305175781,880717,0.0,0.0
2023-06-22 12:30:00-04:00,15.430000305175781,15.479999542236328,15.420000076293945,15.46500015258789,1018516,0.0,0.0
2023-06-22 13:30:00-04:00,15.46500015258789,15.489999771118164,15.4399995803833,15.475000381469727,869527,0.0,0.0
2023-06-22 14:30:00-04:00,15.475000381469727,15.510000228881836,15.470000267028809,15.494999885559082,1102449,0.0,0.0
2023-06-22 15:30:00-04:00,15.489999771118164,15.510000228881836,15.449999809265137,15.460000038146973,2546146,0.0,0.0
2023-06-23 09:30:00-04:00,15.239999771118164,15.265000343322754,15.149999618530273,15.225000381469727,1261799,0.0,0.0
2023-06-23 10:30:00-04:00,15.225000381469727,15.255000114440918,15.1899995803833,15.21500015258789,928271,0.0,0.0
2023-06-23 11:30:00-04:00,15.21500015258789,15.260000228881836,15.199999809265137,15.25,590132,0.0,0.0
2023-06-23 12:30:00-04:00,15.255000114440918,15.270000457763672,15.210000038146973,15.225000381469727,583409,0.0,0.0
2023-06-23 13:30:00-04:00,15.225000381469727,15.229999542236328,15.180000305175781,15.1850004196167,827939,0.0,0.0
2023-06-23 14:30:00-04:00,15.180000305175781,15.229999542236328,15.15999984741211,15.204999923706055,1910763,0.0,0.0
2023-06-23 15:30:00-04:00,15.204999923706055,15.244999885559082,15.180000305175781,15.204999923706055,2073562,0.0,0.0
2023-06-26 09:30:00-04:00,15.3100004196167,15.539999961853027,15.300000190734863,15.46500015258789,2162865,0.0,0.0
2023-06-26 10:30:00-04:00,15.46500015258789,15.520000457763672,15.40999984741211,15.494999885559082,1527007,0.0,0.0
2023-06-26 11:30:00-04:00,15.489999771118164,15.510000228881836,15.460000038146973,15.494999885559082,998376,0.0,0.0
2023-06-26 12:30:00-04:00,15.494999885559082,15.5,15.479999542236328,15.479999542236328,818434,0.0,0.0
2023-06-26 13:30:00-04:00,15.484999656677246,15.494999885559082,15.470000267028809,15.484999656677246,481542,0.0,0.0
2023-06-26 14:30:00-04:00,15.484999656677246,15.5,15.470000267028809,15.49899959564209,597854,0.0,0.0
2023-06-26 15:30:00-04:00,15.494999885559082,15.510000228881836,15.489999771118164,15.494999885559082,1597796,0.0,0.0
2023-06-27 09:30:00-04:00,15.604999542236328,15.640000343322754,15.460000038146973,15.515000343322754,1265488,0.0,0.0
2023-06-27 10:30:00-04:00,15.520000457763672,15.574999809265137,15.489999771118164,15.569999694824219,789174,0.0,0.0
2023-06-27 11:30:00-04:00,15.574999809265137,15.595000267028809,15.539999961853027,15.5600004196167,702870,0.0,0.0
2023-06-27 12:30:00-04:00,15.5600004196167,15.579999923706055,15.539999961853027,15.5649995803833,677446,0.0,0.0
2023-06-27 13:30:00-04:00,15.5649995803833,15.579999923706055,15.555000305175781,15.5600004196167,447840,0.0,0.0
2023-06-27 14:30:00-04:00,15.5649995803833,15.625,15.5600004196167,15.614999771118164,1486082,0.0,0.0
2023-06-27 15:30:00-04:00,15.614999771118164,15.630000114440918,15.609999656677246,15.609999656677246,2119884,0.0,0.0
2023-06-28 09:30:00-04:00,15.680000305175781,15.729999542236328,15.550000190734863,15.71500015258789,2226167,0.0,0.0
2023-06-28 10:30:00-04:00,15.71500015258789,15.770000457763672,15.6850004196167,15.704999923706055,927377,0.0,0.0
2023-06-28 11:30:00-04:00,15.704999923706055,15.760000228881836,15.699999809265137,15.734999656677246,433116,0.0,0.0
2023-06-28 12:30:00-04:00,15.729999542236328,15.739999771118164,15.699999809265137,15.720000267028809,393543,0.0,0.0
2023-06-28 13:30:00-04:00,15.712499618530273,15.744999885559082,15.699999809265137,15.734999656677246,544455,0.0,0.0
2023-06-28 14:30:00-04:00,15.734999656677246,15.75,15.720000267028809,15.744999885559082,738758,0.0,0.0
2023-06-28 15:30:00-04:00,15.744999885559082,15.760000228881836,15.720000267028809,15.75,1789413,0.0,0.0
2023-06-29 09:30:00-04:00,15.779999732971191,15.864999771118164,15.6899995803833,15.850000381469727,820934,0.0,0.0
2023-06-29 10:30:00-04:00,15.845000267028809,15.914999961853027,15.829999923706055,15.890000343322754,803281,0.0,0.0
2023-06-29 11:30:00-04:00,15.892900466918945,15.90999984741211,15.890000343322754,15.90999984741211,447560,0.0,0.0
2023-06-29 12:30:00-04:00,15.904999732971191,15.90999984741211,15.869999885559082,15.869999885559082,282437,0.0,0.0
2023-06-29 13:30:00-04:00,15.869999885559082,15.880000114440918,15.829999923706055,15.845000267028809,481803,0.0,0.0
2023-06-29 14:30:00-04:00,15.845000267028809,15.920000076293945,15.845000267028809,15.895000457763672,1227796,0.0,0.0
2023-06-29 15:30:00-04:00,15.895000457763672,15.914999961853027,15.880000114440918,15.899999618530273,2619847,0.0,0.0
2023-06-30 09:30:00-04:00,16.170000076293945,16.2549991607666,16.149999618530273,16.209999084472656,1687661,0.0,0.0
2023-06-30 10:30:00-04:00,16.209999084472656,16.219999313354492,16.049999237060547,16.049999237060547,3250574,0.0,0.0
2023-06-30 11:30:00-04:00,16.049999237060547,16.059999465942383,16.020000457763672,16.024999618530273,1320036,0.0,0.0
2023-06-30 12:30:00-04:00,16.024999618530273,16.139999389648438,16.024999618530273,16.084999084472656,1002307,0.0,0.0
2023-06-30 13:30:00-04:00,16.084999084472656,16.09000015258789,16.040000915527344,16.040000915527344,1376325,0.0,0.0
2023-06-30 14:30:00-04:00,16.045000076293945,16.1200008392334,16.040000915527344,16.104999542236328,1584921,0.0,0.0
2023-06-30 15:30:00-04:00,16.104999542236328,16.110000610351562,16.059999465942383,16.065000534057617,2142014,0.0,0.0
2023-07-03 09:30:00-04:00,16.190000534057617,16.299999237060547,16.149999618530273,16.19499969482422,2392976,0.0,0.0
2023-07-03 10:30:00-04:00,16.190000534057617,16.190000534057617,16.06999969482422,16.075000762939453,1559536,0.0,0.0
2023-07-03 11:30:00-04:00,16.075000762939453,16.100000381469727,16.049999237060547,16.094999313354492,1296438,0.0,0.0
2023-07-05 09:30:00-04:00,16.149999618530273,16.270000457763672,16.1299991607666,16.260000228881836,2294030,0.0,0.0
2023-07-05 10:30:00-04:00,16.25,16.30500030517578,16.239999771118164,16.290000915527344,1648946,0.0,0.0
2023-07-05 11:30:00-04:00,16.295000076293945,16.329999923706055,16.295000076293945,16.329999923706055,691504,0.0,0.0
2023-07-05 12:30:00-04:00,16.329999923706055,16.3700008392334,16.290000915527344,16.309999465942383,1947246,0.0,0.0
2023-07-05 13:30:00-04:00,16.30500030517578,16.315000534057617,16.25,16.25,491835,0.0,0.0
2023-07-05 14:30:00-04:00,16.2549991607666,16.280000686645508,16.239999771118164,16.274999618530273,958397,0.0,0.0
2023-07-05 15:30:00-04:00,16.280000686645508,16.295000076293945,16.260000228881836,16.270000457763672,1421011,0.0,0.0
2023-07-06 09:30:00-04:00,16.139999389648438,16.18000030517578,16.049999237060547,16.049999237060547,1544885,0.0,0.0
2023-07-06 10:30:00-04:00,16.05500030517578,16.059999465942383,16.0,16.045000076293945,677049,0.0,0.0
2023-07-06 11:30:00-04:00,16.045000076293945,16.079999923706055,16.030000686645508,16.059999465942383,539172,0.0,0.0
2023-07-06 12:30:00-04:00,16.059999465942383,16.09000015258789,16.049999237060547,16.06999969482422,474008,0.0,0.0
2023-07-06 13:30:00-04:00,16.075000762939453,16.09000015258789,16.059999465942383,16.06999969482422,332989,0.0,0.0
2023-07-06 14:30:00-04:00,16.06999969482422,16.079999923706055,16.020000457763672,16.020000457763672,646308,0.0,0.0
2023-07-06 15:30:00-04:00,16.020000457763672,16.079999923706055,16.010000228881836,16.079999923706055,1971360,0.0,0.0
2023-07-07 09:30:00-04:00,16.0,16.18000030517578,16.0,16.100000381469727,789215,0.0,0.0
2023-07-07 10:30:00-04:00,16.100000381469727,16.114999771118164,16.06999969482422,16.100000381469727,632483,0.0,0.0
2023-07-07 11:30:00-04:00,16.104999542236328,16.139999389648438,16.09000015258789,16.139999389648438,447715,0.0,0.0
2023-07-07 12:30:00-04:00,16.1299991607666,16.18000030517578,16.1299991607666,16.174999237060547,398882,0.0,0.0
2023-07-07 13:30:00-04:00,16.170000076293945,16.18000030517578,16.1200008392334,16.1200008392334,395061,0.0,0.0
2023-07-07 14:30:00-04:00,16.1200008392334,16.129499435424805,16.094999313354492,16.100000381469727,464936,0.0,0.0
2023-07-07 15:30:00-04:00,16.102500915527344,16.104999542236328,16.020000457763672,16.040000915527344,1605390,0.0,0.0
2023-07-10 09:30:00-04:00,16.040000915527344,16.065000534057617,15.984999656677246,16.03499984741211,794811,0.0,0.0
2023-07-10 10:30:00-04:00,16.030000686645508,16.06999969482422,15.989999771118164,16.024999618530273,1374961,0.0,0.0
2023-07-10 11:30:00-04:00,16.024999618530273,16.040000915527344,15.989999771118164,15.994999885559082,629806,0.0,0.0
2023-07-10 12:30:00-04:00,15.994999885559082,16.030000686645508,15.979999542236328,15.994999885559082,869315,0.0,0.0
2023-07-10 13:30:00-04:00,15.994999885559082,16.020000457763672,15.989999771118164,16.010000228881836,673056,0.0,0.0
2023-07-10 14:30:00-04:00,16.010000228881836,16.020000457763672,15.989999771118164,16.020000457763672,639458,0.0,0.0
2023-07-10 15:30:00-04:00,16.014999389648438,16.040000915527344,16.0,16.010000228881836,1498583,0.0,0.0
2023-07-11 09:30:00-04:00,16.260000228881836,16.280000686645508,16.204999923706055,16.2450008392334,1040554,0.0,0.0
2023-07-11 10:30:00-04:00,16.25,16.25,16.18000030517578,16.204999923706055,1043111,0.0,0.0
2023-07-11 11:30:00-04:00,16.204999923706055,16.229999542236328,16.200000762939453,16.204999923706055,487372,0.0,0.0
2023-07-11 12:30:00-04:00,16.209999084472656,16.219999313354492,16.18000030517578,16.184999465942383,423478,0.0,0.0
2023-07-11 13:30:00-04:00,16.18000030517578,16.184999465942383,16.149999618530273,16.155000686645508,1147893,0.0,0.0
2023-07-11 14:30:00-04:00,16.155000686645508,16.229999542236328,16.149999618530273,16.21500015258789,962904,0.0,0.0
2023-07-11 15:30:00-04:00,16.21500015258789,16.260000228881836,16.200000762939453,16.239999771118164,2222228,0.0,0.0
2023-07-12 09:30:00-04:00,16.260000228881836,16.290000915527344,16.190000534057617,16.200000762939453,1990659,0.0,0.0
2023-07-12 10:30:00-04:00,16.204999923706055,16.229999542236328,16.170000076293945,16.174999237060547,770310,0.0,0.0
2023-07-12 11:30:00-04:00,16.174999237060547,16.174999237060547,16.079999923706055,16.104999542236328,582280,0.0,0.0
2023-07-12 12:30:00-04:00,16.104999542236328,16.1200008392334,16.084999084472656,16.100000381469727,400837,0.0,0.0
2023-07-12 13:30:00-04:00,16.100000381469727,16.110000610351562,16.09000015258789,16.104999542236328,418580,0.0,0.0
2023-07-12 14:30:00-04:00,16.104999542236328,16.110000610351562,16.059999465942383,16.084999084472656,613251,0.0,0.0
2023-07-12 15:30:00-04:00,16.084999084472656,16.100000381469727,16.030000686645508,16.065000534057617,1901685,0.0,0.0
2023-07-13 09:30:00-04:00,16.579999923706055,16.780000686645508,16.575000762939453,16.760000228881836,4306160,0.0,0.0
2023-07-13 10:30:00-04:00,16.760000228881836,16.850000381469727,16.760000228881836,16.795000076293945,1920087,0.0,0.0
2023-07-13 11:30:00-04:00,16.790199279785156,16.799999237060547,16.75,16.7549991607666,924724,0.0,0.0
2023-07-13 12:30:00-04:00,16.75,16.790000915527344,16.75,16.7549991607666,715159,0.0,0.0
2023-07-13 13:30:00-04:00,16.760000228881836,16.78499984741211,16.75,16.760000228881836,722203,0.0,0.0
2023-07-13 14:30:00-04:00,16.7549991607666,16.780000686645508,16.75,16.7549991607666,1008317,0.0,0.0
2023-07-13 15:30:00-04:00,16.7549991607666,16.790000915527344,16.739999771118164,16.790000915527344,3046983,0.0,0.0
2023-07-14 09:30:00-04:00,17.15999984741211,17.190000534057617,17.03499984741211,17.135000228881836,3767688,0.0,0.0
2023-07-14 10:30:00-04:00,17.139999389648438,17.204999923706055,17.09000015258789,17.142499923706055,2736606,0.0,0.0
2023-07-14 11:30:00-04:00,17.145000457763672,17.149999618530273,17.059999465942383,17.075000762939453,735430,0.0,0.0
2023-07-14 12:30:00-04:00,17.079999923706055,17.1200008392334,17.075000762939453,17.1200008392334,653000,0.0,0.0
2023-07-14 13:30:00-04:00,17.114999771118164,17.1200008392334,17.09000015258789,17.09000015258789,440317,0.0,0.0
2023-07-14 14:30:00-04:00,17.094999313354492,17.100000381469727,16.989999771118164,17.0049991607666,872459,0.0,0.0
2023-07-14 15:30:00-04:00,17.0049991607666,17.059999465942383,16.989999771118164,17.045000076293945,1929145,0.0,0.0
2023-07-17 09:30:00-04:00,17.049999237060547,17.225000381469727,17.030000686645508,17.1200008392334,2174154,0.0,0.0
2023-07-17 10:30:00-04:00,17.125,17.18000030517578,17.1200008392334,17.145000457763672,1431044,0.0,0.0
2023-07-17 11:30:00-04:00,17.145000457763672,17.190000534057617,17.139999389648438,17.174999237060547,558252,0.0,0.0
2023-07-17 12:30:00-04:00,17.170000076293945,17.190000534057617,17.15999984741211,17.165000915527344,537200,0.0,0.0
2023-07-17 13:30:00-04:00,17.165000915527344,17.200000762939453,17.15999984741211,17.19499969482422,827899,0.0,0.0
2023-07-17 14:30:00-04:00,17.19499969482422,17.309999465942383,17.190000534057617,17.270000457763672,4116139,0.0,0.0
2023-07-17 15:30:00-04:00,17.264999389648438,17.299999237060547,17.260000228881836,17.290000915527344,2574858,0.0,0.0
2023-07-18 09:30:00-04:00,17.799999237060547,18.139999389648438,17.760000228881836,18.0,9348261,0.0,0.0
2023-07-18 10:30:00-04:00,18.0,18.045000076293945,17.950000762939453,17.950000762939453,2628555,0.0,0.0
2023-07-18 11:30:00-04:00,17.954999923706055,17.989999771118164,17.90999984741211,17.915000915527344,3125750,0.0,0.0
2023-07-18 12:30:00-04:00,17.90999984741211,17.920000076293945,17.8700008392334,17.889999389648438,983364,0.0,0.0
2023-07-18 13:30:00-04:00,17.889999389648438,17.90999984741211,17.8700008392334,17.875,2524391,0.0,0.0
2023-07-18 14:30:00-04:00,17.8799991607666,17.950000762939453,17.861400604248047,17.934999465942383,2143060,0.0,0.0
2023-07-18 15:30:00-04:00,17.934999465942383,17.940000534057617,17.8700008392334,17.8799991607666,3700830,0.0,0.0
2023-07-19 09:30:00-04:00,17.809999465942383,17.940000534057617,17.799999237060547,17.889999389648438,3153943,0.0,0.0
2023-07-19 10:30:00-04:00,17.895000457763672,17.920000076293945,17.860000610351562,17.915000915527344,2131167,0.0,0.0
2023-07-19 11:30:00-04:00,17.915000915527344,17.950000762939453,17.84000015258789,17.84000015258789,971961,0.0,0.0
2023-07-19 12:30:00-04:00,17.84000015258789,17.84749984741211,17.809999465942383,17.81999969482422,800891,0.0,0.0
2023-07-19 13:30:00-04:00,17.81999969482422,17.825000762939453,17.760000228881836,17.774999618530273,1630956,0.0,0.0
2023-07-19 14:30:00-04:00,17.774999618530273,17.799999237060547,17.719999313354492,17.7450008392334,2549245,0.0,0.0
2023-07-19 15:30:00-04:00,17.7450008392334,17.760000228881836,17.639999389648438,17.704999923706055,9017153,0.0,0.0
2023-07-20 09:30:00-04:00,15.364999771118164,16.110000610351562,15.330100059509277,16.0,10980432,0.0,0.0
2023-07-20 10:30:00-04:00,16.0,16.1299991607666,16.0,16.084999084472656,4007268,0.0,0.0
2023-07-20 11:30:00-04:00,16.084999084472656,16.139999389648438,16.059999465942383,16.104999542236328,6327734,0.0,0.0
2023-07-20 12:30:00-04:00,16.100000381469727,16.1200008392334,16.09000015258789,16.104999542236328,2229475,0.0,0.0
2023-07-20 13:30:00-04:00,16.100000381469727,16.1200008392334,16.059999465942383,16.110000610351562,3964381,0.0,0.0
2023-07-20 14:30:00-04:00,16.100000381469727,16.190000534057617,16.100000381469727,16.174999237060547,3844541,0.0,0.0
2023-07-20 15:30:00-04:00,16.18000030517578,16.219999313354492,16.170000076293945,16.219999313354492,7185613,0.0,0.0
2023-07-21 09:30:00-04:00,16.190000534057617,16.329999923706055,16.09000015258789,16.274999618530273,5080877,0.0,0.0
2023-07-21 10:30:00-04:00,16.274999618530273,16.440000534057617,16.270000457763672,16.40999984741211,2205410,0.0,0.0
2023-07-21 11:30:00-04:00,16.405000686645508,16.469999313354492,16.389999389648438,16.415000915527344,1676331,0.0,0.0
2023-07-21 12:30:00-04:00,16.415000915527344,16.420000076293945,16.329999923706055,16.375,1076084,0.0,0.0
2023-07-21 13:30:00-04:00,16.377500534057617,16.40999984741211,16.350000381469727,16.389999389648438,976196,0.0,0.0
2023-07-21 14:30:00-04:00,16.385000228881836,16.415000915527344,16.329999923706055,16.350000381469727,1419699,0.0,0.0
2023-07-21 15:30:00-04:00,16.344999313354492,16.3700008392334,16.280000686645508,16.295000076293945,2392558,0.0,0.0
2023-07-24 09:30:00-04:00,16.299999237060547,16.34000015258789,16.229999542236328,16.31999969482422,2166498,0.0,0.0
2023-07-24 10:30:00-04:00,16.315000534057617,16.329999923706055,16.295000076293945,16.30500030517578,1447272,0.0,0.0
2023-07-24 11:30:00-04:00,16.30500030517578,16.30500030517578,16.170000076293945,16.190000534057617,998317,0.0,0.0
2023-07-24 12:30:00-04:00,16.184999465942383,16.239999771118164,16.18000030517578,16.219999313354492,1452490,0.0,0.0
2023-07-24 13:30:00-04:00,16.21500015258789,16.25,16.19499969482422,16.204999923706055,692680,0.0,0.0
2023-07-24 14:30:00-04:00,16.204999923706055,16.229999542236328,16.19499969482422,16.204999923706055,1316702,0.0,0.0
2023-07-24 15:30:00-04:00,16.204999923706055,16.219999313354492,16.1924991607666,16.209999084472656,1488353,0.0,0.0
2023-07-25 09:30:00-04:00,16.229999542236328,16.325000762939453,16.229999542236328,16.315000534057617,1104225,0.0,0.0
2023-07-25 10:30:00-04:00,16.315000534057617,16.405000686645508,16.280000686645508,16.405000686645508,1581087,0.0,0.0
2023-07-25 11:30:00-04:00,16.405000686645508,16.440000534057617,16.3700008392334,16.3799991607666,929008,0.0,0.0
2023-07-25 12:30:00-04:00,16.3799991607666,16.43000030517578,16.34000015258789,16.405000686645508,949815,0.0,0.0
2023-07-25 13:30:00-04:00,16.40999984741211,16.424999237060547,16.389999389648438,16.399999618530273,632142,0.0,0.0
2023-07-25 14:30:00-04:00,16.405000686645508,16.40999984741211,16.360000610351562,16.364999771118164,804023,0.0,0.0
2023-07-25 15:30:00-04:00,16.364999771118164,16.389999389648438,16.354999542236328,16.3799991607666,1470393,0.0,0.0
2023-07-26 09:30:00-04:00,16.399999618530273,16.61750030517578,16.395000457763672,16.614999771118164,1495807,0.0,0.0
2023-07-26 10:30:00-04:00,16.614999771118164,16.65999984741211,16.59000015258789,16.6200008392334,1377953,0.0,0.0
2023-07-26 11:30:00-04:00,16.614999771118164,16.665000915527344,16.610000610351562,16.635000228881836,849636,0.0,0.0
2023-07-26 12:30:00-04:00,16.6299991607666,16.639999389648438,16.600000381469727,16.614999771118164,709252,0.0,0.0
2023-07-26 13:30:00-04:00,16.614999771118164,16.625,16.600000381469727,16.600000381469727,1083735,0.0,0.0
2023-07-26 14:30:00-04:00,16.600000381469727,16.649999618530273,16.559999465942383,16.604999542236328,1596482,0.0,0.0
2023-07-26 15:30:00-04:00,16.604999542236328,16.6299991607666,16.59000015258789,16.6200008392334,1848328,0.0,0.0
2023-07-27 09:30:00-04:00,16.639999389648438,16.719999313354492,16.614999771118164,16.649999618530273,2717429,0.0,0.0
2023-07-27 10:30:00-04:00,16.655000686645508,16.709999084472656,16.639999389648438,16.709999084472656,1160681,0.0,0.0
2023-07-27 11:30:00-04:00,16.709999084472656,16.760000228881836,16.700000762939453,16.7549991607666,1402431,0.0,0.0
2023-07-27 12:30:00-04:00,16.7549991607666,16.780000686645508,16.700000762939453,16.700000762939453,830738,0.0,0.0
2023-07-27 13:30:00-04:00,16.704999923706055,16.719999313354492,16.649999618530273,16.655000686645508,1028748,0.0,0.0
2023-07-27 14:30:00-04:00,16.655000686645508,16.68000030517578,16.6299991607666,16.6299991607666,1523153,0.0,0.0
2023-07-27 15:30:00-04:00,16.635000228881836,16.65999984741211,16.6200008392334,16.6299991607666,2754508,0.0,0.0
2023-07-28 09:30:00-04:00,16.360000610351562,16.450000762939453,16.190000534057617,16.424999237060547,2196455,0.0,0.0
2023-07-28 10:30:00-04:00,16.424999237060547,16.450000762939453,16.389999389648438,16.405000686645508,882847,0.0,0.0
2023-07-28 11:30:00-04:00,16.405000686645508,16.459999084472656,16.399999618530273,16.44499969482422,782090,0.0,0.0
2023-07-28 12:30:00-04:00,16.450000762939453,16.450000762939453,16.399999618530273,16.415000915527344,692237,0.0,0.0
2023-07-28 13:30:00-04:00,16.415000915527344,16.469999313354492,16.399999618530273,16.44499969482422,1422973,0.0,0.0
2023-07-28 14:30:00-04:00,16.440000534057617,16.469999313354492,16.43000030517578,16.454999923706055,1121409,0.0,0.0
2023-07-28 15:30:00-04:00,16.454999923706055,16.479999542236328,16.440000534057617,16.469999313354492,1601777,0.0,0.0
2023-07-31 09:30:00-04:00,16.6200008392334,16.7450008392334,16.600000381469727,16.65999984741211,1968149,0.0,0.0
2023-07-31 10:30:00-04:00,16.65999984741211,16.700000762939453,16.639999389648438,16.670000076293945,631905,0.0,0.0
2023-07-31 11:30:00-04:00,16.670000076293945,16.689899444580078,16.639999389648438,16.655000686645508,442113,0.0,0.0
2023-07-31 12:30:00-04:00,16.655000686645508,16.665000915527344,16.6299991607666,16.655000686645508,357739,0.0,0.0
2023-07-31 13:30:00-04:00,16.649999618530273,16.674999237060547,16.6299991607666,16.645000457763672,685636,0.0,0.0
2023-07-31 14:30:00-04:00,16.645000457763672,16.670000076293945,16.639999389648438,16.665000915527344,483802,0.0,0.0
2023-07-31 15:30:00-04:00,16.665000915527344,16.68000030517578,16.639999389648438,16.670000076293945,1328381,0.0,0.0
2023-08-01 09:30:00-04:00,16.719999313354492,16.780000686645508,16.649999618530273,16.774999618530273,1724623,0.0,0.0
2023-08-01 10:30:00-04:00,16.774999618530273,16.84000015258789,16.770000457763672,16.78499984741211,1337547,0.0,0.0
2023-08-01 11:30:00-04:00,16.78499984741211,16.790000915527344,16.739999771118164,16.7549991607666,765095,0.0,0.0
2023-08-01 12:30:00-04:00,16.7549991607666,16.760000228881836,16.739999771118164,16.75,333740,0.0,0.0
2023-08-01 13:30:00-04:00,16.7450008392334,16.770000457763672,16.739999771118164,16.75,515720,0.0,0.0
2023-08-01 14:30:00-04:00,16.7549991607666,16.770000457763672,16.75,16.762500762939453,651524,0.0,0.0
2023-08-01 15:30:00-04:00,16.764999389648438,16.799999237060547,16.760000228881836,16.790000915527344,1534743,0.0,0.0
2023-08-02 09:30:00-04:00,16.540000915527344,16.600000381469727,16.450000762939453,16.525999069213867,1994544,0.0,0.0
2023-08-02 10:30:00-04:00,16.524999618530273,16.549999237060547,16.450000762939453,16.485000610351562,937299,0.0,0.0
2023-08-02 11:30:00-04:00,16.485000610351562,16.489999771118164,16.434999465942383,16.485000610351562,538164,0.0,0.0
2023-08-02 12:30:00-04:00,16.485000610351562,16.549999237060547,16.479999542236328,16.545000076293945,1029318,0.0,0.0
2023-08-02 13:30:00-04:00,16.545000076293945,16.56999969482422,16.540000915527344,16.565000534057617,725962,0.0,0.0
2023-08-02 14:30:00-04:00,16.56999969482422,16.579999923706055,16.510000228881836,16.514999389648438,2911473,0.0,0.0
2023-08-02 15:30:00-04:00,16.520000457763672,16.559999465942383,16.510000228881836,16.520000457763672,3112042,0.0,0.0
2023-08-03 09:30:00-04:00,16.530000686645508,16.559999465942383,16.450000762939453,16.4950008392334,1674119,0.0,0.0
2023-08-03 10:30:00-04:00,16.4950008392334,16.53499984741211,16.459999084472656,16.5049991607666,1032279,0.0,0.0
2023-08-03 11:30:00-04:00,16.510000228881836,16.530000686645508,16.46500015258789,16.509899139404297,2321825,0.0,0.0
2023-08-03 12:30:00-04:00,16.510000228881836,16.524999618530273,16.479999542236328,16.485000610351562,1061283,0.0,0.0
2023-08-03 13:30:00-04:00,16.485000610351562,16.489999771118164,16.440000534057617,16.469999313354492,1250850,0.0,0.0
2023-08-03 14:30:00-04:00,16.475000381469727,16.520000457763672,16.475000381469727,16.514999389648438,968481,0.0,0.0
2023-08-03 15:30:00-04:00,16.514999389648438,16.520000457763672,16.489999771118164,16.5,1351968,0.0,0.0
2023-08-04 09:30:00-04:00,16.65999984741211,16.709999084472656,16.635000228881836,16.700000762939453,1465771,0.0,0.0
2023-08-04 10:30:00-04:00,16.700000762939453,16.780000686645508,16.69499969482422,16.774999618530273,548164,0.0,0.0
2023-08-04 11:30:00-04:00,16.774999618530273,16.8700008392334,16.760000228881836,16.860000610351562,893618,0.0,0.0
2023-08-04 12:30:00-04:00,16.864999771118164,16.879899978637695,16.829999923706055,16.834999084472656,745432,0.0,0.0
2023-08-04 13:30:00-04:00,16.834999084472656,16.834999084472656,16.719999313354492,16.729999542236328,712433,0.0,0.0
2023-08-04 14:30:00-04:00,16.729999542236328,16.735000610351562,16.690000534057617,16.709999084472656,729722,0.0,0.0
2023-08-04 15:30:00-04:00,16.709999084472656,16.719999313354492,16.65999984741211,16.709999084472656,1609556,0.0,0.0
2023-08-07 09:30:00-04:00,16.8799991607666,16.889999389648438,16.75,16.774999618530273,848551,0.0,0.0
2023-08-07 10:30:00-04:00,16.780000686645508,16.780000686645508,16.71500015258789,16.74139976501465,649866,0.0,0.0
2023-08-07 11:30:00-04:00,16.7450008392334,16.774999618530273,16.709999084472656,16.739999771118164,735372,0.0,0.0
2023-08-07 12:30:00-04:00,16.739999771118164,16.799999237060547,16.735000610351562,16.795000076293945,331675,0.0,0.0
2023-08-07 13:30:00-04:00,16.795000076293945,16.80500030517578,16.760000228881836,16.760000228881836,399618,0.0,0.0
2023-08-07 14:30:00-04:00,16.764999389648438,16.790000915527344,16.75,16.75,534178,0.0,0.0
2023-08-07 15:30:00-04:00,16.75,16.780000686645508,16.75,16.780000686645508,1778888,0.0,0.0
2023-08-08 09:30:00-04:00,16.709999084472656,16.725000381469727,16.594999313354492,16.614999771118164,874951,0.0,0.0
2023-08-08 10:30:00-04:00,16.614999771118164,16.65999984741211,16.579999923706055,16.639999389648438,567376,0.0,0.0
2023-08-08 11:30:00-04:00,16.645000457763672,16.645000457763672,16.61009979248047,16.6299991607666,295032,0.0,0.0
2023-08-08 12:30:00-04:00,16.635000228881836,16.670000076293945,16.6299991607666,16.655000686645508,263916,0.0,0.0
2023-08-08 13:30:00-04:00,16.655000686645508,16.729999542236328,16.642499923706055,16.729999542236328,400024,0.0,0.0
2023-08-08 14:30:00-04:00,16.725000381469727,16.760000228881836,16.709999084472656,16.735000610351562,1639030,0.0,0.0
2023-08-08 15:30:00-04:00,16.735000610351562,16.770000457763672,16.719999313354492,16.770000457763672,1972823,0.0,0.0
2023-08-09 09:30:00-04:00,16.809999465942383,16.850000381469727,16.780000686645508,16.799999237060547,1543603,0.0,0.0
2023-08-09 10:30:00-04:00,16.809999465942383,16.83839988708496,16.674999237060547,16.683799743652344,1569111,0.0,0.0
2023-08-09 11:30:00-04:00,16.684999465942383,16.690000534057617,16.6299991607666,16.68000030517578,979842,0.0,0.0
2023-08-09 12:30:00-04:00,16.684999465942383,16.78499984741211,16.68000030517578,16.764999389648438,847684,0.0,0.0
2023-08-09 13:30:00-04:00,16.764999389648438,16.81999969482422,16.762500762939453,16.815000534057617,387846,0.0,0.0
2023-08-09 14:30:00-04:00,16.81999969482422,16.829999923706055,16.7450008392334,16.75,909332,0.0,0.0
2023-08-09 15:30:00-04:00,16.7450008392334,16.760000228881836,16.690000534057617,16.702499389648438,1426693,0.0,0.0
2023-08-10 09:30:00-04:00,16.780000686645508,16.969999313354492,16.780000686645508,16.950000762939453,1274394,0.0,0.0
2023-08-10 10:30:00-04:00,16.94499969482422,16.959999084472656,16.860000610351562,16.895000457763672,604502,0.0,0.0
2023-08-10 11:30:00-04:00,16.895000457763672,16.940000534057617,16.860000610351562,16.875,1326108,0.0,0.0
2023-08-10 12:30:00-04:00,16.8799991607666,16.940000534057617,16.875,16.899999618530273,525431,0.0,0.0
2023-08-10 13:30:00-04:00,16.90089988708496,16.940000534057617,16.864999771118164,16.940000534057617,1016317,0.0,0.0
2023-08-10 14:30:00-04:00,16.934999465942383,17.0,16.889999389648438,16.895000457763672,1668027,0.0,0.0
2023-08-10 15:30:00-04:00,16.895000457763672,16.896299362182617,16.860000610351562,16.8700008392334,1963437,0.0,0.0
2023-08-11 09:30:00-04:00,16.610000610351562,16.69499969482422,16.559999465942383,16.625,1242615,0.0,0.0
2023-08-11 10:30:00-04:00,16.6299991607666,16.690000534057617,16.579999923706055,16.604999542236328,632737,0.0,0.0
2023-08-11 11:30:00-04:00,16.604999542236328,16.649999618530273,16.604999542236328,16.639999389648438,479739,0.0,0.0
2023-08-11 12:30:00-04:00,16.645000457763672,16.65999984741211,16.6200008392334,16.645000457763672,628317,0.0,0.0
2023-08-11 13:30:00-04:00,16.645000457763672,16.670000076293945,16.6299991607666,16.665000915527344,376333,0.0,0.0
2023-08-11 14:30:00-04:00,16.665000915527344,16.700000762939453,16.649999618530273,16.684999465942383,658958,0.0,0.0
2023-08-11 15:30:00-04:00,16.690000534057617,16.700000762939453,16.65999984741211,16.674999237060547,2291977,0.0,0.0
2023-08-14 09:30:00-04:00,16.799999237060547,16.924999237060547,16.739999771118164,16.924999237060547,1084377,0.0,0.0
2023-08-14 10:30:00-04:00,16.924999237060547,16.950000762939453,16.8700008392334,16.8700008392334,574572,0.0,0.0
2023-08-14 11:30:00-04:00,16.875,16.895000457763672,16.850000381469727,16.875,876909,0.0,0.0
2023-08-14 12:30:00-04:00,16.875,16.905000686645508,16.860000610351562,16.8799991607666,539732,0.0,0.0
2023-08-14 13:30:00-04:00,16.8700008392334,16.885000228881836,16.829999923706055,16.850000381469727,506653,0.0,0.0
2023-08-14 14:30:00-04:00,16.850000381469727,16.860000610351562,16.81999969482422,16.850000381469727,593250,0.0,0.0
2023-08-14 15:30:00-04:00,16.844999313354492,16.8700008392334,16.84000015258789,16.864999771118164,876481,0.0,0.0
2023-08-15 09:30:00-04:00,16.770000457763672,17.049999237060547,16.770000457763672,17.010000228881836,2526905,0.0,0.0
2023-08-15 10:30:00-04:00,17.0049991607666,17.045000076293945,16.985000610351562,16.985000610351562,1257670,0.0,0.0
2023-08-15 11:30:00-04:00,16.985000610351562,17.010000228881836,16.959999084472656,16.989999771118164,614441,0.0,0.0
2023-08-15 12:30:00-04:00,16.9950008392334,17.065000534057617,16.969999313354492,17.059999465942383,1425137,0.0,0.0
2023-08-15 13:30:00-04:00,17.059999465942383,17.155000686645508,17.059999465942383,17.149999618530273,2386702,0.0,0.0
2023-08-15 14:30:00-04:00,17.149999618530273,17.155000686645508,17.110000610351562,17.135000228881836,1814762,0.0,0.0
2023-08-15 15:30:00-04:00,17.1299991607666,17.18000030517578,17.1299991607666,17.1299991607666,3051171,0.0,0.0
2023-08-16 09:30:00-04:00,17.209999084472656,17.309999465942383,17.15999984741211,17.204999923706055,2156445,0.0,0.0
2023-08-16 10:30:00-04:00,17.204999923706055,17.225000381469727,17.139999389648438,17.165000915527344,867120,0.0,0.0
2023-08-16 11:30:00-04:00,17.165000915527344,17.170000076293945,17.06999969482422,17.079999923706055,657658,0.0,0.0
2023-08-16 12:30:00-04:00,17.079999923706055,17.125,17.079999923706055,17.094999313354492,965878,0.0,0.0
2023-08-16 13:30:00-04:00,17.094999313354492,17.174999237060547,17.079999923706055,17.165000915527344,608745,0.0,0.0
2023-08-16 14:30:00-04:00,17.165000915527344,17.174999237060547,17.06999969482422,17.084999084472656,620898,0.0,0.0
2023-08-16 15:30:00-04:00,17.079999923706055,17.149999618530273,17.075000762939453,17.139999389648438,2632384,0.0,0.0
2023-08-17 09:30:00-04:00,17.170000076293945,17.170000076293945,17.059999465942383,17.1299991607666,987976,0.0,0.0
2023-08-17 10:30:00-04:00,17.125,17.139999389648438,16.989999771118164,16.989999771118164,736693,0.0,0.0
2023-08-17 11:30:00-04:00,16.9950008392334,17.024999618530273,16.959999084472656,17.024999618530273,534561,0.0,0.0
2023-08-17 12:30:00-04:00,17.028600692749023,17.04840087890625,17.0,17.014999389648438,432963,0.0,0.0
2023-08-17 13:30:00-04:00,17.020000457763672,17.06999969482422,17.0049991607666,17.045000076293945,665899,0.0,0.0
2023-08-17 14:30:00-04:00,17.045000076293945,17.06999969482422,16.959999084472656,16.989999771118164,934552,0.0,0.0
2023-08-17 15:30:00-04:00,16.985000610351562,17.0,16.950000762939453,16.975000381469727,1469360,0.0,0.0
2023-08-18 09:30:00-04:00,16.709999084472656,16.7549991607666,16.6299991607666,16.635000228881836,844664,0.0,0.0
2023-08-18 10:30:00-04:00,16.6299991607666,16.71500015258789,16.594999313354492,16.65999984741211,942094,0.0,0.0
2023-08-18 11:30:00-04:00,16.65999984741211,16.729999542236328,16.645000457763672,16.700000762939453,569723,0.0,0.0
2023-08-18 12:30:00-04:00,16.700000762939453,16.729999542236328,16.670000076293945,16.690000534057617,501251,0.0,0.0
2023-08-18 13:30:00-04:00,16.69499969482422,16.719999313354492,16.68000030517578,16.700000762939453,599083,0.0,0.0
2023-08-18 14:30:00-04:00,16.700000762939453,16.729999542236328,16.690000534057617,16.719999313354492,695520,0.0,0.0
2023-08-18 15:30:00-04:00,16.719999313354492,16.739999771118164,16.690000534057617,16.719999313354492,1015876,0.0,0.0
2023-08-21 09:30:00-04:00,16.90999984741211,16.948999404907227,16.780000686645508,16.80500030517578,995554,0.0,0.0
2023-08-21 10:30:00-04:00,16.80500030517578,16.809999465942383,16.739999771118164,16.75,853593,0.0,0.0
2023-08-21 11:30:00-04:00,16.75,16.829999923706055,16.75,16.825000762939453,511294,0.0,0.0
2023-08-21 12:30:00-04:00,16.825000762939453,16.8700008392334,16.81999969482422,16.860000610351562,508868,0.0,0.0
2023-08-21 13:30:00-04:00,16.860000610351562,16.877899169921875,16.84000015258789,16.854999542236328,475807,0.0,0.0
2023-08-21 14:30:00-04:00,16.860000610351562,16.8799991607666,16.84000015258789,16.864999771118164,1319003,0.0,0.0
2023-08-21 15:30:00-04:00,16.860000610351562,16.90999984741211,16.860000610351562,16.8799991607666,1775240,0.0,0.0
2023-08-22 09:30:00-04:00,16.959999084472656,17.065000534057617,16.940000534057617,17.024999618530273,642088,0.0,0.0
2023-08-22 10:30:00-04:00,17.024999618530273,17.094999313354492,17.010000228881836,17.075000762939453,609206,0.0,0.0
2023-08-22 11:30:00-04:00,17.06999969482422,17.075000762939453,16.985000610351562,17.0,461866,0.0,0.0
2023-08-22 12:30:00-04:00,17.0,17.038999557495117,16.979999542236328,16.985000610351562,511995,0.0,0.0
2023-08-22 13:30:00-04:00,16.985000610351562,17.0,16.969999313354492,17.0,356872,0.0,0.0
2023-08-22 14:30:00-04:00,17.0,17.020000457763672,16.989999771118164,17.0049991607666,451201,0.0,0.0
2023-08-22 15:30:00-04:00,17.0049991607666,17.0049991607666,16.979999542236328,16.9950008392334,713760,0.0,0.0
2023-08-23 09:30:00-04:00,17.079999923706055,17.225000381469727,17.079999923706055,17.204999923706055,992591,0.0,0.0
2023-08-23 10:30:00-04:00,17.208599090576172,17.239999771118164,17.190000534057617,17.239999771118164,495514,0.0,0.0
2023-08-23 11:30:00-04:00,17.239999771118164,17.280000686645508,17.209999084472656,17.280000686645508,726746,0.0,0.0
2023-08-23 12:30:00-04:00,17.280000686645508,17.280000686645508,17.229999542236328,17.264999389648438,492769,0.0,0.0
2023-08-23 13:30:00-04:00,17.264999389648438,17.270000457763672,17.25,17.264999389648438,361199,0.0,0.0
2023-08-23 14:30:00-04:00,17.264999389648438,17.270000457763672,17.25,17.264999389648438,582503,0.0,0.0
2023-08-23 15:30:00-04:00,17.264999389648438,17.290000915527344,17.260000228881836,17.270000457763672,1753363,0.0,0.0
2023-08-24 09:30:00-04:00,17.299999237060547,17.34000015258789,17.139999389648438,17.145000457763672,850608,0.0,0.0
2023-08-24 10:30:00-04:00,17.145000457763672,17.170000076293945,17.104999542236328,17.1200008392334,691517,0.0,0.0
2023-08-24 11:30:00-04:00,17.1200008392334,17.170000076293945,17.09000015258789,17.155000686645508,764803,0.0,0.0
2023-08-24 12:30:00-04:00,17.15999984741211,17.19499969482422,17.1299991607666,17.135000228881836,287869,0.0,0.0
2023-08-24 13:30:00-04:00,17.1299991607666,17.18000030517578,17.1299991607666,17.170000076293945,337346,0.0,0.0
2023-08-24 14:30:00-04:00,17.165000915527344,17.209999084472656,17.15999984741211,17.19499969482422,587908,0.0,0.0
2023-08-24 15:30:00-04:00,17.19499969482422,17.200000762939453,17.1200008392334,17.125,923117,0.0,0.0
2023-08-25 09:30:00-04:00,17.18000030517578,17.2549991607666,17.139999389648438,17.184999465942383,812992,0.0,0.0
2023-08-25 10:30:00-04:00,17.184999465942383,17.190000534057617,17.059999465942383,17.178800582885742,586120,0.0,0.0
2023-08-25 11:30:00-04:00,17.18000030517578,17.2450008392334,17.15999984741211,17.225000381469727,574664,0.0,0.0
2023-08-25 12:30:00-04:00,17.229999542236328,17.2450008392334,17.19499969482422,17.219999313354492,442127,0.0,0.0
2023-08-25 13:30:00-04:00,17.21500015258789,17.274999618530273,17.204999923706055,17.274999618530273,365338,0.0,0.0
2023-08-25 14:30:00-04:00,17.280000686645508,17.30500030517578,17.260000228881836,17.270000457763672,443083,0.0,0.0
2023-08-25 15:30:00-04:00,17.270000457763672,17.280000686645508,17.239999771118164,17.2450008392334,1101242,0.0,0.0
2023-08-28 09:30:00-04:00,17.260000228881836,17.399999618530273,17.25,17.3700008392334,848911,0.0,0.0
2023-08-28 10:30:00-04:00,17.3799991607666,17.399999618530273,17.334999084472656,17.354999542236328,405312,0.0,0.0
2023-08-28 11:30:00-04:00,17.354999542236328,17.360000610351562,17.31999969482422,17.31999969482422,402616,0.0,0.0
2023-08-28 12:30:00-04:00,17.325000762939453,17.360000610351562,17.309999465942383,17.334999084472656,527072,0.0,0.0
2023-08-28 13:30:00-04:00,17.334999084472656,17.34000015258789,17.290000915527344,17.30500030517578,410725,0.0,0.0
2023-08-28 14:30:00-04:00,17.30500030517578,17.354999542236328,17.299999237060547,17.325000762939453,628463,0.0,0.0
2023-08-28 15:30:00-04:00,17.325000762939453,17.357500076293945,17.299999237060547,17.334999084472656,1501958,0.0,0.0
2023-08-29 09:30:00-04:00,17.280000686645508,17.360000610351562,17.260000228881836,17.334999084472656,1203482,0.0,0.0
2023-08-29 10:30:00-04:00,17.334999084472656,17.334999084472656,17.274999618530273,17.30500030517578,503394,0.0,0.0
2023-08-29 11:30:00-04:00,17.30500030517578,17.364999771118164,17.299999237060547,17.364999771118164,1080727,0.0,0.0
2023-08-29 12:30:00-04:00,17.3700008392334,17.420000076293945,17.360000610351562,17.40999984741211,1796867,0.0,0.0
2023-08-29 13:30:00-04:00,17.415000915527344,17.43000030517578,17.3799991607666,17.415000915527344,590762,0.0,0.0
2023-08-29 14:30:00-04:00,17.415000915527344,17.43000030517578,17.399999618530273,17.424999237060547,817230,0.0,0.0
2023-08-29 15:30:00-04:00,17.424999237060547,17.43000030517578,17.3799991607666,17.420000076293945,1565193,0.0,0.0
2023-08-30 09:30:00-04:00,17.469999313354492,17.584999084472656,17.450000762939453,17.5049991607666,693752,0.0,0.0
2023-08-30 10:30:00-04:00,17.5,17.56999969482422,17.5,17.565000534057617,539035,0.0,0.0
2023-08-30 11:30:00-04:00,17.56999969482422,17.575000762939453,17.540000915527344,17.55500030517578,528268,0.0,0.0
2023-08-30 12:30:00-04:00,17.55500030517578,17.559999465942383,17.510400772094727,17.524999618530273,437488,0.0,0.0
2023-08-30 13:30:00-04:00,17.524999618530273,17.540000915527344,17.479999542236328,17.485000610351562,473648,0.0,0.0
2023-08-30 14:30:00-04:00,17.4862003326416,17.56999969482422,17.485000610351562,17.559999465942383,719765,0.0,0.0
2023-08-30 15:30:00-04:00,17.55500030517578,17.56999969482422,17.549999237060547,17.549999237060547,975456,0.0,0.0
2023-08-31 09:30:00-04:00,17.5,17.56999969482422,17.399999618530273,17.450000762939453,2251059,0.0,0.0
2023-08-31 10:30:00-04:00,17.450000762939453,17.450000762939453,17.389999389648438,17.415000915527344,480790,0.0,0.0
2023-08-31 11:30:00-04:00,17.40999984741211,17.40999984741211,17.375,17.385000228881836,335279,0.0,0.0
2023-08-31 12:30:00-04:00,17.385000228881836,17.405000686645508,17.364999771118164,17.405000686645508,366506,0.0,0.0
2023-08-31 13:30:00-04:00,17.405000686645508,17.43000030517578,17.389999389648438,17.429500579833984,290020,0.0,0.0
2023-08-31 14:30:00-04:00,17.424999237060547,17.43000030517578,17.389999389648438,17.395000457763672,469908,0.0,0.0
2023-08-31 15:30:00-04:00,17.395000457763672,17.395000457763672,17.360000610351562,17.364999771118164,1400683,0.0,0.0
2023-09-01 09:30:00-04:00,17.520000457763672,17.577499389648438,17.46500015258789,17.545000076293945,665468,0.0,0.0
2023-09-01 10:30:00-04:00,17.545000076293945,17.549999237060547,17.479999542236328,17.4950008392334,690303,0.0,0.0
2023-09-01 11:30:00-04:00,17.4950008392334,17.5,17.459999084472656,17.459999084472656,503047,0.0,0.0
2023-09-01 12:30:00-04:00,17.46500015258789,17.510000228881836,17.450000762939453,17.5049991607666,261217,0.0,0.0
2023-09-01 13:30:00-04:00,17.50749969482422,17.520000457763672,17.489999771118164,17.4950008392334,548438,0.0,0.0
2023-09-01 14:30:00-04:00,17.489999771118164,17.530000686645508,17.479999542236328,17.524999618530273,768589,0.0,0.0
2023-09-01 15:30:00-04:00,17.524999618530273,17.5575008392334,17.520000457763672,17.524999618530273,1487000,0.0,0.0
2023-09-05 09:30:00-04:00,17.81999969482422,17.95240020751953,17.809999465942383,17.864999771118164,1302664,0.0,0.0
2023-09-05 10:30:00-04:00,17.8700008392334,17.888200759887695,17.829999923706055,17.829999923706055,735328,0.0,0.0
2023-09-05 11:30:00-04:00,17.834999084472656,17.8700008392334,17.829999923706055,17.860000610351562,541570,0.0,0.0
2023-09-05 12:30:00-04:00,17.860000610351562,17.8700008392334,17.84000015258789,17.850000381469727,391069,0.0,0.0
2023-09-05 13:30:00-04:00,17.850000381469727,17.860000610351562,17.81999969482422,17.825000762939453,522843,0.0,0.0
2023-09-05 14:30:00-04:00,17.829999923706055,17.829999923706055,17.770000457763672,17.774999618530273,690929,0.0,0.0
2023-09-05 15:30:00-04:00,17.774999618530273,17.790000915527344,17.760000228881836,17.774999618530273,1218054,0.0,0.0
2023-09-06 09:30:00-04:00,17.690000534057617,17.75,17.65999984741211,17.684999465942383,1026364,0.0,0.0
2023-09-06 10:30:00-04:00,17.684999465942383,17.69499969482422,17.639999389648438,17.674999237060547,416985,0.0,0.0
2023-09-06 11:30:00-04:00,17.674999237060547,17.684999465942383,17.6200008392334,17.625,345311,0.0,0.0
2023-09-06 12:30:00-04:00,17.625,17.6299991607666,17.579999923706055,17.625,454208,0.0,0.0
2023-09-06 13:30:00-04:00,17.625,17.628599166870117,17.59000015258789,17.604999542236328,331092,0.0,0.0
2023-09-06 14:30:00-04:00,17.601299285888672,17.614999771118164,17.545000076293945,17.56999969482422,1078451,0.0,0.0
2023-09-06 15:30:00-04:00,17.56999969482422,17.610000610351562,17.56999969482422,17.59000015258789,1063790,0.0,0.0
2023-09-07 09:30:00-04:00,17.549999237060547,17.600000381469727,17.520000457763672,17.524999618530273,1699244,0.0,0.0
2023-09-07 10:30:00-04:00,17.524999618530273,17.575000762939453,17.520000457763672,17.545000076293945,836021,0.0,0.0
2023-09-07 11:30:00-04:00,17.545000076293945,17.55500030517578,17.514999389648438,17.53499984741211,418322,0.0,0.0
2023-09-07 12:30:00-04:00,17.53499984741211,17.55500030517578,17.5,17.540000915527344,648348,0.0,0.0
2023-09-07 13:30:00-04:00,17.540000915527344,17.549999237060547,17.5049991607666,17.5049991607666,420484,0.0,0.0
2023-09-07 14:30:00-04:00,17.5049991607666,17.514999389648438,17.489999771118164,17.4950008392334,540305,0.0,0.0
2023-09-07 15:30:00-04:00,17.4950008392334,17.530000686645508,17.479999542236328,17.520000457763672,1102922,0.0,0.0
2023-09-08 09:30:00-04:00,17.6200008392334,17.684999465942383,17.579999923706055,17.684999465942383,1334389,0.0,0.0
2023-09-08 10:30:00-04:00,17.684999465942383,17.729999542236328,17.665000915527344,17.71500015258789,480657,0.0,0.0
2023-09-08 11:30:00-04:00,17.71500015258789,17.760000228881836,17.709999084472656,17.7450008392334,809265,0.0,0.0
2023-09-08 12:30:00-04:00,17.7450008392334,17.760000228881836,17.700000762939453,17.700000762939453,353972,0.0,0.0
2023-09-08 13:30:00-04:00,17.700000762939453,17.729999542236328,17.690000534057617,17.704999923706055,577250,0.0,0.0
2023-09-08 14:30:00-04:00,17.704999923706055,17.719999313354492,17.68000030517578,17.69499969482422,528098,0.0,0.0
2023-09-08 15:30:00-04:00,17.69499969482422,17.760000228881836,17.690000534057617,17.75,1402436,0.0,0.0
2023-09-11 09:30:00-04:00,17.84000015258789,17.889999389648438,17.739999771118164,17.825000762939453,681947,0.0,0.0
2023-09-11 10:30:00-04:00,17.825000762939453,17.825000762939453,17.735000610351562,17.760000228881836,507036,0.0,0.0
2023-09-11 11:30:00-04:00,17.7549991607666,17.84000015258789,17.7549991607666,17.84000015258789,654949,0.0,0.0
2023-09-11 12:30:00-04:00,17.84000015258789,17.899999618530273,17.834999084472656,17.885000228881836,486341,0.0,0.0
2023-09-11 13:30:00-04:00,17.885000228881836,17.920000076293945,17.8799991607666,17.920000076293945,449929,0.0,0.0
2023-09-11 14:30:00-04:00,17.920000076293945,17.950000762939453,17.905000686645508,17.950000762939453,593426,0.0,0.0
2023-09-11 15:30:00-04:00,17.950000762939453,17.950000762939453,17.90999984741211,17.950000762939453,1331624,0.0,0.0
2023-09-12 09:30:00-04:00,18.040000915527344,18.1200008392334,18.010000228881836,18.045000076293945,1127454,0.0,0.0
2023-09-12 10:30:00-04:00,18.049999237060547,18.079999923706055,18.040000915527344,18.06999969482422,641767,0.0,0.0
2023-09-12 11:30:00-04:00,18.06999969482422,18.139999389648438,18.059999465942383,18.1299991607666,474720,0.0,0.0
2023-09-12 12:30:00-04:00,18.1299991607666,18.170000076293945,18.11079978942871,18.170000076293945,469988,0.0,0.0
2023-09-12 13:30:00-04:00,18.165000915527344,18.18000030517578,18.06999969482422,18.094999313354492,716238,0.0,0.0
2023-09-12 14:30:00-04:00,18.094999313354492,18.149999618530273,18.049999237060547,18.05500030517578,1300239,0.0,0.0
2023-09-12 15:30:00-04:00,18.059999465942383,18.079999923706055,18.049999237060547,18.065000534057617,1290452,0.0,0.0
2023-09-13 09:30:00-04:00,18.040000915527344,18.049999237060547,17.93000030517578,17.959999084472656,789485,0.0,0.0
2023-09-13 10:30:00-04:00,17.96500015258789,18.040000915527344,17.950000762939453,18.030000686645508,597988,0.0,0.0
2023-09-13 11:30:00-04:00,18.03499984741211,18.040000915527344,17.989999771118164,18.024999618530273,440915,0.0,0.0
2023-09-13 12:30:00-04:00,18.024999618530273,18.037500381469727,18.0,18.014999389648438,277042,0.0,0.0
2023-09-13 13:30:00-04:00,18.010000228881836,18.030000686645508,17.989999771118164,18.020000457763672,264705,0.0,0.0
2023-09-13 14:30:00-04:00,18.020000457763672,18.024999618530273,17.979999542236328,18.0,406998,0.0,0.0
2023-09-13 15:30:00-04:00,18.0049991607666,18.010000228881836,17.989999771118164,17.989999771118164,952635,0.0,0.0
2023-09-14 09:30:00-04:00,18.110000610351562,18.114999771118164,18.030000686645508,18.049999237060547,320247,0.0,0.0
2023-09-14 10:30:00-04:00,18.045000076293945,18.110000610351562,18.040000915527344,18.079999923706055,250109,0.0,0.0
2023-09-14 11:30:00-04:00,18.084999084472656,18.09000015258789,18.049999237060547,18.05500030517578,400220,0.0,0.0
2023-09-14 12:30:00-04:00,18.05500030517578,18.09000015258789,18.049999237060547,18.079999923706055,240515,0.0,0.0
2023-09-14 13:30:00-04:00,18.084999084472656,18.15999984741211,18.084999084472656,18.1299991607666,328136,0.0,0.0
2023-09-14 14:30:00-04:00,18.1299991607666,18.174999237060547,18.1200008392334,18.125,269326,0.0,0.0
2023-09-14 15:30:00-04:00,18.1200008392334,18.1299991607666,18.110000610351562,18.114999771118164,740294,0.0,0.0
2023-09-15 09:30:00-04:00,18.079999923706055,18.125,18.014999389648438,18.014999389648438,895417,0.0,0.0
2023-09-15 10:30:00-04:00,18.020000457763672,18.049999237060547,17.969999313354492,18.0049991607666,597144,0.0,0.0
2023-09-15 11:30:00-04:00,18.0049991607666,18.0049991607666,17.959999084472656,17.959999084472656,553975,0.0,0.0
2023-09-15 12:30:00-04:00,17.96500015258789,17.989999771118164,17.959999084472656,17.979999542236328,520667,0.0,0.0
2023-09-15 13:30:00-04:00,17.979999542236328,17.9950008392334,17.93000030517578,17.93000030517578,966762,0.0,0.0
2023-09-15 14:30:00-04:00,17.934999465942383,17.954999923706055,17.899999618530273,17.90999984741211,1566829,0.0,0.0
2023-09-15 15:30:00-04:00,17.915000915527344,17.920000076293945,17.69499969482422,17.770000457763672,6200145,0.0,0.0
2023-09-18 09:30:00-04:00,17.75,17.875,17.709999084472656,17.854999542236328,601333,0.0,0.0
2023-09-18 10:30:00-04:00,17.854999542236328,17.8700008392334,17.790000915527344,17.825000762939453,403390,0.0,0.0
2023-09-18 11:30:00-04:00,17.829999923706055,17.860000610351562,17.81999969482422,17.829999923706055,337777,0.0,0.0
2023-09-18 12:30:00-04:00,17.829999923706055,17.860000610351562,17.809999465942383,17.844999313354492,216548,0.0,0.0
2023-09-18 13:30:00-04:00,17.84000015258789,17.860000610351562,17.809999465942383,17.815000534057617,308376,0.0,0.0
2023-09-18 14:30:00-04:00,17.815000534057617,17.81999969482422,17.790000915527344,17.815000534057617,313487,0.0,0.0
2023-09-18 15:30:00-04:00,17.815000534057617,17.81999969482422,17.764999389648438,17.780000686645508,1172954,0.0,0.0
2023-09-19 09:30:00-04:00,17.739999771118164,17.760000228881836,17.690000534057617,17.71500015258789,611236,0.0,0.0
2023-09-19 10:30:00-04:00,17.71500015258789,17.75,17.700000762939453,17.729999542236328,245937,0.0,0.0
2023-09-19 11:30:00-04:00,17.735000610351562,17.75,17.719999313354492,17.719999313354492,162404,0.0,0.0
2023-09-19 12:30:00-04:00,17.725000381469727,17.780000686645508,17.709999084472656,17.764999389648438,334159,0.0,0.0
2023-09-19 13:30:00-04:00,17.764999389648438,17.799999237060547,17.760000228881836,17.780000686645508,174964,0.0,0.0
2023-09-19 14:30:00-04:00,17.780000686645508,17.815000534057617,17.774999618530273,17.790000915527344,541598,0.0,0.0
2023-09-19 15:30:00-04:00,17.790000915527344,17.809999465942383,17.780000686645508,17.790000915527344,857767,0.0,0.0
2023-09-20 09:30:00-04:00,17.959999084472656,18.040000915527344,17.924999237060547,18.040000915527344,601579,0.0,0.0
2023-09-20 10:30:00-04:00,18.035999298095703,18.110000610351562,18.035999298095703,18.059999465942383,736310,0.0,0.0
2023-09-20 11:30:00-04:00,18.065000534057617,18.09000015258789,18.040000915527344,18.084999084472656,447628,0.0,0.0
2023-09-20 12:30:00-04:00,18.084999084472656,18.100000381469727,18.010000228881836,18.014999389648438,527704,0.0,0.0
2023-09-20 13:30:00-04:00,18.014999389648438,18.030000686645508,17.940000534057617,17.975000381469727,525655,0.0,0.0
2023-09-20 14:30:00-04:00,17.975000381469727,18.010000228881836,17.90999984741211,17.934999465942383,651301,0.0,0.0
2023-09-20 15:30:00-04:00,17.934999465942383,17.934999465942383,17.8799991607666,17.8799991607666,988065,0.0,0.0
2023-09-21 09:30:00-04:00,17.90999984741211,17.969999313354492,17.81999969482422,17.825000762939453,1312258,0.0,0.0
2023-09-21 10:30:00-04:00,17.825000762939453,17.895000457763672,17.81999969482422,17.875,655937,0.0,0.0
2023-09-21 11:30:00-04:00,17.875,17.90999984741211,17.84000015258789,17.844999313354492,393079,0.0,0.0
2023-09-21 12:30:00-04:00,17.844999313354492,17.8799991607666,17.809999465942383,17.854999542236328,463519,0.0,0.0
2023-09-21 13:30:00-04:00,17.854999542236328,17.8799991607666,17.84000015258789,17.844999313354492,352520,0.0,0.0
2023-09-21 14:30:00-04:00,17.84000015258789,17.864999771118164,17.799999237060547,17.799999237060547,485472,0.0,0.0
2023-09-21 15:30:00-04:00,17.80500030517578,17.825000762939453,17.739999771118164,17.7450008392334,1727641,0.0,0.0
2023-09-22 09:30:00-04:00,17.889999389648438,17.94499969482422,17.809999465942383,17.81999969482422,1020880,0.0,0.0
2023-09-22 10:30:00-04:00,17.81999969482422,17.829999923706055,17.790000915527344,17.825000762939453,566880,0.0,0.0
2023-09-22 11:30:00-04:00,17.81999969482422,17.850000381469727,17.790000915527344,17.790000915527344,330274,0.0,0.0
2023-09-22 12:30:00-04:00,17.795000076293945,17.81999969482422,17.790000915527344,17.795000076293945,301666,0.0,0.0
2023-09-22 13:30:00-04:00,17.790000915527344,17.799999237060547,17.770000457763672,17.774999618530273,411430,0.0,0.0
2023-09-22 14:30:00-04:00,17.770000457763672,17.809999465942383,17.739999771118164,17.795000076293945,540065,0.0,0.0
2023-09-22 15:30:00-04:00,17.790000915527344,17.799999237060547,17.760000228881836,17.770000457763672,1624003,0.0,0.0
2023-09-25 09:30:00-04:00,17.559999465942383,17.600000381469727,17.40999984741211,17.565000534057617,1291114,0.0,0.0
2023-09-25 10:30:00-04:00,17.565000534057617,17.594999313354492,17.530000686645508,17.55500030517578,649559,0.0,0.0
2023-09-25 11:30:00-04:00,17.55500030517578,17.655000686645508,17.552499771118164,17.645000457763672,462418,0.0,0.0
2023-09-25 12:30:00-04:00,17.639999389648438,17.68000030517578,17.6299991607666,17.649999618530273,389565,0.0,0.0
2023-09-25 13:30:00-04:00,17.649999618530273,17.670000076293945,17.600000381469727,17.604999542236328,468981,0.0,0.0
2023-09-25 14:30:00-04:00,17.604999542236328,17.655000686645508,17.579999923706055,17.610000610351562,628948,0.0,0.0
2023-09-25 15:30:00-04:00,17.602500915527344,17.6299991607666,17.59000015258789,17.610000610351562,780403,0.0,0.0
2023-09-26 09:30:00-04:00,17.43000030517578,17.4950008392334,17.350000381469727,17.3700008392334,1245506,0.0,0.0
2023-09-26 10:30:00-04:00,17.3700008392334,17.3799991607666,17.34000015258789,17.360000610351562,605276,0.0,0.0
2023-09-26 11:30:00-04:00,17.364999771118164,17.375,17.360000610351562,17.364999771118164,449586,0.0,0.0
2023-09-26 12:30:00-04:00,17.360000610351562,17.3700008392334,17.360000610351562,17.360000610351562,362552,0.0,0.0
2023-09-26 13:30:00-04:00,17.360000610351562,17.364999771118164,17.272499084472656,17.274999618530273,759733,0.0,0.0
2023-09-26 14:30:00-04:00,17.270000457763672,17.309999465942383,17.25,17.274999618530273,919533,0.0,0.0
2023-09-26 15:30:00-04:00,17.274999618530273,17.309999465942383,17.264999389648438,17.280000686645508,1264368,0.0,0.0
2023-09-27 09:30:00-04:00,17.420000076293945,17.469999313354492,17.3799991607666,17.40999984741211,2528489,0.0,0.0
2023-09-27 10:30:00-04:00,17.405000686645508,17.410600662231445,17.34000015258789,17.3799991607666,1667046,0.0,0.0
2023-09-27 11:30:00-04:00,17.3799991607666,17.385000228881836,17.329999923706055,17.375,607330,0.0,0.0
2023-09-27 12:30:00-04:00,17.375,17.395000457763672,17.3700008392334,17.385000228881836,568687,0.0,0.0
2023-09-27 13:30:00-04:00,17.385000228881836,17.420000076293945,17.3799991607666,17.415000915527344,1071405,0.0,0.0
2023-09-27 14:30:00-04:00,17.415000915527344,17.5049991607666,17.415000915527344,17.454999923706055,1425257,0.0,0.0
2023-09-27 15:30:00-04:00,17.450000762939453,17.46500015258789,17.399999618530273,17.454999923706055,1803810,0.0,0.0
2023-09-28 09:30:00-04:00,17.040000915527344,17.149999618530273,16.799999237060547,16.80500030517578,7003258,0.0,0.0
2023-09-28 10:30:00-04:00,16.80500030517578,16.975000381469727,16.719999313354492,16.959999084472656,1856611,0.0,0.0
2023-09-28 11:30:00-04:00,16.959999084472656,16.959999084472656,16.885000228881836,16.930400848388672,2305814,0.0,0.0
2023-09-28 12:30:00-04:00,16.934999465942383,16.934999465942383,16.844999313354492,16.895000457763672,430782,0.0,0.0
2023-09-28 13:30:00-04:00,16.889999389648438,17.030000686645508,16.8700008392334,17.030000686645508,1745264,0.0,0.0
2023-09-28 14:30:00-04:00,17.024999618530273,17.02750015258789,16.954999923706055,17.0,1503011,0.0,0.0
2023-09-28 15:30:00-04:00,16.9950008392334,17.0,16.940000534057617,16.959999084472656,2763725,0.0,0.0
2023-09-29 09:30:00-04:00,17.1299991607666,17.290000915527344,17.049999237060547,17.260000228881836,1354234,0.0,0.0
2023-09-29 10:30:00-04:00,17.2549991607666,17.290000915527344,17.190000534057617,17.190000534057617,1056590,0.0,0.0
2023-09-29 11:30:00-04:00,17.190000534057617,17.200000762939453,17.15999984741211,17.174999237060547,668839,0.0,0.0
2023-09-29 12:30:00-04:00,17.174999237060547,17.190000534057617,17.100000381469727,17.170000076293945,843957,0.0,0.0
2023-09-29 13:30:00-04:00,17.170000076293945,17.18000030517578,17.09000015258789,17.091999053955078,824738,0.0,0.0
2023-09-29 14:30:00-04:00,17.09000015258789,17.120100021362305,17.079999923706055,17.1200008392334,1386248,0.0,0.0
2023-09-29 15:30:00-04:00,17.114999771118164,17.1200008392334,17.09000015258789,17.1200008392334,3042154,0.0,0.0
2023-10-02 09:30:00-04:00,17.030000686645508,17.18000030517578,17.030000686645508,17.149999618530273,958785,0.0,0.0
2023-10-02 10:30:00-04:00,17.139999389648438,17.139999389648438,17.05500030517578,17.1299991607666,593996,0.0,0.0
2023-10-02 11:30:00-04:00,17.125,17.145000457763672,17.059999465942383,17.135000228881836,443305,0.0,0.0
2023-10-02 12:30:00-04:00,17.1299991607666,17.149999618530273,17.100000381469727,17.145000457763672,434654,0.0,0.0
2023-10-02 13:30:00-04:00,17.145000457763672,17.170000076293945,17.110000610351562,17.110000610351562,578531,0.0,0.0
2023-10-02 14:30:00-04:00,17.11400032043457,17.155000686645508,17.094999313354492,17.145000457763672,537698,0.0,0.0
2023-10-02 15:30:00-04:00,17.145000457763672,17.190000534057617,17.139999389648438,17.184999465942383,777384,0.0,0.0
2023-10-03 09:30:00-04:00,17.09000015258789,17.239999771118164,17.079999923706055,17.09000015258789,1006649,0.0,0.0
2023-10-03 10:30:00-04:00,17.094999313354492,17.110000610351562,17.065000534057617,17.06999969482422,458960,0.0,0.0
2023-10-03 11:30:00-04:00,17.06999969482422,17.094999313354492,17.049999237060547,17.065000534057617,324718,0.0,0.0
2023-10-03 12:30:00-04:00,17.06999969482422,17.075000762939453,17.030000686645508,17.049999237060547,473873,0.0,0.0
2023-10-03 13:30:00-04:00,17.045000076293945,17.049999237060547,16.985000610351562,17.0,662822,0.0,0.0
2023-10-03 14:30:00-04:00,16.9950008392334,17.020000457763672,16.979999542236328,16.9950008392334,1325683,0.0,0.0
2023-10-03 15:30:00-04:00,17.0,17.020000457763672,16.989999771118164,17.0049991607666,2089535,0.0,0.0
2023-10-04 09:30:00-04:00,17.190000534057617,17.280000686645508,17.155000686645508,17.15999984741211,2108133,0.0,0.0
2023-10-04 10:30:00-04:00,17.165000915527344,17.260000228881836,17.165000915527344,17.2549991607666,734657,0.0,0.0
2023-10-04 11:30:00-04:00,17.2549991607666,17.389999389648438,17.25,17.385000228881836,1067212,0.0,0.0
2023-10-04 12:30:00-04:00,17.385000228881836,17.434999465942383,17.360000610351562,17.3700008392334,401750,0.0,0.0
2023-10-04 13:30:00-04:00,17.364999771118164,17.395000457763672,17.34000015258789,17.395000457763672,541117,0.0,0.0
2023-10-04 14:30:00-04:00,17.395000457763672,17.454999923706055,17.3700008392334,17.43000030517578,564350,0.0,0.0
2023-10-04 15:30:00-04:00,17.434999465942383,17.454999923706055,17.399999618530273,17.440000534057617,1506805,0.0,0.0
2023-10-05 09:30:00-04:00,17.520000457763672,17.594999313354492,17.489999771118164,17.524999618530273,873643,0.0,0.0
2023-10-05 10:30:00-04:00,17.524999618530273,17.53499984741211,17.459999084472656,17.5,721714,0.0,0.0
2023-10-05 11:30:00-04:00,17.5,17.538000106811523,17.469999313354492,17.530000686645508,361783,0.0,0.0
2023-10-05 12:30:00-04:00,17.530000686645508,17.545000076293945,17.5,17.545000076293945,307916,0.0,0.0
2023-10-05 13:30:00-04:00,17.540000915527344,17.549999237060547,17.520000457763672,17.540000915527344,496168,0.0,0.0
2023-10-05 14:30:00-04:00,17.545000076293945,17.6299991607666,17.545000076293945,17.6299991607666,670827,0.0,0.0
2023-10-05 15:30:00-04:00,17.6299991607666,17.645000457763672,17.610000610351562,17.614999771118164,1317358,0.0,0.0
2023-10-06 09:30:00-04:00,17.59000015258789,17.725000381469727,17.53499984741211,17.725000381469727,951195,0.0,0.0
2023-10-06 10:30:00-04:00,17.725000381469727,17.80500030517578,17.68000030517578,17.800100326538086,921647,0.0,0.0
2023-10-06 11:30:00-04:00,17.799999237060547,17.854999542236328,17.799999237060547,17.815000534057617,457491,0.0,0.0
2023-10-06 12:30:00-04:00,17.815000534057617,17.850000381469727,17.790000915527344,17.848600387573242,389822,0.0,0.0
2023-10-06 13:30:00-04:00,17.844999313354492,17.850000381469727,17.829999923706055,17.850000381469727,318884,0.0,0.0
2023-10-06 14:30:00-04:00,17.850000381469727,17.850000381469727,17.809999465942383,17.809999465942383,594657,0.0,0.0
2023-10-06 15:30:00-04:00,17.815000534057617,17.834999084472656,17.770000457763672,17.774999618530273,1572554,0.0,0.0
2023-10-09 09:30:00-04:00,17.579999923706055,17.670000076293945,17.540000915527344,17.604999542236328,2798820,0.0,0.0
2023-10-09 10:30:00-04:00,17.610000610351562,17.6200008392334,17.530000686645508,17.579999923706055,1121313,0.0,0.0
2023-10-09 11:30:00-04:00,17.575000762939453,17.59000015258789,17.549999237060547,17.565000534057617,689129,0.0,0.0
2023-10-09 12:30:00-04:00,17.5625,17.670000076293945,17.549999237060547,17.65999984741211,811768,0.0,0.0
2023-10-09 13:30:00-04:00,17.665000915527344,17.799999237060547,17.65999984741211,17.799999237060547,1148909,0.0,0.0
2023-10-09 14:30:00-04:00,17.795000076293945,17.799999237060547,17.770000457763672,17.799999237060547,586147,0.0,0.0
2023-10-09 15:30:00-04:00,17.795000076293945,17.799999237060547,17.75,17.75,1116213,0.0,0.0
2023-10-10 09:30:00-04:00,17.850000381469727,17.915000915527344,17.81999969482422,17.905000686645508,2008986,0.0,0.0
2023-10-10 10:30:00-04:00,17.905000686645508,17.969999313354492,17.8700008392334,17.96500015258789,711391,0.0,0.0
2023-10-10 11:30:00-04:00,17.96500015258789,17.9950008392334,17.950000762939453,17.9950008392334,1156034,0.0,0.0
2023-10-10 12:30:00-04:00,17.9950008392334,18.0,17.8799991607666,17.895000457763672,1333156,0.0,0.0
2023-10-10 13:30:00-04:00,17.895000457763672,17.90999984741211,17.780000686645508,17.825000762939453,2064548,0.0,0.0
2023-10-10 14:30:00-04:00,17.829999923706055,17.844999313354492,17.799999237060547,17.80500030517578,1332478,0.0,0.0
2023-10-10 15:30:00-04:00,17.80500030517578,17.8700008392334,17.799999237060547,17.854999542236328,1957688,0.0,0.0
2023-10-11 09:30:00-04:00,17.860000610351562,17.93000030517578,17.6200008392334,17.68000030517578,3846372,0.0,0.0
2023-10-11 10:30:00-04:00,17.68000030517578,17.790000915527344,17.655000686645508,17.739999771118164,1642632,0.0,0.0
2023-10-11 11:30:00-04:00,17.735000610351562,17.7450008392334,17.670000076293945,17.670000076293945,919164,0.0,0.0
2023-10-11 12:30:00-04:00,17.674999237060547,17.700000762939453,17.635000228881836,17.665000915527344,962159,0.0,0.0
2023-10-11 13:30:00-04:00,17.670000076293945,17.69499969482422,17.6299991607666,17.674999237060547,1195251,0.0,0.0
2023-10-11 14:30:00-04:00,17.674999237060547,17.69499969482422,17.639999389648438,17.674999237060547,1260715,0.0,0.0
2023-10-11 15:30:00-04:00,17.670000076293945,17.71500015258789,17.549999237060547,17.6200008392334,4985655,0.0,0.0
2023-10-12 09:30:00-04:00,16.399999618530273,16.889999389648438,16.209999084472656,16.5049991607666,8553255,0.0,0.0
2023-10-12 10:30:00-04:00,16.5,16.575000762939453,16.389999389648438,16.46500015258789,2895017,0.0,0.0
2023-10-12 11:30:00-04:00,16.46500015258789,16.540000915527344,16.440000534057617,16.510000228881836,2165873,0.0,0.0
2023-10-12 12:30:00-04:00,16.510000228881836,16.520000457763672,16.399999618530273,16.420000076293945,1842451,0.0,0.0
2023-10-12 13:30:00-04:00,16.415000915527344,16.5,16.31999969482422,16.364999771118164,1651440,0.0,0.0
2023-10-12 14:30:00-04:00,16.364999771118164,16.530000686645508,16.354999542236328,16.524999618530273,2571225,0.0,0.0
2023-10-12 15:30:00-04:00,16.524999618530273,16.540000915527344,16.43000030517578,16.459999084472656,6163921,0.0,0.0
2023-10-13 09:30:00-04:00,16.84000015258789,17.155000686645508,16.770000457763672,17.135000228881836,3631688,0.0,0.0
2023-10-13 10:30:00-04:00,17.135000228881836,17.190000534057617,16.8799991607666,16.885000228881836,2578497,0.0,0.0
2023-10-13 11:30:00-04:00,16.885000228881836,16.969999313354492,16.834999084472656,16.96500015258789,1099845,0.0,0.0
2023-10-13 12:30:00-04:00,16.969999313354492,17.0049991607666,16.8700008392334,16.90999984741211,1263045,0.0,0.0
2023-10-13 13:30:00-04:00,16.905000686645508,16.979999542236328,16.899999618530273,16.96500015258789,921698,0.0,0.0
2023-10-13 14:30:00-04:00,16.96500015258789,16.989999771118164,16.940000534057617,16.940000534057617,858305,0.0,0.0
2023-10-13 15:30:00-04:00,16.94499969482422,16.969999313354492,16.899999618530273,16.915000915527344,2277966,0.0,0.0
2023-10-16 09:30:00-04:00,16.969999313354492,17.18000030517578,16.969999313354492,17.165000915527344,2101894,0.0,0.0
2023-10-16 10:30:00-04:00,17.165000915527344,17.18000030517578,17.110000610351562,17.15999984741211,1142087,0.0,0.0
2023-10-16 11:30:00-04:00,17.165000915527344,17.239999771118164,17.149999618530273,17.219999313354492,638624,0.0,0.0
2023-10-16 12:30:00-04:00,17.219999313354492,17.25,17.174999237060547,17.204999923706055,618305,0.0,0.0
2023-10-16 13:30:00-04:00,17.204999923706055,17.299999237060547,17.200000762939453,17.21500015258789,634294,0.0,0.0
2023-10-16 14:30:00-04:00,17.209999084472656,17.25,17.190000534057617,17.2450008392334,593082,0.0,0.0
2023-10-16 15:30:00-04:00,17.239999771118164,17.260000228881836,17.200000762939453,17.200000762939453,1375718,0.0,0.0
2023-10-17 09:30:00-04:00,17.09000015258789,17.329999923706055,17.09000015258789,17.274999618530273,1086514,0.0,0.0
2023-10-17 10:30:00-04:00,17.280000686645508,17.34000015258789,17.260000228881836,17.329999923706055,671170,0.0,0.0
2023-10-17 11:30:00-04:00,17.325000762939453,17.389999389648438,17.3125,17.385000228881836,463897,0.0,0.0
2023-10-17 12:30:00-04:00,17.385000228881836,17.399999618530273,17.350000381469727,17.3799991607666,640444,0.0,0.0
2023-10-17 13:30:00-04:00,17.3799991607666,17.387500762939453,17.31999969482422,17.334999084472656,714576,0.0,0.0
2023-10-17 14:30:00-04:00,17.334999084472656,17.3700008392334,17.299999237060547,17.334999084472656,1379889,0.0,0.0
2023-10-17 15:30:00-04:00,17.334999084472656,17.360000610351562,17.315000534057617,17.350000381469727,1853635,0.0,0.0
2023-10-18 09:30:00-04:00,17.18000030517578,17.280000686645508,17.139999389648438,17.27199935913086,1023994,0.0,0.0
2023-10-18 10:30:00-04:00,17.270000457763672,17.280000686645508,17.219999313354492,17.264999389648438,831349,0.0,0.0
2023-10-18 11:30:00-04:00,17.264999389648438,17.280000686645508,17.18000030517578,17.207500457763672,732314,0.0,0.0
2023-10-18 12:30:00-04:00,17.200000762939453,17.209999084472656,17.139999389648438,17.200000762939453,706343,0.0,0.0
2023-10-18 13:30:00-04:00,17.200000762939453,17.200000762939453,17.125,17.17729949951172,951592,0.0,0.0
2023-10-18 14:30:00-04:00,17.174999237060547,17.190000534057617,17.135000228881836,17.149999618530273,438291,0.0,0.0
2023-10-18 15:30:00-04:00,17.149999618530273,17.15999984741211,17.100000381469727,17.139999389648438,1133992,0.0,0.0
2023-10-19 09:30:00-04:00,17.09000015258789,17.149999618530273,17.06999969482422,17.104999542236328,921085,0.0,0.0
2023-10-19 10:30:00-04:00,17.104999542236328,17.139999389648438,17.084999084472656,17.139999389648438,399595,0.0,0.0
2023-10-19 11:30:00-04:00,17.139999389648438,17.200000762939453,17.110000610351562,17.170000076293945,609230,0.0,0.0
2023-10-19 12:30:00-04:00,17.170000076293945,17.260000228881836,17.094999313354492,17.25,489499,0.0,0.0
2023-10-19 13:30:00-04:00,17.25,17.25,17.165000915527344,17.18000030517578,514218,0.0,0.0
2023-10-19 14:30:00-04:00,17.18000030517578,17.18000030517578,17.079999923706055,17.094999313354492,457712,0.0,0.0
2023-10-19 15:30:00-04:00,17.094999313354492,17.1200008392334,17.075000762939453,17.079999923706055,973122,0.0,0.0
2023-10-20 09:30:00-04:00,17.0,17.174999237060547,17.0,17.0049991607666,771563,0.0,0.0
2023-10-20 10:30:00-04:00,17.0049991607666,17.030000686645508,16.940000534057617,16.94499969482422,710345,0.0,0.0
2023-10-20 11:30:00-04:00,16.94499969482422,17.009000778198242,16.93000030517578,16.985000610351562,533832,0.0,0.0
2023-10-20 12:30:00-04:00,16.985000610351562,17.024999618530273,16.959999084472656,17.020000457763672,670465,0.0,0.0
2023-10-20 13:30:00-04:00,17.020000457763672,17.059999465942383,16.985000610351562,16.9950008392334,582253,0.0,0.0
2023-10-20 14:30:00-04:00,16.9950008392334,17.040000915527344,16.989999771118164,17.010000228881836,693737,0.0,0.0
2023-10-20 15:30:00-04:00,17.010000228881836,17.020000457763672,16.979999542236328,16.985000610351562,1240006,0.0,0.0
2023-10-23 09:30:00-04:00,16.760000228881836,16.81999969482422,16.709999084472656,16.774999618530273,974472,0.0,0.0
2023-10-23 10:30:00-04:00,16.774999618530273,16.809999465942383,16.739999771118164,16.790000915527344,912098,0.0,0.0
2023-10-23 11:30:00-04:00,16.790000915527344,16.899999618530273,16.78499984741211,16.888500213623047,821408,0.0,0.0
2023-10-23 12:30:00-04:00,16.888700485229492,17.010000228881836,16.8799991607666,16.950000762939453,2336125,0.0,0.0
2023-10-23 13:30:00-04:00,16.950000762939453,16.954999923706055,16.875,16.889999389648438,903469,0.0,0.0
2023-10-23 14:30:00-04:00,16.889999389648438,16.899999618530273,16.829999923706055,16.829999923706055,1026987,0.0,0.0
2023-10-23 15:30:00-04:00,16.829999923706055,16.829999923706055,16.780000686645508,16.780000686645508,1200255,0.0,0.0
2023-10-24 09:30:00-04:00,16.670000076293945,16.815000534057617,16.670000076293945,16.78499984741211,1467570,0.0,0.0
2023-10-24 10:30:00-04:00,16.790000915527344,16.799999237060547,16.68000030517578,16.700000762939453,640846,0.0,0.0
2023-10-24 11:30:00-04:00,16.700000762939453,16.727500915527344,16.68000030517578,16.6875,558803,0.0,0.0
2023-10-24 12:30:00-04:00,16.684999465942383,16.709999084472656,16.649999618530273,16.704999923706055,364383,0.0,0.0
2023-10-24 13:30:00-04:00,16.704999923706055,16.760000228881836,16.672500610351562,16.7549991607666,518828,0.0,0.0
2023-10-24 14:30:00-04:00,16.760000228881836,16.790000915527344,16.75,16.780000686645508,614097,0.0,0.0
2023-10-24 15:30:00-04:00,16.78499984741211,16.790000915527344,16.75,16.790000915527344,1018943,0.0,0.0
2023-10-25 09:30:00-04:00,16.459999084472656,16.510000228881836,16.389999389648438,16.43000030517578,780997,0.0,0.0
2023-10-25 10:30:00-04:00,16.424999237060547,16.530000686645508,16.420000076293945,16.520000457763672,510485,0.0,0.0
2023-10-25 11:30:00-04:00,16.524999618530273,16.530000686645508,16.43000030517578,16.434999465942383,338838,0.0,0.0
2023-10-25 12:30:00-04:00,16.43000030517578,16.454999923706055,16.3700008392334,16.375,545989,0.0,0.0
2023-10-25 13:30:00-04:00,16.3700008392334,16.459999084472656,16.3700008392334,16.454999923706055,703468,0.0,0.0
2023-10-25 14:30:00-04:00,16.459999084472656,16.469999313354492,16.415000915527344,16.420000076293945,481838,0.0,0.0
2023-10-25 15:30:00-04:00,16.424999237060547,16.434999465942383,16.3700008392334,16.389999389648438,979059,0.0,0.0
2023-10-26 09:30:00-04:00,16.389999389648438,16.424999237060547,16.270000457763672,16.364999771118164,1579154,0.0,0.0
2023-10-26 10:30:00-04:00,16.364999771118164,16.46500015258789,16.344999313354492,16.389999389648438,1538057,0.0,0.0
2023-10-26 11:30:00-04:00,16.393299102783203,16.43000030517578,16.315000534057617,16.334999084472656,513660,0.0,0.0
2023-10-26 12:30:00-04:00,16.329999923706055,16.350000381469727,16.309999465942383,16.329999923706055,319492,0.0,0.0
2023-10-26 13:30:00-04:00,16.325000762939453,16.375,16.299999237060547,16.364999771118164,466752,0.0,0.0
2023-10-26 14:30:00-04:00,16.3700008392334,16.399999618530273,16.360000610351562,16.399999618530273,1170970,0.0,0.0
2023-10-26 15:30:00-04:00,16.399999618530273,16.40999984741211,16.31999969482422,16.31999969482422,1064557,0.0,0.0
2023-10-27 09:30:00-04:00,16.510000228881836,16.604999542236328,16.420000076293945,16.459999084472656,1240245,0.0,0.0
2023-10-27 10:30:00-04:00,16.459999084472656,16.479999542236328,16.420000076293945,16.459999084472656,443833,0.0,0.0
2023-10-27 11:30:00-04:00,16.459999084472656,16.489999771118164,16.450000762939453,16.450000762939453,776623,0.0,0.0
2023-10-27 12:30:00-04:00,16.459999084472656,16.459999084472656,16.395000457763672,16.40999984741211,462224,0.0,0.0
2023-10-27 13:30:00-04:00,16.415000915527344,16.43000030517578,16.399999618530273,16.399999618530273,720537,0.0,0.0
2023-10-27 14:30:00-04:00,16.405000686645508,16.459999084472656,16.399999618530273,16.43000030517578,621661,0.0,0.0
2023-10-27 15:30:00-04:00,16.43000030517578,16.450000762939453,16.40999984741211,16.450000762939453,1010347,0.0,0.0
2023-10-30 09:30:00-04:00,16.5,16.559999465942383,16.385000228881836,16.424999237060547,774361,0.0,0.0
2023-10-30 10:30:00-04:00,16.424999237060547,16.489999771118164,16.420000076293945,16.459999084472656,699312,0.0,0.0
2023-10-30 11:30:00-04:00,16.469999313354492,16.524999618530273,16.44499969482422,16.475000381469727,675655,0.0,0.0
2023-10-30 12:30:00-04:00,16.475000381469727,16.489999771118164,16.440000534057617,16.485000610351562,708629,0.0,0.0
2023-10-30 13:30:00-04:00,16.489999771118164,16.510000228881836,16.459999084472656,16.485000610351562,503607,0.0,0.0
2023-10-30 14:30:00-04:00,16.485000610351562,16.530000686645508,16.479999542236328,16.514999389648438,712890,0.0,0.0
2023-10-30 15:30:00-04:00,16.514999389648438,16.520000457763672,16.479999542236328,16.485000610351562,1232652,0.0,0.0
2023-10-31 09:30:00-04:00,16.40999984741211,16.454999923706055,16.315000534057617,16.450000762939453,808360,0.0,0.0
2023-10-31 10:30:00-04:00,16.450000762939453,16.5,16.440000534057617,16.485000610351562,534308,0.0,0.0
2023-10-31 11:30:00-04:00,16.479999542236328,16.485000610351562,16.450000762939453,16.46500015258789,323116,0.0,0.0
2023-10-31 12:30:00-04:00,16.46500015258789,16.479999542236328,16.44499969482422,16.479999542236328,263871,0.0,0.0
2023-10-31 13:30:00-04:00,16.475000381469727,16.489999771118164,16.459999084472656,16.475000381469727,225548,0.0,0.0
2023-10-31 14:30:00-04:00,16.475000381469727,16.510000228881836,16.459999084472656,16.459999084472656,479906,0.0,0.0
2023-10-31 15:30:00-04:00,16.459999084472656,16.459999084472656,16.420000076293945,16.420000076293945,1402639,0.0,0.0
2023-11-01 09:30:00-04:00,16.299999237060547,16.360000610351562,16.270000457763672,16.31999969482422,952028,0.0,0.0
2023-11-01 10:30:00-04:00,16.325000762939453,16.354999542236328,16.270000457763672,16.315000534057617,1123652,0.0,0.0
2023-11-01 11:30:00-04:00,16.315000534057617,16.329999923706055,16.299999237060547,16.309999465942383,494815,0.0,0.0
2023-11-01 12:30:00-04:00,16.309999465942383,16.364999771118164,16.309999465942383,16.329999923706055,332962,0.0,0.0
2023-11-01 13:30:00-04:00,16.334999084472656,16.34000015258789,16.295000076293945,16.329999923706055,390437,0.0,0.0
2023-11-01 14:30:00-04:00,16.325000762939453,16.399999618530273,16.295000076293945,16.395000457763672,1032800,0.0,0.0
2023-11-01 15:30:00-04:00,16.395000457763672,16.40999984741211,16.3799991607666,16.405000686645508,1187807,0.0,0.0
2023-11-02 09:30:00-04:00,16.6200008392334,16.639999389648438,16.545000076293945,16.600000381469727,1980381,0.0,0.0
2023-11-02 10:30:00-04:00,16.600000381469727,16.600000381469727,16.549999237060547,16.584999084472656,928854,0.0,0.0
2023-11-02 11:30:00-04:00,16.584999084472656,16.600000381469727,16.549999237060547,16.575000762939453,1299051,0.0,0.0
2023-11-02 12:30:00-04:00,16.575000762939453,16.594999313354492,16.549999237060547,16.575000762939453,1260570,0.0,0.0
2023-11-02 13:30:00-04:00,16.575000762939453,16.6200008392334,16.559999465942383,16.614999771118164,760354,0.0,0.0
2023-11-02 14:30:00-04:00,16.614999771118164,16.739999771118164,16.614999771118164,16.704999923706055,1117016,0.0,0.0
2023-11-02 15:30:00-04:00,16.709999084472656,16.719999313354492,16.649999618530273,16.700000762939453,1585994,0.0,0.0
2023-11-03 09:30:00-04:00,16.799999237060547,16.850000381469727,16.69499969482422,16.760000228881836,1620834,0.0,0.0
2023-11-03 10:30:00-04:00,16.760000228881836,16.790000915527344,16.719999313354492,16.774999618530273,1028066,0.0,0.0
2023-11-03 11:30:00-04:00,16.780000686645508,16.815000534057617,16.770000457763672,16.774999618530273,752713,0.0,0.0
2023-11-03 12:30:00-04:00,16.770000457763672,16.790000915527344,16.684999465942383,16.704999923706055,1009726,0.0,0.0
2023-11-03 13:30:00-04:00,16.704999923706055,16.729999542236328,16.68000030517578,16.704999923706055,1332723,0.0,0.0
2023-11-03 14:30:00-04:00,16.704999923706055,16.739999771118164,16.700000762939453,16.709999084472656,970331,0.0,0.0
2023-11-03 15:30:00-04:00,16.71500015258789,16.71500015258789,16.670000076293945,16.68000030517578,1223159,0.0,0.0
2023-11-06 09:30:00-05:00,16.799999237060547,16.829999923706055,16.719999313354492,16.795000076293945,552215,0.0,0.0
2023-11-06 10:30:00-05:00,16.799999237060547,16.84000015258789,16.780000686645508,16.825000762939453,398069,0.0,0.0
2023-11-06 11:30:00-05:00,16.81999969482422,16.84000015258789,16.790000915527344,16.795000076293945,330417,0.0,0.0
2023-11-06 12:30:00-05:00,16.790000915527344,16.809999465942383,16.770000457763672,16.790000915527344,308079,0.0,0.0
2023-11-06 13:30:00-05:00,16.78499984741211,16.809999465942383,16.78499984741211,16.795000076293945,275926,0.0,0.0
2023-11-06 14:30:00-05:00,16.795000076293945,16.860000610351562,16.795000076293945,16.844999313354492,765034,0.0,0.0
2023-11-06 15:30:00-05:00,16.844999313354492,16.8700008392334,16.81999969482422,16.860000610351562,756720,0.0,0.0
2023-11-07 09:30:00-05:00,16.799999237060547,16.850000381469727,16.709999084472656,16.80120086669922,468352,0.0,0.0
2023-11-07 10:30:00-05:00,16.809999465942383,16.850000381469727,16.80500030517578,16.815000534057617,357950,0.0,0.0
2023-11-07 11:30:00-05:00,16.815000534057617,16.84000015258789,16.780000686645508,16.80500030517578,323755,0.0,0.0
2023-11-07 12:30:00-05:00,16.799999237060547,16.834999084472656,16.790000915527344,16.81999969482422,271580,0.0,0.0
2023-11-07 13:30:00-05:00,16.825000762939453,16.84000015258789,16.790000915527344,16.80500030517578,402446,0.0,0.0
2023-11-07 14:30:00-05:00,16.80500030517578,16.809999465942383,16.790000915527344,16.80500030517578,208570,0.0,0.0
2023-11-07 15:30:00-05:00,16.80500030517578,16.81999969482422,16.780000686645508,16.795000076293945,627912,0.0,0.0
2023-11-08 09:30:00-05:00,16.68000030517578,16.719999313354492,16.6200008392334,16.704999923706055,527105,0.0,0.0
2023-11-08 10:30:00-05:00,16.704999923706055,16.729999542236328,16.674999237060547,16.709999084472656,301322,0.0,0.0
2023-11-08 11:30:00-05:00,16.709999084472656,16.729999542236328,16.68000030517578,16.684999465942383,291047,0.0,0.0
2023-11-08 12:30:00-05:00,16.68000030517578,16.69499969482422,16.662500381469727,16.68000030517578,321681,0.0,0.0
2023-11-08 13:30:00-05:00,16.68000030517578,16.690000534057617,16.639999389648438,16.65130043029785,350404,0.0,0.0
2023-11-08 14:30:00-05:00,16.655000686645508,16.670000076293945,16.6299991607666,16.655000686645508,300586,0.0,0.0
2023-11-08 15:30:00-05:00,16.655000686645508,16.690000534057617,16.649999618530273,16.684999465942383,990339,0.0,0.0
2023-11-09 09:30:00-05:00,16.540000915527344,16.579999923706055,16.440000534057617,16.5049991607666,1411100,0.0,0.0
2023-11-09 10:30:00-05:00,16.5,16.55500030517578,16.485000610351562,16.510000228881836,1262579,0.0,0.0
2023-11-09 11:30:00-05:00,16.514999389648438,16.530000686645508,16.489999771118164,16.5,641768,0.0,0.0
2023-11-09 12:30:00-05:00,16.4950008392334,16.540000915527344,16.459999084472656,16.489999771118164,483861,0.0,0.0
2023-11-09 13:30:00-05:00,16.489999771118164,16.489999771118164,16.389999389648438,16.424999237060547,545310,0.0,0.0
2023-11-09 14:30:00-05:00,16.420000076293945,16.43000030517578,16.3700008392334,16.3799991607666,673423,0.0,0.0
2023-11-09 15:30:00-05:00,16.375,16.385000228881836,16.34000015258789,16.360000610351562,2010012,0.0,0.0
2023-11-10 09:30:00-05:00,16.399999618530273,16.540000915527344,16.375,16.540000915527344,518224,0.0,0.0
2023-11-10 10:30:00-05:00,16.53499984741211,16.6299991607666,16.5049991607666,16.614999771118164,591744,0.0,0.0
2023-11-10 11:30:00-05:00,16.614999771118164,16.649999618530273,16.600000381469727,16.635000228881836,349747,0.0,0.0
2023-11-10 12:30:00-05:00,16.635000228881836,16.68000030517578,16.600000381469727,16.600000381469727,664835,0.0,0.0
2023-11-10 13:30:00-05:00,16.600000381469727,16.6200008392334,16.584999084472656,16.610000610351562,511612,0.0,0.0
2023-11-10 14:30:00-05:00,16.610000610351562,16.625,16.59000015258789,16.6200008392334,848645,0.0,0.0
2023-11-10 15:30:00-05:00,16.614999771118164,16.6299991607666,16.59000015258789,16.625,1346897,0.0,0.0
2023-11-13 09:30:00-05:00,16.450000762939453,16.530000686645508,16.420000076293945,16.454999923706055,661256,0.0,0.0
2023-11-13 10:30:00-05:00,16.459999084472656,16.584999084472656,16.459999084472656,16.579999923706055,627177,0.0,0.0
2023-11-13 11:30:00-05:00,16.579500198364258,16.610000610351562,16.571500778198242,16.600000381469727,302873,0.0,0.0
2023-11-13 12:30:00-05:00,16.594999313354492,16.604999542236328,16.559999465942383,16.575000762939453,480487,0.0,0.0
2023-11-13 13:30:00-05:00,16.575000762939453,16.594999313354492,16.549999237060547,16.56999969482422,434052,0.0,0.0
2023-11-13 14:30:00-05:00,16.56999969482422,16.579999923706055,16.549999237060547,16.565000534057617,479929,0.0,0.0
2023-11-13 15:30:00-05:00,16.565000534057617,16.59000015258789,16.549999237060547,16.549999237060547,1088322,0.0,0.0
2023-11-14 09:30:00-05:00,16.75,16.940000534057617,16.729999542236328,16.934999465942383,2061054,0.0,0.0
2023-11-14 10:30:00-05:00,16.940000534057617,16.940000534057617,16.920000076293945,16.940000534057617,731107,0.0,0.0
2023-11-14 11:30:00-05:00,16.934999465942383,16.940000534057617,16.8799991607666,16.885000228881836,466410,0.0,0.0
2023-11-14 12:30:00-05:00,16.885000228881836,16.940000534057617,16.8799991607666,16.924999237060547,257314,0.0,0.0
2023-11-14 13:30:00-05:00,16.924999237060547,16.950000762939453,16.920000076293945,16.920000076293945,519258,0.0,0.0
2023-11-14 14:30:00-05:00,16.920000076293945,16.989999771118164,16.920000076293945,16.975000381469727,927749,0.0,0.0
2023-11-14 15:30:00-05:00,16.975000381469727,16.979999542236328,16.90999984741211,16.920000076293945,1679208,0.0,0.0
2023-11-15 09:30:00-05:00,16.969999313354492,17.145000457763672,16.969999313354492,17.135000228881836,926076,0.0,0.0
2023-11-15 10:30:00-05:00,17.135000228881836,17.200000762939453,17.1299991607666,17.190000534057617,1095429,0.0,0.0
2023-11-15 11:30:00-05:00,17.190000534057617,17.290000915527344,17.170000076293945,17.290000915527344,1682887,0.0,0.0
2023-11-15 12:30:00-05:00,17.28499984741211,17.299999237060547,17.260000228881836,17.290000915527344,811448,0.0,0.0
2023-11-15 13:30:00-05:00,17.28499984741211,17.334999084472656,17.280000686645508,17.31399917602539,1306905,0.0,0.0
2023-11-15 14:30:00-05:00,17.315000534057617,17.344999313354492,17.309999465942383,17.329999923706055,1231063,0.0,0.0
2023-11-15 15:30:00-05:00,17.329999923706055,17.360000610351562,17.329999923706055,17.360000610351562,2507723,0.0,0.0
2023-11-16 09:30:00-05:00,17.450000762939453,17.510000228881836,17.395000457763672,17.420000076293945,819368,0.0,0.0
2023-11-16 10:30:00-05:00,17.420000076293945,17.440000534057617,17.309999465942383,17.309999465942383,658120,0.0,0.0
2023-11-16 11:30:00-05:00,17.309999465942383,17.3700008392334,17.299999237060547,17.354999542236328,409079,0.0,0.0
2023-11-16 12:30:00-05:00,17.354999542236328,17.399999618530273,17.350000381469727,17.364999771118164,380860,0.0,0.0
2023-11-16 13:30:00-05:00,17.364999771118164,17.3700008392334,17.31999969482422,17.350000381469727,305681,0.0,0.0
2023-11-16 14:30:00-05:00,17.354999542236328,17.3700008392334,17.299999237060547,17.30500030517578,783305,0.0,0.0
2023-11-16 15:30:00-05:00,17.30500030517578,17.31999969482422,17.280000686645508,17.28499984741211,1850022,0.0,0.0
2023-11-17 09:30:00-05:00,17.309999465942383,17.360000610351562,17.270000457763672,17.344999313354492,583762,0.0,0.0
2023-11-17 10:30:00-05:00,17.34000015258789,17.399999618530273,17.329999923706055,17.3700008392334,410670,0.0,0.0
2023-11-17 11:30:00-05:00,17.375,17.40999984741211,17.350000381469727,17.385000228881836,344868,0.0,0.0
2023-11-17 12:30:00-05:00,17.385000228881836,17.440000534057617,17.3799991607666,17.434999465942383,312545,0.0,0.0
2023-11-17 13:30:00-05:00,17.434999465942383,17.469999313354492,17.43000030517578,17.46500015258789,426011,0.0,0.0
2023-11-17 14:30:00-05:00,17.469999313354492,17.485000610351562,17.459999084472656,17.475000381469727,500799,0.0,0.0
2023-11-17 15:30:00-05:00,17.475000381469727,17.514999389648438,17.459999084472656,17.510000228881836,1200528,0.0,0.0
2023-11-20 09:30:00-05:00,17.40999984741211,17.479999542236328,17.3700008392334,17.44499969482422,777952,0.0,0.0
2023-11-20 10:30:00-05:00,17.44499969482422,17.469999313354492,17.420000076293945,17.450000762939453,499840,0.0,0.0
2023-11-20 11:30:00-05:00,17.450000762939453,17.454999923706055,17.40999984741211,17.44499969482422,334379,0.0,0.0
2023-11-20 12:30:00-05:00,17.44499969482422,17.520000457763672,17.440000534057617,17.514999389648438,701345,0.0,0.0
2023-11-20 13:30:00-05:00,17.514999389648438,17.549999237060547,17.4950008392334,17.549999237060547,327708,0.0,0.0
2023-11-20 14:30:00-05:00,17.545000076293945,17.579999923706055,17.545000076293945,17.575000762939453,546304,0.0,0.0
2023-11-20 15:30:00-05:00,17.579999923706055,17.579999923706055,17.540000915527344,17.549999237060547,1077296,0.0,0.0
2023-11-21 09:30:00-05:00,17.469999313354492,17.549999237060547,17.420000076293945,17.434999465942383,809652,0.0,0.0
2023-11-21 10:30:00-05:00,17.440000534057617,17.459999084472656,17.420000076293945,17.434999465942383,498057,0.0,0.0
2023-11-21 11:30:00-05:00,17.43000030517578,17.469999313354492,17.43000030517578,17.46500015258789,486419,0.0,0.0
2023-11-21 12:30:00-05:00,17.46500015258789,17.469999313354492,17.420000076293945,17.434999465942383,449149,0.0,0.0
2023-11-21 13:30:00-05:00,17.434999465942383,17.450000762939453,17.40999984741211,17.44499969482422,563841,0.0,0.0
2023-11-21 14:30:00-05:00,17.44499969482422,17.489999771118164,17.43000030517578,17.450000762939453,509203,0.0,0.0
2023-11-21 15:30:00-05:00,17.450000762939453,17.469999313354492,17.440000534057617,17.44499969482422,1208100,0.0,0.0
2023-11-22 09:30:00-05:00,17.639999389648438,17.68000030517578,17.4950008392334,17.575000762939453,1443569,0.0,0.0
2023-11-22 10:30:00-05:00,17.56999969482422,17.610000610351562,17.540000915527344,17.549999237060547,436870,0.0,0.0
2023-11-22 11:30:00-05:00,17.559999465942383,17.6299991607666,17.559999465942383,17.594999313354492,542615,0.0,0.0
2023-11-22 12:30:00-05:00,17.594999313354492,17.600000381469727,17.559999465942383,17.59000015258789,349911,0.0,0.0
2023-11-22 13:30:00-05:00,17.59000015258789,17.604999542236328,17.579999923706055,17.59000015258789,332992,0.0,0.0
2023-11-22 14:30:00-05:00,17.594999313354492,17.59749984741211,17.559999465942383,17.575000762939453,390302,0.0,0.0
2023-11-22 15:30:00-05:00,17.579999923706055,17.59000015258789,17.559999465942383,17.565000534057617,1079159,0.0,0.0
2023-11-24 09:30:00-05:00,17.389999389648438,17.405000686645508,17.290000915527344,17.360000610351562,927883,0.0,0.0
2023-11-24 10:30:00-05:00,17.360000610351562,17.40999984741211,17.360000610351562,17.399999618530273,697271,0.0,0.0
2023-11-24 11:30:00-05:00,17.399999618530273,17.43000030517578,17.389999389648438,17.424999237060547,423836,0.0,0.0
2023-11-27 09:30:00-05:00,17.34000015258789,17.420000076293945,17.264999389648438,17.395000457763672,517499,0.0,0.0
2023-11-27 10:30:00-05:00,17.399999618530273,17.40999984741211,17.34000015258789,17.3799991607666,657937,0.0,0.0
2023-11-27 11:30:00-05:00,17.385000228881836,17.420000076293945,17.375,17.405000686645508,414902,0.0,0.0
2023-11-27 12:30:00-05:00,17.399999618530273,17.415000915527344,17.389999389648438,17.399999618530273,303075,0.0,0.0
2023-11-27 13:30:00-05:00,17.399999618530273,17.40999984741211,17.3799991607666,17.395700454711914,237239,0.0,0.0
2023-11-27 14:30:00-05:00,17.395000457763672,17.399999618530273,17.360000610351562,17.385000228881836,689176,0.0,0.0
2023-11-27 15:30:00-05:00,17.389999389648438,17.399999618530273,17.360000610351562,17.3799991607666,729867,0.0,0.0
2023-11-28 09:30:00-05:00,17.3700008392334,17.489999771118164,17.34000015258789,17.485000610351562,1776970,0.0,0.0
2023-11-28 10:30:00-05:00,17.485000610351562,17.559999465942383,17.450000762939453,17.545000076293945,760086,0.0,0.0
2023-11-28 11:30:00-05:00,17.545000076293945,17.600000381469727,17.545000076293945,17.584999084472656,733084,0.0,0.0
2023-11-28 12:30:00-05:00,17.59000015258789,17.59000015258789,17.530000686645508,17.579999923706055,614207,0.0,0.0
2023-11-28 13:30:00-05:00,17.579999923706055,17.614999771118164,17.579999923706055,17.604999542236328,599798,0.0,0.0
2023-11-28 14:30:00-05:00,17.604999542236328,17.649999618530273,17.600000381469727,17.649999618530273,634172,0.0,0.0
2023-11-28 15:30:00-05:00,17.645000457763672,17.670000076293945,17.6299991607666,17.639999389648438,1356371,0.0,0.0
2023-11-29 09:30:00-05:00,17.739999771118164,17.7450008392334,17.6299991607666,17.639999389648438,1797806,0.0,0.0
2023-11-29 10:30:00-05:00,17.639999389648438,17.700000762939453,17.6299991607666,17.635000228881836,459721,0.0,0.0
2023-11-29 11:30:00-05:00,17.635000228881836,17.670000076293945,17.6299991607666,17.645000457763672,616320,0.0,0.0
2023-11-29 12:30:00-05:00,17.649999618530273,17.690000534057617,17.639999389648438,17.665000915527344,333566,0.0,0.0
2023-11-29 13:30:00-05:00,17.66010093688965,17.670000076293945,17.639999389648438,17.649999618530273,353049,0.0,0.0
2023-11-29 14:30:00-05:00,17.649999618530273,17.655000686645508,17.600000381469727,17.614999771118164,416159,0.0,0.0
2023-11-29 15:30:00-05:00,17.614999771118164,17.6299991607666,17.600000381469727,17.6299991607666,854771,0.0,0.0
2023-11-30 09:30:00-05:00,17.610000610351562,17.690000534057617,17.469999313354492,17.559999465942383,1725187,0.0,0.0
2023-11-30 10:30:00-05:00,17.559999465942383,17.6200008392334,17.549999237060547,17.610000610351562,513338,0.0,0.0
2023-11-30 11:30:00-05:00,17.604999542236328,17.610000610351562,17.510000228881836,17.520000457763672,326696,0.0,0.0
2023-11-30 12:30:00-05:00,17.520000457763672,17.559999465942383,17.514999389648438,17.53499984741211,283410,0.0,0.0
2023-11-30 13:30:00-05:00,17.53499984741211,17.59000015258789,17.514999389648438,17.575000762939453,292914,0.0,0.0
2023-11-30 14:30:00-05:00,17.575000762939453,17.59000015258789,17.530000686645508,17.545000076293945,359266,0.0,0.0
2023-11-30 15:30:00-05:00,17.545000076293945,17.579999923706055,17.514999389648438,17.549999237060547,1154968,0.0,0.0
2023-12-01 09:30:00-05:00,17.469999313354492,17.559999465942383,17.43000030517578,17.520000457763672,726345,0.0,0.0
2023-12-01 10:30:00-05:00,17.520000457763672,17.579999923706055,17.489999771118164,17.575000762939453,679718,0.0,0.0
2023-12-01 11:30:00-05:00,17.575000762939453,17.6299991607666,17.56999969482422,17.625,764415,0.0,0.0
2023-12-01 12:30:00-05:00,17.6200008392334,17.639999389648438,17.600000381469727,17.614999771118164,503058,0.0,0.0
2023-12-01 13:30:00-05:00,17.614999771118164,17.655000686645508,17.610000610351562,17.645000457763672,271461,0.0,0.0
2023-12-01 14:30:00-05:00,17.645000457763672,17.674999237060547,17.639999389648438,17.665000915527344,553113,0.0,0.0
2023-12-01 15:30:00-05:00,17.665000915527344,17.75,17.65999984741211,17.725000381469727,1094455,0.0,0.0
2023-12-04 09:30:00-05:00,17.84000015258789,17.8799991607666,17.690000534057617,17.69499969482422,2560284,0.0,0.0
2023-12-04 10:30:00-05:00,17.700000762939453,17.719999313354492,17.68000030517578,17.71500015258789,456532,0.0,0.0
2023-12-04 11:30:00-05:00,17.71500015258789,17.7549991607666,17.690000534057617,17.7450008392334,385190,0.0,0.0
2023-12-04 12:30:00-05:00,17.7450008392334,17.760000228881836,17.709999084472656,17.71500015258789,255593,0.0,0.0
2023-12-04 13:30:00-05:00,17.709999084472656,17.725000381469727,17.649999618530273,17.65999984741211,355991,0.0,0.0
2023-12-04 14:30:00-05:00,17.655000686645508,17.68000030517578,17.639999389648438,17.674999237060547,418659,0.0,0.0
2023-12-04 15:30:00-05:00,17.674999237060547,17.709999084472656,17.670000076293945,17.69499969482422,797917,0.0,0.0
2023-12-05 09:30:00-05:00,17.59000015258789,17.709999084472656,17.440000534057617,17.454999923706055,830466,0.0,0.0
2023-12-05 10:30:00-05:00,17.459999084472656,17.514999389648438,17.440000534057617,17.469999313354492,569459,0.0,0.0
2023-12-05 11:30:00-05:00,17.469999313354492,17.479999542236328,17.424999237060547,17.44499969482422,579948,0.0,0.0
2023-12-05 12:30:00-05:00,17.44499969482422,17.450000762939453,17.389999389648438,17.434999465942383,488026,0.0,0.0
2023-12-05 13:30:00-05:00,17.434999465942383,17.434999465942383,17.399999618530273,17.424999237060547,406976,0.0,0.0
2023-12-05 14:30:00-05:00,17.424999237060547,17.450000762939453,17.40999984741211,17.44499969482422,454262,0.0,0.0
2023-12-05 15:30:00-05:00,17.440000534057617,17.459999084472656,17.420000076293945,17.459999084472656,1294666,0.0,0.0
2023-12-06 09:30:00-05:00,17.799999237060547,17.860000610351562,17.739999771118164,17.760000228881836,2014047,0.0,0.0
2023-12-06 10:30:00-05:00,17.75,17.81999969482422,17.75,17.790000915527344,591595,0.0,0.0
2023-12-06 11:30:00-05:00,17.799999237060547,17.809999465942383,17.780000686645508,17.78499984741211,806309,0.0,0.0
2023-12-06 12:30:00-05:00,17.790000915527344,17.809999465942383,17.780000686645508,17.809999465942383,484989,0.0,0.0
2023-12-06 13:30:00-05:00,17.809999465942383,17.829999923706055,17.725000381469727,17.7450008392334,708323,0.0,0.0
2023-12-06 14:30:00-05:00,17.7450008392334,17.760000228881836,17.68000030517578,17.704999923706055,645943,0.0,0.0
2023-12-06 15:30:00-05:00,17.704999923706055,17.719999313354492,17.65999984741211,17.690000534057617,1270075,0.0,0.0
2023-12-07 09:30:00-05:00,17.670000076293945,17.709999084472656,17.575000762939453,17.650100708007812,413101,0.0,0.0
2023-12-07 10:30:00-05:00,17.655000686645508,17.665000915527344,17.579999923706055,17.614999771118164,427674,0.0,0.0
2023-12-07 11:30:00-05:00,17.6200008392334,17.65999984741211,17.579999923706055,17.614999771118164,466442,0.0,0.0
2023-12-07 12:30:00-05:00,17.610000610351562,17.6299991607666,17.604999542236328,17.625,233845,0.0,0.0
2023-12-07 13:30:00-05:00,17.625,17.65999984741211,17.610000610351562,17.65999984741211,388774,0.0,0.0
2023-12-07 14:30:00-05:00,17.655000686645508,17.65999984741211,17.6200008392334,17.655000686645508,309210,0.0,0.0
2023-12-07 15:30:00-05:00,17.655000686645508,17.670000076293945,17.639999389648438,17.639999389648438,675168,0.0,0.0
2023-12-08 09:30:00-05:00,17.889999389648438,17.889999389648438,17.764999389648438,17.774999618530273,860667,0.0,0.0
2023-12-08 10:30:00-05:00,17.774999618530273,17.8075008392334,17.735000610351562,17.799999237060547,520349,0.0,0.0
2023-12-08 11:30:00-05:00,17.799999237060547,17.861299514770508,17.790000915527344,17.844999313354492,558832,0.0,0.0
2023-12-08 12:30:00-05:00,17.84630012512207,17.864999771118164,17.829999923706055,17.854999542236328,533479,0.0,0.0
2023-12-08 13:30:00-05:00,17.857500076293945,17.93000030517578,17.84000015258789,17.920000076293945,415677,0.0,0.0
2023-12-08 14:30:00-05:00,17.920000076293945,17.920000076293945,17.8799991607666,17.885000228881836,543420,0.0,0.0
2023-12-08 15:30:00-05:00,17.885000228881836,17.90999984741211,17.8799991607666,17.895000457763672,839367,0.0,0.0
2023-12-11 09:30:00-05:00,17.809999465942383,17.889999389648438,17.31999969482422,17.434999465942383,3108612,0.0,0.0
2023-12-11 10:30:00-05:00,17.434999465942383,17.510000228881836,17.405000686645508,17.479999542236328,808108,0.0,0.0
2023-12-11 11:30:00-05:00,17.479999542236328,17.510000228881836,17.44499969482422,17.489999771118164,556951,0.0,0.0
2023-12-11 12:30:00-05:00,17.489999771118164,17.540000915527344,17.485000610351562,17.53499984741211,453961,0.0,0.0
2023-12-11 13:30:00-05:00,17.540000915527344,17.56999969482422,17.530000686645508,17.549999237060547,508338,0.0,0.0
2023-12-11 14:30:00-05:00,17.549999237060547,17.559999465942383,17.440000534057617,17.450000762939453,832763,0.0,0.0
2023-12-11 15:30:00-05:00,17.450000762939453,17.479999542236328,17.40999984741211,17.40999984741211,1730257,0.0,0.0
2023-12-12 09:30:00-05:00,17.5,17.540000915527344,17.34000015258789,17.479999542236328,1198743,0.0,0.0
2023-12-12 10:30:00-05:00,17.485000610351562,17.510000228881836,17.450000762939453,17.5,853104,0.0,0.0
2023-12-12 11:30:00-05:00,17.5,17.5,17.479999542236328,17.4950008392334,241934,0.0,0.0
2023-12-12 12:30:00-05:00,17.489999771118164,17.510000228881836,17.485000610351562,17.4950008392334,328332,0.0,0.0
2023-12-12 13:30:00-05:00,17.5,17.530000686645508,17.4950008392334,17.524999618530273,660845,0.0,0.0
2023-12-12 14:30:00-05:00,17.530000686645508,17.559999465942383,17.5,17.55500030517578,829501,0.0,0.0
2023-12-12 15:30:00-05:00,17.55500030517578,17.559999465942383,17.530000686645508,17.559999465942383,1165116,0.0,0.0
2023-12-13 09:30:00-05:00,17.389999389648438,17.469999313354492,17.31999969482422,17.31999969482422,872117,0.0,0.0
2023-12-13 10:30:00-05:00,17.329999923706055,17.375,17.31999969482422,17.344999313354492,469148,0.0,0.0
2023-12-13 11:30:00-05:00,17.350000381469727,17.360000610351562,17.299999237060547,17.30500030517578,413522,0.0,0.0
2023-12-13 12:30:00-05:00,17.30500030517578,17.327899932861328,17.299999237060547,17.30500030517578,489897,0.0,0.0
2023-12-13 13:30:00-05:00,17.30500030517578,17.389999389648438,17.290000915527344,17.344999313354492,1646897,0.0,0.0
2023-12-13 14:30:00-05:00,17.344999313354492,17.469999313354492,17.325000762939453,17.424999237060547,2937121,0.0,0.0
2023-12-13 15:30:00-05:00,17.424999237060547,17.469999313354492,17.40999984741211,17.469999313354492,1761752,0.0,0.0
2023-12-14 09:30:00-05:00,18.0,18.309999465942383,17.959999084472656,18.2450008392334,4954765,0.0,0.0
2023-12-14 10:30:00-05:00,18.2450008392334,18.264999389648438,18.1299991607666,18.239999771118164,1265508,0.0,0.0
2023-12-14 11:30:00-05:00,18.2450008392334,18.469999313354492,18.219999313354492,18.434999465942383,2197459,0.0,0.0
2023-12-14 12:30:00-05:00,18.434999465942383,18.459999084472656,18.350000381469727,18.354999542236328,789742,0.0,0.0
2023-12-14 13:30:00-05:00,18.350000381469727,18.3799991607666,18.290000915527344,18.334999084472656,1100277,0.0,0.0
2023-12-14 14:30:00-05:00,18.334999084472656,18.360000610351562,18.290000915527344,18.334999084472656,1375280,0.0,0.0
2023-12-14 15:30:00-05:00,18.334999084472656,18.3700008392334,18.309999465942383,18.3700008392334,1904353,0.0,0.0
2023-12-15 09:30:00-05:00,18.93000030517578,18.979999542236328,18.649999618530273,18.674999237060547,1629212,0.0,0.0
2023-12-15 10:30:00-05:00,18.67009925842285,18.760000228881836,18.670000076293945,18.729999542236328,1134966,0.0,0.0
2023-12-15 11:30:00-05:00,18.729999542236328,18.75,18.639999389648438,18.700000762939453,1333989,0.0,0.0
2023-12-15 12:30:00-05:00,18.700000762939453,18.700000762939453,18.649999618530273,18.65999984741211,371206,0.0,0.0
2023-12-15 13:30:00-05:00,18.65999984741211,18.670000076293945,18.639999389648438,18.639999389648438,615082,0.0,0.0
2023-12-15 14:30:00-05:00,18.645000457763672,18.709999084472656,18.639999389648438,18.704999923706055,587314,0.0,0.0
2023-12-15 15:30:00-05:00,18.704999923706055,18.709999084472656,18.6299991607666,18.670000076293945,1585723,0.0,0.0
2023-12-18 09:30:00-05:00,18.690000534057617,18.690000534057617,18.549999237060547,18.635000228881836,981487,0.0,0.0
2023-12-18 10:30:00-05:00,18.6299991607666,18.719999313354492,18.594999313354492,18.71500015258789,652673,0.0,0.0
2023-12-18 11:30:00-05:00,18.709999084472656,18.780000686645508,18.69499969482422,18.7549991607666,579155,0.0,0.0
2023-12-18 12:30:00-05:00,18.7549991607666,18.770000457763672,18.735000610351562,18.7450008392334,468532,0.0,0.0
2023-12-18 13:30:00-05:00,18.7450008392334,18.809999465942383,18.739999771118164,18.809999465942383,441797,0.0,0.0
2023-12-18 14:30:00-05:00,18.80500030517578,18.84000015258789,18.790000915527344,18.834999084472656,463078,0.0,0.0
2023-12-18 15:30:00-05:00,18.834999084472656,18.850000381469727,18.799999237060547,18.809999465942383,1104748,0.0,0.0
2023-12-19 09:30:00-05:00,18.68000030517578,18.950000762939453,18.68000030517578,18.84000015258789,1058803,0.0,0.0
2023-12-19 10:30:00-05:00,18.829999923706055,18.899999618530273,18.829999923706055,18.854999542236328,779128,0.0,0.0
2023-12-19 11:30:00-05:00,18.854999542236328,18.875,18.760000228881836,18.764999389648438,903538,0.0,0.0
2023-12-19 12:30:00-05:00,18.764999389648438,18.78499984741211,18.7549991607666,18.764999389648438,578368,0.0,0.0
2023-12-19 13:30:00-05:00,18.764999389648438,18.790000915527344,18.760000228881836,18.770000457763672,341710,0.0,0.0
2023-12-19 14:30:00-05:00,18.774999618530273,18.790000915527344,18.760000228881836,18.774999618530273,529419,0.0,0.0
2023-12-19 15:30:00-05:00,18.780000686645508,18.790000915527344,18.760000228881836,18.790000915527344,778660,0.0,0.0
2023-12-20 09:30:00-05:00,18.530000686645508,18.674999237060547,18.489999771118164,18.610000610351562,890507,0.0,0.0
2023-12-20 10:30:00-05:00,18.614999771118164,18.68000030517578,18.604999542236328,18.610000610351562,775030,0.0,0.0
2023-12-20 11:30:00-05:00,18.614999771118164,18.6299991607666,18.579999923706055,18.625,351022,0.0,0.0
2023-12-20 12:30:00-05:00,18.6299991607666,18.670000076293945,18.614999771118164,18.645000457763672,542793,0.0,0.0
2023-12-20 13:30:00-05:00,18.645000457763672,18.670000076293945,18.625,18.645000457763672,408330,0.0,0.0
2023-12-20 14:30:00-05:00,18.645000457763672,18.649999618530273,18.440000534057617,18.454999923706055,1437116,0.0,0.0
2023-12-20 15:30:00-05:00,18.450000762939453,18.489999771118164,18.420000076293945,18.424999237060547,1376742,0.0,0.0
2023-12-21 09:30:00-05:00,18.5,18.559999465942383,18.18000030517578,18.354999542236328,1764525,0.0,0.0
2023-12-21 10:30:00-05:00,18.350000381469727,18.364999771118164,18.239999771118164,18.30500030517578,1038429,0.0,0.0
2023-12-21 11:30:00-05:00,18.30500030517578,18.360000610351562,18.274999618530273,18.295000076293945,588745,0.0,0.0
2023-12-21 12:30:00-05:00,18.295000076293945,18.34000015258789,18.270000457763672,18.295000076293945,1323681,0.0,0.0
2023-12-21 13:30:00-05:00,18.295000076293945,18.329999923706055,18.280000686645508,18.315000534057617,832442,0.0,0.0
2023-12-21 14:30:00-05:00,18.315000534057617,18.40999984741211,18.309999465942383,18.40999984741211,889668,0.0,0.0
2023-12-21 15:30:00-05:00,18.40999984741211,18.420000076293945,18.389999389648438,18.40999984741211,1009784,0.0,0.0
2023-12-22 09:30:00-05:00,18.700000762939453,18.889999389648438,18.639999389648438,18.854999542236328,1354557,0.0,0.0
2023-12-22 10:30:00-05:00,18.854999542236328,18.864999771118164,18.729999542236328,18.770000457763672,889358,0.0,0.0
2023-12-22 11:30:00-05:00,18.764999389648438,18.81999969482422,18.7549991607666,18.81999969482422,453826,0.0,0.0
2023-12-22 12:30:00-05:00,18.815000534057617,18.84000015258789,18.791500091552734,18.815000534057617,327565,0.0,0.0
2023-12-22 13:30:00-05:00,18.815000534057617,18.81999969482422,18.704999923706055,18.704999923706055,412597,0.0,0.0
2023-12-22 14:30:00-05:00,18.700000762939453,18.774999618530273,18.690000534057617,18.762100219726562,522368,0.0,0.0
2023-12-22 15:30:00-05:00,18.764999389648438,18.764999389648438,18.729999542236328,18.7549991607666,899903,0.0,0.0
2023-12-26 09:30:00-05:00,18.639999389648438,18.670000076293945,18.459999084472656,18.469999313354492,720790,0.0,0.0
2023-12-26 10:30:00-05:00,18.475000381469727,18.479999542236328,18.3799991607666,18.395000457763672,510979,0.0,0.0
2023-12-26 11:30:00-05:00,18.395000457763672,18.434999465942383,18.3700008392334,18.424999237060547,509304,0.0,0.0
2023-12-26 12:30:00-05:00,18.424999237060547,18.479999542236328,18.405000686645508,18.46500015258789,339638,0.0,0.0
2023-12-26 13:30:00-05:00,18.46500015258789,18.46500015258789,18.43000030517578,18.440000534057617,253127,0.0,0.0
2023-12-26 14:30:00-05:00,18.44499969482422,18.479999542236328,18.440000534057617,18.475000381469727,430468,0.0,0.0
2023-12-26 15:30:00-05:00,18.475000381469727,18.485000610351562,18.440000534057617,18.450000762939453,806413,0.0,0.0
2023-12-27 09:30:00-05:00,18.639999389648438,18.68000030517578,18.540000915527344,18.540000915527344,1235779,0.0,0.0
2023-12-27 10:30:00-05:00,18.540000915527344,18.540199279785156,18.450000762939453,18.514999389648438,887280,0.0,0.0
2023-12-27 11:30:00-05:00,18.514999389648438,18.575000762939453,18.514999389648438,18.565000534057617,253979,0.0,0.0
2023-12-27 12:30:00-05:00,18.565000534057617,18.59000015258789,18.53499984741211,18.565000534057617,314118,0.0,0.0
2023-12-27 13:30:00-05:00,18.565000534057617,18.579999923706055,18.520000457763672,18.53499984741211,232253,0.0,0.0
2023-12-27 14:30:00-05:00,18.530000686645508,18.559999465942383,18.524999618530273,18.545000076293945,377694,0.0,0.0
2023-12-27 15:30:00-05:00,18.545000076293945,18.6200008392334,18.540000915527344,18.610000610351562,845008,0.0,0.0
2023-12-28 09:30:00-05:00,18.610000610351562,18.684999465942383,18.59000015258789,18.614999771118164,463228,0.0,0.0
2023-12-28 10:30:00-05:00,18.614999771118164,18.649999618530273,18.559999465942383,18.575000762939453,302509,0.0,0.0
2023-12-28 11:30:00-05:00,18.575000762939453,18.579999923706055,18.530000686645508,18.540000915527344,309174,0.0,0.0
2023-12-28 12:30:00-05:00,18.540000915527344,18.56999969482422,18.530000686645508,18.549999237060547,409254,0.0,0.0
2023-12-28 13:30:00-05:00,18.549999237060547,18.579999923706055,18.549999237060547,18.575000762939453,261845,0.0,0.0
2023-12-28 14:30:00-05:00,18.575000762939453,18.600000381469727,18.56999969482422,18.584999084472656,393461,0.0,0.0
2023-12-28 15:30:00-05:00,18.584999084472656,18.59000015258789,18.559999465942383,18.56999969482422,869354,0.0,0.0
2023-12-29 09:30:00-05:00,18.5,18.530000686645508,18.43000030517578,18.4424991607666,366977,0.0,0.0
2023-12-29 10:30:00-05:00,18.44499969482422,18.44499969482422,18.325000762939453,18.334999084472656,519219,0.0,0.0
2023-12-29 11:30:00-05:00,18.334999084472656,18.354999542236328,18.31999969482422,18.334999084472656,251312,0.0,0.0
2023-12-29 12:30:00-05:00,18.334999084472656,18.3799991607666,18.329999923706055,18.360000610351562,296436,0.0,0.0
2023-12-29 13:30:00-05:00,18.364999771118164,18.40999984741211,18.364999771118164,18.40999984741211,181548,0.0,0.0
2023-12-29 14:30:00-05:00,18.405000686645508,18.420000076293945,18.399999618530273,18.415000915527344,228376,0.0,0.0
2023-12-29 15:30:00-05:00,18.415000915527344,18.415000915527344,18.3700008392334,18.38249969482422,725544,0.0,0.0
2024-01-02 09:30:00-05:00,18.209999084472656,18.239999771118164,18.075000762939453,18.079999923706055,2405715,0.0,0.0
2024-01-02 10:30:00-05:00,18.079999923706055,18.1200008392334,18.020000457763672,18.114999771118164,1556331,0.0,0.0
2024-01-02 11:30:00-05:00,18.114999771118164,18.139999389648438,18.09000015258789,18.100000381469727,658107,0.0,0.0
2024-01-02 12:30:00-05:00,18.100000381469727,18.149999618530273,18.06999969482422,18.079999923706055,783817,0.0,0.0
2024-01-02 13:30:00-05:00,18.079999923706055,18.104999542236328,18.045000076293945,18.094999313354492,772364,0.0,0.0
2024-01-02 14:30:00-05:00,18.094999313354492,18.100000381469727,18.030000686645508,18.065000534057617,1150030,0.0,0.0
2024-01-02 15:30:00-05:00,18.065000534057617,18.110000610351562,18.049999237060547,18.09000015258789,1319597,0.0,0.0
2024-01-03 09:30:00-05:00,17.649999618530273,17.780000686645508,17.639999389648438,17.69499969482422,1931470,0.0,0.0
2024-01-03 10:30:00-05:00,17.690000534057617,17.924999237060547,17.549999237060547,17.920000076293945,2701977,0.0,0.0
2024-01-03 11:30:00-05:00,17.915000915527344,18.020000457763672,17.875,17.934999465942383,1534200,0.0,0.0
2024-01-03 12:30:00-05:00,17.934999465942383,17.969999313354492,17.90999984741211,17.920000076293945,529252,0.0,0.0
2024-01-03 13:30:00-05:00,17.920000076293945,17.96500015258789,17.885000228881836,17.954999923706055,857680,0.0,0.0
2024-01-03 14:30:00-05:00,17.954999923706055,18.040000915527344,17.905000686645508,18.024999618530273,1933554,0.0,0.0
2024-01-03 15:30:00-05:00,18.024999618530273,18.05500030517578,18.010000228881836,18.040000915527344,2063454,0.0,0.0
2024-01-04 09:30:00-05:00,18.200000762939453,18.264999389648438,18.024999618530273,18.110000610351562,2228565,0.0,0.0
2024-01-04 10:30:00-05:00,18.114999771118164,18.139999389648438,18.030000686645508,18.104999542236328,851272,0.0,0.0
2024-01-04 11:30:00-05:00,18.100000381469727,18.1200008392334,18.03499984741211,18.049999237060547,668839,0.0,0.0
2024-01-04 12:30:00-05:00,18.045000076293945,18.05500030517578,18.010000228881836,18.040000915527344,389094,0.0,0.0
2024-01-04 13:30:00-05:00,18.040000915527344,18.06999969482422,18.020000457763672,18.049999237060547,512513,0.0,0.0
2024-01-04 14:30:00-05:00,18.049999237060547,18.06999969482422,18.020000457763672,18.045000076293945,713185,0.0,0.0
2024-01-04 15:30:00-05:00,18.045000076293945,18.079999923706055,18.040000915527344,18.075000762939453,1101551,0.0,0.0
2024-01-05 09:30:00-05:00,18.25,18.31999969482422,18.079999923706055,18.19499969482422,3228079,0.0,0.0
2024-01-05 10:30:00-05:00,18.190000534057617,18.209999084472656,18.139999389648438,18.14900016784668,1105642,0.0,0.0
2024-01-05 11:30:00-05:00,18.145000457763672,18.170000076293945,18.1200008392334,18.125,809560,0.0,0.0
2024-01-05 12:30:00-05:00,18.125,18.145000457763672,18.094999313354492,18.114999771118164,708829,0.0,0.0
2024-01-05 13:30:00-05:00,18.1200008392334,18.15999984741211,18.110000610351562,18.135000228881836,481437,0.0,0.0
2024-01-05 14:30:00-05:00,18.135000228881836,18.139999389648438,18.075000762939453,18.09000015258789,1214786,0.0,0.0
2024-01-05 15:30:00-05:00,18.084999084472656,18.1200008392334,18.065000534057617,18.09000015258789,2554290,0.0,0.0
2024-01-08 09:30:00-05:00,18.100000381469727,18.344999313354492,18.09000015258789,18.334999084472656,1937862,0.0,0.0
2024-01-08 10:30:00-05:00,18.34000015258789,18.399999618530273,18.34000015258789,18.364999771118164,1027530,0.0,0.0
2024-01-08 11:30:00-05:00,18.364999771118164,18.389999389648438,18.344999313354492,18.385000228881836,929360,0.0,0.0
2024-01-08 12:30:00-05:00,18.385000228881836,18.40999984741211,18.360000610351562,18.375,437031,0.0,0.0
2024-01-08 13:30:00-05:00,18.375,18.395000457763672,18.350000381469727,18.385000228881836,477303,0.0,0.0
2024-01-08 14:30:00-05:00,18.385000228881836,18.420000076293945,18.360000610351562,18.3799991607666,1048676,0.0,0.0
2024-01-08 15:30:00-05:00,18.375,18.405000686645508,18.360000610351562,18.395000457763672,1330939,0.0,0.0
2024-01-09 09:30:00-05:00,18.350000381469727,18.420000076293945,18.2549991607666,18.329999923706055,1163709,0.0,0.0
2024-01-09 10:30:00-05:00,18.334999084472656,18.354999542236328,18.299999237060547,18.315000534057617,455569,0.0,0.0
2024-01-09 11:30:00-05:00,18.309999465942383,18.325000762939453,18.280000686645508,18.28499984741211,562263,0.0,0.0
2024-01-09 12:30:00-05:00,18.28499984741211,18.309999465942383,18.274999618530273,18.290000915527344,432692,0.0,0.0
2024-01-09 13:30:00-05:00,18.295000076293945,18.295000076293945,18.229999542236328,18.25,1099126,0.0,0.0
2024-01-09 14:30:00-05:00,18.25,18.260000228881836,18.209999084472656,18.229999542236328,945764,0.0,0.0
2024-01-09 15:30:00-05:00,18.235000610351562,18.25,18.219999313354492,18.239999771118164,1208084,0.0,0.0
2024-01-10 09:30:00-05:00,18.280000686645508,18.30900001525879,17.979999542236328,18.065000534057617,2291782,0.0,0.0
2024-01-10 10:30:00-05:00,18.059999465942383,18.15999984741211,18.030000686645508,18.084999084472656,3583331,0.0,0.0
2024-01-10 11:30:00-05:00,18.084999084472656,18.139999389648438,18.079999923706055,18.094999313354492,1433750,0.0,0.0
2024-01-10 12:30:00-05:00,18.094999313354492,18.149999618530273,18.079999923706055,18.1200008392334,881786,0.0,0.0
2024-01-10 13:30:00-05:00,18.114999771118164,18.149999618530273,18.079999923706055,18.125,1084264,0.0,0.0
2024-01-10 14:30:00-05:00,18.125,18.15999984741211,18.110000610351562,18.110000610351562,1372874,0.0,0.0
2024-01-10 15:30:00-05:00,18.110000610351562,18.125699996948242,18.09000015258789,18.094999313354492,2447475,0.0,0.0
2024-01-11 09:30:00-05:00,18.639999389648438,19.139999389648438,18.6299991607666,18.81999969482422,6233143,0.0,0.0
2024-01-11 10:30:00-05:00,18.815000534057617,18.899999618530273,18.729999542236328,18.834999084472656,2898963,0.0,0.0
2024-01-11 11:30:00-05:00,18.834999084472656,18.915000915527344,18.81999969482422,18.899999618530273,1353775,0.0,0.0
2024-01-11 12:30:00-05:00,18.899999618530273,18.950000762939453,18.84000015258789,18.934999465942383,885116,0.0,0.0
2024-01-11 13:30:00-05:00,18.934999465942383,18.94499969482422,18.795000076293945,18.854999542236328,1386715,0.0,0.0
2024-01-11 14:30:00-05:00,18.854999542236328,18.895000457763672,18.780000686645508,18.809999465942383,1366968,0.0,0.0
2024-01-11 15:30:00-05:00,18.809999465942383,18.84000015258789,18.780000686645508,18.799999237060547,3319572,0.0,0.0
2024-01-12 09:30:00-05:00,19.40999984741211,20.059999465942383,19.40999984741211,19.969999313354492,6320076,0.0,0.0
2024-01-12 10:30:00-05:00,19.979999542236328,19.989999771118164,19.670000076293945,19.725000381469727,4963402,0.0,0.0
2024-01-12 11:30:00-05:00,19.719999313354492,19.795000076293945,19.69499969482422,19.734600067138672,1658735,0.0,0.0
2024-01-12 12:30:00-05:00,19.739999771118164,19.780000686645508,19.672500610351562,19.68000030517578,1094902,0.0,0.0
2024-01-12 13:30:00-05:00,19.684999465942383,19.739999771118164,19.645000457763672,19.725000381469727,874470,0.0,0.0
2024-01-12 14:30:00-05:00,19.725000381469727,19.729999542236328,19.614999771118164,19.645000457763672,1687514,0.0,0.0
2024-01-12 15:30:00-05:00,19.639999389648438,19.670000076293945,19.59000015258789,19.59000015258789,3701179,0.0,0.0
2024-01-16 09:30:00-05:00,19.420000076293945,19.479999542236328,19.209999084472656,19.280000686645508,5390627,0.0,0.0
2024-01-16 10:30:00-05:00,19.28499984741211,19.559999465942383,19.274999618530273,19.510000228881836,2091372,0.0,0.0
2024-01-16 11:30:00-05:00,19.510000228881836,19.540000915527344,19.489999771118164,19.524999618530273,1186572,0.0,0.0
2024-01-16 12:30:00-05:00,19.530000686645508,19.530000686645508,19.469999313354492,19.511499404907227,711971,0.0,0.0
2024-01-16 13:30:00-05:00,19.514999389648438,19.540000915527344,19.450000762939453,19.475000381469727,610646,0.0,0.0
2024-01-16 14:30:00-05:00,19.475000381469727,19.5,19.454999923706055,19.454999923706055,1196746,0.0,0.0
2024-01-16 15:30:00-05:00,19.454999923706055,19.479999542236328,19.440000534057617,19.479999542236328,1822468,0.0,0.0
2024-01-17 09:30:00-05:00,19.559999465942383,19.670000076293945,19.469999313354492,19.65999984741211,2230194,0.0,0.0
2024-01-17 10:30:00-05:00,19.665000915527344,19.709999084472656,19.56999969482422,19.639999389648438,1725756,0.0,0.0
2024-01-17 11:30:00-05:00,19.639999389648438,19.649999618530273,19.579999923706055,19.645000457763672,1270085,0.0,0.0
2024-01-17 12:30:00-05:00,19.645000457763672,19.690000534057617,19.565000534057617,19.59000015258789,1058859,0.0,0.0
2024-01-17 13:30:00-05:00,19.59000015258789,19.604999542236328,19.549999237060547,19.56879997253418,977361,0.0,0.0
2024-01-17 14:30:00-05:00,19.56999969482422,19.59749984741211,19.469999313354492,19.497499465942383,1391328,0.0,0.0
2024-01-17 15:30:00-05:00,19.4950008392334,19.559999465942383,19.489999771118164,19.540000915527344,2121989,0.0,0.0
2024-01-18 09:30:00-05:00,19.81999969482422,19.959999084472656,19.709999084472656,19.799999237060547,3134747,0.0,0.0
2024-01-18 10:30:00-05:00,19.80500030517578,19.829999923706055,19.700000762939453,19.809999465942383,1444097,0.0,0.0
2024-01-18 11:30:00-05:00,19.809999465942383,19.84000015258789,19.649999618530273,19.709999084472656,1150384,0.0,0.0
2024-01-18 12:30:00-05:00,19.709999084472656,19.739999771118164,19.68000030517578,19.704999923706055,872331,0.0,0.0
2024-01-18 13:30:00-05:00,19.70479965209961,19.770000457763672,19.70479965209961,19.770000457763672,674542,0.0,0.0
2024-01-18 14:30:00-05:00,19.770000457763672,19.790000915527344,19.740999221801758,19.75,875067,0.0,0.0
2024-01-18 15:30:00-05:00,19.75,19.829999923706055,19.739999771118164,19.829999923706055,1305420,0.0,0.0
2024-01-19 09:30:00-05:00,19.799999237060547,19.920000076293945,19.729999542236328,19.8700008392334,1576711,0.0,0.0
2024-01-19 10:30:00-05:00,19.860000610351562,19.959999084472656,19.81999969482422,19.924999237060547,1049306,0.0,0.0
2024-01-19 11:30:00-05:00,19.93000030517578,19.989999771118164,19.889999389648438,19.979999542236328,1144407,0.0,0.0
2024-01-19 12:30:00-05:00,19.979999542236328,20.010000228881836,19.90999984741211,19.96500015258789,779141,0.0,0.0
2024-01-19 13:30:00-05:00,19.969999313354492,20.010000228881836,19.959999084472656,19.985000610351562,881529,0.0,0.0
2024-01-19 14:30:00-05:00,19.985000610351562,20.030000686645508,19.96500015258789,20.020000457763672,941686,0.0,0.0
2024-01-19 15:30:00-05:00,20.015600204467773,20.020000457763672,19.969999313354492,19.989999771118164,1219680,0.0,0.0
2024-01-22 09:30:00-05:00,19.93000030517578,20.0,19.844999313354492,19.889999389648438,1361463,0.0,0.0
2024-01-22 10:30:00-05:00,19.899999618530273,19.920000076293945,19.844999313354492,19.915000915527344,1015610,0.0,0.0
2024-01-22 11:30:00-05:00,19.920000076293945,19.93000030517578,19.84000015258789,19.899999618530273,506935,0.0,0.0
2024-01-22 12:30:00-05:00,19.899999618530273,19.93000030517578,19.860000610351562,19.860000610351562,414038,0.0,0.0
2024-01-22 13:30:00-05:00,19.864999771118164,19.90999984741211,19.850000381469727,19.895000457763672,591332,0.0,0.0
2024-01-22 14:30:00-05:00,19.895000457763672,19.90999984741211,19.875,19.899999618530273,459053,0.0,0.0
2024-01-22 15:30:00-05:00,19.899999618530273,19.90999984741211,19.860000610351562,19.860000610351562,1179614,0.0,0.0
2024-01-23 09:30:00-05:00,19.700000762939453,19.954999923706055,19.610000610351562,19.905000686645508,2614059,0.0,0.0
2024-01-23 10:30:00-05:00,19.899999618530273,19.920000076293945,19.799999237060547,19.829999923706055,1837492,0.0,0.0
2024-01-23 11:30:00-05:00,19.829999923706055,19.829999923706055,19.770000457763672,19.774999618530273,764699,0.0,0.0
2024-01-23 12:30:00-05:00,19.774999618530273,19.799999237060547,19.764999389648438,19.774999618530273,628890,0.0,0.0
2024-01-23 13:30:00-05:00,19.770000457763672,19.790000915527344,19.739999771118164,19.75,615607,0.0,0.0
2024-01-23 14:30:00-05:00,19.75,19.799999237060547,19.75,19.780000686645508,773780,0.0,0.0
2024-01-23 15:30:00-05:00,19.780000686645508,19.81999969482422,19.780000686645508,19.790000915527344,1149011,0.0,0.0
2024-01-24 09:30:00-05:00,20.094999313354492,20.1299991607666,19.959999084472656,20.049999237060547,2200578,0.0,0.0
2024-01-24 10:30:00-05:00,20.049999237060547,20.18000030517578,20.049999237060547,20.1200008392334,1636796,0.0,0.0
2024-01-24 11:30:00-05:00,20.1200008392334,20.149999618530273,20.084999084472656,20.084999084472656,1200702,0.0,0.0
2024-01-24 12:30:00-05:00,20.084999084472656,20.110000610351562,20.079999923706055,20.104999542236328,1054149,0.0,0.0
2024-01-24 13:30:00-05:00,20.110000610351562,20.110000610351562,20.020000457763672,20.03499984741211,1238358,0.0,0.0
2024-01-24 14:30:00-05:00,20.03499984741211,20.040000915527344,19.9950008392334,19.9950008392334,1362609,0.0,0.0
2024-01-24 15:30:00-05:00,20.0,20.030000686645508,19.989999771118164,19.989999771118164,1209692,0.0,0.0
2024-01-25 09:30:00-05:00,19.9950008392334,20.040000915527344,19.860000610351562,20.03499984741211,1628862,0.0,0.0
2024-01-25 10:30:00-05:00,20.030000686645508,20.135000228881836,19.969999313354492,20.135000228881836,1170529,0.0,0.0
2024-01-25 11:30:00-05:00,20.135000228881836,20.135000228881836,20.09000015258789,20.110000610351562,677765,0.0,0.0
2024-01-25 12:30:00-05:00,20.110000610351562,20.15999984741211,20.09000015258789,20.110000610351562,761587,0.0,0.0
2024-01-25 13:30:00-05:00,20.110000610351562,20.139999389648438,20.06999969482422,20.094999313354492,711369,0.0,0.0
2024-01-25 14:30:00-05:00,20.094999313354492,20.1200008392334,20.079999923706055,20.084999084472656,684185,0.0,0.0
2024-01-25 15:30:00-05:00,20.08099937438965,20.110000610351562,20.079999923706055,20.09000015258789,1316250,0.0,0.0
2024-01-26 09:30:00-05:00,20.15999984741211,20.3700008392334,20.149999618530273,20.229999542236328,1315364,0.0,0.0
2024-01-26 10:30:00-05:00,20.229900360107422,20.280000686645508,20.209999084472656,20.21500015258789,551696,0.0,0.0
2024-01-26 11:30:00-05:00,20.21500015258789,20.264999389648438,20.200000762939453,20.2549991607666,450642,0.0,0.0
2024-01-26 12:30:00-05:00,20.2549991607666,20.25510025024414,20.133800506591797,20.165000915527344,776807,0.0,0.0
2024-01-26 13:30:00-05:00,20.170000076293945,20.18000030517578,20.1200008392334,20.139999389648438,553233,0.0,0.0
2024-01-26 14:30:00-05:00,20.139999389648438,20.18000030517578,20.1200008392334,20.15999984741211,611083,0.0,0.0
2024-01-26 15:30:00-05:00,20.15999984741211,20.23509979248047,20.149999618530273,20.229999542236328,1098324,0.0,0.0
2024-01-29 09:30:00-05:00,20.149999618530273,20.170000076293945,20.065000534057617,20.125,1210871,0.0,0.0
2024-01-29 10:30:00-05:00,20.125,20.139999389648438,20.110000610351562,20.114999771118164,484776,0.0,0.0
2024-01-29 11:30:00-05:00,20.114999771118164,20.125,20.079999923706055,20.10449981689453,631880,0.0,0.0
2024-01-29 12:30:00-05:00,20.104999542236328,20.114999771118164,20.06999969482422,20.084999084472656,290799,0.0,0.0
2024-01-29 13:30:00-05:00,20.084999084472656,20.110000610351562,20.079999923706055,20.104999542236328,309572,0.0,0.0
2024-01-29 14:30:00-05:00,20.104999542236328,20.149999618530273,20.100000381469727,20.145000457763672,583715,0.0,0.0
2024-01-29 15:30:00-05:00,20.145000457763672,20.170000076293945,20.1299991607666,20.170000076293945,1338607,0.0,0.0
2024-01-30 09:30:00-05:00,20.030000686645508,20.06999969482422,19.920000076293945,20.010000228881836,2058197,0.0,0.0
2024-01-30 10:30:00-05:00,20.0049991607666,20.020000457763672,19.90999984741211,19.934999465942383,875568,0.0,0.0
2024-01-30 11:30:00-05:00,19.940000534057617,19.969999313354492,19.899999618530273,19.899999618530273,558160,0.0,0.0
2024-01-30 12:30:00-05:00,19.899999618530273,19.93000030517578,19.86319923400879,19.915000915527344,625931,0.0,0.0
2024-01-30 13:30:00-05:00,19.915000915527344,19.950000762939453,19.899999618530273,19.948999404907227,604621,0.0,0.0
2024-01-30 14:30:00-05:00,19.948999404907227,19.969999313354492,19.920000076293945,19.9689998626709,676243,0.0,0.0
2024-01-30 15:30:00-05:00,19.9689998626709,19.969999313354492,19.940000534057617,19.950000762939453,735516,0.0,0.0
2024-01-31 09:30:00-05:00,20.040000915527344,20.149999618530273,20.020000457763672,20.05500030517578,1303129,0.0,0.0
2024-01-31 10:30:00-05:00,20.05500030517578,20.110000610351562,20.040000915527344,20.078800201416016,846540,0.0,0.0
2024-01-31 11:30:00-05:00,20.06999969482422,20.079999923706055,20.040000915527344,20.079999923706055,546908,0.0,0.0
2024-01-31 12:30:00-05:00,20.06999969482422,20.08989906311035,20.040000915527344,20.045000076293945,388923,0.0,0.0
2024-01-31 13:30:00-05:00,20.045000076293945,20.059999465942383,19.954999923706055,19.989999771118164,715311,0.0,0.0
2024-01-31 14:30:00-05:00,19.985000610351562,20.065000534057617,19.844999313354492,19.899999618530273,1207183,0.0,0.0
2024-01-31 15:30:00-05:00,19.899999618530273,19.905000686645508,19.860000610351562,19.860000610351562,1048948,0.0,0.0
2024-02-01 09:30:00-05:00,19.860000610351562,20.06999969482422,19.829999923706055,20.06999969482422,1438758,0.0,0.0
2024-02-01 10:30:00-05:00,20.06999969482422,20.100000381469727,19.953699111938477,19.985000610351562,1310858,0.0,0.0
2024-02-01 11:30:00-05:00,19.989999771118164,20.19499969482422,19.989999771118164,20.145000457763672,847966,0.0,0.0
2024-02-01 12:30:00-05:00,20.145000457763672,20.19499969482422,20.112499237060547,20.122499465942383,522700,0.0,0.0
2024-02-01 13:30:00-05:00,20.1299991607666,20.170000076293945,20.100000381469727,20.145000457763672,416578,0.0,0.0
2024-02-01 14:30:00-05:00,20.145000457763672,20.170000076293945,20.110000610351562,20.149999618530273,987083,0.0,0.0
2024-02-01 15:30:00-05:00,20.145000457763672,20.219999313354492,20.141399383544922,20.18000030517578,2475673,0.0,0.0
2024-02-02 09:30:00-05:00,20.329999923706055,20.489999771118164,20.229999542236328,20.260000228881836,1915610,0.0,0.0
2024-02-02 10:30:00-05:00,20.260000228881836,20.280000686645508,20.200000762939453,20.274999618530273,506540,0.0,0.0
2024-02-02 11:30:00-05:00,20.280000686645508,20.31999969482422,20.260000228881836,20.31999969482422,585057,0.0,0.0
2024-02-02 12:30:00-05:00,20.315000534057617,20.334999084472656,20.239999771118164,20.295000076293945,531208,0.0,0.0
2024-02-02 13:30:00-05:00,20.295000076293945,20.34000015258789,20.28499984741211,20.30500030517578,612628,0.0,0.0
2024-02-02 14:30:00-05:00,20.309999465942383,20.3700008392334,20.299999237060547,20.360000610351562,709685,0.0,0.0
2024-02-02 15:30:00-05:00,20.360000610351562,20.3700008392334,20.329999923706055,20.350000381469727,956924,0.0,0.0
2024-02-05 09:30:00-05:00,20.31999969482422,20.34000015258789,20.200000762939453,20.274999618530273,678397,0.0,0.0
2024-02-05 10:30:00-05:00,20.280000686645508,20.31999969482422,20.25,20.299999237060547,377881,0.0,0.0
2024-02-05 11:30:00-05:00,20.292499542236328,20.350000381469727,20.290000915527344,20.309999465942383,486677,0.0,0.0
2024-02-05 12:30:00-05:00,20.309999465942383,20.334999084472656,20.270000457763672,20.280000686645508,595330,0.0,0.0
2024-02-05 13:30:00-05:00,20.274999618530273,20.31999969482422,20.274999618530273,20.31999969482422,209501,0.0,0.0
2024-02-05 14:30:00-05:00,20.31800079345703,20.329999923706055,20.25,20.295000076293945,406851,0.0,0.0
2024-02-05 15:30:00-05:00,20.295000076293945,20.309999465942383,20.274999618530273,20.309999465942383,568892,0.0,0.0
2024-02-06 09:30:00-05:00,20.649999618530273,20.739999771118164,20.54400062561035,20.604999542236328,2785078,0.0,0.0
2024-02-06 10:30:00-05:00,20.604999542236328,20.645000457763672,20.59000015258789,20.614999771118164,718417,0.0,0.0
2024-02-06 11:30:00-05:00,20.614999771118164,20.6299991607666,20.4950008392334,20.55500030517578,753484,0.0,0.0
2024-02-06 12:30:00-05:00,20.559999465942383,20.579999923706055,20.520000457763672,20.565000534057617,530263,0.0,0.0
2024-02-06 13:30:00-05:00,20.56999969482422,20.600000381469727,20.520000457763672,20.53499984741211,463216,0.0,0.0
2024-02-06 14:30:00-05:00,20.53499984741211,20.594999313354492,20.520000457763672,20.594999313354492,673690,0.0,0.0
2024-02-06 15:30:00-05:00,20.594999313354492,20.6200008392334,20.571500778198242,20.604999542236328,1244046,0.0,0.0
2024-02-07 09:30:00-05:00,20.309999465942383,20.415000915527344,20.125,20.40999984741211,2098104,0.0,0.0
2024-02-07 10:30:00-05:00,20.40999984741211,20.450000762939453,20.354999542236328,20.44499969482422,864730,0.0,0.0
2024-02-07 11:30:00-05:00,20.44499969482422,20.46500015258789,20.399999618530273,20.434999465942383,381154,0.0,0.0
2024-02-07 12:30:00-05:00,20.434999465942383,20.440000534057617,20.395000457763672,20.415000915527344,561934,0.0,0.0
2024-02-07 13:30:00-05:00,20.420000076293945,20.469999313354492,20.420000076293945,20.46500015258789,444464,0.0,0.0
2024-02-07 14:30:00-05:00,20.46500015258789,20.475000381469727,20.420000076293945,20.424999237060547,484709,0.0,0.0
2024-02-07 15:30:00-05:00,20.424999237060547,20.440000534057617,20.390100479125977,20.420000076293945,580724,0.0,0.0
2024-02-08 09:30:00-05:00,20.43000030517578,20.510000228881836,20.270000457763672,20.309999465942383,1352577,0.0,0.0
2024-02-08 10:30:00-05:00,20.309999465942383,20.34000015258789,20.260000228881836,20.297500610351562,432927,0.0,0.0
2024-02-08 11:30:00-05:00,20.295000076293945,20.30500030517578,20.229999542236328,20.274999618530273,461605,0.0,0.0
2024-02-08 12:30:00-05:00,20.274999618530273,20.31999969482422,20.235000610351562,20.2450008392334,868290,0.0,0.0
2024-02-08 13:30:00-05:00,20.2450008392334,20.25,20.190200805664062,20.200000762939453,613817,0.0,0.0
2024-02-08 14:30:00-05:00,20.200000762939453,20.219999313354492,20.170000076293945,20.19499969482422,722635,0.0,0.0
2024-02-08 15:30:00-05:00,20.19499969482422,20.209999084472656,20.170000076293945,20.190000534057617,1513120,0.0,0.0
2024-02-09 09:30:00-05:00,20.149999618530273,20.219999313354492,20.049999237060547,20.184999465942383,1105507,0.0,0.0
2024-02-09 10:30:00-05:00,20.184999465942383,20.25,20.184999465942383,20.225000381469727,536911,0.0,0.0
2024-02-09 11:30:00-05:00,20.225000381469727,20.229999542236328,20.155000686645508,20.180500030517578,730336,0.0,0.0
2024-02-09 12:30:00-05:00,20.184999465942383,20.190000534057617,20.149999618530273,20.174999237060547,338498,0.0,0.0
2024-02-09 13:30:00-05:00,20.174999237060547,20.18000030517578,20.084999084472656,20.110000610351562,1342605,0.0,0.0
2024-02-09 14:30:00-05:00,20.110000610351562,20.114999771118164,20.065000534057617,20.100000381469727,494935,0.0,0.0
2024-02-09 15:30:00-05:00,20.09000015258789,20.1200008392334,20.079999923706055,20.104999542236328,1093225,0.0,0.0
2024-02-12 09:30:00-05:00,20.09000015258789,20.239999771118164,20.09000015258789,20.174999237060547,926728,0.0,0.0
2024-02-12 10:30:00-05:00,20.18000030517578,20.239999771118164,20.174999237060547,20.209999084472656,423478,0.0,0.0
2024-02-12 11:30:00-05:00,20.209999084472656,20.219999313354492,20.15999984741211,20.18000030517578,282226,0.0,0.0
2024-02-12 12:30:00-05:00,20.18000030517578,20.219999313354492,20.18000030517578,20.21500015258789,396902,0.0,0.0
2024-02-12 13:30:00-05:00,20.209999084472656,20.21500015258789,20.1299991607666,20.149999618530273,453405,0.0,0.0
2024-02-12 14:30:00-05:00,20.145000457763672,20.15999984741211,20.104999542236328,20.15999984741211,840359,0.0,0.0
2024-02-12 15:30:00-05:00,20.15999984741211,20.15999984741211,20.1299991607666,20.1299991607666,719018,0.0,0.0
2024-02-13 09:30:00-05:00,19.920000076293945,20.010000228881836,19.815000534057617,19.899999618530273,1116654,0.0,0.0
2024-02-13 10:30:00-05:00,19.90999984741211,19.940000534057617,19.8700008392334,19.924999237060547,801042,0.0,0.0
2024-02-13 11:30:00-05:00,19.924999237060547,19.950000762939453,19.8700008392334,19.885000228881836,911046,0.0,0.0
2024-02-13 12:30:00-05:00,19.889999389648438,19.899999618530273,19.850000381469727,19.875,549512,0.0,0.0
2024-02-13 13:30:00-05:00,19.875,19.885000228881836,19.84000015258789,19.864999771118164,513286,0.0,0.0
2024-02-13 14:30:00-05:00,19.864999771118164,19.895000457763672,19.809999465942383,19.81999969482422,1525276,0.0,0.0
2024-02-13 15:30:00-05:00,19.81999969482422,19.8700008392334,19.809999465942383,19.864999771118164,1142423,0.0,0.0
2024-02-14 09:30:00-05:00,20.059999465942383,20.15999984741211,19.989999771118164,20.084999084472656,2082233,0.0,0.0
2024-02-14 10:30:00-05:00,20.09000015258789,20.104999542236328,20.030000686645508,20.084999084472656,954963,0.0,0.0
2024-02-14 11:30:00-05:00,20.086000442504883,20.100000381469727,20.052499771118164,20.0939998626709,814838,0.0,0.0
2024-02-14 12:30:00-05:00,20.097999572753906,20.155000686645508,20.084999084472656,20.125,453439,0.0,0.0
2024-02-14 13:30:00-05:00,20.125,20.15999984741211,20.110000610351562,20.145000457763672,646576,0.0,0.0
2024-02-14 14:30:00-05:00,20.149999618530273,20.18000030517578,20.1299991607666,20.175899505615234,907507,0.0,0.0
2024-02-14 15:30:00-05:00,20.18000030517578,20.200000762939453,20.149999618530273,20.174999237060547,1379495,0.0,0.0
2024-02-15 09:30:00-05:00,20.270000457763672,20.329999923706055,20.19499969482422,20.25,1111651,0.0,0.0
2024-02-15 10:30:00-05:00,20.25,20.274999618530273,20.190000534057617,20.219999313354492,784870,0.0,0.0
2024-02-15 11:30:00-05:00,20.21500015258789,20.270000457763672,20.19499969482422,20.270000457763672,362454,0.0,0.0
2024-02-15 12:30:00-05:00,20.264999389648438,20.309999465942383,20.2549991607666,20.290000915527344,462584,0.0,0.0
2024-02-15 13:30:00-05:00,20.28499984741211,20.295000076293945,20.25,20.280000686645508,630650,0.0,0.0
2024-02-15 14:30:00-05:00,20.280000686645508,20.3174991607666,20.270000457763672,20.295000076293945,697874,0.0,0.0
2024-02-15 15:30:00-05:00,20.299999237060547,20.309999465942383,20.270000457763672,20.309999465942383,755750,0.0,0.0
2024-02-16 09:30:00-05:00,20.350000381469727,20.399999618530273,20.260000228881836,20.344999313354492,1005225,0.0,0.0
2024-02-16 10:30:00-05:00,20.344999313354492,20.450000762939453,20.334999084472656,20.415000915527344,771595,0.0,0.0
2024-02-16 11:30:00-05:00,20.415000915527344,20.559999465942383,20.415000915527344,20.559999465942383,730140,0.0,0.0
2024-02-16 12:30:00-05:00,20.55500030517578,20.559999465942383,20.5,20.5049991607666,300539,0.0,0.0
2024-02-16 13:30:00-05:00,20.510000228881836,20.579999923706055,20.5049991607666,20.575000762939453,392724,0.0,0.0
2024-02-16 14:30:00-05:00,20.56999969482422,20.579999923706055,20.450000762939453,20.479999542236328,1223799,0.0,0.0
2024-02-16 15:30:00-05:00,20.489999771118164,20.489999771118164,20.43000030517578,20.469999313354492,939623,0.0,0.0
2024-02-20 09:30:00-05:00,20.280000686645508,20.399999618530273,20.15999984741211,20.174999237060547,2153426,0.0,0.0
2024-02-20 10:30:00-05:00,20.174999237060547,20.18000030517578,20.079999923706055,20.084999084472656,837261,0.0,0.0
2024-02-20 11:30:00-05:00,20.079999923706055,20.094999313354492,20.014999389648438,20.030000686645508,485309,0.0,0.0
2024-02-20 12:30:00-05:00,20.024999618530273,20.079999923706055,20.0049991607666,20.05500030517578,714063,0.0,0.0
2024-02-20 13:30:00-05:00,20.05500030517578,20.065000534057617,19.989999771118164,20.03499984741211,805626,0.0,0.0
2024-02-20 14:30:00-05:00,20.03499984741211,20.05500030517578,20.020000457763672,20.040000915527344,500337,0.0,0.0
2024-02-20 15:30:00-05:00,20.040000915527344,20.05500030517578,20.014999389648438,20.020000457763672,1383952,0.0,0.0
2024-02-21 09:30:00-05:00,19.790000915527344,19.940000534057617,19.760000228881836,19.81999969482422,1151950,0.0,0.0
2024-02-21 10:30:00-05:00,19.81999969482422,19.897899627685547,19.799999237060547,19.87220001220703,643189,0.0,0.0
2024-02-21 11:30:00-05:00,19.8700008392334,19.8799991607666,19.770000457763672,19.78499984741211,447706,0.0,0.0
2024-02-21 12:30:00-05:00,19.78499984741211,19.795000076293945,19.7450008392334,19.774999618530273,403978,0.0,0.0
2024-02-21 13:30:00-05:00,19.774999618530273,19.780000686645508,19.68000030517578,19.704999923706055,1086368,0.0,0.0
2024-02-21 14:30:00-05:00,19.704999923706055,19.72949981689453,19.68000030517578,19.725000381469727,638095,0.0,0.0
2024-02-21 15:30:00-05:00,19.725000381469727,19.799999237060547,19.725000381469727,19.78499984741211,1471259,0.0,0.0
2024-02-22 09:30:00-05:00,20.200000762939453,20.274999618530273,20.139999389648438,20.234100341796875,1104568,0.0,0.0
2024-02-22 10:30:00-05:00,20.229999542236328,20.270000457763672,20.184999465942383,20.239999771118164,504240,0.0,0.0
2024-02-22 11:30:00-05:00,20.2450008392334,20.290000915527344,20.219999313354492,20.260000228881836,1057743,0.0,0.0
2024-02-22 12:30:00-05:00,20.260000228881836,20.299999237060547,20.235000610351562,20.28499984741211,835883,0.0,0.0
2024-02-22 13:30:00-05:00,20.28499984741211,20.360000610351562,20.280000686645508,20.344999313354492,397109,0.0,0.0
2024-02-22 14:30:00-05:00,20.344999313354492,20.360000610351562,20.329999923706055,20.344999313354492,414167,0.0,0.0
2024-02-22 15:30:00-05:00,20.344999313354492,20.344999313354492,20.299999237060547,20.299999237060547,949540,0.0,0.0
2024-02-23 09:30:00-05:00,20.209999084472656,20.260000228881836,20.18000030517578,20.235000610351562,615306,0.0,0.0
2024-02-23 10:30:00-05:00,20.235000610351562,20.239999771118164,20.1299991607666,20.155000686645508,546998,0.0,0.0
2024-02-23 11:30:00-05:00,20.15999984741211,20.190000534057617,20.1200008392334,20.18000030517578,437234,0.0,0.0
2024-02-23 12:30:00-05:00,20.18000030517578,20.21500015258789,20.170000076293945,20.18000030517578,515470,0.0,0.0
2024-02-23 13:30:00-05:00,20.184999465942383,20.184999465942383,20.1299991607666,20.135000228881836,227817,0.0,0.0
2024-02-23 14:30:00-05:00,20.135000228881836,20.15999984741211,20.1200008392334,20.125,297736,0.0,0.0
2024-02-23 15:30:00-05:00,20.125,20.1299991607666,20.100000381469727,20.110000610351562,1086544,0.0,0.0
2024-02-26 09:30:00-05:00,19.899999618530273,19.94499969482422,19.829999923706055,19.899999618530273,1567591,0.0,0.0
2024-02-26 10:30:00-05:00,19.899999618530273,19.950000762939453,19.890100479125977,19.93000030517578,285789,0.0,0.0
2024-02-26 11:30:00-05:00,19.924999237060547,19.989999771118164,19.920000076293945,19.975000381469727,608144,0.0,0.0
2024-02-26 12:30:00-05:00,19.975000381469727,19.989999771118164,19.940000534057617,19.959999084472656,487722,0.0,0.0
2024-02-26 13:30:00-05:00,19.959999084472656,20.020000457763672,19.94499969482422,19.9950008392334,628065,0.0,0.0
2024-02-26 14:30:00-05:00,19.9950008392334,20.030000686645508,19.979999542236328,20.024999618530273,450099,0.0,0.0
2024-02-26 15:30:00-05:00,20.024999618530273,20.030000686645508,19.975000381469727,19.989999771118164,812510,0.0,0.0
2024-02-27 09:30:00-05:00,19.979999542236328,20.049999237060547,19.940000534057617,20.03350067138672,520837,0.0,0.0
2024-02-27 10:30:00-05:00,20.040000915527344,20.049999237060547,20.010000228881836,20.014999389648438,168668,0.0,0.0
2024-02-27 11:30:00-05:00,20.010000228881836,20.020000457763672,19.969999313354492,19.985000610351562,196169,0.0,0.0
2024-02-27 12:30:00-05:00,19.985000610351562,19.989999771118164,19.940000534057617,19.94499969482422,227436,0.0,0.0
2024-02-27 13:30:00-05:00,19.94499969482422,19.9950008392334,19.9325008392334,19.985000610351562,210012,0.0,0.0
2024-02-27 14:30:00-05:00,19.979999542236328,20.020000457763672,19.969999313354492,20.020000457763672,305639,0.0,0.0
2024-02-27 15:30:00-05:00,20.020000457763672,20.05500030517578,20.0,20.0,742420,0.0,0.0
2024-02-28 09:30:00-05:00,19.950000762939453,19.950000762939453,19.80500030517578,19.875,1345230,0.0,0.0
2024-02-28 10:30:00-05:00,19.875,19.959999084472656,19.8700008392334,19.954999923706055,423625,0.0,0.0
2024-02-28 11:30:00-05:00,19.954999923706055,19.959999084472656,19.920000076293945,19.934999465942383,346738,0.0,0.0
2024-02-28 12:30:00-05:00,19.934999465942383,19.950000762939453,19.920000076293945,19.940000534057617,353172,0.0,0.0
2024-02-28 13:30:00-05:00,19.940000534057617,19.940000534057617,19.899999618530273,19.93000030517578,459880,0.0,0.0
2024-02-28 14:30:00-05:00,19.93000030517578,19.94499969482422,19.899999618530273,19.94499969482422,588001,0.0,0.0
2024-02-28 15:30:00-05:00,19.94499969482422,19.959999084472656,19.920000076293945,19.954999923706055,589194,0.0,0.0
2024-02-29 09:30:00-05:00,20.030000686645508,20.09000015258789,19.969999313354492,20.030000686645508,948472,0.0,0.0
2024-02-29 10:30:00-05:00,20.030000686645508,20.040000915527344,19.950000762939453,19.954999923706055,1341606,0.0,0.0
2024-02-29 11:30:00-05:00,19.950000762939453,19.969999313354492,19.924999237060547,19.940000534057617,928939,0.0,0.0
2024-02-29 12:30:00-05:00,19.934999465942383,20.020000457763672,19.93000030517578,20.0049991607666,446933,0.0,0.0
2024-02-29 13:30:00-05:00,20.010000228881836,20.030000686645508,19.9950008392334,19.9950008392334,229140,0.0,0.0
2024-02-29 14:30:00-05:00,19.9950008392334,20.0,19.959999084472656,19.979999542236328,548917,0.0,0.0
2024-02-29 15:30:00-05:00,19.979999542236328,20.0,19.954999923706055,19.96500015258789,1386281,0.0,0.0
2024-03-01 09:30:00-05:00,19.920000076293945,19.920000076293945,19.760000228881836,19.81999969482422,1425829,0.0,0.0
2024-03-01 10:30:00-05:00,19.829999923706055,19.8700008392334,19.78499984741211,19.78499984741211,757249,0.0,0.0
2024-03-01 11:30:00-05:00,19.790000915527344,19.850000381469727,19.770000457763672,19.850000381469727,416405,0.0,0.0
2024-03-01 12:30:00-05:00,19.850000381469727,19.90999984741211,19.844999313354492,19.875,953298,0.0,0.0
2024-03-01 13:30:00-05:00,19.875,19.875,19.799999237060547,19.850000381469727,658944,0.0,0.0
2024-03-01 14:30:00-05:00,19.850000381469727,19.864999771118164,19.799999237060547,19.815000534057617,606423,0.0,0.0
2024-03-01 15:30:00-05:00,19.815000534057617,19.84000015258789,19.809999465942383,19.834999084472656,1085745,0.0,0.0
2024-03-04 09:30:00-05:00,19.639999389648438,19.709999084472656,19.5,19.674999237060547,1207110,0.0,0.0
2024-03-04 10:30:00-05:00,19.670000076293945,19.725000381469727,19.662500381469727,19.725000381469727,760412,0.0,0.0
2024-03-04 11:30:00-05:00,19.729999542236328,19.799999237060547,19.709999084472656,19.78499984741211,737448,0.0,0.0
2024-03-04 12:30:00-05:00,19.78499984741211,19.80500030517578,19.760000228881836,19.760000228881836,479907,0.0,0.0
2024-03-04 13:30:00-05:00,19.764999389648438,19.790000915527344,19.739999771118164,19.764999389648438,474080,0.0,0.0
2024-03-04 14:30:00-05:00,19.764999389648438,19.799999237060547,19.739999771118164,19.774999618530273,977024,0.0,0.0
2024-03-04 15:30:00-05:00,19.774999618530273,19.799999237060547,19.75,19.799999237060547,1918382,0.0,0.0
2024-03-05 09:30:00-05:00,19.389999389648438,19.489999771118164,19.329999923706055,19.3700008392334,2315091,0.0,0.0
2024-03-05 10:30:00-05:00,19.3700008392334,19.399999618530273,19.34000015258789,19.364999771118164,919818,0.0,0.0
2024-03-05 11:30:00-05:00,19.3700008392334,19.385000228881836,19.350000381469727,19.3700008392334,550486,0.0,0.0
2024-03-05 12:30:00-05:00,19.3700008392334,19.3799991607666,19.34000015258789,19.3700008392334,397205,0.0,0.0
2024-03-05 13:30:00-05:00,19.360000610351562,19.399999618530273,19.325000762939453,19.325000762939453,575815,0.0,0.0
2024-03-05 14:30:00-05:00,19.329999923706055,19.334999084472656,19.219999313354492,19.229999542236328,572877,0.0,0.0
2024-03-05 15:30:00-05:00,19.229999542236328,19.299999237060547,19.225000381469727,19.280000686645508,1700202,0.0,0.0
2024-03-06 09:30:00-05:00,19.520000457763672,19.6200008392334,19.424999237060547,19.43000030517578,1675848,0.0,0.0
2024-03-06 10:30:00-05:00,19.424999237060547,19.5049991607666,19.40999984741211,19.5049991607666,786955,0.0,0.0
2024-03-06 11:30:00-05:00,19.5,19.510000228881836,19.440000534057617,19.44499969482422,476535,0.0,0.0
2024-03-06 12:30:00-05:00,19.44499969482422,19.448999404907227,19.399999618530273,19.405000686645508,497071,0.0,0.0
2024-03-06 13:30:00-05:00,19.399999618530273,19.40999984741211,19.34000015258789,19.389999389648438,999081,0.0,0.0
2024-03-06 14:30:00-05:00,19.395000457763672,19.398700714111328,19.299999237060547,19.30500030517578,1629018,0.0,0.0
2024-03-06 15:30:00-05:00,19.309999465942383,19.3700008392334,19.30500030517578,19.325000762939453,2473147,0.0,0.0
2024-03-07 09:30:00-05:00,19.5,19.514999389648438,19.3700008392334,19.385000228881836,1589242,0.0,0.0
2024-03-07 10:30:00-05:00,19.385000228881836,19.479999542236328,19.3799991607666,19.420000076293945,831257,0.0,0.0
2024-03-07 11:30:00-05:00,19.420000076293945,19.469999313354492,19.399999618530273,19.440000534057617,1016542,0.0,0.0
2024-03-07 12:30:00-05:00,19.44499969482422,19.450000762939453,19.43000030517578,19.434999465942383,615669,0.0,0.0
2024-03-07 13:30:00-05:00,19.434999465942383,19.44499969482422,19.389999389648438,19.395000457763672,1254909,0.0,0.0
2024-03-07 14:30:00-05:00,19.395000457763672,19.40999984741211,19.3700008392334,19.405000686645508,1440731,0.0,0.0
2024-03-07 15:30:00-05:00,19.405000686645508,19.450000762939453,19.34000015258789,19.3799991607666,2731841,0.0,0.0
2024-03-08 09:30:00-05:00,19.399999618530273,19.450000762939453,19.325000762939453,19.350000381469727,1589385,0.0,0.0
2024-03-08 10:30:00-05:00,19.354999542236328,19.3700008392334,19.315000534057617,19.350000381469727,657941,0.0,0.0
2024-03-08 11:30:00-05:00,19.350000381469727,19.399999618530273,19.329999923706055,19.389999389648438,730403,0.0,0.0
2024-03-08 12:30:00-05:00,19.395000457763672,19.399999618530273,19.264999389648438,19.270000457763672,982369,0.0,0.0
2024-03-08 13:30:00-05:00,19.270000457763672,19.344999313354492,19.25,19.34000015258789,595175,0.0,0.0
2024-03-08 14:30:00-05:00,19.344999313354492,19.3700008392334,19.270000457763672,19.270000457763672,1049143,0.0,0.0
2024-03-08 15:30:00-05:00,19.270000457763672,19.290000915527344,19.25,19.2549991607666,1771522,0.0,0.0
2024-03-11 09:30:00-04:00,19.209999084472656,19.270000457763672,19.170000076293945,19.235000610351562,1492141,0.0,0.0
2024-03-11 10:30:00-04:00,19.229999542236328,19.280000686645508,19.21500015258789,19.2549991607666,719054,0.0,0.0
2024-03-11 11:30:00-04:00,19.2549991607666,19.299999237060547,19.229999542236328,19.260000228881836,1687428,0.0,0.0
2024-03-11 12:30:00-04:00,19.260000228881836,19.270000457763672,19.225000381469727,19.260000228881836,519584,0.0,0.0
2024-03-11 13:30:00-04:00,19.260000228881836,19.270000457763672,19.235000610351562,19.2450008392334,660922,0.0,0.0
2024-03-11 14:30:00-04:00,19.2450008392334,19.264999389648438,19.200000762939453,19.225000381469727,1651521,0.0,0.0
2024-03-11 15:30:00-04:00,19.219999313354492,19.25749969482422,19.209999084472656,19.219999313354492,1585373,0.0,0.0
2024-03-12 09:30:00-04:00,19.43000030517578,19.530000686645508,19.350000381469727,19.514999389648438,2866337,0.0,0.0
2024-03-12 10:30:00-04:00,19.514999389648438,19.565000534057617,19.5,19.510000228881836,2027807,0.0,0.0
2024-03-12 11:30:00-04:00,19.510000228881836,19.530000686645508,19.420000076293945,19.46500015258789,1209397,0.0,0.0
2024-03-12 12:30:00-04:00,19.467500686645508,19.485000610351562,19.434999465942383,19.46500015258789,856342,0.0,0.0
2024-03-12 13:30:00-04:00,19.46500015258789,19.4950008392334,19.459999084472656,19.4950008392334,301798,0.0,0.0
2024-03-12 14:30:00-04:00,19.4950008392334,19.510000228881836,19.450000762939453,19.489999771118164,617771,0.0,0.0
2024-03-12 15:30:00-04:00,19.489999771118164,19.5049991607666,19.385000228881836,19.40999984741211,2981120,0.0,0.0
2024-03-13 09:30:00-04:00,19.350000381469727,19.450000762939453,19.315000534057617,19.375,2154700,0.0,0.0
2024-03-13 10:30:00-04:00,19.375,19.375,19.31999969482422,19.344999313354492,933533,0.0,0.0
2024-03-13 11:30:00-04:00,19.344999313354492,19.354999542236328,19.309999465942383,19.309999465942383,347626,0.0,0.0
2024-03-13 12:30:00-04:00,19.315000534057617,19.327499389648438,19.290000915527344,19.299999237060547,642043,0.0,0.0
2024-03-13 13:30:00-04:00,19.3075008392334,19.375,19.295000076293945,19.354999542236328,428280,0.0,0.0
2024-03-13 14:30:00-04:00,19.354999542236328,19.399999618530273,19.354999542236328,19.375,1041565,0.0,0.0
2024-03-13 15:30:00-04:00,19.3799991607666,19.399999618530273,19.360000610351562,19.385000228881836,1383321,0.0,0.0
2024-03-14 09:30:00-04:00,19.799999237060547,19.905000686645508,19.56999969482422,19.625,2432251,0.0,0.0
2024-03-14 10:30:00-04:00,19.625,19.665000915527344,19.610000610351562,19.6299991607666,1251482,0.0,0.0
2024-03-14 11:30:00-04:00,19.6299991607666,19.65999984741211,19.610000610351562,19.645000457763672,832087,0.0,0.0
2024-03-14 12:30:00-04:00,19.645000457763672,19.690000534057617,19.645000457763672,19.68000030517578,503816,0.0,0.0
2024-03-14 13:30:00-04:00,19.674999237060547,19.719999313354492,19.670000076293945,19.704999923706055,525389,0.0,0.0
2024-03-14 14:30:00-04:00,19.704999923706055,19.719999313354492,19.649999618530273,19.65999984741211,980710,0.0,0.0
2024-03-14 15:30:00-04:00,19.655000686645508,19.690000534057617,19.6299991607666,19.670000076293945,1565880,0.0,0.0
2024-03-15 09:30:00-04:00,19.6200008392334,19.65999984741211,19.360000610351562,19.375,1914650,0.0,0.0
2024-03-15 10:30:00-04:00,19.375,19.40999984741211,19.360000610351562,19.375,971524,0.0,0.0
2024-03-15 11:30:00-04:00,19.3700008392334,19.3799991607666,19.329999923706055,19.344999313354492,1057869,0.0,0.0
2024-03-15 12:30:00-04:00,19.344999313354492,19.3700008392334,19.229999542236328,19.264999389648438,2013969,0.0,0.0
2024-03-15 13:30:00-04:00,19.264999389648438,19.329999923706055,19.264999389648438,19.299999237060547,1256794,0.0,0.0
2024-03-15 14:30:00-04:00,19.299999237060547,19.31999969482422,19.280000686645508,19.28499984741211,1318271,0.0,0.0
2024-03-15 15:30:00-04:00,19.28499984741211,19.290000915527344,19.21500015258789,19.225000381469727,1662645,0.0,0.0
2024-03-18 09:30:00-04:00,19.190000534057617,19.209999084472656,19.06999969482422,19.170000076293945,2091246,0.0,0.0
2024-03-18 10:30:00-04:00,19.165000915527344,19.219999313354492,19.149999618530273,19.21500015258789,934635,0.0,0.0
2024-03-18 11:30:00-04:00,19.219999313354492,19.229999542236328,19.170000076293945,19.190000534057617,408962,0.0,0.0
2024-03-18 12:30:00-04:00,19.190000534057617,19.19499969482422,19.15999984741211,19.170000076293945,259426,0.0,0.0
2024-03-18 13:30:00-04:00,19.170000076293945,19.18000030517578,19.139999389648438,19.15999984741211,595116,0.0,0.0
2024-03-18 14:30:00-04:00,19.165000915527344,19.18000030517578,19.15999984741211,19.174999237060547,456990,0.0,0.0
2024-03-18 15:30:00-04:00,19.174999237060547,19.18000030517578,19.149999618530273,19.165000915527344,1326466,0.0,0.0
2024-03-19 09:30:00-04:00,18.690000534057617,18.829999923706055,18.6299991607666,18.78499984741211,1617974,0.0,0.0
2024-03-19 10:30:00-04:00,18.78499984741211,18.809999465942383,18.75,18.7549991607666,765858,0.0,0.0
2024-03-19 11:30:00-04:00,18.7549991607666,18.764999389648438,18.709999084472656,18.735000610351562,1083532,0.0,0.0
2024-03-19 12:30:00-04:00,18.735000610351562,18.809999465942383,18.735000610351562,18.790000915527344,1831324,0.0,0.0
2024-03-19 13:30:00-04:00,18.799999237060547,18.809999465942383,18.75,18.78499984741211,563045,0.0,0.0
2024-03-19 14:30:00-04:00,18.780000686645508,18.80500030517578,18.760000228881836,18.780000686645508,1297861,0.0,0.0
2024-03-19 15:30:00-04:00,18.780000686645508,18.850000381469727,18.780000686645508,18.850000381469727,1751509,0.0,0.0
2024-03-20 09:30:00-04:00,18.670000076293945,18.760000228881836,18.635000228881836,18.727500915527344,1269380,0.0,0.0
2024-03-20 10:30:00-04:00,18.725000381469727,18.75,18.690000534057617,18.739999771118164,1011730,0.0,0.0
2024-03-20 11:30:00-04:00,18.739999771118164,18.795000076293945,18.729999542236328,18.780000686645508,645586,0.0,0.0
2024-03-20 12:30:00-04:00,18.780000686645508,18.790000915527344,18.75,18.774999618530273,914532,0.0,0.0
2024-03-20 13:30:00-04:00,18.770000457763672,18.8700008392334,18.770000457763672,18.84000015258789,1980569,0.0,0.0
2024-03-20 14:30:00-04:00,18.834999084472656,18.93000030517578,18.78499984741211,18.895000457763672,1791702,0.0,0.0
2024-03-20 15:30:00-04:00,18.895000457763672,18.93000030517578,18.875,18.93000030517578,1544771,0.0,0.0
2024-03-21 09:30:00-04:00,18.350000381469727,18.489999771118164,18.1299991607666,18.395000457763672,8186340,0.0,0.0
2024-03-21 10:30:00-04:00,18.399999618530273,18.40999984741211,18.280000686645508,18.297500610351562,2203406,0.0,0.0
2024-03-21 11:30:00-04:00,18.295000076293945,18.389999389648438,18.290000915527344,18.375,1533442,0.0,0.0
2024-03-21 12:30:00-04:00,18.375,18.3799991607666,18.309999465942383,18.325000762939453,1733818,0.0,0.0
2024-03-21 13:30:00-04:00,18.31999969482422,18.329999923706055,18.280000686645508,18.295000076293945,1747767,0.0,0.0
2024-03-21 14:30:00-04:00,18.295000076293945,18.299999237060547,18.239999771118164,18.256999969482422,1794226,0.0,0.0
2024-03-21 15:30:00-04:00,18.25,18.260000228881836,18.149999618530273,18.200000762939453,4733281,0.0,0.0
2024-03-22 09:30:00-04:00,18.110000610351562,18.1200008392334,17.799999237060547,17.80500030517578,3297018,0.0,0.0
2024-03-22 10:30:00-04:00,17.799999237060547,17.809999465942383,17.739999771118164,17.774999618530273,1748254,0.0,0.0
2024-03-22 11:30:00-04:00,17.774999618530273,17.799999237060547,17.729999542236328,17.790000915527344,1789908,0.0,0.0
2024-03-22 12:30:00-04:00,17.790000915527344,17.790000915527344,17.760000228881836,17.770000457763672,1122914,0.0,0.0
2024-03-22 13:30:00-04:00,17.774999618530273,17.795000076293945,17.760000228881836,17.760000228881836,1138830,0.0,0.0
2024-03-22 14:30:00-04:00,17.764999389648438,17.768400192260742,17.719999313354492,17.75,1580213,0.0,0.0
2024-03-22 15:30:00-04:00,17.7450008392334,17.75,17.690000534057617,17.719999313354492,2942566,0.0,0.0
2024-03-25 09:30:00-04:00,17.790000915527344,17.790000915527344,17.604999542236328,17.625,1921861,0.0,0.0
2024-03-25 10:30:00-04:00,17.6200008392334,17.670000076293945,17.59000015258789,17.645000457763672,1543859,0.0,0.0
2024-03-25 11:30:00-04:00,17.649999618530273,17.690000534057617,17.639999389648438,17.684999465942383,1103023,0.0,0.0
2024-03-25 12:30:00-04:00,17.684999465942383,17.729999542236328,17.68000030517578,17.684999465942383,1972541,0.0,0.0
2024-03-25 13:30:00-04:00,17.68000030517578,17.700000762939453,17.639999389648438,17.655000686645508,1148639,0.0,0.0
2024-03-25 14:30:00-04:00,17.658300399780273,17.69499969482422,17.6299991607666,17.674999237060547,1753233,0.0,0.0
2024-03-25 15:30:00-04:00,17.670000076293945,17.670000076293945,17.6299991607666,17.6299991607666,2222012,0.0,0.0
2024-03-26 09:30:00-04:00,17.709999084472656,17.739999771118164,17.639999389648438,17.725000381469727,1908969,0.0,0.0
2024-03-26 10:30:00-04:00,17.719999313354492,17.790000915527344,17.709999084472656,17.7549991607666,1794704,0.0,0.0
2024-03-26 11:30:00-04:00,17.7549991607666,17.815000534057617,17.729999542236328,17.80500030517578,906769,0.0,0.0
2024-03-26 12:30:00-04:00,17.80500030517578,17.81999969482422,17.790000915527344,17.80500030517578,1288846,0.0,0.0
2024-03-26 13:30:00-04:00,17.809999465942383,17.809999465942383,17.770000457763672,17.780000686645508,854910,0.0,0.0
2024-03-26 14:30:00-04:00,17.774999618530273,17.81999969482422,17.774999618530273,17.780000686645508,1334140,0.0,0.0
2024-03-26 15:30:00-04:00,17.774999618530273,17.780000686645508,17.735000610351562,17.760000228881836,1770657,0.0,0.0
2024-03-27 09:30:00-04:00,17.829999923706055,17.84000015258789,17.709999084472656,17.725000381469727,841244,0.0,0.0
2024-03-27 10:30:00-04:00,17.728700637817383,17.760000228881836,17.700000762939453,17.71500015258789,600488,0.0,0.0
2024-03-27 11:30:00-04:00,17.709999084472656,17.739999771118164,17.68000030517578,17.725000381469727,568704,0.0,0.0
2024-03-27 12:30:00-04:00,17.729999542236328,17.780000686645508,17.725000381469727,17.780000686645508,453871,0.0,0.0
2024-03-27 13:30:00-04:00,17.780000686645508,17.795000076293945,17.739999771118164,17.78499984741211,643707,0.0,0.0
2024-03-27 14:30:00-04:00,17.78499984741211,17.790000915527344,17.739999771118164,17.760000228881836,648198,0.0,0.0
2024-03-27 15:30:00-04:00,17.75,17.80500030517578,17.75,17.799999237060547,941580,0.0,0.0
2024-03-28 09:30:00-04:00,17.790000915527344,17.954999923706055,17.790000915527344,17.94499969482422,839678,0.0,0.0
2024-03-28 10:30:00-04:00,17.94499969482422,17.950000762939453,17.90999984741211,17.94499969482422,639081,0.0,0.0
2024-03-28 11:30:00-04:00,17.94499969482422,17.989999771118164,17.93000030517578,17.934999465942383,1325446,0.0,0.0
2024-03-28 12:30:00-04:00,17.934999465942383,17.950000762939453,17.864999771118164,17.885000228881836,1545609,0.0,0.0
2024-03-28 13:30:00-04:00,17.8799991607666,17.940000534057617,17.8799991607666,17.920000076293945,930424,0.0,0.0
2024-03-28 14:30:00-04:00,17.915000915527344,17.924999237060547,17.899999618530273,17.915000915527344,431841,0.0,0.0
2024-03-28 15:30:00-04:00,17.920000076293945,17.940000534057617,17.899999618530273,17.934999465942383,791681,0.0,0.0
2024-04-01 09:30:00-04:00,17.889999389648438,17.920000076293945,17.530000686645508,17.530000686645508,3130444,0.0,0.0
2024-04-01 10:30:00-04:00,17.540000915527344,17.579999923706055,17.5,17.559999465942383,1783436,0.0,0.0
2024-04-01 11:30:00-04:00,17.559999465942383,17.579999923706055,17.532899856567383,17.540000915527344,987502,0.0,0.0
2024-04-01 12:30:00-04:00,17.540000915527344,17.584999084472656,17.520000457763672,17.584999084472656,1340724,0.0,0.0
2024-04-01 13:30:00-04:00,17.584999084472656,17.610000610351562,17.559999465942383,17.579999923706055,2006136,0.0,0.0
2024-04-01 14:30:00-04:00,17.579999923706055,17.610000610351562,17.55500030517578,17.59000015258789,2081234,0.0,0.0
2024-04-01 15:30:00-04:00,17.59000015258789,17.6200008392334,17.579999923706055,17.579999923706055,2078011,0.0,0.0
2024-04-02 09:30:00-04:00,17.43000030517578,17.5674991607666,17.389999389648438,17.485000610351562,2766063,0.0,0.0
2024-04-02 10:30:00-04:00,17.479999542236328,17.530000686645508,17.469999313354492,17.475000381469727,2206180,0.0,0.0
2024-04-02 11:30:00-04:00,17.475000381469727,17.549999237060547,17.469999313354492,17.53499984741211,1257239,0.0,0.0
2024-04-02 12:30:00-04:00,17.53499984741211,17.549999237060547,17.520000457763672,17.545000076293945,1074230,0.0,0.0
2024-04-02 13:30:00-04:00,17.545000076293945,17.579999923706055,17.524999618530273,17.575000762939453,1237391,0.0,0.0
2024-04-02 14:30:00-04:00,17.575000762939453,17.610000610351562,17.559999465942383,17.59000015258789,1573529,0.0,0.0
2024-04-02 15:30:00-04:00,17.594999313354492,17.610000610351562,17.56999969482422,17.579999923706055,1878640,0.0,0.0
2024-04-03 09:30:00-04:00,17.549999237060547,17.6200008392334,17.520000457763672,17.565000534057617,1091053,0.0,0.0
2024-04-03 10:30:00-04:00,17.565000534057617,17.815000534057617,17.559999465942383,17.760000228881836,2318543,0.0,0.0
2024-04-03 11:30:00-04:00,17.760000228881836,17.760000228881836,17.719999313354492,17.75,851597,0.0,0.0
2024-04-03 12:30:00-04:00,17.760000228881836,17.790000915527344,17.739999771118164,17.7450008392334,1153203,0.0,0.0
2024-04-03 13:30:00-04:00,17.75,17.764999389648438,17.704999923706055,17.719999313354492,731465,0.0,0.0
2024-04-03 14:30:00-04:00,17.719999313354492,17.75,17.700000762939453,17.704999923706055,806150,0.0,0.0
2024-04-03 15:30:00-04:00,17.709999084472656,17.7450008392334,17.704999923706055,17.729999542236328,1486917,0.0,0.0
2024-04-04 09:30:00-04:00,17.739999771118164,18.020000457763672,17.739999771118164,18.0049991607666,1720808,0.0,0.0
2024-04-04 10:30:00-04:00,18.0049991607666,18.014999389648438,17.864999771118164,17.895000457763672,1291155,0.0,0.0
2024-04-04 11:30:00-04:00,17.895000457763672,17.90999984741211,17.8799991607666,17.895000457763672,802763,0.0,0.0
2024-04-04 12:30:00-04:00,17.899999618530273,17.899999618530273,17.852500915527344,17.8700008392334,522095,0.0,0.0
2024-04-04 13:30:00-04:00,17.864999771118164,17.889999389648438,17.809999465942383,17.809999465942383,1569444,0.0,0.0
2024-04-04 14:30:00-04:00,17.815000534057617,17.829999923706055,17.649999618530273,17.670000076293945,2157480,0.0,0.0
2024-04-04 15:30:00-04:00,17.665000915527344,17.770000457763672,17.665000915527344,17.7549991607666,4051100,0.0,0.0
2024-04-05 09:30:00-04:00,17.700000762939453,17.799999237060547,17.649999618530273,17.75,938276,0.0,0.0
2024-04-05 10:30:00-04:00,17.7450008392334,17.829999923706055,17.739999771118164,17.78499984741211,733829,0.0,0.0
2024-04-05 11:30:00-04:00,17.78499984741211,17.850000381469727,17.780000686645508,17.81999969482422,821952,0.0,0.0
2024-04-05 12:30:00-04:00,17.815000534057617,17.81999969482422,17.790000915527344,17.80500030517578,481192,0.0,0.0
2024-04-05 13:30:00-04:00,17.809999465942383,17.81999969482422,17.790000915527344,17.795000076293945,699599,0.0,0.0
2024-04-05 14:30:00-04:00,17.795000076293945,17.81999969482422,17.770000457763672,17.795000076293945,589263,0.0,0.0
2024-04-05 15:30:00-04:00,17.795000076293945,17.829999923706055,17.790000915527344,17.825000762939453,1425199,0.0,0.0
2024-04-08 09:30:00-04:00,17.739999771118164,17.959999084472656,17.725000381469727,17.954999923706055,2491602,0.0,0.0
2024-04-08 10:30:00-04:00,17.954999923706055,17.959999084472656,17.88249969482422,17.915000915527344,1292389,0.0,0.0
2024-04-08 11:30:00-04:00,17.90999984741211,17.920000076293945,17.860000610351562,17.885000228881836,450115,0.0,0.0
2024-04-08 12:30:00-04:00,17.885000228881836,17.920000076293945,17.8700008392334,17.920000076293945,448922,0.0,0.0
2024-04-08 13:30:00-04:00,17.920000076293945,17.950000762939453,17.905000686645508,17.934999465942383,833949,0.0,0.0
2024-04-08 14:30:00-04:00,17.934999465942383,17.950000762939453,17.8799991607666,17.889999389648438,986898,0.0,0.0
2024-04-08 15:30:00-04:00,17.895000457763672,17.899999618530273,17.850000381469727,17.864999771118164,1279333,0.0,0.0
2024-04-09 09:30:00-04:00,18.030000686645508,18.200000762939453,18.010000228881836,18.107500076293945,2121115,0.0,0.0
2024-04-09 10:30:00-04:00,18.100000381469727,18.174999237060547,18.059999465942383,18.170000076293945,1363663,0.0,0.0
2024-04-09 11:30:00-04:00,18.165000915527344,18.270000457763672,18.13249969482422,18.229999542236328,2280545,0.0,0.0
2024-04-09 12:30:00-04:00,18.229999542236328,18.25,18.170000076293945,18.174999237060547,1411911,0.0,0.0
2024-04-09 13:30:00-04:00,18.18000030517578,18.190000534057617,18.09000015258789,18.114999771118164,1292916,0.0,0.0
2024-04-09 14:30:00-04:00,18.114999771118164,18.15999984741211,18.09000015258789,18.149999618530273,1718017,0.0,0.0
2024-04-09 15:30:00-04:00,18.149999618530273,18.190000534057617,18.1299991607666,18.190000534057617,1517317,0.0,0.0
2024-04-10 09:30:00-04:00,18.0,18.079999923706055,17.899999618530273,17.985000610351562,3703239,0.0,0.0
2024-04-10 10:30:00-04:00,17.979999542236328,18.045000076293945,17.920000076293945,17.954999923706055,1032957,0.0,0.0
2024-04-10 11:30:00-04:00,17.954999923706055,17.969999313354492,17.864999771118164,17.934999465942383,1214789,0.0,0.0
2024-04-10 12:30:00-04:00,17.934999465942383,17.979999542236328,17.905000686645508,17.950000762939453,580530,0.0,0.0
2024-04-10 13:30:00-04:00,17.950000762939453,17.979999542236328,17.934999465942383,17.950000762939453,837933,0.0,0.0
2024-04-10 14:30:00-04:00,17.94499969482422,18.0,17.920000076293945,17.9950008392334,720216,0.0,0.0
2024-04-10 15:30:00-04:00,17.9950008392334,18.020000457763672,17.979999542236328,17.990400314331055,2117209,0.0,0.0
2024-04-11 09:30:00-04:00,18.139999389648438,18.139999389648438,17.90250015258789,17.905000686645508,2332335,0.0,0.0
2024-04-11 10:30:00-04:00,17.90999984741211,18.0,17.895000457763672,17.934999465942383,2216372,0.0,0.0
2024-04-11 11:30:00-04:00,17.934999465942383,17.989999771118164,17.90999984741211,17.915000915527344,837599,0.0,0.0
2024-04-11 12:30:00-04:00,17.915000915527344,17.920000076293945,17.850000381469727,17.8799991607666,1811518,0.0,0.0
2024-04-11 13:30:00-04:00,17.885000228881836,17.979999542236328,17.8700008392334,17.954999923706055,1128335,0.0,0.0
2024-04-11 14:30:00-04:00,17.954999923706055,17.969999313354492,17.924999237060547,17.94499969482422,1522415,0.0,0.0
2024-04-11 15:30:00-04:00,17.940000534057617,17.959999084472656,17.93000030517578,17.934999465942383,2951182,0.0,0.0
2024-04-12 09:30:00-04:00,17.780000686645508,17.860000610351562,17.530000686645508,17.614999771118164,3212766,0.0,0.0
2024-04-12 10:30:00-04:00,17.610000610351562,17.729999542236328,17.600000381469727,17.729999542236328,1800225,0.0,0.0
2024-04-12 11:30:00-04:00,17.729999542236328,17.7549991607666,17.700000762939453,17.704999923706055,1234557,0.0,0.0
2024-04-12 12:30:00-04:00,17.704999923706055,17.709999084472656,17.645000457763672,17.645000457763672,1405711,0.0,0.0
2024-04-12 13:30:00-04:00,17.645000457763672,17.665000915527344,17.6200008392334,17.639999389648438,983946,0.0,0.0
2024-04-12 14:30:00-04:00,17.645000457763672,17.739999771118164,17.6200008392334,17.725000381469727,4261246,0.0,0.0
2024-04-12 15:30:00-04:00,17.725000381469727,17.760000228881836,17.709999084472656,17.735000610351562,4189144,0.0,0.0
2024-04-15 09:30:00-04:00,17.690000534057617,17.709999084472656,17.44499969482422,17.450000762939453,1547853,0.0,0.0
2024-04-15 10:30:00-04:00,17.454999923706055,17.454999923706055,17.389999389648438,17.450000762939453,1521831,0.0,0.0
2024-04-15 11:30:00-04:00,17.440000534057617,17.450000762939453,17.420000076293945,17.424999237060547,665469,0.0,0.0
2024-04-15 12:30:00-04:00,17.424999237060547,17.440000534057617,17.350000381469727,17.350000381469727,948907,0.0,0.0
2024-04-15 13:30:00-04:00,17.354999542236328,17.3700008392334,17.329999923706055,17.344999313354492,1480383,0.0,0.0
2024-04-15 14:30:00-04:00,17.34000015258789,17.344999313354492,17.270000457763672,17.29129981994629,903457,0.0,0.0
2024-04-15 15:30:00-04:00,17.295000076293945,17.309999465942383,17.260000228881836,17.270000457763672,3241875,0.0,0.0
2024-04-16 09:30:00-04:00,16.979999542236328,17.190000534057617,16.979999542236328,17.114999771118164,2459591,0.0,0.0
2024-04-16 10:30:00-04:00,17.110000610351562,17.170000076293945,17.09000015258789,17.155000686645508,1741024,0.0,0.0
2024-04-16 11:30:00-04:00,17.149999618530273,17.15999984741211,17.09000015258789,17.094999313354492,1198979,0.0,0.0
2024-04-16 12:30:00-04:00,17.094999313354492,17.100000381469727,17.049999237060547,17.049999237060547,922375,0.0,0.0
2024-04-16 13:30:00-04:00,17.05500030517578,17.139999389648438,17.010000228881836,17.030000686645508,1597979,0.0,0.0
2024-04-16 14:30:00-04:00,17.03499984741211,17.100000381469727,17.020000457763672,17.094999313354492,1183821,0.0,0.0
2024-04-16 15:30:00-04:00,17.094999313354492,17.110000610351562,17.040000915527344,17.05500030517578,2183556,0.0,0.0
2024-04-17 09:30:00-04:00,17.139999389648438,17.18000030517578,17.0049991607666,17.024999618530273,2854264,0.0,0.0
2024-04-17 10:30:00-04:00,17.024999618530273,17.059999465942383,16.950000762939453,16.954999923706055,2210384,0.0,0.0
2024-04-17 11:30:00-04:00,16.950000762939453,16.987499237060547,16.920000076293945,16.934999465942383,2056095,0.0,0.0
2024-04-17 12:30:00-04:00,16.93000030517578,16.950000762939453,16.8700008392334,16.950000762939453,1646463,0.0,0.0
2024-04-17 13:30:00-04:00,16.950000762939453,16.969999313354492,16.90999984741211,16.934999465942383,1401205,0.0,0.0
2024-04-17 14:30:00-04:00,16.934999465942383,16.979999542236328,16.890100479125977,16.899999618530273,1811579,0.0,0.0
2024-04-17 15:30:00-04:00,16.905000686645508,16.959999084472656,16.899999618530273,16.950000762939453,4164346,0.0,0.0
2024-04-18 09:30:00-04:00,16.260000228881836,16.670000076293945,16.040000915527344,16.625,8037834,0.0,0.0
2024-04-18 10:30:00-04:00,16.625,16.899999618530273,16.61479949951172,16.760000228881836,5458809,0.0,0.0
2024-04-18 11:30:00-04:00,16.760000228881836,16.809999465942383,16.579999923706055,16.594999313354492,2582424,0.0,0.0
2024-04-18 12:30:00-04:00,16.594999313354492,16.610000610351562,16.424999237060547,16.469999313354492,2755390,0.0,0.0
2024-04-18 13:30:00-04:00,16.469999313354492,16.520000457763672,16.415000915527344,16.5049991607666,2975031,0.0,0.0
2024-04-18 14:30:00-04:00,16.5,16.5049991607666,16.389999389648438,16.415000915527344,2399649,0.0,0.0
2024-04-18 15:30:00-04:00,16.420000076293945,16.56999969482422,16.420000076293945,16.520000457763672,6233820,0.0,0.0
2024-04-19 09:30:00-04:00,16.760000228881836,16.954999923706055,16.704999923706055,16.7549991607666,3025409,0.0,0.0
2024-04-19 10:30:00-04:00,16.7549991607666,16.78499984741211,16.68000030517578,16.770000457763672,1798274,0.0,0.0
2024-04-19 11:30:00-04:00,16.774999618530273,16.790000915527344,16.709999084472656,16.729999542236328,1793159,0.0,0.0
2024-04-19 12:30:00-04:00,16.737499237060547,16.809999465942383,16.729999542236328,16.774999618530273,1147094,0.0,0.0
2024-04-19 13:30:00-04:00,16.770000457763672,16.860000610351562,16.770000457763672,16.84000015258789,1354356,0.0,0.0
2024-04-19 14:30:00-04:00,16.834999084472656,16.860000610351562,16.809999465942383,16.854999542236328,2019374,0.0,0.0
2024-04-19 15:30:00-04:00,16.854999542236328,16.878999710083008,16.780000686645508,16.809999465942383,2973140,0.0,0.0
2024-04-22 09:30:00-04:00,17.049999237060547,17.190000534057617,16.959999084472656,17.079999923706055,3121511,0.0,0.0
2024-04-22 10:30:00-04:00,17.09000015258789,17.094999313354492,17.0,17.084999084472656,3077056,0.0,0.0
2024-04-22 11:30:00-04:00,17.084999084472656,17.235000610351562,17.079999923706055,17.229999542236328,1467037,0.0,0.0
2024-04-22 12:30:00-04:00,17.235000610351562,17.389999389648438,17.209999084472656,17.3700008392334,1494148,0.0,0.0
2024-04-22 13:30:00-04:00,17.3700008392334,17.3799991607666,17.260000228881836,17.334999084472656,1463051,0.0,0.0
2024-04-22 14:30:00-04:00,17.334999084472656,17.350000381469727,17.229999542236328,17.270000457763672,1736961,0.0,0.0
2024-04-22 15:30:00-04:00,17.274999618530273,17.364999771118164,17.260000228881836,17.299999237060547,6658305,0.0,0.0
2024-04-23 09:30:00-04:00,17.299999237060547,17.3700008392334,17.1299991607666,17.174999237060547,1363196,0.0,0.0
2024-04-23 10:30:00-04:00,17.174999237060547,17.235000610351562,17.149999618530273,17.200000762939453,1118664,0.0,0.0
2024-04-23 11:30:00-04:00,17.200000762939453,17.2450008392334,17.18000030517578,17.239999771118164,587587,0.0,0.0
2024-04-23 12:30:00-04:00,17.235000610351562,17.270000457763672,17.200000762939453,17.204999923706055,879136,0.0,0.0
2024-04-23 13:30:00-04:00,17.200000762939453,17.219999313354492,17.139999389648438,17.18000030517578,664266,0.0,0.0
2024-04-23 14:30:00-04:00,17.184999465942383,17.190000534057617,17.125,17.155000686645508,1072186,0.0,0.0
2024-04-23 15:30:00-04:00,17.155000686645508,17.200000762939453,17.145000457763672,17.170000076293945,1927138,0.0,0.0
2024-04-24 09:30:00-04:00,17.15999984741211,17.229999542236328,17.084999084472656,17.094999313354492,1465702,0.0,0.0
2024-04-24 10:30:00-04:00,17.09000015258789,17.110000610351562,16.924999237060547,17.024999618530273,1665588,0.0,0.0
2024-04-24 11:30:00-04:00,17.020000457763672,17.030000686645508,16.950000762939453,16.96500015258789,1253244,0.0,0.0
2024-04-24 12:30:00-04:00,16.959999084472656,17.010000228881836,16.93000030517578,16.9950008392334,1074334,0.0,0.0
2024-04-24 13:30:00-04:00,16.9950008392334,17.04949951171875,16.989999771118164,17.03499984741211,856870,0.0,0.0
2024-04-24 14:30:00-04:00,17.030000686645508,17.05970001220703,17.0049991607666,17.05500030517578,1048698,0.0,0.0
2024-04-24 15:30:00-04:00,17.05500030517578,17.059999465942383,17.030000686645508,17.03499984741211,1678908,0.0,0.0
2024-04-25 09:30:00-04:00,17.020000457763672,17.100000381469727,16.829999923706055,16.90999984741211,2341813,0.0,0.0
2024-04-25 10:30:00-04:00,16.915000915527344,17.024999618530273,16.899999618530273,17.0049991607666,1103783,0.0,0.0
2024-04-25 11:30:00-04:00,17.0049991607666,17.02750015258789,16.979999542236328,17.014999389648438,374794,0.0,0.0
2024-04-25 12:30:00-04:00,17.014999389648438,17.065000534057617,17.0,17.045000076293945,457455,0.0,0.0
2024-04-25 13:30:00-04:00,17.040000915527344,17.079999923706055,17.020000457763672,17.020000457763672,646063,0.0,0.0
2024-04-25 14:30:00-04:00,17.020000457763672,17.079999923706055,17.0049991607666,17.059999465942383,952181,0.0,0.0
2024-04-25 15:30:00-04:00,17.065000534057617,17.06999969482422,17.010000228881836,17.010000228881836,1583609,0.0,0.0
2024-04-26 09:30:00-04:00,17.110000610351562,17.1299991607666,16.922500610351562,16.934999465942383,1130556,0.0,0.0
2024-04-26 10:30:00-04:00,16.940000534057617,16.959999084472656,16.90999984741211,16.924999237060547,908594,0.0,0.0
2024-04-26 11:30:00-04:00,16.924999237060547,16.950000762939453,16.90999984741211,16.950000762939453,542230,0.0,0.0
2024-04-26 12:30:00-04:00,16.940000534057617,16.950000762939453,16.90999984741211,16.90999984741211,861852,0.0,0.0
2024-04-26 13:30:00-04:00,16.915000915527344,16.920000076293945,16.8799991607666,16.905000686645508,1054149,0.0,0.0
2024-04-26 14:30:00-04:00,16.899999618530273,16.979999542236328,16.889999389648438,16.975000381469727,1280161,0.0,0.0
2024-04-26 15:30:00-04:00,16.975000381469727,16.985000610351562,16.93000030517578,16.950000762939453,2515918,0.0,0.0
2024-04-29 09:30:00-04:00,16.959999084472656,17.09000015258789,16.940000534057617,17.059999465942383,1084730,0.0,0.0
2024-04-29 10:30:00-04:00,17.059999465942383,17.06999969482422,17.010000228881836,17.024999618530273,599646,0.0,0.0
2024-04-29 11:30:00-04:00,17.020000457763672,17.030000686645508,16.985000610351562,16.9950008392334,679981,0.0,0.0
2024-04-29 12:30:00-04:00,16.9950008392334,17.010000228881836,16.969999313354492,16.985000610351562,657611,0.0,0.0
2024-04-29 13:30:00-04:00,16.989999771118164,17.0,16.959999084472656,16.969999313354492,550228,0.0,0.0
2024-04-29 14:30:00-04:00,16.969999313354492,16.979999542236328,16.940000534057617,16.959999084472656,901484,0.0,0.0
2024-04-29 15:30:00-04:00,16.959999084472656,16.9950008392334,16.93000030517578,16.969999313354492,2497867,0.0,0.0
2024-04-30 09:30:00-04:00,16.93000030517578,16.954999923706055,16.8700008392334,16.875,1905366,0.0,0.0
2024-04-30 10:30:00-04:00,16.8799991607666,16.889999389648438,16.729999542236328,16.764999389648438,1399007,0.0,0.0
2024-04-30 11:30:00-04:00,16.760000228881836,16.799999237060547,16.739999771118164,16.795000076293945,1034222,0.0,0.0
2024-04-30 12:30:00-04:00,16.790000915527344,16.795000076293945,16.709999084472656,16.7549991607666,1305457,0.0,0.0
2024-04-30 13:30:00-04:00,16.75,16.809999465942383,16.739999771118164,16.7549991607666,2673751,0.0,0.0
2024-04-30 14:30:00-04:00,16.75,16.780000686645508,16.75,16.760000228881836,684493,0.0,0.0
2024-04-30 15:30:00-04:00,16.760000228881836,16.780000686645508,16.709999084472656,16.725000381469727,1561693,0.0,0.0
2024-05-01 09:30:00-04:00,16.719999313354492,16.829999923706055,16.68000030517578,16.8125,1169858,0.0,0.0
2024-05-01 10:30:00-04:00,16.815000534057617,16.834999084472656,16.760000228881836,16.795000076293945,490350,0.0,0.0
2024-05-01 11:30:00-04:00,16.790000915527344,16.79800033569336,16.75,16.760000228881836,449482,0.0,0.0
2024-05-01 12:30:00-04:00,16.760000228881836,16.790000915527344,16.75,16.78499984741211,545289,0.0,0.0
2024-05-01 13:30:00-04:00,16.790000915527344,16.81999969482422,16.770000457763672,16.809999465942383,409222,0.0,0.0
2024-05-01 14:30:00-04:00,16.80500030517578,16.889999389648438,16.760000228881836,16.850000381469727,1171631,0.0,0.0
2024-05-01 15:30:00-04:00,16.850000381469727,16.850000381469727,16.75,16.764999389648438,1850179,0.0,0.0
2024-05-02 09:30:00-04:00,16.850000381469727,16.864999771118164,16.625,16.725000381469727,1591906,0.0,0.0
2024-05-02 10:30:00-04:00,16.719999313354492,16.860000610351562,16.719999313354492,16.854999542236328,1378404,0.0,0.0
2024-05-02 11:30:00-04:00,16.854999542236328,16.90999984741211,16.829999923706055,16.844999313354492,698519,0.0,0.0
2024-05-02 12:30:00-04:00,16.844999313354492,16.889999389648438,16.825000762939453,16.854999542236328,965035,0.0,0.0
2024-05-02 13:30:00-04:00,16.850000381469727,16.860000610351562,16.815000534057617,16.850000381469727,994297,0.0,0.0
2024-05-02 14:30:00-04:00,16.854999542236328,16.90999984741211,16.850000381469727,16.875,1345436,0.0,0.0
2024-05-02 15:30:00-04:00,16.8700008392334,16.8799991607666,16.829999923706055,16.875,1276020,0.0,0.0
2024-05-03 09:30:00-04:00,16.920000076293945,16.989999771118164,16.864999771118164,16.895000457763672,931533,0.0,0.0
2024-05-03 10:30:00-04:00,16.895000457763672,16.950000762939453,16.885000228881836,16.940000534057617,410272,0.0,0.0
2024-05-03 11:30:00-04:00,16.940000534057617,16.96500015258789,16.920000076293945,16.94499969482422,394835,0.0,0.0
2024-05-03 12:30:00-04:00,16.950000762939453,16.950000762939453,16.920000076293945,16.924999237060547,237091,0.0,0.0
2024-05-03 13:30:00-04:00,16.927499771118164,16.969999313354492,16.905000686645508,16.959999084472656,425851,0.0,0.0
2024-05-03 14:30:00-04:00,16.954999923706055,16.979999542236328,16.940000534057617,16.954999923706055,386073,0.0,0.0
2024-05-03 15:30:00-04:00,16.954999923706055,16.959999084472656,16.920000076293945,16.924999237060547,824511,0.0,0.0
2024-05-06 09:30:00-04:00,17.0,17.010000228881836,16.950000762939453,16.989999771118164,894806,0.0,0.0
2024-05-06 10:30:00-04:00,16.989999771118164,17.0049991607666,16.979999542236328,16.985000610351562,348020,0.0,0.0
2024-05-06 11:30:00-04:00,16.987499237060547,17.040000915527344,16.979999542236328,16.9950008392334,386937,0.0,0.0
2024-05-06 12:30:00-04:00,16.9950008392334,17.010000228881836,16.985000610351562,17.0,338989,0.0,0.0
2024-05-06 13:30:00-04:00,16.9950008392334,17.030000686645508,16.989999771118164,17.024999618530273,262607,0.0,0.0
2024-05-06 14:30:00-04:00,17.024999618530273,17.040000915527344,16.985000610351562,16.9950008392334,551665,0.0,0.0
2024-05-06 15:30:00-04:00,16.9950008392334,17.020000457763672,16.979999542236328,16.979999542236328,1092688,0.0,0.0
2024-05-07 09:30:00-04:00,17.059999465942383,17.149999618530273,16.989999771118164,17.145000457763672,1398068,0.0,0.0
2024-05-07 10:30:00-04:00,17.149999618530273,17.18000030517578,17.110000610351562,17.174999237060547,857478,0.0,0.0
2024-05-07 11:30:00-04:00,17.174999237060547,17.190000534057617,17.1299991607666,17.184999465942383,857799,0.0,0.0
2024-05-07 12:30:00-04:00,17.184999465942383,17.190000534057617,17.1299991607666,17.145000457763672,767480,0.0,0.0
2024-05-07 13:30:00-04:00,17.145000457763672,17.149999618530273,17.114999771118164,17.125,880620,0.0,0.0
2024-05-07 14:30:00-04:00,17.125,17.149999618530273,17.110000610351562,17.145000457763672,943010,0.0,0.0
2024-05-07 15:30:00-04:00,17.149999618530273,17.15999984741211,17.1299991607666,17.139999389648438,1548628,0.0,0.0
2024-05-08 09:30:00-04:00,16.989999771118164,17.084999084472656,16.899999618530273,17.065000534057617,1458920,0.0,0.0
2024-05-08 10:30:00-04:00,17.06999969482422,17.088899612426758,17.040000915527344,17.075000762939453,562929,0.0,0.0
2024-05-08 11:30:00-04:00,17.06999969482422,17.110000610351562,17.06999969482422,17.094999313354492,406542,0.0,0.0
2024-05-08 12:30:00-04:00,17.100000381469727,17.1299991607666,17.079999923706055,17.114999771118164,433135,0.0,0.0
2024-05-08 13:30:00-04:00,17.114999771118164,17.139999389648438,17.110000610351562,17.125,332685,0.0,0.0
2024-05-08 14:30:00-04:00,17.125,17.1299991607666,17.094999313354492,17.104999542236328,472049,0.0,0.0
2024-05-08 15:30:00-04:00,17.104999542236328,17.110000610351562,17.079999923706055,17.09000015258789,834982,0.0,0.0
2024-05-09 09:30:00-04:00,17.040000915527344,17.05500030517578,16.899999618530273,16.90999984741211,3366556,0.0,0.0
2024-05-09 10:30:00-04:00,16.915000915527344,16.959999084472656,16.889999389648438,16.959999084472656,1724081,0.0,0.0
2024-05-09 11:30:00-04:00,16.954999923706055,16.975000381469727,16.934999465942383,16.94499969482422,722267,0.0,0.0
2024-05-09 12:30:00-04:00,16.947500228881836,16.96500015258789,16.93000030517578,16.93000030517578,988461,0.0,0.0
2024-05-09 13:30:00-04:00,16.93000030517578,16.940000534057617,16.920000076293945,16.924999237060547,756750,0.0,0.0
2024-05-09 14:30:00-04:00,16.924999237060547,16.950000762939453,16.915000915527344,16.924999237060547,1731737,0.0,0.0
2024-05-09 15:30:00-04:00,16.924999237060547,16.969999313354492,16.920000076293945,16.96500015258789,2591744,0.0,0.0
2024-05-10 09:30:00-04:00,16.940000534057617,16.959999084472656,16.790000915527344,16.815000534057617,1480525,0.0,0.0
2024-05-10 10:30:00-04:00,16.815000534057617,16.8700008392334,16.795000076293945,16.864999771118164,1116871,0.0,0.0
2024-05-10 11:30:00-04:00,16.864999771118164,16.8700008392334,16.809999465942383,16.834999084472656,1469796,0.0,0.0
2024-05-10 12:30:00-04:00,16.834999084472656,16.850000381469727,16.81999969482422,16.825000762939453,731105,0.0,0.0
2024-05-10 13:30:00-04:00,16.81999969482422,16.920000076293945,16.8125,16.905000686645508,1320223,0.0,0.0
2024-05-10 14:30:00-04:00,16.905000686645508,16.940000534057617,16.8700008392334,16.875,1676458,0.0,0.0
2024-05-10 15:30:00-04:00,16.875,16.885000228881836,16.850000381469727,16.8700008392334,2027473,0.0,0.0
2024-05-13 09:30:00-04:00,16.940000534057617,17.040000915527344,16.924999237060547,16.97920036315918,949102,0.0,0.0
2024-05-13 10:30:00-04:00,16.979999542236328,17.010000228881836,16.950000762939453,16.985000610351562,768454,0.0,0.0
2024-05-13 11:30:00-04:00,16.975000381469727,16.979999542236328,16.940000534057617,16.94499969482422,626208,0.0,0.0
2024-05-13 12:30:00-04:00,16.94499969482422,16.959999084472656,16.920000076293945,16.94499969482422,413924,0.0,0.0
2024-05-13 13:30:00-04:00,16.94499969482422,16.959999084472656,16.90999984741211,16.924999237060547,397831,0.0,0.0
2024-05-13 14:30:00-04:00,16.924999237060547,16.940000534057617,16.90999984741211,16.924999237060547,475986,0.0,0.0
2024-05-13 15:30:00-04:00,16.924999237060547,16.950000762939453,16.889999389648438,16.920000076293945,1972647,0.0,0.0
2024-05-14 09:30:00-04:00,17.0,17.0049991607666,16.920000076293945,16.93000030517578,1355416,0.0,0.0
2024-05-14 10:30:00-04:00,16.93000030517578,16.950000762939453,16.895000457763672,16.920000076293945,1126453,0.0,0.0
2024-05-14 11:30:00-04:00,16.924999237060547,16.924999237060547,16.899999618530273,16.899999618530273,424100,0.0,0.0
2024-05-14 12:30:00-04:00,16.905000686645508,16.907800674438477,16.864999771118164,16.885000228881836,600981,0.0,0.0
2024-05-14 13:30:00-04:00,16.885000228881836,16.915000915527344,16.88010025024414,16.90999984741211,713557,0.0,0.0
2024-05-14 14:30:00-04:00,16.905000686645508,16.93000030517578,16.899999618530273,16.915000915527344,1064353,0.0,0.0
2024-05-14 15:30:00-04:00,16.915000915527344,16.959999084472656,16.899999618530273,16.959999084472656,2564131,0.0,0.0
2024-05-15 09:30:00-04:00,17.020000457763672,17.020000457763672,16.854999542236328,16.915000915527344,472339,0.0,0.0
2024-05-15 10:30:00-04:00,16.915000915527344,17.0,16.90999984741211,16.9950008392334,424257,0.0,0.0
2024-05-15 11:30:00-04:00,17.0,17.110000610351562,17.0,17.110000610351562,384827,0.0,0.0
2024-05-15 12:30:00-04:00,17.110000610351562,17.1299991607666,17.084999084472656,17.110000610351562,497266,0.0,0.0
2024-05-15 13:30:00-04:00,17.110000610351562,17.110000610351562,17.06999969482422,17.079999923706055,435944,0.0,0.0
2024-05-15 14:30:00-04:00,17.075000762939453,17.09000015258789,17.06999969482422,17.075000762939453,443044,0.0,0.0
2024-05-15 15:30:00-04:00,17.075000762939453,17.079999923706055,17.040000915527344,17.05500030517578,965103,0.0,0.0
2024-05-16 09:30:00-04:00,17.209999084472656,17.28499984741211,17.149999618530273,17.219999313354492,4232168,0.0,0.0
2024-05-16 10:30:00-04:00,17.21500015258789,17.270000457763672,17.190000534057617,17.209999084472656,966481,0.0,0.0
2024-05-16 11:30:00-04:00,17.204999923706055,17.229999542236328,17.15999984741211,17.200000762939453,752513,0.0,0.0
2024-05-16 12:30:00-04:00,17.190000534057617,17.229999542236328,17.18000030517578,17.204999923706055,572100,0.0,0.0
2024-05-16 13:30:00-04:00,17.204999923706055,17.219999313354492,17.170000076293945,17.21500015258789,651810,0.0,0.0
2024-05-16 14:30:00-04:00,17.21500015258789,17.270000457763672,17.209999084472656,17.264999389648438,976575,0.0,0.0
2024-05-16 15:30:00-04:00,17.264999389648438,17.280000686645508,17.239999771118164,17.239999771118164,1859850,0.0,0.0
2024-05-17 09:30:00-04:00,17.149999618530273,17.170000076293945,17.020000457763672,17.110000610351562,2298598,0.0,0.0
2024-05-17 10:30:00-04:00,17.100000381469727,17.139999389648438,17.059999465942383,17.059999465942383,1807418,0.0,0.0
2024-05-17 11:30:00-04:00,17.065000534057617,17.104999542236328,17.059999465942383,17.079999923706055,546383,0.0,0.0
2024-05-17 12:30:00-04:00,17.084999084472656,17.114999771118164,17.059999465942383,17.075000762939453,438786,0.0,0.0
2024-05-17 13:30:00-04:00,17.075000762939453,17.09000015258789,17.059999465942383,17.072500228881836,502308,0.0,0.0
2024-05-17 14:30:00-04:00,17.079999923706055,17.1200008392334,17.075000762939453,17.1200008392334,632968,0.0,0.0
2024-05-17 15:30:00-04:00,17.114999771118164,17.155000686645508,17.110000610351562,17.149999618530273,1325544,0.0,0.0
2024-05-20 09:30:00-04:00,17.15999984741211,17.219999313354492,17.104999542236328,17.139999389648438,1546396,0.0,0.0
2024-05-20 10:30:00-04:00,17.149999618530273,17.209999084472656,17.139999389648438,17.174999237060547,729382,0.0,0.0
2024-05-20 11:30:00-04:00,17.174999237060547,17.18000030517578,17.15999984741211,17.174999237060547,282380,0.0,0.0
2024-05-20 12:30:00-04:00,17.174999237060547,17.190000534057617,17.155000686645508,17.15999984741211,679004,0.0,0.0
2024-05-20 13:30:00-04:00,17.165000915527344,17.165000915527344,17.139999389648438,17.139999389648438,464337,0.0,0.0
2024-05-20 14:30:00-04:00,17.139999389648438,17.15999984741211,17.1200008392334,17.1299991607666,889698,0.0,0.0
2024-05-20 15:30:00-04:00,17.1299991607666,17.139999389648438,17.104999542236328,17.139999389648438,1184841,0.0,0.0
2024-05-21 09:30:00-04:00,17.059999465942383,17.104999542236328,17.014999389648438,17.040000915527344,1675334,0.0,0.0
2024-05-21 10:30:00-04:00,17.040000915527344,17.075000762939453,17.030000686645508,17.049999237060547,964712,0.0,0.0
2024-05-21 11:30:00-04:00,17.05500030517578,17.06999969482422,17.020000457763672,17.024999618530273,722916,0.0,0.0
2024-05-21 12:30:00-04:00,17.020000457763672,17.049999237060547,17.010000228881836,17.030000686645508,588952,0.0,0.0
2024-05-21 13:30:00-04:00,17.030000686645508,17.059999465942383,17.030000686645508,17.05500030517578,608955,0.0,0.0
2024-05-21 14:30:00-04:00,17.05500030517578,17.06999969482422,17.040000915527344,17.040000915527344,719298,0.0,0.0
2024-05-21 15:30:00-04:00,17.045000076293945,17.059999465942383,17.0,17.017499923706055,1802422,0.0,0.0
2024-05-22 09:30:00-04:00,17.260000228881836,17.280000686645508,17.190000534057617,17.229999542236328,2700569,0.0,0.0
2024-05-22 10:30:00-04:00,17.230300903320312,17.30500030517578,17.219999313354492,17.280000686645508,1179605,0.0,0.0
2024-05-22 11:30:00-04:00,17.280000686645508,17.299999237060547,17.270000457763672,17.295000076293945,418487,0.0,0.0
2024-05-22 12:30:00-04:00,17.295000076293945,17.295000076293945,17.260000228881836,17.264999389648438,1168154,0.0,0.0
2024-05-22 13:30:00-04:00,17.260000228881836,17.280000686645508,17.229999542236328,17.229999542236328,764701,0.0,0.0
2024-05-22 14:30:00-04:00,17.235000610351562,17.25,17.229999542236328,17.2450008392334,528923,0.0,0.0
2024-05-22 15:30:00-04:00,17.2450008392334,17.280000686645508,17.229999542236328,17.280000686645508,1382003,0.0,0.0
2024-05-23 09:30:00-04:00,17.440000534057617,17.459999084472656,17.3799991607666,17.415000915527344,2344487,0.0,0.0
2024-05-23 10:30:00-04:00,17.415000915527344,17.450000762939453,17.405000686645508,17.43000030517578,938267,0.0,0.0
2024-05-23 11:30:00-04:00,17.434999465942383,17.450000762939453,17.420000076293945,17.44499969482422,652331,0.0,0.0
2024-05-23 12:30:00-04:00,17.44499969482422,17.520000457763672,17.4414005279541,17.489999771118164,754615,0.0,0.0
2024-05-23 13:30:00-04:00,17.489999771118164,17.499500274658203,17.440000534057617,17.44499969482422,811433,0.0,0.0
2024-05-23 14:30:00-04:00,17.440000534057617,17.44499969482422,17.3799991607666,17.385000228881836,1467200,0.0,0.0
2024-05-23 15:30:00-04:00,17.385000228881836,17.420000076293945,17.3700008392334,17.420000076293945,1970407,0.0,0.0
2024-05-24 09:30:00-04:00,17.399999618530273,17.479999542236328,17.389999389648438,17.450000762939453,1892804,0.0,0.0
2024-05-24 10:30:00-04:00,17.454999923706055,17.479999542236328,17.43000030517578,17.46500015258789,1009063,0.0,0.0
2024-05-24 11:30:00-04:00,17.46500015258789,17.469999313354492,17.399999618530273,17.405000686645508,836202,0.0,0.0
2024-05-24 12:30:00-04:00,17.405000686645508,17.40999984741211,17.3700008392334,17.385000228881836,622575,0.0,0.0
2024-05-24 13:30:00-04:00,17.385000228881836,17.399999618530273,17.350000381469727,17.354999542236328,824404,0.0,0.0
2024-05-24 14:30:00-04:00,17.350000381469727,17.389999389648438,17.329999923706055,17.385000228881836,1850635,0.0,0.0
2024-05-24 15:30:00-04:00,17.3799991607666,17.389999389648438,17.360000610351562,17.360000610351562,1782072,0.0,0.0
2024-05-28 09:30:00-04:00,17.309999465942383,17.389999389648438,17.290000915527344,17.360000610351562,2145210,0.0,0.0
2024-05-28 10:30:00-04:00,17.360000610351562,17.3700008392334,17.329999923706055,17.344999313354492,797538,0.0,0.0
2024-05-28 11:30:00-04:00,17.350000381469727,17.360000610351562,17.299999237060547,17.329999923706055,917309,0.0,0.0
2024-05-28 12:30:00-04:00,17.325000762939453,17.34000015258789,17.295000076293945,17.30500030517578,1521140,0.0,0.0
2024-05-28 13:30:00-04:00,17.30500030517578,17.31999969482422,17.272499084472656,17.28499984741211,1297080,0.0,0.0
2024-05-28 14:30:00-04:00,17.280000686645508,17.297500610351562,17.270000457763672,17.28499984741211,1217753,0.0,0.0
2024-05-28 15:30:00-04:00,17.28499984741211,17.34000015258789,17.280000686645508,17.329999923706055,2181440,0.0,0.0
2024-05-29 09:30:00-04:00,17.1200008392334,17.145000457763672,17.010000228881836,17.065000534057617,2718920,0.0,0.0
2024-05-29 10:30:00-04:00,17.065000534057617,17.065000534057617,17.0,17.014999389648438,565835,0.0,0.0
2024-05-29 11:30:00-04:00,17.010000228881836,17.030000686645508,17.010000228881836,17.014999389648438,607644,0.0,0.0
2024-05-29 12:30:00-04:00,17.014999389648438,17.049999237060547,17.010000228881836,17.045000076293945,669791,0.0,0.0
2024-05-29 13:30:00-04:00,17.045000076293945,17.06999969482422,17.030000686645508,17.06999969482422,503770,0.0,0.0
2024-05-29 14:30:00-04:00,17.06999969482422,17.075199127197266,17.049999237060547,17.065000534057617,629217,0.0,0.0
2024-05-29 15:30:00-04:00,17.059999465942383,17.06999969482422,17.030000686645508,17.040000915527344,2490406,0.0,0.0
2024-05-30 09:30:00-04:00,16.90999984741211,16.959999084472656,16.764999389648438,16.850000381469727,3320622,0.0,0.0
2024-05-30 10:30:00-04:00,16.844999313354492,16.895000457763672,16.81999969482422,16.889999389648438,1067599,0.0,0.0
2024-05-30 11:30:00-04:00,16.889999389648438,16.889999389648438,16.84000015258789,16.850000381469727,1162998,0.0,0.0
2024-05-30 12:30:00-04:00,16.850000381469727,16.889999389648438,16.84000015258789,16.850000381469727,584382,0.0,0.0
2024-05-30 13:30:00-04:00,16.850000381469727,16.889999389648438,16.850000381469727,16.8700008392334,861352,0.0,0.0
2024-05-30 14:30:00-04:00,16.8700008392334,16.920000076293945,16.860000610351562,16.920000076293945,1265453,0.0,0.0
2024-05-30 15:30:00-04:00,16.920000076293945,16.920000076293945,16.854999542236328,16.889999389648438,2435225,0.0,0.0
2024-05-31 09:30:00-04:00,16.729999542236328,16.81999969482422,16.584999084472656,16.610000610351562,2129634,0.0,0.0
2024-05-31 10:30:00-04:00,16.610000610351562,16.614999771118164,16.485000610351562,16.485000610351562,1977943,0.0,0.0
2024-05-31 11:30:00-04:00,16.485000610351562,16.4950008392334,16.434999465942383,16.489999771118164,808416,0.0,0.0
2024-05-31 12:30:00-04:00,16.4950008392334,16.559999465942383,16.489999771118164,16.55500030517578,1245100,0.0,0.0
2024-05-31 13:30:00-04:00,16.549999237060547,16.56999969482422,16.530000686645508,16.540000915527344,956554,0.0,0.0
2024-05-31 14:30:00-04:00,16.540000915527344,16.670000076293945,16.520000457763672,16.670000076293945,1464968,0.0,0.0
2024-05-31 15:30:00-04:00,16.665000915527344,16.774999618530273,16.6299991607666,16.75,3332540,0.0,0.0
2024-06-03 09:30:00-04:00,16.8700008392334,16.93000030517578,16.780000686645508,16.915000915527344,1345499,0.0,0.0
2024-06-03 10:30:00-04:00,16.915000915527344,16.915000915527344,16.690000534057617,16.741300582885742,1878711,0.0,0.0
2024-06-03 11:30:00-04:00,16.7450008392334,16.795000076293945,16.719999313354492,16.719999313354492,534334,0.0,0.0
2024-06-03 12:30:00-04:00,16.719999313354492,16.75,16.684999465942383,16.735000610351562,665528,0.0,0.0
2024-06-03 13:30:00-04:00,16.735000610351562,16.760000228881836,16.709999084472656,16.75,881087,0.0,0.0
2024-06-03 14:30:00-04:00,16.740800857543945,16.760000228881836,16.729999542236328,16.7549991607666,641405,0.0,0.0
2024-06-03 15:30:00-04:00,16.760000228881836,16.860000610351562,16.75,16.854999542236328,2061493,0.0,0.0
2024-06-04 09:30:00-04:00,16.690000534057617,16.729999542236328,16.565000534057617,16.700000762939453,2266038,0.0,0.0
2024-06-04 10:30:00-04:00,16.700000762939453,16.719999313354492,16.65999984741211,16.700000762939453,720982,0.0,0.0
2024-06-04 11:30:00-04:00,16.70989990234375,16.70989990234375,16.559999465942383,16.65999984741211,1285295,0.0,0.0
2024-06-04 12:30:00-04:00,16.65250015258789,16.764999389648438,16.649999618530273,16.735000610351562,1040248,0.0,0.0
2024-06-04 13:30:00-04:00,16.739999771118164,16.780000686645508,16.704999923706055,16.780000686645508,965883,0.0,0.0
2024-06-04 14:30:00-04:00,16.774999618530273,16.78499984741211,16.75,16.774999618530273,678590,0.0,0.0
2024-06-04 15:30:00-04:00,16.774999618530273,16.799999237060547,16.75,16.790000915527344,1478444,0.0,0.0
2024-06-05 09:30:00-04:00,17.09000015258789,17.174999237060547,16.9950008392334,17.0049991607666,2114798,0.0,0.0
2024-06-05 10:30:00-04:00,17.0049991607666,17.059999465942383,17.0,17.024999618530273,903024,0.0,0.0
2024-06-05 11:30:00-04:00,17.024999618530273,17.100000381469727,17.020000457763672,17.100000381469727,395566,0.0,0.0
2024-06-05 12:30:00-04:00,17.094999313354492,17.15999984741211,17.09000015258789,17.125,600435,0.0,0.0
2024-06-05 13:30:00-04:00,17.1200008392334,17.149999618530273,17.1200008392334,17.134000778198242,449263,0.0,0.0
2024-06-05 14:30:00-04:00,17.135000228881836,17.177499771118164,17.1200008392334,17.126399993896484,692875,0.0,0.0
2024-06-05 15:30:00-04:00,17.1200008392334,17.170000076293945,17.1200008392334,17.170000076293945,1894206,0.0,0.0
2024-06-06 09:30:00-04:00,17.43000030517578,17.549999237060547,17.389999389648438,17.549999237060547,2332921,0.0,0.0
2024-06-06 10:30:00-04:00,17.545000076293945,17.549999237060547,17.5,17.514999389648438,943242,0.0,0.0
2024-06-06 11:30:00-04:00,17.510000228881836,17.530000686645508,17.459999084472656,17.46500015258789,754734,0.0,0.0
2024-06-06 12:30:00-04:00,17.46500015258789,17.4950008392334,17.454999923706055,17.4950008392334,416527,0.0,0.0
2024-06-06 13:30:00-04:00,17.4950008392334,17.520000457763672,17.479999542236328,17.514999389648438,408389,0.0,0.0
2024-06-06 14:30:00-04:00,17.514999389648438,17.549999237060547,17.5,17.510000228881836,672503,0.0,0.0
2024-06-06 15:30:00-04:00,17.5049991607666,17.549999237060547,17.489999771118164,17.540000915527344,1434558,0.0,0.0
2024-06-07 09:30:00-04:00,18.059999465942383,18.165000915527344,17.94499969482422,17.985000610351562,3237751,0.0,0.0
2024-06-07 10:30:00-04:00,17.979999542236328,18.0049991607666,17.90999984741211,17.96500015258789,1745799,0.0,0.0
2024-06-07 11:30:00-04:00,17.96500015258789,18.079999923706055,17.959999084472656,18.079999923706055,1049016,0.0,0.0
2024-06-07 12:30:00-04:00,18.079999923706055,18.09000015258789,18.030000686645508,18.040000915527344,661376,0.0,0.0
2024-06-07 13:30:00-04:00,18.040000915527344,18.040000915527344,17.969999313354492,18.0049991607666,655765,0.0,0.0
2024-06-07 14:30:00-04:00,18.0049991607666,18.010000228881836,17.979999542236328,18.0,958913,0.0,0.0
2024-06-07 15:30:00-04:00,17.9950008392334,18.059999465942383,17.993000030517578,18.010000228881836,2196164,0.0,0.0
2024-06-10 09:30:00-04:00,17.709999084472656,17.809999465942383,17.68000030517578,17.684999465942383,1462501,0.0,0.0
2024-06-10 10:30:00-04:00,17.684999465942383,17.815000534057617,17.649999618530273,17.80500030517578,1368907,0.0,0.0
2024-06-10 11:30:00-04:00,17.80500030517578,17.84000015258789,17.790000915527344,17.81999969482422,652513,0.0,0.0
2024-06-10 12:30:00-04:00,17.81999969482422,17.829999923706055,17.780000686645508,17.795000076293945,266667,0.0,0.0
2024-06-10 13:30:00-04:00,17.795000076293945,17.829999923706055,17.781200408935547,17.80500030517578,290987,0.0,0.0
2024-06-10 14:30:00-04:00,17.80500030517578,17.850000381469727,17.799999237060547,17.850000381469727,532739,0.0,0.0
2024-06-10 15:30:00-04:00,17.844999313354492,17.8700008392334,17.829999923706055,17.84000015258789,1460066,0.0,0.0
2024-06-11 09:30:00-04:00,17.809999465942383,17.809999465942383,17.600000381469727,17.600000381469727,1042602,0.0,0.0
2024-06-11 10:30:00-04:00,17.604999542236328,17.670000076293945,17.600000381469727,17.645000457763672,579628,0.0,0.0
2024-06-11 11:30:00-04:00,17.645000457763672,17.68000030517578,17.639999389648438,17.674999237060547,440338,0.0,0.0
2024-06-11 12:30:00-04:00,17.674999237060547,17.75,17.670000076293945,17.7450008392334,490795,0.0,0.0
2024-06-11 13:30:00-04:00,17.75,17.790000915527344,17.729999542236328,17.790000915527344,527932,0.0,0.0
2024-06-11 14:30:00-04:00,17.790000915527344,17.81999969482422,17.78499984741211,17.799999237060547,1263382,0.0,0.0
2024-06-11 15:30:00-04:00,17.80500030517578,17.809999465942383,17.770000457763672,17.790000915527344,1065605,0.0,0.0
2024-06-12 09:30:00-04:00,17.799999237060547,17.844999313354492,17.7450008392334,17.774999618530273,1268721,0.0,0.0
2024-06-12 10:30:00-04:00,17.774999618530273,17.809999465942383,17.770000457763672,17.80500030517578,816239,0.0,0.0
2024-06-12 11:30:00-04:00,17.80500030517578,17.895000457763672,17.799999237060547,17.885000228881836,806415,0.0,0.0
2024-06-12 12:30:00-04:00,17.885000228881836,17.90999984741211,17.8799991607666,17.899999618530273,493113,0.0,0.0
2024-06-12 13:30:00-04:00,17.899999618530273,17.899999618530273,17.809999465942383,17.889999389648438,707303,0.0,0.0
2024-06-12 14:30:00-04:00,17.889999389648438,17.899999618530273,17.825000762939453,17.834999084472656,685558,0.0,0.0
2024-06-12 15:30:00-04:00,17.834999084472656,17.860000610351562,17.799999237060547,17.860000610351562,1047024,0.0,0.0
2024-06-13 09:30:00-04:00,17.850000381469727,17.895000457763672,17.780000686645508,17.780000686645508,1231102,0.0,0.0
2024-06-13 10:30:00-04:00,17.780000686645508,17.786800384521484,17.739999771118164,17.7549991607666,508246,0.0,0.0
2024-06-13 11:30:00-04:00,17.760000228881836,17.780000686645508,17.750600814819336,17.750600814819336,881391,0.0,0.0
2024-06-13 12:30:00-04:00,17.7549991607666,17.770000457763672,17.739999771118164,17.770000457763672,645015,0.0,0.0
2024-06-13 13:30:00-04:00,17.770000457763672,17.770000457763672,17.75,17.760000228881836,307654,0.0,0.0
2024-06-13 14:30:00-04:00,17.760000228881836,17.809999465942383,17.7549991607666,17.795000076293945,914065,0.0,0.0
2024-06-13 15:30:00-04:00,17.795000076293945,17.829999923706055,17.780000686645508,17.795000076293945,1877496,0.0,0.0
2024-06-14 09:30:00-04:00,17.68000030517578,17.7549991607666,17.645000457763672,17.739999771118164,929468,0.0,0.0
2024-06-14 10:30:00-04:00,17.739999771118164,17.764999389648438,17.68000030517578,17.68000030517578,935753,0.0,0.0
2024-06-14 11:30:00-04:00,17.68000030517578,17.69499969482422,17.6299991607666,17.6299991607666,1045709,0.0,0.0
2024-06-14 12:30:00-04:00,17.6299991607666,17.700000762939453,17.6200008392334,17.69499969482422,764310,0.0,0.0
2024-06-14 13:30:00-04:00,17.690000534057617,17.739999771118164,17.684999465942383,17.739999771118164,391698,0.0,0.0
2024-06-14 14:30:00-04:00,17.729999542236328,17.760000228881836,17.719999313354492,17.735000610351562,919849,0.0,0.0
2024-06-14 15:30:00-04:00,17.735000610351562,17.809999465942383,17.729999542236328,17.795000076293945,1225933,0.0,0.0
2024-06-17 09:30:00-04:00,17.770000457763672,17.920000076293945,17.729999542236328,17.860000610351562,1034931,0.0,0.0
2024-06-17 10:30:00-04:00,17.860000610351562,17.864999771118164,17.809999465942383,17.860000610351562,855531,0.0,0.0
2024-06-17 11:30:00-04:00,17.860000610351562,17.889999389648438,17.84000015258789,17.885000228881836,365506,0.0,0.0
2024-06-17 12:30:00-04:00,17.889999389648438,17.90999984741211,17.885000228881836,17.895000457763672,641777,0.0,0.0
2024-06-17 13:30:00-04:00,17.895000457763672,17.959999084472656,17.889999389648438,17.954999923706055,757713,0.0,0.0
2024-06-17 14:30:00-04:00,17.954999923706055,17.989999771118164,17.950000762939453,17.975000381469727,775731,0.0,0.0
2024-06-17 15:30:00-04:00,17.975000381469727,17.975000381469727,17.93000030517578,17.934999465942383,1517192,0.0,0.0
2024-06-18 09:30:00-04:00,17.979999542236328,18.020000457763672,17.924999237060547,17.979999542236328,1798965,0.0,0.0
2024-06-18 10:30:00-04:00,17.979999542236328,18.06999969482422,17.975000381469727,18.040000915527344,1740842,0.0,0.0
2024-06-18 11:30:00-04:00,18.03499984741211,18.049999237060547,18.010000228881836,18.03499984741211,1338624,0.0,0.0
2024-06-18 12:30:00-04:00,18.03499984741211,18.049999237060547,17.969999313354492,17.970300674438477,760439,0.0,0.0
2024-06-18 13:30:00-04:00,17.975000381469727,17.979999542236328,17.940000534057617,17.950000762939453,714527,0.0,0.0
2024-06-18 14:30:00-04:00,17.94499969482422,17.950000762939453,17.889999389648438,17.920000076293945,1071706,0.0,0.0
2024-06-18 15:30:00-04:00,17.920000076293945,17.920000076293945,17.8799991607666,17.899999618530273,2890007,0.0,0.0
2024-06-20 09:30:00-04:00,18.420000076293945,18.479999542236328,18.18000030517578,18.204999923706055,4021800,0.0,0.0
2024-06-20 10:30:00-04:00,18.204999923706055,18.299999237060547,18.15999984741211,18.295000076293945,2268761,0.0,0.0
2024-06-20 11:30:00-04:00,18.29800033569336,18.34000015258789,18.2549991607666,18.334999084472656,1300963,0.0,0.0
2024-06-20 12:30:00-04:00,18.334999084472656,18.360000610351562,18.280000686645508,18.334999084472656,1936526,0.0,0.0
2024-06-20 13:30:00-04:00,18.334999084472656,18.350000381469727,18.219999313354492,18.235000610351562,1812176,0.0,0.0
2024-06-20 14:30:00-04:00,18.235000610351562,18.34000015258789,18.19499969482422,18.30500030517578,1939840,0.0,0.0
2024-06-20 15:30:00-04:00,18.30500030517578,18.31999969482422,18.260000228881836,18.274999618530273,3195272,0.0,0.0
2024-06-21 09:30:00-04:00,18.209999084472656,18.235000610351562,17.895000457763672,17.93000030517578,2983826,0.0,0.0
2024-06-21 10:30:00-04:00,17.934999465942383,18.045000076293945,17.934999465942383,18.030000686645508,1533736,0.0,0.0
2024-06-21 11:30:00-04:00,18.030000686645508,18.075000762939453,18.010000228881836,18.05500030517578,628194,0.0,0.0
2024-06-21 12:30:00-04:00,18.059999465942383,18.059999465942383,18.0,18.0049991607666,562853,0.0,0.0
2024-06-21 13:30:00-04:00,18.0,18.059999465942383,17.989999771118164,18.03499984741211,1025064,0.0,0.0
2024-06-21 14:30:00-04:00,18.03499984741211,18.094999313354492,18.020000457763672,18.084999084472656,1230606,0.0,0.0
2024-06-21 15:30:00-04:00,18.084999084472656,18.100000381469727,18.049999237060547,18.059999465942383,2731438,0.0,0.0
2024-06-24 09:30:00-04:00,17.989999771118164,18.190000534057617,17.959999084472656,18.100000381469727,977816,0.0,0.0
2024-06-24 10:30:00-04:00,18.100000381469727,18.149999618530273,18.082500457763672,18.149999618530273,785705,0.0,0.0
2024-06-24 11:30:00-04:00,18.149999618530273,18.174999237060547,18.100000381469727,18.1200008392334,548600,0.0,0.0
2024-06-24 12:30:00-04:00,18.1200008392334,18.139999389648438,18.100000381469727,18.104999542236328,553841,0.0,0.0
2024-06-24 13:30:00-04:00,18.104999542236328,18.135000228881836,18.079999923706055,18.1200008392334,581356,0.0,0.0
2024-06-24 14:30:00-04:00,18.114999771118164,18.149999618530273,18.110000610351562,18.1200008392334,586798,0.0,0.0
2024-06-24 15:30:00-04:00,18.125,18.139999389648438,18.1200008392334,18.1299991607666,1315626,0.0,0.0
2024-06-25 09:30:00-04:00,18.260000228881836,18.309999465942383,18.209999084472656,18.235000610351562,2649813,0.0,0.0
2024-06-25 10:30:00-04:00,18.235000610351562,18.239999771118164,18.15999984741211,18.170000076293945,849026,0.0,0.0
2024-06-25 11:30:00-04:00,18.165000915527344,18.209999084472656,18.15999984741211,18.19499969482422,352355,0.0,0.0
2024-06-25 12:30:00-04:00,18.19499969482422,18.25,18.190000534057617,18.239999771118164,422975,0.0,0.0
2024-06-25 13:30:00-04:00,18.25,18.260000228881836,18.239999771118164,18.260000228881836,236976,0.0,0.0
2024-06-25 14:30:00-04:00,18.260000228881836,18.299999237060547,18.25,18.299999237060547,813854,0.0,0.0
2024-06-25 15:30:00-04:00,18.299999237060547,18.360000610351562,18.290000915527344,18.350000381469727,2375711,0.0,0.0
2024-06-26 09:30:00-04:00,18.290000915527344,18.350000381469727,18.190000534057617,18.229999542236328,2355834,0.0,0.0
2024-06-26 10:30:00-04:00,18.229999542236328,18.2450008392334,18.15999984741211,18.19499969482422,1783051,0.0,0.0
2024-06-26 11:30:00-04:00,18.200000762939453,18.239999771118164,18.19499969482422,18.235000610351562,729069,0.0,0.0
2024-06-26 12:30:00-04:00,18.235000610351562,18.239999771118164,18.200000762939453,18.21500015258789,449950,0.0,0.0
2024-06-26 13:30:00-04:00,18.21500015258789,18.25,18.209999084472656,18.2450008392334,263860,0.0,0.0
2024-06-26 14:30:00-04:00,18.2450008392334,18.25,18.204999923706055,18.219999313354492,903665,0.0,0.0
2024-06-26 15:30:00-04:00,18.219999313354492,18.219999313354492,18.190000534057617,18.21500015258789,1362102,0.0,0.0
2024-06-27 09:30:00-04:00,18.6200008392334,18.700000762939453,18.56999969482422,18.645000457763672,1975222,0.0,0.0
2024-06-27 10:30:00-04:00,18.645000457763672,18.655000686645508,18.549999237060547,18.575000762939453,835836,0.0,0.0
2024-06-27 11:30:00-04:00,18.575000762939453,18.610000610351562,18.56999969482422,18.600000381469727,487883,0.0,0.0
2024-06-27 12:30:00-04:00,18.604999542236328,18.6299991607666,18.59000015258789,18.625,623634,0.0,0.0
2024-06-27 13:30:00-04:00,18.625,18.6299991607666,18.565000534057617,18.584999084472656,966624,0.0,0.0
2024-06-27 14:30:00-04:00,18.59000015258789,18.690000534057617,18.584999084472656,18.690000534057617,954545,0.0,0.0
2024-06-27 15:30:00-04:00,18.690000534057617,18.69499969482422,18.6200008392334,18.639999389648438,2565567,0.0,0.0
2024-06-28 09:30:00-04:00,18.690000534057617,18.739999771118164,18.584999084472656,18.6200008392334,1048442,0.0,0.0
2024-06-28 10:30:00-04:00,18.614999771118164,18.6299991607666,18.600000381469727,18.6200008392334,656960,0.0,0.0
2024-06-28 11:30:00-04:00,18.614999771118164,18.68000030517578,18.610000610351562,18.665000915527344,782860,0.0,0.0
2024-06-28 12:30:00-04:00,18.665000915527344,18.690000534057617,18.65999984741211,18.68000030517578,481978,0.0,0.0
2024-06-28 13:30:00-04:00,18.674999237060547,18.690000534057617,18.540000915527344,18.594999313354492,2346549,0.0,0.0
2024-06-28 14:30:00-04:00,18.600000381469727,18.600000381469727,18.549999237060547,18.56999969482422,873445,0.0,0.0
2024-06-28 15:30:00-04:00,18.565000534057617,18.6299991607666,18.549999237060547,18.614999771118164,2405511,0.0,0.0
2024-07-01 09:30:00-04:00,18.8799991607666,18.950000762939453,18.760000228881836,18.78499984741211,2757503,0.0,0.0
2024-07-01 10:30:00-04:00,18.78499984741211,18.78499984741211,18.709999084472656,18.735000610351562,853146,0.0,0.0
2024-07-01 11:30:00-04:00,18.729999542236328,18.764999389648438,18.719999313354492,18.75,490684,0.0,0.0
2024-07-01 12:30:00-04:00,18.75,18.84000015258789,18.739999771118164,18.799999237060547,685765,0.0,0.0
2024-07-01 13:30:00-04:00,18.790000915527344,18.795000076293945,18.729999542236328,18.739999771118164,417470,0.0,0.0
2024-07-01 14:30:00-04:00,18.7450008392334,18.790000915527344,18.729999542236328,18.764999389648438,780938,0.0,0.0
2024-07-01 15:30:00-04:00,18.770000457763672,18.799999237060547,18.75,18.75,1519561,0.0,0.0
2024-07-02 09:30:00-04:00,19.100000381469727,19.190000534057617,19.040000915527344,19.135000228881836,2862153,0.0,0.0
2024-07-02 10:30:00-04:00,19.135000228881836,19.15999984741211,19.079999923706055,19.1299991607666,1909386,0.0,0.0
2024-07-02 11:30:00-04:00,19.1299991607666,19.149999618530273,19.09000015258789,19.114999771118164,713723,0.0,0.0
2024-07-02 12:30:00-04:00,19.1200008392334,19.139999389648438,19.110000610351562,19.135000228881836,642632,0.0,0.0
2024-07-02 13:30:00-04:00,19.135000228881836,19.18000030517578,19.1299991607666,19.18000030517578,806616,0.0,0.0
2024-07-02 14:30:00-04:00,19.18000030517578,19.219999313354492,19.170000076293945,19.219999313354492,912647,0.0,0.0
2024-07-02 15:30:00-04:00,19.21500015258789,19.260000228881836,19.209999084472656,19.235000610351562,2109277,0.0,0.0
2024-07-03 09:30:00-04:00,19.290000915527344,19.364999771118164,19.280000686645508,19.354999542236328,1373253,0.0,0.0
2024-07-03 10:30:00-04:00,19.360000610351562,19.43000030517578,19.34000015258789,19.399999618530273,1839265,0.0,0.0
2024-07-03 11:30:00-04:00,19.399999618530273,19.399999618530273,19.299999237060547,19.310100555419922,1857342,0.0,0.0
2024-07-05 09:30:00-04:00,19.450000762939453,19.565000534057617,19.3799991607666,19.385000228881836,1800610,0.0,0.0
2024-07-05 10:30:00-04:00,19.3799991607666,19.46500015258789,19.3799991607666,19.424999237060547,891716,0.0,0.0
2024-07-05 11:30:00-04:00,19.424999237060547,19.43000030517578,19.360000610351562,19.361499786376953,819124,0.0,0.0
2024-07-05 12:30:00-04:00,19.364999771118164,19.40999984741211,19.344999313354492,19.405000686645508,678069,0.0,0.0
2024-07-05 13:30:00-04:00,19.405000686645508,19.43000030517578,19.3700008392334,19.375,654887,0.0,0.0
2024-07-05 14:30:00-04:00,19.3700008392334,19.415000915527344,19.3700008392334,19.389999389648438,960281,0.0,0.0
2024-07-05 15:30:00-04:00,19.389999389648438,19.43000030517578,19.3700008392334,19.424999237060547,1522476,0.0,0.0
2024-07-08 09:30:00-04:00,19.610000610351562,19.6299991607666,19.56999969482422,19.600000381469727,1162048,0.0,0.0
2024-07-08 10:30:00-04:00,19.600000381469727,19.604999542236328,19.530000686645508,19.540000915527344,1863883,0.0,0.0
2024-07-08 11:30:00-04:00,19.53499984741211,19.540000915527344,19.510000228881836,19.540000915527344,644603,0.0,0.0
2024-07-08 12:30:00-04:00,19.53499984741211,19.565000534057617,19.530000686645508,19.55500030517578,549267,0.0,0.0
2024-07-08 13:30:00-04:00,19.55500030517578,19.56999969482422,19.489999771118164,19.524999618530273,1182811,0.0,0.0
2024-07-08 14:30:00-04:00,19.524999618530273,19.549999237060547,19.5,19.53499984741211,1508510,0.0,0.0
2024-07-08 15:30:00-04:00,19.53499984741211,19.549999237060547,19.469999313354492,19.485000610351562,3007014,0.0,0.0
2024-07-09 09:30:00-04:00,19.579999923706055,19.59000015258789,19.43000030517578,19.44499969482422,1777836,0.0,0.0
2024-07-09 10:30:00-04:00,19.440000534057617,19.459999084472656,19.389999389648438,19.405000686645508,1320322,0.0,0.0
2024-07-09 11:30:00-04:00,19.405000686645508,19.40999984741211,19.31999969482422,19.31999969482422,1287658,0.0,0.0
2024-07-09 12:30:00-04:00,19.325000762939453,19.34000015258789,19.309999465942383,19.315000534057617,1191439,0.0,0.0
2024-07-09 13:30:00-04:00,19.315000534057617,19.329999923706055,19.290000915527344,19.309999465942383,1267544,0.0,0.0
2024-07-09 14:30:00-04:00,19.31999969482422,19.360000610351562,19.309999465942383,19.34000015258789,1676532,0.0,0.0
2024-07-09 15:30:00-04:00,19.334999084472656,19.34000015258789,19.295000076293945,19.309999465942383,3546057,0.0,0.0
2024-07-10 09:30:00-04:00,19.450000762939453,19.510000228881836,19.18000030517578,19.18000030517578,3235394,0.0,0.0
2024-07-10 10:30:00-04:00,19.184999465942383,19.350000381469727,19.15999984741211,19.334999084472656,1920984,0.0,0.0
2024-07-10 11:30:00-04:00,19.334999084472656,19.34000015258789,19.219999313354492,19.269699096679688,2529249,0.0,0.0
2024-07-10 12:30:00-04:00,19.264999389648438,19.299999237060547,19.25,19.270000457763672,1261037,0.0,0.0
2024-07-10 13:30:00-04:00,19.270000457763672,19.309999465942383,19.2549991607666,19.28499984741211,1989683,0.0,0.0
2024-07-10 14:30:00-04:00,19.28499984741211,19.334999084472656,19.280000686645508,19.31999969482422,1133437,0.0,0.0
2024-07-10 15:30:00-04:00,19.31999969482422,19.389999389648438,19.315000534057617,19.3700008392334,2315847,0.0,0.0
2024-07-11 09:30:00-04:00,19.639999389648438,20.065000534057617,19.59000015258789,20.024999618530273,4174407,0.0,0.0
2024-07-11 10:30:00-04:00,20.024999618530273,20.024999618530273,19.90999984741211,19.90999984741211,2156209,0.0,0.0
2024-07-11 11:30:00-04:00,19.90999984741211,19.950000762939453,19.84000015258789,19.8700008392334,2133697,0.0,0.0
2024-07-11 12:30:00-04:00,19.8700008392334,19.885000228881836,19.799999237060547,19.854999542236328,1203520,0.0,0.0
2024-07-11 13:30:00-04:00,19.854999542236328,19.889999389648438,19.84000015258789,19.889999389648438,925218,0.0,0.0
2024-07-11 14:30:00-04:00,19.885000228881836,19.90999984741211,19.860000610351562,19.864999771118164,1413444,0.0,0.0
2024-07-11 15:30:00-04:00,19.864999771118164,19.920000076293945,19.850000381469727,19.889999389648438,2022550,0.0,0.0
2024-07-12 09:30:00-04:00,20.15999984741211,20.434999465942383,20.1299991607666,20.420000076293945,2326326,0.0,0.0
2024-07-12 10:30:00-04:00,20.420000076293945,20.459999084472656,20.350000381469727,20.385000228881836,1270412,0.0,0.0
2024-07-12 11:30:00-04:00,20.385000228881836,20.420000076293945,20.360000610351562,20.385000228881836,1418238,0.0,0.0
2024-07-12 12:30:00-04:00,20.385000228881836,20.454999923706055,20.360000610351562,20.434999465942383,1708167,0.0,0.0
2024-07-12 13:30:00-04:00,20.434999465942383,20.459999084472656,20.399999618530273,20.405000686645508,817300,0.0,0.0
2024-07-12 14:30:00-04:00,20.405000686645508,20.450000762939453,20.395000457763672,20.43000030517578,886116,0.0,0.0
2024-07-12 15:30:00-04:00,20.43000030517578,20.440000534057617,20.3799991607666,20.395000457763672,1815321,0.0,0.0
2024-07-15 09:30:00-04:00,20.170000076293945,20.40999984741211,20.170000076293945,20.280000686645508,3067575,0.0,0.0
2024-07-15 10:30:00-04:00,20.274999618530273,20.3700008392334,20.235000610351562,20.31999969482422,1353995,0.0,0.0
2024-07-15 11:30:00-04:00,20.31999969482422,20.3700008392334,20.280000686645508,20.329999923706055,1141354,0.0,0.0
2024-07-15 12:30:00-04:00,20.334999084472656,20.334999084472656,20.270000457763672,20.315000534057617,719820,0.0,0.0
2024-07-15 13:30:00-04:00,20.309999465942383,20.31999969482422,20.264999389648438,20.30500030517578,1038709,0.0,0.0
2024-07-15 14:30:00-04:00,20.299999237060547,20.344999313354492,20.282499313354492,20.334999084472656,1576799,0.0,0.0
2024-07-15 15:30:00-04:00,20.34000015258789,20.34000015258789,20.280000686645508,20.315000534057617,2210489,0.0,0.0
2024-07-16 09:30:00-04:00,20.510000228881836,20.610000610351562,20.469999313354492,20.549999237060547,1335019,0.0,0.0
2024-07-16 10:30:00-04:00,20.549999237060547,20.59000015258789,20.540000915527344,20.584999084472656,1125800,0.0,0.0
2024-07-16 11:30:00-04:00,20.584999084472656,20.584999084472656,20.524999618530273,20.53499984741211,746625,0.0,0.0
2024-07-16 12:30:00-04:00,20.540000915527344,20.559999465942383,20.530000686645508,20.545000076293945,530354,0.0,0.0
2024-07-16 13:30:00-04:00,20.545000076293945,20.600000381469727,20.530000686645508,20.56999969482422,755358,0.0,0.0
2024-07-16 14:30:00-04:00,20.56999969482422,20.600000381469727,20.565000534057617,20.584999084472656,729939,0.0,0.0
2024-07-16 15:30:00-04:00,20.584999084472656,20.65999984741211,20.579999923706055,20.655000686645508,1332193,0.0,0.0
2024-07-17 09:30:00-04:00,20.540000915527344,20.6299991607666,20.459999084472656,20.59000015258789,2902649,0.0,0.0
2024-07-17 10:30:00-04:00,20.584999084472656,20.68000030517578,20.56999969482422,20.655000686645508,1343823,0.0,0.0
2024-07-17 11:30:00-04:00,20.655000686645508,20.670000076293945,20.600000381469727,20.635000228881836,1558547,0.0,0.0
2024-07-17 12:30:00-04:00,20.635000228881836,20.635000228881836,20.56999969482422,20.584999084472656,1033672,0.0,0.0
2024-07-17 13:30:00-04:00,20.584999084472656,20.6200008392334,20.549999237060547,20.56999969482422,1890717,0.0,0.0
2024-07-17 14:30:00-04:00,20.575000762939453,20.600000381469727,20.510000228881836,20.524999618530273,2335055,0.0,0.0
2024-07-17 15:30:00-04:00,20.524999618530273,20.579999923706055,20.5,20.530000686645508,3023938,0.0,0.0
2024-07-18 09:30:00-04:00,21.65999984741211,22.610000610351562,21.520000457763672,22.184999465942383,14346505,0.0,0.0
2024-07-18 10:30:00-04:00,22.184999465942383,22.360000610351562,22.139999389648438,22.290000915527344,5071472,0.0,0.0
2024-07-18 11:30:00-04:00,22.299999237060547,22.399999618530273,22.114999771118164,22.264999389648438,3518950,0.0,0.0
2024-07-18 12:30:00-04:00,22.270000457763672,22.475000381469727,22.239999771118164,22.46500015258789,4015770,0.0,0.0
2024-07-18 13:30:00-04:00,22.46500015258789,22.489999771118164,22.225000381469727,22.235000610351562,2822748,0.0,0.0
2024-07-18 14:30:00-04:00,22.235000610351562,22.25,22.100000381469727,22.114999771118164,3213032,0.0,0.0
2024-07-18 15:30:00-04:00,22.110000610351562,22.309999465942383,22.084999084472656,22.25,6502861,0.0,0.0
2024-07-19 09:30:00-04:00,21.309999465942383,21.8700008392334,21.309999465942383,21.795000076293945,5027147,0.0,0.0
2024-07-19 10:30:00-04:00,21.795000076293945,21.834999084472656,21.725000381469727,21.764999389648438,1804479,0.0,0.0
2024-07-19 11:30:00-04:00,21.764999389648438,21.825000762939453,21.71500015258789,21.799999237060547,1406832,0.0,0.0
2024-07-19 12:30:00-04:00,21.799999237060547,21.81999969482422,21.709999084472656,21.735000610351562,1395017,0.0,0.0
2024-07-19 13:30:00-04:00,21.735000610351562,21.760000228881836,21.665000915527344,21.709999084472656,1933569,0.0,0.0
2024-07-19 14:30:00-04:00,21.709999084472656,21.764999389648438,21.674999237060547,21.684999465942383,1668703,0.0,0.0
2024-07-19 15:30:00-04:00,21.684999465942383,21.690000534057617,21.635000228881836,21.674999237060547,2775885,0.0,0.0
2024-07-22 09:30:00-04:00,21.68000030517578,21.719999313354492,21.459999084472656,21.594999313354492,2058588,0.0,0.0
2024-07-22 10:30:00-04:00,21.600000381469727,21.719999313354492,21.59000015258789,21.649999618530273,1018780,0.0,0.0
2024-07-22 11:30:00-04:00,21.655000686645508,21.735000610351562,21.610000610351562,21.725000381469727,825261,0.0,0.0
2024-07-22 12:30:00-04:00,21.729999542236328,21.7549991607666,21.719999313354492,21.725000381469727,565813,0.0,0.0
2024-07-22 13:30:00-04:00,21.725000381469727,21.7450008392334,21.69499969482422,21.704999923706055,582222,0.0,0.0
2024-07-22 14:30:00-04:00,21.704999923706055,21.75,21.700000762939453,21.729999542236328,982121,0.0,0.0
2024-07-22 15:30:00-04:00,21.735000610351562,21.790000915527344,21.700000762939453,21.78499984741211,2034621,0.0,0.0
2024-07-23 09:30:00-04:00,21.860000610351562,22.030000686645508,21.729999542236328,21.989999771118164,1683273,0.0,0.0
2024-07-23 10:30:00-04:00,21.989999771118164,22.06999969482422,21.885000228881836,22.024999618530273,1334210,0.0,0.0
2024-07-23 11:30:00-04:00,22.030000686645508,22.065000534057617,21.989999771118164,21.989999771118164,989339,0.0,0.0
2024-07-23 12:30:00-04:00,21.989999771118164,22.075000762939453,21.959999084472656,22.030000686645508,914082,0.0,0.0
2024-07-23 13:30:00-04:00,22.030000686645508,22.075000762939453,22.030000686645508,22.040000915527344,798500,0.0,0.0
2024-07-23 14:30:00-04:00,22.045000076293945,22.079999923706055,22.020000457763672,22.05500030517578,1001465,0.0,0.0
2024-07-23 15:30:00-04:00,22.05500030517578,22.100000381469727,22.030000686645508,22.079999923706055,2348341,0.0,0.0
2024-07-24 09:30:00-04:00,21.8700008392334,22.110000610351562,21.84000015258789,22.110000610351562,1458794,0.0,0.0
2024-07-24 10:30:00-04:00,22.110000610351562,22.110000610351562,21.940000534057617,21.979999542236328,853067,0.0,0.0
2024-07-24 11:30:00-04:00,21.979999542236328,22.040000915527344,21.969999313354492,22.03499984741211,803996,0.0,0.0
2024-07-24 12:30:00-04:00,22.040000915527344,22.040000915527344,21.934999465942383,21.962499618530273,724378,0.0,0.0
2024-07-24 13:30:00-04:00,21.96500015258789,21.985000610351562,21.940000534057617,21.954999923706055,616313,0.0,0.0
2024-07-24 14:30:00-04:00,21.959999084472656,21.959999084472656,21.8799991607666,21.905000686645508,858201,0.0,0.0
2024-07-24 15:30:00-04:00,21.90999984741211,21.920000076293945,21.829999923706055,21.860000610351562,1771392,0.0,0.0
2024-07-25 09:30:00-04:00,21.790000915527344,21.985000610351562,21.790000915527344,21.959999084472656,2557595,0.0,0.0
2024-07-25 10:30:00-04:00,21.954999923706055,22.059999465942383,21.924999237060547,22.020000457763672,2341556,0.0,0.0
2024-07-25 11:30:00-04:00,22.020000457763672,22.079999923706055,21.989999771118164,22.075000762939453,836892,0.0,0.0
2024-07-25 12:30:00-04:00,22.075000762939453,22.1299991607666,22.05500030517578,22.065000534057617,1181248,0.0,0.0
2024-07-25 13:30:00-04:00,22.059999465942383,22.079999923706055,22.010000228881836,22.040000915527344,660598,0.0,0.0
2024-07-25 14:30:00-04:00,22.03499984741211,22.06999969482422,21.979999542236328,22.06999969482422,1186581,0.0,0.0
2024-07-25 15:30:00-04:00,22.065000534057617,22.079999923706055,22.0,22.0049991607666,2236535,0.0,0.0
2024-07-26 09:30:00-04:00,22.459999084472656,22.84000015258789,22.440000534057617,22.75,2677466,0.0,0.0
2024-07-26 10:30:00-04:00,22.739999771118164,22.81999969482422,22.690000534057617,22.815000534057617,2616008,0.0,0.0
2024-07-26 11:30:00-04:00,22.81999969482422,22.940000534057617,22.739999771118164,22.760000228881836,2908549,0.0,0.0
2024-07-26 12:30:00-04:00,22.760000228881836,22.834999084472656,22.649999618530273,22.764999389648438,2151498,0.0,0.0
2024-07-26 13:30:00-04:00,22.764999389648438,22.770000457763672,22.69499969482422,22.709999084472656,1138613,0.0,0.0
2024-07-26 14:30:00-04:00,22.709999084472656,22.770000457763672,22.68000030517578,22.770000457763672,919401,0.0,0.0
2024-07-26 15:30:00-04:00,22.764999389648438,22.834999084472656,22.760000228881836,22.790000915527344,2902391,0.0,0.0
2024-07-29 09:30:00-04:00,22.6299991607666,22.71500015258789,22.510000228881836,22.55500030517578,2109506,0.0,0.0
2024-07-29 10:30:00-04:00,22.559999465942383,22.594999313354492,22.520000457763672,22.575000762939453,910197,0.0,0.0
2024-07-29 11:30:00-04:00,22.56999969482422,22.6200008392334,22.549999237060547,22.610000610351562,858061,0.0,0.0
2024-07-29 12:30:00-04:00,22.610000610351562,22.639999389648438,22.59000015258789,22.614999771118164,717926,0.0,0.0
2024-07-29 13:30:00-04:00,22.614999771118164,22.6299991607666,22.56999969482422,22.600000381469727,731482,0.0,0.0
2024-07-29 14:30:00-04:00,22.600000381469727,22.649999618530273,22.584999084472656,22.639999389648438,1127905,0.0,0.0
2024-07-29 15:30:00-04:00,22.635000228881836,22.639999389648438,22.56999969482422,22.59749984741211,2155739,0.0,0.0
2024-07-30 09:30:00-04:00,22.549999237060547,22.68000030517578,22.5049991607666,22.645000457763672,1550069,0.0,0.0
2024-07-30 10:30:00-04:00,22.645000457763672,22.665000915527344,22.584999084472656,22.645000457763672,1091366,0.0,0.0
2024-07-30 11:30:00-04:00,22.645000457763672,22.649999618530273,22.559999465942383,22.565000534057617,474749,0.0,0.0
2024-07-30 12:30:00-04:00,22.565000534057617,22.579999923706055,22.5,22.545000076293945,557752,0.0,0.0
2024-07-30 13:30:00-04:00,22.545000076293945,22.610000610351562,22.530000686645508,22.600000381469727,621944,0.0,0.0
2024-07-30 14:30:00-04:00,22.594999313354492,22.604999542236328,22.56999969482422,22.59000015258789,711886,0.0,0.0
2024-07-30 15:30:00-04:00,22.59000015258789,22.655000686645508,22.56999969482422,22.610000610351562,1258011,0.0,0.0
2024-07-31 09:30:00-04:00,22.56999969482422,22.600000381469727,21.7549991607666,21.770000457763672,4778072,0.0,0.0
2024-07-31 10:30:00-04:00,21.770000457763672,22.100000381469727,21.75,22.010000228881836,5548475,0.0,0.0
2024-07-31 11:30:00-04:00,22.0049991607666,22.114999771118164,21.959999084472656,22.110000610351562,1824029,0.0,0.0
2024-07-31 12:30:00-04:00,22.110000610351562,22.1200008392334,22.020000457763672,22.045000076293945,825510,0.0,0.0
2024-07-31 13:30:00-04:00,22.045000076293945,22.149999618530273,22.010000228881836,22.114999771118164,919428,0.0,0.0
2024-07-31 14:30:00-04:00,22.110000610351562,22.25,22.100000381469727,22.104999542236328,1386904,0.0,0.0
2024-07-31 15:30:00-04:00,22.104999542236328,22.200000762939453,22.100000381469727,22.125,2330412,0.0,0.0
2024-08-01 09:30:00-04:00,22.344999313354492,22.440000534057617,22.260000228881836,22.264999389648438,1960346,0.0,0.0
2024-08-01 10:30:00-04:00,22.270000457763672,22.270000457763672,22.170000076293945,22.239999771118164,1556327,0.0,0.0
2024-08-01 11:30:00-04:00,22.229999542236328,22.399999618530273,22.21500015258789,22.354999542236328,2002850,0.0,0.0
2024-08-01 12:30:00-04:00,22.354999542236328,22.395000457763672,22.225000381469727,22.260000228881836,695161,0.0,0.0
2024-08-01 13:30:00-04:00,22.260000228881836,22.290000915527344,22.200000762939453,22.25,614583,0.0,0.0
2024-08-01 14:30:00-04:00,22.2549991607666,22.270000457763672,22.190000534057617,22.225000381469727,1084476,0.0,0.0
2024-08-01 15:30:00-04:00,22.229999542236328,22.354999542236328,22.229999542236328,22.299999237060547,2370907,0.0,0.0
2024-08-02 09:30:00-04:00,21.829999923706055,21.850000381469727,21.53499984741211,21.549999237060547,2950494,0.0,0.0
2024-08-02 10:30:00-04:00,21.549999237060547,21.610000610351562,21.475000381469727,21.5,2547399,0.0,0.0
2024-08-02 11:30:00-04:00,21.5,21.735000610351562,21.49370002746582,21.725000381469727,931959,0.0,0.0
2024-08-02 12:30:00-04:00,21.719999313354492,21.7549991607666,21.68000030517578,21.7450008392334,605739,0.0,0.0
2024-08-02 13:30:00-04:00,21.7450008392334,21.7549991607666,21.684999465942383,21.7549991607666,595661,0.0,0.0
2024-08-02 14:30:00-04:00,21.7549991607666,21.84000015258789,21.75,21.78499984741211,848985,0.0,0.0
2024-08-02 15:30:00-04:00,21.78499984741211,21.799999237060547,21.729999542236328,21.770000457763672,2004649,0.0,0.0
2024-08-05 09:30:00-04:00,20.540000915527344,21.030000686645508,20.3799991607666,20.84000015258789,3790159,0.0,0.0
2024-08-05 10:30:00-04:00,20.844999313354492,20.979999542236328,20.81999969482422,20.895000457763672,2626224,0.0,0.0
2024-08-05 11:30:00-04:00,20.895000457763672,20.959999084472656,20.8799991607666,20.959999084472656,2272913,0.0,0.0
2024-08-05 12:30:00-04:00,20.950000762939453,20.954999923706055,20.829999923706055,20.889999389648438,1179005,0.0,0.0
2024-08-05 13:30:00-04:00,20.895000457763672,20.924999237060547,20.815000534057617,20.8700008392334,936936,0.0,0.0
2024-08-05 14:30:00-04:00,20.8700008392334,20.875,20.780000686645508,20.815000534057617,1388961,0.0,0.0
2024-08-05 15:30:00-04:00,20.815000534057617,20.850000381469727,20.790000915527344,20.795000076293945,2080748,0.0,0.0
2024-08-06 09:30:00-04:00,20.969999313354492,21.075000762939453,20.889999389648438,20.940000534057617,1739210,0.0,0.0
2024-08-06 10:30:00-04:00,20.94499969482422,21.049999237060547,20.924999237060547,20.940000534057617,1272131,0.0,0.0
2024-08-06 11:30:00-04:00,20.940000534057617,21.0,20.92009925842285,20.969999313354492,869015,0.0,0.0
2024-08-06 12:30:00-04:00,20.975000381469727,21.079999923706055,20.969999313354492,21.020000457763672,1039668,0.0,0.0
2024-08-06 13:30:00-04:00,21.024999618530273,21.059999465942383,20.979999542236328,21.059999465942383,1050917,0.0,0.0
2024-08-06 14:30:00-04:00,21.059999465942383,21.09000015258789,20.969999313354492,21.045000076293945,1316592,0.0,0.0
2024-08-06 15:30:00-04:00,21.045000076293945,21.084999084472656,20.969999313354492,20.985000610351562,2122354,0.0,0.0
2024-08-07 09:30:00-04:00,21.290000915527344,21.43000030517578,21.239999771118164,21.2549991607666,1388214,0.0,0.0
2024-08-07 10:30:00-04:00,21.2549991607666,21.260000228881836,21.110000610351562,21.18000030517578,1996074,0.0,0.0
2024-08-07 11:30:00-04:00,21.174999237060547,21.190000534057617,21.079999923706055,21.165000915527344,1038835,0.0,0.0
2024-08-07 12:30:00-04:00,21.170000076293945,21.170000076293945,21.06999969482422,21.114999771118164,677569,0.0,0.0
2024-08-07 13:30:00-04:00,21.114999771118164,21.139999389648438,20.969999313354492,21.045000076293945,861501,0.0,0.0
2024-08-07 14:30:00-04:00,21.040000915527344,21.06999969482422,20.985000610351562,21.049999237060547,730032,0.0,0.0
2024-08-07 15:30:00-04:00,21.045000076293945,21.079999923706055,20.950000762939453,20.969999313354492,1671888,0.0,0.0
2024-08-08 09:30:00-04:00,20.899999618530273,21.059999465942383,20.8799991607666,21.045000076293945,1228212,0.0,0.0
2024-08-08 10:30:00-04:00,21.045000076293945,21.09000015258789,21.0,21.084999084472656,894547,0.0,0.0
2024-08-08 11:30:00-04:00,21.079999923706055,21.104999542236328,21.030000686645508,21.079999923706055,817082,0.0,0.0
2024-08-08 12:30:00-04:00,21.07990074157715,21.1299991607666,21.040000915527344,21.125,669893,0.0,0.0
2024-08-08 13:30:00-04:00,21.1299991607666,21.15999984741211,21.104999542236328,21.135000228881836,534850,0.0,0.0
2024-08-08 14:30:00-04:00,21.139999389648438,21.165000915527344,21.094999313354492,21.1299991607666,1782028,0.0,0.0
2024-08-08 15:30:00-04:00,21.1299991607666,21.15999984741211,21.09000015258789,21.149999618530273,1909186,0.0,0.0
2024-08-09 09:30:00-04:00,21.229999542236328,21.420000076293945,21.139999389648438,21.315000534057617,999978,0.0,0.0
2024-08-09 10:30:00-04:00,21.309999465942383,21.405000686645508,21.274999618530273,21.3700008392334,670685,0.0,0.0
2024-08-09 11:30:00-04:00,21.364999771118164,21.420000076293945,21.329999923706055,21.334999084472656,768200,0.0,0.0
2024-08-09 12:30:00-04:00,21.334999084472656,21.360000610351562,21.31999969482422,21.350000381469727,835391,0.0,0.0
2024-08-09 13:30:00-04:00,21.350000381469727,21.354999542236328,21.25,21.25,750204,0.0,0.0
2024-08-09 14:30:00-04:00,21.2549991607666,21.299999237060547,21.235000610351562,21.264999389648438,1026905,0.0,0.0
2024-08-09 15:30:00-04:00,21.264999389648438,21.31999969482422,21.260000228881836,21.299999237060547,2290571,0.0,0.0
