Datetime,Open,High,Low,Close,Volume,Dividends,Stock Splits
2022-08-11 09:30:00-04:00,0.826200008392334,0.8299999833106995,0.8125,0.8259999752044678,2248,0.0,0.0
2022-08-11 10:30:00-04:00,0.7950000166893005,0.8299999833106995,0.7950000166893005,0.8299999833106995,3214,0.0,0.0
2022-08-11 12:30:00-04:00,0.8009999990463257,0.8299999833106995,0.8009999990463257,0.8009999990463257,2511,0.0,0.0
2022-08-11 13:30:00-04:00,0.8019999861717224,0.8299999833106995,0.8019999861717224,0.8299999833106995,4899,0.0,0.0
2022-08-11 14:30:00-04:00,0.8199999928474426,0.8299999833106995,0.8123999834060669,0.8210999965667725,33534,0.0,0.0
2022-08-11 15:30:00-04:00,0.8278999924659729,0.8278999924659729,0.8278999924659729,0.8278999924659729,0,0.0,0.0
2022-08-12 09:30:00-04:00,0.8130000233650208,0.9100000262260437,0.8130000233650208,0.8999999761581421,9395,0.0,0.0
2022-08-12 10:30:00-04:00,0.8798999786376953,0.8798999786376953,0.875,0.8798999786376953,2589,0.0,0.0
2022-08-12 11:30:00-04:00,0.8799999952316284,0.9100000262260437,0.8360000252723694,0.8441010117530823,1992,0.0,0.0
2022-08-12 12:30:00-04:00,0.8880000114440918,0.8899999856948853,0.8500000238418579,0.8500000238418579,10519,0.0,0.0
2022-08-12 13:30:00-04:00,0.8537999987602234,0.8799999952316284,0.8500000238418579,0.8598999977111816,5612,0.0,0.0
2022-08-12 14:30:00-04:00,0.8899999856948853,0.8899999856948853,0.8500000238418579,0.8669490218162537,6182,0.0,0.0
2022-08-12 15:30:00-04:00,0.883899986743927,0.883899986743927,0.8772000074386597,0.8772000074386597,752,0.0,0.0
2022-08-15 09:30:00-04:00,0.800000011920929,0.9168990254402161,0.800000011920929,0.8809000253677368,7669,0.0,0.0
2022-08-15 10:30:00-04:00,0.8390009999275208,0.9169999957084656,0.8390009999275208,0.8600000143051147,2883,0.0,0.0
2022-08-15 11:30:00-04:00,0.8877999782562256,0.8899999856948853,0.8799999952316284,0.8863750100135803,4053,0.0,0.0
2022-08-15 12:30:00-04:00,0.8799999952316284,0.8799999952316284,0.8389999866485596,0.8410999774932861,5076,0.0,0.0
2022-08-15 14:30:00-04:00,0.8499000072479248,0.8799999952316284,0.8370000123977661,0.86080002784729,2116,0.0,0.0
2022-08-15 15:30:00-04:00,0.8416000008583069,0.8442000150680542,0.8416000008583069,0.8442000150680542,1486,0.0,0.0
2022-08-16 09:30:00-04:00,0.8700000047683716,0.8700000047683716,0.8399999737739563,0.8399999737739563,2284,0.0,0.0
2022-08-16 10:30:00-04:00,0.8184000253677368,0.8299999833106995,0.8184000253677368,0.8299999833106995,291,0.0,0.0
2022-08-16 11:30:00-04:00,0.8100000023841858,0.8100000023841858,0.8100000023841858,0.8100000023841858,276,0.0,0.0
2022-08-16 13:30:00-04:00,0.8504999876022339,0.8600000143051147,0.8119999766349792,0.8600000143051147,12608,0.0,0.0
2022-08-16 14:30:00-04:00,0.8341000080108643,0.8504999876022339,0.8100000023841858,0.8504999876022339,1829,0.0,0.0
2022-08-16 15:30:00-04:00,0.8199999928474426,0.8201000094413757,0.8199999928474426,0.8199999928474426,730,0.0,0.0
2022-08-17 09:30:00-04:00,0.8610000014305115,0.8700000047683716,0.8199999928474426,0.8199999928474426,7120,0.0,0.0
2022-08-17 10:30:00-04:00,0.8119000196456909,0.8119000196456909,0.8119000196456909,0.8119000196456909,720,0.0,0.0
2022-08-17 11:30:00-04:00,0.8009999990463257,0.8036999702453613,0.8009999990463257,0.8036999702453613,939,0.0,0.0
2022-08-17 12:30:00-04:00,0.8009999990463257,0.8009999990463257,0.8009999990463257,0.8009999990463257,585,0.0,0.0
2022-08-17 13:30:00-04:00,0.8205000162124634,0.8205000162124634,0.8205000162124634,0.8205000162124634,1799,0.0,0.0
2022-08-17 14:30:00-04:00,0.8349999785423279,0.8349999785423279,0.8009999990463257,0.8009999990463257,331,0.0,0.0
2022-08-17 15:30:00-04:00,0.8009999990463257,0.8195000290870667,0.8009999990463257,0.8009999990463257,1276,0.0,0.0
2022-08-18 09:30:00-04:00,0.8399999737739563,0.9187999963760376,0.8299999833106995,0.8766000270843506,24637,0.0,0.0
2022-08-18 10:30:00-04:00,0.9168999791145325,0.9200000166893005,0.870199978351593,0.9182000160217285,59408,0.0,0.0
2022-08-18 11:30:00-04:00,0.9179999828338623,0.9182999730110168,0.8500000238418579,0.8700000047683716,49264,0.0,0.0
2022-08-18 12:30:00-04:00,0.8799999952316284,0.9100000262260437,0.8799999952316284,0.9086999893188477,24691,0.0,0.0
2022-08-18 13:30:00-04:00,0.8799999952316284,0.9681620001792908,0.8799999952316284,0.8999999761581421,70810,0.0,0.0
2022-08-18 14:30:00-04:00,0.914900004863739,0.9797999858856201,0.8320000171661377,0.910099983215332,147970,0.0,0.0
2022-08-18 15:30:00-04:00,0.9398999810218811,0.949999988079071,0.9300000071525574,0.9499989748001099,21121,0.0,0.0
2022-08-19 09:30:00-04:00,0.949999988079071,0.949999988079071,0.8367999792098999,0.8887990117073059,50056,0.0,0.0
2022-08-19 10:30:00-04:00,0.8744009733200073,0.8888000249862671,0.8744000196456909,0.8744000196456909,3051,0.0,0.0
2022-08-19 11:30:00-04:00,0.8600010275840759,0.8600010275840759,0.8600010275840759,0.8600010275840759,234,0.0,0.0
2022-08-19 12:30:00-04:00,0.8601009845733643,0.8601009845733643,0.8601009845733643,0.8601009845733643,435,0.0,0.0
2022-08-19 13:30:00-04:00,0.8697999715805054,0.8999000191688538,0.8650000095367432,0.8650000095367432,3310,0.0,0.0
2022-08-19 14:30:00-04:00,0.8798999786376953,0.8798999786376953,0.8500000238418579,0.8500000238418579,1868,0.0,0.0
2022-08-19 15:30:00-04:00,0.894599974155426,0.9074000120162964,0.8600010275840759,0.8978000283241272,22578,0.0,0.0
2022-08-22 09:30:00-04:00,0.8999999761581421,0.9200000166893005,0.8700000047683716,0.9086999893188477,20742,0.0,0.0
2022-08-22 10:30:00-04:00,0.9083999991416931,0.9083999991416931,0.8998990058898926,0.8999999761581421,21337,0.0,0.0
2022-08-22 11:30:00-04:00,0.8999000191688538,0.8999999761581421,0.8700000047683716,0.8999999761581421,5940,0.0,0.0
2022-08-22 12:30:00-04:00,0.8799999952316284,0.8898000121116638,0.8799999952316284,0.8898000121116638,2855,0.0,0.0
2022-08-22 13:30:00-04:00,0.8849999904632568,0.8849999904632568,0.8700000047683716,0.8849999904632568,3871,0.0,0.0
2022-08-22 14:30:00-04:00,0.8701000213623047,0.8849999904632568,0.8701000213623047,0.8750510215759277,5742,0.0,0.0
2022-08-22 15:30:00-04:00,0.8701000213623047,0.875,0.8701000213623047,0.8701000213623047,0,0.0,0.0
2022-08-23 09:30:00-04:00,0.8500000238418579,0.8899989724159241,0.8500000238418579,0.8700000047683716,3285,0.0,0.0
2022-08-23 10:30:00-04:00,0.8700000047683716,0.8899000287055969,0.8220000267028809,0.8220000267028809,7587,0.0,0.0
2022-08-23 11:30:00-04:00,0.8598999977111816,0.8598999977111816,0.8299999833106995,0.8569999933242798,5502,0.0,0.0
2022-08-23 12:30:00-04:00,0.8220999836921692,0.85589998960495,0.75,0.7879999876022339,102367,0.0,0.0
2022-08-23 13:30:00-04:00,0.7879999876022339,0.8199999928474426,0.785099983215332,0.8007000088691711,18183,0.0,0.0
2022-08-23 14:30:00-04:00,0.8001000285148621,0.8198999762535095,0.800000011920929,0.8084999918937683,3572,0.0,0.0
2022-08-23 15:30:00-04:00,0.8199999928474426,0.8482999801635742,0.8090999722480774,0.8399999737739563,0,0.0,0.0
2022-08-24 09:30:00-04:00,0.781000018119812,0.800000011920929,0.781000018119812,0.800000011920929,1109,0.0,0.0
2022-08-24 10:30:00-04:00,0.8227999806404114,0.8227999806404114,0.8227999806404114,0.8227999806404114,953,0.0,0.0
2022-08-24 11:30:00-04:00,0.836899995803833,0.836899995803833,0.836899995803833,0.836899995803833,2339,0.0,0.0
2022-08-24 12:30:00-04:00,0.800000011920929,0.800000011920929,0.800000011920929,0.800000011920929,355,0.0,0.0
2022-08-24 13:30:00-04:00,0.8100000023841858,0.8100000023841858,0.808899998664856,0.808899998664856,355,0.0,0.0
2022-08-24 14:30:00-04:00,0.800000011920929,0.8029000163078308,0.7724999785423279,0.7829999923706055,27997,0.0,0.0
2022-08-24 15:30:00-04:00,0.784500002861023,0.824999988079071,0.784500002861023,0.824999988079071,0,0.0,0.0
2022-08-25 09:30:00-04:00,0.824999988079071,0.824999988079071,0.781000018119812,0.8098999857902527,7879,0.0,0.0
2022-08-25 10:30:00-04:00,0.8098989725112915,0.8098999857902527,0.781000018119812,0.8077999949455261,9737,0.0,0.0
2022-08-25 11:30:00-04:00,0.7900009751319885,0.7900009751319885,0.7900009751319885,0.7900009751319885,120,0.0,0.0
2022-08-25 12:30:00-04:00,0.7989500164985657,0.8690000176429749,0.7989500164985657,0.8690000176429749,4854,0.0,0.0
2022-08-25 13:30:00-04:00,0.8220999836921692,0.8549000024795532,0.8220999836921692,0.8549000024795532,455,0.0,0.0
2022-08-25 14:30:00-04:00,0.8349490165710449,0.8349490165710449,0.8349490165710449,0.8349490165710449,692,0.0,0.0
2022-08-25 15:30:00-04:00,0.8490999937057495,0.8490999937057495,0.8061000108718872,0.8061000108718872,0,0.0,0.0
2022-08-26 09:30:00-04:00,0.8295999765396118,0.8295999765396118,0.8062000274658203,0.8295999765396118,1075,0.0,0.0
2022-08-26 10:30:00-04:00,0.800000011920929,0.800000011920929,0.7900000214576721,0.7900000214576721,1440,0.0,0.0
2022-08-26 11:30:00-04:00,0.7900000214576721,0.7900000214576721,0.7900000214576721,0.7900000214576721,2308,0.0,0.0
2022-08-26 12:30:00-04:00,0.7926999926567078,0.7926999926567078,0.7900000214576721,0.7900000214576721,4603,0.0,0.0
2022-08-26 13:30:00-04:00,0.8174999952316284,0.8174999952316284,0.7509999871253967,0.7799000144004822,41105,0.0,0.0
2022-08-26 14:30:00-04:00,0.7705000042915344,0.7835999727249146,0.7537999749183655,0.7548999786376953,73050,0.0,0.0
2022-08-26 15:30:00-04:00,0.7548999786376953,0.7699000239372253,0.7522000074386597,0.7522000074386597,21818,0.0,0.0
2022-08-29 09:30:00-04:00,0.7901999950408936,0.7901999950408936,0.7559999823570251,0.7799999713897705,2174,0.0,0.0
2022-08-29 10:30:00-04:00,0.7599999904632568,0.7601000070571899,0.7599999904632568,0.7601000070571899,2261,0.0,0.0
2022-08-29 11:30:00-04:00,0.7603009939193726,0.7603009939193726,0.7603009939193726,0.7603009939193726,129,0.0,0.0
2022-08-29 12:30:00-04:00,0.760200023651123,0.7730000019073486,0.7561010122299194,0.7730000019073486,14635,0.0,0.0
2022-08-29 13:30:00-04:00,0.7799999713897705,0.800000011920929,0.7799999713897705,0.800000011920929,3434,0.0,0.0
2022-08-29 14:30:00-04:00,0.800000011920929,0.800000011920929,0.7799999713897705,0.800000011920929,3791,0.0,0.0
2022-08-29 15:30:00-04:00,0.7998999953269958,0.8050000071525574,0.7730000019073486,0.7799999713897705,0,0.0,0.0
2022-08-30 09:30:00-04:00,0.7609000205993652,0.833899974822998,0.7609000205993652,0.833899974822998,2577,0.0,0.0
2022-08-30 10:30:00-04:00,0.8009999990463257,0.8309999704360962,0.8009999990463257,0.8289999961853027,1543,0.0,0.0
2022-08-30 11:30:00-04:00,0.8030999898910522,0.8030999898910522,0.800000011920929,0.800000011920929,14439,0.0,0.0
2022-08-30 12:30:00-04:00,0.7699999809265137,0.7699999809265137,0.7699999809265137,0.7699999809265137,475,0.0,0.0
2022-08-30 13:30:00-04:00,0.7900000214576721,0.7900000214576721,0.7900000214576721,0.7900000214576721,1544,0.0,0.0
2022-08-30 14:30:00-04:00,0.7799999713897705,0.7799999713897705,0.7799999713897705,0.7799999713897705,426,0.0,0.0
2022-08-30 15:30:00-04:00,0.7821000218391418,0.8119999766349792,0.7799999713897705,0.7799999713897705,0,0.0,0.0
2022-08-31 09:30:00-04:00,0.789900004863739,0.789900004863739,0.789900004863739,0.789900004863739,697,0.0,0.0
2022-08-31 10:30:00-04:00,0.7878999710083008,0.7878999710083008,0.7599999904632568,0.7599999904632568,782,0.0,0.0
2022-08-31 11:30:00-04:00,0.770101010799408,0.7710000276565552,0.7599999904632568,0.7599999904632568,2226,0.0,0.0
2022-08-31 12:30:00-04:00,0.7590000033378601,0.7670000195503235,0.75,0.758400022983551,59783,0.0,0.0
2022-08-31 13:30:00-04:00,0.7876999974250793,0.7876999974250793,0.7876999974250793,0.7876999974250793,8480,0.0,0.0
2022-08-31 14:30:00-04:00,0.7860999703407288,0.7860999703407288,0.7860999703407288,0.7860999703407288,0,0.0,0.0
2022-09-01 09:30:00-04:00,0.7900000214576721,0.7900000214576721,0.7502999901771545,0.7504000067710876,39358,0.0,0.0
2022-09-01 10:30:00-04:00,0.7502999901771545,0.7793989777565002,0.75,0.7793989777565002,15081,0.0,0.0
2022-09-01 11:30:00-04:00,0.7501000165939331,0.7601000070571899,0.7501000165939331,0.7601000070571899,3113,0.0,0.0
2022-09-01 12:30:00-04:00,0.7599999904632568,0.7599999904632568,0.7599999904632568,0.7599999904632568,125,0.0,0.0
2022-09-01 13:30:00-04:00,0.75,0.7645509839057922,0.75,0.7549999952316284,4487,0.0,0.0
2022-09-01 14:30:00-04:00,0.75,0.7559999823570251,0.75,0.7506999969482422,1905,0.0,0.0
2022-09-01 15:30:00-04:00,0.7644000053405762,0.7644000053405762,0.7644000053405762,0.7644000053405762,0,0.0,0.0
2022-09-02 09:30:00-04:00,0.7799999713897705,0.7799999713897705,0.7699999809265137,0.7797999978065491,2676,0.0,0.0
2022-09-02 10:30:00-04:00,0.7599999904632568,0.7599999904632568,0.7599999904632568,0.7599999904632568,537,0.0,0.0
2022-09-02 11:30:00-04:00,0.7599999904632568,0.7599999904632568,0.722100019454956,0.7319999933242798,11411,0.0,0.0
2022-09-02 12:30:00-04:00,0.7350999712944031,0.7738999724388123,0.7350999712944031,0.7720000147819519,12338,0.0,0.0
2022-09-02 14:30:00-04:00,0.7480999827384949,0.7480999827384949,0.7480000257492065,0.7480000257492065,5132,0.0,0.0
2022-09-02 15:30:00-04:00,0.7533000111579895,0.7678999900817871,0.7350999712944031,0.7678999900817871,5701,0.0,0.0
2022-09-06 09:30:00-04:00,0.75,0.7678999900817871,0.75,0.75,2904,0.0,0.0
2022-09-06 10:30:00-04:00,0.7300000190734863,0.7599999904632568,0.7300000190734863,0.7599999904632568,8840,0.0,0.0
2022-09-06 11:30:00-04:00,0.7400000095367432,0.7400000095367432,0.7400000095367432,0.7400000095367432,526,0.0,0.0
2022-09-06 12:30:00-04:00,0.7400000095367432,0.75,0.7400000095367432,0.75,2387,0.0,0.0
2022-09-06 13:30:00-04:00,0.7437999844551086,0.7437999844551086,0.7437999844551086,0.7437999844551086,1722,0.0,0.0
2022-09-06 14:30:00-04:00,0.7501000165939331,0.7501000165939331,0.7300999760627747,0.7401000261306763,11757,0.0,0.0
2022-09-06 15:30:00-04:00,0.7401000261306763,0.7401000261306763,0.7401000261306763,0.7401000261306763,0,0.0,0.0
2022-09-07 09:30:00-04:00,0.7200999855995178,0.7329999804496765,0.7200000286102295,0.7219989895820618,8708,0.0,0.0
2022-09-07 10:30:00-04:00,0.7219989895820618,0.7219989895820618,0.7219989895820618,0.7219989895820618,573,0.0,0.0
2022-09-07 11:30:00-04:00,0.732899010181427,0.732899010181427,0.7200000286102295,0.7200000286102295,2052,0.0,0.0
2022-09-07 12:30:00-04:00,0.7110000252723694,0.7310000061988831,0.7110000252723694,0.7110000252723694,6143,0.0,0.0
2022-09-07 13:30:00-04:00,0.7110000252723694,0.7289000153541565,0.7110000252723694,0.7289000153541565,549,0.0,0.0
2022-09-07 14:30:00-04:00,0.7200000286102295,0.7200000286102295,0.7200000286102295,0.7200000286102295,1032,0.0,0.0
2022-09-07 15:30:00-04:00,0.7264990210533142,0.7329999804496765,0.7264990210533142,0.7329000234603882,0,0.0,0.0
2022-09-08 09:30:00-04:00,0.732899010181427,0.739799976348877,0.7031009793281555,0.739799976348877,9109,0.0,0.0
2022-09-08 10:30:00-04:00,0.7385510206222534,0.7386999726295471,0.7385510206222534,0.7386999726295471,1266,0.0,0.0
2022-09-08 11:30:00-04:00,0.7386000156402588,0.7386000156402588,0.7099999785423279,0.7099999785423279,844,0.0,0.0
2022-09-08 12:30:00-04:00,0.7117999792098999,0.7398999929428101,0.7099999785423279,0.7249510288238525,5335,0.0,0.0
2022-09-08 13:30:00-04:00,0.7200000286102295,0.7200000286102295,0.7200000286102295,0.7200000286102295,525,0.0,0.0
2022-09-08 14:30:00-04:00,0.7250000238418579,0.7251960039138794,0.7108979821205139,0.7108979821205139,5954,0.0,0.0
2022-09-08 15:30:00-04:00,0.7111999988555908,0.7111999988555908,0.7111999988555908,0.7111999988555908,270,0.0,0.0
2022-09-09 09:30:00-04:00,0.699999988079071,0.7400000095367432,0.680899977684021,0.7310000061988831,0,0.0,0.0
2022-09-09 10:30:00-04:00,0.7273569703102112,0.7273569703102112,0.7102000117301941,0.7102000117301941,311,0.0,0.0
2022-09-09 11:30:00-04:00,0.7360000014305115,0.7400000095367432,0.7360000014305115,0.7379999756813049,9772,0.0,0.0
2022-09-09 12:30:00-04:00,0.7250000238418579,0.7398999929428101,0.7102000117301941,0.7250999808311462,3593,0.0,0.0
2022-09-09 13:30:00-04:00,0.7379999756813049,0.7398999929428101,0.7379999756813049,0.7398999929428101,973,0.0,0.0
2022-09-09 14:30:00-04:00,0.7400000095367432,0.7400000095367432,0.7400000095367432,0.7400000095367432,1430,0.0,0.0
2022-09-09 15:30:00-04:00,0.7400000095367432,0.7850000262260437,0.7329999804496765,0.7619500160217285,32416,0.0,0.0
2022-09-12 09:30:00-04:00,0.7559999823570251,0.7900000214576721,0.7501000165939331,0.7897999882698059,17043,0.0,0.0
2022-09-12 10:30:00-04:00,0.7609999775886536,0.809499979019165,0.7609999775886536,0.808899998664856,18540,0.0,0.0
2022-09-12 11:30:00-04:00,0.762499988079071,0.808899998664856,0.7605000138282776,0.808899998664856,2508,0.0,0.0
2022-09-12 12:30:00-04:00,0.7850000262260437,0.8098999857902527,0.7850000262260437,0.8092989921569824,10973,0.0,0.0
2022-09-12 13:30:00-04:00,0.7900999784469604,0.8084999918937683,0.7900999784469604,0.8068000078201294,17344,0.0,0.0
2022-09-12 14:30:00-04:00,0.7998989820480347,0.7998999953269958,0.7900999784469604,0.7950999736785889,5003,0.0,0.0
2022-09-12 15:30:00-04:00,0.7976999878883362,0.7998989820480347,0.7900999784469604,0.797448992729187,5235,0.0,0.0
2022-09-13 09:30:00-04:00,0.7699999809265137,0.7929999828338623,0.7146999835968018,0.7150999903678894,39068,0.0,0.0
2022-09-13 10:30:00-04:00,0.7320989966392517,0.7321000099182129,0.703499972820282,0.710099995136261,42322,0.0,0.0
2022-09-13 11:30:00-04:00,0.7646999955177307,0.7646999955177307,0.7300000190734863,0.7300000190734863,3357,0.0,0.0
2022-09-13 12:30:00-04:00,0.7419999837875366,0.7646999955177307,0.7200000286102295,0.7200999855995178,21398,0.0,0.0
2022-09-13 13:30:00-04:00,0.715499997138977,0.7475000023841858,0.7110999822616577,0.7475000023841858,8412,0.0,0.0
2022-09-13 14:30:00-04:00,0.7200000286102295,0.7474989891052246,0.7099999785423279,0.7099999785423279,12255,0.0,0.0
2022-09-13 15:30:00-04:00,0.7350000143051147,0.7350000143051147,0.7223989963531494,0.7224990129470825,0,0.0,0.0
2022-09-14 09:30:00-04:00,0.7455999851226807,0.7455999851226807,0.7020999789237976,0.7020999789237976,56198,0.0,0.0
2022-09-14 10:30:00-04:00,0.7260000109672546,0.7260000109672546,0.7026000022888184,0.7042999863624573,25643,0.0,0.0
2022-09-14 11:30:00-04:00,0.7173500061035156,0.7173500061035156,0.7173500061035156,0.7173500061035156,1565,0.0,0.0
2022-09-14 12:30:00-04:00,0.7028999924659729,0.7138000130653381,0.7020000219345093,0.7098000049591064,18840,0.0,0.0
2022-09-14 13:30:00-04:00,0.7095000147819519,0.7095000147819519,0.7031000256538391,0.7031000256538391,2786,0.0,0.0
2022-09-14 14:30:00-04:00,0.7279999852180481,0.7279999852180481,0.703499972820282,0.703499972820282,474,0.0,0.0
2022-09-14 15:30:00-04:00,0.7099999785423279,0.7350000143051147,0.7099999785423279,0.7350000143051147,10088,0.0,0.0
2022-09-15 09:30:00-04:00,0.7451000213623047,0.75,0.7050999999046326,0.7300000190734863,5924,0.0,0.0
2022-09-15 10:30:00-04:00,0.7498999834060669,0.7498999834060669,0.7398999929428101,0.7398999929428101,10316,0.0,0.0
2022-09-15 11:30:00-04:00,0.7099999785423279,0.7400000095367432,0.7099999785423279,0.7099999785423279,4031,0.0,0.0
2022-09-15 12:30:00-04:00,0.7127000093460083,0.7400000095367432,0.7127000093460083,0.7400000095367432,5156,0.0,0.0
2022-09-15 13:30:00-04:00,0.7400000095367432,0.7400000095367432,0.7400000095367432,0.7400000095367432,358,0.0,0.0
2022-09-15 14:30:00-04:00,0.7379999756813049,0.7379999756813049,0.7300000190734863,0.7368000149726868,1272,0.0,0.0
2022-09-15 15:30:00-04:00,0.7300000190734863,0.7599999904632568,0.722100019454956,0.722100019454956,40079,0.0,0.0
2022-09-16 09:30:00-04:00,0.7599999904632568,0.7675999999046326,0.7400000095367432,0.7675999999046326,19652,0.0,0.0
2022-09-16 10:30:00-04:00,0.7588000297546387,0.7599999904632568,0.75,0.7580500245094299,12090,0.0,0.0
2022-09-16 12:30:00-04:00,0.7427999973297119,0.7427999973297119,0.7427499890327454,0.7427499890327454,320,0.0,0.0
2022-09-16 13:30:00-04:00,0.7473499774932861,0.7473499774932861,0.7473499774932861,0.7473499774932861,100,0.0,0.0
2022-09-16 14:30:00-04:00,0.7473999857902527,0.7599999904632568,0.732699990272522,0.7470999956130981,988,0.0,0.0
2022-09-16 15:30:00-04:00,0.7599999904632568,0.7675999999046326,0.7415000200271606,0.7675999999046326,6547,0.0,0.0
2022-09-19 09:30:00-04:00,0.7799999713897705,0.7879999876022339,0.7200000286102295,0.75,24739,0.0,0.0
2022-09-19 10:30:00-04:00,0.7699999809265137,0.7699999809265137,0.7699999809265137,0.7699999809265137,117,0.0,0.0
2022-09-19 11:30:00-04:00,0.75,0.75,0.75,0.75,419,0.0,0.0
2022-09-19 12:30:00-04:00,0.75,0.75,0.7437000274658203,0.7437999844551086,1802,0.0,0.0
2022-09-19 14:30:00-04:00,0.7400000095367432,0.7900000214576721,0.7318999767303467,0.7900000214576721,19390,0.0,0.0
2022-09-19 15:30:00-04:00,0.7440000176429749,0.7440000176429749,0.7319999933242798,0.7400000095367432,1213,0.0,0.0
2022-09-20 09:30:00-04:00,0.7599999904632568,0.7599999904632568,0.7523999810218811,0.7549989819526672,1602,0.0,0.0
2022-09-20 10:30:00-04:00,0.7426999807357788,0.7498990297317505,0.7400000095367432,0.7498990297317505,3506,0.0,0.0
2022-09-20 11:30:00-04:00,0.7311000227928162,0.7400000095367432,0.7210000157356262,0.7210000157356262,2000,0.0,0.0
2022-09-20 12:30:00-04:00,0.7210999727249146,0.7398999929428101,0.7210000157356262,0.7210000157356262,1582,0.0,0.0
2022-09-20 13:30:00-04:00,0.7210000157356262,0.7354000210762024,0.7024000287055969,0.7346000075340271,10855,0.0,0.0
2022-09-20 15:30:00-04:00,0.7297000288963318,0.7297000288963318,0.7296000123023987,0.7296000123023987,669,0.0,0.0
2022-09-21 09:30:00-04:00,0.7200000286102295,0.7200000286102295,0.7200000286102295,0.7200000286102295,561,0.0,0.0
2022-09-21 10:30:00-04:00,0.7200000286102295,0.7275000214576721,0.7200000286102295,0.7275000214576721,1200,0.0,0.0
2022-09-21 11:30:00-04:00,0.7300000190734863,0.7300000190734863,0.7214999794960022,0.7214999794960022,3102,0.0,0.0
2022-09-21 12:30:00-04:00,0.7218000292778015,0.7218999862670898,0.71670001745224,0.71670001745224,4956,0.0,0.0
2022-09-21 13:30:00-04:00,0.710099995136261,0.710099995136261,0.710099995136261,0.710099995136261,275,0.0,0.0
2022-09-21 14:30:00-04:00,0.7160000205039978,0.722000002861023,0.7160000205039978,0.7218989729881287,1353,0.0,0.0
2022-09-21 15:30:00-04:00,0.7110000252723694,0.7110000252723694,0.699999988079071,0.7001000046730042,3793,0.0,0.0
2022-09-22 09:30:00-04:00,0.699999988079071,0.699999988079071,0.6855999827384949,0.6937500238418579,18752,0.0,0.0
2022-09-22 10:30:00-04:00,0.6875,0.6876000165939331,0.6399999856948853,0.671999990940094,24141,0.0,0.0
2022-09-22 11:30:00-04:00,0.6600000262260437,0.6600000262260437,0.6600000262260437,0.6600000262260437,506,0.0,0.0
2022-09-22 12:30:00-04:00,0.6700000166893005,0.6700000166893005,0.6700000166893005,0.6700000166893005,10241,0.0,0.0
2022-09-22 13:30:00-04:00,0.6700000166893005,0.6700000166893005,0.6600000262260437,0.6610910296440125,9514,0.0,0.0
2022-09-22 15:30:00-04:00,0.6660000085830688,0.6668999791145325,0.6610999703407288,0.6650000214576721,0,0.0,0.0
2022-09-23 09:30:00-04:00,0.6668999791145325,0.6898999810218811,0.6650000214576721,0.6650000214576721,3355,0.0,0.0
2022-09-23 11:30:00-04:00,0.6399999856948853,0.6499999761581421,0.6299999952316284,0.6299999952316284,12142,0.0,0.0
2022-09-23 12:30:00-04:00,0.6100010275840759,0.6118000149726868,0.6000000238418579,0.6100000143051147,5979,0.0,0.0
2022-09-23 13:30:00-04:00,0.6116999983787537,0.6116999983787537,0.6010000109672546,0.6010000109672546,2804,0.0,0.0
2022-09-23 14:30:00-04:00,0.6050000190734863,0.6100999712944031,0.6003999710083008,0.6100999712944031,6350,0.0,0.0
2022-09-23 15:30:00-04:00,0.6126999855041504,0.6126999855041504,0.6100000143051147,0.6100000143051147,913,0.0,0.0
2022-09-26 09:30:00-04:00,0.6000000238418579,0.6000000238418579,0.5807999968528748,0.5999000072479248,0,0.0,0.0
2022-09-26 11:30:00-04:00,0.5899999737739563,0.5899999737739563,0.5899999737739563,0.5899999737739563,5050,0.0,0.0
2022-09-26 12:30:00-04:00,0.5810999870300293,0.5810999870300293,0.5810999870300293,0.5810999870300293,880,0.0,0.0
2022-09-26 13:30:00-04:00,0.5871999859809875,0.5871999859809875,0.5799999833106995,0.5800999999046326,7952,0.0,0.0
2022-09-26 14:30:00-04:00,0.5751000046730042,0.5802000164985657,0.5751000046730042,0.5802000164985657,668,0.0,0.0
2022-09-26 15:30:00-04:00,0.578000009059906,0.5852000117301941,0.5752000212669373,0.5852000117301941,1176,0.0,0.0
2022-09-27 09:30:00-04:00,0.5751000046730042,0.6499000191688538,0.5751000046730042,0.6348509788513184,18309,0.0,0.0
2022-09-27 11:30:00-04:00,0.6270509958267212,0.6270509958267212,0.6198989748954773,0.6198989748954773,2215,0.0,0.0
2022-09-27 12:30:00-04:00,0.6169999837875366,0.619700014591217,0.6137999892234802,0.619700014591217,863,0.0,0.0
2022-09-27 14:30:00-04:00,0.6164000034332275,0.6190000176429749,0.6000000238418579,0.6000000238418579,2056,0.0,0.0
2022-09-27 15:30:00-04:00,0.6093999743461609,0.6093999743461609,0.6000000238418579,0.6000000238418579,796,0.0,0.0
2022-09-28 09:30:00-04:00,0.657800018787384,0.6800000071525574,0.6517999768257141,0.6800000071525574,12173,0.0,0.0
2022-09-28 10:30:00-04:00,0.6658999919891357,0.6658999919891357,0.6658999919891357,0.6658999919891357,292,0.0,0.0
2022-09-28 11:30:00-04:00,0.6765999794006348,0.6765999794006348,0.6676999926567078,0.6699000000953674,800,0.0,0.0
2022-09-28 12:30:00-04:00,0.6748999953269958,0.6748999953269958,0.6499000191688538,0.6740000247955322,38454,0.0,0.0
2022-09-28 13:30:00-04:00,0.6740000247955322,0.6740000247955322,0.6420000195503235,0.6740000247955322,2201,0.0,0.0
2022-09-28 14:30:00-04:00,0.6549999713897705,0.6700000166893005,0.6399999856948853,0.6690000295639038,22646,0.0,0.0
2022-09-28 15:30:00-04:00,0.6611999869346619,0.6690000295639038,0.6468999981880188,0.6689000129699707,15337,0.0,0.0
2022-09-29 09:30:00-04:00,0.6499999761581421,0.6499999761581421,0.6299989819526672,0.6299989819526672,2957,0.0,0.0
2022-09-29 10:30:00-04:00,0.6399999856948853,0.6499999761581421,0.6399999856948853,0.6499999761581421,10995,0.0,0.0
2022-09-29 11:30:00-04:00,0.6898999810218811,0.6898999810218811,0.6299999952316284,0.6299999952316284,10670,0.0,0.0
2022-09-29 12:30:00-04:00,0.6600000262260437,0.6600000262260437,0.6600000262260437,0.6600000262260437,1520,0.0,0.0
2022-09-29 13:30:00-04:00,0.6320000290870667,0.6636000275611877,0.6320000290870667,0.6636000275611877,400,0.0,0.0
2022-09-29 14:30:00-04:00,0.625,0.625,0.625,0.625,200,0.0,0.0
2022-09-29 15:30:00-04:00,0.6779999732971191,0.6779999732971191,0.661998987197876,0.661998987197876,1160,0.0,0.0
2022-09-30 09:30:00-04:00,0.6759999990463257,0.6897990107536316,0.6600000262260437,0.6600000262260437,1847,0.0,0.0
2022-09-30 10:30:00-04:00,0.6898999810218811,0.6898999810218811,0.6898999810218811,0.6898999810218811,7028,0.0,0.0
2022-09-30 11:30:00-04:00,0.6833000183105469,0.6833000183105469,0.6833000183105469,0.6833000183105469,2325,0.0,0.0
2022-09-30 13:30:00-04:00,0.6800000071525574,0.6800000071525574,0.6800000071525574,0.6800000071525574,747,0.0,0.0
2022-09-30 15:30:00-04:00,0.6499999761581421,0.6499999761581421,0.6499999761581421,0.6499999761581421,826,0.0,0.0
2022-10-03 09:30:00-04:00,0.6722000241279602,0.6779000163078308,0.6722000241279602,0.6779000163078308,1180,0.0,0.0
2022-10-03 10:30:00-04:00,0.6500999927520752,0.6696000099182129,0.6499999761581421,0.6499999761581421,1979,0.0,0.0
2022-10-03 11:30:00-04:00,0.6600000262260437,0.6619510054588318,0.6600000262260437,0.6600000262260437,6047,0.0,0.0
2022-10-03 12:30:00-04:00,0.661899983882904,0.6620000004768372,0.6559000015258789,0.6618000268936157,2593,0.0,0.0
2022-10-03 13:30:00-04:00,0.6620000004768372,0.675000011920929,0.6620000004768372,0.675000011920929,2208,0.0,0.0
2022-10-03 14:30:00-04:00,0.6800000071525574,0.6898999810218811,0.6499999761581421,0.6499999761581421,12513,0.0,0.0
2022-10-03 15:30:00-04:00,0.6547999978065491,0.6547999978065491,0.6547999978065491,0.6547999978065491,304,0.0,0.0
2022-10-04 09:30:00-04:00,0.6800000071525574,0.6899999976158142,0.6800000071525574,0.6899999976158142,3938,0.0,0.0
2022-10-04 10:30:00-04:00,0.6868000030517578,0.6868000030517578,0.6868000030517578,0.6868000030517578,167,0.0,0.0
2022-10-04 11:30:00-04:00,0.6868000030517578,0.6909999847412109,0.6520000100135803,0.6887999773025513,14942,0.0,0.0
2022-10-04 12:30:00-04:00,0.6520000100135803,0.6909999847412109,0.6520000100135803,0.6894749999046326,9506,0.0,0.0
2022-10-04 13:30:00-04:00,0.6909999847412109,0.7398999929428101,0.6901999711990356,0.6901999711990356,19018,0.0,0.0
2022-10-04 14:30:00-04:00,0.699999988079071,0.7400000095367432,0.699999988079071,0.7160009741783142,6170,0.0,0.0
2022-10-04 15:30:00-04:00,0.7200000286102295,0.7200000286102295,0.7200000286102295,0.7200000286102295,545,0.0,0.0
2022-10-05 09:30:00-04:00,0.7001000046730042,0.7250000238418579,0.699999988079071,0.699999988079071,6008,0.0,0.0
2022-10-05 10:30:00-04:00,0.7099999785423279,0.7099999785423279,0.7001000046730042,0.7001000046730042,1593,0.0,0.0
2022-10-05 12:30:00-04:00,0.7008990049362183,0.7008990049362183,0.6600000262260437,0.6804999709129333,1157,0.0,0.0
2022-10-05 13:30:00-04:00,0.6617000102996826,0.6617000102996826,0.6617000102996826,0.6617000102996826,695,0.0,0.0
2022-10-05 15:30:00-04:00,0.7099999785423279,0.7099999785423279,0.7099999785423279,0.7099999785423279,548,0.0,0.0
2022-10-06 10:30:00-04:00,0.6590999960899353,0.6800000071525574,0.6499999761581421,0.675000011920929,8146,0.0,0.0
2022-10-06 11:30:00-04:00,0.67330002784729,0.67330002784729,0.67330002784729,0.67330002784729,401,0.0,0.0
2022-10-06 13:30:00-04:00,0.675000011920929,0.675000011920929,0.6748999953269958,0.6748999953269958,1961,0.0,0.0
2022-10-06 14:30:00-04:00,0.675000011920929,0.6983000040054321,0.675000011920929,0.6983000040054321,1547,0.0,0.0
2022-10-06 15:30:00-04:00,0.675000011920929,0.7149999737739563,0.675000011920929,0.7149999737739563,0,0.0,0.0
2022-10-07 09:30:00-04:00,0.713100016117096,0.713100016117096,0.6624000072479248,0.6624000072479248,1361,0.0,0.0
2022-10-07 10:30:00-04:00,0.686909019947052,0.686909019947052,0.6660000085830688,0.6800000071525574,1453,0.0,0.0
2022-10-07 13:30:00-04:00,0.682699978351593,0.682699978351593,0.682699978351593,0.682699978351593,2202,0.0,0.0
2022-10-07 14:30:00-04:00,0.6800000071525574,0.6800000071525574,0.6399999856948853,0.6399999856948853,1044,0.0,0.0
2022-10-10 09:30:00-04:00,0.6499999761581421,0.6798999905586243,0.6499999761581421,0.6798999905586243,597,0.0,0.0
2022-10-10 10:30:00-04:00,0.6420000195503235,0.7379999756813049,0.6420000195503235,0.6420000195503235,921,0.0,0.0
2022-10-10 11:30:00-04:00,0.7379999756813049,0.7379999756813049,0.7379999756813049,0.7379999756813049,297,0.0,0.0
2022-10-10 12:30:00-04:00,0.7077999711036682,0.7379999756813049,0.6899999976158142,0.6899999976158142,9675,0.0,0.0
2022-10-10 15:30:00-04:00,0.7372000217437744,0.7372000217437744,0.7020000219345093,0.7020000219345093,0,0.0,0.0
2022-10-11 09:30:00-04:00,0.6899999976158142,0.6899999976158142,0.6499999761581421,0.6650000214576721,964,0.0,0.0
2022-10-11 11:30:00-04:00,0.6656000018119812,0.669189989566803,0.6656000018119812,0.669189989566803,1126,0.0,0.0
2022-10-11 13:30:00-04:00,0.6559000015258789,0.6559000015258789,0.6420000195503235,0.6420000195503235,1093,0.0,0.0
2022-10-11 14:30:00-04:00,0.6399999856948853,0.6399999856948853,0.6399999856948853,0.6399999856948853,390,0.0,0.0
2022-10-11 15:30:00-04:00,0.6692000031471252,0.6779999732971191,0.6692000031471252,0.6692000031471252,448,0.0,0.0
2022-10-12 09:30:00-04:00,0.7459999918937683,0.7459999918937683,0.660099983215332,0.660099983215332,372,0.0,0.0
2022-10-12 10:30:00-04:00,0.6600000262260437,0.6600000262260437,0.6600000262260437,0.6600000262260437,252,0.0,0.0
2022-10-12 13:30:00-04:00,0.7398999929428101,0.7398999929428101,0.6970019936561584,0.7379000186920166,610,0.0,0.0
2022-10-12 14:30:00-04:00,0.7093999981880188,0.7258999943733215,0.7093999981880188,0.7094510197639465,0,0.0,0.0
2022-10-13 09:30:00-04:00,0.7317000031471252,0.7317000031471252,0.6850000023841858,0.7300000190734863,2967,0.0,0.0
2022-10-13 10:30:00-04:00,0.6499999761581421,0.6499999761581421,0.6499999761581421,0.6499999761581421,800,0.0,0.0
2022-10-13 11:30:00-04:00,0.7099999785423279,0.7099999785423279,0.7099999785423279,0.7099999785423279,487,0.0,0.0
2022-10-13 12:30:00-04:00,0.7200000286102295,0.7200000286102295,0.7200000286102295,0.7200000286102295,415,0.0,0.0
2022-10-13 13:30:00-04:00,0.7012500166893005,0.7012500166893005,0.6606000065803528,0.6606000065803528,3939,0.0,0.0
2022-10-13 14:30:00-04:00,0.6601009964942932,0.699999988079071,0.6600000262260437,0.6600000262260437,9307,0.0,0.0
2022-10-14 09:30:00-04:00,0.6800000071525574,0.7099999785423279,0.6800000071525574,0.7099999785423279,455,0.0,0.0
2022-10-14 10:30:00-04:00,0.699999988079071,0.699999988079071,0.6502000093460083,0.6751000285148621,5504,0.0,0.0
2022-10-14 11:30:00-04:00,0.6601999998092651,0.6601999998092651,0.6499999761581421,0.6502000093460083,5500,0.0,0.0
2022-10-14 12:30:00-04:00,0.6998999714851379,0.6998999714851379,0.6601999998092651,0.6601999998092651,384,0.0,0.0
2022-10-14 13:30:00-04:00,0.6601999998092651,0.670199990272522,0.6575999855995178,0.6601999998092651,1983,0.0,0.0
2022-10-14 14:30:00-04:00,0.6601999998092651,0.6610999703407288,0.6502000093460083,0.6610999703407288,4049,0.0,0.0
2022-10-14 15:30:00-04:00,0.6510999798774719,0.6942999958992004,0.6510999798774719,0.6510999798774719,2042,0.0,0.0
2022-10-17 09:30:00-04:00,0.6800000071525574,0.6800000071525574,0.6499999761581421,0.6700000166893005,3645,0.0,0.0
2022-10-17 10:30:00-04:00,0.6376000046730042,0.6376000046730042,0.6376000046730042,0.6376000046730042,564,0.0,0.0
2022-10-17 13:30:00-04:00,0.6736500263214111,0.6736500263214111,0.6736500263214111,0.6736500263214111,740,0.0,0.0
2022-10-17 14:30:00-04:00,0.6693999767303467,0.6700000166893005,0.640500009059906,0.640500009059906,5466,0.0,0.0
2022-10-17 15:30:00-04:00,0.6496000289916992,0.6899999976158142,0.6481000185012817,0.6898999810218811,5428,0.0,0.0
2022-10-18 09:30:00-04:00,0.699999988079071,0.7099999785423279,0.6496000289916992,0.7027999758720398,1190,0.0,0.0
2022-10-18 10:30:00-04:00,0.6495000123977661,0.7099000215530396,0.6495000123977661,0.6499999761581421,2698,0.0,0.0
2022-10-18 11:30:00-04:00,0.7099999785423279,0.7200000286102295,0.7099999785423279,0.7101870179176331,12945,0.0,0.0
2022-10-18 12:30:00-04:00,0.7099000215530396,0.7099999785423279,0.7099000215530396,0.7099990248680115,1643,0.0,0.0
2022-10-18 13:30:00-04:00,0.6517000198364258,0.7099999785423279,0.6517000198364258,0.6800000071525574,5083,0.0,0.0
2022-10-18 14:30:00-04:00,0.6998999714851379,0.7099999785423279,0.663100004196167,0.6765999794006348,13767,0.0,0.0
2022-10-19 09:30:00-04:00,0.7200000286102295,0.7200000286102295,0.6200000047683716,0.6700000166893005,3789,0.0,0.0
2022-10-19 10:30:00-04:00,0.6699000000953674,0.6699000000953674,0.6698989868164062,0.6698989868164062,408,0.0,0.0
2022-10-19 11:30:00-04:00,0.6700000166893005,0.6700000166893005,0.6700000166893005,0.6700000166893005,101,0.0,0.0
2022-10-19 12:30:00-04:00,0.6700000166893005,0.6700000166893005,0.6700000166893005,0.6700000166893005,100,0.0,0.0
2022-10-19 13:30:00-04:00,0.6700000166893005,0.6700000166893005,0.6700000166893005,0.6700000166893005,101,0.0,0.0
2022-10-19 14:30:00-04:00,0.6700000166893005,0.6700000166893005,0.6661999821662903,0.6661999821662903,439,0.0,0.0
2022-10-19 15:30:00-04:00,0.699999988079071,0.699999988079071,0.699999988079071,0.699999988079071,286,0.0,0.0
2022-10-20 10:30:00-04:00,0.6700000166893005,0.6700999736785889,0.6499990224838257,0.6698989868164062,4619,0.0,0.0
2022-10-20 13:30:00-04:00,0.6100000143051147,0.6599000096321106,0.6100000143051147,0.6299999952316284,2524,0.0,0.0
2022-10-20 14:30:00-04:00,0.6305000185966492,0.6305000185966492,0.6101999878883362,0.6101999878883362,1009,0.0,0.0
2022-10-20 15:30:00-04:00,0.6281999945640564,0.6281999945640564,0.6103000044822693,0.6103000044822693,837,0.0,0.0
2022-10-21 09:30:00-04:00,0.6200000047683716,0.6340000033378601,0.6100000143051147,0.6200000047683716,8089,0.0,0.0
2022-10-21 10:30:00-04:00,0.6201000213623047,0.6201000213623047,0.6201000213623047,0.6201000213623047,115,0.0,0.0
2022-10-21 11:30:00-04:00,0.635250985622406,0.635250985622406,0.635250985622406,0.635250985622406,202,0.0,0.0
2022-10-21 12:30:00-04:00,0.6050000190734863,0.6050000190734863,0.6050000190734863,0.6050000190734863,100,0.0,0.0
2022-10-21 13:30:00-04:00,0.633400022983551,0.633400022983551,0.633400022983551,0.633400022983551,128,0.0,0.0
2022-10-21 14:30:00-04:00,0.6333100199699402,0.63919997215271,0.5899999737739563,0.5899999737739563,7563,0.0,0.0
2022-10-21 15:30:00-04:00,0.6220999956130981,0.6220999956130981,0.6220999956130981,0.6220999956130981,182,0.0,0.0
2022-10-24 10:30:00-04:00,0.6004999876022339,0.6050000190734863,0.6004999876022339,0.600600004196167,3582,0.0,0.0
2022-10-24 11:30:00-04:00,0.6100999712944031,0.6100999712944031,0.6000000238418579,0.6000000238418579,8987,0.0,0.0
2022-10-24 12:30:00-04:00,0.6000000238418579,0.6004989743232727,0.5751000046730042,0.5807999968528748,10930,0.0,0.0
2022-10-24 13:30:00-04:00,0.585099995136261,0.6000000238418579,0.5823000073432922,0.5824999809265137,8987,0.0,0.0
2022-10-24 14:30:00-04:00,0.5824999809265137,0.5824999809265137,0.5824999809265137,0.5824999809265137,100,0.0,0.0
2022-10-24 15:30:00-04:00,0.5849000215530396,0.6075000166893005,0.5824999809265137,0.6075000166893005,9138,0.0,0.0
2022-10-25 09:30:00-04:00,0.5799999833106995,0.6262509822845459,0.5799999833106995,0.5910000205039978,0,0.0,0.0
2022-10-25 10:30:00-04:00,0.6110000014305115,0.6291999816894531,0.6110000014305115,0.6200000047683716,15185,0.0,0.0
2022-10-25 11:30:00-04:00,0.6200000047683716,0.6298999786376953,0.6200000047683716,0.6298999786376953,1200,0.0,0.0
2022-10-25 12:30:00-04:00,0.6201000213623047,0.6276999711990356,0.6201000213623047,0.6201000213623047,934,0.0,0.0
2022-10-25 13:30:00-04:00,0.6201000213623047,0.6201000213623047,0.6201000213623047,0.6201000213623047,4203,0.0,0.0
2022-10-25 14:30:00-04:00,0.6291000247001648,0.6297000050544739,0.6100000143051147,0.6100000143051147,2718,0.0,0.0
2022-10-25 15:30:00-04:00,0.6100000143051147,0.6198499798774719,0.6100000143051147,0.6198499798774719,917,0.0,0.0
2022-10-26 09:30:00-04:00,0.6383000016212463,0.6686990261077881,0.6383000016212463,0.6399999856948853,0,0.0,0.0
2022-10-26 10:30:00-04:00,0.659151017665863,0.659151017665863,0.6399999856948853,0.6541000008583069,6339,0.0,0.0
2022-10-26 12:30:00-04:00,0.6383000016212463,0.6499999761581421,0.6383000016212463,0.6499999761581421,603,0.0,0.0
2022-10-26 13:30:00-04:00,0.6384000182151794,0.6384000182151794,0.6000999808311462,0.6033999919891357,5945,0.0,0.0
2022-10-26 15:30:00-04:00,0.6334999799728394,0.6352999806404114,0.6050999760627747,0.6352999806404114,772,0.0,0.0
2022-10-27 09:30:00-04:00,0.6000000238418579,0.6000000238418579,0.5789999961853027,0.5799999833106995,6999,0.0,0.0
2022-10-27 10:30:00-04:00,0.5799999833106995,0.6000000238418579,0.5799999833106995,0.5799999833106995,3635,0.0,0.0
2022-10-27 11:30:00-04:00,0.5799999833106995,0.6000000238418579,0.5799999833106995,0.6000000238418579,7747,0.0,0.0
2022-10-27 12:30:00-04:00,0.5999000072479248,0.6000000238418579,0.5999000072479248,0.6000000238418579,4364,0.0,0.0
2022-10-27 13:30:00-04:00,0.6025000214576721,0.6148989796638489,0.6025000214576721,0.6100000143051147,1078,0.0,0.0
2022-10-27 14:30:00-04:00,0.5799999833106995,0.5975000262260437,0.5755000114440918,0.5975000262260437,4020,0.0,0.0
2022-10-28 09:30:00-04:00,0.625,0.625,0.5813000202178955,0.5998989939689636,5713,0.0,0.0
2022-10-28 10:30:00-04:00,0.6000000238418579,0.6200000047683716,0.6000000238418579,0.6200000047683716,2423,0.0,0.0
2022-10-28 11:30:00-04:00,0.6000000238418579,0.6249989867210388,0.6000000238418579,0.6100999712944031,3836,0.0,0.0
2022-10-28 12:30:00-04:00,0.6101009845733643,0.6101009845733643,0.6100000143051147,0.6100000143051147,5032,0.0,0.0
2022-10-28 13:30:00-04:00,0.6100000143051147,0.6107500195503235,0.6000000238418579,0.6000000238418579,8085,0.0,0.0
2022-10-28 14:30:00-04:00,0.6100999712944031,0.6248999834060669,0.6000000238418579,0.6187999844551086,12484,0.0,0.0
2022-10-28 15:30:00-04:00,0.612500011920929,0.612500011920929,0.6123999953269958,0.612500011920929,1883,0.0,0.0
2022-10-31 09:30:00-04:00,0.6000000238418579,0.6248990297317505,0.6000000238418579,0.6248990297317505,771,0.0,0.0
2022-10-31 11:30:00-04:00,0.6000000238418579,0.6052510142326355,0.574999988079071,0.574999988079071,2671,0.0,0.0
2022-10-31 12:30:00-04:00,0.6000000238418579,0.6000099778175354,0.6000000238418579,0.6000099778175354,1122,0.0,0.0
2022-10-31 13:30:00-04:00,0.5998989939689636,0.5998989939689636,0.5998989939689636,0.5998989939689636,300,0.0,0.0
2022-10-31 14:30:00-04:00,0.6000000238418579,0.6014999747276306,0.5989999771118164,0.6000099778175354,34850,0.0,0.0
2022-10-31 15:30:00-04:00,0.6100000143051147,0.621399998664856,0.6100000143051147,0.621399998664856,10802,0.0,0.0
2022-11-01 09:30:00-04:00,0.6010000109672546,0.625,0.574999988079071,0.5799999833106995,28968,0.0,0.0
2022-11-01 10:30:00-04:00,0.5799999833106995,0.6074990034103394,0.5789999961853027,0.6074990034103394,16018,0.0,0.0
2022-11-01 11:30:00-04:00,0.5899999737739563,0.5900999903678894,0.5899999737739563,0.5899999737739563,9580,0.0,0.0
2022-11-01 12:30:00-04:00,0.5900999903678894,0.5950000286102295,0.5899999737739563,0.5899999737739563,6764,0.0,0.0
2022-11-01 13:30:00-04:00,0.5899999737739563,0.6209999918937683,0.5899999737739563,0.5899999737739563,73597,0.0,0.0
2022-11-01 14:30:00-04:00,0.5899999737739563,0.5902010202407837,0.5767999887466431,0.5900999903678894,17865,0.0,0.0
2022-11-01 15:30:00-04:00,0.5899999737739563,0.6032999753952026,0.5803009867668152,0.5899999737739563,0,0.0,0.0
2022-11-02 09:30:00-04:00,0.5949000120162964,0.5949000120162964,0.5949000120162964,0.5949000120162964,300,0.0,0.0
2022-11-02 10:30:00-04:00,0.5899999737739563,0.5900009870529175,0.5896999835968018,0.5896999835968018,5474,0.0,0.0
2022-11-02 11:30:00-04:00,0.5799999833106995,0.5947989821434021,0.5760999917984009,0.5902000069618225,13067,0.0,0.0
2022-11-02 12:30:00-04:00,0.5900999903678894,0.5900999903678894,0.5759999752044678,0.5799999833106995,4034,0.0,0.0
2022-11-02 13:30:00-04:00,0.5799999833106995,0.6099990010261536,0.578499972820282,0.6099990010261536,33762,0.0,0.0
2022-11-02 14:30:00-04:00,0.5800999999046326,0.5800999999046326,0.578499972820282,0.578499972820282,8503,0.0,0.0
2022-11-02 15:30:00-04:00,0.578499972820282,0.5799999833106995,0.5759999752044678,0.5779500007629395,35160,0.0,0.0
2022-11-03 09:30:00-04:00,0.5759999752044678,0.5760999917984009,0.5699999928474426,0.5699999928474426,5043,0.0,0.0
2022-11-03 10:30:00-04:00,0.5985999703407288,0.609000027179718,0.5699999928474426,0.5699999928474426,14413,0.0,0.0
2022-11-03 11:30:00-04:00,0.5701000094413757,0.5928000211715698,0.5609999895095825,0.5699999928474426,34178,0.0,0.0
2022-11-03 12:30:00-04:00,0.5699999928474426,0.579800009727478,0.5609999895095825,0.5697000026702881,11690,0.0,0.0
2022-11-03 13:30:00-04:00,0.5601000189781189,0.5699999928474426,0.550000011920929,0.550000011920929,20112,0.0,0.0
2022-11-03 14:30:00-04:00,0.5698999762535095,0.5698999762535095,0.550000011920929,0.550000011920929,1123,0.0,0.0
2022-11-03 15:30:00-04:00,0.5625,0.5699999928474426,0.5625,0.5698999762535095,0,0.0,0.0
2022-11-04 09:30:00-04:00,0.5699999928474426,0.5699999928474426,0.5501000285148621,0.5501000285148621,574,0.0,0.0
2022-11-04 10:30:00-04:00,0.5602009892463684,0.5799000263214111,0.5121999979019165,0.5499989986419678,43011,0.0,0.0
2022-11-04 11:30:00-04:00,0.5400509834289551,0.574999988079071,0.5300999879837036,0.5415999889373779,20086,0.0,0.0
2022-11-04 12:30:00-04:00,0.5400000214576721,0.5698999762535095,0.5199999809265137,0.5459499955177307,34315,0.0,0.0
2022-11-04 13:30:00-04:00,0.5241000056266785,0.5590000152587891,0.5220000147819519,0.5590000152587891,18506,0.0,0.0
2022-11-04 14:30:00-04:00,0.5692999958992004,0.5692999958992004,0.5350000262260437,0.5524500012397766,5301,0.0,0.0
2022-11-04 15:30:00-04:00,0.557449996471405,0.557449996471405,0.5471500158309937,0.5543000102043152,2410,0.0,0.0
2022-11-07 09:30:00-05:00,0.5199999809265137,0.5541999936103821,0.5199999809265137,0.5299999713897705,26196,0.0,0.0
2022-11-07 10:30:00-05:00,0.5498999953269958,0.5498999953269958,0.534500002861023,0.534500002861023,8305,0.0,0.0
2022-11-07 11:30:00-05:00,0.5498999953269958,0.5498999953269958,0.5249999761581421,0.5253000259399414,13476,0.0,0.0
2022-11-07 12:30:00-05:00,0.5400000214576721,0.5400000214576721,0.5250999927520752,0.5299999713897705,21277,0.0,0.0
2022-11-07 13:30:00-05:00,0.541450023651123,0.5541999936103821,0.5286999940872192,0.5400000214576721,11302,0.0,0.0
2022-11-07 14:30:00-05:00,0.5340999960899353,0.5400000214576721,0.5340999960899353,0.5400000214576721,1929,0.0,0.0
2022-11-07 15:30:00-05:00,0.5340999960899353,0.5342000126838684,0.5339999794960022,0.5340999960899353,6912,0.0,0.0
2022-11-08 09:30:00-05:00,0.5550000071525574,0.5699999928474426,0.5299999713897705,0.5699999928474426,3945,0.0,0.0
2022-11-08 10:30:00-05:00,0.5449510216712952,0.5449510216712952,0.5449510216712952,0.5449510216712952,102,0.0,0.0
2022-11-08 11:30:00-05:00,0.5498999953269958,0.5498999953269958,0.5210000276565552,0.5300999879837036,6399,0.0,0.0
2022-11-08 13:30:00-05:00,0.5400000214576721,0.5400000214576721,0.5300999879837036,0.5300999879837036,1617,0.0,0.0
2022-11-08 14:30:00-05:00,0.5300999879837036,0.5396999716758728,0.5099999904632568,0.5299999713897705,33258,0.0,0.0
2022-11-08 15:30:00-05:00,0.5099999904632568,0.5200009942054749,0.5099999904632568,0.5099999904632568,0,0.0,0.0
2022-11-09 09:30:00-05:00,0.5299999713897705,0.5299999713897705,0.5133010149002075,0.5133010149002075,477,0.0,0.0
2022-11-09 10:30:00-05:00,0.5133000016212463,0.5299000144004822,0.5133000016212463,0.5299000144004822,592,0.0,0.0
2022-11-09 11:30:00-05:00,0.516700029373169,0.5299999713897705,0.5133000016212463,0.5133000016212463,2215,0.0,0.0
2022-11-09 13:30:00-05:00,0.5134009718894958,0.5134009718894958,0.5133000016212463,0.5133000016212463,1319,0.0,0.0
2022-11-09 14:30:00-05:00,0.5216500163078308,0.5216500163078308,0.5216500163078308,0.5216500163078308,100,0.0,0.0
2022-11-10 09:30:00-05:00,0.5299000144004822,0.5299000144004822,0.5274509787559509,0.5274509787559509,1060,0.0,0.0
2022-11-10 11:30:00-05:00,0.5250999927520752,0.5250999927520752,0.5249999761581421,0.5249999761581421,1100,0.0,0.0
2022-11-10 12:30:00-05:00,0.5249999761581421,0.5299999713897705,0.5112000107765198,0.5199999809265137,15181,0.0,0.0
2022-11-10 13:30:00-05:00,0.5110999941825867,0.5113000273704529,0.5110999941825867,0.5110999941825867,9332,0.0,0.0
2022-11-10 14:30:00-05:00,0.5110999941825867,0.5149999856948853,0.5099999904632568,0.5099999904632568,13124,0.0,0.0
2022-11-10 15:30:00-05:00,0.5101010203361511,0.5185999870300293,0.5001779794692993,0.5185999870300293,17284,0.0,0.0
2022-11-11 09:30:00-05:00,0.5199999809265137,0.5250509977340698,0.5099999904632568,0.5250489711761475,26595,0.0,0.0
2022-11-11 10:30:00-05:00,0.5250999927520752,0.5299999713897705,0.5101000070571899,0.5299999713897705,50986,0.0,0.0
2022-11-11 11:30:00-05:00,0.5250489711761475,0.5299990177154541,0.5214999914169312,0.5299990177154541,454,0.0,0.0
2022-11-11 12:30:00-05:00,0.5199999809265137,0.5379999876022339,0.5199999809265137,0.5379999876022339,12817,0.0,0.0
2022-11-11 13:30:00-05:00,0.5379999876022339,0.5379999876022339,0.5299999713897705,0.5379999876022339,1707,0.0,0.0
2022-11-11 14:30:00-05:00,0.5350000262260437,0.5450000166893005,0.5300999879837036,0.5375000238418579,15755,0.0,0.0
2022-11-11 15:30:00-05:00,0.5450000166893005,0.5450000166893005,0.5263000130653381,0.5302010178565979,23529,0.0,0.0
2022-11-14 09:30:00-05:00,0.5300999879837036,0.5622010231018066,0.5300999879837036,0.5498999953269958,3339,0.0,0.0
2022-11-14 10:30:00-05:00,0.5498989820480347,0.5498989820480347,0.5400000214576721,0.5400000214576721,34623,0.0,0.0
2022-11-14 11:30:00-05:00,0.534500002861023,0.534500002861023,0.534500002861023,0.534500002861023,300,0.0,0.0
2022-11-14 12:30:00-05:00,0.5346999764442444,0.5400000214576721,0.5346999764442444,0.5393000245094299,29998,0.0,0.0
2022-11-14 13:30:00-05:00,0.539900004863739,0.539900004863739,0.5392000079154968,0.5392000079154968,10894,0.0,0.0
2022-11-14 14:30:00-05:00,0.5300999879837036,0.550000011920929,0.5199999809265137,0.550000011920929,21251,0.0,0.0
2022-11-14 15:30:00-05:00,0.5401999950408936,0.550000011920929,0.5400999784469604,0.5400999784469604,0,0.0,0.0
2022-11-15 09:30:00-05:00,0.5471000075340271,0.5699999928474426,0.5471000075340271,0.550000011920929,13569,0.0,0.0
2022-11-15 10:30:00-05:00,0.5550000071525574,0.5600000023841858,0.5400000214576721,0.5400000214576721,22181,0.0,0.0
2022-11-15 11:30:00-05:00,0.5400000214576721,0.5550000071525574,0.5400000214576721,0.5400000214576721,2323,0.0,0.0
2022-11-15 12:30:00-05:00,0.5450000166893005,0.5450000166893005,0.5450000166893005,0.5450000166893005,451,0.0,0.0
2022-11-15 14:30:00-05:00,0.5450000166893005,0.5450000166893005,0.5400999784469604,0.5423280000686646,5458,0.0,0.0
2022-11-15 15:30:00-05:00,0.5402010083198547,0.5486000180244446,0.5402010083198547,0.547698974609375,772,0.0,0.0
2022-11-16 09:30:00-05:00,0.5600000023841858,0.5600000023841858,0.5340009927749634,0.550000011920929,10554,0.0,0.0
2022-11-16 10:30:00-05:00,0.5470010042190552,0.5470010042190552,0.5340999960899353,0.5340999960899353,3542,0.0,0.0
2022-11-16 11:30:00-05:00,0.5200999975204468,0.5207949876785278,0.5199999809265137,0.5199999809265137,62163,0.0,0.0
2022-11-16 12:30:00-05:00,0.5200999975204468,0.5200999975204468,0.5200999975204468,0.5200999975204468,2205,0.0,0.0
2022-11-16 13:30:00-05:00,0.5299999713897705,0.5299999713897705,0.5250999927520752,0.5299999713897705,2899,0.0,0.0
2022-11-16 14:30:00-05:00,0.5199999809265137,0.5299999713897705,0.5199999809265137,0.5299999713897705,805,0.0,0.0
2022-11-16 15:30:00-05:00,0.5299999713897705,0.5299999713897705,0.5196999907493591,0.5200999975204468,10183,0.0,0.0
2022-11-17 09:30:00-05:00,0.5350000262260437,0.5350000262260437,0.520101010799408,0.520101010799408,2973,0.0,0.0
2022-11-17 10:30:00-05:00,0.5299999713897705,0.5299999713897705,0.5099999904632568,0.5099999904632568,9764,0.0,0.0
2022-11-17 12:30:00-05:00,0.5104010105133057,0.5113000273704529,0.5,0.5001000165939331,13120,0.0,0.0
2022-11-17 13:30:00-05:00,0.5001999735832214,0.5098999738693237,0.5,0.5062999725341797,11680,0.0,0.0
2022-11-17 14:30:00-05:00,0.5098999738693237,0.5099999904632568,0.5056999921798706,0.5074999928474426,7643,0.0,0.0
2022-11-17 15:30:00-05:00,0.5052000284194946,0.5052000284194946,0.5,0.5001000165939331,51249,0.0,0.0
2022-11-18 09:30:00-05:00,0.5,0.5098999738693237,0.5,0.5098999738693237,4754,0.0,0.0
2022-11-18 10:30:00-05:00,0.5001000165939331,0.5077599883079529,0.5,0.5,19905,0.0,0.0
2022-11-18 12:30:00-05:00,0.5044999718666077,0.5045009851455688,0.48579999804496765,0.4916999936103821,31473,0.0,0.0
2022-11-18 13:30:00-05:00,0.482699990272522,0.5098999738693237,0.47999998927116394,0.4950000047683716,7375,0.0,0.0
2022-11-18 15:30:00-05:00,0.4936000108718872,0.4948999881744385,0.4855000078678131,0.4869999885559082,12797,0.0,0.0
2022-11-21 09:30:00-05:00,0.47609999775886536,0.47999998927116394,0.45019999146461487,0.47999998927116394,66694,0.0,0.0
2022-11-21 10:30:00-05:00,0.49050000309944153,0.49050000309944153,0.49050000309944153,0.49050000309944153,1004,0.0,0.0
2022-11-21 12:30:00-05:00,0.4721679985523224,0.48100000619888306,0.4700999855995178,0.47999998927116394,12321,0.0,0.0
2022-11-21 13:30:00-05:00,0.48959898948669434,0.49000000953674316,0.4740009903907776,0.47999998927116394,3935,0.0,0.0
2022-11-21 14:30:00-05:00,0.46000000834465027,0.4702500104904175,0.4507009983062744,0.4507009983062744,10024,0.0,0.0
2022-11-21 15:30:00-05:00,0.48979899287223816,0.48979899287223816,0.48979899287223816,0.48979899287223816,135,0.0,0.0
2022-11-22 09:30:00-05:00,0.44999998807907104,0.48980000615119934,0.44999998807907104,0.45840001106262207,0,0.0,0.0
2022-11-22 10:30:00-05:00,0.4749000072479248,0.4749000072479248,0.45840001106262207,0.4748989939689636,7162,0.0,0.0
2022-11-22 11:30:00-05:00,0.4584999978542328,0.4749999940395355,0.45840001106262207,0.46000000834465027,12244,0.0,0.0
2022-11-22 12:30:00-05:00,0.45910000801086426,0.4749000072479248,0.45910000801086426,0.46540001034736633,12802,0.0,0.0
2022-11-22 13:30:00-05:00,0.4650000035762787,0.4652999937534332,0.4650000035762787,0.4652999937534332,429,0.0,0.0
2022-11-22 14:30:00-05:00,0.4652999937534332,0.4749999940395355,0.45840001106262207,0.45840001106262207,5861,0.0,0.0
2022-11-22 15:30:00-05:00,0.4749999940395355,0.4749999940395355,0.4099999964237213,0.4350000023841858,0,0.0,0.0
2022-11-23 09:30:00-05:00,0.45669999718666077,0.46000000834465027,0.4399999976158142,0.4399999976158142,61083,0.0,0.0
2022-11-23 10:30:00-05:00,0.4399999976158142,0.4410000145435333,0.4399999976158142,0.4399999976158142,4102,0.0,0.0
2022-11-23 11:30:00-05:00,0.4399999976158142,0.4401000142097473,0.4300000071525574,0.4300000071525574,9076,0.0,0.0
2022-11-23 12:30:00-05:00,0.46000000834465027,0.46000000834465027,0.4300999939441681,0.43630000948905945,1561,0.0,0.0
2022-11-23 13:30:00-05:00,0.43630000948905945,0.4410000145435333,0.43630000948905945,0.4410000145435333,1518,0.0,0.0
2022-11-23 14:30:00-05:00,0.4426000118255615,0.4575999975204468,0.4424999952316284,0.4426499903202057,6001,0.0,0.0
2022-11-23 15:30:00-05:00,0.4426499903202057,0.4562999904155731,0.4401000142097473,0.4449999928474426,10765,0.0,0.0
2022-11-25 09:30:00-05:00,0.4564000070095062,0.46000000834465027,0.4000000059604645,0.43549901247024536,15681,0.0,0.0
2022-11-25 10:30:00-05:00,0.4417490065097809,0.46000000834465027,0.4417490065097809,0.45010000467300415,7329,0.0,0.0
2022-11-25 11:30:00-05:00,0.4519999921321869,0.46000000834465027,0.4235999882221222,0.4246000051498413,24658,0.0,0.0
2022-11-25 12:30:00-05:00,0.4440000057220459,0.45989999175071716,0.4440000057220459,0.45989999175071716,0,0.0,0.0
2022-11-28 09:30:00-05:00,0.44290000200271606,0.4749999940395355,0.42570000886917114,0.4699989855289459,12049,0.0,0.0
2022-11-28 10:30:00-05:00,0.4699999988079071,0.4699999988079071,0.4699999988079071,0.4699999988079071,349,0.0,0.0
2022-11-28 11:30:00-05:00,0.4699999988079071,0.4699999988079071,0.4699999988079071,0.4699999988079071,518,0.0,0.0
2022-11-28 12:30:00-05:00,0.44999998807907104,0.44999998807907104,0.44999998807907104,0.44999998807907104,220,0.0,0.0
2022-11-28 13:30:00-05:00,0.44999998807907104,0.4749999940395355,0.44999998807907104,0.44999998807907104,21470,0.0,0.0
2022-11-28 14:30:00-05:00,0.44999998807907104,0.4749000072479248,0.4300000071525574,0.4749000072479248,7600,0.0,0.0
2022-11-28 15:30:00-05:00,0.47439900040626526,0.47439900040626526,0.47439900040626526,0.47439900040626526,0,0.0,0.0
2022-11-29 09:30:00-05:00,0.46000000834465027,0.4699999988079071,0.46000000834465027,0.46000000834465027,9580,0.0,0.0
2022-11-29 10:30:00-05:00,0.46000000834465027,0.460099995136261,0.46000000834465027,0.460099995136261,1987,0.0,0.0
2022-11-29 11:30:00-05:00,0.46000000834465027,0.46000000834465027,0.46000000834465027,0.46000000834465027,411,0.0,0.0
2022-11-29 12:30:00-05:00,0.46000000834465027,0.460099995136261,0.4399999976158142,0.44999998807907104,28386,0.0,0.0
2022-11-29 13:30:00-05:00,0.46810001134872437,0.46810001134872437,0.46810001134872437,0.46810001134872437,1015,0.0,0.0
2022-11-29 15:30:00-05:00,0.4404999911785126,0.4404999911785126,0.4399999976158142,0.4401000142097473,2804,0.0,0.0
2022-11-30 10:30:00-05:00,0.43149900436401367,0.43149900436401367,0.43149900436401367,0.43149900436401367,381,0.0,0.0
2022-11-30 11:30:00-05:00,0.43970000743865967,0.43970000743865967,0.42320001125335693,0.42320001125335693,524,0.0,0.0
2022-11-30 12:30:00-05:00,0.43970000743865967,0.43970000743865967,0.43149998784065247,0.43149998784065247,5066,0.0,0.0
2022-11-30 13:30:00-05:00,0.42320001125335693,0.42320001125335693,0.42320001125335693,0.42320001125335693,114,0.0,0.0
2022-11-30 14:30:00-05:00,0.42320001125335693,0.42320001125335693,0.4230000078678131,0.42309999465942383,4840,0.0,0.0
2022-11-30 15:30:00-05:00,0.42010000348091125,0.46619999408721924,0.42010000348091125,0.46619999408721924,0,0.0,0.0
2022-12-01 09:30:00-05:00,0.47999998927116394,0.48989999294281006,0.46619999408721924,0.48989999294281006,8736,0.0,0.0
2022-12-01 10:30:00-05:00,0.48899999260902405,0.5090000033378601,0.48899999260902405,0.5,53201,0.0,0.0
2022-12-01 11:30:00-05:00,0.5001000165939331,0.5051190257072449,0.5001000165939331,0.5051190257072449,590,0.0,0.0
2022-12-01 12:30:00-05:00,0.5012500286102295,0.5012500286102295,0.490200012922287,0.4999000132083893,4227,0.0,0.0
2022-12-01 13:30:00-05:00,0.4900999963283539,0.4900999963283539,0.47999998927116394,0.47999998927116394,7421,0.0,0.0
2022-12-01 14:30:00-05:00,0.47999998927116394,0.48010000586509705,0.47999998927116394,0.48010000586509705,1171,0.0,0.0
2022-12-01 15:30:00-05:00,0.48010000586509705,0.49000000953674316,0.47999998927116394,0.48980000615119934,0,0.0,0.0
2022-12-02 09:30:00-05:00,0.5,0.5,0.45010000467300415,0.45010000467300415,3273,0.0,0.0
2022-12-02 10:30:00-05:00,0.48980000615119934,0.489998996257782,0.48980000615119934,0.489998996257782,3933,0.0,0.0
2022-12-02 11:30:00-05:00,0.48458799719810486,0.48458799719810486,0.4620000123977661,0.47350001335144043,452,0.0,0.0
2022-12-02 12:30:00-05:00,0.4650000035762787,0.48500001430511475,0.4620000123977661,0.47350001335144043,642,0.0,0.0
2022-12-02 13:30:00-05:00,0.46320000290870667,0.48500001430511475,0.46320000290870667,0.47350001335144043,712,0.0,0.0
2022-12-02 14:30:00-05:00,0.47350001335144043,0.47350001335144043,0.45010000467300415,0.4726000130176544,41224,0.0,0.0
2022-12-02 15:30:00-05:00,0.4728989899158478,0.4729999899864197,0.45010000467300415,0.45018601417541504,14046,0.0,0.0
2022-12-05 09:30:00-05:00,0.4699999988079071,0.4699999988079071,0.4691999852657318,0.4691999852657318,790,0.0,0.0
2022-12-05 10:30:00-05:00,0.45989999175071716,0.45989999175071716,0.4401009976863861,0.45989999175071716,3047,0.0,0.0
2022-12-05 11:30:00-05:00,0.4243749976158142,0.45170000195503235,0.4243749976158142,0.45170000195503235,5303,0.0,0.0
2022-12-05 12:30:00-05:00,0.44999998807907104,0.44999998807907104,0.44999998807907104,0.44999998807907104,200,0.0,0.0
2022-12-05 13:30:00-05:00,0.4494999945163727,0.44999998807907104,0.4300999939441681,0.4397999942302704,1908,0.0,0.0
2022-12-05 14:30:00-05:00,0.4300000071525574,0.43950000405311584,0.4300000071525574,0.43949899077415466,1351,0.0,0.0
2022-12-05 15:30:00-05:00,0.4301010072231293,0.4301010072231293,0.4300000071525574,0.43007799983024597,2705,0.0,0.0
2022-12-06 09:30:00-05:00,0.41999998688697815,0.4300000071525574,0.41999998688697815,0.41999998688697815,4728,0.0,0.0
2022-12-06 11:30:00-05:00,0.44999998807907104,0.44999998807907104,0.41999998688697815,0.41999998688697815,15678,0.0,0.0
2022-12-06 12:30:00-05:00,0.4410000145435333,0.44999998807907104,0.4410000145435333,0.44999998807907104,1201,0.0,0.0
2022-12-06 13:30:00-05:00,0.4300000071525574,0.4300000071525574,0.414000004529953,0.414000004529953,1064,0.0,0.0
2022-12-06 14:30:00-05:00,0.414000004529953,0.4499000012874603,0.414000004529953,0.4499000012874603,971,0.0,0.0
2022-12-06 15:30:00-05:00,0.4099000096321106,0.4099000096321106,0.4099000096321106,0.4099000096321106,264,0.0,0.0
2022-12-07 09:30:00-05:00,0.3709000051021576,0.4300000071525574,0.3709000051021576,0.41999998688697815,20271,0.0,0.0
2022-12-07 10:30:00-05:00,0.40988001227378845,0.40988001227378845,0.40988001227378845,0.40988001227378845,249,0.0,0.0
2022-12-07 11:30:00-05:00,0.41999998688697815,0.4300000071525574,0.41999998688697815,0.4300000071525574,2046,0.0,0.0
2022-12-07 13:30:00-05:00,0.421099990606308,0.421099990606308,0.4099999964237213,0.4099999964237213,4611,0.0,0.0
2022-12-07 15:30:00-05:00,0.43220001459121704,0.43220001459121704,0.4101000130176544,0.4101000130176544,0,0.0,0.0
2022-12-08 09:30:00-05:00,0.4221999943256378,0.4471000134944916,0.4221999943256378,0.4399990141391754,7656,0.0,0.0
2022-12-08 10:30:00-05:00,0.4398989975452423,0.4398989975452423,0.4300000071525574,0.4348999857902527,18261,0.0,0.0
2022-12-08 11:30:00-05:00,0.4300000071525574,0.4325000047683716,0.4300000071525574,0.4300999939441681,1171,0.0,0.0
2022-12-08 12:30:00-05:00,0.4300999939441681,0.4348999857902527,0.4300000071525574,0.4300000071525574,4209,0.0,0.0
2022-12-08 13:30:00-05:00,0.4348990023136139,0.4348990023136139,0.4300000071525574,0.4324989914894104,7366,0.0,0.0
2022-12-08 14:30:00-05:00,0.4300000071525574,0.4300000071525574,0.4300000071525574,0.4300000071525574,0,0.0,0.0
2022-12-09 09:30:00-05:00,0.44999998807907104,0.44999998807907104,0.41999998688697815,0.44999998807907104,29557,0.0,0.0
2022-12-09 10:30:00-05:00,0.4499000012874603,0.4499000012874603,0.41999998688697815,0.4489000141620636,5993,0.0,0.0
2022-12-09 11:30:00-05:00,0.4350000023841858,0.4350000023841858,0.4350000023841858,0.4350000023841858,720,0.0,0.0
2022-12-09 12:30:00-05:00,0.4350000023841858,0.4351010024547577,0.4350000023841858,0.4351010024547577,407,0.0,0.0
2022-12-09 13:30:00-05:00,0.43779999017715454,0.4489000141620636,0.4300000071525574,0.4300000071525574,3727,0.0,0.0
2022-12-09 14:30:00-05:00,0.4300000071525574,0.44999998807907104,0.41999998688697815,0.41999998688697815,20659,0.0,0.0
2022-12-09 15:30:00-05:00,0.4099999964237213,0.41019999980926514,0.4099999964237213,0.41019999980926514,1240,0.0,0.0
2022-12-12 09:30:00-05:00,0.3815999925136566,0.44999998807907104,0.3815999925136566,0.44999998807907104,3357,0.0,0.0
2022-12-12 10:30:00-05:00,0.44839999079704285,0.44999998807907104,0.4375,0.4499000012874603,28401,0.0,0.0
2022-12-12 11:30:00-05:00,0.44999998807907104,0.44999998807907104,0.4300000071525574,0.4300999939441681,5218,0.0,0.0
2022-12-12 12:30:00-05:00,0.4300999939441681,0.4325009882450104,0.41510000824928284,0.41999998688697815,7987,0.0,0.0
2022-12-12 13:30:00-05:00,0.4300000071525574,0.4349989891052246,0.4300000071525574,0.4300000071525574,13235,0.0,0.0
2022-12-12 14:30:00-05:00,0.4300000071525574,0.4499000012874603,0.4147999882698059,0.4339199960231781,13834,0.0,0.0
2022-12-12 15:30:00-05:00,0.4498000144958496,0.44999998807907104,0.4341999888420105,0.4341999888420105,0,0.0,0.0
2022-12-13 09:30:00-05:00,0.46000000834465027,0.4848000109195709,0.4399999976158142,0.4399999976158142,30183,0.0,0.0
2022-12-13 10:30:00-05:00,0.46000000834465027,0.46000000834465027,0.40149998664855957,0.4099999964237213,38878,0.0,0.0
2022-12-13 11:30:00-05:00,0.4101000130176544,0.41200000047683716,0.3901999890804291,0.3928000032901764,54848,0.0,0.0
2022-12-13 12:30:00-05:00,0.3903999924659729,0.4000000059604645,0.38999998569488525,0.39010000228881836,23639,0.0,0.0
2022-12-13 13:30:00-05:00,0.39010000228881836,0.41110000014305115,0.3736000061035156,0.41110000014305115,49359,0.0,0.0
2022-12-13 14:30:00-05:00,0.4277999997138977,0.43650001287460327,0.4050010144710541,0.4364989995956421,10444,0.0,0.0
2022-12-13 15:30:00-05:00,0.42080000042915344,0.4514000117778778,0.3801000118255615,0.4499000012874603,0,0.0,0.0
2022-12-14 09:30:00-05:00,0.44999998807907104,0.47999998927116394,0.42100000381469727,0.43050000071525574,153590,0.0,0.0
2022-12-14 10:30:00-05:00,0.43050000071525574,0.43549999594688416,0.42100000381469727,0.43549999594688416,23938,0.0,0.0
2022-12-14 11:30:00-05:00,0.4399999976158142,0.4650000035762787,0.4350000023841858,0.44999998807907104,115513,0.0,0.0
2022-12-14 12:30:00-05:00,0.46010100841522217,0.4846999943256378,0.44999998807907104,0.4510999917984009,162804,0.0,0.0
2022-12-14 13:30:00-05:00,0.45410001277923584,0.46799901127815247,0.45399999618530273,0.45500001311302185,109917,0.0,0.0
2022-12-14 14:30:00-05:00,0.45500001311302185,0.47350001335144043,0.45500001311302185,0.46700000762939453,52791,0.0,0.0
2022-12-14 15:30:00-05:00,0.46799999475479126,0.48500001430511475,0.4555000066757202,0.45559999346733093,72662,0.0,0.0
2022-12-15 09:30:00-05:00,0.46000000834465027,0.46000000834465027,0.44999998807907104,0.44999998807907104,8243,0.0,0.0
2022-12-15 10:30:00-05:00,0.44999998807907104,0.4699999988079071,0.4399999976158142,0.44851499795913696,26161,0.0,0.0
2022-12-15 11:30:00-05:00,0.46389999985694885,0.46799999475479126,0.46000000834465027,0.46799999475479126,2197,0.0,0.0
2022-12-15 12:30:00-05:00,0.46799999475479126,0.48243001103401184,0.4602000117301941,0.47859999537467957,6610,0.0,0.0
2022-12-15 13:30:00-05:00,0.476375013589859,0.48019999265670776,0.44999998807907104,0.45500001311302185,14546,0.0,0.0
2022-12-15 14:30:00-05:00,0.45019999146461487,0.46000000834465027,0.44110000133514404,0.45055100321769714,6212,0.0,0.0
2022-12-15 15:30:00-05:00,0.45500001311302185,0.46000000834465027,0.4399999976158142,0.4399999976158142,10513,0.0,0.0
2022-12-16 09:30:00-05:00,0.44999998807907104,0.44999998807907104,0.4223000109195709,0.4223000109195709,0,0.0,0.0
2022-12-16 10:30:00-05:00,0.4205999970436096,0.43529999256134033,0.4205999970436096,0.4205999970436096,1035,0.0,0.0
2022-12-16 11:30:00-05:00,0.4350000023841858,0.4350000023841858,0.4205999970436096,0.4212999939918518,927,0.0,0.0
2022-12-16 12:30:00-05:00,0.420199990272522,0.4350999891757965,0.420199990272522,0.4350999891757965,1679,0.0,0.0
2022-12-16 13:30:00-05:00,0.420199990272522,0.4489000141620636,0.420199990272522,0.4350999891757965,1702,0.0,0.0
2022-12-16 14:30:00-05:00,0.4205999970436096,0.4205999970436096,0.4205999970436096,0.4205999970436096,400,0.0,0.0
2022-12-16 15:30:00-05:00,0.44999998807907104,0.44999998807907104,0.42660000920295715,0.4372999966144562,2841,0.0,0.0
2022-12-19 09:30:00-05:00,0.47999998927116394,0.5,0.44999998807907104,0.44999998807907104,18246,0.0,0.0
2022-12-19 10:30:00-05:00,0.451200008392334,0.451200008392334,0.4400010108947754,0.4442009925842285,5236,0.0,0.0
2022-12-19 11:30:00-05:00,0.4399999976158142,0.44999998807907104,0.4300000071525574,0.4400010108947754,11080,0.0,0.0
2022-12-19 12:30:00-05:00,0.4350000023841858,0.4699999988079071,0.4350000023841858,0.4699999988079071,18335,0.0,0.0
2022-12-19 13:30:00-05:00,0.44999998807907104,0.44999998807907104,0.44999998807907104,0.44999998807907104,2756,0.0,0.0
2022-12-19 15:30:00-05:00,0.4699999988079071,0.4699999988079071,0.43000099062919617,0.43000099062919617,7993,0.0,0.0
2022-12-20 09:30:00-05:00,0.44999998807907104,0.45339998602867126,0.4300000071525574,0.4300000071525574,969,0.0,0.0
2022-12-20 10:30:00-05:00,0.4300000071525574,0.4300000071525574,0.41999998688697815,0.4278999865055084,3386,0.0,0.0
2022-12-20 11:30:00-05:00,0.42989999055862427,0.4300000071525574,0.42989999055862427,0.4300000071525574,5760,0.0,0.0
2022-12-20 12:30:00-05:00,0.44999998807907104,0.44999998807907104,0.4399999976158142,0.4399999976158142,882,0.0,0.0
2022-12-20 13:30:00-05:00,0.4300000071525574,0.4300000071525574,0.4300000071525574,0.4300000071525574,355,0.0,0.0
2022-12-20 14:30:00-05:00,0.43490099906921387,0.44999998807907104,0.4300000071525574,0.44405001401901245,23616,0.0,0.0
2022-12-20 15:30:00-05:00,0.44449999928474426,0.44449999928474426,0.4390000104904175,0.4390000104904175,2194,0.0,0.0
2022-12-21 09:30:00-05:00,0.4221999943256378,0.4300000071525574,0.41999998688697815,0.421999990940094,0,0.0,0.0
2022-12-21 10:30:00-05:00,0.42156898975372314,0.4221000075340271,0.4099999964237213,0.42010000348091125,36022,0.0,0.0
2022-12-21 11:30:00-05:00,0.41589999198913574,0.41589999198913574,0.4131999909877777,0.4146000146865845,2443,0.0,0.0
2022-12-21 12:30:00-05:00,0.41589999198913574,0.4221999943256378,0.4101000130176544,0.4221999943256378,18147,0.0,0.0
2022-12-21 13:30:00-05:00,0.4221000075340271,0.4221999943256378,0.41999998688697815,0.4221999943256378,10519,0.0,0.0
2022-12-21 14:30:00-05:00,0.42114999890327454,0.4221999943256378,0.41999998688697815,0.41999998688697815,5025,0.0,0.0
2022-12-21 15:30:00-05:00,0.4221999943256378,0.4221999943256378,0.4212999939918518,0.42179998755455017,978,0.0,0.0
2022-12-22 09:30:00-05:00,0.4300000071525574,0.4301010072231293,0.41040000319480896,0.41040000319480896,16684,0.0,0.0
2022-12-22 10:30:00-05:00,0.42479899525642395,0.42489999532699585,0.41040000319480896,0.42489999532699585,3261,0.0,0.0
2022-12-22 11:30:00-05:00,0.423799991607666,0.423799991607666,0.423799991607666,0.423799991607666,131,0.0,0.0
2022-12-22 12:30:00-05:00,0.42480000853538513,0.42480000853538513,0.4222489893436432,0.4222489893436432,2481,0.0,0.0
2022-12-22 13:30:00-05:00,0.42469900846481323,0.42469900846481323,0.41999998688697815,0.42179998755455017,1072,0.0,0.0
2022-12-23 09:30:00-05:00,0.41040000319480896,0.4203000068664551,0.4099999964237213,0.4099999964237213,10722,0.0,0.0
2022-12-23 10:30:00-05:00,0.4099999964237213,0.4101000130176544,0.4020000100135803,0.4020000100135803,4720,0.0,0.0
2022-12-23 11:30:00-05:00,0.4099000096321106,0.4099000096321106,0.4059999883174896,0.4059999883174896,5382,0.0,0.0
2022-12-23 12:30:00-05:00,0.40610000491142273,0.4302000105381012,0.40610000491142273,0.4302000105381012,54704,0.0,0.0
2022-12-23 13:30:00-05:00,0.4300999939441681,0.4302000105381012,0.4300999939441681,0.4302000105381012,9791,0.0,0.0
2022-12-23 14:30:00-05:00,0.4300999939441681,0.4302000105381012,0.4299030005931854,0.4300999939441681,16957,0.0,0.0
2022-12-23 15:30:00-05:00,0.4300999939441681,0.4309999942779541,0.4300999939441681,0.4302000105381012,25881,0.0,0.0
2022-12-27 09:30:00-05:00,0.4487999975681305,0.4599989950656891,0.43470001220703125,0.45489999651908875,6286,0.0,0.0
2022-12-27 10:30:00-05:00,0.4335010051727295,0.4335010051727295,0.4334999918937683,0.4334999918937683,1399,0.0,0.0
2022-12-27 11:30:00-05:00,0.4335010051727295,0.4418010115623474,0.4334000051021576,0.4401000142097473,4189,0.0,0.0
2022-12-27 13:30:00-05:00,0.44999998807907104,0.44999998807907104,0.4399999976158142,0.4402480125427246,1326,0.0,0.0
2022-12-27 14:30:00-05:00,0.44932299852371216,0.44932299852371216,0.4320000112056732,0.4320000112056732,3118,0.0,0.0
2022-12-27 15:30:00-05:00,0.4449999928474426,0.4449999928474426,0.43309998512268066,0.43309998512268066,10243,0.0,0.0
2022-12-28 09:30:00-05:00,0.4099999964237213,0.4449999928474426,0.4099999964237213,0.4099999964237213,18132,0.0,0.0
2022-12-28 11:30:00-05:00,0.42500001192092896,0.4300000071525574,0.42500001192092896,0.42980000376701355,9821,0.0,0.0
2022-12-28 12:30:00-05:00,0.42980000376701355,0.42980000376701355,0.42500001192092896,0.4250999987125397,10181,0.0,0.0
2022-12-28 13:30:00-05:00,0.42500001192092896,0.4262000024318695,0.4099999964237213,0.4101000130176544,15427,0.0,0.0
2022-12-28 14:30:00-05:00,0.4193989932537079,0.42100000381469727,0.4000000059604645,0.4000000059604645,46752,0.0,0.0
2022-12-28 15:30:00-05:00,0.4002000093460083,0.4002000093460083,0.4002000093460083,0.4002000093460083,278,0.0,0.0
2022-12-29 09:30:00-05:00,0.4000000059604645,0.4000000059604645,0.3700000047683716,0.3700000047683716,58268,0.0,0.0
2022-12-29 10:30:00-05:00,0.3825010061264038,0.3944000005722046,0.3749000132083893,0.375,128294,0.0,0.0
2022-12-29 11:30:00-05:00,0.375,0.4000000059604645,0.3749000132083893,0.39500001072883606,16903,0.0,0.0
2022-12-29 12:30:00-05:00,0.39989998936653137,0.4399999976158142,0.390500009059906,0.4300000071525574,58613,0.0,0.0
2022-12-29 13:30:00-05:00,0.4398989975452423,0.4399999976158142,0.41999998688697815,0.4399000108242035,9732,0.0,0.0
2022-12-29 14:30:00-05:00,0.421099990606308,0.421099990606308,0.421099990606308,0.421099990606308,1450,0.0,0.0
2022-12-29 15:30:00-05:00,0.43150100111961365,0.4399999976158142,0.43150100111961365,0.4399999976158142,6525,0.0,0.0
2022-12-30 09:30:00-05:00,0.43619999289512634,0.4448989927768707,0.41999998688697815,0.4341999888420105,9500,0.0,0.0
2022-12-30 10:30:00-05:00,0.437050998210907,0.437050998210907,0.42100000381469727,0.42100000381469727,511,0.0,0.0
2022-12-30 11:30:00-05:00,0.4398989975452423,0.4398989975452423,0.4398989975452423,0.4398989975452423,4008,0.0,0.0
2022-12-30 12:30:00-05:00,0.4300000071525574,0.4449999928474426,0.42977800965309143,0.4449000060558319,6840,0.0,0.0
2022-12-30 13:30:00-05:00,0.4449999928474426,0.4449999928474426,0.4449000060558319,0.4449000060558319,11635,0.0,0.0
2022-12-30 14:30:00-05:00,0.4449000060558319,0.4449999928474426,0.4449000060558319,0.4449999928474426,3767,0.0,0.0
2022-12-30 15:30:00-05:00,0.4449999928474426,0.45989999175071716,0.4449999928474426,0.45989999175071716,7475,0.0,0.0
2023-01-03 09:30:00-05:00,0.4699999988079071,0.4699999988079071,0.45899999141693115,0.46810001134872437,17314,0.0,0.0
2023-01-03 10:30:00-05:00,0.46799999475479126,0.4699999988079071,0.46799999475479126,0.4699999988079071,3136,0.0,0.0
2023-01-03 11:30:00-05:00,0.46000000834465027,0.4699999988079071,0.46000000834465027,0.4699999988079071,1641,0.0,0.0
2023-01-03 12:30:00-05:00,0.4526999890804291,0.4699999988079071,0.451200008392334,0.451200008392334,3897,0.0,0.0
2023-01-03 13:30:00-05:00,0.4537999927997589,0.4537999927997589,0.43309998512268066,0.43309998512268066,7091,0.0,0.0
2023-01-03 14:30:00-05:00,0.4311000108718872,0.4697999954223633,0.4311000108718872,0.4697999954223633,588,0.0,0.0
2023-01-03 15:30:00-05:00,0.46799901127815247,0.46799999475479126,0.46799901127815247,0.46799999475479126,0,0.0,0.0
2023-01-04 09:30:00-05:00,0.4699999988079071,0.4699999988079071,0.4699999988079071,0.4699999988079071,445,0.0,0.0
2023-01-04 10:30:00-05:00,0.4490489959716797,0.46799999475479126,0.4490489959716797,0.46799999475479126,1280,0.0,0.0
2023-01-04 11:30:00-05:00,0.4381999969482422,0.46790000796318054,0.43720000982284546,0.46790000796318054,2271,0.0,0.0
2023-01-04 12:30:00-05:00,0.4668999910354614,0.46700000762939453,0.4668999910354614,0.46700000762939453,2047,0.0,0.0
2023-01-04 13:30:00-05:00,0.4622499942779541,0.4622499942779541,0.45989999175071716,0.45989999175071716,2220,0.0,0.0
2023-01-04 14:30:00-05:00,0.45899999141693115,0.4690000116825104,0.45730000734329224,0.45730000734329224,3127,0.0,0.0
2023-01-04 15:30:00-05:00,0.45739999413490295,0.45739999413490295,0.45730000734329224,0.45730000734329224,3145,0.0,0.0
2023-01-05 09:30:00-05:00,0.48989900946617126,0.48989900946617126,0.4399999976158142,0.46230000257492065,19772,0.0,0.0
2023-01-05 10:30:00-05:00,0.46230000257492065,0.46230000257492065,0.46000000834465027,0.46000000834465027,449,0.0,0.0
2023-01-05 11:30:00-05:00,0.46880000829696655,0.4699999988079071,0.45010000467300415,0.4699999988079071,13789,0.0,0.0
2023-01-05 12:30:00-05:00,0.46000000834465027,0.48989900946617126,0.46000000834465027,0.4749999940395355,8384,0.0,0.0
2023-01-05 13:30:00-05:00,0.4749999940395355,0.47999998927116394,0.4650000035762787,0.47999998927116394,13011,0.0,0.0
2023-01-05 14:30:00-05:00,0.4880000054836273,0.4885999858379364,0.4699000120162964,0.4699000120162964,3078,0.0,0.0
2023-01-05 15:30:00-05:00,0.4699999988079071,0.4699999988079071,0.46880000829696655,0.46880000829696655,0,0.0,0.0
2023-01-06 09:30:00-05:00,0.44999998807907104,0.4699989855289459,0.44999998807907104,0.4699000120162964,1722,0.0,0.0
2023-01-06 10:30:00-05:00,0.46000000834465027,0.4699999988079071,0.46000000834465027,0.46799999475479126,2635,0.0,0.0
2023-01-06 11:30:00-05:00,0.46168801188468933,0.46799999475479126,0.46168801188468933,0.46799999475479126,4969,0.0,0.0
2023-01-06 13:30:00-05:00,0.46800100803375244,0.4699999988079071,0.46799999475479126,0.4699999988079071,4060,0.0,0.0
2023-01-06 14:30:00-05:00,0.4699000120162964,0.47999998927116394,0.4690999984741211,0.4690999984741211,10325,0.0,0.0
2023-01-06 15:30:00-05:00,0.4699999988079071,0.4699999988079071,0.4675000011920929,0.4675999879837036,2020,0.0,0.0
2023-01-09 09:30:00-05:00,0.4699999988079071,0.47999998927116394,0.4691999852657318,0.4747610092163086,21058,0.0,0.0
2023-01-09 10:30:00-05:00,0.4742000102996826,0.48500001430511475,0.47290000319480896,0.48260000348091125,20610,0.0,0.0
2023-01-09 11:30:00-05:00,0.48260000348091125,0.4948999881744385,0.47999998927116394,0.47999998927116394,31420,0.0,0.0
2023-01-09 12:30:00-05:00,0.4948999881744385,0.4950000047683716,0.47999998927116394,0.4948999881744385,4045,0.0,0.0
2023-01-09 13:30:00-05:00,0.4950000047683716,0.5,0.4814999997615814,0.4814999997615814,21348,0.0,0.0
2023-01-09 14:30:00-05:00,0.4900999963283539,0.5,0.4805999994277954,0.4805999994277954,1355,0.0,0.0
2023-01-09 15:30:00-05:00,0.4999000132083893,0.5,0.4925000071525574,0.498199999332428,0,0.0,0.0
2023-01-10 09:30:00-05:00,0.5,0.5,0.4953500032424927,0.49540001153945923,6949,0.0,0.0
2023-01-10 10:30:00-05:00,0.49868500232696533,0.5,0.49868500232696533,0.5,1581,0.0,0.0
2023-01-10 11:30:00-05:00,0.4999000132083893,0.5,0.49869999289512634,0.5,2585,0.0,0.0
2023-01-10 12:30:00-05:00,0.4999000132083893,0.5299000144004822,0.4999000132083893,0.5200999975204468,39937,0.0,0.0
2023-01-10 13:30:00-05:00,0.5200999975204468,0.5299999713897705,0.5200999975204468,0.5202999711036682,4500,0.0,0.0
2023-01-10 14:30:00-05:00,0.5203999876976013,0.5299000144004822,0.5202999711036682,0.5206999778747559,4178,0.0,0.0
2023-01-10 15:30:00-05:00,0.5200999975204468,0.5250999927520752,0.5199999809265137,0.5199999809265137,20749,0.0,0.0
2023-01-11 09:30:00-05:00,0.5282999873161316,0.5400000214576721,0.5123010277748108,0.5260999798774719,7940,0.0,0.0
2023-01-11 11:30:00-05:00,0.5260000228881836,0.5396999716758728,0.5123010277748108,0.5123010277748108,2366,0.0,0.0
2023-01-11 12:30:00-05:00,0.5252490043640137,0.539900004863739,0.5252490043640137,0.5397999882698059,16563,0.0,0.0
2023-01-11 13:30:00-05:00,0.531499981880188,0.5349500179290771,0.4959000051021576,0.5206999778747559,12284,0.0,0.0
2023-01-11 14:30:00-05:00,0.5397999882698059,0.539900004863739,0.5202999711036682,0.5300999879837036,11745,0.0,0.0
2023-01-11 15:30:00-05:00,0.531499981880188,0.5350000262260437,0.5299999713897705,0.5350000262260437,5856,0.0,0.0
2023-01-12 09:30:00-05:00,0.5400000214576721,0.5450000166893005,0.5242999792098999,0.5450000166893005,6989,0.0,0.0
2023-01-12 10:30:00-05:00,0.5273000001907349,0.5299999713897705,0.5273000001907349,0.5289999842643738,1460,0.0,0.0
2023-01-12 11:30:00-05:00,0.5245010256767273,0.5245010256767273,0.5245010256767273,0.5245010256767273,1526,0.0,0.0
2023-01-12 12:30:00-05:00,0.544700026512146,0.5447999835014343,0.5374000072479248,0.5374000072479248,1409,0.0,0.0
2023-01-12 13:30:00-05:00,0.5320000052452087,0.5374500155448914,0.5300999879837036,0.5300999879837036,5784,0.0,0.0
2023-01-12 14:30:00-05:00,0.531000018119812,0.531000018119812,0.531000018119812,0.531000018119812,2638,0.0,0.0
2023-01-12 15:30:00-05:00,0.5378999710083008,0.5422000288963318,0.5242999792098999,0.5244010090827942,0,0.0,0.0
2023-01-13 09:30:00-05:00,0.550000011920929,0.550000011920929,0.5245000123977661,0.5497000217437744,17378,0.0,0.0
2023-01-13 10:30:00-05:00,0.5496000051498413,0.5496000051498413,0.5244010090827942,0.5370000004768372,871,0.0,0.0
2023-01-13 11:30:00-05:00,0.5260000228881836,0.5331100225448608,0.5260000228881836,0.5261009931564331,3164,0.0,0.0
2023-01-13 12:30:00-05:00,0.537850022315979,0.5480999946594238,0.537850022315979,0.5480999946594238,639,0.0,0.0
2023-01-13 14:30:00-05:00,0.5389999747276306,0.5467000007629395,0.5389999747276306,0.5400500297546387,1539,0.0,0.0
2023-01-13 15:30:00-05:00,0.5304999947547913,0.5351999998092651,0.5304999947547913,0.5307379961013794,8231,0.0,0.0
2023-01-17 09:30:00-05:00,0.5400000214576721,0.5497000217437744,0.5301010012626648,0.5495989918708801,36059,0.0,0.0
2023-01-17 10:30:00-05:00,0.5301010012626648,0.5496000051498413,0.5301010012626648,0.5496000051498413,3200,0.0,0.0
2023-01-17 11:30:00-05:00,0.546500027179718,0.546500027179718,0.546500027179718,0.546500027179718,108,0.0,0.0
2023-01-17 12:30:00-05:00,0.5338000059127808,0.5338000059127808,0.5299999713897705,0.5299999713897705,303,0.0,0.0
2023-01-17 14:30:00-05:00,0.5353080034255981,0.5465999841690063,0.5242999792098999,0.5450000166893005,16096,0.0,0.0
2023-01-17 15:30:00-05:00,0.5426999926567078,0.5449000000953674,0.5315999984741211,0.5449000000953674,0,0.0,0.0
2023-01-18 09:30:00-05:00,0.550000011920929,0.550000011920929,0.544950008392334,0.5497030019760132,2996,0.0,0.0
2023-01-18 10:30:00-05:00,0.54830002784729,0.54830002784729,0.5400999784469604,0.5400999784469604,955,0.0,0.0
2023-01-18 11:30:00-05:00,0.5476999878883362,0.5478000044822693,0.534500002861023,0.534500002861023,2007,0.0,0.0
2023-01-18 12:30:00-05:00,0.5475999712944031,0.5476999878883362,0.5475999712944031,0.5476999878883362,1368,0.0,0.0
2023-01-18 13:30:00-05:00,0.5474990010261536,0.5474990010261536,0.5474990010261536,0.5474990010261536,130,0.0,0.0
2023-01-18 14:30:00-05:00,0.5400000214576721,0.5400000214576721,0.5400000214576721,0.5400000214576721,1564,0.0,0.0
2023-01-18 15:30:00-05:00,0.5396000146865845,0.5396000146865845,0.5317000150680542,0.5396000146865845,1231,0.0,0.0
2023-01-19 09:30:00-05:00,0.5315999984741211,0.5315999984741211,0.5315999984741211,0.5315999984741211,17404,0.0,0.0
2023-01-19 11:30:00-05:00,0.5396029949188232,0.5396029949188232,0.5199999809265137,0.5199999809265137,712,0.0,0.0
2023-01-19 12:30:00-05:00,0.5249999761581421,0.5249999761581421,0.5249999761581421,0.5249999761581421,300,0.0,0.0
2023-01-19 13:30:00-05:00,0.5101000070571899,0.5101000070571899,0.5101000070571899,0.5101000070571899,546,0.0,0.0
2023-01-19 14:30:00-05:00,0.5099999904632568,0.5099999904632568,0.4900999963283539,0.5,3460,0.0,0.0
2023-01-19 15:30:00-05:00,0.5,0.5,0.5,0.5,0,0.0,0.0
2023-01-20 09:30:00-05:00,0.5005999803543091,0.5249999761581421,0.5005000233650208,0.5249990224838257,8893,0.0,0.0
2023-01-20 11:30:00-05:00,0.5249999761581421,0.5249999761581421,0.5249999761581421,0.5249999761581421,2706,0.0,0.0
2023-01-20 12:30:00-05:00,0.5297999978065491,0.5297999978065491,0.5199999809265137,0.5199999809265137,2500,0.0,0.0
2023-01-20 13:30:00-05:00,0.5199999809265137,0.5249999761581421,0.5199999809265137,0.5249999761581421,4101,0.0,0.0
2023-01-20 14:30:00-05:00,0.5249999761581421,0.5288000106811523,0.5199999809265137,0.5284990072250366,5957,0.0,0.0
2023-01-20 15:30:00-05:00,0.5242999792098999,0.5242999792098999,0.5199999809265137,0.5236999988555908,1832,0.0,0.0
2023-01-23 09:30:00-05:00,0.5299999713897705,0.5394999980926514,0.5299999713897705,0.5394999980926514,5942,0.0,0.0
2023-01-23 10:30:00-05:00,0.5350000262260437,0.5393999814987183,0.5347499847412109,0.5347499847412109,1025,0.0,0.0
2023-01-23 12:30:00-05:00,0.5299999713897705,0.5347999930381775,0.5299999713897705,0.5347999930381775,280,0.0,0.0
2023-01-23 14:30:00-05:00,0.5299999713897705,0.5349000096321106,0.5299999713897705,0.5349000096321106,1665,0.0,0.0
2023-01-23 15:30:00-05:00,0.5299999713897705,0.5299999713897705,0.5299999713897705,0.5299999713897705,0,0.0,0.0
2023-01-24 09:30:00-05:00,0.5302000045776367,0.5396000146865845,0.5302000045776367,0.5377259850502014,1169,0.0,0.0
2023-01-24 10:30:00-05:00,0.5396000146865845,0.5396000146865845,0.5396000146865845,0.5396000146865845,1144,0.0,0.0
2023-01-24 11:30:00-05:00,0.5347999930381775,0.5347999930381775,0.5347999930381775,0.5347999930381775,172,0.0,0.0
2023-01-24 12:30:00-05:00,0.5347999930381775,0.5347999930381775,0.5347999930381775,0.5347999930381775,282,0.0,0.0
2023-01-24 14:30:00-05:00,0.5350000262260437,0.5350000262260437,0.5350000262260437,0.5350000262260437,403,0.0,0.0
2023-01-24 15:30:00-05:00,0.5349000096321106,0.5349000096321106,0.5349000096321106,0.5349000096321106,0,0.0,0.0
2023-01-25 09:30:00-05:00,0.5347999930381775,0.5349000096321106,0.5324490070343018,0.5347989797592163,1566,0.0,0.0
2023-01-25 10:30:00-05:00,0.5349000096321106,0.5349000096321106,0.5349000096321106,0.5349000096321106,168,0.0,0.0
2023-01-25 11:30:00-05:00,0.5300009846687317,0.5339999794960022,0.5299999713897705,0.5299999713897705,2554,0.0,0.0
2023-01-25 12:30:00-05:00,0.5299999713897705,0.5324500203132629,0.5299999713897705,0.5324500203132629,2909,0.0,0.0
2023-01-25 13:30:00-05:00,0.5346999764442444,0.5347999930381775,0.5319600105285645,0.5320000052452087,3107,0.0,0.0
2023-01-25 14:30:00-05:00,0.5320000052452087,0.5346999764442444,0.5302000045776367,0.5346999764442444,4346,0.0,0.0
2023-01-25 15:30:00-05:00,0.5320000052452087,0.5400000214576721,0.5320000052452087,0.53329998254776,5358,0.0,0.0
2023-01-26 09:30:00-05:00,0.5299999713897705,0.5498999953269958,0.5299999713897705,0.5384989976882935,5156,0.0,0.0
2023-01-26 10:30:00-05:00,0.5299999713897705,0.5299999713897705,0.5299999713897705,0.5299999713897705,2008,0.0,0.0
2023-01-26 13:30:00-05:00,0.5396999716758728,0.5396999716758728,0.5396999716758728,0.5396999716758728,192,0.0,0.0
2023-01-26 14:30:00-05:00,0.5479999780654907,0.5494999885559082,0.5299999713897705,0.5299999713897705,0,0.0,0.0
2023-01-27 09:30:00-05:00,0.5494999885559082,0.5494999885559082,0.5099999904632568,0.5099999904632568,11811,0.0,0.0
2023-01-27 10:30:00-05:00,0.5354999899864197,0.5354999899864197,0.5101010203361511,0.5101010203361511,490,0.0,0.0
2023-01-27 11:30:00-05:00,0.5494999885559082,0.5494999885559082,0.5400000214576721,0.5400000214576721,5153,0.0,0.0
2023-01-27 12:30:00-05:00,0.5400000214576721,0.5404999852180481,0.5400000214576721,0.5404999852180481,5288,0.0,0.0
2023-01-27 13:30:00-05:00,0.5407009720802307,0.5407009720802307,0.5407009720802307,0.5407009720802307,1285,0.0,0.0
2023-01-27 14:30:00-05:00,0.5408999919891357,0.5429999828338623,0.5408999919891357,0.5429999828338623,202,0.0,0.0
2023-01-27 15:30:00-05:00,0.5460000038146973,0.5494999885559082,0.5400999784469604,0.5494999885559082,1426,0.0,0.0
2023-01-30 09:30:00-05:00,0.5600000023841858,0.6000000238418579,0.5400000214576721,0.5899999737739563,49324,0.0,0.0
2023-01-30 10:30:00-05:00,0.5799000263214111,0.5899999737739563,0.5701000094413757,0.5864999890327454,18308,0.0,0.0
2023-01-30 11:30:00-05:00,0.5802000164985657,0.5920000076293945,0.5802000164985657,0.5821999907493591,24995,0.0,0.0
2023-01-30 12:30:00-05:00,0.5849000215530396,0.5899999737739563,0.5823000073432922,0.5889999866485596,6002,0.0,0.0
2023-01-30 13:30:00-05:00,0.5899999737739563,0.7498999834060669,0.5896000266075134,0.704800009727478,195116,0.0,0.0
2023-01-30 14:30:00-05:00,0.699999988079071,0.7200000286102295,0.625,0.6549999713897705,188021,0.0,0.0
2023-01-30 15:30:00-05:00,0.6499999761581421,0.7398999929428101,0.6499999761581421,0.7247999906539917,111560,0.0,0.0
2023-01-31 09:30:00-05:00,0.6600000262260437,0.6998999714851379,0.6000000238418579,0.6998999714851379,132586,0.0,0.0
2023-01-31 10:30:00-05:00,0.6998999714851379,0.6998999714851379,0.6800000071525574,0.6840000152587891,49932,0.0,0.0
2023-01-31 11:30:00-05:00,0.6851000189781189,0.699999988079071,0.6800000071525574,0.6991009712219238,14317,0.0,0.0
2023-01-31 12:30:00-05:00,0.6949999928474426,0.6949999928474426,0.6021000146865845,0.6021999716758728,8753,0.0,0.0
2023-01-31 13:30:00-05:00,0.6525009870529175,0.6614999771118164,0.6299999952316284,0.6589999794960022,5758,0.0,0.0
2023-01-31 14:30:00-05:00,0.6549999713897705,0.6549999713897705,0.640051007270813,0.6503000259399414,5154,0.0,0.0
2023-01-31 15:30:00-05:00,0.6527000069618225,0.6549999713897705,0.6252999901771545,0.6252999901771545,18569,0.0,0.0
2023-02-01 09:30:00-05:00,0.6499999761581421,0.7023429870605469,0.625,0.6281999945640564,12893,0.0,0.0
2023-02-01 10:30:00-05:00,0.6499999761581421,0.6499999761581421,0.6425510048866272,0.6425510048866272,1384,0.0,0.0
2023-02-01 11:30:00-05:00,0.6499000191688538,0.6499000191688538,0.6499000191688538,0.6499000191688538,300,0.0,0.0
2023-02-01 12:30:00-05:00,0.6494989991188049,0.6645749807357788,0.6494989991188049,0.6645749807357788,5951,0.0,0.0
2023-02-01 13:30:00-05:00,0.6600000262260437,0.6600000262260437,0.6600000262260437,0.6600000262260437,258,0.0,0.0
2023-02-01 14:30:00-05:00,0.6930000185966492,0.6930000185966492,0.670009970664978,0.670009970664978,2743,0.0,0.0
2023-02-01 15:30:00-05:00,0.6700000166893005,0.708499014377594,0.6499999761581421,0.6848989725112915,16279,0.0,0.0
2023-02-02 09:30:00-05:00,0.6899999976158142,0.7199900150299072,0.660099983215332,0.660099983215332,11793,0.0,0.0
2023-02-02 10:30:00-05:00,0.6642000079154968,0.6938999891281128,0.660099983215332,0.660099983215332,5667,0.0,0.0
2023-02-02 11:30:00-05:00,0.6998000144958496,0.6998000144958496,0.6997990012168884,0.6997990012168884,574,0.0,0.0
2023-02-02 12:30:00-05:00,0.6798999905586243,0.6798999905586243,0.6798999905586243,0.6798999905586243,1538,0.0,0.0
2023-02-02 13:30:00-05:00,0.6799499988555908,0.6799499988555908,0.6799499988555908,0.6799499988555908,457,0.0,0.0
2023-02-02 14:30:00-05:00,0.660099983215332,0.6800000071525574,0.660099983215332,0.660099983215332,1934,0.0,0.0
2023-02-02 15:30:00-05:00,0.6610000133514404,0.6610000133514404,0.6610000133514404,0.6610000133514404,0,0.0,0.0
2023-02-03 09:30:00-05:00,0.6800000071525574,0.7052000164985657,0.660099983215332,0.6998990178108215,2723,0.0,0.0
2023-02-03 10:30:00-05:00,0.6601009964942932,0.6998999714851379,0.660099983215332,0.660099983215332,14410,0.0,0.0
2023-02-03 11:30:00-05:00,0.6998000144958496,0.6998000144958496,0.6998000144958496,0.6998000144958496,430,0.0,0.0
2023-02-03 12:30:00-05:00,0.6991000175476074,0.6991000175476074,0.6991000175476074,0.6991000175476074,100,0.0,0.0
2023-02-03 13:30:00-05:00,0.6700000166893005,0.6990000009536743,0.6700000166893005,0.6987990140914917,5547,0.0,0.0
2023-02-03 14:30:00-05:00,0.6978989839553833,0.6978989839553833,0.6759999990463257,0.6771010160446167,2610,0.0,0.0
2023-02-03 15:30:00-05:00,0.6800000071525574,0.6985999941825867,0.6800000071525574,0.6985999941825867,11001,0.0,0.0
2023-02-06 09:30:00-05:00,0.699999988079071,0.699999988079071,0.6499999761581421,0.6650000214576721,18887,0.0,0.0
2023-02-06 10:30:00-05:00,0.6678490042686462,0.6678490042686462,0.5101000070571899,0.6200000047683716,50333,0.0,0.0
2023-02-06 11:30:00-05:00,0.5849990248680115,0.5849990248680115,0.5849990248680115,0.5849990248680115,1208,0.0,0.0
2023-02-06 12:30:00-05:00,0.5999000072479248,0.6482959985733032,0.5874999761581421,0.5999000072479248,7658,0.0,0.0
2023-02-06 13:30:00-05:00,0.5955209732055664,0.6000000238418579,0.5849999785423279,0.5950999855995178,20795,0.0,0.0
2023-02-06 14:30:00-05:00,0.6000000238418579,0.6985999941825867,0.5997999906539917,0.6985999941825867,44571,0.0,0.0
2023-02-06 15:30:00-05:00,0.6884999871253967,0.699999988079071,0.6884999871253967,0.699999988079071,24621,0.0,0.0
2023-02-07 09:30:00-05:00,0.6121000051498413,0.6998999714851379,0.6121000051498413,0.6825000047683716,22660,0.0,0.0
2023-02-07 10:30:00-05:00,0.669950008392334,0.6899999976158142,0.669950008392334,0.6800000071525574,3194,0.0,0.0
2023-02-07 11:30:00-05:00,0.6800000071525574,0.6874499917030334,0.6800000071525574,0.6850000023841858,12813,0.0,0.0
2023-02-07 12:30:00-05:00,0.6898990273475647,0.6898990273475647,0.6850000023841858,0.6897990107536316,4542,0.0,0.0
2023-02-07 13:30:00-05:00,0.6699000000953674,0.6700000166893005,0.6575000286102295,0.6700000166893005,956,0.0,0.0
2023-02-07 14:30:00-05:00,0.660099983215332,0.6748999953269958,0.660099983215332,0.6748999953269958,6511,0.0,0.0
2023-02-07 15:30:00-05:00,0.677299976348877,0.6780999898910522,0.6743999719619751,0.6743999719619751,0,0.0,0.0
2023-02-08 09:30:00-05:00,0.6600000262260437,0.6899999976158142,0.6600000262260437,0.6751999855041504,24929,0.0,0.0
2023-02-08 10:30:00-05:00,0.6700000166893005,0.689998984336853,0.660099983215332,0.675000011920929,8565,0.0,0.0
2023-02-08 11:30:00-05:00,0.6888999938964844,0.6890000104904175,0.6608999967575073,0.6890000104904175,4210,0.0,0.0
2023-02-08 12:30:00-05:00,0.6700000166893005,0.6800000071525574,0.6600000262260437,0.6600000262260437,6126,0.0,0.0
2023-02-08 13:30:00-05:00,0.6798989772796631,0.6801000237464905,0.6600000262260437,0.6600000262260437,16086,0.0,0.0
2023-02-08 14:30:00-05:00,0.6800000071525574,0.6800000071525574,0.6800000071525574,0.6800000071525574,2269,0.0,0.0
2023-02-08 15:30:00-05:00,0.6600000262260437,0.673799991607666,0.6600000262260437,0.6736999750137329,0,0.0,0.0
2023-02-09 09:30:00-05:00,0.6600000262260437,0.6798989772796631,0.6600000262260437,0.6725000143051147,3610,0.0,0.0
2023-02-09 10:30:00-05:00,0.6650999784469604,0.6800000071525574,0.6650999784469604,0.6750010251998901,16138,0.0,0.0
2023-02-09 11:30:00-05:00,0.6703000068664551,0.6703000068664551,0.660099983215332,0.6700000166893005,21624,0.0,0.0
2023-02-09 13:30:00-05:00,0.670009970664978,0.6700999736785889,0.6700000166893005,0.6700000166893005,2568,0.0,0.0
2023-02-09 14:30:00-05:00,0.6796010136604309,0.6841999888420105,0.6794999837875366,0.6794999837875366,962,0.0,0.0
2023-02-09 15:30:00-05:00,0.6888999938964844,0.6888999938964844,0.6700000166893005,0.6700000166893005,0,0.0,0.0
2023-02-10 09:30:00-05:00,0.6800000071525574,0.6899999976158142,0.6750010251998901,0.6750010251998901,16430,0.0,0.0
2023-02-10 10:30:00-05:00,0.6898000240325928,0.6898000240325928,0.6898000240325928,0.6898000240325928,536,0.0,0.0
2023-02-10 11:30:00-05:00,0.6896989941596985,0.6896989941596985,0.6751000285148621,0.6772199869155884,2837,0.0,0.0
2023-02-10 12:30:00-05:00,0.6899999976158142,0.6899999976158142,0.6837999820709229,0.6837999820709229,4264,0.0,0.0
2023-02-10 13:30:00-05:00,0.6800010204315186,0.6801009774208069,0.6800010204315186,0.6801009774208069,3873,0.0,0.0
2023-02-10 14:30:00-05:00,0.6897990107536316,0.6899999976158142,0.6825500130653381,0.6899999976158142,2584,0.0,0.0
2023-02-10 15:30:00-05:00,0.6898999810218811,0.6898999810218811,0.6751000285148621,0.6751000285148621,832,0.0,0.0
2023-02-13 09:30:00-05:00,0.699999988079071,0.699999988079071,0.6751000285148621,0.6947000026702881,8772,0.0,0.0
2023-02-13 10:30:00-05:00,0.6836000084877014,0.6836000084877014,0.6728000044822693,0.6728000044822693,311,0.0,0.0
2023-02-13 11:30:00-05:00,0.6899999976158142,0.6899999976158142,0.6899999976158142,0.6899999976158142,331,0.0,0.0
2023-02-13 12:30:00-05:00,0.6899999976158142,0.6899999976158142,0.6899999976158142,0.6899999976158142,3845,0.0,0.0
2023-02-13 13:30:00-05:00,0.6850000023841858,0.6958000063896179,0.6825000047683716,0.6926270127296448,8679,0.0,0.0
2023-02-13 14:30:00-05:00,0.6899999976158142,0.699999988079071,0.6894999742507935,0.6894999742507935,10257,0.0,0.0
2023-02-13 15:30:00-05:00,0.6899999976158142,0.6899999976158142,0.6894999742507935,0.6898999810218811,900,0.0,0.0
2023-02-14 09:30:00-05:00,0.699999988079071,0.699999988079071,0.6800000071525574,0.6969000101089478,1478,0.0,0.0
2023-02-14 10:30:00-05:00,0.6818000078201294,0.6819000244140625,0.6818000078201294,0.6819000244140625,1419,0.0,0.0
2023-02-14 12:30:00-05:00,0.6700000166893005,0.6754999756813049,0.6500999927520752,0.6533409953117371,13921,0.0,0.0
2023-02-14 14:30:00-05:00,0.6532999873161316,0.6808990240097046,0.6532999873161316,0.6808990240097046,784,0.0,0.0
2023-02-14 15:30:00-05:00,0.6536999940872192,0.6797999739646912,0.6536999940872192,0.6797999739646912,885,0.0,0.0
2023-02-15 09:30:00-05:00,0.6600000262260437,0.670199990272522,0.6499999761581421,0.6700999736785889,5491,0.0,0.0
2023-02-15 11:30:00-05:00,0.660099983215332,0.660099983215332,0.660099983215332,0.660099983215332,191,0.0,0.0
2023-02-15 12:30:00-05:00,0.6700000166893005,0.6700999736785889,0.6700000166893005,0.6700999736785889,2498,0.0,0.0
2023-02-15 13:30:00-05:00,0.6500999927520752,0.6503000259399414,0.6500999927520752,0.6503000259399414,2030,0.0,0.0
2023-02-15 14:30:00-05:00,0.6679999828338623,0.6679999828338623,0.6679999828338623,0.6679999828338623,145,0.0,0.0
2023-02-15 15:30:00-05:00,0.676800012588501,0.6773999929428101,0.6740999817848206,0.6773999929428101,0,0.0,0.0
2023-02-16 09:30:00-05:00,0.6800000071525574,0.6800000071525574,0.6590999960899353,0.6590999960899353,1519,0.0,0.0
2023-02-16 10:30:00-05:00,0.6800000071525574,0.6800000071525574,0.6579999923706055,0.6581000089645386,7134,0.0,0.0
2023-02-16 11:30:00-05:00,0.6798999905586243,0.6798999905586243,0.6798999905586243,0.6798999905586243,305,0.0,0.0
2023-02-16 12:30:00-05:00,0.6798999905586243,0.6800000071525574,0.6700000166893005,0.6751000285148621,5933,0.0,0.0
2023-02-16 13:30:00-05:00,0.6800000071525574,0.6800000071525574,0.6798999905586243,0.6798999905586243,2782,0.0,0.0
2023-02-16 14:30:00-05:00,0.6798999905586243,0.6798999905586243,0.6712999939918518,0.6712999939918518,1769,0.0,0.0
2023-02-16 15:30:00-05:00,0.6729999780654907,0.6798999905586243,0.6700000166893005,0.6711000204086304,0,0.0,0.0
2023-02-17 09:30:00-05:00,0.6600000262260437,0.6723610162734985,0.6600000262260437,0.6723610162734985,2733,0.0,0.0
2023-02-17 12:30:00-05:00,0.6798989772796631,0.6798999905586243,0.6600000262260437,0.6600000262260437,2177,0.0,0.0
2023-02-17 13:30:00-05:00,0.660099983215332,0.660099983215332,0.660099983215332,0.660099983215332,1944,0.0,0.0
2023-02-17 14:30:00-05:00,0.6800000071525574,0.6800000071525574,0.6600009799003601,0.6600009799003601,6075,0.0,0.0
2023-02-21 09:30:00-05:00,0.6499999761581421,0.6685000061988831,0.6499999761581421,0.6685000061988831,4638,0.0,0.0
2023-02-21 10:30:00-05:00,0.6700999736785889,0.6700999736785889,0.6700999736785889,0.6700999736785889,938,0.0,0.0
2023-02-21 11:30:00-05:00,0.6869000196456909,0.6869000196456909,0.6499999761581421,0.6518509984016418,6583,0.0,0.0
2023-02-21 12:30:00-05:00,0.6518999934196472,0.6518999934196472,0.6518999934196472,0.6518999934196472,846,0.0,0.0
2023-02-21 13:30:00-05:00,0.6499999761581421,0.6499999761581421,0.6399999856948853,0.6399999856948853,4095,0.0,0.0
2023-02-21 14:30:00-05:00,0.6202999949455261,0.6589000225067139,0.6202999949455261,0.6299999952316284,2064,0.0,0.0
2023-02-21 15:30:00-05:00,0.6299999952316284,0.6299999952316284,0.6299999952316284,0.6299999952316284,856,0.0,0.0
2023-02-22 09:30:00-05:00,0.6499999761581421,0.6499999761581421,0.6499999761581421,0.6499999761581421,5875,0.0,0.0
2023-02-22 10:30:00-05:00,0.6799989938735962,0.6799989938735962,0.6799989938735962,0.6799989938735962,1671,0.0,0.0
2023-02-22 12:30:00-05:00,0.6600000262260437,0.6699990034103394,0.6600000262260437,0.6698989868164062,1644,0.0,0.0
2023-02-22 14:30:00-05:00,0.6499999761581421,0.6499999761581421,0.6200000047683716,0.6200000047683716,10206,0.0,0.0
2023-02-22 15:30:00-05:00,0.5928999781608582,0.6164000034332275,0.5763000249862671,0.597000002861023,61271,0.0,0.0
2023-02-23 09:30:00-05:00,0.5799999833106995,0.6208000183105469,0.5303000211715698,0.6100000143051147,11763,0.0,0.0
2023-02-23 10:30:00-05:00,0.6100000143051147,0.6100000143051147,0.5998989939689636,0.5999990105628967,2321,0.0,0.0
2023-02-23 11:30:00-05:00,0.5899999737739563,0.5999000072479248,0.5899999737739563,0.5937190055847168,10764,0.0,0.0
2023-02-23 13:30:00-05:00,0.6098989844322205,0.6098999977111816,0.6098989844322205,0.6098999977111816,978,0.0,0.0
2023-02-23 14:30:00-05:00,0.609000027179718,0.6098999977111816,0.5802000164985657,0.598800003528595,21961,0.0,0.0
2023-02-23 15:30:00-05:00,0.5875999927520752,0.5875999927520752,0.5875999927520752,0.5875999927520752,0,0.0,0.0
2023-02-24 09:30:00-05:00,0.5400000214576721,0.6169000267982483,0.5400000214576721,0.5787490010261536,1081,0.0,0.0
2023-02-24 10:30:00-05:00,0.5893999934196472,0.6000000238418579,0.5893999934196472,0.6000000238418579,1208,0.0,0.0
2023-02-24 12:30:00-05:00,0.5899999737739563,0.6033999919891357,0.5899999737739563,0.6033999919891357,2454,0.0,0.0
2023-02-24 15:30:00-05:00,0.5900999903678894,0.5900999903678894,0.5900999903678894,0.5900999903678894,1694,0.0,0.0
2023-02-27 09:30:00-05:00,0.5600000023841858,0.5966989994049072,0.5600000023841858,0.5601000189781189,16659,0.0,0.0
2023-02-27 10:30:00-05:00,0.588100016117096,0.588100016117096,0.588100016117096,0.588100016117096,105,0.0,0.0
2023-02-27 11:30:00-05:00,0.5620999932289124,0.5620999932289124,0.5620999932289124,0.5620999932289124,203,0.0,0.0
2023-02-27 12:30:00-05:00,0.5902000069618225,0.6000000238418579,0.5637009739875793,0.6000000238418579,2312,0.0,0.0
2023-02-27 13:30:00-05:00,0.564100980758667,0.5819990038871765,0.564100980758667,0.5819990038871765,1307,0.0,0.0
2023-02-27 14:30:00-05:00,0.5699999928474426,0.5699999928474426,0.5600000023841858,0.5670999884605408,1607,0.0,0.0
2023-02-27 15:30:00-05:00,0.5600000023841858,0.5600000023841858,0.5339999794960022,0.5339999794960022,491,0.0,0.0
2023-02-28 09:30:00-05:00,0.5400000214576721,0.5838990211486816,0.5299999713897705,0.5838990211486816,3159,0.0,0.0
2023-02-28 10:30:00-05:00,0.5582500100135803,0.5839999914169312,0.5465149879455566,0.5465149879455566,5851,0.0,0.0
2023-02-28 11:30:00-05:00,0.5799999833106995,0.5799999833106995,0.57989901304245,0.57989901304245,342,0.0,0.0
2023-02-28 12:30:00-05:00,0.57989901304245,0.5799999833106995,0.5421000123023987,0.5519999861717224,11479,0.0,0.0
2023-02-28 13:30:00-05:00,0.578000009059906,0.5799999833106995,0.578000009059906,0.5799999833106995,6513,0.0,0.0
2023-02-28 14:30:00-05:00,0.5809999704360962,0.5809999704360962,0.5799999833106995,0.5799999833106995,2075,0.0,0.0
2023-03-01 09:30:00-05:00,0.6100000143051147,0.6100000143051147,0.5709999799728394,0.5799999833106995,11480,0.0,0.0
2023-03-01 10:30:00-05:00,0.5881010293960571,0.6098999977111816,0.5809999704360962,0.5809999704360962,4862,0.0,0.0
2023-03-01 11:30:00-05:00,0.5726000070571899,0.5830000042915344,0.5709999799728394,0.5730000138282776,6693,0.0,0.0
2023-03-01 12:30:00-05:00,0.5730000138282776,0.5730000138282776,0.5730000138282776,0.5730000138282776,120,0.0,0.0
2023-03-01 13:30:00-05:00,0.5730000138282776,0.5815010070800781,0.5730000138282776,0.5815010070800781,403,0.0,0.0
2023-03-01 14:30:00-05:00,0.589900016784668,0.589900016784668,0.5460000038146973,0.5501000285148621,42011,0.0,0.0
2023-03-01 15:30:00-05:00,0.5600000023841858,0.5600000023841858,0.5600000023841858,0.5600000023841858,1549,0.0,0.0
2023-03-02 09:30:00-05:00,0.5879999995231628,0.5998989939689636,0.5600000023841858,0.5809999704360962,2301,0.0,0.0
2023-03-02 10:30:00-05:00,0.5649999976158142,0.5649999976158142,0.5649999976158142,0.5649999976158142,890,0.0,0.0
2023-03-02 12:30:00-05:00,0.5999000072479248,0.5999000072479248,0.5620999932289124,0.5799999833106995,1662,0.0,0.0
2023-03-02 14:30:00-05:00,0.5999000072479248,0.5999000072479248,0.5799999833106995,0.5834000110626221,20704,0.0,0.0
2023-03-02 15:30:00-05:00,0.5669999718666077,0.5999000072479248,0.5669999718666077,0.5998989939689636,1702,0.0,0.0
2023-03-03 09:30:00-05:00,0.6000000238418579,0.6000000238418579,0.5612000226974487,0.5687999725341797,0,0.0,0.0
2023-03-03 10:30:00-05:00,0.5688999891281128,0.5688999891281128,0.5688999891281128,0.5688999891281128,1118,0.0,0.0
2023-03-03 11:30:00-05:00,0.5688999891281128,0.5688999891281128,0.5688999891281128,0.5688999891281128,751,0.0,0.0
2023-03-03 12:30:00-05:00,0.5649999976158142,0.5674999952316284,0.5512999892234802,0.5514000058174133,4888,0.0,0.0
2023-03-03 13:30:00-05:00,0.5512999892234802,0.5608999729156494,0.5512999892234802,0.560699999332428,2324,0.0,0.0
2023-03-03 14:30:00-05:00,0.560899019241333,0.5679000020027161,0.5555009841918945,0.5611000061035156,11146,0.0,0.0
2023-03-03 15:30:00-05:00,0.5612009763717651,0.5612009763717651,0.5611000061035156,0.5611000061035156,2285,0.0,0.0
2023-03-06 09:30:00-05:00,0.5600000023841858,0.589900016784668,0.5600000023841858,0.5737000107765198,3128,0.0,0.0
2023-03-06 10:30:00-05:00,0.5699999928474426,0.5899999737739563,0.5602999925613403,0.5899999737739563,7006,0.0,0.0
2023-03-06 11:30:00-05:00,0.589900016784668,0.589900016784668,0.5602999925613403,0.5604000091552734,16153,0.0,0.0
2023-03-06 12:30:00-05:00,0.5612999796867371,0.574150025844574,0.5600000023841858,0.5600000023841858,4094,0.0,0.0
2023-03-06 13:30:00-05:00,0.5400999784469604,0.5400999784469604,0.5400999784469604,0.5400999784469604,268,0.0,0.0
2023-03-06 14:30:00-05:00,0.5404999852180481,0.5601999759674072,0.5404999852180481,0.5600000023841858,2690,0.0,0.0
2023-03-06 15:30:00-05:00,0.5404999852180481,0.5404999852180481,0.5404999852180481,0.5404999852180481,314,0.0,0.0
2023-03-07 09:30:00-05:00,0.5899999737739563,0.5899999737739563,0.5577499866485596,0.5698999762535095,7688,0.0,0.0
2023-03-07 10:30:00-05:00,0.5577999949455261,0.5899999737739563,0.550000011920929,0.5899999737739563,5675,0.0,0.0
2023-03-07 11:30:00-05:00,0.5899999737739563,0.5999000072479248,0.5800999999046326,0.5899999737739563,4275,0.0,0.0
2023-03-07 12:30:00-05:00,0.6000000238418579,0.6000000238418579,0.5799999833106995,0.5899999737739563,5250,0.0,0.0
2023-03-07 13:30:00-05:00,0.5899999737739563,0.5899999737739563,0.5799999833106995,0.5799999833106995,1792,0.0,0.0
2023-03-07 14:30:00-05:00,0.5799999833106995,0.5820000171661377,0.5799999833106995,0.5799999833106995,2010,0.0,0.0
2023-03-07 15:30:00-05:00,0.5999000072479248,0.5999000072479248,0.5947999954223633,0.5947999954223633,0,0.0,0.0
2023-03-08 09:30:00-05:00,0.5899999737739563,0.5899999737739563,0.5845999717712402,0.5845999717712402,3190,0.0,0.0
2023-03-08 10:30:00-05:00,0.5799999833106995,0.5804010033607483,0.5720000267028809,0.5720000267028809,21231,0.0,0.0
2023-03-08 11:30:00-05:00,0.5720999836921692,0.5720999836921692,0.5720999836921692,0.5720999836921692,435,0.0,0.0
2023-03-08 12:30:00-05:00,0.604898989200592,0.604898989200592,0.604898989200592,0.604898989200592,165,0.0,0.0
2023-03-08 13:30:00-05:00,0.6050000190734863,0.6050000190734863,0.574999988079071,0.6050000190734863,2273,0.0,0.0
2023-03-08 14:30:00-05:00,0.6050000190734863,0.6050000190734863,0.6047000288963318,0.6047000288963318,1942,0.0,0.0
2023-03-08 15:30:00-05:00,0.5799999833106995,0.5799999833106995,0.5799999833106995,0.5799999833106995,0,0.0,0.0
2023-03-09 09:30:00-05:00,0.5629000067710876,0.5629000067710876,0.5629000067710876,0.5629000067710876,422,0.0,0.0
2023-03-09 10:30:00-05:00,0.5879999995231628,0.5940009951591492,0.5864999890327454,0.5864999890327454,7187,0.0,0.0
2023-03-09 11:30:00-05:00,0.5799999833106995,0.589900016784668,0.574999988079071,0.589900016784668,1910,0.0,0.0
2023-03-09 12:30:00-05:00,0.5748999714851379,0.5748999714851379,0.5648990273475647,0.5648990273475647,2132,0.0,0.0
2023-03-09 13:30:00-05:00,0.5648999810218811,0.5648999810218811,0.5509999990463257,0.5648990273475647,758,0.0,0.0
2023-03-09 14:30:00-05:00,0.5550000071525574,0.5575000047683716,0.5422999858856201,0.5475000143051147,14236,0.0,0.0
2023-03-09 15:30:00-05:00,0.5422999858856201,0.545799970626831,0.5422999858856201,0.545799970626831,597,0.0,0.0
2023-03-10 09:30:00-05:00,0.5450000166893005,0.550000011920929,0.5297999978065491,0.5300999879837036,18893,0.0,0.0
2023-03-10 10:30:00-05:00,0.539900004863739,0.539900004863739,0.5299999713897705,0.5299999713897705,1901,0.0,0.0
2023-03-10 11:30:00-05:00,0.5299999713897705,0.5301010012626648,0.5299999713897705,0.5301010012626648,4110,0.0,0.0
2023-03-10 12:30:00-05:00,0.5299999713897705,0.5300999879837036,0.5199999809265137,0.5199999809265137,7655,0.0,0.0
2023-03-10 13:30:00-05:00,0.5101000070571899,0.5274999737739563,0.5101000070571899,0.5213000178337097,7450,0.0,0.0
2023-03-10 14:30:00-05:00,0.5259000062942505,0.5259000062942505,0.5259000062942505,0.5259000062942505,467,0.0,0.0
2023-03-10 15:30:00-05:00,0.5249000191688538,0.5331000089645386,0.492000013589859,0.5249000191688538,18090,0.0,0.0
2023-03-13 09:30:00-04:00,0.5008000135421753,0.5199999809265137,0.4900999963283539,0.4900999963283539,4969,0.0,0.0
2023-03-13 10:30:00-04:00,0.5,0.5,0.49390000104904175,0.49410000443458557,16190,0.0,0.0
2023-03-13 11:30:00-04:00,0.49399998784065247,0.5,0.49399998784065247,0.5,19412,0.0,0.0
2023-03-13 12:30:00-04:00,0.5,0.5,0.4950999915599823,0.4950999915599823,1287,0.0,0.0
2023-03-13 13:30:00-04:00,0.5,0.5,0.49900001287460327,0.4999000132083893,22824,0.0,0.0
2023-03-13 14:30:00-04:00,0.5,0.5,0.4950000047683716,0.4950000047683716,0,0.0,0.0
2023-03-14 09:30:00-04:00,0.491100013256073,0.49799999594688416,0.47110000252723694,0.49799999594688416,24387,0.0,0.0
2023-03-14 10:30:00-04:00,0.48774901032447815,0.48774901032447815,0.48774901032447815,0.48774901032447815,186,0.0,0.0
2023-03-14 11:30:00-04:00,0.49799999594688416,0.49799999594688416,0.49285000562667847,0.49285000562667847,8339,0.0,0.0
2023-03-14 12:30:00-04:00,0.48570001125335693,0.492900013923645,0.4814999997615814,0.49285000562667847,13447,0.0,0.0
2023-03-14 13:30:00-04:00,0.48570001125335693,0.4999000132083893,0.4837999939918518,0.4999000132083893,10108,0.0,0.0
2023-03-14 14:30:00-04:00,0.5099999904632568,0.5099999904632568,0.47999998927116394,0.47999998927116394,3297,0.0,0.0
2023-03-14 15:30:00-04:00,0.4749999940395355,0.5051000118255615,0.4731000065803528,0.5,19204,0.0,0.0
2023-03-15 09:30:00-04:00,0.4650000035762787,0.49799999594688416,0.460999995470047,0.49799999594688416,8939,0.0,0.0
2023-03-15 10:30:00-04:00,0.4699999988079071,0.48989999294281006,0.4699999988079071,0.48989999294281006,2012,0.0,0.0
2023-03-15 11:30:00-04:00,0.47999998927116394,0.49000000953674316,0.4699999988079071,0.4699999988079071,6143,0.0,0.0
2023-03-15 12:30:00-04:00,0.4699999988079071,0.4699999988079071,0.46000000834465027,0.46000000834465027,19068,0.0,0.0
2023-03-15 13:30:00-04:00,0.46799999475479126,0.48089900612831116,0.460099995136261,0.48089900612831116,54999,0.0,0.0
2023-03-15 14:30:00-04:00,0.4699999988079071,0.4702000021934509,0.4699999988079071,0.4702000021934509,2504,0.0,0.0
2023-03-15 15:30:00-04:00,0.47029998898506165,0.47029998898506165,0.4699999988079071,0.4699999988079071,1732,0.0,0.0
2023-03-16 09:30:00-04:00,0.4830000102519989,0.4830000102519989,0.4719499945640564,0.47989898920059204,0,0.0,0.0
2023-03-16 10:30:00-04:00,0.47989898920059204,0.47999998927116394,0.47989898920059204,0.47999900579452515,1463,0.0,0.0
2023-03-16 11:30:00-04:00,0.47989898920059204,0.47989898920059204,0.4699999988079071,0.4699999988079071,3768,0.0,0.0
2023-03-16 12:30:00-04:00,0.47510001063346863,0.47522300481796265,0.4749999940395355,0.4749999940395355,6011,0.0,0.0
2023-03-16 13:30:00-04:00,0.4799000024795532,0.4830000102519989,0.4799000024795532,0.4830000102519989,10039,0.0,0.0
2023-03-16 14:30:00-04:00,0.48500001430511475,0.48989999294281006,0.48260000348091125,0.484948992729187,3858,0.0,0.0
2023-03-17 09:30:00-04:00,0.49000000953674316,0.5178989768028259,0.4699999988079071,0.5178989768028259,5754,0.0,0.0
2023-03-17 10:30:00-04:00,0.5159000158309937,0.5159000158309937,0.4880000054836273,0.4889509975910187,3277,0.0,0.0
2023-03-17 11:30:00-04:00,0.48899999260902405,0.48899999260902405,0.4779999852180481,0.48339998722076416,6861,0.0,0.0
2023-03-17 12:30:00-04:00,0.4790000021457672,0.4790000021457672,0.4699999988079071,0.4699999988079071,9127,0.0,0.0
2023-03-17 13:30:00-04:00,0.47040000557899475,0.47811898589134216,0.47040000557899475,0.47811898589134216,1683,0.0,0.0
2023-03-20 09:30:00-04:00,0.44999998807907104,0.4779999852180481,0.44999998807907104,0.4519999921321869,10810,0.0,0.0
2023-03-20 10:30:00-04:00,0.46000000834465027,0.4699000120162964,0.44999998807907104,0.4505000114440918,7481,0.0,0.0
2023-03-20 11:30:00-04:00,0.44040000438690186,0.46779999136924744,0.4399999976158142,0.46779999136924744,13190,0.0,0.0
2023-03-20 12:30:00-04:00,0.4399999976158142,0.45010000467300415,0.4399999976158142,0.45010000467300415,488,0.0,0.0
2023-03-20 13:30:00-04:00,0.45010000467300415,0.4577000141143799,0.4088999927043915,0.43849998712539673,8194,0.0,0.0
2023-03-20 14:30:00-04:00,0.42347800731658936,0.44009900093078613,0.42347800731658936,0.4300999939441681,3975,0.0,0.0
2023-03-20 15:30:00-04:00,0.42500001192092896,0.42989999055862427,0.42500001192092896,0.427700012922287,2810,0.0,0.0
2023-03-21 09:30:00-04:00,0.4301010072231293,0.4301010072231293,0.4301010072231293,0.4301010072231293,486,0.0,0.0
2023-03-21 10:30:00-04:00,0.44999998807907104,0.47999998927116394,0.44999998807907104,0.46000000834465027,10549,0.0,0.0
2023-03-21 11:30:00-04:00,0.47589999437332153,0.47589999437332153,0.44999998807907104,0.44999998807907104,10467,0.0,0.0
2023-03-21 12:30:00-04:00,0.44999998807907104,0.45730000734329224,0.44999998807907104,0.45730000734329224,2558,0.0,0.0
2023-03-21 13:30:00-04:00,0.44999998807907104,0.45010098814964294,0.44999998807907104,0.45010000467300415,1632,0.0,0.0
2023-03-21 14:30:00-04:00,0.4580000042915344,0.45989999175071716,0.4580000042915344,0.45989999175071716,2194,0.0,0.0
2023-03-21 15:30:00-04:00,0.45809999108314514,0.46000000834465027,0.45010098814964294,0.45980000495910645,4323,0.0,0.0
2023-03-22 09:30:00-04:00,0.4724999964237213,0.4731000065803528,0.4724999964237213,0.4731000065803528,1156,0.0,0.0
2023-03-22 10:30:00-04:00,0.4190010130405426,0.4569999873638153,0.41600000858306885,0.41999998688697815,28011,0.0,0.0
2023-03-22 11:30:00-04:00,0.4399999976158142,0.4499000012874603,0.4399999976158142,0.4499000012874603,3987,0.0,0.0
2023-03-22 12:30:00-04:00,0.4399000108242035,0.4399000108242035,0.4300999939441681,0.4305900037288666,2845,0.0,0.0
2023-03-22 13:30:00-04:00,0.4300999939441681,0.4399000108242035,0.41999998688697815,0.42010000348091125,6529,0.0,0.0
2023-03-22 14:30:00-04:00,0.42500001192092896,0.42500001192092896,0.41999998688697815,0.42250001430511475,8793,0.0,0.0
2023-03-22 15:30:00-04:00,0.4174000024795532,0.4187000095844269,0.40310001373291016,0.40310001373291016,16790,0.0,0.0
2023-03-23 09:30:00-04:00,0.4099999964237213,0.4189999997615814,0.4099999964237213,0.4101000130176544,10122,0.0,0.0
2023-03-23 10:30:00-04:00,0.4120999872684479,0.4300000071525574,0.4120999872684479,0.4300000071525574,299,0.0,0.0
2023-03-23 11:30:00-04:00,0.42989999055862427,0.4300000071525574,0.41999998688697815,0.41999998688697815,1672,0.0,0.0
2023-03-23 12:30:00-04:00,0.4298990070819855,0.4300000071525574,0.4298990070819855,0.4300000071525574,786,0.0,0.0
2023-03-23 13:30:00-04:00,0.41499999165534973,0.41999998688697815,0.41499999165534973,0.41499999165534973,11817,0.0,0.0
2023-03-23 14:30:00-04:00,0.41999998688697815,0.4299989938735962,0.41510000824928284,0.4299989938735962,8097,0.0,0.0
2023-03-23 15:30:00-04:00,0.4300000071525574,0.4696120023727417,0.4299669861793518,0.45730000734329224,0,0.0,0.0
2023-03-24 10:30:00-04:00,0.43950000405311584,0.44999998807907104,0.43050000071525574,0.44999998807907104,4671,0.0,0.0
2023-03-24 11:30:00-04:00,0.4424990117549896,0.44999998807907104,0.4424990117549896,0.44999998807907104,2847,0.0,0.0
2023-03-24 12:30:00-04:00,0.44999998807907104,0.4700010120868683,0.44999998807907104,0.4700010120868683,6489,0.0,0.0
2023-03-24 13:30:00-04:00,0.46000000834465027,0.47999998927116394,0.45899999141693115,0.4717020094394684,15508,0.0,0.0
2023-03-24 14:30:00-04:00,0.46000000834465027,0.46000000834465027,0.4399999976158142,0.4451009929180145,9775,0.0,0.0
2023-03-24 15:30:00-04:00,0.4449999928474426,0.44589999318122864,0.4359999895095825,0.4359999895095825,11305,0.0,0.0
2023-03-27 09:30:00-04:00,0.4300000071525574,0.49889999628067017,0.41499999165534973,0.4399999976158142,10586,0.0,0.0
2023-03-27 10:30:00-04:00,0.4401009976863861,0.4410000145435333,0.4399999976158142,0.4410000145435333,5107,0.0,0.0
2023-03-27 11:30:00-04:00,0.46050000190734863,0.46050000190734863,0.4399999976158142,0.4401000142097473,2217,0.0,0.0
2023-03-27 13:30:00-04:00,0.47999998927116394,0.47999998927116394,0.4799000024795532,0.4799000024795532,3312,0.0,0.0
2023-03-27 15:30:00-04:00,0.47989898920059204,0.4799000024795532,0.47989898920059204,0.4799000024795532,0,0.0,0.0
2023-03-28 09:30:00-04:00,0.4767000079154968,0.4767000079154968,0.4726000130176544,0.4726000130176544,2768,0.0,0.0
2023-03-28 10:30:00-04:00,0.4221000075340271,0.44999998807907104,0.4221000075340271,0.44999998807907104,3576,0.0,0.0
2023-03-28 11:30:00-04:00,0.45010000467300415,0.45010000467300415,0.44999998807907104,0.44999998807907104,748,0.0,0.0
2023-03-28 12:30:00-04:00,0.44999998807907104,0.44999998807907104,0.44999998807907104,0.44999998807907104,539,0.0,0.0
2023-03-28 14:30:00-04:00,0.4650000035762787,0.47200000286102295,0.4650000035762787,0.47200000286102295,0,0.0,0.0
2023-03-29 09:30:00-04:00,0.5098999738693237,0.5099999904632568,0.5,0.5,9478,0.0,0.0
2023-03-29 10:30:00-04:00,0.4998989999294281,0.5049999952316284,0.4909990131855011,0.5049999952316284,6616,0.0,0.0
2023-03-29 11:30:00-04:00,0.4950000047683716,0.5049009919166565,0.4950000047683716,0.5040000081062317,2617,0.0,0.0
2023-03-29 12:30:00-04:00,0.4925999939441681,0.5049999952316284,0.4925999939441681,0.4926010072231293,2736,0.0,0.0
2023-03-29 13:30:00-04:00,0.5049999952316284,0.5049999952316284,0.4925000071525574,0.5049999952316284,5685,0.0,0.0
2023-03-29 14:30:00-04:00,0.5048999786376953,0.5049999952316284,0.5048990249633789,0.5049999952316284,3521,0.0,0.0
2023-03-29 15:30:00-04:00,0.4925000071525574,0.4925000071525574,0.4925000071525574,0.4925000071525574,732,0.0,0.0
2023-03-30 09:30:00-04:00,0.47999998927116394,0.5199000239372253,0.47999998927116394,0.5001000165939331,4902,0.0,0.0
2023-03-30 10:30:00-04:00,0.504800021648407,0.504800021648407,0.5001000165939331,0.5001000165939331,672,0.0,0.0
2023-03-30 12:30:00-04:00,0.5001000165939331,0.5001999735832214,0.5,0.5,3161,0.0,0.0
2023-03-30 13:30:00-04:00,0.5,0.5001000165939331,0.49000000953674316,0.5,14245,0.0,0.0
2023-03-30 14:30:00-04:00,0.4975000023841858,0.4975000023841858,0.4975000023841858,0.4975000023841858,106,0.0,0.0
2023-03-30 15:30:00-04:00,0.49410000443458557,0.49959999322891235,0.49399998784065247,0.49410000443458557,2921,0.0,0.0
2023-03-31 09:30:00-04:00,0.5,0.5178999900817871,0.45399999618530273,0.5,0,0.0,0.0
2023-03-31 10:30:00-04:00,0.48500001430511475,0.5,0.48500001430511475,0.5,880,0.0,0.0
2023-03-31 12:30:00-04:00,0.5,0.5,0.48500001430511475,0.4999000132083893,8654,0.0,0.0
2023-03-31 13:30:00-04:00,0.4999000132083893,0.4999000132083893,0.4999000132083893,0.4999000132083893,233,0.0,0.0
2023-03-31 14:30:00-04:00,0.4999000132083893,0.4999000132083893,0.4999000132083893,0.4999000132083893,625,0.0,0.0
2023-03-31 15:30:00-04:00,0.4999000132083893,0.5120000243186951,0.46209999918937683,0.46209999918937683,1280,0.0,0.0
2023-04-03 09:30:00-04:00,0.4699999988079071,0.5080000162124634,0.4699999988079071,0.5001000165939331,36448,0.0,0.0
2023-04-03 10:30:00-04:00,0.5079990029335022,0.5080000162124634,0.5051000118255615,0.5051000118255615,1436,0.0,0.0
2023-04-03 11:30:00-04:00,0.5075989961624146,0.5075989961624146,0.5,0.502498984336853,3018,0.0,0.0
2023-04-03 12:30:00-04:00,0.5049999952316284,0.5080000162124634,0.5049999952316284,0.5080000162124634,1692,0.0,0.0
2023-04-03 13:30:00-04:00,0.5077000260353088,0.5080000162124634,0.5077000260353088,0.5079990029335022,17054,0.0,0.0
2023-04-03 14:30:00-04:00,0.5079990029335022,0.5079990029335022,0.49400100111961365,0.5078999996185303,3661,0.0,0.0
2023-04-03 15:30:00-04:00,0.5077999830245972,0.5077999830245972,0.5076000094413757,0.5076000094413757,0,0.0,0.0
2023-04-04 09:30:00-04:00,0.5199999809265137,0.5253000259399414,0.5199999809265137,0.5199999809265137,17838,0.0,0.0
2023-04-04 11:30:00-04:00,0.5178999900817871,0.5178999900817871,0.5178989768028259,0.5178989768028259,619,0.0,0.0
2023-04-04 12:30:00-04:00,0.5178999900817871,0.5199999809265137,0.5178999900817871,0.5199999809265137,1610,0.0,0.0
2023-04-04 14:30:00-04:00,0.5216000080108643,0.5216000080108643,0.5101000070571899,0.5101000070571899,2060,0.0,0.0
2023-04-04 15:30:00-04:00,0.5149999856948853,0.5149999856948853,0.5099999904632568,0.5149999856948853,0,0.0,0.0
2023-04-05 09:30:00-04:00,0.5199000239372253,0.5199900269508362,0.5000010132789612,0.5199900269508362,2792,0.0,0.0
2023-04-05 10:30:00-04:00,0.5199999809265137,0.5468000173568726,0.5199999809265137,0.5466989874839783,3828,0.0,0.0
2023-04-05 11:30:00-04:00,0.5400000214576721,0.5400000214576721,0.5400000214576721,0.5400000214576721,3401,0.0,0.0
2023-04-05 12:30:00-04:00,0.5400000214576721,0.5400000214576721,0.5400000214576721,0.5400000214576721,324,0.0,0.0
2023-04-05 13:30:00-04:00,0.5199999809265137,0.539900004863739,0.5199999809265137,0.5300999879837036,5535,0.0,0.0
2023-04-05 14:30:00-04:00,0.5301010012626648,0.5301010012626648,0.5301010012626648,0.5301010012626648,848,0.0,0.0
2023-04-05 15:30:00-04:00,0.5350000262260437,0.5350000262260437,0.5350000262260437,0.5350000262260437,0,0.0,0.0
2023-04-06 09:30:00-04:00,0.5,0.5443999767303467,0.5,0.505299985408783,5421,0.0,0.0
2023-04-06 10:30:00-04:00,0.5019999742507935,0.5332000255584717,0.5019999742507935,0.5166509747505188,1483,0.0,0.0
2023-04-06 11:30:00-04:00,0.5166000127792358,0.5230000019073486,0.5,0.5001000165939331,7755,0.0,0.0
2023-04-06 12:30:00-04:00,0.5051000118255615,0.5149999856948853,0.5051000118255615,0.5149999856948853,928,0.0,0.0
2023-04-06 14:30:00-04:00,0.5099999904632568,0.5099999904632568,0.5099999904632568,0.5099999904632568,996,0.0,0.0
2023-04-06 15:30:00-04:00,0.5151000022888184,0.5222259759902954,0.5149999856948853,0.5222259759902954,1459,0.0,0.0
2023-04-10 09:30:00-04:00,0.5199999809265137,0.5397989749908447,0.5199999809265137,0.5299999713897705,1991,0.0,0.0
2023-04-10 10:30:00-04:00,0.5398989915847778,0.5398989915847778,0.5299999713897705,0.5299999713897705,746,0.0,0.0
2023-04-10 11:30:00-04:00,0.5313000082969666,0.5313000082969666,0.5313000082969666,0.5313000082969666,280,0.0,0.0
2023-04-10 12:30:00-04:00,0.531499981880188,0.5393999814987183,0.531499981880188,0.5393999814987183,1200,0.0,0.0
2023-04-10 13:30:00-04:00,0.5342000126838684,0.5342000126838684,0.5299999713897705,0.5299999713897705,724,0.0,0.0
2023-04-10 14:30:00-04:00,0.5392069816589355,0.5400000214576721,0.5392069816589355,0.5400000214576721,3636,0.0,0.0
2023-04-10 15:30:00-04:00,0.5699999928474426,0.5699999928474426,0.5699999928474426,0.5699999928474426,0,0.0,0.0
2023-04-11 09:30:00-04:00,0.5544000267982483,0.5544000267982483,0.5400000214576721,0.5400000214576721,12454,0.0,0.0
2023-04-11 10:30:00-04:00,0.5400000214576721,0.5659999847412109,0.5396999716758728,0.5659999847412109,9551,0.0,0.0
2023-04-11 11:30:00-04:00,0.550000011920929,0.550000011920929,0.550000011920929,0.550000011920929,569,0.0,0.0
2023-04-11 14:30:00-04:00,0.5321009755134583,0.5378999710083008,0.5299999713897705,0.5299999713897705,24825,0.0,0.0
2023-04-11 15:30:00-04:00,0.5299999713897705,0.5299999713897705,0.5299999713897705,0.5299999713897705,0,0.0,0.0
2023-04-12 09:30:00-04:00,0.5299999713897705,0.6098989844322205,0.5299999713897705,0.5400000214576721,11928,0.0,0.0
2023-04-12 10:30:00-04:00,0.5320000052452087,0.5400000214576721,0.5101000070571899,0.5400000214576721,5434,0.0,0.0
2023-04-12 11:30:00-04:00,0.5310009717941284,0.5440000295639038,0.5310009717941284,0.5440000295639038,919,0.0,0.0
2023-04-12 12:30:00-04:00,0.5440000295639038,0.5440000295639038,0.5440000295639038,0.5440000295639038,624,0.0,0.0
2023-04-12 13:30:00-04:00,0.567999005317688,0.567999005317688,0.5400000214576721,0.5400000214576721,542,0.0,0.0
2023-04-12 14:30:00-04:00,0.5400000214576721,0.5400000214576721,0.5400000214576721,0.5400000214576721,0,0.0,0.0
2023-04-13 09:30:00-04:00,0.5249999761581421,0.550000011920929,0.5249999761581421,0.5499989986419678,6389,0.0,0.0
2023-04-13 10:30:00-04:00,0.5498999953269958,0.5498999953269958,0.5498999953269958,0.5498999953269958,909,0.0,0.0
2023-04-13 11:30:00-04:00,0.5374990105628967,0.5375000238418579,0.5374990105628967,0.5375000238418579,3986,0.0,0.0
2023-04-13 12:30:00-04:00,0.5375000238418579,0.5375000238418579,0.5374990105628967,0.5374990105628967,1148,0.0,0.0
2023-04-13 13:30:00-04:00,0.5375000238418579,0.550000011920929,0.5375000238418579,0.550000011920929,1516,0.0,0.0
2023-04-13 14:30:00-04:00,0.5270000100135803,0.5385000109672546,0.5270000100135803,0.5338640213012695,6592,0.0,0.0
2023-04-13 15:30:00-04:00,0.5498999953269958,0.5498999953269958,0.5498999953269958,0.5498999953269958,0,0.0,0.0
2023-04-14 09:30:00-04:00,0.5199999809265137,0.5461000204086304,0.5199999809265137,0.5460000038146973,10207,0.0,0.0
2023-04-14 10:30:00-04:00,0.5439000129699707,0.5440000295639038,0.5034999847412109,0.5440000295639038,5044,0.0,0.0
2023-04-14 11:30:00-04:00,0.5021010041236877,0.5239999890327454,0.5021010041236877,0.5239999890327454,2581,0.0,0.0
2023-04-14 12:30:00-04:00,0.5239999890327454,0.5239999890327454,0.5239999890327454,0.5239999890327454,313,0.0,0.0
2023-04-14 13:30:00-04:00,0.5440000295639038,0.5440000295639038,0.5440000295639038,0.5440000295639038,733,0.0,0.0
2023-04-14 14:30:00-04:00,0.5438989996910095,0.5438989996910095,0.5231000185012817,0.5231000185012817,2805,0.0,0.0
2023-04-14 15:30:00-04:00,0.5022000074386597,0.5273000001907349,0.5022000074386597,0.524399995803833,6359,0.0,0.0
2023-04-17 09:30:00-04:00,0.550000011920929,0.5600000023841858,0.5300999879837036,0.550000011920929,23729,0.0,0.0
2023-04-17 10:30:00-04:00,0.5497999787330627,0.5498999953269958,0.5400000214576721,0.5472000241279602,3207,0.0,0.0
2023-04-17 11:30:00-04:00,0.5450000166893005,0.5600000023841858,0.5450000166893005,0.5501000285148621,13993,0.0,0.0
2023-04-17 12:30:00-04:00,0.5600000023841858,0.5989999771118164,0.5591999888420105,0.5988990068435669,28824,0.0,0.0
2023-04-17 13:30:00-04:00,0.5989999771118164,0.6402000188827515,0.5948759913444519,0.6198999881744385,21927,0.0,0.0
2023-04-17 14:30:00-04:00,0.6248000264167786,0.6448000073432922,0.6000999808311462,0.6001999974250793,17489,0.0,0.0
2023-04-17 15:30:00-04:00,0.6101009845733643,0.6101009845733643,0.6101009845733643,0.6101009845733643,0,0.0,0.0
2023-04-18 09:30:00-04:00,0.6298999786376953,0.6499999761581421,0.6100000143051147,0.6100000143051147,36976,0.0,0.0
2023-04-18 10:30:00-04:00,0.6294000148773193,0.6294000148773193,0.5800009965896606,0.6098999977111816,23860,0.0,0.0
2023-04-18 11:30:00-04:00,0.6000000238418579,0.6098989844322205,0.5799999833106995,0.6098989844322205,6668,0.0,0.0
2023-04-18 12:30:00-04:00,0.6007999777793884,0.6007999777793884,0.5799999833106995,0.5899999737739563,16425,0.0,0.0
2023-04-18 13:30:00-04:00,0.6000009775161743,0.6000009775161743,0.5899999737739563,0.5999000072479248,2677,0.0,0.0
2023-04-18 14:30:00-04:00,0.599498987197876,0.599498987197876,0.550000011920929,0.581250011920929,22308,0.0,0.0
2023-04-18 15:30:00-04:00,0.5949500203132629,0.5949500203132629,0.5575000047683716,0.5577009916305542,0,0.0,0.0
2023-04-19 09:30:00-04:00,0.5856009721755981,0.5879999995231628,0.5600000023841858,0.5601000189781189,10891,0.0,0.0
2023-04-19 10:30:00-04:00,0.5651000142097473,0.5880159735679626,0.5651000142097473,0.5699999928474426,2821,0.0,0.0
2023-04-19 11:30:00-04:00,0.5649999976158142,0.629800021648407,0.5649999976158142,0.6000000238418579,19318,0.0,0.0
2023-04-19 12:30:00-04:00,0.5899999737739563,0.6294999718666077,0.5799999833106995,0.6000000238418579,8912,0.0,0.0
2023-04-19 13:30:00-04:00,0.628600001335144,0.628600001335144,0.5604000091552734,0.6100000143051147,17143,0.0,0.0
2023-04-19 14:30:00-04:00,0.5961999893188477,0.6150000095367432,0.5699999928474426,0.5845999717712402,50638,0.0,0.0
2023-04-19 15:30:00-04:00,0.5989999771118164,0.6000000238418579,0.5748999714851379,0.5748999714851379,0,0.0,0.0
2023-04-20 09:30:00-04:00,0.6600000262260437,0.6700000166893005,0.5799999833106995,0.6119999885559082,294745,0.0,0.0
2023-04-20 10:30:00-04:00,0.6398990154266357,0.6398990154266357,0.6011999845504761,0.6230000257492065,32216,0.0,0.0
2023-04-20 11:30:00-04:00,0.6299999952316284,0.6299999952316284,0.6100000143051147,0.6144000291824341,11101,0.0,0.0
2023-04-20 12:30:00-04:00,0.6262000203132629,0.6299999952316284,0.6101009845733643,0.6101009845733643,22158,0.0,0.0
2023-04-20 13:30:00-04:00,0.6104999780654907,0.6200000047683716,0.6000999808311462,0.6100999712944031,17714,0.0,0.0
2023-04-20 14:30:00-04:00,0.6100000143051147,0.6349999904632568,0.6100000143051147,0.6299999952316284,34065,0.0,0.0
2023-04-20 15:30:00-04:00,0.6301000118255615,0.6672000288963318,0.5799999833106995,0.6399999856948853,0,0.0,0.0
2023-04-21 09:30:00-04:00,0.6399999856948853,0.6600000262260437,0.53329998254776,0.6000999808311462,58133,0.0,0.0
2023-04-21 10:30:00-04:00,0.6000999808311462,0.6216989755630493,0.6000999808311462,0.6004999876022339,13772,0.0,0.0
2023-04-21 11:30:00-04:00,0.6050000190734863,0.6399999856948853,0.6004999876022339,0.6050999760627747,6026,0.0,0.0
2023-04-21 12:30:00-04:00,0.6053000092506409,0.6331999897956848,0.6051999926567078,0.6200000047683716,14198,0.0,0.0
2023-04-21 13:30:00-04:00,0.6126009821891785,0.6126009821891785,0.605400025844574,0.6054999828338623,1883,0.0,0.0
2023-04-21 14:30:00-04:00,0.6096000075340271,0.6200000047683716,0.6051999926567078,0.6200000047683716,10413,0.0,0.0
2023-04-21 15:30:00-04:00,0.6069999933242798,0.6200000047683716,0.6068999767303467,0.6068999767303467,6337,0.0,0.0
2023-04-24 09:30:00-04:00,0.5899999737739563,0.5899999737739563,0.5602999925613403,0.5885000228881836,10447,0.0,0.0
2023-04-24 10:30:00-04:00,0.5884000062942505,0.625,0.5884000062942505,0.6198999881744385,7060,0.0,0.0
2023-04-24 11:30:00-04:00,0.5975000262260437,0.5975000262260437,0.5849999785423279,0.5849999785423279,4366,0.0,0.0
2023-04-24 13:30:00-04:00,0.6100000143051147,0.6100000143051147,0.585099995136261,0.5949990153312683,3401,0.0,0.0
2023-04-24 14:30:00-04:00,0.5849999785423279,0.6000000238418579,0.5724999904632568,0.6000000238418579,0,0.0,0.0
2023-04-25 09:30:00-04:00,0.5699999928474426,0.5999000072479248,0.5649999976158142,0.5999000072479248,0,0.0,0.0
2023-04-25 10:30:00-04:00,0.5999000072479248,0.5999000072479248,0.550000011920929,0.5575000047683716,35561,0.0,0.0
2023-04-25 11:30:00-04:00,0.5523999929428101,0.5759000182151794,0.550000011920929,0.574999988079071,0,0.0,0.0
2023-04-25 12:30:00-04:00,0.5637999773025513,0.5730000138282776,0.5637999773025513,0.5730000138282776,44709,0.0,0.0
2023-04-25 13:30:00-04:00,0.5748999714851379,0.574999988079071,0.5532320141792297,0.5532320141792297,6087,0.0,0.0
2023-04-25 14:30:00-04:00,0.5529999732971191,0.576200008392334,0.5501999855041504,0.5501999855041504,4512,0.0,0.0
2023-04-25 15:30:00-04:00,0.5651000142097473,0.5667999982833862,0.5501999855041504,0.5501999855041504,0,0.0,0.0
2023-04-26 09:30:00-04:00,0.550000011920929,0.5774999856948853,0.5202999711036682,0.5400000214576721,23843,0.0,0.0
2023-04-26 10:30:00-04:00,0.5252000093460083,0.5400000214576721,0.5252000093460083,0.5400000214576721,21178,0.0,0.0
2023-04-26 12:30:00-04:00,0.5400999784469604,0.5699989795684814,0.5400999784469604,0.5699989795684814,4554,0.0,0.0
2023-04-26 13:30:00-04:00,0.5400000214576721,0.5640000104904175,0.5252000093460083,0.5302000045776367,17662,0.0,0.0
2023-04-26 14:30:00-04:00,0.5289999842643738,0.5310410261154175,0.5037999749183655,0.5101000070571899,13619,0.0,0.0
2023-04-26 15:30:00-04:00,0.5291000008583069,0.5291000008583069,0.5,0.5001000165939331,0,0.0,0.0
2023-04-27 09:30:00-04:00,0.5252000093460083,0.5252000093460083,0.49000000953674316,0.490200012922287,15074,0.0,0.0
2023-04-27 10:30:00-04:00,0.490200012922287,0.5049999952316284,0.49000000953674316,0.5012999773025513,16976,0.0,0.0
2023-04-27 11:30:00-04:00,0.4975000023841858,0.4975000023841858,0.4970000088214874,0.49720001220703125,2238,0.0,0.0
2023-04-27 12:30:00-04:00,0.49720001220703125,0.49720099568367004,0.49720001220703125,0.49720001220703125,1102,0.0,0.0
2023-04-27 13:30:00-04:00,0.49729999899864197,0.5,0.49000000953674316,0.4902999997138977,15531,0.0,0.0
2023-04-27 14:30:00-04:00,0.4950000047683716,0.5099999904632568,0.4950000047683716,0.5001000165939331,10405,0.0,0.0
2023-04-27 15:30:00-04:00,0.5049999952316284,0.5050510168075562,0.4902999997138977,0.4903999865055084,0,0.0,0.0
2023-04-28 09:30:00-04:00,0.47609999775886536,0.49799999594688416,0.47200000286102295,0.49799999594688416,26595,0.0,0.0
2023-04-28 10:30:00-04:00,0.47999998927116394,0.4959999918937683,0.47999998927116394,0.4959000051021576,5612,0.0,0.0
2023-04-28 11:30:00-04:00,0.4959999918937683,0.5099999904632568,0.49000000953674316,0.5098999738693237,14821,0.0,0.0
2023-04-28 12:30:00-04:00,0.5,0.5099999904632568,0.5,0.5098000168800354,5220,0.0,0.0
2023-04-28 13:30:00-04:00,0.5098000168800354,0.5149000287055969,0.5,0.5105999708175659,2723,0.0,0.0
2023-04-28 14:30:00-04:00,0.5128999948501587,0.5377500057220459,0.5,0.5,6384,0.0,0.0
2023-04-28 15:30:00-04:00,0.5099999904632568,0.5099999904632568,0.4900999963283539,0.4900999963283539,7499,0.0,0.0
2023-05-01 09:30:00-04:00,0.5099999904632568,0.5396999716758728,0.4999000132083893,0.5,3946,0.0,0.0
2023-05-01 10:30:00-04:00,0.47999998927116394,0.49799999594688416,0.47510001063346863,0.49799999594688416,18070,0.0,0.0
2023-05-01 11:30:00-04:00,0.49799999594688416,0.49799999594688416,0.47519999742507935,0.47519999742507935,455,0.0,0.0
2023-05-01 12:30:00-04:00,0.49799999594688416,0.49799999594688416,0.49000000953674316,0.49000000953674316,1096,0.0,0.0
2023-05-01 13:30:00-04:00,0.48989999294281006,0.48989999294281006,0.4752010107040405,0.4752010107040405,1103,0.0,0.0
2023-05-01 14:30:00-04:00,0.47999998927116394,0.4867880046367645,0.47099998593330383,0.47110000252723694,6852,0.0,0.0
2023-05-01 15:30:00-04:00,0.4754999876022339,0.47999998927116394,0.47099998593330383,0.47099998593330383,9070,0.0,0.0
2023-05-02 09:30:00-04:00,0.45570001006126404,0.4699999988079071,0.45570001006126404,0.4569999873638153,10963,0.0,0.0
2023-05-02 10:30:00-04:00,0.4580000042915344,0.4970000088214874,0.4580000042915344,0.4699999988079071,1917,0.0,0.0
2023-05-02 11:30:00-04:00,0.4699999988079071,0.4700999855995178,0.4580000042915344,0.4580000042915344,444,0.0,0.0
2023-05-02 12:30:00-04:00,0.4551999866962433,0.4578999876976013,0.4551999866962433,0.45649999380111694,5546,0.0,0.0
2023-05-02 13:30:00-04:00,0.4565710127353668,0.45660001039505005,0.45509999990463257,0.45509999990463257,3396,0.0,0.0
2023-05-02 14:30:00-04:00,0.4578999876976013,0.4586830139160156,0.45329999923706055,0.45329999923706055,12537,0.0,0.0
2023-05-02 15:30:00-04:00,0.4620000123977661,0.4620000123977661,0.42010000348091125,0.45100000500679016,11055,0.0,0.0
2023-05-03 09:30:00-04:00,0.41999998688697815,0.49790000915527344,0.41999998688697815,0.4702000021934509,3912,0.0,0.0
2023-05-03 10:30:00-04:00,0.4700999855995178,0.4700999855995178,0.4700999855995178,0.4700999855995178,417,0.0,0.0
2023-05-03 11:30:00-04:00,0.44999998807907104,0.4684999883174896,0.44999998807907104,0.4684999883174896,606,0.0,0.0
2023-05-03 12:30:00-04:00,0.45719999074935913,0.45719999074935913,0.45719999074935913,0.45719999074935913,602,0.0,0.0
2023-05-03 13:30:00-04:00,0.4465000033378601,0.46790000796318054,0.4465000033378601,0.46790000796318054,15607,0.0,0.0
2023-05-03 14:30:00-04:00,0.4481000006198883,0.45794999599456787,0.44029998779296875,0.4449999928474426,33107,0.0,0.0
2023-05-03 15:30:00-04:00,0.42329999804496765,0.4429999887943268,0.42329999804496765,0.44020000100135803,0,0.0,0.0
2023-05-04 09:30:00-04:00,0.42329999804496765,0.4490000009536743,0.42329999804496765,0.4399999976158142,13499,0.0,0.0
2023-05-04 10:30:00-04:00,0.4449999928474426,0.4449999928474426,0.42500001192092896,0.4350000023841858,1663,0.0,0.0
2023-05-04 11:30:00-04:00,0.4449000060558319,0.4449999928474426,0.42500001192092896,0.42500001192092896,7439,0.0,0.0
2023-05-04 12:30:00-04:00,0.42500001192092896,0.4449999928474426,0.42500001192092896,0.42500001192092896,13344,0.0,0.0
2023-05-04 13:30:00-04:00,0.4350000023841858,0.4449000060558319,0.42500001192092896,0.42500001192092896,10497,0.0,0.0
2023-05-04 14:30:00-04:00,0.42754998803138733,0.44189900159835815,0.42754998803138733,0.44189900159835815,752,0.0,0.0
2023-05-04 15:30:00-04:00,0.42500001192092896,0.4335010051727295,0.42329999804496765,0.42500001192092896,11943,0.0,0.0
2023-05-05 09:30:00-04:00,0.4399999976158142,0.44290000200271606,0.4251999855041504,0.44290000200271606,2244,0.0,0.0
2023-05-05 10:30:00-04:00,0.4253009855747223,0.4288260042667389,0.4099999964237213,0.4101000130176544,21673,0.0,0.0
2023-05-05 11:30:00-04:00,0.4480000138282776,0.4480000138282776,0.41200101375579834,0.4325999915599823,4108,0.0,0.0
2023-05-05 12:30:00-04:00,0.4449000060558319,0.4449000060558319,0.41510000824928284,0.4171000123023987,6972,0.0,0.0
2023-05-05 13:30:00-04:00,0.4429999887943268,0.4429999887943268,0.4345000088214874,0.4345000088214874,2748,0.0,0.0
2023-05-05 14:30:00-04:00,0.4261009991168976,0.4302999973297119,0.4261009991168976,0.4302999973297119,12661,0.0,0.0
2023-05-05 15:30:00-04:00,0.41999998688697815,0.41999998688697815,0.4189999997615814,0.4189999997615814,9104,0.0,0.0
2023-05-08 09:30:00-04:00,0.4399999976158142,0.4399999976158142,0.4361000061035156,0.4361000061035156,9706,0.0,0.0
2023-05-08 10:30:00-04:00,0.4361000061035156,0.43619999289512634,0.4359999895095825,0.4359999895095825,3745,0.0,0.0
2023-05-08 11:30:00-04:00,0.43514901399612427,0.43514901399612427,0.4300000071525574,0.4300999939441681,18359,0.0,0.0
2023-05-08 12:30:00-04:00,0.4300000071525574,0.43004998564720154,0.4300000071525574,0.4300000071525574,3203,0.0,0.0
2023-05-08 13:30:00-04:00,0.42899999022483826,0.42899999022483826,0.42010000348091125,0.42010000348091125,0,0.0,0.0
2023-05-08 14:30:00-04:00,0.4246000051498413,0.4269999861717224,0.4246000051498413,0.4269999861717224,46916,0.0,0.0
2023-05-08 15:30:00-04:00,0.43220001459121704,0.43630000948905945,0.4235000014305115,0.42649999260902405,12099,0.0,0.0
2023-05-09 09:30:00-04:00,0.4300000071525574,0.4300000071525574,0.41999998688697815,0.41999998688697815,10451,0.0,0.0
2023-05-09 11:30:00-04:00,0.42500001192092896,0.4325000047683716,0.42500001192092896,0.42500001192092896,553,0.0,0.0
2023-05-09 12:30:00-04:00,0.42750000953674316,0.4334380030632019,0.41999998688697815,0.426800012588501,7006,0.0,0.0
2023-05-09 13:30:00-04:00,0.420199990272522,0.4350999891757965,0.41499999165534973,0.4350999891757965,29710,0.0,0.0
2023-05-09 15:30:00-04:00,0.4300000071525574,0.4359999895095825,0.4300000071525574,0.4359999895095825,401,0.0,0.0
2023-05-10 09:30:00-04:00,0.4359999895095825,0.4399999976158142,0.42500001192092896,0.4300000071525574,7942,0.0,0.0
2023-05-10 10:30:00-04:00,0.4250999987125397,0.43799999356269836,0.41200000047683716,0.43799999356269836,0,0.0,0.0
2023-05-10 11:30:00-04:00,0.42660000920295715,0.42660000920295715,0.4165000021457672,0.4165000021457672,0,0.0,0.0
2023-05-10 12:30:00-04:00,0.4176099896430969,0.42239999771118164,0.4176099896430969,0.42239999771118164,27126,0.0,0.0
2023-05-10 13:30:00-04:00,0.42660000920295715,0.42660000920295715,0.41749998927116394,0.41760000586509705,8222,0.0,0.0
2023-05-10 14:30:00-04:00,0.41999998688697815,0.4359999895095825,0.41749998927116394,0.42500001192092896,22518,0.0,0.0
2023-05-10 15:30:00-04:00,0.42500001192092896,0.42500001192092896,0.42500001192092896,0.42500001192092896,1671,0.0,0.0
2023-05-11 09:30:00-04:00,0.42660000920295715,0.42660000920295715,0.42500001192092896,0.4250999987125397,1922,0.0,0.0
2023-05-11 10:30:00-04:00,0.42500001192092896,0.42500001192092896,0.41999998688697815,0.41999998688697815,5351,0.0,0.0
2023-05-11 11:30:00-04:00,0.41999998688697815,0.42549899220466614,0.41999998688697815,0.41999998688697815,3135,0.0,0.0
2023-05-11 12:30:00-04:00,0.41999998688697815,0.41999998688697815,0.41999998688697815,0.41999998688697815,607,0.0,0.0
2023-05-11 13:30:00-04:00,0.420199990272522,0.420199990272522,0.41999998688697815,0.41999998688697815,573,0.0,0.0
2023-05-11 14:30:00-04:00,0.41999998688697815,0.4207000136375427,0.4169999957084656,0.4169999957084656,2790,0.0,0.0
2023-05-11 15:30:00-04:00,0.4169999957084656,0.4235000014305115,0.40700000524520874,0.41999998688697815,18275,0.0,0.0
2023-05-12 09:30:00-04:00,0.4099999964237213,0.421999990940094,0.4000000059604645,0.4058000147342682,71226,0.0,0.0
2023-05-12 10:30:00-04:00,0.4146000146865845,0.4146000146865845,0.4146000146865845,0.4146000146865845,105,0.0,0.0
2023-05-12 11:30:00-04:00,0.41499999165534973,0.4226999878883362,0.4025000035762787,0.4226999878883362,1525,0.0,0.0
2023-05-12 12:30:00-04:00,0.40700000524520874,0.4099999964237213,0.4025999903678894,0.4099999964237213,7782,0.0,0.0
2023-05-12 14:30:00-04:00,0.40299999713897705,0.40299999713897705,0.40299999713897705,0.40299999713897705,247,0.0,0.0
2023-05-12 15:30:00-04:00,0.4065999984741211,0.4065999984741211,0.4065999984741211,0.4065999984741211,300,0.0,0.0
2023-05-15 09:30:00-04:00,0.5099999904632568,0.5099999904632568,0.44440001249313354,0.47519999742507935,2296089,0.0,0.0
2023-05-15 10:30:00-04:00,0.48100000619888306,0.5400000214576721,0.48100000619888306,0.5163000226020813,486958,0.0,0.0
2023-05-15 11:30:00-04:00,0.5159000158309937,0.5274999737739563,0.5076000094413757,0.5198000073432922,217891,0.0,0.0
2023-05-15 12:30:00-04:00,0.5146999955177307,0.5192999839782715,0.4846999943256378,0.4846999943256378,105051,0.0,0.0
2023-05-15 13:30:00-04:00,0.4846999943256378,0.5170000195503235,0.44999998807907104,0.4653730094432831,153566,0.0,0.0
2023-05-15 14:30:00-04:00,0.46459999680519104,0.4749999940395355,0.4542999863624573,0.4699999988079071,98101,0.0,0.0
2023-05-15 15:30:00-04:00,0.4560000002384186,0.4699999988079071,0.4300999939441681,0.460099995136261,187731,0.0,0.0
2023-05-16 09:30:00-04:00,0.46970000863075256,0.47999900579452515,0.4399999976158142,0.4505000114440918,134092,0.0,0.0
2023-05-16 10:30:00-04:00,0.4410000145435333,0.46000000834465027,0.4410000145435333,0.44859999418258667,6449,0.0,0.0
2023-05-16 11:30:00-04:00,0.443901002407074,0.4629000127315521,0.4438000023365021,0.44999998807907104,4249,0.0,0.0
2023-05-16 12:30:00-04:00,0.44999998807907104,0.4627000093460083,0.4422000050544739,0.4530999958515167,13241,0.0,0.0
2023-05-16 13:30:00-04:00,0.46000000834465027,0.4629650115966797,0.44999998807907104,0.4500010013580322,31800,0.0,0.0
2023-05-16 14:30:00-04:00,0.4625000059604645,0.4627000093460083,0.45010000467300415,0.45010000467300415,12266,0.0,0.0
2023-05-16 15:30:00-04:00,0.4587000012397766,0.45879998803138733,0.45019999146461487,0.4587000012397766,6232,0.0,0.0
2023-05-17 09:30:00-04:00,0.4521999955177307,0.4733000099658966,0.45010000467300415,0.45190098881721497,21555,0.0,0.0
2023-05-17 10:30:00-04:00,0.45399999618530273,0.45399999618530273,0.4449999928474426,0.4449999928474426,16321,0.0,0.0
2023-05-17 11:30:00-04:00,0.44510000944137573,0.4453999996185303,0.4449999928474426,0.4449999928474426,6064,0.0,0.0
2023-05-17 12:30:00-04:00,0.4449999928474426,0.4738999903202057,0.4399999976158142,0.4702000021934509,15976,0.0,0.0
2023-05-17 13:30:00-04:00,0.4700999855995178,0.47350001335144043,0.4699999988079071,0.47350001335144043,6603,0.0,0.0
2023-05-17 14:30:00-04:00,0.4699999988079071,0.4733999967575073,0.4699999988079071,0.4733999967575073,31880,0.0,0.0
2023-05-17 15:30:00-04:00,0.4702000021934509,0.4749000072479248,0.4699999988079071,0.4699999988079071,8855,0.0,0.0
2023-05-18 09:30:00-04:00,0.46070000529289246,0.4767000079154968,0.45010098814964294,0.4700999855995178,14902,0.0,0.0
2023-05-18 10:30:00-04:00,0.4700999855995178,0.47999998927116394,0.45010000467300415,0.46399998664855957,49213,0.0,0.0
2023-05-18 11:30:00-04:00,0.4640510082244873,0.47999998927116394,0.460999995470047,0.47999998927116394,16659,0.0,0.0
2023-05-18 12:30:00-04:00,0.47999998927116394,0.4896000027656555,0.4700999855995178,0.4896000027656555,13588,0.0,0.0
2023-05-18 13:30:00-04:00,0.4896000027656555,0.4896000027656555,0.4699999988079071,0.4896000027656555,4434,0.0,0.0
2023-05-18 14:30:00-04:00,0.4896000027656555,0.550000011920929,0.4896000027656555,0.5300999879837036,104935,0.0,0.0
2023-05-18 15:30:00-04:00,0.539900004863739,0.671999990940094,0.5235000252723694,0.6000000238418579,0,0.0,0.0
2023-05-19 09:30:00-04:00,0.550000011920929,0.5899999737739563,0.5011000037193298,0.550000011920929,23356,0.0,0.0
2023-05-19 10:30:00-04:00,0.5526000261306763,0.5526000261306763,0.526199996471405,0.526199996471405,8246,0.0,0.0
2023-05-19 11:30:00-04:00,0.5494999885559082,0.582198977470398,0.5299000144004822,0.5787000060081482,28158,0.0,0.0
2023-05-19 12:30:00-04:00,0.5799999833106995,0.5870000123977661,0.41999998688697815,0.586899995803833,122000,0.0,0.0
2023-05-19 13:30:00-04:00,0.5799999833106995,0.586899995803833,0.5450000166893005,0.5699999928474426,17707,0.0,0.0
2023-05-19 14:30:00-04:00,0.5300999879837036,0.5898000001907349,0.5300999879837036,0.5777000188827515,17835,0.0,0.0
2023-05-19 15:30:00-04:00,0.5896999835968018,0.5896999835968018,0.5321999788284302,0.5321999788284302,0,0.0,0.0
2023-05-22 09:30:00-04:00,0.5400000214576721,0.5799000263214111,0.5400000214576721,0.5681999921798706,13963,0.0,0.0
2023-05-22 10:30:00-04:00,0.5601000189781189,0.5699999928474426,0.5600000023841858,0.5651000142097473,5625,0.0,0.0
2023-05-22 11:30:00-04:00,0.5724999904632568,0.6399999856948853,0.5601000189781189,0.597599983215332,51429,0.0,0.0
2023-05-22 12:30:00-04:00,0.6026999950408936,0.6100000143051147,0.5501000285148621,0.6094499826431274,59981,0.0,0.0
2023-05-22 13:30:00-04:00,0.5799999833106995,0.6097999811172485,0.5799999833106995,0.6097999811172485,5409,0.0,0.0
2023-05-22 14:30:00-04:00,0.5800999999046326,0.6200000047683716,0.5800999999046326,0.6173999905586243,15305,0.0,0.0
2023-05-22 15:30:00-04:00,0.6173999905586243,0.6173999905586243,0.6100000143051147,0.6144999861717224,0,0.0,0.0
2023-05-23 09:30:00-04:00,0.6399999856948853,0.6499999761581421,0.6000999808311462,0.6146000027656555,69463,0.0,0.0
2023-05-23 10:30:00-04:00,0.6146000027656555,0.6290000081062317,0.6000000238418579,0.6001999974250793,12488,0.0,0.0
2023-05-23 11:30:00-04:00,0.6000999808311462,0.6392999887466431,0.6000999808311462,0.6216999888420105,37204,0.0,0.0
2023-05-23 12:30:00-04:00,0.6194999814033508,0.6194999814033508,0.6146259903907776,0.6146259903907776,1553,0.0,0.0
2023-05-23 13:30:00-04:00,0.6175000071525574,0.6229000091552734,0.6000000238418579,0.6000999808311462,9019,0.0,0.0
2023-05-23 14:30:00-04:00,0.6115009784698486,0.6200000047683716,0.6000999808311462,0.6200000047683716,2095,0.0,0.0
2023-05-23 15:30:00-04:00,0.6198999881744385,0.6198999881744385,0.6004999876022339,0.6169999837875366,0,0.0,0.0
2023-05-24 09:30:00-04:00,0.607699990272522,0.6162999868392944,0.582099974155426,0.585099995136261,7623,0.0,0.0
2023-05-24 10:30:00-04:00,0.5899999737739563,0.5899999737739563,0.5899999737739563,0.5899999737739563,709,0.0,0.0
2023-05-24 11:30:00-04:00,0.5917999744415283,0.5917999744415283,0.5907009840011597,0.5907009840011597,706,0.0,0.0
2023-05-24 12:30:00-04:00,0.5906000137329102,0.6000000238418579,0.5906000137329102,0.6000000238418579,7117,0.0,0.0
2023-05-24 13:30:00-04:00,0.595300018787384,0.595300018787384,0.5849999785423279,0.5849999785423279,4032,0.0,0.0
2023-05-24 14:30:00-04:00,0.5860000252723694,0.5906000137329102,0.5831000208854675,0.5906000137329102,19949,0.0,0.0
2023-05-24 15:30:00-04:00,0.5907999873161316,0.6442999839782715,0.5907999873161316,0.6442999839782715,0,0.0,0.0
2023-05-25 09:30:00-04:00,0.5950000286102295,0.6198999881744385,0.5950000286102295,0.5981000065803528,0,0.0,0.0
2023-05-25 10:30:00-04:00,0.6186000108718872,0.6186000108718872,0.6186000108718872,0.6186000108718872,28645,0.0,0.0
2023-05-25 11:30:00-04:00,0.6001009941101074,0.6200000047683716,0.6000999808311462,0.6200000047683716,6066,0.0,0.0
2023-05-25 12:30:00-04:00,0.6001009941101074,0.6001009941101074,0.6000000238418579,0.6000000238418579,7186,0.0,0.0
2023-05-25 13:30:00-04:00,0.6000000238418579,0.6000000238418579,0.6000000238418579,0.6000000238418579,301,0.0,0.0
2023-05-25 14:30:00-04:00,0.5899999737739563,0.5899999737739563,0.5799999833106995,0.589900016784668,29394,0.0,0.0
2023-05-25 15:30:00-04:00,0.6000000238418579,0.6000000238418579,0.6000000238418579,0.6000000238418579,200,0.0,0.0
2023-05-26 09:30:00-04:00,0.6198999881744385,0.625,0.6075999736785889,0.6197999715805054,24533,0.0,0.0
2023-05-26 10:30:00-04:00,0.6026999950408936,0.6100000143051147,0.6025999784469604,0.6100000143051147,7152,0.0,0.0
2023-05-26 11:30:00-04:00,0.6080999970436096,0.6244999766349792,0.6079999804496765,0.6159999966621399,8435,0.0,0.0
2023-05-26 12:30:00-04:00,0.620648980140686,0.620648980140686,0.620648980140686,0.620648980140686,318,0.0,0.0
2023-05-26 13:30:00-04:00,0.6101009845733643,0.6101999878883362,0.6025000214576721,0.6025999784469604,18392,0.0,0.0
2023-05-26 14:30:00-04:00,0.6025999784469604,0.6149500012397766,0.6025009751319885,0.6149500012397766,21089,0.0,0.0
2023-05-26 15:30:00-04:00,0.6189000010490417,0.6265000104904175,0.6126000285148621,0.6263999938964844,21582,0.0,0.0
2023-05-30 09:30:00-04:00,0.6200000047683716,0.6200000047683716,0.6194999814033508,0.6194999814033508,1237,0.0,0.0
2023-05-30 10:30:00-04:00,0.6101999878883362,0.6111000180244446,0.6100999712944031,0.6100999712944031,3860,0.0,0.0
2023-05-30 11:30:00-04:00,0.6263999938964844,0.6263999938964844,0.6100000143051147,0.6169999837875366,11829,0.0,0.0
2023-05-30 12:30:00-04:00,0.6100000143051147,0.6100000143051147,0.6100000143051147,0.6100000143051147,245,0.0,0.0
2023-05-30 13:30:00-04:00,0.6240000128746033,0.6240000128746033,0.6237990260124207,0.6237990260124207,2400,0.0,0.0
2023-05-30 14:30:00-04:00,0.6234999895095825,0.6399999856948853,0.6234999895095825,0.6399999856948853,9720,0.0,0.0
2023-05-30 15:30:00-04:00,0.6349999904632568,0.6449999809265137,0.6349999904632568,0.6349999904632568,0,0.0,0.0
2023-05-31 09:30:00-04:00,0.6399999856948853,0.6449999809265137,0.6266350150108337,0.6449999809265137,17238,0.0,0.0
2023-05-31 10:30:00-04:00,0.6401000022888184,0.6424999833106995,0.6399999856948853,0.6399999856948853,21710,0.0,0.0
2023-05-31 11:30:00-04:00,0.6399999856948853,0.6399999856948853,0.6265100240707397,0.6265100240707397,496,0.0,0.0
2023-05-31 12:30:00-04:00,0.6266000270843506,0.6266000270843506,0.6266000270843506,0.6266000270843506,670,0.0,0.0
2023-05-31 13:30:00-04:00,0.6265000104904175,0.6332169771194458,0.6265000104904175,0.6332169771194458,3715,0.0,0.0
2023-05-31 15:30:00-04:00,0.6349999904632568,0.6349999904632568,0.6299999952316284,0.6348999738693237,537,0.0,0.0
2023-06-01 09:30:00-04:00,0.6499999761581421,0.6499999761581421,0.6150000095367432,0.6399999856948853,6513,0.0,0.0
2023-06-01 10:30:00-04:00,0.6399999856948853,0.6448990106582642,0.6198989748954773,0.6396999955177307,3488,0.0,0.0
2023-06-01 11:30:00-04:00,0.6201009750366211,0.6439999938011169,0.6201009750366211,0.6399000287055969,6897,0.0,0.0
2023-06-01 12:30:00-04:00,0.6405559778213501,0.6439999938011169,0.6399000287055969,0.6399999856948853,2820,0.0,0.0
2023-06-01 13:30:00-04:00,0.6399999856948853,0.6399999856948853,0.6398000121116638,0.6398000121116638,27875,0.0,0.0
2023-06-01 14:30:00-04:00,0.6324989795684814,0.6324989795684814,0.6301000118255615,0.6301000118255615,2140,0.0,0.0
2023-06-01 15:30:00-04:00,0.6301000118255615,0.6349999904632568,0.6299999952316284,0.6324999928474426,0,0.0,0.0
2023-06-02 09:30:00-04:00,0.6499999761581421,0.6499999761581421,0.6417999863624573,0.6417999863624573,5234,0.0,0.0
2023-06-02 10:30:00-04:00,0.6255000233650208,0.6255000233650208,0.619691014289856,0.619691014289856,4549,0.0,0.0
2023-06-02 12:30:00-04:00,0.6299999952316284,0.6309999823570251,0.6299999952316284,0.6309999823570251,1721,0.0,0.0
2023-06-02 14:30:00-04:00,0.6302000284194946,0.630299985408783,0.6201000213623047,0.6201000213623047,8449,0.0,0.0
2023-06-02 15:30:00-04:00,0.6299999952316284,0.6299999952316284,0.6251000165939331,0.6299999952316284,505,0.0,0.0
2023-06-05 09:30:00-04:00,0.6200000047683716,0.6200000047683716,0.6100000143051147,0.6100000143051147,1608,0.0,0.0
2023-06-05 10:30:00-04:00,0.6100000143051147,0.6200000047683716,0.5899999737739563,0.6150000095367432,49969,0.0,0.0
2023-06-05 11:30:00-04:00,0.6298999786376953,0.6298999786376953,0.6000000238418579,0.6298999786376953,3468,0.0,0.0
2023-06-05 12:30:00-04:00,0.6000000238418579,0.6100000143051147,0.6000000238418579,0.6100000143051147,545,0.0,0.0
2023-06-05 15:30:00-04:00,0.5899999737739563,0.5899999737739563,0.5899999737739563,0.5899999737739563,0,0.0,0.0
2023-06-06 10:30:00-04:00,0.6340000033378601,0.6340000033378601,0.6005380153656006,0.6340000033378601,6561,0.0,0.0
2023-06-06 11:30:00-04:00,0.6000999808311462,0.6000999808311462,0.6000999808311462,0.6000999808311462,117,0.0,0.0
2023-06-06 12:30:00-04:00,0.6170009970664978,0.633899986743927,0.6170009970664978,0.6251000165939331,3920,0.0,0.0
2023-06-06 14:30:00-04:00,0.6021999716758728,0.6150000095367432,0.6000000238418579,0.6000000238418579,1132,0.0,0.0
2023-06-06 15:30:00-04:00,0.6100000143051147,0.628000020980835,0.5931010246276855,0.628000020980835,0,0.0,0.0
2023-06-07 09:30:00-04:00,0.6000000238418579,0.6399000287055969,0.5899999737739563,0.5950000286102295,23207,0.0,0.0
2023-06-07 10:30:00-04:00,0.6000000238418579,0.6000000238418579,0.5902000069618225,0.5902000069618225,2401,0.0,0.0
2023-06-07 11:30:00-04:00,0.5967000126838684,0.6000000238418579,0.5900999903678894,0.5901010036468506,4317,0.0,0.0
2023-06-07 12:30:00-04:00,0.6000000238418579,0.6000000238418579,0.5950999855995178,0.6000000238418579,2311,0.0,0.0
2023-06-07 13:30:00-04:00,0.6000000238418579,0.6000000238418579,0.5950999855995178,0.6000000238418579,1815,0.0,0.0
2023-06-07 14:30:00-04:00,0.6000000238418579,0.6000000238418579,0.5950999855995178,0.5950999855995178,5252,0.0,0.0
2023-06-07 15:30:00-04:00,0.5950999855995178,0.5950999855995178,0.5899999737739563,0.5900999903678894,1710,0.0,0.0
2023-06-08 09:30:00-04:00,0.6299999952316284,0.6399000287055969,0.6200000047683716,0.6370869874954224,23627,0.0,0.0
2023-06-08 10:30:00-04:00,0.6301000118255615,0.6392999887466431,0.6295999884605408,0.6301500201225281,3516,0.0,0.0
2023-06-08 11:30:00-04:00,0.6299999952316284,0.6345000267028809,0.6211000084877014,0.6211000084877014,10612,0.0,0.0
2023-06-08 12:30:00-04:00,0.6299999952316284,0.6299999952316284,0.6299999952316284,0.6299999952316284,234,0.0,0.0
2023-06-08 13:30:00-04:00,0.6301500201225281,0.63919997215271,0.6301500201225281,0.63919997215271,2486,0.0,0.0
2023-06-08 14:30:00-04:00,0.6341500282287598,0.6398000121116638,0.6341000199317932,0.6398000121116638,3073,0.0,0.0
2023-06-08 15:30:00-04:00,0.6358209848403931,0.6380000114440918,0.6351000070571899,0.6373999714851379,0,0.0,0.0
2023-06-09 09:30:00-04:00,0.6499999761581421,0.6499999761581421,0.6200010180473328,0.6355509757995605,9698,0.0,0.0
2023-06-09 10:30:00-04:00,0.6399000287055969,0.6399000287055969,0.6209999918937683,0.621999979019165,1516,0.0,0.0
2023-06-09 11:30:00-04:00,0.6310999989509583,0.6399000287055969,0.6309999823570251,0.6399000287055969,6623,0.0,0.0
2023-06-09 12:30:00-04:00,0.6330999732017517,0.6399000287055969,0.6200000047683716,0.6299999952316284,13214,0.0,0.0
2023-06-09 13:30:00-04:00,0.6309999823570251,0.6348999738693237,0.6299999952316284,0.6299999952316284,1223,0.0,0.0
2023-06-09 14:30:00-04:00,0.6301000118255615,0.6394000053405762,0.6100000143051147,0.6110000014305115,5880,0.0,0.0
2023-06-09 15:30:00-04:00,0.6150000095367432,0.6283000111579895,0.6150000095367432,0.6283000111579895,324,0.0,0.0
2023-06-12 09:30:00-04:00,0.6008999943733215,0.7099999785423279,0.6008999943733215,0.6450999975204468,0,0.0,0.0
2023-06-12 10:30:00-04:00,0.677299976348877,0.6899999976158142,0.6450999975204468,0.6600000262260437,88646,0.0,0.0
2023-06-12 11:30:00-04:00,0.6450999975204468,0.6699990034103394,0.6425999999046326,0.6460000276565552,25866,0.0,0.0
2023-06-12 12:30:00-04:00,0.6460000276565552,0.6700000166893005,0.6450999975204468,0.6700000166893005,9947,0.0,0.0
2023-06-12 13:30:00-04:00,0.6698989868164062,0.6700000166893005,0.6449999809265137,0.6449999809265137,19669,0.0,0.0
2023-06-12 14:30:00-04:00,0.6521009802818298,0.6789990067481995,0.6521009802818298,0.6626999974250793,5645,0.0,0.0
2023-06-12 15:30:00-04:00,0.6789000034332275,0.6998999714851379,0.6600000262260437,0.660099983215332,0,0.0,0.0
2023-06-13 09:30:00-04:00,0.6861000061035156,0.6899999976158142,0.6309999823570251,0.6614999771118164,20268,0.0,0.0
2023-06-13 10:30:00-04:00,0.6740999817848206,0.699400007724762,0.6740999817848206,0.6976439952850342,29286,0.0,0.0
2023-06-13 11:30:00-04:00,0.6974999904632568,0.6995000243186951,0.6700000166893005,0.6899999976158142,32259,0.0,0.0
2023-06-13 12:30:00-04:00,0.6898999810218811,0.6985999941825867,0.6700000166893005,0.6700000166893005,16904,0.0,0.0
2023-06-13 13:30:00-04:00,0.6869000196456909,0.7045999765396118,0.6700000166893005,0.7045000195503235,58995,0.0,0.0
2023-06-13 14:30:00-04:00,0.7099990248680115,0.7400000095367432,0.6700000166893005,0.7314000129699707,164750,0.0,0.0
2023-06-13 15:30:00-04:00,0.7314140200614929,0.8100000023841858,0.7307999730110168,0.7990999817848206,287653,0.0,0.0
2023-06-14 09:30:00-04:00,0.6668999791145325,0.6797999739646912,0.6021000146865845,0.6399999856948853,322233,0.0,0.0
2023-06-14 10:30:00-04:00,0.6399999856948853,0.6481000185012817,0.6129999756813049,0.6129999756813049,99367,0.0,0.0
2023-06-14 11:30:00-04:00,0.6101999878883362,0.6298990249633789,0.6051999926567078,0.618149995803833,12575,0.0,0.0
2023-06-14 12:30:00-04:00,0.6100999712944031,0.6197999715805054,0.6039999723434448,0.6114000082015991,39906,0.0,0.0
2023-06-14 13:30:00-04:00,0.6050000190734863,0.6115000247955322,0.6000000238418579,0.6082000136375427,81307,0.0,0.0
2023-06-14 14:30:00-04:00,0.6074000000953674,0.6115000247955322,0.6050000190734863,0.6115000247955322,20631,0.0,0.0
2023-06-14 15:30:00-04:00,0.6100999712944031,0.6399000287055969,0.6100999712944031,0.6292999982833862,0,0.0,0.0
2023-06-15 09:30:00-04:00,0.6169999837875366,0.6355999708175659,0.5699999928474426,0.5749490261077881,92070,0.0,0.0
2023-06-15 10:30:00-04:00,0.5701000094413757,0.6050000190734863,0.550000011920929,0.585099995136261,46911,0.0,0.0
2023-06-15 11:30:00-04:00,0.5849999785423279,0.6050000190734863,0.5849999785423279,0.6000000238418579,27828,0.0,0.0
2023-06-15 12:30:00-04:00,0.6000000238418579,0.6000000238418579,0.5812000036239624,0.6000000238418579,13906,0.0,0.0
2023-06-15 13:30:00-04:00,0.590499997138977,0.6000000238418579,0.5812000036239624,0.598800003528595,10035,0.0,0.0
2023-06-15 14:30:00-04:00,0.598800003528595,0.6049000024795532,0.5950999855995178,0.5950999855995178,9759,0.0,0.0
2023-06-15 15:30:00-04:00,0.595100998878479,0.5999000072479248,0.5950000286102295,0.5950000286102295,5645,0.0,0.0
2023-06-16 09:30:00-04:00,0.5857999920845032,0.5859000086784363,0.550000011920929,0.5751000046730042,50287,0.0,0.0
2023-06-16 10:30:00-04:00,0.5602999925613403,0.6000000238418579,0.5602999925613403,0.6000000238418579,7883,0.0,0.0
2023-06-16 11:30:00-04:00,0.6000000238418579,0.6000000238418579,0.5699999928474426,0.5699999928474426,1070,0.0,0.0
2023-06-16 12:30:00-04:00,0.5799999833106995,0.6000000238418579,0.5799999833106995,0.5999000072479248,3643,0.0,0.0
2023-06-16 13:30:00-04:00,0.5997999906539917,0.6444000005722046,0.5902000069618225,0.6444000005722046,45400,0.0,0.0
2023-06-16 14:30:00-04:00,0.6444000005722046,0.6612880229949951,0.6050000190734863,0.6398000121116638,24146,0.0,0.0
2023-06-16 15:30:00-04:00,0.6398000121116638,0.6399999856948853,0.6323009729385376,0.6362000107765198,5867,0.0,0.0
2023-06-20 09:30:00-04:00,0.6481999754905701,0.6577990055084229,0.6201000213623047,0.6388999819755554,21590,0.0,0.0
2023-06-20 10:30:00-04:00,0.6399989724159241,0.6399989724159241,0.6302000284194946,0.6399000287055969,5031,0.0,0.0
2023-06-20 11:30:00-04:00,0.6299489736557007,0.6299489736557007,0.6299489736557007,0.6299489736557007,355,0.0,0.0
2023-06-20 12:30:00-04:00,0.6399000287055969,0.6399000287055969,0.6399000287055969,0.6399000287055969,284,0.0,0.0
2023-06-20 13:30:00-04:00,0.6226000189781189,0.6399999856948853,0.6226000189781189,0.6399999856948853,5533,0.0,0.0
2023-06-20 14:30:00-04:00,0.6499999761581421,0.6886000037193298,0.6301000118255615,0.6323009729385376,41721,0.0,0.0
2023-06-20 15:30:00-04:00,0.6880000233650208,0.6884999871253967,0.6678000092506409,0.6678000092506409,2416,0.0,0.0
2023-06-21 09:30:00-04:00,0.6700000166893005,0.6700000166893005,0.6299999952316284,0.6434999704360962,5525,0.0,0.0
2023-06-21 10:30:00-04:00,0.6326000094413757,0.6327000260353088,0.6200000047683716,0.6200000047683716,2187,0.0,0.0
2023-06-21 11:30:00-04:00,0.6367999911308289,0.6600000262260437,0.6082000136375427,0.6600000262260437,2318,0.0,0.0
2023-06-21 12:30:00-04:00,0.6402400135993958,0.6449999809265137,0.6388000249862671,0.6388000249862671,26857,0.0,0.0
2023-06-21 13:30:00-04:00,0.6100999712944031,0.6419000029563904,0.6100999712944031,0.6258999705314636,11598,0.0,0.0
2023-06-21 14:30:00-04:00,0.6200000047683716,0.6418989896774292,0.6100999712944031,0.6100999712944031,13008,0.0,0.0
2023-06-21 15:30:00-04:00,0.6104999780654907,0.6200000047683716,0.6100999712944031,0.6100999712944031,3012,0.0,0.0
2023-06-22 09:30:00-04:00,0.6299999952316284,0.6399999856948853,0.600600004196167,0.6201000213623047,9488,0.0,0.0
2023-06-22 10:30:00-04:00,0.620199978351593,0.6303989887237549,0.620199978351593,0.6303989887237549,461,0.0,0.0
2023-06-22 11:30:00-04:00,0.6101009845733643,0.6305000185966492,0.6101009845733643,0.6207630038261414,7313,0.0,0.0
2023-06-22 12:30:00-04:00,0.6101009845733643,0.6200000047683716,0.6100000143051147,0.6101009845733643,5024,0.0,0.0
2023-06-22 13:30:00-04:00,0.6202499866485596,0.6202499866485596,0.6200000047683716,0.6200000047683716,259,0.0,0.0
2023-06-22 14:30:00-04:00,0.6100000143051147,0.6305000185966492,0.6000000238418579,0.6299999952316284,21308,0.0,0.0
2023-06-22 15:30:00-04:00,0.6000000238418579,0.6179999709129333,0.6000000238418579,0.6000000238418579,1491,0.0,0.0
2023-06-23 09:30:00-04:00,0.6100000143051147,0.6100000143051147,0.6100000143051147,0.6100000143051147,388,0.0,0.0
2023-06-23 10:30:00-04:00,0.5956990122795105,0.611299991607666,0.5805000066757202,0.5999000072479248,1381,0.0,0.0
2023-06-23 11:30:00-04:00,0.5899999737739563,0.6299999952316284,0.5899999737739563,0.5899999737739563,5370,0.0,0.0
2023-06-23 12:30:00-04:00,0.6100010275840759,0.6100010275840759,0.5901010036468506,0.5901010036468506,1838,0.0,0.0
2023-06-23 14:30:00-04:00,0.6144000291824341,0.6283000111579895,0.5921000242233276,0.5922009944915771,17195,0.0,0.0
2023-06-23 15:30:00-04:00,0.595100998878479,0.6299999952316284,0.5950000286102295,0.6184999942779541,6230,0.0,0.0
2023-06-26 09:30:00-04:00,0.6299999952316284,0.6299999952316284,0.6150000095367432,0.6200000047683716,5719,0.0,0.0
2023-06-26 10:30:00-04:00,0.6200000047683716,0.6200000047683716,0.6200000047683716,0.6200000047683716,2724,0.0,0.0
2023-06-26 12:30:00-04:00,0.6399999856948853,0.6399999856948853,0.6299999952316284,0.6299999952316284,465,0.0,0.0
2023-06-26 13:30:00-04:00,0.5870010256767273,0.6200000047683716,0.5870010256767273,0.6200000047683716,2564,0.0,0.0
2023-06-26 15:30:00-04:00,0.6449999809265137,0.6449999809265137,0.6449999809265137,0.6449999809265137,159,0.0,0.0
2023-06-27 09:30:00-04:00,0.6474000215530396,0.6474000215530396,0.6474000215530396,0.6474000215530396,2112,0.0,0.0
2023-06-27 10:30:00-04:00,0.6299999952316284,0.6472989916801453,0.5950000286102295,0.6000000238418579,7517,0.0,0.0
2023-06-27 11:30:00-04:00,0.5899999737739563,0.5899999737739563,0.5899999737739563,0.5899999737739563,2504,0.0,0.0
2023-06-27 12:30:00-04:00,0.6100000143051147,0.6100000143051147,0.6099900007247925,0.6099900007247925,329,0.0,0.0
2023-06-27 13:30:00-04:00,0.6000000238418579,0.6000000238418579,0.6000000238418579,0.6000000238418579,1840,0.0,0.0
2023-06-27 14:30:00-04:00,0.5899999737739563,0.6000000238418579,0.5899990200996399,0.5899999737739563,2181,0.0,0.0
2023-06-27 15:30:00-04:00,0.597000002861023,0.597100019454956,0.5799999833106995,0.5799999833106995,0,0.0,0.0
2023-06-28 09:30:00-04:00,0.5899999737739563,0.6309999823570251,0.5651000142097473,0.57669997215271,17848,0.0,0.0
2023-06-28 10:30:00-04:00,0.5837000012397766,0.6200000047683716,0.5837000012397766,0.6200000047683716,1849,0.0,0.0
2023-06-28 11:30:00-04:00,0.5871000289916992,0.6060000061988831,0.5830000042915344,0.5830000042915344,31679,0.0,0.0
2023-06-28 12:30:00-04:00,0.589900016784668,0.589900016784668,0.5789999961853027,0.5789999961853027,15451,0.0,0.0
2023-06-28 13:30:00-04:00,0.5820000171661377,0.5899999737739563,0.5820000171661377,0.589900016784668,85034,0.0,0.0
2023-06-28 14:30:00-04:00,0.5899999737739563,0.6075000166893005,0.589900016784668,0.6075000166893005,14197,0.0,0.0
2023-06-28 15:30:00-04:00,0.6075999736785889,0.6299999952316284,0.5799999833106995,0.5799999833106995,7660,0.0,0.0
2023-06-29 09:30:00-04:00,0.6065999865531921,0.6596999764442444,0.5823000073432922,0.5823000073432922,2140,0.0,0.0
2023-06-29 11:30:00-04:00,0.6200000047683716,0.6200000047683716,0.6199989914894104,0.6199989914894104,220,0.0,0.0
2023-06-29 12:30:00-04:00,0.6200000047683716,0.6399999856948853,0.6000000238418579,0.6100000143051147,106054,0.0,0.0
2023-06-29 13:30:00-04:00,0.6126999855041504,0.6298999786376953,0.6126999855041504,0.625,3128,0.0,0.0
2023-06-29 14:30:00-04:00,0.6100000143051147,0.6100999712944031,0.6100000143051147,0.6100999712944031,1432,0.0,0.0
2023-06-29 15:30:00-04:00,0.6100000143051147,0.6200000047683716,0.6000000238418579,0.6000000238418579,0,0.0,0.0
2023-06-30 09:30:00-04:00,0.6150000095367432,0.625,0.5989999771118164,0.6074489951133728,6186,0.0,0.0
2023-06-30 10:30:00-04:00,0.6000999808311462,0.6000999808311462,0.5899999737739563,0.5899999737739563,2643,0.0,0.0
2023-06-30 11:30:00-04:00,0.6194999814033508,0.6194999814033508,0.6075000166893005,0.6075000166893005,273,0.0,0.0
2023-06-30 12:30:00-04:00,0.6200000047683716,0.6200000047683716,0.6200000047683716,0.6200000047683716,352,0.0,0.0
2023-06-30 13:30:00-04:00,0.6098999977111816,0.6442999839782715,0.6075000166893005,0.6299999952316284,45305,0.0,0.0
2023-06-30 14:30:00-04:00,0.6399000287055969,0.6424000263214111,0.6237999796867371,0.6237999796867371,8947,0.0,0.0
2023-06-30 15:30:00-04:00,0.6100999712944031,0.6100999712944031,0.6100999712944031,0.6100999712944031,486,0.0,0.0
2023-07-03 09:30:00-04:00,0.6100000143051147,0.6430000066757202,0.5882999897003174,0.6430000066757202,63343,0.0,0.0
2023-07-03 10:30:00-04:00,0.6265000104904175,0.6265000104904175,0.6100000143051147,0.6100000143051147,925,0.0,0.0
2023-07-03 11:30:00-04:00,0.640500009059906,0.6430000066757202,0.640500009059906,0.6430000066757202,12144,0.0,0.0
2023-07-03 12:30:00-04:00,0.6430000066757202,0.6430000066757202,0.6103000044822693,0.6103000044822693,3803,0.0,0.0
2023-07-05 09:30:00-04:00,0.6100000143051147,0.6449999809265137,0.6100000143051147,0.6449999809265137,1799,0.0,0.0
2023-07-05 10:30:00-04:00,0.6399999856948853,0.6446999907493591,0.6399999856948853,0.644599974155426,1715,0.0,0.0
2023-07-05 12:30:00-04:00,0.6438999772071838,0.6438999772071838,0.6399999856948853,0.6399999856948853,3615,0.0,0.0
2023-07-05 13:30:00-04:00,0.6299999952316284,0.6349999904632568,0.6200000047683716,0.6201000213623047,2729,0.0,0.0
2023-07-05 14:30:00-04:00,0.6201000213623047,0.630050003528595,0.6201000213623047,0.6201000213623047,6303,0.0,0.0
2023-07-05 15:30:00-04:00,0.6200000047683716,0.6299999952316284,0.6200000047683716,0.6200000047683716,3470,0.0,0.0
2023-07-06 09:30:00-04:00,0.5609999895095825,0.6000000238418579,0.5600000023841858,0.5839179754257202,14139,0.0,0.0
2023-07-06 10:30:00-04:00,0.5800999999046326,0.6000000238418579,0.5800999999046326,0.5849999785423279,2922,0.0,0.0
2023-07-06 11:30:00-04:00,0.5849999785423279,0.5849999785423279,0.550000011920929,0.5601999759674072,11988,0.0,0.0
2023-07-06 12:30:00-04:00,0.5699999928474426,0.6000000238418579,0.5699999928474426,0.5999000072479248,1329,0.0,0.0
2023-07-06 13:30:00-04:00,0.5900999903678894,0.5902000069618225,0.5799999833106995,0.5799999833106995,6270,0.0,0.0
2023-07-06 14:30:00-04:00,0.5799999833106995,0.6000000238418579,0.5799999833106995,0.6000000238418579,2461,0.0,0.0
2023-07-06 15:30:00-04:00,0.5899999737739563,0.6000000238418579,0.5799999833106995,0.5799999833106995,0,0.0,0.0
2023-07-07 09:30:00-04:00,0.6000000238418579,0.6000000238418579,0.5877509713172913,0.5899999737739563,3736,0.0,0.0
2023-07-07 10:30:00-04:00,0.5802000164985657,0.5899999737739563,0.5800999999046326,0.5850009918212891,3343,0.0,0.0
2023-07-07 11:30:00-04:00,0.5899999737739563,0.6000000238418579,0.5899999737739563,0.6000000238418579,987,0.0,0.0
2023-07-07 12:30:00-04:00,0.6000000238418579,0.6000000238418579,0.6000000238418579,0.6000000238418579,794,0.0,0.0
2023-07-07 13:30:00-04:00,0.6000000238418579,0.6197999715805054,0.5956000089645386,0.6150000095367432,3955,0.0,0.0
2023-07-07 14:30:00-04:00,0.6190000176429749,0.6198999881744385,0.6175000071525574,0.6198999881744385,2785,0.0,0.0
2023-07-07 15:30:00-04:00,0.619700014591217,0.6212509870529175,0.6173499822616577,0.6212509870529175,15310,0.0,0.0
2023-07-10 09:30:00-04:00,0.628600001335144,0.6313499808311462,0.628000020980835,0.6287000179290771,1889,0.0,0.0
2023-07-10 10:30:00-04:00,0.628000020980835,0.6313989758491516,0.625,0.625,1534,0.0,0.0
2023-07-10 11:30:00-04:00,0.625,0.6251000165939331,0.625,0.6251000165939331,2289,0.0,0.0
2023-07-10 12:30:00-04:00,0.625,0.6345000267028809,0.625,0.6344990134239197,8342,0.0,0.0
2023-07-10 13:30:00-04:00,0.6347000002861023,0.6536999940872192,0.6335999965667725,0.644349992275238,6341,0.0,0.0
2023-07-10 14:30:00-04:00,0.6359999775886536,0.6586989760398865,0.6310999989509583,0.6455990076065063,17290,0.0,0.0
2023-07-10 15:30:00-04:00,0.6517999768257141,0.6654999852180481,0.6455010175704956,0.6614999771118164,4969,0.0,0.0
2023-07-11 09:30:00-04:00,0.6226000189781189,0.6697999835014343,0.6226000189781189,0.6381000280380249,8924,0.0,0.0
2023-07-11 10:30:00-04:00,0.6697999835014343,0.6697999835014343,0.6424329876899719,0.6424329876899719,1023,0.0,0.0
2023-07-11 11:30:00-04:00,0.6539000272750854,0.6539000272750854,0.6507999897003174,0.6507999897003174,1047,0.0,0.0
2023-07-11 12:30:00-04:00,0.6499999761581421,0.6696990132331848,0.6499999761581421,0.6574000120162964,4758,0.0,0.0
2023-07-11 13:30:00-04:00,0.6656000018119812,0.6696000099182129,0.6549999713897705,0.6685000061988831,1967,0.0,0.0
2023-07-11 14:30:00-04:00,0.6650999784469604,0.6650999784469604,0.652999997138977,0.6597999930381775,1110,0.0,0.0
2023-07-11 15:30:00-04:00,0.6480000019073486,0.6480000019073486,0.6480000019073486,0.6480000019073486,0,0.0,0.0
2023-07-12 09:30:00-04:00,0.6690000295639038,0.6800000071525574,0.6690000295639038,0.6800000071525574,4388,0.0,0.0
2023-07-12 10:30:00-04:00,0.6798999905586243,0.6798999905586243,0.6724100112915039,0.6724100112915039,10816,0.0,0.0
2023-07-12 11:30:00-04:00,0.6723999977111816,0.6748999953269958,0.6370009779930115,0.6370009779930115,0,0.0,0.0
2023-07-12 12:30:00-04:00,0.6729999780654907,0.6740000247955322,0.6554999947547913,0.6554999947547913,26917,0.0,0.0
2023-07-12 13:30:00-04:00,0.6554999947547913,0.6800000071525574,0.6554999947547913,0.6798999905586243,5369,0.0,0.0
2023-07-12 14:30:00-04:00,0.6700000166893005,0.6790000200271606,0.6700000166893005,0.6790000200271606,2867,0.0,0.0
2023-07-12 15:30:00-04:00,0.6797990202903748,0.6797999739646912,0.6574000120162964,0.6797990202903748,8129,0.0,0.0
2023-07-13 09:30:00-04:00,0.6499999761581421,0.6759999990463257,0.6499999761581421,0.6579999923706055,14136,0.0,0.0
2023-07-13 10:30:00-04:00,0.6748999953269958,0.6800000071525574,0.6729999780654907,0.6751000285148621,11692,0.0,0.0
2023-07-13 11:30:00-04:00,0.6798999905586243,0.6825000047683716,0.6748999953269958,0.6748999953269958,13398,0.0,0.0
2023-07-13 12:30:00-04:00,0.675000011920929,0.675000011920929,0.6685000061988831,0.675000011920929,7466,0.0,0.0
2023-07-13 13:30:00-04:00,0.6801000237464905,0.6801000237464905,0.6288440227508545,0.6301010251045227,34570,0.0,0.0
2023-07-13 14:30:00-04:00,0.6301010251045227,0.632099986076355,0.6301010251045227,0.632099986076355,1915,0.0,0.0
2023-07-13 15:30:00-04:00,0.6320000290870667,0.6349999904632568,0.6320000290870667,0.6320000290870667,8093,0.0,0.0
2023-07-14 09:30:00-04:00,0.6399999856948853,0.675000011920929,0.6399999856948853,0.6401010155677795,23118,0.0,0.0
2023-07-14 10:30:00-04:00,0.6399999856948853,0.6499999761581421,0.6399999856948853,0.6399999856948853,4953,0.0,0.0
2023-07-14 11:30:00-04:00,0.6449999809265137,0.6449999809265137,0.6226000189781189,0.6278709769248962,22141,0.0,0.0
2023-07-14 12:30:00-04:00,0.6226000189781189,0.6226000189781189,0.6100000143051147,0.6100000143051147,15640,0.0,0.0
2023-07-14 13:30:00-04:00,0.6279000043869019,0.6279000043869019,0.6279000043869019,0.6279000043869019,1069,0.0,0.0
2023-07-14 14:30:00-04:00,0.6200000047683716,0.6330000162124634,0.6200000047683716,0.6330000162124634,3566,0.0,0.0
2023-07-14 15:30:00-04:00,0.6249489784240723,0.6249489784240723,0.6249489784240723,0.6249489784240723,1037,0.0,0.0
2023-07-17 09:30:00-04:00,0.6299999952316284,0.6299999952316284,0.6299999952316284,0.6299999952316284,1423,0.0,0.0
2023-07-17 10:30:00-04:00,0.6309999823570251,0.6625999808311462,0.6309999823570251,0.6625999808311462,371,0.0,0.0
2023-07-17 11:30:00-04:00,0.6779000163078308,0.6798999905586243,0.6639999747276306,0.6798999905586243,1387,0.0,0.0
2023-07-17 12:30:00-04:00,0.675000011920929,0.675000011920929,0.6639999747276306,0.6639999747276306,620,0.0,0.0
2023-07-17 13:30:00-04:00,0.6761000156402588,0.6761000156402588,0.6759999990463257,0.6759999990463257,2901,0.0,0.0
2023-07-17 14:30:00-04:00,0.6600000262260437,0.6729999780654907,0.6405010223388672,0.6499999761581421,11565,0.0,0.0
2023-07-18 09:30:00-04:00,0.6499999761581421,0.6614000201225281,0.6498000025749207,0.6498000025749207,5633,0.0,0.0
2023-07-18 10:30:00-04:00,0.6721000075340271,0.6729990243911743,0.6499000191688538,0.6614999771118164,4320,0.0,0.0
2023-07-18 11:30:00-04:00,0.6550509929656982,0.6550509929656982,0.6550490260124207,0.6550490260124207,619,0.0,0.0
2023-07-18 12:30:00-04:00,0.6552000045776367,0.6552000045776367,0.6503000259399414,0.6503000259399414,10364,0.0,0.0
2023-07-18 13:30:00-04:00,0.6599000096321106,0.6600000262260437,0.6572999954223633,0.6600000262260437,9934,0.0,0.0
2023-07-18 14:30:00-04:00,0.6600000262260437,0.6628000140190125,0.6600000262260437,0.6628000140190125,2895,0.0,0.0
2023-07-18 15:30:00-04:00,0.6699000000953674,0.6699000000953674,0.6600000262260437,0.6650000214576721,0,0.0,0.0
2023-07-19 09:30:00-04:00,0.6710000038146973,0.6710000038146973,0.6499999761581421,0.6707990169525146,15029,0.0,0.0
2023-07-19 10:30:00-04:00,0.6759989857673645,0.6759989857673645,0.6759989857673645,0.6759989857673645,0,0.0,0.0
2023-07-19 12:30:00-04:00,0.6778990030288696,0.6778990030288696,0.6778990030288696,0.6778990030288696,16825,0.0,0.0
2023-07-19 13:30:00-04:00,0.6779999732971191,0.6979990005493164,0.6761000156402588,0.6762999892234802,14335,0.0,0.0
2023-07-19 14:30:00-04:00,0.6850000023841858,0.6850000023841858,0.6700000166893005,0.6700000166893005,7479,0.0,0.0
2023-07-19 15:30:00-04:00,0.6650999784469604,0.6650999784469604,0.651199996471405,0.664900004863739,0,0.0,0.0
2023-07-20 09:30:00-04:00,0.6625000238418579,0.6625000238418579,0.6499999761581421,0.6499999761581421,3065,0.0,0.0
2023-07-20 10:30:00-04:00,0.6906989812850952,0.6906989812850952,0.6906989812850952,0.6906989812850952,425,0.0,0.0
2023-07-20 11:30:00-04:00,0.6798989772796631,0.6798999905586243,0.6510000228881836,0.6654999852180481,3189,0.0,0.0
2023-07-20 12:30:00-04:00,0.6654999852180481,0.6654999852180481,0.6654999852180481,0.6654999852180481,424,0.0,0.0
2023-07-20 13:30:00-04:00,0.6700999736785889,0.6700999736785889,0.6510000228881836,0.6669999957084656,3637,0.0,0.0
2023-07-20 14:30:00-04:00,0.6510009765625,0.6595010161399841,0.6100000143051147,0.6201000213623047,21376,0.0,0.0
2023-07-20 15:30:00-04:00,0.6200000047683716,0.6778990030288696,0.6102010011672974,0.6778990030288696,0,0.0,0.0
2023-07-21 09:30:00-04:00,0.6399999856948853,0.6399999856948853,0.6100000143051147,0.6200000047683716,13358,0.0,0.0
2023-07-21 10:30:00-04:00,0.6200000047683716,0.6200000047683716,0.5989999771118164,0.6000000238418579,25017,0.0,0.0
2023-07-21 11:30:00-04:00,0.5900999903678894,0.5999000072479248,0.5900999903678894,0.5999000072479248,19619,0.0,0.0
2023-07-21 12:30:00-04:00,0.5961999893188477,0.6134999990463257,0.5961999893188477,0.6134999990463257,39701,0.0,0.0
2023-07-21 13:30:00-04:00,0.628000020980835,0.628000020980835,0.6207000017166138,0.6207000017166138,5509,0.0,0.0
2023-07-21 14:30:00-04:00,0.6279000043869019,0.6299999952316284,0.6226000189781189,0.625,3737,0.0,0.0
2023-07-21 15:30:00-04:00,0.6230999827384949,0.6583999991416931,0.6176000237464905,0.6470000147819519,17886,0.0,0.0
2023-07-24 09:30:00-04:00,0.6100000143051147,0.6258999705314636,0.5950000286102295,0.6258999705314636,13361,0.0,0.0
2023-07-24 10:30:00-04:00,0.6238999962806702,0.6259999871253967,0.6211000084877014,0.6259999871253967,5721,0.0,0.0
2023-07-24 11:30:00-04:00,0.6313999891281128,0.637499988079071,0.6313999891281128,0.637499988079071,3137,0.0,0.0
2023-07-24 12:30:00-04:00,0.6610000133514404,0.6699000000953674,0.6610000133514404,0.6699000000953674,936,0.0,0.0
2023-07-24 13:30:00-04:00,0.6552000045776367,0.6690000295639038,0.6524999737739563,0.6690000295639038,1697,0.0,0.0
2023-07-24 14:30:00-04:00,0.6700000166893005,0.6700000166893005,0.6614999771118164,0.6614999771118164,2579,0.0,0.0
2023-07-24 15:30:00-04:00,0.653410017490387,0.6609510183334351,0.6520000100135803,0.6520000100135803,2584,0.0,0.0
2023-07-25 09:30:00-04:00,0.6453999876976013,0.6869999766349792,0.6453999876976013,0.6499000191688538,0,0.0,0.0
2023-07-25 10:30:00-04:00,0.6660000085830688,0.6660000085830688,0.6660000085830688,0.6660000085830688,12317,0.0,0.0
2023-07-25 11:30:00-04:00,0.6819990277290344,0.6820999979972839,0.6783999800682068,0.6800000071525574,4914,0.0,0.0
2023-07-25 12:30:00-04:00,0.6800000071525574,0.6899999976158142,0.6800000071525574,0.6877999901771545,5418,0.0,0.0
2023-07-25 13:30:00-04:00,0.6899999976158142,0.7187989950180054,0.6899999976158142,0.7063999772071838,3336,0.0,0.0
2023-07-25 14:30:00-04:00,0.6901010274887085,0.699999988079071,0.6899999976158142,0.6948000192642212,5081,0.0,0.0
2023-07-25 15:30:00-04:00,0.6949999928474426,0.699999988079071,0.6880000233650208,0.6880000233650208,0,0.0,0.0
2023-07-26 09:30:00-04:00,0.6800000071525574,0.699999988079071,0.6800000071525574,0.691100001335144,6626,0.0,0.0
2023-07-26 10:30:00-04:00,0.6920999884605408,0.6940000057220459,0.6920999884605408,0.6940000057220459,10626,0.0,0.0
2023-07-26 11:30:00-04:00,0.6909999847412109,0.6909999847412109,0.6909999847412109,0.6909999847412109,128,0.0,0.0
2023-07-26 12:30:00-04:00,0.6951500177383423,0.7027000188827515,0.6951500177383423,0.699999988079071,1630,0.0,0.0
2023-07-26 13:30:00-04:00,0.7001000046730042,0.7001000046730042,0.699999988079071,0.699999988079071,1272,0.0,0.0
2023-07-26 14:30:00-04:00,0.699999988079071,0.7009999752044678,0.699999988079071,0.7009999752044678,753,0.0,0.0
2023-07-26 15:30:00-04:00,0.7089999914169312,0.7089999914169312,0.7009999752044678,0.7009999752044678,1601,0.0,0.0
2023-07-27 09:30:00-04:00,0.699999988079071,0.699999988079071,0.6700000166893005,0.6899999976158142,1848,0.0,0.0
2023-07-27 11:30:00-04:00,0.6800000071525574,0.6800000071525574,0.675000011920929,0.677236020565033,5302,0.0,0.0
2023-07-27 12:30:00-04:00,0.6898000240325928,0.7200000286102295,0.6898000240325928,0.718999981880188,34587,0.0,0.0
2023-07-27 13:30:00-04:00,0.6915000081062317,0.6915000081062317,0.6915000081062317,0.6915000081062317,795,0.0,0.0
2023-07-27 14:30:00-04:00,0.6926000118255615,0.7200000286102295,0.6924999952316284,0.6924999952316284,12932,0.0,0.0
2023-07-27 15:30:00-04:00,0.7198989987373352,0.7198989987373352,0.7198989987373352,0.7198989987373352,236,0.0,0.0
2023-07-28 09:30:00-04:00,0.7400000095367432,0.7400000095367432,0.7149999737739563,0.7149999737739563,11677,0.0,0.0
2023-07-28 10:30:00-04:00,0.7200000286102295,0.75,0.7149999737739563,0.7152000069618225,4145,0.0,0.0
2023-07-28 11:30:00-04:00,0.7152000069618225,0.7350000143051147,0.7150999903678894,0.7152000069618225,8087,0.0,0.0
2023-07-28 12:30:00-04:00,0.7325000166893005,0.7325000166893005,0.7200000286102295,0.7312999963760376,1827,0.0,0.0
2023-07-28 13:30:00-04:00,0.732200026512146,0.7323510050773621,0.7312999963760376,0.7312999963760376,3573,0.0,0.0
2023-07-28 14:30:00-04:00,0.7312999963760376,0.7354999780654907,0.7312999963760376,0.7354999780654907,12120,0.0,0.0
2023-07-28 15:30:00-04:00,0.7422999739646912,0.75,0.7312999963760376,0.7312999963760376,8880,0.0,0.0
2023-07-31 09:30:00-04:00,0.7300000190734863,0.7300000190734863,0.6800000071525574,0.685001015663147,12081,0.0,0.0
2023-07-31 10:30:00-04:00,0.7107999920845032,0.7200000286102295,0.710099995136261,0.7200000286102295,2556,0.0,0.0
2023-07-31 11:30:00-04:00,0.7199990153312683,0.7200000286102295,0.710099995136261,0.710099995136261,1628,0.0,0.0
2023-07-31 12:30:00-04:00,0.7110000252723694,0.7133169770240784,0.7099999785423279,0.7133169770240784,6416,0.0,0.0
2023-07-31 13:30:00-04:00,0.699999988079071,0.699999988079071,0.699999988079071,0.699999988079071,1034,0.0,0.0
2023-07-31 14:30:00-04:00,0.7039999961853027,0.7039999961853027,0.6980999708175659,0.698199987411499,1609,0.0,0.0
2023-07-31 15:30:00-04:00,0.7099999785423279,0.7099999785423279,0.7099999785423279,0.7099999785423279,416,0.0,0.0
2023-08-01 09:30:00-04:00,0.699999988079071,0.7001000046730042,0.699999988079071,0.7001000046730042,856,0.0,0.0
2023-08-01 10:30:00-04:00,0.7000100016593933,0.7300000190734863,0.7000100016593933,0.7300000190734863,866,0.0,0.0
2023-08-01 11:30:00-04:00,0.7210000157356262,0.7299000024795532,0.699999988079071,0.699999988079071,4903,0.0,0.0
2023-08-01 12:30:00-04:00,0.699999988079071,0.699999988079071,0.699999988079071,0.699999988079071,845,0.0,0.0
2023-08-01 13:30:00-04:00,0.699999988079071,0.699999988079071,0.6809999942779541,0.6850000023841858,4834,0.0,0.0
2023-08-01 14:30:00-04:00,0.6899999976158142,0.6919999718666077,0.6899999976158142,0.6919999718666077,0,0.0,0.0
2023-08-01 15:30:00-04:00,0.6919999718666077,0.7289999723434448,0.6919999718666077,0.6919999718666077,13901,0.0,0.0
2023-08-02 09:30:00-04:00,0.7129999995231628,0.7129999995231628,0.7080000042915344,0.7080000042915344,1028,0.0,0.0
2023-08-02 10:30:00-04:00,0.6940000057220459,0.6940000057220459,0.6848999857902527,0.6848999857902527,248,0.0,0.0
2023-08-02 11:30:00-04:00,0.7080000042915344,0.7080000042915344,0.6924999952316284,0.6924999952316284,2338,0.0,0.0
2023-08-02 12:30:00-04:00,0.6949999928474426,0.6949999928474426,0.6949999928474426,0.6949999928474426,965,0.0,0.0
2023-08-02 14:30:00-04:00,0.6990000009536743,0.6990000009536743,0.6801000237464905,0.6980000138282776,7249,0.0,0.0
2023-08-02 15:30:00-04:00,0.6801000237464905,0.6801000237464905,0.6800000071525574,0.6800000071525574,0,0.0,0.0
2023-08-03 09:30:00-04:00,0.6898999810218811,0.6978999972343445,0.6601999998092651,0.6978999972343445,23624,0.0,0.0
2023-08-03 10:30:00-04:00,0.6978999972343445,0.6980000138282776,0.6978999972343445,0.6980000138282776,10090,0.0,0.0
2023-08-03 11:30:00-04:00,0.6959999799728394,0.6959999799728394,0.6959999799728394,0.6959999799728394,215,0.0,0.0
2023-08-03 12:30:00-04:00,0.6794000267982483,0.6940000057220459,0.6725000143051147,0.6725000143051147,749,0.0,0.0
2023-08-03 13:30:00-04:00,0.67010098695755,0.6819999814033508,0.6600000262260437,0.6600000262260437,17346,0.0,0.0
2023-08-03 14:30:00-04:00,0.6650000214576721,0.6660000085830688,0.6610000133514404,0.6610000133514404,493,0.0,0.0
2023-08-03 15:30:00-04:00,0.6610000133514404,0.6610000133514404,0.6610000133514404,0.6610000133514404,101,0.0,0.0
2023-08-04 09:30:00-04:00,0.6700000166893005,0.6700000166893005,0.6700000166893005,0.6700000166893005,2034,0.0,0.0
2023-08-04 10:30:00-04:00,0.6694999933242798,0.6694999933242798,0.6694999933242798,0.6694999933242798,180,0.0,0.0
2023-08-04 11:30:00-04:00,0.6978999972343445,0.6978999972343445,0.6970000267028809,0.6970000267028809,1191,0.0,0.0
2023-08-04 12:30:00-04:00,0.6830000281333923,0.6880000233650208,0.6668999791145325,0.6668999791145325,4788,0.0,0.0
2023-08-04 14:30:00-04:00,0.6510000228881836,0.6668999791145325,0.6388000249862671,0.6388000249862671,3402,0.0,0.0
2023-08-04 15:30:00-04:00,0.6499990224838257,0.6499990224838257,0.6499990224838257,0.6499990224838257,125,0.0,0.0
2023-08-07 09:30:00-04:00,0.6800000071525574,0.7160000205039978,0.6499999761581421,0.6825000047683716,14468,0.0,0.0
2023-08-07 10:30:00-04:00,0.6899999976158142,0.6899999976158142,0.6899999976158142,0.6899999976158142,1041,0.0,0.0
2023-08-07 11:30:00-04:00,0.6521999835968018,0.6521999835968018,0.6521999835968018,0.6521999835968018,250,0.0,0.0
2023-08-07 12:30:00-04:00,0.6521999835968018,0.6690000295639038,0.6420000195503235,0.6690000295639038,2470,0.0,0.0
2023-08-07 13:30:00-04:00,0.6420999765396118,0.6600000262260437,0.6420999765396118,0.6600000262260437,4755,0.0,0.0
2023-08-07 14:30:00-04:00,0.6420999765396118,0.6420999765396118,0.6420999765396118,0.6420999765396118,1945,0.0,0.0
2023-08-08 09:30:00-04:00,0.6895999908447266,0.7300000190734863,0.6000009775161743,0.6000999808311462,33170,0.0,0.0
2023-08-08 10:30:00-04:00,0.6001999974250793,0.6499999761581421,0.5701000094413757,0.6499999761581421,22836,0.0,0.0
2023-08-08 11:30:00-04:00,0.6424999833106995,0.6424999833106995,0.6122000217437744,0.6150000095367432,6296,0.0,0.0
2023-08-08 12:30:00-04:00,0.611299991607666,0.611299991607666,0.6010000109672546,0.6010000109672546,1526,0.0,0.0
2023-08-08 13:30:00-04:00,0.6269999742507935,0.6398990154266357,0.6201000213623047,0.6280999779701233,14484,0.0,0.0
2023-08-08 14:30:00-04:00,0.6280999779701233,0.6280999779701233,0.6280999779701233,0.6280999779701233,1161,0.0,0.0
2023-08-08 15:30:00-04:00,0.6349999904632568,0.6349999904632568,0.628000020980835,0.628000020980835,3455,0.0,0.0
2023-08-09 09:30:00-04:00,0.6439999938011169,0.6439999938011169,0.6000000238418579,0.6000999808311462,12066,0.0,0.0
2023-08-09 10:30:00-04:00,0.6301000118255615,0.6301000118255615,0.6100000143051147,0.6101009845733643,2007,0.0,0.0
2023-08-09 11:30:00-04:00,0.6100999712944031,0.6206510066986084,0.6100999712944031,0.6206510066986084,0,0.0,0.0
2023-08-09 13:30:00-04:00,0.6269999742507935,0.6269999742507935,0.6269999742507935,0.6269999742507935,14602,0.0,0.0
2023-08-09 14:30:00-04:00,0.6151009798049927,0.6151009798049927,0.6150000095367432,0.6151000261306763,3025,0.0,0.0
2023-08-09 15:30:00-04:00,0.6151000261306763,0.6151000261306763,0.6150000095367432,0.6150000095367432,0,0.0,0.0
2023-08-10 09:30:00-04:00,0.635699987411499,0.6445000171661377,0.6190000176429749,0.6258999705314636,3522,0.0,0.0
2023-08-10 10:30:00-04:00,0.6424999833106995,0.6424999833106995,0.6424999833106995,0.6424999833106995,554,0.0,0.0
2023-08-10 15:30:00-04:00,0.6150000095367432,0.6151000261306763,0.588100016117096,0.588100016117096,0,0.0,0.0
2023-08-11 09:30:00-04:00,0.6100000143051147,0.6100000143051147,0.5778999924659729,0.582099974155426,5823,0.0,0.0
2023-08-11 11:30:00-04:00,0.6200010180473328,0.6200010180473328,0.6200000047683716,0.6200000047683716,2202,0.0,0.0
2023-08-11 12:30:00-04:00,0.6100000143051147,0.6499999761581421,0.6100000143051147,0.6499000191688538,1398,0.0,0.0
2023-08-11 13:30:00-04:00,0.5950009822845459,0.6025000214576721,0.5950009822845459,0.6025000214576721,1927,0.0,0.0
2023-08-14 09:30:00-04:00,0.6399999856948853,0.6399999856948853,0.6100999712944031,0.6100999712944031,6622,0.0,0.0
2023-08-14 10:30:00-04:00,0.6299999952316284,0.6299999952316284,0.6299999952316284,0.6299999952316284,188,0.0,0.0
2023-08-14 12:30:00-04:00,0.6100000143051147,0.6100000143051147,0.6100000143051147,0.6100000143051147,399,0.0,0.0
2023-08-14 13:30:00-04:00,0.6174989938735962,0.6174989938735962,0.6174989938735962,0.6174989938735962,0,0.0,0.0
2023-08-15 09:30:00-04:00,0.6200000047683716,0.6200000047683716,0.6200000047683716,0.6200000047683716,669,0.0,0.0
2023-08-15 10:30:00-04:00,0.6489999890327454,0.6489999890327454,0.6488999724388123,0.6488999724388123,589,0.0,0.0
2023-08-15 11:30:00-04:00,0.6200000047683716,0.6449999809265137,0.6200000047683716,0.6449999809265137,2119,0.0,0.0
2023-08-15 12:30:00-04:00,0.6383000016212463,0.6399999856948853,0.6383000016212463,0.6399989724159241,1971,0.0,0.0
2023-08-15 13:30:00-04:00,0.6129999756813049,0.625,0.6000000238418579,0.6049000024795532,19677,0.0,0.0
2023-08-15 15:30:00-04:00,0.6399000287055969,0.6399000287055969,0.6399000287055969,0.6399000287055969,0,0.0,0.0
2023-08-16 09:30:00-04:00,0.6205999851226807,0.6205999851226807,0.6200000047683716,0.6200000047683716,4047,0.0,0.0
2023-08-16 10:30:00-04:00,0.6200000047683716,0.6229000091552734,0.6060000061988831,0.6060000061988831,1426,0.0,0.0
2023-08-16 11:30:00-04:00,0.6061000227928162,0.6399000287055969,0.6061000227928162,0.6398990154266357,3812,0.0,0.0
2023-08-16 13:30:00-04:00,0.6179999709129333,0.6179999709129333,0.6179999709129333,0.6179999709129333,654,0.0,0.0
2023-08-16 14:30:00-04:00,0.6150000095367432,0.6200000047683716,0.6000000238418579,0.6039999723434448,4034,0.0,0.0
2023-08-16 15:30:00-04:00,0.6150000095367432,0.6200000047683716,0.6150000095367432,0.6200000047683716,0,0.0,0.0
2023-08-17 09:30:00-04:00,0.6010000109672546,0.6010000109672546,0.5828999876976013,0.5900999903678894,28730,0.0,0.0
2023-08-17 10:30:00-04:00,0.5901010036468506,0.5901010036468506,0.5900999903678894,0.5900999903678894,543,0.0,0.0
2023-08-17 11:30:00-04:00,0.6102499961853027,0.6102499961853027,0.6102499961853027,0.6102499961853027,144,0.0,0.0
2023-08-17 12:30:00-04:00,0.6200000047683716,0.6200000047683716,0.6103000044822693,0.6103000044822693,582,0.0,0.0
2023-08-17 13:30:00-04:00,0.6110000014305115,0.6110000014305115,0.6110000014305115,0.6110000014305115,123,0.0,0.0
2023-08-17 14:30:00-04:00,0.6110510230064392,0.6110510230064392,0.6110510230064392,0.6110510230064392,0,0.0,0.0
2023-08-18 09:30:00-04:00,0.6200000047683716,0.6200000047683716,0.592199981212616,0.6168000102043152,1491,0.0,0.0
2023-08-18 10:30:00-04:00,0.6159999966621399,0.6159999966621399,0.6050000190734863,0.6051999926567078,5997,0.0,0.0
2023-08-18 11:30:00-04:00,0.6051999926567078,0.6198999881744385,0.6050000190734863,0.6150000095367432,5187,0.0,0.0
2023-08-18 12:30:00-04:00,0.6150000095367432,0.6150000095367432,0.6050000190734863,0.6050000190734863,2690,0.0,0.0
2023-08-18 13:30:00-04:00,0.6126999855041504,0.6298999786376953,0.6126999855041504,0.6298999786376953,11717,0.0,0.0
2023-08-18 15:30:00-04:00,0.6274499893188477,0.6299999952316284,0.6273999810218811,0.6274999976158142,6422,0.0,0.0
2023-08-21 09:30:00-04:00,0.6100000143051147,0.6110510230064392,0.6100000143051147,0.6100000143051147,1686,0.0,0.0
2023-08-21 10:30:00-04:00,0.6100999712944031,0.6200000047683716,0.5900999903678894,0.5900999903678894,5834,0.0,0.0
2023-08-21 11:30:00-04:00,0.5899999737739563,0.6000000238418579,0.5899999737739563,0.5999990105628967,3414,0.0,0.0
2023-08-21 12:30:00-04:00,0.6000000238418579,0.6000000238418579,0.5849999785423279,0.5849999785423279,3339,0.0,0.0
2023-08-21 13:30:00-04:00,0.5899999737739563,0.5950000286102295,0.5899999737739563,0.5902000069618225,1570,0.0,0.0
2023-08-21 14:30:00-04:00,0.5972999930381775,0.5972999930381775,0.5950000286102295,0.5950999855995178,1565,0.0,0.0
2023-08-21 15:30:00-04:00,0.5950000286102295,0.5950000286102295,0.5950000286102295,0.5950000286102295,2017,0.0,0.0
2023-08-22 09:30:00-04:00,0.6899999976158142,0.7199990153312683,0.6611999869346619,0.6706010103225708,302610,0.0,0.0
2023-08-22 10:30:00-04:00,0.675000011920929,0.675000011920929,0.6150000095367432,0.6604999899864197,76407,0.0,0.0
2023-08-22 11:30:00-04:00,0.6205499768257141,0.675000011920929,0.6201000213623047,0.6225000023841858,47781,0.0,0.0
2023-08-22 12:30:00-04:00,0.6399999856948853,0.6399999856948853,0.625,0.625,653,0.0,0.0
2023-08-22 13:30:00-04:00,0.6499999761581421,0.6499999761581421,0.6259999871253967,0.6259999871253967,543,0.0,0.0
2023-08-22 14:30:00-04:00,0.6399999856948853,0.6499999761581421,0.6365000009536743,0.6366000175476074,4117,0.0,0.0
2023-08-22 15:30:00-04:00,0.6366000175476074,0.6499000191688538,0.6259999871253967,0.6259999871253967,14645,0.0,0.0
2023-08-23 09:30:00-04:00,0.6200000047683716,0.632082998752594,0.6200000047683716,0.629351019859314,7631,0.0,0.0
2023-08-23 10:30:00-04:00,0.6299999952316284,0.6299999952316284,0.6269000172615051,0.6269009709358215,1241,0.0,0.0
2023-08-23 11:30:00-04:00,0.6269999742507935,0.6593999862670898,0.6269000172615051,0.6269000172615051,18415,0.0,0.0
2023-08-23 12:30:00-04:00,0.6269000172615051,0.6579999923706055,0.6269000172615051,0.6480000019073486,10413,0.0,0.0
2023-08-23 13:30:00-04:00,0.6399999856948853,0.6499999761581421,0.6398000121116638,0.6399000287055969,9012,0.0,0.0
2023-08-23 14:30:00-04:00,0.630495011806488,0.6398990154266357,0.6200000047683716,0.6200000047683716,14492,0.0,0.0
2023-08-23 15:30:00-04:00,0.5996000170707703,0.6101999878883362,0.5911999940872192,0.5952000021934509,0,0.0,0.0
2023-08-24 09:30:00-04:00,0.5799999833106995,0.6312990188598633,0.5799999833106995,0.5899999737739563,16349,0.0,0.0
2023-08-24 10:30:00-04:00,0.5835999846458435,0.6000000238418579,0.5835999846458435,0.5900999903678894,16194,0.0,0.0
2023-08-24 11:30:00-04:00,0.5899999737739563,0.5996990203857422,0.5899999737739563,0.5899999737739563,2830,0.0,0.0
2023-08-24 13:30:00-04:00,0.5900999903678894,0.5900999903678894,0.5900999903678894,0.5900999903678894,522,0.0,0.0
2023-08-24 14:30:00-04:00,0.5899999737739563,0.599498987197876,0.5899999737739563,0.599498987197876,16466,0.0,0.0
2023-08-24 15:30:00-04:00,0.5985000133514404,0.6115999817848206,0.5985000133514404,0.6044999957084656,4904,0.0,0.0
2023-08-25 09:30:00-04:00,0.5935999751091003,0.6389999985694885,0.5935999751091003,0.6380000114440918,3375,0.0,0.0
2023-08-25 10:30:00-04:00,0.6036009788513184,0.6380000114440918,0.6036009788513184,0.6380000114440918,2465,0.0,0.0
2023-08-25 11:30:00-04:00,0.5971009731292725,0.5996000170707703,0.5971009731292725,0.5996000170707703,758,0.0,0.0
2023-08-25 12:30:00-04:00,0.6000000238418579,0.6019999980926514,0.6000000238418579,0.6019999980926514,1361,0.0,0.0
2023-08-25 13:30:00-04:00,0.6370000243186951,0.6370000243186951,0.6370000243186951,0.6370000243186951,217,0.0,0.0
2023-08-25 14:30:00-04:00,0.6010000109672546,0.6025000214576721,0.6000000238418579,0.6000999808311462,2825,0.0,0.0
2023-08-25 15:30:00-04:00,0.6000000238418579,0.6150000095367432,0.6000000238418579,0.6150000095367432,4891,0.0,0.0
2023-08-28 09:30:00-04:00,0.6000000238418579,0.6100999712944031,0.6000000238418579,0.609499990940094,30084,0.0,0.0
2023-08-28 10:30:00-04:00,0.6100000143051147,0.6129819750785828,0.6100000143051147,0.6100999712944031,8115,0.0,0.0
2023-08-28 11:30:00-04:00,0.6100000143051147,0.6123999953269958,0.6100000143051147,0.6100000143051147,6725,0.0,0.0
2023-08-28 12:30:00-04:00,0.612500011920929,0.612500011920929,0.6049500107765198,0.6050000190734863,0,0.0,0.0
2023-08-28 13:30:00-04:00,0.6098999977111816,0.6098999977111816,0.6050000190734863,0.6050000190734863,98334,0.0,0.0
2023-08-28 14:30:00-04:00,0.6074000000953674,0.6100000143051147,0.6050000190734863,0.6050000190734863,6146,0.0,0.0
2023-08-28 15:30:00-04:00,0.6097999811172485,0.6100000143051147,0.6097000241279602,0.6100000143051147,9553,0.0,0.0
2023-08-29 09:30:00-04:00,0.6011000275611877,0.6100000143051147,0.6000000238418579,0.6100000143051147,4658,0.0,0.0
2023-08-29 10:30:00-04:00,0.6121990084648132,0.6248999834060669,0.6110000014305115,0.6248999834060669,19398,0.0,0.0
2023-08-29 11:30:00-04:00,0.614799976348877,0.6169999837875366,0.612820029258728,0.6169000267982483,17423,0.0,0.0
2023-08-29 12:30:00-04:00,0.6134999990463257,0.6134999990463257,0.609499990940094,0.609499990940094,998,0.0,0.0
2023-08-29 13:30:00-04:00,0.6205999851226807,0.6248000264167786,0.6205999851226807,0.6248000264167786,4078,0.0,0.0
2023-08-29 14:30:00-04:00,0.6290000081062317,0.6299999952316284,0.6252999901771545,0.6299999952316284,5983,0.0,0.0
2023-08-29 15:30:00-04:00,0.6349999904632568,0.6399999856948853,0.6299999952316284,0.6299999952316284,0,0.0,0.0
2023-08-30 09:30:00-04:00,0.6396999955177307,0.6489999890327454,0.6209999918937683,0.6225000023841858,35704,0.0,0.0
2023-08-30 10:30:00-04:00,0.6307500004768372,0.6399999856948853,0.6307500004768372,0.6399999856948853,2539,0.0,0.0
2023-08-30 11:30:00-04:00,0.6399999856948853,0.6399999856948853,0.6399999856948853,0.6399999856948853,324,0.0,0.0
2023-08-30 12:30:00-04:00,0.6299999952316284,0.6299999952316284,0.6299999952316284,0.6299999952316284,114,0.0,0.0
2023-08-30 13:30:00-04:00,0.6201000213623047,0.6299999952316284,0.6201000213623047,0.6215999722480774,4615,0.0,0.0
2023-08-30 14:30:00-04:00,0.6323000192642212,0.6323000192642212,0.6200000047683716,0.6200000047683716,5228,0.0,0.0
2023-08-30 15:30:00-04:00,0.6223000288009644,0.6223000288009644,0.6223000288009644,0.6223000288009644,0,0.0,0.0
2023-08-31 09:30:00-04:00,0.6000000238418579,0.6394000053405762,0.6000000238418579,0.6394000053405762,1524,0.0,0.0
2023-08-31 10:30:00-04:00,0.6100000143051147,0.6200000047683716,0.6069009900093079,0.618399977684021,2684,0.0,0.0
2023-08-31 11:30:00-04:00,0.6299999952316284,0.6299999952316284,0.6299999952316284,0.6299999952316284,218,0.0,0.0
2023-08-31 12:30:00-04:00,0.6068999767303467,0.6100000143051147,0.6068999767303467,0.6100000143051147,2475,0.0,0.0
2023-08-31 13:30:00-04:00,0.6071000099182129,0.6085000038146973,0.607001006603241,0.607001006603241,373,0.0,0.0
2023-08-31 14:30:00-04:00,0.6085000038146973,0.6145989894866943,0.6068999767303467,0.6145989894866943,8603,0.0,0.0
2023-08-31 15:30:00-04:00,0.6100000143051147,0.6100000143051147,0.6068999767303467,0.6068999767303467,1125,0.0,0.0
2023-09-01 09:30:00-04:00,0.6200000047683716,0.6200000047683716,0.6200000047683716,0.6200000047683716,2736,0.0,0.0
2023-09-01 10:30:00-04:00,0.6134999990463257,0.6399000287055969,0.6134999990463257,0.6399000287055969,683,0.0,0.0
2023-09-01 11:30:00-04:00,0.6299999952316284,0.6399000287055969,0.6299999952316284,0.6399000287055969,535,0.0,0.0
2023-09-01 12:30:00-04:00,0.6301000118255615,0.6302000284194946,0.6299999952316284,0.6299999952316284,4399,0.0,0.0
2023-09-01 13:30:00-04:00,0.6349999904632568,0.6349999904632568,0.6299999952316284,0.6299999952316284,5218,0.0,0.0
2023-09-01 14:30:00-04:00,0.6388999819755554,0.6389999985694885,0.6388999819755554,0.6389999985694885,2062,0.0,0.0
2023-09-05 09:30:00-04:00,0.6385999917984009,0.6385999917984009,0.6200000047683716,0.6209999918937683,4102,0.0,0.0
2023-09-05 10:30:00-04:00,0.6166999936103821,0.6166999936103821,0.5899999737739563,0.5900999903678894,3938,0.0,0.0
2023-09-05 11:30:00-04:00,0.6000499725341797,0.6100000143051147,0.5900999903678894,0.5978999733924866,3335,0.0,0.0
2023-09-05 12:30:00-04:00,0.6098999977111816,0.6098999977111816,0.6000000238418579,0.6000000238418579,740,0.0,0.0
2023-09-05 13:30:00-04:00,0.609000027179718,0.6100000143051147,0.6049489974975586,0.6049489974975586,5334,0.0,0.0
2023-09-05 15:30:00-04:00,0.6093000173568726,0.6093000173568726,0.6000000238418579,0.6000000238418579,0,0.0,0.0
2023-09-06 09:30:00-04:00,0.6100000143051147,0.625,0.6100000143051147,0.625,1311,0.0,0.0
2023-09-06 10:30:00-04:00,0.6389999985694885,0.6498000025749207,0.6100000143051147,0.6100000143051147,19395,0.0,0.0
2023-09-06 11:30:00-04:00,0.6499999761581421,0.6499999761581421,0.6151000261306763,0.6151000261306763,4514,0.0,0.0
2023-09-06 12:30:00-04:00,0.6348999738693237,0.6448000073432922,0.6348999738693237,0.6349999904632568,3543,0.0,0.0
2023-09-06 13:30:00-04:00,0.6399999856948853,0.6427000164985657,0.6349999904632568,0.6351000070571899,4173,0.0,0.0
2023-09-06 15:30:00-04:00,0.6349999904632568,0.6349999904632568,0.6225000023841858,0.6225000023841858,1146,0.0,0.0
2023-09-07 09:30:00-04:00,0.6200000047683716,0.6200000047683716,0.6115999817848206,0.6148200035095215,913,0.0,0.0
2023-09-07 10:30:00-04:00,0.6168000102043152,0.6168000102043152,0.6078000068664551,0.6078000068664551,47200,0.0,0.0
2023-09-07 11:30:00-04:00,0.6050490140914917,0.6299999952316284,0.6010000109672546,0.6200000047683716,71215,0.0,0.0
2023-09-07 12:30:00-04:00,0.6200000047683716,0.6245999932289124,0.6200000047683716,0.6245999932289124,7114,0.0,0.0
2023-09-07 13:30:00-04:00,0.6245999932289124,0.6299999952316284,0.6244999766349792,0.6245030164718628,816,0.0,0.0
2023-09-07 14:30:00-04:00,0.6201000213623047,0.6201000213623047,0.6200000047683716,0.6200000047683716,740,0.0,0.0
2023-09-07 15:30:00-04:00,0.6200000047683716,0.6244999766349792,0.6200000047683716,0.6200000047683716,0,0.0,0.0
2023-09-08 09:30:00-04:00,0.609000027179718,0.6194999814033508,0.5899999737739563,0.6078000068664551,45760,0.0,0.0
2023-09-08 10:30:00-04:00,0.6010000109672546,0.6010000109672546,0.6010000109672546,0.6010000109672546,100,0.0,0.0
2023-09-08 11:30:00-04:00,0.6200000047683716,0.6200000047683716,0.6134999990463257,0.6134999990463257,4107,0.0,0.0
2023-09-08 12:30:00-04:00,0.6140000224113464,0.6287990212440491,0.6140000224113464,0.6214489936828613,4700,0.0,0.0
2023-09-08 13:30:00-04:00,0.6140000224113464,0.6283000111579895,0.6010000109672546,0.6283000111579895,955,0.0,0.0
2023-09-08 14:30:00-04:00,0.6013000011444092,0.6201000213623047,0.6011000275611877,0.6198999881744385,2516,0.0,0.0
2023-09-08 15:30:00-04:00,0.6151999831199646,0.6197999715805054,0.6100000143051147,0.6110000014305115,1828,0.0,0.0
2023-09-11 09:30:00-04:00,0.5950000286102295,0.6100000143051147,0.5950000286102295,0.5960000157356262,3946,0.0,0.0
2023-09-11 10:30:00-04:00,0.6098999977111816,0.6100000143051147,0.5960010290145874,0.5960010290145874,4129,0.0,0.0
2023-09-11 11:30:00-04:00,0.6029999852180481,0.6029999852180481,0.5971999764442444,0.5971999764442444,5908,0.0,0.0
2023-09-11 12:30:00-04:00,0.5960999727249146,0.5960999727249146,0.5960000157356262,0.5960000157356262,748,0.0,0.0
2023-09-11 13:30:00-04:00,0.6100000143051147,0.6100000143051147,0.5960999727249146,0.6100000143051147,1744,0.0,0.0
2023-09-11 15:30:00-04:00,0.5964999794960022,0.6100000143051147,0.5964999794960022,0.6100000143051147,0,0.0,0.0
2023-09-12 09:30:00-04:00,0.6259999871253967,0.6299999952316284,0.6198999881744385,0.6298999786376953,4217,0.0,0.0
2023-09-12 10:30:00-04:00,0.6119999885559082,0.6136999726295471,0.6110000014305115,0.6110000014305115,2499,0.0,0.0
2023-09-12 11:30:00-04:00,0.611100971698761,0.6299999952316284,0.611100971698761,0.6299999952316284,5738,0.0,0.0
2023-09-12 12:30:00-04:00,0.6299999952316284,0.6299999952316284,0.6299999952316284,0.6299999952316284,704,0.0,0.0
2023-09-12 13:30:00-04:00,0.6110000014305115,0.6110000014305115,0.6110000014305115,0.6110000014305115,1295,0.0,0.0
2023-09-12 14:30:00-04:00,0.6205000281333923,0.6205000281333923,0.6139000058174133,0.6139000058174133,0,0.0,0.0
2023-09-13 09:30:00-04:00,0.6200000047683716,0.6248999834060669,0.6100000143051147,0.6248999834060669,13465,0.0,0.0
2023-09-13 10:30:00-04:00,0.619700014591217,0.619700014591217,0.619700014591217,0.619700014591217,255,0.0,0.0
2023-09-13 11:30:00-04:00,0.6140000224113464,0.6299989819526672,0.6100000143051147,0.6275489926338196,16017,0.0,0.0
2023-09-13 12:30:00-04:00,0.6276000142097473,0.6290000081062317,0.6200000047683716,0.6200000047683716,4378,0.0,0.0
2023-09-13 13:30:00-04:00,0.6200000047683716,0.6298999786376953,0.6200000047683716,0.6295999884605408,9363,0.0,0.0
2023-09-13 14:30:00-04:00,0.6200000047683716,0.641198992729187,0.6200000047683716,0.6410999894142151,18974,0.0,0.0
2023-09-13 15:30:00-04:00,0.6410999894142151,0.6410999894142151,0.6410999894142151,0.6410999894142151,10121,0.0,0.0
2023-09-14 09:30:00-04:00,0.6299999952316284,0.6499990224838257,0.6101009845733643,0.6101009845733643,11019,0.0,0.0
2023-09-14 10:30:00-04:00,0.629800021648407,0.6396499872207642,0.6200000047683716,0.6200000047683716,11422,0.0,0.0
2023-09-14 12:30:00-04:00,0.6279990077018738,0.6279990077018738,0.6150000095367432,0.6279990077018738,7026,0.0,0.0
2023-09-14 13:30:00-04:00,0.6107010245323181,0.6107010245323181,0.6107010245323181,0.6107010245323181,606,0.0,0.0
2023-09-14 14:30:00-04:00,0.6190999746322632,0.6190999746322632,0.6190999746322632,0.6190999746322632,252,0.0,0.0
2023-09-14 15:30:00-04:00,0.6028000116348267,0.628000020980835,0.6000000238418579,0.628000020980835,0,0.0,0.0
2023-09-15 09:30:00-04:00,0.6399999856948853,0.6399999856948853,0.600600004196167,0.600600004196167,1072,0.0,0.0
2023-09-15 10:30:00-04:00,0.6014999747276306,0.6014999747276306,0.5849999785423279,0.5910999774932861,17346,0.0,0.0
2023-09-15 11:30:00-04:00,0.5910000205039978,0.599075973033905,0.5809999704360962,0.5839999914169312,5308,0.0,0.0
2023-09-15 12:30:00-04:00,0.5835999846458435,0.5835999846458435,0.5835009813308716,0.5835009813308716,1142,0.0,0.0
2023-09-15 13:30:00-04:00,0.585099995136261,0.5920000076293945,0.5839999914169312,0.5920000076293945,1324,0.0,0.0
2023-09-15 14:30:00-04:00,0.5888000130653381,0.5888000130653381,0.5888000130653381,0.5888000130653381,1356,0.0,0.0
2023-09-15 15:30:00-04:00,0.5888000130653381,0.6200000047683716,0.5849999785423279,0.6169000267982483,6819,0.0,0.0
2023-09-18 09:30:00-04:00,0.5895000100135803,0.5895000100135803,0.5892999768257141,0.5895000100135803,7257,0.0,0.0
2023-09-18 10:30:00-04:00,0.609000027179718,0.609000027179718,0.5899999737739563,0.5899999737739563,8411,0.0,0.0
2023-09-18 11:30:00-04:00,0.5809999704360962,0.5954999923706055,0.5809999704360962,0.5954999923706055,4767,0.0,0.0
2023-09-18 12:30:00-04:00,0.5899999737739563,0.6000000238418579,0.5899999737739563,0.5899999737739563,484,0.0,0.0
2023-09-18 13:30:00-04:00,0.5950000286102295,0.5950000286102295,0.5910000205039978,0.5910000205039978,2404,0.0,0.0
2023-09-18 14:30:00-04:00,0.599399983882904,0.599399983882904,0.599399983882904,0.599399983882904,1081,0.0,0.0
2023-09-18 15:30:00-04:00,0.5899999737739563,0.5946000218391418,0.589900016784668,0.589900016784668,0,0.0,0.0
2023-09-19 09:30:00-04:00,0.5824999809265137,0.5824999809265137,0.5509999990463257,0.5509999990463257,5793,0.0,0.0
2023-09-19 10:30:00-04:00,0.5550000071525574,0.5698999762535095,0.550000011920929,0.566100001335144,4168,0.0,0.0
2023-09-19 11:30:00-04:00,0.5400000214576721,0.5550000071525574,0.5400000214576721,0.5550000071525574,1350,0.0,0.0
2023-09-19 12:30:00-04:00,0.5550000071525574,0.5625,0.5525000095367432,0.5525000095367432,4700,0.0,0.0
2023-09-19 13:30:00-04:00,0.5525000095367432,0.5525000095367432,0.5450000166893005,0.5497999787330627,0,0.0,0.0
2023-09-20 09:30:00-04:00,0.5400000214576721,0.5498999953269958,0.5299999713897705,0.5410000085830688,13735,0.0,0.0
2023-09-20 10:30:00-04:00,0.5306000113487244,0.5450000166893005,0.5301010012626648,0.5311009883880615,24337,0.0,0.0
2023-09-20 11:30:00-04:00,0.5329999923706055,0.5329999923706055,0.528249979019165,0.5299999713897705,5513,0.0,0.0
2023-09-20 12:30:00-04:00,0.5309000015258789,0.531000018119812,0.5246989727020264,0.5246989727020264,3293,0.0,0.0
2023-09-20 13:30:00-04:00,0.5238999724388123,0.5289999842643738,0.5123000144958496,0.5230000019073486,4611,0.0,0.0
2023-09-20 14:30:00-04:00,0.5231000185012817,0.5299999713897705,0.5231000185012817,0.5299999713897705,29225,0.0,0.0
2023-09-20 15:30:00-04:00,0.5360000133514404,0.5449680089950562,0.5360000133514404,0.5436999797821045,11816,0.0,0.0
2023-09-21 09:30:00-04:00,0.527400016784668,0.527400016784668,0.5187000036239624,0.5187000036239624,10986,0.0,0.0
2023-09-21 11:30:00-04:00,0.5199999809265137,0.5238000154495239,0.5199999809265137,0.5236999988555908,5219,0.0,0.0
2023-09-21 13:30:00-04:00,0.5218999981880188,0.5220000147819519,0.5168489813804626,0.5168489813804626,1273,0.0,0.0
2023-09-21 14:30:00-04:00,0.5109999775886536,0.5236999988555908,0.5099999904632568,0.5236999988555908,12072,0.0,0.0
2023-09-21 15:30:00-04:00,0.5170000195503235,0.5238000154495239,0.5170000195503235,0.5238000154495239,0,0.0,0.0
2023-09-22 09:30:00-04:00,0.5199999809265137,0.5257750153541565,0.5199999809265137,0.5257750153541565,787,0.0,0.0
2023-09-22 10:30:00-04:00,0.5307000279426575,0.5307000279426575,0.5307000279426575,0.5307000279426575,370,0.0,0.0
2023-09-22 11:30:00-04:00,0.5350099802017212,0.5390009880065918,0.5350000262260437,0.5352500081062317,3622,0.0,0.0
2023-09-22 12:30:00-04:00,0.5475000143051147,0.5475000143051147,0.5475000143051147,0.5475000143051147,230,0.0,0.0
2023-09-22 13:30:00-04:00,0.5473989844322205,0.5473999977111816,0.5473989844322205,0.5473999977111816,475,0.0,0.0
2023-09-22 14:30:00-04:00,0.5400000214576721,0.5400000214576721,0.5400000214576721,0.5400000214576721,281,0.0,0.0
2023-09-25 09:30:00-04:00,0.5199999809265137,0.535099983215332,0.5199999809265137,0.5199999809265137,6555,0.0,0.0
2023-09-25 10:30:00-04:00,0.5098999738693237,0.5199999809265137,0.5098999738693237,0.5199999809265137,1193,0.0,0.0
2023-09-25 11:30:00-04:00,0.5109000205993652,0.5109000205993652,0.5109000205993652,0.5109000205993652,274,0.0,0.0
2023-09-25 12:30:00-04:00,0.5199999809265137,0.5199999809265137,0.5199999809265137,0.5199999809265137,303,0.0,0.0
2023-09-25 14:30:00-04:00,0.5149999856948853,0.5198000073432922,0.5149999856948853,0.5198000073432922,211,0.0,0.0
2023-09-25 15:30:00-04:00,0.5101010203361511,0.5400000214576721,0.5099999904632568,0.5400000214576721,5644,0.0,0.0
2023-09-26 09:30:00-04:00,0.5116009712219238,0.5116009712219238,0.5116009712219238,0.5116009712219238,5147,0.0,0.0
2023-09-26 10:30:00-04:00,0.5260009765625,0.5260009765625,0.5120000243186951,0.5120000243186951,664,0.0,0.0
2023-09-26 11:30:00-04:00,0.5120000243186951,0.5130000114440918,0.5120000243186951,0.5130000114440918,529,0.0,0.0
2023-09-26 12:30:00-04:00,0.5138999819755554,0.5138999819755554,0.5120000243186951,0.5120000243186951,3089,0.0,0.0
2023-09-26 13:30:00-04:00,0.5099999904632568,0.5103759765625,0.5099999904632568,0.5103759765625,2313,0.0,0.0
2023-09-26 14:30:00-04:00,0.512499988079071,0.5139999985694885,0.5070009827613831,0.5139999985694885,14324,0.0,0.0
2023-09-27 09:30:00-04:00,0.5299999713897705,0.550000011920929,0.5206009745597839,0.5206999778747559,13949,0.0,0.0
2023-09-27 10:30:00-04:00,0.5116000175476074,0.5199999809265137,0.5116000175476074,0.5116000175476074,1173,0.0,0.0
2023-09-27 11:30:00-04:00,0.5149509906768799,0.5199000239372253,0.5149509906768799,0.5199000239372253,4927,0.0,0.0
2023-09-27 12:30:00-04:00,0.5180000066757202,0.5206999778747559,0.5180000066757202,0.5206999778747559,13261,0.0,0.0
2023-09-27 13:30:00-04:00,0.5275499820709229,0.5299999713897705,0.5250999927520752,0.5299999713897705,1283,0.0,0.0
2023-09-27 14:30:00-04:00,0.5275999903678894,0.5299999713897705,0.5249999761581421,0.5299999713897705,1976,0.0,0.0
2023-09-27 15:30:00-04:00,0.5299999713897705,0.5299999713897705,0.5299999713897705,0.5299999713897705,257,0.0,0.0
2023-09-28 10:30:00-04:00,0.5284000039100647,0.5284000039100647,0.5284000039100647,0.5284000039100647,513,0.0,0.0
2023-09-28 12:30:00-04:00,0.5242000222206116,0.5242000222206116,0.5242000222206116,0.5242000222206116,394,0.0,0.0
2023-09-28 15:30:00-04:00,0.5202000141143799,0.5202000141143799,0.5202000141143799,0.5202000141143799,140,0.0,0.0
2023-09-29 09:30:00-04:00,0.5986999869346619,0.5986999869346619,0.5214999914169312,0.5214999914169312,35273,0.0,0.0
2023-09-29 10:30:00-04:00,0.5299999713897705,0.550000011920929,0.5214999914169312,0.5358999967575073,14715,0.0,0.0
2023-09-29 11:30:00-04:00,0.5358999967575073,0.5358999967575073,0.5304999947547913,0.531000018119812,4965,0.0,0.0
2023-09-29 12:30:00-04:00,0.5353999733924866,0.5353999733924866,0.5310999751091003,0.5310999751091003,9486,0.0,0.0
2023-09-29 13:30:00-04:00,0.5310999751091003,0.5353999733924866,0.5009999871253967,0.5157999992370605,17349,0.0,0.0
2023-09-29 14:30:00-04:00,0.5157999992370605,0.5299999713897705,0.5,0.5040000081062317,22861,0.0,0.0
2023-09-29 15:30:00-04:00,0.5029000043869019,0.5299999713897705,0.47999998927116394,0.49410000443458557,12127,0.0,0.0
2023-10-02 09:30:00-04:00,0.5099999904632568,0.5099999904632568,0.4749999940395355,0.4754999876022339,41976,0.0,0.0
2023-10-02 10:30:00-04:00,0.4754999876022339,0.5099999904632568,0.4754999876022339,0.5,3649,0.0,0.0
2023-10-02 11:30:00-04:00,0.5,0.5,0.47999998927116394,0.48350000381469727,8842,0.0,0.0
2023-10-02 12:30:00-04:00,0.48350000381469727,0.48559999465942383,0.47519999742507935,0.47519999742507935,23516,0.0,0.0
2023-10-02 13:30:00-04:00,0.4749999940395355,0.47850000858306885,0.460099995136261,0.4729999899864197,4965,0.0,0.0
2023-10-02 14:30:00-04:00,0.47380000352859497,0.49380001425743103,0.47360000014305115,0.49380001425743103,19186,0.0,0.0
2023-10-02 15:30:00-04:00,0.48750001192092896,0.4950000047683716,0.47999998927116394,0.47999998927116394,6046,0.0,0.0
2023-10-03 09:30:00-04:00,0.47999998927116394,0.49000000953674316,0.460099995136261,0.460099995136261,14448,0.0,0.0
2023-10-03 10:30:00-04:00,0.460099995136261,0.47999998927116394,0.460099995136261,0.460999995470047,15543,0.0,0.0
2023-10-03 11:30:00-04:00,0.460999995470047,0.4620000123977661,0.46000000834465027,0.460999995470047,5896,0.0,0.0
2023-10-03 12:30:00-04:00,0.460999995470047,0.47999998927116394,0.460999995470047,0.4652000069618225,2633,0.0,0.0
2023-10-03 13:30:00-04:00,0.4652999937534332,0.4805000126361847,0.4652999937534332,0.47099998593330383,3332,0.0,0.0
2023-10-03 14:30:00-04:00,0.4700999855995178,0.4828000068664551,0.4650999903678894,0.4650999903678894,6042,0.0,0.0
2023-10-03 15:30:00-04:00,0.4650999903678894,0.47380000352859497,0.46000000834465027,0.47380000352859497,0,0.0,0.0
2023-10-04 09:30:00-04:00,0.4973999857902527,0.4973999857902527,0.46000000834465027,0.46000000834465027,10386,0.0,0.0
2023-10-04 10:30:00-04:00,0.47999998927116394,0.4803999960422516,0.4699999988079071,0.48010000586509705,951,0.0,0.0
2023-10-04 11:30:00-04:00,0.48100000619888306,0.49000000953674316,0.4799000024795532,0.4799000024795532,1314,0.0,0.0
2023-10-04 12:30:00-04:00,0.4749000072479248,0.4799000024795532,0.45019999146461487,0.46209999918937683,13823,0.0,0.0
2023-10-04 13:30:00-04:00,0.4799000024795532,0.4799000024795532,0.4620000123977661,0.4699999988079071,7511,0.0,0.0
2023-10-04 14:30:00-04:00,0.4749000072479248,0.47999998927116394,0.4749000072479248,0.47540000081062317,13483,0.0,0.0
2023-10-04 15:30:00-04:00,0.47999998927116394,0.4844000041484833,0.47999998927116394,0.4844000041484833,0,0.0,0.0
2023-10-05 09:30:00-04:00,0.4844000041484833,0.5400000214576721,0.4844000041484833,0.5198000073432922,3106,0.0,0.0
2023-10-05 10:30:00-04:00,0.5099999904632568,0.5389999747276306,0.5099999904632568,0.5389999747276306,530,0.0,0.0
2023-10-05 11:30:00-04:00,0.5389999747276306,0.5389999747276306,0.49140000343322754,0.49140000343322754,11938,0.0,0.0
2023-10-05 12:30:00-04:00,0.5112500190734863,0.5289999842643738,0.4900999963283539,0.5100499987602234,3221,0.0,0.0
2023-10-05 14:30:00-04:00,0.5019999742507935,0.5299999713897705,0.4964999854564667,0.5019999742507935,1429,0.0,0.0
2023-10-05 15:30:00-04:00,0.5019999742507935,0.5019999742507935,0.4699999988079071,0.49000000953674316,25043,0.0,0.0
2023-10-06 10:30:00-04:00,0.4853000044822693,0.5170999765396118,0.4853000044822693,0.5170999765396118,2667,0.0,0.0
2023-10-06 11:30:00-04:00,0.5174999833106995,0.5174999833106995,0.48500099778175354,0.49000000953674316,1358,0.0,0.0
2023-10-06 12:30:00-04:00,0.4909999966621399,0.4909999966621399,0.48410001397132874,0.48410001397132874,11393,0.0,0.0
2023-10-06 13:30:00-04:00,0.483599990606308,0.483599990606308,0.4797999858856201,0.4797999858856201,9318,0.0,0.0
2023-10-06 14:30:00-04:00,0.5099999904632568,0.5099999904632568,0.5055000185966492,0.5065000057220459,9860,0.0,0.0
2023-10-06 15:30:00-04:00,0.4934000074863434,0.4936000108718872,0.4934000074863434,0.4936000108718872,646,0.0,0.0
2023-10-09 09:30:00-04:00,0.47350001335144043,0.5199999809265137,0.47350001335144043,0.5199999809265137,12216,0.0,0.0
2023-10-09 10:30:00-04:00,0.48019999265670776,0.4950000047683716,0.48019999265670776,0.48100000619888306,4570,0.0,0.0
2023-10-09 11:30:00-04:00,0.4830000102519989,0.5,0.48019999265670776,0.48890000581741333,8073,0.0,0.0
2023-10-09 12:30:00-04:00,0.48019999265670776,0.48890000581741333,0.4794999957084656,0.4794999957084656,2951,0.0,0.0
2023-10-09 13:30:00-04:00,0.4794999957084656,0.48019999265670776,0.4794999957084656,0.48019999265670776,1817,0.0,0.0
2023-10-09 14:30:00-04:00,0.4799000024795532,0.4799000024795532,0.4799000024795532,0.4799000024795532,980,0.0,0.0
2023-10-09 15:30:00-04:00,0.4794999957084656,0.4794999957084656,0.4700999855995178,0.4700999855995178,0,0.0,0.0
2023-10-10 09:30:00-04:00,0.49000000953674316,0.5163000226020813,0.4837999939918518,0.5001000165939331,16826,0.0,0.0
2023-10-10 10:30:00-04:00,0.5099999904632568,0.5199999809265137,0.49000000953674316,0.4999000132083893,2915,0.0,0.0
2023-10-10 11:30:00-04:00,0.4999000132083893,0.5120000243186951,0.4909999966621399,0.5074999928474426,2414,0.0,0.0
2023-10-10 12:30:00-04:00,0.4999000132083893,0.5073000192642212,0.4999000132083893,0.5073000192642212,612,0.0,0.0
2023-10-10 13:30:00-04:00,0.5099999904632568,0.5099999904632568,0.5,0.5097000002861023,2833,0.0,0.0
2023-10-10 14:30:00-04:00,0.5048999786376953,0.5060999989509583,0.4699999988079071,0.4948999881744385,7718,0.0,0.0
2023-10-10 15:30:00-04:00,0.4715999960899353,0.4779999852180481,0.4699999988079071,0.4699999988079071,0,0.0,0.0
2023-10-11 09:30:00-04:00,0.4936999976634979,0.5098999738693237,0.4936999976634979,0.5,923,0.0,0.0
2023-10-11 10:30:00-04:00,0.4998989999294281,0.516700029373169,0.4968999922275543,0.5099999904632568,21938,0.0,0.0
2023-10-11 11:30:00-04:00,0.515999972820282,0.515999972820282,0.5,0.5065000057220459,7302,0.0,0.0
2023-10-11 12:30:00-04:00,0.5041000247001648,0.5078989863395691,0.5001000165939331,0.5078989863395691,2417,0.0,0.0
2023-10-11 13:30:00-04:00,0.5074999928474426,0.5080000162124634,0.48249998688697815,0.4925999939441681,23967,0.0,0.0
2023-10-11 14:30:00-04:00,0.4925999939441681,0.5080000162124634,0.4749999940395355,0.5078999996185303,9777,0.0,0.0
2023-10-11 15:30:00-04:00,0.5078999996185303,0.5080000162124634,0.4966000020503998,0.5080000162124634,4863,0.0,0.0
2023-10-12 09:30:00-04:00,0.4749000072479248,0.5099999904632568,0.4749000072479248,0.4964999854564667,20844,0.0,0.0
2023-10-12 10:30:00-04:00,0.4853000044822693,0.49549999833106995,0.4724999964237213,0.4724999964237213,27649,0.0,0.0
2023-10-12 11:30:00-04:00,0.4729999899864197,0.4821999967098236,0.4729999899864197,0.48190000653266907,18518,0.0,0.0
2023-10-12 12:30:00-04:00,0.48190000653266907,0.4821999967098236,0.4650000035762787,0.46860000491142273,46715,0.0,0.0
2023-10-12 13:30:00-04:00,0.4675000011920929,0.4749999940395355,0.46549999713897705,0.4740000069141388,31920,0.0,0.0
2023-10-12 14:30:00-04:00,0.4749000072479248,0.4763999879360199,0.46549999713897705,0.47600001096725464,34922,0.0,0.0
2023-10-12 15:30:00-04:00,0.4729999899864197,4.7170000076293945,0.4681999981403351,4.7170000076293945,24598,0.0,0.0
2023-10-16 09:30:00-04:00,5.110000133514404,5.349999904632568,4.119999885559082,5.300000190734863,102024,0.0,0.0
2023-10-16 10:30:00-04:00,5.300000190734863,5.300000190734863,4.800000190734863,4.840099811553955,41948,0.0,0.0
2023-10-16 11:30:00-04:00,4.940000057220459,4.940000057220459,4.840000152587891,4.869999885559082,5562,0.0,0.0
2023-10-16 12:30:00-04:00,4.850100040435791,5.0,4.849999904632568,4.850100040435791,7046,0.0,0.0
2023-10-16 13:30:00-04:00,4.849999904632568,4.860000133514404,4.840000152587891,4.840000152587891,7963,0.0,0.0
2023-10-16 14:30:00-04:00,4.850100040435791,5.190000057220459,4.850100040435791,5.144999980926514,3359,0.0,0.0
2023-10-16 15:30:00-04:00,5.139999866485596,5.349999904632568,5.03000020980835,5.300000190734863,6738,0.0,0.0
2023-10-17 09:30:00-04:00,4.960000038146973,4.960000038146973,4.78000020980835,4.900000095367432,13708,0.0,0.0
2023-10-17 10:30:00-04:00,4.8790998458862305,4.900000095367432,4.78000020980835,4.900000095367432,1749,0.0,0.0
2023-10-17 11:30:00-04:00,4.739999771118164,4.858799934387207,4.739999771118164,4.829999923706055,1602,0.0,0.0
2023-10-17 12:30:00-04:00,4.829999923706055,4.900000095367432,4.800000190734863,4.800000190734863,3529,0.0,0.0
2023-10-17 13:30:00-04:00,4.800000190734863,4.800000190734863,4.650000095367432,4.705999851226807,2469,0.0,0.0
2023-10-17 14:30:00-04:00,4.769999980926514,4.779900074005127,4.739999771118164,4.739999771118164,1198,0.0,0.0
2023-10-17 15:30:00-04:00,4.710000038146973,4.71999979019165,4.650000095367432,4.659999847412109,4251,0.0,0.0
2023-10-18 09:30:00-04:00,4.539999961853027,4.670000076293945,4.519999980926514,4.539999961853027,6580,0.0,0.0
2023-10-18 10:30:00-04:00,4.635000228881836,4.635000228881836,4.5,4.5,2285,0.0,0.0
2023-10-18 11:30:00-04:00,4.5,4.59499979019165,4.409999847412109,4.409999847412109,2373,0.0,0.0
2023-10-18 12:30:00-04:00,4.429999828338623,4.429999828338623,4.380000114440918,4.380000114440918,2838,0.0,0.0
2023-10-18 14:30:00-04:00,4.380000114440918,4.380000114440918,4.380000114440918,4.380000114440918,875,0.0,0.0
2023-10-18 15:30:00-04:00,4.389999866485596,4.400000095367432,4.300000190734863,4.400000095367432,2937,0.0,0.0
2023-10-19 09:30:00-04:00,4.269999980926514,4.349999904632568,4.010000228881836,4.156599998474121,7449,0.0,0.0
2023-10-19 10:30:00-04:00,4.110000133514404,4.119999885559082,4.079899787902832,4.119999885559082,3031,0.0,0.0
2023-10-19 11:30:00-04:00,4.184599876403809,4.199999809265137,4.170000076293945,4.199999809265137,1329,0.0,0.0
2023-10-19 12:30:00-04:00,4.179999828338623,4.179999828338623,4.130000114440918,4.130000114440918,1418,0.0,0.0
2023-10-19 13:30:00-04:00,4.279900074005127,4.279900074005127,4.279900074005127,4.279900074005127,2162,0.0,0.0
2023-10-19 15:30:00-04:00,4.210000038146973,4.239999771118164,4.199999809265137,4.239999771118164,0,0.0,0.0
2023-10-20 09:30:00-04:00,4.391600131988525,4.719900131225586,4.190000057220459,4.345300197601318,7116,0.0,0.0
2023-10-20 10:30:00-04:00,4.269999980926514,4.46999979019165,4.269999980926514,4.380099773406982,1121,0.0,0.0
2023-10-20 11:30:00-04:00,4.389999866485596,4.389999866485596,4.303199768066406,4.303199768066406,585,0.0,0.0
2023-10-20 12:30:00-04:00,4.380899906158447,4.380899906158447,4.309999942779541,4.309999942779541,660,0.0,0.0
2023-10-20 14:30:00-04:00,4.349999904632568,4.440000057220459,4.349999904632568,4.440000057220459,1994,0.0,0.0
2023-10-20 15:30:00-04:00,4.590000152587891,4.800000190734863,4.590000152587891,4.75,1428,0.0,0.0
2023-10-23 09:30:00-04:00,4.650000095367432,5.039999961853027,4.599999904632568,4.900000095367432,18148,0.0,0.0
2023-10-23 10:30:00-04:00,4.972400188446045,5.225800037384033,4.909999847412109,5.159999847412109,5236,0.0,0.0
2023-10-23 11:30:00-04:00,5.159999847412109,5.28000020980835,5.150000095367432,5.25,2308,0.0,0.0
2023-10-23 12:30:00-04:00,5.226200103759766,5.226200103759766,5.21999979019165,5.21999979019165,460,0.0,0.0
2023-10-23 14:30:00-04:00,5.2600998878479,5.937300205230713,5.2600998878479,5.937300205230713,12333,0.0,0.0
2023-10-23 15:30:00-04:00,6.010000228881836,7.829999923706055,5.550000190734863,6.139999866485596,660673,0.0,0.0
2023-10-24 09:30:00-04:00,5.050000190734863,5.976200103759766,5.032299995422363,5.869900226593018,69935,0.0,0.0
2023-10-24 10:30:00-04:00,5.849999904632568,6.0,5.4770002365112305,5.625,25066,0.0,0.0
2023-10-24 11:30:00-04:00,5.369999885559082,5.752900123596191,5.090000152587891,5.242800235748291,23387,0.0,0.0
2023-10-24 12:30:00-04:00,5.190000057220459,5.589600086212158,5.190000057220459,5.239999771118164,16539,0.0,0.0
2023-10-24 13:30:00-04:00,5.070000171661377,5.320000171661377,5.070000171661377,5.320000171661377,3188,0.0,0.0
2023-10-24 14:30:00-04:00,5.309999942779541,5.309999942779541,5.300000190734863,5.300000190734863,669,0.0,0.0
2023-10-24 15:30:00-04:00,5.53000020980835,5.53000020980835,5.110000133514404,5.170000076293945,13740,0.0,0.0
2023-10-25 09:30:00-04:00,4.989999771118164,5.130000114440918,4.699999809265137,4.713200092315674,12655,0.0,0.0
2023-10-25 10:30:00-04:00,4.667500019073486,4.795000076293945,4.667500019073486,4.699999809265137,2859,0.0,0.0
2023-10-25 11:30:00-04:00,4.700099945068359,4.833700180053711,4.699999809265137,4.833700180053711,3305,0.0,0.0
2023-10-25 13:30:00-04:00,4.800000190734863,4.800000190734863,4.700099945068359,4.700099945068359,1011,0.0,0.0
2023-10-25 14:30:00-04:00,4.920000076293945,4.940000057220459,4.815000057220459,4.815000057220459,3235,0.0,0.0
2023-10-25 15:30:00-04:00,4.820000171661377,5.008500099182129,4.820000171661377,4.980000019073486,0,0.0,0.0
2023-10-26 09:30:00-04:00,4.820000171661377,4.820000171661377,4.559999942779541,4.610000133514404,2318,0.0,0.0
2023-10-26 11:30:00-04:00,4.75,4.954999923706055,4.75,4.954999923706055,864,0.0,0.0
2023-10-26 12:30:00-04:00,4.75,4.75,4.71999979019165,4.71999979019165,1021,0.0,0.0
2023-10-26 13:30:00-04:00,4.690000057220459,4.690000057220459,4.670000076293945,4.690000057220459,2659,0.0,0.0
2023-10-26 14:30:00-04:00,4.690000057220459,4.769999980926514,4.690000057220459,4.769999980926514,703,0.0,0.0
2023-10-26 15:30:00-04:00,4.690000057220459,4.945000171661377,4.690000057220459,4.920000076293945,856,0.0,0.0
2023-10-27 09:30:00-04:00,4.650000095367432,4.650000095367432,4.650000095367432,4.650000095367432,1856,0.0,0.0
2023-10-27 13:30:00-04:00,4.71999979019165,4.815000057220459,4.715000152587891,4.804999828338623,5560,0.0,0.0
2023-10-27 14:30:00-04:00,4.78000020980835,4.78000020980835,4.710000038146973,4.769999980926514,2305,0.0,0.0
2023-10-27 15:30:00-04:00,4.710000038146973,4.710000038146973,4.699999809265137,4.699999809265137,660,0.0,0.0
2023-10-30 09:30:00-04:00,4.639999866485596,4.664999961853027,4.639999866485596,4.664999961853027,794,0.0,0.0
2023-10-30 10:30:00-04:00,4.670100212097168,4.670100212097168,4.670000076293945,4.670000076293945,5516,0.0,0.0
2023-10-30 11:30:00-04:00,4.849999904632568,4.849999904632568,4.849999904632568,4.849999904632568,391,0.0,0.0
2023-10-30 13:30:00-04:00,4.770100116729736,4.770100116729736,4.770100116729736,4.770100116729736,1100,0.0,0.0
2023-10-30 15:30:00-04:00,5.21999979019165,5.21999979019165,5.21999979019165,5.21999979019165,102,0.0,0.0
2023-10-31 09:30:00-04:00,5.010000228881836,5.010000228881836,5.010000228881836,5.010000228881836,505,0.0,0.0
2023-10-31 11:30:00-04:00,4.647799968719482,4.647799968719482,4.599999904632568,4.599999904632568,906,0.0,0.0
2023-10-31 12:30:00-04:00,4.598899841308594,4.619999885559082,4.570499897003174,4.619999885559082,2052,0.0,0.0
2023-10-31 14:30:00-04:00,4.71999979019165,4.71999979019165,4.71999979019165,4.71999979019165,444,0.0,0.0
2023-10-31 15:30:00-04:00,4.610000133514404,4.669899940490723,4.610000133514404,4.6697998046875,0,0.0,0.0
2023-11-01 09:30:00-04:00,4.53000020980835,4.890200138092041,4.53000020980835,4.890200138092041,359,0.0,0.0
2023-11-01 10:30:00-04:00,4.849999904632568,4.849999904632568,4.610000133514404,4.610000133514404,981,0.0,0.0
2023-11-01 11:30:00-04:00,4.795000076293945,4.795000076293945,4.795000076293945,4.795000076293945,234,0.0,0.0
2023-11-01 12:30:00-04:00,4.760000228881836,4.760000228881836,4.760000228881836,4.760000228881836,216,0.0,0.0
2023-11-01 13:30:00-04:00,4.710000038146973,4.710000038146973,4.710000038146973,4.710000038146973,1235,0.0,0.0
2023-11-01 14:30:00-04:00,4.710000038146973,4.75,4.710000038146973,4.75,0,0.0,0.0
2023-11-02 09:30:00-04:00,4.730000019073486,4.730000019073486,4.730000019073486,4.730000019073486,656,0.0,0.0
2023-11-02 10:30:00-04:00,4.75,4.75,4.75,4.75,437,0.0,0.0
2023-11-03 09:30:00-04:00,4.71999979019165,4.75,4.710000038146973,4.75,1721,0.0,0.0
2023-11-03 11:30:00-04:00,4.496799945831299,4.75,4.496799945831299,4.75,3236,0.0,0.0
2023-11-03 13:30:00-04:00,4.630000114440918,4.75,4.630000114440918,4.75,797,0.0,0.0
2023-11-06 09:30:00-05:00,4.489999771118164,4.8354997634887695,4.489999771118164,4.639999866485596,687,0.0,0.0
2023-11-06 10:30:00-05:00,4.695000171661377,4.75,4.695000171661377,4.739999771118164,1701,0.0,0.0
2023-11-06 11:30:00-05:00,4.589399814605713,4.769999980926514,4.589399814605713,4.679999828338623,3935,0.0,0.0
2023-11-07 09:30:00-05:00,4.599999904632568,4.735000133514404,4.495999813079834,4.71999979019165,6233,0.0,0.0
2023-11-07 10:30:00-05:00,4.71999979019165,4.900000095367432,4.590000152587891,4.840000152587891,13592,0.0,0.0
2023-11-07 11:30:00-05:00,4.800000190734863,4.989999771118164,4.360000133514404,4.619999885559082,9717,0.0,0.0
2023-11-07 12:30:00-05:00,5.039999961853027,5.039999961853027,4.670000076293945,4.670000076293945,2318,0.0,0.0
2023-11-07 13:30:00-05:00,4.789999961853027,4.840000152587891,4.789999961853027,4.840000152587891,472,0.0,0.0
2023-11-07 14:30:00-05:00,4.769999980926514,4.769999980926514,4.730000019073486,4.730000019073486,320,0.0,0.0
2023-11-07 15:30:00-05:00,4.670000076293945,4.670000076293945,4.670000076293945,4.670000076293945,0,0.0,0.0
2023-11-08 09:30:00-05:00,4.579999923706055,5.03000020980835,4.5,4.769999980926514,22117,0.0,0.0
2023-11-08 10:30:00-05:00,4.800000190734863,5.025000095367432,4.599999904632568,4.860000133514404,7734,0.0,0.0
2023-11-08 11:30:00-05:00,4.860000133514404,5.345399856567383,4.860000133514404,4.989999771118164,2657,0.0,0.0
2023-11-08 12:30:00-05:00,4.909999847412109,4.929999828338623,4.789999961853027,4.909999847412109,2119,0.0,0.0
2023-11-08 13:30:00-05:00,4.909999847412109,4.909999847412109,4.619999885559082,4.675000190734863,2699,0.0,0.0
2023-11-08 14:30:00-05:00,4.699999809265137,4.699999809265137,4.699999809265137,4.699999809265137,288,0.0,0.0
2023-11-08 15:30:00-05:00,4.699999809265137,4.699999809265137,4.699999809265137,4.699999809265137,0,0.0,0.0
2023-11-09 09:30:00-05:00,4.840000152587891,4.849999904632568,4.739999771118164,4.739999771118164,1287,0.0,0.0
2023-11-09 10:30:00-05:00,4.699999809265137,4.699999809265137,4.5,4.550000190734863,10340,0.0,0.0
2023-11-09 11:30:00-05:00,4.5,4.67549991607666,4.409999847412109,4.67549991607666,2170,0.0,0.0
2023-11-09 12:30:00-05:00,4.610000133514404,4.610000133514404,4.525000095367432,4.570000171661377,1635,0.0,0.0
2023-11-09 13:30:00-05:00,4.510000228881836,4.644999980926514,4.510000228881836,4.644999980926514,478,0.0,0.0
2023-11-09 14:30:00-05:00,4.610000133514404,4.610000133514404,4.449999809265137,4.449999809265137,2454,0.0,0.0
2023-11-09 15:30:00-05:00,4.389999866485596,4.599999904632568,4.389999866485596,4.579999923706055,0,0.0,0.0
2023-11-10 09:30:00-05:00,4.559999942779541,4.639999866485596,4.480000019073486,4.5,5296,0.0,0.0
2023-11-10 10:30:00-05:00,4.440000057220459,4.440000057220459,4.400000095367432,4.400000095367432,854,0.0,0.0
2023-11-10 11:30:00-05:00,4.440000057220459,4.75,4.440000057220459,4.75,3758,0.0,0.0
2023-11-10 12:30:00-05:00,4.980000019073486,4.980000019073486,4.619999885559082,4.619999885559082,672,0.0,0.0
2023-11-10 13:30:00-05:00,4.659999847412109,4.659999847412109,4.659999847412109,4.659999847412109,821,0.0,0.0
2023-11-10 14:30:00-05:00,4.800000190734863,4.800000190734863,4.650000095367432,4.650000095367432,4088,0.0,0.0
2023-11-13 09:30:00-05:00,4.619999885559082,4.849999904632568,4.619999885559082,4.849999904632568,1487,0.0,0.0
2023-11-13 10:30:00-05:00,4.639999866485596,5.099999904632568,4.5,4.963600158691406,7836,0.0,0.0
2023-11-13 11:30:00-05:00,4.869999885559082,5.090000152587891,4.75,4.849999904632568,5926,0.0,0.0
2023-11-13 13:30:00-05:00,4.804999828338623,4.804999828338623,4.804999828338623,4.804999828338623,205,0.0,0.0
2023-11-13 14:30:00-05:00,4.809999942779541,5.090000152587891,4.784999847412109,4.880000114440918,5650,0.0,0.0
2023-11-13 15:30:00-05:00,4.809999942779541,4.860000133514404,4.789999961853027,4.789999961853027,0,0.0,0.0
2023-11-14 09:30:00-05:00,5.099999904632568,5.099999904632568,5.099999904632568,5.099999904632568,1123,0.0,0.0
2023-11-14 10:30:00-05:00,4.860000133514404,4.960000038146973,4.850500106811523,4.960000038146973,1720,0.0,0.0
2023-11-14 11:30:00-05:00,4.699999809265137,4.986299991607666,4.699999809265137,4.849999904632568,938,0.0,0.0
2023-11-14 12:30:00-05:00,4.710000038146973,4.710000038146973,4.710000038146973,4.710000038146973,241,0.0,0.0
2023-11-14 13:30:00-05:00,4.710000038146973,4.809999942779541,4.614999771118164,4.809999942779541,3656,0.0,0.0
2023-11-14 14:30:00-05:00,4.855000019073486,4.855000019073486,4.855000019073486,4.855000019073486,0,0.0,0.0
2023-11-15 09:30:00-05:00,4.739999771118164,5.079999923706055,4.730000019073486,5.0,6129,0.0,0.0
2023-11-15 10:30:00-05:00,5.099999904632568,5.159999847412109,4.900000095367432,5.139999866485596,11226,0.0,0.0
2023-11-15 11:30:00-05:00,5.059999942779541,5.059999942779541,5.0,5.0,1338,0.0,0.0
2023-11-15 12:30:00-05:00,5.0,5.0,5.0,5.0,612,0.0,0.0
2023-11-15 13:30:00-05:00,4.909999847412109,4.909999847412109,4.909999847412109,4.909999847412109,201,0.0,0.0
2023-11-15 14:30:00-05:00,4.96999979019165,5.21999979019165,4.875,5.21999979019165,10157,0.0,0.0
2023-11-15 15:30:00-05:00,4.929999828338623,4.929999828338623,4.929999828338623,4.929999828338623,0,0.0,0.0
2023-11-16 09:30:00-05:00,4.829999923706055,5.0208001136779785,4.829999923706055,4.929999828338623,1012,0.0,0.0
2023-11-16 10:30:00-05:00,5.0,5.0,4.900000095367432,4.900000095367432,742,0.0,0.0
2023-11-16 11:30:00-05:00,5.010000228881836,5.010000228881836,5.010000228881836,5.010000228881836,1429,0.0,0.0
2023-11-16 12:30:00-05:00,5.010000228881836,5.199999809265137,4.960000038146973,4.960000038146973,6298,0.0,0.0
2023-11-16 13:30:00-05:00,5.099999904632568,5.099999904632568,5.099999904632568,5.099999904632568,709,0.0,0.0
2023-11-16 14:30:00-05:00,5.099999904632568,5.099999904632568,5.039999961853027,5.039999961853027,716,0.0,0.0
2023-11-16 15:30:00-05:00,4.962800025939941,4.962800025939941,4.962800025939941,4.962800025939941,0,0.0,0.0
2023-11-17 09:30:00-05:00,5.059999942779541,5.100100040435791,4.816199779510498,4.96999979019165,8811,0.0,0.0
2023-11-17 10:30:00-05:00,4.98390007019043,5.085000038146973,4.940000057220459,4.960000038146973,1331,0.0,0.0
2023-11-17 11:30:00-05:00,4.949999809265137,5.060299873352051,4.949999809265137,5.0,1829,0.0,0.0
2023-11-17 12:30:00-05:00,4.889999866485596,5.019999980926514,4.840000152587891,5.0,2743,0.0,0.0
2023-11-17 13:30:00-05:00,4.989999771118164,5.0,4.869999885559082,4.984000205993652,2287,0.0,0.0
2023-11-20 09:30:00-05:00,4.900000095367432,4.949999809265137,4.8119001388549805,4.8119001388549805,906,0.0,0.0
2023-11-20 10:30:00-05:00,4.90500020980835,5.010000228881836,4.90500020980835,4.980000019073486,4213,0.0,0.0
2023-11-20 11:30:00-05:00,4.900000095367432,5.199999809265137,4.76800012588501,5.019999980926514,7066,0.0,0.0
2023-11-20 12:30:00-05:00,5.010000228881836,5.090000152587891,4.900000095367432,4.900000095367432,3446,0.0,0.0
2023-11-20 13:30:00-05:00,4.949999809265137,4.949999809265137,4.945000171661377,4.945000171661377,1020,0.0,0.0
2023-11-20 14:30:00-05:00,4.909999847412109,4.910200119018555,4.889999866485596,4.889999866485596,3508,0.0,0.0
2023-11-20 15:30:00-05:00,4.909999847412109,4.909999847412109,4.849999904632568,4.880000114440918,0,0.0,0.0
2023-11-21 09:30:00-05:00,4.949999809265137,4.949999809265137,4.800000190734863,4.900000095367432,3288,0.0,0.0
2023-11-21 10:30:00-05:00,4.889999866485596,4.945000171661377,4.880000114440918,4.880000114440918,1405,0.0,0.0
2023-11-21 11:30:00-05:00,4.909999847412109,5.099999904632568,4.900000095367432,5.099999904632568,4207,0.0,0.0
2023-11-22 09:30:00-05:00,4.989999771118164,5.019999980926514,4.989999771118164,5.019999980926514,554,0.0,0.0
2023-11-22 10:30:00-05:00,4.949999809265137,5.0,4.894999980926514,5.0,1377,0.0,0.0
2023-11-22 11:30:00-05:00,4.974999904632568,4.974999904632568,4.949999809265137,4.949999809265137,383,0.0,0.0
2023-11-22 12:30:00-05:00,5.03000020980835,5.046800136566162,5.03000020980835,5.046800136566162,437,0.0,0.0
2023-11-22 14:30:00-05:00,4.849999904632568,4.896100044250488,4.849999904632568,4.896100044250488,1161,0.0,0.0
2023-11-22 15:30:00-05:00,4.809999942779541,4.909999847412109,4.809999942779541,4.909999847412109,543,0.0,0.0
2023-11-24 10:30:00-05:00,4.909999847412109,4.909999847412109,4.639999866485596,4.639999866485596,496,0.0,0.0
2023-11-27 09:30:00-05:00,4.800000190734863,4.875,4.800000190734863,4.875,1222,0.0,0.0
2023-11-27 10:30:00-05:00,4.909999847412109,4.909999847412109,4.889999866485596,4.889999866485596,1897,0.0,0.0
2023-11-27 14:30:00-05:00,4.974999904632568,4.974999904632568,4.974999904632568,4.974999904632568,648,0.0,0.0
2023-11-27 15:30:00-05:00,4.980000019073486,4.980000019073486,4.980000019073486,4.980000019073486,493,0.0,0.0
2023-11-28 11:30:00-05:00,4.860000133514404,4.860000133514404,4.800000190734863,4.800000190734863,623,0.0,0.0
2023-11-28 12:30:00-05:00,4.75600004196167,4.75600004196167,4.75600004196167,4.75600004196167,0,0.0,0.0
2023-11-29 09:30:00-05:00,5.03000020980835,5.03000020980835,4.829999923706055,4.879899978637695,1247,0.0,0.0
2023-11-29 10:30:00-05:00,4.859899997711182,4.869999885559082,4.853700160980225,4.853700160980225,672,0.0,0.0
2023-11-29 15:30:00-05:00,4.900000095367432,4.920000076293945,4.900000095367432,4.920000076293945,0,0.0,0.0
2023-11-30 09:30:00-05:00,5.0,5.304999828338623,4.940000057220459,5.304999828338623,7258,0.0,0.0
2023-11-30 10:30:00-05:00,5.190000057220459,5.215000152587891,5.120100021362305,5.120100021362305,1519,0.0,0.0
2023-11-30 11:30:00-05:00,5.190000057220459,5.289999961853027,5.130000114440918,5.289999961853027,1109,0.0,0.0
2023-11-30 12:30:00-05:00,5.273799896240234,5.273799896240234,5.1803998947143555,5.1803998947143555,0,0.0,0.0
2023-12-01 09:30:00-05:00,5.253399848937988,5.369999885559082,5.099999904632568,5.239999771118164,7183,0.0,0.0
2023-12-01 11:30:00-05:00,5.336999893188477,5.336999893188477,5.336999893188477,5.336999893188477,435,0.0,0.0
2023-12-01 12:30:00-05:00,5.449999809265137,5.449999809265137,5.449999809265137,5.449999809265137,371,0.0,0.0
2023-12-01 13:30:00-05:00,5.369999885559082,5.369999885559082,5.210000038146973,5.210000038146973,1065,0.0,0.0
2023-12-04 09:30:00-05:00,5.389999866485596,5.389999866485596,5.106500148773193,5.223100185394287,840,0.0,0.0
2023-12-04 10:30:00-05:00,5.190000057220459,5.190000057220459,5.190000057220459,5.190000057220459,243,0.0,0.0
2023-12-04 11:30:00-05:00,5.563000202178955,5.563000202178955,5.563000202178955,5.563000202178955,105,0.0,0.0
2023-12-04 12:30:00-05:00,5.340199947357178,5.340199947357178,5.199999809265137,5.199999809265137,3126,0.0,0.0
2023-12-04 15:30:00-05:00,5.230000019073486,5.230000019073486,5.230000019073486,5.230000019073486,0,0.0,0.0
2023-12-05 12:30:00-05:00,5.302299976348877,5.3024001121521,5.302299976348877,5.3024001121521,1315,0.0,0.0
2023-12-05 13:30:00-05:00,5.199999809265137,5.4145002365112305,5.199999809265137,5.329999923706055,4228,0.0,0.0
2023-12-06 09:30:00-05:00,5.289299964904785,5.289299964904785,5.289299964904785,5.289299964904785,359,0.0,0.0
2023-12-06 10:30:00-05:00,5.239999771118164,5.239999771118164,5.102700233459473,5.102700233459473,8551,0.0,0.0
2023-12-06 12:30:00-05:00,5.202899932861328,5.364999771118164,5.202899932861328,5.364999771118164,867,0.0,0.0
2023-12-06 15:30:00-05:00,5.40369987487793,5.40369987487793,5.40369987487793,5.40369987487793,0,0.0,0.0
2023-12-07 09:30:00-05:00,5.420000076293945,5.420000076293945,5.3379998207092285,5.3379998207092285,679,0.0,0.0
2023-12-07 11:30:00-05:00,5.28000020980835,5.299799919128418,5.21999979019165,5.299799919128418,1665,0.0,0.0
2023-12-07 12:30:00-05:00,5.289999961853027,5.309999942779541,5.289999961853027,5.309999942779541,462,0.0,0.0
2023-12-07 13:30:00-05:00,5.339900016784668,5.384900093078613,5.324999809265137,5.384900093078613,5036,0.0,0.0
2023-12-07 14:30:00-05:00,5.320000171661377,5.350100040435791,5.320000171661377,5.350100040435791,0,0.0,0.0
2023-12-08 09:30:00-05:00,5.349999904632568,5.460000038146973,5.349999904632568,5.389999866485596,1199,0.0,0.0
2023-12-08 10:30:00-05:00,5.489999771118164,5.489999771118164,5.21999979019165,5.21999979019165,1602,0.0,0.0
2023-12-08 11:30:00-05:00,5.300000190734863,5.300000190734863,5.300000190734863,5.300000190734863,299,0.0,0.0
2023-12-08 13:30:00-05:00,5.364799976348877,5.364799976348877,5.364799976348877,5.364799976348877,201,0.0,0.0
2023-12-08 14:30:00-05:00,5.400100231170654,5.480000019073486,5.349999904632568,5.480000019073486,2083,0.0,0.0
2023-12-11 09:30:00-05:00,5.300000190734863,5.480000019073486,5.300000190734863,5.480000019073486,964,0.0,0.0
2023-12-11 11:30:00-05:00,5.360000133514404,5.360000133514404,5.360000133514404,5.360000133514404,195,0.0,0.0
2023-12-11 12:30:00-05:00,5.324999809265137,5.324999809265137,5.324999809265137,5.324999809265137,125,0.0,0.0
2023-12-11 13:30:00-05:00,5.289400100708008,5.289400100708008,5.21999979019165,5.21999979019165,392,0.0,0.0
2023-12-11 14:30:00-05:00,5.317500114440918,5.359899997711182,5.21999979019165,5.21999979019165,800,0.0,0.0
2023-12-11 15:30:00-05:00,5.28000020980835,5.320000171661377,5.239999771118164,5.239999771118164,0,0.0,0.0
2023-12-12 09:30:00-05:00,5.446300029754639,5.579999923706055,5.380000114440918,5.409999847412109,4307,0.0,0.0
2023-12-12 10:30:00-05:00,5.510000228881836,5.829899787902832,5.2916998863220215,5.2916998863220215,10319,0.0,0.0
2023-12-12 11:30:00-05:00,5.59499979019165,5.632800102233887,5.460000038146973,5.519999980926514,1432,0.0,0.0
2023-12-12 12:30:00-05:00,5.56850004196167,5.56850004196167,5.56850004196167,5.56850004196167,421,0.0,0.0
2023-12-12 13:30:00-05:00,5.571199893951416,5.599999904632568,5.571199893951416,5.599999904632568,1624,0.0,0.0
2023-12-12 14:30:00-05:00,5.440000057220459,5.5,5.440000057220459,5.5,0,0.0,0.0
2023-12-13 09:30:00-05:00,5.900000095367432,5.900000095367432,5.510000228881836,5.599999904632568,6159,0.0,0.0
2023-12-13 11:30:00-05:00,5.550099849700928,5.550099849700928,5.400000095367432,5.400000095367432,4162,0.0,0.0
2023-12-13 12:30:00-05:00,5.5,5.5,5.239999771118164,5.284999847412109,3027,0.0,0.0
2023-12-13 13:30:00-05:00,5.349899768829346,5.550000190734863,5.235000133514404,5.550000190734863,7088,0.0,0.0
2023-12-13 14:30:00-05:00,5.57450008392334,5.639999866485596,5.550000190734863,5.639999866485596,974,0.0,0.0
2023-12-13 15:30:00-05:00,5.639999866485596,5.789999961853027,5.607800006866455,5.679999828338623,6312,0.0,0.0
2023-12-14 09:30:00-05:00,4.519999980926514,4.989999771118164,4.440000057220459,4.770100116729736,24007,0.0,0.0
2023-12-14 10:30:00-05:00,4.800000190734863,4.900000095367432,4.800000190734863,4.900000095367432,1931,0.0,0.0
2023-12-14 11:30:00-05:00,4.989999771118164,5.210000038146973,4.989999771118164,5.170000076293945,4716,0.0,0.0
2023-12-14 12:30:00-05:00,5.170000076293945,5.170100212097168,4.925000190734863,5.010000228881836,8631,0.0,0.0
2023-12-14 13:30:00-05:00,4.960000038146973,4.9899001121521,4.949999809265137,4.949999809265137,3058,0.0,0.0
2023-12-14 14:30:00-05:00,4.860000133514404,4.939599990844727,4.860000133514404,4.860000133514404,3157,0.0,0.0
2023-12-14 15:30:00-05:00,4.882199764251709,4.882199764251709,4.882199764251709,4.882199764251709,0,0.0,0.0
2023-12-15 09:30:00-05:00,4.840000152587891,5.309999942779541,4.804999828338623,4.960000038146973,4045,0.0,0.0
2023-12-15 10:30:00-05:00,4.949999809265137,5.14139986038208,4.949999809265137,5.099899768829346,1921,0.0,0.0
2023-12-15 11:30:00-05:00,5.0,5.0,5.0,5.0,1187,0.0,0.0
2023-12-15 12:30:00-05:00,5.057600021362305,5.057600021362305,5.019999980926514,5.019999980926514,796,0.0,0.0
2023-12-15 13:30:00-05:00,5.019999980926514,5.050000190734863,4.96999979019165,5.050000190734863,720,0.0,0.0
2023-12-15 14:30:00-05:00,5.049799919128418,5.089900016784668,5.049799919128418,5.054999828338623,2142,0.0,0.0
2023-12-15 15:30:00-05:00,5.041999816894531,5.090000152587891,5.0,5.0,5651,0.0,0.0
2023-12-18 09:30:00-05:00,5.090000152587891,5.090000152587891,5.010000228881836,5.019999980926514,5296,0.0,0.0
2023-12-18 10:30:00-05:00,5.072299957275391,5.072299957275391,4.949999809265137,4.980100154876709,3741,0.0,0.0
2023-12-18 11:30:00-05:00,4.980000019073486,4.980100154876709,4.980000019073486,4.980000019073486,2414,0.0,0.0
2023-12-18 12:30:00-05:00,4.949999809265137,4.950099945068359,4.949999809265137,4.949999809265137,1188,0.0,0.0
2023-12-18 13:30:00-05:00,4.889999866485596,4.889999866485596,4.808700084686279,4.808700084686279,516,0.0,0.0
2023-12-18 14:30:00-05:00,4.760000228881836,4.859499931335449,4.755000114440918,4.859499931335449,0,0.0,0.0
2023-12-19 09:30:00-05:00,5.559999942779541,5.989999771118164,5.5,5.84499979019165,33688,0.0,0.0
2023-12-19 10:30:00-05:00,5.84499979019165,5.925000190734863,5.800000190734863,5.835899829864502,2990,0.0,0.0
2023-12-19 11:30:00-05:00,5.800000190734863,5.840000152587891,5.760000228881836,5.760000228881836,9719,0.0,0.0
2023-12-19 12:30:00-05:00,5.7600998878479,5.835299968719482,5.71999979019165,5.797699928283691,7945,0.0,0.0
2023-12-19 13:30:00-05:00,5.78000020980835,5.860000133514404,5.630099773406982,5.6402997970581055,22938,0.0,0.0
2023-12-19 14:30:00-05:00,5.789999961853027,5.829999923706055,5.71999979019165,5.71999979019165,1611,0.0,0.0
2023-12-19 15:30:00-05:00,5.71999979019165,5.720099925994873,5.570000171661377,5.570000171661377,0,0.0,0.0
2023-12-20 09:30:00-05:00,5.53000020980835,5.7399001121521,5.53000020980835,5.696499824523926,3394,0.0,0.0
2023-12-20 10:30:00-05:00,5.75,5.75,5.559999942779541,5.650000095367432,2523,0.0,0.0
2023-12-20 11:30:00-05:00,5.710000038146973,5.864999771118164,5.699999809265137,5.820000171661377,984,0.0,0.0
2023-12-20 13:30:00-05:00,5.900300025939941,6.125,5.900300025939941,6.059999942779541,2127,0.0,0.0
2023-12-20 14:30:00-05:00,6.050000190734863,6.050000190734863,5.644999980926514,5.679999828338623,2962,0.0,0.0
2023-12-20 15:30:00-05:00,5.869999885559082,5.880000114440918,5.849999904632568,5.880000114440918,603,0.0,0.0
2023-12-21 09:30:00-05:00,5.949999809265137,5.949999809265137,5.768899917602539,5.768899917602539,2304,0.0,0.0
2023-12-21 10:30:00-05:00,5.76669979095459,5.949999809265137,5.76669979095459,5.873600006103516,798,0.0,0.0
2023-12-21 12:30:00-05:00,5.880000114440918,5.945000171661377,5.880000114440918,5.945000171661377,1337,0.0,0.0
2023-12-21 13:30:00-05:00,5.849999904632568,5.849999904632568,5.849999904632568,5.849999904632568,272,0.0,0.0
2023-12-21 15:30:00-05:00,5.949999809265137,5.989999771118164,5.949999809265137,5.989999771118164,0,0.0,0.0
2023-12-22 09:30:00-05:00,6.0,6.050000190734863,6.0,6.050000190734863,1182,0.0,0.0
2023-12-22 13:30:00-05:00,6.119999885559082,6.119999885559082,6.119999885559082,6.119999885559082,726,0.0,0.0
2023-12-22 14:30:00-05:00,6.130000114440918,6.130000114440918,6.010000228881836,6.010000228881836,3386,0.0,0.0
2023-12-22 15:30:00-05:00,6.0,6.0,6.0,6.0,107,0.0,0.0
2023-12-26 09:30:00-05:00,5.909999847412109,6.070000171661377,5.909999847412109,6.059999942779541,1588,0.0,0.0
2023-12-26 10:30:00-05:00,6.039999961853027,6.079500198364258,6.039999961853027,6.070000171661377,738,0.0,0.0
2023-12-26 11:30:00-05:00,6.060100078582764,6.119999885559082,6.060100078582764,6.110000133514404,7583,0.0,0.0
2023-12-26 12:30:00-05:00,6.125,6.149899959564209,6.125,6.149899959564209,383,0.0,0.0
2023-12-26 13:30:00-05:00,6.175000190734863,6.25,6.175000190734863,6.25,765,0.0,0.0
2023-12-26 14:30:00-05:00,6.480000019073486,6.480000019073486,6.259300231933594,6.400000095367432,577,0.0,0.0
2023-12-27 09:30:00-05:00,6.389999866485596,6.5,6.284999847412109,6.3125,1585,0.0,0.0
2023-12-27 10:30:00-05:00,6.480000019073486,6.480000019073486,6.480000019073486,6.480000019073486,892,0.0,0.0
2023-12-27 11:30:00-05:00,6.630000114440918,6.630000114440918,6.550000190734863,6.599999904632568,2888,0.0,0.0
2023-12-27 12:30:00-05:00,6.769999980926514,6.980000019073486,6.699999809265137,6.710000038146973,3703,0.0,0.0
2023-12-27 13:30:00-05:00,6.8572001457214355,6.8572001457214355,6.409999847412109,6.409999847412109,4772,0.0,0.0
2023-12-27 14:30:00-05:00,6.473499774932861,6.789999961853027,6.473499774932861,6.699999809265137,870,0.0,0.0
2023-12-27 15:30:00-05:00,6.53000020980835,6.53000020980835,6.53000020980835,6.53000020980835,0,0.0,0.0
2023-12-28 09:30:00-05:00,6.670000076293945,6.840000152587891,6.565000057220459,6.840000152587891,1041,0.0,0.0
2023-12-28 10:30:00-05:00,6.789999961853027,6.789999961853027,6.7600998878479,6.7600998878479,602,0.0,0.0
2023-12-28 11:30:00-05:00,6.840000152587891,6.849999904632568,6.840000152587891,6.849999904632568,724,0.0,0.0
2023-12-28 12:30:00-05:00,6.889999866485596,6.889999866485596,6.889999866485596,6.889999866485596,578,0.0,0.0
2023-12-28 13:30:00-05:00,6.789999961853027,6.789999961853027,6.570000171661377,6.570000171661377,819,0.0,0.0
2023-12-28 14:30:00-05:00,6.710000038146973,6.932000160217285,6.710000038146973,6.860000133514404,968,0.0,0.0
2023-12-28 15:30:00-05:00,6.699999809265137,6.699999809265137,6.590000152587891,6.590000152587891,0,0.0,0.0
2023-12-29 09:30:00-05:00,6.599999904632568,6.800000190734863,6.599999904632568,6.750500202178955,1277,0.0,0.0
2023-12-29 10:30:00-05:00,6.599999904632568,6.69379997253418,6.599999904632568,6.69379997253418,2236,0.0,0.0
2023-12-29 11:30:00-05:00,6.664999961853027,6.78000020980835,6.664999961853027,6.75,1522,0.0,0.0
2023-12-29 13:30:00-05:00,6.804500102996826,6.804500102996826,6.804500102996826,6.804500102996826,274,0.0,0.0
2023-12-29 15:30:00-05:00,6.639999866485596,6.639999866485596,6.590000152587891,6.590000152587891,357,0.0,0.0
2024-01-02 10:30:00-05:00,6.510000228881836,6.599999904632568,6.510000228881836,6.599999904632568,1183,0.0,0.0
2024-01-02 11:30:00-05:00,6.599999904632568,6.599999904632568,6.599999904632568,6.599999904632568,1470,0.0,0.0
2024-01-02 13:30:00-05:00,6.8007001876831055,6.8007001876831055,6.789999961853027,6.789999961853027,661,0.0,0.0
2024-01-02 15:30:00-05:00,6.513199806213379,6.513199806213379,6.513199806213379,6.513199806213379,0,0.0,0.0
2024-01-03 09:30:00-05:00,6.610000133514404,6.610000133514404,6.579999923706055,6.579999923706055,840,0.0,0.0
2024-01-03 11:30:00-05:00,6.659999847412109,6.659999847412109,6.590000152587891,6.590000152587891,1899,0.0,0.0
2024-01-03 14:30:00-05:00,6.789999961853027,6.789999961853027,6.789999961853027,6.789999961853027,118,0.0,0.0
2024-01-03 15:30:00-05:00,6.710000038146973,6.849999904632568,6.710000038146973,6.710000038146973,0,0.0,0.0
2024-01-04 10:30:00-05:00,6.53000020980835,6.53000020980835,6.519999980926514,6.519999980926514,868,0.0,0.0
2024-01-04 13:30:00-05:00,6.809899806976318,6.809899806976318,6.809899806976318,6.809899806976318,103,0.0,0.0
2024-01-04 14:30:00-05:00,6.5,6.820000171661377,6.5,6.820000171661377,1426,0.0,0.0
2024-01-04 15:30:00-05:00,6.670000076293945,6.670000076293945,6.670000076293945,6.670000076293945,0,0.0,0.0
2024-01-05 11:30:00-05:00,6.659999847412109,6.659999847412109,6.659999847412109,6.659999847412109,754,0.0,0.0
2024-01-08 09:30:00-05:00,6.25,6.590000152587891,6.25,6.590000152587891,453,0.0,0.0
2024-01-08 10:30:00-05:00,6.5,6.5,6.340000152587891,6.400000095367432,5398,0.0,0.0
2024-01-08 14:30:00-05:00,6.21999979019165,6.21999979019165,6.199999809265137,6.199999809265137,0,0.0,0.0
2024-01-09 12:30:00-05:00,6.200099945068359,6.200099945068359,6.200099945068359,6.200099945068359,292,0.0,0.0
2024-01-10 10:30:00-05:00,6.185100078582764,6.190000057220459,6.185100078582764,6.190000057220459,2309,0.0,0.0
2024-01-10 11:30:00-05:00,6.315000057220459,6.315000057220459,6.315000057220459,6.315000057220459,227,0.0,0.0
2024-01-10 12:30:00-05:00,6.099999904632568,6.099999904632568,6.099999904632568,6.099999904632568,0,0.0,0.0
2024-01-11 09:30:00-05:00,6.090000152587891,6.090000152587891,6.039999961853027,6.039999961853027,1414,0.0,0.0
2024-01-11 10:30:00-05:00,5.999899864196777,5.999899864196777,5.999899864196777,5.999899864196777,258,0.0,0.0
2024-01-11 13:30:00-05:00,5.900000095367432,5.900000095367432,5.899899959564209,5.899899959564209,300,0.0,0.0
2024-01-11 14:30:00-05:00,5.840000152587891,5.900000095367432,5.750100135803223,5.900000095367432,0,0.0,0.0
2024-01-12 09:30:00-05:00,5.849999904632568,5.8541998863220215,5.804999828338623,5.8541998863220215,1272,0.0,0.0
2024-01-12 11:30:00-05:00,6.010000228881836,6.010000228881836,5.849999904632568,5.849999904632568,284,0.0,0.0
2024-01-12 14:30:00-05:00,6.019999980926514,6.21999979019165,5.989999771118164,5.989999771118164,602,0.0,0.0
2024-01-16 09:30:00-05:00,5.699999809265137,5.699999809265137,5.610000133514404,5.610000133514404,2622,0.0,0.0
2024-01-16 10:30:00-05:00,5.978300094604492,5.978300094604492,5.978300094604492,5.978300094604492,1048,0.0,0.0
2024-01-16 12:30:00-05:00,5.777699947357178,5.809999942779541,5.776899814605713,5.776899814605713,2554,0.0,0.0
2024-01-16 13:30:00-05:00,5.809999942779541,5.809999942779541,5.809999942779541,5.809999942779541,414,0.0,0.0
2024-01-16 14:30:00-05:00,5.630099773406982,5.630099773406982,5.630099773406982,5.630099773406982,0,0.0,0.0
2024-01-17 09:30:00-05:00,5.809999942779541,6.0,5.809999942779541,5.900599956512451,545,0.0,0.0
2024-01-17 13:30:00-05:00,5.800000190734863,5.809999942779541,5.75,5.75,935,0.0,0.0
2024-01-17 14:30:00-05:00,5.782700061798096,5.782700061798096,5.782700061798096,5.782700061798096,200,0.0,0.0
2024-01-17 15:30:00-05:00,5.744999885559082,5.744999885559082,5.699999809265137,5.699999809265137,0,0.0,0.0
2024-01-18 09:30:00-05:00,5.940000057220459,5.940000057220459,5.6519999504089355,5.6519999504089355,1546,0.0,0.0
2024-01-18 10:30:00-05:00,5.815100193023682,5.815100193023682,5.679999828338623,5.815000057220459,1440,0.0,0.0
2024-01-18 11:30:00-05:00,5.800000190734863,5.800000190734863,5.75,5.75,601,0.0,0.0
2024-01-18 12:30:00-05:00,5.75,5.940199851989746,5.75,5.864999771118164,2148,0.0,0.0
2024-01-18 14:30:00-05:00,5.800000190734863,5.800000190734863,5.78000020980835,5.780300140380859,835,0.0,0.0
2024-01-18 15:30:00-05:00,5.800000190734863,5.800000190734863,5.800000190734863,5.800000190734863,0,0.0,0.0
2024-01-19 11:30:00-05:00,5.75,5.75,5.75,5.75,575,0.0,0.0
2024-01-19 14:30:00-05:00,6.0100998878479,6.014999866485596,5.860000133514404,5.860000133514404,738,0.0,0.0
2024-01-22 09:30:00-05:00,5.880000114440918,5.880000114440918,5.860000133514404,5.860000133514404,815,0.0,0.0
2024-01-22 13:30:00-05:00,5.799900054931641,5.799900054931641,5.799900054931641,5.799900054931641,312,0.0,0.0
2024-01-22 14:30:00-05:00,5.849999904632568,5.849999904632568,5.789999961853027,5.800000190734863,0,0.0,0.0
2024-01-23 09:30:00-05:00,5.870100021362305,5.870100021362305,5.820000171661377,5.820000171661377,2172,0.0,0.0
2024-01-23 14:30:00-05:00,5.848499774932861,5.848499774932861,5.848499774932861,5.848499774932861,112,0.0,0.0
2024-01-23 15:30:00-05:00,5.850100040435791,5.850100040435791,5.850100040435791,5.850100040435791,0,0.0,0.0
2024-01-24 11:30:00-05:00,6.21999979019165,6.21999979019165,6.21999979019165,6.21999979019165,67,0.0,0.0
2024-01-25 11:30:00-05:00,6.010000228881836,6.039999961853027,6.010000228881836,6.039999961853027,3086,0.0,0.0
2024-01-25 12:30:00-05:00,6.019999980926514,6.019999980926514,6.019999980926514,6.019999980926514,0,0.0,0.0
2024-01-29 09:30:00-05:00,5.936699867248535,5.936699867248535,5.936699867248535,5.936699867248535,192,0.0,0.0
2024-01-29 11:30:00-05:00,5.925099849700928,5.925099849700928,5.925099849700928,5.925099849700928,207,0.0,0.0
2024-01-29 15:30:00-05:00,5.925000190734863,5.925000190734863,5.925000190734863,5.925000190734863,0,0.0,0.0
2024-01-30 09:30:00-05:00,5.849999904632568,5.849999904632568,5.849999904632568,5.849999904632568,431,0.0,0.0
2024-01-30 12:30:00-05:00,5.989999771118164,6.599999904632568,5.989999771118164,6.099999904632568,1935,0.0,0.0
2024-01-30 13:30:00-05:00,6.099999904632568,6.099999904632568,5.650000095367432,5.849999904632568,4081,0.0,0.0
2024-01-30 14:30:00-05:00,5.849999904632568,6.304999828338623,5.849999904632568,6.110000133514404,3831,0.0,0.0
2024-01-30 15:30:00-05:00,6.070000171661377,6.070000171661377,6.0329999923706055,6.0329999923706055,0,0.0,0.0
2024-01-31 09:30:00-05:00,6.050000190734863,6.079999923706055,6.050000190734863,6.079999923706055,923,0.0,0.0
2024-01-31 10:30:00-05:00,6.019999980926514,6.019999980926514,5.889999866485596,5.920000076293945,1497,0.0,0.0
2024-01-31 11:30:00-05:00,5.945000171661377,5.999899864196777,5.9328999519348145,5.949399948120117,2449,0.0,0.0
2024-01-31 12:30:00-05:00,5.949999809265137,5.949999809265137,5.949999809265137,5.949999809265137,698,0.0,0.0
2024-01-31 14:30:00-05:00,6.099999904632568,6.099999904632568,5.949999809265137,6.0,1798,0.0,0.0
2024-02-01 09:30:00-05:00,6.325099945068359,6.5,6.325099945068359,6.5,0,0.0,0.0
2024-02-01 11:30:00-05:00,6.070000171661377,6.070000171661377,6.070000171661377,6.070000171661377,0,0.0,0.0
2024-02-02 13:30:00-05:00,6.1757001876831055,6.1757001876831055,6.1757001876831055,6.1757001876831055,590,0.0,0.0
2024-02-05 09:30:00-05:00,6.291299819946289,6.320000171661377,6.291299819946289,6.320000171661377,1899,0.0,0.0
2024-02-05 11:30:00-05:00,5.869999885559082,5.869999885559082,5.869999885559082,5.869999885559082,196,0.0,0.0
2024-02-05 12:30:00-05:00,5.900000095367432,5.900000095367432,5.900000095367432,5.900000095367432,0,0.0,0.0
2024-02-06 11:30:00-05:00,6.260000228881836,6.260000228881836,6.260000228881836,6.260000228881836,154,0.0,0.0
2024-02-06 12:30:00-05:00,5.900000095367432,6.09499979019165,5.900000095367432,6.09499979019165,810,0.0,0.0
2024-02-06 13:30:00-05:00,6.132699966430664,6.132699966430664,6.132699966430664,6.132699966430664,0,0.0,0.0
2024-02-08 09:30:00-05:00,5.800000190734863,5.800000190734863,5.800000190734863,5.800000190734863,259,0.0,0.0
2024-02-08 15:30:00-05:00,5.850599765777588,5.850599765777588,5.850599765777588,5.850599765777588,0,0.0,0.0
2024-02-09 09:30:00-05:00,6.300000190734863,6.300000190734863,6.225599765777588,6.25,687,0.0,0.0
2024-02-09 15:30:00-05:00,6.369999885559082,6.369999885559082,6.369999885559082,6.369999885559082,100,0.0,0.0
2024-02-12 10:30:00-05:00,5.977200031280518,5.977200031280518,5.977200031280518,5.977200031280518,389,0.0,0.0
2024-02-12 11:30:00-05:00,6.527100086212158,6.527100086212158,6.315000057220459,6.315000057220459,0,0.0,0.0
2024-02-13 10:30:00-05:00,5.862500190734863,5.862500190734863,5.862500190734863,5.862500190734863,1246,0.0,0.0
2024-02-13 12:30:00-05:00,5.95989990234375,5.95989990234375,5.95989990234375,5.95989990234375,215,0.0,0.0
2024-02-13 15:30:00-05:00,5.921000003814697,5.921000003814697,5.921000003814697,5.921000003814697,223,0.0,0.0
2024-02-14 09:30:00-05:00,6.059999942779541,6.059999942779541,6.059999942779541,6.059999942779541,169,0.0,0.0
2024-02-14 12:30:00-05:00,5.920000076293945,5.920000076293945,5.920000076293945,5.920000076293945,185,0.0,0.0
2024-02-14 13:30:00-05:00,5.900000095367432,5.934299945831299,5.900000095367432,5.934299945831299,269,0.0,0.0
2024-02-14 15:30:00-05:00,6.010000228881836,6.029300212860107,6.010000228881836,6.010000228881836,0,0.0,0.0
2024-02-15 11:30:00-05:00,6.14870023727417,6.14870023727417,6.14870023727417,6.14870023727417,132,0.0,0.0
2024-02-15 14:30:00-05:00,6.046000003814697,6.046000003814697,6.046000003814697,6.046000003814697,1197,0.0,0.0
2024-02-15 15:30:00-05:00,5.980000019073486,5.980100154876709,5.900000095367432,5.900000095367432,0,0.0,0.0
2024-02-16 09:30:00-05:00,5.943299770355225,5.943299770355225,5.943299770355225,5.943299770355225,1073,0.0,0.0
2024-02-16 11:30:00-05:00,6.264999866485596,6.264999866485596,6.00540018081665,6.00540018081665,921,0.0,0.0
2024-02-20 11:30:00-05:00,6.5,6.5,6.389999866485596,6.389999866485596,1032,0.0,0.0
2024-02-20 12:30:00-05:00,6.000100135803223,6.000100135803223,6.000100135803223,6.000100135803223,0,0.0,0.0
2024-02-22 10:30:00-05:00,6.006999969482422,6.190000057220459,6.006999969482422,6.190000057220459,555,0.0,0.0
2024-02-22 13:30:00-05:00,6.050000190734863,6.050000190734863,5.949999809265137,5.949999809265137,2502,0.0,0.0
2024-02-22 14:30:00-05:00,6.010000228881836,6.010000228881836,6.010000228881836,6.010000228881836,0,0.0,0.0
2024-02-23 09:30:00-05:00,6.019999980926514,6.048999786376953,6.0,6.0,3053,0.0,0.0
2024-02-26 09:30:00-05:00,6.230000019073486,6.369999885559082,6.230000019073486,6.369999885559082,0,0.0,0.0
2024-02-26 12:30:00-05:00,6.170000076293945,6.170000076293945,6.170000076293945,6.170000076293945,287,0.0,0.0
2024-02-26 15:30:00-05:00,6.182000160217285,6.239999771118164,6.170000076293945,6.239999771118164,0,0.0,0.0
2024-02-27 09:30:00-05:00,5.860000133514404,5.860000133514404,5.860000133514404,5.860000133514404,565,0.0,0.0
2024-02-27 12:30:00-05:00,6.038400173187256,6.038400173187256,6.038400173187256,6.038400173187256,115,0.0,0.0
2024-02-27 13:30:00-05:00,6.039999961853027,6.039999961853027,6.039999961853027,6.039999961853027,0,0.0,0.0
2024-02-28 12:30:00-05:00,6.050000190734863,6.239999771118164,6.050000190734863,6.239999771118164,1533,0.0,0.0
2024-02-28 14:30:00-05:00,6.050000190734863,6.050000190734863,6.050000190734863,6.050000190734863,0,0.0,0.0
2024-02-29 09:30:00-05:00,6.099999904632568,6.099999904632568,5.960100173950195,5.960100173950195,975,0.0,0.0
2024-02-29 10:30:00-05:00,5.960000038146973,5.960000038146973,5.960000038146973,5.960000038146973,310,0.0,0.0
2024-02-29 12:30:00-05:00,6.21999979019165,6.21999979019165,6.21999979019165,6.21999979019165,231,0.0,0.0
2024-02-29 13:30:00-05:00,6.21999979019165,6.239999771118164,6.21999979019165,6.21999979019165,0,0.0,0.0
2024-02-29 14:30:00-05:00,6.050000190734863,6.050000190734863,6.050000190734863,6.050000190734863,304,0.0,0.0
2024-03-04 09:30:00-05:00,6.239799976348877,6.239999771118164,5.949999809265137,6.079999923706055,2724,0.0,0.0
2024-03-04 12:30:00-05:00,6.21999979019165,6.21999979019165,6.21999979019165,6.21999979019165,307,0.0,0.0
2024-03-04 13:30:00-05:00,6.210000038146973,6.210000038146973,6.210000038146973,6.210000038146973,362,0.0,0.0
2024-03-04 14:30:00-05:00,6.21999979019165,6.21999979019165,6.21999979019165,6.21999979019165,0,0.0,0.0
2024-03-05 09:30:00-05:00,6.099999904632568,6.099999904632568,6.071899890899658,6.099999904632568,653,0.0,0.0
2024-03-05 12:30:00-05:00,6.150000095367432,6.150000095367432,6.150000095367432,6.150000095367432,0,0.0,0.0
2024-03-05 14:30:00-05:00,6.109899997711182,6.109899997711182,6.109899997711182,6.109899997711182,0,0.0,0.0
2024-03-06 09:30:00-05:00,6.0,6.0,6.0,6.0,288,0.0,0.0
2024-03-06 15:30:00-05:00,6.010000228881836,6.010000228881836,6.010000228881836,6.010000228881836,0,0.0,0.0
2024-03-07 10:30:00-05:00,6.010000228881836,6.25,6.010000228881836,6.249899864196777,825,0.0,0.0
2024-03-07 11:30:00-05:00,6.36929988861084,6.36929988861084,6.367700099945068,6.367700099945068,236,0.0,0.0
2024-03-07 12:30:00-05:00,6.350100040435791,6.420000076293945,6.349999904632568,6.349999904632568,1019,0.0,0.0
2024-03-07 13:30:00-05:00,6.261199951171875,6.300000190734863,6.261199951171875,6.289999961853027,0,0.0,0.0
2024-03-11 09:30:00-04:00,6.449999809265137,6.499899864196777,6.196700096130371,6.196700096130371,2283,0.0,0.0
2024-03-11 10:30:00-04:00,6.28000020980835,6.28000020980835,6.25,6.25,210,0.0,0.0
2024-03-11 11:30:00-04:00,6.25,6.25,6.25,6.25,252,0.0,0.0
2024-03-11 13:30:00-04:00,6.375,6.375,6.375,6.375,330,0.0,0.0
2024-03-11 14:30:00-04:00,6.25,6.25,6.25,6.25,0,0.0,0.0
2024-03-12 10:30:00-04:00,6.21999979019165,6.21999979019165,6.199999809265137,6.199999809265137,1599,0.0,0.0
2024-03-12 11:30:00-04:00,6.324999809265137,6.400000095367432,6.324999809265137,6.400000095367432,470,0.0,0.0
2024-03-12 12:30:00-04:00,6.300000190734863,6.300000190734863,6.190000057220459,6.199999809265137,1218,0.0,0.0
2024-03-12 15:30:00-04:00,6.019999980926514,6.019999980926514,6.0,6.010000228881836,0,0.0,0.0
2024-03-13 09:30:00-04:00,6.010000228881836,6.010000228881836,5.982800006866455,5.999899864196777,2995,0.0,0.0
2024-03-13 10:30:00-04:00,5.999899864196777,6.0,5.956299781799316,6.0,1186,0.0,0.0
2024-03-13 11:30:00-04:00,6.010000228881836,6.091599941253662,6.0,6.091599941253662,1774,0.0,0.0
2024-03-13 13:30:00-04:00,6.099999904632568,6.099999904632568,6.099999904632568,6.099999904632568,440,0.0,0.0
2024-03-13 14:30:00-04:00,6.000100135803223,6.000100135803223,6.0,6.000100135803223,2465,0.0,0.0
2024-03-13 15:30:00-04:00,5.900000095367432,5.900100231170654,5.889999866485596,5.889999866485596,1837,0.0,0.0
2024-03-14 09:30:00-04:00,5.980000019073486,6.03000020980835,5.980000019073486,6.03000020980835,1131,0.0,0.0
2024-03-14 11:30:00-04:00,5.780099868774414,5.866799831390381,5.78000020980835,5.866799831390381,1554,0.0,0.0
2024-03-14 12:30:00-04:00,5.71999979019165,5.730000019073486,5.710000038146973,5.710000038146973,497,0.0,0.0
2024-03-14 14:30:00-04:00,5.650100231170654,5.650100231170654,5.650000095367432,5.650000095367432,1272,0.0,0.0
2024-03-15 09:30:00-04:00,5.380000114440918,5.380000114440918,5.380000114440918,5.380000114440918,193,0.0,0.0
2024-03-15 10:30:00-04:00,5.449999809265137,5.449999809265137,5.449999809265137,5.449999809265137,438,0.0,0.0
2024-03-15 15:30:00-04:00,5.440000057220459,5.449999809265137,5.440000057220459,5.449999809265137,898,0.0,0.0
2024-03-18 11:30:00-04:00,5.257800102233887,5.257800102233887,5.257800102233887,5.257800102233887,0,0.0,0.0
2024-03-18 14:30:00-04:00,5.260000228881836,5.260000228881836,5.260000228881836,5.260000228881836,1265,0.0,0.0
2024-03-19 10:30:00-04:00,5.281000137329102,5.281000137329102,5.28000020980835,5.28000020980835,404,0.0,0.0
2024-03-19 11:30:00-04:00,5.336599826812744,5.394999980926514,5.289999961853027,5.394999980926514,2749,0.0,0.0
2024-03-19 12:30:00-04:00,5.380199909210205,5.380199909210205,5.380199909210205,5.380199909210205,218,0.0,0.0
2024-03-19 13:30:00-04:00,5.289999961853027,5.289999961853027,5.289999961853027,5.289999961853027,106,0.0,0.0
2024-03-19 14:30:00-04:00,5.329999923706055,5.329999923706055,5.329999923706055,5.329999923706055,756,0.0,0.0
2024-03-20 09:30:00-04:00,5.369999885559082,5.369999885559082,5.159999847412109,5.159999847412109,921,0.0,0.0
2024-03-20 10:30:00-04:00,5.170000076293945,5.199999809265137,5.135000228881836,5.150000095367432,1243,0.0,0.0
2024-03-20 14:30:00-04:00,5.179999828338623,5.179999828338623,5.179999828338623,5.179999828338623,204,0.0,0.0
2024-03-21 09:30:00-04:00,5.179900169372559,5.179900169372559,5.179900169372559,5.179900169372559,1310,0.0,0.0
2024-03-21 12:30:00-04:00,5.199999809265137,5.199999809265137,5.199999809265137,5.199999809265137,0,0.0,0.0
2024-03-21 13:30:00-04:00,5.190000057220459,5.190000057220459,5.190000057220459,5.190000057220459,1033,0.0,0.0
2024-03-22 11:30:00-04:00,4.71999979019165,4.800000190734863,4.613999843597412,4.613999843597412,1057,0.0,0.0
2024-03-22 12:30:00-04:00,4.750999927520752,4.896999835968018,4.750999927520752,4.896999835968018,1315,0.0,0.0
2024-03-22 13:30:00-04:00,4.769999980926514,4.769999980926514,4.659999847412109,4.659999847412109,1405,0.0,0.0
2024-03-22 14:30:00-04:00,4.769999980926514,4.769999980926514,4.769999980926514,4.769999980926514,632,0.0,0.0
2024-03-22 15:30:00-04:00,4.679999828338623,4.679999828338623,4.679999828338623,4.679999828338623,117,0.0,0.0
2024-03-25 09:30:00-04:00,4.579999923706055,4.579999923706055,4.46999979019165,4.46999979019165,5581,0.0,0.0
2024-03-25 10:30:00-04:00,4.570400238037109,4.659999847412109,4.570400238037109,4.645199775695801,3071,0.0,0.0
2024-03-25 11:30:00-04:00,4.650000095367432,4.650000095367432,4.579999923706055,4.579999923706055,0,0.0,0.0
2024-03-25 13:30:00-04:00,4.510000228881836,4.510000228881836,4.510000228881836,4.510000228881836,115,0.0,0.0
2024-03-25 14:30:00-04:00,4.525000095367432,4.550000190734863,4.525000095367432,4.525000095367432,1579,0.0,0.0
2024-03-26 09:30:00-04:00,4.480000019073486,4.480000019073486,4.300000190734863,4.300000190734863,1474,0.0,0.0
2024-03-26 10:30:00-04:00,4.490699768066406,4.490699768066406,4.490699768066406,4.490699768066406,401,0.0,0.0
2024-03-26 12:30:00-04:00,4.350100040435791,4.44890022277832,4.350100040435791,4.44890022277832,1398,0.0,0.0
2024-03-26 15:30:00-04:00,4.349999904632568,4.349999904632568,4.349999904632568,4.349999904632568,109,0.0,0.0
2024-03-27 10:30:00-04:00,4.441100120544434,4.441500186920166,4.441100120544434,4.441500186920166,2294,0.0,0.0
2024-03-27 11:30:00-04:00,4.445000171661377,4.449999809265137,4.429999828338623,4.449999809265137,976,0.0,0.0
2024-03-27 12:30:00-04:00,4.446000099182129,4.53000020980835,4.440499782562256,4.440499782562256,1104,0.0,0.0
2024-03-27 14:30:00-04:00,4.425000190734863,4.425000190734863,4.400700092315674,4.409999847412109,1205,0.0,0.0
2024-04-01 09:30:00-04:00,4.71999979019165,4.840099811553955,4.71999979019165,4.840099811553955,1093,0.0,0.0
2024-04-01 10:30:00-04:00,4.850100040435791,4.850100040435791,4.850100040435791,4.850100040435791,565,0.0,0.0
2024-04-01 11:30:00-04:00,4.950099945068359,4.950099945068359,4.950099945068359,4.950099945068359,710,0.0,0.0
2024-04-01 13:30:00-04:00,5.059999942779541,5.059999942779541,4.950099945068359,4.952199935913086,3730,0.0,0.0
2024-04-01 14:30:00-04:00,4.945199966430664,4.945199966430664,4.945199966430664,4.945199966430664,1160,0.0,0.0
2024-04-02 10:30:00-04:00,5.0,5.0,5.0,5.0,452,0.0,0.0
2024-04-02 13:30:00-04:00,4.93720006942749,4.93720006942749,4.93720006942749,4.93720006942749,130,0.0,0.0
2024-04-02 14:30:00-04:00,4.840000152587891,4.840099811553955,4.840000152587891,4.840099811553955,1041,0.0,0.0
2024-04-03 14:30:00-04:00,4.905900001525879,4.905900001525879,4.905900001525879,4.905900001525879,216,0.0,0.0
2024-04-04 09:30:00-04:00,4.739999771118164,4.739999771118164,4.730000019073486,4.730000019073486,1715,0.0,0.0
2024-04-04 15:30:00-04:00,4.700099945068359,4.700099945068359,4.700099945068359,4.700099945068359,437,0.0,0.0
2024-04-05 10:30:00-04:00,4.690000057220459,4.690000057220459,4.550099849700928,4.690000057220459,4293,0.0,0.0
2024-04-05 11:30:00-04:00,4.679999828338623,4.679999828338623,4.679999828338623,4.679999828338623,200,0.0,0.0
2024-04-05 12:30:00-04:00,4.599999904632568,4.599999904632568,4.539999961853027,4.550000190734863,1445,0.0,0.0
2024-04-05 14:30:00-04:00,4.275000095367432,4.275000095367432,4.275000095367432,4.275000095367432,283,0.0,0.0
2024-04-05 15:30:00-04:00,4.190000057220459,4.190000057220459,4.190000057220459,4.190000057220459,102,0.0,0.0
2024-04-08 10:30:00-04:00,4.468500137329102,4.5,4.468500137329102,4.5,651,0.0,0.0
2024-04-08 11:30:00-04:00,4.474999904632568,4.474999904632568,4.474999904632568,4.474999904632568,429,0.0,0.0
2024-04-08 13:30:00-04:00,4.469799995422363,4.469799995422363,4.469799995422363,4.469799995422363,416,0.0,0.0
2024-04-09 09:30:00-04:00,4.5,4.5,4.112800121307373,4.112800121307373,3313,0.0,0.0
2024-04-09 12:30:00-04:00,4.489999771118164,4.5,4.480000019073486,4.480000019073486,6577,0.0,0.0
2024-04-09 13:30:00-04:00,4.300000190734863,4.440000057220459,4.300000190734863,4.440000057220459,17665,0.0,0.0
2024-04-09 14:30:00-04:00,4.260000228881836,4.260000228881836,4.25,4.25,482,0.0,0.0
2024-04-09 15:30:00-04:00,4.210000038146973,4.258600234985352,4.210000038146973,4.258600234985352,1492,0.0,0.0
2024-04-10 09:30:00-04:00,4.25,4.25,4.210000038146973,4.210000038146973,1013,0.0,0.0
2024-04-10 10:30:00-04:00,4.550000190734863,4.550000190734863,4.544600009918213,4.544600009918213,2048,0.0,0.0
2024-04-10 11:30:00-04:00,4.5,4.5,4.5,4.5,247,0.0,0.0
2024-04-10 12:30:00-04:00,4.41349983215332,4.41349983215332,4.230000019073486,4.400000095367432,2335,0.0,0.0
2024-04-11 09:30:00-04:00,4.4029998779296875,4.4029998779296875,4.4029998779296875,4.4029998779296875,616,0.0,0.0
2024-04-11 13:30:00-04:00,4.409999847412109,4.409999847412109,4.409999847412109,4.409999847412109,2148,0.0,0.0
2024-04-11 15:30:00-04:00,4.210000038146973,4.210000038146973,4.210000038146973,4.210000038146973,215,0.0,0.0
2024-04-12 11:30:00-04:00,4.210000038146973,4.210000038146973,4.210000038146973,4.210000038146973,249,0.0,0.0
2024-04-15 09:30:00-04:00,4.208399772644043,4.208399772644043,4.208399772644043,4.208399772644043,494,0.0,0.0
2024-04-15 10:30:00-04:00,4.264999866485596,4.264999866485596,4.264999866485596,4.264999866485596,191,0.0,0.0
2024-04-16 09:30:00-04:00,4.270100116729736,4.270100116729736,4.270100116729736,4.270100116729736,399,0.0,0.0
2024-04-16 11:30:00-04:00,4.118899822235107,4.118899822235107,4.118899822235107,4.118899822235107,424,0.0,0.0
2024-04-16 14:30:00-04:00,4.020100116729736,4.020100116729736,4.020100116729736,4.020100116729736,559,0.0,0.0
2024-04-17 09:30:00-04:00,4.070099830627441,4.070099830627441,4.070000171661377,4.070000171661377,1509,0.0,0.0
2024-04-18 10:30:00-04:00,4.070099830627441,4.070099830627441,4.070000171661377,4.070000171661377,678,0.0,0.0
2024-04-19 09:30:00-04:00,4.283699989318848,4.283699989318848,4.283699989318848,4.283699989318848,453,0.0,0.0
2024-04-19 13:30:00-04:00,4.200099945068359,4.200099945068359,4.200099945068359,4.200099945068359,850,0.0,0.0
2024-04-22 09:30:00-04:00,4.190000057220459,4.289999961853027,4.190000057220459,4.190000057220459,1040,0.0,0.0
2024-04-22 12:30:00-04:00,4.172399997711182,4.172399997711182,4.172399997711182,4.172399997711182,352,0.0,0.0
2024-04-23 09:30:00-04:00,4.074999809265137,4.094299793243408,4.059999942779541,4.093800067901611,1633,0.0,0.0
2024-04-25 12:30:00-04:00,4.199999809265137,4.199999809265137,4.099999904632568,4.099999904632568,653,0.0,0.0
2024-04-26 09:30:00-04:00,4.21999979019165,4.289899826049805,4.21999979019165,4.289899826049805,1545,0.0,0.0
2024-04-26 10:30:00-04:00,4.2179999351501465,4.289000034332275,4.2179999351501465,4.289000034332275,389,0.0,0.0
2024-04-26 13:30:00-04:00,4.25,4.25,4.150000095367432,4.150000095367432,1032,0.0,0.0
2024-04-29 10:30:00-04:00,4.300000190734863,4.420100212097168,4.298900127410889,4.420100212097168,6002,0.0,0.0
2024-04-29 12:30:00-04:00,4.514999866485596,4.712100028991699,4.514999866485596,4.550000190734863,12144,0.0,0.0
2024-04-29 13:30:00-04:00,4.500100135803223,4.500100135803223,4.500100135803223,4.500100135803223,204,0.0,0.0
2024-04-29 14:30:00-04:00,4.550099849700928,4.749899864196777,4.550099849700928,4.737299919128418,1427,0.0,0.0
2024-04-29 15:30:00-04:00,4.685100078582764,4.789999961853027,4.685100078582764,4.730100154876709,1937,0.0,0.0
2024-04-30 09:30:00-04:00,5.650000095367432,6.400000095367432,5.25,5.849999904632568,46600,0.0,0.0
2024-04-30 10:30:00-04:00,5.8628997802734375,5.920000076293945,5.700699806213379,5.920000076293945,10823,0.0,0.0
2024-04-30 11:30:00-04:00,5.850599765777588,6.050000190734863,5.84499979019165,5.925000190734863,9109,0.0,0.0
2024-04-30 12:30:00-04:00,5.849999904632568,6.199999809265137,5.619999885559082,6.199999809265137,9357,0.0,0.0
2024-04-30 13:30:00-04:00,6.151000022888184,6.25,6.151000022888184,6.177499771118164,2909,0.0,0.0
2024-04-30 14:30:00-04:00,6.190199851989746,6.190199851989746,6.0,6.152100086212158,3640,0.0,0.0
2024-04-30 15:30:00-04:00,6.136899948120117,6.150000095367432,6.099999904632568,6.099999904632568,2571,0.0,0.0
2024-05-01 09:30:00-04:00,6.139999866485596,6.369999885559082,6.139999866485596,6.250100135803223,20303,0.0,0.0
2024-05-01 10:30:00-04:00,6.340099811553955,6.340099811553955,6.340000152587891,6.340000152587891,1808,0.0,0.0
2024-05-01 11:30:00-04:00,6.289999961853027,6.348299980163574,5.934999942779541,5.934999942779541,11407,0.0,0.0
2024-05-01 12:30:00-04:00,5.96999979019165,5.96999979019165,5.933700084686279,5.933700084686279,1069,0.0,0.0
2024-05-01 13:30:00-04:00,5.909999847412109,5.909999847412109,5.909999847412109,5.909999847412109,1821,0.0,0.0
2024-05-01 14:30:00-04:00,5.98799991607666,5.98799991607666,5.98799991607666,5.98799991607666,284,0.0,0.0
2024-05-01 15:30:00-04:00,5.925000190734863,5.925000190734863,5.925000190734863,5.925000190734863,208,0.0,0.0
2024-05-02 09:30:00-04:00,5.599999904632568,5.690000057220459,5.599999904632568,5.690000057220459,1065,0.0,0.0
2024-05-02 11:30:00-04:00,5.800099849700928,6.2494001388549805,5.800099849700928,6.2494001388549805,6621,0.0,0.0
2024-05-02 12:30:00-04:00,6.130099773406982,6.130099773406982,5.900000095367432,6.063399791717529,5048,0.0,0.0
2024-05-02 13:30:00-04:00,6.070000171661377,6.070000171661377,6.070000171661377,6.070000171661377,129,0.0,0.0
2024-05-02 14:30:00-04:00,6.119900226593018,6.119900226593018,6.119900226593018,6.119900226593018,216,0.0,0.0
2024-05-02 15:30:00-04:00,6.090000152587891,6.119999885559082,5.940000057220459,6.119999885559082,3101,0.0,0.0
2024-05-03 09:30:00-04:00,6.019999980926514,6.178999900817871,6.0015997886657715,6.178999900817871,2783,0.0,0.0
2024-05-03 10:30:00-04:00,6.020100116729736,6.139999866485596,5.840000152587891,5.965000152587891,2007,0.0,0.0
2024-05-03 12:30:00-04:00,5.760000228881836,5.869999885559082,5.760000228881836,5.800000190734863,1259,0.0,0.0
2024-05-03 14:30:00-04:00,5.800000190734863,5.800000190734863,5.800000190734863,5.800000190734863,985,0.0,0.0
2024-05-06 09:30:00-04:00,5.889999866485596,5.989999771118164,5.800000190734863,5.989999771118164,1760,0.0,0.0
2024-05-06 13:30:00-04:00,5.612500190734863,5.840000152587891,5.612500190734863,5.840000152587891,3311,0.0,0.0
2024-05-07 09:30:00-04:00,5.849999904632568,5.909999847412109,5.735000133514404,5.909999847412109,3136,0.0,0.0
2024-05-07 10:30:00-04:00,5.860000133514404,5.880000114440918,5.788700103759766,5.880000114440918,597,0.0,0.0
2024-05-07 11:30:00-04:00,5.815000057220459,5.815000057220459,5.815000057220459,5.815000057220459,694,0.0,0.0
2024-05-07 14:30:00-04:00,5.725200176239014,5.725200176239014,5.725200176239014,5.725200176239014,517,0.0,0.0
2024-05-08 09:30:00-04:00,5.699999809265137,5.699999809265137,4.809999942779541,5.002500057220459,43423,0.0,0.0
2024-05-08 10:30:00-04:00,4.860000133514404,5.050000190734863,4.760000228881836,4.960000038146973,19334,0.0,0.0
2024-05-08 11:30:00-04:00,4.929999828338623,4.954999923706055,4.25,4.25,14845,0.0,0.0
2024-05-08 12:30:00-04:00,4.349999904632568,4.5,4.150000095367432,4.150000095367432,7555,0.0,0.0
2024-05-08 13:30:00-04:00,4.160099983215332,4.679999828338623,4.160099983215332,4.449999809265137,22858,0.0,0.0
2024-05-08 14:30:00-04:00,4.5,4.5,4.499899864196777,4.499899864196777,1043,0.0,0.0
2024-05-08 15:30:00-04:00,4.5,4.5,4.5,4.5,710,0.0,0.0
2024-05-09 09:30:00-04:00,4.559999942779541,4.579999923706055,4.559999942779541,4.570000171661377,2423,0.0,0.0
2024-05-09 10:30:00-04:00,4.590000152587891,4.599999904632568,4.400000095367432,4.400000095367432,2425,0.0,0.0
2024-05-09 11:30:00-04:00,4.379899978637695,4.380000114440918,4.379899978637695,4.380000114440918,3148,0.0,0.0
2024-05-09 12:30:00-04:00,4.507999897003174,4.557000160217285,4.507999897003174,4.557000160217285,297,0.0,0.0
2024-05-09 14:30:00-04:00,4.389999866485596,4.389999866485596,4.360000133514404,4.360000133514404,3031,0.0,0.0
2024-05-09 15:30:00-04:00,4.360000133514404,4.360000133514404,4.360000133514404,4.360000133514404,789,0.0,0.0
2024-05-10 09:30:00-04:00,4.204999923706055,4.204999923706055,4.204999923706055,4.204999923706055,1641,0.0,0.0
2024-05-10 11:30:00-04:00,4.469900131225586,4.469900131225586,4.469900131225586,4.469900131225586,758,0.0,0.0
2024-05-10 15:30:00-04:00,4.440000057220459,4.46999979019165,4.440000057220459,4.46999979019165,1480,0.0,0.0
2024-05-13 10:30:00-04:00,4.329999923706055,4.329999923706055,4.199900150299072,4.199900150299072,1953,0.0,0.0
2024-05-13 12:30:00-04:00,4.335000038146973,4.460000038146973,4.24429988861084,4.24429988861084,393,0.0,0.0
2024-05-13 14:30:00-04:00,4.480000019073486,4.480000019073486,4.480000019073486,4.480000019073486,172,0.0,0.0
2024-05-14 09:30:00-04:00,4.21999979019165,4.240099906921387,4.21999979019165,4.240099906921387,758,0.0,0.0
2024-05-14 11:30:00-04:00,4.329999923706055,4.437099933624268,4.320000171661377,4.437099933624268,1455,0.0,0.0
2024-05-14 12:30:00-04:00,4.46999979019165,4.46999979019165,4.46999979019165,4.46999979019165,600,0.0,0.0
2024-05-14 13:30:00-04:00,4.314700126647949,4.314700126647949,4.314700126647949,4.314700126647949,4,0.0,0.0
2024-05-15 10:30:00-04:00,4.28000020980835,4.28000020980835,4.28000020980835,4.28000020980835,642,0.0,0.0
2024-05-15 12:30:00-04:00,4.329999923706055,4.329999923706055,4.300000190734863,4.300000190734863,862,0.0,0.0
2024-05-15 13:30:00-04:00,4.380000114440918,4.380000114440918,4.380000114440918,4.380000114440918,548,0.0,0.0
2024-05-16 10:30:00-04:00,4.394999980926514,4.394999980926514,4.394999980926514,4.394999980926514,1213,0.0,0.0
2024-05-16 11:30:00-04:00,4.3302998542785645,4.3302998542785645,4.3302998542785645,4.3302998542785645,240,0.0,0.0
2024-05-16 12:30:00-04:00,4.420000076293945,4.420000076293945,4.382699966430664,4.382699966430664,2422,0.0,0.0
2024-05-16 14:30:00-04:00,4.369999885559082,4.369999885559082,4.369999885559082,4.369999885559082,801,0.0,0.0
2024-05-16 15:30:00-04:00,4.394999980926514,4.400000095367432,4.394999980926514,4.400000095367432,321,0.0,0.0
2024-05-17 09:30:00-04:00,4.420000076293945,4.420000076293945,4.409999847412109,4.409999847412109,670,0.0,0.0
2024-05-17 10:30:00-04:00,4.403600215911865,4.424900054931641,4.400000095367432,4.424200057983398,6870,0.0,0.0
2024-05-17 12:30:00-04:00,4.364999771118164,4.364999771118164,4.309999942779541,4.309999942779541,759,0.0,0.0
2024-05-20 09:30:00-04:00,4.420000076293945,4.420000076293945,4.309999942779541,4.309999942779541,691,0.0,0.0
2024-05-20 10:30:00-04:00,4.286200046539307,4.286200046539307,4.286200046539307,4.286200046539307,546,0.0,0.0
2024-05-20 11:30:00-04:00,4.340000152587891,4.340000152587891,4.320000171661377,4.320000171661377,1234,0.0,0.0
2024-05-20 12:30:00-04:00,4.412799835205078,4.420000076293945,4.412799835205078,4.420000076293945,1721,0.0,0.0
2024-05-20 14:30:00-04:00,4.367199897766113,4.380300045013428,4.360000133514404,4.373499870300293,2449,0.0,0.0
2024-05-21 09:30:00-04:00,4.369999885559082,4.440000057220459,4.369999885559082,4.414999961853027,4182,0.0,0.0
2024-05-21 10:30:00-04:00,4.420000076293945,4.420000076293945,4.420000076293945,4.420000076293945,542,0.0,0.0
2024-05-21 11:30:00-04:00,4.400300025939941,4.414999961853027,4.400300025939941,4.414999961853027,1975,0.0,0.0
2024-05-21 14:30:00-04:00,4.400000095367432,4.409999847412109,4.400000095367432,4.409999847412109,2618,0.0,0.0
2024-05-22 11:30:00-04:00,4.371699810028076,4.371699810028076,4.371699810028076,4.371699810028076,202,0.0,0.0
2024-05-23 09:30:00-04:00,4.370299816131592,4.370299816131592,4.370299816131592,4.370299816131592,1599,0.0,0.0
2024-05-23 10:30:00-04:00,4.355000019073486,4.355000019073486,4.355000019073486,4.355000019073486,744,0.0,0.0
2024-05-23 12:30:00-04:00,4.315000057220459,4.315000057220459,4.269899845123291,4.269999980926514,2755,0.0,0.0
2024-05-24 09:30:00-04:00,4.345300197601318,4.345300197601318,4.260200023651123,4.260200023651123,423,0.0,0.0
2024-05-24 11:30:00-04:00,4.299900054931641,4.299900054931641,4.299900054931641,4.299900054931641,746,0.0,0.0
2024-05-28 09:30:00-04:00,4.449999809265137,4.449999809265137,4.251999855041504,4.251999855041504,597,0.0,0.0
2024-05-28 12:30:00-04:00,4.383699893951416,4.383699893951416,4.383699893951416,4.383699893951416,368,0.0,0.0
2024-05-29 09:30:00-04:00,4.414999961853027,4.460000038146973,4.410399913787842,4.460000038146973,2156,0.0,0.0
2024-05-29 10:30:00-04:00,4.426400184631348,4.426400184631348,4.426400184631348,4.426400184631348,105,0.0,0.0
2024-05-29 11:30:00-04:00,4.4207000732421875,4.425000190734863,4.4207000732421875,4.425000190734863,1333,0.0,0.0
2024-05-29 13:30:00-04:00,4.380199909210205,4.380199909210205,4.380199909210205,4.380199909210205,520,0.0,0.0
2024-05-30 10:30:00-04:00,4.400100231170654,4.400100231170654,4.400100231170654,4.400100231170654,1385,0.0,0.0
2024-05-30 13:30:00-04:00,4.429999828338623,4.429999828338623,4.429999828338623,4.429999828338623,600,0.0,0.0
2024-05-30 14:30:00-04:00,4.410999774932861,4.436399936676025,4.410999774932861,4.429999828338623,4356,0.0,0.0
2024-05-30 15:30:00-04:00,4.400100231170654,4.428500175476074,4.380000114440918,4.400000095367432,11719,0.0,0.0
2024-05-31 09:30:00-04:00,4.306000232696533,4.380000114440918,4.306000232696533,4.380000114440918,591,0.0,0.0
2024-05-31 10:30:00-04:00,4.380000114440918,4.420000076293945,4.380000114440918,4.420000076293945,393,0.0,0.0
2024-05-31 11:30:00-04:00,4.380000114440918,4.420199871063232,4.380000114440918,4.380000114440918,1300,0.0,0.0
2024-05-31 12:30:00-04:00,4.405700206756592,4.405700206756592,4.405700206756592,4.405700206756592,2373,0.0,0.0
2024-06-03 09:30:00-04:00,4.329999923706055,4.329999923706055,4.289999961853027,4.300000190734863,7044,0.0,0.0
2024-06-03 10:30:00-04:00,4.329999923706055,4.329999923706055,4.239999771118164,4.239999771118164,5456,0.0,0.0
2024-06-03 11:30:00-04:00,4.179900169372559,4.190000057220459,4.179900169372559,4.180300235748291,1224,0.0,0.0
2024-06-03 12:30:00-04:00,4.199999809265137,4.199999809265137,4.199999809265137,4.199999809265137,0,0.0,0.0
2024-06-03 13:30:00-04:00,4.190000057220459,4.199999809265137,4.190000057220459,4.199900150299072,16209,0.0,0.0
2024-06-03 14:30:00-04:00,4.199999809265137,4.210000038146973,4.149899959564209,4.159999847412109,6034,0.0,0.0
2024-06-03 15:30:00-04:00,4.150000095367432,4.159999847412109,4.150000095367432,4.150000095367432,2065,0.0,0.0
2024-06-04 09:30:00-04:00,4.230000019073486,4.449999809265137,4.199999809265137,4.389999866485596,27131,0.0,0.0
2024-06-04 10:30:00-04:00,4.389999866485596,4.460000038146973,4.199900150299072,4.307199954986572,17082,0.0,0.0
2024-06-04 11:30:00-04:00,4.159900188446045,4.159999847412109,4.159900188446045,4.159999847412109,913,0.0,0.0
2024-06-04 13:30:00-04:00,4.199999809265137,4.299099922180176,4.190000057220459,4.299099922180176,11762,0.0,0.0
2024-06-04 14:30:00-04:00,4.309999942779541,4.360000133514404,4.25,4.28000020980835,9863,0.0,0.0
2024-06-04 15:30:00-04:00,4.360000133514404,4.360000133514404,4.159999847412109,4.360000133514404,2464,0.0,0.0
2024-06-05 09:30:00-04:00,4.639999866485596,4.809999942779541,4.579999923706055,4.610000133514404,12806,0.0,0.0
2024-06-05 10:30:00-04:00,4.550000190734863,4.699999809265137,4.550000190734863,4.699999809265137,1675,0.0,0.0
2024-06-05 11:30:00-04:00,4.707200050354004,4.759900093078613,4.630000114440918,4.706399917602539,4441,0.0,0.0
2024-06-05 12:30:00-04:00,4.75,4.75,4.75,4.75,598,0.0,0.0
2024-06-05 13:30:00-04:00,4.749899864196777,4.940899848937988,4.736199855804443,4.920000076293945,6361,0.0,0.0
2024-06-05 14:30:00-04:00,4.960000038146973,5.090000152587891,4.909999847412109,5.090000152587891,9571,0.0,0.0
2024-06-05 15:30:00-04:00,5.079999923706055,5.25,5.05210018157959,5.21999979019165,7408,0.0,0.0
2024-06-06 09:30:00-04:00,5.429999828338623,5.855000019073486,4.840000152587891,5.03000020980835,33041,0.0,0.0
2024-06-06 10:30:00-04:00,5.03000020980835,5.079999923706055,4.960000038146973,5.025000095367432,9678,0.0,0.0
2024-06-06 11:30:00-04:00,5.018400192260742,5.130000114440918,4.789999961853027,5.046800136566162,7711,0.0,0.0
2024-06-06 12:30:00-04:00,5.090000152587891,5.099999904632568,4.960000038146973,5.099999904632568,2713,0.0,0.0
2024-06-06 13:30:00-04:00,5.179999828338623,5.179999828338623,5.179999828338623,5.179999828338623,970,0.0,0.0
2024-06-06 14:30:00-04:00,5.199900150299072,5.199999809265137,5.050000190734863,5.199999809265137,2071,0.0,0.0
2024-06-06 15:30:00-04:00,5.03000020980835,5.189899921417236,5.03000020980835,5.189899921417236,826,0.0,0.0
2024-06-07 09:30:00-04:00,5.099999904632568,5.099999904632568,5.000100135803223,5.085000038146973,4653,0.0,0.0
2024-06-07 10:30:00-04:00,5.125,5.159999847412109,5.090000152587891,5.100200176239014,6871,0.0,0.0
2024-06-07 11:30:00-04:00,5.045000076293945,5.170000076293945,5.045000076293945,5.117700099945068,1586,0.0,0.0
2024-06-07 14:30:00-04:00,5.126699924468994,5.126699924468994,5.126699924468994,5.126699924468994,365,0.0,0.0
2024-06-07 15:30:00-04:00,5.188300132751465,5.329999923706055,5.188300132751465,5.190000057220459,814,0.0,0.0
2024-06-10 09:30:00-04:00,5.639999866485596,5.639999866485596,5.1554999351501465,5.418399810791016,24236,0.0,0.0
2024-06-10 10:30:00-04:00,5.454999923706055,5.5,5.289999961853027,5.454999923706055,7900,0.0,0.0
2024-06-10 11:30:00-04:00,5.28000020980835,5.480000019073486,5.28000020980835,5.394999980926514,16463,0.0,0.0
2024-06-10 12:30:00-04:00,5.5,5.980000019073486,5.364999771118164,5.912700176239014,10063,0.0,0.0
2024-06-10 13:30:00-04:00,5.900000095367432,5.909999847412109,5.599999904632568,5.744999885559082,3869,0.0,0.0
2024-06-10 14:30:00-04:00,5.739999771118164,5.800000190734863,5.71999979019165,5.800000190734863,4180,0.0,0.0
2024-06-10 15:30:00-04:00,5.760000228881836,5.849999904632568,5.559999942779541,5.561699867248535,7900,0.0,0.0
2024-06-11 09:30:00-04:00,5.039999961853027,5.329999923706055,4.789999961853027,4.860000133514404,14710,0.0,0.0
2024-06-11 10:30:00-04:00,4.809999942779541,4.849999904632568,4.420000076293945,4.420000076293945,13712,0.0,0.0
2024-06-11 11:30:00-04:00,4.539999961853027,4.554999828338623,4.460100173950195,4.480000019073486,9611,0.0,0.0
2024-06-11 12:30:00-04:00,4.599999904632568,4.619900226593018,4.550000190734863,4.550000190734863,2912,0.0,0.0
2024-06-11 13:30:00-04:00,4.579999923706055,4.579999923706055,4.539999961853027,4.539999961853027,1984,0.0,0.0
2024-06-11 14:30:00-04:00,4.539999961853027,4.618199825286865,4.519999980926514,4.618199825286865,2725,0.0,0.0
2024-06-11 15:30:00-04:00,4.53000020980835,4.53000020980835,4.53000020980835,4.53000020980835,558,0.0,0.0
2024-06-12 09:30:00-04:00,4.600100040435791,4.6697998046875,4.400000095367432,4.6697998046875,8456,0.0,0.0
2024-06-12 10:30:00-04:00,4.510000228881836,4.568900108337402,4.500100135803223,4.500100135803223,10133,0.0,0.0
2024-06-12 11:30:00-04:00,4.509900093078613,4.509900093078613,4.40500020980835,4.429999828338623,2406,0.0,0.0
2024-06-12 12:30:00-04:00,4.510000228881836,4.510000228881836,4.440000057220459,4.440000057220459,974,0.0,0.0
2024-06-12 13:30:00-04:00,4.466800212860107,4.599999904632568,4.466800212860107,4.599999904632568,2448,0.0,0.0
2024-06-12 15:30:00-04:00,4.670000076293945,4.670000076293945,4.610000133514404,4.610000133514404,1438,0.0,0.0
2024-06-13 10:30:00-04:00,4.400100231170654,4.439899921417236,4.400100231170654,4.439899921417236,1998,0.0,0.0
2024-06-13 11:30:00-04:00,4.400100231170654,4.400100231170654,4.28000020980835,4.369999885559082,4364,0.0,0.0
2024-06-13 12:30:00-04:00,4.376800060272217,4.429999828338623,4.335000038146973,4.429999828338623,2099,0.0,0.0
2024-06-13 13:30:00-04:00,4.440000057220459,4.440000057220459,4.429999828338623,4.429999828338623,2138,0.0,0.0
2024-06-13 14:30:00-04:00,4.440000057220459,4.449999809265137,4.440000057220459,4.449999809265137,596,0.0,0.0
2024-06-13 15:30:00-04:00,4.389999866485596,4.389999866485596,4.340000152587891,4.340000152587891,500,0.0,0.0
2024-06-14 11:30:00-04:00,4.499899864196777,4.499899864196777,4.389999866485596,4.449999809265137,1769,0.0,0.0
2024-06-14 12:30:00-04:00,4.397900104522705,4.397900104522705,4.397900104522705,4.397900104522705,147,0.0,0.0
2024-06-14 13:30:00-04:00,4.434899806976318,4.449999809265137,4.434899806976318,4.449999809265137,295,0.0,0.0
2024-06-14 15:30:00-04:00,4.380000114440918,4.449999809265137,4.380000114440918,4.449999809265137,548,0.0,0.0
2024-06-17 09:30:00-04:00,4.449999809265137,4.449999809265137,4.430799961090088,4.430799961090088,1028,0.0,0.0
2024-06-17 10:30:00-04:00,4.332799911499023,4.449999809265137,4.332799911499023,4.449999809265137,2749,0.0,0.0
2024-06-17 12:30:00-04:00,4.364500045776367,4.364500045776367,4.364500045776367,4.364500045776367,200,0.0,0.0
2024-06-17 13:30:00-04:00,4.369999885559082,4.369999885559082,4.369999885559082,4.369999885559082,407,0.0,0.0
2024-06-18 09:30:00-04:00,4.199999809265137,4.360000133514404,4.170000076293945,4.3572001457214355,9454,0.0,0.0
2024-06-18 10:30:00-04:00,4.420000076293945,4.420000076293945,4.369999885559082,4.369999885559082,1844,0.0,0.0
2024-06-18 13:30:00-04:00,4.360000133514404,4.384300231933594,4.360000133514404,4.384300231933594,885,0.0,0.0
2024-06-18 14:30:00-04:00,4.400000095367432,4.400000095367432,4.394199848175049,4.394199848175049,4489,0.0,0.0
2024-06-18 15:30:00-04:00,4.230000019073486,4.230000019073486,4.170000076293945,4.204100131988525,2229,0.0,0.0
2024-06-20 09:30:00-04:00,4.260000228881836,4.294000148773193,4.130099773406982,4.130099773406982,1696,0.0,0.0
2024-06-20 10:30:00-04:00,4.110000133514404,4.21999979019165,4.099999904632568,4.119999885559082,6879,0.0,0.0
2024-06-20 11:30:00-04:00,4.119999885559082,4.119999885559082,4.119999885559082,4.119999885559082,101,0.0,0.0
2024-06-20 12:30:00-04:00,4.150100231170654,4.150100231170654,4.150100231170654,4.150100231170654,1041,0.0,0.0
2024-06-20 15:30:00-04:00,4.159999847412109,4.159999847412109,4.159999847412109,4.159999847412109,103,0.0,0.0
2024-06-21 09:30:00-04:00,4.090000152587891,4.244999885559082,4.090000152587891,4.199999809265137,1277,0.0,0.0
2024-06-21 10:30:00-04:00,4.099999904632568,4.139999866485596,4.099999904632568,4.139999866485596,4837,0.0,0.0
2024-06-21 12:30:00-04:00,4.159999847412109,4.170000076293945,4.159999847412109,4.169899940490723,1958,0.0,0.0
2024-06-21 15:30:00-04:00,4.139999866485596,4.210000038146973,4.130000114440918,4.210000038146973,1202,0.0,0.0
2024-06-24 09:30:00-04:00,4.110000133514404,4.110000133514404,4.110000133514404,4.110000133514404,290,0.0,0.0
2024-06-24 10:30:00-04:00,4.289999961853027,4.289999961853027,4.289999961853027,4.289999961853027,708,0.0,0.0
2024-06-24 12:30:00-04:00,4.159999847412109,4.159999847412109,4.150000095367432,4.150000095367432,2147,0.0,0.0
2024-06-24 15:30:00-04:00,4.167200088500977,4.170000076293945,4.150000095367432,4.170000076293945,6376,0.0,0.0
2024-06-25 09:30:00-04:00,4.210000038146973,4.210000038146973,4.210000038146973,4.210000038146973,609,0.0,0.0
2024-06-25 10:30:00-04:00,4.050000190734863,4.050000190734863,4.047699928283691,4.050000190734863,878,0.0,0.0
2024-06-25 11:30:00-04:00,4.129899978637695,4.129899978637695,4.079999923706055,4.129899978637695,6000,0.0,0.0
2024-06-25 12:30:00-04:00,4.129899978637695,4.130000114440918,4.128699779510498,4.128699779510498,1943,0.0,0.0
2024-06-25 14:30:00-04:00,4.25,4.269499778747559,4.25,4.269499778747559,232,0.0,0.0
2024-06-25 15:30:00-04:00,4.130000114440918,4.130000114440918,4.130000114440918,4.130000114440918,267,0.0,0.0
2024-06-26 09:30:00-04:00,4.150000095367432,4.150000095367432,4.150000095367432,4.150000095367432,378,0.0,0.0
2024-06-26 10:30:00-04:00,4.150000095367432,4.150000095367432,4.149899959564209,4.150000095367432,9050,0.0,0.0
2024-06-26 12:30:00-04:00,4.25,4.25,4.25,4.25,413,0.0,0.0
2024-06-28 11:30:00-04:00,4.239299774169922,4.2399001121521,4.239299774169922,4.2399001121521,1362,0.0,0.0
2024-06-28 13:30:00-04:00,4.20989990234375,4.210000038146973,4.199999809265137,4.199999809265137,720,0.0,0.0
2024-06-28 14:30:00-04:00,4.20989990234375,4.20989990234375,4.170000076293945,4.184999942779541,1052,0.0,0.0
2024-06-28 15:30:00-04:00,4.199999809265137,4.199999809265137,4.199999809265137,4.199999809265137,102,0.0,0.0
2024-07-01 09:30:00-04:00,4.112199783325195,4.112199783325195,4.112199783325195,4.112199783325195,393,0.0,0.0
2024-07-01 10:30:00-04:00,4.110000133514404,4.130099773406982,4.110000133514404,4.130099773406982,12423,0.0,0.0
2024-07-01 11:30:00-04:00,4.15500020980835,4.15500020980835,4.15500020980835,4.15500020980835,0,0.0,0.0
2024-07-01 14:30:00-04:00,4.159999847412109,4.159999847412109,4.159999847412109,4.159999847412109,1866,0.0,0.0
2024-07-01 15:30:00-04:00,4.135000228881836,4.159900188446045,4.135000228881836,4.159900188446045,1103,0.0,0.0
2024-07-02 09:30:00-04:00,4.079999923706055,4.079999923706055,4.070000171661377,4.079899787902832,3086,0.0,0.0
2024-07-02 10:30:00-04:00,4.070000171661377,4.260000228881836,4.059999942779541,4.059999942779541,2420,0.0,0.0
2024-07-02 11:30:00-04:00,4.130000114440918,4.130000114440918,4.130000114440918,4.130000114440918,224,0.0,0.0
2024-07-02 13:30:00-04:00,4.170000076293945,4.199999809265137,4.170000076293945,4.199999809265137,1054,0.0,0.0
2024-07-02 14:30:00-04:00,4.170000076293945,4.170000076293945,4.170000076293945,4.170000076293945,298,0.0,0.0
2024-07-03 10:30:00-04:00,4.144899845123291,4.144899845123291,4.144899845123291,4.144899845123291,199,0.0,0.0
2024-07-03 11:30:00-04:00,4.110000133514404,4.110000133514404,4.100100040435791,4.100100040435791,352,0.0,0.0
2024-07-05 09:30:00-04:00,4.019999980926514,4.170199871063232,4.019999980926514,4.130000114440918,2337,0.0,0.0
2024-07-05 11:30:00-04:00,4.119999885559082,4.121399879455566,4.119999885559082,4.120100021362305,1474,0.0,0.0
2024-07-05 12:30:00-04:00,4.1209001541137695,4.121799945831299,4.1209001541137695,4.121799945831299,101,0.0,0.0
2024-07-05 13:30:00-04:00,4.121200084686279,4.121200084686279,4.121200084686279,4.121200084686279,705,0.0,0.0
2024-07-05 14:30:00-04:00,4.130000114440918,4.289999961853027,4.130000114440918,4.199999809265137,6253,0.0,0.0
2024-07-08 09:30:00-04:00,4.210000038146973,4.210000038146973,4.210000038146973,4.210000038146973,217,0.0,0.0
2024-07-08 10:30:00-04:00,4.320000171661377,4.349999904632568,4.230000019073486,4.349999904632568,859,0.0,0.0
2024-07-08 11:30:00-04:00,4.380000114440918,4.380000114440918,4.300000190734863,4.300000190734863,814,0.0,0.0
2024-07-08 13:30:00-04:00,4.407299995422363,4.407299995422363,4.300000190734863,4.300000190734863,1472,0.0,0.0
2024-07-08 14:30:00-04:00,4.300000190734863,4.340000152587891,4.28000020980835,4.28000020980835,1331,0.0,0.0
2024-07-08 15:30:00-04:00,4.300000190734863,4.300000190734863,4.300000190734863,4.300000190734863,1011,0.0,0.0
2024-07-10 10:30:00-04:00,4.239999771118164,4.239999771118164,4.239999771118164,4.239999771118164,253,0.0,0.0
2024-07-10 11:30:00-04:00,4.290999889373779,4.290999889373779,4.290999889373779,4.290999889373779,11,0.0,0.0
2024-07-10 13:30:00-04:00,4.269999980926514,4.269999980926514,4.269999980926514,4.269999980926514,0,0.0,0.0
2024-07-11 10:30:00-04:00,4.249899864196777,4.249899864196777,4.0,4.119999885559082,15178,0.0,0.0
2024-07-11 11:30:00-04:00,4.050000190734863,4.090000152587891,3.999500036239624,4.050000190734863,17239,0.0,0.0
2024-07-11 12:30:00-04:00,4.050000190734863,4.130000114440918,3.9600000381469727,4.054200172424316,47196,0.0,0.0
2024-07-11 13:30:00-04:00,4.010000228881836,4.010000228881836,3.9749999046325684,4.005000114440918,6807,0.0,0.0
2024-07-11 15:30:00-04:00,4.050099849700928,4.050099849700928,4.010000228881836,4.010000228881836,4400,0.0,0.0
2024-07-12 09:30:00-04:00,4.019999980926514,4.019999980926514,4.019999980926514,4.019999980926514,344,0.0,0.0
2024-07-12 11:30:00-04:00,4.03000020980835,4.079999923706055,4.019499778747559,4.079999923706055,1643,0.0,0.0
2024-07-12 13:30:00-04:00,4.059999942779541,4.059999942779541,4.039999961853027,4.059899806976318,2113,0.0,0.0
2024-07-12 14:30:00-04:00,4.059999942779541,4.304999828338623,4.059000015258789,4.150000095367432,33197,0.0,0.0
2024-07-15 09:30:00-04:00,4.199999809265137,4.629799842834473,4.079999923706055,4.525000095367432,33969,0.0,0.0
2024-07-15 10:30:00-04:00,4.547500133514404,4.769999980926514,4.335000038146973,4.409999847412109,97719,0.0,0.0
2024-07-15 11:30:00-04:00,4.400000095367432,4.579999923706055,4.349999904632568,4.429999828338623,35242,0.0,0.0
2024-07-15 12:30:00-04:00,4.510000228881836,4.510000228881836,4.430099964141846,4.430099964141846,2203,0.0,0.0
2024-07-15 13:30:00-04:00,4.5,4.5,4.5,4.5,417,0.0,0.0
2024-07-15 14:30:00-04:00,4.449999809265137,4.449999809265137,4.449999809265137,4.449999809265137,1781,0.0,0.0
2024-07-15 15:30:00-04:00,4.450099945068359,4.480000019073486,4.440000057220459,4.480000019073486,5151,0.0,0.0
2024-07-16 09:30:00-04:00,4.510000228881836,4.510000228881836,4.449999809265137,4.449999809265137,3760,0.0,0.0
2024-07-16 10:30:00-04:00,4.559999942779541,4.559999942779541,4.519999980926514,4.519999980926514,0,0.0,0.0
2024-07-16 11:30:00-04:00,4.46999979019165,4.474999904632568,4.449999809265137,4.449999809265137,7535,0.0,0.0
2024-07-16 12:30:00-04:00,4.449900150299072,4.75,4.399899959564209,4.75,48837,0.0,0.0
2024-07-16 13:30:00-04:00,4.829999923706055,5.0,4.605000019073486,4.989999771118164,165345,0.0,0.0
2024-07-16 14:30:00-04:00,5.050000190734863,5.050000190734863,4.760000228881836,4.804999828338623,101208,0.0,0.0
2024-07-16 15:30:00-04:00,4.670000076293945,4.697000026702881,4.599999904632568,4.659999847412109,9632,0.0,0.0
2024-07-17 09:30:00-04:00,4.769999980926514,4.769999980926514,4.514999866485596,4.529399871826172,15511,0.0,0.0
2024-07-17 10:30:00-04:00,4.650100231170654,4.869900226593018,4.650100231170654,4.650100231170654,1588,0.0,0.0
2024-07-17 11:30:00-04:00,4.670000076293945,4.670000076293945,4.650100231170654,4.650100231170654,3993,0.0,0.0
2024-07-17 12:30:00-04:00,4.679999828338623,4.849999904632568,4.612500190734863,4.809999942779541,13935,0.0,0.0
2024-07-17 13:30:00-04:00,4.769999980926514,4.769999980926514,4.679999828338623,4.699900150299072,1204,0.0,0.0
2024-07-17 14:30:00-04:00,4.65500020980835,4.65500020980835,4.65500020980835,4.65500020980835,3697,0.0,0.0
2024-07-18 09:30:00-04:00,4.78000020980835,4.800000190734863,4.78000020980835,4.800000190734863,1222,0.0,0.0
2024-07-18 11:30:00-04:00,4.659999847412109,4.940000057220459,4.659999847412109,4.940000057220459,48793,0.0,0.0
2024-07-18 12:30:00-04:00,4.800099849700928,4.940000057220459,4.71999979019165,4.809100151062012,87856,0.0,0.0
2024-07-18 13:30:00-04:00,4.809999942779541,4.809999942779541,4.369999885559082,4.559999942779541,26996,0.0,0.0
2024-07-18 14:30:00-04:00,4.599999904632568,4.800000190734863,4.570000171661377,4.622099876403809,130673,0.0,0.0
2024-07-19 09:30:00-04:00,4.380000114440918,5.050000190734863,4.380000114440918,4.920000076293945,112743,0.0,0.0
2024-07-19 10:30:00-04:00,4.989999771118164,4.989999771118164,4.760000228881836,4.810100078582764,125618,0.0,0.0
2024-07-19 11:30:00-04:00,4.855000019073486,4.855000019073486,4.795000076293945,4.795000076293945,61581,0.0,0.0
2024-07-19 12:30:00-04:00,4.768400192260742,4.809999942779541,4.710000038146973,4.809999942779541,4953,0.0,0.0
2024-07-19 13:30:00-04:00,4.75,4.809999942779541,4.75,4.789999961853027,3997,0.0,0.0
2024-07-19 14:30:00-04:00,4.809999942779541,4.949999809265137,4.809999942779541,4.900000095367432,28503,0.0,0.0
2024-07-19 15:30:00-04:00,4.880000114440918,4.889999866485596,4.690000057220459,4.840000152587891,66927,0.0,0.0
2024-07-22 09:30:00-04:00,4.889999866485596,4.909999847412109,4.730000019073486,4.815000057220459,28720,0.0,0.0
2024-07-22 10:30:00-04:00,4.815000057220459,4.815000057220459,4.789999961853027,4.789999961853027,543,0.0,0.0
2024-07-22 11:30:00-04:00,4.730000019073486,4.730000019073486,4.625,4.659999847412109,5724,0.0,0.0
2024-07-22 12:30:00-04:00,4.679999828338623,4.829999923706055,4.679999828338623,4.800000190734863,25769,0.0,0.0
2024-07-22 13:30:00-04:00,4.789999961853027,5.099999904632568,4.728400230407715,4.728400230407715,121026,0.0,0.0
2024-07-22 14:30:00-04:00,4.789999961853027,4.880000114440918,4.699999809265137,4.863699913024902,9098,0.0,0.0
2024-07-22 15:30:00-04:00,4.739999771118164,4.889999866485596,4.730000019073486,4.7769999504089355,9691,0.0,0.0
2024-07-23 09:30:00-04:00,4.760000228881836,4.760000228881836,4.739999771118164,4.739999771118164,2276,0.0,0.0
2024-07-23 10:30:00-04:00,4.829999923706055,4.920000076293945,4.829999923706055,4.920000076293945,15169,0.0,0.0
2024-07-23 11:30:00-04:00,4.929999828338623,5.079999923706055,4.869999885559082,4.899199962615967,26145,0.0,0.0
2024-07-23 12:30:00-04:00,4.900000095367432,4.900000095367432,4.829999923706055,4.900000095367432,11586,0.0,0.0
2024-07-23 13:30:00-04:00,4.900000095367432,4.929999828338623,4.809999942779541,4.895500183105469,31945,0.0,0.0
2024-07-23 14:30:00-04:00,4.840000152587891,4.940000057220459,4.800000190734863,4.889999866485596,10852,0.0,0.0
2024-07-23 15:30:00-04:00,4.900000095367432,5.0,4.861700057983398,4.980000019073486,7723,0.0,0.0
2024-07-24 09:30:00-04:00,4.980000019073486,4.980000019073486,4.860000133514404,4.929900169372559,15072,0.0,0.0
2024-07-24 10:30:00-04:00,4.812399864196777,4.820000171661377,4.809999942779541,4.820000171661377,1421,0.0,0.0
2024-07-24 11:30:00-04:00,4.739999771118164,4.739999771118164,4.545000076293945,4.619999885559082,0,0.0,0.0
2024-07-24 12:30:00-04:00,4.730100154876709,4.730100154876709,4.710000038146973,4.710000038146973,26969,0.0,0.0
2024-07-24 13:30:00-04:00,4.659999847412109,4.659999847412109,4.630000114440918,4.639999866485596,2419,0.0,0.0
2024-07-24 14:30:00-04:00,4.579999923706055,4.650000095367432,4.570000171661377,4.650000095367432,2691,0.0,0.0
2024-07-24 15:30:00-04:00,4.679900169372559,4.679900169372559,4.650000095367432,4.650000095367432,418,0.0,0.0
2024-07-25 09:30:00-04:00,4.599999904632568,4.800000190734863,4.545000076293945,4.800000190734863,53591,0.0,0.0
2024-07-25 10:30:00-04:00,4.800000190734863,4.800000190734863,4.75,4.75,3688,0.0,0.0
2024-07-25 11:30:00-04:00,4.739999771118164,4.900000095367432,4.699999809265137,4.805600166320801,90158,0.0,0.0
2024-07-25 12:30:00-04:00,4.849999904632568,4.900000095367432,4.849999904632568,4.8557000160217285,11053,0.0,0.0
2024-07-25 13:30:00-04:00,4.960000038146973,5.099999904632568,4.909999847412109,5.099999904632568,28134,0.0,0.0
2024-07-25 14:30:00-04:00,5.099999904632568,5.260000228881836,4.760000228881836,4.864999771118164,65633,0.0,0.0
2024-07-25 15:30:00-04:00,4.909999847412109,5.010000228881836,4.760000228881836,4.880000114440918,76682,0.0,0.0
2024-07-26 09:30:00-04:00,4.929999828338623,4.961299896240234,4.701000213623047,4.800000190734863,57219,0.0,0.0
2024-07-26 10:30:00-04:00,4.809999942779541,4.809999942779541,4.800000190734863,4.800000190734863,3438,0.0,0.0
2024-07-26 11:30:00-04:00,4.800000190734863,5.099999904632568,4.800000190734863,5.0381999015808105,120590,0.0,0.0
2024-07-26 12:30:00-04:00,4.980000019073486,5.179999828338623,4.940000057220459,5.139999866485596,172009,0.0,0.0
2024-07-26 13:30:00-04:00,5.079999923706055,5.079999923706055,4.8460001945495605,4.900000095367432,184865,0.0,0.0
2024-07-26 14:30:00-04:00,4.900000095367432,4.980000019073486,4.820000171661377,4.820000171661377,61676,0.0,0.0
2024-07-26 15:30:00-04:00,4.800000190734863,4.909999847412109,4.800000190734863,4.800000190734863,7669,0.0,0.0
2024-07-29 10:30:00-04:00,4.860000133514404,4.860000133514404,4.860000133514404,4.860000133514404,688,0.0,0.0
2024-07-29 11:30:00-04:00,4.809999942779541,4.809999942779541,4.800099849700928,4.800099849700928,616,0.0,0.0
2024-07-29 13:30:00-04:00,4.829999923706055,4.829999923706055,4.769999980926514,4.769999980926514,2623,0.0,0.0
2024-07-29 14:30:00-04:00,4.650000095367432,4.650000095367432,4.579999923706055,4.579999923706055,1483,0.0,0.0
2024-07-29 15:30:00-04:00,4.5,4.650000095367432,4.5,4.599999904632568,17153,0.0,0.0
2024-07-30 09:30:00-04:00,4.659999847412109,4.659999847412109,4.659999847412109,4.659999847412109,1498,0.0,0.0
2024-07-30 10:30:00-04:00,4.639999866485596,4.701700210571289,4.630000114440918,4.699999809265137,1820,0.0,0.0
2024-07-30 11:30:00-04:00,4.650100231170654,4.670000076293945,4.599999904632568,4.639999866485596,12629,0.0,0.0
2024-07-30 12:30:00-04:00,4.819900035858154,4.960000038146973,4.659999847412109,4.8979997634887695,56770,0.0,0.0
2024-07-30 13:30:00-04:00,4.934999942779541,5.159999847412109,4.900000095367432,5.159999847412109,104236,0.0,0.0
2024-07-30 14:30:00-04:00,5.159999847412109,5.28000020980835,4.789999961853027,4.800000190734863,151674,0.0,0.0
2024-07-30 15:30:00-04:00,4.820000171661377,4.820000171661377,4.760000228881836,4.800000190734863,1936,0.0,0.0
2024-07-31 09:30:00-04:00,4.829999923706055,4.829999923706055,4.829999923706055,4.829999923706055,1233,0.0,0.0
2024-07-31 10:30:00-04:00,4.775199890136719,4.775199890136719,4.775199890136719,4.775199890136719,919,0.0,0.0
2024-07-31 11:30:00-04:00,4.760000228881836,4.760000228881836,4.599999904632568,4.710000038146973,20762,0.0,0.0
2024-07-31 12:30:00-04:00,4.670000076293945,4.699999809265137,4.625,4.659999847412109,1466,0.0,0.0
2024-07-31 13:30:00-04:00,4.650000095367432,4.699900150299072,4.599899768829346,4.599899768829346,14202,0.0,0.0
2024-07-31 14:30:00-04:00,4.574999809265137,4.599999904632568,4.559999942779541,4.59499979019165,1985,0.0,0.0
2024-07-31 15:30:00-04:00,4.579999923706055,4.629899978637695,4.521500110626221,4.521500110626221,3209,0.0,0.0
2024-08-01 09:30:00-04:00,4.579999923706055,4.579999923706055,4.394999980926514,4.394999980926514,4223,0.0,0.0
2024-08-01 11:30:00-04:00,4.489999771118164,4.5,4.489999771118164,4.5,0,0.0,0.0
2024-08-01 12:30:00-04:00,4.420000076293945,4.474999904632568,4.420000076293945,4.474999904632568,5383,0.0,0.0
2024-08-01 13:30:00-04:00,4.474999904632568,4.474999904632568,4.468699932098389,4.468699932098389,3213,0.0,0.0
2024-08-01 14:30:00-04:00,4.454999923706055,4.454999923706055,4.360000133514404,4.360000133514404,1806,0.0,0.0
2024-08-01 15:30:00-04:00,4.449999809265137,4.480000019073486,4.400199890136719,4.429999828338623,1957,0.0,0.0
2024-08-02 09:30:00-04:00,4.440000057220459,4.449999809265137,4.340000152587891,4.449999809265137,15936,0.0,0.0
2024-08-02 10:30:00-04:00,4.460000038146973,4.650000095367432,4.400000095367432,4.610099792480469,81134,0.0,0.0
2024-08-02 11:30:00-04:00,4.550000190734863,4.6504998207092285,4.550000190734863,4.639999866485596,42945,0.0,0.0
2024-08-02 12:30:00-04:00,4.599999904632568,4.650000095367432,4.599999904632568,4.650000095367432,5837,0.0,0.0
2024-08-02 13:30:00-04:00,4.639999866485596,4.75,4.599999904632568,4.599999904632568,55803,0.0,0.0
2024-08-02 14:30:00-04:00,4.644999980926514,4.666999816894531,4.610000133514404,4.654799938201904,4634,0.0,0.0
2024-08-02 15:30:00-04:00,4.639999866485596,4.650000095367432,4.619999885559082,4.625,11444,0.0,0.0
2024-08-05 09:30:00-04:00,4.389999866485596,4.650000095367432,4.389999866485596,4.599999904632568,50923,0.0,0.0
2024-08-05 10:30:00-04:00,4.599999904632568,4.650000095367432,4.409999847412109,4.489999771118164,65920,0.0,0.0
2024-08-05 11:30:00-04:00,4.5,4.592700004577637,4.5,4.592700004577637,22276,0.0,0.0
2024-08-05 12:30:00-04:00,4.593900203704834,4.639999866485596,4.567599773406982,4.599999904632568,18351,0.0,0.0
2024-08-05 13:30:00-04:00,4.650000095367432,4.690000057220459,4.610000133514404,4.690000057220459,4631,0.0,0.0
2024-08-05 14:30:00-04:00,4.699999809265137,4.699999809265137,4.659999847412109,4.690000057220459,3404,0.0,0.0
2024-08-05 15:30:00-04:00,4.670000076293945,4.699999809265137,4.644999980926514,4.699999809265137,17061,0.0,0.0
2024-08-06 09:30:00-04:00,4.579999923706055,4.717800140380859,4.579999923706055,4.650000095367432,9450,0.0,0.0
2024-08-06 10:30:00-04:00,4.699999809265137,4.700099945068359,4.599999904632568,4.599999904632568,14729,0.0,0.0
2024-08-06 11:30:00-04:00,4.610000133514404,4.65500020980835,4.599999904632568,4.65500020980835,9031,0.0,0.0
2024-08-06 12:30:00-04:00,4.650000095367432,4.650000095367432,4.650000095367432,4.650000095367432,16828,0.0,0.0
2024-08-06 13:30:00-04:00,4.690000057220459,4.690000057220459,4.660099983215332,4.690000057220459,5769,0.0,0.0
2024-08-06 14:30:00-04:00,4.699999809265137,4.710000038146973,4.699999809265137,4.699999809265137,6897,0.0,0.0
2024-08-06 15:30:00-04:00,4.724999904632568,4.739999771118164,4.619999885559082,4.619999885559082,18504,0.0,0.0
2024-08-07 09:30:00-04:00,4.750800132751465,4.750800132751465,4.647900104522705,4.690000057220459,28612,0.0,0.0
2024-08-07 10:30:00-04:00,4.690000057220459,4.699999809265137,4.659999847412109,4.699999809265137,2834,0.0,0.0
2024-08-07 11:30:00-04:00,4.650000095367432,4.679999828338623,4.590000152587891,4.590000152587891,6623,0.0,0.0
2024-08-07 12:30:00-04:00,4.630000114440918,4.639999866485596,4.600100040435791,4.609000205993652,2141,0.0,0.0
2024-08-07 14:30:00-04:00,4.599999904632568,4.75,4.429999828338623,4.6981000900268555,55444,0.0,0.0
2024-08-07 15:30:00-04:00,4.69789981842041,4.800000190734863,4.690000057220459,4.78000020980835,0,0.0,0.0
2024-08-08 09:30:00-04:00,4.620100021362305,4.620100021362305,4.620100021362305,4.620100021362305,911,0.0,0.0
2024-08-08 11:30:00-04:00,4.630000114440918,5.059999942779541,4.630000114440918,4.877900123596191,12302,0.0,0.0
2024-08-08 12:30:00-04:00,4.697199821472168,4.739999771118164,4.639999866485596,4.639999866485596,3442,0.0,0.0
2024-08-08 13:30:00-04:00,4.728000164031982,4.728000164031982,4.710000038146973,4.710000038146973,749,0.0,0.0
2024-08-08 14:30:00-04:00,4.714300155639648,4.714300155639648,4.679999828338623,4.679999828338623,2140,0.0,0.0
2024-08-08 15:30:00-04:00,4.650000095367432,4.690000057220459,4.579999923706055,4.579999923706055,1293,0.0,0.0
2024-08-09 09:30:00-04:00,4.550000190734863,4.550000190734863,4.550000190734863,4.550000190734863,0,0.0,0.0
2024-08-09 10:30:00-04:00,4.75,4.820000171661377,4.739999771118164,4.78000020980835,34338,0.0,0.0
2024-08-09 11:30:00-04:00,4.820000171661377,4.879899978637695,4.78000020980835,4.806700229644775,16166,0.0,0.0
2024-08-09 12:30:00-04:00,4.809999942779541,4.869900226593018,4.800099849700928,4.869900226593018,7495,0.0,0.0
2024-08-09 13:30:00-04:00,4.810100078582764,4.900000095367432,4.809999942779541,4.900000095367432,24807,0.0,0.0
2024-08-09 14:30:00-04:00,4.880000114440918,4.9004998207092285,4.829899787902832,4.889999866485596,13051,0.0,0.0
2024-08-09 15:30:00-04:00,4.894999980926514,4.90500020980835,4.699999809265137,4.71999979019165,14101,0.0,0.0
