Datetime,Open,High,Low,Close,Volume,Dividends,Stock Splits
2024-09-05 09:30:00-04:00,4.739999771118164,4.800000190734863,4.71999979019165,4.794099807739258,344824,0.0,0.0
2024-09-05 09:35:00-04:00,4.795000076293945,4.820000171661377,4.784999847412109,4.8125,193776,0.0,0.0
2024-09-05 09:40:00-04:00,4.815000057220459,4.829999923706055,4.800000190734863,4.809700012207031,176170,0.0,0.0
2024-09-05 09:45:00-04:00,4.800000190734863,4.820000171661377,4.792799949645996,4.795000076293945,48261,0.0,0.0
2024-09-05 09:50:00-04:00,4.800000190734863,4.804999828338623,4.780099868774414,4.784999847412109,61768,0.0,0.0
2024-09-05 09:55:00-04:00,4.784999847412109,4.800000190734863,4.770299911499023,4.789999961853027,85118,0.0,0.0
2024-09-05 10:00:00-04:00,4.795000076293945,4.820000171661377,4.789999961853027,4.819900035858154,80721,0.0,0.0
2024-09-05 10:05:00-04:00,4.809999942779541,4.809999942779541,4.789999961853027,4.795000076293945,67115,0.0,0.0
2024-09-05 10:10:00-04:00,4.797100067138672,4.797100067138672,4.774700164794922,4.787399768829346,35391,0.0,0.0
2024-09-05 10:15:00-04:00,4.782800197601318,4.800000190734863,4.782800197601318,4.7932000160217285,40618,0.0,0.0
2024-09-05 10:20:00-04:00,4.800000190734863,4.809999942779541,4.789999961853027,4.79010009765625,53644,0.0,0.0
2024-09-05 10:25:00-04:00,4.799799919128418,4.800000190734863,4.761199951171875,4.772200107574463,31846,0.0,0.0
2024-09-05 10:30:00-04:00,4.770199775695801,4.789899826049805,4.760000228881836,4.764999866485596,55644,0.0,0.0
2024-09-05 10:35:00-04:00,4.760000228881836,4.789999961853027,4.760000228881836,4.789999961853027,59075,0.0,0.0
2024-09-05 10:40:00-04:00,4.782599925994873,4.795000076293945,4.780099868774414,4.784999847412109,45144,0.0,0.0
2024-09-05 10:45:00-04:00,4.789999961853027,4.789999961853027,4.769999980926514,4.775000095367432,28232,0.0,0.0
2024-09-05 10:50:00-04:00,4.775000095367432,4.775000095367432,4.760000228881836,4.770100116729736,60537,0.0,0.0
2024-09-05 10:55:00-04:00,4.778500080108643,4.789999961853027,4.761199951171875,4.761199951171875,44024,0.0,0.0
2024-09-05 11:00:00-04:00,4.764999866485596,4.775000095367432,4.760000228881836,4.764999866485596,66672,0.0,0.0
2024-09-05 11:05:00-04:00,4.761199951171875,4.775000095367432,4.760000228881836,4.760000228881836,44695,0.0,0.0
2024-09-05 11:10:00-04:00,4.764999866485596,4.775000095367432,4.751200199127197,4.755000114440918,33388,0.0,0.0
2024-09-05 11:15:00-04:00,4.75,4.767000198364258,4.739999771118164,4.744999885559082,64272,0.0,0.0
2024-09-05 11:20:00-04:00,4.75,4.758800029754639,4.735000133514404,4.739999771118164,58938,0.0,0.0
2024-09-05 11:25:00-04:00,4.735000133514404,4.739999771118164,4.721199989318848,4.735000133514404,46717,0.0,0.0
2024-09-05 11:30:00-04:00,4.739999771118164,4.789999961853027,4.735000133514404,4.784999847412109,439634,0.0,0.0
2024-09-05 11:35:00-04:00,4.784999847412109,4.789899826049805,4.769999980926514,4.789899826049805,41934,0.0,0.0
2024-09-05 11:40:00-04:00,4.789899826049805,4.789999961853027,4.769999980926514,4.775000095367432,116917,0.0,0.0
2024-09-05 11:45:00-04:00,4.7779998779296875,4.809999942779541,4.769999980926514,4.800000190734863,84077,0.0,0.0
2024-09-05 11:50:00-04:00,4.809999942779541,4.809999942779541,4.78000020980835,4.78000020980835,92931,0.0,0.0
2024-09-05 11:55:00-04:00,4.782599925994873,4.795000076293945,4.764999866485596,4.7677998542785645,40343,0.0,0.0
2024-09-05 12:00:00-04:00,4.760000228881836,4.795000076293945,4.760000228881836,4.760000228881836,88323,0.0,0.0
2024-09-05 12:05:00-04:00,4.759900093078613,4.769999980926514,4.739999771118164,4.75,68507,0.0,0.0
2024-09-05 12:10:00-04:00,4.75,4.75,4.739999771118164,4.745999813079834,22685,0.0,0.0
2024-09-05 12:15:00-04:00,4.739999771118164,4.764999866485596,4.739999771118164,4.755000114440918,55545,0.0,0.0
2024-09-05 12:20:00-04:00,4.75,4.769999980926514,4.75,4.764999866485596,24523,0.0,0.0
2024-09-05 12:25:00-04:00,4.762899875640869,4.769999980926514,4.760000228881836,4.764999866485596,20933,0.0,0.0
2024-09-05 12:30:00-04:00,4.76800012588501,4.78000020980835,4.760000228881836,4.764999866485596,151872,0.0,0.0
2024-09-05 12:35:00-04:00,4.769999980926514,4.769999980926514,4.755000114440918,4.755000114440918,39046,0.0,0.0
2024-09-05 12:40:00-04:00,4.758800029754639,4.764999866485596,4.75,4.760000228881836,37792,0.0,0.0
2024-09-05 12:45:00-04:00,4.757500171661377,4.760000228881836,4.751200199127197,4.755000114440918,9326,0.0,0.0
2024-09-05 12:50:00-04:00,4.755000114440918,4.769800186157227,4.752500057220459,4.764999866485596,26360,0.0,0.0
2024-09-05 12:55:00-04:00,4.764999866485596,4.775000095367432,4.760000228881836,4.769999980926514,70481,0.0,0.0
2024-09-05 13:00:00-04:00,4.769999980926514,4.769999980926514,4.730000019073486,4.735000133514404,87111,0.0,0.0
2024-09-05 13:05:00-04:00,4.735000133514404,4.749899864196777,4.730000019073486,4.735000133514404,16671,0.0,0.0
2024-09-05 13:10:00-04:00,4.735000133514404,4.739999771118164,4.730000019073486,4.730000019073486,32892,0.0,0.0
2024-09-05 13:15:00-04:00,4.730000019073486,4.739999771118164,4.730000019073486,4.731900215148926,57808,0.0,0.0
2024-09-05 13:20:00-04:00,4.735000133514404,4.735000133514404,4.71999979019165,4.71999979019165,28546,0.0,0.0
2024-09-05 13:25:00-04:00,4.724999904632568,4.727200031280518,4.71999979019165,4.720099925994873,26543,0.0,0.0
2024-09-05 13:30:00-04:00,4.724999904632568,4.730000019073486,4.71999979019165,4.724999904632568,38627,0.0,0.0
2024-09-05 13:35:00-04:00,4.724999904632568,4.730000019073486,4.71999979019165,4.71999979019165,72100,0.0,0.0
2024-09-05 13:40:00-04:00,4.71999979019165,4.71999979019165,4.710000038146973,4.710000038146973,39400,0.0,0.0
2024-09-05 13:45:00-04:00,4.712500095367432,4.730000019073486,4.712500095367432,4.723899841308594,22298,0.0,0.0
2024-09-05 13:50:00-04:00,4.724999904632568,4.735000133514404,4.715000152587891,4.715000152587891,57695,0.0,0.0
2024-09-05 13:55:00-04:00,4.71999979019165,4.730000019073486,4.718800067901611,4.726099967956543,26284,0.0,0.0
2024-09-05 14:00:00-04:00,4.729300022125244,4.730000019073486,4.724999904632568,4.727700233459473,23864,0.0,0.0
2024-09-05 14:05:00-04:00,4.724999904632568,4.730000019073486,4.71999979019165,4.724999904632568,40427,0.0,0.0
2024-09-05 14:10:00-04:00,4.724999904632568,4.735000133514404,4.710000038146973,4.715000152587891,74442,0.0,0.0
2024-09-05 14:15:00-04:00,4.715000152587891,4.71999979019165,4.710000038146973,4.71999979019165,11332,0.0,0.0
2024-09-05 14:20:00-04:00,4.71999979019165,4.71999979019165,4.710000038146973,4.719900131225586,11120,0.0,0.0
2024-09-05 14:25:00-04:00,4.710000038146973,4.71999979019165,4.699999809265137,4.710000038146973,68437,0.0,0.0
2024-09-05 14:30:00-04:00,4.710000038146973,4.71999979019165,4.710000038146973,4.715000152587891,28328,0.0,0.0
2024-09-05 14:35:00-04:00,4.715000152587891,4.730000019073486,4.710899829864502,4.730000019073486,30201,0.0,0.0
2024-09-05 14:40:00-04:00,4.730000019073486,4.730000019073486,4.720099925994873,4.730000019073486,30361,0.0,0.0
2024-09-05 14:45:00-04:00,4.730000019073486,4.730000019073486,4.71999979019165,4.724999904632568,21337,0.0,0.0
2024-09-05 14:50:00-04:00,4.730000019073486,4.730000019073486,4.712500095367432,4.715000152587891,63938,0.0,0.0
2024-09-05 14:55:00-04:00,4.716400146484375,4.71999979019165,4.710000038146973,4.7195000648498535,18591,0.0,0.0
2024-09-05 15:00:00-04:00,4.715000152587891,4.71999979019165,4.710000038146973,4.710000038146973,11262,0.0,0.0
2024-09-05 15:05:00-04:00,4.71999979019165,4.71999979019165,4.699999809265137,4.710000038146973,39694,0.0,0.0
2024-09-05 15:10:00-04:00,4.704999923706055,4.710000038146973,4.699999809265137,4.704999923706055,16311,0.0,0.0
2024-09-05 15:15:00-04:00,4.704999923706055,4.710000038146973,4.684999942779541,4.703400135040283,131841,0.0,0.0
2024-09-05 15:20:00-04:00,4.707200050354004,4.71999979019165,4.699999809265137,4.715000152587891,69944,0.0,0.0
2024-09-05 15:25:00-04:00,4.71999979019165,4.728799819946289,4.7104997634887695,4.724999904632568,75828,0.0,0.0
2024-09-05 15:30:00-04:00,4.724999904632568,4.730000019073486,4.71999979019165,4.726500034332275,18555,0.0,0.0
2024-09-05 15:35:00-04:00,4.730000019073486,4.730000019073486,4.715000152587891,4.71999979019165,57590,0.0,0.0
2024-09-05 15:40:00-04:00,4.71999979019165,4.730000019073486,4.710000038146973,4.710000038146973,78701,0.0,0.0
2024-09-05 15:45:00-04:00,4.710000038146973,4.71999979019165,4.710000038146973,4.716000080108643,28518,0.0,0.0
2024-09-05 15:50:00-04:00,4.71999979019165,4.730000019073486,4.715000152587891,4.724999904632568,114551,0.0,0.0
2024-09-05 15:55:00-04:00,4.71999979019165,4.739999771118164,4.71999979019165,4.739999771118164,321100,0.0,0.0
2024-09-06 09:30:00-04:00,4.739999771118164,4.7870001792907715,4.739999771118164,4.7546000480651855,334259,0.0,0.0
2024-09-06 09:35:00-04:00,4.75,4.777900218963623,4.741700172424316,4.75,144283,0.0,0.0
2024-09-06 09:40:00-04:00,4.757299900054932,4.768799781799316,4.739999771118164,4.755000114440918,87340,0.0,0.0
2024-09-06 09:45:00-04:00,4.755000114440918,4.76800012588501,4.75,4.759900093078613,61177,0.0,0.0
2024-09-06 09:50:00-04:00,4.751999855041504,4.760000228881836,4.739999771118164,4.744999885559082,42750,0.0,0.0
2024-09-06 09:55:00-04:00,4.744999885559082,4.755000114440918,4.730000019073486,4.7399001121521,48171,0.0,0.0
2024-09-06 10:00:00-04:00,4.736599922180176,4.736599922180176,4.704999923706055,4.704999923706055,316831,0.0,0.0
2024-09-06 10:05:00-04:00,4.710000038146973,4.71999979019165,4.699999809265137,4.71999979019165,145372,0.0,0.0
2024-09-06 10:10:00-04:00,4.71999979019165,4.730000019073486,4.710000038146973,4.722700119018555,134387,0.0,0.0
2024-09-06 10:15:00-04:00,4.724999904632568,4.729899883270264,4.699999809265137,4.710000038146973,53403,0.0,0.0
2024-09-06 10:20:00-04:00,4.70989990234375,4.715000152587891,4.690100193023682,4.699999809265137,81354,0.0,0.0
2024-09-06 10:25:00-04:00,4.695000171661377,4.696599960327148,4.670000076293945,4.670000076293945,124421,0.0,0.0
2024-09-06 10:30:00-04:00,4.670499801635742,4.679999828338623,4.663300037384033,4.675000190734863,113886,0.0,0.0
2024-09-06 10:35:00-04:00,4.670000076293945,4.670000076293945,4.650000095367432,4.670000076293945,101571,0.0,0.0
2024-09-06 10:40:00-04:00,4.664999961853027,4.670000076293945,4.659999847412109,4.666600227355957,29751,0.0,0.0
2024-09-06 10:45:00-04:00,4.670000076293945,4.679999828338623,4.659999847412109,4.664999961853027,53979,0.0,0.0
2024-09-06 10:50:00-04:00,4.664599895477295,4.670000076293945,4.659999847412109,4.665200233459473,27293,0.0,0.0
2024-09-06 10:55:00-04:00,4.664999961853027,4.679999828338623,4.659999847412109,4.67549991607666,69700,0.0,0.0
2024-09-06 11:00:00-04:00,4.67080020904541,4.697500228881836,4.67080020904541,4.684999942779541,122462,0.0,0.0
2024-09-06 11:05:00-04:00,4.690000057220459,4.699999809265137,4.682400226593018,4.687300205230713,56917,0.0,0.0
2024-09-06 11:10:00-04:00,4.684999942779541,4.690000057220459,4.670899868011475,4.679900169372559,57615,0.0,0.0
2024-09-06 11:15:00-04:00,4.679999828338623,4.679999828338623,4.670000076293945,4.670000076293945,50451,0.0,0.0
2024-09-06 11:20:00-04:00,4.670000076293945,4.679900169372559,4.659999847412109,4.676599979400635,94162,0.0,0.0
2024-09-06 11:25:00-04:00,4.675000190734863,4.679999828338623,4.670000076293945,4.675000190734863,13143,0.0,0.0
2024-09-06 11:30:00-04:00,4.675000190734863,4.679999828338623,4.670000076293945,4.671999931335449,46121,0.0,0.0
2024-09-06 11:35:00-04:00,4.675000190734863,4.679900169372559,4.659999847412109,4.664999961853027,47866,0.0,0.0
2024-09-06 11:40:00-04:00,4.664999961853027,4.675000190734863,4.659999847412109,4.664999961853027,92063,0.0,0.0
2024-09-06 11:45:00-04:00,4.661200046539307,4.664999961853027,4.650000095367432,4.65500020980835,60276,0.0,0.0
2024-09-06 11:50:00-04:00,4.659999847412109,4.670000076293945,4.653200149536133,4.666600227355957,81124,0.0,0.0
2024-09-06 11:55:00-04:00,4.667600154876709,4.670000076293945,4.659999847412109,4.659999847412109,42850,0.0,0.0
2024-09-06 12:00:00-04:00,4.659999847412109,4.809999942779541,4.659999847412109,4.800099849700928,906223,0.0,0.0
2024-09-06 12:05:00-04:00,4.809999942779541,4.894999980926514,4.800000190734863,4.880000114440918,997771,0.0,0.0
2024-09-06 12:10:00-04:00,4.875,4.96999979019165,4.869999885559082,4.9471001625061035,1107780,0.0,0.0
2024-09-06 12:15:00-04:00,4.945000171661377,4.96999979019165,4.869999885559082,4.900000095367432,616466,0.0,0.0
2024-09-06 12:20:00-04:00,4.90500020980835,4.90500020980835,4.820000171661377,4.899700164794922,486299,0.0,0.0
2024-09-06 12:25:00-04:00,4.898799896240234,4.934999942779541,4.880000114440918,4.88700008392334,351460,0.0,0.0
2024-09-06 12:30:00-04:00,4.880000114440918,4.880000114440918,4.789999961853027,4.801400184631348,378301,0.0,0.0
2024-09-06 12:35:00-04:00,4.800000190734863,4.820000171661377,4.742000102996826,4.764999866485596,231672,0.0,0.0
2024-09-06 12:40:00-04:00,4.769800186157227,4.784999847412109,4.75,4.784999847412109,135298,0.0,0.0
2024-09-06 12:45:00-04:00,4.784900188446045,4.784999847412109,4.741700172424316,4.755000114440918,83891,0.0,0.0
2024-09-06 12:50:00-04:00,4.759500026702881,4.769000053405762,4.739999771118164,4.744999885559082,39790,0.0,0.0
2024-09-06 12:55:00-04:00,4.744999885559082,4.78000020980835,4.739999771118164,4.775000095367432,43178,0.0,0.0
2024-09-06 13:00:00-04:00,4.78000020980835,4.78000020980835,4.751699924468994,4.769999980926514,75557,0.0,0.0
2024-09-06 13:05:00-04:00,4.764999866485596,4.795000076293945,4.761499881744385,4.784999847412109,45509,0.0,0.0
2024-09-06 13:10:00-04:00,4.784999847412109,4.809999942779541,4.78000020980835,4.808800220489502,53269,0.0,0.0
2024-09-06 13:15:00-04:00,4.804999828338623,4.820000171661377,4.800000190734863,4.80620002746582,88421,0.0,0.0
2024-09-06 13:20:00-04:00,4.804999828338623,4.84499979019165,4.804999828338623,4.843200206756592,101065,0.0,0.0
2024-09-06 13:25:00-04:00,4.84499979019165,4.859899997711182,4.829999923706055,4.835000038146973,102538,0.0,0.0
2024-09-06 13:30:00-04:00,4.832399845123291,4.860000133514404,4.830100059509277,4.8572998046875,118642,0.0,0.0
2024-09-06 13:35:00-04:00,4.855000019073486,4.860000133514404,4.840000152587891,4.850100040435791,87766,0.0,0.0
2024-09-06 13:40:00-04:00,4.850100040435791,4.860000133514404,4.840099811553955,4.855000019073486,84308,0.0,0.0
2024-09-06 13:45:00-04:00,4.858799934387207,4.860000133514404,4.830100059509277,4.84499979019165,184975,0.0,0.0
2024-09-06 13:50:00-04:00,4.840099811553955,4.849999904632568,4.840000152587891,4.84499979019165,33811,0.0,0.0
2024-09-06 13:55:00-04:00,4.849999904632568,4.860000133514404,4.840099811553955,4.84499979019165,88746,0.0,0.0
2024-09-06 14:00:00-04:00,4.849999904632568,4.889999866485596,4.829999923706055,4.875,318120,0.0,0.0
2024-09-06 14:05:00-04:00,4.87939977645874,4.880000114440918,4.869999885559082,4.875,39178,0.0,0.0
2024-09-06 14:10:00-04:00,4.880000114440918,4.900000095367432,4.870100021362305,4.899799823760986,66394,0.0,0.0
2024-09-06 14:15:00-04:00,4.892199993133545,4.909999847412109,4.860000133514404,4.861000061035156,164494,0.0,0.0
2024-09-06 14:20:00-04:00,4.864999771118164,4.880000114440918,4.860000133514404,4.869999885559082,92189,0.0,0.0
2024-09-06 14:25:00-04:00,4.864999771118164,4.869999885559082,4.840099811553955,4.840799808502197,73198,0.0,0.0
2024-09-06 14:30:00-04:00,4.84499979019165,4.869999885559082,4.8429999351501465,4.869999885559082,34679,0.0,0.0
2024-09-06 14:35:00-04:00,4.860099792480469,4.869999885559082,4.850100040435791,4.860000133514404,39788,0.0,0.0
2024-09-06 14:40:00-04:00,4.855000019073486,4.869999885559082,4.840099811553955,4.869999885559082,67756,0.0,0.0
2024-09-06 14:45:00-04:00,4.869999885559082,4.880000114440918,4.8618998527526855,4.880000114440918,36840,0.0,0.0
2024-09-06 14:50:00-04:00,4.875,4.894999980926514,4.872600078582764,4.894999980926514,52793,0.0,0.0
2024-09-06 14:55:00-04:00,4.894999980926514,4.900000095367432,4.880000114440918,4.880000114440918,88241,0.0,0.0
2024-09-06 15:00:00-04:00,4.8846001625061035,4.889999866485596,4.880000114440918,4.885000228881836,53445,0.0,0.0
2024-09-06 15:05:00-04:00,4.880000114440918,4.889999866485596,4.871200084686279,4.885000228881836,52407,0.0,0.0
2024-09-06 15:10:00-04:00,4.885000228881836,4.889999866485596,4.849999904632568,4.859300136566162,112280,0.0,0.0
2024-09-06 15:15:00-04:00,4.855000019073486,4.880000114440918,4.849999904632568,4.877799987792969,101639,0.0,0.0
2024-09-06 15:20:00-04:00,4.875,4.880000114440918,4.860000133514404,4.8628997802734375,83312,0.0,0.0
2024-09-06 15:25:00-04:00,4.869900226593018,4.889999866485596,4.860000133514404,4.885000228881836,171727,0.0,0.0
2024-09-06 15:30:00-04:00,4.885000228881836,4.940000057220459,4.880000114440918,4.934999942779541,180131,0.0,0.0
2024-09-06 15:35:00-04:00,4.940000057220459,4.940000057220459,4.909999847412109,4.925000190734863,203505,0.0,0.0
2024-09-06 15:40:00-04:00,4.920000076293945,4.929999828338623,4.909999847412109,4.916800022125244,97699,0.0,0.0
2024-09-06 15:45:00-04:00,4.915999889373779,4.929999828338623,4.90500020980835,4.929999828338623,156412,0.0,0.0
2024-09-06 15:50:00-04:00,4.929999828338623,4.96999979019165,4.910099983215332,4.954999923706055,451334,0.0,0.0
2024-09-06 15:55:00-04:00,4.954999923706055,4.980000019073486,4.949999809265137,4.980000019073486,478580,0.0,0.0
2024-09-09 09:30:00-04:00,4.880099773406982,4.940000057220459,4.869999885559082,4.90500020980835,747977,0.0,0.0
2024-09-09 09:35:00-04:00,4.90500020980835,4.980000019073486,4.90500020980835,4.954999923706055,291967,0.0,0.0
2024-09-09 09:40:00-04:00,4.956999778747559,4.960000038146973,4.900000095367432,4.90500020980835,131689,0.0,0.0
2024-09-09 09:45:00-04:00,4.90500020980835,4.980000019073486,4.902500152587891,4.929999828338623,116307,0.0,0.0
2024-09-09 09:50:00-04:00,4.934999942779541,4.960000038146973,4.920000076293945,4.945000171661377,55849,0.0,0.0
2024-09-09 09:55:00-04:00,4.940199851989746,5.0,4.940199851989746,4.994999885559082,353016,0.0,0.0
2024-09-09 10:00:00-04:00,4.999000072479248,5.039999961853027,4.974999904632568,4.990099906921387,559101,0.0,0.0
2024-09-09 10:05:00-04:00,4.989999771118164,5.039999961853027,4.986999988555908,5.034999847412109,234092,0.0,0.0
2024-09-09 10:10:00-04:00,5.030099868774414,5.039899826049805,4.990499973297119,5.013400077819824,143043,0.0,0.0
2024-09-09 10:15:00-04:00,5.013297080993652,5.090000152587891,5.002900123596191,5.070099830627441,707925,0.0,0.0
2024-09-09 10:20:00-04:00,5.078499794006348,5.078499794006348,5.020100116729736,5.03000020980835,223487,0.0,0.0
2024-09-09 10:25:00-04:00,5.0320000648498535,5.077400207519531,5.029799938201904,5.050000190734863,228228,0.0,0.0
2024-09-09 10:30:00-04:00,5.050000190734863,5.059999942779541,5.014699935913086,5.034999847412109,200287,0.0,0.0
2024-09-09 10:35:00-04:00,5.034999847412109,5.059700012207031,5.019999980926514,5.039999961853027,154201,0.0,0.0
2024-09-09 10:40:00-04:00,5.034999847412109,5.045000076293945,5.020100116729736,5.034999847412109,102647,0.0,0.0
2024-09-09 10:45:00-04:00,5.034999847412109,5.050000190734863,5.019999980926514,5.050000190734863,90245,0.0,0.0
2024-09-09 10:50:00-04:00,5.05649995803833,5.085000038146973,5.050000190734863,5.079999923706055,231077,0.0,0.0
2024-09-09 10:55:00-04:00,5.079999923706055,5.099999904632568,5.071199893951416,5.081600189208984,275165,0.0,0.0
2024-09-09 11:00:00-04:00,5.085000038146973,5.110000133514404,5.060100078582764,5.079999923706055,417340,0.0,0.0
2024-09-09 11:05:00-04:00,5.0843000411987305,5.090000152587891,5.051199913024902,5.059999942779541,206874,0.0,0.0
2024-09-09 11:10:00-04:00,5.070000171661377,5.090000152587891,5.050099849700928,5.054999828338623,164161,0.0,0.0
2024-09-09 11:15:00-04:00,5.059899806976318,5.059899806976318,5.039999961853027,5.045000076293945,109135,0.0,0.0
2024-09-09 11:20:00-04:00,5.043000221252441,5.050000190734863,5.019999980926514,5.0269999504089355,157691,0.0,0.0
2024-09-09 11:25:00-04:00,5.02239990234375,5.039999961853027,5.010000228881836,5.034999847412109,100957,0.0,0.0
2024-09-09 11:30:00-04:00,5.039999961853027,5.039999961853027,5.0,5.0,257788,0.0,0.0
2024-09-09 11:35:00-04:00,4.989999771118164,5.025000095367432,4.989999771118164,5.025000095367432,135487,0.0,0.0
2024-09-09 11:40:00-04:00,5.025000095367432,5.059999942779541,5.020100116729736,5.03000020980835,226931,0.0,0.0
2024-09-09 11:45:00-04:00,5.031199932098389,5.057000160217285,5.03000020980835,5.034999847412109,103282,0.0,0.0
2024-09-09 11:50:00-04:00,5.034999847412109,5.050000190734863,5.034999847412109,5.034999847412109,69305,0.0,0.0
2024-09-09 11:55:00-04:00,5.034999847412109,5.039999961853027,5.03000020980835,5.034999847412109,54815,0.0,0.0
2024-09-09 12:00:00-04:00,5.034999847412109,5.037899971008301,5.014999866485596,5.0320000648498535,52646,0.0,0.0
2024-09-09 12:05:00-04:00,5.034999847412109,5.070000171661377,5.034999847412109,5.065000057220459,61971,0.0,0.0
2024-09-09 12:10:00-04:00,5.065000057220459,5.079999923706055,5.065000057220459,5.074999809265137,82924,0.0,0.0
2024-09-09 12:15:00-04:00,5.072299957275391,5.085000038146973,5.070000171661377,5.076600074768066,193780,0.0,0.0
2024-09-09 12:20:00-04:00,5.074999809265137,5.085000038146973,5.045000076293945,5.050099849700928,197339,0.0,0.0
2024-09-09 12:25:00-04:00,5.059100151062012,5.059999942779541,5.042500019073486,5.050099849700928,43935,0.0,0.0
2024-09-09 12:30:00-04:00,5.050000190734863,5.050000190734863,5.030099868774414,5.030200004577637,39488,0.0,0.0
2024-09-09 12:35:00-04:00,5.039999961853027,5.050000190734863,5.025000095367432,5.037600040435791,44763,0.0,0.0
2024-09-09 12:40:00-04:00,5.034999847412109,5.039999961853027,5.010000228881836,5.014999866485596,34052,0.0,0.0
2024-09-09 12:45:00-04:00,5.019899845123291,5.019899845123291,4.989999771118164,5.005000114440918,80662,0.0,0.0
2024-09-09 12:50:00-04:00,5.010000228881836,5.028299808502197,5.0,5.0081000328063965,104926,0.0,0.0
2024-09-09 12:55:00-04:00,5.0,5.010000228881836,4.992400169372559,5.005000114440918,75432,0.0,0.0
2024-09-09 13:00:00-04:00,5.000100135803223,5.008800029754639,4.989999771118164,4.996699810028076,47335,0.0,0.0
2024-09-09 13:05:00-04:00,4.993899822235107,5.0,4.989999771118164,4.989999771118164,36933,0.0,0.0
2024-09-09 13:10:00-04:00,4.997200012207031,4.997499942779541,4.96999979019165,4.96999979019165,105072,0.0,0.0
2024-09-09 13:15:00-04:00,4.96999979019165,4.980000019073486,4.960000038146973,4.974999904632568,84465,0.0,0.0
2024-09-09 13:20:00-04:00,4.979899883270264,4.979899883270264,4.960000038146973,4.96999979019165,39392,0.0,0.0
2024-09-09 13:25:00-04:00,4.965000152587891,4.999899864196777,4.965000152587891,4.990099906921387,85471,0.0,0.0
2024-09-09 13:30:00-04:00,4.996099948883057,5.0,4.989999771118164,5.0,39562,0.0,0.0
2024-09-09 13:35:00-04:00,4.993000030517578,5.0,4.980500221252441,4.989999771118164,54448,0.0,0.0
2024-09-09 13:40:00-04:00,4.990099906921387,4.999899864196777,4.9816999435424805,4.9816999435424805,30144,0.0,0.0
2024-09-09 13:45:00-04:00,4.980000019073486,5.0,4.980000019073486,4.994999885559082,51509,0.0,0.0
2024-09-09 13:50:00-04:00,4.994999885559082,5.009900093078613,4.980000019073486,4.982500076293945,81977,0.0,0.0
2024-09-09 13:55:00-04:00,4.98199987411499,4.998000144958496,4.980000019073486,4.996699810028076,43210,0.0,0.0
2024-09-09 14:00:00-04:00,4.989999771118164,4.989999771118164,4.972899913787842,4.979899883270264,24368,0.0,0.0
2024-09-09 14:05:00-04:00,4.974999904632568,4.998799800872803,4.974999904632568,4.994999885559082,40910,0.0,0.0
2024-09-09 14:10:00-04:00,4.994999885559082,4.994999885559082,4.985000133514404,4.985000133514404,25542,0.0,0.0
2024-09-09 14:15:00-04:00,4.986999988555908,4.986999988555908,4.96999979019165,4.9730000495910645,49804,0.0,0.0
2024-09-09 14:20:00-04:00,4.978000164031982,4.980000019073486,4.96999979019165,4.96999979019165,28152,0.0,0.0
2024-09-09 14:25:00-04:00,4.974999904632568,4.9781060218811035,4.960000038146973,4.961050033569336,33453,0.0,0.0
2024-09-09 14:30:00-04:00,4.960599899291992,5.005000114440918,4.960000038146973,4.991300106048584,128185,0.0,0.0
2024-09-09 14:35:00-04:00,4.997399806976318,4.997399806976318,4.9704999923706055,4.980100154876709,34156,0.0,0.0
2024-09-09 14:40:00-04:00,4.989999771118164,5.0,4.98199987411499,4.985000133514404,31072,0.0,0.0
2024-09-09 14:45:00-04:00,4.988800048828125,4.989699840545654,4.96999979019165,4.974999904632568,27113,0.0,0.0
2024-09-09 14:50:00-04:00,4.977099895477295,4.980000019073486,4.96999979019165,4.974999904632568,32804,0.0,0.0
2024-09-09 14:55:00-04:00,4.96999979019165,4.974999904632568,4.960000038146973,4.965000152587891,45149,0.0,0.0
2024-09-09 15:00:00-04:00,4.960000038146973,4.96999979019165,4.949999809265137,4.960000038146973,67640,0.0,0.0
2024-09-09 15:05:00-04:00,4.960000038146973,4.96999979019165,4.954999923706055,4.965000152587891,49210,0.0,0.0
2024-09-09 15:10:00-04:00,4.965000152587891,4.96999979019165,4.960000038146973,4.960000038146973,22059,0.0,0.0
2024-09-09 15:15:00-04:00,4.96999979019165,4.980000019073486,4.960000038146973,4.969699859619141,65901,0.0,0.0
2024-09-09 15:20:00-04:00,4.965000152587891,4.979899883270264,4.954999923706055,4.979899883270264,28021,0.0,0.0
2024-09-09 15:25:00-04:00,4.974999904632568,4.989999771118164,4.96999979019165,4.980100154876709,80347,0.0,0.0
2024-09-09 15:30:00-04:00,4.9816999435424805,4.994999885559082,4.981200218200684,4.983399868011475,100335,0.0,0.0
2024-09-09 15:35:00-04:00,4.989999771118164,5.0,4.9822998046875,4.990099906921387,106469,0.0,0.0
2024-09-09 15:40:00-04:00,5.0,5.010000228881836,4.999899864196777,5.001100063323975,61198,0.0,0.0
2024-09-09 15:45:00-04:00,5.005000114440918,5.019999980926514,5.000100135803223,5.010000228881836,133058,0.0,0.0
2024-09-09 15:50:00-04:00,5.010000228881836,5.010000228881836,5.0,5.005000114440918,102292,0.0,0.0
2024-09-09 15:55:00-04:00,5.005000114440918,5.03000020980835,5.0,5.010000228881836,463506,0.0,0.0
2024-09-10 09:30:00-04:00,5.019999980926514,5.039999961853027,4.990900039672852,5.025000095367432,424995,0.0,0.0
2024-09-10 09:35:00-04:00,5.025000095367432,5.025000095367432,4.980000019073486,4.989999771118164,152244,0.0,0.0
2024-09-10 09:40:00-04:00,4.985000133514404,4.989999771118164,4.960100173950195,4.965000152587891,203625,0.0,0.0
2024-09-10 09:45:00-04:00,4.965000152587891,5.0,4.960000038146973,4.994999885559082,166963,0.0,0.0
2024-09-10 09:50:00-04:00,4.993800163269043,4.998600006103516,4.965000152587891,4.965000152587891,325973,0.0,0.0
2024-09-10 09:55:00-04:00,4.965000152587891,4.96999979019165,4.929999828338623,4.934999942779541,396707,0.0,0.0
2024-09-10 10:00:00-04:00,4.934999942779541,4.978799819946289,4.934999942779541,4.96999979019165,281753,0.0,0.0
2024-09-10 10:05:00-04:00,4.96999979019165,5.010000228881836,4.960000038146973,5.005000114440918,211552,0.0,0.0
2024-09-10 10:10:00-04:00,5.005000114440918,5.008299827575684,4.960000038146973,4.965000152587891,93955,0.0,0.0
2024-09-10 10:15:00-04:00,4.965000152587891,4.96999979019165,4.960000038146973,4.965000152587891,38818,0.0,0.0
2024-09-10 10:20:00-04:00,4.962800025939941,4.962800025939941,4.945000171661377,4.9558000564575195,67005,0.0,0.0
2024-09-10 10:25:00-04:00,4.954999923706055,4.960000038146973,4.945000171661377,4.954999923706055,102135,0.0,0.0
2024-09-10 10:30:00-04:00,4.954999923706055,4.96999979019165,4.954999923706055,4.967100143432617,57149,0.0,0.0
2024-09-10 10:35:00-04:00,4.965000152587891,4.980000019073486,4.965000152587891,4.974999904632568,67787,0.0,0.0
2024-09-10 10:40:00-04:00,4.976900100708008,4.980000019073486,4.96999979019165,4.974999904632568,21252,0.0,0.0
2024-09-10 10:45:00-04:00,4.970099925994873,4.989999771118164,4.96999979019165,4.98330020904541,51120,0.0,0.0
2024-09-10 10:50:00-04:00,4.985000133514404,4.989999771118164,4.980000019073486,4.980000019073486,109851,0.0,0.0
2024-09-10 10:55:00-04:00,4.985000133514404,4.985000133514404,4.960000038146973,4.960100173950195,53473,0.0,0.0
2024-09-10 11:00:00-04:00,4.960000038146973,4.960000038146973,4.945000171661377,4.949999809265137,79247,0.0,0.0
2024-09-10 11:05:00-04:00,4.954999923706055,4.980000019073486,4.949999809265137,4.96999979019165,28375,0.0,0.0
2024-09-10 11:10:00-04:00,4.96999979019165,4.974999904632568,4.960000038146973,4.969900131225586,30371,0.0,0.0
2024-09-10 11:15:00-04:00,4.965000152587891,4.980000019073486,4.960000038146973,4.960000038146973,30065,0.0,0.0
2024-09-10 11:20:00-04:00,4.965000152587891,4.965000152587891,4.949999809265137,4.960000038146973,21121,0.0,0.0
2024-09-10 11:25:00-04:00,4.954999923706055,4.96999979019165,4.954999923706055,4.960100173950195,21880,0.0,0.0
2024-09-10 11:30:00-04:00,4.965000152587891,4.968500137329102,4.949999809265137,4.949999809265137,28104,0.0,0.0
2024-09-10 11:35:00-04:00,4.954999923706055,4.979700088500977,4.954999923706055,4.96999979019165,45962,0.0,0.0
2024-09-10 11:40:00-04:00,4.96999979019165,4.980000019073486,4.960000038146973,4.973199844360352,37270,0.0,0.0
2024-09-10 11:45:00-04:00,4.974999904632568,4.980000019073486,4.960000038146973,4.960000038146973,49172,0.0,0.0
2024-09-10 11:50:00-04:00,4.960000038146973,4.960000038146973,4.940000057220459,4.949999809265137,102443,0.0,0.0
2024-09-10 11:55:00-04:00,4.949999809265137,4.958000183105469,4.940000057220459,4.949999809265137,43089,0.0,0.0
2024-09-10 12:00:00-04:00,4.945000171661377,4.949999809265137,4.940000057220459,4.943900108337402,25922,0.0,0.0
2024-09-10 12:05:00-04:00,4.948999881744385,4.949900150299072,4.940000057220459,4.945000171661377,32248,0.0,0.0
2024-09-10 12:10:00-04:00,4.945000171661377,4.949999809265137,4.909999847412109,4.909999847412109,157332,0.0,0.0
2024-09-10 12:15:00-04:00,4.910099983215332,4.920000076293945,4.900000095367432,4.914999961853027,76000,0.0,0.0
2024-09-10 12:20:00-04:00,4.914999961853027,4.920000076293945,4.909999847412109,4.909999847412109,50792,0.0,0.0
2024-09-10 12:25:00-04:00,4.920000076293945,4.920000076293945,4.889999866485596,4.894999980926514,143080,0.0,0.0
2024-09-10 12:30:00-04:00,4.899600028991699,4.899600028991699,4.880000114440918,4.880099773406982,61718,0.0,0.0
2024-09-10 12:35:00-04:00,4.880000114440918,4.900000095367432,4.880000114440918,4.894999980926514,52604,0.0,0.0
2024-09-10 12:40:00-04:00,4.894999980926514,4.909999847412109,4.890100002288818,4.906599998474121,39749,0.0,0.0
2024-09-10 12:45:00-04:00,4.908199787139893,4.908999919891357,4.889999866485596,4.894999980926514,75118,0.0,0.0
2024-09-10 12:50:00-04:00,4.894999980926514,4.909999847412109,4.889999866485596,4.90500020980835,77794,0.0,0.0
2024-09-10 12:55:00-04:00,4.900100231170654,4.909900188446045,4.889999866485596,4.892899990081787,24313,0.0,0.0
2024-09-10 13:00:00-04:00,4.894999980926514,4.900000095367432,4.889999866485596,4.894999980926514,24148,0.0,0.0
2024-09-10 13:05:00-04:00,4.894999980926514,4.929999828338623,4.889999866485596,4.923399925231934,67634,0.0,0.0
2024-09-10 13:10:00-04:00,4.925000190734863,4.940000057220459,4.923299789428711,4.933499813079834,55000,0.0,0.0
2024-09-10 13:15:00-04:00,4.934999942779541,4.940000057220459,4.920000076293945,4.925000190734863,42770,0.0,0.0
2024-09-10 13:20:00-04:00,4.920000076293945,4.925000190734863,4.909999847412109,4.909999847412109,37505,0.0,0.0
2024-09-10 13:25:00-04:00,4.909999847412109,4.919899940490723,4.900000095367432,4.90310001373291,19078,0.0,0.0
2024-09-10 13:30:00-04:00,4.900000095367432,4.909900188446045,4.889999866485596,4.894999980926514,88876,0.0,0.0
2024-09-10 13:35:00-04:00,4.894999980926514,4.909999847412109,4.889999866485596,4.889999866485596,160690,0.0,0.0
2024-09-10 13:40:00-04:00,4.894999980926514,4.899899959564209,4.880000114440918,4.880000114440918,67380,0.0,0.0
2024-09-10 13:45:00-04:00,4.885000228881836,4.899899959564209,4.880000114440918,4.880000114440918,45501,0.0,0.0
2024-09-10 13:50:00-04:00,4.885000228881836,4.889999866485596,4.880000114440918,4.885000228881836,37138,0.0,0.0
2024-09-10 13:55:00-04:00,4.885000228881836,4.889999866485596,4.880000114440918,4.880799770355225,23384,0.0,0.0
2024-09-10 14:00:00-04:00,4.88700008392334,4.889999866485596,4.880000114440918,4.88700008392334,24591,0.0,0.0
2024-09-10 14:05:00-04:00,4.885000228881836,4.889999866485596,4.880000114440918,4.887400150299072,52064,0.0,0.0
2024-09-10 14:10:00-04:00,4.885000228881836,4.909999847412109,4.880000114440918,4.90500020980835,117874,0.0,0.0
2024-09-10 14:15:00-04:00,4.90500020980835,4.920000076293945,4.900000095367432,4.912099838256836,50310,0.0,0.0
2024-09-10 14:20:00-04:00,4.914999961853027,4.929999828338623,4.900000095367432,4.90500020980835,69207,0.0,0.0
2024-09-10 14:25:00-04:00,4.90500020980835,4.920000076293945,4.900000095367432,4.914999961853027,26587,0.0,0.0
2024-09-10 14:30:00-04:00,4.910099983215332,4.920000076293945,4.909999847412109,4.914999961853027,18819,0.0,0.0
2024-09-10 14:35:00-04:00,4.909999847412109,4.920000076293945,4.909999847412109,4.909999847412109,40005,0.0,0.0
2024-09-10 14:40:00-04:00,4.914999961853027,4.920000076293945,4.909999847412109,4.909999847412109,74267,0.0,0.0
2024-09-10 14:45:00-04:00,4.9131999015808105,4.919899940490723,4.900000095367432,4.900000095367432,46019,0.0,0.0
2024-09-10 14:50:00-04:00,4.900100231170654,4.90500020980835,4.875,4.880000114440918,224214,0.0,0.0
2024-09-10 14:55:00-04:00,4.885000228881836,4.889999866485596,4.880000114440918,4.889900207519531,42171,0.0,0.0
2024-09-10 15:00:00-04:00,4.894999980926514,4.914999961853027,4.894999980926514,4.914999961853027,99440,0.0,0.0
2024-09-10 15:05:00-04:00,4.914999961853027,4.916399955749512,4.900000095367432,4.900000095367432,35273,0.0,0.0
2024-09-10 15:10:00-04:00,4.900000095367432,4.90910005569458,4.889999866485596,4.894999980926514,47902,0.0,0.0
2024-09-10 15:15:00-04:00,4.889999866485596,4.900000095367432,4.869999885559082,4.894999980926514,67874,0.0,0.0
2024-09-10 15:20:00-04:00,4.894999980926514,4.909999847412109,4.894999980926514,4.906700134277344,63395,0.0,0.0
2024-09-10 15:25:00-04:00,4.90500020980835,4.909999847412109,4.900000095367432,4.90500020980835,26481,0.0,0.0
2024-09-10 15:30:00-04:00,4.90500020980835,4.926199913024902,4.900000095367432,4.925000190734863,51018,0.0,0.0
2024-09-10 15:35:00-04:00,4.925000190734863,4.929999828338623,4.909999847412109,4.909999847412109,41704,0.0,0.0
2024-09-10 15:40:00-04:00,4.914999961853027,4.925000190734863,4.889999866485596,4.92140007019043,129128,0.0,0.0
2024-09-10 15:45:00-04:00,4.925000190734863,4.929999828338623,4.880000114440918,4.889999866485596,215037,0.0,0.0
2024-09-10 15:50:00-04:00,4.894999980926514,4.900000095367432,4.880000114440918,4.894999980926514,191064,0.0,0.0
2024-09-10 15:55:00-04:00,4.894999980926514,4.960000038146973,4.891200065612793,4.954999923706055,645726,0.0,0.0
2024-09-11 09:30:00-04:00,4.889999866485596,4.892000198364258,4.739999771118164,4.769999980926514,867645,0.0,0.0
2024-09-11 09:35:00-04:00,4.764999866485596,4.769999980926514,4.715000152587891,4.739999771118164,444339,0.0,0.0
2024-09-11 09:40:00-04:00,4.735000133514404,4.820000171661377,4.730000019073486,4.789999961853027,357022,0.0,0.0
2024-09-11 09:45:00-04:00,4.784999847412109,4.800000190734863,4.769999980926514,4.789899826049805,117681,0.0,0.0
2024-09-11 09:50:00-04:00,4.789999961853027,4.800000190734863,4.769999980926514,4.769999980926514,127855,0.0,0.0
2024-09-11 09:55:00-04:00,4.769999980926514,4.800000190734863,4.760000228881836,4.77400016784668,98459,0.0,0.0
2024-09-11 10:00:00-04:00,4.781000137329102,4.809899806976318,4.781000137329102,4.804999828338623,103101,0.0,0.0
2024-09-11 10:05:00-04:00,4.801199913024902,4.824999809265137,4.800000190734863,4.81790018081665,85474,0.0,0.0
2024-09-11 10:10:00-04:00,4.820000171661377,4.835000038146973,4.800000190734863,4.815000057220459,90148,0.0,0.0
2024-09-11 10:15:00-04:00,4.81820011138916,4.820000171661377,4.789999961853027,4.795000076293945,194352,0.0,0.0
2024-09-11 10:20:00-04:00,4.789999961853027,4.820000171661377,4.789999961853027,4.804999828338623,76736,0.0,0.0
2024-09-11 10:25:00-04:00,4.80709981918335,4.809999942779541,4.78000020980835,4.784800052642822,44293,0.0,0.0
2024-09-11 10:30:00-04:00,4.78000020980835,4.789999961853027,4.763999938964844,4.784999847412109,93612,0.0,0.0
2024-09-11 10:35:00-04:00,4.784999847412109,4.809999942779541,4.784999847412109,4.795000076293945,59796,0.0,0.0
2024-09-11 10:40:00-04:00,4.795000076293945,4.809999942779541,4.789999961853027,4.795000076293945,48979,0.0,0.0
2024-09-11 10:45:00-04:00,4.800000190734863,4.800000190734863,4.760000228881836,4.764999866485596,207590,0.0,0.0
2024-09-11 10:50:00-04:00,4.769999980926514,4.78000020980835,4.760900020599365,4.775000095367432,55751,0.0,0.0
2024-09-11 10:55:00-04:00,4.77400016784668,4.800000190734863,4.77400016784668,4.800000190734863,91758,0.0,0.0
2024-09-11 11:00:00-04:00,4.800000190734863,4.809999942779541,4.78000020980835,4.796999931335449,71963,0.0,0.0
2024-09-11 11:05:00-04:00,4.795000076293945,4.809999942779541,4.79010009765625,4.800000190734863,74003,0.0,0.0
2024-09-11 11:10:00-04:00,4.801599979400635,4.829999923706055,4.800000190734863,4.815000057220459,86714,0.0,0.0
2024-09-11 11:15:00-04:00,4.81879997253418,4.820000171661377,4.810100078582764,4.815000057220459,30522,0.0,0.0
2024-09-11 11:20:00-04:00,4.814000129699707,4.829999923706055,4.814000129699707,4.824999809265137,45912,0.0,0.0
2024-09-11 11:25:00-04:00,4.827199935913086,4.838799953460693,4.820000171661377,4.822500228881836,66386,0.0,0.0
2024-09-11 11:30:00-04:00,4.824999809265137,4.849999904632568,4.821199893951416,4.849999904632568,54717,0.0,0.0
2024-09-11 11:35:00-04:00,4.849999904632568,4.860000133514404,4.849999904632568,4.855000019073486,68724,0.0,0.0
2024-09-11 11:40:00-04:00,4.860000133514404,4.860000133514404,4.849999904632568,4.855000019073486,34536,0.0,0.0
2024-09-11 11:45:00-04:00,4.855000019073486,4.858799934387207,4.820000171661377,4.824999809265137,50080,0.0,0.0
2024-09-11 11:50:00-04:00,4.820000171661377,4.840000152587891,4.820000171661377,4.835000038146973,57231,0.0,0.0
2024-09-11 11:55:00-04:00,4.835000038146973,4.84499979019165,4.829999923706055,4.840000152587891,52246,0.0,0.0
2024-09-11 12:00:00-04:00,4.835000038146973,4.849999904632568,4.831099987030029,4.84499979019165,24075,0.0,0.0
2024-09-11 12:05:00-04:00,4.84499979019165,4.860000133514404,4.840000152587891,4.8480000495910645,45469,0.0,0.0
2024-09-11 12:10:00-04:00,4.84499979019165,4.846199989318848,4.821300029754639,4.827899932861328,37914,0.0,0.0
2024-09-11 12:15:00-04:00,4.824999809265137,4.829999923706055,4.820000171661377,4.824999809265137,24318,0.0,0.0
2024-09-11 12:20:00-04:00,4.820000171661377,4.829999923706055,4.820000171661377,4.824999809265137,61024,0.0,0.0
2024-09-11 12:25:00-04:00,4.820000171661377,4.8471999168396,4.820000171661377,4.84499979019165,62374,0.0,0.0
2024-09-11 12:30:00-04:00,4.84499979019165,4.849999904632568,4.840000152587891,4.840000152587891,15063,0.0,0.0
2024-09-11 12:35:00-04:00,4.84499979019165,4.849999904632568,4.820000171661377,4.820000171661377,48645,0.0,0.0
2024-09-11 12:40:00-04:00,4.824999809265137,4.840000152587891,4.815000057220459,4.831999778747559,39424,0.0,0.0
2024-09-11 12:45:00-04:00,4.840000152587891,4.840000152587891,4.829999923706055,4.835000038146973,15165,0.0,0.0
2024-09-11 12:50:00-04:00,4.829999923706055,4.840000152587891,4.829999923706055,4.8333001136779785,40537,0.0,0.0
2024-09-11 12:55:00-04:00,4.840000152587891,4.849999904632568,4.829999923706055,4.84499979019165,22350,0.0,0.0
2024-09-11 13:00:00-04:00,4.84499979019165,4.880000114440918,4.840199947357178,4.875,81985,0.0,0.0
2024-09-11 13:05:00-04:00,4.869999885559082,4.880000114440918,4.869999885559082,4.877399921417236,22892,0.0,0.0
2024-09-11 13:10:00-04:00,4.875,4.900000095367432,4.869999885559082,4.889999866485596,149109,0.0,0.0
2024-09-11 13:15:00-04:00,4.885000228881836,4.900000095367432,4.880000114440918,4.886000156402588,59755,0.0,0.0
2024-09-11 13:20:00-04:00,4.883399963378906,4.889999866485596,4.880000114440918,4.886600017547607,30966,0.0,0.0
2024-09-11 13:25:00-04:00,4.885000228881836,4.885799884796143,4.869999885559082,4.869999885559082,31265,0.0,0.0
2024-09-11 13:30:00-04:00,4.876500129699707,4.880000114440918,4.869999885559082,4.878799915313721,39220,0.0,0.0
2024-09-11 13:35:00-04:00,4.875,4.880000114440918,4.864999771118164,4.866000175476074,54706,0.0,0.0
2024-09-11 13:40:00-04:00,4.867000102996826,4.880000114440918,4.864999771118164,4.876999855041504,83137,0.0,0.0
2024-09-11 13:45:00-04:00,4.875,4.900000095367432,4.869999885559082,4.892300128936768,105492,0.0,0.0
2024-09-11 13:50:00-04:00,4.900000095367432,4.900000095367432,4.880000114440918,4.885000228881836,156650,0.0,0.0
2024-09-11 13:55:00-04:00,4.885000228881836,4.889999866485596,4.880000114440918,4.885000228881836,30392,0.0,0.0
2024-09-11 14:00:00-04:00,4.885000228881836,4.889999866485596,4.881700038909912,4.881700038909912,13586,0.0,0.0
2024-09-11 14:05:00-04:00,4.880099773406982,4.889999866485596,4.880099773406982,4.883299827575684,25443,0.0,0.0
2024-09-11 14:10:00-04:00,4.888000011444092,4.889999866485596,4.880000114440918,4.883399963378906,25854,0.0,0.0
2024-09-11 14:15:00-04:00,4.885000228881836,4.889999866485596,4.880000114440918,4.885000228881836,12834,0.0,0.0
2024-09-11 14:20:00-04:00,4.885000228881836,4.889999866485596,4.880000114440918,4.880000114440918,44787,0.0,0.0
2024-09-11 14:25:00-04:00,4.889999866485596,4.894999980926514,4.880000114440918,4.894999980926514,21223,0.0,0.0
2024-09-11 14:30:00-04:00,4.892399787902832,4.900000095367432,4.889999866485596,4.900000095367432,21353,0.0,0.0
2024-09-11 14:35:00-04:00,4.894999980926514,4.900000095367432,4.889999866485596,4.900000095367432,21667,0.0,0.0
2024-09-11 14:40:00-04:00,4.900000095367432,4.920000076293945,4.894999980926514,4.909999847412109,236677,0.0,0.0
2024-09-11 14:45:00-04:00,4.90500020980835,4.9253997802734375,4.900000095367432,4.922100067138672,43084,0.0,0.0
2024-09-11 14:50:00-04:00,4.925000190734863,4.929999828338623,4.900000095367432,4.90500020980835,150275,0.0,0.0
2024-09-11 14:55:00-04:00,4.900199890136719,4.909999847412109,4.900000095367432,4.909900188446045,58014,0.0,0.0
2024-09-11 15:00:00-04:00,4.90500020980835,4.909999847412109,4.900000095367432,4.900100231170654,16352,0.0,0.0
2024-09-11 15:05:00-04:00,4.903500080108643,4.909999847412109,4.900100231170654,4.909999847412109,13046,0.0,0.0
2024-09-11 15:10:00-04:00,4.909999847412109,4.909999847412109,4.900000095367432,4.90500020980835,12750,0.0,0.0
2024-09-11 15:15:00-04:00,4.909999847412109,4.909999847412109,4.900000095367432,4.906000137329102,29158,0.0,0.0
2024-09-11 15:20:00-04:00,4.909999847412109,4.909999847412109,4.900000095367432,4.909999847412109,30861,0.0,0.0
2024-09-11 15:25:00-04:00,4.909999847412109,4.920000076293945,4.90500020980835,4.914999961853027,54356,0.0,0.0
2024-09-11 15:30:00-04:00,4.914999961853027,4.929999828338623,4.904099941253662,4.929900169372559,108806,0.0,0.0
2024-09-11 15:35:00-04:00,4.929999828338623,4.929999828338623,4.920100212097168,4.929999828338623,24799,0.0,0.0
2024-09-11 15:40:00-04:00,4.929999828338623,4.96999979019165,4.920000076293945,4.948800086975098,265575,0.0,0.0
2024-09-11 15:45:00-04:00,4.945000171661377,4.960000038146973,4.940000057220459,4.954999923706055,105682,0.0,0.0
2024-09-11 15:50:00-04:00,4.954999923706055,4.96999979019165,4.940100193023682,4.940100193023682,397897,0.0,0.0
2024-09-11 15:55:00-04:00,4.949999809265137,4.974999904632568,4.940000057220459,4.954999923706055,454086,0.0,0.0
2024-09-12 09:30:00-04:00,4.900000095367432,5.0,4.8907999992370605,4.985000133514404,524738,0.0,0.0
2024-09-12 09:35:00-04:00,4.984000205993652,5.0,4.949999809265137,4.999899864196777,114108,0.0,0.0
2024-09-12 09:40:00-04:00,4.994999885559082,5.010000228881836,4.954999923706055,4.960000038146973,196841,0.0,0.0
2024-09-12 09:45:00-04:00,4.960000038146973,4.96999979019165,4.920000076293945,4.960000038146973,210421,0.0,0.0
2024-09-12 09:50:00-04:00,4.96999979019165,4.96999979019165,4.940000057220459,4.950099945068359,72536,0.0,0.0
2024-09-12 09:55:00-04:00,4.958799839019775,4.974999904632568,4.949999809265137,4.967100143432617,182888,0.0,0.0
2024-09-12 10:00:00-04:00,4.965000152587891,5.008800029754639,4.960000038146973,4.989999771118164,259411,0.0,0.0
2024-09-12 10:05:00-04:00,4.994999885559082,4.994999885559082,4.96999979019165,4.985000133514404,88003,0.0,0.0
2024-09-12 10:10:00-04:00,4.985000133514404,5.0,4.980000019073486,4.994999885559082,65508,0.0,0.0
2024-09-12 10:15:00-04:00,4.994999885559082,5.0,4.989999771118164,4.989999771118164,48199,0.0,0.0
2024-09-12 10:20:00-04:00,4.989999771118164,5.0,4.985000133514404,4.990099906921387,71302,0.0,0.0
2024-09-12 10:25:00-04:00,4.994999885559082,5.010000228881836,4.980000019073486,4.980000019073486,195491,0.0,0.0
2024-09-12 10:30:00-04:00,4.981200218200684,4.989999771118164,4.973400115966797,4.986499786376953,80496,0.0,0.0
2024-09-12 10:35:00-04:00,4.985000133514404,4.997000217437744,4.980000019073486,4.989999771118164,74969,0.0,0.0
2024-09-12 10:40:00-04:00,4.974999904632568,4.980000019073486,4.96999979019165,4.9770002365112305,108325,0.0,0.0
2024-09-12 10:45:00-04:00,4.96999979019165,4.96999979019165,4.949999809265137,4.965000152587891,95945,0.0,0.0
2024-09-12 10:50:00-04:00,4.965000152587891,4.979899883270264,4.960000038146973,4.96999979019165,38349,0.0,0.0
2024-09-12 10:55:00-04:00,4.965000152587891,4.96999979019165,4.949999809265137,4.954999923706055,43596,0.0,0.0
2024-09-12 11:00:00-04:00,4.954999923706055,4.960000038146973,4.949999809265137,4.949999809265137,46181,0.0,0.0
2024-09-12 11:05:00-04:00,4.954999923706055,4.969900131225586,4.949999809265137,4.960000038146973,31664,0.0,0.0
2024-09-12 11:10:00-04:00,4.965000152587891,4.96999979019165,4.960000038146973,4.965000152587891,23718,0.0,0.0
2024-09-12 11:15:00-04:00,4.965000152587891,4.969900131225586,4.949999809265137,4.949999809265137,29019,0.0,0.0
2024-09-12 11:20:00-04:00,4.949999809265137,4.960000038146973,4.940000057220459,4.952899932861328,56919,0.0,0.0
2024-09-12 11:25:00-04:00,4.954999923706055,4.958600044250488,4.949999809265137,4.949999809265137,26512,0.0,0.0
2024-09-12 11:30:00-04:00,4.949999809265137,4.956999778747559,4.949999809265137,4.949999809265137,15965,0.0,0.0
2024-09-12 11:35:00-04:00,4.949999809265137,4.980000019073486,4.949999809265137,4.970099925994873,50095,0.0,0.0
2024-09-12 11:40:00-04:00,4.980000019073486,4.980000019073486,4.954999923706055,4.954999923706055,44009,0.0,0.0
2024-09-12 11:45:00-04:00,4.954999923706055,4.954999923706055,4.929999828338623,4.9430999755859375,64261,0.0,0.0
2024-09-12 11:50:00-04:00,4.943999767303467,4.949999809265137,4.940000057220459,4.940000057220459,14287,0.0,0.0
2024-09-12 11:55:00-04:00,4.945000171661377,4.949999809265137,4.929999828338623,4.929999828338623,75992,0.0,0.0
2024-09-12 12:00:00-04:00,4.9319000244140625,4.949999809265137,4.929999828338623,4.949999809265137,41106,0.0,0.0
2024-09-12 12:05:00-04:00,4.945000171661377,4.949999809265137,4.940000057220459,4.940000057220459,14227,0.0,0.0
2024-09-12 12:10:00-04:00,4.945000171661377,4.949999809265137,4.940000057220459,4.940000057220459,17940,0.0,0.0
2024-09-12 12:15:00-04:00,4.945000171661377,4.949999809265137,4.940000057220459,4.942999839782715,16622,0.0,0.0
2024-09-12 12:20:00-04:00,4.945000171661377,4.949999809265137,4.934999942779541,4.945000171661377,44369,0.0,0.0
2024-09-12 12:25:00-04:00,4.945000171661377,4.949999809265137,4.940000057220459,4.948800086975098,11229,0.0,0.0
2024-09-12 12:30:00-04:00,4.940100193023682,4.949999809265137,4.9303998947143555,4.934999942779541,31426,0.0,0.0
2024-09-12 12:35:00-04:00,4.937699794769287,4.939899921417236,4.929999828338623,4.934999942779541,16168,0.0,0.0
2024-09-12 12:40:00-04:00,4.934999942779541,4.945000171661377,4.929999828338623,4.945000171661377,30583,0.0,0.0
2024-09-12 12:45:00-04:00,4.945000171661377,4.949999809265137,4.940000057220459,4.94920015335083,18783,0.0,0.0
2024-09-12 12:50:00-04:00,4.945000171661377,4.960000038146973,4.945000171661377,4.960000038146973,44505,0.0,0.0
2024-09-12 12:55:00-04:00,4.953000068664551,4.960000038146973,4.949999809265137,4.960000038146973,23385,0.0,0.0
2024-09-12 13:00:00-04:00,4.952199935913086,4.960000038146973,4.949999809265137,4.949999809265137,18200,0.0,0.0
2024-09-12 13:05:00-04:00,4.954999923706055,4.960000038146973,4.940100193023682,4.960000038146973,33360,0.0,0.0
2024-09-12 13:10:00-04:00,4.954999923706055,4.960000038146973,4.949999809265137,4.954999923706055,25448,0.0,0.0
2024-09-12 13:15:00-04:00,4.954999923706055,4.960000038146973,4.949999809265137,4.949999809265137,39980,0.0,0.0
2024-09-12 13:20:00-04:00,4.949999809265137,4.954999923706055,4.929999828338623,4.930099964141846,41049,0.0,0.0
2024-09-12 13:25:00-04:00,4.934999942779541,4.940000057220459,4.929999828338623,4.934999942779541,46759,0.0,0.0
2024-09-12 13:30:00-04:00,4.934999942779541,4.960000038146973,4.934999942779541,4.960000038146973,50522,0.0,0.0
2024-09-12 13:35:00-04:00,4.954999923706055,4.96999979019165,4.949999809265137,4.949999809265137,41744,0.0,0.0
2024-09-12 13:40:00-04:00,4.954999923706055,4.9679999351501465,4.949999809265137,4.9567999839782715,42416,0.0,0.0
2024-09-12 13:45:00-04:00,4.954999923706055,4.979899883270264,4.953999996185303,4.96999979019165,98989,0.0,0.0
2024-09-12 13:50:00-04:00,4.974999904632568,4.980000019073486,4.970099925994873,4.973299980163574,31883,0.0,0.0
2024-09-12 13:55:00-04:00,4.974999904632568,5.0,4.974999904632568,4.985000133514404,270330,0.0,0.0
2024-09-12 14:00:00-04:00,4.985000133514404,4.989999771118164,4.971199989318848,4.980000019073486,41997,0.0,0.0
2024-09-12 14:05:00-04:00,4.985000133514404,4.985000133514404,4.96999979019165,4.970099925994873,26280,0.0,0.0
2024-09-12 14:10:00-04:00,4.974999904632568,4.980000019073486,4.96999979019165,4.974999904632568,25879,0.0,0.0
2024-09-12 14:15:00-04:00,4.974999904632568,4.980000019073486,4.96999979019165,4.970099925994873,26135,0.0,0.0
2024-09-12 14:20:00-04:00,4.96999979019165,4.980000019073486,4.96999979019165,4.974999904632568,25617,0.0,0.0
2024-09-12 14:25:00-04:00,4.974999904632568,4.989999771118164,4.971199989318848,4.985000133514404,37505,0.0,0.0
2024-09-12 14:30:00-04:00,4.980100154876709,4.989999771118164,4.96999979019165,4.96999979019165,27166,0.0,0.0
2024-09-12 14:35:00-04:00,4.974999904632568,4.989999771118164,4.96999979019165,4.989999771118164,27052,0.0,0.0
2024-09-12 14:40:00-04:00,4.985000133514404,4.989999771118164,4.980100154876709,4.980100154876709,17324,0.0,0.0
2024-09-12 14:45:00-04:00,4.985000133514404,4.989999771118164,4.96999979019165,4.974999904632568,42676,0.0,0.0
2024-09-12 14:50:00-04:00,4.974999904632568,4.978799819946289,4.949999809265137,4.965000152587891,92603,0.0,0.0
2024-09-12 14:55:00-04:00,4.965000152587891,4.96999979019165,4.960000038146973,4.965000152587891,19507,0.0,0.0
2024-09-12 15:00:00-04:00,4.965000152587891,4.96999979019165,4.960000038146973,4.96019983291626,42976,0.0,0.0
2024-09-12 15:05:00-04:00,4.960000038146973,4.969900131225586,4.960000038146973,4.965000152587891,14679,0.0,0.0
2024-09-12 15:10:00-04:00,4.965000152587891,4.979899883270264,4.965000152587891,4.96999979019165,32067,0.0,0.0
2024-09-12 15:15:00-04:00,4.96999979019165,4.9721999168396,4.953400135040283,4.954999923706055,48858,0.0,0.0
2024-09-12 15:20:00-04:00,4.954999923706055,4.960000038146973,4.949999809265137,4.958700180053711,48935,0.0,0.0
2024-09-12 15:25:00-04:00,4.954999923706055,4.960000038146973,4.949999809265137,4.954999923706055,28486,0.0,0.0
2024-09-12 15:30:00-04:00,4.954999923706055,4.954999923706055,4.929999828338623,4.929999828338623,126257,0.0,0.0
2024-09-12 15:35:00-04:00,4.940000057220459,4.940000057220459,4.920000076293945,4.920000076293945,49873,0.0,0.0
2024-09-12 15:40:00-04:00,4.920000076293945,4.929900169372559,4.909999847412109,4.923099994659424,108755,0.0,0.0
2024-09-12 15:45:00-04:00,4.925000190734863,4.929999828338623,4.909999847412109,4.914999961853027,66944,0.0,0.0
2024-09-12 15:50:00-04:00,4.914999961853027,4.929900169372559,4.909999847412109,4.920000076293945,80677,0.0,0.0
2024-09-12 15:55:00-04:00,4.925000190734863,4.940000057220459,4.900000095367432,4.900000095367432,305071,0.0,0.0
2024-09-13 09:30:00-04:00,4.929999828338623,4.989999771118164,4.920000076293945,4.985000133514404,270528,0.0,0.0
2024-09-13 09:35:00-04:00,4.989999771118164,5.010000228881836,4.971199989318848,4.974999904632568,207592,0.0,0.0
2024-09-13 09:40:00-04:00,4.980000019073486,4.999899864196777,4.96999979019165,4.985000133514404,113117,0.0,0.0
2024-09-13 09:45:00-04:00,4.980000019073486,5.0,4.962299823760986,4.989999771118164,83823,0.0,0.0
2024-09-13 09:50:00-04:00,4.988800048828125,4.989999771118164,4.96999979019165,4.980000019073486,44706,0.0,0.0
2024-09-13 09:55:00-04:00,4.973100185394287,4.989999771118164,4.973100185394287,4.985000133514404,54236,0.0,0.0
2024-09-13 10:00:00-04:00,4.985000133514404,4.989999771118164,4.965000152587891,4.98199987411499,88274,0.0,0.0
2024-09-13 10:05:00-04:00,4.980000019073486,4.980000019073486,4.96120023727417,4.9679999351501465,74522,0.0,0.0
2024-09-13 10:10:00-04:00,4.96999979019165,4.980000019073486,4.960000038146973,4.9679999351501465,35867,0.0,0.0
2024-09-13 10:15:00-04:00,4.96999979019165,4.974999904632568,4.960100173950195,4.974999904632568,12730,0.0,0.0
2024-09-13 10:20:00-04:00,4.980000019073486,4.980000019073486,4.96999979019165,4.975100040435791,17565,0.0,0.0
2024-09-13 10:25:00-04:00,4.980000019073486,4.980000019073486,4.965000152587891,4.980000019073486,63715,0.0,0.0
2024-09-13 10:30:00-04:00,4.974999904632568,4.989999771118164,4.96999979019165,4.989999771118164,88595,0.0,0.0
2024-09-13 10:35:00-04:00,4.982900142669678,4.989999771118164,4.980000019073486,4.980100154876709,34301,0.0,0.0
2024-09-13 10:40:00-04:00,4.989999771118164,4.989999771118164,4.980000019073486,4.980899810791016,108357,0.0,0.0
2024-09-13 10:45:00-04:00,4.985000133514404,4.989999771118164,4.980000019073486,4.980100154876709,40591,0.0,0.0
2024-09-13 10:50:00-04:00,4.989999771118164,4.989999771118164,4.980000019073486,4.985000133514404,16376,0.0,0.0
2024-09-13 10:55:00-04:00,4.989999771118164,5.014999866485596,4.980000019073486,4.997000217437744,193974,0.0,0.0
2024-09-13 11:00:00-04:00,5.0,5.0,4.989999771118164,4.993000030517578,97746,0.0,0.0
2024-09-13 11:05:00-04:00,4.994999885559082,5.0,4.989999771118164,4.994999885559082,45126,0.0,0.0
2024-09-13 11:10:00-04:00,4.989999771118164,5.0,4.96999979019165,4.974999904632568,81828,0.0,0.0
2024-09-13 11:15:00-04:00,4.974999904632568,4.97599983215332,4.945000171661377,4.955599784851074,139190,0.0,0.0
2024-09-13 11:20:00-04:00,4.95419979095459,4.965000152587891,4.949999809265137,4.956600189208984,82843,0.0,0.0
2024-09-13 11:25:00-04:00,4.954999923706055,4.960000038146973,4.949999809265137,4.95989990234375,36163,0.0,0.0
2024-09-13 11:30:00-04:00,4.954999923706055,4.960000038146973,4.949999809265137,4.954999923706055,24450,0.0,0.0
2024-09-13 11:35:00-04:00,4.949999809265137,4.96999979019165,4.949999809265137,4.954999923706055,58125,0.0,0.0
2024-09-13 11:40:00-04:00,4.959700107574463,4.960000038146973,4.949999809265137,4.957900047302246,40109,0.0,0.0
2024-09-13 11:45:00-04:00,4.958399772644043,4.960000038146973,4.93120002746582,4.940000057220459,85945,0.0,0.0
2024-09-13 11:50:00-04:00,4.939899921417236,4.940000057220459,4.930300235748291,4.934999942779541,39591,0.0,0.0
2024-09-13 11:55:00-04:00,4.939899921417236,4.940000057220459,4.924600124359131,4.924600124359131,63561,0.0,0.0
2024-09-13 12:00:00-04:00,4.928899765014648,4.929999828338623,4.920100212097168,4.929900169372559,33223,0.0,0.0
2024-09-13 12:05:00-04:00,4.925000190734863,4.929999828338623,4.920100212097168,4.925000190734863,48383,0.0,0.0
2024-09-13 12:10:00-04:00,4.929999828338623,4.940000057220459,4.920000076293945,4.934999942779541,48481,0.0,0.0
2024-09-13 12:15:00-04:00,4.933199882507324,4.934999942779541,4.920100212097168,4.921199798583984,20852,0.0,0.0
2024-09-13 12:20:00-04:00,4.925000190734863,4.929999828338623,4.920000076293945,4.921999931335449,23175,0.0,0.0
2024-09-13 12:25:00-04:00,4.920000076293945,4.940000057220459,4.920000076293945,4.938600063323975,35380,0.0,0.0
2024-09-13 12:30:00-04:00,4.934999942779541,4.949999809265137,4.93120002746582,4.940000057220459,11704,0.0,0.0
2024-09-13 12:35:00-04:00,4.944300174713135,4.949900150299072,4.93120002746582,4.940000057220459,47866,0.0,0.0
2024-09-13 12:40:00-04:00,4.936999797821045,4.949900150299072,4.930099964141846,4.945000171661377,25970,0.0,0.0
2024-09-13 12:45:00-04:00,4.945000171661377,4.945000171661377,4.929999828338623,4.93120002746582,26022,0.0,0.0
2024-09-13 12:50:00-04:00,4.934999942779541,4.945000171661377,4.929999828338623,4.945000171661377,20534,0.0,0.0
2024-09-13 12:55:00-04:00,4.945000171661377,4.949999809265137,4.940100193023682,4.945000171661377,31656,0.0,0.0
2024-09-13 13:00:00-04:00,4.947000026702881,4.960000038146973,4.9415998458862305,4.9415998458862305,52976,0.0,0.0
2024-09-13 13:05:00-04:00,4.949999809265137,4.949999809265137,4.929999828338623,4.93120002746582,14390,0.0,0.0
2024-09-13 13:10:00-04:00,4.934999942779541,4.940000057220459,4.929999828338623,4.934999942779541,21928,0.0,0.0
2024-09-13 13:15:00-04:00,4.934999942779541,4.940000057220459,4.929999828338623,4.932000160217285,8331,0.0,0.0
2024-09-13 13:20:00-04:00,4.934999942779541,4.940000057220459,4.9232001304626465,4.926700115203857,30906,0.0,0.0
2024-09-13 13:25:00-04:00,4.925000190734863,4.936999797821045,4.920000076293945,4.936999797821045,49837,0.0,0.0
2024-09-13 13:30:00-04:00,4.934999942779541,4.940000057220459,4.929999828338623,4.940000057220459,6367,0.0,0.0
2024-09-13 13:35:00-04:00,4.934999942779541,4.940000057220459,4.920100212097168,4.920100212097168,37256,0.0,0.0
2024-09-13 13:40:00-04:00,4.929800033569336,4.940000057220459,4.925000190734863,4.934999942779541,28270,0.0,0.0
2024-09-13 13:45:00-04:00,4.934999942779541,4.940000057220459,4.930099964141846,4.940000057220459,17879,0.0,0.0
2024-09-13 13:50:00-04:00,4.933599948883057,4.940000057220459,4.929999828338623,4.934999942779541,35002,0.0,0.0
2024-09-13 13:55:00-04:00,4.934999942779541,4.940000057220459,4.929999828338623,4.934999942779541,18659,0.0,0.0
2024-09-13 14:00:00-04:00,4.934999942779541,4.940000057220459,4.925000190734863,4.934999942779541,40515,0.0,0.0
2024-09-13 14:05:00-04:00,4.930099964141846,4.940000057220459,4.929999828338623,4.940000057220459,30934,0.0,0.0
2024-09-13 14:10:00-04:00,4.940000057220459,4.940000057220459,4.929999828338623,4.939700126647949,25471,0.0,0.0
2024-09-13 14:15:00-04:00,4.940000057220459,4.940000057220459,4.930200099945068,4.940000057220459,33278,0.0,0.0
2024-09-13 14:20:00-04:00,4.940000057220459,4.940000057220459,4.929999828338623,4.934999942779541,39286,0.0,0.0
2024-09-13 14:25:00-04:00,4.934999942779541,4.940000057220459,4.929999828338623,4.934999942779541,16791,0.0,0.0
2024-09-13 14:30:00-04:00,4.930099964141846,4.936699867248535,4.929999828338623,4.934999942779541,21263,0.0,0.0
2024-09-13 14:35:00-04:00,4.934999942779541,4.934999942779541,4.909999847412109,4.914999961853027,186548,0.0,0.0
2024-09-13 14:40:00-04:00,4.914999961853027,4.940000057220459,4.909999847412109,4.934999942779541,93079,0.0,0.0
2024-09-13 14:45:00-04:00,4.929999828338623,4.940000057220459,4.929999828338623,4.940000057220459,11717,0.0,0.0
2024-09-13 14:50:00-04:00,4.940000057220459,4.940000057220459,4.930099964141846,4.934299945831299,10835,0.0,0.0
2024-09-13 14:55:00-04:00,4.934999942779541,4.940000057220459,4.929999828338623,4.940000057220459,11058,0.0,0.0
2024-09-13 15:00:00-04:00,4.934999942779541,4.940000057220459,4.920000076293945,4.929999828338623,81454,0.0,0.0
2024-09-13 15:05:00-04:00,4.934999942779541,4.940000057220459,4.925000190734863,4.925000190734863,34448,0.0,0.0
2024-09-13 15:10:00-04:00,4.920100212097168,4.928699970245361,4.909999847412109,4.910999774932861,43155,0.0,0.0
2024-09-13 15:15:00-04:00,4.919899940490723,4.920000076293945,4.909999847412109,4.920000076293945,31927,0.0,0.0
2024-09-13 15:20:00-04:00,4.914999961853027,4.920000076293945,4.909999847412109,4.914999961853027,33148,0.0,0.0
2024-09-13 15:25:00-04:00,4.914999961853027,4.920000076293945,4.909999847412109,4.914999961853027,19299,0.0,0.0
2024-09-13 15:30:00-04:00,4.914999961853027,4.920000076293945,4.909999847412109,4.920000076293945,35288,0.0,0.0
2024-09-13 15:35:00-04:00,4.914999961853027,4.920000076293945,4.900000095367432,4.914999961853027,128874,0.0,0.0
2024-09-13 15:40:00-04:00,4.920000076293945,4.920000076293945,4.909999847412109,4.920000076293945,27577,0.0,0.0
2024-09-13 15:45:00-04:00,4.920000076293945,4.920000076293945,4.909999847412109,4.916600227355957,30534,0.0,0.0
2024-09-13 15:50:00-04:00,4.912300109863281,4.920000076293945,4.909999847412109,4.914999961853027,55428,0.0,0.0
2024-09-13 15:55:00-04:00,4.914999961853027,4.965000152587891,4.909999847412109,4.960000038146973,440129,0.0,0.0
2024-09-16 09:30:00-04:00,4.949999809265137,5.010000228881836,4.942500114440918,4.942500114440918,552424,0.0,0.0
2024-09-16 09:35:00-04:00,4.945000171661377,4.949999809265137,4.921199798583984,4.929999828338623,186003,0.0,0.0
2024-09-16 09:40:00-04:00,4.934999942779541,4.940000057220459,4.918799877166748,4.919899940490723,127145,0.0,0.0
2024-09-16 09:45:00-04:00,4.910299777984619,4.937300205230713,4.909999847412109,4.925000190734863,118256,0.0,0.0
2024-09-16 09:50:00-04:00,4.920000076293945,4.925000190734863,4.900000095367432,4.909999847412109,102341,0.0,0.0
2024-09-16 09:55:00-04:00,4.9145002365112305,4.940000057220459,4.911200046539307,4.935999870300293,46518,0.0,0.0
2024-09-16 10:00:00-04:00,4.934999942779541,4.940000057220459,4.920100212097168,4.923299789428711,52494,0.0,0.0
2024-09-16 10:05:00-04:00,4.929999828338623,4.940000057220459,4.920000076293945,4.930099964141846,24284,0.0,0.0
2024-09-16 10:10:00-04:00,4.934999942779541,4.940000057220459,4.929999828338623,4.934899806976318,33529,0.0,0.0
2024-09-16 10:15:00-04:00,4.934999942779541,4.940000057220459,4.929999828338623,4.934999942779541,70923,0.0,0.0
2024-09-16 10:20:00-04:00,4.934999942779541,4.940000057220459,4.920000076293945,4.929100036621094,136441,0.0,0.0
2024-09-16 10:25:00-04:00,4.925000190734863,4.940000057220459,4.925000190734863,4.934999942779541,58808,0.0,0.0
2024-09-16 10:30:00-04:00,4.930300235748291,4.938000202178955,4.894999980926514,4.90500020980835,228976,0.0,0.0
2024-09-16 10:35:00-04:00,4.900000095367432,4.934999942779541,4.900000095367432,4.929999828338623,94251,0.0,0.0
2024-09-16 10:40:00-04:00,4.929999828338623,4.949999809265137,4.929999828338623,4.949999809265137,64366,0.0,0.0
2024-09-16 10:45:00-04:00,4.949999809265137,4.960000038146973,4.90500020980835,4.90500020980835,105151,0.0,0.0
2024-09-16 10:50:00-04:00,4.909999847412109,4.920000076293945,4.900000095367432,4.914999961853027,118502,0.0,0.0
2024-09-16 10:55:00-04:00,4.914999961853027,4.920000076293945,4.900000095367432,4.90500020980835,108046,0.0,0.0
2024-09-16 11:00:00-04:00,4.909999847412109,4.914999961853027,4.900000095367432,4.914999961853027,71734,0.0,0.0
2024-09-16 11:05:00-04:00,4.914999961853027,4.919899940490723,4.900000095367432,4.900000095367432,51559,0.0,0.0
2024-09-16 11:10:00-04:00,4.9039998054504395,4.909999847412109,4.900000095367432,4.90500020980835,34777,0.0,0.0
2024-09-16 11:15:00-04:00,4.907199859619141,4.920000076293945,4.900000095367432,4.920000076293945,69211,0.0,0.0
2024-09-16 11:20:00-04:00,4.919899940490723,4.929999828338623,4.909999847412109,4.9145002365112305,91332,0.0,0.0
2024-09-16 11:25:00-04:00,4.920000076293945,4.940000057220459,4.920000076293945,4.925000190734863,56910,0.0,0.0
2024-09-16 11:30:00-04:00,4.921199798583984,4.949999809265137,4.909999847412109,4.934999942779541,111259,0.0,0.0
2024-09-16 11:35:00-04:00,4.929999828338623,4.929999828338623,4.910099983215332,4.914000034332275,57558,0.0,0.0
2024-09-16 11:40:00-04:00,4.914999961853027,4.920000076293945,4.900000095367432,4.914999961853027,80089,0.0,0.0
2024-09-16 11:45:00-04:00,4.909999847412109,4.920000076293945,4.901199817657471,4.914999961853027,25564,0.0,0.0
2024-09-16 11:50:00-04:00,4.920000076293945,4.920000076293945,4.900100231170654,4.916600227355957,27166,0.0,0.0
2024-09-16 11:55:00-04:00,4.914000034332275,4.920000076293945,4.90500020980835,4.914999961853027,55563,0.0,0.0
2024-09-16 12:00:00-04:00,4.920000076293945,4.920000076293945,4.90500020980835,4.90500020980835,17811,0.0,0.0
2024-09-16 12:05:00-04:00,4.90500020980835,4.920000076293945,4.900000095367432,4.920000076293945,25861,0.0,0.0
2024-09-16 12:10:00-04:00,4.915999889373779,4.920000076293945,4.909999847412109,4.914000034332275,23081,0.0,0.0
2024-09-16 12:15:00-04:00,4.9120001792907715,4.9120001792907715,4.893899917602539,4.900100231170654,134712,0.0,0.0
2024-09-16 12:20:00-04:00,4.906599998474121,4.909999847412109,4.900000095367432,4.909999847412109,15063,0.0,0.0
2024-09-16 12:25:00-04:00,4.909999847412109,4.920000076293945,4.90500020980835,4.914999961853027,96132,0.0,0.0
2024-09-16 12:30:00-04:00,4.914999961853027,4.920000076293945,4.909999847412109,4.915900230407715,17854,0.0,0.0
2024-09-16 12:35:00-04:00,4.914999961853027,4.920000076293945,4.909999847412109,4.917699813842773,15986,0.0,0.0
2024-09-16 12:40:00-04:00,4.914999961853027,4.920000076293945,4.909999847412109,4.914999961853027,13450,0.0,0.0
2024-09-16 12:45:00-04:00,4.916500091552734,4.920000076293945,4.909999847412109,4.914999961853027,5058,0.0,0.0
2024-09-16 12:50:00-04:00,4.909999847412109,4.920000076293945,4.909999847412109,4.914999961853027,12436,0.0,0.0
2024-09-16 12:55:00-04:00,4.909999847412109,4.929999828338623,4.909999847412109,4.925000190734863,45915,0.0,0.0
2024-09-16 13:00:00-04:00,4.920100212097168,4.929999828338623,4.920100212097168,4.925000190734863,7586,0.0,0.0
2024-09-16 13:05:00-04:00,4.925000190734863,4.929999828338623,4.920000076293945,4.925000190734863,10135,0.0,0.0
2024-09-16 13:10:00-04:00,4.925000190734863,4.925000190734863,4.909999847412109,4.910200119018555,42272,0.0,0.0
2024-09-16 13:15:00-04:00,4.914999961853027,4.929999828338623,4.900100231170654,4.920000076293945,96391,0.0,0.0
2024-09-16 13:20:00-04:00,4.925000190734863,4.929999828338623,4.920000076293945,4.925000190734863,9096,0.0,0.0
2024-09-16 13:25:00-04:00,4.929999828338623,4.934999942779541,4.920000076293945,4.934999942779541,51304,0.0,0.0
2024-09-16 13:30:00-04:00,4.940000057220459,4.940000057220459,4.929999828338623,4.940000057220459,21507,0.0,0.0
2024-09-16 13:35:00-04:00,4.940000057220459,4.940000057220459,4.921500205993652,4.940000057220459,84281,0.0,0.0
2024-09-16 13:40:00-04:00,4.934999942779541,4.940000057220459,4.929999828338623,4.934999942779541,8812,0.0,0.0
2024-09-16 13:45:00-04:00,4.934999942779541,4.940000057220459,4.929999828338623,4.940000057220459,12530,0.0,0.0
2024-09-16 13:50:00-04:00,4.933599948883057,4.940000057220459,4.929999828338623,4.934999942779541,60933,0.0,0.0
2024-09-16 13:55:00-04:00,4.938799858093262,4.940000057220459,4.929999828338623,4.934999942779541,63400,0.0,0.0
2024-09-16 14:00:00-04:00,4.940000057220459,4.940000057220459,4.925000190734863,4.934999942779541,122413,0.0,0.0
2024-09-16 14:05:00-04:00,4.934999942779541,4.940000057220459,4.929999828338623,4.934999942779541,44989,0.0,0.0
2024-09-16 14:10:00-04:00,4.934999942779541,4.940000057220459,4.929999828338623,4.940000057220459,8733,0.0,0.0
2024-09-16 14:15:00-04:00,4.934999942779541,4.940000057220459,4.920100212097168,4.925000190734863,30324,0.0,0.0
2024-09-16 14:20:00-04:00,4.928199768066406,4.929999828338623,4.920000076293945,4.920100212097168,23751,0.0,0.0
2024-09-16 14:25:00-04:00,4.925000190734863,4.929999828338623,4.920000076293945,4.925000190734863,72347,0.0,0.0
2024-09-16 14:30:00-04:00,4.925000190734863,4.929999828338623,4.920000076293945,4.929999828338623,50009,0.0,0.0
2024-09-16 14:35:00-04:00,4.929999828338623,4.929999828338623,4.909999847412109,4.920000076293945,48012,0.0,0.0
2024-09-16 14:40:00-04:00,4.919000148773193,4.928800106048584,4.909999847412109,4.918000221252441,96582,0.0,0.0
2024-09-16 14:45:00-04:00,4.929999828338623,4.929999828338623,4.920000076293945,4.925000190734863,19378,0.0,0.0
2024-09-16 14:50:00-04:00,4.920000076293945,4.920000076293945,4.910999774932861,4.919899940490723,66208,0.0,0.0
2024-09-16 14:55:00-04:00,4.914999961853027,4.920000076293945,4.909999847412109,4.914999961853027,75664,0.0,0.0
2024-09-16 15:00:00-04:00,4.920000076293945,4.929900169372559,4.909999847412109,4.919000148773193,52007,0.0,0.0
2024-09-16 15:05:00-04:00,4.913300037384033,4.920000076293945,4.910099983215332,4.914999961853027,94467,0.0,0.0
2024-09-16 15:10:00-04:00,4.914999961853027,4.919000148773193,4.889999866485596,4.900000095367432,214347,0.0,0.0
2024-09-16 15:15:00-04:00,4.900000095367432,4.900000095367432,4.889999866485596,4.894999980926514,46091,0.0,0.0
2024-09-16 15:20:00-04:00,4.889999866485596,4.900000095367432,4.889999866485596,4.900000095367432,34193,0.0,0.0
2024-09-16 15:25:00-04:00,4.900000095367432,4.900000095367432,4.880000114440918,4.885000228881836,100947,0.0,0.0
2024-09-16 15:30:00-04:00,4.889999866485596,4.889999866485596,4.870100021362305,4.889999866485596,112087,0.0,0.0
2024-09-16 15:35:00-04:00,4.885499954223633,4.889999866485596,4.863999843597412,4.869999885559082,65038,0.0,0.0
2024-09-16 15:40:00-04:00,4.866000175476074,4.869999885559082,4.860000133514404,4.864999771118164,156756,0.0,0.0
2024-09-16 15:45:00-04:00,4.869900226593018,4.869999885559082,4.849999904632568,4.864999771118164,242957,0.0,0.0
2024-09-16 15:50:00-04:00,4.864999771118164,4.869900226593018,4.849999904632568,4.855000019073486,227977,0.0,0.0
2024-09-16 15:55:00-04:00,4.855000019073486,4.869999885559082,4.849999904632568,4.849999904632568,491874,0.0,0.0
2024-09-17 09:30:00-04:00,4.900000095367432,4.949999809265137,4.900000095367432,4.902299880981445,451474,0.0,0.0
2024-09-17 09:35:00-04:00,4.90500020980835,4.909999847412109,4.900000095367432,4.90500020980835,30588,0.0,0.0
2024-09-17 09:40:00-04:00,4.900000095367432,4.909999847412109,4.900000095367432,4.90500020980835,52360,0.0,0.0
2024-09-17 09:45:00-04:00,4.90500020980835,4.909800052642822,4.889999866485596,4.90500020980835,64421,0.0,0.0
2024-09-17 09:50:00-04:00,4.90500020980835,4.909999847412109,4.894999980926514,4.90500020980835,93322,0.0,0.0
2024-09-17 09:55:00-04:00,4.90500020980835,4.909900188446045,4.880000114440918,4.88730001449585,132314,0.0,0.0
2024-09-17 10:00:00-04:00,4.888800144195557,4.899799823760986,4.888800144195557,4.894999980926514,40331,0.0,0.0
2024-09-17 10:05:00-04:00,4.894999980926514,4.900000095367432,4.880000114440918,4.886000156402588,114727,0.0,0.0
2024-09-17 10:10:00-04:00,4.880000114440918,4.888599872589111,4.849999904632568,4.8643999099731445,138442,0.0,0.0
2024-09-17 10:15:00-04:00,4.869999885559082,4.879899978637695,4.864999771118164,4.875,37189,0.0,0.0
2024-09-17 10:20:00-04:00,4.876999855041504,4.889999866485596,4.869999885559082,4.889200210571289,85806,0.0,0.0
2024-09-17 10:25:00-04:00,4.880300045013428,4.90910005569458,4.880000114440918,4.880000114440918,132036,0.0,0.0
2024-09-17 10:30:00-04:00,4.880099773406982,4.889699935913086,4.873799800872803,4.885000228881836,93044,0.0,0.0
2024-09-17 10:35:00-04:00,4.885000228881836,4.900000095367432,4.880000114440918,4.900000095367432,41599,0.0,0.0
2024-09-17 10:40:00-04:00,4.896999835968018,4.900000095367432,4.889999866485596,4.889999866485596,15367,0.0,0.0
2024-09-17 10:45:00-04:00,4.894999980926514,4.895999908447266,4.880000114440918,4.885000228881836,76256,0.0,0.0
2024-09-17 10:50:00-04:00,4.885000228881836,4.898799896240234,4.882800102233887,4.891900062561035,17203,0.0,0.0
2024-09-17 10:55:00-04:00,4.894999980926514,4.897500038146973,4.880000114440918,4.885000228881836,38848,0.0,0.0
2024-09-17 11:00:00-04:00,4.885000228881836,4.889999866485596,4.880000114440918,4.880000114440918,16198,0.0,0.0
2024-09-17 11:05:00-04:00,4.880099773406982,4.889999866485596,4.860000133514404,4.860000133514404,101786,0.0,0.0
2024-09-17 11:10:00-04:00,4.864999771118164,4.880000114440918,4.860000133514404,4.879899978637695,54916,0.0,0.0
2024-09-17 11:15:00-04:00,4.876800060272217,4.889900207519531,4.870100021362305,4.875,70537,0.0,0.0
2024-09-17 11:20:00-04:00,4.875,4.885000228881836,4.869999885559082,4.885000228881836,48230,0.0,0.0
2024-09-17 11:25:00-04:00,4.885000228881836,4.889999866485596,4.874599933624268,4.8765997886657715,49604,0.0,0.0
2024-09-17 11:30:00-04:00,4.875,4.875,4.860000133514404,4.869699954986572,60942,0.0,0.0
2024-09-17 11:35:00-04:00,4.860099792480469,4.869999885559082,4.860000133514404,4.864999771118164,30282,0.0,0.0
2024-09-17 11:40:00-04:00,4.86269998550415,4.869999885559082,4.86269998550415,4.863500118255615,8388,0.0,0.0
2024-09-17 11:45:00-04:00,4.864999771118164,4.869999885559082,4.860000133514404,4.869699954986572,30567,0.0,0.0
2024-09-17 11:50:00-04:00,4.869900226593018,4.889699935913086,4.861199855804443,4.8867998123168945,87739,0.0,0.0
2024-09-17 11:55:00-04:00,4.885000228881836,4.885000228881836,4.870100021362305,4.879300117492676,39362,0.0,0.0
2024-09-17 12:00:00-04:00,4.873899936676025,4.880000114440918,4.869999885559082,4.876399993896484,10074,0.0,0.0
2024-09-17 12:05:00-04:00,4.875,4.879899978637695,4.869999885559082,4.879700183868408,16818,0.0,0.0
2024-09-17 12:10:00-04:00,4.8744001388549805,4.880000114440918,4.869999885559082,4.877299785614014,29154,0.0,0.0
2024-09-17 12:15:00-04:00,4.880000114440918,4.880000114440918,4.864999771118164,4.864999771118164,89143,0.0,0.0
2024-09-17 12:20:00-04:00,4.864999771118164,4.869999885559082,4.849999904632568,4.867000102996826,96237,0.0,0.0
2024-09-17 12:25:00-04:00,4.869999885559082,4.875,4.863100051879883,4.875,56685,0.0,0.0
2024-09-17 12:30:00-04:00,4.869999885559082,4.880000114440918,4.869999885559082,4.879899978637695,22610,0.0,0.0
2024-09-17 12:35:00-04:00,4.872900009155273,4.880000114440918,4.869999885559082,4.875,6876,0.0,0.0
2024-09-17 12:40:00-04:00,4.875,4.879300117492676,4.870100021362305,4.877600193023682,14302,0.0,0.0
2024-09-17 12:45:00-04:00,4.875,4.877799987792969,4.860000133514404,4.864999771118164,84432,0.0,0.0
2024-09-17 12:50:00-04:00,4.864999771118164,4.869999885559082,4.860000133514404,4.867599964141846,24041,0.0,0.0
2024-09-17 12:55:00-04:00,4.861999988555908,4.869999885559082,4.849999904632568,4.849999904632568,46694,0.0,0.0
2024-09-17 13:00:00-04:00,4.860000133514404,4.869999885559082,4.849999904632568,4.851099967956543,96677,0.0,0.0
2024-09-17 13:05:00-04:00,4.855000019073486,4.860000133514404,4.849999904632568,4.860000133514404,24331,0.0,0.0
2024-09-17 13:10:00-04:00,4.860000133514404,4.860000133514404,4.849999904632568,4.853600025177002,43000,0.0,0.0
2024-09-17 13:15:00-04:00,4.852700233459473,4.860000133514404,4.849999904632568,4.851600170135498,13756,0.0,0.0
2024-09-17 13:20:00-04:00,4.860000133514404,4.875100135803223,4.851200103759766,4.875,74098,0.0,0.0
2024-09-17 13:25:00-04:00,4.875,4.880000114440918,4.869999885559082,4.875,10671,0.0,0.0
2024-09-17 13:30:00-04:00,4.869999885559082,4.869999885559082,4.860000133514404,4.860000133514404,29514,0.0,0.0
2024-09-17 13:35:00-04:00,4.860000133514404,4.860000133514404,4.849999904632568,4.859899997711182,19840,0.0,0.0
2024-09-17 13:40:00-04:00,4.849999904632568,4.860000133514404,4.849999904632568,4.849999904632568,15911,0.0,0.0
2024-09-17 13:45:00-04:00,4.849999904632568,4.869999885559082,4.849999904632568,4.849999904632568,198772,0.0,0.0
2024-09-17 13:50:00-04:00,4.860000133514404,4.860000133514404,4.850500106811523,4.8520002365112305,13098,0.0,0.0
2024-09-17 13:55:00-04:00,4.855000019073486,4.864999771118164,4.849999904632568,4.858500003814697,130919,0.0,0.0
2024-09-17 14:00:00-04:00,4.860000133514404,4.860000133514404,4.849999904632568,4.855000019073486,13835,0.0,0.0
2024-09-17 14:05:00-04:00,4.859899997711182,4.859899997711182,4.850100040435791,4.855000019073486,11572,0.0,0.0
2024-09-17 14:10:00-04:00,4.851200103759766,4.860000133514404,4.849999904632568,4.855000019073486,16794,0.0,0.0
2024-09-17 14:15:00-04:00,4.853499889373779,4.860000133514404,4.849999904632568,4.855000019073486,18092,0.0,0.0
2024-09-17 14:20:00-04:00,4.855000019073486,4.8572998046875,4.849999904632568,4.856500148773193,5064,0.0,0.0
2024-09-17 14:25:00-04:00,4.849999904632568,4.860000133514404,4.849999904632568,4.855000019073486,32389,0.0,0.0
2024-09-17 14:30:00-04:00,4.855000019073486,4.860000133514404,4.849999904632568,4.855000019073486,18759,0.0,0.0
2024-09-17 14:35:00-04:00,4.849999904632568,4.860000133514404,4.849999904632568,4.856500148773193,37157,0.0,0.0
2024-09-17 14:40:00-04:00,4.860000133514404,4.860000133514404,4.849999904632568,4.860000133514404,10000,0.0,0.0
2024-09-17 14:45:00-04:00,4.855000019073486,4.860000133514404,4.849999904632568,4.855000019073486,20688,0.0,0.0
2024-09-17 14:50:00-04:00,4.855000019073486,4.860000133514404,4.829999923706055,4.835000038146973,237550,0.0,0.0
2024-09-17 14:55:00-04:00,4.836599826812744,4.849999904632568,4.829999923706055,4.8445000648498535,37838,0.0,0.0
2024-09-17 15:00:00-04:00,4.84499979019165,4.849999904632568,4.8404998779296875,4.846799850463867,18021,0.0,0.0
2024-09-17 15:05:00-04:00,4.84499979019165,4.859899997711182,4.835000038146973,4.855000019073486,120279,0.0,0.0
2024-09-17 15:10:00-04:00,4.849999904632568,4.860000133514404,4.849999904632568,4.856299877166748,10960,0.0,0.0
2024-09-17 15:15:00-04:00,4.856500148773193,4.860000133514404,4.851200103759766,4.855000019073486,12181,0.0,0.0
2024-09-17 15:20:00-04:00,4.860000133514404,4.860000133514404,4.849999904632568,4.855000019073486,61685,0.0,0.0
2024-09-17 15:25:00-04:00,4.855000019073486,4.860000133514404,4.849999904632568,4.855000019073486,24780,0.0,0.0
2024-09-17 15:30:00-04:00,4.855000019073486,4.860000133514404,4.833799839019775,4.835000038146973,247835,0.0,0.0
2024-09-17 15:35:00-04:00,4.839900016784668,4.840000152587891,4.820000171661377,4.824999809265137,108189,0.0,0.0
2024-09-17 15:40:00-04:00,4.824999809265137,4.829999923706055,4.820000171661377,4.824999809265137,58617,0.0,0.0
2024-09-17 15:45:00-04:00,4.824999809265137,4.829999923706055,4.820000171661377,4.824999809265137,143650,0.0,0.0
2024-09-17 15:50:00-04:00,4.829999923706055,4.83650016784668,4.800000190734863,4.804999828338623,380722,0.0,0.0
2024-09-17 15:55:00-04:00,4.800000190734863,4.829999923706055,4.800000190734863,4.829999923706055,514868,0.0,0.0
2024-09-18 09:30:00-04:00,4.849999904632568,4.880000114440918,4.829999923706055,4.829999923706055,314840,0.0,0.0
2024-09-18 09:35:00-04:00,4.835000038146973,4.869999885559082,4.830100059509277,4.863999843597412,72855,0.0,0.0
2024-09-18 09:40:00-04:00,4.864999771118164,4.869999885559082,4.840000152587891,4.848800182342529,59765,0.0,0.0
2024-09-18 09:45:00-04:00,4.840099811553955,4.849999904632568,4.829999923706055,4.837200164794922,66070,0.0,0.0
2024-09-18 09:50:00-04:00,4.835000038146973,4.840000152587891,4.820000171661377,4.824999809265137,70437,0.0,0.0
2024-09-18 09:55:00-04:00,4.828199863433838,4.829999923706055,4.820000171661377,4.820000171661377,45687,0.0,0.0
2024-09-18 10:00:00-04:00,4.824999809265137,4.839700222015381,4.809999942779541,4.833499908447266,79966,0.0,0.0
2024-09-18 10:05:00-04:00,4.838900089263916,4.840000152587891,4.809999942779541,4.809999942779541,39729,0.0,0.0
2024-09-18 10:10:00-04:00,4.81689977645874,4.819900035858154,4.800000190734863,4.806000232696533,69179,0.0,0.0
2024-09-18 10:15:00-04:00,4.803699970245361,4.840000152587891,4.802800178527832,4.829999923706055,82820,0.0,0.0
2024-09-18 10:20:00-04:00,4.820000171661377,4.829999923706055,4.820000171661377,4.824999809265137,71347,0.0,0.0
2024-09-18 10:25:00-04:00,4.821000099182129,4.840000152587891,4.809999942779541,4.829999923706055,55335,0.0,0.0
2024-09-18 10:30:00-04:00,4.840000152587891,4.840000152587891,4.820000171661377,4.8221001625061035,36547,0.0,0.0
2024-09-18 10:35:00-04:00,4.820199966430664,4.840000152587891,4.815000057220459,4.824999809265137,83012,0.0,0.0
2024-09-18 10:40:00-04:00,4.824999809265137,4.829999923706055,4.820000171661377,4.820000171661377,33260,0.0,0.0
2024-09-18 10:45:00-04:00,4.820000171661377,4.824999809265137,4.810100078582764,4.820000171661377,45529,0.0,0.0
2024-09-18 10:50:00-04:00,4.820000171661377,4.84499979019165,4.809999942779541,4.84499979019165,69803,0.0,0.0
2024-09-18 10:55:00-04:00,4.84499979019165,4.849999904632568,4.829999923706055,4.840000152587891,85642,0.0,0.0
2024-09-18 11:00:00-04:00,4.849999904632568,4.860000133514404,4.829999923706055,4.833000183105469,97597,0.0,0.0
2024-09-18 11:05:00-04:00,4.83650016784668,4.840000152587891,4.829999923706055,4.829999923706055,55443,0.0,0.0
2024-09-18 11:10:00-04:00,4.829999923706055,4.840000152587891,4.829999923706055,4.829999923706055,23951,0.0,0.0
2024-09-18 11:15:00-04:00,4.835000038146973,4.835000038146973,4.809999942779541,4.815000057220459,202130,0.0,0.0
2024-09-18 11:20:00-04:00,4.815000057220459,4.820000171661377,4.810100078582764,4.814000129699707,20540,0.0,0.0
2024-09-18 11:25:00-04:00,4.815000057220459,4.829999923706055,4.815000057220459,4.824999809265137,43004,0.0,0.0
2024-09-18 11:30:00-04:00,4.821000099182129,4.824699878692627,4.809999942779541,4.815000057220459,34490,0.0,0.0
2024-09-18 11:35:00-04:00,4.810100078582764,4.829750061035156,4.809999942779541,4.823699951171875,35185,0.0,0.0
2024-09-18 11:40:00-04:00,4.824999809265137,4.824999809265137,4.800000190734863,4.804999828338623,62315,0.0,0.0
2024-09-18 11:45:00-04:00,4.809899806976318,4.809999942779541,4.791999816894531,4.799699783325195,84881,0.0,0.0
2024-09-18 11:50:00-04:00,4.795000076293945,4.800000190734863,4.78000020980835,4.795000076293945,90589,0.0,0.0
2024-09-18 11:55:00-04:00,4.800000190734863,4.800000190734863,4.789999961853027,4.789999961853027,26103,0.0,0.0
2024-09-18 12:00:00-04:00,4.789999961853027,4.800000190734863,4.780099868774414,4.798799991607666,81189,0.0,0.0
2024-09-18 12:05:00-04:00,4.795000076293945,4.807499885559082,4.789999961853027,4.804999828338623,87091,0.0,0.0
2024-09-18 12:10:00-04:00,4.80019998550415,4.809999942779541,4.800000190734863,4.800000190734863,29352,0.0,0.0
2024-09-18 12:15:00-04:00,4.809800148010254,4.809999942779541,4.800000190734863,4.800000190734863,26777,0.0,0.0
2024-09-18 12:20:00-04:00,4.804999828338623,4.809999942779541,4.795000076293945,4.795000076293945,30770,0.0,0.0
2024-09-18 12:25:00-04:00,4.795000076293945,4.800000190734863,4.789999961853027,4.789999961853027,21006,0.0,0.0
2024-09-18 12:30:00-04:00,4.789999961853027,4.800000190734863,4.789999961853027,4.795300006866455,38629,0.0,0.0
2024-09-18 12:35:00-04:00,4.795000076293945,4.800000190734863,4.789999961853027,4.800000190734863,33246,0.0,0.0
2024-09-18 12:40:00-04:00,4.795000076293945,4.800000190734863,4.789999961853027,4.800000190734863,34073,0.0,0.0
2024-09-18 12:45:00-04:00,4.795000076293945,4.800000190734863,4.789999961853027,4.789999961853027,23448,0.0,0.0
2024-09-18 12:50:00-04:00,4.793000221252441,4.804999828338623,4.789999961853027,4.804999828338623,153240,0.0,0.0
2024-09-18 12:55:00-04:00,4.804999828338623,4.809999942779541,4.800000190734863,4.804999828338623,24830,0.0,0.0
2024-09-18 13:00:00-04:00,4.808800220489502,4.809999942779541,4.800000190734863,4.800000190734863,71406,0.0,0.0
2024-09-18 13:05:00-04:00,4.809999942779541,4.809999942779541,4.800000190734863,4.801199913024902,42675,0.0,0.0
2024-09-18 13:10:00-04:00,4.804999828338623,4.809999942779541,4.800000190734863,4.804999828338623,17355,0.0,0.0
2024-09-18 13:15:00-04:00,4.804999828338623,4.809999942779541,4.800000190734863,4.800000190734863,23309,0.0,0.0
2024-09-18 13:20:00-04:00,4.804999828338623,4.809899806976318,4.789999961853027,4.789999961853027,29204,0.0,0.0
2024-09-18 13:25:00-04:00,4.795000076293945,4.804999828338623,4.789999961853027,4.804999828338623,42042,0.0,0.0
2024-09-18 13:30:00-04:00,4.800000190734863,4.809999942779541,4.800000190734863,4.809999942779541,11261,0.0,0.0
2024-09-18 13:35:00-04:00,4.804999828338623,4.809999942779541,4.789999961853027,4.795000076293945,37406,0.0,0.0
2024-09-18 13:40:00-04:00,4.795000076293945,4.809999942779541,4.789999961853027,4.804999828338623,44693,0.0,0.0
2024-09-18 13:45:00-04:00,4.804999828338623,4.809999942779541,4.800000190734863,4.809999942779541,25125,0.0,0.0
2024-09-18 13:50:00-04:00,4.804999828338623,4.809999942779541,4.800000190734863,4.804999828338623,16027,0.0,0.0
2024-09-18 13:55:00-04:00,4.804999828338623,4.809999942779541,4.800000190734863,4.800000190734863,22048,0.0,0.0
2024-09-18 14:00:00-04:00,4.800000190734863,4.900000095367432,4.795000076293945,4.837100028991699,388082,0.0,0.0
2024-09-18 14:05:00-04:00,4.835000038146973,4.839000225067139,4.795000076293945,4.809700012207031,119321,0.0,0.0
2024-09-18 14:10:00-04:00,4.804999828338623,4.809899806976318,4.789999961853027,4.804999828338623,118424,0.0,0.0
2024-09-18 14:15:00-04:00,4.808957099914551,4.8180999755859375,4.800000190734863,4.809899806976318,77710,0.0,0.0
2024-09-18 14:20:00-04:00,4.804999828338623,4.809999942779541,4.789999961853027,4.803100109100342,65943,0.0,0.0
2024-09-18 14:25:00-04:00,4.804999828338623,4.839300155639648,4.803500175476074,4.835000038146973,53393,0.0,0.0
2024-09-18 14:30:00-04:00,4.835000038146973,4.900000095367432,4.809999942779541,4.840000152587891,325262,0.0,0.0
2024-09-18 14:35:00-04:00,4.835000038146973,4.860000133514404,4.820000171661377,4.835000038146973,222617,0.0,0.0
2024-09-18 14:40:00-04:00,4.829999923706055,4.840000152587891,4.789999961853027,4.796999931335449,235753,0.0,0.0
2024-09-18 14:45:00-04:00,4.795000076293945,4.809999942779541,4.789999961853027,4.789999961853027,90238,0.0,0.0
2024-09-18 14:50:00-04:00,4.795000076293945,4.800000190734863,4.789999961853027,4.789999961853027,93578,0.0,0.0
2024-09-18 14:55:00-04:00,4.795000076293945,4.800000190734863,4.78000020980835,4.78000020980835,174608,0.0,0.0
2024-09-18 15:00:00-04:00,4.784999847412109,4.7870001792907715,4.769999980926514,4.77400016784668,111335,0.0,0.0
2024-09-18 15:05:00-04:00,4.775000095367432,4.775000095367432,4.75,4.762899875640869,172405,0.0,0.0
2024-09-18 15:10:00-04:00,4.764999866485596,4.8069000244140625,4.75,4.802599906921387,128073,0.0,0.0
2024-09-18 15:15:00-04:00,4.802499771118164,4.809999942779541,4.789999961853027,4.800099849700928,46996,0.0,0.0
2024-09-18 15:20:00-04:00,4.804999828338623,4.809999942779541,4.795000076293945,4.804999828338623,91012,0.0,0.0
2024-09-18 15:25:00-04:00,4.804999828338623,4.815000057220459,4.789999961853027,4.800000190734863,134416,0.0,0.0
2024-09-18 15:30:00-04:00,4.795000076293945,4.809999942779541,4.78000020980835,4.783999919891357,91762,0.0,0.0
2024-09-18 15:35:00-04:00,4.784999847412109,4.789999961853027,4.764999866485596,4.789999961853027,135938,0.0,0.0
2024-09-18 15:40:00-04:00,4.784999847412109,4.789999961853027,4.769999980926514,4.775000095367432,81072,0.0,0.0
2024-09-18 15:45:00-04:00,4.779900074005127,4.78000020980835,4.760000228881836,4.769999980926514,146450,0.0,0.0
2024-09-18 15:50:00-04:00,4.78000020980835,4.787099838256836,4.760000228881836,4.7754998207092285,147551,0.0,0.0
2024-09-18 15:55:00-04:00,4.7733001708984375,4.789999961853027,4.760000228881836,4.78000020980835,644325,0.0,0.0
2024-09-19 09:30:00-04:00,4.869999885559082,4.894999980926514,4.800000190734863,4.804999828338623,795696,0.0,0.0
2024-09-19 09:35:00-04:00,4.809899806976318,4.820000171661377,4.78000020980835,4.814000129699707,179828,0.0,0.0
2024-09-19 09:40:00-04:00,4.815000057220459,4.839900016784668,4.804999828338623,4.809999942779541,140148,0.0,0.0
2024-09-19 09:45:00-04:00,4.815499782562256,4.824999809265137,4.804800033569336,4.820000171661377,156849,0.0,0.0
2024-09-19 09:50:00-04:00,4.815000057220459,4.820000171661377,4.800000190734863,4.809999942779541,101517,0.0,0.0
2024-09-19 09:55:00-04:00,4.815000057220459,4.820000171661377,4.801199913024902,4.809999942779541,56108,0.0,0.0
2024-09-19 10:00:00-04:00,4.815000057220459,4.819900035858154,4.800000190734863,4.800000190734863,73625,0.0,0.0
2024-09-19 10:05:00-04:00,4.804999828338623,4.809999942779541,4.789999961853027,4.789999961853027,88082,0.0,0.0
2024-09-19 10:10:00-04:00,4.798900127410889,4.800000190734863,4.784999847412109,4.795000076293945,60292,0.0,0.0
2024-09-19 10:15:00-04:00,4.795000076293945,4.800000190734863,4.78000020980835,4.800000190734863,93278,0.0,0.0
2024-09-19 10:20:00-04:00,4.795000076293945,4.800000190734863,4.78000020980835,4.78000020980835,83225,0.0,0.0
2024-09-19 10:25:00-04:00,4.784999847412109,4.799900054931641,4.769999980926514,4.789999961853027,163097,0.0,0.0
2024-09-19 10:30:00-04:00,4.795000076293945,4.807499885559082,4.78000020980835,4.789999961853027,140875,0.0,0.0
2024-09-19 10:35:00-04:00,4.789999961853027,4.800000190734863,4.784999847412109,4.795000076293945,56878,0.0,0.0
2024-09-19 10:40:00-04:00,4.789999961853027,4.799499988555908,4.78000020980835,4.7835001945495605,64337,0.0,0.0
2024-09-19 10:45:00-04:00,4.784999847412109,4.789999961853027,4.78000020980835,4.784999847412109,64757,0.0,0.0
2024-09-19 10:50:00-04:00,4.784999847412109,4.789999961853027,4.760000228881836,4.771200180053711,169996,0.0,0.0
2024-09-19 10:55:00-04:00,4.775000095367432,4.78000020980835,4.769999980926514,4.775000095367432,51026,0.0,0.0
2024-09-19 11:00:00-04:00,4.774099826812744,4.78000020980835,4.769999980926514,4.775000095367432,46856,0.0,0.0
2024-09-19 11:05:00-04:00,4.776599884033203,4.78000020980835,4.769999980926514,4.772600173950195,60894,0.0,0.0
2024-09-19 11:10:00-04:00,4.775000095367432,4.78000020980835,4.769999980926514,4.78000020980835,48740,0.0,0.0
2024-09-19 11:15:00-04:00,4.775000095367432,4.789999961853027,4.769999980926514,4.773099899291992,78089,0.0,0.0
2024-09-19 11:20:00-04:00,4.779900074005127,4.78000020980835,4.760000228881836,4.769999980926514,104414,0.0,0.0
2024-09-19 11:25:00-04:00,4.775000095367432,4.789999961853027,4.770100116729736,4.780099868774414,62112,0.0,0.0
2024-09-19 11:30:00-04:00,4.78000020980835,4.789899826049805,4.769999980926514,4.769999980926514,56896,0.0,0.0
2024-09-19 11:35:00-04:00,4.775000095367432,4.789999961853027,4.769999980926514,4.789899826049805,171242,0.0,0.0
2024-09-19 11:40:00-04:00,4.784999847412109,4.789999961853027,4.78000020980835,4.784999847412109,44764,0.0,0.0
2024-09-19 11:45:00-04:00,4.781199932098389,4.800000190734863,4.78000020980835,4.789999961853027,66833,0.0,0.0
2024-09-19 11:50:00-04:00,4.795000076293945,4.800000190734863,4.789999961853027,4.791600227355957,63215,0.0,0.0
2024-09-19 11:55:00-04:00,4.791600227355957,4.800000190734863,4.789999961853027,4.795000076293945,52493,0.0,0.0
2024-09-19 12:00:00-04:00,4.798799991607666,4.800000190734863,4.78380012512207,4.784999847412109,50530,0.0,0.0
2024-09-19 12:05:00-04:00,4.784999847412109,4.789999961853027,4.78000020980835,4.784999847412109,30882,0.0,0.0
2024-09-19 12:10:00-04:00,4.784999847412109,4.786900043487549,4.773099899291992,4.775000095367432,72241,0.0,0.0
2024-09-19 12:15:00-04:00,4.775000095367432,4.78000020980835,4.769999980926514,4.7789998054504395,62470,0.0,0.0
2024-09-19 12:20:00-04:00,4.775000095367432,4.78000020980835,4.769999980926514,4.769999980926514,42252,0.0,0.0
2024-09-19 12:25:00-04:00,4.77400016784668,4.78000020980835,4.769999980926514,4.776299953460693,28557,0.0,0.0
2024-09-19 12:30:00-04:00,4.775000095367432,4.789999961853027,4.769999980926514,4.769999980926514,76888,0.0,0.0
2024-09-19 12:35:00-04:00,4.775000095367432,4.78000020980835,4.760000228881836,4.769999980926514,193554,0.0,0.0
2024-09-19 12:40:00-04:00,4.769999980926514,4.78000020980835,4.769999980926514,4.769999980926514,19407,0.0,0.0
2024-09-19 12:45:00-04:00,4.769999980926514,4.78000020980835,4.769999980926514,4.769999980926514,45587,0.0,0.0
2024-09-19 12:50:00-04:00,4.775000095367432,4.786600112915039,4.769999980926514,4.784999847412109,63964,0.0,0.0
2024-09-19 12:55:00-04:00,4.784999847412109,4.789899826049805,4.769999980926514,4.769999980926514,34105,0.0,0.0
2024-09-19 13:00:00-04:00,4.779900074005127,4.789999961853027,4.769999980926514,4.784999847412109,133245,0.0,0.0
2024-09-19 13:05:00-04:00,4.789700031280518,4.789999961853027,4.78000020980835,4.78380012512207,16756,0.0,0.0
2024-09-19 13:10:00-04:00,4.784999847412109,4.789999961853027,4.78000020980835,4.789999961853027,26506,0.0,0.0
2024-09-19 13:15:00-04:00,4.78000020980835,4.789899826049805,4.78000020980835,4.784999847412109,50454,0.0,0.0
2024-09-19 13:20:00-04:00,4.784999847412109,4.787899971008301,4.769999980926514,4.769999980926514,33967,0.0,0.0
2024-09-19 13:25:00-04:00,4.775300025939941,4.78000020980835,4.769999980926514,4.769999980926514,41754,0.0,0.0
2024-09-19 13:30:00-04:00,4.775000095367432,4.78000020980835,4.760000228881836,4.769999980926514,67656,0.0,0.0
2024-09-19 13:35:00-04:00,4.764999866485596,4.769999980926514,4.760000228881836,4.760000228881836,50864,0.0,0.0
2024-09-19 13:40:00-04:00,4.764999866485596,4.769999980926514,4.760000228881836,4.769999980926514,39094,0.0,0.0
2024-09-19 13:45:00-04:00,4.763899803161621,4.78000020980835,4.760000228881836,4.775000095367432,106595,0.0,0.0
2024-09-19 13:50:00-04:00,4.769999980926514,4.778271198272705,4.760000228881836,4.760000228881836,53424,0.0,0.0
2024-09-19 13:55:00-04:00,4.766600131988525,4.769899845123291,4.760000228881836,4.764999866485596,18250,0.0,0.0
2024-09-19 14:00:00-04:00,4.769700050354004,4.769999980926514,4.760000228881836,4.760000228881836,46553,0.0,0.0
2024-09-19 14:05:00-04:00,4.766600131988525,4.769999980926514,4.760000228881836,4.760000228881836,72444,0.0,0.0
2024-09-19 14:10:00-04:00,4.764999866485596,4.769999980926514,4.760000228881836,4.760000228881836,92608,0.0,0.0
2024-09-19 14:15:00-04:00,4.76800012588501,4.769999980926514,4.730000019073486,4.735000133514404,289503,0.0,0.0
2024-09-19 14:20:00-04:00,4.735000133514404,4.75,4.730000019073486,4.739999771118164,93037,0.0,0.0
2024-09-19 14:25:00-04:00,4.744999885559082,4.75,4.739999771118164,4.739999771118164,49893,0.0,0.0
2024-09-19 14:30:00-04:00,4.75,4.75,4.730000019073486,4.730000019073486,82774,0.0,0.0
2024-09-19 14:35:00-04:00,4.7399001121521,4.739999771118164,4.730000019073486,4.730000019073486,101485,0.0,0.0
2024-09-19 14:40:00-04:00,4.735000133514404,4.739999771118164,4.71999979019165,4.735000133514404,98053,0.0,0.0
2024-09-19 14:45:00-04:00,4.734600067138672,4.739999771118164,4.71999979019165,4.724999904632568,194214,0.0,0.0
2024-09-19 14:50:00-04:00,4.730000019073486,4.730000019073486,4.710000038146973,4.719900131225586,203885,0.0,0.0
2024-09-19 14:55:00-04:00,4.715000152587891,4.71999979019165,4.710000038146973,4.71999979019165,90364,0.0,0.0
2024-09-19 15:00:00-04:00,4.715000152587891,4.716300010681152,4.699999809265137,4.699999809265137,207885,0.0,0.0
2024-09-19 15:05:00-04:00,4.706200122833252,4.71999979019165,4.690000057220459,4.695000171661377,344854,0.0,0.0
2024-09-19 15:10:00-04:00,4.690000057220459,4.699999809265137,4.679999828338623,4.679999828338623,87522,0.0,0.0
2024-09-19 15:15:00-04:00,4.689899921417236,4.690000057220459,4.675000190734863,4.684999942779541,157052,0.0,0.0
2024-09-19 15:20:00-04:00,4.684999942779541,4.710000038146973,4.679999828338623,4.70989990234375,167378,0.0,0.0
2024-09-19 15:25:00-04:00,4.704999923706055,4.710000038146973,4.699999809265137,4.699999809265137,88762,0.0,0.0
2024-09-19 15:30:00-04:00,4.704999923706055,4.710000038146973,4.659999847412109,4.664999961853027,274042,0.0,0.0
2024-09-19 15:35:00-04:00,4.662899971008301,4.699999809265137,4.659999847412109,4.698800086975098,300287,0.0,0.0
2024-09-19 15:40:00-04:00,4.699999809265137,4.699999809265137,4.670000076293945,4.675000190734863,400831,0.0,0.0
2024-09-19 15:45:00-04:00,4.675000190734863,4.690000057220459,4.675000190734863,4.679999828338623,122007,0.0,0.0
2024-09-19 15:50:00-04:00,4.684999942779541,4.699999809265137,4.679999828338623,4.695000171661377,281361,0.0,0.0
2024-09-19 15:55:00-04:00,4.71999979019165,4.730000019073486,4.710000038146973,4.730000019073486,488611,0.0,0.0
2024-09-20 09:30:00-04:00,4.699999809265137,4.707499980926514,4.650000095367432,4.65500020980835,826205,0.0,0.0
2024-09-20 09:35:00-04:00,4.650000095367432,4.679999828338623,4.639999866485596,4.679999828338623,337451,0.0,0.0
2024-09-20 09:40:00-04:00,4.675000190734863,4.679999828338623,4.659999847412109,4.664999961853027,159520,0.0,0.0
2024-09-20 09:45:00-04:00,4.661300182342529,4.670000076293945,4.644999980926514,4.650000095367432,250291,0.0,0.0
2024-09-20 09:50:00-04:00,4.644999980926514,4.679999828338623,4.64300012588501,4.666999816894531,193281,0.0,0.0
2024-09-20 09:55:00-04:00,4.664999961853027,4.670000076293945,4.650000095367432,4.670000076293945,69155,0.0,0.0
2024-09-20 10:00:00-04:00,4.664999961853027,4.670000076293945,4.650000095367432,4.65500020980835,52773,0.0,0.0
2024-09-20 10:05:00-04:00,4.65880012512207,4.659999847412109,4.650000095367432,4.659999847412109,136024,0.0,0.0
2024-09-20 10:10:00-04:00,4.650000095367432,4.659999847412109,4.644999980926514,4.651800155639648,183153,0.0,0.0
2024-09-20 10:15:00-04:00,4.65500020980835,4.659999847412109,4.650000095367432,4.659900188446045,75531,0.0,0.0
2024-09-20 10:20:00-04:00,4.65880012512207,4.70989990234375,4.650000095367432,4.684999942779541,535110,0.0,0.0
2024-09-20 10:25:00-04:00,4.684999942779541,4.697400093078613,4.670000076293945,4.678999900817871,199127,0.0,0.0
2024-09-20 10:30:00-04:00,4.675000190734863,4.699999809265137,4.670000076293945,4.696000099182129,199989,0.0,0.0
2024-09-20 10:35:00-04:00,4.695000171661377,4.730000019073486,4.691500186920166,4.727130889892578,282072,0.0,0.0
2024-09-20 10:40:00-04:00,4.730000019073486,4.800000190734863,4.71999979019165,4.744999885559082,900091,0.0,0.0
2024-09-20 10:45:00-04:00,4.744999885559082,4.760000228881836,4.71999979019165,4.727399826049805,575911,0.0,0.0
2024-09-20 10:50:00-04:00,4.723599910736084,4.724999904632568,4.690000057220459,4.699900150299072,284813,0.0,0.0
2024-09-20 10:55:00-04:00,4.695000171661377,4.710000038146973,4.664000034332275,4.679999828338623,340684,0.0,0.0
2024-09-20 11:00:00-04:00,4.687600135803223,4.699999809265137,4.650000095367432,4.659900188446045,184373,0.0,0.0
2024-09-20 11:05:00-04:00,4.65500020980835,4.669000148773193,4.639999866485596,4.644999980926514,371477,0.0,0.0
2024-09-20 11:10:00-04:00,4.649899959564209,4.659900188446045,4.635000228881836,4.639999866485596,207383,0.0,0.0
2024-09-20 11:15:00-04:00,4.639999866485596,4.664999961853027,4.635000228881836,4.664999961853027,168933,0.0,0.0
2024-09-20 11:20:00-04:00,4.664999961853027,4.670000076293945,4.650000095367432,4.65500020980835,68233,0.0,0.0
2024-09-20 11:25:00-04:00,4.650000095367432,4.664999961853027,4.650000095367432,4.664999961853027,60208,0.0,0.0
2024-09-20 11:30:00-04:00,4.664999961853027,4.670000076293945,4.650000095367432,4.65500020980835,80224,0.0,0.0
2024-09-20 11:35:00-04:00,4.65500020980835,4.675000190734863,4.650000095367432,4.668799877166748,87400,0.0,0.0
2024-09-20 11:40:00-04:00,4.664999961853027,4.677000045776367,4.659999847412109,4.659999847412109,50049,0.0,0.0
2024-09-20 11:45:00-04:00,4.664999961853027,4.690000057220459,4.65500020980835,4.679999828338623,101562,0.0,0.0
2024-09-20 11:50:00-04:00,4.675000190734863,4.679999828338623,4.670000076293945,4.676400184631348,78755,0.0,0.0
2024-09-20 11:55:00-04:00,4.670000076293945,4.679999828338623,4.659999847412109,4.659999847412109,69467,0.0,0.0
2024-09-20 12:00:00-04:00,4.662399768829346,4.710000038146973,4.653500080108643,4.702099800109863,200195,0.0,0.0
2024-09-20 12:05:00-04:00,4.699999809265137,4.710000038146973,4.679999828338623,4.684999942779541,131321,0.0,0.0
2024-09-20 12:10:00-04:00,4.684999942779541,4.684999942779541,4.659999847412109,4.659999847412109,102717,0.0,0.0
2024-09-20 12:15:00-04:00,4.664999961853027,4.670000076293945,4.659999847412109,4.659999847412109,51472,0.0,0.0
2024-09-20 12:20:00-04:00,4.659999847412109,4.670000076293945,4.65500020980835,4.668000221252441,81755,0.0,0.0
2024-09-20 12:25:00-04:00,4.664999961853027,4.679699897766113,4.659999847412109,4.6768999099731445,70639,0.0,0.0
2024-09-20 12:30:00-04:00,4.675000190734863,4.679999828338623,4.659999847412109,4.664999961853027,29640,0.0,0.0
2024-09-20 12:35:00-04:00,4.664999961853027,4.690000057220459,4.659999847412109,4.679999828338623,146312,0.0,0.0
2024-09-20 12:40:00-04:00,4.675000190734863,4.679999828338623,4.659999847412109,4.659999847412109,28941,0.0,0.0
2024-09-20 12:45:00-04:00,4.666299819946289,4.669899940490723,4.659999847412109,4.659999847412109,25864,0.0,0.0
2024-09-20 12:50:00-04:00,4.659999847412109,4.6697001457214355,4.650000095367432,4.651899814605713,88968,0.0,0.0
2024-09-20 12:55:00-04:00,4.65500020980835,4.659999847412109,4.639999866485596,4.644999980926514,132150,0.0,0.0
2024-09-20 13:00:00-04:00,4.644999980926514,4.659999847412109,4.639999866485596,4.644999980926514,97724,0.0,0.0
2024-09-20 13:05:00-04:00,4.644999980926514,4.659999847412109,4.644999980926514,4.65500020980835,76153,0.0,0.0
2024-09-20 13:10:00-04:00,4.65500020980835,4.669300079345703,4.650000095367432,4.664999961853027,115117,0.0,0.0
2024-09-20 13:15:00-04:00,4.664999961853027,4.670000076293945,4.650000095367432,4.650000095367432,73230,0.0,0.0
2024-09-20 13:20:00-04:00,4.650000095367432,4.659999847412109,4.639999866485596,4.643899917602539,143443,0.0,0.0
2024-09-20 13:25:00-04:00,4.644999980926514,4.65500020980835,4.639999866485596,4.65500020980835,81112,0.0,0.0
2024-09-20 13:30:00-04:00,4.656700134277344,4.659999847412109,4.650000095367432,4.659999847412109,37334,0.0,0.0
2024-09-20 13:35:00-04:00,4.65500020980835,4.664999961853027,4.650000095367432,4.653800010681152,75499,0.0,0.0
2024-09-20 13:40:00-04:00,4.65500020980835,4.679999828338623,4.650000095367432,4.675000190734863,116831,0.0,0.0
2024-09-20 13:45:00-04:00,4.678500175476074,4.687099933624268,4.670000076293945,4.676599979400635,101077,0.0,0.0
2024-09-20 13:50:00-04:00,4.670000076293945,4.679999828338623,4.659999847412109,4.6605000495910645,88037,0.0,0.0
2024-09-20 13:55:00-04:00,4.664999961853027,4.669600009918213,4.650000095367432,4.650000095367432,76810,0.0,0.0
2024-09-20 14:00:00-04:00,4.65500020980835,4.670000076293945,4.650000095367432,4.667099952697754,72151,0.0,0.0
2024-09-20 14:05:00-04:00,4.664999961853027,4.690000057220459,4.664999961853027,4.690000057220459,136356,0.0,0.0
2024-09-20 14:10:00-04:00,4.684999942779541,4.690000057220459,4.670000076293945,4.670000076293945,87111,0.0,0.0
2024-09-20 14:15:00-04:00,4.670000076293945,4.679999828338623,4.659999847412109,4.664999961853027,62641,0.0,0.0
2024-09-20 14:20:00-04:00,4.664999961853027,4.670000076293945,4.659999847412109,4.664999961853027,49897,0.0,0.0
2024-09-20 14:25:00-04:00,4.659999847412109,4.670000076293945,4.650000095367432,4.657199859619141,93455,0.0,0.0
2024-09-20 14:30:00-04:00,4.656000137329102,4.675000190734863,4.650000095367432,4.659999847412109,175322,0.0,0.0
2024-09-20 14:35:00-04:00,4.666200160980225,4.670000076293945,4.650000095367432,4.670000076293945,96143,0.0,0.0
2024-09-20 14:40:00-04:00,4.664999961853027,4.670000076293945,4.659999847412109,4.664999961853027,73659,0.0,0.0
2024-09-20 14:45:00-04:00,4.664999961853027,4.679999828338623,4.659999847412109,4.675000190734863,68189,0.0,0.0
2024-09-20 14:50:00-04:00,4.675000190734863,4.690000057220459,4.659999847412109,4.690000057220459,142336,0.0,0.0
2024-09-20 14:55:00-04:00,4.684999942779541,4.689899921417236,4.679999828338623,4.679999828338623,95018,0.0,0.0
2024-09-20 15:00:00-04:00,4.675000190734863,4.677999973297119,4.659999847412109,4.659999847412109,72115,0.0,0.0
2024-09-20 15:05:00-04:00,4.664999961853027,4.689899921417236,4.659999847412109,4.679999828338623,102505,0.0,0.0
2024-09-20 15:10:00-04:00,4.684999942779541,4.7067999839782715,4.679999828338623,4.7067999839782715,234569,0.0,0.0
2024-09-20 15:15:00-04:00,4.699999809265137,4.710000038146973,4.679999828338623,4.679999828338623,111262,0.0,0.0
2024-09-20 15:20:00-04:00,4.679999828338623,4.699999809265137,4.679999828338623,4.679999828338623,103341,0.0,0.0
2024-09-20 15:25:00-04:00,4.679999828338623,4.704999923706055,4.679999828338623,4.703700065612793,89030,0.0,0.0
2024-09-20 15:30:00-04:00,4.704999923706055,4.710000038146973,4.679999828338623,4.684999942779541,122534,0.0,0.0
2024-09-20 15:35:00-04:00,4.684999942779541,4.760000228881836,4.684999942779541,4.760000228881836,481131,0.0,0.0
2024-09-20 15:40:00-04:00,4.755000114440918,4.760000228881836,4.724999904632568,4.736499786376953,287023,0.0,0.0
2024-09-20 15:45:00-04:00,4.735000133514404,4.769999980926514,4.730000019073486,4.755000114440918,328615,0.0,0.0
2024-09-20 15:50:00-04:00,4.760000228881836,4.769999980926514,4.75,4.766499996185303,489419,0.0,0.0
2024-09-20 15:55:00-04:00,4.764999866485596,4.804999828338623,4.75,4.760000228881836,1621647,0.0,0.0
2024-09-23 09:30:00-04:00,4.71999979019165,4.71999979019165,4.565000057220459,4.5808000564575195,883010,0.0,0.0
2024-09-23 09:35:00-04:00,4.584099769592285,4.619999885559082,4.579999923706055,4.614999771118164,351392,0.0,0.0
2024-09-23 09:40:00-04:00,4.614999771118164,4.647299766540527,4.610000133514404,4.635000228881836,193342,0.0,0.0
2024-09-23 09:45:00-04:00,4.635000228881836,4.670000076293945,4.635000228881836,4.664999961853027,259549,0.0,0.0
2024-09-23 09:50:00-04:00,4.669899940490723,4.670000076293945,4.605000019073486,4.636000156402588,255335,0.0,0.0
2024-09-23 09:55:00-04:00,4.637700080871582,4.639999866485596,4.610000133514404,4.619999885559082,168101,0.0,0.0
2024-09-23 10:00:00-04:00,4.630000114440918,4.659999847412109,4.619999885559082,4.659999847412109,233793,0.0,0.0
2024-09-23 10:05:00-04:00,4.656000137329102,4.679999828338623,4.650000095367432,4.666500091552734,194529,0.0,0.0
2024-09-23 10:10:00-04:00,4.664999961853027,4.679999828338623,4.650000095367432,4.650000095367432,113517,0.0,0.0
2024-09-23 10:15:00-04:00,4.65500020980835,4.670000076293945,4.635000228881836,4.644999980926514,227788,0.0,0.0
2024-09-23 10:20:00-04:00,4.644999980926514,4.650000095367432,4.619999885559082,4.625,215353,0.0,0.0
2024-09-23 10:25:00-04:00,4.625,4.659999847412109,4.619999885559082,4.65500020980835,161448,0.0,0.0
2024-09-23 10:30:00-04:00,4.659999847412109,4.670000076293945,4.650000095367432,4.660099983215332,169594,0.0,0.0
2024-09-23 10:35:00-04:00,4.666900157928467,4.670000076293945,4.650000095367432,4.65500020980835,134630,0.0,0.0
2024-09-23 10:40:00-04:00,4.659299850463867,4.659999847412109,4.630000114440918,4.650000095367432,141009,0.0,0.0
2024-09-23 10:45:00-04:00,4.644999980926514,4.650000095367432,4.630000114440918,4.639999866485596,199818,0.0,0.0
2024-09-23 10:50:00-04:00,4.646200180053711,4.650000095367432,4.630000114440918,4.644999980926514,56910,0.0,0.0
2024-09-23 10:55:00-04:00,4.630000114440918,4.650000095367432,4.630000114440918,4.630000114440918,146333,0.0,0.0
2024-09-23 11:00:00-04:00,4.639900207519531,4.639999866485596,4.619999885559082,4.625,214335,0.0,0.0
2024-09-23 11:05:00-04:00,4.625,4.639999866485596,4.619999885559082,4.639999866485596,85225,0.0,0.0
2024-09-23 11:10:00-04:00,4.635000228881836,4.679999828338623,4.635000228881836,4.640999794006348,229496,0.0,0.0
2024-09-23 11:15:00-04:00,4.639999866485596,4.646200180053711,4.619999885559082,4.635000228881836,98726,0.0,0.0
2024-09-23 11:20:00-04:00,4.63129997253418,4.659999847412109,4.630000114440918,4.656000137329102,104994,0.0,0.0
2024-09-23 11:25:00-04:00,4.65880012512207,4.659999847412109,4.650000095367432,4.659999847412109,95406,0.0,0.0
2024-09-23 11:30:00-04:00,4.658299922943115,4.659999847412109,4.630000114440918,4.639900207519531,108523,0.0,0.0
2024-09-23 11:35:00-04:00,4.632800102233887,4.639999866485596,4.630000114440918,4.635000228881836,51850,0.0,0.0
2024-09-23 11:40:00-04:00,4.635000228881836,4.639999866485596,4.630000114440918,4.633299827575684,64544,0.0,0.0
2024-09-23 11:45:00-04:00,4.639900207519531,4.650000095367432,4.630000114440918,4.644999980926514,67929,0.0,0.0
2024-09-23 11:50:00-04:00,4.639999866485596,4.649899959564209,4.630000114440918,4.635000228881836,37680,0.0,0.0
2024-09-23 11:55:00-04:00,4.635000228881836,4.650000095367432,4.630000114440918,4.644999980926514,119683,0.0,0.0
2024-09-23 12:00:00-04:00,4.650000095367432,4.650000095367432,4.630000114440918,4.6407999992370605,156246,0.0,0.0
2024-09-23 12:05:00-04:00,4.646599769592285,4.670000076293945,4.630000114440918,4.664999961853027,168606,0.0,0.0
2024-09-23 12:10:00-04:00,4.664999961853027,4.670000076293945,4.659999847412109,4.670000076293945,69188,0.0,0.0
2024-09-23 12:15:00-04:00,4.66480016708374,4.690000057220459,4.650000095367432,4.65880012512207,290556,0.0,0.0
2024-09-23 12:20:00-04:00,4.650100231170654,4.656599998474121,4.639999866485596,4.647299766540527,48940,0.0,0.0
2024-09-23 12:25:00-04:00,4.648099899291992,4.650000095367432,4.639999866485596,4.644999980926514,48651,0.0,0.0
2024-09-23 12:30:00-04:00,4.650000095367432,4.670000076293945,4.639999866485596,4.670000076293945,66347,0.0,0.0
2024-09-23 12:35:00-04:00,4.669899940490723,4.679999828338623,4.650000095367432,4.650000095367432,121159,0.0,0.0
2024-09-23 12:40:00-04:00,4.650100231170654,4.659999847412109,4.639999866485596,4.644999980926514,107164,0.0,0.0
2024-09-23 12:45:00-04:00,4.647900104522705,4.650000095367432,4.639999866485596,4.650000095367432,52598,0.0,0.0
2024-09-23 12:50:00-04:00,4.650000095367432,4.659999847412109,4.650000095367432,4.659999847412109,44082,0.0,0.0
2024-09-23 12:55:00-04:00,4.65500020980835,4.659999847412109,4.650000095367432,4.659999847412109,28536,0.0,0.0
2024-09-23 13:00:00-04:00,4.65500020980835,4.659999847412109,4.650000095367432,4.650000095367432,31983,0.0,0.0
2024-09-23 13:05:00-04:00,4.65500020980835,4.670000076293945,4.650000095367432,4.664999961853027,119476,0.0,0.0
2024-09-23 13:10:00-04:00,4.670000076293945,4.670000076293945,4.659999847412109,4.659999847412109,56483,0.0,0.0
2024-09-23 13:15:00-04:00,4.659999847412109,4.659999847412109,4.650000095367432,4.650199890136719,43384,0.0,0.0
2024-09-23 13:20:00-04:00,4.656300067901611,4.659900188446045,4.650000095367432,4.6545000076293945,24617,0.0,0.0
2024-09-23 13:25:00-04:00,4.650000095367432,4.659999847412109,4.650000095367432,4.65500020980835,39107,0.0,0.0
2024-09-23 13:30:00-04:00,4.656899929046631,4.699999809265137,4.650000095367432,4.690000057220459,267329,0.0,0.0
2024-09-23 13:35:00-04:00,4.68720006942749,4.690000057220459,4.679999828338623,4.684999942779541,66106,0.0,0.0
2024-09-23 13:40:00-04:00,4.679999828338623,4.690000057220459,4.659999847412109,4.659999847412109,46955,0.0,0.0
2024-09-23 13:45:00-04:00,4.660099983215332,4.670000076293945,4.659999847412109,4.669899940490723,89792,0.0,0.0
2024-09-23 13:50:00-04:00,4.670000076293945,4.695000171661377,4.659999847412109,4.684999942779541,140836,0.0,0.0
2024-09-23 13:55:00-04:00,4.690000057220459,4.699999809265137,4.690000057220459,4.699999809265137,82754,0.0,0.0
2024-09-23 14:00:00-04:00,4.697999954223633,4.710000038146973,4.670000076293945,4.675000190734863,144068,0.0,0.0
2024-09-23 14:05:00-04:00,4.670000076293945,4.679999828338623,4.659999847412109,4.664999961853027,61126,0.0,0.0
2024-09-23 14:10:00-04:00,4.664999961853027,4.690000057220459,4.664999961853027,4.684999942779541,61039,0.0,0.0
2024-09-23 14:15:00-04:00,4.684999942779541,4.699999809265137,4.679999828338623,4.695000171661377,43056,0.0,0.0
2024-09-23 14:20:00-04:00,4.690000057220459,4.690000057220459,4.670000076293945,4.670000076293945,78673,0.0,0.0
2024-09-23 14:25:00-04:00,4.670000076293945,4.690000057220459,4.659999847412109,4.684999942779541,75066,0.0,0.0
2024-09-23 14:30:00-04:00,4.679999828338623,4.684999942779541,4.670000076293945,4.670000076293945,39095,0.0,0.0
2024-09-23 14:35:00-04:00,4.675000190734863,4.690000057220459,4.670000076293945,4.679999828338623,52512,0.0,0.0
2024-09-23 14:40:00-04:00,4.679999828338623,4.690000057220459,4.670000076293945,4.679999828338623,57149,0.0,0.0
2024-09-23 14:45:00-04:00,4.684999942779541,4.689700126647949,4.670000076293945,4.670000076293945,50238,0.0,0.0
2024-09-23 14:50:00-04:00,4.670000076293945,4.679900169372559,4.670000076293945,4.675000190734863,38710,0.0,0.0
2024-09-23 14:55:00-04:00,4.679999828338623,4.690000057220459,4.670000076293945,4.670000076293945,69833,0.0,0.0
2024-09-23 15:00:00-04:00,4.674699783325195,4.679900169372559,4.670000076293945,4.670000076293945,50305,0.0,0.0
2024-09-23 15:05:00-04:00,4.670000076293945,4.678899765014648,4.659999847412109,4.669099807739258,56935,0.0,0.0
2024-09-23 15:10:00-04:00,4.664999961853027,4.679999828338623,4.659999847412109,4.675000190734863,88201,0.0,0.0
2024-09-23 15:15:00-04:00,4.675000190734863,4.679999828338623,4.670000076293945,4.675000190734863,52604,0.0,0.0
2024-09-23 15:20:00-04:00,4.675000190734863,4.690000057220459,4.670000076293945,4.684999942779541,84453,0.0,0.0
2024-09-23 15:25:00-04:00,4.684999942779541,4.690000057220459,4.670000076293945,4.670000076293945,96011,0.0,0.0
2024-09-23 15:30:00-04:00,4.675000190734863,4.690000057220459,4.659999847412109,4.679999828338623,159820,0.0,0.0
2024-09-23 15:35:00-04:00,4.675000190734863,4.679999828338623,4.670000076293945,4.670000076293945,55942,0.0,0.0
2024-09-23 15:40:00-04:00,4.675000190734863,4.675000190734863,4.650000095367432,4.650000095367432,104888,0.0,0.0
2024-09-23 15:45:00-04:00,4.65500020980835,4.659999847412109,4.650000095367432,4.653200149536133,128643,0.0,0.0
2024-09-23 15:50:00-04:00,4.65500020980835,4.670000076293945,4.650000095367432,4.659900188446045,207377,0.0,0.0
2024-09-23 15:55:00-04:00,4.650000095367432,4.670000076293945,4.632599830627441,4.670000076293945,621022,0.0,0.0
2024-09-24 09:30:00-04:00,4.699999809265137,4.699999809265137,4.630000114440918,4.670100212097168,643748,0.0,0.0
2024-09-24 09:35:00-04:00,4.675000190734863,4.679999828338623,4.650100231170654,4.6666998863220215,114550,0.0,0.0
2024-09-24 09:40:00-04:00,4.659999847412109,4.675000190734863,4.650000095367432,4.675000190734863,190266,0.0,0.0
2024-09-24 09:45:00-04:00,4.675000190734863,4.678699970245361,4.650000095367432,4.650000095367432,118893,0.0,0.0
2024-09-24 09:50:00-04:00,4.650000095367432,4.679999828338623,4.650000095367432,4.651199817657471,77775,0.0,0.0
2024-09-24 09:55:00-04:00,4.659999847412109,4.670000076293945,4.650000095367432,4.666600227355957,125231,0.0,0.0
2024-09-24 10:00:00-04:00,4.664999961853027,4.670000076293945,4.639999866485596,4.639999866485596,180624,0.0,0.0
2024-09-24 10:05:00-04:00,4.639999866485596,4.650000095367432,4.619999885559082,4.639900207519531,200900,0.0,0.0
2024-09-24 10:10:00-04:00,4.637400150299072,4.650000095367432,4.630099773406982,4.635000228881836,67629,0.0,0.0
2024-09-24 10:15:00-04:00,4.635000228881836,4.639999866485596,4.630000114440918,4.630000114440918,94742,0.0,0.0
2024-09-24 10:20:00-04:00,4.630099773406982,4.639999866485596,4.630000114440918,4.639999866485596,81572,0.0,0.0
2024-09-24 10:25:00-04:00,4.635000228881836,4.639999866485596,4.619999885559082,4.619999885559082,88161,0.0,0.0
2024-09-24 10:30:00-04:00,4.625,4.630000114440918,4.610000133514404,4.616700172424316,182589,0.0,0.0
2024-09-24 10:35:00-04:00,4.614999771118164,4.619999885559082,4.599999904632568,4.610000133514404,138868,0.0,0.0
2024-09-24 10:40:00-04:00,4.603000164031982,4.610000133514404,4.599999904632568,4.605000019073486,127321,0.0,0.0
2024-09-24 10:45:00-04:00,4.599999904632568,4.619999885559082,4.599999904632568,4.614999771118164,108319,0.0,0.0
2024-09-24 10:50:00-04:00,4.614999771118164,4.619999885559082,4.610000133514404,4.610000133514404,100686,0.0,0.0
2024-09-24 10:55:00-04:00,4.610000133514404,4.619999885559082,4.610000133514404,4.619999885559082,49584,0.0,0.0
2024-09-24 11:00:00-04:00,4.617099761962891,4.619999885559082,4.599999904632568,4.617700099945068,102514,0.0,0.0
2024-09-24 11:05:00-04:00,4.614999771118164,4.619999885559082,4.599999904632568,4.599999904632568,60337,0.0,0.0
2024-09-24 11:10:00-04:00,4.605000019073486,4.610000133514404,4.599999904632568,4.610000133514404,54276,0.0,0.0
2024-09-24 11:15:00-04:00,4.609399795532227,4.609899997711182,4.590000152587891,4.590000152587891,214648,0.0,0.0
2024-09-24 11:20:00-04:00,4.59499979019165,4.599999904632568,4.570000171661377,4.579999923706055,187706,0.0,0.0
2024-09-24 11:25:00-04:00,4.585000038146973,4.590000152587891,4.579999923706055,4.585000038146973,129138,0.0,0.0
2024-09-24 11:30:00-04:00,4.585000038146973,4.599999904632568,4.579999923706055,4.59499979019165,166378,0.0,0.0
2024-09-24 11:35:00-04:00,4.5995001792907715,4.599999904632568,4.590000152587891,4.590000152587891,76440,0.0,0.0
2024-09-24 11:40:00-04:00,4.59499979019165,4.599999904632568,4.579999923706055,4.599899768829346,154705,0.0,0.0
2024-09-24 11:45:00-04:00,4.59499979019165,4.599999904632568,4.579999923706055,4.585000038146973,68791,0.0,0.0
2024-09-24 11:50:00-04:00,4.585000038146973,4.599999904632568,4.579999923706055,4.59499979019165,62872,0.0,0.0
2024-09-24 11:55:00-04:00,4.590099811553955,4.599999904632568,4.585000038146973,4.585000038146973,50349,0.0,0.0
2024-09-24 12:00:00-04:00,4.585000038146973,4.590000152587891,4.579999923706055,4.579999923706055,40234,0.0,0.0
2024-09-24 12:05:00-04:00,4.589900016784668,4.590000152587891,4.579999923706055,4.585000038146973,58016,0.0,0.0
2024-09-24 12:10:00-04:00,4.5868000984191895,4.599999904632568,4.579999923706055,4.585000038146973,87284,0.0,0.0
2024-09-24 12:15:00-04:00,4.590000152587891,4.590000152587891,4.579999923706055,4.585000038146973,58588,0.0,0.0
2024-09-24 12:20:00-04:00,4.585000038146973,4.599999904632568,4.583799839019775,4.590000152587891,65461,0.0,0.0
2024-09-24 12:25:00-04:00,4.590000152587891,4.598800182342529,4.579999923706055,4.579999923706055,42778,0.0,0.0
2024-09-24 12:30:00-04:00,4.583499908447266,4.599999904632568,4.579999923706055,4.59499979019165,55212,0.0,0.0
2024-09-24 12:35:00-04:00,4.59499979019165,4.599999904632568,4.590000152587891,4.599999904632568,44909,0.0,0.0
2024-09-24 12:40:00-04:00,4.599999904632568,4.609899997711182,4.599999904632568,4.599999904632568,89767,0.0,0.0
2024-09-24 12:45:00-04:00,4.605000019073486,4.610000133514404,4.590000152587891,4.59499979019165,44657,0.0,0.0
2024-09-24 12:50:00-04:00,4.592599868774414,4.610000133514404,4.592599868774414,4.599999904632568,110967,0.0,0.0
2024-09-24 12:55:00-04:00,4.599999904632568,4.610000133514404,4.590000152587891,4.605000019073486,94000,0.0,0.0
2024-09-24 13:00:00-04:00,4.609899997711182,4.609899997711182,4.599999904632568,4.599999904632568,33896,0.0,0.0
2024-09-24 13:05:00-04:00,4.599999904632568,4.619999885559082,4.590000152587891,4.610000133514404,164587,0.0,0.0
2024-09-24 13:10:00-04:00,4.611800193786621,4.619999885559082,4.610000133514404,4.614999771118164,88032,0.0,0.0
2024-09-24 13:15:00-04:00,4.618800163269043,4.630000114440918,4.610000133514404,4.619999885559082,70620,0.0,0.0
2024-09-24 13:20:00-04:00,4.619999885559082,4.630000114440918,4.612800121307373,4.619999885559082,76316,0.0,0.0
2024-09-24 13:25:00-04:00,4.625,4.630000114440918,4.610000133514404,4.617400169372559,129181,0.0,0.0
2024-09-24 13:30:00-04:00,4.614999771118164,4.619999885559082,4.610000133514404,4.610000133514404,55574,0.0,0.0
2024-09-24 13:35:00-04:00,4.614999771118164,4.619900226593018,4.610000133514404,4.614999771118164,71904,0.0,0.0
2024-09-24 13:40:00-04:00,4.614999771118164,4.619999885559082,4.599999904632568,4.599999904632568,58372,0.0,0.0
2024-09-24 13:45:00-04:00,4.599999904632568,4.610000133514404,4.599999904632568,4.599999904632568,56081,0.0,0.0
2024-09-24 13:50:00-04:00,4.599999904632568,4.610000133514404,4.599999904632568,4.599999904632568,51423,0.0,0.0
2024-09-24 13:55:00-04:00,4.599999904632568,4.619999885559082,4.599999904632568,4.614999771118164,95632,0.0,0.0
2024-09-24 14:00:00-04:00,4.612400054931641,4.616300106048584,4.599999904632568,4.605000019073486,32091,0.0,0.0
2024-09-24 14:05:00-04:00,4.605000019073486,4.610000133514404,4.599999904632568,4.599999904632568,47855,0.0,0.0
2024-09-24 14:10:00-04:00,4.599999904632568,4.610000133514404,4.590000152587891,4.590099811553955,94571,0.0,0.0
2024-09-24 14:15:00-04:00,4.59499979019165,4.599999904632568,4.590000152587891,4.59499979019165,55030,0.0,0.0
2024-09-24 14:20:00-04:00,4.590000152587891,4.599999904632568,4.590000152587891,4.59499979019165,44280,0.0,0.0
2024-09-24 14:25:00-04:00,4.590000152587891,4.599999904632568,4.590000152587891,4.590000152587891,85090,0.0,0.0
2024-09-24 14:30:00-04:00,4.5970001220703125,4.599999904632568,4.579999923706055,4.590000152587891,149926,0.0,0.0
2024-09-24 14:35:00-04:00,4.590000152587891,4.599999904632568,4.579999923706055,4.579999923706055,53425,0.0,0.0
2024-09-24 14:40:00-04:00,4.5879998207092285,4.590000152587891,4.579999923706055,4.579999923706055,45295,0.0,0.0
2024-09-24 14:45:00-04:00,4.579999923706055,4.590000152587891,4.579999923706055,4.585000038146973,57734,0.0,0.0
2024-09-24 14:50:00-04:00,4.585000038146973,4.590000152587891,4.579999923706055,4.579999923706055,77491,0.0,0.0
2024-09-24 14:55:00-04:00,4.586599826812744,4.586599826812744,4.539999961853027,4.5472002029418945,482761,0.0,0.0
2024-09-24 15:00:00-04:00,4.545000076293945,4.559999942779541,4.539999961853027,4.554999828338623,172720,0.0,0.0
2024-09-24 15:05:00-04:00,4.5578999519348145,4.559999942779541,4.539999961853027,4.539999961853027,127137,0.0,0.0
2024-09-24 15:10:00-04:00,4.539999961853027,4.549900054931641,4.53000020980835,4.53000020980835,186559,0.0,0.0
2024-09-24 15:15:00-04:00,4.533999919891357,4.539999961853027,4.53000020980835,4.534999847412109,56492,0.0,0.0
2024-09-24 15:20:00-04:00,4.539999961853027,4.539999961853027,4.53000020980835,4.53000020980835,166540,0.0,0.0
2024-09-24 15:25:00-04:00,4.534999847412109,4.539999961853027,4.53000020980835,4.53000020980835,87706,0.0,0.0
2024-09-24 15:30:00-04:00,4.53000020980835,4.539999961853027,4.510000228881836,4.510000228881836,240258,0.0,0.0
2024-09-24 15:35:00-04:00,4.517399787902832,4.53000020980835,4.510000228881836,4.519999980926514,357731,0.0,0.0
2024-09-24 15:40:00-04:00,4.519999980926514,4.519999980926514,4.510000228881836,4.510000228881836,137093,0.0,0.0
2024-09-24 15:45:00-04:00,4.510000228881836,4.519999980926514,4.510000228881836,4.514999866485596,158601,0.0,0.0
2024-09-24 15:50:00-04:00,4.514999866485596,4.539999961853027,4.510000228881836,4.53000020980835,539142,0.0,0.0
2024-09-24 15:55:00-04:00,4.53000020980835,4.539999961853027,4.510000228881836,4.53000020980835,1073868,0.0,0.0
2024-09-25 09:30:00-04:00,4.510000228881836,4.519999980926514,4.369999885559082,4.445000171661377,1315308,0.0,0.0
2024-09-25 09:35:00-04:00,4.447999954223633,4.5,4.434999942779541,4.445000171661377,650349,0.0,0.0
2024-09-25 09:40:00-04:00,4.446199893951416,4.460000038146973,4.429999828338623,4.453400135040283,206531,0.0,0.0
2024-09-25 09:45:00-04:00,4.452600002288818,4.485000133514404,4.449999809265137,4.465000152587891,206307,0.0,0.0
2024-09-25 09:50:00-04:00,4.465000152587891,4.485000133514404,4.449999809265137,4.474999904632568,169032,0.0,0.0
2024-09-25 09:55:00-04:00,4.474999904632568,4.499899864196777,4.46999979019165,4.485000133514404,286287,0.0,0.0
2024-09-25 10:00:00-04:00,4.480000019073486,4.5,4.460000038146973,4.462900161743164,191163,0.0,0.0
2024-09-25 10:05:00-04:00,4.460000038146973,4.46999979019165,4.449999809265137,4.449999809265137,186547,0.0,0.0
2024-09-25 10:10:00-04:00,4.458700180053711,4.469900131225586,4.429999828338623,4.465700149536133,184076,0.0,0.0
2024-09-25 10:15:00-04:00,4.467100143432617,4.46999979019165,4.429999828338623,4.429999828338623,151058,0.0,0.0
2024-09-25 10:20:00-04:00,4.436399936676025,4.46999979019165,4.422299861907959,4.460000038146973,144514,0.0,0.0
2024-09-25 10:25:00-04:00,4.460000038146973,4.460000038146973,4.429999828338623,4.449999809265137,140184,0.0,0.0
2024-09-25 10:30:00-04:00,4.449999809265137,4.466300010681152,4.449999809265137,4.465000152587891,85908,0.0,0.0
2024-09-25 10:35:00-04:00,4.461900234222412,4.465000152587891,4.440000057220459,4.440000057220459,101877,0.0,0.0
2024-09-25 10:40:00-04:00,4.445000171661377,4.449999809265137,4.440000057220459,4.440000057220459,107347,0.0,0.0
2024-09-25 10:45:00-04:00,4.445000171661377,4.449999809265137,4.429999828338623,4.434999942779541,160223,0.0,0.0
2024-09-25 10:50:00-04:00,4.429999828338623,4.440000057220459,4.420000076293945,4.420100212097168,151913,0.0,0.0
2024-09-25 10:55:00-04:00,4.426199913024902,4.449999809265137,4.420000076293945,4.439899921417236,136356,0.0,0.0
2024-09-25 11:00:00-04:00,4.429999828338623,4.439899921417236,4.420000076293945,4.425000190734863,124937,0.0,0.0
2024-09-25 11:05:00-04:00,4.425000190734863,4.449999809265137,4.420000076293945,4.449900150299072,153289,0.0,0.0
2024-09-25 11:10:00-04:00,4.440000057220459,4.440000057220459,4.429999828338623,4.429999828338623,65098,0.0,0.0
2024-09-25 11:15:00-04:00,4.434000015258789,4.449999809265137,4.429999828338623,4.429999828338623,154075,0.0,0.0
2024-09-25 11:20:00-04:00,4.429999828338623,4.440000057220459,4.420000076293945,4.434999942779541,115943,0.0,0.0
2024-09-25 11:25:00-04:00,4.433000087738037,4.440000057220459,4.429999828338623,4.436200141906738,96770,0.0,0.0
2024-09-25 11:30:00-04:00,4.429999828338623,4.440000057220459,4.420000076293945,4.420000076293945,74220,0.0,0.0
2024-09-25 11:35:00-04:00,4.422100067138672,4.429999828338623,4.420000076293945,4.420000076293945,105801,0.0,0.0
2024-09-25 11:40:00-04:00,4.420000076293945,4.429999828338623,4.420000076293945,4.420000076293945,73473,0.0,0.0
2024-09-25 11:45:00-04:00,4.42579984664917,4.429999828338623,4.409999847412109,4.414999961853027,128159,0.0,0.0
2024-09-25 11:50:00-04:00,4.416399955749512,4.420000076293945,4.409999847412109,4.409999847412109,57043,0.0,0.0
2024-09-25 11:55:00-04:00,4.414999961853027,4.414999961853027,4.400000095367432,4.409999847412109,167011,0.0,0.0
2024-09-25 12:00:00-04:00,4.40500020980835,4.420000076293945,4.400000095367432,4.410999774932861,138683,0.0,0.0
2024-09-25 12:05:00-04:00,4.416500091552734,4.420000076293945,4.409999847412109,4.416200160980225,59031,0.0,0.0
2024-09-25 12:10:00-04:00,4.409999847412109,4.420000076293945,4.409999847412109,4.409999847412109,52055,0.0,0.0
2024-09-25 12:15:00-04:00,4.409999847412109,4.420000076293945,4.400000095367432,4.400000095367432,103823,0.0,0.0
2024-09-25 12:20:00-04:00,4.400000095367432,4.409999847412109,4.400000095367432,4.400000095367432,99548,0.0,0.0
2024-09-25 12:25:00-04:00,4.406199932098389,4.419899940490723,4.400000095367432,4.409999847412109,179243,0.0,0.0
2024-09-25 12:30:00-04:00,4.416600227355957,4.416600227355957,4.400000095367432,4.400000095367432,73731,0.0,0.0
2024-09-25 12:35:00-04:00,4.400000095367432,4.409999847412109,4.400000095367432,4.400000095367432,64123,0.0,0.0
2024-09-25 12:40:00-04:00,4.400000095367432,4.409999847412109,4.400000095367432,4.400000095367432,51611,0.0,0.0
2024-09-25 12:45:00-04:00,4.400000095367432,4.409999847412109,4.400000095367432,4.400000095367432,50848,0.0,0.0
2024-09-25 12:50:00-04:00,4.400000095367432,4.420000076293945,4.400000095367432,4.409999847412109,209744,0.0,0.0
2024-09-25 12:55:00-04:00,4.409999847412109,4.419899940490723,4.389999866485596,4.389999866485596,173413,0.0,0.0
2024-09-25 13:00:00-04:00,4.396900177001953,4.398799896240234,4.380000114440918,4.388199806213379,94916,0.0,0.0
2024-09-25 13:05:00-04:00,4.389900207519531,4.389999866485596,4.380000114440918,4.386499881744385,33577,0.0,0.0
2024-09-25 13:10:00-04:00,4.388999938964844,4.400000095367432,4.380000114440918,4.396599769592285,97298,0.0,0.0
2024-09-25 13:15:00-04:00,4.396500110626221,4.400000095367432,4.380000114440918,4.380000114440918,110664,0.0,0.0
2024-09-25 13:20:00-04:00,4.380000114440918,4.389999866485596,4.380000114440918,4.380000114440918,95949,0.0,0.0
2024-09-25 13:25:00-04:00,4.385000228881836,4.389999866485596,4.380000114440918,4.380000114440918,59892,0.0,0.0
2024-09-25 13:30:00-04:00,4.380000114440918,4.389999866485596,4.369999885559082,4.375,140098,0.0,0.0
2024-09-25 13:35:00-04:00,4.373799800872803,4.389999866485596,4.369999885559082,4.380000114440918,192226,0.0,0.0
2024-09-25 13:40:00-04:00,4.386199951171875,4.386199951171875,4.369999885559082,4.369999885559082,141047,0.0,0.0
2024-09-25 13:45:00-04:00,4.369999885559082,4.380000114440918,4.369999885559082,4.379899978637695,87408,0.0,0.0
2024-09-25 13:50:00-04:00,4.369999885559082,4.389999866485596,4.369999885559082,4.385000228881836,108804,0.0,0.0
2024-09-25 13:55:00-04:00,4.385000228881836,4.389999866485596,4.380000114440918,4.380000114440918,41803,0.0,0.0
2024-09-25 14:00:00-04:00,4.380000114440918,4.381999969482422,4.360000133514404,4.360000133514404,230508,0.0,0.0
2024-09-25 14:05:00-04:00,4.366199970245361,4.369999885559082,4.360000133514404,4.360000133514404,81247,0.0,0.0
2024-09-25 14:10:00-04:00,4.364999771118164,4.389999866485596,4.360000133514404,4.385000228881836,151210,0.0,0.0
2024-09-25 14:15:00-04:00,4.386199951171875,4.389999866485596,4.380000114440918,4.389999866485596,65764,0.0,0.0
2024-09-25 14:20:00-04:00,4.385000228881836,4.389999866485596,4.380000114440918,4.380000114440918,41724,0.0,0.0
2024-09-25 14:25:00-04:00,4.386199951171875,4.389999866485596,4.380000114440918,4.385000228881836,44608,0.0,0.0
2024-09-25 14:30:00-04:00,4.380000114440918,4.389999866485596,4.380000114440918,4.386199951171875,71605,0.0,0.0
2024-09-25 14:35:00-04:00,4.383800029754639,4.400000095367432,4.380000114440918,4.394999980926514,103987,0.0,0.0
2024-09-25 14:40:00-04:00,4.398799896240234,4.400000095367432,4.380000114440918,4.380000114440918,61169,0.0,0.0
2024-09-25 14:45:00-04:00,4.385000228881836,4.389999866485596,4.380000114440918,4.385000228881836,53638,0.0,0.0
2024-09-25 14:50:00-04:00,4.380000114440918,4.394999980926514,4.380000114440918,4.394999980926514,116143,0.0,0.0
2024-09-25 14:55:00-04:00,4.394999980926514,4.400000095367432,4.380000114440918,4.380000114440918,85186,0.0,0.0
2024-09-25 15:00:00-04:00,4.380000114440918,4.389999866485596,4.380000114440918,4.385000228881836,56173,0.0,0.0
2024-09-25 15:05:00-04:00,4.385000228881836,4.389999866485596,4.380000114440918,4.389999866485596,108514,0.0,0.0
2024-09-25 15:10:00-04:00,4.385000228881836,4.400000095367432,4.380000114440918,4.389999866485596,104797,0.0,0.0
2024-09-25 15:15:00-04:00,4.389999866485596,4.399899959564209,4.380000114440918,4.380000114440918,112248,0.0,0.0
2024-09-25 15:20:00-04:00,4.380000114440918,4.389999866485596,4.380000114440918,4.380000114440918,57986,0.0,0.0
2024-09-25 15:25:00-04:00,4.385000228881836,4.389999866485596,4.380000114440918,4.380000114440918,94139,0.0,0.0
2024-09-25 15:30:00-04:00,4.385000228881836,4.389999866485596,4.369999885559082,4.369999885559082,121823,0.0,0.0
2024-09-25 15:35:00-04:00,4.375,4.389999866485596,4.360000133514404,4.380000114440918,348897,0.0,0.0
2024-09-25 15:40:00-04:00,4.385000228881836,4.389999866485596,4.369999885559082,4.369999885559082,114870,0.0,0.0
2024-09-25 15:45:00-04:00,4.369999885559082,4.400000095367432,4.369999885559082,4.394999980926514,174885,0.0,0.0
2024-09-25 15:50:00-04:00,4.394999980926514,4.400000095367432,4.389999866485596,4.394999980926514,212940,0.0,0.0
2024-09-25 15:55:00-04:00,4.394999980926514,4.400000095367432,4.360000133514404,4.389999866485596,921455,0.0,0.0
2024-09-26 09:30:00-04:00,4.449999809265137,4.460000038146973,4.389999866485596,4.406000137329102,885385,0.0,0.0
2024-09-26 09:35:00-04:00,4.409999847412109,4.480000019073486,4.400100231170654,4.460000038146973,408477,0.0,0.0
2024-09-26 09:40:00-04:00,4.465000152587891,4.46999979019165,4.440000057220459,4.454999923706055,221574,0.0,0.0
2024-09-26 09:45:00-04:00,4.454999923706055,4.460000038146973,4.440000057220459,4.454999923706055,124362,0.0,0.0
2024-09-26 09:50:00-04:00,4.449999809265137,4.456500053405762,4.429999828338623,4.436299800872803,156108,0.0,0.0
2024-09-26 09:55:00-04:00,4.429999828338623,4.440000057220459,4.420000076293945,4.435400009155273,157789,0.0,0.0
2024-09-26 10:00:00-04:00,4.440000057220459,4.460000038146973,4.440000057220459,4.445000171661377,166415,0.0,0.0
2024-09-26 10:05:00-04:00,4.448999881744385,4.489999771118164,4.440000057220459,4.449100017547607,281718,0.0,0.0
2024-09-26 10:10:00-04:00,4.446000099182129,4.5,4.440000057220459,4.490499973297119,193549,0.0,0.0
2024-09-26 10:15:00-04:00,4.496399879455566,4.5,4.485000133514404,4.495999813079834,349863,0.0,0.0
2024-09-26 10:20:00-04:00,4.489999771118164,4.498799800872803,4.480000019073486,4.489999771118164,93342,0.0,0.0
2024-09-26 10:25:00-04:00,4.485000133514404,4.486299991607666,4.449999809265137,4.452000141143799,112778,0.0,0.0
2024-09-26 10:30:00-04:00,4.449999809265137,4.458799839019775,4.429999828338623,4.440000057220459,149681,0.0,0.0
2024-09-26 10:35:00-04:00,4.445000171661377,4.46999979019165,4.441199779510498,4.465000152587891,75235,0.0,0.0
2024-09-26 10:40:00-04:00,4.462100028991699,4.46999979019165,4.440199851989746,4.449699878692627,107694,0.0,0.0
2024-09-26 10:45:00-04:00,4.445000171661377,4.474999904632568,4.440100193023682,4.474999904632568,144991,0.0,0.0
2024-09-26 10:50:00-04:00,4.480000019073486,4.480000019073486,4.443399906158447,4.445000171661377,126117,0.0,0.0
2024-09-26 10:55:00-04:00,4.44789981842041,4.44789981842041,4.420000076293945,4.425600051879883,118024,0.0,0.0
2024-09-26 11:00:00-04:00,4.420000076293945,4.43779993057251,4.400000095367432,4.43779993057251,141055,0.0,0.0
2024-09-26 11:05:00-04:00,4.440000057220459,4.449999809265137,4.432799816131592,4.445000171661377,58039,0.0,0.0
2024-09-26 11:10:00-04:00,4.446599960327148,4.449999809265137,4.429999828338623,4.43120002746582,59594,0.0,0.0
2024-09-26 11:15:00-04:00,4.440000057220459,4.449900150299072,4.425000190734863,4.425000190734863,84528,0.0,0.0
2024-09-26 11:20:00-04:00,4.429999828338623,4.449999809265137,4.425000190734863,4.445000171661377,34406,0.0,0.0
2024-09-26 11:25:00-04:00,4.440000057220459,4.448171138763428,4.420000076293945,4.429999828338623,60503,0.0,0.0
2024-09-26 11:30:00-04:00,4.428899765014648,4.440000057220459,4.420000076293945,4.434999942779541,33486,0.0,0.0
2024-09-26 11:35:00-04:00,4.434999942779541,4.440000057220459,4.429999828338623,4.434999942779541,28394,0.0,0.0
2024-09-26 11:40:00-04:00,4.434999942779541,4.449999809265137,4.433499813079834,4.44189977645874,79472,0.0,0.0
2024-09-26 11:45:00-04:00,4.445000171661377,4.449999809265137,4.440000057220459,4.44920015335083,57910,0.0,0.0
2024-09-26 11:50:00-04:00,4.442599773406982,4.460000038146973,4.440000057220459,4.445000171661377,89189,0.0,0.0
2024-09-26 11:55:00-04:00,4.445000171661377,4.449900150299072,4.429999828338623,4.445000171661377,85899,0.0,0.0
2024-09-26 12:00:00-04:00,4.440299987792969,4.46999979019165,4.440000057220459,4.467700004577637,104531,0.0,0.0
2024-09-26 12:05:00-04:00,4.46999979019165,4.489999771118164,4.460000038146973,4.485000133514404,105709,0.0,0.0
2024-09-26 12:10:00-04:00,4.485000133514404,4.486299991607666,4.460000038146973,4.4618000984191895,143812,0.0,0.0
2024-09-26 12:15:00-04:00,4.460999965667725,4.46999979019165,4.450099945068359,4.466300010681152,86978,0.0,0.0
2024-09-26 12:20:00-04:00,4.465000152587891,4.46999979019165,4.460000038146973,4.460000038146973,22176,0.0,0.0
2024-09-26 12:25:00-04:00,4.460000038146973,4.46999979019165,4.449999809265137,4.454999923706055,42840,0.0,0.0
2024-09-26 12:30:00-04:00,4.454999923706055,4.460000038146973,4.449999809265137,4.460000038146973,26743,0.0,0.0
2024-09-26 12:35:00-04:00,4.454999923706055,4.460000038146973,4.449999809265137,4.453800201416016,20762,0.0,0.0
2024-09-26 12:40:00-04:00,4.454999923706055,4.460000038146973,4.449999809265137,4.460000038146973,46381,0.0,0.0
2024-09-26 12:45:00-04:00,4.460000038146973,4.46999979019165,4.450500011444092,4.460000038146973,31775,0.0,0.0
2024-09-26 12:50:00-04:00,4.454999923706055,4.460000038146973,4.449999809265137,4.459700107574463,58518,0.0,0.0
2024-09-26 12:55:00-04:00,4.454999923706055,4.460000038146973,4.449999809265137,4.454999923706055,19179,0.0,0.0
2024-09-26 13:00:00-04:00,4.453400135040283,4.46999979019165,4.449999809265137,4.4604997634887695,20837,0.0,0.0
2024-09-26 13:05:00-04:00,4.465000152587891,4.466800212860107,4.449999809265137,4.454999923706055,57008,0.0,0.0
2024-09-26 13:10:00-04:00,4.460000038146973,4.466400146484375,4.450799942016602,4.4629998207092285,30024,0.0,0.0
2024-09-26 13:15:00-04:00,4.463099956512451,4.469900131225586,4.450099945068359,4.452600002288818,32013,0.0,0.0
2024-09-26 13:20:00-04:00,4.454999923706055,4.480000019073486,4.451200008392334,4.479700088500977,285933,0.0,0.0
2024-09-26 13:25:00-04:00,4.4770002365112305,4.5,4.4770002365112305,4.493500232696533,166331,0.0,0.0
2024-09-26 13:30:00-04:00,4.493199825286865,4.5,4.489999771118164,4.496399879455566,110012,0.0,0.0
2024-09-26 13:35:00-04:00,4.5,4.5,4.489999771118164,4.489999771118164,71761,0.0,0.0
2024-09-26 13:40:00-04:00,4.494999885559082,4.5,4.485000133514404,4.489999771118164,96125,0.0,0.0
2024-09-26 13:45:00-04:00,4.494999885559082,4.5,4.489999771118164,4.494999885559082,44050,0.0,0.0
2024-09-26 13:50:00-04:00,4.499899864196777,4.5,4.489999771118164,4.5,46237,0.0,0.0
2024-09-26 13:55:00-04:00,4.5,4.519999980926514,4.489999771118164,4.505000114440918,200460,0.0,0.0
2024-09-26 14:00:00-04:00,4.505000114440918,4.510000228881836,4.5,4.5,109185,0.0,0.0
2024-09-26 14:05:00-04:00,4.494999885559082,4.5,4.48199987411499,4.485000133514404,46240,0.0,0.0
2024-09-26 14:10:00-04:00,4.485000133514404,4.489999771118164,4.480000019073486,4.485000133514404,34474,0.0,0.0
2024-09-26 14:15:00-04:00,4.487500190734863,4.5,4.485000133514404,4.489999771118164,46704,0.0,0.0
2024-09-26 14:20:00-04:00,4.489999771118164,4.494999885559082,4.480000019073486,4.485000133514404,37016,0.0,0.0
2024-09-26 14:25:00-04:00,4.483500003814697,4.489999771118164,4.480000019073486,4.485000133514404,37236,0.0,0.0
2024-09-26 14:30:00-04:00,4.489999771118164,4.5,4.4832000732421875,4.489999771118164,69890,0.0,0.0
2024-09-26 14:35:00-04:00,4.489999771118164,4.5,4.489999771118164,4.492000102996826,59923,0.0,0.0
2024-09-26 14:40:00-04:00,4.494999885559082,4.5,4.489999771118164,4.5,25706,0.0,0.0
2024-09-26 14:45:00-04:00,4.489999771118164,4.5,4.489999771118164,4.494999885559082,37862,0.0,0.0
2024-09-26 14:50:00-04:00,4.5,4.519999980926514,4.493000030517578,4.513500213623047,77900,0.0,0.0
2024-09-26 14:55:00-04:00,4.514999866485596,4.53000020980835,4.510000228881836,4.525000095367432,101128,0.0,0.0
2024-09-26 15:00:00-04:00,4.519999980926514,4.53000020980835,4.510000228881836,4.519999980926514,50009,0.0,0.0
2024-09-26 15:05:00-04:00,4.520100116729736,4.53000020980835,4.519999980926514,4.526500225067139,65810,0.0,0.0
2024-09-26 15:10:00-04:00,4.519999980926514,4.53000020980835,4.519999980926514,4.528800010681152,31934,0.0,0.0
2024-09-26 15:15:00-04:00,4.53000020980835,4.53000020980835,4.519999980926514,4.523200035095215,41238,0.0,0.0
2024-09-26 15:20:00-04:00,4.523099899291992,4.539999961853027,4.519999980926514,4.534999847412109,53632,0.0,0.0
2024-09-26 15:25:00-04:00,4.534999847412109,4.539999961853027,4.53000020980835,4.539999961853027,85000,0.0,0.0
2024-09-26 15:30:00-04:00,4.534999847412109,4.539999961853027,4.53000020980835,4.539999961853027,45922,0.0,0.0
2024-09-26 15:35:00-04:00,4.539999961853027,4.550000190734863,4.539999961853027,4.546199798583984,102807,0.0,0.0
2024-09-26 15:40:00-04:00,4.550000190734863,4.550000190734863,4.53000020980835,4.534999847412109,120806,0.0,0.0
2024-09-26 15:45:00-04:00,4.531700134277344,4.550000190734863,4.53000020980835,4.550000190734863,113564,0.0,0.0
2024-09-26 15:50:00-04:00,4.545000076293945,4.550000190734863,4.539999961853027,4.543099880218506,128553,0.0,0.0
2024-09-26 15:55:00-04:00,4.539999961853027,4.550000190734863,4.53000020980835,4.534999847412109,479635,0.0,0.0
2024-09-27 09:30:00-04:00,4.550000190734863,4.610000133514404,4.550000190734863,4.59499979019165,515343,0.0,0.0
2024-09-27 09:35:00-04:00,4.590000152587891,4.629700183868408,4.590000152587891,4.619999885559082,332127,0.0,0.0
2024-09-27 09:40:00-04:00,4.619999885559082,4.630000114440918,4.579999923706055,4.580999851226807,127697,0.0,0.0
2024-09-27 09:45:00-04:00,4.584099769592285,4.599999904632568,4.5802998542785645,4.5903000831604,50297,0.0,0.0
2024-09-27 09:50:00-04:00,4.591899871826172,4.599899768829346,4.571199893951416,4.580100059509277,104432,0.0,0.0
2024-09-27 09:55:00-04:00,4.580900192260742,4.599999904632568,4.579999923706055,4.598599910736084,69877,0.0,0.0
2024-09-27 10:00:00-04:00,4.59499979019165,4.605000019073486,4.570000171661377,4.587500095367432,160389,0.0,0.0
2024-09-27 10:05:00-04:00,4.587100028991699,4.610000133514404,4.582399845123291,4.599999904632568,66815,0.0,0.0
2024-09-27 10:10:00-04:00,4.609899997711182,4.619999885559082,4.599999904632568,4.610000133514404,142381,0.0,0.0
2024-09-27 10:15:00-04:00,4.6097002029418945,4.610000133514404,4.590099811553955,4.599999904632568,63896,0.0,0.0
2024-09-27 10:20:00-04:00,4.593299865722656,4.619900226593018,4.592400074005127,4.605000019073486,78559,0.0,0.0
2024-09-27 10:25:00-04:00,4.602399826049805,4.610000133514404,4.590000152587891,4.599999904632568,103980,0.0,0.0
2024-09-27 10:30:00-04:00,4.590099811553955,4.599999904632568,4.579999923706055,4.579999923706055,82357,0.0,0.0
2024-09-27 10:35:00-04:00,4.579999923706055,4.599999904632568,4.579999923706055,4.59499979019165,39490,0.0,0.0
2024-09-27 10:40:00-04:00,4.590099811553955,4.610000133514404,4.590000152587891,4.605999946594238,92326,0.0,0.0
2024-09-27 10:45:00-04:00,4.599999904632568,4.610000133514404,4.599999904632568,4.602399826049805,32855,0.0,0.0
2024-09-27 10:50:00-04:00,4.605000019073486,4.608799934387207,4.590000152587891,4.592599868774414,56367,0.0,0.0
2024-09-27 10:55:00-04:00,4.59499979019165,4.599999904632568,4.590000152587891,4.5954999923706055,28824,0.0,0.0
2024-09-27 11:00:00-04:00,4.592199802398682,4.615699768066406,4.590000152587891,4.610000133514404,75156,0.0,0.0
2024-09-27 11:05:00-04:00,4.610000133514404,4.619999885559082,4.599999904632568,4.614999771118164,49301,0.0,0.0
2024-09-27 11:10:00-04:00,4.614999771118164,4.659999847412109,4.610000133514404,4.625,608117,0.0,0.0
2024-09-27 11:15:00-04:00,4.625,4.638800144195557,4.605000019073486,4.625,229471,0.0,0.0
2024-09-27 11:20:00-04:00,4.620200157165527,4.630000114440918,4.610000133514404,4.61359977722168,76383,0.0,0.0
2024-09-27 11:25:00-04:00,4.614999771118164,4.630000114440918,4.611499786376953,4.625,34172,0.0,0.0
2024-09-27 11:30:00-04:00,4.622300148010254,4.639999866485596,4.610000133514404,4.611599922180176,134615,0.0,0.0
2024-09-27 11:35:00-04:00,4.616499900817871,4.619999885559082,4.599999904632568,4.614999771118164,86383,0.0,0.0
2024-09-27 11:40:00-04:00,4.614999771118164,4.630000114440918,4.611800193786621,4.623700141906738,31889,0.0,0.0
2024-09-27 11:45:00-04:00,4.630000114440918,4.630000114440918,4.619999885559082,4.625,33080,0.0,0.0
2024-09-27 11:50:00-04:00,4.625,4.629899978637695,4.610000133514404,4.6132001876831055,66184,0.0,0.0
2024-09-27 11:55:00-04:00,4.6132001876831055,4.619999885559082,4.599999904632568,4.605000019073486,45728,0.0,0.0
2024-09-27 12:00:00-04:00,4.610000133514404,4.610000133514404,4.599999904632568,4.605000019073486,18981,0.0,0.0
2024-09-27 12:05:00-04:00,4.605000019073486,4.605999946594238,4.590000152587891,4.590099811553955,83928,0.0,0.0
2024-09-27 12:10:00-04:00,4.597099781036377,4.599999904632568,4.582200050354004,4.582200050354004,38256,0.0,0.0
2024-09-27 12:15:00-04:00,4.583700180053711,4.590000152587891,4.579999923706055,4.5883002281188965,56342,0.0,0.0
2024-09-27 12:20:00-04:00,4.589900016784668,4.590000152587891,4.582600116729736,4.590000152587891,19929,0.0,0.0
2024-09-27 12:25:00-04:00,4.5879998207092285,4.590000152587891,4.579999923706055,4.583700180053711,40001,0.0,0.0
2024-09-27 12:30:00-04:00,4.581099987030029,4.590000152587891,4.579999923706055,4.590000152587891,13238,0.0,0.0
2024-09-27 12:35:00-04:00,4.581200122833252,4.599999904632568,4.581200122833252,4.59119987487793,15793,0.0,0.0
2024-09-27 12:40:00-04:00,4.599899768829346,4.599999904632568,4.590099811553955,4.59499979019165,28997,0.0,0.0
2024-09-27 12:45:00-04:00,4.599999904632568,4.599999904632568,4.590000152587891,4.59499979019165,26313,0.0,0.0
2024-09-27 12:50:00-04:00,4.590799808502197,4.599999904632568,4.590000152587891,4.59499979019165,21258,0.0,0.0
2024-09-27 12:55:00-04:00,4.599999904632568,4.599999904632568,4.590000152587891,4.595799922943115,21497,0.0,0.0
2024-09-27 13:00:00-04:00,4.599999904632568,4.599999904632568,4.590000152587891,4.59689998626709,8668,0.0,0.0
2024-09-27 13:05:00-04:00,4.59499979019165,4.599999904632568,4.570000171661377,4.579999923706055,96893,0.0,0.0
2024-09-27 13:10:00-04:00,4.579999923706055,4.579999923706055,4.570000171661377,4.574999809265137,28625,0.0,0.0
2024-09-27 13:15:00-04:00,4.574999809265137,4.579999923706055,4.570000171661377,4.573500156402588,16442,0.0,0.0
2024-09-27 13:20:00-04:00,4.577000141143799,4.59499979019165,4.573599815368652,4.59499979019165,47454,0.0,0.0
2024-09-27 13:25:00-04:00,4.59499979019165,4.599999904632568,4.590000152587891,4.599999904632568,29615,0.0,0.0
2024-09-27 13:30:00-04:00,4.59499979019165,4.610000133514404,4.590000152587891,4.5970001220703125,63141,0.0,0.0
2024-09-27 13:35:00-04:00,4.59499979019165,4.599699974060059,4.583000183105469,4.589200019836426,39216,0.0,0.0
2024-09-27 13:40:00-04:00,4.586599826812744,4.590000152587891,4.579999923706055,4.586900234222412,56826,0.0,0.0
2024-09-27 13:45:00-04:00,4.586699962615967,4.590000152587891,4.579999923706055,4.581200122833252,19610,0.0,0.0
2024-09-27 13:50:00-04:00,4.589200019836426,4.599999904632568,4.583000183105469,4.599899768829346,39488,0.0,0.0
2024-09-27 13:55:00-04:00,4.592899799346924,4.599999904632568,4.590000152587891,4.599999904632568,14307,0.0,0.0
2024-09-27 14:00:00-04:00,4.590099811553955,4.599999904632568,4.5808000564575195,4.581999778747559,26282,0.0,0.0
2024-09-27 14:05:00-04:00,4.580100059509277,4.586999893188477,4.570000171661377,4.570099830627441,17713,0.0,0.0
2024-09-27 14:10:00-04:00,4.577899932861328,4.579999923706055,4.572299957275391,4.574999809265137,72789,0.0,0.0
2024-09-27 14:15:00-04:00,4.574999809265137,4.579999923706055,4.570000171661377,4.574999809265137,8277,0.0,0.0
2024-09-27 14:20:00-04:00,4.570099830627441,4.579999923706055,4.570000171661377,4.576499938964844,55110,0.0,0.0
2024-09-27 14:25:00-04:00,4.578800201416016,4.579999923706055,4.559999942779541,4.559999942779541,56901,0.0,0.0
2024-09-27 14:30:00-04:00,4.559999942779541,4.566699981689453,4.550000190734863,4.561200141906738,58303,0.0,0.0
2024-09-27 14:35:00-04:00,4.565000057220459,4.570000171661377,4.559999942779541,4.564799785614014,37838,0.0,0.0
2024-09-27 14:40:00-04:00,4.559999942779541,4.565000057220459,4.550000190734863,4.559899806976318,84656,0.0,0.0
2024-09-27 14:45:00-04:00,4.559999942779541,4.570000171661377,4.554999828338623,4.570000171661377,31121,0.0,0.0
2024-09-27 14:50:00-04:00,4.570000171661377,4.579999923706055,4.570000171661377,4.576499938964844,27212,0.0,0.0
2024-09-27 14:55:00-04:00,4.574999809265137,4.585000038146973,4.570000171661377,4.570000171661377,73096,0.0,0.0
2024-09-27 15:00:00-04:00,4.574999809265137,4.574999809265137,4.559999942779541,4.559999942779541,46301,0.0,0.0
2024-09-27 15:05:00-04:00,4.565000057220459,4.56879997253418,4.559999942779541,4.565000057220459,16383,0.0,0.0
2024-09-27 15:10:00-04:00,4.565000057220459,4.568900108337402,4.559999942779541,4.56689977645874,32110,0.0,0.0
2024-09-27 15:15:00-04:00,4.561999797821045,4.570000171661377,4.559999942779541,4.56879997253418,15025,0.0,0.0
2024-09-27 15:20:00-04:00,4.565000057220459,4.570000171661377,4.550000190734863,4.553999900817871,56417,0.0,0.0
2024-09-27 15:25:00-04:00,4.554999828338623,4.559999942779541,4.550000190734863,4.550000190734863,27094,0.0,0.0
2024-09-27 15:30:00-04:00,4.554999828338623,4.559999942779541,4.520299911499023,4.53000020980835,201057,0.0,0.0
2024-09-27 15:35:00-04:00,4.525000095367432,4.53000020980835,4.519999980926514,4.525000095367432,39911,0.0,0.0
2024-09-27 15:40:00-04:00,4.525000095367432,4.53000020980835,4.519999980926514,4.525000095367432,131617,0.0,0.0
2024-09-27 15:45:00-04:00,4.525000095367432,4.53000020980835,4.5,4.519999980926514,250961,0.0,0.0
2024-09-27 15:50:00-04:00,4.519999980926514,4.53000020980835,4.510000228881836,4.519999980926514,289528,0.0,0.0
2024-09-27 15:55:00-04:00,4.522500038146973,4.53000020980835,4.5,4.505000114440918,572579,0.0,0.0
2024-09-30 09:30:00-04:00,4.521200180053711,4.545000076293945,4.490099906921387,4.505000114440918,682175,0.0,0.0
2024-09-30 09:35:00-04:00,4.510000228881836,4.550000190734863,4.5019001960754395,4.548799991607666,129865,0.0,0.0
2024-09-30 09:40:00-04:00,4.543000221252441,4.547999858856201,4.519999980926514,4.534999847412109,99865,0.0,0.0
2024-09-30 09:45:00-04:00,4.539999961853027,4.550000190734863,4.53000020980835,4.532700061798096,79923,0.0,0.0
2024-09-30 09:50:00-04:00,4.53980016708374,4.550000190734863,4.53000020980835,4.539899826049805,247722,0.0,0.0
2024-09-30 09:55:00-04:00,4.534999847412109,4.539999961853027,4.510000228881836,4.514999866485596,51206,0.0,0.0
2024-09-30 10:00:00-04:00,4.519000053405762,4.519999980926514,4.5100998878479,4.514999866485596,28494,0.0,0.0
2024-09-30 10:05:00-04:00,4.514999866485596,4.529900074005127,4.500100135803223,4.527100086212158,78017,0.0,0.0
2024-09-30 10:10:00-04:00,4.520899772644043,4.539999961853027,4.520100116729736,4.527500152587891,36568,0.0,0.0
2024-09-30 10:15:00-04:00,4.528800010681152,4.534999847412109,4.519999980926514,4.526700019836426,51637,0.0,0.0
2024-09-30 10:20:00-04:00,4.520100116729736,4.550000190734863,4.519999980926514,4.54010009765625,142359,0.0,0.0
2024-09-30 10:25:00-04:00,4.54010009765625,4.579999923706055,4.54010009765625,4.573500156402588,245610,0.0,0.0
2024-09-30 10:30:00-04:00,4.575699806213379,4.579999923706055,4.534999847412109,4.553400039672852,101060,0.0,0.0
2024-09-30 10:35:00-04:00,4.554999828338623,4.565000057220459,4.550000190734863,4.554999828338623,48744,0.0,0.0
2024-09-30 10:40:00-04:00,4.554999828338623,4.5578999519348145,4.539999961853027,4.550000190734863,47108,0.0,0.0
2024-09-30 10:45:00-04:00,4.54010009765625,4.559999942779541,4.53000020980835,4.545000076293945,109901,0.0,0.0
2024-09-30 10:50:00-04:00,4.550000190734863,4.550000190734863,4.539999961853027,4.539999961853027,31268,0.0,0.0
2024-09-30 10:55:00-04:00,4.534999847412109,4.53879976272583,4.519999980926514,4.524600028991699,41709,0.0,0.0
2024-09-30 11:00:00-04:00,4.520100116729736,4.53000020980835,4.519999980926514,4.528200149536133,23195,0.0,0.0
2024-09-30 11:05:00-04:00,4.526000022888184,4.539999961853027,4.519999980926514,4.519999980926514,74291,0.0,0.0
2024-09-30 11:10:00-04:00,4.525000095367432,4.537499904632568,4.520100116729736,4.531199932098389,50286,0.0,0.0
2024-09-30 11:15:00-04:00,4.536600112915039,4.539999961853027,4.53000020980835,4.53000020980835,22078,0.0,0.0
2024-09-30 11:20:00-04:00,4.534999847412109,4.539999961853027,4.519999980926514,4.525000095367432,27196,0.0,0.0
2024-09-30 11:25:00-04:00,4.529900074005127,4.53000020980835,4.514999866485596,4.517499923706055,118086,0.0,0.0
2024-09-30 11:30:00-04:00,4.512199878692627,4.519999980926514,4.510000228881836,4.514999866485596,48646,0.0,0.0
2024-09-30 11:35:00-04:00,4.510000228881836,4.519999980926514,4.500100135803223,4.515900135040283,115872,0.0,0.0
2024-09-30 11:40:00-04:00,4.517000198364258,4.53000020980835,4.5100998878479,4.525000095367432,48027,0.0,0.0
2024-09-30 11:45:00-04:00,4.53000020980835,4.53000020980835,4.520899772644043,4.529699802398682,41344,0.0,0.0
2024-09-30 11:50:00-04:00,4.525000095367432,4.53000020980835,4.519999980926514,4.525000095367432,21215,0.0,0.0
2024-09-30 11:55:00-04:00,4.520100116729736,4.53000020980835,4.519999980926514,4.520199775695801,12887,0.0,0.0
2024-09-30 12:00:00-04:00,4.53000020980835,4.539899826049805,4.520100116729736,4.530099868774414,22023,0.0,0.0
2024-09-30 12:05:00-04:00,4.539999961853027,4.539999961853027,4.519999980926514,4.525000095367432,40092,0.0,0.0
2024-09-30 12:10:00-04:00,4.522900104522705,4.53000020980835,4.519999980926514,4.525000095367432,44402,0.0,0.0
2024-09-30 12:15:00-04:00,4.526100158691406,4.539999961853027,4.519999980926514,4.534999847412109,57620,0.0,0.0
2024-09-30 12:20:00-04:00,4.5355000495910645,4.53980016708374,4.53000020980835,4.53980016708374,42776,0.0,0.0
2024-09-30 12:25:00-04:00,4.533999919891357,4.539899826049805,4.53000020980835,4.534999847412109,40005,0.0,0.0
2024-09-30 12:30:00-04:00,4.536600112915039,4.550000190734863,4.53000020980835,4.545000076293945,38116,0.0,0.0
2024-09-30 12:35:00-04:00,4.549900054931641,4.559999942779541,4.539999961853027,4.553999900817871,121728,0.0,0.0
2024-09-30 12:40:00-04:00,4.554999828338623,4.610000133514404,4.550000190734863,4.6072998046875,176225,0.0,0.0
2024-09-30 12:45:00-04:00,4.603600025177002,4.610000133514404,4.579999923706055,4.582600116729736,191577,0.0,0.0
2024-09-30 12:50:00-04:00,4.585000038146973,4.610000133514404,4.570000171661377,4.603099822998047,168680,0.0,0.0
2024-09-30 12:55:00-04:00,4.602499961853027,4.629899978637695,4.599999904632568,4.629899978637695,179937,0.0,0.0
2024-09-30 13:00:00-04:00,4.625,4.650000095367432,4.620100021362305,4.637199878692627,229443,0.0,0.0
2024-09-30 13:05:00-04:00,4.635000228881836,4.639999866485596,4.619999885559082,4.629199981689453,110323,0.0,0.0
2024-09-30 13:10:00-04:00,4.619999885559082,4.630000114440918,4.610000133514404,4.610899925231934,92026,0.0,0.0
2024-09-30 13:15:00-04:00,4.610899925231934,4.670000076293945,4.610099792480469,4.665200233459473,390310,0.0,0.0
2024-09-30 13:20:00-04:00,4.670000076293945,4.690000057220459,4.660099983215332,4.660099983215332,287508,0.0,0.0
2024-09-30 13:25:00-04:00,4.664999961853027,4.670000076293945,4.650000095367432,4.65749979019165,155635,0.0,0.0
2024-09-30 13:30:00-04:00,4.655700206756592,4.679999828338623,4.650000095367432,4.675000190734863,213855,0.0,0.0
2024-09-30 13:35:00-04:00,4.67549991607666,4.679999828338623,4.659999847412109,4.667399883270264,183831,0.0,0.0
2024-09-30 13:40:00-04:00,4.666900157928467,4.670000076293945,4.635000228881836,4.635000228881836,167421,0.0,0.0
2024-09-30 13:45:00-04:00,4.639999866485596,4.659999847412109,4.635000228881836,4.659999847412109,109154,0.0,0.0
2024-09-30 13:50:00-04:00,4.653200149536133,4.659999847412109,4.650000095367432,4.659999847412109,27855,0.0,0.0
2024-09-30 13:55:00-04:00,4.659999847412109,4.659999847412109,4.650000095367432,4.65500020980835,63709,0.0,0.0
2024-09-30 14:00:00-04:00,4.65500020980835,4.670000076293945,4.652299880981445,4.664999961853027,142087,0.0,0.0
2024-09-30 14:05:00-04:00,4.664999961853027,4.664999961853027,4.650000095367432,4.650100231170654,91211,0.0,0.0
2024-09-30 14:10:00-04:00,4.65500020980835,4.669899940490723,4.650000095367432,4.65500020980835,112535,0.0,0.0
2024-09-30 14:15:00-04:00,4.650700092315674,4.659999847412109,4.639999866485596,4.650000095367432,121860,0.0,0.0
2024-09-30 14:20:00-04:00,4.650000095367432,4.650000095367432,4.610000133514404,4.6178998947143555,163619,0.0,0.0
2024-09-30 14:25:00-04:00,4.614999771118164,4.619999885559082,4.599999904632568,4.605000019073486,236418,0.0,0.0
2024-09-30 14:30:00-04:00,4.602099895477295,4.610000133514404,4.599999904632568,4.605000019073486,45635,0.0,0.0
2024-09-30 14:35:00-04:00,4.609899997711182,4.619999885559082,4.609899997711182,4.616499900817871,63060,0.0,0.0
2024-09-30 14:40:00-04:00,4.619999885559082,4.630000114440918,4.619999885559082,4.625,50821,0.0,0.0
2024-09-30 14:45:00-04:00,4.625,4.630000114440918,4.619999885559082,4.630000114440918,16506,0.0,0.0
2024-09-30 14:50:00-04:00,4.625,4.639999866485596,4.625,4.635000228881836,62909,0.0,0.0
2024-09-30 14:55:00-04:00,4.638599872589111,4.638599872589111,4.619999885559082,4.625,76651,0.0,0.0
2024-09-30 15:00:00-04:00,4.619999885559082,4.619999885559082,4.610000133514404,4.618100166320801,52768,0.0,0.0
2024-09-30 15:05:00-04:00,4.614200115203857,4.615799903869629,4.599999904632568,4.605000019073486,46396,0.0,0.0
2024-09-30 15:10:00-04:00,4.600100040435791,4.610000133514404,4.590000152587891,4.59089994430542,40054,0.0,0.0
2024-09-30 15:15:00-04:00,4.59499979019165,4.599999904632568,4.590000152587891,4.59499979019165,22591,0.0,0.0
2024-09-30 15:20:00-04:00,4.59499979019165,4.610000133514404,4.5903000831604,4.610000133514404,75326,0.0,0.0
2024-09-30 15:25:00-04:00,4.610000133514404,4.610000133514404,4.599999904632568,4.610000133514404,29671,0.0,0.0
2024-09-30 15:30:00-04:00,4.603600025177002,4.610000133514404,4.599999904632568,4.605000019073486,18717,0.0,0.0
2024-09-30 15:35:00-04:00,4.609899997711182,4.610000133514404,4.590000152587891,4.59499979019165,78814,0.0,0.0
2024-09-30 15:40:00-04:00,4.59499979019165,4.599999904632568,4.590000152587891,4.599999904632568,15467,0.0,0.0
2024-09-30 15:45:00-04:00,4.5980000495910645,4.606500148773193,4.581699848175049,4.585000038146973,192291,0.0,0.0
2024-09-30 15:50:00-04:00,4.585000038146973,4.589799880981445,4.559999942779541,4.565000057220459,131039,0.0,0.0
2024-09-30 15:55:00-04:00,4.565000057220459,4.570000171661377,4.531300067901611,4.559999942779541,686853,0.0,0.0
2024-10-01 09:30:00-04:00,4.619999885559082,4.637700080871582,4.53000020980835,4.53980016708374,621650,0.0,0.0
2024-10-01 09:35:00-04:00,4.53000020980835,4.550000190734863,4.525000095367432,4.534999847412109,215541,0.0,0.0
2024-10-01 09:40:00-04:00,4.53000020980835,4.539999961853027,4.520100116729736,4.528900146484375,71103,0.0,0.0
2024-10-01 09:45:00-04:00,4.529900074005127,4.539999961853027,4.520100116729736,4.534999847412109,75891,0.0,0.0
2024-10-01 09:50:00-04:00,4.539700031280518,4.559999942779541,4.53000020980835,4.554999828338623,64935,0.0,0.0
2024-10-01 09:55:00-04:00,4.559999942779541,4.579999923706055,4.559999942779541,4.579500198364258,69614,0.0,0.0
2024-10-01 10:00:00-04:00,4.570000171661377,4.619999885559082,4.570000171661377,4.613500118255615,191962,0.0,0.0
2024-10-01 10:05:00-04:00,4.611999988555908,4.619999885559082,4.590000152587891,4.5903000831604,104498,0.0,0.0
2024-10-01 10:10:00-04:00,4.599899768829346,4.599999904632568,4.583399772644043,4.591800212860107,66302,0.0,0.0
2024-10-01 10:15:00-04:00,4.590000152587891,4.590000152587891,4.570000171661377,4.578800201416016,51202,0.0,0.0
2024-10-01 10:20:00-04:00,4.570000171661377,4.588500022888184,4.560100078582764,4.570000171661377,63670,0.0,0.0
2024-10-01 10:25:00-04:00,4.565000057220459,4.570000171661377,4.541800022125244,4.541800022125244,87511,0.0,0.0
2024-10-01 10:30:00-04:00,4.545000076293945,4.548799991607666,4.525000095367432,4.542699813842773,130008,0.0,0.0
2024-10-01 10:35:00-04:00,4.54010009765625,4.550000190734863,4.53000020980835,4.547999858856201,39899,0.0,0.0
2024-10-01 10:40:00-04:00,4.548799991607666,4.550000190734863,4.534999847412109,4.534999847412109,69869,0.0,0.0
2024-10-01 10:45:00-04:00,4.531899929046631,4.539999961853027,4.519999980926514,4.53000020980835,154287,0.0,0.0
2024-10-01 10:50:00-04:00,4.525000095367432,4.53000020980835,4.519999980926514,4.53000020980835,25093,0.0,0.0
2024-10-01 10:55:00-04:00,4.523499965667725,4.53000020980835,4.519999980926514,4.525000095367432,27770,0.0,0.0
2024-10-01 11:00:00-04:00,4.519999980926514,4.539999961853027,4.519999980926514,4.53000020980835,34711,0.0,0.0
2024-10-01 11:05:00-04:00,4.539999961853027,4.539999961853027,4.519999980926514,4.52269983291626,48707,0.0,0.0
2024-10-01 11:10:00-04:00,4.526599884033203,4.53000020980835,4.510000228881836,4.510000228881836,82015,0.0,0.0
2024-10-01 11:15:00-04:00,4.510000228881836,4.515500068664551,4.489999771118164,4.500899791717529,216528,0.0,0.0
2024-10-01 11:20:00-04:00,4.500800132751465,4.519999980926514,4.5,4.519800186157227,165908,0.0,0.0
2024-10-01 11:25:00-04:00,4.5167999267578125,4.519999980926514,4.510000228881836,4.512599945068359,48108,0.0,0.0
2024-10-01 11:30:00-04:00,4.514999866485596,4.519999980926514,4.513400077819824,4.515200138092041,59258,0.0,0.0
2024-10-01 11:35:00-04:00,4.519899845123291,4.53000020980835,4.513299942016602,4.5269999504089355,70489,0.0,0.0
2024-10-01 11:40:00-04:00,4.53000020980835,4.554999828338623,4.5229997634887695,4.534999847412109,98741,0.0,0.0
2024-10-01 11:45:00-04:00,4.53980016708374,4.53980016708374,4.519999980926514,4.525000095367432,49163,0.0,0.0
2024-10-01 11:50:00-04:00,4.5269999504089355,4.534999847412109,4.519999980926514,4.525000095367432,69283,0.0,0.0
2024-10-01 11:55:00-04:00,4.522900104522705,4.526700019836426,4.519999980926514,4.525000095367432,12913,0.0,0.0
2024-10-01 12:00:00-04:00,4.525000095367432,4.529900074005127,4.519999980926514,4.525000095367432,8316,0.0,0.0
2024-10-01 12:05:00-04:00,4.5233001708984375,4.53000020980835,4.519999980926514,4.525000095367432,15481,0.0,0.0
2024-10-01 12:10:00-04:00,4.529900074005127,4.53000020980835,4.519999980926514,4.5295000076293945,53532,0.0,0.0
2024-10-01 12:15:00-04:00,4.525000095367432,4.529900074005127,4.510000228881836,4.519899845123291,38584,0.0,0.0
2024-10-01 12:20:00-04:00,4.5129289627075195,4.519999980926514,4.510000228881836,4.514999866485596,36444,0.0,0.0
2024-10-01 12:25:00-04:00,4.514999866485596,4.519899845123291,4.494999885559082,4.503300189971924,158693,0.0,0.0
2024-10-01 12:30:00-04:00,4.503300189971924,4.512499809265137,4.500899791717529,4.505000114440918,50300,0.0,0.0
2024-10-01 12:35:00-04:00,4.505000114440918,4.510000228881836,4.489999771118164,4.499899864196777,64514,0.0,0.0
2024-10-01 12:40:00-04:00,4.494999885559082,4.5,4.480000019073486,4.4899001121521,43908,0.0,0.0
2024-10-01 12:45:00-04:00,4.4868998527526855,4.489999771118164,4.480000019073486,4.481200218200684,37342,0.0,0.0
2024-10-01 12:50:00-04:00,4.483099937438965,4.5,4.480000019073486,4.498000144958496,80830,0.0,0.0
2024-10-01 12:55:00-04:00,4.496200084686279,4.499899864196777,4.470099925994873,4.479700088500977,65829,0.0,0.0
2024-10-01 13:00:00-04:00,4.4730000495910645,4.480000019073486,4.46999979019165,4.478499889373779,58801,0.0,0.0
2024-10-01 13:05:00-04:00,4.470099925994873,4.480000019073486,4.460000038146973,4.478600025177002,117884,0.0,0.0
2024-10-01 13:10:00-04:00,4.471499919891357,4.474999904632568,4.453000068664551,4.454999923706055,64491,0.0,0.0
2024-10-01 13:15:00-04:00,4.460000038146973,4.460000038146973,4.434999942779541,4.445499897003174,507722,0.0,0.0
2024-10-01 13:20:00-04:00,4.441699981689453,4.449900150299072,4.420000076293945,4.429900169372559,146599,0.0,0.0
2024-10-01 13:25:00-04:00,4.429900169372559,4.429999828338623,4.420000076293945,4.420599937438965,51781,0.0,0.0
2024-10-01 13:30:00-04:00,4.425000190734863,4.439899921417236,4.422100067138672,4.434999942779541,94079,0.0,0.0
2024-10-01 13:35:00-04:00,4.440000057220459,4.440000057220459,4.429999828338623,4.4334001541137695,28674,0.0,0.0
2024-10-01 13:40:00-04:00,4.439700126647949,4.449900150299072,4.429999828338623,4.4440999031066895,56197,0.0,0.0
2024-10-01 13:45:00-04:00,4.440000057220459,4.449699878692627,4.440000057220459,4.440000057220459,32124,0.0,0.0
2024-10-01 13:50:00-04:00,4.449999809265137,4.449999809265137,4.440000057220459,4.445000171661377,33142,0.0,0.0
2024-10-01 13:55:00-04:00,4.445000171661377,4.460000038146973,4.445000171661377,4.452300071716309,97463,0.0,0.0
2024-10-01 14:00:00-04:00,4.459000110626221,4.46999979019165,4.440000057220459,4.449999809265137,79438,0.0,0.0
2024-10-01 14:05:00-04:00,4.449399948120117,4.449999809265137,4.440000057220459,4.440000057220459,46922,0.0,0.0
2024-10-01 14:10:00-04:00,4.447199821472168,4.460000038146973,4.440000057220459,4.460000038146973,28493,0.0,0.0
2024-10-01 14:15:00-04:00,4.454999923706055,4.460000038146973,4.450099945068359,4.454999923706055,9961,0.0,0.0
2024-10-01 14:20:00-04:00,4.459000110626221,4.460000038146973,4.449999809265137,4.458099842071533,19525,0.0,0.0
2024-10-01 14:25:00-04:00,4.459700107574463,4.480000019073486,4.454999923706055,4.46999979019165,76712,0.0,0.0
2024-10-01 14:30:00-04:00,4.474999904632568,4.480000019073486,4.46999979019165,4.474999904632568,66762,0.0,0.0
2024-10-01 14:35:00-04:00,4.476200103759766,4.476200103759766,4.460000038146973,4.465000152587891,29831,0.0,0.0
2024-10-01 14:40:00-04:00,4.462900161743164,4.46999979019165,4.460000038146973,4.46120023727417,13521,0.0,0.0
2024-10-01 14:45:00-04:00,4.465000152587891,4.480000019073486,4.465000152587891,4.474999904632568,22031,0.0,0.0
2024-10-01 14:50:00-04:00,4.472499847412109,4.480000019073486,4.449999809265137,4.460000038146973,90769,0.0,0.0
2024-10-01 14:55:00-04:00,4.454999923706055,4.46999979019165,4.454999923706055,4.460100173950195,45106,0.0,0.0
2024-10-01 15:00:00-04:00,4.468900203704834,4.480000019073486,4.460000038146973,4.465000152587891,59668,0.0,0.0
2024-10-01 15:05:00-04:00,4.465000152587891,4.46999979019165,4.460299968719482,4.46999979019165,6741,0.0,0.0
2024-10-01 15:10:00-04:00,4.465000152587891,4.469900131225586,4.449999809265137,4.458000183105469,41614,0.0,0.0
2024-10-01 15:15:00-04:00,4.455999851226807,4.460000038146973,4.449999809265137,4.449999809265137,9122,0.0,0.0
2024-10-01 15:20:00-04:00,4.450099945068359,4.459000110626221,4.449999809265137,4.457399845123291,19632,0.0,0.0
2024-10-01 15:25:00-04:00,4.454999923706055,4.460000038146973,4.449999809265137,4.458000183105469,21502,0.0,0.0
2024-10-01 15:30:00-04:00,4.457099914550781,4.460000038146973,4.429999828338623,4.436200141906738,130173,0.0,0.0
2024-10-01 15:35:00-04:00,4.429999828338623,4.429999828338623,4.409999847412109,4.416399955749512,105833,0.0,0.0
2024-10-01 15:40:00-04:00,4.414999961853027,4.429999828338623,4.400000095367432,4.425000190734863,343611,0.0,0.0
2024-10-01 15:45:00-04:00,4.425000190734863,4.429999828338623,4.420000076293945,4.425000190734863,137095,0.0,0.0
2024-10-01 15:50:00-04:00,4.425000190734863,4.429999828338623,4.420000076293945,4.420000076293945,57823,0.0,0.0
2024-10-01 15:55:00-04:00,4.425000190734863,4.425000190734863,4.389999866485596,4.400000095367432,610420,0.0,0.0
2024-10-02 09:30:00-04:00,4.389999866485596,4.460000038146973,4.389999866485596,4.449999809265137,461770,0.0,0.0
2024-10-02 09:35:00-04:00,4.445000171661377,4.449999809265137,4.409999847412109,4.414999961853027,101976,0.0,0.0
2024-10-02 09:40:00-04:00,4.414999961853027,4.428800106048584,4.380000114440918,4.393199920654297,245459,0.0,0.0
2024-10-02 09:45:00-04:00,4.3979997634887695,4.409999847412109,4.369999885559082,4.406000137329102,251840,0.0,0.0
2024-10-02 09:50:00-04:00,4.408199787139893,4.429999828338623,4.408199787139893,4.425000190734863,24741,0.0,0.0
2024-10-02 09:55:00-04:00,4.420100212097168,4.440000057220459,4.420100212097168,4.434999942779541,36611,0.0,0.0
2024-10-02 10:00:00-04:00,4.434999942779541,4.445000171661377,4.429999828338623,4.434999942779541,65751,0.0,0.0
2024-10-02 10:05:00-04:00,4.431600093841553,4.440000057220459,4.409999847412109,4.440000057220459,80037,0.0,0.0
2024-10-02 10:10:00-04:00,4.433000087738037,4.449999809265137,4.413099765777588,4.414999961853027,71419,0.0,0.0
2024-10-02 10:15:00-04:00,4.416600227355957,4.440000057220459,4.412700176239014,4.440000057220459,30690,0.0,0.0
2024-10-02 10:20:00-04:00,4.433700084686279,4.440000057220459,4.420000076293945,4.4207000732421875,32837,0.0,0.0
2024-10-02 10:25:00-04:00,4.422299861907959,4.429999828338623,4.409999847412109,4.413400173187256,36884,0.0,0.0
2024-10-02 10:30:00-04:00,4.409999847412109,4.429999828338623,4.409999847412109,4.418000221252441,43133,0.0,0.0
2024-10-02 10:35:00-04:00,4.419899940490723,4.420000076293945,4.409999847412109,4.414700031280518,30405,0.0,0.0
2024-10-02 10:40:00-04:00,4.416999816894531,4.420000076293945,4.400000095367432,4.409999847412109,109590,0.0,0.0
2024-10-02 10:45:00-04:00,4.40500020980835,4.414999961853027,4.400000095367432,4.414999961853027,81157,0.0,0.0
2024-10-02 10:50:00-04:00,4.414999961853027,4.419099807739258,4.400000095367432,4.40500020980835,25895,0.0,0.0
2024-10-02 10:55:00-04:00,4.402599811553955,4.409900188446045,4.400000095367432,4.402400016784668,9579,0.0,0.0
2024-10-02 11:00:00-04:00,4.406300067901611,4.409900188446045,4.401199817657471,4.401199817657471,24460,0.0,0.0
2024-10-02 11:05:00-04:00,4.40500020980835,4.409900188446045,4.400000095367432,4.40500020980835,17606,0.0,0.0
2024-10-02 11:10:00-04:00,4.40500020980835,4.420000076293945,4.400100231170654,4.410099983215332,49777,0.0,0.0
2024-10-02 11:15:00-04:00,4.415999889373779,4.429999828338623,4.414999961853027,4.429999828338623,28974,0.0,0.0
2024-10-02 11:20:00-04:00,4.425000190734863,4.425000190734863,4.409999847412109,4.411200046539307,36376,0.0,0.0
2024-10-02 11:25:00-04:00,4.409999847412109,4.425000190734863,4.409999847412109,4.414999961853027,73618,0.0,0.0
2024-10-02 11:30:00-04:00,4.4197998046875,4.420000076293945,4.409999847412109,4.419899940490723,22864,0.0,0.0
2024-10-02 11:35:00-04:00,4.420000076293945,4.420000076293945,4.4116997718811035,4.414999961853027,17054,0.0,0.0
2024-10-02 11:40:00-04:00,4.420000076293945,4.420000076293945,4.409999847412109,4.414999961853027,10859,0.0,0.0
2024-10-02 11:45:00-04:00,4.409999847412109,4.420000076293945,4.409999847412109,4.4166998863220215,19586,0.0,0.0
2024-10-02 11:50:00-04:00,4.415999889373779,4.420000076293945,4.409999847412109,4.414999961853027,8155,0.0,0.0
2024-10-02 11:55:00-04:00,4.414999961853027,4.420000076293945,4.409999847412109,4.414999961853027,14012,0.0,0.0
2024-10-02 12:00:00-04:00,4.413599967956543,4.420000076293945,4.410099983215332,4.418000221252441,8448,0.0,0.0
2024-10-02 12:05:00-04:00,4.41379976272583,4.429699897766113,4.410099983215332,4.4268999099731445,17424,0.0,0.0
2024-10-02 12:10:00-04:00,4.421500205993652,4.427800178527832,4.411200046539307,4.417600154876709,46591,0.0,0.0
2024-10-02 12:15:00-04:00,4.410799980163574,4.420000076293945,4.409999847412109,4.414999961853027,13897,0.0,0.0
2024-10-02 12:20:00-04:00,4.416500091552734,4.419400215148926,4.40500020980835,4.40500020980835,91356,0.0,0.0
2024-10-02 12:25:00-04:00,4.40500020980835,4.409999847412109,4.389999866485596,4.391200065612793,108809,0.0,0.0
2024-10-02 12:30:00-04:00,4.394000053405762,4.400000095367432,4.389999866485596,4.394999980926514,38028,0.0,0.0
2024-10-02 12:35:00-04:00,4.389999866485596,4.400000095367432,4.389999866485596,4.399899959564209,71155,0.0,0.0
2024-10-02 12:40:00-04:00,4.395899772644043,4.400000095367432,4.393899917602539,4.394999980926514,22264,0.0,0.0
2024-10-02 12:45:00-04:00,4.394999980926514,4.399899959564209,4.380000114440918,4.388500213623047,64066,0.0,0.0
2024-10-02 12:50:00-04:00,4.381400108337402,4.389999866485596,4.380000114440918,4.380000114440918,42209,0.0,0.0
2024-10-02 12:55:00-04:00,4.386199951171875,4.388999938964844,4.369999885559082,4.376200199127197,172805,0.0,0.0
2024-10-02 13:00:00-04:00,4.369999885559082,4.379899978637695,4.361100196838379,4.37939977645874,69746,0.0,0.0
2024-10-02 13:05:00-04:00,4.373799800872803,4.380000114440918,4.369999885559082,4.375,28100,0.0,0.0
2024-10-02 13:10:00-04:00,4.376200199127197,4.380000114440918,4.369999885559082,4.375,39588,0.0,0.0
2024-10-02 13:15:00-04:00,4.377600193023682,4.380000114440918,4.3730998039245605,4.375,29377,0.0,0.0
2024-10-02 13:20:00-04:00,4.380000114440918,4.380000114440918,4.369999885559082,4.380000114440918,38332,0.0,0.0
2024-10-02 13:25:00-04:00,4.380000114440918,4.389100074768066,4.369999885559082,4.385000228881836,73365,0.0,0.0
2024-10-02 13:30:00-04:00,4.383999824523926,4.389999866485596,4.380000114440918,4.388800144195557,19461,0.0,0.0
2024-10-02 13:35:00-04:00,4.385000228881836,4.389999866485596,4.374899864196777,4.383200168609619,65381,0.0,0.0
2024-10-02 13:40:00-04:00,4.38670015335083,4.389999866485596,4.380000114440918,4.389999866485596,16778,0.0,0.0
2024-10-02 13:45:00-04:00,4.389999866485596,4.389999866485596,4.380099773406982,4.383800029754639,11932,0.0,0.0
2024-10-02 13:50:00-04:00,4.388000011444092,4.400000095367432,4.380000114440918,4.3979997634887695,107566,0.0,0.0
2024-10-02 13:55:00-04:00,4.400000095367432,4.409999847412109,4.392600059509277,4.406400203704834,66483,0.0,0.0
2024-10-02 14:00:00-04:00,4.403600215911865,4.409999847412109,4.400000095367432,4.409999847412109,8643,0.0,0.0
2024-10-02 14:05:00-04:00,4.406599998474121,4.409999847412109,4.400000095367432,4.4096999168396,16550,0.0,0.0
2024-10-02 14:10:00-04:00,4.40500020980835,4.409999847412109,4.400000095367432,4.409999847412109,14845,0.0,0.0
2024-10-02 14:15:00-04:00,4.40500020980835,4.409999847412109,4.400000095367432,4.40310001373291,17533,0.0,0.0
2024-10-02 14:20:00-04:00,4.409999847412109,4.409999847412109,4.400100231170654,4.409999847412109,10236,0.0,0.0
2024-10-02 14:25:00-04:00,4.409999847412109,4.409999847412109,4.394999980926514,4.40500020980835,69319,0.0,0.0
2024-10-02 14:30:00-04:00,4.401400089263916,4.409999847412109,4.400000095367432,4.406000137329102,20753,0.0,0.0
2024-10-02 14:35:00-04:00,4.40500020980835,4.409999847412109,4.400000095367432,4.4096999168396,17165,0.0,0.0
2024-10-02 14:40:00-04:00,4.409999847412109,4.409999847412109,4.400000095367432,4.40500020980835,14553,0.0,0.0
2024-10-02 14:45:00-04:00,4.40500020980835,4.409999847412109,4.400000095367432,4.407599925994873,19803,0.0,0.0
2024-10-02 14:50:00-04:00,4.40939998626709,4.409999847412109,4.400000095367432,4.40500020980835,37312,0.0,0.0
2024-10-02 14:55:00-04:00,4.4019999504089355,4.409999847412109,4.400000095367432,4.40880012512207,16316,0.0,0.0
2024-10-02 15:00:00-04:00,4.40500020980835,4.409999847412109,4.400100231170654,4.40500020980835,10080,0.0,0.0
2024-10-02 15:05:00-04:00,4.40500020980835,4.40500020980835,4.380000114440918,4.385000228881836,139169,0.0,0.0
2024-10-02 15:10:00-04:00,4.385000228881836,4.389999866485596,4.380000114440918,4.382900238037109,39644,0.0,0.0
2024-10-02 15:15:00-04:00,4.383500099182129,4.389999866485596,4.380000114440918,4.385000228881836,29108,0.0,0.0
2024-10-02 15:20:00-04:00,4.383800029754639,4.389999866485596,4.380099773406982,4.385000228881836,21822,0.0,0.0
2024-10-02 15:25:00-04:00,4.385000228881836,4.389999866485596,4.380099773406982,4.389999866485596,26636,0.0,0.0
2024-10-02 15:30:00-04:00,4.385000228881836,4.389999866485596,4.380000114440918,4.382999897003174,33940,0.0,0.0
2024-10-02 15:35:00-04:00,4.388800144195557,4.400000095367432,4.380000114440918,4.400000095367432,84960,0.0,0.0
2024-10-02 15:40:00-04:00,4.394999980926514,4.409999847412109,4.391200065612793,4.4070000648498535,56138,0.0,0.0
2024-10-02 15:45:00-04:00,4.409999847412109,4.409999847412109,4.400000095367432,4.409999847412109,120855,0.0,0.0
2024-10-02 15:50:00-04:00,4.409999847412109,4.409999847412109,4.389999866485596,4.394999980926514,96176,0.0,0.0
2024-10-02 15:55:00-04:00,4.399899959564209,4.400000095367432,4.369999885559082,4.380000114440918,507606,0.0,0.0
2024-10-03 09:30:00-04:00,4.300000190734863,4.320000171661377,4.289999961853027,4.313199996948242,636842,0.0,0.0
2024-10-03 09:35:00-04:00,4.310100078582764,4.340000152587891,4.309999942779541,4.337500095367432,151145,0.0,0.0
2024-10-03 09:40:00-04:00,4.335000038146973,4.340000152587891,4.320000171661377,4.335000038146973,119603,0.0,0.0
2024-10-03 09:45:00-04:00,4.329999923706055,4.340000152587891,4.315000057220459,4.324999809265137,100578,0.0,0.0
2024-10-03 09:50:00-04:00,4.329999923706055,4.329999923706055,4.320000171661377,4.320000171661377,40448,0.0,0.0
2024-10-03 09:55:00-04:00,4.320099830627441,4.340000152587891,4.309999942779541,4.315000057220459,144644,0.0,0.0
2024-10-03 10:00:00-04:00,4.320000171661377,4.340000152587891,4.317999839782715,4.330100059509277,156359,0.0,0.0
2024-10-03 10:05:00-04:00,4.336900234222412,4.349999904632568,4.331600189208984,4.34499979019165,82361,0.0,0.0
2024-10-03 10:10:00-04:00,4.340000152587891,4.349999904632568,4.322999954223633,4.329899787902832,87976,0.0,0.0
2024-10-03 10:15:00-04:00,4.329999923706055,4.349999904632568,4.329999923706055,4.339900016784668,53742,0.0,0.0
2024-10-03 10:20:00-04:00,4.335000038146973,4.335000038146973,4.309999942779541,4.326300144195557,101143,0.0,0.0
2024-10-03 10:25:00-04:00,4.328024864196777,4.340000152587891,4.328024864196777,4.333399772644043,43345,0.0,0.0
2024-10-03 10:30:00-04:00,4.335000038146973,4.338900089263916,4.320000171661377,4.324699878692627,41212,0.0,0.0
2024-10-03 10:35:00-04:00,4.320000171661377,4.327499866485596,4.309999942779541,4.320300102233887,127768,0.0,0.0
2024-10-03 10:40:00-04:00,4.324999809265137,4.324999809265137,4.309999942779541,4.320000171661377,69072,0.0,0.0
2024-10-03 10:45:00-04:00,4.320000171661377,4.329899787902832,4.309999942779541,4.315000057220459,33481,0.0,0.0
2024-10-03 10:50:00-04:00,4.3171000480651855,4.320000171661377,4.309999942779541,4.316299915313721,24230,0.0,0.0
2024-10-03 10:55:00-04:00,4.320000171661377,4.320000171661377,4.310800075531006,4.315299987792969,43432,0.0,0.0
2024-10-03 11:00:00-04:00,4.320000171661377,4.329999923706055,4.320000171661377,4.324999809265137,37136,0.0,0.0
2024-10-03 11:05:00-04:00,4.324999809265137,4.340000152587891,4.323800086975098,4.335000038146973,26589,0.0,0.0
2024-10-03 11:10:00-04:00,4.340000152587891,4.340000152587891,4.323500156402588,4.329800128936768,29374,0.0,0.0
2024-10-03 11:15:00-04:00,4.329999923706055,4.340000152587891,4.329999923706055,4.333099842071533,38375,0.0,0.0
2024-10-03 11:20:00-04:00,4.339900016784668,4.360000133514404,4.329999923706055,4.353899955749512,42019,0.0,0.0
2024-10-03 11:25:00-04:00,4.355000019073486,4.360000133514404,4.349999904632568,4.355000019073486,28829,0.0,0.0
2024-10-03 11:30:00-04:00,4.349999904632568,4.380000114440918,4.349999904632568,4.380000114440918,137575,0.0,0.0
2024-10-03 11:35:00-04:00,4.370100021362305,4.380000114440918,4.369999885559082,4.370100021362305,102178,0.0,0.0
2024-10-03 11:40:00-04:00,4.375,4.400000095367432,4.375,4.386300086975098,115146,0.0,0.0
2024-10-03 11:45:00-04:00,4.389100074768066,4.389999866485596,4.380099773406982,4.389999866485596,41578,0.0,0.0
2024-10-03 11:50:00-04:00,4.385700225830078,4.400000095367432,4.38129997253418,4.399899959564209,20492,0.0,0.0
2024-10-03 11:55:00-04:00,4.3979997634887695,4.420000076293945,4.3979997634887695,4.420000076293945,42631,0.0,0.0
2024-10-03 12:00:00-04:00,4.420000076293945,4.420000076293945,4.400000095367432,4.40500020980835,100007,0.0,0.0
2024-10-03 12:05:00-04:00,4.406000137329102,4.409999847412109,4.400000095367432,4.409999847412109,15529,0.0,0.0
2024-10-03 12:10:00-04:00,4.409999847412109,4.409999847412109,4.400000095367432,4.40500020980835,9655,0.0,0.0
2024-10-03 12:15:00-04:00,4.40500020980835,4.420000076293945,4.400000095367432,4.411600112915039,128734,0.0,0.0
2024-10-03 12:20:00-04:00,4.418499946594238,4.440000057220459,4.414999961853027,4.440000057220459,126281,0.0,0.0
2024-10-03 12:25:00-04:00,4.440000057220459,4.460000038146973,4.429999828338623,4.460000038146973,149611,0.0,0.0
2024-10-03 12:30:00-04:00,4.454999923706055,4.460000038146973,4.441199779510498,4.460000038146973,209478,0.0,0.0
2024-10-03 12:35:00-04:00,4.454999923706055,4.5,4.449999809265137,4.499599933624268,186992,0.0,0.0
2024-10-03 12:40:00-04:00,4.4969000816345215,4.5,4.460000038146973,4.4633002281188965,305682,0.0,0.0
2024-10-03 12:45:00-04:00,4.465000152587891,4.46999979019165,4.449999809265137,4.460000038146973,67156,0.0,0.0
2024-10-03 12:50:00-04:00,4.452000141143799,4.460000038146973,4.440000057220459,4.445000171661377,75383,0.0,0.0
2024-10-03 12:55:00-04:00,4.440299987792969,4.449999809265137,4.420100212097168,4.429900169372559,112533,0.0,0.0
2024-10-03 13:00:00-04:00,4.429999828338623,4.429999828338623,4.390100002288818,4.409999847412109,147932,0.0,0.0
2024-10-03 13:05:00-04:00,4.40500020980835,4.409999847412109,4.400100231170654,4.40500020980835,50400,0.0,0.0
2024-10-03 13:10:00-04:00,4.40500020980835,4.409999847412109,4.390200138092041,4.409999847412109,45241,0.0,0.0
2024-10-03 13:15:00-04:00,4.409999847412109,4.418799877166748,4.401700019836426,4.414999961853027,23205,0.0,0.0
2024-10-03 13:20:00-04:00,4.414999961853027,4.440000057220459,4.414999961853027,4.43120002746582,87813,0.0,0.0
2024-10-03 13:25:00-04:00,4.434999942779541,4.440000057220459,4.429999828338623,4.433599948883057,33690,0.0,0.0
2024-10-03 13:30:00-04:00,4.434599876403809,4.440000057220459,4.429999828338623,4.433300018310547,30667,0.0,0.0
2024-10-03 13:35:00-04:00,4.434999942779541,4.439899921417236,4.409999847412109,4.420000076293945,96460,0.0,0.0
2024-10-03 13:40:00-04:00,4.410999774932861,4.420000076293945,4.409999847412109,4.414999961853027,9711,0.0,0.0
2024-10-03 13:45:00-04:00,4.409999847412109,4.429999828338623,4.409999847412109,4.425000190734863,27383,0.0,0.0
2024-10-03 13:50:00-04:00,4.420000076293945,4.434999942779541,4.420000076293945,4.425000190734863,23308,0.0,0.0
2024-10-03 13:55:00-04:00,4.421199798583984,4.429999828338623,4.420100212097168,4.420599937438965,13540,0.0,0.0
2024-10-03 14:00:00-04:00,4.424300193786621,4.429500102996826,4.412600040435791,4.412600040435791,26865,0.0,0.0
2024-10-03 14:05:00-04:00,4.414700031280518,4.419899940490723,4.409999847412109,4.412600040435791,4995,0.0,0.0
2024-10-03 14:10:00-04:00,4.417500019073486,4.420000076293945,4.409999847412109,4.413000106811523,18462,0.0,0.0
2024-10-03 14:15:00-04:00,4.409999847412109,4.420000076293945,4.409999847412109,4.414999961853027,18435,0.0,0.0
2024-10-03 14:20:00-04:00,4.412099838256836,4.420000076293945,4.409999847412109,4.420000076293945,11933,0.0,0.0
2024-10-03 14:25:00-04:00,4.417399883270264,4.420000076293945,4.409999847412109,4.420000076293945,20917,0.0,0.0
2024-10-03 14:30:00-04:00,4.420000076293945,4.420000076293945,4.410299777984619,4.420000076293945,11933,0.0,0.0
2024-10-03 14:35:00-04:00,4.418799877166748,4.420000076293945,4.410099983215332,4.420000076293945,7978,0.0,0.0
2024-10-03 14:40:00-04:00,4.413400173187256,4.429900169372559,4.409999847412109,4.414999961853027,35727,0.0,0.0
2024-10-03 14:45:00-04:00,4.414000034332275,4.420000076293945,4.409999847412109,4.410099983215332,14153,0.0,0.0
2024-10-03 14:50:00-04:00,4.414999961853027,4.429999828338623,4.413099765777588,4.428100109100342,47467,0.0,0.0
2024-10-03 14:55:00-04:00,4.427999973297119,4.429999828338623,4.420000076293945,4.420000076293945,10238,0.0,0.0
2024-10-03 15:00:00-04:00,4.420000076293945,4.429900169372559,4.410099983215332,4.423799991607666,31253,0.0,0.0
2024-10-03 15:05:00-04:00,4.426000118255615,4.429999828338623,4.420000076293945,4.425000190734863,8948,0.0,0.0
2024-10-03 15:10:00-04:00,4.426599979400635,4.429999828338623,4.420000076293945,4.428800106048584,25209,0.0,0.0
2024-10-03 15:15:00-04:00,4.425000190734863,4.429999828338623,4.420000076293945,4.425000190734863,5397,0.0,0.0
2024-10-03 15:20:00-04:00,4.4268999099731445,4.4268999099731445,4.40500020980835,4.40500020980835,87751,0.0,0.0
2024-10-03 15:25:00-04:00,4.40500020980835,4.409999847412109,4.400000095367432,4.409800052642822,14715,0.0,0.0
2024-10-03 15:30:00-04:00,4.409999847412109,4.409999847412109,4.400000095367432,4.40500020980835,11177,0.0,0.0
2024-10-03 15:35:00-04:00,4.407199859619141,4.420000076293945,4.407199859619141,4.414999961853027,41026,0.0,0.0
2024-10-03 15:40:00-04:00,4.420000076293945,4.420000076293945,4.410099983215332,4.419899940490723,29723,0.0,0.0
2024-10-03 15:45:00-04:00,4.420000076293945,4.420000076293945,4.410099983215332,4.420000076293945,22173,0.0,0.0
2024-10-03 15:50:00-04:00,4.420000076293945,4.429999828338623,4.418099880218506,4.425000190734863,95224,0.0,0.0
2024-10-03 15:55:00-04:00,4.429999828338623,4.440000057220459,4.423999786376953,4.434999942779541,226857,0.0,0.0
2024-10-04 09:30:00-04:00,4.46999979019165,4.510000228881836,4.46999979019165,4.485000133514404,384302,0.0,0.0
2024-10-04 09:35:00-04:00,4.4899001121521,4.490099906921387,4.470099925994873,4.4720001220703125,63664,0.0,0.0
2024-10-04 09:40:00-04:00,4.474999904632568,4.483799934387207,4.460000038146973,4.470300197601318,121702,0.0,0.0
2024-10-04 09:45:00-04:00,4.474999904632568,4.489999771118164,4.46999979019165,4.480000019073486,78005,0.0,0.0
2024-10-04 09:50:00-04:00,4.480000019073486,4.48829984664917,4.440000057220459,4.445000171661377,131790,0.0,0.0
2024-10-04 09:55:00-04:00,4.445000171661377,4.449999809265137,4.440000057220459,4.445000171661377,52640,0.0,0.0
2024-10-04 10:00:00-04:00,4.445000171661377,4.454999923706055,4.420000076293945,4.430099964141846,172756,0.0,0.0
2024-10-04 10:05:00-04:00,4.439899921417236,4.440000057220459,4.420000076293945,4.425000190734863,71908,0.0,0.0
2024-10-04 10:10:00-04:00,4.4274001121521,4.429999828338623,4.375999927520752,4.385000228881836,403894,0.0,0.0
2024-10-04 10:15:00-04:00,4.385000228881836,4.389999866485596,4.331600189208984,4.369900226593018,584223,0.0,0.0
2024-10-04 10:20:00-04:00,4.369999885559082,4.400000095367432,4.364999771118164,4.400000095367432,271997,0.0,0.0
2024-10-04 10:25:00-04:00,4.394999980926514,4.409999847412109,4.380099773406982,4.386603832244873,137904,0.0,0.0
2024-10-04 10:30:00-04:00,4.380000114440918,4.389999866485596,4.369999885559082,4.379300117492676,152282,0.0,0.0
2024-10-04 10:35:00-04:00,4.375,4.380000114440918,4.363399982452393,4.370100021362305,94469,0.0,0.0
2024-10-04 10:40:00-04:00,4.375,4.380000114440918,4.369999885559082,4.3765997886657715,96835,0.0,0.0
2024-10-04 10:45:00-04:00,4.369999885559082,4.380000114440918,4.349999904632568,4.355000019073486,241332,0.0,0.0
2024-10-04 10:50:00-04:00,4.353600025177002,4.369999885559082,4.351500034332275,4.364999771118164,124705,0.0,0.0
2024-10-04 10:55:00-04:00,4.361199855804443,4.385000228881836,4.360000133514404,4.364999771118164,128744,0.0,0.0
2024-10-04 11:00:00-04:00,4.368800163269043,4.380000114440918,4.360000133514404,4.364999771118164,111190,0.0,0.0
2024-10-04 11:05:00-04:00,4.36299991607666,4.369900226593018,4.349999904632568,4.350100040435791,136814,0.0,0.0
2024-10-04 11:10:00-04:00,4.355000019073486,4.360000133514404,4.349999904632568,4.349999904632568,59495,0.0,0.0
2024-10-04 11:15:00-04:00,4.349999904632568,4.360000133514404,4.349999904632568,4.355000019073486,29916,0.0,0.0
2024-10-04 11:20:00-04:00,4.355000019073486,4.360000133514404,4.349999904632568,4.349999904632568,60244,0.0,0.0
2024-10-04 11:25:00-04:00,4.355000019073486,4.359899997711182,4.340000152587891,4.343900203704834,119727,0.0,0.0
2024-10-04 11:30:00-04:00,4.346799850463867,4.349999904632568,4.340000152587891,4.349999904632568,43727,0.0,0.0
2024-10-04 11:35:00-04:00,4.349899768829346,4.369999885559082,4.340000152587891,4.364999771118164,100733,0.0,0.0
2024-10-04 11:40:00-04:00,4.369999885559082,4.378799915313721,4.360000133514404,4.366300106048584,42169,0.0,0.0
2024-10-04 11:45:00-04:00,4.363100051879883,4.380000114440918,4.349999904632568,4.349999904632568,267758,0.0,0.0
2024-10-04 11:50:00-04:00,4.359899997711182,4.359899997711182,4.349999904632568,4.356299877166748,24764,0.0,0.0
2024-10-04 11:55:00-04:00,4.355000019073486,4.360000133514404,4.340000152587891,4.355000019073486,226150,0.0,0.0
2024-10-04 12:00:00-04:00,4.357100009918213,4.360000133514404,4.349999904632568,4.349999904632568,63473,0.0,0.0
2024-10-04 12:05:00-04:00,4.360000133514404,4.375,4.351200103759766,4.375,145755,0.0,0.0
2024-10-04 12:10:00-04:00,4.372099876403809,4.380000114440918,4.369999885559082,4.369999885559082,121280,0.0,0.0
2024-10-04 12:15:00-04:00,4.375,4.380000114440918,4.369999885559082,4.369999885559082,176667,0.0,0.0
2024-10-04 12:20:00-04:00,4.380000114440918,4.420000076293945,4.369999885559082,4.410799980163574,97482,0.0,0.0
2024-10-04 12:25:00-04:00,4.414999961853027,4.420000076293945,4.409999847412109,4.414999961853027,54904,0.0,0.0
2024-10-04 12:30:00-04:00,4.4131999015808105,4.429999828338623,4.400100231170654,4.409999847412109,117494,0.0,0.0
2024-10-04 12:35:00-04:00,4.409999847412109,4.409999847412109,4.389999866485596,4.399899959564209,182939,0.0,0.0
2024-10-04 12:40:00-04:00,4.399899959564209,4.409999847412109,4.3933000564575195,4.400000095367432,55565,0.0,0.0
2024-10-04 12:45:00-04:00,4.400000095367432,4.409999847412109,4.389999866485596,4.394999980926514,34544,0.0,0.0
2024-10-04 12:50:00-04:00,4.389999866485596,4.440000057220459,4.389999866485596,4.425000190734863,421570,0.0,0.0
2024-10-04 12:55:00-04:00,4.420100212097168,4.429999828338623,4.400000095367432,4.400000095367432,94058,0.0,0.0
2024-10-04 13:00:00-04:00,4.409900188446045,4.409999847412109,4.400000095367432,4.409999847412109,44828,0.0,0.0
2024-10-04 13:05:00-04:00,4.4045000076293945,4.409999847412109,4.391200065612793,4.392899990081787,40074,0.0,0.0
2024-10-04 13:10:00-04:00,4.394999980926514,4.400000095367432,4.390100002288818,4.39300012588501,16653,0.0,0.0
2024-10-04 13:15:00-04:00,4.400000095367432,4.400000095367432,4.389999866485596,4.400000095367432,11412,0.0,0.0
2024-10-04 13:20:00-04:00,4.396999835968018,4.400000095367432,4.389999866485596,4.400000095367432,6601,0.0,0.0
2024-10-04 13:25:00-04:00,4.397799968719482,4.400000095367432,4.389999866485596,4.394999980926514,11021,0.0,0.0
2024-10-04 13:30:00-04:00,4.394999980926514,4.40500020980835,4.380000114440918,4.396599769592285,134066,0.0,0.0
2024-10-04 13:35:00-04:00,4.394999980926514,4.394999980926514,4.380000114440918,4.385000228881836,49992,0.0,0.0
2024-10-04 13:40:00-04:00,4.385000228881836,4.399700164794922,4.383800029754639,4.397500038146973,19654,0.0,0.0
2024-10-04 13:45:00-04:00,4.397900104522705,4.400000095367432,4.390200138092041,4.390200138092041,10544,0.0,0.0
2024-10-04 13:50:00-04:00,4.394999980926514,4.394999980926514,4.380000114440918,4.385000228881836,56741,0.0,0.0
2024-10-04 13:55:00-04:00,4.3821001052856445,4.389900207519531,4.380000114440918,4.380000114440918,9334,0.0,0.0
2024-10-04 14:00:00-04:00,4.385000228881836,4.387800216674805,4.380000114440918,4.385000228881836,10829,0.0,0.0
2024-10-04 14:05:00-04:00,4.385000228881836,4.389999866485596,4.380000114440918,4.383200168609619,51362,0.0,0.0
2024-10-04 14:10:00-04:00,4.385000228881836,4.386499881744385,4.3703999519348145,4.377299785614014,46802,0.0,0.0
2024-10-04 14:15:00-04:00,4.375,4.389999866485596,4.370299816131592,4.38700008392334,52358,0.0,0.0
2024-10-04 14:20:00-04:00,4.385000228881836,4.389999866485596,4.3821001052856445,4.383699893951416,11702,0.0,0.0
2024-10-04 14:25:00-04:00,4.385000228881836,4.389999866485596,4.380000114440918,4.380000114440918,23017,0.0,0.0
2024-10-04 14:30:00-04:00,4.380000114440918,4.400000095367432,4.380000114440918,4.400000095367432,130815,0.0,0.0
2024-10-04 14:35:00-04:00,4.400000095367432,4.400000095367432,4.389999866485596,4.394999980926514,31183,0.0,0.0
2024-10-04 14:40:00-04:00,4.400000095367432,4.400000095367432,4.389999866485596,4.392000198364258,57775,0.0,0.0
2024-10-04 14:45:00-04:00,4.394999980926514,4.400000095367432,4.389999866485596,4.394999980926514,22873,0.0,0.0
2024-10-04 14:50:00-04:00,4.396999835968018,4.400000095367432,4.389999866485596,4.394999980926514,31991,0.0,0.0
2024-10-04 14:55:00-04:00,4.394999980926514,4.409999847412109,4.389999866485596,4.409999847412109,124829,0.0,0.0
2024-10-04 15:00:00-04:00,4.40500020980835,4.409999847412109,4.400000095367432,4.40500020980835,12222,0.0,0.0
2024-10-04 15:05:00-04:00,4.40500020980835,4.420000076293945,4.400000095367432,4.414999961853027,50835,0.0,0.0
2024-10-04 15:10:00-04:00,4.414999961853027,4.420000076293945,4.389999866485596,4.389999866485596,82114,0.0,0.0
2024-10-04 15:15:00-04:00,4.389999866485596,4.400000095367432,4.3805999755859375,4.394999980926514,68052,0.0,0.0
2024-10-04 15:20:00-04:00,4.394999980926514,4.409999847412109,4.394700050354004,4.409999847412109,52555,0.0,0.0
2024-10-04 15:25:00-04:00,4.409999847412109,4.409999847412109,4.400000095367432,4.400000095367432,51113,0.0,0.0
2024-10-04 15:30:00-04:00,4.400000095367432,4.406300067901611,4.380000114440918,4.385000228881836,102111,0.0,0.0
2024-10-04 15:35:00-04:00,4.385000228881836,4.400000095367432,4.380000114440918,4.389999866485596,92281,0.0,0.0
2024-10-04 15:40:00-04:00,4.394999980926514,4.40500020980835,4.389999866485596,4.403500080108643,116226,0.0,0.0
2024-10-04 15:45:00-04:00,4.40500020980835,4.409999847412109,4.400000095367432,4.40500020980835,179614,0.0,0.0
2024-10-04 15:50:00-04:00,4.409999847412109,4.409999847412109,4.380000114440918,4.394999980926514,485672,0.0,0.0
2024-10-04 15:55:00-04:00,4.400000095367432,4.400000095367432,4.389999866485596,4.400000095367432,347476,0.0,0.0
