Datetime,Open,High,Low,Close,Volume,Dividends,Stock Splits
2024-09-05 09:30:00-04:00,38.5,38.77000045776367,38.5,38.56999969482422,12259,0.0,0.0
2024-09-05 09:35:00-04:00,38.529998779296875,38.579898834228516,38.529998779296875,38.579898834228516,774,0.0,0.0
2024-09-05 09:40:00-04:00,38.58000183105469,38.68000030517578,38.58000183105469,38.58000183105469,1595,0.0,0.0
2024-09-05 09:45:00-04:00,38.7400016784668,38.7400016784668,38.53010177612305,38.560001373291016,5626,0.0,0.0
2024-09-05 09:50:00-04:00,38.560001373291016,38.560001373291016,38.39500045776367,38.432098388671875,3236,0.0,0.0
2024-09-05 09:55:00-04:00,38.38999938964844,38.50899887084961,38.36000061035156,38.45000076293945,2495,0.0,0.0
2024-09-05 10:00:00-04:00,38.52000045776367,38.689998626708984,38.52000045776367,38.63999938964844,3734,0.0,0.0
2024-09-05 10:05:00-04:00,38.5,38.5,38.4921989440918,38.4921989440918,3451,0.0,0.0
2024-09-05 10:10:00-04:00,38.439998626708984,38.45000076293945,38.25,38.32979965209961,10013,0.0,0.0
2024-09-05 10:15:00-04:00,38.25,38.33000183105469,38.25,38.31999969482422,2336,0.0,0.0
2024-09-05 10:20:00-04:00,38.38999938964844,38.47999954223633,38.33649826049805,38.470001220703125,5549,0.0,0.0
2024-09-05 10:25:00-04:00,38.34000015258789,38.349998474121094,38.25,38.31999969482422,3428,0.0,0.0
2024-09-05 10:30:00-04:00,38.3650016784668,38.3650016784668,38.3650016784668,38.3650016784668,530,0.0,0.0
2024-09-05 10:35:00-04:00,38.27000045776367,38.400001525878906,38.27000045776367,38.32080078125,1554,0.0,0.0
2024-09-05 10:40:00-04:00,38.2400016784668,38.2400016784668,38.130001068115234,38.1349983215332,3960,0.0,0.0
2024-09-05 10:45:00-04:00,38.11000061035156,38.11000061035156,37.900001525878906,37.939998626708984,14302,0.0,0.0
2024-09-05 10:50:00-04:00,37.900001525878906,37.915000915527344,37.835201263427734,37.835201263427734,2158,0.0,0.0
2024-09-05 10:55:00-04:00,37.88999938964844,37.9900016784668,37.88999938964844,37.9900016784668,4484,0.0,0.0
2024-09-05 11:00:00-04:00,37.91109848022461,37.970001220703125,37.81999969482422,37.83000183105469,7446,0.0,0.0
2024-09-05 11:05:00-04:00,37.85499954223633,38.005001068115234,37.85499954223633,38.0,4335,0.0,0.0
2024-09-05 11:10:00-04:00,37.900001525878906,37.904998779296875,37.7599983215332,37.80500030517578,5953,0.0,0.0
2024-09-05 11:15:00-04:00,37.80500030517578,37.849998474121094,37.775001525878906,37.81999969482422,2889,0.0,0.0
2024-09-05 11:20:00-04:00,37.900001525878906,38.02000045776367,37.80500030517578,37.80500030517578,7515,0.0,0.0
2024-09-05 11:25:00-04:00,37.8489990234375,37.8489990234375,37.7599983215332,37.810001373291016,5135,0.0,0.0
2024-09-05 11:30:00-04:00,37.849998474121094,37.849998474121094,37.814998626708984,37.814998626708984,1029,0.0,0.0
2024-09-05 11:35:00-04:00,37.81999969482422,37.90999984741211,37.81999969482422,37.90999984741211,1731,0.0,0.0
2024-09-05 11:40:00-04:00,37.87269973754883,37.88999938964844,37.87269973754883,37.88999938964844,806,0.0,0.0
2024-09-05 11:45:00-04:00,37.89500045776367,37.936100006103516,37.8849983215332,37.8849983215332,2477,0.0,0.0
2024-09-05 11:50:00-04:00,37.85499954223633,37.88999938964844,37.7599983215332,37.7599983215332,5014,0.0,0.0
2024-09-05 11:55:00-04:00,37.775001525878906,37.810001373291016,37.77000045776367,37.790000915527344,3156,0.0,0.0
2024-09-05 12:00:00-04:00,37.81999969482422,37.9900016784668,37.79499816894531,37.93000030517578,5935,0.0,0.0
2024-09-05 12:05:00-04:00,37.900001525878906,37.939998626708984,37.88999938964844,37.915000915527344,1750,0.0,0.0
2024-09-05 12:10:00-04:00,37.915000915527344,37.915000915527344,37.84000015258789,37.875,3071,0.0,0.0
2024-09-05 12:15:00-04:00,37.90999984741211,37.91999816894531,37.88999938964844,37.90999984741211,3212,0.0,0.0
2024-09-05 12:20:00-04:00,37.939998626708984,37.959999084472656,37.915000915527344,37.91999816894531,2548,0.0,0.0
2024-09-05 12:25:00-04:00,37.95000076293945,37.959999084472656,37.935001373291016,37.95000076293945,1798,0.0,0.0
2024-09-05 12:30:00-04:00,37.95000076293945,38.0,37.87009811401367,37.89500045776367,6097,0.0,0.0
2024-09-05 12:35:00-04:00,37.91999816894531,37.93000030517578,37.900001525878906,37.900001525878906,2800,0.0,0.0
2024-09-05 12:40:00-04:00,37.89500045776367,37.95000076293945,37.89500045776367,37.939998626708984,1713,0.0,0.0
2024-09-05 12:45:00-04:00,37.939998626708984,37.939998626708984,37.849998474121094,37.91999816894531,1759,0.0,0.0
2024-09-05 12:50:00-04:00,37.83000183105469,37.83000183105469,37.79999923706055,37.79999923706055,1243,0.0,0.0
2024-09-05 12:55:00-04:00,37.75,37.83000183105469,37.72999954223633,37.79499816894531,23546,0.0,0.0
2024-09-05 13:00:00-04:00,37.79999923706055,37.83000183105469,37.720001220703125,37.75,4282,0.0,0.0
2024-09-05 13:05:00-04:00,37.75,37.790000915527344,37.720001220703125,37.790000915527344,7313,0.0,0.0
2024-09-05 13:10:00-04:00,37.78499984741211,37.78499984741211,37.7599983215332,37.7599983215332,1244,0.0,0.0
2024-09-05 13:15:00-04:00,37.75,37.810001373291016,37.720001220703125,37.75,6251,0.0,0.0
2024-09-05 13:20:00-04:00,37.790000915527344,37.79499816894531,37.7599983215332,37.76499938964844,2335,0.0,0.0
2024-09-05 13:25:00-04:00,37.79499816894531,37.83000183105469,37.7400016784668,37.775001525878906,2896,0.0,0.0
2024-09-05 13:30:00-04:00,37.7400016784668,37.779998779296875,37.709999084472656,37.755001068115234,6823,0.0,0.0
2024-09-05 13:35:00-04:00,37.755001068115234,37.83000183105469,37.755001068115234,37.779998779296875,4670,0.0,0.0
2024-09-05 13:40:00-04:00,37.78499984741211,37.875,37.78499984741211,37.875,3688,0.0,0.0
2024-09-05 13:45:00-04:00,37.88999938964844,38.0,37.875,37.900001525878906,22139,0.0,0.0
2024-09-05 13:50:00-04:00,37.88999938964844,37.95000076293945,37.880001068115234,37.880001068115234,5384,0.0,0.0
2024-09-05 13:55:00-04:00,37.8849983215332,38.02000045776367,37.8849983215332,37.9900016784668,6975,0.0,0.0
2024-09-05 14:00:00-04:00,37.9900016784668,38.02000045776367,37.97999954223633,37.9900016784668,2680,0.0,0.0
2024-09-05 14:05:00-04:00,37.98500061035156,38.029998779296875,37.95000076293945,38.029998779296875,5054,0.0,0.0
2024-09-05 14:10:00-04:00,38.029998779296875,38.040000915527344,37.935001373291016,37.935001373291016,5333,0.0,0.0
2024-09-05 14:15:00-04:00,37.935001373291016,38.04999923706055,37.92499923706055,37.97999954223633,9615,0.0,0.0
2024-09-05 14:20:00-04:00,38.0099983215332,38.060001373291016,37.98030090332031,38.029998779296875,5484,0.0,0.0
2024-09-05 14:25:00-04:00,38.03499984741211,38.06999969482422,38.02000045776367,38.04499816894531,4288,0.0,0.0
2024-09-05 14:30:00-04:00,38.06999969482422,38.08000183105469,37.915000915527344,37.915000915527344,8307,0.0,0.0
2024-09-05 14:35:00-04:00,37.900001525878906,37.970001220703125,37.900001525878906,37.96500015258789,4185,0.0,0.0
2024-09-05 14:40:00-04:00,37.96500015258789,38.0,37.95000076293945,37.97999954223633,6423,0.0,0.0
2024-09-05 14:45:00-04:00,38.0,38.0099983215332,37.939998626708984,37.970001220703125,4410,0.0,0.0
2024-09-05 14:50:00-04:00,38.0,38.02000045776367,37.869998931884766,37.869998931884766,5927,0.0,0.0
2024-09-05 14:55:00-04:00,37.869998931884766,37.90999984741211,37.845001220703125,37.88999938964844,5446,0.0,0.0
2024-09-05 15:00:00-04:00,37.900001525878906,37.93000030517578,37.869998931884766,37.880001068115234,6869,0.0,0.0
2024-09-05 15:05:00-04:00,37.869998931884766,37.880001068115234,37.83000183105469,37.880001068115234,2069,0.0,0.0
2024-09-05 15:10:00-04:00,37.880001068115234,37.900001525878906,37.81999969482422,37.81999969482422,21274,0.0,0.0
2024-09-05 15:15:00-04:00,37.81999969482422,38.0,37.755001068115234,38.0,13986,0.0,0.0
2024-09-05 15:20:00-04:00,37.97999954223633,38.0099983215332,37.875,37.875,28457,0.0,0.0
2024-09-05 15:25:00-04:00,37.959999084472656,37.9900016784668,37.89500045776367,37.904998779296875,10277,0.0,0.0
2024-09-05 15:30:00-04:00,37.904998779296875,38.20500183105469,37.904998779296875,38.20500183105469,38012,0.0,0.0
2024-09-05 15:35:00-04:00,38.22999954223633,38.22999954223633,38.1150016784668,38.1150016784668,12859,0.0,0.0
2024-09-05 15:40:00-04:00,38.1150016784668,38.209999084472656,38.09000015258789,38.19499969482422,19042,0.0,0.0
2024-09-05 15:45:00-04:00,38.189998626708984,38.369998931884766,38.18000030517578,38.345001220703125,18786,0.0,0.0
2024-09-05 15:50:00-04:00,38.35499954223633,38.35499954223633,38.040000915527344,38.06999969482422,38687,0.0,0.0
2024-09-05 15:55:00-04:00,38.07500076293945,38.13999938964844,38.04999923706055,38.13999938964844,80221,0.0,0.0
2024-09-06 09:30:00-04:00,38.40999984741211,38.60499954223633,38.38999938964844,38.56999969482422,19801,0.0,0.0
2024-09-06 09:35:00-04:00,38.599998474121094,38.599998474121094,38.459999084472656,38.5099983215332,3523,0.0,0.0
2024-09-06 09:40:00-04:00,38.72999954223633,38.72999954223633,38.685001373291016,38.685001373291016,1322,0.0,0.0
2024-09-06 09:45:00-04:00,38.790000915527344,38.96739959716797,38.790000915527344,38.939998626708984,8590,0.0,0.0
2024-09-06 09:50:00-04:00,38.915000915527344,38.915000915527344,38.78499984741211,38.78499984741211,4365,0.0,0.0
2024-09-06 09:55:00-04:00,38.79999923706055,38.79999923706055,38.630001068115234,38.709999084472656,5197,0.0,0.0
2024-09-06 10:00:00-04:00,38.619998931884766,38.685001373291016,38.56999969482422,38.6150016784668,4208,0.0,0.0
2024-09-06 10:05:00-04:00,38.6150016784668,38.6150016784668,38.435001373291016,38.435001373291016,5828,0.0,0.0
2024-09-06 10:10:00-04:00,38.349998474121094,38.47999954223633,38.33000183105469,38.35499954223633,11060,0.0,0.0
2024-09-06 10:15:00-04:00,38.36000061035156,38.38529968261719,38.34000015258789,38.345001220703125,4889,0.0,0.0
2024-09-06 10:20:00-04:00,38.40999984741211,38.40999984741211,38.27000045776367,38.314998626708984,7433,0.0,0.0
2024-09-06 10:25:00-04:00,38.275001525878906,38.275001525878906,38.15999984741211,38.185001373291016,4956,0.0,0.0
2024-09-06 10:30:00-04:00,38.18000030517578,38.18000030517578,38.084999084472656,38.084999084472656,2457,0.0,0.0
2024-09-06 10:35:00-04:00,37.95000076293945,37.962501525878906,37.83000183105469,37.869998931884766,8166,0.0,0.0
2024-09-06 10:40:00-04:00,37.83000183105469,37.880001068115234,37.72999954223633,37.75019836425781,7748,0.0,0.0
2024-09-06 10:45:00-04:00,37.720001220703125,37.84000015258789,37.720001220703125,37.79999923706055,3903,0.0,0.0
2024-09-06 10:50:00-04:00,37.86000061035156,37.970001220703125,37.86000061035156,37.970001220703125,5465,0.0,0.0
2024-09-06 10:55:00-04:00,38.0099983215332,38.05500030517578,38.0,38.05500030517578,1268,0.0,0.0
2024-09-06 11:00:00-04:00,38.064998626708984,38.380001068115234,38.064998626708984,38.380001068115234,4507,0.0,0.0
2024-09-06 11:05:00-04:00,38.279998779296875,38.380001068115234,38.099998474121094,38.099998474121094,4925,0.0,0.0
2024-09-06 11:10:00-04:00,37.9900016784668,38.08000183105469,37.81999969482422,37.81999969482422,5058,0.0,0.0
2024-09-06 11:15:00-04:00,37.79010009765625,37.83250045776367,37.619998931884766,37.685001373291016,2924,0.0,0.0
2024-09-06 11:20:00-04:00,37.689998626708984,37.689998626708984,37.54999923706055,37.54999923706055,6914,0.0,0.0
2024-09-06 11:25:00-04:00,37.4900016784668,37.505001068115234,37.400001525878906,37.400001525878906,5710,0.0,0.0
2024-09-06 11:30:00-04:00,37.400001525878906,37.47999954223633,37.400001525878906,37.400001525878906,4066,0.0,0.0
2024-09-06 11:35:00-04:00,37.400001525878906,37.41999816894531,37.349998474121094,37.38999938964844,12774,0.0,0.0
2024-09-06 11:40:00-04:00,37.38999938964844,37.4099006652832,37.349998474121094,37.349998474121094,4991,0.0,0.0
2024-09-06 11:45:00-04:00,37.34000015258789,37.380001068115234,37.31999969482422,37.380001068115234,5014,0.0,0.0
2024-09-06 11:50:00-04:00,37.34000015258789,37.35499954223633,37.290000915527344,37.32500076293945,3539,0.0,0.0
2024-09-06 11:55:00-04:00,37.380001068115234,37.505401611328125,37.380001068115234,37.505401611328125,3738,0.0,0.0
2024-09-06 12:00:00-04:00,37.43000030517578,37.48500061035156,37.40999984741211,37.48500061035156,2135,0.0,0.0
2024-09-06 12:05:00-04:00,37.470001220703125,37.529998779296875,37.459999084472656,37.477500915527344,2029,0.0,0.0
2024-09-06 12:10:00-04:00,37.5099983215332,37.560001373291016,37.5099983215332,37.560001373291016,1395,0.0,0.0
2024-09-06 12:15:00-04:00,37.560001373291016,37.560001373291016,37.5,37.560001373291016,2108,0.0,0.0
2024-09-06 12:20:00-04:00,37.560001373291016,37.720001220703125,37.54999923706055,37.720001220703125,6786,0.0,0.0
2024-09-06 12:25:00-04:00,37.83000183105469,37.83000183105469,37.68000030517578,37.68000030517578,2695,0.0,0.0
2024-09-06 12:30:00-04:00,37.68000030517578,37.709999084472656,37.654998779296875,37.709999084472656,1614,0.0,0.0
2024-09-06 12:35:00-04:00,37.720001220703125,37.75,37.54999923706055,37.630001068115234,6414,0.0,0.0
2024-09-06 12:40:00-04:00,37.63999938964844,37.63999938964844,37.595001220703125,37.595001220703125,1202,0.0,0.0
2024-09-06 12:45:00-04:00,37.63999938964844,37.63999938964844,37.529998779296875,37.54999923706055,3607,0.0,0.0
2024-09-06 12:50:00-04:00,37.58000183105469,37.63999938964844,37.58000183105469,37.63999938964844,2595,0.0,0.0
2024-09-06 12:55:00-04:00,37.625,37.709999084472656,37.5900993347168,37.709999084472656,3161,0.0,0.0
2024-09-06 13:00:00-04:00,37.709999084472656,37.72999954223633,37.650001525878906,37.72999954223633,3401,0.0,0.0
2024-09-06 13:05:00-04:00,37.7599983215332,37.790000915527344,37.720001220703125,37.790000915527344,2124,0.0,0.0
2024-09-06 13:10:00-04:00,37.88999938964844,37.97999954223633,37.85499954223633,37.900001525878906,14858,0.0,0.0
2024-09-06 13:15:00-04:00,37.90999984741211,37.90999984741211,37.790000915527344,37.790000915527344,4555,0.0,0.0
2024-09-06 13:20:00-04:00,37.82500076293945,37.93000030517578,37.8135986328125,37.93000030517578,5434,0.0,0.0
2024-09-06 13:25:00-04:00,37.869998931884766,37.869998931884766,37.76499938964844,37.80500030517578,5193,0.0,0.0
2024-09-06 13:30:00-04:00,37.720001220703125,37.810001373291016,37.71500015258789,37.79999923706055,6952,0.0,0.0
2024-09-06 13:35:00-04:00,37.7599983215332,37.79999923706055,37.72999954223633,37.775001525878906,3499,0.0,0.0
2024-09-06 13:40:00-04:00,37.775001525878906,37.82500076293945,37.775001525878906,37.82500076293945,1955,0.0,0.0
2024-09-06 13:45:00-04:00,37.82500076293945,37.83000183105469,37.75,37.78499984741211,3939,0.0,0.0
2024-09-06 13:50:00-04:00,37.78499984741211,37.79499816894531,37.75,37.79499816894531,5893,0.0,0.0
2024-09-06 13:55:00-04:00,37.79499816894531,37.849998474121094,37.650001525878906,37.650001525878906,7533,0.0,0.0
2024-09-06 14:00:00-04:00,37.619998931884766,37.619998931884766,37.529998779296875,37.529998779296875,4780,0.0,0.0
2024-09-06 14:05:00-04:00,37.564998626708984,37.599998474121094,37.529998779296875,37.587501525878906,3705,0.0,0.0
2024-09-06 14:10:00-04:00,37.54999923706055,37.560001373291016,37.529998779296875,37.529998779296875,2538,0.0,0.0
2024-09-06 14:15:00-04:00,37.560001373291016,37.58000183105469,37.5099983215332,37.53499984741211,4947,0.0,0.0
2024-09-06 14:20:00-04:00,37.510101318359375,37.53499984741211,37.400001525878906,37.41999816894531,6416,0.0,0.0
2024-09-06 14:25:00-04:00,37.439998626708984,37.459999084472656,37.415000915527344,37.459999084472656,6647,0.0,0.0
2024-09-06 14:30:00-04:00,37.439998626708984,37.439998626708984,37.29499816894531,37.29999923706055,6439,0.0,0.0
2024-09-06 14:35:00-04:00,37.29999923706055,37.30500030517578,37.25,37.25,7287,0.0,0.0
2024-09-06 14:40:00-04:00,37.29999923706055,37.29999923706055,37.22999954223633,37.290000915527344,5686,0.0,0.0
2024-09-06 14:45:00-04:00,37.279998779296875,37.279998779296875,37.154998779296875,37.154998779296875,5283,0.0,0.0
2024-09-06 14:50:00-04:00,37.224098205566406,37.269901275634766,37.189998626708984,37.2400016784668,4629,0.0,0.0
2024-09-06 14:55:00-04:00,37.2400016784668,37.29999923706055,37.22999954223633,37.2599983215332,5694,0.0,0.0
2024-09-06 15:00:00-04:00,37.29999923706055,37.29999923706055,37.13999938964844,37.220001220703125,12779,0.0,0.0
2024-09-06 15:05:00-04:00,37.25,37.25,37.209999084472656,37.2400016784668,5113,0.0,0.0
2024-09-06 15:10:00-04:00,37.25,37.32500076293945,37.25,37.32500076293945,15813,0.0,0.0
2024-09-06 15:15:00-04:00,37.32749938964844,37.36000061035156,37.29499816894531,37.29499816894531,8899,0.0,0.0
2024-09-06 15:20:00-04:00,37.290000915527344,37.314998626708984,37.290000915527344,37.310001373291016,9703,0.0,0.0
2024-09-06 15:25:00-04:00,37.290000915527344,37.31999969482422,37.25,37.25,15546,0.0,0.0
2024-09-06 15:30:00-04:00,37.25,37.27000045776367,37.21500015258789,37.27000045776367,9081,0.0,0.0
2024-09-06 15:35:00-04:00,37.2400016784668,37.29999923706055,37.2400016784668,37.290000915527344,12037,0.0,0.0
2024-09-06 15:40:00-04:00,37.279998779296875,37.369998931884766,37.19499969482422,37.20000076293945,19290,0.0,0.0
2024-09-06 15:45:00-04:00,37.18000030517578,37.27000045776367,37.15999984741211,37.19499969482422,20360,0.0,0.0
2024-09-06 15:50:00-04:00,37.189998626708984,37.220001220703125,37.04999923706055,37.16999816894531,43967,0.0,0.0
2024-09-06 15:55:00-04:00,37.209999084472656,37.369998931884766,37.150001525878906,37.34000015258789,69828,0.0,0.0
2024-09-09 09:30:00-04:00,37.189998626708984,37.189998626708984,36.38999938964844,36.42259979248047,20000,0.0,0.0
2024-09-09 09:35:00-04:00,36.42839813232422,36.65999984741211,36.42839813232422,36.65999984741211,3182,0.0,0.0
2024-09-09 09:40:00-04:00,36.73590087890625,36.869998931884766,36.47679901123047,36.56999969482422,12777,0.0,0.0
2024-09-09 09:45:00-04:00,36.56999969482422,36.88999938964844,36.540000915527344,36.79999923706055,8154,0.0,0.0
2024-09-09 09:50:00-04:00,36.689998626708984,36.95000076293945,36.689998626708984,36.90999984741211,5970,0.0,0.0
2024-09-09 09:55:00-04:00,36.89799880981445,36.9900016784668,36.77000045776367,36.790000915527344,14197,0.0,0.0
2024-09-09 10:00:00-04:00,36.849998474121094,37.0,36.79999923706055,36.9900016784668,9412,0.0,0.0
2024-09-09 10:05:00-04:00,36.98500061035156,37.26499938964844,36.98500061035156,37.15999984741211,11845,0.0,0.0
2024-09-09 10:10:00-04:00,37.13999938964844,37.165000915527344,37.06999969482422,37.130001068115234,3962,0.0,0.0
2024-09-09 10:15:00-04:00,37.08000183105469,37.334999084472656,37.0099983215332,37.279998779296875,12183,0.0,0.0
2024-09-09 10:20:00-04:00,37.34000015258789,37.349998474121094,37.12009811401367,37.189998626708984,4720,0.0,0.0
2024-09-09 10:25:00-04:00,37.25,37.29999923706055,37.06999969482422,37.095001220703125,5627,0.0,0.0
2024-09-09 10:30:00-04:00,37.02000045776367,37.119998931884766,37.0,37.06999969482422,5764,0.0,0.0
2024-09-09 10:35:00-04:00,37.150001525878906,37.209999084472656,37.130001068115234,37.15999984741211,36397,0.0,0.0
2024-09-09 10:40:00-04:00,37.11000061035156,37.220001220703125,37.099998474121094,37.189998626708984,17502,0.0,0.0
2024-09-09 10:45:00-04:00,37.189998626708984,37.25,37.189998626708984,37.25,2942,0.0,0.0
2024-09-09 10:50:00-04:00,37.25,37.31999969482422,37.189998626708984,37.31999969482422,5648,0.0,0.0
2024-09-09 10:55:00-04:00,37.32789993286133,37.32789993286133,37.220001220703125,37.2599983215332,4408,0.0,0.0
2024-09-09 11:00:00-04:00,37.20500183105469,37.23500061035156,37.0099983215332,37.029998779296875,9783,0.0,0.0
2024-09-09 11:05:00-04:00,37.07500076293945,37.130001068115234,37.04999923706055,37.119998931884766,3277,0.0,0.0
2024-09-09 11:10:00-04:00,37.130001068115234,37.15999984741211,37.0099983215332,37.0099983215332,4658,0.0,0.0
2024-09-09 11:15:00-04:00,37.0099983215332,37.0099983215332,36.970001220703125,36.970001220703125,2340,0.0,0.0
2024-09-09 11:20:00-04:00,36.98500061035156,37.0099983215332,36.96500015258789,36.974998474121094,3105,0.0,0.0
2024-09-09 11:25:00-04:00,36.91999816894531,36.970001220703125,36.90999984741211,36.90999984741211,2723,0.0,0.0
2024-09-09 11:30:00-04:00,36.994998931884766,37.13990020751953,36.939998626708984,37.13990020751953,6821,0.0,0.0
2024-09-09 11:35:00-04:00,37.130001068115234,37.130001068115234,37.040000915527344,37.07500076293945,2490,0.0,0.0
2024-09-09 11:40:00-04:00,37.09000015258789,37.165000915527344,37.06999969482422,37.165000915527344,2341,0.0,0.0
2024-09-09 11:45:00-04:00,37.15999984741211,37.27000045776367,37.15999984741211,37.27000045776367,3128,0.0,0.0
2024-09-09 11:50:00-04:00,37.22010040283203,37.470001220703125,37.22010040283203,37.470001220703125,27188,0.0,0.0
2024-09-09 11:55:00-04:00,37.439998626708984,37.47999954223633,37.29999923706055,37.345001220703125,4951,0.0,0.0
2024-09-09 12:00:00-04:00,37.29999923706055,37.29999923706055,37.25,37.29999923706055,3797,0.0,0.0
2024-09-09 12:05:00-04:00,37.26499938964844,37.369998931884766,37.2400016784668,37.369998931884766,2716,0.0,0.0
2024-09-09 12:10:00-04:00,37.43000030517578,37.43000030517578,37.31999969482422,37.31999969482422,5459,0.0,0.0
2024-09-09 12:15:00-04:00,37.27000045776367,37.275001525878906,37.189998626708984,37.237998962402344,2171,0.0,0.0
2024-09-09 12:20:00-04:00,37.23500061035156,37.23500061035156,37.15999984741211,37.15999984741211,3583,0.0,0.0
2024-09-09 12:25:00-04:00,37.13999938964844,37.165000915527344,37.130001068115234,37.150001525878906,1676,0.0,0.0
2024-09-09 12:30:00-04:00,37.130001068115234,37.130001068115234,36.959999084472656,36.98400115966797,6989,0.0,0.0
2024-09-09 12:35:00-04:00,36.959999084472656,36.970001220703125,36.900001525878906,36.915000915527344,2972,0.0,0.0
2024-09-09 12:40:00-04:00,36.9005012512207,36.95000076293945,36.900001525878906,36.939998626708984,3124,0.0,0.0
2024-09-09 12:45:00-04:00,36.939998626708984,36.98500061035156,36.90999984741211,36.90999984741211,4704,0.0,0.0
2024-09-09 12:50:00-04:00,36.95500183105469,36.9900016784668,36.90999984741211,36.9900016784668,2170,0.0,0.0
2024-09-09 12:55:00-04:00,36.88999938964844,36.9900016784668,36.88999938964844,36.959999084472656,2551,0.0,0.0
2024-09-09 13:00:00-04:00,36.91999816894531,36.93000030517578,36.86000061035156,36.92430114746094,4041,0.0,0.0
2024-09-09 13:05:00-04:00,36.900001525878906,36.90840148925781,36.86000061035156,36.88999938964844,4583,0.0,0.0
2024-09-09 13:10:00-04:00,36.88999938964844,36.90999984741211,36.7599983215332,36.7599983215332,7252,0.0,0.0
2024-09-09 13:15:00-04:00,36.779998779296875,36.83000183105469,36.779998779296875,36.810001373291016,1292,0.0,0.0
2024-09-09 13:20:00-04:00,36.810001373291016,36.810001373291016,36.65999984741211,36.65999984741211,5002,0.0,0.0
2024-09-09 13:25:00-04:00,36.650001525878906,36.7599983215332,36.650001525878906,36.7400016784668,6760,0.0,0.0
2024-09-09 13:30:00-04:00,36.7400016784668,36.77000045776367,36.66999816894531,36.66999816894531,3938,0.0,0.0
2024-09-09 13:35:00-04:00,36.689998626708984,36.689998626708984,36.68000030517578,36.68000030517578,2561,0.0,0.0
2024-09-09 13:40:00-04:00,36.66999816894531,36.66999816894531,36.540000915527344,36.57500076293945,6303,0.0,0.0
2024-09-09 13:45:00-04:00,36.57500076293945,36.57500076293945,36.400001525878906,36.400001525878906,9504,0.0,0.0
2024-09-09 13:50:00-04:00,36.40999984741211,36.438201904296875,36.369998931884766,36.369998931884766,3001,0.0,0.0
2024-09-09 13:55:00-04:00,36.349998474121094,36.369998931884766,36.29999923706055,36.314998626708984,13688,0.0,0.0
2024-09-09 14:00:00-04:00,36.27000045776367,36.29999923706055,36.25,36.29999923706055,3355,0.0,0.0
2024-09-09 14:05:00-04:00,36.29999923706055,36.30500030517578,36.2400016784668,36.26499938964844,5794,0.0,0.0
2024-09-09 14:10:00-04:00,36.2400016784668,36.284400939941406,36.2400016784668,36.27000045776367,3245,0.0,0.0
2024-09-09 14:15:00-04:00,36.28630065917969,36.28630065917969,36.220001220703125,36.2599983215332,5870,0.0,0.0
2024-09-09 14:20:00-04:00,36.2599983215332,36.27730178833008,36.18000030517578,36.2400016784668,15036,0.0,0.0
2024-09-09 14:25:00-04:00,36.23500061035156,36.2599983215332,36.20000076293945,36.209999084472656,5447,0.0,0.0
2024-09-09 14:30:00-04:00,36.21500015258789,36.21500015258789,36.189998626708984,36.209999084472656,4118,0.0,0.0
2024-09-09 14:35:00-04:00,36.189998626708984,36.20500183105469,36.01499938964844,36.01499938964844,18416,0.0,0.0
2024-09-09 14:40:00-04:00,36.01499938964844,36.13999938964844,36.01499938964844,36.13240051269531,8404,0.0,0.0
2024-09-09 14:45:00-04:00,36.11000061035156,36.13999938964844,36.10499954223633,36.1349983215332,3818,0.0,0.0
2024-09-09 14:50:00-04:00,36.13999938964844,36.18989944458008,36.130001068115234,36.130001068115234,6395,0.0,0.0
2024-09-09 14:55:00-04:00,36.119998931884766,36.119998931884766,36.0,36.0,11834,0.0,0.0
2024-09-09 15:00:00-04:00,35.97999954223633,36.09000015258789,35.95500183105469,36.04499816894531,11327,0.0,0.0
2024-09-09 15:05:00-04:00,36.029998779296875,36.029998779296875,35.91999816894531,36.0,13363,0.0,0.0
2024-09-09 15:10:00-04:00,36.0,36.01499938964844,35.91999816894531,35.98500061035156,5656,0.0,0.0
2024-09-09 15:15:00-04:00,36.02000045776367,36.02000045776367,35.88800048828125,35.88800048828125,13269,0.0,0.0
2024-09-09 15:20:00-04:00,35.869998931884766,35.974998474121094,35.779998779296875,35.974998474121094,16476,0.0,0.0
2024-09-09 15:25:00-04:00,35.974998474121094,36.2400016784668,35.959999084472656,36.2400016784668,13852,0.0,0.0
2024-09-09 15:30:00-04:00,36.25,36.33000183105469,36.119998931884766,36.13999938964844,25073,0.0,0.0
2024-09-09 15:35:00-04:00,36.16999816894531,36.16999816894531,35.91999816894531,35.977500915527344,19358,0.0,0.0
2024-09-09 15:40:00-04:00,36.0099983215332,36.18000030517578,36.0099983215332,36.150001525878906,17382,0.0,0.0
2024-09-09 15:45:00-04:00,36.150001525878906,36.25,36.1150016784668,36.189998626708984,18415,0.0,0.0
2024-09-09 15:50:00-04:00,36.20000076293945,36.310001373291016,36.20000076293945,36.27000045776367,26465,0.0,0.0
2024-09-09 15:55:00-04:00,36.22999954223633,36.22999954223633,36.0,36.08000183105469,134005,0.0,0.0
2024-09-10 09:30:00-04:00,36.16999816894531,36.16999816894531,35.630001068115234,35.83000183105469,11552,0.0,0.0
2024-09-10 09:35:00-04:00,35.83000183105469,35.849998474121094,35.790000915527344,35.84000015258789,2076,0.0,0.0
2024-09-10 09:40:00-04:00,35.73500061035156,35.73500061035156,35.540000915527344,35.540000915527344,3652,0.0,0.0
2024-09-10 09:45:00-04:00,35.529998779296875,35.58000183105469,35.400001525878906,35.47999954223633,10100,0.0,0.0
2024-09-10 09:50:00-04:00,35.5099983215332,35.5099983215332,35.36000061035156,35.41999816894531,5726,0.0,0.0
2024-09-10 09:55:00-04:00,35.459999084472656,35.470001220703125,35.29999923706055,35.43000030517578,8581,0.0,0.0
2024-09-10 10:00:00-04:00,35.53499984741211,35.66999816894531,35.53499984741211,35.665000915527344,8907,0.0,0.0
2024-09-10 10:05:00-04:00,35.58000183105469,35.810001373291016,35.560001373291016,35.810001373291016,10869,0.0,0.0
2024-09-10 10:10:00-04:00,35.720001220703125,35.720001220703125,35.369998931884766,35.42499923706055,11526,0.0,0.0
2024-09-10 10:15:00-04:00,35.44499969482422,35.47999954223633,35.369998931884766,35.45500183105469,4924,0.0,0.0
2024-09-10 10:20:00-04:00,35.45000076293945,35.630001068115234,35.349998474121094,35.619998931884766,9284,0.0,0.0
2024-09-10 10:25:00-04:00,35.608001708984375,35.66999816894531,35.58000183105469,35.66999816894531,5965,0.0,0.0
2024-09-10 10:30:00-04:00,35.630001068115234,35.70000076293945,35.56100082397461,35.61000061035156,8733,0.0,0.0
2024-09-10 10:35:00-04:00,35.61000061035156,35.82500076293945,35.61000061035156,35.82500076293945,3521,0.0,0.0
2024-09-10 10:40:00-04:00,35.7599983215332,35.959999084472656,35.7599983215332,35.935001373291016,15454,0.0,0.0
2024-09-10 10:45:00-04:00,35.869998931884766,36.11000061035156,35.86000061035156,36.04999923706055,6562,0.0,0.0
2024-09-10 10:50:00-04:00,36.150001525878906,36.19990158081055,36.060001373291016,36.06999969482422,11370,0.0,0.0
2024-09-10 10:55:00-04:00,36.1150016784668,36.1150016784668,36.025001525878906,36.025001525878906,4570,0.0,0.0
2024-09-10 11:00:00-04:00,36.0,36.099998474121094,35.96500015258789,36.099998474121094,11559,0.0,0.0
2024-09-10 11:05:00-04:00,36.060001373291016,36.224998474121094,36.04999923706055,36.224998474121094,4309,0.0,0.0
2024-09-10 11:10:00-04:00,36.26499938964844,36.32500076293945,36.26499938964844,36.31999969482422,3189,0.0,0.0
2024-09-10 11:15:00-04:00,36.31999969482422,36.31999969482422,36.209999084472656,36.244998931884766,5097,0.0,0.0
2024-09-10 11:20:00-04:00,36.16999816894531,36.2400016784668,36.15999984741211,36.23500061035156,3320,0.0,0.0
2024-09-10 11:25:00-04:00,36.2400016784668,36.2400016784668,36.22520065307617,36.2400016784668,1915,0.0,0.0
2024-09-10 11:30:00-04:00,36.27000045776367,36.29999923706055,36.16999816894531,36.17499923706055,8425,0.0,0.0
2024-09-10 11:35:00-04:00,36.165000915527344,36.16999816894531,36.02000045776367,36.02000045776367,4938,0.0,0.0
2024-09-10 11:40:00-04:00,36.0,36.0,35.81999969482422,35.86000061035156,9159,0.0,0.0
2024-09-10 11:45:00-04:00,35.81999969482422,35.939998626708984,35.814998626708984,35.915000915527344,4349,0.0,0.0
2024-09-10 11:50:00-04:00,35.915000915527344,35.915000915527344,35.84000015258789,35.90999984741211,4109,0.0,0.0
2024-09-10 11:55:00-04:00,35.959999084472656,35.959999084472656,35.81999969482422,35.81999969482422,4722,0.0,0.0
2024-09-10 12:00:00-04:00,35.81999969482422,35.81999969482422,35.79999923706055,35.79999923706055,1573,0.0,0.0
2024-09-10 12:05:00-04:00,35.810001373291016,35.90999984741211,35.78010177612305,35.84000015258789,9531,0.0,0.0
2024-09-10 12:10:00-04:00,35.869998931884766,35.875,35.779998779296875,35.79499816894531,4916,0.0,0.0
2024-09-10 12:15:00-04:00,35.787498474121094,35.869998931884766,35.7400016784668,35.869998931884766,5962,0.0,0.0
2024-09-10 12:20:00-04:00,35.79999923706055,35.834999084472656,35.79999923706055,35.82500076293945,1648,0.0,0.0
2024-09-10 12:25:00-04:00,35.86000061035156,35.900001525878906,35.845001220703125,35.880001068115234,6057,0.0,0.0
2024-09-10 12:30:00-04:00,35.834999084472656,35.88999938964844,35.834999084472656,35.8650016784668,2312,0.0,0.0
2024-09-10 12:35:00-04:00,35.90999984741211,36.029998779296875,35.90999984741211,36.0,7979,0.0,0.0
2024-09-10 12:40:00-04:00,35.98500061035156,36.0,35.959999084472656,36.0,2331,0.0,0.0
2024-09-10 12:45:00-04:00,35.97999954223633,36.08000183105469,35.97999954223633,36.07500076293945,4012,0.0,0.0
2024-09-10 12:50:00-04:00,36.08760070800781,36.20000076293945,36.08760070800781,36.1349983215332,13164,0.0,0.0
2024-09-10 12:55:00-04:00,36.1349983215332,36.209999084472656,36.09000015258789,36.209999084472656,4530,0.0,0.0
2024-09-10 13:00:00-04:00,36.209999084472656,36.36000061035156,36.209999084472656,36.349998474121094,3901,0.0,0.0
2024-09-10 13:05:00-04:00,36.36000061035156,36.43000030517578,36.290000915527344,36.42499923706055,26651,0.0,0.0
2024-09-10 13:10:00-04:00,36.43000030517578,36.43000030517578,36.191001892089844,36.290000915527344,7842,0.0,0.0
2024-09-10 13:15:00-04:00,36.23400115966797,36.279998779296875,36.099998474121094,36.130001068115234,3725,0.0,0.0
2024-09-10 13:20:00-04:00,36.10499954223633,36.20000076293945,36.102500915527344,36.189998626708984,8795,0.0,0.0
2024-09-10 13:25:00-04:00,36.17499923706055,36.20000076293945,36.15999984741211,36.20000076293945,6176,0.0,0.0
2024-09-10 13:30:00-04:00,36.185001373291016,36.185001373291016,36.11000061035156,36.125,7695,0.0,0.0
2024-09-10 13:35:00-04:00,36.11000061035156,36.143798828125,36.08000183105469,36.08000183105469,3208,0.0,0.0
2024-09-10 13:40:00-04:00,36.08000183105469,36.11899948120117,36.040000915527344,36.04999923706055,5684,0.0,0.0
2024-09-10 13:45:00-04:00,36.0099983215332,36.08000183105469,36.0099983215332,36.08000183105469,2942,0.0,0.0
2024-09-10 13:50:00-04:00,36.09000015258789,36.130001068115234,36.02000045776367,36.060001373291016,11974,0.0,0.0
2024-09-10 13:55:00-04:00,36.060001373291016,36.060001373291016,36.040000915527344,36.060001373291016,2774,0.0,0.0
2024-09-10 14:00:00-04:00,36.048099517822266,36.05500030517578,36.0099983215332,36.040000915527344,4688,0.0,0.0
2024-09-10 14:05:00-04:00,36.040000915527344,36.10499954223633,36.0004997253418,36.10499954223633,7296,0.0,0.0
2024-09-10 14:10:00-04:00,36.099998474121094,36.18000030517578,36.08000183105469,36.125,3832,0.0,0.0
2024-09-10 14:15:00-04:00,36.125,36.18000030517578,36.09000015258789,36.18000030517578,3536,0.0,0.0
2024-09-10 14:20:00-04:00,36.18000030517578,36.22999954223633,36.18000030517578,36.19499969482422,4297,0.0,0.0
2024-09-10 14:25:00-04:00,36.220001220703125,36.27989959716797,36.220001220703125,36.22999954223633,14704,0.0,0.0
2024-09-10 14:30:00-04:00,36.22999954223633,36.279998779296875,36.130001068115234,36.209999084472656,17977,0.0,0.0
2024-09-10 14:35:00-04:00,36.209999084472656,36.29999923706055,36.185001373291016,36.21260070800781,10161,0.0,0.0
2024-09-10 14:40:00-04:00,36.185001373291016,36.27000045776367,36.185001373291016,36.2599983215332,15397,0.0,0.0
2024-09-10 14:45:00-04:00,36.27000045776367,36.380001068115234,36.27000045776367,36.369998931884766,10547,0.0,0.0
2024-09-10 14:50:00-04:00,36.369998931884766,36.38999938964844,36.345001220703125,36.369998931884766,3061,0.0,0.0
2024-09-10 14:55:00-04:00,36.36000061035156,36.47999954223633,36.34000015258789,36.47999954223633,35128,0.0,0.0
2024-09-10 15:00:00-04:00,36.47999954223633,36.47999954223633,36.34000015258789,36.35499954223633,10582,0.0,0.0
2024-09-10 15:05:00-04:00,36.380001068115234,36.439998626708984,36.36000061035156,36.36000061035156,17040,0.0,0.0
2024-09-10 15:10:00-04:00,36.35499954223633,36.459999084472656,36.35499954223633,36.43899917602539,12529,0.0,0.0
2024-09-10 15:15:00-04:00,36.439998626708984,36.439998626708984,36.275001525878906,36.275001525878906,9819,0.0,0.0
2024-09-10 15:20:00-04:00,36.279998779296875,36.310001373291016,36.209999084472656,36.25,13664,0.0,0.0
2024-09-10 15:25:00-04:00,36.25,36.34000015258789,36.25,36.310001373291016,13149,0.0,0.0
2024-09-10 15:30:00-04:00,36.279998779296875,36.310001373291016,36.165000915527344,36.22999954223633,20438,0.0,0.0
2024-09-10 15:35:00-04:00,36.220001220703125,36.2400016784668,36.130001068115234,36.130001068115234,11496,0.0,0.0
2024-09-10 15:40:00-04:00,36.14799880981445,36.27000045776367,36.14799880981445,36.255001068115234,11404,0.0,0.0
2024-09-10 15:45:00-04:00,36.27000045776367,36.459999084472656,36.27000045776367,36.439998626708984,20184,0.0,0.0
2024-09-10 15:50:00-04:00,36.43000030517578,36.5099983215332,36.27000045776367,36.43000030517578,41901,0.0,0.0
2024-09-10 15:55:00-04:00,36.45000076293945,36.5099983215332,36.369998931884766,36.369998931884766,94966,0.0,0.0
2024-09-11 09:30:00-04:00,36.380001068115234,36.439998626708984,36.029998779296875,36.119998931884766,8569,0.0,0.0
2024-09-11 09:35:00-04:00,36.11000061035156,36.11000061035156,35.709999084472656,36.040000915527344,9430,0.0,0.0
2024-09-11 09:40:00-04:00,36.04610061645508,36.08000183105469,35.86000061035156,35.86119842529297,4124,0.0,0.0
2024-09-11 09:45:00-04:00,35.75,35.93000030517578,35.75,35.91999816894531,3796,0.0,0.0
2024-09-11 09:50:00-04:00,35.93000030517578,35.9900016784668,35.75,35.85499954223633,9916,0.0,0.0
2024-09-11 09:55:00-04:00,35.779998779296875,35.779998779296875,35.779998779296875,35.779998779296875,733,0.0,0.0
2024-09-11 10:00:00-04:00,35.77000045776367,35.96500015258789,35.709999084472656,35.7599983215332,11739,0.0,0.0
2024-09-11 10:05:00-04:00,35.7599983215332,35.790000915527344,35.63999938964844,35.709999084472656,7524,0.0,0.0
2024-09-11 10:10:00-04:00,35.70000076293945,35.79199981689453,35.654998779296875,35.67499923706055,2364,0.0,0.0
2024-09-11 10:15:00-04:00,35.650001525878906,35.650001525878906,35.56999969482422,35.56999969482422,3887,0.0,0.0
2024-09-11 10:20:00-04:00,35.5,35.68000030517578,35.47999954223633,35.58000183105469,4695,0.0,0.0
2024-09-11 10:25:00-04:00,35.58000183105469,35.709999084472656,35.529998779296875,35.63999938964844,5411,0.0,0.0
2024-09-11 10:30:00-04:00,35.63999938964844,35.66999816894531,35.619998931884766,35.65999984741211,5983,0.0,0.0
2024-09-11 10:35:00-04:00,35.66999816894531,35.709999084472656,35.619998931884766,35.63679885864258,2345,0.0,0.0
2024-09-11 10:40:00-04:00,35.68000030517578,35.68000030517578,35.439998626708984,35.529998779296875,14873,0.0,0.0
2024-09-11 10:45:00-04:00,35.46500015258789,35.478599548339844,35.34000015258789,35.42499923706055,4148,0.0,0.0
2024-09-11 10:50:00-04:00,35.375,35.375,35.119998931884766,35.119998931884766,8266,0.0,0.0
2024-09-11 10:55:00-04:00,35.16999816894531,35.25,35.099998474121094,35.220001220703125,8382,0.0,0.0
2024-09-11 11:00:00-04:00,35.209999084472656,35.28499984741211,35.16999816894531,35.22999954223633,5846,0.0,0.0
2024-09-11 11:05:00-04:00,35.279998779296875,35.400001525878906,35.279998779296875,35.36000061035156,2805,0.0,0.0
2024-09-11 11:10:00-04:00,35.31999969482422,35.4900016784668,35.31999969482422,35.4900016784668,4431,0.0,0.0
2024-09-11 11:15:00-04:00,35.40999984741211,35.40999984741211,35.349998474121094,35.369998931884766,4760,0.0,0.0
2024-09-11 11:20:00-04:00,35.33000183105469,35.34000015258789,35.244998931884766,35.244998931884766,2009,0.0,0.0
2024-09-11 11:25:00-04:00,35.27000045776367,35.31999969482422,35.22999954223633,35.2400016784668,3108,0.0,0.0
2024-09-11 11:30:00-04:00,35.22999954223633,35.279998779296875,35.18090057373047,35.279998779296875,12061,0.0,0.0
2024-09-11 11:35:00-04:00,35.25,35.31999969482422,35.22999954223633,35.31999969482422,3947,0.0,0.0
2024-09-11 11:40:00-04:00,35.32500076293945,35.349998474121094,35.25,35.25,7750,0.0,0.0
2024-09-11 11:45:00-04:00,35.220001220703125,35.220001220703125,35.13999938964844,35.14500045776367,6685,0.0,0.0
2024-09-11 11:50:00-04:00,35.13999938964844,35.15999984741211,34.91999816894531,34.98500061035156,20433,0.0,0.0
2024-09-11 11:55:00-04:00,34.92509841918945,34.93000030517578,34.875,34.90999984741211,13311,0.0,0.0
2024-09-11 12:00:00-04:00,34.904998779296875,34.970001220703125,34.880001068115234,34.970001220703125,5254,0.0,0.0
2024-09-11 12:05:00-04:00,34.97999954223633,35.09000015258789,34.939998626708984,35.06999969482422,6436,0.0,0.0
2024-09-11 12:10:00-04:00,35.09000015258789,35.099998474121094,35.064998626708984,35.06999969482422,3115,0.0,0.0
2024-09-11 12:15:00-04:00,35.07500076293945,35.189998626708984,35.029998779296875,35.189998626708984,6029,0.0,0.0
2024-09-11 12:20:00-04:00,35.25,35.34000015258789,35.25,35.28499984741211,6805,0.0,0.0
2024-09-11 12:25:00-04:00,35.33000183105469,35.34000015258789,35.31999969482422,35.31999969482422,2418,0.0,0.0
2024-09-11 12:30:00-04:00,35.31999969482422,35.31999969482422,35.290000915527344,35.29999923706055,3005,0.0,0.0
2024-09-11 12:35:00-04:00,35.349998474121094,35.369998931884766,35.31999969482422,35.369998931884766,3361,0.0,0.0
2024-09-11 12:40:00-04:00,35.349998474121094,35.389400482177734,35.290000915527344,35.389400482177734,10949,0.0,0.0
2024-09-11 12:45:00-04:00,35.38999938964844,35.47999954223633,35.380001068115234,35.470001220703125,7543,0.0,0.0
2024-09-11 12:50:00-04:00,35.47999954223633,35.4900016784668,35.44200134277344,35.4900016784668,3521,0.0,0.0
2024-09-11 12:55:00-04:00,35.41999816894531,35.44499969482422,35.349998474121094,35.380001068115234,7212,0.0,0.0
2024-09-11 13:00:00-04:00,35.3849983215332,35.45500183105469,35.3849983215332,35.43669891357422,2754,0.0,0.0
2024-09-11 13:05:00-04:00,35.459999084472656,35.470001220703125,35.42499923706055,35.439998626708984,3393,0.0,0.0
2024-09-11 13:10:00-04:00,35.4114990234375,35.4900016784668,35.38999938964844,35.41999816894531,8601,0.0,0.0
2024-09-11 13:15:00-04:00,35.380001068115234,35.470001220703125,35.380001068115234,35.43000030517578,4592,0.0,0.0
2024-09-11 13:20:00-04:00,35.43000030517578,35.43000030517578,35.310001373291016,35.32500076293945,5630,0.0,0.0
2024-09-11 13:25:00-04:00,35.349998474121094,35.470001220703125,35.349998474121094,35.36000061035156,6184,0.0,0.0
2024-09-11 13:30:00-04:00,35.369998931884766,35.470001220703125,35.369998931884766,35.470001220703125,2595,0.0,0.0
2024-09-11 13:35:00-04:00,35.470001220703125,35.5099983215332,35.470001220703125,35.47999954223633,2938,0.0,0.0
2024-09-11 13:40:00-04:00,35.5099983215332,35.560001373291016,35.47999954223633,35.529998779296875,9393,0.0,0.0
2024-09-11 13:45:00-04:00,35.52000045776367,35.66299819946289,35.52000045776367,35.61000061035156,15459,0.0,0.0
2024-09-11 13:50:00-04:00,35.630001068115234,35.66999816894531,35.529998779296875,35.564998626708984,14823,0.0,0.0
2024-09-11 13:55:00-04:00,35.59859848022461,35.59859848022461,35.5099983215332,35.51499938964844,7677,0.0,0.0
2024-09-11 14:00:00-04:00,35.5099983215332,35.56999969482422,35.505001068115234,35.564998626708984,7017,0.0,0.0
2024-09-11 14:05:00-04:00,35.564998626708984,35.630001068115234,35.564998626708984,35.60499954223633,6453,0.0,0.0
2024-09-11 14:10:00-04:00,35.60390090942383,35.66999816894531,35.599998474121094,35.599998474121094,11444,0.0,0.0
2024-09-11 14:15:00-04:00,35.59000015258789,35.6349983215332,35.58000183105469,35.6349983215332,7994,0.0,0.0
2024-09-11 14:20:00-04:00,35.63999938964844,35.66999816894531,35.6150016784668,35.650001525878906,3413,0.0,0.0
2024-09-11 14:25:00-04:00,35.66999816894531,35.66999816894531,35.630001068115234,35.650001525878906,4593,0.0,0.0
2024-09-11 14:30:00-04:00,35.654998779296875,35.81999969482422,35.654998779296875,35.724998474121094,22652,0.0,0.0
2024-09-11 14:35:00-04:00,35.73500061035156,35.790000915527344,35.73500061035156,35.779998779296875,3887,0.0,0.0
2024-09-11 14:40:00-04:00,35.790000915527344,36.0,35.790000915527344,35.96500015258789,13824,0.0,0.0
2024-09-11 14:45:00-04:00,35.9900016784668,36.060001373291016,35.9900016784668,36.0,8758,0.0,0.0
2024-09-11 14:50:00-04:00,36.005001068115234,36.005001068115234,35.904998779296875,35.90999984741211,8430,0.0,0.0
2024-09-11 14:55:00-04:00,35.89500045776367,35.95000076293945,35.849998474121094,35.869998931884766,4835,0.0,0.0
2024-09-11 15:00:00-04:00,35.8650016784668,35.8650016784668,35.790000915527344,35.79999923706055,5075,0.0,0.0
2024-09-11 15:05:00-04:00,35.79999923706055,36.084999084472656,35.79999923706055,36.082801818847656,19711,0.0,0.0
2024-09-11 15:10:00-04:00,36.099998474121094,36.099998474121094,36.0,36.029998779296875,11865,0.0,0.0
2024-09-11 15:15:00-04:00,36.029998779296875,36.08000183105469,36.029998779296875,36.07899856567383,5689,0.0,0.0
2024-09-11 15:20:00-04:00,36.060001373291016,36.138999938964844,36.040000915527344,36.11000061035156,21190,0.0,0.0
2024-09-11 15:25:00-04:00,36.119998931884766,36.145999908447266,36.0,36.04499816894531,17656,0.0,0.0
2024-09-11 15:30:00-04:00,36.05699920654297,36.16999816894531,36.029998779296875,36.09000015258789,17503,0.0,0.0
2024-09-11 15:35:00-04:00,36.11000061035156,36.220001220703125,36.095001220703125,36.1349983215332,15697,0.0,0.0
2024-09-11 15:40:00-04:00,36.15999984741211,36.189998626708984,36.150001525878906,36.16999816894531,11829,0.0,0.0
2024-09-11 15:45:00-04:00,36.16999816894531,36.207000732421875,36.15999984741211,36.17900085449219,23411,0.0,0.0
2024-09-11 15:50:00-04:00,36.150001525878906,36.33000183105469,36.09000015258789,36.310001373291016,54177,0.0,0.0
2024-09-11 15:55:00-04:00,36.34000015258789,36.540000915527344,36.33000183105469,36.47999954223633,102181,0.0,0.0
2024-09-12 09:30:00-04:00,36.84000015258789,37.18000030517578,36.779998779296875,36.84280014038086,20066,0.0,0.0
2024-09-12 09:35:00-04:00,36.599998474121094,36.7599983215332,36.47999954223633,36.650001525878906,21224,0.0,0.0
2024-09-12 09:40:00-04:00,36.619998931884766,36.64929962158203,36.50149917602539,36.50149917602539,3099,0.0,0.0
2024-09-12 09:45:00-04:00,36.40999984741211,36.4828987121582,36.119998931884766,36.119998931884766,12055,0.0,0.0
2024-09-12 09:50:00-04:00,36.154998779296875,36.220001220703125,36.04999923706055,36.165000915527344,12448,0.0,0.0
2024-09-12 09:55:00-04:00,36.18000030517578,36.22999954223633,36.099998474121094,36.099998474121094,9491,0.0,0.0
2024-09-12 10:00:00-04:00,36.130001068115234,36.25,36.130001068115234,36.25,3069,0.0,0.0
2024-09-12 10:05:00-04:00,36.27239990234375,36.400001525878906,36.27239990234375,36.400001525878906,5557,0.0,0.0
2024-09-12 10:10:00-04:00,36.400001525878906,36.4900016784668,36.400001525878906,36.4900016784668,2715,0.0,0.0
2024-09-12 10:15:00-04:00,36.40999984741211,36.53499984741211,36.40999984741211,36.5099983215332,8033,0.0,0.0
2024-09-12 10:20:00-04:00,36.53499984741211,36.540000915527344,36.514400482177734,36.514400482177734,2224,0.0,0.0
2024-09-12 10:25:00-04:00,36.56999969482422,36.6349983215332,36.5,36.564998626708984,25095,0.0,0.0
2024-09-12 10:30:00-04:00,36.529998779296875,36.529998779296875,36.5,36.52000045776367,1457,0.0,0.0
2024-09-12 10:35:00-04:00,36.4900016784668,36.599998474121094,36.4900016784668,36.599998474121094,6760,0.0,0.0
2024-09-12 10:40:00-04:00,36.56010055541992,36.68000030517578,36.56010055541992,36.599998474121094,7174,0.0,0.0
2024-09-12 10:45:00-04:00,36.56999969482422,36.56999969482422,36.459999084472656,36.53499984741211,7054,0.0,0.0
2024-09-12 10:50:00-04:00,36.54999923706055,36.54999923706055,36.380001068115234,36.380001068115234,5787,0.0,0.0
2024-09-12 10:55:00-04:00,36.44499969482422,36.470001220703125,36.39500045776367,36.39500045776367,3903,0.0,0.0
2024-09-12 11:00:00-04:00,36.33000183105469,36.33000183105469,36.310001373291016,36.310001373291016,1071,0.0,0.0
2024-09-12 11:05:00-04:00,36.35499954223633,36.35499954223633,36.345001220703125,36.345001220703125,2806,0.0,0.0
2024-09-12 11:10:00-04:00,36.41999816894531,36.59000015258789,36.41999816894531,36.59000015258789,5226,0.0,0.0
2024-09-12 11:15:00-04:00,36.540000915527344,36.56999969482422,36.47999954223633,36.5099983215332,6530,0.0,0.0
2024-09-12 11:20:00-04:00,36.4900016784668,36.54999923706055,36.4900016784668,36.54999923706055,1043,0.0,0.0
2024-09-12 11:25:00-04:00,36.525001525878906,36.525001525878906,36.525001525878906,36.525001525878906,2349,0.0,0.0
2024-09-12 11:30:00-04:00,36.4900016784668,36.59000015258789,36.4900016784668,36.59000015258789,5630,0.0,0.0
2024-09-12 11:35:00-04:00,36.59000015258789,36.70000076293945,36.59000015258789,36.654998779296875,5126,0.0,0.0
2024-09-12 11:40:00-04:00,36.63999938964844,36.66999816894531,36.58000183105469,36.58000183105469,2548,0.0,0.0
2024-09-12 11:45:00-04:00,36.62699890136719,36.62699890136719,36.4900016784668,36.560001373291016,4735,0.0,0.0
2024-09-12 11:50:00-04:00,36.56999969482422,36.56999969482422,36.5099983215332,36.540000915527344,1568,0.0,0.0
2024-09-12 11:55:00-04:00,36.5,36.5,36.43000030517578,36.5,1963,0.0,0.0
2024-09-12 12:00:00-04:00,36.4900016784668,36.56999969482422,36.470001220703125,36.53499984741211,25010,0.0,0.0
2024-09-12 12:05:00-04:00,36.5099983215332,36.525001525878906,36.47999954223633,36.494998931884766,2059,0.0,0.0
2024-09-12 12:10:00-04:00,36.470001220703125,36.47999954223633,36.35499954223633,36.35499954223633,2987,0.0,0.0
2024-09-12 12:15:00-04:00,36.35499954223633,36.369998931884766,36.279998779296875,36.279998779296875,9467,0.0,0.0
2024-09-12 12:20:00-04:00,36.25,36.28499984741211,36.150001525878906,36.150001525878906,2961,0.0,0.0
2024-09-12 12:25:00-04:00,36.130001068115234,36.15999984741211,36.11000061035156,36.11000061035156,1953,0.0,0.0
2024-09-12 12:30:00-04:00,36.08000183105469,36.310001373291016,36.08000183105469,36.310001373291016,10193,0.0,0.0
2024-09-12 12:35:00-04:00,36.27000045776367,36.27000045776367,36.2599983215332,36.2599983215332,861,0.0,0.0
2024-09-12 12:40:00-04:00,36.209999084472656,36.290000915527344,36.209999084472656,36.290000915527344,2642,0.0,0.0
2024-09-12 12:45:00-04:00,36.29999923706055,36.29999923706055,36.29999923706055,36.29999923706055,570,0.0,0.0
2024-09-12 12:50:00-04:00,36.349998474121094,36.56890106201172,36.349998474121094,36.46139907836914,7171,0.0,0.0
2024-09-12 12:55:00-04:00,36.505001068115234,36.505001068115234,36.474998474121094,36.474998474121094,554,0.0,0.0
2024-09-12 13:00:00-04:00,36.4900016784668,36.560001373291016,36.4900016784668,36.55500030517578,4722,0.0,0.0
2024-09-12 13:05:00-04:00,36.52000045776367,36.66999816894531,36.52000045776367,36.66999816894531,5918,0.0,0.0
2024-09-12 13:10:00-04:00,36.61000061035156,36.630001068115234,36.61000061035156,36.630001068115234,2724,0.0,0.0
2024-09-12 13:20:00-04:00,36.630001068115234,36.689998626708984,36.630001068115234,36.689998626708984,6678,0.0,0.0
2024-09-12 13:25:00-04:00,36.70000076293945,36.79499816894531,36.69020080566406,36.79499816894531,15489,0.0,0.0
2024-09-12 13:30:00-04:00,36.77000045776367,36.83000183105469,36.744998931884766,36.814998626708984,5847,0.0,0.0
2024-09-12 13:35:00-04:00,36.81999969482422,36.88999938964844,36.812400817871094,36.88999938964844,12104,0.0,0.0
2024-09-12 13:40:00-04:00,36.869998931884766,36.91999816894531,36.869998931884766,36.91999816894531,5835,0.0,0.0
2024-09-12 13:45:00-04:00,36.90999984741211,36.90999984741211,36.83000183105469,36.84000015258789,8331,0.0,0.0
2024-09-12 13:50:00-04:00,36.79999923706055,36.91999816894531,36.79999923706055,36.91999816894531,8086,0.0,0.0
2024-09-12 13:55:00-04:00,36.95000076293945,37.09000015258789,36.95000076293945,37.09000015258789,3933,0.0,0.0
2024-09-12 14:00:00-04:00,37.04999923706055,37.04999923706055,37.0,37.0099983215332,3524,0.0,0.0
2024-09-12 14:05:00-04:00,37.02000045776367,37.02000045776367,36.959999084472656,36.959999084472656,3871,0.0,0.0
2024-09-12 14:10:00-04:00,36.95000076293945,36.95429992675781,36.90999984741211,36.90999984741211,3371,0.0,0.0
2024-09-12 14:15:00-04:00,36.89500045776367,36.93000030517578,36.88999938964844,36.904998779296875,3805,0.0,0.0
2024-09-12 14:20:00-04:00,36.869998931884766,36.880001068115234,36.86000061035156,36.8650016784668,2730,0.0,0.0
2024-09-12 14:25:00-04:00,36.88999938964844,36.88999938964844,36.66999816894531,36.724998474121094,12688,0.0,0.0
2024-09-12 14:30:00-04:00,36.709999084472656,36.720001220703125,36.685001373291016,36.720001220703125,3124,0.0,0.0
2024-09-12 14:35:00-04:00,36.7400016784668,36.7599983215332,36.720001220703125,36.73500061035156,10476,0.0,0.0
2024-09-12 14:40:00-04:00,36.73500061035156,36.75,36.650001525878906,36.665000915527344,8634,0.0,0.0
2024-09-12 14:45:00-04:00,36.66999816894531,36.66999816894531,36.58000183105469,36.6150016784668,4974,0.0,0.0
2024-09-12 14:50:00-04:00,36.630001068115234,36.630001068115234,36.400001525878906,36.47999954223633,14001,0.0,0.0
2024-09-12 14:55:00-04:00,36.5,36.61000061035156,36.494998931884766,36.58000183105469,6599,0.0,0.0
2024-09-12 15:00:00-04:00,36.56999969482422,36.63999938964844,36.56999969482422,36.61000061035156,4007,0.0,0.0
2024-09-12 15:05:00-04:00,36.63999938964844,36.709999084472656,36.63999938964844,36.689998626708984,5804,0.0,0.0
2024-09-12 15:10:00-04:00,36.685001373291016,36.689998626708984,36.654998779296875,36.689998626708984,6511,0.0,0.0
2024-09-12 15:15:00-04:00,36.67499923706055,36.7599983215332,36.67499923706055,36.75,6756,0.0,0.0
2024-09-12 15:20:00-04:00,36.724998474121094,36.724998474121094,36.650001525878906,36.665000915527344,7086,0.0,0.0
2024-09-12 15:25:00-04:00,36.665000915527344,36.7400016784668,36.65999984741211,36.720001220703125,9342,0.0,0.0
2024-09-12 15:30:00-04:00,36.66999816894531,36.66999816894531,36.60499954223633,36.650001525878906,8643,0.0,0.0
2024-09-12 15:35:00-04:00,36.650001525878906,36.709999084472656,36.63999938964844,36.665000915527344,13029,0.0,0.0
2024-09-12 15:40:00-04:00,36.65999984741211,36.720001220703125,36.650001525878906,36.68000030517578,13927,0.0,0.0
2024-09-12 15:45:00-04:00,36.689998626708984,36.70000076293945,36.61000061035156,36.650001525878906,16479,0.0,0.0
2024-09-12 15:50:00-04:00,36.650001525878906,36.65999984741211,36.52000045776367,36.625,58184,0.0,0.0
2024-09-12 15:55:00-04:00,36.630001068115234,36.650001525878906,36.59000015258789,36.61000061035156,77434,0.0,0.0
2024-09-13 09:30:00-04:00,37.0,37.0,36.915000915527344,36.915000915527344,6107,0.0,0.0
2024-09-13 09:35:00-04:00,36.9900016784668,36.9900016784668,36.83000183105469,36.83000183105469,2030,0.0,0.0
2024-09-13 09:40:00-04:00,36.915000915527344,37.03990173339844,36.790000915527344,36.790000915527344,3751,0.0,0.0
2024-09-13 09:45:00-04:00,36.790000915527344,37.290000915527344,36.790000915527344,37.2599983215332,17127,0.0,0.0
2024-09-13 09:50:00-04:00,37.220001220703125,37.36000061035156,37.119998931884766,37.34000015258789,32019,0.0,0.0
2024-09-13 09:55:00-04:00,37.36000061035156,37.40999984741211,37.2599983215332,37.400001525878906,17064,0.0,0.0
2024-09-13 10:00:00-04:00,37.435001373291016,37.5,37.189998626708984,37.375,16939,0.0,0.0
2024-09-13 10:05:00-04:00,37.43000030517578,37.714500427246094,37.40999984741211,37.5,13536,0.0,0.0
2024-09-13 10:10:00-04:00,37.54999923706055,37.71500015258789,37.54999923706055,37.619998931884766,7222,0.0,0.0
2024-09-13 10:15:00-04:00,37.58000183105469,37.88999938964844,37.58000183105469,37.880001068115234,18493,0.0,0.0
2024-09-13 10:20:00-04:00,37.90999984741211,37.90999984741211,37.709999084472656,37.7599983215332,6926,0.0,0.0
2024-09-13 10:25:00-04:00,37.81399917602539,37.90999984741211,37.79999923706055,37.810001373291016,25534,0.0,0.0
2024-09-13 10:30:00-04:00,37.85499954223633,37.85499954223633,37.709999084472656,37.709999084472656,6453,0.0,0.0
2024-09-13 10:35:00-04:00,37.709999084472656,37.81999969482422,37.689998626708984,37.790000915527344,18455,0.0,0.0
2024-09-13 10:40:00-04:00,37.83000183105469,37.88999938964844,37.7599983215332,37.86000061035156,11245,0.0,0.0
2024-09-13 10:45:00-04:00,37.83000183105469,38.08000183105469,37.81999969482422,38.06999969482422,20071,0.0,0.0
2024-09-13 10:50:00-04:00,38.099998474121094,38.17499923706055,38.06999969482422,38.17499923706055,4693,0.0,0.0
2024-09-13 10:55:00-04:00,38.20000076293945,38.310001373291016,37.9900016784668,38.09000015258789,22350,0.0,0.0
2024-09-13 11:00:00-04:00,38.189998626708984,38.189998626708984,38.08000183105469,38.09000015258789,5534,0.0,0.0
2024-09-13 11:05:00-04:00,38.13999938964844,38.13999938964844,37.90999984741211,37.95000076293945,4460,0.0,0.0
2024-09-13 11:10:00-04:00,37.915000915527344,37.97999954223633,37.86000061035156,37.91999816894531,3838,0.0,0.0
2024-09-13 11:15:00-04:00,37.93000030517578,37.93000030517578,37.73500061035156,37.7599983215332,8642,0.0,0.0
2024-09-13 11:20:00-04:00,37.810001373291016,37.900001525878906,37.810001373291016,37.900001525878906,6607,0.0,0.0
2024-09-13 11:25:00-04:00,37.900001525878906,37.90999984741211,37.880001068115234,37.90999984741211,2135,0.0,0.0
2024-09-13 11:30:00-04:00,37.91999816894531,37.93000030517578,37.89250183105469,37.91999816894531,6406,0.0,0.0
2024-09-13 11:35:00-04:00,37.939998626708984,37.939998626708984,37.810001373291016,37.849998474121094,11718,0.0,0.0
2024-09-13 11:40:00-04:00,37.849998474121094,37.91999816894531,37.81010055541992,37.900001525878906,4000,0.0,0.0
2024-09-13 11:45:00-04:00,37.869998931884766,37.869998931884766,37.84000015258789,37.84000015258789,4964,0.0,0.0
2024-09-13 11:50:00-04:00,37.84000015258789,37.849998474121094,37.810001373291016,37.83060073852539,4454,0.0,0.0
2024-09-13 11:55:00-04:00,37.810001373291016,37.849998474121094,37.779998779296875,37.849998474121094,5107,0.0,0.0
2024-09-13 12:00:00-04:00,37.88999938964844,37.900001525878906,37.86000061035156,37.88999938964844,10582,0.0,0.0
2024-09-13 12:05:00-04:00,37.888099670410156,38.06999969482422,37.888099670410156,38.064998626708984,6442,0.0,0.0
2024-09-13 12:10:00-04:00,38.06999969482422,38.220001220703125,38.06999969482422,38.150001525878906,5219,0.0,0.0
2024-09-13 12:15:00-04:00,38.18000030517578,38.18000030517578,37.95000076293945,37.9900016784668,19659,0.0,0.0
2024-09-13 12:20:00-04:00,37.9900016784668,38.0099983215332,37.939998626708984,37.96500015258789,2977,0.0,0.0
2024-09-13 12:25:00-04:00,37.95000076293945,37.96500015258789,37.880001068115234,37.90959930419922,6449,0.0,0.0
2024-09-13 12:30:00-04:00,37.880001068115234,37.97999954223633,37.82500076293945,37.970001220703125,6987,0.0,0.0
2024-09-13 12:35:00-04:00,37.959999084472656,37.970001220703125,37.79999923706055,37.869998931884766,15348,0.0,0.0
2024-09-13 12:40:00-04:00,37.8849983215332,38.040000915527344,37.8849983215332,37.9900016784668,2482,0.0,0.0
2024-09-13 12:45:00-04:00,37.970001220703125,38.02000045776367,37.959999084472656,37.959999084472656,3431,0.0,0.0
2024-09-13 12:50:00-04:00,37.900001525878906,37.900001525878906,37.900001525878906,37.900001525878906,1051,0.0,0.0
2024-09-13 12:55:00-04:00,37.939998626708984,37.939998626708984,37.939998626708984,37.939998626708984,819,0.0,0.0
2024-09-13 13:00:00-04:00,37.95180130004883,38.04499816894531,37.95180130004883,38.04499816894531,2080,0.0,0.0
2024-09-13 13:05:00-04:00,38.04999923706055,38.09360122680664,38.04999923706055,38.09360122680664,2075,0.0,0.0
2024-09-13 13:10:00-04:00,38.099998474121094,38.119998931884766,38.099998474121094,38.099998474121094,3372,0.0,0.0
2024-09-13 13:15:00-04:00,38.099998474121094,38.15999984741211,38.08000183105469,38.15999984741211,2583,0.0,0.0
2024-09-13 13:20:00-04:00,38.13999938964844,38.13999938964844,38.099998474121094,38.099998474121094,3282,0.0,0.0
2024-09-13 13:25:00-04:00,38.09000015258789,38.099998474121094,38.060001373291016,38.060001373291016,2745,0.0,0.0
2024-09-13 13:30:00-04:00,38.084999084472656,38.084999084472656,37.970001220703125,37.970001220703125,3165,0.0,0.0
2024-09-13 13:35:00-04:00,38.02000045776367,38.040000915527344,38.02000045776367,38.040000915527344,2537,0.0,0.0
2024-09-13 13:40:00-04:00,38.0,38.04999923706055,38.0,38.04999923706055,3327,0.0,0.0
2024-09-13 13:45:00-04:00,38.060001373291016,38.060001373291016,37.9900016784668,38.0099983215332,3822,0.0,0.0
2024-09-13 13:50:00-04:00,38.02640151977539,38.02640151977539,37.93000030517578,37.93000030517578,3423,0.0,0.0
2024-09-13 13:55:00-04:00,37.93000030517578,37.95000076293945,37.79999923706055,37.79999923706055,4662,0.0,0.0
2024-09-13 14:00:00-04:00,37.77000045776367,38.02000045776367,37.77000045776367,37.869998931884766,18104,0.0,0.0
2024-09-13 14:05:00-04:00,37.900001525878906,37.95000076293945,37.87009811401367,37.95000076293945,2401,0.0,0.0
2024-09-13 14:10:00-04:00,37.869998931884766,37.880001068115234,37.85499954223633,37.85499954223633,2554,0.0,0.0
2024-09-13 14:15:00-04:00,37.880001068115234,37.9109001159668,37.875,37.90999984741211,7189,0.0,0.0
2024-09-13 14:20:00-04:00,37.915000915527344,37.9275016784668,37.84000015258789,37.84000015258789,3799,0.0,0.0
2024-09-13 14:25:00-04:00,37.83000183105469,37.849998474121094,37.790000915527344,37.849998474121094,8228,0.0,0.0
2024-09-13 14:30:00-04:00,37.790000915527344,37.91999816894531,37.7400016784668,37.91999816894531,8913,0.0,0.0
2024-09-13 14:35:00-04:00,37.96889877319336,38.025001525878906,37.95000076293945,37.994998931884766,3705,0.0,0.0
2024-09-13 14:40:00-04:00,37.994998931884766,38.189998626708984,37.994998931884766,38.189998626708984,6956,0.0,0.0
2024-09-13 14:45:00-04:00,38.20000076293945,38.220001220703125,38.1952018737793,38.209999084472656,2597,0.0,0.0
2024-09-13 14:50:00-04:00,38.20000076293945,38.220001220703125,38.150001525878906,38.16999816894531,17962,0.0,0.0
2024-09-13 14:55:00-04:00,38.19499969482422,38.400001525878906,38.19499969482422,38.310001373291016,10600,0.0,0.0
2024-09-13 15:00:00-04:00,38.290000915527344,38.29499816894531,38.220001220703125,38.220001220703125,4789,0.0,0.0
2024-09-13 15:05:00-04:00,38.209999084472656,38.2599983215332,38.189998626708984,38.209999084472656,8931,0.0,0.0
2024-09-13 15:10:00-04:00,38.20009994506836,38.25,38.20009994506836,38.23500061035156,2609,0.0,0.0
2024-09-13 15:15:00-04:00,38.2400016784668,38.35499954223633,38.2400016784668,38.35499954223633,6700,0.0,0.0
2024-09-13 15:20:00-04:00,38.347999572753906,38.38999938964844,38.33000183105469,38.38999938964844,7557,0.0,0.0
2024-09-13 15:25:00-04:00,38.400001525878906,38.66999816894531,38.400001525878906,38.66999816894531,6950,0.0,0.0
2024-09-13 15:30:00-04:00,38.709999084472656,38.91999816894531,38.689998626708984,38.91999816894531,23750,0.0,0.0
2024-09-13 15:35:00-04:00,38.88999938964844,38.900001525878906,38.63999938964844,38.709999084472656,15960,0.0,0.0
2024-09-13 15:40:00-04:00,38.709999084472656,38.810001373291016,38.709999084472656,38.79999923706055,15977,0.0,0.0
2024-09-13 15:45:00-04:00,38.849998474121094,38.9900016784668,38.849998474121094,38.97999954223633,15805,0.0,0.0
2024-09-13 15:50:00-04:00,38.959999084472656,39.150001525878906,38.95000076293945,39.11000061035156,53773,0.0,0.0
2024-09-13 15:55:00-04:00,39.150001525878906,39.279998779296875,39.11000061035156,39.220001220703125,82524,0.0,0.0
2024-09-16 09:30:00-04:00,39.16999816894531,39.525001525878906,39.16999816894531,39.525001525878906,13418,0.0,0.0
2024-09-16 09:35:00-04:00,39.68000030517578,40.720001220703125,39.68000030517578,40.70500183105469,24147,0.0,0.0
2024-09-16 09:40:00-04:00,40.630001068115234,40.900001525878906,40.56999969482422,40.630001068115234,14574,0.0,0.0
2024-09-16 09:45:00-04:00,40.599998474121094,40.69499969482422,40.5099983215332,40.619998931884766,11915,0.0,0.0
2024-09-16 09:50:00-04:00,40.7400016784668,40.84000015258789,40.5099983215332,40.56999969482422,7715,0.0,0.0
2024-09-16 09:55:00-04:00,40.54999923706055,40.61000061035156,40.36000061035156,40.61000061035156,6245,0.0,0.0
2024-09-16 10:00:00-04:00,40.619998931884766,41.099998474121094,40.619998931884766,40.709999084472656,23438,0.0,0.0
2024-09-16 10:05:00-04:00,40.685001373291016,40.779998779296875,40.59000015258789,40.715301513671875,6171,0.0,0.0
2024-09-16 10:10:00-04:00,40.7599983215332,40.7599983215332,40.44969940185547,40.59000015258789,7500,0.0,0.0
2024-09-16 10:15:00-04:00,40.5099983215332,40.59000015258789,40.40999984741211,40.560001373291016,7185,0.0,0.0
2024-09-16 10:20:00-04:00,40.56999969482422,40.63999938964844,40.439998626708984,40.439998626708984,12883,0.0,0.0
2024-09-16 10:25:00-04:00,40.470001220703125,40.470001220703125,40.080101013183594,40.17499923706055,13113,0.0,0.0
2024-09-16 10:30:00-04:00,40.06999969482422,40.08000183105469,39.93600082397461,39.93600082397461,2673,0.0,0.0
2024-09-16 10:35:00-04:00,39.95000076293945,39.95000076293945,39.68000030517578,39.709999084472656,9173,0.0,0.0
2024-09-16 10:40:00-04:00,39.689998626708984,39.869998931884766,39.650001525878906,39.80500030517578,8332,0.0,0.0
2024-09-16 10:45:00-04:00,39.72999954223633,39.87990188598633,39.66999816894531,39.685001373291016,5345,0.0,0.0
2024-09-16 10:50:00-04:00,39.72999954223633,39.72999954223633,39.52000045776367,39.654998779296875,16953,0.0,0.0
2024-09-16 10:55:00-04:00,39.56999969482422,39.61000061035156,39.54999923706055,39.560001373291016,9065,0.0,0.0
2024-09-16 11:00:00-04:00,39.59000015258789,39.8650016784668,39.59000015258789,39.8650016784668,8638,0.0,0.0
2024-09-16 11:05:00-04:00,39.959999084472656,40.119998931884766,39.959999084472656,40.05500030517578,6543,0.0,0.0
2024-09-16 11:10:00-04:00,40.11000061035156,40.47999954223633,40.11000061035156,40.33000183105469,20393,0.0,0.0
2024-09-16 11:15:00-04:00,40.41999816894531,40.43000030517578,40.290000915527344,40.400001525878906,5785,0.0,0.0
2024-09-16 11:20:00-04:00,40.41999816894531,40.41999816894531,40.2400016784668,40.244998931884766,10420,0.0,0.0
2024-09-16 11:25:00-04:00,40.279998779296875,40.279998779296875,39.91999816894531,39.91999816894531,4083,0.0,0.0
2024-09-16 11:30:00-04:00,39.97999954223633,40.150001525878906,39.970001220703125,40.150001525878906,9518,0.0,0.0
2024-09-16 11:35:00-04:00,40.130001068115234,40.13999938964844,39.994998931884766,40.005001068115234,5208,0.0,0.0
2024-09-16 11:40:00-04:00,40.005001068115234,40.1349983215332,39.95000076293945,39.959999084472656,7031,0.0,0.0
2024-09-16 11:45:00-04:00,39.95000076293945,40.02149963378906,39.939998626708984,39.94499969482422,2670,0.0,0.0
2024-09-16 11:50:00-04:00,39.94499969482422,40.02000045776367,39.94499969482422,40.02000045776367,2434,0.0,0.0
2024-09-16 11:55:00-04:00,40.02000045776367,40.02000045776367,39.880001068115234,39.900001525878906,7579,0.0,0.0
2024-09-16 12:00:00-04:00,39.91999816894531,39.939998626708984,39.849998474121094,39.869998931884766,6509,0.0,0.0
2024-09-16 12:05:00-04:00,39.84000015258789,39.97999954223633,39.834999084472656,39.869998931884766,9043,0.0,0.0
2024-09-16 12:10:00-04:00,39.779998779296875,39.84000015258789,39.709999084472656,39.810001373291016,7772,0.0,0.0
2024-09-16 12:15:00-04:00,39.84000015258789,39.84000015258789,39.66999816894531,39.790000915527344,5617,0.0,0.0
2024-09-16 12:20:00-04:00,39.75,39.775001525878906,39.709999084472656,39.775001525878906,3629,0.0,0.0
2024-09-16 12:25:00-04:00,39.72999954223633,40.069801330566406,39.72999954223633,40.069801330566406,12871,0.0,0.0
2024-09-16 12:30:00-04:00,40.06999969482422,40.119998931884766,39.970001220703125,39.970001220703125,7024,0.0,0.0
2024-09-16 12:35:00-04:00,39.994998931884766,40.02000045776367,39.939998626708984,39.95000076293945,15798,0.0,0.0
2024-09-16 12:40:00-04:00,40.0,40.0,39.90999984741211,39.90999984741211,5330,0.0,0.0
2024-09-16 12:45:00-04:00,39.90999984741211,39.93000030517578,39.849998474121094,39.869998931884766,6257,0.0,0.0
2024-09-16 12:50:00-04:00,39.90999984741211,39.97999954223633,39.90999984741211,39.959999084472656,5421,0.0,0.0
2024-09-16 12:55:00-04:00,39.9900016784668,40.209999084472656,39.970001220703125,40.14500045776367,19362,0.0,0.0
2024-09-16 13:00:00-04:00,40.11000061035156,40.209999084472656,40.03499984741211,40.03499984741211,8885,0.0,0.0
2024-09-16 13:05:00-04:00,40.031898498535156,40.099998474121094,39.974998474121094,40.099998474121094,11305,0.0,0.0
2024-09-16 13:10:00-04:00,40.16999816894531,40.18000030517578,40.11000061035156,40.11000061035156,1893,0.0,0.0
2024-09-16 13:15:00-04:00,40.15999984741211,40.15999984741211,40.10499954223633,40.150001525878906,2781,0.0,0.0
2024-09-16 13:20:00-04:00,40.09000015258789,40.099998474121094,40.064998626708984,40.07870101928711,2659,0.0,0.0
2024-09-16 13:25:00-04:00,40.099998474121094,40.099998474121094,40.0,40.04999923706055,8029,0.0,0.0
2024-09-16 13:30:00-04:00,40.04499816894531,40.06999969482422,40.029998779296875,40.040000915527344,3175,0.0,0.0
2024-09-16 13:35:00-04:00,40.040000915527344,40.36000061035156,40.01499938964844,40.36000061035156,26313,0.0,0.0
2024-09-16 13:40:00-04:00,40.36000061035156,40.36000061035156,40.310001373291016,40.345001220703125,8613,0.0,0.0
2024-09-16 13:45:00-04:00,40.369998931884766,40.369998931884766,40.2400016784668,40.2400016784668,5192,0.0,0.0
2024-09-16 13:50:00-04:00,40.26499938964844,40.279998779296875,40.08000183105469,40.08000183105469,8493,0.0,0.0
2024-09-16 13:55:00-04:00,40.08000183105469,40.18000030517578,40.08000183105469,40.150001525878906,3999,0.0,0.0
2024-09-16 14:00:00-04:00,40.099998474121094,40.099998474121094,39.95000076293945,39.95000076293945,5519,0.0,0.0
2024-09-16 14:05:00-04:00,39.9900016784668,40.06999969482422,39.970001220703125,40.06999969482422,4815,0.0,0.0
2024-09-16 14:10:00-04:00,40.08000183105469,40.150001525878906,40.040000915527344,40.150001525878906,4649,0.0,0.0
2024-09-16 14:15:00-04:00,40.119998931884766,40.150001525878906,39.9900016784668,40.0,6236,0.0,0.0
2024-09-16 14:20:00-04:00,40.0099983215332,40.09000015258789,40.0099983215332,40.060001373291016,4650,0.0,0.0
2024-09-16 14:25:00-04:00,40.040000915527344,40.11000061035156,40.029998779296875,40.11000061035156,3321,0.0,0.0
2024-09-16 14:30:00-04:00,40.15729904174805,40.22999954223633,40.130001068115234,40.22999954223633,5963,0.0,0.0
2024-09-16 14:35:00-04:00,40.2599983215332,40.290000915527344,40.220001220703125,40.290000915527344,7337,0.0,0.0
2024-09-16 14:40:00-04:00,40.31999969482422,40.31999969482422,40.27000045776367,40.290000915527344,8155,0.0,0.0
2024-09-16 14:45:00-04:00,40.29499816894531,40.36000061035156,40.27000045776367,40.36000061035156,3459,0.0,0.0
2024-09-16 14:50:00-04:00,40.36000061035156,40.470001220703125,40.33620071411133,40.34489822387695,14730,0.0,0.0
2024-09-16 14:55:00-04:00,40.369998931884766,40.77000045776367,40.369998931884766,40.77000045776367,42826,0.0,0.0
2024-09-16 15:00:00-04:00,40.7400016784668,40.7599983215332,40.63999938964844,40.689998626708984,12846,0.0,0.0
2024-09-16 15:05:00-04:00,40.689998626708984,40.689998626708984,40.619998931884766,40.65999984741211,6773,0.0,0.0
2024-09-16 15:10:00-04:00,40.63999938964844,40.65999984741211,40.505001068115234,40.505001068115234,7729,0.0,0.0
2024-09-16 15:15:00-04:00,40.5,40.5,40.41999816894531,40.470001220703125,10039,0.0,0.0
2024-09-16 15:20:00-04:00,40.45000076293945,40.470001220703125,40.42499923706055,40.45000076293945,10552,0.0,0.0
2024-09-16 15:25:00-04:00,40.45000076293945,40.5099983215332,40.38999938964844,40.400001525878906,13602,0.0,0.0
2024-09-16 15:30:00-04:00,40.380001068115234,40.400001525878906,40.28499984741211,40.28499984741211,13652,0.0,0.0
2024-09-16 15:35:00-04:00,40.27000045776367,40.40999984741211,40.27000045776367,40.29999923706055,13041,0.0,0.0
2024-09-16 15:40:00-04:00,40.279998779296875,40.369998931884766,40.255001068115234,40.369998931884766,22700,0.0,0.0
2024-09-16 15:45:00-04:00,40.36000061035156,40.380001068115234,40.29999923706055,40.334999084472656,23196,0.0,0.0
2024-09-16 15:50:00-04:00,40.369998931884766,40.459999084472656,40.314998626708984,40.45000076293945,40915,0.0,0.0
2024-09-16 15:55:00-04:00,40.45000076293945,40.5099983215332,40.40999984741211,40.439998626708984,69171,0.0,0.0
2024-09-17 09:30:00-04:00,40.540000915527344,41.09000015258789,40.540000915527344,40.939998626708984,22683,0.0,0.0
2024-09-17 09:35:00-04:00,41.09000015258789,41.29999923706055,41.0099983215332,41.290000915527344,5415,0.0,0.0
2024-09-17 09:40:00-04:00,41.209999084472656,41.5099983215332,41.209999084472656,41.5099983215332,7241,0.0,0.0
2024-09-17 09:45:00-04:00,41.56999969482422,42.0,41.459999084472656,42.0,28497,0.0,0.0
2024-09-17 09:50:00-04:00,42.0,42.43000030517578,41.9900016784668,42.43000030517578,12252,0.0,0.0
2024-09-17 09:55:00-04:00,42.345001220703125,42.375,42.04869842529297,42.04869842529297,12364,0.0,0.0
2024-09-17 10:00:00-04:00,42.040000915527344,42.189998626708984,42.040000915527344,42.118099212646484,6890,0.0,0.0
2024-09-17 10:05:00-04:00,42.1150016784668,42.380001068115234,42.060001373291016,42.2599983215332,9906,0.0,0.0
2024-09-17 10:10:00-04:00,42.25600051879883,42.310001373291016,42.18000030517578,42.310001373291016,10041,0.0,0.0
2024-09-17 10:15:00-04:00,42.3125,42.40999984741211,42.14250183105469,42.20000076293945,12600,0.0,0.0
2024-09-17 10:20:00-04:00,42.310001373291016,42.43000030517578,42.255001068115234,42.39500045776367,10970,0.0,0.0
2024-09-17 10:25:00-04:00,42.38999938964844,42.39500045776367,42.252899169921875,42.310001373291016,6165,0.0,0.0
2024-09-17 10:30:00-04:00,42.189998626708984,42.290000915527344,42.100101470947266,42.20500183105469,5397,0.0,0.0
2024-09-17 10:35:00-04:00,42.20500183105469,42.27000045776367,42.04499816894531,42.27000045776367,9023,0.0,0.0
2024-09-17 10:40:00-04:00,42.29999923706055,42.459999084472656,42.27859878540039,42.459999084472656,7884,0.0,0.0
2024-09-17 10:45:00-04:00,42.47999954223633,42.5099983215332,42.400001525878906,42.43000030517578,11668,0.0,0.0
2024-09-17 10:50:00-04:00,42.459999084472656,42.459999084472656,42.33000183105469,42.345001220703125,8949,0.0,0.0
2024-09-17 10:55:00-04:00,42.290000915527344,42.40999984741211,42.26499938964844,42.26499938964844,21103,0.0,0.0
2024-09-17 11:00:00-04:00,42.279998779296875,42.38999938964844,42.279998779296875,42.279998779296875,7007,0.0,0.0
2024-09-17 11:05:00-04:00,42.2599983215332,42.5,42.25,42.5,10168,0.0,0.0
2024-09-17 11:10:00-04:00,42.459999084472656,42.52000045776367,42.400001525878906,42.400001525878906,11236,0.0,0.0
2024-09-17 11:15:00-04:00,42.39500045776367,42.40999984741211,42.29999923706055,42.29999923706055,11578,0.0,0.0
2024-09-17 11:20:00-04:00,42.22999954223633,42.255001068115234,42.135501861572266,42.18000030517578,11712,0.0,0.0
2024-09-17 11:25:00-04:00,42.15999984741211,42.18000030517578,42.10499954223633,42.10499954223633,3800,0.0,0.0
2024-09-17 11:30:00-04:00,42.1150016784668,42.21500015258789,42.1150016784668,42.1349983215332,10191,0.0,0.0
2024-09-17 11:35:00-04:00,42.150001525878906,42.150001525878906,42.119998931884766,42.119998931884766,2088,0.0,0.0
2024-09-17 11:40:00-04:00,42.154998779296875,42.279998779296875,42.130001068115234,42.16999816894531,8953,0.0,0.0
2024-09-17 11:45:00-04:00,42.10850143432617,42.185001373291016,42.04600143432617,42.099998474121094,3023,0.0,0.0
2024-09-17 11:50:00-04:00,42.099998474121094,42.20500183105469,42.099998474121094,42.13999938964844,8023,0.0,0.0
2024-09-17 11:55:00-04:00,42.189998626708984,42.189998626708984,41.91999816894531,41.952598571777344,4833,0.0,0.0
2024-09-17 12:00:00-04:00,41.89500045776367,41.93000030517578,41.75,41.82500076293945,4651,0.0,0.0
2024-09-17 12:05:00-04:00,41.779998779296875,41.83000183105469,41.775001525878906,41.790000915527344,2767,0.0,0.0
2024-09-17 12:10:00-04:00,41.79499816894531,41.93000030517578,41.79499816894531,41.869998931884766,5822,0.0,0.0
2024-09-17 12:15:00-04:00,41.81999969482422,41.81999969482422,41.599998474121094,41.720001220703125,6840,0.0,0.0
2024-09-17 12:20:00-04:00,41.77000045776367,41.779998779296875,41.7400016784668,41.7400016784668,2800,0.0,0.0
2024-09-17 12:25:00-04:00,41.77000045776367,41.834999084472656,41.70000076293945,41.81129837036133,5761,0.0,0.0
2024-09-17 12:30:00-04:00,41.834999084472656,41.834999084472656,41.79999923706055,41.82500076293945,1765,0.0,0.0
2024-09-17 12:35:00-04:00,41.83000183105469,41.849998474121094,41.77000045776367,41.779998779296875,3635,0.0,0.0
2024-09-17 12:40:00-04:00,41.78499984741211,41.78499984741211,41.595001220703125,41.619998931884766,4474,0.0,0.0
2024-09-17 12:45:00-04:00,41.68000030517578,41.68949890136719,41.41999816894531,41.41999816894531,9543,0.0,0.0
2024-09-17 12:50:00-04:00,41.45000076293945,41.55500030517578,41.41999816894531,41.5,5965,0.0,0.0
2024-09-17 12:55:00-04:00,41.525001525878906,41.560001373291016,41.18000030517578,41.2400016784668,4854,0.0,0.0
2024-09-17 13:00:00-04:00,41.25,41.519901275634766,41.22999954223633,41.400001525878906,6843,0.0,0.0
2024-09-17 13:05:00-04:00,41.369998931884766,41.40999984741211,41.35499954223633,41.380001068115234,2397,0.0,0.0
2024-09-17 13:10:00-04:00,41.369998931884766,41.369998931884766,41.15999984741211,41.29999923706055,9792,0.0,0.0
2024-09-17 13:15:00-04:00,41.29999923706055,41.29999923706055,41.25,41.290000915527344,6002,0.0,0.0
2024-09-17 13:20:00-04:00,41.345001220703125,41.459999084472656,41.310001373291016,41.38999938964844,11265,0.0,0.0
2024-09-17 13:25:00-04:00,41.439998626708984,41.439998626708984,41.27000045776367,41.27000045776367,6877,0.0,0.0
2024-09-17 13:30:00-04:00,41.27000045776367,41.349998474121094,41.2400016784668,41.349998474121094,12497,0.0,0.0
2024-09-17 13:35:00-04:00,41.34749984741211,41.5,41.34749984741211,41.45000076293945,4260,0.0,0.0
2024-09-17 13:40:00-04:00,41.45000076293945,41.45050048828125,41.310001373291016,41.310001373291016,5477,0.0,0.0
2024-09-17 13:45:00-04:00,41.345001220703125,41.439998626708984,41.264801025390625,41.439998626708984,13031,0.0,0.0
2024-09-17 13:50:00-04:00,41.46500015258789,41.53499984741211,41.46500015258789,41.529998779296875,4473,0.0,0.0
2024-09-17 13:55:00-04:00,41.5,41.66999816894531,41.470001220703125,41.66999816894531,8758,0.0,0.0
2024-09-17 14:00:00-04:00,41.625,41.650001525878906,41.554500579833984,41.59000015258789,4123,0.0,0.0
2024-09-17 14:05:00-04:00,41.564998626708984,41.790000915527344,41.529998779296875,41.779998779296875,12121,0.0,0.0
2024-09-17 14:10:00-04:00,41.76499938964844,41.76499938964844,41.64500045776367,41.64500045776367,6346,0.0,0.0
2024-09-17 14:15:00-04:00,41.64500045776367,41.70000076293945,41.630001068115234,41.630001068115234,5644,0.0,0.0
2024-09-17 14:20:00-04:00,41.66999816894531,42.08000183105469,41.64059829711914,41.97999954223633,12714,0.0,0.0
2024-09-17 14:25:00-04:00,42.029998779296875,42.029998779296875,41.88999938964844,41.939998626708984,11289,0.0,0.0
2024-09-17 14:30:00-04:00,41.935001373291016,41.95000076293945,41.86000061035156,41.869998931884766,9056,0.0,0.0
2024-09-17 14:35:00-04:00,41.90999984741211,41.91999816894531,41.84000015258789,41.8849983215332,7708,0.0,0.0
2024-09-17 14:40:00-04:00,41.849998474121094,42.0,41.849998474121094,41.970001220703125,6711,0.0,0.0
2024-09-17 14:45:00-04:00,41.994998931884766,42.0,41.849998474121094,41.849998474121094,10636,0.0,0.0
2024-09-17 14:50:00-04:00,41.90999984741211,42.15999984741211,41.90999984741211,42.15999984741211,12121,0.0,0.0
2024-09-17 14:55:00-04:00,42.2400016784668,42.29499816894531,42.16999816894531,42.27000045776367,21309,0.0,0.0
2024-09-17 15:00:00-04:00,42.209999084472656,42.2599983215332,42.13999938964844,42.189998626708984,10443,0.0,0.0
2024-09-17 15:05:00-04:00,42.15999984741211,42.2599983215332,42.15999984741211,42.2599983215332,9309,0.0,0.0
2024-09-17 15:10:00-04:00,42.2400016784668,42.2400016784668,42.0099983215332,42.08000183105469,21681,0.0,0.0
2024-09-17 15:15:00-04:00,42.16999816894531,42.20000076293945,42.09000015258789,42.09000015258789,4079,0.0,0.0
2024-09-17 15:20:00-04:00,42.09000015258789,42.1150016784668,42.030601501464844,42.064998626708984,10443,0.0,0.0
2024-09-17 15:25:00-04:00,42.08000183105469,42.30590057373047,42.08000183105469,42.28499984741211,17834,0.0,0.0
2024-09-17 15:30:00-04:00,42.28499984741211,42.28499984741211,42.06999969482422,42.127498626708984,12282,0.0,0.0
2024-09-17 15:35:00-04:00,42.1150016784668,42.119998931884766,41.939998626708984,41.959999084472656,21377,0.0,0.0
2024-09-17 15:40:00-04:00,41.959999084472656,41.97999954223633,41.849998474121094,41.91999816894531,21753,0.0,0.0
2024-09-17 15:45:00-04:00,41.91999816894531,42.15999984741211,41.88999938964844,42.099998474121094,27267,0.0,0.0
2024-09-17 15:50:00-04:00,42.13999938964844,42.38999938964844,42.13999938964844,42.369998931884766,36413,0.0,0.0
2024-09-17 15:55:00-04:00,42.38999938964844,42.38999938964844,42.2400016784668,42.369998931884766,111518,0.0,0.0
2024-09-18 09:30:00-04:00,42.5,42.68000030517578,42.060001373291016,42.68000030517578,24378,0.0,0.0
2024-09-18 09:35:00-04:00,42.654998779296875,43.27989959716797,42.654998779296875,42.9900016784668,39886,0.0,0.0
2024-09-18 09:40:00-04:00,43.029998779296875,43.125,42.81489944458008,42.83000183105469,9036,0.0,0.0
2024-09-18 09:45:00-04:00,42.93000030517578,42.959999084472656,42.81999969482422,42.81999969482422,11046,0.0,0.0
2024-09-18 09:50:00-04:00,42.86000061035156,43.119998931884766,42.810001373291016,43.03499984741211,17331,0.0,0.0
2024-09-18 09:55:00-04:00,43.11000061035156,43.2400016784668,42.915000915527344,43.0099983215332,22746,0.0,0.0
2024-09-18 10:00:00-04:00,42.880001068115234,42.974998474121094,42.619998931884766,42.974998474121094,22638,0.0,0.0
2024-09-18 10:05:00-04:00,43.06999969482422,43.27000045776367,43.03499984741211,43.1349983215332,16543,0.0,0.0
2024-09-18 10:10:00-04:00,43.099998474121094,43.29999923706055,43.060001373291016,43.10499954223633,28931,0.0,0.0
2024-09-18 10:15:00-04:00,43.15999984741211,43.380001068115234,43.15999984741211,43.25,14938,0.0,0.0
2024-09-18 10:20:00-04:00,43.27000045776367,43.27000045776367,43.029998779296875,43.08319854736328,13381,0.0,0.0
2024-09-18 10:25:00-04:00,43.040000915527344,43.1963996887207,42.939998626708984,43.144100189208984,14931,0.0,0.0
2024-09-18 10:30:00-04:00,43.185001373291016,43.185001373291016,42.7400016784668,42.7400016784668,10629,0.0,0.0
2024-09-18 10:35:00-04:00,42.779998779296875,42.91999816894531,42.779998779296875,42.91999816894531,12449,0.0,0.0
2024-09-18 10:40:00-04:00,42.900001525878906,43.09000015258789,42.900001525878906,43.064998626708984,14692,0.0,0.0
2024-09-18 10:45:00-04:00,43.06999969482422,43.150001525878906,42.97999954223633,43.099998474121094,46715,0.0,0.0
2024-09-18 10:50:00-04:00,43.095001220703125,43.099998474121094,43.040000915527344,43.0973014831543,6999,0.0,0.0
2024-09-18 10:55:00-04:00,43.060001373291016,43.255001068115234,43.060001373291016,43.255001068115234,10439,0.0,0.0
2024-09-18 11:00:00-04:00,43.310001373291016,43.40999984741211,43.29859924316406,43.38999938964844,39365,0.0,0.0
2024-09-18 11:05:00-04:00,43.38999938964844,43.470001220703125,43.29999923706055,43.380001068115234,14388,0.0,0.0
2024-09-18 11:10:00-04:00,43.380001068115234,43.380001068115234,43.09000015258789,43.099998474121094,10592,0.0,0.0
2024-09-18 11:15:00-04:00,43.09000015258789,43.09000015258789,42.65999984741211,42.71860122680664,8973,0.0,0.0
2024-09-18 11:20:00-04:00,42.71500015258789,42.74300003051758,42.540000915527344,42.66999816894531,8128,0.0,0.0
2024-09-18 11:25:00-04:00,42.66999816894531,42.72999954223633,42.60110092163086,42.619998931884766,11497,0.0,0.0
2024-09-18 11:30:00-04:00,42.540000915527344,42.58000183105469,42.36000061035156,42.470001220703125,8066,0.0,0.0
2024-09-18 11:35:00-04:00,42.470001220703125,42.61000061035156,42.470001220703125,42.55500030517578,5675,0.0,0.0
2024-09-18 11:40:00-04:00,42.5099983215332,42.52000045776367,42.459999084472656,42.52000045776367,924,0.0,0.0
2024-09-18 11:45:00-04:00,42.470001220703125,42.470001220703125,42.349998474121094,42.36000061035156,3102,0.0,0.0
2024-09-18 11:50:00-04:00,42.38999938964844,42.38999938964844,42.22999954223633,42.22999954223633,3442,0.0,0.0
2024-09-18 11:55:00-04:00,42.310001373291016,42.345001220703125,42.25,42.31999969482422,11857,0.0,0.0
2024-09-18 12:00:00-04:00,42.2400016784668,42.36000061035156,42.2400016784668,42.31999969482422,8354,0.0,0.0
2024-09-18 12:05:00-04:00,42.290000915527344,42.38999938964844,42.290000915527344,42.38999938964844,3357,0.0,0.0
2024-09-18 12:10:00-04:00,42.36000061035156,42.3650016784668,42.15999984741211,42.15999984741211,3891,0.0,0.0
2024-09-18 12:15:00-04:00,42.119998931884766,42.369998931884766,42.119998931884766,42.36000061035156,5520,0.0,0.0
2024-09-18 12:20:00-04:00,42.375,42.599998474121094,42.36000061035156,42.529998779296875,6209,0.0,0.0
2024-09-18 12:25:00-04:00,42.5099983215332,42.599998474121094,42.5099983215332,42.59000015258789,5040,0.0,0.0
2024-09-18 12:30:00-04:00,42.59000015258789,42.61000061035156,42.540000915527344,42.55500030517578,4793,0.0,0.0
2024-09-18 12:35:00-04:00,42.54140090942383,42.54140090942383,42.5099983215332,42.52000045776367,3655,0.0,0.0
2024-09-18 12:40:00-04:00,42.529998779296875,42.529998779296875,42.391700744628906,42.391700744628906,9744,0.0,0.0
2024-09-18 12:45:00-04:00,42.36000061035156,42.36000061035156,42.2599983215332,42.2599983215332,3052,0.0,0.0
2024-09-18 12:50:00-04:00,42.25,42.41999816894531,42.25,42.41999816894531,4752,0.0,0.0
2024-09-18 12:55:00-04:00,42.43000030517578,42.5,42.43000030517578,42.5,2514,0.0,0.0
2024-09-18 13:00:00-04:00,42.470001220703125,42.4900016784668,42.400001525878906,42.439998626708984,3263,0.0,0.0
2024-09-18 13:05:00-04:00,42.43000030517578,42.43000030517578,42.349998474121094,42.380001068115234,5559,0.0,0.0
2024-09-18 13:10:00-04:00,42.400001525878906,42.400001525878906,42.2599983215332,42.29499816894531,3778,0.0,0.0
2024-09-18 13:15:00-04:00,42.29499816894531,42.3650016784668,42.27000045776367,42.290000915527344,12012,0.0,0.0
2024-09-18 13:20:00-04:00,42.30500030517578,42.30500030517578,42.189998626708984,42.189998626708984,3160,0.0,0.0
2024-09-18 13:25:00-04:00,42.189998626708984,42.41999816894531,42.189998626708984,42.36000061035156,10722,0.0,0.0
2024-09-18 13:30:00-04:00,42.36000061035156,42.53099822998047,42.36000061035156,42.5099983215332,4261,0.0,0.0
2024-09-18 13:35:00-04:00,42.529998779296875,42.58000183105469,42.42499923706055,42.5,5834,0.0,0.0
2024-09-18 13:40:00-04:00,42.56999969482422,42.779998779296875,42.56999969482422,42.779998779296875,9993,0.0,0.0
2024-09-18 13:45:00-04:00,42.790000915527344,42.849998474121094,42.650001525878906,42.654998779296875,8715,0.0,0.0
2024-09-18 13:50:00-04:00,42.560001373291016,42.560001373291016,42.3650016784668,42.435001373291016,10537,0.0,0.0
2024-09-18 13:55:00-04:00,42.45000076293945,42.54999923706055,42.43000030517578,42.435001373291016,6221,0.0,0.0
2024-09-18 14:00:00-04:00,42.54999923706055,43.61000061035156,42.54999923706055,43.400001525878906,33842,0.0,0.0
2024-09-18 14:05:00-04:00,43.36000061035156,43.38999938964844,43.10459899902344,43.10459899902344,29722,0.0,0.0
2024-09-18 14:10:00-04:00,43.0099983215332,43.02000045776367,42.70500183105469,42.747501373291016,17646,0.0,0.0
2024-09-18 14:15:00-04:00,42.84000015258789,43.029998779296875,42.7400016784668,43.029998779296875,17908,0.0,0.0
2024-09-18 14:20:00-04:00,42.935001373291016,43.209999084472656,42.88999938964844,43.18000030517578,11682,0.0,0.0
2024-09-18 14:25:00-04:00,43.185001373291016,43.60499954223633,43.13999938964844,43.60499954223633,7607,0.0,0.0
2024-09-18 14:30:00-04:00,43.63999938964844,44.130001068115234,43.59000015258789,44.11000061035156,38076,0.0,0.0
2024-09-18 14:35:00-04:00,43.959999084472656,43.97999954223633,43.52000045776367,43.915000915527344,10412,0.0,0.0
2024-09-18 14:40:00-04:00,43.88999938964844,43.959999084472656,43.03499984741211,43.03499984741211,34077,0.0,0.0
2024-09-18 14:45:00-04:00,43.02000045776367,43.150001525878906,42.779998779296875,43.150001525878906,7312,0.0,0.0
2024-09-18 14:50:00-04:00,43.04999923706055,43.43000030517578,42.90010070800781,43.369998931884766,4607,0.0,0.0
2024-09-18 14:55:00-04:00,43.189998626708984,43.380001068115234,43.02000045776367,43.02000045776367,8875,0.0,0.0
2024-09-18 15:00:00-04:00,42.970001220703125,43.08000183105469,42.650001525878906,42.650001525878906,23504,0.0,0.0
2024-09-18 15:05:00-04:00,42.58000183105469,42.630001068115234,42.29999923706055,42.54999923706055,19240,0.0,0.0
2024-09-18 15:10:00-04:00,42.54999923706055,42.89500045776367,42.54999923706055,42.845001220703125,21097,0.0,0.0
2024-09-18 15:15:00-04:00,42.900001525878906,42.900001525878906,42.4900016784668,42.630001068115234,11194,0.0,0.0
2024-09-18 15:20:00-04:00,42.61000061035156,42.769500732421875,42.27000045776367,42.68000030517578,16792,0.0,0.0
2024-09-18 15:25:00-04:00,42.685001373291016,42.9900016784668,42.65999984741211,42.75,9594,0.0,0.0
2024-09-18 15:30:00-04:00,42.7599983215332,42.790000915527344,42.459999084472656,42.459999084472656,18713,0.0,0.0
2024-09-18 15:35:00-04:00,42.459999084472656,42.56999969482422,42.415000915527344,42.44499969482422,33177,0.0,0.0
2024-09-18 15:40:00-04:00,42.44499969482422,42.44499969482422,42.0099983215332,42.03499984741211,58114,0.0,0.0
2024-09-18 15:45:00-04:00,41.939998626708984,42.088600158691406,41.880001068115234,41.939998626708984,34804,0.0,0.0
2024-09-18 15:50:00-04:00,41.900001525878906,41.91999816894531,41.63999938964844,41.7599983215332,91485,0.0,0.0
2024-09-18 15:55:00-04:00,41.755001068115234,41.801998138427734,41.560001373291016,41.584999084472656,163744,0.0,0.0
2024-09-19 09:30:00-04:00,43.9900016784668,45.239898681640625,42.25,44.720001220703125,115097,0.0,0.0
2024-09-19 09:35:00-04:00,44.56999969482422,44.689998626708984,43.57740020751953,44.04999923706055,40310,0.0,0.0
2024-09-19 09:40:00-04:00,44.04999923706055,44.20000076293945,43.14149856567383,43.165000915527344,31475,0.0,0.0
2024-09-19 09:45:00-04:00,43.15999984741211,43.15999984741211,42.09000015258789,42.56999969482422,37665,0.0,0.0
2024-09-19 09:50:00-04:00,42.525001525878906,42.689998626708984,42.43000030517578,42.502498626708984,16096,0.0,0.0
2024-09-19 09:55:00-04:00,42.47999954223633,42.81999969482422,42.150001525878906,42.45000076293945,32278,0.0,0.0
2024-09-19 10:00:00-04:00,42.49489974975586,42.70989990234375,42.369998931884766,42.41999816894531,14349,0.0,0.0
2024-09-19 10:05:00-04:00,42.25,42.609901428222656,41.81999969482422,41.90650177001953,17880,0.0,0.0
2024-09-19 10:10:00-04:00,41.98500061035156,42.21500015258789,41.91999816894531,42.099998474121094,7394,0.0,0.0
2024-09-19 10:15:00-04:00,42.11000061035156,42.40999984741211,41.880001068115234,42.29499816894531,19630,0.0,0.0
2024-09-19 10:20:00-04:00,42.459999084472656,42.459999084472656,41.80509948730469,41.97140121459961,15283,0.0,0.0
2024-09-19 10:25:00-04:00,41.86000061035156,41.86000061035156,41.06999969482422,41.334999084472656,63641,0.0,0.0
2024-09-19 10:30:00-04:00,41.3849983215332,41.749900817871094,41.09000015258789,41.540000915527344,24160,0.0,0.0
2024-09-19 10:35:00-04:00,41.564998626708984,41.92399978637695,41.130001068115234,41.21849822998047,37678,0.0,0.0
2024-09-19 10:40:00-04:00,41.165000915527344,41.400001525878906,41.150001525878906,41.275001525878906,30151,0.0,0.0
2024-09-19 10:45:00-04:00,41.25,41.25,40.72019958496094,41.13999938964844,30070,0.0,0.0
2024-09-19 10:50:00-04:00,41.2599983215332,41.869998931884766,41.2599983215332,41.744998931884766,23349,0.0,0.0
2024-09-19 10:55:00-04:00,41.650001525878906,41.650001525878906,40.689998626708984,40.709999084472656,40999,0.0,0.0
2024-09-19 11:00:00-04:00,40.709999084472656,41.279998779296875,40.599998474121094,41.2400016784668,30619,0.0,0.0
2024-09-19 11:05:00-04:00,41.15399932861328,41.2599983215332,40.9900016784668,41.099998474121094,32089,0.0,0.0
2024-09-19 11:10:00-04:00,41.0,41.38999938964844,40.93000030517578,41.095001220703125,17775,0.0,0.0
2024-09-19 11:15:00-04:00,41.060001373291016,41.540000915527344,41.060001373291016,41.33000183105469,15383,0.0,0.0
2024-09-19 11:20:00-04:00,41.27000045776367,41.540000915527344,41.22999954223633,41.494998931884766,6044,0.0,0.0
2024-09-19 11:25:00-04:00,41.599998474121094,41.78409957885742,41.56999969482422,41.65999984741211,8537,0.0,0.0
2024-09-19 11:30:00-04:00,41.61000061035156,41.72999954223633,41.5099983215332,41.720001220703125,7228,0.0,0.0
2024-09-19 11:35:00-04:00,41.69240188598633,42.0,41.61000061035156,42.0,6915,0.0,0.0
2024-09-19 11:40:00-04:00,42.0724983215332,42.08000183105469,41.869998931884766,42.029998779296875,6592,0.0,0.0
2024-09-19 11:45:00-04:00,42.11000061035156,42.220001220703125,41.89189910888672,41.900001525878906,10993,0.0,0.0
2024-09-19 11:50:00-04:00,41.900001525878906,42.04999923706055,41.790000915527344,42.04999923706055,7539,0.0,0.0
2024-09-19 11:55:00-04:00,42.025001525878906,42.025001525878906,41.650001525878906,41.65999984741211,12604,0.0,0.0
2024-09-19 12:00:00-04:00,41.72999954223633,42.04999923706055,41.65999984741211,41.90620040893555,16159,0.0,0.0
2024-09-19 12:05:00-04:00,41.869998931884766,42.02000045776367,41.779998779296875,41.779998779296875,10746,0.0,0.0
2024-09-19 12:10:00-04:00,41.779998779296875,41.94900131225586,41.63999938964844,41.65999984741211,6995,0.0,0.0
2024-09-19 12:15:00-04:00,41.630001068115234,41.970001220703125,41.619998931884766,41.89500045776367,7190,0.0,0.0
2024-09-19 12:20:00-04:00,41.89500045776367,41.89500045776367,41.68000030517578,41.68000030517578,6704,0.0,0.0
2024-09-19 12:25:00-04:00,41.689998626708984,41.880001068115234,41.34000015258789,41.41999816894531,26129,0.0,0.0
2024-09-19 12:30:00-04:00,41.42499923706055,41.55500030517578,41.2400016784668,41.39500045776367,33245,0.0,0.0
2024-09-19 12:35:00-04:00,41.290000915527344,41.369998931884766,41.19070053100586,41.369998931884766,17322,0.0,0.0
2024-09-19 12:40:00-04:00,41.59000015258789,41.619998931884766,41.36000061035156,41.474998474121094,5742,0.0,0.0
2024-09-19 12:45:00-04:00,41.439998626708984,41.599998474121094,41.400001525878906,41.5,11196,0.0,0.0
2024-09-19 12:50:00-04:00,41.540000915527344,41.78329849243164,41.540000915527344,41.619998931884766,7498,0.0,0.0
2024-09-19 12:55:00-04:00,41.61000061035156,41.61000061035156,41.279998779296875,41.290000915527344,15348,0.0,0.0
2024-09-19 13:00:00-04:00,41.279998779296875,41.369998931884766,41.189998626708984,41.31999969482422,12218,0.0,0.0
2024-09-19 13:05:00-04:00,41.32500076293945,41.38999938964844,41.290000915527344,41.33000183105469,6547,0.0,0.0
2024-09-19 13:10:00-04:00,41.375,41.45000076293945,41.290000915527344,41.45000076293945,2613,0.0,0.0
2024-09-19 13:15:00-04:00,41.380001068115234,41.470001220703125,41.2599983215332,41.45000076293945,14962,0.0,0.0
2024-09-19 13:20:00-04:00,41.4900016784668,41.564998626708984,41.43000030517578,41.4900016784668,9084,0.0,0.0
2024-09-19 13:25:00-04:00,41.45000076293945,41.516998291015625,41.41999816894531,41.43000030517578,3542,0.0,0.0
2024-09-19 13:30:00-04:00,41.29999923706055,41.404998779296875,41.25,41.25,15583,0.0,0.0
2024-09-19 13:35:00-04:00,41.310001373291016,41.36000061035156,41.22999954223633,41.22999954223633,13990,0.0,0.0
2024-09-19 13:40:00-04:00,41.220001220703125,41.26810073852539,41.119998931884766,41.150001525878906,18448,0.0,0.0
2024-09-19 13:45:00-04:00,41.15999984741211,41.244998931884766,41.15999984741211,41.18000030517578,6137,0.0,0.0
2024-09-19 13:50:00-04:00,41.209999084472656,41.33000183105469,41.20500183105469,41.31999969482422,8968,0.0,0.0
2024-09-19 13:55:00-04:00,41.29999923706055,41.369998931884766,41.209999084472656,41.209999084472656,10641,0.0,0.0
2024-09-19 14:00:00-04:00,41.209999084472656,41.2599983215332,41.209999084472656,41.2599983215332,5044,0.0,0.0
2024-09-19 14:05:00-04:00,41.2400016784668,41.2400016784668,40.88999938964844,40.88999938964844,24766,0.0,0.0
2024-09-19 14:10:00-04:00,40.900001525878906,41.15999984741211,40.88999938964844,41.10609817504883,15183,0.0,0.0
2024-09-19 14:15:00-04:00,41.099998474121094,41.189998626708984,41.03379821777344,41.05500030517578,13527,0.0,0.0
2024-09-19 14:20:00-04:00,41.08000183105469,41.084999084472656,40.939998626708984,41.0099983215332,13796,0.0,0.0
2024-09-19 14:25:00-04:00,40.93000030517578,40.93000030517578,40.85419845581055,40.85419845581055,10680,0.0,0.0
2024-09-19 14:30:00-04:00,40.86000061035156,41.02000045776367,40.81999969482422,40.994998931884766,14849,0.0,0.0
2024-09-19 14:35:00-04:00,41.029998779296875,41.08000183105469,40.9900016784668,41.04499816894531,15938,0.0,0.0
2024-09-19 14:40:00-04:00,41.04499816894531,41.06999969482422,40.9900016784668,41.040000915527344,10101,0.0,0.0
2024-09-19 14:45:00-04:00,41.029998779296875,41.119998931884766,41.02000045776367,41.02000045776367,27265,0.0,0.0
2024-09-19 14:50:00-04:00,41.040000915527344,41.040000915527344,40.880001068115234,40.900001525878906,13972,0.0,0.0
2024-09-19 14:55:00-04:00,40.900001525878906,40.91999816894531,40.86000061035156,40.869998931884766,8456,0.0,0.0
2024-09-19 15:00:00-04:00,40.880001068115234,40.959999084472656,40.720001220703125,40.720001220703125,43534,0.0,0.0
2024-09-19 15:05:00-04:00,40.709999084472656,40.8849983215332,40.685001373291016,40.720001220703125,12793,0.0,0.0
2024-09-19 15:10:00-04:00,40.720001220703125,40.809898376464844,40.67829895019531,40.72999954223633,12084,0.0,0.0
2024-09-19 15:15:00-04:00,40.70000076293945,40.70000076293945,40.560001373291016,40.560001373291016,11927,0.0,0.0
2024-09-19 15:20:00-04:00,40.59000015258789,40.7400016784668,40.54999923706055,40.7400016784668,17760,0.0,0.0
2024-09-19 15:25:00-04:00,40.619998931884766,40.73500061035156,40.619998931884766,40.720001220703125,14951,0.0,0.0
2024-09-19 15:30:00-04:00,40.70000076293945,40.959999084472656,40.70000076293945,40.83000183105469,43817,0.0,0.0
2024-09-19 15:35:00-04:00,40.82500076293945,40.880001068115234,40.64500045776367,40.69499969482422,24839,0.0,0.0
2024-09-19 15:40:00-04:00,40.6974983215332,40.810001373291016,40.68050003051758,40.71500015258789,24080,0.0,0.0
2024-09-19 15:45:00-04:00,40.709999084472656,40.900001525878906,40.709999084472656,40.869998931884766,38230,0.0,0.0
2024-09-19 15:50:00-04:00,40.88999938964844,41.005001068115234,40.76499938964844,41.005001068115234,47863,0.0,0.0
2024-09-19 15:55:00-04:00,40.959999084472656,41.15999984741211,40.849998474121094,41.15999984741211,81086,0.0,0.0
2024-09-20 09:30:00-04:00,41.29999923706055,41.42499923706055,39.510101318359375,39.855098724365234,88603,0.0,0.0
2024-09-20 09:35:00-04:00,39.79999923706055,39.81809997558594,39.5,39.685001373291016,19463,0.0,0.0
2024-09-20 09:40:00-04:00,39.79999923706055,40.040000915527344,39.67499923706055,39.869998931884766,17269,0.0,0.0
2024-09-20 09:45:00-04:00,39.7401008605957,40.68000030517578,39.7400016784668,40.599998474121094,28835,0.0,0.0
2024-09-20 09:50:00-04:00,40.380001068115234,40.630001068115234,40.31999969482422,40.529998779296875,9782,0.0,0.0
2024-09-20 09:55:00-04:00,40.52000045776367,40.81999969482422,40.52000045776367,40.74399948120117,10051,0.0,0.0
2024-09-20 10:00:00-04:00,40.72999954223633,41.310001373291016,40.72999954223633,40.994998931884766,14436,0.0,0.0
2024-09-20 10:05:00-04:00,41.1150016784668,41.22999954223633,41.11000061035156,41.22999954223633,3123,0.0,0.0
2024-09-20 10:10:00-04:00,41.13999938964844,41.290000915527344,40.9900016784668,41.290000915527344,11093,0.0,0.0
2024-09-20 10:15:00-04:00,41.290000915527344,41.810001373291016,41.279998779296875,41.4906005859375,25654,0.0,0.0
2024-09-20 10:20:00-04:00,41.720001220703125,41.720001220703125,41.5099983215332,41.52000045776367,14716,0.0,0.0
2024-09-20 10:25:00-04:00,41.5,41.86000061035156,41.47999954223633,41.83000183105469,12966,0.0,0.0
2024-09-20 10:30:00-04:00,41.7400016784668,42.09000015258789,41.709999084472656,41.939998626708984,12751,0.0,0.0
2024-09-20 10:35:00-04:00,41.939998626708984,42.029998779296875,41.849998474121094,42.005001068115234,6257,0.0,0.0
2024-09-20 10:40:00-04:00,42.0099983215332,42.0099983215332,41.78499984741211,41.880001068115234,11681,0.0,0.0
2024-09-20 10:45:00-04:00,41.849998474121094,42.09989929199219,41.779998779296875,41.779998779296875,8404,0.0,0.0
2024-09-20 10:50:00-04:00,41.81999969482422,41.89310073852539,41.630001068115234,41.66999816894531,8147,0.0,0.0
2024-09-20 10:55:00-04:00,41.720001220703125,41.7400016784668,41.43000030517578,41.43000030517578,6643,0.0,0.0
2024-09-20 11:00:00-04:00,41.540000915527344,41.59000015258789,41.400001525878906,41.53499984741211,3365,0.0,0.0
2024-09-20 11:05:00-04:00,41.619998931884766,41.619998931884766,41.459999084472656,41.459999084472656,8048,0.0,0.0
2024-09-20 11:10:00-04:00,41.470001220703125,41.540000915527344,41.470001220703125,41.51499938964844,3987,0.0,0.0
2024-09-20 11:15:00-04:00,41.52000045776367,41.54999923706055,41.45000076293945,41.47999954223633,3485,0.0,0.0
2024-09-20 11:20:00-04:00,41.540000915527344,41.71500015258789,41.5,41.689998626708984,10509,0.0,0.0
2024-09-20 11:25:00-04:00,41.689998626708984,41.709999084472656,41.689998626708984,41.709999084472656,1579,0.0,0.0
2024-09-20 11:30:00-04:00,41.599998474121094,41.61000061035156,41.529998779296875,41.584999084472656,3787,0.0,0.0
2024-09-20 11:35:00-04:00,41.595001220703125,41.630001068115234,41.59000015258789,41.59000015258789,1887,0.0,0.0
2024-09-20 11:40:00-04:00,41.61819839477539,41.7400016784668,41.59000015258789,41.70000076293945,3287,0.0,0.0
2024-09-20 11:45:00-04:00,41.70000076293945,41.77000045776367,41.70000076293945,41.77000045776367,2403,0.0,0.0
2024-09-20 11:50:00-04:00,41.77000045776367,41.849998474121094,41.77000045776367,41.79999923706055,6127,0.0,0.0
2024-09-20 11:55:00-04:00,41.84000015258789,41.89099884033203,41.810001373291016,41.810001373291016,5279,0.0,0.0
2024-09-20 12:00:00-04:00,41.810001373291016,41.810001373291016,41.7400016784668,41.7400016784668,5521,0.0,0.0
2024-09-20 12:05:00-04:00,41.77000045776367,42.2400016784668,41.77000045776367,42.18000030517578,6916,0.0,0.0
2024-09-20 12:10:00-04:00,42.130001068115234,42.2400016784668,42.09000015258789,42.18600082397461,6223,0.0,0.0
2024-09-20 12:15:00-04:00,42.15999984741211,42.15999984741211,42.07500076293945,42.0880012512207,1993,0.0,0.0
2024-09-20 12:20:00-04:00,42.111000061035156,42.13999938964844,42.09000015258789,42.095001220703125,5390,0.0,0.0
2024-09-20 12:25:00-04:00,42.040000915527344,42.2843017578125,42.040000915527344,42.244998931884766,11224,0.0,0.0
2024-09-20 12:30:00-04:00,42.209999084472656,42.29999923706055,42.099998474121094,42.189998626708984,7939,0.0,0.0
2024-09-20 12:35:00-04:00,42.17499923706055,42.279998779296875,42.17499923706055,42.279998779296875,4451,0.0,0.0
2024-09-20 12:40:00-04:00,42.25,42.29999923706055,42.20000076293945,42.220001220703125,4530,0.0,0.0
2024-09-20 12:45:00-04:00,42.20000076293945,42.38999938964844,42.20000076293945,42.36600112915039,6527,0.0,0.0
2024-09-20 12:50:00-04:00,42.380001068115234,42.42499923706055,42.220001220703125,42.220001220703125,4886,0.0,0.0
2024-09-20 12:55:00-04:00,42.25,42.27000045776367,42.189998626708984,42.189998626708984,7089,0.0,0.0
2024-09-20 13:00:00-04:00,42.17499923706055,42.349998474121094,42.17499923706055,42.33000183105469,8489,0.0,0.0
2024-09-20 13:05:00-04:00,42.31800079345703,42.349998474121094,42.30009841918945,42.30009841918945,3677,0.0,0.0
2024-09-20 13:10:00-04:00,42.32500076293945,42.369998931884766,42.2599983215332,42.2599983215332,4509,0.0,0.0
2024-09-20 13:15:00-04:00,42.2400016784668,42.310001373291016,42.06999969482422,42.06999969482422,11081,0.0,0.0
2024-09-20 13:20:00-04:00,42.1349983215332,42.16999816894531,41.7400016784668,41.7400016784668,8797,0.0,0.0
2024-09-20 13:25:00-04:00,41.810001373291016,41.84510040283203,41.67499923706055,41.75,10194,0.0,0.0
2024-09-20 13:30:00-04:00,41.775001525878906,42.0,41.775001525878906,42.0,8990,0.0,0.0
2024-09-20 13:35:00-04:00,41.970001220703125,42.07809829711914,41.970001220703125,41.9900016784668,3511,0.0,0.0
2024-09-20 13:40:00-04:00,42.0099983215332,42.08000183105469,42.0099983215332,42.055999755859375,7549,0.0,0.0
2024-09-20 13:45:00-04:00,42.04499816894531,42.04499816894531,41.92499923706055,41.92499923706055,4807,0.0,0.0
2024-09-20 13:50:00-04:00,41.935001373291016,41.970001220703125,41.83000183105469,41.86000061035156,11736,0.0,0.0
2024-09-20 13:55:00-04:00,41.81999969482422,41.93000030517578,41.81999969482422,41.90999984741211,4931,0.0,0.0
2024-09-20 14:00:00-04:00,41.939998626708984,41.97999954223633,41.915000915527344,41.93000030517578,3590,0.0,0.0
2024-09-20 14:05:00-04:00,41.90999984741211,41.959999084472656,41.90999984741211,41.939998626708984,4909,0.0,0.0
2024-09-20 14:10:00-04:00,41.900001525878906,41.900001525878906,41.7599983215332,41.7599983215332,7661,0.0,0.0
2024-09-20 14:15:00-04:00,41.78499984741211,41.845001220703125,41.77000045776367,41.84000015258789,6615,0.0,0.0
2024-09-20 14:20:00-04:00,41.779998779296875,41.810001373291016,41.75,41.75,4086,0.0,0.0
2024-09-20 14:25:00-04:00,41.77000045776367,41.77000045776367,41.60969924926758,41.65999984741211,4407,0.0,0.0
2024-09-20 14:30:00-04:00,41.65700149536133,41.689998626708984,41.61000061035156,41.654998779296875,5025,0.0,0.0
2024-09-20 14:35:00-04:00,41.61000061035156,41.75,41.59000015258789,41.73749923706055,12565,0.0,0.0
2024-09-20 14:40:00-04:00,41.70000076293945,41.7400016784668,41.689998626708984,41.7400016784668,3149,0.0,0.0
2024-09-20 14:45:00-04:00,41.77000045776367,41.81999969482422,41.720001220703125,41.810001373291016,5251,0.0,0.0
2024-09-20 14:50:00-04:00,41.82500076293945,41.87900161743164,41.82500076293945,41.869998931884766,4559,0.0,0.0
2024-09-20 14:55:00-04:00,41.810001373291016,41.90999984741211,41.810001373291016,41.869998931884766,6516,0.0,0.0
2024-09-20 15:00:00-04:00,41.897499084472656,42.01499938964844,41.84000015258789,41.94499969482422,9619,0.0,0.0
2024-09-20 15:05:00-04:00,41.93000030517578,42.0099983215332,41.75170135498047,41.779998779296875,9499,0.0,0.0
2024-09-20 15:10:00-04:00,41.76499938964844,41.77000045776367,41.66999816894531,41.70500183105469,11281,0.0,0.0
2024-09-20 15:15:00-04:00,41.70000076293945,41.880001068115234,41.70000076293945,41.790000915527344,9133,0.0,0.0
2024-09-20 15:20:00-04:00,41.78499984741211,41.95500183105469,41.779998779296875,41.869998931884766,10438,0.0,0.0
2024-09-20 15:25:00-04:00,41.880001068115234,42.02000045776367,41.869998931884766,41.8744010925293,14740,0.0,0.0
2024-09-20 15:30:00-04:00,41.869998931884766,41.974998474121094,41.78499984741211,41.959999084472656,13026,0.0,0.0
2024-09-20 15:35:00-04:00,41.959999084472656,42.04899978637695,41.90999984741211,42.0,17415,0.0,0.0
2024-09-20 15:40:00-04:00,41.97999954223633,42.11000061035156,41.95000076293945,42.04999923706055,29996,0.0,0.0
2024-09-20 15:45:00-04:00,42.060001373291016,42.11000061035156,41.849998474121094,41.90999984741211,38050,0.0,0.0
2024-09-20 15:50:00-04:00,41.880001068115234,41.939998626708984,41.689998626708984,41.720001220703125,53167,0.0,0.0
2024-09-20 15:55:00-04:00,41.720001220703125,41.77000045776367,41.540000915527344,41.56999969482422,114352,0.0,0.0
2024-09-23 09:30:00-04:00,41.599998474121094,41.67499923706055,41.13999938964844,41.34000015258789,13800,0.0,0.0
2024-09-23 09:35:00-04:00,41.36000061035156,42.099998474121094,41.349998474121094,41.939998626708984,6852,0.0,0.0
2024-09-23 09:40:00-04:00,41.90999984741211,41.90999984741211,41.790000915527344,41.8849983215332,1562,0.0,0.0
2024-09-23 09:45:00-04:00,41.89500045776367,41.904998779296875,41.5,41.57500076293945,5778,0.0,0.0
2024-09-23 09:50:00-04:00,41.58000183105469,41.58000183105469,41.18000030517578,41.290000915527344,29878,0.0,0.0
2024-09-23 09:55:00-04:00,41.150001525878906,41.497798919677734,41.150001525878906,41.36000061035156,3269,0.0,0.0
2024-09-23 10:00:00-04:00,41.4984016418457,41.4984016418457,41.0099983215332,41.11000061035156,17233,0.0,0.0
2024-09-23 10:05:00-04:00,41.04999923706055,41.169898986816406,40.75,40.80500030517578,9519,0.0,0.0
2024-09-23 10:10:00-04:00,40.80500030517578,41.084999084472656,40.80500030517578,41.084999084472656,8055,0.0,0.0
2024-09-23 10:15:00-04:00,41.16999816894531,41.16999816894531,40.980098724365234,40.9900016784668,9070,0.0,0.0
2024-09-23 10:20:00-04:00,41.079898834228516,41.10499954223633,40.939998626708984,40.939998626708984,5614,0.0,0.0
2024-09-23 10:25:00-04:00,40.8650016784668,40.959999084472656,40.83000183105469,40.959999084472656,3376,0.0,0.0
2024-09-23 10:30:00-04:00,40.959999084472656,40.97999954223633,40.83000183105469,40.97999954223633,2748,0.0,0.0
2024-09-23 10:35:00-04:00,40.9452018737793,40.9452018737793,40.790000915527344,40.814998626708984,3281,0.0,0.0
2024-09-23 10:40:00-04:00,40.79499816894531,40.95000076293945,40.79499816894531,40.95000076293945,4444,0.0,0.0
2024-09-23 10:45:00-04:00,40.81999969482422,40.970001220703125,40.7599983215332,40.7599983215332,4218,0.0,0.0
2024-09-23 10:50:00-04:00,40.720001220703125,40.79999923706055,40.59809875488281,40.599998474121094,6796,0.0,0.0
2024-09-23 10:55:00-04:00,40.619998931884766,40.685001373291016,40.58000183105469,40.58000183105469,4866,0.0,0.0
2024-09-23 11:00:00-04:00,40.72719955444336,40.72719955444336,40.529998779296875,40.584999084472656,6273,0.0,0.0
2024-09-23 11:05:00-04:00,40.650001525878906,40.650001525878906,40.59000015258789,40.62480163574219,851,0.0,0.0
2024-09-23 11:10:00-04:00,40.54999923706055,40.70090103149414,40.54999923706055,40.70090103149414,3780,0.0,0.0
2024-09-23 11:15:00-04:00,40.599998474121094,40.61759948730469,40.439998626708984,40.61759948730469,5133,0.0,0.0
2024-09-23 11:20:00-04:00,40.61000061035156,40.61000061035156,40.61000061035156,40.61000061035156,1618,0.0,0.0
2024-09-23 11:25:00-04:00,40.720001220703125,40.7400016784668,40.59000015258789,40.68000030517578,4771,0.0,0.0
2024-09-23 11:30:00-04:00,40.68000030517578,40.69900131225586,40.63999938964844,40.69900131225586,1671,0.0,0.0
2024-09-23 11:35:00-04:00,40.58000183105469,40.691898345947266,40.58000183105469,40.599998474121094,1754,0.0,0.0
2024-09-23 11:40:00-04:00,40.619998931884766,40.619998931884766,40.58000183105469,40.58000183105469,1900,0.0,0.0
2024-09-23 11:45:00-04:00,40.630001068115234,40.65999984741211,40.540000915527344,40.560001373291016,6570,0.0,0.0
2024-09-23 11:50:00-04:00,40.61000061035156,40.650001525878906,40.470001220703125,40.5,10269,0.0,0.0
2024-09-23 11:55:00-04:00,40.5,40.77000045776367,40.470001220703125,40.665000915527344,12364,0.0,0.0
2024-09-23 12:00:00-04:00,40.61000061035156,40.61000061035156,40.5099983215332,40.5099983215332,8327,0.0,0.0
2024-09-23 12:05:00-04:00,40.45000076293945,40.470001220703125,40.415000915527344,40.41999816894531,3576,0.0,0.0
2024-09-23 12:10:00-04:00,40.45000076293945,40.540000915527344,40.45000076293945,40.45000076293945,2842,0.0,0.0
2024-09-23 12:15:00-04:00,40.40999984741211,40.43000030517578,40.369998931884766,40.43000030517578,2502,0.0,0.0
2024-09-23 12:20:00-04:00,40.380001068115234,40.470001220703125,40.380001068115234,40.439998626708984,3745,0.0,0.0
2024-09-23 12:25:00-04:00,40.45000076293945,40.45000076293945,40.43000030517578,40.43000030517578,2003,0.0,0.0
2024-09-23 12:30:00-04:00,40.47740173339844,40.5099983215332,40.439300537109375,40.5,3467,0.0,0.0
2024-09-23 12:35:00-04:00,40.494998931884766,40.494998931884766,40.45000076293945,40.470001220703125,2754,0.0,0.0
2024-09-23 12:40:00-04:00,40.474998474121094,40.584999084472656,40.474998474121094,40.4900016784668,6291,0.0,0.0
2024-09-23 12:45:00-04:00,40.40999984741211,40.470001220703125,40.400001525878906,40.45000076293945,4211,0.0,0.0
2024-09-23 12:50:00-04:00,40.4630012512207,40.4900016784668,40.41999816894531,40.4900016784668,1997,0.0,0.0
2024-09-23 12:55:00-04:00,40.459999084472656,40.69499969482422,40.459999084472656,40.69499969482422,3367,0.0,0.0
2024-09-23 13:00:00-04:00,40.63999938964844,40.689998626708984,40.59000015258789,40.59000015258789,2498,0.0,0.0
2024-09-23 13:05:00-04:00,40.66809844970703,40.709999084472656,40.5900993347168,40.65010070800781,2548,0.0,0.0
2024-09-23 13:10:00-04:00,40.69499969482422,40.779998779296875,40.689998626708984,40.720001220703125,11039,0.0,0.0
2024-09-23 13:15:00-04:00,40.66999816894531,40.70000076293945,40.619998931884766,40.70000076293945,6335,0.0,0.0
2024-09-23 13:20:00-04:00,40.709999084472656,40.720001220703125,40.65999984741211,40.69499969482422,3000,0.0,0.0
2024-09-23 13:25:00-04:00,40.69499969482422,40.845001220703125,40.69499969482422,40.83000183105469,6230,0.0,0.0
2024-09-23 13:30:00-04:00,40.79999923706055,40.86000061035156,40.790000915527344,40.79999923706055,4305,0.0,0.0
2024-09-23 13:35:00-04:00,40.79999923706055,40.82500076293945,40.7599983215332,40.7599983215332,3572,0.0,0.0
2024-09-23 13:40:00-04:00,40.77000045776367,40.88999938964844,40.77000045776367,40.84000015258789,5626,0.0,0.0
2024-09-23 13:45:00-04:00,40.810001373291016,40.93109893798828,40.810001373291016,40.86000061035156,2745,0.0,0.0
2024-09-23 13:50:00-04:00,40.86000061035156,40.900001525878906,40.790000915527344,40.84000015258789,5486,0.0,0.0
2024-09-23 13:55:00-04:00,40.859901428222656,40.900001525878906,40.84000015258789,40.880001068115234,3512,0.0,0.0
2024-09-23 14:00:00-04:00,40.880001068115234,40.880001068115234,40.84000015258789,40.849998474121094,3009,0.0,0.0
2024-09-23 14:05:00-04:00,40.869998931884766,40.90999984741211,40.849998474121094,40.904998779296875,3884,0.0,0.0
2024-09-23 14:10:00-04:00,40.90999984741211,40.97999954223633,40.88999938964844,40.970001220703125,3849,0.0,0.0
2024-09-23 14:15:00-04:00,40.970001220703125,41.0099983215332,40.95000076293945,40.970001220703125,5398,0.0,0.0
2024-09-23 14:20:00-04:00,40.940101623535156,40.974998474121094,40.84000015258789,40.93000030517578,8312,0.0,0.0
2024-09-23 14:25:00-04:00,40.88999938964844,40.90999984741211,40.875,40.90999984741211,2973,0.0,0.0
2024-09-23 14:30:00-04:00,40.90879821777344,40.969398498535156,40.880001068115234,40.969398498535156,6175,0.0,0.0
2024-09-23 14:35:00-04:00,40.935001373291016,40.970001220703125,40.91999816894531,40.939998626708984,3892,0.0,0.0
2024-09-23 14:40:00-04:00,40.93000030517578,40.97999954223633,40.88999938964844,40.900001525878906,4383,0.0,0.0
2024-09-23 14:45:00-04:00,40.89500045776367,40.959999084472656,40.89500045776367,40.91999816894531,4951,0.0,0.0
2024-09-23 14:50:00-04:00,40.932498931884766,40.935001373291016,40.810001373291016,40.88999938964844,5782,0.0,0.0
2024-09-23 14:55:00-04:00,40.849998474121094,40.880001068115234,40.7599983215332,40.7599983215332,10092,0.0,0.0
2024-09-23 15:00:00-04:00,40.77640151977539,40.90999984741211,40.72999954223633,40.904998779296875,8528,0.0,0.0
2024-09-23 15:05:00-04:00,40.880001068115234,40.95000076293945,40.869998931884766,40.91999816894531,4140,0.0,0.0
2024-09-23 15:10:00-04:00,40.93000030517578,41.095001220703125,40.91999816894531,40.91999816894531,10668,0.0,0.0
2024-09-23 15:15:00-04:00,40.91999816894531,41.209999084472656,40.91999816894531,41.15999984741211,9988,0.0,0.0
2024-09-23 15:20:00-04:00,41.125,41.18000030517578,41.125,41.16999816894531,8533,0.0,0.0
2024-09-23 15:25:00-04:00,41.13999938964844,41.16550064086914,41.04999923706055,41.099998474121094,8415,0.0,0.0
2024-09-23 15:30:00-04:00,41.11000061035156,41.290000915527344,41.11000061035156,41.28499984741211,17142,0.0,0.0
2024-09-23 15:35:00-04:00,41.29999923706055,41.349998474121094,41.20000076293945,41.2599983215332,16781,0.0,0.0
2024-09-23 15:40:00-04:00,41.25,41.25,41.029998779296875,41.09000015258789,20377,0.0,0.0
2024-09-23 15:45:00-04:00,41.099998474121094,41.29999923706055,41.099998474121094,41.29999923706055,23558,0.0,0.0
2024-09-23 15:50:00-04:00,41.25,41.29999923706055,41.119998931884766,41.16999816894531,45402,0.0,0.0
2024-09-23 15:55:00-04:00,41.15999984741211,41.15999984741211,40.869998931884766,40.88999938964844,109599,0.0,0.0
2024-09-24 09:30:00-04:00,41.04999923706055,41.31399917602539,41.04999923706055,41.31399917602539,10640,0.0,0.0
2024-09-24 09:35:00-04:00,41.4900016784668,41.630001068115234,41.4900016784668,41.630001068115234,1804,0.0,0.0
2024-09-24 09:40:00-04:00,41.58000183105469,41.810001373291016,41.4739990234375,41.810001373291016,2115,0.0,0.0
2024-09-24 09:45:00-04:00,41.753700256347656,41.753700256347656,41.6879997253418,41.6879997253418,2168,0.0,0.0
2024-09-24 09:50:00-04:00,41.92449951171875,42.20000076293945,41.92449951171875,42.150001525878906,6897,0.0,0.0
2024-09-24 09:55:00-04:00,42.14500045776367,42.33000183105469,42.04499816894531,42.33000183105469,7898,0.0,0.0
2024-09-24 10:00:00-04:00,42.310001373291016,42.40999984741211,42.16999816894531,42.28499984741211,12593,0.0,0.0
2024-09-24 10:05:00-04:00,42.2400016784668,42.380001068115234,42.15999984741211,42.22999954223633,9739,0.0,0.0
2024-09-24 10:10:00-04:00,42.27000045776367,42.29999923706055,42.17499923706055,42.29499816894531,3217,0.0,0.0
2024-09-24 10:15:00-04:00,42.22999954223633,42.310001373291016,42.15999984741211,42.220001220703125,7234,0.0,0.0
2024-09-24 10:20:00-04:00,42.08000183105469,42.18000030517578,42.08000183105469,42.154998779296875,5422,0.0,0.0
2024-09-24 10:25:00-04:00,42.119998931884766,42.1349983215332,42.09000015258789,42.130001068115234,3112,0.0,0.0
2024-09-24 10:30:00-04:00,42.1150016784668,42.36000061035156,42.1150016784668,42.36000061035156,11851,0.0,0.0
2024-09-24 10:35:00-04:00,42.310001373291016,42.349998474121094,42.310001373291016,42.310001373291016,1658,0.0,0.0
2024-09-24 10:40:00-04:00,42.369998931884766,42.41999816894531,42.35860061645508,42.41999816894531,6535,0.0,0.0
2024-09-24 10:45:00-04:00,42.4900016784668,42.61000061035156,42.47999954223633,42.58000183105469,17925,0.0,0.0
2024-09-24 10:50:00-04:00,42.58000183105469,42.769100189208984,42.52000045776367,42.724998474121094,13848,0.0,0.0
2024-09-24 10:55:00-04:00,42.779998779296875,42.79999923706055,42.7400016784668,42.7599983215332,9067,0.0,0.0
2024-09-24 11:00:00-04:00,42.779998779296875,42.845001220703125,42.709999084472656,42.779998779296875,39682,0.0,0.0
2024-09-24 11:05:00-04:00,42.689998626708984,43.13999938964844,42.68000030517578,43.13999938964844,17531,0.0,0.0
2024-09-24 11:10:00-04:00,43.13999938964844,43.154998779296875,42.994998931884766,43.00429916381836,9924,0.0,0.0
2024-09-24 11:15:00-04:00,43.02000045776367,43.13999938964844,42.970001220703125,43.10499954223633,7647,0.0,0.0
2024-09-24 11:20:00-04:00,43.099998474121094,43.11000061035156,42.90999984741211,42.90999984741211,8116,0.0,0.0
2024-09-24 11:25:00-04:00,42.869998931884766,42.900001525878906,42.58000183105469,42.630001068115234,19295,0.0,0.0
2024-09-24 11:30:00-04:00,42.599998474121094,42.79999923706055,42.58000183105469,42.79999923706055,10078,0.0,0.0
2024-09-24 11:35:00-04:00,42.80500030517578,42.80500030517578,42.75,42.80500030517578,2909,0.0,0.0
2024-09-24 11:40:00-04:00,42.6150016784668,42.630001068115234,42.59000015258789,42.61000061035156,2820,0.0,0.0
2024-09-24 11:45:00-04:00,42.56010055541992,42.65999984741211,42.5,42.540000915527344,9794,0.0,0.0
2024-09-24 11:50:00-04:00,42.54999923706055,42.54999923706055,42.44499969482422,42.50410079956055,3191,0.0,0.0
2024-09-24 11:55:00-04:00,42.54999923706055,42.56999969482422,42.52000045776367,42.52000045776367,1717,0.0,0.0
2024-09-24 12:00:00-04:00,42.58000183105469,42.68000030517578,42.540000915527344,42.68000030517578,4052,0.0,0.0
2024-09-24 12:05:00-04:00,42.709999084472656,42.755001068115234,42.709999084472656,42.755001068115234,3677,0.0,0.0
2024-09-24 12:10:00-04:00,42.7400016784668,42.790000915527344,42.689998626708984,42.720001220703125,4576,0.0,0.0
2024-09-24 12:15:00-04:00,42.77000045776367,42.77000045776367,42.70000076293945,42.7599983215332,28999,0.0,0.0
2024-09-24 12:20:00-04:00,42.7400016784668,42.90999984741211,42.7400016784668,42.900001525878906,6579,0.0,0.0
2024-09-24 12:25:00-04:00,42.90999984741211,42.970001220703125,42.689998626708984,42.7599983215332,21427,0.0,0.0
2024-09-24 12:30:00-04:00,42.810001373291016,42.95000076293945,42.77000045776367,42.95000076293945,4254,0.0,0.0
2024-09-24 12:35:00-04:00,43.0099983215332,43.04999923706055,42.9900016784668,43.04690170288086,3004,0.0,0.0
2024-09-24 12:40:00-04:00,43.025001525878906,43.060001373291016,42.95000076293945,43.0,45943,0.0,0.0
2024-09-24 12:45:00-04:00,42.970001220703125,43.06999969482422,42.939998626708984,42.974998474121094,6943,0.0,0.0
2024-09-24 12:50:00-04:00,42.9900016784668,43.04999923706055,42.869998931884766,43.0,18638,0.0,0.0
2024-09-24 12:55:00-04:00,43.029998779296875,43.029998779296875,42.900001525878906,43.0099983215332,24784,0.0,0.0
2024-09-24 13:00:00-04:00,43.0,43.04999923706055,43.0,43.040000915527344,3455,0.0,0.0
2024-09-24 13:05:00-04:00,43.08000183105469,43.279998779296875,43.08000183105469,43.279998779296875,7272,0.0,0.0
2024-09-24 13:10:00-04:00,43.2400016784668,43.2400016784668,42.970001220703125,43.099998474121094,27915,0.0,0.0
2024-09-24 13:15:00-04:00,43.10499954223633,43.15999984741211,43.04999923706055,43.15999984741211,2447,0.0,0.0
2024-09-24 13:20:00-04:00,43.18000030517578,43.18000030517578,43.130001068115234,43.1349983215332,1473,0.0,0.0
2024-09-24 13:25:00-04:00,43.15999984741211,43.15999984741211,43.119998931884766,43.119998931884766,3303,0.0,0.0
2024-09-24 13:30:00-04:00,43.10499954223633,43.10499954223633,43.0,43.029998779296875,6498,0.0,0.0
2024-09-24 13:35:00-04:00,43.04999923706055,43.04999923706055,42.994998931884766,42.994998931884766,2472,0.0,0.0
2024-09-24 13:40:00-04:00,42.994998931884766,43.06999969482422,42.891700744628906,43.06999969482422,9807,0.0,0.0
2024-09-24 13:45:00-04:00,43.06999969482422,43.08000183105469,43.040000915527344,43.04999923706055,3201,0.0,0.0
2024-09-24 13:50:00-04:00,43.06999969482422,43.08639907836914,43.0,43.040000915527344,6935,0.0,0.0
2024-09-24 13:55:00-04:00,43.04999923706055,43.04999923706055,43.0,43.04999923706055,12180,0.0,0.0
2024-09-24 14:00:00-04:00,43.05500030517578,43.099998474121094,43.05500030517578,43.084999084472656,3806,0.0,0.0
2024-09-24 14:05:00-04:00,43.119998931884766,43.33000183105469,43.119998931884766,43.28499984741211,10273,0.0,0.0
2024-09-24 14:10:00-04:00,43.275001525878906,43.33000183105469,43.275001525878906,43.29999923706055,3909,0.0,0.0
2024-09-24 14:15:00-04:00,43.29999923706055,43.29999923706055,43.25,43.29499816894531,7289,0.0,0.0
2024-09-24 14:20:00-04:00,43.29999923706055,43.36000061035156,43.29249954223633,43.349998474121094,8471,0.0,0.0
2024-09-24 14:25:00-04:00,43.349998474121094,43.349998474121094,43.2599983215332,43.29999923706055,8827,0.0,0.0
2024-09-24 14:30:00-04:00,43.29999923706055,43.415000915527344,43.2599983215332,43.415000915527344,8318,0.0,0.0
2024-09-24 14:35:00-04:00,43.45000076293945,43.5,43.45000076293945,43.5,6686,0.0,0.0
2024-09-24 14:40:00-04:00,43.52000045776367,43.52000045776367,43.38999938964844,43.5,7040,0.0,0.0
2024-09-24 14:45:00-04:00,43.52000045776367,43.59000015258789,43.47999954223633,43.56999969482422,14579,0.0,0.0
2024-09-24 14:50:00-04:00,43.51499938964844,43.560001373291016,43.51499938964844,43.540000915527344,8713,0.0,0.0
2024-09-24 14:55:00-04:00,43.540000915527344,43.779998779296875,43.5099983215332,43.7400016784668,11816,0.0,0.0
2024-09-24 15:00:00-04:00,43.7400016784668,43.880001068115234,43.720001220703125,43.86000061035156,14283,0.0,0.0
2024-09-24 15:05:00-04:00,43.86000061035156,43.880001068115234,43.63999938964844,43.650001525878906,13664,0.0,0.0
2024-09-24 15:10:00-04:00,43.595001220703125,43.60499954223633,43.505001068115234,43.560001373291016,10384,0.0,0.0
2024-09-24 15:15:00-04:00,43.560001373291016,43.61000061035156,43.54999923706055,43.54999923706055,8090,0.0,0.0
2024-09-24 15:20:00-04:00,43.54499816894531,43.61600112915039,43.43000030517578,43.459999084472656,8980,0.0,0.0
2024-09-24 15:25:00-04:00,43.44499969482422,43.45000076293945,43.27000045776367,43.43000030517578,10734,0.0,0.0
2024-09-24 15:30:00-04:00,43.400001525878906,43.404998779296875,43.09000015258789,43.150001525878906,14372,0.0,0.0
2024-09-24 15:35:00-04:00,43.150001525878906,43.15999984741211,42.97999954223633,43.06999969482422,13654,0.0,0.0
2024-09-24 15:40:00-04:00,43.07500076293945,43.290000915527344,43.040000915527344,43.23500061035156,12825,0.0,0.0
2024-09-24 15:45:00-04:00,43.2400016784668,43.32899856567383,43.150001525878906,43.32600021362305,48480,0.0,0.0
2024-09-24 15:50:00-04:00,43.34000015258789,43.45000076293945,43.26499938964844,43.45000076293945,32676,0.0,0.0
2024-09-24 15:55:00-04:00,43.415000915527344,43.470001220703125,43.244998931884766,43.29999923706055,101504,0.0,0.0
2024-09-25 09:30:00-04:00,43.36000061035156,43.689998626708984,43.010101318359375,43.010101318359375,9128,0.0,0.0
2024-09-25 09:35:00-04:00,43.04999923706055,43.06999969482422,42.779998779296875,43.04999923706055,4318,0.0,0.0
2024-09-25 09:40:00-04:00,43.0984992980957,43.15999984741211,42.935001373291016,43.150001525878906,7120,0.0,0.0
2024-09-25 09:45:00-04:00,43.029998779296875,43.13999938964844,43.025001525878906,43.0625,2448,0.0,0.0
2024-09-25 09:50:00-04:00,43.13999938964844,43.349998474121094,43.125,43.13999938964844,5781,0.0,0.0
2024-09-25 09:55:00-04:00,43.13999938964844,43.279998779296875,43.130001068115234,43.27000045776367,3165,0.0,0.0
2024-09-25 10:00:00-04:00,43.31999969482422,43.4900016784668,43.279998779296875,43.4900016784668,3677,0.0,0.0
2024-09-25 10:05:00-04:00,43.44499969482422,43.44499969482422,43.34000015258789,43.34000015258789,2981,0.0,0.0
2024-09-25 10:10:00-04:00,43.369998931884766,43.369998931884766,43.18000030517578,43.279998779296875,3623,0.0,0.0
2024-09-25 10:15:00-04:00,43.16999816894531,43.22999954223633,43.16999816894531,43.22999954223633,2656,0.0,0.0
2024-09-25 10:20:00-04:00,43.14899826049805,43.27000045776367,43.0,43.04999923706055,11065,0.0,0.0
2024-09-25 10:25:00-04:00,43.06999969482422,43.11000061035156,42.970001220703125,43.11000061035156,4799,0.0,0.0
2024-09-25 10:35:00-04:00,43.04499816894531,43.130001068115234,43.00199890136719,43.130001068115234,2848,0.0,0.0
2024-09-25 10:40:00-04:00,43.119998931884766,43.27000045776367,43.029998779296875,43.21500015258789,7056,0.0,0.0
2024-09-25 10:45:00-04:00,43.290000915527344,43.31999969482422,43.17829895019531,43.31999969482422,2931,0.0,0.0
2024-09-25 10:50:00-04:00,43.36000061035156,43.38999938964844,43.31999969482422,43.369998931884766,2579,0.0,0.0
2024-09-25 10:55:00-04:00,43.369998931884766,43.40999984741211,43.3650016784668,43.400001525878906,2947,0.0,0.0
2024-09-25 11:00:00-04:00,43.37799835205078,43.43000030517578,43.369998931884766,43.404998779296875,4427,0.0,0.0
2024-09-25 11:05:00-04:00,43.404998779296875,43.43000030517578,43.345001220703125,43.349998474121094,5835,0.0,0.0
2024-09-25 11:10:00-04:00,43.345001220703125,43.369998931884766,43.301998138427734,43.369998931884766,2209,0.0,0.0
2024-09-25 11:15:00-04:00,43.36249923706055,43.38999938964844,43.189998626708984,43.189998626708984,6055,0.0,0.0
2024-09-25 11:20:00-04:00,43.20500183105469,43.29999923706055,43.20500183105469,43.29999923706055,2637,0.0,0.0
2024-09-25 11:25:00-04:00,43.272499084472656,43.310001373291016,43.2599983215332,43.310001373291016,2135,0.0,0.0
2024-09-25 11:30:00-04:00,43.33000183105469,43.33000183105469,43.290000915527344,43.290000915527344,914,0.0,0.0
2024-09-25 11:35:00-04:00,43.27000045776367,43.29999923706055,43.25,43.25,2936,0.0,0.0
2024-09-25 11:40:00-04:00,43.310001373291016,43.31999969482422,43.165000915527344,43.165000915527344,2903,0.0,0.0
2024-09-25 11:45:00-04:00,43.17499923706055,43.33000183105469,43.17499923706055,43.27000045776367,5505,0.0,0.0
2024-09-25 11:50:00-04:00,43.34000015258789,43.34000015258789,43.26499938964844,43.31999969482422,3017,0.0,0.0
2024-09-25 11:55:00-04:00,43.349998474121094,43.38999938964844,43.26250076293945,43.26499938964844,2504,0.0,0.0
2024-09-25 12:00:00-04:00,43.2599983215332,43.369998931884766,43.2599983215332,43.369998931884766,2402,0.0,0.0
2024-09-25 12:05:00-04:00,43.33000183105469,43.33000183105469,43.25,43.30500030517578,3607,0.0,0.0
2024-09-25 12:10:00-04:00,43.380001068115234,43.400001525878906,43.31010055541992,43.31010055541992,2888,0.0,0.0
2024-09-25 12:15:00-04:00,43.400001525878906,43.45000076293945,43.400001525878906,43.40999984741211,2352,0.0,0.0
2024-09-25 12:20:00-04:00,43.459999084472656,43.470001220703125,43.435001373291016,43.435001373291016,1360,0.0,0.0
2024-09-25 12:25:00-04:00,43.435001373291016,43.470001220703125,43.40999984741211,43.439998626708984,3198,0.0,0.0
2024-09-25 12:30:00-04:00,43.42250061035156,43.529998779296875,43.42250061035156,43.529998779296875,5296,0.0,0.0
2024-09-25 12:35:00-04:00,43.494998931884766,43.529998779296875,43.48500061035156,43.48500061035156,1760,0.0,0.0
2024-09-25 12:40:00-04:00,43.459999084472656,43.5,43.43000030517578,43.47999954223633,4563,0.0,0.0
2024-09-25 12:45:00-04:00,43.46500015258789,43.4900016784668,43.40999984741211,43.4900016784668,2783,0.0,0.0
2024-09-25 12:50:00-04:00,43.45000076293945,43.45000076293945,43.435001373291016,43.435001373291016,1065,0.0,0.0
2024-09-25 12:55:00-04:00,43.439998626708984,43.439998626708984,43.439998626708984,43.439998626708984,1782,0.0,0.0
2024-09-25 13:00:00-04:00,43.435001373291016,43.619998931884766,43.435001373291016,43.619998931884766,5757,0.0,0.0
2024-09-25 13:05:00-04:00,43.65999984741211,43.790000915527344,43.630001068115234,43.68000030517578,5691,0.0,0.0
2024-09-25 13:10:00-04:00,43.64500045776367,43.68000030517578,43.599998474121094,43.68000030517578,4252,0.0,0.0
2024-09-25 13:15:00-04:00,43.654998779296875,43.654998779296875,43.599998474121094,43.599998474121094,1251,0.0,0.0
2024-09-25 13:20:00-04:00,43.59000015258789,43.59000015258789,43.470001220703125,43.52000045776367,6091,0.0,0.0
2024-09-25 13:25:00-04:00,43.5,43.52000045776367,43.4900016784668,43.52000045776367,2973,0.0,0.0
2024-09-25 13:30:00-04:00,43.48500061035156,43.650001525878906,43.349998474121094,43.3849983215332,52541,0.0,0.0
2024-09-25 13:35:00-04:00,43.34000015258789,43.459999084472656,43.314998626708984,43.43000030517578,5176,0.0,0.0
2024-09-25 13:45:00-04:00,43.45000076293945,43.47999954223633,43.45000076293945,43.47999954223633,2214,0.0,0.0
2024-09-25 13:50:00-04:00,43.529998779296875,43.7599983215332,43.52000045776367,43.7599983215332,4299,0.0,0.0
2024-09-25 13:55:00-04:00,43.81999969482422,43.86989974975586,43.79999923706055,43.79999923706055,2250,0.0,0.0
2024-09-25 14:00:00-04:00,43.79999923706055,43.859901428222656,43.79999923706055,43.859901428222656,1865,0.0,0.0
2024-09-25 14:05:00-04:00,43.8390998840332,43.84000015258789,43.78499984741211,43.78499984741211,4595,0.0,0.0
2024-09-25 14:10:00-04:00,43.81999969482422,43.90999984741211,43.790000915527344,43.81999969482422,9988,0.0,0.0
2024-09-25 14:15:00-04:00,43.834999084472656,43.869998931884766,43.834999084472656,43.86000061035156,3045,0.0,0.0
2024-09-25 14:20:00-04:00,43.869998931884766,43.869998931884766,43.869998931884766,43.869998931884766,1124,0.0,0.0
2024-09-25 14:25:00-04:00,43.869998931884766,44.220001220703125,43.869998931884766,44.16999816894531,7299,0.0,0.0
2024-09-25 14:30:00-04:00,44.15999984741211,44.18000030517578,44.10210037231445,44.16999816894531,6128,0.0,0.0
2024-09-25 14:35:00-04:00,44.22999954223633,44.34000015258789,44.22999954223633,44.310001373291016,6579,0.0,0.0
2024-09-25 14:40:00-04:00,44.310001373291016,44.310001373291016,44.279998779296875,44.279998779296875,3178,0.0,0.0
2024-09-25 14:45:00-04:00,44.22999954223633,44.36000061035156,44.22999954223633,44.334999084472656,6633,0.0,0.0
2024-09-25 14:50:00-04:00,44.334999084472656,44.38999938964844,44.334999084472656,44.36000061035156,6155,0.0,0.0
2024-09-25 14:55:00-04:00,44.375,44.400001525878906,44.25,44.33000183105469,10990,0.0,0.0
2024-09-25 15:00:00-04:00,44.310001373291016,44.31999969482422,44.279998779296875,44.310001373291016,4219,0.0,0.0
2024-09-25 15:05:00-04:00,44.310001373291016,44.40999984741211,44.310001373291016,44.400001525878906,9785,0.0,0.0
2024-09-25 15:10:00-04:00,44.38999938964844,44.43000030517578,44.31999969482422,44.38999938964844,7787,0.0,0.0
2024-09-25 15:15:00-04:00,44.369998931884766,44.369998931884766,44.2400016784668,44.339698791503906,4313,0.0,0.0
2024-09-25 15:20:00-04:00,44.2400016784668,44.2400016784668,44.150001525878906,44.150001525878906,6592,0.0,0.0
2024-09-25 15:25:00-04:00,44.06999969482422,44.095001220703125,43.974998474121094,44.08000183105469,7759,0.0,0.0
2024-09-25 15:30:00-04:00,44.04999923706055,44.04999923706055,43.834999084472656,43.84000015258789,12642,0.0,0.0
2024-09-25 15:35:00-04:00,43.81999969482422,43.81999969482422,43.599998474121094,43.625,12733,0.0,0.0
2024-09-25 15:40:00-04:00,43.65999984741211,43.65999984741211,43.564998626708984,43.599998474121094,9053,0.0,0.0
2024-09-25 15:45:00-04:00,43.61000061035156,43.650001525878906,43.474998474121094,43.47999954223633,11294,0.0,0.0
2024-09-25 15:50:00-04:00,43.439998626708984,43.529998779296875,43.43000030517578,43.5099983215332,25161,0.0,0.0
2024-09-25 15:55:00-04:00,43.47999954223633,43.619998931884766,43.39500045776367,43.619998931884766,83500,0.0,0.0
2024-09-26 09:30:00-04:00,44.56999969482422,44.58000183105469,44.03499984741211,44.58000183105469,9998,0.0,0.0
2024-09-26 09:35:00-04:00,44.540000915527344,44.779998779296875,44.52000045776367,44.52000045776367,2979,0.0,0.0
2024-09-26 09:40:00-04:00,44.63999938964844,45.06999969482422,44.557899475097656,45.06999969482422,14546,0.0,0.0
2024-09-26 09:45:00-04:00,45.0,45.60499954223633,45.0,45.58250045776367,19272,0.0,0.0
2024-09-26 09:50:00-04:00,45.459999084472656,45.709999084472656,45.350101470947266,45.595001220703125,10629,0.0,0.0
2024-09-26 09:55:00-04:00,45.43360137939453,45.5,45.38999938964844,45.5,3923,0.0,0.0
2024-09-26 10:00:00-04:00,45.52000045776367,45.709999084472656,45.005001068115234,45.005001068115234,8997,0.0,0.0
2024-09-26 10:05:00-04:00,44.98500061035156,45.07500076293945,44.964298248291016,45.071800231933594,4277,0.0,0.0
2024-09-26 10:10:00-04:00,44.88999938964844,44.88999938964844,44.88999938964844,44.88999938964844,631,0.0,0.0
2024-09-26 10:15:00-04:00,44.78129959106445,44.79999923706055,44.720001220703125,44.720001220703125,3192,0.0,0.0
2024-09-26 10:20:00-04:00,44.78499984741211,44.900001525878906,44.77000045776367,44.83000183105469,4358,0.0,0.0
2024-09-26 10:25:00-04:00,44.8291015625,44.869998931884766,44.8291015625,44.869998931884766,2649,0.0,0.0
2024-09-26 10:30:00-04:00,44.939998626708984,45.06999969482422,44.91999816894531,45.06999969482422,1961,0.0,0.0
2024-09-26 10:35:00-04:00,44.95000076293945,44.987998962402344,44.939998626708984,44.939998626708984,1239,0.0,0.0
2024-09-26 10:40:00-04:00,45.005001068115234,45.005001068115234,44.825401306152344,44.825401306152344,3597,0.0,0.0
2024-09-26 10:45:00-04:00,44.9900016784668,45.22999954223633,44.970001220703125,45.13999938964844,9912,0.0,0.0
2024-09-26 10:50:00-04:00,45.13999938964844,45.25,45.1349983215332,45.16999816894531,3099,0.0,0.0
2024-09-26 10:55:00-04:00,45.2400016784668,45.2400016784668,45.16999816894531,45.16999816894531,3532,0.0,0.0
2024-09-26 11:00:00-04:00,45.25,45.25,45.20000076293945,45.25,4951,0.0,0.0
2024-09-26 11:05:00-04:00,45.25,45.34000015258789,45.25,45.275001525878906,5023,0.0,0.0
2024-09-26 11:10:00-04:00,45.2400016784668,45.334999084472656,45.2400016784668,45.33000183105469,2919,0.0,0.0
2024-09-26 11:15:00-04:00,45.29999923706055,45.459999084472656,45.2599983215332,45.44499969482422,8761,0.0,0.0
2024-09-26 11:20:00-04:00,45.435001373291016,45.49380111694336,45.33000183105469,45.49380111694336,6810,0.0,0.0
2024-09-26 11:25:00-04:00,45.51499938964844,45.51499938964844,45.40999984741211,45.435001373291016,2928,0.0,0.0
2024-09-26 11:30:00-04:00,45.41999816894531,45.540000915527344,45.380001068115234,45.529998779296875,6337,0.0,0.0
2024-09-26 11:35:00-04:00,45.4900016784668,45.599998474121094,45.48500061035156,45.599998474121094,2030,0.0,0.0
2024-09-26 11:40:00-04:00,45.57500076293945,45.59000015258789,45.33000183105469,45.48500061035156,6116,0.0,0.0
2024-09-26 11:45:00-04:00,45.505001068115234,45.51499938964844,45.505001068115234,45.51499938964844,1603,0.0,0.0
2024-09-26 11:50:00-04:00,45.619998931884766,45.619998931884766,45.59000015258789,45.59000015258789,1191,0.0,0.0
2024-09-26 11:55:00-04:00,45.63999938964844,45.70000076293945,45.63999938964844,45.689998626708984,3884,0.0,0.0
2024-09-26 12:00:00-04:00,45.68000030517578,45.709999084472656,45.59000015258789,45.59000015258789,4717,0.0,0.0
2024-09-26 12:05:00-04:00,45.59000015258789,45.630001068115234,45.540000915527344,45.56999969482422,3859,0.0,0.0
2024-09-26 12:10:00-04:00,45.564998626708984,45.61000061035156,45.564998626708984,45.61000061035156,3294,0.0,0.0
2024-09-26 12:20:00-04:00,45.63999938964844,45.77000045776367,45.63999938964844,45.7400016784668,7497,0.0,0.0
2024-09-26 12:25:00-04:00,45.7599983215332,45.810001373291016,45.720001220703125,45.7400016784668,6051,0.0,0.0
2024-09-26 12:30:00-04:00,45.720001220703125,45.77000045776367,45.720001220703125,45.77000045776367,2231,0.0,0.0
2024-09-26 12:35:00-04:00,45.779998779296875,45.79999923706055,45.66109848022461,45.720001220703125,11707,0.0,0.0
2024-09-26 12:40:00-04:00,45.70500183105469,45.77000045776367,45.70500183105469,45.77000045776367,3117,0.0,0.0
2024-09-26 12:45:00-04:00,45.689998626708984,45.72999954223633,45.58000183105469,45.720001220703125,4842,0.0,0.0
2024-09-26 12:50:00-04:00,45.630001068115234,45.630001068115234,45.630001068115234,45.630001068115234,1103,0.0,0.0
2024-09-26 12:55:00-04:00,45.75,45.75,45.70199966430664,45.720001220703125,1527,0.0,0.0
2024-09-26 13:00:00-04:00,45.599998474121094,45.65999984741211,45.560001373291016,45.65999984741211,3163,0.0,0.0
2024-09-26 13:05:00-04:00,45.619998931884766,45.650001525878906,45.58000183105469,45.58000183105469,1671,0.0,0.0
2024-09-26 13:10:00-04:00,45.650001525878906,45.70989990234375,45.650001525878906,45.70989990234375,877,0.0,0.0
2024-09-26 13:15:00-04:00,45.650001525878906,45.70000076293945,45.61000061035156,45.70000076293945,3754,0.0,0.0
2024-09-26 13:20:00-04:00,45.68000030517578,45.689998626708984,45.630001068115234,45.689998626708984,1245,0.0,0.0
2024-09-26 13:25:00-04:00,45.66999816894531,45.84000015258789,45.59989929199219,45.84000015258789,6311,0.0,0.0
2024-09-26 13:30:00-04:00,45.869998931884766,46.05699920654297,45.869998931884766,45.94499969482422,12822,0.0,0.0
2024-09-26 13:35:00-04:00,45.88999938964844,45.88999938964844,45.779998779296875,45.80500030517578,2371,0.0,0.0
2024-09-26 13:40:00-04:00,45.775001525878906,45.849998474121094,45.75,45.849998474121094,4251,0.0,0.0
2024-09-26 13:45:00-04:00,45.869998931884766,45.90999984741211,45.869998931884766,45.90999984741211,2977,0.0,0.0
2024-09-26 13:50:00-04:00,45.880001068115234,45.959999084472656,45.880001068115234,45.904998779296875,5697,0.0,0.0
2024-09-26 13:55:00-04:00,45.91999816894531,45.939998626708984,45.89500045776367,45.935001373291016,1619,0.0,0.0
2024-09-26 14:00:00-04:00,45.935001373291016,45.97999954223633,45.88999938964844,45.959999084472656,7676,0.0,0.0
2024-09-26 14:05:00-04:00,45.970001220703125,45.970001220703125,45.86000061035156,45.86000061035156,7361,0.0,0.0
2024-09-26 14:10:00-04:00,45.880001068115234,45.88999938964844,45.85499954223633,45.85499954223633,2435,0.0,0.0
2024-09-26 14:15:00-04:00,45.90999984741211,45.93000030517578,45.80160140991211,45.869998931884766,4485,0.0,0.0
2024-09-26 14:20:00-04:00,45.83000183105469,45.8380012512207,45.83000183105469,45.83000183105469,1306,0.0,0.0
2024-09-26 14:25:00-04:00,45.80009841918945,45.849998474121094,45.65999984741211,45.75,16374,0.0,0.0
2024-09-26 14:30:00-04:00,45.78499984741211,45.834999084472656,45.779998779296875,45.834999084472656,3343,0.0,0.0
2024-09-26 14:35:00-04:00,45.84000015258789,45.899898529052734,45.84000015258789,45.88999938964844,1869,0.0,0.0
2024-09-26 14:40:00-04:00,45.8849983215332,46.02000045776367,45.8849983215332,46.02000045776367,5369,0.0,0.0
2024-09-26 14:45:00-04:00,46.04999923706055,46.08000183105469,45.959999084472656,46.04999923706055,11293,0.0,0.0
2024-09-26 14:50:00-04:00,46.060001373291016,46.095001220703125,46.060001373291016,46.095001220703125,2877,0.0,0.0
2024-09-26 14:55:00-04:00,46.099998474121094,46.11000061035156,46.06999969482422,46.08000183105469,2775,0.0,0.0
2024-09-26 15:00:00-04:00,46.06999969482422,46.189998626708984,46.05500030517578,46.125,6751,0.0,0.0
2024-09-26 15:05:00-04:00,46.06999969482422,46.11989974975586,45.9900016784668,46.04999923706055,7674,0.0,0.0
2024-09-26 15:10:00-04:00,46.03499984741211,46.130001068115234,46.03499984741211,46.10499954223633,7117,0.0,0.0
2024-09-26 15:15:00-04:00,46.10499954223633,46.10499954223633,46.025001525878906,46.025001525878906,5047,0.0,0.0
2024-09-26 15:20:00-04:00,46.025001525878906,46.025001525878906,45.95000076293945,45.95500183105469,5780,0.0,0.0
2024-09-26 15:25:00-04:00,45.970001220703125,46.0,45.91999816894531,46.0,10823,0.0,0.0
2024-09-26 15:30:00-04:00,45.959999084472656,45.9900016784668,45.849998474121094,45.869998931884766,10161,0.0,0.0
2024-09-26 15:35:00-04:00,45.869998931884766,45.974998474121094,45.845001220703125,45.939998626708984,10002,0.0,0.0
2024-09-26 15:40:00-04:00,45.939998626708984,46.02000045776367,45.939998626708984,45.9900016784668,19316,0.0,0.0
2024-09-26 15:45:00-04:00,45.974998474121094,46.0099983215332,45.93000030517578,45.9900016784668,15505,0.0,0.0
2024-09-26 15:50:00-04:00,45.994998931884766,46.20000076293945,45.93000030517578,46.15999984741211,34543,0.0,0.0
2024-09-26 15:55:00-04:00,46.13999938964844,46.150001525878906,45.94499969482422,45.97269821166992,82681,0.0,0.0
2024-09-27 09:30:00-04:00,46.5,46.5,45.90999984741211,46.01499938964844,25308,0.0,0.0
2024-09-27 09:35:00-04:00,46.0099983215332,46.36000061035156,45.90060043334961,46.17499923706055,9187,0.0,0.0
2024-09-27 09:40:00-04:00,46.09000015258789,46.22990036010742,45.790000915527344,45.790000915527344,4905,0.0,0.0
2024-09-27 09:45:00-04:00,45.84000015258789,46.0099983215332,45.84000015258789,46.005001068115234,3555,0.0,0.0
2024-09-27 09:50:00-04:00,45.90999984741211,45.974998474121094,45.81999969482422,45.880001068115234,4875,0.0,0.0
2024-09-27 09:55:00-04:00,45.880001068115234,45.970001220703125,45.63999938964844,45.63999938964844,12258,0.0,0.0
2024-09-27 10:00:00-04:00,45.650001525878906,45.935001373291016,45.619998931884766,45.900001525878906,10762,0.0,0.0
2024-09-27 10:05:00-04:00,45.915000915527344,46.12990188598633,45.915000915527344,46.04999923706055,7858,0.0,0.0
2024-09-27 10:10:00-04:00,46.04999923706055,46.18000030517578,46.04499816894531,46.18000030517578,3389,0.0,0.0
2024-09-27 10:15:00-04:00,46.244998931884766,46.345001220703125,46.220001220703125,46.31999969482422,5764,0.0,0.0
2024-09-27 10:20:00-04:00,46.38999938964844,46.56999969482422,46.369998931884766,46.540000915527344,6268,0.0,0.0
2024-09-27 10:25:00-04:00,46.540000915527344,46.724998474121094,46.540000915527344,46.599998474121094,11044,0.0,0.0
2024-09-27 10:30:00-04:00,46.66999816894531,46.66999816894531,46.52000045776367,46.650001525878906,3967,0.0,0.0
2024-09-27 10:35:00-04:00,46.64500045776367,46.720298767089844,46.63999938964844,46.63999938964844,6655,0.0,0.0
2024-09-27 10:40:00-04:00,46.665000915527344,46.665000915527344,46.560001373291016,46.56999969482422,2401,0.0,0.0
2024-09-27 10:45:00-04:00,46.619998931884766,46.619998931884766,46.470001220703125,46.470001220703125,4918,0.0,0.0
2024-09-27 10:50:00-04:00,46.529998779296875,46.53499984741211,46.51340103149414,46.51340103149414,2073,0.0,0.0
2024-09-27 10:55:00-04:00,46.58000183105469,46.63999938964844,46.54999923706055,46.61000061035156,8631,0.0,0.0
2024-09-27 11:00:00-04:00,46.619998931884766,46.65999984741211,46.55500030517578,46.55500030517578,4649,0.0,0.0
2024-09-27 11:05:00-04:00,46.540000915527344,46.59000015258789,46.53010177612305,46.584999084472656,2472,0.0,0.0
2024-09-27 11:10:00-04:00,46.630001068115234,46.79999923706055,46.630001068115234,46.790000915527344,6821,0.0,0.0
2024-09-27 11:15:00-04:00,46.86000061035156,46.904998779296875,46.779998779296875,46.779998779296875,4180,0.0,0.0
2024-09-27 11:20:00-04:00,46.78499984741211,46.810001373291016,46.69499969482422,46.69499969482422,4255,0.0,0.0
2024-09-27 11:25:00-04:00,46.69499969482422,46.75,46.650001525878906,46.75,8058,0.0,0.0
2024-09-27 11:30:00-04:00,46.7400016784668,46.93000030517578,46.7400016784668,46.84000015258789,6806,0.0,0.0
2024-09-27 11:35:00-04:00,46.80500030517578,46.849998474121094,46.65999984741211,46.709999084472656,6544,0.0,0.0
2024-09-27 11:40:00-04:00,46.7599983215332,46.888999938964844,46.7599983215332,46.888999938964844,1609,0.0,0.0
2024-09-27 11:45:00-04:00,46.88999938964844,47.0,46.88999938964844,47.0,5053,0.0,0.0
2024-09-27 11:50:00-04:00,46.959999084472656,47.005001068115234,46.90999984741211,46.90999984741211,5007,0.0,0.0
2024-09-27 11:55:00-04:00,46.939998626708984,46.95000076293945,46.87009811401367,46.95000076293945,3407,0.0,0.0
2024-09-27 12:00:00-04:00,46.959999084472656,46.959999084472656,46.90999984741211,46.90999984741211,3360,0.0,0.0
2024-09-27 12:05:00-04:00,46.88999938964844,46.91999816894531,46.8650016784668,46.8650016784668,3264,0.0,0.0
2024-09-27 12:10:00-04:00,46.88999938964844,46.88999938964844,46.83000183105469,46.83000183105469,4404,0.0,0.0
2024-09-27 12:15:00-04:00,46.849998474121094,46.91999816894531,46.849998474121094,46.90999984741211,2115,0.0,0.0
2024-09-27 12:20:00-04:00,46.869998931884766,47.049800872802734,46.869998931884766,47.0099983215332,8255,0.0,0.0
2024-09-27 12:25:00-04:00,46.9989013671875,47.03499984741211,46.775001525878906,46.775001525878906,6885,0.0,0.0
2024-09-27 12:30:00-04:00,46.7400016784668,46.7400016784668,46.72999954223633,46.72999954223633,2699,0.0,0.0
2024-09-27 12:35:00-04:00,46.7400016784668,46.81999969482422,46.72999954223633,46.81999969482422,2730,0.0,0.0
2024-09-27 12:40:00-04:00,46.79999923706055,46.849998474121094,46.79999923706055,46.84000015258789,2972,0.0,0.0
2024-09-27 12:45:00-04:00,46.810001373291016,46.82500076293945,46.810001373291016,46.82500076293945,2247,0.0,0.0
2024-09-27 12:50:00-04:00,46.86000061035156,46.900001525878906,46.86000061035156,46.880001068115234,2762,0.0,0.0
2024-09-27 12:55:00-04:00,46.868900299072266,46.88999938964844,46.81999969482422,46.875,4557,0.0,0.0
2024-09-27 13:00:00-04:00,46.880001068115234,46.9900016784668,46.880001068115234,46.93000030517578,4809,0.0,0.0
2024-09-27 13:05:00-04:00,46.959999084472656,46.959999084472656,46.619998931884766,46.619998931884766,6470,0.0,0.0
2024-09-27 13:10:00-04:00,46.689998626708984,46.7400016784668,46.66999816894531,46.7400016784668,3764,0.0,0.0
2024-09-27 13:15:00-04:00,46.72999954223633,46.72999954223633,46.71500015258789,46.71500015258789,1891,0.0,0.0
2024-09-27 13:20:00-04:00,46.75,46.82500076293945,46.720001220703125,46.7400016784668,5510,0.0,0.0
2024-09-27 13:25:00-04:00,46.68000030517578,46.72999954223633,46.62649917602539,46.66960144042969,4107,0.0,0.0
2024-09-27 13:30:00-04:00,46.77000045776367,46.84000015258789,46.7400016784668,46.77000045776367,2694,0.0,0.0
2024-09-27 13:35:00-04:00,46.76499938964844,46.76499938964844,46.720001220703125,46.7400016784668,2845,0.0,0.0
2024-09-27 13:40:00-04:00,46.7599983215332,46.7599983215332,46.72999954223633,46.72999954223633,1565,0.0,0.0
2024-09-27 13:45:00-04:00,46.7599983215332,46.779998779296875,46.75,46.76499938964844,2619,0.0,0.0
2024-09-27 13:50:00-04:00,46.79999923706055,46.810001373291016,46.720001220703125,46.72999954223633,2623,0.0,0.0
2024-09-27 13:55:00-04:00,46.741600036621094,46.741600036621094,46.529998779296875,46.57500076293945,2886,0.0,0.0
2024-09-27 14:00:00-04:00,46.57500076293945,46.61000061035156,46.5,46.5,2252,0.0,0.0
2024-09-27 14:05:00-04:00,46.56999969482422,46.63999938964844,46.529998779296875,46.560001373291016,16758,0.0,0.0
2024-09-27 14:10:00-04:00,46.564998626708984,46.6150016784668,46.564998626708984,46.58000183105469,1881,0.0,0.0
2024-09-27 14:15:00-04:00,46.58000183105469,46.58000183105469,46.380001068115234,46.40999984741211,4913,0.0,0.0
2024-09-27 14:20:00-04:00,46.38999938964844,46.459999084472656,46.38999938964844,46.404998779296875,3775,0.0,0.0
2024-09-27 14:25:00-04:00,46.33000183105469,46.34000015258789,46.25,46.31999969482422,5330,0.0,0.0
2024-09-27 14:30:00-04:00,46.31999969482422,46.31999969482422,46.31999969482422,46.31999969482422,1906,0.0,0.0
2024-09-27 14:35:00-04:00,46.345001220703125,46.345001220703125,46.29999923706055,46.310001373291016,3498,0.0,0.0
2024-09-27 14:40:00-04:00,46.33000183105469,46.5,46.33000183105469,46.44499969482422,5379,0.0,0.0
2024-09-27 14:45:00-04:00,46.52000045776367,46.52000045776367,46.400001525878906,46.400001525878906,5925,0.0,0.0
2024-09-27 14:50:00-04:00,46.44499969482422,46.505001068115234,46.43000030517578,46.5,7552,0.0,0.0
2024-09-27 14:55:00-04:00,46.4900016784668,46.5099983215332,46.45000076293945,46.505001068115234,4345,0.0,0.0
2024-09-27 15:00:00-04:00,46.47999954223633,46.48500061035156,46.334999084472656,46.334999084472656,6579,0.0,0.0
2024-09-27 15:05:00-04:00,46.380001068115234,46.380001068115234,46.29999923706055,46.34000015258789,4488,0.0,0.0
2024-09-27 15:10:00-04:00,46.29999923706055,46.310001373291016,46.275001525878906,46.310001373291016,3754,0.0,0.0
2024-09-27 15:15:00-04:00,46.2599983215332,46.2599983215332,46.204498291015625,46.204498291015625,4410,0.0,0.0
2024-09-27 15:20:00-04:00,46.220001220703125,46.310001373291016,46.18000030517578,46.18000030517578,9342,0.0,0.0
2024-09-27 15:25:00-04:00,46.20000076293945,46.2599983215332,46.189998626708984,46.2599983215332,7162,0.0,0.0
2024-09-27 15:30:00-04:00,46.41999816894531,46.41999816894531,46.31999969482422,46.38999938964844,9461,0.0,0.0
2024-09-27 15:35:00-04:00,46.36000061035156,46.38999938964844,46.29999923706055,46.380001068115234,9214,0.0,0.0
2024-09-27 15:40:00-04:00,46.36000061035156,46.36000061035156,46.220001220703125,46.33000183105469,14918,0.0,0.0
2024-09-27 15:45:00-04:00,46.33000183105469,46.494998931884766,46.33000183105469,46.446998596191406,11798,0.0,0.0
2024-09-27 15:50:00-04:00,46.46500015258789,46.46500015258789,46.2400016784668,46.279998779296875,27088,0.0,0.0
2024-09-27 15:55:00-04:00,46.31999969482422,46.459999084472656,46.31999969482422,46.349998474121094,64619,0.0,0.0
2024-09-30 09:30:00-04:00,45.810001373291016,46.095001220703125,45.79999923706055,46.03499984741211,13186,0.0,0.0
2024-09-30 09:35:00-04:00,46.005001068115234,46.005001068115234,46.005001068115234,46.005001068115234,1120,0.0,0.0
2024-09-30 09:40:00-04:00,46.1150016784668,46.349998474121094,46.1150016784668,46.349998474121094,2025,0.0,0.0
2024-09-30 09:45:00-04:00,46.47999954223633,46.66299819946289,46.40999984741211,46.66299819946289,1824,0.0,0.0
2024-09-30 09:50:00-04:00,46.65999984741211,46.70000076293945,46.52000045776367,46.52000045776367,2083,0.0,0.0
2024-09-30 09:55:00-04:00,46.38800048828125,46.540000915527344,46.38800048828125,46.5,936,0.0,0.0
2024-09-30 10:00:00-04:00,46.45000076293945,46.560001373291016,46.150001525878906,46.279998779296875,6655,0.0,0.0
2024-09-30 10:05:00-04:00,46.31420135498047,46.31420135498047,46.290000915527344,46.290000915527344,1246,0.0,0.0
2024-09-30 10:10:00-04:00,46.334999084472656,46.369998931884766,46.040000915527344,46.125,4683,0.0,0.0
2024-09-30 10:15:00-04:00,46.0,46.0,45.7599983215332,45.7599983215332,3338,0.0,0.0
2024-09-30 10:20:00-04:00,45.86000061035156,45.869998931884766,45.71500015258789,45.71500015258789,2683,0.0,0.0
2024-09-30 10:25:00-04:00,45.71500015258789,45.810001373291016,45.63999938964844,45.63999938964844,3957,0.0,0.0
2024-09-30 10:30:00-04:00,45.63999938964844,45.75230026245117,45.529998779296875,45.75230026245117,6577,0.0,0.0
2024-09-30 10:40:00-04:00,45.77000045776367,45.779998779296875,45.68000030517578,45.7599983215332,3066,0.0,0.0
2024-09-30 10:45:00-04:00,45.7599983215332,45.76499938964844,45.68000030517578,45.76499938964844,1533,0.0,0.0
2024-09-30 10:50:00-04:00,45.77000045776367,45.77000045776367,45.619998931884766,45.689998626708984,3763,0.0,0.0
2024-09-30 10:55:00-04:00,45.650001525878906,45.75,45.63999938964844,45.72999954223633,2451,0.0,0.0
2024-09-30 11:00:00-04:00,45.724998474121094,45.974998474121094,45.71500015258789,45.974998474121094,4298,0.0,0.0
2024-09-30 11:05:00-04:00,46.005001068115234,46.005001068115234,45.869998931884766,45.869998931884766,2832,0.0,0.0
2024-09-30 11:10:00-04:00,45.83000183105469,45.900001525878906,45.75,45.900001525878906,6308,0.0,0.0
2024-09-30 11:15:00-04:00,45.810001373291016,45.8849983215332,45.79999923706055,45.84000015258789,3862,0.0,0.0
2024-09-30 11:20:00-04:00,45.84000015258789,45.84000015258789,45.77000045776367,45.81999969482422,2706,0.0,0.0
2024-09-30 11:25:00-04:00,45.75,45.790000915527344,45.75,45.790000915527344,4538,0.0,0.0
2024-09-30 11:30:00-04:00,45.68000030517578,45.68000030517578,45.49089813232422,45.49089813232422,3924,0.0,0.0
2024-09-30 11:35:00-04:00,45.51499938964844,45.51499938964844,45.400001525878906,45.400001525878906,6512,0.0,0.0
2024-09-30 11:40:00-04:00,45.45000076293945,45.470001220703125,45.33000183105469,45.415000915527344,3281,0.0,0.0
2024-09-30 11:45:00-04:00,45.40999984741211,45.40999984741211,45.40999984741211,45.40999984741211,485,0.0,0.0
2024-09-30 11:50:00-04:00,45.36000061035156,45.369998931884766,45.060001373291016,45.060001373291016,7075,0.0,0.0
2024-09-30 11:55:00-04:00,45.119998931884766,45.31999969482422,45.099998474121094,45.290000915527344,11424,0.0,0.0
2024-09-30 12:00:00-04:00,45.30500030517578,45.30500030517578,45.25,45.279998779296875,3293,0.0,0.0
2024-09-30 12:05:00-04:00,45.25,45.279998779296875,45.17499923706055,45.209999084472656,5871,0.0,0.0
2024-09-30 12:10:00-04:00,45.209999084472656,45.275001525878906,45.209999084472656,45.209999084472656,4161,0.0,0.0
2024-09-30 12:15:00-04:00,45.22999954223633,45.26499938964844,45.15999984741211,45.16999816894531,4246,0.0,0.0
2024-09-30 12:20:00-04:00,45.13999938964844,45.165000915527344,45.09000015258789,45.09000015258789,2162,0.0,0.0
2024-09-30 12:25:00-04:00,45.09000015258789,45.20000076293945,45.09000015258789,45.189998626708984,7143,0.0,0.0
2024-09-30 12:30:00-04:00,45.22999954223633,45.28499984741211,45.209999084472656,45.275001525878906,3190,0.0,0.0
2024-09-30 12:35:00-04:00,45.22999954223633,45.22999954223633,45.20000076293945,45.22999954223633,2464,0.0,0.0
2024-09-30 12:40:00-04:00,45.22999954223633,45.290000915527344,45.16999816894531,45.25,4050,0.0,0.0
2024-09-30 12:45:00-04:00,45.20750045776367,45.29499816894531,45.20750045776367,45.29499816894531,1931,0.0,0.0
2024-09-30 12:50:00-04:00,45.2599983215332,45.29999923706055,45.22999954223633,45.22999954223633,2386,0.0,0.0
2024-09-30 12:55:00-04:00,45.22999954223633,45.290000915527344,45.22999954223633,45.290000915527344,2948,0.0,0.0
2024-09-30 13:00:00-04:00,45.27000045776367,45.27000045776367,45.12030029296875,45.19499969482422,8091,0.0,0.0
2024-09-30 13:05:00-04:00,45.19499969482422,45.36000061035156,45.19499969482422,45.36000061035156,5379,0.0,0.0
2024-09-30 13:10:00-04:00,45.404998779296875,45.529998779296875,45.404998779296875,45.505001068115234,5199,0.0,0.0
2024-09-30 13:15:00-04:00,45.540000915527344,45.540000915527344,45.4900016784668,45.505001068115234,3145,0.0,0.0
2024-09-30 13:20:00-04:00,45.459999084472656,45.48500061035156,45.439998626708984,45.439998626708984,2300,0.0,0.0
2024-09-30 13:25:00-04:00,45.439998626708984,45.4900016784668,45.439998626708984,45.4900016784668,3131,0.0,0.0
2024-09-30 13:30:00-04:00,45.4900016784668,45.529701232910156,45.45000076293945,45.4900016784668,3682,0.0,0.0
2024-09-30 13:35:00-04:00,45.4900016784668,45.4900016784668,45.43000030517578,45.43000030517578,4973,0.0,0.0
2024-09-30 13:40:00-04:00,45.45000076293945,45.77000045776367,45.45000076293945,45.77000045776367,8998,0.0,0.0
2024-09-30 13:45:00-04:00,45.82500076293945,45.8672981262207,45.77000045776367,45.7869987487793,4638,0.0,0.0
2024-09-30 13:50:00-04:00,45.81999969482422,45.81999969482422,45.61470031738281,45.67499923706055,11459,0.0,0.0
2024-09-30 13:55:00-04:00,45.630001068115234,45.6349983215332,45.58000183105469,45.58000183105469,2206,0.0,0.0
2024-09-30 14:00:00-04:00,45.540000915527344,45.56999969482422,45.5,45.51499938964844,3013,0.0,0.0
2024-09-30 14:05:00-04:00,45.51499938964844,45.54999923706055,45.47999954223633,45.54999923706055,3932,0.0,0.0
2024-09-30 14:10:00-04:00,45.584999084472656,45.584999084472656,45.40999984741211,45.459999084472656,6001,0.0,0.0
2024-09-30 14:15:00-04:00,45.40999984741211,45.435001373291016,45.400001525878906,45.435001373291016,2749,0.0,0.0
2024-09-30 14:20:00-04:00,45.40999984741211,45.40999984741211,45.209999084472656,45.244998931884766,5577,0.0,0.0
2024-09-30 14:25:00-04:00,45.290000915527344,45.404998779296875,45.26729965209961,45.375,4754,0.0,0.0
2024-09-30 14:30:00-04:00,45.3650016784668,45.45000076293945,45.3650016784668,45.40999984741211,4407,0.0,0.0
2024-09-30 14:35:00-04:00,45.3849983215332,45.5,45.3849983215332,45.5,4677,0.0,0.0
2024-09-30 14:40:00-04:00,45.54499816894531,45.61000061035156,45.54499816894531,45.61000061035156,4154,0.0,0.0
2024-09-30 14:45:00-04:00,45.63999938964844,45.72999954223633,45.63999938964844,45.68000030517578,7546,0.0,0.0
2024-09-30 14:50:00-04:00,45.68000030517578,45.689998626708984,45.560001373291016,45.56999969482422,7223,0.0,0.0
2024-09-30 14:55:00-04:00,45.5099983215332,45.529998779296875,45.36000061035156,45.38999938964844,3241,0.0,0.0
2024-09-30 15:00:00-04:00,45.36000061035156,45.380001068115234,45.32500076293945,45.34000015258789,5602,0.0,0.0
2024-09-30 15:05:00-04:00,45.36000061035156,45.43000030517578,45.36000061035156,45.43000030517578,3369,0.0,0.0
2024-09-30 15:10:00-04:00,45.400001525878906,45.41999816894531,45.224998474121094,45.310001373291016,10794,0.0,0.0
2024-09-30 15:15:00-04:00,45.31999969482422,45.474998474121094,45.31999969482422,45.46500015258789,6334,0.0,0.0
2024-09-30 15:20:00-04:00,45.470001220703125,45.470001220703125,45.31999969482422,45.31999969482422,6898,0.0,0.0
2024-09-30 15:25:00-04:00,45.349998474121094,45.45000076293945,45.34000015258789,45.45000076293945,8930,0.0,0.0
2024-09-30 15:30:00-04:00,45.45000076293945,45.569000244140625,45.45000076293945,45.5,10950,0.0,0.0
2024-09-30 15:35:00-04:00,45.51900100708008,45.5369987487793,45.48500061035156,45.525001525878906,6247,0.0,0.0
2024-09-30 15:40:00-04:00,45.525001525878906,45.5989990234375,45.5099983215332,45.54999923706055,12417,0.0,0.0
2024-09-30 15:45:00-04:00,45.560001373291016,45.584999084472656,45.459999084472656,45.4900016784668,20249,0.0,0.0
2024-09-30 15:50:00-04:00,45.4900016784668,45.57899856567383,45.349998474121094,45.36000061035156,33815,0.0,0.0
2024-09-30 15:55:00-04:00,45.34000015258789,45.415000915527344,45.31999969482422,45.34000015258789,83140,0.0,0.0
2024-10-01 09:30:00-04:00,45.11000061035156,45.595001220703125,45.11000061035156,45.27000045776367,13115,0.0,0.0
2024-10-01 09:35:00-04:00,45.212501525878906,46.064998626708984,45.00299835205078,45.619998931884766,7646,0.0,0.0
2024-10-01 09:40:00-04:00,45.72999954223633,46.040000915527344,45.470001220703125,45.749298095703125,7447,0.0,0.0
2024-10-01 09:45:00-04:00,45.709999084472656,45.935001373291016,45.4900016784668,45.81999969482422,9892,0.0,0.0
2024-10-01 09:50:00-04:00,45.75,46.0,45.75,45.82500076293945,9438,0.0,0.0
2024-10-01 09:55:00-04:00,45.814998626708984,46.459999084472656,45.814998626708984,46.459999084472656,6050,0.0,0.0
2024-10-01 10:00:00-04:00,46.400001525878906,46.724998474121094,46.28010177612305,46.65999984741211,9123,0.0,0.0
2024-10-01 10:05:00-04:00,46.54499816894531,46.619998931884766,45.875,45.875,9658,0.0,0.0
2024-10-01 10:10:00-04:00,45.65999984741211,45.83000183105469,45.599998474121094,45.79140090942383,3837,0.0,0.0
2024-10-01 10:15:00-04:00,45.91400146484375,45.91400146484375,45.66999816894531,45.7400016784668,5164,0.0,0.0
2024-10-01 10:20:00-04:00,45.849998474121094,46.28850173950195,45.834999084472656,45.98500061035156,7994,0.0,0.0
2024-10-01 10:25:00-04:00,45.83000183105469,45.89500045776367,45.7400016784668,45.83000183105469,4570,0.0,0.0
2024-10-01 10:30:00-04:00,45.775001525878906,45.9900016784668,45.75299835205078,45.9900016784668,4900,0.0,0.0
2024-10-01 10:35:00-04:00,45.900001525878906,45.935001373291016,45.85499954223633,45.92499923706055,3423,0.0,0.0
2024-10-01 10:40:00-04:00,46.0099983215332,46.124000549316406,45.97999954223633,46.0099983215332,5159,0.0,0.0
2024-10-01 10:45:00-04:00,45.974998474121094,45.974998474121094,45.869998931884766,45.89500045776367,5351,0.0,0.0
2024-10-01 10:50:00-04:00,45.790000915527344,45.79999923706055,45.68000030517578,45.68000030517578,3567,0.0,0.0
2024-10-01 10:55:00-04:00,45.65999984741211,45.939998626708984,45.65999984741211,45.90999984741211,4464,0.0,0.0
2024-10-01 11:00:00-04:00,45.974998474121094,46.02000045776367,45.79999923706055,45.79999923706055,4531,0.0,0.0
2024-10-01 11:05:00-04:00,45.689998626708984,45.689998626708984,45.540000915527344,45.56999969482422,2303,0.0,0.0
2024-10-01 11:10:00-04:00,45.52000045776367,45.540000915527344,45.459999084472656,45.540000915527344,40220,0.0,0.0
2024-10-01 11:15:00-04:00,45.470001220703125,45.66999816894531,45.45289993286133,45.650001525878906,5992,0.0,0.0
2024-10-01 11:20:00-04:00,45.68000030517578,45.79499816894531,45.68000030517578,45.720001220703125,2436,0.0,0.0
2024-10-01 11:25:00-04:00,45.77000045776367,45.790000915527344,45.63999938964844,45.790000915527344,4242,0.0,0.0
2024-10-01 11:30:00-04:00,45.68000030517578,45.939998626708984,45.68000030517578,45.8650016784668,4204,0.0,0.0
2024-10-01 11:35:00-04:00,45.880001068115234,46.08000183105469,45.880001068115234,46.05500030517578,4716,0.0,0.0
2024-10-01 11:40:00-04:00,46.09000015258789,46.13999938964844,45.89500045776367,45.89500045776367,5835,0.0,0.0
2024-10-01 11:45:00-04:00,45.88999938964844,45.88999938964844,45.77000045776367,45.849998474121094,2767,0.0,0.0
2024-10-01 11:50:00-04:00,45.880001068115234,45.880001068115234,45.849998474121094,45.85200119018555,2254,0.0,0.0
2024-10-01 11:55:00-04:00,45.84000015258789,45.84000015258789,45.7599983215332,45.7599983215332,3440,0.0,0.0
2024-10-01 12:00:00-04:00,45.810001373291016,45.93000030517578,45.810001373291016,45.88999938964844,3495,0.0,0.0
2024-10-01 12:10:00-04:00,45.970001220703125,45.970001220703125,45.7400016784668,45.880001068115234,11653,0.0,0.0
2024-10-01 12:15:00-04:00,45.88999938964844,46.0,45.88999938964844,46.0,4721,0.0,0.0
2024-10-01 12:20:00-04:00,46.0,46.09000015258789,46.0,46.06999969482422,5326,0.0,0.0
2024-10-01 12:25:00-04:00,46.04999923706055,46.09000015258789,46.0099983215332,46.04999923706055,6023,0.0,0.0
2024-10-01 12:30:00-04:00,46.0099983215332,46.0099983215332,45.72999954223633,45.81999969482422,10769,0.0,0.0
2024-10-01 12:35:00-04:00,45.810001373291016,45.869998931884766,45.790000915527344,45.790000915527344,784,0.0,0.0
2024-10-01 12:40:00-04:00,45.84000015258789,45.94499969482422,45.84000015258789,45.86000061035156,8906,0.0,0.0
2024-10-01 12:45:00-04:00,45.849998474121094,45.86000061035156,45.720001220703125,45.78499984741211,7045,0.0,0.0
2024-10-01 12:50:00-04:00,45.83000183105469,45.9900016784668,45.83000183105469,45.939998626708984,4604,0.0,0.0
2024-10-01 12:55:00-04:00,45.95000076293945,46.11000061035156,45.90999984741211,46.0,8738,0.0,0.0
2024-10-01 13:00:00-04:00,45.97999954223633,46.0099983215332,45.845001220703125,45.845001220703125,2973,0.0,0.0
2024-10-01 13:05:00-04:00,45.845001220703125,45.93000030517578,45.845001220703125,45.93000030517578,5190,0.0,0.0
2024-10-01 13:10:00-04:00,45.93000030517578,46.0099983215332,45.93000030517578,45.994998931884766,4054,0.0,0.0
2024-10-01 13:15:00-04:00,45.95000076293945,46.029998779296875,45.939998626708984,45.98500061035156,4363,0.0,0.0
2024-10-01 13:20:00-04:00,45.965301513671875,46.0099983215332,45.93000030517578,45.93000030517578,2610,0.0,0.0
2024-10-01 13:25:00-04:00,45.959999084472656,46.060001373291016,45.93000030517578,46.040000915527344,2695,0.0,0.0
2024-10-01 13:30:00-04:00,46.08000183105469,46.2947998046875,46.08000183105469,46.290000915527344,3844,0.0,0.0
2024-10-01 13:35:00-04:00,46.2400016784668,46.279998779296875,46.099998474121094,46.209999084472656,9402,0.0,0.0
2024-10-01 13:40:00-04:00,46.25,46.2599983215332,46.20399856567383,46.20399856567383,2867,0.0,0.0
2024-10-01 13:45:00-04:00,46.26499938964844,46.33000183105469,46.22100067138672,46.29499816894531,3753,0.0,0.0
2024-10-01 13:50:00-04:00,46.33000183105469,46.34000015258789,46.30500030517578,46.34000015258789,1593,0.0,0.0
2024-10-01 13:55:00-04:00,46.34000015258789,46.5,46.34000015258789,46.5,3236,0.0,0.0
2024-10-01 14:00:00-04:00,46.5,46.709999084472656,46.5,46.67390060424805,6168,0.0,0.0
2024-10-01 14:05:00-04:00,46.72999954223633,47.0,46.72999954223633,46.994998931884766,7001,0.0,0.0
2024-10-01 14:10:00-04:00,46.994998931884766,47.04999923706055,46.90999984741211,47.04999923706055,10741,0.0,0.0
2024-10-01 14:15:00-04:00,47.060001373291016,47.099998474121094,46.970001220703125,46.994998931884766,8482,0.0,0.0
2024-10-01 14:20:00-04:00,47.02000045776367,47.33000183105469,47.02000045776367,47.244998931884766,12973,0.0,0.0
2024-10-01 14:25:00-04:00,47.25,47.709999084472656,47.244998931884766,47.47999954223633,47547,0.0,0.0
2024-10-01 14:30:00-04:00,47.5,47.76599884033203,47.4900016784668,47.69499969482422,29000,0.0,0.0
2024-10-01 14:35:00-04:00,47.69499969482422,48.130001068115234,47.67499923706055,48.05500030517578,22084,0.0,0.0
2024-10-01 14:40:00-04:00,48.04999923706055,48.099998474121094,47.72999954223633,47.779998779296875,25184,0.0,0.0
2024-10-01 14:45:00-04:00,47.755001068115234,47.900001525878906,47.356300354003906,47.44499969482422,12639,0.0,0.0
2024-10-01 14:50:00-04:00,47.380001068115234,47.540000915527344,47.34000015258789,47.5,6488,0.0,0.0
2024-10-01 14:55:00-04:00,47.43000030517578,47.54999923706055,47.220001220703125,47.310001373291016,12557,0.0,0.0
2024-10-01 15:00:00-04:00,47.25,47.2599983215332,46.93000030517578,46.98500061035156,9839,0.0,0.0
2024-10-01 15:05:00-04:00,46.98500061035156,47.06999969482422,46.940101623535156,47.040000915527344,5078,0.0,0.0
2024-10-01 15:10:00-04:00,47.0099983215332,47.2400016784668,47.0,47.029998779296875,17270,0.0,0.0
2024-10-01 15:15:00-04:00,47.03499984741211,47.03499984741211,46.9900016784668,47.0099983215332,4177,0.0,0.0
2024-10-01 15:20:00-04:00,47.060001373291016,47.290000915527344,47.029998779296875,47.290000915527344,8560,0.0,0.0
2024-10-01 15:25:00-04:00,47.29999923706055,47.38970184326172,47.209999084472656,47.2400016784668,17620,0.0,0.0
2024-10-01 15:30:00-04:00,47.2400016784668,47.310001373291016,47.060001373291016,47.11000061035156,19137,0.0,0.0
2024-10-01 15:35:00-04:00,47.11199951171875,47.11199951171875,46.97999954223633,47.0099983215332,18014,0.0,0.0
2024-10-01 15:40:00-04:00,46.97999954223633,47.279998779296875,46.970001220703125,47.099998474121094,21786,0.0,0.0
2024-10-01 15:45:00-04:00,47.10499954223633,47.290000915527344,47.09000015258789,47.22999954223633,19846,0.0,0.0
2024-10-01 15:50:00-04:00,47.23500061035156,47.334999084472656,47.16999816894531,47.255001068115234,47576,0.0,0.0
2024-10-01 15:55:00-04:00,47.209999084472656,47.26390075683594,46.810001373291016,46.83000183105469,126383,0.0,0.0
2024-10-02 09:30:00-04:00,46.09000015258789,46.165000915527344,45.939998626708984,46.03499984741211,9989,0.0,0.0
2024-10-02 09:35:00-04:00,46.02830123901367,46.130001068115234,45.9739990234375,45.994998931884766,2211,0.0,0.0
2024-10-02 09:40:00-04:00,45.790000915527344,45.79999923706055,45.380001068115234,45.54999923706055,4196,0.0,0.0
2024-10-02 09:45:00-04:00,45.459999084472656,45.775001525878906,45.220001220703125,45.369998931884766,7050,0.0,0.0
2024-10-02 09:50:00-04:00,45.29499816894531,45.75,45.2599983215332,45.29999923706055,11788,0.0,0.0
2024-10-02 09:55:00-04:00,45.5099983215332,45.66999816894531,45.459999084472656,45.64500045776367,4583,0.0,0.0
2024-10-02 10:00:00-04:00,45.720001220703125,45.959999084472656,45.720001220703125,45.85499954223633,2668,0.0,0.0
2024-10-02 10:05:00-04:00,45.7400016784668,45.8650016784668,45.68000030517578,45.8650016784668,6108,0.0,0.0
2024-10-02 10:10:00-04:00,45.732601165771484,46.240501403808594,45.732601165771484,46.064998626708984,4536,0.0,0.0
2024-10-02 10:15:00-04:00,46.279998779296875,46.380001068115234,46.04999923706055,46.380001068115234,5152,0.0,0.0
2024-10-02 10:20:00-04:00,46.470001220703125,46.560001373291016,46.270999908447266,46.270999908447266,8056,0.0,0.0
2024-10-02 10:25:00-04:00,46.400001525878906,46.400001525878906,46.06999969482422,46.18870162963867,3369,0.0,0.0
2024-10-02 10:30:00-04:00,46.19499969482422,46.19499969482422,46.04999923706055,46.13999938964844,4692,0.0,0.0
2024-10-02 10:35:00-04:00,46.13999938964844,46.13999938964844,46.04999923706055,46.10599899291992,3692,0.0,0.0
2024-10-02 10:40:00-04:00,46.27000045776367,46.27000045776367,46.15190124511719,46.15190124511719,1154,0.0,0.0
2024-10-02 10:45:00-04:00,46.150001525878906,46.34000015258789,46.119998931884766,46.34000015258789,2520,0.0,0.0
2024-10-02 10:50:00-04:00,46.40999984741211,46.40999984741211,46.11000061035156,46.11000061035156,3919,0.0,0.0
2024-10-02 10:55:00-04:00,46.0900993347168,46.310001373291016,46.09000015258789,46.310001373291016,7839,0.0,0.0
2024-10-02 11:00:00-04:00,46.39500045776367,46.39500045776367,46.29999923706055,46.29999923706055,1813,0.0,0.0
2024-10-02 11:05:00-04:00,46.29999923706055,46.43000030517578,46.20000076293945,46.20000076293945,5613,0.0,0.0
2024-10-02 11:10:00-04:00,46.20000076293945,46.290000915527344,46.20000076293945,46.290000915527344,1477,0.0,0.0
2024-10-02 11:15:00-04:00,46.310001373291016,46.40999984741211,46.29999923706055,46.29999923706055,3580,0.0,0.0
2024-10-02 11:20:00-04:00,46.34980010986328,46.34980010986328,46.25,46.25,3351,0.0,0.0
2024-10-02 11:25:00-04:00,46.34000015258789,46.36349868774414,46.31999969482422,46.36349868774414,1611,0.0,0.0
2024-10-02 11:30:00-04:00,46.369998931884766,46.369998931884766,46.29999923706055,46.310001373291016,2392,0.0,0.0
2024-10-02 11:35:00-04:00,46.38999938964844,46.43000030517578,46.38999938964844,46.43000030517578,2235,0.0,0.0
2024-10-02 11:40:00-04:00,46.48500061035156,46.560001373291016,46.45500183105469,46.560001373291016,1396,0.0,0.0
2024-10-02 11:45:00-04:00,46.43000030517578,46.4900016784668,46.369998931884766,46.38999938964844,5404,0.0,0.0
2024-10-02 11:50:00-04:00,46.3849983215332,46.3849983215332,46.29999923706055,46.29999923706055,2679,0.0,0.0
2024-10-02 11:55:00-04:00,46.25239944458008,46.3650016784668,46.25239944458008,46.3650016784668,3903,0.0,0.0
2024-10-02 12:05:00-04:00,46.2599983215332,46.27000045776367,46.2400016784668,46.26499938964844,2748,0.0,0.0
2024-10-02 12:10:00-04:00,46.2599983215332,46.2599983215332,46.2599983215332,46.2599983215332,324,0.0,0.0
2024-10-02 12:15:00-04:00,46.209999084472656,46.209999084472656,46.20000076293945,46.20000076293945,1488,0.0,0.0
2024-10-02 12:20:00-04:00,46.189998626708984,46.29999923706055,46.189998626708984,46.29999923706055,4549,0.0,0.0
2024-10-02 12:25:00-04:00,46.310298919677734,46.310298919677734,46.310298919677734,46.310298919677734,987,0.0,0.0
2024-10-02 12:30:00-04:00,46.27000045776367,46.290000915527344,46.209999084472656,46.290000915527344,5460,0.0,0.0
2024-10-02 12:35:00-04:00,46.29999923706055,46.435699462890625,46.29999923706055,46.435699462890625,3517,0.0,0.0
2024-10-02 12:40:00-04:00,46.400001525878906,46.40999984741211,46.400001525878906,46.40999984741211,1086,0.0,0.0
2024-10-02 12:45:00-04:00,46.380001068115234,46.380001068115234,46.29999923706055,46.29999923706055,2478,0.0,0.0
2024-10-02 12:50:00-04:00,46.29069900512695,46.345001220703125,46.29069900512695,46.345001220703125,3154,0.0,0.0
2024-10-02 12:55:00-04:00,46.40999984741211,46.43000030517578,46.369998931884766,46.404998779296875,2486,0.0,0.0
2024-10-02 13:00:00-04:00,46.45000076293945,46.45000076293945,46.29499816894531,46.34000015258789,5496,0.0,0.0
2024-10-02 13:05:00-04:00,46.38999938964844,46.439998626708984,46.380001068115234,46.41999816894531,3059,0.0,0.0
2024-10-02 13:10:00-04:00,46.474998474121094,46.529998779296875,46.41999816894531,46.529998779296875,2620,0.0,0.0
2024-10-02 13:15:00-04:00,46.529998779296875,46.65999984741211,46.529998779296875,46.65999984741211,16999,0.0,0.0
2024-10-02 13:20:00-04:00,46.64500045776367,46.75,46.630001068115234,46.72999954223633,988,0.0,0.0
2024-10-02 13:25:00-04:00,46.709999084472656,46.720001220703125,46.66999816894531,46.66999816894531,1994,0.0,0.0
2024-10-02 13:30:00-04:00,46.619998931884766,46.65999984741211,46.59000015258789,46.619998931884766,4089,0.0,0.0
2024-10-02 13:35:00-04:00,46.6150016784668,46.790000915527344,46.6150016784668,46.790000915527344,3117,0.0,0.0
2024-10-02 13:40:00-04:00,46.75,46.88999938964844,46.75,46.88999938964844,5794,0.0,0.0
2024-10-02 13:45:00-04:00,46.88999938964844,47.0,46.88999938964844,47.0,2580,0.0,0.0
2024-10-02 13:50:00-04:00,47.005001068115234,47.16999816894531,46.970001220703125,47.16999816894531,5911,0.0,0.0
2024-10-02 13:55:00-04:00,47.13999938964844,47.13999938964844,46.9900016784668,47.029998779296875,8939,0.0,0.0
2024-10-02 14:00:00-04:00,47.0,47.029998779296875,46.970001220703125,47.029998779296875,7177,0.0,0.0
2024-10-02 14:05:00-04:00,46.970001220703125,47.02000045776367,46.810001373291016,47.0,7120,0.0,0.0
2024-10-02 14:10:00-04:00,47.02000045776367,47.08000183105469,47.02000045776367,47.08000183105469,6122,0.0,0.0
2024-10-02 14:15:00-04:00,47.07400131225586,47.2400016784668,47.07400131225586,47.2400016784668,5726,0.0,0.0
2024-10-02 14:20:00-04:00,47.2400016784668,47.27000045776367,47.0,47.099998474121094,12274,0.0,0.0
2024-10-02 14:25:00-04:00,47.09000015258789,47.09000015258789,47.0,47.040000915527344,6249,0.0,0.0
2024-10-02 14:30:00-04:00,46.990699768066406,47.11000061035156,46.990699768066406,47.11000061035156,6470,0.0,0.0
2024-10-02 14:35:00-04:00,47.08000183105469,47.11000061035156,47.04999923706055,47.09000015258789,5242,0.0,0.0
2024-10-02 14:40:00-04:00,47.06999969482422,47.13990020751953,47.06999969482422,47.13990020751953,4964,0.0,0.0
2024-10-02 14:45:00-04:00,47.08000183105469,47.130001068115234,47.06999969482422,47.099998474121094,3274,0.0,0.0
2024-10-02 14:50:00-04:00,47.06999969482422,47.109901428222656,47.060001373291016,47.109901428222656,5145,0.0,0.0
2024-10-02 14:55:00-04:00,47.130001068115234,47.13999938964844,47.1150016784668,47.125,3137,0.0,0.0
2024-10-02 15:00:00-04:00,47.13999938964844,47.13999938964844,47.099998474121094,47.13999938964844,4346,0.0,0.0
2024-10-02 15:05:00-04:00,47.06999969482422,47.11000061035156,47.06999969482422,47.08000183105469,5156,0.0,0.0
2024-10-02 15:10:00-04:00,47.119998931884766,47.119998931884766,47.08000183105469,47.11000061035156,3558,0.0,0.0
2024-10-02 15:15:00-04:00,47.099998474121094,47.099998474121094,47.0,47.040000915527344,8662,0.0,0.0
2024-10-02 15:20:00-04:00,47.040000915527344,47.130001068115234,47.0,47.066001892089844,8845,0.0,0.0
2024-10-02 15:25:00-04:00,47.095001220703125,47.220001220703125,47.095001220703125,47.220001220703125,4928,0.0,0.0
2024-10-02 15:30:00-04:00,47.16999816894531,47.209999084472656,47.13999938964844,47.209999084472656,9719,0.0,0.0
2024-10-02 15:35:00-04:00,47.19499969482422,47.29499816894531,47.19499969482422,47.2599983215332,13398,0.0,0.0
2024-10-02 15:40:00-04:00,47.2400016784668,47.41999816894531,47.220001220703125,47.400001525878906,12814,0.0,0.0
2024-10-02 15:45:00-04:00,47.36000061035156,47.369998931884766,47.095001220703125,47.15999984741211,23539,0.0,0.0
2024-10-02 15:50:00-04:00,47.13999938964844,47.189998626708984,47.06010055541992,47.13999938964844,41620,0.0,0.0
2024-10-02 15:55:00-04:00,47.119998931884766,47.400001525878906,47.119998931884766,47.18000030517578,102102,0.0,0.0
2024-10-03 09:30:00-04:00,46.349998474121094,46.84749984741211,46.349998474121094,46.65999984741211,37957,0.0,0.0
2024-10-03 09:35:00-04:00,46.88999938964844,46.88999938964844,46.349998474121094,46.349998474121094,2366,0.0,0.0
2024-10-03 09:40:00-04:00,46.430999755859375,46.54999923706055,46.13249969482422,46.459999084472656,3241,0.0,0.0
2024-10-03 09:45:00-04:00,46.38999938964844,46.38999938964844,46.060001373291016,46.060001373291016,2305,0.0,0.0
2024-10-03 09:50:00-04:00,46.150001525878906,46.150001525878906,45.92070007324219,45.9900016784668,17775,0.0,0.0
2024-10-03 09:55:00-04:00,46.08000183105469,46.244998931884766,45.962501525878906,45.962501525878906,3658,0.0,0.0
2024-10-03 10:00:00-04:00,46.05350112915039,46.419898986816406,46.05350112915039,46.314998626708984,2433,0.0,0.0
2024-10-03 10:05:00-04:00,46.40999984741211,46.529998779296875,46.2599983215332,46.30500030517578,5271,0.0,0.0
2024-10-03 10:10:00-04:00,46.529998779296875,46.529998779296875,46.220001220703125,46.220001220703125,7902,0.0,0.0
2024-10-03 10:15:00-04:00,46.40999984741211,46.56999969482422,46.34000015258789,46.3849983215332,5473,0.0,0.0
2024-10-03 10:20:00-04:00,46.39500045776367,46.47999954223633,46.275001525878906,46.275001525878906,3115,0.0,0.0
2024-10-03 10:25:00-04:00,46.310001373291016,46.41999816894531,46.25,46.41999816894531,6094,0.0,0.0
2024-10-03 10:30:00-04:00,46.345001220703125,46.68000030517578,46.34000015258789,46.68000030517578,3831,0.0,0.0
2024-10-03 10:35:00-04:00,46.54999923706055,46.560001373291016,46.380001068115234,46.40999984741211,3735,0.0,0.0
2024-10-03 10:40:00-04:00,46.3650016784668,46.3650016784668,46.27000045776367,46.279998779296875,2835,0.0,0.0
2024-10-03 10:45:00-04:00,46.220001220703125,46.47999954223633,46.220001220703125,46.349998474121094,2802,0.0,0.0
2024-10-03 10:50:00-04:00,46.22999954223633,46.36000061035156,46.22999954223633,46.25,3022,0.0,0.0
2024-10-03 10:55:00-04:00,46.25,46.349998474121094,46.2400016784668,46.244998931884766,10366,0.0,0.0
2024-10-03 11:00:00-04:00,46.28499984741211,46.349998474121094,46.28499984741211,46.29499816894531,2781,0.0,0.0
2024-10-03 11:05:00-04:00,46.29999923706055,46.56999969482422,46.29999923706055,46.47249984741211,3555,0.0,0.0
2024-10-03 11:10:00-04:00,46.439998626708984,46.52000045776367,46.380001068115234,46.52000045776367,2520,0.0,0.0
2024-10-03 11:15:00-04:00,46.505001068115234,46.560001373291016,46.48500061035156,46.4900016784668,3417,0.0,0.0
2024-10-03 11:20:00-04:00,46.4900016784668,46.630001068115234,46.48500061035156,46.560001373291016,3368,0.0,0.0
2024-10-03 11:25:00-04:00,46.54999923706055,46.54999923706055,46.43000030517578,46.43000030517578,2897,0.0,0.0
2024-10-03 11:30:00-04:00,46.49580001831055,46.49580001831055,46.42499923706055,46.42499923706055,1596,0.0,0.0
2024-10-03 11:35:00-04:00,46.40999984741211,46.459999084472656,46.40999984741211,46.439998626708984,1262,0.0,0.0
2024-10-03 11:40:00-04:00,46.45500183105469,46.45500183105469,46.45500183105469,46.45500183105469,1418,0.0,0.0
2024-10-03 11:45:00-04:00,46.53499984741211,46.599998474121094,46.5099983215332,46.599998474121094,3988,0.0,0.0
2024-10-03 11:50:00-04:00,46.630001068115234,46.630001068115234,46.630001068115234,46.630001068115234,624,0.0,0.0
2024-10-03 11:55:00-04:00,46.68000030517578,46.68000030517578,46.61000061035156,46.63999938964844,3576,0.0,0.0
2024-10-03 12:00:00-04:00,46.654998779296875,46.66999816894531,46.61000061035156,46.66999816894531,2216,0.0,0.0
2024-10-03 12:05:00-04:00,46.66999816894531,46.70000076293945,46.63199996948242,46.70000076293945,3280,0.0,0.0
2024-10-03 12:10:00-04:00,46.779998779296875,46.779998779296875,46.7400016784668,46.75,2804,0.0,0.0
2024-10-03 12:15:00-04:00,46.77000045776367,46.86750030517578,46.77000045776367,46.81999969482422,4060,0.0,0.0
2024-10-03 12:20:00-04:00,46.84000015258789,46.91109848022461,46.83000183105469,46.869998931884766,6374,0.0,0.0
2024-10-03 12:25:00-04:00,46.81999969482422,46.81999969482422,46.81999969482422,46.81999969482422,1962,0.0,0.0
2024-10-03 12:30:00-04:00,46.75,46.84000015258789,46.75,46.79999923706055,2592,0.0,0.0
2024-10-03 12:35:00-04:00,46.759498596191406,46.959999084472656,46.75,46.959999084472656,8761,0.0,0.0
2024-10-03 12:40:00-04:00,46.91999816894531,46.92499923706055,46.82619857788086,46.82619857788086,2615,0.0,0.0
2024-10-03 12:45:00-04:00,46.88999938964844,46.88999938964844,46.810001373291016,46.810001373291016,2229,0.0,0.0
2024-10-03 12:50:00-04:00,46.790000915527344,46.790000915527344,46.75,46.779998779296875,2963,0.0,0.0
2024-10-03 12:55:00-04:00,46.75600051879883,46.86000061035156,46.75,46.75,5877,0.0,0.0
2024-10-03 13:00:00-04:00,46.75450134277344,46.75450134277344,46.75,46.75,3739,0.0,0.0
2024-10-03 13:05:00-04:00,46.7599983215332,46.79750061035156,46.720001220703125,46.79750061035156,6459,0.0,0.0
2024-10-03 13:15:00-04:00,46.75,46.78499984741211,46.75,46.78499984741211,2140,0.0,0.0
2024-10-03 13:20:00-04:00,46.810001373291016,46.869998931884766,46.810001373291016,46.82500076293945,3597,0.0,0.0
2024-10-03 13:25:00-04:00,46.76390075683594,46.83000183105469,46.75,46.775001525878906,3753,0.0,0.0
2024-10-03 13:30:00-04:00,46.75,46.849998474121094,46.75,46.83000183105469,3936,0.0,0.0
2024-10-03 13:35:00-04:00,46.814998626708984,46.814998626708984,46.75,46.779998779296875,7011,0.0,0.0
2024-10-03 13:40:00-04:00,46.790000915527344,46.79999923706055,46.75,46.78499984741211,4899,0.0,0.0
2024-10-03 13:45:00-04:00,46.78499984741211,46.83100128173828,46.775001525878906,46.82500076293945,3439,0.0,0.0
2024-10-03 13:50:00-04:00,46.79999923706055,47.03499984741211,46.79999923706055,47.025001525878906,15774,0.0,0.0
2024-10-03 13:55:00-04:00,47.02000045776367,47.09339904785156,47.02000045776367,47.09339904785156,7454,0.0,0.0
2024-10-03 14:00:00-04:00,47.09000015258789,47.09000015258789,47.04999923706055,47.084999084472656,5912,0.0,0.0
2024-10-03 14:05:00-04:00,47.09000015258789,47.13999938964844,47.09000015258789,47.125,8457,0.0,0.0
2024-10-03 14:10:00-04:00,47.15999984741211,47.15999984741211,47.099998474121094,47.125,5208,0.0,0.0
2024-10-03 14:15:00-04:00,47.15999984741211,47.189998626708984,47.15999984741211,47.189998626708984,3415,0.0,0.0
2024-10-03 14:20:00-04:00,47.19499969482422,47.19499969482422,47.09000015258789,47.125,7829,0.0,0.0
2024-10-03 14:25:00-04:00,47.125,47.15999984741211,47.060001373291016,47.11000061035156,3600,0.0,0.0
2024-10-03 14:30:00-04:00,47.11000061035156,47.16999816894531,47.09000015258789,47.15999984741211,3729,0.0,0.0
2024-10-03 14:35:00-04:00,47.165000915527344,47.189998626708984,47.165000915527344,47.165000915527344,2052,0.0,0.0
2024-10-03 14:40:00-04:00,47.189998626708984,47.2599983215332,47.15999984741211,47.15999984741211,12940,0.0,0.0
2024-10-03 14:45:00-04:00,47.060001373291016,47.11000061035156,46.9900016784668,47.02000045776367,4659,0.0,0.0
2024-10-03 14:50:00-04:00,47.0,47.04999923706055,46.9900016784668,47.0,4141,0.0,0.0
2024-10-03 14:55:00-04:00,47.0,47.08000183105469,46.98749923706055,47.0099983215332,10630,0.0,0.0
2024-10-03 15:00:00-04:00,47.0,47.060001373291016,46.9900016784668,47.060001373291016,18531,0.0,0.0
2024-10-03 15:05:00-04:00,47.03499984741211,47.05099868774414,47.03499984741211,47.05099868774414,661,0.0,0.0
2024-10-03 15:10:00-04:00,47.0,47.0,46.970001220703125,46.97999954223633,7350,0.0,0.0
2024-10-03 15:15:00-04:00,46.97999954223633,47.0,46.97999954223633,47.0,4584,0.0,0.0
2024-10-03 15:20:00-04:00,46.97999954223633,47.04999923706055,46.95000076293945,47.0099983215332,33074,0.0,0.0
2024-10-03 15:25:00-04:00,46.9900016784668,47.0,46.95000076293945,47.0,20959,0.0,0.0
2024-10-03 15:30:00-04:00,46.97999954223633,46.97999954223633,46.18000030517578,46.209999084472656,32587,0.0,0.0
2024-10-03 15:35:00-04:00,46.220001220703125,46.292701721191406,46.150001525878906,46.290000915527344,13536,0.0,0.0
2024-10-03 15:40:00-04:00,46.275001525878906,46.279998779296875,46.189998626708984,46.279998779296875,11439,0.0,0.0
2024-10-03 15:45:00-04:00,46.209999084472656,46.369998931884766,46.209999084472656,46.32500076293945,12726,0.0,0.0
2024-10-03 15:50:00-04:00,46.29999923706055,46.380001068115234,46.220001220703125,46.22999954223633,24067,0.0,0.0
2024-10-03 15:55:00-04:00,46.21500015258789,46.36000061035156,46.130001068115234,46.150001525878906,51074,0.0,0.0
2024-10-04 09:30:00-04:00,47.31999969482422,47.31999969482422,46.93629837036133,46.93629837036133,6621,0.0,0.0
2024-10-04 09:35:00-04:00,47.099998474121094,47.12630081176758,47.06999969482422,47.12630081176758,821,0.0,0.0
2024-10-04 09:40:00-04:00,47.05500030517578,47.099998474121094,47.05500030517578,47.06999969482422,3309,0.0,0.0
2024-10-04 09:45:00-04:00,47.150001525878906,47.189998626708984,47.09000015258789,47.099998474121094,2425,0.0,0.0
2024-10-04 09:50:00-04:00,47.02000045776367,47.02000045776367,46.7400016784668,46.7400016784668,3687,0.0,0.0
2024-10-04 09:55:00-04:00,46.755001068115234,46.755001068115234,46.41999816894531,46.56999969482422,2469,0.0,0.0
2024-10-04 10:00:00-04:00,46.470001220703125,46.55500030517578,46.470001220703125,46.55500030517578,656,0.0,0.0
2024-10-04 10:05:00-04:00,46.55500030517578,46.55500030517578,46.130001068115234,46.146400451660156,23115,0.0,0.0
2024-10-04 10:10:00-04:00,46.150001525878906,46.404998779296875,46.14500045776367,46.404998779296875,6116,0.0,0.0
2024-10-04 10:15:00-04:00,46.36000061035156,46.59000015258789,46.36000061035156,46.56999969482422,3705,0.0,0.0
2024-10-04 10:20:00-04:00,46.38999938964844,46.40999984741211,46.310001373291016,46.310001373291016,4901,0.0,0.0
2024-10-04 10:25:00-04:00,46.310001373291016,46.33000183105469,46.130001068115234,46.17499923706055,6281,0.0,0.0
2024-10-04 10:30:00-04:00,46.16699981689453,46.16699981689453,46.16699981689453,46.16699981689453,2399,0.0,0.0
2024-10-04 10:35:00-04:00,46.18000030517578,46.18000030517578,46.099998474121094,46.150001525878906,2807,0.0,0.0
2024-10-04 10:40:00-04:00,46.2400016784668,46.290000915527344,46.2400016784668,46.290000915527344,772,0.0,0.0
2024-10-04 10:45:00-04:00,46.31100082397461,46.435001373291016,46.31100082397461,46.320098876953125,3795,0.0,0.0
2024-10-04 10:50:00-04:00,46.525001525878906,46.525001525878906,46.525001525878906,46.525001525878906,528,0.0,0.0
2024-10-04 10:55:00-04:00,46.625,46.689998626708984,46.625,46.689998626708984,1391,0.0,0.0
2024-10-04 11:00:00-04:00,46.650001525878906,46.650001525878906,46.540000915527344,46.57500076293945,4414,0.0,0.0
2024-10-04 11:05:00-04:00,46.58000183105469,46.63999938964844,46.52000045776367,46.63999938964844,2427,0.0,0.0
2024-10-04 11:10:00-04:00,46.61000061035156,46.71500015258789,46.59049987792969,46.71500015258789,5935,0.0,0.0
2024-10-04 11:15:00-04:00,46.65999984741211,46.7599983215332,46.650001525878906,46.7599983215332,2202,0.0,0.0
2024-10-04 11:20:00-04:00,46.70000076293945,46.70000076293945,46.430301666259766,46.430301666259766,4793,0.0,0.0
2024-10-04 11:25:00-04:00,46.54999923706055,46.709999084472656,46.54999923706055,46.709999084472656,2466,0.0,0.0
2024-10-04 11:30:00-04:00,46.775001525878906,46.86000061035156,46.74800109863281,46.86000061035156,1886,0.0,0.0
2024-10-04 11:35:00-04:00,46.875,46.875,46.87289810180664,46.87289810180664,985,0.0,0.0
2024-10-04 11:40:00-04:00,46.8849983215332,47.06999969482422,46.8849983215332,47.06999969482422,4081,0.0,0.0
2024-10-04 11:45:00-04:00,47.025001525878906,47.2400016784668,47.025001525878906,47.19499969482422,3386,0.0,0.0
2024-10-04 11:50:00-04:00,47.22999954223633,47.459999084472656,47.22999954223633,47.459999084472656,5111,0.0,0.0
2024-10-04 11:55:00-04:00,47.529998779296875,47.540000915527344,47.459999084472656,47.53499984741211,5682,0.0,0.0
2024-10-04 12:00:00-04:00,47.5,47.5,47.3474006652832,47.3474006652832,3984,0.0,0.0
2024-10-04 12:05:00-04:00,47.38460159301758,47.529998779296875,47.38460159301758,47.529998779296875,3437,0.0,0.0
2024-10-04 12:10:00-04:00,47.494998931884766,47.5099983215332,47.494998931884766,47.494998931884766,1227,0.0,0.0
2024-10-04 12:15:00-04:00,47.529998779296875,47.599998474121094,47.529998779296875,47.59000015258789,3475,0.0,0.0
2024-10-04 12:20:00-04:00,47.630001068115234,47.630001068115234,47.5,47.560001373291016,3368,0.0,0.0
2024-10-04 12:25:00-04:00,47.5098991394043,47.529998779296875,47.470001220703125,47.49250030517578,4019,0.0,0.0
2024-10-04 12:30:00-04:00,47.5099983215332,47.52000045776367,47.38999938964844,47.52000045776367,3756,0.0,0.0
2024-10-04 12:35:00-04:00,47.58000183105469,47.689998626708984,47.49190139770508,47.689998626708984,1654,0.0,0.0
2024-10-04 12:40:00-04:00,47.689998626708984,47.75,47.689998626708984,47.75,2727,0.0,0.0
2024-10-04 12:45:00-04:00,47.75,47.84000015258789,47.73540115356445,47.81999969482422,2325,0.0,0.0
2024-10-04 12:50:00-04:00,47.83000183105469,47.880001068115234,47.814998626708984,47.880001068115234,4163,0.0,0.0
2024-10-04 12:55:00-04:00,47.900001525878906,47.959999084472656,47.790000915527344,47.790000915527344,5055,0.0,0.0
2024-10-04 13:00:00-04:00,47.7400016784668,47.77000045776367,47.7400016784668,47.77000045776367,1424,0.0,0.0
2024-10-04 13:05:00-04:00,47.7400016784668,47.7599983215332,47.709999084472656,47.720001220703125,10440,0.0,0.0
2024-10-04 13:10:00-04:00,47.63999938964844,47.665000915527344,47.540000915527344,47.57149887084961,2760,0.0,0.0
2024-10-04 13:15:00-04:00,47.61000061035156,47.619998931884766,47.59000015258789,47.619998931884766,1291,0.0,0.0
2024-10-04 13:20:00-04:00,47.58000183105469,47.58000183105469,47.51499938964844,47.51499938964844,1550,0.0,0.0
2024-10-04 13:25:00-04:00,47.4900016784668,47.4900016784668,47.41529846191406,47.4900016784668,7008,0.0,0.0
2024-10-04 13:30:00-04:00,47.43000030517578,47.49720001220703,47.2400016784668,47.31449890136719,11205,0.0,0.0
2024-10-04 13:35:00-04:00,47.2400016784668,47.35499954223633,47.220001220703125,47.35499954223633,2967,0.0,0.0
2024-10-04 13:40:00-04:00,47.43000030517578,47.43000030517578,47.39500045776367,47.39500045776367,1513,0.0,0.0
2024-10-04 13:45:00-04:00,47.36009979248047,47.400001525878906,47.314998626708984,47.34000015258789,3100,0.0,0.0
2024-10-04 13:50:00-04:00,47.29499816894531,47.29499816894531,47.22999954223633,47.27000045776367,3519,0.0,0.0
2024-10-04 13:55:00-04:00,47.23830032348633,47.27000045776367,47.18989944458008,47.18989944458008,1977,0.0,0.0
2024-10-04 14:00:00-04:00,47.18000030517578,47.20000076293945,47.130001068115234,47.17499923706055,4986,0.0,0.0
2024-10-04 14:05:00-04:00,47.18000030517578,47.22999954223633,47.165000915527344,47.21500015258789,4468,0.0,0.0
2024-10-04 14:10:00-04:00,47.22999954223633,47.2400016784668,47.130001068115234,47.16999816894531,3809,0.0,0.0
2024-10-04 14:15:00-04:00,47.150001525878906,47.150001525878906,47.150001525878906,47.150001525878906,2264,0.0,0.0
2024-10-04 14:20:00-04:00,47.18000030517578,47.220001220703125,47.14500045776367,47.18000030517578,1845,0.0,0.0
2024-10-04 14:25:00-04:00,47.13999938964844,47.13999938964844,46.97999954223633,46.97999954223633,4125,0.0,0.0
2024-10-04 14:30:00-04:00,46.97999954223633,47.0099983215332,46.97999954223633,47.0099983215332,3010,0.0,0.0
2024-10-04 14:35:00-04:00,47.04999923706055,47.04999923706055,46.93000030517578,47.04999923706055,4893,0.0,0.0
2024-10-04 14:40:00-04:00,47.119998931884766,47.189998626708984,47.11000061035156,47.150001525878906,3158,0.0,0.0
2024-10-04 14:45:00-04:00,47.11000061035156,47.130001068115234,47.09000015258789,47.11000061035156,3328,0.0,0.0
2024-10-04 14:50:00-04:00,47.119998931884766,47.130001068115234,47.09000015258789,47.1150016784668,3368,0.0,0.0
2024-10-04 14:55:00-04:00,47.119998931884766,47.119998931884766,47.08000183105469,47.11000061035156,4918,0.0,0.0
2024-10-04 15:00:00-04:00,47.06999969482422,47.25,47.05500030517578,47.20000076293945,7838,0.0,0.0
2024-10-04 15:05:00-04:00,47.198699951171875,47.220001220703125,47.15999984741211,47.220001220703125,4913,0.0,0.0
2024-10-04 15:10:00-04:00,47.2599983215332,47.2599983215332,47.18000030517578,47.20000076293945,3310,0.0,0.0
2024-10-04 15:15:00-04:00,47.25,47.27000045776367,47.220001220703125,47.2400016784668,4616,0.0,0.0
2024-10-04 15:20:00-04:00,47.27000045776367,47.45000076293945,47.27000045776367,47.415000915527344,5078,0.0,0.0
2024-10-04 15:25:00-04:00,47.38999938964844,47.51900100708008,47.38999938964844,47.51900100708008,7038,0.0,0.0
2024-10-04 15:30:00-04:00,47.47999954223633,47.47999954223633,47.32500076293945,47.349998474121094,11816,0.0,0.0
2024-10-04 15:35:00-04:00,47.334999084472656,47.334999084472656,47.22600173950195,47.26499938964844,7535,0.0,0.0
2024-10-04 15:40:00-04:00,47.24409866333008,47.470001220703125,47.24409866333008,47.470001220703125,12095,0.0,0.0
2024-10-04 15:45:00-04:00,47.5,47.52000045776367,47.255001068115234,47.255001068115234,19790,0.0,0.0
2024-10-04 15:50:00-04:00,47.279998779296875,47.435001373291016,47.2400016784668,47.400001525878906,22116,0.0,0.0
2024-10-04 15:55:00-04:00,47.3650016784668,47.40999984741211,47.29999923706055,47.38999938964844,41175,0.0,0.0
