Datetime,Open,High,Low,Close,Volume,Dividends,Stock Splits,Capital Gains
2024-09-06 09:30:00-04:00,42.13999938964844,42.16999816894531,42.13999938964844,42.16999816894531,0,0.0,0.0,0.0
2024-09-06 09:35:00-04:00,42.150001525878906,42.150001525878906,42.150001525878906,42.150001525878906,325,0.0,0.0,0.0
2024-09-06 09:40:00-04:00,42.099998474121094,42.16999816894531,42.099998474121094,42.16999816894531,927,0.0,0.0,0.0
2024-09-06 09:45:00-04:00,42.16999816894531,42.18000030517578,42.165000915527344,42.16999816894531,1827,0.0,0.0,0.0
2024-09-06 09:50:00-04:00,42.16999816894531,42.17499923706055,42.130001068115234,42.130001068115234,4943,0.0,0.0,0.0
2024-09-06 09:55:00-04:00,42.13999938964844,42.14500045776367,42.1150016784668,42.119998931884766,4231,0.0,0.0,0.0
2024-09-06 10:00:00-04:00,42.095001220703125,42.125,42.084999084472656,42.119998931884766,4550,0.0,0.0,0.0
2024-09-06 10:05:00-04:00,42.11000061035156,42.11000061035156,42.099998474121094,42.099998474121094,3364,0.0,0.0,0.0
2024-09-06 10:10:00-04:00,42.099998474121094,42.11000061035156,42.095001220703125,42.099998474121094,3738,0.0,0.0,0.0
2024-09-06 10:15:00-04:00,42.099998474121094,42.11000061035156,42.07500076293945,42.08000183105469,4615,0.0,0.0,0.0
2024-09-06 10:20:00-04:00,42.09000015258789,42.1150016784668,42.060001373291016,42.060001373291016,5958,0.0,0.0,0.0
2024-09-06 10:25:00-04:00,42.05500030517578,42.05500030517578,42.025001525878906,42.025001525878906,3413,0.0,0.0,0.0
2024-09-06 10:30:00-04:00,42.025001525878906,42.029998779296875,42.0,42.005001068115234,10210,0.0,0.0,0.0
2024-09-06 10:35:00-04:00,42.0,42.02000045776367,41.9900016784668,42.01499938964844,3226,0.0,0.0,0.0
2024-09-06 10:40:00-04:00,42.01499938964844,42.01499938964844,41.974998474121094,41.974998474121094,3116,0.0,0.0,0.0
2024-09-06 10:45:00-04:00,41.970001220703125,41.970001220703125,41.95500183105469,41.95500183105469,4892,0.0,0.0,0.0
2024-09-06 10:50:00-04:00,41.95500183105469,41.959999084472656,41.95500183105469,41.95500183105469,1455,0.0,0.0,0.0
2024-09-06 10:55:00-04:00,41.95500183105469,41.959999084472656,41.95500183105469,41.959999084472656,6957,0.0,0.0,0.0
2024-09-06 11:00:00-04:00,41.95500183105469,42.005001068115234,41.94499969482422,41.94499969482422,28394,0.0,0.0,0.0
2024-09-06 11:05:00-04:00,41.94499969482422,41.970001220703125,41.92499923706055,41.935001373291016,10168,0.0,0.0,0.0
2024-09-06 11:10:00-04:00,41.935001373291016,41.939998626708984,41.90999984741211,41.90999984741211,21425,0.0,0.0,0.0
2024-09-06 11:15:00-04:00,41.915000915527344,41.915000915527344,41.880001068115234,41.880001068115234,14091,0.0,0.0,0.0
2024-09-06 11:20:00-04:00,41.875,41.88999938964844,41.875,41.88999938964844,7079,0.0,0.0,0.0
2024-09-06 11:25:00-04:00,41.869998931884766,41.875,41.8650016784668,41.8650016784668,5938,0.0,0.0,0.0
2024-09-06 11:30:00-04:00,41.8650016784668,41.900001525878906,41.8650016784668,41.88999938964844,8354,0.0,0.0,0.0
2024-09-06 11:35:00-04:00,41.880001068115234,41.88999938964844,41.869998931884766,41.8849983215332,6406,0.0,0.0,0.0
2024-09-06 11:40:00-04:00,41.8849983215332,41.8849983215332,41.869998931884766,41.875,5587,0.0,0.0,0.0
2024-09-06 11:45:00-04:00,41.875,41.875,41.85499954223633,41.86000061035156,3833,0.0,0.0,0.0
2024-09-06 11:50:00-04:00,41.869998931884766,41.869998931884766,41.849998474121094,41.86000061035156,5145,0.0,0.0,0.0
2024-09-06 11:55:00-04:00,41.86000061035156,41.8849983215332,41.86000061035156,41.8849983215332,3634,0.0,0.0,0.0
2024-09-06 12:00:00-04:00,41.880001068115234,41.880001068115234,41.845001220703125,41.845001220703125,5650,0.0,0.0,0.0
2024-09-06 12:05:00-04:00,41.845001220703125,41.86000061035156,41.845001220703125,41.86000061035156,9136,0.0,0.0,0.0
2024-09-06 12:10:00-04:00,41.849998474121094,41.849998474121094,41.84000015258789,41.845001220703125,2845,0.0,0.0,0.0
2024-09-06 12:15:00-04:00,41.845001220703125,41.84870147705078,41.84000015258789,41.84000015258789,5931,0.0,0.0,0.0
2024-09-06 12:20:00-04:00,41.84000015258789,41.845001220703125,41.83000183105469,41.845001220703125,9602,0.0,0.0,0.0
2024-09-06 12:25:00-04:00,41.845001220703125,41.85499954223633,41.845001220703125,41.845001220703125,3073,0.0,0.0,0.0
2024-09-06 12:30:00-04:00,41.84000015258789,41.84000015258789,41.81999969482422,41.834999084472656,4561,0.0,0.0,0.0
2024-09-06 12:35:00-04:00,41.834999084472656,41.85499954223633,41.834999084472656,41.84000015258789,3223,0.0,0.0,0.0
2024-09-06 12:40:00-04:00,41.81999969482422,41.81999969482422,41.810001373291016,41.814998626708984,2322,0.0,0.0,0.0
2024-09-06 12:45:00-04:00,41.80500030517578,41.810001373291016,41.790000915527344,41.790000915527344,7328,0.0,0.0,0.0
2024-09-06 12:50:00-04:00,41.79499816894531,41.79999923706055,41.790000915527344,41.79499816894531,3964,0.0,0.0,0.0
2024-09-06 12:55:00-04:00,41.79999923706055,41.834999084472656,41.790000915527344,41.834999084472656,6534,0.0,0.0,0.0
2024-09-06 13:00:00-04:00,41.83000183105469,41.83000183105469,41.80500030517578,41.81999969482422,5090,0.0,0.0,0.0
2024-09-06 13:05:00-04:00,41.810001373291016,41.84000015258789,41.810001373291016,41.84000015258789,4646,0.0,0.0,0.0
2024-09-06 13:10:00-04:00,41.834999084472656,41.84000015258789,41.834999084472656,41.834999084472656,2536,0.0,0.0,0.0
2024-09-06 13:15:00-04:00,41.834999084472656,41.834999084472656,41.81999969482422,41.81999969482422,2504,0.0,0.0,0.0
2024-09-06 13:20:00-04:00,41.82500076293945,41.875,41.82500076293945,41.85499954223633,17391,0.0,0.0,0.0
2024-09-06 13:25:00-04:00,41.834999084472656,41.849998474121094,41.834999084472656,41.834999084472656,1486,0.0,0.0,0.0
2024-09-06 13:30:00-04:00,41.83000183105469,41.849998474121094,41.82500076293945,41.849998474121094,8088,0.0,0.0,0.0
2024-09-06 13:35:00-04:00,41.849998474121094,41.849998474121094,41.82500076293945,41.82500076293945,2228,0.0,0.0,0.0
2024-09-06 13:40:00-04:00,41.81999969482422,41.81999969482422,41.810001373291016,41.810001373291016,2963,0.0,0.0,0.0
2024-09-06 13:45:00-04:00,41.810001373291016,41.814998626708984,41.80500030517578,41.810001373291016,2416,0.0,0.0,0.0
2024-09-06 13:50:00-04:00,41.80500030517578,41.82500076293945,41.79999923706055,41.82500076293945,6619,0.0,0.0,0.0
2024-09-06 13:55:00-04:00,41.82500076293945,41.849998474121094,41.81999969482422,41.81999969482422,3776,0.0,0.0,0.0
2024-09-06 14:00:00-04:00,41.814998626708984,41.814998626708984,41.80500030517578,41.80500030517578,2878,0.0,0.0,0.0
2024-09-06 14:05:00-04:00,41.79999923706055,41.80500030517578,41.79499816894531,41.79499816894531,2610,0.0,0.0,0.0
2024-09-06 14:10:00-04:00,41.79499816894531,41.81999969482422,41.790000915527344,41.814998626708984,7826,0.0,0.0,0.0
2024-09-06 14:15:00-04:00,41.81999969482422,41.81999969482422,41.80500030517578,41.80500030517578,1669,0.0,0.0,0.0
2024-09-06 14:20:00-04:00,41.80500030517578,41.80500030517578,41.790000915527344,41.80500030517578,5100,0.0,0.0,0.0
2024-09-06 14:25:00-04:00,41.80500030517578,41.80500030517578,41.79499816894531,41.79499816894531,2117,0.0,0.0,0.0
2024-09-06 14:30:00-04:00,41.79499816894531,41.79499816894531,41.78499984741211,41.78499984741211,4866,0.0,0.0,0.0
2024-09-06 14:35:00-04:00,41.790000915527344,41.790000915527344,41.76499938964844,41.76499938964844,6462,0.0,0.0,0.0
2024-09-06 14:40:00-04:00,41.76499938964844,41.77000045776367,41.7599983215332,41.76499938964844,4514,0.0,0.0,0.0
2024-09-06 14:45:00-04:00,41.77000045776367,41.79999923706055,41.7599983215332,41.76499938964844,7558,0.0,0.0,0.0
2024-09-06 14:50:00-04:00,41.7599983215332,41.7599983215332,41.755001068115234,41.755001068115234,2518,0.0,0.0,0.0
2024-09-06 14:55:00-04:00,41.755001068115234,41.775001525878906,41.755001068115234,41.7599983215332,8360,0.0,0.0,0.0
2024-09-06 15:00:00-04:00,41.7599983215332,41.77000045776367,41.755001068115234,41.77000045776367,7155,0.0,0.0,0.0
2024-09-06 15:05:00-04:00,41.77000045776367,41.790000915527344,41.7599983215332,41.77000045776367,12740,0.0,0.0,0.0
2024-09-06 15:10:00-04:00,41.76499938964844,41.76499938964844,41.76499938964844,41.76499938964844,2059,0.0,0.0,0.0
2024-09-06 15:15:00-04:00,41.76499938964844,41.76499938964844,41.7599983215332,41.7599983215332,3469,0.0,0.0,0.0
2024-09-06 15:20:00-04:00,41.7599983215332,41.77000045776367,41.7599983215332,41.76499938964844,5756,0.0,0.0,0.0
2024-09-06 15:25:00-04:00,41.7599983215332,41.79999923706055,41.7599983215332,41.76499938964844,17037,0.0,0.0,0.0
2024-09-06 15:30:00-04:00,41.76499938964844,41.77000045776367,41.7599983215332,41.7599983215332,5234,0.0,0.0,0.0
2024-09-06 15:35:00-04:00,41.7599983215332,41.76499938964844,41.75,41.755001068115234,8937,0.0,0.0,0.0
2024-09-06 15:40:00-04:00,41.75,41.755001068115234,41.75,41.75,7002,0.0,0.0,0.0
2024-09-06 15:45:00-04:00,41.755001068115234,41.775001525878906,41.744998931884766,41.775001525878906,26433,0.0,0.0,0.0
2024-09-06 15:50:00-04:00,41.775001525878906,41.779998779296875,41.744998931884766,41.744998931884766,17438,0.0,0.0,0.0
2024-09-06 15:55:00-04:00,41.744998931884766,41.7599983215332,41.72999954223633,41.755001068115234,39477,0.0,0.0,0.0
2024-09-09 09:30:00-04:00,41.66999816894531,41.849998474121094,41.66999816894531,41.720001220703125,4293,0.0,0.0,0.0
2024-09-09 09:35:00-04:00,41.720001220703125,41.72999954223633,41.66999816894531,41.69499969482422,11514,0.0,0.0,0.0
2024-09-09 09:40:00-04:00,41.689998626708984,41.689998626708984,41.650001525878906,41.68000030517578,4105,0.0,0.0,0.0
2024-09-09 09:45:00-04:00,41.66999816894531,41.689998626708984,41.66999816894531,41.689998626708984,2482,0.0,0.0,0.0
2024-09-09 09:50:00-04:00,41.70000076293945,41.70000076293945,41.689998626708984,41.689998626708984,2567,0.0,0.0,0.0
2024-09-09 09:55:00-04:00,41.70000076293945,41.720001220703125,41.70000076293945,41.709999084472656,3929,0.0,0.0,0.0
2024-09-09 10:00:00-04:00,41.720001220703125,41.720001220703125,41.709999084472656,41.71500015258789,3534,0.0,0.0,0.0
2024-09-09 10:05:00-04:00,41.709999084472656,41.71500015258789,41.709999084472656,41.71500015258789,847,0.0,0.0,0.0
2024-09-09 10:10:00-04:00,41.720001220703125,41.720001220703125,41.70000076293945,41.70000076293945,12068,0.0,0.0,0.0
2024-09-09 10:15:00-04:00,41.70000076293945,41.70000076293945,41.650001525878906,41.654998779296875,10906,0.0,0.0,0.0
2024-09-09 10:20:00-04:00,41.65250015258789,41.654998779296875,41.6349983215332,41.6349983215332,6293,0.0,0.0,0.0
2024-09-09 10:25:00-04:00,41.6349983215332,41.67499923706055,41.6349983215332,41.65999984741211,12988,0.0,0.0,0.0
2024-09-09 10:30:00-04:00,41.665000915527344,41.66999816894531,41.63999938964844,41.66999816894531,5417,0.0,0.0,0.0
2024-09-09 10:35:00-04:00,41.66999816894531,41.67499923706055,41.65999984741211,41.65999984741211,2804,0.0,0.0,0.0
2024-09-09 10:40:00-04:00,41.654998779296875,41.654998779296875,41.654998779296875,41.654998779296875,1000,0.0,0.0,0.0
2024-09-09 10:45:00-04:00,41.650001525878906,41.665000915527344,41.650001525878906,41.665000915527344,4663,0.0,0.0,0.0
2024-09-09 10:50:00-04:00,41.66999816894531,41.66999816894531,41.66999816894531,41.66999816894531,2379,0.0,0.0,0.0
2024-09-09 10:55:00-04:00,41.68000030517578,41.68000030517578,41.650001525878906,41.650001525878906,5610,0.0,0.0,0.0
2024-09-09 11:00:00-04:00,41.650001525878906,41.66999816894531,41.64500045776367,41.65999984741211,6130,0.0,0.0,0.0
2024-09-09 11:05:00-04:00,41.65999984741211,41.689998626708984,41.65999984741211,41.689998626708984,1825,0.0,0.0,0.0
2024-09-09 11:10:00-04:00,41.689998626708984,41.689998626708984,41.665000915527344,41.665000915527344,1883,0.0,0.0,0.0
2024-09-09 11:15:00-04:00,41.650001525878906,41.650001525878906,41.650001525878906,41.650001525878906,2183,0.0,0.0,0.0
2024-09-09 11:20:00-04:00,41.65999984741211,41.689998626708984,41.65999984741211,41.68000030517578,6717,0.0,0.0,0.0
2024-09-09 11:25:00-04:00,41.67499923706055,41.70000076293945,41.67499923706055,41.69499969482422,0,0.0,0.0,0.0
2024-09-09 11:30:00-04:00,41.70000076293945,41.70500183105469,41.70000076293945,41.70000076293945,120441,0.0,0.0,0.0
2024-09-09 11:35:00-04:00,41.69499969482422,41.69499969482422,41.689998626708984,41.689998626708984,462,0.0,0.0,0.0
2024-09-09 11:40:00-04:00,41.685001373291016,41.70000076293945,41.685001373291016,41.69499969482422,1536,0.0,0.0,0.0
2024-09-09 11:45:00-04:00,41.71500015258789,41.71500015258789,41.70000076293945,41.71500015258789,822,0.0,0.0,0.0
2024-09-09 11:50:00-04:00,41.71500015258789,41.71500015258789,41.709999084472656,41.709999084472656,2453,0.0,0.0,0.0
2024-09-09 11:55:00-04:00,41.71500015258789,41.71500015258789,41.709999084472656,41.71500015258789,788,0.0,0.0,0.0
2024-09-09 12:00:00-04:00,41.720001220703125,41.72999954223633,41.70000076293945,41.70500183105469,17276,0.0,0.0,0.0
2024-09-09 12:05:00-04:00,41.709999084472656,41.7599983215332,41.709999084472656,41.720001220703125,63889,0.0,0.0,0.0
2024-09-09 12:10:00-04:00,41.724998474121094,41.744998931884766,41.724998474121094,41.7400016784668,6912,0.0,0.0,0.0
2024-09-09 12:15:00-04:00,41.744998931884766,41.775001525878906,41.744998931884766,41.775001525878906,10709,0.0,0.0,0.0
2024-09-09 12:20:00-04:00,41.77000045776367,41.81999969482422,41.77000045776367,41.810001373291016,18407,0.0,0.0,0.0
2024-09-09 12:25:00-04:00,41.810001373291016,41.83000183105469,41.810001373291016,41.83000183105469,11357,0.0,0.0,0.0
2024-09-09 12:30:00-04:00,41.834999084472656,41.849998474121094,41.83000183105469,41.849998474121094,10545,0.0,0.0,0.0
2024-09-09 12:35:00-04:00,41.845001220703125,41.85499954223633,41.834999084472656,41.834999084472656,7698,0.0,0.0,0.0
2024-09-09 12:40:00-04:00,41.849998474121094,41.86000061035156,41.849998474121094,41.86000061035156,2345,0.0,0.0,0.0
2024-09-09 12:45:00-04:00,41.85499954223633,41.85499954223633,41.849998474121094,41.85499954223633,7036,0.0,0.0,0.0
2024-09-09 12:50:00-04:00,41.869998931884766,41.880001068115234,41.86000061035156,41.880001068115234,12127,0.0,0.0,0.0
2024-09-09 12:55:00-04:00,41.8849983215332,41.88999938964844,41.8849983215332,41.88999938964844,5805,0.0,0.0,0.0
2024-09-09 13:00:00-04:00,41.88999938964844,41.900001525878906,41.880001068115234,41.8849983215332,14539,0.0,0.0,0.0
2024-09-09 13:05:00-04:00,41.88999938964844,41.900001525878906,41.8849983215332,41.88999938964844,6568,0.0,0.0,0.0
2024-09-09 13:10:00-04:00,41.89500045776367,41.89500045776367,41.89500045776367,41.89500045776367,2954,0.0,0.0,0.0
2024-09-09 13:15:00-04:00,41.89500045776367,41.915000915527344,41.8849983215332,41.915000915527344,10139,0.0,0.0,0.0
2024-09-09 13:20:00-04:00,41.915000915527344,41.915000915527344,41.90999984741211,41.90999984741211,2728,0.0,0.0,0.0
2024-09-09 13:25:00-04:00,41.904998779296875,41.90999984741211,41.904998779296875,41.90999984741211,4435,0.0,0.0,0.0
2024-09-09 13:30:00-04:00,41.90999984741211,41.90999984741211,41.904998779296875,41.904998779296875,9428,0.0,0.0,0.0
2024-09-09 13:35:00-04:00,41.904998779296875,41.90999984741211,41.904998779296875,41.90999984741211,7580,0.0,0.0,0.0
2024-09-09 13:40:00-04:00,41.90999984741211,41.91999816894531,41.900001525878906,41.904998779296875,16468,0.0,0.0,0.0
2024-09-09 13:45:00-04:00,41.904998779296875,41.904998779296875,41.904998779296875,41.904998779296875,2050,0.0,0.0,0.0
2024-09-09 13:50:00-04:00,41.900001525878906,41.900001525878906,41.88999938964844,41.88999938964844,4089,0.0,0.0,0.0
2024-09-09 13:55:00-04:00,41.88999938964844,41.88999938964844,41.849998474121094,41.849998474121094,7825,0.0,0.0,0.0
2024-09-09 14:00:00-04:00,41.849998474121094,41.875,41.849998474121094,41.875,2910,0.0,0.0,0.0
2024-09-09 14:05:00-04:00,41.875,41.875,41.86000061035156,41.86000061035156,6156,0.0,0.0,0.0
2024-09-09 14:10:00-04:00,41.8650016784668,41.8650016784668,41.86000061035156,41.8650016784668,2298,0.0,0.0,0.0
2024-09-09 14:15:00-04:00,41.869998931884766,41.880001068115234,41.869998931884766,41.880001068115234,3078,0.0,0.0,0.0
2024-09-09 14:20:00-04:00,41.880001068115234,41.880001068115234,41.875,41.880001068115234,2916,0.0,0.0,0.0
2024-09-09 14:25:00-04:00,41.880001068115234,41.88999938964844,41.875,41.8849983215332,16295,0.0,0.0,0.0
2024-09-09 14:30:00-04:00,41.880001068115234,41.88999938964844,41.880001068115234,41.8849983215332,3790,0.0,0.0,0.0
2024-09-09 14:35:00-04:00,41.88999938964844,41.88999938964844,41.880001068115234,41.8849983215332,5276,0.0,0.0,0.0
2024-09-09 14:40:00-04:00,41.880001068115234,41.91999816894531,41.875,41.875,24969,0.0,0.0,0.0
2024-09-09 14:45:00-04:00,41.875,41.875,41.875,41.875,153,0.0,0.0,0.0
2024-09-09 14:50:00-04:00,41.880001068115234,41.900001525878906,41.880001068115234,41.89500045776367,6886,0.0,0.0,0.0
2024-09-09 14:55:00-04:00,41.89500045776367,41.89500045776367,41.8650016784668,41.88999938964844,8777,0.0,0.0,0.0
2024-09-09 15:00:00-04:00,41.8849983215332,41.88999938964844,41.880001068115234,41.8849983215332,3059,0.0,0.0,0.0
2024-09-09 15:05:00-04:00,41.8849983215332,41.89500045776367,41.8849983215332,41.89500045776367,7086,0.0,0.0,0.0
2024-09-09 15:10:00-04:00,41.89500045776367,41.89500045776367,41.86000061035156,41.880001068115234,17832,0.0,0.0,0.0
2024-09-09 15:15:00-04:00,41.880001068115234,41.8849983215332,41.880001068115234,41.8849983215332,2511,0.0,0.0,0.0
2024-09-09 15:20:00-04:00,41.8849983215332,41.8849983215332,41.869998931884766,41.880001068115234,4424,0.0,0.0,0.0
2024-09-09 15:25:00-04:00,41.880001068115234,41.900001525878906,41.880001068115234,41.88999938964844,8427,0.0,0.0,0.0
2024-09-09 15:30:00-04:00,41.900001525878906,41.915000915527344,41.86000061035156,41.8650016784668,13681,0.0,0.0,0.0
2024-09-09 15:35:00-04:00,41.869998931884766,41.88999938964844,41.861698150634766,41.88999938964844,7886,0.0,0.0,0.0
2024-09-09 15:40:00-04:00,41.8849983215332,41.900001525878906,41.83000183105469,41.834999084472656,19990,0.0,0.0,0.0
2024-09-09 15:45:00-04:00,41.834999084472656,41.849998474121094,41.83000183105469,41.849998474121094,8768,0.0,0.0,0.0
2024-09-09 15:50:00-04:00,41.849998474121094,41.880001068115234,41.80500030517578,41.81999969482422,28202,0.0,0.0,0.0
2024-09-09 15:55:00-04:00,41.81999969482422,41.849998474121094,41.810001373291016,41.84000015258789,53617,0.0,0.0,0.0
2024-09-10 09:30:00-04:00,41.810001373291016,41.810001373291016,41.810001373291016,41.810001373291016,0,0.0,0.0,0.0
2024-09-10 09:35:00-04:00,41.790000915527344,41.790000915527344,41.790000915527344,41.790000915527344,106,0.0,0.0,0.0
2024-09-10 09:40:00-04:00,41.77000045776367,41.77000045776367,41.75,41.75,358,0.0,0.0,0.0
2024-09-10 09:45:00-04:00,41.7599983215332,41.7599983215332,41.7400016784668,41.7400016784668,1025,0.0,0.0,0.0
2024-09-10 09:50:00-04:00,41.72999954223633,41.75,41.72999954223633,41.75,0,0.0,0.0,0.0
2024-09-10 09:55:00-04:00,41.7599983215332,41.7599983215332,41.75,41.7599983215332,6789,0.0,0.0,0.0
2024-09-10 10:00:00-04:00,41.75,41.75,41.7400016784668,41.7400016784668,512,0.0,0.0,0.0
2024-09-10 10:05:00-04:00,41.724998474121094,41.724998474121094,41.720001220703125,41.720001220703125,887,0.0,0.0,0.0
2024-09-10 10:10:00-04:00,41.72999954223633,41.72999954223633,41.690101623535156,41.69499969482422,6140,0.0,0.0,0.0
2024-09-10 10:15:00-04:00,41.70000076293945,41.709999084472656,41.70000076293945,41.709999084472656,1052,0.0,0.0,0.0
2024-09-10 10:20:00-04:00,41.70500183105469,41.70500183105469,41.70000076293945,41.70000076293945,1170,0.0,0.0,0.0
2024-09-10 10:25:00-04:00,41.689998626708984,41.689998626708984,41.6349983215332,41.66999816894531,22187,0.0,0.0,0.0
2024-09-10 10:30:00-04:00,41.66999816894531,41.66999816894531,41.63999938964844,41.65999984741211,8867,0.0,0.0,0.0
2024-09-10 10:35:00-04:00,41.65999984741211,41.66999816894531,41.654998779296875,41.66999816894531,4294,0.0,0.0,0.0
2024-09-10 10:40:00-04:00,41.67499923706055,41.67499923706055,41.63999938964844,41.650001525878906,5337,0.0,0.0,0.0
2024-09-10 10:45:00-04:00,41.650001525878906,41.685001373291016,41.63999938964844,41.685001373291016,13438,0.0,0.0,0.0
2024-09-10 10:50:00-04:00,41.685001373291016,41.685001373291016,41.625,41.625,4385,0.0,0.0,0.0
2024-09-10 10:55:00-04:00,41.630001068115234,41.63999938964844,41.625,41.6349983215332,3379,0.0,0.0,0.0
2024-09-10 11:00:00-04:00,41.6349983215332,41.654998779296875,41.625,41.63999938964844,8294,0.0,0.0,0.0
2024-09-10 11:05:00-04:00,41.630001068115234,41.630001068115234,41.61000061035156,41.6150016784668,3360,0.0,0.0,0.0
2024-09-10 11:10:00-04:00,41.6150016784668,41.65999984741211,41.61000061035156,41.650001525878906,9210,0.0,0.0,0.0
2024-09-10 11:15:00-04:00,41.63999938964844,41.65999984741211,41.630001068115234,41.6349983215332,4395,0.0,0.0,0.0
2024-09-10 11:20:00-04:00,41.6349983215332,41.65999984741211,41.6349983215332,41.65999984741211,2107,0.0,0.0,0.0
2024-09-10 11:25:00-04:00,41.66999816894531,41.685001373291016,41.66999816894531,41.685001373291016,3712,0.0,0.0,0.0
2024-09-10 11:30:00-04:00,41.685001373291016,41.685001373291016,41.65999984741211,41.66999816894531,3707,0.0,0.0,0.0
2024-09-10 11:35:00-04:00,41.665000915527344,41.66999816894531,41.63999938964844,41.650001525878906,6624,0.0,0.0,0.0
2024-09-10 11:40:00-04:00,41.64500045776367,41.665000915527344,41.64500045776367,41.65999984741211,3409,0.0,0.0,0.0
2024-09-10 11:45:00-04:00,41.650001525878906,41.650001525878906,41.599998474121094,41.64500045776367,25123,0.0,0.0,0.0
2024-09-10 11:50:00-04:00,41.64500045776367,41.64500045776367,41.59000015258789,41.599998474121094,7970,0.0,0.0,0.0
2024-09-10 11:55:00-04:00,41.58000183105469,41.58000183105469,41.58000183105469,41.58000183105469,362,0.0,0.0,0.0
2024-09-10 12:00:00-04:00,41.56999969482422,41.57500076293945,41.560001373291016,41.564998626708984,2644,0.0,0.0,0.0
2024-09-10 12:05:00-04:00,41.56999969482422,41.584999084472656,41.56999969482422,41.58000183105469,1987,0.0,0.0,0.0
2024-09-10 12:10:00-04:00,41.584999084472656,41.595001220703125,41.54999923706055,41.54999923706055,5953,0.0,0.0,0.0
2024-09-10 12:15:00-04:00,41.54999923706055,41.564998626708984,41.54999923706055,41.564998626708984,1358,0.0,0.0,0.0
2024-09-10 12:20:00-04:00,41.564998626708984,41.57500076293945,41.564998626708984,41.56999969482422,1938,0.0,0.0,0.0
2024-09-10 12:25:00-04:00,41.56999969482422,41.56999969482422,41.564998626708984,41.564998626708984,1280,0.0,0.0,0.0
2024-09-10 12:30:00-04:00,41.56999969482422,41.56999969482422,41.564998626708984,41.56999969482422,828,0.0,0.0,0.0
2024-09-10 12:35:00-04:00,41.56999969482422,41.58000183105469,41.56999969482422,41.58000183105469,898,0.0,0.0,0.0
2024-09-10 12:40:00-04:00,41.58000183105469,41.59000015258789,41.56999969482422,41.56999969482422,2306,0.0,0.0,0.0
2024-09-10 12:45:00-04:00,41.58000183105469,41.58000183105469,41.52000045776367,41.529998779296875,23526,0.0,0.0,0.0
2024-09-10 12:50:00-04:00,41.529998779296875,41.54999923706055,41.52000045776367,41.54499816894531,2700,0.0,0.0,0.0
2024-09-10 12:55:00-04:00,41.53499984741211,41.53499984741211,41.53499984741211,41.53499984741211,1595,0.0,0.0,0.0
2024-09-10 13:00:00-04:00,41.540000915527344,41.56999969482422,41.540000915527344,41.55500030517578,1166,0.0,0.0,0.0
2024-09-10 13:05:00-04:00,41.560001373291016,41.56999969482422,41.55500030517578,41.56999969482422,1780,0.0,0.0,0.0
2024-09-10 13:10:00-04:00,41.56999969482422,41.584999084472656,41.56999969482422,41.56999969482422,1760,0.0,0.0,0.0
2024-09-10 13:15:00-04:00,41.57500076293945,41.57500076293945,41.57500076293945,41.57500076293945,313,0.0,0.0,0.0
2024-09-10 13:20:00-04:00,41.56999969482422,41.584999084472656,41.560001373291016,41.584999084472656,2465,0.0,0.0,0.0
2024-09-10 13:25:00-04:00,41.56999969482422,41.56999969482422,41.56999969482422,41.56999969482422,873,0.0,0.0,0.0
2024-09-10 13:30:00-04:00,41.560001373291016,41.564998626708984,41.560001373291016,41.564998626708984,1169,0.0,0.0,0.0
2024-09-10 13:35:00-04:00,41.564998626708984,41.595001220703125,41.564998626708984,41.57500076293945,2277,0.0,0.0,0.0
2024-09-10 13:40:00-04:00,41.57500076293945,41.57500076293945,41.56999969482422,41.56999969482422,856,0.0,0.0,0.0
2024-09-10 13:45:00-04:00,41.56999969482422,41.57500076293945,41.560001373291016,41.564998626708984,1436,0.0,0.0,0.0
2024-09-10 13:50:00-04:00,41.564998626708984,41.60499954223633,41.564998626708984,41.599998474121094,970,0.0,0.0,0.0
2024-09-10 13:55:00-04:00,41.60499954223633,41.60499954223633,41.56999969482422,41.56999969482422,1652,0.0,0.0,0.0
2024-09-10 14:00:00-04:00,41.57500076293945,41.61000061035156,41.57500076293945,41.61000061035156,1852,0.0,0.0,0.0
2024-09-10 14:05:00-04:00,41.599998474121094,41.599998474121094,41.595001220703125,41.595001220703125,1601,0.0,0.0,0.0
2024-09-10 14:10:00-04:00,41.595001220703125,41.595001220703125,41.595001220703125,41.595001220703125,300,0.0,0.0,0.0
2024-09-10 14:15:00-04:00,41.595001220703125,41.599998474121094,41.595001220703125,41.599998474121094,1899,0.0,0.0,0.0
2024-09-10 14:20:00-04:00,41.6150016784668,41.619998931884766,41.60499954223633,41.619998931884766,1727,0.0,0.0,0.0
2024-09-10 14:25:00-04:00,41.619998931884766,41.619998931884766,41.60499954223633,41.60499954223633,672,0.0,0.0,0.0
2024-09-10 14:30:00-04:00,41.61000061035156,41.630001068115234,41.61000061035156,41.630001068115234,884,0.0,0.0,0.0
2024-09-10 14:35:00-04:00,41.630001068115234,41.630001068115234,41.6150016784668,41.619998931884766,1132,0.0,0.0,0.0
2024-09-10 14:40:00-04:00,41.625,41.630001068115234,41.619998931884766,41.630001068115234,603,0.0,0.0,0.0
2024-09-10 14:45:00-04:00,41.625,41.650001525878906,41.625,41.64500045776367,1928,0.0,0.0,0.0
2024-09-10 14:50:00-04:00,41.63999938964844,41.63999938964844,41.584999084472656,41.59000015258789,20307,0.0,0.0,0.0
2024-09-10 14:55:00-04:00,41.59000015258789,41.6150016784668,41.58000183105469,41.60499954223633,14077,0.0,0.0,0.0
2024-09-10 15:00:00-04:00,41.61000061035156,41.61000061035156,41.595001220703125,41.595001220703125,9783,0.0,0.0,0.0
2024-09-10 15:05:00-04:00,41.599998474121094,41.60499954223633,41.59000015258789,41.595001220703125,18468,0.0,0.0,0.0
2024-09-10 15:10:00-04:00,41.59000015258789,41.59000015258789,41.58000183105469,41.584999084472656,4587,0.0,0.0,0.0
2024-09-10 15:15:00-04:00,41.584999084472656,41.61000061035156,41.584999084472656,41.599998474121094,5930,0.0,0.0,0.0
2024-09-10 15:20:00-04:00,41.61000061035156,41.61000061035156,41.59000015258789,41.599998474121094,4969,0.0,0.0,0.0
2024-09-10 15:25:00-04:00,41.59000015258789,41.61000061035156,41.59000015258789,41.60499954223633,8705,0.0,0.0,0.0
2024-09-10 15:30:00-04:00,41.599998474121094,41.625,41.599998474121094,41.619998931884766,6852,0.0,0.0,0.0
2024-09-10 15:35:00-04:00,41.625,41.625,41.61000061035156,41.61000061035156,8878,0.0,0.0,0.0
2024-09-10 15:40:00-04:00,41.6150016784668,41.6150016784668,41.61000061035156,41.61000061035156,13383,0.0,0.0,0.0
2024-09-10 15:45:00-04:00,41.61000061035156,41.6150016784668,41.61000061035156,41.6150016784668,7658,0.0,0.0,0.0
2024-09-10 15:50:00-04:00,41.61000061035156,41.630001068115234,41.61000061035156,41.630001068115234,13189,0.0,0.0,0.0
2024-09-10 15:55:00-04:00,41.625,41.65999984741211,41.61000061035156,41.630001068115234,43789,0.0,0.0,0.0
2024-09-11 09:30:00-04:00,40.90999984741211,41.01499938964844,40.90999984741211,40.959999084472656,10542,0.0,0.0,0.0
2024-09-11 09:35:00-04:00,40.935001373291016,40.97999954223633,40.935001373291016,40.959999084472656,49220,0.0,0.0,0.0
2024-09-11 09:40:00-04:00,40.95000076293945,40.95000076293945,40.93000030517578,40.939998626708984,16754,0.0,0.0,0.0
2024-09-11 09:45:00-04:00,40.939998626708984,40.970001220703125,40.935001373291016,40.970001220703125,4568,0.0,0.0,0.0
2024-09-11 09:50:00-04:00,40.970001220703125,40.970001220703125,40.939998626708984,40.95000076293945,3314,0.0,0.0,0.0
2024-09-11 09:55:00-04:00,40.94499969482422,40.94499969482422,40.91999816894531,40.92499923706055,6993,0.0,0.0,0.0
2024-09-11 10:00:00-04:00,40.90999984741211,40.91999816894531,40.90999984741211,40.915000915527344,3139,0.0,0.0,0.0
2024-09-11 10:05:00-04:00,40.915000915527344,40.91999816894531,40.90999984741211,40.915000915527344,7901,0.0,0.0,0.0
2024-09-11 10:10:00-04:00,40.915000915527344,40.915000915527344,40.880001068115234,40.880001068115234,10219,0.0,0.0,0.0
2024-09-11 10:15:00-04:00,40.869998931884766,40.869998931884766,40.86000061035156,40.86000061035156,6132,0.0,0.0,0.0
2024-09-11 10:20:00-04:00,40.869998931884766,40.880001068115234,40.849998474121094,40.875,14833,0.0,0.0,0.0
2024-09-11 10:25:00-04:00,40.875,40.880001068115234,40.875,40.880001068115234,2797,0.0,0.0,0.0
2024-09-11 10:30:00-04:00,40.869998931884766,40.869998931884766,40.81999969482422,40.82500076293945,3394,0.0,0.0,0.0
2024-09-11 10:35:00-04:00,40.849998474121094,40.849998474121094,40.83000183105469,40.83000183105469,1770,0.0,0.0,0.0
2024-09-11 10:40:00-04:00,40.83000183105469,40.84000015258789,40.814998626708984,40.82500076293945,14813,0.0,0.0,0.0
2024-09-11 10:45:00-04:00,40.83000183105469,40.83000183105469,40.810001373291016,40.81999969482422,5858,0.0,0.0,0.0
2024-09-11 10:50:00-04:00,40.81999969482422,40.84000015258789,40.81999969482422,40.84000015258789,2681,0.0,0.0,0.0
2024-09-11 10:55:00-04:00,40.83000183105469,40.849998474121094,40.81999969482422,40.845001220703125,5721,0.0,0.0,0.0
2024-09-11 11:00:00-04:00,40.849998474121094,40.85499954223633,40.84000015258789,40.85499954223633,4295,0.0,0.0,0.0
2024-09-11 11:05:00-04:00,40.85499954223633,40.8849983215332,40.85499954223633,40.880001068115234,6035,0.0,0.0,0.0
2024-09-11 11:10:00-04:00,40.89500045776367,40.91999816894531,40.89500045776367,40.915000915527344,16700,0.0,0.0,0.0
2024-09-11 11:15:00-04:00,40.93000030517578,40.939998626708984,40.91999816894531,40.939998626708984,6988,0.0,0.0,0.0
2024-09-11 11:20:00-04:00,40.939998626708984,40.939998626708984,40.92599868774414,40.92599868774414,4710,0.0,0.0,0.0
2024-09-11 11:25:00-04:00,40.915000915527344,40.93000030517578,40.915000915527344,40.91999816894531,1091,0.0,0.0,0.0
2024-09-11 11:30:00-04:00,40.91999816894531,40.935001373291016,40.91999816894531,40.935001373291016,886,0.0,0.0,0.0
2024-09-11 11:35:00-04:00,40.939998626708984,40.95500183105469,40.939998626708984,40.94499969482422,1636,0.0,0.0,0.0
2024-09-11 11:40:00-04:00,40.95500183105469,40.959999084472656,40.95500183105469,40.959999084472656,1354,0.0,0.0,0.0
2024-09-11 11:45:00-04:00,40.959999084472656,40.959999084472656,40.959999084472656,40.959999084472656,914,0.0,0.0,0.0
2024-09-11 11:50:00-04:00,40.959999084472656,40.959999084472656,40.939998626708984,40.939998626708984,1430,0.0,0.0,0.0
2024-09-11 11:55:00-04:00,40.93000030517578,40.93000030517578,40.900001525878906,40.90999984741211,3976,0.0,0.0,0.0
2024-09-11 12:00:00-04:00,40.91999816894531,40.94499969482422,40.91999816894531,40.94499969482422,2224,0.0,0.0,0.0
2024-09-11 12:05:00-04:00,40.95000076293945,40.970001220703125,40.95000076293945,40.95000076293945,6159,0.0,0.0,0.0
2024-09-11 12:10:00-04:00,40.970001220703125,40.970001220703125,40.95000076293945,40.96500015258789,1844,0.0,0.0,0.0
2024-09-11 12:15:00-04:00,40.970001220703125,40.970001220703125,40.959999084472656,40.959999084472656,1783,0.0,0.0,0.0
2024-09-11 12:20:00-04:00,40.97999954223633,40.98500061035156,40.970001220703125,40.970001220703125,2455,0.0,0.0,0.0
2024-09-11 12:25:00-04:00,40.959999084472656,40.970001220703125,40.959999084472656,40.970001220703125,2055,0.0,0.0,0.0
2024-09-11 12:30:00-04:00,40.97999954223633,40.9900016784668,40.970001220703125,40.97460174560547,2332,0.0,0.0,0.0
2024-09-11 12:35:00-04:00,40.959999084472656,41.0,40.959999084472656,40.98500061035156,5062,0.0,0.0,0.0
2024-09-11 12:40:00-04:00,41.0,41.0,40.9900016784668,40.9900016784668,427,0.0,0.0,0.0
2024-09-11 12:45:00-04:00,40.97999954223633,40.9900016784668,40.97999954223633,40.9900016784668,1274,0.0,0.0,0.0
2024-09-11 12:50:00-04:00,40.9900016784668,40.994998931884766,40.9900016784668,40.9900016784668,2715,0.0,0.0,0.0
2024-09-11 12:55:00-04:00,41.0,41.005001068115234,40.9900016784668,40.9900016784668,1456,0.0,0.0,0.0
2024-09-11 13:00:00-04:00,40.98500061035156,41.02000045776367,40.97999954223633,41.02000045776367,6556,0.0,0.0,0.0
2024-09-11 13:05:00-04:00,41.0099983215332,41.040000915527344,41.0099983215332,41.025001525878906,6347,0.0,0.0,0.0
2024-09-11 13:10:00-04:00,41.029998779296875,41.04499816894531,41.029998779296875,41.04499816894531,1234,0.0,0.0,0.0
2024-09-11 13:15:00-04:00,41.040000915527344,41.040000915527344,41.02000045776367,41.025001525878906,2014,0.0,0.0,0.0
2024-09-11 13:20:00-04:00,41.02000045776367,41.02000045776367,40.994998931884766,40.994998931884766,2933,0.0,0.0,0.0
2024-09-11 13:25:00-04:00,41.0,41.01499938964844,41.0,41.0099983215332,2475,0.0,0.0,0.0
2024-09-11 13:30:00-04:00,41.01499938964844,41.02000045776367,41.0099983215332,41.02000045776367,751,0.0,0.0,0.0
2024-09-11 13:35:00-04:00,41.01499938964844,41.02000045776367,41.0099983215332,41.02000045776367,2416,0.0,0.0,0.0
2024-09-11 13:40:00-04:00,41.029998779296875,41.029998779296875,41.0099983215332,41.0099983215332,2723,0.0,0.0,0.0
2024-09-11 13:45:00-04:00,41.02000045776367,41.02000045776367,41.01499938964844,41.01499938964844,2390,0.0,0.0,0.0
2024-09-11 13:50:00-04:00,41.02000045776367,41.03499984741211,41.02000045776367,41.02000045776367,2970,0.0,0.0,0.0
2024-09-11 13:55:00-04:00,41.0099983215332,41.02000045776367,41.0099983215332,41.02000045776367,2513,0.0,0.0,0.0
2024-09-11 14:00:00-04:00,41.01499938964844,41.02000045776367,41.005001068115234,41.02000045776367,3050,0.0,0.0,0.0
2024-09-11 14:05:00-04:00,41.0099983215332,41.03499984741211,41.0099983215332,41.03499984741211,3059,0.0,0.0,0.0
2024-09-11 14:10:00-04:00,41.040000915527344,41.040000915527344,41.025001525878906,41.025001525878906,1384,0.0,0.0,0.0
2024-09-11 14:15:00-04:00,41.02000045776367,41.02000045776367,41.0099983215332,41.0099983215332,4089,0.0,0.0,0.0
2024-09-11 14:20:00-04:00,41.0099983215332,41.025001525878906,41.0099983215332,41.025001525878906,2580,0.0,0.0,0.0
2024-09-11 14:25:00-04:00,41.025001525878906,41.04499816894531,41.02000045776367,41.040000915527344,2105,0.0,0.0,0.0
2024-09-11 14:30:00-04:00,41.03499984741211,41.040000915527344,41.029998779296875,41.03499984741211,2578,0.0,0.0,0.0
2024-09-11 14:35:00-04:00,41.03499984741211,41.04999923706055,41.02000045776367,41.04499816894531,8381,0.0,0.0,0.0
2024-09-11 14:40:00-04:00,41.04499816894531,41.064998626708984,41.04499816894531,41.04999923706055,3794,0.0,0.0,0.0
2024-09-11 14:45:00-04:00,41.064998626708984,41.064998626708984,41.040000915527344,41.04499816894531,1784,0.0,0.0,0.0
2024-09-11 14:50:00-04:00,41.040000915527344,41.04499816894531,41.029998779296875,41.029998779296875,4091,0.0,0.0,0.0
2024-09-11 14:55:00-04:00,41.040000915527344,41.04999923706055,41.040000915527344,41.04499816894531,1447,0.0,0.0,0.0
2024-09-11 15:00:00-04:00,41.04499816894531,41.04499816894531,41.03499984741211,41.03499984741211,1701,0.0,0.0,0.0
2024-09-11 15:05:00-04:00,41.029998779296875,41.040000915527344,41.029998779296875,41.03499984741211,1098,0.0,0.0,0.0
2024-09-11 15:10:00-04:00,41.03499984741211,41.040000915527344,41.03499984741211,41.040000915527344,1281,0.0,0.0,0.0
2024-09-11 15:15:00-04:00,41.03499984741211,41.064998626708984,41.029998779296875,41.05500030517578,6598,0.0,0.0,0.0
2024-09-11 15:20:00-04:00,41.060001373291016,41.060001373291016,41.05500030517578,41.060001373291016,2051,0.0,0.0,0.0
2024-09-11 15:25:00-04:00,41.060001373291016,41.084999084472656,41.060001373291016,41.07500076293945,2377,0.0,0.0,0.0
2024-09-11 15:30:00-04:00,41.07500076293945,41.08000183105469,41.07500076293945,41.07500076293945,811,0.0,0.0,0.0
2024-09-11 15:35:00-04:00,41.08000183105469,41.08000183105469,41.06999969482422,41.06999969482422,3133,0.0,0.0,0.0
2024-09-11 15:40:00-04:00,41.064998626708984,41.06999969482422,41.060001373291016,41.064998626708984,1615,0.0,0.0,0.0
2024-09-11 15:45:00-04:00,41.06999969482422,41.095001220703125,41.06999969482422,41.095001220703125,6065,0.0,0.0,0.0
2024-09-11 15:50:00-04:00,41.095001220703125,41.14500045776367,41.09000015258789,41.1349983215332,13737,0.0,0.0,0.0
2024-09-11 15:55:00-04:00,41.1349983215332,41.189998626708984,41.130001068115234,41.130001068115234,26325,0.0,0.0,0.0
2024-09-12 09:30:00-04:00,41.16999816894531,41.31999969482422,41.029998779296875,41.04499816894531,21766,0.0,0.0,0.0
2024-09-12 09:35:00-04:00,41.040000915527344,41.08000183105469,41.040000915527344,41.04999923706055,6368,0.0,0.0,0.0
2024-09-12 09:40:00-04:00,41.04999923706055,41.07500076293945,41.040000915527344,41.060001373291016,12128,0.0,0.0,0.0
2024-09-12 09:45:00-04:00,41.06999969482422,41.08000183105469,41.04999923706055,41.064998626708984,3739,0.0,0.0,0.0
2024-09-12 09:50:00-04:00,41.05500030517578,41.099998474121094,41.05500030517578,41.084999084472656,2384,0.0,0.0,0.0
2024-09-12 09:55:00-04:00,41.084999084472656,41.09000015258789,41.064998626708984,41.06999969482422,2601,0.0,0.0,0.0
2024-09-12 10:00:00-04:00,41.064998626708984,41.09000015258789,41.064998626708984,41.07500076293945,4334,0.0,0.0,0.0
2024-09-12 10:05:00-04:00,41.07500076293945,41.11000061035156,41.07500076293945,41.10499954223633,2333,0.0,0.0,0.0
2024-09-12 10:10:00-04:00,41.11000061035156,41.119998931884766,41.10499954223633,41.119998931884766,5060,0.0,0.0,0.0
2024-09-12 10:15:00-04:00,41.119998931884766,41.13999938964844,41.119998931884766,41.1349983215332,2093,0.0,0.0,0.0
2024-09-12 10:20:00-04:00,41.1349983215332,41.13999938964844,41.130001068115234,41.1349983215332,3312,0.0,0.0,0.0
2024-09-12 10:25:00-04:00,41.1349983215332,41.13999938964844,41.130001068115234,41.1349983215332,4019,0.0,0.0,0.0
2024-09-12 10:30:00-04:00,41.130001068115234,41.130001068115234,41.119998931884766,41.119998931884766,1038,0.0,0.0,0.0
2024-09-12 10:35:00-04:00,41.125,41.18000030517578,41.084999084472656,41.15999984741211,17557,0.0,0.0,0.0
2024-09-12 10:40:00-04:00,41.16999816894531,41.16999816894531,41.165000915527344,41.16999816894531,6452,0.0,0.0,0.0
2024-09-12 10:45:00-04:00,41.17499923706055,41.1775016784668,41.16999816894531,41.17499923706055,2151,0.0,0.0,0.0
2024-09-12 10:50:00-04:00,41.17499923706055,41.18000030517578,41.16999816894531,41.17499923706055,3689,0.0,0.0,0.0
2024-09-12 10:55:00-04:00,41.17499923706055,41.17499923706055,41.150001525878906,41.150001525878906,4010,0.0,0.0,0.0
2024-09-12 11:00:00-04:00,41.130001068115234,41.14500045776367,41.130001068115234,41.14500045776367,0,0.0,0.0,0.0
2024-09-12 11:05:00-04:00,41.150001525878906,41.15999984741211,41.150001525878906,41.15999984741211,108910,0.0,0.0,0.0
2024-09-12 11:10:00-04:00,41.15999984741211,41.17499923706055,41.15999984741211,41.17499923706055,1570,0.0,0.0,0.0
2024-09-12 11:15:00-04:00,41.18000030517578,41.18000030517578,41.154998779296875,41.154998779296875,2604,0.0,0.0,0.0
2024-09-12 11:20:00-04:00,41.15999984741211,41.15999984741211,41.150001525878906,41.150001525878906,400,0.0,0.0,0.0
2024-09-12 11:25:00-04:00,41.150001525878906,41.154998779296875,41.13999938964844,41.154998779296875,2747,0.0,0.0,0.0
2024-09-12 11:30:00-04:00,41.15999984741211,41.15999984741211,41.150001525878906,41.154998779296875,343,0.0,0.0,0.0
2024-09-12 11:35:00-04:00,41.154998779296875,41.15999984741211,41.14500045776367,41.14500045776367,3010,0.0,0.0,0.0
2024-09-12 11:40:00-04:00,41.14500045776367,41.15999984741211,41.13999938964844,41.14500045776367,9121,0.0,0.0,0.0
2024-09-12 11:45:00-04:00,41.13999938964844,41.14500045776367,41.130001068115234,41.130001068115234,6961,0.0,0.0,0.0
2024-09-12 11:50:00-04:00,41.1349983215332,41.13999938964844,41.119998931884766,41.125,11567,0.0,0.0,0.0
2024-09-12 11:55:00-04:00,41.125,41.125,41.099998474121094,41.099998474121094,9153,0.0,0.0,0.0
2024-09-12 12:00:00-04:00,41.099998474121094,41.099998474121094,41.09000015258789,41.09000015258789,4308,0.0,0.0,0.0
2024-09-12 12:05:00-04:00,41.09000015258789,41.097599029541016,41.09000015258789,41.09000015258789,2627,0.0,0.0,0.0
2024-09-12 12:10:00-04:00,41.09000015258789,41.095001220703125,41.09000015258789,41.09000015258789,3044,0.0,0.0,0.0
2024-09-12 12:15:00-04:00,41.09000015258789,41.095001220703125,41.09000015258789,41.09000015258789,521,0.0,0.0,0.0
2024-09-12 12:20:00-04:00,41.09000015258789,41.095001220703125,41.08000183105469,41.084999084472656,1863,0.0,0.0,0.0
2024-09-12 12:25:00-04:00,41.084999084472656,41.095001220703125,41.084999084472656,41.095001220703125,2997,0.0,0.0,0.0
2024-09-12 12:30:00-04:00,41.095001220703125,41.095001220703125,41.08000183105469,41.08000183105469,754,0.0,0.0,0.0
2024-09-12 12:35:00-04:00,41.084999084472656,41.09000015258789,41.08000183105469,41.08000183105469,809,0.0,0.0,0.0
2024-09-12 12:40:00-04:00,41.087501525878906,41.09000015258789,41.08000183105469,41.09000015258789,633,0.0,0.0,0.0
2024-09-12 12:45:00-04:00,41.08000183105469,41.084999084472656,41.08000183105469,41.084999084472656,799,0.0,0.0,0.0
2024-09-12 12:50:00-04:00,41.08000183105469,41.13999938964844,41.08000183105469,41.13999938964844,4501,0.0,0.0,0.0
2024-09-12 12:55:00-04:00,41.13999938964844,41.150001525878906,41.13999938964844,41.150001525878906,627,0.0,0.0,0.0
2024-09-12 13:00:00-04:00,41.14500045776367,41.154998779296875,41.1349983215332,41.154998779296875,2149,0.0,0.0,0.0
2024-09-12 13:05:00-04:00,41.14500045776367,41.14500045776367,41.14500045776367,41.14500045776367,363,0.0,0.0,0.0
2024-09-12 13:10:00-04:00,41.14500045776367,41.14500045776367,41.13999938964844,41.13999938964844,402,0.0,0.0,0.0
2024-09-12 13:15:00-04:00,41.13999938964844,41.14500045776367,41.130001068115234,41.130001068115234,868,0.0,0.0,0.0
2024-09-12 13:20:00-04:00,41.130001068115234,41.13999938964844,41.130001068115234,41.13999938964844,1827,0.0,0.0,0.0
2024-09-12 13:25:00-04:00,41.150001525878906,41.15999984741211,41.150001525878906,41.154998779296875,1103,0.0,0.0,0.0
2024-09-12 13:30:00-04:00,41.154998779296875,41.154998779296875,41.154998779296875,41.154998779296875,200,0.0,0.0,0.0
2024-09-12 13:35:00-04:00,41.15999984741211,41.15999984741211,41.15999984741211,41.15999984741211,242,0.0,0.0,0.0
2024-09-12 13:40:00-04:00,41.15999984741211,41.16999816894531,41.15999984741211,41.16999816894531,972,0.0,0.0,0.0
2024-09-12 13:45:00-04:00,41.16999816894531,41.20000076293945,41.16999816894531,41.19499969482422,957,0.0,0.0,0.0
2024-09-12 13:50:00-04:00,41.20000076293945,41.220001220703125,41.20000076293945,41.220001220703125,542,0.0,0.0,0.0
2024-09-12 13:55:00-04:00,41.220001220703125,41.22999954223633,41.220001220703125,41.220001220703125,1850,0.0,0.0,0.0
2024-09-12 14:00:00-04:00,41.224998474121094,41.224998474121094,41.20500183105469,41.20500183105469,2051,0.0,0.0,0.0
2024-09-12 14:05:00-04:00,41.20000076293945,41.20000076293945,41.189998626708984,41.189998626708984,1265,0.0,0.0,0.0
2024-09-12 14:10:00-04:00,41.189998626708984,41.189998626708984,41.189998626708984,41.189998626708984,200,0.0,0.0,0.0
2024-09-12 14:15:00-04:00,41.189998626708984,41.19499969482422,41.189998626708984,41.19499969482422,832,0.0,0.0,0.0
2024-09-12 14:20:00-04:00,41.19499969482422,41.19499969482422,41.19499969482422,41.19499969482422,948,0.0,0.0,0.0
2024-09-12 14:25:00-04:00,41.20000076293945,41.21500015258789,41.20000076293945,41.209999084472656,2806,0.0,0.0,0.0
2024-09-12 14:30:00-04:00,41.209999084472656,41.209999084472656,41.185001373291016,41.185001373291016,3118,0.0,0.0,0.0
2024-09-12 14:35:00-04:00,41.18000030517578,41.185001373291016,41.18000030517578,41.18000030517578,936,0.0,0.0,0.0
2024-09-12 14:40:00-04:00,41.18000030517578,41.185001373291016,41.18000030517578,41.18000030517578,615,0.0,0.0,0.0
2024-09-12 14:45:00-04:00,41.185001373291016,41.185001373291016,41.18000030517578,41.185001373291016,1174,0.0,0.0,0.0
2024-09-12 14:50:00-04:00,41.18000030517578,41.185001373291016,41.130001068115234,41.150001525878906,6145,0.0,0.0,0.0
2024-09-12 14:55:00-04:00,41.16999816894531,41.209999084472656,41.16999816894531,41.209999084472656,2619,0.0,0.0,0.0
2024-09-12 15:00:00-04:00,41.20000076293945,41.20500183105469,41.17499923706055,41.17499923706055,1875,0.0,0.0,0.0
2024-09-12 15:05:00-04:00,41.18000030517578,41.18000030517578,41.18000030517578,41.18000030517578,808,0.0,0.0,0.0
2024-09-12 15:10:00-04:00,41.209999084472656,41.209999084472656,41.20500183105469,41.209999084472656,532,0.0,0.0,0.0
2024-09-12 15:15:00-04:00,41.209999084472656,41.209999084472656,41.209999084472656,41.209999084472656,1148,0.0,0.0,0.0
2024-09-12 15:20:00-04:00,41.220001220703125,41.220001220703125,41.21500015258789,41.220001220703125,400,0.0,0.0,0.0
2024-09-12 15:25:00-04:00,41.21500015258789,41.21500015258789,41.189998626708984,41.20000076293945,3708,0.0,0.0,0.0
2024-09-12 15:30:00-04:00,41.19499969482422,41.20000076293945,41.19499969482422,41.20000076293945,1115,0.0,0.0,0.0
2024-09-12 15:35:00-04:00,41.20000076293945,41.220001220703125,41.20000076293945,41.220001220703125,4942,0.0,0.0,0.0
2024-09-12 15:40:00-04:00,41.220001220703125,41.220001220703125,41.209999084472656,41.21500015258789,2769,0.0,0.0,0.0
2024-09-12 15:45:00-04:00,41.21500015258789,41.220001220703125,41.209999084472656,41.209999084472656,2070,0.0,0.0,0.0
2024-09-12 15:50:00-04:00,41.21500015258789,41.21500015258789,41.20000076293945,41.209999084472656,4828,0.0,0.0,0.0
2024-09-12 15:55:00-04:00,41.209999084472656,41.22999954223633,41.20000076293945,41.20000076293945,24660,0.0,0.0,0.0
2024-09-13 09:30:00-04:00,41.279998779296875,41.279998779296875,41.279998779296875,41.279998779296875,0,0.0,0.0,0.0
2024-09-13 09:35:00-04:00,41.279998779296875,41.279998779296875,41.279998779296875,41.279998779296875,206,0.0,0.0,0.0
2024-09-13 09:40:00-04:00,41.310001373291016,41.310001373291016,41.30500030517578,41.310001373291016,1402,0.0,0.0,0.0
2024-09-13 09:45:00-04:00,41.314998626708984,41.349998474121094,41.28499984741211,41.345001220703125,20441,0.0,0.0,0.0
2024-09-13 09:50:00-04:00,41.345001220703125,41.349998474121094,41.345001220703125,41.345001220703125,667,0.0,0.0,0.0
2024-09-13 09:55:00-04:00,41.345001220703125,41.35749816894531,41.34000015258789,41.35749816894531,0,0.0,0.0,0.0
2024-09-13 10:00:00-04:00,41.36000061035156,41.36000061035156,41.33000183105469,41.349998474121094,32035,0.0,0.0,0.0
2024-09-13 10:05:00-04:00,41.35499954223633,41.35499954223633,41.34000015258789,41.34000015258789,3933,0.0,0.0,0.0
2024-09-13 10:10:00-04:00,41.34000015258789,41.345001220703125,41.32500076293945,41.334999084472656,2899,0.0,0.0,0.0
2024-09-13 10:15:00-04:00,41.34000015258789,41.349998474121094,41.34000015258789,41.349998474121094,1448,0.0,0.0,0.0
2024-09-13 10:20:00-04:00,41.35499954223633,41.36000061035156,41.35499954223633,41.36000061035156,1625,0.0,0.0,0.0
2024-09-13 10:25:00-04:00,41.36000061035156,41.36000061035156,41.334999084472656,41.334999084472656,5109,0.0,0.0,0.0
2024-09-13 10:30:00-04:00,41.34000015258789,41.34000015258789,41.29999923706055,41.29999923706055,5235,0.0,0.0,0.0
2024-09-13 10:35:00-04:00,41.310001373291016,41.33000183105469,41.290000915527344,41.33000183105469,6528,0.0,0.0,0.0
2024-09-13 10:40:00-04:00,41.34000015258789,41.349998474121094,41.34000015258789,41.349998474121094,1587,0.0,0.0,0.0
2024-09-13 10:45:00-04:00,41.349998474121094,41.349998474121094,41.345001220703125,41.345001220703125,2040,0.0,0.0,0.0
2024-09-13 10:50:00-04:00,41.34000015258789,41.34000015258789,41.34000015258789,41.34000015258789,2666,0.0,0.0,0.0
2024-09-13 10:55:00-04:00,41.33000183105469,41.33000183105469,41.32500076293945,41.32500076293945,1353,0.0,0.0,0.0
2024-09-13 11:00:00-04:00,41.33000183105469,41.33000183105469,41.310001373291016,41.310001373291016,1883,0.0,0.0,0.0
2024-09-13 11:05:00-04:00,41.310001373291016,41.310001373291016,41.310001373291016,41.310001373291016,207,0.0,0.0,0.0
2024-09-13 11:10:00-04:00,41.310001373291016,41.310001373291016,41.29499816894531,41.29999923706055,2869,0.0,0.0,0.0
2024-09-13 11:15:00-04:00,41.29999923706055,41.29999923706055,41.279998779296875,41.279998779296875,1527,0.0,0.0,0.0
2024-09-13 11:20:00-04:00,41.279998779296875,41.29499816894531,41.27000045776367,41.28499984741211,6501,0.0,0.0,0.0
2024-09-13 11:25:00-04:00,41.279998779296875,41.279998779296875,41.26499938964844,41.27000045776367,6004,0.0,0.0,0.0
2024-09-13 11:30:00-04:00,41.275001525878906,41.275001525878906,41.27000045776367,41.275001525878906,1940,0.0,0.0,0.0
2024-09-13 11:35:00-04:00,41.27000045776367,41.275001525878906,41.27000045776367,41.27000045776367,1736,0.0,0.0,0.0
2024-09-13 11:40:00-04:00,41.27000045776367,41.290000915527344,41.27000045776367,41.28499984741211,18520,0.0,0.0,0.0
2024-09-13 11:45:00-04:00,41.279998779296875,41.279998779296875,41.27000045776367,41.27750015258789,6019,0.0,0.0,0.0
2024-09-13 11:50:00-04:00,41.27000045776367,41.279998779296875,41.27000045776367,41.275001525878906,5071,0.0,0.0,0.0
2024-09-13 11:55:00-04:00,41.279998779296875,41.290000915527344,41.27000045776367,41.275001525878906,4881,0.0,0.0,0.0
2024-09-13 12:00:00-04:00,41.279998779296875,41.290000915527344,41.275001525878906,41.279998779296875,5133,0.0,0.0,0.0
2024-09-13 12:05:00-04:00,41.279998779296875,41.279998779296875,41.27000045776367,41.27000045776367,855,0.0,0.0,0.0
2024-09-13 12:10:00-04:00,41.27000045776367,41.27000045776367,41.26499938964844,41.26499938964844,2293,0.0,0.0,0.0
2024-09-13 12:15:00-04:00,41.2599983215332,41.26499938964844,41.2599983215332,41.26499938964844,1568,0.0,0.0,0.0
2024-09-13 12:20:00-04:00,41.2599983215332,41.2599983215332,41.25,41.255001068115234,2253,0.0,0.0,0.0
2024-09-13 12:25:00-04:00,41.25,41.2599983215332,41.25,41.25,1299,0.0,0.0,0.0
2024-09-13 12:30:00-04:00,41.25,41.25,41.2400016784668,41.2400016784668,2455,0.0,0.0,0.0
2024-09-13 12:35:00-04:00,41.244998931884766,41.244998931884766,41.224998474121094,41.22999954223633,3059,0.0,0.0,0.0
2024-09-13 12:40:00-04:00,41.22999954223633,41.22999954223633,41.21500015258789,41.21500015258789,7797,0.0,0.0,0.0
2024-09-13 12:45:00-04:00,41.21500015258789,41.22999954223633,41.21500015258789,41.220001220703125,2239,0.0,0.0,0.0
2024-09-13 12:50:00-04:00,41.220001220703125,41.23500061035156,41.21500015258789,41.23500061035156,5351,0.0,0.0,0.0
2024-09-13 12:55:00-04:00,41.22999954223633,41.22999954223633,41.22999954223633,41.22999954223633,221,0.0,0.0,0.0
2024-09-13 13:00:00-04:00,41.22999954223633,41.22999954223633,41.22999954223633,41.22999954223633,200,0.0,0.0,0.0
2024-09-13 13:05:00-04:00,41.23500061035156,41.25,41.22999954223633,41.244998931884766,3778,0.0,0.0,0.0
2024-09-13 13:10:00-04:00,41.25,41.25,41.2400016784668,41.2400016784668,300,0.0,0.0,0.0
2024-09-13 13:15:00-04:00,41.244998931884766,41.244998931884766,41.244998931884766,41.244998931884766,300,0.0,0.0,0.0
2024-09-13 13:20:00-04:00,41.2400016784668,41.244998931884766,41.22999954223633,41.22999954223633,1749,0.0,0.0,0.0
2024-09-13 13:25:00-04:00,41.23500061035156,41.25,41.23500061035156,41.25,2688,0.0,0.0,0.0
2024-09-13 13:35:00-04:00,41.2400016784668,41.255001068115234,41.2400016784668,41.255001068115234,1514,0.0,0.0,0.0
2024-09-13 13:40:00-04:00,41.25019836425781,41.25019836425781,41.25019836425781,41.25019836425781,172,0.0,0.0,0.0
2024-09-13 13:45:00-04:00,41.25,41.25,41.25,41.25,200,0.0,0.0,0.0
2024-09-13 13:50:00-04:00,41.255001068115234,41.2599983215332,41.25,41.25,2682,0.0,0.0,0.0
2024-09-13 13:55:00-04:00,41.250099182128906,41.255001068115234,41.244998931884766,41.25,2534,0.0,0.0,0.0
2024-09-13 14:00:00-04:00,41.25,41.25,41.22999954223633,41.22999954223633,2547,0.0,0.0,0.0
2024-09-13 14:05:00-04:00,41.23500061035156,41.25,41.23500061035156,41.25,3465,0.0,0.0,0.0
2024-09-13 14:10:00-04:00,41.25,41.255001068115234,41.23500061035156,41.25199890136719,2488,0.0,0.0,0.0
2024-09-13 14:15:00-04:00,41.25,41.25,41.25,41.25,170,0.0,0.0,0.0
2024-09-13 14:20:00-04:00,41.25,41.25,41.22999954223633,41.22999954223633,1096,0.0,0.0,0.0
2024-09-13 14:25:00-04:00,41.22999954223633,41.22999954223633,41.220001220703125,41.224998474121094,1654,0.0,0.0,0.0
2024-09-13 14:30:00-04:00,41.220001220703125,41.220001220703125,41.220001220703125,41.220001220703125,809,0.0,0.0,0.0
2024-09-13 14:35:00-04:00,41.224998474121094,41.224998474121094,41.224998474121094,41.224998474121094,201,0.0,0.0,0.0
2024-09-13 14:40:00-04:00,41.224998474121094,41.2400016784668,41.224998474121094,41.23500061035156,5108,0.0,0.0,0.0
2024-09-13 14:45:00-04:00,41.2400016784668,41.2400016784668,41.2400016784668,41.2400016784668,522,0.0,0.0,0.0
2024-09-13 14:50:00-04:00,41.2400016784668,41.2400016784668,41.220001220703125,41.220001220703125,1553,0.0,0.0,0.0
2024-09-13 14:55:00-04:00,41.220001220703125,41.220001220703125,41.220001220703125,41.220001220703125,413,0.0,0.0,0.0
2024-09-13 15:00:00-04:00,41.21500015258789,41.220001220703125,41.209999084472656,41.21500015258789,4329,0.0,0.0,0.0
2024-09-13 15:05:00-04:00,41.220001220703125,41.220001220703125,41.21500015258789,41.21500015258789,1174,0.0,0.0,0.0
2024-09-13 15:10:00-04:00,41.21500015258789,41.220001220703125,41.21500015258789,41.21500015258789,1512,0.0,0.0,0.0
2024-09-13 15:15:00-04:00,41.21500015258789,41.22999954223633,41.21500015258789,41.227500915527344,3730,0.0,0.0,0.0
2024-09-13 15:20:00-04:00,41.22999954223633,41.22999954223633,41.224998474121094,41.22999954223633,1707,0.0,0.0,0.0
2024-09-13 15:25:00-04:00,41.224998474121094,41.244998931884766,41.224998474121094,41.2400016784668,3892,0.0,0.0,0.0
2024-09-13 15:30:00-04:00,41.22999954223633,41.22999954223633,41.22999954223633,41.22999954223633,203,0.0,0.0,0.0
2024-09-13 15:35:00-04:00,41.22999954223633,41.2400016784668,41.220001220703125,41.220001220703125,4318,0.0,0.0,0.0
2024-09-13 15:40:00-04:00,41.224998474121094,41.224998474121094,41.220001220703125,41.220001220703125,4109,0.0,0.0,0.0
2024-09-13 15:45:00-04:00,41.220001220703125,41.220001220703125,41.220001220703125,41.220001220703125,705,0.0,0.0,0.0
2024-09-13 15:50:00-04:00,41.220001220703125,41.2400016784668,41.220001220703125,41.23500061035156,7929,0.0,0.0,0.0
2024-09-13 15:55:00-04:00,41.23500061035156,41.2400016784668,41.209999084472656,41.220001220703125,22053,0.0,0.0,0.0
2024-09-16 09:30:00-04:00,41.15999984741211,41.220001220703125,41.15999984741211,41.185001373291016,2736,0.0,0.0,0.0
2024-09-16 09:35:00-04:00,41.18000030517578,41.18000030517578,41.15999984741211,41.15999984741211,3016,0.0,0.0,0.0
2024-09-16 09:40:00-04:00,41.150001525878906,41.16999816894531,41.130001068115234,41.16999816894531,9481,0.0,0.0,0.0
2024-09-16 09:45:00-04:00,41.165000915527344,41.189998626708984,41.154998779296875,41.189998626708984,55454,0.0,0.0,0.0
2024-09-16 09:50:00-04:00,41.185001373291016,41.209999084472656,41.185001373291016,41.20500183105469,4924,0.0,0.0,0.0
2024-09-16 09:55:00-04:00,41.20000076293945,41.209999084472656,41.19499969482422,41.209999084472656,3421,0.0,0.0,0.0
2024-09-16 10:00:00-04:00,41.209999084472656,41.21500015258789,41.20000076293945,41.20500183105469,3609,0.0,0.0,0.0
2024-09-16 10:05:00-04:00,41.209999084472656,41.21500015258789,41.209999084472656,41.21500015258789,3014,0.0,0.0,0.0
2024-09-16 10:10:00-04:00,41.21500015258789,41.2400016784668,41.21220016479492,41.23500061035156,7325,0.0,0.0,0.0
2024-09-16 10:15:00-04:00,41.23500061035156,41.2400016784668,41.224998474121094,41.23500061035156,3882,0.0,0.0,0.0
2024-09-16 10:20:00-04:00,41.22999954223633,41.22999954223633,41.21500015258789,41.21500015258789,4235,0.0,0.0,0.0
2024-09-16 10:25:00-04:00,41.21500015258789,41.21500015258789,41.16999816894531,41.189998626708984,4532,0.0,0.0,0.0
2024-09-16 10:30:00-04:00,41.185001373291016,41.185001373291016,41.14500045776367,41.16999816894531,4103,0.0,0.0,0.0
2024-09-16 10:35:00-04:00,41.150001525878906,41.16999816894531,41.150001525878906,41.16999816894531,1691,0.0,0.0,0.0
2024-09-16 10:40:00-04:00,41.165000915527344,41.165000915527344,41.13999938964844,41.13999938964844,1804,0.0,0.0,0.0
2024-09-16 10:45:00-04:00,41.13999938964844,41.150001525878906,41.130001068115234,41.14500045776367,3756,0.0,0.0,0.0
2024-09-16 10:50:00-04:00,41.150001525878906,41.16999816894531,41.150001525878906,41.150001525878906,3066,0.0,0.0,0.0
2024-09-16 10:55:00-04:00,41.13999938964844,41.13999938964844,41.130001068115234,41.1349983215332,1914,0.0,0.0,0.0
2024-09-16 11:00:00-04:00,41.130001068115234,41.1349983215332,41.119998931884766,41.130001068115234,3374,0.0,0.0,0.0
2024-09-16 11:05:00-04:00,41.130001068115234,41.13999938964844,41.125,41.1349983215332,2267,0.0,0.0,0.0
2024-09-16 11:10:00-04:00,41.1349983215332,41.14500045776367,41.1349983215332,41.14500045776367,1122,0.0,0.0,0.0
2024-09-16 11:15:00-04:00,41.13999938964844,41.13999938964844,41.130001068115234,41.1349983215332,2485,0.0,0.0,0.0
2024-09-16 11:20:00-04:00,41.130001068115234,41.13999938964844,41.130001068115234,41.13999938964844,2244,0.0,0.0,0.0
2024-09-16 11:25:00-04:00,41.13999938964844,41.13999938964844,41.1349983215332,41.1349983215332,1259,0.0,0.0,0.0
2024-09-16 11:30:00-04:00,41.1349983215332,41.13999938964844,41.1349983215332,41.1349983215332,1239,0.0,0.0,0.0
2024-09-16 11:35:00-04:00,41.130001068115234,41.1349983215332,41.125,41.1349983215332,3606,0.0,0.0,0.0
2024-09-16 11:40:00-04:00,41.130001068115234,41.13999938964844,41.125,41.1349983215332,1314,0.0,0.0,0.0
2024-09-16 11:45:00-04:00,41.125,41.130001068115234,41.125,41.125,4821,0.0,0.0,0.0
2024-09-16 11:50:00-04:00,41.119998931884766,41.150001525878906,41.119998931884766,41.14500045776367,4224,0.0,0.0,0.0
2024-09-16 11:55:00-04:00,41.150001525878906,41.15999984741211,41.13999938964844,41.13999938964844,0,0.0,0.0,0.0
2024-09-16 12:00:00-04:00,41.13999938964844,41.13999938964844,41.130001068115234,41.130001068115234,153477,0.0,0.0,0.0
2024-09-16 12:05:00-04:00,41.1349983215332,41.165000915527344,41.130001068115234,41.165000915527344,5536,0.0,0.0,0.0
2024-09-16 12:10:00-04:00,41.165000915527344,41.165000915527344,41.14759826660156,41.14759826660156,3689,0.0,0.0,0.0
2024-09-16 12:15:00-04:00,41.14500045776367,41.150001525878906,41.125,41.125,3918,0.0,0.0,0.0
2024-09-16 12:20:00-04:00,41.130001068115234,41.130001068115234,41.119998931884766,41.125,2197,0.0,0.0,0.0
2024-09-16 12:25:00-04:00,41.130001068115234,41.165000915527344,41.130001068115234,41.165000915527344,1704,0.0,0.0,0.0
2024-09-16 12:30:00-04:00,41.165000915527344,41.165000915527344,41.130001068115234,41.150001525878906,2663,0.0,0.0,0.0
2024-09-16 12:35:00-04:00,41.14500045776367,41.15999984741211,41.14500045776367,41.150001525878906,2653,0.0,0.0,0.0
2024-09-16 12:40:00-04:00,41.150001525878906,41.150001525878906,41.14500045776367,41.14500045776367,1370,0.0,0.0,0.0
2024-09-16 12:45:00-04:00,41.13999938964844,41.13999938964844,41.1349983215332,41.13999938964844,999,0.0,0.0,0.0
2024-09-16 12:50:00-04:00,41.13999938964844,41.13999938964844,41.1349983215332,41.13999938964844,1024,0.0,0.0,0.0
2024-09-16 12:55:00-04:00,41.14500045776367,41.15999984741211,41.13999938964844,41.150001525878906,2421,0.0,0.0,0.0
2024-09-16 13:00:00-04:00,41.150001525878906,41.150001525878906,41.13999938964844,41.14500045776367,1567,0.0,0.0,0.0
2024-09-16 13:05:00-04:00,41.13999938964844,41.14500045776367,41.13999938964844,41.14500045776367,500,0.0,0.0,0.0
2024-09-16 13:10:00-04:00,41.14500045776367,41.150001525878906,41.13999938964844,41.150001525878906,2104,0.0,0.0,0.0
2024-09-16 13:15:00-04:00,41.150001525878906,41.15999984741211,41.150001525878906,41.15999984741211,806,0.0,0.0,0.0
2024-09-16 13:20:00-04:00,41.154998779296875,41.154998779296875,41.150001525878906,41.150001525878906,798,0.0,0.0,0.0
2024-09-16 13:25:00-04:00,41.15999984741211,41.18000030517578,41.15999984741211,41.15999984741211,5764,0.0,0.0,0.0
2024-09-16 13:35:00-04:00,41.15999984741211,41.185001373291016,41.154998779296875,41.185001373291016,2596,0.0,0.0,0.0
2024-09-16 13:40:00-04:00,41.18000030517578,41.189998626708984,41.18000030517578,41.189998626708984,979,0.0,0.0,0.0
2024-09-16 13:45:00-04:00,41.189998626708984,41.189998626708984,41.18000030517578,41.189998626708984,1869,0.0,0.0,0.0
2024-09-16 13:50:00-04:00,41.18000030517578,41.189998626708984,41.18000030517578,41.185001373291016,1806,0.0,0.0,0.0
2024-09-16 13:55:00-04:00,41.185001373291016,41.185001373291016,41.185001373291016,41.185001373291016,446,0.0,0.0,0.0
2024-09-16 14:00:00-04:00,41.18000030517578,41.18000030517578,41.16999816894531,41.16999816894531,1538,0.0,0.0,0.0
2024-09-16 14:05:00-04:00,41.15999984741211,41.16999816894531,41.15999984741211,41.15999984741211,1058,0.0,0.0,0.0
2024-09-16 14:10:00-04:00,41.16999816894531,41.185001373291016,41.16999816894531,41.185001373291016,2563,0.0,0.0,0.0
2024-09-16 14:15:00-04:00,41.16999816894531,41.18000030517578,41.16999816894531,41.17499923706055,1906,0.0,0.0,0.0
2024-09-16 14:20:00-04:00,41.17499923706055,41.17499923706055,41.165000915527344,41.165000915527344,1430,0.0,0.0,0.0
2024-09-16 14:25:00-04:00,41.16999816894531,41.16999816894531,41.165000915527344,41.16999816894531,1183,0.0,0.0,0.0
2024-09-16 14:30:00-04:00,41.16999816894531,41.189998626708984,41.169898986816406,41.17499923706055,5574,0.0,0.0,0.0
2024-09-16 14:35:00-04:00,41.17499923706055,41.17499923706055,41.17499923706055,41.17499923706055,149,0.0,0.0,0.0
2024-09-16 14:40:00-04:00,41.16999816894531,41.16999816894531,41.15999984741211,41.165000915527344,2263,0.0,0.0,0.0
2024-09-16 14:45:00-04:00,41.165000915527344,41.165000915527344,41.15999984741211,41.15999984741211,1131,0.0,0.0,0.0
2024-09-16 14:50:00-04:00,41.15999984741211,41.185001373291016,41.15999984741211,41.185001373291016,2488,0.0,0.0,0.0
2024-09-16 14:55:00-04:00,41.185001373291016,41.185001373291016,41.185001373291016,41.185001373291016,1372,0.0,0.0,0.0
2024-09-16 15:00:00-04:00,41.185001373291016,41.189998626708984,41.18000030517578,41.18000030517578,1770,0.0,0.0,0.0
2024-09-16 15:05:00-04:00,41.18000030517578,41.189998626708984,41.18000030517578,41.18000030517578,845,0.0,0.0,0.0
2024-09-16 15:10:00-04:00,41.18000030517578,41.185001373291016,41.18000030517578,41.185001373291016,5359,0.0,0.0,0.0
2024-09-16 15:15:00-04:00,41.18000030517578,41.18000030517578,41.16999816894531,41.17499923706055,1877,0.0,0.0,0.0
2024-09-16 15:20:00-04:00,41.18000030517578,41.18000030517578,41.16999816894531,41.17499923706055,3555,0.0,0.0,0.0
2024-09-16 15:25:00-04:00,41.16999816894531,41.17499923706055,41.16999816894531,41.16999816894531,1515,0.0,0.0,0.0
2024-09-16 15:30:00-04:00,41.18000030517578,41.20000076293945,41.16999816894531,41.19499969482422,6173,0.0,0.0,0.0
2024-09-16 15:35:00-04:00,41.20000076293945,41.20500183105469,41.19499969482422,41.20000076293945,3687,0.0,0.0,0.0
2024-09-16 15:40:00-04:00,41.209999084472656,41.22999954223633,41.20500183105469,41.224998474121094,5883,0.0,0.0,0.0
2024-09-16 15:45:00-04:00,41.224998474121094,41.2400016784668,41.224998474121094,41.2400016784668,3132,0.0,0.0,0.0
2024-09-16 15:50:00-04:00,41.23500061035156,41.2400016784668,41.224998474121094,41.23500061035156,6641,0.0,0.0,0.0
2024-09-16 15:55:00-04:00,41.23500061035156,41.25,41.22999954223633,41.2400016784668,15423,0.0,0.0,0.0
2024-09-17 09:30:00-04:00,41.15999984741211,41.38999938964844,41.15999984741211,41.31999969482422,4113,0.0,0.0,0.0
2024-09-17 09:35:00-04:00,41.349998474121094,41.39899826049805,41.33000183105469,41.39899826049805,9663,0.0,0.0,0.0
2024-09-17 09:40:00-04:00,41.400001525878906,41.415000915527344,41.38999938964844,41.415000915527344,3209,0.0,0.0,0.0
2024-09-17 09:45:00-04:00,41.41999816894531,41.47999954223633,41.415000915527344,41.459999084472656,11720,0.0,0.0,0.0
2024-09-17 09:50:00-04:00,41.459999084472656,41.459999084472656,41.41999816894531,41.439998626708984,1584,0.0,0.0,0.0
2024-09-17 09:55:00-04:00,41.470001220703125,41.470001220703125,41.45000076293945,41.45000076293945,893,0.0,0.0,0.0
2024-09-17 10:00:00-04:00,41.44499969482422,41.45500183105469,41.43000030517578,41.45000076293945,3112,0.0,0.0,0.0
2024-09-17 10:05:00-04:00,41.459999084472656,41.470001220703125,41.45000076293945,41.459999084472656,2137,0.0,0.0,0.0
2024-09-17 10:10:00-04:00,41.459999084472656,41.459999084472656,41.439998626708984,41.439998626708984,3698,0.0,0.0,0.0
2024-09-17 10:15:00-04:00,41.459999084472656,41.470001220703125,41.459999084472656,41.46500015258789,1388,0.0,0.0,0.0
2024-09-17 10:20:00-04:00,41.470001220703125,41.47999954223633,41.459999084472656,41.470001220703125,1844,0.0,0.0,0.0
2024-09-17 10:25:00-04:00,41.470001220703125,41.4900016784668,41.470001220703125,41.4900016784668,448,0.0,0.0,0.0
2024-09-17 10:30:00-04:00,41.49679946899414,41.49679946899414,41.47999954223633,41.4900016784668,3300,0.0,0.0,0.0
2024-09-17 10:35:00-04:00,41.505001068115234,41.5099983215332,41.47999954223633,41.5099983215332,2476,0.0,0.0,0.0
2024-09-17 10:40:00-04:00,41.5099983215332,41.5099983215332,41.5,41.5,1000,0.0,0.0,0.0
2024-09-17 10:45:00-04:00,41.5099983215332,41.52000045776367,41.5099983215332,41.5099983215332,1001,0.0,0.0,0.0
2024-09-17 10:50:00-04:00,41.4900016784668,41.5,41.4900016784668,41.5,425,0.0,0.0,0.0
2024-09-17 10:55:00-04:00,41.5,41.5,41.470001220703125,41.470001220703125,4295,0.0,0.0,0.0
2024-09-17 11:00:00-04:00,41.52000045776367,41.52000045776367,41.5,41.5,534,0.0,0.0,0.0
2024-09-17 11:05:00-04:00,41.5099983215332,41.52000045776367,41.5099983215332,41.52000045776367,638,0.0,0.0,0.0
2024-09-17 11:10:00-04:00,41.505001068115234,41.5099983215332,41.5,41.5,1123,0.0,0.0,0.0
2024-09-17 11:15:00-04:00,41.5099983215332,41.5099983215332,41.5099983215332,41.5099983215332,202,0.0,0.0,0.0
2024-09-17 11:20:00-04:00,41.5,41.505001068115234,41.47999954223633,41.4900016784668,2285,0.0,0.0,0.0
2024-09-17 11:25:00-04:00,41.4900016784668,41.4900016784668,41.48979949951172,41.48979949951172,479,0.0,0.0,0.0
2024-09-17 11:30:00-04:00,41.474998474121094,41.474998474121094,41.474998474121094,41.474998474121094,472,0.0,0.0,0.0
2024-09-17 11:35:00-04:00,41.474998474121094,41.474998474121094,41.46500015258789,41.474998474121094,1952,0.0,0.0,0.0
2024-09-17 11:40:00-04:00,41.474998474121094,41.48500061035156,41.47370147705078,41.47999954223633,3138,0.0,0.0,0.0
2024-09-17 11:45:00-04:00,41.4900016784668,41.4900016784668,41.4900016784668,41.4900016784668,824,0.0,0.0,0.0
2024-09-17 11:50:00-04:00,41.4900016784668,41.494998931884766,41.4900016784668,41.494998931884766,1973,0.0,0.0,0.0
2024-09-17 11:55:00-04:00,41.494998931884766,41.494998931884766,41.474998474121094,41.47999954223633,2684,0.0,0.0,0.0
2024-09-17 12:00:00-04:00,41.46500015258789,41.470001220703125,41.46500015258789,41.470001220703125,2120,0.0,0.0,0.0
2024-09-17 12:05:00-04:00,41.47489929199219,41.47489929199219,41.459999084472656,41.459999084472656,2021,0.0,0.0,0.0
2024-09-17 12:10:00-04:00,41.46500015258789,41.47999954223633,41.459999084472656,41.47999954223633,2500,0.0,0.0,0.0
2024-09-17 12:15:00-04:00,41.46500015258789,41.474998474121094,41.459999084472656,41.459999084472656,1397,0.0,0.0,0.0
2024-09-17 12:20:00-04:00,41.439998626708984,41.439998626708984,41.42499923706055,41.43000030517578,2388,0.0,0.0,0.0
2024-09-17 12:25:00-04:00,41.45000076293945,41.470001220703125,41.45000076293945,41.46500015258789,392,0.0,0.0,0.0
2024-09-17 12:30:00-04:00,41.459999084472656,41.459999084472656,41.45500183105469,41.459999084472656,1315,0.0,0.0,0.0
2024-09-17 12:35:00-04:00,41.45009994506836,41.459999084472656,41.45000076293945,41.45000076293945,4848,0.0,0.0,0.0
2024-09-17 12:40:00-04:00,41.45500183105469,41.45500183105469,41.439998626708984,41.439998626708984,2607,0.0,0.0,0.0
2024-09-17 12:45:00-04:00,41.435001373291016,41.435001373291016,41.40999984741211,41.40999984741211,1321,0.0,0.0,0.0
2024-09-17 12:50:00-04:00,41.400001525878906,41.415000915527344,41.38999938964844,41.415000915527344,967,0.0,0.0,0.0
2024-09-17 12:55:00-04:00,41.415000915527344,41.43000030517578,41.40999984741211,41.40999984741211,1576,0.0,0.0,0.0
2024-09-17 13:00:00-04:00,41.400001525878906,41.415000915527344,41.400001525878906,41.415000915527344,934,0.0,0.0,0.0
2024-09-17 13:05:00-04:00,41.41999816894531,41.43000030517578,41.40999984741211,41.40999984741211,1371,0.0,0.0,0.0
2024-09-17 13:10:00-04:00,41.415000915527344,41.415000915527344,41.38999938964844,41.404998779296875,1247,0.0,0.0,0.0
2024-09-17 13:15:00-04:00,41.40999984741211,41.415000915527344,41.400001525878906,41.400001525878906,1549,0.0,0.0,0.0
2024-09-17 13:20:00-04:00,41.415000915527344,41.41999816894531,41.415000915527344,41.41999816894531,610,0.0,0.0,0.0
2024-09-17 13:25:00-04:00,41.42499923706055,41.43000030517578,41.41999816894531,41.43000030517578,3026,0.0,0.0,0.0
2024-09-17 13:30:00-04:00,41.43000030517578,41.43000030517578,41.415000915527344,41.415000915527344,1258,0.0,0.0,0.0
2024-09-17 13:35:00-04:00,41.41999816894531,41.43000030517578,41.41999816894531,41.43000030517578,336,0.0,0.0,0.0
2024-09-17 13:40:00-04:00,41.41999816894531,41.41999816894531,41.40999984741211,41.40999984741211,1785,0.0,0.0,0.0
2024-09-17 13:45:00-04:00,41.400001525878906,41.404998779296875,41.39500045776367,41.404998779296875,551,0.0,0.0,0.0
2024-09-17 13:50:00-04:00,41.43000030517578,41.43000030517578,41.42499923706055,41.42499923706055,201,0.0,0.0,0.0
2024-09-17 13:55:00-04:00,41.43000030517578,41.439998626708984,41.43000030517578,41.435001373291016,922,0.0,0.0,0.0
2024-09-17 14:00:00-04:00,41.43000030517578,41.43000030517578,41.42499923706055,41.43000030517578,1946,0.0,0.0,0.0
2024-09-17 14:05:00-04:00,41.435001373291016,41.439998626708984,41.435001373291016,41.435001373291016,435,0.0,0.0,0.0
2024-09-17 14:10:00-04:00,41.439998626708984,41.439998626708984,41.43000030517578,41.43000030517578,3641,0.0,0.0,0.0
2024-09-17 14:15:00-04:00,41.41999816894531,41.43000030517578,41.41999816894531,41.43000030517578,977,0.0,0.0,0.0
2024-09-17 14:20:00-04:00,41.43000030517578,41.435001373291016,41.42499923706055,41.43000030517578,3399,0.0,0.0,0.0
2024-09-17 14:25:00-04:00,41.43000030517578,41.43000030517578,41.41999816894531,41.41999816894531,950,0.0,0.0,0.0
2024-09-17 14:30:00-04:00,41.42499923706055,41.42499923706055,41.40999984741211,41.41999816894531,2046,0.0,0.0,0.0
2024-09-17 14:35:00-04:00,41.41999816894531,41.42499923706055,41.415000915527344,41.42499923706055,1683,0.0,0.0,0.0
2024-09-17 14:40:00-04:00,41.42499923706055,41.42499923706055,41.349998474121094,41.38999938964844,96269,0.0,0.0,0.0
2024-09-17 14:45:00-04:00,41.380001068115234,41.38999938964844,41.375,41.380001068115234,3070,0.0,0.0,0.0
2024-09-17 14:50:00-04:00,41.380001068115234,41.400001525878906,41.380001068115234,41.3849983215332,3072,0.0,0.0,0.0
2024-09-17 14:55:00-04:00,41.400001525878906,41.400001525878906,41.3849983215332,41.3849983215332,2618,0.0,0.0,0.0
2024-09-17 15:00:00-04:00,41.3849983215332,41.38999938964844,41.380001068115234,41.380001068115234,2322,0.0,0.0,0.0
2024-09-17 15:05:00-04:00,41.380001068115234,41.38999938964844,41.380001068115234,41.3849983215332,3313,0.0,0.0,0.0
2024-09-17 15:10:00-04:00,41.3849983215332,41.38999938964844,41.380001068115234,41.3849983215332,3766,0.0,0.0,0.0
2024-09-17 15:15:00-04:00,41.38999938964844,41.400001525878906,41.38999938964844,41.38999938964844,1645,0.0,0.0,0.0
2024-09-17 15:20:00-04:00,41.38999938964844,41.38999938964844,41.3650016784668,41.3650016784668,3469,0.0,0.0,0.0
2024-09-17 15:25:00-04:00,41.369998931884766,41.3849983215332,41.369998931884766,41.380001068115234,2870,0.0,0.0,0.0
2024-09-17 15:30:00-04:00,41.380001068115234,41.404998779296875,41.375,41.400001525878906,5498,0.0,0.0,0.0
2024-09-17 15:35:00-04:00,41.400001525878906,41.400001525878906,41.380001068115234,41.3849983215332,5718,0.0,0.0,0.0
2024-09-17 15:40:00-04:00,41.38999938964844,41.38999938964844,41.3650016784668,41.369998931884766,4953,0.0,0.0,0.0
2024-09-17 15:45:00-04:00,41.380001068115234,41.38999938964844,41.380001068115234,41.3849983215332,5642,0.0,0.0,0.0
2024-09-17 15:50:00-04:00,41.380001068115234,41.380001068115234,41.349998474121094,41.36000061035156,12310,0.0,0.0,0.0
2024-09-17 15:55:00-04:00,41.36000061035156,41.380001068115234,41.34000015258789,41.369998931884766,39947,0.0,0.0,0.0
2024-09-18 09:30:00-04:00,41.46500015258789,41.59000015258789,41.46500015258789,41.560001373291016,0,0.0,0.0,0.0
2024-09-18 09:35:00-04:00,41.560001373291016,41.58000183105469,41.54999923706055,41.58000183105469,5983,0.0,0.0,0.0
2024-09-18 09:40:00-04:00,41.599998474121094,41.599998474121094,41.56999969482422,41.56999969482422,4342,0.0,0.0,0.0
2024-09-18 09:45:00-04:00,41.59000015258789,41.6150016784668,41.54999923706055,41.54999923706055,4015,0.0,0.0,0.0
2024-09-18 09:50:00-04:00,41.54999923706055,41.58000183105469,41.54499816894531,41.58000183105469,1904,0.0,0.0,0.0
2024-09-18 09:55:00-04:00,41.59000015258789,41.59000015258789,41.56999969482422,41.57500076293945,1475,0.0,0.0,0.0
2024-09-18 10:00:00-04:00,41.56999969482422,41.59000015258789,41.56999969482422,41.584999084472656,1941,0.0,0.0,0.0
2024-09-18 10:05:00-04:00,41.584999084472656,41.599998474121094,41.584999084472656,41.584999084472656,3719,0.0,0.0,0.0
2024-09-18 10:10:00-04:00,41.59000015258789,41.605098724365234,41.584999084472656,41.584999084472656,5373,0.0,0.0,0.0
2024-09-18 10:15:00-04:00,41.584999084472656,41.61000061035156,41.57500076293945,41.57500076293945,14171,0.0,0.0,0.0
2024-09-18 10:20:00-04:00,41.56999969482422,41.56999969482422,41.54499816894531,41.560001373291016,13109,0.0,0.0,0.0
2024-09-18 10:25:00-04:00,41.564998626708984,41.56999969482422,41.564998626708984,41.564998626708984,780,0.0,0.0,0.0
2024-09-18 10:30:00-04:00,41.56999969482422,41.595001220703125,41.55500030517578,41.564998626708984,2504,0.0,0.0,0.0
2024-09-18 10:35:00-04:00,41.564998626708984,41.56999969482422,41.560001373291016,41.564998626708984,1966,0.0,0.0,0.0
2024-09-18 10:40:00-04:00,41.56999969482422,41.61000061035156,41.56999969482422,41.61000061035156,2687,0.0,0.0,0.0
2024-09-18 10:45:00-04:00,41.60499954223633,41.61000061035156,41.595001220703125,41.595001220703125,0,0.0,0.0,0.0
2024-09-18 10:50:00-04:00,41.59000015258789,41.59000015258789,41.58000183105469,41.584999084472656,66919,0.0,0.0,0.0
2024-09-18 10:55:00-04:00,41.584999084472656,41.59000015258789,41.584999084472656,41.584999084472656,1521,0.0,0.0,0.0
2024-09-18 11:00:00-04:00,41.584999084472656,41.599998474121094,41.584999084472656,41.595001220703125,1233,0.0,0.0,0.0
2024-09-18 11:05:00-04:00,41.595001220703125,41.599998474121094,41.57500076293945,41.59000015258789,1961,0.0,0.0,0.0
2024-09-18 11:10:00-04:00,41.58000183105469,41.584999084472656,41.58000183105469,41.584999084472656,1301,0.0,0.0,0.0
2024-09-18 11:15:00-04:00,41.58000183105469,41.58000183105469,41.57500076293945,41.57500076293945,647,0.0,0.0,0.0
2024-09-18 11:20:00-04:00,41.56999969482422,41.56999969482422,41.560001373291016,41.560001373291016,2064,0.0,0.0,0.0
2024-09-18 11:25:00-04:00,41.564998626708984,41.564998626708984,41.564998626708984,41.564998626708984,827,0.0,0.0,0.0
2024-09-18 11:30:00-04:00,41.564998626708984,41.56999969482422,41.55500030517578,41.564998626708984,3453,0.0,0.0,0.0
2024-09-18 11:35:00-04:00,41.560001373291016,41.560001373291016,41.55500030517578,41.55500030517578,1352,0.0,0.0,0.0
2024-09-18 11:40:00-04:00,41.55500030517578,41.55500030517578,41.540000915527344,41.54499816894531,1545,0.0,0.0,0.0
2024-09-18 11:45:00-04:00,41.53499984741211,41.540000915527344,41.529998779296875,41.529998779296875,1303,0.0,0.0,0.0
2024-09-18 11:50:00-04:00,41.53499984741211,41.54999923706055,41.53499984741211,41.54499816894531,830,0.0,0.0,0.0
2024-09-18 11:55:00-04:00,41.54499816894531,41.55500030517578,41.54499816894531,41.55500030517578,1078,0.0,0.0,0.0
2024-09-18 12:00:00-04:00,41.54999923706055,41.54999923706055,41.54499816894531,41.54499816894531,12882,0.0,0.0,0.0
2024-09-18 12:05:00-04:00,41.54999923706055,41.560001373291016,41.54499816894531,41.560001373291016,3740,0.0,0.0,0.0
2024-09-18 12:10:00-04:00,41.564998626708984,41.56999969482422,41.564998626708984,41.56999969482422,2894,0.0,0.0,0.0
2024-09-18 12:15:00-04:00,41.58000183105469,41.58000183105469,41.56999969482422,41.56999969482422,795,0.0,0.0,0.0
2024-09-18 12:20:00-04:00,41.564998626708984,41.56999969482422,41.564998626708984,41.56999969482422,830,0.0,0.0,0.0
2024-09-18 12:25:00-04:00,41.56999969482422,41.58000183105469,41.56999969482422,41.57500076293945,2355,0.0,0.0,0.0
2024-09-18 12:30:00-04:00,41.57500076293945,41.58000183105469,41.56999969482422,41.57500076293945,1258,0.0,0.0,0.0
2024-09-18 12:35:00-04:00,41.57500076293945,41.59000015258789,41.57500076293945,41.59000015258789,8342,0.0,0.0,0.0
2024-09-18 12:40:00-04:00,41.59000015258789,41.599998474121094,41.584999084472656,41.599998474121094,1141,0.0,0.0,0.0
2024-09-18 12:45:00-04:00,41.599998474121094,41.60499954223633,41.595001220703125,41.60499954223633,1425,0.0,0.0,0.0
2024-09-18 12:50:00-04:00,41.60499954223633,41.61000061035156,41.60499954223633,41.60499954223633,600,0.0,0.0,0.0
2024-09-18 12:55:00-04:00,41.60499954223633,41.61000061035156,41.60499954223633,41.60499954223633,926,0.0,0.0,0.0
2024-09-18 13:00:00-04:00,41.60499954223633,41.6150016784668,41.60499954223633,41.6150016784668,1085,0.0,0.0,0.0
2024-09-18 13:05:00-04:00,41.60499954223633,41.61000061035156,41.60499954223633,41.60499954223633,602,0.0,0.0,0.0
2024-09-18 13:10:00-04:00,41.61000061035156,41.61000061035156,41.60499954223633,41.61000061035156,800,0.0,0.0,0.0
2024-09-18 13:15:00-04:00,41.60499954223633,41.60499954223633,41.599998474121094,41.60499954223633,874,0.0,0.0,0.0
2024-09-18 13:20:00-04:00,41.60499954223633,41.60499954223633,41.59000015258789,41.595001220703125,1527,0.0,0.0,0.0
2024-09-18 13:25:00-04:00,41.595001220703125,41.595001220703125,41.595001220703125,41.595001220703125,1000,0.0,0.0,0.0
2024-09-18 13:35:00-04:00,41.6150016784668,41.619998931884766,41.595001220703125,41.595001220703125,2437,0.0,0.0,0.0
2024-09-18 13:40:00-04:00,41.595001220703125,41.595001220703125,41.595001220703125,41.595001220703125,436,0.0,0.0,0.0
2024-09-18 13:45:00-04:00,41.599998474121094,41.6150016784668,41.599998474121094,41.61000061035156,1375,0.0,0.0,0.0
2024-09-18 13:50:00-04:00,41.599998474121094,41.599998474121094,41.57500076293945,41.57500076293945,1522,0.0,0.0,0.0
2024-09-18 13:55:00-04:00,41.56999969482422,41.58000183105469,41.560001373291016,41.58000183105469,1089,0.0,0.0,0.0
2024-09-18 14:00:00-04:00,41.58000183105469,41.7599983215332,41.56999969482422,41.66999816894531,12785,0.0,0.0,0.0
2024-09-18 14:05:00-04:00,41.68000030517578,41.70000076293945,41.66999816894531,41.68000030517578,4821,0.0,0.0,0.0
2024-09-18 14:10:00-04:00,41.68000030517578,41.68000030517578,41.6150016784668,41.64500045776367,6001,0.0,0.0,0.0
2024-09-18 14:15:00-04:00,41.64500045776367,41.709999084472656,41.63999938964844,41.70500183105469,7098,0.0,0.0,0.0
2024-09-18 14:20:00-04:00,41.71500015258789,41.71500015258789,41.709999084472656,41.71500015258789,4335,0.0,0.0,0.0
2024-09-18 14:25:00-04:00,41.71500015258789,41.7599983215332,41.70000076293945,41.7599983215332,20472,0.0,0.0,0.0
2024-09-18 14:30:00-04:00,41.75,41.810001373291016,41.75,41.79499816894531,16098,0.0,0.0,0.0
2024-09-18 14:35:00-04:00,41.79499816894531,41.79999923706055,41.755001068115234,41.779998779296875,5753,0.0,0.0,0.0
2024-09-18 14:40:00-04:00,41.779998779296875,41.779998779296875,41.69499969482422,41.709999084472656,6547,0.0,0.0,0.0
2024-09-18 14:45:00-04:00,41.709999084472656,41.7599983215332,41.709999084472656,41.7400016784668,5060,0.0,0.0,0.0
2024-09-18 14:50:00-04:00,41.7400016784668,41.779998779296875,41.724998474121094,41.77000045776367,6580,0.0,0.0,0.0
2024-09-18 14:55:00-04:00,41.75,41.77000045776367,41.689998626708984,41.689998626708984,4422,0.0,0.0,0.0
2024-09-18 15:00:00-04:00,41.689998626708984,41.709999084472656,41.650001525878906,41.70500183105469,7462,0.0,0.0,0.0
2024-09-18 15:05:00-04:00,41.689998626708984,41.689998626708984,41.630001068115234,41.63999938964844,2992,0.0,0.0,0.0
2024-09-18 15:10:00-04:00,41.630001068115234,41.7400016784668,41.630001068115234,41.720001220703125,5479,0.0,0.0,0.0
2024-09-18 15:15:00-04:00,41.709999084472656,41.709999084472656,41.665000915527344,41.70000076293945,3900,0.0,0.0,0.0
2024-09-18 15:20:00-04:00,41.685001373291016,41.685001373291016,41.630001068115234,41.65999984741211,5195,0.0,0.0,0.0
2024-09-18 15:25:00-04:00,41.68000030517578,41.72999954223633,41.68000030517578,41.69499969482422,3266,0.0,0.0,0.0
2024-09-18 15:30:00-04:00,41.70000076293945,41.71500015258789,41.665000915527344,41.665000915527344,6116,0.0,0.0,0.0
2024-09-18 15:35:00-04:00,41.65999984741211,41.67499923706055,41.650001525878906,41.665000915527344,3319,0.0,0.0,0.0
2024-09-18 15:40:00-04:00,41.654998779296875,41.654998779296875,41.619998931884766,41.625,4308,0.0,0.0,0.0
2024-09-18 15:45:00-04:00,41.625,41.625,41.60499954223633,41.619998931884766,6823,0.0,0.0,0.0
2024-09-18 15:50:00-04:00,41.619998931884766,41.6349983215332,41.6150016784668,41.6349983215332,5807,0.0,0.0,0.0
2024-09-18 15:55:00-04:00,41.63999938964844,41.70500183105469,41.599998474121094,41.630001068115234,32768,0.0,0.0,0.0
2024-09-19 09:30:00-04:00,42.2400016784668,42.2400016784668,42.11000061035156,42.14500045776367,33132,0.0,0.0,0.0
2024-09-19 09:35:00-04:00,42.147499084472656,42.185001373291016,42.130001068115234,42.17499923706055,36377,0.0,0.0,0.0
2024-09-19 09:40:00-04:00,42.18000030517578,42.209999084472656,42.18000030517578,42.18000030517578,41685,0.0,0.0,0.0
2024-09-19 09:45:00-04:00,42.18000030517578,42.19499969482422,42.18000030517578,42.189998626708984,5723,0.0,0.0,0.0
2024-09-19 09:50:00-04:00,42.18000030517578,42.18980026245117,42.165000915527344,42.185001373291016,8587,0.0,0.0,0.0
2024-09-19 09:55:00-04:00,42.189998626708984,42.21500015258789,42.189998626708984,42.21500015258789,15371,0.0,0.0,0.0
2024-09-19 10:00:00-04:00,42.220001220703125,42.2400016784668,42.21500015258789,42.21500015258789,29250,0.0,0.0,0.0
2024-09-19 10:05:00-04:00,42.21500015258789,42.220001220703125,42.19499969482422,42.19499969482422,23154,0.0,0.0,0.0
2024-09-19 10:10:00-04:00,42.18000030517578,42.20000076293945,42.17499923706055,42.20000076293945,13094,0.0,0.0,0.0
2024-09-19 10:15:00-04:00,42.20000076293945,42.209999084472656,42.20000076293945,42.209999084472656,7608,0.0,0.0,0.0
2024-09-19 10:20:00-04:00,42.209999084472656,42.22999954223633,42.20500183105469,42.21500015258789,4963,0.0,0.0,0.0
2024-09-19 10:25:00-04:00,42.21500015258789,42.22999954223633,42.21500015258789,42.22999954223633,6007,0.0,0.0,0.0
2024-09-19 10:30:00-04:00,42.22999954223633,42.2400016784668,42.22999954223633,42.23500061035156,2814,0.0,0.0,0.0
2024-09-19 10:35:00-04:00,42.2400016784668,42.279998779296875,42.23500061035156,42.275001525878906,6239,0.0,0.0,0.0
2024-09-19 10:40:00-04:00,42.275001525878906,42.29999923706055,42.22999954223633,42.2400016784668,7981,0.0,0.0,0.0
2024-09-19 10:45:00-04:00,42.2400016784668,42.255001068115234,42.22999954223633,42.255001068115234,2104,0.0,0.0,0.0
2024-09-19 10:50:00-04:00,42.279998779296875,42.290000915527344,42.26499938964844,42.28499984741211,2704,0.0,0.0,0.0
2024-09-19 10:55:00-04:00,42.275001525878906,42.275001525878906,42.2599983215332,42.2599983215332,4330,0.0,0.0,0.0
2024-09-19 11:00:00-04:00,42.255001068115234,42.26499938964844,42.25,42.26499938964844,3458,0.0,0.0,0.0
2024-09-19 11:05:00-04:00,42.2599983215332,42.27000045776367,42.22999954223633,42.25,5509,0.0,0.0,0.0
2024-09-19 11:10:00-04:00,42.255001068115234,42.2599983215332,42.255001068115234,42.2599983215332,2366,0.0,0.0,0.0
2024-09-19 11:15:00-04:00,42.2599983215332,42.27000045776367,42.255001068115234,42.27000045776367,2795,0.0,0.0,0.0
2024-09-19 11:20:00-04:00,42.27000045776367,42.279998779296875,42.26499938964844,42.279998779296875,4058,0.0,0.0,0.0
2024-09-19 11:25:00-04:00,42.279998779296875,42.290000915527344,42.27000045776367,42.275001525878906,4973,0.0,0.0,0.0
2024-09-19 11:30:00-04:00,42.275001525878906,42.279998779296875,42.2400016784668,42.244998931884766,1905,0.0,0.0,0.0
2024-09-19 11:35:00-04:00,42.244998931884766,42.27000045776367,42.244998931884766,42.26499938964844,2588,0.0,0.0,0.0
2024-09-19 11:40:00-04:00,42.26499938964844,42.279998779296875,42.26499938964844,42.275001525878906,4093,0.0,0.0,0.0
2024-09-19 11:45:00-04:00,42.275001525878906,42.279998779296875,42.27000045776367,42.27000045776367,1832,0.0,0.0,0.0
2024-09-19 11:50:00-04:00,42.278900146484375,42.279998779296875,42.2400016784668,42.2400016784668,5148,0.0,0.0,0.0
2024-09-19 11:55:00-04:00,42.23500061035156,42.2400016784668,42.22999954223633,42.2400016784668,0,0.0,0.0,0.0
2024-09-19 12:00:00-04:00,42.23500061035156,42.2598991394043,42.23500061035156,42.2598991394043,297307,0.0,0.0,0.0
2024-09-19 12:05:00-04:00,42.255001068115234,42.27000045776367,42.255001068115234,42.26499938964844,2118,0.0,0.0,0.0
2024-09-19 12:10:00-04:00,42.27000045776367,42.27000045776367,42.2599983215332,42.2599983215332,18072,0.0,0.0,0.0
2024-09-19 12:15:00-04:00,42.2599983215332,42.279998779296875,42.255001068115234,42.279998779296875,3548,0.0,0.0,0.0
2024-09-19 12:20:00-04:00,42.275001525878906,42.290000915527344,42.27000045776367,42.275001525878906,2883,0.0,0.0,0.0
2024-09-19 12:25:00-04:00,42.279998779296875,42.279998779296875,42.27397918701172,42.279998779296875,2119,0.0,0.0,0.0
2024-09-19 12:30:00-04:00,42.275001525878906,42.279998779296875,42.275001525878906,42.279998779296875,1863,0.0,0.0,0.0
2024-09-19 12:35:00-04:00,42.279998779296875,42.279998779296875,42.275001525878906,42.279998779296875,1656,0.0,0.0,0.0
2024-09-19 12:40:00-04:00,42.279998779296875,42.290000915527344,42.275001525878906,42.290000915527344,2303,0.0,0.0,0.0
2024-09-19 12:45:00-04:00,42.290000915527344,42.29999923706055,42.28499984741211,42.290000915527344,4045,0.0,0.0,0.0
2024-09-19 12:50:00-04:00,42.28499984741211,42.290000915527344,42.28499984741211,42.290000915527344,925,0.0,0.0,0.0
2024-09-19 12:55:00-04:00,42.290000915527344,42.290000915527344,42.279998779296875,42.279998779296875,1897,0.0,0.0,0.0
2024-09-19 13:00:00-04:00,42.279998779296875,42.290000915527344,42.275001525878906,42.290000915527344,2614,0.0,0.0,0.0
2024-09-19 13:05:00-04:00,42.279998779296875,42.279998779296875,42.275001525878906,42.279998779296875,2983,0.0,0.0,0.0
2024-09-19 13:10:00-04:00,42.279998779296875,42.279998779296875,42.279998779296875,42.279998779296875,100,0.0,0.0,0.0
2024-09-19 13:15:00-04:00,42.275001525878906,42.29499816894531,42.275001525878906,42.279998779296875,7828,0.0,0.0,0.0
2024-09-19 13:20:00-04:00,42.28499984741211,42.28499984741211,42.279998779296875,42.279998779296875,1144,0.0,0.0,0.0
2024-09-19 13:25:00-04:00,42.275001525878906,42.290000915527344,42.275001525878906,42.28499984741211,2137,0.0,0.0,0.0
2024-09-19 13:30:00-04:00,42.290000915527344,42.290000915527344,42.26499938964844,42.26499938964844,3621,0.0,0.0,0.0
2024-09-19 13:35:00-04:00,42.26499938964844,42.27000045776367,42.26499938964844,42.27000045776367,899,0.0,0.0,0.0
2024-09-19 13:40:00-04:00,42.26499938964844,42.279998779296875,42.26499938964844,42.279998779296875,4008,0.0,0.0,0.0
2024-09-19 13:45:00-04:00,42.29999923706055,42.29999923706055,42.290000915527344,42.290000915527344,3261,0.0,0.0,0.0
2024-09-19 13:50:00-04:00,42.29499816894531,42.29999923706055,42.27000045776367,42.275001525878906,18844,0.0,0.0,0.0
2024-09-19 13:55:00-04:00,42.275001525878906,42.275001525878906,42.2599983215332,42.2599983215332,32325,0.0,0.0,0.0
2024-09-19 14:00:00-04:00,42.2599983215332,42.2599983215332,42.2400016784668,42.2400016784668,34840,0.0,0.0,0.0
2024-09-19 14:05:00-04:00,42.244998931884766,42.244998931884766,42.224998474121094,42.224998474121094,0,0.0,0.0,0.0
2024-09-19 14:10:00-04:00,42.224998474121094,42.22999954223633,42.220001220703125,42.22999954223633,477213,0.0,0.0,0.0
2024-09-19 14:15:00-04:00,42.220001220703125,42.2599983215332,42.220001220703125,42.25,9643,0.0,0.0,0.0
2024-09-19 14:20:00-04:00,42.25,42.2599983215332,42.244998931884766,42.25,2284,0.0,0.0,0.0
2024-09-19 14:25:00-04:00,42.244998931884766,42.310001373291016,42.244998931884766,42.30500030517578,3371,0.0,0.0,0.0
2024-09-19 14:30:00-04:00,42.30500030517578,42.34000015258789,42.30500030517578,42.34000015258789,3389,0.0,0.0,0.0
2024-09-19 14:35:00-04:00,42.349998474121094,42.349998474121094,42.33000183105469,42.345001220703125,6473,0.0,0.0,0.0
2024-09-19 14:40:00-04:00,42.345001220703125,42.349998474121094,42.334999084472656,42.345001220703125,4560,0.0,0.0,0.0
2024-09-19 14:45:00-04:00,42.345001220703125,42.349998474121094,42.34000015258789,42.34000015258789,4255,0.0,0.0,0.0
2024-09-19 14:50:00-04:00,42.334999084472656,42.334999084472656,42.30500030517578,42.30500030517578,8925,0.0,0.0,0.0
2024-09-19 14:55:00-04:00,42.29999923706055,42.31999969482422,42.29999923706055,42.31999969482422,2356,0.0,0.0,0.0
2024-09-19 15:00:00-04:00,42.349998474121094,42.349998474121094,42.314998626708984,42.33000183105469,6129,0.0,0.0,0.0
2024-09-19 15:05:00-04:00,42.32500076293945,42.34000015258789,42.314998626708984,42.314998626708984,4891,0.0,0.0,0.0
2024-09-19 15:10:00-04:00,42.310001373291016,42.31999969482422,42.29999923706055,42.310001373291016,8720,0.0,0.0,0.0
2024-09-19 15:15:00-04:00,42.30500030517578,42.31999969482422,42.30500030517578,42.310001373291016,11503,0.0,0.0,0.0
2024-09-19 15:20:00-04:00,42.30500030517578,42.31999969482422,42.30500030517578,42.31999969482422,4654,0.0,0.0,0.0
2024-09-19 15:25:00-04:00,42.31999969482422,42.32500076293945,42.29499816894531,42.29999923706055,6689,0.0,0.0,0.0
2024-09-19 15:30:00-04:00,42.29999923706055,42.29999923706055,42.29499816894531,42.29499816894531,5408,0.0,0.0,0.0
2024-09-19 15:35:00-04:00,42.310001373291016,42.31999969482422,42.310001373291016,42.31999969482422,5932,0.0,0.0,0.0
2024-09-19 15:40:00-04:00,42.31999969482422,42.31999969482422,42.29999923706055,42.310001373291016,11354,0.0,0.0,0.0
2024-09-19 15:45:00-04:00,42.30500030517578,42.31999969482422,42.30500030517578,42.31999969482422,1311,0.0,0.0,0.0
2024-09-19 15:50:00-04:00,42.314998626708984,42.34000015258789,42.30500030517578,42.34000015258789,8175,0.0,0.0,0.0
2024-09-19 15:55:00-04:00,42.31999969482422,42.34000015258789,42.310001373291016,42.33000183105469,28636,0.0,0.0,0.0
2024-09-20 09:30:00-04:00,42.34000015258789,42.34000015258789,42.34000015258789,42.34000015258789,4705,0.0,0.0,0.0
2024-09-20 09:35:00-04:00,42.33000183105469,42.33000183105469,42.29999923706055,42.33000183105469,6927,0.0,0.0,0.0
2024-09-20 09:40:00-04:00,42.33000183105469,42.349998474121094,42.32500076293945,42.32500076293945,6011,0.0,0.0,0.0
2024-09-20 09:45:00-04:00,42.32500076293945,42.33000183105469,42.31999969482422,42.33000183105469,4526,0.0,0.0,0.0
2024-09-20 09:50:00-04:00,42.33000183105469,42.334999084472656,42.31999969482422,42.32500076293945,2682,0.0,0.0,0.0
2024-09-20 09:55:00-04:00,42.32500076293945,42.32500076293945,42.31999969482422,42.31999969482422,3721,0.0,0.0,0.0
2024-09-20 10:00:00-04:00,42.314998626708984,42.314998626708984,42.28499984741211,42.30500030517578,3018,0.0,0.0,0.0
2024-09-20 10:05:00-04:00,42.30500030517578,42.30500030517578,42.30500030517578,42.30500030517578,694,0.0,0.0,0.0
2024-09-20 10:10:00-04:00,42.310001373291016,42.310001373291016,42.27000045776367,42.27000045776367,6663,0.0,0.0,0.0
2024-09-20 10:15:00-04:00,42.27000045776367,42.29499816894531,42.27000045776367,42.29499816894531,5027,0.0,0.0,0.0
2024-09-20 10:20:00-04:00,42.29499816894531,42.29999923706055,42.29499816894531,42.29999923706055,776,0.0,0.0,0.0
2024-09-20 10:25:00-04:00,42.29999923706055,42.314998626708984,42.29999923706055,42.310001373291016,3022,0.0,0.0,0.0
2024-09-20 10:30:00-04:00,42.310001373291016,42.310001373291016,42.29999923706055,42.29999923706055,4585,0.0,0.0,0.0
2024-09-20 10:35:00-04:00,42.29999923706055,42.310001373291016,42.29999923706055,42.30500030517578,1422,0.0,0.0,0.0
2024-09-20 10:40:00-04:00,42.310001373291016,42.310001373291016,42.310001373291016,42.310001373291016,940,0.0,0.0,0.0
2024-09-20 10:45:00-04:00,42.30500030517578,42.310001373291016,42.30500030517578,42.310001373291016,1516,0.0,0.0,0.0
2024-09-20 10:50:00-04:00,42.310001373291016,42.310001373291016,42.28499984741211,42.28499984741211,4131,0.0,0.0,0.0
2024-09-20 10:55:00-04:00,42.28499984741211,42.28499984741211,42.275001525878906,42.279998779296875,1899,0.0,0.0,0.0
2024-09-20 11:00:00-04:00,42.275001525878906,42.275001525878906,42.255001068115234,42.255001068115234,4550,0.0,0.0,0.0
2024-09-20 11:05:00-04:00,42.255001068115234,42.255001068115234,42.25,42.255001068115234,708,0.0,0.0,0.0
2024-09-20 11:10:00-04:00,42.255001068115234,42.2599983215332,42.255001068115234,42.2599983215332,910,0.0,0.0,0.0
2024-09-20 11:15:00-04:00,42.2599983215332,42.2599983215332,42.255001068115234,42.2599983215332,1820,0.0,0.0,0.0
2024-09-20 11:20:00-04:00,42.2599983215332,42.2599983215332,42.255001068115234,42.2599983215332,1831,0.0,0.0,0.0
2024-09-20 11:25:00-04:00,42.2599983215332,42.2599983215332,42.255001068115234,42.2599983215332,1693,0.0,0.0,0.0
2024-09-20 11:30:00-04:00,42.2599983215332,42.28499984741211,42.255001068115234,42.28499984741211,22387,0.0,0.0,0.0
2024-09-20 11:35:00-04:00,42.28499984741211,42.28499984741211,42.279998779296875,42.28499984741211,6674,0.0,0.0,0.0
2024-09-20 11:40:00-04:00,42.28499984741211,42.334999084472656,42.28499984741211,42.334999084472656,1680,0.0,0.0,0.0
2024-09-20 11:45:00-04:00,42.29999923706055,42.334999084472656,42.29999923706055,42.29999923706055,8128,0.0,0.0,0.0
2024-09-20 11:50:00-04:00,42.29999923706055,42.29999923706055,42.290000915527344,42.290000915527344,0,0.0,0.0,0.0
2024-09-20 11:55:00-04:00,42.290000915527344,42.29499816894531,42.290000915527344,42.29499816894531,116461,0.0,0.0,0.0
2024-09-20 12:00:00-04:00,42.29499816894531,42.31999969482422,42.29499816894531,42.31999969482422,1158,0.0,0.0,0.0
2024-09-20 12:05:00-04:00,42.31999969482422,42.33000183105469,42.314998626708984,42.33000183105469,2430,0.0,0.0,0.0
2024-09-20 12:10:00-04:00,42.33000183105469,42.33000183105469,42.32500076293945,42.33000183105469,1232,0.0,0.0,0.0
2024-09-20 12:15:00-04:00,42.33000183105469,42.33000183105469,42.32500076293945,42.32500076293945,1241,0.0,0.0,0.0
2024-09-20 12:20:00-04:00,42.33000183105469,42.33000183105469,42.32500076293945,42.32500076293945,2161,0.0,0.0,0.0
2024-09-20 12:25:00-04:00,42.32500076293945,42.345001220703125,42.32500076293945,42.345001220703125,2780,0.0,0.0,0.0
2024-09-20 12:30:00-04:00,42.345001220703125,42.349998474121094,42.34080123901367,42.345001220703125,1988,0.0,0.0,0.0
2024-09-20 12:35:00-04:00,42.349998474121094,42.349998474121094,42.34000015258789,42.345001220703125,1683,0.0,0.0,0.0
2024-09-20 12:40:00-04:00,42.349998474121094,42.349998474121094,42.345001220703125,42.345001220703125,2079,0.0,0.0,0.0
2024-09-20 12:45:00-04:00,42.349998474121094,42.349998474121094,42.345001220703125,42.349998474121094,1378,0.0,0.0,0.0
2024-09-20 12:50:00-04:00,42.345001220703125,42.36000061035156,42.345001220703125,42.35499954223633,2524,0.0,0.0,0.0
2024-09-20 12:55:00-04:00,42.35499954223633,42.36000061035156,42.35499954223633,42.35499954223633,1113,0.0,0.0,0.0
2024-09-20 13:00:00-04:00,42.35499954223633,42.35499954223633,42.334999084472656,42.334999084472656,2171,0.0,0.0,0.0
2024-09-20 13:05:00-04:00,42.334999084472656,42.334999084472656,42.33000183105469,42.334999084472656,841,0.0,0.0,0.0
2024-09-20 13:10:00-04:00,42.34000015258789,42.34000015258789,42.34000015258789,42.34000015258789,450,0.0,0.0,0.0
2024-09-20 13:15:00-04:00,42.34000015258789,42.35499954223633,42.34000015258789,42.35499954223633,1803,0.0,0.0,0.0
2024-09-20 13:20:00-04:00,42.35499954223633,42.36000061035156,42.349998474121094,42.35499954223633,1030,0.0,0.0,0.0
2024-09-20 13:25:00-04:00,42.35499954223633,42.35499954223633,42.34000015258789,42.345001220703125,2416,0.0,0.0,0.0
2024-09-20 13:30:00-04:00,42.345001220703125,42.345001220703125,42.334999084472656,42.34000015258789,1006,0.0,0.0,0.0
2024-09-20 13:35:00-04:00,42.345001220703125,42.349998474121094,42.314998626708984,42.32500076293945,5445,0.0,0.0,0.0
2024-09-20 13:40:00-04:00,42.31999969482422,42.32500076293945,42.314998626708984,42.32500076293945,1708,0.0,0.0,0.0
2024-09-20 13:45:00-04:00,42.32500076293945,42.32500076293945,42.31999969482422,42.31999969482422,1759,0.0,0.0,0.0
2024-09-20 13:50:00-04:00,42.310001373291016,42.310001373291016,42.29499816894531,42.30500030517578,12625,0.0,0.0,0.0
2024-09-20 13:55:00-04:00,42.30500030517578,42.30500030517578,42.30500030517578,42.30500030517578,1143,0.0,0.0,0.0
2024-09-20 14:00:00-04:00,42.30500030517578,42.30500030517578,42.26499938964844,42.275001525878906,8132,0.0,0.0,0.0
2024-09-20 14:05:00-04:00,42.26499938964844,42.26499938964844,42.26499938964844,42.26499938964844,1342,0.0,0.0,0.0
2024-09-20 14:10:00-04:00,42.2599983215332,42.2599983215332,42.25,42.255001068115234,15211,0.0,0.0,0.0
2024-09-20 14:15:00-04:00,42.255001068115234,42.26499938964844,42.255001068115234,42.26499938964844,1724,0.0,0.0,0.0
2024-09-20 14:20:00-04:00,42.2599983215332,42.2599983215332,42.23500061035156,42.23500061035156,2578,0.0,0.0,0.0
2024-09-20 14:25:00-04:00,42.23500061035156,42.23500061035156,42.23210144042969,42.23500061035156,3349,0.0,0.0,0.0
2024-09-20 14:30:00-04:00,42.23500061035156,42.23500061035156,42.23500061035156,42.23500061035156,1358,0.0,0.0,0.0
2024-09-20 14:35:00-04:00,42.224998474121094,42.22999954223633,42.224998474121094,42.22999954223633,1755,0.0,0.0,0.0
2024-09-20 14:40:00-04:00,42.224998474121094,42.224998474121094,42.220001220703125,42.224998474121094,2818,0.0,0.0,0.0
2024-09-20 14:45:00-04:00,42.224998474121094,42.224998474121094,42.224998474121094,42.224998474121094,1116,0.0,0.0,0.0
2024-09-20 14:50:00-04:00,42.224998474121094,42.2400016784668,42.224998474121094,42.2400016784668,3165,0.0,0.0,0.0
2024-09-20 14:55:00-04:00,42.23500061035156,42.2400016784668,42.22999954223633,42.23500061035156,8874,0.0,0.0,0.0
2024-09-20 15:00:00-04:00,42.23500061035156,42.2400016784668,42.23500061035156,42.23500061035156,12467,0.0,0.0,0.0
2024-09-20 15:05:00-04:00,42.23500061035156,42.244998931884766,42.23500061035156,42.244998931884766,5481,0.0,0.0,0.0
2024-09-20 15:10:00-04:00,42.244998931884766,42.244998931884766,42.244998931884766,42.244998931884766,2915,0.0,0.0,0.0
2024-09-20 15:15:00-04:00,42.244998931884766,42.255001068115234,42.2400016784668,42.244998931884766,3118,0.0,0.0,0.0
2024-09-20 15:20:00-04:00,42.244998931884766,42.27000045776367,42.244998931884766,42.255001068115234,5625,0.0,0.0,0.0
2024-09-20 15:25:00-04:00,42.255001068115234,42.2598991394043,42.25,42.255001068115234,7150,0.0,0.0,0.0
2024-09-20 15:30:00-04:00,42.25,42.26499938964844,42.25,42.26499938964844,2191,0.0,0.0,0.0
2024-09-20 15:35:00-04:00,42.26499938964844,42.27000045776367,42.255001068115234,42.27000045776367,7239,0.0,0.0,0.0
2024-09-20 15:40:00-04:00,42.27000045776367,42.27000045776367,42.26499938964844,42.26499938964844,3898,0.0,0.0,0.0
2024-09-20 15:45:00-04:00,42.26499938964844,42.27000045776367,42.26499938964844,42.27000045776367,5228,0.0,0.0,0.0
2024-09-20 15:50:00-04:00,42.27000045776367,42.29999923706055,42.26499938964844,42.29499816894531,7506,0.0,0.0,0.0
2024-09-20 15:55:00-04:00,42.29999923706055,42.345001220703125,42.29499816894531,42.31999969482422,26539,0.0,0.0,0.0
2024-09-23 09:30:00-04:00,42.4900016784668,42.4900016784668,42.439998626708984,42.47999954223633,5125,0.0,0.0,0.0
2024-09-23 09:35:00-04:00,42.47999954223633,42.525001525878906,42.47999954223633,42.52000045776367,1399,0.0,0.0,0.0
2024-09-23 09:40:00-04:00,42.5099983215332,42.59000015258789,42.5099983215332,42.58000183105469,10445,0.0,0.0,0.0
2024-09-23 09:45:00-04:00,42.58000183105469,42.59000015258789,42.58000183105469,42.59000015258789,2198,0.0,0.0,0.0
2024-09-23 09:50:00-04:00,42.61000061035156,42.61000061035156,42.599998474121094,42.61000061035156,1590,0.0,0.0,0.0
2024-09-23 09:55:00-04:00,42.61000061035156,42.619998931884766,42.61000061035156,42.61000061035156,5017,0.0,0.0,0.0
2024-09-23 10:00:00-04:00,42.61000061035156,42.6349983215332,42.60499954223633,42.6349983215332,7509,0.0,0.0,0.0
2024-09-23 10:05:00-04:00,42.6150016784668,42.6150016784668,42.6150016784668,42.6150016784668,3562,0.0,0.0,0.0
2024-09-23 10:10:00-04:00,42.619998931884766,42.64500045776367,42.619998931884766,42.64500045776367,3814,0.0,0.0,0.0
2024-09-23 10:15:00-04:00,42.650001525878906,42.650001525878906,42.650001525878906,42.650001525878906,298,0.0,0.0,0.0
2024-09-23 10:20:00-04:00,42.65999984741211,42.66999816894531,42.65999984741211,42.66999816894531,335,0.0,0.0,0.0
2024-09-23 10:25:00-04:00,42.650001525878906,42.6599006652832,42.650001525878906,42.6599006652832,4614,0.0,0.0,0.0
2024-09-23 10:30:00-04:00,42.650001525878906,42.650001525878906,42.650001525878906,42.650001525878906,378,0.0,0.0,0.0
2024-09-23 10:35:00-04:00,42.64500045776367,42.64500045776367,42.63999938964844,42.63999938964844,369,0.0,0.0,0.0
2024-09-23 10:40:00-04:00,42.630001068115234,42.63999938964844,42.630001068115234,42.63999938964844,777,0.0,0.0,0.0
2024-09-23 10:45:00-04:00,42.65010070800781,42.665000915527344,42.65010070800781,42.65999984741211,922,0.0,0.0,0.0
2024-09-23 10:50:00-04:00,42.63999938964844,42.63999938964844,42.63999938964844,42.63999938964844,400,0.0,0.0,0.0
2024-09-23 10:55:00-04:00,42.68000030517578,42.68000030517578,42.65999984741211,42.65999984741211,6366,0.0,0.0,0.0
2024-09-23 11:00:00-04:00,42.650001525878906,42.650001525878906,42.63999938964844,42.650001525878906,396,0.0,0.0,0.0
2024-09-23 11:05:00-04:00,42.630001068115234,42.630001068115234,42.630001068115234,42.630001068115234,558,0.0,0.0,0.0
2024-09-23 11:10:00-04:00,42.64500045776367,42.64500045776367,42.64500045776367,42.64500045776367,100,0.0,0.0,0.0
2024-09-23 11:15:00-04:00,42.63999938964844,42.63999938964844,42.625,42.625,1346,0.0,0.0,0.0
2024-09-23 11:20:00-04:00,42.64500045776367,42.64500045776367,42.6349983215332,42.6349983215332,712,0.0,0.0,0.0
2024-09-23 11:25:00-04:00,42.64500045776367,42.64500045776367,42.64500045776367,42.64500045776367,1095,0.0,0.0,0.0
2024-09-23 11:35:00-04:00,42.6349983215332,42.63999938964844,42.6349983215332,42.63999938964844,1172,0.0,0.0,0.0
2024-09-23 11:40:00-04:00,42.630001068115234,42.630001068115234,42.630001068115234,42.630001068115234,1828,0.0,0.0,0.0
2024-09-23 11:45:00-04:00,42.63999938964844,42.63999938964844,42.63999938964844,42.63999938964844,0,0.0,0.0,0.0
2024-09-23 11:55:00-04:00,42.63999938964844,42.63999938964844,42.63999938964844,42.63999938964844,63408,0.0,0.0,0.0
2024-09-23 12:00:00-04:00,42.619998931884766,42.650001525878906,42.60499954223633,42.619998931884766,12544,0.0,0.0,0.0
2024-09-23 12:10:00-04:00,42.60969924926758,42.619998931884766,42.60969924926758,42.619998931884766,3314,0.0,0.0,0.0
2024-09-23 12:15:00-04:00,42.599998474121094,42.599998474121094,42.599998474121094,42.599998474121094,229,0.0,0.0,0.0
2024-09-23 12:20:00-04:00,42.61000061035156,42.61000061035156,42.61000061035156,42.61000061035156,195,0.0,0.0,0.0
2024-09-23 12:25:00-04:00,42.61000061035156,42.61000061035156,42.61000061035156,42.61000061035156,501,0.0,0.0,0.0
2024-09-23 12:30:00-04:00,42.630001068115234,42.630001068115234,42.630001068115234,42.630001068115234,114,0.0,0.0,0.0
2024-09-23 12:35:00-04:00,42.630001068115234,42.63999938964844,42.630001068115234,42.63999938964844,715,0.0,0.0,0.0
2024-09-23 12:45:00-04:00,42.599998474121094,42.619998931884766,42.599998474121094,42.619998931884766,1159,0.0,0.0,0.0
2024-09-23 12:50:00-04:00,42.63999938964844,42.63999938964844,42.63999938964844,42.63999938964844,830,0.0,0.0,0.0
2024-09-23 13:00:00-04:00,42.6349983215332,42.6349983215332,42.6349983215332,42.6349983215332,118,0.0,0.0,0.0
2024-09-23 13:05:00-04:00,42.630001068115234,42.630001068115234,42.630001068115234,42.630001068115234,109,0.0,0.0,0.0
2024-09-23 13:15:00-04:00,42.6349983215332,42.6349983215332,42.6349983215332,42.6349983215332,0,0.0,0.0,0.0
2024-09-23 13:25:00-04:00,42.6349983215332,42.6349983215332,42.6349983215332,42.6349983215332,83576,0.0,0.0,0.0
2024-09-23 13:30:00-04:00,42.63999938964844,42.650001525878906,42.63999938964844,42.64500045776367,2531,0.0,0.0,0.0
2024-09-23 13:35:00-04:00,42.640201568603516,42.64500045776367,42.63999938964844,42.63999938964844,1296,0.0,0.0,0.0
2024-09-23 13:40:00-04:00,42.6349983215332,42.6349983215332,42.6349983215332,42.6349983215332,258,0.0,0.0,0.0
2024-09-23 13:45:00-04:00,42.6349983215332,42.63999938964844,42.6349983215332,42.6349983215332,1714,0.0,0.0,0.0
2024-09-23 13:55:00-04:00,42.63999938964844,42.63999938964844,42.63999938964844,42.63999938964844,118,0.0,0.0,0.0
2024-09-23 14:00:00-04:00,42.6349983215332,42.6349983215332,42.6349983215332,42.6349983215332,308,0.0,0.0,0.0
2024-09-23 14:05:00-04:00,42.6349983215332,42.6349983215332,42.6349983215332,42.6349983215332,750,0.0,0.0,0.0
2024-09-23 14:10:00-04:00,42.6349983215332,42.6349983215332,42.6349983215332,42.6349983215332,640,0.0,0.0,0.0
2024-09-23 14:30:00-04:00,42.63999938964844,42.63999938964844,42.63999938964844,42.63999938964844,198,0.0,0.0,0.0
2024-09-23 14:40:00-04:00,42.6349983215332,42.6349983215332,42.6349983215332,42.6349983215332,300,0.0,0.0,0.0
2024-09-23 14:45:00-04:00,42.6349983215332,42.6349983215332,42.6349983215332,42.6349983215332,202,0.0,0.0,0.0
2024-09-23 14:50:00-04:00,42.6349983215332,42.6349983215332,42.6349983215332,42.6349983215332,331,0.0,0.0,0.0
2024-09-23 15:05:00-04:00,42.6349983215332,42.6349983215332,42.6349983215332,42.6349983215332,201,0.0,0.0,0.0
2024-09-23 15:10:00-04:00,42.6349983215332,42.63999938964844,42.6349983215332,42.6349983215332,1322,0.0,0.0,0.0
2024-09-23 15:15:00-04:00,42.63999938964844,42.63999938964844,42.63010025024414,42.6349983215332,4041,0.0,0.0,0.0
2024-09-23 15:20:00-04:00,42.6349983215332,42.6349983215332,42.6349983215332,42.6349983215332,992,0.0,0.0,0.0
2024-09-23 15:25:00-04:00,42.6349983215332,42.6349983215332,42.6349983215332,42.6349983215332,859,0.0,0.0,0.0
2024-09-23 15:30:00-04:00,42.6349983215332,42.63999938964844,42.6349983215332,42.6349983215332,1116,0.0,0.0,0.0
2024-09-23 15:35:00-04:00,42.6349983215332,42.6349983215332,42.625,42.630001068115234,4566,0.0,0.0,0.0
2024-09-23 15:40:00-04:00,42.630001068115234,42.630001068115234,42.625,42.625,1218,0.0,0.0,0.0
2024-09-23 15:45:00-04:00,42.625,42.625,42.625,42.625,1532,0.0,0.0,0.0
2024-09-23 15:50:00-04:00,42.625,42.625,42.60499954223633,42.60499954223633,9263,0.0,0.0,0.0
2024-09-23 15:55:00-04:00,42.60499954223633,42.619998931884766,42.60499954223633,42.619998931884766,5326,0.0,0.0,0.0
2024-09-24 09:30:00-04:00,42.97999954223633,42.97999954223633,42.834999084472656,42.970001220703125,25951,0.0,0.0,0.0
2024-09-24 09:35:00-04:00,42.970001220703125,42.9900016784668,42.970001220703125,42.9900016784668,2828,0.0,0.0,0.0
2024-09-24 09:40:00-04:00,43.0099983215332,43.01499938964844,42.97999954223633,43.01499938964844,22002,0.0,0.0,0.0
2024-09-24 09:45:00-04:00,43.0099983215332,43.040000915527344,43.0099983215332,43.02000045776367,11142,0.0,0.0,0.0
2024-09-24 09:50:00-04:00,43.02000045776367,43.02000045776367,43.0099983215332,43.0099983215332,4923,0.0,0.0,0.0
2024-09-24 09:55:00-04:00,43.0099983215332,43.0099983215332,42.994998931884766,42.994998931884766,950,0.0,0.0,0.0
2024-09-24 10:00:00-04:00,42.994998931884766,43.0,42.98500061035156,42.9900016784668,6815,0.0,0.0,0.0
2024-09-24 10:05:00-04:00,43.029998779296875,43.060001373291016,43.02000045776367,43.025001525878906,4916,0.0,0.0,0.0
2024-09-24 10:10:00-04:00,43.01499938964844,43.04999923706055,43.01499938964844,43.025001525878906,11250,0.0,0.0,0.0
2024-09-24 10:15:00-04:00,43.029998779296875,43.040000915527344,43.029998779296875,43.03499984741211,3743,0.0,0.0,0.0
2024-09-24 10:20:00-04:00,43.04999923706055,43.04999923706055,43.02000045776367,43.02000045776367,3865,0.0,0.0,0.0
2024-09-24 10:25:00-04:00,43.04999923706055,43.06999969482422,43.029998779296875,43.029998779296875,6476,0.0,0.0,0.0
2024-09-24 10:30:00-04:00,43.03519821166992,43.03519821166992,43.0099983215332,43.0099983215332,3045,0.0,0.0,0.0
2024-09-24 10:35:00-04:00,43.02000045776367,43.040000915527344,43.02000045776367,43.029998779296875,4400,0.0,0.0,0.0
2024-09-24 10:40:00-04:00,43.02000045776367,43.060001373291016,43.02000045776367,43.060001373291016,1152,0.0,0.0,0.0
2024-09-24 10:45:00-04:00,43.060001373291016,43.06999969482422,43.060001373291016,43.064998626708984,4053,0.0,0.0,0.0
2024-09-24 10:50:00-04:00,43.064998626708984,43.06999969482422,43.064998626708984,43.064998626708984,670,0.0,0.0,0.0
2024-09-24 10:55:00-04:00,43.06999969482422,43.07500076293945,43.064998626708984,43.07500076293945,4706,0.0,0.0,0.0
2024-09-24 11:00:00-04:00,43.07500076293945,43.08000183105469,43.07500076293945,43.07500076293945,3350,0.0,0.0,0.0
2024-09-24 11:05:00-04:00,43.07500076293945,43.099998474121094,43.07500076293945,43.099998474121094,2621,0.0,0.0,0.0
2024-09-24 11:10:00-04:00,43.099998474121094,43.099998474121094,43.095001220703125,43.095001220703125,1288,0.0,0.0,0.0
2024-09-24 11:15:00-04:00,43.095001220703125,43.11000061035156,43.095001220703125,43.11000061035156,2289,0.0,0.0,0.0
2024-09-24 11:20:00-04:00,43.10499954223633,43.11000061035156,43.099998474121094,43.10499954223633,1844,0.0,0.0,0.0
2024-09-24 11:25:00-04:00,43.10499954223633,43.11000061035156,43.099998474121094,43.11000061035156,3168,0.0,0.0,0.0
2024-09-24 11:30:00-04:00,43.10499954223633,43.10499954223633,43.10499954223633,43.10499954223633,1115,0.0,0.0,0.0
2024-09-24 11:35:00-04:00,43.10499954223633,43.11000061035156,43.099998474121094,43.099998474121094,4502,0.0,0.0,0.0
2024-09-24 11:40:00-04:00,43.10499954223633,43.1150016784668,43.10499954223633,43.11000061035156,887,0.0,0.0,0.0
2024-09-24 11:45:00-04:00,43.1150016784668,43.130001068115234,43.1150016784668,43.125,1212,0.0,0.0,0.0
2024-09-24 11:50:00-04:00,43.125,43.13999938964844,43.125,43.13999938964844,3988,0.0,0.0,0.0
2024-09-24 11:55:00-04:00,43.13999938964844,43.150001525878906,43.13999938964844,43.13999938964844,701,0.0,0.0,0.0
2024-09-24 12:00:00-04:00,43.1349983215332,43.13999938964844,43.1349983215332,43.1349983215332,4585,0.0,0.0,0.0
2024-09-24 12:05:00-04:00,43.1349983215332,43.13999938964844,43.119998931884766,43.13999938964844,7899,0.0,0.0,0.0
2024-09-24 12:10:00-04:00,43.119998931884766,43.14500045776367,43.119998931884766,43.14500045776367,4833,0.0,0.0,0.0
2024-09-24 12:15:00-04:00,43.13999938964844,43.14500045776367,43.13999938964844,43.14500045776367,930,0.0,0.0,0.0
2024-09-24 12:20:00-04:00,43.150001525878906,43.18000030517578,43.150001525878906,43.18000030517578,908,0.0,0.0,0.0
2024-09-24 12:25:00-04:00,43.16999816894531,43.16999816894531,43.130001068115234,43.130001068115234,3621,0.0,0.0,0.0
2024-09-24 12:30:00-04:00,43.130001068115234,43.130001068115234,43.119998931884766,43.119998931884766,689,0.0,0.0,0.0
2024-09-24 12:35:00-04:00,43.13999938964844,43.13999938964844,43.13999938964844,43.13999938964844,225,0.0,0.0,0.0
2024-09-24 12:40:00-04:00,43.16999816894531,43.17499923706055,43.154998779296875,43.154998779296875,4675,0.0,0.0,0.0
2024-09-24 12:45:00-04:00,43.154998779296875,43.154998779296875,43.154998779296875,43.154998779296875,305,0.0,0.0,0.0
2024-09-24 12:50:00-04:00,43.154998779296875,43.154998779296875,43.150001525878906,43.154998779296875,730,0.0,0.0,0.0
2024-09-24 12:55:00-04:00,43.154998779296875,43.154998779296875,43.14500045776367,43.150001525878906,4955,0.0,0.0,0.0
2024-09-24 13:00:00-04:00,43.154998779296875,43.16999816894531,43.154998779296875,43.16999816894531,1137,0.0,0.0,0.0
2024-09-24 13:05:00-04:00,43.16999816894531,43.17499923706055,43.16999816894531,43.17499923706055,522,0.0,0.0,0.0
2024-09-24 13:10:00-04:00,43.17499923706055,43.17499923706055,43.17499923706055,43.17499923706055,204,0.0,0.0,0.0
2024-09-24 13:15:00-04:00,43.18000030517578,43.18000030517578,43.16999816894531,43.17499923706055,3439,0.0,0.0,0.0
2024-09-24 13:20:00-04:00,43.17499923706055,43.18000030517578,43.17499923706055,43.18000030517578,1149,0.0,0.0,0.0
2024-09-24 13:25:00-04:00,43.20000076293945,43.20000076293945,43.19499969482422,43.19499969482422,1626,0.0,0.0,0.0
2024-09-24 13:30:00-04:00,43.19499969482422,43.19499969482422,43.16999816894531,43.189998626708984,4698,0.0,0.0,0.0
2024-09-24 13:35:00-04:00,43.20000076293945,43.20500183105469,43.20000076293945,43.20500183105469,350,0.0,0.0,0.0
2024-09-24 13:40:00-04:00,43.209999084472656,43.21500015258789,43.209999084472656,43.21500015258789,1213,0.0,0.0,0.0
2024-09-24 13:45:00-04:00,43.21500015258789,43.21500015258789,43.209999084472656,43.21500015258789,1026,0.0,0.0,0.0
2024-09-24 13:50:00-04:00,43.220001220703125,43.224998474121094,43.209999084472656,43.224998474121094,3734,0.0,0.0,0.0
2024-09-24 13:55:00-04:00,43.224998474121094,43.224998474121094,43.224998474121094,43.224998474121094,2893,0.0,0.0,0.0
2024-09-24 14:00:00-04:00,43.224998474121094,43.23500061035156,43.21500015258789,43.23500061035156,5106,0.0,0.0,0.0
2024-09-24 14:05:00-04:00,43.2400016784668,43.244998931884766,43.2400016784668,43.244998931884766,1182,0.0,0.0,0.0
2024-09-24 14:10:00-04:00,43.2400016784668,43.2400016784668,43.220001220703125,43.220001220703125,2709,0.0,0.0,0.0
2024-09-24 14:15:00-04:00,43.220001220703125,43.220001220703125,43.220001220703125,43.220001220703125,319,0.0,0.0,0.0
2024-09-24 14:20:00-04:00,43.22999954223633,43.23500061035156,43.22999954223633,43.22999954223633,2700,0.0,0.0,0.0
2024-09-24 14:25:00-04:00,43.2400016784668,43.255001068115234,43.23500061035156,43.255001068115234,1404,0.0,0.0,0.0
2024-09-24 14:30:00-04:00,43.255001068115234,43.255001068115234,43.25,43.25,4201,0.0,0.0,0.0
2024-09-24 14:35:00-04:00,43.25,43.2599983215332,43.25,43.25,4632,0.0,0.0,0.0
2024-09-24 14:40:00-04:00,43.255001068115234,43.255001068115234,43.255001068115234,43.255001068115234,600,0.0,0.0,0.0
2024-09-24 14:45:00-04:00,43.255001068115234,43.290000915527344,43.255001068115234,43.279998779296875,1910,0.0,0.0,0.0
2024-09-24 14:50:00-04:00,43.27000045776367,43.28499984741211,43.27000045776367,43.28499984741211,1259,0.0,0.0,0.0
2024-09-24 14:55:00-04:00,43.28499984741211,43.28499984741211,43.279998779296875,43.28499984741211,1133,0.0,0.0,0.0
2024-09-24 15:00:00-04:00,43.28499984741211,43.28499984741211,43.28499984741211,43.28499984741211,1285,0.0,0.0,0.0
2024-09-24 15:05:00-04:00,43.28499984741211,43.28499984741211,43.28499984741211,43.28499984741211,1717,0.0,0.0,0.0
2024-09-24 15:10:00-04:00,43.28499984741211,43.2859992980957,43.28499984741211,43.28499984741211,1184,0.0,0.0,0.0
2024-09-24 15:15:00-04:00,43.28499984741211,43.28499984741211,43.28499984741211,43.28499984741211,558,0.0,0.0,0.0
2024-09-24 15:20:00-04:00,43.28499984741211,43.29499816894531,43.28499984741211,43.29499816894531,8913,0.0,0.0,0.0
2024-09-24 15:25:00-04:00,43.29499816894531,43.29499816894531,43.290000915527344,43.290000915527344,2493,0.0,0.0,0.0
2024-09-24 15:30:00-04:00,43.275001525878906,43.275001525878906,43.2400016784668,43.244998931884766,6268,0.0,0.0,0.0
2024-09-24 15:35:00-04:00,43.2400016784668,43.244998931884766,43.2400016784668,43.2400016784668,2869,0.0,0.0,0.0
2024-09-24 15:40:00-04:00,43.25,43.25,43.2400016784668,43.2400016784668,5176,0.0,0.0,0.0
2024-09-24 15:45:00-04:00,43.25,43.25,43.2400016784668,43.25,7801,0.0,0.0,0.0
2024-09-24 15:50:00-04:00,43.25,43.25,43.220001220703125,43.220001220703125,8630,0.0,0.0,0.0
2024-09-24 15:55:00-04:00,43.220001220703125,43.220001220703125,43.15999984741211,43.16999816894531,29244,0.0,0.0,0.0
2024-09-25 09:30:00-04:00,43.189998626708984,43.189998626708984,43.13999938964844,43.14500045776367,0,0.0,0.0,0.0
2024-09-25 09:35:00-04:00,43.16999816894531,43.199100494384766,43.16999816894531,43.16999816894531,4049,0.0,0.0,0.0
2024-09-25 09:40:00-04:00,43.20500183105469,43.20500183105469,43.119998931884766,43.130001068115234,9742,0.0,0.0,0.0
2024-09-25 09:45:00-04:00,43.150001525878906,43.18000030517578,43.150001525878906,43.18000030517578,2011,0.0,0.0,0.0
2024-09-25 09:50:00-04:00,43.189998626708984,43.189998626708984,43.189998626708984,43.189998626708984,143,0.0,0.0,0.0
2024-09-25 09:55:00-04:00,43.189998626708984,43.20000076293945,43.189998626708984,43.20000076293945,7572,0.0,0.0,0.0
2024-09-25 10:00:00-04:00,43.20000076293945,43.20500183105469,43.185001373291016,43.185001373291016,2949,0.0,0.0,0.0
2024-09-25 10:05:00-04:00,43.189998626708984,43.209999084472656,43.189998626708984,43.19499969482422,2348,0.0,0.0,0.0
2024-09-25 10:10:00-04:00,43.189998626708984,43.20000076293945,43.15999984741211,43.174800872802734,3064,0.0,0.0,0.0
2024-09-25 10:15:00-04:00,43.189998626708984,43.20000076293945,43.189998626708984,43.189998626708984,3125,0.0,0.0,0.0
2024-09-25 10:25:00-04:00,43.189998626708984,43.20000076293945,43.189998626708984,43.20000076293945,783,0.0,0.0,0.0
2024-09-25 10:40:00-04:00,43.189998626708984,43.189998626708984,43.189998626708984,43.189998626708984,120,0.0,0.0,0.0
2024-09-25 10:45:00-04:00,43.18000030517578,43.18000030517578,43.18000030517578,43.18000030517578,1000,0.0,0.0,0.0
2024-09-25 10:50:00-04:00,43.18000030517578,43.18000030517578,43.18000030517578,43.18000030517578,239,0.0,0.0,0.0
2024-09-25 10:55:00-04:00,43.18000030517578,43.18000030517578,43.18000030517578,43.18000030517578,272,0.0,0.0,0.0
2024-09-25 11:00:00-04:00,43.16999816894531,43.16999816894531,43.16999816894531,43.16999816894531,579,0.0,0.0,0.0
2024-09-25 11:05:00-04:00,43.17829895019531,43.18000030517578,43.16999816894531,43.18000030517578,933,0.0,0.0,0.0
2024-09-25 11:10:00-04:00,43.17499923706055,43.189998626708984,43.16999816894531,43.16999816894531,3391,0.0,0.0,0.0
2024-09-25 11:15:00-04:00,43.16999816894531,43.16999816894531,43.16999816894531,43.16999816894531,282,0.0,0.0,0.0
2024-09-25 11:20:00-04:00,43.18000030517578,43.20000076293945,43.17499923706055,43.20000076293945,1598,0.0,0.0,0.0
2024-09-25 11:30:00-04:00,43.189998626708984,43.189998626708984,43.189998626708984,43.189998626708984,132,0.0,0.0,0.0
2024-09-25 11:35:00-04:00,43.189998626708984,43.20000076293945,43.189998626708984,43.19499969482422,9560,0.0,0.0,0.0
2024-09-25 11:40:00-04:00,43.19499969482422,43.19499969482422,43.189998626708984,43.189998626708984,1030,0.0,0.0,0.0
2024-09-25 11:45:00-04:00,43.20000076293945,43.20000076293945,43.18000030517578,43.18000030517578,1519,0.0,0.0,0.0
2024-09-25 11:50:00-04:00,43.18000030517578,43.18000030517578,43.18000030517578,43.18000030517578,2394,0.0,0.0,0.0
2024-09-25 11:55:00-04:00,43.180301666259766,43.180301666259766,43.18000030517578,43.18000030517578,2197,0.0,0.0,0.0
2024-09-25 12:00:00-04:00,43.18000030517578,43.18000030517578,43.16999816894531,43.16999816894531,4597,0.0,0.0,0.0
2024-09-25 12:05:00-04:00,43.17499923706055,43.17499923706055,43.15999984741211,43.16999816894531,7007,0.0,0.0,0.0
2024-09-25 12:10:00-04:00,43.16999816894531,43.16999816894531,43.15999984741211,43.16999816894531,4729,0.0,0.0,0.0
2024-09-25 12:15:00-04:00,43.165000915527344,43.16999816894531,43.15999984741211,43.15999984741211,5413,0.0,0.0,0.0
2024-09-25 12:20:00-04:00,43.154998779296875,43.154998779296875,43.154998779296875,43.154998779296875,127,0.0,0.0,0.0
2024-09-25 12:25:00-04:00,43.16999816894531,43.16999816894531,43.15999984741211,43.165000915527344,584,0.0,0.0,0.0
2024-09-25 12:30:00-04:00,43.15999984741211,43.15999984741211,43.150001525878906,43.150001525878906,1752,0.0,0.0,0.0
2024-09-25 12:35:00-04:00,43.154998779296875,43.15999984741211,43.154998779296875,43.15999984741211,586,0.0,0.0,0.0
2024-09-25 12:40:00-04:00,43.154998779296875,43.154998779296875,43.150001525878906,43.150001525878906,329,0.0,0.0,0.0
2024-09-25 12:45:00-04:00,43.13999938964844,43.13999938964844,43.130001068115234,43.130001068115234,854,0.0,0.0,0.0
2024-09-25 12:50:00-04:00,43.13999938964844,43.154998779296875,43.13999938964844,43.154998779296875,1784,0.0,0.0,0.0
2024-09-25 12:55:00-04:00,43.150001525878906,43.150001525878906,43.130001068115234,43.130001068115234,431,0.0,0.0,0.0
2024-09-25 13:00:00-04:00,43.130001068115234,43.18009948730469,43.119998931884766,43.18000030517578,8743,0.0,0.0,0.0
2024-09-25 13:05:00-04:00,43.18000030517578,43.18000030517578,43.130001068115234,43.13999938964844,3977,0.0,0.0,0.0
2024-09-25 13:10:00-04:00,43.13999938964844,43.13999938964844,43.130001068115234,43.1349983215332,602,0.0,0.0,0.0
2024-09-25 13:15:00-04:00,43.13999938964844,43.16999816894531,43.13999938964844,43.16999816894531,2454,0.0,0.0,0.0
2024-09-25 13:20:00-04:00,43.150001525878906,43.15999984741211,43.150001525878906,43.15999984741211,600,0.0,0.0,0.0
2024-09-25 13:25:00-04:00,43.150001525878906,43.15999984741211,43.150001525878906,43.15999984741211,766,0.0,0.0,0.0
2024-09-25 13:30:00-04:00,43.150001525878906,43.150001525878906,43.11000061035156,43.119998931884766,1746,0.0,0.0,0.0
2024-09-25 13:35:00-04:00,43.1150016784668,43.13999938964844,43.1150016784668,43.130001068115234,625,0.0,0.0,0.0
2024-09-25 13:40:00-04:00,43.13999938964844,43.13999938964844,43.130001068115234,43.130001068115234,783,0.0,0.0,0.0
2024-09-25 13:45:00-04:00,43.130001068115234,43.130001068115234,43.11000061035156,43.119998931884766,818,0.0,0.0,0.0
2024-09-25 13:50:00-04:00,43.13999938964844,43.13999938964844,43.130001068115234,43.130001068115234,400,0.0,0.0,0.0
2024-09-25 13:55:00-04:00,43.130001068115234,43.13999938964844,43.130001068115234,43.13999938964844,775,0.0,0.0,0.0
2024-09-25 14:00:00-04:00,43.15999984741211,43.15999984741211,43.15999984741211,43.15999984741211,394,0.0,0.0,0.0
2024-09-25 14:05:00-04:00,43.15999984741211,43.15999984741211,43.150001525878906,43.150001525878906,1826,0.0,0.0,0.0
2024-09-25 14:10:00-04:00,43.14500045776367,43.150001525878906,43.119998931884766,43.119998931884766,2562,0.0,0.0,0.0
2024-09-25 14:15:00-04:00,43.11000061035156,43.119998931884766,43.099998474121094,43.11000061035156,900,0.0,0.0,0.0
2024-09-25 14:20:00-04:00,43.11000061035156,43.11000061035156,43.099998474121094,43.11000061035156,1103,0.0,0.0,0.0
2024-09-25 14:25:00-04:00,43.119998931884766,43.125,43.119998931884766,43.125,1329,0.0,0.0,0.0
2024-09-25 14:30:00-04:00,43.13999938964844,43.13999938964844,43.13999938964844,43.13999938964844,650,0.0,0.0,0.0
2024-09-25 14:35:00-04:00,43.13999938964844,43.13999938964844,43.13999938964844,43.13999938964844,1129,0.0,0.0,0.0
2024-09-25 14:40:00-04:00,43.14500045776367,43.14500045776367,43.13999938964844,43.13999938964844,715,0.0,0.0,0.0
2024-09-25 14:45:00-04:00,43.14500045776367,43.14500045776367,43.13999938964844,43.13999938964844,1171,0.0,0.0,0.0
2024-09-25 14:50:00-04:00,43.14500045776367,43.14500045776367,43.14500045776367,43.14500045776367,1254,0.0,0.0,0.0
2024-09-25 14:55:00-04:00,43.13999938964844,43.13999938964844,43.130001068115234,43.130001068115234,3836,0.0,0.0,0.0
2024-09-25 15:00:00-04:00,43.1328010559082,43.13999938964844,43.130001068115234,43.1349983215332,2014,0.0,0.0,0.0
2024-09-25 15:05:00-04:00,43.1349983215332,43.1349983215332,43.119998931884766,43.130001068115234,12794,0.0,0.0,0.0
2024-09-25 15:10:00-04:00,43.125,43.130001068115234,43.095001220703125,43.11000061035156,44154,0.0,0.0,0.0
2024-09-25 15:15:00-04:00,43.11000061035156,43.125,43.11000061035156,43.11000061035156,4328,0.0,0.0,0.0
2024-09-25 15:20:00-04:00,43.099998474121094,43.099998474121094,43.09000015258789,43.095001220703125,3115,0.0,0.0,0.0
2024-09-25 15:25:00-04:00,43.095001220703125,43.099998474121094,43.095001220703125,43.099998474121094,4500,0.0,0.0,0.0
2024-09-25 15:30:00-04:00,43.09000015258789,43.10499954223633,43.09000015258789,43.10499954223633,5659,0.0,0.0,0.0
2024-09-25 15:35:00-04:00,43.10499954223633,43.10499954223633,43.08000183105469,43.08000183105469,825,0.0,0.0,0.0
2024-09-25 15:40:00-04:00,43.084999084472656,43.084999084472656,43.084999084472656,43.084999084472656,800,0.0,0.0,0.0
2024-09-25 15:45:00-04:00,43.095001220703125,43.095001220703125,43.09000015258789,43.095001220703125,4578,0.0,0.0,0.0
2024-09-25 15:50:00-04:00,43.06999969482422,43.084999084472656,43.060001373291016,43.084999084472656,5508,0.0,0.0,0.0
2024-09-25 15:55:00-04:00,43.084999084472656,43.09000015258789,43.06999969482422,43.09000015258789,11523,0.0,0.0,0.0
2024-09-26 09:30:00-04:00,43.31999969482422,43.380001068115234,43.220001220703125,43.290000915527344,57561,0.0,0.0,0.0
2024-09-26 09:35:00-04:00,43.290000915527344,43.310001373291016,43.22999954223633,43.27000045776367,33440,0.0,0.0,0.0
2024-09-26 09:40:00-04:00,43.27000045776367,43.34000015258789,43.27000045776367,43.34000015258789,1842,0.0,0.0,0.0
2024-09-26 09:45:00-04:00,43.349998474121094,43.36000061035156,43.34000015258789,43.349998474121094,1854,0.0,0.0,0.0
2024-09-26 09:50:00-04:00,43.349998474121094,43.36000061035156,43.310001373291016,43.33000183105469,938,0.0,0.0,0.0
2024-09-26 09:55:00-04:00,43.349998474121094,43.36000061035156,43.34000015258789,43.349998474121094,6353,0.0,0.0,0.0
2024-09-26 10:00:00-04:00,43.349998474121094,43.369998931884766,43.349998474121094,43.36000061035156,6313,0.0,0.0,0.0
2024-09-26 10:05:00-04:00,43.33000183105469,43.34000015258789,43.31999969482422,43.31999969482422,1452,0.0,0.0,0.0
2024-09-26 10:10:00-04:00,43.31999969482422,43.34000015258789,43.3120002746582,43.34000015258789,4231,0.0,0.0,0.0
2024-09-26 10:15:00-04:00,43.349998474121094,43.349998474121094,43.349998474121094,43.349998474121094,439,0.0,0.0,0.0
2024-09-26 10:20:00-04:00,43.310001373291016,43.33000183105469,43.290000915527344,43.290000915527344,2208,0.0,0.0,0.0
2024-09-26 10:25:00-04:00,43.279998779296875,43.28020095825195,43.2599983215332,43.2599983215332,1805,0.0,0.0,0.0
2024-09-26 10:30:00-04:00,43.279998779296875,43.279998779296875,43.279998779296875,43.279998779296875,969,0.0,0.0,0.0
2024-09-26 10:35:00-04:00,43.29999923706055,43.310001373291016,43.28499984741211,43.310001373291016,6394,0.0,0.0,0.0
2024-09-26 10:40:00-04:00,43.310001373291016,43.33000183105469,43.310001373291016,43.33000183105469,1190,0.0,0.0,0.0
2024-09-26 10:45:00-04:00,43.31999969482422,43.32609939575195,43.29999923706055,43.32609939575195,1324,0.0,0.0,0.0
2024-09-26 10:50:00-04:00,43.31999969482422,43.31999969482422,43.275001525878906,43.279998779296875,2282,0.0,0.0,0.0
2024-09-26 10:55:00-04:00,43.29999923706055,43.310001373291016,43.27000045776367,43.310001373291016,12420,0.0,0.0,0.0
2024-09-26 11:00:00-04:00,43.310001373291016,43.31999969482422,43.290000915527344,43.31999969482422,4131,0.0,0.0,0.0
2024-09-26 11:05:00-04:00,43.33000183105469,43.349998474121094,43.31999969482422,43.349998474121094,3165,0.0,0.0,0.0
2024-09-26 11:10:00-04:00,43.34000015258789,43.34000015258789,43.34000015258789,43.34000015258789,1427,0.0,0.0,0.0
2024-09-26 11:15:00-04:00,43.31999969482422,43.33000183105469,43.310001373291016,43.310001373291016,3599,0.0,0.0,0.0
2024-09-26 11:20:00-04:00,43.29999923706055,43.29999923706055,43.29999923706055,43.29999923706055,511,0.0,0.0,0.0
2024-09-26 11:30:00-04:00,43.29999923706055,43.33000183105469,43.29999923706055,43.33000183105469,3250,0.0,0.0,0.0
2024-09-26 11:35:00-04:00,43.33000183105469,43.36000061035156,43.33000183105469,43.36000061035156,3838,0.0,0.0,0.0
2024-09-26 11:40:00-04:00,43.356300354003906,43.369998931884766,43.356300354003906,43.369998931884766,625,0.0,0.0,0.0
2024-09-26 11:45:00-04:00,43.380001068115234,43.380001068115234,43.36000061035156,43.36000061035156,3160,0.0,0.0,0.0
2024-09-26 11:55:00-04:00,43.349998474121094,43.349998474121094,43.349998474121094,43.349998474121094,107,0.0,0.0,0.0
2024-09-26 12:00:00-04:00,43.33000183105469,43.34000015258789,43.33000183105469,43.34000015258789,505,0.0,0.0,0.0
2024-09-26 12:05:00-04:00,43.349998474121094,43.349998474121094,43.349998474121094,43.349998474121094,1591,0.0,0.0,0.0
2024-09-26 12:10:00-04:00,43.349998474121094,43.349998474121094,43.33679962158203,43.349998474121094,1537,0.0,0.0,0.0
2024-09-26 12:15:00-04:00,43.349998474121094,43.349998474121094,43.345001220703125,43.349700927734375,2088,0.0,0.0,0.0
2024-09-26 12:20:00-04:00,43.33000183105469,43.369998931884766,43.33000183105469,43.369998931884766,6277,0.0,0.0,0.0
2024-09-26 12:25:00-04:00,43.369998931884766,43.369998931884766,43.3650016784668,43.369998931884766,1909,0.0,0.0,0.0
2024-09-26 12:35:00-04:00,43.334999084472656,43.334999084472656,43.334999084472656,43.334999084472656,222,0.0,0.0,0.0
2024-09-26 12:40:00-04:00,43.34000015258789,43.34000015258789,43.330101013183594,43.330101013183594,231,0.0,0.0,0.0
2024-09-26 12:50:00-04:00,43.34000015258789,43.345001220703125,43.34000015258789,43.345001220703125,487,0.0,0.0,0.0
2024-09-26 13:00:00-04:00,43.349998474121094,43.36000061035156,43.349998474121094,43.36000061035156,426,0.0,0.0,0.0
2024-09-26 13:05:00-04:00,43.35499954223633,43.35499954223633,43.35499954223633,43.35499954223633,189,0.0,0.0,0.0
2024-09-26 13:10:00-04:00,43.349998474121094,43.349998474121094,43.349998474121094,43.349998474121094,327,0.0,0.0,0.0
2024-09-26 13:20:00-04:00,43.34000015258789,43.380001068115234,43.34000015258789,43.3650016784668,6142,0.0,0.0,0.0
2024-09-26 13:25:00-04:00,43.36000061035156,43.380001068115234,43.349998474121094,43.36000061035156,3316,0.0,0.0,0.0
2024-09-26 13:30:00-04:00,43.36000061035156,43.380001068115234,43.36000061035156,43.369998931884766,336,0.0,0.0,0.0
2024-09-26 13:40:00-04:00,43.369998931884766,43.3849983215332,43.369998931884766,43.3849983215332,523,0.0,0.0,0.0
2024-09-26 13:45:00-04:00,43.3849983215332,43.3849983215332,43.3849983215332,43.3849983215332,201,0.0,0.0,0.0
2024-09-26 13:50:00-04:00,43.3849983215332,43.3849983215332,43.3650016784668,43.3650016784668,562,0.0,0.0,0.0
2024-09-26 13:55:00-04:00,43.369998931884766,43.4197998046875,43.369998931884766,43.40999984741211,1835,0.0,0.0,0.0
2024-09-26 14:00:00-04:00,43.40999984741211,43.40999984741211,43.400001525878906,43.400001525878906,782,0.0,0.0,0.0
2024-09-26 14:05:00-04:00,43.380001068115234,43.380001068115234,43.380001068115234,43.380001068115234,201,0.0,0.0,0.0
2024-09-26 14:10:00-04:00,43.369998931884766,43.369998931884766,43.369998931884766,43.369998931884766,100,0.0,0.0,0.0
2024-09-26 14:15:00-04:00,43.380001068115234,43.38999938964844,43.380001068115234,43.380001068115234,678,0.0,0.0,0.0
2024-09-26 14:25:00-04:00,43.36009979248047,43.36009979248047,43.36009979248047,43.36009979248047,201,0.0,0.0,0.0
2024-09-26 14:50:00-04:00,43.380001068115234,43.380001068115234,43.380001068115234,43.380001068115234,118,0.0,0.0,0.0
2024-09-26 14:55:00-04:00,43.375,43.3849983215332,43.375,43.3849983215332,2873,0.0,0.0,0.0
2024-09-26 15:00:00-04:00,43.380001068115234,43.380001068115234,43.380001068115234,43.380001068115234,572,0.0,0.0,0.0
2024-09-26 15:15:00-04:00,43.3849983215332,43.3849983215332,43.380001068115234,43.380001068115234,592,0.0,0.0,0.0
2024-09-26 15:25:00-04:00,43.36000061035156,43.3650016784668,43.36000061035156,43.3650016784668,1255,0.0,0.0,0.0
2024-09-26 15:35:00-04:00,43.35499954223633,43.35499954223633,43.35499954223633,43.35499954223633,324,0.0,0.0,0.0
2024-09-26 15:40:00-04:00,43.35499954223633,43.35499954223633,43.35499954223633,43.35499954223633,273,0.0,0.0,0.0
2024-09-26 15:45:00-04:00,43.36000061035156,43.36000061035156,43.35499954223633,43.35499954223633,528,0.0,0.0,0.0
2024-09-26 15:50:00-04:00,43.36000061035156,43.3650016784668,43.34000015258789,43.36000061035156,4729,0.0,0.0,0.0
2024-09-26 15:55:00-04:00,43.369998931884766,43.380001068115234,43.34000015258789,43.345001220703125,13996,0.0,0.0,0.0
2024-09-27 09:30:00-04:00,43.31999969482422,43.349998474121094,43.290000915527344,43.349998474121094,42761,0.0,0.0,0.0
2024-09-27 09:35:00-04:00,43.36000061035156,43.36000061035156,43.349998474121094,43.36000061035156,7829,0.0,0.0,0.0
2024-09-27 09:40:00-04:00,43.33000183105469,43.34000015258789,43.33000183105469,43.334999084472656,13820,0.0,0.0,0.0
2024-09-27 09:50:00-04:00,43.32500076293945,43.32500076293945,43.31999969482422,43.31999969482422,1377,0.0,0.0,0.0
2024-09-27 09:55:00-04:00,43.31999969482422,43.31999969482422,43.29999923706055,43.31999969482422,1002,0.0,0.0,0.0
2024-09-27 10:00:00-04:00,43.36000061035156,43.36000061035156,43.345001220703125,43.345001220703125,1770,0.0,0.0,0.0
2024-09-27 10:05:00-04:00,43.34000015258789,43.34000015258789,43.32500076293945,43.32500076293945,4548,0.0,0.0,0.0
2024-09-27 10:10:00-04:00,43.33000183105469,43.34000015258789,43.33000183105469,43.34000015258789,3190,0.0,0.0,0.0
2024-09-27 10:15:00-04:00,43.34000015258789,43.349998474121094,43.334999084472656,43.349998474121094,4887,0.0,0.0,0.0
2024-09-27 10:20:00-04:00,43.345001220703125,43.349998474121094,43.34000015258789,43.349998474121094,2860,0.0,0.0,0.0
2024-09-27 10:25:00-04:00,43.345001220703125,43.349998474121094,43.345001220703125,43.349998474121094,3878,0.0,0.0,0.0
2024-09-27 10:30:00-04:00,43.34000015258789,43.345001220703125,43.34000015258789,43.34000015258789,885,0.0,0.0,0.0
2024-09-27 10:35:00-04:00,43.34000015258789,43.349998474121094,43.33000183105469,43.33000183105469,2648,0.0,0.0,0.0
2024-09-27 10:45:00-04:00,43.30500030517578,43.31999969482422,43.29999923706055,43.310001373291016,16231,0.0,0.0,0.0
2024-09-27 10:50:00-04:00,43.31999969482422,43.334999084472656,43.31999969482422,43.334999084472656,2192,0.0,0.0,0.0
2024-09-27 10:55:00-04:00,43.334999084472656,43.334999084472656,43.332801818847656,43.332801818847656,2019,0.0,0.0,0.0
2024-09-27 11:00:00-04:00,43.31999969482422,43.349998474121094,43.31999969482422,43.349998474121094,12403,0.0,0.0,0.0
2024-09-27 11:05:00-04:00,43.34000015258789,43.349998474121094,43.334999084472656,43.34000015258789,10756,0.0,0.0,0.0
2024-09-27 11:10:00-04:00,43.34000015258789,43.34000015258789,43.34000015258789,43.34000015258789,1773,0.0,0.0,0.0
2024-09-27 11:15:00-04:00,43.33000183105469,43.334999084472656,43.33000183105469,43.334999084472656,832,0.0,0.0,0.0
2024-09-27 11:20:00-04:00,43.334999084472656,43.34000015258789,43.33000183105469,43.334999084472656,3206,0.0,0.0,0.0
2024-09-27 11:25:00-04:00,43.334999084472656,43.34000015258789,43.334999084472656,43.34000015258789,1299,0.0,0.0,0.0
2024-09-27 11:30:00-04:00,43.34000015258789,43.34000015258789,43.334999084472656,43.334999084472656,257,0.0,0.0,0.0
2024-09-27 11:35:00-04:00,43.334999084472656,43.334999084472656,43.314998626708984,43.314998626708984,4869,0.0,0.0,0.0
2024-09-27 11:40:00-04:00,43.314998626708984,43.33000183105469,43.314998626708984,43.33000183105469,2701,0.0,0.0,0.0
2024-09-27 11:45:00-04:00,43.33000183105469,43.33000183105469,43.33000183105469,43.33000183105469,802,0.0,0.0,0.0
2024-09-27 11:50:00-04:00,43.31999969482422,43.31999969482422,43.31999969482422,43.31999969482422,1401,0.0,0.0,0.0
2024-09-27 11:55:00-04:00,43.314998626708984,43.314998626708984,43.314998626708984,43.314998626708984,300,0.0,0.0,0.0
2024-09-27 12:00:00-04:00,43.310001373291016,43.310001373291016,43.29999923706055,43.310001373291016,4118,0.0,0.0,0.0
2024-09-27 12:05:00-04:00,43.30500030517578,43.30500030517578,43.290000915527344,43.29499816894531,1717,0.0,0.0,0.0
2024-09-27 12:10:00-04:00,43.29499816894531,43.29499816894531,43.275001525878906,43.28499984741211,11999,0.0,0.0,0.0
2024-09-27 12:15:00-04:00,43.28499984741211,43.28499984741211,43.28499984741211,43.28499984741211,109,0.0,0.0,0.0
2024-09-27 12:20:00-04:00,43.290000915527344,43.29999923706055,43.290000915527344,43.29499816894531,2308,0.0,0.0,0.0
2024-09-27 12:25:00-04:00,43.290000915527344,43.30500030517578,43.290000915527344,43.30500030517578,13231,0.0,0.0,0.0
2024-09-27 12:30:00-04:00,43.29999923706055,43.29999923706055,43.29999923706055,43.29999923706055,526,0.0,0.0,0.0
2024-09-27 12:35:00-04:00,43.29999923706055,43.30500030517578,43.29999923706055,43.30500030517578,1222,0.0,0.0,0.0
2024-09-27 12:40:00-04:00,43.29999923706055,43.29999923706055,43.29999923706055,43.29999923706055,340,0.0,0.0,0.0
2024-09-27 12:45:00-04:00,43.29999923706055,43.30500030517578,43.29499816894531,43.29499816894531,1324,0.0,0.0,0.0
2024-09-27 12:55:00-04:00,43.29499816894531,43.29999923706055,43.29499816894531,43.29499816894531,446,0.0,0.0,0.0
2024-09-27 13:00:00-04:00,43.29999923706055,43.310001373291016,43.29999923706055,43.310001373291016,2030,0.0,0.0,0.0
2024-09-27 13:05:00-04:00,43.29999923706055,43.29999923706055,43.279998779296875,43.279998779296875,2825,0.0,0.0,0.0
2024-09-27 13:10:00-04:00,43.290000915527344,43.29499816894531,43.279998779296875,43.290000915527344,1509,0.0,0.0,0.0
2024-09-27 13:15:00-04:00,43.28969955444336,43.28969955444336,43.28969955444336,43.28969955444336,699,0.0,0.0,0.0
2024-09-27 13:20:00-04:00,43.290000915527344,43.290000915527344,43.290000915527344,43.290000915527344,309,0.0,0.0,0.0
2024-09-27 13:25:00-04:00,43.28499984741211,43.28499984741211,43.28499984741211,43.28499984741211,306,0.0,0.0,0.0
2024-09-27 13:30:00-04:00,43.290000915527344,43.290000915527344,43.28499984741211,43.28499984741211,820,0.0,0.0,0.0
2024-09-27 13:35:00-04:00,43.28499984741211,43.28499984741211,43.2599983215332,43.2599983215332,2161,0.0,0.0,0.0
2024-09-27 13:40:00-04:00,43.26499938964844,43.26499938964844,43.2599983215332,43.26499938964844,800,0.0,0.0,0.0
2024-09-27 13:45:00-04:00,43.26499938964844,43.27000045776367,43.26499938964844,43.27000045776367,2608,0.0,0.0,0.0
2024-09-27 13:50:00-04:00,43.290000915527344,43.29999923706055,43.290000915527344,43.29499816894531,1862,0.0,0.0,0.0
2024-09-27 13:55:00-04:00,43.29999923706055,43.29999923706055,43.29999923706055,43.29999923706055,819,0.0,0.0,0.0
2024-09-27 14:00:00-04:00,43.30500030517578,43.30500030517578,43.29999923706055,43.29999923706055,942,0.0,0.0,0.0
2024-09-27 14:05:00-04:00,43.290000915527344,43.290000915527344,43.290000915527344,43.290000915527344,558,0.0,0.0,0.0
2024-09-27 14:20:00-04:00,43.29999923706055,43.29999923706055,43.29999923706055,43.29999923706055,106,0.0,0.0,0.0
2024-09-27 14:25:00-04:00,43.29999923706055,43.29999923706055,43.255001068115234,43.275001525878906,5768,0.0,0.0,0.0
2024-09-27 14:30:00-04:00,43.27000045776367,43.27000045776367,43.2599983215332,43.27000045776367,2839,0.0,0.0,0.0
2024-09-27 14:35:00-04:00,43.279998779296875,43.279998779296875,43.279998779296875,43.279998779296875,940,0.0,0.0,0.0
2024-09-27 14:40:00-04:00,43.279998779296875,43.29499816894531,43.279998779296875,43.290000915527344,2759,0.0,0.0,0.0
2024-09-27 14:45:00-04:00,43.29999923706055,43.29999923706055,43.29999923706055,43.29999923706055,789,0.0,0.0,0.0
2024-09-27 14:50:00-04:00,43.29999923706055,43.29999923706055,43.29499816894531,43.29499816894531,594,0.0,0.0,0.0
2024-09-27 14:55:00-04:00,43.29499816894531,43.30500030517578,43.29499816894531,43.29999923706055,2749,0.0,0.0,0.0
2024-09-27 15:00:00-04:00,43.30500030517578,43.310001373291016,43.29999923706055,43.310001373291016,1489,0.0,0.0,0.0
2024-09-27 15:05:00-04:00,43.30500030517578,43.30500030517578,43.29999923706055,43.30500030517578,1938,0.0,0.0,0.0
2024-09-27 15:10:00-04:00,43.29999923706055,43.29999923706055,43.290000915527344,43.290000915527344,3775,0.0,0.0,0.0
2024-09-27 15:15:00-04:00,43.29499816894531,43.29499816894531,43.29499816894531,43.29499816894531,1865,0.0,0.0,0.0
2024-09-27 15:20:00-04:00,43.29499816894531,43.29499816894531,43.290000915527344,43.29499816894531,3450,0.0,0.0,0.0
2024-09-27 15:25:00-04:00,43.29999923706055,43.29999923706055,43.290000915527344,43.290000915527344,1374,0.0,0.0,0.0
2024-09-27 15:30:00-04:00,43.29499816894531,43.29499816894531,43.290000915527344,43.29499816894531,2245,0.0,0.0,0.0
2024-09-27 15:35:00-04:00,43.29499816894531,43.29999923706055,43.290000915527344,43.29499816894531,1604,0.0,0.0,0.0
2024-09-27 15:40:00-04:00,43.290000915527344,43.310001373291016,43.290000915527344,43.30500030517578,37278,0.0,0.0,0.0
2024-09-27 15:45:00-04:00,43.30500030517578,43.310001373291016,43.30500030517578,43.30500030517578,3119,0.0,0.0,0.0
2024-09-27 15:50:00-04:00,43.30500030517578,43.310001373291016,43.29999923706055,43.30500030517578,4286,0.0,0.0,0.0
2024-09-27 15:55:00-04:00,43.30500030517578,43.310001373291016,43.28499984741211,43.30500030517578,13149,0.0,0.0,0.0
2024-09-30 09:30:00-04:00,42.56999969482422,42.61000061035156,42.560001373291016,42.57500076293945,14475,0.0,0.0,0.0
2024-09-30 09:35:00-04:00,42.58000183105469,42.59000015258789,42.560001373291016,42.560001373291016,5924,0.0,0.0,0.0
2024-09-30 09:40:00-04:00,42.560001373291016,42.56999969482422,42.54999923706055,42.54999923706055,3404,0.0,0.0,0.0
2024-09-30 09:45:00-04:00,42.599998474121094,42.599998474121094,42.540000915527344,42.59000015258789,5336,0.0,0.0,0.0
2024-09-30 09:50:00-04:00,42.599998474121094,42.68000030517578,42.599998474121094,42.68000030517578,17263,0.0,0.0,0.0
2024-09-30 09:55:00-04:00,42.65999984741211,42.68000030517578,42.65999984741211,42.68000030517578,1892,0.0,0.0,0.0
2024-09-30 10:00:00-04:00,42.665000915527344,42.68000030517578,42.65999984741211,42.65999984741211,3162,0.0,0.0,0.0
2024-09-30 10:05:00-04:00,42.665000915527344,42.70000076293945,42.665000915527344,42.70000076293945,7441,0.0,0.0,0.0
2024-09-30 10:10:00-04:00,42.66999816894531,42.68000030517578,42.630001068115234,42.63999938964844,3804,0.0,0.0,0.0
2024-09-30 10:15:00-04:00,42.66999816894531,42.689998626708984,42.651100158691406,42.65999984741211,2755,0.0,0.0,0.0
2024-09-30 10:20:00-04:00,42.68000030517578,42.689998626708984,42.66999816894531,42.66999816894531,2280,0.0,0.0,0.0
2024-09-30 10:25:00-04:00,42.665000915527344,42.689998626708984,42.64500045776367,42.689998626708984,6554,0.0,0.0,0.0
2024-09-30 10:30:00-04:00,42.70000076293945,42.720001220703125,42.69499969482422,42.70500183105469,7265,0.0,0.0,0.0
2024-09-30 10:35:00-04:00,42.70500183105469,42.709999084472656,42.70000076293945,42.70500183105469,2885,0.0,0.0,0.0
2024-09-30 10:40:00-04:00,42.69499969482422,42.70000076293945,42.689998626708984,42.70000076293945,902,0.0,0.0,0.0
2024-09-30 10:45:00-04:00,42.69499969482422,42.70000076293945,42.689998626708984,42.689998626708984,1266,0.0,0.0,0.0
2024-09-30 10:50:00-04:00,42.67499923706055,42.67499923706055,42.654998779296875,42.665000915527344,3112,0.0,0.0,0.0
2024-09-30 10:55:00-04:00,42.65999984741211,42.65999984741211,42.64500045776367,42.64500045776367,955,0.0,0.0,0.0
2024-09-30 11:00:00-04:00,42.64500045776367,42.65999984741211,42.6349983215332,42.6349983215332,4296,0.0,0.0,0.0
2024-09-30 11:05:00-04:00,42.6349983215332,42.665000915527344,42.6349983215332,42.65999984741211,18112,0.0,0.0,0.0
2024-09-30 11:10:00-04:00,42.654998779296875,42.654998779296875,42.64500045776367,42.654998779296875,2624,0.0,0.0,0.0
2024-09-30 11:15:00-04:00,42.654998779296875,42.654998779296875,42.61000061035156,42.6150016784668,3269,0.0,0.0,0.0
2024-09-30 11:20:00-04:00,42.630001068115234,42.6349983215332,42.619998931884766,42.6349983215332,3566,0.0,0.0,0.0
2024-09-30 11:25:00-04:00,42.6349983215332,42.63999938964844,42.619998931884766,42.630001068115234,5689,0.0,0.0,0.0
2024-09-30 11:30:00-04:00,42.6150016784668,42.6150016784668,42.6150016784668,42.6150016784668,4554,0.0,0.0,0.0
2024-09-30 11:35:00-04:00,42.619998931884766,42.63999938964844,42.60499954223633,42.61000061035156,7935,0.0,0.0,0.0
2024-09-30 11:40:00-04:00,42.599998474121094,42.63999938964844,42.599998474121094,42.6349983215332,5553,0.0,0.0,0.0
2024-09-30 11:45:00-04:00,42.63999938964844,42.650001525878906,42.63999938964844,42.63999938964844,1226,0.0,0.0,0.0
2024-09-30 11:50:00-04:00,42.6349983215332,42.63999938964844,42.630001068115234,42.6349983215332,2714,0.0,0.0,0.0
2024-09-30 11:55:00-04:00,42.6349983215332,42.6349983215332,42.6349983215332,42.6349983215332,591,0.0,0.0,0.0
2024-09-30 12:00:00-04:00,42.6349983215332,42.65999984741211,42.6349983215332,42.63999938964844,3518,0.0,0.0,0.0
2024-09-30 12:05:00-04:00,42.650001525878906,42.66999816894531,42.650001525878906,42.66999816894531,1895,0.0,0.0,0.0
2024-09-30 12:10:00-04:00,42.650001525878906,42.654998779296875,42.650001525878906,42.654998779296875,866,0.0,0.0,0.0
2024-09-30 12:15:00-04:00,42.66999816894531,42.67499923706055,42.654998779296875,42.67499923706055,8167,0.0,0.0,0.0
2024-09-30 12:20:00-04:00,42.66999816894531,42.66999816894531,42.64500045776367,42.650001525878906,4451,0.0,0.0,0.0
2024-09-30 12:25:00-04:00,42.650001525878906,42.70000076293945,42.63999938964844,42.689998626708984,5067,0.0,0.0,0.0
2024-09-30 12:30:00-04:00,42.68000030517578,42.71500015258789,42.66999816894531,42.71500015258789,9101,0.0,0.0,0.0
2024-09-30 12:35:00-04:00,42.71500015258789,42.71500015258789,42.71500015258789,42.71500015258789,366,0.0,0.0,0.0
2024-09-30 12:40:00-04:00,42.709999084472656,42.709999084472656,42.709999084472656,42.709999084472656,616,0.0,0.0,0.0
2024-09-30 12:45:00-04:00,42.709999084472656,42.71500015258789,42.709999084472656,42.71500015258789,3130,0.0,0.0,0.0
2024-09-30 12:50:00-04:00,42.71500015258789,42.71500015258789,42.709999084472656,42.709999084472656,413,0.0,0.0,0.0
2024-09-30 12:55:00-04:00,42.709999084472656,42.71500015258789,42.709999084472656,42.71500015258789,2299,0.0,0.0,0.0
2024-09-30 13:00:00-04:00,42.709999084472656,42.709999084472656,42.70000076293945,42.70000076293945,3429,0.0,0.0,0.0
2024-09-30 13:05:00-04:00,42.689998626708984,42.689998626708984,42.685001373291016,42.685001373291016,705,0.0,0.0,0.0
2024-09-30 13:10:00-04:00,42.665000915527344,42.689998626708984,42.654998779296875,42.66999816894531,3615,0.0,0.0,0.0
2024-09-30 13:15:00-04:00,42.67499923706055,42.67499923706055,42.67499923706055,42.67499923706055,691,0.0,0.0,0.0
2024-09-30 13:20:00-04:00,42.67499923706055,42.67499923706055,42.67499923706055,42.67499923706055,1126,0.0,0.0,0.0
2024-09-30 13:25:00-04:00,42.66999816894531,42.66999816894531,42.63999938964844,42.650001525878906,1320,0.0,0.0,0.0
2024-09-30 13:30:00-04:00,42.64500045776367,42.654998779296875,42.63999938964844,42.654998779296875,2411,0.0,0.0,0.0
2024-09-30 13:35:00-04:00,42.665000915527344,42.665000915527344,42.665000915527344,42.665000915527344,933,0.0,0.0,0.0
2024-09-30 13:45:00-04:00,42.685001373291016,42.69969940185547,42.685001373291016,42.69309997558594,5395,0.0,0.0,0.0
2024-09-30 13:50:00-04:00,42.685001373291016,42.69499969482422,42.685001373291016,42.69499969482422,3121,0.0,0.0,0.0
2024-09-30 13:55:00-04:00,42.689998626708984,42.69499969482422,42.685001373291016,42.685001373291016,4095,0.0,0.0,0.0
2024-09-30 14:00:00-04:00,42.689998626708984,42.689998626708984,42.68000030517578,42.685001373291016,2062,0.0,0.0,0.0
2024-09-30 14:05:00-04:00,42.70000076293945,42.70000076293945,42.685001373291016,42.70000076293945,3996,0.0,0.0,0.0
2024-09-30 14:10:00-04:00,42.689998626708984,42.697200775146484,42.66999816894531,42.685001373291016,7080,0.0,0.0,0.0
2024-09-30 14:15:00-04:00,42.66999816894531,42.67499923706055,42.65999984741211,42.65999984741211,3863,0.0,0.0,0.0
2024-09-30 14:20:00-04:00,42.650001525878906,42.654998779296875,42.6349983215332,42.64500045776367,2797,0.0,0.0,0.0
2024-09-30 14:25:00-04:00,42.63999938964844,42.64500045776367,42.6349983215332,42.64500045776367,2354,0.0,0.0,0.0
2024-09-30 14:30:00-04:00,42.64500045776367,42.650001525878906,42.63999938964844,42.650001525878906,7992,0.0,0.0,0.0
2024-09-30 14:35:00-04:00,42.654998779296875,42.66999816894531,42.654998779296875,42.66999816894531,1522,0.0,0.0,0.0
2024-09-30 14:40:00-04:00,42.68000030517578,42.685001373291016,42.68000030517578,42.685001373291016,4129,0.0,0.0,0.0
2024-09-30 14:45:00-04:00,42.689998626708984,42.689998626708984,42.68000030517578,42.68000030517578,2253,0.0,0.0,0.0
2024-09-30 14:50:00-04:00,42.685001373291016,42.685001373291016,42.66999816894531,42.68000030517578,10675,0.0,0.0,0.0
2024-09-30 14:55:00-04:00,42.685001373291016,42.685001373291016,42.68000030517578,42.68000030517578,2680,0.0,0.0,0.0
2024-09-30 15:00:00-04:00,42.66999816894531,42.66999816894531,42.654998779296875,42.66999816894531,3373,0.0,0.0,0.0
2024-09-30 15:05:00-04:00,42.67499923706055,42.67499923706055,42.66999816894531,42.67499923706055,2831,0.0,0.0,0.0
2024-09-30 15:10:00-04:00,42.67499923706055,42.68000030517578,42.66999816894531,42.67499923706055,4988,0.0,0.0,0.0
2024-09-30 15:15:00-04:00,42.67499923706055,42.68000030517578,42.67499923706055,42.68000030517578,2226,0.0,0.0,0.0
2024-09-30 15:20:00-04:00,42.685001373291016,42.685001373291016,42.68000030517578,42.685001373291016,1702,0.0,0.0,0.0
2024-09-30 15:25:00-04:00,42.68000030517578,42.685001373291016,42.68000030517578,42.68000030517578,1402,0.0,0.0,0.0
2024-09-30 15:30:00-04:00,42.68000030517578,42.68000030517578,42.66999816894531,42.67499923706055,1958,0.0,0.0,0.0
2024-09-30 15:35:00-04:00,42.67499923706055,42.69499969482422,42.66999816894531,42.689998626708984,9175,0.0,0.0,0.0
2024-09-30 15:40:00-04:00,42.689998626708984,42.689998626708984,42.689998626708984,42.689998626708984,2674,0.0,0.0,0.0
2024-09-30 15:45:00-04:00,42.69499969482422,42.720001220703125,42.689998626708984,42.720001220703125,6859,0.0,0.0,0.0
2024-09-30 15:50:00-04:00,42.720001220703125,42.720001220703125,42.685001373291016,42.70500183105469,9142,0.0,0.0,0.0
2024-09-30 15:55:00-04:00,42.70000076293945,42.724998474121094,42.689998626708984,42.720001220703125,25738,0.0,0.0,0.0
2024-10-01 09:30:00-04:00,42.72999954223633,42.79999923706055,42.66999816894531,42.720001220703125,29531,0.0,0.0,0.0
2024-10-01 09:35:00-04:00,42.709999084472656,42.71699905395508,42.63999938964844,42.63999938964844,6368,0.0,0.0,0.0
2024-10-01 09:40:00-04:00,42.64500045776367,42.650001525878906,42.6150016784668,42.630001068115234,8171,0.0,0.0,0.0
2024-10-01 09:45:00-04:00,42.630001068115234,42.65999984741211,42.619998931884766,42.619998931884766,11133,0.0,0.0,0.0
2024-10-01 09:50:00-04:00,42.61000061035156,42.61000061035156,42.58000183105469,42.58000183105469,3909,0.0,0.0,0.0
2024-10-01 09:55:00-04:00,42.599998474121094,42.61249923706055,42.58000183105469,42.58000183105469,22218,0.0,0.0,0.0
2024-10-01 10:00:00-04:00,42.599998474121094,42.599998474121094,42.56999969482422,42.58000183105469,1658,0.0,0.0,0.0
2024-10-01 10:05:00-04:00,42.59000015258789,42.59000015258789,42.4900016784668,42.5099983215332,17424,0.0,0.0,0.0
2024-10-01 10:10:00-04:00,42.5,42.5099983215332,42.4900016784668,42.502498626708984,9151,0.0,0.0,0.0
2024-10-01 10:15:00-04:00,42.505001068115234,42.505001068115234,42.44499969482422,42.45000076293945,13027,0.0,0.0,0.0
2024-10-01 10:20:00-04:00,42.45500183105469,42.47999954223633,42.45000076293945,42.470001220703125,14431,0.0,0.0,0.0
2024-10-01 10:25:00-04:00,42.46500015258789,42.46500015258789,42.439998626708984,42.45000076293945,8805,0.0,0.0,0.0
2024-10-01 10:30:00-04:00,42.45000076293945,42.45000076293945,42.38999938964844,42.404998779296875,26087,0.0,0.0,0.0
2024-10-01 10:35:00-04:00,42.404998779296875,42.44499969482422,42.400001525878906,42.43009948730469,26685,0.0,0.0,0.0
2024-10-01 10:40:00-04:00,42.439998626708984,42.44499969482422,42.435001373291016,42.435001373291016,2835,0.0,0.0,0.0
2024-10-01 10:45:00-04:00,42.43000030517578,42.43000030517578,42.3849983215332,42.3849983215332,5022,0.0,0.0,0.0
2024-10-01 10:50:00-04:00,42.380001068115234,42.39500045776367,42.375,42.375,4875,0.0,0.0,0.0
2024-10-01 10:55:00-04:00,42.369998931884766,42.37649917602539,42.3650016784668,42.3650016784668,10034,0.0,0.0,0.0
2024-10-01 11:00:00-04:00,42.36000061035156,42.36000061035156,42.349998474121094,42.349998474121094,7820,0.0,0.0,0.0
2024-10-01 11:05:00-04:00,42.34000015258789,42.34000015258789,42.31999969482422,42.31999969482422,4855,0.0,0.0,0.0
2024-10-01 11:10:00-04:00,42.310001373291016,42.310001373291016,42.29999923706055,42.30500030517578,1494,0.0,0.0,0.0
2024-10-01 11:15:00-04:00,42.29999923706055,42.31999969482422,42.290000915527344,42.31999969482422,34925,0.0,0.0,0.0
2024-10-01 11:20:00-04:00,42.314998626708984,42.33000183105469,42.314998626708984,42.31999969482422,20024,0.0,0.0,0.0
2024-10-01 11:25:00-04:00,42.31999969482422,42.33000183105469,42.31999969482422,42.32500076293945,5241,0.0,0.0,0.0
2024-10-01 11:30:00-04:00,42.31999969482422,42.334999084472656,42.310001373291016,42.334999084472656,9174,0.0,0.0,0.0
2024-10-01 11:35:00-04:00,42.33000183105469,42.34000015258789,42.31999969482422,42.31999969482422,14366,0.0,0.0,0.0
2024-10-01 11:40:00-04:00,42.31999969482422,42.31999969482422,42.31999969482422,42.31999969482422,827,0.0,0.0,0.0
2024-10-01 11:45:00-04:00,42.310001373291016,42.31999969482422,42.30500030517578,42.31999969482422,7956,0.0,0.0,0.0
2024-10-01 11:50:00-04:00,42.31999969482422,42.32500076293945,42.31999969482422,42.32500076293945,2270,0.0,0.0,0.0
2024-10-01 11:55:00-04:00,42.32500076293945,42.33000183105469,42.32500076293945,42.32500076293945,8121,0.0,0.0,0.0
2024-10-01 12:00:00-04:00,42.31999969482422,42.33000183105469,42.310001373291016,42.33000183105469,5799,0.0,0.0,0.0
2024-10-01 12:05:00-04:00,42.32500076293945,42.34000015258789,42.32500076293945,42.34000015258789,13105,0.0,0.0,0.0
2024-10-01 12:10:00-04:00,42.34000015258789,42.36000061035156,42.34000015258789,42.35499954223633,8713,0.0,0.0,0.0
2024-10-01 12:15:00-04:00,42.35499954223633,42.35499954223633,42.349998474121094,42.349998474121094,3071,0.0,0.0,0.0
2024-10-01 12:20:00-04:00,42.34000015258789,42.34000015258789,42.34000015258789,42.34000015258789,846,0.0,0.0,0.0
2024-10-01 12:25:00-04:00,42.334999084472656,42.34000015258789,42.33000183105469,42.34000015258789,3537,0.0,0.0,0.0
2024-10-01 12:30:00-04:00,42.334999084472656,42.334999084472656,42.31999969482422,42.32500076293945,9823,0.0,0.0,0.0
2024-10-01 12:35:00-04:00,42.31999969482422,42.31999969482422,42.31999969482422,42.31999969482422,1401,0.0,0.0,0.0
2024-10-01 12:40:00-04:00,42.30500030517578,42.30500030517578,42.279998779296875,42.279998779296875,3358,0.0,0.0,0.0
2024-10-01 12:45:00-04:00,42.279998779296875,42.279998779296875,42.2599983215332,42.2599983215332,4928,0.0,0.0,0.0
2024-10-01 12:50:00-04:00,42.2599983215332,42.310001373291016,42.25,42.29999923706055,15198,0.0,0.0,0.0
2024-10-01 12:55:00-04:00,42.290000915527344,42.290000915527344,42.275001525878906,42.290000915527344,3281,0.0,0.0,0.0
2024-10-01 13:00:00-04:00,42.29999923706055,42.29999923706055,42.279998779296875,42.279998779296875,727,0.0,0.0,0.0
2024-10-01 13:05:00-04:00,42.26499938964844,42.27000045776367,42.209999084472656,42.2400016784668,57306,0.0,0.0,0.0
2024-10-01 13:10:00-04:00,42.2400016784668,42.2400016784668,42.21200180053711,42.21200180053711,6822,0.0,0.0,0.0
2024-10-01 13:15:00-04:00,42.209999084472656,42.209999084472656,42.16999816894531,42.18000030517578,68473,0.0,0.0,0.0
2024-10-01 13:20:00-04:00,42.18000030517578,42.185001373291016,42.16999816894531,42.16999816894531,2274,0.0,0.0,0.0
2024-10-01 13:25:00-04:00,42.15999984741211,42.15999984741211,42.13999938964844,42.13999938964844,1974,0.0,0.0,0.0
2024-10-01 13:30:00-04:00,42.130001068115234,42.14500045776367,42.130001068115234,42.130001068115234,6236,0.0,0.0,0.0
2024-10-01 13:35:00-04:00,42.125,42.130001068115234,42.060001373291016,42.11000061035156,56296,0.0,0.0,0.0
2024-10-01 13:40:00-04:00,42.095001220703125,42.119998931884766,42.095001220703125,42.119998931884766,8303,0.0,0.0,0.0
2024-10-01 13:45:00-04:00,42.150001525878906,42.150001525878906,42.06999969482422,42.06999969482422,24845,0.0,0.0,0.0
2024-10-01 13:50:00-04:00,42.06999969482422,42.06999969482422,42.040000915527344,42.04999923706055,4167,0.0,0.0,0.0
2024-10-01 13:55:00-04:00,42.060001373291016,42.09000015258789,42.060001373291016,42.084999084472656,7911,0.0,0.0,0.0
2024-10-01 14:00:00-04:00,42.084999084472656,42.09000015258789,42.08000183105469,42.08000183105469,1780,0.0,0.0,0.0
2024-10-01 14:05:00-04:00,42.084999084472656,42.10499954223633,42.084999084472656,42.095001220703125,3457,0.0,0.0,0.0
2024-10-01 14:10:00-04:00,42.095001220703125,42.119998931884766,42.095001220703125,42.119998931884766,11949,0.0,0.0,0.0
2024-10-01 14:15:00-04:00,42.119998931884766,42.13999938964844,42.1150016784668,42.1349983215332,18194,0.0,0.0,0.0
2024-10-01 14:20:00-04:00,42.13999938964844,42.15999984741211,42.13999938964844,42.150001525878906,6124,0.0,0.0,0.0
2024-10-01 14:25:00-04:00,42.150001525878906,42.16999816894531,42.150001525878906,42.15999984741211,1244,0.0,0.0,0.0
2024-10-01 14:30:00-04:00,42.165000915527344,42.220001220703125,42.165000915527344,42.220001220703125,6758,0.0,0.0,0.0
2024-10-01 14:35:00-04:00,42.209999084472656,42.209999084472656,42.18000030517578,42.185001373291016,776,0.0,0.0,0.0
2024-10-01 14:40:00-04:00,42.18000030517578,42.185001373291016,42.15999984741211,42.15999984741211,4468,0.0,0.0,0.0
2024-10-01 14:45:00-04:00,42.15999984741211,42.165000915527344,42.150001525878906,42.150001525878906,827,0.0,0.0,0.0
2024-10-01 14:50:00-04:00,42.154998779296875,42.165000915527344,42.13999938964844,42.150001525878906,8352,0.0,0.0,0.0
2024-10-01 14:55:00-04:00,42.150001525878906,42.15999984741211,42.150001525878906,42.150001525878906,1752,0.0,0.0,0.0
2024-10-01 15:00:00-04:00,42.13999938964844,42.13999938964844,42.13999938964844,42.13999938964844,988,0.0,0.0,0.0
2024-10-01 15:05:00-04:00,42.13999938964844,42.154998779296875,42.099998474121094,42.119998931884766,48349,0.0,0.0,0.0
2024-10-01 15:10:00-04:00,42.130001068115234,42.130001068115234,42.06999969482422,42.130001068115234,280703,0.0,0.0,0.0
2024-10-01 15:15:00-04:00,42.13999938964844,42.150001525878906,42.130001068115234,42.13999938964844,8751,0.0,0.0,0.0
2024-10-01 15:20:00-04:00,42.13999938964844,42.16999816894531,42.13999938964844,42.165000915527344,5017,0.0,0.0,0.0
2024-10-01 15:25:00-04:00,42.160099029541016,42.16999816894531,42.15999984741211,42.15999984741211,1014,0.0,0.0,0.0
2024-10-01 15:30:00-04:00,42.15999984741211,42.18000030517578,42.150001525878906,42.17499923706055,15268,0.0,0.0,0.0
2024-10-01 15:35:00-04:00,42.16999816894531,42.18000030517578,42.15999984741211,42.18000030517578,9616,0.0,0.0,0.0
2024-10-01 15:40:00-04:00,42.17499923706055,42.18000030517578,42.16999816894531,42.16999816894531,5533,0.0,0.0,0.0
2024-10-01 15:45:00-04:00,42.16899871826172,42.17499923706055,42.15999984741211,42.16999816894531,4779,0.0,0.0,0.0
2024-10-01 15:50:00-04:00,42.17499923706055,42.17499923706055,42.119998931884766,42.125,35776,0.0,0.0,0.0
2024-10-01 15:55:00-04:00,42.125,42.130001068115234,42.11000061035156,42.130001068115234,52704,0.0,0.0,0.0
2024-10-02 09:30:00-04:00,41.9900016784668,42.005001068115234,41.86000061035156,41.86000061035156,6348,0.0,0.0,0.0
2024-10-02 09:35:00-04:00,41.880001068115234,41.880001068115234,41.84000015258789,41.86000061035156,13362,0.0,0.0,0.0
2024-10-02 09:40:00-04:00,41.869998931884766,41.875,41.810001373291016,41.814998626708984,25307,0.0,0.0,0.0
2024-10-02 09:45:00-04:00,41.814998626708984,41.880001068115234,41.810001373291016,41.84000015258789,22296,0.0,0.0,0.0
2024-10-02 09:50:00-04:00,41.84000015258789,41.88999938964844,41.83000183105469,41.869998931884766,15732,0.0,0.0,0.0
2024-10-02 09:55:00-04:00,41.880001068115234,41.89500045776367,41.875,41.880001068115234,8126,0.0,0.0,0.0
2024-10-02 10:00:00-04:00,41.88999938964844,41.93000030517578,41.880001068115234,41.91999816894531,4178,0.0,0.0,0.0
2024-10-02 10:05:00-04:00,41.900001525878906,41.93000030517578,41.900001525878906,41.915000915527344,1933,0.0,0.0,0.0
2024-10-02 10:10:00-04:00,41.91999816894531,41.935001373291016,41.899898529052734,41.899898529052734,5878,0.0,0.0,0.0
2024-10-02 10:15:00-04:00,41.900001525878906,41.91999816894531,41.900001525878906,41.91999816894531,1947,0.0,0.0,0.0
2024-10-02 10:20:00-04:00,41.935001373291016,41.935001373291016,41.88999938964844,41.89500045776367,3832,0.0,0.0,0.0
2024-10-02 10:25:00-04:00,41.89500045776367,41.91999816894531,41.88999938964844,41.91999816894531,4209,0.0,0.0,0.0
2024-10-02 10:30:00-04:00,41.91999816894531,41.91999816894531,41.90999984741211,41.90999984741211,3390,0.0,0.0,0.0
2024-10-02 10:35:00-04:00,41.88999938964844,41.91999816894531,41.88999938964844,41.91999816894531,2514,0.0,0.0,0.0
2024-10-02 10:40:00-04:00,41.93000030517578,41.93000030517578,41.90999984741211,41.91999816894531,1599,0.0,0.0,0.0
2024-10-02 10:45:00-04:00,41.91999816894531,41.939998626708984,41.915000915527344,41.939998626708984,9360,0.0,0.0,0.0
2024-10-02 10:50:00-04:00,41.939998626708984,41.95000076293945,41.92499923706055,41.939998626708984,40531,0.0,0.0,0.0
2024-10-02 10:55:00-04:00,41.935001373291016,41.938499450683594,41.91999816894531,41.91999816894531,6997,0.0,0.0,0.0
2024-10-02 11:00:00-04:00,41.902000427246094,41.92470169067383,41.902000427246094,41.92470169067383,4640,0.0,0.0,0.0
2024-10-02 11:05:00-04:00,41.93000030517578,41.935001373291016,41.900001525878906,41.90999984741211,2569,0.0,0.0,0.0
2024-10-02 11:10:00-04:00,41.910099029541016,41.93000030517578,41.910099029541016,41.92499923706055,1768,0.0,0.0,0.0
2024-10-02 11:15:00-04:00,41.94499969482422,41.94499969482422,41.94499969482422,41.94499969482422,530,0.0,0.0,0.0
2024-10-02 11:20:00-04:00,41.94499969482422,41.94499969482422,41.93000030517578,41.935001373291016,3742,0.0,0.0,0.0
2024-10-02 11:25:00-04:00,41.935001373291016,41.94499969482422,41.935001373291016,41.94499969482422,4572,0.0,0.0,0.0
2024-10-02 11:30:00-04:00,41.94499969482422,41.95000076293945,41.93000030517578,41.95000076293945,5276,0.0,0.0,0.0
2024-10-02 11:35:00-04:00,41.95500183105469,41.959999084472656,41.95000076293945,41.95000076293945,6017,0.0,0.0,0.0
2024-10-02 11:40:00-04:00,41.95500183105469,41.959999084472656,41.95500183105469,41.959999084472656,1190,0.0,0.0,0.0
2024-10-02 11:45:00-04:00,41.959999084472656,41.96500015258789,41.959999084472656,41.96500015258789,1865,0.0,0.0,0.0
2024-10-02 11:50:00-04:00,41.96500015258789,41.970001220703125,41.96500015258789,41.96500015258789,3451,0.0,0.0,0.0
2024-10-02 11:55:00-04:00,41.96500015258789,41.96500015258789,41.96500015258789,41.96500015258789,1869,0.0,0.0,0.0
2024-10-02 12:00:00-04:00,41.96500015258789,41.970001220703125,41.96500015258789,41.96500015258789,1631,0.0,0.0,0.0
2024-10-02 12:05:00-04:00,41.970001220703125,41.970001220703125,41.96500015258789,41.96500015258789,2864,0.0,0.0,0.0
2024-10-02 12:10:00-04:00,41.96500015258789,41.970001220703125,41.96500015258789,41.970001220703125,3932,0.0,0.0,0.0
2024-10-02 12:15:00-04:00,41.96500015258789,41.970001220703125,41.95500183105469,41.95500183105469,5528,0.0,0.0,0.0
2024-10-02 12:20:00-04:00,41.95000076293945,41.959999084472656,41.93000030517578,41.959999084472656,9868,0.0,0.0,0.0
2024-10-02 12:25:00-04:00,41.959999084472656,41.970001220703125,41.94499969482422,41.94499969482422,3429,0.0,0.0,0.0
2024-10-02 12:30:00-04:00,41.94499969482422,41.94499969482422,41.93000030517578,41.93000030517578,928,0.0,0.0,0.0
2024-10-02 12:35:00-04:00,41.93000030517578,41.935001373291016,41.93000030517578,41.935001373291016,466,0.0,0.0,0.0
2024-10-02 12:40:00-04:00,41.939998626708984,41.939998626708984,41.939998626708984,41.939998626708984,1091,0.0,0.0,0.0
2024-10-02 12:45:00-04:00,41.939998626708984,41.94499969482422,41.939998626708984,41.94499969482422,2072,0.0,0.0,0.0
2024-10-02 12:50:00-04:00,41.94499969482422,41.94499969482422,41.94499969482422,41.94499969482422,1029,0.0,0.0,0.0
2024-10-02 12:55:00-04:00,41.94499969482422,41.94499969482422,41.900001525878906,41.900001525878906,4791,0.0,0.0,0.0
2024-10-02 13:00:00-04:00,41.904998779296875,41.90999984741211,41.904998779296875,41.90999984741211,322,0.0,0.0,0.0
2024-10-02 13:05:00-04:00,41.904998779296875,41.904998779296875,41.89500045776367,41.89500045776367,933,0.0,0.0,0.0
2024-10-02 13:10:00-04:00,41.900001525878906,41.900001525878906,41.89500045776367,41.89500045776367,951,0.0,0.0,0.0
2024-10-02 13:15:00-04:00,41.88999938964844,41.88999938964844,41.88999938964844,41.88999938964844,764,0.0,0.0,0.0
2024-10-02 13:20:00-04:00,41.8849983215332,41.88999938964844,41.880001068115234,41.8849983215332,1397,0.0,0.0,0.0
2024-10-02 13:25:00-04:00,41.8849983215332,41.900001525878906,41.8849983215332,41.89500045776367,1336,0.0,0.0,0.0
2024-10-02 13:30:00-04:00,41.89500045776367,41.89500045776367,41.86000061035156,41.86000061035156,5582,0.0,0.0,0.0
2024-10-02 13:35:00-04:00,41.867000579833984,41.900001525878906,41.849998474121094,41.900001525878906,1889,0.0,0.0,0.0
2024-10-02 13:40:00-04:00,41.900001525878906,41.900001525878906,41.88999938964844,41.89500045776367,1325,0.0,0.0,0.0
2024-10-02 13:45:00-04:00,41.88999938964844,41.915000915527344,41.88999938964844,41.915000915527344,1111,0.0,0.0,0.0
2024-10-02 13:50:00-04:00,41.90999984741211,41.915000915527344,41.904998779296875,41.915000915527344,3736,0.0,0.0,0.0
2024-10-02 13:55:00-04:00,41.915000915527344,41.93000030517578,41.915000915527344,41.91999816894531,5024,0.0,0.0,0.0
2024-10-02 14:00:00-04:00,41.91999816894531,41.92499923706055,41.915000915527344,41.91999816894531,1262,0.0,0.0,0.0
2024-10-02 14:05:00-04:00,41.915000915527344,41.915000915527344,41.904998779296875,41.90999984741211,2093,0.0,0.0,0.0
2024-10-02 14:10:00-04:00,41.90999984741211,41.90999984741211,41.90999984741211,41.90999984741211,540,0.0,0.0,0.0
2024-10-02 14:15:00-04:00,41.910099029541016,41.91999816894531,41.90999984741211,41.91999816894531,664,0.0,0.0,0.0
2024-10-02 14:20:00-04:00,41.90999984741211,41.915000915527344,41.904998779296875,41.915000915527344,1257,0.0,0.0,0.0
2024-10-02 14:25:00-04:00,41.90999984741211,41.90999984741211,41.875,41.88999938964844,2552,0.0,0.0,0.0
2024-10-02 14:30:00-04:00,41.900001525878906,41.904998779296875,41.88999938964844,41.904998779296875,1191,0.0,0.0,0.0
2024-10-02 14:35:00-04:00,41.900001525878906,41.90999984741211,41.88999938964844,41.904998779296875,1010,0.0,0.0,0.0
2024-10-02 14:40:00-04:00,41.904998779296875,41.90999984741211,41.900001525878906,41.904998779296875,3950,0.0,0.0,0.0
2024-10-02 14:45:00-04:00,41.900001525878906,41.90999984741211,41.900001525878906,41.904998779296875,486,0.0,0.0,0.0
2024-10-02 14:50:00-04:00,41.904998779296875,41.904998779296875,41.900001525878906,41.904998779296875,980,0.0,0.0,0.0
2024-10-02 14:55:00-04:00,41.904998779296875,41.90999984741211,41.8849983215332,41.8849983215332,6852,0.0,0.0,0.0
2024-10-02 15:00:00-04:00,41.8849983215332,41.8849983215332,41.869998931884766,41.880001068115234,1660,0.0,0.0,0.0
2024-10-02 15:05:00-04:00,41.880001068115234,41.8849983215332,41.880001068115234,41.8849983215332,1274,0.0,0.0,0.0
2024-10-02 15:10:00-04:00,41.88199996948242,41.8849983215332,41.88199996948242,41.8849983215332,2563,0.0,0.0,0.0
2024-10-02 15:15:00-04:00,41.88999938964844,41.88999938964844,41.8849983215332,41.8849983215332,962,0.0,0.0,0.0
2024-10-02 15:20:00-04:00,41.88999938964844,41.900001525878906,41.88999938964844,41.89500045776367,5328,0.0,0.0,0.0
2024-10-02 15:25:00-04:00,41.88999938964844,41.904998779296875,41.8849983215332,41.900001525878906,13822,0.0,0.0,0.0
2024-10-02 15:30:00-04:00,41.89500045776367,41.900001525878906,41.88999938964844,41.89500045776367,2157,0.0,0.0,0.0
2024-10-02 15:35:00-04:00,41.88999938964844,41.88999938964844,41.845001220703125,41.8650016784668,7762,0.0,0.0,0.0
2024-10-02 15:40:00-04:00,41.8650016784668,41.880001068115234,41.86000061035156,41.880001068115234,2823,0.0,0.0,0.0
2024-10-02 15:45:00-04:00,41.880001068115234,41.89500045776367,41.869998931884766,41.869998931884766,10952,0.0,0.0,0.0
2024-10-02 15:50:00-04:00,41.87990188598633,41.87990188598633,41.849998474121094,41.869998931884766,5289,0.0,0.0,0.0
2024-10-02 15:55:00-04:00,41.875,41.8849983215332,41.86000061035156,41.86000061035156,12307,0.0,0.0,0.0
2024-10-03 09:30:00-04:00,41.560001373291016,41.689998626708984,41.540000915527344,41.564998626708984,20171,0.0,0.0,0.0
2024-10-03 09:35:00-04:00,41.56999969482422,41.57500076293945,41.54499816894531,41.54999923706055,9369,0.0,0.0,0.0
2024-10-03 09:40:00-04:00,41.540000915527344,41.56999969482422,41.540000915527344,41.54999923706055,20758,0.0,0.0,0.0
2024-10-03 09:45:00-04:00,41.55500030517578,41.56999969482422,41.540000915527344,41.55500030517578,6285,0.0,0.0,0.0
2024-10-03 09:50:00-04:00,41.560001373291016,41.58000183105469,41.560001373291016,41.57500076293945,5865,0.0,0.0,0.0
2024-10-03 09:55:00-04:00,41.56999969482422,41.56999969482422,41.560001373291016,41.560001373291016,2042,0.0,0.0,0.0
2024-10-03 10:00:00-04:00,41.55500030517578,41.56999969482422,41.54999923706055,41.564998626708984,3386,0.0,0.0,0.0
2024-10-03 10:05:00-04:00,41.564998626708984,41.61000061035156,41.564998626708984,41.595001220703125,5838,0.0,0.0,0.0
2024-10-03 10:10:00-04:00,41.595001220703125,41.595001220703125,41.5099983215332,41.53499984741211,52159,0.0,0.0,0.0
2024-10-03 10:15:00-04:00,41.540000915527344,41.54499816894531,41.5099983215332,41.5099983215332,12905,0.0,0.0,0.0
2024-10-03 10:20:00-04:00,41.5,41.5,41.43000030517578,41.44499969482422,20846,0.0,0.0,0.0
2024-10-03 10:25:00-04:00,41.44499969482422,41.45500183105469,41.44499969482422,41.45500183105469,7831,0.0,0.0,0.0
2024-10-03 10:30:00-04:00,41.41999816894531,41.45000076293945,41.40999984741211,41.44499969482422,14221,0.0,0.0,0.0
2024-10-03 10:35:00-04:00,41.439998626708984,41.439998626708984,41.42499923706055,41.42499923706055,12572,0.0,0.0,0.0
2024-10-03 10:40:00-04:00,41.41999816894531,41.41999816894531,41.3650016784668,41.3849983215332,8123,0.0,0.0,0.0
2024-10-03 10:45:00-04:00,41.3849983215332,41.38999938964844,41.36000061035156,41.36000061035156,3452,0.0,0.0,0.0
2024-10-03 10:50:00-04:00,41.3650016784668,41.3650016784668,41.349998474121094,41.349998474121094,279,0.0,0.0,0.0
2024-10-03 10:55:00-04:00,41.349998474121094,41.349998474121094,41.33000183105469,41.33000183105469,3443,0.0,0.0,0.0
2024-10-03 11:00:00-04:00,41.31999969482422,41.34000015258789,41.310001373291016,41.33000183105469,9267,0.0,0.0,0.0
2024-10-03 11:05:00-04:00,41.34000015258789,41.349998474121094,41.33000183105469,41.33000183105469,2234,0.0,0.0,0.0
2024-10-03 11:10:00-04:00,41.34000015258789,41.34000015258789,41.34000015258789,41.34000015258789,860,0.0,0.0,0.0
2024-10-03 11:15:00-04:00,41.34000015258789,41.369998931884766,41.34000015258789,41.3650016784668,2550,0.0,0.0,0.0
2024-10-03 11:20:00-04:00,41.36000061035156,41.380001068115234,41.35499954223633,41.375,6527,0.0,0.0,0.0
2024-10-03 11:25:00-04:00,41.375,41.3849983215332,41.3650016784668,41.375,5365,0.0,0.0,0.0
2024-10-03 11:30:00-04:00,41.380001068115234,41.400001525878906,41.380001068115234,41.38999938964844,15295,0.0,0.0,0.0
2024-10-03 11:35:00-04:00,41.38999938964844,41.400001525878906,41.38999938964844,41.39500045776367,10433,0.0,0.0,0.0
2024-10-03 11:40:00-04:00,41.39500045776367,41.404998779296875,41.39500045776367,41.404998779296875,8312,0.0,0.0,0.0
2024-10-03 11:45:00-04:00,41.40999984741211,41.41999816894531,41.40999984741211,41.41999816894531,2546,0.0,0.0,0.0
2024-10-03 11:50:00-04:00,41.41999816894531,41.45000076293945,41.41999816894531,41.439998626708984,4381,0.0,0.0,0.0
2024-10-03 11:55:00-04:00,41.435001373291016,41.439998626708984,41.400001525878906,41.40999984741211,7479,0.0,0.0,0.0
2024-10-03 12:00:00-04:00,41.400001525878906,41.41999816894531,41.400001525878906,41.41999816894531,13025,0.0,0.0,0.0
2024-10-03 12:05:00-04:00,41.41999816894531,41.43000030517578,41.415000915527344,41.43000030517578,2066,0.0,0.0,0.0
2024-10-03 12:10:00-04:00,41.43000030517578,41.45000076293945,41.43000030517578,41.44499969482422,5201,0.0,0.0,0.0
2024-10-03 12:15:00-04:00,41.44969940185547,41.45000076293945,41.439998626708984,41.45000076293945,18237,0.0,0.0,0.0
2024-10-03 12:20:00-04:00,41.44499969482422,41.459999084472656,41.44499969482422,41.45500183105469,4066,0.0,0.0,0.0
2024-10-03 12:25:00-04:00,41.45500183105469,41.45500183105469,41.44499969482422,41.44499969482422,4288,0.0,0.0,0.0
2024-10-03 12:30:00-04:00,41.44499969482422,41.44499969482422,41.43000030517578,41.44499969482422,4730,0.0,0.0,0.0
2024-10-03 12:35:00-04:00,41.439998626708984,41.45500183105469,41.439998626708984,41.45000076293945,9762,0.0,0.0,0.0
2024-10-03 12:40:00-04:00,41.44499969482422,41.44499969482422,41.42499923706055,41.42499923706055,5005,0.0,0.0,0.0
2024-10-03 12:45:00-04:00,41.42499923706055,41.42499923706055,41.38999938964844,41.38999938964844,5403,0.0,0.0,0.0
2024-10-03 12:50:00-04:00,41.380001068115234,41.380001068115234,41.34000015258789,41.34000015258789,3738,0.0,0.0,0.0
2024-10-03 12:55:00-04:00,41.345001220703125,41.369998931884766,41.345001220703125,41.36000061035156,3490,0.0,0.0,0.0
2024-10-03 13:00:00-04:00,41.35499954223633,41.35499954223633,41.32500076293945,41.33000183105469,1184,0.0,0.0,0.0
2024-10-03 13:05:00-04:00,41.32500076293945,41.34000015258789,41.32500076293945,41.34000015258789,1681,0.0,0.0,0.0
2024-10-03 13:10:00-04:00,41.34000015258789,41.345001220703125,41.34000015258789,41.34000015258789,1336,0.0,0.0,0.0
2024-10-03 13:15:00-04:00,41.34000015258789,41.34000015258789,41.31999969482422,41.33000183105469,1445,0.0,0.0,0.0
2024-10-03 13:20:00-04:00,41.314998626708984,41.34000015258789,41.314998626708984,41.34000015258789,1902,0.0,0.0,0.0
2024-10-03 13:25:00-04:00,41.34000015258789,41.345001220703125,41.32500076293945,41.33000183105469,3748,0.0,0.0,0.0
2024-10-03 13:30:00-04:00,41.334999084472656,41.349998474121094,41.334999084472656,41.34000015258789,1155,0.0,0.0,0.0
2024-10-03 13:35:00-04:00,41.349998474121094,41.349998474121094,41.31999969482422,41.31999969482422,1804,0.0,0.0,0.0
2024-10-03 13:40:00-04:00,41.32500076293945,41.33000183105469,41.310001373291016,41.33000183105469,1371,0.0,0.0,0.0
2024-10-03 13:45:00-04:00,41.34000015258789,41.349998474121094,41.34000015258789,41.34000015258789,1092,0.0,0.0,0.0
2024-10-03 13:50:00-04:00,41.34000015258789,41.34000015258789,41.34000015258789,41.34000015258789,121,0.0,0.0,0.0
2024-10-03 13:55:00-04:00,41.345001220703125,41.345001220703125,41.345001220703125,41.345001220703125,752,0.0,0.0,0.0
2024-10-03 14:00:00-04:00,41.345001220703125,41.345001220703125,41.345001220703125,41.345001220703125,200,0.0,0.0,0.0
2024-10-03 14:05:00-04:00,41.345001220703125,41.345001220703125,41.345001220703125,41.345001220703125,843,0.0,0.0,0.0
2024-10-03 14:10:00-04:00,41.345001220703125,41.36000061035156,41.345001220703125,41.36000061035156,1798,0.0,0.0,0.0
2024-10-03 14:15:00-04:00,41.35499954223633,41.35499954223633,41.35499954223633,41.35499954223633,150,0.0,0.0,0.0
2024-10-03 14:20:00-04:00,41.35499954223633,41.35499954223633,41.29999923706055,41.34000015258789,28734,0.0,0.0,0.0
2024-10-03 14:25:00-04:00,41.34000015258789,41.34000015258789,41.33000183105469,41.33000183105469,827,0.0,0.0,0.0
2024-10-03 14:30:00-04:00,41.33000183105469,41.33000183105469,41.32500076293945,41.33000183105469,1198,0.0,0.0,0.0
2024-10-03 14:35:00-04:00,41.34000015258789,41.34000015258789,41.334999084472656,41.334999084472656,622,0.0,0.0,0.0
2024-10-03 14:40:00-04:00,41.334999084472656,41.334999084472656,41.33000183105469,41.33000183105469,694,0.0,0.0,0.0
2024-10-03 14:45:00-04:00,41.33000183105469,41.33000183105469,41.31999969482422,41.33000183105469,1813,0.0,0.0,0.0
2024-10-03 14:50:00-04:00,41.33000183105469,41.33000183105469,41.32500076293945,41.32500076293945,966,0.0,0.0,0.0
2024-10-03 14:55:00-04:00,41.33000183105469,41.33000183105469,41.32500076293945,41.32500076293945,1853,0.0,0.0,0.0
2024-10-03 15:00:00-04:00,41.31999969482422,41.32500076293945,41.314998626708984,41.314998626708984,3994,0.0,0.0,0.0
2024-10-03 15:05:00-04:00,41.314998626708984,41.314998626708984,41.29999923706055,41.30500030517578,7475,0.0,0.0,0.0
2024-10-03 15:10:00-04:00,41.30500030517578,41.30500030517578,41.29499816894531,41.29499816894531,2556,0.0,0.0,0.0
2024-10-03 15:15:00-04:00,41.29499816894531,41.29499816894531,41.29499816894531,41.29499816894531,1344,0.0,0.0,0.0
2024-10-03 15:20:00-04:00,41.292598724365234,41.34000015258789,41.292598724365234,41.31999969482422,11007,0.0,0.0,0.0
2024-10-03 15:25:00-04:00,41.31999969482422,41.31999969482422,41.30500030517578,41.310001373291016,4036,0.0,0.0,0.0
2024-10-03 15:30:00-04:00,41.314998626708984,41.31999969482422,41.314998626708984,41.31890106201172,2653,0.0,0.0,0.0
2024-10-03 15:35:00-04:00,41.314998626708984,41.314998626708984,41.310001373291016,41.314998626708984,3070,0.0,0.0,0.0
2024-10-03 15:40:00-04:00,41.314998626708984,41.31999969482422,41.310001373291016,41.314998626708984,7313,0.0,0.0,0.0
2024-10-03 15:45:00-04:00,41.314998626708984,41.36000061035156,41.314998626708984,41.36000061035156,12376,0.0,0.0,0.0
2024-10-03 15:50:00-04:00,41.35499954223633,41.380001068115234,41.35499954223633,41.375,13510,0.0,0.0,0.0
2024-10-03 15:55:00-04:00,41.380001068115234,41.439998626708984,41.369998931884766,41.43000030517578,44043,0.0,0.0,0.0
2024-10-04 09:30:00-04:00,41.4900016784668,41.4900016784668,41.45000076293945,41.45000076293945,2734,0.0,0.0,0.0
2024-10-04 09:35:00-04:00,41.41999816894531,41.41999816894531,41.40999984741211,41.40999984741211,5753,0.0,0.0,0.0
2024-10-04 09:40:00-04:00,41.400001525878906,41.40999984741211,41.38999938964844,41.38999938964844,8707,0.0,0.0,0.0
2024-10-04 09:45:00-04:00,41.380001068115234,41.38999938964844,41.349998474121094,41.349998474121094,10045,0.0,0.0,0.0
2024-10-04 09:50:00-04:00,41.36000061035156,41.36000061035156,41.34000015258789,41.34000015258789,5027,0.0,0.0,0.0
2024-10-04 09:55:00-04:00,41.34000015258789,41.34000015258789,41.29999923706055,41.31999969482422,10402,0.0,0.0,0.0
2024-10-04 10:00:00-04:00,41.31999969482422,41.31999969482422,41.27000045776367,41.279998779296875,19353,0.0,0.0,0.0
2024-10-04 10:05:00-04:00,41.29499816894531,41.32500076293945,41.29499816894531,41.32500076293945,3764,0.0,0.0,0.0
2024-10-04 10:10:00-04:00,41.32500076293945,41.34000015258789,41.29999923706055,41.34000015258789,2124,0.0,0.0,0.0
2024-10-04 10:15:00-04:00,41.34000015258789,41.349998474121094,41.34000015258789,41.349998474121094,3002,0.0,0.0,0.0
2024-10-04 10:20:00-04:00,41.34000015258789,41.34000015258789,41.34000015258789,41.34000015258789,605,0.0,0.0,0.0
2024-10-04 10:25:00-04:00,41.33000183105469,41.33000183105469,41.310001373291016,41.310001373291016,2956,0.0,0.0,0.0
2024-10-04 10:30:00-04:00,41.310001373291016,41.310001373291016,41.310001373291016,41.310001373291016,1062,0.0,0.0,0.0
2024-10-04 10:35:00-04:00,41.31999969482422,41.31999969482422,41.310001373291016,41.31999969482422,1500,0.0,0.0,0.0
2024-10-04 10:40:00-04:00,41.31999969482422,41.34000015258789,41.310001373291016,41.31999969482422,3526,0.0,0.0,0.0
2024-10-04 10:45:00-04:00,41.31999969482422,41.34000015258789,41.31999969482422,41.34000015258789,1784,0.0,0.0,0.0
2024-10-04 10:50:00-04:00,41.34000015258789,41.349998474121094,41.34000015258789,41.345001220703125,2841,0.0,0.0,0.0
2024-10-04 10:55:00-04:00,41.33000183105469,41.33000183105469,41.310001373291016,41.310001373291016,2920,0.0,0.0,0.0
2024-10-04 11:00:00-04:00,41.310001373291016,41.34000015258789,41.310001373291016,41.33000183105469,5270,0.0,0.0,0.0
2024-10-04 11:05:00-04:00,41.32500076293945,41.33000183105469,41.32500076293945,41.33000183105469,639,0.0,0.0,0.0
2024-10-04 11:10:00-04:00,41.35499954223633,41.369998931884766,41.35499954223633,41.369998931884766,1801,0.0,0.0,0.0
2024-10-04 11:15:00-04:00,41.369998931884766,41.369998931884766,41.349998474121094,41.349998474121094,3881,0.0,0.0,0.0
2024-10-04 11:20:00-04:00,41.34000015258789,41.34000015258789,41.29999923706055,41.29999923706055,2259,0.0,0.0,0.0
2024-10-04 11:25:00-04:00,41.29999923706055,41.29999923706055,41.29499816894531,41.29499816894531,1265,0.0,0.0,0.0
2024-10-04 11:30:00-04:00,41.29499816894531,41.310001373291016,41.29499816894531,41.29999923706055,6025,0.0,0.0,0.0
2024-10-04 11:35:00-04:00,41.31999969482422,41.349998474121094,41.31999969482422,41.349998474121094,1067,0.0,0.0,0.0
2024-10-04 11:40:00-04:00,41.36000061035156,41.369998931884766,41.36000061035156,41.369998931884766,2688,0.0,0.0,0.0
2024-10-04 11:45:00-04:00,41.36000061035156,41.369998931884766,41.36000061035156,41.36000061035156,1682,0.0,0.0,0.0
2024-10-04 11:50:00-04:00,41.36000061035156,41.369998931884766,41.36000061035156,41.369998931884766,2320,0.0,0.0,0.0
2024-10-04 11:55:00-04:00,41.375,41.380001068115234,41.369998931884766,41.37009811401367,4029,0.0,0.0,0.0
2024-10-04 12:00:00-04:00,41.380001068115234,41.3849983215332,41.380001068115234,41.3849983215332,757,0.0,0.0,0.0
2024-10-04 12:05:00-04:00,41.38949966430664,41.400001525878906,41.375,41.375,9575,0.0,0.0,0.0
2024-10-04 12:10:00-04:00,41.380001068115234,41.3849983215332,41.375,41.380001068115234,2637,0.0,0.0,0.0
2024-10-04 12:20:00-04:00,41.380001068115234,41.380001068115234,41.380001068115234,41.380001068115234,193,0.0,0.0,0.0
2024-10-04 12:25:00-04:00,41.369998931884766,41.380001068115234,41.3650016784668,41.380001068115234,784,0.0,0.0,0.0
2024-10-04 12:30:00-04:00,41.38999938964844,41.38999938964844,41.38999938964844,41.38999938964844,416,0.0,0.0,0.0
2024-10-04 12:35:00-04:00,41.38999938964844,41.400001525878906,41.38999938964844,41.400001525878906,1763,0.0,0.0,0.0
2024-10-04 12:40:00-04:00,41.404998779296875,41.41999816894531,41.404998779296875,41.41999816894531,4407,0.0,0.0,0.0
2024-10-04 12:45:00-04:00,41.40999984741211,41.41999816894531,41.40999984741211,41.41999816894531,421,0.0,0.0,0.0
2024-10-04 12:50:00-04:00,41.40999984741211,41.40999984741211,41.40999984741211,41.40999984741211,449,0.0,0.0,0.0
2024-10-04 12:55:00-04:00,41.41999816894531,41.41999816894531,41.41999816894531,41.41999816894531,926,0.0,0.0,0.0
2024-10-04 13:00:00-04:00,41.40999984741211,41.40999984741211,41.39500045776367,41.39500045776367,2877,0.0,0.0,0.0
2024-10-04 13:10:00-04:00,41.40999984741211,41.40999984741211,41.40999984741211,41.40999984741211,257,0.0,0.0,0.0
2024-10-04 13:20:00-04:00,41.40999984741211,41.40999984741211,41.40999984741211,41.40999984741211,101,0.0,0.0,0.0
2024-10-04 13:25:00-04:00,41.40999984741211,41.40999984741211,41.40999984741211,41.40999984741211,147,0.0,0.0,0.0
2024-10-04 13:30:00-04:00,41.43000030517578,41.43000030517578,41.43000030517578,41.43000030517578,218,0.0,0.0,0.0
2024-10-04 13:35:00-04:00,41.400001525878906,41.40999984741211,41.38999938964844,41.38999938964844,1419,0.0,0.0,0.0
2024-10-04 13:40:00-04:00,41.380001068115234,41.38999938964844,41.380001068115234,41.38999938964844,1471,0.0,0.0,0.0
2024-10-04 13:45:00-04:00,41.38999938964844,41.39500045776367,41.38999938964844,41.39500045776367,422,0.0,0.0,0.0
2024-10-04 13:50:00-04:00,41.38999938964844,41.38999938964844,41.38999938964844,41.38999938964844,150,0.0,0.0,0.0
2024-10-04 13:55:00-04:00,41.369998931884766,41.375,41.369998931884766,41.369998931884766,1039,0.0,0.0,0.0
2024-10-04 14:00:00-04:00,41.369998931884766,41.369998931884766,41.369998931884766,41.369998931884766,674,0.0,0.0,0.0
2024-10-04 14:05:00-04:00,41.369998931884766,41.369998931884766,41.369998931884766,41.369998931884766,232,0.0,0.0,0.0
2024-10-04 14:10:00-04:00,41.369998931884766,41.369998931884766,41.35499954223633,41.3650016784668,2370,0.0,0.0,0.0
2024-10-04 14:15:00-04:00,41.36000061035156,41.369998931884766,41.35020065307617,41.3650016784668,1877,0.0,0.0,0.0
2024-10-04 14:20:00-04:00,41.3650016784668,41.369998931884766,41.3650016784668,41.369998931884766,1051,0.0,0.0,0.0
2024-10-04 14:25:00-04:00,41.369998931884766,41.369998931884766,41.369998931884766,41.369998931884766,1207,0.0,0.0,0.0
2024-10-04 14:30:00-04:00,41.37480163574219,41.380001068115234,41.369998931884766,41.380001068115234,2252,0.0,0.0,0.0
2024-10-04 14:35:00-04:00,41.375,41.375,41.369998931884766,41.369998931884766,845,0.0,0.0,0.0
2024-10-04 14:40:00-04:00,41.36000061035156,41.36000061035156,41.36000061035156,41.36000061035156,324,0.0,0.0,0.0
2024-10-04 14:45:00-04:00,41.349998474121094,41.349998474121094,41.349998474121094,41.349998474121094,466,0.0,0.0,0.0
2024-10-04 14:50:00-04:00,41.349998474121094,41.35499954223633,41.345001220703125,41.35499954223633,1079,0.0,0.0,0.0
2024-10-04 14:55:00-04:00,41.36000061035156,41.36000061035156,41.35499954223633,41.36000061035156,1303,0.0,0.0,0.0
2024-10-04 15:00:00-04:00,41.36000061035156,41.36000061035156,41.36000061035156,41.36000061035156,347,0.0,0.0,0.0
2024-10-04 15:05:00-04:00,41.36000061035156,41.36000061035156,41.349998474121094,41.349998474121094,1920,0.0,0.0,0.0
2024-10-04 15:10:00-04:00,41.334999084472656,41.334999084472656,41.334999084472656,41.334999084472656,751,0.0,0.0,0.0
2024-10-04 15:15:00-04:00,41.34000015258789,41.34000015258789,41.33000183105469,41.34000015258789,3552,0.0,0.0,0.0
2024-10-04 15:20:00-04:00,41.334999084472656,41.36000061035156,41.334999084472656,41.36000061035156,1829,0.0,0.0,0.0
2024-10-04 15:25:00-04:00,41.35499954223633,41.36000061035156,41.349998474121094,41.349998474121094,1779,0.0,0.0,0.0
2024-10-04 15:30:00-04:00,41.349998474121094,41.380001068115234,41.345001220703125,41.380001068115234,3939,0.0,0.0,0.0
2024-10-04 15:35:00-04:00,41.380001068115234,41.380001068115234,41.380001068115234,41.380001068115234,587,0.0,0.0,0.0
2024-10-04 15:40:00-04:00,41.380001068115234,41.404998779296875,41.380001068115234,41.404998779296875,3373,0.0,0.0,0.0
2024-10-04 15:45:00-04:00,41.400001525878906,41.400001525878906,41.38999938964844,41.399898529052734,2750,0.0,0.0,0.0
2024-10-04 15:50:00-04:00,41.39500045776367,41.39500045776367,41.380001068115234,41.38999938964844,6031,0.0,0.0,0.0
2024-10-04 15:55:00-04:00,41.40999984741211,41.43000030517578,41.380001068115234,41.41999816894531,22417,0.0,0.0,0.0
