Datetime,Open,High,Low,Close,Volume,Dividends,Stock Splits,Capital Gains
2024-09-06 09:30:00-04:00,37.43000030517578,37.720001220703125,37.380001068115234,37.720001220703125,38317,0.0,0.0,0.0
2024-09-06 09:35:00-04:00,37.720001220703125,37.7400016784668,37.630001068115234,37.650001525878906,3787,0.0,0.0,0.0
2024-09-06 09:40:00-04:00,37.630001068115234,37.709999084472656,37.59000015258789,37.65999984741211,16909,0.0,0.0,0.0
2024-09-06 09:45:00-04:00,37.68000030517578,37.7599983215332,37.65999984741211,37.709999084472656,11955,0.0,0.0,0.0
2024-09-06 09:50:00-04:00,37.709999084472656,37.75,37.65999984741211,37.66999816894531,19610,0.0,0.0,0.0
2024-09-06 09:55:00-04:00,37.689998626708984,37.710201263427734,37.64500045776367,37.65999984741211,14673,0.0,0.0,0.0
2024-09-06 10:00:00-04:00,37.63999938964844,37.63999938964844,37.5099983215332,37.5099983215332,19952,0.0,0.0,0.0
2024-09-06 10:05:00-04:00,37.5099983215332,37.52000045776367,37.43000030517578,37.435001373291016,6242,0.0,0.0,0.0
2024-09-06 10:10:00-04:00,37.45000076293945,37.5,37.380001068115234,37.400001525878906,6013,0.0,0.0,0.0
2024-09-06 10:15:00-04:00,37.40999984741211,37.40999984741211,37.290000915527344,37.359798431396484,8996,0.0,0.0,0.0
2024-09-06 10:20:00-04:00,37.36000061035156,37.38999938964844,37.29999923706055,37.310001373291016,5084,0.0,0.0,0.0
2024-09-06 10:25:00-04:00,37.279998779296875,37.279998779296875,37.18000030517578,37.18000030517578,9099,0.0,0.0,0.0
2024-09-06 10:30:00-04:00,37.220001220703125,37.279998779296875,37.189998626708984,37.189998626708984,20233,0.0,0.0,0.0
2024-09-06 10:35:00-04:00,37.150001525878906,37.21500015258789,37.13999938964844,37.19879913330078,8131,0.0,0.0,0.0
2024-09-06 10:40:00-04:00,37.20000076293945,37.20000076293945,37.130001068115234,37.130001068115234,9329,0.0,0.0,0.0
2024-09-06 10:45:00-04:00,37.130001068115234,37.16999816894531,37.119998931884766,37.150001525878906,14852,0.0,0.0,0.0
2024-09-06 10:50:00-04:00,37.150001525878906,37.150001525878906,37.04999923706055,37.04999923706055,12956,0.0,0.0,0.0
2024-09-06 10:55:00-04:00,37.04999923706055,37.08000183105469,37.03499984741211,37.05849838256836,12343,0.0,0.0,0.0
2024-09-06 11:00:00-04:00,37.060001373291016,37.400001525878906,37.05500030517578,37.279998779296875,33252,0.0,0.0,0.0
2024-09-06 11:05:00-04:00,37.279998779296875,37.310001373291016,37.1349983215332,37.13999938964844,20592,0.0,0.0,0.0
2024-09-06 11:10:00-04:00,37.13999938964844,37.16999816894531,37.06999969482422,37.08000183105469,15196,0.0,0.0,0.0
2024-09-06 11:15:00-04:00,37.08000183105469,37.09000015258789,36.970401763916016,37.0099983215332,24351,0.0,0.0,0.0
2024-09-06 11:20:00-04:00,37.02000045776367,37.040000915527344,37.0,37.005001068115234,11743,0.0,0.0,0.0
2024-09-06 11:25:00-04:00,37.005001068115234,37.02000045776367,36.974998474121094,36.9900016784668,7623,0.0,0.0,0.0
2024-09-06 11:30:00-04:00,37.0099983215332,37.09000015258789,36.9900016784668,37.08000183105469,9270,0.0,0.0,0.0
2024-09-06 11:35:00-04:00,37.060001373291016,37.06999969482422,37.005001068115234,37.040000915527344,15072,0.0,0.0,0.0
2024-09-06 11:40:00-04:00,37.02000045776367,37.04999923706055,37.0,37.0099983215332,4551,0.0,0.0,0.0
2024-09-06 11:45:00-04:00,37.0099983215332,37.025001525878906,36.970001220703125,37.0099983215332,12017,0.0,0.0,0.0
2024-09-06 11:50:00-04:00,37.005001068115234,37.005001068115234,36.970001220703125,36.9900016784668,4904,0.0,0.0,0.0
2024-09-06 11:55:00-04:00,36.994998931884766,37.02000045776367,36.9900016784668,36.994998931884766,4711,0.0,0.0,0.0
2024-09-06 12:00:00-04:00,36.98500061035156,37.025001525878906,36.970001220703125,36.97999954223633,6372,0.0,0.0,0.0
2024-09-06 12:05:00-04:00,36.97999954223633,37.02000045776367,36.970001220703125,37.0,4437,0.0,0.0,0.0
2024-09-06 12:10:00-04:00,37.0,37.02000045776367,36.95500183105469,36.98500061035156,37731,0.0,0.0,0.0
2024-09-06 12:15:00-04:00,36.98500061035156,36.9900016784668,36.935001373291016,36.939998626708984,4669,0.0,0.0,0.0
2024-09-06 12:20:00-04:00,36.95000076293945,36.9900016784668,36.95000076293945,36.97999954223633,12084,0.0,0.0,0.0
2024-09-06 12:25:00-04:00,37.000099182128906,37.0099983215332,36.939998626708984,36.939998626708984,7683,0.0,0.0,0.0
2024-09-06 12:30:00-04:00,36.935001373291016,36.9900016784668,36.93000030517578,36.9900016784668,5226,0.0,0.0,0.0
2024-09-06 12:35:00-04:00,37.0,37.040000915527344,36.96590042114258,36.96590042114258,7855,0.0,0.0,0.0
2024-09-06 12:40:00-04:00,36.970001220703125,37.02000045776367,36.970001220703125,37.02000045776367,6120,0.0,0.0,0.0
2024-09-06 12:45:00-04:00,36.9900016784668,37.0,36.939998626708984,36.959999084472656,6594,0.0,0.0,0.0
2024-09-06 12:50:00-04:00,36.970001220703125,36.97999954223633,36.95000076293945,36.97829818725586,6307,0.0,0.0,0.0
2024-09-06 12:55:00-04:00,36.97999954223633,37.040000915527344,36.97829818725586,37.025001525878906,7438,0.0,0.0,0.0
2024-09-06 13:00:00-04:00,37.029998779296875,37.040000915527344,37.0099983215332,37.040000915527344,3160,0.0,0.0,0.0
2024-09-06 13:05:00-04:00,37.040000915527344,37.09000015258789,37.025001525878906,37.09000015258789,10936,0.0,0.0,0.0
2024-09-06 13:10:00-04:00,37.080299377441406,37.11000061035156,37.07500076293945,37.11000061035156,2802,0.0,0.0,0.0
2024-09-06 13:15:00-04:00,37.09000015258789,37.09000015258789,37.04999923706055,37.064998626708984,6622,0.0,0.0,0.0
2024-09-06 13:20:00-04:00,37.08000183105469,37.14500045776367,37.07500076293945,37.14500045776367,4570,0.0,0.0,0.0
2024-09-06 13:25:00-04:00,37.1349983215332,37.1349983215332,37.08000183105469,37.08000183105469,8893,0.0,0.0,0.0
2024-09-06 13:30:00-04:00,37.06999969482422,37.084999084472656,37.060001373291016,37.06999969482422,16573,0.0,0.0,0.0
2024-09-06 13:35:00-04:00,37.03499984741211,37.060001373291016,37.02000045776367,37.060001373291016,6693,0.0,0.0,0.0
2024-09-06 13:40:00-04:00,37.03499984741211,37.05500030517578,37.03459930419922,37.04999923706055,4533,0.0,0.0,0.0
2024-09-06 13:45:00-04:00,37.064998626708984,37.06999969482422,37.04499816894531,37.05500030517578,4538,0.0,0.0,0.0
2024-09-06 13:50:00-04:00,37.06800079345703,37.0900993347168,37.05500030517578,37.0900993347168,8150,0.0,0.0,0.0
2024-09-06 13:55:00-04:00,37.09000015258789,37.130001068115234,37.09000015258789,37.099998474121094,6165,0.0,0.0,0.0
2024-09-06 14:00:00-04:00,37.095001220703125,37.10499954223633,37.025001525878906,37.025001525878906,10752,0.0,0.0,0.0
2024-09-06 14:05:00-04:00,37.02009963989258,37.04990005493164,37.01499938964844,37.025001525878906,2447,0.0,0.0,0.0
2024-09-06 14:10:00-04:00,37.025001525878906,37.04499816894531,37.01350021362305,37.01350021362305,4208,0.0,0.0,0.0
2024-09-06 14:15:00-04:00,37.01499938964844,37.025001525878906,36.974998474121094,36.974998474121094,3750,0.0,0.0,0.0
2024-09-06 14:20:00-04:00,36.9900016784668,36.994998931884766,36.95009994506836,36.95009994506836,3585,0.0,0.0,0.0
2024-09-06 14:25:00-04:00,36.970001220703125,36.98500061035156,36.94499969482422,36.97990036010742,3592,0.0,0.0,0.0
2024-09-06 14:30:00-04:00,36.98500061035156,36.9900016784668,36.95500183105469,36.95500183105469,4399,0.0,0.0,0.0
2024-09-06 14:35:00-04:00,36.95500183105469,36.95500183105469,36.89350128173828,36.920101165771484,7618,0.0,0.0,0.0
2024-09-06 14:40:00-04:00,36.935001373291016,36.959999084472656,36.920101165771484,36.959999084472656,5517,0.0,0.0,0.0
2024-09-06 14:45:00-04:00,36.96500015258789,36.96500015258789,36.935001373291016,36.939998626708984,4767,0.0,0.0,0.0
2024-09-06 14:50:00-04:00,36.935001373291016,36.95000076293945,36.92499923706055,36.94499969482422,6301,0.0,0.0,0.0
2024-09-06 14:55:00-04:00,36.95000076293945,36.97999954223633,36.95000076293945,36.974998474121094,7700,0.0,0.0,0.0
2024-09-06 15:00:00-04:00,36.974998474121094,37.025001525878906,36.974998474121094,37.01499938964844,10897,0.0,0.0,0.0
2024-09-06 15:05:00-04:00,37.01499938964844,37.06999969482422,37.01499938964844,37.05500030517578,9873,0.0,0.0,0.0
2024-09-06 15:10:00-04:00,37.05500030517578,37.060001373291016,37.03010177612305,37.05009841918945,6308,0.0,0.0,0.0
2024-09-06 15:15:00-04:00,37.060001373291016,37.060001373291016,37.010101318359375,37.01499938964844,5921,0.0,0.0,0.0
2024-09-06 15:20:00-04:00,37.01499938964844,37.06999969482422,37.01499938964844,37.06999969482422,6291,0.0,0.0,0.0
2024-09-06 15:25:00-04:00,37.06999969482422,37.1150016784668,37.04499816894531,37.04499816894531,5873,0.0,0.0,0.0
2024-09-06 15:30:00-04:00,37.029998779296875,37.05500030517578,37.0099983215332,37.0099983215332,7595,0.0,0.0,0.0
2024-09-06 15:35:00-04:00,37.0099983215332,37.0099983215332,36.96500015258789,36.96500015258789,18319,0.0,0.0,0.0
2024-09-06 15:40:00-04:00,36.959999084472656,37.0,36.95000076293945,36.97999954223633,14445,0.0,0.0,0.0
2024-09-06 15:45:00-04:00,36.97999954223633,37.060001373291016,36.97999954223633,37.060001373291016,10308,0.0,0.0,0.0
2024-09-06 15:50:00-04:00,37.06999969482422,37.06999969482422,36.93000030517578,36.970001220703125,30867,0.0,0.0,0.0
2024-09-06 15:55:00-04:00,36.959999084472656,36.999900817871094,36.939998626708984,36.9900016784668,19188,0.0,0.0,0.0
2024-09-09 09:30:00-04:00,37.34000015258789,37.400001525878906,37.2400016784668,37.400001525878906,62212,0.0,0.0,0.0
2024-09-09 09:35:00-04:00,37.41999816894531,37.47999954223633,37.400001525878906,37.439998626708984,23187,0.0,0.0,0.0
2024-09-09 09:40:00-04:00,37.439998626708984,37.439998626708984,37.380001068115234,37.400001525878906,13290,0.0,0.0,0.0
2024-09-09 09:45:00-04:00,37.40999984741211,37.43000030517578,37.2599983215332,37.2599983215332,33530,0.0,0.0,0.0
2024-09-09 09:50:00-04:00,37.26499938964844,37.310001373291016,37.209999084472656,37.310001373291016,18502,0.0,0.0,0.0
2024-09-09 09:55:00-04:00,37.33000183105469,37.33000183105469,37.275001525878906,37.310001373291016,5049,0.0,0.0,0.0
2024-09-09 10:00:00-04:00,37.34000015258789,37.40999984741211,37.33000183105469,37.40999984741211,8161,0.0,0.0,0.0
2024-09-09 10:05:00-04:00,37.400001525878906,37.5,37.400001525878906,37.5,12368,0.0,0.0,0.0
2024-09-09 10:10:00-04:00,37.5099983215332,37.540000915527344,37.494998931884766,37.5099983215332,7148,0.0,0.0,0.0
2024-09-09 10:15:00-04:00,37.52000045776367,37.595001220703125,37.5,37.54999923706055,7007,0.0,0.0,0.0
2024-09-09 10:20:00-04:00,37.540000915527344,37.54999923706055,37.459999084472656,37.470001220703125,6622,0.0,0.0,0.0
2024-09-09 10:25:00-04:00,37.470001220703125,37.5,37.43000030517578,37.43000030517578,4149,0.0,0.0,0.0
2024-09-09 10:30:00-04:00,37.435001373291016,37.435001373291016,37.380001068115234,37.40999984741211,8075,0.0,0.0,0.0
2024-09-09 10:35:00-04:00,37.39500045776367,37.45500183105469,37.38999938964844,37.400001525878906,6588,0.0,0.0,0.0
2024-09-09 10:40:00-04:00,37.42499923706055,37.43000030517578,37.404998779296875,37.404998779296875,1483,0.0,0.0,0.0
2024-09-09 10:45:00-04:00,37.38999938964844,37.41999816894531,37.38999938964844,37.40999984741211,975,0.0,0.0,0.0
2024-09-09 10:50:00-04:00,37.400001525878906,37.42499923706055,37.38010025024414,37.42499923706055,4647,0.0,0.0,0.0
2024-09-09 10:55:00-04:00,37.43000030517578,37.456199645996094,37.39500045776367,37.39500045776367,4626,0.0,0.0,0.0
2024-09-09 11:00:00-04:00,37.380001068115234,37.439998626708984,37.380001068115234,37.400001525878906,11139,0.0,0.0,0.0
2024-09-09 11:05:00-04:00,37.38999938964844,37.404998779296875,37.380001068115234,37.400001525878906,3924,0.0,0.0,0.0
2024-09-09 11:10:00-04:00,37.380001068115234,37.383399963378906,37.349998474121094,37.349998474121094,4857,0.0,0.0,0.0
2024-09-09 11:15:00-04:00,37.34000015258789,37.34000015258789,37.29899978637695,37.33000183105469,4162,0.0,0.0,0.0
2024-09-09 11:20:00-04:00,37.32320022583008,37.37879943847656,37.32320022583008,37.37879943847656,5138,0.0,0.0,0.0
2024-09-09 11:25:00-04:00,37.380001068115234,37.41999816894531,37.375,37.41999816894531,5162,0.0,0.0,0.0
2024-09-09 11:30:00-04:00,37.435001373291016,37.47999954223633,37.435001373291016,37.439998626708984,12043,0.0,0.0,0.0
2024-09-09 11:35:00-04:00,37.44990158081055,37.5,37.44499969482422,37.5,3411,0.0,0.0,0.0
2024-09-09 11:40:00-04:00,37.494998931884766,37.52000045776367,37.4900016784668,37.51499938964844,3086,0.0,0.0,0.0
2024-09-09 11:45:00-04:00,37.51499938964844,37.56999969482422,37.51499938964844,37.56999969482422,4978,0.0,0.0,0.0
2024-09-09 11:50:00-04:00,37.560001373291016,37.584999084472656,37.54999923706055,37.584999084472656,0,0.0,0.0,0.0
2024-09-09 11:55:00-04:00,37.57500076293945,37.584999084472656,37.56010055541992,37.584999084472656,291228,0.0,0.0,0.0
2024-09-09 12:00:00-04:00,37.58000183105469,37.595001220703125,37.54999923706055,37.587501525878906,9604,0.0,0.0,0.0
2024-09-09 12:05:00-04:00,37.58729934692383,37.59000015258789,37.560001373291016,37.560001373291016,3340,0.0,0.0,0.0
2024-09-09 12:10:00-04:00,37.57500076293945,37.59000015258789,37.57500076293945,37.59000015258789,2119,0.0,0.0,0.0
2024-09-09 12:15:00-04:00,37.59000015258789,37.59000015258789,37.58169937133789,37.58169937133789,857,0.0,0.0,0.0
2024-09-09 12:20:00-04:00,37.58000183105469,37.584999084472656,37.56019973754883,37.57500076293945,4024,0.0,0.0,0.0
2024-09-09 12:25:00-04:00,37.58000183105469,37.58000183105469,37.56999969482422,37.56999969482422,2173,0.0,0.0,0.0
2024-09-09 12:30:00-04:00,37.57320022583008,37.58000183105469,37.560001373291016,37.564998626708984,2204,0.0,0.0,0.0
2024-09-09 12:35:00-04:00,37.57500076293945,37.57830047607422,37.560001373291016,37.56999969482422,3651,0.0,0.0,0.0
2024-09-09 12:40:00-04:00,37.58000183105469,37.599998474121094,37.58000183105469,37.58000183105469,3422,0.0,0.0,0.0
2024-09-09 12:45:00-04:00,37.59000015258789,37.59000015258789,37.58000183105469,37.58000183105469,2121,0.0,0.0,0.0
2024-09-09 12:50:00-04:00,37.584999084472656,37.588401794433594,37.56999969482422,37.56999969482422,2820,0.0,0.0,0.0
2024-09-09 12:55:00-04:00,37.57500076293945,37.599998474121094,37.57500076293945,37.595001220703125,1383,0.0,0.0,0.0
2024-09-09 13:00:00-04:00,37.595001220703125,37.60499954223633,37.59000015258789,37.599998474121094,6495,0.0,0.0,0.0
2024-09-09 13:05:00-04:00,37.599998474121094,37.625,37.59000015258789,37.6150016784668,15498,0.0,0.0,0.0
2024-09-09 13:10:00-04:00,37.599998474121094,37.61000061035156,37.58000183105469,37.584999084472656,3325,0.0,0.0,0.0
2024-09-09 13:15:00-04:00,37.56999969482422,37.589900970458984,37.56999969482422,37.58000183105469,4287,0.0,0.0,0.0
2024-09-09 13:20:00-04:00,37.56999969482422,37.56999969482422,37.560001373291016,37.56999969482422,1783,0.0,0.0,0.0
2024-09-09 13:25:00-04:00,37.56990051269531,37.57500076293945,37.54999923706055,37.560001373291016,125304,0.0,0.0,0.0
2024-09-09 13:30:00-04:00,37.55500030517578,37.55500030517578,37.494998931884766,37.505001068115234,7585,0.0,0.0,0.0
2024-09-09 13:35:00-04:00,37.505001068115234,37.540000915527344,37.505001068115234,37.53990173339844,3232,0.0,0.0,0.0
2024-09-09 13:40:00-04:00,37.53499984741211,37.53499984741211,37.470001220703125,37.470001220703125,4063,0.0,0.0,0.0
2024-09-09 13:45:00-04:00,37.470001220703125,37.5,37.459999084472656,37.494998931884766,0,0.0,0.0,0.0
2024-09-09 13:50:00-04:00,37.494998931884766,37.49660873413086,37.47999954223633,37.48500061035156,1034601,0.0,0.0,0.0
2024-09-09 13:55:00-04:00,37.48500061035156,37.48500061035156,37.44499969482422,37.44499969482422,246126,0.0,0.0,0.0
2024-09-09 14:00:00-04:00,37.45000076293945,37.46009826660156,37.43000030517578,37.43000030517578,180204,0.0,0.0,0.0
2024-09-09 14:05:00-04:00,37.43000030517578,37.43000030517578,37.40999984741211,37.40999984741211,6539,0.0,0.0,0.0
2024-09-09 14:10:00-04:00,37.40999984741211,37.419898986816406,37.40010070800781,37.40999984741211,1643,0.0,0.0,0.0
2024-09-09 14:15:00-04:00,37.40999984741211,37.45000076293945,37.40999984741211,37.45000076293945,3569,0.0,0.0,0.0
2024-09-09 14:20:00-04:00,37.457298278808594,37.47650146484375,37.439998626708984,37.46500015258789,28512,0.0,0.0,0.0
2024-09-09 14:25:00-04:00,37.46500015258789,37.48500061035156,37.45000076293945,37.45500183105469,28773,0.0,0.0,0.0
2024-09-09 14:30:00-04:00,37.45500183105469,37.470001220703125,37.43989944458008,37.439998626708984,32318,0.0,0.0,0.0
2024-09-09 14:35:00-04:00,37.45000076293945,37.45500183105469,37.404998779296875,37.404998779296875,17550,0.0,0.0,0.0
2024-09-09 14:40:00-04:00,37.404998779296875,37.474998474121094,37.404598236083984,37.470001220703125,4670,0.0,0.0,0.0
2024-09-09 14:45:00-04:00,37.47010040283203,37.47010040283203,37.439998626708984,37.44499969482422,222485,0.0,0.0,0.0
2024-09-09 14:50:00-04:00,37.46500015258789,37.47629928588867,37.459999084472656,37.459999084472656,40071,0.0,0.0,0.0
2024-09-09 14:55:00-04:00,37.459999084472656,37.459999084472656,37.439998626708984,37.448299407958984,6815,0.0,0.0,0.0
2024-09-09 15:00:00-04:00,37.439998626708984,37.439998626708984,37.415000915527344,37.415000915527344,3673,0.0,0.0,0.0
2024-09-09 15:05:00-04:00,37.42499923706055,37.447898864746094,37.42499923706055,37.43989944458008,7807,0.0,0.0,0.0
2024-09-09 15:10:00-04:00,37.435001373291016,37.435001373291016,37.400001525878906,37.40999984741211,7788,0.0,0.0,0.0
2024-09-09 15:15:00-04:00,37.40999984741211,37.43000030517578,37.400001525878906,37.404998779296875,3369,0.0,0.0,0.0
2024-09-09 15:20:00-04:00,37.400001525878906,37.400001525878906,37.380001068115234,37.400001525878906,3901,0.0,0.0,0.0
2024-09-09 15:25:00-04:00,37.40999984741211,37.45000076293945,37.40999984741211,37.45000076293945,6617,0.0,0.0,0.0
2024-09-09 15:30:00-04:00,37.439998626708984,37.439998626708984,37.400001525878906,37.404998779296875,5992,0.0,0.0,0.0
2024-09-09 15:35:00-04:00,37.41999816894531,37.45000076293945,37.39500045776367,37.40999984741211,10280,0.0,0.0,0.0
2024-09-09 15:40:00-04:00,37.435001373291016,37.45000076293945,37.43000030517578,37.439998626708984,5330,0.0,0.0,0.0
2024-09-09 15:45:00-04:00,37.435001373291016,37.435001373291016,37.40829849243164,37.40999984741211,9640,0.0,0.0,0.0
2024-09-09 15:50:00-04:00,37.40999984741211,37.42499923706055,37.3650016784668,37.400001525878906,19193,0.0,0.0,0.0
2024-09-09 15:55:00-04:00,37.400001525878906,37.435001373291016,37.38999938964844,37.40999984741211,21922,0.0,0.0,0.0
2024-09-10 09:30:00-04:00,37.470001220703125,37.61000061035156,37.310001373291016,37.349998474121094,63046,0.0,0.0,0.0
2024-09-10 09:35:00-04:00,37.34000015258789,37.38999938964844,37.314998626708984,37.36000061035156,5375,0.0,0.0,0.0
2024-09-10 09:40:00-04:00,37.369998931884766,37.459999084472656,37.369998931884766,37.43000030517578,15380,0.0,0.0,0.0
2024-09-10 09:45:00-04:00,37.439998626708984,37.459999084472656,37.400001525878906,37.43000030517578,7118,0.0,0.0,0.0
2024-09-10 09:50:00-04:00,37.415000915527344,37.5099983215332,37.404998779296875,37.5,15304,0.0,0.0,0.0
2024-09-10 09:55:00-04:00,37.459999084472656,37.459999084472656,37.400001525878906,37.439998626708984,26064,0.0,0.0,0.0
2024-09-10 10:00:00-04:00,37.439998626708984,37.439998626708984,37.349998474121094,37.369998931884766,14615,0.0,0.0,0.0
2024-09-10 10:05:00-04:00,37.349998474121094,37.349998474121094,37.189998626708984,37.290000915527344,16518,0.0,0.0,0.0
2024-09-10 10:10:00-04:00,37.27000045776367,37.27000045776367,37.13999938964844,37.16999816894531,19064,0.0,0.0,0.0
2024-09-10 10:15:00-04:00,37.165000915527344,37.2599983215332,37.165000915527344,37.20000076293945,16061,0.0,0.0,0.0
2024-09-10 10:20:00-04:00,37.209999084472656,37.220001220703125,37.15999984741211,37.189998626708984,8097,0.0,0.0,0.0
2024-09-10 10:25:00-04:00,37.189998626708984,37.279998779296875,37.189998626708984,37.279998779296875,4089,0.0,0.0,0.0
2024-09-10 10:30:00-04:00,37.27000045776367,37.279998779296875,37.220001220703125,37.249900817871094,3609,0.0,0.0,0.0
2024-09-10 10:35:00-04:00,37.25,37.31999969482422,37.2400016784668,37.310001373291016,3922,0.0,0.0,0.0
2024-09-10 10:40:00-04:00,37.31999969482422,37.31999969482422,37.29999923706055,37.31100082397461,13128,0.0,0.0,0.0
2024-09-10 10:45:00-04:00,37.32500076293945,37.39979934692383,37.32500076293945,37.39979934692383,7129,0.0,0.0,0.0
2024-09-10 10:50:00-04:00,37.39030075073242,37.39030075073242,37.36000061035156,37.369998931884766,2635,0.0,0.0,0.0
2024-09-10 10:55:00-04:00,37.36000061035156,37.38999938964844,37.36000061035156,37.369998931884766,1782732,0.0,0.0,0.0
2024-09-10 11:00:00-04:00,37.3849983215332,37.40999984741211,37.369998931884766,37.38999938964844,2797,0.0,0.0,0.0
2024-09-10 11:05:00-04:00,37.39500045776367,37.47999954223633,37.38999938964844,37.470001220703125,8947,0.0,0.0,0.0
2024-09-10 11:10:00-04:00,37.49020004272461,37.49020004272461,37.46500015258789,37.47999954223633,3347,0.0,0.0,0.0
2024-09-10 11:15:00-04:00,37.4900016784668,37.5099983215332,37.470001220703125,37.47999954223633,4454,0.0,0.0,0.0
2024-09-10 11:20:00-04:00,37.4900016784668,37.4900016784668,37.459999084472656,37.4900016784668,29380,0.0,0.0,0.0
2024-09-10 11:25:00-04:00,37.5,37.51396942138672,37.493099212646484,37.5,5731,0.0,0.0,0.0
2024-09-10 11:30:00-04:00,37.50699996948242,37.5099983215332,37.43119812011719,37.43119812011719,6465,0.0,0.0,0.0
2024-09-10 11:35:00-04:00,37.435001373291016,37.439998626708984,37.3650016784668,37.3650016784668,5639,0.0,0.0,0.0
2024-09-10 11:40:00-04:00,37.375099182128906,37.400001525878906,37.37099838256836,37.375,3491,0.0,0.0,0.0
2024-09-10 11:45:00-04:00,37.36000061035156,37.375,37.349998474121094,37.359798431396484,4826,0.0,0.0,0.0
2024-09-10 11:50:00-04:00,37.345001220703125,37.345001220703125,37.29999923706055,37.31829833984375,3898,0.0,0.0,0.0
2024-09-10 11:55:00-04:00,37.309898376464844,37.31010055541992,37.2400016784668,37.25,10173,0.0,0.0,0.0
2024-09-10 12:00:00-04:00,37.2400016784668,37.25,37.185001373291016,37.220001220703125,5947,0.0,0.0,0.0
2024-09-10 12:05:00-04:00,37.220001220703125,37.2400016784668,37.209999084472656,37.209999084472656,3690,0.0,0.0,0.0
2024-09-10 12:10:00-04:00,37.20000076293945,37.2400016784668,37.20000076293945,37.20000076293945,10984,0.0,0.0,0.0
2024-09-10 12:15:00-04:00,37.20500183105469,37.22999954223633,37.20500183105469,37.22999954223633,4899,0.0,0.0,0.0
2024-09-10 12:20:00-04:00,37.23500061035156,37.2400016784668,37.209999084472656,37.220001220703125,7066,0.0,0.0,0.0
2024-09-10 12:25:00-04:00,37.220001220703125,37.22999954223633,37.20500183105469,37.212799072265625,3273,0.0,0.0,0.0
2024-09-10 12:30:00-04:00,37.209999084472656,37.22999954223633,37.20000076293945,37.220001220703125,7879,0.0,0.0,0.0
2024-09-10 12:35:00-04:00,37.22999954223633,37.2400016784668,37.22999954223633,37.22999954223633,3551,0.0,0.0,0.0
2024-09-10 12:40:00-04:00,37.2400016784668,37.2599983215332,37.22999954223633,37.25,3807,0.0,0.0,0.0
2024-09-10 12:45:00-04:00,37.25,37.25,37.224998474121094,37.23500061035156,3372,0.0,0.0,0.0
2024-09-10 12:50:00-04:00,37.2400016784668,37.30670166015625,37.2400016784668,37.29999923706055,5938,0.0,0.0,0.0
2024-09-10 12:55:00-04:00,37.29999923706055,37.29999923706055,37.2400016784668,37.2400016784668,15783,0.0,0.0,0.0
2024-09-10 13:00:00-04:00,37.2400016784668,37.27000045776367,37.22999954223633,37.2599983215332,6214,0.0,0.0,0.0
2024-09-10 13:05:00-04:00,37.2599983215332,37.290000915527344,37.2599983215332,37.27000045776367,3146,0.0,0.0,0.0
2024-09-10 13:10:00-04:00,37.28499984741211,37.32500076293945,37.28499984741211,37.31420135498047,6132,0.0,0.0,0.0
2024-09-10 13:15:00-04:00,37.31869888305664,37.31999969482422,37.29499816894531,37.29499816894531,2665,0.0,0.0,0.0
2024-09-10 13:20:00-04:00,37.290000915527344,37.30500030517578,37.2599983215332,37.30500030517578,4100,0.0,0.0,0.0
2024-09-10 13:25:00-04:00,37.29999923706055,37.29999923706055,37.279998779296875,37.290000915527344,4784,0.0,0.0,0.0
2024-09-10 13:30:00-04:00,37.290000915527344,37.29999923706055,37.290000915527344,37.29999923706055,2738,0.0,0.0,0.0
2024-09-10 13:35:00-04:00,37.300201416015625,37.310001373291016,37.29499816894531,37.310001373291016,3914,0.0,0.0,0.0
2024-09-10 13:40:00-04:00,37.31999969482422,37.32500076293945,37.29999923706055,37.30500030517578,4618,0.0,0.0,0.0
2024-09-10 13:45:00-04:00,37.310001373291016,37.310001373291016,37.275001525878906,37.275001525878906,2730,0.0,0.0,0.0
2024-09-10 13:50:00-04:00,37.279998779296875,37.28099822998047,37.26100158691406,37.26499938964844,2253,0.0,0.0,0.0
2024-09-10 13:55:00-04:00,37.27899932861328,37.27899932861328,37.26499938964844,37.27000045776367,3968,0.0,0.0,0.0
2024-09-10 14:00:00-04:00,37.279998779296875,37.31999969482422,37.279998779296875,37.31999969482422,2294,0.0,0.0,0.0
2024-09-10 14:05:00-04:00,37.310001373291016,37.33000183105469,37.310001373291016,37.31999969482422,9268,0.0,0.0,0.0
2024-09-10 14:10:00-04:00,37.33000183105469,37.33000183105469,37.310001373291016,37.314998626708984,3607,0.0,0.0,0.0
2024-09-10 14:15:00-04:00,37.31999969482422,37.349998474121094,37.310001373291016,37.349998474121094,41457,0.0,0.0,0.0
2024-09-10 14:20:00-04:00,37.345001220703125,37.349998474121094,37.290000915527344,37.34000015258789,7204,0.0,0.0,0.0
2024-09-10 14:25:00-04:00,37.3385009765625,37.3650016784668,37.33000183105469,37.3650016784668,2453,0.0,0.0,0.0
2024-09-10 14:30:00-04:00,37.369998931884766,37.400001525878906,37.369998931884766,37.39099884033203,3586,0.0,0.0,0.0
2024-09-10 14:35:00-04:00,37.400001525878906,37.400001525878906,37.39099884033203,37.39099884033203,1399,0.0,0.0,0.0
2024-09-10 14:40:00-04:00,37.398399353027344,37.400001525878906,37.38100051879883,37.39849853515625,5525,0.0,0.0,0.0
2024-09-10 14:45:00-04:00,37.400001525878906,37.41849899291992,37.400001525878906,37.40010070800781,6783,0.0,0.0,0.0
2024-09-10 14:50:00-04:00,37.40999984741211,37.42499923706055,37.40999984741211,37.41999816894531,2878,0.0,0.0,0.0
2024-09-10 14:55:00-04:00,37.42499923706055,37.43000030517578,37.415000915527344,37.43000030517578,3523,0.0,0.0,0.0
2024-09-10 15:00:00-04:00,37.41999816894531,37.41999816894531,37.38999938964844,37.400001525878906,6181,0.0,0.0,0.0
2024-09-10 15:05:00-04:00,37.40999984741211,37.41999816894531,37.3849983215332,37.3849983215332,3584,0.0,0.0,0.0
2024-09-10 15:10:00-04:00,37.39500045776367,37.400001525878906,37.380001068115234,37.400001525878906,7185,0.0,0.0,0.0
2024-09-10 15:15:00-04:00,37.39500045776367,37.404998779296875,37.38999938964844,37.404998779296875,8101,0.0,0.0,0.0
2024-09-10 15:20:00-04:00,37.404998779296875,37.43989944458008,37.404998779296875,37.43220138549805,4309,0.0,0.0,0.0
2024-09-10 15:25:00-04:00,37.435001373291016,37.459999084472656,37.43000030517578,37.44499969482422,6262,0.0,0.0,0.0
2024-09-10 15:30:00-04:00,37.43000030517578,37.43000030517578,37.40010070800781,37.41999816894531,9752,0.0,0.0,0.0
2024-09-10 15:35:00-04:00,37.41999816894531,37.41999816894531,37.35499954223633,37.36000061035156,12483,0.0,0.0,0.0
2024-09-10 15:40:00-04:00,37.36000061035156,37.40999984741211,37.36000061035156,37.404998779296875,12219,0.0,0.0,0.0
2024-09-10 15:45:00-04:00,37.404998779296875,37.45000076293945,37.404998779296875,37.43000030517578,13725,0.0,0.0,0.0
2024-09-10 15:50:00-04:00,37.43000030517578,37.45500183105469,37.41999816894531,37.45500183105469,13499,0.0,0.0,0.0
2024-09-10 15:55:00-04:00,37.46500015258789,37.494998931884766,37.45000076293945,37.459999084472656,8980,0.0,0.0,0.0
2024-09-11 09:30:00-04:00,37.369998931884766,37.400001525878906,37.130001068115234,37.130001068115234,66836,0.0,0.0,0.0
2024-09-11 09:35:00-04:00,37.130001068115234,37.13999938964844,37.08000183105469,37.099998474121094,22934,0.0,0.0,0.0
2024-09-11 09:40:00-04:00,37.08000183105469,37.130001068115234,37.01499938964844,37.040000915527344,20810,0.0,0.0,0.0
2024-09-11 09:45:00-04:00,37.040000915527344,37.060001373291016,36.97999954223633,36.97999954223633,40920,0.0,0.0,0.0
2024-09-11 09:50:00-04:00,36.970001220703125,36.97999954223633,36.876041412353516,36.935001373291016,17684,0.0,0.0,0.0
2024-09-11 09:55:00-04:00,36.95000076293945,36.959999084472656,36.880001068115234,36.900001525878906,11355,0.0,0.0,0.0
2024-09-11 10:00:00-04:00,36.82740020751953,36.93000030517578,36.814998626708984,36.814998626708984,24795,0.0,0.0,0.0
2024-09-11 10:05:00-04:00,36.79999923706055,36.84000015258789,36.7599983215332,36.810001373291016,10550,0.0,0.0,0.0
2024-09-11 10:10:00-04:00,36.79999923706055,36.84000015258789,36.72999954223633,36.72999954223633,13264,0.0,0.0,0.0
2024-09-11 10:15:00-04:00,36.720001220703125,36.7400016784668,36.65999984741211,36.65999984741211,7419,0.0,0.0,0.0
2024-09-11 10:20:00-04:00,36.650001525878906,36.72999954223633,36.6150016784668,36.67499923706055,12901,0.0,0.0,0.0
2024-09-11 10:25:00-04:00,36.70000076293945,36.709999084472656,36.630001068115234,36.650001525878906,167200,0.0,0.0,0.0
2024-09-11 10:30:00-04:00,36.619998931884766,36.63999938964844,36.59000015258789,36.599998474121094,9702,0.0,0.0,0.0
2024-09-11 10:35:00-04:00,36.630001068115234,36.66999816894531,36.630001068115234,36.66999816894531,5377,0.0,0.0,0.0
2024-09-11 10:40:00-04:00,36.66999816894531,36.66999816894531,36.619998931884766,36.630001068115234,7481,0.0,0.0,0.0
2024-09-11 10:45:00-04:00,36.650001525878906,36.65420150756836,36.59000015258789,36.619998931884766,7160,0.0,0.0,0.0
2024-09-11 10:50:00-04:00,36.6349983215332,36.66999816894531,36.6349983215332,36.650001525878906,8624,0.0,0.0,0.0
2024-09-11 10:55:00-04:00,36.63999938964844,36.70500183105469,36.630001068115234,36.70500183105469,7104,0.0,0.0,0.0
2024-09-11 11:00:00-04:00,36.709999084472656,36.76499938964844,36.709999084472656,36.7599983215332,8512,0.0,0.0,0.0
2024-09-11 11:05:00-04:00,36.75,36.81010055541992,36.75,36.77000045776367,9887,0.0,0.0,0.0
2024-09-11 11:10:00-04:00,36.7599983215332,36.89500045776367,36.752201080322266,36.869998931884766,12955,0.0,0.0,0.0
2024-09-11 11:15:00-04:00,36.869998931884766,36.88999938964844,36.86000061035156,36.880001068115234,4082,0.0,0.0,0.0
2024-09-11 11:20:00-04:00,36.869998931884766,36.880001068115234,36.83000183105469,36.849998474121094,7279,0.0,0.0,0.0
2024-09-11 11:25:00-04:00,36.85300064086914,36.901100158691406,36.84669876098633,36.880001068115234,12195,0.0,0.0,0.0
2024-09-11 11:30:00-04:00,36.900001525878906,36.970001220703125,36.900001525878906,36.95500183105469,6018,0.0,0.0,0.0
2024-09-11 11:35:00-04:00,36.95500183105469,37.029998779296875,36.95500183105469,37.029998779296875,3657,0.0,0.0,0.0
2024-09-11 11:40:00-04:00,37.029998779296875,37.10499954223633,37.029998779296875,37.072601318359375,5548,0.0,0.0,0.0
2024-09-11 11:45:00-04:00,37.09000015258789,37.095001220703125,37.05500030517578,37.08000183105469,8685,0.0,0.0,0.0
2024-09-11 11:50:00-04:00,37.08000183105469,37.09000015258789,37.040000915527344,37.040000915527344,3300,0.0,0.0,0.0
2024-09-11 11:55:00-04:00,37.02000045776367,37.040000915527344,36.92829895019531,37.040000915527344,9323,0.0,0.0,0.0
2024-09-11 12:00:00-04:00,37.029998779296875,37.10499954223633,37.0099983215332,37.10499954223633,11044,0.0,0.0,0.0
2024-09-11 12:05:00-04:00,37.13999938964844,37.15999984741211,37.09000015258789,37.099998474121094,6791,0.0,0.0,0.0
2024-09-11 12:10:00-04:00,37.11000061035156,37.13999938964844,37.090999603271484,37.1150016784668,6692,0.0,0.0,0.0
2024-09-11 12:15:00-04:00,37.13999938964844,37.150001525878906,37.11000061035156,37.150001525878906,6587,0.0,0.0,0.0
2024-09-11 12:20:00-04:00,37.154998779296875,37.165000915527344,37.119998931884766,37.150001525878906,6535,0.0,0.0,0.0
2024-09-11 12:25:00-04:00,37.154998779296875,37.18000030517578,37.13999938964844,37.16999816894531,13931,0.0,0.0,0.0
2024-09-11 12:30:00-04:00,37.18000030517578,37.20000076293945,37.16999816894531,37.189998626708984,4232,0.0,0.0,0.0
2024-09-11 12:35:00-04:00,37.18000030517578,37.209999084472656,37.17499923706055,37.209999084472656,3725,0.0,0.0,0.0
2024-09-11 12:40:00-04:00,37.209999084472656,37.209999084472656,37.16999816894531,37.18000030517578,5870,0.0,0.0,0.0
2024-09-11 12:45:00-04:00,37.189998626708984,37.209999084472656,37.189998626708984,37.19499969482422,4652,0.0,0.0,0.0
2024-09-11 12:50:00-04:00,37.19499969482422,37.2400016784668,37.19499969482422,37.23500061035156,3019,0.0,0.0,0.0
2024-09-11 12:55:00-04:00,37.22999954223633,37.2400016784668,37.20500183105469,37.22999954223633,3982,0.0,0.0,0.0
2024-09-11 13:00:00-04:00,37.224998474121094,37.26499938964844,37.220001220703125,37.244998931884766,4206,0.0,0.0,0.0
2024-09-11 13:05:00-04:00,37.25,37.31999969482422,37.25,37.314998626708984,3916,0.0,0.0,0.0
2024-09-11 13:10:00-04:00,37.31999969482422,37.369998931884766,37.31999969482422,37.369998931884766,1771,0.0,0.0,0.0
2024-09-11 13:15:00-04:00,37.36000061035156,37.37009811401367,37.34000015258789,37.34000015258789,3801,0.0,0.0,0.0
2024-09-11 13:20:00-04:00,37.33000183105469,37.34000015258789,37.314998626708984,37.33000183105469,4217,0.0,0.0,0.0
2024-09-11 13:25:00-04:00,37.33000183105469,37.400001525878906,37.33000183105469,37.37820053100586,6909,0.0,0.0,0.0
2024-09-11 13:30:00-04:00,37.380001068115234,37.40999984741211,37.380001068115234,37.40999984741211,6564,0.0,0.0,0.0
2024-09-11 13:35:00-04:00,37.40999984741211,37.435001373291016,37.400001525878906,37.435001373291016,2687,0.0,0.0,0.0
2024-09-11 13:40:00-04:00,37.435001373291016,37.46989822387695,37.43000030517578,37.45000076293945,3641,0.0,0.0,0.0
2024-09-11 13:45:00-04:00,37.45500183105469,37.54999923706055,37.451698303222656,37.540000915527344,9160,0.0,0.0,0.0
2024-09-11 13:50:00-04:00,37.54499816894531,37.54999923706055,37.46989822387695,37.46989822387695,3852,0.0,0.0,0.0
2024-09-11 13:55:00-04:00,37.474998474121094,37.47999954223633,37.41999816894531,37.439998626708984,8392,0.0,0.0,0.0
2024-09-11 14:00:00-04:00,37.439998626708984,37.47999954223633,37.43000030517578,37.470001220703125,12099,0.0,0.0,0.0
2024-09-11 14:05:00-04:00,37.459999084472656,37.47010040283203,37.45000076293945,37.46500015258789,7084,0.0,0.0,0.0
2024-09-11 14:10:00-04:00,37.459999084472656,37.470001220703125,37.41999816894531,37.41999816894531,7406,0.0,0.0,0.0
2024-09-11 14:15:00-04:00,37.43000030517578,37.45500183105469,37.41999816894531,37.45500183105469,6318,0.0,0.0,0.0
2024-09-11 14:20:00-04:00,37.459999084472656,37.5,37.45500183105469,37.5,4181,0.0,0.0,0.0
2024-09-11 14:25:00-04:00,37.505001068115234,37.525001525878906,37.491798400878906,37.5099983215332,8377,0.0,0.0,0.0
2024-09-11 14:30:00-04:00,37.52000045776367,37.56999969482422,37.52000045776367,37.56999969482422,3319,0.0,0.0,0.0
2024-09-11 14:35:00-04:00,37.560001373291016,37.61000061035156,37.54999923706055,37.61000061035156,3582,0.0,0.0,0.0
2024-09-11 14:40:00-04:00,37.619998931884766,37.68000030517578,37.619998931884766,37.64030075073242,7571,0.0,0.0,0.0
2024-09-11 14:45:00-04:00,37.665000915527344,37.66999816894531,37.630001068115234,37.65999984741211,3172,0.0,0.0,0.0
2024-09-11 14:50:00-04:00,37.650001525878906,37.650001525878906,37.57500076293945,37.59000015258789,17235,0.0,0.0,0.0
2024-09-11 14:55:00-04:00,37.59000015258789,37.619998931884766,37.59000015258789,37.60499954223633,3480,0.0,0.0,0.0
2024-09-11 15:00:00-04:00,37.59000015258789,37.60499954223633,37.59000015258789,37.60499954223633,6175,0.0,0.0,0.0
2024-09-11 15:05:00-04:00,37.61000061035156,37.650001525878906,37.61000061035156,37.630001068115234,4481,0.0,0.0,0.0
2024-09-11 15:10:00-04:00,37.64500045776367,37.650001525878906,37.6349983215332,37.6349983215332,2064,0.0,0.0,0.0
2024-09-11 15:15:00-04:00,37.66999816894531,37.685001373291016,37.65999984741211,37.68000030517578,7523,0.0,0.0,0.0
2024-09-11 15:20:00-04:00,37.677799224853516,37.71500015258789,37.677799224853516,37.71009826660156,2126,0.0,0.0,0.0
2024-09-11 15:25:00-04:00,37.71500015258789,37.7400016784668,37.71500015258789,37.73500061035156,5358,0.0,0.0,0.0
2024-09-11 15:30:00-04:00,37.73500061035156,37.7401008605957,37.685001373291016,37.73210144042969,35407,0.0,0.0,0.0
2024-09-11 15:35:00-04:00,37.724998474121094,37.724998474121094,37.67499923706055,37.67499923706055,13325,0.0,0.0,0.0
2024-09-11 15:40:00-04:00,37.654998779296875,37.6599006652832,37.59000015258789,37.630001068115234,10051,0.0,0.0,0.0
2024-09-11 15:45:00-04:00,37.619998931884766,37.6692008972168,37.60499954223633,37.6692008972168,8281,0.0,0.0,0.0
2024-09-11 15:50:00-04:00,37.65999984741211,37.70500183105469,37.61000061035156,37.70500183105469,18227,0.0,0.0,0.0
2024-09-11 15:55:00-04:00,37.70500183105469,37.77000045776367,37.70000076293945,37.72999954223633,25796,0.0,0.0,0.0
2024-09-12 09:30:00-04:00,37.79999923706055,37.90999984741211,37.7599983215332,37.84000015258789,49953,0.0,0.0,0.0
2024-09-12 09:35:00-04:00,37.81999969482422,37.880001068115234,37.810001373291016,37.81999969482422,14547,0.0,0.0,0.0
2024-09-12 09:40:00-04:00,37.83000183105469,37.88999938964844,37.79999923706055,37.875,30374,0.0,0.0,0.0
2024-09-12 09:45:00-04:00,37.880001068115234,37.900001525878906,37.689998626708984,37.70000076293945,30038,0.0,0.0,0.0
2024-09-12 09:50:00-04:00,37.66999816894531,37.79999923706055,37.6349983215332,37.76110076904297,30473,0.0,0.0,0.0
2024-09-12 09:55:00-04:00,37.75,37.75,37.68000030517578,37.709999084472656,13472,0.0,0.0,0.0
2024-09-12 10:00:00-04:00,37.69499969482422,37.709999084472656,37.63999938964844,37.63999938964844,16331,0.0,0.0,0.0
2024-09-12 10:05:00-04:00,37.63999938964844,37.72999954223633,37.63999938964844,37.72999954223633,17902,0.0,0.0,0.0
2024-09-12 10:10:00-04:00,37.7400016784668,37.84000015258789,37.7400016784668,37.84000015258789,14020,0.0,0.0,0.0
2024-09-12 10:15:00-04:00,37.83000183105469,37.91999816894531,37.810001373291016,37.91999816894531,19204,0.0,0.0,0.0
2024-09-12 10:20:00-04:00,37.915000915527344,37.9900016784668,37.90999984741211,37.95000076293945,13135,0.0,0.0,0.0
2024-09-12 10:25:00-04:00,37.959999084472656,38.02000045776367,37.959999084472656,38.02000045776367,16567,0.0,0.0,0.0
2024-09-12 10:30:00-04:00,38.029998779296875,38.095001220703125,38.025001525878906,38.09000015258789,25009,0.0,0.0,0.0
2024-09-12 10:35:00-04:00,38.08000183105469,38.09000015258789,37.9900016784668,38.06999969482422,16276,0.0,0.0,0.0
2024-09-12 10:40:00-04:00,38.06999969482422,38.130001068115234,38.060001373291016,38.130001068115234,14436,0.0,0.0,0.0
2024-09-12 10:45:00-04:00,38.130001068115234,38.15999984741211,38.10499954223633,38.13999938964844,22729,0.0,0.0,0.0
2024-09-12 10:50:00-04:00,38.150001525878906,38.150001525878906,38.04499816894531,38.04999923706055,18770,0.0,0.0,0.0
2024-09-12 10:55:00-04:00,38.060001373291016,38.10499954223633,37.96500015258789,37.96500015258789,27227,0.0,0.0,0.0
2024-09-12 11:00:00-04:00,37.959999084472656,38.02000045776367,37.95000076293945,38.0099983215332,17689,0.0,0.0,0.0
2024-09-12 11:05:00-04:00,38.040000915527344,38.040000915527344,37.959999084472656,37.9900016784668,46532,0.0,0.0,0.0
2024-09-12 11:10:00-04:00,37.97999954223633,38.060001373291016,37.959999084472656,38.05500030517578,20910,0.0,0.0,0.0
2024-09-12 11:15:00-04:00,38.04999923706055,38.060001373291016,37.9900016784668,38.02000045776367,19781,0.0,0.0,0.0
2024-09-12 11:20:00-04:00,38.01499938964844,38.03499984741211,37.9900016784668,38.01499938964844,21658,0.0,0.0,0.0
2024-09-12 11:25:00-04:00,38.02000045776367,38.02000045776367,37.96500015258789,37.97999954223633,16472,0.0,0.0,0.0
2024-09-12 11:30:00-04:00,37.974998474121094,38.02000045776367,37.959999084472656,37.994998931884766,26044,0.0,0.0,0.0
2024-09-12 11:35:00-04:00,37.994998931884766,38.02000045776367,37.98500061035156,37.994998931884766,21171,0.0,0.0,0.0
2024-09-12 11:40:00-04:00,38.0,38.02000045776367,37.95000076293945,37.95000076293945,28641,0.0,0.0,0.0
2024-09-12 11:45:00-04:00,37.95500183105469,37.959999084472656,37.93000030517578,37.94499969482422,18721,0.0,0.0,0.0
2024-09-12 11:50:00-04:00,37.94499969482422,37.947898864746094,37.900001525878906,37.915000915527344,21803,0.0,0.0,0.0
2024-09-12 11:55:00-04:00,37.915000915527344,37.939998626708984,37.88999938964844,37.90999984741211,25899,0.0,0.0,0.0
2024-09-12 12:00:00-04:00,37.90999984741211,37.939998626708984,37.88999938964844,37.939998626708984,14463,0.0,0.0,0.0
2024-09-12 12:05:00-04:00,37.939998626708984,37.94020080566406,37.90999984741211,37.935001373291016,20212,0.0,0.0,0.0
2024-09-12 12:10:00-04:00,37.935001373291016,37.935001373291016,37.900001525878906,37.91999816894531,24194,0.0,0.0,0.0
2024-09-12 12:15:00-04:00,37.93000030517578,37.95000076293945,37.92169952392578,37.94499969482422,13090,0.0,0.0,0.0
2024-09-12 12:20:00-04:00,37.94499969482422,37.97999954223633,37.93000030517578,37.94499969482422,30236,0.0,0.0,0.0
2024-09-12 12:25:00-04:00,37.95000076293945,37.959999084472656,37.93000030517578,37.93000030517578,18433,0.0,0.0,0.0
2024-09-12 12:30:00-04:00,37.935001373291016,37.959999084472656,37.91999816894531,37.935001373291016,26352,0.0,0.0,0.0
2024-09-12 12:35:00-04:00,37.93000030517578,37.939998626708984,37.900001525878906,37.900001525878906,19733,0.0,0.0,0.0
2024-09-12 12:40:00-04:00,37.88999938964844,37.90999984741211,37.869998931884766,37.90999984741211,13171,0.0,0.0,0.0
2024-09-12 12:45:00-04:00,37.915000915527344,37.939998626708984,37.90999984741211,37.935001373291016,15645,0.0,0.0,0.0
2024-09-12 12:50:00-04:00,37.935001373291016,38.01499938964844,37.935001373291016,38.0099983215332,14636,0.0,0.0,0.0
2024-09-12 12:55:00-04:00,38.0182991027832,38.06999969482422,37.994998931884766,38.060001373291016,23525,0.0,0.0,0.0
2024-09-12 13:00:00-04:00,38.05500030517578,38.064998626708984,38.04499816894531,38.04499816894531,18293,0.0,0.0,0.0
2024-09-12 13:05:00-04:00,38.04999923706055,38.060001373291016,38.025001525878906,38.04499816894531,19183,0.0,0.0,0.0
2024-09-12 13:10:00-04:00,38.04499816894531,38.04499816894531,38.01499938964844,38.029701232910156,15018,0.0,0.0,0.0
2024-09-12 13:15:00-04:00,38.025001525878906,38.04999923706055,38.02000045776367,38.040000915527344,22048,0.0,0.0,0.0
2024-09-12 13:20:00-04:00,38.040000915527344,38.08000183105469,38.02000045776367,38.07500076293945,11829,0.0,0.0,0.0
2024-09-12 13:25:00-04:00,38.07500076293945,38.08000183105469,38.064998626708984,38.07500076293945,16255,0.0,0.0,0.0
2024-09-12 13:30:00-04:00,38.08000183105469,38.10499954223633,38.06999969482422,38.10499954223633,15840,0.0,0.0,0.0
2024-09-12 13:35:00-04:00,38.11000061035156,38.13999938964844,38.10499954223633,38.13999938964844,19655,0.0,0.0,0.0
2024-09-12 13:40:00-04:00,38.13999938964844,38.165000915527344,38.1349983215332,38.165000915527344,10719,0.0,0.0,0.0
2024-09-12 13:45:00-04:00,38.18000030517578,38.20000076293945,38.154998779296875,38.17499923706055,22324,0.0,0.0,0.0
2024-09-12 13:50:00-04:00,38.185001373291016,38.2400016784668,38.185001373291016,38.23500061035156,11616,0.0,0.0,0.0
2024-09-12 13:55:00-04:00,38.23500061035156,38.255001068115234,38.220001220703125,38.2400016784668,20905,0.0,0.0,0.0
2024-09-12 14:00:00-04:00,38.22999954223633,38.23500061035156,38.220001220703125,38.224998474121094,15968,0.0,0.0,0.0
2024-09-12 14:05:00-04:00,38.224998474121094,38.224998474121094,38.154998779296875,38.15999984741211,18499,0.0,0.0,0.0
2024-09-12 14:10:00-04:00,38.163700103759766,38.17499923706055,38.150001525878906,38.150001525878906,12646,0.0,0.0,0.0
2024-09-12 14:15:00-04:00,38.150001525878906,38.165000915527344,38.11000061035156,38.11000061035156,18525,0.0,0.0,0.0
2024-09-12 14:20:00-04:00,38.1150016784668,38.149898529052734,38.11000061035156,38.13999938964844,27639,0.0,0.0,0.0
2024-09-12 14:25:00-04:00,38.150001525878906,38.150001525878906,38.099998474121094,38.11000061035156,25051,0.0,0.0,0.0
2024-09-12 14:30:00-04:00,38.11000061035156,38.125,38.08000183105469,38.10499954223633,13930,0.0,0.0,0.0
2024-09-12 14:35:00-04:00,38.10499954223633,38.119998931884766,38.099998474121094,38.099998474121094,12528,0.0,0.0,0.0
2024-09-12 14:40:00-04:00,38.10499954223633,38.11000061035156,38.09000015258789,38.10499954223633,13190,0.0,0.0,0.0
2024-09-12 14:45:00-04:00,38.10499954223633,38.119998931884766,38.084999084472656,38.084999084472656,25931,0.0,0.0,0.0
2024-09-12 14:50:00-04:00,38.09000015258789,38.09000015258789,37.95000076293945,38.025001525878906,25081,0.0,0.0,0.0
2024-09-12 14:55:00-04:00,38.029998779296875,38.08000183105469,38.025001525878906,38.08000183105469,18988,0.0,0.0,0.0
2024-09-12 15:00:00-04:00,38.08000183105469,38.09000015258789,38.05500030517578,38.064998626708984,21864,0.0,0.0,0.0
2024-09-12 15:05:00-04:00,38.064998626708984,38.13999938964844,38.064998626708984,38.125,14239,0.0,0.0,0.0
2024-09-12 15:10:00-04:00,38.1349983215332,38.14500045776367,38.1150016784668,38.1349983215332,14380,0.0,0.0,0.0
2024-09-12 15:15:00-04:00,38.130001068115234,38.14500045776367,38.12329864501953,38.1349983215332,15427,0.0,0.0,0.0
2024-09-12 15:20:00-04:00,38.1349983215332,38.14500045776367,38.119998931884766,38.125,15448,0.0,0.0,0.0
2024-09-12 15:25:00-04:00,38.130001068115234,38.149898529052734,38.1150016784668,38.1349983215332,20071,0.0,0.0,0.0
2024-09-12 15:30:00-04:00,38.13999938964844,38.13999938964844,38.1150016784668,38.125,25419,0.0,0.0,0.0
2024-09-12 15:35:00-04:00,38.1349983215332,38.165000915527344,38.1349983215332,38.154998779296875,13345,0.0,0.0,0.0
2024-09-12 15:40:00-04:00,38.154998779296875,38.16999816894531,38.14500045776367,38.165000915527344,14108,0.0,0.0,0.0
2024-09-12 15:45:00-04:00,38.165000915527344,38.185001373291016,38.130001068115234,38.1349983215332,30421,0.0,0.0,0.0
2024-09-12 15:50:00-04:00,38.130001068115234,38.185001373291016,38.11000061035156,38.17499923706055,25291,0.0,0.0,0.0
2024-09-12 15:55:00-04:00,38.18000030517578,38.22999954223633,38.17499923706055,38.22999954223633,18048,0.0,0.0,0.0
2024-09-13 09:30:00-04:00,38.5,38.61000061035156,38.36000061035156,38.57500076293945,64906,0.0,0.0,0.0
2024-09-13 09:35:00-04:00,38.59000015258789,38.599998474121094,38.470001220703125,38.52000045776367,31771,0.0,0.0,0.0
2024-09-13 09:40:00-04:00,38.5099983215332,38.540000915527344,38.470001220703125,38.529998779296875,18710,0.0,0.0,0.0
2024-09-13 09:45:00-04:00,38.54999923706055,38.69499969482422,38.54999923706055,38.69499969482422,24083,0.0,0.0,0.0
2024-09-13 09:50:00-04:00,38.70000076293945,38.720001220703125,38.630001068115234,38.70000076293945,26327,0.0,0.0,0.0
2024-09-13 09:55:00-04:00,38.689998626708984,38.7400016784668,38.68000030517578,38.69499969482422,8357,0.0,0.0,0.0
2024-09-13 10:00:00-04:00,38.709999084472656,38.7599983215332,38.529998779296875,38.58000183105469,44123,0.0,0.0,0.0
2024-09-13 10:05:00-04:00,38.59000015258789,38.599998474121094,38.529998779296875,38.58000183105469,7482,0.0,0.0,0.0
2024-09-13 10:10:00-04:00,38.599998474121094,38.69990158081055,38.599998474121094,38.69990158081055,8275,0.0,0.0,0.0
2024-09-13 10:15:00-04:00,38.68000030517578,38.709999084472656,38.67499923706055,38.70000076293945,4975,0.0,0.0,0.0
2024-09-13 10:20:00-04:00,38.720001220703125,38.77000045776367,38.68000030517578,38.77000045776367,8914,0.0,0.0,0.0
2024-09-13 10:25:00-04:00,38.77000045776367,38.777000427246094,38.70000076293945,38.709999084472656,7354,0.0,0.0,0.0
2024-09-13 10:30:00-04:00,38.72019958496094,38.72999954223633,38.68000030517578,38.689998626708984,7638,0.0,0.0,0.0
2024-09-13 10:35:00-04:00,38.68000030517578,38.779998779296875,38.66999816894531,38.775001525878906,4501,0.0,0.0,0.0
2024-09-13 10:40:00-04:00,38.779998779296875,38.82500076293945,38.769901275634766,38.805198669433594,5115,0.0,0.0,0.0
2024-09-13 10:45:00-04:00,38.80009841918945,38.814998626708984,38.790000915527344,38.79999923706055,4286,0.0,0.0,0.0
2024-09-13 10:50:00-04:00,38.79999923706055,38.79999923706055,38.7400016784668,38.749900817871094,10684,0.0,0.0,0.0
2024-09-13 10:55:00-04:00,38.77000045776367,38.79999923706055,38.72999954223633,38.755001068115234,5017,0.0,0.0,0.0
2024-09-13 11:00:00-04:00,38.759700775146484,38.77000045776367,38.744998931884766,38.7599983215332,5103,0.0,0.0,0.0
2024-09-13 11:05:00-04:00,38.779998779296875,38.779998779296875,38.724998474121094,38.7400016784668,4493,0.0,0.0,0.0
2024-09-13 11:10:00-04:00,38.739898681640625,38.7400016784668,38.720001220703125,38.720001220703125,3937,0.0,0.0,0.0
2024-09-13 11:15:00-04:00,38.72999954223633,38.72999954223633,38.70000076293945,38.71500015258789,6159,0.0,0.0,0.0
2024-09-13 11:20:00-04:00,38.720001220703125,38.790000915527344,38.720001220703125,38.790000915527344,9923,0.0,0.0,0.0
2024-09-13 11:25:00-04:00,38.79999923706055,38.80500030517578,38.75,38.75,5907,0.0,0.0,0.0
2024-09-13 11:30:00-04:00,38.75,38.798301696777344,38.75,38.775001525878906,4933,0.0,0.0,0.0
2024-09-13 11:35:00-04:00,38.779998779296875,38.83000183105469,38.779998779296875,38.83000183105469,4133,0.0,0.0,0.0
2024-09-13 11:40:00-04:00,38.834999084472656,38.915000915527344,38.83470153808594,38.904998779296875,11751,0.0,0.0,0.0
2024-09-13 11:45:00-04:00,38.90999984741211,38.94499969482422,38.90999984741211,38.93989944458008,13739,0.0,0.0,0.0
2024-09-13 11:50:00-04:00,38.94990158081055,38.970001220703125,38.94850158691406,38.959999084472656,7291,0.0,0.0,0.0
2024-09-13 11:55:00-04:00,38.96009826660156,38.970001220703125,38.95000076293945,38.970001220703125,3890,0.0,0.0,0.0
2024-09-13 12:00:00-04:00,38.974998474121094,38.9900016784668,38.959999084472656,38.970001220703125,6053,0.0,0.0,0.0
2024-09-13 12:05:00-04:00,38.94499969482422,38.96500015258789,38.92499923706055,38.96500015258789,3379,0.0,0.0,0.0
2024-09-13 12:10:00-04:00,38.959999084472656,38.97999954223633,38.95000076293945,38.959999084472656,10057,0.0,0.0,0.0
2024-09-13 12:15:00-04:00,38.95500183105469,38.9900016784668,38.95000076293945,38.97999954223633,6478,0.0,0.0,0.0
2024-09-13 12:20:00-04:00,38.97999954223633,38.9900016784668,38.95000076293945,38.959999084472656,5464,0.0,0.0,0.0
2024-09-13 12:25:00-04:00,38.95830154418945,38.95830154418945,38.91999816894531,38.91999816894531,4428,0.0,0.0,0.0
2024-09-13 12:30:00-04:00,38.90010070800781,38.90999984741211,38.880001068115234,38.880001068115234,9318,0.0,0.0,0.0
2024-09-13 12:35:00-04:00,38.880001068115234,38.880001068115234,38.849998474121094,38.86000061035156,3895,0.0,0.0,0.0
2024-09-13 12:40:00-04:00,38.86000061035156,38.869998931884766,38.849998474121094,38.8650016784668,2619,0.0,0.0,0.0
2024-09-13 12:45:00-04:00,38.86009979248047,38.880001068115234,38.85499954223633,38.85499954223633,3314,0.0,0.0,0.0
2024-09-13 12:50:00-04:00,38.849998474121094,38.88999938964844,38.84410095214844,38.88999938964844,3588,0.0,0.0,0.0
2024-09-13 12:55:00-04:00,38.88999938964844,38.88999938964844,38.869998931884766,38.875,2330,0.0,0.0,0.0
2024-09-13 13:00:00-04:00,38.875,38.89500045776367,38.869998931884766,38.88999938964844,4910,0.0,0.0,0.0
2024-09-13 13:05:00-04:00,38.900001525878906,38.90999984741211,38.880001068115234,38.8849983215332,7661,0.0,0.0,0.0
2024-09-13 13:10:00-04:00,38.900001525878906,38.93000030517578,38.900001525878906,38.915000915527344,9055,0.0,0.0,0.0
2024-09-13 13:15:00-04:00,38.92499923706055,38.93000030517578,38.90999984741211,38.92179870605469,3548,0.0,0.0,0.0
2024-09-13 13:20:00-04:00,38.92179870605469,38.92599868774414,38.90999984741211,38.91999816894531,3994,0.0,0.0,0.0
2024-09-13 13:25:00-04:00,38.90999984741211,38.939998626708984,38.90999984741211,38.939998626708984,4482,0.0,0.0,0.0
2024-09-13 13:30:00-04:00,38.95000076293945,38.955501556396484,38.939998626708984,38.939998626708984,5613,0.0,0.0,0.0
2024-09-13 13:35:00-04:00,38.939998626708984,38.97990036010742,38.939998626708984,38.970001220703125,5285,0.0,0.0,0.0
2024-09-13 13:40:00-04:00,38.959999084472656,38.96500015258789,38.95500183105469,38.95500183105469,3916,0.0,0.0,0.0
2024-09-13 13:45:00-04:00,38.95500183105469,38.95819854736328,38.939998626708984,38.939998626708984,4703,0.0,0.0,0.0
2024-09-13 13:50:00-04:00,38.935001373291016,38.93870162963867,38.900001525878906,38.900001525878906,4979,0.0,0.0,0.0
2024-09-13 13:55:00-04:00,38.88999938964844,38.89500045776367,38.86000061035156,38.86000061035156,5770,0.0,0.0,0.0
2024-09-13 14:00:00-04:00,38.8650016784668,38.8650016784668,38.7599983215332,38.80500030517578,8616,0.0,0.0,0.0
2024-09-13 14:05:00-04:00,38.79999923706055,38.880001068115234,38.79999923706055,38.8583984375,7293,0.0,0.0,0.0
2024-09-13 14:10:00-04:00,38.849998474121094,38.849998474121094,38.82500076293945,38.834999084472656,3179,0.0,0.0,0.0
2024-09-13 14:15:00-04:00,38.83000183105469,38.845001220703125,38.82500076293945,38.83000183105469,4923,0.0,0.0,0.0
2024-09-13 14:20:00-04:00,38.84000015258789,38.849998474121094,38.790000915527344,38.790000915527344,12169,0.0,0.0,0.0
2024-09-13 14:25:00-04:00,38.779998779296875,38.779998779296875,38.75,38.75,6859,0.0,0.0,0.0
2024-09-13 14:30:00-04:00,38.75,38.779998779296875,38.7400016784668,38.779998779296875,6955,0.0,0.0,0.0
2024-09-13 14:35:00-04:00,38.775001525878906,38.775001525878906,38.7599983215332,38.77000045776367,2984,0.0,0.0,0.0
2024-09-13 14:40:00-04:00,38.760101318359375,38.80500030517578,38.7599983215332,38.78580093383789,7050,0.0,0.0,0.0
2024-09-13 14:45:00-04:00,38.790000915527344,38.810001373291016,38.779998779296875,38.779998779296875,5115,0.0,0.0,0.0
2024-09-13 14:50:00-04:00,38.7599983215332,38.7599983215332,38.720001220703125,38.744998931884766,6407,0.0,0.0,0.0
2024-09-13 14:55:00-04:00,38.73249816894531,38.73749923706055,38.720001220703125,38.73500061035156,3345,0.0,0.0,0.0
2024-09-13 15:00:00-04:00,38.724998474121094,38.724998474121094,38.68000030517578,38.689998626708984,31908,0.0,0.0,0.0
2024-09-13 15:05:00-04:00,38.70000076293945,38.71500015258789,38.70000076293945,38.70000076293945,8670,0.0,0.0,0.0
2024-09-13 15:10:00-04:00,38.689998626708984,38.69850158691406,38.66999816894531,38.68000030517578,5785,0.0,0.0,0.0
2024-09-13 15:15:00-04:00,38.68000030517578,38.71500015258789,38.68000030517578,38.70000076293945,7354,0.0,0.0,0.0
2024-09-13 15:20:00-04:00,38.69499969482422,38.70500183105469,38.68000030517578,38.68000030517578,3178,0.0,0.0,0.0
2024-09-13 15:25:00-04:00,38.689998626708984,38.71989822387695,38.68000030517578,38.71989822387695,5998,0.0,0.0,0.0
2024-09-13 15:30:00-04:00,38.709999084472656,38.75,38.70989990234375,38.746299743652344,5790,0.0,0.0,0.0
2024-09-13 15:35:00-04:00,38.744998931884766,38.744998931884766,38.66999816894531,38.70500183105469,8052,0.0,0.0,0.0
2024-09-13 15:40:00-04:00,38.720001220703125,38.720001220703125,38.685001373291016,38.70500183105469,69146,0.0,0.0,0.0
2024-09-13 15:45:00-04:00,38.70000076293945,38.75,38.70000076293945,38.739898681640625,9014,0.0,0.0,0.0
2024-09-13 15:50:00-04:00,38.72999954223633,38.779998779296875,38.71500015258789,38.77000045776367,12115,0.0,0.0,0.0
2024-09-13 15:55:00-04:00,38.77000045776367,38.786598205566406,38.75,38.75,17283,0.0,0.0,0.0
2024-09-16 09:30:00-04:00,38.88999938964844,39.20000076293945,38.88999938964844,39.060001373291016,50740,0.0,0.0,0.0
2024-09-16 09:35:00-04:00,39.040000915527344,39.040000915527344,38.91999816894531,38.93000030517578,16936,0.0,0.0,0.0
2024-09-16 09:40:00-04:00,38.959999084472656,38.959999084472656,38.875,38.875,10020,0.0,0.0,0.0
2024-09-16 09:45:00-04:00,38.869998931884766,38.970001220703125,38.83000183105469,38.970001220703125,11077,0.0,0.0,0.0
2024-09-16 09:50:00-04:00,38.97999954223633,39.130001068115234,38.979000091552734,39.130001068115234,9740,0.0,0.0,0.0
2024-09-16 09:55:00-04:00,39.099998474121094,39.099998474121094,39.06999969482422,39.084999084472656,6242,0.0,0.0,0.0
2024-09-16 10:00:00-04:00,39.099998474121094,39.150001525878906,39.0099983215332,39.04999923706055,9878,0.0,0.0,0.0
2024-09-16 10:05:00-04:00,39.06999969482422,39.150001525878906,39.06999969482422,39.150001525878906,9545,0.0,0.0,0.0
2024-09-16 10:10:00-04:00,39.150001525878906,39.150001525878906,39.064998626708984,39.064998626708984,8562,0.0,0.0,0.0
2024-09-16 10:15:00-04:00,39.06999969482422,39.1150016784668,39.06999969482422,39.095001220703125,3519,0.0,0.0,0.0
2024-09-16 10:20:00-04:00,39.099998474121094,39.119998931884766,39.02000045776367,39.02000045776367,11125,0.0,0.0,0.0
2024-09-16 10:25:00-04:00,39.025001525878906,39.029998779296875,38.90999984741211,38.93000030517578,10451,0.0,0.0,0.0
2024-09-16 10:30:00-04:00,38.90999984741211,38.90999984741211,38.83000183105469,38.845001220703125,8163,0.0,0.0,0.0
2024-09-16 10:35:00-04:00,38.880001068115234,38.93000030517578,38.85499954223633,38.900001525878906,6852,0.0,0.0,0.0
2024-09-16 10:40:00-04:00,38.88999938964844,38.92499923706055,38.88999938964844,38.900001525878906,7239,0.0,0.0,0.0
2024-09-16 10:45:00-04:00,38.93000030517578,38.935001373291016,38.89500045776367,38.93000030517578,8171,0.0,0.0,0.0
2024-09-16 10:50:00-04:00,38.939998626708984,38.959999084472656,38.880001068115234,38.88999938964844,5696,0.0,0.0,0.0
2024-09-16 10:55:00-04:00,38.900001525878906,38.90999984741211,38.880001068115234,38.88999938964844,4684,0.0,0.0,0.0
2024-09-16 11:00:00-04:00,38.880001068115234,38.880001068115234,38.85499954223633,38.86000061035156,4280,0.0,0.0,0.0
2024-09-16 11:05:00-04:00,38.880001068115234,38.929901123046875,38.869998931884766,38.91999816894531,2658,0.0,0.0,0.0
2024-09-16 11:10:00-04:00,38.93000030517578,38.93000030517578,38.89500045776367,38.89500045776367,7837,0.0,0.0,0.0
2024-09-16 11:15:00-04:00,38.88999938964844,38.900001525878906,38.84090042114258,38.85499954223633,6045,0.0,0.0,0.0
2024-09-16 11:20:00-04:00,38.849998474121094,38.86009979248047,38.834999084472656,38.86009979248047,5710,0.0,0.0,0.0
2024-09-16 11:25:00-04:00,38.869998931884766,38.869998931884766,38.810001373291016,38.810001373291016,4821,0.0,0.0,0.0
2024-09-16 11:30:00-04:00,38.810001373291016,38.84000015258789,38.810001373291016,38.84000015258789,6693,0.0,0.0,0.0
2024-09-16 11:35:00-04:00,38.849998474121094,38.85499954223633,38.82500076293945,38.85499954223633,3724,0.0,0.0,0.0
2024-09-16 11:40:00-04:00,38.85499954223633,38.88999938964844,38.849998474121094,38.88999938964844,4820,0.0,0.0,0.0
2024-09-16 11:45:00-04:00,38.88999938964844,38.93000030517578,38.88999938964844,38.91999816894531,5546,0.0,0.0,0.0
2024-09-16 11:50:00-04:00,38.92499923706055,38.95989990234375,38.904998779296875,38.95000076293945,11455,0.0,0.0,0.0
2024-09-16 11:55:00-04:00,38.95500183105469,38.96500015258789,38.93000030517578,38.94499969482422,108854,0.0,0.0,0.0
2024-09-16 12:00:00-04:00,38.939998626708984,38.95000076293945,38.93000030517578,38.93000030517578,4592,0.0,0.0,0.0
2024-09-16 12:05:00-04:00,38.90999984741211,38.939998626708984,38.900001525878906,38.93000030517578,3910,0.0,0.0,0.0
2024-09-16 12:10:00-04:00,38.93000030517578,38.935001373291016,38.890098571777344,38.900001525878906,6074,0.0,0.0,0.0
2024-09-16 12:15:00-04:00,38.900001525878906,38.92499923706055,38.8849983215332,38.92499923706055,9072,0.0,0.0,0.0
2024-09-16 12:20:00-04:00,38.9281005859375,38.939998626708984,38.91999816894531,38.9286003112793,6281,0.0,0.0,0.0
2024-09-16 12:25:00-04:00,38.93000030517578,39.00339889526367,38.93000030517578,39.00339889526367,3910,0.0,0.0,0.0
2024-09-16 12:30:00-04:00,39.02000045776367,39.02000045776367,38.980098724365234,38.9900016784668,2050,0.0,0.0,0.0
2024-09-16 12:35:00-04:00,38.994998931884766,39.01499938964844,38.994998931884766,39.005001068115234,6098,0.0,0.0,0.0
2024-09-16 12:40:00-04:00,39.0099983215332,39.019901275634766,39.005001068115234,39.0099983215332,3432,0.0,0.0,0.0
2024-09-16 12:45:00-04:00,39.005001068115234,39.0099983215332,38.9900016784668,39.0099983215332,0,0.0,0.0,0.0
2024-09-16 12:50:00-04:00,39.02000045776367,39.02000045776367,39.02000045776367,39.02000045776367,422868,0.0,0.0,0.0
2024-09-16 12:55:00-04:00,39.01499938964844,39.029998779296875,39.0099983215332,39.02000045776367,2755,0.0,0.0,0.0
2024-09-16 13:00:00-04:00,39.01499938964844,39.02000045776367,39.005001068115234,39.005001068115234,2283,0.0,0.0,0.0
2024-09-16 13:05:00-04:00,39.01969909667969,39.02000045776367,39.0,39.0099983215332,7787,0.0,0.0,0.0
2024-09-16 13:10:00-04:00,39.02000045776367,39.025001525878906,39.0099983215332,39.01499938964844,2418,0.0,0.0,0.0
2024-09-16 13:15:00-04:00,39.01839828491211,39.040000915527344,39.01499938964844,39.040000915527344,1915,0.0,0.0,0.0
2024-09-16 13:20:00-04:00,39.03499984741211,39.03499984741211,39.0099983215332,39.029998779296875,3162,0.0,0.0,0.0
2024-09-16 13:25:00-04:00,39.029998779296875,39.04650115966797,39.0099983215332,39.02000045776367,5010,0.0,0.0,0.0
2024-09-16 13:30:00-04:00,39.029998779296875,39.029998779296875,39.010101318359375,39.02000045776367,4406,0.0,0.0,0.0
2024-09-16 13:35:00-04:00,39.027400970458984,39.06999969482422,39.027400970458984,39.06999969482422,2200,0.0,0.0,0.0
2024-09-16 13:40:00-04:00,39.06999969482422,39.07500076293945,39.04999923706055,39.06999969482422,3428,0.0,0.0,0.0
2024-09-16 13:45:00-04:00,39.064998626708984,39.064998626708984,39.04999923706055,39.05500030517578,3088,0.0,0.0,0.0
2024-09-16 13:50:00-04:00,39.0536994934082,39.060001373291016,39.04999923706055,39.05820083618164,3408,0.0,0.0,0.0
2024-09-16 13:55:00-04:00,39.060001373291016,39.06999969482422,39.05500030517578,39.064998626708984,5247,0.0,0.0,0.0
2024-09-16 14:00:00-04:00,39.060001373291016,39.060001373291016,39.03990173339844,39.040000915527344,4968,0.0,0.0,0.0
2024-09-16 14:05:00-04:00,39.029998779296875,39.047000885009766,39.02000045776367,39.03990173339844,7494,0.0,0.0,0.0
2024-09-16 14:10:00-04:00,39.04999923706055,39.06999969482422,39.04999923706055,39.064998626708984,2341,0.0,0.0,0.0
2024-09-16 14:15:00-04:00,39.064998626708984,39.064998626708984,39.033599853515625,39.033599853515625,3203,0.0,0.0,0.0
2024-09-16 14:20:00-04:00,39.03499984741211,39.06999969482422,39.03499984741211,39.05009841918945,5201,0.0,0.0,0.0
2024-09-16 14:25:00-04:00,39.069000244140625,39.07899856567383,39.060001373291016,39.06999969482422,3320,0.0,0.0,0.0
2024-09-16 14:30:00-04:00,39.071800231933594,39.08000183105469,39.060001373291016,39.08000183105469,2191,0.0,0.0,0.0
2024-09-16 14:35:00-04:00,39.07500076293945,39.07500076293945,39.040000915527344,39.04999923706055,14411,0.0,0.0,0.0
2024-09-16 14:40:00-04:00,39.04990005493164,39.04990005493164,39.0,39.0099983215332,6601,0.0,0.0,0.0
2024-09-16 14:45:00-04:00,39.01499938964844,39.04499816894531,39.005001068115234,39.04499816894531,12046,0.0,0.0,0.0
2024-09-16 14:50:00-04:00,39.04999923706055,39.05500030517578,39.040000915527344,39.040000915527344,7725,0.0,0.0,0.0
2024-09-16 14:55:00-04:00,39.04999923706055,39.095001220703125,39.04999923706055,39.095001220703125,4854,0.0,0.0,0.0
2024-09-16 15:00:00-04:00,39.0989990234375,39.0989990234375,39.040000915527344,39.040000915527344,5682,0.0,0.0,0.0
2024-09-16 15:05:00-04:00,39.029998779296875,39.05500030517578,39.029998779296875,39.04999923706055,4413,0.0,0.0,0.0
2024-09-16 15:10:00-04:00,39.04899978637695,39.04899978637695,39.0099983215332,39.0099983215332,2904,0.0,0.0,0.0
2024-09-16 15:15:00-04:00,38.999000549316406,39.02000045776367,38.99330139160156,39.02000045776367,4894,0.0,0.0,0.0
2024-09-16 15:20:00-04:00,39.01900100708008,39.02000045776367,39.0099983215332,39.01499938964844,5513,0.0,0.0,0.0
2024-09-16 15:25:00-04:00,39.02000045776367,39.03710174560547,39.02000045776367,39.029998779296875,11451,0.0,0.0,0.0
2024-09-16 15:30:00-04:00,39.029998779296875,39.064998626708984,39.02149963378906,39.060001373291016,17013,0.0,0.0,0.0
2024-09-16 15:35:00-04:00,39.05500030517578,39.093101501464844,39.029998779296875,39.093101501464844,13886,0.0,0.0,0.0
2024-09-16 15:40:00-04:00,39.095001220703125,39.1150016784668,39.095001220703125,39.1150016784668,4086,0.0,0.0,0.0
2024-09-16 15:45:00-04:00,39.11899948120117,39.15999984741211,39.11899948120117,39.119998931884766,5572,0.0,0.0,0.0
2024-09-16 15:50:00-04:00,39.130001068115234,39.150001525878906,39.099998474121094,39.1349983215332,19921,0.0,0.0,0.0
2024-09-16 15:55:00-04:00,39.13999938964844,39.13999938964844,39.09000015258789,39.09000015258789,53807,0.0,0.0,0.0
2024-09-17 09:30:00-04:00,39.17499923706055,39.36000061035156,39.17499923706055,39.29999923706055,55956,0.0,0.0,0.0
2024-09-17 09:35:00-04:00,39.310001373291016,39.33000183105469,39.25,39.2599983215332,23987,0.0,0.0,0.0
2024-09-17 09:40:00-04:00,39.2599983215332,39.2599983215332,39.18000030517578,39.18000030517578,17705,0.0,0.0,0.0
2024-09-17 09:45:00-04:00,39.20000076293945,39.27199935913086,39.185001373291016,39.2599983215332,18684,0.0,0.0,0.0
2024-09-17 09:50:00-04:00,39.25,39.33000183105469,39.2406005859375,39.279998779296875,22279,0.0,0.0,0.0
2024-09-17 09:55:00-04:00,39.279998779296875,39.30500030517578,39.20000076293945,39.20000076293945,20445,0.0,0.0,0.0
2024-09-17 10:00:00-04:00,39.244998931884766,39.34000015258789,39.22999954223633,39.33000183105469,2551,0.0,0.0,0.0
2024-09-17 10:05:00-04:00,39.31999969482422,39.5099983215332,39.31999969482422,39.4900016784668,15770,0.0,0.0,0.0
2024-09-17 10:10:00-04:00,39.4900016784668,39.529998779296875,39.470001220703125,39.529998779296875,8870,0.0,0.0,0.0
2024-09-17 10:15:00-04:00,39.529998779296875,39.58000183105469,39.529998779296875,39.56999969482422,9355,0.0,0.0,0.0
2024-09-17 10:20:00-04:00,39.59000015258789,39.63999938964844,39.59000015258789,39.630001068115234,6383,0.0,0.0,0.0
2024-09-17 10:25:00-04:00,39.630001068115234,39.630001068115234,39.53499984741211,39.53499984741211,24795,0.0,0.0,0.0
2024-09-17 10:30:00-04:00,39.540000915527344,39.54999923706055,39.5,39.525001525878906,10301,0.0,0.0,0.0
2024-09-17 10:35:00-04:00,39.525001525878906,39.54999923706055,39.5099983215332,39.54999923706055,9027,0.0,0.0,0.0
2024-09-17 10:40:00-04:00,39.54999923706055,39.56999969482422,39.540000915527344,39.56999969482422,9086,0.0,0.0,0.0
2024-09-17 10:45:00-04:00,39.58000183105469,39.619998931884766,39.58000183105469,39.619998931884766,5468,0.0,0.0,0.0
2024-09-17 10:50:00-04:00,39.619998931884766,39.630001068115234,39.595001220703125,39.595001220703125,7936,0.0,0.0,0.0
2024-09-17 10:55:00-04:00,39.59000015258789,39.599998474121094,39.529998779296875,39.560001373291016,10952,0.0,0.0,0.0
2024-09-17 11:00:00-04:00,39.56999969482422,39.650001525878906,39.56999969482422,39.599998474121094,14776,0.0,0.0,0.0
2024-09-17 11:05:00-04:00,39.60499954223633,39.6349983215332,39.599998474121094,39.599998474121094,12344,0.0,0.0,0.0
2024-09-17 11:10:00-04:00,39.61000061035156,39.61000061035156,39.57500076293945,39.584800720214844,4144,0.0,0.0,0.0
2024-09-17 11:15:00-04:00,39.58000183105469,39.619998931884766,39.58000183105469,39.619998931884766,8703,0.0,0.0,0.0
2024-09-17 11:20:00-04:00,39.599998474121094,39.630001068115234,39.58000183105469,39.630001068115234,5450,0.0,0.0,0.0
2024-09-17 11:25:00-04:00,39.630001068115234,39.630001068115234,39.59000015258789,39.609901428222656,15415,0.0,0.0,0.0
2024-09-17 11:30:00-04:00,39.61000061035156,39.650001525878906,39.599998474121094,39.625,11116,0.0,0.0,0.0
2024-09-17 11:35:00-04:00,39.625,39.65999984741211,39.619998931884766,39.650001525878906,18901,0.0,0.0,0.0
2024-09-17 11:40:00-04:00,39.6599006652832,39.6599006652832,39.616600036621094,39.616600036621094,7769,0.0,0.0,0.0
2024-09-17 11:45:00-04:00,39.61000061035156,39.61000061035156,39.59000015258789,39.595001220703125,11738,0.0,0.0,0.0
2024-09-17 11:50:00-04:00,39.59000015258789,39.61000061035156,39.59000015258789,39.59000015258789,8593,0.0,0.0,0.0
2024-09-17 11:55:00-04:00,39.58000183105469,39.59000015258789,39.56869888305664,39.58000183105469,7699,0.0,0.0,0.0
2024-09-17 12:00:00-04:00,39.564998626708984,39.599998474121094,39.54499816894531,39.58000183105469,15348,0.0,0.0,0.0
2024-09-17 12:05:00-04:00,39.584999084472656,39.584999084472656,39.540000915527344,39.540000915527344,7354,0.0,0.0,0.0
2024-09-17 12:10:00-04:00,39.540000915527344,39.540000915527344,39.529998779296875,39.529998779296875,5625,0.0,0.0,0.0
2024-09-17 12:15:00-04:00,39.529998779296875,39.529998779296875,39.470001220703125,39.48500061035156,6929,0.0,0.0,0.0
2024-09-17 12:20:00-04:00,39.48500061035156,39.5,39.439998626708984,39.47999954223633,10346,0.0,0.0,0.0
2024-09-17 12:25:00-04:00,39.4900016784668,39.529998779296875,39.45500183105469,39.525001525878906,11304,0.0,0.0,0.0
2024-09-17 12:30:00-04:00,39.52000045776367,39.52000045776367,39.5,39.5,4002,0.0,0.0,0.0
2024-09-17 12:35:00-04:00,39.5,39.5,39.45000076293945,39.459999084472656,4412,0.0,0.0,0.0
2024-09-17 12:40:00-04:00,39.45500183105469,39.45500183105469,39.400001525878906,39.4099006652832,6600,0.0,0.0,0.0
2024-09-17 12:45:00-04:00,39.404998779296875,39.41999816894531,39.26499938964844,39.26499938964844,5469,0.0,0.0,0.0
2024-09-17 12:50:00-04:00,39.2599983215332,39.31999969482422,39.2400016784668,39.310001373291016,9870,0.0,0.0,0.0
2024-09-17 12:55:00-04:00,39.31999969482422,39.349998474121094,39.27000045776367,39.290000915527344,9512,0.0,0.0,0.0
2024-09-17 13:00:00-04:00,39.290000915527344,39.33000183105469,39.279998779296875,39.290000915527344,4328,0.0,0.0,0.0
2024-09-17 13:05:00-04:00,39.310001373291016,39.315101623535156,39.290000915527344,39.30500030517578,65166,0.0,0.0,0.0
2024-09-17 13:10:00-04:00,39.310001373291016,39.339900970458984,39.27000045776367,39.33000183105469,14429,0.0,0.0,0.0
2024-09-17 13:15:00-04:00,39.31999969482422,39.40230178833008,39.31999969482422,39.40230178833008,3881,0.0,0.0,0.0
2024-09-17 13:20:00-04:00,39.40999984741211,39.470001220703125,39.4099006652832,39.46500015258789,7403,0.0,0.0,0.0
2024-09-17 13:25:00-04:00,39.470001220703125,39.470001220703125,39.45000076293945,39.459999084472656,2163,0.0,0.0,0.0
2024-09-17 13:30:00-04:00,39.45000076293945,39.47999954223633,39.41999816894531,39.41999816894531,4388,0.0,0.0,0.0
2024-09-17 13:35:00-04:00,39.43000030517578,39.470001220703125,39.43000030517578,39.4547004699707,3903,0.0,0.0,0.0
2024-09-17 13:40:00-04:00,39.439998626708984,39.439998626708984,39.400001525878906,39.410099029541016,4053,0.0,0.0,0.0
2024-09-17 13:45:00-04:00,39.40999984741211,39.459999084472656,39.36349868774414,39.459999084472656,6275,0.0,0.0,0.0
2024-09-17 13:50:00-04:00,39.470001220703125,39.5099983215332,39.470001220703125,39.494998931884766,4682,0.0,0.0,0.0
2024-09-17 13:55:00-04:00,39.5,39.5,39.47990036010742,39.47990036010742,2166,0.0,0.0,0.0
2024-09-17 14:00:00-04:00,39.46500015258789,39.5,39.46500015258789,39.5,2589,0.0,0.0,0.0
2024-09-17 14:05:00-04:00,39.5,39.5,39.48500061035156,39.4900016784668,4018,0.0,0.0,0.0
2024-09-17 14:10:00-04:00,39.4900016784668,39.4900016784668,39.43000030517578,39.43000030517578,12100,0.0,0.0,0.0
2024-09-17 14:15:00-04:00,39.4473991394043,39.45759963989258,39.41999816894531,39.437400817871094,6850,0.0,0.0,0.0
2024-09-17 14:20:00-04:00,39.43000030517578,39.46500015258789,39.43000030517578,39.459999084472656,3493,0.0,0.0,0.0
2024-09-17 14:25:00-04:00,39.459999084472656,39.470001220703125,39.43000030517578,39.45500183105469,5354,0.0,0.0,0.0
2024-09-17 14:30:00-04:00,39.44499969482422,39.474998474121094,39.439998626708984,39.459999084472656,3705,0.0,0.0,0.0
2024-09-17 14:35:00-04:00,39.470001220703125,39.470001220703125,39.459999084472656,39.46500015258789,3198,0.0,0.0,0.0
2024-09-17 14:40:00-04:00,39.46260070800781,39.4900016784668,39.46260070800781,39.4900016784668,2695,0.0,0.0,0.0
2024-09-17 14:45:00-04:00,39.48500061035156,39.48500061035156,39.38999938964844,39.410099029541016,10607,0.0,0.0,0.0
2024-09-17 14:50:00-04:00,39.40999984741211,39.40999984741211,39.390098571777344,39.40999984741211,2745,0.0,0.0,0.0
2024-09-17 14:55:00-04:00,39.45000076293945,39.470001220703125,39.439998626708984,39.457698822021484,3721,0.0,0.0,0.0
2024-09-17 15:00:00-04:00,39.45000076293945,39.480098724365234,39.44499969482422,39.459999084472656,3593,0.0,0.0,0.0
2024-09-17 15:05:00-04:00,39.43519973754883,39.44499969482422,39.42850112915039,39.44499969482422,5498,0.0,0.0,0.0
2024-09-17 15:10:00-04:00,39.439998626708984,39.474998474121094,39.43000030517578,39.474998474121094,5644,0.0,0.0,0.0
2024-09-17 15:15:00-04:00,39.47529983520508,39.479801177978516,39.44499969482422,39.45009994506836,10572,0.0,0.0,0.0
2024-09-17 15:20:00-04:00,39.439998626708984,39.439998626708984,39.39500045776367,39.399898529052734,13665,0.0,0.0,0.0
2024-09-17 15:25:00-04:00,39.404598236083984,39.45500183105469,39.404598236083984,39.4463996887207,5683,0.0,0.0,0.0
2024-09-17 15:30:00-04:00,39.45000076293945,39.450401306152344,39.43000030517578,39.43000030517578,6670,0.0,0.0,0.0
2024-09-17 15:35:00-04:00,39.41999816894531,39.470001220703125,39.4099006652832,39.46500015258789,8502,0.0,0.0,0.0
2024-09-17 15:40:00-04:00,39.470001220703125,39.470001220703125,39.415000915527344,39.41999816894531,10279,0.0,0.0,0.0
2024-09-17 15:45:00-04:00,39.41999816894531,39.47999954223633,39.41999816894531,39.47990036010742,8639,0.0,0.0,0.0
2024-09-17 15:50:00-04:00,39.47999954223633,39.53770065307617,39.44499969482422,39.53770065307617,15607,0.0,0.0,0.0
2024-09-17 15:55:00-04:00,39.529998779296875,39.560001373291016,39.51499938964844,39.540000915527344,23735,0.0,0.0,0.0
2024-09-18 09:30:00-04:00,39.584999084472656,39.68000030517578,39.58000183105469,39.63999938964844,31162,0.0,0.0,0.0
2024-09-18 09:35:00-04:00,39.630001068115234,39.68239974975586,39.599998474121094,39.68000030517578,18646,0.0,0.0,0.0
2024-09-18 09:40:00-04:00,39.709999084472656,39.724998474121094,39.66999816894531,39.720001220703125,7742,0.0,0.0,0.0
2024-09-18 09:45:00-04:00,39.72999954223633,39.779998779296875,39.720001220703125,39.77000045776367,4864,0.0,0.0,0.0
2024-09-18 09:50:00-04:00,39.7599983215332,39.7599983215332,39.6349983215332,39.6349983215332,10651,0.0,0.0,0.0
2024-09-18 09:55:00-04:00,39.619998931884766,39.619998931884766,39.54499816894531,39.54499816894531,14510,0.0,0.0,0.0
2024-09-18 10:00:00-04:00,39.54999923706055,39.560001373291016,39.5099983215332,39.5099983215332,10054,0.0,0.0,0.0
2024-09-18 10:05:00-04:00,39.52000045776367,39.540000915527344,39.48500061035156,39.540000915527344,6704,0.0,0.0,0.0
2024-09-18 10:10:00-04:00,39.525001525878906,39.54999923706055,39.47999954223633,39.5099983215332,14715,0.0,0.0,0.0
2024-09-18 10:15:00-04:00,39.540000915527344,39.59000015258789,39.53499984741211,39.53499984741211,3683,0.0,0.0,0.0
2024-09-18 10:20:00-04:00,39.540000915527344,39.560001373291016,39.540000915527344,39.54999923706055,4698,0.0,0.0,0.0
2024-09-18 10:25:00-04:00,39.529998779296875,39.63999938964844,39.52000045776367,39.619998931884766,6186,0.0,0.0,0.0
2024-09-18 10:30:00-04:00,39.61000061035156,39.61000061035156,39.470001220703125,39.474998474121094,16324,0.0,0.0,0.0
2024-09-18 10:35:00-04:00,39.470001220703125,39.5099983215332,39.470001220703125,39.5,3376,0.0,0.0,0.0
2024-09-18 10:40:00-04:00,39.5099983215332,39.52000045776367,39.45500183105469,39.5,4187,0.0,0.0,0.0
2024-09-18 10:45:00-04:00,39.48899841308594,39.52000045776367,39.48500061035156,39.5099983215332,5474,0.0,0.0,0.0
2024-09-18 10:50:00-04:00,39.5,39.52000045776367,39.5,39.5099983215332,5212,0.0,0.0,0.0
2024-09-18 10:55:00-04:00,39.5099983215332,39.529998779296875,39.494998931884766,39.529998779296875,5475,0.0,0.0,0.0
2024-09-18 11:00:00-04:00,39.54999923706055,39.58000183105469,39.54999923706055,39.56999969482422,3635,0.0,0.0,0.0
2024-09-18 11:05:00-04:00,39.560001373291016,39.560001373291016,39.540000915527344,39.560001373291016,2904,0.0,0.0,0.0
2024-09-18 11:10:00-04:00,39.560001373291016,39.56999969482422,39.53499984741211,39.565101623535156,3147,0.0,0.0,0.0
2024-09-18 11:15:00-04:00,39.560001373291016,39.560001373291016,39.540000915527344,39.559898376464844,4368,0.0,0.0,0.0
2024-09-18 11:20:00-04:00,39.560001373291016,39.56990051269531,39.54999923706055,39.54999923706055,13744,0.0,0.0,0.0
2024-09-18 11:25:00-04:00,39.54999923706055,39.599998474121094,39.54999923706055,39.599998474121094,4788,0.0,0.0,0.0
2024-09-18 11:30:00-04:00,39.584999084472656,39.584999084472656,39.54999923706055,39.560001373291016,111285,0.0,0.0,0.0
2024-09-18 11:35:00-04:00,39.56999969482422,39.58000183105469,39.56990051269531,39.56990051269531,3085,0.0,0.0,0.0
2024-09-18 11:40:00-04:00,39.565101623535156,39.565101623535156,39.52320098876953,39.53499984741211,2510,0.0,0.0,0.0
2024-09-18 11:45:00-04:00,39.53499984741211,39.53499984741211,39.4900016784668,39.4900016784668,4088,0.0,0.0,0.0
2024-09-18 11:50:00-04:00,39.5,39.51860046386719,39.4900016784668,39.494998931884766,0,0.0,0.0,0.0
2024-09-18 11:55:00-04:00,39.5,39.52000045776367,39.489898681640625,39.489898681640625,357120,0.0,0.0,0.0
2024-09-18 12:00:00-04:00,39.470001220703125,39.47999954223633,39.43000030517578,39.4379997253418,3088,0.0,0.0,0.0
2024-09-18 12:05:00-04:00,39.439998626708984,39.50640106201172,39.439998626708984,39.5,2523,0.0,0.0,0.0
2024-09-18 12:10:00-04:00,39.5,39.52510070800781,39.5,39.51499938964844,1861,0.0,0.0,0.0
2024-09-18 12:15:00-04:00,39.51499938964844,39.540000915527344,39.5099983215332,39.53499984741211,2505,0.0,0.0,0.0
2024-09-18 12:20:00-04:00,39.529998779296875,39.53969955444336,39.52000045776367,39.52000045776367,10136,0.0,0.0,0.0
2024-09-18 12:25:00-04:00,39.525001525878906,39.55500030517578,39.525001525878906,39.54499816894531,3604,0.0,0.0,0.0
2024-09-18 12:30:00-04:00,39.54999923706055,39.58000183105469,39.540000915527344,39.58000183105469,2919,0.0,0.0,0.0
2024-09-18 12:35:00-04:00,39.58000183105469,39.595001220703125,39.58000183105469,39.59000015258789,3289,0.0,0.0,0.0
2024-09-18 12:40:00-04:00,39.59000015258789,39.59000015258789,39.56999969482422,39.57500076293945,3602,0.0,0.0,0.0
2024-09-18 12:45:00-04:00,39.56999969482422,39.599998474121094,39.56999969482422,39.58000183105469,5625,0.0,0.0,0.0
2024-09-18 12:50:00-04:00,39.58000183105469,39.58000183105469,39.565101623535156,39.58000183105469,2923,0.0,0.0,0.0
2024-09-18 12:55:00-04:00,39.595001220703125,39.599998474121094,39.56999969482422,39.595001220703125,2412,0.0,0.0,0.0
2024-09-18 13:00:00-04:00,39.584999084472656,39.599998474121094,39.584999084472656,39.589500427246094,1903,0.0,0.0,0.0
2024-09-18 13:05:00-04:00,39.58509826660156,39.58509826660156,39.560001373291016,39.564998626708984,2745,0.0,0.0,0.0
2024-09-18 13:10:00-04:00,39.59000015258789,39.59000015258789,39.57500076293945,39.57500076293945,1863,0.0,0.0,0.0
2024-09-18 13:15:00-04:00,39.584999084472656,39.595001220703125,39.57500076293945,39.585899353027344,3973,0.0,0.0,0.0
2024-09-18 13:20:00-04:00,39.580101013183594,39.580101013183594,39.54330062866211,39.54330062866211,2115,0.0,0.0,0.0
2024-09-18 13:25:00-04:00,39.57550048828125,39.61000061035156,39.57500076293945,39.61000061035156,4420,0.0,0.0,0.0
2024-09-18 13:30:00-04:00,39.61000061035156,39.63999938964844,39.61000061035156,39.63999938964844,2409,0.0,0.0,0.0
2024-09-18 13:35:00-04:00,39.650001525878906,39.65999984741211,39.58000183105469,39.609798431396484,8047,0.0,0.0,0.0
2024-09-18 13:40:00-04:00,39.609500885009766,39.6150016784668,39.599998474121094,39.60900115966797,3450,0.0,0.0,0.0
2024-09-18 13:45:00-04:00,39.619998931884766,39.6349983215332,39.59000015258789,39.59000015258789,3992,0.0,0.0,0.0
2024-09-18 13:50:00-04:00,39.584999084472656,39.584999084472656,39.564998626708984,39.564998626708984,4466,0.0,0.0,0.0
2024-09-18 13:55:00-04:00,39.54999923706055,39.58000183105469,39.540000915527344,39.56999969482422,8791,0.0,0.0,0.0
2024-09-18 14:00:00-04:00,39.54999923706055,40.209999084472656,39.540000915527344,40.08000183105469,99776,0.0,0.0,0.0
2024-09-18 14:05:00-04:00,40.099998474121094,40.16999816894531,40.029998779296875,40.04499816894531,30444,0.0,0.0,0.0
2024-09-18 14:10:00-04:00,40.04999923706055,40.04999923706055,39.79999923706055,39.869998931884766,24709,0.0,0.0,0.0
2024-09-18 14:15:00-04:00,39.869998931884766,39.999900817871094,39.869998931884766,39.97999954223633,13814,0.0,0.0,0.0
2024-09-18 14:20:00-04:00,39.97999954223633,40.040000915527344,39.91999816894531,40.040000915527344,16371,0.0,0.0,0.0
2024-09-18 14:25:00-04:00,40.04999923706055,40.130001068115234,39.970001220703125,40.130001068115234,8161,0.0,0.0,0.0
2024-09-18 14:30:00-04:00,40.1349983215332,40.220001220703125,40.12990188598633,40.220001220703125,8778,0.0,0.0,0.0
2024-09-18 14:35:00-04:00,40.22999954223633,40.290000915527344,40.0,40.27000045776367,28787,0.0,0.0,0.0
2024-09-18 14:40:00-04:00,40.279998779296875,40.290000915527344,39.900001525878906,39.900001525878906,23480,0.0,0.0,0.0
2024-09-18 14:45:00-04:00,39.900001525878906,40.04999923706055,39.86000061035156,39.970001220703125,24320,0.0,0.0,0.0
2024-09-18 14:50:00-04:00,39.95000076293945,40.150001525878906,39.95000076293945,40.099998474121094,15374,0.0,0.0,0.0
2024-09-18 14:55:00-04:00,40.09000015258789,40.14500045776367,39.869998931884766,39.88999938964844,21170,0.0,0.0,0.0
2024-09-18 15:00:00-04:00,39.869998931884766,39.880001068115234,39.720001220703125,39.79999923706055,17107,0.0,0.0,0.0
2024-09-18 15:05:00-04:00,39.790000915527344,39.790000915527344,39.650001525878906,39.709999084472656,14292,0.0,0.0,0.0
2024-09-18 15:10:00-04:00,39.68000030517578,40.0,39.650001525878906,39.9900016784668,15736,0.0,0.0,0.0
2024-09-18 15:15:00-04:00,39.970001220703125,39.9900016784668,39.90999984741211,39.959999084472656,11027,0.0,0.0,0.0
2024-09-18 15:20:00-04:00,39.91999816894531,39.91999816894531,39.65999984741211,39.790000915527344,22142,0.0,0.0,0.0
2024-09-18 15:25:00-04:00,39.83000183105469,40.0099983215332,39.83000183105469,39.88999938964844,14527,0.0,0.0,0.0
2024-09-18 15:30:00-04:00,39.88999938964844,39.956199645996094,39.689998626708984,39.70000076293945,13847,0.0,0.0,0.0
2024-09-18 15:35:00-04:00,39.68000030517578,39.720001220703125,39.61000061035156,39.66999816894531,19204,0.0,0.0,0.0
2024-09-18 15:40:00-04:00,39.66999816894531,39.67499923706055,39.560001373291016,39.560001373291016,28597,0.0,0.0,0.0
2024-09-18 15:45:00-04:00,39.54999923706055,39.61000061035156,39.5099983215332,39.540000915527344,17260,0.0,0.0,0.0
2024-09-18 15:50:00-04:00,39.54999923706055,39.63999938964844,39.540000915527344,39.595001220703125,22480,0.0,0.0,0.0
2024-09-18 15:55:00-04:00,39.599998474121094,39.630001068115234,39.560001373291016,39.560001373291016,16926,0.0,0.0,0.0
2024-09-19 09:30:00-04:00,40.45000076293945,40.5099983215332,40.31999969482422,40.33890151977539,74794,0.0,0.0,0.0
2024-09-19 09:35:00-04:00,40.34000015258789,40.470001220703125,40.34000015258789,40.36000061035156,19161,0.0,0.0,0.0
2024-09-19 09:40:00-04:00,40.349998474121094,40.36000061035156,40.119998931884766,40.130001068115234,61869,0.0,0.0,0.0
2024-09-19 09:45:00-04:00,40.119998931884766,40.150001525878906,40.029998779296875,40.150001525878906,9764,0.0,0.0,0.0
2024-09-19 09:50:00-04:00,40.15999984741211,40.15999984741211,40.0099983215332,40.09000015258789,19689,0.0,0.0,0.0
2024-09-19 09:55:00-04:00,40.11000061035156,40.28499984741211,40.11000061035156,40.275001525878906,10875,0.0,0.0,0.0
2024-09-19 10:00:00-04:00,40.275001525878906,40.30009841918945,40.150001525878906,40.22010040283203,18035,0.0,0.0,0.0
2024-09-19 10:05:00-04:00,40.2400016784668,40.28329849243164,40.185001373291016,40.185001373291016,11716,0.0,0.0,0.0
2024-09-19 10:10:00-04:00,40.20000076293945,40.29999923706055,40.189998626708984,40.29999923706055,5475,0.0,0.0,0.0
2024-09-19 10:15:00-04:00,40.290000915527344,40.349998474121094,40.25,40.349998474121094,14906,0.0,0.0,0.0
2024-09-19 10:20:00-04:00,40.36000061035156,40.36000061035156,40.2599983215332,40.279998779296875,25263,0.0,0.0,0.0
2024-09-19 10:25:00-04:00,40.28739929199219,40.40999984741211,40.27000045776367,40.40999984741211,10225,0.0,0.0,0.0
2024-09-19 10:30:00-04:00,40.41999816894531,40.470001220703125,40.41999816894531,40.43000030517578,7928,0.0,0.0,0.0
2024-09-19 10:35:00-04:00,40.45009994506836,40.470001220703125,40.400001525878906,40.43000030517578,8818,0.0,0.0,0.0
2024-09-19 10:40:00-04:00,40.43000030517578,40.43000030517578,40.290000915527344,40.310001373291016,12661,0.0,0.0,0.0
2024-09-19 10:45:00-04:00,40.30500030517578,40.30500030517578,40.16999816894531,40.2400016784668,20610,0.0,0.0,0.0
2024-09-19 10:50:00-04:00,40.275001525878906,40.290000915527344,40.220001220703125,40.2400016784668,10037,0.0,0.0,0.0
2024-09-19 10:55:00-04:00,40.25,40.29999923706055,40.25,40.29309844970703,5988,0.0,0.0,0.0
2024-09-19 11:00:00-04:00,40.290000915527344,40.349998474121094,40.27000045776367,40.349700927734375,12027,0.0,0.0,0.0
2024-09-19 11:05:00-04:00,40.34000015258789,40.34000015258789,40.27000045776367,40.29999923706055,7720,0.0,0.0,0.0
2024-09-19 11:10:00-04:00,40.30160140991211,40.32500076293945,40.290000915527344,40.290000915527344,6225,0.0,0.0,0.0
2024-09-19 11:15:00-04:00,40.29999923706055,40.39039993286133,40.29999923706055,40.369998931884766,8536,0.0,0.0,0.0
2024-09-19 11:20:00-04:00,40.380001068115234,40.43989944458008,40.37009811401367,40.43000030517578,17827,0.0,0.0,0.0
2024-09-19 11:25:00-04:00,40.43000030517578,40.439998626708984,40.39500045776367,40.404998779296875,9097,0.0,0.0,0.0
2024-09-19 11:30:00-04:00,40.41999816894531,40.41999816894531,40.375,40.38999938964844,3922,0.0,0.0,0.0
2024-09-19 11:35:00-04:00,40.41999816894531,40.41999816894531,40.369998931884766,40.39360046386719,7816,0.0,0.0,0.0
2024-09-19 11:40:00-04:00,40.400001525878906,40.42509841918945,40.380001068115234,40.41999816894531,4394,0.0,0.0,0.0
2024-09-19 11:45:00-04:00,40.43000030517578,40.439998626708984,40.400001525878906,40.439998626708984,8423,0.0,0.0,0.0
2024-09-19 11:50:00-04:00,40.45000076293945,40.45000076293945,40.400001525878906,40.439998626708984,5060,0.0,0.0,0.0
2024-09-19 11:55:00-04:00,40.43000030517578,40.439998626708984,40.400001525878906,40.439998626708984,1692,0.0,0.0,0.0
2024-09-19 12:00:00-04:00,40.41999816894531,40.4900016784668,40.41999816894531,40.4900016784668,4409,0.0,0.0,0.0
2024-09-19 12:05:00-04:00,40.499900817871094,40.529998779296875,40.499900817871094,40.52000045776367,4378,0.0,0.0,0.0
2024-09-19 12:10:00-04:00,40.5099983215332,40.5099983215332,40.448299407958984,40.470001220703125,9544,0.0,0.0,0.0
2024-09-19 12:15:00-04:00,40.5,40.560001373291016,40.459999084472656,40.540000915527344,5398,0.0,0.0,0.0
2024-09-19 12:20:00-04:00,40.53499984741211,40.540000915527344,40.5,40.5,5470,0.0,0.0,0.0
2024-09-19 12:25:00-04:00,40.51499938964844,40.540000915527344,40.51499938964844,40.53990173339844,3693,0.0,0.0,0.0
2024-09-19 12:30:00-04:00,40.560001373291016,40.57500076293945,40.54499816894531,40.570098876953125,2719,0.0,0.0,0.0
2024-09-19 12:35:00-04:00,40.567100524902344,40.56999969482422,40.54999923706055,40.566001892089844,12774,0.0,0.0,0.0
2024-09-19 12:40:00-04:00,40.56999969482422,40.59000015258789,40.56700134277344,40.57630157470703,3360,0.0,0.0,0.0
2024-09-19 12:45:00-04:00,40.57500076293945,40.60499954223633,40.57500076293945,40.595001220703125,3764,0.0,0.0,0.0
2024-09-19 12:50:00-04:00,40.59000015258789,40.630001068115234,40.584999084472656,40.625,12057,0.0,0.0,0.0
2024-09-19 12:55:00-04:00,40.61000061035156,40.61289978027344,40.59000015258789,40.61289978027344,6458,0.0,0.0,0.0
2024-09-19 13:00:00-04:00,40.630001068115234,40.650001525878906,40.630001068115234,40.649898529052734,3808,0.0,0.0,0.0
2024-09-19 13:05:00-04:00,40.64500045776367,40.650001525878906,40.630001068115234,40.64630126953125,3129,0.0,0.0,0.0
2024-09-19 13:10:00-04:00,40.64979934692383,40.64979934692383,40.61000061035156,40.625,2218,0.0,0.0,0.0
2024-09-19 13:15:00-04:00,40.599998474121094,40.63999938964844,40.599998474121094,40.61009979248047,4347,0.0,0.0,0.0
2024-09-19 13:20:00-04:00,40.619998931884766,40.619998931884766,40.56999969482422,40.59000015258789,9348,0.0,0.0,0.0
2024-09-19 13:25:00-04:00,40.599998474121094,40.61000061035156,40.59000015258789,40.595001220703125,4525,0.0,0.0,0.0
2024-09-19 13:30:00-04:00,40.61000061035156,40.63999938964844,40.61000061035156,40.63059997558594,6230,0.0,0.0,0.0
2024-09-19 13:35:00-04:00,40.630001068115234,40.650001525878906,40.62699890136719,40.650001525878906,3365,0.0,0.0,0.0
2024-09-19 13:40:00-04:00,40.64500045776367,40.665000915527344,40.625,40.665000915527344,17810,0.0,0.0,0.0
2024-09-19 13:45:00-04:00,40.66999816894531,40.70000076293945,40.66999816894531,40.66999816894531,7905,0.0,0.0,0.0
2024-09-19 13:50:00-04:00,40.66999816894531,40.685001373291016,40.665000915527344,40.68000030517578,4098,0.0,0.0,0.0
2024-09-19 13:55:00-04:00,40.67499923706055,40.68000030517578,40.654998779296875,40.666900634765625,3597,0.0,0.0,0.0
2024-09-19 14:00:00-04:00,40.66999816894531,40.68000030517578,40.65999984741211,40.68000030517578,8908,0.0,0.0,0.0
2024-09-19 14:05:00-04:00,40.68000030517578,40.68000030517578,40.619998931884766,40.625,30868,0.0,0.0,0.0
2024-09-19 14:10:00-04:00,40.625,40.625,40.595001220703125,40.599300384521484,8604,0.0,0.0,0.0
2024-09-19 14:15:00-04:00,40.584999084472656,40.599998474121094,40.525001525878906,40.560001373291016,45132,0.0,0.0,0.0
2024-09-19 14:20:00-04:00,40.54999923706055,40.6150016784668,40.54499816894531,40.595001220703125,6434,0.0,0.0,0.0
2024-09-19 14:25:00-04:00,40.59000015258789,40.654998779296875,40.58000183105469,40.64500045776367,9597,0.0,0.0,0.0
2024-09-19 14:30:00-04:00,40.650001525878906,40.665000915527344,40.630001068115234,40.650001525878906,5699,0.0,0.0,0.0
2024-09-19 14:35:00-04:00,40.63999938964844,40.665000915527344,40.630001068115234,40.665000915527344,8797,0.0,0.0,0.0
2024-09-19 14:40:00-04:00,40.65999984741211,40.665000915527344,40.654998779296875,40.654998779296875,3198,0.0,0.0,0.0
2024-09-19 14:45:00-04:00,40.650001525878906,40.658199310302734,40.599998474121094,40.599998474121094,11440,0.0,0.0,0.0
2024-09-19 14:50:00-04:00,40.599998474121094,40.625,40.57500076293945,40.625,10236,0.0,0.0,0.0
2024-09-19 14:55:00-04:00,40.619998931884766,40.630001068115234,40.59000015258789,40.625,7625,0.0,0.0,0.0
2024-09-19 15:00:00-04:00,40.630001068115234,40.65999984741211,40.59769821166992,40.65999984741211,11307,0.0,0.0,0.0
2024-09-19 15:05:00-04:00,40.65999984741211,40.66999816894531,40.63999938964844,40.66999816894531,7089,0.0,0.0,0.0
2024-09-19 15:10:00-04:00,40.66999816894531,40.685001373291016,40.64500045776367,40.64500045776367,12019,0.0,0.0,0.0
2024-09-19 15:15:00-04:00,40.650001525878906,40.65999984741211,40.62990188598633,40.630001068115234,7961,0.0,0.0,0.0
2024-09-19 15:20:00-04:00,40.630001068115234,40.65999984741211,40.59000015258789,40.65999984741211,12050,0.0,0.0,0.0
2024-09-19 15:25:00-04:00,40.65999984741211,40.660099029541016,40.619998931884766,40.64500045776367,10920,0.0,0.0,0.0
2024-09-19 15:30:00-04:00,40.63999938964844,40.68000030517578,40.630001068115234,40.68000030517578,14079,0.0,0.0,0.0
2024-09-19 15:35:00-04:00,40.66999816894531,40.720001220703125,40.66999816894531,40.71500015258789,10039,0.0,0.0,0.0
2024-09-19 15:40:00-04:00,40.720001220703125,40.755001068115234,40.71500015258789,40.724998474121094,12836,0.0,0.0,0.0
2024-09-19 15:45:00-04:00,40.72999954223633,40.779998779296875,40.72999954223633,40.76750183105469,14449,0.0,0.0,0.0
2024-09-19 15:50:00-04:00,40.7599983215332,40.7599983215332,40.66999816894531,40.7400016784668,29174,0.0,0.0,0.0
2024-09-19 15:55:00-04:00,40.720001220703125,40.7599983215332,40.70500183105469,40.7400016784668,228508,0.0,0.0,0.0
2024-09-20 09:30:00-04:00,40.63999938964844,40.63999938964844,40.459999084472656,40.459999084472656,164423,0.0,0.0,0.0
2024-09-20 09:35:00-04:00,40.45000076293945,40.540000915527344,40.43000030517578,40.52000045776367,46196,0.0,0.0,0.0
2024-09-20 09:40:00-04:00,40.5099983215332,40.560001373291016,40.45000076293945,40.459999084472656,28834,0.0,0.0,0.0
2024-09-20 09:45:00-04:00,40.459999084472656,40.459999084472656,40.34000015258789,40.36000061035156,44179,0.0,0.0,0.0
2024-09-20 09:50:00-04:00,40.349998474121094,40.415000915527344,40.31999969482422,40.36000061035156,33884,0.0,0.0,0.0
2024-09-20 09:55:00-04:00,40.349998474121094,40.36000061035156,40.310001373291016,40.33000183105469,20676,0.0,0.0,0.0
2024-09-20 10:00:00-04:00,40.33000183105469,40.378299713134766,40.290000915527344,40.29999923706055,27353,0.0,0.0,0.0
2024-09-20 10:05:00-04:00,40.31010055541992,40.33000183105469,40.279998779296875,40.314998626708984,21282,0.0,0.0,0.0
2024-09-20 10:10:00-04:00,40.310001373291016,40.31999969482422,40.2599983215332,40.28499984741211,27524,0.0,0.0,0.0
2024-09-20 10:15:00-04:00,40.28499984741211,40.42499923706055,40.28049850463867,40.42499923706055,22314,0.0,0.0,0.0
2024-09-20 10:20:00-04:00,40.41999816894531,40.470001220703125,40.41999816894531,40.435001373291016,20892,0.0,0.0,0.0
2024-09-20 10:25:00-04:00,40.439998626708984,40.48500061035156,40.43989944458008,40.45000076293945,23834,0.0,0.0,0.0
2024-09-20 10:30:00-04:00,40.44499969482422,40.5099983215332,40.41999816894531,40.4900016784668,23101,0.0,0.0,0.0
2024-09-20 10:35:00-04:00,40.4900016784668,40.525001525878906,40.459999084472656,40.5,20048,0.0,0.0,0.0
2024-09-20 10:40:00-04:00,40.505001068115234,40.529998779296875,40.494998931884766,40.5099983215332,17503,0.0,0.0,0.0
2024-09-20 10:45:00-04:00,40.505001068115234,40.525001525878906,40.47999954223633,40.495601654052734,13425,0.0,0.0,0.0
2024-09-20 10:50:00-04:00,40.494998931884766,40.525001525878906,40.4900016784668,40.499900817871094,25105,0.0,0.0,0.0
2024-09-20 10:55:00-04:00,40.5,40.505001068115234,40.44850158691406,40.45840072631836,22138,0.0,0.0,0.0
2024-09-20 11:00:00-04:00,40.45000076293945,40.46500015258789,40.40999984741211,40.415000915527344,16558,0.0,0.0,0.0
2024-09-20 11:05:00-04:00,40.415000915527344,40.459999084472656,40.415000915527344,40.432098388671875,20290,0.0,0.0,0.0
2024-09-20 11:10:00-04:00,40.435001373291016,40.435001373291016,40.380001068115234,40.3849983215332,21550,0.0,0.0,0.0
2024-09-20 11:15:00-04:00,40.3849983215332,40.404998779296875,40.34000015258789,40.39500045776367,22456,0.0,0.0,0.0
2024-09-20 11:20:00-04:00,40.39500045776367,40.41999816894531,40.38999938964844,40.40999984741211,17686,0.0,0.0,0.0
2024-09-20 11:25:00-04:00,40.40999984741211,40.43000030517578,40.400001525878906,40.404998779296875,15129,0.0,0.0,0.0
2024-09-20 11:30:00-04:00,40.380001068115234,40.404998779296875,40.31999969482422,40.400001525878906,20270,0.0,0.0,0.0
2024-09-20 11:35:00-04:00,40.41999816894531,40.45000076293945,40.391700744628906,40.439998626708984,53429,0.0,0.0,0.0
2024-09-20 11:40:00-04:00,40.439998626708984,40.540000915527344,40.43000030517578,40.529998779296875,27551,0.0,0.0,0.0
2024-09-20 11:45:00-04:00,40.529998779296875,40.529998779296875,40.47999954223633,40.494998931884766,18443,0.0,0.0,0.0
2024-09-20 11:50:00-04:00,40.5,40.505001068115234,40.45500183105469,40.48500061035156,18355,0.0,0.0,0.0
2024-09-20 11:55:00-04:00,40.48939895629883,40.540000915527344,40.48939895629883,40.5,18103,0.0,0.0,0.0
2024-09-20 12:00:00-04:00,40.494998931884766,40.5099983215332,40.470001220703125,40.5099983215332,21060,0.0,0.0,0.0
2024-09-20 12:05:00-04:00,40.505001068115234,40.540000915527344,40.48500061035156,40.53499984741211,23480,0.0,0.0,0.0
2024-09-20 12:10:00-04:00,40.53499984741211,40.53499984741211,40.5,40.50899887084961,21302,0.0,0.0,0.0
2024-09-20 12:15:00-04:00,40.5,40.52000045776367,40.4900016784668,40.51499938964844,18395,0.0,0.0,0.0
2024-09-20 12:20:00-04:00,40.52000045776367,40.57500076293945,40.51499938964844,40.56999969482422,22069,0.0,0.0,0.0
2024-09-20 12:25:00-04:00,40.56999969482422,40.56999969482422,40.540000915527344,40.562599182128906,16101,0.0,0.0,0.0
2024-09-20 12:30:00-04:00,40.54999923706055,40.56999969482422,40.540000915527344,40.54990005493164,16125,0.0,0.0,0.0
2024-09-20 12:35:00-04:00,40.54999923706055,40.56999969482422,40.529998779296875,40.560001373291016,12875,0.0,0.0,0.0
2024-09-20 12:40:00-04:00,40.564998626708984,40.58000183105469,40.54999923706055,40.58000183105469,16934,0.0,0.0,0.0
2024-09-20 12:45:00-04:00,40.58000183105469,40.59000015258789,40.57500076293945,40.584999084472656,15558,0.0,0.0,0.0
2024-09-20 12:50:00-04:00,40.584999084472656,40.599998474121094,40.57830047607422,40.59000015258789,18719,0.0,0.0,0.0
2024-09-20 12:55:00-04:00,40.584999084472656,40.59000015258789,40.56999969482422,40.56999969482422,12725,0.0,0.0,0.0
2024-09-20 13:00:00-04:00,40.56999969482422,40.59000015258789,40.54499816894531,40.54499816894531,15061,0.0,0.0,0.0
2024-09-20 13:05:00-04:00,40.54999923706055,40.599998474121094,40.54999923706055,40.595001220703125,16654,0.0,0.0,0.0
2024-09-20 13:10:00-04:00,40.595001220703125,40.63999938964844,40.595001220703125,40.63999938964844,16992,0.0,0.0,0.0
2024-09-20 13:15:00-04:00,40.63999938964844,40.65999984741211,40.625,40.65999984741211,14958,0.0,0.0,0.0
2024-09-20 13:20:00-04:00,40.65999984741211,40.65999984741211,40.599998474121094,40.599998474121094,19789,0.0,0.0,0.0
2024-09-20 13:25:00-04:00,40.61000061035156,40.619998931884766,40.56999969482422,40.59000015258789,15920,0.0,0.0,0.0
2024-09-20 13:30:00-04:00,40.589900970458984,40.599998474121094,40.58000183105469,40.599998474121094,13587,0.0,0.0,0.0
2024-09-20 13:35:00-04:00,40.599998474121094,40.599998474121094,40.56999969482422,40.56999969482422,14209,0.0,0.0,0.0
2024-09-20 13:40:00-04:00,40.56999969482422,40.60499954223633,40.56999969482422,40.599998474121094,17430,0.0,0.0,0.0
2024-09-20 13:45:00-04:00,40.599998474121094,40.599998474121094,40.55500030517578,40.564998626708984,15192,0.0,0.0,0.0
2024-09-20 13:50:00-04:00,40.560001373291016,40.56999969482422,40.53499984741211,40.540000915527344,19808,0.0,0.0,0.0
2024-09-20 13:55:00-04:00,40.529998779296875,40.55500030517578,40.52000045776367,40.540000915527344,29840,0.0,0.0,0.0
2024-09-20 14:00:00-04:00,40.540000915527344,40.540000915527344,40.45000076293945,40.468299865722656,22720,0.0,0.0,0.0
2024-09-20 14:05:00-04:00,40.470001220703125,40.474998474121094,40.43000030517578,40.43000030517578,15262,0.0,0.0,0.0
2024-09-20 14:10:00-04:00,40.435001373291016,40.47999954223633,40.43000030517578,40.474998474121094,18846,0.0,0.0,0.0
2024-09-20 14:15:00-04:00,40.474998474121094,40.48500061035156,40.459999084472656,40.474998474121094,15921,0.0,0.0,0.0
2024-09-20 14:20:00-04:00,40.474998474121094,40.474998474121094,40.43000030517578,40.44499969482422,16730,0.0,0.0,0.0
2024-09-20 14:25:00-04:00,40.44499969482422,40.44499969482422,40.41999816894531,40.43000030517578,19791,0.0,0.0,0.0
2024-09-20 14:30:00-04:00,40.435001373291016,40.435001373291016,40.40999984741211,40.40999984741211,14899,0.0,0.0,0.0
2024-09-20 14:35:00-04:00,40.410099029541016,40.435001373291016,40.400001525878906,40.41999816894531,26509,0.0,0.0,0.0
2024-09-20 14:40:00-04:00,40.40999984741211,40.45000076293945,40.400001525878906,40.43000030517578,16955,0.0,0.0,0.0
2024-09-20 14:45:00-04:00,40.435001373291016,40.459999084472656,40.43000030517578,40.45500183105469,12717,0.0,0.0,0.0
2024-09-20 14:50:00-04:00,40.45500183105469,40.5,40.44499969482422,40.5,14731,0.0,0.0,0.0
2024-09-20 14:55:00-04:00,40.4900016784668,40.505001068115234,40.47999954223633,40.47999954223633,15677,0.0,0.0,0.0
2024-09-20 15:00:00-04:00,40.474998474121094,40.494998931884766,40.470001220703125,40.47990036010742,15923,0.0,0.0,0.0
2024-09-20 15:05:00-04:00,40.474998474121094,40.4900016784668,40.45000076293945,40.459999084472656,16204,0.0,0.0,0.0
2024-09-20 15:10:00-04:00,40.459999084472656,40.470001220703125,40.41999816894531,40.44499969482422,18462,0.0,0.0,0.0
2024-09-20 15:15:00-04:00,40.44499969482422,40.494998931884766,40.44499969482422,40.48500061035156,24573,0.0,0.0,0.0
2024-09-20 15:20:00-04:00,40.48500061035156,40.540000915527344,40.480098724365234,40.505001068115234,17731,0.0,0.0,0.0
2024-09-20 15:25:00-04:00,40.505001068115234,40.529998779296875,40.505001068115234,40.51499938964844,16353,0.0,0.0,0.0
2024-09-20 15:30:00-04:00,40.51499938964844,40.51499938964844,40.474998474121094,40.474998474121094,16960,0.0,0.0,0.0
2024-09-20 15:35:00-04:00,40.47999954223633,40.560001373291016,40.45500183105469,40.525001525878906,22172,0.0,0.0,0.0
2024-09-20 15:40:00-04:00,40.505001068115234,40.560001373291016,40.5,40.54999923706055,21594,0.0,0.0,0.0
2024-09-20 15:45:00-04:00,40.54499816894531,40.54999923706055,40.44499969482422,40.459999084472656,24396,0.0,0.0,0.0
2024-09-20 15:50:00-04:00,40.46500015258789,40.4900016784668,40.45000076293945,40.46500015258789,21634,0.0,0.0,0.0
2024-09-20 15:55:00-04:00,40.470001220703125,40.47999954223633,40.439998626708984,40.470001220703125,32276,0.0,0.0,0.0
2024-09-23 09:30:00-04:00,40.56999969482422,40.810001373291016,40.47999954223633,40.749000549316406,83686,0.0,0.0,0.0
2024-09-23 09:35:00-04:00,40.724998474121094,40.7599983215332,40.650001525878906,40.650001525878906,15638,0.0,0.0,0.0
2024-09-23 09:40:00-04:00,40.66999816894531,40.709999084472656,40.65999984741211,40.709999084472656,8810,0.0,0.0,0.0
2024-09-23 09:45:00-04:00,40.70000076293945,40.75,40.459999084472656,40.53499984741211,40338,0.0,0.0,0.0
2024-09-23 09:50:00-04:00,40.540000915527344,40.5900993347168,40.5099983215332,40.557498931884766,5998,0.0,0.0,0.0
2024-09-23 09:55:00-04:00,40.560001373291016,40.630001068115234,40.55799865722656,40.630001068115234,18000,0.0,0.0,0.0
2024-09-23 10:00:00-04:00,40.630001068115234,40.69499969482422,40.619998931884766,40.63999938964844,6882,0.0,0.0,0.0
2024-09-23 10:05:00-04:00,40.63999938964844,40.6416015625,40.6150016784668,40.63999938964844,2017,0.0,0.0,0.0
2024-09-23 10:10:00-04:00,40.65999984741211,40.65999984741211,40.58000183105469,40.58000183105469,3584,0.0,0.0,0.0
2024-09-23 10:15:00-04:00,40.57500076293945,40.625,40.560001373291016,40.6150016784668,3601,0.0,0.0,0.0
2024-09-23 10:20:00-04:00,40.599998474121094,40.64500045776367,40.595001220703125,40.595001220703125,3025,0.0,0.0,0.0
2024-09-23 10:25:00-04:00,40.58000183105469,40.59000015258789,40.54999923706055,40.55009841918945,11588,0.0,0.0,0.0
2024-09-23 10:30:00-04:00,40.55500030517578,40.564998626708984,40.529998779296875,40.53139877319336,4195,0.0,0.0,0.0
2024-09-23 10:35:00-04:00,40.540000915527344,40.540000915527344,40.489898681640625,40.4900016784668,5016,0.0,0.0,0.0
2024-09-23 10:40:00-04:00,40.494998931884766,40.53990173339844,40.494998931884766,40.5099983215332,5521,0.0,0.0,0.0
2024-09-23 10:45:00-04:00,40.5099983215332,40.525001525878906,40.45000076293945,40.45009994506836,8839,0.0,0.0,0.0
2024-09-23 10:50:00-04:00,40.45000076293945,40.47800064086914,40.45000076293945,40.45989990234375,3857,0.0,0.0,0.0
2024-09-23 10:55:00-04:00,40.46500015258789,40.4900016784668,40.44499969482422,40.45000076293945,9580,0.0,0.0,0.0
2024-09-23 11:00:00-04:00,40.439998626708984,40.439998626708984,40.38050079345703,40.41889953613281,10535,0.0,0.0,0.0
2024-09-23 11:05:00-04:00,40.39500045776367,40.39500045776367,40.3489990234375,40.3489990234375,8250,0.0,0.0,0.0
2024-09-23 11:10:00-04:00,40.34000015258789,40.380001068115234,40.34000015258789,40.380001068115234,2865,0.0,0.0,0.0
2024-09-23 11:15:00-04:00,40.372398376464844,40.38010025024414,40.36640167236328,40.38010025024414,4459,0.0,0.0,0.0
2024-09-23 11:20:00-04:00,40.400001525878906,40.439998626708984,40.400001525878906,40.439998626708984,6057,0.0,0.0,0.0
2024-09-23 11:25:00-04:00,40.43000030517578,40.43989944458008,40.40999984741211,40.43989944458008,4038,0.0,0.0,0.0
2024-09-23 11:30:00-04:00,40.439998626708984,40.45009994506836,40.43000030517578,40.44990158081055,2397,0.0,0.0,0.0
2024-09-23 11:35:00-04:00,40.46500015258789,40.505001068115234,40.46099853515625,40.505001068115234,5355,0.0,0.0,0.0
2024-09-23 11:40:00-04:00,40.529998779296875,40.529998779296875,40.5,40.5099983215332,5254,0.0,0.0,0.0
2024-09-23 11:45:00-04:00,40.528499603271484,40.52989959716797,40.5099983215332,40.5099983215332,2216,0.0,0.0,0.0
2024-09-23 11:50:00-04:00,40.5099983215332,40.540000915527344,40.5099983215332,40.529998779296875,5091,0.0,0.0,0.0
2024-09-23 11:55:00-04:00,40.5099983215332,40.5099983215332,40.470001220703125,40.4900016784668,9457,0.0,0.0,0.0
2024-09-23 12:00:00-04:00,40.470001220703125,40.48619842529297,40.470001220703125,40.47999954223633,2868,0.0,0.0,0.0
2024-09-23 12:05:00-04:00,40.494998931884766,40.50849914550781,40.4900016784668,40.499900817871094,2809,0.0,0.0,0.0
2024-09-23 12:10:00-04:00,40.48500061035156,40.494998931884766,40.435001373291016,40.45500183105469,4224,0.0,0.0,0.0
2024-09-23 12:15:00-04:00,40.43000030517578,40.4650993347168,40.40999984741211,40.459999084472656,3230,0.0,0.0,0.0
2024-09-23 12:20:00-04:00,40.459999084472656,40.48500061035156,40.45000076293945,40.47999954223633,3760,0.0,0.0,0.0
2024-09-23 12:25:00-04:00,40.47999954223633,40.48270034790039,40.470001220703125,40.474998474121094,1871,0.0,0.0,0.0
2024-09-23 12:30:00-04:00,40.470001220703125,40.5,40.46500015258789,40.5,4642,0.0,0.0,0.0
2024-09-23 12:35:00-04:00,40.505001068115234,40.52009963989258,40.4900016784668,40.5099983215332,2729,0.0,0.0,0.0
2024-09-23 12:40:00-04:00,40.50849914550781,40.540000915527344,40.500099182128906,40.519798278808594,5762,0.0,0.0,0.0
2024-09-23 12:45:00-04:00,40.51499938964844,40.535099029541016,40.5099983215332,40.529998779296875,6387,0.0,0.0,0.0
2024-09-23 12:50:00-04:00,40.53499984741211,40.54010009765625,40.53010177612305,40.53499984741211,4239,0.0,0.0,0.0
2024-09-23 12:55:00-04:00,40.540000915527344,40.540199279785156,40.52009963989258,40.540199279785156,4370,0.0,0.0,0.0
2024-09-23 13:00:00-04:00,40.529998779296875,40.53499984741211,40.5,40.51499938964844,5604,0.0,0.0,0.0
2024-09-23 13:05:00-04:00,40.505001068115234,40.540000915527344,40.505001068115234,40.540000915527344,2946,0.0,0.0,0.0
2024-09-23 13:10:00-04:00,40.54010009765625,40.560001373291016,40.540000915527344,40.54499816894531,2668,0.0,0.0,0.0
2024-09-23 13:15:00-04:00,40.540000915527344,40.54999923706055,40.529998779296875,40.54999923706055,8646,0.0,0.0,0.0
2024-09-23 13:20:00-04:00,40.560001373291016,40.57500076293945,40.54499816894531,40.54499816894531,4236,0.0,0.0,0.0
2024-09-23 13:25:00-04:00,40.54999923706055,40.56740188598633,40.54399871826172,40.564998626708984,3546,0.0,0.0,0.0
2024-09-23 13:30:00-04:00,40.564998626708984,40.599998474121094,40.564998626708984,40.599998474121094,5697,0.0,0.0,0.0
2024-09-23 13:35:00-04:00,40.595001220703125,40.595001220703125,40.56999969482422,40.579898834228516,11641,0.0,0.0,0.0
2024-09-23 13:40:00-04:00,40.58250045776367,40.5984001159668,40.564998626708984,40.564998626708984,7171,0.0,0.0,0.0
2024-09-23 13:45:00-04:00,40.58000183105469,40.599998474121094,40.57500076293945,40.58000183105469,5453,0.0,0.0,0.0
2024-09-23 13:50:00-04:00,40.58000183105469,40.58000183105469,40.560001373291016,40.560001373291016,4100,0.0,0.0,0.0
2024-09-23 13:55:00-04:00,40.55400085449219,40.560001373291016,40.54499816894531,40.55009841918945,7368,0.0,0.0,0.0
2024-09-23 14:00:00-04:00,40.55009841918945,40.550201416015625,40.52000045776367,40.52000045776367,3999,0.0,0.0,0.0
2024-09-23 14:05:00-04:00,40.5099983215332,40.54010009765625,40.5099983215332,40.53499984741211,6469,0.0,0.0,0.0
2024-09-23 14:10:00-04:00,40.540000915527344,40.54999923706055,40.529998779296875,40.540000915527344,5554,0.0,0.0,0.0
2024-09-23 14:15:00-04:00,40.53010177612305,40.56999969482422,40.53010177612305,40.56990051269531,5036,0.0,0.0,0.0
2024-09-23 14:20:00-04:00,40.57500076293945,40.59000015258789,40.56999969482422,40.58000183105469,4805,0.0,0.0,0.0
2024-09-23 14:25:00-04:00,40.570098876953125,40.57500076293945,40.54999923706055,40.56990051269531,5879,0.0,0.0,0.0
2024-09-23 14:30:00-04:00,40.560001373291016,40.58000183105469,40.560001373291016,40.58000183105469,4180,0.0,0.0,0.0
2024-09-23 14:35:00-04:00,40.58000183105469,40.59000015258789,40.56999969482422,40.584999084472656,44995,0.0,0.0,0.0
2024-09-23 14:40:00-04:00,40.59000015258789,40.61000061035156,40.584999084472656,40.61000061035156,4097,0.0,0.0,0.0
2024-09-23 14:45:00-04:00,40.61000061035156,40.61000061035156,40.59000015258789,40.599998474121094,4857,0.0,0.0,0.0
2024-09-23 14:50:00-04:00,40.58000183105469,40.58000183105469,40.567100524902344,40.567100524902344,4499,0.0,0.0,0.0
2024-09-23 14:55:00-04:00,40.569801330566406,40.59000015258789,40.569801330566406,40.580101013183594,8214,0.0,0.0,0.0
2024-09-23 15:00:00-04:00,40.58000183105469,40.60499954223633,40.57500076293945,40.584999084472656,6719,0.0,0.0,0.0
2024-09-23 15:05:00-04:00,40.5885009765625,40.59000015258789,40.58000183105469,40.58000183105469,3864,0.0,0.0,0.0
2024-09-23 15:10:00-04:00,40.58000183105469,40.630001068115234,40.58000183105469,40.61000061035156,7211,0.0,0.0,0.0
2024-09-23 15:15:00-04:00,40.602699279785156,40.630001068115234,40.602699279785156,40.6150016784668,7326,0.0,0.0,0.0
2024-09-23 15:20:00-04:00,40.619998931884766,40.630001068115234,40.612998962402344,40.630001068115234,5158,0.0,0.0,0.0
2024-09-23 15:25:00-04:00,40.625,40.630001068115234,40.6150016784668,40.62990188598633,14444,0.0,0.0,0.0
2024-09-23 15:30:00-04:00,40.630001068115234,40.635101318359375,40.609901428222656,40.630001068115234,10767,0.0,0.0,0.0
2024-09-23 15:35:00-04:00,40.619998931884766,40.63999938964844,40.58000183105469,40.58000183105469,5110,0.0,0.0,0.0
2024-09-23 15:40:00-04:00,40.58000183105469,40.59000015258789,40.560001373291016,40.56999969482422,6756,0.0,0.0,0.0
2024-09-23 15:45:00-04:00,40.564998626708984,40.599998474121094,40.560001373291016,40.595001220703125,10045,0.0,0.0,0.0
2024-09-23 15:50:00-04:00,40.599998474121094,40.61000061035156,40.57500076293945,40.58000183105469,8452,0.0,0.0,0.0
2024-09-23 15:55:00-04:00,40.58000183105469,40.60499954223633,40.56999969482422,40.59000015258789,14364,0.0,0.0,0.0
2024-09-24 09:30:00-04:00,40.709999084472656,40.86000061035156,40.65679931640625,40.86000061035156,69488,0.0,0.0,0.0
2024-09-24 09:35:00-04:00,40.869998931884766,40.880001068115234,40.79999923706055,40.81999969482422,13115,0.0,0.0,0.0
2024-09-24 09:40:00-04:00,40.81999969482422,40.82500076293945,40.779998779296875,40.800498962402344,6138,0.0,0.0,0.0
2024-09-24 09:45:00-04:00,40.79999923706055,40.79999923706055,40.75,40.779998779296875,9282,0.0,0.0,0.0
2024-09-24 09:50:00-04:00,40.7599983215332,40.790000915527344,40.70000076293945,40.790000915527344,26593,0.0,0.0,0.0
2024-09-24 09:55:00-04:00,40.810001373291016,40.810001373291016,40.77000045776367,40.790000915527344,5749,0.0,0.0,0.0
2024-09-24 10:00:00-04:00,40.790000915527344,40.790000915527344,40.61000061035156,40.73979949951172,34814,0.0,0.0,0.0
2024-09-24 10:05:00-04:00,40.7400016784668,40.84000015258789,40.720001220703125,40.8390007019043,5817,0.0,0.0,0.0
2024-09-24 10:10:00-04:00,40.8400993347168,40.84130096435547,40.784400939941406,40.810001373291016,9345,0.0,0.0,0.0
2024-09-24 10:15:00-04:00,40.81999969482422,40.83000183105469,40.779998779296875,40.779998779296875,10967,0.0,0.0,0.0
2024-09-24 10:20:00-04:00,40.790000915527344,40.810001373291016,40.72999954223633,40.76499938964844,9297,0.0,0.0,0.0
2024-09-24 10:25:00-04:00,40.779998779296875,40.790000915527344,40.70000076293945,40.71009826660156,6791,0.0,0.0,0.0
2024-09-24 10:30:00-04:00,40.709999084472656,40.720001220703125,40.63999938964844,40.63999938964844,3968,0.0,0.0,0.0
2024-09-24 10:35:00-04:00,40.63999938964844,40.64500045776367,40.540000915527344,40.54999923706055,8862,0.0,0.0,0.0
2024-09-24 10:40:00-04:00,40.54999923706055,40.595001220703125,40.529998779296875,40.59000015258789,7067,0.0,0.0,0.0
2024-09-24 10:45:00-04:00,40.599998474121094,40.619998931884766,40.59000015258789,40.60179901123047,4205,0.0,0.0,0.0
2024-09-24 10:50:00-04:00,40.619998931884766,40.665000915527344,40.61249923706055,40.65999984741211,7910,0.0,0.0,0.0
2024-09-24 10:55:00-04:00,40.65999984741211,40.689998626708984,40.65999984741211,40.67499923706055,9787,0.0,0.0,0.0
2024-09-24 11:00:00-04:00,40.67789840698242,40.68000030517578,40.650001525878906,40.6525993347168,6214,0.0,0.0,0.0
2024-09-24 11:05:00-04:00,40.654998779296875,40.69499969482422,40.654998779296875,40.689998626708984,3953,0.0,0.0,0.0
2024-09-24 11:10:00-04:00,40.709999084472656,40.74620056152344,40.709999084472656,40.720001220703125,5672,0.0,0.0,0.0
2024-09-24 11:15:00-04:00,40.71329879760742,40.77000045776367,40.71329879760742,40.7599983215332,10290,0.0,0.0,0.0
2024-09-24 11:20:00-04:00,40.75,40.7599983215332,40.70000076293945,40.720001220703125,5610,0.0,0.0,0.0
2024-09-24 11:25:00-04:00,40.724998474121094,40.7400016784668,40.71500015258789,40.72119903564453,2414,0.0,0.0,0.0
2024-09-24 11:30:00-04:00,40.72999954223633,40.744998931884766,40.720001220703125,40.72999954223633,3247,0.0,0.0,0.0
2024-09-24 11:35:00-04:00,40.709999084472656,40.720001220703125,40.66999816894531,40.68000030517578,3387,0.0,0.0,0.0
2024-09-24 11:40:00-04:00,40.68000030517578,40.69499969482422,40.650001525878906,40.650001525878906,3146,0.0,0.0,0.0
2024-09-24 11:45:00-04:00,40.63999938964844,40.64500045776367,40.60499954223633,40.6150016784668,5187,0.0,0.0,0.0
2024-09-24 11:50:00-04:00,40.599998474121094,40.689998626708984,40.599998474121094,40.68000030517578,2432,0.0,0.0,0.0
2024-09-24 11:55:00-04:00,40.67499923706055,40.67499923706055,40.619998931884766,40.625,4467,0.0,0.0,0.0
2024-09-24 12:00:00-04:00,40.63999938964844,40.65999984741211,40.62990188598633,40.62990188598633,12793,0.0,0.0,0.0
2024-09-24 12:05:00-04:00,40.630001068115234,40.654998779296875,40.630001068115234,40.654998779296875,1881,0.0,0.0,0.0
2024-09-24 12:10:00-04:00,40.64500045776367,40.66999816894531,40.63999938964844,40.65999984741211,2217,0.0,0.0,0.0
2024-09-24 12:15:00-04:00,40.665000915527344,40.665000915527344,40.650001525878906,40.65019989013672,1273,0.0,0.0,0.0
2024-09-24 12:20:00-04:00,40.654998779296875,40.685001373291016,40.654998779296875,40.67639923095703,2429,0.0,0.0,0.0
2024-09-24 12:25:00-04:00,40.685001373291016,40.685001373291016,40.63999938964844,40.654998779296875,8804,0.0,0.0,0.0
2024-09-24 12:30:00-04:00,40.654998779296875,40.685001373291016,40.654998779296875,40.68170166015625,3728,0.0,0.0,0.0
2024-09-24 12:35:00-04:00,40.68000030517578,40.689998626708984,40.66999816894531,40.689998626708984,1786,0.0,0.0,0.0
2024-09-24 12:40:00-04:00,40.689998626708984,40.720001220703125,40.689998626708984,40.71500015258789,5027,0.0,0.0,0.0
2024-09-24 12:45:00-04:00,40.72169876098633,40.72169876098633,40.689998626708984,40.709999084472656,4495,0.0,0.0,0.0
2024-09-24 12:50:00-04:00,40.70280075073242,40.76499938964844,40.70280075073242,40.75,5941,0.0,0.0,0.0
2024-09-24 12:55:00-04:00,40.72999954223633,40.736698150634766,40.71500015258789,40.72999954223633,1815,0.0,0.0,0.0
2024-09-24 13:00:00-04:00,40.720001220703125,40.7400016784668,40.709999084472656,40.7400016784668,0,0.0,0.0,0.0
2024-09-24 13:05:00-04:00,40.720001220703125,40.73099899291992,40.71289825439453,40.724998474121094,366267,0.0,0.0,0.0
2024-09-24 13:10:00-04:00,40.72999954223633,40.73500061035156,40.720001220703125,40.73500061035156,1657,0.0,0.0,0.0
2024-09-24 13:15:00-04:00,40.7400016784668,40.75,40.72999954223633,40.73619842529297,2800,0.0,0.0,0.0
2024-09-24 13:20:00-04:00,40.7400016784668,40.744998931884766,40.724998474121094,40.724998474121094,2867,0.0,0.0,0.0
2024-09-24 13:25:00-04:00,40.707801818847656,40.709999084472656,40.685001373291016,40.69990158081055,4666,0.0,0.0,0.0
2024-09-24 13:30:00-04:00,40.69499969482422,40.709999084472656,40.68000030517578,40.709999084472656,3977,0.0,0.0,0.0
2024-09-24 13:35:00-04:00,40.70000076293945,40.707698822021484,40.689998626708984,40.69990158081055,7322,0.0,0.0,0.0
2024-09-24 13:40:00-04:00,40.70000076293945,40.70500183105469,40.689998626708984,40.70500183105469,1459,0.0,0.0,0.0
2024-09-24 13:45:00-04:00,40.70000076293945,40.70000076293945,40.68000030517578,40.68000030517578,4203,0.0,0.0,0.0
2024-09-24 13:50:00-04:00,40.68000030517578,40.69499969482422,40.66999816894531,40.69499969482422,0,0.0,0.0,0.0
2024-09-24 13:55:00-04:00,40.68000030517578,40.69499969482422,40.66999816894531,40.66999816894531,411987,0.0,0.0,0.0
2024-09-24 14:00:00-04:00,40.66999816894531,40.6702995300293,40.65999984741211,40.66999816894531,2309,0.0,0.0,0.0
2024-09-24 14:05:00-04:00,40.66999816894531,40.68000030517578,40.65999984741211,40.66999816894531,1894,0.0,0.0,0.0
2024-09-24 14:10:00-04:00,40.65999984741211,40.66389846801758,40.650001525878906,40.653099060058594,3160,0.0,0.0,0.0
2024-09-24 14:15:00-04:00,40.64500045776367,40.665000915527344,40.634498596191406,40.665000915527344,5459,0.0,0.0,0.0
2024-09-24 14:20:00-04:00,40.654998779296875,40.66999816894531,40.64870071411133,40.66999816894531,8685,0.0,0.0,0.0
2024-09-24 14:25:00-04:00,40.66999816894531,40.68000030517578,40.660099029541016,40.67499923706055,3541,0.0,0.0,0.0
2024-09-24 14:30:00-04:00,40.665000915527344,40.66999816894531,40.61000061035156,40.66999816894531,4327,0.0,0.0,0.0
2024-09-24 14:35:00-04:00,40.66999816894531,40.70349884033203,40.66999816894531,40.689998626708984,7966,0.0,0.0,0.0
2024-09-24 14:40:00-04:00,40.70000076293945,40.71500015258789,40.69499969482422,40.71500015258789,2032,0.0,0.0,0.0
2024-09-24 14:45:00-04:00,40.702301025390625,40.702301025390625,40.680999755859375,40.685001373291016,2200,0.0,0.0,0.0
2024-09-24 14:50:00-04:00,40.68000030517578,40.7150993347168,40.68000030517578,40.70000076293945,4066,0.0,0.0,0.0
2024-09-24 14:55:00-04:00,40.69499969482422,40.69499969482422,40.68000030517578,40.685001373291016,13490,0.0,0.0,0.0
2024-09-24 15:00:00-04:00,40.68000030517578,40.70000076293945,40.68000030517578,40.69499969482422,3159,0.0,0.0,0.0
2024-09-24 15:05:00-04:00,40.689998626708984,40.689998626708984,40.66999816894531,40.67499923706055,5309,0.0,0.0,0.0
2024-09-24 15:10:00-04:00,40.685001373291016,40.685001373291016,40.66460037231445,40.68000030517578,6945,0.0,0.0,0.0
2024-09-24 15:15:00-04:00,40.67380142211914,40.680999755859375,40.663299560546875,40.66999816894531,3325,0.0,0.0,0.0
2024-09-24 15:20:00-04:00,40.68000030517578,40.70000076293945,40.67250061035156,40.68000030517578,7118,0.0,0.0,0.0
2024-09-24 15:25:00-04:00,40.68000030517578,40.70500183105469,40.68000030517578,40.70500183105469,2388,0.0,0.0,0.0
2024-09-24 15:30:00-04:00,40.70500183105469,40.709999084472656,40.68009948730469,40.689998626708984,8651,0.0,0.0,0.0
2024-09-24 15:35:00-04:00,40.68000030517578,40.68000030517578,40.64500045776367,40.64500045776367,7590,0.0,0.0,0.0
2024-09-24 15:40:00-04:00,40.64500045776367,40.709999084472656,40.64500045776367,40.69499969482422,11820,0.0,0.0,0.0
2024-09-24 15:45:00-04:00,40.69499969482422,40.709999084472656,40.689998626708984,40.70000076293945,21111,0.0,0.0,0.0
2024-09-24 15:50:00-04:00,40.70000076293945,40.71699905395508,40.68000030517578,40.70500183105469,9372,0.0,0.0,0.0
2024-09-24 15:55:00-04:00,40.70000076293945,40.71500015258789,40.689998626708984,40.70000076293945,15331,0.0,0.0,0.0
2024-09-25 09:30:00-04:00,40.79999923706055,40.869998931884766,40.709999084472656,40.7400016784668,75729,0.0,0.0,0.0
2024-09-25 09:35:00-04:00,40.72999954223633,40.77000045776367,40.70000076293945,40.72999954223633,23433,0.0,0.0,0.0
2024-09-25 09:40:00-04:00,40.75,40.7599983215332,40.70000076293945,40.75,19112,0.0,0.0,0.0
2024-09-25 09:45:00-04:00,40.7400016784668,40.75,40.696044921875,40.696044921875,18433,0.0,0.0,0.0
2024-09-25 09:50:00-04:00,40.71120071411133,40.7400016784668,40.65999984741211,40.70000076293945,14420,0.0,0.0,0.0
2024-09-25 09:55:00-04:00,40.70500183105469,40.78670120239258,40.69380187988281,40.77000045776367,18259,0.0,0.0,0.0
2024-09-25 10:00:00-04:00,40.7599983215332,40.845001220703125,40.7599983215332,40.83209991455078,19295,0.0,0.0,0.0
2024-09-25 10:05:00-04:00,40.834999084472656,40.8650016784668,40.79999923706055,40.834999084472656,18179,0.0,0.0,0.0
2024-09-25 10:10:00-04:00,40.84000015258789,40.84000015258789,40.72990036010742,40.744998931884766,14402,0.0,0.0,0.0
2024-09-25 10:15:00-04:00,40.75,40.775001525878906,40.724998474121094,40.724998474121094,13401,0.0,0.0,0.0
2024-09-25 10:20:00-04:00,40.72990036010742,40.72990036010742,40.68000030517578,40.709800720214844,17197,0.0,0.0,0.0
2024-09-25 10:25:00-04:00,40.709999084472656,40.709999084472656,40.665000915527344,40.68000030517578,14279,0.0,0.0,0.0
2024-09-25 10:30:00-04:00,40.66999816894531,40.69499969482422,40.654998779296875,40.689998626708984,15090,0.0,0.0,0.0
2024-09-25 10:35:00-04:00,40.685001373291016,40.76499938964844,40.68000030517578,40.744998931884766,24056,0.0,0.0,0.0
2024-09-25 10:40:00-04:00,40.75,40.76499938964844,40.73500061035156,40.7400016784668,15173,0.0,0.0,0.0
2024-09-25 10:45:00-04:00,40.744998931884766,40.77000045776367,40.72999954223633,40.7400016784668,15029,0.0,0.0,0.0
2024-09-25 10:50:00-04:00,40.72999954223633,40.755001068115234,40.72999954223633,40.73500061035156,13685,0.0,0.0,0.0
2024-09-25 10:55:00-04:00,40.7400016784668,40.75,40.724998474121094,40.7400016784668,13837,0.0,0.0,0.0
2024-09-25 11:00:00-04:00,40.75,40.755001068115234,40.70500183105469,40.709999084472656,10927,0.0,0.0,0.0
2024-09-25 11:05:00-04:00,40.71900177001953,40.72999954223633,40.69150161743164,40.720001220703125,13123,0.0,0.0,0.0
2024-09-25 11:10:00-04:00,40.71500015258789,40.720001220703125,40.67100143432617,40.67499923706055,15105,0.0,0.0,0.0
2024-09-25 11:15:00-04:00,40.67499923706055,40.689998626708984,40.6599006652832,40.67499923706055,17691,0.0,0.0,0.0
2024-09-25 11:20:00-04:00,40.68000030517578,40.70000076293945,40.66999816894531,40.68000030517578,11644,0.0,0.0,0.0
2024-09-25 11:25:00-04:00,40.66999816894531,40.68000030517578,40.650001525878906,40.654998779296875,11264,0.0,0.0,0.0
2024-09-25 11:30:00-04:00,40.65999984741211,40.67499923706055,40.65010070800781,40.65999984741211,16982,0.0,0.0,0.0
2024-09-25 11:35:00-04:00,40.654998779296875,40.69499969482422,40.654998779296875,40.69499969482422,17822,0.0,0.0,0.0
2024-09-25 11:40:00-04:00,40.70000076293945,40.70000076293945,40.65999984741211,40.65999984741211,14414,0.0,0.0,0.0
2024-09-25 11:45:00-04:00,40.66999816894531,40.70000076293945,40.66999816894531,40.689998626708984,22396,0.0,0.0,0.0
2024-09-25 11:50:00-04:00,40.689998626708984,40.689998626708984,40.650001525878906,40.68000030517578,12486,0.0,0.0,0.0
2024-09-25 11:55:00-04:00,40.689998626708984,40.689998626708984,40.66999816894531,40.689998626708984,13057,0.0,0.0,0.0
2024-09-25 12:00:00-04:00,40.689998626708984,40.70000076293945,40.685001373291016,40.689998626708984,16613,0.0,0.0,0.0
2024-09-25 12:05:00-04:00,40.689998626708984,40.689998626708984,40.665000915527344,40.689998626708984,13353,0.0,0.0,0.0
2024-09-25 12:10:00-04:00,40.689998626708984,40.70000076293945,40.685001373291016,40.685001373291016,17445,0.0,0.0,0.0
2024-09-25 12:15:00-04:00,40.685001373291016,40.685001373291016,40.654998779296875,40.654998779296875,16281,0.0,0.0,0.0
2024-09-25 12:20:00-04:00,40.659000396728516,40.66999816894531,40.630001068115234,40.63999938964844,13298,0.0,0.0,0.0
2024-09-25 12:25:00-04:00,40.63750076293945,40.650001525878906,40.630001068115234,40.64500045776367,15504,0.0,0.0,0.0
2024-09-25 12:30:00-04:00,40.63999938964844,40.63999938964844,40.608299255371094,40.625,18896,0.0,0.0,0.0
2024-09-25 12:35:00-04:00,40.625,40.630001068115234,40.61009979248047,40.630001068115234,9396,0.0,0.0,0.0
2024-09-25 12:40:00-04:00,40.630001068115234,40.6349983215332,40.6161994934082,40.630001068115234,24190,0.0,0.0,0.0
2024-09-25 12:45:00-04:00,40.630001068115234,40.630001068115234,40.599998474121094,40.599998474121094,14831,0.0,0.0,0.0
2024-09-25 12:50:00-04:00,40.60499954223633,40.65999984741211,40.60499954223633,40.65999984741211,15262,0.0,0.0,0.0
2024-09-25 12:55:00-04:00,40.654998779296875,40.65999984741211,40.61000061035156,40.61629867553711,15788,0.0,0.0,0.0
2024-09-25 13:00:00-04:00,40.6150016784668,40.616798400878906,40.560001373291016,40.61000061035156,17472,0.0,0.0,0.0
2024-09-25 13:05:00-04:00,40.599998474121094,40.630001068115234,40.59000015258789,40.59000015258789,19088,0.0,0.0,0.0
2024-09-25 13:10:00-04:00,40.599998474121094,40.607200622558594,40.59000015258789,40.595001220703125,9544,0.0,0.0,0.0
2024-09-25 13:15:00-04:00,40.599998474121094,40.625,40.59980010986328,40.60210037231445,19033,0.0,0.0,0.0
2024-09-25 13:20:00-04:00,40.60499954223633,40.60499954223633,40.58000183105469,40.58000183105469,9991,0.0,0.0,0.0
2024-09-25 13:25:00-04:00,40.58000183105469,40.59000015258789,40.54999923706055,40.55500030517578,13313,0.0,0.0,0.0
2024-09-25 13:30:00-04:00,40.54999923706055,40.55500030517578,40.52000045776367,40.525001525878906,14062,0.0,0.0,0.0
2024-09-25 13:35:00-04:00,40.525001525878906,40.55500030517578,40.4900016784668,40.53499984741211,23580,0.0,0.0,0.0
2024-09-25 13:40:00-04:00,40.53499984741211,40.540000915527344,40.50210189819336,40.525001525878906,14470,0.0,0.0,0.0
2024-09-25 13:45:00-04:00,40.525001525878906,40.5265007019043,40.48500061035156,40.494998931884766,15442,0.0,0.0,0.0
2024-09-25 13:50:00-04:00,40.494998931884766,40.54999923706055,40.494998931884766,40.54999923706055,20189,0.0,0.0,0.0
2024-09-25 13:55:00-04:00,40.54999923706055,40.564998626708984,40.54010009765625,40.560001373291016,20755,0.0,0.0,0.0
2024-09-25 14:00:00-04:00,40.560001373291016,40.560001373291016,40.529998779296875,40.54999923706055,7118,0.0,0.0,0.0
2024-09-25 14:05:00-04:00,40.54499816894531,40.54499816894531,40.494998931884766,40.5,13539,0.0,0.0,0.0
2024-09-25 14:10:00-04:00,40.5,40.52000045776367,40.4900016784668,40.4900016784668,16922,0.0,0.0,0.0
2024-09-25 14:15:00-04:00,40.48500061035156,40.505001068115234,40.470001220703125,40.48500061035156,19884,0.0,0.0,0.0
2024-09-25 14:20:00-04:00,40.48500061035156,40.494998931884766,40.47019958496094,40.47999954223633,11004,0.0,0.0,0.0
2024-09-25 14:25:00-04:00,40.47999954223633,40.52000045776367,40.47999954223633,40.52000045776367,21143,0.0,0.0,0.0
2024-09-25 14:30:00-04:00,40.529998779296875,40.548301696777344,40.52009963989258,40.540000915527344,16341,0.0,0.0,0.0
2024-09-25 14:35:00-04:00,40.54999923706055,40.589599609375,40.54999923706055,40.56999969482422,16456,0.0,0.0,0.0
2024-09-25 14:40:00-04:00,40.56999969482422,40.58000183105469,40.54999923706055,40.560001373291016,15276,0.0,0.0,0.0
2024-09-25 14:45:00-04:00,40.564998626708984,40.564998626708984,40.540000915527344,40.54999923706055,11806,0.0,0.0,0.0
2024-09-25 14:50:00-04:00,40.54999923706055,40.54999923706055,40.53129959106445,40.54999923706055,14074,0.0,0.0,0.0
2024-09-25 14:55:00-04:00,40.54999923706055,40.54999923706055,40.5099983215332,40.52000045776367,12027,0.0,0.0,0.0
2024-09-25 15:00:00-04:00,40.51499938964844,40.54999923706055,40.505001068115234,40.540000915527344,35042,0.0,0.0,0.0
2024-09-25 15:05:00-04:00,40.540000915527344,40.54999923706055,40.529998779296875,40.53499984741211,19704,0.0,0.0,0.0
2024-09-25 15:10:00-04:00,40.54499816894531,40.54520034790039,40.525001525878906,40.529998779296875,13475,0.0,0.0,0.0
2024-09-25 15:15:00-04:00,40.529998779296875,40.529998779296875,40.4900016784668,40.4900016784668,15661,0.0,0.0,0.0
2024-09-25 15:20:00-04:00,40.4900016784668,40.5,40.48500061035156,40.48500061035156,17573,0.0,0.0,0.0
2024-09-25 15:25:00-04:00,40.48500061035156,40.51499938964844,40.48500061035156,40.51499938964844,26207,0.0,0.0,0.0
2024-09-25 15:30:00-04:00,40.51499938964844,40.51499938964844,40.45000076293945,40.45009994506836,23865,0.0,0.0,0.0
2024-09-25 15:35:00-04:00,40.45970153808594,40.45970153808594,40.39500045776367,40.404998779296875,24350,0.0,0.0,0.0
2024-09-25 15:40:00-04:00,40.404998779296875,40.44499969482422,40.39500045776367,40.435001373291016,14707,0.0,0.0,0.0
2024-09-25 15:45:00-04:00,40.435001373291016,40.474998474121094,40.435001373291016,40.46500015258789,14737,0.0,0.0,0.0
2024-09-25 15:50:00-04:00,40.470001220703125,40.474998474121094,40.44499969482422,40.46500015258789,20096,0.0,0.0,0.0
2024-09-25 15:55:00-04:00,40.46500015258789,40.46500015258789,40.439998626708984,40.459999084472656,29795,0.0,0.0,0.0
2024-09-26 09:30:00-04:00,40.93000030517578,41.04999923706055,40.93000030517578,41.040000915527344,111476,0.0,0.0,0.0
2024-09-26 09:35:00-04:00,41.04999923706055,41.18000030517578,41.02000045776367,41.08000183105469,21893,0.0,0.0,0.0
2024-09-26 09:40:00-04:00,41.06999969482422,41.08000183105469,40.9900016784668,41.06999969482422,16600,0.0,0.0,0.0
2024-09-26 09:45:00-04:00,41.08000183105469,41.13990020751953,41.06999969482422,41.119998931884766,18968,0.0,0.0,0.0
2024-09-26 09:50:00-04:00,41.089500427246094,41.09000015258789,41.02000045776367,41.029998779296875,9737,0.0,0.0,0.0
2024-09-26 09:55:00-04:00,41.04999923706055,41.04999923706055,40.97999954223633,41.02000045776367,4124,0.0,0.0,0.0
2024-09-26 10:00:00-04:00,41.04999923706055,41.2599983215332,40.92380142211914,40.95000076293945,62680,0.0,0.0,0.0
2024-09-26 10:05:00-04:00,40.939998626708984,40.939998626708984,40.8650016784668,40.8650016784668,10470,0.0,0.0,0.0
2024-09-26 10:10:00-04:00,40.869998931884766,40.939998626708984,40.869998931884766,40.939998626708984,9654,0.0,0.0,0.0
2024-09-26 10:15:00-04:00,40.91999816894531,40.94499969482422,40.919898986816406,40.935001373291016,3174,0.0,0.0,0.0
2024-09-26 10:20:00-04:00,40.939998626708984,40.939998626708984,40.849998474121094,40.869998931884766,8625,0.0,0.0,0.0
2024-09-26 10:25:00-04:00,40.86989974975586,40.88990020751953,40.845001220703125,40.875,20545,0.0,0.0,0.0
2024-09-26 10:30:00-04:00,40.875,40.959999084472656,40.8650016784668,40.959999084472656,8190,0.0,0.0,0.0
2024-09-26 10:35:00-04:00,40.970001220703125,41.0099983215332,40.95000076293945,41.0099983215332,5729,0.0,0.0,0.0
2024-09-26 10:40:00-04:00,40.994998931884766,40.994998931884766,40.95000076293945,40.95000076293945,12509,0.0,0.0,0.0
2024-09-26 10:45:00-04:00,40.970001220703125,41.0,40.959999084472656,40.985198974609375,5279,0.0,0.0,0.0
2024-09-26 10:50:00-04:00,41.0,41.0,40.935001373291016,40.935001373291016,2857,0.0,0.0,0.0
2024-09-26 10:55:00-04:00,40.88990020751953,40.88999938964844,40.84000015258789,40.8468017578125,3418,0.0,0.0,0.0
2024-09-26 11:00:00-04:00,40.845001220703125,40.900001525878906,40.845001220703125,40.875,3570,0.0,0.0,0.0
2024-09-26 11:05:00-04:00,40.900001525878906,40.900001525878906,40.84339904785156,40.89179992675781,5587,0.0,0.0,0.0
2024-09-26 11:10:00-04:00,40.88999938964844,40.904998779296875,40.869998931884766,40.904998779296875,5698,0.0,0.0,0.0
2024-09-26 11:15:00-04:00,40.9109992980957,40.970001220703125,40.90999984741211,40.96500015258789,3717,0.0,0.0,0.0
2024-09-26 11:20:00-04:00,40.95000076293945,40.95500183105469,40.93000030517578,40.95000076293945,2426,0.0,0.0,0.0
2024-09-26 11:25:00-04:00,40.939998626708984,40.95000076293945,40.869998931884766,40.885101318359375,11610,0.0,0.0,0.0
2024-09-26 11:30:00-04:00,40.88999938964844,40.939998626708984,40.88999938964844,40.91999816894531,4899,0.0,0.0,0.0
2024-09-26 11:35:00-04:00,40.900001525878906,40.940101623535156,40.890201568603516,40.939998626708984,2719,0.0,0.0,0.0
2024-09-26 11:40:00-04:00,40.95000076293945,40.974998474121094,40.94110107421875,40.974998474121094,2980,0.0,0.0,0.0
2024-09-26 11:45:00-04:00,41.0,41.0099983215332,40.970001220703125,40.970001220703125,2223,0.0,0.0,0.0
2024-09-26 11:50:00-04:00,40.97990036010742,40.994998931884766,40.970001220703125,40.994998931884766,5919,0.0,0.0,0.0
2024-09-26 11:55:00-04:00,41.0,41.04999923706055,41.0,41.029998779296875,5991,0.0,0.0,0.0
2024-09-26 12:00:00-04:00,41.029998779296875,41.03990173339844,40.95000076293945,40.95000076293945,7481,0.0,0.0,0.0
2024-09-26 12:05:00-04:00,40.95000076293945,40.97999954223633,40.95000076293945,40.970001220703125,1701,0.0,0.0,0.0
2024-09-26 12:10:00-04:00,40.959999084472656,40.97999954223633,40.91999816894531,40.91999816894531,3193,0.0,0.0,0.0
2024-09-26 12:15:00-04:00,40.939998626708984,40.959999084472656,40.93000030517578,40.959999084472656,3129,0.0,0.0,0.0
2024-09-26 12:20:00-04:00,40.959999084472656,40.959999084472656,40.91999816894531,40.93000030517578,3485,0.0,0.0,0.0
2024-09-26 12:25:00-04:00,40.91999816894531,40.95000076293945,40.899898529052734,40.899898529052734,7326,0.0,0.0,0.0
2024-09-26 12:30:00-04:00,40.869998931884766,40.880001068115234,40.86000061035156,40.86989974975586,2908,0.0,0.0,0.0
2024-09-26 12:35:00-04:00,40.869998931884766,40.90999984741211,40.869998931884766,40.904998779296875,2837,0.0,0.0,0.0
2024-09-26 12:40:00-04:00,40.900001525878906,40.900001525878906,40.880001068115234,40.88990020751953,2326,0.0,0.0,0.0
2024-09-26 12:45:00-04:00,40.88999938964844,40.897499084472656,40.875,40.875,2654,0.0,0.0,0.0
2024-09-26 12:50:00-04:00,40.878501892089844,40.88999938964844,40.849998474121094,40.86000061035156,9674,0.0,0.0,0.0
2024-09-26 12:55:00-04:00,40.85329818725586,40.8650016784668,40.84600067138672,40.86000061035156,3706,0.0,0.0,0.0
2024-09-26 13:00:00-04:00,40.86000061035156,40.93000030517578,40.849998474121094,40.93000030517578,14069,0.0,0.0,0.0
2024-09-26 13:05:00-04:00,40.93000030517578,40.93000030517578,40.900001525878906,40.900001525878906,3032,0.0,0.0,0.0
2024-09-26 13:10:00-04:00,40.904998779296875,40.90999984741211,40.880001068115234,40.89500045776367,4032,0.0,0.0,0.0
2024-09-26 13:15:00-04:00,40.880001068115234,40.880001068115234,40.79999923706055,40.810001373291016,3570,0.0,0.0,0.0
2024-09-26 13:20:00-04:00,40.81999969482422,40.86000061035156,40.81520080566406,40.845001220703125,7057,0.0,0.0,0.0
2024-09-26 13:25:00-04:00,40.849998474121094,40.900001525878906,40.842498779296875,40.900001525878906,11228,0.0,0.0,0.0
2024-09-26 13:30:00-04:00,40.915000915527344,40.93000030517578,40.900001525878906,40.907901763916016,3341,0.0,0.0,0.0
2024-09-26 13:35:00-04:00,40.90999984741211,40.935001373291016,40.90999984741211,40.93000030517578,3649,0.0,0.0,0.0
2024-09-26 13:40:00-04:00,40.92499923706055,40.939998626708984,40.915000915527344,40.939998626708984,1885,0.0,0.0,0.0
2024-09-26 13:45:00-04:00,40.95000076293945,40.97840118408203,40.95000076293945,40.970001220703125,1966,0.0,0.0,0.0
2024-09-26 13:50:00-04:00,40.970001220703125,40.97999954223633,40.95000076293945,40.974998474121094,2955,0.0,0.0,0.0
2024-09-26 13:55:00-04:00,40.97999954223633,41.0,40.97999954223633,41.0,4686,0.0,0.0,0.0
2024-09-26 14:00:00-04:00,40.997501373291016,41.02000045776367,40.97999954223633,40.9900016784668,6085,0.0,0.0,0.0
2024-09-26 14:05:00-04:00,40.9900016784668,40.997501373291016,40.959999084472656,40.959999084472656,5035,0.0,0.0,0.0
2024-09-26 14:10:00-04:00,40.959999084472656,41.0,40.95000076293945,41.0,9643,0.0,0.0,0.0
2024-09-26 14:15:00-04:00,41.0099983215332,41.025699615478516,40.994998931884766,40.99509811401367,4950,0.0,0.0,0.0
2024-09-26 14:20:00-04:00,40.994998931884766,40.99509811401367,40.959999084472656,40.97650146484375,3524,0.0,0.0,0.0
2024-09-26 14:25:00-04:00,40.970001220703125,40.97999954223633,40.959999084472656,40.970001220703125,2162,0.0,0.0,0.0
2024-09-26 14:30:00-04:00,40.959999084472656,40.97999954223633,40.94969940185547,40.959999084472656,21944,0.0,0.0,0.0
2024-09-26 14:35:00-04:00,40.95899963378906,40.97990036010742,40.95899963378906,40.97850036621094,2270,0.0,0.0,0.0
2024-09-26 14:40:00-04:00,40.970001220703125,40.970001220703125,40.94900131225586,40.94900131225586,5213,0.0,0.0,0.0
2024-09-26 14:45:00-04:00,40.947200775146484,40.95000076293945,40.935001373291016,40.95000076293945,3577,0.0,0.0,0.0
2024-09-26 14:50:00-04:00,40.95000076293945,40.974998474121094,40.95000076293945,40.970001220703125,3429,0.0,0.0,0.0
2024-09-26 14:55:00-04:00,40.970001220703125,40.970001220703125,40.939998626708984,40.939998626708984,4074,0.0,0.0,0.0
2024-09-26 15:00:00-04:00,40.939701080322266,40.96500015258789,40.93000030517578,40.95000076293945,4452,0.0,0.0,0.0
2024-09-26 15:05:00-04:00,40.95989990234375,40.95989990234375,40.93000030517578,40.939998626708984,9989,0.0,0.0,0.0
2024-09-26 15:10:00-04:00,40.93000030517578,40.959999084472656,40.93000030517578,40.95000076293945,5530,0.0,0.0,0.0
2024-09-26 15:15:00-04:00,40.95000076293945,40.95000076293945,40.90999984741211,40.90999984741211,7113,0.0,0.0,0.0
2024-09-26 15:20:00-04:00,40.90999984741211,40.91999816894531,40.875,40.88010025024414,21605,0.0,0.0,0.0
2024-09-26 15:25:00-04:00,40.8838005065918,40.8838005065918,40.81999969482422,40.83000183105469,10258,0.0,0.0,0.0
2024-09-26 15:30:00-04:00,40.84000015258789,40.84000015258789,40.775001525878906,40.79999923706055,7992,0.0,0.0,0.0
2024-09-26 15:35:00-04:00,40.79499816894531,40.818199157714844,40.764198303222656,40.810001373291016,11454,0.0,0.0,0.0
2024-09-26 15:40:00-04:00,40.82500076293945,40.82500076293945,40.79999923706055,40.81999969482422,6823,0.0,0.0,0.0
2024-09-26 15:45:00-04:00,40.819000244140625,40.83000183105469,40.810001373291016,40.82500076293945,9956,0.0,0.0,0.0
2024-09-26 15:50:00-04:00,40.83000183105469,40.859901428222656,40.810001373291016,40.85499954223633,7232,0.0,0.0,0.0
2024-09-26 15:55:00-04:00,40.849998474121094,40.880001068115234,40.84000015258789,40.84000015258789,15884,0.0,0.0,0.0
2024-09-27 09:30:00-04:00,41.08000183105469,41.20000076293945,41.029998779296875,41.119998931884766,41542,0.0,0.0,0.0
2024-09-27 09:35:00-04:00,41.15999984741211,41.23979949951172,41.13999938964844,41.13999938964844,17922,0.0,0.0,0.0
2024-09-27 09:40:00-04:00,41.150001525878906,41.165000915527344,41.040000915527344,41.060001373291016,15059,0.0,0.0,0.0
2024-09-27 09:45:00-04:00,41.04999923706055,41.04999923706055,40.95000076293945,40.976200103759766,20415,0.0,0.0,0.0
2024-09-27 09:50:00-04:00,40.970001220703125,41.04499816894531,40.959999084472656,41.02799987792969,9530,0.0,0.0,0.0
2024-09-27 09:55:00-04:00,41.02000045776367,41.04999923706055,40.9900016784668,41.04999923706055,9412,0.0,0.0,0.0
2024-09-27 10:00:00-04:00,41.09000015258789,41.17499923706055,40.939998626708984,41.11000061035156,53560,0.0,0.0,0.0
2024-09-27 10:05:00-04:00,41.09000015258789,41.189998626708984,41.09000015258789,41.165000915527344,12204,0.0,0.0,0.0
2024-09-27 10:10:00-04:00,41.13999938964844,41.220001220703125,41.13999938964844,41.220001220703125,8850,0.0,0.0,0.0
2024-09-27 10:15:00-04:00,41.220001220703125,41.2400016784668,41.20000076293945,41.2400016784668,23581,0.0,0.0,0.0
2024-09-27 10:20:00-04:00,41.23500061035156,41.29999923706055,41.220001220703125,41.290000915527344,45491,0.0,0.0,0.0
2024-09-27 10:25:00-04:00,41.29990005493164,41.33000183105469,41.29499816894531,41.29499816894531,7237,0.0,0.0,0.0
2024-09-27 10:30:00-04:00,41.29499816894531,41.334999084472656,41.28499984741211,41.28499984741211,28055,0.0,0.0,0.0
2024-09-27 10:35:00-04:00,41.290000915527344,41.36000061035156,41.279998779296875,41.31999969482422,4492,0.0,0.0,0.0
2024-09-27 10:40:00-04:00,41.33000183105469,41.339900970458984,41.29999923706055,41.33000183105469,9009,0.0,0.0,0.0
2024-09-27 10:45:00-04:00,41.33599853515625,41.380001068115234,41.33599853515625,41.349998474121094,10016,0.0,0.0,0.0
2024-09-27 10:50:00-04:00,41.36000061035156,41.382598876953125,41.349998474121094,41.380001068115234,8627,0.0,0.0,0.0
2024-09-27 10:55:00-04:00,41.37630081176758,41.404998779296875,41.368900299072266,41.380001068115234,4990,0.0,0.0,0.0
2024-09-27 11:00:00-04:00,41.380001068115234,41.380001068115234,41.310001373291016,41.310001373291016,7984,0.0,0.0,0.0
2024-09-27 11:05:00-04:00,41.31999969482422,41.34000015258789,41.310001373291016,41.31769943237305,2971,0.0,0.0,0.0
2024-09-27 11:10:00-04:00,41.31999969482422,41.31999969482422,41.290000915527344,41.30500030517578,7831,0.0,0.0,0.0
2024-09-27 11:15:00-04:00,41.30500030517578,41.310001373291016,41.27000045776367,41.27000045776367,6620,0.0,0.0,0.0
2024-09-27 11:20:00-04:00,41.279998779296875,41.310001373291016,41.279998779296875,41.29999923706055,12619,0.0,0.0,0.0
2024-09-27 11:25:00-04:00,41.29999923706055,41.34000015258789,41.28499984741211,41.32040023803711,4181,0.0,0.0,0.0
2024-09-27 11:30:00-04:00,41.31999969482422,41.33000183105469,41.310001373291016,41.314998626708984,2779,0.0,0.0,0.0
2024-09-27 11:35:00-04:00,41.310001373291016,41.33000183105469,41.28499984741211,41.33000183105469,3468,0.0,0.0,0.0
2024-09-27 11:40:00-04:00,41.29999923706055,41.311500549316406,41.29999923706055,41.310001373291016,4456,0.0,0.0,0.0
2024-09-27 11:45:00-04:00,41.30500030517578,41.310001373291016,41.29079818725586,41.29999923706055,5342,0.0,0.0,0.0
2024-09-27 11:50:00-04:00,41.290000915527344,41.290000915527344,41.25,41.25,4794,0.0,0.0,0.0
2024-09-27 11:55:00-04:00,41.2599983215332,41.26499938964844,41.2400016784668,41.2400016784668,4973,0.0,0.0,0.0
2024-09-27 12:00:00-04:00,41.2400016784668,41.2400016784668,41.189998626708984,41.189998626708984,8241,0.0,0.0,0.0
2024-09-27 12:05:00-04:00,41.185001373291016,41.20000076293945,41.185001373291016,41.18830108642578,2714,0.0,0.0,0.0
2024-09-27 12:10:00-04:00,41.18000030517578,41.18980026245117,41.14500045776367,41.154998779296875,3923,0.0,0.0,0.0
2024-09-27 12:15:00-04:00,41.154998779296875,41.16999816894531,41.14630126953125,41.15999984741211,5379,0.0,0.0,0.0
2024-09-27 12:20:00-04:00,41.15999984741211,41.189998626708984,41.15999984741211,41.18989944458008,3624,0.0,0.0,0.0
2024-09-27 12:25:00-04:00,41.15999984741211,41.185001373291016,41.14500045776367,41.16999816894531,3310,0.0,0.0,0.0
2024-09-27 12:30:00-04:00,41.150001525878906,41.15603256225586,41.130001068115234,41.130001068115234,2470,0.0,0.0,0.0
2024-09-27 12:35:00-04:00,41.130001068115234,41.150001525878906,41.130001068115234,41.14500045776367,1362,0.0,0.0,0.0
2024-09-27 12:40:00-04:00,41.13999938964844,41.150001525878906,41.11470031738281,41.12710189819336,5559,0.0,0.0,0.0
2024-09-27 12:45:00-04:00,41.119998931884766,41.119998931884766,41.09000015258789,41.11000061035156,134085,0.0,0.0,0.0
2024-09-27 12:50:00-04:00,41.11000061035156,41.14820098876953,41.11000061035156,41.14820098876953,2069,0.0,0.0,0.0
2024-09-27 12:55:00-04:00,41.135101318359375,41.135101318359375,41.11000061035156,41.11000061035156,3293,0.0,0.0,0.0
2024-09-27 13:00:00-04:00,41.1150016784668,41.13999938964844,41.1150016784668,41.130001068115234,16766,0.0,0.0,0.0
2024-09-27 13:05:00-04:00,41.095001220703125,41.119998931884766,40.99509811401367,41.005001068115234,5499,0.0,0.0,0.0
2024-09-27 13:10:00-04:00,41.005001068115234,41.02280044555664,40.99449920654297,41.0099983215332,5496,0.0,0.0,0.0
2024-09-27 13:15:00-04:00,41.005001068115234,41.005001068115234,40.98500061035156,41.005001068115234,14753,0.0,0.0,0.0
2024-09-27 13:20:00-04:00,41.005001068115234,41.02000045776367,40.9900016784668,41.02000045776367,2684,0.0,0.0,0.0
2024-09-27 13:25:00-04:00,41.005001068115234,41.02000045776367,40.994998931884766,41.0,2136,0.0,0.0,0.0
2024-09-27 13:30:00-04:00,41.0099983215332,41.0099983215332,40.97999954223633,40.994998931884766,2952,0.0,0.0,0.0
2024-09-27 13:35:00-04:00,40.98569869995117,40.98569869995117,40.95009994506836,40.958099365234375,4144,0.0,0.0,0.0
2024-09-27 13:40:00-04:00,40.96500015258789,40.97999954223633,40.959999084472656,40.97999954223633,2448,0.0,0.0,0.0
2024-09-27 13:45:00-04:00,40.9723014831543,41.0,40.9723014831543,40.9900016784668,79383,0.0,0.0,0.0
2024-09-27 13:50:00-04:00,41.0,41.029998779296875,41.0,41.02000045776367,6638,0.0,0.0,0.0
2024-09-27 13:55:00-04:00,41.02000045776367,41.02000045776367,40.97999954223633,41.0,6749,0.0,0.0,0.0
2024-09-27 14:00:00-04:00,40.994998931884766,41.01499938964844,40.970001220703125,40.970001220703125,7900,0.0,0.0,0.0
2024-09-27 14:05:00-04:00,40.96500015258789,40.970001220703125,40.95000076293945,40.959999084472656,2876,0.0,0.0,0.0
2024-09-27 14:10:00-04:00,40.960201263427734,40.9900016784668,40.960201263427734,40.9900016784668,4215,0.0,0.0,0.0
2024-09-27 14:15:00-04:00,40.9900016784668,40.99599838256836,40.96500015258789,40.96500015258789,27820,0.0,0.0,0.0
2024-09-27 14:20:00-04:00,40.96500015258789,40.98500061035156,40.96500015258789,40.970001220703125,4329,0.0,0.0,0.0
2024-09-27 14:25:00-04:00,40.974300384521484,40.974300384521484,40.900001525878906,40.900001525878906,6428,0.0,0.0,0.0
2024-09-27 14:30:00-04:00,40.90999984741211,40.90999984741211,40.84000015258789,40.885101318359375,5151,0.0,0.0,0.0
2024-09-27 14:35:00-04:00,40.880001068115234,40.9099006652832,40.85499954223633,40.900001525878906,5314,0.0,0.0,0.0
2024-09-27 14:40:00-04:00,40.88999938964844,40.959999084472656,40.880001068115234,40.959999084472656,17137,0.0,0.0,0.0
2024-09-27 14:45:00-04:00,40.95000076293945,41.01499938964844,40.95000076293945,41.01499938964844,4934,0.0,0.0,0.0
2024-09-27 14:50:00-04:00,41.0099983215332,41.02000045776367,40.9900016784668,41.0099983215332,12833,0.0,0.0,0.0
2024-09-27 14:55:00-04:00,41.0099983215332,41.064998626708984,41.0099983215332,41.04999923706055,5724,0.0,0.0,0.0
2024-09-27 15:00:00-04:00,41.04999923706055,41.059898376464844,41.040000915527344,41.04999923706055,4714,0.0,0.0,0.0
2024-09-27 15:05:00-04:00,41.02000045776367,41.02000045776367,40.9900016784668,40.9900016784668,2789,0.0,0.0,0.0
2024-09-27 15:10:00-04:00,40.9900016784668,41.00899887084961,40.974998474121094,41.0,6727,0.0,0.0,0.0
2024-09-27 15:15:00-04:00,40.98500061035156,41.007301330566406,40.98500061035156,40.988197326660156,7848,0.0,0.0,0.0
2024-09-27 15:20:00-04:00,40.9900016784668,40.994998931884766,40.94499969482422,40.959999084472656,5014,0.0,0.0,0.0
2024-09-27 15:25:00-04:00,40.96500015258789,40.97999954223633,40.94499969482422,40.970001220703125,5616,0.0,0.0,0.0
2024-09-27 15:30:00-04:00,40.959999084472656,40.97050094604492,40.95000076293945,40.97050094604492,5483,0.0,0.0,0.0
2024-09-27 15:35:00-04:00,40.976600646972656,40.97990036010742,40.95000076293945,40.95000076293945,12919,0.0,0.0,0.0
2024-09-27 15:40:00-04:00,40.94499969482422,40.98500061035156,40.94499969482422,40.98500061035156,14097,0.0,0.0,0.0
2024-09-27 15:45:00-04:00,40.9900016784668,41.0161018371582,40.98849868774414,40.994998931884766,5462,0.0,0.0,0.0
2024-09-27 15:50:00-04:00,40.9900016784668,41.06999969482422,40.9900016784668,41.040000915527344,13153,0.0,0.0,0.0
2024-09-27 15:55:00-04:00,41.029998779296875,41.060001373291016,40.9900016784668,40.9900016784668,24488,0.0,0.0,0.0
2024-09-30 09:30:00-04:00,40.86000061035156,40.880001068115234,40.720001220703125,40.75,59442,0.0,0.0,0.0
2024-09-30 09:35:00-04:00,40.75,40.810001373291016,40.74359893798828,40.79999923706055,17953,0.0,0.0,0.0
2024-09-30 09:40:00-04:00,40.810001373291016,40.814998626708984,40.759700775146484,40.779998779296875,11738,0.0,0.0,0.0
2024-09-30 09:45:00-04:00,40.78499984741211,40.86000061035156,40.7599983215332,40.86000061035156,30794,0.0,0.0,0.0
2024-09-30 09:50:00-04:00,40.86000061035156,40.900001525878906,40.84000015258789,40.849998474121094,16364,0.0,0.0,0.0
2024-09-30 09:55:00-04:00,40.86000061035156,40.8650016784668,40.79999923706055,40.849998474121094,14497,0.0,0.0,0.0
2024-09-30 10:00:00-04:00,40.834999084472656,40.90999984741211,40.81999969482422,40.880001068115234,13128,0.0,0.0,0.0
2024-09-30 10:05:00-04:00,40.869998931884766,40.970001220703125,40.86000061035156,40.970001220703125,9221,0.0,0.0,0.0
2024-09-30 10:10:00-04:00,40.959999084472656,40.959999084472656,40.91999816894531,40.959999084472656,7145,0.0,0.0,0.0
2024-09-30 10:15:00-04:00,40.95000076293945,40.95500183105469,40.915000915527344,40.93000030517578,9356,0.0,0.0,0.0
2024-09-30 10:20:00-04:00,40.93000030517578,40.959999084472656,40.92477798461914,40.94499969482422,10938,0.0,0.0,0.0
2024-09-30 10:25:00-04:00,40.94499969482422,40.94499969482422,40.84830093383789,40.85499954223633,7890,0.0,0.0,0.0
2024-09-30 10:30:00-04:00,40.869998931884766,40.93000030517578,40.8650016784668,40.91999816894531,16659,0.0,0.0,0.0
2024-09-30 10:35:00-04:00,40.91899871826172,40.95000076293945,40.900001525878906,40.95000076293945,16422,0.0,0.0,0.0
2024-09-30 10:40:00-04:00,40.95000076293945,40.97999954223633,40.95000076293945,40.97999954223633,7167,0.0,0.0,0.0
2024-09-30 10:45:00-04:00,40.98419952392578,41.0,40.974998474121094,40.994998931884766,9125,0.0,0.0,0.0
2024-09-30 10:50:00-04:00,40.994998931884766,40.994998931884766,40.94850158691406,40.95500183105469,10407,0.0,0.0,0.0
2024-09-30 10:55:00-04:00,40.959999084472656,40.97999954223633,40.95000076293945,40.95500183105469,9607,0.0,0.0,0.0
2024-09-30 11:00:00-04:00,40.97159957885742,41.029998779296875,40.97159957885742,41.029998779296875,6368,0.0,0.0,0.0
2024-09-30 11:05:00-04:00,41.029998779296875,41.03499984741211,41.0,41.005001068115234,9537,0.0,0.0,0.0
2024-09-30 11:10:00-04:00,40.99829864501953,41.029998779296875,40.994998931884766,41.029998779296875,9414,0.0,0.0,0.0
2024-09-30 11:15:00-04:00,41.025001525878906,41.040000915527344,40.999900817871094,40.999900817871094,4828,0.0,0.0,0.0
2024-09-30 11:20:00-04:00,41.01499938964844,41.015899658203125,40.9900016784668,40.9900016784668,7386,0.0,0.0,0.0
2024-09-30 11:25:00-04:00,40.97999954223633,40.97999954223633,40.959999084472656,40.959999084472656,7346,0.0,0.0,0.0
2024-09-30 11:30:00-04:00,40.96500015258789,40.96500015258789,40.919498443603516,40.91999816894531,9391,0.0,0.0,0.0
2024-09-30 11:35:00-04:00,40.915000915527344,40.915000915527344,40.89649963378906,40.89970016479492,5976,0.0,0.0,0.0
2024-09-30 11:40:00-04:00,40.88999938964844,40.89500045776367,40.864898681640625,40.88999938964844,10871,0.0,0.0,0.0
2024-09-30 11:45:00-04:00,40.886199951171875,40.88999938964844,40.8650016784668,40.87900161743164,5272,0.0,0.0,0.0
2024-09-30 11:50:00-04:00,40.875,40.880001068115234,40.85499954223633,40.8661003112793,11439,0.0,0.0,0.0
2024-09-30 11:55:00-04:00,40.875,40.880001068115234,40.875,40.880001068115234,5126,0.0,0.0,0.0
2024-09-30 12:00:00-04:00,40.875,40.88999938964844,40.869998931884766,40.88999938964844,6206,0.0,0.0,0.0
2024-09-30 12:05:00-04:00,40.88999938964844,40.91999816894531,40.88999938964844,40.90999984741211,17874,0.0,0.0,0.0
2024-09-30 12:10:00-04:00,40.915000915527344,40.91999816894531,40.89500045776367,40.91999816894531,3857,0.0,0.0,0.0
2024-09-30 12:15:00-04:00,40.935001373291016,40.9379997253418,40.915000915527344,40.915000915527344,4720,0.0,0.0,0.0
2024-09-30 12:20:00-04:00,40.91210174560547,40.939998626708984,40.900001525878906,40.93009948730469,13519,0.0,0.0,0.0
2024-09-30 12:25:00-04:00,40.935001373291016,40.958499908447266,40.93009948730469,40.95500183105469,7766,0.0,0.0,0.0
2024-09-30 12:30:00-04:00,40.95000076293945,40.959999084472656,40.94499969482422,40.95000076293945,10257,0.0,0.0,0.0
2024-09-30 12:35:00-04:00,40.94499969482422,40.96500015258789,40.939998626708984,40.959999084472656,9307,0.0,0.0,0.0
2024-09-30 12:40:00-04:00,40.959999084472656,40.970001220703125,40.95000076293945,40.96500015258789,8611,0.0,0.0,0.0
2024-09-30 12:45:00-04:00,40.970001220703125,40.97999954223633,40.95500183105469,40.95500183105469,9964,0.0,0.0,0.0
2024-09-30 12:50:00-04:00,40.959999084472656,40.96500015258789,40.959999084472656,40.959999084472656,19345,0.0,0.0,0.0
2024-09-30 12:55:00-04:00,40.959999084472656,40.9900016784668,40.959999084472656,40.9900016784668,2090,0.0,0.0,0.0
2024-09-30 13:00:00-04:00,40.970001220703125,40.97999954223633,40.93000030517578,40.935001373291016,8136,0.0,0.0,0.0
2024-09-30 13:05:00-04:00,40.939998626708984,40.974998474121094,40.939998626708984,40.96989822387695,15149,0.0,0.0,0.0
2024-09-30 13:10:00-04:00,40.970001220703125,40.9900016784668,40.95500183105469,40.96500015258789,79440,0.0,0.0,0.0
2024-09-30 13:15:00-04:00,40.96009826660156,40.98500061035156,40.95000076293945,40.970001220703125,26362,0.0,0.0,0.0
2024-09-30 13:20:00-04:00,40.970001220703125,40.97999954223633,40.96500015258789,40.96500015258789,4193,0.0,0.0,0.0
2024-09-30 13:25:00-04:00,40.96989822387695,40.96989822387695,40.959999084472656,40.959999084472656,4280,0.0,0.0,0.0
2024-09-30 13:30:00-04:00,40.95500183105469,40.959999084472656,40.94350051879883,40.94499969482422,10073,0.0,0.0,0.0
2024-09-30 13:35:00-04:00,40.95000076293945,40.959999084472656,40.94499969482422,40.959999084472656,7722,0.0,0.0,0.0
2024-09-30 13:40:00-04:00,40.970001220703125,40.9900016784668,40.970001220703125,40.98500061035156,9597,0.0,0.0,0.0
2024-09-30 13:45:00-04:00,40.97999954223633,40.98500061035156,40.970001220703125,40.974998474121094,5543,0.0,0.0,0.0
2024-09-30 13:50:00-04:00,40.97999954223633,40.9900016784668,40.9734992980957,40.989898681640625,5727,0.0,0.0,0.0
2024-09-30 13:55:00-04:00,40.98500061035156,41.0,40.93000030517578,40.959999084472656,30476,0.0,0.0,0.0
2024-09-30 14:00:00-04:00,40.95000076293945,40.95500183105469,40.93000030517578,40.93000030517578,5307,0.0,0.0,0.0
2024-09-30 14:05:00-04:00,40.91999816894531,40.91999816894531,40.86000061035156,40.88999938964844,5386,0.0,0.0,0.0
2024-09-30 14:10:00-04:00,40.88999938964844,40.897098541259766,40.810001373291016,40.810001373291016,8890,0.0,0.0,0.0
2024-09-30 14:15:00-04:00,40.79999923706055,40.80500030517578,40.746482849121094,40.746482849121094,19676,0.0,0.0,0.0
2024-09-30 14:20:00-04:00,40.720001220703125,40.7400016784668,40.654998779296875,40.689998626708984,19153,0.0,0.0,0.0
2024-09-30 14:25:00-04:00,40.685001373291016,40.779998779296875,40.68000030517578,40.76620101928711,15184,0.0,0.0,0.0
2024-09-30 14:30:00-04:00,40.7599983215332,40.779998779296875,40.709999084472656,40.75,9438,0.0,0.0,0.0
2024-09-30 14:35:00-04:00,40.77000045776367,40.849998474121094,40.77000045776367,40.84000015258789,9586,0.0,0.0,0.0
2024-09-30 14:40:00-04:00,40.84000015258789,40.86000061035156,40.84000015258789,40.8583984375,10377,0.0,0.0,0.0
2024-09-30 14:45:00-04:00,40.86000061035156,40.880001068115234,40.86000061035156,40.869998931884766,9529,0.0,0.0,0.0
2024-09-30 14:50:00-04:00,40.880001068115234,40.8849983215332,40.845001220703125,40.87009811401367,7731,0.0,0.0,0.0
2024-09-30 14:55:00-04:00,40.869998931884766,40.875,40.849998474121094,40.849998474121094,11134,0.0,0.0,0.0
2024-09-30 15:00:00-04:00,40.810001373291016,40.83000183105469,40.779998779296875,40.83000183105469,10904,0.0,0.0,0.0
2024-09-30 15:05:00-04:00,40.84000015258789,40.86000061035156,40.84000015258789,40.849998474121094,12577,0.0,0.0,0.0
2024-09-30 15:10:00-04:00,40.86000061035156,40.86000061035156,40.81999969482422,40.834999084472656,9243,0.0,0.0,0.0
2024-09-30 15:15:00-04:00,40.83000183105469,40.89500045776367,40.82500076293945,40.89500045776367,15893,0.0,0.0,0.0
2024-09-30 15:20:00-04:00,40.880001068115234,40.900001525878906,40.875,40.88999938964844,14074,0.0,0.0,0.0
2024-09-30 15:25:00-04:00,40.89500045776367,40.90999984741211,40.88059997558594,40.90999984741211,8052,0.0,0.0,0.0
2024-09-30 15:30:00-04:00,40.90999984741211,40.93000030517578,40.88999938964844,40.890098571777344,23421,0.0,0.0,0.0
2024-09-30 15:35:00-04:00,40.88999938964844,40.95989990234375,40.88999938964844,40.95500183105469,22579,0.0,0.0,0.0
2024-09-30 15:40:00-04:00,40.95000076293945,41.005001068115234,40.95000076293945,41.005001068115234,21214,0.0,0.0,0.0
2024-09-30 15:45:00-04:00,41.0099983215332,41.04999923706055,41.005001068115234,41.029998779296875,34337,0.0,0.0,0.0
2024-09-30 15:50:00-04:00,41.029998779296875,41.125,41.029998779296875,41.09000015258789,23428,0.0,0.0,0.0
2024-09-30 15:55:00-04:00,41.095001220703125,41.16999816894531,41.095001220703125,41.150001525878906,34084,0.0,0.0,0.0
2024-10-01 09:30:00-04:00,41.13999938964844,41.16999816894531,40.869998931884766,40.869998931884766,39049,0.0,0.0,0.0
2024-10-01 09:35:00-04:00,40.86000061035156,40.91999816894531,40.79999923706055,40.91999816894531,7145,0.0,0.0,0.0
2024-10-01 09:40:00-04:00,40.880001068115234,40.93000030517578,40.83000183105469,40.88130187988281,25744,0.0,0.0,0.0
2024-10-01 09:45:00-04:00,40.83000183105469,40.83000183105469,40.7400016784668,40.77000045776367,27950,0.0,0.0,0.0
2024-10-01 09:50:00-04:00,40.77000045776367,40.849998474121094,40.72999954223633,40.83000183105469,13836,0.0,0.0,0.0
2024-10-01 09:55:00-04:00,40.83000183105469,40.869998931884766,40.790000915527344,40.869998931884766,6856,0.0,0.0,0.0
2024-10-01 10:00:00-04:00,40.86000061035156,40.97999954223633,40.75,40.8849983215332,77672,0.0,0.0,0.0
2024-10-01 10:05:00-04:00,40.849998474121094,40.849998474121094,40.650001525878906,40.650001525878906,12339,0.0,0.0,0.0
2024-10-01 10:10:00-04:00,40.650001525878906,40.68000030517578,40.58000183105469,40.625,69752,0.0,0.0,0.0
2024-10-01 10:15:00-04:00,40.61000061035156,40.619998931884766,40.56999969482422,40.56999969482422,5696,0.0,0.0,0.0
2024-10-01 10:20:00-04:00,40.58000183105469,40.880001068115234,40.58000183105469,40.810001373291016,24008,0.0,0.0,0.0
2024-10-01 10:25:00-04:00,40.79999923706055,40.79999923706055,40.654998779296875,40.709999084472656,6848,0.0,0.0,0.0
2024-10-01 10:30:00-04:00,40.709999084472656,40.709999084472656,40.61000061035156,40.68000030517578,6336,0.0,0.0,0.0
2024-10-01 10:35:00-04:00,40.650001525878906,40.73712921142578,40.630001068115234,40.70500183105469,11319,0.0,0.0,0.0
2024-10-01 10:40:00-04:00,40.709999084472656,40.77000045776367,40.70009994506836,40.7599983215332,2925,0.0,0.0,0.0
2024-10-01 10:45:00-04:00,40.77000045776367,40.79999923706055,40.709999084472656,40.709999084472656,9610,0.0,0.0,0.0
2024-10-01 10:50:00-04:00,40.720001220703125,40.75,40.68790054321289,40.689998626708984,309384,0.0,0.0,0.0
2024-10-01 10:55:00-04:00,40.67499923706055,40.7599983215332,40.67499923706055,40.75,8048,0.0,0.0,0.0
2024-10-01 11:00:00-04:00,40.7400016784668,40.77000045776367,40.72999954223633,40.72999954223633,2675,0.0,0.0,0.0
2024-10-01 11:05:00-04:00,40.70000076293945,40.70000076293945,40.60499954223633,40.60499954223633,8243,0.0,0.0,0.0
2024-10-01 11:10:00-04:00,40.61000061035156,40.6349983215332,40.570098876953125,40.6349983215332,4586,0.0,0.0,0.0
2024-10-01 11:15:00-04:00,40.630001068115234,40.70500183105469,40.61009979248047,40.70500183105469,4771,0.0,0.0,0.0
2024-10-01 11:20:00-04:00,40.720001220703125,40.779998779296875,40.70000076293945,40.779998779296875,3840,0.0,0.0,0.0
2024-10-01 11:25:00-04:00,40.76499938964844,40.875,40.76499938964844,40.875,5892,0.0,0.0,0.0
2024-10-01 11:30:00-04:00,40.86000061035156,40.932498931884766,40.86000061035156,40.91999816894531,6586,0.0,0.0,0.0
2024-10-01 11:35:00-04:00,40.91999816894531,40.96500015258789,40.90999984741211,40.959999084472656,12818,0.0,0.0,0.0
2024-10-01 11:40:00-04:00,40.970001220703125,41.019798278808594,40.959999084472656,40.970001220703125,9967,0.0,0.0,0.0
2024-10-01 11:45:00-04:00,40.970001220703125,40.97999954223633,40.91999816894531,40.939998626708984,5283,0.0,0.0,0.0
2024-10-01 11:50:00-04:00,40.939998626708984,40.97710037231445,40.933101654052734,40.970001220703125,6107,0.0,0.0,0.0
2024-10-01 11:55:00-04:00,40.989898681640625,40.989898681640625,40.93000030517578,40.93000030517578,4003,0.0,0.0,0.0
2024-10-01 12:00:00-04:00,40.90409851074219,40.959999084472656,40.88999938964844,40.959999084472656,4886,0.0,0.0,0.0
2024-10-01 12:05:00-04:00,40.959999084472656,40.97999954223633,40.959999084472656,40.959999084472656,6195,0.0,0.0,0.0
2024-10-01 12:10:00-04:00,40.970001220703125,41.00019836425781,40.939998626708984,40.939998626708984,12023,0.0,0.0,0.0
2024-10-01 12:15:00-04:00,40.959999084472656,40.970001220703125,40.94499969482422,40.95500183105469,3879,0.0,0.0,0.0
2024-10-01 12:20:00-04:00,40.959999084472656,40.970001220703125,40.93000030517578,40.935001373291016,4144,0.0,0.0,0.0
2024-10-01 12:25:00-04:00,40.93790054321289,40.97999954223633,40.93000030517578,40.97999954223633,2847,0.0,0.0,0.0
2024-10-01 12:30:00-04:00,40.970001220703125,40.97999954223633,40.83000183105469,40.97999954223633,15097,0.0,0.0,0.0
2024-10-01 12:35:00-04:00,40.97850036621094,41.0099983215332,40.970001220703125,40.970001220703125,5329,0.0,0.0,0.0
2024-10-01 12:40:00-04:00,40.970001220703125,40.98500061035156,40.90999984741211,40.920101165771484,6735,0.0,0.0,0.0
2024-10-01 12:45:00-04:00,40.904998779296875,40.904998779296875,40.849998474121094,40.88999938964844,10231,0.0,0.0,0.0
2024-10-01 12:50:00-04:00,40.900001525878906,41.040000915527344,40.900001525878906,41.022098541259766,4740,0.0,0.0,0.0
2024-10-01 12:55:00-04:00,41.005001068115234,41.040000915527344,40.970001220703125,41.040000915527344,6605,0.0,0.0,0.0
2024-10-01 13:00:00-04:00,40.994998931884766,41.0,40.939998626708984,40.939998626708984,8588,0.0,0.0,0.0
2024-10-01 13:05:00-04:00,40.90999984741211,40.93000030517578,40.89500045776367,40.92499923706055,7804,0.0,0.0,0.0
2024-10-01 13:10:00-04:00,40.92110061645508,40.939998626708984,40.900001525878906,40.9099006652832,9520,0.0,0.0,0.0
2024-10-01 13:15:00-04:00,40.880001068115234,40.880001068115234,40.85020065307617,40.85499954223633,5659,0.0,0.0,0.0
2024-10-01 13:20:00-04:00,40.86000061035156,40.89970016479492,40.849998474121094,40.849998474121094,2532,0.0,0.0,0.0
2024-10-01 13:25:00-04:00,40.84600067138672,40.86000061035156,40.83000183105469,40.849998474121094,4315,0.0,0.0,0.0
2024-10-01 13:30:00-04:00,40.845001220703125,40.939998626708984,40.84000015258789,40.93000030517578,7505,0.0,0.0,0.0
2024-10-01 13:35:00-04:00,40.91999816894531,40.91999816894531,40.869998931884766,40.891998291015625,7302,0.0,0.0,0.0
2024-10-01 13:40:00-04:00,40.88999938964844,40.95180130004883,40.880001068115234,40.95180130004883,14705,0.0,0.0,0.0
2024-10-01 13:45:00-04:00,40.959999084472656,40.97999954223633,40.95500183105469,40.96500015258789,18967,0.0,0.0,0.0
2024-10-01 13:50:00-04:00,40.96500015258789,40.97999954223633,40.96500015258789,40.970001220703125,2151,0.0,0.0,0.0
2024-10-01 13:55:00-04:00,40.9900016784668,41.060001373291016,40.9900016784668,41.05500030517578,2934,0.0,0.0,0.0
2024-10-01 14:00:00-04:00,41.06999969482422,41.11000061035156,41.064998626708984,41.11000061035156,15210,0.0,0.0,0.0
2024-10-01 14:05:00-04:00,41.11000061035156,41.125,41.099998474121094,41.125,4176,0.0,0.0,0.0
2024-10-01 14:10:00-04:00,41.119998931884766,41.13999938964844,41.10499954223633,41.13990020751953,3999,0.0,0.0,0.0
2024-10-01 14:15:00-04:00,41.13999938964844,41.170101165771484,41.13999938964844,41.150001525878906,3927,0.0,0.0,0.0
2024-10-01 14:20:00-04:00,41.15999984741211,41.179901123046875,41.15019989013672,41.165000915527344,20004,0.0,0.0,0.0
2024-10-01 14:25:00-04:00,41.16999816894531,41.18000030517578,41.15999984741211,41.18000030517578,2970,0.0,0.0,0.0
2024-10-01 14:30:00-04:00,41.18000030517578,41.20000076293945,41.176700592041016,41.18000030517578,3972,0.0,0.0,0.0
2024-10-01 14:35:00-04:00,41.18000030517578,41.18000030517578,41.119998931884766,41.130001068115234,4882,0.0,0.0,0.0
2024-10-01 14:40:00-04:00,41.13999938964844,41.14979934692383,41.11000061035156,41.138999938964844,3487,0.0,0.0,0.0
2024-10-01 14:45:00-04:00,41.130001068115234,41.14030075073242,41.11000061035156,41.119998931884766,1995,0.0,0.0,0.0
2024-10-01 14:50:00-04:00,41.130001068115234,41.1349983215332,41.08000183105469,41.084999084472656,3424,0.0,0.0,0.0
2024-10-01 14:55:00-04:00,41.099998474121094,41.125,41.095001220703125,41.11000061035156,8443,0.0,0.0,0.0
2024-10-01 15:00:00-04:00,41.08000183105469,41.08000183105469,41.06999969482422,41.0718994140625,3056,0.0,0.0,0.0
2024-10-01 15:05:00-04:00,41.06999969482422,41.09000015258789,41.04999923706055,41.06999969482422,2980,0.0,0.0,0.0
2024-10-01 15:10:00-04:00,41.08000183105469,41.08000183105469,41.04999923706055,41.06999969482422,4364,0.0,0.0,0.0
2024-10-01 15:15:00-04:00,41.06999969482422,41.08000183105469,41.0443000793457,41.06999969482422,8214,0.0,0.0,0.0
2024-10-01 15:20:00-04:00,41.08000183105469,41.11989974975586,41.08000183105469,41.099998474121094,7048,0.0,0.0,0.0
2024-10-01 15:25:00-04:00,41.10499954223633,41.1150016784668,41.080101013183594,41.080101013183594,8026,0.0,0.0,0.0
2024-10-01 15:30:00-04:00,41.06809997558594,41.06809997558594,41.0099983215332,41.0099983215332,6512,0.0,0.0,0.0
2024-10-01 15:35:00-04:00,41.0,41.02000045776367,40.959999084472656,41.02000045776367,6888,0.0,0.0,0.0
2024-10-01 15:40:00-04:00,41.029998779296875,41.040000915527344,40.98590087890625,40.994998931884766,8250,0.0,0.0,0.0
2024-10-01 15:45:00-04:00,40.97999954223633,41.01499938964844,40.97999954223633,40.98970031738281,7338,0.0,0.0,0.0
2024-10-01 15:50:00-04:00,40.9900016784668,40.9900016784668,40.944400787353516,40.944400787353516,10606,0.0,0.0,0.0
2024-10-01 15:55:00-04:00,40.959999084472656,40.98059844970703,40.95000076293945,40.959999084472656,12728,0.0,0.0,0.0
2024-10-02 09:30:00-04:00,40.86000061035156,40.900001525878906,40.720001220703125,40.790000915527344,24594,0.0,0.0,0.0
2024-10-02 09:35:00-04:00,40.79999923706055,40.900001525878906,40.779998779296875,40.779998779296875,5285,0.0,0.0,0.0
2024-10-02 09:40:00-04:00,40.77000045776367,40.77000045776367,40.70000076293945,40.7400016784668,10228,0.0,0.0,0.0
2024-10-02 09:45:00-04:00,40.75,40.97999954223633,40.689998626708984,40.970001220703125,19389,0.0,0.0,0.0
2024-10-02 09:50:00-04:00,40.95000076293945,40.9900016784668,40.93000030517578,40.939998626708984,7081,0.0,0.0,0.0
2024-10-02 09:55:00-04:00,40.93000030517578,40.959999084472656,40.88999938964844,40.88999938964844,7869,0.0,0.0,0.0
2024-10-02 10:00:00-04:00,40.880001068115234,41.04999923706055,40.880001068115234,41.02000045776367,8511,0.0,0.0,0.0
2024-10-02 10:05:00-04:00,41.02000045776367,41.040000915527344,41.005001068115234,41.02000045776367,3712,0.0,0.0,0.0
2024-10-02 10:10:00-04:00,41.02000045776367,41.099998474121094,41.02000045776367,41.099998474121094,5264,0.0,0.0,0.0
2024-10-02 10:15:00-04:00,41.08000183105469,41.0900993347168,41.04999923706055,41.09000015258789,5484,0.0,0.0,0.0
2024-10-02 10:20:00-04:00,41.099998474121094,41.119998931884766,40.91999816894531,40.95000076293945,8777,0.0,0.0,0.0
2024-10-02 10:25:00-04:00,40.939998626708984,41.02000045776367,40.939998626708984,41.0,5054,0.0,0.0,0.0
2024-10-02 10:30:00-04:00,40.97999954223633,41.04999923706055,40.959999084472656,41.029998779296875,15863,0.0,0.0,0.0
2024-10-02 10:35:00-04:00,41.02000045776367,41.029998779296875,40.939998626708984,40.9900016784668,13497,0.0,0.0,0.0
2024-10-02 10:40:00-04:00,40.97999954223633,41.040000915527344,40.97999954223633,41.040000915527344,4205,0.0,0.0,0.0
2024-10-02 10:45:00-04:00,41.040000915527344,41.09000015258789,41.029998779296875,41.09000015258789,3061,0.0,0.0,0.0
2024-10-02 10:50:00-04:00,41.09000015258789,41.095001220703125,41.01900100708008,41.01900100708008,8074,0.0,0.0,0.0
2024-10-02 10:55:00-04:00,41.02000045776367,41.040000915527344,40.970001220703125,40.970001220703125,3002,0.0,0.0,0.0
2024-10-02 11:00:00-04:00,40.939998626708984,41.0099983215332,40.939998626708984,41.0099983215332,5316,0.0,0.0,0.0
2024-10-02 11:05:00-04:00,41.02000045776367,41.029998779296875,40.97890090942383,40.97999954223633,4864,0.0,0.0,0.0
2024-10-02 11:10:00-04:00,40.9900016784668,41.0,40.96397018432617,40.9734992980957,8371,0.0,0.0,0.0
2024-10-02 11:15:00-04:00,40.97999954223633,41.040000915527344,40.97999954223633,41.029998779296875,3219,0.0,0.0,0.0
2024-10-02 11:20:00-04:00,41.029998779296875,41.029998779296875,40.97999954223633,41.0099983215332,6457,0.0,0.0,0.0
2024-10-02 11:25:00-04:00,41.0099983215332,41.03499984741211,41.0,41.03499984741211,3254,0.0,0.0,0.0
2024-10-02 11:30:00-04:00,41.04140090942383,41.06999969482422,41.040000915527344,41.060001373291016,4298,0.0,0.0,0.0
2024-10-02 11:35:00-04:00,41.060001373291016,41.08000183105469,41.05500030517578,41.08000183105469,3220,0.0,0.0,0.0
2024-10-02 11:40:00-04:00,41.084999084472656,41.11000061035156,41.08000183105469,41.11000061035156,4760,0.0,0.0,0.0
2024-10-02 11:45:00-04:00,41.1150016784668,41.1150016784668,41.07500076293945,41.09000015258789,6053,0.0,0.0,0.0
2024-10-02 11:50:00-04:00,41.09989929199219,41.09989929199219,41.060001373291016,41.07339859008789,12476,0.0,0.0,0.0
2024-10-02 11:55:00-04:00,41.084999084472656,41.08649826049805,41.06999969482422,41.08000183105469,2312,0.0,0.0,0.0
2024-10-02 12:00:00-04:00,41.060001373291016,41.06999969482422,41.05500030517578,41.06999969482422,3991,0.0,0.0,0.0
2024-10-02 12:05:00-04:00,41.07149887084961,41.084999084472656,41.06999969482422,41.06999969482422,1536,0.0,0.0,0.0
2024-10-02 12:10:00-04:00,41.09000015258789,41.095001220703125,41.05009841918945,41.05009841918945,2862,0.0,0.0,0.0
2024-10-02 12:15:00-04:00,41.040000915527344,41.04499816894531,41.0099983215332,41.01890182495117,3283,0.0,0.0,0.0
2024-10-02 12:20:00-04:00,41.0099983215332,41.04499816894531,41.0099983215332,41.040000915527344,3570,0.0,0.0,0.0
2024-10-02 12:25:00-04:00,41.040000915527344,41.04499816894531,41.03499984741211,41.040000915527344,1465,0.0,0.0,0.0
2024-10-02 12:30:00-04:00,41.040000915527344,41.040000915527344,41.005001068115234,41.0099983215332,2352,0.0,0.0,0.0
2024-10-02 12:35:00-04:00,40.994998931884766,41.0,40.97999954223633,40.99789810180664,3883,0.0,0.0,0.0
2024-10-02 12:40:00-04:00,41.0,41.0,40.98500061035156,40.98500061035156,4946,0.0,0.0,0.0
2024-10-02 12:45:00-04:00,40.959999084472656,40.9900016784668,40.959999084472656,40.974998474121094,3302,0.0,0.0,0.0
2024-10-02 12:50:00-04:00,40.970001220703125,40.9900016784668,40.970001220703125,40.97999954223633,2170,0.0,0.0,0.0
2024-10-02 12:55:00-04:00,40.970001220703125,40.97999954223633,40.95000076293945,40.95000076293945,2127,0.0,0.0,0.0
2024-10-02 13:00:00-04:00,40.939998626708984,40.95009994506836,40.935001373291016,40.935001373291016,2785,0.0,0.0,0.0
2024-10-02 13:05:00-04:00,40.939701080322266,40.939701080322266,40.915000915527344,40.93000030517578,4142,0.0,0.0,0.0
2024-10-02 13:10:00-04:00,40.93980026245117,40.93989944458008,40.90999984741211,40.91999816894531,40857,0.0,0.0,0.0
2024-10-02 13:15:00-04:00,40.90999984741211,40.93000030517578,40.904998779296875,40.91999816894531,3097,0.0,0.0,0.0
2024-10-02 13:20:00-04:00,40.90999984741211,40.93000030517578,40.90999984741211,40.92499923706055,5350,0.0,0.0,0.0
2024-10-02 13:25:00-04:00,40.91999816894531,40.967498779296875,40.91999816894531,40.939998626708984,6886,0.0,0.0,0.0
2024-10-02 13:30:00-04:00,40.93000030517578,40.93000030517578,40.904998779296875,40.904998779296875,6363,0.0,0.0,0.0
2024-10-02 13:35:00-04:00,40.88999938964844,40.94559860229492,40.88999938964844,40.94559860229492,4441,0.0,0.0,0.0
2024-10-02 13:40:00-04:00,40.95000076293945,40.95000076293945,40.93000030517578,40.939998626708984,1595,0.0,0.0,0.0
2024-10-02 13:45:00-04:00,40.939998626708984,40.974998474121094,40.939998626708984,40.96500015258789,2170,0.0,0.0,0.0
2024-10-02 13:50:00-04:00,40.970001220703125,40.9900016784668,40.96500015258789,40.98500061035156,2810,0.0,0.0,0.0
2024-10-02 13:55:00-04:00,40.97999954223633,41.0099983215332,40.97999954223633,41.0099983215332,11728,0.0,0.0,0.0
2024-10-02 14:00:00-04:00,41.00790023803711,41.0099983215332,40.97999954223633,40.97999954223633,27978,0.0,0.0,0.0
2024-10-02 14:05:00-04:00,40.98749923706055,40.98749923706055,40.970001220703125,40.970001220703125,8518,0.0,0.0,0.0
2024-10-02 14:10:00-04:00,40.970001220703125,40.974998474121094,40.959999084472656,40.959999084472656,16410,0.0,0.0,0.0
2024-10-02 14:15:00-04:00,40.970001220703125,40.989898681640625,40.95500183105469,40.95500183105469,9248,0.0,0.0,0.0
2024-10-02 14:20:00-04:00,40.935001373291016,40.95500183105469,40.91999816894531,40.91999816894531,5173,0.0,0.0,0.0
2024-10-02 14:25:00-04:00,40.92499923706055,40.93000030517578,40.84000015258789,40.8849983215332,5522,0.0,0.0,0.0
2024-10-02 14:30:00-04:00,40.880001068115234,40.93000030517578,40.880001068115234,40.925201416015625,6895,0.0,0.0,0.0
2024-10-02 14:35:00-04:00,40.91999816894531,40.92570114135742,40.89500045776367,40.900001525878906,24667,0.0,0.0,0.0
2024-10-02 14:40:00-04:00,40.90999984741211,40.93000030517578,40.90999984741211,40.93000030517578,3341,0.0,0.0,0.0
2024-10-02 14:45:00-04:00,40.92499923706055,40.939998626708984,40.91999816894531,40.939998626708984,4371,0.0,0.0,0.0
2024-10-02 14:50:00-04:00,40.939998626708984,40.939998626708984,40.90999984741211,40.90999984741211,9096,0.0,0.0,0.0
2024-10-02 14:55:00-04:00,40.90999984741211,40.92499923706055,40.900001525878906,40.915000915527344,14335,0.0,0.0,0.0
2024-10-02 15:00:00-04:00,40.90620040893555,40.936500549316406,40.89500045776367,40.935001373291016,8254,0.0,0.0,0.0
2024-10-02 15:05:00-04:00,40.929901123046875,40.929901123046875,40.900001525878906,40.90999984741211,3609,0.0,0.0,0.0
2024-10-02 15:10:00-04:00,40.90999984741211,40.92499923706055,40.90480041503906,40.914798736572266,6924,0.0,0.0,0.0
2024-10-02 15:15:00-04:00,40.90999984741211,40.915000915527344,40.89500045776367,40.915000915527344,11772,0.0,0.0,0.0
2024-10-02 15:20:00-04:00,40.915000915527344,40.915000915527344,40.869998931884766,40.880001068115234,3569,0.0,0.0,0.0
2024-10-02 15:25:00-04:00,40.880001068115234,40.900001525878906,40.875,40.899898529052734,9652,0.0,0.0,0.0
2024-10-02 15:30:00-04:00,40.88999938964844,40.88999938964844,40.83000183105469,40.83000183105469,8840,0.0,0.0,0.0
2024-10-02 15:35:00-04:00,40.84000015258789,40.8849983215332,40.84000015258789,40.869998931884766,17950,0.0,0.0,0.0
2024-10-02 15:40:00-04:00,40.8650016784668,40.90999984741211,40.8650016784668,40.89500045776367,18112,0.0,0.0,0.0
2024-10-02 15:45:00-04:00,40.89500045776367,40.90999984741211,40.88999938964844,40.88999938964844,7434,0.0,0.0,0.0
2024-10-02 15:50:00-04:00,40.88999938964844,40.905399322509766,40.880001068115234,40.900001525878906,10818,0.0,0.0,0.0
2024-10-02 15:55:00-04:00,40.900001525878906,40.92499923706055,40.89500045776367,40.900001525878906,17546,0.0,0.0,0.0
2024-10-03 09:30:00-04:00,40.72999954223633,40.81999969482422,40.66999816894531,40.79999923706055,34464,0.0,0.0,0.0
2024-10-03 09:35:00-04:00,40.810001373291016,40.81999969482422,40.689998626708984,40.689998626708984,13677,0.0,0.0,0.0
2024-10-03 09:40:00-04:00,40.68000030517578,40.709999084472656,40.66999816894531,40.66999816894531,4277,0.0,0.0,0.0
2024-10-03 09:45:00-04:00,40.61000061035156,40.65999984741211,40.5,40.5,18017,0.0,0.0,0.0
2024-10-03 09:50:00-04:00,40.5099983215332,40.569698333740234,40.4900016784668,40.569698333740234,8864,0.0,0.0,0.0
2024-10-03 09:55:00-04:00,40.56999969482422,40.66999816894531,40.56999969482422,40.65999984741211,9980,0.0,0.0,0.0
2024-10-03 10:00:00-04:00,40.619998931884766,40.7599983215332,40.619998931884766,40.72999954223633,15473,0.0,0.0,0.0
2024-10-03 10:05:00-04:00,40.750099182128906,40.83000183105469,40.750099182128906,40.814998626708984,26710,0.0,0.0,0.0
2024-10-03 10:10:00-04:00,40.81999969482422,40.83000183105469,40.630001068115234,40.68000030517578,20115,0.0,0.0,0.0
2024-10-03 10:15:00-04:00,40.70500183105469,40.81999969482422,40.70500183105469,40.790000915527344,9049,0.0,0.0,0.0
2024-10-03 10:20:00-04:00,40.79499816894531,40.79499816894531,40.61000061035156,40.6599006652832,12066,0.0,0.0,0.0
2024-10-03 10:25:00-04:00,40.66999816894531,40.71500015258789,40.65999984741211,40.71500015258789,3404,0.0,0.0,0.0
2024-10-03 10:30:00-04:00,40.650001525878906,40.77000045776367,40.650001525878906,40.77000045776367,4450,0.0,0.0,0.0
2024-10-03 10:35:00-04:00,40.7400016784668,40.744998931884766,40.70000076293945,40.70000076293945,3629,0.0,0.0,0.0
2024-10-03 10:40:00-04:00,40.709999084472656,40.71500015258789,40.540000915527344,40.56999969482422,7696,0.0,0.0,0.0
2024-10-03 10:45:00-04:00,40.56999969482422,40.679901123046875,40.56999969482422,40.650001525878906,8980,0.0,0.0,0.0
2024-10-03 10:50:00-04:00,40.65999984741211,40.70000076293945,40.65999984741211,40.67499923706055,10297,0.0,0.0,0.0
2024-10-03 10:55:00-04:00,40.66999816894531,40.689998626708984,40.57500076293945,40.57500076293945,8011,0.0,0.0,0.0
2024-10-03 11:00:00-04:00,40.565101623535156,40.56999969482422,40.540000915527344,40.540000915527344,4564,0.0,0.0,0.0
2024-10-03 11:05:00-04:00,40.560001373291016,40.63010025024414,40.560001373291016,40.619998931884766,7507,0.0,0.0,0.0
2024-10-03 11:10:00-04:00,40.599998474121094,40.6150016784668,40.56999969482422,40.599998474121094,4073,0.0,0.0,0.0
2024-10-03 11:15:00-04:00,40.599998474121094,40.63999938964844,40.599998474121094,40.6150016784668,1624,0.0,0.0,0.0
2024-10-03 11:20:00-04:00,40.630001068115234,40.685001373291016,40.625,40.665000915527344,4366,0.0,0.0,0.0
2024-10-03 11:25:00-04:00,40.650001525878906,40.650001525878906,40.61000061035156,40.630001068115234,10060,0.0,0.0,0.0
2024-10-03 11:30:00-04:00,40.63999938964844,40.689998626708984,40.63999938964844,40.68000030517578,4020,0.0,0.0,0.0
2024-10-03 11:35:00-04:00,40.687198638916016,40.69499969482422,40.679901123046875,40.679901123046875,2907,0.0,0.0,0.0
2024-10-03 11:40:00-04:00,40.68000030517578,40.72800064086914,40.68000030517578,40.72010040283203,5389,0.0,0.0,0.0
2024-10-03 11:45:00-04:00,40.72999954223633,40.72999954223633,40.709999084472656,40.71500015258789,3679,0.0,0.0,0.0
2024-10-03 11:50:00-04:00,40.709999084472656,40.7599983215332,40.709999084472656,40.75,5732,0.0,0.0,0.0
2024-10-03 11:55:00-04:00,40.75,40.75,40.71649932861328,40.71649932861328,1882,0.0,0.0,0.0
2024-10-03 12:00:00-04:00,40.71500015258789,40.73500061035156,40.709999084472656,40.73500061035156,3683,0.0,0.0,0.0
2024-10-03 12:05:00-04:00,40.721099853515625,40.77000045776367,40.721099853515625,40.76029968261719,19108,0.0,0.0,0.0
2024-10-03 12:10:00-04:00,40.775001525878906,40.790000915527344,40.77000045776367,40.77989959716797,4482,0.0,0.0,0.0
2024-10-03 12:15:00-04:00,40.78010177612305,40.790000915527344,40.779998779296875,40.790000915527344,3295,0.0,0.0,0.0
2024-10-03 12:20:00-04:00,40.790000915527344,40.80659866333008,40.790000915527344,40.79999923706055,3044,0.0,0.0,0.0
2024-10-03 12:25:00-04:00,40.79999923706055,40.805999755859375,40.7599983215332,40.7599983215332,3564,0.0,0.0,0.0
2024-10-03 12:30:00-04:00,40.75,40.75,40.70000076293945,40.72639846801758,4638,0.0,0.0,0.0
2024-10-03 12:35:00-04:00,40.71989822387695,40.72999954223633,40.689998626708984,40.689998626708984,4662,0.0,0.0,0.0
2024-10-03 12:40:00-04:00,40.685001373291016,40.689998626708984,40.619998931884766,40.63999938964844,2886,0.0,0.0,0.0
2024-10-03 12:45:00-04:00,40.630001068115234,40.630001068115234,40.56999969482422,40.574100494384766,3993,0.0,0.0,0.0
2024-10-03 12:50:00-04:00,40.56999969482422,40.56999969482422,40.54999923706055,40.55500030517578,5367,0.0,0.0,0.0
2024-10-03 12:55:00-04:00,40.56999969482422,40.644901275634766,40.56999969482422,40.579898834228516,3140,0.0,0.0,0.0
2024-10-03 13:00:00-04:00,40.56999969482422,40.56999969482422,40.52000045776367,40.540000915527344,3820,0.0,0.0,0.0
2024-10-03 13:05:00-04:00,40.540000915527344,40.56999969482422,40.540000915527344,40.564998626708984,4057,0.0,0.0,0.0
2024-10-03 13:10:00-04:00,40.54999923706055,40.56959915161133,40.540000915527344,40.54499816894531,2986,0.0,0.0,0.0
2024-10-03 13:15:00-04:00,40.54999923706055,40.550201416015625,40.52349853515625,40.52349853515625,7087,0.0,0.0,0.0
2024-10-03 13:20:00-04:00,40.540000915527344,40.595001220703125,40.540000915527344,40.59000015258789,2669,0.0,0.0,0.0
2024-10-03 13:25:00-04:00,40.59000015258789,40.63999938964844,40.529998779296875,40.529998779296875,9392,0.0,0.0,0.0
2024-10-03 13:30:00-04:00,40.52000045776367,40.595001220703125,40.5099983215332,40.584598541259766,8362,0.0,0.0,0.0
2024-10-03 13:35:00-04:00,40.59629821777344,40.59629821777344,40.54499816894531,40.54499816894531,4153,0.0,0.0,0.0
2024-10-03 13:40:00-04:00,40.529998779296875,40.53499984741211,40.494998931884766,40.529998779296875,3632,0.0,0.0,0.0
2024-10-03 13:45:00-04:00,40.540000915527344,40.56760025024414,40.540000915527344,40.54999923706055,6367,0.0,0.0,0.0
2024-10-03 13:50:00-04:00,40.540000915527344,40.5625,40.540000915527344,40.55500030517578,2975,0.0,0.0,0.0
2024-10-03 13:55:00-04:00,40.5703010559082,40.5703010559082,40.54999923706055,40.560001373291016,3737,0.0,0.0,0.0
2024-10-03 14:00:00-04:00,40.560001373291016,40.560001373291016,40.540000915527344,40.54990005493164,5634,0.0,0.0,0.0
2024-10-03 14:05:00-04:00,40.540000915527344,40.584999084472656,40.540000915527344,40.57500076293945,7105,0.0,0.0,0.0
2024-10-03 14:10:00-04:00,40.56999969482422,40.600101470947266,40.564998626708984,40.600101470947266,3879,0.0,0.0,0.0
2024-10-03 14:15:00-04:00,40.61000061035156,40.6338005065918,40.61000061035156,40.6338005065918,2533,0.0,0.0,0.0
2024-10-03 14:20:00-04:00,40.63999938964844,40.63999938964844,40.584999084472656,40.630001068115234,8047,0.0,0.0,0.0
2024-10-03 14:25:00-04:00,40.63999938964844,40.650001525878906,40.625,40.63999938964844,4418,0.0,0.0,0.0
2024-10-03 14:30:00-04:00,40.6150016784668,40.63349914550781,40.6150016784668,40.63349914550781,7340,0.0,0.0,0.0
2024-10-03 14:35:00-04:00,40.63999938964844,40.64509963989258,40.630001068115234,40.64509963989258,1469,0.0,0.0,0.0
2024-10-03 14:40:00-04:00,40.649898529052734,40.65769958496094,40.63999938964844,40.63999938964844,4412,0.0,0.0,0.0
2024-10-03 14:45:00-04:00,40.630001068115234,40.630001068115234,40.595001220703125,40.595001220703125,5367,0.0,0.0,0.0
2024-10-03 14:50:00-04:00,40.61000061035156,40.625,40.61000061035156,40.613800048828125,5973,0.0,0.0,0.0
2024-10-03 14:55:00-04:00,40.62828826904297,40.62828826904297,40.595001220703125,40.598899841308594,3692,0.0,0.0,0.0
2024-10-03 15:00:00-04:00,40.59000015258789,40.59000015258789,40.56999969482422,40.59000015258789,11338,0.0,0.0,0.0
2024-10-03 15:05:00-04:00,40.584999084472656,40.59000015258789,40.565101623535156,40.57500076293945,5949,0.0,0.0,0.0
2024-10-03 15:10:00-04:00,40.560001373291016,40.59000015258789,40.560001373291016,40.580101013183594,2013,0.0,0.0,0.0
2024-10-03 15:15:00-04:00,40.59000015258789,40.599998474121094,40.584999084472656,40.599998474121094,5805,0.0,0.0,0.0
2024-10-03 15:20:00-04:00,40.599998474121094,40.630001068115234,40.599998474121094,40.630001068115234,7171,0.0,0.0,0.0
2024-10-03 15:25:00-04:00,40.625,40.63999938964844,40.61000061035156,40.619998931884766,6434,0.0,0.0,0.0
2024-10-03 15:30:00-04:00,40.619998931884766,40.6349983215332,40.61000061035156,40.630001068115234,3182,0.0,0.0,0.0
2024-10-03 15:35:00-04:00,40.61000061035156,40.619998931884766,40.599998474121094,40.61000061035156,6218,0.0,0.0,0.0
2024-10-03 15:40:00-04:00,40.595001220703125,40.595001220703125,40.56999969482422,40.56999969482422,5523,0.0,0.0,0.0
2024-10-03 15:45:00-04:00,40.57979965209961,40.64899826049805,40.57979965209961,40.64500045776367,6622,0.0,0.0,0.0
2024-10-03 15:50:00-04:00,40.63999938964844,40.65999984741211,40.619998931884766,40.65999984741211,12068,0.0,0.0,0.0
2024-10-03 15:55:00-04:00,40.65999984741211,40.70000076293945,40.64500045776367,40.68000030517578,26246,0.0,0.0,0.0
2024-10-04 09:30:00-04:00,41.189998626708984,41.2599983215332,41.02000045776367,41.04499816894531,31575,0.0,0.0,0.0
2024-10-04 09:35:00-04:00,41.099998474121094,41.150001525878906,40.959999084472656,41.02909851074219,12717,0.0,0.0,0.0
2024-10-04 09:40:00-04:00,41.04999923706055,41.150001525878906,41.02000045776367,41.099998474121094,9266,0.0,0.0,0.0
2024-10-04 09:45:00-04:00,41.09000015258789,41.099998474121094,41.04499816894531,41.060001373291016,16097,0.0,0.0,0.0
2024-10-04 09:50:00-04:00,41.04999923706055,41.09000015258789,41.02000045776367,41.02000045776367,11566,0.0,0.0,0.0
2024-10-04 09:55:00-04:00,41.04999923706055,41.060001373291016,40.94499969482422,41.02000045776367,7431,0.0,0.0,0.0
2024-10-04 10:00:00-04:00,41.02000045776367,41.03499984741211,40.959999084472656,41.03499984741211,4669,0.0,0.0,0.0
2024-10-04 10:05:00-04:00,41.04499816894531,41.150001525878906,40.91999816894531,40.95000076293945,25251,0.0,0.0,0.0
2024-10-04 10:10:00-04:00,40.92499923706055,41.03499984741211,40.90999984741211,41.03499984741211,11757,0.0,0.0,0.0
2024-10-04 10:15:00-04:00,41.03499984741211,41.17499923706055,41.03499984741211,41.1150016784668,11501,0.0,0.0,0.0
2024-10-04 10:20:00-04:00,41.10499954223633,41.1150016784668,40.939998626708984,40.94499969482422,15789,0.0,0.0,0.0
2024-10-04 10:25:00-04:00,40.96500015258789,40.98500061035156,40.845001220703125,40.8849983215332,13563,0.0,0.0,0.0
2024-10-04 10:30:00-04:00,40.869998931884766,41.0099983215332,40.78499984741211,40.86000061035156,52196,0.0,0.0,0.0
2024-10-04 10:35:00-04:00,40.86000061035156,40.875,40.685001373291016,40.70000076293945,19817,0.0,0.0,0.0
2024-10-04 10:40:00-04:00,40.70500183105469,40.79499816894531,40.69499969482422,40.79499816894531,11246,0.0,0.0,0.0
2024-10-04 10:45:00-04:00,40.79999923706055,40.79999923706055,40.744998931884766,40.779998779296875,17094,0.0,0.0,0.0
2024-10-04 10:50:00-04:00,40.779998779296875,40.84000015258789,40.779998779296875,40.81999969482422,28022,0.0,0.0,0.0
2024-10-04 10:55:00-04:00,40.83000183105469,40.880001068115234,40.83000183105469,40.875,4010,0.0,0.0,0.0
2024-10-04 11:00:00-04:00,40.880001068115234,40.88999938964844,40.87120056152344,40.88399887084961,3609,0.0,0.0,0.0
2024-10-04 11:05:00-04:00,40.90999984741211,40.90999984741211,40.869998931884766,40.875,7975,0.0,0.0,0.0
2024-10-04 11:10:00-04:00,40.870399475097656,40.88209915161133,40.814998626708984,40.814998626708984,7715,0.0,0.0,0.0
2024-10-04 11:15:00-04:00,40.779998779296875,40.81999969482422,40.77000045776367,40.790000915527344,7635,0.0,0.0,0.0
2024-10-04 11:20:00-04:00,40.75,40.75,40.650001525878906,40.67340087890625,7685,0.0,0.0,0.0
2024-10-04 11:25:00-04:00,40.68000030517578,40.709999084472656,40.66999816894531,40.709999084472656,6455,0.0,0.0,0.0
2024-10-04 11:30:00-04:00,40.709999084472656,40.72999954223633,40.685001373291016,40.72999954223633,9662,0.0,0.0,0.0
2024-10-04 11:35:00-04:00,40.75,40.779998779296875,40.744998931884766,40.779998779296875,2221,0.0,0.0,0.0
2024-10-04 11:40:00-04:00,40.810001373291016,40.8390998840332,40.79999923706055,40.810001373291016,3345,0.0,0.0,0.0
2024-10-04 11:45:00-04:00,40.81999969482422,40.83000183105469,40.810001373291016,40.82500076293945,2300,0.0,0.0,0.0
2024-10-04 11:50:00-04:00,40.82500076293945,40.900001525878906,40.815101623535156,40.900001525878906,26862,0.0,0.0,0.0
2024-10-04 11:55:00-04:00,40.904998779296875,40.93000030517578,40.90290069580078,40.91999816894531,3977,0.0,0.0,0.0
2024-10-04 12:00:00-04:00,40.93000030517578,40.939998626708984,40.90999984741211,40.90999984741211,22120,0.0,0.0,0.0
2024-10-04 12:05:00-04:00,40.91999816894531,40.91999816894531,40.85499954223633,40.85499954223633,3893,0.0,0.0,0.0
2024-10-04 12:10:00-04:00,40.850101470947266,40.875,40.850101470947266,40.875,2695,0.0,0.0,0.0
2024-10-04 12:15:00-04:00,40.880001068115234,40.9099006652832,40.875,40.89720153808594,13717,0.0,0.0,0.0
2024-10-04 12:20:00-04:00,40.8849983215332,40.88999938964844,40.814998626708984,40.814998626708984,8929,0.0,0.0,0.0
2024-10-04 12:25:00-04:00,40.810001373291016,40.810001373291016,40.782100677490234,40.78990173339844,26043,0.0,0.0,0.0
2024-10-04 12:30:00-04:00,40.75,40.810001373291016,40.75,40.79499816894531,3470,0.0,0.0,0.0
2024-10-04 12:35:00-04:00,40.809898376464844,40.91999816894531,40.809898376464844,40.9098014831543,5359,0.0,0.0,0.0
2024-10-04 12:40:00-04:00,40.90999984741211,40.90999984741211,40.88850021362305,40.904998779296875,4509,0.0,0.0,0.0
2024-10-04 12:45:00-04:00,40.890098571777344,40.90999984741211,40.890098571777344,40.9005012512207,6004,0.0,0.0,0.0
2024-10-04 12:50:00-04:00,40.90999984741211,40.915000915527344,40.88199996948242,40.89500045776367,7717,0.0,0.0,0.0
2024-10-04 12:55:00-04:00,40.89500045776367,40.904998779296875,40.88999938964844,40.904998779296875,3938,0.0,0.0,0.0
2024-10-04 13:00:00-04:00,40.88999938964844,40.900001525878906,40.875,40.8849983215332,5317,0.0,0.0,0.0
2024-10-04 13:05:00-04:00,40.880001068115234,40.90169906616211,40.880001068115234,40.880001068115234,6539,0.0,0.0,0.0
2024-10-04 13:10:00-04:00,40.875099182128906,40.904998779296875,40.875099182128906,40.900001525878906,2607,0.0,0.0,0.0
2024-10-04 13:15:00-04:00,40.904998779296875,40.917999267578125,40.900001525878906,40.90999984741211,5549,0.0,0.0,0.0
2024-10-04 13:20:00-04:00,40.917999267578125,40.917999267578125,40.880001068115234,40.880001068115234,4424,0.0,0.0,0.0
2024-10-04 13:25:00-04:00,40.875,40.875,40.84000015258789,40.84000015258789,4014,0.0,0.0,0.0
2024-10-04 13:30:00-04:00,40.834999084472656,40.86000061035156,40.81999969482422,40.8218994140625,6865,0.0,0.0,0.0
2024-10-04 13:35:00-04:00,40.82500076293945,40.82500076293945,40.720001220703125,40.79999923706055,11531,0.0,0.0,0.0
2024-10-04 13:40:00-04:00,40.79999923706055,40.86000061035156,40.79990005493164,40.86000061035156,3483,0.0,0.0,0.0
2024-10-04 13:45:00-04:00,40.85499954223633,40.85499954223633,40.82500076293945,40.83000183105469,9079,0.0,0.0,0.0
2024-10-04 13:50:00-04:00,40.81999969482422,40.81999969482422,40.76499938964844,40.779998779296875,4327,0.0,0.0,0.0
2024-10-04 13:55:00-04:00,40.790000915527344,40.790000915527344,40.755001068115234,40.755001068115234,2467,0.0,0.0,0.0
2024-10-04 14:00:00-04:00,40.755001068115234,40.7599983215332,40.7400016784668,40.75,3869,0.0,0.0,0.0
2024-10-04 14:05:00-04:00,40.7400016784668,40.76810073852539,40.73500061035156,40.76810073852539,1815,0.0,0.0,0.0
2024-10-04 14:10:00-04:00,40.764801025390625,40.77000045776367,40.75849914550781,40.77000045776367,3305,0.0,0.0,0.0
2024-10-04 14:15:00-04:00,40.7599983215332,40.79999923706055,40.7400016784668,40.79999923706055,2582,0.0,0.0,0.0
2024-10-04 14:20:00-04:00,40.810001373291016,40.849998474121094,40.809898376464844,40.845001220703125,6933,0.0,0.0,0.0
2024-10-04 14:25:00-04:00,40.84000015258789,40.85110092163086,40.8385009765625,40.8400993347168,3438,0.0,0.0,0.0
2024-10-04 14:30:00-04:00,40.84000015258789,40.86000061035156,40.82500076293945,40.86000061035156,5156,0.0,0.0,0.0
2024-10-04 14:35:00-04:00,40.85260009765625,40.85260009765625,40.84000015258789,40.849998474121094,1595,0.0,0.0,0.0
2024-10-04 14:40:00-04:00,40.86000061035156,40.869998931884766,40.85100173950195,40.86000061035156,3501,0.0,0.0,0.0
2024-10-04 14:45:00-04:00,40.86000061035156,40.8849983215332,40.86000061035156,40.8849983215332,3900,0.0,0.0,0.0
2024-10-04 14:50:00-04:00,40.88999938964844,40.90999984741211,40.881900787353516,40.8849983215332,2337,0.0,0.0,0.0
2024-10-04 14:55:00-04:00,40.88999938964844,40.915000915527344,40.88999938964844,40.915000915527344,4828,0.0,0.0,0.0
2024-10-04 15:00:00-04:00,40.90999984741211,40.90999984741211,40.86349868774414,40.875,8966,0.0,0.0,0.0
2024-10-04 15:05:00-04:00,40.88999938964844,40.90760040283203,40.8849983215332,40.904998779296875,7242,0.0,0.0,0.0
2024-10-04 15:10:00-04:00,40.904998779296875,40.915000915527344,40.894798278808594,40.90010070800781,6877,0.0,0.0,0.0
2024-10-04 15:15:00-04:00,40.900001525878906,40.915000915527344,40.88999938964844,40.915000915527344,4644,0.0,0.0,0.0
2024-10-04 15:20:00-04:00,40.90999984741211,40.95500183105469,40.90999984741211,40.94499969482422,11623,0.0,0.0,0.0
2024-10-04 15:25:00-04:00,40.94129943847656,40.974998474121094,40.92499923706055,40.974998474121094,5362,0.0,0.0,0.0
2024-10-04 15:30:00-04:00,40.95500183105469,41.0,40.94499969482422,41.0,7961,0.0,0.0,0.0
2024-10-04 15:35:00-04:00,41.0,41.01499938964844,40.97999954223633,41.0099983215332,3641,0.0,0.0,0.0
2024-10-04 15:40:00-04:00,41.0099983215332,41.02000045776367,41.005001068115234,41.02000045776367,3962,0.0,0.0,0.0
2024-10-04 15:45:00-04:00,41.013099670410156,41.013099670410156,40.970001220703125,40.97999954223633,8025,0.0,0.0,0.0
2024-10-04 15:50:00-04:00,40.97999954223633,41.01499938964844,40.97999954223633,41.01499938964844,14584,0.0,0.0,0.0
2024-10-04 15:55:00-04:00,41.0,41.05500030517578,41.0,41.040000915527344,150580,0.0,0.0,0.0
