Datetime,Open,High,Low,Close,Volume,Dividends,Stock Splits
2024-09-06 09:30:00-04:00,4.289999961853027,4.309999942779541,4.289999961853027,4.309999942779541,0,0.0,0.0
2024-09-06 09:35:00-04:00,4.300000190734863,4.309899806976318,4.300000190734863,4.300000190734863,5814,0.0,0.0
2024-09-06 09:40:00-04:00,4.304999828338623,4.304999828338623,4.291999816894531,4.295000076293945,1690,0.0,0.0
2024-09-06 09:45:00-04:00,4.295000076293945,4.295000076293945,4.291999816894531,4.295000076293945,982,0.0,0.0
2024-09-06 09:50:00-04:00,4.295000076293945,4.295000076293945,4.291999816894531,4.291999816894531,834,0.0,0.0
2024-09-06 09:55:00-04:00,4.291999816894531,4.291999816894531,4.289999961853027,4.289999961853027,1719,0.0,0.0
2024-09-06 10:00:00-04:00,4.295000076293945,4.299099922180176,4.289999961853027,4.29010009765625,3013,0.0,0.0
2024-09-06 10:05:00-04:00,4.289999961853027,4.289999961853027,4.284999847412109,4.289899826049805,15497,0.0,0.0
2024-09-06 10:10:00-04:00,4.289899826049805,4.289999961853027,4.284999847412109,4.289999961853027,630,0.0,0.0
2024-09-06 10:15:00-04:00,4.289299964904785,4.289999961853027,4.284999847412109,4.289999961853027,8751,0.0,0.0
2024-09-06 10:20:00-04:00,4.284999847412109,4.295000076293945,4.284999847412109,4.295000076293945,3246,0.0,0.0
2024-09-06 10:25:00-04:00,4.295000076293945,4.295000076293945,4.289999961853027,4.295000076293945,3122,0.0,0.0
2024-09-06 10:30:00-04:00,4.295000076293945,4.299900054931641,4.289999961853027,4.292200088500977,4667,0.0,0.0
2024-09-06 10:35:00-04:00,4.295000076293945,4.295000076293945,4.295000076293945,4.295000076293945,1908,0.0,0.0
2024-09-06 10:40:00-04:00,4.299900054931641,4.299900054931641,4.289999961853027,4.289999961853027,586,0.0,0.0
2024-09-06 10:45:00-04:00,4.289999961853027,4.295000076293945,4.289999961853027,4.289999961853027,4506,0.0,0.0
2024-09-06 10:50:00-04:00,4.29010009765625,4.298799991607666,4.289999961853027,4.289999961853027,1787,0.0,0.0
2024-09-06 10:55:00-04:00,4.289999961853027,4.289999961853027,4.284999847412109,4.284999847412109,3905,0.0,0.0
2024-09-06 11:00:00-04:00,4.289999961853027,4.289999961853027,4.289999961853027,4.289999961853027,986,0.0,0.0
2024-09-06 11:05:00-04:00,4.289999961853027,4.289999961853027,4.284999847412109,4.284999847412109,1080,0.0,0.0
2024-09-06 11:10:00-04:00,4.289999961853027,4.289999961853027,4.284999847412109,4.289999961853027,954,0.0,0.0
2024-09-06 11:15:00-04:00,4.289999961853027,4.289999961853027,4.28410005569458,4.289999961853027,483,0.0,0.0
2024-09-06 11:20:00-04:00,4.289899826049805,4.289999961853027,4.289899826049805,4.289999961853027,9056,0.0,0.0
2024-09-06 11:25:00-04:00,4.298799991607666,4.298799991607666,4.295000076293945,4.295000076293945,2152,0.0,0.0
2024-09-06 11:30:00-04:00,4.295000076293945,4.300000190734863,4.295000076293945,4.295000076293945,837,0.0,0.0
2024-09-06 11:35:00-04:00,4.295000076293945,4.304999828338623,4.295000076293945,4.304999828338623,9599,0.0,0.0
2024-09-06 11:40:00-04:00,4.309899806976318,4.309899806976318,4.304999828338623,4.304999828338623,843,0.0,0.0
2024-09-06 11:45:00-04:00,4.301300048828125,4.309999942779541,4.301300048828125,4.309999942779541,3664,0.0,0.0
2024-09-06 11:55:00-04:00,4.300000190734863,4.304999828338623,4.300000190734863,4.301400184631348,23125,0.0,0.0
2024-09-06 12:00:00-04:00,4.304999828338623,4.304999828338623,4.300000190734863,4.300000190734863,7113,0.0,0.0
2024-09-06 12:05:00-04:00,4.309899806976318,4.309899806976318,4.309899806976318,4.309899806976318,1201,0.0,0.0
2024-09-06 12:10:00-04:00,4.304999828338623,4.304999828338623,4.30210018157959,4.30210018157959,5155,0.0,0.0
2024-09-06 12:15:00-04:00,4.304999828338623,4.304999828338623,4.304999828338623,4.304999828338623,3154,0.0,0.0
2024-09-06 12:20:00-04:00,4.309999942779541,4.309999942779541,4.304999828338623,4.304999828338623,301,0.0,0.0
2024-09-06 12:25:00-04:00,4.302499771118164,4.302499771118164,4.302499771118164,4.302499771118164,101,0.0,0.0
2024-09-06 12:30:00-04:00,4.304999828338623,4.304999828338623,4.300099849700928,4.300099849700928,4356,0.0,0.0
2024-09-06 12:35:00-04:00,4.304999828338623,4.304999828338623,4.304999828338623,4.304999828338623,351,0.0,0.0
2024-09-06 12:45:00-04:00,4.304999828338623,4.304999828338623,4.304999828338623,4.304999828338623,2742,0.0,0.0
2024-09-06 12:55:00-04:00,4.304999828338623,4.309999942779541,4.300099849700928,4.304999828338623,6688,0.0,0.0
2024-09-06 13:00:00-04:00,4.304999828338623,4.308499813079834,4.304999828338623,4.308499813079834,2976,0.0,0.0
2024-09-06 13:05:00-04:00,4.309999942779541,4.309999942779541,4.301000118255615,4.304999828338623,3287,0.0,0.0
2024-09-06 13:15:00-04:00,4.309999942779541,4.309999942779541,4.304999828338623,4.304999828338623,976,0.0,0.0
2024-09-06 13:20:00-04:00,4.309899806976318,4.309899806976318,4.309899806976318,4.309899806976318,348,0.0,0.0
2024-09-06 13:25:00-04:00,4.300099849700928,4.309999942779541,4.300099849700928,4.304999828338623,14996,0.0,0.0
2024-09-06 13:30:00-04:00,4.309800148010254,4.309999942779541,4.302000045776367,4.309999942779541,7801,0.0,0.0
2024-09-06 13:40:00-04:00,4.304999828338623,4.309999942779541,4.300000190734863,4.304999828338623,9281,0.0,0.0
2024-09-06 13:45:00-04:00,4.302000045776367,4.304999828338623,4.302000045776367,4.304999828338623,5985,0.0,0.0
2024-09-06 13:50:00-04:00,4.309999942779541,4.309999942779541,4.304999828338623,4.304999828338623,2652,0.0,0.0
2024-09-06 13:55:00-04:00,4.304999828338623,4.304999828338623,4.304999828338623,4.304999828338623,1270,0.0,0.0
2024-09-06 14:00:00-04:00,4.300000190734863,4.302000045776367,4.300000190734863,4.302000045776367,1200,0.0,0.0
2024-09-06 14:05:00-04:00,4.302000045776367,4.302999973297119,4.300000190734863,4.300000190734863,1400,0.0,0.0
2024-09-06 14:10:00-04:00,4.304999828338623,4.304999828338623,4.302000045776367,4.304999828338623,6551,0.0,0.0
2024-09-06 14:20:00-04:00,4.304999828338623,4.304999828338623,4.302000045776367,4.304999828338623,1338,0.0,0.0
2024-09-06 14:25:00-04:00,4.304999828338623,4.304999828338623,4.300000190734863,4.300000190734863,1200,0.0,0.0
2024-09-06 14:30:00-04:00,4.302000045776367,4.304999828338623,4.300000190734863,4.304999828338623,1400,0.0,0.0
2024-09-06 14:35:00-04:00,4.309700012207031,4.309700012207031,4.309700012207031,4.309700012207031,125,0.0,0.0
2024-09-06 14:40:00-04:00,4.302000045776367,4.309999942779541,4.300000190734863,4.309999942779541,6911,0.0,0.0
2024-09-06 14:45:00-04:00,4.302000045776367,4.304999828338623,4.302000045776367,4.304999828338623,1254,0.0,0.0
2024-09-06 14:50:00-04:00,4.304999828338623,4.304999828338623,4.302000045776367,4.302000045776367,1283,0.0,0.0
2024-09-06 14:55:00-04:00,4.304999828338623,4.305500030517578,4.302000045776367,4.304999828338623,8929,0.0,0.0
2024-09-06 15:00:00-04:00,4.304999828338623,4.304999828338623,4.304999828338623,4.304999828338623,218,0.0,0.0
2024-09-06 15:05:00-04:00,4.304999828338623,4.304999828338623,4.302000045776367,4.302000045776367,1368,0.0,0.0
2024-09-06 15:10:00-04:00,4.300000190734863,4.305300235748291,4.300000190734863,4.304999828338623,3943,0.0,0.0
2024-09-06 15:15:00-04:00,4.304999828338623,4.320000171661377,4.304999828338623,4.311999797821045,26107,0.0,0.0
2024-09-06 15:20:00-04:00,4.315000057220459,4.315000057220459,4.315000057220459,4.315000057220459,2093,0.0,0.0
2024-09-06 15:25:00-04:00,4.31790018081665,4.31790018081665,4.311999797821045,4.315000057220459,2461,0.0,0.0
2024-09-06 15:30:00-04:00,4.319900035858154,4.319900035858154,4.315000057220459,4.315000057220459,1806,0.0,0.0
2024-09-06 15:35:00-04:00,4.310100078582764,4.320000171661377,4.310100078582764,4.315000057220459,16967,0.0,0.0
2024-09-06 15:40:00-04:00,4.319900035858154,4.319900035858154,4.315000057220459,4.315000057220459,747,0.0,0.0
2024-09-06 15:45:00-04:00,4.311999797821045,4.320000171661377,4.309999942779541,4.315000057220459,4517,0.0,0.0
2024-09-06 15:50:00-04:00,4.311999797821045,4.315000057220459,4.309999942779541,4.309999942779541,3808,0.0,0.0
2024-09-06 15:55:00-04:00,4.315000057220459,4.320000171661377,4.309999942779541,4.315000057220459,14318,0.0,0.0
2024-09-09 09:30:00-04:00,4.320000171661377,4.329899787902832,4.320000171661377,4.3206000328063965,10822,0.0,0.0
2024-09-09 09:35:00-04:00,4.324999809265137,4.324999809265137,4.324999809265137,4.324999809265137,3719,0.0,0.0
2024-09-09 09:45:00-04:00,4.320000171661377,4.324999809265137,4.320000171661377,4.323200225830078,10229,0.0,0.0
2024-09-09 09:55:00-04:00,4.329999923706055,4.329999923706055,4.320000171661377,4.324999809265137,13093,0.0,0.0
2024-09-09 10:00:00-04:00,4.324999809265137,4.324999809265137,4.324999809265137,4.324999809265137,625,0.0,0.0
2024-09-09 10:05:00-04:00,4.324999809265137,4.326200008392334,4.324999809265137,4.326200008392334,2302,0.0,0.0
2024-09-09 10:10:00-04:00,4.324999809265137,4.329999923706055,4.320000171661377,4.324999809265137,8469,0.0,0.0
2024-09-09 10:15:00-04:00,4.324999809265137,4.324999809265137,4.320300102233887,4.324999809265137,4133,0.0,0.0
2024-09-09 10:20:00-04:00,4.324999809265137,4.329999923706055,4.320099830627441,4.329999923706055,6224,0.0,0.0
2024-09-09 10:25:00-04:00,4.329999923706055,4.329999923706055,4.329999923706055,4.329999923706055,487,0.0,0.0
2024-09-09 10:30:00-04:00,4.324999809265137,4.329999923706055,4.320000171661377,4.324999809265137,0,0.0,0.0
2024-09-09 10:35:00-04:00,4.324999809265137,4.325699806213379,4.320000171661377,4.324999809265137,73638,0.0,0.0
2024-09-09 10:40:00-04:00,4.324999809265137,4.324999809265137,4.324999809265137,4.324999809265137,991,0.0,0.0
2024-09-09 10:45:00-04:00,4.324999809265137,4.329699993133545,4.320000171661377,4.324999809265137,5687,0.0,0.0
2024-09-09 10:50:00-04:00,4.324999809265137,4.329999923706055,4.324999809265137,4.3282999992370605,10714,0.0,0.0
2024-09-09 10:55:00-04:00,4.320099830627441,4.320099830627441,4.320099830627441,4.320099830627441,450,0.0,0.0
2024-09-09 11:00:00-04:00,4.329999923706055,4.329999923706055,4.324999809265137,4.324999809265137,2101,0.0,0.0
2024-09-09 11:15:00-04:00,4.324999809265137,4.329999923706055,4.324999809265137,4.329999923706055,2629,0.0,0.0
2024-09-09 11:25:00-04:00,4.329999923706055,4.329999923706055,4.329999923706055,4.329999923706055,102,0.0,0.0
2024-09-09 11:30:00-04:00,4.329999923706055,4.329999923706055,4.320000171661377,4.320000171661377,2700,0.0,0.0
2024-09-09 11:35:00-04:00,4.329999923706055,4.329999923706055,4.329999923706055,4.329999923706055,2679,0.0,0.0
2024-09-09 11:40:00-04:00,4.329999923706055,4.329999923706055,4.324999809265137,4.329999923706055,5414,0.0,0.0
2024-09-09 11:45:00-04:00,4.329999923706055,4.329999923706055,4.324999809265137,4.329999923706055,6125,0.0,0.0
2024-09-09 11:50:00-04:00,4.320099830627441,4.329999923706055,4.320099830627441,4.329899787902832,3302,0.0,0.0
2024-09-09 11:55:00-04:00,4.326700210571289,4.335000038146973,4.324999809265137,4.335000038146973,16002,0.0,0.0
2024-09-09 12:10:00-04:00,4.340000152587891,4.340000152587891,4.340000152587891,4.340000152587891,3018,0.0,0.0
2024-09-09 12:15:00-04:00,4.335000038146973,4.335000038146973,4.332099914550781,4.335000038146973,6197,0.0,0.0
2024-09-09 12:20:00-04:00,4.340000152587891,4.340000152587891,4.335000038146973,4.335000038146973,9620,0.0,0.0
2024-09-09 12:25:00-04:00,4.329999923706055,4.329999923706055,4.329999923706055,4.329999923706055,6673,0.0,0.0
2024-09-09 12:30:00-04:00,4.335000038146973,4.335000038146973,4.331600189208984,4.331600189208984,1227,0.0,0.0
2024-09-09 12:35:00-04:00,4.335000038146973,4.335000038146973,4.329999923706055,4.329999923706055,8901,0.0,0.0
2024-09-09 12:40:00-04:00,4.329999923706055,4.339900016784668,4.329999923706055,4.335000038146973,7446,0.0,0.0
2024-09-09 12:45:00-04:00,4.335000038146973,4.335000038146973,4.331099987030029,4.331099987030029,3600,0.0,0.0
2024-09-09 12:50:00-04:00,4.335000038146973,4.335000038146973,4.329999923706055,4.330100059509277,9890,0.0,0.0
2024-09-09 12:55:00-04:00,4.335000038146973,4.335000038146973,4.335000038146973,4.335000038146973,1585,0.0,0.0
2024-09-09 13:00:00-04:00,4.33620023727417,4.336299896240234,4.333499908447266,4.336299896240234,1966,0.0,0.0
2024-09-09 13:05:00-04:00,4.335700035095215,4.339799880981445,4.335000038146973,4.335000038146973,1790,0.0,0.0
2024-09-09 13:10:00-04:00,4.335000038146973,4.340000152587891,4.335000038146973,4.335000038146973,1270,0.0,0.0
2024-09-09 13:15:00-04:00,4.335000038146973,4.335000038146973,4.335000038146973,4.335000038146973,5500,0.0,0.0
2024-09-09 13:20:00-04:00,4.340000152587891,4.340000152587891,4.340000152587891,4.340000152587891,200,0.0,0.0
2024-09-09 13:25:00-04:00,4.335000038146973,4.339900016784668,4.329999923706055,4.329999923706055,10417,0.0,0.0
2024-09-09 13:30:00-04:00,4.330100059509277,4.335000038146973,4.324999809265137,4.324999809265137,26662,0.0,0.0
2024-09-09 13:35:00-04:00,4.320099830627441,4.329899787902832,4.320099830627441,4.324999809265137,3891,0.0,0.0
2024-09-09 13:40:00-04:00,4.329899787902832,4.329899787902832,4.324999809265137,4.324999809265137,1256,0.0,0.0
2024-09-09 13:45:00-04:00,4.324999809265137,4.324999809265137,4.324999809265137,4.324999809265137,500,0.0,0.0
2024-09-09 13:50:00-04:00,4.3256001472473145,4.3256001472473145,4.324999809265137,4.324999809265137,1650,0.0,0.0
2024-09-09 13:55:00-04:00,4.321400165557861,4.321400165557861,4.321400165557861,4.321400165557861,1069,0.0,0.0
2024-09-09 14:15:00-04:00,4.324999809265137,4.324999809265137,4.324999809265137,4.324999809265137,3700,0.0,0.0
2024-09-09 14:20:00-04:00,4.329999923706055,4.329999923706055,4.321199893951416,4.324999809265137,14549,0.0,0.0
2024-09-09 14:30:00-04:00,4.324999809265137,4.324999809265137,4.320000171661377,4.321000099182129,4416,0.0,0.0
2024-09-09 14:35:00-04:00,4.329999923706055,4.329999923706055,4.324999809265137,4.324999809265137,730,0.0,0.0
2024-09-09 14:40:00-04:00,4.329999923706055,4.329999923706055,4.329999923706055,4.329999923706055,1186,0.0,0.0
2024-09-09 14:45:00-04:00,4.324999809265137,4.329899787902832,4.324999809265137,4.328800201416016,4031,0.0,0.0
2024-09-09 14:50:00-04:00,4.321300029754639,4.321300029754639,4.321300029754639,4.321300029754639,3700,0.0,0.0
2024-09-09 14:55:00-04:00,4.32390022277832,4.326300144195557,4.32390022277832,4.326300144195557,2227,0.0,0.0
2024-09-09 15:05:00-04:00,4.329899787902832,4.329899787902832,4.320000171661377,4.320000171661377,5202,0.0,0.0
2024-09-09 15:10:00-04:00,4.320899963378906,4.329999923706055,4.320899963378906,4.329999923706055,10760,0.0,0.0
2024-09-09 15:15:00-04:00,4.320000171661377,4.320000171661377,4.320000171661377,4.320000171661377,100,0.0,0.0
2024-09-09 15:20:00-04:00,4.320099830627441,4.321800231933594,4.320099830627441,4.321800231933594,4038,0.0,0.0
2024-09-09 15:25:00-04:00,4.329899787902832,4.329999923706055,4.324999809265137,4.324999809265137,18711,0.0,0.0
2024-09-09 15:30:00-04:00,4.324999809265137,4.328700065612793,4.320099830627441,4.320099830627441,7828,0.0,0.0
2024-09-09 15:35:00-04:00,4.324999809265137,4.328800201416016,4.324999809265137,4.324999809265137,14528,0.0,0.0
2024-09-09 15:40:00-04:00,4.324999809265137,4.329899787902832,4.324999809265137,4.324999809265137,3425,0.0,0.0
2024-09-09 15:45:00-04:00,4.324999809265137,4.324999809265137,4.324999809265137,4.324999809265137,301,0.0,0.0
2024-09-09 15:50:00-04:00,4.324999809265137,4.329999923706055,4.324999809265137,4.324999809265137,3108,0.0,0.0
2024-09-09 15:55:00-04:00,4.324999809265137,4.329999923706055,4.324999809265137,4.324999809265137,6559,0.0,0.0
2024-09-10 09:30:00-04:00,4.369999885559082,4.369999885559082,4.324999809265137,4.324999809265137,4764,0.0,0.0
2024-09-10 09:35:00-04:00,4.324999809265137,4.329999923706055,4.324999809265137,4.324999809265137,6209,0.0,0.0
2024-09-10 09:40:00-04:00,4.324999809265137,4.324999809265137,4.324999809265137,4.324999809265137,127,0.0,0.0
2024-09-10 09:45:00-04:00,4.324999809265137,4.32919979095459,4.324999809265137,4.324999809265137,1960,0.0,0.0
2024-09-10 09:50:00-04:00,4.320000171661377,4.329999923706055,4.320000171661377,4.329899787902832,634,0.0,0.0
2024-09-10 09:55:00-04:00,4.320000171661377,4.320000171661377,4.320000171661377,4.320000171661377,201,0.0,0.0
2024-09-10 10:00:00-04:00,4.324999809265137,4.324999809265137,4.324999809265137,4.324999809265137,704,0.0,0.0
2024-09-10 10:05:00-04:00,4.329999923706055,4.329999923706055,4.315000057220459,4.320000171661377,9463,0.0,0.0
2024-09-10 10:10:00-04:00,4.320000171661377,4.320000171661377,4.315000057220459,4.315000057220459,496,0.0,0.0
2024-09-10 10:20:00-04:00,4.315000057220459,4.319799900054932,4.313000202178955,4.31879997253418,6195,0.0,0.0
2024-09-10 10:25:00-04:00,4.315000057220459,4.315000057220459,4.315000057220459,4.315000057220459,2201,0.0,0.0
2024-09-10 10:30:00-04:00,4.315000057220459,4.315000057220459,4.315000057220459,4.315000057220459,400,0.0,0.0
2024-09-10 10:35:00-04:00,4.315000057220459,4.315000057220459,4.315000057220459,4.315000057220459,202,0.0,0.0
2024-09-10 10:40:00-04:00,4.315000057220459,4.319900035858154,4.315000057220459,4.319900035858154,738,0.0,0.0
2024-09-10 10:45:00-04:00,4.315000057220459,4.315000057220459,4.315000057220459,4.315000057220459,1675,0.0,0.0
2024-09-10 10:50:00-04:00,4.320000171661377,4.320000171661377,4.315000057220459,4.315000057220459,812,0.0,0.0
2024-09-10 10:55:00-04:00,4.315000057220459,4.315000057220459,4.315000057220459,4.315000057220459,100,0.0,0.0
2024-09-10 11:00:00-04:00,4.315000057220459,4.320000171661377,4.315000057220459,4.315000057220459,1720,0.0,0.0
2024-09-10 11:05:00-04:00,4.315000057220459,4.315000057220459,4.309999942779541,4.309999942779541,14991,0.0,0.0
2024-09-10 11:10:00-04:00,4.309999942779541,4.316800117492676,4.309999942779541,4.315000057220459,1017,0.0,0.0
2024-09-10 11:15:00-04:00,4.315000057220459,4.315000057220459,4.315000057220459,4.315000057220459,200,0.0,0.0
2024-09-10 11:20:00-04:00,4.315000057220459,4.3180999755859375,4.315000057220459,4.3180999755859375,3425,0.0,0.0
2024-09-10 11:25:00-04:00,4.309999942779541,4.315000057220459,4.309999942779541,4.315000057220459,200,0.0,0.0
2024-09-10 11:30:00-04:00,4.31879997253418,4.320000171661377,4.315000057220459,4.315000057220459,3000,0.0,0.0
2024-09-10 11:35:00-04:00,4.315000057220459,4.315000057220459,4.309999942779541,4.309999942779541,2711,0.0,0.0
2024-09-10 11:40:00-04:00,4.309999942779541,4.310800075531006,4.309999942779541,4.309999942779541,17075,0.0,0.0
2024-09-10 11:45:00-04:00,4.309999942779541,4.315000057220459,4.309999942779541,4.309999942779541,1045,0.0,0.0
2024-09-10 11:50:00-04:00,4.310999870300293,4.310999870300293,4.309999942779541,4.309999942779541,850,0.0,0.0
2024-09-10 11:55:00-04:00,4.309999942779541,4.315700054168701,4.309999942779541,4.309999942779541,10722,0.0,0.0
2024-09-10 12:00:00-04:00,4.304999828338623,4.304999828338623,4.304299831390381,4.304999828338623,6643,0.0,0.0
2024-09-10 12:05:00-04:00,4.304999828338623,4.304999828338623,4.304999828338623,4.304999828338623,686,0.0,0.0
2024-09-10 12:10:00-04:00,4.304999828338623,4.304999828338623,4.304999828338623,4.304999828338623,245,0.0,0.0
2024-09-10 12:15:00-04:00,4.304999828338623,4.304999828338623,4.304999828338623,4.304999828338623,100,0.0,0.0
2024-09-10 12:20:00-04:00,4.300000190734863,4.304999828338623,4.300000190734863,4.304999828338623,4496,0.0,0.0
2024-09-10 12:25:00-04:00,4.304999828338623,4.304999828338623,4.304999828338623,4.304999828338623,445,0.0,0.0
2024-09-10 12:30:00-04:00,4.304999828338623,4.304999828338623,4.304999828338623,4.304999828338623,210,0.0,0.0
2024-09-10 12:35:00-04:00,4.304999828338623,4.304999828338623,4.304999828338623,4.304999828338623,114,0.0,0.0
2024-09-10 12:45:00-04:00,4.304999828338623,4.304999828338623,4.300000190734863,4.304999828338623,2900,0.0,0.0
2024-09-10 12:50:00-04:00,4.304999828338623,4.304999828338623,4.304999828338623,4.304999828338623,100,0.0,0.0
2024-09-10 12:55:00-04:00,4.304999828338623,4.304999828338623,4.304999828338623,4.304999828338623,317,0.0,0.0
2024-09-10 13:05:00-04:00,4.304999828338623,4.309999942779541,4.304999828338623,4.304999828338623,541,0.0,0.0
2024-09-10 13:10:00-04:00,4.300000190734863,4.304999828338623,4.300000190734863,4.304999828338623,1043,0.0,0.0
2024-09-10 13:15:00-04:00,4.304999828338623,4.304999828338623,4.304999828338623,4.304999828338623,508,0.0,0.0
2024-09-10 13:20:00-04:00,4.304999828338623,4.304999828338623,4.304999828338623,4.304999828338623,1450,0.0,0.0
2024-09-10 13:25:00-04:00,4.309999942779541,4.309999942779541,4.300099849700928,4.300099849700928,2620,0.0,0.0
2024-09-10 13:45:00-04:00,4.309899806976318,4.309899806976318,4.309899806976318,4.309899806976318,1554,0.0,0.0
2024-09-10 13:55:00-04:00,4.304999828338623,4.309999942779541,4.304999828338623,4.309999942779541,3013,0.0,0.0
2024-09-10 14:00:00-04:00,4.309999942779541,4.309999942779541,4.304999828338623,4.304999828338623,2268,0.0,0.0
2024-09-10 14:20:00-04:00,4.309999942779541,4.329999923706055,4.304999828338623,4.329800128936768,31436,0.0,0.0
2024-09-10 14:25:00-04:00,4.329999923706055,4.329999923706055,4.329999923706055,4.329999923706055,8768,0.0,0.0
2024-09-10 14:40:00-04:00,4.324999809265137,4.324999809265137,4.320000171661377,4.324999809265137,7551,0.0,0.0
2024-09-10 14:45:00-04:00,4.324999809265137,4.324999809265137,4.324999809265137,4.324999809265137,4170,0.0,0.0
2024-09-10 14:50:00-04:00,4.324999809265137,4.324999809265137,4.320000171661377,4.320000171661377,205,0.0,0.0
2024-09-10 14:55:00-04:00,4.320000171661377,4.324999809265137,4.320000171661377,4.321199893951416,10678,0.0,0.0
2024-09-10 15:00:00-04:00,4.32420015335083,4.32420015335083,4.320000171661377,4.320000171661377,1938,0.0,0.0
2024-09-10 15:05:00-04:00,4.324999809265137,4.329899787902832,4.324999809265137,4.324999809265137,6449,0.0,0.0
2024-09-10 15:10:00-04:00,4.32420015335083,4.32420015335083,4.321199893951416,4.321199893951416,7189,0.0,0.0
2024-09-10 15:25:00-04:00,4.320000171661377,4.329699993133545,4.320000171661377,4.329699993133545,4387,0.0,0.0
2024-09-10 15:30:00-04:00,4.324999809265137,4.324999809265137,4.324999809265137,4.324999809265137,3049,0.0,0.0
2024-09-10 15:35:00-04:00,4.324999809265137,4.324999809265137,4.320000171661377,4.320000171661377,1575,0.0,0.0
2024-09-10 15:40:00-04:00,4.320000171661377,4.320000171661377,4.320000171661377,4.320000171661377,106,0.0,0.0
2024-09-10 15:45:00-04:00,4.324999809265137,4.324999809265137,4.324999809265137,4.324999809265137,1520,0.0,0.0
2024-09-10 15:50:00-04:00,4.320000171661377,4.329899787902832,4.320000171661377,4.324999809265137,870,0.0,0.0
2024-09-10 15:55:00-04:00,4.324999809265137,4.329999923706055,4.320000171661377,4.324999809265137,9505,0.0,0.0
2024-09-11 09:30:00-04:00,4.320000171661377,4.335000038146973,4.320000171661377,4.329999923706055,10280,0.0,0.0
2024-09-11 09:35:00-04:00,4.324999809265137,4.329899787902832,4.320000171661377,4.320000171661377,569,0.0,0.0
2024-09-11 09:40:00-04:00,4.324999809265137,4.329999923706055,4.320000171661377,4.329899787902832,10396,0.0,0.0
2024-09-11 09:45:00-04:00,4.320099830627441,4.324999809265137,4.320099830627441,4.324999809265137,370,0.0,0.0
2024-09-11 09:50:00-04:00,4.324999809265137,4.329899787902832,4.324999809265137,4.329899787902832,14804,0.0,0.0
2024-09-11 09:55:00-04:00,4.324999809265137,4.324999809265137,4.324999809265137,4.324999809265137,1000,0.0,0.0
2024-09-11 10:00:00-04:00,4.324999809265137,4.324999809265137,4.324999809265137,4.324999809265137,7772,0.0,0.0
2024-09-11 10:05:00-04:00,4.320099830627441,4.320099830627441,4.320099830627441,4.320099830627441,233,0.0,0.0
2024-09-11 10:10:00-04:00,4.324999809265137,4.324999809265137,4.324999809265137,4.324999809265137,11555,0.0,0.0
2024-09-11 10:15:00-04:00,4.324999809265137,4.324999809265137,4.321000099182129,4.321000099182129,3301,0.0,0.0
2024-09-11 10:25:00-04:00,4.320000171661377,4.320000171661377,4.320000171661377,4.320000171661377,0,0.0,0.0
2024-09-11 10:35:00-04:00,4.324999809265137,4.324999809265137,4.324999809265137,4.324999809265137,62023,0.0,0.0
2024-09-11 10:40:00-04:00,4.324999809265137,4.329699993133545,4.324999809265137,4.329699993133545,7219,0.0,0.0
2024-09-11 10:45:00-04:00,4.324999809265137,4.324999809265137,4.323400020599365,4.324999809265137,2827,0.0,0.0
2024-09-11 10:55:00-04:00,4.320000171661377,4.320000171661377,4.320000171661377,4.320000171661377,232,0.0,0.0
2024-09-11 11:00:00-04:00,4.320099830627441,4.329999923706055,4.320099830627441,4.329800128936768,9527,0.0,0.0
2024-09-11 11:15:00-04:00,4.324999809265137,4.329899787902832,4.324999809265137,4.329899787902832,4162,0.0,0.0
2024-09-11 11:25:00-04:00,4.324999809265137,4.324999809265137,4.324999809265137,4.324999809265137,5007,0.0,0.0
2024-09-11 11:35:00-04:00,4.324999809265137,4.324999809265137,4.324999809265137,4.324999809265137,574,0.0,0.0
2024-09-11 11:40:00-04:00,4.329899787902832,4.329899787902832,4.329899787902832,4.329899787902832,1077,0.0,0.0
2024-09-11 11:50:00-04:00,4.329899787902832,4.329899787902832,4.329899787902832,4.329899787902832,100,0.0,0.0
2024-09-11 11:55:00-04:00,4.329999923706055,4.340000152587891,4.329999923706055,4.340000152587891,19779,0.0,0.0
2024-09-11 12:00:00-04:00,4.333199977874756,4.333199977874756,4.333199977874756,4.333199977874756,1185,0.0,0.0
2024-09-11 12:05:00-04:00,4.340000152587891,4.340000152587891,4.335000038146973,4.335000038146973,14209,0.0,0.0
2024-09-11 12:10:00-04:00,4.331299781799316,4.331299781799316,4.331299781799316,4.331299781799316,257,0.0,0.0
2024-09-11 12:15:00-04:00,4.3379998207092285,4.3379998207092285,4.335000038146973,4.335000038146973,8120,0.0,0.0
2024-09-11 12:20:00-04:00,4.335000038146973,4.335000038146973,4.335000038146973,4.335000038146973,350,0.0,0.0
2024-09-11 12:25:00-04:00,4.336952209472656,4.336952209472656,4.335000038146973,4.335000038146973,291,0.0,0.0
2024-09-11 12:30:00-04:00,4.331200122833252,4.335000038146973,4.331200122833252,4.335000038146973,1156,0.0,0.0
2024-09-11 12:35:00-04:00,4.339900016784668,4.339900016784668,4.339900016784668,4.339900016784668,3780,0.0,0.0
2024-09-11 12:40:00-04:00,4.335000038146973,4.335000038146973,4.335000038146973,4.335000038146973,191,0.0,0.0
2024-09-11 12:45:00-04:00,4.335000038146973,4.339099884033203,4.335000038146973,4.339099884033203,5568,0.0,0.0
2024-09-11 12:50:00-04:00,4.339099884033203,4.339099884033203,4.339099884033203,4.339099884033203,2424,0.0,0.0
2024-09-11 13:00:00-04:00,4.329999923706055,4.335000038146973,4.329999923706055,4.335000038146973,2100,0.0,0.0
2024-09-11 13:05:00-04:00,4.335000038146973,4.335000038146973,4.335000038146973,4.335000038146973,100,0.0,0.0
2024-09-11 13:10:00-04:00,4.331299781799316,4.339000225067139,4.331299781799316,4.339000225067139,2120,0.0,0.0
2024-09-11 13:15:00-04:00,4.335899829864502,4.335899829864502,4.335000038146973,4.335000038146973,3767,0.0,0.0
2024-09-11 13:25:00-04:00,4.335000038146973,4.335000038146973,4.335000038146973,4.335000038146973,1863,0.0,0.0
2024-09-11 13:35:00-04:00,4.339700222015381,4.339700222015381,4.339700222015381,4.339700222015381,380,0.0,0.0
2024-09-11 13:40:00-04:00,4.335000038146973,4.335000038146973,4.335000038146973,4.335000038146973,500,0.0,0.0
2024-09-11 13:45:00-04:00,4.339799880981445,4.339799880981445,4.335000038146973,4.335000038146973,10895,0.0,0.0
2024-09-11 13:50:00-04:00,4.335899829864502,4.335999965667725,4.335000038146973,4.335000038146973,741,0.0,0.0
2024-09-11 13:55:00-04:00,4.335000038146973,4.335000038146973,4.335000038146973,4.335000038146973,659,0.0,0.0
2024-09-11 14:00:00-04:00,4.339000225067139,4.339000225067139,4.339000225067139,4.339000225067139,0,0.0,0.0
2024-09-11 14:10:00-04:00,4.3302001953125,4.3302001953125,4.3302001953125,4.3302001953125,181962,0.0,0.0
2024-09-11 14:15:00-04:00,4.335000038146973,4.335000038146973,4.335000038146973,4.335000038146973,500,0.0,0.0
2024-09-11 14:20:00-04:00,4.339900016784668,4.339900016784668,4.335000038146973,4.335000038146973,830,0.0,0.0
2024-09-11 14:25:00-04:00,4.335000038146973,4.335000038146973,4.331099987030029,4.335000038146973,1348,0.0,0.0
2024-09-11 14:30:00-04:00,4.335000038146973,4.335000038146973,4.330100059509277,4.330100059509277,957,0.0,0.0
2024-09-11 14:35:00-04:00,4.335000038146973,4.335000038146973,4.329999923706055,4.329999923706055,13346,0.0,0.0
2024-09-11 14:40:00-04:00,4.332499980926514,4.332499980926514,4.332499980926514,4.332499980926514,900,0.0,0.0
2024-09-11 14:45:00-04:00,4.330100059509277,4.330100059509277,4.330100059509277,4.330100059509277,1950,0.0,0.0
2024-09-11 14:50:00-04:00,4.329999923706055,4.336299896240234,4.329999923706055,4.329999923706055,14909,0.0,0.0
2024-09-11 14:55:00-04:00,4.331200122833252,4.335000038146973,4.331200122833252,4.335000038146973,1980,0.0,0.0
2024-09-11 15:00:00-04:00,4.339900016784668,4.339900016784668,4.332600116729736,4.332600116729736,2975,0.0,0.0
2024-09-11 15:10:00-04:00,4.335000038146973,4.335000038146973,4.335000038146973,4.335000038146973,575,0.0,0.0
2024-09-11 15:25:00-04:00,4.339900016784668,4.339900016784668,4.335000038146973,4.337699890136719,4040,0.0,0.0
2024-09-11 15:35:00-04:00,4.340000152587891,4.340000152587891,4.335000038146973,4.335000038146973,6838,0.0,0.0
2024-09-11 15:40:00-04:00,4.335000038146973,4.340000152587891,4.335000038146973,4.338799953460693,2872,0.0,0.0
2024-09-11 15:45:00-04:00,4.339000225067139,4.340000152587891,4.329999923706055,4.335000038146973,16003,0.0,0.0
2024-09-11 15:50:00-04:00,4.335000038146973,4.338799953460693,4.335000038146973,4.338799953460693,926,0.0,0.0
2024-09-11 15:55:00-04:00,4.335000038146973,4.34499979019165,4.331399917602539,4.34499979019165,13741,0.0,0.0
2024-09-12 09:30:00-04:00,4.349699974060059,4.349999904632568,4.349699974060059,4.349999904632568,41739,0.0,0.0
2024-09-12 09:35:00-04:00,4.340000152587891,4.340000152587891,4.331200122833252,4.340000152587891,2091,0.0,0.0
2024-09-12 09:40:00-04:00,4.335000038146973,4.335000038146973,4.3333001136779785,4.3333001136779785,1822,0.0,0.0
2024-09-12 09:45:00-04:00,4.339900016784668,4.339900016784668,4.329999923706055,4.335000038146973,1158,0.0,0.0
2024-09-12 09:50:00-04:00,4.335000038146973,4.335000038146973,4.335000038146973,4.335000038146973,213,0.0,0.0
2024-09-12 10:05:00-04:00,4.335000038146973,4.335000038146973,4.335000038146973,4.335000038146973,1952,0.0,0.0
2024-09-12 10:10:00-04:00,4.3379998207092285,4.3379998207092285,4.329999923706055,4.332499980926514,3272,0.0,0.0
2024-09-12 10:15:00-04:00,4.339900016784668,4.340000152587891,4.335000038146973,4.340000152587891,7611,0.0,0.0
2024-09-12 10:25:00-04:00,4.340000152587891,4.349999904632568,4.340000152587891,4.349999904632568,11218,0.0,0.0
2024-09-12 10:30:00-04:00,4.34499979019165,4.349899768829346,4.340000152587891,4.349899768829346,4582,0.0,0.0
2024-09-12 10:40:00-04:00,4.349999904632568,4.349999904632568,4.349999904632568,4.349999904632568,1989,0.0,0.0
2024-09-12 10:50:00-04:00,4.349999904632568,4.349999904632568,4.349999904632568,4.349999904632568,386,0.0,0.0
2024-09-12 10:55:00-04:00,4.340000152587891,4.340000152587891,4.340000152587891,4.340000152587891,150,0.0,0.0
2024-09-12 11:00:00-04:00,4.34499979019165,4.380000114440918,4.34499979019165,4.380000114440918,207841,0.0,0.0
2024-09-12 11:05:00-04:00,4.375,4.375,4.369999885559082,4.369999885559082,4598,0.0,0.0
2024-09-12 11:15:00-04:00,4.373000144958496,4.373000144958496,4.369999885559082,4.369999885559082,11284,0.0,0.0
2024-09-12 11:20:00-04:00,4.369999885559082,4.380000114440918,4.369999885559082,4.375,22958,0.0,0.0
2024-09-12 11:25:00-04:00,4.375,4.375,4.360000133514404,4.360000133514404,20645,0.0,0.0
2024-09-12 11:30:00-04:00,4.361999988555908,4.369900226593018,4.360000133514404,4.369900226593018,2001,0.0,0.0
2024-09-12 11:35:00-04:00,4.36299991607666,4.36299991607666,4.36299991607666,4.36299991607666,494,0.0,0.0
2024-09-12 11:40:00-04:00,4.369900226593018,4.369900226593018,4.364999771118164,4.364999771118164,20972,0.0,0.0
2024-09-12 11:55:00-04:00,4.369900226593018,4.369999885559082,4.369900226593018,4.369999885559082,658,0.0,0.0
2024-09-12 12:00:00-04:00,4.360099792480469,4.360099792480469,4.360099792480469,4.360099792480469,585,0.0,0.0
2024-09-12 12:05:00-04:00,4.361999988555908,4.361999988555908,4.361999988555908,4.361999988555908,100,0.0,0.0
2024-09-12 12:10:00-04:00,4.364999771118164,4.364999771118164,4.364999771118164,4.364999771118164,4008,0.0,0.0
2024-09-12 12:15:00-04:00,4.364999771118164,4.364999771118164,4.360000133514404,4.360000133514404,1100,0.0,0.0
2024-09-12 12:20:00-04:00,4.366300106048584,4.366300106048584,4.360000133514404,4.360000133514404,2288,0.0,0.0
2024-09-12 12:25:00-04:00,4.361999988555908,4.364999771118164,4.360099792480469,4.360099792480469,4237,0.0,0.0
2024-09-12 12:30:00-04:00,4.360000133514404,4.360099792480469,4.360000133514404,4.360000133514404,1102,0.0,0.0
2024-09-12 12:35:00-04:00,4.360000133514404,4.360000133514404,4.360000133514404,4.360000133514404,300,0.0,0.0
2024-09-12 12:40:00-04:00,4.361599922180176,4.364999771118164,4.361599922180176,4.364999771118164,3500,0.0,0.0
2024-09-12 12:45:00-04:00,4.360099792480469,4.364999771118164,4.360000133514404,4.360099792480469,1659,0.0,0.0
2024-09-12 12:50:00-04:00,4.361999988555908,4.361999988555908,4.361999988555908,4.361999988555908,0,0.0,0.0
2024-09-12 13:00:00-04:00,4.364999771118164,4.364999771118164,4.360000133514404,4.360000133514404,390964,0.0,0.0
2024-09-12 13:05:00-04:00,4.364999771118164,4.369900226593018,4.360400199890137,4.369900226593018,13911,0.0,0.0
2024-09-12 13:10:00-04:00,4.364999771118164,4.364999771118164,4.361299991607666,4.361299991607666,6284,0.0,0.0
2024-09-12 13:15:00-04:00,4.360099792480469,4.364999771118164,4.360000133514404,4.360000133514404,5412,0.0,0.0
2024-09-12 13:20:00-04:00,4.369999885559082,4.380000114440918,4.364999771118164,4.369999885559082,43318,0.0,0.0
2024-09-12 13:25:00-04:00,4.375,4.375,4.369999885559082,4.375,6009,0.0,0.0
2024-09-12 13:30:00-04:00,4.375,4.375,4.369999885559082,4.375,2869,0.0,0.0
2024-09-12 13:35:00-04:00,4.375,4.375,4.375,4.375,600,0.0,0.0
2024-09-12 13:40:00-04:00,4.375,4.375,4.375,4.375,604,0.0,0.0
2024-09-12 13:45:00-04:00,4.375,4.375,4.375,4.375,203,0.0,0.0
2024-09-12 13:50:00-04:00,4.370100021362305,4.380000114440918,4.370100021362305,4.380000114440918,26225,0.0,0.0
2024-09-12 13:55:00-04:00,4.379899978637695,4.380000114440918,4.378900051116943,4.379199981689453,3579,0.0,0.0
2024-09-12 14:00:00-04:00,4.379199981689453,4.379899978637695,4.375,4.376699924468994,2932,0.0,0.0
2024-09-12 14:05:00-04:00,4.375,4.375,4.375,4.375,636,0.0,0.0
2024-09-12 14:10:00-04:00,4.371500015258789,4.371500015258789,4.371500015258789,4.371500015258789,901,0.0,0.0
2024-09-12 14:15:00-04:00,4.375,4.375,4.370100021362305,4.370100021362305,3284,0.0,0.0
2024-09-12 14:20:00-04:00,4.379899978637695,4.379899978637695,4.375,4.375,838,0.0,0.0
2024-09-12 14:25:00-04:00,4.375,4.375,4.370100021362305,4.375,3442,0.0,0.0
2024-09-12 14:30:00-04:00,4.375,4.375,4.375,4.375,941,0.0,0.0
2024-09-12 14:35:00-04:00,4.376999855041504,4.376999855041504,4.369999885559082,4.369999885559082,2362,0.0,0.0
2024-09-12 14:40:00-04:00,4.372000217437744,4.375,4.369999885559082,4.369999885559082,1500,0.0,0.0
2024-09-12 14:45:00-04:00,4.376100063323975,4.376100063323975,4.369999885559082,4.375,1818,0.0,0.0
2024-09-12 14:50:00-04:00,4.370100021362305,4.371399879455566,4.369999885559082,4.369999885559082,2502,0.0,0.0
2024-09-12 14:55:00-04:00,4.369999885559082,4.375,4.369999885559082,4.369999885559082,8255,0.0,0.0
2024-09-12 15:00:00-04:00,4.375,4.375,4.369999885559082,4.369999885559082,642,0.0,0.0
2024-09-12 15:05:00-04:00,4.369999885559082,4.375,4.369999885559082,4.369999885559082,1400,0.0,0.0
2024-09-12 15:10:00-04:00,4.369999885559082,4.369999885559082,4.369999885559082,4.369999885559082,748,0.0,0.0
2024-09-12 15:15:00-04:00,4.369999885559082,4.375,4.369999885559082,4.369999885559082,1535,0.0,0.0
2024-09-12 15:20:00-04:00,4.369999885559082,4.370999813079834,4.369999885559082,4.369999885559082,843,0.0,0.0
2024-09-12 15:25:00-04:00,4.375,4.375,4.369999885559082,4.369999885559082,3983,0.0,0.0
2024-09-12 15:30:00-04:00,4.371300220489502,4.375,4.369999885559082,4.375,3680,0.0,0.0
2024-09-12 15:35:00-04:00,4.375,4.380000114440918,4.371300220489502,4.375,10248,0.0,0.0
2024-09-12 15:40:00-04:00,4.375,4.375,4.369999885559082,4.373499870300293,5282,0.0,0.0
2024-09-12 15:45:00-04:00,4.369999885559082,4.369999885559082,4.369999885559082,4.369999885559082,1025,0.0,0.0
2024-09-12 15:50:00-04:00,4.369999885559082,4.375,4.369999885559082,4.369999885559082,7063,0.0,0.0
2024-09-12 15:55:00-04:00,4.375,4.380000114440918,4.369999885559082,4.369999885559082,37434,0.0,0.0
2024-09-13 09:30:00-04:00,4.380000114440918,4.380000114440918,4.380000114440918,4.380000114440918,9750,0.0,0.0
2024-09-13 09:35:00-04:00,4.385000228881836,4.389999866485596,4.380000114440918,4.380000114440918,6551,0.0,0.0
2024-09-13 09:40:00-04:00,4.380000114440918,4.380000114440918,4.369999885559082,4.379199981689453,3969,0.0,0.0
2024-09-13 09:45:00-04:00,4.380000114440918,4.380000114440918,4.369999885559082,4.369999885559082,4444,0.0,0.0
2024-09-13 09:50:00-04:00,4.375,4.375,4.375,4.375,1887,0.0,0.0
2024-09-13 10:00:00-04:00,4.369999885559082,4.379899978637695,4.369999885559082,4.379899978637695,355,0.0,0.0
2024-09-13 10:05:00-04:00,4.370100021362305,4.379700183868408,4.370100021362305,4.375,3548,0.0,0.0
2024-09-13 10:10:00-04:00,4.375,4.375,4.375,4.375,140,0.0,0.0
2024-09-13 10:15:00-04:00,4.375,4.380000114440918,4.375,4.375,6228,0.0,0.0
2024-09-13 10:20:00-04:00,4.375,4.380000114440918,4.370999813079834,4.375,24102,0.0,0.0
2024-09-13 10:25:00-04:00,4.379799842834473,4.379799842834473,4.379799842834473,4.379799842834473,0,0.0,0.0
2024-09-13 10:30:00-04:00,4.375,4.380000114440918,4.375,4.377699851989746,8114,0.0,0.0
2024-09-13 10:35:00-04:00,4.379899978637695,4.379899978637695,4.375,4.375,7112,0.0,0.0
2024-09-13 10:40:00-04:00,4.379000186920166,4.379899978637695,4.379000186920166,4.379899978637695,3935,0.0,0.0
2024-09-13 10:45:00-04:00,4.3790998458862305,4.3790998458862305,4.369999885559082,4.369999885559082,12737,0.0,0.0
2024-09-13 10:50:00-04:00,4.369999885559082,4.375,4.369999885559082,4.375,2591,0.0,0.0
2024-09-13 10:55:00-04:00,4.370100021362305,4.370100021362305,4.370100021362305,4.370100021362305,826,0.0,0.0
2024-09-13 11:00:00-04:00,4.379899978637695,4.379899978637695,4.375,4.375,2103,0.0,0.0
2024-09-13 11:05:00-04:00,4.375,4.375,4.375,4.375,5435,0.0,0.0
2024-09-13 11:25:00-04:00,4.373899936676025,4.379899978637695,4.373899936676025,4.378799915313721,1641,0.0,0.0
2024-09-13 11:30:00-04:00,4.379899978637695,4.380000114440918,4.378467082977295,4.380000114440918,9727,0.0,0.0
2024-09-13 11:35:00-04:00,4.380000114440918,4.380000114440918,4.380000114440918,4.380000114440918,765,0.0,0.0
2024-09-13 11:40:00-04:00,4.380000114440918,4.380000114440918,4.380000114440918,4.380000114440918,164,0.0,0.0
2024-09-13 11:45:00-04:00,4.380000114440918,4.389999866485596,4.380000114440918,4.385000228881836,14679,0.0,0.0
2024-09-13 11:50:00-04:00,4.385000228881836,4.385000228881836,4.385000228881836,4.385000228881836,3161,0.0,0.0
2024-09-13 11:55:00-04:00,4.389699935913086,4.389699935913086,4.380099773406982,4.385000228881836,6026,0.0,0.0
2024-09-13 12:00:00-04:00,4.385000228881836,4.385000228881836,4.385000228881836,4.385000228881836,3822,0.0,0.0
2024-09-13 12:05:00-04:00,4.385000228881836,4.385000228881836,4.382900238037109,4.382900238037109,1212,0.0,0.0
2024-09-13 12:10:00-04:00,4.380000114440918,4.389999866485596,4.380000114440918,4.385000228881836,525,0.0,0.0
2024-09-13 12:15:00-04:00,4.385000228881836,4.389999866485596,4.385000228881836,4.385000228881836,16634,0.0,0.0
2024-09-13 12:20:00-04:00,4.385000228881836,4.389999866485596,4.385000228881836,4.385000228881836,9260,0.0,0.0
2024-09-13 12:30:00-04:00,4.385000228881836,4.385000228881836,4.385000228881836,4.385000228881836,1843,0.0,0.0
2024-09-13 12:35:00-04:00,4.380000114440918,4.389999866485596,4.380000114440918,4.389500141143799,13217,0.0,0.0
2024-09-13 12:40:00-04:00,4.380000114440918,4.389900207519531,4.380000114440918,4.389900207519531,14285,0.0,0.0
2024-09-13 12:45:00-04:00,4.385000228881836,4.385000228881836,4.380099773406982,4.380099773406982,8000,0.0,0.0
2024-09-13 12:50:00-04:00,4.381400108337402,4.389999866485596,4.381400108337402,4.385000228881836,3805,0.0,0.0
2024-09-13 12:55:00-04:00,4.389900207519531,4.389999866485596,4.389699935913086,4.389999866485596,6504,0.0,0.0
2024-09-13 13:00:00-04:00,4.385000228881836,4.385000228881836,4.385000228881836,4.385000228881836,100,0.0,0.0
2024-09-13 13:05:00-04:00,4.385000228881836,4.389999866485596,4.380000114440918,4.389999866485596,18894,0.0,0.0
2024-09-13 13:10:00-04:00,4.385000228881836,4.389999866485596,4.380099773406982,4.389900207519531,2202,0.0,0.0
2024-09-13 13:15:00-04:00,4.385000228881836,4.389999866485596,4.385000228881836,4.388700008392334,2202,0.0,0.0
2024-09-13 13:20:00-04:00,4.385000228881836,4.389999866485596,4.380000114440918,4.389999866485596,1950,0.0,0.0
2024-09-13 13:25:00-04:00,4.385000228881836,4.385000228881836,4.380000114440918,4.385000228881836,10900,0.0,0.0
2024-09-13 13:30:00-04:00,4.385000228881836,4.389999866485596,4.380000114440918,4.380099773406982,11149,0.0,0.0
2024-09-13 13:35:00-04:00,4.385000228881836,4.385000228881836,4.380000114440918,4.380000114440918,1142,0.0,0.0
2024-09-13 13:40:00-04:00,4.385000228881836,4.389999866485596,4.380000114440918,4.380000114440918,16109,0.0,0.0
2024-09-13 13:45:00-04:00,4.385000228881836,4.385000228881836,4.380000114440918,4.380000114440918,12199,0.0,0.0
2024-09-13 13:50:00-04:00,4.385000228881836,4.385000228881836,4.380000114440918,4.385000228881836,4309,0.0,0.0
2024-09-13 13:55:00-04:00,4.380000114440918,4.380000114440918,4.380000114440918,4.380000114440918,9010,0.0,0.0
2024-09-13 14:00:00-04:00,4.380000114440918,4.385000228881836,4.380000114440918,4.380000114440918,500,0.0,0.0
2024-09-13 14:05:00-04:00,4.380000114440918,4.380000114440918,4.380000114440918,4.380000114440918,291,0.0,0.0
2024-09-13 14:10:00-04:00,4.380000114440918,4.380000114440918,4.380000114440918,4.380000114440918,101,0.0,0.0
2024-09-13 14:15:00-04:00,4.380000114440918,4.385000228881836,4.380000114440918,4.380000114440918,13908,0.0,0.0
2024-09-13 14:20:00-04:00,4.388599872589111,4.388599872589111,4.380000114440918,4.380000114440918,2678,0.0,0.0
2024-09-13 14:25:00-04:00,4.380000114440918,4.385000228881836,4.380000114440918,4.380000114440918,4079,0.0,0.0
2024-09-13 14:30:00-04:00,4.380000114440918,4.389999866485596,4.380000114440918,4.389999866485596,4097,0.0,0.0
2024-09-13 14:35:00-04:00,4.38070011138916,4.389900207519531,4.380000114440918,4.380000114440918,4343,0.0,0.0
2024-09-13 14:40:00-04:00,4.38100004196167,4.385000228881836,4.380000114440918,4.380000114440918,6190,0.0,0.0
2024-09-13 14:45:00-04:00,4.380000114440918,4.389999866485596,4.380000114440918,4.380000114440918,16178,0.0,0.0
2024-09-13 14:50:00-04:00,4.385000228881836,4.385000228881836,4.380000114440918,4.380000114440918,19837,0.0,0.0
2024-09-13 14:55:00-04:00,4.369999885559082,4.369999885559082,4.369999885559082,4.369999885559082,2600,0.0,0.0
2024-09-13 15:00:00-04:00,4.375,4.375,4.369999885559082,4.369999885559082,1457,0.0,0.0
2024-09-13 15:05:00-04:00,4.369999885559082,4.375,4.369999885559082,4.369999885559082,10788,0.0,0.0
2024-09-13 15:10:00-04:00,4.369999885559082,4.369999885559082,4.369999885559082,4.369999885559082,1372,0.0,0.0
2024-09-13 15:15:00-04:00,4.364999771118164,4.369999885559082,4.360000133514404,4.36299991607666,7499,0.0,0.0
2024-09-13 15:20:00-04:00,4.364999771118164,4.364999771118164,4.360000133514404,4.360799789428711,17809,0.0,0.0
2024-09-13 15:25:00-04:00,4.360000133514404,4.360000133514404,4.340000152587891,4.34499979019165,31494,0.0,0.0
2024-09-13 15:30:00-04:00,4.34499979019165,4.349899768829346,4.34499979019165,4.34499979019165,10098,0.0,0.0
2024-09-13 15:35:00-04:00,4.340000152587891,4.348903179168701,4.340000152587891,4.34499979019165,10205,0.0,0.0
2024-09-13 15:40:00-04:00,4.349999904632568,4.349999904632568,4.340000152587891,4.340000152587891,4974,0.0,0.0
2024-09-13 15:45:00-04:00,4.34499979019165,4.349999904632568,4.340000152587891,4.34499979019165,11059,0.0,0.0
2024-09-13 15:50:00-04:00,4.349999904632568,4.360000133514404,4.349999904632568,4.355000019073486,27044,0.0,0.0
2024-09-13 15:55:00-04:00,4.355000019073486,4.360000133514404,4.349999904632568,4.360000133514404,27740,0.0,0.0
2024-09-16 09:30:00-04:00,4.369999885559082,4.369999885559082,4.360000133514404,4.360000133514404,16821,0.0,0.0
2024-09-16 09:35:00-04:00,4.3684000968933105,4.3684000968933105,4.360000133514404,4.360000133514404,2641,0.0,0.0
2024-09-16 09:40:00-04:00,4.364999771118164,4.369800090789795,4.360000133514404,4.360000133514404,4448,0.0,0.0
2024-09-16 09:45:00-04:00,4.360000133514404,4.360000133514404,4.349999904632568,4.355000019073486,9032,0.0,0.0
2024-09-16 09:50:00-04:00,4.355000019073486,4.360000133514404,4.349999904632568,4.3520002365112305,2123,0.0,0.0
2024-09-16 09:55:00-04:00,4.359600067138672,4.360000133514404,4.359600067138672,4.360000133514404,3913,0.0,0.0
2024-09-16 10:00:00-04:00,4.359899997711182,4.360000133514404,4.350100040435791,4.360000133514404,1568,0.0,0.0
2024-09-16 10:05:00-04:00,4.360000133514404,4.360000133514404,4.360000133514404,4.360000133514404,506,0.0,0.0
2024-09-16 10:10:00-04:00,4.360000133514404,4.360000133514404,4.349999904632568,4.355000019073486,7166,0.0,0.0
2024-09-16 10:15:00-04:00,4.359899997711182,4.360000133514404,4.349999904632568,4.349999904632568,18945,0.0,0.0
2024-09-16 10:20:00-04:00,4.354899883270264,4.359799861907959,4.349999904632568,4.349999904632568,13379,0.0,0.0
2024-09-16 10:25:00-04:00,4.355000019073486,4.360000133514404,4.349999904632568,4.355000019073486,11244,0.0,0.0
2024-09-16 10:30:00-04:00,4.352499961853027,4.352499961853027,4.349999904632568,4.349999904632568,707,0.0,0.0
2024-09-16 10:35:00-04:00,4.349999904632568,4.355000019073486,4.340000152587891,4.340000152587891,39625,0.0,0.0
2024-09-16 10:40:00-04:00,4.340000152587891,4.34499979019165,4.340000152587891,4.340000152587891,6919,0.0,0.0
2024-09-16 10:45:00-04:00,4.349899768829346,4.349899768829346,4.340000152587891,4.340000152587891,9596,0.0,0.0
2024-09-16 10:50:00-04:00,4.349999904632568,4.349999904632568,4.34499979019165,4.34499979019165,3500,0.0,0.0
2024-09-16 10:55:00-04:00,4.34499979019165,4.348999977111816,4.34499979019165,4.347499847412109,10540,0.0,0.0
2024-09-16 11:00:00-04:00,4.349999904632568,4.349999904632568,4.340000152587891,4.34499979019165,5422,0.0,0.0
2024-09-16 11:05:00-04:00,4.34499979019165,4.349899768829346,4.34499979019165,4.349899768829346,1574,0.0,0.0
2024-09-16 11:10:00-04:00,4.34499979019165,4.349899768829346,4.34499979019165,4.34499979019165,2719,0.0,0.0
2024-09-16 11:15:00-04:00,4.349999904632568,4.360000133514404,4.349999904632568,4.360000133514404,8513,0.0,0.0
2024-09-16 11:20:00-04:00,4.354300022125244,4.354300022125244,4.349999904632568,4.354300022125244,400,0.0,0.0
2024-09-16 11:25:00-04:00,4.359899997711182,4.359899997711182,4.350100040435791,4.355000019073486,3643,0.0,0.0
2024-09-16 11:30:00-04:00,4.350100040435791,4.353700160980225,4.349999904632568,4.349999904632568,429,0.0,0.0
2024-09-16 11:35:00-04:00,4.355000019073486,4.355000019073486,4.355000019073486,4.355000019073486,456,0.0,0.0
2024-09-16 11:40:00-04:00,4.35860013961792,4.35860013961792,4.355000019073486,4.355000019073486,878,0.0,0.0
2024-09-16 11:45:00-04:00,4.355000019073486,4.355000019073486,4.349999904632568,4.355000019073486,803,0.0,0.0
2024-09-16 11:50:00-04:00,4.355000019073486,4.355000019073486,4.350100040435791,4.354000091552734,528,0.0,0.0
2024-09-16 11:55:00-04:00,4.355000019073486,4.355000019073486,4.349999904632568,4.349999904632568,12552,0.0,0.0
2024-09-16 12:00:00-04:00,4.355000019073486,4.355000019073486,4.349999904632568,4.355000019073486,2158,0.0,0.0
2024-09-16 12:05:00-04:00,4.355000019073486,4.360000133514404,4.349999904632568,4.349999904632568,13365,0.0,0.0
2024-09-16 12:10:00-04:00,4.355000019073486,4.360000133514404,4.349999904632568,4.355000019073486,6437,0.0,0.0
2024-09-16 12:15:00-04:00,4.349999904632568,4.360000133514404,4.349999904632568,4.349999904632568,11278,0.0,0.0
2024-09-16 12:20:00-04:00,4.349999904632568,4.350200176239014,4.349999904632568,4.349999904632568,3599,0.0,0.0
2024-09-16 12:25:00-04:00,4.349999904632568,4.349999904632568,4.340000152587891,4.349999904632568,17467,0.0,0.0
2024-09-16 12:30:00-04:00,4.341700077056885,4.341700077056885,4.340000152587891,4.340000152587891,2200,0.0,0.0
2024-09-16 12:35:00-04:00,4.340000152587891,4.349999904632568,4.340000152587891,4.349999904632568,9509,0.0,0.0
2024-09-16 12:40:00-04:00,4.34499979019165,4.34499979019165,4.340000152587891,4.340000152587891,6400,0.0,0.0
2024-09-16 12:45:00-04:00,4.34499979019165,4.34499979019165,4.340000152587891,4.340000152587891,205,0.0,0.0
2024-09-16 12:50:00-04:00,4.34499979019165,4.349800109863281,4.340000152587891,4.340000152587891,5298,0.0,0.0
2024-09-16 12:55:00-04:00,4.340000152587891,4.349999904632568,4.340000152587891,4.34499979019165,2506,0.0,0.0
2024-09-16 13:00:00-04:00,4.34499979019165,4.34499979019165,4.340000152587891,4.340000152587891,600,0.0,0.0
2024-09-16 13:05:00-04:00,4.340000152587891,4.349999904632568,4.340000152587891,4.340000152587891,1137,0.0,0.0
2024-09-16 13:10:00-04:00,4.340000152587891,4.34499979019165,4.340000152587891,4.34499979019165,600,0.0,0.0
2024-09-16 13:15:00-04:00,4.340000152587891,4.349999904632568,4.340000152587891,4.340000152587891,1220,0.0,0.0
2024-09-16 13:20:00-04:00,4.34499979019165,4.34499979019165,4.340000152587891,4.340000152587891,5269,0.0,0.0
2024-09-16 13:30:00-04:00,4.34499979019165,4.34499979019165,4.329999923706055,4.329999923706055,36904,0.0,0.0
2024-09-16 13:35:00-04:00,4.338600158691406,4.338600158691406,4.338600158691406,4.338600158691406,233,0.0,0.0
2024-09-16 13:40:00-04:00,4.335000038146973,4.335000038146973,4.329999923706055,4.329999923706055,1816,0.0,0.0
2024-09-16 13:45:00-04:00,4.329999923706055,4.330100059509277,4.329999923706055,4.330100059509277,422,0.0,0.0
2024-09-16 13:50:00-04:00,4.329999923706055,4.340000152587891,4.329999923706055,4.329999923706055,400,0.0,0.0
2024-09-16 13:55:00-04:00,4.329999923706055,4.335000038146973,4.329999923706055,4.329999923706055,1226,0.0,0.0
2024-09-16 14:00:00-04:00,4.329999923706055,4.335000038146973,4.329999923706055,4.329999923706055,5046,0.0,0.0
2024-09-16 14:05:00-04:00,4.329999923706055,4.335000038146973,4.329999923706055,4.329999923706055,1912,0.0,0.0
2024-09-16 14:10:00-04:00,4.340000152587891,4.340000152587891,4.335000038146973,4.335000038146973,1237,0.0,0.0
2024-09-16 14:15:00-04:00,4.335000038146973,4.340000152587891,4.335000038146973,4.335000038146973,11248,0.0,0.0
2024-09-16 14:20:00-04:00,4.340000152587891,4.340000152587891,4.340000152587891,4.340000152587891,6173,0.0,0.0
2024-09-16 14:25:00-04:00,4.34499979019165,4.34499979019165,4.340099811553955,4.34499979019165,6501,0.0,0.0
2024-09-16 14:30:00-04:00,4.34499979019165,4.34499979019165,4.34499979019165,4.34499979019165,700,0.0,0.0
2024-09-16 14:35:00-04:00,4.349999904632568,4.349999904632568,4.349899768829346,4.349899768829346,4049,0.0,0.0
2024-09-16 14:40:00-04:00,4.349999904632568,4.349999904632568,4.349999904632568,4.349999904632568,100,0.0,0.0
2024-09-16 14:45:00-04:00,4.34499979019165,4.34499979019165,4.340000152587891,4.340000152587891,16767,0.0,0.0
2024-09-16 14:50:00-04:00,4.340000152587891,4.34499979019165,4.340000152587891,4.34499979019165,5439,0.0,0.0
2024-09-16 14:55:00-04:00,4.340000152587891,4.349899768829346,4.340000152587891,4.34499979019165,6788,0.0,0.0
2024-09-16 15:00:00-04:00,4.34499979019165,4.349999904632568,4.335000038146973,4.335000038146973,41129,0.0,0.0
2024-09-16 15:05:00-04:00,4.338699817657471,4.340000152587891,4.335000038146973,4.335000038146973,4924,0.0,0.0
2024-09-16 15:10:00-04:00,4.337100028991699,4.339900016784668,4.337100028991699,4.338799953460693,3212,0.0,0.0
2024-09-16 15:15:00-04:00,4.335000038146973,4.340000152587891,4.329999923706055,4.335000038146973,46159,0.0,0.0
2024-09-16 15:20:00-04:00,4.335000038146973,4.340000152587891,4.335000038146973,4.340000152587891,10030,0.0,0.0
2024-09-16 15:25:00-04:00,4.345600128173828,4.345600128173828,4.340099811553955,4.340099811553955,23823,0.0,0.0
2024-09-16 15:30:00-04:00,4.34499979019165,4.34499979019165,4.340000152587891,4.340000152587891,11986,0.0,0.0
2024-09-16 15:35:00-04:00,4.340000152587891,4.349999904632568,4.340000152587891,4.340000152587891,8110,0.0,0.0
2024-09-16 15:40:00-04:00,4.34499979019165,4.349999904632568,4.340000152587891,4.349999904632568,8737,0.0,0.0
2024-09-16 15:45:00-04:00,4.349899768829346,4.349899768829346,4.340000152587891,4.34499979019165,3351,0.0,0.0
2024-09-16 15:50:00-04:00,4.34499979019165,4.349999904632568,4.340000152587891,4.340000152587891,15681,0.0,0.0
2024-09-16 15:55:00-04:00,4.340000152587891,4.349999904632568,4.340000152587891,4.340000152587891,18401,0.0,0.0
2024-09-17 09:30:00-04:00,4.300000190734863,4.300000190734863,4.28000020980835,4.28000020980835,37692,0.0,0.0
2024-09-17 09:35:00-04:00,4.284999847412109,4.28879976272583,4.264999866485596,4.264999866485596,31693,0.0,0.0
2024-09-17 09:40:00-04:00,4.269899845123291,4.28000020980835,4.264999866485596,4.28000020980835,20270,0.0,0.0
2024-09-17 09:45:00-04:00,4.279900074005127,4.28000020980835,4.275000095367432,4.275000095367432,3422,0.0,0.0
2024-09-17 09:50:00-04:00,4.269999980926514,4.28000020980835,4.269999980926514,4.275000095367432,10858,0.0,0.0
2024-09-17 09:55:00-04:00,4.279900074005127,4.28000020980835,4.269999980926514,4.269999980926514,12326,0.0,0.0
2024-09-17 10:00:00-04:00,4.2779998779296875,4.28000020980835,4.275000095367432,4.28000020980835,2799,0.0,0.0
2024-09-17 10:05:00-04:00,4.275000095367432,4.28000020980835,4.275000095367432,4.275000095367432,700,0.0,0.0
2024-09-17 10:10:00-04:00,4.28000020980835,4.28000020980835,4.275000095367432,4.28000020980835,5062,0.0,0.0
2024-09-17 10:15:00-04:00,4.270100116729736,4.28000020980835,4.270100116729736,4.279900074005127,22083,0.0,0.0
2024-09-17 10:20:00-04:00,4.28000020980835,4.28000020980835,4.28000020980835,4.28000020980835,19626,0.0,0.0
2024-09-17 10:25:00-04:00,4.284999847412109,4.289999961853027,4.281400203704834,4.289999961853027,10434,0.0,0.0
2024-09-17 10:30:00-04:00,4.289999961853027,4.289999961853027,4.28000020980835,4.28000020980835,17218,0.0,0.0
2024-09-17 10:35:00-04:00,4.28000020980835,4.289899826049805,4.28000020980835,4.284999847412109,3210,0.0,0.0
2024-09-17 10:40:00-04:00,4.284999847412109,4.289999961853027,4.28000020980835,4.284999847412109,1507,0.0,0.0
2024-09-17 10:45:00-04:00,4.284999847412109,4.284999847412109,4.28000020980835,4.284999847412109,7561,0.0,0.0
2024-09-17 10:50:00-04:00,4.28000020980835,4.289999961853027,4.28000020980835,4.281499862670898,1816,0.0,0.0
2024-09-17 10:55:00-04:00,4.280099868774414,4.284999847412109,4.28000020980835,4.284999847412109,20427,0.0,0.0
2024-09-17 11:00:00-04:00,4.28000020980835,4.288000106811523,4.28000020980835,4.28000020980835,2453,0.0,0.0
2024-09-17 11:05:00-04:00,4.28000020980835,4.28000020980835,4.28000020980835,4.28000020980835,423,0.0,0.0
2024-09-17 11:10:00-04:00,4.28000020980835,4.289899826049805,4.28000020980835,4.289899826049805,941,0.0,0.0
2024-09-17 11:15:00-04:00,4.28000020980835,4.285999774932861,4.28000020980835,4.28000020980835,1904,0.0,0.0
2024-09-17 11:20:00-04:00,4.28000020980835,4.284999847412109,4.28000020980835,4.284999847412109,2497,0.0,0.0
2024-09-17 11:25:00-04:00,4.28000020980835,4.284999847412109,4.28000020980835,4.28000020980835,518,0.0,0.0
2024-09-17 11:30:00-04:00,4.281300067901611,4.300000190734863,4.28000020980835,4.300000190734863,31337,0.0,0.0
2024-09-17 11:40:00-04:00,4.295000076293945,4.300000190734863,4.291600227355957,4.292500019073486,3194,0.0,0.0
2024-09-17 11:45:00-04:00,4.295000076293945,4.295000076293945,4.295000076293945,4.295000076293945,101,0.0,0.0
2024-09-17 11:55:00-04:00,4.295000076293945,4.300000190734863,4.295000076293945,4.295000076293945,13974,0.0,0.0
2024-09-17 12:00:00-04:00,4.300000190734863,4.300000190734863,4.300000190734863,4.300000190734863,1665,0.0,0.0
2024-09-17 12:05:00-04:00,4.29010009765625,4.29010009765625,4.29010009765625,4.29010009765625,752,0.0,0.0
2024-09-17 12:10:00-04:00,4.299900054931641,4.299900054931641,4.292799949645996,4.295000076293945,15275,0.0,0.0
2024-09-17 12:15:00-04:00,4.298799991607666,4.298799991607666,4.298799991607666,4.298799991607666,210,0.0,0.0
2024-09-17 12:25:00-04:00,4.29010009765625,4.295000076293945,4.289999961853027,4.295000076293945,8587,0.0,0.0
2024-09-17 12:30:00-04:00,4.289999961853027,4.300000190734863,4.289999961853027,4.289999961853027,4733,0.0,0.0
2024-09-17 12:35:00-04:00,4.289999961853027,4.298699855804443,4.289999961853027,4.298699855804443,1421,0.0,0.0
2024-09-17 12:40:00-04:00,4.289999961853027,4.29010009765625,4.289999961853027,4.289999961853027,2200,0.0,0.0
2024-09-17 12:45:00-04:00,4.289999961853027,4.29010009765625,4.28000020980835,4.280099868774414,12202,0.0,0.0
2024-09-17 12:50:00-04:00,4.284999847412109,4.286300182342529,4.28000020980835,4.28000020980835,1714,0.0,0.0
2024-09-17 12:55:00-04:00,4.28000020980835,4.288599967956543,4.28000020980835,4.28000020980835,10994,0.0,0.0
2024-09-17 13:00:00-04:00,4.282899856567383,4.282899856567383,4.269999980926514,4.269999980926514,15747,0.0,0.0
2024-09-17 13:05:00-04:00,4.275000095367432,4.275000095367432,4.260000228881836,4.264999866485596,32617,0.0,0.0
2024-09-17 13:10:00-04:00,4.26800012588501,4.26800012588501,4.260000228881836,4.260000228881836,1501,0.0,0.0
2024-09-17 13:15:00-04:00,4.260000228881836,4.269700050354004,4.260000228881836,4.260000228881836,5256,0.0,0.0
2024-09-17 13:20:00-04:00,4.260000228881836,4.268400192260742,4.260000228881836,4.264999866485596,25200,0.0,0.0
2024-09-17 13:25:00-04:00,4.2600998878479,4.269999980926514,4.260000228881836,4.260000228881836,3069,0.0,0.0
2024-09-17 13:30:00-04:00,4.260000228881836,4.264999866485596,4.25,4.250100135803223,29920,0.0,0.0
2024-09-17 13:35:00-04:00,4.257999897003174,4.260000228881836,4.25,4.25,27735,0.0,0.0
2024-09-17 13:40:00-04:00,4.25,4.255000114440918,4.25,4.25,1976,0.0,0.0
2024-09-17 13:45:00-04:00,4.25,4.258299827575684,4.25,4.25,3717,0.0,0.0
2024-09-17 13:50:00-04:00,4.255000114440918,4.258600234985352,4.25,4.258600234985352,23006,0.0,0.0
2024-09-17 13:55:00-04:00,4.259900093078613,4.259900093078613,4.255000114440918,4.255000114440918,10868,0.0,0.0
2024-09-17 14:00:00-04:00,4.250100135803223,4.255000114440918,4.250100135803223,4.255000114440918,451,0.0,0.0
2024-09-17 14:05:00-04:00,4.260000228881836,4.260000228881836,4.2515997886657715,4.2515997886657715,11400,0.0,0.0
2024-09-17 14:10:00-04:00,4.259300231933594,4.260000228881836,4.255000114440918,4.259900093078613,12606,0.0,0.0
2024-09-17 14:15:00-04:00,4.260000228881836,4.269999980926514,4.260000228881836,4.269999980926514,6856,0.0,0.0
2024-09-17 14:20:00-04:00,4.267293930053711,4.267293930053711,4.264999866485596,4.264999866485596,7548,0.0,0.0
2024-09-17 14:25:00-04:00,4.269899845123291,4.269999980926514,4.264999866485596,4.264999866485596,0,0.0,0.0
2024-09-17 14:30:00-04:00,4.269899845123291,4.28000020980835,4.269899845123291,4.275000095367432,587883,0.0,0.0
2024-09-17 14:35:00-04:00,4.279900074005127,4.28000020980835,4.275000095367432,4.28000020980835,2550,0.0,0.0
2024-09-17 14:40:00-04:00,4.28000020980835,4.28000020980835,4.28000020980835,4.28000020980835,200,0.0,0.0
2024-09-17 14:45:00-04:00,4.28000020980835,4.28000020980835,4.269999980926514,4.269999980926514,12093,0.0,0.0
2024-09-17 14:50:00-04:00,4.275000095367432,4.28000020980835,4.275000095367432,4.28000020980835,2175,0.0,0.0
2024-09-17 14:55:00-04:00,4.269999980926514,4.278600215911865,4.269999980926514,4.269999980926514,805,0.0,0.0
2024-09-17 15:00:00-04:00,4.269999980926514,4.278600215911865,4.269999980926514,4.269999980926514,1906,0.0,0.0
2024-09-17 15:05:00-04:00,4.279900074005127,4.28000020980835,4.269999980926514,4.269999980926514,34243,0.0,0.0
2024-09-17 15:10:00-04:00,4.279900074005127,4.279900074005127,4.269999980926514,4.269999980926514,5549,0.0,0.0
2024-09-17 15:15:00-04:00,4.275000095367432,4.278900146484375,4.269999980926514,4.269999980926514,21220,0.0,0.0
2024-09-17 15:20:00-04:00,4.269999980926514,4.275000095367432,4.269999980926514,4.27400016784668,14001,0.0,0.0
2024-09-17 15:25:00-04:00,4.279900074005127,4.28000020980835,4.269999980926514,4.275000095367432,12007,0.0,0.0
2024-09-17 15:30:00-04:00,4.275000095367432,4.275000095367432,4.264999866485596,4.269999980926514,31175,0.0,0.0
2024-09-17 15:35:00-04:00,4.264999866485596,4.269999980926514,4.25,4.25,67844,0.0,0.0
2024-09-17 15:40:00-04:00,4.25,4.255199909210205,4.230000019073486,4.235000133514404,86329,0.0,0.0
2024-09-17 15:45:00-04:00,4.232999801635742,4.2399001121521,4.230000019073486,4.230000019073486,5982,0.0,0.0
2024-09-17 15:50:00-04:00,4.23199987411499,4.239999771118164,4.230000019073486,4.230000019073486,34233,0.0,0.0
2024-09-17 15:55:00-04:00,4.239999771118164,4.239999771118164,4.230000019073486,4.239999771118164,50633,0.0,0.0
2024-09-18 09:30:00-04:00,4.25,4.260000228881836,4.239999771118164,4.239999771118164,40019,0.0,0.0
2024-09-18 09:35:00-04:00,4.240099906921387,4.248700141906738,4.240099906921387,4.248700141906738,452,0.0,0.0
2024-09-18 09:40:00-04:00,4.244999885559082,4.25,4.230000019073486,4.239999771118164,16699,0.0,0.0
2024-09-18 09:45:00-04:00,4.2399001121521,4.239999771118164,4.21999979019165,4.21999979019165,39067,0.0,0.0
2024-09-18 09:50:00-04:00,4.21999979019165,4.230000019073486,4.21999979019165,4.224999904632568,32930,0.0,0.0
2024-09-18 09:55:00-04:00,4.221199989318848,4.230000019073486,4.220099925994873,4.230000019073486,24307,0.0,0.0
2024-09-18 10:00:00-04:00,4.224999904632568,4.224999904632568,4.21999979019165,4.220099925994873,1371,0.0,0.0
2024-09-18 10:05:00-04:00,4.224999904632568,4.224999904632568,4.21999979019165,4.21999979019165,6540,0.0,0.0
2024-09-18 10:10:00-04:00,4.21999979019165,4.230000019073486,4.21999979019165,4.21999979019165,15075,0.0,0.0
2024-09-18 10:15:00-04:00,4.224999904632568,4.230000019073486,4.21999979019165,4.21999979019165,13349,0.0,0.0
2024-09-18 10:20:00-04:00,4.21999979019165,4.230000019073486,4.21999979019165,4.230000019073486,10239,0.0,0.0
2024-09-18 10:25:00-04:00,4.230000019073486,4.239999771118164,4.229100227355957,4.239999771118164,20986,0.0,0.0
2024-09-18 10:30:00-04:00,4.2399001121521,4.239999771118164,4.235000133514404,4.239999771118164,2949,0.0,0.0
2024-09-18 10:35:00-04:00,4.23360013961792,4.2399001121521,4.230000019073486,4.2399001121521,24408,0.0,0.0
2024-09-18 10:40:00-04:00,4.230100154876709,4.238699913024902,4.230000019073486,4.230000019073486,3149,0.0,0.0
2024-09-18 10:45:00-04:00,4.230000019073486,4.239999771118164,4.230000019073486,4.230000019073486,32007,0.0,0.0
2024-09-18 10:50:00-04:00,4.230000019073486,4.230000019073486,4.224999904632568,4.230000019073486,22857,0.0,0.0
2024-09-18 10:55:00-04:00,4.224999904632568,4.230000019073486,4.224999904632568,4.224999904632568,2820,0.0,0.0
2024-09-18 11:00:00-04:00,4.224999904632568,4.230000019073486,4.21999979019165,4.224999904632568,1110,0.0,0.0
2024-09-18 11:05:00-04:00,4.224999904632568,4.230000019073486,4.21999979019165,4.224999904632568,75674,0.0,0.0
2024-09-18 11:10:00-04:00,4.224999904632568,4.225900173187256,4.21999979019165,4.224999904632568,6986,0.0,0.0
2024-09-18 11:15:00-04:00,4.21999979019165,4.229899883270264,4.21999979019165,4.21999979019165,11785,0.0,0.0
2024-09-18 11:20:00-04:00,4.21999979019165,4.230000019073486,4.21999979019165,4.21999979019165,15550,0.0,0.0
2024-09-18 11:25:00-04:00,4.21999979019165,4.230000019073486,4.21999979019165,4.21999979019165,7657,0.0,0.0
2024-09-18 11:30:00-04:00,4.21999979019165,4.224999904632568,4.21999979019165,4.222499847412109,3941,0.0,0.0
2024-09-18 11:35:00-04:00,4.224999904632568,4.230000019073486,4.21999979019165,4.21999979019165,2134,0.0,0.0
2024-09-18 11:40:00-04:00,4.224999904632568,4.230000019073486,4.21999979019165,4.230000019073486,31942,0.0,0.0
2024-09-18 11:45:00-04:00,4.224999904632568,4.230000019073486,4.224999904632568,4.230000019073486,11676,0.0,0.0
2024-09-18 11:50:00-04:00,4.224999904632568,4.230000019073486,4.224999904632568,4.230000019073486,7190,0.0,0.0
2024-09-18 11:55:00-04:00,4.2291998863220215,4.230000019073486,4.22160005569458,4.230000019073486,6011,0.0,0.0
2024-09-18 12:00:00-04:00,4.230000019073486,4.230000019073486,4.224999904632568,4.224999904632568,9159,0.0,0.0
2024-09-18 12:05:00-04:00,4.224999904632568,4.229899883270264,4.224999904632568,4.224999904632568,3700,0.0,0.0
2024-09-18 12:10:00-04:00,4.229899883270264,4.230000019073486,4.224999904632568,4.224999904632568,3397,0.0,0.0
2024-09-18 12:15:00-04:00,4.229899883270264,4.230000019073486,4.221399784088135,4.230000019073486,6997,0.0,0.0
2024-09-18 12:20:00-04:00,4.230000019073486,4.230000019073486,4.220099925994873,4.230000019073486,18874,0.0,0.0
2024-09-18 12:25:00-04:00,4.224999904632568,4.230000019073486,4.221799850463867,4.230000019073486,4344,0.0,0.0
2024-09-18 12:30:00-04:00,4.224999904632568,4.230000019073486,4.224999904632568,4.230000019073486,717,0.0,0.0
2024-09-18 12:35:00-04:00,4.21999979019165,4.230000019073486,4.21999979019165,4.230000019073486,426,0.0,0.0
2024-09-18 12:40:00-04:00,4.229800224304199,4.230000019073486,4.21999979019165,4.230000019073486,7750,0.0,0.0
2024-09-18 12:45:00-04:00,4.230000019073486,4.230000019073486,4.21999979019165,4.21999979019165,3923,0.0,0.0
2024-09-18 12:50:00-04:00,4.230000019073486,4.230000019073486,4.21999979019165,4.230000019073486,4996,0.0,0.0
2024-09-18 12:55:00-04:00,4.21999979019165,4.230000019073486,4.21999979019165,4.230000019073486,11253,0.0,0.0
2024-09-18 13:05:00-04:00,4.221700191497803,4.230000019073486,4.21999979019165,4.230000019073486,3002,0.0,0.0
2024-09-18 13:10:00-04:00,4.21999979019165,4.224999904632568,4.21999979019165,4.224999904632568,350,0.0,0.0
2024-09-18 13:15:00-04:00,4.224999904632568,4.228600025177002,4.215000152587891,4.215000152587891,44337,0.0,0.0
2024-09-18 13:20:00-04:00,4.210000038146973,4.210000038146973,4.210000038146973,4.210000038146973,300,0.0,0.0
2024-09-18 13:25:00-04:00,4.210000038146973,4.215000152587891,4.210000038146973,4.210000038146973,10557,0.0,0.0
2024-09-18 13:35:00-04:00,4.215000152587891,4.215000152587891,4.210000038146973,4.210000038146973,9979,0.0,0.0
2024-09-18 13:40:00-04:00,4.218699932098389,4.218699932098389,4.210000038146973,4.210000038146973,6500,0.0,0.0
2024-09-18 13:45:00-04:00,4.210000038146973,4.218599796295166,4.210000038146973,4.215000152587891,15159,0.0,0.0
2024-09-18 13:50:00-04:00,4.2179999351501465,4.2179999351501465,4.210000038146973,4.210000038146973,3037,0.0,0.0
2024-09-18 13:55:00-04:00,4.215000152587891,4.218699932098389,4.210000038146973,4.215000152587891,1311,0.0,0.0
2024-09-18 14:00:00-04:00,4.21999979019165,4.22790002822876,4.219399929046631,4.220099925994873,13222,0.0,0.0
2024-09-18 14:05:00-04:00,4.221199989318848,4.224999904632568,4.210000038146973,4.219900131225586,20189,0.0,0.0
2024-09-18 14:10:00-04:00,4.215000152587891,4.21999979019165,4.179999828338623,4.190100193023682,127568,0.0,0.0
2024-09-18 14:15:00-04:00,4.198699951171875,4.199999809265137,4.190000057220459,4.195000171661377,3578,0.0,0.0
2024-09-18 14:20:00-04:00,4.198699951171875,4.199999809265137,4.195000171661377,4.196499824523926,4684,0.0,0.0
2024-09-18 14:25:00-04:00,4.199999809265137,4.199999809265137,4.190000057220459,4.195000171661377,13186,0.0,0.0
2024-09-18 14:30:00-04:00,4.195000171661377,4.210000038146973,4.190000057220459,4.199999809265137,59398,0.0,0.0
2024-09-18 14:35:00-04:00,4.204999923706055,4.20989990234375,4.199999809265137,4.199999809265137,14834,0.0,0.0
2024-09-18 14:40:00-04:00,4.199999809265137,4.204999923706055,4.199999809265137,4.199999809265137,5455,0.0,0.0
2024-09-18 14:45:00-04:00,4.199999809265137,4.210000038146973,4.195000171661377,4.210000038146973,24105,0.0,0.0
2024-09-18 14:50:00-04:00,4.210000038146973,4.210000038146973,4.201499938964844,4.210000038146973,9828,0.0,0.0
2024-09-18 14:55:00-04:00,4.205699920654297,4.210000038146973,4.204999923706055,4.210000038146973,6695,0.0,0.0
2024-09-18 15:00:00-04:00,4.204999923706055,4.204999923706055,4.199999809265137,4.199999809265137,1380,0.0,0.0
2024-09-18 15:05:00-04:00,4.199999809265137,4.210000038146973,4.199999809265137,4.210000038146973,3701,0.0,0.0
2024-09-18 15:10:00-04:00,4.210000038146973,4.210000038146973,4.199999809265137,4.20989990234375,4700,0.0,0.0
2024-09-18 15:15:00-04:00,4.204999923706055,4.20989990234375,4.199999809265137,4.201600074768066,14008,0.0,0.0
2024-09-18 15:20:00-04:00,4.204999923706055,4.208700180053711,4.199999809265137,4.204999923706055,5325,0.0,0.0
2024-09-18 15:25:00-04:00,4.204999923706055,4.210000038146973,4.199999809265137,4.204999923706055,2230,0.0,0.0
2024-09-18 15:30:00-04:00,4.210000038146973,4.210000038146973,4.199999809265137,4.199999809265137,3281,0.0,0.0
2024-09-18 15:35:00-04:00,4.199999809265137,4.208700180053711,4.199999809265137,4.208700180053711,7682,0.0,0.0
2024-09-18 15:40:00-04:00,4.199999809265137,4.20989990234375,4.199999809265137,4.204999923706055,27394,0.0,0.0
2024-09-18 15:45:00-04:00,4.199999809265137,4.199999809265137,4.199999809265137,4.199999809265137,1030,0.0,0.0
2024-09-18 15:50:00-04:00,4.199999809265137,4.210000038146973,4.199999809265137,4.200099945068359,5449,0.0,0.0
2024-09-18 15:55:00-04:00,4.199999809265137,4.204999923706055,4.199999809265137,4.199999809265137,28362,0.0,0.0
2024-09-19 09:30:00-04:00,4.210000038146973,4.210000038146973,4.210000038146973,4.210000038146973,14217,0.0,0.0
2024-09-19 09:35:00-04:00,4.219900131225586,4.219900131225586,4.215000152587891,4.215000152587891,218,0.0,0.0
2024-09-19 09:40:00-04:00,4.210100173950195,4.215000152587891,4.199999809265137,4.204999923706055,28566,0.0,0.0
2024-09-19 09:45:00-04:00,4.210000038146973,4.210000038146973,4.200099945068359,4.20989990234375,1782,0.0,0.0
2024-09-19 09:50:00-04:00,4.210000038146973,4.210000038146973,4.199999809265137,4.199999809265137,14858,0.0,0.0
2024-09-19 09:55:00-04:00,4.203999996185303,4.209700107574463,4.203999996185303,4.204999923706055,4745,0.0,0.0
2024-09-19 10:00:00-04:00,4.203999996185303,4.210000038146973,4.199999809265137,4.208899974822998,2542,0.0,0.0
2024-09-19 10:05:00-04:00,4.210000038146973,4.210000038146973,4.199999809265137,4.199999809265137,31463,0.0,0.0
2024-09-19 10:10:00-04:00,4.199999809265137,4.209400177001953,4.199999809265137,4.204999923706055,29031,0.0,0.0
2024-09-19 10:15:00-04:00,4.204999923706055,4.204999923706055,4.201499938964844,4.201499938964844,4508,0.0,0.0
2024-09-19 10:20:00-04:00,4.204999923706055,4.210000038146973,4.199999809265137,4.204999923706055,3690,0.0,0.0
2024-09-19 10:25:00-04:00,4.199999809265137,4.204999923706055,4.199999809265137,4.199999809265137,4719,0.0,0.0
2024-09-19 10:30:00-04:00,4.201700210571289,4.210000038146973,4.199999809265137,4.199999809265137,17792,0.0,0.0
2024-09-19 10:35:00-04:00,4.20989990234375,4.20989990234375,4.199999809265137,4.208600044250488,11455,0.0,0.0
2024-09-19 10:40:00-04:00,4.199999809265137,4.210000038146973,4.199999809265137,4.199999809265137,8600,0.0,0.0
2024-09-19 10:45:00-04:00,4.209700107574463,4.210000038146973,4.199999809265137,4.204999923706055,15305,0.0,0.0
2024-09-19 10:50:00-04:00,4.204999923706055,4.210000038146973,4.199999809265137,4.199999809265137,7505,0.0,0.0
2024-09-19 10:55:00-04:00,4.199999809265137,4.204999923706055,4.199999809265137,4.204999923706055,1079,0.0,0.0
2024-09-19 11:00:00-04:00,4.204999923706055,4.208600044250488,4.199999809265137,4.199999809265137,11371,0.0,0.0
2024-09-19 11:05:00-04:00,4.204999923706055,4.20989990234375,4.199999809265137,4.20989990234375,13263,0.0,0.0
2024-09-19 11:10:00-04:00,4.199999809265137,4.199999809265137,4.199999809265137,4.199999809265137,500,0.0,0.0
2024-09-19 11:15:00-04:00,4.199999809265137,4.199999809265137,4.199999809265137,4.199999809265137,340,0.0,0.0
2024-09-19 11:20:00-04:00,4.20989990234375,4.20989990234375,4.199999809265137,4.199999809265137,1423,0.0,0.0
2024-09-19 11:25:00-04:00,4.20989990234375,4.20989990234375,4.199999809265137,4.204999923706055,9129,0.0,0.0
2024-09-19 11:30:00-04:00,4.20989990234375,4.20989990234375,4.190000057220459,4.190000057220459,29432,0.0,0.0
2024-09-19 11:35:00-04:00,4.190000057220459,4.195000171661377,4.190000057220459,4.190000057220459,34075,0.0,0.0
2024-09-19 11:40:00-04:00,4.190000057220459,4.190000057220459,4.179999828338623,4.190000057220459,41949,0.0,0.0
2024-09-19 11:45:00-04:00,4.186200141906738,4.190000057220459,4.179999828338623,4.190000057220459,8445,0.0,0.0
2024-09-19 11:50:00-04:00,4.179999828338623,4.190000057220459,4.179999828338623,4.179999828338623,17274,0.0,0.0
2024-09-19 11:55:00-04:00,4.184999942779541,4.190000057220459,4.179999828338623,4.190000057220459,16946,0.0,0.0
2024-09-19 12:00:00-04:00,4.179999828338623,4.190000057220459,4.179999828338623,4.184999942779541,31046,0.0,0.0
2024-09-19 12:05:00-04:00,4.184999942779541,4.190000057220459,4.184999942779541,4.184999942779541,8573,0.0,0.0
2024-09-19 12:10:00-04:00,4.184999942779541,4.190000057220459,4.179999828338623,4.1828999519348145,28836,0.0,0.0
2024-09-19 12:15:00-04:00,4.189899921417236,4.190000057220459,4.179999828338623,4.184999942779541,8171,0.0,0.0
2024-09-19 12:20:00-04:00,4.184999942779541,4.184999942779541,4.184999942779541,4.184999942779541,3064,0.0,0.0
2024-09-19 12:25:00-04:00,4.184999942779541,4.190000057220459,4.179999828338623,4.188399791717529,28659,0.0,0.0
2024-09-19 12:30:00-04:00,4.189000129699707,4.190000057220459,4.179999828338623,4.179999828338623,18608,0.0,0.0
2024-09-19 12:35:00-04:00,4.179999828338623,4.190000057220459,4.179999828338623,4.179999828338623,9001,0.0,0.0
2024-09-19 12:40:00-04:00,4.179999828338623,4.188600063323975,4.179999828338623,4.179999828338623,3187,0.0,0.0
2024-09-19 12:45:00-04:00,4.181399822235107,4.190000057220459,4.179999828338623,4.179999828338623,5769,0.0,0.0
2024-09-19 12:50:00-04:00,4.184999942779541,4.190000057220459,4.179999828338623,4.179999828338623,9661,0.0,0.0
2024-09-19 12:55:00-04:00,4.184999942779541,4.190000057220459,4.179999828338623,4.190000057220459,9038,0.0,0.0
2024-09-19 13:00:00-04:00,4.179999828338623,4.190000057220459,4.179999828338623,4.179999828338623,11055,0.0,0.0
2024-09-19 13:05:00-04:00,4.179999828338623,4.184999942779541,4.179999828338623,4.179999828338623,910,0.0,0.0
2024-09-19 13:10:00-04:00,4.179999828338623,4.190000057220459,4.179999828338623,4.179999828338623,7808,0.0,0.0
2024-09-19 13:15:00-04:00,4.190000057220459,4.190000057220459,4.179999828338623,4.184999942779541,44498,0.0,0.0
2024-09-19 13:20:00-04:00,4.184999942779541,4.184999942779541,4.179999828338623,4.179999828338623,461,0.0,0.0
2024-09-19 13:25:00-04:00,4.179999828338623,4.189899921417236,4.179999828338623,4.179999828338623,2154,0.0,0.0
2024-09-19 13:30:00-04:00,4.179999828338623,4.184999942779541,4.179999828338623,4.184999942779541,3999,0.0,0.0
2024-09-19 13:35:00-04:00,4.179999828338623,4.184999942779541,4.179999828338623,4.184999942779541,1106,0.0,0.0
2024-09-19 13:40:00-04:00,4.179999828338623,4.190000057220459,4.179999828338623,4.184999942779541,8126,0.0,0.0
2024-09-19 13:45:00-04:00,4.184999942779541,4.184999942779541,4.179999828338623,4.179999828338623,425,0.0,0.0
2024-09-19 13:50:00-04:00,4.184999942779541,4.190000057220459,4.179999828338623,4.179999828338623,4237,0.0,0.0
2024-09-19 13:55:00-04:00,4.184999942779541,4.188499927520752,4.179999828338623,4.184999942779541,10511,0.0,0.0
2024-09-19 14:00:00-04:00,4.184999942779541,4.184999942779541,4.179999828338623,4.179999828338623,14367,0.0,0.0
2024-09-19 14:10:00-04:00,4.179999828338623,4.188700199127197,4.179999828338623,4.182400226593018,31818,0.0,0.0
2024-09-19 14:15:00-04:00,4.1875,4.1875,4.170000076293945,4.178699970245361,20846,0.0,0.0
2024-09-19 14:20:00-04:00,4.175000190734863,4.178699970245361,4.170000076293945,4.170000076293945,4124,0.0,0.0
2024-09-19 14:25:00-04:00,4.170000076293945,4.175000190734863,4.170000076293945,4.170000076293945,2225,0.0,0.0
2024-09-19 14:30:00-04:00,4.170000076293945,4.179999828338623,4.170000076293945,4.175000190734863,22860,0.0,0.0
2024-09-19 14:35:00-04:00,4.170100212097168,4.179999828338623,4.170000076293945,4.170000076293945,2322,0.0,0.0
2024-09-19 14:40:00-04:00,4.175000190734863,4.179999828338623,4.170000076293945,4.170000076293945,17750,0.0,0.0
2024-09-19 14:45:00-04:00,4.175000190734863,4.175000190734863,4.17140007019043,4.175000190734863,2110,0.0,0.0
2024-09-19 14:50:00-04:00,4.170000076293945,4.179999828338623,4.170000076293945,4.175000190734863,8023,0.0,0.0
2024-09-19 14:55:00-04:00,4.170000076293945,4.179999828338623,4.170000076293945,4.170000076293945,50062,0.0,0.0
2024-09-19 15:00:00-04:00,4.170000076293945,4.178699970245361,4.170000076293945,4.170000076293945,52791,0.0,0.0
2024-09-19 15:05:00-04:00,4.170000076293945,4.178299903869629,4.159999847412109,4.164999961853027,28669,0.0,0.0
2024-09-19 15:10:00-04:00,4.164999961853027,4.165599822998047,4.159999847412109,4.159999847412109,11364,0.0,0.0
2024-09-19 15:15:00-04:00,4.159999847412109,4.169899940490723,4.159999847412109,4.159999847412109,1102,0.0,0.0
2024-09-19 15:20:00-04:00,4.159999847412109,4.170000076293945,4.159999847412109,4.159999847412109,6250,0.0,0.0
2024-09-19 15:25:00-04:00,4.169899940490723,4.169899940490723,4.159999847412109,4.169899940490723,6856,0.0,0.0
2024-09-19 15:30:00-04:00,4.159999847412109,4.170000076293945,4.159999847412109,4.159999847412109,9665,0.0,0.0
2024-09-19 15:35:00-04:00,4.159999847412109,4.169899940490723,4.159999847412109,4.169899940490723,23621,0.0,0.0
2024-09-19 15:40:00-04:00,4.170000076293945,4.170000076293945,4.164999961853027,4.164999961853027,1136,0.0,0.0
2024-09-19 15:45:00-04:00,4.164999961853027,4.170000076293945,4.159999847412109,4.159999847412109,8076,0.0,0.0
2024-09-19 15:50:00-04:00,4.164999961853027,4.170000076293945,4.159999847412109,4.159999847412109,27347,0.0,0.0
2024-09-19 15:55:00-04:00,4.164999961853027,4.170000076293945,4.159999847412109,4.159999847412109,54122,0.0,0.0
2024-09-20 09:30:00-04:00,4.159999847412109,4.170000076293945,4.159999847412109,4.170000076293945,14587,0.0,0.0
2024-09-20 09:35:00-04:00,4.170000076293945,4.179699897766113,4.170000076293945,4.170000076293945,8854,0.0,0.0
2024-09-20 09:40:00-04:00,4.179900169372559,4.179900169372559,4.170000076293945,4.170000076293945,8763,0.0,0.0
2024-09-20 09:45:00-04:00,4.178699970245361,4.178699970245361,4.170000076293945,4.170000076293945,3879,0.0,0.0
2024-09-20 09:50:00-04:00,4.164999961853027,4.169899940490723,4.159999847412109,4.169899940490723,3549,0.0,0.0
2024-09-20 09:55:00-04:00,4.169899940490723,4.169899940490723,4.164999961853027,4.164999961853027,4461,0.0,0.0
2024-09-20 10:05:00-04:00,4.164999961853027,4.169000148773193,4.159999847412109,4.169000148773193,2000,0.0,0.0
2024-09-20 10:10:00-04:00,4.164999961853027,4.170000076293945,4.164999961853027,4.170000076293945,3627,0.0,0.0
2024-09-20 10:15:00-04:00,4.161399841308594,4.170000076293945,4.161399841308594,4.164999961853027,2342,0.0,0.0
2024-09-20 10:20:00-04:00,4.164999961853027,4.170000076293945,4.159999847412109,4.164999961853027,28102,0.0,0.0
2024-09-20 10:25:00-04:00,4.169099807739258,4.169899940490723,4.164999961853027,4.164999961853027,1474,0.0,0.0
2024-09-20 10:30:00-04:00,4.169000148773193,4.170000076293945,4.160099983215332,4.170000076293945,5156,0.0,0.0
2024-09-20 10:35:00-04:00,4.170000076293945,4.170000076293945,4.164999961853027,4.164999961853027,1096,0.0,0.0
2024-09-20 10:40:00-04:00,4.164999961853027,4.16949987411499,4.164999961853027,4.164999961853027,1807,0.0,0.0
2024-09-20 10:45:00-04:00,4.164999961853027,4.164999961853027,4.164999961853027,4.164999961853027,592,0.0,0.0
2024-09-20 10:50:00-04:00,4.164999961853027,4.170000076293945,4.161499977111816,4.170000076293945,5540,0.0,0.0
2024-09-20 10:55:00-04:00,4.170000076293945,4.175000190734863,4.170000076293945,4.175000190734863,3092,0.0,0.0
2024-09-20 11:00:00-04:00,4.179900169372559,4.179999828338623,4.178699970245361,4.178699970245361,1200,0.0,0.0
2024-09-20 11:05:00-04:00,4.170199871063232,4.175000190734863,4.170000076293945,4.170000076293945,6573,0.0,0.0
2024-09-20 11:10:00-04:00,4.175000190734863,4.175000190734863,4.175000190734863,4.175000190734863,5312,0.0,0.0
2024-09-20 11:15:00-04:00,4.175000190734863,4.179999828338623,4.175000190734863,4.175000190734863,2613,0.0,0.0
2024-09-20 11:20:00-04:00,4.175000190734863,4.175000190734863,4.170000076293945,4.170000076293945,472,0.0,0.0
2024-09-20 11:25:00-04:00,4.177800178527832,4.179999828338623,4.175000190734863,4.175000190734863,4153,0.0,0.0
2024-09-20 11:30:00-04:00,4.179900169372559,4.179900169372559,4.170100212097168,4.170100212097168,1159,0.0,0.0
2024-09-20 11:35:00-04:00,4.175000190734863,4.175000190734863,4.175000190734863,4.175000190734863,225,0.0,0.0
2024-09-20 11:40:00-04:00,4.179999828338623,4.179999828338623,4.176799774169922,4.179999828338623,2483,0.0,0.0
2024-09-20 11:45:00-04:00,4.179999828338623,4.179999828338623,4.171800136566162,4.179999828338623,7406,0.0,0.0
2024-09-20 11:50:00-04:00,4.179999828338623,4.190000057220459,4.179999828338623,4.188300132751465,34470,0.0,0.0
2024-09-20 11:55:00-04:00,4.190000057220459,4.190000057220459,4.179999828338623,4.179999828338623,1166,0.0,0.0
2024-09-20 12:00:00-04:00,4.179999828338623,4.190000057220459,4.179999828338623,4.190000057220459,3386,0.0,0.0
2024-09-20 12:05:00-04:00,4.188600063323975,4.190000057220459,4.179999828338623,4.179999828338623,4718,0.0,0.0
2024-09-20 12:10:00-04:00,4.179999828338623,4.190000057220459,4.179999828338623,4.179999828338623,1752,0.0,0.0
2024-09-20 12:15:00-04:00,4.190000057220459,4.190000057220459,4.179999828338623,4.179999828338623,5219,0.0,0.0
2024-09-20 12:20:00-04:00,4.179999828338623,4.179999828338623,4.170000076293945,4.175000190734863,37191,0.0,0.0
2024-09-20 12:25:00-04:00,4.170000076293945,4.170000076293945,4.170000076293945,4.170000076293945,749,0.0,0.0
2024-09-20 12:30:00-04:00,4.17140007019043,4.177999973297119,4.170000076293945,4.170000076293945,5594,0.0,0.0
2024-09-20 12:35:00-04:00,4.170000076293945,4.175000190734863,4.170000076293945,4.175000190734863,5699,0.0,0.0
2024-09-20 12:40:00-04:00,4.170000076293945,4.178500175476074,4.170000076293945,4.178500175476074,857,0.0,0.0
2024-09-20 12:45:00-04:00,4.178500175476074,4.178599834442139,4.170000076293945,4.170000076293945,1789,0.0,0.0
2024-09-20 12:50:00-04:00,4.170000076293945,4.170100212097168,4.170000076293945,4.170000076293945,824,0.0,0.0
2024-09-20 12:55:00-04:00,4.179900169372559,4.179900169372559,4.170000076293945,4.1717000007629395,6012,0.0,0.0
2024-09-20 13:00:00-04:00,4.170000076293945,4.175000190734863,4.170000076293945,4.170000076293945,2967,0.0,0.0
2024-09-20 13:10:00-04:00,4.170000076293945,4.170000076293945,4.170000076293945,4.170000076293945,320,0.0,0.0
2024-09-20 13:15:00-04:00,4.175000190734863,4.175000190734863,4.164999961853027,4.169899940490723,21088,0.0,0.0
2024-09-20 13:20:00-04:00,4.164999961853027,4.169899940490723,4.164999961853027,4.164999961853027,762,0.0,0.0
2024-09-20 13:25:00-04:00,4.160099983215332,4.160099983215332,4.160099983215332,4.160099983215332,446,0.0,0.0
2024-09-20 13:35:00-04:00,4.165284156799316,4.165284156799316,4.159999847412109,4.159999847412109,589,0.0,0.0
2024-09-20 13:40:00-04:00,4.159999847412109,4.168600082397461,4.159999847412109,4.159999847412109,10772,0.0,0.0
2024-09-20 13:45:00-04:00,4.159999847412109,4.168600082397461,4.159999847412109,4.164999961853027,2149,0.0,0.0
2024-09-20 13:50:00-04:00,4.161499977111816,4.166344165802002,4.159999847412109,4.164999961853027,4517,0.0,0.0
2024-09-20 13:55:00-04:00,4.159999847412109,4.159999847412109,4.139999866485596,4.139999866485596,133503,0.0,0.0
2024-09-20 14:00:00-04:00,4.139999866485596,4.150000095367432,4.139999866485596,4.139999866485596,11408,0.0,0.0
2024-09-20 14:05:00-04:00,4.139999866485596,4.149899959564209,4.139999866485596,4.139999866485596,6178,0.0,0.0
2024-09-20 14:10:00-04:00,4.139999866485596,4.149899959564209,4.139999866485596,4.139999866485596,25900,0.0,0.0
2024-09-20 14:15:00-04:00,4.139999866485596,4.14870023727417,4.139999866485596,4.14870023727417,1424,0.0,0.0
2024-09-20 14:20:00-04:00,4.144999980926514,4.144999980926514,4.139999866485596,4.139999866485596,567,0.0,0.0
2024-09-20 14:25:00-04:00,4.139999866485596,4.150000095367432,4.139999866485596,4.139999866485596,6419,0.0,0.0
2024-09-20 14:30:00-04:00,4.144999980926514,4.144999980926514,4.139999866485596,4.144999980926514,464,0.0,0.0
2024-09-20 14:35:00-04:00,4.139999866485596,4.144999980926514,4.139999866485596,4.144999980926514,10658,0.0,0.0
2024-09-20 14:40:00-04:00,4.139999866485596,4.149899959564209,4.139999866485596,4.139999866485596,9827,0.0,0.0
2024-09-20 14:45:00-04:00,4.139999866485596,4.149899959564209,4.139999866485596,4.144999980926514,928,0.0,0.0
2024-09-20 14:50:00-04:00,4.144999980926514,4.150000095367432,4.139999866485596,4.144999980926514,5798,0.0,0.0
2024-09-20 14:55:00-04:00,4.139999866485596,4.139999866485596,4.139999866485596,4.139999866485596,861,0.0,0.0
2024-09-20 15:00:00-04:00,4.144999980926514,4.145899772644043,4.139999866485596,4.139999866485596,2592,0.0,0.0
2024-09-20 15:05:00-04:00,4.1417999267578125,4.150000095367432,4.139999866485596,4.139999866485596,3788,0.0,0.0
2024-09-20 15:10:00-04:00,4.139999866485596,4.139999866485596,4.139999866485596,4.139999866485596,621,0.0,0.0
2024-09-20 15:15:00-04:00,4.145899772644043,4.145899772644043,4.139999866485596,4.144999980926514,1006,0.0,0.0
2024-09-20 15:20:00-04:00,4.140100002288818,4.149899959564209,4.139999866485596,4.14870023727417,3387,0.0,0.0
2024-09-20 15:25:00-04:00,4.150000095367432,4.150000095367432,4.139999866485596,4.14870023727417,9566,0.0,0.0
2024-09-20 15:30:00-04:00,4.139999866485596,4.150000095367432,4.139999866485596,4.139999866485596,3573,0.0,0.0
2024-09-20 15:35:00-04:00,4.139999866485596,4.149899959564209,4.139999866485596,4.149899959564209,1009,0.0,0.0
2024-09-20 15:40:00-04:00,4.139999866485596,4.149899959564209,4.139999866485596,4.139999866485596,28896,0.0,0.0
2024-09-20 15:45:00-04:00,4.139999866485596,4.1402997970581055,4.139999866485596,4.139999866485596,24030,0.0,0.0
2024-09-20 15:50:00-04:00,4.139999866485596,4.144999980926514,4.139999866485596,4.139999866485596,2075,0.0,0.0
2024-09-20 15:55:00-04:00,4.139999866485596,4.150000095367432,4.130000114440918,4.135000228881836,37661,0.0,0.0
2024-09-23 09:30:00-04:00,4.150000095367432,4.150000095367432,4.139999866485596,4.150000095367432,32377,0.0,0.0
2024-09-23 09:35:00-04:00,4.144999980926514,4.148799896240234,4.144999980926514,4.148799896240234,600,0.0,0.0
2024-09-23 09:40:00-04:00,4.144000053405762,4.150000095367432,4.139999866485596,4.144999980926514,4662,0.0,0.0
2024-09-23 09:45:00-04:00,4.139999866485596,4.140100002288818,4.130000114440918,4.130000114440918,20630,0.0,0.0
2024-09-23 09:50:00-04:00,4.139900207519531,4.139900207519531,4.125,4.130000114440918,61392,0.0,0.0
2024-09-23 09:55:00-04:00,4.125,4.130000114440918,4.119999885559082,4.127399921417236,22153,0.0,0.0
2024-09-23 10:00:00-04:00,4.130000114440918,4.130000114440918,4.125,4.130000114440918,31406,0.0,0.0
2024-09-23 10:05:00-04:00,4.139699935913086,4.139999866485596,4.130199909210205,4.139999866485596,19881,0.0,0.0
2024-09-23 10:10:00-04:00,4.136899948120117,4.139999866485596,4.130000114440918,4.135000228881836,11845,0.0,0.0
2024-09-23 10:15:00-04:00,4.135000228881836,4.139999866485596,4.130000114440918,4.135000228881836,9394,0.0,0.0
2024-09-23 10:20:00-04:00,4.135000228881836,4.139999866485596,4.135000228881836,4.135000228881836,13262,0.0,0.0
2024-09-23 10:25:00-04:00,4.139100074768066,4.139999866485596,4.135000228881836,4.139999866485596,2253,0.0,0.0
2024-09-23 10:30:00-04:00,4.130099773406982,4.139999866485596,4.130099773406982,4.139999866485596,4249,0.0,0.0
2024-09-23 10:35:00-04:00,4.139999866485596,4.139999866485596,4.138000011444092,4.138000011444092,13115,0.0,0.0
2024-09-23 10:40:00-04:00,4.139999866485596,4.139999866485596,4.130000114440918,4.130000114440918,5905,0.0,0.0
2024-09-23 10:45:00-04:00,4.139999866485596,4.159999847412109,4.139999866485596,4.159900188446045,103728,0.0,0.0
2024-09-23 10:50:00-04:00,4.150300025939941,4.159999847412109,4.150000095367432,4.159999847412109,15508,0.0,0.0
2024-09-23 10:55:00-04:00,4.15500020980835,4.15500020980835,4.150000095367432,4.15500020980835,9425,0.0,0.0
2024-09-23 11:00:00-04:00,4.15500020980835,4.159999847412109,4.150000095367432,4.159999847412109,5490,0.0,0.0
2024-09-23 11:05:00-04:00,4.150000095367432,4.15500020980835,4.150000095367432,4.150000095367432,1449,0.0,0.0
2024-09-23 11:10:00-04:00,4.15500020980835,4.15880012512207,4.150000095367432,4.150000095367432,19107,0.0,0.0
2024-09-23 11:15:00-04:00,4.15500020980835,4.15500020980835,4.150000095367432,4.150000095367432,7249,0.0,0.0
2024-09-23 11:20:00-04:00,4.15500020980835,4.159200191497803,4.150000095367432,4.150000095367432,2494,0.0,0.0
2024-09-23 11:25:00-04:00,4.150000095367432,4.151299953460693,4.150000095367432,4.150000095367432,4037,0.0,0.0
2024-09-23 11:30:00-04:00,4.150000095367432,4.1585001945495605,4.150000095367432,4.150000095367432,1123,0.0,0.0
2024-09-23 11:35:00-04:00,4.15500020980835,4.15500020980835,4.150000095367432,4.150000095367432,12017,0.0,0.0
2024-09-23 11:40:00-04:00,4.150000095367432,4.15500020980835,4.139999866485596,4.139999866485596,20047,0.0,0.0
2024-09-23 11:45:00-04:00,4.139999866485596,4.144999980926514,4.139999866485596,4.144999980926514,1656,0.0,0.0
2024-09-23 11:50:00-04:00,4.148600101470947,4.148600101470947,4.139999866485596,4.148499965667725,2433,0.0,0.0
2024-09-23 11:55:00-04:00,4.139999866485596,4.150000095367432,4.139999866485596,4.144999980926514,1941,0.0,0.0
2024-09-23 12:00:00-04:00,4.146999835968018,4.150000095367432,4.144999980926514,4.150000095367432,4496,0.0,0.0
2024-09-23 12:05:00-04:00,4.139999866485596,4.144999980926514,4.139999866485596,4.139999866485596,350,0.0,0.0
2024-09-23 12:10:00-04:00,4.139999866485596,4.150000095367432,4.139999866485596,4.144999980926514,1673,0.0,0.0
2024-09-23 12:15:00-04:00,4.140100002288818,4.150000095367432,4.139999866485596,4.144999980926514,5924,0.0,0.0
2024-09-23 12:20:00-04:00,4.144999980926514,4.144999980926514,4.139999866485596,4.144999980926514,13854,0.0,0.0
2024-09-23 12:25:00-04:00,4.144999980926514,4.144999980926514,4.139999866485596,4.144999980926514,19615,0.0,0.0
2024-09-23 12:30:00-04:00,4.139999866485596,4.144999980926514,4.139999866485596,4.144999980926514,1702,0.0,0.0
2024-09-23 12:35:00-04:00,4.144999980926514,4.144999980926514,4.135000228881836,4.135000228881836,45140,0.0,0.0
2024-09-23 12:40:00-04:00,4.135000228881836,4.138800144195557,4.130000114440918,4.135000228881836,33472,0.0,0.0
2024-09-23 12:45:00-04:00,4.130000114440918,4.139999866485596,4.130000114440918,4.135000228881836,14595,0.0,0.0
2024-09-23 12:50:00-04:00,4.130000114440918,4.139999866485596,4.130000114440918,4.130000114440918,2265,0.0,0.0
2024-09-23 12:55:00-04:00,4.135000228881836,4.138599872589111,4.130000114440918,4.130000114440918,4622,0.0,0.0
2024-09-23 13:00:00-04:00,4.130000114440918,4.139999866485596,4.130000114440918,4.130000114440918,500,0.0,0.0
2024-09-23 13:05:00-04:00,4.135000228881836,4.135000228881836,4.135000228881836,4.135000228881836,500,0.0,0.0
2024-09-23 13:10:00-04:00,4.130000114440918,4.135000228881836,4.130000114440918,4.130000114440918,16204,0.0,0.0
2024-09-23 13:15:00-04:00,4.130000114440918,4.139900207519531,4.130000114440918,4.135000228881836,12704,0.0,0.0
2024-09-23 13:20:00-04:00,4.135000228881836,4.135000228881836,4.135000228881836,4.135000228881836,167,0.0,0.0
2024-09-23 13:25:00-04:00,4.139999866485596,4.139999866485596,4.130000114440918,4.130000114440918,6561,0.0,0.0
2024-09-23 13:30:00-04:00,4.135000228881836,4.139900207519531,4.131400108337402,4.131400108337402,9294,0.0,0.0
2024-09-23 13:35:00-04:00,4.138700008392334,4.138700008392334,4.135000228881836,4.135000228881836,2109,0.0,0.0
2024-09-23 13:40:00-04:00,4.135000228881836,4.139999866485596,4.135000228881836,4.135000228881836,1244,0.0,0.0
2024-09-23 13:45:00-04:00,4.130000114440918,4.135000228881836,4.130000114440918,4.135000228881836,1256,0.0,0.0
2024-09-23 13:50:00-04:00,4.135000228881836,4.135000228881836,4.130000114440918,4.135000228881836,750,0.0,0.0
2024-09-23 13:55:00-04:00,4.135000228881836,4.139999866485596,4.130000114440918,4.139999866485596,1199,0.0,0.0
2024-09-23 14:00:00-04:00,4.135000228881836,4.139999866485596,4.130000114440918,4.135000228881836,7859,0.0,0.0
2024-09-23 14:05:00-04:00,4.135000228881836,4.135000228881836,4.135000228881836,4.135000228881836,3392,0.0,0.0
2024-09-23 14:10:00-04:00,4.135000228881836,4.139999866485596,4.135000228881836,4.139900207519531,1170,0.0,0.0
2024-09-23 14:15:00-04:00,4.135000228881836,4.139999866485596,4.130000114440918,4.130000114440918,27856,0.0,0.0
2024-09-23 14:20:00-04:00,4.135000228881836,4.139999866485596,4.130000114440918,4.139999866485596,5779,0.0,0.0
2024-09-23 14:25:00-04:00,4.130099773406982,4.138599872589111,4.130099773406982,4.13700008392334,3289,0.0,0.0
2024-09-23 14:30:00-04:00,4.130000114440918,4.139999866485596,4.130000114440918,4.139900207519531,34470,0.0,0.0
2024-09-23 14:35:00-04:00,4.135000228881836,4.139900207519531,4.130000114440918,4.135000228881836,2988,0.0,0.0
2024-09-23 14:40:00-04:00,4.135000228881836,4.139999866485596,4.130000114440918,4.135000228881836,8144,0.0,0.0
2024-09-23 14:45:00-04:00,4.135000228881836,4.139999866485596,4.135000228881836,4.139999866485596,3247,0.0,0.0
2024-09-23 14:50:00-04:00,4.133500099182129,4.135000228881836,4.133500099182129,4.135000228881836,2008,0.0,0.0
2024-09-23 14:55:00-04:00,4.135000228881836,4.135000228881836,4.135000228881836,4.135000228881836,4002,0.0,0.0
2024-09-23 15:00:00-04:00,4.135000228881836,4.139999866485596,4.119999885559082,4.126735210418701,78015,0.0,0.0
2024-09-23 15:05:00-04:00,4.125,4.129899978637695,4.119999885559082,4.125,3555,0.0,0.0
2024-09-23 15:10:00-04:00,4.126399993896484,4.129899978637695,4.119999885559082,4.120100021362305,11180,0.0,0.0
2024-09-23 15:15:00-04:00,4.130000114440918,4.130000114440918,4.119999885559082,4.125,9230,0.0,0.0
2024-09-23 15:20:00-04:00,4.125,4.130000114440918,4.125,4.125,4586,0.0,0.0
2024-09-23 15:25:00-04:00,4.125,4.1269001960754395,4.120100021362305,4.1269001960754395,7668,0.0,0.0
2024-09-23 15:30:00-04:00,4.1280999183654785,4.130000114440918,4.119999885559082,4.125,27493,0.0,0.0
2024-09-23 15:35:00-04:00,4.128600120544434,4.130000114440918,4.119999885559082,4.125,17440,0.0,0.0
2024-09-23 15:40:00-04:00,4.129899978637695,4.130000114440918,4.125,4.130000114440918,1608,0.0,0.0
2024-09-23 15:45:00-04:00,4.125,4.130000114440918,4.125,4.130000114440918,1345,0.0,0.0
2024-09-23 15:50:00-04:00,4.125,4.125,4.119999885559082,4.125,35802,0.0,0.0
2024-09-23 15:55:00-04:00,4.119999885559082,4.128600120544434,4.119999885559082,4.125,21046,0.0,0.0
2024-09-24 09:30:00-04:00,4.130000114440918,4.135000228881836,4.119999885559082,4.119999885559082,68050,0.0,0.0
2024-09-24 09:35:00-04:00,4.125,4.130000114440918,4.119999885559082,4.125,39195,0.0,0.0
2024-09-24 09:40:00-04:00,4.119999885559082,4.129899978637695,4.119999885559082,4.128699779510498,1467,0.0,0.0
2024-09-24 09:45:00-04:00,4.120999813079834,4.128300189971924,4.119999885559082,4.120500087738037,23906,0.0,0.0
2024-09-24 09:50:00-04:00,4.121399879455566,4.130000114440918,4.119999885559082,4.125,72091,0.0,0.0
2024-09-24 09:55:00-04:00,4.119999885559082,4.12532377243042,4.119999885559082,4.119999885559082,13761,0.0,0.0
2024-09-24 10:00:00-04:00,4.119999885559082,4.125,4.119999885559082,4.119999885559082,607,0.0,0.0
2024-09-24 10:05:00-04:00,4.119999885559082,4.129899978637695,4.119999885559082,4.128600120544434,1685,0.0,0.0
2024-09-24 10:10:00-04:00,4.119999885559082,4.128499984741211,4.119999885559082,4.125,10485,0.0,0.0
2024-09-24 10:15:00-04:00,4.121200084686279,4.129899978637695,4.119999885559082,4.119999885559082,3040,0.0,0.0
2024-09-24 10:20:00-04:00,4.119999885559082,4.130000114440918,4.119999885559082,4.119999885559082,23010,0.0,0.0
2024-09-24 10:25:00-04:00,4.119999885559082,4.125,4.119999885559082,4.125,13017,0.0,0.0
2024-09-24 10:30:00-04:00,4.119999885559082,4.129899978637695,4.119999885559082,4.125,17688,0.0,0.0
2024-09-24 10:35:00-04:00,4.119999885559082,4.125,4.119999885559082,4.119999885559082,2770,0.0,0.0
2024-09-24 10:40:00-04:00,4.119999885559082,4.129899978637695,4.119999885559082,4.119999885559082,16039,0.0,0.0
2024-09-24 10:45:00-04:00,4.119999885559082,4.128699779510498,4.119999885559082,4.119999885559082,5470,0.0,0.0
2024-09-24 10:50:00-04:00,4.119999885559082,4.125,4.119999885559082,4.119999885559082,1956,0.0,0.0
2024-09-24 10:55:00-04:00,4.119999885559082,4.127500057220459,4.119999885559082,4.119999885559082,7983,0.0,0.0
2024-09-24 11:00:00-04:00,4.119999885559082,4.125,4.119999885559082,4.119999885559082,33434,0.0,0.0
2024-09-24 11:05:00-04:00,4.130000114440918,4.130000114440918,4.119999885559082,4.129899978637695,29453,0.0,0.0
2024-09-24 11:10:00-04:00,4.119999885559082,4.128499984741211,4.119999885559082,4.119999885559082,29611,0.0,0.0
2024-09-24 11:15:00-04:00,4.125,4.125,4.119999885559082,4.125,3223,0.0,0.0
2024-09-24 11:20:00-04:00,4.119999885559082,4.125,4.119999885559082,4.119999885559082,731,0.0,0.0
2024-09-24 11:25:00-04:00,4.119999885559082,4.125,4.119999885559082,4.119999885559082,1203,0.0,0.0
2024-09-24 11:30:00-04:00,4.125,4.125,4.119999885559082,4.119999885559082,3425,0.0,0.0
2024-09-24 11:35:00-04:00,4.125,4.125,4.119999885559082,4.125,2263,0.0,0.0
2024-09-24 11:40:00-04:00,4.125,4.130000114440918,4.119999885559082,4.119999885559082,1807,0.0,0.0
2024-09-24 11:45:00-04:00,4.129899978637695,4.129899978637695,4.119999885559082,4.125,3939,0.0,0.0
2024-09-24 11:50:00-04:00,4.125,4.130000114440918,4.125,4.125,1877,0.0,0.0
2024-09-24 11:55:00-04:00,4.128499984741211,4.130000114440918,4.119999885559082,4.119999885559082,6746,0.0,0.0
2024-09-24 12:00:00-04:00,4.130000114440918,4.130000114440918,4.119999885559082,4.125,3712,0.0,0.0
2024-09-24 12:05:00-04:00,4.126399993896484,4.138700008392334,4.125,4.135000228881836,38682,0.0,0.0
2024-09-24 12:10:00-04:00,4.135000228881836,4.135000228881836,4.130000114440918,4.135000228881836,23206,0.0,0.0
2024-09-24 12:15:00-04:00,4.139900207519531,4.139900207519531,4.130000114440918,4.130000114440918,25144,0.0,0.0
2024-09-24 12:20:00-04:00,4.138500213623047,4.139999866485596,4.135000228881836,4.135000228881836,2365,0.0,0.0
2024-09-24 12:25:00-04:00,4.130000114440918,4.135000228881836,4.130000114440918,4.130000114440918,2555,0.0,0.0
2024-09-24 12:30:00-04:00,4.130000114440918,4.139900207519531,4.130000114440918,4.135000228881836,4300,0.0,0.0
2024-09-24 12:35:00-04:00,4.130000114440918,4.135000228881836,4.130000114440918,4.135000228881836,9599,0.0,0.0
2024-09-24 12:40:00-04:00,4.130000114440918,4.139999866485596,4.130000114440918,4.139999866485596,80517,0.0,0.0
2024-09-24 12:45:00-04:00,4.135000228881836,4.139999866485596,4.135000228881836,4.139999866485596,32601,0.0,0.0
2024-09-24 12:50:00-04:00,4.135000228881836,4.135000228881836,4.135000228881836,4.135000228881836,890,0.0,0.0
2024-09-24 12:55:00-04:00,4.135000228881836,4.144999980926514,4.135000228881836,4.144999980926514,21432,0.0,0.0
2024-09-24 13:00:00-04:00,4.144999980926514,4.144999980926514,4.144999980926514,4.144999980926514,991,0.0,0.0
2024-09-24 13:05:00-04:00,4.1417999267578125,4.147500038146973,4.1417999267578125,4.147500038146973,2571,0.0,0.0
2024-09-24 13:10:00-04:00,4.141600131988525,4.150000095367432,4.139999866485596,4.144999980926514,1663,0.0,0.0
2024-09-24 13:15:00-04:00,4.148499965667725,4.148499965667725,4.148499965667725,4.148499965667725,408,0.0,0.0
2024-09-24 13:20:00-04:00,4.148499965667725,4.148499965667725,4.141300201416016,4.144999980926514,1463,0.0,0.0
2024-09-24 13:25:00-04:00,4.150000095367432,4.150000095367432,4.1440110206604,4.150000095367432,1905,0.0,0.0
2024-09-24 13:30:00-04:00,4.14139986038208,4.14139986038208,4.14139986038208,4.14139986038208,300,0.0,0.0
2024-09-24 13:35:00-04:00,4.144069194793701,4.14870023727417,4.144069194793701,4.14870023727417,1300,0.0,0.0
2024-09-24 13:40:00-04:00,4.14870023727417,4.14870023727417,4.140100002288818,4.144999980926514,6342,0.0,0.0
2024-09-24 13:45:00-04:00,4.144999980926514,4.150000095367432,4.144999980926514,4.144999980926514,2790,0.0,0.0
2024-09-24 13:50:00-04:00,4.139999866485596,4.150000095367432,4.139999866485596,4.144999980926514,1318,0.0,0.0
2024-09-24 13:55:00-04:00,4.144999980926514,4.150000095367432,4.144999980926514,4.150000095367432,4428,0.0,0.0
2024-09-24 14:00:00-04:00,4.141600131988525,4.144999980926514,4.141600131988525,4.144999980926514,1301,0.0,0.0
2024-09-24 14:05:00-04:00,4.150000095367432,4.150000095367432,4.140100002288818,4.144999980926514,844,0.0,0.0
2024-09-24 14:10:00-04:00,4.148600101470947,4.148600101470947,4.144999980926514,4.144999980926514,452,0.0,0.0
2024-09-24 14:15:00-04:00,4.14169979095459,4.150000095367432,4.141600131988525,4.150000095367432,9897,0.0,0.0
2024-09-24 14:25:00-04:00,4.144999980926514,4.148600101470947,4.139999866485596,4.144999980926514,19514,0.0,0.0
2024-09-24 14:30:00-04:00,4.140100002288818,4.147500038146973,4.140100002288818,4.147500038146973,5523,0.0,0.0
2024-09-24 14:35:00-04:00,4.139999866485596,4.149899959564209,4.139999866485596,4.144999980926514,2654,0.0,0.0
2024-09-24 14:40:00-04:00,4.139999866485596,4.141499996185303,4.139999866485596,4.141499996185303,2770,0.0,0.0
2024-09-24 14:45:00-04:00,4.14169979095459,4.144999980926514,4.14169979095459,4.144999980926514,4030,0.0,0.0
2024-09-24 14:50:00-04:00,4.147500038146973,4.147500038146973,4.147500038146973,4.147500038146973,101,0.0,0.0
2024-09-24 14:55:00-04:00,4.147500038146973,4.150000095367432,4.144999980926514,4.144999980926514,3409,0.0,0.0
2024-09-24 15:00:00-04:00,4.149899959564209,4.149899959564209,4.144999980926514,4.144999980926514,7849,0.0,0.0
2024-09-24 15:05:00-04:00,4.144999980926514,4.144999980926514,4.144999980926514,4.144999980926514,1013,0.0,0.0
2024-09-24 15:10:00-04:00,4.149899959564209,4.150000095367432,4.144999980926514,4.144999980926514,4455,0.0,0.0
2024-09-24 15:15:00-04:00,4.148499965667725,4.149899959564209,4.144999980926514,4.149899959564209,6703,0.0,0.0
2024-09-24 15:20:00-04:00,4.150000095367432,4.150000095367432,4.144999980926514,4.150000095367432,24565,0.0,0.0
2024-09-24 15:25:00-04:00,4.150000095367432,4.159999847412109,4.150000095367432,4.156000137329102,16132,0.0,0.0
2024-09-24 15:30:00-04:00,4.157299995422363,4.157299995422363,4.157299995422363,4.157299995422363,961,0.0,0.0
2024-09-24 15:35:00-04:00,4.158199787139893,4.159999847412109,4.1531572341918945,4.158599853515625,3627,0.0,0.0
2024-09-24 15:40:00-04:00,4.15500020980835,4.159999847412109,4.150000095367432,4.159999847412109,4667,0.0,0.0
2024-09-24 15:45:00-04:00,4.15500020980835,4.158599853515625,4.15500020980835,4.158599853515625,632,0.0,0.0
2024-09-24 15:55:00-04:00,4.15500020980835,4.170000076293945,4.15500020980835,4.170000076293945,43936,0.0,0.0
2024-09-25 09:30:00-04:00,4.179999828338623,4.190000057220459,4.170000076293945,4.190000057220459,52395,0.0,0.0
2024-09-25 09:35:00-04:00,4.179999828338623,4.179999828338623,4.179999828338623,4.179999828338623,390,0.0,0.0
2024-09-25 09:40:00-04:00,4.175899982452393,4.175899982452393,4.175899982452393,4.175899982452393,500,0.0,0.0
2024-09-25 09:45:00-04:00,4.1793999671936035,4.184999942779541,4.175000190734863,4.179999828338623,7147,0.0,0.0
2024-09-25 09:50:00-04:00,4.179999828338623,4.184999942779541,4.179999828338623,4.179999828338623,1779,0.0,0.0
2024-09-25 10:00:00-04:00,4.182799816131592,4.184999942779541,4.180099964141846,4.184999942779541,4030,0.0,0.0
2024-09-25 10:05:00-04:00,4.189899921417236,4.189899921417236,4.179999828338623,4.184999942779541,4080,0.0,0.0
2024-09-25 10:10:00-04:00,4.184999942779541,4.184999942779541,4.184999942779541,4.184999942779541,152,0.0,0.0
2024-09-25 10:15:00-04:00,4.184999942779541,4.184999942779541,4.179999828338623,4.184999942779541,1688,0.0,0.0
2024-09-25 10:20:00-04:00,4.188799858093262,4.188799858093262,4.179999828338623,4.184999942779541,8103,0.0,0.0
2024-09-25 10:25:00-04:00,4.179999828338623,4.189899921417236,4.179999828338623,4.189899921417236,795,0.0,0.0
2024-09-25 10:30:00-04:00,4.184999942779541,4.184999942779541,4.184999942779541,4.184999942779541,310,0.0,0.0
2024-09-25 10:35:00-04:00,4.189899921417236,4.190000057220459,4.179999828338623,4.179999828338623,30764,0.0,0.0
2024-09-25 10:40:00-04:00,4.179999828338623,4.190000057220459,4.179999828338623,4.179999828338623,3102,0.0,0.0
2024-09-25 10:45:00-04:00,4.179999828338623,4.188700199127197,4.179999828338623,4.179999828338623,4348,0.0,0.0
2024-09-25 10:50:00-04:00,4.179999828338623,4.184999942779541,4.179999828338623,4.184999942779541,29237,0.0,0.0
2024-09-25 10:55:00-04:00,4.189899921417236,4.189899921417236,4.179999828338623,4.184999942779541,4978,0.0,0.0
2024-09-25 11:00:00-04:00,4.189899921417236,4.190000057220459,4.179999828338623,4.184999942779541,1340,0.0,0.0
2024-09-25 11:05:00-04:00,4.188399791717529,4.188700199127197,4.184999942779541,4.184999942779541,1563,0.0,0.0
2024-09-25 11:10:00-04:00,4.181000232696533,4.190000057220459,4.181000232696533,4.190000057220459,5063,0.0,0.0
2024-09-25 11:15:00-04:00,4.184999942779541,4.190000057220459,4.180099964141846,4.190000057220459,2025,0.0,0.0
2024-09-25 11:25:00-04:00,4.184999942779541,4.184999942779541,4.184999942779541,4.184999942779541,206,0.0,0.0
2024-09-25 11:30:00-04:00,4.184999942779541,4.184999942779541,4.184999942779541,4.184999942779541,2194,0.0,0.0
2024-09-25 11:35:00-04:00,4.184999942779541,4.190000057220459,4.184999942779541,4.190000057220459,1612,0.0,0.0
2024-09-25 11:40:00-04:00,4.190000057220459,4.190000057220459,4.184999942779541,4.190000057220459,1439,0.0,0.0
2024-09-25 11:45:00-04:00,4.189899921417236,4.190000057220459,4.184999942779541,4.190000057220459,2386,0.0,0.0
2024-09-25 11:55:00-04:00,4.184999942779541,4.190000057220459,4.178699970245361,4.179999828338623,17721,0.0,0.0
2024-09-25 12:00:00-04:00,4.175000190734863,4.179999828338623,4.175000190734863,4.175000190734863,1700,0.0,0.0
2024-09-25 12:05:00-04:00,4.175000190734863,4.179999828338623,4.171299934387207,4.171299934387207,4500,0.0,0.0
2024-09-25 12:10:00-04:00,4.175000190734863,4.179999828338623,4.175000190734863,4.179999828338623,4721,0.0,0.0
2024-09-25 12:15:00-04:00,4.175000190734863,4.179999828338623,4.170100212097168,4.175000190734863,1305,0.0,0.0
2024-09-25 12:20:00-04:00,4.175000190734863,4.190000057220459,4.175000190734863,4.190000057220459,31149,0.0,0.0
2024-09-25 12:25:00-04:00,4.179999828338623,4.189899921417236,4.179999828338623,4.184999942779541,3012,0.0,0.0
2024-09-25 12:30:00-04:00,4.184999942779541,4.190000057220459,4.179999828338623,4.179999828338623,5212,0.0,0.0
2024-09-25 12:35:00-04:00,4.179999828338623,4.184999942779541,4.179999828338623,4.184999942779541,640,0.0,0.0
2024-09-25 12:40:00-04:00,4.184999942779541,4.188799858093262,4.179999828338623,4.184999942779541,9360,0.0,0.0
2024-09-25 12:45:00-04:00,4.179999828338623,4.184999942779541,4.179999828338623,4.184999942779541,3008,0.0,0.0
2024-09-25 12:50:00-04:00,4.184999942779541,4.189899921417236,4.170100212097168,4.170100212097168,38841,0.0,0.0
2024-09-25 12:55:00-04:00,4.175000190734863,4.179999828338623,4.170100212097168,4.179999828338623,22086,0.0,0.0
2024-09-25 13:00:00-04:00,4.179999828338623,4.179999828338623,4.170100212097168,4.175000190734863,4566,0.0,0.0
2024-09-25 13:05:00-04:00,4.175000190734863,4.179999828338623,4.175000190734863,4.175000190734863,2800,0.0,0.0
2024-09-25 13:10:00-04:00,4.175000190734863,4.179999828338623,4.175000190734863,4.175000190734863,1305,0.0,0.0
2024-09-25 13:15:00-04:00,4.175000190734863,4.179999828338623,4.1717000007629395,4.175000190734863,3605,0.0,0.0
2024-09-25 13:20:00-04:00,4.175000190734863,4.179999828338623,4.175000190734863,4.175000190734863,2242,0.0,0.0
2024-09-25 13:25:00-04:00,4.175000190734863,4.179999828338623,4.175000190734863,4.179999828338623,2815,0.0,0.0
2024-09-25 13:30:00-04:00,4.179800033569336,4.179999828338623,4.175000190734863,4.179999828338623,8600,0.0,0.0
2024-09-25 13:35:00-04:00,4.175000190734863,4.175000190734863,4.175000190734863,4.175000190734863,1200,0.0,0.0
2024-09-25 13:40:00-04:00,4.175000190734863,4.179999828338623,4.171800136566162,4.179999828338623,2833,0.0,0.0
2024-09-25 13:45:00-04:00,4.175000190734863,4.179999828338623,4.175000190734863,4.175000190734863,1888,0.0,0.0
2024-09-25 13:50:00-04:00,4.175000190734863,4.179999828338623,4.175000190734863,4.175000190734863,2107,0.0,0.0
2024-09-25 13:55:00-04:00,4.175000190734863,4.179999828338623,4.175000190734863,4.175000190734863,1448,0.0,0.0
2024-09-25 14:00:00-04:00,4.175000190734863,4.179999828338623,4.170000076293945,4.179999828338623,11965,0.0,0.0
2024-09-25 14:05:00-04:00,4.179999828338623,4.179999828338623,4.170000076293945,4.170000076293945,25447,0.0,0.0
2024-09-25 14:10:00-04:00,4.170000076293945,4.170000076293945,4.159999847412109,4.170000076293945,1900,0.0,0.0
2024-09-25 14:15:00-04:00,4.164999961853027,4.170000076293945,4.159999847412109,4.160099983215332,2622,0.0,0.0
2024-09-25 14:20:00-04:00,4.164999961853027,4.170000076293945,4.159999847412109,4.159999847412109,3927,0.0,0.0
2024-09-25 14:25:00-04:00,4.164999961853027,4.179999828338623,4.159999847412109,4.179999828338623,11212,0.0,0.0
2024-09-25 14:30:00-04:00,4.175000190734863,4.179999828338623,4.175000190734863,4.175000190734863,800,0.0,0.0
2024-09-25 14:35:00-04:00,4.175000190734863,4.179999828338623,4.175000190734863,4.175000190734863,2204,0.0,0.0
2024-09-25 14:40:00-04:00,4.179999828338623,4.179999828338623,4.175000190734863,4.175000190734863,4021,0.0,0.0
2024-09-25 14:45:00-04:00,4.178800106048584,4.179999828338623,4.170000076293945,4.170000076293945,2939,0.0,0.0
2024-09-25 14:50:00-04:00,4.170000076293945,4.179999828338623,4.170000076293945,4.175000190734863,5833,0.0,0.0
2024-09-25 14:55:00-04:00,4.175000190734863,4.179999828338623,4.170000076293945,4.179999828338623,906,0.0,0.0
2024-09-25 15:00:00-04:00,4.175000190734863,4.179900169372559,4.170000076293945,4.179900169372559,5798,0.0,0.0
2024-09-25 15:05:00-04:00,4.178699970245361,4.179999828338623,4.170000076293945,4.175000190734863,7787,0.0,0.0
2024-09-25 15:10:00-04:00,4.175000190734863,4.176000118255615,4.170000076293945,4.175000190734863,12555,0.0,0.0
2024-09-25 15:15:00-04:00,4.175000190734863,4.175000190734863,4.170000076293945,4.175000190734863,1251,0.0,0.0
2024-09-25 15:20:00-04:00,4.175000190734863,4.175000190734863,4.170000076293945,4.175000190734863,3455,0.0,0.0
2024-09-25 15:25:00-04:00,4.175000190734863,4.175000190734863,4.170000076293945,4.170000076293945,1325,0.0,0.0
2024-09-25 15:30:00-04:00,4.175000190734863,4.175000190734863,4.170000076293945,4.175000190734863,5444,0.0,0.0
2024-09-25 15:35:00-04:00,4.170000076293945,4.175000190734863,4.170000076293945,4.175000190734863,2965,0.0,0.0
2024-09-25 15:40:00-04:00,4.175000190734863,4.175000190734863,4.159999847412109,4.164999961853027,8744,0.0,0.0
2024-09-25 15:45:00-04:00,4.164999961853027,4.170000076293945,4.159999847412109,4.164999961853027,12352,0.0,0.0
2024-09-25 15:50:00-04:00,4.164999961853027,4.170000076293945,4.159999847412109,4.170000076293945,20420,0.0,0.0
2024-09-25 15:55:00-04:00,4.164999961853027,4.170000076293945,4.159999847412109,4.170000076293945,29236,0.0,0.0
2024-09-26 09:30:00-04:00,4.150000095367432,4.179999828338623,4.150000095367432,4.150000095367432,481532,0.0,0.0
2024-09-26 09:35:00-04:00,4.159999847412109,4.164999961853027,4.159999847412109,4.159999847412109,10729,0.0,0.0
2024-09-26 09:40:00-04:00,4.164999961853027,4.165500164031982,4.159999847412109,4.159999847412109,3622,0.0,0.0
2024-09-26 09:45:00-04:00,4.164999961853027,4.167200088500977,4.1620001792907715,4.164999961853027,13693,0.0,0.0
2024-09-26 09:50:00-04:00,4.164999961853027,4.170000076293945,4.159999847412109,4.159999847412109,38361,0.0,0.0
2024-09-26 09:55:00-04:00,4.158299922943115,4.158299922943115,4.150000095367432,4.150000095367432,13845,0.0,0.0
2024-09-26 10:00:00-04:00,4.150000095367432,4.15500020980835,4.150000095367432,4.150000095367432,32098,0.0,0.0
2024-09-26 10:05:00-04:00,4.150000095367432,4.158599853515625,4.139999866485596,4.144999980926514,75996,0.0,0.0
2024-09-26 10:10:00-04:00,4.144999980926514,4.144999980926514,4.130000114440918,4.139999866485596,77182,0.0,0.0
2024-09-26 10:15:00-04:00,4.139999866485596,4.139999866485596,4.135000228881836,4.139500141143799,7457,0.0,0.0
2024-09-26 10:20:00-04:00,4.133999824523926,4.139999866485596,4.130000114440918,4.130000114440918,112857,0.0,0.0
2024-09-26 10:25:00-04:00,4.139999866485596,4.139999866485596,4.139999866485596,4.139999866485596,1334,0.0,0.0
2024-09-26 10:30:00-04:00,4.139900207519531,4.139999866485596,4.13267183303833,4.139999866485596,11577,0.0,0.0
2024-09-26 10:35:00-04:00,4.144999980926514,4.144999980926514,4.144999980926514,4.144999980926514,535,0.0,0.0
2024-09-26 10:40:00-04:00,4.144999980926514,4.144999980926514,4.130000114440918,4.130000114440918,188637,0.0,0.0
2024-09-26 10:45:00-04:00,4.130000114440918,4.135000228881836,4.130000114440918,4.130000114440918,2953,0.0,0.0
2024-09-26 10:50:00-04:00,4.130000114440918,4.135000228881836,4.130000114440918,4.130000114440918,14779,0.0,0.0
2024-09-26 10:55:00-04:00,4.139999866485596,4.139999866485596,4.130000114440918,4.130099773406982,10051,0.0,0.0
2024-09-26 11:00:00-04:00,4.130000114440918,4.139999866485596,4.119999885559082,4.130000114440918,47591,0.0,0.0
2024-09-26 11:05:00-04:00,4.125,4.127281188964844,4.119999885559082,4.119999885559082,18418,0.0,0.0
2024-09-26 11:10:00-04:00,4.125,4.130000114440918,4.119999885559082,4.125,2129,0.0,0.0
2024-09-26 11:15:00-04:00,4.120100021362305,4.130000114440918,4.120100021362305,4.125,9267,0.0,0.0
2024-09-26 11:20:00-04:00,4.125,4.129899978637695,4.119999885559082,4.125,9677,0.0,0.0
2024-09-26 11:25:00-04:00,4.128600120544434,4.128600120544434,4.125,4.125,842,0.0,0.0
2024-09-26 11:30:00-04:00,4.130000114440918,4.130000114440918,4.119999885559082,4.119999885559082,5002,0.0,0.0
2024-09-26 11:35:00-04:00,4.125,4.128499984741211,4.125,4.125,2329,0.0,0.0
2024-09-26 11:40:00-04:00,4.125,4.130000114440918,4.119999885559082,4.130000114440918,3368,0.0,0.0
2024-09-26 11:45:00-04:00,4.125,4.125,4.125,4.125,2666,0.0,0.0
2024-09-26 11:50:00-04:00,4.129899978637695,4.129899978637695,4.119999885559082,4.125,24002,0.0,0.0
2024-09-26 11:55:00-04:00,4.119999885559082,4.129899978637695,4.119999885559082,4.125,14556,0.0,0.0
2024-09-26 12:00:00-04:00,4.125,4.130000114440918,4.119999885559082,4.130000114440918,28942,0.0,0.0
2024-09-26 12:05:00-04:00,4.125,4.130000114440918,4.119999885559082,4.119999885559082,9517,0.0,0.0
2024-09-26 12:10:00-04:00,4.119999885559082,4.125,4.119999885559082,4.125,4340,0.0,0.0
2024-09-26 12:15:00-04:00,4.125,4.129899978637695,4.110000133514404,4.114999771118164,82844,0.0,0.0
2024-09-26 12:20:00-04:00,4.115799903869629,4.118599891662598,4.110000133514404,4.118599891662598,15126,0.0,0.0
2024-09-26 12:25:00-04:00,4.114999771118164,4.118599891662598,4.114999771118164,4.114999771118164,1646,0.0,0.0
2024-09-26 12:30:00-04:00,4.114999771118164,4.114999771118164,4.099999904632568,4.105000019073486,78928,0.0,0.0
2024-09-26 12:35:00-04:00,4.105000019073486,4.108399868011475,4.09499979019165,4.09499979019165,28878,0.0,0.0
2024-09-26 12:40:00-04:00,4.099899768829346,4.105000019073486,4.090000152587891,4.105000019073486,76424,0.0,0.0
2024-09-26 12:45:00-04:00,4.1020002365112305,4.106626987457275,4.099999904632568,4.099999904632568,39266,0.0,0.0
2024-09-26 12:50:00-04:00,4.105000019073486,4.110000133514404,4.090000152587891,4.10099983215332,78321,0.0,0.0
2024-09-26 12:55:00-04:00,4.099899768829346,4.099999904632568,4.090000152587891,4.090000152587891,33344,0.0,0.0
2024-09-26 13:00:00-04:00,4.090000152587891,4.09499979019165,4.050000190734863,4.054999828338623,335871,0.0,0.0
2024-09-26 13:05:00-04:00,4.054999828338623,4.070000171661377,4.054999828338623,4.065000057220459,120022,0.0,0.0
2024-09-26 13:10:00-04:00,4.065000057220459,4.079999923706055,4.065000057220459,4.078000068664551,17198,0.0,0.0
2024-09-26 13:15:00-04:00,4.074999809265137,4.079999923706055,4.070000171661377,4.074999809265137,5171,0.0,0.0
2024-09-26 13:20:00-04:00,4.079999923706055,4.079999923706055,4.074999809265137,4.074999809265137,3039,0.0,0.0
2024-09-26 13:25:00-04:00,4.079999923706055,4.079999923706055,4.074999809265137,4.078000068664551,6571,0.0,0.0
2024-09-26 13:30:00-04:00,4.073699951171875,4.079999923706055,4.070000171661377,4.070000171661377,11121,0.0,0.0
2024-09-26 13:35:00-04:00,4.079999923706055,4.079999923706055,4.070099830627441,4.074999809265137,9988,0.0,0.0
2024-09-26 13:40:00-04:00,4.074999809265137,4.079999923706055,4.074999809265137,4.079999923706055,14232,0.0,0.0
2024-09-26 13:45:00-04:00,4.074999809265137,4.079999923706055,4.070000171661377,4.079899787902832,13282,0.0,0.0
2024-09-26 13:50:00-04:00,4.078000068664551,4.079999923706055,4.074999809265137,4.079999923706055,5045,0.0,0.0
2024-09-26 13:55:00-04:00,4.078800201416016,4.079999923706055,4.071499824523926,4.074999809265137,18140,0.0,0.0
2024-09-26 14:00:00-04:00,4.078800201416016,4.079999923706055,4.074999809265137,4.074999809265137,1703,0.0,0.0
2024-09-26 14:05:00-04:00,4.078000068664551,4.079999923706055,4.074999809265137,4.079999923706055,12009,0.0,0.0
2024-09-26 14:10:00-04:00,4.078000068664551,4.079999923706055,4.074999809265137,4.077000141143799,7976,0.0,0.0
2024-09-26 14:15:00-04:00,4.074999809265137,4.079999923706055,4.070099830627441,4.074999809265137,52218,0.0,0.0
2024-09-26 14:20:00-04:00,4.074999809265137,4.079999923706055,4.070099830627441,4.074999809265137,20815,0.0,0.0
2024-09-26 14:25:00-04:00,4.074999809265137,4.079999923706055,4.070000171661377,4.070000171661377,71349,0.0,0.0
2024-09-26 14:30:00-04:00,4.070000171661377,4.074999809265137,4.070000171661377,4.074999809265137,10261,0.0,0.0
2024-09-26 14:35:00-04:00,4.074999809265137,4.074999809265137,4.059999942779541,4.059999942779541,23926,0.0,0.0
2024-09-26 14:40:00-04:00,4.065000057220459,4.070000171661377,4.054999828338623,4.065000057220459,28698,0.0,0.0
2024-09-26 14:45:00-04:00,4.065000057220459,4.070000171661377,4.065000057220459,4.065000057220459,9381,0.0,0.0
2024-09-26 14:50:00-04:00,4.065000057220459,4.070000171661377,4.065000057220459,4.066500186920166,10416,0.0,0.0
2024-09-26 14:55:00-04:00,4.065000057220459,4.079999923706055,4.065000057220459,4.075900077819824,10034,0.0,0.0
2024-09-26 15:00:00-04:00,4.078999996185303,4.079899787902832,4.070000171661377,4.078000068664551,20726,0.0,0.0
2024-09-26 15:05:00-04:00,4.074999809265137,4.079800128936768,4.070000171661377,4.074999809265137,32993,0.0,0.0
2024-09-26 15:10:00-04:00,4.074999809265137,4.078800201416016,4.070000171661377,4.070000171661377,37987,0.0,0.0
2024-09-26 15:15:00-04:00,4.070000171661377,4.079899787902832,4.070000171661377,4.070000171661377,6767,0.0,0.0
2024-09-26 15:20:00-04:00,4.074999809265137,4.079999923706055,4.071199893951416,4.074999809265137,19062,0.0,0.0
2024-09-26 15:25:00-04:00,4.079999923706055,4.079999923706055,4.074999809265137,4.079999923706055,31900,0.0,0.0
2024-09-26 15:30:00-04:00,4.070000171661377,4.079999923706055,4.070000171661377,4.079999923706055,8759,0.0,0.0
2024-09-26 15:35:00-04:00,4.079999923706055,4.079999923706055,4.074999809265137,4.079899787902832,3937,0.0,0.0
2024-09-26 15:40:00-04:00,4.079999923706055,4.090000152587891,4.070000171661377,4.085000038146973,62942,0.0,0.0
2024-09-26 15:45:00-04:00,4.085000038146973,4.090000152587891,4.079999923706055,4.090000152587891,10537,0.0,0.0
2024-09-26 15:50:00-04:00,4.090000152587891,4.090000152587891,4.085000038146973,4.086599826812744,5178,0.0,0.0
2024-09-26 15:55:00-04:00,4.085000038146973,4.090000152587891,4.079999923706055,4.079999923706055,33390,0.0,0.0
2024-09-27 09:30:00-04:00,4.079999923706055,4.090000152587891,4.065000057220459,4.079999923706055,84787,0.0,0.0
2024-09-27 09:35:00-04:00,4.074999809265137,4.079999923706055,4.060100078582764,4.074999809265137,40235,0.0,0.0
2024-09-27 09:40:00-04:00,4.074999809265137,4.079999923706055,4.074999809265137,4.079999923706055,2332,0.0,0.0
2024-09-27 09:45:00-04:00,4.078999996185303,4.079999923706055,4.074999809265137,4.074999809265137,3712,0.0,0.0
2024-09-27 09:50:00-04:00,4.074999809265137,4.079999923706055,4.074999809265137,4.074999809265137,6870,0.0,0.0
2024-09-27 09:55:00-04:00,4.074999809265137,4.079999923706055,4.070000171661377,4.079999923706055,29625,0.0,0.0
2024-09-27 10:00:00-04:00,4.079999923706055,4.090000152587891,4.079999923706055,4.085000038146973,7420,0.0,0.0
2024-09-27 10:05:00-04:00,4.085000038146973,4.085000038146973,4.085000038146973,4.085000038146973,753,0.0,0.0
2024-09-27 10:10:00-04:00,4.090000152587891,4.090000152587891,4.070000171661377,4.074999809265137,56779,0.0,0.0
2024-09-27 10:15:00-04:00,4.079500198364258,4.079500198364258,4.059999942779541,4.065000057220459,73761,0.0,0.0
2024-09-27 10:20:00-04:00,4.070000171661377,4.070000171661377,4.050000190734863,4.054999828338623,56593,0.0,0.0
2024-09-27 10:25:00-04:00,4.054999828338623,4.065000057220459,4.053800106048584,4.059999942779541,23882,0.0,0.0
2024-09-27 10:30:00-04:00,4.070000171661377,4.070000171661377,4.050000190734863,4.051499843597412,42645,0.0,0.0
2024-09-27 10:35:00-04:00,4.054999828338623,4.059999942779541,4.054999828338623,4.054999828338623,6423,0.0,0.0
2024-09-27 10:40:00-04:00,4.059999942779541,4.059999942779541,4.050000190734863,4.054999828338623,61182,0.0,0.0
2024-09-27 10:45:00-04:00,4.054999828338623,4.059999942779541,4.050000190734863,4.054999828338623,33407,0.0,0.0
2024-09-27 10:50:00-04:00,4.054999828338623,4.059999942779541,4.050099849700928,4.059999942779541,6498,0.0,0.0
2024-09-27 10:55:00-04:00,4.059999942779541,4.059999942779541,4.03000020980835,4.039999961853027,136681,0.0,0.0
2024-09-27 11:00:00-04:00,4.036499977111816,4.039999961853027,4.019999980926514,4.025000095367432,140585,0.0,0.0
2024-09-27 11:05:00-04:00,4.025000095367432,4.025000095367432,4.010000228881836,4.018799781799316,78844,0.0,0.0
2024-09-27 11:10:00-04:00,4.010000228881836,4.019999980926514,4.010000228881836,4.014999866485596,44970,0.0,0.0
2024-09-27 11:15:00-04:00,4.014999866485596,4.019499778747559,4.010000228881836,4.014999866485596,12441,0.0,0.0
2024-09-27 11:20:00-04:00,4.014999866485596,4.019899845123291,4.010000228881836,4.0100998878479,10609,0.0,0.0
2024-09-27 11:25:00-04:00,4.019999980926514,4.03000020980835,4.010000228881836,4.03000020980835,55035,0.0,0.0
2024-09-27 11:30:00-04:00,4.029900074005127,4.029900074005127,4.020199775695801,4.025000095367432,8010,0.0,0.0
2024-09-27 11:35:00-04:00,4.025000095367432,4.03000020980835,4.020100116729736,4.022563934326172,18649,0.0,0.0
2024-09-27 11:40:00-04:00,4.03000020980835,4.03000020980835,4.019999980926514,4.028800010681152,7641,0.0,0.0
2024-09-27 11:45:00-04:00,4.028800010681152,4.03000020980835,4.025000095367432,4.03000020980835,7682,0.0,0.0
2024-09-27 11:50:00-04:00,4.03000020980835,4.03000020980835,4.0289998054504395,4.03000020980835,10152,0.0,0.0
2024-09-27 11:55:00-04:00,4.026000022888184,4.03000020980835,4.019999980926514,4.025000095367432,28759,0.0,0.0
2024-09-27 12:00:00-04:00,4.020100116729736,4.03000020980835,4.019999980926514,4.025000095367432,29904,0.0,0.0
2024-09-27 12:05:00-04:00,4.025000095367432,4.029900074005127,4.019999980926514,4.025000095367432,11721,0.0,0.0
2024-09-27 12:10:00-04:00,4.03000020980835,4.03000020980835,4.020100116729736,4.020100116729736,9124,0.0,0.0
2024-09-27 12:15:00-04:00,4.028500080108643,4.03000020980835,4.025000095367432,4.025000095367432,4564,0.0,0.0
2024-09-27 12:20:00-04:00,4.0279998779296875,4.0289998054504395,4.024600028991699,4.025000095367432,2787,0.0,0.0
2024-09-27 12:25:00-04:00,4.02869987487793,4.03000020980835,4.019999980926514,4.028500080108643,29080,0.0,0.0
2024-09-27 12:30:00-04:00,4.025000095367432,4.025000095367432,4.014999866485596,4.014999866485596,15501,0.0,0.0
2024-09-27 12:35:00-04:00,4.014999866485596,4.014999866485596,4.0,4.010000228881836,109120,0.0,0.0
2024-09-27 12:40:00-04:00,4.010000228881836,4.019999980926514,4.010000228881836,4.014999866485596,31974,0.0,0.0
2024-09-27 12:45:00-04:00,4.014999866485596,4.019999980926514,4.010000228881836,4.014999866485596,6718,0.0,0.0
2024-09-27 12:50:00-04:00,4.014999866485596,4.014999866485596,4.010000228881836,4.014999866485596,8351,0.0,0.0
2024-09-27 12:55:00-04:00,4.019999980926514,4.019999980926514,4.014999866485596,4.014999866485596,4295,0.0,0.0
2024-09-27 13:00:00-04:00,4.019999980926514,4.019999980926514,4.010000228881836,4.014999866485596,22665,0.0,0.0
2024-09-27 13:05:00-04:00,4.019899845123291,4.019899845123291,4.0,4.005000114440918,38847,0.0,0.0
2024-09-27 13:10:00-04:00,4.005000114440918,4.008600234985352,4.0,4.005000114440918,7178,0.0,0.0
2024-09-27 13:15:00-04:00,4.004199981689453,4.010000228881836,4.0,4.005000114440918,35732,0.0,0.0
2024-09-27 13:20:00-04:00,4.0,4.010000228881836,4.0,4.010000228881836,14524,0.0,0.0
2024-09-27 13:25:00-04:00,4.007900238037109,4.014999866485596,4.005000114440918,4.014999866485596,11299,0.0,0.0
2024-09-27 13:30:00-04:00,4.014999866485596,4.014999866485596,4.014999866485596,4.014999866485596,697,0.0,0.0
2024-09-27 13:35:00-04:00,4.014999866485596,4.025000095367432,4.014999866485596,4.025000095367432,15981,0.0,0.0
2024-09-27 13:40:00-04:00,4.025000095367432,4.025000095367432,4.021599769592285,4.025000095367432,11305,0.0,0.0
2024-09-27 13:45:00-04:00,4.025000095367432,4.03000020980835,4.025000095367432,4.028600215911865,12053,0.0,0.0
2024-09-27 13:50:00-04:00,4.025000095367432,4.03000020980835,4.025000095367432,4.03000020980835,698,0.0,0.0
2024-09-27 13:55:00-04:00,4.021299839019775,4.03000020980835,4.021299839019775,4.026039123535156,14452,0.0,0.0
2024-09-27 14:00:00-04:00,4.025000095367432,4.03000020980835,4.025000095367432,4.025000095367432,3959,0.0,0.0
2024-09-27 14:05:00-04:00,4.0279998779296875,4.0279998779296875,4.020100116729736,4.025000095367432,6354,0.0,0.0
2024-09-27 14:10:00-04:00,4.0279998779296875,4.0279998779296875,4.024899959564209,4.024899959564209,2077,0.0,0.0
2024-09-27 14:15:00-04:00,4.025000095367432,4.03000020980835,4.025000095367432,4.03000020980835,5967,0.0,0.0
2024-09-27 14:20:00-04:00,4.03000020980835,4.03000020980835,4.0279998779296875,4.02869987487793,1833,0.0,0.0
2024-09-27 14:25:00-04:00,4.03000020980835,4.03000020980835,4.0225090980529785,4.028200149536133,1258,0.0,0.0
2024-09-27 14:30:00-04:00,4.019999980926514,4.02869987487793,4.019999980926514,4.019999980926514,28992,0.0,0.0
2024-09-27 14:35:00-04:00,4.025000095367432,4.029900074005127,4.025000095367432,4.025000095367432,5396,0.0,0.0
2024-09-27 14:40:00-04:00,4.025000095367432,4.025000095367432,4.025000095367432,4.025000095367432,2073,0.0,0.0
2024-09-27 14:45:00-04:00,4.02869987487793,4.02869987487793,4.019999980926514,4.025000095367432,5675,0.0,0.0
2024-09-27 14:50:00-04:00,4.029900074005127,4.03000020980835,4.019999980926514,4.025000095367432,2150,0.0,0.0
2024-09-27 14:55:00-04:00,4.025000095367432,4.025000095367432,4.019999980926514,4.020100116729736,23861,0.0,0.0
2024-09-27 15:00:00-04:00,4.025000095367432,4.028299808502197,4.025000095367432,4.028299808502197,3484,0.0,0.0
2024-09-27 15:05:00-04:00,4.019999980926514,4.019999980926514,4.011300086975098,4.019899845123291,19603,0.0,0.0
2024-09-27 15:10:00-04:00,4.017499923706055,4.019999980926514,4.014999866485596,4.014999866485596,2126,0.0,0.0
2024-09-27 15:15:00-04:00,4.019999980926514,4.019999980926514,4.010000228881836,4.019999980926514,10147,0.0,0.0
2024-09-27 15:20:00-04:00,4.014999866485596,4.019999980926514,4.010000228881836,4.019999980926514,9797,0.0,0.0
2024-09-27 15:25:00-04:00,4.019999980926514,4.019999980926514,4.0117998123168945,4.019999980926514,4902,0.0,0.0
2024-09-27 15:30:00-04:00,4.019999980926514,4.019999980926514,4.014699935913086,4.014999866485596,17472,0.0,0.0
2024-09-27 15:35:00-04:00,4.018499851226807,4.03000020980835,4.014999866485596,4.025000095367432,52256,0.0,0.0
2024-09-27 15:40:00-04:00,4.019999980926514,4.03000020980835,4.019999980926514,4.019999980926514,28451,0.0,0.0
2024-09-27 15:45:00-04:00,4.025000095367432,4.03000020980835,4.019999980926514,4.025000095367432,15579,0.0,0.0
2024-09-27 15:50:00-04:00,4.025000095367432,4.03000020980835,4.010000228881836,4.019999980926514,142627,0.0,0.0
2024-09-27 15:55:00-04:00,4.014999866485596,4.019999980926514,4.010000228881836,4.014999866485596,51856,0.0,0.0
2024-09-30 09:30:00-04:00,4.03000020980835,4.03000020980835,4.014999866485596,4.025000095367432,123607,0.0,0.0
2024-09-30 09:35:00-04:00,4.02869987487793,4.03000020980835,4.019999980926514,4.025000095367432,53059,0.0,0.0
2024-09-30 09:40:00-04:00,4.020100116729736,4.025000095367432,4.019999980926514,4.019999980926514,8746,0.0,0.0
2024-09-30 09:45:00-04:00,4.025000095367432,4.028800010681152,4.019999980926514,4.019999980926514,2922,0.0,0.0
2024-09-30 09:50:00-04:00,4.025000095367432,4.03000020980835,4.019999980926514,4.025000095367432,12054,0.0,0.0
2024-09-30 09:55:00-04:00,4.03000020980835,4.03000020980835,4.019999980926514,4.025000095367432,30221,0.0,0.0
2024-09-30 10:00:00-04:00,4.025000095367432,4.050000190734863,4.019999980926514,4.049799919128418,66245,0.0,0.0
2024-09-30 10:05:00-04:00,4.050000190734863,4.070000171661377,4.050000190734863,4.070000171661377,58324,0.0,0.0
2024-09-30 10:10:00-04:00,4.070000171661377,4.079999923706055,4.059999942779541,4.079999923706055,75160,0.0,0.0
2024-09-30 10:15:00-04:00,4.079999923706055,4.079999923706055,4.070000171661377,4.074999809265137,97641,0.0,0.0
2024-09-30 10:20:00-04:00,4.070000171661377,4.079899787902832,4.065000057220459,4.070000171661377,22830,0.0,0.0
2024-09-30 10:25:00-04:00,4.065000057220459,4.069900035858154,4.060100078582764,4.065000057220459,18340,0.0,0.0
2024-09-30 10:30:00-04:00,4.065000057220459,4.070000171661377,4.059999942779541,4.065000057220459,7694,0.0,0.0
2024-09-30 10:35:00-04:00,4.070000171661377,4.070000171661377,4.065000057220459,4.069699764251709,2756,0.0,0.0
2024-09-30 10:40:00-04:00,4.070000171661377,4.074999809265137,4.070000171661377,4.070000171661377,37273,0.0,0.0
2024-09-30 10:45:00-04:00,4.070000171661377,4.079999923706055,4.061200141906738,4.061200141906738,70841,0.0,0.0
2024-09-30 10:50:00-04:00,4.064899921417236,4.064899921417236,4.050000190734863,4.058800220489502,35300,0.0,0.0
2024-09-30 10:55:00-04:00,4.050099849700928,4.054999828338623,4.03000020980835,4.034999847412109,110924,0.0,0.0
2024-09-30 11:00:00-04:00,4.034999847412109,4.039999961853027,4.03380012512207,4.036099910736084,2990,0.0,0.0
2024-09-30 11:05:00-04:00,4.03879976272583,4.039999961853027,4.034999847412109,4.034999847412109,1613,0.0,0.0
2024-09-30 11:10:00-04:00,4.039999961853027,4.039999961853027,4.038700103759766,4.039999961853027,2001,0.0,0.0
2024-09-30 11:15:00-04:00,4.034999847412109,4.045000076293945,4.034999847412109,4.045000076293945,9236,0.0,0.0
2024-09-30 11:20:00-04:00,4.045000076293945,4.050000190734863,4.039999961853027,4.039999961853027,6759,0.0,0.0
2024-09-30 11:25:00-04:00,4.043000221252441,4.048600196838379,4.039999961853027,4.039999961853027,9386,0.0,0.0
2024-09-30 11:30:00-04:00,4.045000076293945,4.045000076293945,4.039999961853027,4.045000076293945,3300,0.0,0.0
2024-09-30 11:35:00-04:00,4.045000076293945,4.048600196838379,4.039999961853027,4.043438911437988,6836,0.0,0.0
2024-09-30 11:40:00-04:00,4.045000076293945,4.045000076293945,4.034999847412109,4.038899898529053,14907,0.0,0.0
2024-09-30 11:45:00-04:00,4.034999847412109,4.034999847412109,4.03000020980835,4.03000020980835,840,0.0,0.0
2024-09-30 11:50:00-04:00,4.03000020980835,4.034999847412109,4.03000020980835,4.034999847412109,778,0.0,0.0
2024-09-30 11:55:00-04:00,4.034999847412109,4.034999847412109,4.03000020980835,4.034999847412109,3499,0.0,0.0
2024-09-30 12:00:00-04:00,4.034999847412109,4.039700031280518,4.03000020980835,4.039700031280518,3129,0.0,0.0
2024-09-30 12:05:00-04:00,4.030099868774414,4.039999961853027,4.03000020980835,4.034999847412109,15361,0.0,0.0
2024-09-30 12:10:00-04:00,4.034999847412109,4.039999961853027,4.034999847412109,4.034999847412109,705,0.0,0.0
2024-09-30 12:15:00-04:00,4.034999847412109,4.034999847412109,4.034999847412109,4.034999847412109,306,0.0,0.0
2024-09-30 12:20:00-04:00,4.039999961853027,4.039999961853027,4.034999847412109,4.034999847412109,2801,0.0,0.0
2024-09-30 12:25:00-04:00,4.039999961853027,4.039999961853027,4.034999847412109,4.039999961853027,1301,0.0,0.0
2024-09-30 12:30:00-04:00,4.039999961853027,4.039999961853027,4.03000020980835,4.034999847412109,4761,0.0,0.0
2024-09-30 12:35:00-04:00,4.039999961853027,4.039999961853027,4.03000020980835,4.03980016708374,1380,0.0,0.0
2024-09-30 12:40:00-04:00,4.039999961853027,4.050000190734863,4.03000020980835,4.044600009918213,17494,0.0,0.0
2024-09-30 12:45:00-04:00,4.039999961853027,4.045000076293945,4.039999961853027,4.045000076293945,3278,0.0,0.0
2024-09-30 12:50:00-04:00,4.039999961853027,4.050000190734863,4.039999961853027,4.045000076293945,2037,0.0,0.0
2024-09-30 12:55:00-04:00,4.048999786376953,4.048999786376953,4.048999786376953,4.048999786376953,197,0.0,0.0
2024-09-30 13:00:00-04:00,4.048999786376953,4.050000190734863,4.048999786376953,4.050000190734863,1500,0.0,0.0
2024-09-30 13:05:00-04:00,4.050000190734863,4.050000190734863,4.050000190734863,4.050000190734863,143,0.0,0.0
2024-09-30 13:10:00-04:00,4.050000190734863,4.050000190734863,4.04010009765625,4.048999786376953,3804,0.0,0.0
2024-09-30 13:15:00-04:00,4.049200057983398,4.049200057983398,4.045000076293945,4.045000076293945,7592,0.0,0.0
2024-09-30 13:20:00-04:00,4.049900054931641,4.049900054931641,4.048799991607666,4.048799991607666,478,0.0,0.0
2024-09-30 13:25:00-04:00,4.039999961853027,4.045199871063232,4.039999961853027,4.045000076293945,6915,0.0,0.0
2024-09-30 13:30:00-04:00,4.041299819946289,4.048600196838379,4.039999961853027,4.048600196838379,2508,0.0,0.0
2024-09-30 13:35:00-04:00,4.049900054931641,4.049900054931641,4.039999961853027,4.039999961853027,10342,0.0,0.0
2024-09-30 13:40:00-04:00,4.042300224304199,4.0482001304626465,4.042300224304199,4.045000076293945,3697,0.0,0.0
2024-09-30 13:45:00-04:00,4.045000076293945,4.048699855804443,4.039999961853027,4.048699855804443,16613,0.0,0.0
2024-09-30 13:50:00-04:00,4.039999961853027,4.050000190734863,4.039999961853027,4.039999961853027,10016,0.0,0.0
2024-09-30 13:55:00-04:00,4.049900054931641,4.049900054931641,4.045000076293945,4.045000076293945,15058,0.0,0.0
2024-09-30 14:00:00-04:00,4.039999961853027,4.045000076293945,4.039999961853027,4.045000076293945,7952,0.0,0.0
2024-09-30 14:05:00-04:00,4.049900054931641,4.049900054931641,4.034999847412109,4.034999847412109,8938,0.0,0.0
2024-09-30 14:10:00-04:00,4.034999847412109,4.034999847412109,4.022900104522705,4.025000095367432,48225,0.0,0.0
2024-09-30 14:15:00-04:00,4.025000095367432,4.025000095367432,4.025000095367432,4.025000095367432,716,0.0,0.0
2024-09-30 14:20:00-04:00,4.021299839019775,4.025000095367432,4.019999980926514,4.019999980926514,10729,0.0,0.0
2024-09-30 14:25:00-04:00,4.019999980926514,4.019999980926514,4.010000228881836,4.019999980926514,50803,0.0,0.0
2024-09-30 14:30:00-04:00,4.014999866485596,4.019999980926514,4.0100998878479,4.018700122833252,26601,0.0,0.0
2024-09-30 14:35:00-04:00,4.018700122833252,4.025000095367432,4.010000228881836,4.025000095367432,14583,0.0,0.0
2024-09-30 14:40:00-04:00,4.03000020980835,4.03000020980835,4.019999980926514,4.025000095367432,7798,0.0,0.0
2024-09-30 14:45:00-04:00,4.025000095367432,4.025000095367432,4.019999980926514,4.025000095367432,668,0.0,0.0
2024-09-30 14:50:00-04:00,4.025000095367432,4.03000020980835,4.025000095367432,4.025000095367432,1905,0.0,0.0
2024-09-30 14:55:00-04:00,4.028600215911865,4.029699802398682,4.025000095367432,4.025000095367432,3663,0.0,0.0
2024-09-30 15:00:00-04:00,4.019999980926514,4.026000022888184,4.019999980926514,4.025000095367432,22728,0.0,0.0
2024-09-30 15:05:00-04:00,4.025000095367432,4.03000020980835,4.019999980926514,4.028600215911865,5595,0.0,0.0
2024-09-30 15:10:00-04:00,4.019999980926514,4.028600215911865,4.019999980926514,4.019999980926514,32602,0.0,0.0
2024-09-30 15:15:00-04:00,4.029900074005127,4.029900074005127,4.019999980926514,4.025000095367432,1628,0.0,0.0
2024-09-30 15:20:00-04:00,4.019999980926514,4.03000020980835,4.019999980926514,4.025000095367432,25197,0.0,0.0
2024-09-30 15:25:00-04:00,4.02869987487793,4.03000020980835,4.02400016784668,4.025000095367432,13692,0.0,0.0
2024-09-30 15:30:00-04:00,4.025000095367432,4.02869987487793,4.019999980926514,4.025000095367432,10740,0.0,0.0
2024-09-30 15:35:00-04:00,4.025000095367432,4.025000095367432,4.019999980926514,4.025000095367432,16806,0.0,0.0
2024-09-30 15:40:00-04:00,4.019999980926514,4.03000020980835,4.019999980926514,4.025000095367432,26387,0.0,0.0
2024-09-30 15:45:00-04:00,4.0279998779296875,4.050000190734863,4.02400016784668,4.041999816894531,50533,0.0,0.0
2024-09-30 15:50:00-04:00,4.045000076293945,4.050000190734863,4.039999961853027,4.039999961853027,15259,0.0,0.0
2024-09-30 15:55:00-04:00,4.045000076293945,4.059999942779541,4.045000076293945,4.059999942779541,56014,0.0,0.0
2024-10-01 09:30:00-04:00,4.070000171661377,4.071000099182129,4.059999942779541,4.0609002113342285,51825,0.0,0.0
2024-10-01 09:35:00-04:00,4.0690999031066895,4.070000171661377,4.059999942779541,4.065000057220459,35296,0.0,0.0
2024-10-01 09:40:00-04:00,4.070000171661377,4.070000171661377,4.060999870300293,4.070000171661377,11145,0.0,0.0
2024-10-01 09:45:00-04:00,4.070000171661377,4.070000171661377,4.063399791717529,4.063399791717529,16075,0.0,0.0
2024-10-01 09:50:00-04:00,4.069300174713135,4.079999923706055,4.069300174713135,4.079999923706055,37075,0.0,0.0
2024-10-01 09:55:00-04:00,4.090000152587891,4.090000152587891,4.070099830627441,4.074999809265137,11059,0.0,0.0
2024-10-01 10:00:00-04:00,4.076499938964844,4.079999923706055,4.074999809265137,4.074999809265137,3896,0.0,0.0
2024-10-01 10:05:00-04:00,4.070099830627441,4.074999809265137,4.070000171661377,4.070000171661377,15424,0.0,0.0
2024-10-01 10:10:00-04:00,4.059999942779541,4.059999942779541,4.039999961853027,4.045000076293945,21135,0.0,0.0
2024-10-01 10:15:00-04:00,4.049699783325195,4.049699783325195,4.045000076293945,4.045000076293945,9053,0.0,0.0
2024-10-01 10:20:00-04:00,4.050000190734863,4.058800220489502,4.039999961853027,4.054999828338623,23004,0.0,0.0
2024-10-01 10:25:00-04:00,4.054999828338623,4.059899806976318,4.050000190734863,4.050099849700928,2853,0.0,0.0
2024-10-01 10:30:00-04:00,4.059899806976318,4.059999942779541,4.050000190734863,4.050000190734863,4026,0.0,0.0
2024-10-01 10:35:00-04:00,4.054999828338623,4.059999942779541,4.054999828338623,4.054999828338623,3889,0.0,0.0
2024-10-01 10:40:00-04:00,4.054999828338623,4.054999828338623,4.054999828338623,4.054999828338623,1706,0.0,0.0
2024-10-01 10:45:00-04:00,4.054999828338623,4.054999828338623,4.050000190734863,4.050000190734863,8411,0.0,0.0
2024-10-01 10:50:00-04:00,4.058700084686279,4.058700084686279,4.052800178527832,4.052800178527832,1869,0.0,0.0
2024-10-01 10:55:00-04:00,4.051199913024902,4.054999828338623,4.050000190734863,4.050000190734863,1708,0.0,0.0
2024-10-01 11:00:00-04:00,4.050000190734863,4.050099849700928,4.039999961853027,4.039999961853027,15847,0.0,0.0
2024-10-01 11:05:00-04:00,4.039999961853027,4.039999961853027,4.03000020980835,4.03000020980835,15108,0.0,0.0
2024-10-01 11:10:00-04:00,4.03000020980835,4.034999847412109,4.03000020980835,4.03000020980835,4152,0.0,0.0
2024-10-01 11:15:00-04:00,4.03000020980835,4.039899826049805,4.03000020980835,4.03000020980835,5551,0.0,0.0
2024-10-01 11:20:00-04:00,4.03000020980835,4.039999961853027,4.03000020980835,4.037499904632568,3450,0.0,0.0
2024-10-01 11:25:00-04:00,4.03380012512207,4.039899826049805,4.03000020980835,4.03000020980835,9506,0.0,0.0
2024-10-01 11:30:00-04:00,4.034999847412109,4.039999961853027,4.03000020980835,4.034999847412109,5614,0.0,0.0
2024-10-01 11:35:00-04:00,4.034999847412109,4.03879976272583,4.033599853515625,4.034999847412109,7942,0.0,0.0
2024-10-01 11:40:00-04:00,4.034999847412109,4.036600112915039,4.03000020980835,4.034999847412109,16127,0.0,0.0
2024-10-01 11:45:00-04:00,4.034999847412109,4.037099838256836,4.034999847412109,4.037099838256836,6871,0.0,0.0
2024-10-01 11:50:00-04:00,4.034999847412109,4.046841144561768,4.03000020980835,4.046841144561768,26577,0.0,0.0
2024-10-01 11:55:00-04:00,4.045000076293945,4.049900054931641,4.045000076293945,4.045000076293945,4744,0.0,0.0
2024-10-01 12:00:00-04:00,4.050000190734863,4.065000057220459,4.045000076293945,4.065000057220459,54311,0.0,0.0
2024-10-01 12:05:00-04:00,4.065000057220459,4.068600177764893,4.059999942779541,4.059999942779541,16072,0.0,0.0
2024-10-01 12:10:00-04:00,4.065000057220459,4.070000171661377,4.065000057220459,4.065000057220459,14414,0.0,0.0
2024-10-01 12:15:00-04:00,4.065000057220459,4.065000057220459,4.059999942779541,4.065000057220459,5344,0.0,0.0
2024-10-01 12:20:00-04:00,4.059999942779541,4.070000171661377,4.059999942779541,4.065000057220459,10670,0.0,0.0
2024-10-01 12:25:00-04:00,4.066699981689453,4.0671000480651855,4.065000057220459,4.065000057220459,12437,0.0,0.0
2024-10-01 12:30:00-04:00,4.065000057220459,4.069900035858154,4.059999942779541,4.065000057220459,5588,0.0,0.0
2024-10-01 12:35:00-04:00,4.065000057220459,4.0660881996154785,4.065000057220459,4.065000057220459,2857,0.0,0.0
2024-10-01 12:40:00-04:00,4.065000057220459,4.065000057220459,4.065000057220459,4.065000057220459,961,0.0,0.0
2024-10-01 12:45:00-04:00,4.059999942779541,4.070000171661377,4.059999942779541,4.065000057220459,6088,0.0,0.0
2024-10-01 12:50:00-04:00,4.059999942779541,4.060100078582764,4.054999828338623,4.054999828338623,12293,0.0,0.0
2024-10-01 12:55:00-04:00,4.054999828338623,4.054999828338623,4.054999828338623,4.054999828338623,4064,0.0,0.0
2024-10-01 13:00:00-04:00,4.054999828338623,4.054999828338623,4.054999828338623,4.054999828338623,8902,0.0,0.0
2024-10-01 13:05:00-04:00,4.054999828338623,4.054999828338623,4.053999900817871,4.053999900817871,820,0.0,0.0
2024-10-01 13:10:00-04:00,4.054999828338623,4.059999942779541,4.050000190734863,4.059999942779541,3613,0.0,0.0
2024-10-01 13:15:00-04:00,4.059899806976318,4.059899806976318,4.054999828338623,4.054999828338623,344,0.0,0.0
2024-10-01 13:20:00-04:00,4.050000190734863,4.054999828338623,4.039999961853027,4.045000076293945,53436,0.0,0.0
2024-10-01 13:25:00-04:00,4.039999961853027,4.048600196838379,4.039999961853027,4.048600196838379,14374,0.0,0.0
2024-10-01 13:30:00-04:00,4.042600154876709,4.048699855804443,4.042500019073486,4.048699855804443,4727,0.0,0.0
2024-10-01 13:35:00-04:00,4.045000076293945,4.045000076293945,4.042399883270264,4.045000076293945,4889,0.0,0.0
2024-10-01 13:40:00-04:00,4.045000076293945,4.045000076293945,4.045000076293945,4.045000076293945,2715,0.0,0.0
2024-10-01 13:45:00-04:00,4.045000076293945,4.050000190734863,4.04010009765625,4.044099807739258,8960,0.0,0.0
2024-10-01 13:50:00-04:00,4.045000076293945,4.050000190734863,4.045000076293945,4.050000190734863,3095,0.0,0.0
2024-10-01 13:55:00-04:00,4.045000076293945,4.059999942779541,4.045000076293945,4.054999828338623,48738,0.0,0.0
2024-10-01 14:00:00-04:00,4.054999828338623,4.054999828338623,4.05109977722168,4.05109977722168,3196,0.0,0.0
2024-10-01 14:05:00-04:00,4.053500175476074,4.058800220489502,4.050000190734863,4.050000190734863,11865,0.0,0.0
2024-10-01 14:10:00-04:00,4.050000190734863,4.059999942779541,4.039999961853027,4.045000076293945,23117,0.0,0.0
2024-10-01 14:15:00-04:00,4.048699855804443,4.048699855804443,4.045000076293945,4.045000076293945,7860,0.0,0.0
2024-10-01 14:20:00-04:00,4.045000076293945,4.045000076293945,4.045000076293945,4.045000076293945,941,0.0,0.0
2024-10-01 14:25:00-04:00,4.045000076293945,4.059999942779541,4.045000076293945,4.059999942779541,15686,0.0,0.0
2024-10-01 14:30:00-04:00,4.054999828338623,4.054999828338623,4.054999828338623,4.054999828338623,905,0.0,0.0
2024-10-01 14:35:00-04:00,4.059999942779541,4.059999942779541,4.050000190734863,4.050000190734863,2235,0.0,0.0
2024-10-01 14:40:00-04:00,4.050000190734863,4.054999828338623,4.050000190734863,4.050000190734863,1823,0.0,0.0
2024-10-01 14:45:00-04:00,4.050000190734863,4.054999828338623,4.050000190734863,4.054999828338623,5020,0.0,0.0
2024-10-01 14:50:00-04:00,4.050000190734863,4.050000190734863,4.045000076293945,4.045000076293945,5869,0.0,0.0
2024-10-01 14:55:00-04:00,4.045000076293945,4.045000076293945,4.045000076293945,4.045000076293945,3395,0.0,0.0
2024-10-01 15:00:00-04:00,4.045000076293945,4.050000190734863,4.045000076293945,4.045000076293945,4432,0.0,0.0
2024-10-01 15:05:00-04:00,4.045000076293945,4.050000190734863,4.045000076293945,4.045000076293945,3938,0.0,0.0
2024-10-01 15:10:00-04:00,4.045000076293945,4.050000190734863,4.045000076293945,4.045000076293945,2440,0.0,0.0
2024-10-01 15:15:00-04:00,4.045000076293945,4.045000076293945,4.045000076293945,4.045000076293945,1815,0.0,0.0
2024-10-01 15:20:00-04:00,4.045000076293945,4.045000076293945,4.045000076293945,4.045000076293945,3324,0.0,0.0
2024-10-01 15:25:00-04:00,4.045000076293945,4.048699855804443,4.045000076293945,4.045000076293945,5421,0.0,0.0
2024-10-01 15:30:00-04:00,4.045000076293945,4.050000190734863,4.039999961853027,4.045000076293945,3518,0.0,0.0
2024-10-01 15:35:00-04:00,4.045000076293945,4.048799991607666,4.045000076293945,4.045000076293945,6064,0.0,0.0
2024-10-01 15:40:00-04:00,4.045000076293945,4.045000076293945,4.045000076293945,4.045000076293945,8144,0.0,0.0
2024-10-01 15:45:00-04:00,4.045000076293945,4.045000076293945,4.045000076293945,4.045000076293945,3225,0.0,0.0
2024-10-01 15:50:00-04:00,4.045000076293945,4.045000076293945,4.034999847412109,4.034999847412109,20531,0.0,0.0
2024-10-01 15:55:00-04:00,4.034999847412109,4.039999961853027,4.03000020980835,4.03000020980835,17463,0.0,0.0
2024-10-02 09:30:00-04:00,4.050000190734863,4.059999942779541,4.050000190734863,4.053800106048584,59346,0.0,0.0
2024-10-02 09:35:00-04:00,4.045000076293945,4.050000190734863,4.03000020980835,4.039999961853027,13147,0.0,0.0
2024-10-02 09:40:00-04:00,4.034999847412109,4.039999961853027,4.03000020980835,4.034999847412109,6083,0.0,0.0
2024-10-02 09:45:00-04:00,4.034999847412109,4.039999961853027,4.03000020980835,4.03000020980835,8335,0.0,0.0
2024-10-02 09:50:00-04:00,4.039999961853027,4.039999961853027,4.039999961853027,4.039999961853027,10100,0.0,0.0
2024-10-02 09:55:00-04:00,4.0395002365112305,4.0395002365112305,4.03000020980835,4.030099868774414,7043,0.0,0.0
2024-10-02 10:00:00-04:00,4.034999847412109,4.050000190734863,4.034999847412109,4.050000190734863,3703,0.0,0.0
2024-10-02 10:05:00-04:00,4.045199871063232,4.045199871063232,4.03000020980835,4.034999847412109,18809,0.0,0.0
2024-10-02 10:10:00-04:00,4.038899898529053,4.039999961853027,4.03000020980835,4.037199974060059,2960,0.0,0.0
2024-10-02 10:15:00-04:00,4.039999961853027,4.039999961853027,4.034999847412109,4.039100170135498,11140,0.0,0.0
2024-10-02 10:20:00-04:00,4.039999961853027,4.039999961853027,4.03000020980835,4.034999847412109,2374,0.0,0.0
2024-10-02 10:25:00-04:00,4.039899826049805,4.039999961853027,4.031300067901611,4.031499862670898,4680,0.0,0.0
2024-10-02 10:30:00-04:00,4.036499977111816,4.039999961853027,4.03000020980835,4.039999961853027,2808,0.0,0.0
2024-10-02 10:35:00-04:00,4.03000020980835,4.039999961853027,4.03000020980835,4.034999847412109,7256,0.0,0.0
2024-10-02 10:40:00-04:00,4.039999961853027,4.039999961853027,4.034999847412109,4.034999847412109,14100,0.0,0.0
2024-10-02 10:45:00-04:00,4.034999847412109,4.050000190734863,4.034999847412109,4.045000076293945,44423,0.0,0.0
2024-10-02 10:50:00-04:00,4.045000076293945,4.049900054931641,4.045000076293945,4.045000076293945,4220,0.0,0.0
2024-10-02 10:55:00-04:00,4.048699855804443,4.048699855804443,4.048699855804443,4.048699855804443,670,0.0,0.0
2024-10-02 11:00:00-04:00,4.045000076293945,4.045499801635742,4.039999961853027,4.04010009765625,12670,0.0,0.0
2024-10-02 11:05:00-04:00,4.045300006866455,4.045300006866455,4.034999847412109,4.034999847412109,11075,0.0,0.0
2024-10-02 11:10:00-04:00,4.039999961853027,4.039999961853027,4.039700031280518,4.039700031280518,602,0.0,0.0
2024-10-02 11:20:00-04:00,4.031899929046631,4.039999961853027,4.030099868774414,4.039999961853027,15922,0.0,0.0
2024-10-02 11:25:00-04:00,4.039999961853027,4.039999961853027,4.0370001792907715,4.0370001792907715,2996,0.0,0.0
2024-10-02 11:35:00-04:00,4.034999847412109,4.038599967956543,4.031499862670898,4.034999847412109,3130,0.0,0.0
2024-10-02 11:40:00-04:00,4.031300067901611,4.039999961853027,4.03000020980835,4.031300067901611,14384,0.0,0.0
2024-10-02 11:45:00-04:00,4.03000020980835,4.039999961853027,4.03000020980835,4.03000020980835,6015,0.0,0.0
2024-10-02 11:50:00-04:00,4.030099868774414,4.034999847412109,4.030099868774414,4.034999847412109,8565,0.0,0.0
2024-10-02 11:55:00-04:00,4.03849983215332,4.039999961853027,4.034999847412109,4.039899826049805,7600,0.0,0.0
2024-10-02 12:00:00-04:00,4.034999847412109,4.039999961853027,4.034999847412109,4.034999847412109,2068,0.0,0.0
2024-10-02 12:05:00-04:00,4.033999919891357,4.039999961853027,4.03000020980835,4.035299777984619,4151,0.0,0.0
2024-10-02 12:10:00-04:00,4.039999961853027,4.039999961853027,4.031599998474121,4.039999961853027,8537,0.0,0.0
2024-10-02 12:15:00-04:00,4.038700103759766,4.039999961853027,4.034999847412109,4.039999961853027,8138,0.0,0.0
2024-10-02 12:20:00-04:00,4.030099868774414,4.050000190734863,4.030099868774414,4.050000190734863,15375,0.0,0.0
2024-10-02 12:25:00-04:00,4.045000076293945,4.050000190734863,4.045000076293945,4.048399925231934,2553,0.0,0.0
2024-10-02 12:35:00-04:00,4.044000148773193,4.045000076293945,4.034999847412109,4.034999847412109,14082,0.0,0.0
2024-10-02 12:40:00-04:00,4.038300037384033,4.038300037384033,4.03000020980835,4.03000020980835,2690,0.0,0.0
2024-10-02 12:45:00-04:00,4.034999847412109,4.03879976272583,4.034999847412109,4.03879976272583,1185,0.0,0.0
2024-10-02 12:50:00-04:00,4.034999847412109,4.039999961853027,4.034999847412109,4.039999961853027,2301,0.0,0.0
2024-10-02 12:55:00-04:00,4.038700103759766,4.03879976272583,4.038700103759766,4.03879976272583,788,0.0,0.0
2024-10-02 13:00:00-04:00,4.034999847412109,4.039999961853027,4.034999847412109,4.039999961853027,6101,0.0,0.0
2024-10-02 13:05:00-04:00,4.039899826049805,4.039999961853027,4.031599998474121,4.039999961853027,1003,0.0,0.0
2024-10-02 13:10:00-04:00,4.034999847412109,4.03980016708374,4.031400203704834,4.031400203704834,3158,0.0,0.0
2024-10-02 13:15:00-04:00,4.03879976272583,4.039999961853027,4.03879976272583,4.039999961853027,5152,0.0,0.0
2024-10-02 13:20:00-04:00,4.039999961853027,4.039999961853027,4.039999961853027,4.039999961853027,3984,0.0,0.0
2024-10-02 13:30:00-04:00,4.034999847412109,4.039999961853027,4.034999847412109,4.039999961853027,953,0.0,0.0
2024-10-02 13:35:00-04:00,4.0391998291015625,4.039999961853027,4.030099868774414,4.039999961853027,16362,0.0,0.0
2024-10-02 13:40:00-04:00,4.031499862670898,4.039999961853027,4.031499862670898,4.039899826049805,7751,0.0,0.0
2024-10-02 13:45:00-04:00,4.031899929046631,4.039999961853027,4.031899929046631,4.039999961853027,6935,0.0,0.0
2024-10-02 13:50:00-04:00,4.034999847412109,4.050000190734863,4.034999847412109,4.050000190734863,12800,0.0,0.0
2024-10-02 13:55:00-04:00,4.045000076293945,4.050000190734863,4.045000076293945,4.048999786376953,5124,0.0,0.0
2024-10-02 14:00:00-04:00,4.046199798583984,4.050000190734863,4.046199798583984,4.050000190734863,2803,0.0,0.0
2024-10-02 14:05:00-04:00,4.050000190734863,4.050000190734863,4.044000148773193,4.044000148773193,2787,0.0,0.0
2024-10-02 14:15:00-04:00,4.042870044708252,4.050000190734863,4.042870044708252,4.050000190734863,760,0.0,0.0
2024-10-02 14:20:00-04:00,4.045000076293945,4.045000076293945,4.045000076293945,4.045000076293945,210,0.0,0.0
2024-10-02 14:25:00-04:00,4.045000076293945,4.045000076293945,4.045000076293945,4.045000076293945,3375,0.0,0.0
2024-10-02 14:35:00-04:00,4.039999961853027,4.040999889373779,4.034999847412109,4.034999847412109,22646,0.0,0.0
2024-10-02 14:40:00-04:00,4.031899929046631,4.039899826049805,4.03000020980835,4.034999847412109,3413,0.0,0.0
2024-10-02 14:45:00-04:00,4.03000020980835,4.0329999923706055,4.03000020980835,4.0329999923706055,353,0.0,0.0
2024-10-02 14:50:00-04:00,4.034999847412109,4.034999847412109,4.031499862670898,4.034999847412109,12456,0.0,0.0
2024-10-02 14:55:00-04:00,4.03849983215332,4.039999961853027,4.034999847412109,4.034999847412109,1240,0.0,0.0
2024-10-02 15:00:00-04:00,4.03849983215332,4.039999961853027,4.03000020980835,4.03000020980835,2930,0.0,0.0
2024-10-02 15:05:00-04:00,4.039999961853027,4.039999961853027,4.03000020980835,4.034999847412109,5352,0.0,0.0
2024-10-02 15:10:00-04:00,4.034999847412109,4.035600185394287,4.034999847412109,4.034999847412109,2877,0.0,0.0
2024-10-02 15:15:00-04:00,4.03849983215332,4.039999961853027,4.034999847412109,4.034999847412109,3834,0.0,0.0
2024-10-02 15:20:00-04:00,4.039700031280518,4.039700031280518,4.034999847412109,4.034999847412109,10308,0.0,0.0
2024-10-02 15:25:00-04:00,4.03849983215332,4.039999961853027,4.034999847412109,4.039999961853027,11748,0.0,0.0
2024-10-02 15:30:00-04:00,4.03849983215332,4.039999961853027,4.034999847412109,4.034999847412109,4184,0.0,0.0
2024-10-02 15:35:00-04:00,4.039000034332275,4.039000034332275,4.039000034332275,4.039000034332275,210,0.0,0.0
2024-10-02 15:40:00-04:00,4.039999961853027,4.039999961853027,4.03849983215332,4.039999961853027,1813,0.0,0.0
2024-10-02 15:45:00-04:00,4.034999847412109,4.039999961853027,4.030099868774414,4.039999961853027,12274,0.0,0.0
2024-10-02 15:50:00-04:00,4.034999847412109,4.039999961853027,4.03000020980835,4.037499904632568,8565,0.0,0.0
2024-10-02 15:55:00-04:00,4.034999847412109,4.039999961853027,4.03000020980835,4.034999847412109,12985,0.0,0.0
2024-10-03 09:30:00-04:00,4.03000020980835,4.039999961853027,4.03000020980835,4.03000020980835,62287,0.0,0.0
2024-10-03 09:35:00-04:00,4.034900188446045,4.034999847412109,4.034900188446045,4.034999847412109,1304,0.0,0.0
2024-10-03 09:40:00-04:00,4.03000020980835,4.03000020980835,4.03000020980835,4.03000020980835,2500,0.0,0.0
2024-10-03 09:45:00-04:00,4.03000020980835,4.034999847412109,4.03000020980835,4.03000020980835,9606,0.0,0.0
2024-10-03 09:50:00-04:00,4.039899826049805,4.039999961853027,4.034999847412109,4.034999847412109,7220,0.0,0.0
2024-10-03 09:55:00-04:00,4.034800052642822,4.039999961853027,4.034800052642822,4.039999961853027,5605,0.0,0.0
2024-10-03 10:00:00-04:00,4.039999961853027,4.039999961853027,4.034999847412109,4.034999847412109,4455,0.0,0.0
2024-10-03 10:05:00-04:00,4.039999961853027,4.039999961853027,4.031300067901611,4.038599967956543,8530,0.0,0.0
2024-10-03 10:10:00-04:00,4.030099868774414,4.034999847412109,4.030099868774414,4.034999847412109,690,0.0,0.0
2024-10-03 10:15:00-04:00,4.034999847412109,4.039999961853027,4.034900188446045,4.039999961853027,3843,0.0,0.0
2024-10-03 10:20:00-04:00,4.039999961853027,4.039999961853027,4.034999847412109,4.039999961853027,16507,0.0,0.0
2024-10-03 10:25:00-04:00,4.034999847412109,4.039999961853027,4.034999847412109,4.034999847412109,1405,0.0,0.0
2024-10-03 10:30:00-04:00,4.039999961853027,4.039999961853027,4.039999961853027,4.039999961853027,273,0.0,0.0
2024-10-03 10:35:00-04:00,4.034999847412109,4.035799980163574,4.03000020980835,4.034999847412109,21095,0.0,0.0
2024-10-03 10:40:00-04:00,4.03000020980835,4.03000020980835,4.010000228881836,4.013199806213379,125796,0.0,0.0
2024-10-03 10:45:00-04:00,4.018700122833252,4.019999980926514,4.014999866485596,4.014999866485596,2753,0.0,0.0
2024-10-03 10:50:00-04:00,4.010000228881836,4.019999980926514,4.010000228881836,4.014999866485596,6190,0.0,0.0
2024-10-03 10:55:00-04:00,4.014999866485596,4.014999866485596,3.990000009536743,3.994999885559082,116555,0.0,0.0
2024-10-03 11:00:00-04:00,3.994999885559082,4.0,3.990000009536743,3.997399091720581,31909,0.0,0.0
2024-10-03 11:05:00-04:00,3.994999885559082,4.0,3.990000009536743,4.0,96466,0.0,0.0
2024-10-03 11:10:00-04:00,3.9999001026153564,4.0,3.990000009536743,3.994999885559082,27590,0.0,0.0
2024-10-03 11:15:00-04:00,3.990000009536743,3.990000009536743,3.9800000190734863,3.984999895095825,60616,0.0,0.0
2024-10-03 11:20:00-04:00,3.9800000190734863,3.990000009536743,3.9800000190734863,3.990000009536743,5155,0.0,0.0
2024-10-03 11:25:00-04:00,3.9809999465942383,3.990000009536743,3.9809999465942383,3.984999895095825,6452,0.0,0.0
2024-10-03 11:30:00-04:00,3.990000009536743,3.990000009536743,3.9809999465942383,3.984999895095825,4276,0.0,0.0
2024-10-03 11:35:00-04:00,3.988800048828125,3.990000009536743,3.950000047683716,3.9549999237060547,153468,0.0,0.0
2024-10-03 11:40:00-04:00,3.950000047683716,3.958699941635132,3.950000047683716,3.9547998905181885,13359,0.0,0.0
2024-10-03 11:45:00-04:00,3.950000047683716,3.958699941635132,3.940999984741211,3.944999933242798,16180,0.0,0.0
2024-10-03 11:50:00-04:00,3.944999933242798,3.950000047683716,3.940000057220459,3.944999933242798,46205,0.0,0.0
2024-10-03 11:55:00-04:00,3.940000057220459,3.944999933242798,3.940000057220459,3.944999933242798,10375,0.0,0.0
2024-10-03 12:00:00-04:00,3.944999933242798,3.950000047683716,3.940000057220459,3.940000057220459,72998,0.0,0.0
2024-10-03 12:05:00-04:00,3.940999984741211,3.940999984741211,3.9200000762939453,3.9200000762939453,138152,0.0,0.0
2024-10-03 12:10:00-04:00,3.9200000762939453,3.9298999309539795,3.9100000858306885,3.9100000858306885,35259,0.0,0.0
2024-10-03 12:15:00-04:00,3.9186999797821045,3.950000047683716,3.9100000858306885,3.944999933242798,84648,0.0,0.0
2024-10-03 12:20:00-04:00,3.949899911880493,3.950000047683716,3.930000066757202,3.934999942779541,41873,0.0,0.0
2024-10-03 12:25:00-04:00,3.930000066757202,3.940000057220459,3.930000066757202,3.937999963760376,2948,0.0,0.0
2024-10-03 12:30:00-04:00,3.934999942779541,3.9700000286102295,3.934999942779541,3.9686999320983887,76820,0.0,0.0
2024-10-03 12:35:00-04:00,3.9660000801086426,3.9700000286102295,3.9549999237060547,3.9549999237060547,10151,0.0,0.0
2024-10-03 12:40:00-04:00,3.9549999237060547,3.9549999237060547,3.944999933242798,3.944999933242798,34347,0.0,0.0
2024-10-03 12:45:00-04:00,3.940000057220459,3.9600000381469727,3.940000057220459,3.9549999237060547,63411,0.0,0.0
2024-10-03 12:50:00-04:00,3.9549999237060547,3.9598000049591064,3.94350004196167,3.950000047683716,52366,0.0,0.0
2024-10-03 12:55:00-04:00,3.944999933242798,3.950000047683716,3.9400999546051025,3.944000005722046,13893,0.0,0.0
2024-10-03 13:00:00-04:00,3.944999933242798,3.950000047683716,3.9412999153137207,3.950000047683716,13480,0.0,0.0
2024-10-03 13:05:00-04:00,3.948499917984009,3.950000047683716,3.940000057220459,3.950000047683716,20600,0.0,0.0
2024-10-03 13:10:00-04:00,3.9400999546051025,3.9700000286102295,3.9400999546051025,3.9649999141693115,61564,0.0,0.0
2024-10-03 13:15:00-04:00,3.9649999141693115,3.9700000286102295,3.9600000381469727,3.9649999141693115,5039,0.0,0.0
2024-10-03 13:20:00-04:00,3.960099935531616,3.968899965286255,3.9600000381469727,3.9649999141693115,6250,0.0,0.0
2024-10-03 13:25:00-04:00,3.9649999141693115,3.9700000286102295,3.9649999141693115,3.9649999141693115,13032,0.0,0.0
2024-10-03 13:30:00-04:00,3.9649999141693115,3.9686999320983887,3.9600000381469727,3.9649999141693115,2900,0.0,0.0
2024-10-03 13:35:00-04:00,3.9649999141693115,3.969899892807007,3.9649999141693115,3.968899965286255,4833,0.0,0.0
2024-10-03 13:40:00-04:00,3.9600000381469727,3.9649999141693115,3.9600000381469727,3.9649999141693115,1246,0.0,0.0
2024-10-03 13:45:00-04:00,3.9700000286102295,3.9700000286102295,3.9600000381469727,3.961199998855591,2002,0.0,0.0
2024-10-03 13:50:00-04:00,3.960099935531616,3.969899892807007,3.960099935531616,3.9619998931884766,9702,0.0,0.0
2024-10-03 13:55:00-04:00,3.9649999141693115,3.968600034713745,3.9600000381469727,3.968600034713745,2654,0.0,0.0
2024-10-03 14:00:00-04:00,3.9600000381469727,3.9649999141693115,3.9600000381469727,3.9649999141693115,202,0.0,0.0
2024-10-03 14:05:00-04:00,3.968600034713745,3.9700000286102295,3.9649999141693115,3.9700000286102295,12796,0.0,0.0
2024-10-03 14:10:00-04:00,3.9649999141693115,3.969899892807007,3.9609999656677246,3.9649999141693115,6236,0.0,0.0
2024-10-03 14:15:00-04:00,3.9600000381469727,3.9700000286102295,3.9600000381469727,3.9600000381469727,31463,0.0,0.0
2024-10-03 14:20:00-04:00,3.9609999656677246,3.9700000286102295,3.9609999656677246,3.9649999141693115,35081,0.0,0.0
2024-10-03 14:25:00-04:00,3.960099935531616,3.9649999141693115,3.960099935531616,3.9649999141693115,32464,0.0,0.0
2024-10-03 14:30:00-04:00,3.9700000286102295,3.9700000286102295,3.961400032043457,3.961400032043457,1350,0.0,0.0
2024-10-03 14:35:00-04:00,3.961199998855591,3.9649999141693115,3.9600000381469727,3.9649999141693115,9627,0.0,0.0
2024-10-03 14:40:00-04:00,3.9600000381469727,3.969899892807007,3.9600000381469727,3.9649999141693115,2400,0.0,0.0
2024-10-03 14:45:00-04:00,3.9649999141693115,3.9700000286102295,3.9649999141693115,3.9649999141693115,4229,0.0,0.0
2024-10-03 14:50:00-04:00,3.964400053024292,3.964400053024292,3.9600000381469727,3.9600000381469727,3423,0.0,0.0
2024-10-03 14:55:00-04:00,3.9649999141693115,3.9649999141693115,3.9649999141693115,3.9649999141693115,2381,0.0,0.0
2024-10-03 15:00:00-04:00,3.9600000381469727,3.9700000286102295,3.9600000381469727,3.960099935531616,13555,0.0,0.0
2024-10-03 15:05:00-04:00,3.9609999656677246,3.9681999683380127,3.9609999656677246,3.9649999141693115,3088,0.0,0.0
2024-10-03 15:10:00-04:00,3.9672999382019043,3.9686999320983887,3.944999933242798,3.944999933242798,50525,0.0,0.0
2024-10-03 15:15:00-04:00,3.940999984741211,3.950000047683716,3.940999984741211,3.940999984741211,1498,0.0,0.0
2024-10-03 15:20:00-04:00,3.940000057220459,3.949899911880493,3.940000057220459,3.940999984741211,8208,0.0,0.0
2024-10-03 15:25:00-04:00,3.944999933242798,3.944999933242798,3.940999984741211,3.940999984741211,12639,0.0,0.0
2024-10-03 15:30:00-04:00,3.944999933242798,3.950000047683716,3.940000057220459,3.944999933242798,30947,0.0,0.0
2024-10-03 15:35:00-04:00,3.940999984741211,3.948499917984009,3.940000057220459,3.944999933242798,32811,0.0,0.0
2024-10-03 15:40:00-04:00,3.940999984741211,3.950000047683716,3.940000057220459,3.940999984741211,15976,0.0,0.0
2024-10-03 15:45:00-04:00,3.940000057220459,3.950000047683716,3.940000057220459,3.940999984741211,12038,0.0,0.0
2024-10-03 15:50:00-04:00,3.944999933242798,3.949700117111206,3.940999984741211,3.944999933242798,18176,0.0,0.0
2024-10-03 15:55:00-04:00,3.940999984741211,3.950000047683716,3.940000057220459,3.950000047683716,44215,0.0,0.0
2024-10-04 09:30:00-04:00,3.950000047683716,3.9600000381469727,3.940000057220459,3.950000047683716,51863,0.0,0.0
2024-10-04 09:35:00-04:00,3.950000047683716,3.950000047683716,3.940000057220459,3.950000047683716,23768,0.0,0.0
2024-10-04 09:40:00-04:00,3.940000057220459,3.950000047683716,3.940000057220459,3.949899911880493,9939,0.0,0.0
2024-10-04 09:45:00-04:00,3.950000047683716,3.950000047683716,3.940000057220459,3.944999933242798,34142,0.0,0.0
2024-10-04 09:50:00-04:00,3.9491000175476074,3.9491000175476074,3.9200000762939453,3.930999994277954,40395,0.0,0.0
2024-10-04 09:55:00-04:00,3.928999900817871,3.930000066757202,3.9100000858306885,3.924999952316284,45180,0.0,0.0
2024-10-04 10:00:00-04:00,3.930000066757202,3.930000066757202,3.9100000858306885,3.9200000762939453,47478,0.0,0.0
2024-10-04 10:05:00-04:00,3.9200000762939453,3.930000066757202,3.9200000762939453,3.9200000762939453,5752,0.0,0.0
2024-10-04 10:10:00-04:00,3.923799991607666,3.929800033569336,3.9200000762939453,3.9200000762939453,5061,0.0,0.0
2024-10-04 10:15:00-04:00,3.9298999309539795,3.930000066757202,3.9200000762939453,3.924999952316284,15704,0.0,0.0
2024-10-04 10:20:00-04:00,3.9291000366210938,3.930000066757202,3.9200000762939453,3.9200000762939453,33776,0.0,0.0
2024-10-04 10:25:00-04:00,3.9286999702453613,3.930000066757202,3.9200000762939453,3.9298999309539795,17685,0.0,0.0
2024-10-04 10:30:00-04:00,3.9200000762939453,3.924999952316284,3.9100000858306885,3.9149999618530273,36059,0.0,0.0
2024-10-04 10:35:00-04:00,3.9200000762939453,3.9200000762939453,3.9100000858306885,3.918800115585327,16692,0.0,0.0
2024-10-04 10:40:00-04:00,3.9107000827789307,3.9200000762939453,3.9100000858306885,3.9100000858306885,52622,0.0,0.0
2024-10-04 10:45:00-04:00,3.9149999618530273,3.9200000762939453,3.9100000858306885,3.9100000858306885,11390,0.0,0.0
2024-10-04 10:50:00-04:00,3.9200000762939453,3.9200000762939453,3.9000000953674316,3.9049999713897705,58647,0.0,0.0
2024-10-04 10:55:00-04:00,3.9086999893188477,3.9100000858306885,3.880000114440918,3.889899969100952,129958,0.0,0.0
2024-10-04 11:00:00-04:00,3.885999917984009,3.890000104904175,3.8801000118255615,3.8801000118255615,48790,0.0,0.0
2024-10-04 11:05:00-04:00,3.8842999935150146,3.890000104904175,3.880000114440918,3.8845999240875244,25159,0.0,0.0
2024-10-04 11:10:00-04:00,3.889899969100952,3.890000104904175,3.8814001083374023,3.884999990463257,29525,0.0,0.0
2024-10-04 11:15:00-04:00,3.881500005722046,3.890000104904175,3.880000114440918,3.880000114440918,36749,0.0,0.0
2024-10-04 11:20:00-04:00,3.884999990463257,3.884999990463257,3.859999895095825,3.859999895095825,61412,0.0,0.0
2024-10-04 11:25:00-04:00,3.8687000274658203,3.869999885559082,3.8643999099731445,3.869999885559082,38589,0.0,0.0
2024-10-04 11:30:00-04:00,3.8698999881744385,3.890000104904175,3.859999895095825,3.8864998817443848,39100,0.0,0.0
2024-10-04 11:35:00-04:00,3.880000114440918,3.889899969100952,3.880000114440918,3.8801000118255615,4934,0.0,0.0
2024-10-04 11:40:00-04:00,3.88919997215271,3.890000104904175,3.880000114440918,3.889899969100952,22905,0.0,0.0
2024-10-04 11:45:00-04:00,3.884999990463257,3.890000104904175,3.884999990463257,3.884999990463257,9971,0.0,0.0
2024-10-04 11:50:00-04:00,3.886543035507202,3.890000104904175,3.8801000118255615,3.884999990463257,29616,0.0,0.0
2024-10-04 11:55:00-04:00,3.884999990463257,3.889899969100952,3.880500078201294,3.884999990463257,32400,0.0,0.0
2024-10-04 12:00:00-04:00,3.88919997215271,3.890000104904175,3.884999990463257,3.890000104904175,16608,0.0,0.0
2024-10-04 12:05:00-04:00,3.889899969100952,3.890000104904175,3.880000114440918,3.880000114440918,51085,0.0,0.0
2024-10-04 12:10:00-04:00,3.880000114440918,3.884999990463257,3.875,3.884000062942505,53885,0.0,0.0
2024-10-04 12:15:00-04:00,3.890000104904175,3.890000104904175,3.8835999965667725,3.8835999965667725,3231,0.0,0.0
2024-10-04 12:20:00-04:00,3.884999990463257,3.884999990463257,3.8808999061584473,3.8808999061584473,2921,0.0,0.0
2024-10-04 12:25:00-04:00,3.884999990463257,3.887500047683716,3.880000114440918,3.8801000118255615,37331,0.0,0.0
2024-10-04 12:30:00-04:00,3.8801000118255615,3.889899969100952,3.880000114440918,3.889899969100952,7192,0.0,0.0
2024-10-04 12:35:00-04:00,3.884999990463257,3.890000104904175,3.88319993019104,3.890000104904175,18934,0.0,0.0
2024-10-04 12:40:00-04:00,3.8886001110076904,3.890000104904175,3.884999990463257,3.889899969100952,7038,0.0,0.0
2024-10-04 12:45:00-04:00,3.890000104904175,3.9000000953674316,3.8801000118255615,3.8801000118255615,26388,0.0,0.0
2024-10-04 12:50:00-04:00,3.888700008392334,3.889899969100952,3.8801000118255615,3.889899969100952,31994,0.0,0.0
2024-10-04 12:55:00-04:00,3.8801000118255615,3.890000104904175,3.880000114440918,3.890000104904175,16828,0.0,0.0
2024-10-04 13:00:00-04:00,3.890000104904175,3.890000104904175,3.880000114440918,3.8801000118255615,16341,0.0,0.0
2024-10-04 13:05:00-04:00,3.880000114440918,3.890000104904175,3.880000114440918,3.8842999935150146,8211,0.0,0.0
2024-10-04 13:10:00-04:00,3.889699935913086,3.890000104904175,3.884999990463257,3.889899969100952,15243,0.0,0.0
2024-10-04 13:15:00-04:00,3.890000104904175,3.9000000953674316,3.884999990463257,3.9000000953674316,9731,0.0,0.0
2024-10-04 13:20:00-04:00,3.9000000953674316,3.9000000953674316,3.8949999809265137,3.8949999809265137,7482,0.0,0.0
2024-10-04 13:25:00-04:00,3.8949999809265137,3.898699998855591,3.8949999809265137,3.898699998855591,2030,0.0,0.0
2024-10-04 13:30:00-04:00,3.8949999809265137,3.8949999809265137,3.8949999809265137,3.8949999809265137,578,0.0,0.0
2024-10-04 13:35:00-04:00,3.9000000953674316,3.9100000858306885,3.8949999809265137,3.9049999713897705,32377,0.0,0.0
2024-10-04 13:40:00-04:00,3.9100000858306885,3.9100000858306885,3.90120005607605,3.9091999530792236,24184,0.0,0.0
2024-10-04 13:45:00-04:00,3.901400089263916,3.901400089263916,3.901400089263916,3.901400089263916,1450,0.0,0.0
2024-10-04 13:50:00-04:00,3.900099992752075,3.900099992752075,3.890000104904175,3.890000104904175,28722,0.0,0.0
2024-10-04 13:55:00-04:00,3.890000104904175,3.890000104904175,3.890000104904175,3.890000104904175,825,0.0,0.0
2024-10-04 14:00:00-04:00,3.8987998962402344,3.9000000953674316,3.890000104904175,3.890000104904175,8738,0.0,0.0
2024-10-04 14:05:00-04:00,3.890000104904175,3.8949999809265137,3.880000114440918,3.884999990463257,37650,0.0,0.0
2024-10-04 14:10:00-04:00,3.890000104904175,3.890000104904175,3.884999990463257,3.884999990463257,2996,0.0,0.0
2024-10-04 14:15:00-04:00,3.890000104904175,3.890000104904175,3.8701999187469482,3.875,56175,0.0,0.0
2024-10-04 14:20:00-04:00,3.875,3.890000104904175,3.869999885559082,3.875,97627,0.0,0.0
2024-10-04 14:25:00-04:00,3.878200054168701,3.8785998821258545,3.869999885559082,3.8785998821258545,12747,0.0,0.0
2024-10-04 14:30:00-04:00,3.8773229122161865,3.878000020980835,3.871299982070923,3.8750998973846436,17616,0.0,0.0
2024-10-04 14:35:00-04:00,3.8745999336242676,3.8798000812530518,3.873199939727783,3.875,13432,0.0,0.0
2024-10-04 14:40:00-04:00,3.875499963760376,3.880000114440918,3.875,3.875,22709,0.0,0.0
2024-10-04 14:45:00-04:00,3.875,3.880000114440918,3.875,3.875,6760,0.0,0.0
2024-10-04 14:50:00-04:00,3.878700017929077,3.880000114440918,3.875,3.875,9654,0.0,0.0
2024-10-04 14:55:00-04:00,3.879699945449829,3.880000114440918,3.8717000484466553,3.875,13935,0.0,0.0
2024-10-04 15:00:00-04:00,3.8768999576568604,3.884999990463257,3.859999895095825,3.865000009536743,114803,0.0,0.0
2024-10-04 15:05:00-04:00,3.865999937057495,3.865999937057495,3.8450000286102295,3.859999895095825,91871,0.0,0.0
2024-10-04 15:10:00-04:00,3.8589999675750732,3.859999895095825,3.8540000915527344,3.8540000915527344,19749,0.0,0.0
2024-10-04 15:15:00-04:00,3.854300022125244,3.869999885559082,3.854300022125244,3.8659000396728516,32753,0.0,0.0
2024-10-04 15:20:00-04:00,3.86929988861084,3.869999885559082,3.8499999046325684,3.865000009536743,100249,0.0,0.0
2024-10-04 15:25:00-04:00,3.865000009536743,3.869999885559082,3.865000009536743,3.865000009536743,3929,0.0,0.0
2024-10-04 15:30:00-04:00,3.86899995803833,3.8698999881744385,3.865000009536743,3.868799924850464,3734,0.0,0.0
2024-10-04 15:35:00-04:00,3.869999885559082,3.869999885559082,3.859999895095825,3.865000009536743,27854,0.0,0.0
2024-10-04 15:40:00-04:00,3.860100030899048,3.8698999881744385,3.860100030899048,3.860100030899048,4384,0.0,0.0
2024-10-04 15:45:00-04:00,3.860100030899048,3.869999885559082,3.859999895095825,3.859999895095825,21285,0.0,0.0
2024-10-04 15:50:00-04:00,3.859999895095825,3.868799924850464,3.859999895095825,3.859999895095825,32800,0.0,0.0
2024-10-04 15:55:00-04:00,3.8698999881744385,3.869999885559082,3.859999895095825,3.865600109100342,31228,0.0,0.0
