Datetime,Open,High,Low,Close,Volume,Dividends,Stock Splits
2024-06-14 09:00:00+09:00,12180.0,12180.0,12060.0,12060.0,0,0.0,0.0
2024-06-14 09:05:00+09:00,12060.0,12090.0,11970.0,11990.0,39928,0.0,0.0
2024-06-14 09:10:00+09:00,11990.0,11990.0,11770.0,11890.0,67700,0.0,0.0
2024-06-14 09:15:00+09:00,11870.0,11950.0,11800.0,11950.0,23807,0.0,0.0
2024-06-14 09:20:00+09:00,11960.0,12100.0,11950.0,12020.0,38067,0.0,0.0
2024-06-14 09:25:00+09:00,12020.0,12100.0,12020.0,12080.0,11526,0.0,0.0
2024-06-14 09:30:00+09:00,12090.0,12420.0,12080.0,12320.0,84191,0.0,0.0
2024-06-14 09:35:00+09:00,12310.0,12350.0,12230.0,12280.0,47618,0.0,0.0
2024-06-14 09:40:00+09:00,12270.0,12330.0,12200.0,12330.0,24807,0.0,0.0
2024-06-14 09:45:00+09:00,12320.0,12330.0,12270.0,12290.0,9023,0.0,0.0
2024-06-14 09:50:00+09:00,12300.0,12430.0,12250.0,12400.0,49934,0.0,0.0
2024-06-14 09:55:00+09:00,12410.0,12900.0,12350.0,12840.0,259827,0.0,0.0
2024-06-14 10:00:00+09:00,12840.0,12850.0,12600.0,12690.0,195640,0.0,0.0
2024-06-14 10:05:00+09:00,12690.0,12750.0,12560.0,12580.0,58745,0.0,0.0
2024-06-14 10:10:00+09:00,12580.0,12620.0,12420.0,12500.0,67456,0.0,0.0
2024-06-14 10:15:00+09:00,12500.0,12560.0,12420.0,12420.0,43648,0.0,0.0
2024-06-14 10:20:00+09:00,12410.0,12470.0,12370.0,12440.0,24877,0.0,0.0
2024-06-14 10:25:00+09:00,12460.0,12460.0,12340.0,12340.0,22376,0.0,0.0
2024-06-14 10:30:00+09:00,12340.0,12420.0,12330.0,12380.0,13924,0.0,0.0
2024-06-14 10:35:00+09:00,12400.0,12400.0,12350.0,12370.0,10563,0.0,0.0
2024-06-14 10:40:00+09:00,12370.0,12420.0,12350.0,12390.0,8373,0.0,0.0
2024-06-14 10:45:00+09:00,12380.0,12380.0,12240.0,12320.0,37169,0.0,0.0
2024-06-14 10:50:00+09:00,12320.0,12410.0,12310.0,12400.0,12561,0.0,0.0
2024-06-14 10:55:00+09:00,12400.0,12450.0,12380.0,12450.0,9210,0.0,0.0
2024-06-14 11:00:00+09:00,12450.0,12450.0,12400.0,12400.0,6867,0.0,0.0
2024-06-14 11:05:00+09:00,12400.0,12400.0,12330.0,12400.0,8174,0.0,0.0
2024-06-14 11:10:00+09:00,12360.0,12420.0,12360.0,12400.0,2989,0.0,0.0
2024-06-14 11:15:00+09:00,12410.0,12420.0,12400.0,12400.0,3715,0.0,0.0
2024-06-14 11:20:00+09:00,12410.0,12420.0,12390.0,12420.0,3265,0.0,0.0
2024-06-14 11:25:00+09:00,12410.0,12410.0,12330.0,12350.0,7324,0.0,0.0
2024-06-14 11:30:00+09:00,12350.0,12400.0,12340.0,12350.0,544,0.0,0.0
2024-06-14 11:35:00+09:00,12350.0,12370.0,12270.0,12310.0,16160,0.0,0.0
2024-06-14 11:40:00+09:00,12310.0,12360.0,12300.0,12360.0,2433,0.0,0.0
2024-06-14 11:45:00+09:00,12360.0,12360.0,12320.0,12330.0,1903,0.0,0.0
2024-06-14 11:50:00+09:00,12330.0,12350.0,12310.0,12320.0,3528,0.0,0.0
2024-06-14 11:55:00+09:00,12320.0,12340.0,12300.0,12310.0,3569,0.0,0.0
2024-06-14 12:00:00+09:00,12320.0,12380.0,12300.0,12370.0,3646,0.0,0.0
2024-06-14 12:05:00+09:00,12380.0,12400.0,12360.0,12360.0,3712,0.0,0.0
2024-06-14 12:10:00+09:00,12360.0,12360.0,12330.0,12330.0,4602,0.0,0.0
2024-06-14 12:15:00+09:00,12330.0,12340.0,12310.0,12340.0,2184,0.0,0.0
2024-06-14 12:20:00+09:00,12340.0,12340.0,12300.0,12310.0,1736,0.0,0.0
2024-06-14 12:25:00+09:00,12310.0,12320.0,12290.0,12310.0,3239,0.0,0.0
2024-06-14 12:30:00+09:00,12300.0,12320.0,12290.0,12320.0,4489,0.0,0.0
2024-06-14 12:35:00+09:00,12320.0,12320.0,12240.0,12240.0,17410,0.0,0.0
2024-06-14 12:40:00+09:00,12240.0,12240.0,12200.0,12220.0,13084,0.0,0.0
2024-06-14 12:45:00+09:00,12210.0,12240.0,12160.0,12180.0,12582,0.0,0.0
2024-06-14 12:50:00+09:00,12180.0,12190.0,12150.0,12170.0,10476,0.0,0.0
2024-06-14 12:55:00+09:00,12170.0,12200.0,12160.0,12170.0,3601,0.0,0.0
2024-06-14 13:00:00+09:00,12170.0,12190.0,12130.0,12180.0,11324,0.0,0.0
2024-06-14 13:05:00+09:00,12190.0,12200.0,12180.0,12190.0,3055,0.0,0.0
2024-06-14 13:10:00+09:00,12190.0,12240.0,12170.0,12240.0,3568,0.0,0.0
2024-06-14 13:15:00+09:00,12240.0,12250.0,12230.0,12230.0,4803,0.0,0.0
2024-06-14 13:20:00+09:00,12230.0,12230.0,12190.0,12190.0,5802,0.0,0.0
2024-06-14 13:25:00+09:00,12190.0,12220.0,12180.0,12200.0,7152,0.0,0.0
2024-06-14 13:30:00+09:00,12200.0,12220.0,12190.0,12220.0,1006,0.0,0.0
2024-06-14 13:35:00+09:00,12220.0,12250.0,12210.0,12220.0,3999,0.0,0.0
2024-06-14 13:40:00+09:00,12220.0,12220.0,12200.0,12200.0,3647,0.0,0.0
2024-06-14 13:45:00+09:00,12210.0,12240.0,12210.0,12220.0,2020,0.0,0.0
2024-06-14 13:50:00+09:00,12210.0,12230.0,12200.0,12210.0,2245,0.0,0.0
2024-06-14 13:55:00+09:00,12210.0,12280.0,12200.0,12270.0,4124,0.0,0.0
2024-06-14 14:00:00+09:00,12270.0,12270.0,12240.0,12260.0,2478,0.0,0.0
2024-06-14 14:05:00+09:00,12260.0,12290.0,12250.0,12250.0,9196,0.0,0.0
2024-06-14 14:10:00+09:00,12240.0,12260.0,12210.0,12240.0,4554,0.0,0.0
2024-06-14 14:15:00+09:00,12240.0,12250.0,12210.0,12220.0,3669,0.0,0.0
2024-06-14 14:20:00+09:00,12220.0,12240.0,12210.0,12210.0,2542,0.0,0.0
2024-06-14 14:25:00+09:00,12210.0,12240.0,12200.0,12230.0,4190,0.0,0.0
2024-06-14 14:30:00+09:00,12230.0,12310.0,12220.0,12310.0,16272,0.0,0.0
2024-06-14 14:35:00+09:00,12310.0,12380.0,12290.0,12320.0,19118,0.0,0.0
2024-06-14 14:40:00+09:00,12320.0,12320.0,12230.0,12240.0,9286,0.0,0.0
2024-06-14 14:45:00+09:00,12240.0,12300.0,12240.0,12280.0,2894,0.0,0.0
2024-06-14 14:50:00+09:00,12290.0,12300.0,12270.0,12280.0,3729,0.0,0.0
2024-06-14 14:55:00+09:00,12290.0,12300.0,12270.0,12280.0,4261,0.0,0.0
2024-06-17 09:00:00+09:00,12340.0,12340.0,12110.0,12210.0,0,0.0,0.0
2024-06-17 09:05:00+09:00,12220.0,12290.0,11800.0,12000.0,48614,0.0,0.0
2024-06-17 09:10:00+09:00,12000.0,12110.0,11880.0,12030.0,35021,0.0,0.0
2024-06-17 09:15:00+09:00,12040.0,12110.0,12030.0,12040.0,16804,0.0,0.0
2024-06-17 09:20:00+09:00,12040.0,12090.0,12030.0,12080.0,12170,0.0,0.0
2024-06-17 09:25:00+09:00,12080.0,12130.0,12030.0,12030.0,15191,0.0,0.0
2024-06-17 09:30:00+09:00,12060.0,12150.0,12020.0,12140.0,16696,0.0,0.0
2024-06-17 09:35:00+09:00,12140.0,12280.0,12060.0,12080.0,10826,0.0,0.0
2024-06-17 09:40:00+09:00,12080.0,12090.0,12040.0,12060.0,10542,0.0,0.0
2024-06-17 09:45:00+09:00,12050.0,12090.0,12000.0,12010.0,22757,0.0,0.0
2024-06-17 09:50:00+09:00,12080.0,12080.0,11990.0,12030.0,8079,0.0,0.0
2024-06-17 09:55:00+09:00,12040.0,12070.0,12020.0,12020.0,5509,0.0,0.0
2024-06-17 10:00:00+09:00,12020.0,12040.0,12010.0,12010.0,9754,0.0,0.0
2024-06-17 10:05:00+09:00,12010.0,12030.0,12010.0,12020.0,5906,0.0,0.0
2024-06-17 10:10:00+09:00,12030.0,12060.0,12010.0,12040.0,3941,0.0,0.0
2024-06-17 10:15:00+09:00,12020.0,12040.0,12010.0,12030.0,1547,0.0,0.0
2024-06-17 10:20:00+09:00,12030.0,12030.0,11980.0,11990.0,21325,0.0,0.0
2024-06-17 10:25:00+09:00,11990.0,12000.0,11950.0,11950.0,12977,0.0,0.0
2024-06-17 10:30:00+09:00,11960.0,12000.0,11960.0,12000.0,5913,0.0,0.0
2024-06-17 10:35:00+09:00,12000.0,12030.0,11990.0,12030.0,4594,0.0,0.0
2024-06-17 10:40:00+09:00,12030.0,12030.0,11950.0,11960.0,11346,0.0,0.0
2024-06-17 10:45:00+09:00,11960.0,11960.0,11900.0,11900.0,19689,0.0,0.0
2024-06-17 10:50:00+09:00,11900.0,11910.0,11880.0,11890.0,12298,0.0,0.0
2024-06-17 10:55:00+09:00,11880.0,11900.0,11870.0,11890.0,6529,0.0,0.0
2024-06-17 11:00:00+09:00,11890.0,11990.0,11890.0,11920.0,7395,0.0,0.0
2024-06-17 11:05:00+09:00,11970.0,11970.0,11900.0,11900.0,5688,0.0,0.0
2024-06-17 11:10:00+09:00,11900.0,11900.0,11860.0,11860.0,10317,0.0,0.0
2024-06-17 11:15:00+09:00,11860.0,11890.0,11860.0,11890.0,8339,0.0,0.0
2024-06-17 11:20:00+09:00,11910.0,11910.0,11860.0,11880.0,3706,0.0,0.0
2024-06-17 11:25:00+09:00,11900.0,11910.0,11850.0,11860.0,9562,0.0,0.0
2024-06-17 11:30:00+09:00,11860.0,11900.0,11850.0,11900.0,2979,0.0,0.0
2024-06-17 11:35:00+09:00,11890.0,11900.0,11880.0,11900.0,1043,0.0,0.0
2024-06-17 11:40:00+09:00,11900.0,11910.0,11880.0,11880.0,2048,0.0,0.0
2024-06-17 11:45:00+09:00,11880.0,11920.0,11880.0,11920.0,1972,0.0,0.0
2024-06-17 11:50:00+09:00,11920.0,11930.0,11890.0,11900.0,9042,0.0,0.0
2024-06-17 11:55:00+09:00,11900.0,11900.0,11880.0,11890.0,5971,0.0,0.0
2024-06-17 12:00:00+09:00,11880.0,11900.0,11880.0,11890.0,1447,0.0,0.0
2024-06-17 12:05:00+09:00,11890.0,11900.0,11880.0,11900.0,1303,0.0,0.0
2024-06-17 12:10:00+09:00,11900.0,11950.0,11900.0,11950.0,2529,0.0,0.0
2024-06-17 12:15:00+09:00,11950.0,11950.0,11910.0,11920.0,2288,0.0,0.0
2024-06-17 12:20:00+09:00,11920.0,11960.0,11920.0,11960.0,2850,0.0,0.0
2024-06-17 12:25:00+09:00,11960.0,11970.0,11930.0,11940.0,4582,0.0,0.0
2024-06-17 12:30:00+09:00,11940.0,11950.0,11940.0,11950.0,863,0.0,0.0
2024-06-17 12:35:00+09:00,11940.0,11950.0,11940.0,11940.0,880,0.0,0.0
2024-06-17 12:40:00+09:00,11940.0,11950.0,11920.0,11920.0,3928,0.0,0.0
2024-06-17 12:45:00+09:00,11920.0,12020.0,11920.0,12010.0,10321,0.0,0.0
2024-06-17 12:50:00+09:00,12000.0,12020.0,12000.0,12010.0,766,0.0,0.0
2024-06-17 12:55:00+09:00,12010.0,12010.0,11980.0,12010.0,4133,0.0,0.0
2024-06-17 13:00:00+09:00,12010.0,12020.0,12000.0,12020.0,2292,0.0,0.0
2024-06-17 13:05:00+09:00,12020.0,12070.0,12020.0,12070.0,6881,0.0,0.0
2024-06-17 13:10:00+09:00,12070.0,12070.0,12040.0,12040.0,4303,0.0,0.0
2024-06-17 13:15:00+09:00,12040.0,12060.0,12030.0,12060.0,3381,0.0,0.0
2024-06-17 13:20:00+09:00,12060.0,12070.0,12040.0,12060.0,1727,0.0,0.0
2024-06-17 13:25:00+09:00,12060.0,12060.0,12030.0,12030.0,3182,0.0,0.0
2024-06-17 13:30:00+09:00,12030.0,12030.0,11980.0,12000.0,6751,0.0,0.0
2024-06-17 13:35:00+09:00,12010.0,12010.0,11960.0,11960.0,3290,0.0,0.0
2024-06-17 13:40:00+09:00,11970.0,12000.0,11960.0,11990.0,2807,0.0,0.0
2024-06-17 13:45:00+09:00,11980.0,11980.0,11950.0,11980.0,3394,0.0,0.0
2024-06-17 13:50:00+09:00,11960.0,11980.0,11950.0,11960.0,2925,0.0,0.0
2024-06-17 13:55:00+09:00,11960.0,11980.0,11950.0,11970.0,2079,0.0,0.0
2024-06-17 14:00:00+09:00,11970.0,12000.0,11950.0,12000.0,2581,0.0,0.0
2024-06-17 14:05:00+09:00,12000.0,12000.0,11970.0,11980.0,2581,0.0,0.0
2024-06-17 14:10:00+09:00,11990.0,11990.0,11980.0,11990.0,387,0.0,0.0
2024-06-17 14:15:00+09:00,11980.0,11990.0,11960.0,11960.0,3827,0.0,0.0
2024-06-17 14:20:00+09:00,11960.0,11960.0,11930.0,11940.0,6502,0.0,0.0
2024-06-17 14:25:00+09:00,11950.0,11960.0,11930.0,11940.0,4875,0.0,0.0
2024-06-17 14:30:00+09:00,11950.0,11980.0,11940.0,11980.0,2489,0.0,0.0
2024-06-17 14:35:00+09:00,11980.0,11980.0,11960.0,11970.0,1652,0.0,0.0
2024-06-17 14:40:00+09:00,11970.0,11970.0,11960.0,11960.0,1042,0.0,0.0
2024-06-17 14:45:00+09:00,11970.0,11980.0,11950.0,11980.0,3721,0.0,0.0
2024-06-17 14:50:00+09:00,11970.0,11980.0,11940.0,11940.0,3214,0.0,0.0
2024-06-17 14:55:00+09:00,11940.0,11950.0,11910.0,11910.0,13428,0.0,0.0
2024-06-18 09:00:00+09:00,11960.0,12160.0,11960.0,12110.0,39030,0.0,0.0
2024-06-18 09:05:00+09:00,12150.0,12150.0,11950.0,11950.0,19413,0.0,0.0
2024-06-18 09:10:00+09:00,11970.0,12130.0,11970.0,12110.0,13835,0.0,0.0
2024-06-18 09:15:00+09:00,12110.0,12330.0,12110.0,12330.0,67394,0.0,0.0
2024-06-18 09:20:00+09:00,12330.0,12370.0,12250.0,12280.0,37995,0.0,0.0
2024-06-18 09:25:00+09:00,12280.0,12350.0,12230.0,12330.0,17920,0.0,0.0
2024-06-18 09:30:00+09:00,12330.0,12520.0,12320.0,12390.0,91711,0.0,0.0
2024-06-18 09:35:00+09:00,12400.0,12440.0,12380.0,12390.0,27995,0.0,0.0
2024-06-18 09:40:00+09:00,12400.0,12480.0,12320.0,12470.0,34456,0.0,0.0
2024-06-18 09:45:00+09:00,12480.0,12480.0,12350.0,12360.0,10778,0.0,0.0
2024-06-18 09:50:00+09:00,12360.0,12420.0,12290.0,12420.0,18113,0.0,0.0
2024-06-18 09:55:00+09:00,12420.0,12420.0,12360.0,12370.0,6929,0.0,0.0
2024-06-18 10:00:00+09:00,12370.0,12380.0,12320.0,12370.0,6967,0.0,0.0
2024-06-18 10:05:00+09:00,12370.0,12380.0,12220.0,12290.0,11814,0.0,0.0
2024-06-18 10:10:00+09:00,12290.0,12320.0,12220.0,12230.0,13447,0.0,0.0
2024-06-18 10:15:00+09:00,12230.0,12280.0,12230.0,12240.0,6506,0.0,0.0
2024-06-18 10:20:00+09:00,12240.0,12250.0,12200.0,12240.0,7980,0.0,0.0
2024-06-18 10:25:00+09:00,12240.0,12250.0,12180.0,12210.0,8146,0.0,0.0
2024-06-18 10:30:00+09:00,12230.0,12240.0,12190.0,12190.0,8056,0.0,0.0
2024-06-18 10:35:00+09:00,12200.0,12260.0,12190.0,12260.0,8732,0.0,0.0
2024-06-18 10:40:00+09:00,12270.0,12290.0,12250.0,12280.0,3421,0.0,0.0
2024-06-18 10:45:00+09:00,12280.0,12390.0,12270.0,12380.0,27119,0.0,0.0
2024-06-18 10:50:00+09:00,12380.0,12380.0,12240.0,12280.0,18611,0.0,0.0
2024-06-18 10:55:00+09:00,12280.0,12300.0,12250.0,12300.0,2223,0.0,0.0
2024-06-18 11:00:00+09:00,12300.0,12330.0,12260.0,12260.0,5898,0.0,0.0
2024-06-18 11:05:00+09:00,12290.0,12310.0,12260.0,12310.0,2572,0.0,0.0
2024-06-18 11:10:00+09:00,12310.0,12310.0,12200.0,12240.0,9069,0.0,0.0
2024-06-18 11:15:00+09:00,12240.0,12240.0,12200.0,12200.0,5300,0.0,0.0
2024-06-18 11:20:00+09:00,12210.0,12230.0,12150.0,12180.0,7034,0.0,0.0
2024-06-18 11:25:00+09:00,12180.0,12210.0,12140.0,12150.0,5578,0.0,0.0
2024-06-18 11:30:00+09:00,12180.0,12210.0,12150.0,12200.0,2953,0.0,0.0
2024-06-18 11:35:00+09:00,12200.0,12210.0,12150.0,12150.0,4422,0.0,0.0
2024-06-18 11:40:00+09:00,12150.0,12200.0,12140.0,12180.0,3620,0.0,0.0
2024-06-18 11:45:00+09:00,12180.0,12240.0,12170.0,12170.0,3935,0.0,0.0
2024-06-18 11:50:00+09:00,12240.0,12240.0,12170.0,12190.0,2070,0.0,0.0
2024-06-18 11:55:00+09:00,12180.0,12290.0,12180.0,12280.0,5145,0.0,0.0
2024-06-18 12:00:00+09:00,12280.0,12280.0,12220.0,12220.0,3181,0.0,0.0
2024-06-18 12:05:00+09:00,12220.0,12250.0,12220.0,12250.0,234,0.0,0.0
2024-06-18 12:10:00+09:00,12250.0,12320.0,12230.0,12280.0,6053,0.0,0.0
2024-06-18 12:15:00+09:00,12300.0,12370.0,12300.0,12350.0,22801,0.0,0.0
2024-06-18 12:20:00+09:00,12340.0,12390.0,12330.0,12390.0,15111,0.0,0.0
2024-06-18 12:25:00+09:00,12380.0,12390.0,12320.0,12320.0,5949,0.0,0.0
2024-06-18 12:30:00+09:00,12330.0,12390.0,12330.0,12390.0,7060,0.0,0.0
2024-06-18 12:35:00+09:00,12370.0,12390.0,12350.0,12350.0,6460,0.0,0.0
2024-06-18 12:40:00+09:00,12350.0,12380.0,12340.0,12360.0,2369,0.0,0.0
2024-06-18 12:45:00+09:00,12360.0,12360.0,12300.0,12330.0,6113,0.0,0.0
2024-06-18 12:50:00+09:00,12330.0,12390.0,12330.0,12350.0,16658,0.0,0.0
2024-06-18 12:55:00+09:00,12350.0,12380.0,12340.0,12350.0,1070,0.0,0.0
2024-06-18 13:00:00+09:00,12360.0,12390.0,12310.0,12370.0,5968,0.0,0.0
2024-06-18 13:05:00+09:00,12370.0,12370.0,12330.0,12350.0,4052,0.0,0.0
2024-06-18 13:10:00+09:00,12350.0,12390.0,12340.0,12380.0,4566,0.0,0.0
2024-06-18 13:15:00+09:00,12370.0,12650.0,12360.0,12570.0,231848,0.0,0.0
2024-06-18 13:20:00+09:00,12570.0,12630.0,12410.0,12420.0,126900,0.0,0.0
2024-06-18 13:25:00+09:00,12410.0,12500.0,12410.0,12430.0,42064,0.0,0.0
2024-06-18 13:30:00+09:00,12440.0,12450.0,12320.0,12370.0,36272,0.0,0.0
2024-06-18 13:35:00+09:00,12390.0,12520.0,12370.0,12470.0,41164,0.0,0.0
2024-06-18 13:40:00+09:00,12470.0,12540.0,12380.0,12460.0,30740,0.0,0.0
2024-06-18 13:45:00+09:00,12460.0,12480.0,12370.0,12390.0,14272,0.0,0.0
2024-06-18 13:50:00+09:00,12390.0,12400.0,12270.0,12280.0,38971,0.0,0.0
2024-06-18 13:55:00+09:00,12280.0,12340.0,12260.0,12270.0,11332,0.0,0.0
2024-06-18 14:00:00+09:00,12270.0,12360.0,12270.0,12320.0,6077,0.0,0.0
2024-06-18 14:05:00+09:00,12310.0,12360.0,12280.0,12280.0,6387,0.0,0.0
2024-06-18 14:10:00+09:00,12280.0,12350.0,12260.0,12330.0,7394,0.0,0.0
2024-06-18 14:15:00+09:00,12330.0,12330.0,12280.0,12320.0,5363,0.0,0.0
2024-06-18 14:20:00+09:00,12330.0,12350.0,12300.0,12310.0,4620,0.0,0.0
2024-06-18 14:25:00+09:00,12320.0,12320.0,12290.0,12300.0,5938,0.0,0.0
2024-06-18 14:30:00+09:00,12300.0,12330.0,12240.0,12250.0,11652,0.0,0.0
2024-06-18 14:35:00+09:00,12260.0,12300.0,12240.0,12300.0,6890,0.0,0.0
2024-06-18 14:40:00+09:00,12290.0,12290.0,12250.0,12280.0,6322,0.0,0.0
2024-06-18 14:45:00+09:00,12280.0,12310.0,12260.0,12290.0,3890,0.0,0.0
2024-06-18 14:50:00+09:00,12280.0,12330.0,12250.0,12330.0,8510,0.0,0.0
2024-06-18 14:55:00+09:00,12340.0,12440.0,12310.0,12340.0,11245,0.0,0.0
2024-06-19 09:00:00+09:00,12490.0,13040.0,12480.0,13020.0,238199,0.0,0.0
2024-06-19 09:05:00+09:00,13020.0,13300.0,12980.0,13100.0,343239,0.0,0.0
2024-06-19 09:10:00+09:00,13140.0,13500.0,13060.0,13400.0,310641,0.0,0.0
2024-06-19 09:15:00+09:00,13410.0,13500.0,13180.0,13290.0,219883,0.0,0.0
2024-06-19 09:20:00+09:00,13290.0,13420.0,13100.0,13340.0,142396,0.0,0.0
2024-06-19 09:25:00+09:00,13350.0,13550.0,13310.0,13400.0,313017,0.0,0.0
2024-06-19 09:30:00+09:00,13380.0,13430.0,13140.0,13160.0,169778,0.0,0.0
2024-06-19 09:35:00+09:00,13150.0,13150.0,12920.0,13060.0,157858,0.0,0.0
2024-06-19 09:40:00+09:00,13060.0,13080.0,12930.0,12990.0,59360,0.0,0.0
2024-06-19 09:45:00+09:00,12990.0,13080.0,12860.0,12920.0,78818,0.0,0.0
2024-06-19 09:50:00+09:00,12930.0,12960.0,12870.0,12930.0,26897,0.0,0.0
2024-06-19 09:55:00+09:00,12930.0,13040.0,12900.0,13030.0,30235,0.0,0.0
2024-06-19 10:00:00+09:00,13020.0,13020.0,12930.0,12980.0,20292,0.0,0.0
2024-06-19 10:05:00+09:00,12960.0,12990.0,12870.0,12870.0,21551,0.0,0.0
2024-06-19 10:10:00+09:00,12880.0,13050.0,12860.0,13020.0,22170,0.0,0.0
2024-06-19 10:15:00+09:00,13020.0,13070.0,13020.0,13040.0,15493,0.0,0.0
2024-06-19 10:20:00+09:00,13040.0,13040.0,12980.0,12990.0,11546,0.0,0.0
2024-06-19 10:25:00+09:00,12990.0,13090.0,12990.0,13040.0,15402,0.0,0.0
2024-06-19 10:30:00+09:00,13050.0,13130.0,13010.0,13130.0,17268,0.0,0.0
2024-06-19 10:35:00+09:00,13120.0,13180.0,13110.0,13120.0,34235,0.0,0.0
2024-06-19 10:40:00+09:00,13120.0,13120.0,13000.0,13000.0,23991,0.0,0.0
2024-06-19 10:45:00+09:00,13000.0,13070.0,12990.0,13040.0,7651,0.0,0.0
2024-06-19 10:50:00+09:00,13040.0,13040.0,12930.0,12940.0,10702,0.0,0.0
2024-06-19 10:55:00+09:00,12930.0,12940.0,12900.0,12910.0,16749,0.0,0.0
2024-06-19 11:00:00+09:00,12920.0,13000.0,12890.0,12890.0,8223,0.0,0.0
2024-06-19 11:05:00+09:00,12890.0,12960.0,12890.0,12950.0,8611,0.0,0.0
2024-06-19 11:10:00+09:00,12940.0,13000.0,12920.0,13000.0,10348,0.0,0.0
2024-06-19 11:15:00+09:00,12990.0,13000.0,12920.0,12930.0,7678,0.0,0.0
2024-06-19 11:20:00+09:00,12940.0,12950.0,12910.0,12910.0,5840,0.0,0.0
2024-06-19 11:25:00+09:00,12910.0,12980.0,12910.0,12940.0,8763,0.0,0.0
2024-06-19 11:30:00+09:00,12940.0,12940.0,12890.0,12910.0,15816,0.0,0.0
2024-06-19 11:35:00+09:00,12910.0,13000.0,12890.0,12980.0,8894,0.0,0.0
2024-06-19 11:40:00+09:00,12980.0,13060.0,12970.0,13020.0,13636,0.0,0.0
2024-06-19 11:45:00+09:00,12990.0,13020.0,12930.0,12980.0,5628,0.0,0.0
2024-06-19 11:50:00+09:00,12960.0,12960.0,12910.0,12910.0,4806,0.0,0.0
2024-06-19 11:55:00+09:00,12920.0,12940.0,12910.0,12930.0,3673,0.0,0.0
2024-06-19 12:00:00+09:00,12930.0,12930.0,12860.0,12870.0,12776,0.0,0.0
2024-06-19 12:05:00+09:00,12870.0,12880.0,12770.0,12800.0,40314,0.0,0.0
2024-06-19 12:10:00+09:00,12800.0,12800.0,12690.0,12740.0,24271,0.0,0.0
2024-06-19 12:15:00+09:00,12730.0,12750.0,12710.0,12720.0,5365,0.0,0.0
2024-06-19 12:20:00+09:00,12750.0,12800.0,12680.0,12730.0,11494,0.0,0.0
2024-06-19 12:25:00+09:00,12710.0,12750.0,12700.0,12720.0,4774,0.0,0.0
2024-06-19 12:30:00+09:00,12710.0,12740.0,12640.0,12660.0,13019,0.0,0.0
2024-06-19 12:35:00+09:00,12660.0,12720.0,12640.0,12710.0,8927,0.0,0.0
2024-06-19 12:40:00+09:00,12670.0,12700.0,12590.0,12600.0,27793,0.0,0.0
2024-06-19 12:45:00+09:00,12630.0,12640.0,12580.0,12620.0,16392,0.0,0.0
2024-06-19 12:50:00+09:00,12620.0,12700.0,12610.0,12650.0,5201,0.0,0.0
2024-06-19 12:55:00+09:00,12650.0,12700.0,12630.0,12690.0,5552,0.0,0.0
2024-06-19 13:00:00+09:00,12670.0,12690.0,12640.0,12670.0,7179,0.0,0.0
2024-06-19 13:05:00+09:00,12670.0,12770.0,12650.0,12770.0,8641,0.0,0.0
2024-06-19 13:10:00+09:00,12760.0,12760.0,12660.0,12700.0,6921,0.0,0.0
2024-06-19 13:15:00+09:00,12680.0,12700.0,12620.0,12620.0,14792,0.0,0.0
2024-06-19 13:20:00+09:00,12620.0,12620.0,12560.0,12560.0,17081,0.0,0.0
2024-06-19 13:25:00+09:00,12570.0,12580.0,12500.0,12510.0,31922,0.0,0.0
2024-06-19 13:30:00+09:00,12550.0,12550.0,12490.0,12540.0,10306,0.0,0.0
2024-06-19 13:35:00+09:00,12540.0,12600.0,12540.0,12550.0,4952,0.0,0.0
2024-06-19 13:40:00+09:00,12560.0,12670.0,12560.0,12620.0,4069,0.0,0.0
2024-06-19 13:45:00+09:00,12620.0,12640.0,12600.0,12630.0,6738,0.0,0.0
2024-06-19 13:50:00+09:00,12630.0,12710.0,12600.0,12710.0,7085,0.0,0.0
2024-06-19 13:55:00+09:00,12710.0,12710.0,12670.0,12680.0,5560,0.0,0.0
2024-06-19 14:00:00+09:00,12680.0,12690.0,12670.0,12670.0,1173,0.0,0.0
2024-06-19 14:05:00+09:00,12680.0,12680.0,12650.0,12660.0,4227,0.0,0.0
2024-06-19 14:10:00+09:00,12660.0,12660.0,12610.0,12610.0,10367,0.0,0.0
2024-06-19 14:15:00+09:00,12610.0,12670.0,12610.0,12640.0,2446,0.0,0.0
2024-06-19 14:20:00+09:00,12640.0,12800.0,12640.0,12750.0,12990,0.0,0.0
2024-06-19 14:25:00+09:00,12750.0,12750.0,12660.0,12710.0,6627,0.0,0.0
2024-06-19 14:30:00+09:00,12710.0,12760.0,12690.0,12690.0,5001,0.0,0.0
2024-06-19 14:35:00+09:00,12680.0,12720.0,12680.0,12710.0,4408,0.0,0.0
2024-06-19 14:40:00+09:00,12720.0,12770.0,12710.0,12760.0,4522,0.0,0.0
2024-06-19 14:45:00+09:00,12770.0,12830.0,12750.0,12810.0,17640,0.0,0.0
2024-06-19 14:50:00+09:00,12810.0,12810.0,12790.0,12800.0,4348,0.0,0.0
2024-06-19 14:55:00+09:00,12790.0,12870.0,12790.0,12790.0,12825,0.0,0.0
2024-06-20 09:00:00+09:00,12790.0,12840.0,12600.0,12690.0,59337,0.0,0.0
2024-06-20 09:05:00+09:00,12690.0,12780.0,12660.0,12710.0,9650,0.0,0.0
2024-06-20 09:10:00+09:00,12710.0,12740.0,12590.0,12590.0,31257,0.0,0.0
2024-06-20 09:15:00+09:00,12590.0,12790.0,12570.0,12780.0,18547,0.0,0.0
2024-06-20 09:20:00+09:00,12770.0,12790.0,12690.0,12700.0,8405,0.0,0.0
2024-06-20 09:25:00+09:00,12690.0,12720.0,12630.0,12640.0,9594,0.0,0.0
2024-06-20 09:30:00+09:00,12640.0,12640.0,12590.0,12600.0,10938,0.0,0.0
2024-06-20 09:35:00+09:00,12600.0,12620.0,12530.0,12560.0,14964,0.0,0.0
2024-06-20 09:40:00+09:00,12560.0,12640.0,12560.0,12640.0,6547,0.0,0.0
2024-06-20 09:45:00+09:00,12620.0,12720.0,12620.0,12710.0,6364,0.0,0.0
2024-06-20 09:50:00+09:00,12710.0,12720.0,12650.0,12660.0,8668,0.0,0.0
2024-06-20 09:55:00+09:00,12660.0,12710.0,12650.0,12650.0,3899,0.0,0.0
2024-06-20 10:00:00+09:00,12680.0,12690.0,12640.0,12650.0,7101,0.0,0.0
2024-06-20 10:05:00+09:00,12650.0,12720.0,12650.0,12690.0,4429,0.0,0.0
2024-06-20 10:10:00+09:00,12620.0,12650.0,12560.0,12560.0,13902,0.0,0.0
2024-06-20 10:15:00+09:00,12570.0,12600.0,12540.0,12550.0,7704,0.0,0.0
2024-06-20 10:20:00+09:00,12550.0,12610.0,12530.0,12610.0,6845,0.0,0.0
2024-06-20 10:25:00+09:00,12610.0,12650.0,12580.0,12620.0,6653,0.0,0.0
2024-06-20 10:30:00+09:00,12620.0,12710.0,12620.0,12650.0,11696,0.0,0.0
2024-06-20 10:35:00+09:00,12660.0,12680.0,12650.0,12670.0,679,0.0,0.0
2024-06-20 10:40:00+09:00,12670.0,12720.0,12640.0,12720.0,8779,0.0,0.0
2024-06-20 10:45:00+09:00,12720.0,12740.0,12710.0,12710.0,3919,0.0,0.0
2024-06-20 10:50:00+09:00,12710.0,12760.0,12700.0,12730.0,4070,0.0,0.0
2024-06-20 10:55:00+09:00,12720.0,12800.0,12720.0,12790.0,5364,0.0,0.0
2024-06-20 11:00:00+09:00,12790.0,12820.0,12740.0,12790.0,4651,0.0,0.0
2024-06-20 11:05:00+09:00,12790.0,12790.0,12740.0,12780.0,3576,0.0,0.0
2024-06-20 11:10:00+09:00,12770.0,12770.0,12700.0,12700.0,9226,0.0,0.0
2024-06-20 11:15:00+09:00,12700.0,12740.0,12690.0,12690.0,3439,0.0,0.0
2024-06-20 11:20:00+09:00,12710.0,12710.0,12650.0,12650.0,4318,0.0,0.0
2024-06-20 11:25:00+09:00,12650.0,12710.0,12650.0,12690.0,2989,0.0,0.0
2024-06-20 11:30:00+09:00,12690.0,12730.0,12660.0,12730.0,2690,0.0,0.0
2024-06-20 11:35:00+09:00,12720.0,12730.0,12680.0,12700.0,4078,0.0,0.0
2024-06-20 11:40:00+09:00,12710.0,12730.0,12680.0,12680.0,1295,0.0,0.0
2024-06-20 11:45:00+09:00,12680.0,12730.0,12660.0,12700.0,1889,0.0,0.0
2024-06-20 11:50:00+09:00,12700.0,12740.0,12690.0,12700.0,1687,0.0,0.0
2024-06-20 11:55:00+09:00,12700.0,12710.0,12700.0,12710.0,1140,0.0,0.0
2024-06-20 12:00:00+09:00,12710.0,12830.0,12700.0,12800.0,14440,0.0,0.0
2024-06-20 12:05:00+09:00,12800.0,12870.0,12730.0,12790.0,11794,0.0,0.0
2024-06-20 12:10:00+09:00,12790.0,12790.0,12720.0,12720.0,2030,0.0,0.0
2024-06-20 12:15:00+09:00,12710.0,12710.0,12660.0,12660.0,5162,0.0,0.0
2024-06-20 12:20:00+09:00,12680.0,12680.0,12650.0,12650.0,1097,0.0,0.0
2024-06-20 12:25:00+09:00,12660.0,12680.0,12640.0,12650.0,4359,0.0,0.0
2024-06-20 12:30:00+09:00,12660.0,12660.0,12620.0,12630.0,6655,0.0,0.0
2024-06-20 12:35:00+09:00,12640.0,12650.0,12600.0,12610.0,6592,0.0,0.0
2024-06-20 12:40:00+09:00,12640.0,12640.0,12580.0,12600.0,5941,0.0,0.0
2024-06-20 12:45:00+09:00,12600.0,12680.0,12580.0,12680.0,4079,0.0,0.0
2024-06-20 12:50:00+09:00,12680.0,12700.0,12660.0,12690.0,1565,0.0,0.0
2024-06-20 12:55:00+09:00,12670.0,12690.0,12640.0,12670.0,1275,0.0,0.0
2024-06-20 13:00:00+09:00,12670.0,12670.0,12630.0,12640.0,1992,0.0,0.0
2024-06-20 13:05:00+09:00,12630.0,12630.0,12610.0,12620.0,2489,0.0,0.0
2024-06-20 13:10:00+09:00,12630.0,12630.0,12600.0,12610.0,3981,0.0,0.0
2024-06-20 13:15:00+09:00,12610.0,12620.0,12600.0,12600.0,3688,0.0,0.0
2024-06-20 13:20:00+09:00,12610.0,12620.0,12590.0,12600.0,5011,0.0,0.0
2024-06-20 13:25:00+09:00,12600.0,12610.0,12580.0,12610.0,3869,0.0,0.0
2024-06-20 13:30:00+09:00,12610.0,12640.0,12610.0,12620.0,1433,0.0,0.0
2024-06-20 13:35:00+09:00,12620.0,12640.0,12610.0,12610.0,1926,0.0,0.0
2024-06-20 13:40:00+09:00,12610.0,12650.0,12580.0,12610.0,5090,0.0,0.0
2024-06-20 13:45:00+09:00,12630.0,12630.0,12610.0,12610.0,1603,0.0,0.0
2024-06-20 13:50:00+09:00,12610.0,12610.0,12580.0,12580.0,7096,0.0,0.0
2024-06-20 13:55:00+09:00,12580.0,12610.0,12570.0,12590.0,3103,0.0,0.0
2024-06-20 14:00:00+09:00,12580.0,12600.0,12550.0,12570.0,6451,0.0,0.0
2024-06-20 14:05:00+09:00,12570.0,12570.0,12410.0,12410.0,46807,0.0,0.0
2024-06-20 14:10:00+09:00,12410.0,12530.0,12410.0,12510.0,10198,0.0,0.0
2024-06-20 14:15:00+09:00,12520.0,12540.0,12490.0,12500.0,4590,0.0,0.0
2024-06-20 14:20:00+09:00,12520.0,12520.0,12480.0,12480.0,2195,0.0,0.0
2024-06-20 14:25:00+09:00,12490.0,12500.0,12480.0,12490.0,1374,0.0,0.0
2024-06-20 14:30:00+09:00,12500.0,12500.0,12450.0,12500.0,3608,0.0,0.0
2024-06-20 14:35:00+09:00,12490.0,12500.0,12460.0,12490.0,686,0.0,0.0
2024-06-20 14:40:00+09:00,12480.0,12500.0,12450.0,12500.0,6397,0.0,0.0
2024-06-20 14:45:00+09:00,12480.0,12560.0,12480.0,12560.0,4326,0.0,0.0
2024-06-20 14:50:00+09:00,12560.0,12580.0,12560.0,12580.0,3303,0.0,0.0
2024-06-20 14:55:00+09:00,12570.0,12600.0,12560.0,12570.0,7213,0.0,0.0
2024-06-21 09:00:00+09:00,12410.0,12410.0,12130.0,12280.0,40486,0.0,0.0
2024-06-21 09:05:00+09:00,12290.0,12370.0,12160.0,12160.0,30330,0.0,0.0
2024-06-21 09:10:00+09:00,12170.0,12190.0,12080.0,12100.0,24121,0.0,0.0
2024-06-21 09:15:00+09:00,12110.0,12190.0,12010.0,12150.0,25864,0.0,0.0
2024-06-21 09:20:00+09:00,12150.0,12150.0,12070.0,12140.0,16472,0.0,0.0
2024-06-21 09:25:00+09:00,12170.0,12220.0,12140.0,12200.0,7616,0.0,0.0
2024-06-21 09:30:00+09:00,12200.0,12230.0,12130.0,12160.0,8352,0.0,0.0
2024-06-21 09:35:00+09:00,12170.0,12240.0,12170.0,12230.0,6623,0.0,0.0
2024-06-21 09:40:00+09:00,12240.0,12330.0,12240.0,12310.0,8341,0.0,0.0
2024-06-21 09:45:00+09:00,12300.0,12330.0,12290.0,12300.0,9317,0.0,0.0
2024-06-21 09:50:00+09:00,12300.0,12300.0,12250.0,12280.0,1933,0.0,0.0
2024-06-21 09:55:00+09:00,12280.0,12300.0,12240.0,12280.0,2653,0.0,0.0
2024-06-21 10:00:00+09:00,12270.0,12370.0,12260.0,12360.0,10424,0.0,0.0
2024-06-21 10:05:00+09:00,12350.0,12410.0,12350.0,12400.0,4423,0.0,0.0
2024-06-21 10:10:00+09:00,12400.0,12430.0,12380.0,12420.0,4823,0.0,0.0
2024-06-21 10:15:00+09:00,12420.0,12420.0,12360.0,12370.0,4622,0.0,0.0
2024-06-21 10:20:00+09:00,12370.0,12480.0,12370.0,12470.0,8908,0.0,0.0
2024-06-21 10:25:00+09:00,12470.0,12550.0,12470.0,12540.0,10554,0.0,0.0
2024-06-21 10:30:00+09:00,12530.0,12540.0,12480.0,12480.0,10876,0.0,0.0
2024-06-21 10:35:00+09:00,12480.0,12520.0,12480.0,12490.0,2352,0.0,0.0
2024-06-21 10:40:00+09:00,12490.0,12540.0,12490.0,12500.0,3868,0.0,0.0
2024-06-21 10:45:00+09:00,12510.0,12510.0,12400.0,12460.0,9704,0.0,0.0
2024-06-21 10:50:00+09:00,12460.0,12460.0,12420.0,12420.0,2533,0.0,0.0
2024-06-21 10:55:00+09:00,12420.0,12490.0,12400.0,12480.0,4034,0.0,0.0
2024-06-21 11:00:00+09:00,12480.0,12480.0,12450.0,12450.0,1117,0.0,0.0
2024-06-21 11:05:00+09:00,12470.0,12470.0,12450.0,12450.0,2829,0.0,0.0
2024-06-21 11:10:00+09:00,12450.0,12450.0,12410.0,12440.0,6004,0.0,0.0
2024-06-21 11:15:00+09:00,12430.0,12440.0,12390.0,12400.0,2746,0.0,0.0
2024-06-21 11:20:00+09:00,12390.0,12400.0,12330.0,12340.0,2834,0.0,0.0
2024-06-21 11:25:00+09:00,12350.0,12360.0,12240.0,12250.0,11372,0.0,0.0
2024-06-21 11:30:00+09:00,12250.0,12300.0,12250.0,12280.0,751,0.0,0.0
2024-06-21 11:35:00+09:00,12280.0,12380.0,12280.0,12370.0,6023,0.0,0.0
2024-06-21 11:40:00+09:00,12380.0,12380.0,12310.0,12310.0,1687,0.0,0.0
2024-06-21 11:45:00+09:00,12350.0,12360.0,12310.0,12310.0,2155,0.0,0.0
2024-06-21 11:50:00+09:00,12310.0,12350.0,12310.0,12340.0,1433,0.0,0.0
2024-06-21 11:55:00+09:00,12330.0,12330.0,12290.0,12290.0,1667,0.0,0.0
2024-06-21 12:00:00+09:00,12290.0,12330.0,12280.0,12330.0,1639,0.0,0.0
2024-06-21 12:05:00+09:00,12330.0,12340.0,12320.0,12330.0,407,0.0,0.0
2024-06-21 12:10:00+09:00,12320.0,12330.0,12280.0,12300.0,3016,0.0,0.0
2024-06-21 12:15:00+09:00,12300.0,12360.0,12290.0,12360.0,2655,0.0,0.0
2024-06-21 12:20:00+09:00,12360.0,12400.0,12320.0,12350.0,1268,0.0,0.0
2024-06-21 12:25:00+09:00,12350.0,12390.0,12330.0,12340.0,1257,0.0,0.0
2024-06-21 12:30:00+09:00,12340.0,12340.0,12290.0,12300.0,1499,0.0,0.0
2024-06-21 12:35:00+09:00,12330.0,12340.0,12280.0,12320.0,3331,0.0,0.0
2024-06-21 12:40:00+09:00,12320.0,12340.0,12300.0,12310.0,476,0.0,0.0
2024-06-21 12:45:00+09:00,12320.0,12320.0,12270.0,12280.0,965,0.0,0.0
2024-06-21 12:50:00+09:00,12280.0,12290.0,12280.0,12290.0,2065,0.0,0.0
2024-06-21 12:55:00+09:00,12300.0,12300.0,12270.0,12300.0,2175,0.0,0.0
2024-06-21 13:00:00+09:00,12290.0,12300.0,12280.0,12300.0,952,0.0,0.0
2024-06-21 13:05:00+09:00,12300.0,12300.0,12280.0,12280.0,733,0.0,0.0
2024-06-21 13:10:00+09:00,12280.0,12300.0,12270.0,12300.0,971,0.0,0.0
2024-06-21 13:15:00+09:00,12290.0,12300.0,12250.0,12250.0,2863,0.0,0.0
2024-06-21 13:20:00+09:00,12280.0,12280.0,12190.0,12200.0,11634,0.0,0.0
2024-06-21 13:25:00+09:00,12190.0,12230.0,12190.0,12200.0,5909,0.0,0.0
2024-06-21 13:30:00+09:00,12210.0,12240.0,12210.0,12240.0,999,0.0,0.0
2024-06-21 13:35:00+09:00,12220.0,12220.0,12200.0,12210.0,2551,0.0,0.0
2024-06-21 13:40:00+09:00,12210.0,12230.0,12200.0,12210.0,2847,0.0,0.0
2024-06-21 13:45:00+09:00,12210.0,12220.0,12200.0,12210.0,1529,0.0,0.0
2024-06-21 13:50:00+09:00,12200.0,12220.0,12180.0,12200.0,3326,0.0,0.0
2024-06-21 13:55:00+09:00,12200.0,12220.0,12180.0,12210.0,3550,0.0,0.0
2024-06-21 14:00:00+09:00,12210.0,12210.0,12130.0,12150.0,12847,0.0,0.0
2024-06-21 14:05:00+09:00,12150.0,12170.0,12130.0,12130.0,6157,0.0,0.0
2024-06-21 14:10:00+09:00,12130.0,12170.0,12120.0,12130.0,6094,0.0,0.0
2024-06-21 14:15:00+09:00,12140.0,12160.0,12130.0,12160.0,364,0.0,0.0
2024-06-21 14:20:00+09:00,12170.0,12170.0,12140.0,12170.0,4549,0.0,0.0
2024-06-21 14:25:00+09:00,12160.0,12170.0,12140.0,12140.0,1741,0.0,0.0
2024-06-21 14:30:00+09:00,12140.0,12140.0,12130.0,12140.0,1874,0.0,0.0
2024-06-21 14:35:00+09:00,12140.0,12260.0,12140.0,12260.0,7542,0.0,0.0
2024-06-21 14:40:00+09:00,12270.0,12280.0,12250.0,12270.0,2614,0.0,0.0
2024-06-21 14:45:00+09:00,12270.0,12300.0,12260.0,12280.0,3420,0.0,0.0
2024-06-21 14:50:00+09:00,12280.0,12280.0,12200.0,12200.0,4976,0.0,0.0
2024-06-21 14:55:00+09:00,12220.0,12220.0,12170.0,12210.0,2551,0.0,0.0
2024-06-24 09:00:00+09:00,12120.0,12240.0,12110.0,12180.0,0,0.0,0.0
2024-06-24 09:05:00+09:00,12180.0,12200.0,12070.0,12080.0,17290,0.0,0.0
2024-06-24 09:10:00+09:00,12080.0,12180.0,11920.0,12170.0,45717,0.0,0.0
2024-06-24 09:15:00+09:00,12170.0,12200.0,12140.0,12150.0,6852,0.0,0.0
2024-06-24 09:20:00+09:00,12150.0,12450.0,12110.0,12410.0,32056,0.0,0.0
2024-06-24 09:25:00+09:00,12390.0,12500.0,12370.0,12370.0,22995,0.0,0.0
2024-06-24 09:30:00+09:00,12360.0,12580.0,12360.0,12510.0,30743,0.0,0.0
2024-06-24 09:35:00+09:00,12530.0,12660.0,12510.0,12640.0,24321,0.0,0.0
2024-06-24 09:40:00+09:00,12640.0,12700.0,12520.0,12610.0,32696,0.0,0.0
2024-06-24 09:45:00+09:00,12610.0,12620.0,12540.0,12540.0,11594,0.0,0.0
2024-06-24 09:50:00+09:00,12540.0,12590.0,12510.0,12550.0,7915,0.0,0.0
2024-06-24 09:55:00+09:00,12580.0,12650.0,12550.0,12640.0,3328,0.0,0.0
2024-06-24 10:00:00+09:00,12630.0,12680.0,12620.0,12680.0,9258,0.0,0.0
2024-06-24 10:05:00+09:00,12680.0,12810.0,12680.0,12740.0,33761,0.0,0.0
2024-06-24 10:10:00+09:00,12730.0,12750.0,12690.0,12720.0,6839,0.0,0.0
2024-06-24 10:15:00+09:00,12740.0,12740.0,12670.0,12680.0,4780,0.0,0.0
2024-06-24 10:20:00+09:00,12680.0,12680.0,12600.0,12620.0,6459,0.0,0.0
2024-06-24 10:25:00+09:00,12610.0,12660.0,12590.0,12640.0,5523,0.0,0.0
2024-06-24 10:30:00+09:00,12650.0,12650.0,12600.0,12650.0,8316,0.0,0.0
2024-06-24 10:35:00+09:00,12650.0,12660.0,12600.0,12660.0,6758,0.0,0.0
2024-06-24 10:40:00+09:00,12660.0,12660.0,12590.0,12590.0,7030,0.0,0.0
2024-06-24 10:45:00+09:00,12590.0,12650.0,12560.0,12650.0,7197,0.0,0.0
2024-06-24 10:50:00+09:00,12640.0,12640.0,12600.0,12600.0,4017,0.0,0.0
2024-06-24 10:55:00+09:00,12600.0,12600.0,12580.0,12590.0,3184,0.0,0.0
2024-06-24 11:00:00+09:00,12580.0,12690.0,12570.0,12690.0,8102,0.0,0.0
2024-06-24 11:05:00+09:00,12680.0,12720.0,12660.0,12720.0,6356,0.0,0.0
2024-06-24 11:10:00+09:00,12700.0,12700.0,12650.0,12680.0,6332,0.0,0.0
2024-06-24 11:15:00+09:00,12680.0,12700.0,12640.0,12690.0,2749,0.0,0.0
2024-06-24 11:20:00+09:00,12690.0,12770.0,12680.0,12770.0,14526,0.0,0.0
2024-06-24 11:25:00+09:00,12770.0,12800.0,12710.0,12790.0,23222,0.0,0.0
2024-06-24 11:30:00+09:00,12790.0,12900.0,12760.0,12880.0,49326,0.0,0.0
2024-06-24 11:35:00+09:00,12870.0,12880.0,12820.0,12840.0,12073,0.0,0.0
2024-06-24 11:40:00+09:00,12840.0,12850.0,12810.0,12810.0,8891,0.0,0.0
2024-06-24 11:45:00+09:00,12810.0,12810.0,12770.0,12780.0,10509,0.0,0.0
2024-06-24 11:50:00+09:00,12780.0,12780.0,12730.0,12780.0,11445,0.0,0.0
2024-06-24 11:55:00+09:00,12770.0,12820.0,12740.0,12820.0,4869,0.0,0.0
2024-06-24 12:00:00+09:00,12820.0,12840.0,12800.0,12800.0,4683,0.0,0.0
2024-06-24 12:05:00+09:00,12800.0,12820.0,12800.0,12820.0,3459,0.0,0.0
2024-06-24 12:10:00+09:00,12810.0,12810.0,12760.0,12760.0,1922,0.0,0.0
2024-06-24 12:15:00+09:00,12780.0,12820.0,12780.0,12810.0,2515,0.0,0.0
2024-06-24 12:20:00+09:00,12820.0,12820.0,12790.0,12790.0,3636,0.0,0.0
2024-06-24 12:25:00+09:00,12790.0,12800.0,12760.0,12770.0,3993,0.0,0.0
2024-06-24 12:30:00+09:00,12770.0,12790.0,12760.0,12790.0,2437,0.0,0.0
2024-06-24 12:35:00+09:00,12790.0,12880.0,12760.0,12870.0,21718,0.0,0.0
2024-06-24 12:40:00+09:00,12870.0,12900.0,12810.0,12870.0,20117,0.0,0.0
2024-06-24 12:45:00+09:00,12880.0,12900.0,12840.0,12850.0,7031,0.0,0.0
2024-06-24 12:50:00+09:00,12860.0,12880.0,12820.0,12820.0,4849,0.0,0.0
2024-06-24 12:55:00+09:00,12820.0,12820.0,12770.0,12800.0,5109,0.0,0.0
2024-06-24 13:00:00+09:00,12800.0,12800.0,12780.0,12780.0,4739,0.0,0.0
2024-06-24 13:05:00+09:00,12790.0,12790.0,12770.0,12790.0,1742,0.0,0.0
2024-06-24 13:10:00+09:00,12790.0,12830.0,12760.0,12820.0,7798,0.0,0.0
2024-06-24 13:15:00+09:00,12820.0,12830.0,12790.0,12790.0,2491,0.0,0.0
2024-06-24 13:20:00+09:00,12790.0,12800.0,12770.0,12790.0,4005,0.0,0.0
2024-06-24 13:25:00+09:00,12790.0,12790.0,12750.0,12760.0,5588,0.0,0.0
2024-06-24 13:30:00+09:00,12760.0,13620.0,12750.0,13620.0,538088,0.0,0.0
2024-06-24 13:35:00+09:00,13620.0,13980.0,13480.0,13810.0,1092467,0.0,0.0
2024-06-24 13:40:00+09:00,13810.0,14100.0,13550.0,13700.0,864455,0.0,0.0
2024-06-24 13:45:00+09:00,13730.0,13770.0,13230.0,13440.0,505904,0.0,0.0
2024-06-24 13:50:00+09:00,13440.0,13480.0,12940.0,13020.0,409597,0.0,0.0
2024-06-24 13:55:00+09:00,13010.0,13100.0,12900.0,13060.0,176023,0.0,0.0
2024-06-24 14:00:00+09:00,13050.0,13100.0,12910.0,12910.0,123154,0.0,0.0
2024-06-24 14:05:00+09:00,12910.0,12970.0,12820.0,12890.0,136449,0.0,0.0
2024-06-24 14:10:00+09:00,12900.0,12990.0,12880.0,12980.0,45631,0.0,0.0
2024-06-24 14:15:00+09:00,12980.0,13040.0,12900.0,13000.0,65273,0.0,0.0
2024-06-24 14:20:00+09:00,13000.0,13060.0,12960.0,13050.0,53482,0.0,0.0
2024-06-24 14:25:00+09:00,13040.0,13060.0,12980.0,13020.0,42463,0.0,0.0
2024-06-24 14:30:00+09:00,13020.0,13030.0,12910.0,12980.0,49465,0.0,0.0
2024-06-24 14:35:00+09:00,12960.0,12980.0,12840.0,12860.0,69727,0.0,0.0
2024-06-24 14:40:00+09:00,12860.0,12960.0,12860.0,12960.0,27738,0.0,0.0
2024-06-24 14:45:00+09:00,12960.0,12980.0,12890.0,12900.0,26778,0.0,0.0
2024-06-24 14:50:00+09:00,12900.0,12940.0,12870.0,12940.0,21726,0.0,0.0
2024-06-24 14:55:00+09:00,12940.0,13010.0,12930.0,12960.0,23550,0.0,0.0
2024-06-25 09:00:00+09:00,12810.0,13060.0,12700.0,13050.0,153159,0.0,0.0
2024-06-25 09:05:00+09:00,13060.0,13420.0,13050.0,13400.0,243479,0.0,0.0
2024-06-25 09:10:00+09:00,13400.0,13420.0,13220.0,13290.0,125614,0.0,0.0
2024-06-25 09:15:00+09:00,13290.0,13320.0,13130.0,13260.0,54592,0.0,0.0
2024-06-25 09:20:00+09:00,13210.0,13300.0,13170.0,13300.0,49572,0.0,0.0
2024-06-25 09:25:00+09:00,13300.0,13310.0,13170.0,13290.0,24858,0.0,0.0
2024-06-25 09:30:00+09:00,13280.0,13410.0,13220.0,13220.0,95879,0.0,0.0
2024-06-25 09:35:00+09:00,13220.0,13320.0,13220.0,13280.0,16658,0.0,0.0
2024-06-25 09:40:00+09:00,13280.0,13620.0,13270.0,13620.0,236799,0.0,0.0
2024-06-25 09:45:00+09:00,13620.0,14470.0,13600.0,14420.0,764597,0.0,0.0
2024-06-25 09:50:00+09:00,14430.0,14430.0,13760.0,13850.0,841473,0.0,0.0
2024-06-25 09:55:00+09:00,13840.0,13870.0,13580.0,13660.0,352621,0.0,0.0
2024-06-25 10:00:00+09:00,13680.0,13680.0,13480.0,13540.0,161726,0.0,0.0
2024-06-25 10:05:00+09:00,13530.0,13670.0,13480.0,13590.0,84305,0.0,0.0
2024-06-25 10:10:00+09:00,13590.0,13840.0,13590.0,13830.0,200012,0.0,0.0
2024-06-25 10:15:00+09:00,13830.0,13880.0,13700.0,13790.0,90185,0.0,0.0
2024-06-25 10:20:00+09:00,13780.0,13930.0,13710.0,13900.0,94486,0.0,0.0
2024-06-25 10:25:00+09:00,13900.0,14090.0,13820.0,13900.0,202530,0.0,0.0
2024-06-25 10:30:00+09:00,13900.0,13940.0,13720.0,13770.0,71270,0.0,0.0
2024-06-25 10:35:00+09:00,13770.0,13800.0,13700.0,13730.0,44668,0.0,0.0
2024-06-25 10:40:00+09:00,13730.0,13780.0,13630.0,13760.0,37173,0.0,0.0
2024-06-25 10:45:00+09:00,13760.0,14020.0,13760.0,13910.0,62146,0.0,0.0
2024-06-25 10:50:00+09:00,13910.0,14080.0,13780.0,14080.0,73874,0.0,0.0
2024-06-25 10:55:00+09:00,14070.0,14690.0,14070.0,14380.0,914015,0.0,0.0
2024-06-25 11:00:00+09:00,14370.0,14780.0,14360.0,14620.0,534388,0.0,0.0
2024-06-25 11:05:00+09:00,14620.0,14760.0,14450.0,14590.0,304569,0.0,0.0
2024-06-25 11:10:00+09:00,14600.0,15180.0,14570.0,14980.0,928717,0.0,0.0
2024-06-25 11:15:00+09:00,14990.0,15430.0,14870.0,15370.0,663911,0.0,0.0
2024-06-25 11:20:00+09:00,15370.0,15630.0,15350.0,15630.0,659311,0.0,0.0
2024-06-25 11:25:00+09:00,15710.0,15980.0,15660.0,15970.0,605378,0.0,0.0
2024-06-25 11:30:00+09:00,15970.0,16070.0,15750.0,15830.0,606733,0.0,0.0
2024-06-25 11:35:00+09:00,15830.0,15880.0,15630.0,15650.0,346119,0.0,0.0
2024-06-25 11:40:00+09:00,15650.0,15740.0,15560.0,15620.0,277264,0.0,0.0
2024-06-25 11:45:00+09:00,15610.0,15770.0,15570.0,15700.0,153549,0.0,0.0
2024-06-25 11:50:00+09:00,15700.0,15860.0,15330.0,15830.0,464191,0.0,0.0
2024-06-25 11:55:00+09:00,15830.0,16490.0,15750.0,16370.0,896507,0.0,0.0
2024-06-25 12:00:00+09:00,16370.0,16460.0,16190.0,16380.0,383942,0.0,0.0
2024-06-25 12:05:00+09:00,16380.0,16550.0,16240.0,16340.0,347417,0.0,0.0
2024-06-25 12:10:00+09:00,16340.0,16380.0,16200.0,16250.0,178288,0.0,0.0
2024-06-25 12:15:00+09:00,16260.0,16340.0,16180.0,16200.0,114039,0.0,0.0
2024-06-25 12:20:00+09:00,16200.0,16330.0,16160.0,16190.0,121401,0.0,0.0
2024-06-25 12:25:00+09:00,16180.0,16340.0,16080.0,16320.0,139764,0.0,0.0
2024-06-25 12:30:00+09:00,16320.0,16330.0,16150.0,16170.0,103389,0.0,0.0
2024-06-25 12:35:00+09:00,16170.0,16220.0,16090.0,16190.0,83265,0.0,0.0
2024-06-25 12:40:00+09:00,16180.0,16200.0,15950.0,15970.0,186098,0.0,0.0
2024-06-25 12:45:00+09:00,15980.0,16280.0,15960.0,16270.0,168880,0.0,0.0
2024-06-25 12:50:00+09:00,16260.0,16480.0,16210.0,16260.0,337557,0.0,0.0
2024-06-25 12:55:00+09:00,16260.0,16310.0,16150.0,16180.0,88910,0.0,0.0
2024-06-25 13:00:00+09:00,16170.0,16200.0,16090.0,16130.0,87239,0.0,0.0
2024-06-25 13:05:00+09:00,16120.0,16230.0,16120.0,16220.0,43839,0.0,0.0
2024-06-25 13:10:00+09:00,16220.0,16300.0,16160.0,16200.0,72990,0.0,0.0
2024-06-25 13:15:00+09:00,16180.0,16200.0,15830.0,15940.0,200053,0.0,0.0
2024-06-25 13:20:00+09:00,15940.0,16100.0,15920.0,16000.0,90916,0.0,0.0
2024-06-25 13:25:00+09:00,16000.0,16050.0,15960.0,16000.0,47936,0.0,0.0
2024-06-25 13:30:00+09:00,16000.0,16140.0,15920.0,15920.0,89782,0.0,0.0
2024-06-25 13:35:00+09:00,15930.0,16340.0,15860.0,16170.0,236279,0.0,0.0
2024-06-25 13:40:00+09:00,16170.0,16180.0,16050.0,16100.0,92164,0.0,0.0
2024-06-25 13:45:00+09:00,16090.0,16150.0,15980.0,16000.0,80743,0.0,0.0
2024-06-25 13:50:00+09:00,16000.0,16210.0,15960.0,16060.0,85091,0.0,0.0
2024-06-25 13:55:00+09:00,16060.0,16090.0,16010.0,16080.0,30197,0.0,0.0
2024-06-25 14:00:00+09:00,16070.0,16240.0,16020.0,16170.0,81333,0.0,0.0
2024-06-25 14:05:00+09:00,16170.0,16390.0,16150.0,16220.0,213945,0.0,0.0
2024-06-25 14:10:00+09:00,16210.0,16300.0,16100.0,16280.0,120421,0.0,0.0
2024-06-25 14:15:00+09:00,16280.0,16290.0,16040.0,16060.0,117774,0.0,0.0
2024-06-25 14:20:00+09:00,16060.0,16150.0,16050.0,16090.0,37957,0.0,0.0
2024-06-25 14:25:00+09:00,16100.0,16230.0,16090.0,16160.0,70449,0.0,0.0
2024-06-25 14:30:00+09:00,16160.0,16320.0,16150.0,16230.0,156203,0.0,0.0
2024-06-25 14:35:00+09:00,16220.0,16280.0,16160.0,16260.0,79322,0.0,0.0
2024-06-25 14:40:00+09:00,16260.0,16390.0,16200.0,16300.0,180450,0.0,0.0
2024-06-25 14:45:00+09:00,16300.0,16300.0,15920.0,16040.0,257530,0.0,0.0
2024-06-25 14:50:00+09:00,16040.0,16190.0,16040.0,16150.0,71715,0.0,0.0
2024-06-25 14:55:00+09:00,16150.0,16180.0,15980.0,16080.0,67954,0.0,0.0
2024-06-26 09:00:00+09:00,17370.0,18210.0,17120.0,18110.0,2473468,0.0,0.0
2024-06-26 09:05:00+09:00,18110.0,18290.0,17370.0,17740.0,984280,0.0,0.0
2024-06-26 09:10:00+09:00,17720.0,17740.0,16870.0,17040.0,752293,0.0,0.0
2024-06-26 09:15:00+09:00,17040.0,17040.0,16740.0,16870.0,401846,0.0,0.0
2024-06-26 09:20:00+09:00,16860.0,16940.0,16660.0,16690.0,219132,0.0,0.0
2024-06-26 09:25:00+09:00,16670.0,16870.0,16650.0,16660.0,137361,0.0,0.0
2024-06-26 09:30:00+09:00,16650.0,16930.0,16630.0,16780.0,160212,0.0,0.0
2024-06-26 09:35:00+09:00,16790.0,16990.0,16770.0,16980.0,171966,0.0,0.0
2024-06-26 09:40:00+09:00,16980.0,16980.0,16680.0,16680.0,123745,0.0,0.0
2024-06-26 09:45:00+09:00,16680.0,16810.0,16660.0,16750.0,68380,0.0,0.0
2024-06-26 09:50:00+09:00,16770.0,16910.0,16690.0,16830.0,75598,0.0,0.0
2024-06-26 09:55:00+09:00,16830.0,16850.0,16760.0,16800.0,44932,0.0,0.0
2024-06-26 10:00:00+09:00,16770.0,16800.0,16700.0,16700.0,44736,0.0,0.0
2024-06-26 10:05:00+09:00,16700.0,16750.0,16670.0,16710.0,48158,0.0,0.0
2024-06-26 10:10:00+09:00,16700.0,16770.0,16670.0,16680.0,38616,0.0,0.0
2024-06-26 10:15:00+09:00,16680.0,17230.0,16680.0,17120.0,371400,0.0,0.0
2024-06-26 10:20:00+09:00,17120.0,17210.0,16900.0,17140.0,224433,0.0,0.0
2024-06-26 10:25:00+09:00,17130.0,17260.0,16970.0,17030.0,206574,0.0,0.0
2024-06-26 10:30:00+09:00,17040.0,17180.0,16920.0,16970.0,71904,0.0,0.0
2024-06-26 10:35:00+09:00,16960.0,17000.0,16850.0,16900.0,84441,0.0,0.0
2024-06-26 10:40:00+09:00,16940.0,17190.0,16900.0,17100.0,63938,0.0,0.0
2024-06-26 10:45:00+09:00,17090.0,17180.0,17000.0,17020.0,55021,0.0,0.0
2024-06-26 10:50:00+09:00,17030.0,17050.0,16940.0,16980.0,28805,0.0,0.0
2024-06-26 10:55:00+09:00,16980.0,17020.0,16950.0,16960.0,23724,0.0,0.0
2024-06-26 11:00:00+09:00,16970.0,17110.0,16910.0,17040.0,36829,0.0,0.0
2024-06-26 11:05:00+09:00,17060.0,17100.0,16960.0,17010.0,26717,0.0,0.0
2024-06-26 11:10:00+09:00,16980.0,17000.0,16950.0,16970.0,23554,0.0,0.0
2024-06-26 11:15:00+09:00,16970.0,17070.0,16930.0,17070.0,24510,0.0,0.0
2024-06-26 11:20:00+09:00,17060.0,17120.0,17010.0,17080.0,49415,0.0,0.0
2024-06-26 11:25:00+09:00,17080.0,17090.0,16940.0,17010.0,25195,0.0,0.0
2024-06-26 11:30:00+09:00,17010.0,17070.0,16980.0,17050.0,14653,0.0,0.0
2024-06-26 11:35:00+09:00,17060.0,17150.0,16990.0,17000.0,44054,0.0,0.0
2024-06-26 11:40:00+09:00,17010.0,17030.0,16970.0,17010.0,15857,0.0,0.0
2024-06-26 11:45:00+09:00,17000.0,17020.0,16910.0,16980.0,21226,0.0,0.0
2024-06-26 11:50:00+09:00,16980.0,16980.0,16790.0,16860.0,60416,0.0,0.0
2024-06-26 11:55:00+09:00,16860.0,16870.0,16740.0,16860.0,53385,0.0,0.0
2024-06-26 12:00:00+09:00,16870.0,16870.0,16800.0,16800.0,14474,0.0,0.0
2024-06-26 12:05:00+09:00,16800.0,16800.0,16670.0,16730.0,47907,0.0,0.0
2024-06-26 12:10:00+09:00,16730.0,16850.0,16720.0,16800.0,24354,0.0,0.0
2024-06-26 12:15:00+09:00,16800.0,16890.0,16760.0,16830.0,22616,0.0,0.0
2024-06-26 12:20:00+09:00,16860.0,16910.0,16810.0,16850.0,35502,0.0,0.0
2024-06-26 12:25:00+09:00,16850.0,16890.0,16810.0,16850.0,8535,0.0,0.0
2024-06-26 12:30:00+09:00,16850.0,16900.0,16850.0,16880.0,13898,0.0,0.0
2024-06-26 12:35:00+09:00,16870.0,16920.0,16830.0,16890.0,19278,0.0,0.0
2024-06-26 12:40:00+09:00,16900.0,17250.0,16900.0,17170.0,181227,0.0,0.0
2024-06-26 12:45:00+09:00,17170.0,17290.0,17050.0,17130.0,167609,0.0,0.0
2024-06-26 12:50:00+09:00,17130.0,17140.0,17010.0,17030.0,49049,0.0,0.0
2024-06-26 12:55:00+09:00,17030.0,17150.0,17010.0,17120.0,23061,0.0,0.0
2024-06-26 13:00:00+09:00,17120.0,17450.0,17110.0,17400.0,326380,0.0,0.0
2024-06-26 13:05:00+09:00,17390.0,17420.0,17280.0,17320.0,152193,0.0,0.0
2024-06-26 13:10:00+09:00,17310.0,17340.0,17200.0,17250.0,97181,0.0,0.0
2024-06-26 13:15:00+09:00,17250.0,17370.0,17240.0,17260.0,50507,0.0,0.0
2024-06-26 13:20:00+09:00,17260.0,17310.0,17160.0,17180.0,51228,0.0,0.0
2024-06-26 13:25:00+09:00,17190.0,17290.0,17130.0,17190.0,45993,0.0,0.0
2024-06-26 13:30:00+09:00,17190.0,17200.0,17000.0,17090.0,47751,0.0,0.0
2024-06-26 13:35:00+09:00,17100.0,17220.0,17050.0,17220.0,35973,0.0,0.0
2024-06-26 13:40:00+09:00,17230.0,17250.0,17120.0,17160.0,41997,0.0,0.0
2024-06-26 13:45:00+09:00,17130.0,17160.0,17060.0,17150.0,22247,0.0,0.0
2024-06-26 13:50:00+09:00,17130.0,17250.0,17090.0,17230.0,37227,0.0,0.0
2024-06-26 13:55:00+09:00,17230.0,17290.0,17200.0,17240.0,50128,0.0,0.0
2024-06-26 14:00:00+09:00,17250.0,17280.0,17130.0,17130.0,33273,0.0,0.0
2024-06-26 14:05:00+09:00,17130.0,17200.0,17090.0,17140.0,24956,0.0,0.0
2024-06-26 14:10:00+09:00,17140.0,17160.0,17120.0,17160.0,12847,0.0,0.0
2024-06-26 14:15:00+09:00,17160.0,17240.0,17150.0,17200.0,33113,0.0,0.0
2024-06-26 14:20:00+09:00,17190.0,17300.0,17170.0,17230.0,41523,0.0,0.0
2024-06-26 14:25:00+09:00,17230.0,17250.0,17130.0,17130.0,29946,0.0,0.0
2024-06-26 14:30:00+09:00,17140.0,17220.0,17130.0,17150.0,17422,0.0,0.0
2024-06-26 14:35:00+09:00,17180.0,17190.0,17130.0,17140.0,26312,0.0,0.0
2024-06-26 14:40:00+09:00,17140.0,17150.0,16930.0,17020.0,74179,0.0,0.0
2024-06-26 14:45:00+09:00,17030.0,17050.0,16840.0,16950.0,65636,0.0,0.0
2024-06-26 14:50:00+09:00,16950.0,16970.0,16860.0,16950.0,25743,0.0,0.0
2024-06-26 14:55:00+09:00,16950.0,17030.0,16930.0,17030.0,22532,0.0,0.0
2024-06-27 09:00:00+09:00,16990.0,17140.0,16790.0,16890.0,238341,0.0,0.0
2024-06-27 09:05:00+09:00,16890.0,16960.0,16770.0,16800.0,55907,0.0,0.0
2024-06-27 09:10:00+09:00,16810.0,17050.0,16790.0,16850.0,59986,0.0,0.0
2024-06-27 09:15:00+09:00,16860.0,16990.0,16790.0,16790.0,57771,0.0,0.0
2024-06-27 09:20:00+09:00,16800.0,16830.0,16690.0,16690.0,82504,0.0,0.0
2024-06-27 09:25:00+09:00,16700.0,16790.0,16570.0,16780.0,77578,0.0,0.0
2024-06-27 09:30:00+09:00,16780.0,17050.0,16770.0,16950.0,63846,0.0,0.0
2024-06-27 09:35:00+09:00,16970.0,17070.0,16690.0,16800.0,61365,0.0,0.0
2024-06-27 09:40:00+09:00,16800.0,16960.0,16790.0,16940.0,19218,0.0,0.0
2024-06-27 09:45:00+09:00,16940.0,17150.0,16930.0,16990.0,54451,0.0,0.0
2024-06-27 09:50:00+09:00,16990.0,17020.0,16920.0,16980.0,23468,0.0,0.0
2024-06-27 09:55:00+09:00,16980.0,17000.0,16890.0,16940.0,13167,0.0,0.0
2024-06-27 10:00:00+09:00,16940.0,17010.0,16900.0,16960.0,15646,0.0,0.0
2024-06-27 10:05:00+09:00,16960.0,16980.0,16910.0,16980.0,14899,0.0,0.0
2024-06-27 10:10:00+09:00,16980.0,17130.0,16980.0,17130.0,27816,0.0,0.0
2024-06-27 10:15:00+09:00,17130.0,17200.0,17060.0,17170.0,80512,0.0,0.0
2024-06-27 10:20:00+09:00,17170.0,17210.0,16910.0,16920.0,95607,0.0,0.0
2024-06-27 10:25:00+09:00,16920.0,16990.0,16900.0,16940.0,25387,0.0,0.0
2024-06-27 10:30:00+09:00,16940.0,17000.0,16920.0,17000.0,4889,0.0,0.0
2024-06-27 10:35:00+09:00,17000.0,17060.0,16970.0,17030.0,7945,0.0,0.0
2024-06-27 10:40:00+09:00,17030.0,17030.0,16950.0,16950.0,6087,0.0,0.0
2024-06-27 10:45:00+09:00,16960.0,16970.0,16900.0,16910.0,12597,0.0,0.0
2024-06-27 10:50:00+09:00,16910.0,16950.0,16890.0,16940.0,7407,0.0,0.0
2024-06-27 10:55:00+09:00,16940.0,16970.0,16930.0,16930.0,3978,0.0,0.0
2024-06-27 11:00:00+09:00,16930.0,17080.0,16930.0,17040.0,14541,0.0,0.0
2024-06-27 11:05:00+09:00,17040.0,17070.0,17000.0,17000.0,9617,0.0,0.0
2024-06-27 11:10:00+09:00,17000.0,17080.0,16980.0,16990.0,10373,0.0,0.0
2024-06-27 11:15:00+09:00,16990.0,17050.0,16980.0,17040.0,5701,0.0,0.0
2024-06-27 11:20:00+09:00,17030.0,17060.0,16980.0,17020.0,12713,0.0,0.0
2024-06-27 11:25:00+09:00,17020.0,17040.0,16960.0,17040.0,11370,0.0,0.0
2024-06-27 11:30:00+09:00,17020.0,17050.0,16980.0,17010.0,11854,0.0,0.0
2024-06-27 11:35:00+09:00,17010.0,17010.0,16970.0,16990.0,7959,0.0,0.0
2024-06-27 11:40:00+09:00,17000.0,17020.0,16950.0,16950.0,5300,0.0,0.0
2024-06-27 11:45:00+09:00,16950.0,16980.0,16940.0,16950.0,4985,0.0,0.0
2024-06-27 11:50:00+09:00,16950.0,16960.0,16870.0,16900.0,24480,0.0,0.0
2024-06-27 11:55:00+09:00,16900.0,16910.0,16870.0,16880.0,8052,0.0,0.0
2024-06-27 12:00:00+09:00,16880.0,16950.0,16870.0,16920.0,7368,0.0,0.0
2024-06-27 12:05:00+09:00,16920.0,16930.0,16790.0,16800.0,20593,0.0,0.0
2024-06-27 12:10:00+09:00,16790.0,16830.0,16780.0,16810.0,11635,0.0,0.0
2024-06-27 12:15:00+09:00,16810.0,16890.0,16790.0,16880.0,4204,0.0,0.0
2024-06-27 12:20:00+09:00,16880.0,16890.0,16850.0,16850.0,2989,0.0,0.0
2024-06-27 12:25:00+09:00,16860.0,16860.0,16810.0,16810.0,8447,0.0,0.0
2024-06-27 12:30:00+09:00,16800.0,16840.0,16800.0,16830.0,5736,0.0,0.0
2024-06-27 12:35:00+09:00,16830.0,16900.0,16830.0,16850.0,11908,0.0,0.0
2024-06-27 12:40:00+09:00,16850.0,16850.0,16740.0,16740.0,22368,0.0,0.0
2024-06-27 12:45:00+09:00,16740.0,16770.0,16720.0,16760.0,11013,0.0,0.0
2024-06-27 12:50:00+09:00,16750.0,16810.0,16750.0,16790.0,4121,0.0,0.0
2024-06-27 12:55:00+09:00,16790.0,16800.0,16720.0,16790.0,8677,0.0,0.0
2024-06-27 13:00:00+09:00,16770.0,16830.0,16760.0,16790.0,9092,0.0,0.0
2024-06-27 13:05:00+09:00,16790.0,16860.0,16780.0,16810.0,12293,0.0,0.0
2024-06-27 13:10:00+09:00,16810.0,16810.0,16770.0,16780.0,3201,0.0,0.0
2024-06-27 13:15:00+09:00,16780.0,16800.0,16730.0,16750.0,9656,0.0,0.0
2024-06-27 13:20:00+09:00,16750.0,16750.0,16610.0,16640.0,42291,0.0,0.0
2024-06-27 13:25:00+09:00,16630.0,16640.0,16340.0,16380.0,130115,0.0,0.0
2024-06-27 13:30:00+09:00,16370.0,16400.0,16260.0,16340.0,54962,0.0,0.0
2024-06-27 13:35:00+09:00,16350.0,16360.0,16270.0,16300.0,25502,0.0,0.0
2024-06-27 13:40:00+09:00,16290.0,16290.0,16160.0,16180.0,61680,0.0,0.0
2024-06-27 13:45:00+09:00,16170.0,16350.0,16150.0,16330.0,37098,0.0,0.0
2024-06-27 13:50:00+09:00,16350.0,16390.0,16350.0,16350.0,9928,0.0,0.0
2024-06-27 13:55:00+09:00,16350.0,16350.0,16240.0,16330.0,17343,0.0,0.0
2024-06-27 14:00:00+09:00,16330.0,16340.0,16270.0,16300.0,7807,0.0,0.0
2024-06-27 14:05:00+09:00,16310.0,16310.0,16240.0,16250.0,9885,0.0,0.0
2024-06-27 14:10:00+09:00,16250.0,16260.0,16200.0,16210.0,13647,0.0,0.0
2024-06-27 14:15:00+09:00,16210.0,16260.0,16160.0,16260.0,16998,0.0,0.0
2024-06-27 14:20:00+09:00,16260.0,16260.0,16190.0,16190.0,16889,0.0,0.0
2024-06-27 14:25:00+09:00,16190.0,16280.0,16190.0,16230.0,9770,0.0,0.0
2024-06-27 14:30:00+09:00,16240.0,16290.0,16230.0,16280.0,8097,0.0,0.0
2024-06-27 14:35:00+09:00,16270.0,16300.0,16190.0,16200.0,22704,0.0,0.0
2024-06-27 14:40:00+09:00,16200.0,16260.0,16190.0,16230.0,5250,0.0,0.0
2024-06-27 14:45:00+09:00,16230.0,16310.0,16220.0,16300.0,8483,0.0,0.0
2024-06-27 14:50:00+09:00,16310.0,16510.0,16270.0,16390.0,29506,0.0,0.0
2024-06-27 14:55:00+09:00,16390.0,16400.0,16330.0,16330.0,15170,0.0,0.0
2024-06-28 09:00:00+09:00,16200.0,16250.0,15880.0,16050.0,124073,0.0,0.0
2024-06-28 09:05:00+09:00,16040.0,16430.0,15990.0,16380.0,153335,0.0,0.0
2024-06-28 09:10:00+09:00,16340.0,16660.0,16310.0,16610.0,206982,0.0,0.0
2024-06-28 09:15:00+09:00,16610.0,16610.0,16400.0,16580.0,98232,0.0,0.0
2024-06-28 09:20:00+09:00,16580.0,16800.0,16470.0,16600.0,139221,0.0,0.0
2024-06-28 09:25:00+09:00,16610.0,16660.0,16440.0,16480.0,79844,0.0,0.0
2024-06-28 09:30:00+09:00,16470.0,16680.0,16390.0,16630.0,47512,0.0,0.0
2024-06-28 09:35:00+09:00,16650.0,16650.0,16450.0,16460.0,26433,0.0,0.0
2024-06-28 09:40:00+09:00,16460.0,16620.0,16450.0,16570.0,16995,0.0,0.0
2024-06-28 09:45:00+09:00,16580.0,16670.0,16510.0,16600.0,28937,0.0,0.0
2024-06-28 09:50:00+09:00,16600.0,16600.0,16420.0,16440.0,29063,0.0,0.0
2024-06-28 09:55:00+09:00,16460.0,16520.0,16390.0,16430.0,27348,0.0,0.0
2024-06-28 10:00:00+09:00,16430.0,16470.0,16380.0,16450.0,15421,0.0,0.0
2024-06-28 10:05:00+09:00,16470.0,16480.0,16390.0,16410.0,7229,0.0,0.0
2024-06-28 10:10:00+09:00,16410.0,16420.0,16300.0,16310.0,21794,0.0,0.0
2024-06-28 10:15:00+09:00,16320.0,16390.0,16300.0,16370.0,12561,0.0,0.0
2024-06-28 10:20:00+09:00,16370.0,16530.0,16370.0,16530.0,19685,0.0,0.0
2024-06-28 10:25:00+09:00,16520.0,16580.0,16510.0,16520.0,10443,0.0,0.0
2024-06-28 10:30:00+09:00,16520.0,16550.0,16440.0,16470.0,12927,0.0,0.0
2024-06-28 10:35:00+09:00,16470.0,16480.0,16450.0,16480.0,7930,0.0,0.0
2024-06-28 10:40:00+09:00,16460.0,16950.0,16450.0,16940.0,167423,0.0,0.0
2024-06-28 10:45:00+09:00,16920.0,16940.0,16660.0,16730.0,196697,0.0,0.0
2024-06-28 10:50:00+09:00,16730.0,16730.0,16500.0,16590.0,61491,0.0,0.0
2024-06-28 10:55:00+09:00,16580.0,16600.0,16500.0,16540.0,32475,0.0,0.0
2024-06-28 11:00:00+09:00,16520.0,16540.0,16380.0,16400.0,52743,0.0,0.0
2024-06-28 11:05:00+09:00,16390.0,16540.0,16350.0,16490.0,30399,0.0,0.0
2024-06-28 11:10:00+09:00,16500.0,16570.0,16490.0,16540.0,17746,0.0,0.0
2024-06-28 11:15:00+09:00,16530.0,16610.0,16500.0,16570.0,12246,0.0,0.0
2024-06-28 11:20:00+09:00,16570.0,16630.0,16510.0,16590.0,10090,0.0,0.0
2024-06-28 11:25:00+09:00,16590.0,16630.0,16550.0,16550.0,9973,0.0,0.0
2024-06-28 11:30:00+09:00,16550.0,16580.0,16530.0,16550.0,4276,0.0,0.0
2024-06-28 11:35:00+09:00,16550.0,16630.0,16550.0,16610.0,6099,0.0,0.0
2024-06-28 11:40:00+09:00,16610.0,16610.0,16510.0,16530.0,10667,0.0,0.0
2024-06-28 11:45:00+09:00,16560.0,16830.0,16540.0,16800.0,81534,0.0,0.0
2024-06-28 11:50:00+09:00,16800.0,16810.0,16640.0,16730.0,48699,0.0,0.0
2024-06-28 11:55:00+09:00,16720.0,16800.0,16670.0,16760.0,13994,0.0,0.0
2024-06-28 12:00:00+09:00,16760.0,17100.0,16750.0,16950.0,289740,0.0,0.0
2024-06-28 12:05:00+09:00,16950.0,17010.0,16820.0,16850.0,90306,0.0,0.0
2024-06-28 12:10:00+09:00,16850.0,16940.0,16780.0,16840.0,44030,0.0,0.0
2024-06-28 12:15:00+09:00,16840.0,16880.0,16660.0,16750.0,54619,0.0,0.0
2024-06-28 12:20:00+09:00,16750.0,16860.0,16710.0,16840.0,22109,0.0,0.0
2024-06-28 12:25:00+09:00,16830.0,16890.0,16790.0,16830.0,16450,0.0,0.0
2024-06-28 12:30:00+09:00,16820.0,16910.0,16810.0,16860.0,15926,0.0,0.0
2024-06-28 12:35:00+09:00,16850.0,16910.0,16790.0,16900.0,20808,0.0,0.0
2024-06-28 12:40:00+09:00,16900.0,16950.0,16880.0,16880.0,29481,0.0,0.0
2024-06-28 12:45:00+09:00,16880.0,16910.0,16800.0,16860.0,18232,0.0,0.0
2024-06-28 12:50:00+09:00,16860.0,16890.0,16740.0,16850.0,20443,0.0,0.0
2024-06-28 12:55:00+09:00,16850.0,16870.0,16730.0,16740.0,8463,0.0,0.0
2024-06-28 13:00:00+09:00,16740.0,16780.0,16700.0,16710.0,22675,0.0,0.0
2024-06-28 13:05:00+09:00,16700.0,16730.0,16660.0,16730.0,19328,0.0,0.0
2024-06-28 13:10:00+09:00,16720.0,16760.0,16670.0,16670.0,13769,0.0,0.0
2024-06-28 13:15:00+09:00,16680.0,16760.0,16680.0,16700.0,10913,0.0,0.0
2024-06-28 13:20:00+09:00,16700.0,16740.0,16680.0,16740.0,7302,0.0,0.0
2024-06-28 13:25:00+09:00,16740.0,16900.0,16730.0,16870.0,16528,0.0,0.0
2024-06-28 13:30:00+09:00,16870.0,16870.0,16790.0,16850.0,9726,0.0,0.0
2024-06-28 13:35:00+09:00,16830.0,17120.0,16770.0,16830.0,164965,0.0,0.0
2024-06-28 13:40:00+09:00,16830.0,16840.0,16740.0,16810.0,35152,0.0,0.0
2024-06-28 13:45:00+09:00,16780.0,16870.0,16740.0,16870.0,9765,0.0,0.0
2024-06-28 13:50:00+09:00,16860.0,16890.0,16810.0,16860.0,12582,0.0,0.0
2024-06-28 13:55:00+09:00,16860.0,16890.0,16760.0,16870.0,14640,0.0,0.0
2024-06-28 14:00:00+09:00,16880.0,16890.0,16770.0,16840.0,14474,0.0,0.0
2024-06-28 14:05:00+09:00,16850.0,16860.0,16710.0,16740.0,22781,0.0,0.0
2024-06-28 14:10:00+09:00,16730.0,16810.0,16700.0,16700.0,19233,0.0,0.0
2024-06-28 14:15:00+09:00,16700.0,16730.0,16570.0,16590.0,43982,0.0,0.0
2024-06-28 14:20:00+09:00,16590.0,16700.0,16590.0,16700.0,11229,0.0,0.0
2024-06-28 14:25:00+09:00,16690.0,16710.0,16620.0,16630.0,10881,0.0,0.0
2024-06-28 14:30:00+09:00,16620.0,16660.0,16590.0,16590.0,10778,0.0,0.0
2024-06-28 14:35:00+09:00,16590.0,16650.0,16560.0,16630.0,8945,0.0,0.0
2024-06-28 14:40:00+09:00,16630.0,16700.0,16560.0,16630.0,17384,0.0,0.0
2024-06-28 14:45:00+09:00,16630.0,16710.0,16630.0,16680.0,10560,0.0,0.0
2024-06-28 14:50:00+09:00,16670.0,16750.0,16650.0,16730.0,11137,0.0,0.0
2024-06-28 14:55:00+09:00,16720.0,16730.0,16650.0,16700.0,9033,0.0,0.0
2024-07-01 09:00:00+09:00,16550.0,16620.0,16100.0,16410.0,0,0.0,0.0
2024-07-01 09:05:00+09:00,16410.0,16490.0,16270.0,16430.0,47683,0.0,0.0
2024-07-01 09:10:00+09:00,16430.0,16830.0,16360.0,16690.0,68108,0.0,0.0
2024-07-01 09:15:00+09:00,16680.0,17260.0,16610.0,17250.0,158487,0.0,0.0
2024-07-01 09:20:00+09:00,17240.0,17890.0,17130.0,17840.0,619472,0.0,0.0
2024-07-01 09:25:00+09:00,17840.0,17920.0,16400.0,16450.0,602479,0.0,0.0
2024-07-01 09:30:00+09:00,16450.0,16600.0,16420.0,16480.0,98069,0.0,0.0
2024-07-01 09:35:00+09:00,16480.0,16730.0,16470.0,16670.0,42293,0.0,0.0
2024-07-01 09:40:00+09:00,16660.0,16730.0,16560.0,16580.0,26228,0.0,0.0
2024-07-01 09:45:00+09:00,16610.0,16710.0,16520.0,16540.0,26437,0.0,0.0
2024-07-01 09:50:00+09:00,16540.0,16690.0,16530.0,16610.0,12857,0.0,0.0
2024-07-01 09:55:00+09:00,16610.0,16610.0,16450.0,16470.0,37306,0.0,0.0
2024-07-01 10:00:00+09:00,16460.0,16500.0,16330.0,16340.0,44476,0.0,0.0
2024-07-01 10:05:00+09:00,16330.0,16410.0,16320.0,16330.0,27005,0.0,0.0
2024-07-01 10:10:00+09:00,16340.0,16420.0,16310.0,16350.0,15496,0.0,0.0
2024-07-01 10:15:00+09:00,16340.0,16370.0,16310.0,16320.0,20105,0.0,0.0
2024-07-01 10:20:00+09:00,16320.0,16320.0,16220.0,16270.0,43064,0.0,0.0
2024-07-01 10:25:00+09:00,16270.0,16280.0,16170.0,16220.0,37803,0.0,0.0
2024-07-01 10:30:00+09:00,16220.0,16290.0,16220.0,16280.0,8513,0.0,0.0
2024-07-01 10:35:00+09:00,16280.0,16340.0,16260.0,16340.0,9947,0.0,0.0
2024-07-01 10:40:00+09:00,16340.0,16370.0,16280.0,16300.0,7206,0.0,0.0
2024-07-01 10:45:00+09:00,16300.0,16390.0,16260.0,16270.0,14725,0.0,0.0
2024-07-01 10:50:00+09:00,16270.0,16330.0,16210.0,16260.0,6284,0.0,0.0
2024-07-01 10:55:00+09:00,16280.0,16280.0,16230.0,16270.0,3835,0.0,0.0
2024-07-01 11:00:00+09:00,16260.0,16270.0,16200.0,16220.0,11246,0.0,0.0
2024-07-01 11:05:00+09:00,16210.0,16230.0,16190.0,16220.0,7398,0.0,0.0
2024-07-01 11:10:00+09:00,16200.0,16220.0,16170.0,16180.0,11855,0.0,0.0
2024-07-01 11:15:00+09:00,16190.0,16190.0,16170.0,16180.0,5446,0.0,0.0
2024-07-01 11:20:00+09:00,16180.0,16250.0,16180.0,16240.0,3356,0.0,0.0
2024-07-01 11:25:00+09:00,16220.0,16240.0,16200.0,16200.0,6216,0.0,0.0
2024-07-01 11:30:00+09:00,16200.0,16210.0,16180.0,16190.0,3808,0.0,0.0
2024-07-01 11:35:00+09:00,16200.0,16220.0,16190.0,16210.0,2983,0.0,0.0
2024-07-01 11:40:00+09:00,16200.0,16240.0,16180.0,16220.0,4917,0.0,0.0
2024-07-01 11:45:00+09:00,16230.0,16250.0,16180.0,16180.0,11056,0.0,0.0
2024-07-01 11:50:00+09:00,16180.0,16190.0,16170.0,16180.0,6200,0.0,0.0
2024-07-01 11:55:00+09:00,16170.0,16180.0,16160.0,16170.0,6284,0.0,0.0
2024-07-01 12:00:00+09:00,16170.0,16170.0,16140.0,16140.0,7759,0.0,0.0
2024-07-01 12:05:00+09:00,16140.0,16150.0,16130.0,16130.0,11168,0.0,0.0
2024-07-01 12:10:00+09:00,16130.0,16140.0,16100.0,16100.0,29576,0.0,0.0
2024-07-01 12:15:00+09:00,16110.0,16140.0,16100.0,16100.0,18553,0.0,0.0
2024-07-01 12:20:00+09:00,16100.0,16120.0,16020.0,16110.0,24068,0.0,0.0
2024-07-01 12:25:00+09:00,16110.0,16140.0,16050.0,16080.0,7506,0.0,0.0
2024-07-01 12:30:00+09:00,16080.0,16100.0,16050.0,16090.0,5245,0.0,0.0
2024-07-01 12:35:00+09:00,16090.0,16190.0,16080.0,16140.0,18778,0.0,0.0
2024-07-01 12:40:00+09:00,16140.0,16150.0,16080.0,16090.0,4052,0.0,0.0
2024-07-01 12:45:00+09:00,16110.0,16160.0,16090.0,16150.0,2009,0.0,0.0
2024-07-01 12:50:00+09:00,16150.0,16170.0,16150.0,16160.0,1177,0.0,0.0
2024-07-01 12:55:00+09:00,16160.0,16240.0,16160.0,16210.0,4544,0.0,0.0
2024-07-01 13:00:00+09:00,16210.0,16230.0,16190.0,16190.0,4773,0.0,0.0
2024-07-01 13:05:00+09:00,16190.0,16220.0,16190.0,16220.0,2491,0.0,0.0
2024-07-01 13:10:00+09:00,16220.0,16280.0,16190.0,16270.0,11257,0.0,0.0
2024-07-01 13:15:00+09:00,16270.0,16290.0,16210.0,16230.0,4697,0.0,0.0
2024-07-01 13:20:00+09:00,16250.0,16310.0,16230.0,16260.0,7621,0.0,0.0
2024-07-01 13:25:00+09:00,16270.0,16280.0,16200.0,16200.0,3282,0.0,0.0
2024-07-01 13:30:00+09:00,16210.0,16250.0,16180.0,16190.0,3576,0.0,0.0
2024-07-01 13:35:00+09:00,16190.0,16200.0,16160.0,16180.0,5177,0.0,0.0
2024-07-01 13:40:00+09:00,16180.0,16190.0,16130.0,16130.0,5622,0.0,0.0
2024-07-01 13:45:00+09:00,16160.0,16190.0,16130.0,16140.0,3892,0.0,0.0
2024-07-01 13:50:00+09:00,16140.0,16200.0,16140.0,16200.0,3386,0.0,0.0
2024-07-01 13:55:00+09:00,16190.0,16200.0,16170.0,16190.0,3624,0.0,0.0
2024-07-01 14:00:00+09:00,16200.0,16250.0,16190.0,16210.0,4234,0.0,0.0
2024-07-01 14:05:00+09:00,16210.0,16240.0,16210.0,16220.0,2583,0.0,0.0
2024-07-01 14:10:00+09:00,16220.0,16390.0,16220.0,16340.0,12104,0.0,0.0
2024-07-01 14:15:00+09:00,16350.0,16400.0,16340.0,16370.0,8437,0.0,0.0
2024-07-01 14:20:00+09:00,16380.0,16440.0,16370.0,16410.0,9765,0.0,0.0
2024-07-01 14:25:00+09:00,16410.0,16420.0,16370.0,16370.0,9120,0.0,0.0
2024-07-01 14:30:00+09:00,16370.0,16420.0,16370.0,16400.0,6271,0.0,0.0
2024-07-01 14:35:00+09:00,16410.0,16460.0,16400.0,16430.0,11273,0.0,0.0
2024-07-01 14:40:00+09:00,16430.0,16430.0,16320.0,16330.0,6876,0.0,0.0
2024-07-01 14:45:00+09:00,16320.0,16390.0,16290.0,16360.0,9011,0.0,0.0
2024-07-01 14:50:00+09:00,16360.0,16400.0,16340.0,16380.0,3939,0.0,0.0
2024-07-01 14:55:00+09:00,16380.0,16510.0,16350.0,16460.0,17802,0.0,0.0
2024-07-02 09:00:00+09:00,16420.0,16870.0,16350.0,16760.0,157107,0.0,0.0
2024-07-02 09:05:00+09:00,16760.0,16930.0,16240.0,16500.0,166492,0.0,0.0
2024-07-02 09:10:00+09:00,16500.0,16570.0,16340.0,16440.0,33164,0.0,0.0
2024-07-02 09:15:00+09:00,16440.0,16450.0,16280.0,16390.0,31626,0.0,0.0
2024-07-02 09:20:00+09:00,16380.0,16710.0,16380.0,16670.0,52363,0.0,0.0
2024-07-02 09:25:00+09:00,16660.0,16760.0,16590.0,16680.0,30924,0.0,0.0
2024-07-02 09:30:00+09:00,16680.0,16800.0,16660.0,16720.0,39146,0.0,0.0
2024-07-02 09:35:00+09:00,16730.0,16840.0,16540.0,16830.0,38051,0.0,0.0
2024-07-02 09:40:00+09:00,16830.0,16830.0,16460.0,16550.0,39079,0.0,0.0
2024-07-02 09:45:00+09:00,16560.0,16660.0,16520.0,16640.0,18801,0.0,0.0
2024-07-02 09:50:00+09:00,16640.0,16750.0,16610.0,16700.0,24854,0.0,0.0
2024-07-02 09:55:00+09:00,16690.0,16830.0,16670.0,16730.0,53576,0.0,0.0
2024-07-02 10:00:00+09:00,16730.0,16770.0,16610.0,16620.0,16186,0.0,0.0
2024-07-02 10:05:00+09:00,16620.0,16740.0,16580.0,16630.0,14272,0.0,0.0
2024-07-02 10:10:00+09:00,16630.0,16640.0,16530.0,16540.0,16808,0.0,0.0
2024-07-02 10:15:00+09:00,16540.0,16590.0,16520.0,16550.0,10412,0.0,0.0
2024-07-02 10:20:00+09:00,16580.0,16610.0,16470.0,16470.0,14344,0.0,0.0
2024-07-02 10:25:00+09:00,16470.0,16480.0,16360.0,16470.0,25592,0.0,0.0
2024-07-02 10:30:00+09:00,16460.0,16560.0,16430.0,16510.0,6879,0.0,0.0
2024-07-02 10:35:00+09:00,16500.0,16500.0,16360.0,16360.0,11430,0.0,0.0
2024-07-02 10:40:00+09:00,16350.0,16400.0,16320.0,16340.0,24840,0.0,0.0
2024-07-02 10:45:00+09:00,16330.0,16350.0,16200.0,16200.0,38738,0.0,0.0
2024-07-02 10:50:00+09:00,16180.0,16290.0,16140.0,16290.0,25483,0.0,0.0
2024-07-02 10:55:00+09:00,16300.0,16310.0,16250.0,16250.0,5139,0.0,0.0
2024-07-02 11:00:00+09:00,16250.0,16320.0,16250.0,16300.0,4110,0.0,0.0
2024-07-02 11:05:00+09:00,16290.0,16300.0,16270.0,16300.0,1263,0.0,0.0
2024-07-02 11:10:00+09:00,16300.0,16310.0,16260.0,16300.0,5519,0.0,0.0
2024-07-02 11:15:00+09:00,16300.0,16320.0,16280.0,16290.0,1944,0.0,0.0
2024-07-02 11:20:00+09:00,16290.0,16380.0,16260.0,16370.0,7794,0.0,0.0
2024-07-02 11:25:00+09:00,16340.0,16640.0,16340.0,16560.0,21631,0.0,0.0
2024-07-02 11:30:00+09:00,16570.0,16600.0,16450.0,16490.0,13162,0.0,0.0
2024-07-02 11:35:00+09:00,16460.0,16470.0,16350.0,16370.0,6688,0.0,0.0
2024-07-02 11:40:00+09:00,16370.0,16420.0,16370.0,16410.0,1180,0.0,0.0
2024-07-02 11:45:00+09:00,16410.0,16480.0,16380.0,16420.0,2691,0.0,0.0
2024-07-02 11:50:00+09:00,16430.0,16510.0,16410.0,16500.0,2774,0.0,0.0
2024-07-02 11:55:00+09:00,16500.0,16540.0,16450.0,16530.0,6658,0.0,0.0
2024-07-02 12:00:00+09:00,16530.0,16530.0,16430.0,16450.0,5809,0.0,0.0
2024-07-02 12:05:00+09:00,16440.0,16480.0,16350.0,16360.0,9304,0.0,0.0
2024-07-02 12:10:00+09:00,16380.0,16380.0,16270.0,16290.0,11455,0.0,0.0
2024-07-02 12:15:00+09:00,16290.0,16410.0,16290.0,16360.0,3175,0.0,0.0
2024-07-02 12:20:00+09:00,16380.0,16470.0,16360.0,16410.0,4287,0.0,0.0
2024-07-02 12:25:00+09:00,16410.0,16420.0,16340.0,16360.0,6654,0.0,0.0
2024-07-02 12:30:00+09:00,16400.0,16400.0,16320.0,16370.0,4745,0.0,0.0
2024-07-02 12:35:00+09:00,16380.0,16380.0,16330.0,16350.0,3926,0.0,0.0
2024-07-02 12:40:00+09:00,16350.0,16430.0,16330.0,16410.0,4166,0.0,0.0
2024-07-02 12:45:00+09:00,16420.0,16420.0,16390.0,16390.0,2365,0.0,0.0
2024-07-02 12:50:00+09:00,16390.0,16390.0,16350.0,16350.0,5081,0.0,0.0
2024-07-02 12:55:00+09:00,16380.0,16490.0,16350.0,16490.0,7250,0.0,0.0
2024-07-02 13:00:00+09:00,16470.0,16570.0,16420.0,16510.0,8773,0.0,0.0
2024-07-02 13:05:00+09:00,16580.0,16680.0,16420.0,16420.0,25911,0.0,0.0
2024-07-02 13:10:00+09:00,16420.0,16430.0,16410.0,16410.0,3299,0.0,0.0
2024-07-02 13:15:00+09:00,16400.0,16400.0,16250.0,16320.0,24010,0.0,0.0
2024-07-02 13:20:00+09:00,16330.0,16330.0,16270.0,16270.0,3156,0.0,0.0
2024-07-02 13:25:00+09:00,16270.0,16300.0,16250.0,16300.0,8631,0.0,0.0
2024-07-02 13:30:00+09:00,16300.0,16400.0,16270.0,16400.0,3687,0.0,0.0
2024-07-02 13:35:00+09:00,16400.0,16410.0,16360.0,16370.0,3693,0.0,0.0
2024-07-02 13:40:00+09:00,16370.0,16450.0,16350.0,16440.0,5512,0.0,0.0
2024-07-02 13:45:00+09:00,16420.0,16530.0,16410.0,16450.0,11915,0.0,0.0
2024-07-02 13:50:00+09:00,16470.0,16470.0,16440.0,16450.0,4500,0.0,0.0
2024-07-02 13:55:00+09:00,16450.0,16520.0,16440.0,16480.0,8126,0.0,0.0
2024-07-02 14:00:00+09:00,16480.0,16520.0,16430.0,16430.0,9101,0.0,0.0
2024-07-02 14:05:00+09:00,16430.0,16430.0,16360.0,16360.0,11123,0.0,0.0
2024-07-02 14:10:00+09:00,16370.0,16420.0,16370.0,16400.0,2415,0.0,0.0
2024-07-02 14:15:00+09:00,16400.0,16400.0,16370.0,16380.0,1445,0.0,0.0
2024-07-02 14:20:00+09:00,16380.0,16380.0,16350.0,16350.0,6432,0.0,0.0
2024-07-02 14:25:00+09:00,16350.0,16500.0,16340.0,16480.0,12758,0.0,0.0
2024-07-02 14:30:00+09:00,16490.0,16500.0,16420.0,16450.0,6434,0.0,0.0
2024-07-02 14:35:00+09:00,16450.0,16500.0,16450.0,16490.0,5353,0.0,0.0
2024-07-02 14:40:00+09:00,16480.0,16510.0,16460.0,16510.0,7469,0.0,0.0
2024-07-02 14:45:00+09:00,16500.0,16510.0,16350.0,16370.0,19712,0.0,0.0
2024-07-02 14:50:00+09:00,16350.0,16400.0,16340.0,16400.0,5948,0.0,0.0
2024-07-02 14:55:00+09:00,16410.0,16410.0,16320.0,16390.0,12893,0.0,0.0
2024-07-03 09:00:00+09:00,16330.0,16420.0,16170.0,16320.0,54804,0.0,0.0
2024-07-03 09:05:00+09:00,16320.0,16690.0,16310.0,16680.0,92540,0.0,0.0
2024-07-03 09:10:00+09:00,16680.0,16690.0,16420.0,16450.0,36836,0.0,0.0
2024-07-03 09:15:00+09:00,16440.0,16460.0,16160.0,16300.0,52850,0.0,0.0
2024-07-03 09:20:00+09:00,16310.0,16330.0,16170.0,16170.0,19640,0.0,0.0
2024-07-03 09:25:00+09:00,16170.0,16200.0,15360.0,15530.0,168269,0.0,0.0
2024-07-03 09:30:00+09:00,15540.0,15860.0,15510.0,15840.0,62646,0.0,0.0
2024-07-03 09:35:00+09:00,15840.0,15870.0,15620.0,15780.0,23065,0.0,0.0
2024-07-03 09:40:00+09:00,15820.0,15940.0,15800.0,15820.0,27226,0.0,0.0
2024-07-03 09:45:00+09:00,15810.0,15810.0,15600.0,15610.0,25025,0.0,0.0
2024-07-03 09:50:00+09:00,15610.0,15710.0,15540.0,15700.0,17166,0.0,0.0
2024-07-03 09:55:00+09:00,15680.0,15790.0,15680.0,15720.0,11214,0.0,0.0
2024-07-03 10:00:00+09:00,15790.0,15820.0,15740.0,15750.0,7669,0.0,0.0
2024-07-03 10:05:00+09:00,15750.0,15780.0,15670.0,15670.0,9020,0.0,0.0
2024-07-03 10:10:00+09:00,15620.0,15630.0,15550.0,15560.0,21822,0.0,0.0
2024-07-03 10:15:00+09:00,15610.0,15630.0,15550.0,15550.0,14413,0.0,0.0
2024-07-03 10:20:00+09:00,15550.0,15550.0,15480.0,15480.0,21039,0.0,0.0
2024-07-03 10:25:00+09:00,15480.0,15550.0,15460.0,15470.0,14748,0.0,0.0
2024-07-03 10:30:00+09:00,15470.0,15680.0,15460.0,15630.0,13648,0.0,0.0
2024-07-03 10:35:00+09:00,15640.0,15700.0,15570.0,15620.0,4497,0.0,0.0
2024-07-03 10:40:00+09:00,15630.0,15790.0,15610.0,15780.0,5885,0.0,0.0
2024-07-03 10:45:00+09:00,15770.0,15780.0,15690.0,15700.0,2532,0.0,0.0
2024-07-03 10:50:00+09:00,15700.0,15700.0,15620.0,15650.0,6181,0.0,0.0
2024-07-03 10:55:00+09:00,15650.0,15680.0,15630.0,15660.0,3420,0.0,0.0
2024-07-03 11:00:00+09:00,15680.0,15680.0,15570.0,15570.0,8688,0.0,0.0
2024-07-03 11:05:00+09:00,15600.0,15720.0,15580.0,15710.0,3830,0.0,0.0
2024-07-03 11:10:00+09:00,15710.0,15780.0,15710.0,15760.0,7702,0.0,0.0
2024-07-03 11:15:00+09:00,15760.0,15880.0,15760.0,15870.0,8450,0.0,0.0
2024-07-03 11:20:00+09:00,15870.0,15870.0,15760.0,15780.0,12883,0.0,0.0
2024-07-03 11:25:00+09:00,15790.0,15850.0,15770.0,15840.0,3443,0.0,0.0
2024-07-03 11:30:00+09:00,15840.0,15860.0,15790.0,15850.0,3815,0.0,0.0
2024-07-03 11:35:00+09:00,15850.0,15970.0,15850.0,15910.0,9505,0.0,0.0
2024-07-03 11:40:00+09:00,15920.0,15930.0,15890.0,15900.0,3673,0.0,0.0
2024-07-03 11:45:00+09:00,15900.0,15900.0,15850.0,15880.0,3855,0.0,0.0
2024-07-03 11:50:00+09:00,15880.0,15940.0,15860.0,15940.0,3427,0.0,0.0
2024-07-03 11:55:00+09:00,15950.0,16000.0,15940.0,15980.0,12815,0.0,0.0
2024-07-03 12:00:00+09:00,15990.0,16000.0,15980.0,16000.0,2661,0.0,0.0
2024-07-03 12:05:00+09:00,15980.0,16000.0,15980.0,15990.0,2393,0.0,0.0
2024-07-03 12:10:00+09:00,15980.0,16010.0,15960.0,15990.0,2992,0.0,0.0
2024-07-03 12:15:00+09:00,15980.0,15990.0,15910.0,15910.0,4791,0.0,0.0
2024-07-03 12:20:00+09:00,15910.0,15930.0,15840.0,15880.0,7374,0.0,0.0
2024-07-03 12:25:00+09:00,15880.0,15930.0,15810.0,15910.0,3544,0.0,0.0
2024-07-03 12:30:00+09:00,15930.0,15960.0,15920.0,15930.0,1175,0.0,0.0
2024-07-03 12:35:00+09:00,15930.0,15990.0,15830.0,15860.0,4267,0.0,0.0
2024-07-03 12:40:00+09:00,15850.0,15870.0,15820.0,15820.0,2654,0.0,0.0
2024-07-03 12:45:00+09:00,15850.0,15870.0,15810.0,15810.0,2398,0.0,0.0
2024-07-03 12:50:00+09:00,15820.0,15870.0,15810.0,15830.0,4831,0.0,0.0
2024-07-03 12:55:00+09:00,15830.0,15870.0,15750.0,15750.0,9104,0.0,0.0
2024-07-03 13:00:00+09:00,15760.0,15880.0,15760.0,15810.0,3336,0.0,0.0
2024-07-03 13:05:00+09:00,15810.0,15860.0,15810.0,15860.0,765,0.0,0.0
2024-07-03 13:10:00+09:00,15870.0,15870.0,15810.0,15810.0,1849,0.0,0.0
2024-07-03 13:15:00+09:00,15810.0,15880.0,15800.0,15870.0,5257,0.0,0.0
2024-07-03 13:20:00+09:00,15880.0,15900.0,15820.0,15820.0,4505,0.0,0.0
2024-07-03 13:25:00+09:00,15820.0,15840.0,15800.0,15800.0,3394,0.0,0.0
2024-07-03 13:30:00+09:00,15830.0,15880.0,15800.0,15880.0,3048,0.0,0.0
2024-07-03 13:35:00+09:00,15870.0,15920.0,15820.0,15880.0,5479,0.0,0.0
2024-07-03 13:40:00+09:00,15900.0,15970.0,15880.0,15970.0,5546,0.0,0.0
2024-07-03 13:45:00+09:00,15970.0,16050.0,15970.0,16010.0,11961,0.0,0.0
2024-07-03 13:50:00+09:00,16010.0,16010.0,15960.0,15980.0,5618,0.0,0.0
2024-07-03 13:55:00+09:00,15970.0,16020.0,15970.0,16020.0,3259,0.0,0.0
2024-07-03 14:00:00+09:00,16020.0,16020.0,15900.0,15900.0,9824,0.0,0.0
2024-07-03 14:05:00+09:00,15900.0,15900.0,15840.0,15890.0,2333,0.0,0.0
2024-07-03 14:10:00+09:00,15890.0,15890.0,15830.0,15870.0,4446,0.0,0.0
2024-07-03 14:15:00+09:00,15870.0,15870.0,15720.0,15750.0,6920,0.0,0.0
2024-07-03 14:20:00+09:00,15750.0,15810.0,15750.0,15790.0,4129,0.0,0.0
2024-07-03 14:25:00+09:00,15790.0,15860.0,15760.0,15860.0,5127,0.0,0.0
2024-07-03 14:30:00+09:00,15860.0,15880.0,15830.0,15860.0,2548,0.0,0.0
2024-07-03 14:35:00+09:00,15860.0,15880.0,15830.0,15870.0,2529,0.0,0.0
2024-07-03 14:40:00+09:00,15870.0,15900.0,15840.0,15860.0,2913,0.0,0.0
2024-07-03 14:45:00+09:00,15860.0,15890.0,15840.0,15870.0,3433,0.0,0.0
2024-07-03 14:50:00+09:00,15870.0,15880.0,15760.0,15770.0,10353,0.0,0.0
2024-07-03 14:55:00+09:00,15760.0,15860.0,15760.0,15830.0,6077,0.0,0.0
2024-07-04 09:00:00+09:00,16230.0,16660.0,16120.0,16200.0,340993,0.0,0.0
2024-07-04 09:05:00+09:00,16230.0,16390.0,15880.0,16350.0,115568,0.0,0.0
2024-07-04 09:10:00+09:00,16340.0,16400.0,16150.0,16320.0,69797,0.0,0.0
2024-07-04 09:15:00+09:00,16310.0,16320.0,15970.0,16090.0,47257,0.0,0.0
2024-07-04 09:20:00+09:00,16050.0,16090.0,15670.0,15790.0,65673,0.0,0.0
2024-07-04 09:25:00+09:00,15790.0,15960.0,15520.0,15540.0,63620,0.0,0.0
2024-07-04 09:30:00+09:00,15540.0,15680.0,15510.0,15670.0,34154,0.0,0.0
2024-07-04 09:35:00+09:00,15670.0,15750.0,15540.0,15540.0,29301,0.0,0.0
2024-07-04 09:40:00+09:00,15530.0,15550.0,15390.0,15550.0,52416,0.0,0.0
2024-07-04 09:45:00+09:00,15550.0,15590.0,15470.0,15480.0,12342,0.0,0.0
2024-07-04 09:50:00+09:00,15480.0,15600.0,15450.0,15590.0,13834,0.0,0.0
2024-07-04 09:55:00+09:00,15560.0,15570.0,15500.0,15550.0,8499,0.0,0.0
2024-07-04 10:00:00+09:00,15550.0,15560.0,15460.0,15550.0,17131,0.0,0.0
2024-07-04 10:05:00+09:00,15550.0,15560.0,15490.0,15490.0,7670,0.0,0.0
2024-07-04 10:10:00+09:00,15500.0,15500.0,15440.0,15470.0,12565,0.0,0.0
2024-07-04 10:15:00+09:00,15470.0,15570.0,15470.0,15530.0,3284,0.0,0.0
2024-07-04 10:20:00+09:00,15530.0,15560.0,15470.0,15490.0,7417,0.0,0.0
2024-07-04 10:25:00+09:00,15490.0,15540.0,15480.0,15540.0,3908,0.0,0.0
2024-07-04 10:30:00+09:00,15540.0,15550.0,15510.0,15540.0,4144,0.0,0.0
2024-07-04 10:35:00+09:00,15540.0,15620.0,15540.0,15620.0,5579,0.0,0.0
2024-07-04 10:40:00+09:00,15620.0,15690.0,15600.0,15670.0,10248,0.0,0.0
2024-07-04 10:45:00+09:00,15670.0,15680.0,15610.0,15660.0,8146,0.0,0.0
2024-07-04 10:50:00+09:00,15660.0,15690.0,15630.0,15630.0,6284,0.0,0.0
2024-07-04 10:55:00+09:00,15620.0,15630.0,15550.0,15580.0,5887,0.0,0.0
2024-07-04 11:00:00+09:00,15570.0,15590.0,15560.0,15580.0,5554,0.0,0.0
2024-07-04 11:05:00+09:00,15580.0,15600.0,15510.0,15510.0,7083,0.0,0.0
2024-07-04 11:10:00+09:00,15510.0,15530.0,15460.0,15480.0,10692,0.0,0.0
2024-07-04 11:15:00+09:00,15470.0,15500.0,15460.0,15490.0,5084,0.0,0.0
2024-07-04 11:20:00+09:00,15490.0,15560.0,15470.0,15500.0,5898,0.0,0.0
2024-07-04 11:25:00+09:00,15500.0,15500.0,15470.0,15470.0,2640,0.0,0.0
2024-07-04 11:30:00+09:00,15480.0,15570.0,15470.0,15570.0,3865,0.0,0.0
2024-07-04 11:35:00+09:00,15570.0,15590.0,15540.0,15540.0,2697,0.0,0.0
2024-07-04 11:40:00+09:00,15530.0,15550.0,15420.0,15430.0,15051,0.0,0.0
2024-07-04 11:45:00+09:00,15420.0,15440.0,15400.0,15420.0,8644,0.0,0.0
2024-07-04 11:50:00+09:00,15420.0,15460.0,15420.0,15450.0,3681,0.0,0.0
2024-07-04 11:55:00+09:00,15430.0,15490.0,15420.0,15490.0,2446,0.0,0.0
2024-07-04 12:00:00+09:00,15490.0,15500.0,15480.0,15500.0,1814,0.0,0.0
2024-07-04 12:05:00+09:00,15500.0,15520.0,15450.0,15480.0,2173,0.0,0.0
2024-07-04 12:10:00+09:00,15480.0,15480.0,15460.0,15480.0,1171,0.0,0.0
2024-07-04 12:15:00+09:00,15480.0,15480.0,15430.0,15430.0,6995,0.0,0.0
2024-07-04 12:20:00+09:00,15440.0,15450.0,15400.0,15400.0,14179,0.0,0.0
2024-07-04 12:25:00+09:00,15400.0,15410.0,15370.0,15380.0,11558,0.0,0.0
2024-07-04 12:30:00+09:00,15380.0,15390.0,15300.0,15300.0,21369,0.0,0.0
2024-07-04 12:35:00+09:00,15310.0,15310.0,15150.0,15220.0,29118,0.0,0.0
2024-07-04 12:40:00+09:00,15220.0,15240.0,15150.0,15180.0,16841,0.0,0.0
2024-07-04 12:45:00+09:00,15180.0,15180.0,15120.0,15130.0,15405,0.0,0.0
2024-07-04 12:50:00+09:00,15130.0,15200.0,15110.0,15190.0,12106,0.0,0.0
2024-07-04 12:55:00+09:00,15190.0,15250.0,15190.0,15220.0,5778,0.0,0.0
2024-07-04 13:00:00+09:00,15220.0,15220.0,15130.0,15130.0,6331,0.0,0.0
2024-07-04 13:05:00+09:00,15130.0,15210.0,15120.0,15160.0,16550,0.0,0.0
2024-07-04 13:10:00+09:00,15160.0,15200.0,15130.0,15160.0,10889,0.0,0.0
2024-07-04 13:15:00+09:00,15160.0,15160.0,15110.0,15130.0,8652,0.0,0.0
2024-07-04 13:20:00+09:00,15140.0,15180.0,15110.0,15120.0,7407,0.0,0.0
2024-07-04 13:25:00+09:00,15120.0,15250.0,15120.0,15190.0,7907,0.0,0.0
2024-07-04 13:30:00+09:00,15190.0,15190.0,15150.0,15180.0,6481,0.0,0.0
2024-07-04 13:35:00+09:00,15190.0,15200.0,15150.0,15160.0,4014,0.0,0.0
2024-07-04 13:40:00+09:00,15150.0,15160.0,15080.0,15100.0,18531,0.0,0.0
2024-07-04 13:45:00+09:00,15130.0,15130.0,15080.0,15110.0,6982,0.0,0.0
2024-07-04 13:50:00+09:00,15120.0,15160.0,15090.0,15140.0,8277,0.0,0.0
2024-07-04 13:55:00+09:00,15150.0,15210.0,15090.0,15200.0,5093,0.0,0.0
2024-07-04 14:00:00+09:00,15200.0,15310.0,15160.0,15260.0,16054,0.0,0.0
2024-07-04 14:05:00+09:00,15270.0,15300.0,15250.0,15300.0,5666,0.0,0.0
2024-07-04 14:10:00+09:00,15300.0,15450.0,15300.0,15430.0,21049,0.0,0.0
2024-07-04 14:15:00+09:00,15430.0,15530.0,15350.0,15350.0,21033,0.0,0.0
2024-07-04 14:20:00+09:00,15350.0,15390.0,15330.0,15340.0,7077,0.0,0.0
2024-07-04 14:25:00+09:00,15340.0,15340.0,15290.0,15300.0,4592,0.0,0.0
2024-07-04 14:30:00+09:00,15300.0,15320.0,15280.0,15280.0,2390,0.0,0.0
2024-07-04 14:35:00+09:00,15280.0,15280.0,15240.0,15260.0,9469,0.0,0.0
2024-07-04 14:40:00+09:00,15260.0,15340.0,15230.0,15340.0,6790,0.0,0.0
2024-07-04 14:45:00+09:00,15340.0,15390.0,15320.0,15350.0,7204,0.0,0.0
2024-07-04 14:50:00+09:00,15350.0,15370.0,15290.0,15290.0,3322,0.0,0.0
2024-07-04 14:55:00+09:00,15290.0,15310.0,15260.0,15260.0,6620,0.0,0.0
2024-07-05 09:00:00+09:00,15410.0,15570.0,15310.0,15340.0,53016,0.0,0.0
2024-07-05 09:05:00+09:00,15340.0,15410.0,15210.0,15380.0,22757,0.0,0.0
2024-07-05 09:10:00+09:00,15400.0,15460.0,15230.0,15290.0,12754,0.0,0.0
2024-07-05 09:15:00+09:00,15320.0,15450.0,15310.0,15450.0,7345,0.0,0.0
2024-07-05 09:20:00+09:00,15440.0,15500.0,15360.0,15380.0,15349,0.0,0.0
2024-07-05 09:25:00+09:00,15380.0,15380.0,15200.0,15200.0,15840,0.0,0.0
2024-07-05 09:30:00+09:00,15210.0,15300.0,15180.0,15220.0,13191,0.0,0.0
2024-07-05 09:35:00+09:00,15220.0,15360.0,15220.0,15360.0,4990,0.0,0.0
2024-07-05 09:40:00+09:00,15360.0,15400.0,15240.0,15300.0,5741,0.0,0.0
2024-07-05 09:45:00+09:00,15300.0,15320.0,15240.0,15250.0,6443,0.0,0.0
2024-07-05 09:50:00+09:00,15240.0,15280.0,15200.0,15200.0,8222,0.0,0.0
2024-07-05 09:55:00+09:00,15200.0,15240.0,15180.0,15200.0,14515,0.0,0.0
2024-07-05 10:00:00+09:00,15220.0,15230.0,15190.0,15230.0,6112,0.0,0.0
2024-07-05 10:05:00+09:00,15230.0,15230.0,15080.0,15080.0,14500,0.0,0.0
2024-07-05 10:10:00+09:00,15080.0,15140.0,15050.0,15130.0,16494,0.0,0.0
2024-07-05 10:15:00+09:00,15130.0,15130.0,15070.0,15080.0,7981,0.0,0.0
2024-07-05 10:20:00+09:00,15120.0,15190.0,15100.0,15160.0,3294,0.0,0.0
2024-07-05 10:25:00+09:00,15150.0,15200.0,15090.0,15100.0,12857,0.0,0.0
2024-07-05 10:30:00+09:00,15090.0,15100.0,15040.0,15070.0,13897,0.0,0.0
2024-07-05 10:35:00+09:00,15070.0,15070.0,14910.0,14920.0,29436,0.0,0.0
2024-07-05 10:40:00+09:00,14920.0,14930.0,14830.0,14930.0,19613,0.0,0.0
2024-07-05 10:45:00+09:00,14920.0,14930.0,14770.0,14770.0,21856,0.0,0.0
2024-07-05 10:50:00+09:00,14780.0,14820.0,14750.0,14790.0,16277,0.0,0.0
2024-07-05 10:55:00+09:00,14780.0,14790.0,14700.0,14700.0,26330,0.0,0.0
2024-07-05 11:00:00+09:00,14700.0,14790.0,14700.0,14760.0,10769,0.0,0.0
2024-07-05 11:05:00+09:00,14760.0,14790.0,14710.0,14730.0,14340,0.0,0.0
2024-07-05 11:10:00+09:00,14720.0,14730.0,14670.0,14730.0,13402,0.0,0.0
2024-07-05 11:15:00+09:00,14720.0,14720.0,14680.0,14690.0,9295,0.0,0.0
2024-07-05 11:20:00+09:00,14690.0,14750.0,14680.0,14710.0,9524,0.0,0.0
2024-07-05 11:25:00+09:00,14710.0,14770.0,14700.0,14770.0,4871,0.0,0.0
2024-07-05 11:30:00+09:00,14770.0,14860.0,14750.0,14860.0,7431,0.0,0.0
2024-07-05 11:35:00+09:00,14850.0,14860.0,14820.0,14820.0,5639,0.0,0.0
2024-07-05 11:40:00+09:00,14820.0,14820.0,14770.0,14770.0,3253,0.0,0.0
2024-07-05 11:45:00+09:00,14770.0,14800.0,14740.0,14780.0,6649,0.0,0.0
2024-07-05 11:50:00+09:00,14780.0,14780.0,14720.0,14720.0,10422,0.0,0.0
2024-07-05 11:55:00+09:00,14720.0,14760.0,14720.0,14760.0,2432,0.0,0.0
2024-07-05 12:00:00+09:00,14760.0,14870.0,14740.0,14870.0,8030,0.0,0.0
2024-07-05 12:05:00+09:00,14860.0,14940.0,14860.0,14910.0,7570,0.0,0.0
2024-07-05 12:10:00+09:00,14910.0,14930.0,14900.0,14900.0,4801,0.0,0.0
2024-07-05 12:15:00+09:00,14900.0,14950.0,14900.0,14940.0,2840,0.0,0.0
2024-07-05 12:20:00+09:00,14940.0,14950.0,14900.0,14900.0,6353,0.0,0.0
2024-07-05 12:25:00+09:00,14920.0,14930.0,14880.0,14890.0,1874,0.0,0.0
2024-07-05 12:30:00+09:00,14890.0,14890.0,14760.0,14770.0,3564,0.0,0.0
2024-07-05 12:35:00+09:00,14770.0,14780.0,14740.0,14770.0,6908,0.0,0.0
2024-07-05 12:40:00+09:00,14770.0,14800.0,14760.0,14790.0,1024,0.0,0.0
2024-07-05 12:45:00+09:00,14790.0,14800.0,14750.0,14760.0,4029,0.0,0.0
2024-07-05 12:50:00+09:00,14760.0,14770.0,14740.0,14770.0,3841,0.0,0.0
2024-07-05 12:55:00+09:00,14770.0,14830.0,14710.0,14710.0,14081,0.0,0.0
2024-07-05 13:00:00+09:00,14720.0,14750.0,14710.0,14750.0,2737,0.0,0.0
2024-07-05 13:05:00+09:00,14750.0,14830.0,14740.0,14750.0,6361,0.0,0.0
2024-07-05 13:10:00+09:00,14770.0,14770.0,14710.0,14750.0,4894,0.0,0.0
2024-07-05 13:15:00+09:00,14750.0,14750.0,14720.0,14730.0,3894,0.0,0.0
2024-07-05 13:20:00+09:00,14730.0,14730.0,14680.0,14700.0,15272,0.0,0.0
2024-07-05 13:25:00+09:00,14700.0,14720.0,14600.0,14610.0,21818,0.0,0.0
2024-07-05 13:30:00+09:00,14620.0,14700.0,14600.0,14670.0,6277,0.0,0.0
2024-07-05 13:35:00+09:00,14640.0,14670.0,14630.0,14660.0,2609,0.0,0.0
2024-07-05 13:40:00+09:00,14660.0,14660.0,14590.0,14590.0,11307,0.0,0.0
2024-07-05 13:45:00+09:00,14590.0,14610.0,14550.0,14610.0,10951,0.0,0.0
2024-07-05 13:50:00+09:00,14610.0,14620.0,14580.0,14620.0,4758,0.0,0.0
2024-07-05 13:55:00+09:00,14620.0,14620.0,14570.0,14570.0,5098,0.0,0.0
2024-07-05 14:00:00+09:00,14570.0,14580.0,14550.0,14570.0,7638,0.0,0.0
2024-07-05 14:05:00+09:00,14560.0,14570.0,14500.0,14510.0,15190,0.0,0.0
2024-07-05 14:10:00+09:00,14520.0,14570.0,14520.0,14570.0,4746,0.0,0.0
2024-07-05 14:15:00+09:00,14570.0,14590.0,14560.0,14580.0,4794,0.0,0.0
2024-07-05 14:20:00+09:00,14570.0,14590.0,14560.0,14590.0,3875,0.0,0.0
2024-07-05 14:25:00+09:00,14590.0,14650.0,14580.0,14640.0,4755,0.0,0.0
2024-07-05 14:30:00+09:00,14640.0,14650.0,14600.0,14610.0,3424,0.0,0.0
2024-07-05 14:35:00+09:00,14600.0,14620.0,14600.0,14610.0,2709,0.0,0.0
2024-07-05 14:40:00+09:00,14610.0,14620.0,14580.0,14590.0,3644,0.0,0.0
2024-07-05 14:45:00+09:00,14580.0,14590.0,14570.0,14580.0,8502,0.0,0.0
2024-07-05 14:50:00+09:00,14580.0,14580.0,14500.0,14500.0,17311,0.0,0.0
2024-07-05 14:55:00+09:00,14500.0,14560.0,14460.0,14540.0,23090,0.0,0.0
2024-07-08 09:00:00+09:00,14620.0,14630.0,14460.0,14630.0,0,0.0,0.0
2024-07-08 09:05:00+09:00,14630.0,14650.0,14510.0,14510.0,17017,0.0,0.0
2024-07-08 09:10:00+09:00,14520.0,14750.0,14510.0,14730.0,27193,0.0,0.0
2024-07-08 09:15:00+09:00,14730.0,14790.0,14650.0,14780.0,27817,0.0,0.0
2024-07-08 09:20:00+09:00,14750.0,14850.0,14750.0,14800.0,26523,0.0,0.0
2024-07-08 09:25:00+09:00,14790.0,14820.0,14690.0,14750.0,12715,0.0,0.0
2024-07-08 09:30:00+09:00,14750.0,14930.0,14720.0,14910.0,22726,0.0,0.0
2024-07-08 09:35:00+09:00,14910.0,14930.0,14810.0,14850.0,10149,0.0,0.0
2024-07-08 09:40:00+09:00,14850.0,14860.0,14760.0,14760.0,22040,0.0,0.0
2024-07-08 09:45:00+09:00,14770.0,14800.0,14760.0,14790.0,2644,0.0,0.0
2024-07-08 09:50:00+09:00,14780.0,14820.0,14770.0,14810.0,5073,0.0,0.0
2024-07-08 09:55:00+09:00,14810.0,14880.0,14790.0,14860.0,5852,0.0,0.0
2024-07-08 10:00:00+09:00,14860.0,14870.0,14810.0,14820.0,2750,0.0,0.0
2024-07-08 10:05:00+09:00,14810.0,14810.0,14780.0,14790.0,3348,0.0,0.0
2024-07-08 10:10:00+09:00,14790.0,14790.0,14690.0,14700.0,20630,0.0,0.0
2024-07-08 10:15:00+09:00,14700.0,14780.0,14700.0,14730.0,4023,0.0,0.0
2024-07-08 10:20:00+09:00,14720.0,14800.0,14710.0,14750.0,3628,0.0,0.0
2024-07-08 10:25:00+09:00,14750.0,14880.0,14740.0,14820.0,9974,0.0,0.0
2024-07-08 10:30:00+09:00,14820.0,14860.0,14810.0,14810.0,5526,0.0,0.0
2024-07-08 10:35:00+09:00,14810.0,14840.0,14720.0,14750.0,6420,0.0,0.0
2024-07-08 10:40:00+09:00,14750.0,14750.0,14710.0,14730.0,1801,0.0,0.0
2024-07-08 10:45:00+09:00,14740.0,14800.0,14730.0,14760.0,2672,0.0,0.0
2024-07-08 10:50:00+09:00,14750.0,14760.0,14730.0,14760.0,1341,0.0,0.0
2024-07-08 10:55:00+09:00,14750.0,14750.0,14730.0,14730.0,1250,0.0,0.0
2024-07-08 11:00:00+09:00,14730.0,14770.0,14720.0,14770.0,1546,0.0,0.0
2024-07-08 11:05:00+09:00,14770.0,14790.0,14770.0,14790.0,1810,0.0,0.0
2024-07-08 11:10:00+09:00,14790.0,14800.0,14780.0,14800.0,1204,0.0,0.0
2024-07-08 11:15:00+09:00,14800.0,14800.0,14770.0,14780.0,2271,0.0,0.0
2024-07-08 11:20:00+09:00,14780.0,14780.0,14750.0,14750.0,2021,0.0,0.0
2024-07-08 11:25:00+09:00,14750.0,14750.0,14650.0,14660.0,11035,0.0,0.0
2024-07-08 11:30:00+09:00,14660.0,14710.0,14650.0,14650.0,5053,0.0,0.0
2024-07-08 11:35:00+09:00,14650.0,14680.0,14620.0,14620.0,7389,0.0,0.0
2024-07-08 11:40:00+09:00,14620.0,14630.0,14570.0,14580.0,3999,0.0,0.0
2024-07-08 11:45:00+09:00,14580.0,14640.0,14570.0,14640.0,2459,0.0,0.0
2024-07-08 11:50:00+09:00,14640.0,14660.0,14570.0,14600.0,4291,0.0,0.0
2024-07-08 11:55:00+09:00,14600.0,14660.0,14600.0,14660.0,2101,0.0,0.0
2024-07-08 12:00:00+09:00,14650.0,14690.0,14640.0,14680.0,3894,0.0,0.0
2024-07-08 12:05:00+09:00,14680.0,14700.0,14680.0,14700.0,604,0.0,0.0
2024-07-08 12:10:00+09:00,14690.0,14700.0,14680.0,14680.0,1558,0.0,0.0
2024-07-08 12:15:00+09:00,14680.0,14680.0,14630.0,14640.0,1539,0.0,0.0
2024-07-08 12:20:00+09:00,14650.0,14650.0,14610.0,14650.0,1485,0.0,0.0
2024-07-08 12:25:00+09:00,14650.0,14660.0,14640.0,14640.0,830,0.0,0.0
2024-07-08 12:30:00+09:00,14640.0,14690.0,14640.0,14690.0,606,0.0,0.0
2024-07-08 12:35:00+09:00,14720.0,14740.0,14710.0,14710.0,5531,0.0,0.0
2024-07-08 12:40:00+09:00,14700.0,14700.0,14660.0,14670.0,1452,0.0,0.0
2024-07-08 12:45:00+09:00,14670.0,14730.0,14670.0,14730.0,1994,0.0,0.0
2024-07-08 12:50:00+09:00,14740.0,14770.0,14740.0,14750.0,3390,0.0,0.0
2024-07-08 12:55:00+09:00,14750.0,14770.0,14750.0,14760.0,447,0.0,0.0
2024-07-08 13:00:00+09:00,14760.0,14780.0,14750.0,14780.0,2481,0.0,0.0
2024-07-08 13:05:00+09:00,14770.0,14770.0,14700.0,14730.0,4272,0.0,0.0
2024-07-08 13:10:00+09:00,14720.0,14770.0,14710.0,14740.0,1868,0.0,0.0
2024-07-08 13:15:00+09:00,14740.0,14740.0,14720.0,14730.0,531,0.0,0.0
2024-07-08 13:20:00+09:00,14730.0,14750.0,14680.0,14680.0,4860,0.0,0.0
2024-07-08 13:25:00+09:00,14690.0,14780.0,14680.0,14780.0,7348,0.0,0.0
2024-07-08 13:30:00+09:00,14780.0,14780.0,14750.0,14750.0,827,0.0,0.0
2024-07-08 13:35:00+09:00,14760.0,14770.0,14730.0,14770.0,1594,0.0,0.0
2024-07-08 13:40:00+09:00,14760.0,14780.0,14720.0,14750.0,2693,0.0,0.0
2024-07-08 13:45:00+09:00,14730.0,14740.0,14720.0,14740.0,830,0.0,0.0
2024-07-08 13:50:00+09:00,14740.0,14800.0,14730.0,14800.0,7125,0.0,0.0
2024-07-08 13:55:00+09:00,14800.0,14820.0,14780.0,14800.0,3259,0.0,0.0
2024-07-08 14:00:00+09:00,14800.0,14800.0,14740.0,14770.0,3293,0.0,0.0
2024-07-08 14:05:00+09:00,14760.0,14790.0,14730.0,14740.0,6599,0.0,0.0
2024-07-08 14:10:00+09:00,14750.0,14770.0,14740.0,14750.0,776,0.0,0.0
2024-07-08 14:15:00+09:00,14740.0,14750.0,14730.0,14750.0,1876,0.0,0.0
2024-07-08 14:20:00+09:00,14750.0,14750.0,14730.0,14740.0,1374,0.0,0.0
2024-07-08 14:25:00+09:00,14730.0,14730.0,14720.0,14730.0,1862,0.0,0.0
2024-07-08 14:30:00+09:00,14730.0,14740.0,14720.0,14730.0,1638,0.0,0.0
2024-07-08 14:35:00+09:00,14720.0,14730.0,14720.0,14720.0,2561,0.0,0.0
2024-07-08 14:40:00+09:00,14720.0,14730.0,14670.0,14670.0,5327,0.0,0.0
2024-07-08 14:45:00+09:00,14690.0,14700.0,14680.0,14690.0,1863,0.0,0.0
2024-07-08 14:50:00+09:00,14700.0,14740.0,14700.0,14730.0,3714,0.0,0.0
2024-07-08 14:55:00+09:00,14740.0,14740.0,14710.0,14730.0,2346,0.0,0.0
2024-07-09 09:00:00+09:00,14850.0,15140.0,14850.0,15110.0,79212,0.0,0.0
2024-07-09 09:05:00+09:00,15140.0,15330.0,15100.0,15250.0,68930,0.0,0.0
2024-07-09 09:10:00+09:00,15240.0,15250.0,15070.0,15180.0,29560,0.0,0.0
2024-07-09 09:15:00+09:00,15180.0,15350.0,15130.0,15220.0,39676,0.0,0.0
2024-07-09 09:20:00+09:00,15220.0,15310.0,15200.0,15310.0,20173,0.0,0.0
2024-07-09 09:25:00+09:00,15280.0,15340.0,15250.0,15320.0,28175,0.0,0.0
2024-07-09 09:30:00+09:00,15330.0,15330.0,15150.0,15160.0,25436,0.0,0.0
2024-07-09 09:35:00+09:00,15160.0,15280.0,15150.0,15260.0,12082,0.0,0.0
2024-07-09 09:40:00+09:00,15230.0,15260.0,15170.0,15180.0,8226,0.0,0.0
2024-07-09 09:45:00+09:00,15170.0,15220.0,15140.0,15180.0,12640,0.0,0.0
2024-07-09 09:50:00+09:00,15180.0,15210.0,15120.0,15130.0,13125,0.0,0.0
2024-07-09 09:55:00+09:00,15130.0,15130.0,15010.0,15050.0,24102,0.0,0.0
2024-07-09 10:00:00+09:00,15010.0,15060.0,15010.0,15060.0,7056,0.0,0.0
2024-07-09 10:05:00+09:00,15060.0,15090.0,15020.0,15020.0,9175,0.0,0.0
2024-07-09 10:10:00+09:00,15030.0,15070.0,15030.0,15070.0,2851,0.0,0.0
2024-07-09 10:15:00+09:00,15070.0,15110.0,15040.0,15100.0,4167,0.0,0.0
2024-07-09 10:20:00+09:00,15110.0,15170.0,15110.0,15120.0,6388,0.0,0.0
2024-07-09 10:25:00+09:00,15110.0,15170.0,15090.0,15170.0,3849,0.0,0.0
2024-07-09 10:30:00+09:00,15160.0,15440.0,15160.0,15320.0,81715,0.0,0.0
2024-07-09 10:35:00+09:00,15330.0,15350.0,15250.0,15340.0,15715,0.0,0.0
2024-07-09 10:40:00+09:00,15330.0,15330.0,15250.0,15260.0,10465,0.0,0.0
2024-07-09 10:45:00+09:00,15270.0,15380.0,15200.0,15250.0,11776,0.0,0.0
2024-07-09 10:50:00+09:00,15260.0,15260.0,15150.0,15180.0,8344,0.0,0.0
2024-07-09 10:55:00+09:00,15190.0,15260.0,15160.0,15180.0,6117,0.0,0.0
2024-07-09 11:00:00+09:00,15180.0,15280.0,15180.0,15280.0,2827,0.0,0.0
2024-07-09 11:05:00+09:00,15270.0,15320.0,15250.0,15320.0,7590,0.0,0.0
2024-07-09 11:10:00+09:00,15320.0,15350.0,15300.0,15340.0,7952,0.0,0.0
2024-07-09 11:15:00+09:00,15330.0,15410.0,15310.0,15360.0,14664,0.0,0.0
2024-07-09 11:20:00+09:00,15370.0,15480.0,15360.0,15480.0,33890,0.0,0.0
2024-07-09 11:25:00+09:00,15470.0,15650.0,15470.0,15500.0,107824,0.0,0.0
2024-07-09 11:30:00+09:00,15510.0,15520.0,15340.0,15350.0,36170,0.0,0.0
2024-07-09 11:35:00+09:00,15350.0,15450.0,15320.0,15440.0,14771,0.0,0.0
2024-07-09 11:40:00+09:00,15430.0,15450.0,15370.0,15430.0,7939,0.0,0.0
2024-07-09 11:45:00+09:00,15420.0,15430.0,15310.0,15310.0,20160,0.0,0.0
2024-07-09 11:50:00+09:00,15310.0,15350.0,15230.0,15290.0,18303,0.0,0.0
2024-07-09 11:55:00+09:00,15290.0,15300.0,15270.0,15280.0,3389,0.0,0.0
2024-07-09 12:00:00+09:00,15280.0,15340.0,15250.0,15340.0,4597,0.0,0.0
2024-07-09 12:05:00+09:00,15340.0,15340.0,15310.0,15310.0,3866,0.0,0.0
2024-07-09 12:10:00+09:00,15310.0,15320.0,15280.0,15310.0,2879,0.0,0.0
2024-07-09 12:15:00+09:00,15310.0,15320.0,15280.0,15300.0,1673,0.0,0.0
2024-07-09 12:20:00+09:00,15300.0,15360.0,15290.0,15350.0,6672,0.0,0.0
2024-07-09 12:25:00+09:00,15350.0,15350.0,15280.0,15280.0,7371,0.0,0.0
2024-07-09 12:30:00+09:00,15290.0,15330.0,15290.0,15320.0,897,0.0,0.0
2024-07-09 12:35:00+09:00,15330.0,15340.0,15320.0,15340.0,2728,0.0,0.0
2024-07-09 12:40:00+09:00,15340.0,15360.0,15340.0,15360.0,1634,0.0,0.0
2024-07-09 12:45:00+09:00,15370.0,15370.0,15320.0,15330.0,5256,0.0,0.0
2024-07-09 12:50:00+09:00,15320.0,15320.0,15290.0,15290.0,4881,0.0,0.0
2024-07-09 12:55:00+09:00,15290.0,15290.0,15240.0,15270.0,10053,0.0,0.0
2024-07-09 13:00:00+09:00,15270.0,15330.0,15260.0,15320.0,2915,0.0,0.0
2024-07-09 13:05:00+09:00,15310.0,15320.0,15300.0,15320.0,2882,0.0,0.0
2024-07-09 13:10:00+09:00,15320.0,15340.0,15300.0,15340.0,3558,0.0,0.0
2024-07-09 13:15:00+09:00,15340.0,15360.0,15310.0,15340.0,5013,0.0,0.0
2024-07-09 13:20:00+09:00,15330.0,15350.0,15250.0,15250.0,5562,0.0,0.0
2024-07-09 13:25:00+09:00,15250.0,15270.0,15220.0,15260.0,9002,0.0,0.0
2024-07-09 13:30:00+09:00,15240.0,15250.0,15220.0,15250.0,2313,0.0,0.0
2024-07-09 13:35:00+09:00,15250.0,15250.0,15210.0,15230.0,6272,0.0,0.0
2024-07-09 13:40:00+09:00,15220.0,15240.0,15190.0,15210.0,7120,0.0,0.0
2024-07-09 13:45:00+09:00,15210.0,15230.0,15180.0,15230.0,6365,0.0,0.0
2024-07-09 13:50:00+09:00,15230.0,15270.0,15210.0,15260.0,4832,0.0,0.0
2024-07-09 13:55:00+09:00,15230.0,15280.0,15230.0,15260.0,3529,0.0,0.0
2024-07-09 14:00:00+09:00,15270.0,15400.0,15260.0,15350.0,21945,0.0,0.0
2024-07-09 14:05:00+09:00,15350.0,15420.0,15350.0,15390.0,18368,0.0,0.0
2024-07-09 14:10:00+09:00,15400.0,15400.0,15360.0,15380.0,6236,0.0,0.0
2024-07-09 14:15:00+09:00,15380.0,15560.0,15360.0,15450.0,27655,0.0,0.0
2024-07-09 14:20:00+09:00,15430.0,15450.0,15300.0,15310.0,13874,0.0,0.0
2024-07-09 14:25:00+09:00,15310.0,15330.0,15280.0,15330.0,6534,0.0,0.0
2024-07-09 14:30:00+09:00,15330.0,15370.0,15310.0,15320.0,6895,0.0,0.0
2024-07-09 14:35:00+09:00,15320.0,15330.0,15270.0,15320.0,6248,0.0,0.0
2024-07-09 14:40:00+09:00,15320.0,15400.0,15310.0,15350.0,5240,0.0,0.0
2024-07-09 14:45:00+09:00,15380.0,15380.0,15330.0,15350.0,3634,0.0,0.0
2024-07-09 14:50:00+09:00,15350.0,15360.0,15320.0,15320.0,3852,0.0,0.0
2024-07-09 14:55:00+09:00,15320.0,15340.0,15320.0,15330.0,5037,0.0,0.0
2024-07-10 09:00:00+09:00,15350.0,15360.0,15100.0,15140.0,36747,0.0,0.0
2024-07-10 09:05:00+09:00,15150.0,15190.0,15090.0,15100.0,23106,0.0,0.0
2024-07-10 09:10:00+09:00,15110.0,15110.0,15050.0,15060.0,18626,0.0,0.0
2024-07-10 09:15:00+09:00,15060.0,15090.0,15030.0,15030.0,13981,0.0,0.0
2024-07-10 09:20:00+09:00,15030.0,15030.0,14800.0,14910.0,35010,0.0,0.0
2024-07-10 09:25:00+09:00,14910.0,14970.0,14880.0,14920.0,5540,0.0,0.0
2024-07-10 09:30:00+09:00,14930.0,15040.0,14920.0,15030.0,7383,0.0,0.0
2024-07-10 09:35:00+09:00,15030.0,15030.0,14960.0,14980.0,10974,0.0,0.0
2024-07-10 09:40:00+09:00,14960.0,15000.0,14910.0,15000.0,14962,0.0,0.0
2024-07-10 09:45:00+09:00,14990.0,14990.0,14910.0,14910.0,5544,0.0,0.0
2024-07-10 09:50:00+09:00,14910.0,14920.0,14900.0,14910.0,5176,0.0,0.0
2024-07-10 09:55:00+09:00,15040.0,15090.0,15000.0,15060.0,15405,0.0,0.0
2024-07-10 10:00:00+09:00,15040.0,15180.0,15010.0,15140.0,11431,0.0,0.0
2024-07-10 10:05:00+09:00,15150.0,15300.0,15070.0,15150.0,27564,0.0,0.0
2024-07-10 10:10:00+09:00,15140.0,15150.0,15080.0,15110.0,6237,0.0,0.0
2024-07-10 10:15:00+09:00,15100.0,15120.0,15070.0,15110.0,3639,0.0,0.0
2024-07-10 10:20:00+09:00,15090.0,15110.0,15070.0,15090.0,3568,0.0,0.0
2024-07-10 10:25:00+09:00,15080.0,15090.0,15030.0,15070.0,3995,0.0,0.0
2024-07-10 10:30:00+09:00,15070.0,15070.0,15050.0,15060.0,2331,0.0,0.0
2024-07-10 10:35:00+09:00,15060.0,15060.0,15050.0,15050.0,1461,0.0,0.0
2024-07-10 10:40:00+09:00,15050.0,15070.0,15050.0,15070.0,3483,0.0,0.0
2024-07-10 10:45:00+09:00,15070.0,15080.0,15050.0,15050.0,2647,0.0,0.0
2024-07-10 10:50:00+09:00,15050.0,15060.0,14990.0,14990.0,12505,0.0,0.0
2024-07-10 10:55:00+09:00,14990.0,15000.0,14970.0,14980.0,6347,0.0,0.0
2024-07-10 11:00:00+09:00,14980.0,15000.0,14940.0,14940.0,6815,0.0,0.0
2024-07-10 11:05:00+09:00,14940.0,14950.0,14930.0,14930.0,2528,0.0,0.0
2024-07-10 11:10:00+09:00,14930.0,15070.0,14930.0,15060.0,6429,0.0,0.0
2024-07-10 11:15:00+09:00,15040.0,15070.0,15000.0,15030.0,8489,0.0,0.0
2024-07-10 11:20:00+09:00,15040.0,15050.0,15010.0,15010.0,1833,0.0,0.0
2024-07-10 11:25:00+09:00,15010.0,15060.0,15010.0,15050.0,2304,0.0,0.0
2024-07-10 11:30:00+09:00,15040.0,15080.0,14990.0,14990.0,9363,0.0,0.0
2024-07-10 11:35:00+09:00,14990.0,15020.0,14980.0,14990.0,2579,0.0,0.0
2024-07-10 11:40:00+09:00,14990.0,15030.0,14960.0,15030.0,2545,0.0,0.0
2024-07-10 11:45:00+09:00,15030.0,15050.0,15010.0,15040.0,2180,0.0,0.0
2024-07-10 11:50:00+09:00,15010.0,15030.0,14960.0,15000.0,2987,0.0,0.0
2024-07-10 11:55:00+09:00,15010.0,15100.0,15010.0,15050.0,7866,0.0,0.0
2024-07-10 12:00:00+09:00,15090.0,15150.0,15070.0,15140.0,7826,0.0,0.0
2024-07-10 12:05:00+09:00,15140.0,15150.0,15030.0,15100.0,3101,0.0,0.0
2024-07-10 12:10:00+09:00,15100.0,15140.0,15070.0,15120.0,2522,0.0,0.0
2024-07-10 12:15:00+09:00,15100.0,15100.0,15080.0,15080.0,1562,0.0,0.0
2024-07-10 12:20:00+09:00,15140.0,15150.0,15110.0,15140.0,6414,0.0,0.0
2024-07-10 12:25:00+09:00,15130.0,15140.0,15080.0,15100.0,3641,0.0,0.0
2024-07-10 12:30:00+09:00,15100.0,15100.0,15070.0,15080.0,1331,0.0,0.0
2024-07-10 12:35:00+09:00,15080.0,15100.0,15080.0,15090.0,3500,0.0,0.0
2024-07-10 12:40:00+09:00,15090.0,15130.0,15070.0,15090.0,697,0.0,0.0
2024-07-10 12:45:00+09:00,15080.0,15090.0,15020.0,15020.0,6916,0.0,0.0
2024-07-10 12:50:00+09:00,15070.0,15070.0,15020.0,15060.0,1368,0.0,0.0
2024-07-10 12:55:00+09:00,15070.0,15070.0,15040.0,15040.0,1535,0.0,0.0
2024-07-10 13:00:00+09:00,15030.0,15090.0,15000.0,15090.0,8737,0.0,0.0
2024-07-10 13:05:00+09:00,15070.0,15110.0,15010.0,15050.0,2890,0.0,0.0
2024-07-10 13:10:00+09:00,15050.0,15070.0,15050.0,15060.0,1071,0.0,0.0
2024-07-10 13:15:00+09:00,15060.0,15090.0,15060.0,15090.0,1187,0.0,0.0
2024-07-10 13:20:00+09:00,15090.0,15090.0,15040.0,15040.0,2719,0.0,0.0
2024-07-10 13:25:00+09:00,15040.0,15040.0,14980.0,14980.0,4913,0.0,0.0
2024-07-10 13:30:00+09:00,14990.0,15040.0,14990.0,15010.0,2998,0.0,0.0
2024-07-10 13:35:00+09:00,15010.0,15040.0,14970.0,14970.0,6108,0.0,0.0
2024-07-10 13:40:00+09:00,14980.0,15010.0,14970.0,14980.0,1978,0.0,0.0
2024-07-10 13:45:00+09:00,14980.0,15000.0,14980.0,15000.0,2057,0.0,0.0
2024-07-10 13:50:00+09:00,15000.0,15040.0,14980.0,15010.0,3357,0.0,0.0
2024-07-10 13:55:00+09:00,15000.0,15040.0,15000.0,15000.0,3075,0.0,0.0
2024-07-10 14:00:00+09:00,15000.0,15010.0,14990.0,14990.0,4293,0.0,0.0
2024-07-10 14:05:00+09:00,14990.0,15050.0,14990.0,15050.0,3293,0.0,0.0
2024-07-10 14:10:00+09:00,15050.0,15050.0,15000.0,15030.0,1622,0.0,0.0
2024-07-10 14:15:00+09:00,15020.0,15030.0,14950.0,14950.0,12219,0.0,0.0
2024-07-10 14:20:00+09:00,14980.0,14980.0,14950.0,14950.0,4826,0.0,0.0
2024-07-10 14:25:00+09:00,14960.0,15040.0,14930.0,15020.0,10364,0.0,0.0
2024-07-10 14:30:00+09:00,15020.0,15030.0,15000.0,15020.0,3754,0.0,0.0
2024-07-10 14:35:00+09:00,15020.0,15020.0,14990.0,15000.0,1578,0.0,0.0
2024-07-10 14:40:00+09:00,15000.0,15110.0,14990.0,15080.0,9703,0.0,0.0
2024-07-10 14:45:00+09:00,15080.0,15120.0,15060.0,15120.0,3433,0.0,0.0
2024-07-10 14:50:00+09:00,15120.0,15240.0,15110.0,15230.0,14283,0.0,0.0
2024-07-10 14:55:00+09:00,15230.0,15250.0,15210.0,15230.0,9296,0.0,0.0
2024-07-11 09:00:00+09:00,15900.0,16500.0,15850.0,16450.0,243397,0.0,0.0
2024-07-11 09:05:00+09:00,16450.0,16450.0,15830.0,16050.0,105600,0.0,0.0
2024-07-11 09:10:00+09:00,16060.0,16100.0,15830.0,15910.0,62651,0.0,0.0
2024-07-11 09:15:00+09:00,15930.0,15980.0,15520.0,15680.0,66232,0.0,0.0
2024-07-11 09:20:00+09:00,15710.0,15780.0,15700.0,15770.0,9789,0.0,0.0
2024-07-11 09:25:00+09:00,15770.0,15870.0,15610.0,15630.0,37156,0.0,0.0
2024-07-11 09:30:00+09:00,15630.0,15710.0,15620.0,15660.0,8689,0.0,0.0
2024-07-11 09:35:00+09:00,15650.0,15720.0,15610.0,15660.0,15771,0.0,0.0
2024-07-11 09:40:00+09:00,15660.0,15700.0,15630.0,15700.0,8169,0.0,0.0
2024-07-11 09:45:00+09:00,15700.0,15720.0,15610.0,15610.0,18106,0.0,0.0
2024-07-11 09:50:00+09:00,15610.0,15620.0,15540.0,15540.0,26189,0.0,0.0
2024-07-11 09:55:00+09:00,15540.0,15600.0,15530.0,15580.0,14629,0.0,0.0
2024-07-11 10:00:00+09:00,15580.0,15600.0,15580.0,15590.0,4665,0.0,0.0
2024-07-11 10:05:00+09:00,15580.0,15600.0,15560.0,15590.0,7709,0.0,0.0
2024-07-11 10:10:00+09:00,15590.0,15610.0,15570.0,15590.0,7708,0.0,0.0
2024-07-11 10:15:00+09:00,15590.0,15650.0,15590.0,15640.0,4797,0.0,0.0
2024-07-11 10:20:00+09:00,15650.0,15660.0,15570.0,15590.0,12832,0.0,0.0
2024-07-11 10:25:00+09:00,15590.0,15630.0,15560.0,15560.0,7232,0.0,0.0
2024-07-11 10:30:00+09:00,15560.0,15580.0,15500.0,15500.0,24265,0.0,0.0
2024-07-11 10:35:00+09:00,15510.0,15560.0,15500.0,15550.0,8915,0.0,0.0
2024-07-11 10:40:00+09:00,15550.0,15570.0,15520.0,15570.0,5362,0.0,0.0
2024-07-11 10:45:00+09:00,15570.0,15570.0,15510.0,15520.0,7958,0.0,0.0
2024-07-11 10:50:00+09:00,15520.0,15520.0,15470.0,15470.0,10537,0.0,0.0
2024-07-11 10:55:00+09:00,15470.0,15470.0,15360.0,15380.0,24415,0.0,0.0
2024-07-11 11:00:00+09:00,15380.0,15400.0,15360.0,15380.0,7560,0.0,0.0
2024-07-11 11:05:00+09:00,15380.0,15380.0,15310.0,15340.0,17031,0.0,0.0
2024-07-11 11:10:00+09:00,15340.0,15450.0,15340.0,15440.0,7814,0.0,0.0
2024-07-11 11:15:00+09:00,15440.0,15440.0,15380.0,15400.0,4670,0.0,0.0
2024-07-11 11:20:00+09:00,15400.0,15420.0,15390.0,15400.0,3407,0.0,0.0
2024-07-11 11:25:00+09:00,15400.0,15560.0,15390.0,15440.0,5817,0.0,0.0
2024-07-11 11:30:00+09:00,15440.0,15450.0,15400.0,15400.0,1297,0.0,0.0
2024-07-11 11:35:00+09:00,15410.0,15440.0,15410.0,15440.0,829,0.0,0.0
2024-07-11 11:40:00+09:00,15440.0,15460.0,15420.0,15450.0,3198,0.0,0.0
2024-07-11 11:45:00+09:00,15440.0,15440.0,15390.0,15400.0,3002,0.0,0.0
2024-07-11 11:50:00+09:00,15410.0,15410.0,15360.0,15360.0,8592,0.0,0.0
2024-07-11 11:55:00+09:00,15360.0,15400.0,15350.0,15400.0,3041,0.0,0.0
2024-07-11 12:00:00+09:00,15390.0,15460.0,15390.0,15430.0,990,0.0,0.0
2024-07-11 12:05:00+09:00,15430.0,15430.0,15400.0,15400.0,4390,0.0,0.0
2024-07-11 12:10:00+09:00,15400.0,15430.0,15380.0,15410.0,3612,0.0,0.0
2024-07-11 12:15:00+09:00,15410.0,15520.0,15390.0,15440.0,3675,0.0,0.0
2024-07-11 12:20:00+09:00,15440.0,15440.0,15360.0,15390.0,9211,0.0,0.0
2024-07-11 12:25:00+09:00,15380.0,15390.0,15340.0,15340.0,11013,0.0,0.0
2024-07-11 12:30:00+09:00,15370.0,15370.0,15340.0,15370.0,0,0.0,0.0
2024-07-11 12:35:00+09:00,15360.0,15360.0,15320.0,15320.0,7490,0.0,0.0
2024-07-11 12:40:00+09:00,15320.0,15360.0,15310.0,15360.0,1193,0.0,0.0
2024-07-11 12:45:00+09:00,15360.0,15370.0,15350.0,15360.0,2438,0.0,0.0
2024-07-11 12:50:00+09:00,15370.0,15370.0,15350.0,15360.0,838,0.0,0.0
2024-07-11 12:55:00+09:00,15360.0,15370.0,15360.0,15360.0,1662,0.0,0.0
2024-07-11 13:00:00+09:00,15360.0,15370.0,15330.0,15330.0,6728,0.0,0.0
2024-07-11 13:05:00+09:00,15330.0,15340.0,15320.0,15320.0,5582,0.0,0.0
2024-07-11 13:10:00+09:00,15320.0,15340.0,15300.0,15340.0,7696,0.0,0.0
2024-07-11 13:15:00+09:00,15340.0,15340.0,15300.0,15310.0,5293,0.0,0.0
2024-07-11 13:20:00+09:00,15300.0,15310.0,15240.0,15250.0,17940,0.0,0.0
2024-07-11 13:25:00+09:00,15250.0,15320.0,15240.0,15310.0,3157,0.0,0.0
2024-07-11 13:30:00+09:00,15310.0,15320.0,15220.0,15220.0,13672,0.0,0.0
2024-07-11 13:35:00+09:00,15220.0,15240.0,15090.0,15130.0,20215,0.0,0.0
2024-07-11 13:40:00+09:00,15130.0,15240.0,15130.0,15220.0,1895,0.0,0.0
2024-07-11 13:45:00+09:00,15230.0,15290.0,15220.0,15260.0,1687,0.0,0.0
2024-07-11 13:50:00+09:00,15250.0,15260.0,15230.0,15240.0,2089,0.0,0.0
2024-07-11 13:55:00+09:00,15240.0,15240.0,15180.0,15190.0,4123,0.0,0.0
2024-07-11 14:00:00+09:00,15190.0,15290.0,15170.0,15280.0,7499,0.0,0.0
2024-07-11 14:05:00+09:00,15260.0,15270.0,15200.0,15260.0,9783,0.0,0.0
2024-07-11 14:10:00+09:00,15260.0,15280.0,15230.0,15260.0,2854,0.0,0.0
2024-07-11 14:15:00+09:00,15260.0,15270.0,15250.0,15260.0,483,0.0,0.0
2024-07-11 14:20:00+09:00,15260.0,15270.0,15230.0,15250.0,1201,0.0,0.0
2024-07-11 14:25:00+09:00,15250.0,15250.0,15230.0,15230.0,1155,0.0,0.0
2024-07-11 14:30:00+09:00,15240.0,15250.0,15210.0,15210.0,4462,0.0,0.0
2024-07-11 14:35:00+09:00,15220.0,15220.0,15170.0,15170.0,9689,0.0,0.0
2024-07-11 14:40:00+09:00,15170.0,15190.0,15100.0,15110.0,15824,0.0,0.0
2024-07-11 14:45:00+09:00,15110.0,15130.0,15070.0,15100.0,21300,0.0,0.0
2024-07-11 14:50:00+09:00,15070.0,15100.0,15040.0,15100.0,11820,0.0,0.0
2024-07-11 14:55:00+09:00,15100.0,15240.0,15090.0,15240.0,9926,0.0,0.0
2024-07-12 09:00:00+09:00,14500.0,14730.0,14310.0,14420.0,58268,0.0,0.0
2024-07-12 09:05:00+09:00,14420.0,14420.0,14040.0,14300.0,64533,0.0,0.0
2024-07-12 09:10:00+09:00,14290.0,14390.0,14210.0,14390.0,22464,0.0,0.0
2024-07-12 09:15:00+09:00,14370.0,14510.0,14370.0,14450.0,12474,0.0,0.0
2024-07-12 09:20:00+09:00,14450.0,14480.0,14380.0,14430.0,11894,0.0,0.0
2024-07-12 09:25:00+09:00,14440.0,14460.0,14410.0,14430.0,5649,0.0,0.0
2024-07-12 09:30:00+09:00,14430.0,14430.0,14320.0,14320.0,8170,0.0,0.0
2024-07-12 09:35:00+09:00,14320.0,14320.0,14110.0,14200.0,35890,0.0,0.0
2024-07-12 09:40:00+09:00,14200.0,14200.0,14060.0,14070.0,25515,0.0,0.0
2024-07-12 09:45:00+09:00,14070.0,14070.0,13700.0,13890.0,92313,0.0,0.0
2024-07-12 09:50:00+09:00,13900.0,13970.0,13800.0,13830.0,38917,0.0,0.0
2024-07-12 09:55:00+09:00,13820.0,14050.0,13800.0,13990.0,18591,0.0,0.0
2024-07-12 10:00:00+09:00,14000.0,14200.0,13990.0,14020.0,32234,0.0,0.0
2024-07-12 10:05:00+09:00,14020.0,14070.0,14010.0,14030.0,4595,0.0,0.0
2024-07-12 10:10:00+09:00,14030.0,14050.0,13980.0,14030.0,8274,0.0,0.0
2024-07-12 10:15:00+09:00,14030.0,14040.0,13950.0,13990.0,10150,0.0,0.0
2024-07-12 10:20:00+09:00,13990.0,14110.0,13980.0,14020.0,11959,0.0,0.0
2024-07-12 10:25:00+09:00,14100.0,14190.0,14050.0,14180.0,14334,0.0,0.0
2024-07-12 10:30:00+09:00,14180.0,14180.0,14020.0,14050.0,7832,0.0,0.0
2024-07-12 10:35:00+09:00,14080.0,14180.0,14080.0,14120.0,5704,0.0,0.0
2024-07-12 10:40:00+09:00,14130.0,14130.0,14080.0,14080.0,7499,0.0,0.0
2024-07-12 10:45:00+09:00,14080.0,14080.0,14020.0,14020.0,4740,0.0,0.0
2024-07-12 10:50:00+09:00,14030.0,14090.0,14020.0,14040.0,2209,0.0,0.0
2024-07-12 10:55:00+09:00,14040.0,14050.0,14010.0,14010.0,3593,0.0,0.0
2024-07-12 11:00:00+09:00,14030.0,14060.0,14010.0,14030.0,2161,0.0,0.0
2024-07-12 11:05:00+09:00,14040.0,14040.0,13990.0,13990.0,9084,0.0,0.0
2024-07-12 11:10:00+09:00,13990.0,14000.0,13920.0,13920.0,17982,0.0,0.0
2024-07-12 11:15:00+09:00,13920.0,13950.0,13850.0,13950.0,9582,0.0,0.0
2024-07-12 11:20:00+09:00,13950.0,13970.0,13940.0,13950.0,3557,0.0,0.0
2024-07-12 11:25:00+09:00,13960.0,13980.0,13930.0,13960.0,3421,0.0,0.0
2024-07-12 11:30:00+09:00,13980.0,14010.0,13930.0,13950.0,4090,0.0,0.0
2024-07-12 11:35:00+09:00,13950.0,13950.0,13910.0,13910.0,3142,0.0,0.0
2024-07-12 11:40:00+09:00,13910.0,13930.0,13870.0,13900.0,4019,0.0,0.0
2024-07-12 11:45:00+09:00,13910.0,13940.0,13900.0,13940.0,3703,0.0,0.0
2024-07-12 11:50:00+09:00,13940.0,13960.0,13900.0,13900.0,6797,0.0,0.0
2024-07-12 11:55:00+09:00,13900.0,13900.0,13860.0,13880.0,7022,0.0,0.0
2024-07-12 12:00:00+09:00,13900.0,14000.0,13870.0,13910.0,2721,0.0,0.0
2024-07-12 12:05:00+09:00,13910.0,14000.0,13880.0,13980.0,6569,0.0,0.0
2024-07-12 12:10:00+09:00,13980.0,13980.0,13890.0,13890.0,1215,0.0,0.0
2024-07-12 12:15:00+09:00,13920.0,13920.0,13890.0,13890.0,1926,0.0,0.0
2024-07-12 12:20:00+09:00,13880.0,13880.0,13810.0,13830.0,16911,0.0,0.0
2024-07-12 12:25:00+09:00,13830.0,13880.0,13810.0,13870.0,3644,0.0,0.0
2024-07-12 12:30:00+09:00,13850.0,13880.0,13830.0,13850.0,1939,0.0,0.0
2024-07-12 12:35:00+09:00,13860.0,13860.0,13820.0,13830.0,4910,0.0,0.0
2024-07-12 12:40:00+09:00,13840.0,13840.0,13780.0,13790.0,17180,0.0,0.0
2024-07-12 12:45:00+09:00,13790.0,13800.0,13760.0,13790.0,11201,0.0,0.0
2024-07-12 12:50:00+09:00,13790.0,13800.0,13760.0,13760.0,9064,0.0,0.0
2024-07-12 12:55:00+09:00,13770.0,13780.0,13700.0,13700.0,21755,0.0,0.0
2024-07-12 13:00:00+09:00,13710.0,13730.0,13660.0,13730.0,20585,0.0,0.0
2024-07-12 13:05:00+09:00,13730.0,13740.0,13720.0,13720.0,4600,0.0,0.0
2024-07-12 13:10:00+09:00,13710.0,13710.0,13660.0,13670.0,17026,0.0,0.0
2024-07-12 13:15:00+09:00,13670.0,13700.0,13650.0,13650.0,12083,0.0,0.0
2024-07-12 13:20:00+09:00,13660.0,13700.0,13650.0,13700.0,6618,0.0,0.0
2024-07-12 13:25:00+09:00,13700.0,13700.0,13670.0,13670.0,2746,0.0,0.0
2024-07-12 13:30:00+09:00,13680.0,13680.0,13500.0,13540.0,29987,0.0,0.0
2024-07-12 13:35:00+09:00,13550.0,13550.0,13380.0,13400.0,34528,0.0,0.0
2024-07-12 13:40:00+09:00,13400.0,13400.0,13250.0,13250.0,47570,0.0,0.0
2024-07-12 13:45:00+09:00,13250.0,13390.0,13250.0,13380.0,17122,0.0,0.0
2024-07-12 13:50:00+09:00,13390.0,13390.0,13270.0,13270.0,17081,0.0,0.0
2024-07-12 13:55:00+09:00,13270.0,13380.0,13270.0,13360.0,8615,0.0,0.0
2024-07-12 14:00:00+09:00,13360.0,13400.0,13350.0,13370.0,5202,0.0,0.0
2024-07-12 14:05:00+09:00,13380.0,13410.0,13360.0,13370.0,4310,0.0,0.0
2024-07-12 14:10:00+09:00,13370.0,13370.0,13200.0,13200.0,22901,0.0,0.0
2024-07-12 14:15:00+09:00,13200.0,13240.0,13100.0,13230.0,25693,0.0,0.0
2024-07-12 14:20:00+09:00,13230.0,13290.0,13230.0,13240.0,7000,0.0,0.0
2024-07-12 14:25:00+09:00,13240.0,13240.0,13150.0,13170.0,23452,0.0,0.0
2024-07-12 14:30:00+09:00,13170.0,13350.0,13150.0,13350.0,13065,0.0,0.0
2024-07-12 14:35:00+09:00,13330.0,13370.0,13330.0,13340.0,7524,0.0,0.0
2024-07-12 14:40:00+09:00,13350.0,13440.0,13350.0,13430.0,9160,0.0,0.0
2024-07-12 14:45:00+09:00,13400.0,13400.0,13260.0,13290.0,14450,0.0,0.0
2024-07-12 14:50:00+09:00,13290.0,13290.0,13200.0,13210.0,7609,0.0,0.0
2024-07-12 14:55:00+09:00,13220.0,13350.0,13210.0,13350.0,7189,0.0,0.0
