Datetime,Open,High,Low,Close,Volume,Dividends,Stock Splits
2024-06-14 09:00:00+09:00,257.0,258.0,257.0,258.0,2200,0.0,0.0
2024-06-14 09:25:00+09:00,257.0,257.0,257.0,257.0,300,0.0,0.0
2024-06-14 09:30:00+09:00,257.0,257.0,257.0,257.0,1000,0.0,0.0
2024-06-14 09:40:00+09:00,257.0,257.0,257.0,257.0,1000,0.0,0.0
2024-06-14 09:50:00+09:00,258.0,258.0,258.0,258.0,3400,0.0,0.0
2024-06-14 09:55:00+09:00,258.0,258.0,258.0,258.0,100,0.0,0.0
2024-06-14 10:00:00+09:00,258.0,259.0,258.0,259.0,4100,0.0,0.0
2024-06-14 10:05:00+09:00,258.0,258.0,258.0,258.0,100,0.0,0.0
2024-06-14 10:15:00+09:00,258.0,258.0,258.0,258.0,1100,0.0,0.0
2024-06-14 10:20:00+09:00,258.0,258.0,258.0,258.0,1100,0.0,0.0
2024-06-14 10:25:00+09:00,258.0,258.0,258.0,258.0,100,0.0,0.0
2024-06-14 10:35:00+09:00,259.0,259.0,259.0,259.0,100,0.0,0.0
2024-06-14 11:05:00+09:00,259.0,259.0,259.0,259.0,12300,0.0,0.0
2024-06-14 11:25:00+09:00,258.0,259.0,258.0,259.0,1200,0.0,0.0
2024-06-14 11:30:00+09:00,260.0,260.0,260.0,260.0,100,0.0,0.0
2024-06-14 11:35:00+09:00,260.0,260.0,260.0,260.0,0,0.0,0.0
2024-06-14 12:30:00+09:00,258.0,260.0,258.0,260.0,33600,0.0,0.0
2024-06-14 12:45:00+09:00,260.0,260.0,260.0,260.0,5000,0.0,0.0
2024-06-14 12:50:00+09:00,259.0,259.0,259.0,259.0,100,0.0,0.0
2024-06-14 12:55:00+09:00,259.0,259.0,259.0,259.0,1000,0.0,0.0
2024-06-14 13:00:00+09:00,259.0,259.0,259.0,259.0,200,0.0,0.0
2024-06-14 13:05:00+09:00,259.0,259.0,259.0,259.0,1100,0.0,0.0
2024-06-14 13:45:00+09:00,259.0,259.0,259.0,259.0,900,0.0,0.0
2024-06-14 13:55:00+09:00,259.0,259.0,259.0,259.0,5000,0.0,0.0
2024-06-14 14:10:00+09:00,258.0,260.0,258.0,259.0,6700,0.0,0.0
2024-06-14 14:15:00+09:00,259.0,259.0,259.0,259.0,400,0.0,0.0
2024-06-14 14:35:00+09:00,259.0,259.0,259.0,259.0,800,0.0,0.0
2024-06-14 14:40:00+09:00,260.0,260.0,260.0,260.0,200,0.0,0.0
2024-06-14 14:45:00+09:00,259.0,259.0,259.0,259.0,200,0.0,0.0
2024-06-14 14:55:00+09:00,260.0,260.0,259.0,260.0,1000,0.0,0.0
2024-06-17 09:00:00+09:00,256.0,257.0,255.0,256.0,17600,0.0,0.0
2024-06-17 09:05:00+09:00,255.0,255.0,254.0,255.0,9100,0.0,0.0
2024-06-17 09:10:00+09:00,255.0,255.0,255.0,255.0,1400,0.0,0.0
2024-06-17 09:15:00+09:00,254.0,254.0,254.0,254.0,3000,0.0,0.0
2024-06-17 09:20:00+09:00,255.0,255.0,254.0,255.0,300,0.0,0.0
2024-06-17 09:30:00+09:00,255.0,255.0,255.0,255.0,6900,0.0,0.0
2024-06-17 09:35:00+09:00,254.0,255.0,254.0,255.0,14100,0.0,0.0
2024-06-17 09:40:00+09:00,254.0,254.0,254.0,254.0,4100,0.0,0.0
2024-06-17 09:45:00+09:00,255.0,255.0,255.0,255.0,100,0.0,0.0
2024-06-17 09:50:00+09:00,254.0,254.0,254.0,254.0,100,0.0,0.0
2024-06-17 09:55:00+09:00,255.0,255.0,255.0,255.0,100,0.0,0.0
2024-06-17 10:00:00+09:00,254.0,254.0,254.0,254.0,3300,0.0,0.0
2024-06-17 10:05:00+09:00,254.0,254.0,254.0,254.0,100,0.0,0.0
2024-06-17 10:10:00+09:00,254.0,254.0,254.0,254.0,100,0.0,0.0
2024-06-17 10:15:00+09:00,254.0,254.0,253.0,254.0,3300,0.0,0.0
2024-06-17 10:20:00+09:00,253.0,253.0,253.0,253.0,500,0.0,0.0
2024-06-17 10:25:00+09:00,253.0,253.0,252.0,252.0,15700,0.0,0.0
2024-06-17 10:30:00+09:00,253.0,253.0,253.0,253.0,100,0.0,0.0
2024-06-17 10:35:00+09:00,253.0,253.0,253.0,253.0,300,0.0,0.0
2024-06-17 10:50:00+09:00,252.0,253.0,252.0,253.0,200,0.0,0.0
2024-06-17 10:55:00+09:00,253.0,253.0,253.0,253.0,100,0.0,0.0
2024-06-17 11:00:00+09:00,253.0,253.0,253.0,253.0,200,0.0,0.0
2024-06-17 11:10:00+09:00,252.0,252.0,252.0,252.0,100,0.0,0.0
2024-06-17 11:20:00+09:00,253.0,253.0,253.0,253.0,100,0.0,0.0
2024-06-17 11:25:00+09:00,253.0,253.0,253.0,253.0,200,0.0,0.0
2024-06-17 11:30:00+09:00,253.0,253.0,253.0,253.0,100,0.0,0.0
2024-06-17 11:35:00+09:00,253.0,253.0,253.0,253.0,0,0.0,0.0
2024-06-17 12:30:00+09:00,252.0,253.0,252.0,253.0,98700,0.0,0.0
2024-06-17 12:35:00+09:00,253.0,253.0,253.0,253.0,100,0.0,0.0
2024-06-17 12:40:00+09:00,253.0,253.0,253.0,253.0,200,0.0,0.0
2024-06-17 12:55:00+09:00,253.0,253.0,253.0,253.0,100,0.0,0.0
2024-06-17 13:05:00+09:00,253.0,253.0,253.0,253.0,500,0.0,0.0
2024-06-17 13:10:00+09:00,253.0,253.0,253.0,253.0,2300,0.0,0.0
2024-06-17 13:15:00+09:00,253.0,253.0,253.0,253.0,3300,0.0,0.0
2024-06-17 13:20:00+09:00,253.0,253.0,253.0,253.0,1900,0.0,0.0
2024-06-17 13:25:00+09:00,253.0,253.0,252.0,253.0,1300,0.0,0.0
2024-06-17 13:40:00+09:00,253.0,253.0,253.0,253.0,400,0.0,0.0
2024-06-17 13:50:00+09:00,253.0,253.0,253.0,253.0,100,0.0,0.0
2024-06-17 13:55:00+09:00,253.0,254.0,253.0,253.0,8900,0.0,0.0
2024-06-17 14:00:00+09:00,254.0,254.0,254.0,254.0,100,0.0,0.0
2024-06-17 14:10:00+09:00,254.0,254.0,254.0,254.0,100,0.0,0.0
2024-06-17 14:15:00+09:00,253.0,253.0,252.0,252.0,3400,0.0,0.0
2024-06-17 14:20:00+09:00,253.0,253.0,253.0,253.0,100,0.0,0.0
2024-06-17 14:35:00+09:00,254.0,254.0,254.0,254.0,200,0.0,0.0
2024-06-17 14:40:00+09:00,254.0,254.0,254.0,254.0,1000,0.0,0.0
2024-06-17 14:45:00+09:00,254.0,254.0,254.0,254.0,200,0.0,0.0
2024-06-17 14:55:00+09:00,254.0,254.0,253.0,253.0,800,0.0,0.0
2024-06-18 09:00:00+09:00,253.0,255.0,253.0,254.0,12800,0.0,0.0
2024-06-18 09:05:00+09:00,255.0,255.0,255.0,255.0,100,0.0,0.0
2024-06-18 09:15:00+09:00,254.0,254.0,254.0,254.0,4700,0.0,0.0
2024-06-18 09:20:00+09:00,254.0,254.0,254.0,254.0,1800,0.0,0.0
2024-06-18 09:25:00+09:00,254.0,254.0,253.0,254.0,3300,0.0,0.0
2024-06-18 09:35:00+09:00,254.0,254.0,254.0,254.0,1900,0.0,0.0
2024-06-18 09:40:00+09:00,254.0,254.0,254.0,254.0,200,0.0,0.0
2024-06-18 09:50:00+09:00,254.0,254.0,254.0,254.0,0,0.0,0.0
2024-06-18 09:55:00+09:00,254.0,254.0,254.0,254.0,25100,0.0,0.0
2024-06-18 10:15:00+09:00,253.0,253.0,253.0,253.0,1500,0.0,0.0
2024-06-18 10:20:00+09:00,253.0,253.0,253.0,253.0,500,0.0,0.0
2024-06-18 10:25:00+09:00,254.0,254.0,254.0,254.0,100,0.0,0.0
2024-06-18 11:05:00+09:00,254.0,254.0,254.0,254.0,200,0.0,0.0
2024-06-18 11:10:00+09:00,254.0,254.0,254.0,254.0,500,0.0,0.0
2024-06-18 11:15:00+09:00,255.0,255.0,255.0,255.0,400,0.0,0.0
2024-06-18 11:30:00+09:00,255.0,255.0,255.0,255.0,100,0.0,0.0
2024-06-18 11:35:00+09:00,255.0,255.0,255.0,255.0,0,0.0,0.0
2024-06-18 12:30:00+09:00,255.0,255.0,255.0,255.0,31000,0.0,0.0
2024-06-18 12:45:00+09:00,254.0,254.0,254.0,254.0,100,0.0,0.0
2024-06-18 12:50:00+09:00,255.0,255.0,255.0,255.0,100,0.0,0.0
2024-06-18 12:55:00+09:00,255.0,255.0,255.0,255.0,100,0.0,0.0
2024-06-18 14:05:00+09:00,255.0,255.0,255.0,255.0,5900,0.0,0.0
2024-06-18 14:15:00+09:00,254.0,254.0,254.0,254.0,1100,0.0,0.0
2024-06-18 14:20:00+09:00,254.0,254.0,254.0,254.0,1000,0.0,0.0
2024-06-18 14:25:00+09:00,254.0,254.0,254.0,254.0,3500,0.0,0.0
2024-06-18 14:30:00+09:00,254.0,254.0,254.0,254.0,500,0.0,0.0
2024-06-18 14:40:00+09:00,255.0,255.0,254.0,255.0,600,0.0,0.0
2024-06-18 14:50:00+09:00,254.0,254.0,254.0,254.0,100,0.0,0.0
2024-06-18 14:55:00+09:00,254.0,254.0,254.0,254.0,9500,0.0,0.0
2024-06-19 09:00:00+09:00,254.0,254.0,253.0,254.0,9500,0.0,0.0
2024-06-19 09:05:00+09:00,254.0,254.0,254.0,254.0,100,0.0,0.0
2024-06-19 09:10:00+09:00,253.0,254.0,253.0,254.0,8900,0.0,0.0
2024-06-19 09:15:00+09:00,254.0,254.0,254.0,254.0,100,0.0,0.0
2024-06-19 09:25:00+09:00,254.0,254.0,254.0,254.0,2000,0.0,0.0
2024-06-19 09:35:00+09:00,254.0,254.0,254.0,254.0,100,0.0,0.0
2024-06-19 09:45:00+09:00,254.0,254.0,254.0,254.0,100,0.0,0.0
2024-06-19 09:55:00+09:00,254.0,254.0,254.0,254.0,4400,0.0,0.0
2024-06-19 10:00:00+09:00,255.0,255.0,255.0,255.0,0,0.0,0.0
2024-06-19 10:15:00+09:00,255.0,255.0,255.0,255.0,25400,0.0,0.0
2024-06-19 10:40:00+09:00,255.0,255.0,255.0,255.0,300,0.0,0.0
2024-06-19 10:50:00+09:00,254.0,254.0,254.0,254.0,0,0.0,0.0
2024-06-19 11:30:00+09:00,255.0,255.0,255.0,255.0,26300,0.0,0.0
2024-06-19 11:35:00+09:00,255.0,255.0,255.0,255.0,0,0.0,0.0
2024-06-19 12:30:00+09:00,255.0,255.0,255.0,255.0,50500,0.0,0.0
2024-06-19 12:35:00+09:00,255.0,255.0,255.0,255.0,100,0.0,0.0
2024-06-19 12:45:00+09:00,254.0,255.0,254.0,254.0,2200,0.0,0.0
2024-06-19 12:50:00+09:00,254.0,254.0,254.0,254.0,1000,0.0,0.0
2024-06-19 12:55:00+09:00,254.0,254.0,254.0,254.0,900,0.0,0.0
2024-06-19 13:15:00+09:00,255.0,255.0,255.0,255.0,100,0.0,0.0
2024-06-19 13:25:00+09:00,254.0,254.0,254.0,254.0,100,0.0,0.0
2024-06-19 13:35:00+09:00,254.0,254.0,254.0,254.0,4400,0.0,0.0
2024-06-19 13:40:00+09:00,254.0,254.0,254.0,254.0,100,0.0,0.0
2024-06-19 13:55:00+09:00,254.0,255.0,254.0,255.0,200,0.0,0.0
2024-06-19 14:40:00+09:00,255.0,255.0,255.0,255.0,9700,0.0,0.0
2024-06-19 14:45:00+09:00,255.0,255.0,255.0,255.0,100,0.0,0.0
2024-06-19 14:55:00+09:00,255.0,255.0,255.0,255.0,600,0.0,0.0
2024-06-20 09:00:00+09:00,254.0,256.0,254.0,256.0,24800,0.0,0.0
2024-06-20 09:05:00+09:00,255.0,255.0,254.0,254.0,8000,0.0,0.0
2024-06-20 09:10:00+09:00,254.0,254.0,253.0,254.0,14200,0.0,0.0
2024-06-20 09:15:00+09:00,255.0,255.0,255.0,255.0,1100,0.0,0.0
2024-06-20 09:25:00+09:00,254.0,254.0,254.0,254.0,100,0.0,0.0
2024-06-20 09:35:00+09:00,255.0,255.0,255.0,255.0,400,0.0,0.0
2024-06-20 10:10:00+09:00,255.0,255.0,255.0,255.0,7400,0.0,0.0
2024-06-20 10:20:00+09:00,255.0,255.0,255.0,255.0,1300,0.0,0.0
2024-06-20 10:50:00+09:00,255.0,255.0,255.0,255.0,500,0.0,0.0
2024-06-20 11:00:00+09:00,255.0,255.0,255.0,255.0,200,0.0,0.0
2024-06-20 11:15:00+09:00,254.0,254.0,254.0,254.0,200,0.0,0.0
2024-06-20 11:30:00+09:00,255.0,255.0,255.0,255.0,500,0.0,0.0
2024-06-20 11:35:00+09:00,255.0,255.0,255.0,255.0,0,0.0,0.0
2024-06-20 12:30:00+09:00,255.0,255.0,255.0,255.0,59300,0.0,0.0
2024-06-20 12:35:00+09:00,254.0,254.0,254.0,254.0,0,0.0,0.0
2024-06-20 12:50:00+09:00,255.0,255.0,255.0,255.0,59500,0.0,0.0
2024-06-20 13:05:00+09:00,255.0,255.0,255.0,255.0,5000,0.0,0.0
2024-06-20 13:10:00+09:00,255.0,255.0,255.0,255.0,4100,0.0,0.0
2024-06-20 13:40:00+09:00,255.0,255.0,255.0,255.0,100,0.0,0.0
2024-06-20 13:45:00+09:00,254.0,254.0,254.0,254.0,100,0.0,0.0
2024-06-20 13:50:00+09:00,255.0,255.0,255.0,255.0,3800,0.0,0.0
2024-06-20 14:00:00+09:00,255.0,255.0,255.0,255.0,6200,0.0,0.0
2024-06-20 14:05:00+09:00,255.0,255.0,255.0,255.0,1400,0.0,0.0
2024-06-20 14:25:00+09:00,254.0,255.0,254.0,255.0,200,0.0,0.0
2024-06-20 14:35:00+09:00,254.0,254.0,254.0,254.0,100,0.0,0.0
2024-06-20 14:40:00+09:00,254.0,254.0,254.0,254.0,100,0.0,0.0
2024-06-20 14:45:00+09:00,254.0,255.0,254.0,255.0,200,0.0,0.0
2024-06-20 14:50:00+09:00,254.0,254.0,254.0,254.0,100,0.0,0.0
2024-06-20 14:55:00+09:00,254.0,255.0,254.0,254.0,400,0.0,0.0
2024-06-21 09:00:00+09:00,255.0,256.0,255.0,256.0,5000,0.0,0.0
2024-06-21 09:05:00+09:00,256.0,256.0,256.0,256.0,4300,0.0,0.0
2024-06-21 09:20:00+09:00,256.0,257.0,256.0,257.0,2000,0.0,0.0
2024-06-21 09:25:00+09:00,256.0,257.0,256.0,256.0,11700,0.0,0.0
2024-06-21 09:30:00+09:00,256.0,256.0,256.0,256.0,400,0.0,0.0
2024-06-21 09:50:00+09:00,256.0,256.0,256.0,256.0,1200,0.0,0.0
2024-06-21 10:50:00+09:00,255.0,255.0,255.0,255.0,200,0.0,0.0
2024-06-21 10:55:00+09:00,256.0,257.0,256.0,256.0,3100,0.0,0.0
2024-06-21 11:30:00+09:00,257.0,257.0,257.0,257.0,100,0.0,0.0
2024-06-21 11:35:00+09:00,257.0,257.0,257.0,257.0,0,0.0,0.0
2024-06-21 12:30:00+09:00,257.0,257.0,256.0,256.0,29500,0.0,0.0
2024-06-21 12:40:00+09:00,256.0,256.0,256.0,256.0,200,0.0,0.0
2024-06-21 13:10:00+09:00,255.0,255.0,255.0,255.0,400,0.0,0.0
2024-06-21 13:20:00+09:00,255.0,255.0,255.0,255.0,500,0.0,0.0
2024-06-21 13:35:00+09:00,256.0,256.0,256.0,256.0,100,0.0,0.0
2024-06-21 13:40:00+09:00,255.0,255.0,255.0,255.0,300,0.0,0.0
2024-06-21 13:45:00+09:00,256.0,256.0,256.0,256.0,200,0.0,0.0
2024-06-21 14:10:00+09:00,255.0,255.0,255.0,255.0,1000,0.0,0.0
2024-06-21 14:30:00+09:00,256.0,256.0,256.0,256.0,3100,0.0,0.0
2024-06-21 14:35:00+09:00,255.0,255.0,255.0,255.0,2700,0.0,0.0
2024-06-21 14:40:00+09:00,256.0,257.0,256.0,256.0,11400,0.0,0.0
2024-06-21 14:55:00+09:00,256.0,256.0,256.0,256.0,100,0.0,0.0
2024-06-24 09:00:00+09:00,256.0,257.0,256.0,256.0,3400,0.0,0.0
2024-06-24 09:05:00+09:00,256.0,256.0,256.0,256.0,3400,0.0,0.0
2024-06-24 09:15:00+09:00,255.0,256.0,255.0,255.0,7500,0.0,0.0
2024-06-24 09:20:00+09:00,254.0,254.0,254.0,254.0,3000,0.0,0.0
2024-06-24 09:30:00+09:00,255.0,255.0,255.0,255.0,100,0.0,0.0
2024-06-24 09:35:00+09:00,255.0,255.0,255.0,255.0,500,0.0,0.0
2024-06-24 09:45:00+09:00,254.0,254.0,254.0,254.0,1800,0.0,0.0
2024-06-24 09:55:00+09:00,255.0,255.0,255.0,255.0,100,0.0,0.0
2024-06-24 11:35:00+09:00,255.0,255.0,255.0,255.0,0,0.0,0.0
2024-06-24 12:30:00+09:00,255.0,255.0,255.0,255.0,20100,0.0,0.0
2024-06-24 12:50:00+09:00,255.0,255.0,255.0,255.0,4000,0.0,0.0
2024-06-24 13:35:00+09:00,254.0,254.0,254.0,254.0,1000,0.0,0.0
2024-06-24 13:55:00+09:00,254.0,254.0,254.0,254.0,100,0.0,0.0
2024-06-24 14:10:00+09:00,255.0,255.0,255.0,255.0,100,0.0,0.0
2024-06-24 14:20:00+09:00,255.0,256.0,254.0,256.0,31900,0.0,0.0
2024-06-24 14:30:00+09:00,256.0,257.0,256.0,257.0,3600,0.0,0.0
2024-06-24 14:35:00+09:00,256.0,256.0,256.0,256.0,700,0.0,0.0
2024-06-24 14:40:00+09:00,256.0,256.0,256.0,256.0,3000,0.0,0.0
2024-06-24 14:45:00+09:00,256.0,256.0,256.0,256.0,3100,0.0,0.0
2024-06-24 14:50:00+09:00,256.0,257.0,256.0,256.0,1800,0.0,0.0
2024-06-24 14:55:00+09:00,255.0,255.0,255.0,255.0,200,0.0,0.0
2024-06-25 09:00:00+09:00,256.0,257.0,256.0,256.0,4800,0.0,0.0
2024-06-25 09:05:00+09:00,256.0,256.0,256.0,256.0,4000,0.0,0.0
2024-06-25 09:10:00+09:00,257.0,257.0,257.0,257.0,100,0.0,0.0
2024-06-25 09:20:00+09:00,256.0,256.0,256.0,256.0,4000,0.0,0.0
2024-06-25 10:05:00+09:00,256.0,256.0,256.0,256.0,7800,0.0,0.0
2024-06-25 10:10:00+09:00,256.0,257.0,256.0,257.0,5600,0.0,0.0
2024-06-25 10:20:00+09:00,257.0,258.0,257.0,257.0,6900,0.0,0.0
2024-06-25 10:40:00+09:00,257.0,257.0,257.0,257.0,4800,0.0,0.0
2024-06-25 10:45:00+09:00,257.0,257.0,257.0,257.0,1000,0.0,0.0
2024-06-25 11:05:00+09:00,257.0,257.0,257.0,257.0,8900,0.0,0.0
2024-06-25 11:10:00+09:00,257.0,257.0,257.0,257.0,5000,0.0,0.0
2024-06-25 11:15:00+09:00,258.0,259.0,258.0,259.0,38000,0.0,0.0
2024-06-25 11:20:00+09:00,258.0,258.0,258.0,258.0,200,0.0,0.0
2024-06-25 11:25:00+09:00,259.0,259.0,259.0,259.0,10100,0.0,0.0
2024-06-25 11:35:00+09:00,259.0,259.0,259.0,259.0,0,0.0,0.0
2024-06-25 12:30:00+09:00,259.0,261.0,259.0,260.0,165200,0.0,0.0
2024-06-25 12:35:00+09:00,260.0,260.0,259.0,259.0,9500,0.0,0.0
2024-06-25 12:40:00+09:00,259.0,260.0,259.0,260.0,15800,0.0,0.0
2024-06-25 12:50:00+09:00,259.0,259.0,259.0,259.0,700,0.0,0.0
2024-06-25 12:55:00+09:00,260.0,260.0,260.0,260.0,100,0.0,0.0
2024-06-25 13:10:00+09:00,259.0,259.0,259.0,259.0,1100,0.0,0.0
2024-06-25 13:15:00+09:00,260.0,260.0,260.0,260.0,100,0.0,0.0
2024-06-25 13:40:00+09:00,259.0,259.0,259.0,259.0,1200,0.0,0.0
2024-06-25 13:55:00+09:00,260.0,260.0,260.0,260.0,0,0.0,0.0
2024-06-25 14:00:00+09:00,259.0,259.0,259.0,259.0,193900,0.0,0.0
2024-06-25 14:10:00+09:00,260.0,260.0,260.0,260.0,6900,0.0,0.0
2024-06-25 14:25:00+09:00,260.0,261.0,260.0,261.0,2500,0.0,0.0
2024-06-25 14:30:00+09:00,260.0,260.0,260.0,260.0,100,0.0,0.0
2024-06-25 14:35:00+09:00,260.0,260.0,260.0,260.0,200,0.0,0.0
2024-06-25 14:40:00+09:00,260.0,260.0,260.0,260.0,1900,0.0,0.0
2024-06-25 14:45:00+09:00,260.0,260.0,259.0,259.0,700,0.0,0.0
2024-06-25 14:50:00+09:00,260.0,261.0,260.0,260.0,300,0.0,0.0
2024-06-25 14:55:00+09:00,259.0,259.0,259.0,259.0,200,0.0,0.0
2024-06-26 09:00:00+09:00,261.0,261.0,261.0,261.0,8200,0.0,0.0
2024-06-26 09:05:00+09:00,261.0,261.0,261.0,261.0,100,0.0,0.0
2024-06-26 09:10:00+09:00,261.0,262.0,261.0,262.0,9800,0.0,0.0
2024-06-26 09:15:00+09:00,262.0,263.0,262.0,262.0,10200,0.0,0.0
2024-06-26 09:20:00+09:00,262.0,263.0,261.0,262.0,14000,0.0,0.0
2024-06-26 09:30:00+09:00,262.0,263.0,262.0,262.0,6400,0.0,0.0
2024-06-26 09:35:00+09:00,262.0,263.0,262.0,262.0,4900,0.0,0.0
2024-06-26 09:40:00+09:00,261.0,261.0,261.0,261.0,0,0.0,0.0
2024-06-26 09:50:00+09:00,261.0,262.0,261.0,262.0,63000,0.0,0.0
2024-06-26 10:00:00+09:00,261.0,261.0,261.0,261.0,2000,0.0,0.0
2024-06-26 10:10:00+09:00,261.0,261.0,261.0,261.0,4500,0.0,0.0
2024-06-26 10:30:00+09:00,262.0,263.0,262.0,263.0,6000,0.0,0.0
2024-06-26 10:35:00+09:00,263.0,263.0,263.0,263.0,400,0.0,0.0
2024-06-26 10:40:00+09:00,263.0,263.0,263.0,263.0,1700,0.0,0.0
2024-06-26 10:55:00+09:00,263.0,263.0,262.0,262.0,2700,0.0,0.0
2024-06-26 11:00:00+09:00,262.0,262.0,262.0,262.0,0,0.0,0.0
2024-06-26 11:20:00+09:00,262.0,262.0,262.0,262.0,82400,0.0,0.0
2024-06-26 11:25:00+09:00,262.0,263.0,262.0,263.0,4800,0.0,0.0
2024-06-26 11:35:00+09:00,263.0,263.0,263.0,263.0,0,0.0,0.0
2024-06-26 12:30:00+09:00,263.0,263.0,262.0,262.0,91700,0.0,0.0
2024-06-26 12:50:00+09:00,262.0,262.0,262.0,262.0,900,0.0,0.0
2024-06-26 12:55:00+09:00,262.0,262.0,262.0,262.0,100,0.0,0.0
2024-06-26 13:05:00+09:00,262.0,262.0,262.0,262.0,400,0.0,0.0
2024-06-26 13:20:00+09:00,262.0,262.0,262.0,262.0,100,0.0,0.0
2024-06-26 13:25:00+09:00,262.0,262.0,262.0,262.0,100,0.0,0.0
2024-06-26 13:35:00+09:00,262.0,262.0,262.0,262.0,100,0.0,0.0
2024-06-26 13:40:00+09:00,262.0,262.0,262.0,262.0,300,0.0,0.0
2024-06-26 13:45:00+09:00,262.0,262.0,262.0,262.0,100,0.0,0.0
2024-06-26 13:50:00+09:00,262.0,262.0,262.0,262.0,3000,0.0,0.0
2024-06-26 13:55:00+09:00,262.0,262.0,262.0,262.0,800,0.0,0.0
2024-06-26 14:05:00+09:00,262.0,262.0,262.0,262.0,1500,0.0,0.0
2024-06-26 14:20:00+09:00,262.0,262.0,262.0,262.0,300,0.0,0.0
2024-06-26 14:25:00+09:00,262.0,262.0,262.0,262.0,1000,0.0,0.0
2024-06-26 14:45:00+09:00,262.0,262.0,262.0,262.0,600,0.0,0.0
2024-06-26 14:50:00+09:00,262.0,262.0,261.0,262.0,2900,0.0,0.0
2024-06-26 14:55:00+09:00,261.0,263.0,261.0,263.0,11800,0.0,0.0
2024-06-27 09:00:00+09:00,263.0,263.0,262.0,262.0,2700,0.0,0.0
2024-06-27 09:05:00+09:00,262.0,263.0,262.0,263.0,4100,0.0,0.0
2024-06-27 09:10:00+09:00,263.0,263.0,263.0,263.0,300,0.0,0.0
2024-06-27 09:15:00+09:00,263.0,264.0,263.0,264.0,10600,0.0,0.0
2024-06-27 09:25:00+09:00,264.0,264.0,264.0,264.0,2000,0.0,0.0
2024-06-27 09:30:00+09:00,263.0,263.0,263.0,263.0,700,0.0,0.0
2024-06-27 09:35:00+09:00,264.0,264.0,263.0,263.0,6600,0.0,0.0
2024-06-27 09:40:00+09:00,263.0,263.0,263.0,263.0,1000,0.0,0.0
2024-06-27 09:55:00+09:00,263.0,263.0,263.0,263.0,100,0.0,0.0
2024-06-27 10:00:00+09:00,263.0,264.0,263.0,264.0,1200,0.0,0.0
2024-06-27 10:35:00+09:00,264.0,264.0,264.0,264.0,1500,0.0,0.0
2024-06-27 10:45:00+09:00,264.0,264.0,264.0,264.0,200,0.0,0.0
2024-06-27 11:35:00+09:00,264.0,264.0,264.0,264.0,0,0.0,0.0
2024-06-27 12:30:00+09:00,264.0,264.0,264.0,264.0,32300,0.0,0.0
2024-06-27 12:35:00+09:00,263.0,263.0,263.0,263.0,600,0.0,0.0
2024-06-27 12:45:00+09:00,263.0,263.0,263.0,263.0,4900,0.0,0.0
2024-06-27 12:50:00+09:00,264.0,264.0,264.0,264.0,3000,0.0,0.0
2024-06-27 13:20:00+09:00,263.0,263.0,263.0,263.0,300,0.0,0.0
2024-06-27 13:40:00+09:00,263.0,263.0,263.0,263.0,100,0.0,0.0
2024-06-27 13:55:00+09:00,263.0,263.0,263.0,263.0,3100,0.0,0.0
2024-06-27 14:00:00+09:00,263.0,263.0,263.0,263.0,900,0.0,0.0
2024-06-27 14:15:00+09:00,263.0,263.0,263.0,263.0,10600,0.0,0.0
2024-06-27 14:25:00+09:00,263.0,263.0,263.0,263.0,1000,0.0,0.0
2024-06-27 14:30:00+09:00,263.0,263.0,263.0,263.0,300,0.0,0.0
2024-06-27 14:35:00+09:00,264.0,264.0,264.0,264.0,100,0.0,0.0
2024-06-27 14:40:00+09:00,263.0,263.0,263.0,263.0,1000,0.0,0.0
2024-06-27 14:50:00+09:00,264.0,264.0,264.0,264.0,100,0.0,0.0
2024-06-27 14:55:00+09:00,264.0,264.0,263.0,263.0,500,0.0,0.0
2024-06-28 09:00:00+09:00,264.0,265.0,263.0,265.0,8800,0.0,0.0
2024-06-28 09:05:00+09:00,265.0,266.0,265.0,265.0,9700,0.0,0.0
2024-06-28 09:10:00+09:00,265.0,265.0,265.0,265.0,200,0.0,0.0
2024-06-28 09:20:00+09:00,265.0,265.0,265.0,265.0,600,0.0,0.0
2024-06-28 09:25:00+09:00,265.0,265.0,265.0,265.0,2600,0.0,0.0
2024-06-28 09:30:00+09:00,264.0,264.0,264.0,264.0,600,0.0,0.0
2024-06-28 09:50:00+09:00,264.0,264.0,264.0,264.0,800,0.0,0.0
2024-06-28 10:05:00+09:00,264.0,265.0,264.0,265.0,600,0.0,0.0
2024-06-28 10:10:00+09:00,264.0,264.0,264.0,264.0,100,0.0,0.0
2024-06-28 10:20:00+09:00,264.0,264.0,264.0,264.0,500,0.0,0.0
2024-06-28 10:30:00+09:00,264.0,264.0,264.0,264.0,700,0.0,0.0
2024-06-28 10:35:00+09:00,264.0,264.0,264.0,264.0,1100,0.0,0.0
2024-06-28 10:40:00+09:00,264.0,264.0,264.0,264.0,100,0.0,0.0
2024-06-28 10:45:00+09:00,264.0,264.0,263.0,263.0,2800,0.0,0.0
2024-06-28 10:50:00+09:00,263.0,263.0,263.0,263.0,1500,0.0,0.0
2024-06-28 11:00:00+09:00,263.0,263.0,263.0,263.0,200,0.0,0.0
2024-06-28 11:15:00+09:00,263.0,264.0,263.0,264.0,3100,0.0,0.0
2024-06-28 11:20:00+09:00,264.0,264.0,264.0,264.0,7200,0.0,0.0
2024-06-28 11:25:00+09:00,265.0,265.0,265.0,265.0,100,0.0,0.0
2024-06-28 11:35:00+09:00,265.0,265.0,265.0,265.0,0,0.0,0.0
2024-06-28 12:30:00+09:00,264.0,264.0,264.0,264.0,41400,0.0,0.0
2024-06-28 12:35:00+09:00,264.0,264.0,264.0,264.0,100,0.0,0.0
2024-06-28 12:55:00+09:00,264.0,264.0,264.0,264.0,100,0.0,0.0
2024-06-28 13:00:00+09:00,265.0,265.0,265.0,265.0,100,0.0,0.0
2024-06-28 13:05:00+09:00,265.0,265.0,265.0,265.0,500,0.0,0.0
2024-06-28 13:30:00+09:00,265.0,265.0,265.0,265.0,2400,0.0,0.0
2024-06-28 13:35:00+09:00,264.0,264.0,264.0,264.0,100,0.0,0.0
2024-06-28 13:55:00+09:00,264.0,264.0,264.0,264.0,1000,0.0,0.0
2024-06-28 14:05:00+09:00,264.0,264.0,264.0,264.0,100,0.0,0.0
2024-06-28 14:10:00+09:00,264.0,264.0,264.0,264.0,600,0.0,0.0
2024-06-28 14:20:00+09:00,265.0,265.0,264.0,264.0,800,0.0,0.0
2024-06-28 14:40:00+09:00,264.0,264.0,264.0,264.0,700,0.0,0.0
2024-06-28 14:45:00+09:00,264.0,264.0,264.0,264.0,300,0.0,0.0
2024-06-28 14:50:00+09:00,264.0,264.0,264.0,264.0,100,0.0,0.0
2024-06-28 14:55:00+09:00,265.0,265.0,265.0,265.0,300,0.0,0.0
2024-07-01 09:00:00+09:00,264.0,264.0,263.0,264.0,6500,0.0,0.0
2024-07-01 09:05:00+09:00,262.0,262.0,262.0,262.0,2800,0.0,0.0
2024-07-01 09:10:00+09:00,263.0,263.0,263.0,263.0,100,0.0,0.0
2024-07-01 09:20:00+09:00,262.0,262.0,261.0,261.0,2400,0.0,0.0
2024-07-01 09:30:00+09:00,262.0,262.0,262.0,262.0,100,0.0,0.0
2024-07-01 09:40:00+09:00,261.0,261.0,261.0,261.0,7100,0.0,0.0
2024-07-01 09:45:00+09:00,261.0,261.0,261.0,261.0,100,0.0,0.0
2024-07-01 09:50:00+09:00,262.0,262.0,262.0,262.0,1000,0.0,0.0
2024-07-01 09:55:00+09:00,262.0,262.0,262.0,262.0,300,0.0,0.0
2024-07-01 10:05:00+09:00,262.0,262.0,262.0,262.0,2400,0.0,0.0
2024-07-01 10:10:00+09:00,262.0,262.0,262.0,262.0,200,0.0,0.0
2024-07-01 10:30:00+09:00,262.0,262.0,262.0,262.0,1600,0.0,0.0
2024-07-01 10:45:00+09:00,262.0,262.0,262.0,262.0,1500,0.0,0.0
2024-07-01 10:55:00+09:00,263.0,263.0,263.0,263.0,100,0.0,0.0
2024-07-01 11:00:00+09:00,262.0,262.0,262.0,262.0,200,0.0,0.0
2024-07-01 11:05:00+09:00,262.0,262.0,262.0,262.0,100,0.0,0.0
2024-07-01 11:15:00+09:00,263.0,263.0,263.0,263.0,100,0.0,0.0
2024-07-01 11:20:00+09:00,263.0,263.0,262.0,262.0,2300,0.0,0.0
2024-07-01 11:30:00+09:00,263.0,263.0,263.0,263.0,300,0.0,0.0
2024-07-01 11:35:00+09:00,263.0,263.0,263.0,263.0,0,0.0,0.0
2024-07-01 12:30:00+09:00,262.0,263.0,262.0,262.0,34100,0.0,0.0
2024-07-01 12:55:00+09:00,263.0,263.0,263.0,263.0,100,0.0,0.0
2024-07-01 13:15:00+09:00,262.0,262.0,262.0,262.0,1200,0.0,0.0
2024-07-01 14:10:00+09:00,262.0,262.0,262.0,262.0,200,0.0,0.0
2024-07-01 14:20:00+09:00,262.0,262.0,262.0,262.0,4600,0.0,0.0
2024-07-01 14:30:00+09:00,262.0,262.0,262.0,262.0,400,0.0,0.0
2024-07-01 14:35:00+09:00,262.0,262.0,262.0,262.0,100,0.0,0.0
2024-07-01 14:50:00+09:00,261.0,261.0,261.0,261.0,700,0.0,0.0
2024-07-01 14:55:00+09:00,262.0,262.0,261.0,262.0,1500,0.0,0.0
2024-07-02 09:00:00+09:00,261.0,262.0,261.0,262.0,4900,0.0,0.0
2024-07-02 09:05:00+09:00,262.0,262.0,262.0,262.0,3400,0.0,0.0
2024-07-02 09:20:00+09:00,262.0,262.0,262.0,262.0,500,0.0,0.0
2024-07-02 09:25:00+09:00,262.0,262.0,262.0,262.0,200,0.0,0.0
2024-07-02 09:30:00+09:00,262.0,262.0,262.0,262.0,100,0.0,0.0
2024-07-02 09:45:00+09:00,261.0,261.0,261.0,261.0,500,0.0,0.0
2024-07-02 09:55:00+09:00,261.0,261.0,261.0,261.0,500,0.0,0.0
2024-07-02 10:00:00+09:00,261.0,261.0,261.0,261.0,300,0.0,0.0
2024-07-02 10:15:00+09:00,261.0,261.0,261.0,261.0,3000,0.0,0.0
2024-07-02 10:20:00+09:00,262.0,262.0,262.0,262.0,100,0.0,0.0
2024-07-02 10:25:00+09:00,261.0,261.0,261.0,261.0,1500,0.0,0.0
2024-07-02 10:35:00+09:00,262.0,262.0,262.0,262.0,100,0.0,0.0
2024-07-02 10:45:00+09:00,262.0,262.0,262.0,262.0,100,0.0,0.0
2024-07-02 10:50:00+09:00,262.0,262.0,262.0,262.0,0,0.0,0.0
2024-07-02 11:00:00+09:00,262.0,262.0,262.0,262.0,17700,0.0,0.0
2024-07-02 11:10:00+09:00,262.0,262.0,262.0,262.0,3400,0.0,0.0
2024-07-02 11:20:00+09:00,261.0,261.0,261.0,261.0,6500,0.0,0.0
2024-07-02 11:25:00+09:00,261.0,261.0,261.0,261.0,1100,0.0,0.0
2024-07-02 11:35:00+09:00,261.0,261.0,261.0,261.0,0,0.0,0.0
2024-07-02 12:30:00+09:00,261.0,261.0,261.0,261.0,29000,0.0,0.0
2024-07-02 12:35:00+09:00,261.0,261.0,261.0,261.0,1200,0.0,0.0
2024-07-02 12:40:00+09:00,261.0,262.0,261.0,262.0,1700,0.0,0.0
2024-07-02 12:45:00+09:00,261.0,261.0,261.0,261.0,500,0.0,0.0
2024-07-02 12:50:00+09:00,262.0,262.0,262.0,262.0,500,0.0,0.0
2024-07-02 13:00:00+09:00,262.0,262.0,262.0,262.0,15700,0.0,0.0
2024-07-02 13:15:00+09:00,262.0,262.0,262.0,262.0,2000,0.0,0.0
2024-07-02 13:50:00+09:00,262.0,262.0,262.0,262.0,5900,0.0,0.0
2024-07-02 14:15:00+09:00,262.0,262.0,262.0,262.0,500,0.0,0.0
2024-07-02 14:20:00+09:00,262.0,262.0,262.0,262.0,500,0.0,0.0
2024-07-03 09:00:00+09:00,262.0,262.0,261.0,261.0,2900,0.0,0.0
2024-07-03 09:10:00+09:00,262.0,262.0,261.0,261.0,6500,0.0,0.0
2024-07-03 09:15:00+09:00,261.0,262.0,260.0,262.0,1400,0.0,0.0
2024-07-03 09:35:00+09:00,261.0,261.0,261.0,261.0,100,0.0,0.0
2024-07-03 09:40:00+09:00,261.0,261.0,261.0,261.0,200,0.0,0.0
2024-07-03 09:50:00+09:00,261.0,261.0,261.0,261.0,2900,0.0,0.0
2024-07-03 10:15:00+09:00,261.0,261.0,261.0,261.0,6400,0.0,0.0
2024-07-03 10:30:00+09:00,262.0,262.0,262.0,262.0,100,0.0,0.0
2024-07-03 11:35:00+09:00,262.0,262.0,262.0,262.0,0,0.0,0.0
2024-07-03 12:30:00+09:00,262.0,262.0,262.0,262.0,21000,0.0,0.0
2024-07-03 13:05:00+09:00,261.0,262.0,261.0,262.0,2700,0.0,0.0
2024-07-03 13:15:00+09:00,262.0,262.0,262.0,262.0,5000,0.0,0.0
2024-07-03 13:20:00+09:00,262.0,262.0,262.0,262.0,300,0.0,0.0
2024-07-03 13:35:00+09:00,261.0,261.0,261.0,261.0,300,0.0,0.0
2024-07-03 13:40:00+09:00,261.0,261.0,261.0,261.0,3000,0.0,0.0
2024-07-03 13:45:00+09:00,261.0,261.0,261.0,261.0,5400,0.0,0.0
2024-07-03 13:50:00+09:00,262.0,262.0,261.0,261.0,3300,0.0,0.0
2024-07-03 13:55:00+09:00,262.0,262.0,262.0,262.0,500,0.0,0.0
2024-07-03 14:30:00+09:00,261.0,261.0,261.0,261.0,100,0.0,0.0
2024-07-03 14:40:00+09:00,261.0,261.0,261.0,261.0,200,0.0,0.0
2024-07-03 14:45:00+09:00,261.0,261.0,261.0,261.0,100,0.0,0.0
2024-07-04 09:00:00+09:00,261.0,261.0,260.0,260.0,7400,0.0,0.0
2024-07-04 09:10:00+09:00,260.0,260.0,260.0,260.0,1000,0.0,0.0
2024-07-04 09:25:00+09:00,260.0,260.0,260.0,260.0,1000,0.0,0.0
2024-07-04 09:45:00+09:00,261.0,261.0,261.0,261.0,500,0.0,0.0
2024-07-04 09:50:00+09:00,260.0,260.0,260.0,260.0,500,0.0,0.0
2024-07-04 10:10:00+09:00,260.0,260.0,260.0,260.0,100,0.0,0.0
2024-07-04 10:15:00+09:00,260.0,260.0,260.0,260.0,4900,0.0,0.0
2024-07-04 10:20:00+09:00,260.0,260.0,260.0,260.0,100,0.0,0.0
2024-07-04 10:50:00+09:00,260.0,260.0,260.0,260.0,9800,0.0,0.0
2024-07-04 10:55:00+09:00,260.0,260.0,258.0,258.0,24700,0.0,0.0
2024-07-04 11:00:00+09:00,259.0,259.0,259.0,259.0,7200,0.0,0.0
2024-07-04 11:05:00+09:00,260.0,260.0,260.0,260.0,100,0.0,0.0
2024-07-04 11:15:00+09:00,259.0,259.0,259.0,259.0,2200,0.0,0.0
2024-07-04 11:35:00+09:00,259.0,259.0,259.0,259.0,0,0.0,0.0
2024-07-04 12:30:00+09:00,259.0,259.0,259.0,259.0,59700,0.0,0.0
2024-07-04 12:55:00+09:00,259.0,259.0,259.0,259.0,5200,0.0,0.0
2024-07-04 13:00:00+09:00,259.0,259.0,259.0,259.0,13200,0.0,0.0
2024-07-04 13:25:00+09:00,259.0,260.0,259.0,260.0,700,0.0,0.0
2024-07-04 13:30:00+09:00,260.0,260.0,260.0,260.0,200,0.0,0.0
2024-07-04 13:35:00+09:00,259.0,259.0,259.0,259.0,100,0.0,0.0
2024-07-04 13:40:00+09:00,260.0,260.0,260.0,260.0,100,0.0,0.0
2024-07-04 13:45:00+09:00,259.0,259.0,259.0,259.0,1900,0.0,0.0
2024-07-04 13:55:00+09:00,260.0,260.0,259.0,259.0,2100,0.0,0.0
2024-07-04 14:00:00+09:00,260.0,260.0,260.0,260.0,100,0.0,0.0
2024-07-04 14:15:00+09:00,259.0,259.0,259.0,259.0,700,0.0,0.0
2024-07-04 14:20:00+09:00,259.0,259.0,259.0,259.0,100,0.0,0.0
2024-07-04 14:25:00+09:00,260.0,260.0,260.0,260.0,100,0.0,0.0
2024-07-04 14:55:00+09:00,259.0,260.0,259.0,259.0,1700,0.0,0.0
2024-07-05 09:00:00+09:00,259.0,261.0,259.0,261.0,9800,0.0,0.0
2024-07-05 09:05:00+09:00,261.0,261.0,260.0,260.0,7400,0.0,0.0
2024-07-05 09:10:00+09:00,259.0,262.0,259.0,261.0,11000,0.0,0.0
2024-07-05 09:15:00+09:00,261.0,263.0,261.0,262.0,10700,0.0,0.0
2024-07-05 09:20:00+09:00,262.0,264.0,262.0,263.0,7900,0.0,0.0
2024-07-05 09:25:00+09:00,263.0,263.0,263.0,263.0,5400,0.0,0.0
2024-07-05 09:30:00+09:00,263.0,263.0,262.0,263.0,4000,0.0,0.0
2024-07-05 09:35:00+09:00,263.0,263.0,263.0,263.0,1300,0.0,0.0
2024-07-05 09:40:00+09:00,264.0,264.0,263.0,263.0,2300,0.0,0.0
2024-07-05 09:50:00+09:00,264.0,264.0,264.0,264.0,13000,0.0,0.0
2024-07-05 09:55:00+09:00,265.0,266.0,264.0,266.0,10800,0.0,0.0
2024-07-05 10:00:00+09:00,264.0,264.0,264.0,264.0,100,0.0,0.0
2024-07-05 10:05:00+09:00,264.0,264.0,264.0,264.0,3600,0.0,0.0
2024-07-05 10:10:00+09:00,264.0,264.0,264.0,264.0,100,0.0,0.0
2024-07-05 10:15:00+09:00,263.0,263.0,263.0,263.0,4200,0.0,0.0
2024-07-05 10:20:00+09:00,263.0,263.0,263.0,263.0,200,0.0,0.0
2024-07-05 10:25:00+09:00,262.0,262.0,262.0,262.0,100,0.0,0.0
2024-07-05 10:35:00+09:00,263.0,263.0,263.0,263.0,1000,0.0,0.0
2024-07-05 10:40:00+09:00,263.0,263.0,263.0,263.0,500,0.0,0.0
2024-07-05 10:50:00+09:00,263.0,263.0,263.0,263.0,100,0.0,0.0
2024-07-05 10:55:00+09:00,263.0,263.0,263.0,263.0,300,0.0,0.0
2024-07-05 11:05:00+09:00,263.0,263.0,262.0,262.0,600,0.0,0.0
2024-07-05 11:35:00+09:00,262.0,262.0,262.0,262.0,0,0.0,0.0
2024-07-05 12:30:00+09:00,264.0,264.0,263.0,263.0,101100,0.0,0.0
2024-07-05 12:35:00+09:00,263.0,263.0,263.0,263.0,300,0.0,0.0
2024-07-05 12:45:00+09:00,263.0,263.0,263.0,263.0,3200,0.0,0.0
2024-07-05 12:50:00+09:00,263.0,263.0,263.0,263.0,7000,0.0,0.0
2024-07-05 13:00:00+09:00,263.0,263.0,263.0,263.0,1100,0.0,0.0
2024-07-05 13:05:00+09:00,263.0,263.0,262.0,262.0,7700,0.0,0.0
2024-07-05 13:10:00+09:00,262.0,263.0,262.0,263.0,6600,0.0,0.0
2024-07-05 13:15:00+09:00,262.0,262.0,262.0,262.0,3000,0.0,0.0
2024-07-05 13:20:00+09:00,262.0,262.0,262.0,262.0,5700,0.0,0.0
2024-07-05 13:25:00+09:00,262.0,263.0,262.0,263.0,700,0.0,0.0
2024-07-05 13:40:00+09:00,263.0,263.0,263.0,263.0,1000,0.0,0.0
2024-07-05 13:45:00+09:00,263.0,263.0,263.0,263.0,2000,0.0,0.0
2024-07-05 13:50:00+09:00,263.0,264.0,263.0,264.0,2500,0.0,0.0
2024-07-05 13:55:00+09:00,263.0,263.0,263.0,263.0,100,0.0,0.0
2024-07-05 14:00:00+09:00,264.0,264.0,263.0,263.0,2800,0.0,0.0
2024-07-05 14:10:00+09:00,262.0,264.0,262.0,263.0,1900,0.0,0.0
2024-07-05 14:30:00+09:00,264.0,264.0,263.0,263.0,10900,0.0,0.0
2024-07-05 14:40:00+09:00,263.0,263.0,263.0,263.0,1600,0.0,0.0
2024-07-05 14:45:00+09:00,263.0,263.0,263.0,263.0,2000,0.0,0.0
2024-07-05 14:50:00+09:00,263.0,263.0,263.0,263.0,5200,0.0,0.0
2024-07-05 14:55:00+09:00,263.0,264.0,263.0,263.0,1700,0.0,0.0
2024-07-08 09:00:00+09:00,264.0,266.0,263.0,266.0,23600,0.0,0.0
2024-07-08 09:05:00+09:00,266.0,267.0,266.0,267.0,10600,0.0,0.0
2024-07-08 09:10:00+09:00,266.0,267.0,266.0,267.0,3600,0.0,0.0
2024-07-08 09:15:00+09:00,266.0,267.0,266.0,267.0,3200,0.0,0.0
2024-07-08 09:20:00+09:00,267.0,267.0,267.0,267.0,6000,0.0,0.0
2024-07-08 09:25:00+09:00,267.0,267.0,267.0,267.0,400,0.0,0.0
2024-07-08 09:35:00+09:00,267.0,268.0,267.0,267.0,3700,0.0,0.0
2024-07-08 09:40:00+09:00,267.0,268.0,267.0,268.0,1600,0.0,0.0
2024-07-08 09:55:00+09:00,268.0,268.0,267.0,268.0,5200,0.0,0.0
2024-07-08 10:00:00+09:00,268.0,268.0,268.0,268.0,200,0.0,0.0
2024-07-08 10:25:00+09:00,268.0,268.0,268.0,268.0,100,0.0,0.0
2024-07-08 10:35:00+09:00,267.0,267.0,267.0,267.0,200,0.0,0.0
2024-07-08 10:50:00+09:00,267.0,268.0,267.0,268.0,8500,0.0,0.0
2024-07-08 11:05:00+09:00,268.0,268.0,268.0,268.0,1400,0.0,0.0
2024-07-08 11:15:00+09:00,268.0,268.0,268.0,268.0,300,0.0,0.0
2024-07-08 11:25:00+09:00,267.0,268.0,267.0,268.0,4800,0.0,0.0
2024-07-08 11:35:00+09:00,268.0,268.0,268.0,268.0,0,0.0,0.0
2024-07-08 12:30:00+09:00,267.0,267.0,267.0,267.0,74700,0.0,0.0
2024-07-08 12:40:00+09:00,267.0,267.0,267.0,267.0,1400,0.0,0.0
2024-07-08 12:45:00+09:00,267.0,267.0,267.0,267.0,300,0.0,0.0
2024-07-08 12:50:00+09:00,268.0,268.0,267.0,267.0,1100,0.0,0.0
2024-07-08 12:55:00+09:00,267.0,268.0,267.0,267.0,13400,0.0,0.0
2024-07-08 13:10:00+09:00,267.0,267.0,267.0,267.0,700,0.0,0.0
2024-07-08 13:35:00+09:00,267.0,268.0,267.0,268.0,200,0.0,0.0
2024-07-08 13:40:00+09:00,268.0,268.0,268.0,268.0,1000,0.0,0.0
2024-07-08 13:45:00+09:00,267.0,267.0,267.0,267.0,2000,0.0,0.0
2024-07-08 14:00:00+09:00,267.0,267.0,267.0,267.0,3300,0.0,0.0
2024-07-08 14:10:00+09:00,268.0,268.0,268.0,268.0,1000,0.0,0.0
2024-07-08 14:30:00+09:00,268.0,268.0,268.0,268.0,100,0.0,0.0
2024-07-08 14:35:00+09:00,268.0,268.0,267.0,267.0,500,0.0,0.0
2024-07-08 14:40:00+09:00,267.0,267.0,267.0,267.0,400,0.0,0.0
2024-07-08 14:45:00+09:00,268.0,269.0,268.0,269.0,8800,0.0,0.0
2024-07-08 14:50:00+09:00,268.0,269.0,268.0,269.0,3900,0.0,0.0
2024-07-08 14:55:00+09:00,269.0,269.0,268.0,268.0,5600,0.0,0.0
2024-07-09 09:00:00+09:00,269.0,269.0,268.0,268.0,8000,0.0,0.0
2024-07-09 09:05:00+09:00,269.0,269.0,268.0,268.0,1700,0.0,0.0
2024-07-09 09:10:00+09:00,268.0,268.0,268.0,268.0,100,0.0,0.0
2024-07-09 09:15:00+09:00,268.0,268.0,268.0,268.0,200,0.0,0.0
2024-07-09 09:25:00+09:00,269.0,269.0,269.0,269.0,100,0.0,0.0
2024-07-09 09:35:00+09:00,268.0,268.0,266.0,266.0,13500,0.0,0.0
2024-07-09 09:40:00+09:00,266.0,268.0,266.0,268.0,18600,0.0,0.0
2024-07-09 09:45:00+09:00,268.0,268.0,268.0,268.0,3700,0.0,0.0
2024-07-09 09:50:00+09:00,268.0,268.0,268.0,268.0,0,0.0,0.0
2024-07-09 10:05:00+09:00,268.0,268.0,268.0,268.0,46700,0.0,0.0
2024-07-09 10:10:00+09:00,268.0,269.0,268.0,269.0,1800,0.0,0.0
2024-07-09 10:15:00+09:00,268.0,268.0,268.0,268.0,300,0.0,0.0
2024-07-09 10:35:00+09:00,268.0,268.0,267.0,267.0,5900,0.0,0.0
2024-07-09 10:50:00+09:00,267.0,267.0,267.0,267.0,100,0.0,0.0
2024-07-09 10:55:00+09:00,267.0,267.0,267.0,267.0,1300,0.0,0.0
2024-07-09 11:00:00+09:00,267.0,267.0,267.0,267.0,500,0.0,0.0
2024-07-09 11:05:00+09:00,268.0,268.0,268.0,268.0,100,0.0,0.0
2024-07-09 11:10:00+09:00,267.0,267.0,267.0,267.0,100,0.0,0.0
2024-07-09 11:35:00+09:00,267.0,267.0,267.0,267.0,0,0.0,0.0
2024-07-09 12:30:00+09:00,268.0,268.0,267.0,267.0,57100,0.0,0.0
2024-07-09 12:35:00+09:00,268.0,268.0,268.0,268.0,2000,0.0,0.0
2024-07-09 12:45:00+09:00,267.0,267.0,267.0,267.0,100,0.0,0.0
2024-07-09 13:05:00+09:00,267.0,267.0,267.0,267.0,100,0.0,0.0
2024-07-09 13:20:00+09:00,267.0,267.0,267.0,267.0,400,0.0,0.0
2024-07-09 13:35:00+09:00,267.0,267.0,267.0,267.0,200,0.0,0.0
2024-07-09 13:55:00+09:00,268.0,268.0,268.0,268.0,3000,0.0,0.0
2024-07-09 14:05:00+09:00,267.0,267.0,267.0,267.0,100,0.0,0.0
2024-07-09 14:10:00+09:00,268.0,268.0,268.0,268.0,100,0.0,0.0
2024-07-09 14:20:00+09:00,267.0,267.0,267.0,267.0,900,0.0,0.0
2024-07-09 14:25:00+09:00,268.0,268.0,268.0,268.0,100,0.0,0.0
2024-07-09 14:30:00+09:00,268.0,268.0,268.0,268.0,100,0.0,0.0
2024-07-09 14:40:00+09:00,267.0,267.0,267.0,267.0,1000,0.0,0.0
2024-07-09 14:45:00+09:00,268.0,268.0,268.0,268.0,1100,0.0,0.0
2024-07-09 14:50:00+09:00,268.0,268.0,268.0,268.0,300,0.0,0.0
2024-07-09 14:55:00+09:00,268.0,268.0,268.0,268.0,1700,0.0,0.0
2024-07-10 09:00:00+09:00,268.0,268.0,264.0,265.0,19300,0.0,0.0
2024-07-10 09:05:00+09:00,265.0,266.0,265.0,266.0,400,0.0,0.0
2024-07-10 09:10:00+09:00,266.0,266.0,266.0,266.0,1800,0.0,0.0
2024-07-10 09:25:00+09:00,265.0,265.0,265.0,265.0,300,0.0,0.0
2024-07-10 09:35:00+09:00,266.0,266.0,266.0,266.0,100,0.0,0.0
2024-07-10 09:45:00+09:00,266.0,266.0,266.0,266.0,1800,0.0,0.0
2024-07-10 09:55:00+09:00,266.0,266.0,266.0,266.0,3600,0.0,0.0
2024-07-10 10:20:00+09:00,265.0,265.0,264.0,264.0,8100,0.0,0.0
2024-07-10 10:25:00+09:00,265.0,265.0,265.0,265.0,300,0.0,0.0
2024-07-10 10:35:00+09:00,264.0,264.0,264.0,264.0,200,0.0,0.0
2024-07-10 10:45:00+09:00,265.0,265.0,265.0,265.0,100,0.0,0.0
2024-07-10 10:50:00+09:00,265.0,265.0,265.0,265.0,500,0.0,0.0
2024-07-10 11:15:00+09:00,265.0,265.0,265.0,265.0,300,0.0,0.0
2024-07-10 11:20:00+09:00,264.0,264.0,264.0,264.0,3600,0.0,0.0
2024-07-10 11:25:00+09:00,265.0,265.0,265.0,265.0,100,0.0,0.0
2024-07-10 11:35:00+09:00,265.0,265.0,265.0,265.0,0,0.0,0.0
2024-07-10 12:30:00+09:00,265.0,265.0,265.0,265.0,49700,0.0,0.0
2024-07-10 12:40:00+09:00,265.0,265.0,265.0,265.0,1200,0.0,0.0
2024-07-10 12:45:00+09:00,265.0,265.0,264.0,265.0,1900,0.0,0.0
2024-07-10 12:55:00+09:00,265.0,265.0,265.0,265.0,200,0.0,0.0
2024-07-10 13:00:00+09:00,265.0,265.0,265.0,265.0,1500,0.0,0.0
2024-07-10 13:05:00+09:00,265.0,265.0,265.0,265.0,400,0.0,0.0
2024-07-10 13:10:00+09:00,264.0,264.0,264.0,264.0,100,0.0,0.0
2024-07-10 13:20:00+09:00,265.0,265.0,265.0,265.0,400,0.0,0.0
2024-07-10 13:25:00+09:00,265.0,265.0,265.0,265.0,400,0.0,0.0
2024-07-10 13:30:00+09:00,265.0,265.0,265.0,265.0,900,0.0,0.0
2024-07-10 13:55:00+09:00,265.0,265.0,265.0,265.0,2000,0.0,0.0
2024-07-10 14:10:00+09:00,265.0,265.0,265.0,265.0,200,0.0,0.0
2024-07-10 14:20:00+09:00,265.0,265.0,265.0,265.0,100,0.0,0.0
2024-07-10 14:40:00+09:00,264.0,265.0,264.0,265.0,300,0.0,0.0
2024-07-10 14:50:00+09:00,265.0,265.0,265.0,265.0,1300,0.0,0.0
2024-07-10 14:55:00+09:00,265.0,265.0,265.0,265.0,1000,0.0,0.0
2024-07-11 09:00:00+09:00,266.0,266.0,266.0,266.0,6200,0.0,0.0
2024-07-11 09:05:00+09:00,266.0,266.0,266.0,266.0,2500,0.0,0.0
2024-07-11 09:10:00+09:00,265.0,265.0,265.0,265.0,1300,0.0,0.0
2024-07-11 09:20:00+09:00,265.0,265.0,265.0,265.0,900,0.0,0.0
2024-07-11 09:45:00+09:00,265.0,265.0,264.0,265.0,1300,0.0,0.0
2024-07-11 10:15:00+09:00,265.0,265.0,264.0,264.0,500,0.0,0.0
2024-07-11 10:20:00+09:00,265.0,265.0,265.0,265.0,100,0.0,0.0
2024-07-11 10:45:00+09:00,265.0,266.0,265.0,266.0,6000,0.0,0.0
2024-07-11 10:50:00+09:00,266.0,266.0,266.0,266.0,0,0.0,0.0
2024-07-11 10:55:00+09:00,266.0,267.0,266.0,267.0,22700,0.0,0.0
2024-07-11 11:00:00+09:00,267.0,267.0,267.0,267.0,900,0.0,0.0
2024-07-11 11:05:00+09:00,267.0,267.0,267.0,267.0,5600,0.0,0.0
2024-07-11 11:10:00+09:00,267.0,267.0,267.0,267.0,400,0.0,0.0
2024-07-11 11:25:00+09:00,267.0,268.0,267.0,268.0,4300,0.0,0.0
2024-07-11 11:35:00+09:00,268.0,268.0,268.0,268.0,0,0.0,0.0
2024-07-11 12:30:00+09:00,268.0,268.0,268.0,268.0,37400,0.0,0.0
2024-07-11 12:40:00+09:00,267.0,267.0,267.0,267.0,1000,0.0,0.0
2024-07-11 12:55:00+09:00,268.0,268.0,268.0,268.0,100,0.0,0.0
2024-07-11 13:55:00+09:00,267.0,267.0,267.0,267.0,300,0.0,0.0
2024-07-11 14:00:00+09:00,267.0,267.0,267.0,267.0,6100,0.0,0.0
2024-07-11 14:05:00+09:00,267.0,267.0,266.0,267.0,7900,0.0,0.0
2024-07-11 14:10:00+09:00,267.0,267.0,267.0,267.0,2700,0.0,0.0
2024-07-11 14:15:00+09:00,268.0,268.0,268.0,268.0,100,0.0,0.0
2024-07-11 14:20:00+09:00,267.0,267.0,267.0,267.0,2500,0.0,0.0
2024-07-11 14:30:00+09:00,267.0,267.0,267.0,267.0,300,0.0,0.0
2024-07-11 14:50:00+09:00,267.0,267.0,267.0,267.0,300,0.0,0.0
2024-07-11 14:55:00+09:00,268.0,268.0,267.0,267.0,1100,0.0,0.0
2024-07-12 09:00:00+09:00,266.0,268.0,266.0,268.0,1600,0.0,0.0
2024-07-12 09:05:00+09:00,268.0,270.0,266.0,268.0,25600,0.0,0.0
2024-07-12 09:10:00+09:00,270.0,270.0,269.0,270.0,3900,0.0,0.0
2024-07-12 09:15:00+09:00,269.0,269.0,269.0,269.0,1100,0.0,0.0
2024-07-12 09:20:00+09:00,269.0,270.0,269.0,270.0,29000,0.0,0.0
2024-07-12 09:25:00+09:00,269.0,270.0,269.0,270.0,6500,0.0,0.0
2024-07-12 09:30:00+09:00,270.0,270.0,269.0,269.0,700,0.0,0.0
2024-07-12 09:35:00+09:00,269.0,269.0,269.0,269.0,700,0.0,0.0
2024-07-12 09:40:00+09:00,269.0,270.0,269.0,269.0,13700,0.0,0.0
2024-07-12 09:45:00+09:00,269.0,269.0,269.0,269.0,100,0.0,0.0
2024-07-12 09:50:00+09:00,269.0,269.0,269.0,269.0,100,0.0,0.0
2024-07-12 09:55:00+09:00,269.0,270.0,269.0,270.0,1100,0.0,0.0
2024-07-12 10:00:00+09:00,270.0,270.0,270.0,270.0,4700,0.0,0.0
2024-07-12 10:10:00+09:00,270.0,270.0,270.0,270.0,6400,0.0,0.0
2024-07-12 10:15:00+09:00,269.0,270.0,269.0,270.0,3700,0.0,0.0
2024-07-12 10:20:00+09:00,270.0,270.0,270.0,270.0,600,0.0,0.0
2024-07-12 10:40:00+09:00,270.0,270.0,270.0,270.0,700,0.0,0.0
2024-07-12 11:00:00+09:00,269.0,269.0,269.0,269.0,1000,0.0,0.0
2024-07-12 11:05:00+09:00,269.0,269.0,269.0,269.0,100,0.0,0.0
2024-07-12 11:10:00+09:00,270.0,270.0,269.0,270.0,2200,0.0,0.0
2024-07-12 11:15:00+09:00,270.0,270.0,269.0,269.0,1000,0.0,0.0
2024-07-12 11:25:00+09:00,270.0,270.0,270.0,270.0,1300,0.0,0.0
2024-07-12 11:30:00+09:00,270.0,270.0,270.0,270.0,1000,0.0,0.0
2024-07-12 11:35:00+09:00,270.0,270.0,270.0,270.0,0,0.0,0.0
2024-07-12 12:30:00+09:00,270.0,270.0,270.0,270.0,108900,0.0,0.0
2024-07-12 12:35:00+09:00,270.0,270.0,270.0,270.0,4500,0.0,0.0
2024-07-12 12:40:00+09:00,270.0,271.0,270.0,270.0,36700,0.0,0.0
2024-07-12 12:45:00+09:00,271.0,272.0,271.0,272.0,2400,0.0,0.0
2024-07-12 12:50:00+09:00,271.0,271.0,271.0,271.0,1700,0.0,0.0
2024-07-12 12:55:00+09:00,270.0,270.0,270.0,270.0,100,0.0,0.0
2024-07-12 13:00:00+09:00,270.0,271.0,270.0,271.0,16100,0.0,0.0
2024-07-12 13:05:00+09:00,271.0,271.0,271.0,271.0,200,0.0,0.0
2024-07-12 13:15:00+09:00,271.0,271.0,271.0,271.0,1300,0.0,0.0
2024-07-12 13:25:00+09:00,270.0,270.0,270.0,270.0,100,0.0,0.0
2024-07-12 13:45:00+09:00,271.0,271.0,271.0,271.0,100,0.0,0.0
2024-07-12 14:05:00+09:00,271.0,272.0,271.0,272.0,5500,0.0,0.0
2024-07-12 14:20:00+09:00,272.0,272.0,272.0,272.0,100,0.0,0.0
2024-07-12 14:30:00+09:00,272.0,272.0,272.0,272.0,500,0.0,0.0
2024-07-12 14:35:00+09:00,271.0,272.0,271.0,271.0,5800,0.0,0.0
2024-07-12 14:40:00+09:00,271.0,271.0,271.0,271.0,900,0.0,0.0
2024-07-12 14:45:00+09:00,271.0,272.0,270.0,271.0,1800,0.0,0.0
2024-07-12 14:50:00+09:00,271.0,272.0,271.0,272.0,2800,0.0,0.0
2024-07-12 14:55:00+09:00,272.0,272.0,271.0,272.0,3700,0.0,0.0
