Datetime,Open,High,Low,Close,Volume,Dividends,Stock Splits
2024-06-14 09:00:00+09:00,1666.0,1677.0,1647.0,1672.0,21100,0.0,0.0
2024-06-14 09:05:00+09:00,1672.0,1676.0,1669.0,1671.0,1200,0.0,0.0
2024-06-14 09:10:00+09:00,1674.0,1694.0,1674.0,1688.0,13400,0.0,0.0
2024-06-14 09:15:00+09:00,1686.0,1691.0,1677.0,1683.0,2200,0.0,0.0
2024-06-14 09:20:00+09:00,1684.0,1685.0,1676.0,1685.0,800,0.0,0.0
2024-06-14 09:25:00+09:00,1688.0,1702.0,1688.0,1698.0,13500,0.0,0.0
2024-06-14 09:30:00+09:00,1698.0,1715.0,1698.0,1714.0,13100,0.0,0.0
2024-06-14 09:35:00+09:00,1712.0,1725.0,1712.0,1725.0,6800,0.0,0.0
2024-06-14 09:40:00+09:00,1722.0,1728.0,1708.0,1719.0,7000,0.0,0.0
2024-06-14 09:45:00+09:00,1715.0,1723.0,1709.0,1723.0,4800,0.0,0.0
2024-06-14 09:50:00+09:00,1725.0,1729.0,1724.0,1724.0,5200,0.0,0.0
2024-06-14 09:55:00+09:00,1725.0,1729.0,1721.0,1723.0,1000,0.0,0.0
2024-06-14 10:00:00+09:00,1723.0,1723.0,1718.0,1718.0,0,0.0,0.0
2024-06-14 10:05:00+09:00,1718.0,1718.0,1711.0,1717.0,92900,0.0,0.0
2024-06-14 10:10:00+09:00,1722.0,1728.0,1722.0,1726.0,0,0.0,0.0
2024-06-14 10:15:00+09:00,1723.0,1730.0,1723.0,1730.0,97900,0.0,0.0
2024-06-14 10:20:00+09:00,1729.0,1734.0,1729.0,1734.0,2100,0.0,0.0
2024-06-14 10:25:00+09:00,1730.0,1732.0,1727.0,1732.0,1300,0.0,0.0
2024-06-14 10:30:00+09:00,1735.0,1739.0,1735.0,1739.0,3000,0.0,0.0
2024-06-14 10:35:00+09:00,1739.0,1746.0,1739.0,1744.0,2200,0.0,0.0
2024-06-14 10:40:00+09:00,1741.0,1741.0,1738.0,1738.0,600,0.0,0.0
2024-06-14 10:45:00+09:00,1740.0,1742.0,1739.0,1742.0,500,0.0,0.0
2024-06-14 10:50:00+09:00,1740.0,1740.0,1736.0,1736.0,700,0.0,0.0
2024-06-14 10:55:00+09:00,1734.0,1734.0,1725.0,1725.0,1000,0.0,0.0
2024-06-14 11:00:00+09:00,1727.0,1732.0,1727.0,1732.0,300,0.0,0.0
2024-06-14 11:05:00+09:00,1729.0,1729.0,1725.0,1725.0,1100,0.0,0.0
2024-06-14 11:10:00+09:00,1725.0,1729.0,1720.0,1727.0,3800,0.0,0.0
2024-06-14 11:15:00+09:00,1732.0,1735.0,1732.0,1735.0,500,0.0,0.0
2024-06-14 11:25:00+09:00,1736.0,1738.0,1735.0,1738.0,1000,0.0,0.0
2024-06-14 11:30:00+09:00,1738.0,1738.0,1738.0,1738.0,100,0.0,0.0
2024-06-14 11:35:00+09:00,1738.0,1738.0,1738.0,1738.0,0,0.0,0.0
2024-06-14 12:30:00+09:00,1740.0,1763.0,1739.0,1762.0,132000,0.0,0.0
2024-06-14 12:35:00+09:00,1760.0,1769.0,1758.0,1765.0,3300,0.0,0.0
2024-06-14 12:40:00+09:00,1765.0,1767.0,1765.0,1767.0,300,0.0,0.0
2024-06-14 12:45:00+09:00,1765.0,1770.0,1765.0,1770.0,3500,0.0,0.0
2024-06-14 12:50:00+09:00,1770.0,1774.0,1770.0,1774.0,1200,0.0,0.0
2024-06-14 12:55:00+09:00,1774.0,1788.0,1774.0,1787.0,6000,0.0,0.0
2024-06-14 13:00:00+09:00,1788.0,1807.0,1786.0,1800.0,11800,0.0,0.0
2024-06-14 13:05:00+09:00,1797.0,1798.0,1791.0,1791.0,1900,0.0,0.0
2024-06-14 13:10:00+09:00,1791.0,1791.0,1767.0,1767.0,3300,0.0,0.0
2024-06-14 13:15:00+09:00,1765.0,1777.0,1765.0,1770.0,4200,0.0,0.0
2024-06-14 13:20:00+09:00,1769.0,1771.0,1753.0,1771.0,7000,0.0,0.0
2024-06-14 13:25:00+09:00,1775.0,1779.0,1767.0,1774.0,7400,0.0,0.0
2024-06-14 13:30:00+09:00,1770.0,1776.0,1765.0,1768.0,3300,0.0,0.0
2024-06-14 13:35:00+09:00,1766.0,1769.0,1764.0,1764.0,2500,0.0,0.0
2024-06-14 13:40:00+09:00,1763.0,1774.0,1763.0,1768.0,2500,0.0,0.0
2024-06-14 13:45:00+09:00,1765.0,1767.0,1755.0,1755.0,3800,0.0,0.0
2024-06-14 13:50:00+09:00,1759.0,1759.0,1753.0,1758.0,2900,0.0,0.0
2024-06-14 13:55:00+09:00,1755.0,1761.0,1755.0,1755.0,2100,0.0,0.0
2024-06-14 14:00:00+09:00,1755.0,1765.0,1755.0,1761.0,1500,0.0,0.0
2024-06-14 14:05:00+09:00,1759.0,1768.0,1758.0,1764.0,2900,0.0,0.0
2024-06-14 14:10:00+09:00,1762.0,1762.0,1757.0,1760.0,2200,0.0,0.0
2024-06-14 14:15:00+09:00,1758.0,1762.0,1757.0,1762.0,2000,0.0,0.0
2024-06-14 14:20:00+09:00,1765.0,1773.0,1764.0,1768.0,3600,0.0,0.0
2024-06-14 14:25:00+09:00,1768.0,1776.0,1767.0,1772.0,4500,0.0,0.0
2024-06-14 14:30:00+09:00,1776.0,1776.0,1773.0,1774.0,1600,0.0,0.0
2024-06-14 14:35:00+09:00,1774.0,1779.0,1773.0,1777.0,2300,0.0,0.0
2024-06-14 14:40:00+09:00,1779.0,1780.0,1778.0,1780.0,2400,0.0,0.0
2024-06-14 14:45:00+09:00,1780.0,1781.0,1776.0,1781.0,2100,0.0,0.0
2024-06-14 14:50:00+09:00,1781.0,1784.0,1779.0,1781.0,3300,0.0,0.0
2024-06-14 14:55:00+09:00,1783.0,1798.0,1783.0,1798.0,8400,0.0,0.0
2024-06-17 09:00:00+09:00,1798.0,1892.0,1790.0,1863.0,0,0.0,0.0
2024-06-17 09:05:00+09:00,1866.0,1895.0,1852.0,1891.0,23800,0.0,0.0
2024-06-17 09:10:00+09:00,1890.0,1898.0,1855.0,1889.0,12400,0.0,0.0
2024-06-17 09:15:00+09:00,1886.0,1892.0,1878.0,1878.0,9400,0.0,0.0
2024-06-17 09:20:00+09:00,1876.0,1899.0,1872.0,1893.0,11700,0.0,0.0
2024-06-17 09:25:00+09:00,1893.0,1899.0,1875.0,1892.0,9700,0.0,0.0
2024-06-17 09:30:00+09:00,1892.0,1907.0,1878.0,1882.0,10900,0.0,0.0
2024-06-17 09:35:00+09:00,1884.0,1899.0,1884.0,1890.0,3300,0.0,0.0
2024-06-17 09:40:00+09:00,1891.0,1905.0,1891.0,1897.0,6100,0.0,0.0
2024-06-17 09:45:00+09:00,1900.0,1900.0,1872.0,1883.0,10800,0.0,0.0
2024-06-17 09:50:00+09:00,1883.0,1897.0,1874.0,1884.0,5300,0.0,0.0
2024-06-17 09:55:00+09:00,1884.0,1884.0,1873.0,1879.0,1300,0.0,0.0
2024-06-17 10:00:00+09:00,1876.0,1879.0,1864.0,1870.0,5900,0.0,0.0
2024-06-17 10:05:00+09:00,1867.0,1885.0,1861.0,1882.0,8100,0.0,0.0
2024-06-17 10:10:00+09:00,1889.0,1893.0,1885.0,1890.0,1300,0.0,0.0
2024-06-17 10:15:00+09:00,1882.0,1883.0,1879.0,1879.0,900,0.0,0.0
2024-06-17 10:20:00+09:00,1884.0,1885.0,1879.0,1885.0,1400,0.0,0.0
2024-06-17 10:25:00+09:00,1881.0,1881.0,1880.0,1880.0,300,0.0,0.0
2024-06-17 10:30:00+09:00,1878.0,1888.0,1878.0,1887.0,2900,0.0,0.0
2024-06-17 10:35:00+09:00,1886.0,1887.0,1882.0,1886.0,1800,0.0,0.0
2024-06-17 10:40:00+09:00,1885.0,1891.0,1884.0,1891.0,2000,0.0,0.0
2024-06-17 10:45:00+09:00,1891.0,1893.0,1891.0,1891.0,2000,0.0,0.0
2024-06-17 10:50:00+09:00,1894.0,1896.0,1888.0,1888.0,1300,0.0,0.0
2024-06-17 10:55:00+09:00,1886.0,1889.0,1881.0,1889.0,1300,0.0,0.0
2024-06-17 11:00:00+09:00,1890.0,1891.0,1890.0,1891.0,500,0.0,0.0
2024-06-17 11:05:00+09:00,1898.0,1908.0,1898.0,1908.0,7200,0.0,0.0
2024-06-17 11:10:00+09:00,1909.0,1920.0,1909.0,1914.0,7000,0.0,0.0
2024-06-17 11:15:00+09:00,1914.0,1918.0,1914.0,1917.0,1400,0.0,0.0
2024-06-17 11:20:00+09:00,1913.0,1920.0,1911.0,1916.0,2900,0.0,0.0
2024-06-17 11:25:00+09:00,1918.0,1920.0,1916.0,1919.0,1000,0.0,0.0
2024-06-17 11:30:00+09:00,1919.0,1919.0,1919.0,1919.0,900,0.0,0.0
2024-06-17 11:35:00+09:00,1919.0,1919.0,1919.0,1919.0,0,0.0,0.0
2024-06-17 12:30:00+09:00,1919.0,1950.0,1914.0,1949.0,226600,0.0,0.0
2024-06-17 12:35:00+09:00,1950.0,1962.0,1941.0,1960.0,24500,0.0,0.0
2024-06-17 12:40:00+09:00,1960.0,1968.0,1952.0,1967.0,13700,0.0,0.0
2024-06-17 12:45:00+09:00,1965.0,1969.0,1956.0,1966.0,15400,0.0,0.0
2024-06-17 12:50:00+09:00,1966.0,1967.0,1957.0,1960.0,9000,0.0,0.0
2024-06-17 12:55:00+09:00,1959.0,1967.0,1959.0,1967.0,12900,0.0,0.0
2024-06-17 13:00:00+09:00,1967.0,1974.0,1962.0,1964.0,10900,0.0,0.0
2024-06-17 13:05:00+09:00,1967.0,1979.0,1967.0,1973.0,7400,0.0,0.0
2024-06-17 13:10:00+09:00,1978.0,1997.0,1970.0,1971.0,18100,0.0,0.0
2024-06-17 13:15:00+09:00,1977.0,1979.0,1962.0,1962.0,9700,0.0,0.0
2024-06-17 13:20:00+09:00,1962.0,1967.0,1959.0,1965.0,4800,0.0,0.0
2024-06-17 13:25:00+09:00,1967.0,1987.0,1967.0,1980.0,6500,0.0,0.0
2024-06-17 13:30:00+09:00,1981.0,1990.0,1980.0,1990.0,5000,0.0,0.0
2024-06-17 13:35:00+09:00,1987.0,1987.0,1974.0,1984.0,5300,0.0,0.0
2024-06-17 13:40:00+09:00,1984.0,1990.0,1979.0,1986.0,3400,0.0,0.0
2024-06-17 13:45:00+09:00,1985.0,1995.0,1985.0,1994.0,5000,0.0,0.0
2024-06-17 13:50:00+09:00,1991.0,1997.0,1990.0,1994.0,4500,0.0,0.0
2024-06-17 13:55:00+09:00,1994.0,2018.0,1993.0,2006.0,26200,0.0,0.0
2024-06-17 14:00:00+09:00,2003.0,2112.0,1998.0,2112.0,28600,0.0,0.0
2024-06-17 14:05:00+09:00,2162.0,2162.0,1976.0,1993.0,70500,0.0,0.0
2024-06-17 14:10:00+09:00,1991.0,2000.0,1910.0,1935.0,50200,0.0,0.0
2024-06-17 14:15:00+09:00,1935.0,1980.0,1932.0,1952.0,28800,0.0,0.0
2024-06-17 14:20:00+09:00,1952.0,1979.0,1951.0,1976.0,8600,0.0,0.0
2024-06-17 14:25:00+09:00,1975.0,1982.0,1958.0,1969.0,12100,0.0,0.0
2024-06-17 14:30:00+09:00,1968.0,1999.0,1956.0,1982.0,20600,0.0,0.0
2024-06-17 14:35:00+09:00,1982.0,2000.0,1975.0,1983.0,13900,0.0,0.0
2024-06-17 14:40:00+09:00,1983.0,1999.0,1978.0,1999.0,11600,0.0,0.0
2024-06-17 14:45:00+09:00,1998.0,2000.0,1981.0,1994.0,17300,0.0,0.0
2024-06-17 14:50:00+09:00,1994.0,2008.0,1994.0,1995.0,13000,0.0,0.0
2024-06-17 14:55:00+09:00,1995.0,2000.0,1980.0,1998.0,10700,0.0,0.0
2024-06-18 09:00:00+09:00,1977.0,1977.0,1890.0,1934.0,65800,0.0,0.0
2024-06-18 09:05:00+09:00,1934.0,1977.0,1927.0,1970.0,13000,0.0,0.0
2024-06-18 09:10:00+09:00,1972.0,1992.0,1970.0,1985.0,16300,0.0,0.0
2024-06-18 09:15:00+09:00,1989.0,2014.0,1982.0,2011.0,24300,0.0,0.0
2024-06-18 09:20:00+09:00,2014.0,2016.0,1993.0,2009.0,16700,0.0,0.0
2024-06-18 09:25:00+09:00,2009.0,2054.0,2005.0,2045.0,24400,0.0,0.0
2024-06-18 09:30:00+09:00,2046.0,2051.0,2025.0,2035.0,20700,0.0,0.0
2024-06-18 09:35:00+09:00,2036.0,2040.0,2012.0,2012.0,16400,0.0,0.0
2024-06-18 09:40:00+09:00,2010.0,2018.0,1990.0,1993.0,10100,0.0,0.0
2024-06-18 09:45:00+09:00,1995.0,2009.0,1990.0,1990.0,9600,0.0,0.0
2024-06-18 09:50:00+09:00,1991.0,2004.0,1990.0,2003.0,0,0.0,0.0
2024-06-18 09:55:00+09:00,1997.0,2003.0,1993.0,1995.0,225700,0.0,0.0
2024-06-18 10:00:00+09:00,1994.0,2008.0,1993.0,2001.0,6200,0.0,0.0
2024-06-18 10:05:00+09:00,1997.0,2000.0,1991.0,1995.0,3700,0.0,0.0
2024-06-18 10:10:00+09:00,1994.0,2002.0,1982.0,1993.0,8300,0.0,0.0
2024-06-18 10:15:00+09:00,1994.0,1998.0,1992.0,1992.0,900,0.0,0.0
2024-06-18 10:20:00+09:00,1991.0,1999.0,1990.0,1999.0,500,0.0,0.0
2024-06-18 10:25:00+09:00,1993.0,1993.0,1961.0,1982.0,12300,0.0,0.0
2024-06-18 10:30:00+09:00,1986.0,1990.0,1981.0,1985.0,2400,0.0,0.0
2024-06-18 10:35:00+09:00,1985.0,1993.0,1985.0,1985.0,1700,0.0,0.0
2024-06-18 10:40:00+09:00,1985.0,1990.0,1985.0,1990.0,200,0.0,0.0
2024-06-18 10:45:00+09:00,1986.0,1986.0,1972.0,1972.0,2000,0.0,0.0
2024-06-18 10:50:00+09:00,1966.0,1967.0,1941.0,1961.0,11600,0.0,0.0
2024-06-18 10:55:00+09:00,1956.0,1965.0,1931.0,1950.0,11400,0.0,0.0
2024-06-18 11:00:00+09:00,1951.0,1958.0,1950.0,1958.0,4100,0.0,0.0
2024-06-18 11:05:00+09:00,1954.0,1954.0,1946.0,1952.0,3200,0.0,0.0
2024-06-18 11:10:00+09:00,1953.0,1954.0,1944.0,1945.0,4600,0.0,0.0
2024-06-18 11:15:00+09:00,1950.0,1957.0,1950.0,1956.0,1300,0.0,0.0
2024-06-18 11:20:00+09:00,1954.0,1955.0,1946.0,1955.0,1200,0.0,0.0
2024-06-18 11:25:00+09:00,1952.0,1967.0,1952.0,1967.0,1600,0.0,0.0
2024-06-18 11:30:00+09:00,1967.0,1967.0,1967.0,1967.0,200,0.0,0.0
2024-06-18 11:35:00+09:00,1967.0,1967.0,1967.0,1967.0,0,0.0,0.0
2024-06-18 12:30:00+09:00,1947.0,1967.0,1926.0,1938.0,319800,0.0,0.0
2024-06-18 12:35:00+09:00,1927.0,1938.0,1870.0,1889.0,31000,0.0,0.0
2024-06-18 12:40:00+09:00,1901.0,1927.0,1894.0,1914.0,5200,0.0,0.0
2024-06-18 12:45:00+09:00,1912.0,1915.0,1898.0,1903.0,7100,0.0,0.0
2024-06-18 12:50:00+09:00,1904.0,1912.0,1899.0,1900.0,2200,0.0,0.0
2024-06-18 12:55:00+09:00,1900.0,1908.0,1889.0,1889.0,4000,0.0,0.0
2024-06-18 13:00:00+09:00,1889.0,1898.0,1830.0,1849.0,18000,0.0,0.0
2024-06-18 13:05:00+09:00,1849.0,1849.0,1830.0,1833.0,9500,0.0,0.0
2024-06-18 13:10:00+09:00,1834.0,1844.0,1750.0,1805.0,24900,0.0,0.0
2024-06-18 13:15:00+09:00,1815.0,1847.0,1796.0,1846.0,13200,0.0,0.0
2024-06-18 13:20:00+09:00,1838.0,1838.0,1814.0,1814.0,6100,0.0,0.0
2024-06-18 13:25:00+09:00,1822.0,1832.0,1816.0,1822.0,1700,0.0,0.0
2024-06-18 13:30:00+09:00,1826.0,1844.0,1820.0,1820.0,7000,0.0,0.0
2024-06-18 13:35:00+09:00,1819.0,1827.0,1810.0,1820.0,1600,0.0,0.0
2024-06-18 13:40:00+09:00,1818.0,1825.0,1814.0,1822.0,3800,0.0,0.0
2024-06-18 13:45:00+09:00,1822.0,1830.0,1811.0,1830.0,4700,0.0,0.0
2024-06-18 13:50:00+09:00,1834.0,1876.0,1830.0,1865.0,11400,0.0,0.0
2024-06-18 13:55:00+09:00,1861.0,1890.0,1861.0,1880.0,3700,0.0,0.0
2024-06-18 14:00:00+09:00,1880.0,1880.0,1851.0,1855.0,6100,0.0,0.0
2024-06-18 14:05:00+09:00,1851.0,1855.0,1818.0,1836.0,12700,0.0,0.0
2024-06-18 14:10:00+09:00,1845.0,1850.0,1842.0,1850.0,1600,0.0,0.0
2024-06-18 14:15:00+09:00,1843.0,1843.0,1825.0,1830.0,3300,0.0,0.0
2024-06-18 14:20:00+09:00,1830.0,1841.0,1830.0,1837.0,700,0.0,0.0
2024-06-18 14:25:00+09:00,1839.0,1863.0,1839.0,1863.0,3600,0.0,0.0
2024-06-18 14:30:00+09:00,1859.0,1866.0,1850.0,1858.0,3400,0.0,0.0
2024-06-18 14:35:00+09:00,1858.0,1859.0,1840.0,1842.0,2200,0.0,0.0
2024-06-18 14:40:00+09:00,1842.0,1850.0,1840.0,1849.0,1600,0.0,0.0
2024-06-18 14:45:00+09:00,1841.0,1851.0,1840.0,1851.0,2900,0.0,0.0
2024-06-18 14:50:00+09:00,1851.0,1855.0,1848.0,1854.0,3800,0.0,0.0
2024-06-18 14:55:00+09:00,1850.0,1854.0,1833.0,1836.0,4400,0.0,0.0
2024-06-19 09:00:00+09:00,1915.0,1940.0,1860.0,1873.0,22100,0.0,0.0
2024-06-19 09:05:00+09:00,1873.0,1886.0,1845.0,1859.0,14500,0.0,0.0
2024-06-19 09:10:00+09:00,1868.0,1895.0,1855.0,1862.0,6900,0.0,0.0
2024-06-19 09:15:00+09:00,1866.0,1872.0,1861.0,1871.0,2900,0.0,0.0
2024-06-19 09:20:00+09:00,1875.0,1898.0,1872.0,1885.0,10200,0.0,0.0
2024-06-19 09:25:00+09:00,1886.0,1919.0,1886.0,1917.0,5900,0.0,0.0
2024-06-19 09:30:00+09:00,1917.0,1917.0,1901.0,1903.0,7400,0.0,0.0
2024-06-19 09:35:00+09:00,1906.0,1913.0,1895.0,1902.0,9000,0.0,0.0
2024-06-19 09:40:00+09:00,1900.0,1900.0,1889.0,1890.0,2900,0.0,0.0
2024-06-19 09:45:00+09:00,1890.0,1910.0,1890.0,1910.0,3000,0.0,0.0
2024-06-19 09:50:00+09:00,1910.0,1910.0,1900.0,1902.0,2600,0.0,0.0
2024-06-19 09:55:00+09:00,1901.0,1903.0,1900.0,1900.0,2800,0.0,0.0
2024-06-19 10:00:00+09:00,1893.0,1900.0,1893.0,1895.0,2900,0.0,0.0
2024-06-19 10:05:00+09:00,1893.0,1898.0,1890.0,1898.0,1700,0.0,0.0
2024-06-19 10:10:00+09:00,1893.0,1898.0,1882.0,1896.0,2500,0.0,0.0
2024-06-19 10:15:00+09:00,1890.0,1890.0,1889.0,1890.0,500,0.0,0.0
2024-06-19 10:20:00+09:00,1890.0,1896.0,1890.0,1890.0,1100,0.0,0.0
2024-06-19 10:25:00+09:00,1894.0,1900.0,1891.0,1891.0,1900,0.0,0.0
2024-06-19 10:30:00+09:00,1892.0,1892.0,1890.0,1891.0,300,0.0,0.0
2024-06-19 10:35:00+09:00,1890.0,1895.0,1889.0,1893.0,2200,0.0,0.0
2024-06-19 10:40:00+09:00,1894.0,1894.0,1888.0,1890.0,1300,0.0,0.0
2024-06-19 10:45:00+09:00,1890.0,1895.0,1886.0,1893.0,2800,0.0,0.0
2024-06-19 10:50:00+09:00,1892.0,1893.0,1890.0,1890.0,1100,0.0,0.0
2024-06-19 10:55:00+09:00,1890.0,1890.0,1890.0,1890.0,300,0.0,0.0
2024-06-19 11:00:00+09:00,1890.0,1890.0,1890.0,1890.0,200,0.0,0.0
2024-06-19 11:05:00+09:00,1888.0,1900.0,1878.0,1900.0,15000,0.0,0.0
2024-06-19 11:10:00+09:00,1898.0,1900.0,1897.0,1899.0,2200,0.0,0.0
2024-06-19 11:15:00+09:00,1898.0,1905.0,1897.0,1905.0,1700,0.0,0.0
2024-06-19 11:20:00+09:00,1902.0,1930.0,1902.0,1930.0,6300,0.0,0.0
2024-06-19 11:25:00+09:00,1928.0,1928.0,1920.0,1920.0,2700,0.0,0.0
2024-06-19 11:35:00+09:00,1920.0,1920.0,1920.0,1920.0,0,0.0,0.0
2024-06-19 12:30:00+09:00,1930.0,1943.0,1928.0,1941.0,147400,0.0,0.0
2024-06-19 12:35:00+09:00,1941.0,1942.0,1930.0,1937.0,4300,0.0,0.0
2024-06-19 12:40:00+09:00,1937.0,1949.0,1937.0,1941.0,8800,0.0,0.0
2024-06-19 12:45:00+09:00,1945.0,1950.0,1943.0,1944.0,4100,0.0,0.0
2024-06-19 12:50:00+09:00,1947.0,1948.0,1940.0,1945.0,2200,0.0,0.0
2024-06-19 12:55:00+09:00,1945.0,1948.0,1945.0,1948.0,600,0.0,0.0
2024-06-19 13:00:00+09:00,1948.0,1949.0,1941.0,1941.0,2900,0.0,0.0
2024-06-19 13:05:00+09:00,1941.0,1948.0,1930.0,1943.0,7000,0.0,0.0
2024-06-19 13:10:00+09:00,1943.0,1945.0,1940.0,1940.0,1200,0.0,0.0
2024-06-19 13:15:00+09:00,1940.0,1946.0,1940.0,1945.0,3300,0.0,0.0
2024-06-19 13:20:00+09:00,1945.0,1946.0,1945.0,1946.0,500,0.0,0.0
2024-06-19 13:25:00+09:00,1945.0,1950.0,1945.0,1948.0,3800,0.0,0.0
2024-06-19 13:30:00+09:00,1949.0,1949.0,1932.0,1935.0,1700,0.0,0.0
2024-06-19 13:35:00+09:00,1931.0,1935.0,1915.0,1935.0,3700,0.0,0.0
2024-06-19 13:40:00+09:00,1936.0,1937.0,1936.0,1937.0,700,0.0,0.0
2024-06-19 13:45:00+09:00,1932.0,1937.0,1925.0,1937.0,4700,0.0,0.0
2024-06-19 13:50:00+09:00,1938.0,1939.0,1938.0,1939.0,200,0.0,0.0
2024-06-19 13:55:00+09:00,1935.0,1940.0,1934.0,1938.0,1500,0.0,0.0
2024-06-19 14:00:00+09:00,1937.0,1937.0,1936.0,1936.0,700,0.0,0.0
2024-06-19 14:05:00+09:00,1936.0,1936.0,1935.0,1936.0,600,0.0,0.0
2024-06-19 14:10:00+09:00,1935.0,1945.0,1934.0,1945.0,1900,0.0,0.0
2024-06-19 14:15:00+09:00,1949.0,1950.0,1948.0,1948.0,3300,0.0,0.0
2024-06-19 14:20:00+09:00,1948.0,1960.0,1948.0,1960.0,5300,0.0,0.0
2024-06-19 14:25:00+09:00,1961.0,1966.0,1959.0,1963.0,3100,0.0,0.0
2024-06-19 14:30:00+09:00,1960.0,1966.0,1960.0,1966.0,2300,0.0,0.0
2024-06-19 14:35:00+09:00,1963.0,1968.0,1961.0,1963.0,5100,0.0,0.0
2024-06-19 14:40:00+09:00,1962.0,1966.0,1956.0,1964.0,7700,0.0,0.0
2024-06-19 14:45:00+09:00,1967.0,1980.0,1963.0,1963.0,7800,0.0,0.0
2024-06-19 14:50:00+09:00,1970.0,1979.0,1961.0,1962.0,5200,0.0,0.0
2024-06-19 14:55:00+09:00,1962.0,1980.0,1960.0,1963.0,5200,0.0,0.0
2024-06-20 09:00:00+09:00,1923.0,1945.0,1920.0,1924.0,14400,0.0,0.0
2024-06-20 09:05:00+09:00,1923.0,1975.0,1920.0,1967.0,11100,0.0,0.0
2024-06-20 09:10:00+09:00,1966.0,1974.0,1948.0,1948.0,5100,0.0,0.0
2024-06-20 09:15:00+09:00,1948.0,1950.0,1936.0,1950.0,3500,0.0,0.0
2024-06-20 09:20:00+09:00,1946.0,1950.0,1931.0,1931.0,3700,0.0,0.0
2024-06-20 09:25:00+09:00,1936.0,1943.0,1936.0,1943.0,1700,0.0,0.0
2024-06-20 09:30:00+09:00,1944.0,1944.0,1937.0,1937.0,1400,0.0,0.0
2024-06-20 09:35:00+09:00,1932.0,1935.0,1926.0,1926.0,1600,0.0,0.0
2024-06-20 09:40:00+09:00,1938.0,1939.0,1934.0,1934.0,300,0.0,0.0
2024-06-20 09:45:00+09:00,1931.0,1931.0,1923.0,1923.0,1100,0.0,0.0
2024-06-20 09:50:00+09:00,1924.0,1929.0,1914.0,1915.0,6200,0.0,0.0
2024-06-20 09:55:00+09:00,1910.0,1914.0,1905.0,1908.0,1400,0.0,0.0
2024-06-20 10:00:00+09:00,1910.0,1912.0,1903.0,1903.0,3100,0.0,0.0
2024-06-20 10:05:00+09:00,1908.0,1908.0,1890.0,1890.0,4700,0.0,0.0
2024-06-20 10:10:00+09:00,1872.0,1872.0,1854.0,1868.0,14600,0.0,0.0
2024-06-20 10:15:00+09:00,1863.0,1870.0,1858.0,1862.0,1700,0.0,0.0
2024-06-20 10:20:00+09:00,1870.0,1870.0,1860.0,1867.0,2400,0.0,0.0
2024-06-20 10:25:00+09:00,1869.0,1869.0,1869.0,1869.0,100,0.0,0.0
2024-06-20 10:30:00+09:00,1867.0,1871.0,1864.0,1871.0,1200,0.0,0.0
2024-06-20 10:35:00+09:00,1865.0,1865.0,1860.0,1865.0,800,0.0,0.0
2024-06-20 10:40:00+09:00,1863.0,1863.0,1832.0,1836.0,10100,0.0,0.0
2024-06-20 10:45:00+09:00,1839.0,1842.0,1829.0,1830.0,3100,0.0,0.0
2024-06-20 10:50:00+09:00,1834.0,1836.0,1834.0,1836.0,600,0.0,0.0
2024-06-20 10:55:00+09:00,1839.0,1844.0,1830.0,1838.0,3300,0.0,0.0
2024-06-20 11:00:00+09:00,1839.0,1839.0,1833.0,1833.0,300,0.0,0.0
2024-06-20 11:05:00+09:00,1833.0,1868.0,1833.0,1858.0,11900,0.0,0.0
2024-06-20 11:10:00+09:00,1856.0,1856.0,1844.0,1844.0,4600,0.0,0.0
2024-06-20 11:15:00+09:00,1850.0,1856.0,1850.0,1855.0,900,0.0,0.0
2024-06-20 11:20:00+09:00,1856.0,1866.0,1855.0,1866.0,1200,0.0,0.0
2024-06-20 11:25:00+09:00,1862.0,1884.0,1862.0,1865.0,2900,0.0,0.0
2024-06-20 11:30:00+09:00,1868.0,1868.0,1868.0,1868.0,200,0.0,0.0
2024-06-20 11:35:00+09:00,1868.0,1868.0,1868.0,1868.0,0,0.0,0.0
2024-06-20 12:30:00+09:00,1893.0,1893.0,1872.0,1880.0,120800,0.0,0.0
2024-06-20 12:35:00+09:00,1882.0,1882.0,1864.0,1864.0,4600,0.0,0.0
2024-06-20 12:40:00+09:00,1859.0,1859.0,1845.0,1845.0,5000,0.0,0.0
2024-06-20 12:45:00+09:00,1849.0,1849.0,1845.0,1845.0,900,0.0,0.0
2024-06-20 12:50:00+09:00,1843.0,1845.0,1842.0,1843.0,1700,0.0,0.0
2024-06-20 12:55:00+09:00,1843.0,1849.0,1840.0,1848.0,3500,0.0,0.0
2024-06-20 13:00:00+09:00,1846.0,1846.0,1840.0,1842.0,1700,0.0,0.0
2024-06-20 13:05:00+09:00,1843.0,1844.0,1840.0,1844.0,1400,0.0,0.0
2024-06-20 13:10:00+09:00,1842.0,1842.0,1839.0,1841.0,2800,0.0,0.0
2024-06-20 13:15:00+09:00,1844.0,1845.0,1838.0,1838.0,1500,0.0,0.0
2024-06-20 13:20:00+09:00,1839.0,1839.0,1838.0,1838.0,800,0.0,0.0
2024-06-20 13:25:00+09:00,1836.0,1845.0,1836.0,1845.0,400,0.0,0.0
2024-06-20 13:30:00+09:00,1845.0,1857.0,1845.0,1857.0,2600,0.0,0.0
2024-06-20 13:35:00+09:00,1858.0,1861.0,1857.0,1861.0,2400,0.0,0.0
2024-06-20 13:40:00+09:00,1861.0,1861.0,1850.0,1850.0,1500,0.0,0.0
2024-06-20 13:45:00+09:00,1852.0,1853.0,1852.0,1853.0,300,0.0,0.0
2024-06-20 13:50:00+09:00,1846.0,1846.0,1844.0,1844.0,600,0.0,0.0
2024-06-20 13:55:00+09:00,1848.0,1850.0,1848.0,1850.0,300,0.0,0.0
2024-06-20 14:00:00+09:00,1855.0,1857.0,1855.0,1857.0,300,0.0,0.0
2024-06-20 14:05:00+09:00,1851.0,1852.0,1848.0,1848.0,1000,0.0,0.0
2024-06-20 14:10:00+09:00,1846.0,1846.0,1840.0,1842.0,1700,0.0,0.0
2024-06-20 14:15:00+09:00,1840.0,1849.0,1840.0,1849.0,300,0.0,0.0
2024-06-20 14:20:00+09:00,1851.0,1857.0,1850.0,1850.0,1100,0.0,0.0
2024-06-20 14:25:00+09:00,1852.0,1852.0,1849.0,1849.0,600,0.0,0.0
2024-06-20 14:30:00+09:00,1847.0,1863.0,1846.0,1863.0,5800,0.0,0.0
2024-06-20 14:35:00+09:00,1860.0,1862.0,1856.0,1856.0,2800,0.0,0.0
2024-06-20 14:40:00+09:00,1856.0,1856.0,1848.0,1848.0,800,0.0,0.0
2024-06-20 14:45:00+09:00,1848.0,1848.0,1841.0,1844.0,3500,0.0,0.0
2024-06-20 14:50:00+09:00,1843.0,1843.0,1837.0,1839.0,2100,0.0,0.0
2024-06-20 14:55:00+09:00,1843.0,1845.0,1837.0,1843.0,5700,0.0,0.0
2024-06-21 09:00:00+09:00,1834.0,1842.0,1818.0,1818.0,17200,0.0,0.0
2024-06-21 09:05:00+09:00,1820.0,1830.0,1805.0,1826.0,8100,0.0,0.0
2024-06-21 09:10:00+09:00,1826.0,1827.0,1815.0,1825.0,2400,0.0,0.0
2024-06-21 09:15:00+09:00,1824.0,1825.0,1818.0,1820.0,2600,0.0,0.0
2024-06-21 09:20:00+09:00,1817.0,1820.0,1808.0,1808.0,1800,0.0,0.0
2024-06-21 09:25:00+09:00,1805.0,1811.0,1789.0,1806.0,11400,0.0,0.0
2024-06-21 09:30:00+09:00,1806.0,1819.0,1804.0,1819.0,3900,0.0,0.0
2024-06-21 09:35:00+09:00,1818.0,1818.0,1787.0,1787.0,3100,0.0,0.0
2024-06-21 09:40:00+09:00,1795.0,1801.0,1795.0,1801.0,0,0.0,0.0
2024-06-21 09:45:00+09:00,1798.0,1806.0,1797.0,1806.0,55000,0.0,0.0
2024-06-21 09:50:00+09:00,1802.0,1809.0,1802.0,1807.0,800,0.0,0.0
2024-06-21 09:55:00+09:00,1810.0,1823.0,1810.0,1822.0,3200,0.0,0.0
2024-06-21 10:00:00+09:00,1816.0,1817.0,1808.0,1808.0,1900,0.0,0.0
2024-06-21 10:05:00+09:00,1807.0,1818.0,1806.0,1818.0,0,0.0,0.0
2024-06-21 10:10:00+09:00,1821.0,1823.0,1819.0,1823.0,63900,0.0,0.0
2024-06-21 10:25:00+09:00,1819.0,1821.0,1816.0,1820.0,1600,0.0,0.0
2024-06-21 10:30:00+09:00,1822.0,1823.0,1820.0,1823.0,900,0.0,0.0
2024-06-21 10:35:00+09:00,1823.0,1823.0,1821.0,1821.0,500,0.0,0.0
2024-06-21 10:45:00+09:00,1819.0,1822.0,1816.0,1816.0,1200,0.0,0.0
2024-06-21 10:50:00+09:00,1815.0,1820.0,1815.0,1820.0,300,0.0,0.0
2024-06-21 10:55:00+09:00,1819.0,1820.0,1819.0,1820.0,300,0.0,0.0
2024-06-21 11:05:00+09:00,1818.0,1818.0,1818.0,1818.0,500,0.0,0.0
2024-06-21 11:10:00+09:00,1820.0,1831.0,1820.0,1827.0,4500,0.0,0.0
2024-06-21 11:15:00+09:00,1828.0,1828.0,1820.0,1820.0,1400,0.0,0.0
2024-06-21 11:20:00+09:00,1820.0,1820.0,1817.0,1817.0,200,0.0,0.0
2024-06-21 11:25:00+09:00,1816.0,1816.0,1805.0,1809.0,1300,0.0,0.0
2024-06-21 11:35:00+09:00,1809.0,1809.0,1809.0,1809.0,0,0.0,0.0
2024-06-21 12:30:00+09:00,1805.0,1810.0,1797.0,1810.0,81600,0.0,0.0
2024-06-21 12:35:00+09:00,1810.0,1816.0,1800.0,1805.0,2300,0.0,0.0
2024-06-21 12:40:00+09:00,1800.0,1800.0,1800.0,1800.0,1300,0.0,0.0
2024-06-21 12:45:00+09:00,1799.0,1803.0,1799.0,1803.0,900,0.0,0.0
2024-06-21 12:50:00+09:00,1803.0,1806.0,1802.0,1806.0,500,0.0,0.0
2024-06-21 12:55:00+09:00,1807.0,1810.0,1805.0,1805.0,900,0.0,0.0
2024-06-21 13:00:00+09:00,1803.0,1803.0,1802.0,1802.0,300,0.0,0.0
2024-06-21 13:05:00+09:00,1800.0,1800.0,1797.0,1797.0,500,0.0,0.0
2024-06-21 13:10:00+09:00,1796.0,1798.0,1795.0,1798.0,500,0.0,0.0
2024-06-21 13:15:00+09:00,1796.0,1800.0,1795.0,1800.0,1200,0.0,0.0
2024-06-21 13:20:00+09:00,1800.0,1800.0,1795.0,1795.0,900,0.0,0.0
2024-06-21 13:25:00+09:00,1797.0,1797.0,1796.0,1796.0,1000,0.0,0.0
2024-06-21 13:30:00+09:00,1796.0,1802.0,1796.0,1797.0,1900,0.0,0.0
2024-06-21 13:35:00+09:00,1793.0,1793.0,1789.0,1793.0,3600,0.0,0.0
2024-06-21 13:40:00+09:00,1796.0,1796.0,1796.0,1796.0,100,0.0,0.0
2024-06-21 13:45:00+09:00,1791.0,1791.0,1786.0,1786.0,2400,0.0,0.0
2024-06-21 13:50:00+09:00,1785.0,1794.0,1783.0,1794.0,1600,0.0,0.0
2024-06-21 13:55:00+09:00,1791.0,1795.0,1791.0,1794.0,1200,0.0,0.0
2024-06-21 14:00:00+09:00,1795.0,1795.0,1790.0,1790.0,600,0.0,0.0
2024-06-21 14:10:00+09:00,1789.0,1789.0,1785.0,1785.0,500,0.0,0.0
2024-06-21 14:15:00+09:00,1784.0,1785.0,1781.0,1784.0,800,0.0,0.0
2024-06-21 14:20:00+09:00,1785.0,1786.0,1777.0,1777.0,3000,0.0,0.0
2024-06-21 14:25:00+09:00,1777.0,1781.0,1777.0,1781.0,1100,0.0,0.0
2024-06-21 14:30:00+09:00,1782.0,1785.0,1779.0,1785.0,3400,0.0,0.0
2024-06-21 14:35:00+09:00,1785.0,1786.0,1785.0,1785.0,500,0.0,0.0
2024-06-21 14:40:00+09:00,1784.0,1790.0,1784.0,1789.0,1500,0.0,0.0
2024-06-21 14:45:00+09:00,1789.0,1789.0,1787.0,1789.0,900,0.0,0.0
2024-06-21 14:50:00+09:00,1790.0,1790.0,1784.0,1786.0,4400,0.0,0.0
2024-06-21 14:55:00+09:00,1786.0,1791.0,1779.0,1781.0,2900,0.0,0.0
2024-06-24 09:00:00+09:00,1779.0,1804.0,1779.0,1796.0,0,0.0,0.0
2024-06-24 09:05:00+09:00,1803.0,1823.0,1803.0,1821.0,3600,0.0,0.0
2024-06-24 09:10:00+09:00,1825.0,1825.0,1811.0,1813.0,2700,0.0,0.0
2024-06-24 09:15:00+09:00,1819.0,1831.0,1814.0,1830.0,6500,0.0,0.0
2024-06-24 09:20:00+09:00,1827.0,1838.0,1824.0,1826.0,3900,0.0,0.0
2024-06-24 09:25:00+09:00,1824.0,1824.0,1824.0,1824.0,200,0.0,0.0
2024-06-24 09:30:00+09:00,1832.0,1832.0,1823.0,1823.0,800,0.0,0.0
2024-06-24 09:35:00+09:00,1830.0,1832.0,1823.0,1832.0,300,0.0,0.0
2024-06-24 09:40:00+09:00,1827.0,1830.0,1822.0,1822.0,800,0.0,0.0
2024-06-24 09:45:00+09:00,1821.0,1821.0,1808.0,1811.0,2400,0.0,0.0
2024-06-24 09:50:00+09:00,1816.0,1823.0,1816.0,1823.0,0,0.0,0.0
2024-06-24 09:55:00+09:00,1819.0,1819.0,1819.0,1819.0,36700,0.0,0.0
2024-06-24 10:00:00+09:00,1816.0,1823.0,1812.0,1820.0,1500,0.0,0.0
2024-06-24 10:05:00+09:00,1816.0,1816.0,1806.0,1807.0,1100,0.0,0.0
2024-06-24 10:10:00+09:00,1805.0,1805.0,1787.0,1787.0,5100,0.0,0.0
2024-06-24 10:15:00+09:00,1786.0,1792.0,1785.0,1792.0,3200,0.0,0.0
2024-06-24 10:20:00+09:00,1793.0,1795.0,1789.0,1789.0,300,0.0,0.0
2024-06-24 10:25:00+09:00,1794.0,1803.0,1794.0,1803.0,1300,0.0,0.0
2024-06-24 10:30:00+09:00,1801.0,1801.0,1798.0,1798.0,600,0.0,0.0
2024-06-24 10:35:00+09:00,1797.0,1797.0,1792.0,1796.0,500,0.0,0.0
2024-06-24 10:40:00+09:00,1791.0,1791.0,1789.0,1791.0,300,0.0,0.0
2024-06-24 10:45:00+09:00,1792.0,1792.0,1790.0,1790.0,300,0.0,0.0
2024-06-24 10:50:00+09:00,1789.0,1789.0,1782.0,1782.0,900,0.0,0.0
2024-06-24 10:55:00+09:00,1781.0,1781.0,1768.0,1777.0,6700,0.0,0.0
2024-06-24 11:00:00+09:00,1775.0,1776.0,1773.0,1773.0,1400,0.0,0.0
2024-06-24 11:05:00+09:00,1771.0,1771.0,1762.0,1769.0,10300,0.0,0.0
2024-06-24 11:10:00+09:00,1767.0,1770.0,1765.0,1770.0,2100,0.0,0.0
2024-06-24 11:15:00+09:00,1774.0,1774.0,1765.0,1766.0,2600,0.0,0.0
2024-06-24 11:20:00+09:00,1766.0,1771.0,1766.0,1767.0,600,0.0,0.0
2024-06-24 11:25:00+09:00,1772.0,1773.0,1757.0,1767.0,11700,0.0,0.0
2024-06-24 11:30:00+09:00,1764.0,1764.0,1764.0,1764.0,100,0.0,0.0
2024-06-24 11:35:00+09:00,1764.0,1764.0,1764.0,1764.0,0,0.0,0.0
2024-06-24 12:30:00+09:00,1758.0,1759.0,1738.0,1738.0,95600,0.0,0.0
2024-06-24 12:35:00+09:00,1740.0,1743.0,1731.0,1742.0,5000,0.0,0.0
2024-06-24 12:40:00+09:00,1743.0,1744.0,1734.0,1740.0,4800,0.0,0.0
2024-06-24 12:45:00+09:00,1739.0,1739.0,1730.0,1730.0,1500,0.0,0.0
2024-06-24 12:50:00+09:00,1730.0,1732.0,1713.0,1720.0,10700,0.0,0.0
2024-06-24 12:55:00+09:00,1719.0,1721.0,1712.0,1721.0,3700,0.0,0.0
2024-06-24 13:00:00+09:00,1721.0,1725.0,1711.0,1714.0,5100,0.0,0.0
2024-06-24 13:05:00+09:00,1712.0,1712.0,1687.0,1687.0,23300,0.0,0.0
2024-06-24 13:10:00+09:00,1688.0,1688.0,1671.0,1679.0,22700,0.0,0.0
2024-06-24 13:15:00+09:00,1678.0,1685.0,1668.0,1677.0,9300,0.0,0.0
2024-06-24 13:20:00+09:00,1677.0,1687.0,1675.0,1686.0,4100,0.0,0.0
2024-06-24 13:25:00+09:00,1688.0,1699.0,1683.0,1699.0,5400,0.0,0.0
2024-06-24 13:30:00+09:00,1699.0,1705.0,1695.0,1701.0,3100,0.0,0.0
2024-06-24 13:35:00+09:00,1702.0,1703.0,1688.0,1703.0,3900,0.0,0.0
2024-06-24 13:40:00+09:00,1700.0,1700.0,1688.0,1691.0,2300,0.0,0.0
2024-06-24 13:45:00+09:00,1691.0,1693.0,1688.0,1693.0,1600,0.0,0.0
2024-06-24 13:50:00+09:00,1689.0,1694.0,1689.0,1691.0,800,0.0,0.0
2024-06-24 13:55:00+09:00,1694.0,1699.0,1687.0,1690.0,5500,0.0,0.0
2024-06-24 14:00:00+09:00,1690.0,1694.0,1689.0,1689.0,1200,0.0,0.0
2024-06-24 14:05:00+09:00,1690.0,1699.0,1690.0,1699.0,4300,0.0,0.0
2024-06-24 14:10:00+09:00,1699.0,1703.0,1699.0,1703.0,1600,0.0,0.0
2024-06-24 14:15:00+09:00,1702.0,1702.0,1697.0,1699.0,3500,0.0,0.0
2024-06-24 14:20:00+09:00,1698.0,1698.0,1697.0,1697.0,500,0.0,0.0
2024-06-24 14:25:00+09:00,1696.0,1699.0,1692.0,1694.0,3400,0.0,0.0
2024-06-24 14:30:00+09:00,1691.0,1694.0,1691.0,1693.0,400,0.0,0.0
2024-06-24 14:35:00+09:00,1694.0,1695.0,1691.0,1691.0,1500,0.0,0.0
2024-06-24 14:40:00+09:00,1691.0,1691.0,1689.0,1690.0,1800,0.0,0.0
2024-06-24 14:45:00+09:00,1692.0,1692.0,1690.0,1690.0,2300,0.0,0.0
2024-06-24 14:50:00+09:00,1690.0,1708.0,1690.0,1702.0,14700,0.0,0.0
2024-06-24 14:55:00+09:00,1699.0,1707.0,1699.0,1707.0,4500,0.0,0.0
2024-06-25 09:00:00+09:00,1692.0,1704.0,1684.0,1684.0,15300,0.0,0.0
2024-06-25 09:05:00+09:00,1684.0,1687.0,1680.0,1682.0,3900,0.0,0.0
2024-06-25 09:10:00+09:00,1684.0,1688.0,1684.0,1686.0,1600,0.0,0.0
2024-06-25 09:15:00+09:00,1685.0,1685.0,1681.0,1684.0,1500,0.0,0.0
2024-06-25 09:20:00+09:00,1684.0,1688.0,1684.0,1687.0,1100,0.0,0.0
2024-06-25 09:25:00+09:00,1689.0,1691.0,1686.0,1691.0,2700,0.0,0.0
2024-06-25 09:30:00+09:00,1692.0,1695.0,1689.0,1693.0,2200,0.0,0.0
2024-06-25 09:35:00+09:00,1692.0,1694.0,1692.0,1694.0,700,0.0,0.0
2024-06-25 09:40:00+09:00,1695.0,1700.0,1695.0,1700.0,600,0.0,0.0
2024-06-25 09:45:00+09:00,1700.0,1716.0,1700.0,1714.0,4200,0.0,0.0
2024-06-25 09:50:00+09:00,1713.0,1713.0,1705.0,1705.0,900,0.0,0.0
2024-06-25 09:55:00+09:00,1704.0,1704.0,1702.0,1704.0,1300,0.0,0.0
2024-06-25 10:00:00+09:00,1703.0,1709.0,1703.0,1709.0,600,0.0,0.0
2024-06-25 10:10:00+09:00,1713.0,1714.0,1710.0,1714.0,1300,0.0,0.0
2024-06-25 10:15:00+09:00,1713.0,1723.0,1713.0,1718.0,2100,0.0,0.0
2024-06-25 10:20:00+09:00,1721.0,1721.0,1721.0,1721.0,200,0.0,0.0
2024-06-25 10:25:00+09:00,1724.0,1728.0,1724.0,1727.0,2000,0.0,0.0
2024-06-25 10:30:00+09:00,1727.0,1730.0,1725.0,1730.0,3400,0.0,0.0
2024-06-25 10:35:00+09:00,1730.0,1730.0,1726.0,1727.0,400,0.0,0.0
2024-06-25 10:40:00+09:00,1727.0,1727.0,1721.0,1721.0,1700,0.0,0.0
2024-06-25 10:45:00+09:00,1723.0,1729.0,1723.0,1725.0,500,0.0,0.0
2024-06-25 10:50:00+09:00,1724.0,1724.0,1709.0,1720.0,3100,0.0,0.0
2024-06-25 11:00:00+09:00,1723.0,1723.0,1723.0,1723.0,100,0.0,0.0
2024-06-25 11:05:00+09:00,1724.0,1749.0,1724.0,1746.0,11400,0.0,0.0
2024-06-25 11:10:00+09:00,1744.0,1744.0,1739.0,1740.0,2600,0.0,0.0
2024-06-25 11:15:00+09:00,1737.0,1739.0,1735.0,1735.0,900,0.0,0.0
2024-06-25 11:20:00+09:00,1737.0,1740.0,1733.0,1740.0,2600,0.0,0.0
2024-06-25 11:25:00+09:00,1741.0,1741.0,1736.0,1736.0,400,0.0,0.0
2024-06-25 11:30:00+09:00,1741.0,1741.0,1741.0,1741.0,400,0.0,0.0
2024-06-25 11:35:00+09:00,1741.0,1741.0,1741.0,1741.0,0,0.0,0.0
2024-06-25 12:30:00+09:00,1740.0,1740.0,1723.0,1726.0,74500,0.0,0.0
2024-06-25 12:35:00+09:00,1723.0,1723.0,1712.0,1712.0,4000,0.0,0.0
2024-06-25 12:40:00+09:00,1710.0,1713.0,1708.0,1708.0,2400,0.0,0.0
2024-06-25 12:45:00+09:00,1707.0,1712.0,1707.0,1708.0,4600,0.0,0.0
2024-06-25 12:50:00+09:00,1708.0,1719.0,1703.0,1717.0,5300,0.0,0.0
2024-06-25 12:55:00+09:00,1718.0,1725.0,1718.0,1720.0,600,0.0,0.0
2024-06-25 13:00:00+09:00,1720.0,1723.0,1720.0,1721.0,500,0.0,0.0
2024-06-25 13:05:00+09:00,1722.0,1722.0,1717.0,1718.0,1100,0.0,0.0
2024-06-25 13:10:00+09:00,1718.0,1718.0,1717.0,1718.0,400,0.0,0.0
2024-06-25 13:15:00+09:00,1714.0,1719.0,1712.0,1713.0,900,0.0,0.0
2024-06-25 13:20:00+09:00,1714.0,1714.0,1712.0,1714.0,600,0.0,0.0
2024-06-25 13:25:00+09:00,1715.0,1715.0,1715.0,1715.0,100,0.0,0.0
2024-06-25 13:30:00+09:00,1715.0,1718.0,1715.0,1718.0,200,0.0,0.0
2024-06-25 13:35:00+09:00,1716.0,1716.0,1716.0,1716.0,100,0.0,0.0
2024-06-25 13:45:00+09:00,1713.0,1713.0,1712.0,1712.0,300,0.0,0.0
2024-06-25 14:00:00+09:00,1712.0,1722.0,1710.0,1718.0,1800,0.0,0.0
2024-06-25 14:05:00+09:00,1719.0,1719.0,1713.0,1714.0,1000,0.0,0.0
2024-06-25 14:10:00+09:00,1711.0,1711.0,1708.0,1709.0,1800,0.0,0.0
2024-06-25 14:15:00+09:00,1704.0,1706.0,1702.0,1706.0,3200,0.0,0.0
2024-06-25 14:20:00+09:00,1706.0,1713.0,1706.0,1711.0,4900,0.0,0.0
2024-06-25 14:25:00+09:00,1712.0,1712.0,1704.0,1711.0,900,0.0,0.0
2024-06-25 14:30:00+09:00,1714.0,1714.0,1714.0,1714.0,100,0.0,0.0
2024-06-25 14:35:00+09:00,1713.0,1713.0,1713.0,1713.0,200,0.0,0.0
2024-06-25 14:45:00+09:00,1713.0,1714.0,1710.0,1713.0,2200,0.0,0.0
2024-06-25 14:50:00+09:00,1715.0,1716.0,1715.0,1716.0,400,0.0,0.0
2024-06-25 14:55:00+09:00,1715.0,1716.0,1711.0,1715.0,1400,0.0,0.0
2024-06-26 09:00:00+09:00,1700.0,1720.0,1695.0,1712.0,7600,0.0,0.0
2024-06-26 09:05:00+09:00,1714.0,1714.0,1692.0,1702.0,2800,0.0,0.0
2024-06-26 09:10:00+09:00,1694.0,1695.0,1690.0,1695.0,2300,0.0,0.0
2024-06-26 09:15:00+09:00,1696.0,1706.0,1693.0,1705.0,900,0.0,0.0
2024-06-26 09:20:00+09:00,1707.0,1723.0,1707.0,1723.0,1300,0.0,0.0
2024-06-26 09:25:00+09:00,1724.0,1725.0,1714.0,1714.0,1400,0.0,0.0
2024-06-26 09:30:00+09:00,1718.0,1718.0,1718.0,1718.0,100,0.0,0.0
2024-06-26 09:35:00+09:00,1720.0,1722.0,1720.0,1722.0,1900,0.0,0.0
2024-06-26 09:40:00+09:00,1725.0,1737.0,1725.0,1737.0,3500,0.0,0.0
2024-06-26 09:45:00+09:00,1740.0,1745.0,1738.0,1745.0,2200,0.0,0.0
2024-06-26 09:50:00+09:00,1749.0,1755.0,1748.0,1750.0,2800,0.0,0.0
2024-06-26 09:55:00+09:00,1749.0,1758.0,1749.0,1756.0,1300,0.0,0.0
2024-06-26 10:00:00+09:00,1758.0,1759.0,1746.0,1756.0,2900,0.0,0.0
2024-06-26 10:05:00+09:00,1756.0,1758.0,1753.0,1756.0,1100,0.0,0.0
2024-06-26 10:10:00+09:00,1755.0,1758.0,1754.0,1758.0,1000,0.0,0.0
2024-06-26 10:15:00+09:00,1758.0,1759.0,1758.0,1758.0,400,0.0,0.0
2024-06-26 10:20:00+09:00,1760.0,1769.0,1756.0,1769.0,2700,0.0,0.0
2024-06-26 10:25:00+09:00,1767.0,1767.0,1759.0,1759.0,1700,0.0,0.0
2024-06-26 10:30:00+09:00,1756.0,1762.0,1756.0,1762.0,300,0.0,0.0
2024-06-26 10:35:00+09:00,1768.0,1774.0,1762.0,1765.0,2000,0.0,0.0
2024-06-26 10:40:00+09:00,1761.0,1761.0,1759.0,1759.0,200,0.0,0.0
2024-06-26 10:45:00+09:00,1764.0,1764.0,1764.0,1764.0,100,0.0,0.0
2024-06-26 10:50:00+09:00,1760.0,1760.0,1751.0,1751.0,1400,0.0,0.0
2024-06-26 10:55:00+09:00,1754.0,1754.0,1744.0,1744.0,1500,0.0,0.0
2024-06-26 11:10:00+09:00,1744.0,1744.0,1740.0,1740.0,900,0.0,0.0
2024-06-26 11:15:00+09:00,1740.0,1742.0,1739.0,1742.0,900,0.0,0.0
2024-06-26 11:25:00+09:00,1743.0,1743.0,1742.0,1742.0,200,0.0,0.0
2024-06-26 11:35:00+09:00,1742.0,1742.0,1742.0,1742.0,0,0.0,0.0
2024-06-26 12:30:00+09:00,1738.0,1738.0,1735.0,1736.0,46700,0.0,0.0
2024-06-26 12:35:00+09:00,1736.0,1742.0,1734.0,1738.0,2400,0.0,0.0
2024-06-26 12:40:00+09:00,1738.0,1742.0,1732.0,1740.0,2300,0.0,0.0
2024-06-26 12:45:00+09:00,1740.0,1740.0,1740.0,1740.0,300,0.0,0.0
2024-06-26 12:50:00+09:00,1740.0,1740.0,1735.0,1737.0,800,0.0,0.0
2024-06-26 12:55:00+09:00,1736.0,1736.0,1736.0,1736.0,100,0.0,0.0
2024-06-26 13:00:00+09:00,1738.0,1743.0,1738.0,1740.0,1100,0.0,0.0
2024-06-26 13:05:00+09:00,1739.0,1749.0,1738.0,1749.0,1200,0.0,0.0
2024-06-26 13:10:00+09:00,1749.0,1749.0,1744.0,1744.0,1200,0.0,0.0
2024-06-26 13:15:00+09:00,1746.0,1746.0,1746.0,1746.0,100,0.0,0.0
2024-06-26 13:20:00+09:00,1747.0,1752.0,1747.0,1749.0,800,0.0,0.0
2024-06-26 13:25:00+09:00,1751.0,1751.0,1751.0,1751.0,200,0.0,0.0
2024-06-26 13:30:00+09:00,1755.0,1757.0,1753.0,1754.0,800,0.0,0.0
2024-06-26 13:35:00+09:00,1755.0,1757.0,1753.0,1754.0,600,0.0,0.0
2024-06-26 13:40:00+09:00,1755.0,1756.0,1754.0,1754.0,700,0.0,0.0
2024-06-26 13:45:00+09:00,1752.0,1752.0,1751.0,1751.0,200,0.0,0.0
2024-06-26 13:50:00+09:00,1753.0,1753.0,1750.0,1753.0,600,0.0,0.0
2024-06-26 13:55:00+09:00,1752.0,1752.0,1752.0,1752.0,100,0.0,0.0
2024-06-26 14:00:00+09:00,1752.0,1752.0,1752.0,1752.0,300,0.0,0.0
2024-06-26 14:05:00+09:00,1753.0,1753.0,1745.0,1745.0,2000,0.0,0.0
2024-06-26 14:10:00+09:00,1746.0,1746.0,1744.0,1745.0,400,0.0,0.0
2024-06-26 14:15:00+09:00,1747.0,1747.0,1743.0,1743.0,400,0.0,0.0
2024-06-26 14:20:00+09:00,1738.0,1739.0,1730.0,1730.0,2000,0.0,0.0
2024-06-26 14:25:00+09:00,1733.0,1733.0,1733.0,1733.0,100,0.0,0.0
2024-06-26 14:30:00+09:00,1733.0,1736.0,1727.0,1736.0,2600,0.0,0.0
2024-06-26 14:35:00+09:00,1735.0,1735.0,1732.0,1732.0,700,0.0,0.0
2024-06-26 14:40:00+09:00,1733.0,1734.0,1733.0,1734.0,600,0.0,0.0
2024-06-26 14:45:00+09:00,1734.0,1739.0,1734.0,1738.0,1100,0.0,0.0
2024-06-26 14:50:00+09:00,1739.0,1740.0,1738.0,1739.0,1200,0.0,0.0
2024-06-26 14:55:00+09:00,1741.0,1742.0,1741.0,1741.0,900,0.0,0.0
2024-06-27 09:00:00+09:00,1731.0,1745.0,1731.0,1735.0,3900,0.0,0.0
2024-06-27 09:05:00+09:00,1730.0,1730.0,1730.0,1730.0,300,0.0,0.0
2024-06-27 09:10:00+09:00,1735.0,1735.0,1735.0,1735.0,100,0.0,0.0
2024-06-27 09:15:00+09:00,1731.0,1731.0,1730.0,1730.0,600,0.0,0.0
2024-06-27 09:25:00+09:00,1736.0,1737.0,1736.0,1737.0,200,0.0,0.0
2024-06-27 09:30:00+09:00,1737.0,1737.0,1733.0,1733.0,2000,0.0,0.0
2024-06-27 09:35:00+09:00,1742.0,1754.0,1742.0,1754.0,1500,0.0,0.0
2024-06-27 09:40:00+09:00,1750.0,1755.0,1750.0,1755.0,200,0.0,0.0
2024-06-27 09:45:00+09:00,1752.0,1756.0,1752.0,1756.0,800,0.0,0.0
2024-06-27 09:50:00+09:00,1757.0,1759.0,1757.0,1759.0,200,0.0,0.0
2024-06-27 09:55:00+09:00,1759.0,1787.0,1759.0,1786.0,6500,0.0,0.0
2024-06-27 10:00:00+09:00,1786.0,1791.0,1779.0,1779.0,2400,0.0,0.0
2024-06-27 10:05:00+09:00,1774.0,1774.0,1758.0,1758.0,7100,0.0,0.0
2024-06-27 10:10:00+09:00,1762.0,1773.0,1755.0,1769.0,3900,0.0,0.0
2024-06-27 10:15:00+09:00,1769.0,1769.0,1769.0,1769.0,200,0.0,0.0
2024-06-27 10:20:00+09:00,1776.0,1782.0,1776.0,1782.0,300,0.0,0.0
2024-06-27 10:25:00+09:00,1784.0,1784.0,1781.0,1781.0,200,0.0,0.0
2024-06-27 10:30:00+09:00,1780.0,1784.0,1780.0,1784.0,500,0.0,0.0
2024-06-27 10:40:00+09:00,1779.0,1779.0,1770.0,1776.0,800,0.0,0.0
2024-06-27 10:50:00+09:00,1774.0,1774.0,1765.0,1765.0,0,0.0,0.0
2024-06-27 10:55:00+09:00,1766.0,1766.0,1757.0,1757.0,34500,0.0,0.0
2024-06-27 11:00:00+09:00,1757.0,1760.0,1750.0,1753.0,3200,0.0,0.0
2024-06-27 11:05:00+09:00,1760.0,1760.0,1754.0,1754.0,900,0.0,0.0
2024-06-27 11:10:00+09:00,1756.0,1758.0,1756.0,1757.0,900,0.0,0.0
2024-06-27 11:15:00+09:00,1754.0,1754.0,1747.0,1747.0,900,0.0,0.0
2024-06-27 11:20:00+09:00,1750.0,1756.0,1750.0,1756.0,600,0.0,0.0
2024-06-27 11:35:00+09:00,1756.0,1756.0,1756.0,1756.0,0,0.0,0.0
2024-06-27 12:30:00+09:00,1751.0,1752.0,1750.0,1752.0,43500,0.0,0.0
2024-06-27 12:35:00+09:00,1749.0,1749.0,1745.0,1745.0,600,0.0,0.0
2024-06-27 12:40:00+09:00,1745.0,1745.0,1745.0,1745.0,200,0.0,0.0
2024-06-27 12:45:00+09:00,1745.0,1752.0,1745.0,1752.0,500,0.0,0.0
2024-06-27 12:55:00+09:00,1746.0,1749.0,1746.0,1749.0,300,0.0,0.0
2024-06-27 13:00:00+09:00,1746.0,1746.0,1746.0,1746.0,100,0.0,0.0
2024-06-27 13:05:00+09:00,1744.0,1749.0,1744.0,1749.0,400,0.0,0.0
2024-06-27 13:10:00+09:00,1748.0,1752.0,1745.0,1749.0,2400,0.0,0.0
2024-06-27 13:15:00+09:00,1754.0,1761.0,1754.0,1761.0,900,0.0,0.0
2024-06-27 13:20:00+09:00,1761.0,1761.0,1759.0,1759.0,200,0.0,0.0
2024-06-27 13:25:00+09:00,1754.0,1760.0,1754.0,1760.0,900,0.0,0.0
2024-06-27 13:30:00+09:00,1759.0,1761.0,1759.0,1761.0,300,0.0,0.0
2024-06-27 13:35:00+09:00,1764.0,1764.0,1764.0,1764.0,100,0.0,0.0
2024-06-27 13:40:00+09:00,1763.0,1766.0,1763.0,1766.0,1200,0.0,0.0
2024-06-27 13:50:00+09:00,1766.0,1769.0,1766.0,1769.0,200,0.0,0.0
2024-06-27 13:55:00+09:00,1771.0,1771.0,1761.0,1769.0,1700,0.0,0.0
2024-06-27 14:00:00+09:00,1771.0,1771.0,1771.0,1771.0,100,0.0,0.0
2024-06-27 14:05:00+09:00,1772.0,1772.0,1761.0,1766.0,900,0.0,0.0
2024-06-27 14:10:00+09:00,1762.0,1765.0,1754.0,1758.0,1900,0.0,0.0
2024-06-27 14:15:00+09:00,1760.0,1765.0,1760.0,1762.0,1400,0.0,0.0
2024-06-27 14:20:00+09:00,1760.0,1760.0,1759.0,1759.0,200,0.0,0.0
2024-06-27 14:25:00+09:00,1760.0,1760.0,1756.0,1756.0,1100,0.0,0.0
2024-06-27 14:30:00+09:00,1758.0,1758.0,1756.0,1756.0,200,0.0,0.0
2024-06-27 14:35:00+09:00,1754.0,1754.0,1753.0,1753.0,400,0.0,0.0
2024-06-27 14:40:00+09:00,1752.0,1752.0,1752.0,1752.0,300,0.0,0.0
2024-06-27 14:45:00+09:00,1750.0,1750.0,1747.0,1749.0,2200,0.0,0.0
2024-06-27 14:50:00+09:00,1749.0,1750.0,1748.0,1749.0,500,0.0,0.0
2024-06-27 14:55:00+09:00,1750.0,1756.0,1744.0,1751.0,3700,0.0,0.0
2024-06-28 09:00:00+09:00,1769.0,1769.0,1760.0,1760.0,2700,0.0,0.0
2024-06-28 09:05:00+09:00,1752.0,1755.0,1741.0,1741.0,4000,0.0,0.0
2024-06-28 09:10:00+09:00,1740.0,1746.0,1740.0,1740.0,400,0.0,0.0
2024-06-28 09:15:00+09:00,1740.0,1740.0,1731.0,1731.0,1100,0.0,0.0
2024-06-28 09:20:00+09:00,1736.0,1736.0,1733.0,1735.0,300,0.0,0.0
2024-06-28 09:25:00+09:00,1732.0,1732.0,1725.0,1731.0,1900,0.0,0.0
2024-06-28 09:30:00+09:00,1725.0,1726.0,1724.0,1726.0,1000,0.0,0.0
2024-06-28 09:35:00+09:00,1727.0,1729.0,1724.0,1729.0,1200,0.0,0.0
2024-06-28 09:40:00+09:00,1731.0,1732.0,1723.0,1728.0,1000,0.0,0.0
2024-06-28 09:45:00+09:00,1725.0,1725.0,1721.0,1724.0,1000,0.0,0.0
2024-06-28 09:55:00+09:00,1724.0,1725.0,1717.0,1725.0,2100,0.0,0.0
2024-06-28 10:00:00+09:00,1721.0,1728.0,1720.0,1725.0,3600,0.0,0.0
2024-06-28 10:10:00+09:00,1723.0,1723.0,1723.0,1723.0,100,0.0,0.0
2024-06-28 10:15:00+09:00,1722.0,1722.0,1722.0,1722.0,100,0.0,0.0
2024-06-28 10:25:00+09:00,1723.0,1723.0,1712.0,1714.0,3400,0.0,0.0
2024-06-28 10:30:00+09:00,1712.0,1712.0,1690.0,1704.0,9900,0.0,0.0
2024-06-28 10:35:00+09:00,1708.0,1712.0,1703.0,1712.0,1600,0.0,0.0
2024-06-28 10:40:00+09:00,1712.0,1713.0,1712.0,1713.0,1000,0.0,0.0
2024-06-28 10:45:00+09:00,1714.0,1714.0,1714.0,1714.0,100,0.0,0.0
2024-06-28 10:50:00+09:00,1714.0,1718.0,1714.0,1718.0,900,0.0,0.0
2024-06-28 10:55:00+09:00,1721.0,1721.0,1721.0,1721.0,100,0.0,0.0
2024-06-28 11:00:00+09:00,1719.0,1720.0,1718.0,1720.0,700,0.0,0.0
2024-06-28 11:20:00+09:00,1723.0,1727.0,1717.0,1720.0,6000,0.0,0.0
2024-06-28 11:30:00+09:00,1720.0,1720.0,1720.0,1720.0,300,0.0,0.0
2024-06-28 11:35:00+09:00,1720.0,1720.0,1720.0,1720.0,0,0.0,0.0
2024-06-28 12:30:00+09:00,1717.0,1717.0,1715.0,1715.0,45600,0.0,0.0
2024-06-28 12:35:00+09:00,1715.0,1715.0,1715.0,1715.0,400,0.0,0.0
2024-06-28 12:40:00+09:00,1713.0,1713.0,1702.0,1703.0,6300,0.0,0.0
2024-06-28 12:45:00+09:00,1703.0,1707.0,1700.0,1707.0,5700,0.0,0.0
2024-06-28 12:50:00+09:00,1710.0,1711.0,1710.0,1711.0,200,0.0,0.0
2024-06-28 12:55:00+09:00,1713.0,1713.0,1707.0,1707.0,500,0.0,0.0
2024-06-28 13:00:00+09:00,1707.0,1707.0,1707.0,1707.0,200,0.0,0.0
2024-06-28 13:05:00+09:00,1711.0,1711.0,1706.0,1711.0,500,0.0,0.0
2024-06-28 13:10:00+09:00,1709.0,1711.0,1705.0,1711.0,1300,0.0,0.0
2024-06-28 13:15:00+09:00,1711.0,1716.0,1711.0,1716.0,1800,0.0,0.0
2024-06-28 13:20:00+09:00,1717.0,1718.0,1714.0,1718.0,500,0.0,0.0
2024-06-28 13:35:00+09:00,1716.0,1717.0,1714.0,1717.0,600,0.0,0.0
2024-06-28 13:40:00+09:00,1711.0,1714.0,1711.0,1714.0,400,0.0,0.0
2024-06-28 13:45:00+09:00,1710.0,1710.0,1710.0,1710.0,100,0.0,0.0
2024-06-28 13:50:00+09:00,1709.0,1712.0,1706.0,1712.0,700,0.0,0.0
2024-06-28 14:05:00+09:00,1712.0,1712.0,1712.0,1712.0,100,0.0,0.0
2024-06-28 14:10:00+09:00,1707.0,1707.0,1703.0,1705.0,1800,0.0,0.0
2024-06-28 14:20:00+09:00,1706.0,1706.0,1701.0,1705.0,800,0.0,0.0
2024-06-28 14:25:00+09:00,1702.0,1702.0,1700.0,1701.0,1100,0.0,0.0
2024-06-28 14:30:00+09:00,1700.0,1706.0,1700.0,1706.0,1100,0.0,0.0
2024-06-28 14:35:00+09:00,1704.0,1711.0,1704.0,1711.0,800,0.0,0.0
2024-06-28 14:40:00+09:00,1708.0,1708.0,1707.0,1708.0,700,0.0,0.0
2024-06-28 14:45:00+09:00,1707.0,1711.0,1707.0,1711.0,1200,0.0,0.0
2024-06-28 14:50:00+09:00,1712.0,1712.0,1711.0,1711.0,800,0.0,0.0
2024-06-28 14:55:00+09:00,1711.0,1711.0,1700.0,1703.0,7000,0.0,0.0
2024-07-01 09:00:00+09:00,1700.0,1722.0,1700.0,1712.0,5800,0.0,0.0
2024-07-01 09:05:00+09:00,1708.0,1713.0,1705.0,1713.0,400,0.0,0.0
2024-07-01 09:10:00+09:00,1712.0,1716.0,1711.0,1716.0,400,0.0,0.0
2024-07-01 09:15:00+09:00,1714.0,1714.0,1714.0,1714.0,100,0.0,0.0
2024-07-01 09:20:00+09:00,1712.0,1712.0,1712.0,1712.0,400,0.0,0.0
2024-07-01 09:25:00+09:00,1710.0,1710.0,1710.0,1710.0,100,0.0,0.0
2024-07-01 09:30:00+09:00,1710.0,1710.0,1710.0,1710.0,100,0.0,0.0
2024-07-01 09:35:00+09:00,1706.0,1719.0,1700.0,1714.0,2400,0.0,0.0
2024-07-01 09:40:00+09:00,1715.0,1715.0,1715.0,1715.0,100,0.0,0.0
2024-07-01 09:45:00+09:00,1716.0,1717.0,1716.0,1717.0,200,0.0,0.0
2024-07-01 09:50:00+09:00,1717.0,1717.0,1717.0,1717.0,100,0.0,0.0
2024-07-01 09:55:00+09:00,1712.0,1712.0,1712.0,1712.0,100,0.0,0.0
2024-07-01 10:05:00+09:00,1710.0,1710.0,1709.0,1709.0,500,0.0,0.0
2024-07-01 10:10:00+09:00,1712.0,1712.0,1712.0,1712.0,200,0.0,0.0
2024-07-01 10:20:00+09:00,1709.0,1709.0,1709.0,1709.0,100,0.0,0.0
2024-07-01 10:25:00+09:00,1712.0,1712.0,1712.0,1712.0,200,0.0,0.0
2024-07-01 10:40:00+09:00,1709.0,1709.0,1709.0,1709.0,200,0.0,0.0
2024-07-01 10:55:00+09:00,1710.0,1710.0,1710.0,1710.0,100,0.0,0.0
2024-07-01 11:25:00+09:00,1710.0,1710.0,1709.0,1709.0,200,0.0,0.0
2024-07-01 11:30:00+09:00,1714.0,1714.0,1714.0,1714.0,300,0.0,0.0
2024-07-01 11:35:00+09:00,1714.0,1714.0,1714.0,1714.0,0,0.0,0.0
2024-07-01 12:30:00+09:00,1714.0,1714.0,1708.0,1708.0,12500,0.0,0.0
2024-07-01 12:35:00+09:00,1707.0,1707.0,1706.0,1706.0,500,0.0,0.0
2024-07-01 12:40:00+09:00,1711.0,1714.0,1708.0,1714.0,500,0.0,0.0
2024-07-01 13:05:00+09:00,1714.0,1714.0,1712.0,1712.0,300,0.0,0.0
2024-07-01 13:15:00+09:00,1711.0,1711.0,1711.0,1711.0,100,0.0,0.0
2024-07-01 13:20:00+09:00,1710.0,1710.0,1710.0,1710.0,100,0.0,0.0
2024-07-01 13:25:00+09:00,1709.0,1709.0,1698.0,1703.0,3200,0.0,0.0
2024-07-01 13:35:00+09:00,1700.0,1700.0,1699.0,1700.0,600,0.0,0.0
2024-07-01 13:40:00+09:00,1701.0,1701.0,1701.0,1701.0,100,0.0,0.0
2024-07-01 13:50:00+09:00,1702.0,1703.0,1702.0,1703.0,600,0.0,0.0
2024-07-01 13:55:00+09:00,1703.0,1708.0,1703.0,1708.0,200,0.0,0.0
2024-07-01 14:15:00+09:00,1708.0,1712.0,1706.0,1712.0,600,0.0,0.0
2024-07-01 14:30:00+09:00,1707.0,1707.0,1706.0,1706.0,200,0.0,0.0
2024-07-01 14:35:00+09:00,1706.0,1709.0,1705.0,1705.0,400,0.0,0.0
2024-07-01 14:50:00+09:00,1708.0,1710.0,1708.0,1710.0,400,0.0,0.0
2024-07-01 14:55:00+09:00,1710.0,1714.0,1710.0,1714.0,600,0.0,0.0
2024-07-02 09:00:00+09:00,1721.0,1745.0,1721.0,1745.0,2500,0.0,0.0
2024-07-02 09:05:00+09:00,1751.0,1752.0,1741.0,1747.0,900,0.0,0.0
2024-07-02 09:10:00+09:00,1741.0,1747.0,1736.0,1747.0,1100,0.0,0.0
2024-07-02 09:15:00+09:00,1747.0,1753.0,1745.0,1753.0,1200,0.0,0.0
2024-07-02 09:20:00+09:00,1757.0,1758.0,1751.0,1758.0,1400,0.0,0.0
2024-07-02 09:25:00+09:00,1753.0,1758.0,1749.0,1749.0,2100,0.0,0.0
2024-07-02 09:30:00+09:00,1749.0,1753.0,1749.0,1753.0,300,0.0,0.0
2024-07-02 09:35:00+09:00,1754.0,1754.0,1754.0,1754.0,100,0.0,0.0
2024-07-02 09:40:00+09:00,1754.0,1754.0,1750.0,1750.0,900,0.0,0.0
2024-07-02 09:45:00+09:00,1746.0,1746.0,1746.0,1746.0,100,0.0,0.0
2024-07-02 09:55:00+09:00,1745.0,1745.0,1744.0,1744.0,600,0.0,0.0
2024-07-02 10:10:00+09:00,1744.0,1744.0,1744.0,1744.0,100,0.0,0.0
2024-07-02 10:15:00+09:00,1745.0,1745.0,1745.0,1745.0,300,0.0,0.0
2024-07-02 10:20:00+09:00,1746.0,1747.0,1746.0,1747.0,900,0.0,0.0
2024-07-02 10:25:00+09:00,1749.0,1749.0,1749.0,1749.0,200,0.0,0.0
2024-07-02 10:30:00+09:00,1749.0,1749.0,1741.0,1741.0,1900,0.0,0.0
2024-07-02 10:35:00+09:00,1741.0,1741.0,1738.0,1738.0,300,0.0,0.0
2024-07-02 10:40:00+09:00,1736.0,1736.0,1731.0,1731.0,200,0.0,0.0
2024-07-02 10:45:00+09:00,1729.0,1730.0,1729.0,1730.0,300,0.0,0.0
2024-07-02 10:50:00+09:00,1726.0,1726.0,1726.0,1726.0,0,0.0,0.0
2024-07-02 10:55:00+09:00,1727.0,1727.0,1721.0,1721.0,16900,0.0,0.0
2024-07-02 11:00:00+09:00,1720.0,1720.0,1710.0,1714.0,2300,0.0,0.0
2024-07-02 11:05:00+09:00,1717.0,1721.0,1717.0,1721.0,300,0.0,0.0
2024-07-02 11:10:00+09:00,1719.0,1719.0,1717.0,1717.0,300,0.0,0.0
2024-07-02 11:15:00+09:00,1714.0,1718.0,1711.0,1718.0,1000,0.0,0.0
2024-07-02 11:20:00+09:00,1721.0,1721.0,1720.0,1721.0,300,0.0,0.0
2024-07-02 11:30:00+09:00,1716.0,1716.0,1716.0,1716.0,300,0.0,0.0
2024-07-02 11:35:00+09:00,1716.0,1716.0,1716.0,1716.0,0,0.0,0.0
2024-07-02 12:30:00+09:00,1720.0,1721.0,1712.0,1712.0,22000,0.0,0.0
2024-07-02 12:35:00+09:00,1716.0,1716.0,1716.0,1716.0,200,0.0,0.0
2024-07-02 12:40:00+09:00,1715.0,1715.0,1714.0,1715.0,600,0.0,0.0
2024-07-02 12:45:00+09:00,1715.0,1715.0,1715.0,1715.0,200,0.0,0.0
2024-07-02 12:50:00+09:00,1714.0,1714.0,1713.0,1713.0,400,0.0,0.0
2024-07-02 13:00:00+09:00,1715.0,1716.0,1715.0,1716.0,200,0.0,0.0
2024-07-02 13:05:00+09:00,1716.0,1716.0,1716.0,1716.0,100,0.0,0.0
2024-07-02 13:10:00+09:00,1721.0,1721.0,1721.0,1721.0,100,0.0,0.0
2024-07-02 13:15:00+09:00,1724.0,1724.0,1724.0,1724.0,200,0.0,0.0
2024-07-02 13:20:00+09:00,1721.0,1721.0,1720.0,1720.0,700,0.0,0.0
2024-07-02 13:25:00+09:00,1725.0,1725.0,1725.0,1725.0,200,0.0,0.0
2024-07-02 13:35:00+09:00,1729.0,1729.0,1729.0,1729.0,100,0.0,0.0
2024-07-02 13:45:00+09:00,1725.0,1725.0,1725.0,1725.0,100,0.0,0.0
2024-07-02 13:50:00+09:00,1725.0,1725.0,1725.0,1725.0,100,0.0,0.0
2024-07-02 13:55:00+09:00,1725.0,1729.0,1721.0,1729.0,1800,0.0,0.0
2024-07-02 14:05:00+09:00,1728.0,1728.0,1727.0,1727.0,500,0.0,0.0
2024-07-02 14:10:00+09:00,1725.0,1725.0,1725.0,1725.0,100,0.0,0.0
2024-07-02 14:25:00+09:00,1720.0,1720.0,1718.0,1718.0,200,0.0,0.0
2024-07-02 14:30:00+09:00,1720.0,1720.0,1719.0,1719.0,300,0.0,0.0
2024-07-02 14:35:00+09:00,1719.0,1719.0,1715.0,1715.0,700,0.0,0.0
2024-07-02 14:40:00+09:00,1713.0,1713.0,1712.0,1712.0,700,0.0,0.0
2024-07-02 14:45:00+09:00,1711.0,1715.0,1711.0,1715.0,400,0.0,0.0
2024-07-02 14:50:00+09:00,1712.0,1714.0,1712.0,1714.0,200,0.0,0.0
2024-07-02 14:55:00+09:00,1718.0,1718.0,1717.0,1717.0,1000,0.0,0.0
2024-07-03 09:00:00+09:00,1728.0,1755.0,1728.0,1755.0,5400,0.0,0.0
2024-07-03 09:05:00+09:00,1758.0,1774.0,1750.0,1757.0,4900,0.0,0.0
2024-07-03 09:10:00+09:00,1757.0,1765.0,1757.0,1759.0,600,0.0,0.0
2024-07-03 09:15:00+09:00,1753.0,1755.0,1753.0,1755.0,700,0.0,0.0
2024-07-03 09:20:00+09:00,1755.0,1755.0,1745.0,1745.0,1100,0.0,0.0
2024-07-03 09:25:00+09:00,1745.0,1745.0,1745.0,1745.0,100,0.0,0.0
2024-07-03 09:30:00+09:00,1746.0,1749.0,1742.0,1749.0,300,0.0,0.0
2024-07-03 09:35:00+09:00,1750.0,1765.0,1750.0,1765.0,10900,0.0,0.0
2024-07-03 09:40:00+09:00,1766.0,1768.0,1766.0,1767.0,700,0.0,0.0
2024-07-03 09:45:00+09:00,1767.0,1768.0,1767.0,1768.0,200,0.0,0.0
2024-07-03 09:50:00+09:00,1768.0,1772.0,1768.0,1770.0,1300,0.0,0.0
2024-07-03 09:55:00+09:00,1774.0,1774.0,1771.0,1771.0,0,0.0,0.0
2024-07-03 10:00:00+09:00,1777.0,1778.0,1776.0,1778.0,29000,0.0,0.0
2024-07-03 10:05:00+09:00,1774.0,1774.0,1773.0,1773.0,200,0.0,0.0
2024-07-03 10:10:00+09:00,1772.0,1772.0,1771.0,1772.0,400,0.0,0.0
2024-07-03 10:15:00+09:00,1775.0,1778.0,1775.0,1778.0,900,0.0,0.0
2024-07-03 10:20:00+09:00,1778.0,1780.0,1778.0,1780.0,800,0.0,0.0
2024-07-03 10:25:00+09:00,1778.0,1778.0,1774.0,1774.0,300,0.0,0.0
2024-07-03 10:30:00+09:00,1773.0,1773.0,1771.0,1771.0,400,0.0,0.0
2024-07-03 10:35:00+09:00,1769.0,1769.0,1769.0,1769.0,100,0.0,0.0
2024-07-03 10:40:00+09:00,1773.0,1773.0,1773.0,1773.0,100,0.0,0.0
2024-07-03 10:45:00+09:00,1768.0,1776.0,1767.0,1776.0,700,0.0,0.0
2024-07-03 10:50:00+09:00,1779.0,1780.0,1777.0,1777.0,500,0.0,0.0
2024-07-03 10:55:00+09:00,1781.0,1791.0,1781.0,1791.0,4200,0.0,0.0
2024-07-03 11:00:00+09:00,1791.0,1793.0,1791.0,1793.0,400,0.0,0.0
2024-07-03 11:05:00+09:00,1793.0,1799.0,1793.0,1799.0,1500,0.0,0.0
2024-07-03 11:10:00+09:00,1799.0,1800.0,1797.0,1797.0,1100,0.0,0.0
2024-07-03 11:15:00+09:00,1799.0,1800.0,1798.0,1798.0,300,0.0,0.0
2024-07-03 11:20:00+09:00,1799.0,1800.0,1797.0,1797.0,1500,0.0,0.0
2024-07-03 11:25:00+09:00,1798.0,1799.0,1794.0,1794.0,1500,0.0,0.0
2024-07-03 11:30:00+09:00,1799.0,1799.0,1799.0,1799.0,100,0.0,0.0
2024-07-03 11:35:00+09:00,1799.0,1799.0,1799.0,1799.0,0,0.0,0.0
2024-07-03 12:30:00+09:00,1800.0,1808.0,1799.0,1799.0,49200,0.0,0.0
2024-07-03 12:35:00+09:00,1800.0,1801.0,1799.0,1801.0,900,0.0,0.0
2024-07-03 12:40:00+09:00,1806.0,1810.0,1804.0,1804.0,2800,0.0,0.0
2024-07-03 12:45:00+09:00,1808.0,1816.0,1808.0,1816.0,1800,0.0,0.0
2024-07-03 12:50:00+09:00,1816.0,1829.0,1812.0,1827.0,6600,0.0,0.0
2024-07-03 12:55:00+09:00,1825.0,1825.0,1819.0,1819.0,1100,0.0,0.0
2024-07-03 13:00:00+09:00,1823.0,1823.0,1821.0,1822.0,400,0.0,0.0
2024-07-03 13:05:00+09:00,1821.0,1823.0,1820.0,1820.0,700,0.0,0.0
2024-07-03 13:10:00+09:00,1819.0,1830.0,1815.0,1829.0,3700,0.0,0.0
2024-07-03 13:15:00+09:00,1830.0,1830.0,1825.0,1829.0,1800,0.0,0.0
2024-07-03 13:20:00+09:00,1826.0,1829.0,1821.0,1821.0,2400,0.0,0.0
2024-07-03 13:25:00+09:00,1824.0,1826.0,1817.0,1826.0,1100,0.0,0.0
2024-07-03 13:30:00+09:00,1823.0,1823.0,1818.0,1820.0,700,0.0,0.0
2024-07-03 13:35:00+09:00,1818.0,1818.0,1816.0,1816.0,1200,0.0,0.0
2024-07-03 13:40:00+09:00,1813.0,1815.0,1808.0,1812.0,1500,0.0,0.0
2024-07-03 13:45:00+09:00,1812.0,1812.0,1809.0,1809.0,400,0.0,0.0
2024-07-03 13:50:00+09:00,1813.0,1813.0,1806.0,1806.0,800,0.0,0.0
2024-07-03 13:55:00+09:00,1805.0,1805.0,1801.0,1804.0,1600,0.0,0.0
2024-07-03 14:00:00+09:00,1802.0,1802.0,1802.0,1802.0,200,0.0,0.0
2024-07-03 14:05:00+09:00,1801.0,1804.0,1801.0,1803.0,1000,0.0,0.0
2024-07-03 14:10:00+09:00,1802.0,1805.0,1801.0,1801.0,1000,0.0,0.0
2024-07-03 14:15:00+09:00,1800.0,1800.0,1787.0,1787.0,2800,0.0,0.0
2024-07-03 14:20:00+09:00,1786.0,1790.0,1782.0,1790.0,1500,0.0,0.0
2024-07-03 14:25:00+09:00,1788.0,1789.0,1785.0,1785.0,1600,0.0,0.0
2024-07-03 14:30:00+09:00,1786.0,1788.0,1778.0,1778.0,2800,0.0,0.0
2024-07-03 14:35:00+09:00,1782.0,1786.0,1782.0,1786.0,1800,0.0,0.0
2024-07-03 14:40:00+09:00,1783.0,1785.0,1783.0,1785.0,400,0.0,0.0
2024-07-03 14:45:00+09:00,1782.0,1786.0,1775.0,1786.0,5800,0.0,0.0
2024-07-03 14:50:00+09:00,1787.0,1793.0,1787.0,1792.0,1100,0.0,0.0
2024-07-03 14:55:00+09:00,1791.0,1799.0,1788.0,1797.0,3100,0.0,0.0
2024-07-04 09:00:00+09:00,1800.0,1812.0,1792.0,1792.0,6200,0.0,0.0
2024-07-04 09:05:00+09:00,1797.0,1797.0,1797.0,1797.0,100,0.0,0.0
2024-07-04 09:10:00+09:00,1798.0,1798.0,1783.0,1793.0,4300,0.0,0.0
2024-07-04 09:15:00+09:00,1791.0,1793.0,1785.0,1788.0,3900,0.0,0.0
2024-07-04 09:20:00+09:00,1793.0,1798.0,1793.0,1797.0,1100,0.0,0.0
2024-07-04 09:25:00+09:00,1795.0,1795.0,1790.0,1790.0,2100,0.0,0.0
2024-07-04 09:30:00+09:00,1786.0,1792.0,1781.0,1790.0,4500,0.0,0.0
2024-07-04 09:35:00+09:00,1791.0,1791.0,1788.0,1788.0,500,0.0,0.0
2024-07-04 09:50:00+09:00,1786.0,1789.0,1786.0,1789.0,200,0.0,0.0
2024-07-04 09:55:00+09:00,1786.0,1789.0,1786.0,1789.0,500,0.0,0.0
2024-07-04 10:00:00+09:00,1796.0,1796.0,1796.0,1796.0,100,0.0,0.0
2024-07-04 10:05:00+09:00,1798.0,1802.0,1798.0,1802.0,0,0.0,0.0
2024-07-04 10:15:00+09:00,1808.0,1808.0,1807.0,1807.0,24700,0.0,0.0
2024-07-04 10:20:00+09:00,1810.0,1810.0,1810.0,1810.0,100,0.0,0.0
2024-07-04 10:25:00+09:00,1808.0,1808.0,1808.0,1808.0,100,0.0,0.0
2024-07-04 10:30:00+09:00,1809.0,1810.0,1809.0,1810.0,200,0.0,0.0
2024-07-04 10:35:00+09:00,1807.0,1807.0,1807.0,1807.0,200,0.0,0.0
2024-07-04 10:40:00+09:00,1807.0,1807.0,1807.0,1807.0,600,0.0,0.0
2024-07-04 10:55:00+09:00,1807.0,1807.0,1807.0,1807.0,100,0.0,0.0
2024-07-04 11:00:00+09:00,1810.0,1810.0,1807.0,1810.0,700,0.0,0.0
2024-07-04 11:10:00+09:00,1808.0,1808.0,1808.0,1808.0,300,0.0,0.0
2024-07-04 11:15:00+09:00,1807.0,1808.0,1807.0,1807.0,300,0.0,0.0
2024-07-04 11:20:00+09:00,1808.0,1808.0,1808.0,1808.0,100,0.0,0.0
2024-07-04 11:25:00+09:00,1810.0,1813.0,1808.0,1812.0,1300,0.0,0.0
2024-07-04 11:35:00+09:00,1812.0,1812.0,1812.0,1812.0,0,0.0,0.0
2024-07-04 12:30:00+09:00,1810.0,1810.0,1802.0,1802.0,30200,0.0,0.0
2024-07-04 12:35:00+09:00,1803.0,1809.0,1803.0,1809.0,700,0.0,0.0
2024-07-04 12:40:00+09:00,1808.0,1810.0,1808.0,1810.0,400,0.0,0.0
2024-07-04 12:45:00+09:00,1812.0,1813.0,1812.0,1813.0,200,0.0,0.0
2024-07-04 12:55:00+09:00,1811.0,1811.0,1807.0,1807.0,400,0.0,0.0
2024-07-04 13:00:00+09:00,1805.0,1805.0,1805.0,1805.0,100,0.0,0.0
2024-07-04 13:05:00+09:00,1805.0,1805.0,1805.0,1805.0,200,0.0,0.0
2024-07-04 13:10:00+09:00,1803.0,1811.0,1803.0,1811.0,1600,0.0,0.0
2024-07-04 13:15:00+09:00,1811.0,1811.0,1811.0,1811.0,100,0.0,0.0
2024-07-04 13:20:00+09:00,1807.0,1808.0,1807.0,1808.0,200,0.0,0.0
2024-07-04 13:25:00+09:00,1808.0,1808.0,1808.0,1808.0,100,0.0,0.0
2024-07-04 13:30:00+09:00,1808.0,1808.0,1800.0,1800.0,2100,0.0,0.0
2024-07-04 13:35:00+09:00,1801.0,1803.0,1797.0,1799.0,1100,0.0,0.0
2024-07-04 13:40:00+09:00,1799.0,1799.0,1798.0,1798.0,300,0.0,0.0
2024-07-04 13:45:00+09:00,1797.0,1797.0,1797.0,1797.0,100,0.0,0.0
2024-07-04 13:55:00+09:00,1794.0,1794.0,1787.0,1787.0,1100,0.0,0.0
2024-07-04 14:00:00+09:00,1792.0,1793.0,1792.0,1793.0,1500,0.0,0.0
2024-07-04 14:10:00+09:00,1792.0,1792.0,1775.0,1778.0,3000,0.0,0.0
2024-07-04 14:15:00+09:00,1780.0,1780.0,1772.0,1773.0,2000,0.0,0.0
2024-07-04 14:20:00+09:00,1772.0,1780.0,1772.0,1780.0,1400,0.0,0.0
2024-07-04 14:25:00+09:00,1776.0,1780.0,1776.0,1780.0,300,0.0,0.0
2024-07-04 14:30:00+09:00,1777.0,1778.0,1774.0,1778.0,1100,0.0,0.0
2024-07-04 14:35:00+09:00,1778.0,1780.0,1776.0,1780.0,400,0.0,0.0
2024-07-04 14:40:00+09:00,1779.0,1786.0,1779.0,1779.0,1900,0.0,0.0
2024-07-04 14:45:00+09:00,1782.0,1782.0,1776.0,1776.0,1900,0.0,0.0
2024-07-04 14:55:00+09:00,1777.0,1779.0,1774.0,1774.0,1100,0.0,0.0
2024-07-05 09:00:00+09:00,1764.0,1778.0,1760.0,1775.0,2100,0.0,0.0
2024-07-05 09:05:00+09:00,1769.0,1769.0,1758.0,1761.0,1700,0.0,0.0
2024-07-05 09:10:00+09:00,1764.0,1769.0,1764.0,1768.0,400,0.0,0.0
2024-07-05 09:15:00+09:00,1764.0,1764.0,1764.0,1764.0,100,0.0,0.0
2024-07-05 09:20:00+09:00,1764.0,1767.0,1764.0,1767.0,300,0.0,0.0
2024-07-05 09:25:00+09:00,1766.0,1770.0,1766.0,1770.0,600,0.0,0.0
2024-07-05 09:30:00+09:00,1766.0,1766.0,1755.0,1755.0,2400,0.0,0.0
2024-07-05 09:35:00+09:00,1754.0,1757.0,1752.0,1753.0,1400,0.0,0.0
2024-07-05 09:40:00+09:00,1751.0,1751.0,1751.0,1751.0,100,0.0,0.0
2024-07-05 09:45:00+09:00,1752.0,1756.0,1751.0,1756.0,2700,0.0,0.0
2024-07-05 09:50:00+09:00,1753.0,1753.0,1751.0,1751.0,0,0.0,0.0
2024-07-05 09:55:00+09:00,1750.0,1751.0,1741.0,1751.0,17400,0.0,0.0
2024-07-05 10:00:00+09:00,1750.0,1750.0,1750.0,1750.0,100,0.0,0.0
2024-07-05 10:05:00+09:00,1750.0,1750.0,1748.0,1748.0,600,0.0,0.0
2024-07-05 10:10:00+09:00,1747.0,1747.0,1743.0,1744.0,900,0.0,0.0
2024-07-05 10:15:00+09:00,1743.0,1744.0,1740.0,1744.0,1100,0.0,0.0
2024-07-05 10:20:00+09:00,1744.0,1744.0,1740.0,1742.0,900,0.0,0.0
2024-07-05 10:25:00+09:00,1745.0,1750.0,1745.0,1750.0,400,0.0,0.0
2024-07-05 10:30:00+09:00,1748.0,1751.0,1748.0,1751.0,200,0.0,0.0
2024-07-05 10:35:00+09:00,1752.0,1757.0,1752.0,1757.0,400,0.0,0.0
2024-07-05 10:45:00+09:00,1764.0,1765.0,1763.0,1765.0,400,0.0,0.0
2024-07-05 10:50:00+09:00,1766.0,1766.0,1766.0,1766.0,300,0.0,0.0
2024-07-05 10:55:00+09:00,1767.0,1767.0,1767.0,1767.0,100,0.0,0.0
2024-07-05 11:00:00+09:00,1768.0,1768.0,1768.0,1768.0,100,0.0,0.0
2024-07-05 11:05:00+09:00,1769.0,1769.0,1763.0,1763.0,900,0.0,0.0
2024-07-05 11:10:00+09:00,1760.0,1762.0,1760.0,1762.0,400,0.0,0.0
2024-07-05 11:15:00+09:00,1762.0,1762.0,1762.0,1762.0,300,0.0,0.0
2024-07-05 11:20:00+09:00,1760.0,1760.0,1760.0,1760.0,100,0.0,0.0
2024-07-05 11:25:00+09:00,1768.0,1768.0,1761.0,1761.0,200,0.0,0.0
2024-07-05 11:35:00+09:00,1761.0,1761.0,1761.0,1761.0,0,0.0,0.0
2024-07-05 12:30:00+09:00,1759.0,1759.0,1752.0,1752.0,26300,0.0,0.0
2024-07-05 12:35:00+09:00,1750.0,1750.0,1746.0,1746.0,400,0.0,0.0
2024-07-05 12:40:00+09:00,1745.0,1747.0,1744.0,1747.0,2000,0.0,0.0
2024-07-05 12:45:00+09:00,1746.0,1751.0,1746.0,1751.0,300,0.0,0.0
2024-07-05 12:50:00+09:00,1749.0,1751.0,1749.0,1751.0,1300,0.0,0.0
2024-07-05 12:55:00+09:00,1752.0,1755.0,1752.0,1755.0,500,0.0,0.0
2024-07-05 13:00:00+09:00,1753.0,1753.0,1753.0,1753.0,100,0.0,0.0
2024-07-05 13:05:00+09:00,1753.0,1753.0,1753.0,1753.0,100,0.0,0.0
2024-07-05 13:10:00+09:00,1753.0,1753.0,1753.0,1753.0,100,0.0,0.0
2024-07-05 13:15:00+09:00,1752.0,1752.0,1752.0,1752.0,300,0.0,0.0
2024-07-05 13:20:00+09:00,1752.0,1752.0,1750.0,1750.0,1300,0.0,0.0
2024-07-05 13:25:00+09:00,1751.0,1751.0,1751.0,1751.0,100,0.0,0.0
2024-07-05 13:30:00+09:00,1749.0,1753.0,1749.0,1750.0,400,0.0,0.0
2024-07-05 13:40:00+09:00,1749.0,1749.0,1747.0,1747.0,200,0.0,0.0
2024-07-05 13:50:00+09:00,1749.0,1751.0,1740.0,1749.0,3200,0.0,0.0
2024-07-05 13:55:00+09:00,1749.0,1749.0,1749.0,1749.0,200,0.0,0.0
2024-07-05 14:00:00+09:00,1747.0,1748.0,1747.0,1748.0,200,0.0,0.0
2024-07-05 14:05:00+09:00,1749.0,1752.0,1748.0,1748.0,300,0.0,0.0
2024-07-05 14:10:00+09:00,1748.0,1748.0,1748.0,1748.0,200,0.0,0.0
2024-07-05 14:15:00+09:00,1749.0,1749.0,1747.0,1747.0,400,0.0,0.0
2024-07-05 14:20:00+09:00,1747.0,1747.0,1747.0,1747.0,200,0.0,0.0
2024-07-05 14:25:00+09:00,1745.0,1745.0,1742.0,1742.0,400,0.0,0.0
2024-07-05 14:30:00+09:00,1745.0,1745.0,1742.0,1742.0,200,0.0,0.0
2024-07-05 14:35:00+09:00,1742.0,1742.0,1741.0,1741.0,200,0.0,0.0
2024-07-05 14:40:00+09:00,1743.0,1743.0,1741.0,1741.0,200,0.0,0.0
2024-07-05 14:45:00+09:00,1743.0,1743.0,1741.0,1741.0,900,0.0,0.0
2024-07-05 14:50:00+09:00,1742.0,1742.0,1740.0,1740.0,900,0.0,0.0
2024-07-05 14:55:00+09:00,1743.0,1743.0,1743.0,1743.0,300,0.0,0.0
2024-07-08 09:00:00+09:00,1758.0,1786.0,1758.0,1784.0,2200,0.0,0.0
2024-07-08 09:05:00+09:00,1780.0,1780.0,1766.0,1766.0,2000,0.0,0.0
2024-07-08 09:10:00+09:00,1764.0,1764.0,1749.0,1751.0,1000,0.0,0.0
2024-07-08 09:15:00+09:00,1753.0,1754.0,1734.0,1744.0,2400,0.0,0.0
2024-07-08 09:20:00+09:00,1742.0,1743.0,1740.0,1743.0,700,0.0,0.0
2024-07-08 09:25:00+09:00,1741.0,1741.0,1738.0,1739.0,1000,0.0,0.0
2024-07-08 09:30:00+09:00,1741.0,1741.0,1741.0,1741.0,200,0.0,0.0
2024-07-08 09:40:00+09:00,1738.0,1738.0,1737.0,1737.0,300,0.0,0.0
2024-07-08 09:45:00+09:00,1737.0,1746.0,1737.0,1743.0,3300,0.0,0.0
2024-07-08 09:50:00+09:00,1746.0,1746.0,1746.0,1746.0,400,0.0,0.0
2024-07-08 09:55:00+09:00,1745.0,1745.0,1737.0,1737.0,400,0.0,0.0
2024-07-08 10:00:00+09:00,1737.0,1737.0,1735.0,1736.0,400,0.0,0.0
2024-07-08 10:05:00+09:00,1736.0,1741.0,1735.0,1741.0,900,0.0,0.0
2024-07-08 10:10:00+09:00,1747.0,1747.0,1740.0,1742.0,600,0.0,0.0
2024-07-08 10:15:00+09:00,1746.0,1747.0,1746.0,1747.0,200,0.0,0.0
2024-07-08 10:20:00+09:00,1747.0,1747.0,1747.0,1747.0,100,0.0,0.0
2024-07-08 10:30:00+09:00,1747.0,1760.0,1747.0,1760.0,900,0.0,0.0
2024-07-08 10:35:00+09:00,1759.0,1760.0,1759.0,1760.0,300,0.0,0.0
2024-07-08 10:40:00+09:00,1766.0,1766.0,1766.0,1766.0,100,0.0,0.0
2024-07-08 10:45:00+09:00,1764.0,1767.0,1764.0,1766.0,300,0.0,0.0
2024-07-08 10:50:00+09:00,1766.0,1766.0,1765.0,1765.0,300,0.0,0.0
2024-07-08 10:55:00+09:00,1765.0,1765.0,1753.0,1753.0,800,0.0,0.0
2024-07-08 11:00:00+09:00,1752.0,1755.0,1752.0,1755.0,200,0.0,0.0
2024-07-08 11:10:00+09:00,1756.0,1756.0,1756.0,1756.0,100,0.0,0.0
2024-07-08 11:15:00+09:00,1757.0,1757.0,1756.0,1756.0,300,0.0,0.0
2024-07-08 11:20:00+09:00,1756.0,1756.0,1756.0,1756.0,400,0.0,0.0
2024-07-08 11:25:00+09:00,1759.0,1762.0,1757.0,1757.0,500,0.0,0.0
2024-07-08 11:35:00+09:00,1757.0,1757.0,1757.0,1757.0,0,0.0,0.0
2024-07-08 12:30:00+09:00,1761.0,1761.0,1761.0,1761.0,20600,0.0,0.0
2024-07-08 12:35:00+09:00,1758.0,1758.0,1758.0,1758.0,0,0.0,0.0
2024-07-08 12:40:00+09:00,1762.0,1762.0,1760.0,1760.0,21200,0.0,0.0
2024-07-08 12:45:00+09:00,1761.0,1765.0,1761.0,1765.0,300,0.0,0.0
2024-07-08 12:50:00+09:00,1765.0,1782.0,1765.0,1782.0,2900,0.0,0.0
2024-07-08 12:55:00+09:00,1782.0,1790.0,1782.0,1790.0,3400,0.0,0.0
2024-07-08 13:00:00+09:00,1786.0,1791.0,1786.0,1791.0,1000,0.0,0.0
2024-07-08 13:05:00+09:00,1793.0,1812.0,1793.0,1809.0,3900,0.0,0.0
2024-07-08 13:10:00+09:00,1814.0,1814.0,1802.0,1807.0,2500,0.0,0.0
2024-07-08 13:15:00+09:00,1812.0,1818.0,1809.0,1818.0,1700,0.0,0.0
2024-07-08 13:20:00+09:00,1820.0,1820.0,1814.0,1820.0,1400,0.0,0.0
2024-07-08 13:25:00+09:00,1820.0,1828.0,1820.0,1824.0,3900,0.0,0.0
2024-07-08 13:30:00+09:00,1825.0,1852.0,1824.0,1843.0,7700,0.0,0.0
2024-07-08 13:35:00+09:00,1853.0,1863.0,1840.0,1851.0,5800,0.0,0.0
2024-07-08 13:40:00+09:00,1850.0,1850.0,1833.0,1842.0,3800,0.0,0.0
2024-07-08 13:45:00+09:00,1839.0,1839.0,1830.0,1830.0,2800,0.0,0.0
2024-07-08 13:50:00+09:00,1827.0,1830.0,1823.0,1826.0,2000,0.0,0.0
2024-07-08 13:55:00+09:00,1827.0,1827.0,1827.0,1827.0,300,0.0,0.0
2024-07-08 14:00:00+09:00,1825.0,1825.0,1812.0,1815.0,7000,0.0,0.0
2024-07-08 14:05:00+09:00,1811.0,1824.0,1811.0,1822.0,2200,0.0,0.0
2024-07-08 14:10:00+09:00,1820.0,1821.0,1820.0,1820.0,300,0.0,0.0
2024-07-08 14:15:00+09:00,1818.0,1818.0,1816.0,1816.0,500,0.0,0.0
2024-07-08 14:20:00+09:00,1812.0,1812.0,1809.0,1810.0,1700,0.0,0.0
2024-07-08 14:25:00+09:00,1808.0,1808.0,1799.0,1803.0,1700,0.0,0.0
2024-07-08 14:30:00+09:00,1802.0,1807.0,1800.0,1807.0,800,0.0,0.0
2024-07-08 14:35:00+09:00,1806.0,1812.0,1806.0,1807.0,1400,0.0,0.0
2024-07-08 14:40:00+09:00,1806.0,1808.0,1804.0,1808.0,1000,0.0,0.0
2024-07-08 14:45:00+09:00,1806.0,1806.0,1799.0,1800.0,1400,0.0,0.0
2024-07-08 14:50:00+09:00,1800.0,1802.0,1800.0,1801.0,1800,0.0,0.0
2024-07-08 14:55:00+09:00,1798.0,1818.0,1798.0,1818.0,4000,0.0,0.0
2024-07-09 09:00:00+09:00,1840.0,1845.0,1818.0,1843.0,8900,0.0,0.0
2024-07-09 09:05:00+09:00,1843.0,1843.0,1840.0,1840.0,1100,0.0,0.0
2024-07-09 09:10:00+09:00,1839.0,1840.0,1835.0,1840.0,1800,0.0,0.0
2024-07-09 09:15:00+09:00,1842.0,1842.0,1830.0,1838.0,1400,0.0,0.0
2024-07-09 09:20:00+09:00,1840.0,1845.0,1840.0,1840.0,1100,0.0,0.0
2024-07-09 09:25:00+09:00,1840.0,1842.0,1839.0,1842.0,600,0.0,0.0
2024-07-09 09:30:00+09:00,1842.0,1845.0,1839.0,1839.0,1200,0.0,0.0
2024-07-09 09:35:00+09:00,1838.0,1838.0,1828.0,1836.0,800,0.0,0.0
2024-07-09 09:40:00+09:00,1840.0,1845.0,1840.0,1842.0,1300,0.0,0.0
2024-07-09 09:45:00+09:00,1838.0,1843.0,1836.0,1842.0,1900,0.0,0.0
2024-07-09 09:50:00+09:00,1842.0,1842.0,1840.0,1840.0,400,0.0,0.0
2024-07-09 09:55:00+09:00,1836.0,1838.0,1835.0,1838.0,300,0.0,0.0
2024-07-09 10:00:00+09:00,1838.0,1845.0,1838.0,1845.0,800,0.0,0.0
2024-07-09 10:05:00+09:00,1842.0,1842.0,1838.0,1838.0,500,0.0,0.0
2024-07-09 10:10:00+09:00,1839.0,1839.0,1839.0,1839.0,300,0.0,0.0
2024-07-09 10:15:00+09:00,1834.0,1834.0,1832.0,1832.0,200,0.0,0.0
2024-07-09 10:20:00+09:00,1833.0,1833.0,1831.0,1832.0,300,0.0,0.0
2024-07-09 10:25:00+09:00,1831.0,1831.0,1830.0,1830.0,1200,0.0,0.0
2024-07-09 10:30:00+09:00,1830.0,1835.0,1830.0,1835.0,700,0.0,0.0
2024-07-09 10:35:00+09:00,1830.0,1838.0,1828.0,1838.0,1000,0.0,0.0
2024-07-09 10:40:00+09:00,1840.0,1861.0,1840.0,1857.0,7100,0.0,0.0
2024-07-09 10:45:00+09:00,1860.0,1879.0,1860.0,1873.0,12500,0.0,0.0
2024-07-09 10:50:00+09:00,1876.0,1879.0,1854.0,1854.0,4400,0.0,0.0
2024-07-09 10:55:00+09:00,1856.0,1886.0,1856.0,1880.0,8200,0.0,0.0
2024-07-09 11:00:00+09:00,1880.0,1880.0,1850.0,1857.0,3100,0.0,0.0
2024-07-09 11:05:00+09:00,1854.0,1854.0,1844.0,1849.0,2400,0.0,0.0
2024-07-09 11:10:00+09:00,1849.0,1849.0,1844.0,1844.0,1900,0.0,0.0
2024-07-09 11:15:00+09:00,1844.0,1854.0,1842.0,1854.0,1600,0.0,0.0
2024-07-09 11:20:00+09:00,1854.0,1861.0,1854.0,1858.0,1200,0.0,0.0
2024-07-09 11:25:00+09:00,1864.0,1864.0,1858.0,1861.0,1300,0.0,0.0
2024-07-09 11:30:00+09:00,1866.0,1866.0,1866.0,1866.0,200,0.0,0.0
2024-07-09 11:35:00+09:00,1866.0,1866.0,1866.0,1866.0,0,0.0,0.0
2024-07-09 12:30:00+09:00,1866.0,1866.0,1847.0,1850.0,77600,0.0,0.0
2024-07-09 12:35:00+09:00,1847.0,1847.0,1845.0,1845.0,500,0.0,0.0
2024-07-09 12:40:00+09:00,1841.0,1841.0,1825.0,1825.0,6300,0.0,0.0
2024-07-09 12:45:00+09:00,1822.0,1826.0,1821.0,1824.0,2300,0.0,0.0
2024-07-09 12:50:00+09:00,1825.0,1828.0,1822.0,1827.0,1500,0.0,0.0
2024-07-09 12:55:00+09:00,1828.0,1835.0,1828.0,1834.0,700,0.0,0.0
2024-07-09 13:00:00+09:00,1834.0,1834.0,1831.0,1831.0,500,0.0,0.0
2024-07-09 13:05:00+09:00,1835.0,1845.0,1829.0,1845.0,2000,0.0,0.0
2024-07-09 13:10:00+09:00,1849.0,1849.0,1848.0,1849.0,2100,0.0,0.0
2024-07-09 13:15:00+09:00,1846.0,1846.0,1839.0,1839.0,600,0.0,0.0
2024-07-09 13:20:00+09:00,1841.0,1844.0,1841.0,1844.0,200,0.0,0.0
2024-07-09 13:25:00+09:00,1842.0,1842.0,1841.0,1841.0,300,0.0,0.0
2024-07-09 13:30:00+09:00,1841.0,1841.0,1833.0,1838.0,2700,0.0,0.0
2024-07-09 13:35:00+09:00,1838.0,1854.0,1838.0,1854.0,1800,0.0,0.0
2024-07-09 13:40:00+09:00,1852.0,1853.0,1852.0,1853.0,200,0.0,0.0
2024-07-09 13:45:00+09:00,1854.0,1854.0,1848.0,1848.0,600,0.0,0.0
2024-07-09 13:50:00+09:00,1847.0,1847.0,1845.0,1845.0,400,0.0,0.0
2024-07-09 13:55:00+09:00,1844.0,1851.0,1844.0,1850.0,900,0.0,0.0
2024-07-09 14:00:00+09:00,1845.0,1847.0,1845.0,1846.0,2200,0.0,0.0
2024-07-09 14:05:00+09:00,1846.0,1851.0,1846.0,1851.0,600,0.0,0.0
2024-07-09 14:10:00+09:00,1847.0,1847.0,1845.0,1845.0,400,0.0,0.0
2024-07-09 14:15:00+09:00,1844.0,1844.0,1840.0,1843.0,1700,0.0,0.0
2024-07-09 14:20:00+09:00,1844.0,1844.0,1842.0,1842.0,400,0.0,0.0
2024-07-09 14:25:00+09:00,1842.0,1843.0,1840.0,1843.0,800,0.0,0.0
2024-07-09 14:30:00+09:00,1841.0,1841.0,1837.0,1840.0,2300,0.0,0.0
2024-07-09 14:35:00+09:00,1836.0,1843.0,1836.0,1843.0,300,0.0,0.0
2024-07-09 14:40:00+09:00,1843.0,1843.0,1839.0,1839.0,800,0.0,0.0
2024-07-09 14:45:00+09:00,1838.0,1838.0,1838.0,1838.0,100,0.0,0.0
2024-07-09 14:50:00+09:00,1837.0,1840.0,1836.0,1836.0,1600,0.0,0.0
2024-07-09 14:55:00+09:00,1838.0,1841.0,1832.0,1837.0,2900,0.0,0.0
2024-07-10 09:00:00+09:00,1847.0,1895.0,1826.0,1887.0,16500,0.0,0.0
2024-07-10 09:05:00+09:00,1881.0,1894.0,1879.0,1885.0,6300,0.0,0.0
2024-07-10 09:10:00+09:00,1885.0,1885.0,1866.0,1877.0,2900,0.0,0.0
2024-07-10 09:15:00+09:00,1873.0,1874.0,1869.0,1869.0,500,0.0,0.0
2024-07-10 09:20:00+09:00,1871.0,1885.0,1871.0,1882.0,3100,0.0,0.0
2024-07-10 09:25:00+09:00,1883.0,1890.0,1878.0,1884.0,3800,0.0,0.0
2024-07-10 09:30:00+09:00,1881.0,1897.0,1880.0,1897.0,4700,0.0,0.0
2024-07-10 09:35:00+09:00,1897.0,1899.0,1873.0,1878.0,5700,0.0,0.0
2024-07-10 09:45:00+09:00,1882.0,1892.0,1882.0,1892.0,1300,0.0,0.0
2024-07-10 09:50:00+09:00,1890.0,1896.0,1890.0,1896.0,1400,0.0,0.0
2024-07-10 09:55:00+09:00,1891.0,1908.0,1889.0,1892.0,9900,0.0,0.0
2024-07-10 10:00:00+09:00,1891.0,1891.0,1884.0,1884.0,2400,0.0,0.0
2024-07-10 10:05:00+09:00,1884.0,1884.0,1880.0,1884.0,0,0.0,0.0
2024-07-10 10:10:00+09:00,1878.0,1878.0,1872.0,1872.0,61300,0.0,0.0
2024-07-10 10:15:00+09:00,1871.0,1871.0,1869.0,1869.0,500,0.0,0.0
2024-07-10 10:20:00+09:00,1869.0,1869.0,1846.0,1862.0,8100,0.0,0.0
2024-07-10 10:25:00+09:00,1862.0,1864.0,1862.0,1864.0,700,0.0,0.0
2024-07-10 10:30:00+09:00,1862.0,1863.0,1862.0,1863.0,200,0.0,0.0
2024-07-10 10:35:00+09:00,1862.0,1869.0,1854.0,1869.0,1900,0.0,0.0
2024-07-10 10:45:00+09:00,1865.0,1865.0,1865.0,1865.0,300,0.0,0.0
2024-07-10 10:50:00+09:00,1865.0,1865.0,1843.0,1853.0,7200,0.0,0.0
2024-07-10 10:55:00+09:00,1845.0,1845.0,1845.0,1845.0,200,0.0,0.0
2024-07-10 11:00:00+09:00,1844.0,1844.0,1838.0,1842.0,1600,0.0,0.0
2024-07-10 11:05:00+09:00,1836.0,1838.0,1835.0,1838.0,900,0.0,0.0
2024-07-10 11:10:00+09:00,1830.0,1830.0,1830.0,1830.0,200,0.0,0.0
2024-07-10 11:15:00+09:00,1833.0,1833.0,1820.0,1821.0,3600,0.0,0.0
2024-07-10 11:20:00+09:00,1820.0,1825.0,1818.0,1825.0,2600,0.0,0.0
2024-07-10 11:25:00+09:00,1825.0,1825.0,1820.0,1820.0,300,0.0,0.0
2024-07-10 11:30:00+09:00,1824.0,1824.0,1824.0,1824.0,200,0.0,0.0
2024-07-10 11:35:00+09:00,1824.0,1824.0,1824.0,1824.0,0,0.0,0.0
2024-07-10 12:30:00+09:00,1819.0,1824.0,1814.0,1820.0,93900,0.0,0.0
2024-07-10 12:35:00+09:00,1820.0,1825.0,1820.0,1820.0,1300,0.0,0.0
2024-07-10 12:40:00+09:00,1818.0,1818.0,1808.0,1815.0,1400,0.0,0.0
2024-07-10 12:45:00+09:00,1807.0,1807.0,1807.0,1807.0,100,0.0,0.0
2024-07-10 12:50:00+09:00,1809.0,1813.0,1809.0,1809.0,800,0.0,0.0
2024-07-10 12:55:00+09:00,1809.0,1809.0,1808.0,1808.0,300,0.0,0.0
2024-07-10 13:05:00+09:00,1807.0,1807.0,1807.0,1807.0,700,0.0,0.0
2024-07-10 13:10:00+09:00,1806.0,1808.0,1798.0,1800.0,6200,0.0,0.0
2024-07-10 13:15:00+09:00,1798.0,1798.0,1784.0,1790.0,6200,0.0,0.0
2024-07-10 13:20:00+09:00,1790.0,1791.0,1788.0,1790.0,1400,0.0,0.0
2024-07-10 13:30:00+09:00,1790.0,1790.0,1787.0,1788.0,600,0.0,0.0
2024-07-10 13:35:00+09:00,1789.0,1789.0,1787.0,1789.0,500,0.0,0.0
2024-07-10 13:40:00+09:00,1789.0,1792.0,1787.0,1787.0,1100,0.0,0.0
2024-07-10 13:45:00+09:00,1788.0,1788.0,1788.0,1788.0,100,0.0,0.0
2024-07-10 13:50:00+09:00,1789.0,1791.0,1789.0,1791.0,300,0.0,0.0
2024-07-10 13:55:00+09:00,1788.0,1788.0,1788.0,1788.0,200,0.0,0.0
2024-07-10 14:00:00+09:00,1787.0,1787.0,1784.0,1786.0,3100,0.0,0.0
2024-07-10 14:05:00+09:00,1787.0,1787.0,1787.0,1787.0,100,0.0,0.0
2024-07-10 14:10:00+09:00,1787.0,1787.0,1786.0,1786.0,300,0.0,0.0
2024-07-10 14:15:00+09:00,1788.0,1795.0,1788.0,1793.0,2100,0.0,0.0
2024-07-10 14:20:00+09:00,1795.0,1795.0,1792.0,1792.0,1300,0.0,0.0
2024-07-10 14:25:00+09:00,1792.0,1792.0,1790.0,1790.0,400,0.0,0.0
2024-07-10 14:30:00+09:00,1791.0,1791.0,1790.0,1790.0,900,0.0,0.0
2024-07-10 14:35:00+09:00,1789.0,1793.0,1789.0,1793.0,1000,0.0,0.0
2024-07-10 14:40:00+09:00,1791.0,1792.0,1789.0,1792.0,1900,0.0,0.0
2024-07-10 14:45:00+09:00,1790.0,1792.0,1788.0,1790.0,900,0.0,0.0
2024-07-10 14:50:00+09:00,1790.0,1791.0,1790.0,1791.0,600,0.0,0.0
2024-07-10 14:55:00+09:00,1791.0,1796.0,1791.0,1796.0,2200,0.0,0.0
2024-07-11 09:00:00+09:00,1807.0,1827.0,1805.0,1814.0,3500,0.0,0.0
2024-07-11 09:05:00+09:00,1809.0,1809.0,1787.0,1791.0,3400,0.0,0.0
2024-07-11 09:10:00+09:00,1791.0,1796.0,1791.0,1796.0,300,0.0,0.0
2024-07-11 09:15:00+09:00,1790.0,1798.0,1787.0,1797.0,1500,0.0,0.0
2024-07-11 09:25:00+09:00,1794.0,1794.0,1784.0,1784.0,1400,0.0,0.0
2024-07-11 09:30:00+09:00,1783.0,1786.0,1775.0,1780.0,2500,0.0,0.0
2024-07-11 09:35:00+09:00,1775.0,1776.0,1766.0,1773.0,5300,0.0,0.0
2024-07-11 09:40:00+09:00,1777.0,1777.0,1777.0,1777.0,100,0.0,0.0
2024-07-11 09:45:00+09:00,1777.0,1777.0,1771.0,1777.0,400,0.0,0.0
2024-07-11 09:50:00+09:00,1778.0,1778.0,1778.0,1778.0,100,0.0,0.0
2024-07-11 09:55:00+09:00,1771.0,1787.0,1768.0,1780.0,3300,0.0,0.0
2024-07-11 10:00:00+09:00,1783.0,1785.0,1783.0,1785.0,400,0.0,0.0
2024-07-11 10:10:00+09:00,1784.0,1785.0,1784.0,1785.0,300,0.0,0.0
2024-07-11 10:20:00+09:00,1785.0,1789.0,1784.0,1784.0,900,0.0,0.0
2024-07-11 10:25:00+09:00,1785.0,1785.0,1784.0,1784.0,400,0.0,0.0
2024-07-11 10:30:00+09:00,1787.0,1787.0,1787.0,1787.0,200,0.0,0.0
2024-07-11 10:35:00+09:00,1790.0,1793.0,1790.0,1793.0,1100,0.0,0.0
2024-07-11 10:40:00+09:00,1793.0,1794.0,1793.0,1794.0,500,0.0,0.0
2024-07-11 10:45:00+09:00,1790.0,1790.0,1790.0,1790.0,100,0.0,0.0
2024-07-11 11:00:00+09:00,1796.0,1797.0,1796.0,1797.0,200,0.0,0.0
2024-07-11 11:05:00+09:00,1792.0,1795.0,1792.0,1795.0,200,0.0,0.0
2024-07-11 11:10:00+09:00,1797.0,1797.0,1795.0,1795.0,600,0.0,0.0
2024-07-11 11:15:00+09:00,1792.0,1792.0,1792.0,1792.0,100,0.0,0.0
2024-07-11 11:25:00+09:00,1797.0,1798.0,1796.0,1798.0,300,0.0,0.0
2024-07-11 11:35:00+09:00,1798.0,1798.0,1798.0,1798.0,0,0.0,0.0
2024-07-11 12:30:00+09:00,1798.0,1799.0,1798.0,1799.0,27800,0.0,0.0
2024-07-11 12:35:00+09:00,1795.0,1795.0,1794.0,1794.0,300,0.0,0.0
2024-07-11 12:40:00+09:00,1798.0,1800.0,1798.0,1800.0,400,0.0,0.0
2024-07-11 12:45:00+09:00,1800.0,1800.0,1800.0,1800.0,200,0.0,0.0
2024-07-11 12:50:00+09:00,1799.0,1799.0,1799.0,1799.0,100,0.0,0.0
2024-07-11 12:55:00+09:00,1796.0,1803.0,1796.0,1803.0,1100,0.0,0.0
2024-07-11 13:00:00+09:00,1801.0,1801.0,1801.0,1801.0,100,0.0,0.0
2024-07-11 13:05:00+09:00,1801.0,1801.0,1800.0,1800.0,400,0.0,0.0
2024-07-11 13:10:00+09:00,1796.0,1796.0,1795.0,1795.0,300,0.0,0.0
2024-07-11 13:15:00+09:00,1798.0,1798.0,1797.0,1797.0,300,0.0,0.0
2024-07-11 13:20:00+09:00,1798.0,1798.0,1790.0,1790.0,2400,0.0,0.0
2024-07-11 13:25:00+09:00,1788.0,1789.0,1786.0,1787.0,1400,0.0,0.0
2024-07-11 13:30:00+09:00,1785.0,1793.0,1774.0,1793.0,5500,0.0,0.0
2024-07-11 13:45:00+09:00,1792.0,1792.0,1791.0,1791.0,300,0.0,0.0
2024-07-11 13:55:00+09:00,1789.0,1789.0,1789.0,1789.0,100,0.0,0.0
2024-07-11 14:00:00+09:00,1789.0,1790.0,1788.0,1790.0,400,0.0,0.0
2024-07-11 14:10:00+09:00,1789.0,1789.0,1778.0,1780.0,2100,0.0,0.0
2024-07-11 14:15:00+09:00,1781.0,1781.0,1780.0,1781.0,400,0.0,0.0
2024-07-11 14:20:00+09:00,1782.0,1782.0,1781.0,1781.0,200,0.0,0.0
2024-07-11 14:25:00+09:00,1781.0,1783.0,1777.0,1783.0,3500,0.0,0.0
2024-07-11 14:30:00+09:00,1782.0,1785.0,1782.0,1783.0,1400,0.0,0.0
2024-07-11 14:35:00+09:00,1785.0,1786.0,1783.0,1786.0,1000,0.0,0.0
2024-07-11 14:40:00+09:00,1784.0,1786.0,1784.0,1786.0,1000,0.0,0.0
2024-07-11 14:45:00+09:00,1787.0,1789.0,1787.0,1788.0,1600,0.0,0.0
2024-07-11 14:55:00+09:00,1790.0,1790.0,1786.0,1786.0,600,0.0,0.0
2024-07-12 09:00:00+09:00,1777.0,1801.0,1765.0,1800.0,7400,0.0,0.0
2024-07-12 09:05:00+09:00,1799.0,1819.0,1799.0,1819.0,3300,0.0,0.0
2024-07-12 09:10:00+09:00,1819.0,1826.0,1815.0,1825.0,1400,0.0,0.0
2024-07-12 09:15:00+09:00,1828.0,1834.0,1826.0,1830.0,2900,0.0,0.0
2024-07-12 09:20:00+09:00,1825.0,1830.0,1824.0,1830.0,1200,0.0,0.0
2024-07-12 09:25:00+09:00,1832.0,1832.0,1832.0,1832.0,100,0.0,0.0
2024-07-12 09:30:00+09:00,1832.0,1836.0,1830.0,1836.0,2000,0.0,0.0
2024-07-12 09:35:00+09:00,1835.0,1835.0,1835.0,1835.0,100,0.0,0.0
2024-07-12 09:40:00+09:00,1828.0,1833.0,1828.0,1828.0,400,0.0,0.0
2024-07-12 09:45:00+09:00,1821.0,1825.0,1819.0,1819.0,500,0.0,0.0
2024-07-12 09:50:00+09:00,1818.0,1818.0,1815.0,1815.0,300,0.0,0.0
2024-07-12 09:55:00+09:00,1813.0,1813.0,1813.0,1813.0,100,0.0,0.0
2024-07-12 10:00:00+09:00,1810.0,1813.0,1810.0,1813.0,300,0.0,0.0
2024-07-12 10:25:00+09:00,1813.0,1821.0,1813.0,1821.0,1300,0.0,0.0
2024-07-12 10:35:00+09:00,1819.0,1819.0,1818.0,1818.0,300,0.0,0.0
2024-07-12 10:45:00+09:00,1818.0,1832.0,1818.0,1829.0,5500,0.0,0.0
2024-07-12 10:50:00+09:00,1829.0,1844.0,1829.0,1844.0,2200,0.0,0.0
2024-07-12 11:05:00+09:00,1842.0,1844.0,1842.0,1844.0,800,0.0,0.0
2024-07-12 11:10:00+09:00,1843.0,1847.0,1843.0,1847.0,1400,0.0,0.0
2024-07-12 11:15:00+09:00,1847.0,1847.0,1847.0,1847.0,100,0.0,0.0
2024-07-12 11:20:00+09:00,1839.0,1842.0,1838.0,1842.0,400,0.0,0.0
2024-07-12 11:25:00+09:00,1842.0,1845.0,1838.0,1845.0,700,0.0,0.0
2024-07-12 11:30:00+09:00,1843.0,1843.0,1843.0,1843.0,100,0.0,0.0
2024-07-12 11:35:00+09:00,1843.0,1843.0,1843.0,1843.0,0,0.0,0.0
2024-07-12 12:30:00+09:00,1824.0,1845.0,1824.0,1843.0,34600,0.0,0.0
2024-07-12 12:35:00+09:00,1835.0,1835.0,1835.0,1835.0,100,0.0,0.0
2024-07-12 12:40:00+09:00,1830.0,1838.0,1830.0,1838.0,300,0.0,0.0
2024-07-12 12:45:00+09:00,1835.0,1835.0,1832.0,1833.0,400,0.0,0.0
2024-07-12 12:50:00+09:00,1832.0,1832.0,1830.0,1830.0,200,0.0,0.0
2024-07-12 12:55:00+09:00,1829.0,1829.0,1829.0,1829.0,100,0.0,0.0
2024-07-12 13:00:00+09:00,1828.0,1828.0,1828.0,1828.0,100,0.0,0.0
2024-07-12 13:10:00+09:00,1832.0,1833.0,1832.0,1833.0,200,0.0,0.0
2024-07-12 13:15:00+09:00,1828.0,1828.0,1828.0,1828.0,200,0.0,0.0
2024-07-12 13:20:00+09:00,1828.0,1828.0,1828.0,1828.0,100,0.0,0.0
2024-07-12 13:25:00+09:00,1829.0,1829.0,1829.0,1829.0,500,0.0,0.0
2024-07-12 13:30:00+09:00,1825.0,1831.0,1825.0,1831.0,200,0.0,0.0
2024-07-12 13:40:00+09:00,1829.0,1833.0,1829.0,1832.0,1100,0.0,0.0
2024-07-12 13:45:00+09:00,1834.0,1834.0,1834.0,1834.0,200,0.0,0.0
2024-07-12 13:50:00+09:00,1835.0,1835.0,1835.0,1835.0,100,0.0,0.0
2024-07-12 14:15:00+09:00,1836.0,1836.0,1836.0,1836.0,400,0.0,0.0
2024-07-12 14:20:00+09:00,1834.0,1838.0,1834.0,1836.0,400,0.0,0.0
2024-07-12 14:25:00+09:00,1836.0,1836.0,1836.0,1836.0,100,0.0,0.0
2024-07-12 14:30:00+09:00,1835.0,1836.0,1833.0,1834.0,1000,0.0,0.0
2024-07-12 14:35:00+09:00,1833.0,1838.0,1833.0,1834.0,1200,0.0,0.0
2024-07-12 14:40:00+09:00,1837.0,1839.0,1837.0,1839.0,700,0.0,0.0
2024-07-12 14:45:00+09:00,1836.0,1840.0,1836.0,1840.0,300,0.0,0.0
2024-07-12 14:50:00+09:00,1840.0,1840.0,1838.0,1840.0,800,0.0,0.0
2024-07-12 14:55:00+09:00,1839.0,1842.0,1832.0,1842.0,1900,0.0,0.0
