Datetime,Open,High,Low,Close,Volume,Dividends,Stock Splits
2024-06-14 09:00:00+09:00,6744.0,6792.0,6742.0,6788.0,135500,0.0,0.0
2024-06-14 09:05:00+09:00,6790.0,6823.0,6780.0,6785.0,6500,0.0,0.0
2024-06-14 09:10:00+09:00,6782.0,6782.0,6752.0,6752.0,3500,0.0,0.0
2024-06-14 09:15:00+09:00,6755.0,6778.0,6755.0,6760.0,1600,0.0,0.0
2024-06-14 09:20:00+09:00,6760.0,6764.0,6748.0,6764.0,1700,0.0,0.0
2024-06-14 09:25:00+09:00,6760.0,6760.0,6744.0,6748.0,2100,0.0,0.0
2024-06-14 09:30:00+09:00,6741.0,6742.0,6729.0,6737.0,1400,0.0,0.0
2024-06-14 09:35:00+09:00,6736.0,6780.0,6736.0,6761.0,3400,0.0,0.0
2024-06-14 09:40:00+09:00,6761.0,6766.0,6754.0,6766.0,700,0.0,0.0
2024-06-14 09:45:00+09:00,6769.0,6769.0,6756.0,6756.0,3900,0.0,0.0
2024-06-14 09:50:00+09:00,6753.0,6756.0,6747.0,6747.0,2100,0.0,0.0
2024-06-14 09:55:00+09:00,6757.0,6757.0,6749.0,6749.0,600,0.0,0.0
2024-06-14 10:00:00+09:00,6747.0,6754.0,6742.0,6754.0,900,0.0,0.0
2024-06-14 10:05:00+09:00,6753.0,6753.0,6740.0,6740.0,2100,0.0,0.0
2024-06-14 10:10:00+09:00,6742.0,6744.0,6731.0,6731.0,800,0.0,0.0
2024-06-14 10:15:00+09:00,6736.0,6736.0,6733.0,6733.0,800,0.0,0.0
2024-06-14 10:20:00+09:00,6731.0,6739.0,6731.0,6732.0,2500,0.0,0.0
2024-06-14 10:25:00+09:00,6736.0,6741.0,6720.0,6728.0,4800,0.0,0.0
2024-06-14 10:30:00+09:00,6732.0,6732.0,6721.0,6727.0,1100,0.0,0.0
2024-06-14 10:35:00+09:00,6733.0,6748.0,6733.0,6744.0,1700,0.0,0.0
2024-06-14 10:40:00+09:00,6742.0,6746.0,6741.0,6744.0,1500,0.0,0.0
2024-06-14 10:45:00+09:00,6745.0,6745.0,6727.0,6727.0,1900,0.0,0.0
2024-06-14 10:50:00+09:00,6733.0,6737.0,6721.0,6721.0,2600,0.0,0.0
2024-06-14 10:55:00+09:00,6723.0,6727.0,6720.0,6727.0,1000,0.0,0.0
2024-06-14 11:00:00+09:00,6730.0,6734.0,6730.0,6734.0,700,0.0,0.0
2024-06-14 11:05:00+09:00,6730.0,6736.0,6729.0,6736.0,700,0.0,0.0
2024-06-14 11:10:00+09:00,6740.0,6747.0,6740.0,6745.0,1000,0.0,0.0
2024-06-14 11:15:00+09:00,6749.0,6750.0,6746.0,6750.0,500,0.0,0.0
2024-06-14 11:20:00+09:00,6747.0,6747.0,6746.0,6746.0,400,0.0,0.0
2024-06-14 11:25:00+09:00,6753.0,6753.0,6743.0,6750.0,600,0.0,0.0
2024-06-14 11:35:00+09:00,6750.0,6750.0,6750.0,6750.0,0,0.0,0.0
2024-06-14 12:30:00+09:00,6786.0,6786.0,6738.0,6758.0,198100,0.0,0.0
2024-06-14 12:35:00+09:00,6759.0,6777.0,6759.0,6777.0,900,0.0,0.0
2024-06-14 12:40:00+09:00,6778.0,6779.0,6772.0,6779.0,600,0.0,0.0
2024-06-14 12:45:00+09:00,6774.0,6784.0,6772.0,6784.0,900,0.0,0.0
2024-06-14 12:50:00+09:00,6785.0,6785.0,6759.0,6765.0,1700,0.0,0.0
2024-06-14 12:55:00+09:00,6769.0,6777.0,6769.0,6777.0,2100,0.0,0.0
2024-06-14 13:00:00+09:00,6780.0,6780.0,6777.0,6777.0,300,0.0,0.0
2024-06-14 13:05:00+09:00,6777.0,6777.0,6774.0,6774.0,300,0.0,0.0
2024-06-14 13:10:00+09:00,6773.0,6773.0,6768.0,6771.0,600,0.0,0.0
2024-06-14 13:15:00+09:00,6770.0,6772.0,6764.0,6764.0,800,0.0,0.0
2024-06-14 13:20:00+09:00,6761.0,6762.0,6756.0,6756.0,1000,0.0,0.0
2024-06-14 13:25:00+09:00,6753.0,6753.0,6752.0,6752.0,400,0.0,0.0
2024-06-14 13:30:00+09:00,6758.0,6767.0,6758.0,6767.0,1000,0.0,0.0
2024-06-14 13:35:00+09:00,6770.0,6770.0,6770.0,6770.0,100,0.0,0.0
2024-06-14 13:40:00+09:00,6766.0,6766.0,6766.0,6766.0,0,0.0,0.0
2024-06-14 13:45:00+09:00,6768.0,6768.0,6764.0,6764.0,209800,0.0,0.0
2024-06-14 13:50:00+09:00,6763.0,6767.0,6759.0,6764.0,1800,0.0,0.0
2024-06-14 13:55:00+09:00,6762.0,6763.0,6746.0,6759.0,4100,0.0,0.0
2024-06-14 14:00:00+09:00,6763.0,6772.0,6763.0,6772.0,400,0.0,0.0
2024-06-14 14:05:00+09:00,6771.0,6772.0,6763.0,6763.0,700,0.0,0.0
2024-06-14 14:10:00+09:00,6773.0,6778.0,6773.0,6775.0,800,0.0,0.0
2024-06-14 14:15:00+09:00,6774.0,6774.0,6771.0,6771.0,400,0.0,0.0
2024-06-14 14:20:00+09:00,6771.0,6771.0,6770.0,6770.0,300,0.0,0.0
2024-06-14 14:25:00+09:00,6770.0,6773.0,6761.0,6763.0,2600,0.0,0.0
2024-06-14 14:30:00+09:00,6764.0,6769.0,6760.0,6760.0,2500,0.0,0.0
2024-06-14 14:35:00+09:00,6759.0,6763.0,6757.0,6763.0,1600,0.0,0.0
2024-06-14 14:40:00+09:00,6763.0,6766.0,6762.0,6764.0,1300,0.0,0.0
2024-06-14 14:45:00+09:00,6763.0,6775.0,6763.0,6773.0,2800,0.0,0.0
2024-06-14 14:50:00+09:00,6771.0,6773.0,6764.0,6768.0,4300,0.0,0.0
2024-06-14 14:55:00+09:00,6768.0,6778.0,6755.0,6771.0,7300,0.0,0.0
2024-06-17 09:00:00+09:00,6687.0,6720.0,6657.0,6689.0,9100,0.0,0.0
2024-06-17 09:05:00+09:00,6684.0,6723.0,6681.0,6681.0,7700,0.0,0.0
2024-06-17 09:10:00+09:00,6677.0,6685.0,6659.0,6670.0,2300,0.0,0.0
2024-06-17 09:15:00+09:00,6669.0,6676.0,6657.0,6657.0,1400,0.0,0.0
2024-06-17 09:20:00+09:00,6669.0,6699.0,6657.0,6687.0,4500,0.0,0.0
2024-06-17 09:25:00+09:00,6685.0,6705.0,6678.0,6705.0,1600,0.0,0.0
2024-06-17 09:30:00+09:00,6711.0,6714.0,6690.0,6701.0,2800,0.0,0.0
2024-06-17 09:35:00+09:00,6705.0,6711.0,6700.0,6703.0,700,0.0,0.0
2024-06-17 09:40:00+09:00,6704.0,6708.0,6704.0,6705.0,400,0.0,0.0
2024-06-17 09:45:00+09:00,6710.0,6710.0,6695.0,6695.0,700,0.0,0.0
2024-06-17 09:50:00+09:00,6693.0,6700.0,6688.0,6688.0,500,0.0,0.0
2024-06-17 09:55:00+09:00,6697.0,6697.0,6685.0,6685.0,1000,0.0,0.0
2024-06-17 10:00:00+09:00,6684.0,6684.0,6657.0,6657.0,1400,0.0,0.0
2024-06-17 10:05:00+09:00,6665.0,6666.0,6659.0,6664.0,800,0.0,0.0
2024-06-17 10:10:00+09:00,6655.0,6661.0,6642.0,6642.0,1500,0.0,0.0
2024-06-17 10:15:00+09:00,6647.0,6649.0,6641.0,6641.0,300,0.0,0.0
2024-06-17 10:20:00+09:00,6649.0,6653.0,6646.0,6646.0,1300,0.0,0.0
2024-06-17 10:25:00+09:00,6644.0,6653.0,6640.0,6645.0,3200,0.0,0.0
2024-06-17 10:30:00+09:00,6650.0,6660.0,6650.0,6660.0,400,0.0,0.0
2024-06-17 10:35:00+09:00,6662.0,6667.0,6661.0,6667.0,1200,0.0,0.0
2024-06-17 10:40:00+09:00,6669.0,6676.0,6666.0,6666.0,1400,0.0,0.0
2024-06-17 10:45:00+09:00,6665.0,6674.0,6661.0,6661.0,800,0.0,0.0
2024-06-17 10:50:00+09:00,6668.0,6673.0,6662.0,6662.0,800,0.0,0.0
2024-06-17 10:55:00+09:00,6670.0,6674.0,6669.0,6674.0,600,0.0,0.0
2024-06-17 11:00:00+09:00,6682.0,6682.0,6676.0,6676.0,300,0.0,0.0
2024-06-17 11:05:00+09:00,6681.0,6683.0,6676.0,6681.0,800,0.0,0.0
2024-06-17 11:10:00+09:00,6674.0,6678.0,6669.0,6669.0,900,0.0,0.0
2024-06-17 11:15:00+09:00,6679.0,6693.0,6679.0,6686.0,1000,0.0,0.0
2024-06-17 11:20:00+09:00,6691.0,6691.0,6685.0,6689.0,300,0.0,0.0
2024-06-17 11:25:00+09:00,6688.0,6688.0,6675.0,6683.0,1000,0.0,0.0
2024-06-17 11:30:00+09:00,6675.0,6675.0,6675.0,6675.0,600,0.0,0.0
2024-06-17 11:35:00+09:00,6675.0,6675.0,6675.0,6675.0,0,0.0,0.0
2024-06-17 12:30:00+09:00,6675.0,6697.0,6662.0,6684.0,55000,0.0,0.0
2024-06-17 12:35:00+09:00,6685.0,6690.0,6679.0,6687.0,1400,0.0,0.0
2024-06-17 12:40:00+09:00,6683.0,6687.0,6680.0,6680.0,1200,0.0,0.0
2024-06-17 12:45:00+09:00,6684.0,6684.0,6676.0,6684.0,1300,0.0,0.0
2024-06-17 12:50:00+09:00,6684.0,6688.0,6671.0,6671.0,1900,0.0,0.0
2024-06-17 12:55:00+09:00,6667.0,6670.0,6667.0,6668.0,900,0.0,0.0
2024-06-17 13:00:00+09:00,6671.0,6672.0,6662.0,6662.0,1900,0.0,0.0
2024-06-17 13:05:00+09:00,6661.0,6668.0,6661.0,6668.0,700,0.0,0.0
2024-06-17 13:10:00+09:00,6671.0,6671.0,6659.0,6659.0,1400,0.0,0.0
2024-06-17 13:15:00+09:00,6660.0,6663.0,6653.0,6653.0,700,0.0,0.0
2024-06-17 13:20:00+09:00,6661.0,6661.0,6650.0,6651.0,700,0.0,0.0
2024-06-17 13:25:00+09:00,6653.0,6653.0,6650.0,6651.0,1000,0.0,0.0
2024-06-17 13:30:00+09:00,6653.0,6653.0,6640.0,6643.0,900,0.0,0.0
2024-06-17 13:35:00+09:00,6649.0,6649.0,6642.0,6645.0,700,0.0,0.0
2024-06-17 13:40:00+09:00,6646.0,6650.0,6642.0,6642.0,1000,0.0,0.0
2024-06-17 13:45:00+09:00,6646.0,6657.0,6642.0,6649.0,2100,0.0,0.0
2024-06-17 13:50:00+09:00,6660.0,6662.0,6653.0,6653.0,1300,0.0,0.0
2024-06-17 13:55:00+09:00,6657.0,6662.0,6650.0,6650.0,700,0.0,0.0
2024-06-17 14:00:00+09:00,6650.0,6657.0,6650.0,6655.0,700,0.0,0.0
2024-06-17 14:05:00+09:00,6654.0,6662.0,6654.0,6662.0,1100,0.0,0.0
2024-06-17 14:10:00+09:00,6665.0,6676.0,6665.0,6672.0,1400,0.0,0.0
2024-06-17 14:15:00+09:00,6676.0,6677.0,6665.0,6665.0,1000,0.0,0.0
2024-06-17 14:20:00+09:00,6668.0,6668.0,6660.0,6663.0,800,0.0,0.0
2024-06-17 14:25:00+09:00,6662.0,6664.0,6659.0,6660.0,1100,0.0,0.0
2024-06-17 14:30:00+09:00,6663.0,6663.0,6659.0,6659.0,1200,0.0,0.0
2024-06-17 14:35:00+09:00,6658.0,6658.0,6652.0,6654.0,1500,0.0,0.0
2024-06-17 14:40:00+09:00,6654.0,6658.0,6652.0,6658.0,800,0.0,0.0
2024-06-17 14:45:00+09:00,6656.0,6659.0,6649.0,6649.0,2700,0.0,0.0
2024-06-17 14:50:00+09:00,6647.0,6650.0,6641.0,6645.0,2600,0.0,0.0
2024-06-17 14:55:00+09:00,6644.0,6648.0,6634.0,6648.0,6900,0.0,0.0
2024-06-18 09:00:00+09:00,6691.0,6691.0,6619.0,6669.0,0,0.0,0.0
2024-06-18 09:05:00+09:00,6658.0,6684.0,6658.0,6683.0,9100,0.0,0.0
2024-06-18 09:10:00+09:00,6678.0,6678.0,6664.0,6672.0,1400,0.0,0.0
2024-06-18 09:15:00+09:00,6675.0,6689.0,6675.0,6688.0,2000,0.0,0.0
2024-06-18 09:20:00+09:00,6686.0,6700.0,6686.0,6698.0,1300,0.0,0.0
2024-06-18 09:25:00+09:00,6695.0,6707.0,6695.0,6707.0,1600,0.0,0.0
2024-06-18 09:30:00+09:00,6701.0,6735.0,6700.0,6730.0,2500,0.0,0.0
2024-06-18 09:35:00+09:00,6726.0,6735.0,6715.0,6715.0,1600,0.0,0.0
2024-06-18 09:40:00+09:00,6716.0,6721.0,6706.0,6713.0,1600,0.0,0.0
2024-06-18 09:45:00+09:00,6719.0,6723.0,6711.0,6722.0,2100,0.0,0.0
2024-06-18 09:50:00+09:00,6724.0,6731.0,6724.0,6730.0,700,0.0,0.0
2024-06-18 09:55:00+09:00,6730.0,6730.0,6712.0,6712.0,1400,0.0,0.0
2024-06-18 10:00:00+09:00,6715.0,6722.0,6705.0,6705.0,1300,0.0,0.0
2024-06-18 10:10:00+09:00,6714.0,6715.0,6714.0,6715.0,300,0.0,0.0
2024-06-18 10:15:00+09:00,6718.0,6718.0,6714.0,6718.0,900,0.0,0.0
2024-06-18 10:20:00+09:00,6718.0,6718.0,6714.0,6714.0,300,0.0,0.0
2024-06-18 10:25:00+09:00,6716.0,6716.0,6716.0,6716.0,200,0.0,0.0
2024-06-18 10:30:00+09:00,6716.0,6716.0,6700.0,6700.0,1100,0.0,0.0
2024-06-18 10:35:00+09:00,6709.0,6712.0,6709.0,6712.0,500,0.0,0.0
2024-06-18 10:40:00+09:00,6712.0,6712.0,6712.0,6712.0,200,0.0,0.0
2024-06-18 10:45:00+09:00,6714.0,6726.0,6714.0,6724.0,1300,0.0,0.0
2024-06-18 10:50:00+09:00,6725.0,6732.0,6725.0,6730.0,1000,0.0,0.0
2024-06-18 10:55:00+09:00,6727.0,6730.0,6723.0,6723.0,500,0.0,0.0
2024-06-18 11:00:00+09:00,6728.0,6728.0,6714.0,6714.0,1200,0.0,0.0
2024-06-18 11:05:00+09:00,6712.0,6722.0,6712.0,6722.0,1100,0.0,0.0
2024-06-18 11:10:00+09:00,6722.0,6727.0,6720.0,6723.0,800,0.0,0.0
2024-06-18 11:15:00+09:00,6722.0,6726.0,6720.0,6720.0,400,0.0,0.0
2024-06-18 11:20:00+09:00,6721.0,6724.0,6720.0,6720.0,800,0.0,0.0
2024-06-18 11:25:00+09:00,6724.0,6727.0,6724.0,6727.0,400,0.0,0.0
2024-06-18 11:30:00+09:00,6729.0,6729.0,6729.0,6729.0,500,0.0,0.0
2024-06-18 11:35:00+09:00,6729.0,6729.0,6729.0,6729.0,0,0.0,0.0
2024-06-18 12:30:00+09:00,6729.0,6757.0,6719.0,6745.0,44900,0.0,0.0
2024-06-18 12:35:00+09:00,6747.0,6750.0,6746.0,6750.0,500,0.0,0.0
2024-06-18 12:40:00+09:00,6754.0,6759.0,6754.0,6755.0,400,0.0,0.0
2024-06-18 12:45:00+09:00,6755.0,6763.0,6755.0,6763.0,300,0.0,0.0
2024-06-18 12:50:00+09:00,6769.0,6769.0,6757.0,6757.0,1300,0.0,0.0
2024-06-18 12:55:00+09:00,6757.0,6758.0,6752.0,6755.0,1500,0.0,0.0
2024-06-18 13:00:00+09:00,6755.0,6755.0,6755.0,6755.0,200,0.0,0.0
2024-06-18 13:05:00+09:00,6752.0,6752.0,6749.0,6751.0,700,0.0,0.0
2024-06-18 13:10:00+09:00,6749.0,6755.0,6749.0,6755.0,1900,0.0,0.0
2024-06-18 13:15:00+09:00,6755.0,6758.0,6753.0,6753.0,600,0.0,0.0
2024-06-18 13:20:00+09:00,6752.0,6754.0,6749.0,6749.0,600,0.0,0.0
2024-06-18 13:25:00+09:00,6748.0,6750.0,6747.0,6747.0,1100,0.0,0.0
2024-06-18 13:30:00+09:00,6746.0,6749.0,6743.0,6743.0,600,0.0,0.0
2024-06-18 13:35:00+09:00,6742.0,6747.0,6741.0,6747.0,900,0.0,0.0
2024-06-18 13:40:00+09:00,6750.0,6755.0,6747.0,6755.0,1900,0.0,0.0
2024-06-18 13:45:00+09:00,6750.0,6750.0,6748.0,6748.0,300,0.0,0.0
2024-06-18 13:50:00+09:00,6750.0,6750.0,6747.0,6747.0,900,0.0,0.0
2024-06-18 13:55:00+09:00,6747.0,6747.0,6747.0,6747.0,200,0.0,0.0
2024-06-18 14:00:00+09:00,6750.0,6755.0,6749.0,6755.0,600,0.0,0.0
2024-06-18 14:05:00+09:00,6752.0,6759.0,6752.0,6759.0,600,0.0,0.0
2024-06-18 14:10:00+09:00,6760.0,6767.0,6760.0,6764.0,1700,0.0,0.0
2024-06-18 14:15:00+09:00,6767.0,6772.0,6767.0,6772.0,1200,0.0,0.0
2024-06-18 14:20:00+09:00,6777.0,6779.0,6775.0,6775.0,1500,0.0,0.0
2024-06-18 14:25:00+09:00,6772.0,6772.0,6768.0,6768.0,1100,0.0,0.0
2024-06-18 14:30:00+09:00,6771.0,6772.0,6771.0,6771.0,900,0.0,0.0
2024-06-18 14:35:00+09:00,6770.0,6771.0,6767.0,6770.0,1800,0.0,0.0
2024-06-18 14:40:00+09:00,6768.0,6769.0,6766.0,6766.0,1200,0.0,0.0
2024-06-18 14:45:00+09:00,6767.0,6767.0,6756.0,6763.0,2000,0.0,0.0
2024-06-18 14:50:00+09:00,6761.0,6766.0,6755.0,6766.0,4600,0.0,0.0
2024-06-18 14:55:00+09:00,6766.0,6780.0,6762.0,6780.0,6000,0.0,0.0
2024-06-19 09:00:00+09:00,6763.0,6780.0,6762.0,6780.0,7900,0.0,0.0
2024-06-19 09:05:00+09:00,6786.0,6787.0,6773.0,6775.0,2200,0.0,0.0
2024-06-19 09:10:00+09:00,6769.0,6787.0,6769.0,6787.0,800,0.0,0.0
2024-06-19 09:15:00+09:00,6784.0,6800.0,6784.0,6800.0,1300,0.0,0.0
2024-06-19 09:20:00+09:00,6797.0,6797.0,6784.0,6789.0,1000,0.0,0.0
2024-06-19 09:25:00+09:00,6785.0,6785.0,6782.0,6784.0,1000,0.0,0.0
2024-06-19 09:30:00+09:00,6788.0,6796.0,6785.0,6788.0,1000,0.0,0.0
2024-06-19 09:35:00+09:00,6789.0,6801.0,6789.0,6800.0,500,0.0,0.0
2024-06-19 09:40:00+09:00,6801.0,6810.0,6795.0,6795.0,2400,0.0,0.0
2024-06-19 09:45:00+09:00,6799.0,6799.0,6794.0,6798.0,600,0.0,0.0
2024-06-19 09:50:00+09:00,6794.0,6794.0,6787.0,6787.0,900,0.0,0.0
2024-06-19 09:55:00+09:00,6787.0,6793.0,6787.0,6790.0,400,0.0,0.0
2024-06-19 10:00:00+09:00,6791.0,6795.0,6791.0,6795.0,300,0.0,0.0
2024-06-19 10:05:00+09:00,6793.0,6793.0,6784.0,6784.0,800,0.0,0.0
2024-06-19 10:10:00+09:00,6783.0,6783.0,6749.0,6749.0,3100,0.0,0.0
2024-06-19 10:15:00+09:00,6747.0,6768.0,6746.0,6768.0,1800,0.0,0.0
2024-06-19 10:20:00+09:00,6771.0,6772.0,6762.0,6762.0,600,0.0,0.0
2024-06-19 10:25:00+09:00,6767.0,6770.0,6767.0,6769.0,500,0.0,0.0
2024-06-19 10:30:00+09:00,6768.0,6775.0,6768.0,6775.0,1300,0.0,0.0
2024-06-19 10:35:00+09:00,6781.0,6789.0,6780.0,6789.0,700,0.0,0.0
2024-06-19 10:40:00+09:00,6797.0,6799.0,6797.0,6799.0,300,0.0,0.0
2024-06-19 10:45:00+09:00,6797.0,6797.0,6792.0,6795.0,500,0.0,0.0
2024-06-19 10:50:00+09:00,6790.0,6790.0,6790.0,6790.0,500,0.0,0.0
2024-06-19 10:55:00+09:00,6795.0,6804.0,6795.0,6804.0,1600,0.0,0.0
2024-06-19 11:00:00+09:00,6805.0,6805.0,6803.0,6803.0,400,0.0,0.0
2024-06-19 11:05:00+09:00,6804.0,6804.0,6797.0,6797.0,400,0.0,0.0
2024-06-19 11:10:00+09:00,6800.0,6800.0,6800.0,6800.0,300,0.0,0.0
2024-06-19 11:15:00+09:00,6794.0,6801.0,6794.0,6794.0,300,0.0,0.0
2024-06-19 11:20:00+09:00,6800.0,6815.0,6800.0,6815.0,2400,0.0,0.0
2024-06-19 11:25:00+09:00,6816.0,6830.0,6816.0,6823.0,4000,0.0,0.0
2024-06-19 11:30:00+09:00,6823.0,6823.0,6823.0,6823.0,200,0.0,0.0
2024-06-19 11:35:00+09:00,6823.0,6823.0,6823.0,6823.0,0,0.0,0.0
2024-06-19 12:30:00+09:00,6796.0,6808.0,6780.0,6785.0,44600,0.0,0.0
2024-06-19 12:35:00+09:00,6782.0,6782.0,6782.0,6782.0,100,0.0,0.0
2024-06-19 12:40:00+09:00,6776.0,6776.0,6773.0,6773.0,500,0.0,0.0
2024-06-19 12:45:00+09:00,6776.0,6780.0,6772.0,6780.0,1600,0.0,0.0
2024-06-19 12:50:00+09:00,6780.0,6780.0,6780.0,6780.0,200,0.0,0.0
2024-06-19 12:55:00+09:00,6776.0,6776.0,6776.0,6776.0,400,0.0,0.0
2024-06-19 13:00:00+09:00,6781.0,6781.0,6781.0,6781.0,100,0.0,0.0
2024-06-19 13:05:00+09:00,6780.0,6784.0,6780.0,6784.0,600,0.0,0.0
2024-06-19 13:10:00+09:00,6777.0,6777.0,6777.0,6777.0,200,0.0,0.0
2024-06-19 13:15:00+09:00,6782.0,6784.0,6777.0,6777.0,600,0.0,0.0
2024-06-19 13:25:00+09:00,6773.0,6781.0,6773.0,6781.0,500,0.0,0.0
2024-06-19 13:30:00+09:00,6782.0,6782.0,6761.0,6765.0,2400,0.0,0.0
2024-06-19 13:35:00+09:00,6760.0,6760.0,6760.0,6760.0,100,0.0,0.0
2024-06-19 13:40:00+09:00,6761.0,6761.0,6760.0,6760.0,500,0.0,0.0
2024-06-19 13:45:00+09:00,6759.0,6760.0,6759.0,6760.0,700,0.0,0.0
2024-06-19 13:50:00+09:00,6765.0,6765.0,6765.0,6765.0,1200,0.0,0.0
2024-06-19 13:55:00+09:00,6752.0,6752.0,6752.0,6752.0,200,0.0,0.0
2024-06-19 14:05:00+09:00,6749.0,6749.0,6749.0,6749.0,300,0.0,0.0
2024-06-19 14:10:00+09:00,6752.0,6753.0,6752.0,6753.0,900,0.0,0.0
2024-06-19 14:15:00+09:00,6747.0,6747.0,6735.0,6735.0,2000,0.0,0.0
2024-06-19 14:20:00+09:00,6736.0,6736.0,6734.0,6736.0,600,0.0,0.0
2024-06-19 14:25:00+09:00,6738.0,6738.0,6731.0,6731.0,500,0.0,0.0
2024-06-19 14:30:00+09:00,6730.0,6735.0,6726.0,6730.0,1400,0.0,0.0
2024-06-19 14:35:00+09:00,6731.0,6734.0,6727.0,6734.0,1300,0.0,0.0
2024-06-19 14:40:00+09:00,6738.0,6744.0,6738.0,6743.0,1500,0.0,0.0
2024-06-19 14:45:00+09:00,6740.0,6754.0,6739.0,6754.0,1300,0.0,0.0
2024-06-19 14:50:00+09:00,6756.0,6762.0,6752.0,6762.0,2000,0.0,0.0
2024-06-19 14:55:00+09:00,6761.0,6771.0,6761.0,6761.0,2400,0.0,0.0
2024-06-20 09:00:00+09:00,6740.0,6789.0,6740.0,6789.0,8100,0.0,0.0
2024-06-20 09:05:00+09:00,6779.0,6795.0,6769.0,6769.0,2200,0.0,0.0
2024-06-20 09:10:00+09:00,6752.0,6752.0,6743.0,6743.0,700,0.0,0.0
2024-06-20 09:15:00+09:00,6745.0,6751.0,6745.0,6751.0,500,0.0,0.0
2024-06-20 09:20:00+09:00,6746.0,6746.0,6746.0,6746.0,100,0.0,0.0
2024-06-20 09:25:00+09:00,6741.0,6767.0,6741.0,6760.0,2000,0.0,0.0
2024-06-20 09:30:00+09:00,6760.0,6764.0,6752.0,6752.0,600,0.0,0.0
2024-06-20 09:35:00+09:00,6756.0,6763.0,6752.0,6760.0,1600,0.0,0.0
2024-06-20 09:40:00+09:00,6753.0,6763.0,6751.0,6762.0,1300,0.0,0.0
2024-06-20 09:45:00+09:00,6762.0,6762.0,6726.0,6732.0,3600,0.0,0.0
2024-06-20 09:50:00+09:00,6723.0,6726.0,6704.0,6726.0,0,0.0,0.0
2024-06-20 09:55:00+09:00,6716.0,6718.0,6701.0,6701.0,25800,0.0,0.0
2024-06-20 10:05:00+09:00,6696.0,6722.0,6696.0,6722.0,1500,0.0,0.0
2024-06-20 10:10:00+09:00,6733.0,6736.0,6733.0,6736.0,1700,0.0,0.0
2024-06-20 10:15:00+09:00,6735.0,6739.0,6726.0,6730.0,1100,0.0,0.0
2024-06-20 10:20:00+09:00,6733.0,6734.0,6733.0,6734.0,900,0.0,0.0
2024-06-20 10:25:00+09:00,6733.0,6733.0,6724.0,6724.0,1000,0.0,0.0
2024-06-20 10:35:00+09:00,6721.0,6739.0,6721.0,6739.0,1100,0.0,0.0
2024-06-20 10:40:00+09:00,6740.0,6740.0,6738.0,6738.0,500,0.0,0.0
2024-06-20 10:45:00+09:00,6737.0,6737.0,6737.0,6737.0,100,0.0,0.0
2024-06-20 10:50:00+09:00,6740.0,6740.0,6740.0,6740.0,200,0.0,0.0
2024-06-20 10:55:00+09:00,6737.0,6737.0,6737.0,6737.0,200,0.0,0.0
2024-06-20 11:00:00+09:00,6737.0,6743.0,6737.0,6743.0,300,0.0,0.0
2024-06-20 11:05:00+09:00,6742.0,6743.0,6734.0,6736.0,700,0.0,0.0
2024-06-20 11:10:00+09:00,6733.0,6733.0,6733.0,6733.0,400,0.0,0.0
2024-06-20 11:15:00+09:00,6728.0,6736.0,6728.0,6736.0,900,0.0,0.0
2024-06-20 11:20:00+09:00,6733.0,6733.0,6733.0,6733.0,100,0.0,0.0
2024-06-20 11:25:00+09:00,6740.0,6740.0,6740.0,6740.0,400,0.0,0.0
2024-06-20 11:30:00+09:00,6738.0,6738.0,6738.0,6738.0,100,0.0,0.0
2024-06-20 11:35:00+09:00,6738.0,6738.0,6738.0,6738.0,0,0.0,0.0
2024-06-20 12:30:00+09:00,6742.0,6766.0,6722.0,6751.0,45200,0.0,0.0
2024-06-20 12:35:00+09:00,6741.0,6752.0,6738.0,6752.0,900,0.0,0.0
2024-06-20 12:40:00+09:00,6752.0,6754.0,6744.0,6744.0,900,0.0,0.0
2024-06-20 12:45:00+09:00,6743.0,6752.0,6743.0,6746.0,1100,0.0,0.0
2024-06-20 12:50:00+09:00,6745.0,6754.0,6744.0,6754.0,1000,0.0,0.0
2024-06-20 12:55:00+09:00,6751.0,6767.0,6750.0,6767.0,1500,0.0,0.0
2024-06-20 13:00:00+09:00,6771.0,6772.0,6771.0,6772.0,300,0.0,0.0
2024-06-20 13:05:00+09:00,6773.0,6778.0,6773.0,6778.0,600,0.0,0.0
2024-06-20 13:10:00+09:00,6788.0,6805.0,6788.0,6794.0,2300,0.0,0.0
2024-06-20 13:15:00+09:00,6801.0,6802.0,6800.0,6802.0,500,0.0,0.0
2024-06-20 13:20:00+09:00,6801.0,6824.0,6801.0,6824.0,2800,0.0,0.0
2024-06-20 13:25:00+09:00,6816.0,6839.0,6816.0,6839.0,1200,0.0,0.0
2024-06-20 13:30:00+09:00,6834.0,6850.0,6833.0,6840.0,2200,0.0,0.0
2024-06-20 13:35:00+09:00,6841.0,6845.0,6837.0,6841.0,1600,0.0,0.0
2024-06-20 13:40:00+09:00,6847.0,6848.0,6836.0,6846.0,1800,0.0,0.0
2024-06-20 13:45:00+09:00,6842.0,6842.0,6833.0,6834.0,500,0.0,0.0
2024-06-20 13:50:00+09:00,6835.0,6837.0,6796.0,6796.0,4300,0.0,0.0
2024-06-20 13:55:00+09:00,6790.0,6803.0,6774.0,6795.0,3500,0.0,0.0
2024-06-20 14:00:00+09:00,6796.0,6799.0,6792.0,6799.0,700,0.0,0.0
2024-06-20 14:05:00+09:00,6797.0,6797.0,6785.0,6792.0,1700,0.0,0.0
2024-06-20 14:10:00+09:00,6792.0,6794.0,6786.0,6787.0,1500,0.0,0.0
2024-06-20 14:15:00+09:00,6786.0,6786.0,6782.0,6785.0,1200,0.0,0.0
2024-06-20 14:20:00+09:00,6784.0,6784.0,6774.0,6774.0,1000,0.0,0.0
2024-06-20 14:25:00+09:00,6779.0,6782.0,6776.0,6777.0,1400,0.0,0.0
2024-06-20 14:30:00+09:00,6774.0,6774.0,6763.0,6772.0,1800,0.0,0.0
2024-06-20 14:35:00+09:00,6765.0,6771.0,6765.0,6771.0,1700,0.0,0.0
2024-06-20 14:40:00+09:00,6766.0,6785.0,6766.0,6776.0,2700,0.0,0.0
2024-06-20 14:45:00+09:00,6774.0,6792.0,6774.0,6792.0,2600,0.0,0.0
2024-06-20 14:50:00+09:00,6791.0,6801.0,6791.0,6801.0,2100,0.0,0.0
2024-06-20 14:55:00+09:00,6801.0,6802.0,6793.0,6794.0,3800,0.0,0.0
2024-06-21 09:00:00+09:00,6770.0,6815.0,6769.0,6769.0,6200,0.0,0.0
2024-06-21 09:05:00+09:00,6770.0,6801.0,6770.0,6801.0,1500,0.0,0.0
2024-06-21 09:10:00+09:00,6811.0,6811.0,6801.0,6802.0,900,0.0,0.0
2024-06-21 09:15:00+09:00,6800.0,6804.0,6794.0,6804.0,1900,0.0,0.0
2024-06-21 09:20:00+09:00,6801.0,6808.0,6799.0,6808.0,400,0.0,0.0
2024-06-21 09:25:00+09:00,6818.0,6820.0,6804.0,6813.0,1100,0.0,0.0
2024-06-21 09:30:00+09:00,6807.0,6820.0,6797.0,6797.0,2300,0.0,0.0
2024-06-21 09:35:00+09:00,6799.0,6800.0,6778.0,6784.0,1500,0.0,0.0
2024-06-21 09:40:00+09:00,6780.0,6780.0,6767.0,6767.0,1700,0.0,0.0
2024-06-21 09:45:00+09:00,6762.0,6766.0,6762.0,6766.0,400,0.0,0.0
2024-06-21 09:50:00+09:00,6760.0,6760.0,6739.0,6739.0,0,0.0,0.0
2024-06-21 09:55:00+09:00,6748.0,6759.0,6748.0,6754.0,21300,0.0,0.0
2024-06-21 10:00:00+09:00,6749.0,6751.0,6743.0,6743.0,0,0.0,0.0
2024-06-21 10:05:00+09:00,6747.0,6750.0,6742.0,6742.0,23500,0.0,0.0
2024-06-21 10:10:00+09:00,6742.0,6742.0,6737.0,6742.0,500,0.0,0.0
2024-06-21 10:15:00+09:00,6745.0,6749.0,6745.0,6749.0,600,0.0,0.0
2024-06-21 10:20:00+09:00,6744.0,6746.0,6738.0,6746.0,800,0.0,0.0
2024-06-21 10:30:00+09:00,6756.0,6756.0,6746.0,6746.0,400,0.0,0.0
2024-06-21 10:35:00+09:00,6753.0,6769.0,6753.0,6769.0,2500,0.0,0.0
2024-06-21 10:40:00+09:00,6768.0,6768.0,6768.0,6768.0,100,0.0,0.0
2024-06-21 10:45:00+09:00,6763.0,6767.0,6761.0,6765.0,800,0.0,0.0
2024-06-21 10:50:00+09:00,6760.0,6760.0,6760.0,6760.0,200,0.0,0.0
2024-06-21 10:55:00+09:00,6760.0,6762.0,6760.0,6762.0,600,0.0,0.0
2024-06-21 11:00:00+09:00,6760.0,6763.0,6755.0,6755.0,300,0.0,0.0
2024-06-21 11:05:00+09:00,6758.0,6781.0,6754.0,6777.0,2800,0.0,0.0
2024-06-21 11:10:00+09:00,6778.0,6782.0,6778.0,6782.0,700,0.0,0.0
2024-06-21 11:15:00+09:00,6783.0,6783.0,6783.0,6783.0,400,0.0,0.0
2024-06-21 11:20:00+09:00,6781.0,6786.0,6780.0,6780.0,400,0.0,0.0
2024-06-21 11:25:00+09:00,6774.0,6777.0,6774.0,6775.0,300,0.0,0.0
2024-06-21 11:30:00+09:00,6775.0,6775.0,6775.0,6775.0,200,0.0,0.0
2024-06-21 11:35:00+09:00,6775.0,6775.0,6775.0,6775.0,0,0.0,0.0
2024-06-21 12:30:00+09:00,6782.0,6789.0,6777.0,6789.0,39300,0.0,0.0
2024-06-21 12:35:00+09:00,6790.0,6790.0,6778.0,6780.0,3200,0.0,0.0
2024-06-21 12:40:00+09:00,6789.0,6792.0,6789.0,6792.0,700,0.0,0.0
2024-06-21 12:45:00+09:00,6796.0,6811.0,6795.0,6811.0,1500,0.0,0.0
2024-06-21 12:50:00+09:00,6803.0,6811.0,6803.0,6811.0,800,0.0,0.0
2024-06-21 12:55:00+09:00,6819.0,6819.0,6819.0,6819.0,100,0.0,0.0
2024-06-21 13:00:00+09:00,6815.0,6825.0,6814.0,6822.0,2600,0.0,0.0
2024-06-21 13:05:00+09:00,6826.0,6832.0,6820.0,6820.0,2500,0.0,0.0
2024-06-21 13:10:00+09:00,6821.0,6827.0,6821.0,6827.0,1600,0.0,0.0
2024-06-21 13:15:00+09:00,6831.0,6834.0,6827.0,6834.0,800,0.0,0.0
2024-06-21 13:20:00+09:00,6828.0,6833.0,6828.0,6833.0,1000,0.0,0.0
2024-06-21 13:25:00+09:00,6833.0,6838.0,6833.0,6838.0,1500,0.0,0.0
2024-06-21 13:30:00+09:00,6837.0,6839.0,6836.0,6839.0,0,0.0,0.0
2024-06-21 13:35:00+09:00,6834.0,6834.0,6834.0,6834.0,58000,0.0,0.0
2024-06-21 13:40:00+09:00,6832.0,6832.0,6832.0,6832.0,500,0.0,0.0
2024-06-21 13:45:00+09:00,6832.0,6844.0,6832.0,6844.0,3600,0.0,0.0
2024-06-21 13:50:00+09:00,6844.0,6858.0,6843.0,6850.0,5300,0.0,0.0
2024-06-21 13:55:00+09:00,6855.0,6856.0,6855.0,6856.0,300,0.0,0.0
2024-06-21 14:00:00+09:00,6855.0,6865.0,6855.0,6860.0,2400,0.0,0.0
2024-06-21 14:05:00+09:00,6857.0,6857.0,6842.0,6842.0,3300,0.0,0.0
2024-06-21 14:10:00+09:00,6841.0,6843.0,6841.0,6843.0,500,0.0,0.0
2024-06-21 14:15:00+09:00,6849.0,6849.0,6831.0,6831.0,1600,0.0,0.0
2024-06-21 14:20:00+09:00,6832.0,6835.0,6829.0,6834.0,1400,0.0,0.0
2024-06-21 14:25:00+09:00,6829.0,6829.0,6829.0,6829.0,200,0.0,0.0
2024-06-21 14:30:00+09:00,6831.0,6831.0,6827.0,6828.0,1600,0.0,0.0
2024-06-21 14:35:00+09:00,6823.0,6832.0,6823.0,6832.0,2700,0.0,0.0
2024-06-21 14:40:00+09:00,6826.0,6845.0,6826.0,6838.0,2500,0.0,0.0
2024-06-21 14:45:00+09:00,6832.0,6832.0,6818.0,6818.0,2100,0.0,0.0
2024-06-21 14:50:00+09:00,6822.0,6825.0,6812.0,6821.0,2600,0.0,0.0
2024-06-21 14:55:00+09:00,6820.0,6855.0,6819.0,6855.0,6700,0.0,0.0
2024-06-24 09:00:00+09:00,6886.0,6900.0,6865.0,6865.0,4800,0.0,0.0
2024-06-24 09:05:00+09:00,6862.0,6879.0,6859.0,6871.0,1900,0.0,0.0
2024-06-24 09:10:00+09:00,6874.0,6876.0,6859.0,6862.0,1400,0.0,0.0
2024-06-24 09:15:00+09:00,6872.0,6872.0,6856.0,6869.0,1400,0.0,0.0
2024-06-24 09:20:00+09:00,6862.0,6887.0,6861.0,6887.0,1700,0.0,0.0
2024-06-24 09:25:00+09:00,6886.0,6891.0,6880.0,6891.0,900,0.0,0.0
2024-06-24 09:30:00+09:00,6887.0,6915.0,6887.0,6909.0,2500,0.0,0.0
2024-06-24 09:35:00+09:00,6910.0,6914.0,6910.0,6911.0,700,0.0,0.0
2024-06-24 09:40:00+09:00,6901.0,6901.0,6890.0,6890.0,700,0.0,0.0
2024-06-24 09:45:00+09:00,6891.0,6893.0,6862.0,6862.0,1600,0.0,0.0
2024-06-24 09:50:00+09:00,6865.0,6865.0,6850.0,6859.0,2500,0.0,0.0
2024-06-24 09:55:00+09:00,6863.0,6863.0,6860.0,6862.0,500,0.0,0.0
2024-06-24 10:00:00+09:00,6861.0,6861.0,6854.0,6857.0,900,0.0,0.0
2024-06-24 10:05:00+09:00,6861.0,6869.0,6861.0,6867.0,800,0.0,0.0
2024-06-24 10:10:00+09:00,6863.0,6863.0,6840.0,6840.0,1000,0.0,0.0
2024-06-24 10:15:00+09:00,6844.0,6844.0,6832.0,6842.0,1400,0.0,0.0
2024-06-24 10:20:00+09:00,6839.0,6844.0,6836.0,6844.0,700,0.0,0.0
2024-06-24 10:25:00+09:00,6846.0,6849.0,6831.0,6835.0,1900,0.0,0.0
2024-06-24 10:30:00+09:00,6832.0,6832.0,6832.0,6832.0,200,0.0,0.0
2024-06-24 10:35:00+09:00,6825.0,6825.0,6813.0,6817.0,900,0.0,0.0
2024-06-24 10:40:00+09:00,6807.0,6809.0,6804.0,6809.0,600,0.0,0.0
2024-06-24 10:45:00+09:00,6811.0,6811.0,6808.0,6808.0,400,0.0,0.0
2024-06-24 10:50:00+09:00,6805.0,6811.0,6805.0,6811.0,600,0.0,0.0
2024-06-24 10:55:00+09:00,6806.0,6810.0,6802.0,6806.0,1200,0.0,0.0
2024-06-24 11:00:00+09:00,6807.0,6809.0,6802.0,6802.0,700,0.0,0.0
2024-06-24 11:05:00+09:00,6812.0,6819.0,6812.0,6813.0,1300,0.0,0.0
2024-06-24 11:10:00+09:00,6802.0,6802.0,6783.0,6788.0,5000,0.0,0.0
2024-06-24 11:15:00+09:00,6776.0,6783.0,6775.0,6775.0,1200,0.0,0.0
2024-06-24 11:20:00+09:00,6766.0,6766.0,6759.0,6759.0,600,0.0,0.0
2024-06-24 11:25:00+09:00,6768.0,6773.0,6765.0,6773.0,1500,0.0,0.0
2024-06-24 11:30:00+09:00,6773.0,6773.0,6773.0,6773.0,200,0.0,0.0
2024-06-24 11:35:00+09:00,6773.0,6773.0,6773.0,6773.0,0,0.0,0.0
2024-06-24 12:30:00+09:00,6803.0,6808.0,6775.0,6793.0,46500,0.0,0.0
2024-06-24 12:35:00+09:00,6789.0,6803.0,6789.0,6801.0,1000,0.0,0.0
2024-06-24 12:40:00+09:00,6805.0,6805.0,6805.0,6805.0,100,0.0,0.0
2024-06-24 12:45:00+09:00,6812.0,6812.0,6804.0,6804.0,300,0.0,0.0
2024-06-24 12:50:00+09:00,6804.0,6806.0,6799.0,6799.0,800,0.0,0.0
2024-06-24 12:55:00+09:00,6799.0,6809.0,6799.0,6809.0,1100,0.0,0.0
2024-06-24 13:00:00+09:00,6805.0,6808.0,6805.0,6808.0,700,0.0,0.0
2024-06-24 13:05:00+09:00,6807.0,6809.0,6807.0,6809.0,600,0.0,0.0
2024-06-24 13:10:00+09:00,6812.0,6812.0,6812.0,6812.0,300,0.0,0.0
2024-06-24 13:15:00+09:00,6811.0,6820.0,6811.0,6820.0,500,0.0,0.0
2024-06-24 13:20:00+09:00,6823.0,6824.0,6819.0,6819.0,1200,0.0,0.0
2024-06-24 13:25:00+09:00,6820.0,6821.0,6819.0,6819.0,1000,0.0,0.0
2024-06-24 13:30:00+09:00,6820.0,6822.0,6820.0,6822.0,400,0.0,0.0
2024-06-24 13:35:00+09:00,6828.0,6831.0,6824.0,6824.0,400,0.0,0.0
2024-06-24 13:40:00+09:00,6828.0,6828.0,6825.0,6825.0,500,0.0,0.0
2024-06-24 13:45:00+09:00,6824.0,6828.0,6824.0,6828.0,600,0.0,0.0
2024-06-24 13:50:00+09:00,6830.0,6831.0,6830.0,6831.0,200,0.0,0.0
2024-06-24 13:55:00+09:00,6826.0,6829.0,6826.0,6826.0,600,0.0,0.0
2024-06-24 14:00:00+09:00,6829.0,6829.0,6824.0,6824.0,700,0.0,0.0
2024-06-24 14:05:00+09:00,6826.0,6832.0,6823.0,6823.0,700,0.0,0.0
2024-06-24 14:10:00+09:00,6823.0,6823.0,6823.0,6823.0,100,0.0,0.0
2024-06-24 14:15:00+09:00,6821.0,6821.0,6815.0,6819.0,1600,0.0,0.0
2024-06-24 14:20:00+09:00,6820.0,6820.0,6814.0,6814.0,900,0.0,0.0
2024-06-24 14:25:00+09:00,6814.0,6817.0,6810.0,6814.0,800,0.0,0.0
2024-06-24 14:30:00+09:00,6814.0,6818.0,6813.0,6818.0,1000,0.0,0.0
2024-06-24 14:35:00+09:00,6816.0,6817.0,6813.0,6817.0,1000,0.0,0.0
2024-06-24 14:40:00+09:00,6817.0,6819.0,6816.0,6819.0,1100,0.0,0.0
2024-06-24 14:45:00+09:00,6813.0,6820.0,6813.0,6814.0,1400,0.0,0.0
2024-06-24 14:50:00+09:00,6809.0,6809.0,6792.0,6797.0,2200,0.0,0.0
2024-06-24 14:55:00+09:00,6804.0,6804.0,6772.0,6772.0,5900,0.0,0.0
2024-06-25 09:00:00+09:00,6862.0,6881.0,6839.0,6864.0,8800,0.0,0.0
2024-06-25 09:05:00+09:00,6873.0,6925.0,6873.0,6890.0,5000,0.0,0.0
2024-06-25 09:10:00+09:00,6904.0,6928.0,6904.0,6922.0,1900,0.0,0.0
2024-06-25 09:15:00+09:00,6925.0,6930.0,6893.0,6893.0,2900,0.0,0.0
2024-06-25 09:20:00+09:00,6889.0,6890.0,6875.0,6890.0,1600,0.0,0.0
2024-06-25 09:25:00+09:00,6874.0,6895.0,6873.0,6895.0,700,0.0,0.0
2024-06-25 09:30:00+09:00,6891.0,6891.0,6872.0,6872.0,1400,0.0,0.0
2024-06-25 09:35:00+09:00,6879.0,6899.0,6879.0,6899.0,500,0.0,0.0
2024-06-25 09:40:00+09:00,6899.0,6902.0,6899.0,6902.0,800,0.0,0.0
2024-06-25 09:45:00+09:00,6900.0,6920.0,6895.0,6920.0,1900,0.0,0.0
2024-06-25 09:50:00+09:00,6920.0,6929.0,6918.0,6918.0,1800,0.0,0.0
2024-06-25 09:55:00+09:00,6925.0,6930.0,6925.0,6930.0,1200,0.0,0.0
2024-06-25 10:00:00+09:00,6934.0,6934.0,6920.0,6920.0,1400,0.0,0.0
2024-06-25 10:05:00+09:00,6925.0,6925.0,6921.0,6921.0,200,0.0,0.0
2024-06-25 10:10:00+09:00,6924.0,6926.0,6911.0,6926.0,3900,0.0,0.0
2024-06-25 10:15:00+09:00,6920.0,6932.0,6920.0,6932.0,1100,0.0,0.0
2024-06-25 10:20:00+09:00,6933.0,6940.0,6931.0,6940.0,700,0.0,0.0
2024-06-25 10:25:00+09:00,6940.0,6950.0,6938.0,6938.0,4100,0.0,0.0
2024-06-25 10:30:00+09:00,6938.0,6966.0,6933.0,6956.0,5200,0.0,0.0
2024-06-25 10:35:00+09:00,6953.0,6953.0,6936.0,6939.0,1500,0.0,0.0
2024-06-25 10:40:00+09:00,6944.0,6944.0,6942.0,6942.0,500,0.0,0.0
2024-06-25 10:45:00+09:00,6950.0,6950.0,6943.0,6943.0,400,0.0,0.0
2024-06-25 10:50:00+09:00,6940.0,6947.0,6936.0,6947.0,1000,0.0,0.0
2024-06-25 10:55:00+09:00,6947.0,6947.0,6945.0,6945.0,500,0.0,0.0
2024-06-25 11:00:00+09:00,6952.0,6960.0,6950.0,6955.0,2100,0.0,0.0
2024-06-25 11:05:00+09:00,6954.0,6959.0,6951.0,6959.0,1000,0.0,0.0
2024-06-25 11:10:00+09:00,6962.0,6965.0,6958.0,6958.0,0,0.0,0.0
2024-06-25 11:15:00+09:00,6959.0,6974.0,6959.0,6974.0,54100,0.0,0.0
2024-06-25 11:20:00+09:00,6975.0,6975.0,6968.0,6968.0,400,0.0,0.0
2024-06-25 11:25:00+09:00,6967.0,6981.0,6962.0,6981.0,1600,0.0,0.0
2024-06-25 11:30:00+09:00,6981.0,6981.0,6981.0,6981.0,300,0.0,0.0
2024-06-25 11:35:00+09:00,6981.0,6981.0,6981.0,6981.0,0,0.0,0.0
2024-06-25 12:30:00+09:00,6990.0,6997.0,6979.0,6997.0,61900,0.0,0.0
2024-06-25 12:35:00+09:00,6988.0,6988.0,6964.0,6964.0,2000,0.0,0.0
2024-06-25 12:40:00+09:00,6972.0,6977.0,6969.0,6977.0,800,0.0,0.0
2024-06-25 12:45:00+09:00,6981.0,6983.0,6975.0,6981.0,700,0.0,0.0
2024-06-25 12:50:00+09:00,6981.0,6982.0,6972.0,6981.0,800,0.0,0.0
2024-06-25 12:55:00+09:00,6982.0,6987.0,6979.0,6987.0,1300,0.0,0.0
2024-06-25 13:00:00+09:00,6977.0,6980.0,6955.0,6955.0,1600,0.0,0.0
2024-06-25 13:05:00+09:00,6960.0,6965.0,6960.0,6961.0,900,0.0,0.0
2024-06-25 13:10:00+09:00,6965.0,6965.0,6953.0,6957.0,1300,0.0,0.0
2024-06-25 13:15:00+09:00,6957.0,6966.0,6957.0,6965.0,500,0.0,0.0
2024-06-25 13:20:00+09:00,6967.0,6970.0,6967.0,6970.0,500,0.0,0.0
2024-06-25 13:25:00+09:00,6972.0,6972.0,6958.0,6970.0,1400,0.0,0.0
2024-06-25 13:30:00+09:00,6971.0,6973.0,6964.0,6966.0,1100,0.0,0.0
2024-06-25 13:35:00+09:00,6966.0,6970.0,6966.0,6966.0,1000,0.0,0.0
2024-06-25 13:40:00+09:00,6967.0,6969.0,6965.0,6965.0,600,0.0,0.0
2024-06-25 13:45:00+09:00,6972.0,6972.0,6958.0,6965.0,1600,0.0,0.0
2024-06-25 13:50:00+09:00,6965.0,6968.0,6964.0,6968.0,600,0.0,0.0
2024-06-25 13:55:00+09:00,6968.0,6968.0,6955.0,6958.0,1200,0.0,0.0
2024-06-25 14:00:00+09:00,6959.0,6969.0,6956.0,6963.0,1500,0.0,0.0
2024-06-25 14:05:00+09:00,6957.0,6960.0,6950.0,6950.0,1500,0.0,0.0
2024-06-25 14:10:00+09:00,6945.0,6951.0,6944.0,6951.0,1200,0.0,0.0
2024-06-25 14:15:00+09:00,6959.0,6969.0,6959.0,6960.0,1600,0.0,0.0
2024-06-25 14:20:00+09:00,6953.0,6958.0,6952.0,6957.0,1100,0.0,0.0
2024-06-25 14:25:00+09:00,6959.0,6969.0,6958.0,6965.0,900,0.0,0.0
2024-06-25 14:30:00+09:00,6967.0,6972.0,6955.0,6957.0,2000,0.0,0.0
2024-06-25 14:35:00+09:00,6961.0,6970.0,6961.0,6970.0,900,0.0,0.0
2024-06-25 14:40:00+09:00,6971.0,6971.0,6955.0,6955.0,3100,0.0,0.0
2024-06-25 14:45:00+09:00,6960.0,6960.0,6952.0,6952.0,2100,0.0,0.0
2024-06-25 14:50:00+09:00,6957.0,6958.0,6951.0,6951.0,1400,0.0,0.0
2024-06-25 14:55:00+09:00,6955.0,6955.0,6935.0,6935.0,4400,0.0,0.0
2024-06-26 09:00:00+09:00,7000.0,7026.0,6966.0,7020.0,17100,0.0,0.0
2024-06-26 09:05:00+09:00,7011.0,7030.0,7010.0,7017.0,3600,0.0,0.0
2024-06-26 09:10:00+09:00,7018.0,7049.0,7018.0,7041.0,2600,0.0,0.0
2024-06-26 09:15:00+09:00,7043.0,7059.0,7034.0,7059.0,4100,0.0,0.0
2024-06-26 09:20:00+09:00,7059.0,7090.0,7058.0,7082.0,4900,0.0,0.0
2024-06-26 09:25:00+09:00,7090.0,7100.0,7086.0,7099.0,5200,0.0,0.0
2024-06-26 09:30:00+09:00,7092.0,7108.0,7082.0,7108.0,5300,0.0,0.0
2024-06-26 09:35:00+09:00,7107.0,7117.0,7105.0,7115.0,1600,0.0,0.0
2024-06-26 09:40:00+09:00,7119.0,7126.0,7095.0,7115.0,3400,0.0,0.0
2024-06-26 09:45:00+09:00,7116.0,7142.0,7110.0,7133.0,5300,0.0,0.0
2024-06-26 09:50:00+09:00,7131.0,7134.0,7116.0,7123.0,3900,0.0,0.0
2024-06-26 09:55:00+09:00,7128.0,7132.0,7126.0,7129.0,3500,0.0,0.0
2024-06-26 10:00:00+09:00,7129.0,7137.0,7121.0,7134.0,2100,0.0,0.0
2024-06-26 10:05:00+09:00,7133.0,7138.0,7119.0,7126.0,3200,0.0,0.0
2024-06-26 10:10:00+09:00,7131.0,7131.0,7120.0,7129.0,3100,0.0,0.0
2024-06-26 10:15:00+09:00,7134.0,7143.0,7133.0,7134.0,3300,0.0,0.0
2024-06-26 10:20:00+09:00,7140.0,7140.0,7138.0,7138.0,700,0.0,0.0
2024-06-26 10:25:00+09:00,7137.0,7162.0,7137.0,7158.0,4100,0.0,0.0
2024-06-26 10:30:00+09:00,7161.0,7161.0,7145.0,7159.0,2100,0.0,0.0
2024-06-26 10:35:00+09:00,7160.0,7163.0,7157.0,7163.0,2100,0.0,0.0
2024-06-26 10:40:00+09:00,7164.0,7170.0,7160.0,7166.0,2800,0.0,0.0
2024-06-26 10:45:00+09:00,7158.0,7162.0,7142.0,7143.0,1300,0.0,0.0
2024-06-26 10:50:00+09:00,7141.0,7149.0,7141.0,7149.0,1900,0.0,0.0
2024-06-26 10:55:00+09:00,7148.0,7148.0,7132.0,7132.0,2200,0.0,0.0
2024-06-26 11:00:00+09:00,7136.0,7143.0,7136.0,7143.0,1400,0.0,0.0
2024-06-26 11:05:00+09:00,7143.0,7147.0,7141.0,7141.0,2200,0.0,0.0
2024-06-26 11:10:00+09:00,7135.0,7150.0,7135.0,7143.0,1800,0.0,0.0
2024-06-26 11:15:00+09:00,7139.0,7148.0,7134.0,7134.0,1600,0.0,0.0
2024-06-26 11:20:00+09:00,7137.0,7137.0,7131.0,7131.0,600,0.0,0.0
2024-06-26 11:25:00+09:00,7132.0,7137.0,7128.0,7128.0,1900,0.0,0.0
2024-06-26 11:30:00+09:00,7127.0,7127.0,7127.0,7127.0,900,0.0,0.0
2024-06-26 11:35:00+09:00,7127.0,7127.0,7127.0,7127.0,0,0.0,0.0
2024-06-26 12:30:00+09:00,7108.0,7127.0,7105.0,7121.0,108900,0.0,0.0
2024-06-26 12:35:00+09:00,7126.0,7156.0,7125.0,7148.0,4000,0.0,0.0
2024-06-26 12:40:00+09:00,7156.0,7176.0,7156.0,7176.0,2800,0.0,0.0
2024-06-26 12:45:00+09:00,7177.0,7220.0,7173.0,7215.0,6200,0.0,0.0
2024-06-26 12:50:00+09:00,7215.0,7222.0,7196.0,7222.0,5500,0.0,0.0
2024-06-26 12:55:00+09:00,7223.0,7223.0,7207.0,7215.0,5900,0.0,0.0
2024-06-26 13:00:00+09:00,7212.0,7217.0,7206.0,7207.0,2700,0.0,0.0
2024-06-26 13:05:00+09:00,7211.0,7211.0,7198.0,7198.0,2500,0.0,0.0
2024-06-26 13:10:00+09:00,7198.0,7203.0,7190.0,7190.0,2500,0.0,0.0
2024-06-26 13:15:00+09:00,7185.0,7185.0,7178.0,7182.0,900,0.0,0.0
2024-06-26 13:20:00+09:00,7174.0,7178.0,7173.0,7176.0,2100,0.0,0.0
2024-06-26 13:25:00+09:00,7178.0,7188.0,7178.0,7187.0,1200,0.0,0.0
2024-06-26 13:30:00+09:00,7185.0,7190.0,7181.0,7190.0,2000,0.0,0.0
2024-06-26 13:35:00+09:00,7192.0,7192.0,7185.0,7186.0,2500,0.0,0.0
2024-06-26 13:40:00+09:00,7185.0,7204.0,7185.0,7191.0,2000,0.0,0.0
2024-06-26 13:45:00+09:00,7190.0,7196.0,7190.0,7196.0,800,0.0,0.0
2024-06-26 13:50:00+09:00,7197.0,7200.0,7197.0,7200.0,800,0.0,0.0
2024-06-26 13:55:00+09:00,7200.0,7206.0,7199.0,7206.0,2800,0.0,0.0
2024-06-26 14:00:00+09:00,7202.0,7211.0,7201.0,7211.0,3500,0.0,0.0
2024-06-26 14:05:00+09:00,7213.0,7215.0,7202.0,7208.0,2300,0.0,0.0
2024-06-26 14:10:00+09:00,7205.0,7205.0,7190.0,7199.0,2800,0.0,0.0
2024-06-26 14:15:00+09:00,7200.0,7200.0,7189.0,7190.0,1900,0.0,0.0
2024-06-26 14:20:00+09:00,7190.0,7190.0,7177.0,7177.0,1900,0.0,0.0
2024-06-26 14:25:00+09:00,7178.0,7184.0,7171.0,7171.0,3000,0.0,0.0
2024-06-26 14:30:00+09:00,7171.0,7171.0,7160.0,7164.0,2800,0.0,0.0
2024-06-26 14:35:00+09:00,7162.0,7162.0,7131.0,7131.0,4500,0.0,0.0
2024-06-26 14:40:00+09:00,7135.0,7139.0,7127.0,7139.0,3600,0.0,0.0
2024-06-26 14:45:00+09:00,7141.0,7141.0,7130.0,7137.0,2900,0.0,0.0
2024-06-26 14:50:00+09:00,7145.0,7145.0,7141.0,7142.0,1700,0.0,0.0
2024-06-26 14:55:00+09:00,7145.0,7164.0,7131.0,7131.0,7300,0.0,0.0
2024-06-27 09:00:00+09:00,7102.0,7117.0,7090.0,7110.0,4600,0.0,0.0
2024-06-27 09:05:00+09:00,7122.0,7133.0,7105.0,7121.0,1000,0.0,0.0
2024-06-27 09:10:00+09:00,7105.0,7105.0,7070.0,7101.0,2900,0.0,0.0
2024-06-27 09:15:00+09:00,7104.0,7111.0,7096.0,7100.0,1200,0.0,0.0
2024-06-27 09:20:00+09:00,7116.0,7154.0,7103.0,7129.0,2800,0.0,0.0
2024-06-27 09:25:00+09:00,7121.0,7139.0,7119.0,7139.0,800,0.0,0.0
2024-06-27 09:30:00+09:00,7126.0,7130.0,7118.0,7130.0,2000,0.0,0.0
2024-06-27 09:35:00+09:00,7121.0,7205.0,7115.0,7205.0,17000,0.0,0.0
2024-06-27 09:40:00+09:00,7205.0,7206.0,7177.0,7187.0,1800,0.0,0.0
2024-06-27 09:45:00+09:00,7176.0,7189.0,7175.0,7189.0,1600,0.0,0.0
2024-06-27 09:50:00+09:00,7186.0,7202.0,7186.0,7186.0,900,0.0,0.0
2024-06-27 09:55:00+09:00,7187.0,7187.0,7173.0,7173.0,1000,0.0,0.0
2024-06-27 10:00:00+09:00,7178.0,7179.0,7172.0,7172.0,600,0.0,0.0
2024-06-27 10:05:00+09:00,7172.0,7176.0,7171.0,7171.0,1300,0.0,0.0
2024-06-27 10:10:00+09:00,7170.0,7181.0,7155.0,7155.0,3300,0.0,0.0
2024-06-27 10:15:00+09:00,7166.0,7166.0,7155.0,7155.0,200,0.0,0.0
2024-06-27 10:20:00+09:00,7155.0,7156.0,7155.0,7156.0,600,0.0,0.0
2024-06-27 10:25:00+09:00,7154.0,7166.0,7152.0,7166.0,2700,0.0,0.0
2024-06-27 10:30:00+09:00,7168.0,7185.0,7168.0,7177.0,2300,0.0,0.0
2024-06-27 10:35:00+09:00,7169.0,7194.0,7169.0,7183.0,3500,0.0,0.0
2024-06-27 10:40:00+09:00,7178.0,7184.0,7178.0,7184.0,200,0.0,0.0
2024-06-27 10:45:00+09:00,7182.0,7183.0,7178.0,7178.0,500,0.0,0.0
2024-06-27 10:50:00+09:00,7176.0,7176.0,7173.0,7175.0,0,0.0,0.0
2024-06-27 10:55:00+09:00,7177.0,7177.0,7177.0,7177.0,54200,0.0,0.0
2024-06-27 11:00:00+09:00,7169.0,7181.0,7167.0,7178.0,2900,0.0,0.0
2024-06-27 11:05:00+09:00,7176.0,7177.0,7172.0,7172.0,700,0.0,0.0
2024-06-27 11:10:00+09:00,7177.0,7180.0,7168.0,7168.0,1000,0.0,0.0
2024-06-27 11:15:00+09:00,7169.0,7171.0,7168.0,7168.0,500,0.0,0.0
2024-06-27 11:20:00+09:00,7168.0,7174.0,7168.0,7174.0,200,0.0,0.0
2024-06-27 11:25:00+09:00,7170.0,7175.0,7170.0,7173.0,1500,0.0,0.0
2024-06-27 11:30:00+09:00,7176.0,7176.0,7176.0,7176.0,400,0.0,0.0
2024-06-27 11:35:00+09:00,7176.0,7176.0,7176.0,7176.0,0,0.0,0.0
2024-06-27 12:30:00+09:00,7179.0,7183.0,7166.0,7167.0,72900,0.0,0.0
2024-06-27 12:35:00+09:00,7171.0,7180.0,7171.0,7173.0,3200,0.0,0.0
2024-06-27 12:40:00+09:00,7178.0,7179.0,7178.0,7179.0,500,0.0,0.0
2024-06-27 12:45:00+09:00,7180.0,7180.0,7176.0,7176.0,1000,0.0,0.0
2024-06-27 12:50:00+09:00,7180.0,7181.0,7180.0,7180.0,400,0.0,0.0
2024-06-27 12:55:00+09:00,7176.0,7182.0,7176.0,7178.0,1600,0.0,0.0
2024-06-27 13:00:00+09:00,7180.0,7196.0,7180.0,7196.0,2200,0.0,0.0
2024-06-27 13:05:00+09:00,7190.0,7210.0,7189.0,7203.0,3300,0.0,0.0
2024-06-27 13:10:00+09:00,7203.0,7203.0,7192.0,7192.0,700,0.0,0.0
2024-06-27 13:15:00+09:00,7200.0,7202.0,7190.0,7202.0,1800,0.0,0.0
2024-06-27 13:20:00+09:00,7199.0,7202.0,7197.0,7202.0,600,0.0,0.0
2024-06-27 13:25:00+09:00,7203.0,7223.0,7203.0,7223.0,1300,0.0,0.0
2024-06-27 13:30:00+09:00,7225.0,7230.0,7213.0,7215.0,1800,0.0,0.0
2024-06-27 13:35:00+09:00,7213.0,7216.0,7210.0,7216.0,1200,0.0,0.0
2024-06-27 13:40:00+09:00,7213.0,7213.0,7210.0,7210.0,1000,0.0,0.0
2024-06-27 13:45:00+09:00,7210.0,7226.0,7198.0,7205.0,8500,0.0,0.0
2024-06-27 13:50:00+09:00,7207.0,7223.0,7207.0,7221.0,1700,0.0,0.0
2024-06-27 13:55:00+09:00,7225.0,7225.0,7225.0,7225.0,200,0.0,0.0
2024-06-27 14:00:00+09:00,7225.0,7237.0,7225.0,7237.0,2900,0.0,0.0
2024-06-27 14:05:00+09:00,7232.0,7234.0,7224.0,7224.0,1600,0.0,0.0
2024-06-27 14:10:00+09:00,7221.0,7225.0,7209.0,7217.0,1700,0.0,0.0
2024-06-27 14:15:00+09:00,7214.0,7218.0,7214.0,7218.0,600,0.0,0.0
2024-06-27 14:20:00+09:00,7215.0,7225.0,7215.0,7225.0,2600,0.0,0.0
2024-06-27 14:25:00+09:00,7226.0,7227.0,7222.0,7226.0,2500,0.0,0.0
2024-06-27 14:30:00+09:00,7227.0,7236.0,7227.0,7229.0,2100,0.0,0.0
2024-06-27 14:35:00+09:00,7229.0,7229.0,7214.0,7214.0,2400,0.0,0.0
2024-06-27 14:40:00+09:00,7218.0,7222.0,7211.0,7218.0,2300,0.0,0.0
2024-06-27 14:45:00+09:00,7218.0,7218.0,7203.0,7203.0,1200,0.0,0.0
2024-06-27 14:50:00+09:00,7197.0,7198.0,7184.0,7194.0,3300,0.0,0.0
2024-06-27 14:55:00+09:00,7186.0,7187.0,7175.0,7184.0,7200,0.0,0.0
2024-06-28 09:00:00+09:00,7192.0,7306.0,7192.0,7297.0,11300,0.0,0.0
2024-06-28 09:05:00+09:00,7292.0,7295.0,7252.0,7252.0,1500,0.0,0.0
2024-06-28 09:10:00+09:00,7235.0,7278.0,7235.0,7269.0,3700,0.0,0.0
2024-06-28 09:15:00+09:00,7267.0,7268.0,7244.0,7244.0,600,0.0,0.0
2024-06-28 09:20:00+09:00,7241.0,7244.0,7228.0,7244.0,1100,0.0,0.0
2024-06-28 09:25:00+09:00,7242.0,7250.0,7239.0,7242.0,1600,0.0,0.0
2024-06-28 09:30:00+09:00,7240.0,7265.0,7239.0,7241.0,2200,0.0,0.0
2024-06-28 09:35:00+09:00,7237.0,7274.0,7237.0,7274.0,1700,0.0,0.0
2024-06-28 09:40:00+09:00,7271.0,7279.0,7252.0,7252.0,2300,0.0,0.0
2024-06-28 09:45:00+09:00,7248.0,7257.0,7238.0,7257.0,1200,0.0,0.0
2024-06-28 09:50:00+09:00,7255.0,7284.0,7255.0,7284.0,2400,0.0,0.0
2024-06-28 09:55:00+09:00,7282.0,7289.0,7280.0,7283.0,1300,0.0,0.0
2024-06-28 10:00:00+09:00,7278.0,7278.0,7270.0,7277.0,1800,0.0,0.0
2024-06-28 10:05:00+09:00,7278.0,7288.0,7274.0,7288.0,1000,0.0,0.0
2024-06-28 10:10:00+09:00,7293.0,7311.0,7293.0,7309.0,4400,0.0,0.0
2024-06-28 10:15:00+09:00,7310.0,7310.0,7304.0,7310.0,1200,0.0,0.0
2024-06-28 10:20:00+09:00,7302.0,7306.0,7302.0,7302.0,700,0.0,0.0
2024-06-28 10:25:00+09:00,7302.0,7302.0,7290.0,7293.0,1900,0.0,0.0
2024-06-28 10:30:00+09:00,7292.0,7292.0,7284.0,7284.0,700,0.0,0.0
2024-06-28 10:35:00+09:00,7284.0,7287.0,7266.0,7286.0,3100,0.0,0.0
2024-06-28 10:40:00+09:00,7282.0,7282.0,7271.0,7279.0,800,0.0,0.0
2024-06-28 10:45:00+09:00,7279.0,7285.0,7273.0,7277.0,1600,0.0,0.0
2024-06-28 10:50:00+09:00,7279.0,7279.0,7279.0,7279.0,300,0.0,0.0
2024-06-28 10:55:00+09:00,7291.0,7291.0,7287.0,7287.0,1000,0.0,0.0
2024-06-28 11:00:00+09:00,7285.0,7285.0,7280.0,7280.0,1500,0.0,0.0
2024-06-28 11:05:00+09:00,7285.0,7285.0,7277.0,7277.0,500,0.0,0.0
2024-06-28 11:10:00+09:00,7263.0,7263.0,7255.0,7258.0,600,0.0,0.0
2024-06-28 11:15:00+09:00,7260.0,7268.0,7260.0,7268.0,800,0.0,0.0
2024-06-28 11:20:00+09:00,7272.0,7272.0,7272.0,7272.0,100,0.0,0.0
2024-06-28 11:25:00+09:00,7275.0,7291.0,7274.0,7291.0,2000,0.0,0.0
2024-06-28 11:30:00+09:00,7297.0,7297.0,7297.0,7297.0,100,0.0,0.0
2024-06-28 11:35:00+09:00,7297.0,7297.0,7297.0,7297.0,0,0.0,0.0
2024-06-28 12:30:00+09:00,7295.0,7312.0,7260.0,7289.0,63600,0.0,0.0
2024-06-28 12:35:00+09:00,7292.0,7303.0,7290.0,7303.0,2100,0.0,0.0
2024-06-28 12:40:00+09:00,7300.0,7300.0,7297.0,7297.0,1200,0.0,0.0
2024-06-28 12:45:00+09:00,7290.0,7290.0,7290.0,7290.0,200,0.0,0.0
2024-06-28 12:50:00+09:00,7292.0,7297.0,7289.0,7292.0,900,0.0,0.0
2024-06-28 12:55:00+09:00,7291.0,7296.0,7291.0,7296.0,500,0.0,0.0
2024-06-28 13:00:00+09:00,7293.0,7300.0,7292.0,7294.0,2100,0.0,0.0
2024-06-28 13:05:00+09:00,7290.0,7302.0,7288.0,7288.0,6500,0.0,0.0
2024-06-28 13:10:00+09:00,7272.0,7333.0,7272.0,7306.0,25200,0.0,0.0
2024-06-28 13:15:00+09:00,7304.0,7323.0,7304.0,7313.0,2300,0.0,0.0
2024-06-28 13:20:00+09:00,7319.0,7320.0,7314.0,7320.0,1000,0.0,0.0
2024-06-28 13:25:00+09:00,7320.0,7325.0,7319.0,7325.0,1300,0.0,0.0
2024-06-28 13:30:00+09:00,7326.0,7330.0,7324.0,7324.0,600,0.0,0.0
2024-06-28 13:35:00+09:00,7326.0,7326.0,7316.0,7316.0,1900,0.0,0.0
2024-06-28 13:40:00+09:00,7320.0,7320.0,7320.0,7320.0,700,0.0,0.0
2024-06-28 13:45:00+09:00,7320.0,7320.0,7315.0,7318.0,700,0.0,0.0
2024-06-28 13:50:00+09:00,7311.0,7312.0,7302.0,7302.0,1500,0.0,0.0
2024-06-28 13:55:00+09:00,7300.0,7300.0,7292.0,7292.0,900,0.0,0.0
2024-06-28 14:00:00+09:00,7291.0,7291.0,7291.0,7291.0,600,0.0,0.0
2024-06-28 14:05:00+09:00,7281.0,7281.0,7272.0,7272.0,1100,0.0,0.0
2024-06-28 14:10:00+09:00,7267.0,7274.0,7267.0,7272.0,1200,0.0,0.0
2024-06-28 14:15:00+09:00,7268.0,7268.0,7266.0,7266.0,600,0.0,0.0
2024-06-28 14:20:00+09:00,7266.0,7270.0,7265.0,7270.0,1400,0.0,0.0
2024-06-28 14:25:00+09:00,7265.0,7276.0,7260.0,7276.0,2400,0.0,0.0
2024-06-28 14:30:00+09:00,7277.0,7277.0,7271.0,7277.0,2400,0.0,0.0
2024-06-28 14:35:00+09:00,7281.0,7284.0,7273.0,7273.0,900,0.0,0.0
2024-06-28 14:40:00+09:00,7276.0,7283.0,7276.0,7283.0,1900,0.0,0.0
2024-06-28 14:45:00+09:00,7280.0,7281.0,7268.0,7272.0,1600,0.0,0.0
2024-06-28 14:50:00+09:00,7270.0,7271.0,7261.0,7269.0,2800,0.0,0.0
2024-06-28 14:55:00+09:00,7270.0,7271.0,7252.0,7252.0,7800,0.0,0.0
2024-07-01 09:00:00+09:00,7324.0,7383.0,7324.0,7379.0,10300,0.0,0.0
2024-07-01 09:05:00+09:00,7380.0,7386.0,7358.0,7384.0,3000,0.0,0.0
2024-07-01 09:10:00+09:00,7381.0,7383.0,7369.0,7369.0,1800,0.0,0.0
2024-07-01 09:15:00+09:00,7366.0,7419.0,7366.0,7417.0,26200,0.0,0.0
2024-07-01 09:20:00+09:00,7415.0,7440.0,7412.0,7434.0,10400,0.0,0.0
2024-07-01 09:25:00+09:00,7434.0,7460.0,7434.0,7460.0,2800,0.0,0.0
2024-07-01 09:30:00+09:00,7456.0,7456.0,7434.0,7434.0,1600,0.0,0.0
2024-07-01 09:35:00+09:00,7436.0,7453.0,7429.0,7448.0,2300,0.0,0.0
2024-07-01 09:40:00+09:00,7456.0,7459.0,7428.0,7434.0,2500,0.0,0.0
2024-07-01 09:45:00+09:00,7434.0,7454.0,7434.0,7453.0,600,0.0,0.0
2024-07-01 09:50:00+09:00,7453.0,7453.0,7437.0,7443.0,1800,0.0,0.0
2024-07-01 09:55:00+09:00,7441.0,7454.0,7441.0,7452.0,2100,0.0,0.0
2024-07-01 10:00:00+09:00,7446.0,7492.0,7446.0,7484.0,8200,0.0,0.0
2024-07-01 10:05:00+09:00,7480.0,7498.0,7466.0,7491.0,2700,0.0,0.0
2024-07-01 10:10:00+09:00,7498.0,7499.0,7484.0,7492.0,1700,0.0,0.0
2024-07-01 10:15:00+09:00,7486.0,7499.0,7485.0,7493.0,2100,0.0,0.0
2024-07-01 10:20:00+09:00,7488.0,7491.0,7480.0,7491.0,1100,0.0,0.0
2024-07-01 10:25:00+09:00,7490.0,7506.0,7473.0,7473.0,14400,0.0,0.0
2024-07-01 10:30:00+09:00,7479.0,7479.0,7461.0,7461.0,2300,0.0,0.0
2024-07-01 10:35:00+09:00,7470.0,7491.0,7470.0,7480.0,3200,0.0,0.0
2024-07-01 10:40:00+09:00,7482.0,7486.0,7482.0,7486.0,200,0.0,0.0
2024-07-01 10:45:00+09:00,7490.0,7517.0,7486.0,7517.0,4700,0.0,0.0
2024-07-01 10:50:00+09:00,7521.0,7529.0,7520.0,7525.0,2400,0.0,0.0
2024-07-01 10:55:00+09:00,7522.0,7541.0,7518.0,7536.0,3300,0.0,0.0
2024-07-01 11:00:00+09:00,7530.0,7530.0,7522.0,7522.0,800,0.0,0.0
2024-07-01 11:05:00+09:00,7527.0,7528.0,7518.0,7523.0,2500,0.0,0.0
2024-07-01 11:10:00+09:00,7523.0,7523.0,7514.0,7518.0,1000,0.0,0.0
2024-07-01 11:15:00+09:00,7521.0,7521.0,7491.0,7491.0,1300,0.0,0.0
2024-07-01 11:20:00+09:00,7493.0,7505.0,7492.0,7505.0,1900,0.0,0.0
2024-07-01 11:25:00+09:00,7503.0,7512.0,7502.0,7512.0,500,0.0,0.0
2024-07-01 11:30:00+09:00,7515.0,7515.0,7515.0,7515.0,200,0.0,0.0
2024-07-01 11:35:00+09:00,7515.0,7515.0,7515.0,7515.0,0,0.0,0.0
2024-07-01 12:30:00+09:00,7510.0,7515.0,7488.0,7488.0,125600,0.0,0.0
2024-07-01 12:35:00+09:00,7482.0,7500.0,7482.0,7500.0,2000,0.0,0.0
2024-07-01 12:40:00+09:00,7500.0,7500.0,7480.0,7485.0,2300,0.0,0.0
2024-07-01 12:45:00+09:00,7486.0,7488.0,7478.0,7483.0,2200,0.0,0.0
2024-07-01 12:50:00+09:00,7482.0,7482.0,7481.0,7481.0,300,0.0,0.0
2024-07-01 12:55:00+09:00,7480.0,7494.0,7480.0,7494.0,2100,0.0,0.0
2024-07-01 13:00:00+09:00,7494.0,7494.0,7488.0,7488.0,1400,0.0,0.0
2024-07-01 13:05:00+09:00,7489.0,7494.0,7486.0,7494.0,1900,0.0,0.0
2024-07-01 13:10:00+09:00,7494.0,7494.0,7480.0,7489.0,1500,0.0,0.0
2024-07-01 13:15:00+09:00,7484.0,7488.0,7483.0,7487.0,1100,0.0,0.0
2024-07-01 13:20:00+09:00,7484.0,7484.0,7484.0,7484.0,300,0.0,0.0
2024-07-01 13:25:00+09:00,7486.0,7493.0,7486.0,7489.0,1700,0.0,0.0
2024-07-01 13:30:00+09:00,7489.0,7492.0,7489.0,7490.0,900,0.0,0.0
2024-07-01 13:35:00+09:00,7490.0,7493.0,7490.0,7493.0,800,0.0,0.0
2024-07-01 13:40:00+09:00,7496.0,7496.0,7480.0,7496.0,3900,0.0,0.0
2024-07-01 13:45:00+09:00,7495.0,7495.0,7482.0,7482.0,1800,0.0,0.0
2024-07-01 13:50:00+09:00,7477.0,7489.0,7477.0,7486.0,2100,0.0,0.0
2024-07-01 13:55:00+09:00,7489.0,7492.0,7481.0,7481.0,2000,0.0,0.0
2024-07-01 14:00:00+09:00,7475.0,7478.0,7474.0,7475.0,1100,0.0,0.0
2024-07-01 14:05:00+09:00,7474.0,7475.0,7473.0,7475.0,1100,0.0,0.0
2024-07-01 14:10:00+09:00,7474.0,7476.0,7473.0,7476.0,900,0.0,0.0
2024-07-01 14:15:00+09:00,7474.0,7476.0,7473.0,7473.0,1000,0.0,0.0
2024-07-01 14:20:00+09:00,7471.0,7471.0,7467.0,7470.0,900,0.0,0.0
2024-07-01 14:25:00+09:00,7472.0,7474.0,7468.0,7468.0,2200,0.0,0.0
2024-07-01 14:30:00+09:00,7462.0,7462.0,7453.0,7453.0,500,0.0,0.0
2024-07-01 14:35:00+09:00,7453.0,7490.0,7450.0,7482.0,14200,0.0,0.0
2024-07-01 14:40:00+09:00,7479.0,7498.0,7479.0,7491.0,1200,0.0,0.0
2024-07-01 14:45:00+09:00,7496.0,7498.0,7489.0,7490.0,2900,0.0,0.0
2024-07-01 14:50:00+09:00,7494.0,7497.0,7489.0,7496.0,2800,0.0,0.0
2024-07-01 14:55:00+09:00,7495.0,7498.0,7488.0,7498.0,6200,0.0,0.0
2024-07-02 09:00:00+09:00,7486.0,7488.0,7444.0,7457.0,7500,0.0,0.0
2024-07-02 09:05:00+09:00,7470.0,7484.0,7470.0,7484.0,1600,0.0,0.0
2024-07-02 09:10:00+09:00,7491.0,7491.0,7475.0,7475.0,500,0.0,0.0
2024-07-02 09:15:00+09:00,7472.0,7478.0,7452.0,7478.0,1500,0.0,0.0
2024-07-02 09:20:00+09:00,7457.0,7473.0,7456.0,7471.0,1000,0.0,0.0
2024-07-02 09:25:00+09:00,7460.0,7460.0,7452.0,7456.0,1200,0.0,0.0
2024-07-02 09:30:00+09:00,7467.0,7510.0,7467.0,7496.0,8100,0.0,0.0
2024-07-02 09:35:00+09:00,7494.0,7495.0,7491.0,7492.0,1300,0.0,0.0
2024-07-02 09:40:00+09:00,7490.0,7495.0,7488.0,7488.0,1100,0.0,0.0
2024-07-02 09:45:00+09:00,7499.0,7510.0,7499.0,7507.0,2000,0.0,0.0
2024-07-02 09:50:00+09:00,7505.0,7513.0,7505.0,7512.0,1300,0.0,0.0
2024-07-02 09:55:00+09:00,7505.0,7508.0,7502.0,7508.0,1000,0.0,0.0
2024-07-02 10:00:00+09:00,7511.0,7512.0,7486.0,7494.0,2100,0.0,0.0
2024-07-02 10:05:00+09:00,7497.0,7514.0,7497.0,7514.0,800,0.0,0.0
2024-07-02 10:10:00+09:00,7515.0,7523.0,7512.0,7523.0,1800,0.0,0.0
2024-07-02 10:15:00+09:00,7520.0,7535.0,7520.0,7531.0,1700,0.0,0.0
2024-07-02 10:20:00+09:00,7537.0,7541.0,7529.0,7529.0,2300,0.0,0.0
2024-07-02 10:25:00+09:00,7527.0,7537.0,7521.0,7536.0,1700,0.0,0.0
2024-07-02 10:30:00+09:00,7534.0,7534.0,7533.0,7533.0,200,0.0,0.0
2024-07-02 10:35:00+09:00,7532.0,7532.0,7532.0,7532.0,100,0.0,0.0
2024-07-02 10:40:00+09:00,7532.0,7535.0,7527.0,7535.0,1100,0.0,0.0
2024-07-02 10:45:00+09:00,7536.0,7542.0,7536.0,7542.0,1100,0.0,0.0
2024-07-02 10:50:00+09:00,7559.0,7559.0,7553.0,7553.0,3500,0.0,0.0
2024-07-02 10:55:00+09:00,7555.0,7555.0,7543.0,7550.0,600,0.0,0.0
2024-07-02 11:00:00+09:00,7553.0,7566.0,7553.0,7566.0,1100,0.0,0.0
2024-07-02 11:05:00+09:00,7564.0,7564.0,7552.0,7552.0,2100,0.0,0.0
2024-07-02 11:10:00+09:00,7542.0,7542.0,7533.0,7533.0,600,0.0,0.0
2024-07-02 11:15:00+09:00,7538.0,7547.0,7535.0,7547.0,1700,0.0,0.0
2024-07-02 11:20:00+09:00,7540.0,7540.0,7535.0,7535.0,500,0.0,0.0
2024-07-02 11:25:00+09:00,7534.0,7537.0,7529.0,7537.0,500,0.0,0.0
2024-07-02 11:30:00+09:00,7539.0,7539.0,7539.0,7539.0,100,0.0,0.0
2024-07-02 11:35:00+09:00,7539.0,7539.0,7539.0,7539.0,0,0.0,0.0
2024-07-02 12:30:00+09:00,7504.0,7536.0,7482.0,7491.0,57200,0.0,0.0
2024-07-02 12:35:00+09:00,7499.0,7515.0,7499.0,7512.0,1500,0.0,0.0
2024-07-02 12:40:00+09:00,7515.0,7530.0,7507.0,7507.0,2000,0.0,0.0
2024-07-02 12:45:00+09:00,7500.0,7500.0,7490.0,7490.0,300,0.0,0.0
2024-07-02 12:50:00+09:00,7490.0,7498.0,7478.0,7478.0,2000,0.0,0.0
2024-07-02 12:55:00+09:00,7480.0,7485.0,7478.0,7479.0,500,0.0,0.0
2024-07-02 13:00:00+09:00,7487.0,7492.0,7481.0,7492.0,1700,0.0,0.0
2024-07-02 13:05:00+09:00,7488.0,7496.0,7477.0,7477.0,700,0.0,0.0
2024-07-02 13:10:00+09:00,7480.0,7485.0,7478.0,7478.0,800,0.0,0.0
2024-07-02 13:15:00+09:00,7477.0,7487.0,7477.0,7487.0,800,0.0,0.0
2024-07-02 13:20:00+09:00,7487.0,7488.0,7476.0,7486.0,1400,0.0,0.0
2024-07-02 13:25:00+09:00,7490.0,7503.0,7490.0,7503.0,1300,0.0,0.0
2024-07-02 13:30:00+09:00,7507.0,7519.0,7506.0,7519.0,1700,0.0,0.0
2024-07-02 13:35:00+09:00,7517.0,7527.0,7514.0,7527.0,1200,0.0,0.0
2024-07-02 13:40:00+09:00,7529.0,7539.0,7528.0,7535.0,1900,0.0,0.0
2024-07-02 13:45:00+09:00,7535.0,7537.0,7526.0,7526.0,2000,0.0,0.0
2024-07-02 13:50:00+09:00,7525.0,7531.0,7521.0,7528.0,2400,0.0,0.0
2024-07-02 13:55:00+09:00,7519.0,7519.0,7511.0,7511.0,1500,0.0,0.0
2024-07-02 14:00:00+09:00,7517.0,7521.0,7516.0,7518.0,2000,0.0,0.0
2024-07-02 14:05:00+09:00,7518.0,7522.0,7488.0,7488.0,6100,0.0,0.0
2024-07-02 14:10:00+09:00,7489.0,7494.0,7484.0,7494.0,2900,0.0,0.0
2024-07-02 14:15:00+09:00,7497.0,7501.0,7492.0,7492.0,1500,0.0,0.0
2024-07-02 14:20:00+09:00,7488.0,7488.0,7482.0,7482.0,2200,0.0,0.0
2024-07-02 14:25:00+09:00,7484.0,7499.0,7484.0,7499.0,2400,0.0,0.0
2024-07-02 14:30:00+09:00,7497.0,7500.0,7494.0,7500.0,1200,0.0,0.0
2024-07-02 14:35:00+09:00,7501.0,7504.0,7496.0,7504.0,2300,0.0,0.0
2024-07-02 14:40:00+09:00,7505.0,7516.0,7503.0,7511.0,2400,0.0,0.0
2024-07-02 14:45:00+09:00,7509.0,7520.0,7508.0,7517.0,1600,0.0,0.0
2024-07-02 14:50:00+09:00,7513.0,7513.0,7505.0,7513.0,2700,0.0,0.0
2024-07-02 14:55:00+09:00,7505.0,7514.0,7495.0,7495.0,5500,0.0,0.0
2024-07-03 09:00:00+09:00,7498.0,7583.0,7498.0,7583.0,13500,0.0,0.0
2024-07-03 09:05:00+09:00,7576.0,7576.0,7528.0,7528.0,2500,0.0,0.0
2024-07-03 09:10:00+09:00,7536.0,7555.0,7536.0,7553.0,2900,0.0,0.0
2024-07-03 09:15:00+09:00,7552.0,7552.0,7541.0,7544.0,2100,0.0,0.0
2024-07-03 09:20:00+09:00,7544.0,7559.0,7543.0,7559.0,1700,0.0,0.0
2024-07-03 09:25:00+09:00,7552.0,7564.0,7549.0,7561.0,3600,0.0,0.0
2024-07-03 09:30:00+09:00,7561.0,7567.0,7553.0,7567.0,1400,0.0,0.0
2024-07-03 09:35:00+09:00,7569.0,7582.0,7567.0,7581.0,2600,0.0,0.0
2024-07-03 09:40:00+09:00,7584.0,7610.0,7581.0,7610.0,4500,0.0,0.0
2024-07-03 09:45:00+09:00,7610.0,7618.0,7606.0,7618.0,900,0.0,0.0
2024-07-03 09:50:00+09:00,7612.0,7614.0,7605.0,7614.0,4400,0.0,0.0
2024-07-03 09:55:00+09:00,7614.0,7614.0,7605.0,7605.0,1000,0.0,0.0
2024-07-03 10:00:00+09:00,7608.0,7610.0,7600.0,7606.0,1500,0.0,0.0
2024-07-03 10:05:00+09:00,7605.0,7622.0,7605.0,7621.0,3400,0.0,0.0
2024-07-03 10:10:00+09:00,7616.0,7620.0,7609.0,7620.0,2600,0.0,0.0
2024-07-03 10:15:00+09:00,7623.0,7633.0,7623.0,7627.0,5100,0.0,0.0
2024-07-03 10:20:00+09:00,7628.0,7630.0,7626.0,7626.0,500,0.0,0.0
2024-07-03 10:25:00+09:00,7624.0,7640.0,7623.0,7640.0,2800,0.0,0.0
2024-07-03 10:30:00+09:00,7638.0,7651.0,7636.0,7644.0,3900,0.0,0.0
2024-07-03 10:35:00+09:00,7649.0,7655.0,7642.0,7642.0,2500,0.0,0.0
2024-07-03 10:40:00+09:00,7650.0,7678.0,7650.0,7676.0,2500,0.0,0.0
2024-07-03 10:45:00+09:00,7674.0,7674.0,7660.0,7660.0,4200,0.0,0.0
2024-07-03 10:50:00+09:00,7660.0,7675.0,7660.0,7671.0,3600,0.0,0.0
2024-07-03 10:55:00+09:00,7667.0,7674.0,7665.0,7672.0,1200,0.0,0.0
2024-07-03 11:00:00+09:00,7674.0,7675.0,7665.0,7674.0,2500,0.0,0.0
2024-07-03 11:05:00+09:00,7675.0,7689.0,7675.0,7678.0,5500,0.0,0.0
2024-07-03 11:10:00+09:00,7685.0,7687.0,7677.0,7684.0,800,0.0,0.0
2024-07-03 11:15:00+09:00,7684.0,7687.0,7680.0,7687.0,4200,0.0,0.0
2024-07-03 11:20:00+09:00,7688.0,7716.0,7688.0,7700.0,9200,0.0,0.0
2024-07-03 11:25:00+09:00,7708.0,7708.0,7677.0,7693.0,7000,0.0,0.0
2024-07-03 11:30:00+09:00,7693.0,7693.0,7693.0,7693.0,800,0.0,0.0
2024-07-03 11:35:00+09:00,7693.0,7693.0,7693.0,7693.0,0,0.0,0.0
2024-07-03 12:30:00+09:00,7700.0,7760.0,7700.0,7732.0,122700,0.0,0.0
2024-07-03 12:35:00+09:00,7738.0,7738.0,7705.0,7713.0,3800,0.0,0.0
2024-07-03 12:40:00+09:00,7709.0,7734.0,7705.0,7734.0,3400,0.0,0.0
2024-07-03 12:45:00+09:00,7729.0,7759.0,7729.0,7759.0,3400,0.0,0.0
2024-07-03 12:50:00+09:00,7760.0,7765.0,7752.0,7752.0,4100,0.0,0.0
2024-07-03 12:55:00+09:00,7753.0,7761.0,7747.0,7758.0,4500,0.0,0.0
2024-07-03 13:00:00+09:00,7753.0,7754.0,7743.0,7743.0,2500,0.0,0.0
2024-07-03 13:05:00+09:00,7743.0,7756.0,7743.0,7751.0,6400,0.0,0.0
2024-07-03 13:10:00+09:00,7755.0,7765.0,7755.0,7759.0,2600,0.0,0.0
2024-07-03 13:15:00+09:00,7765.0,7781.0,7765.0,7775.0,4200,0.0,0.0
2024-07-03 13:20:00+09:00,7770.0,7785.0,7770.0,7782.0,3600,0.0,0.0
2024-07-03 13:25:00+09:00,7782.0,7804.0,7780.0,7800.0,8000,0.0,0.0
2024-07-03 13:30:00+09:00,7804.0,7809.0,7798.0,7798.0,3400,0.0,0.0
2024-07-03 13:35:00+09:00,7802.0,7826.0,7797.0,7819.0,4200,0.0,0.0
2024-07-03 13:40:00+09:00,7824.0,7844.0,7818.0,7844.0,3000,0.0,0.0
2024-07-03 13:45:00+09:00,7840.0,7855.0,7840.0,7851.0,7200,0.0,0.0
2024-07-03 13:50:00+09:00,7851.0,7859.0,7826.0,7832.0,5400,0.0,0.0
2024-07-03 13:55:00+09:00,7826.0,7830.0,7804.0,7807.0,4700,0.0,0.0
2024-07-03 14:00:00+09:00,7805.0,7812.0,7800.0,7805.0,5800,0.0,0.0
2024-07-03 14:05:00+09:00,7804.0,7819.0,7803.0,7810.0,5400,0.0,0.0
2024-07-03 14:10:00+09:00,7804.0,7804.0,7787.0,7788.0,5200,0.0,0.0
2024-07-03 14:15:00+09:00,7787.0,7794.0,7787.0,7787.0,4200,0.0,0.0
2024-07-03 14:20:00+09:00,7785.0,7785.0,7775.0,7779.0,5400,0.0,0.0
2024-07-03 14:25:00+09:00,7777.0,7813.0,7774.0,7813.0,7800,0.0,0.0
2024-07-03 14:30:00+09:00,7813.0,7831.0,7813.0,7822.0,4600,0.0,0.0
2024-07-03 14:35:00+09:00,7826.0,7833.0,7824.0,7831.0,7900,0.0,0.0
2024-07-03 14:40:00+09:00,7835.0,7835.0,7814.0,7814.0,5700,0.0,0.0
2024-07-03 14:45:00+09:00,7818.0,7822.0,7809.0,7821.0,9500,0.0,0.0
2024-07-03 14:50:00+09:00,7822.0,7822.0,7775.0,7775.0,4100,0.0,0.0
2024-07-03 14:55:00+09:00,7775.0,7789.0,7768.0,7768.0,9500,0.0,0.0
2024-07-04 09:00:00+09:00,7768.0,7840.0,7768.0,7840.0,16100,0.0,0.0
2024-07-04 09:05:00+09:00,7830.0,7863.0,7830.0,7863.0,4600,0.0,0.0
2024-07-04 09:10:00+09:00,7869.0,7881.0,7861.0,7866.0,1600,0.0,0.0
2024-07-04 09:15:00+09:00,7874.0,7874.0,7826.0,7826.0,4600,0.0,0.0
2024-07-04 09:20:00+09:00,7824.0,7843.0,7824.0,7841.0,2100,0.0,0.0
2024-07-04 09:25:00+09:00,7846.0,7847.0,7836.0,7840.0,1700,0.0,0.0
2024-07-04 09:30:00+09:00,7844.0,7844.0,7821.0,7821.0,1300,0.0,0.0
2024-07-04 09:35:00+09:00,7820.0,7829.0,7817.0,7829.0,2000,0.0,0.0
2024-07-04 09:40:00+09:00,7830.0,7839.0,7830.0,7832.0,1700,0.0,0.0
2024-07-04 09:45:00+09:00,7828.0,7845.0,7826.0,7835.0,3300,0.0,0.0
2024-07-04 09:50:00+09:00,7833.0,7833.0,7807.0,7807.0,0,0.0,0.0
2024-07-04 09:55:00+09:00,7811.0,7818.0,7806.0,7806.0,43100,0.0,0.0
2024-07-04 10:00:00+09:00,7801.0,7801.0,7788.0,7788.0,600,0.0,0.0
2024-07-04 10:05:00+09:00,7784.0,7784.0,7766.0,7783.0,0,0.0,0.0
2024-07-04 10:10:00+09:00,7787.0,7801.0,7787.0,7801.0,50800,0.0,0.0
2024-07-04 10:15:00+09:00,7801.0,7804.0,7792.0,7799.0,2400,0.0,0.0
2024-07-04 10:20:00+09:00,7795.0,7801.0,7780.0,7789.0,4400,0.0,0.0
2024-07-04 10:25:00+09:00,7787.0,7787.0,7754.0,7769.0,3000,0.0,0.0
2024-07-04 10:30:00+09:00,7769.0,7774.0,7762.0,7762.0,1700,0.0,0.0
2024-07-04 10:35:00+09:00,7768.0,7773.0,7768.0,7771.0,1400,0.0,0.0
2024-07-04 10:40:00+09:00,7775.0,7803.0,7775.0,7803.0,2000,0.0,0.0
2024-07-04 10:45:00+09:00,7803.0,7806.0,7802.0,7802.0,1500,0.0,0.0
2024-07-04 10:50:00+09:00,7810.0,7810.0,7790.0,7790.0,1500,0.0,0.0
2024-07-04 10:55:00+09:00,7784.0,7784.0,7768.0,7768.0,300,0.0,0.0
2024-07-04 11:00:00+09:00,7768.0,7771.0,7762.0,7771.0,600,0.0,0.0
2024-07-04 11:05:00+09:00,7762.0,7769.0,7756.0,7765.0,2400,0.0,0.0
2024-07-04 11:10:00+09:00,7762.0,7762.0,7760.0,7760.0,400,0.0,0.0
2024-07-04 11:15:00+09:00,7761.0,7762.0,7755.0,7762.0,500,0.0,0.0
2024-07-04 11:20:00+09:00,7764.0,7769.0,7759.0,7759.0,1000,0.0,0.0
2024-07-04 11:25:00+09:00,7758.0,7766.0,7756.0,7756.0,3200,0.0,0.0
2024-07-04 11:30:00+09:00,7755.0,7755.0,7755.0,7755.0,600,0.0,0.0
2024-07-04 11:35:00+09:00,7755.0,7755.0,7755.0,7755.0,0,0.0,0.0
2024-07-04 12:30:00+09:00,7750.0,7757.0,7745.0,7757.0,83800,0.0,0.0
2024-07-04 12:35:00+09:00,7767.0,7786.0,7767.0,7783.0,2900,0.0,0.0
2024-07-04 12:40:00+09:00,7786.0,7796.0,7785.0,7796.0,1600,0.0,0.0
2024-07-04 12:45:00+09:00,7796.0,7800.0,7796.0,7800.0,900,0.0,0.0
2024-07-04 12:50:00+09:00,7796.0,7814.0,7795.0,7810.0,2200,0.0,0.0
2024-07-04 13:00:00+09:00,7809.0,7810.0,7804.0,7804.0,900,0.0,0.0
2024-07-04 13:05:00+09:00,7803.0,7811.0,7797.0,7811.0,2600,0.0,0.0
2024-07-04 13:10:00+09:00,7814.0,7821.0,7810.0,7821.0,1600,0.0,0.0
2024-07-04 13:15:00+09:00,7823.0,7824.0,7821.0,7822.0,1000,0.0,0.0
2024-07-04 13:20:00+09:00,7824.0,7828.0,7821.0,7821.0,1000,0.0,0.0
2024-07-04 13:25:00+09:00,7822.0,7830.0,7818.0,7830.0,2200,0.0,0.0
2024-07-04 13:30:00+09:00,7832.0,7833.0,7827.0,7832.0,1800,0.0,0.0
2024-07-04 13:35:00+09:00,7834.0,7836.0,7830.0,7830.0,1200,0.0,0.0
2024-07-04 13:40:00+09:00,7836.0,7836.0,7829.0,7829.0,1700,0.0,0.0
2024-07-04 13:45:00+09:00,7831.0,7834.0,7831.0,7833.0,900,0.0,0.0
2024-07-04 13:50:00+09:00,7830.0,7838.0,7830.0,7838.0,2100,0.0,0.0
2024-07-04 13:55:00+09:00,7836.0,7837.0,7833.0,7833.0,1200,0.0,0.0
2024-07-04 14:00:00+09:00,7832.0,7837.0,7832.0,7834.0,1600,0.0,0.0
2024-07-04 14:05:00+09:00,7832.0,7841.0,7828.0,7841.0,2800,0.0,0.0
2024-07-04 14:10:00+09:00,7838.0,7840.0,7835.0,7840.0,700,0.0,0.0
2024-07-04 14:15:00+09:00,7836.0,7842.0,7825.0,7825.0,3000,0.0,0.0
2024-07-04 14:20:00+09:00,7822.0,7826.0,7822.0,7823.0,2400,0.0,0.0
2024-07-04 14:25:00+09:00,7819.0,7820.0,7819.0,7820.0,300,0.0,0.0
2024-07-04 14:30:00+09:00,7822.0,7826.0,7822.0,7825.0,3500,0.0,0.0
2024-07-04 14:35:00+09:00,7827.0,7840.0,7825.0,7840.0,2700,0.0,0.0
2024-07-04 14:40:00+09:00,7832.0,7850.0,7818.0,7818.0,6700,0.0,0.0
2024-07-04 14:45:00+09:00,7820.0,7826.0,7818.0,7826.0,2100,0.0,0.0
2024-07-04 14:50:00+09:00,7822.0,7823.0,7817.0,7817.0,1900,0.0,0.0
2024-07-04 14:55:00+09:00,7815.0,7831.0,7814.0,7817.0,4700,0.0,0.0
2024-07-05 09:00:00+09:00,7821.0,7838.0,7803.0,7838.0,9900,0.0,0.0
2024-07-05 09:05:00+09:00,7848.0,7850.0,7818.0,7834.0,2100,0.0,0.0
2024-07-05 09:10:00+09:00,7837.0,7837.0,7828.0,7836.0,1500,0.0,0.0
2024-07-05 09:15:00+09:00,7841.0,7859.0,7841.0,7844.0,1600,0.0,0.0
2024-07-05 09:20:00+09:00,7849.0,7858.0,7848.0,7849.0,1400,0.0,0.0
2024-07-05 09:25:00+09:00,7854.0,7855.0,7850.0,7853.0,1700,0.0,0.0
2024-07-05 09:30:00+09:00,7850.0,7850.0,7802.0,7802.0,3300,0.0,0.0
2024-07-05 09:35:00+09:00,7804.0,7810.0,7802.0,7810.0,1300,0.0,0.0
2024-07-05 09:40:00+09:00,7806.0,7815.0,7782.0,7815.0,5000,0.0,0.0
2024-07-05 09:45:00+09:00,7805.0,7817.0,7802.0,7815.0,3800,0.0,0.0
2024-07-05 09:50:00+09:00,7815.0,7819.0,7811.0,7812.0,8400,0.0,0.0
2024-07-05 09:55:00+09:00,7818.0,7818.0,7813.0,7813.0,700,0.0,0.0
2024-07-05 10:00:00+09:00,7818.0,7846.0,7818.0,7840.0,1700,0.0,0.0
2024-07-05 10:05:00+09:00,7841.0,7841.0,7831.0,7837.0,700,0.0,0.0
2024-07-05 10:10:00+09:00,7837.0,7841.0,7837.0,7841.0,600,0.0,0.0
2024-07-05 10:15:00+09:00,7841.0,7844.0,7834.0,7836.0,1400,0.0,0.0
2024-07-05 10:20:00+09:00,7838.0,7855.0,7838.0,7853.0,3300,0.0,0.0
2024-07-05 10:25:00+09:00,7858.0,7858.0,7851.0,7853.0,1100,0.0,0.0
2024-07-05 10:30:00+09:00,7856.0,7856.0,7852.0,7852.0,700,0.0,0.0
2024-07-05 10:35:00+09:00,7857.0,7857.0,7851.0,7851.0,1200,0.0,0.0
2024-07-05 10:40:00+09:00,7852.0,7862.0,7852.0,7857.0,1800,0.0,0.0
2024-07-05 10:45:00+09:00,7856.0,7861.0,7855.0,7861.0,900,0.0,0.0
2024-07-05 10:50:00+09:00,7864.0,7864.0,7846.0,7846.0,2400,0.0,0.0
2024-07-05 10:55:00+09:00,7843.0,7843.0,7834.0,7834.0,700,0.0,0.0
2024-07-05 11:00:00+09:00,7834.0,7834.0,7827.0,7830.0,1700,0.0,0.0
2024-07-05 11:05:00+09:00,7831.0,7846.0,7830.0,7845.0,1800,0.0,0.0
2024-07-05 11:10:00+09:00,7850.0,7853.0,7844.0,7844.0,1100,0.0,0.0
2024-07-05 11:15:00+09:00,7845.0,7851.0,7841.0,7841.0,2000,0.0,0.0
2024-07-05 11:20:00+09:00,7844.0,7844.0,7833.0,7844.0,700,0.0,0.0
2024-07-05 11:25:00+09:00,7836.0,7844.0,7835.0,7843.0,700,0.0,0.0
2024-07-05 11:30:00+09:00,7832.0,7832.0,7832.0,7832.0,500,0.0,0.0
2024-07-05 11:35:00+09:00,7832.0,7832.0,7832.0,7832.0,0,0.0,0.0
2024-07-05 12:30:00+09:00,7805.0,7821.0,7802.0,7818.0,69500,0.0,0.0
2024-07-05 12:35:00+09:00,7825.0,7828.0,7796.0,7806.0,4200,0.0,0.0
2024-07-05 12:40:00+09:00,7798.0,7806.0,7796.0,7806.0,1000,0.0,0.0
2024-07-05 12:45:00+09:00,7807.0,7819.0,7807.0,7819.0,2000,0.0,0.0
2024-07-05 12:50:00+09:00,7813.0,7818.0,7813.0,7815.0,800,0.0,0.0
2024-07-05 12:55:00+09:00,7816.0,7841.0,7816.0,7826.0,2600,0.0,0.0
2024-07-05 13:00:00+09:00,7827.0,7829.0,7823.0,7823.0,1000,0.0,0.0
2024-07-05 13:05:00+09:00,7824.0,7824.0,7824.0,7824.0,100,0.0,0.0
2024-07-05 13:10:00+09:00,7827.0,7832.0,7827.0,7828.0,1300,0.0,0.0
2024-07-05 13:15:00+09:00,7826.0,7828.0,7822.0,7828.0,600,0.0,0.0
2024-07-05 13:20:00+09:00,7825.0,7845.0,7825.0,7845.0,1800,0.0,0.0
2024-07-05 13:25:00+09:00,7844.0,7849.0,7830.0,7845.0,3900,0.0,0.0
2024-07-05 13:30:00+09:00,7840.0,7847.0,7836.0,7842.0,1100,0.0,0.0
2024-07-05 13:35:00+09:00,7845.0,7845.0,7840.0,7843.0,400,0.0,0.0
2024-07-05 13:40:00+09:00,7844.0,7844.0,7833.0,7833.0,1300,0.0,0.0
2024-07-05 13:45:00+09:00,7829.0,7835.0,7827.0,7827.0,800,0.0,0.0
2024-07-05 13:50:00+09:00,7826.0,7840.0,7826.0,7840.0,900,0.0,0.0
2024-07-05 13:55:00+09:00,7836.0,7836.0,7836.0,7836.0,100,0.0,0.0
2024-07-05 14:00:00+09:00,7838.0,7838.0,7831.0,7831.0,400,0.0,0.0
2024-07-05 14:05:00+09:00,7831.0,7833.0,7815.0,7815.0,1700,0.0,0.0
2024-07-05 14:10:00+09:00,7811.0,7813.0,7800.0,7809.0,2300,0.0,0.0
2024-07-05 14:15:00+09:00,7804.0,7804.0,7803.0,7803.0,400,0.0,0.0
2024-07-05 14:20:00+09:00,7803.0,7808.0,7803.0,7808.0,300,0.0,0.0
2024-07-05 14:25:00+09:00,7807.0,7810.0,7805.0,7805.0,1300,0.0,0.0
2024-07-05 14:30:00+09:00,7803.0,7803.0,7792.0,7793.0,1700,0.0,0.0
2024-07-05 14:35:00+09:00,7793.0,7793.0,7784.0,7785.0,300,0.0,0.0
2024-07-05 14:40:00+09:00,7791.0,7794.0,7774.0,7785.0,6400,0.0,0.0
2024-07-05 14:45:00+09:00,7784.0,7793.0,7780.0,7784.0,5500,0.0,0.0
2024-07-05 14:50:00+09:00,7787.0,7798.0,7786.0,7798.0,1800,0.0,0.0
2024-07-05 14:55:00+09:00,7798.0,7804.0,7773.0,7773.0,6400,0.0,0.0
2024-07-08 09:00:00+09:00,7731.0,7770.0,7721.0,7745.0,8000,0.0,0.0
2024-07-08 09:05:00+09:00,7735.0,7761.0,7734.0,7740.0,2100,0.0,0.0
2024-07-08 09:10:00+09:00,7739.0,7764.0,7739.0,7764.0,1400,0.0,0.0
2024-07-08 09:15:00+09:00,7769.0,7785.0,7769.0,7778.0,1100,0.0,0.0
2024-07-08 09:20:00+09:00,7779.0,7791.0,7779.0,7784.0,1600,0.0,0.0
2024-07-08 09:25:00+09:00,7784.0,7789.0,7773.0,7773.0,1700,0.0,0.0
2024-07-08 09:30:00+09:00,7769.0,7775.0,7768.0,7775.0,1000,0.0,0.0
2024-07-08 09:35:00+09:00,7780.0,7786.0,7776.0,7786.0,600,0.0,0.0
2024-07-08 09:40:00+09:00,7776.0,7776.0,7773.0,7776.0,400,0.0,0.0
2024-07-08 09:45:00+09:00,7773.0,7783.0,7769.0,7779.0,2000,0.0,0.0
2024-07-08 09:50:00+09:00,7785.0,7790.0,7767.0,7767.0,600,0.0,0.0
2024-07-08 09:55:00+09:00,7765.0,7771.0,7765.0,7771.0,400,0.0,0.0
2024-07-08 10:00:00+09:00,7772.0,7772.0,7764.0,7764.0,400,0.0,0.0
2024-07-08 10:05:00+09:00,7766.0,7774.0,7766.0,7769.0,1300,0.0,0.0
2024-07-08 10:10:00+09:00,7773.0,7775.0,7766.0,7766.0,600,0.0,0.0
2024-07-08 10:15:00+09:00,7762.0,7762.0,7757.0,7760.0,1100,0.0,0.0
2024-07-08 10:20:00+09:00,7762.0,7764.0,7756.0,7764.0,1000,0.0,0.0
2024-07-08 10:25:00+09:00,7757.0,7757.0,7757.0,7757.0,100,0.0,0.0
2024-07-08 10:30:00+09:00,7759.0,7761.0,7755.0,7755.0,400,0.0,0.0
2024-07-08 10:35:00+09:00,7759.0,7761.0,7759.0,7761.0,300,0.0,0.0
2024-07-08 10:40:00+09:00,7757.0,7761.0,7755.0,7761.0,1300,0.0,0.0
2024-07-08 10:45:00+09:00,7770.0,7781.0,7770.0,7781.0,300,0.0,0.0
2024-07-08 10:50:00+09:00,7781.0,7781.0,7781.0,7781.0,100,0.0,0.0
2024-07-08 10:55:00+09:00,7772.0,7777.0,7772.0,7777.0,800,0.0,0.0
2024-07-08 11:00:00+09:00,7779.0,7782.0,7779.0,7782.0,200,0.0,0.0
2024-07-08 11:05:00+09:00,7774.0,7781.0,7773.0,7781.0,700,0.0,0.0
2024-07-08 11:10:00+09:00,7780.0,7786.0,7773.0,7773.0,2900,0.0,0.0
2024-07-08 11:15:00+09:00,7768.0,7774.0,7768.0,7774.0,600,0.0,0.0
2024-07-08 11:20:00+09:00,7777.0,7786.0,7777.0,7786.0,300,0.0,0.0
2024-07-08 11:25:00+09:00,7777.0,7777.0,7769.0,7769.0,700,0.0,0.0
2024-07-08 11:30:00+09:00,7769.0,7769.0,7769.0,7769.0,400,0.0,0.0
2024-07-08 11:35:00+09:00,7769.0,7769.0,7769.0,7769.0,0,0.0,0.0
2024-07-08 12:30:00+09:00,7752.0,7786.0,7752.0,7786.0,0,0.0,0.0
2024-07-08 12:35:00+09:00,7786.0,7790.0,7781.0,7790.0,40800,0.0,0.0
2024-07-08 12:40:00+09:00,7790.0,7800.0,7786.0,7800.0,3300,0.0,0.0
2024-07-08 12:45:00+09:00,7803.0,7818.0,7803.0,7818.0,700,0.0,0.0
2024-07-08 12:50:00+09:00,7812.0,7821.0,7812.0,7821.0,1000,0.0,0.0
2024-07-08 12:55:00+09:00,7824.0,7824.0,7815.0,7822.0,1600,0.0,0.0
2024-07-08 13:00:00+09:00,7824.0,7824.0,7811.0,7811.0,1600,0.0,0.0
2024-07-08 13:05:00+09:00,7808.0,7820.0,7808.0,7820.0,1700,0.0,0.0
2024-07-08 13:10:00+09:00,7820.0,7820.0,7801.0,7801.0,1700,0.0,0.0
2024-07-08 13:15:00+09:00,7808.0,7815.0,7808.0,7815.0,900,0.0,0.0
2024-07-08 13:20:00+09:00,7816.0,7816.0,7814.0,7814.0,300,0.0,0.0
2024-07-08 13:25:00+09:00,7816.0,7816.0,7816.0,7816.0,100,0.0,0.0
2024-07-08 13:30:00+09:00,7819.0,7819.0,7819.0,7819.0,200,0.0,0.0
2024-07-08 13:35:00+09:00,7819.0,7820.0,7812.0,7819.0,600,0.0,0.0
2024-07-08 13:40:00+09:00,7819.0,7819.0,7811.0,7818.0,300,0.0,0.0
2024-07-08 13:45:00+09:00,7811.0,7816.0,7800.0,7806.0,1700,0.0,0.0
2024-07-08 13:50:00+09:00,7813.0,7813.0,7811.0,7811.0,800,0.0,0.0
2024-07-08 13:55:00+09:00,7813.0,7814.0,7813.0,7814.0,600,0.0,0.0
2024-07-08 14:00:00+09:00,7809.0,7811.0,7800.0,7800.0,1800,0.0,0.0
2024-07-08 14:05:00+09:00,7792.0,7792.0,7785.0,7788.0,1100,0.0,0.0
2024-07-08 14:10:00+09:00,7785.0,7791.0,7784.0,7784.0,300,0.0,0.0
2024-07-08 14:15:00+09:00,7787.0,7787.0,7772.0,7772.0,1200,0.0,0.0
2024-07-08 14:20:00+09:00,7776.0,7776.0,7756.0,7756.0,1500,0.0,0.0
2024-07-08 14:25:00+09:00,7755.0,7755.0,7736.0,7745.0,2900,0.0,0.0
2024-07-08 14:30:00+09:00,7734.0,7747.0,7732.0,7747.0,2900,0.0,0.0
2024-07-08 14:35:00+09:00,7741.0,7767.0,7725.0,7765.0,5700,0.0,0.0
2024-07-08 14:40:00+09:00,7756.0,7760.0,7749.0,7760.0,2200,0.0,0.0
2024-07-08 14:45:00+09:00,7756.0,7767.0,7754.0,7758.0,1700,0.0,0.0
2024-07-08 14:50:00+09:00,7759.0,7759.0,7748.0,7749.0,3100,0.0,0.0
2024-07-08 14:55:00+09:00,7749.0,7761.0,7749.0,7754.0,4400,0.0,0.0
2024-07-09 09:00:00+09:00,7760.0,7800.0,7760.0,7794.0,7500,0.0,0.0
2024-07-09 09:05:00+09:00,7773.0,7773.0,7745.0,7748.0,400,0.0,0.0
2024-07-09 09:10:00+09:00,7746.0,7746.0,7737.0,7737.0,400,0.0,0.0
2024-07-09 09:15:00+09:00,7737.0,7737.0,7734.0,7734.0,300,0.0,0.0
2024-07-09 09:20:00+09:00,7732.0,7746.0,7730.0,7746.0,1900,0.0,0.0
2024-07-09 09:25:00+09:00,7742.0,7742.0,7736.0,7736.0,400,0.0,0.0
2024-07-09 09:30:00+09:00,7730.0,7743.0,7725.0,7743.0,1700,0.0,0.0
2024-07-09 09:35:00+09:00,7733.0,7733.0,7705.0,7711.0,1300,0.0,0.0
2024-07-09 09:40:00+09:00,7697.0,7735.0,7696.0,7735.0,5100,0.0,0.0
2024-07-09 09:45:00+09:00,7724.0,7732.0,7723.0,7725.0,1400,0.0,0.0
2024-07-09 09:50:00+09:00,7721.0,7726.0,7712.0,7712.0,1800,0.0,0.0
2024-07-09 09:55:00+09:00,7714.0,7718.0,7687.0,7687.0,3800,0.0,0.0
2024-07-09 10:00:00+09:00,7686.0,7701.0,7658.0,7691.0,15400,0.0,0.0
2024-07-09 10:05:00+09:00,7689.0,7693.0,7688.0,7693.0,400,0.0,0.0
2024-07-09 10:10:00+09:00,7694.0,7697.0,7685.0,7695.0,900,0.0,0.0
2024-07-09 10:15:00+09:00,7690.0,7694.0,7685.0,7694.0,600,0.0,0.0
2024-07-09 10:20:00+09:00,7685.0,7688.0,7672.0,7683.0,1100,0.0,0.0
2024-07-09 10:25:00+09:00,7687.0,7690.0,7687.0,7690.0,1100,0.0,0.0
2024-07-09 10:30:00+09:00,7696.0,7697.0,7690.0,7690.0,600,0.0,0.0
2024-07-09 10:35:00+09:00,7689.0,7706.0,7684.0,7706.0,1900,0.0,0.0
2024-07-09 10:40:00+09:00,7706.0,7734.0,7706.0,7710.0,2200,0.0,0.0
2024-07-09 10:45:00+09:00,7709.0,7718.0,7698.0,7707.0,3100,0.0,0.0
2024-07-09 10:50:00+09:00,7704.0,7717.0,7704.0,7706.0,2000,0.0,0.0
2024-07-09 10:55:00+09:00,7704.0,7704.0,7700.0,7700.0,400,0.0,0.0
2024-07-09 11:00:00+09:00,7706.0,7706.0,7683.0,7683.0,2000,0.0,0.0
2024-07-09 11:05:00+09:00,7682.0,7696.0,7682.0,7683.0,700,0.0,0.0
2024-07-09 11:10:00+09:00,7683.0,7699.0,7683.0,7699.0,700,0.0,0.0
2024-07-09 11:15:00+09:00,7690.0,7690.0,7690.0,7690.0,200,0.0,0.0
2024-07-09 11:20:00+09:00,7700.0,7701.0,7696.0,7701.0,600,0.0,0.0
2024-07-09 11:25:00+09:00,7700.0,7714.0,7700.0,7714.0,2000,0.0,0.0
2024-07-09 11:30:00+09:00,7706.0,7706.0,7706.0,7706.0,1000,0.0,0.0
2024-07-09 11:35:00+09:00,7706.0,7706.0,7706.0,7706.0,0,0.0,0.0
2024-07-09 12:30:00+09:00,7711.0,7720.0,7706.0,7716.0,67500,0.0,0.0
2024-07-09 12:35:00+09:00,7725.0,7741.0,7725.0,7741.0,1200,0.0,0.0
2024-07-09 12:40:00+09:00,7740.0,7743.0,7737.0,7743.0,900,0.0,0.0
2024-07-09 12:45:00+09:00,7743.0,7751.0,7740.0,7751.0,1500,0.0,0.0
2024-07-09 12:50:00+09:00,7753.0,7753.0,7753.0,7753.0,100,0.0,0.0
2024-07-09 12:55:00+09:00,7754.0,7764.0,7754.0,7764.0,1500,0.0,0.0
2024-07-09 13:00:00+09:00,7773.0,7775.0,7765.0,7765.0,1600,0.0,0.0
2024-07-09 13:05:00+09:00,7768.0,7781.0,7768.0,7781.0,800,0.0,0.0
2024-07-09 13:10:00+09:00,7784.0,7792.0,7783.0,7792.0,1100,0.0,0.0
2024-07-09 13:15:00+09:00,7794.0,7796.0,7792.0,7792.0,600,0.0,0.0
2024-07-09 13:20:00+09:00,7796.0,7796.0,7796.0,7796.0,300,0.0,0.0
2024-07-09 13:25:00+09:00,7793.0,7802.0,7792.0,7799.0,3900,0.0,0.0
2024-07-09 13:30:00+09:00,7793.0,7793.0,7788.0,7788.0,1000,0.0,0.0
2024-07-09 13:35:00+09:00,7790.0,7791.0,7787.0,7791.0,600,0.0,0.0
2024-07-09 13:40:00+09:00,7794.0,7796.0,7791.0,7796.0,800,0.0,0.0
2024-07-09 13:45:00+09:00,7797.0,7799.0,7797.0,7799.0,500,0.0,0.0
2024-07-09 13:50:00+09:00,7799.0,7801.0,7792.0,7792.0,1700,0.0,0.0
2024-07-09 13:55:00+09:00,7797.0,7804.0,7795.0,7804.0,2600,0.0,0.0
2024-07-09 14:00:00+09:00,7802.0,7804.0,7792.0,7792.0,2000,0.0,0.0
2024-07-09 14:05:00+09:00,7790.0,7790.0,7785.0,7790.0,1100,0.0,0.0
2024-07-09 14:10:00+09:00,7790.0,7797.0,7790.0,7794.0,1700,0.0,0.0
2024-07-09 14:15:00+09:00,7795.0,7805.0,7795.0,7805.0,400,0.0,0.0
2024-07-09 14:20:00+09:00,7802.0,7802.0,7780.0,7784.0,3100,0.0,0.0
2024-07-09 14:25:00+09:00,7786.0,7786.0,7765.0,7767.0,2100,0.0,0.0
2024-07-09 14:30:00+09:00,7764.0,7775.0,7764.0,7774.0,3200,0.0,0.0
2024-07-09 14:35:00+09:00,7774.0,7800.0,7774.0,7794.0,2400,0.0,0.0
2024-07-09 14:40:00+09:00,7791.0,7798.0,7791.0,7793.0,1700,0.0,0.0
2024-07-09 14:45:00+09:00,7799.0,7802.0,7797.0,7800.0,1700,0.0,0.0
2024-07-09 14:50:00+09:00,7800.0,7804.0,7793.0,7795.0,3800,0.0,0.0
2024-07-09 14:55:00+09:00,7793.0,7797.0,7790.0,7790.0,3500,0.0,0.0
2024-07-10 09:00:00+09:00,7765.0,7793.0,7765.0,7792.0,4800,0.0,0.0
2024-07-10 09:05:00+09:00,7773.0,7773.0,7756.0,7759.0,2400,0.0,0.0
2024-07-10 09:10:00+09:00,7758.0,7763.0,7753.0,7753.0,600,0.0,0.0
2024-07-10 09:15:00+09:00,7768.0,7791.0,7768.0,7787.0,1100,0.0,0.0
2024-07-10 09:20:00+09:00,7792.0,7812.0,7788.0,7803.0,1900,0.0,0.0
2024-07-10 09:25:00+09:00,7808.0,7812.0,7797.0,7809.0,1800,0.0,0.0
2024-07-10 09:30:00+09:00,7807.0,7826.0,7801.0,7809.0,2400,0.0,0.0
2024-07-10 09:35:00+09:00,7794.0,7803.0,7789.0,7789.0,600,0.0,0.0
2024-07-10 09:40:00+09:00,7785.0,7800.0,7784.0,7800.0,0,0.0,0.0
2024-07-10 09:45:00+09:00,7790.0,7817.0,7789.0,7817.0,17500,0.0,0.0
2024-07-10 09:50:00+09:00,7830.0,7837.0,7826.0,7831.0,0,0.0,0.0
2024-07-10 09:55:00+09:00,7836.0,7837.0,7819.0,7822.0,20400,0.0,0.0
2024-07-10 10:00:00+09:00,7812.0,7821.0,7806.0,7821.0,1600,0.0,0.0
2024-07-10 10:05:00+09:00,7825.0,7845.0,7825.0,7831.0,1100,0.0,0.0
2024-07-10 10:10:00+09:00,7839.0,7849.0,7836.0,7849.0,700,0.0,0.0
2024-07-10 10:15:00+09:00,7841.0,7845.0,7834.0,7839.0,1200,0.0,0.0
2024-07-10 10:20:00+09:00,7836.0,7853.0,7836.0,7853.0,700,0.0,0.0
2024-07-10 10:25:00+09:00,7862.0,7868.0,7856.0,7868.0,1100,0.0,0.0
2024-07-10 10:30:00+09:00,7880.0,7914.0,7880.0,7904.0,5700,0.0,0.0
2024-07-10 10:35:00+09:00,7904.0,7904.0,7892.0,7897.0,1600,0.0,0.0
2024-07-10 10:40:00+09:00,7903.0,7905.0,7889.0,7889.0,1800,0.0,0.0
2024-07-10 10:45:00+09:00,7888.0,7895.0,7880.0,7887.0,700,0.0,0.0
2024-07-10 10:50:00+09:00,7876.0,7888.0,7876.0,7888.0,1700,0.0,0.0
2024-07-10 10:55:00+09:00,7884.0,7897.0,7882.0,7897.0,1200,0.0,0.0
2024-07-10 11:00:00+09:00,7893.0,7893.0,7887.0,7887.0,800,0.0,0.0
2024-07-10 11:05:00+09:00,7892.0,7892.0,7878.0,7878.0,1000,0.0,0.0
2024-07-10 11:10:00+09:00,7881.0,7883.0,7869.0,7869.0,1400,0.0,0.0
2024-07-10 11:15:00+09:00,7873.0,7873.0,7854.0,7854.0,1100,0.0,0.0
2024-07-10 11:20:00+09:00,7859.0,7867.0,7843.0,7852.0,3500,0.0,0.0
2024-07-10 11:25:00+09:00,7852.0,7852.0,7844.0,7852.0,500,0.0,0.0
2024-07-10 11:30:00+09:00,7843.0,7843.0,7843.0,7843.0,900,0.0,0.0
2024-07-10 11:35:00+09:00,7843.0,7843.0,7843.0,7843.0,0,0.0,0.0
2024-07-10 12:30:00+09:00,7811.0,7858.0,7811.0,7851.0,54600,0.0,0.0
2024-07-10 12:35:00+09:00,7845.0,7845.0,7836.0,7839.0,2200,0.0,0.0
2024-07-10 12:40:00+09:00,7844.0,7858.0,7837.0,7851.0,2900,0.0,0.0
2024-07-10 12:45:00+09:00,7850.0,7862.0,7850.0,7860.0,800,0.0,0.0
2024-07-10 12:50:00+09:00,7866.0,7868.0,7860.0,7867.0,1700,0.0,0.0
2024-07-10 12:55:00+09:00,7858.0,7866.0,7858.0,7866.0,200,0.0,0.0
2024-07-10 13:00:00+09:00,7866.0,7867.0,7852.0,7860.0,2300,0.0,0.0
2024-07-10 13:05:00+09:00,7857.0,7857.0,7836.0,7836.0,1300,0.0,0.0
2024-07-10 13:10:00+09:00,7837.0,7837.0,7827.0,7831.0,1300,0.0,0.0
2024-07-10 13:15:00+09:00,7828.0,7833.0,7824.0,7824.0,1700,0.0,0.0
2024-07-10 13:20:00+09:00,7825.0,7825.0,7817.0,7819.0,900,0.0,0.0
2024-07-10 13:25:00+09:00,7821.0,7821.0,7815.0,7815.0,800,0.0,0.0
2024-07-10 13:30:00+09:00,7812.0,7815.0,7807.0,7815.0,1500,0.0,0.0
2024-07-10 13:35:00+09:00,7815.0,7815.0,7807.0,7807.0,900,0.0,0.0
2024-07-10 13:40:00+09:00,7810.0,7815.0,7808.0,7815.0,1000,0.0,0.0
2024-07-10 13:45:00+09:00,7812.0,7816.0,7810.0,7810.0,1200,0.0,0.0
2024-07-10 13:50:00+09:00,7816.0,7817.0,7801.0,7802.0,2100,0.0,0.0
2024-07-10 13:55:00+09:00,7804.0,7804.0,7804.0,7804.0,300,0.0,0.0
2024-07-10 14:00:00+09:00,7802.0,7806.0,7802.0,7806.0,1200,0.0,0.0
2024-07-10 14:05:00+09:00,7810.0,7829.0,7809.0,7825.0,1800,0.0,0.0
2024-07-10 14:10:00+09:00,7828.0,7833.0,7824.0,7825.0,3400,0.0,0.0
2024-07-10 14:15:00+09:00,7826.0,7835.0,7825.0,7835.0,1200,0.0,0.0
2024-07-10 14:20:00+09:00,7837.0,7848.0,7837.0,7846.0,1200,0.0,0.0
2024-07-10 14:25:00+09:00,7848.0,7859.0,7848.0,7859.0,1400,0.0,0.0
2024-07-10 14:30:00+09:00,7858.0,7869.0,7858.0,7869.0,1300,0.0,0.0
2024-07-10 14:35:00+09:00,7864.0,7876.0,7864.0,7875.0,3000,0.0,0.0
2024-07-10 14:40:00+09:00,7871.0,7874.0,7862.0,7862.0,2500,0.0,0.0
2024-07-10 14:45:00+09:00,7856.0,7857.0,7840.0,7851.0,3500,0.0,0.0
2024-07-10 14:50:00+09:00,7854.0,7859.0,7851.0,7859.0,1500,0.0,0.0
2024-07-10 14:55:00+09:00,7862.0,7872.0,7845.0,7845.0,5300,0.0,0.0
2024-07-11 09:00:00+09:00,7909.0,7921.0,7887.0,7920.0,6300,0.0,0.0
2024-07-11 09:05:00+09:00,7914.0,7924.0,7913.0,7924.0,800,0.0,0.0
2024-07-11 09:10:00+09:00,7907.0,7909.0,7879.0,7905.0,4500,0.0,0.0
2024-07-11 09:15:00+09:00,7902.0,7937.0,7902.0,7922.0,3900,0.0,0.0
2024-07-11 09:20:00+09:00,7925.0,7947.0,7925.0,7947.0,1500,0.0,0.0
2024-07-11 09:25:00+09:00,7947.0,7947.0,7915.0,7915.0,1400,0.0,0.0
2024-07-11 09:30:00+09:00,7916.0,7921.0,7912.0,7919.0,1200,0.0,0.0
2024-07-11 09:35:00+09:00,7929.0,7935.0,7911.0,7914.0,2000,0.0,0.0
2024-07-11 09:40:00+09:00,7904.0,7904.0,7886.0,7893.0,900,0.0,0.0
2024-07-11 09:45:00+09:00,7901.0,7901.0,7868.0,7868.0,1000,0.0,0.0
2024-07-11 09:50:00+09:00,7864.0,7882.0,7856.0,7882.0,2000,0.0,0.0
2024-07-11 09:55:00+09:00,7877.0,7883.0,7872.0,7878.0,1300,0.0,0.0
2024-07-11 10:00:00+09:00,7889.0,7892.0,7885.0,7892.0,700,0.0,0.0
2024-07-11 10:05:00+09:00,7885.0,7887.0,7879.0,7881.0,1000,0.0,0.0
2024-07-11 10:10:00+09:00,7870.0,7884.0,7870.0,7877.0,1100,0.0,0.0
2024-07-11 10:15:00+09:00,7883.0,7883.0,7877.0,7881.0,700,0.0,0.0
2024-07-11 10:20:00+09:00,7874.0,7878.0,7874.0,7878.0,700,0.0,0.0
2024-07-11 10:25:00+09:00,7881.0,7885.0,7881.0,7885.0,500,0.0,0.0
2024-07-11 10:30:00+09:00,7879.0,7884.0,7879.0,7884.0,400,0.0,0.0
2024-07-11 10:35:00+09:00,7884.0,7891.0,7884.0,7891.0,1900,0.0,0.0
2024-07-11 10:40:00+09:00,7895.0,7896.0,7891.0,7896.0,600,0.0,0.0
2024-07-11 10:45:00+09:00,7897.0,7897.0,7897.0,7897.0,100,0.0,0.0
2024-07-11 10:50:00+09:00,7899.0,7905.0,7899.0,7905.0,0,0.0,0.0
2024-07-11 10:55:00+09:00,7903.0,7903.0,7903.0,7903.0,36500,0.0,0.0
2024-07-11 11:00:00+09:00,7909.0,7909.0,7898.0,7898.0,800,0.0,0.0
2024-07-11 11:05:00+09:00,7899.0,7899.0,7886.0,7886.0,200,0.0,0.0
2024-07-11 11:10:00+09:00,7894.0,7901.0,7890.0,7898.0,2000,0.0,0.0
2024-07-11 11:20:00+09:00,7901.0,7902.0,7896.0,7898.0,800,0.0,0.0
2024-07-11 11:25:00+09:00,7898.0,7902.0,7893.0,7902.0,600,0.0,0.0
2024-07-11 11:30:00+09:00,7894.0,7894.0,7893.0,7893.0,1100,0.0,0.0
2024-07-11 11:35:00+09:00,7893.0,7893.0,7893.0,7893.0,0,0.0,0.0
2024-07-11 12:30:00+09:00,7900.0,7900.0,7856.0,7895.0,0,0.0,0.0
2024-07-11 12:35:00+09:00,7902.0,7909.0,7896.0,7909.0,47600,0.0,0.0
2024-07-11 12:40:00+09:00,7907.0,7911.0,7898.0,7909.0,1100,0.0,0.0
2024-07-11 12:45:00+09:00,7912.0,7912.0,7896.0,7896.0,500,0.0,0.0
2024-07-11 12:50:00+09:00,7907.0,7907.0,7900.0,7907.0,400,0.0,0.0
2024-07-11 12:55:00+09:00,7904.0,7914.0,7904.0,7914.0,2100,0.0,0.0
2024-07-11 13:00:00+09:00,7910.0,7912.0,7906.0,7912.0,500,0.0,0.0
2024-07-11 13:05:00+09:00,7909.0,7928.0,7909.0,7928.0,1100,0.0,0.0
2024-07-11 13:10:00+09:00,7926.0,7928.0,7926.0,7928.0,900,0.0,0.0
2024-07-11 13:15:00+09:00,7928.0,7929.0,7914.0,7919.0,1700,0.0,0.0
2024-07-11 13:20:00+09:00,7922.0,7929.0,7919.0,7929.0,600,0.0,0.0
2024-07-11 13:25:00+09:00,7925.0,7930.0,7923.0,7927.0,1000,0.0,0.0
2024-07-11 13:30:00+09:00,7927.0,7927.0,7918.0,7925.0,1200,0.0,0.0
2024-07-11 13:35:00+09:00,7924.0,7925.0,7924.0,7924.0,500,0.0,0.0
2024-07-11 13:40:00+09:00,7927.0,7927.0,7917.0,7917.0,300,0.0,0.0
2024-07-11 13:45:00+09:00,7920.0,7924.0,7920.0,7924.0,500,0.0,0.0
2024-07-11 13:50:00+09:00,7917.0,7921.0,7917.0,7921.0,300,0.0,0.0
2024-07-11 13:55:00+09:00,7917.0,7921.0,7917.0,7921.0,200,0.0,0.0
2024-07-11 14:00:00+09:00,7917.0,7921.0,7917.0,7920.0,600,0.0,0.0
2024-07-11 14:05:00+09:00,7920.0,7922.0,7920.0,7921.0,1100,0.0,0.0
2024-07-11 14:10:00+09:00,7923.0,7927.0,7919.0,7923.0,900,0.0,0.0
2024-07-11 14:15:00+09:00,7924.0,7925.0,7920.0,7923.0,1300,0.0,0.0
2024-07-11 14:20:00+09:00,7922.0,7929.0,7914.0,7923.0,2000,0.0,0.0
2024-07-11 14:25:00+09:00,7922.0,7928.0,7920.0,7928.0,2300,0.0,0.0
2024-07-11 14:30:00+09:00,7925.0,7934.0,7925.0,7934.0,1900,0.0,0.0
2024-07-11 14:35:00+09:00,7935.0,7938.0,7920.0,7921.0,2400,0.0,0.0
2024-07-11 14:40:00+09:00,7932.0,7932.0,7895.0,7905.0,3000,0.0,0.0
2024-07-11 14:45:00+09:00,7902.0,7915.0,7899.0,7914.0,3600,0.0,0.0
2024-07-11 14:50:00+09:00,7917.0,7917.0,7893.0,7902.0,3300,0.0,0.0
2024-07-11 14:55:00+09:00,7895.0,7902.0,7862.0,7862.0,8300,0.0,0.0
2024-07-12 09:00:00+09:00,7810.0,7975.0,7810.0,7975.0,79400,0.0,0.0
2024-07-12 09:05:00+09:00,7978.0,8004.0,7970.0,7979.0,12600,0.0,0.0
2024-07-12 09:10:00+09:00,7996.0,8028.0,7977.0,7977.0,5400,0.0,0.0
2024-07-12 09:15:00+09:00,7981.0,8003.0,7981.0,7996.0,2000,0.0,0.0
2024-07-12 09:20:00+09:00,8004.0,8030.0,7998.0,8030.0,2000,0.0,0.0
2024-07-12 09:25:00+09:00,8034.0,8054.0,8034.0,8040.0,6400,0.0,0.0
2024-07-12 09:30:00+09:00,8050.0,8060.0,8041.0,8041.0,5500,0.0,0.0
2024-07-12 09:35:00+09:00,8058.0,8070.0,8047.0,8057.0,2600,0.0,0.0
2024-07-12 09:40:00+09:00,8059.0,8069.0,8057.0,8068.0,1800,0.0,0.0
2024-07-12 09:45:00+09:00,8080.0,8080.0,8050.0,8050.0,13400,0.0,0.0
2024-07-12 09:50:00+09:00,8064.0,8066.0,8050.0,8053.0,0,0.0,0.0
2024-07-12 09:55:00+09:00,8069.0,8076.0,8064.0,8064.0,138000,0.0,0.0
2024-07-12 10:00:00+09:00,8056.0,8059.0,8040.0,8059.0,5200,0.0,0.0
2024-07-12 10:05:00+09:00,8061.0,8074.0,8061.0,8070.0,2100,0.0,0.0
2024-07-12 10:10:00+09:00,8068.0,8068.0,8058.0,8058.0,2000,0.0,0.0
2024-07-12 10:15:00+09:00,8064.0,8068.0,8061.0,8061.0,2000,0.0,0.0
2024-07-12 10:20:00+09:00,8065.0,8070.0,8058.0,8058.0,1800,0.0,0.0
2024-07-12 10:25:00+09:00,8059.0,8065.0,8058.0,8058.0,2300,0.0,0.0
2024-07-12 10:30:00+09:00,8058.0,8060.0,8055.0,8060.0,2200,0.0,0.0
2024-07-12 10:35:00+09:00,8061.0,8061.0,8052.0,8052.0,1200,0.0,0.0
2024-07-12 10:40:00+09:00,8056.0,8065.0,8055.0,8061.0,2400,0.0,0.0
2024-07-12 10:45:00+09:00,8055.0,8057.0,8050.0,8057.0,2700,0.0,0.0
2024-07-12 10:50:00+09:00,8053.0,8054.0,8035.0,8035.0,4700,0.0,0.0
2024-07-12 10:55:00+09:00,8045.0,8051.0,8045.0,8045.0,2800,0.0,0.0
2024-07-12 11:00:00+09:00,8044.0,8045.0,8035.0,8035.0,2300,0.0,0.0
2024-07-12 11:05:00+09:00,8040.0,8043.0,8035.0,8043.0,2900,0.0,0.0
2024-07-12 11:10:00+09:00,8047.0,8051.0,8047.0,8051.0,600,0.0,0.0
2024-07-12 11:15:00+09:00,8056.0,8064.0,8056.0,8064.0,500,0.0,0.0
2024-07-12 11:20:00+09:00,8063.0,8067.0,8061.0,8067.0,1200,0.0,0.0
2024-07-12 11:25:00+09:00,8070.0,8079.0,8068.0,8069.0,2300,0.0,0.0
2024-07-12 11:30:00+09:00,8068.0,8068.0,8066.0,8066.0,300,0.0,0.0
2024-07-12 11:35:00+09:00,8066.0,8066.0,8066.0,8066.0,0,0.0,0.0
2024-07-12 12:30:00+09:00,8035.0,8066.0,8021.0,8054.0,185300,0.0,0.0
2024-07-12 12:35:00+09:00,8059.0,8063.0,8053.0,8063.0,1400,0.0,0.0
2024-07-12 12:40:00+09:00,8065.0,8076.0,8065.0,8065.0,3900,0.0,0.0
2024-07-12 12:45:00+09:00,8068.0,8069.0,8067.0,8067.0,1900,0.0,0.0
2024-07-12 12:50:00+09:00,8068.0,8068.0,8051.0,8054.0,4200,0.0,0.0
2024-07-12 12:55:00+09:00,8053.0,8053.0,8039.0,8039.0,4100,0.0,0.0
2024-07-12 13:00:00+09:00,8035.0,8041.0,8024.0,8041.0,4400,0.0,0.0
2024-07-12 13:05:00+09:00,8040.0,8042.0,8037.0,8039.0,1600,0.0,0.0
2024-07-12 13:10:00+09:00,8043.0,8050.0,8040.0,8050.0,1100,0.0,0.0
2024-07-12 13:15:00+09:00,8050.0,8050.0,8042.0,8042.0,1800,0.0,0.0
2024-07-12 13:20:00+09:00,8047.0,8047.0,8031.0,8031.0,3300,0.0,0.0
2024-07-12 13:25:00+09:00,8028.0,8028.0,8020.0,8020.0,900,0.0,0.0
2024-07-12 13:30:00+09:00,8020.0,8027.0,8020.0,8020.0,3700,0.0,0.0
2024-07-12 13:35:00+09:00,8016.0,8021.0,8016.0,8018.0,1500,0.0,0.0
2024-07-12 13:40:00+09:00,8019.0,8020.0,8019.0,8020.0,200,0.0,0.0
2024-07-12 13:45:00+09:00,8025.0,8025.0,8010.0,8010.0,4600,0.0,0.0
2024-07-12 13:50:00+09:00,8008.0,8008.0,7996.0,8005.0,10500,0.0,0.0
2024-07-12 13:55:00+09:00,7996.0,7996.0,7982.0,7992.0,2800,0.0,0.0
2024-07-12 14:00:00+09:00,7998.0,8018.0,7998.0,8015.0,1200,0.0,0.0
2024-07-12 14:05:00+09:00,8006.0,8006.0,8002.0,8002.0,800,0.0,0.0
2024-07-12 14:10:00+09:00,8005.0,8010.0,8005.0,8006.0,1600,0.0,0.0
2024-07-12 14:15:00+09:00,8005.0,8006.0,8003.0,8006.0,400,0.0,0.0
2024-07-12 14:20:00+09:00,8008.0,8009.0,8001.0,8003.0,1800,0.0,0.0
2024-07-12 14:25:00+09:00,8002.0,8002.0,7975.0,7975.0,5100,0.0,0.0
2024-07-12 14:30:00+09:00,7977.0,7989.0,7977.0,7989.0,2800,0.0,0.0
2024-07-12 14:35:00+09:00,7989.0,7989.0,7966.0,7966.0,1400,0.0,0.0
2024-07-12 14:40:00+09:00,7966.0,7966.0,7952.0,7952.0,3000,0.0,0.0
2024-07-12 14:45:00+09:00,7951.0,7954.0,7949.0,7952.0,2900,0.0,0.0
2024-07-12 14:50:00+09:00,7955.0,7968.0,7955.0,7962.0,2700,0.0,0.0
2024-07-12 14:55:00+09:00,7962.0,7979.0,7957.0,7957.0,14000,0.0,0.0
