Datetime,Open,High,Low,Close,Volume,Dividends,Stock Splits
2024-06-14 09:00:00+09:00,1362.0,1376.0,1361.0,1376.0,24800,0.0,0.0
2024-06-14 09:05:00+09:00,1378.0,1379.0,1378.0,1378.0,400,0.0,0.0
2024-06-14 09:10:00+09:00,1380.0,1380.0,1380.0,1380.0,200,0.0,0.0
2024-06-14 09:15:00+09:00,1379.0,1381.0,1379.0,1380.0,400,0.0,0.0
2024-06-14 09:20:00+09:00,1379.0,1379.0,1377.0,1377.0,600,0.0,0.0
2024-06-14 09:25:00+09:00,1379.0,1381.0,1379.0,1381.0,700,0.0,0.0
2024-06-14 09:30:00+09:00,1378.0,1378.0,1375.0,1375.0,1000,0.0,0.0
2024-06-14 09:35:00+09:00,1378.0,1382.0,1378.0,1382.0,900,0.0,0.0
2024-06-14 09:45:00+09:00,1380.0,1380.0,1378.0,1378.0,800,0.0,0.0
2024-06-14 09:50:00+09:00,1380.0,1380.0,1380.0,1380.0,100,0.0,0.0
2024-06-14 10:00:00+09:00,1378.0,1380.0,1378.0,1380.0,400,0.0,0.0
2024-06-14 10:05:00+09:00,1382.0,1382.0,1382.0,1382.0,200,0.0,0.0
2024-06-14 10:10:00+09:00,1384.0,1384.0,1384.0,1384.0,0,0.0,0.0
2024-06-14 10:25:00+09:00,1384.0,1385.0,1384.0,1385.0,31900,0.0,0.0
2024-06-14 10:35:00+09:00,1386.0,1386.0,1385.0,1385.0,700,0.0,0.0
2024-06-14 10:40:00+09:00,1384.0,1384.0,1384.0,1384.0,100,0.0,0.0
2024-06-14 10:50:00+09:00,1385.0,1388.0,1384.0,1384.0,2400,0.0,0.0
2024-06-14 10:55:00+09:00,1383.0,1383.0,1383.0,1383.0,100,0.0,0.0
2024-06-14 11:10:00+09:00,1386.0,1386.0,1386.0,1386.0,100,0.0,0.0
2024-06-14 11:20:00+09:00,1386.0,1386.0,1383.0,1383.0,300,0.0,0.0
2024-06-14 11:30:00+09:00,1386.0,1386.0,1386.0,1386.0,200,0.0,0.0
2024-06-14 11:35:00+09:00,1386.0,1386.0,1386.0,1386.0,0,0.0,0.0
2024-06-14 12:30:00+09:00,1386.0,1387.0,1385.0,1385.0,38900,0.0,0.0
2024-06-14 12:35:00+09:00,1385.0,1385.0,1384.0,1384.0,700,0.0,0.0
2024-06-14 12:40:00+09:00,1386.0,1389.0,1386.0,1389.0,700,0.0,0.0
2024-06-14 12:45:00+09:00,1388.0,1388.0,1388.0,1388.0,100,0.0,0.0
2024-06-14 12:50:00+09:00,1387.0,1387.0,1387.0,1387.0,1000,0.0,0.0
2024-06-14 13:00:00+09:00,1388.0,1388.0,1388.0,1388.0,200,0.0,0.0
2024-06-14 13:10:00+09:00,1387.0,1387.0,1385.0,1385.0,1400,0.0,0.0
2024-06-14 13:20:00+09:00,1384.0,1384.0,1384.0,1384.0,200,0.0,0.0
2024-06-14 13:30:00+09:00,1384.0,1384.0,1384.0,1384.0,100,0.0,0.0
2024-06-14 13:40:00+09:00,1385.0,1385.0,1384.0,1384.0,200,0.0,0.0
2024-06-14 13:55:00+09:00,1384.0,1384.0,1384.0,1384.0,100,0.0,0.0
2024-06-14 14:00:00+09:00,1383.0,1385.0,1383.0,1385.0,1400,0.0,0.0
2024-06-14 14:05:00+09:00,1386.0,1386.0,1386.0,1386.0,300,0.0,0.0
2024-06-14 14:10:00+09:00,1387.0,1387.0,1387.0,1387.0,100,0.0,0.0
2024-06-14 14:15:00+09:00,1387.0,1387.0,1387.0,1387.0,100,0.0,0.0
2024-06-14 14:25:00+09:00,1387.0,1387.0,1387.0,1387.0,100,0.0,0.0
2024-06-14 14:35:00+09:00,1387.0,1387.0,1386.0,1386.0,400,0.0,0.0
2024-06-14 14:45:00+09:00,1387.0,1387.0,1387.0,1387.0,400,0.0,0.0
2024-06-14 14:50:00+09:00,1387.0,1388.0,1387.0,1388.0,700,0.0,0.0
2024-06-14 14:55:00+09:00,1388.0,1388.0,1387.0,1388.0,700,0.0,0.0
2024-06-17 09:00:00+09:00,1388.0,1388.0,1376.0,1376.0,3000,0.0,0.0
2024-06-17 09:05:00+09:00,1378.0,1378.0,1377.0,1377.0,200,0.0,0.0
2024-06-17 09:10:00+09:00,1376.0,1376.0,1376.0,1376.0,200,0.0,0.0
2024-06-17 09:15:00+09:00,1375.0,1375.0,1375.0,1375.0,100,0.0,0.0
2024-06-17 09:20:00+09:00,1375.0,1375.0,1371.0,1371.0,1000,0.0,0.0
2024-06-17 09:25:00+09:00,1374.0,1374.0,1374.0,1374.0,100,0.0,0.0
2024-06-17 09:40:00+09:00,1370.0,1373.0,1370.0,1370.0,800,0.0,0.0
2024-06-17 09:55:00+09:00,1367.0,1367.0,1367.0,1367.0,0,0.0,0.0
2024-06-17 10:00:00+09:00,1367.0,1367.0,1367.0,1367.0,5900,0.0,0.0
2024-06-17 10:05:00+09:00,1365.0,1365.0,1362.0,1363.0,1400,0.0,0.0
2024-06-17 10:10:00+09:00,1365.0,1365.0,1361.0,1361.0,1200,0.0,0.0
2024-06-17 10:15:00+09:00,1361.0,1361.0,1360.0,1360.0,500,0.0,0.0
2024-06-17 10:20:00+09:00,1359.0,1359.0,1357.0,1357.0,700,0.0,0.0
2024-06-17 10:25:00+09:00,1361.0,1361.0,1356.0,1356.0,2200,0.0,0.0
2024-06-17 10:30:00+09:00,1356.0,1359.0,1356.0,1359.0,700,0.0,0.0
2024-06-17 10:40:00+09:00,1359.0,1362.0,1359.0,1362.0,1600,0.0,0.0
2024-06-17 10:45:00+09:00,1365.0,1368.0,1365.0,1368.0,300,0.0,0.0
2024-06-17 10:50:00+09:00,1368.0,1368.0,1368.0,1368.0,100,0.0,0.0
2024-06-17 10:55:00+09:00,1369.0,1369.0,1368.0,1368.0,300,0.0,0.0
2024-06-17 11:00:00+09:00,1368.0,1369.0,1368.0,1369.0,200,0.0,0.0
2024-06-17 11:05:00+09:00,1369.0,1371.0,1368.0,1371.0,300,0.0,0.0
2024-06-17 11:10:00+09:00,1371.0,1372.0,1371.0,1372.0,200,0.0,0.0
2024-06-17 11:15:00+09:00,1374.0,1374.0,1374.0,1374.0,200,0.0,0.0
2024-06-17 11:20:00+09:00,1375.0,1375.0,1372.0,1372.0,200,0.0,0.0
2024-06-17 11:25:00+09:00,1376.0,1376.0,1376.0,1376.0,200,0.0,0.0
2024-06-17 11:30:00+09:00,1379.0,1379.0,1379.0,1379.0,400,0.0,0.0
2024-06-17 11:35:00+09:00,1379.0,1379.0,1379.0,1379.0,0,0.0,0.0
2024-06-17 12:30:00+09:00,1384.0,1384.0,1379.0,1379.0,17400,0.0,0.0
2024-06-17 12:35:00+09:00,1379.0,1379.0,1375.0,1375.0,900,0.0,0.0
2024-06-17 12:40:00+09:00,1376.0,1376.0,1376.0,1376.0,100,0.0,0.0
2024-06-17 12:50:00+09:00,1376.0,1376.0,1376.0,1376.0,100,0.0,0.0
2024-06-17 13:00:00+09:00,1378.0,1378.0,1376.0,1376.0,500,0.0,0.0
2024-06-17 13:05:00+09:00,1378.0,1378.0,1377.0,1377.0,500,0.0,0.0
2024-06-17 13:10:00+09:00,1377.0,1377.0,1377.0,1377.0,200,0.0,0.0
2024-06-17 13:15:00+09:00,1377.0,1382.0,1377.0,1382.0,2100,0.0,0.0
2024-06-17 13:20:00+09:00,1382.0,1382.0,1381.0,1381.0,500,0.0,0.0
2024-06-17 13:25:00+09:00,1378.0,1378.0,1373.0,1373.0,1700,0.0,0.0
2024-06-17 13:30:00+09:00,1377.0,1377.0,1377.0,1377.0,200,0.0,0.0
2024-06-17 13:35:00+09:00,1378.0,1378.0,1378.0,1378.0,200,0.0,0.0
2024-06-17 13:40:00+09:00,1379.0,1379.0,1378.0,1378.0,300,0.0,0.0
2024-06-17 13:45:00+09:00,1378.0,1379.0,1378.0,1379.0,200,0.0,0.0
2024-06-17 13:50:00+09:00,1379.0,1379.0,1378.0,1378.0,300,0.0,0.0
2024-06-17 13:55:00+09:00,1379.0,1379.0,1379.0,1379.0,200,0.0,0.0
2024-06-17 14:00:00+09:00,1380.0,1380.0,1380.0,1380.0,200,0.0,0.0
2024-06-17 14:05:00+09:00,1380.0,1380.0,1380.0,1380.0,100,0.0,0.0
2024-06-17 14:10:00+09:00,1381.0,1382.0,1381.0,1382.0,300,0.0,0.0
2024-06-17 14:15:00+09:00,1382.0,1382.0,1381.0,1381.0,500,0.0,0.0
2024-06-17 14:20:00+09:00,1382.0,1383.0,1382.0,1383.0,200,0.0,0.0
2024-06-17 14:25:00+09:00,1383.0,1383.0,1383.0,1383.0,100,0.0,0.0
2024-06-17 14:30:00+09:00,1382.0,1382.0,1381.0,1381.0,500,0.0,0.0
2024-06-17 14:35:00+09:00,1380.0,1383.0,1380.0,1383.0,400,0.0,0.0
2024-06-17 14:40:00+09:00,1382.0,1383.0,1382.0,1382.0,1000,0.0,0.0
2024-06-17 14:45:00+09:00,1382.0,1382.0,1382.0,1382.0,200,0.0,0.0
2024-06-17 14:50:00+09:00,1382.0,1383.0,1382.0,1383.0,600,0.0,0.0
2024-06-17 14:55:00+09:00,1382.0,1382.0,1380.0,1382.0,700,0.0,0.0
2024-06-18 09:00:00+09:00,1395.0,1395.0,1395.0,1395.0,0,0.0,0.0
2024-06-18 09:05:00+09:00,1392.0,1398.0,1392.0,1395.0,4200,0.0,0.0
2024-06-18 09:10:00+09:00,1394.0,1394.0,1393.0,1393.0,400,0.0,0.0
2024-06-18 09:15:00+09:00,1392.0,1392.0,1390.0,1390.0,500,0.0,0.0
2024-06-18 09:20:00+09:00,1387.0,1388.0,1387.0,1388.0,300,0.0,0.0
2024-06-18 09:25:00+09:00,1388.0,1391.0,1388.0,1391.0,400,0.0,0.0
2024-06-18 09:30:00+09:00,1392.0,1394.0,1392.0,1393.0,1400,0.0,0.0
2024-06-18 09:35:00+09:00,1392.0,1392.0,1389.0,1389.0,1300,0.0,0.0
2024-06-18 09:40:00+09:00,1388.0,1390.0,1388.0,1390.0,500,0.0,0.0
2024-06-18 09:45:00+09:00,1390.0,1390.0,1386.0,1386.0,500,0.0,0.0
2024-06-18 09:50:00+09:00,1387.0,1387.0,1387.0,1387.0,0,0.0,0.0
2024-06-18 09:55:00+09:00,1386.0,1386.0,1386.0,1386.0,9800,0.0,0.0
2024-06-18 10:00:00+09:00,1383.0,1384.0,1383.0,1384.0,200,0.0,0.0
2024-06-18 10:05:00+09:00,1385.0,1386.0,1385.0,1386.0,800,0.0,0.0
2024-06-18 10:10:00+09:00,1387.0,1387.0,1387.0,1387.0,100,0.0,0.0
2024-06-18 10:15:00+09:00,1389.0,1389.0,1389.0,1389.0,200,0.0,0.0
2024-06-18 10:20:00+09:00,1392.0,1392.0,1392.0,1392.0,300,0.0,0.0
2024-06-18 10:25:00+09:00,1390.0,1390.0,1389.0,1389.0,300,0.0,0.0
2024-06-18 10:30:00+09:00,1388.0,1388.0,1388.0,1388.0,100,0.0,0.0
2024-06-18 10:35:00+09:00,1388.0,1388.0,1388.0,1388.0,100,0.0,0.0
2024-06-18 10:40:00+09:00,1388.0,1388.0,1388.0,1388.0,100,0.0,0.0
2024-06-18 10:45:00+09:00,1388.0,1390.0,1388.0,1390.0,400,0.0,0.0
2024-06-18 10:50:00+09:00,1390.0,1390.0,1390.0,1390.0,200,0.0,0.0
2024-06-18 10:55:00+09:00,1389.0,1389.0,1389.0,1389.0,100,0.0,0.0
2024-06-18 11:00:00+09:00,1389.0,1389.0,1389.0,1389.0,100,0.0,0.0
2024-06-18 11:15:00+09:00,1390.0,1390.0,1388.0,1388.0,1000,0.0,0.0
2024-06-18 11:20:00+09:00,1388.0,1388.0,1387.0,1387.0,200,0.0,0.0
2024-06-18 11:25:00+09:00,1390.0,1390.0,1386.0,1389.0,1200,0.0,0.0
2024-06-18 11:30:00+09:00,1389.0,1389.0,1389.0,1389.0,100,0.0,0.0
2024-06-18 11:35:00+09:00,1389.0,1389.0,1389.0,1389.0,0,0.0,0.0
2024-06-18 12:30:00+09:00,1386.0,1386.0,1378.0,1379.0,18300,0.0,0.0
2024-06-18 12:35:00+09:00,1379.0,1379.0,1377.0,1379.0,1400,0.0,0.0
2024-06-18 12:40:00+09:00,1380.0,1380.0,1380.0,1380.0,100,0.0,0.0
2024-06-18 12:45:00+09:00,1379.0,1379.0,1377.0,1378.0,700,0.0,0.0
2024-06-18 12:50:00+09:00,1378.0,1378.0,1378.0,1378.0,100,0.0,0.0
2024-06-18 13:05:00+09:00,1379.0,1380.0,1378.0,1378.0,600,0.0,0.0
2024-06-18 13:10:00+09:00,1376.0,1376.0,1376.0,1376.0,200,0.0,0.0
2024-06-18 13:15:00+09:00,1375.0,1376.0,1375.0,1375.0,600,0.0,0.0
2024-06-18 13:25:00+09:00,1375.0,1375.0,1375.0,1375.0,200,0.0,0.0
2024-06-18 13:35:00+09:00,1372.0,1373.0,1372.0,1373.0,400,0.0,0.0
2024-06-18 13:45:00+09:00,1373.0,1373.0,1373.0,1373.0,200,0.0,0.0
2024-06-18 13:50:00+09:00,1371.0,1372.0,1371.0,1372.0,400,0.0,0.0
2024-06-18 13:55:00+09:00,1373.0,1373.0,1372.0,1372.0,300,0.0,0.0
2024-06-18 14:00:00+09:00,1372.0,1372.0,1372.0,1372.0,100,0.0,0.0
2024-06-18 14:10:00+09:00,1372.0,1372.0,1369.0,1369.0,1000,0.0,0.0
2024-06-18 14:15:00+09:00,1373.0,1373.0,1373.0,1373.0,400,0.0,0.0
2024-06-18 14:20:00+09:00,1373.0,1374.0,1373.0,1374.0,300,0.0,0.0
2024-06-18 14:25:00+09:00,1375.0,1376.0,1375.0,1376.0,600,0.0,0.0
2024-06-18 14:30:00+09:00,1377.0,1378.0,1376.0,1376.0,800,0.0,0.0
2024-06-18 14:40:00+09:00,1377.0,1377.0,1375.0,1375.0,800,0.0,0.0
2024-06-18 14:45:00+09:00,1376.0,1376.0,1376.0,1376.0,300,0.0,0.0
2024-06-18 14:50:00+09:00,1378.0,1378.0,1378.0,1378.0,300,0.0,0.0
2024-06-18 14:55:00+09:00,1379.0,1379.0,1372.0,1372.0,2200,0.0,0.0
2024-06-19 09:00:00+09:00,1380.0,1383.0,1380.0,1383.0,1400,0.0,0.0
2024-06-19 09:05:00+09:00,1391.0,1391.0,1391.0,1391.0,200,0.0,0.0
2024-06-19 09:10:00+09:00,1392.0,1392.0,1382.0,1382.0,1400,0.0,0.0
2024-06-19 09:15:00+09:00,1389.0,1395.0,1389.0,1392.0,2200,0.0,0.0
2024-06-19 09:20:00+09:00,1392.0,1392.0,1392.0,1392.0,300,0.0,0.0
2024-06-19 09:25:00+09:00,1391.0,1391.0,1391.0,1391.0,100,0.0,0.0
2024-06-19 09:35:00+09:00,1392.0,1394.0,1392.0,1394.0,1600,0.0,0.0
2024-06-19 09:40:00+09:00,1395.0,1395.0,1395.0,1395.0,100,0.0,0.0
2024-06-19 09:45:00+09:00,1395.0,1396.0,1395.0,1396.0,300,0.0,0.0
2024-06-19 09:50:00+09:00,1396.0,1396.0,1396.0,1396.0,0,0.0,0.0
2024-06-19 09:55:00+09:00,1396.0,1396.0,1396.0,1396.0,7800,0.0,0.0
2024-06-19 10:00:00+09:00,1397.0,1398.0,1396.0,1396.0,1200,0.0,0.0
2024-06-19 10:10:00+09:00,1394.0,1394.0,1394.0,1394.0,100,0.0,0.0
2024-06-19 10:20:00+09:00,1396.0,1396.0,1396.0,1396.0,200,0.0,0.0
2024-06-19 10:40:00+09:00,1398.0,1399.0,1398.0,1399.0,200,0.0,0.0
2024-06-19 10:45:00+09:00,1399.0,1399.0,1396.0,1396.0,500,0.0,0.0
2024-06-19 10:50:00+09:00,1396.0,1397.0,1396.0,1397.0,600,0.0,0.0
2024-06-19 11:15:00+09:00,1396.0,1396.0,1396.0,1396.0,200,0.0,0.0
2024-06-19 11:25:00+09:00,1398.0,1398.0,1396.0,1396.0,400,0.0,0.0
2024-06-19 11:30:00+09:00,1399.0,1399.0,1399.0,1399.0,100,0.0,0.0
2024-06-19 11:35:00+09:00,1399.0,1399.0,1399.0,1399.0,0,0.0,0.0
2024-06-19 12:30:00+09:00,1399.0,1399.0,1396.0,1398.0,12500,0.0,0.0
2024-06-19 12:35:00+09:00,1398.0,1400.0,1397.0,1397.0,1300,0.0,0.0
2024-06-19 12:40:00+09:00,1397.0,1397.0,1397.0,1397.0,200,0.0,0.0
2024-06-19 12:45:00+09:00,1398.0,1398.0,1398.0,1398.0,200,0.0,0.0
2024-06-19 12:50:00+09:00,1398.0,1398.0,1398.0,1398.0,100,0.0,0.0
2024-06-19 13:00:00+09:00,1398.0,1398.0,1396.0,1396.0,800,0.0,0.0
2024-06-19 13:05:00+09:00,1398.0,1398.0,1398.0,1398.0,100,0.0,0.0
2024-06-19 13:25:00+09:00,1400.0,1400.0,1400.0,1400.0,300,0.0,0.0
2024-06-19 13:30:00+09:00,1400.0,1400.0,1400.0,1400.0,100,0.0,0.0
2024-06-19 13:35:00+09:00,1400.0,1400.0,1397.0,1397.0,1700,0.0,0.0
2024-06-19 13:40:00+09:00,1400.0,1400.0,1399.0,1399.0,1000,0.0,0.0
2024-06-19 13:45:00+09:00,1399.0,1399.0,1398.0,1398.0,800,0.0,0.0
2024-06-19 13:50:00+09:00,1400.0,1400.0,1400.0,1400.0,400,0.0,0.0
2024-06-19 14:00:00+09:00,1399.0,1400.0,1398.0,1400.0,1200,0.0,0.0
2024-06-19 14:05:00+09:00,1400.0,1400.0,1399.0,1399.0,1100,0.0,0.0
2024-06-19 14:10:00+09:00,1401.0,1401.0,1399.0,1400.0,600,0.0,0.0
2024-06-19 14:15:00+09:00,1400.0,1400.0,1400.0,1400.0,100,0.0,0.0
2024-06-19 14:20:00+09:00,1399.0,1399.0,1399.0,1399.0,100,0.0,0.0
2024-06-19 14:30:00+09:00,1400.0,1402.0,1399.0,1401.0,1500,0.0,0.0
2024-06-19 14:35:00+09:00,1402.0,1402.0,1402.0,1402.0,200,0.0,0.0
2024-06-19 14:40:00+09:00,1402.0,1402.0,1402.0,1402.0,200,0.0,0.0
2024-06-19 14:45:00+09:00,1403.0,1403.0,1401.0,1401.0,600,0.0,0.0
2024-06-19 14:50:00+09:00,1403.0,1404.0,1403.0,1404.0,300,0.0,0.0
2024-06-19 14:55:00+09:00,1404.0,1406.0,1401.0,1406.0,2100,0.0,0.0
2024-06-20 09:00:00+09:00,1408.0,1408.0,1408.0,1408.0,800,0.0,0.0
2024-06-20 09:05:00+09:00,1403.0,1403.0,1403.0,1403.0,200,0.0,0.0
2024-06-20 09:10:00+09:00,1405.0,1405.0,1402.0,1403.0,800,0.0,0.0
2024-06-20 09:15:00+09:00,1406.0,1408.0,1406.0,1408.0,200,0.0,0.0
2024-06-20 09:20:00+09:00,1408.0,1418.0,1408.0,1415.0,5000,0.0,0.0
2024-06-20 09:25:00+09:00,1416.0,1416.0,1414.0,1414.0,600,0.0,0.0
2024-06-20 09:30:00+09:00,1413.0,1415.0,1411.0,1413.0,1600,0.0,0.0
2024-06-20 09:35:00+09:00,1410.0,1410.0,1410.0,1410.0,100,0.0,0.0
2024-06-20 09:45:00+09:00,1409.0,1410.0,1408.0,1408.0,2700,0.0,0.0
2024-06-20 09:50:00+09:00,1411.0,1415.0,1411.0,1414.0,700,0.0,0.0
2024-06-20 10:00:00+09:00,1414.0,1414.0,1413.0,1413.0,600,0.0,0.0
2024-06-20 10:05:00+09:00,1412.0,1414.0,1411.0,1411.0,1500,0.0,0.0
2024-06-20 10:10:00+09:00,1415.0,1415.0,1413.0,1413.0,200,0.0,0.0
2024-06-20 10:20:00+09:00,1413.0,1418.0,1413.0,1418.0,1000,0.0,0.0
2024-06-20 10:25:00+09:00,1417.0,1417.0,1417.0,1417.0,100,0.0,0.0
2024-06-20 10:30:00+09:00,1419.0,1419.0,1418.0,1418.0,300,0.0,0.0
2024-06-20 10:35:00+09:00,1418.0,1418.0,1418.0,1418.0,100,0.0,0.0
2024-06-20 10:40:00+09:00,1419.0,1419.0,1416.0,1416.0,1400,0.0,0.0
2024-06-20 10:50:00+09:00,1416.0,1417.0,1416.0,1417.0,200,0.0,0.0
2024-06-20 10:55:00+09:00,1417.0,1417.0,1417.0,1417.0,300,0.0,0.0
2024-06-20 11:00:00+09:00,1418.0,1419.0,1416.0,1416.0,1000,0.0,0.0
2024-06-20 11:10:00+09:00,1417.0,1417.0,1417.0,1417.0,400,0.0,0.0
2024-06-20 11:15:00+09:00,1418.0,1423.0,1418.0,1423.0,3700,0.0,0.0
2024-06-20 11:20:00+09:00,1422.0,1422.0,1420.0,1422.0,600,0.0,0.0
2024-06-20 11:25:00+09:00,1421.0,1421.0,1421.0,1421.0,100,0.0,0.0
2024-06-20 11:35:00+09:00,1421.0,1421.0,1421.0,1421.0,0,0.0,0.0
2024-06-20 12:30:00+09:00,1422.0,1423.0,1422.0,1423.0,25100,0.0,0.0
2024-06-20 12:35:00+09:00,1423.0,1423.0,1423.0,1423.0,200,0.0,0.0
2024-06-20 12:40:00+09:00,1423.0,1423.0,1423.0,1423.0,500,0.0,0.0
2024-06-20 12:45:00+09:00,1424.0,1424.0,1424.0,1424.0,100,0.0,0.0
2024-06-20 12:50:00+09:00,1423.0,1425.0,1423.0,1425.0,200,0.0,0.0
2024-06-20 12:55:00+09:00,1425.0,1427.0,1425.0,1427.0,1000,0.0,0.0
2024-06-20 13:00:00+09:00,1428.0,1429.0,1426.0,1426.0,1300,0.0,0.0
2024-06-20 13:15:00+09:00,1427.0,1427.0,1427.0,1427.0,100,0.0,0.0
2024-06-20 13:20:00+09:00,1429.0,1432.0,1429.0,1430.0,4000,0.0,0.0
2024-06-20 13:30:00+09:00,1433.0,1435.0,1431.0,1435.0,1100,0.0,0.0
2024-06-20 13:35:00+09:00,1433.0,1433.0,1431.0,1433.0,800,0.0,0.0
2024-06-20 13:50:00+09:00,1437.0,1437.0,1434.0,1434.0,6100,0.0,0.0
2024-06-20 13:55:00+09:00,1437.0,1437.0,1434.0,1434.0,1200,0.0,0.0
2024-06-20 14:00:00+09:00,1434.0,1434.0,1432.0,1433.0,700,0.0,0.0
2024-06-20 14:05:00+09:00,1434.0,1434.0,1434.0,1434.0,100,0.0,0.0
2024-06-20 14:15:00+09:00,1435.0,1435.0,1435.0,1435.0,200,0.0,0.0
2024-06-20 14:20:00+09:00,1436.0,1436.0,1434.0,1434.0,500,0.0,0.0
2024-06-20 14:25:00+09:00,1434.0,1434.0,1434.0,1434.0,100,0.0,0.0
2024-06-20 14:35:00+09:00,1432.0,1432.0,1432.0,1432.0,100,0.0,0.0
2024-06-20 14:40:00+09:00,1434.0,1434.0,1434.0,1434.0,300,0.0,0.0
2024-06-20 14:45:00+09:00,1433.0,1433.0,1432.0,1433.0,500,0.0,0.0
2024-06-20 14:50:00+09:00,1431.0,1432.0,1431.0,1431.0,1100,0.0,0.0
2024-06-20 14:55:00+09:00,1433.0,1434.0,1429.0,1432.0,2100,0.0,0.0
2024-06-21 09:00:00+09:00,1440.0,1440.0,1439.0,1440.0,1800,0.0,0.0
2024-06-21 09:05:00+09:00,1440.0,1448.0,1440.0,1448.0,3900,0.0,0.0
2024-06-21 09:10:00+09:00,1447.0,1447.0,1446.0,1447.0,400,0.0,0.0
2024-06-21 09:15:00+09:00,1449.0,1453.0,1448.0,1453.0,2000,0.0,0.0
2024-06-21 09:20:00+09:00,1457.0,1459.0,1454.0,1454.0,900,0.0,0.0
2024-06-21 09:25:00+09:00,1454.0,1454.0,1452.0,1452.0,1400,0.0,0.0
2024-06-21 09:30:00+09:00,1453.0,1453.0,1453.0,1453.0,100,0.0,0.0
2024-06-21 09:35:00+09:00,1456.0,1456.0,1456.0,1456.0,200,0.0,0.0
2024-06-21 09:40:00+09:00,1456.0,1456.0,1453.0,1454.0,900,0.0,0.0
2024-06-21 09:45:00+09:00,1455.0,1455.0,1455.0,1455.0,800,0.0,0.0
2024-06-21 09:50:00+09:00,1454.0,1456.0,1454.0,1456.0,0,0.0,0.0
2024-06-21 09:55:00+09:00,1457.0,1462.0,1457.0,1459.0,15500,0.0,0.0
2024-06-21 10:00:00+09:00,1459.0,1459.0,1459.0,1459.0,100,0.0,0.0
2024-06-21 10:05:00+09:00,1458.0,1458.0,1456.0,1456.0,500,0.0,0.0
2024-06-21 10:10:00+09:00,1456.0,1458.0,1452.0,1458.0,4700,0.0,0.0
2024-06-21 10:15:00+09:00,1459.0,1459.0,1454.0,1454.0,1300,0.0,0.0
2024-06-21 10:20:00+09:00,1456.0,1456.0,1456.0,1456.0,100,0.0,0.0
2024-06-21 10:25:00+09:00,1457.0,1457.0,1455.0,1455.0,300,0.0,0.0
2024-06-21 10:30:00+09:00,1458.0,1458.0,1458.0,1458.0,100,0.0,0.0
2024-06-21 10:35:00+09:00,1456.0,1456.0,1452.0,1452.0,1200,0.0,0.0
2024-06-21 10:40:00+09:00,1453.0,1453.0,1452.0,1452.0,200,0.0,0.0
2024-06-21 10:45:00+09:00,1454.0,1454.0,1454.0,1454.0,100,0.0,0.0
2024-06-21 10:55:00+09:00,1453.0,1453.0,1453.0,1453.0,100,0.0,0.0
2024-06-21 11:00:00+09:00,1453.0,1453.0,1453.0,1453.0,100,0.0,0.0
2024-06-21 11:10:00+09:00,1454.0,1454.0,1454.0,1454.0,100,0.0,0.0
2024-06-21 11:25:00+09:00,1452.0,1452.0,1446.0,1447.0,2000,0.0,0.0
2024-06-21 11:35:00+09:00,1447.0,1447.0,1447.0,1447.0,0,0.0,0.0
2024-06-21 12:30:00+09:00,1449.0,1449.0,1449.0,1449.0,27600,0.0,0.0
2024-06-21 12:40:00+09:00,1443.0,1443.0,1443.0,1443.0,100,0.0,0.0
2024-06-21 12:45:00+09:00,1448.0,1448.0,1448.0,1448.0,100,0.0,0.0
2024-06-21 12:50:00+09:00,1448.0,1448.0,1438.0,1438.0,4200,0.0,0.0
2024-06-21 12:55:00+09:00,1441.0,1441.0,1441.0,1441.0,100,0.0,0.0
2024-06-21 13:00:00+09:00,1440.0,1440.0,1438.0,1438.0,300,0.0,0.0
2024-06-21 13:05:00+09:00,1440.0,1440.0,1440.0,1440.0,100,0.0,0.0
2024-06-21 13:10:00+09:00,1441.0,1441.0,1441.0,1441.0,200,0.0,0.0
2024-06-21 13:15:00+09:00,1441.0,1443.0,1440.0,1442.0,1100,0.0,0.0
2024-06-21 13:20:00+09:00,1442.0,1444.0,1442.0,1444.0,700,0.0,0.0
2024-06-21 13:25:00+09:00,1446.0,1446.0,1446.0,1446.0,100,0.0,0.0
2024-06-21 13:35:00+09:00,1445.0,1445.0,1443.0,1443.0,700,0.0,0.0
2024-06-21 13:45:00+09:00,1442.0,1444.0,1442.0,1444.0,400,0.0,0.0
2024-06-21 13:55:00+09:00,1443.0,1448.0,1443.0,1448.0,1000,0.0,0.0
2024-06-21 14:00:00+09:00,1446.0,1446.0,1445.0,1445.0,300,0.0,0.0
2024-06-21 14:05:00+09:00,1447.0,1447.0,1445.0,1445.0,400,0.0,0.0
2024-06-21 14:10:00+09:00,1445.0,1445.0,1445.0,1445.0,100,0.0,0.0
2024-06-21 14:20:00+09:00,1447.0,1447.0,1447.0,1447.0,100,0.0,0.0
2024-06-21 14:25:00+09:00,1445.0,1445.0,1442.0,1444.0,500,0.0,0.0
2024-06-21 14:30:00+09:00,1443.0,1445.0,1443.0,1445.0,600,0.0,0.0
2024-06-21 14:35:00+09:00,1445.0,1445.0,1442.0,1442.0,800,0.0,0.0
2024-06-21 14:40:00+09:00,1444.0,1444.0,1438.0,1442.0,0,0.0,0.0
2024-06-21 14:45:00+09:00,1443.0,1443.0,1443.0,1443.0,40500,0.0,0.0
2024-06-21 14:50:00+09:00,1443.0,1444.0,1441.0,1444.0,600,0.0,0.0
2024-06-21 14:55:00+09:00,1441.0,1444.0,1436.0,1444.0,1300,0.0,0.0
2024-06-24 09:00:00+09:00,1434.0,1436.0,1426.0,1427.0,3000,0.0,0.0
2024-06-24 09:05:00+09:00,1432.0,1432.0,1432.0,1432.0,100,0.0,0.0
2024-06-24 09:15:00+09:00,1432.0,1434.0,1432.0,1434.0,300,0.0,0.0
2024-06-24 09:20:00+09:00,1431.0,1434.0,1431.0,1433.0,1400,0.0,0.0
2024-06-24 09:25:00+09:00,1434.0,1434.0,1431.0,1431.0,500,0.0,0.0
2024-06-24 09:30:00+09:00,1439.0,1439.0,1431.0,1436.0,700,0.0,0.0
2024-06-24 09:35:00+09:00,1436.0,1436.0,1436.0,1436.0,300,0.0,0.0
2024-06-24 09:40:00+09:00,1438.0,1443.0,1438.0,1442.0,800,0.0,0.0
2024-06-24 09:45:00+09:00,1443.0,1445.0,1443.0,1445.0,400,0.0,0.0
2024-06-24 09:50:00+09:00,1445.0,1445.0,1445.0,1445.0,100,0.0,0.0
2024-06-24 09:55:00+09:00,1445.0,1446.0,1445.0,1446.0,400,0.0,0.0
2024-06-24 10:00:00+09:00,1444.0,1445.0,1444.0,1445.0,500,0.0,0.0
2024-06-24 10:05:00+09:00,1441.0,1441.0,1440.0,1440.0,500,0.0,0.0
2024-06-24 10:10:00+09:00,1437.0,1437.0,1437.0,1437.0,100,0.0,0.0
2024-06-24 10:20:00+09:00,1438.0,1438.0,1438.0,1438.0,100,0.0,0.0
2024-06-24 10:25:00+09:00,1440.0,1440.0,1440.0,1440.0,100,0.0,0.0
2024-06-24 10:30:00+09:00,1441.0,1442.0,1441.0,1442.0,200,0.0,0.0
2024-06-24 10:35:00+09:00,1442.0,1442.0,1441.0,1441.0,700,0.0,0.0
2024-06-24 10:45:00+09:00,1443.0,1446.0,1443.0,1446.0,200,0.0,0.0
2024-06-24 10:50:00+09:00,1444.0,1444.0,1443.0,1443.0,400,0.0,0.0
2024-06-24 10:55:00+09:00,1444.0,1444.0,1442.0,1442.0,300,0.0,0.0
2024-06-24 11:05:00+09:00,1440.0,1440.0,1440.0,1440.0,200,0.0,0.0
2024-06-24 11:10:00+09:00,1438.0,1438.0,1438.0,1438.0,100,0.0,0.0
2024-06-24 11:15:00+09:00,1438.0,1438.0,1437.0,1437.0,200,0.0,0.0
2024-06-24 11:20:00+09:00,1437.0,1437.0,1437.0,1437.0,100,0.0,0.0
2024-06-24 11:25:00+09:00,1438.0,1446.0,1438.0,1442.0,7000,0.0,0.0
2024-06-24 11:30:00+09:00,1445.0,1445.0,1445.0,1445.0,100,0.0,0.0
2024-06-24 11:35:00+09:00,1445.0,1445.0,1445.0,1445.0,0,0.0,0.0
2024-06-24 12:30:00+09:00,1445.0,1450.0,1445.0,1450.0,20800,0.0,0.0
2024-06-24 12:35:00+09:00,1450.0,1450.0,1441.0,1448.0,3900,0.0,0.0
2024-06-24 12:45:00+09:00,1447.0,1447.0,1447.0,1447.0,300,0.0,0.0
2024-06-24 12:50:00+09:00,1446.0,1446.0,1446.0,1446.0,400,0.0,0.0
2024-06-24 12:55:00+09:00,1443.0,1443.0,1443.0,1443.0,300,0.0,0.0
2024-06-24 13:05:00+09:00,1445.0,1446.0,1445.0,1445.0,600,0.0,0.0
2024-06-24 13:10:00+09:00,1446.0,1447.0,1446.0,1447.0,200,0.0,0.0
2024-06-24 13:15:00+09:00,1447.0,1447.0,1445.0,1446.0,800,0.0,0.0
2024-06-24 13:25:00+09:00,1447.0,1447.0,1446.0,1446.0,600,0.0,0.0
2024-06-24 13:30:00+09:00,1446.0,1446.0,1446.0,1446.0,100,0.0,0.0
2024-06-24 13:35:00+09:00,1446.0,1446.0,1446.0,1446.0,100,0.0,0.0
2024-06-24 13:40:00+09:00,1447.0,1447.0,1447.0,1447.0,100,0.0,0.0
2024-06-24 13:45:00+09:00,1446.0,1446.0,1444.0,1444.0,700,0.0,0.0
2024-06-24 13:55:00+09:00,1445.0,1445.0,1444.0,1444.0,600,0.0,0.0
2024-06-24 14:05:00+09:00,1443.0,1443.0,1443.0,1443.0,100,0.0,0.0
2024-06-24 14:10:00+09:00,1443.0,1445.0,1443.0,1443.0,400,0.0,0.0
2024-06-24 14:15:00+09:00,1442.0,1442.0,1442.0,1442.0,200,0.0,0.0
2024-06-24 14:20:00+09:00,1442.0,1443.0,1442.0,1443.0,300,0.0,0.0
2024-06-24 14:25:00+09:00,1444.0,1444.0,1442.0,1442.0,600,0.0,0.0
2024-06-24 14:30:00+09:00,1443.0,1443.0,1443.0,1443.0,200,0.0,0.0
2024-06-24 14:35:00+09:00,1444.0,1445.0,1444.0,1445.0,1100,0.0,0.0
2024-06-24 14:40:00+09:00,1445.0,1445.0,1445.0,1445.0,200,0.0,0.0
2024-06-24 14:45:00+09:00,1445.0,1445.0,1439.0,1439.0,4400,0.0,0.0
2024-06-24 14:50:00+09:00,1441.0,1441.0,1436.0,1437.0,3100,0.0,0.0
2024-06-24 14:55:00+09:00,1438.0,1449.0,1435.0,1442.0,2900,0.0,0.0
2024-06-25 09:00:00+09:00,1450.0,1457.0,1450.0,1457.0,10500,0.0,0.0
2024-06-25 09:05:00+09:00,1460.0,1463.0,1456.0,1463.0,1700,0.0,0.0
2024-06-25 09:10:00+09:00,1464.0,1466.0,1459.0,1461.0,2000,0.0,0.0
2024-06-25 09:15:00+09:00,1464.0,1465.0,1463.0,1465.0,2800,0.0,0.0
2024-06-25 09:20:00+09:00,1461.0,1464.0,1457.0,1461.0,2300,0.0,0.0
2024-06-25 09:25:00+09:00,1462.0,1462.0,1462.0,1462.0,800,0.0,0.0
2024-06-25 09:30:00+09:00,1464.0,1465.0,1464.0,1465.0,400,0.0,0.0
2024-06-25 09:35:00+09:00,1464.0,1464.0,1463.0,1463.0,400,0.0,0.0
2024-06-25 09:40:00+09:00,1461.0,1461.0,1461.0,1461.0,100,0.0,0.0
2024-06-25 09:45:00+09:00,1459.0,1459.0,1457.0,1457.0,400,0.0,0.0
2024-06-25 09:50:00+09:00,1460.0,1460.0,1459.0,1459.0,300,0.0,0.0
2024-06-25 09:55:00+09:00,1458.0,1458.0,1456.0,1456.0,0,0.0,0.0
2024-06-25 10:00:00+09:00,1459.0,1461.0,1459.0,1459.0,23100,0.0,0.0
2024-06-25 10:05:00+09:00,1458.0,1460.0,1458.0,1460.0,300,0.0,0.0
2024-06-25 10:15:00+09:00,1463.0,1464.0,1463.0,1464.0,200,0.0,0.0
2024-06-25 10:20:00+09:00,1464.0,1465.0,1464.0,1465.0,700,0.0,0.0
2024-06-25 10:25:00+09:00,1467.0,1471.0,1467.0,1470.0,900,0.0,0.0
2024-06-25 10:30:00+09:00,1469.0,1469.0,1469.0,1469.0,600,0.0,0.0
2024-06-25 10:35:00+09:00,1470.0,1472.0,1470.0,1472.0,700,0.0,0.0
2024-06-25 10:40:00+09:00,1472.0,1472.0,1468.0,1468.0,600,0.0,0.0
2024-06-25 10:45:00+09:00,1470.0,1471.0,1470.0,1470.0,400,0.0,0.0
2024-06-25 10:50:00+09:00,1469.0,1469.0,1465.0,1467.0,800,0.0,0.0
2024-06-25 10:55:00+09:00,1468.0,1468.0,1468.0,1468.0,200,0.0,0.0
2024-06-25 11:00:00+09:00,1467.0,1468.0,1467.0,1467.0,600,0.0,0.0
2024-06-25 11:05:00+09:00,1468.0,1468.0,1466.0,1466.0,700,0.0,0.0
2024-06-25 11:10:00+09:00,1466.0,1466.0,1464.0,1464.0,400,0.0,0.0
2024-06-25 11:15:00+09:00,1465.0,1465.0,1463.0,1463.0,400,0.0,0.0
2024-06-25 11:20:00+09:00,1460.0,1460.0,1455.0,1456.0,1100,0.0,0.0
2024-06-25 11:25:00+09:00,1455.0,1455.0,1455.0,1455.0,100,0.0,0.0
2024-06-25 11:30:00+09:00,1456.0,1456.0,1456.0,1456.0,400,0.0,0.0
2024-06-25 11:35:00+09:00,1456.0,1456.0,1456.0,1456.0,0,0.0,0.0
2024-06-25 12:30:00+09:00,1464.0,1464.0,1459.0,1459.0,34800,0.0,0.0
2024-06-25 12:35:00+09:00,1461.0,1461.0,1453.0,1453.0,900,0.0,0.0
2024-06-25 12:40:00+09:00,1454.0,1456.0,1454.0,1455.0,1100,0.0,0.0
2024-06-25 12:50:00+09:00,1455.0,1456.0,1455.0,1456.0,500,0.0,0.0
2024-06-25 12:55:00+09:00,1455.0,1457.0,1455.0,1457.0,400,0.0,0.0
2024-06-25 13:05:00+09:00,1457.0,1461.0,1457.0,1460.0,1400,0.0,0.0
2024-06-25 13:10:00+09:00,1461.0,1463.0,1461.0,1463.0,600,0.0,0.0
2024-06-25 13:15:00+09:00,1462.0,1462.0,1453.0,1458.0,13300,0.0,0.0
2024-06-25 13:20:00+09:00,1464.0,1464.0,1464.0,1464.0,100,0.0,0.0
2024-06-25 13:25:00+09:00,1462.0,1463.0,1462.0,1463.0,500,0.0,0.0
2024-06-25 13:30:00+09:00,1463.0,1463.0,1461.0,1461.0,400,0.0,0.0
2024-06-25 13:35:00+09:00,1462.0,1462.0,1461.0,1461.0,300,0.0,0.0
2024-06-25 13:45:00+09:00,1461.0,1461.0,1461.0,1461.0,700,0.0,0.0
2024-06-25 13:55:00+09:00,1462.0,1463.0,1462.0,1463.0,500,0.0,0.0
2024-06-25 14:00:00+09:00,1462.0,1462.0,1462.0,1462.0,300,0.0,0.0
2024-06-25 14:10:00+09:00,1462.0,1462.0,1460.0,1460.0,700,0.0,0.0
2024-06-25 14:15:00+09:00,1460.0,1461.0,1460.0,1461.0,400,0.0,0.0
2024-06-25 14:20:00+09:00,1460.0,1460.0,1459.0,1459.0,800,0.0,0.0
2024-06-25 14:25:00+09:00,1459.0,1461.0,1459.0,1461.0,700,0.0,0.0
2024-06-25 14:30:00+09:00,1461.0,1465.0,1461.0,1465.0,800,0.0,0.0
2024-06-25 14:35:00+09:00,1466.0,1467.0,1455.0,1462.0,9400,0.0,0.0
2024-06-25 14:40:00+09:00,1462.0,1463.0,1456.0,1458.0,3000,0.0,0.0
2024-06-25 14:45:00+09:00,1459.0,1460.0,1458.0,1458.0,2300,0.0,0.0
2024-06-25 14:50:00+09:00,1457.0,1459.0,1454.0,1458.0,3000,0.0,0.0
2024-06-25 14:55:00+09:00,1457.0,1464.0,1446.0,1447.0,9400,0.0,0.0
2024-06-26 09:00:00+09:00,1481.0,1482.0,1470.0,1475.0,6400,0.0,0.0
2024-06-26 09:05:00+09:00,1474.0,1474.0,1469.0,1469.0,1700,0.0,0.0
2024-06-26 09:10:00+09:00,1469.0,1469.0,1467.0,1469.0,600,0.0,0.0
2024-06-26 09:15:00+09:00,1470.0,1470.0,1470.0,1470.0,100,0.0,0.0
2024-06-26 09:20:00+09:00,1476.0,1477.0,1474.0,1476.0,700,0.0,0.0
2024-06-26 09:25:00+09:00,1474.0,1474.0,1470.0,1472.0,1700,0.0,0.0
2024-06-26 09:30:00+09:00,1471.0,1479.0,1470.0,1479.0,2000,0.0,0.0
2024-06-26 09:35:00+09:00,1478.0,1480.0,1475.0,1475.0,1300,0.0,0.0
2024-06-26 09:40:00+09:00,1478.0,1478.0,1478.0,1478.0,0,0.0,0.0
2024-06-26 09:50:00+09:00,1480.0,1488.0,1480.0,1488.0,17400,0.0,0.0
2024-06-26 09:55:00+09:00,1481.0,1489.0,1481.0,1489.0,2800,0.0,0.0
2024-06-26 10:00:00+09:00,1489.0,1497.0,1489.0,1497.0,1900,0.0,0.0
2024-06-26 10:05:00+09:00,1498.0,1507.0,1498.0,1507.0,0,0.0,0.0
2024-06-26 10:10:00+09:00,1506.0,1506.0,1503.0,1506.0,30200,0.0,0.0
2024-06-26 10:15:00+09:00,1505.0,1506.0,1503.0,1503.0,1900,0.0,0.0
2024-06-26 10:20:00+09:00,1503.0,1503.0,1498.0,1498.0,800,0.0,0.0
2024-06-26 10:25:00+09:00,1499.0,1501.0,1480.0,1490.0,11800,0.0,0.0
2024-06-26 10:30:00+09:00,1494.0,1495.0,1494.0,1495.0,300,0.0,0.0
2024-06-26 10:35:00+09:00,1498.0,1500.0,1498.0,1500.0,200,0.0,0.0
2024-06-26 10:40:00+09:00,1500.0,1500.0,1497.0,1497.0,700,0.0,0.0
2024-06-26 10:45:00+09:00,1498.0,1499.0,1497.0,1499.0,400,0.0,0.0
2024-06-26 10:55:00+09:00,1500.0,1504.0,1500.0,1504.0,1800,0.0,0.0
2024-06-26 11:00:00+09:00,1504.0,1505.0,1504.0,1505.0,700,0.0,0.0
2024-06-26 11:05:00+09:00,1505.0,1505.0,1504.0,1504.0,0,0.0,0.0
2024-06-26 11:10:00+09:00,1505.0,1505.0,1503.0,1503.0,50100,0.0,0.0
2024-06-26 11:15:00+09:00,1505.0,1507.0,1505.0,1506.0,1200,0.0,0.0
2024-06-26 11:20:00+09:00,1506.0,1506.0,1505.0,1505.0,200,0.0,0.0
2024-06-26 11:25:00+09:00,1503.0,1505.0,1503.0,1505.0,200,0.0,0.0
2024-06-26 11:30:00+09:00,1505.0,1505.0,1505.0,1505.0,100,0.0,0.0
2024-06-26 11:35:00+09:00,1505.0,1505.0,1505.0,1505.0,0,0.0,0.0
2024-06-26 12:30:00+09:00,1505.0,1507.0,1499.0,1499.0,54600,0.0,0.0
2024-06-26 12:35:00+09:00,1495.0,1495.0,1495.0,1495.0,100,0.0,0.0
2024-06-26 12:40:00+09:00,1495.0,1495.0,1492.0,1492.0,400,0.0,0.0
2024-06-26 12:45:00+09:00,1494.0,1498.0,1492.0,1498.0,600,0.0,0.0
2024-06-26 12:50:00+09:00,1497.0,1497.0,1497.0,1497.0,200,0.0,0.0
2024-06-26 12:55:00+09:00,1497.0,1497.0,1496.0,1496.0,1000,0.0,0.0
2024-06-26 13:00:00+09:00,1496.0,1496.0,1496.0,1496.0,200,0.0,0.0
2024-06-26 13:05:00+09:00,1496.0,1496.0,1495.0,1496.0,400,0.0,0.0
2024-06-26 13:15:00+09:00,1496.0,1496.0,1494.0,1496.0,900,0.0,0.0
2024-06-26 13:20:00+09:00,1496.0,1497.0,1496.0,1497.0,600,0.0,0.0
2024-06-26 13:25:00+09:00,1497.0,1497.0,1497.0,1497.0,1200,0.0,0.0
2024-06-26 13:30:00+09:00,1497.0,1497.0,1496.0,1497.0,400,0.0,0.0
2024-06-26 13:35:00+09:00,1497.0,1497.0,1496.0,1496.0,200,0.0,0.0
2024-06-26 13:40:00+09:00,1498.0,1499.0,1497.0,1497.0,800,0.0,0.0
2024-06-26 13:45:00+09:00,1497.0,1497.0,1495.0,1496.0,900,0.0,0.0
2024-06-26 13:50:00+09:00,1494.0,1494.0,1494.0,1494.0,100,0.0,0.0
2024-06-26 13:55:00+09:00,1494.0,1494.0,1494.0,1494.0,300,0.0,0.0
2024-06-26 14:00:00+09:00,1493.0,1495.0,1493.0,1495.0,400,0.0,0.0
2024-06-26 14:05:00+09:00,1494.0,1494.0,1494.0,1494.0,100,0.0,0.0
2024-06-26 14:10:00+09:00,1494.0,1495.0,1494.0,1495.0,200,0.0,0.0
2024-06-26 14:15:00+09:00,1495.0,1495.0,1495.0,1495.0,600,0.0,0.0
2024-06-26 14:20:00+09:00,1497.0,1497.0,1496.0,1496.0,1300,0.0,0.0
2024-06-26 14:25:00+09:00,1496.0,1496.0,1496.0,1496.0,100,0.0,0.0
2024-06-26 14:30:00+09:00,1496.0,1496.0,1495.0,1496.0,900,0.0,0.0
2024-06-26 14:35:00+09:00,1494.0,1495.0,1494.0,1495.0,300,0.0,0.0
2024-06-26 14:40:00+09:00,1495.0,1497.0,1493.0,1497.0,3400,0.0,0.0
2024-06-26 14:45:00+09:00,1498.0,1500.0,1498.0,1499.0,2500,0.0,0.0
2024-06-26 14:50:00+09:00,1499.0,1499.0,1497.0,1497.0,1300,0.0,0.0
2024-06-26 14:55:00+09:00,1499.0,1504.0,1499.0,1503.0,3600,0.0,0.0
2024-06-27 09:00:00+09:00,1500.0,1500.0,1480.0,1493.0,7500,0.0,0.0
2024-06-27 09:05:00+09:00,1493.0,1493.0,1487.0,1488.0,1800,0.0,0.0
2024-06-27 09:10:00+09:00,1486.0,1487.0,1486.0,1487.0,500,0.0,0.0
2024-06-27 09:20:00+09:00,1487.0,1487.0,1486.0,1487.0,400,0.0,0.0
2024-06-27 09:25:00+09:00,1486.0,1487.0,1485.0,1485.0,800,0.0,0.0
2024-06-27 09:35:00+09:00,1484.0,1485.0,1484.0,1485.0,700,0.0,0.0
2024-06-27 09:40:00+09:00,1485.0,1485.0,1484.0,1484.0,500,0.0,0.0
2024-06-27 09:50:00+09:00,1483.0,1483.0,1482.0,1482.0,300,0.0,0.0
2024-06-27 09:55:00+09:00,1481.0,1482.0,1479.0,1480.0,800,0.0,0.0
2024-06-27 10:00:00+09:00,1480.0,1480.0,1473.0,1473.0,900,0.0,0.0
2024-06-27 10:05:00+09:00,1473.0,1473.0,1469.0,1469.0,400,0.0,0.0
2024-06-27 10:10:00+09:00,1467.0,1470.0,1466.0,1469.0,700,0.0,0.0
2024-06-27 10:15:00+09:00,1471.0,1471.0,1471.0,1471.0,200,0.0,0.0
2024-06-27 10:20:00+09:00,1474.0,1476.0,1474.0,1476.0,300,0.0,0.0
2024-06-27 10:25:00+09:00,1477.0,1479.0,1476.0,1476.0,900,0.0,0.0
2024-06-27 10:35:00+09:00,1476.0,1477.0,1476.0,1477.0,200,0.0,0.0
2024-06-27 10:40:00+09:00,1476.0,1476.0,1476.0,1476.0,400,0.0,0.0
2024-06-27 10:50:00+09:00,1475.0,1475.0,1470.0,1470.0,1200,0.0,0.0
2024-06-27 10:55:00+09:00,1470.0,1472.0,1467.0,1472.0,1300,0.0,0.0
2024-06-27 11:00:00+09:00,1472.0,1472.0,1471.0,1471.0,500,0.0,0.0
2024-06-27 11:05:00+09:00,1473.0,1478.0,1473.0,1478.0,400,0.0,0.0
2024-06-27 11:10:00+09:00,1477.0,1477.0,1477.0,1477.0,200,0.0,0.0
2024-06-27 11:15:00+09:00,1478.0,1478.0,1477.0,1477.0,900,0.0,0.0
2024-06-27 11:30:00+09:00,1479.0,1479.0,1479.0,1479.0,100,0.0,0.0
2024-06-27 11:35:00+09:00,1479.0,1479.0,1479.0,1479.0,0,0.0,0.0
2024-06-27 12:30:00+09:00,1485.0,1485.0,1478.0,1478.0,23200,0.0,0.0
2024-06-27 12:35:00+09:00,1476.0,1477.0,1476.0,1477.0,400,0.0,0.0
2024-06-27 12:45:00+09:00,1478.0,1480.0,1478.0,1480.0,800,0.0,0.0
2024-06-27 12:50:00+09:00,1478.0,1478.0,1478.0,1478.0,300,0.0,0.0
2024-06-27 13:00:00+09:00,1476.0,1476.0,1475.0,1475.0,400,0.0,0.0
2024-06-27 13:05:00+09:00,1474.0,1474.0,1474.0,1474.0,200,0.0,0.0
2024-06-27 13:10:00+09:00,1475.0,1475.0,1470.0,1470.0,900,0.0,0.0
2024-06-27 13:15:00+09:00,1474.0,1475.0,1473.0,1473.0,300,0.0,0.0
2024-06-27 13:20:00+09:00,1473.0,1473.0,1473.0,1473.0,100,0.0,0.0
2024-06-27 13:25:00+09:00,1473.0,1473.0,1473.0,1473.0,200,0.0,0.0
2024-06-27 13:30:00+09:00,1473.0,1473.0,1473.0,1473.0,100,0.0,0.0
2024-06-27 13:35:00+09:00,1472.0,1472.0,1470.0,1470.0,400,0.0,0.0
2024-06-27 13:40:00+09:00,1469.0,1470.0,1468.0,1470.0,1400,0.0,0.0
2024-06-27 13:45:00+09:00,1471.0,1471.0,1469.0,1470.0,800,0.0,0.0
2024-06-27 13:50:00+09:00,1471.0,1472.0,1471.0,1472.0,900,0.0,0.0
2024-06-27 13:55:00+09:00,1474.0,1474.0,1473.0,1473.0,800,0.0,0.0
2024-06-27 14:00:00+09:00,1474.0,1475.0,1474.0,1475.0,400,0.0,0.0
2024-06-27 14:05:00+09:00,1474.0,1474.0,1473.0,1474.0,400,0.0,0.0
2024-06-27 14:10:00+09:00,1473.0,1473.0,1473.0,1473.0,600,0.0,0.0
2024-06-27 14:15:00+09:00,1474.0,1474.0,1474.0,1474.0,100,0.0,0.0
2024-06-27 14:20:00+09:00,1473.0,1473.0,1471.0,1471.0,800,0.0,0.0
2024-06-27 14:25:00+09:00,1474.0,1474.0,1473.0,1473.0,300,0.0,0.0
2024-06-27 14:30:00+09:00,1474.0,1476.0,1474.0,1476.0,600,0.0,0.0
2024-06-27 14:35:00+09:00,1476.0,1480.0,1476.0,1480.0,1100,0.0,0.0
2024-06-27 14:40:00+09:00,1479.0,1482.0,1479.0,1479.0,1500,0.0,0.0
2024-06-27 14:45:00+09:00,1478.0,1479.0,1476.0,1478.0,2600,0.0,0.0
2024-06-27 14:50:00+09:00,1477.0,1479.0,1476.0,1478.0,1100,0.0,0.0
2024-06-27 14:55:00+09:00,1477.0,1489.0,1475.0,1489.0,2500,0.0,0.0
2024-06-28 09:00:00+09:00,1500.0,1504.0,1493.0,1494.0,14800,0.0,0.0
2024-06-28 09:05:00+09:00,1493.0,1493.0,1493.0,1493.0,200,0.0,0.0
2024-06-28 09:10:00+09:00,1490.0,1490.0,1490.0,1490.0,100,0.0,0.0
2024-06-28 09:20:00+09:00,1488.0,1488.0,1488.0,1488.0,300,0.0,0.0
2024-06-28 09:30:00+09:00,1486.0,1486.0,1483.0,1483.0,900,0.0,0.0
2024-06-28 09:45:00+09:00,1486.0,1487.0,1484.0,1487.0,500,0.0,0.0
2024-06-28 09:55:00+09:00,1489.0,1489.0,1485.0,1487.0,800,0.0,0.0
2024-06-28 10:00:00+09:00,1487.0,1487.0,1479.0,1479.0,4200,0.0,0.0
2024-06-28 10:05:00+09:00,1476.0,1479.0,1475.0,1479.0,5600,0.0,0.0
2024-06-28 10:10:00+09:00,1479.0,1479.0,1475.0,1475.0,200,0.0,0.0
2024-06-28 10:15:00+09:00,1475.0,1475.0,1474.0,1474.0,300,0.0,0.0
2024-06-28 10:30:00+09:00,1474.0,1474.0,1469.0,1469.0,1100,0.0,0.0
2024-06-28 10:40:00+09:00,1468.0,1468.0,1468.0,1468.0,100,0.0,0.0
2024-06-28 10:45:00+09:00,1468.0,1468.0,1468.0,1468.0,100,0.0,0.0
2024-06-28 11:00:00+09:00,1468.0,1468.0,1468.0,1468.0,300,0.0,0.0
2024-06-28 11:05:00+09:00,1462.0,1466.0,1461.0,1464.0,700,0.0,0.0
2024-06-28 11:10:00+09:00,1463.0,1463.0,1463.0,1463.0,500,0.0,0.0
2024-06-28 11:15:00+09:00,1462.0,1463.0,1462.0,1463.0,200,0.0,0.0
2024-06-28 11:20:00+09:00,1462.0,1462.0,1462.0,1462.0,500,0.0,0.0
2024-06-28 11:25:00+09:00,1461.0,1461.0,1460.0,1460.0,700,0.0,0.0
2024-06-28 11:30:00+09:00,1462.0,1462.0,1462.0,1462.0,100,0.0,0.0
2024-06-28 11:35:00+09:00,1462.0,1462.0,1462.0,1462.0,0,0.0,0.0
2024-06-28 12:30:00+09:00,1461.0,1466.0,1461.0,1466.0,33300,0.0,0.0
2024-06-28 12:35:00+09:00,1466.0,1466.0,1461.0,1461.0,800,0.0,0.0
2024-06-28 12:40:00+09:00,1463.0,1463.0,1463.0,1463.0,100,0.0,0.0
2024-06-28 12:50:00+09:00,1461.0,1463.0,1458.0,1463.0,3400,0.0,0.0
2024-06-28 13:05:00+09:00,1464.0,1464.0,1464.0,1464.0,100,0.0,0.0
2024-06-28 13:15:00+09:00,1465.0,1466.0,1463.0,1466.0,600,0.0,0.0
2024-06-28 13:20:00+09:00,1465.0,1465.0,1465.0,1465.0,200,0.0,0.0
2024-06-28 13:25:00+09:00,1467.0,1467.0,1467.0,1467.0,100,0.0,0.0
2024-06-28 13:30:00+09:00,1465.0,1465.0,1465.0,1465.0,300,0.0,0.0
2024-06-28 13:35:00+09:00,1465.0,1465.0,1465.0,1465.0,100,0.0,0.0
2024-06-28 13:40:00+09:00,1465.0,1465.0,1465.0,1465.0,0,0.0,0.0
2024-06-28 13:45:00+09:00,1467.0,1468.0,1467.0,1468.0,39700,0.0,0.0
2024-06-28 13:50:00+09:00,1467.0,1475.0,1467.0,1475.0,2700,0.0,0.0
2024-06-28 13:55:00+09:00,1475.0,1475.0,1470.0,1470.0,1400,0.0,0.0
2024-06-28 14:00:00+09:00,1473.0,1473.0,1473.0,1473.0,100,0.0,0.0
2024-06-28 14:10:00+09:00,1474.0,1474.0,1473.0,1474.0,900,0.0,0.0
2024-06-28 14:15:00+09:00,1476.0,1476.0,1476.0,1476.0,100,0.0,0.0
2024-06-28 14:25:00+09:00,1474.0,1478.0,1474.0,1478.0,700,0.0,0.0
2024-06-28 14:30:00+09:00,1477.0,1478.0,1477.0,1478.0,900,0.0,0.0
2024-06-28 14:35:00+09:00,1480.0,1480.0,1480.0,1480.0,100,0.0,0.0
2024-06-28 14:40:00+09:00,1480.0,1480.0,1480.0,1480.0,100,0.0,0.0
2024-06-28 14:45:00+09:00,1478.0,1480.0,1478.0,1480.0,1100,0.0,0.0
2024-06-28 14:50:00+09:00,1480.0,1480.0,1478.0,1478.0,1800,0.0,0.0
2024-06-28 14:55:00+09:00,1478.0,1484.0,1476.0,1483.0,3400,0.0,0.0
2024-07-01 09:00:00+09:00,1483.0,1483.0,1469.0,1470.0,4600,0.0,0.0
2024-07-01 09:05:00+09:00,1470.0,1470.0,1462.0,1469.0,1000,0.0,0.0
2024-07-01 09:10:00+09:00,1471.0,1471.0,1471.0,1471.0,100,0.0,0.0
2024-07-01 09:15:00+09:00,1470.0,1471.0,1468.0,1468.0,1800,0.0,0.0
2024-07-01 09:20:00+09:00,1470.0,1478.0,1468.0,1476.0,4000,0.0,0.0
2024-07-01 09:30:00+09:00,1477.0,1477.0,1473.0,1474.0,1400,0.0,0.0
2024-07-01 09:35:00+09:00,1473.0,1473.0,1473.0,1473.0,1000,0.0,0.0
2024-07-01 09:40:00+09:00,1473.0,1473.0,1473.0,1473.0,300,0.0,0.0
2024-07-01 09:50:00+09:00,1474.0,1474.0,1474.0,1474.0,100,0.0,0.0
2024-07-01 09:55:00+09:00,1475.0,1479.0,1475.0,1477.0,500,0.0,0.0
2024-07-01 10:00:00+09:00,1478.0,1478.0,1478.0,1478.0,100,0.0,0.0
2024-07-01 10:10:00+09:00,1479.0,1479.0,1479.0,1479.0,100,0.0,0.0
2024-07-01 10:20:00+09:00,1480.0,1480.0,1480.0,1480.0,100,0.0,0.0
2024-07-01 10:25:00+09:00,1479.0,1479.0,1479.0,1479.0,200,0.0,0.0
2024-07-01 10:30:00+09:00,1477.0,1477.0,1477.0,1477.0,200,0.0,0.0
2024-07-01 10:35:00+09:00,1477.0,1477.0,1477.0,1477.0,300,0.0,0.0
2024-07-01 10:40:00+09:00,1475.0,1475.0,1475.0,1475.0,100,0.0,0.0
2024-07-01 10:50:00+09:00,1473.0,1477.0,1473.0,1476.0,700,0.0,0.0
2024-07-01 10:55:00+09:00,1478.0,1478.0,1478.0,1478.0,400,0.0,0.0
2024-07-01 11:00:00+09:00,1480.0,1481.0,1474.0,1474.0,2300,0.0,0.0
2024-07-01 11:05:00+09:00,1476.0,1476.0,1476.0,1476.0,100,0.0,0.0
2024-07-01 11:10:00+09:00,1476.0,1476.0,1476.0,1476.0,200,0.0,0.0
2024-07-01 11:35:00+09:00,1476.0,1476.0,1476.0,1476.0,0,0.0,0.0
2024-07-01 12:30:00+09:00,1476.0,1480.0,1476.0,1480.0,20500,0.0,0.0
2024-07-01 12:40:00+09:00,1480.0,1483.0,1480.0,1483.0,500,0.0,0.0
2024-07-01 12:45:00+09:00,1485.0,1488.0,1485.0,1486.0,1300,0.0,0.0
2024-07-01 12:50:00+09:00,1486.0,1486.0,1486.0,1486.0,1700,0.0,0.0
2024-07-01 12:55:00+09:00,1487.0,1488.0,1487.0,1488.0,200,0.0,0.0
2024-07-01 13:15:00+09:00,1488.0,1488.0,1488.0,1488.0,300,0.0,0.0
2024-07-01 13:20:00+09:00,1489.0,1490.0,1489.0,1490.0,2700,0.0,0.0
2024-07-01 13:25:00+09:00,1491.0,1493.0,1490.0,1492.0,1100,0.0,0.0
2024-07-01 13:30:00+09:00,1492.0,1493.0,1492.0,1493.0,200,0.0,0.0
2024-07-01 13:40:00+09:00,1493.0,1493.0,1493.0,1493.0,300,0.0,0.0
2024-07-01 13:45:00+09:00,1496.0,1498.0,1496.0,1498.0,1300,0.0,0.0
2024-07-01 13:50:00+09:00,1498.0,1498.0,1498.0,1498.0,200,0.0,0.0
2024-07-01 13:55:00+09:00,1496.0,1496.0,1494.0,1496.0,3500,0.0,0.0
2024-07-01 14:05:00+09:00,1494.0,1494.0,1493.0,1493.0,400,0.0,0.0
2024-07-01 14:10:00+09:00,1493.0,1493.0,1493.0,1493.0,200,0.0,0.0
2024-07-01 14:15:00+09:00,1493.0,1493.0,1493.0,1493.0,200,0.0,0.0
2024-07-01 14:30:00+09:00,1496.0,1496.0,1492.0,1493.0,1300,0.0,0.0
2024-07-01 14:35:00+09:00,1492.0,1494.0,1492.0,1494.0,600,0.0,0.0
2024-07-01 14:40:00+09:00,1495.0,1495.0,1495.0,1495.0,500,0.0,0.0
2024-07-01 14:45:00+09:00,1496.0,1496.0,1495.0,1495.0,400,0.0,0.0
2024-07-01 14:50:00+09:00,1496.0,1498.0,1495.0,1496.0,1700,0.0,0.0
2024-07-01 14:55:00+09:00,1495.0,1500.0,1494.0,1500.0,2200,0.0,0.0
2024-07-02 09:00:00+09:00,1500.0,1500.0,1500.0,1500.0,1100,0.0,0.0
2024-07-02 09:20:00+09:00,1499.0,1504.0,1499.0,1501.0,1700,0.0,0.0
2024-07-02 09:35:00+09:00,1504.0,1504.0,1503.0,1503.0,300,0.0,0.0
2024-07-02 09:45:00+09:00,1500.0,1502.0,1498.0,1502.0,1300,0.0,0.0
2024-07-02 09:55:00+09:00,1504.0,1504.0,1504.0,1504.0,100,0.0,0.0
2024-07-02 10:00:00+09:00,1502.0,1502.0,1500.0,1500.0,400,0.0,0.0
2024-07-02 10:10:00+09:00,1503.0,1506.0,1503.0,1506.0,800,0.0,0.0
2024-07-02 10:15:00+09:00,1508.0,1508.0,1508.0,1508.0,100,0.0,0.0
2024-07-02 10:20:00+09:00,1507.0,1507.0,1505.0,1505.0,200,0.0,0.0
2024-07-02 10:25:00+09:00,1505.0,1505.0,1505.0,1505.0,300,0.0,0.0
2024-07-02 10:30:00+09:00,1505.0,1505.0,1505.0,1505.0,400,0.0,0.0
2024-07-02 10:35:00+09:00,1505.0,1505.0,1504.0,1504.0,200,0.0,0.0
2024-07-02 10:40:00+09:00,1507.0,1508.0,1507.0,1507.0,600,0.0,0.0
2024-07-02 10:45:00+09:00,1509.0,1509.0,1506.0,1508.0,500,0.0,0.0
2024-07-02 10:55:00+09:00,1505.0,1507.0,1504.0,1507.0,900,0.0,0.0
2024-07-02 11:00:00+09:00,1507.0,1509.0,1507.0,1509.0,800,0.0,0.0
2024-07-02 11:05:00+09:00,1508.0,1508.0,1507.0,1507.0,400,0.0,0.0
2024-07-02 11:15:00+09:00,1504.0,1504.0,1504.0,1504.0,200,0.0,0.0
2024-07-02 11:20:00+09:00,1502.0,1502.0,1501.0,1501.0,400,0.0,0.0
2024-07-02 11:25:00+09:00,1500.0,1500.0,1500.0,1500.0,100,0.0,0.0
2024-07-02 11:30:00+09:00,1500.0,1500.0,1500.0,1500.0,100,0.0,0.0
2024-07-02 11:35:00+09:00,1500.0,1500.0,1500.0,1500.0,0,0.0,0.0
2024-07-02 12:30:00+09:00,1500.0,1501.0,1494.0,1499.0,14500,0.0,0.0
2024-07-02 12:35:00+09:00,1498.0,1498.0,1498.0,1498.0,100,0.0,0.0
2024-07-02 12:50:00+09:00,1497.0,1497.0,1496.0,1496.0,700,0.0,0.0
2024-07-02 13:00:00+09:00,1495.0,1496.0,1495.0,1495.0,400,0.0,0.0
2024-07-02 13:05:00+09:00,1497.0,1497.0,1497.0,1497.0,100,0.0,0.0
2024-07-02 13:10:00+09:00,1496.0,1496.0,1496.0,1496.0,100,0.0,0.0
2024-07-02 13:15:00+09:00,1497.0,1497.0,1497.0,1497.0,100,0.0,0.0
2024-07-02 13:20:00+09:00,1496.0,1496.0,1491.0,1491.0,700,0.0,0.0
2024-07-02 13:35:00+09:00,1493.0,1493.0,1487.0,1487.0,300,0.0,0.0
2024-07-02 13:40:00+09:00,1488.0,1488.0,1488.0,1488.0,0,0.0,0.0
2024-07-02 13:45:00+09:00,1490.0,1490.0,1490.0,1490.0,17700,0.0,0.0
2024-07-02 13:50:00+09:00,1488.0,1488.0,1488.0,1488.0,100,0.0,0.0
2024-07-02 13:55:00+09:00,1488.0,1488.0,1486.0,1487.0,500,0.0,0.0
2024-07-02 14:05:00+09:00,1489.0,1489.0,1489.0,1489.0,100,0.0,0.0
2024-07-02 14:10:00+09:00,1490.0,1490.0,1490.0,1490.0,300,0.0,0.0
2024-07-02 14:15:00+09:00,1488.0,1488.0,1487.0,1487.0,700,0.0,0.0
2024-07-02 14:20:00+09:00,1490.0,1490.0,1488.0,1489.0,800,0.0,0.0
2024-07-02 14:25:00+09:00,1489.0,1489.0,1489.0,1489.0,100,0.0,0.0
2024-07-02 14:35:00+09:00,1492.0,1492.0,1492.0,1492.0,300,0.0,0.0
2024-07-02 14:45:00+09:00,1493.0,1493.0,1492.0,1493.0,600,0.0,0.0
2024-07-02 14:50:00+09:00,1494.0,1494.0,1493.0,1493.0,0,0.0,0.0
2024-07-02 14:55:00+09:00,1492.0,1493.0,1488.0,1488.0,22500,0.0,0.0
2024-07-03 09:00:00+09:00,1463.0,1484.0,1463.0,1484.0,2600,0.0,0.0
2024-07-03 09:20:00+09:00,1486.0,1488.0,1486.0,1488.0,1300,0.0,0.0
2024-07-03 09:25:00+09:00,1492.0,1492.0,1489.0,1489.0,300,0.0,0.0
2024-07-03 09:30:00+09:00,1495.0,1495.0,1495.0,1495.0,100,0.0,0.0
2024-07-03 09:50:00+09:00,1486.0,1486.0,1486.0,1486.0,200,0.0,0.0
2024-07-03 10:00:00+09:00,1490.0,1491.0,1490.0,1491.0,300,0.0,0.0
2024-07-03 10:05:00+09:00,1489.0,1489.0,1489.0,1489.0,200,0.0,0.0
2024-07-03 10:25:00+09:00,1491.0,1491.0,1491.0,1491.0,100,0.0,0.0
2024-07-03 11:00:00+09:00,1489.0,1489.0,1489.0,1489.0,100,0.0,0.0
2024-07-03 11:10:00+09:00,1493.0,1495.0,1493.0,1495.0,400,0.0,0.0
2024-07-03 11:20:00+09:00,1495.0,1495.0,1493.0,1493.0,800,0.0,0.0
2024-07-03 11:25:00+09:00,1494.0,1494.0,1494.0,1494.0,200,0.0,0.0
2024-07-03 11:30:00+09:00,1494.0,1494.0,1494.0,1494.0,1200,0.0,0.0
2024-07-03 11:35:00+09:00,1494.0,1494.0,1494.0,1494.0,0,0.0,0.0
2024-07-03 12:30:00+09:00,1486.0,1499.0,1486.0,1488.0,10600,0.0,0.0
2024-07-03 12:35:00+09:00,1484.0,1484.0,1484.0,1484.0,100,0.0,0.0
2024-07-03 12:40:00+09:00,1483.0,1485.0,1483.0,1485.0,200,0.0,0.0
2024-07-03 13:10:00+09:00,1478.0,1478.0,1474.0,1474.0,500,0.0,0.0
2024-07-03 13:20:00+09:00,1475.0,1475.0,1475.0,1475.0,200,0.0,0.0
2024-07-03 13:30:00+09:00,1474.0,1478.0,1474.0,1478.0,200,0.0,0.0
2024-07-03 13:35:00+09:00,1476.0,1477.0,1473.0,1473.0,2600,0.0,0.0
2024-07-03 13:40:00+09:00,1476.0,1481.0,1476.0,1481.0,800,0.0,0.0
2024-07-03 13:50:00+09:00,1481.0,1481.0,1481.0,1481.0,100,0.0,0.0
2024-07-03 13:55:00+09:00,1482.0,1482.0,1482.0,1482.0,200,0.0,0.0
2024-07-03 14:10:00+09:00,1482.0,1482.0,1480.0,1480.0,300,0.0,0.0
2024-07-03 14:15:00+09:00,1480.0,1480.0,1480.0,1480.0,100,0.0,0.0
2024-07-03 14:20:00+09:00,1479.0,1480.0,1479.0,1480.0,200,0.0,0.0
2024-07-03 14:25:00+09:00,1481.0,1481.0,1481.0,1481.0,400,0.0,0.0
2024-07-03 14:30:00+09:00,1483.0,1483.0,1483.0,1483.0,100,0.0,0.0
2024-07-03 14:35:00+09:00,1483.0,1483.0,1483.0,1483.0,200,0.0,0.0
2024-07-03 14:45:00+09:00,1485.0,1487.0,1485.0,1485.0,800,0.0,0.0
2024-07-03 14:50:00+09:00,1484.0,1484.0,1480.0,1480.0,1500,0.0,0.0
2024-07-03 14:55:00+09:00,1481.0,1482.0,1479.0,1479.0,1000,0.0,0.0
2024-07-04 09:00:00+09:00,1491.0,1491.0,1491.0,1491.0,500,0.0,0.0
2024-07-04 09:05:00+09:00,1491.0,1491.0,1491.0,1491.0,100,0.0,0.0
2024-07-04 09:10:00+09:00,1494.0,1494.0,1490.0,1490.0,300,0.0,0.0
2024-07-04 09:15:00+09:00,1490.0,1490.0,1488.0,1490.0,400,0.0,0.0
2024-07-04 09:20:00+09:00,1490.0,1494.0,1490.0,1494.0,300,0.0,0.0
2024-07-04 09:35:00+09:00,1491.0,1492.0,1491.0,1492.0,300,0.0,0.0
2024-07-04 09:40:00+09:00,1495.0,1505.0,1495.0,1497.0,4400,0.0,0.0
2024-07-04 09:45:00+09:00,1499.0,1500.0,1499.0,1500.0,400,0.0,0.0
2024-07-04 09:50:00+09:00,1499.0,1499.0,1497.0,1497.0,1000,0.0,0.0
2024-07-04 09:55:00+09:00,1500.0,1500.0,1495.0,1496.0,1100,0.0,0.0
2024-07-04 10:05:00+09:00,1495.0,1495.0,1495.0,1495.0,200,0.0,0.0
2024-07-04 10:10:00+09:00,1493.0,1493.0,1493.0,1493.0,100,0.0,0.0
2024-07-04 10:15:00+09:00,1494.0,1494.0,1494.0,1494.0,200,0.0,0.0
2024-07-04 10:20:00+09:00,1493.0,1493.0,1493.0,1493.0,100,0.0,0.0
2024-07-04 10:35:00+09:00,1492.0,1492.0,1492.0,1492.0,200,0.0,0.0
2024-07-04 10:45:00+09:00,1491.0,1491.0,1491.0,1491.0,200,0.0,0.0
2024-07-04 10:55:00+09:00,1491.0,1491.0,1487.0,1489.0,4900,0.0,0.0
2024-07-04 11:00:00+09:00,1486.0,1486.0,1486.0,1486.0,300,0.0,0.0
2024-07-04 11:10:00+09:00,1487.0,1488.0,1484.0,1488.0,1700,0.0,0.0
2024-07-04 11:20:00+09:00,1488.0,1488.0,1485.0,1485.0,1000,0.0,0.0
2024-07-04 11:25:00+09:00,1485.0,1485.0,1485.0,1485.0,100,0.0,0.0
2024-07-04 11:30:00+09:00,1483.0,1483.0,1483.0,1483.0,200,0.0,0.0
2024-07-04 11:35:00+09:00,1483.0,1483.0,1483.0,1483.0,0,0.0,0.0
2024-07-04 12:30:00+09:00,1486.0,1489.0,1486.0,1489.0,19100,0.0,0.0
2024-07-04 12:35:00+09:00,1490.0,1492.0,1490.0,1492.0,600,0.0,0.0
2024-07-04 12:40:00+09:00,1490.0,1492.0,1490.0,1492.0,200,0.0,0.0
2024-07-04 12:50:00+09:00,1490.0,1492.0,1490.0,1490.0,700,0.0,0.0
2024-07-04 13:05:00+09:00,1489.0,1489.0,1488.0,1489.0,400,0.0,0.0
2024-07-04 13:10:00+09:00,1490.0,1492.0,1489.0,1492.0,1600,0.0,0.0
2024-07-04 13:15:00+09:00,1492.0,1493.0,1492.0,1493.0,300,0.0,0.0
2024-07-04 13:20:00+09:00,1494.0,1494.0,1492.0,1492.0,500,0.0,0.0
2024-07-04 13:25:00+09:00,1494.0,1494.0,1494.0,1494.0,100,0.0,0.0
2024-07-04 13:30:00+09:00,1493.0,1493.0,1493.0,1493.0,200,0.0,0.0
2024-07-04 13:35:00+09:00,1493.0,1493.0,1491.0,1491.0,1000,0.0,0.0
2024-07-04 13:40:00+09:00,1492.0,1494.0,1492.0,1494.0,600,0.0,0.0
2024-07-04 13:55:00+09:00,1493.0,1494.0,1493.0,1494.0,700,0.0,0.0
2024-07-04 14:00:00+09:00,1495.0,1495.0,1495.0,1495.0,1500,0.0,0.0
2024-07-04 14:05:00+09:00,1493.0,1493.0,1493.0,1493.0,100,0.0,0.0
2024-07-04 14:15:00+09:00,1494.0,1494.0,1494.0,1494.0,100,0.0,0.0
2024-07-04 14:25:00+09:00,1493.0,1493.0,1493.0,1493.0,200,0.0,0.0
2024-07-04 14:30:00+09:00,1492.0,1492.0,1491.0,1491.0,400,0.0,0.0
2024-07-04 14:35:00+09:00,1490.0,1493.0,1490.0,1493.0,800,0.0,0.0
2024-07-04 14:40:00+09:00,1493.0,1493.0,1493.0,1493.0,100,0.0,0.0
2024-07-04 14:45:00+09:00,1494.0,1494.0,1494.0,1494.0,200,0.0,0.0
2024-07-04 14:50:00+09:00,1493.0,1493.0,1493.0,1493.0,100,0.0,0.0
2024-07-04 14:55:00+09:00,1494.0,1496.0,1494.0,1494.0,1200,0.0,0.0
2024-07-05 09:00:00+09:00,1493.0,1493.0,1493.0,1493.0,300,0.0,0.0
2024-07-05 09:20:00+09:00,1492.0,1492.0,1492.0,1492.0,100,0.0,0.0
2024-07-05 09:30:00+09:00,1490.0,1490.0,1490.0,1490.0,100,0.0,0.0
2024-07-05 09:35:00+09:00,1488.0,1488.0,1485.0,1485.0,600,0.0,0.0
2024-07-05 09:40:00+09:00,1483.0,1483.0,1482.0,1482.0,400,0.0,0.0
2024-07-05 09:45:00+09:00,1483.0,1483.0,1483.0,1483.0,200,0.0,0.0
2024-07-05 09:50:00+09:00,1483.0,1483.0,1483.0,1483.0,500,0.0,0.0
2024-07-05 10:05:00+09:00,1481.0,1481.0,1479.0,1479.0,1300,0.0,0.0
2024-07-05 10:15:00+09:00,1476.0,1476.0,1475.0,1476.0,300,0.0,0.0
2024-07-05 10:20:00+09:00,1474.0,1474.0,1474.0,1474.0,900,0.0,0.0
2024-07-05 10:30:00+09:00,1477.0,1478.0,1477.0,1478.0,500,0.0,0.0
2024-07-05 10:50:00+09:00,1473.0,1473.0,1473.0,1473.0,100,0.0,0.0
2024-07-05 10:55:00+09:00,1473.0,1473.0,1471.0,1471.0,1100,0.0,0.0
2024-07-05 11:00:00+09:00,1471.0,1471.0,1466.0,1466.0,2000,0.0,0.0
2024-07-05 11:15:00+09:00,1467.0,1468.0,1467.0,1468.0,300,0.0,0.0
2024-07-05 11:25:00+09:00,1469.0,1470.0,1469.0,1470.0,300,0.0,0.0
2024-07-05 11:30:00+09:00,1471.0,1471.0,1471.0,1471.0,100,0.0,0.0
2024-07-05 11:35:00+09:00,1471.0,1471.0,1471.0,1471.0,0,0.0,0.0
2024-07-05 12:30:00+09:00,1467.0,1467.0,1467.0,1467.0,9700,0.0,0.0
2024-07-05 12:35:00+09:00,1466.0,1467.0,1464.0,1466.0,2500,0.0,0.0
2024-07-05 12:40:00+09:00,1463.0,1465.0,1463.0,1465.0,1500,0.0,0.0
2024-07-05 12:45:00+09:00,1466.0,1466.0,1466.0,1466.0,1100,0.0,0.0
2024-07-05 12:50:00+09:00,1465.0,1465.0,1465.0,1465.0,100,0.0,0.0
2024-07-05 13:00:00+09:00,1465.0,1465.0,1465.0,1465.0,500,0.0,0.0
2024-07-05 13:10:00+09:00,1465.0,1466.0,1465.0,1466.0,500,0.0,0.0
2024-07-05 13:15:00+09:00,1467.0,1474.0,1467.0,1474.0,1500,0.0,0.0
2024-07-05 13:30:00+09:00,1473.0,1473.0,1473.0,1473.0,400,0.0,0.0
2024-07-05 13:35:00+09:00,1470.0,1472.0,1470.0,1472.0,600,0.0,0.0
2024-07-05 13:55:00+09:00,1472.0,1473.0,1472.0,1473.0,200,0.0,0.0
2024-07-05 14:00:00+09:00,1473.0,1474.0,1473.0,1474.0,600,0.0,0.0
2024-07-05 14:05:00+09:00,1473.0,1473.0,1473.0,1473.0,100,0.0,0.0
2024-07-05 14:15:00+09:00,1472.0,1475.0,1472.0,1475.0,300,0.0,0.0
2024-07-05 14:30:00+09:00,1471.0,1472.0,1471.0,1472.0,300,0.0,0.0
2024-07-05 14:35:00+09:00,1470.0,1473.0,1470.0,1473.0,400,0.0,0.0
2024-07-05 14:40:00+09:00,1472.0,1472.0,1471.0,1472.0,500,0.0,0.0
2024-07-05 14:45:00+09:00,1471.0,1472.0,1471.0,1472.0,400,0.0,0.0
2024-07-05 14:50:00+09:00,1473.0,1473.0,1473.0,1473.0,200,0.0,0.0
2024-07-05 14:55:00+09:00,1473.0,1476.0,1471.0,1471.0,1300,0.0,0.0
2024-07-08 09:00:00+09:00,1489.0,1489.0,1476.0,1486.0,4300,0.0,0.0
2024-07-08 09:05:00+09:00,1481.0,1483.0,1478.0,1481.0,1100,0.0,0.0
2024-07-08 09:15:00+09:00,1479.0,1479.0,1475.0,1475.0,1000,0.0,0.0
2024-07-08 09:25:00+09:00,1474.0,1475.0,1474.0,1475.0,400,0.0,0.0
2024-07-08 09:30:00+09:00,1473.0,1473.0,1472.0,1472.0,200,0.0,0.0
2024-07-08 09:35:00+09:00,1472.0,1472.0,1471.0,1471.0,300,0.0,0.0
2024-07-08 09:40:00+09:00,1471.0,1471.0,1469.0,1469.0,500,0.0,0.0
2024-07-08 09:45:00+09:00,1470.0,1470.0,1468.0,1470.0,1000,0.0,0.0
2024-07-08 10:20:00+09:00,1471.0,1471.0,1471.0,1471.0,0,0.0,0.0
2024-07-08 10:35:00+09:00,1472.0,1473.0,1472.0,1472.0,9300,0.0,0.0
2024-07-08 10:45:00+09:00,1476.0,1476.0,1476.0,1476.0,100,0.0,0.0
2024-07-08 10:55:00+09:00,1474.0,1474.0,1472.0,1472.0,200,0.0,0.0
2024-07-08 11:00:00+09:00,1471.0,1471.0,1470.0,1470.0,300,0.0,0.0
2024-07-08 11:05:00+09:00,1470.0,1470.0,1465.0,1468.0,3400,0.0,0.0
2024-07-08 11:10:00+09:00,1468.0,1470.0,1467.0,1470.0,400,0.0,0.0
2024-07-08 11:15:00+09:00,1471.0,1472.0,1471.0,1472.0,600,0.0,0.0
2024-07-08 11:20:00+09:00,1471.0,1479.0,1471.0,1479.0,2900,0.0,0.0
2024-07-08 11:25:00+09:00,1479.0,1480.0,1479.0,1480.0,400,0.0,0.0
2024-07-08 11:35:00+09:00,1480.0,1480.0,1480.0,1480.0,0,0.0,0.0
2024-07-08 12:30:00+09:00,1480.0,1481.0,1480.0,1481.0,18400,0.0,0.0
2024-07-08 12:35:00+09:00,1482.0,1482.0,1482.0,1482.0,0,0.0,0.0
2024-07-08 12:40:00+09:00,1482.0,1482.0,1482.0,1482.0,18700,0.0,0.0
2024-07-08 12:45:00+09:00,1482.0,1483.0,1482.0,1483.0,200,0.0,0.0
2024-07-08 12:50:00+09:00,1483.0,1483.0,1482.0,1482.0,300,0.0,0.0
2024-07-08 12:55:00+09:00,1481.0,1481.0,1481.0,1481.0,200,0.0,0.0
2024-07-08 13:25:00+09:00,1481.0,1481.0,1479.0,1479.0,200,0.0,0.0
2024-07-08 13:40:00+09:00,1481.0,1482.0,1480.0,1482.0,800,0.0,0.0
2024-07-08 13:45:00+09:00,1481.0,1482.0,1481.0,1482.0,400,0.0,0.0
2024-07-08 13:55:00+09:00,1482.0,1482.0,1481.0,1481.0,300,0.0,0.0
2024-07-08 14:00:00+09:00,1479.0,1479.0,1478.0,1478.0,400,0.0,0.0
2024-07-08 14:05:00+09:00,1479.0,1479.0,1478.0,1478.0,400,0.0,0.0
2024-07-08 14:10:00+09:00,1477.0,1477.0,1476.0,1476.0,200,0.0,0.0
2024-07-08 14:15:00+09:00,1475.0,1475.0,1474.0,1474.0,200,0.0,0.0
2024-07-08 14:20:00+09:00,1476.0,1476.0,1476.0,1476.0,300,0.0,0.0
2024-07-08 14:30:00+09:00,1476.0,1476.0,1476.0,1476.0,100,0.0,0.0
2024-07-08 14:35:00+09:00,1477.0,1479.0,1477.0,1479.0,700,0.0,0.0
2024-07-08 14:40:00+09:00,1478.0,1478.0,1475.0,1475.0,300,0.0,0.0
2024-07-08 14:45:00+09:00,1475.0,1475.0,1475.0,1475.0,100,0.0,0.0
2024-07-08 14:50:00+09:00,1473.0,1473.0,1470.0,1470.0,1000,0.0,0.0
2024-07-08 14:55:00+09:00,1471.0,1473.0,1467.0,1470.0,1600,0.0,0.0
2024-07-09 09:00:00+09:00,1472.0,1482.0,1472.0,1477.0,0,0.0,0.0
2024-07-09 09:05:00+09:00,1480.0,1480.0,1476.0,1478.0,1500,0.0,0.0
2024-07-09 09:10:00+09:00,1483.0,1483.0,1471.0,1473.0,2300,0.0,0.0
2024-07-09 09:15:00+09:00,1475.0,1475.0,1472.0,1472.0,1000,0.0,0.0
2024-07-09 09:20:00+09:00,1473.0,1474.0,1473.0,1474.0,600,0.0,0.0
2024-07-09 09:25:00+09:00,1476.0,1479.0,1476.0,1479.0,1000,0.0,0.0
2024-07-09 09:30:00+09:00,1478.0,1478.0,1478.0,1478.0,100,0.0,0.0
2024-07-09 09:35:00+09:00,1477.0,1477.0,1473.0,1474.0,1000,0.0,0.0
2024-07-09 09:40:00+09:00,1474.0,1475.0,1474.0,1475.0,300,0.0,0.0
2024-07-09 09:45:00+09:00,1477.0,1477.0,1473.0,1474.0,900,0.0,0.0
2024-07-09 09:50:00+09:00,1473.0,1473.0,1471.0,1472.0,500,0.0,0.0
2024-07-09 09:55:00+09:00,1474.0,1474.0,1474.0,1474.0,100,0.0,0.0
2024-07-09 10:00:00+09:00,1471.0,1471.0,1471.0,1471.0,100,0.0,0.0
2024-07-09 10:05:00+09:00,1470.0,1470.0,1465.0,1465.0,2800,0.0,0.0
2024-07-09 10:10:00+09:00,1468.0,1468.0,1468.0,1468.0,100,0.0,0.0
2024-07-09 10:15:00+09:00,1470.0,1470.0,1468.0,1468.0,400,0.0,0.0
2024-07-09 10:35:00+09:00,1469.0,1469.0,1469.0,1469.0,300,0.0,0.0
2024-07-09 10:40:00+09:00,1471.0,1472.0,1469.0,1472.0,2400,0.0,0.0
2024-07-09 10:45:00+09:00,1475.0,1476.0,1473.0,1473.0,1100,0.0,0.0
2024-07-09 10:50:00+09:00,1476.0,1476.0,1473.0,1473.0,300,0.0,0.0
2024-07-09 11:00:00+09:00,1471.0,1471.0,1471.0,1471.0,100,0.0,0.0
2024-07-09 11:10:00+09:00,1472.0,1472.0,1467.0,1468.0,1300,0.0,0.0
2024-07-09 11:15:00+09:00,1467.0,1472.0,1466.0,1472.0,1600,0.0,0.0
2024-07-09 11:25:00+09:00,1474.0,1475.0,1474.0,1475.0,700,0.0,0.0
2024-07-09 11:30:00+09:00,1475.0,1475.0,1474.0,1474.0,1600,0.0,0.0
2024-07-09 11:35:00+09:00,1474.0,1474.0,1474.0,1474.0,0,0.0,0.0
2024-07-09 12:30:00+09:00,1474.0,1483.0,1474.0,1482.0,24500,0.0,0.0
2024-07-09 12:35:00+09:00,1483.0,1483.0,1483.0,1483.0,0,0.0,0.0
2024-07-09 12:45:00+09:00,1484.0,1484.0,1484.0,1484.0,25000,0.0,0.0
2024-07-09 12:55:00+09:00,1485.0,1485.0,1485.0,1485.0,1000,0.0,0.0
2024-07-09 13:00:00+09:00,1485.0,1485.0,1485.0,1485.0,300,0.0,0.0
2024-07-09 13:05:00+09:00,1486.0,1487.0,1486.0,1487.0,2000,0.0,0.0
2024-07-09 13:10:00+09:00,1487.0,1487.0,1487.0,1487.0,100,0.0,0.0
2024-07-09 13:15:00+09:00,1488.0,1489.0,1488.0,1489.0,400,0.0,0.0
2024-07-09 13:20:00+09:00,1490.0,1490.0,1490.0,1490.0,200,0.0,0.0
2024-07-09 13:25:00+09:00,1490.0,1495.0,1486.0,1492.0,11000,0.0,0.0
2024-07-09 13:30:00+09:00,1492.0,1492.0,1492.0,1492.0,100,0.0,0.0
2024-07-09 13:35:00+09:00,1492.0,1492.0,1492.0,1492.0,200,0.0,0.0
2024-07-09 13:40:00+09:00,1492.0,1492.0,1491.0,1491.0,2000,0.0,0.0
2024-07-09 13:50:00+09:00,1490.0,1491.0,1490.0,1491.0,300,0.0,0.0
2024-07-09 13:55:00+09:00,1491.0,1491.0,1491.0,1491.0,100,0.0,0.0
2024-07-09 14:00:00+09:00,1491.0,1492.0,1491.0,1492.0,400,0.0,0.0
2024-07-09 14:05:00+09:00,1492.0,1492.0,1490.0,1492.0,1000,0.0,0.0
2024-07-09 14:10:00+09:00,1493.0,1493.0,1493.0,1493.0,200,0.0,0.0
2024-07-09 14:20:00+09:00,1493.0,1493.0,1493.0,1493.0,600,0.0,0.0
2024-07-09 14:25:00+09:00,1493.0,1494.0,1493.0,1493.0,500,0.0,0.0
2024-07-09 14:30:00+09:00,1494.0,1496.0,1494.0,1496.0,1700,0.0,0.0
2024-07-09 14:35:00+09:00,1495.0,1495.0,1494.0,1494.0,200,0.0,0.0
2024-07-09 14:40:00+09:00,1496.0,1497.0,1496.0,1496.0,3000,0.0,0.0
2024-07-09 14:45:00+09:00,1497.0,1497.0,1495.0,1495.0,400,0.0,0.0
2024-07-09 14:50:00+09:00,1495.0,1495.0,1494.0,1494.0,600,0.0,0.0
2024-07-09 14:55:00+09:00,1494.0,1495.0,1493.0,1493.0,3500,0.0,0.0
2024-07-10 09:00:00+09:00,1495.0,1495.0,1483.0,1483.0,27100,0.0,0.0
2024-07-10 09:05:00+09:00,1483.0,1488.0,1483.0,1487.0,600,0.0,0.0
2024-07-10 09:15:00+09:00,1489.0,1491.0,1489.0,1491.0,200,0.0,0.0
2024-07-10 09:20:00+09:00,1490.0,1490.0,1488.0,1488.0,200,0.0,0.0
2024-07-10 09:25:00+09:00,1487.0,1489.0,1486.0,1489.0,500,0.0,0.0
2024-07-10 09:35:00+09:00,1490.0,1490.0,1488.0,1488.0,400,0.0,0.0
2024-07-10 09:40:00+09:00,1488.0,1490.0,1487.0,1489.0,1000,0.0,0.0
2024-07-10 09:45:00+09:00,1488.0,1488.0,1488.0,1488.0,100,0.0,0.0
2024-07-10 09:50:00+09:00,1489.0,1489.0,1489.0,1489.0,0,0.0,0.0
2024-07-10 09:55:00+09:00,1488.0,1488.0,1488.0,1488.0,0,0.0,0.0
2024-07-10 10:05:00+09:00,1485.0,1485.0,1482.0,1483.0,31300,0.0,0.0
2024-07-10 10:10:00+09:00,1485.0,1486.0,1485.0,1486.0,200,0.0,0.0
2024-07-10 10:20:00+09:00,1483.0,1483.0,1483.0,1483.0,200,0.0,0.0
2024-07-10 10:30:00+09:00,1485.0,1485.0,1485.0,1485.0,100,0.0,0.0
2024-07-10 10:35:00+09:00,1481.0,1481.0,1478.0,1479.0,1400,0.0,0.0
2024-07-10 10:50:00+09:00,1479.0,1479.0,1478.0,1478.0,300,0.0,0.0
2024-07-10 10:55:00+09:00,1475.0,1475.0,1475.0,1475.0,100,0.0,0.0
2024-07-10 11:05:00+09:00,1476.0,1476.0,1476.0,1476.0,100,0.0,0.0
2024-07-10 11:15:00+09:00,1475.0,1475.0,1475.0,1475.0,100,0.0,0.0
2024-07-10 11:20:00+09:00,1476.0,1476.0,1476.0,1476.0,100,0.0,0.0
2024-07-10 11:25:00+09:00,1476.0,1477.0,1476.0,1477.0,200,0.0,0.0
2024-07-10 11:30:00+09:00,1478.0,1478.0,1478.0,1478.0,1200,0.0,0.0
2024-07-10 11:35:00+09:00,1478.0,1478.0,1478.0,1478.0,0,0.0,0.0
2024-07-10 12:30:00+09:00,1472.0,1482.0,1472.0,1480.0,36300,0.0,0.0
2024-07-10 12:35:00+09:00,1478.0,1478.0,1478.0,1478.0,100,0.0,0.0
2024-07-10 12:45:00+09:00,1477.0,1477.0,1476.0,1476.0,500,0.0,0.0
2024-07-10 12:50:00+09:00,1474.0,1474.0,1473.0,1473.0,300,0.0,0.0
2024-07-10 13:05:00+09:00,1472.0,1472.0,1472.0,1472.0,600,0.0,0.0
2024-07-10 13:20:00+09:00,1471.0,1471.0,1469.0,1469.0,300,0.0,0.0
2024-07-10 13:30:00+09:00,1469.0,1470.0,1469.0,1470.0,1500,0.0,0.0
2024-07-10 13:40:00+09:00,1472.0,1472.0,1472.0,1472.0,200,0.0,0.0
2024-07-10 13:45:00+09:00,1473.0,1476.0,1473.0,1475.0,1200,0.0,0.0
2024-07-10 13:50:00+09:00,1474.0,1474.0,1474.0,1474.0,100,0.0,0.0
2024-07-10 13:55:00+09:00,1475.0,1475.0,1475.0,1475.0,100,0.0,0.0
2024-07-10 14:00:00+09:00,1476.0,1476.0,1476.0,1476.0,100,0.0,0.0
2024-07-10 14:15:00+09:00,1477.0,1478.0,1477.0,1478.0,500,0.0,0.0
2024-07-10 14:25:00+09:00,1477.0,1477.0,1477.0,1477.0,200,0.0,0.0
2024-07-10 14:30:00+09:00,1477.0,1477.0,1477.0,1477.0,400,0.0,0.0
2024-07-10 14:35:00+09:00,1476.0,1476.0,1472.0,1472.0,1200,0.0,0.0
2024-07-10 14:40:00+09:00,1472.0,1472.0,1472.0,1472.0,300,0.0,0.0
2024-07-10 14:45:00+09:00,1471.0,1471.0,1471.0,1471.0,300,0.0,0.0
2024-07-10 14:50:00+09:00,1472.0,1474.0,1472.0,1474.0,1000,0.0,0.0
2024-07-10 14:55:00+09:00,1474.0,1478.0,1472.0,1478.0,1500,0.0,0.0
2024-07-11 09:00:00+09:00,1499.0,1499.0,1499.0,1499.0,900,0.0,0.0
2024-07-11 09:05:00+09:00,1494.0,1494.0,1494.0,1494.0,100,0.0,0.0
2024-07-11 09:25:00+09:00,1488.0,1488.0,1488.0,1488.0,100,0.0,0.0
2024-07-11 09:30:00+09:00,1487.0,1487.0,1487.0,1487.0,200,0.0,0.0
2024-07-11 09:35:00+09:00,1483.0,1483.0,1483.0,1483.0,100,0.0,0.0
2024-07-11 09:40:00+09:00,1482.0,1482.0,1482.0,1482.0,200,0.0,0.0
2024-07-11 09:45:00+09:00,1479.0,1479.0,1478.0,1478.0,300,0.0,0.0
2024-07-11 10:00:00+09:00,1479.0,1479.0,1477.0,1477.0,400,0.0,0.0
2024-07-11 10:05:00+09:00,1476.0,1476.0,1475.0,1475.0,300,0.0,0.0
2024-07-11 10:10:00+09:00,1472.0,1478.0,1472.0,1478.0,400,0.0,0.0
2024-07-11 10:20:00+09:00,1477.0,1478.0,1477.0,1478.0,300,0.0,0.0
2024-07-11 10:35:00+09:00,1480.0,1480.0,1480.0,1480.0,100,0.0,0.0
2024-07-11 10:50:00+09:00,1485.0,1485.0,1484.0,1484.0,200,0.0,0.0
2024-07-11 10:55:00+09:00,1485.0,1485.0,1483.0,1483.0,200,0.0,0.0
2024-07-11 11:00:00+09:00,1483.0,1483.0,1483.0,1483.0,200,0.0,0.0
2024-07-11 11:10:00+09:00,1481.0,1481.0,1480.0,1480.0,300,0.0,0.0
2024-07-11 11:15:00+09:00,1482.0,1482.0,1482.0,1482.0,100,0.0,0.0
2024-07-11 11:20:00+09:00,1482.0,1484.0,1482.0,1484.0,300,0.0,0.0
2024-07-11 11:30:00+09:00,1484.0,1484.0,1484.0,1484.0,1100,0.0,0.0
2024-07-11 11:35:00+09:00,1484.0,1484.0,1484.0,1484.0,0,0.0,0.0
2024-07-11 12:30:00+09:00,1484.0,1486.0,1482.0,1486.0,6400,0.0,0.0
2024-07-11 12:35:00+09:00,1485.0,1486.0,1485.0,1485.0,400,0.0,0.0
2024-07-11 12:50:00+09:00,1485.0,1485.0,1485.0,1485.0,500,0.0,0.0
2024-07-11 13:00:00+09:00,1485.0,1485.0,1485.0,1485.0,100,0.0,0.0
2024-07-11 13:25:00+09:00,1485.0,1485.0,1485.0,1485.0,200,0.0,0.0
2024-07-11 13:35:00+09:00,1483.0,1483.0,1481.0,1481.0,800,0.0,0.0
2024-07-11 13:45:00+09:00,1482.0,1482.0,1482.0,1482.0,100,0.0,0.0
2024-07-11 13:50:00+09:00,1483.0,1483.0,1483.0,1483.0,200,0.0,0.0
2024-07-11 14:05:00+09:00,1484.0,1484.0,1479.0,1483.0,1600,0.0,0.0
2024-07-11 14:10:00+09:00,1480.0,1482.0,1479.0,1482.0,800,0.0,0.0
2024-07-11 14:20:00+09:00,1482.0,1483.0,1480.0,1480.0,300,0.0,0.0
2024-07-11 14:25:00+09:00,1483.0,1483.0,1482.0,1482.0,200,0.0,0.0
2024-07-11 14:30:00+09:00,1482.0,1482.0,1482.0,1482.0,200,0.0,0.0
2024-07-11 14:35:00+09:00,1481.0,1481.0,1478.0,1478.0,600,0.0,0.0
2024-07-11 14:40:00+09:00,1478.0,1478.0,1478.0,1478.0,100,0.0,0.0
2024-07-11 14:45:00+09:00,1480.0,1481.0,1480.0,1481.0,300,0.0,0.0
2024-07-11 14:50:00+09:00,1482.0,1482.0,1482.0,1482.0,100,0.0,0.0
2024-07-11 14:55:00+09:00,1481.0,1481.0,1475.0,1479.0,3400,0.0,0.0
2024-07-12 09:00:00+09:00,1470.0,1470.0,1470.0,1470.0,2200,0.0,0.0
2024-07-12 09:05:00+09:00,1473.0,1479.0,1473.0,1479.0,3400,0.0,0.0
2024-07-12 09:10:00+09:00,1484.0,1486.0,1482.0,1486.0,600,0.0,0.0
2024-07-12 09:15:00+09:00,1492.0,1494.0,1492.0,1494.0,400,0.0,0.0
2024-07-12 09:20:00+09:00,1495.0,1495.0,1495.0,1495.0,100,0.0,0.0
2024-07-12 09:25:00+09:00,1493.0,1496.0,1492.0,1496.0,1200,0.0,0.0
2024-07-12 09:30:00+09:00,1491.0,1493.0,1490.0,1493.0,1400,0.0,0.0
2024-07-12 09:35:00+09:00,1492.0,1492.0,1492.0,1492.0,100,0.0,0.0
2024-07-12 09:40:00+09:00,1494.0,1494.0,1494.0,1494.0,200,0.0,0.0
2024-07-12 09:50:00+09:00,1490.0,1490.0,1488.0,1490.0,700,0.0,0.0
2024-07-12 09:55:00+09:00,1492.0,1492.0,1492.0,1492.0,100,0.0,0.0
2024-07-12 10:00:00+09:00,1491.0,1491.0,1491.0,1491.0,200,0.0,0.0
2024-07-12 10:05:00+09:00,1494.0,1495.0,1494.0,1495.0,300,0.0,0.0
2024-07-12 10:10:00+09:00,1493.0,1493.0,1493.0,1493.0,300,0.0,0.0
2024-07-12 10:20:00+09:00,1493.0,1493.0,1492.0,1492.0,300,0.0,0.0
2024-07-12 10:30:00+09:00,1494.0,1494.0,1494.0,1494.0,100,0.0,0.0
2024-07-12 10:35:00+09:00,1495.0,1495.0,1492.0,1493.0,900,0.0,0.0
2024-07-12 10:45:00+09:00,1493.0,1493.0,1492.0,1492.0,300,0.0,0.0
2024-07-12 10:50:00+09:00,1493.0,1494.0,1493.0,1494.0,500,0.0,0.0
2024-07-12 11:00:00+09:00,1493.0,1493.0,1489.0,1491.0,1800,0.0,0.0
2024-07-12 11:10:00+09:00,1489.0,1489.0,1489.0,1489.0,100,0.0,0.0
2024-07-12 11:15:00+09:00,1491.0,1491.0,1491.0,1491.0,100,0.0,0.0
2024-07-12 11:20:00+09:00,1492.0,1494.0,1492.0,1494.0,900,0.0,0.0
2024-07-12 11:25:00+09:00,1493.0,1496.0,1490.0,1496.0,2200,0.0,0.0
2024-07-12 11:30:00+09:00,1497.0,1497.0,1497.0,1497.0,100,0.0,0.0
2024-07-12 11:35:00+09:00,1497.0,1497.0,1497.0,1497.0,0,0.0,0.0
2024-07-12 12:30:00+09:00,1487.0,1498.0,1487.0,1497.0,19900,0.0,0.0
2024-07-12 12:35:00+09:00,1496.0,1496.0,1496.0,1496.0,100,0.0,0.0
2024-07-12 12:40:00+09:00,1494.0,1494.0,1494.0,1494.0,500,0.0,0.0
2024-07-12 12:50:00+09:00,1493.0,1493.0,1491.0,1491.0,800,0.0,0.0
2024-07-12 12:55:00+09:00,1490.0,1490.0,1490.0,1490.0,100,0.0,0.0
2024-07-12 13:05:00+09:00,1489.0,1491.0,1489.0,1491.0,500,0.0,0.0
2024-07-12 13:20:00+09:00,1491.0,1491.0,1489.0,1490.0,600,0.0,0.0
2024-07-12 13:50:00+09:00,1488.0,1488.0,1488.0,1488.0,300,0.0,0.0
2024-07-12 13:55:00+09:00,1489.0,1489.0,1489.0,1489.0,200,0.0,0.0
2024-07-12 14:00:00+09:00,1489.0,1489.0,1489.0,1489.0,300,0.0,0.0
2024-07-12 14:20:00+09:00,1488.0,1488.0,1486.0,1486.0,400,0.0,0.0
2024-07-12 14:25:00+09:00,1486.0,1488.0,1486.0,1487.0,900,0.0,0.0
2024-07-12 14:35:00+09:00,1488.0,1488.0,1488.0,1488.0,100,0.0,0.0
2024-07-12 14:40:00+09:00,1486.0,1487.0,1486.0,1487.0,1400,0.0,0.0
2024-07-12 14:45:00+09:00,1488.0,1488.0,1488.0,1488.0,200,0.0,0.0
2024-07-12 14:50:00+09:00,1489.0,1489.0,1489.0,1489.0,100,0.0,0.0
2024-07-12 14:55:00+09:00,1490.0,1494.0,1490.0,1494.0,300,0.0,0.0
