Datetime,Open,High,Low,Close,Volume,Dividends,Stock Splits
2024-06-14 09:00:00+09:00,4565.0,4627.0,4548.0,4627.0,134300,0.0,0.0
2024-06-14 09:05:00+09:00,4627.0,4662.0,4621.0,4645.0,8000,0.0,0.0
2024-06-14 09:10:00+09:00,4645.0,4663.0,4638.0,4653.0,3900,0.0,0.0
2024-06-14 09:15:00+09:00,4655.0,4670.0,4642.0,4661.0,4700,0.0,0.0
2024-06-14 09:20:00+09:00,4663.0,4665.0,4654.0,4665.0,3300,0.0,0.0
2024-06-14 09:25:00+09:00,4664.0,4671.0,4662.0,4666.0,3500,0.0,0.0
2024-06-14 09:30:00+09:00,4665.0,4665.0,4653.0,4662.0,4600,0.0,0.0
2024-06-14 09:35:00+09:00,4664.0,4674.0,4662.0,4674.0,3800,0.0,0.0
2024-06-14 09:40:00+09:00,4674.0,4677.0,4670.0,4673.0,3100,0.0,0.0
2024-06-14 09:45:00+09:00,4674.0,4674.0,4665.0,4665.0,2400,0.0,0.0
2024-06-14 09:50:00+09:00,4664.0,4664.0,4653.0,4653.0,5500,0.0,0.0
2024-06-14 09:55:00+09:00,4653.0,4659.0,4648.0,4655.0,2200,0.0,0.0
2024-06-14 10:00:00+09:00,4654.0,4654.0,4638.0,4653.0,4400,0.0,0.0
2024-06-14 10:05:00+09:00,4652.0,4652.0,4646.0,4649.0,2300,0.0,0.0
2024-06-14 10:10:00+09:00,4652.0,4660.0,4651.0,4660.0,2300,0.0,0.0
2024-06-14 10:15:00+09:00,4659.0,4659.0,4652.0,4656.0,3100,0.0,0.0
2024-06-14 10:20:00+09:00,4653.0,4654.0,4650.0,4653.0,2300,0.0,0.0
2024-06-14 10:25:00+09:00,4655.0,4661.0,4642.0,4642.0,4200,0.0,0.0
2024-06-14 10:30:00+09:00,4642.0,4649.0,4641.0,4648.0,2900,0.0,0.0
2024-06-14 10:35:00+09:00,4649.0,4655.0,4649.0,4654.0,2600,0.0,0.0
2024-06-14 10:40:00+09:00,4652.0,4653.0,4648.0,4652.0,3200,0.0,0.0
2024-06-14 10:45:00+09:00,4653.0,4661.0,4651.0,4661.0,2400,0.0,0.0
2024-06-14 10:50:00+09:00,4660.0,4669.0,4660.0,4669.0,900,0.0,0.0
2024-06-14 10:55:00+09:00,4669.0,4671.0,4659.0,4662.0,4200,0.0,0.0
2024-06-14 11:00:00+09:00,4661.0,4661.0,4658.0,4658.0,2400,0.0,0.0
2024-06-14 11:05:00+09:00,4656.0,4670.0,4656.0,4666.0,2400,0.0,0.0
2024-06-14 11:10:00+09:00,4666.0,4679.0,4666.0,4679.0,2800,0.0,0.0
2024-06-14 11:15:00+09:00,4680.0,4680.0,4671.0,4671.0,1000,0.0,0.0
2024-06-14 11:20:00+09:00,4671.0,4671.0,4661.0,4661.0,1300,0.0,0.0
2024-06-14 11:25:00+09:00,4660.0,4660.0,4644.0,4645.0,3900,0.0,0.0
2024-06-14 11:30:00+09:00,4649.0,4649.0,4649.0,4649.0,200,0.0,0.0
2024-06-14 11:35:00+09:00,4649.0,4649.0,4649.0,4649.0,0,0.0,0.0
2024-06-14 12:30:00+09:00,4661.0,4670.0,4658.0,4664.0,245100,0.0,0.0
2024-06-14 12:35:00+09:00,4665.0,4667.0,4648.0,4656.0,6500,0.0,0.0
2024-06-14 12:40:00+09:00,4658.0,4664.0,4657.0,4657.0,3100,0.0,0.0
2024-06-14 12:45:00+09:00,4656.0,4660.0,4651.0,4659.0,4500,0.0,0.0
2024-06-14 12:50:00+09:00,4658.0,4658.0,4646.0,4646.0,4200,0.0,0.0
2024-06-14 12:55:00+09:00,4644.0,4649.0,4643.0,4647.0,4000,0.0,0.0
2024-06-14 13:00:00+09:00,4649.0,4652.0,4646.0,4646.0,2700,0.0,0.0
2024-06-14 13:05:00+09:00,4643.0,4643.0,4637.0,4641.0,1600,0.0,0.0
2024-06-14 13:10:00+09:00,4638.0,4646.0,4638.0,4642.0,6100,0.0,0.0
2024-06-14 13:15:00+09:00,4643.0,4643.0,4636.0,4636.0,1600,0.0,0.0
2024-06-14 13:20:00+09:00,4637.0,4639.0,4636.0,4639.0,4000,0.0,0.0
2024-06-14 13:25:00+09:00,4642.0,4645.0,4640.0,4640.0,2200,0.0,0.0
2024-06-14 13:30:00+09:00,4640.0,4648.0,4640.0,4646.0,3200,0.0,0.0
2024-06-14 13:35:00+09:00,4645.0,4646.0,4644.0,4645.0,1700,0.0,0.0
2024-06-14 13:40:00+09:00,4645.0,4646.0,4639.0,4639.0,3000,0.0,0.0
2024-06-14 13:45:00+09:00,4641.0,4644.0,4640.0,4643.0,3000,0.0,0.0
2024-06-14 13:50:00+09:00,4643.0,4644.0,4640.0,4640.0,1600,0.0,0.0
2024-06-14 13:55:00+09:00,4639.0,4641.0,4635.0,4635.0,4900,0.0,0.0
2024-06-14 14:00:00+09:00,4635.0,4637.0,4635.0,4637.0,2500,0.0,0.0
2024-06-14 14:05:00+09:00,4637.0,4637.0,4630.0,4630.0,1600,0.0,0.0
2024-06-14 14:10:00+09:00,4632.0,4637.0,4631.0,4635.0,3500,0.0,0.0
2024-06-14 14:15:00+09:00,4636.0,4639.0,4636.0,4636.0,4100,0.0,0.0
2024-06-14 14:20:00+09:00,4635.0,4637.0,4634.0,4636.0,3500,0.0,0.0
2024-06-14 14:25:00+09:00,4637.0,4640.0,4636.0,4640.0,2100,0.0,0.0
2024-06-14 14:30:00+09:00,4640.0,4640.0,4629.0,4629.0,5500,0.0,0.0
2024-06-14 14:35:00+09:00,4628.0,4629.0,4622.0,4629.0,4500,0.0,0.0
2024-06-14 14:40:00+09:00,4629.0,4641.0,4629.0,4640.0,3500,0.0,0.0
2024-06-14 14:45:00+09:00,4642.0,4642.0,4633.0,4639.0,4500,0.0,0.0
2024-06-14 14:50:00+09:00,4638.0,4659.0,4638.0,4656.0,13000,0.0,0.0
2024-06-14 14:55:00+09:00,4655.0,4680.0,4649.0,4672.0,29500,0.0,0.0
2024-06-17 09:00:00+09:00,4652.0,4692.0,4640.0,4665.0,16900,0.0,0.0
2024-06-17 09:05:00+09:00,4665.0,4684.0,4657.0,4679.0,5400,0.0,0.0
2024-06-17 09:10:00+09:00,4679.0,4679.0,4657.0,4657.0,4200,0.0,0.0
2024-06-17 09:15:00+09:00,4655.0,4666.0,4655.0,4666.0,2500,0.0,0.0
2024-06-17 09:20:00+09:00,4670.0,4680.0,4664.0,4664.0,3200,0.0,0.0
2024-06-17 09:25:00+09:00,4670.0,4688.0,4670.0,4688.0,1800,0.0,0.0
2024-06-17 09:30:00+09:00,4689.0,4691.0,4672.0,4680.0,2800,0.0,0.0
2024-06-17 09:35:00+09:00,4685.0,4694.0,4685.0,4688.0,2100,0.0,0.0
2024-06-17 09:40:00+09:00,4691.0,4694.0,4687.0,4687.0,2200,0.0,0.0
2024-06-17 09:45:00+09:00,4685.0,4686.0,4678.0,4681.0,2700,0.0,0.0
2024-06-17 09:50:00+09:00,4681.0,4687.0,4679.0,4684.0,3200,0.0,0.0
2024-06-17 09:55:00+09:00,4681.0,4683.0,4677.0,4677.0,1600,0.0,0.0
2024-06-17 10:00:00+09:00,4676.0,4676.0,4661.0,4664.0,2100,0.0,0.0
2024-06-17 10:05:00+09:00,4665.0,4673.0,4664.0,4667.0,2200,0.0,0.0
2024-06-17 10:10:00+09:00,4666.0,4666.0,4651.0,4651.0,2800,0.0,0.0
2024-06-17 10:15:00+09:00,4655.0,4661.0,4655.0,4661.0,1300,0.0,0.0
2024-06-17 10:20:00+09:00,4662.0,4663.0,4649.0,4655.0,3300,0.0,0.0
2024-06-17 10:25:00+09:00,4655.0,4657.0,4649.0,4650.0,1700,0.0,0.0
2024-06-17 10:30:00+09:00,4650.0,4654.0,4643.0,4643.0,2700,0.0,0.0
2024-06-17 10:35:00+09:00,4645.0,4653.0,4645.0,4653.0,1300,0.0,0.0
2024-06-17 10:40:00+09:00,4654.0,4655.0,4648.0,4648.0,1400,0.0,0.0
2024-06-17 10:45:00+09:00,4648.0,4651.0,4642.0,4645.0,1400,0.0,0.0
2024-06-17 10:50:00+09:00,4647.0,4652.0,4646.0,4646.0,1500,0.0,0.0
2024-06-17 10:55:00+09:00,4654.0,4654.0,4649.0,4649.0,400,0.0,0.0
2024-06-17 11:00:00+09:00,4653.0,4664.0,4653.0,4664.0,2100,0.0,0.0
2024-06-17 11:05:00+09:00,4666.0,4666.0,4656.0,4663.0,2300,0.0,0.0
2024-06-17 11:10:00+09:00,4666.0,4666.0,4660.0,4660.0,1400,0.0,0.0
2024-06-17 11:15:00+09:00,4660.0,4660.0,4656.0,4656.0,900,0.0,0.0
2024-06-17 11:20:00+09:00,4663.0,4663.0,4657.0,4661.0,1000,0.0,0.0
2024-06-17 11:25:00+09:00,4662.0,4665.0,4662.0,4663.0,1000,0.0,0.0
2024-06-17 11:30:00+09:00,4668.0,4668.0,4668.0,4668.0,200,0.0,0.0
2024-06-17 11:35:00+09:00,4668.0,4668.0,4668.0,4668.0,0,0.0,0.0
2024-06-17 12:30:00+09:00,4664.0,4691.0,4664.0,4686.0,88300,0.0,0.0
2024-06-17 12:35:00+09:00,4694.0,4694.0,4682.0,4685.0,2900,0.0,0.0
2024-06-17 12:40:00+09:00,4687.0,4689.0,4673.0,4673.0,3400,0.0,0.0
2024-06-17 12:45:00+09:00,4674.0,4680.0,4674.0,4679.0,2400,0.0,0.0
2024-06-17 12:50:00+09:00,4679.0,4681.0,4672.0,4672.0,2900,0.0,0.0
2024-06-17 12:55:00+09:00,4675.0,4679.0,4670.0,4670.0,1800,0.0,0.0
2024-06-17 13:00:00+09:00,4668.0,4675.0,4668.0,4672.0,2600,0.0,0.0
2024-06-17 13:05:00+09:00,4671.0,4672.0,4669.0,4672.0,1600,0.0,0.0
2024-06-17 13:10:00+09:00,4672.0,4672.0,4669.0,4671.0,1200,0.0,0.0
2024-06-17 13:15:00+09:00,4669.0,4670.0,4666.0,4668.0,2000,0.0,0.0
2024-06-17 13:20:00+09:00,4668.0,4670.0,4655.0,4655.0,4100,0.0,0.0
2024-06-17 13:25:00+09:00,4654.0,4655.0,4652.0,4654.0,1600,0.0,0.0
2024-06-17 13:30:00+09:00,4654.0,4656.0,4654.0,4656.0,1200,0.0,0.0
2024-06-17 13:35:00+09:00,4655.0,4655.0,4645.0,4649.0,2300,0.0,0.0
2024-06-17 13:40:00+09:00,4650.0,4659.0,4650.0,4659.0,3000,0.0,0.0
2024-06-17 13:45:00+09:00,4659.0,4664.0,4657.0,4662.0,2400,0.0,0.0
2024-06-17 13:50:00+09:00,4663.0,4667.0,4662.0,4662.0,1900,0.0,0.0
2024-06-17 13:55:00+09:00,4662.0,4668.0,4662.0,4666.0,2600,0.0,0.0
2024-06-17 14:00:00+09:00,4665.0,4666.0,4664.0,4665.0,1700,0.0,0.0
2024-06-17 14:05:00+09:00,4666.0,4666.0,4664.0,4664.0,1500,0.0,0.0
2024-06-17 14:10:00+09:00,4665.0,4665.0,4662.0,4665.0,2200,0.0,0.0
2024-06-17 14:15:00+09:00,4665.0,4674.0,4665.0,4672.0,4500,0.0,0.0
2024-06-17 14:20:00+09:00,4674.0,4676.0,4674.0,4676.0,1800,0.0,0.0
2024-06-17 14:25:00+09:00,4676.0,4679.0,4673.0,4678.0,3200,0.0,0.0
2024-06-17 14:30:00+09:00,4678.0,4683.0,4678.0,4682.0,2100,0.0,0.0
2024-06-17 14:35:00+09:00,4681.0,4687.0,4681.0,4685.0,2900,0.0,0.0
2024-06-17 14:40:00+09:00,4685.0,4692.0,4683.0,4691.0,3100,0.0,0.0
2024-06-17 14:45:00+09:00,4691.0,4691.0,4684.0,4687.0,3800,0.0,0.0
2024-06-17 14:50:00+09:00,4687.0,4687.0,4681.0,4681.0,4500,0.0,0.0
2024-06-17 14:55:00+09:00,4682.0,4684.0,4675.0,4677.0,9400,0.0,0.0
2024-06-18 09:00:00+09:00,4664.0,4710.0,4660.0,4702.0,18900,0.0,0.0
2024-06-18 09:05:00+09:00,4702.0,4715.0,4697.0,4715.0,4100,0.0,0.0
2024-06-18 09:10:00+09:00,4713.0,4718.0,4701.0,4718.0,4600,0.0,0.0
2024-06-18 09:15:00+09:00,4721.0,4727.0,4720.0,4722.0,4100,0.0,0.0
2024-06-18 09:20:00+09:00,4721.0,4734.0,4719.0,4734.0,5000,0.0,0.0
2024-06-18 09:25:00+09:00,4741.0,4750.0,4740.0,4740.0,3800,0.0,0.0
2024-06-18 09:30:00+09:00,4741.0,4746.0,4739.0,4743.0,2500,0.0,0.0
2024-06-18 09:35:00+09:00,4742.0,4747.0,4742.0,4746.0,2700,0.0,0.0
2024-06-18 09:40:00+09:00,4747.0,4759.0,4744.0,4744.0,5000,0.0,0.0
2024-06-18 09:45:00+09:00,4742.0,4745.0,4741.0,4745.0,3300,0.0,0.0
2024-06-18 09:50:00+09:00,4746.0,4752.0,4745.0,4745.0,2800,0.0,0.0
2024-06-18 09:55:00+09:00,4744.0,4758.0,4744.0,4758.0,2900,0.0,0.0
2024-06-18 10:00:00+09:00,4760.0,4782.0,4760.0,4777.0,3700,0.0,0.0
2024-06-18 10:05:00+09:00,4779.0,4785.0,4777.0,4785.0,2600,0.0,0.0
2024-06-18 10:10:00+09:00,4788.0,4791.0,4780.0,4785.0,4700,0.0,0.0
2024-06-18 10:15:00+09:00,4785.0,4806.0,4785.0,4806.0,4100,0.0,0.0
2024-06-18 10:20:00+09:00,4806.0,4810.0,4805.0,4805.0,5800,0.0,0.0
2024-06-18 10:25:00+09:00,4805.0,4805.0,4788.0,4788.0,6300,0.0,0.0
2024-06-18 10:30:00+09:00,4787.0,4788.0,4784.0,4787.0,3100,0.0,0.0
2024-06-18 10:35:00+09:00,4785.0,4785.0,4775.0,4775.0,2500,0.0,0.0
2024-06-18 10:40:00+09:00,4774.0,4774.0,4755.0,4762.0,5700,0.0,0.0
2024-06-18 10:45:00+09:00,4765.0,4775.0,4762.0,4775.0,2400,0.0,0.0
2024-06-18 10:50:00+09:00,4775.0,4775.0,4768.0,4768.0,4400,0.0,0.0
2024-06-18 10:55:00+09:00,4769.0,4769.0,4763.0,4768.0,1000,0.0,0.0
2024-06-18 11:00:00+09:00,4768.0,4770.0,4758.0,4758.0,3500,0.0,0.0
2024-06-18 11:05:00+09:00,4758.0,4758.0,4753.0,4753.0,3400,0.0,0.0
2024-06-18 11:10:00+09:00,4752.0,4760.0,4751.0,4760.0,2800,0.0,0.0
2024-06-18 11:15:00+09:00,4760.0,4765.0,4760.0,4765.0,1600,0.0,0.0
2024-06-18 11:20:00+09:00,4769.0,4771.0,4767.0,4771.0,1700,0.0,0.0
2024-06-18 11:25:00+09:00,4771.0,4774.0,4770.0,4770.0,1800,0.0,0.0
2024-06-18 11:30:00+09:00,4770.0,4770.0,4770.0,4770.0,100,0.0,0.0
2024-06-18 11:35:00+09:00,4770.0,4770.0,4770.0,4770.0,0,0.0,0.0
2024-06-18 12:30:00+09:00,4768.0,4772.0,4760.0,4772.0,130200,0.0,0.0
2024-06-18 12:35:00+09:00,4772.0,4785.0,4772.0,4784.0,5000,0.0,0.0
2024-06-18 12:40:00+09:00,4785.0,4785.0,4780.0,4780.0,3900,0.0,0.0
2024-06-18 12:45:00+09:00,4782.0,4782.0,4779.0,4779.0,1200,0.0,0.0
2024-06-18 12:50:00+09:00,4781.0,4781.0,4762.0,4763.0,4300,0.0,0.0
2024-06-18 12:55:00+09:00,4764.0,4770.0,4761.0,4769.0,2800,0.0,0.0
2024-06-18 13:00:00+09:00,4768.0,4772.0,4768.0,4772.0,2400,0.0,0.0
2024-06-18 13:05:00+09:00,4770.0,4774.0,4760.0,4763.0,3500,0.0,0.0
2024-06-18 13:10:00+09:00,4757.0,4759.0,4755.0,4759.0,1600,0.0,0.0
2024-06-18 13:15:00+09:00,4759.0,4761.0,4752.0,4761.0,1900,0.0,0.0
2024-06-18 13:20:00+09:00,4763.0,4764.0,4760.0,4764.0,3800,0.0,0.0
2024-06-18 13:25:00+09:00,4765.0,4769.0,4763.0,4766.0,3700,0.0,0.0
2024-06-18 13:30:00+09:00,4764.0,4766.0,4763.0,4766.0,2300,0.0,0.0
2024-06-18 13:35:00+09:00,4767.0,4769.0,4766.0,4769.0,1800,0.0,0.0
2024-06-18 13:40:00+09:00,4770.0,4770.0,4768.0,4769.0,1800,0.0,0.0
2024-06-18 13:45:00+09:00,4768.0,4771.0,4765.0,4765.0,4800,0.0,0.0
2024-06-18 13:50:00+09:00,4765.0,4770.0,4764.0,4770.0,2100,0.0,0.0
2024-06-18 13:55:00+09:00,4768.0,4769.0,4766.0,4769.0,2200,0.0,0.0
2024-06-18 14:00:00+09:00,4770.0,4772.0,4768.0,4768.0,2400,0.0,0.0
2024-06-18 14:05:00+09:00,4770.0,4771.0,4769.0,4770.0,900,0.0,0.0
2024-06-18 14:10:00+09:00,4770.0,4770.0,4766.0,4769.0,2700,0.0,0.0
2024-06-18 14:15:00+09:00,4768.0,4770.0,4766.0,4770.0,1800,0.0,0.0
2024-06-18 14:20:00+09:00,4770.0,4771.0,4769.0,4771.0,2100,0.0,0.0
2024-06-18 14:25:00+09:00,4771.0,4771.0,4762.0,4762.0,4000,0.0,0.0
2024-06-18 14:30:00+09:00,4763.0,4763.0,4753.0,4753.0,3500,0.0,0.0
2024-06-18 14:35:00+09:00,4755.0,4755.0,4749.0,4749.0,2500,0.0,0.0
2024-06-18 14:40:00+09:00,4749.0,4752.0,4746.0,4746.0,4400,0.0,0.0
2024-06-18 14:45:00+09:00,4747.0,4748.0,4742.0,4743.0,4300,0.0,0.0
2024-06-18 14:50:00+09:00,4742.0,4745.0,4738.0,4744.0,7500,0.0,0.0
2024-06-18 14:55:00+09:00,4742.0,4755.0,4742.0,4752.0,17300,0.0,0.0
2024-06-19 09:00:00+09:00,4703.0,4765.0,4703.0,4722.0,17300,0.0,0.0
2024-06-19 09:05:00+09:00,4719.0,4720.0,4708.0,4717.0,5000,0.0,0.0
2024-06-19 09:10:00+09:00,4714.0,4724.0,4713.0,4724.0,5400,0.0,0.0
2024-06-19 09:15:00+09:00,4720.0,4722.0,4706.0,4719.0,8900,0.0,0.0
2024-06-19 09:20:00+09:00,4722.0,4722.0,4716.0,4716.0,3900,0.0,0.0
2024-06-19 09:25:00+09:00,4716.0,4722.0,4710.0,4722.0,4500,0.0,0.0
2024-06-19 09:30:00+09:00,4722.0,4731.0,4721.0,4731.0,4100,0.0,0.0
2024-06-19 09:35:00+09:00,4731.0,4735.0,4722.0,4722.0,4900,0.0,0.0
2024-06-19 09:40:00+09:00,4724.0,4725.0,4714.0,4714.0,5900,0.0,0.0
2024-06-19 09:45:00+09:00,4718.0,4722.0,4716.0,4722.0,4000,0.0,0.0
2024-06-19 09:50:00+09:00,4723.0,4723.0,4715.0,4720.0,3900,0.0,0.0
2024-06-19 09:55:00+09:00,4720.0,4720.0,4706.0,4707.0,4500,0.0,0.0
2024-06-19 10:00:00+09:00,4706.0,4710.0,4706.0,4706.0,2600,0.0,0.0
2024-06-19 10:05:00+09:00,4704.0,4713.0,4698.0,4698.0,4600,0.0,0.0
2024-06-19 10:10:00+09:00,4699.0,4705.0,4692.0,4699.0,5400,0.0,0.0
2024-06-19 10:15:00+09:00,4699.0,4710.0,4699.0,4707.0,3800,0.0,0.0
2024-06-19 10:20:00+09:00,4708.0,4710.0,4701.0,4701.0,4000,0.0,0.0
2024-06-19 10:25:00+09:00,4703.0,4703.0,4695.0,4697.0,1800,0.0,0.0
2024-06-19 10:30:00+09:00,4699.0,4703.0,4691.0,4703.0,3200,0.0,0.0
2024-06-19 10:35:00+09:00,4700.0,4704.0,4696.0,4699.0,3100,0.0,0.0
2024-06-19 10:40:00+09:00,4700.0,4703.0,4699.0,4702.0,1800,0.0,0.0
2024-06-19 10:45:00+09:00,4702.0,4702.0,4694.0,4694.0,1800,0.0,0.0
2024-06-19 10:50:00+09:00,4691.0,4691.0,4671.0,4671.0,2900,0.0,0.0
2024-06-19 10:55:00+09:00,4671.0,4678.0,4670.0,4677.0,2700,0.0,0.0
2024-06-19 11:00:00+09:00,4676.0,4680.0,4675.0,4675.0,3400,0.0,0.0
2024-06-19 11:05:00+09:00,4675.0,4676.0,4664.0,4664.0,2700,0.0,0.0
2024-06-19 11:10:00+09:00,4664.0,4664.0,4658.0,4660.0,1900,0.0,0.0
2024-06-19 11:15:00+09:00,4660.0,4663.0,4659.0,4663.0,1700,0.0,0.0
2024-06-19 11:20:00+09:00,4662.0,4664.0,4662.0,4663.0,2100,0.0,0.0
2024-06-19 11:25:00+09:00,4663.0,4672.0,4663.0,4671.0,3300,0.0,0.0
2024-06-19 11:30:00+09:00,4673.0,4674.0,4673.0,4674.0,500,0.0,0.0
2024-06-19 11:35:00+09:00,4674.0,4674.0,4674.0,4674.0,0,0.0,0.0
2024-06-19 12:30:00+09:00,4655.0,4667.0,4655.0,4658.0,134400,0.0,0.0
2024-06-19 12:35:00+09:00,4656.0,4656.0,4640.0,4640.0,3500,0.0,0.0
2024-06-19 12:40:00+09:00,4639.0,4641.0,4637.0,4638.0,3200,0.0,0.0
2024-06-19 12:45:00+09:00,4641.0,4645.0,4641.0,4643.0,2500,0.0,0.0
2024-06-19 12:50:00+09:00,4643.0,4652.0,4642.0,4650.0,3300,0.0,0.0
2024-06-19 12:55:00+09:00,4651.0,4652.0,4650.0,4651.0,1400,0.0,0.0
2024-06-19 13:00:00+09:00,4651.0,4654.0,4650.0,4654.0,3000,0.0,0.0
2024-06-19 13:05:00+09:00,4653.0,4659.0,4653.0,4658.0,900,0.0,0.0
2024-06-19 13:10:00+09:00,4658.0,4660.0,4658.0,4659.0,1300,0.0,0.0
2024-06-19 13:15:00+09:00,4658.0,4659.0,4657.0,4657.0,2600,0.0,0.0
2024-06-19 13:20:00+09:00,4657.0,4668.0,4654.0,4668.0,5000,0.0,0.0
2024-06-19 13:25:00+09:00,4666.0,4671.0,4664.0,4671.0,3100,0.0,0.0
2024-06-19 13:30:00+09:00,4672.0,4672.0,4665.0,4665.0,3000,0.0,0.0
2024-06-19 13:35:00+09:00,4665.0,4667.0,4665.0,4667.0,900,0.0,0.0
2024-06-19 13:40:00+09:00,4668.0,4671.0,4668.0,4671.0,1500,0.0,0.0
2024-06-19 13:45:00+09:00,4670.0,4670.0,4666.0,4666.0,2900,0.0,0.0
2024-06-19 13:50:00+09:00,4663.0,4665.0,4661.0,4661.0,1700,0.0,0.0
2024-06-19 13:55:00+09:00,4662.0,4668.0,4662.0,4668.0,2700,0.0,0.0
2024-06-19 14:00:00+09:00,4670.0,4674.0,4670.0,4673.0,1500,0.0,0.0
2024-06-19 14:05:00+09:00,4672.0,4676.0,4672.0,4676.0,2500,0.0,0.0
2024-06-19 14:10:00+09:00,4679.0,4681.0,4678.0,4678.0,1300,0.0,0.0
2024-06-19 14:15:00+09:00,4679.0,4679.0,4675.0,4679.0,3200,0.0,0.0
2024-06-19 14:20:00+09:00,4680.0,4681.0,4679.0,4681.0,2100,0.0,0.0
2024-06-19 14:25:00+09:00,4681.0,4682.0,4681.0,4681.0,1400,0.0,0.0
2024-06-19 14:30:00+09:00,4682.0,4689.0,4682.0,4689.0,3000,0.0,0.0
2024-06-19 14:35:00+09:00,4688.0,4693.0,4678.0,4678.0,6000,0.0,0.0
2024-06-19 14:40:00+09:00,4680.0,4681.0,4679.0,4680.0,3000,0.0,0.0
2024-06-19 14:45:00+09:00,4680.0,4682.0,4678.0,4678.0,4500,0.0,0.0
2024-06-19 14:50:00+09:00,4679.0,4684.0,4677.0,4683.0,4900,0.0,0.0
2024-06-19 14:55:00+09:00,4684.0,4690.0,4678.0,4679.0,10600,0.0,0.0
2024-06-20 09:00:00+09:00,4671.0,4708.0,4650.0,4677.0,13800,0.0,0.0
2024-06-20 09:05:00+09:00,4676.0,4701.0,4673.0,4688.0,2600,0.0,0.0
2024-06-20 09:10:00+09:00,4687.0,4694.0,4683.0,4691.0,3000,0.0,0.0
2024-06-20 09:15:00+09:00,4692.0,4696.0,4675.0,4675.0,3200,0.0,0.0
2024-06-20 09:20:00+09:00,4674.0,4674.0,4657.0,4657.0,2800,0.0,0.0
2024-06-20 09:25:00+09:00,4661.0,4665.0,4658.0,4662.0,1800,0.0,0.0
2024-06-20 09:30:00+09:00,4660.0,4665.0,4647.0,4665.0,3800,0.0,0.0
2024-06-20 09:35:00+09:00,4667.0,4667.0,4657.0,4663.0,2500,0.0,0.0
2024-06-20 09:40:00+09:00,4663.0,4671.0,4663.0,4666.0,1700,0.0,0.0
2024-06-20 09:45:00+09:00,4665.0,4680.0,4663.0,4680.0,3000,0.0,0.0
2024-06-20 09:50:00+09:00,4683.0,4685.0,4681.0,4682.0,2200,0.0,0.0
2024-06-20 09:55:00+09:00,4684.0,4706.0,4684.0,4700.0,3500,0.0,0.0
2024-06-20 10:00:00+09:00,4705.0,4705.0,4698.0,4698.0,1600,0.0,0.0
2024-06-20 10:05:00+09:00,4700.0,4710.0,4700.0,4706.0,1600,0.0,0.0
2024-06-20 10:10:00+09:00,4713.0,4717.0,4710.0,4710.0,2800,0.0,0.0
2024-06-20 10:15:00+09:00,4712.0,4715.0,4706.0,4715.0,2700,0.0,0.0
2024-06-20 10:20:00+09:00,4719.0,4721.0,4708.0,4709.0,2600,0.0,0.0
2024-06-20 10:25:00+09:00,4708.0,4708.0,4696.0,4696.0,2400,0.0,0.0
2024-06-20 10:30:00+09:00,4698.0,4699.0,4683.0,4683.0,1300,0.0,0.0
2024-06-20 10:35:00+09:00,4681.0,4684.0,4676.0,4680.0,2600,0.0,0.0
2024-06-20 10:40:00+09:00,4679.0,4679.0,4677.0,4677.0,500,0.0,0.0
2024-06-20 10:45:00+09:00,4680.0,4680.0,4672.0,4676.0,3100,0.0,0.0
2024-06-20 10:50:00+09:00,4678.0,4683.0,4677.0,4682.0,1500,0.0,0.0
2024-06-20 10:55:00+09:00,4685.0,4689.0,4681.0,4684.0,1700,0.0,0.0
2024-06-20 11:00:00+09:00,4684.0,4690.0,4681.0,4690.0,2000,0.0,0.0
2024-06-20 11:05:00+09:00,4690.0,4690.0,4683.0,4683.0,2100,0.0,0.0
2024-06-20 11:10:00+09:00,4683.0,4683.0,4682.0,4683.0,700,0.0,0.0
2024-06-20 11:15:00+09:00,4682.0,4690.0,4680.0,4690.0,1500,0.0,0.0
2024-06-20 11:20:00+09:00,4690.0,4692.0,4689.0,4689.0,900,0.0,0.0
2024-06-20 11:25:00+09:00,4692.0,4695.0,4688.0,4690.0,1800,0.0,0.0
2024-06-20 11:30:00+09:00,4688.0,4688.0,4687.0,4687.0,600,0.0,0.0
2024-06-20 11:35:00+09:00,4687.0,4687.0,4687.0,4687.0,0,0.0,0.0
2024-06-20 12:30:00+09:00,4698.0,4700.0,4687.0,4687.0,85400,0.0,0.0
2024-06-20 12:35:00+09:00,4690.0,4690.0,4675.0,4676.0,1100,0.0,0.0
2024-06-20 12:40:00+09:00,4677.0,4679.0,4676.0,4677.0,1300,0.0,0.0
2024-06-20 12:45:00+09:00,4676.0,4676.0,4672.0,4673.0,2300,0.0,0.0
2024-06-20 12:50:00+09:00,4672.0,4672.0,4668.0,4672.0,2400,0.0,0.0
2024-06-20 12:55:00+09:00,4671.0,4674.0,4671.0,4673.0,1900,0.0,0.0
2024-06-20 13:00:00+09:00,4672.0,4674.0,4672.0,4674.0,200,0.0,0.0
2024-06-20 13:05:00+09:00,4674.0,4674.0,4671.0,4671.0,1900,0.0,0.0
2024-06-20 13:10:00+09:00,4671.0,4673.0,4662.0,4662.0,2200,0.0,0.0
2024-06-20 13:15:00+09:00,4662.0,4663.0,4661.0,4661.0,1100,0.0,0.0
2024-06-20 13:20:00+09:00,4660.0,4663.0,4660.0,4660.0,1900,0.0,0.0
2024-06-20 13:25:00+09:00,4662.0,4666.0,4661.0,4661.0,2100,0.0,0.0
2024-06-20 13:30:00+09:00,4662.0,4669.0,4662.0,4667.0,1600,0.0,0.0
2024-06-20 13:35:00+09:00,4670.0,4670.0,4666.0,4670.0,1700,0.0,0.0
2024-06-20 13:40:00+09:00,4671.0,4671.0,4667.0,4667.0,2500,0.0,0.0
2024-06-20 13:45:00+09:00,4669.0,4673.0,4667.0,4670.0,3100,0.0,0.0
2024-06-20 13:50:00+09:00,4670.0,4670.0,4665.0,4666.0,1700,0.0,0.0
2024-06-20 13:55:00+09:00,4666.0,4667.0,4663.0,4663.0,2000,0.0,0.0
2024-06-20 14:00:00+09:00,4662.0,4665.0,4662.0,4663.0,1400,0.0,0.0
2024-06-20 14:05:00+09:00,4663.0,4663.0,4654.0,4654.0,3100,0.0,0.0
2024-06-20 14:10:00+09:00,4653.0,4654.0,4651.0,4654.0,1700,0.0,0.0
2024-06-20 14:15:00+09:00,4652.0,4652.0,4646.0,4646.0,1400,0.0,0.0
2024-06-20 14:20:00+09:00,4647.0,4647.0,4643.0,4645.0,1900,0.0,0.0
2024-06-20 14:25:00+09:00,4645.0,4645.0,4642.0,4642.0,2700,0.0,0.0
2024-06-20 14:30:00+09:00,4643.0,4648.0,4641.0,4641.0,3100,0.0,0.0
2024-06-20 14:35:00+09:00,4641.0,4643.0,4640.0,4640.0,3300,0.0,0.0
2024-06-20 14:40:00+09:00,4641.0,4650.0,4641.0,4645.0,5100,0.0,0.0
2024-06-20 14:45:00+09:00,4645.0,4645.0,4636.0,4640.0,5400,0.0,0.0
2024-06-20 14:50:00+09:00,4639.0,4646.0,4637.0,4642.0,6200,0.0,0.0
2024-06-20 14:55:00+09:00,4642.0,4648.0,4637.0,4637.0,7900,0.0,0.0
2024-06-21 09:00:00+09:00,4577.0,4660.0,4562.0,4651.0,25200,0.0,0.0
2024-06-21 09:05:00+09:00,4660.0,4661.0,4644.0,4657.0,9600,0.0,0.0
2024-06-21 09:10:00+09:00,4656.0,4665.0,4639.0,4639.0,4200,0.0,0.0
2024-06-21 09:15:00+09:00,4646.0,4652.0,4631.0,4638.0,3600,0.0,0.0
2024-06-21 09:20:00+09:00,4641.0,4643.0,4632.0,4636.0,3600,0.0,0.0
2024-06-21 09:25:00+09:00,4637.0,4641.0,4613.0,4621.0,12000,0.0,0.0
2024-06-21 09:30:00+09:00,4622.0,4625.0,4617.0,4624.0,3200,0.0,0.0
2024-06-21 09:35:00+09:00,4621.0,4634.0,4618.0,4634.0,3400,0.0,0.0
2024-06-21 09:40:00+09:00,4634.0,4634.0,4610.0,4610.0,4900,0.0,0.0
2024-06-21 09:45:00+09:00,4615.0,4627.0,4615.0,4618.0,4100,0.0,0.0
2024-06-21 09:50:00+09:00,4612.0,4617.0,4610.0,4617.0,1900,0.0,0.0
2024-06-21 09:55:00+09:00,4617.0,4618.0,4613.0,4616.0,2300,0.0,0.0
2024-06-21 10:00:00+09:00,4618.0,4618.0,4615.0,4615.0,2300,0.0,0.0
2024-06-21 10:05:00+09:00,4614.0,4615.0,4600.0,4604.0,0,0.0,0.0
2024-06-21 10:10:00+09:00,4607.0,4618.0,4606.0,4618.0,88400,0.0,0.0
2024-06-21 10:15:00+09:00,4617.0,4622.0,4613.0,4613.0,2300,0.0,0.0
2024-06-21 10:20:00+09:00,4613.0,4617.0,4613.0,4617.0,1100,0.0,0.0
2024-06-21 10:25:00+09:00,4616.0,4624.0,4614.0,4621.0,1800,0.0,0.0
2024-06-21 10:30:00+09:00,4621.0,4621.0,4614.0,4614.0,2100,0.0,0.0
2024-06-21 10:35:00+09:00,4615.0,4622.0,4615.0,4618.0,2300,0.0,0.0
2024-06-21 10:40:00+09:00,4619.0,4620.0,4615.0,4615.0,1500,0.0,0.0
2024-06-21 10:45:00+09:00,4616.0,4621.0,4610.0,4613.0,2300,0.0,0.0
2024-06-21 10:50:00+09:00,4612.0,4618.0,4611.0,4618.0,1200,0.0,0.0
2024-06-21 10:55:00+09:00,4618.0,4622.0,4618.0,4621.0,1000,0.0,0.0
2024-06-21 11:00:00+09:00,4621.0,4621.0,4616.0,4619.0,3000,0.0,0.0
2024-06-21 11:05:00+09:00,4618.0,4624.0,4617.0,4622.0,2100,0.0,0.0
2024-06-21 11:10:00+09:00,4624.0,4631.0,4624.0,4628.0,1600,0.0,0.0
2024-06-21 11:15:00+09:00,4627.0,4627.0,4617.0,4619.0,1100,0.0,0.0
2024-06-21 11:20:00+09:00,4621.0,4623.0,4618.0,4618.0,1000,0.0,0.0
2024-06-21 11:25:00+09:00,4619.0,4619.0,4618.0,4618.0,300,0.0,0.0
2024-06-21 11:30:00+09:00,4618.0,4618.0,4618.0,4618.0,100,0.0,0.0
2024-06-21 11:35:00+09:00,4618.0,4618.0,4618.0,4618.0,0,0.0,0.0
2024-06-21 12:30:00+09:00,4618.0,4618.0,4608.0,4608.0,120700,0.0,0.0
2024-06-21 12:35:00+09:00,4608.0,4608.0,4602.0,4603.0,2900,0.0,0.0
2024-06-21 12:40:00+09:00,4604.0,4616.0,4604.0,4611.0,5500,0.0,0.0
2024-06-21 12:45:00+09:00,4616.0,4625.0,4616.0,4623.0,4300,0.0,0.0
2024-06-21 12:50:00+09:00,4624.0,4628.0,4616.0,4616.0,2100,0.0,0.0
2024-06-21 12:55:00+09:00,4620.0,4622.0,4619.0,4622.0,2100,0.0,0.0
2024-06-21 13:00:00+09:00,4621.0,4621.0,4614.0,4614.0,2400,0.0,0.0
2024-06-21 13:05:00+09:00,4612.0,4612.0,4605.0,4605.0,3000,0.0,0.0
2024-06-21 13:10:00+09:00,4604.0,4605.0,4602.0,4602.0,1600,0.0,0.0
2024-06-21 13:15:00+09:00,4598.0,4604.0,4598.0,4604.0,1900,0.0,0.0
2024-06-21 13:20:00+09:00,4605.0,4606.0,4600.0,4606.0,3700,0.0,0.0
2024-06-21 13:25:00+09:00,4607.0,4618.0,4607.0,4618.0,1100,0.0,0.0
2024-06-21 13:30:00+09:00,4620.0,4620.0,4616.0,4618.0,2000,0.0,0.0
2024-06-21 13:35:00+09:00,4619.0,4619.0,4614.0,4617.0,2900,0.0,0.0
2024-06-21 13:40:00+09:00,4617.0,4621.0,4610.0,4610.0,3200,0.0,0.0
2024-06-21 13:45:00+09:00,4609.0,4612.0,4609.0,4612.0,1000,0.0,0.0
2024-06-21 13:50:00+09:00,4612.0,4612.0,4610.0,4610.0,1400,0.0,0.0
2024-06-21 13:55:00+09:00,4612.0,4612.0,4609.0,4609.0,2200,0.0,0.0
2024-06-21 14:00:00+09:00,4608.0,4608.0,4606.0,4607.0,1200,0.0,0.0
2024-06-21 14:05:00+09:00,4608.0,4608.0,4606.0,4606.0,1700,0.0,0.0
2024-06-21 14:10:00+09:00,4604.0,4609.0,4604.0,4608.0,3200,0.0,0.0
2024-06-21 14:15:00+09:00,4608.0,4612.0,4606.0,4606.0,3400,0.0,0.0
2024-06-21 14:20:00+09:00,4609.0,4610.0,4605.0,4610.0,2600,0.0,0.0
2024-06-21 14:25:00+09:00,4609.0,4611.0,4608.0,4611.0,2900,0.0,0.0
2024-06-21 14:30:00+09:00,4610.0,4612.0,4608.0,4608.0,5400,0.0,0.0
2024-06-21 14:35:00+09:00,4610.0,4618.0,4610.0,4618.0,2800,0.0,0.0
2024-06-21 14:40:00+09:00,4618.0,4625.0,4618.0,4620.0,4700,0.0,0.0
2024-06-21 14:45:00+09:00,4619.0,4619.0,4614.0,4614.0,3200,0.0,0.0
2024-06-21 14:50:00+09:00,4614.0,4619.0,4609.0,4616.0,7100,0.0,0.0
2024-06-21 14:55:00+09:00,4613.0,4617.0,4605.0,4605.0,9400,0.0,0.0
2024-06-24 09:00:00+09:00,4650.0,4693.0,4640.0,4687.0,26200,0.0,0.0
2024-06-24 09:05:00+09:00,4689.0,4713.0,4684.0,4705.0,10600,0.0,0.0
2024-06-24 09:10:00+09:00,4710.0,4716.0,4691.0,4697.0,4900,0.0,0.0
2024-06-24 09:15:00+09:00,4697.0,4705.0,4694.0,4694.0,4400,0.0,0.0
2024-06-24 09:20:00+09:00,4701.0,4706.0,4684.0,4702.0,6000,0.0,0.0
2024-06-24 09:25:00+09:00,4696.0,4712.0,4696.0,4711.0,3800,0.0,0.0
2024-06-24 09:30:00+09:00,4716.0,4725.0,4710.0,4724.0,3600,0.0,0.0
2024-06-24 09:35:00+09:00,4721.0,4725.0,4717.0,4722.0,5500,0.0,0.0
2024-06-24 09:40:00+09:00,4720.0,4724.0,4718.0,4723.0,3100,0.0,0.0
2024-06-24 09:45:00+09:00,4725.0,4732.0,4725.0,4728.0,3900,0.0,0.0
2024-06-24 09:50:00+09:00,4725.0,4725.0,4715.0,4715.0,3000,0.0,0.0
2024-06-24 09:55:00+09:00,4715.0,4715.0,4705.0,4705.0,2400,0.0,0.0
2024-06-24 10:00:00+09:00,4705.0,4706.0,4690.0,4692.0,4800,0.0,0.0
2024-06-24 10:05:00+09:00,4693.0,4695.0,4692.0,4695.0,900,0.0,0.0
2024-06-24 10:10:00+09:00,4701.0,4701.0,4693.0,4695.0,4600,0.0,0.0
2024-06-24 10:15:00+09:00,4696.0,4704.0,4693.0,4704.0,3200,0.0,0.0
2024-06-24 10:20:00+09:00,4700.0,4707.0,4698.0,4704.0,5100,0.0,0.0
2024-06-24 10:25:00+09:00,4701.0,4707.0,4698.0,4704.0,2600,0.0,0.0
2024-06-24 10:30:00+09:00,4706.0,4713.0,4705.0,4713.0,1400,0.0,0.0
2024-06-24 10:35:00+09:00,4710.0,4710.0,4700.0,4705.0,3400,0.0,0.0
2024-06-24 10:40:00+09:00,4702.0,4706.0,4701.0,4706.0,1900,0.0,0.0
2024-06-24 10:45:00+09:00,4709.0,4713.0,4705.0,4708.0,4200,0.0,0.0
2024-06-24 10:50:00+09:00,4707.0,4710.0,4704.0,4710.0,1700,0.0,0.0
2024-06-24 10:55:00+09:00,4712.0,4713.0,4709.0,4713.0,2100,0.0,0.0
2024-06-24 11:00:00+09:00,4714.0,4726.0,4714.0,4726.0,1500,0.0,0.0
2024-06-24 11:05:00+09:00,4726.0,4728.0,4718.0,4718.0,4400,0.0,0.0
2024-06-24 11:10:00+09:00,4718.0,4726.0,4718.0,4726.0,2700,0.0,0.0
2024-06-24 11:15:00+09:00,4723.0,4727.0,4720.0,4720.0,1700,0.0,0.0
2024-06-24 11:20:00+09:00,4721.0,4721.0,4713.0,4715.0,1600,0.0,0.0
2024-06-24 11:25:00+09:00,4717.0,4723.0,4717.0,4717.0,1300,0.0,0.0
2024-06-24 11:30:00+09:00,4717.0,4717.0,4717.0,4717.0,300,0.0,0.0
2024-06-24 11:35:00+09:00,4717.0,4717.0,4717.0,4717.0,0,0.0,0.0
2024-06-24 12:30:00+09:00,4730.0,4750.0,4729.0,4749.0,142000,0.0,0.0
2024-06-24 12:35:00+09:00,4754.0,4755.0,4737.0,4742.0,6200,0.0,0.0
2024-06-24 12:40:00+09:00,4744.0,4751.0,4744.0,4751.0,1200,0.0,0.0
2024-06-24 12:45:00+09:00,4751.0,4751.0,4744.0,4744.0,3200,0.0,0.0
2024-06-24 12:50:00+09:00,4746.0,4751.0,4746.0,4749.0,4500,0.0,0.0
2024-06-24 12:55:00+09:00,4748.0,4750.0,4740.0,4740.0,4300,0.0,0.0
2024-06-24 13:00:00+09:00,4739.0,4745.0,4737.0,4740.0,5200,0.0,0.0
2024-06-24 13:05:00+09:00,4740.0,4743.0,4740.0,4742.0,600,0.0,0.0
2024-06-24 13:10:00+09:00,4742.0,4755.0,4741.0,4755.0,7000,0.0,0.0
2024-06-24 13:15:00+09:00,4756.0,4763.0,4754.0,4754.0,4100,0.0,0.0
2024-06-24 13:20:00+09:00,4756.0,4760.0,4754.0,4754.0,3700,0.0,0.0
2024-06-24 13:25:00+09:00,4754.0,4761.0,4754.0,4761.0,2300,0.0,0.0
2024-06-24 13:30:00+09:00,4763.0,4764.0,4754.0,4756.0,4300,0.0,0.0
2024-06-24 13:35:00+09:00,4756.0,4756.0,4751.0,4752.0,2100,0.0,0.0
2024-06-24 13:40:00+09:00,4753.0,4758.0,4753.0,4756.0,1400,0.0,0.0
2024-06-24 13:45:00+09:00,4754.0,4759.0,4753.0,4759.0,3400,0.0,0.0
2024-06-24 13:50:00+09:00,4755.0,4757.0,4755.0,4755.0,2600,0.0,0.0
2024-06-24 13:55:00+09:00,4755.0,4755.0,4747.0,4751.0,5900,0.0,0.0
2024-06-24 14:00:00+09:00,4752.0,4753.0,4746.0,4750.0,2600,0.0,0.0
2024-06-24 14:05:00+09:00,4749.0,4750.0,4747.0,4749.0,1100,0.0,0.0
2024-06-24 14:10:00+09:00,4748.0,4754.0,4748.0,4753.0,1900,0.0,0.0
2024-06-24 14:15:00+09:00,4753.0,4754.0,4750.0,4754.0,2900,0.0,0.0
2024-06-24 14:20:00+09:00,4754.0,4757.0,4751.0,4751.0,6000,0.0,0.0
2024-06-24 14:25:00+09:00,4750.0,4750.0,4740.0,4740.0,3700,0.0,0.0
2024-06-24 14:30:00+09:00,4741.0,4745.0,4740.0,4743.0,3300,0.0,0.0
2024-06-24 14:35:00+09:00,4744.0,4746.0,4740.0,4740.0,4700,0.0,0.0
2024-06-24 14:40:00+09:00,4740.0,4740.0,4727.0,4730.0,3900,0.0,0.0
2024-06-24 14:45:00+09:00,4731.0,4732.0,4718.0,4720.0,6900,0.0,0.0
2024-06-24 14:50:00+09:00,4720.0,4723.0,4714.0,4716.0,6100,0.0,0.0
2024-06-24 14:55:00+09:00,4716.0,4728.0,4715.0,4715.0,14000,0.0,0.0
2024-06-25 09:00:00+09:00,4703.0,4715.0,4681.0,4711.0,14500,0.0,0.0
2024-06-25 09:05:00+09:00,4715.0,4723.0,4697.0,4697.0,2800,0.0,0.0
2024-06-25 09:10:00+09:00,4706.0,4711.0,4703.0,4711.0,2400,0.0,0.0
2024-06-25 09:15:00+09:00,4718.0,4718.0,4699.0,4699.0,3700,0.0,0.0
2024-06-25 09:20:00+09:00,4703.0,4718.0,4703.0,4707.0,2800,0.0,0.0
2024-06-25 09:25:00+09:00,4708.0,4717.0,4708.0,4712.0,2100,0.0,0.0
2024-06-25 09:30:00+09:00,4714.0,4714.0,4699.0,4699.0,2000,0.0,0.0
2024-06-25 09:35:00+09:00,4703.0,4708.0,4702.0,4703.0,1900,0.0,0.0
2024-06-25 09:40:00+09:00,4709.0,4710.0,4706.0,4709.0,2400,0.0,0.0
2024-06-25 09:45:00+09:00,4709.0,4719.0,4708.0,4718.0,2600,0.0,0.0
2024-06-25 09:50:00+09:00,4719.0,4725.0,4714.0,4725.0,0,0.0,0.0
2024-06-25 09:55:00+09:00,4726.0,4726.0,4716.0,4716.0,41600,0.0,0.0
2024-06-25 10:00:00+09:00,4715.0,4715.0,4704.0,4704.0,1400,0.0,0.0
2024-06-25 10:05:00+09:00,4708.0,4710.0,4708.0,4709.0,1700,0.0,0.0
2024-06-25 10:10:00+09:00,4710.0,4717.0,4710.0,4716.0,2000,0.0,0.0
2024-06-25 10:15:00+09:00,4717.0,4722.0,4715.0,4722.0,2100,0.0,0.0
2024-06-25 10:20:00+09:00,4724.0,4730.0,4724.0,4727.0,3400,0.0,0.0
2024-06-25 10:25:00+09:00,4730.0,4734.0,4730.0,4734.0,2700,0.0,0.0
2024-06-25 10:30:00+09:00,4733.0,4733.0,4726.0,4731.0,2000,0.0,0.0
2024-06-25 10:35:00+09:00,4731.0,4736.0,4731.0,4736.0,2200,0.0,0.0
2024-06-25 10:40:00+09:00,4739.0,4747.0,4739.0,4744.0,3100,0.0,0.0
2024-06-25 10:45:00+09:00,4745.0,4747.0,4745.0,4747.0,500,0.0,0.0
2024-06-25 10:50:00+09:00,4747.0,4749.0,4744.0,4749.0,2000,0.0,0.0
2024-06-25 10:55:00+09:00,4751.0,4755.0,4744.0,4744.0,2400,0.0,0.0
2024-06-25 11:00:00+09:00,4744.0,4745.0,4742.0,4742.0,1100,0.0,0.0
2024-06-25 11:05:00+09:00,4744.0,4744.0,4743.0,4743.0,500,0.0,0.0
2024-06-25 11:10:00+09:00,4742.0,4742.0,4740.0,4742.0,1700,0.0,0.0
2024-06-25 11:15:00+09:00,4740.0,4744.0,4740.0,4743.0,1400,0.0,0.0
2024-06-25 11:20:00+09:00,4743.0,4743.0,4742.0,4743.0,600,0.0,0.0
2024-06-25 11:25:00+09:00,4744.0,4744.0,4741.0,4741.0,900,0.0,0.0
2024-06-25 11:30:00+09:00,4736.0,4736.0,4735.0,4735.0,900,0.0,0.0
2024-06-25 11:35:00+09:00,4735.0,4735.0,4735.0,4735.0,0,0.0,0.0
2024-06-25 12:30:00+09:00,4748.0,4748.0,4733.0,4735.0,78600,0.0,0.0
2024-06-25 12:35:00+09:00,4736.0,4742.0,4730.0,4730.0,3600,0.0,0.0
2024-06-25 12:40:00+09:00,4729.0,4730.0,4728.0,4728.0,600,0.0,0.0
2024-06-25 12:45:00+09:00,4732.0,4733.0,4730.0,4730.0,900,0.0,0.0
2024-06-25 12:50:00+09:00,4731.0,4731.0,4728.0,4728.0,1200,0.0,0.0
2024-06-25 12:55:00+09:00,4727.0,4727.0,4726.0,4726.0,400,0.0,0.0
2024-06-25 13:00:00+09:00,4723.0,4723.0,4716.0,4718.0,1400,0.0,0.0
2024-06-25 13:05:00+09:00,4714.0,4715.0,4714.0,4714.0,600,0.0,0.0
2024-06-25 13:10:00+09:00,4715.0,4723.0,4715.0,4722.0,3300,0.0,0.0
2024-06-25 13:15:00+09:00,4721.0,4721.0,4719.0,4720.0,700,0.0,0.0
2024-06-25 13:20:00+09:00,4718.0,4724.0,4718.0,4722.0,1500,0.0,0.0
2024-06-25 13:25:00+09:00,4723.0,4723.0,4721.0,4722.0,900,0.0,0.0
2024-06-25 13:30:00+09:00,4721.0,4721.0,4717.0,4719.0,1000,0.0,0.0
2024-06-25 13:35:00+09:00,4717.0,4718.0,4713.0,4713.0,900,0.0,0.0
2024-06-25 13:40:00+09:00,4713.0,4713.0,4713.0,4713.0,0,0.0,0.0
2024-06-25 13:45:00+09:00,4714.0,4716.0,4706.0,4706.0,99700,0.0,0.0
2024-06-25 13:50:00+09:00,4713.0,4713.0,4707.0,4707.0,1300,0.0,0.0
2024-06-25 13:55:00+09:00,4706.0,4707.0,4704.0,4707.0,1100,0.0,0.0
2024-06-25 14:00:00+09:00,4707.0,4707.0,4704.0,4704.0,2000,0.0,0.0
2024-06-25 14:05:00+09:00,4705.0,4706.0,4698.0,4698.0,1800,0.0,0.0
2024-06-25 14:10:00+09:00,4699.0,4701.0,4699.0,4700.0,500,0.0,0.0
2024-06-25 14:15:00+09:00,4701.0,4703.0,4698.0,4699.0,3100,0.0,0.0
2024-06-25 14:20:00+09:00,4699.0,4702.0,4696.0,4699.0,2600,0.0,0.0
2024-06-25 14:25:00+09:00,4700.0,4707.0,4699.0,4707.0,1100,0.0,0.0
2024-06-25 14:30:00+09:00,4708.0,4711.0,4707.0,4711.0,2800,0.0,0.0
2024-06-25 14:35:00+09:00,4711.0,4717.0,4711.0,4715.0,4200,0.0,0.0
2024-06-25 14:40:00+09:00,4715.0,4722.0,4715.0,4717.0,4500,0.0,0.0
2024-06-25 14:45:00+09:00,4720.0,4722.0,4719.0,4722.0,3100,0.0,0.0
2024-06-25 14:50:00+09:00,4722.0,4726.0,4721.0,4726.0,6400,0.0,0.0
2024-06-25 14:55:00+09:00,4727.0,4733.0,4714.0,4714.0,8300,0.0,0.0
2024-06-26 09:00:00+09:00,4638.0,4698.0,4604.0,4645.0,28300,0.0,0.0
2024-06-26 09:05:00+09:00,4650.0,4655.0,4623.0,4655.0,5200,0.0,0.0
2024-06-26 09:10:00+09:00,4653.0,4659.0,4651.0,4651.0,800,0.0,0.0
2024-06-26 09:15:00+09:00,4651.0,4660.0,4646.0,4659.0,3000,0.0,0.0
2024-06-26 09:20:00+09:00,4656.0,4673.0,4656.0,4668.0,3900,0.0,0.0
2024-06-26 09:25:00+09:00,4670.0,4679.0,4656.0,4656.0,1500,0.0,0.0
2024-06-26 09:30:00+09:00,4657.0,4657.0,4651.0,4651.0,600,0.0,0.0
2024-06-26 09:35:00+09:00,4651.0,4651.0,4632.0,4632.0,800,0.0,0.0
2024-06-26 09:40:00+09:00,4627.0,4631.0,4618.0,4625.0,1800,0.0,0.0
2024-06-26 09:45:00+09:00,4627.0,4627.0,4615.0,4623.0,1400,0.0,0.0
2024-06-26 09:50:00+09:00,4628.0,4629.0,4628.0,4629.0,400,0.0,0.0
2024-06-26 09:55:00+09:00,4631.0,4634.0,4622.0,4627.0,1100,0.0,0.0
2024-06-26 10:00:00+09:00,4621.0,4621.0,4621.0,4621.0,100,0.0,0.0
2024-06-26 10:05:00+09:00,4625.0,4644.0,4625.0,4633.0,0,0.0,0.0
2024-06-26 10:10:00+09:00,4638.0,4638.0,4630.0,4636.0,54300,0.0,0.0
2024-06-26 10:15:00+09:00,4632.0,4635.0,4631.0,4635.0,600,0.0,0.0
2024-06-26 10:20:00+09:00,4636.0,4643.0,4636.0,4640.0,700,0.0,0.0
2024-06-26 10:25:00+09:00,4640.0,4643.0,4638.0,4642.0,1100,0.0,0.0
2024-06-26 10:30:00+09:00,4643.0,4643.0,4633.0,4633.0,1200,0.0,0.0
2024-06-26 10:35:00+09:00,4637.0,4638.0,4631.0,4634.0,700,0.0,0.0
2024-06-26 10:40:00+09:00,4633.0,4645.0,4633.0,4644.0,1500,0.0,0.0
2024-06-26 10:45:00+09:00,4647.0,4657.0,4640.0,4657.0,1700,0.0,0.0
2024-06-26 10:50:00+09:00,4660.0,4678.0,4659.0,4670.0,4200,0.0,0.0
2024-06-26 10:55:00+09:00,4672.0,4672.0,4668.0,4668.0,900,0.0,0.0
2024-06-26 11:00:00+09:00,4665.0,4665.0,4656.0,4663.0,1700,0.0,0.0
2024-06-26 11:05:00+09:00,4661.0,4661.0,4661.0,4661.0,0,0.0,0.0
2024-06-26 11:10:00+09:00,4665.0,4665.0,4654.0,4654.0,70500,0.0,0.0
2024-06-26 11:15:00+09:00,4658.0,4661.0,4651.0,4651.0,1600,0.0,0.0
2024-06-26 11:20:00+09:00,4655.0,4655.0,4649.0,4649.0,500,0.0,0.0
2024-06-26 11:25:00+09:00,4653.0,4656.0,4652.0,4652.0,1300,0.0,0.0
2024-06-26 11:30:00+09:00,4659.0,4659.0,4659.0,4659.0,200,0.0,0.0
2024-06-26 11:35:00+09:00,4659.0,4659.0,4659.0,4659.0,0,0.0,0.0
2024-06-26 12:30:00+09:00,4641.0,4647.0,4635.0,4635.0,78800,0.0,0.0
2024-06-26 12:35:00+09:00,4634.0,4639.0,4630.0,4630.0,1100,0.0,0.0
2024-06-26 12:40:00+09:00,4629.0,4629.0,4625.0,4629.0,1000,0.0,0.0
2024-06-26 12:45:00+09:00,4627.0,4634.0,4627.0,4634.0,800,0.0,0.0
2024-06-26 12:50:00+09:00,4633.0,4634.0,4618.0,4623.0,2800,0.0,0.0
2024-06-26 12:55:00+09:00,4618.0,4618.0,4618.0,4618.0,100,0.0,0.0
2024-06-26 13:00:00+09:00,4616.0,4617.0,4612.0,4612.0,700,0.0,0.0
2024-06-26 13:10:00+09:00,4613.0,4619.0,4613.0,4619.0,1300,0.0,0.0
2024-06-26 13:15:00+09:00,4618.0,4624.0,4618.0,4619.0,1000,0.0,0.0
2024-06-26 13:20:00+09:00,4624.0,4643.0,4624.0,4642.0,2700,0.0,0.0
2024-06-26 13:25:00+09:00,4644.0,4646.0,4638.0,4638.0,1900,0.0,0.0
2024-06-26 13:30:00+09:00,4641.0,4644.0,4638.0,4643.0,1700,0.0,0.0
2024-06-26 13:35:00+09:00,4643.0,4645.0,4632.0,4632.0,3800,0.0,0.0
2024-06-26 13:40:00+09:00,4637.0,4642.0,4633.0,4640.0,2800,0.0,0.0
2024-06-26 13:45:00+09:00,4639.0,4639.0,4626.0,4626.0,3300,0.0,0.0
2024-06-26 13:50:00+09:00,4632.0,4632.0,4627.0,4631.0,400,0.0,0.0
2024-06-26 13:55:00+09:00,4630.0,4630.0,4619.0,4619.0,3400,0.0,0.0
2024-06-26 14:00:00+09:00,4618.0,4627.0,4617.0,4620.0,4500,0.0,0.0
2024-06-26 14:05:00+09:00,4622.0,4634.0,4622.0,4633.0,1800,0.0,0.0
2024-06-26 14:10:00+09:00,4633.0,4633.0,4629.0,4631.0,1800,0.0,0.0
2024-06-26 14:15:00+09:00,4632.0,4637.0,4629.0,4630.0,4200,0.0,0.0
2024-06-26 14:20:00+09:00,4632.0,4632.0,4630.0,4630.0,800,0.0,0.0
2024-06-26 14:25:00+09:00,4630.0,4632.0,4627.0,4627.0,1200,0.0,0.0
2024-06-26 14:30:00+09:00,4627.0,4631.0,4621.0,4621.0,3700,0.0,0.0
2024-06-26 14:35:00+09:00,4622.0,4624.0,4618.0,4618.0,2800,0.0,0.0
2024-06-26 14:40:00+09:00,4620.0,4622.0,4619.0,4620.0,4700,0.0,0.0
2024-06-26 14:45:00+09:00,4620.0,4622.0,4618.0,4618.0,3900,0.0,0.0
2024-06-26 14:50:00+09:00,4616.0,4621.0,4616.0,4617.0,4800,0.0,0.0
2024-06-26 14:55:00+09:00,4620.0,4630.0,4620.0,4625.0,12900,0.0,0.0
2024-06-27 09:00:00+09:00,2302.0,2318.0,2294.0,2297.0,18900,0.0,0.0
2024-06-27 09:05:00+09:00,2302.0,2306.0,2300.5,2304.0,3100,0.0,0.0
2024-06-27 09:10:00+09:00,2307.5,2313.5,2305.5,2309.0,4200,0.0,0.0
2024-06-27 09:15:00+09:00,2309.0,2309.0,2304.5,2304.5,1400,0.0,0.0
2024-06-27 09:20:00+09:00,2307.0,2315.0,2305.0,2315.0,3600,0.0,0.0
2024-06-27 09:25:00+09:00,2315.0,2321.5,2312.5,2317.0,4100,0.0,0.0
2024-06-27 09:30:00+09:00,2317.0,2317.0,2306.0,2307.5,2100,0.0,0.0
2024-06-27 09:35:00+09:00,2309.5,2319.5,2309.5,2319.5,3900,0.0,0.0
2024-06-27 09:40:00+09:00,2318.5,2320.0,2311.0,2311.5,2000,0.0,0.0
2024-06-27 09:45:00+09:00,2314.5,2315.0,2306.5,2315.0,3300,0.0,0.0
2024-06-27 09:50:00+09:00,2310.5,2317.0,2310.5,2317.0,1600,0.0,0.0
2024-06-27 09:55:00+09:00,2317.0,2317.0,2310.5,2310.5,3500,0.0,0.0
2024-06-27 10:00:00+09:00,2311.0,2316.0,2309.0,2312.5,3800,0.0,0.0
2024-06-27 10:05:00+09:00,2316.0,2316.5,2313.5,2314.0,1200,0.0,0.0
2024-06-27 10:10:00+09:00,2316.0,2321.0,2314.5,2321.0,1400,0.0,0.0
2024-06-27 10:15:00+09:00,2319.5,2321.0,2318.5,2320.0,2600,0.0,0.0
2024-06-27 10:20:00+09:00,2320.0,2323.0,2319.0,2323.0,600,0.0,0.0
2024-06-27 10:25:00+09:00,2322.5,2324.5,2321.0,2323.0,1600,0.0,0.0
2024-06-27 10:30:00+09:00,2320.5,2324.5,2320.5,2321.5,600,0.0,0.0
2024-06-27 10:35:00+09:00,2321.0,2328.0,2319.5,2328.0,2900,0.0,0.0
2024-06-27 10:40:00+09:00,2324.5,2329.0,2324.5,2329.0,2500,0.0,0.0
2024-06-27 10:45:00+09:00,2326.5,2329.0,2326.5,2328.5,500,0.0,0.0
2024-06-27 10:50:00+09:00,2327.0,2328.5,2322.0,2322.0,3500,0.0,0.0
2024-06-27 10:55:00+09:00,2321.5,2328.0,2321.0,2324.5,3300,0.0,0.0
2024-06-27 11:00:00+09:00,2325.5,2329.0,2324.5,2329.0,1600,0.0,0.0
2024-06-27 11:05:00+09:00,2329.0,2331.0,2327.0,2331.0,1100,0.0,0.0
2024-06-27 11:10:00+09:00,2329.5,2332.5,2329.5,2329.5,2600,0.0,0.0
2024-06-27 11:15:00+09:00,2329.5,2333.5,2329.0,2333.5,1700,0.0,0.0
2024-06-27 11:20:00+09:00,2334.0,2336.0,2332.5,2335.0,1900,0.0,0.0
2024-06-27 11:25:00+09:00,2334.5,2338.5,2333.5,2338.5,1500,0.0,0.0
2024-06-27 11:30:00+09:00,2339.0,2340.0,2339.0,2340.0,400,0.0,0.0
2024-06-27 11:35:00+09:00,2340.0,2340.0,2340.0,2340.0,0,0.0,0.0
2024-06-27 12:30:00+09:00,2346.0,2348.5,2339.0,2339.5,104400,0.0,0.0
2024-06-27 12:35:00+09:00,2338.5,2344.0,2338.5,2338.5,4800,0.0,0.0
2024-06-27 12:40:00+09:00,2340.5,2340.5,2340.5,2340.5,800,0.0,0.0
2024-06-27 12:45:00+09:00,2341.5,2345.0,2340.0,2345.0,1500,0.0,0.0
2024-06-27 12:50:00+09:00,2345.0,2345.0,2333.0,2335.5,7400,0.0,0.0
2024-06-27 12:55:00+09:00,2333.0,2337.0,2333.0,2336.5,700,0.0,0.0
2024-06-27 13:00:00+09:00,2337.0,2338.5,2337.0,2337.0,2000,0.0,0.0
2024-06-27 13:05:00+09:00,2338.5,2338.5,2334.0,2336.0,3200,0.0,0.0
2024-06-27 13:10:00+09:00,2336.0,2338.0,2335.5,2337.0,900,0.0,0.0
2024-06-27 13:15:00+09:00,2338.5,2338.5,2335.5,2336.0,1400,0.0,0.0
2024-06-27 13:20:00+09:00,2338.0,2340.5,2337.5,2339.5,3800,0.0,0.0
2024-06-27 13:25:00+09:00,2339.0,2341.0,2338.5,2341.0,900,0.0,0.0
2024-06-27 13:30:00+09:00,2340.5,2341.5,2340.0,2341.5,1500,0.0,0.0
2024-06-27 13:35:00+09:00,2341.0,2341.0,2339.5,2341.0,1500,0.0,0.0
2024-06-27 13:40:00+09:00,2342.5,2342.5,2339.5,2341.0,600,0.0,0.0
2024-06-27 13:45:00+09:00,2340.5,2343.0,2340.5,2343.0,4400,0.0,0.0
2024-06-27 13:50:00+09:00,2342.5,2342.5,2337.5,2339.0,2000,0.0,0.0
2024-06-27 13:55:00+09:00,2339.0,2341.0,2338.0,2338.0,1400,0.0,0.0
2024-06-27 14:00:00+09:00,2339.0,2342.5,2337.0,2338.0,4500,0.0,0.0
2024-06-27 14:05:00+09:00,2337.5,2338.0,2334.5,2335.0,3400,0.0,0.0
2024-06-27 14:10:00+09:00,2335.0,2340.0,2334.5,2334.5,3600,0.0,0.0
2024-06-27 14:15:00+09:00,2335.0,2336.0,2334.0,2336.0,2000,0.0,0.0
2024-06-27 14:20:00+09:00,2333.5,2336.5,2333.5,2336.5,1500,0.0,0.0
2024-06-27 14:25:00+09:00,2336.5,2337.0,2334.5,2335.0,3000,0.0,0.0
2024-06-27 14:30:00+09:00,2335.0,2338.0,2335.0,2338.0,1700,0.0,0.0
2024-06-27 14:35:00+09:00,2338.0,2338.0,2336.0,2337.5,3200,0.0,0.0
2024-06-27 14:40:00+09:00,2337.5,2339.0,2336.5,2337.5,1900,0.0,0.0
2024-06-27 14:45:00+09:00,2338.0,2339.0,2336.5,2339.0,1600,0.0,0.0
2024-06-27 14:50:00+09:00,2339.0,2343.5,2338.0,2340.0,7400,0.0,0.0
2024-06-27 14:55:00+09:00,2340.5,2350.0,2339.0,2350.0,16400,0.0,0.0
2024-06-28 09:00:00+09:00,2333.0,2333.0,2302.5,2310.5,36000,0.0,0.0
2024-06-28 09:05:00+09:00,2310.5,2327.0,2310.5,2318.5,7300,0.0,0.0
2024-06-28 09:10:00+09:00,2320.5,2328.0,2316.5,2328.0,5300,0.0,0.0
2024-06-28 09:15:00+09:00,2330.0,2332.0,2322.0,2331.5,3500,0.0,0.0
2024-06-28 09:20:00+09:00,2330.0,2330.0,2319.0,2322.0,5000,0.0,0.0
2024-06-28 09:25:00+09:00,2321.5,2321.5,2319.5,2320.0,1500,0.0,0.0
2024-06-28 09:30:00+09:00,2320.0,2320.0,2312.5,2314.0,2400,0.0,0.0
2024-06-28 09:35:00+09:00,2316.0,2317.0,2311.0,2314.5,2200,0.0,0.0
2024-06-28 09:40:00+09:00,2316.0,2316.5,2315.0,2315.5,800,0.0,0.0
2024-06-28 09:45:00+09:00,2315.5,2315.5,2314.0,2314.0,1600,0.0,0.0
2024-06-28 09:50:00+09:00,2313.0,2322.0,2312.5,2321.0,2400,0.0,0.0
2024-06-28 09:55:00+09:00,2325.0,2332.0,2325.0,2332.0,500,0.0,0.0
2024-06-28 10:00:00+09:00,2330.0,2333.0,2327.0,2327.5,2200,0.0,0.0
2024-06-28 10:05:00+09:00,2328.0,2329.0,2321.5,2321.5,2900,0.0,0.0
2024-06-28 10:10:00+09:00,2323.5,2328.5,2320.5,2324.0,3600,0.0,0.0
2024-06-28 10:15:00+09:00,2326.5,2328.5,2326.5,2328.5,600,0.0,0.0
2024-06-28 10:20:00+09:00,2328.5,2330.5,2328.5,2330.5,1100,0.0,0.0
2024-06-28 10:25:00+09:00,2330.0,2330.0,2328.0,2328.0,2000,0.0,0.0
2024-06-28 10:30:00+09:00,2330.5,2331.5,2327.5,2327.5,2300,0.0,0.0
2024-06-28 10:35:00+09:00,2326.5,2332.0,2326.0,2328.5,2700,0.0,0.0
2024-06-28 10:40:00+09:00,2327.5,2327.5,2325.0,2327.0,1800,0.0,0.0
2024-06-28 10:45:00+09:00,2325.0,2325.0,2320.5,2322.5,2000,0.0,0.0
2024-06-28 10:50:00+09:00,2323.0,2329.5,2323.0,2329.5,1500,0.0,0.0
2024-06-28 10:55:00+09:00,2327.5,2330.5,2324.5,2326.0,2200,0.0,0.0
2024-06-28 11:00:00+09:00,2325.0,2331.5,2324.5,2330.5,1900,0.0,0.0
2024-06-28 11:05:00+09:00,2330.5,2336.0,2330.0,2333.0,4000,0.0,0.0
2024-06-28 11:10:00+09:00,2329.0,2332.5,2327.0,2330.0,4000,0.0,0.0
2024-06-28 11:15:00+09:00,2331.5,2333.0,2330.5,2330.5,1400,0.0,0.0
2024-06-28 11:20:00+09:00,2330.0,2331.5,2329.5,2331.0,1800,0.0,0.0
2024-06-28 11:25:00+09:00,2332.5,2334.5,2330.0,2331.0,1200,0.0,0.0
2024-06-28 11:30:00+09:00,2332.0,2332.0,2332.0,2332.0,300,0.0,0.0
2024-06-28 11:35:00+09:00,2332.0,2332.0,2332.0,2332.0,0,0.0,0.0
2024-06-28 12:30:00+09:00,2324.0,2324.5,2317.0,2324.5,119500,0.0,0.0
2024-06-28 12:35:00+09:00,2325.0,2326.0,2323.5,2324.5,900,0.0,0.0
2024-06-28 12:40:00+09:00,2324.5,2327.5,2323.5,2327.5,2300,0.0,0.0
2024-06-28 12:45:00+09:00,2325.5,2328.5,2325.5,2328.5,500,0.0,0.0
2024-06-28 12:50:00+09:00,2329.0,2330.0,2325.5,2325.5,2900,0.0,0.0
2024-06-28 12:55:00+09:00,2328.0,2328.0,2327.0,2328.0,900,0.0,0.0
2024-06-28 13:00:00+09:00,2327.0,2330.0,2327.0,2330.0,900,0.0,0.0
2024-06-28 13:05:00+09:00,2327.5,2330.0,2327.5,2329.0,1600,0.0,0.0
2024-06-28 13:10:00+09:00,2331.0,2333.5,2328.5,2328.5,2600,0.0,0.0
2024-06-28 13:15:00+09:00,2332.0,2332.5,2332.0,2332.5,400,0.0,0.0
2024-06-28 13:20:00+09:00,2333.0,2336.0,2332.5,2336.0,1200,0.0,0.0
2024-06-28 13:25:00+09:00,2333.0,2336.0,2333.0,2336.0,800,0.0,0.0
2024-06-28 13:30:00+09:00,2336.0,2336.0,2333.5,2333.5,2200,0.0,0.0
2024-06-28 13:35:00+09:00,2333.5,2334.0,2332.0,2332.0,3500,0.0,0.0
2024-06-28 13:40:00+09:00,2331.5,2331.5,2331.5,2331.5,100,0.0,0.0
2024-06-28 13:45:00+09:00,2333.5,2334.5,2328.5,2328.5,5300,0.0,0.0
2024-06-28 13:50:00+09:00,2328.5,2329.5,2328.0,2328.0,2300,0.0,0.0
2024-06-28 13:55:00+09:00,2328.0,2328.0,2320.5,2321.5,2300,0.0,0.0
2024-06-28 14:00:00+09:00,2320.5,2320.5,2317.5,2318.0,2000,0.0,0.0
2024-06-28 14:05:00+09:00,2318.5,2326.0,2317.5,2326.0,4000,0.0,0.0
2024-06-28 14:10:00+09:00,2324.0,2324.0,2322.0,2322.0,800,0.0,0.0
2024-06-28 14:15:00+09:00,2324.0,2328.5,2319.5,2323.5,4000,0.0,0.0
2024-06-28 14:20:00+09:00,2321.0,2323.0,2319.0,2319.0,2100,0.0,0.0
2024-06-28 14:25:00+09:00,2320.0,2321.0,2316.5,2316.5,3400,0.0,0.0
2024-06-28 14:30:00+09:00,2316.0,2316.0,2312.0,2314.0,2200,0.0,0.0
2024-06-28 14:35:00+09:00,2314.0,2314.5,2312.5,2312.5,2700,0.0,0.0
2024-06-28 14:40:00+09:00,2313.5,2315.0,2312.0,2312.0,3700,0.0,0.0
2024-06-28 14:45:00+09:00,2313.5,2315.5,2312.5,2315.5,2500,0.0,0.0
2024-06-28 14:50:00+09:00,2315.5,2319.0,2315.0,2316.0,9300,0.0,0.0
2024-06-28 14:55:00+09:00,2315.5,2324.0,2315.0,2318.0,14500,0.0,0.0
2024-07-01 09:00:00+09:00,2348.0,2354.0,2331.0,2334.5,24600,0.0,0.0
2024-07-01 09:05:00+09:00,2339.5,2346.0,2338.0,2345.5,3700,0.0,0.0
2024-07-01 09:10:00+09:00,2346.0,2346.0,2336.0,2336.0,1900,0.0,0.0
2024-07-01 09:15:00+09:00,2333.5,2342.0,2333.5,2336.0,2100,0.0,0.0
2024-07-01 09:20:00+09:00,2337.0,2337.5,2334.0,2335.5,1100,0.0,0.0
2024-07-01 09:25:00+09:00,2337.0,2339.0,2335.0,2335.0,3200,0.0,0.0
2024-07-01 09:30:00+09:00,2339.5,2339.5,2333.5,2333.5,2100,0.0,0.0
2024-07-01 09:35:00+09:00,2331.5,2331.5,2329.0,2329.0,1500,0.0,0.0
2024-07-01 09:40:00+09:00,2329.0,2329.0,2327.5,2328.0,600,0.0,0.0
2024-07-01 09:45:00+09:00,2330.5,2330.5,2328.0,2329.0,1200,0.0,0.0
2024-07-01 09:50:00+09:00,2328.0,2329.5,2326.0,2328.5,1800,0.0,0.0
2024-07-01 09:55:00+09:00,2330.5,2331.5,2329.5,2331.5,1800,0.0,0.0
2024-07-01 10:00:00+09:00,2331.5,2334.0,2331.0,2333.0,1700,0.0,0.0
2024-07-01 10:05:00+09:00,2333.5,2333.5,2331.0,2332.5,700,0.0,0.0
2024-07-01 10:10:00+09:00,2331.5,2331.5,2330.5,2330.5,500,0.0,0.0
2024-07-01 10:15:00+09:00,2331.0,2331.0,2327.5,2330.0,2700,0.0,0.0
2024-07-01 10:20:00+09:00,2329.0,2329.0,2329.0,2329.0,100,0.0,0.0
2024-07-01 10:25:00+09:00,2330.0,2330.0,2326.5,2329.0,3700,0.0,0.0
2024-07-01 10:30:00+09:00,2326.0,2326.0,2323.0,2324.5,3000,0.0,0.0
2024-07-01 10:35:00+09:00,2324.5,2324.5,2323.0,2324.0,1000,0.0,0.0
2024-07-01 10:40:00+09:00,2324.5,2329.5,2323.0,2324.5,3100,0.0,0.0
2024-07-01 10:45:00+09:00,2323.5,2325.5,2323.5,2324.0,1100,0.0,0.0
2024-07-01 10:50:00+09:00,2324.5,2324.5,2321.5,2321.5,3200,0.0,0.0
2024-07-01 10:55:00+09:00,2321.0,2321.0,2320.0,2321.0,1700,0.0,0.0
2024-07-01 11:00:00+09:00,2321.0,2321.0,2318.5,2318.5,1900,0.0,0.0
2024-07-01 11:05:00+09:00,2320.0,2320.0,2318.0,2318.5,1100,0.0,0.0
2024-07-01 11:10:00+09:00,2318.0,2318.0,2316.0,2316.0,1400,0.0,0.0
2024-07-01 11:15:00+09:00,2316.0,2316.0,2315.0,2315.0,600,0.0,0.0
2024-07-01 11:20:00+09:00,2315.5,2316.0,2315.0,2315.5,1500,0.0,0.0
2024-07-01 11:25:00+09:00,2315.5,2318.5,2315.0,2315.0,1300,0.0,0.0
2024-07-01 11:30:00+09:00,2318.0,2318.0,2318.0,2318.0,200,0.0,0.0
2024-07-01 11:35:00+09:00,2318.0,2318.0,2318.0,2318.0,0,0.0,0.0
2024-07-01 12:30:00+09:00,2312.5,2315.5,2291.0,2294.5,90900,0.0,0.0
2024-07-01 12:35:00+09:00,2295.0,2300.5,2293.0,2299.5,7200,0.0,0.0
2024-07-01 12:40:00+09:00,2297.5,2300.0,2297.5,2300.0,1300,0.0,0.0
2024-07-01 12:45:00+09:00,2298.0,2298.0,2295.0,2297.5,2800,0.0,0.0
2024-07-01 12:50:00+09:00,2298.0,2298.5,2296.0,2296.0,1400,0.0,0.0
2024-07-01 12:55:00+09:00,2297.5,2298.0,2295.5,2298.0,4100,0.0,0.0
2024-07-01 13:00:00+09:00,2298.0,2298.5,2296.5,2297.5,2100,0.0,0.0
2024-07-01 13:05:00+09:00,2297.0,2298.0,2297.0,2298.0,1000,0.0,0.0
2024-07-01 13:10:00+09:00,2299.0,2301.0,2299.0,2301.0,3100,0.0,0.0
2024-07-01 13:15:00+09:00,2301.0,2301.0,2299.0,2300.0,3000,0.0,0.0
2024-07-01 13:20:00+09:00,2300.0,2301.5,2299.0,2301.5,2100,0.0,0.0
2024-07-01 13:25:00+09:00,2301.0,2306.0,2300.5,2305.0,2900,0.0,0.0
2024-07-01 13:30:00+09:00,2305.0,2305.0,2299.5,2301.5,8800,0.0,0.0
2024-07-01 13:35:00+09:00,2299.0,2300.5,2299.0,2299.5,1700,0.0,0.0
2024-07-01 13:40:00+09:00,2299.5,2301.5,2299.0,2301.0,2400,0.0,0.0
2024-07-01 13:45:00+09:00,2301.5,2305.5,2301.5,2304.0,4900,0.0,0.0
2024-07-01 13:50:00+09:00,2304.0,2304.5,2301.5,2301.5,3800,0.0,0.0
2024-07-01 13:55:00+09:00,2299.0,2300.5,2297.0,2297.0,3800,0.0,0.0
2024-07-01 14:00:00+09:00,2297.0,2299.5,2295.5,2299.5,3700,0.0,0.0
2024-07-01 14:05:00+09:00,2300.0,2300.0,2298.5,2298.5,1700,0.0,0.0
2024-07-01 14:10:00+09:00,2298.5,2301.0,2298.0,2301.0,6700,0.0,0.0
2024-07-01 14:15:00+09:00,2301.0,2308.0,2301.0,2306.5,6200,0.0,0.0
2024-07-01 14:20:00+09:00,2306.0,2308.0,2302.5,2306.0,7100,0.0,0.0
2024-07-01 14:25:00+09:00,2306.5,2315.0,2304.5,2313.5,4600,0.0,0.0
2024-07-01 14:30:00+09:00,2310.5,2315.5,2309.0,2309.0,4600,0.0,0.0
2024-07-01 14:35:00+09:00,2309.0,2310.5,2307.5,2307.5,7000,0.0,0.0
2024-07-01 14:40:00+09:00,2307.0,2311.0,2307.0,2311.0,5900,0.0,0.0
2024-07-01 14:45:00+09:00,2312.0,2312.5,2311.0,2312.0,5300,0.0,0.0
2024-07-01 14:50:00+09:00,2312.0,2313.0,2311.0,2311.5,5500,0.0,0.0
2024-07-01 14:55:00+09:00,2311.5,2319.5,2307.0,2307.0,18700,0.0,0.0
2024-07-02 09:00:00+09:00,2308.5,2332.0,2308.5,2330.0,33800,0.0,0.0
2024-07-02 09:05:00+09:00,2331.0,2334.5,2329.0,2330.5,5900,0.0,0.0
2024-07-02 09:10:00+09:00,2330.0,2333.5,2326.0,2331.0,4100,0.0,0.0
2024-07-02 09:15:00+09:00,2329.5,2329.5,2325.0,2326.5,1900,0.0,0.0
2024-07-02 09:20:00+09:00,2330.0,2331.0,2327.5,2329.5,1400,0.0,0.0
2024-07-02 09:25:00+09:00,2331.5,2332.5,2328.5,2329.5,1300,0.0,0.0
2024-07-02 09:30:00+09:00,2330.0,2330.0,2320.0,2320.0,4500,0.0,0.0
2024-07-02 09:35:00+09:00,2322.5,2328.5,2322.5,2325.5,2700,0.0,0.0
2024-07-02 09:40:00+09:00,2326.0,2328.5,2325.5,2326.0,1400,0.0,0.0
2024-07-02 09:45:00+09:00,2327.5,2329.0,2320.5,2322.0,4700,0.0,0.0
2024-07-02 09:50:00+09:00,2321.0,2321.0,2319.0,2320.5,1000,0.0,0.0
2024-07-02 09:55:00+09:00,2319.0,2322.0,2317.5,2318.0,2000,0.0,0.0
2024-07-02 10:00:00+09:00,2317.5,2317.5,2313.0,2313.0,900,0.0,0.0
2024-07-02 10:05:00+09:00,2314.5,2321.0,2314.5,2320.5,4100,0.0,0.0
2024-07-02 10:10:00+09:00,2320.0,2322.0,2318.0,2322.0,1600,0.0,0.0
2024-07-02 10:15:00+09:00,2324.0,2324.0,2317.5,2319.0,3900,0.0,0.0
2024-07-02 10:20:00+09:00,2319.5,2319.5,2316.0,2318.5,2200,0.0,0.0
2024-07-02 10:25:00+09:00,2319.0,2325.5,2319.0,2325.5,3700,0.0,0.0
2024-07-02 10:30:00+09:00,2324.0,2326.0,2323.5,2325.0,1900,0.0,0.0
2024-07-02 10:35:00+09:00,2326.0,2329.0,2325.0,2327.0,6200,0.0,0.0
2024-07-02 10:40:00+09:00,2329.0,2333.0,2329.0,2330.5,2500,0.0,0.0
2024-07-02 10:45:00+09:00,2331.5,2331.5,2325.5,2325.5,0,0.0,0.0
2024-07-02 10:50:00+09:00,2323.5,2323.5,2321.5,2321.5,98300,0.0,0.0
2024-07-02 10:55:00+09:00,2320.5,2322.5,2319.0,2322.5,2100,0.0,0.0
2024-07-02 11:00:00+09:00,2322.0,2323.5,2321.0,2321.5,2000,0.0,0.0
2024-07-02 11:05:00+09:00,2320.5,2321.0,2318.5,2318.5,2700,0.0,0.0
2024-07-02 11:10:00+09:00,2318.5,2318.5,2316.5,2317.0,1200,0.0,0.0
2024-07-02 11:15:00+09:00,2317.5,2318.0,2316.5,2317.0,2100,0.0,0.0
2024-07-02 11:20:00+09:00,2316.0,2316.0,2307.0,2307.0,2800,0.0,0.0
2024-07-02 11:25:00+09:00,2303.5,2306.5,2303.0,2306.5,1900,0.0,0.0
2024-07-02 11:30:00+09:00,2306.5,2306.5,2306.5,2306.5,300,0.0,0.0
2024-07-02 11:35:00+09:00,2306.5,2306.5,2306.5,2306.5,0,0.0,0.0
2024-07-02 12:30:00+09:00,2302.5,2304.5,2300.5,2302.5,122700,0.0,0.0
2024-07-02 12:35:00+09:00,2302.5,2307.5,2302.5,2307.5,1700,0.0,0.0
2024-07-02 12:40:00+09:00,2307.0,2310.0,2306.5,2306.5,4800,0.0,0.0
2024-07-02 12:45:00+09:00,2306.0,2306.0,2302.5,2304.0,2700,0.0,0.0
2024-07-02 12:50:00+09:00,2305.0,2306.5,2304.5,2306.5,1600,0.0,0.0
2024-07-02 12:55:00+09:00,2306.5,2310.0,2306.0,2309.0,1100,0.0,0.0
2024-07-02 13:00:00+09:00,2310.0,2312.5,2310.0,2311.5,1300,0.0,0.0
2024-07-02 13:05:00+09:00,2311.5,2312.5,2311.5,2312.0,1700,0.0,0.0
2024-07-02 13:10:00+09:00,2313.0,2320.0,2313.0,2320.0,3300,0.0,0.0
2024-07-02 13:15:00+09:00,2321.0,2322.5,2315.5,2318.0,6600,0.0,0.0
2024-07-02 13:20:00+09:00,2318.0,2318.5,2317.0,2317.0,500,0.0,0.0
2024-07-02 13:25:00+09:00,2318.0,2324.0,2317.0,2324.0,3200,0.0,0.0
2024-07-02 13:30:00+09:00,2324.5,2325.0,2323.0,2324.5,2200,0.0,0.0
2024-07-02 13:35:00+09:00,2324.0,2328.5,2323.5,2326.5,4300,0.0,0.0
2024-07-02 13:40:00+09:00,2327.0,2329.5,2327.0,2329.0,2200,0.0,0.0
2024-07-02 13:45:00+09:00,2329.5,2331.5,2328.5,2331.5,4400,0.0,0.0
2024-07-02 13:50:00+09:00,2333.0,2333.0,2330.0,2332.5,5100,0.0,0.0
2024-07-02 13:55:00+09:00,2332.0,2332.5,2330.0,2331.5,6200,0.0,0.0
2024-07-02 14:00:00+09:00,2331.0,2332.0,2330.5,2331.5,2700,0.0,0.0
2024-07-02 14:05:00+09:00,2332.0,2333.5,2331.0,2333.0,6000,0.0,0.0
2024-07-02 14:10:00+09:00,2334.0,2334.5,2332.5,2333.5,3100,0.0,0.0
2024-07-02 14:15:00+09:00,2334.5,2335.0,2333.0,2335.0,6700,0.0,0.0
2024-07-02 14:20:00+09:00,2335.0,2336.0,2334.0,2334.0,5600,0.0,0.0
2024-07-02 14:25:00+09:00,2335.0,2336.0,2334.0,2335.0,3400,0.0,0.0
2024-07-02 14:30:00+09:00,2336.0,2337.5,2335.5,2336.0,3100,0.0,0.0
2024-07-02 14:35:00+09:00,2337.5,2339.5,2337.5,2338.0,5800,0.0,0.0
2024-07-02 14:40:00+09:00,2338.5,2341.5,2338.5,2338.5,5400,0.0,0.0
2024-07-02 14:45:00+09:00,2338.5,2340.0,2324.5,2327.0,19900,0.0,0.0
2024-07-02 14:50:00+09:00,2327.5,2327.5,2320.0,2320.0,12200,0.0,0.0
2024-07-02 14:55:00+09:00,2319.5,2324.0,2317.5,2317.5,16200,0.0,0.0
2024-07-03 09:00:00+09:00,2323.5,2323.5,2319.0,2320.0,9700,0.0,0.0
2024-07-03 09:05:00+09:00,2321.5,2324.5,2321.0,2324.5,2800,0.0,0.0
2024-07-03 09:10:00+09:00,2325.5,2335.0,2321.5,2335.0,3100,0.0,0.0
2024-07-03 09:15:00+09:00,2333.0,2333.0,2323.5,2323.5,2100,0.0,0.0
2024-07-03 09:20:00+09:00,2325.0,2329.0,2321.0,2329.0,2000,0.0,0.0
2024-07-03 09:25:00+09:00,2331.0,2334.5,2331.0,2334.5,1300,0.0,0.0
2024-07-03 09:30:00+09:00,2334.5,2340.0,2330.5,2330.5,4100,0.0,0.0
2024-07-03 09:35:00+09:00,2328.0,2329.0,2326.5,2329.0,400,0.0,0.0
2024-07-03 09:40:00+09:00,2329.0,2332.0,2329.0,2332.0,2400,0.0,0.0
2024-07-03 09:45:00+09:00,2332.0,2332.0,2327.0,2327.0,2700,0.0,0.0
2024-07-03 09:50:00+09:00,2327.0,2327.0,2325.0,2325.0,900,0.0,0.0
2024-07-03 09:55:00+09:00,2323.5,2324.0,2323.5,2324.0,900,0.0,0.0
2024-07-03 10:00:00+09:00,2325.0,2328.5,2323.0,2328.5,4500,0.0,0.0
2024-07-03 10:05:00+09:00,2329.5,2336.0,2329.5,2336.0,4200,0.0,0.0
2024-07-03 10:10:00+09:00,2340.0,2343.0,2338.0,2340.0,6100,0.0,0.0
2024-07-03 10:15:00+09:00,2342.0,2344.0,2339.0,2340.0,8400,0.0,0.0
2024-07-03 10:20:00+09:00,2340.0,2346.0,2340.0,2342.5,5400,0.0,0.0
2024-07-03 10:25:00+09:00,2343.5,2344.5,2342.0,2344.5,3500,0.0,0.0
2024-07-03 10:30:00+09:00,2345.0,2346.5,2344.0,2345.5,3900,0.0,0.0
2024-07-03 10:35:00+09:00,2345.5,2346.5,2344.5,2346.0,3300,0.0,0.0
2024-07-03 10:40:00+09:00,2346.5,2349.0,2343.0,2343.0,5300,0.0,0.0
2024-07-03 10:45:00+09:00,2343.5,2349.0,2343.5,2349.0,6300,0.0,0.0
2024-07-03 10:50:00+09:00,2349.0,2353.0,2349.0,2351.0,6100,0.0,0.0
2024-07-03 10:55:00+09:00,2351.0,2353.5,2350.0,2351.0,5700,0.0,0.0
2024-07-03 11:00:00+09:00,2350.5,2357.0,2349.5,2355.5,10100,0.0,0.0
2024-07-03 11:05:00+09:00,2356.5,2365.5,2356.5,2365.5,4900,0.0,0.0
2024-07-03 11:10:00+09:00,2364.0,2364.0,2356.0,2363.0,10100,0.0,0.0
2024-07-03 11:15:00+09:00,2363.0,2369.5,2363.0,2369.5,2200,0.0,0.0
2024-07-03 11:20:00+09:00,2369.5,2370.0,2366.5,2370.0,3700,0.0,0.0
2024-07-03 11:25:00+09:00,2370.0,2380.0,2370.0,2377.0,4500,0.0,0.0
2024-07-03 11:30:00+09:00,2377.0,2377.0,2376.5,2376.5,8600,0.0,0.0
2024-07-03 11:35:00+09:00,2376.5,2376.5,2376.5,2376.5,0,0.0,0.0
2024-07-03 12:30:00+09:00,2377.0,2388.0,2374.0,2385.5,161500,0.0,0.0
2024-07-03 12:35:00+09:00,2384.0,2384.5,2377.0,2378.0,11700,0.0,0.0
2024-07-03 12:40:00+09:00,2378.0,2380.5,2376.0,2380.5,5500,0.0,0.0
2024-07-03 12:45:00+09:00,2381.0,2383.5,2377.5,2377.5,7500,0.0,0.0
2024-07-03 12:50:00+09:00,2377.0,2380.5,2377.0,2380.0,8500,0.0,0.0
2024-07-03 12:55:00+09:00,2379.5,2385.0,2378.5,2382.5,8200,0.0,0.0
2024-07-03 13:00:00+09:00,2381.5,2383.0,2380.5,2381.0,5900,0.0,0.0
2024-07-03 13:05:00+09:00,2380.5,2382.5,2380.5,2382.5,4800,0.0,0.0
2024-07-03 13:10:00+09:00,2382.5,2384.0,2382.0,2383.0,7600,0.0,0.0
2024-07-03 13:15:00+09:00,2383.5,2384.0,2380.5,2380.5,5300,0.0,0.0
2024-07-03 13:20:00+09:00,2380.5,2382.5,2378.5,2378.5,6700,0.0,0.0
2024-07-03 13:25:00+09:00,2378.5,2378.5,2376.0,2378.5,5700,0.0,0.0
2024-07-03 13:30:00+09:00,2378.5,2379.0,2370.0,2371.5,5000,0.0,0.0
2024-07-03 13:35:00+09:00,2370.5,2370.5,2369.0,2369.0,4700,0.0,0.0
2024-07-03 13:40:00+09:00,2369.5,2374.5,2369.0,2371.5,8600,0.0,0.0
2024-07-03 13:45:00+09:00,2371.5,2376.5,2371.5,2376.5,6000,0.0,0.0
2024-07-03 13:50:00+09:00,2377.5,2377.5,2370.5,2370.5,6300,0.0,0.0
2024-07-03 13:55:00+09:00,2370.5,2374.0,2370.5,2373.5,6100,0.0,0.0
2024-07-03 14:00:00+09:00,2372.0,2376.5,2372.0,2373.0,7600,0.0,0.0
2024-07-03 14:05:00+09:00,2373.5,2375.0,2372.5,2375.0,6400,0.0,0.0
2024-07-03 14:10:00+09:00,2374.5,2375.5,2374.0,2375.5,6700,0.0,0.0
2024-07-03 14:15:00+09:00,2375.5,2376.5,2374.0,2376.5,6700,0.0,0.0
2024-07-03 14:20:00+09:00,2376.5,2379.5,2375.5,2379.5,7600,0.0,0.0
2024-07-03 14:25:00+09:00,2379.5,2380.0,2377.5,2378.5,6900,0.0,0.0
2024-07-03 14:30:00+09:00,2379.0,2383.0,2376.5,2383.0,11400,0.0,0.0
2024-07-03 14:35:00+09:00,2382.5,2385.0,2380.5,2383.5,10800,0.0,0.0
2024-07-03 14:40:00+09:00,2383.5,2385.0,2383.5,2383.5,9200,0.0,0.0
2024-07-03 14:45:00+09:00,2383.0,2383.5,2379.5,2381.0,14600,0.0,0.0
2024-07-03 14:50:00+09:00,2379.5,2380.5,2377.5,2377.5,13200,0.0,0.0
2024-07-03 14:55:00+09:00,2377.5,2383.0,2373.0,2373.5,29100,0.0,0.0
2024-07-04 09:00:00+09:00,2398.0,2407.5,2398.0,2401.0,38700,0.0,0.0
2024-07-04 09:05:00+09:00,2399.0,2409.5,2399.0,2409.5,6900,0.0,0.0
2024-07-04 09:10:00+09:00,2409.5,2416.5,2404.0,2408.0,6300,0.0,0.0
2024-07-04 09:15:00+09:00,2408.0,2412.5,2406.5,2411.0,4400,0.0,0.0
2024-07-04 09:20:00+09:00,2411.5,2411.5,2407.0,2408.5,3000,0.0,0.0
2024-07-04 09:25:00+09:00,2408.5,2409.0,2402.5,2405.5,3100,0.0,0.0
2024-07-04 09:30:00+09:00,2404.5,2405.5,2394.5,2394.5,2800,0.0,0.0
2024-07-04 09:35:00+09:00,2395.5,2397.5,2395.5,2397.5,2300,0.0,0.0
2024-07-04 09:40:00+09:00,2397.5,2401.0,2397.5,2400.5,2500,0.0,0.0
2024-07-04 09:45:00+09:00,2400.5,2404.5,2400.5,2404.5,2400,0.0,0.0
2024-07-04 09:50:00+09:00,2402.0,2402.5,2399.5,2400.5,2400,0.0,0.0
2024-07-04 09:55:00+09:00,2402.5,2405.5,2402.5,2405.5,2600,0.0,0.0
2024-07-04 10:00:00+09:00,2405.5,2405.5,2401.0,2401.0,1200,0.0,0.0
2024-07-04 10:05:00+09:00,2401.0,2401.0,2400.0,2400.5,700,0.0,0.0
2024-07-04 10:10:00+09:00,2398.0,2398.0,2392.0,2397.0,6900,0.0,0.0
2024-07-04 10:15:00+09:00,2397.0,2399.5,2396.0,2399.0,4300,0.0,0.0
2024-07-04 10:20:00+09:00,2399.0,2399.0,2395.5,2397.0,1000,0.0,0.0
2024-07-04 10:25:00+09:00,2397.0,2397.5,2395.5,2397.0,1100,0.0,0.0
2024-07-04 10:30:00+09:00,2397.5,2397.5,2394.5,2394.5,1100,0.0,0.0
2024-07-04 10:35:00+09:00,2394.5,2394.5,2389.5,2389.5,2000,0.0,0.0
2024-07-04 10:40:00+09:00,2387.5,2387.5,2383.5,2384.5,3700,0.0,0.0
2024-07-04 10:45:00+09:00,2383.5,2383.5,2377.0,2379.5,2300,0.0,0.0
2024-07-04 10:50:00+09:00,2378.0,2378.0,2373.0,2377.5,4600,0.0,0.0
2024-07-04 10:55:00+09:00,2376.5,2376.5,2372.5,2376.5,3000,0.0,0.0
2024-07-04 11:00:00+09:00,2376.0,2378.0,2376.0,2378.0,3200,0.0,0.0
2024-07-04 11:05:00+09:00,2376.5,2376.5,2370.5,2370.5,3000,0.0,0.0
2024-07-04 11:10:00+09:00,2372.5,2373.5,2370.0,2371.5,3900,0.0,0.0
2024-07-04 11:15:00+09:00,2370.0,2371.5,2367.5,2371.5,3100,0.0,0.0
2024-07-04 11:20:00+09:00,2370.5,2370.5,2366.5,2366.5,2500,0.0,0.0
2024-07-04 11:25:00+09:00,2366.0,2367.5,2364.5,2364.5,3500,0.0,0.0
2024-07-04 11:30:00+09:00,2363.5,2363.5,2363.5,2363.5,200,0.0,0.0
2024-07-04 11:35:00+09:00,2363.5,2363.5,2363.5,2363.5,0,0.0,0.0
2024-07-04 12:30:00+09:00,2361.0,2374.0,2360.5,2370.0,146200,0.0,0.0
2024-07-04 12:35:00+09:00,2370.5,2374.5,2368.0,2374.0,5200,0.0,0.0
2024-07-04 12:40:00+09:00,2374.0,2376.0,2370.5,2371.5,4400,0.0,0.0
2024-07-04 12:45:00+09:00,2371.5,2373.0,2371.5,2373.0,2600,0.0,0.0
2024-07-04 12:50:00+09:00,2372.0,2372.0,2366.5,2366.5,4700,0.0,0.0
2024-07-04 12:55:00+09:00,2364.0,2364.0,2359.5,2359.5,2000,0.0,0.0
2024-07-04 13:00:00+09:00,2360.5,2360.5,2357.0,2358.5,3700,0.0,0.0
2024-07-04 13:05:00+09:00,2357.5,2361.5,2356.0,2356.0,5900,0.0,0.0
2024-07-04 13:10:00+09:00,2357.0,2357.5,2354.5,2355.5,3000,0.0,0.0
2024-07-04 13:15:00+09:00,2354.5,2359.0,2354.0,2359.0,5800,0.0,0.0
2024-07-04 13:20:00+09:00,2361.0,2361.0,2359.0,2361.0,3400,0.0,0.0
2024-07-04 13:25:00+09:00,2361.0,2364.5,2360.0,2363.5,3000,0.0,0.0
2024-07-04 13:30:00+09:00,2364.0,2365.0,2363.0,2364.5,2500,0.0,0.0
2024-07-04 13:35:00+09:00,2364.0,2364.0,2362.0,2362.0,2700,0.0,0.0
2024-07-04 13:40:00+09:00,2362.5,2366.5,2362.5,2366.5,3500,0.0,0.0
2024-07-04 13:45:00+09:00,2366.5,2366.5,2363.5,2364.5,2200,0.0,0.0
2024-07-04 13:50:00+09:00,2362.5,2364.0,2362.0,2364.0,2500,0.0,0.0
2024-07-04 13:55:00+09:00,2363.0,2364.5,2360.5,2360.5,5700,0.0,0.0
2024-07-04 14:00:00+09:00,2362.0,2363.0,2361.5,2363.0,2500,0.0,0.0
2024-07-04 14:05:00+09:00,2362.5,2364.5,2362.5,2363.5,5100,0.0,0.0
2024-07-04 14:10:00+09:00,2363.5,2364.5,2362.5,2363.5,4700,0.0,0.0
2024-07-04 14:15:00+09:00,2363.5,2365.0,2362.5,2365.0,6400,0.0,0.0
2024-07-04 14:20:00+09:00,2365.0,2368.0,2365.0,2367.5,4600,0.0,0.0
2024-07-04 14:25:00+09:00,2368.0,2370.5,2368.0,2370.5,8200,0.0,0.0
2024-07-04 14:30:00+09:00,2371.0,2373.5,2370.5,2373.5,3100,0.0,0.0
2024-07-04 14:35:00+09:00,2374.0,2379.5,2374.0,2379.0,8700,0.0,0.0
2024-07-04 14:40:00+09:00,2379.5,2380.5,2378.5,2379.0,6100,0.0,0.0
2024-07-04 14:45:00+09:00,2380.0,2385.5,2379.5,2383.0,9100,0.0,0.0
2024-07-04 14:50:00+09:00,2382.5,2385.0,2382.5,2382.5,7500,0.0,0.0
2024-07-04 14:55:00+09:00,2382.5,2388.0,2378.5,2379.0,19600,0.0,0.0
2024-07-05 09:00:00+09:00,2349.0,2350.5,2338.5,2348.0,24700,0.0,0.0
2024-07-05 09:05:00+09:00,2348.0,2348.0,2331.5,2333.0,4500,0.0,0.0
2024-07-05 09:10:00+09:00,2333.5,2348.0,2333.5,2341.5,7400,0.0,0.0
2024-07-05 09:15:00+09:00,2340.0,2340.0,2335.0,2339.5,3300,0.0,0.0
2024-07-05 09:20:00+09:00,2339.0,2340.5,2327.5,2332.5,7700,0.0,0.0
2024-07-05 09:25:00+09:00,2331.0,2342.5,2329.5,2342.5,5200,0.0,0.0
2024-07-05 09:30:00+09:00,2340.0,2342.0,2337.5,2342.0,2800,0.0,0.0
2024-07-05 09:35:00+09:00,2342.0,2347.5,2342.0,2345.0,4500,0.0,0.0
2024-07-05 09:40:00+09:00,2346.0,2346.0,2341.0,2343.0,1900,0.0,0.0
2024-07-05 09:45:00+09:00,2343.5,2350.0,2343.5,2346.5,2900,0.0,0.0
2024-07-05 09:50:00+09:00,2348.0,2348.5,2342.5,2342.5,6100,0.0,0.0
2024-07-05 09:55:00+09:00,2340.5,2340.5,2334.0,2338.0,6100,0.0,0.0
2024-07-05 10:00:00+09:00,2340.5,2349.0,2340.5,2347.5,3900,0.0,0.0
2024-07-05 10:05:00+09:00,2347.5,2350.0,2347.0,2347.0,600,0.0,0.0
2024-07-05 10:10:00+09:00,2347.0,2347.0,2342.0,2342.0,1200,0.0,0.0
2024-07-05 10:15:00+09:00,2343.5,2347.0,2343.5,2347.0,2900,0.0,0.0
2024-07-05 10:20:00+09:00,2346.5,2355.0,2345.5,2352.5,4900,0.0,0.0
2024-07-05 10:25:00+09:00,2355.0,2362.0,2355.0,2360.0,1800,0.0,0.0
2024-07-05 10:30:00+09:00,2359.5,2361.5,2358.0,2360.5,2900,0.0,0.0
2024-07-05 10:35:00+09:00,2359.5,2363.5,2358.0,2363.5,2900,0.0,0.0
2024-07-05 10:40:00+09:00,2364.0,2369.0,2364.0,2364.0,4900,0.0,0.0
2024-07-05 10:45:00+09:00,2361.5,2366.5,2361.5,2364.5,2300,0.0,0.0
2024-07-05 10:50:00+09:00,2364.0,2364.0,2361.5,2363.5,2100,0.0,0.0
2024-07-05 10:55:00+09:00,2363.0,2364.0,2362.0,2364.0,3300,0.0,0.0
2024-07-05 11:00:00+09:00,2364.0,2364.0,2359.5,2360.0,3300,0.0,0.0
2024-07-05 11:05:00+09:00,2359.0,2362.5,2359.0,2362.5,1800,0.0,0.0
2024-07-05 11:10:00+09:00,2362.5,2363.0,2360.0,2360.0,1300,0.0,0.0
2024-07-05 11:15:00+09:00,2359.5,2359.5,2349.5,2349.5,2200,0.0,0.0
2024-07-05 11:20:00+09:00,2352.0,2353.0,2341.0,2341.0,4800,0.0,0.0
2024-07-05 11:25:00+09:00,2341.5,2350.5,2341.0,2350.5,5300,0.0,0.0
2024-07-05 11:30:00+09:00,2350.5,2350.5,2350.5,2350.5,900,0.0,0.0
2024-07-05 11:35:00+09:00,2350.5,2350.5,2350.5,2350.5,0,0.0,0.0
2024-07-05 12:30:00+09:00,2344.5,2352.0,2340.5,2352.0,143100,0.0,0.0
2024-07-05 12:35:00+09:00,2352.5,2355.5,2348.0,2350.0,4900,0.0,0.0
2024-07-05 12:40:00+09:00,2351.0,2354.5,2349.0,2354.5,4000,0.0,0.0
2024-07-05 12:45:00+09:00,2356.5,2361.0,2356.5,2361.0,2800,0.0,0.0
2024-07-05 12:50:00+09:00,2360.0,2363.5,2357.5,2363.5,5700,0.0,0.0
2024-07-05 12:55:00+09:00,2365.0,2366.0,2360.0,2360.0,2000,0.0,0.0
2024-07-05 13:00:00+09:00,2359.0,2360.5,2358.5,2360.5,1600,0.0,0.0
2024-07-05 13:05:00+09:00,2360.0,2362.0,2360.0,2360.0,1300,0.0,0.0
2024-07-05 13:10:00+09:00,2360.5,2367.0,2359.5,2363.5,4100,0.0,0.0
2024-07-05 13:15:00+09:00,2364.0,2364.5,2363.0,2364.0,2100,0.0,0.0
2024-07-05 13:20:00+09:00,2364.0,2367.0,2364.0,2365.0,4700,0.0,0.0
2024-07-05 13:25:00+09:00,2363.5,2364.5,2363.5,2363.5,600,0.0,0.0
2024-07-05 13:30:00+09:00,2363.5,2365.5,2363.5,2364.5,4300,0.0,0.0
2024-07-05 13:35:00+09:00,2364.0,2364.0,2361.0,2362.5,1600,0.0,0.0
2024-07-05 13:40:00+09:00,2361.5,2362.5,2361.0,2361.0,2500,0.0,0.0
2024-07-05 13:45:00+09:00,2362.0,2363.5,2362.0,2363.5,2400,0.0,0.0
2024-07-05 13:50:00+09:00,2364.0,2367.0,2364.0,2365.0,4500,0.0,0.0
2024-07-05 13:55:00+09:00,2366.5,2366.5,2363.5,2366.0,2500,0.0,0.0
2024-07-05 14:00:00+09:00,2367.0,2367.0,2365.0,2365.5,2400,0.0,0.0
2024-07-05 14:05:00+09:00,2366.5,2366.5,2364.5,2365.5,1700,0.0,0.0
2024-07-05 14:10:00+09:00,2365.5,2366.0,2364.0,2364.0,3100,0.0,0.0
2024-07-05 14:15:00+09:00,2363.0,2365.5,2363.0,2364.0,3000,0.0,0.0
2024-07-05 14:20:00+09:00,2364.0,2366.0,2364.0,2365.5,3900,0.0,0.0
2024-07-05 14:25:00+09:00,2366.5,2369.5,2366.5,2369.5,2300,0.0,0.0
2024-07-05 14:30:00+09:00,2369.5,2370.0,2368.5,2369.0,2300,0.0,0.0
2024-07-05 14:35:00+09:00,2369.5,2370.5,2366.0,2366.0,5800,0.0,0.0
2024-07-05 14:40:00+09:00,2366.0,2366.5,2363.0,2364.5,5700,0.0,0.0
2024-07-05 14:45:00+09:00,2365.0,2365.0,2361.0,2361.5,4000,0.0,0.0
2024-07-05 14:50:00+09:00,2362.5,2362.5,2359.0,2361.0,6400,0.0,0.0
2024-07-05 14:55:00+09:00,2360.5,2364.0,2356.0,2364.0,14100,0.0,0.0
2024-07-08 09:00:00+09:00,2355.0,2355.0,2343.5,2349.5,12200,0.0,0.0
2024-07-08 09:05:00+09:00,2350.5,2359.0,2350.5,2354.5,3000,0.0,0.0
2024-07-08 09:10:00+09:00,2353.5,2354.5,2346.5,2346.5,1700,0.0,0.0
2024-07-08 09:15:00+09:00,2348.0,2357.0,2345.5,2345.5,7500,0.0,0.0
2024-07-08 09:20:00+09:00,2345.5,2348.5,2345.0,2348.5,2300,0.0,0.0
2024-07-08 09:25:00+09:00,2347.5,2349.5,2342.0,2343.0,3700,0.0,0.0
2024-07-08 09:30:00+09:00,2343.5,2344.0,2339.5,2343.0,7700,0.0,0.0
2024-07-08 09:35:00+09:00,2343.5,2345.5,2338.0,2344.5,4700,0.0,0.0
2024-07-08 09:40:00+09:00,2344.0,2344.0,2340.0,2341.5,3300,0.0,0.0
2024-07-08 09:45:00+09:00,2341.0,2342.5,2339.0,2339.0,2100,0.0,0.0
2024-07-08 09:50:00+09:00,2339.5,2339.5,2338.5,2338.5,0,0.0,0.0
2024-07-08 09:55:00+09:00,2338.0,2341.0,2338.0,2340.0,53300,0.0,0.0
2024-07-08 10:00:00+09:00,2339.0,2340.0,2338.0,2338.0,1300,0.0,0.0
2024-07-08 10:05:00+09:00,2338.0,2338.0,2336.5,2338.0,2900,0.0,0.0
2024-07-08 10:10:00+09:00,2338.0,2338.0,2335.0,2335.0,1300,0.0,0.0
2024-07-08 10:15:00+09:00,2336.5,2336.5,2334.0,2334.0,1200,0.0,0.0
2024-07-08 10:20:00+09:00,2335.0,2335.5,2334.5,2335.5,4300,0.0,0.0
2024-07-08 10:25:00+09:00,2336.0,2336.0,2335.5,2335.5,800,0.0,0.0
2024-07-08 10:30:00+09:00,2334.5,2338.5,2334.5,2337.5,4000,0.0,0.0
2024-07-08 10:35:00+09:00,2339.0,2339.0,2338.0,2338.0,700,0.0,0.0
2024-07-08 10:40:00+09:00,2337.5,2337.5,2333.0,2335.0,3100,0.0,0.0
2024-07-08 10:45:00+09:00,2335.5,2336.0,2334.5,2335.5,1200,0.0,0.0
2024-07-08 10:50:00+09:00,2336.0,2336.5,2336.0,2336.5,1100,0.0,0.0
2024-07-08 10:55:00+09:00,2335.0,2336.5,2334.5,2334.5,1000,0.0,0.0
2024-07-08 11:00:00+09:00,2333.0,2334.0,2332.5,2333.5,3100,0.0,0.0
2024-07-08 11:05:00+09:00,2333.5,2336.5,2333.0,2336.5,5100,0.0,0.0
2024-07-08 11:10:00+09:00,2337.0,2343.0,2337.0,2343.0,2300,0.0,0.0
2024-07-08 11:15:00+09:00,2343.0,2347.5,2342.5,2347.5,1600,0.0,0.0
2024-07-08 11:20:00+09:00,2347.0,2350.5,2347.0,2348.5,2600,0.0,0.0
2024-07-08 11:25:00+09:00,2348.0,2348.5,2347.5,2348.5,1900,0.0,0.0
2024-07-08 11:30:00+09:00,2349.0,2349.0,2349.0,2349.0,100,0.0,0.0
2024-07-08 11:35:00+09:00,2349.0,2349.0,2349.0,2349.0,0,0.0,0.0
2024-07-08 12:30:00+09:00,2342.0,2349.5,2337.5,2340.0,104500,0.0,0.0
2024-07-08 12:35:00+09:00,2340.0,2340.0,2336.0,2336.0,3900,0.0,0.0
2024-07-08 12:40:00+09:00,2336.5,2339.0,2336.5,2336.5,4000,0.0,0.0
2024-07-08 12:45:00+09:00,2336.5,2338.5,2336.0,2337.5,3600,0.0,0.0
2024-07-08 12:50:00+09:00,2337.0,2337.0,2335.5,2335.5,1800,0.0,0.0
2024-07-08 12:55:00+09:00,2335.5,2335.5,2328.5,2330.0,5000,0.0,0.0
2024-07-08 13:00:00+09:00,2328.5,2329.0,2324.5,2326.5,4600,0.0,0.0
2024-07-08 13:05:00+09:00,2325.0,2326.5,2323.5,2323.5,800,0.0,0.0
2024-07-08 13:10:00+09:00,2323.5,2326.5,2323.5,2326.5,5500,0.0,0.0
2024-07-08 13:15:00+09:00,2327.0,2327.0,2325.5,2325.5,600,0.0,0.0
2024-07-08 13:20:00+09:00,2325.0,2326.5,2324.5,2326.5,5200,0.0,0.0
2024-07-08 13:25:00+09:00,2326.5,2338.5,2326.5,2338.0,6700,0.0,0.0
2024-07-08 13:30:00+09:00,2335.5,2336.5,2335.5,2336.5,800,0.0,0.0
2024-07-08 13:35:00+09:00,2335.0,2335.0,2334.5,2334.5,900,0.0,0.0
2024-07-08 13:40:00+09:00,2335.0,2335.5,2332.0,2335.5,4900,0.0,0.0
2024-07-08 13:45:00+09:00,2335.0,2337.0,2333.0,2335.0,4300,0.0,0.0
2024-07-08 13:50:00+09:00,2335.0,2335.5,2335.0,2335.0,800,0.0,0.0
2024-07-08 13:55:00+09:00,2335.0,2335.5,2334.5,2334.5,1800,0.0,0.0
2024-07-08 14:00:00+09:00,2335.5,2335.5,2333.5,2334.5,3300,0.0,0.0
2024-07-08 14:05:00+09:00,2333.5,2333.5,2331.5,2332.0,2600,0.0,0.0
2024-07-08 14:10:00+09:00,2331.5,2331.5,2330.0,2330.0,600,0.0,0.0
2024-07-08 14:15:00+09:00,2330.5,2330.5,2326.0,2326.0,3700,0.0,0.0
2024-07-08 14:20:00+09:00,2326.5,2327.5,2326.5,2327.0,1800,0.0,0.0
2024-07-08 14:25:00+09:00,2327.0,2327.0,2325.5,2327.0,1700,0.0,0.0
2024-07-08 14:30:00+09:00,2326.0,2326.5,2324.5,2324.5,5700,0.0,0.0
2024-07-08 14:35:00+09:00,2325.0,2325.0,2323.0,2324.5,3600,0.0,0.0
2024-07-08 14:40:00+09:00,2324.0,2324.0,2321.5,2321.5,5400,0.0,0.0
2024-07-08 14:45:00+09:00,2320.5,2321.5,2317.5,2320.0,6600,0.0,0.0
2024-07-08 14:50:00+09:00,2320.0,2321.0,2319.5,2320.5,8600,0.0,0.0
2024-07-08 14:55:00+09:00,2321.0,2322.5,2313.0,2313.0,14100,0.0,0.0
2024-07-09 09:00:00+09:00,2325.0,2332.0,2307.0,2311.0,18700,0.0,0.0
2024-07-09 09:05:00+09:00,2312.0,2321.0,2311.0,2316.5,5700,0.0,0.0
2024-07-09 09:10:00+09:00,2314.0,2314.0,2311.5,2311.5,1500,0.0,0.0
2024-07-09 09:15:00+09:00,2313.5,2319.0,2312.0,2314.0,4100,0.0,0.0
2024-07-09 09:20:00+09:00,2313.5,2316.5,2312.5,2314.5,3000,0.0,0.0
2024-07-09 09:25:00+09:00,2314.5,2319.0,2314.5,2317.0,2000,0.0,0.0
2024-07-09 09:30:00+09:00,2316.5,2317.0,2312.5,2312.5,1300,0.0,0.0
2024-07-09 09:35:00+09:00,2312.5,2319.0,2312.5,2313.5,4900,0.0,0.0
2024-07-09 09:40:00+09:00,2314.0,2325.5,2313.5,2323.0,5600,0.0,0.0
2024-07-09 09:45:00+09:00,2321.5,2322.0,2319.5,2322.0,1900,0.0,0.0
2024-07-09 09:50:00+09:00,2323.5,2323.5,2321.5,2323.5,1900,0.0,0.0
2024-07-09 09:55:00+09:00,2325.0,2325.0,2322.5,2323.5,2300,0.0,0.0
2024-07-09 10:00:00+09:00,2323.0,2324.5,2322.5,2324.5,1400,0.0,0.0
2024-07-09 10:05:00+09:00,2324.5,2329.0,2324.0,2329.0,2700,0.0,0.0
2024-07-09 10:10:00+09:00,2328.0,2332.5,2328.0,2332.5,2000,0.0,0.0
2024-07-09 10:15:00+09:00,2330.5,2332.0,2330.0,2330.5,2400,0.0,0.0
2024-07-09 10:20:00+09:00,2332.0,2332.5,2331.0,2332.0,3000,0.0,0.0
2024-07-09 10:25:00+09:00,2331.5,2333.0,2331.0,2331.0,1100,0.0,0.0
2024-07-09 10:30:00+09:00,2331.0,2337.0,2331.0,2335.0,5600,0.0,0.0
2024-07-09 10:35:00+09:00,2337.5,2338.0,2335.5,2337.5,2300,0.0,0.0
2024-07-09 10:40:00+09:00,2336.0,2336.5,2334.5,2335.5,1400,0.0,0.0
2024-07-09 10:45:00+09:00,2334.5,2341.5,2334.5,2341.0,3600,0.0,0.0
2024-07-09 10:50:00+09:00,2341.5,2346.5,2341.5,2344.0,2800,0.0,0.0
2024-07-09 10:55:00+09:00,2341.5,2341.5,2340.5,2340.5,900,0.0,0.0
2024-07-09 11:00:00+09:00,2340.0,2341.5,2339.5,2339.5,3000,0.0,0.0
2024-07-09 11:05:00+09:00,2340.0,2340.0,2338.5,2338.5,2400,0.0,0.0
2024-07-09 11:10:00+09:00,2337.5,2339.0,2337.0,2337.0,1900,0.0,0.0
2024-07-09 11:15:00+09:00,2337.0,2338.0,2336.5,2337.5,1700,0.0,0.0
2024-07-09 11:20:00+09:00,2339.0,2339.0,2334.5,2334.5,1500,0.0,0.0
2024-07-09 11:25:00+09:00,2334.0,2340.5,2333.0,2339.0,2900,0.0,0.0
2024-07-09 11:30:00+09:00,2338.5,2338.5,2338.5,2338.5,7500,0.0,0.0
2024-07-09 11:35:00+09:00,2338.5,2338.5,2338.5,2338.5,0,0.0,0.0
2024-07-09 12:30:00+09:00,2337.0,2344.5,2336.0,2344.5,120800,0.0,0.0
2024-07-09 12:35:00+09:00,2347.0,2348.0,2337.0,2338.5,6800,0.0,0.0
2024-07-09 12:40:00+09:00,2339.0,2339.0,2336.5,2337.0,1900,0.0,0.0
2024-07-09 12:45:00+09:00,2336.0,2337.0,2335.0,2337.0,1200,0.0,0.0
2024-07-09 12:50:00+09:00,2336.5,2337.5,2336.0,2337.0,2600,0.0,0.0
2024-07-09 12:55:00+09:00,2335.5,2338.5,2334.5,2338.5,3500,0.0,0.0
2024-07-09 13:00:00+09:00,2338.5,2339.5,2338.0,2339.5,1100,0.0,0.0
2024-07-09 13:05:00+09:00,2339.0,2340.0,2339.0,2339.5,1100,0.0,0.0
2024-07-09 13:10:00+09:00,2339.0,2339.0,2337.5,2338.0,3800,0.0,0.0
2024-07-09 13:15:00+09:00,2338.0,2339.5,2338.0,2339.5,1000,0.0,0.0
2024-07-09 13:20:00+09:00,2339.0,2339.5,2338.5,2339.5,1500,0.0,0.0
2024-07-09 13:25:00+09:00,2339.5,2343.0,2337.5,2341.0,5300,0.0,0.0
2024-07-09 13:30:00+09:00,2343.0,2344.5,2343.0,2343.5,1600,0.0,0.0
2024-07-09 13:35:00+09:00,2343.0,2343.0,2342.0,2342.5,1600,0.0,0.0
2024-07-09 13:40:00+09:00,2342.5,2345.0,2342.5,2343.0,2400,0.0,0.0
2024-07-09 13:45:00+09:00,2343.0,2343.5,2342.5,2342.5,1700,0.0,0.0
2024-07-09 13:50:00+09:00,2343.0,2343.0,2342.5,2342.5,300,0.0,0.0
2024-07-09 13:55:00+09:00,2343.0,2344.0,2342.5,2343.0,2500,0.0,0.0
2024-07-09 14:00:00+09:00,2343.0,2345.0,2343.0,2345.0,2100,0.0,0.0
2024-07-09 14:05:00+09:00,2345.0,2345.0,2344.5,2344.5,600,0.0,0.0
2024-07-09 14:10:00+09:00,2345.0,2346.0,2344.5,2346.0,2900,0.0,0.0
2024-07-09 14:15:00+09:00,2346.0,2347.5,2345.0,2345.0,4900,0.0,0.0
2024-07-09 14:20:00+09:00,2344.5,2345.0,2344.0,2345.0,3200,0.0,0.0
2024-07-09 14:25:00+09:00,2345.0,2347.5,2345.0,2347.0,3500,0.0,0.0
2024-07-09 14:30:00+09:00,2346.5,2346.5,2343.5,2343.5,5500,0.0,0.0
2024-07-09 14:35:00+09:00,2343.5,2344.5,2343.0,2344.0,2900,0.0,0.0
2024-07-09 14:40:00+09:00,2344.5,2352.0,2344.5,2352.0,4100,0.0,0.0
2024-07-09 14:45:00+09:00,2351.0,2351.0,2345.5,2345.5,7900,0.0,0.0
2024-07-09 14:50:00+09:00,2345.0,2345.0,2341.5,2343.5,7500,0.0,0.0
2024-07-09 14:55:00+09:00,2344.0,2344.0,2336.5,2344.0,16800,0.0,0.0
2024-07-10 09:00:00+09:00,2344.0,2344.0,2322.5,2323.5,11700,0.0,0.0
2024-07-10 09:05:00+09:00,2328.5,2341.0,2328.5,2341.0,2300,0.0,0.0
2024-07-10 09:10:00+09:00,2339.5,2344.0,2337.5,2337.5,700,0.0,0.0
2024-07-10 09:15:00+09:00,2339.0,2342.0,2337.5,2339.5,1400,0.0,0.0
2024-07-10 09:20:00+09:00,2339.0,2341.5,2337.5,2341.5,1000,0.0,0.0
2024-07-10 09:25:00+09:00,2338.5,2338.5,2335.5,2335.5,1200,0.0,0.0
2024-07-10 09:30:00+09:00,2336.0,2336.0,2334.5,2334.5,500,0.0,0.0
2024-07-10 09:35:00+09:00,2335.0,2335.5,2331.0,2335.0,1700,0.0,0.0
2024-07-10 09:40:00+09:00,2334.0,2336.0,2332.0,2336.0,1200,0.0,0.0
2024-07-10 09:45:00+09:00,2338.5,2341.5,2338.5,2341.5,1100,0.0,0.0
2024-07-10 09:50:00+09:00,2345.0,2348.0,2345.0,2348.0,0,0.0,0.0
2024-07-10 09:55:00+09:00,2346.5,2347.5,2346.0,2347.0,24500,0.0,0.0
2024-07-10 10:00:00+09:00,2346.0,2347.0,2346.0,2347.0,700,0.0,0.0
2024-07-10 10:05:00+09:00,2346.5,2346.5,2345.5,2345.5,0,0.0,0.0
2024-07-10 10:10:00+09:00,2346.0,2355.0,2345.0,2355.0,28800,0.0,0.0
2024-07-10 10:15:00+09:00,2354.5,2358.0,2354.5,2358.0,1400,0.0,0.0
2024-07-10 10:20:00+09:00,2357.5,2358.5,2349.5,2349.5,3200,0.0,0.0
2024-07-10 10:25:00+09:00,2348.0,2353.0,2346.5,2353.0,1800,0.0,0.0
2024-07-10 10:30:00+09:00,2353.5,2353.5,2346.5,2347.0,900,0.0,0.0
2024-07-10 10:35:00+09:00,2346.5,2349.5,2345.0,2345.0,1500,0.0,0.0
2024-07-10 10:40:00+09:00,2345.5,2351.0,2345.5,2349.5,1300,0.0,0.0
2024-07-10 10:45:00+09:00,2347.0,2350.5,2347.0,2350.5,400,0.0,0.0
2024-07-10 10:50:00+09:00,2350.5,2350.5,2349.5,2349.5,400,0.0,0.0
2024-07-10 10:55:00+09:00,2349.0,2352.0,2347.0,2352.0,2700,0.0,0.0
2024-07-10 11:00:00+09:00,2351.5,2352.0,2347.5,2349.5,3400,0.0,0.0
2024-07-10 11:05:00+09:00,2350.0,2352.0,2349.0,2352.0,2400,0.0,0.0
2024-07-10 11:10:00+09:00,2350.5,2352.5,2350.5,2352.0,1600,0.0,0.0
2024-07-10 11:15:00+09:00,2350.0,2351.0,2349.0,2349.0,700,0.0,0.0
2024-07-10 11:20:00+09:00,2347.5,2350.0,2346.0,2350.0,1700,0.0,0.0
2024-07-10 11:25:00+09:00,2347.5,2348.0,2345.5,2348.0,700,0.0,0.0
2024-07-10 11:30:00+09:00,2344.0,2344.0,2344.0,2344.0,8300,0.0,0.0
2024-07-10 11:35:00+09:00,2344.0,2344.0,2344.0,2344.0,0,0.0,0.0
2024-07-10 12:30:00+09:00,2340.0,2344.0,2336.0,2340.5,71700,0.0,0.0
2024-07-10 12:35:00+09:00,2339.0,2341.5,2336.0,2339.0,1200,0.0,0.0
2024-07-10 12:40:00+09:00,2341.5,2342.0,2339.5,2341.0,1600,0.0,0.0
2024-07-10 12:45:00+09:00,2340.0,2341.0,2339.0,2341.0,400,0.0,0.0
2024-07-10 12:50:00+09:00,2339.0,2339.0,2338.0,2338.0,800,0.0,0.0
2024-07-10 12:55:00+09:00,2338.0,2339.5,2336.0,2338.5,3100,0.0,0.0
2024-07-10 13:00:00+09:00,2338.5,2340.0,2338.0,2340.0,700,0.0,0.0
2024-07-10 13:05:00+09:00,2341.0,2341.0,2338.5,2338.5,1300,0.0,0.0
2024-07-10 13:10:00+09:00,2338.5,2338.5,2335.5,2336.0,2600,0.0,0.0
2024-07-10 13:15:00+09:00,2335.0,2336.0,2334.5,2336.0,1300,0.0,0.0
2024-07-10 13:20:00+09:00,2336.5,2336.5,2334.0,2334.0,1600,0.0,0.0
2024-07-10 13:25:00+09:00,2333.5,2337.5,2333.5,2337.5,1500,0.0,0.0
2024-07-10 13:30:00+09:00,2336.5,2337.5,2336.5,2337.5,1600,0.0,0.0
2024-07-10 13:35:00+09:00,2337.5,2338.0,2335.0,2335.0,2500,0.0,0.0
2024-07-10 13:40:00+09:00,2336.0,2336.0,2335.5,2336.0,1000,0.0,0.0
2024-07-10 13:45:00+09:00,2336.0,2336.0,2333.5,2333.5,2700,0.0,0.0
2024-07-10 13:50:00+09:00,2333.5,2335.0,2333.5,2334.5,2600,0.0,0.0
2024-07-10 13:55:00+09:00,2335.0,2338.0,2335.0,2337.5,2000,0.0,0.0
2024-07-10 14:00:00+09:00,2338.0,2340.0,2338.0,2340.0,2600,0.0,0.0
2024-07-10 14:05:00+09:00,2340.0,2340.5,2339.0,2339.5,3000,0.0,0.0
2024-07-10 14:10:00+09:00,2339.5,2340.5,2339.0,2340.5,2400,0.0,0.0
2024-07-10 14:15:00+09:00,2341.0,2344.0,2340.5,2341.5,2800,0.0,0.0
2024-07-10 14:20:00+09:00,2341.5,2342.5,2341.0,2341.0,2000,0.0,0.0
2024-07-10 14:25:00+09:00,2342.0,2343.5,2341.0,2343.5,4200,0.0,0.0
2024-07-10 14:30:00+09:00,2345.0,2347.5,2345.0,2347.0,2700,0.0,0.0
2024-07-10 14:35:00+09:00,2346.5,2349.0,2345.5,2346.0,7700,0.0,0.0
2024-07-10 14:40:00+09:00,2347.0,2347.0,2346.0,2346.0,2600,0.0,0.0
2024-07-10 14:45:00+09:00,2345.5,2346.5,2341.5,2343.0,5900,0.0,0.0
2024-07-10 14:50:00+09:00,2343.5,2348.0,2342.5,2348.0,7200,0.0,0.0
2024-07-10 14:55:00+09:00,2348.5,2351.0,2343.0,2351.0,17300,0.0,0.0
2024-07-11 09:00:00+09:00,2379.0,2379.0,2368.5,2377.5,12000,0.0,0.0
2024-07-11 09:05:00+09:00,2379.0,2388.5,2374.0,2374.0,4600,0.0,0.0
2024-07-11 09:10:00+09:00,2370.5,2371.5,2363.5,2365.0,3900,0.0,0.0
2024-07-11 09:15:00+09:00,2362.5,2363.0,2358.0,2361.5,3500,0.0,0.0
2024-07-11 09:20:00+09:00,2360.5,2361.5,2354.5,2357.5,2000,0.0,0.0
2024-07-11 09:25:00+09:00,2358.5,2358.5,2346.0,2346.5,1300,0.0,0.0
2024-07-11 09:30:00+09:00,2344.5,2346.0,2342.0,2344.0,1900,0.0,0.0
2024-07-11 09:35:00+09:00,2344.5,2349.5,2344.5,2349.5,2800,0.0,0.0
2024-07-11 09:40:00+09:00,2344.0,2344.0,2340.5,2340.5,2100,0.0,0.0
2024-07-11 09:45:00+09:00,2340.0,2340.0,2329.0,2331.0,2000,0.0,0.0
2024-07-11 09:50:00+09:00,2330.5,2333.5,2330.5,2331.0,2800,0.0,0.0
2024-07-11 09:55:00+09:00,2330.0,2330.0,2321.5,2327.5,2600,0.0,0.0
2024-07-11 10:00:00+09:00,2329.5,2331.5,2326.5,2327.5,2100,0.0,0.0
2024-07-11 10:05:00+09:00,2327.5,2335.0,2327.5,2333.0,2100,0.0,0.0
2024-07-11 10:10:00+09:00,2332.5,2335.5,2332.0,2333.5,2800,0.0,0.0
2024-07-11 10:15:00+09:00,2333.0,2333.0,2327.0,2327.0,2300,0.0,0.0
2024-07-11 10:20:00+09:00,2327.0,2329.5,2327.0,2327.5,2100,0.0,0.0
2024-07-11 10:25:00+09:00,2327.5,2333.0,2327.5,2333.0,2300,0.0,0.0
2024-07-11 10:30:00+09:00,2332.5,2333.5,2331.0,2331.5,1400,0.0,0.0
2024-07-11 10:35:00+09:00,2332.0,2332.0,2327.5,2329.0,4000,0.0,0.0
2024-07-11 10:40:00+09:00,2328.5,2329.5,2328.5,2329.0,1800,0.0,0.0
2024-07-11 10:45:00+09:00,2329.0,2329.0,2327.5,2328.0,1700,0.0,0.0
2024-07-11 10:50:00+09:00,2330.0,2331.5,2330.0,2331.5,2500,0.0,0.0
2024-07-11 10:55:00+09:00,2331.5,2333.5,2329.5,2330.0,4200,0.0,0.0
2024-07-11 11:00:00+09:00,2330.0,2337.0,2330.0,2337.0,2300,0.0,0.0
2024-07-11 11:05:00+09:00,2336.5,2337.0,2332.5,2332.5,3300,0.0,0.0
2024-07-11 11:10:00+09:00,2331.5,2331.5,2326.5,2326.5,3300,0.0,0.0
2024-07-11 11:15:00+09:00,2326.0,2326.0,2323.0,2326.0,3500,0.0,0.0
2024-07-11 11:20:00+09:00,2324.5,2325.5,2323.5,2325.5,1100,0.0,0.0
2024-07-11 11:25:00+09:00,2324.5,2326.5,2321.0,2324.5,3300,0.0,0.0
2024-07-11 11:30:00+09:00,2320.5,2320.5,2320.5,2320.5,8900,0.0,0.0
2024-07-11 11:35:00+09:00,2320.5,2320.5,2320.5,2320.5,0,0.0,0.0
2024-07-11 12:30:00+09:00,2327.5,2329.5,2323.5,2325.5,104600,0.0,0.0
2024-07-11 12:35:00+09:00,2326.0,2332.5,2326.0,2329.5,5200,0.0,0.0
2024-07-11 12:40:00+09:00,2329.0,2330.0,2326.0,2330.0,3500,0.0,0.0
2024-07-11 12:45:00+09:00,2330.0,2333.5,2330.0,2331.0,4400,0.0,0.0
2024-07-11 12:50:00+09:00,2329.5,2332.0,2329.5,2332.0,2300,0.0,0.0
2024-07-11 12:55:00+09:00,2332.5,2333.0,2332.0,2333.0,3200,0.0,0.0
2024-07-11 13:00:00+09:00,2334.0,2336.0,2333.0,2336.0,3900,0.0,0.0
2024-07-11 13:05:00+09:00,2336.0,2336.0,2335.5,2335.5,200,0.0,0.0
2024-07-11 13:10:00+09:00,2335.0,2335.5,2334.0,2334.0,3200,0.0,0.0
2024-07-11 13:15:00+09:00,2333.5,2333.5,2327.0,2328.0,2800,0.0,0.0
2024-07-11 13:20:00+09:00,2327.5,2334.0,2327.5,2332.5,3300,0.0,0.0
2024-07-11 13:25:00+09:00,2332.0,2332.0,2328.5,2329.5,2200,0.0,0.0
2024-07-11 13:30:00+09:00,2329.5,2331.0,2329.5,2331.0,1900,0.0,0.0
2024-07-11 13:35:00+09:00,2330.5,2331.0,2330.0,2330.0,1500,0.0,0.0
2024-07-11 13:40:00+09:00,2330.0,2330.0,2327.0,2327.0,2000,0.0,0.0
2024-07-11 13:45:00+09:00,2326.5,2327.0,2325.5,2326.0,1800,0.0,0.0
2024-07-11 13:50:00+09:00,2326.0,2327.5,2326.0,2327.0,2100,0.0,0.0
2024-07-11 13:55:00+09:00,2326.5,2327.5,2326.5,2326.5,1200,0.0,0.0
2024-07-11 14:00:00+09:00,2327.0,2327.5,2325.0,2325.0,4700,0.0,0.0
2024-07-11 14:05:00+09:00,2326.0,2329.5,2325.5,2329.5,3800,0.0,0.0
2024-07-11 14:10:00+09:00,2330.0,2332.0,2330.0,2332.0,2200,0.0,0.0
2024-07-11 14:15:00+09:00,2331.0,2331.0,2329.0,2329.5,3600,0.0,0.0
2024-07-11 14:20:00+09:00,2329.0,2330.0,2328.0,2328.0,2100,0.0,0.0
2024-07-11 14:25:00+09:00,2328.0,2328.0,2326.0,2326.5,1400,0.0,0.0
2024-07-11 14:30:00+09:00,2326.5,2327.5,2325.5,2326.5,3600,0.0,0.0
2024-07-11 14:35:00+09:00,2326.5,2329.0,2326.0,2326.0,2900,0.0,0.0
2024-07-11 14:40:00+09:00,2326.0,2326.5,2325.5,2326.5,3300,0.0,0.0
2024-07-11 14:45:00+09:00,2326.5,2329.0,2326.0,2329.0,4300,0.0,0.0
2024-07-11 14:50:00+09:00,2328.5,2329.0,2327.5,2328.5,8800,0.0,0.0
2024-07-11 14:55:00+09:00,2328.0,2331.0,2318.5,2318.5,28100,0.0,0.0
2024-07-12 09:00:00+09:00,2284.0,2316.5,2284.0,2289.0,36000,0.0,0.0
2024-07-12 09:05:00+09:00,2293.0,2303.5,2291.0,2300.5,4000,0.0,0.0
2024-07-12 09:10:00+09:00,2304.0,2304.5,2296.5,2304.5,4300,0.0,0.0
2024-07-12 09:15:00+09:00,2302.0,2304.0,2300.0,2300.0,2500,0.0,0.0
2024-07-12 09:20:00+09:00,2299.5,2300.0,2289.5,2297.5,4400,0.0,0.0
2024-07-12 09:25:00+09:00,2294.5,2302.5,2294.5,2302.5,3700,0.0,0.0
2024-07-12 09:30:00+09:00,2302.5,2305.5,2298.0,2299.0,4900,0.0,0.0
2024-07-12 09:35:00+09:00,2298.5,2300.0,2290.0,2293.0,2600,0.0,0.0
2024-07-12 09:40:00+09:00,2292.0,2292.5,2285.0,2285.0,2800,0.0,0.0
2024-07-12 09:45:00+09:00,2285.0,2288.5,2282.5,2282.5,5900,0.0,0.0
2024-07-12 09:50:00+09:00,2282.0,2283.5,2278.0,2278.0,3500,0.0,0.0
2024-07-12 09:55:00+09:00,2279.0,2279.0,2273.5,2275.5,5100,0.0,0.0
2024-07-12 10:00:00+09:00,2275.5,2282.5,2275.5,2281.0,5000,0.0,0.0
2024-07-12 10:05:00+09:00,2281.0,2282.0,2278.5,2281.0,3000,0.0,0.0
2024-07-12 10:10:00+09:00,2279.0,2284.5,2275.0,2284.0,5300,0.0,0.0
2024-07-12 10:15:00+09:00,2283.5,2283.5,2281.5,2282.0,1800,0.0,0.0
2024-07-12 10:20:00+09:00,2283.0,2284.5,2283.0,2283.5,3300,0.0,0.0
2024-07-12 10:25:00+09:00,2283.5,2286.0,2283.0,2286.0,3900,0.0,0.0
2024-07-12 10:30:00+09:00,2285.5,2291.0,2285.5,2290.5,4900,0.0,0.0
2024-07-12 10:35:00+09:00,2290.0,2292.0,2288.0,2292.0,4200,0.0,0.0
2024-07-12 10:40:00+09:00,2291.5,2295.0,2291.5,2293.5,3500,0.0,0.0
2024-07-12 10:45:00+09:00,2293.0,2294.5,2290.5,2290.5,4700,0.0,0.0
2024-07-12 10:50:00+09:00,2290.0,2291.5,2285.5,2285.5,3900,0.0,0.0
2024-07-12 10:55:00+09:00,2285.5,2286.5,2283.0,2284.5,3300,0.0,0.0
2024-07-12 11:00:00+09:00,2286.0,2288.0,2284.5,2284.5,2500,0.0,0.0
2024-07-12 11:05:00+09:00,2283.5,2283.5,2274.5,2277.0,2900,0.0,0.0
2024-07-12 11:10:00+09:00,2277.0,2285.0,2277.0,2283.5,2300,0.0,0.0
2024-07-12 11:15:00+09:00,2284.0,2285.5,2284.0,2285.5,3700,0.0,0.0
2024-07-12 11:20:00+09:00,2285.0,2287.0,2284.0,2285.0,3900,0.0,0.0
2024-07-12 11:25:00+09:00,2284.5,2287.0,2284.5,2285.0,2800,0.0,0.0
2024-07-12 11:30:00+09:00,2285.0,2285.0,2285.0,2285.0,900,0.0,0.0
2024-07-12 11:35:00+09:00,2285.0,2285.0,2285.0,2285.0,0,0.0,0.0
2024-07-12 12:30:00+09:00,2284.0,2284.5,2277.5,2278.5,162600,0.0,0.0
2024-07-12 12:35:00+09:00,2277.5,2280.5,2276.0,2280.5,6700,0.0,0.0
2024-07-12 12:40:00+09:00,2280.5,2284.0,2278.5,2283.5,5300,0.0,0.0
2024-07-12 12:45:00+09:00,2283.0,2283.5,2278.0,2278.0,5300,0.0,0.0
2024-07-12 12:50:00+09:00,2278.0,2278.5,2274.5,2274.5,3700,0.0,0.0
2024-07-12 12:55:00+09:00,2274.5,2276.5,2274.0,2275.0,5700,0.0,0.0
2024-07-12 13:00:00+09:00,2275.5,2278.0,2274.5,2277.0,7000,0.0,0.0
2024-07-12 13:05:00+09:00,2277.0,2277.0,2272.0,2273.5,4400,0.0,0.0
2024-07-12 13:10:00+09:00,2272.5,2272.5,2270.0,2271.0,6500,0.0,0.0
2024-07-12 13:15:00+09:00,2271.0,2276.0,2270.5,2276.0,4300,0.0,0.0
2024-07-12 13:20:00+09:00,2276.0,2276.0,2271.5,2273.0,3700,0.0,0.0
2024-07-12 13:25:00+09:00,2273.5,2274.5,2272.0,2273.0,4300,0.0,0.0
2024-07-12 13:30:00+09:00,2273.5,2275.0,2272.0,2272.0,6500,0.0,0.0
2024-07-12 13:35:00+09:00,2272.0,2272.0,2266.5,2268.0,5500,0.0,0.0
2024-07-12 13:40:00+09:00,2267.0,2267.0,2264.0,2264.0,4100,0.0,0.0
2024-07-12 13:45:00+09:00,2264.0,2265.5,2263.5,2265.5,3800,0.0,0.0
2024-07-12 13:50:00+09:00,2264.5,2265.5,2261.0,2261.0,4200,0.0,0.0
2024-07-12 13:55:00+09:00,2261.0,2261.0,2257.0,2257.5,4200,0.0,0.0
2024-07-12 14:00:00+09:00,2257.0,2262.0,2257.0,2262.0,5100,0.0,0.0
2024-07-12 14:05:00+09:00,2263.5,2266.0,2262.5,2263.0,4800,0.0,0.0
2024-07-12 14:10:00+09:00,2264.0,2266.0,2264.0,2264.5,4600,0.0,0.0
2024-07-12 14:15:00+09:00,2264.5,2265.0,2263.5,2264.5,6400,0.0,0.0
2024-07-12 14:20:00+09:00,2264.5,2265.0,2262.0,2265.0,8600,0.0,0.0
2024-07-12 14:25:00+09:00,2265.5,2266.0,2264.0,2266.0,4800,0.0,0.0
2024-07-12 14:30:00+09:00,2266.0,2269.5,2263.5,2268.5,6000,0.0,0.0
2024-07-12 14:35:00+09:00,2268.5,2268.5,2265.0,2265.5,6500,0.0,0.0
2024-07-12 14:40:00+09:00,2265.5,2265.5,2264.5,2264.5,4900,0.0,0.0
2024-07-12 14:45:00+09:00,2264.0,2264.5,2262.0,2263.5,6800,0.0,0.0
2024-07-12 14:50:00+09:00,2264.0,2265.5,2263.5,2265.5,10900,0.0,0.0
2024-07-12 14:55:00+09:00,2264.5,2268.5,2261.0,2266.5,25300,0.0,0.0
