Datetime,Open,High,Low,Close,Volume,Dividends,Stock Splits
2022-09-08 09:00:00+08:00,14.100000381469727,14.25,14.0,14.050000190734863,0,0.0,0.0
2022-09-08 10:00:00+08:00,14.050000190734863,14.050000190734863,13.949999809265137,14.0,360353,0.0,0.0
2022-09-08 11:00:00+08:00,13.949999809265137,14.050000190734863,13.949999809265137,14.0,191001,0.0,0.0
2022-09-08 12:00:00+08:00,14.0,14.100000381469727,14.0,14.0,292158,0.0,0.0
2022-09-08 13:00:00+08:00,14.0,14.199999809265137,14.0,14.149999618530273,250001,0.0,0.0
2022-09-12 09:00:00+08:00,14.199999809265137,14.25,13.850000381469727,13.899999618530273,0,0.0,0.0
2022-09-12 10:00:00+08:00,13.949999809265137,14.0,13.899999618530273,14.0,339572,0.0,0.0
2022-09-12 11:00:00+08:00,14.0,14.0,13.949999809265137,14.0,160002,0.0,0.0
2022-09-12 12:00:00+08:00,14.0,14.0,13.899999618530273,13.949999809265137,226260,0.0,0.0
2022-09-12 13:00:00+08:00,13.949999809265137,14.0,13.899999618530273,14.0,126440,0.0,0.0
2022-09-13 09:00:00+08:00,13.949999809265137,14.100000381469727,13.800000190734863,13.899999618530273,0,0.0,0.0
2022-09-13 10:00:00+08:00,13.899999618530273,13.949999809265137,13.800000190734863,13.850000381469727,391000,0.0,0.0
2022-09-13 11:00:00+08:00,13.850000381469727,13.850000381469727,13.75,13.800000190734863,236239,0.0,0.0
2022-09-13 12:00:00+08:00,13.800000190734863,13.800000190734863,13.699999809265137,13.75,305072,0.0,0.0
2022-09-13 13:00:00+08:00,13.699999809265137,13.800000190734863,13.699999809265137,13.699999809265137,299088,0.0,0.0
2022-09-14 09:00:00+08:00,13.449999809265137,13.649999618530273,13.300000190734863,13.649999618530273,0,0.0,0.0
2022-09-14 10:00:00+08:00,13.649999618530273,13.899999618530273,13.600000381469727,13.850000381469727,2157163,0.0,0.0
2022-09-14 11:00:00+08:00,13.800000190734863,13.800000190734863,13.699999809265137,13.800000190734863,198042,0.0,0.0
2022-09-14 12:00:00+08:00,13.800000190734863,13.899999618530273,13.75,13.800000190734863,392120,0.0,0.0
2022-09-14 13:00:00+08:00,13.800000190734863,13.850000381469727,13.75,13.75,287481,0.0,0.0
2022-09-15 09:00:00+08:00,13.800000190734863,14.100000381469727,13.800000190734863,14.050000190734863,0,0.0,0.0
2022-09-15 10:00:00+08:00,14.0,14.100000381469727,13.899999618530273,13.899999618530273,365053,0.0,0.0
2022-09-15 11:00:00+08:00,13.899999618530273,13.949999809265137,13.850000381469727,13.850000381469727,213033,0.0,0.0
2022-09-15 12:00:00+08:00,13.850000381469727,13.899999618530273,13.800000190734863,13.800000190734863,296119,0.0,0.0
2022-09-15 13:00:00+08:00,13.800000190734863,13.800000190734863,13.75,13.75,185194,0.0,0.0
2022-09-16 09:00:00+08:00,13.899999618530273,13.949999809265137,13.75,13.800000190734863,0,0.0,0.0
2022-09-16 10:00:00+08:00,13.800000190734863,13.850000381469727,13.699999809265137,13.75,216063,0.0,0.0
2022-09-16 11:00:00+08:00,13.800000190734863,13.850000381469727,13.800000190734863,13.800000190734863,218097,0.0,0.0
2022-09-16 12:00:00+08:00,13.850000381469727,13.850000381469727,13.75,13.75,97001,0.0,0.0
2022-09-16 13:00:00+08:00,13.800000190734863,13.800000190734863,13.75,13.75,148397,0.0,0.0
2022-09-19 09:00:00+08:00,13.800000190734863,13.850000381469727,13.600000381469727,13.649999618530273,0,0.0,0.0
2022-09-19 10:00:00+08:00,13.649999618530273,13.699999809265137,13.550000190734863,13.600000381469727,217136,0.0,0.0
2022-09-19 11:00:00+08:00,13.550000190734863,13.600000381469727,13.399999618530273,13.600000381469727,574108,0.0,0.0
2022-09-19 12:00:00+08:00,13.550000190734863,13.550000190734863,13.399999618530273,13.449999809265137,185379,0.0,0.0
2022-09-19 13:00:00+08:00,13.449999809265137,13.550000190734863,13.449999809265137,13.5,85003,0.0,0.0
2022-09-20 09:00:00+08:00,13.600000381469727,13.649999618530273,13.550000190734863,13.600000381469727,0,0.0,0.0
2022-09-20 10:00:00+08:00,13.600000381469727,13.649999618530273,13.550000190734863,13.550000190734863,45000,0.0,0.0
2022-09-20 11:00:00+08:00,13.550000190734863,13.600000381469727,13.5,13.5,146599,0.0,0.0
2022-09-20 12:00:00+08:00,13.550000190734863,13.600000381469727,13.550000190734863,13.550000190734863,55217,0.0,0.0
2022-09-20 13:00:00+08:00,13.550000190734863,13.550000190734863,13.5,13.550000190734863,96002,0.0,0.0
2022-09-21 09:00:00+08:00,13.5,13.550000190734863,13.350000381469727,13.449999809265137,0,0.0,0.0
2022-09-21 10:00:00+08:00,13.449999809265137,13.449999809265137,13.350000381469727,13.399999618530273,130042,0.0,0.0
2022-09-21 11:00:00+08:00,13.399999618530273,13.399999618530273,13.350000381469727,13.350000381469727,83345,0.0,0.0
2022-09-21 12:00:00+08:00,13.350000381469727,13.350000381469727,13.199999809265137,13.199999809265137,614859,0.0,0.0
2022-09-21 13:00:00+08:00,13.199999809265137,13.300000190734863,13.199999809265137,13.25,86401,0.0,0.0
2022-09-22 09:00:00+08:00,13.149999618530273,13.25,13.050000190734863,13.25,0,0.0,0.0
2022-09-22 10:00:00+08:00,13.199999809265137,13.350000381469727,13.199999809265137,13.300000190734863,119447,0.0,0.0
2022-09-22 11:00:00+08:00,13.300000190734863,13.399999618530273,13.300000190734863,13.350000381469727,145010,0.0,0.0
2022-09-22 12:00:00+08:00,13.350000381469727,13.399999618530273,13.300000190734863,13.300000190734863,101220,0.0,0.0
2022-09-22 13:00:00+08:00,13.350000381469727,13.449999809265137,13.350000381469727,13.399999618530273,135001,0.0,0.0
2022-09-23 09:00:00+08:00,13.399999618530273,13.550000190734863,13.300000190734863,13.399999618530273,119066,0.0,0.0
2022-09-23 10:00:00+08:00,13.399999618530273,13.399999618530273,13.300000190734863,13.399999618530273,126626,0.0,0.0
2022-09-23 11:00:00+08:00,13.399999618530273,13.399999618530273,13.25,13.300000190734863,410239,0.0,0.0
2022-09-23 12:00:00+08:00,13.300000190734863,13.350000381469727,13.199999809265137,13.300000190734863,281010,0.0,0.0
2022-09-23 13:00:00+08:00,13.300000190734863,13.350000381469727,13.25,13.300000190734863,74001,0.0,0.0
2022-09-26 09:00:00+08:00,13.300000190734863,13.449999809265137,12.850000381469727,12.899999618530273,0,0.0,0.0
2022-09-26 10:00:00+08:00,12.899999618530273,12.949999809265137,12.850000381469727,12.850000381469727,201574,0.0,0.0
2022-09-26 11:00:00+08:00,12.800000190734863,12.800000190734863,12.550000190734863,12.649999618530273,648479,0.0,0.0
2022-09-26 12:00:00+08:00,12.649999618530273,12.649999618530273,12.5,12.5,480445,0.0,0.0
2022-09-26 13:00:00+08:00,12.5,12.600000381469727,12.449999809265137,12.550000190734863,295342,0.0,0.0
2022-09-27 09:00:00+08:00,12.550000190734863,12.699999809265137,12.399999618530273,12.449999809265137,0,0.0,0.0
2022-09-27 10:00:00+08:00,12.449999809265137,12.649999618530273,12.350000381469727,12.600000381469727,920765,0.0,0.0
2022-09-27 11:00:00+08:00,12.600000381469727,12.649999618530273,12.5,12.600000381469727,83054,0.0,0.0
2022-09-27 12:00:00+08:00,12.550000190734863,12.699999809265137,12.550000190734863,12.649999618530273,237472,0.0,0.0
2022-09-27 13:00:00+08:00,12.699999809265137,12.800000190734863,12.699999809265137,12.800000190734863,160100,0.0,0.0
2022-09-28 09:00:00+08:00,12.899999618530273,12.949999809265137,12.449999809265137,12.5,0,0.0,0.0
2022-09-28 10:00:00+08:00,12.5,12.5,12.199999809265137,12.199999809265137,637651,0.0,0.0
2022-09-28 11:00:00+08:00,12.25,12.300000190734863,12.149999618530273,12.25,291670,0.0,0.0
2022-09-28 12:00:00+08:00,12.25,12.25,12.050000190734863,12.100000381469727,691419,0.0,0.0
2022-09-28 13:00:00+08:00,12.100000381469727,12.25,12.0,12.199999809265137,447740,0.0,0.0
2022-09-29 09:00:00+08:00,12.350000381469727,12.350000381469727,12.199999809265137,12.300000190734863,0,0.0,0.0
2022-09-29 10:00:00+08:00,12.25,12.300000190734863,12.149999618530273,12.199999809265137,294851,0.0,0.0
2022-09-29 11:00:00+08:00,12.199999809265137,12.300000190734863,12.100000381469727,12.300000190734863,225096,0.0,0.0
2022-09-29 12:00:00+08:00,12.300000190734863,12.300000190734863,12.199999809265137,12.300000190734863,157184,0.0,0.0
2022-09-29 13:00:00+08:00,12.25,12.25,12.149999618530273,12.199999809265137,60848,0.0,0.0
2022-09-30 09:00:00+08:00,12.0,12.149999618530273,11.899999618530273,12.149999618530273,0,0.0,0.0
2022-09-30 10:00:00+08:00,12.100000381469727,12.25,12.050000190734863,12.25,300280,0.0,0.0
2022-09-30 11:00:00+08:00,12.25,12.25,12.149999618530273,12.25,136493,0.0,0.0
2022-09-30 12:00:00+08:00,12.25,12.25,12.149999618530273,12.199999809265137,115002,0.0,0.0
2022-09-30 13:00:00+08:00,12.199999809265137,12.300000190734863,12.199999809265137,12.300000190734863,151029,0.0,0.0
2022-10-03 09:00:00+08:00,12.25,12.350000381469727,12.199999809265137,12.300000190734863,0,0.0,0.0
2022-10-03 10:00:00+08:00,12.300000190734863,12.449999809265137,12.300000190734863,12.300000190734863,230260,0.0,0.0
2022-10-03 11:00:00+08:00,12.350000381469727,12.350000381469727,12.300000190734863,12.350000381469727,151582,0.0,0.0
2022-10-03 12:00:00+08:00,12.300000190734863,12.300000190734863,12.25,12.300000190734863,70579,0.0,0.0
2022-10-03 13:00:00+08:00,12.300000190734863,12.350000381469727,12.300000190734863,12.300000190734863,21357,0.0,0.0
2022-10-04 09:00:00+08:00,12.449999809265137,12.5,12.300000190734863,12.300000190734863,0,0.0,0.0
2022-10-04 10:00:00+08:00,12.300000190734863,12.350000381469727,12.25,12.300000190734863,110665,0.0,0.0
2022-10-04 11:00:00+08:00,12.300000190734863,12.449999809265137,12.300000190734863,12.399999618530273,147667,0.0,0.0
2022-10-04 12:00:00+08:00,12.399999618530273,12.399999618530273,12.350000381469727,12.399999618530273,95559,0.0,0.0
2022-10-04 13:00:00+08:00,12.399999618530273,12.399999618530273,12.350000381469727,12.399999618530273,81088,0.0,0.0
2022-10-05 09:00:00+08:00,12.550000190734863,12.600000381469727,12.449999809265137,12.5,0,0.0,0.0
2022-10-05 10:00:00+08:00,12.550000190734863,12.550000190734863,12.449999809265137,12.5,126401,0.0,0.0
2022-10-05 11:00:00+08:00,12.449999809265137,12.449999809265137,12.399999618530273,12.399999618530273,139376,0.0,0.0
2022-10-05 12:00:00+08:00,12.399999618530273,12.399999618530273,12.25,12.300000190734863,370616,0.0,0.0
2022-10-05 13:00:00+08:00,12.300000190734863,12.350000381469727,12.300000190734863,12.350000381469727,146364,0.0,0.0
2022-10-06 09:00:00+08:00,12.399999618530273,12.399999618530273,12.25,12.300000190734863,0,0.0,0.0
2022-10-06 10:00:00+08:00,12.300000190734863,12.300000190734863,12.199999809265137,12.300000190734863,180212,0.0,0.0
2022-10-06 11:00:00+08:00,12.300000190734863,12.300000190734863,12.25,12.25,95104,0.0,0.0
2022-10-06 12:00:00+08:00,12.25,12.399999618530273,12.25,12.350000381469727,193611,0.0,0.0
2022-10-06 13:00:00+08:00,12.300000190734863,12.399999618530273,12.300000190734863,12.350000381469727,102134,0.0,0.0
2022-10-07 09:00:00+08:00,12.399999618530273,12.600000381469727,12.199999809265137,12.449999809265137,1660849,0.0,0.0
2022-10-07 10:00:00+08:00,12.399999618530273,12.449999809265137,12.350000381469727,12.350000381469727,348568,0.0,0.0
2022-10-07 11:00:00+08:00,12.350000381469727,12.350000381469727,12.25,12.300000190734863,347320,0.0,0.0
2022-10-07 12:00:00+08:00,12.300000190734863,12.300000190734863,12.25,12.25,108249,0.0,0.0
2022-10-07 13:00:00+08:00,12.25,12.350000381469727,12.25,12.300000190734863,157627,0.0,0.0
2022-10-11 09:00:00+08:00,12.050000190734863,12.050000190734863,11.850000381469727,11.949999809265137,0,0.0,0.0
2022-10-11 10:00:00+08:00,11.949999809265137,12.0,11.899999618530273,11.899999618530273,144749,0.0,0.0
2022-10-11 11:00:00+08:00,11.899999618530273,11.899999618530273,11.75,11.800000190734863,431658,0.0,0.0
2022-10-11 12:00:00+08:00,11.800000190734863,11.800000190734863,11.75,11.800000190734863,177181,0.0,0.0
2022-10-11 13:00:00+08:00,11.800000190734863,11.850000381469727,11.75,11.800000190734863,167505,0.0,0.0
2022-10-12 09:00:00+08:00,11.800000190734863,11.800000190734863,11.550000190734863,11.699999809265137,0,0.0,0.0
2022-10-12 10:00:00+08:00,11.699999809265137,11.699999809265137,11.550000190734863,11.699999809265137,302162,0.0,0.0
2022-10-12 11:00:00+08:00,11.699999809265137,11.75,11.699999809265137,11.75,89850,0.0,0.0
2022-10-12 12:00:00+08:00,11.699999809265137,11.800000190734863,11.699999809265137,11.800000190734863,96106,0.0,0.0
2022-10-12 13:00:00+08:00,11.75,11.800000190734863,11.75,11.75,80185,0.0,0.0
2022-10-13 09:00:00+08:00,11.800000190734863,11.850000381469727,11.600000381469727,11.600000381469727,0,0.0,0.0
2022-10-13 10:00:00+08:00,11.600000381469727,11.600000381469727,11.300000190734863,11.350000381469727,576863,0.0,0.0
2022-10-13 11:00:00+08:00,11.350000381469727,11.350000381469727,11.25,11.300000190734863,365915,0.0,0.0
2022-10-13 12:00:00+08:00,11.199999809265137,11.25,11.050000190734863,11.050000190734863,625390,0.0,0.0
2022-10-13 13:00:00+08:00,11.050000190734863,11.149999618530273,11.0,11.100000381469727,271243,0.0,0.0
2022-10-14 09:00:00+08:00,11.300000190734863,11.5,11.300000190734863,11.449999809265137,0,0.0,0.0
2022-10-14 10:00:00+08:00,11.449999809265137,11.550000190734863,11.399999618530273,11.449999809265137,224298,0.0,0.0
2022-10-14 11:00:00+08:00,11.449999809265137,11.5,11.449999809265137,11.5,94543,0.0,0.0
2022-10-14 12:00:00+08:00,11.449999809265137,11.5,11.449999809265137,11.449999809265137,120348,0.0,0.0
2022-10-14 13:00:00+08:00,11.449999809265137,11.5,11.399999618530273,11.449999809265137,56369,0.0,0.0
2022-10-17 09:00:00+08:00,11.300000190734863,11.300000190734863,11.050000190734863,11.050000190734863,0,0.0,0.0
2022-10-17 10:00:00+08:00,11.050000190734863,11.100000381469727,11.0,11.0,285540,0.0,0.0
2022-10-17 11:00:00+08:00,11.050000190734863,11.199999809265137,11.0,11.199999809265137,145933,0.0,0.0
2022-10-17 12:00:00+08:00,11.199999809265137,11.199999809265137,11.149999618530273,11.199999809265137,123232,0.0,0.0
2022-10-17 13:00:00+08:00,11.199999809265137,11.399999618530273,11.199999809265137,11.399999618530273,114006,0.0,0.0
2022-10-18 09:00:00+08:00,11.5,11.5,11.350000381469727,11.350000381469727,0,0.0,0.0
2022-10-18 10:00:00+08:00,11.350000381469727,11.399999618530273,11.350000381469727,11.350000381469727,8043,0.0,0.0
2022-10-18 11:00:00+08:00,11.399999618530273,11.399999618530273,11.350000381469727,11.399999618530273,69768,0.0,0.0
2022-10-18 12:00:00+08:00,11.399999618530273,11.449999809265137,11.350000381469727,11.449999809265137,83008,0.0,0.0
2022-10-18 13:00:00+08:00,11.399999618530273,11.600000381469727,11.399999618530273,11.449999809265137,99906,0.0,0.0
2022-10-19 09:00:00+08:00,11.449999809265137,11.600000381469727,11.449999809265137,11.5,0,0.0,0.0
2022-10-19 10:00:00+08:00,11.5,11.550000190734863,11.5,11.5,34723,0.0,0.0
2022-10-19 11:00:00+08:00,11.5,11.5,11.449999809265137,11.5,42655,0.0,0.0
2022-10-19 12:00:00+08:00,11.449999809265137,11.449999809265137,11.350000381469727,11.399999618530273,79334,0.0,0.0
2022-10-19 13:00:00+08:00,11.449999809265137,11.449999809265137,11.399999618530273,11.449999809265137,20210,0.0,0.0
2022-10-20 09:00:00+08:00,11.300000190734863,11.300000190734863,11.100000381469727,11.199999809265137,0,0.0,0.0
2022-10-20 10:00:00+08:00,11.149999618530273,11.25,11.149999618530273,11.25,52140,0.0,0.0
2022-10-20 11:00:00+08:00,11.199999809265137,11.199999809265137,11.199999809265137,11.199999809265137,8613,0.0,0.0
2022-10-20 12:00:00+08:00,11.149999618530273,11.149999618530273,11.100000381469727,11.149999618530273,202972,0.0,0.0
2022-10-20 13:00:00+08:00,11.149999618530273,11.199999809265137,11.149999618530273,11.149999618530273,81951,0.0,0.0
2022-10-21 09:00:00+08:00,11.199999809265137,11.199999809265137,11.050000190734863,11.100000381469727,0,0.0,0.0
2022-10-21 10:00:00+08:00,11.100000381469727,11.25,11.100000381469727,11.100000381469727,77441,0.0,0.0
2022-10-21 11:00:00+08:00,11.149999618530273,11.199999809265137,11.149999618530273,11.149999618530273,61450,0.0,0.0
2022-10-21 12:00:00+08:00,11.149999618530273,11.199999809265137,11.100000381469727,11.100000381469727,62103,0.0,0.0
2022-10-21 13:00:00+08:00,11.149999618530273,11.149999618530273,11.100000381469727,11.100000381469727,81319,0.0,0.0
2022-10-24 09:00:00+08:00,11.300000190734863,11.350000381469727,11.25,11.300000190734863,0,0.0,0.0
2022-10-24 10:00:00+08:00,11.25,11.300000190734863,11.25,11.25,58354,0.0,0.0
2022-10-24 11:00:00+08:00,11.25,11.25,11.199999809265137,11.199999809265137,75441,0.0,0.0
2022-10-24 12:00:00+08:00,11.199999809265137,11.199999809265137,11.149999618530273,11.199999809265137,34442,0.0,0.0
2022-10-24 13:00:00+08:00,11.199999809265137,11.25,11.199999809265137,11.199999809265137,71736,0.0,0.0
2022-10-25 09:00:00+08:00,11.199999809265137,11.25,11.149999618530273,11.149999618530273,0,0.0,0.0
2022-10-25 10:00:00+08:00,11.149999618530273,11.199999809265137,11.100000381469727,11.149999618530273,147194,0.0,0.0
2022-10-25 11:00:00+08:00,11.149999618530273,11.199999809265137,11.149999618530273,11.199999809265137,94542,0.0,0.0
2022-10-25 12:00:00+08:00,11.149999618530273,11.199999809265137,11.100000381469727,11.149999618530273,91616,0.0,0.0
2022-10-25 13:00:00+08:00,11.149999618530273,11.149999618530273,11.100000381469727,11.149999618530273,31237,0.0,0.0
2022-10-26 09:00:00+08:00,11.100000381469727,11.199999809265137,11.050000190734863,11.050000190734863,0,0.0,0.0
2022-10-26 10:00:00+08:00,11.100000381469727,11.199999809265137,11.050000190734863,11.199999809265137,96506,0.0,0.0
2022-10-26 11:00:00+08:00,11.149999618530273,11.199999809265137,11.100000381469727,11.100000381469727,73895,0.0,0.0
2022-10-26 12:00:00+08:00,11.149999618530273,11.149999618530273,11.050000190734863,11.100000381469727,61575,0.0,0.0
2022-10-26 13:00:00+08:00,11.100000381469727,11.149999618530273,11.050000190734863,11.100000381469727,45698,0.0,0.0
2022-10-27 09:00:00+08:00,11.100000381469727,11.25,11.100000381469727,11.149999618530273,0,0.0,0.0
2022-10-27 10:00:00+08:00,11.149999618530273,11.25,11.149999618530273,11.199999809265137,92542,0.0,0.0
2022-10-27 11:00:00+08:00,11.199999809265137,11.25,11.199999809265137,11.199999809265137,58264,0.0,0.0
2022-10-27 12:00:00+08:00,11.199999809265137,11.25,11.149999618530273,11.25,142293,0.0,0.0
2022-10-27 13:00:00+08:00,11.300000190734863,11.300000190734863,11.25,11.300000190734863,41119,0.0,0.0
2022-10-28 09:00:00+08:00,11.300000190734863,11.350000381469727,11.199999809265137,11.199999809265137,0,0.0,0.0
2022-10-28 10:00:00+08:00,11.199999809265137,11.199999809265137,11.199999809265137,11.199999809265137,41151,0.0,0.0
2022-10-28 11:00:00+08:00,11.149999618530273,11.149999618530273,11.149999618530273,11.149999618530273,13960,0.0,0.0
2022-10-28 12:00:00+08:00,11.149999618530273,11.199999809265137,11.100000381469727,11.100000381469727,85320,0.0,0.0
2022-10-28 13:00:00+08:00,11.100000381469727,11.149999618530273,11.050000190734863,11.100000381469727,81279,0.0,0.0
2022-10-31 09:00:00+08:00,11.199999809265137,11.25,11.149999618530273,11.25,0,0.0,0.0
2022-10-31 10:00:00+08:00,11.25,11.25,11.149999618530273,11.199999809265137,153667,0.0,0.0
2022-10-31 11:00:00+08:00,11.25,11.300000190734863,11.25,11.300000190734863,158657,0.0,0.0
2022-10-31 12:00:00+08:00,11.300000190734863,11.449999809265137,11.25,11.399999618530273,186288,0.0,0.0
2022-10-31 13:00:00+08:00,11.350000381469727,11.399999618530273,11.350000381469727,11.350000381469727,19046,0.0,0.0
2022-11-01 09:00:00+08:00,11.300000190734863,11.449999809265137,11.25,11.399999618530273,0,0.0,0.0
2022-11-01 10:00:00+08:00,11.399999618530273,11.5,11.399999618530273,11.449999809265137,115928,0.0,0.0
2022-11-01 11:00:00+08:00,11.449999809265137,11.5,11.399999618530273,11.399999618530273,83294,0.0,0.0
2022-11-01 12:00:00+08:00,11.399999618530273,11.399999618530273,11.350000381469727,11.350000381469727,42556,0.0,0.0
2022-11-01 13:00:00+08:00,11.350000381469727,11.399999618530273,11.350000381469727,11.350000381469727,109254,0.0,0.0
2022-11-02 09:00:00+08:00,11.399999618530273,12.350000381469727,11.399999618530273,12.300000190734863,1361586,0.0,0.0
2022-11-02 10:00:00+08:00,12.300000190734863,12.449999809265137,12.25,12.300000190734863,2368880,0.0,0.0
2022-11-02 11:00:00+08:00,12.300000190734863,12.300000190734863,12.149999618530273,12.25,656802,0.0,0.0
2022-11-02 12:00:00+08:00,12.25,12.25,11.949999809265137,12.050000190734863,1435151,0.0,0.0
2022-11-02 13:00:00+08:00,12.100000381469727,12.199999809265137,12.050000190734863,12.199999809265137,451285,0.0,0.0
2022-11-03 09:00:00+08:00,11.949999809265137,12.149999618530273,11.850000381469727,12.050000190734863,0,0.0,0.0
2022-11-03 10:00:00+08:00,12.0,12.050000190734863,12.0,12.0,138714,0.0,0.0
2022-11-03 11:00:00+08:00,12.0,12.050000190734863,11.899999618530273,11.949999809265137,326450,0.0,0.0
2022-11-03 12:00:00+08:00,12.0,12.0,11.949999809265137,12.0,198380,0.0,0.0
2022-11-03 13:00:00+08:00,11.949999809265137,12.050000190734863,11.949999809265137,12.0,116933,0.0,0.0
2022-11-04 09:00:00+08:00,12.050000190734863,12.100000381469727,11.850000381469727,12.0,0,0.0,0.0
2022-11-04 10:00:00+08:00,12.0,12.100000381469727,11.899999618530273,12.050000190734863,358645,0.0,0.0
2022-11-04 11:00:00+08:00,12.050000190734863,12.149999618530273,12.050000190734863,12.100000381469727,151812,0.0,0.0
2022-11-04 12:00:00+08:00,12.100000381469727,12.149999618530273,12.050000190734863,12.149999618530273,173382,0.0,0.0
2022-11-04 13:00:00+08:00,12.149999618530273,12.149999618530273,12.100000381469727,12.100000381469727,128101,0.0,0.0
2022-11-07 09:00:00+08:00,12.199999809265137,12.300000190734863,12.149999618530273,12.300000190734863,0,0.0,0.0
2022-11-07 10:00:00+08:00,12.25,12.399999618530273,12.199999809265137,12.350000381469727,571273,0.0,0.0
2022-11-07 11:00:00+08:00,12.350000381469727,12.449999809265137,12.350000381469727,12.449999809265137,393625,0.0,0.0
2022-11-07 12:00:00+08:00,12.399999618530273,12.449999809265137,12.300000190734863,12.300000190734863,200912,0.0,0.0
2022-11-07 13:00:00+08:00,12.300000190734863,12.350000381469727,12.300000190734863,12.300000190734863,94082,0.0,0.0
2022-11-08 09:00:00+08:00,12.399999618530273,12.449999809265137,12.25,12.300000190734863,0,0.0,0.0
2022-11-08 10:00:00+08:00,12.300000190734863,12.350000381469727,12.149999618530273,12.149999618530273,269837,0.0,0.0
2022-11-08 11:00:00+08:00,12.199999809265137,12.25,12.149999618530273,12.199999809265137,73993,0.0,0.0
2022-11-08 12:00:00+08:00,12.199999809265137,12.300000190734863,12.199999809265137,12.199999809265137,185561,0.0,0.0
2022-11-08 13:00:00+08:00,12.149999618530273,12.149999618530273,12.050000190734863,12.149999618530273,207642,0.0,0.0
2022-11-09 09:00:00+08:00,12.199999809265137,12.300000190734863,12.199999809265137,12.199999809265137,0,0.0,0.0
2022-11-09 10:00:00+08:00,12.25,12.25,12.149999618530273,12.149999618530273,109692,0.0,0.0
2022-11-09 11:00:00+08:00,12.199999809265137,12.199999809265137,12.050000190734863,12.149999618530273,538161,0.0,0.0
2022-11-09 12:00:00+08:00,12.149999618530273,12.149999618530273,12.050000190734863,12.050000190734863,280369,0.0,0.0
2022-11-09 13:00:00+08:00,12.100000381469727,12.100000381469727,12.050000190734863,12.100000381469727,78339,0.0,0.0
2022-11-10 09:00:00+08:00,12.0,12.149999618530273,12.0,12.050000190734863,0,0.0,0.0
2022-11-10 10:00:00+08:00,12.050000190734863,12.100000381469727,12.0,12.050000190734863,59404,0.0,0.0
2022-11-10 11:00:00+08:00,12.050000190734863,12.050000190734863,12.0,12.0,27199,0.0,0.0
2022-11-10 12:00:00+08:00,12.050000190734863,12.100000381469727,12.0,12.0,111959,0.0,0.0
2022-11-10 13:00:00+08:00,12.050000190734863,12.100000381469727,12.0,12.050000190734863,31406,0.0,0.0
2022-11-11 09:00:00+08:00,12.300000190734863,12.350000381469727,12.050000190734863,12.100000381469727,0,0.0,0.0
2022-11-11 10:00:00+08:00,12.149999618530273,12.149999618530273,12.100000381469727,12.100000381469727,104392,0.0,0.0
2022-11-11 11:00:00+08:00,12.100000381469727,12.100000381469727,12.050000190734863,12.100000381469727,84377,0.0,0.0
2022-11-11 12:00:00+08:00,12.050000190734863,12.100000381469727,12.050000190734863,12.100000381469727,60767,0.0,0.0
2022-11-11 13:00:00+08:00,12.100000381469727,12.100000381469727,12.0,12.050000190734863,131807,0.0,0.0
2022-11-14 09:00:00+08:00,12.199999809265137,12.25,12.100000381469727,12.100000381469727,0,0.0,0.0
2022-11-14 10:00:00+08:00,12.100000381469727,12.149999618530273,12.100000381469727,12.100000381469727,71376,0.0,0.0
2022-11-14 11:00:00+08:00,12.149999618530273,12.199999809265137,12.149999618530273,12.199999809265137,158152,0.0,0.0
2022-11-14 12:00:00+08:00,12.199999809265137,12.25,12.199999809265137,12.199999809265137,130937,0.0,0.0
2022-11-14 13:00:00+08:00,12.199999809265137,12.25,12.149999618530273,12.199999809265137,61933,0.0,0.0
2022-11-15 09:00:00+08:00,12.300000190734863,12.449999809265137,12.25,12.399999618530273,0,0.0,0.0
2022-11-15 10:00:00+08:00,12.449999809265137,13.100000381469727,12.399999618530273,12.75,34937732,0.0,0.0
2022-11-15 11:00:00+08:00,12.75,12.850000381469727,12.75,12.800000190734863,650303,0.0,0.0
2022-11-15 12:00:00+08:00,12.800000190734863,12.800000190734863,12.649999618530273,12.699999809265137,1025805,0.0,0.0
2022-11-15 13:00:00+08:00,12.699999809265137,12.800000190734863,12.699999809265137,12.699999809265137,430780,0.0,0.0
2022-11-16 09:00:00+08:00,12.649999618530273,12.75,12.449999809265137,12.550000190734863,0,0.0,0.0
2022-11-16 10:00:00+08:00,12.550000190734863,12.649999618530273,12.5,12.600000381469727,302813,0.0,0.0
2022-11-16 11:00:00+08:00,12.600000381469727,12.699999809265137,12.550000190734863,12.600000381469727,172210,0.0,0.0
2022-11-16 12:00:00+08:00,12.600000381469727,12.600000381469727,12.5,12.550000190734863,172540,0.0,0.0
2022-11-16 13:00:00+08:00,12.5,12.600000381469727,12.5,12.550000190734863,125085,0.0,0.0
2022-11-17 09:00:00+08:00,12.800000190734863,12.800000190734863,12.649999618530273,12.699999809265137,0,0.0,0.0
2022-11-17 10:00:00+08:00,12.699999809265137,12.800000190734863,12.699999809265137,12.75,0,0.0,0.0
2022-11-17 11:00:00+08:00,12.75,12.800000190734863,12.699999809265137,12.699999809265137,1153622,0.0,0.0
2022-11-17 12:00:00+08:00,12.699999809265137,12.75,12.600000381469727,12.649999618530273,407423,0.0,0.0
2022-11-17 13:00:00+08:00,12.649999618530273,12.699999809265137,12.600000381469727,12.649999618530273,159775,0.0,0.0
2022-11-18 09:00:00+08:00,12.699999809265137,12.75,12.550000190734863,12.600000381469727,0,0.0,0.0
2022-11-18 10:00:00+08:00,12.600000381469727,12.600000381469727,12.5,12.550000190734863,176044,0.0,0.0
2022-11-18 11:00:00+08:00,12.550000190734863,12.600000381469727,12.550000190734863,12.550000190734863,51314,0.0,0.0
2022-11-18 12:00:00+08:00,12.550000190734863,12.600000381469727,12.449999809265137,12.449999809265137,262947,0.0,0.0
2022-11-18 13:00:00+08:00,12.5,12.5,12.449999809265137,12.5,89001,0.0,0.0
2022-11-21 09:00:00+08:00,12.550000190734863,12.550000190734863,12.399999618530273,12.449999809265137,0,0.0,0.0
2022-11-21 10:00:00+08:00,12.449999809265137,12.449999809265137,12.350000381469727,12.399999618530273,55659,0.0,0.0
2022-11-21 11:00:00+08:00,12.399999618530273,12.449999809265137,12.399999618530273,12.399999618530273,33211,0.0,0.0
2022-11-21 12:00:00+08:00,12.399999618530273,12.449999809265137,12.350000381469727,12.350000381469727,155943,0.0,0.0
2022-11-21 13:00:00+08:00,12.350000381469727,12.399999618530273,12.350000381469727,12.350000381469727,64200,0.0,0.0
2022-11-22 09:00:00+08:00,12.350000381469727,12.5,12.350000381469727,12.399999618530273,0,0.0,0.0
2022-11-22 10:00:00+08:00,12.399999618530273,12.449999809265137,12.350000381469727,12.399999618530273,52200,0.0,0.0
2022-11-22 11:00:00+08:00,12.399999618530273,12.449999809265137,12.399999618530273,12.399999618530273,33000,0.0,0.0
2022-11-22 12:00:00+08:00,12.399999618530273,12.449999809265137,12.350000381469727,12.399999618530273,71351,0.0,0.0
2022-11-22 13:00:00+08:00,12.399999618530273,12.449999809265137,12.350000381469727,12.399999618530273,70131,0.0,0.0
2022-11-23 09:00:00+08:00,12.449999809265137,12.649999618530273,12.399999618530273,12.649999618530273,34237,0.0,0.0
2022-11-23 10:00:00+08:00,12.649999618530273,12.649999618530273,12.550000190734863,12.550000190734863,188531,0.0,0.0
2022-11-23 11:00:00+08:00,12.550000190734863,12.550000190734863,12.5,12.5,82669,0.0,0.0
2022-11-23 12:00:00+08:00,12.5,12.5,12.449999809265137,12.449999809265137,117631,0.0,0.0
2022-11-23 13:00:00+08:00,12.5,12.5,12.5,12.5,58977,0.0,0.0
2022-11-24 09:00:00+08:00,12.600000381469727,12.649999618530273,12.550000190734863,12.550000190734863,0,0.0,0.0
2022-11-24 10:00:00+08:00,12.550000190734863,12.600000381469727,12.550000190734863,12.550000190734863,21560,0.0,0.0
2022-11-24 11:00:00+08:00,12.550000190734863,12.550000190734863,12.5,12.5,136017,0.0,0.0
2022-11-24 12:00:00+08:00,12.5,12.5,12.449999809265137,12.5,110998,0.0,0.0
2022-11-24 13:00:00+08:00,12.5,12.550000190734863,12.449999809265137,12.5,97514,0.0,0.0
2022-11-25 09:00:00+08:00,12.5,12.600000381469727,12.449999809265137,12.5,0,0.0,0.0
2022-11-25 10:00:00+08:00,12.449999809265137,12.5,12.399999618530273,12.449999809265137,192085,0.0,0.0
2022-11-25 11:00:00+08:00,12.449999809265137,12.449999809265137,12.449999809265137,12.449999809265137,45001,0.0,0.0
2022-11-25 12:00:00+08:00,12.449999809265137,12.449999809265137,12.399999618530273,12.449999809265137,75007,0.0,0.0
2022-11-25 13:00:00+08:00,12.399999618530273,12.449999809265137,12.399999618530273,12.399999618530273,83488,0.0,0.0
2022-11-28 09:00:00+08:00,12.300000190734863,12.449999809265137,12.300000190734863,12.350000381469727,0,0.0,0.0
2022-11-28 10:00:00+08:00,12.350000381469727,12.449999809265137,12.300000190734863,12.399999618530273,296458,0.0,0.0
2022-11-28 11:00:00+08:00,12.449999809265137,12.5,12.350000381469727,12.449999809265137,227474,0.0,0.0
2022-11-28 12:00:00+08:00,12.449999809265137,12.5,12.399999618530273,12.449999809265137,98833,0.0,0.0
2022-11-28 13:00:00+08:00,12.399999618530273,12.399999618530273,12.399999618530273,12.399999618530273,24434,0.0,0.0
2022-11-29 09:00:00+08:00,12.399999618530273,12.5,12.350000381469727,12.5,0,0.0,0.0
2022-11-29 10:00:00+08:00,12.5,12.5,12.449999809265137,12.449999809265137,33553,0.0,0.0
2022-11-29 11:00:00+08:00,12.449999809265137,12.550000190734863,12.449999809265137,12.5,112616,0.0,0.0
2022-11-29 12:00:00+08:00,12.550000190734863,12.600000381469727,12.550000190734863,12.550000190734863,235868,0.0,0.0
2022-11-29 13:00:00+08:00,12.550000190734863,12.600000381469727,12.5,12.600000381469727,44418,0.0,0.0
2022-11-30 09:00:00+08:00,12.600000381469727,12.800000190734863,12.5,12.800000190734863,0,0.0,0.0
2022-11-30 10:00:00+08:00,12.75,12.75,12.699999809265137,12.699999809265137,194354,0.0,0.0
2022-11-30 11:00:00+08:00,12.699999809265137,12.75,12.600000381469727,12.649999618530273,252735,0.0,0.0
2022-11-30 12:00:00+08:00,12.649999618530273,12.699999809265137,12.649999618530273,12.699999809265137,97536,0.0,0.0
2022-11-30 13:00:00+08:00,12.699999809265137,12.699999809265137,12.550000190734863,12.600000381469727,250212,0.0,0.0
2022-12-01 09:00:00+08:00,12.75,12.850000381469727,12.699999809265137,12.75,0,0.0,0.0
2022-12-01 10:00:00+08:00,12.699999809265137,12.75,12.699999809265137,12.75,284734,0.0,0.0
2022-12-01 11:00:00+08:00,12.75,12.850000381469727,12.75,12.800000190734863,705660,0.0,0.0
2022-12-01 12:00:00+08:00,12.800000190734863,12.800000190734863,12.75,12.75,144024,0.0,0.0
2022-12-01 13:00:00+08:00,12.75,12.75,12.75,12.75,36126,0.0,0.0
2022-12-02 09:00:00+08:00,12.699999809265137,12.800000190734863,12.699999809265137,12.800000190734863,0,0.0,0.0
2022-12-02 10:00:00+08:00,12.850000381469727,12.899999618530273,12.800000190734863,12.850000381469727,489516,0.0,0.0
2022-12-02 11:00:00+08:00,12.850000381469727,12.850000381469727,12.75,12.800000190734863,103364,0.0,0.0
2022-12-02 12:00:00+08:00,12.850000381469727,12.850000381469727,12.800000190734863,12.800000190734863,77611,0.0,0.0
2022-12-02 13:00:00+08:00,12.850000381469727,12.850000381469727,12.800000190734863,12.800000190734863,95301,0.0,0.0
2022-12-05 09:00:00+08:00,12.899999618530273,13.0,12.850000381469727,12.850000381469727,0,0.0,0.0
2022-12-05 10:00:00+08:00,12.850000381469727,12.899999618530273,12.800000190734863,12.850000381469727,144033,0.0,0.0
2022-12-05 11:00:00+08:00,12.800000190734863,12.899999618530273,12.800000190734863,12.899999618530273,233371,0.0,0.0
2022-12-05 12:00:00+08:00,12.850000381469727,12.899999618530273,12.800000190734863,12.850000381469727,229993,0.0,0.0
2022-12-05 13:00:00+08:00,12.800000190734863,12.850000381469727,12.800000190734863,12.800000190734863,74104,0.0,0.0
2022-12-06 09:00:00+08:00,12.850000381469727,12.850000381469727,12.649999618530273,12.649999618530273,0,0.0,0.0
2022-12-06 10:00:00+08:00,12.649999618530273,12.699999809265137,12.649999618530273,12.649999618530273,102679,0.0,0.0
2022-12-06 11:00:00+08:00,12.649999618530273,12.699999809265137,12.600000381469727,12.649999618530273,165471,0.0,0.0
2022-12-06 12:00:00+08:00,12.649999618530273,12.649999618530273,12.600000381469727,12.649999618530273,76041,0.0,0.0
2022-12-06 13:00:00+08:00,12.649999618530273,12.649999618530273,12.5,12.550000190734863,262311,0.0,0.0
2022-12-07 09:00:00+08:00,12.5,12.75,12.5,12.699999809265137,0,0.0,0.0
2022-12-07 10:00:00+08:00,12.649999618530273,12.699999809265137,12.350000381469727,12.399999618530273,331945,0.0,0.0
2022-12-07 11:00:00+08:00,12.449999809265137,12.449999809265137,12.350000381469727,12.449999809265137,77099,0.0,0.0
2022-12-07 12:00:00+08:00,12.449999809265137,12.449999809265137,12.399999618530273,12.399999618530273,79225,0.0,0.0
2022-12-07 13:00:00+08:00,12.449999809265137,12.550000190734863,12.350000381469727,12.550000190734863,1100027,0.0,0.0
2022-12-08 09:00:00+08:00,12.5,12.600000381469727,12.300000190734863,12.350000381469727,0,0.0,0.0
2022-12-08 10:00:00+08:00,12.350000381469727,12.399999618530273,12.300000190734863,12.350000381469727,380015,0.0,0.0
2022-12-08 11:00:00+08:00,12.350000381469727,12.399999618530273,12.350000381469727,12.399999618530273,68538,0.0,0.0
2022-12-08 12:00:00+08:00,12.399999618530273,12.399999618530273,12.350000381469727,12.350000381469727,84219,0.0,0.0
2022-12-08 13:00:00+08:00,12.350000381469727,12.399999618530273,12.350000381469727,12.399999618530273,48830,0.0,0.0
2022-12-09 09:00:00+08:00,12.399999618530273,12.449999809265137,12.350000381469727,12.399999618530273,0,0.0,0.0
2022-12-09 10:00:00+08:00,12.399999618530273,12.399999618530273,12.350000381469727,12.399999618530273,82138,0.0,0.0
2022-12-09 11:00:00+08:00,12.350000381469727,12.399999618530273,12.350000381469727,12.350000381469727,123030,0.0,0.0
2022-12-09 12:00:00+08:00,12.350000381469727,12.399999618530273,12.300000190734863,12.300000190734863,66261,0.0,0.0
2022-12-09 13:00:00+08:00,12.300000190734863,12.350000381469727,12.300000190734863,12.350000381469727,131685,0.0,0.0
2022-12-12 09:00:00+08:00,12.199999809265137,12.199999809265137,12.0,12.100000381469727,0,0.0,0.0
2022-12-12 10:00:00+08:00,12.050000190734863,12.100000381469727,12.0,12.050000190734863,164409,0.0,0.0
2022-12-12 11:00:00+08:00,12.050000190734863,12.100000381469727,12.050000190734863,12.050000190734863,80061,0.0,0.0
2022-12-12 12:00:00+08:00,12.100000381469727,12.100000381469727,12.050000190734863,12.100000381469727,32345,0.0,0.0
2022-12-12 13:00:00+08:00,12.050000190734863,12.100000381469727,12.050000190734863,12.050000190734863,64000,0.0,0.0
2022-12-13 09:00:00+08:00,12.100000381469727,12.149999618530273,12.050000190734863,12.100000381469727,0,0.0,0.0
2022-12-13 10:00:00+08:00,12.100000381469727,12.149999618530273,12.100000381469727,12.149999618530273,146955,0.0,0.0
2022-12-13 11:00:00+08:00,12.100000381469727,12.149999618530273,12.100000381469727,12.149999618530273,86639,0.0,0.0
2022-12-13 12:00:00+08:00,12.149999618530273,12.149999618530273,12.100000381469727,12.100000381469727,94050,0.0,0.0
2022-12-13 13:00:00+08:00,12.100000381469727,12.149999618530273,12.100000381469727,12.100000381469727,62115,0.0,0.0
2022-12-14 09:00:00+08:00,12.100000381469727,12.300000190734863,12.100000381469727,12.25,0,0.0,0.0
2022-12-14 10:00:00+08:00,12.25,12.25,12.199999809265137,12.25,86131,0.0,0.0
2022-12-14 11:00:00+08:00,12.199999809265137,12.25,12.199999809265137,12.25,57001,0.0,0.0
2022-12-14 12:00:00+08:00,12.199999809265137,12.199999809265137,12.149999618530273,12.199999809265137,45801,0.0,0.0
2022-12-14 13:00:00+08:00,12.149999618530273,12.199999809265137,12.149999618530273,12.199999809265137,25077,0.0,0.0
2022-12-15 09:00:00+08:00,12.199999809265137,12.350000381469727,12.199999809265137,12.25,0,0.0,0.0
2022-12-15 10:00:00+08:00,12.25,12.300000190734863,12.25,12.300000190734863,76353,0.0,0.0
2022-12-15 11:00:00+08:00,12.300000190734863,12.399999618530273,12.300000190734863,12.350000381469727,169330,0.0,0.0
2022-12-15 12:00:00+08:00,12.350000381469727,12.399999618530273,12.300000190734863,12.350000381469727,54107,0.0,0.0
2022-12-15 13:00:00+08:00,12.350000381469727,12.350000381469727,12.300000190734863,12.350000381469727,138655,0.0,0.0
2022-12-16 09:00:00+08:00,12.199999809265137,12.199999809265137,12.149999618530273,12.199999809265137,0,0.0,0.0
2022-12-16 10:00:00+08:00,12.199999809265137,12.300000190734863,12.149999618530273,12.25,154879,0.0,0.0
2022-12-16 11:00:00+08:00,12.25,12.300000190734863,12.199999809265137,12.300000190734863,18728,0.0,0.0
2022-12-16 12:00:00+08:00,12.25,12.300000190734863,12.199999809265137,12.199999809265137,122165,0.0,0.0
2022-12-16 13:00:00+08:00,12.199999809265137,12.25,12.199999809265137,12.25,20090,0.0,0.0
2022-12-19 09:00:00+08:00,12.199999809265137,12.199999809265137,12.100000381469727,12.149999618530273,0,0.0,0.0
2022-12-19 10:00:00+08:00,12.199999809265137,12.25,12.199999809265137,12.199999809265137,50609,0.0,0.0
2022-12-19 11:00:00+08:00,12.199999809265137,12.25,12.149999618530273,12.199999809265137,41000,0.0,0.0
2022-12-19 12:00:00+08:00,12.149999618530273,12.199999809265137,12.100000381469727,12.100000381469727,179355,0.0,0.0
2022-12-19 13:00:00+08:00,12.149999618530273,12.149999618530273,12.100000381469727,12.149999618530273,55741,0.0,0.0
2022-12-20 09:00:00+08:00,12.149999618530273,12.199999809265137,12.050000190734863,12.100000381469727,0,0.0,0.0
2022-12-20 10:00:00+08:00,12.100000381469727,12.149999618530273,12.050000190734863,12.100000381469727,63488,0.0,0.0
2022-12-20 11:00:00+08:00,12.100000381469727,12.100000381469727,12.0,12.0,245637,0.0,0.0
2022-12-20 12:00:00+08:00,11.949999809265137,11.949999809265137,11.800000190734863,11.800000190734863,437773,0.0,0.0
2022-12-20 13:00:00+08:00,11.850000381469727,11.850000381469727,11.800000190734863,11.850000381469727,85492,0.0,0.0
2022-12-21 09:00:00+08:00,11.800000190734863,11.949999809265137,11.800000190734863,11.800000190734863,0,0.0,0.0
2022-12-21 10:00:00+08:00,11.800000190734863,11.850000381469727,11.800000190734863,11.850000381469727,84115,0.0,0.0
2022-12-21 11:00:00+08:00,11.850000381469727,11.850000381469727,11.800000190734863,11.800000190734863,104924,0.0,0.0
2022-12-21 12:00:00+08:00,11.850000381469727,11.850000381469727,11.649999618530273,11.75,0,0.0,0.0
2022-12-21 13:00:00+08:00,11.75,11.800000190734863,11.699999809265137,11.75,777205,0.0,0.0
2022-12-22 09:00:00+08:00,11.800000190734863,11.899999618530273,11.800000190734863,11.850000381469727,0,0.0,0.0
2022-12-22 10:00:00+08:00,11.899999618530273,11.899999618530273,11.800000190734863,11.800000190734863,61165,0.0,0.0
2022-12-22 11:00:00+08:00,11.800000190734863,11.800000190734863,11.75,11.800000190734863,54289,0.0,0.0
2022-12-22 12:00:00+08:00,11.800000190734863,11.850000381469727,11.800000190734863,11.850000381469727,110649,0.0,0.0
2022-12-22 13:00:00+08:00,11.800000190734863,11.850000381469727,11.800000190734863,11.800000190734863,24563,0.0,0.0
2022-12-23 09:00:00+08:00,11.75,11.800000190734863,11.649999618530273,11.800000190734863,0,0.0,0.0
2022-12-23 10:00:00+08:00,11.800000190734863,11.850000381469727,11.75,11.75,45539,0.0,0.0
2022-12-23 11:00:00+08:00,11.75,11.800000190734863,11.75,11.75,27007,0.0,0.0
2022-12-23 12:00:00+08:00,11.75,11.850000381469727,11.699999809265137,11.800000190734863,129424,0.0,0.0
2022-12-23 13:00:00+08:00,11.800000190734863,11.850000381469727,11.75,11.75,46621,0.0,0.0
2022-12-26 09:00:00+08:00,11.800000190734863,11.899999618530273,11.800000190734863,11.800000190734863,0,0.0,0.0
2022-12-26 10:00:00+08:00,11.800000190734863,11.850000381469727,11.75,11.75,102533,0.0,0.0
2022-12-26 11:00:00+08:00,11.800000190734863,11.850000381469727,11.75,11.850000381469727,26032,0.0,0.0
2022-12-26 12:00:00+08:00,11.800000190734863,11.800000190734863,11.800000190734863,11.800000190734863,45687,0.0,0.0
2022-12-26 13:00:00+08:00,11.800000190734863,11.850000381469727,11.75,11.800000190734863,37820,0.0,0.0
2022-12-27 09:00:00+08:00,11.850000381469727,11.899999618530273,11.800000190734863,11.850000381469727,0,0.0,0.0
2022-12-27 10:00:00+08:00,11.850000381469727,11.949999809265137,11.850000381469727,11.949999809265137,140134,0.0,0.0
2022-12-27 11:00:00+08:00,11.899999618530273,11.899999618530273,11.850000381469727,11.899999618530273,6277,0.0,0.0
2022-12-27 12:00:00+08:00,11.850000381469727,11.899999618530273,11.800000190734863,11.800000190734863,59992,0.0,0.0
2022-12-27 13:00:00+08:00,11.800000190734863,11.800000190734863,11.75,11.800000190734863,31001,0.0,0.0
2022-12-28 09:00:00+08:00,11.800000190734863,11.850000381469727,11.75,11.850000381469727,0,0.0,0.0
2022-12-28 10:00:00+08:00,11.850000381469727,11.850000381469727,11.75,11.75,105967,0.0,0.0
2022-12-28 11:00:00+08:00,11.75,11.75,11.699999809265137,11.75,107528,0.0,0.0
2022-12-28 12:00:00+08:00,11.75,11.75,11.699999809265137,11.75,19233,0.0,0.0
2022-12-28 13:00:00+08:00,11.699999809265137,11.699999809265137,11.649999618530273,11.649999618530273,80538,0.0,0.0
2022-12-29 09:00:00+08:00,11.649999618530273,11.649999618530273,11.5,11.550000190734863,0,0.0,0.0
2022-12-29 10:00:00+08:00,11.600000381469727,11.649999618530273,11.600000381469727,11.600000381469727,56394,0.0,0.0
2022-12-29 11:00:00+08:00,11.600000381469727,11.649999618530273,11.550000190734863,11.550000190734863,51406,0.0,0.0
2022-12-29 12:00:00+08:00,11.600000381469727,11.699999809265137,11.550000190734863,11.699999809265137,87296,0.0,0.0
2022-12-29 13:00:00+08:00,11.649999618530273,11.699999809265137,11.649999618530273,11.699999809265137,24300,0.0,0.0
2022-12-30 09:00:00+08:00,11.699999809265137,11.800000190734863,11.699999809265137,11.75,0,0.0,0.0
2022-12-30 10:00:00+08:00,11.699999809265137,11.75,11.699999809265137,11.75,25051,0.0,0.0
2022-12-30 11:00:00+08:00,11.699999809265137,11.699999809265137,11.649999618530273,11.699999809265137,26753,0.0,0.0
2022-12-30 12:00:00+08:00,11.699999809265137,11.75,11.649999618530273,11.699999809265137,43435,0.0,0.0
2022-12-30 13:00:00+08:00,11.699999809265137,11.699999809265137,11.649999618530273,11.649999618530273,56000,0.0,0.0
2023-01-03 09:00:00+08:00,11.649999618530273,11.699999809265137,11.600000381469727,11.649999618530273,0,0.0,0.0
2023-01-03 10:00:00+08:00,11.699999809265137,11.800000190734863,11.649999618530273,11.75,96439,0.0,0.0
2023-01-03 11:00:00+08:00,11.75,11.800000190734863,11.699999809265137,11.699999809265137,15000,0.0,0.0
2023-01-03 12:00:00+08:00,11.699999809265137,11.75,11.699999809265137,11.699999809265137,48029,0.0,0.0
2023-01-03 13:00:00+08:00,11.699999809265137,11.800000190734863,11.699999809265137,11.699999809265137,18004,0.0,0.0
2023-01-04 09:00:00+08:00,11.75,11.850000381469727,11.75,11.850000381469727,0,0.0,0.0
2023-01-04 10:00:00+08:00,11.850000381469727,11.899999618530273,11.800000190734863,11.850000381469727,33735,0.0,0.0
2023-01-04 11:00:00+08:00,11.850000381469727,11.899999618530273,11.800000190734863,11.850000381469727,141484,0.0,0.0
2023-01-04 12:00:00+08:00,11.850000381469727,11.899999618530273,11.800000190734863,11.850000381469727,123224,0.0,0.0
2023-01-04 13:00:00+08:00,11.800000190734863,11.850000381469727,11.800000190734863,11.850000381469727,7001,0.0,0.0
2023-01-05 09:00:00+08:00,11.899999618530273,12.149999618530273,11.899999618530273,12.050000190734863,0,0.0,0.0
2023-01-05 10:00:00+08:00,12.050000190734863,12.25,12.0,12.149999618530273,1247789,0.0,0.0
2023-01-05 11:00:00+08:00,12.149999618530273,12.350000381469727,12.100000381469727,12.25,573823,0.0,0.0
2023-01-05 12:00:00+08:00,12.25,12.300000190734863,12.199999809265137,12.199999809265137,486189,0.0,0.0
2023-01-05 13:00:00+08:00,12.199999809265137,12.350000381469727,12.199999809265137,12.300000190734863,261469,0.0,0.0
2023-01-06 09:00:00+08:00,12.350000381469727,12.550000190734863,12.25,12.5,0,0.0,0.0
2023-01-06 10:00:00+08:00,12.5,12.5,12.300000190734863,12.350000381469727,341620,0.0,0.0
2023-01-06 11:00:00+08:00,12.350000381469727,12.449999809265137,12.350000381469727,12.399999618530273,446130,0.0,0.0
2023-01-06 12:00:00+08:00,12.399999618530273,12.449999809265137,12.350000381469727,12.350000381469727,249567,0.0,0.0
2023-01-06 13:00:00+08:00,12.350000381469727,12.399999618530273,12.300000190734863,12.399999618530273,167655,0.0,0.0
2023-01-09 09:00:00+08:00,12.600000381469727,12.949999809265137,12.350000381469727,12.350000381469727,0,0.0,0.0
2023-01-09 10:00:00+08:00,12.350000381469727,12.350000381469727,12.25,12.350000381469727,376839,0.0,0.0
2023-01-09 11:00:00+08:00,12.300000190734863,12.449999809265137,12.300000190734863,12.399999618530273,187498,0.0,0.0
2023-01-09 12:00:00+08:00,12.399999618530273,12.5,12.399999618530273,12.5,407371,0.0,0.0
2023-01-09 13:00:00+08:00,12.5,12.800000190734863,12.5,12.600000381469727,1551225,0.0,0.0
2023-01-10 09:00:00+08:00,12.550000190734863,12.550000190734863,12.399999618530273,12.449999809265137,0,0.0,0.0
2023-01-10 10:00:00+08:00,12.399999618530273,12.449999809265137,12.300000190734863,12.350000381469727,463691,0.0,0.0
2023-01-10 11:00:00+08:00,12.399999618530273,12.399999618530273,12.350000381469727,12.350000381469727,105345,0.0,0.0
2023-01-10 12:00:00+08:00,12.399999618530273,12.399999618530273,12.300000190734863,12.350000381469727,216986,0.0,0.0
2023-01-10 13:00:00+08:00,12.350000381469727,12.449999809265137,12.350000381469727,12.350000381469727,284934,0.0,0.0
2023-01-11 09:00:00+08:00,12.550000190734863,12.550000190734863,12.399999618530273,12.449999809265137,0,0.0,0.0
2023-01-11 10:00:00+08:00,12.449999809265137,12.5,12.350000381469727,12.5,395107,0.0,0.0
2023-01-11 11:00:00+08:00,12.5,12.5,12.399999618530273,12.449999809265137,177370,0.0,0.0
2023-01-11 12:00:00+08:00,12.449999809265137,12.5,12.399999618530273,12.449999809265137,302971,0.0,0.0
2023-01-11 13:00:00+08:00,12.449999809265137,12.5,12.399999618530273,12.449999809265137,111659,0.0,0.0
2023-01-12 09:00:00+08:00,12.449999809265137,12.600000381469727,12.399999618530273,12.399999618530273,0,0.0,0.0
2023-01-12 10:00:00+08:00,12.399999618530273,12.449999809265137,12.399999618530273,12.399999618530273,107662,0.0,0.0
2023-01-12 11:00:00+08:00,12.399999618530273,12.399999618530273,12.399999618530273,12.399999618530273,42207,0.0,0.0
2023-01-12 12:00:00+08:00,12.399999618530273,12.449999809265137,12.399999618530273,12.399999618530273,82214,0.0,0.0
2023-01-12 13:00:00+08:00,12.399999618530273,12.449999809265137,12.350000381469727,12.449999809265137,115101,0.0,0.0
2023-01-13 09:00:00+08:00,12.449999809265137,12.5,12.300000190734863,12.350000381469727,0,0.0,0.0
2023-01-13 10:00:00+08:00,12.350000381469727,12.399999618530273,12.300000190734863,12.350000381469727,67584,0.0,0.0
2023-01-13 11:00:00+08:00,12.350000381469727,12.399999618530273,12.300000190734863,12.300000190734863,69173,0.0,0.0
2023-01-13 12:00:00+08:00,12.300000190734863,12.350000381469727,12.300000190734863,12.300000190734863,75832,0.0,0.0
2023-01-13 13:00:00+08:00,12.300000190734863,12.350000381469727,12.300000190734863,12.350000381469727,68011,0.0,0.0
2023-01-16 09:00:00+08:00,12.25,12.350000381469727,12.25,12.300000190734863,0,0.0,0.0
2023-01-16 10:00:00+08:00,12.300000190734863,12.350000381469727,12.300000190734863,12.300000190734863,147406,0.0,0.0
2023-01-16 11:00:00+08:00,12.350000381469727,12.350000381469727,12.25,12.25,88170,0.0,0.0
2023-01-16 12:00:00+08:00,12.25,12.300000190734863,12.25,12.300000190734863,76333,0.0,0.0
2023-01-16 13:00:00+08:00,12.25,12.300000190734863,12.25,12.25,63300,0.0,0.0
2023-01-17 09:00:00+08:00,12.300000190734863,12.300000190734863,12.25,12.300000190734863,0,0.0,0.0
2023-01-17 10:00:00+08:00,12.300000190734863,12.300000190734863,12.25,12.25,74022,0.0,0.0
2023-01-17 11:00:00+08:00,12.25,12.25,12.199999809265137,12.25,232478,0.0,0.0
2023-01-17 12:00:00+08:00,12.25,12.300000190734863,12.199999809265137,12.199999809265137,195369,0.0,0.0
2023-01-17 13:00:00+08:00,12.199999809265137,12.25,12.199999809265137,12.25,89001,0.0,0.0
2023-01-30 09:00:00+08:00,12.25,12.300000190734863,12.199999809265137,12.25,0,0.0,0.0
2023-01-30 10:00:00+08:00,12.199999809265137,12.25,12.149999618530273,12.199999809265137,388635,0.0,0.0
2023-01-30 11:00:00+08:00,12.199999809265137,12.199999809265137,12.149999618530273,12.199999809265137,338237,0.0,0.0
2023-01-30 12:00:00+08:00,12.199999809265137,12.199999809265137,12.100000381469727,12.149999618530273,614242,0.0,0.0
2023-01-30 13:00:00+08:00,12.149999618530273,12.25,12.100000381469727,12.25,696698,0.0,0.0
2023-01-31 09:00:00+08:00,12.350000381469727,12.399999618530273,12.300000190734863,12.399999618530273,0,0.0,0.0
2023-01-31 10:00:00+08:00,12.399999618530273,12.449999809265137,12.399999618530273,12.399999618530273,271149,0.0,0.0
2023-01-31 11:00:00+08:00,12.449999809265137,12.5,12.399999618530273,12.399999618530273,257016,0.0,0.0
2023-01-31 12:00:00+08:00,12.399999618530273,12.5,12.399999618530273,12.449999809265137,126085,0.0,0.0
2023-01-31 13:00:00+08:00,12.449999809265137,12.5,12.399999618530273,12.5,202223,0.0,0.0
2023-02-01 09:00:00+08:00,12.550000190734863,12.600000381469727,12.5,12.5,0,0.0,0.0
2023-02-01 10:00:00+08:00,12.5,12.550000190734863,12.449999809265137,12.449999809265137,163820,0.0,0.0
2023-02-01 11:00:00+08:00,12.449999809265137,12.550000190734863,12.449999809265137,12.5,272378,0.0,0.0
2023-02-01 12:00:00+08:00,12.5,12.550000190734863,12.449999809265137,12.449999809265137,237238,0.0,0.0
2023-02-01 13:00:00+08:00,12.449999809265137,12.5,12.399999618530273,12.399999618530273,85151,0.0,0.0
2023-02-02 09:00:00+08:00,12.550000190734863,12.649999618530273,12.5,12.550000190734863,0,0.0,0.0
2023-02-02 10:00:00+08:00,12.550000190734863,12.600000381469727,12.5,12.600000381469727,113158,0.0,0.0
2023-02-02 11:00:00+08:00,12.550000190734863,12.600000381469727,12.5,12.600000381469727,140907,0.0,0.0
2023-02-02 12:00:00+08:00,12.600000381469727,12.600000381469727,12.550000190734863,12.550000190734863,89041,0.0,0.0
2023-02-02 13:00:00+08:00,12.600000381469727,12.600000381469727,12.550000190734863,12.600000381469727,70072,0.0,0.0
2023-02-03 09:00:00+08:00,12.649999618530273,12.649999618530273,12.550000190734863,12.550000190734863,0,0.0,0.0
2023-02-03 10:00:00+08:00,12.550000190734863,12.649999618530273,12.5,12.600000381469727,193993,0.0,0.0
2023-02-03 11:00:00+08:00,12.600000381469727,12.600000381469727,12.550000190734863,12.600000381469727,141792,0.0,0.0
2023-02-03 12:00:00+08:00,12.600000381469727,12.600000381469727,12.600000381469727,12.600000381469727,223291,0.0,0.0
2023-02-03 13:00:00+08:00,12.600000381469727,12.649999618530273,12.600000381469727,12.649999618530273,97703,0.0,0.0
2023-02-06 09:00:00+08:00,12.649999618530273,12.649999618530273,12.550000190734863,12.550000190734863,0,0.0,0.0
2023-02-06 10:00:00+08:00,12.600000381469727,12.600000381469727,12.550000190734863,12.550000190734863,142492,0.0,0.0
2023-02-06 11:00:00+08:00,12.5,12.600000381469727,12.5,12.600000381469727,101626,0.0,0.0
2023-02-06 12:00:00+08:00,12.600000381469727,12.600000381469727,12.600000381469727,12.600000381469727,27126,0.0,0.0
2023-02-06 13:00:00+08:00,12.600000381469727,12.600000381469727,12.5,12.600000381469727,89213,0.0,0.0
2023-02-07 09:00:00+08:00,12.600000381469727,12.600000381469727,12.550000190734863,12.550000190734863,0,0.0,0.0
2023-02-07 10:00:00+08:00,12.550000190734863,12.600000381469727,12.5,12.550000190734863,122274,0.0,0.0
2023-02-07 11:00:00+08:00,12.550000190734863,12.600000381469727,12.5,12.600000381469727,163142,0.0,0.0
2023-02-07 12:00:00+08:00,12.600000381469727,12.699999809265137,12.600000381469727,12.600000381469727,302555,0.0,0.0
2023-02-07 13:00:00+08:00,12.649999618530273,12.649999618530273,12.600000381469727,12.649999618530273,64889,0.0,0.0
2023-02-08 09:00:00+08:00,12.699999809265137,12.699999809265137,12.600000381469727,12.699999809265137,0,0.0,0.0
2023-02-08 10:00:00+08:00,12.699999809265137,12.850000381469727,12.699999809265137,12.800000190734863,856152,0.0,0.0
2023-02-08 11:00:00+08:00,12.800000190734863,12.800000190734863,12.75,12.800000190734863,183542,0.0,0.0
2023-02-08 12:00:00+08:00,12.75,12.850000381469727,12.75,12.75,497190,0.0,0.0
2023-02-08 13:00:00+08:00,12.75,12.850000381469727,12.75,12.800000190734863,168563,0.0,0.0
2023-02-09 09:00:00+08:00,12.75,12.800000190734863,12.75,12.75,0,0.0,0.0
2023-02-09 10:00:00+08:00,12.699999809265137,12.75,12.649999618530273,12.75,171804,0.0,0.0
2023-02-09 11:00:00+08:00,12.699999809265137,12.75,12.699999809265137,12.75,45402,0.0,0.0
2023-02-09 12:00:00+08:00,12.699999809265137,12.75,12.699999809265137,12.75,136206,0.0,0.0
2023-02-09 13:00:00+08:00,12.699999809265137,12.75,12.649999618530273,12.75,70517,0.0,0.0
2023-02-10 09:00:00+08:00,12.75,12.800000190734863,12.649999618530273,12.699999809265137,151208,0.0,0.0
2023-02-10 10:00:00+08:00,12.649999618530273,12.649999618530273,12.5,12.550000190734863,298206,0.0,0.0
2023-02-10 11:00:00+08:00,12.550000190734863,12.550000190734863,12.5,12.550000190734863,116723,0.0,0.0
2023-02-10 12:00:00+08:00,12.5,12.550000190734863,12.5,12.5,132314,0.0,0.0
2023-02-10 13:00:00+08:00,12.5,12.550000190734863,12.449999809265137,12.449999809265137,140865,0.0,0.0
2023-02-13 09:00:00+08:00,12.5,12.5,12.350000381469727,12.350000381469727,0,0.0,0.0
2023-02-13 10:00:00+08:00,12.350000381469727,12.449999809265137,12.350000381469727,12.399999618530273,63035,0.0,0.0
2023-02-13 11:00:00+08:00,12.399999618530273,12.449999809265137,12.399999618530273,12.399999618530273,43633,0.0,0.0
2023-02-13 12:00:00+08:00,12.399999618530273,12.449999809265137,12.399999618530273,12.449999809265137,49638,0.0,0.0
2023-02-13 13:00:00+08:00,12.399999618530273,12.449999809265137,12.399999618530273,12.449999809265137,26127,0.0,0.0
2023-02-14 09:00:00+08:00,12.5,12.5,12.449999809265137,12.5,0,0.0,0.0
2023-02-14 10:00:00+08:00,12.449999809265137,12.550000190734863,12.449999809265137,12.550000190734863,119174,0.0,0.0
2023-02-14 11:00:00+08:00,12.5,12.550000190734863,12.5,12.5,76892,0.0,0.0
2023-02-14 12:00:00+08:00,12.550000190734863,12.550000190734863,12.449999809265137,12.449999809265137,83573,0.0,0.0
2023-02-14 13:00:00+08:00,12.449999809265137,12.5,12.449999809265137,12.5,115450,0.0,0.0
2023-02-15 09:00:00+08:00,12.5,12.550000190734863,12.449999809265137,12.449999809265137,0,0.0,0.0
2023-02-15 10:00:00+08:00,12.5,12.550000190734863,12.399999618530273,12.399999618530273,155193,0.0,0.0
2023-02-15 11:00:00+08:00,12.399999618530273,12.449999809265137,12.399999618530273,12.449999809265137,46996,0.0,0.0
2023-02-15 12:00:00+08:00,12.449999809265137,12.5,12.449999809265137,12.449999809265137,65142,0.0,0.0
2023-02-15 13:00:00+08:00,12.449999809265137,12.449999809265137,12.399999618530273,12.449999809265137,135544,0.0,0.0
2023-02-16 09:00:00+08:00,12.399999618530273,12.5,12.399999618530273,12.449999809265137,0,0.0,0.0
2023-02-16 10:00:00+08:00,12.449999809265137,12.600000381469727,12.449999809265137,12.600000381469727,327546,0.0,0.0
2023-02-16 11:00:00+08:00,12.600000381469727,12.649999618530273,12.550000190734863,12.649999618530273,181209,0.0,0.0
2023-02-16 12:00:00+08:00,12.600000381469727,12.600000381469727,12.550000190734863,12.600000381469727,99310,0.0,0.0
2023-02-16 13:00:00+08:00,12.600000381469727,12.649999618530273,12.5,12.649999618530273,165664,0.0,0.0
2023-02-17 09:00:00+08:00,12.449999809265137,12.550000190734863,12.449999809265137,12.550000190734863,0,0.0,0.0
2023-02-17 10:00:00+08:00,12.550000190734863,12.600000381469727,12.5,12.600000381469727,110655,0.0,0.0
2023-02-17 11:00:00+08:00,12.600000381469727,12.649999618530273,12.550000190734863,12.600000381469727,161068,0.0,0.0
2023-02-17 12:00:00+08:00,12.600000381469727,12.649999618530273,12.600000381469727,12.600000381469727,67914,0.0,0.0
2023-02-17 13:00:00+08:00,12.550000190734863,12.600000381469727,12.550000190734863,12.550000190734863,45824,0.0,0.0
2023-02-20 09:00:00+08:00,12.600000381469727,12.75,12.600000381469727,12.649999618530273,318297,0.0,0.0
2023-02-20 10:00:00+08:00,12.649999618530273,12.699999809265137,12.649999618530273,12.699999809265137,209651,0.0,0.0
2023-02-20 11:00:00+08:00,12.649999618530273,12.699999809265137,12.649999618530273,12.699999809265137,140152,0.0,0.0
2023-02-20 12:00:00+08:00,12.699999809265137,12.699999809265137,12.649999618530273,12.699999809265137,67815,0.0,0.0
2023-02-20 13:00:00+08:00,12.649999618530273,12.699999809265137,12.649999618530273,12.699999809265137,86211,0.0,0.0
2023-02-21 09:00:00+08:00,12.699999809265137,12.75,12.649999618530273,12.649999618530273,0,0.0,0.0
2023-02-21 10:00:00+08:00,12.649999618530273,12.699999809265137,12.649999618530273,12.699999809265137,177811,0.0,0.0
2023-02-21 11:00:00+08:00,12.699999809265137,12.699999809265137,12.649999618530273,12.649999618530273,107900,0.0,0.0
2023-02-21 12:00:00+08:00,12.649999618530273,12.75,12.649999618530273,12.699999809265137,227238,0.0,0.0
2023-02-21 13:00:00+08:00,12.699999809265137,12.75,12.699999809265137,12.75,83731,0.0,0.0
2023-02-22 09:00:00+08:00,12.600000381469727,12.649999618530273,12.550000190734863,12.550000190734863,0,0.0,0.0
2023-02-22 10:00:00+08:00,12.550000190734863,12.649999618530273,12.550000190734863,12.600000381469727,122193,0.0,0.0
2023-02-22 11:00:00+08:00,12.600000381469727,12.699999809265137,12.600000381469727,12.649999618530273,78625,0.0,0.0
2023-02-22 12:00:00+08:00,12.699999809265137,12.699999809265137,12.600000381469727,12.649999618530273,126607,0.0,0.0
2023-02-22 13:00:00+08:00,12.649999618530273,12.699999809265137,12.649999618530273,12.649999618530273,195591,0.0,0.0
2023-02-23 09:00:00+08:00,12.699999809265137,12.75,12.649999618530273,12.699999809265137,0,0.0,0.0
2023-02-23 10:00:00+08:00,12.75,12.949999809265137,12.699999809265137,12.949999809265137,954350,0.0,0.0
2023-02-23 11:00:00+08:00,12.949999809265137,12.949999809265137,12.800000190734863,12.850000381469727,222460,0.0,0.0
2023-02-23 12:00:00+08:00,12.800000190734863,12.850000381469727,12.75,12.800000190734863,183037,0.0,0.0
2023-02-23 13:00:00+08:00,12.800000190734863,12.800000190734863,12.75,12.75,100835,0.0,0.0
2023-02-24 09:00:00+08:00,12.699999809265137,12.949999809265137,12.699999809265137,12.850000381469727,0,0.0,0.0
2023-02-24 10:00:00+08:00,12.800000190734863,12.850000381469727,12.75,12.800000190734863,160407,0.0,0.0
2023-02-24 11:00:00+08:00,12.800000190734863,12.850000381469727,12.800000190734863,12.800000190734863,112123,0.0,0.0
2023-02-24 12:00:00+08:00,12.850000381469727,12.850000381469727,12.75,12.800000190734863,136516,0.0,0.0
2023-02-24 13:00:00+08:00,12.800000190734863,12.800000190734863,12.75,12.800000190734863,134541,0.0,0.0
2023-03-01 09:00:00+08:00,12.75,12.850000381469727,12.699999809265137,12.850000381469727,0,0.0,0.0
2023-03-01 10:00:00+08:00,12.800000190734863,12.899999618530273,12.800000190734863,12.800000190734863,134526,0.0,0.0
2023-03-01 11:00:00+08:00,12.800000190734863,12.850000381469727,12.800000190734863,12.800000190734863,70605,0.0,0.0
2023-03-01 12:00:00+08:00,12.800000190734863,12.850000381469727,12.75,12.75,123060,0.0,0.0
2023-03-01 13:00:00+08:00,12.800000190734863,12.800000190734863,12.75,12.800000190734863,112361,0.0,0.0
2023-03-02 09:00:00+08:00,12.75,12.800000190734863,12.550000190734863,12.550000190734863,79275,0.0,0.0
2023-03-02 10:00:00+08:00,12.550000190734863,12.600000381469727,12.449999809265137,12.5,943436,0.0,0.0
2023-03-02 11:00:00+08:00,12.5,12.5,12.449999809265137,12.5,227068,0.0,0.0
2023-03-02 12:00:00+08:00,12.5,12.550000190734863,12.449999809265137,12.449999809265137,480591,0.0,0.0
2023-03-02 13:00:00+08:00,12.449999809265137,12.550000190734863,12.449999809265137,12.550000190734863,429125,0.0,0.0
2023-03-03 09:00:00+08:00,12.600000381469727,12.600000381469727,12.399999618530273,12.449999809265137,0,0.0,0.0
2023-03-03 10:00:00+08:00,12.5,12.5,12.449999809265137,12.5,241953,0.0,0.0
2023-03-03 11:00:00+08:00,12.5,12.550000190734863,12.5,12.5,122355,0.0,0.0
2023-03-03 12:00:00+08:00,12.5,12.550000190734863,12.449999809265137,12.550000190734863,85899,0.0,0.0
2023-03-03 13:00:00+08:00,12.5,12.550000190734863,12.449999809265137,12.550000190734863,94412,0.0,0.0
2023-03-06 09:00:00+08:00,12.600000381469727,12.75,12.550000190734863,12.649999618530273,0,0.0,0.0
2023-03-06 10:00:00+08:00,12.649999618530273,12.699999809265137,12.600000381469727,12.699999809265137,213787,0.0,0.0
2023-03-06 11:00:00+08:00,12.699999809265137,12.699999809265137,12.600000381469727,12.649999618530273,118530,0.0,0.0
2023-03-06 12:00:00+08:00,12.699999809265137,12.699999809265137,12.600000381469727,12.699999809265137,279105,0.0,0.0
2023-03-06 13:00:00+08:00,12.649999618530273,12.75,12.649999618530273,12.75,290519,0.0,0.0
2023-03-07 09:00:00+08:00,12.75,12.949999809265137,12.75,12.899999618530273,0,0.0,0.0
2023-03-07 10:00:00+08:00,12.899999618530273,12.899999618530273,12.850000381469727,12.899999618530273,289097,0.0,0.0
2023-03-07 11:00:00+08:00,12.850000381469727,12.899999618530273,12.850000381469727,12.850000381469727,124177,0.0,0.0
2023-03-07 12:00:00+08:00,12.899999618530273,12.899999618530273,12.850000381469727,12.899999618530273,198540,0.0,0.0
2023-03-07 13:00:00+08:00,12.850000381469727,12.899999618530273,12.850000381469727,12.899999618530273,121450,0.0,0.0
2023-03-08 09:00:00+08:00,12.800000190734863,12.850000381469727,12.75,12.800000190734863,0,0.0,0.0
2023-03-08 10:00:00+08:00,12.800000190734863,12.850000381469727,12.75,12.850000381469727,134035,0.0,0.0
2023-03-08 11:00:00+08:00,12.800000190734863,12.850000381469727,12.800000190734863,12.850000381469727,150327,0.0,0.0
2023-03-08 12:00:00+08:00,12.850000381469727,12.949999809265137,12.800000190734863,12.899999618530273,266697,0.0,0.0
2023-03-08 13:00:00+08:00,12.899999618530273,12.899999618530273,12.800000190734863,12.800000190734863,158131,0.0,0.0
2023-03-09 09:00:00+08:00,12.850000381469727,12.949999809265137,12.850000381469727,12.899999618530273,0,0.0,0.0
2023-03-09 10:00:00+08:00,12.899999618530273,12.949999809265137,12.800000190734863,12.850000381469727,202019,0.0,0.0
2023-03-09 11:00:00+08:00,12.850000381469727,12.850000381469727,12.800000190734863,12.850000381469727,63955,0.0,0.0
2023-03-09 12:00:00+08:00,12.850000381469727,12.899999618530273,12.800000190734863,12.850000381469727,176026,0.0,0.0
2023-03-09 13:00:00+08:00,12.850000381469727,12.899999618530273,12.850000381469727,12.850000381469727,51411,0.0,0.0
2023-03-10 09:00:00+08:00,12.75,12.75,12.600000381469727,12.600000381469727,0,0.0,0.0
2023-03-10 10:00:00+08:00,12.600000381469727,12.649999618530273,12.550000190734863,12.550000190734863,260442,0.0,0.0
2023-03-10 11:00:00+08:00,12.550000190734863,12.600000381469727,12.449999809265137,12.550000190734863,386951,0.0,0.0
2023-03-10 12:00:00+08:00,12.5,12.550000190734863,12.449999809265137,12.5,195724,0.0,0.0
2023-03-10 13:00:00+08:00,12.5,12.5,12.449999809265137,12.5,178513,0.0,0.0
2023-03-13 09:00:00+08:00,12.399999618530273,12.550000190734863,12.100000381469727,12.199999809265137,0,0.0,0.0
2023-03-13 10:00:00+08:00,12.199999809265137,12.300000190734863,12.199999809265137,12.300000190734863,101381,0.0,0.0
2023-03-13 11:00:00+08:00,12.300000190734863,12.350000381469727,12.25,12.300000190734863,55550,0.0,0.0
2023-03-13 12:00:00+08:00,12.350000381469727,12.350000381469727,12.199999809265137,12.300000190734863,201216,0.0,0.0
2023-03-13 13:00:00+08:00,12.25,12.300000190734863,12.25,12.300000190734863,26517,0.0,0.0
2023-03-14 09:00:00+08:00,12.149999618530273,12.25,12.100000381469727,12.149999618530273,0,0.0,0.0
2023-03-14 10:00:00+08:00,12.149999618530273,12.25,12.149999618530273,12.25,127663,0.0,0.0
2023-03-14 11:00:00+08:00,12.149999618530273,12.25,12.149999618530273,12.25,161327,0.0,0.0
2023-03-14 12:00:00+08:00,12.199999809265137,12.25,12.149999618530273,12.199999809265137,299018,0.0,0.0
2023-03-14 13:00:00+08:00,12.199999809265137,12.25,12.199999809265137,12.25,51094,0.0,0.0
2023-03-15 09:00:00+08:00,12.25,12.449999809265137,12.199999809265137,12.25,0,0.0,0.0
2023-03-15 10:00:00+08:00,12.199999809265137,12.25,12.149999618530273,12.199999809265137,412827,0.0,0.0
2023-03-15 11:00:00+08:00,12.199999809265137,12.25,12.199999809265137,12.199999809265137,36551,0.0,0.0
2023-03-15 12:00:00+08:00,12.199999809265137,12.199999809265137,12.149999618530273,12.199999809265137,156917,0.0,0.0
2023-03-15 13:00:00+08:00,12.199999809265137,12.25,12.149999618530273,12.199999809265137,192536,0.0,0.0
2023-03-16 09:00:00+08:00,12.149999618530273,12.25,12.0,12.050000190734863,0,0.0,0.0
2023-03-16 10:00:00+08:00,12.0,12.0,11.899999618530273,11.949999809265137,530438,0.0,0.0
2023-03-16 11:00:00+08:00,11.899999618530273,11.899999618530273,11.649999618530273,11.649999618530273,881090,0.0,0.0
2023-03-16 12:00:00+08:00,11.699999809265137,11.800000190734863,11.649999618530273,11.800000190734863,350384,0.0,0.0
2023-03-16 13:00:00+08:00,11.75,11.850000381469727,11.699999809265137,11.75,122254,0.0,0.0
2023-03-17 09:00:00+08:00,11.850000381469727,12.0,11.850000381469727,11.899999618530273,0,0.0,0.0
2023-03-17 10:00:00+08:00,11.899999618530273,11.899999618530273,11.75,11.850000381469727,167309,0.0,0.0
2023-03-17 11:00:00+08:00,11.850000381469727,11.899999618530273,11.850000381469727,11.850000381469727,253520,0.0,0.0
2023-03-17 12:00:00+08:00,11.800000190734863,11.899999618530273,11.800000190734863,11.850000381469727,0,0.0,0.0
2023-03-17 13:00:00+08:00,11.850000381469727,11.850000381469727,11.800000190734863,11.800000190734863,1224480,0.0,0.0
2023-03-20 09:00:00+08:00,11.850000381469727,11.850000381469727,11.699999809265137,11.850000381469727,0,0.0,0.0
2023-03-20 10:00:00+08:00,11.800000190734863,11.850000381469727,11.800000190734863,11.800000190734863,36910,0.0,0.0
2023-03-20 11:00:00+08:00,11.800000190734863,11.800000190734863,11.800000190734863,11.800000190734863,107652,0.0,0.0
2023-03-20 12:00:00+08:00,11.800000190734863,11.800000190734863,11.75,11.800000190734863,94050,0.0,0.0
2023-03-20 13:00:00+08:00,11.800000190734863,11.800000190734863,11.75,11.800000190734863,107416,0.0,0.0
2023-03-21 09:00:00+08:00,11.850000381469727,12.050000190734863,11.850000381469727,12.0,0,0.0,0.0
2023-03-21 10:00:00+08:00,12.0,12.0,11.899999618530273,12.0,159423,0.0,0.0
2023-03-21 11:00:00+08:00,11.899999618530273,11.949999809265137,11.899999618530273,11.899999618530273,78607,0.0,0.0
2023-03-21 12:00:00+08:00,11.899999618530273,11.949999809265137,11.899999618530273,11.949999809265137,46025,0.0,0.0
2023-03-21 13:00:00+08:00,11.899999618530273,11.949999809265137,11.899999618530273,11.899999618530273,160150,0.0,0.0
2023-03-22 09:00:00+08:00,12.199999809265137,12.199999809265137,12.0,12.100000381469727,0,0.0,0.0
2023-03-22 10:00:00+08:00,12.100000381469727,12.100000381469727,12.050000190734863,12.050000190734863,130064,0.0,0.0
2023-03-22 11:00:00+08:00,12.050000190734863,12.100000381469727,12.050000190734863,12.050000190734863,70373,0.0,0.0
2023-03-22 12:00:00+08:00,12.050000190734863,12.100000381469727,12.0,12.050000190734863,187858,0.0,0.0
2023-03-22 13:00:00+08:00,12.050000190734863,12.100000381469727,12.050000190734863,12.100000381469727,60504,0.0,0.0
2023-03-23 09:00:00+08:00,12.050000190734863,12.100000381469727,12.0,12.100000381469727,0,0.0,0.0
2023-03-23 10:00:00+08:00,12.050000190734863,12.149999618530273,12.050000190734863,12.149999618530273,136523,0.0,0.0
2023-03-23 11:00:00+08:00,12.100000381469727,12.149999618530273,12.050000190734863,12.149999618530273,119270,0.0,0.0
2023-03-23 12:00:00+08:00,12.100000381469727,12.300000190734863,12.100000381469727,12.199999809265137,501535,0.0,0.0
2023-03-23 13:00:00+08:00,12.25,12.25,12.199999809265137,12.199999809265137,107567,0.0,0.0
2023-03-24 09:00:00+08:00,12.300000190734863,12.350000381469727,12.199999809265137,12.300000190734863,0,0.0,0.0
2023-03-24 10:00:00+08:00,12.300000190734863,12.350000381469727,12.25,12.25,172161,0.0,0.0
2023-03-24 11:00:00+08:00,12.300000190734863,12.300000190734863,12.199999809265137,12.25,68770,0.0,0.0
2023-03-24 12:00:00+08:00,12.25,12.25,12.199999809265137,12.25,91626,0.0,0.0
2023-03-24 13:00:00+08:00,12.199999809265137,12.25,12.199999809265137,12.25,58613,0.0,0.0
2023-03-27 09:00:00+08:00,12.199999809265137,12.25,12.100000381469727,12.149999618530273,0,0.0,0.0
2023-03-27 10:00:00+08:00,12.149999618530273,12.199999809265137,12.149999618530273,12.149999618530273,116296,0.0,0.0
2023-03-27 11:00:00+08:00,12.149999618530273,12.199999809265137,12.100000381469727,12.149999618530273,155310,0.0,0.0
2023-03-27 12:00:00+08:00,12.149999618530273,12.199999809265137,12.149999618530273,12.199999809265137,53457,0.0,0.0
2023-03-27 13:00:00+08:00,12.199999809265137,12.199999809265137,12.149999618530273,12.149999618530273,50192,0.0,0.0
2023-03-28 09:00:00+08:00,12.25,12.25,12.050000190734863,12.100000381469727,0,0.0,0.0
2023-03-28 10:00:00+08:00,12.100000381469727,12.100000381469727,12.050000190734863,12.100000381469727,143821,0.0,0.0
2023-03-28 11:00:00+08:00,12.100000381469727,12.100000381469727,12.050000190734863,12.100000381469727,34183,0.0,0.0
2023-03-28 12:00:00+08:00,12.100000381469727,12.100000381469727,12.050000190734863,12.100000381469727,139630,0.0,0.0
2023-03-28 13:00:00+08:00,12.100000381469727,12.149999618530273,12.050000190734863,12.100000381469727,78347,0.0,0.0
2023-03-29 09:00:00+08:00,12.149999618530273,12.199999809265137,12.149999618530273,12.149999618530273,0,0.0,0.0
2023-03-29 10:00:00+08:00,12.149999618530273,12.199999809265137,12.100000381469727,12.149999618530273,70604,0.0,0.0
2023-03-29 11:00:00+08:00,12.100000381469727,12.149999618530273,12.050000190734863,12.100000381469727,63319,0.0,0.0
2023-03-29 12:00:00+08:00,12.100000381469727,12.149999618530273,12.050000190734863,12.100000381469727,130831,0.0,0.0
2023-03-29 13:00:00+08:00,12.100000381469727,12.149999618530273,12.050000190734863,12.149999618530273,73638,0.0,0.0
2023-03-30 09:00:00+08:00,12.199999809265137,12.199999809265137,12.100000381469727,12.100000381469727,0,0.0,0.0
2023-03-30 10:00:00+08:00,12.149999618530273,12.149999618530273,12.100000381469727,12.100000381469727,49211,0.0,0.0
2023-03-30 11:00:00+08:00,12.100000381469727,12.149999618530273,12.100000381469727,12.100000381469727,29364,0.0,0.0
2023-03-30 12:00:00+08:00,12.100000381469727,12.149999618530273,12.100000381469727,12.149999618530273,61298,0.0,0.0
2023-03-30 13:00:00+08:00,12.149999618530273,12.149999618530273,12.100000381469727,12.100000381469727,109777,0.0,0.0
2023-03-31 09:00:00+08:00,12.25,12.25,12.199999809265137,12.199999809265137,0,0.0,0.0
2023-03-31 10:00:00+08:00,12.199999809265137,12.199999809265137,12.149999618530273,12.199999809265137,79119,0.0,0.0
2023-03-31 11:00:00+08:00,12.199999809265137,12.199999809265137,12.149999618530273,12.149999618530273,13538,0.0,0.0
2023-03-31 12:00:00+08:00,12.149999618530273,12.199999809265137,12.149999618530273,12.149999618530273,59820,0.0,0.0
2023-03-31 13:00:00+08:00,12.199999809265137,12.199999809265137,12.149999618530273,12.149999618530273,68869,0.0,0.0
2023-04-06 09:00:00+08:00,12.100000381469727,12.100000381469727,12.050000190734863,12.100000381469727,0,0.0,0.0
2023-04-06 10:00:00+08:00,12.100000381469727,12.100000381469727,12.050000190734863,12.100000381469727,75112,0.0,0.0
2023-04-06 11:00:00+08:00,12.100000381469727,12.149999618530273,12.050000190734863,12.100000381469727,45172,0.0,0.0
2023-04-06 12:00:00+08:00,12.100000381469727,12.100000381469727,12.050000190734863,12.050000190734863,49827,0.0,0.0
2023-04-06 13:00:00+08:00,12.050000190734863,12.100000381469727,12.050000190734863,12.050000190734863,126301,0.0,0.0
2023-04-07 09:00:00+08:00,12.100000381469727,12.100000381469727,12.050000190734863,12.050000190734863,0,0.0,0.0
2023-04-07 10:00:00+08:00,12.050000190734863,12.100000381469727,12.0,12.0,131546,0.0,0.0
2023-04-07 11:00:00+08:00,12.0,12.050000190734863,11.949999809265137,12.0,359208,0.0,0.0
2023-04-07 12:00:00+08:00,12.0,12.0,11.899999618530273,12.0,131814,0.0,0.0
2023-04-07 13:00:00+08:00,12.0,12.0,11.949999809265137,12.0,39406,0.0,0.0
2023-04-10 09:00:00+08:00,12.0,12.050000190734863,11.899999618530273,11.949999809265137,0,0.0,0.0
2023-04-10 10:00:00+08:00,11.949999809265137,12.0,11.949999809265137,12.0,102384,0.0,0.0
2023-04-10 11:00:00+08:00,11.949999809265137,12.0,11.899999618530273,11.949999809265137,69527,0.0,0.0
2023-04-10 12:00:00+08:00,11.949999809265137,12.0,11.949999809265137,11.949999809265137,53143,0.0,0.0
2023-04-10 13:00:00+08:00,12.0,12.0,11.949999809265137,11.949999809265137,59288,0.0,0.0
2023-04-11 09:00:00+08:00,11.949999809265137,12.0,11.899999618530273,11.949999809265137,102345,0.0,0.0
2023-04-11 10:00:00+08:00,11.949999809265137,12.0,11.949999809265137,12.0,88166,0.0,0.0
2023-04-11 11:00:00+08:00,12.0,12.050000190734863,11.949999809265137,12.050000190734863,70583,0.0,0.0
2023-04-11 12:00:00+08:00,12.0,12.050000190734863,12.0,12.050000190734863,53534,0.0,0.0
2023-04-11 13:00:00+08:00,12.0,12.050000190734863,12.0,12.0,42287,0.0,0.0
2023-04-12 09:00:00+08:00,12.0,12.100000381469727,12.0,12.050000190734863,0,0.0,0.0
2023-04-12 10:00:00+08:00,12.050000190734863,12.050000190734863,12.050000190734863,12.050000190734863,60012,0.0,0.0
2023-04-12 11:00:00+08:00,12.050000190734863,12.100000381469727,12.050000190734863,12.050000190734863,40978,0.0,0.0
2023-04-12 12:00:00+08:00,12.050000190734863,12.100000381469727,12.050000190734863,12.050000190734863,50481,0.0,0.0
2023-04-12 13:00:00+08:00,12.050000190734863,12.100000381469727,12.050000190734863,12.050000190734863,79441,0.0,0.0
2023-04-13 09:00:00+08:00,12.100000381469727,12.199999809265137,12.100000381469727,12.199999809265137,0,0.0,0.0
2023-04-13 10:00:00+08:00,12.149999618530273,12.25,12.149999618530273,12.199999809265137,98305,0.0,0.0
2023-04-13 11:00:00+08:00,12.199999809265137,12.25,12.199999809265137,12.199999809265137,89965,0.0,0.0
2023-04-13 12:00:00+08:00,12.199999809265137,12.199999809265137,12.100000381469727,12.100000381469727,158514,0.0,0.0
2023-04-13 13:00:00+08:00,12.149999618530273,12.149999618530273,12.100000381469727,12.149999618530273,72239,0.0,0.0
2023-04-14 09:00:00+08:00,12.199999809265137,12.25,12.199999809265137,12.199999809265137,0,0.0,0.0
2023-04-14 10:00:00+08:00,12.199999809265137,12.25,12.199999809265137,12.199999809265137,149695,0.0,0.0
2023-04-14 11:00:00+08:00,12.199999809265137,12.199999809265137,12.149999618530273,12.199999809265137,62614,0.0,0.0
2023-04-14 12:00:00+08:00,12.199999809265137,12.199999809265137,12.149999618530273,12.199999809265137,75682,0.0,0.0
2023-04-14 13:00:00+08:00,12.149999618530273,12.199999809265137,12.149999618530273,12.199999809265137,127467,0.0,0.0
2023-04-17 09:00:00+08:00,12.25,12.25,12.149999618530273,12.149999618530273,0,0.0,0.0
2023-04-17 10:00:00+08:00,12.149999618530273,12.199999809265137,12.149999618530273,12.149999618530273,121435,0.0,0.0
2023-04-17 11:00:00+08:00,12.199999809265137,12.199999809265137,12.149999618530273,12.199999809265137,158975,0.0,0.0
2023-04-17 12:00:00+08:00,12.199999809265137,12.25,12.199999809265137,12.199999809265137,97201,0.0,0.0
2023-04-17 13:00:00+08:00,12.199999809265137,12.25,12.199999809265137,12.199999809265137,61001,0.0,0.0
2023-04-18 09:00:00+08:00,12.25,12.25,12.199999809265137,12.25,0,0.0,0.0
2023-04-18 10:00:00+08:00,12.25,12.25,12.199999809265137,12.199999809265137,170600,0.0,0.0
2023-04-18 11:00:00+08:00,12.199999809265137,12.25,12.149999618530273,12.199999809265137,36063,0.0,0.0
2023-04-18 12:00:00+08:00,12.199999809265137,12.199999809265137,12.149999618530273,12.149999618530273,124803,0.0,0.0
2023-04-18 13:00:00+08:00,12.199999809265137,12.199999809265137,12.100000381469727,12.149999618530273,104071,0.0,0.0
2023-04-19 09:00:00+08:00,12.199999809265137,12.25,12.149999618530273,12.199999809265137,0,0.0,0.0
2023-04-19 10:00:00+08:00,12.199999809265137,12.25,12.149999618530273,12.199999809265137,81572,0.0,0.0
2023-04-19 11:00:00+08:00,12.199999809265137,12.199999809265137,12.149999618530273,12.199999809265137,101971,0.0,0.0
2023-04-19 12:00:00+08:00,12.199999809265137,12.199999809265137,12.149999618530273,12.149999618530273,147457,0.0,0.0
2023-04-19 13:00:00+08:00,12.149999618530273,12.25,12.149999618530273,12.25,261280,0.0,0.0
2023-04-20 09:00:00+08:00,12.199999809265137,12.25,12.100000381469727,12.199999809265137,0,0.0,0.0
2023-04-20 10:00:00+08:00,12.199999809265137,12.199999809265137,12.100000381469727,12.149999618530273,138986,0.0,0.0
2023-04-20 11:00:00+08:00,12.100000381469727,12.149999618530273,12.100000381469727,12.100000381469727,173659,0.0,0.0
2023-04-20 12:00:00+08:00,12.149999618530273,12.149999618530273,12.100000381469727,12.100000381469727,68821,0.0,0.0
2023-04-20 13:00:00+08:00,12.100000381469727,12.100000381469727,12.050000190734863,12.100000381469727,40081,0.0,0.0
2023-04-21 09:00:00+08:00,12.100000381469727,12.100000381469727,11.899999618530273,11.949999809265137,0,0.0,0.0
2023-04-21 10:00:00+08:00,11.949999809265137,11.949999809265137,11.850000381469727,11.899999618530273,323328,0.0,0.0
2023-04-21 11:00:00+08:00,11.899999618530273,11.949999809265137,11.850000381469727,11.899999618530273,275043,0.0,0.0
2023-04-21 12:00:00+08:00,11.899999618530273,11.899999618530273,11.800000190734863,11.800000190734863,270291,0.0,0.0
2023-04-21 13:00:00+08:00,11.800000190734863,11.850000381469727,11.800000190734863,11.850000381469727,171491,0.0,0.0
2023-04-24 09:00:00+08:00,11.800000190734863,11.850000381469727,11.699999809265137,11.850000381469727,0,0.0,0.0
2023-04-24 10:00:00+08:00,11.850000381469727,11.899999618530273,11.800000190734863,11.850000381469727,58853,0.0,0.0
2023-04-24 11:00:00+08:00,11.850000381469727,11.850000381469727,11.800000190734863,11.800000190734863,26331,0.0,0.0
2023-04-24 12:00:00+08:00,11.850000381469727,11.899999618530273,11.800000190734863,11.850000381469727,56951,0.0,0.0
2023-04-24 13:00:00+08:00,11.850000381469727,11.949999809265137,11.850000381469727,11.949999809265137,70372,0.0,0.0
2023-04-25 09:00:00+08:00,11.899999618530273,11.949999809265137,11.850000381469727,11.850000381469727,95032,0.0,0.0
2023-04-25 10:00:00+08:00,11.850000381469727,11.899999618530273,11.75,11.75,184081,0.0,0.0
2023-04-25 11:00:00+08:00,11.75,11.800000190734863,11.699999809265137,11.800000190734863,77806,0.0,0.0
2023-04-25 12:00:00+08:00,11.75,11.800000190734863,11.699999809265137,11.699999809265137,123719,0.0,0.0
2023-04-25 13:00:00+08:00,11.699999809265137,11.75,11.699999809265137,11.75,62810,0.0,0.0
2023-04-26 09:00:00+08:00,11.649999618530273,11.75,11.600000381469727,11.699999809265137,0,0.0,0.0
2023-04-26 10:00:00+08:00,11.649999618530273,11.75,11.600000381469727,11.699999809265137,71890,0.0,0.0
2023-04-26 11:00:00+08:00,11.699999809265137,11.75,11.649999618530273,11.699999809265137,135011,0.0,0.0
2023-04-26 12:00:00+08:00,11.699999809265137,11.75,11.649999618530273,11.75,43489,0.0,0.0
2023-04-26 13:00:00+08:00,11.75,11.800000190734863,11.699999809265137,11.75,50027,0.0,0.0
2023-04-27 09:00:00+08:00,11.800000190734863,11.850000381469727,11.699999809265137,11.800000190734863,0,0.0,0.0
2023-04-27 10:00:00+08:00,11.800000190734863,11.850000381469727,11.699999809265137,11.699999809265137,323115,0.0,0.0
2023-04-27 11:00:00+08:00,11.699999809265137,11.699999809265137,11.600000381469727,11.699999809265137,362437,0.0,0.0
2023-04-27 12:00:00+08:00,11.75,11.75,11.699999809265137,11.75,57083,0.0,0.0
2023-04-27 13:00:00+08:00,11.75,11.75,11.699999809265137,11.75,13808,0.0,0.0
2023-04-28 09:00:00+08:00,11.850000381469727,11.850000381469727,11.800000190734863,11.800000190734863,0,0.0,0.0
2023-04-28 10:00:00+08:00,11.850000381469727,11.850000381469727,11.800000190734863,11.850000381469727,137531,0.0,0.0
2023-04-28 11:00:00+08:00,11.850000381469727,11.850000381469727,11.75,11.75,103970,0.0,0.0
2023-04-28 12:00:00+08:00,11.75,11.800000190734863,11.75,11.75,48722,0.0,0.0
2023-04-28 13:00:00+08:00,11.75,11.800000190734863,11.75,11.75,34476,0.0,0.0
2023-05-02 09:00:00+08:00,11.800000190734863,11.899999618530273,11.800000190734863,11.899999618530273,0,0.0,0.0
2023-05-02 10:00:00+08:00,11.899999618530273,11.949999809265137,11.899999618530273,11.949999809265137,89574,0.0,0.0
2023-05-02 11:00:00+08:00,11.949999809265137,11.949999809265137,11.899999618530273,11.949999809265137,17917,0.0,0.0
2023-05-02 12:00:00+08:00,11.899999618530273,11.949999809265137,11.899999618530273,11.949999809265137,28242,0.0,0.0
2023-05-02 13:00:00+08:00,11.899999618530273,11.949999809265137,11.850000381469727,11.949999809265137,63146,0.0,0.0
2023-05-03 09:00:00+08:00,11.899999618530273,11.899999618530273,11.800000190734863,11.850000381469727,0,0.0,0.0
2023-05-03 10:00:00+08:00,11.850000381469727,11.899999618530273,11.850000381469727,11.850000381469727,26668,0.0,0.0
2023-05-03 11:00:00+08:00,11.850000381469727,11.899999618530273,11.800000190734863,11.850000381469727,57444,0.0,0.0
2023-05-03 12:00:00+08:00,11.850000381469727,11.949999809265137,11.850000381469727,11.899999618530273,101182,0.0,0.0
2023-05-03 13:00:00+08:00,11.899999618530273,11.899999618530273,11.899999618530273,11.899999618530273,9023,0.0,0.0
2023-05-04 09:00:00+08:00,11.899999618530273,11.899999618530273,11.800000190734863,11.850000381469727,0,0.0,0.0
2023-05-04 10:00:00+08:00,11.850000381469727,11.899999618530273,11.850000381469727,11.899999618530273,33336,0.0,0.0
2023-05-04 11:00:00+08:00,11.899999618530273,11.899999618530273,11.800000190734863,11.899999618530273,40354,0.0,0.0
2023-05-04 12:00:00+08:00,11.899999618530273,11.899999618530273,11.800000190734863,11.899999618530273,99893,0.0,0.0
2023-05-04 13:00:00+08:00,11.899999618530273,11.899999618530273,11.850000381469727,11.850000381469727,15642,0.0,0.0
2023-05-05 09:00:00+08:00,11.850000381469727,12.100000381469727,11.850000381469727,12.050000190734863,45272,0.0,0.0
2023-05-05 10:00:00+08:00,12.050000190734863,12.100000381469727,12.0,12.0,125482,0.0,0.0
2023-05-05 11:00:00+08:00,12.0,12.0,12.0,12.0,71172,0.0,0.0
2023-05-05 12:00:00+08:00,12.0,12.050000190734863,12.0,12.0,0,0.0,0.0
2023-05-05 13:00:00+08:00,12.0,12.050000190734863,12.0,12.0,639872,0.0,0.0
2023-05-08 09:00:00+08:00,12.149999618530273,12.149999618530273,12.0,12.050000190734863,0,0.0,0.0
2023-05-08 10:00:00+08:00,12.0,12.0,11.949999809265137,12.0,60022,0.0,0.0
2023-05-08 11:00:00+08:00,12.0,12.0,11.949999809265137,12.0,30057,0.0,0.0
2023-05-08 12:00:00+08:00,12.0,12.050000190734863,12.0,12.0,33472,0.0,0.0
2023-05-08 13:00:00+08:00,12.0,12.0,11.949999809265137,11.949999809265137,16028,0.0,0.0
2023-05-09 09:00:00+08:00,12.050000190734863,12.050000190734863,11.850000381469727,11.899999618530273,0,0.0,0.0
2023-05-09 10:00:00+08:00,11.949999809265137,11.949999809265137,11.899999618530273,11.899999618530273,33302,0.0,0.0
2023-05-09 11:00:00+08:00,11.899999618530273,11.949999809265137,11.899999618530273,11.949999809265137,96413,0.0,0.0
2023-05-09 12:00:00+08:00,11.949999809265137,11.949999809265137,11.850000381469727,11.850000381469727,59443,0.0,0.0
2023-05-09 13:00:00+08:00,11.850000381469727,11.899999618530273,11.850000381469727,11.899999618530273,39041,0.0,0.0
2023-05-10 09:00:00+08:00,11.75,11.899999618530273,11.699999809265137,11.850000381469727,0,0.0,0.0
2023-05-10 10:00:00+08:00,11.850000381469727,11.850000381469727,11.800000190734863,11.800000190734863,86576,0.0,0.0
2023-05-10 11:00:00+08:00,11.800000190734863,11.850000381469727,11.800000190734863,11.850000381469727,29170,0.0,0.0
2023-05-10 12:00:00+08:00,11.850000381469727,11.850000381469727,11.800000190734863,11.850000381469727,71882,0.0,0.0
2023-05-10 13:00:00+08:00,11.850000381469727,11.899999618530273,11.800000190734863,11.800000190734863,27599,0.0,0.0
2023-05-11 09:00:00+08:00,11.899999618530273,11.899999618530273,11.649999618530273,11.649999618530273,0,0.0,0.0
2023-05-11 10:00:00+08:00,11.649999618530273,11.699999809265137,11.649999618530273,11.699999809265137,140031,0.0,0.0
2023-05-11 11:00:00+08:00,11.699999809265137,11.75,11.699999809265137,11.699999809265137,116758,0.0,0.0
2023-05-11 12:00:00+08:00,11.699999809265137,11.699999809265137,11.649999618530273,11.699999809265137,50212,0.0,0.0
2023-05-11 13:00:00+08:00,11.699999809265137,11.699999809265137,11.649999618530273,11.699999809265137,87921,0.0,0.0
2023-05-12 09:00:00+08:00,11.649999618530273,11.649999618530273,11.600000381469727,11.600000381469727,0,0.0,0.0
2023-05-12 10:00:00+08:00,11.649999618530273,11.649999618530273,11.600000381469727,11.600000381469727,107635,0.0,0.0
2023-05-12 11:00:00+08:00,11.649999618530273,11.75,11.649999618530273,11.75,102208,0.0,0.0
2023-05-12 12:00:00+08:00,11.75,11.75,11.699999809265137,11.699999809265137,83595,0.0,0.0
2023-05-12 13:00:00+08:00,11.699999809265137,11.75,11.699999809265137,11.75,91759,0.0,0.0
2023-05-15 09:00:00+08:00,11.699999809265137,11.850000381469727,11.699999809265137,11.800000190734863,0,0.0,0.0
2023-05-15 10:00:00+08:00,11.800000190734863,11.800000190734863,11.75,11.75,48373,0.0,0.0
2023-05-15 11:00:00+08:00,11.75,11.800000190734863,11.75,11.800000190734863,4400,0.0,0.0
2023-05-15 12:00:00+08:00,11.75,11.850000381469727,11.699999809265137,11.850000381469727,140300,0.0,0.0
2023-05-15 13:00:00+08:00,11.850000381469727,11.850000381469727,11.800000190734863,11.850000381469727,32193,0.0,0.0
2023-05-16 09:00:00+08:00,11.800000190734863,11.899999618530273,11.800000190734863,11.850000381469727,0,0.0,0.0
2023-05-16 10:00:00+08:00,11.899999618530273,11.899999618530273,11.850000381469727,11.850000381469727,93320,0.0,0.0
2023-05-16 11:00:00+08:00,11.850000381469727,11.899999618530273,11.800000190734863,11.850000381469727,116195,0.0,0.0
2023-05-16 12:00:00+08:00,11.850000381469727,11.899999618530273,11.800000190734863,11.850000381469727,19915,0.0,0.0
2023-05-16 13:00:00+08:00,11.850000381469727,11.899999618530273,11.800000190734863,11.800000190734863,24102,0.0,0.0
2023-05-17 09:00:00+08:00,11.899999618530273,11.899999618530273,11.800000190734863,11.850000381469727,0,0.0,0.0
2023-05-17 10:00:00+08:00,11.850000381469727,11.899999618530273,11.850000381469727,11.850000381469727,144368,0.0,0.0
2023-05-17 11:00:00+08:00,11.899999618530273,11.899999618530273,11.850000381469727,11.850000381469727,28470,0.0,0.0
2023-05-17 12:00:00+08:00,11.850000381469727,11.899999618530273,11.850000381469727,11.850000381469727,37348,0.0,0.0
2023-05-17 13:00:00+08:00,11.850000381469727,11.899999618530273,11.850000381469727,11.850000381469727,33357,0.0,0.0
2023-05-18 09:00:00+08:00,11.949999809265137,11.949999809265137,11.899999618530273,11.949999809265137,0,0.0,0.0
2023-05-18 10:00:00+08:00,11.899999618530273,11.949999809265137,11.899999618530273,11.949999809265137,49176,0.0,0.0
2023-05-18 11:00:00+08:00,11.899999618530273,11.949999809265137,11.850000381469727,11.949999809265137,125629,0.0,0.0
2023-05-18 12:00:00+08:00,11.949999809265137,11.949999809265137,11.850000381469727,11.899999618530273,143947,0.0,0.0
2023-05-18 13:00:00+08:00,11.899999618530273,11.949999809265137,11.850000381469727,11.899999618530273,89409,0.0,0.0
2023-05-19 09:00:00+08:00,11.949999809265137,12.050000190734863,11.949999809265137,12.0,0,0.0,0.0
2023-05-19 10:00:00+08:00,11.949999809265137,12.0,11.949999809265137,12.0,94738,0.0,0.0
2023-05-19 11:00:00+08:00,12.0,12.0,11.949999809265137,11.949999809265137,50488,0.0,0.0
2023-05-19 12:00:00+08:00,11.949999809265137,12.0,11.949999809265137,12.0,131481,0.0,0.0
2023-05-19 13:00:00+08:00,11.949999809265137,12.0,11.949999809265137,11.949999809265137,24300,0.0,0.0
2023-05-22 09:00:00+08:00,12.050000190734863,12.399999618530273,12.050000190734863,12.199999809265137,1025588,0.0,0.0
2023-05-22 10:00:00+08:00,12.25,12.300000190734863,12.199999809265137,12.25,252264,0.0,0.0
2023-05-22 11:00:00+08:00,12.25,12.25,12.199999809265137,12.25,93222,0.0,0.0
2023-05-22 12:00:00+08:00,12.25,12.300000190734863,12.199999809265137,12.25,251018,0.0,0.0
2023-05-22 13:00:00+08:00,12.25,12.300000190734863,12.199999809265137,12.25,245997,0.0,0.0
2023-05-23 09:00:00+08:00,12.199999809265137,12.25,12.149999618530273,12.199999809265137,0,0.0,0.0
2023-05-23 10:00:00+08:00,12.25,12.25,12.149999618530273,12.199999809265137,107366,0.0,0.0
2023-05-23 11:00:00+08:00,12.149999618530273,12.199999809265137,12.149999618530273,12.149999618530273,56312,0.0,0.0
2023-05-23 12:00:00+08:00,12.149999618530273,12.199999809265137,12.149999618530273,12.149999618530273,126308,0.0,0.0
2023-05-23 13:00:00+08:00,12.149999618530273,12.149999618530273,12.149999618530273,12.149999618530273,55303,0.0,0.0
2023-05-24 09:00:00+08:00,12.149999618530273,12.149999618530273,12.050000190734863,12.100000381469727,0,0.0,0.0
2023-05-24 10:00:00+08:00,12.050000190734863,12.149999618530273,12.050000190734863,12.100000381469727,318894,0.0,0.0
2023-05-24 11:00:00+08:00,12.100000381469727,12.149999618530273,12.050000190734863,12.149999618530273,212427,0.0,0.0
2023-05-24 12:00:00+08:00,12.149999618530273,12.199999809265137,12.100000381469727,12.199999809265137,272100,0.0,0.0
2023-05-24 13:00:00+08:00,12.199999809265137,12.25,12.199999809265137,12.199999809265137,40051,0.0,0.0
2023-05-25 09:00:00+08:00,12.300000190734863,12.350000381469727,12.199999809265137,12.25,0,0.0,0.0
2023-05-25 10:00:00+08:00,12.25,12.300000190734863,12.199999809265137,12.25,200164,0.0,0.0
2023-05-25 11:00:00+08:00,12.25,12.300000190734863,12.25,12.300000190734863,92113,0.0,0.0
2023-05-25 12:00:00+08:00,12.25,12.300000190734863,12.25,12.25,170742,0.0,0.0
2023-05-25 13:00:00+08:00,12.25,12.300000190734863,12.199999809265137,12.25,94609,0.0,0.0
2023-05-26 09:00:00+08:00,12.300000190734863,12.300000190734863,12.199999809265137,12.25,0,0.0,0.0
2023-05-26 10:00:00+08:00,12.199999809265137,12.199999809265137,12.100000381469727,12.149999618530273,184799,0.0,0.0
2023-05-26 11:00:00+08:00,12.149999618530273,12.149999618530273,12.100000381469727,12.100000381469727,64002,0.0,0.0
2023-05-26 12:00:00+08:00,12.100000381469727,12.149999618530273,12.100000381469727,12.100000381469727,122159,0.0,0.0
2023-05-26 13:00:00+08:00,12.100000381469727,12.149999618530273,12.050000190734863,12.149999618530273,213039,0.0,0.0
2023-05-29 09:00:00+08:00,12.100000381469727,12.25,12.050000190734863,12.199999809265137,0,0.0,0.0
2023-05-29 10:00:00+08:00,12.199999809265137,12.350000381469727,12.199999809265137,12.300000190734863,379445,0.0,0.0
2023-05-29 11:00:00+08:00,12.300000190734863,12.300000190734863,12.199999809265137,12.25,289618,0.0,0.0
2023-05-29 12:00:00+08:00,12.25,12.300000190734863,12.25,12.25,134481,0.0,0.0
2023-05-29 13:00:00+08:00,12.25,12.350000381469727,12.199999809265137,12.300000190734863,440604,0.0,0.0
2023-05-30 09:00:00+08:00,12.350000381469727,12.350000381469727,12.25,12.25,0,0.0,0.0
2023-05-30 10:00:00+08:00,12.25,12.300000190734863,12.25,12.25,99310,0.0,0.0
2023-05-30 11:00:00+08:00,12.199999809265137,12.25,12.100000381469727,12.100000381469727,262405,0.0,0.0
2023-05-30 12:00:00+08:00,12.100000381469727,12.149999618530273,12.100000381469727,12.100000381469727,147654,0.0,0.0
2023-05-30 13:00:00+08:00,12.100000381469727,12.149999618530273,12.100000381469727,12.100000381469727,35200,0.0,0.0
2023-05-31 09:00:00+08:00,12.100000381469727,12.199999809265137,12.050000190734863,12.149999618530273,0,0.0,0.0
2023-05-31 10:00:00+08:00,12.149999618530273,12.199999809265137,12.100000381469727,12.100000381469727,174197,0.0,0.0
2023-05-31 11:00:00+08:00,12.100000381469727,12.100000381469727,12.050000190734863,12.050000190734863,180381,0.0,0.0
2023-05-31 12:00:00+08:00,12.050000190734863,12.100000381469727,12.050000190734863,12.050000190734863,46411,0.0,0.0
2023-05-31 13:00:00+08:00,12.050000190734863,12.100000381469727,12.0,12.100000381469727,239409,0.0,0.0
2023-06-01 09:00:00+08:00,12.0,12.100000381469727,12.0,12.100000381469727,0,0.0,0.0
2023-06-01 10:00:00+08:00,12.050000190734863,12.100000381469727,12.0,12.0,119149,0.0,0.0
2023-06-01 11:00:00+08:00,12.100000381469727,12.100000381469727,12.050000190734863,12.100000381469727,143276,0.0,0.0
2023-06-01 12:00:00+08:00,12.100000381469727,12.100000381469727,12.050000190734863,12.100000381469727,88521,0.0,0.0
2023-06-01 13:00:00+08:00,12.100000381469727,12.100000381469727,12.050000190734863,12.050000190734863,69231,0.0,0.0
2023-06-02 09:00:00+08:00,12.149999618530273,12.199999809265137,12.100000381469727,12.149999618530273,0,0.0,0.0
2023-06-02 10:00:00+08:00,12.199999809265137,12.199999809265137,12.100000381469727,12.149999618530273,158406,0.0,0.0
2023-06-02 11:00:00+08:00,12.100000381469727,12.149999618530273,12.100000381469727,12.149999618530273,167984,0.0,0.0
2023-06-02 12:00:00+08:00,12.149999618530273,12.149999618530273,12.050000190734863,12.100000381469727,117856,0.0,0.0
2023-06-02 13:00:00+08:00,12.050000190734863,12.149999618530273,12.050000190734863,12.100000381469727,45033,0.0,0.0
2023-06-05 09:00:00+08:00,12.199999809265137,12.449999809265137,12.199999809265137,12.399999618530273,857484,0.0,0.0
2023-06-05 10:00:00+08:00,12.399999618530273,12.449999809265137,12.350000381469727,12.399999618530273,256799,0.0,0.0
2023-06-05 11:00:00+08:00,12.399999618530273,12.75,12.399999618530273,12.75,2143293,0.0,0.0
2023-06-05 12:00:00+08:00,12.75,13.0,12.75,12.899999618530273,2409722,0.0,0.0
2023-06-05 13:00:00+08:00,12.949999809265137,13.0,12.899999618530273,13.0,1038456,0.0,0.0
2023-06-06 09:00:00+08:00,13.399999618530273,13.75,13.149999618530273,13.350000381469727,445454,0.0,0.0
2023-06-06 10:00:00+08:00,13.350000381469727,13.399999618530273,13.25,13.350000381469727,1703243,0.0,0.0
2023-06-06 11:00:00+08:00,13.300000190734863,13.350000381469727,13.199999809265137,13.300000190734863,1290468,0.0,0.0
2023-06-06 12:00:00+08:00,13.350000381469727,13.350000381469727,13.25,13.300000190734863,918414,0.0,0.0
2023-06-06 13:00:00+08:00,13.300000190734863,13.350000381469727,13.300000190734863,13.300000190734863,440383,0.0,0.0
2023-06-07 09:00:00+08:00,13.699999809265137,13.699999809265137,13.399999618530273,13.449999809265137,0,0.0,0.0
2023-06-07 10:00:00+08:00,13.399999618530273,13.449999809265137,13.399999618530273,13.449999809265137,775337,0.0,0.0
2023-06-07 11:00:00+08:00,13.399999618530273,13.600000381469727,13.399999618530273,13.600000381469727,986716,0.0,0.0
2023-06-07 12:00:00+08:00,13.600000381469727,13.600000381469727,13.449999809265137,13.449999809265137,952213,0.0,0.0
2023-06-07 13:00:00+08:00,13.5,13.5,13.399999618530273,13.399999618530273,585443,0.0,0.0
2023-06-08 09:00:00+08:00,13.550000190734863,13.600000381469727,13.300000190734863,13.350000381469727,0,0.0,0.0
2023-06-08 10:00:00+08:00,13.350000381469727,13.350000381469727,13.199999809265137,13.300000190734863,916357,0.0,0.0
2023-06-08 11:00:00+08:00,13.300000190734863,13.399999618530273,13.300000190734863,13.300000190734863,331652,0.0,0.0
2023-06-08 12:00:00+08:00,13.300000190734863,13.300000190734863,13.199999809265137,13.199999809265137,389943,0.0,0.0
2023-06-08 13:00:00+08:00,13.199999809265137,13.25,13.149999618530273,13.199999809265137,327750,0.0,0.0
2023-06-09 09:00:00+08:00,13.5,13.5,13.300000190734863,13.350000381469727,0,0.0,0.0
2023-06-09 10:00:00+08:00,13.350000381469727,13.649999618530273,13.350000381469727,13.649999618530273,1949296,0.0,0.0
2023-06-09 11:00:00+08:00,13.649999618530273,13.949999809265137,13.600000381469727,13.800000190734863,3772512,0.0,0.0
2023-06-09 12:00:00+08:00,13.800000190734863,14.100000381469727,13.75,13.899999618530273,6298945,0.0,0.0
2023-06-09 13:00:00+08:00,13.899999618530273,14.0,13.850000381469727,14.0,1405204,0.0,0.0
2023-06-12 09:00:00+08:00,14.100000381469727,14.149999618530273,13.600000381469727,13.699999809265137,0,0.0,0.0
2023-06-12 10:00:00+08:00,13.75,13.75,13.649999618530273,13.699999809265137,1155646,0.0,0.0
2023-06-12 11:00:00+08:00,13.699999809265137,13.75,13.649999618530273,13.699999809265137,385196,0.0,0.0
2023-06-12 12:00:00+08:00,13.699999809265137,13.949999809265137,13.649999618530273,13.850000381469727,1515432,0.0,0.0
2023-06-12 13:00:00+08:00,13.850000381469727,13.899999618530273,13.800000190734863,13.899999618530273,549618,0.0,0.0
2023-06-13 09:00:00+08:00,13.800000190734863,13.850000381469727,13.5,13.550000190734863,0,0.0,0.0
2023-06-13 10:00:00+08:00,13.550000190734863,13.600000381469727,13.399999618530273,13.449999809265137,875916,0.0,0.0
2023-06-13 11:00:00+08:00,13.449999809265137,13.550000190734863,13.399999618530273,13.5,491147,0.0,0.0
2023-06-13 12:00:00+08:00,13.5,13.5,13.300000190734863,13.449999809265137,1091523,0.0,0.0
2023-06-13 13:00:00+08:00,13.399999618530273,13.449999809265137,13.350000381469727,13.399999618530273,526108,0.0,0.0
2023-06-14 09:00:00+08:00,13.5,13.5,13.350000381469727,13.399999618530273,0,0.0,0.0
2023-06-14 10:00:00+08:00,13.399999618530273,13.449999809265137,13.300000190734863,13.300000190734863,920078,0.0,0.0
2023-06-14 11:00:00+08:00,13.300000190734863,13.350000381469727,13.25,13.300000190734863,538624,0.0,0.0
2023-06-14 12:00:00+08:00,13.25,13.350000381469727,13.25,13.350000381469727,327356,0.0,0.0
2023-06-14 13:00:00+08:00,13.350000381469727,13.399999618530273,13.300000190734863,13.350000381469727,250730,0.0,0.0
2023-06-15 09:00:00+08:00,13.399999618530273,13.5,13.300000190734863,13.449999809265137,0,0.0,0.0
2023-06-15 10:00:00+08:00,13.449999809265137,14.0,13.399999618530273,13.75,3415943,0.0,0.0
2023-06-15 11:00:00+08:00,13.75,14.5,13.699999809265137,14.5,5970823,0.0,0.0
2023-06-15 12:00:00+08:00,14.449999809265137,14.649999618530273,14.399999618530273,14.649999618530273,10858466,0.0,0.0
2023-06-15 13:00:00+08:00,14.649999618530273,14.649999618530273,14.649999618530273,14.649999618530273,185862,0.0,0.0
2023-06-16 09:00:00+08:00,14.550000190734863,15.199999809265137,14.449999809265137,14.550000190734863,0,0.0,0.0
2023-06-16 10:00:00+08:00,14.550000190734863,14.550000190734863,14.149999618530273,14.25,3952635,0.0,0.0
2023-06-16 11:00:00+08:00,14.25,14.399999618530273,14.149999618530273,14.199999809265137,1596395,0.0,0.0
2023-06-16 12:00:00+08:00,14.199999809265137,14.300000190734863,14.149999618530273,14.25,1171903,0.0,0.0
2023-06-16 13:00:00+08:00,14.199999809265137,14.350000381469727,14.199999809265137,14.25,1164534,0.0,0.0
2023-06-19 09:00:00+08:00,14.300000190734863,14.300000190734863,13.850000381469727,14.0,0,0.0,0.0
2023-06-19 10:00:00+08:00,14.0,14.0,13.850000381469727,13.850000381469727,910112,0.0,0.0
2023-06-19 11:00:00+08:00,13.850000381469727,13.899999618530273,13.75,13.800000190734863,1548002,0.0,0.0
2023-06-19 12:00:00+08:00,13.800000190734863,13.899999618530273,13.800000190734863,13.850000381469727,700932,0.0,0.0
2023-06-19 13:00:00+08:00,13.850000381469727,13.899999618530273,13.800000190734863,13.800000190734863,474775,0.0,0.0
2023-06-20 09:00:00+08:00,13.899999618530273,13.899999618530273,13.649999618530273,13.699999809265137,0,0.0,0.0
2023-06-20 10:00:00+08:00,13.699999809265137,13.850000381469727,13.600000381469727,13.850000381469727,804352,0.0,0.0
2023-06-20 11:00:00+08:00,13.850000381469727,13.850000381469727,13.75,13.800000190734863,205518,0.0,0.0
2023-06-20 12:00:00+08:00,13.800000190734863,13.800000190734863,13.649999618530273,13.699999809265137,453429,0.0,0.0
2023-06-20 13:00:00+08:00,13.699999809265137,13.75,13.649999618530273,13.699999809265137,279565,0.0,0.0
2023-06-21 09:00:00+08:00,13.800000190734863,14.100000381469727,13.699999809265137,13.899999618530273,0,0.0,0.0
2023-06-21 10:00:00+08:00,13.899999618530273,13.949999809265137,13.850000381469727,13.899999618530273,264738,0.0,0.0
2023-06-21 11:00:00+08:00,13.899999618530273,13.899999618530273,13.800000190734863,13.899999618530273,277800,0.0,0.0
2023-06-21 12:00:00+08:00,13.850000381469727,14.0,13.800000190734863,13.949999809265137,582882,0.0,0.0
2023-06-21 13:00:00+08:00,13.949999809265137,14.050000190734863,13.949999809265137,13.949999809265137,524883,0.0,0.0
2023-06-26 09:00:00+08:00,13.949999809265137,13.949999809265137,13.75,13.800000190734863,0,0.0,0.0
2023-06-26 10:00:00+08:00,13.75,13.800000190734863,13.5,13.600000381469727,1296943,0.0,0.0
2023-06-26 11:00:00+08:00,13.550000190734863,13.600000381469727,13.550000190734863,13.550000190734863,458796,0.0,0.0
2023-06-26 12:00:00+08:00,13.550000190734863,13.600000381469727,13.5,13.550000190734863,965070,0.0,0.0
2023-06-26 13:00:00+08:00,13.550000190734863,13.600000381469727,13.5,13.550000190734863,116473,0.0,0.0
2023-06-27 09:00:00+08:00,13.550000190734863,13.800000190734863,13.399999618530273,13.699999809265137,0,0.0,0.0
2023-06-27 10:00:00+08:00,13.699999809265137,13.75,13.550000190734863,13.600000381469727,415974,0.0,0.0
2023-06-27 11:00:00+08:00,13.600000381469727,13.600000381469727,13.399999618530273,13.449999809265137,514073,0.0,0.0
2023-06-27 12:00:00+08:00,13.399999618530273,13.449999809265137,13.350000381469727,13.399999618530273,485799,0.0,0.0
2023-06-27 13:00:00+08:00,13.399999618530273,13.449999809265137,13.350000381469727,13.399999618530273,377108,0.0,0.0
2023-06-28 09:00:00+08:00,13.399999618530273,13.600000381469727,13.350000381469727,13.399999618530273,0,0.0,0.0
2023-06-28 10:00:00+08:00,13.399999618530273,13.449999809265137,13.399999618530273,13.449999809265137,196000,0.0,0.0
2023-06-28 11:00:00+08:00,13.449999809265137,13.449999809265137,13.399999618530273,13.449999809265137,65489,0.0,0.0
2023-06-28 12:00:00+08:00,13.399999618530273,13.449999809265137,13.350000381469727,13.350000381469727,216027,0.0,0.0
2023-06-28 13:00:00+08:00,13.350000381469727,13.399999618530273,13.300000190734863,13.350000381469727,224522,0.0,0.0
2023-06-29 09:00:00+08:00,13.5,13.649999618530273,13.449999809265137,13.550000190734863,0,0.0,0.0
2023-06-29 10:00:00+08:00,13.550000190734863,13.600000381469727,13.5,13.5,252270,0.0,0.0
2023-06-29 11:00:00+08:00,13.5,13.550000190734863,13.449999809265137,13.5,139151,0.0,0.0
2023-06-29 12:00:00+08:00,13.5,13.550000190734863,13.449999809265137,13.449999809265137,112865,0.0,0.0
2023-06-29 13:00:00+08:00,13.449999809265137,13.5,13.449999809265137,13.5,93317,0.0,0.0
2023-06-30 09:00:00+08:00,13.5,13.5,13.350000381469727,13.449999809265137,0,0.0,0.0
2023-06-30 10:00:00+08:00,13.5,13.5,13.399999618530273,13.449999809265137,272710,0.0,0.0
2023-06-30 11:00:00+08:00,13.399999618530273,13.5,13.399999618530273,13.449999809265137,188748,0.0,0.0
2023-06-30 12:00:00+08:00,13.5,13.600000381469727,13.399999618530273,13.550000190734863,420524,0.0,0.0
2023-06-30 13:00:00+08:00,13.550000190734863,13.550000190734863,13.449999809265137,13.5,105015,0.0,0.0
2023-07-03 09:00:00+08:00,13.649999618530273,13.699999809265137,13.600000381469727,13.600000381469727,0,0.0,0.0
2023-07-03 10:00:00+08:00,13.600000381469727,13.75,13.600000381469727,13.699999809265137,825361,0.0,0.0
2023-07-03 11:00:00+08:00,13.699999809265137,13.850000381469727,13.699999809265137,13.75,627493,0.0,0.0
2023-07-03 12:00:00+08:00,13.800000190734863,13.800000190734863,13.600000381469727,13.649999618530273,479008,0.0,0.0
2023-07-03 13:00:00+08:00,13.649999618530273,13.699999809265137,13.600000381469727,13.649999618530273,305270,0.0,0.0
2023-07-04 09:00:00+08:00,13.699999809265137,13.699999809265137,13.5,13.550000190734863,0,0.0,0.0
2023-07-04 10:00:00+08:00,13.600000381469727,13.649999618530273,13.550000190734863,13.550000190734863,328328,0.0,0.0
2023-07-04 11:00:00+08:00,13.600000381469727,13.75,13.550000190734863,13.649999618530273,691653,0.0,0.0
2023-07-04 12:00:00+08:00,13.649999618530273,13.800000190734863,13.649999618530273,13.649999618530273,426740,0.0,0.0
2023-07-04 13:00:00+08:00,13.649999618530273,13.699999809265137,13.600000381469727,13.699999809265137,163205,0.0,0.0
2023-07-05 09:00:00+08:00,13.800000190734863,13.800000190734863,13.649999618530273,13.75,0,0.0,0.0
2023-07-05 10:00:00+08:00,13.75,13.800000190734863,13.699999809265137,13.75,345991,0.0,0.0
2023-07-05 11:00:00+08:00,13.75,13.800000190734863,13.699999809265137,13.75,280620,0.0,0.0
2023-07-05 12:00:00+08:00,13.75,13.75,13.699999809265137,13.699999809265137,229024,0.0,0.0
2023-07-05 13:00:00+08:00,13.699999809265137,13.699999809265137,13.649999618530273,13.649999618530273,173435,0.0,0.0
2023-07-06 09:00:00+08:00,13.649999618530273,13.75,13.600000381469727,13.75,0,0.0,0.0
2023-07-06 10:00:00+08:00,13.75,13.800000190734863,13.699999809265137,13.699999809265137,451902,0.0,0.0
2023-07-06 11:00:00+08:00,13.699999809265137,13.699999809265137,13.649999618530273,13.649999618530273,227836,0.0,0.0
2023-07-06 12:00:00+08:00,13.649999618530273,13.699999809265137,13.550000190734863,13.649999618530273,420469,0.0,0.0
2023-07-06 13:00:00+08:00,13.649999618530273,13.699999809265137,13.600000381469727,13.699999809265137,87041,0.0,0.0
2023-07-07 09:00:00+08:00,13.649999618530273,13.649999618530273,13.100000381469727,13.199999809265137,0,0.0,0.0
2023-07-07 10:00:00+08:00,13.199999809265137,13.350000381469727,13.100000381469727,13.25,549039,0.0,0.0
2023-07-07 11:00:00+08:00,13.300000190734863,13.449999809265137,13.300000190734863,13.399999618530273,188400,0.0,0.0
2023-07-07 12:00:00+08:00,13.399999618530273,13.399999618530273,13.300000190734863,13.399999618530273,260288,0.0,0.0
2023-07-07 13:00:00+08:00,13.350000381469727,13.350000381469727,13.300000190734863,13.300000190734863,135300,0.0,0.0
2023-07-10 09:00:00+08:00,13.25,13.25,13.050000190734863,13.100000381469727,0,0.0,0.0
2023-07-10 10:00:00+08:00,13.100000381469727,13.199999809265137,13.050000190734863,13.149999618530273,780808,0.0,0.0
2023-07-10 11:00:00+08:00,13.100000381469727,13.149999618530273,13.0,13.050000190734863,662345,0.0,0.0
2023-07-10 12:00:00+08:00,13.050000190734863,13.050000190734863,12.949999809265137,13.0,433299,0.0,0.0
2023-07-10 13:00:00+08:00,13.0,13.050000190734863,12.949999809265137,13.0,270132,0.0,0.0
2023-07-11 09:00:00+08:00,13.100000381469727,13.149999618530273,13.050000190734863,13.100000381469727,0,0.0,0.0
2023-07-11 10:00:00+08:00,13.100000381469727,13.25,13.0,13.199999809265137,582840,0.0,0.0
2023-07-11 11:00:00+08:00,13.149999618530273,13.199999809265137,13.149999618530273,13.149999618530273,35213,0.0,0.0
2023-07-11 12:00:00+08:00,13.149999618530273,13.199999809265137,13.100000381469727,13.149999618530273,188347,0.0,0.0
2023-07-11 13:00:00+08:00,13.149999618530273,13.149999618530273,13.100000381469727,13.100000381469727,120965,0.0,0.0
2023-07-12 09:00:00+08:00,13.199999809265137,13.199999809265137,13.050000190734863,13.050000190734863,0,0.0,0.0
2023-07-12 10:00:00+08:00,13.0,13.100000381469727,13.0,13.0,132495,0.0,0.0
2023-07-12 11:00:00+08:00,13.0,13.0,12.899999618530273,12.899999618530273,365650,0.0,0.0
2023-07-12 12:00:00+08:00,12.899999618530273,12.949999809265137,12.850000381469727,12.899999618530273,552572,0.0,0.0
2023-07-12 13:00:00+08:00,12.899999618530273,12.899999618530273,12.850000381469727,12.899999618530273,226458,0.0,0.0
2023-07-13 09:00:00+08:00,12.949999809265137,12.949999809265137,12.649999618530273,12.75,0,0.0,0.0
2023-07-13 10:00:00+08:00,12.75,12.800000190734863,12.699999809265137,12.75,337481,0.0,0.0
2023-07-13 11:00:00+08:00,12.75,12.850000381469727,12.75,12.800000190734863,292547,0.0,0.0
2023-07-13 12:00:00+08:00,12.800000190734863,12.850000381469727,12.75,12.75,222573,0.0,0.0
2023-07-13 13:00:00+08:00,12.699999809265137,12.75,12.649999618530273,12.699999809265137,311657,0.0,0.0
2023-07-14 09:00:00+08:00,12.699999809265137,12.850000381469727,12.649999618530273,12.850000381469727,0,0.0,0.0
2023-07-14 10:00:00+08:00,12.850000381469727,12.949999809265137,12.800000190734863,12.850000381469727,255150,0.0,0.0
2023-07-14 11:00:00+08:00,12.850000381469727,12.899999618530273,12.75,12.800000190734863,324130,0.0,0.0
2023-07-14 12:00:00+08:00,12.800000190734863,12.800000190734863,12.75,12.800000190734863,122216,0.0,0.0
2023-07-14 13:00:00+08:00,12.800000190734863,12.800000190734863,12.75,12.75,193371,0.0,0.0
2023-07-17 09:00:00+08:00,12.699999809265137,12.800000190734863,12.649999618530273,12.800000190734863,0,0.0,0.0
2023-07-17 10:00:00+08:00,12.800000190734863,13.149999618530273,12.800000190734863,13.050000190734863,782214,0.0,0.0
2023-07-17 11:00:00+08:00,13.050000190734863,13.050000190734863,12.899999618530273,12.949999809265137,304380,0.0,0.0
2023-07-17 12:00:00+08:00,12.949999809265137,13.050000190734863,12.899999618530273,13.050000190734863,263640,0.0,0.0
2023-07-17 13:00:00+08:00,13.050000190734863,13.050000190734863,12.949999809265137,13.050000190734863,78345,0.0,0.0
2023-07-18 09:00:00+08:00,13.050000190734863,13.050000190734863,12.699999809265137,12.800000190734863,814920,0.0,0.0
2023-07-18 10:00:00+08:00,12.850000381469727,12.850000381469727,12.699999809265137,12.75,206856,0.0,0.0
2023-07-18 11:00:00+08:00,12.75,12.800000190734863,12.699999809265137,12.699999809265137,467952,0.0,0.0
2023-07-18 12:00:00+08:00,12.699999809265137,12.699999809265137,12.600000381469727,12.649999618530273,596581,0.0,0.0
2023-07-18 13:00:00+08:00,12.699999809265137,12.699999809265137,12.649999618530273,12.649999618530273,68148,0.0,0.0
2023-07-19 09:00:00+08:00,12.75,12.899999618530273,12.649999618530273,12.899999618530273,261200,0.0,0.0
2023-07-19 10:00:00+08:00,12.949999809265137,13.050000190734863,12.800000190734863,12.850000381469727,654681,0.0,0.0
2023-07-19 11:00:00+08:00,12.800000190734863,12.850000381469727,12.800000190734863,12.800000190734863,196896,0.0,0.0
2023-07-19 12:00:00+08:00,12.800000190734863,12.800000190734863,12.600000381469727,12.699999809265137,599292,0.0,0.0
2023-07-19 13:00:00+08:00,12.699999809265137,12.699999809265137,12.649999618530273,12.649999618530273,101274,0.0,0.0
2023-07-20 09:00:00+08:00,12.649999618530273,13.199999809265137,12.649999618530273,13.100000381469727,1898765,0.0,0.0
2023-07-20 10:00:00+08:00,13.100000381469727,13.25,13.100000381469727,13.100000381469727,1109447,0.0,0.0
2023-07-20 11:00:00+08:00,13.100000381469727,13.300000190734863,13.100000381469727,13.300000190734863,913182,0.0,0.0
2023-07-20 12:00:00+08:00,13.300000190734863,13.550000190734863,13.25,13.449999809265137,3501609,0.0,0.0
2023-07-20 13:00:00+08:00,13.449999809265137,13.5,13.399999618530273,13.449999809265137,772272,0.0,0.0
2023-07-21 09:00:00+08:00,13.149999618530273,13.25,12.949999809265137,13.050000190734863,1187888,0.0,0.0
2023-07-21 10:00:00+08:00,13.050000190734863,13.199999809265137,13.0,13.100000381469727,405449,0.0,0.0
2023-07-21 11:00:00+08:00,13.149999618530273,13.25,13.050000190734863,13.050000190734863,429157,0.0,0.0
2023-07-21 12:00:00+08:00,13.100000381469727,13.100000381469727,13.050000190734863,13.050000190734863,161052,0.0,0.0
2023-07-21 13:00:00+08:00,13.100000381469727,13.149999618530273,13.050000190734863,13.149999618530273,142210,0.0,0.0
2023-07-24 09:00:00+08:00,13.199999809265137,13.5,13.100000381469727,13.350000381469727,0,0.0,0.0
2023-07-24 10:00:00+08:00,13.350000381469727,13.5,13.300000190734863,13.399999618530273,486962,0.0,0.0
2023-07-24 11:00:00+08:00,13.350000381469727,13.399999618530273,13.25,13.25,295471,0.0,0.0
2023-07-24 12:00:00+08:00,13.25,13.300000190734863,13.199999809265137,13.300000190734863,167135,0.0,0.0
2023-07-24 13:00:00+08:00,13.25,13.300000190734863,13.149999618530273,13.199999809265137,331062,0.0,0.0
2023-07-25 09:00:00+08:00,13.449999809265137,13.75,13.199999809265137,13.75,1594311,0.0,0.0
2023-07-25 10:00:00+08:00,13.75,13.899999618530273,13.550000190734863,13.649999618530273,2120988,0.0,0.0
2023-07-25 11:00:00+08:00,13.649999618530273,14.199999809265137,13.600000381469727,13.949999809265137,5462622,0.0,0.0
2023-07-25 12:00:00+08:00,13.949999809265137,14.0,13.800000190734863,13.899999618530273,1358197,0.0,0.0
2023-07-25 13:00:00+08:00,13.899999618530273,14.25,13.850000381469727,14.25,3309229,0.0,0.0
2023-07-26 09:00:00+08:00,14.25,14.300000190734863,13.75,13.850000381469727,0,0.0,0.0
2023-07-26 10:00:00+08:00,13.800000190734863,13.949999809265137,13.800000190734863,13.850000381469727,466221,0.0,0.0
2023-07-26 11:00:00+08:00,13.850000381469727,13.899999618530273,13.800000190734863,13.850000381469727,294233,0.0,0.0
2023-07-26 12:00:00+08:00,13.850000381469727,13.850000381469727,13.75,13.75,720488,0.0,0.0
2023-07-26 13:00:00+08:00,13.75,13.850000381469727,13.699999809265137,13.800000190734863,631770,0.0,0.0
2023-07-27 09:00:00+08:00,13.800000190734863,14.600000381469727,13.800000190734863,14.149999618530273,5882022,0.0,0.0
2023-07-27 10:00:00+08:00,14.149999618530273,14.25,14.149999618530273,14.149999618530273,790142,0.0,0.0
2023-07-27 11:00:00+08:00,14.149999618530273,15.100000381469727,14.149999618530273,15.0,14506324,0.0,0.0
2023-07-27 12:00:00+08:00,15.0,15.0,14.800000190734863,14.850000381469727,2419980,0.0,0.0
2023-07-27 13:00:00+08:00,14.800000190734863,14.899999618530273,14.75,14.850000381469727,1464990,0.0,0.0
2023-07-28 09:00:00+08:00,14.850000381469727,15.350000381469727,14.550000190734863,15.050000190734863,14324562,0.0,0.0
2023-07-28 10:00:00+08:00,15.050000190734863,15.199999809265137,14.850000381469727,15.149999618530273,3945679,0.0,0.0
2023-07-28 11:00:00+08:00,15.149999618530273,15.399999618530273,15.050000190734863,15.199999809265137,5916320,0.0,0.0
2023-07-28 12:00:00+08:00,15.199999809265137,16.25,15.100000381469727,15.699999809265137,22573759,0.0,0.0
2023-07-28 13:00:00+08:00,15.699999809265137,15.899999618530273,15.649999618530273,15.75,2902917,0.0,0.0
2023-07-31 09:00:00+08:00,16.25,16.649999618530273,16.0,16.350000381469727,0,0.0,0.0
2023-07-31 10:00:00+08:00,16.350000381469727,16.450000762939453,16.0,16.100000381469727,5420836,0.0,0.0
2023-07-31 11:00:00+08:00,16.100000381469727,16.100000381469727,15.300000190734863,15.699999809265137,8548595,0.0,0.0
2023-07-31 12:00:00+08:00,15.699999809265137,15.800000190734863,15.5,15.649999618530273,2294472,0.0,0.0
2023-07-31 13:00:00+08:00,15.649999618530273,15.699999809265137,15.300000190734863,15.350000381469727,2718765,0.0,0.0
2023-08-01 09:00:00+08:00,15.649999618530273,15.949999809265137,15.399999618530273,15.449999809265137,5649588,0.0,0.0
2023-08-01 10:00:00+08:00,15.449999809265137,15.600000381469727,15.199999809265137,15.25,3107332,0.0,0.0
2023-08-01 11:00:00+08:00,15.25,15.399999618530273,15.199999809265137,15.350000381469727,1074307,0.0,0.0
2023-08-01 12:00:00+08:00,15.350000381469727,15.550000190734863,15.300000190734863,15.449999809265137,1536024,0.0,0.0
2023-08-01 13:00:00+08:00,15.449999809265137,15.600000381469727,15.399999618530273,15.5,1255351,0.0,0.0
2023-08-02 09:00:00+08:00,15.25,15.350000381469727,14.899999618530273,14.899999618530273,3895293,0.0,0.0
2023-08-02 10:00:00+08:00,14.899999618530273,15.0,14.699999809265137,14.899999618530273,3390577,0.0,0.0
2023-08-02 11:00:00+08:00,14.850000381469727,14.949999809265137,14.75,14.850000381469727,882388,0.0,0.0
2023-08-02 12:00:00+08:00,14.850000381469727,14.850000381469727,14.699999809265137,14.800000190734863,1258187,0.0,0.0
2023-08-02 13:00:00+08:00,14.800000190734863,14.800000190734863,14.699999809265137,14.75,654008,0.0,0.0
2023-08-04 09:00:00+08:00,14.899999618530273,14.949999809265137,14.5,14.600000381469727,0,0.0,0.0
2023-08-04 10:00:00+08:00,14.649999618530273,14.800000190734863,14.600000381469727,14.75,710728,0.0,0.0
2023-08-04 11:00:00+08:00,14.75,14.949999809265137,14.75,14.75,681868,0.0,0.0
2023-08-04 12:00:00+08:00,14.75,15.100000381469727,14.75,14.949999809265137,1360989,0.0,0.0
2023-08-04 13:00:00+08:00,14.949999809265137,14.949999809265137,14.899999618530273,14.949999809265137,274730,0.0,0.0
2023-08-07 09:00:00+08:00,14.800000190734863,14.949999809265137,14.600000381469727,14.800000190734863,0,0.0,0.0
2023-08-07 10:00:00+08:00,14.800000190734863,15.100000381469727,14.800000190734863,14.949999809265137,999609,0.0,0.0
2023-08-07 11:00:00+08:00,14.949999809265137,15.100000381469727,14.800000190734863,14.949999809265137,892112,0.0,0.0
2023-08-07 12:00:00+08:00,15.0,15.0,14.850000381469727,14.949999809265137,557570,0.0,0.0
2023-08-07 13:00:00+08:00,14.949999809265137,14.949999809265137,14.800000190734863,14.899999618530273,292880,0.0,0.0
2023-08-08 09:00:00+08:00,14.899999618530273,14.949999809265137,14.5,14.5,1777635,0.0,0.0
2023-08-08 10:00:00+08:00,14.5,14.699999809265137,14.449999809265137,14.550000190734863,831000,0.0,0.0
2023-08-08 11:00:00+08:00,14.600000381469727,14.600000381469727,14.449999809265137,14.5,718678,0.0,0.0
2023-08-08 12:00:00+08:00,14.5,14.600000381469727,14.5,14.550000190734863,677061,0.0,0.0
2023-08-08 13:00:00+08:00,14.550000190734863,14.600000381469727,14.5,14.5,570921,0.0,0.0
2023-08-09 09:00:00+08:00,14.649999618530273,14.649999618530273,14.350000381469727,14.399999618530273,933418,0.0,0.0
2023-08-09 10:00:00+08:00,14.350000381469727,14.399999618530273,14.199999809265137,14.25,1215849,0.0,0.0
2023-08-09 11:00:00+08:00,14.25,14.300000190734863,14.100000381469727,14.149999618530273,866320,0.0,0.0
2023-08-09 12:00:00+08:00,14.149999618530273,14.199999809265137,14.050000190734863,14.100000381469727,853068,0.0,0.0
2023-08-09 13:00:00+08:00,14.149999618530273,14.149999618530273,14.050000190734863,14.100000381469727,436402,0.0,0.0
2023-08-10 09:00:00+08:00,14.100000381469727,14.149999618530273,13.75,13.850000381469727,1693433,0.0,0.0
2023-08-10 10:00:00+08:00,13.899999618530273,14.0,13.800000190734863,13.800000190734863,400188,0.0,0.0
2023-08-10 11:00:00+08:00,13.800000190734863,13.850000381469727,13.800000190734863,13.800000190734863,227319,0.0,0.0
2023-08-10 12:00:00+08:00,13.800000190734863,13.850000381469727,13.649999618530273,13.699999809265137,711288,0.0,0.0
2023-08-10 13:00:00+08:00,13.699999809265137,13.75,13.649999618530273,13.699999809265137,277015,0.0,0.0
2023-08-11 09:00:00+08:00,13.550000190734863,13.800000190734863,13.550000190734863,13.649999618530273,0,0.0,0.0
2023-08-11 10:00:00+08:00,13.600000381469727,13.649999618530273,13.5,13.5,758333,0.0,0.0
2023-08-11 11:00:00+08:00,13.5,13.600000381469727,13.449999809265137,13.449999809265137,366243,0.0,0.0
2023-08-11 12:00:00+08:00,13.449999809265137,13.449999809265137,13.350000381469727,13.399999618530273,664554,0.0,0.0
2023-08-11 13:00:00+08:00,13.399999618530273,13.449999809265137,13.350000381469727,13.350000381469727,618110,0.0,0.0
2023-08-14 09:00:00+08:00,13.399999618530273,13.399999618530273,13.0,13.0,0,0.0,0.0
2023-08-14 10:00:00+08:00,13.0,13.0,12.899999618530273,12.899999618530273,512298,0.0,0.0
2023-08-14 11:00:00+08:00,12.899999618530273,12.949999809265137,12.800000190734863,12.899999618530273,629275,0.0,0.0
2023-08-14 12:00:00+08:00,12.899999618530273,12.949999809265137,12.850000381469727,12.899999618530273,264442,0.0,0.0
2023-08-14 13:00:00+08:00,12.850000381469727,12.899999618530273,12.800000190734863,12.850000381469727,215458,0.0,0.0
2023-08-15 09:00:00+08:00,13.100000381469727,13.25,13.0,13.199999809265137,861437,0.0,0.0
2023-08-15 10:00:00+08:00,13.199999809265137,13.25,13.100000381469727,13.100000381469727,380621,0.0,0.0
2023-08-15 11:00:00+08:00,13.100000381469727,13.199999809265137,13.100000381469727,13.100000381469727,193110,0.0,0.0
2023-08-15 12:00:00+08:00,13.199999809265137,13.199999809265137,13.100000381469727,13.149999618530273,364303,0.0,0.0
2023-08-15 13:00:00+08:00,13.149999618530273,13.149999618530273,13.050000190734863,13.100000381469727,119184,0.0,0.0
2023-08-16 09:00:00+08:00,13.0,13.0,12.75,12.899999618530273,571182,0.0,0.0
2023-08-16 10:00:00+08:00,12.899999618530273,13.149999618530273,12.850000381469727,12.899999618530273,340980,0.0,0.0
2023-08-16 11:00:00+08:00,13.0,13.050000190734863,13.0,13.0,119459,0.0,0.0
2023-08-16 12:00:00+08:00,13.050000190734863,13.100000381469727,13.0,13.050000190734863,148614,0.0,0.0
2023-08-16 13:00:00+08:00,13.0,13.050000190734863,12.899999618530273,12.899999618530273,148250,0.0,0.0
2023-08-17 09:00:00+08:00,12.850000381469727,13.350000381469727,12.75,13.350000381469727,1213132,0.0,0.0
2023-08-17 10:00:00+08:00,13.350000381469727,13.399999618530273,13.25,13.399999618530273,815354,0.0,0.0
2023-08-17 11:00:00+08:00,13.399999618530273,13.449999809265137,13.25,13.350000381469727,606094,0.0,0.0
2023-08-17 12:00:00+08:00,13.350000381469727,13.649999618530273,13.300000190734863,13.649999618530273,1633469,0.0,0.0
2023-08-17 13:00:00+08:00,13.649999618530273,13.649999618530273,13.5,13.550000190734863,546400,0.0,0.0
2023-08-18 09:00:00+08:00,13.550000190734863,13.800000190734863,13.449999809265137,13.550000190734863,1414091,0.0,0.0
2023-08-18 10:00:00+08:00,13.600000381469727,13.649999618530273,13.350000381469727,13.449999809265137,683809,0.0,0.0
2023-08-18 11:00:00+08:00,13.449999809265137,13.5,13.350000381469727,13.350000381469727,262358,0.0,0.0
2023-08-18 12:00:00+08:00,13.350000381469727,13.399999618530273,13.199999809265137,13.300000190734863,910631,0.0,0.0
2023-08-18 13:00:00+08:00,13.300000190734863,13.350000381469727,13.25,13.300000190734863,236815,0.0,0.0
2023-08-21 09:00:00+08:00,13.25,13.350000381469727,13.100000381469727,13.199999809265137,0,0.0,0.0
2023-08-21 10:00:00+08:00,13.199999809265137,13.399999618530273,13.199999809265137,13.350000381469727,318171,0.0,0.0
2023-08-21 11:00:00+08:00,13.350000381469727,13.399999618530273,13.25,13.350000381469727,301117,0.0,0.0
2023-08-21 12:00:00+08:00,13.350000381469727,13.449999809265137,13.25,13.300000190734863,333303,0.0,0.0
2023-08-21 13:00:00+08:00,13.300000190734863,13.350000381469727,13.25,13.25,171020,0.0,0.0
2023-08-22 09:00:00+08:00,13.399999618530273,13.449999809265137,13.149999618530273,13.149999618530273,441485,0.0,0.0
2023-08-22 10:00:00+08:00,13.149999618530273,13.199999809265137,13.100000381469727,13.100000381469727,347617,0.0,0.0
2023-08-22 11:00:00+08:00,13.100000381469727,13.199999809265137,13.100000381469727,13.149999618530273,217381,0.0,0.0
2023-08-22 12:00:00+08:00,13.149999618530273,13.199999809265137,13.100000381469727,13.100000381469727,194528,0.0,0.0
2023-08-22 13:00:00+08:00,13.149999618530273,13.149999618530273,13.050000190734863,13.050000190734863,317557,0.0,0.0
2023-08-23 09:00:00+08:00,13.100000381469727,13.350000381469727,13.100000381469727,13.300000190734863,0,0.0,0.0
2023-08-23 10:00:00+08:00,13.300000190734863,13.399999618530273,13.300000190734863,13.300000190734863,215408,0.0,0.0
2023-08-23 11:00:00+08:00,13.300000190734863,13.300000190734863,13.199999809265137,13.25,161555,0.0,0.0
2023-08-23 12:00:00+08:00,13.25,13.300000190734863,13.199999809265137,13.25,216424,0.0,0.0
2023-08-23 13:00:00+08:00,13.25,13.300000190734863,13.25,13.25,95651,0.0,0.0
2023-08-24 09:00:00+08:00,13.449999809265137,13.550000190734863,13.399999618530273,13.449999809265137,0,0.0,0.0
2023-08-24 10:00:00+08:00,13.5,13.550000190734863,13.399999618530273,13.449999809265137,393544,0.0,0.0
2023-08-24 11:00:00+08:00,13.449999809265137,13.5,13.350000381469727,13.350000381469727,256638,0.0,0.0
2023-08-24 12:00:00+08:00,13.350000381469727,13.449999809265137,13.350000381469727,13.399999618530273,341894,0.0,0.0
2023-08-24 13:00:00+08:00,13.399999618530273,13.449999809265137,13.350000381469727,13.449999809265137,449261,0.0,0.0
2023-08-25 09:00:00+08:00,13.0,13.199999809265137,12.949999809265137,13.199999809265137,539461,0.0,0.0
2023-08-25 10:00:00+08:00,13.199999809265137,13.25,13.199999809265137,13.25,193702,0.0,0.0
2023-08-25 11:00:00+08:00,13.149999618530273,13.25,13.149999618530273,13.199999809265137,181996,0.0,0.0
2023-08-25 12:00:00+08:00,13.199999809265137,13.300000190734863,13.199999809265137,13.199999809265137,245370,0.0,0.0
2023-08-25 13:00:00+08:00,13.199999809265137,13.25,13.100000381469727,13.149999618530273,197270,0.0,0.0
2023-08-28 09:00:00+08:00,13.149999618530273,13.25,12.899999618530273,12.949999809265137,0,0.0,0.0
2023-08-28 10:00:00+08:00,12.949999809265137,13.050000190734863,12.899999618530273,13.0,184689,0.0,0.0
2023-08-28 11:00:00+08:00,12.949999809265137,12.949999809265137,12.850000381469727,12.899999618530273,479270,0.0,0.0
2023-08-28 12:00:00+08:00,12.850000381469727,12.899999618530273,12.800000190734863,12.850000381469727,519412,0.0,0.0
2023-08-28 13:00:00+08:00,12.850000381469727,12.899999618530273,12.800000190734863,12.850000381469727,260405,0.0,0.0
2023-08-29 09:00:00+08:00,12.949999809265137,13.100000381469727,12.899999618530273,12.949999809265137,394732,0.0,0.0
2023-08-29 10:00:00+08:00,12.949999809265137,13.0,12.949999809265137,12.949999809265137,75330,0.0,0.0
2023-08-29 11:00:00+08:00,12.949999809265137,13.100000381469727,12.899999618530273,12.949999809265137,327229,0.0,0.0
2023-08-29 12:00:00+08:00,12.949999809265137,13.100000381469727,12.899999618530273,13.100000381469727,284210,0.0,0.0
2023-08-29 13:00:00+08:00,13.050000190734863,13.100000381469727,12.949999809265137,13.0,234384,0.0,0.0
2023-08-30 09:00:00+08:00,13.199999809265137,13.5,13.100000381469727,13.449999809265137,2657441,0.0,0.0
2023-08-30 10:00:00+08:00,13.449999809265137,13.600000381469727,13.350000381469727,13.5,907047,0.0,0.0
2023-08-30 11:00:00+08:00,13.449999809265137,13.550000190734863,13.399999618530273,13.5,491240,0.0,0.0
2023-08-30 12:00:00+08:00,13.5,13.550000190734863,13.449999809265137,13.5,377809,0.0,0.0
2023-08-30 13:00:00+08:00,13.5,13.550000190734863,13.5,13.550000190734863,349014,0.0,0.0
2023-08-31 09:00:00+08:00,13.649999618530273,13.649999618530273,13.449999809265137,13.449999809265137,0,0.0,0.0
2023-08-31 10:00:00+08:00,13.449999809265137,13.5,13.350000381469727,13.449999809265137,274570,0.0,0.0
2023-08-31 11:00:00+08:00,13.449999809265137,13.5,13.350000381469727,13.350000381469727,219127,0.0,0.0
2023-08-31 12:00:00+08:00,13.350000381469727,13.449999809265137,13.350000381469727,13.350000381469727,255785,0.0,0.0
2023-08-31 13:00:00+08:00,13.350000381469727,13.399999618530273,13.300000190734863,13.300000190734863,275580,0.0,0.0
2023-09-01 09:00:00+08:00,13.449999809265137,14.25,13.350000381469727,14.100000381469727,954343,0.0,0.0
2023-09-01 10:00:00+08:00,14.149999618530273,14.199999809265137,13.850000381469727,13.949999809265137,1524756,0.0,0.0
2023-09-01 11:00:00+08:00,13.949999809265137,14.199999809265137,13.949999809265137,14.0,1590117,0.0,0.0
2023-09-01 12:00:00+08:00,14.0,14.050000190734863,13.899999618530273,14.0,580268,0.0,0.0
2023-09-01 13:00:00+08:00,14.0,14.050000190734863,13.949999809265137,13.949999809265137,466473,0.0,0.0
2023-09-04 09:00:00+08:00,14.149999618530273,14.350000381469727,14.100000381469727,14.199999809265137,0,0.0,0.0
2023-09-04 10:00:00+08:00,14.199999809265137,14.350000381469727,14.149999618530273,14.149999618530273,977540,0.0,0.0
2023-09-04 11:00:00+08:00,14.149999618530273,14.25,14.149999618530273,14.199999809265137,300292,0.0,0.0
2023-09-04 12:00:00+08:00,14.199999809265137,14.199999809265137,14.100000381469727,14.149999618530273,543750,0.0,0.0
2023-09-04 13:00:00+08:00,14.100000381469727,14.199999809265137,14.100000381469727,14.100000381469727,308810,0.0,0.0
2023-09-05 09:00:00+08:00,13.899999618530273,14.25,13.850000381469727,14.149999618530273,0,0.0,0.0
2023-09-05 10:00:00+08:00,14.149999618530273,14.350000381469727,14.149999618530273,14.25,1350901,0.0,0.0
2023-09-05 11:00:00+08:00,14.199999809265137,14.199999809265137,14.100000381469727,14.149999618530273,461682,0.0,0.0
2023-09-05 12:00:00+08:00,14.149999618530273,14.350000381469727,14.149999618530273,14.25,749963,0.0,0.0
2023-09-05 13:00:00+08:00,14.25,14.300000190734863,14.199999809265137,14.25,245704,0.0,0.0
2023-09-06 09:00:00+08:00,14.300000190734863,14.899999618530273,14.25,14.649999618530273,0,0.0,0.0
2023-09-06 10:00:00+08:00,14.699999809265137,14.699999809265137,14.550000190734863,14.649999618530273,588617,0.0,0.0
2023-09-06 11:00:00+08:00,14.649999618530273,14.649999618530273,14.5,14.5,369729,0.0,0.0
2023-09-06 12:00:00+08:00,14.550000190734863,14.649999618530273,14.449999809265137,14.5,666926,0.0,0.0
2023-09-06 13:00:00+08:00,14.5,14.600000381469727,14.449999809265137,14.550000190734863,460238,0.0,0.0
2023-09-07 09:00:00+08:00,14.449999809265137,14.600000381469727,14.25,14.300000190734863,0,0.0,0.0
2023-09-07 10:00:00+08:00,14.350000381469727,14.350000381469727,14.149999618530273,14.199999809265137,707011,0.0,0.0
2023-09-07 11:00:00+08:00,14.149999618530273,14.25,14.149999618530273,14.149999618530273,327954,0.0,0.0
2023-09-07 12:00:00+08:00,14.100000381469727,14.149999618530273,14.0,14.050000190734863,1079774,0.0,0.0
2023-09-07 13:00:00+08:00,14.0,14.100000381469727,14.0,14.050000190734863,455186,0.0,0.0
2023-09-08 09:00:00+08:00,13.899999618530273,14.100000381469727,13.850000381469727,13.949999809265137,0,0.0,0.0
2023-09-08 10:00:00+08:00,14.0,14.199999809265137,14.0,14.149999618530273,361036,0.0,0.0
2023-09-08 11:00:00+08:00,14.100000381469727,14.149999618530273,14.0,14.050000190734863,230070,0.0,0.0
2023-09-08 12:00:00+08:00,14.050000190734863,14.149999618530273,14.0,14.050000190734863,493312,0.0,0.0
2023-09-08 13:00:00+08:00,14.050000190734863,14.100000381469727,13.949999809265137,14.0,177901,0.0,0.0
2023-09-11 09:00:00+08:00,14.0,14.100000381469727,13.600000381469727,14.0,0,0.0,0.0
2023-09-11 10:00:00+08:00,13.949999809265137,13.949999809265137,13.649999618530273,13.75,743188,0.0,0.0
2023-09-11 11:00:00+08:00,13.699999809265137,13.850000381469727,13.649999618530273,13.800000190734863,594321,0.0,0.0
2023-09-11 12:00:00+08:00,13.800000190734863,13.800000190734863,13.699999809265137,13.75,187082,0.0,0.0
2023-09-11 13:00:00+08:00,13.699999809265137,13.800000190734863,13.649999618530273,13.75,281000,0.0,0.0
2023-09-12 09:00:00+08:00,13.75,13.850000381469727,13.699999809265137,13.75,0,0.0,0.0
2023-09-12 10:00:00+08:00,13.75,14.0,13.75,13.850000381469727,341938,0.0,0.0
2023-09-12 11:00:00+08:00,13.850000381469727,13.850000381469727,13.75,13.800000190734863,260833,0.0,0.0
2023-09-12 12:00:00+08:00,13.75,13.899999618530273,13.649999618530273,13.800000190734863,409683,0.0,0.0
2023-09-12 13:00:00+08:00,13.699999809265137,13.800000190734863,13.649999618530273,13.699999809265137,157450,0.0,0.0
2023-09-13 09:00:00+08:00,13.649999618530273,13.800000190734863,13.649999618530273,13.75,0,0.0,0.0
2023-09-13 10:00:00+08:00,13.75,13.800000190734863,13.699999809265137,13.699999809265137,133270,0.0,0.0
2023-09-13 11:00:00+08:00,13.699999809265137,13.800000190734863,13.600000381469727,13.699999809265137,410447,0.0,0.0
2023-09-13 12:00:00+08:00,13.649999618530273,13.699999809265137,13.600000381469727,13.649999618530273,132922,0.0,0.0
2023-09-13 13:00:00+08:00,13.649999618530273,13.649999618530273,13.600000381469727,13.649999618530273,108049,0.0,0.0
2023-09-14 09:00:00+08:00,13.75,13.949999809265137,13.75,13.850000381469727,0,0.0,0.0
2023-09-14 10:00:00+08:00,13.850000381469727,13.899999618530273,13.800000190734863,13.800000190734863,283479,0.0,0.0
2023-09-14 11:00:00+08:00,13.800000190734863,13.899999618530273,13.75,13.800000190734863,299534,0.0,0.0
2023-09-14 12:00:00+08:00,13.800000190734863,13.850000381469727,13.800000190734863,13.800000190734863,95840,0.0,0.0
2023-09-14 13:00:00+08:00,13.800000190734863,13.850000381469727,13.800000190734863,13.850000381469727,108916,0.0,0.0
2023-09-15 09:00:00+08:00,13.949999809265137,14.050000190734863,13.850000381469727,13.949999809265137,0,0.0,0.0
2023-09-15 10:00:00+08:00,13.899999618530273,13.949999809265137,13.850000381469727,13.850000381469727,185674,0.0,0.0
2023-09-15 11:00:00+08:00,13.850000381469727,13.899999618530273,13.800000190734863,13.800000190734863,335336,0.0,0.0
2023-09-15 12:00:00+08:00,13.899999618530273,13.949999809265137,13.800000190734863,13.800000190734863,354055,0.0,0.0
2023-09-15 13:00:00+08:00,13.850000381469727,13.850000381469727,13.75,13.800000190734863,266468,0.0,0.0
2023-09-18 09:00:00+08:00,13.75,14.600000381469727,13.75,14.449999809265137,1253594,0.0,0.0
2023-09-18 10:00:00+08:00,14.449999809265137,14.600000381469727,14.399999618530273,14.449999809265137,1020335,0.0,0.0
2023-09-18 11:00:00+08:00,14.449999809265137,14.550000190734863,14.399999618530273,14.449999809265137,950061,0.0,0.0
2023-09-18 12:00:00+08:00,14.449999809265137,14.5,14.449999809265137,14.5,613526,0.0,0.0
2023-09-18 13:00:00+08:00,14.5,14.699999809265137,14.5,14.699999809265137,2360644,0.0,0.0
2023-09-19 09:00:00+08:00,14.899999618530273,15.699999809265137,14.649999618530273,15.149999618530273,15163639,0.0,0.0
2023-09-19 10:00:00+08:00,15.149999618530273,15.300000190734863,15.100000381469727,15.199999809265137,2176884,0.0,0.0
2023-09-19 11:00:00+08:00,15.25,15.399999618530273,15.149999618530273,15.149999618530273,1598878,0.0,0.0
2023-09-19 12:00:00+08:00,15.149999618530273,15.25,15.100000381469727,15.199999809265137,1416116,0.0,0.0
2023-09-19 13:00:00+08:00,15.199999809265137,15.199999809265137,15.100000381469727,15.149999618530273,1415537,0.0,0.0
2023-09-20 09:00:00+08:00,15.199999809265137,15.25,14.800000190734863,15.050000190734863,0,0.0,0.0
2023-09-20 10:00:00+08:00,15.050000190734863,15.050000190734863,14.850000381469727,14.850000381469727,746148,0.0,0.0
2023-09-20 11:00:00+08:00,14.850000381469727,15.050000190734863,14.75,14.899999618530273,1200568,0.0,0.0
2023-09-20 12:00:00+08:00,14.899999618530273,15.050000190734863,14.850000381469727,14.850000381469727,700350,0.0,0.0
2023-09-20 13:00:00+08:00,14.899999618530273,14.949999809265137,14.800000190734863,14.850000381469727,540735,0.0,0.0
2023-09-21 09:00:00+08:00,14.899999618530273,15.25,14.850000381469727,14.850000381469727,0,0.0,0.0
2023-09-21 10:00:00+08:00,14.850000381469727,15.199999809265137,14.699999809265137,15.050000190734863,1821129,0.0,0.0
2023-09-21 11:00:00+08:00,15.050000190734863,15.199999809265137,15.0,15.100000381469727,1128994,0.0,0.0
2023-09-21 12:00:00+08:00,15.100000381469727,15.149999618530273,15.050000190734863,15.100000381469727,686355,0.0,0.0
2023-09-21 13:00:00+08:00,15.100000381469727,15.449999809265137,15.100000381469727,15.399999618530273,4570311,0.0,0.0
2023-09-22 09:00:00+08:00,15.399999618530273,15.649999618530273,15.050000190734863,15.25,0,0.0,0.0
2023-09-22 10:00:00+08:00,15.25,15.300000190734863,15.100000381469727,15.149999618530273,667148,0.0,0.0
2023-09-22 11:00:00+08:00,15.149999618530273,15.25,15.100000381469727,15.149999618530273,628917,0.0,0.0
2023-09-22 12:00:00+08:00,15.149999618530273,15.300000190734863,15.050000190734863,15.199999809265137,1247079,0.0,0.0
2023-09-22 13:00:00+08:00,15.25,15.300000190734863,15.100000381469727,15.199999809265137,1041609,0.0,0.0
2023-09-25 09:00:00+08:00,15.25,16.0,15.100000381469727,15.949999809265137,0,0.0,0.0
2023-09-25 10:00:00+08:00,15.949999809265137,16.75,15.850000381469727,16.700000762939453,22821321,0.0,0.0
2023-09-25 11:00:00+08:00,16.700000762939453,16.75,16.450000762939453,16.5,4300734,0.0,0.0
2023-09-25 12:00:00+08:00,16.5,16.549999237060547,16.200000762939453,16.299999237060547,4578450,0.0,0.0
2023-09-25 13:00:00+08:00,16.299999237060547,16.399999618530273,16.299999237060547,16.399999618530273,1638968,0.0,0.0
2023-09-26 09:00:00+08:00,16.799999237060547,17.299999237060547,15.800000190734863,16.299999237060547,9481278,0.0,0.0
2023-09-26 10:00:00+08:00,16.350000381469727,16.399999618530273,15.850000381469727,16.049999237060547,4482561,0.0,0.0
2023-09-26 11:00:00+08:00,16.049999237060547,16.299999237060547,15.899999618530273,16.0,2333148,0.0,0.0
2023-09-26 12:00:00+08:00,16.0,16.100000381469727,15.600000381469727,15.800000190734863,5969273,0.0,0.0
2023-09-26 13:00:00+08:00,15.800000190734863,15.800000190734863,15.149999618530273,15.350000381469727,6682043,0.0,0.0
2023-09-27 09:00:00+08:00,15.449999809265137,15.75,15.100000381469727,15.300000190734863,0,0.0,0.0
2023-09-27 10:00:00+08:00,15.300000190734863,15.600000381469727,15.300000190734863,15.5,2451392,0.0,0.0
2023-09-27 11:00:00+08:00,15.5,15.75,15.449999809265137,15.649999618530273,2588706,0.0,0.0
2023-09-27 12:00:00+08:00,15.600000381469727,16.0,15.600000381469727,15.949999809265137,5201643,0.0,0.0
2023-09-27 13:00:00+08:00,15.949999809265137,16.299999237060547,15.850000381469727,16.25,5670932,0.0,0.0
2023-09-28 09:00:00+08:00,16.600000381469727,16.850000381469727,16.25,16.600000381469727,0,0.0,0.0
2023-09-28 10:00:00+08:00,16.600000381469727,16.899999618530273,16.450000762939453,16.5,6153732,0.0,0.0
2023-09-28 11:00:00+08:00,16.5,16.700000762939453,16.399999618530273,16.600000381469727,2735883,0.0,0.0
2023-09-28 12:00:00+08:00,16.600000381469727,16.600000381469727,16.450000762939453,16.600000381469727,1843634,0.0,0.0
2023-09-28 13:00:00+08:00,16.600000381469727,16.600000381469727,16.450000762939453,16.549999237060547,1874248,0.0,0.0
2023-10-02 09:00:00+08:00,16.700000762939453,18.100000381469727,16.600000381469727,17.950000762939453,5732547,0.0,0.0
2023-10-02 10:00:00+08:00,17.950000762939453,18.100000381469727,17.799999237060547,17.850000381469727,8297831,0.0,0.0
2023-10-02 11:00:00+08:00,17.850000381469727,18.149999618530273,17.700000762939453,18.100000381469727,10997191,0.0,0.0
2023-10-02 12:00:00+08:00,18.100000381469727,18.149999618530273,18.0,18.100000381469727,5613153,0.0,0.0
2023-10-02 13:00:00+08:00,18.100000381469727,18.149999618530273,18.100000381469727,18.149999618530273,10727714,0.0,0.0
2023-10-03 09:00:00+08:00,18.200000762939453,18.75,17.950000762939453,18.399999618530273,0,0.0,0.0
2023-10-03 10:00:00+08:00,18.450000762939453,18.450000762939453,18.049999237060547,18.100000381469727,7187870,0.0,0.0
2023-10-03 11:00:00+08:00,18.100000381469727,18.450000762939453,18.049999237060547,18.299999237060547,4785681,0.0,0.0
2023-10-03 12:00:00+08:00,18.350000381469727,18.649999618530273,18.200000762939453,18.299999237060547,7756419,0.0,0.0
2023-10-03 13:00:00+08:00,18.299999237060547,18.350000381469727,18.100000381469727,18.100000381469727,5687766,0.0,0.0
2023-10-04 09:00:00+08:00,17.950000762939453,18.0,17.5,17.899999618530273,0,0.0,0.0
2023-10-04 10:00:00+08:00,17.899999618530273,17.950000762939453,17.700000762939453,17.799999237060547,2501660,0.0,0.0
2023-10-04 11:00:00+08:00,17.850000381469727,18.100000381469727,17.799999237060547,17.850000381469727,3930404,0.0,0.0
2023-10-04 12:00:00+08:00,17.850000381469727,18.0,17.799999237060547,17.950000762939453,3354021,0.0,0.0
2023-10-04 13:00:00+08:00,17.950000762939453,18.100000381469727,17.799999237060547,18.049999237060547,3719325,0.0,0.0
2023-10-05 09:00:00+08:00,18.100000381469727,19.399999618530273,17.899999618530273,18.899999618530273,10547749,0.0,0.0
2023-10-05 10:00:00+08:00,18.950000762939453,18.950000762939453,18.149999618530273,18.350000381469727,15692760,0.0,0.0
2023-10-05 11:00:00+08:00,18.299999237060547,18.5,18.149999618530273,18.200000762939453,4546693,0.0,0.0
2023-10-05 12:00:00+08:00,18.200000762939453,18.200000762939453,17.850000381469727,18.149999618530273,6392564,0.0,0.0
2023-10-05 13:00:00+08:00,18.100000381469727,18.25,18.049999237060547,18.100000381469727,4271115,0.0,0.0
2023-10-06 09:00:00+08:00,18.299999237060547,18.799999237060547,18.0,18.25,0,0.0,0.0
2023-10-06 10:00:00+08:00,18.25,18.299999237060547,18.149999618530273,18.200000762939453,1245979,0.0,0.0
2023-10-06 11:00:00+08:00,18.25,18.25,18.049999237060547,18.25,2983795,0.0,0.0
2023-10-06 12:00:00+08:00,18.25,18.299999237060547,18.0,18.049999237060547,3687926,0.0,0.0
2023-10-06 13:00:00+08:00,18.100000381469727,18.100000381469727,18.0,18.049999237060547,2399598,0.0,0.0
2023-10-11 09:00:00+08:00,18.200000762939453,18.25,17.399999618530273,17.850000381469727,0,0.0,0.0
2023-10-11 10:00:00+08:00,17.850000381469727,17.899999618530273,17.5,17.549999237060547,3267713,0.0,0.0
2023-10-11 11:00:00+08:00,17.549999237060547,17.799999237060547,17.5,17.649999618530273,1931082,0.0,0.0
2023-10-11 12:00:00+08:00,17.649999618530273,17.649999618530273,17.299999237060547,17.450000762939453,3610202,0.0,0.0
2023-10-11 13:00:00+08:00,17.450000762939453,17.600000381469727,17.299999237060547,17.399999618530273,2890690,0.0,0.0
2023-10-12 09:00:00+08:00,17.700000762939453,18.0,17.600000381469727,17.700000762939453,6384458,0.0,0.0
2023-10-12 10:00:00+08:00,17.700000762939453,17.75,17.25,17.399999618530273,5480910,0.0,0.0
2023-10-12 11:00:00+08:00,17.399999618530273,17.450000762939453,17.200000762939453,17.350000381469727,2625636,0.0,0.0
2023-10-12 12:00:00+08:00,17.350000381469727,17.399999618530273,17.200000762939453,17.399999618530273,1972010,0.0,0.0
2023-10-12 13:00:00+08:00,17.399999618530273,17.450000762939453,17.299999237060547,17.399999618530273,1635139,0.0,0.0
2023-10-13 09:00:00+08:00,17.299999237060547,18.25,17.299999237060547,17.899999618530273,0,0.0,0.0
2023-10-13 10:00:00+08:00,17.899999618530273,17.899999618530273,17.5,17.600000381469727,4517515,0.0,0.0
2023-10-13 11:00:00+08:00,17.600000381469727,17.600000381469727,17.399999618530273,17.5,2291381,0.0,0.0
2023-10-13 12:00:00+08:00,17.5,18.100000381469727,17.399999618530273,18.0,4434035,0.0,0.0
2023-10-13 13:00:00+08:00,17.950000762939453,18.0,17.75,17.799999237060547,2182326,0.0,0.0
2023-10-16 09:00:00+08:00,17.649999618530273,18.399999618530273,17.600000381469727,17.850000381469727,0,0.0,0.0
2023-10-16 10:00:00+08:00,17.850000381469727,18.149999618530273,17.600000381469727,18.049999237060547,4881909,0.0,0.0
2023-10-16 11:00:00+08:00,18.049999237060547,18.049999237060547,17.850000381469727,17.899999618530273,959162,0.0,0.0
2023-10-16 12:00:00+08:00,17.899999618530273,17.950000762939453,17.799999237060547,17.899999618530273,748281,0.0,0.0
2023-10-16 13:00:00+08:00,17.850000381469727,18.0,17.75,18.0,2257538,0.0,0.0
2023-10-17 09:00:00+08:00,18.049999237060547,18.049999237060547,17.649999618530273,17.649999618530273,0,0.0,0.0
2023-10-17 10:00:00+08:00,17.700000762939453,17.700000762939453,17.200000762939453,17.25,6573201,0.0,0.0
2023-10-17 11:00:00+08:00,17.299999237060547,17.350000381469727,16.950000762939453,17.299999237060547,4818940,0.0,0.0
2023-10-17 12:00:00+08:00,17.25,17.25,17.0,17.100000381469727,2019035,0.0,0.0
2023-10-17 13:00:00+08:00,17.100000381469727,17.149999618530273,17.0,17.049999237060547,1767307,0.0,0.0
2023-10-18 09:00:00+08:00,17.100000381469727,17.100000381469727,15.649999618530273,15.699999809265137,0,0.0,0.0
2023-10-18 10:00:00+08:00,15.75,15.899999618530273,15.300000190734863,15.350000381469727,9823956,0.0,0.0
2023-10-18 11:00:00+08:00,15.350000381469727,15.399999618530273,15.300000190734863,15.300000190734863,3860359,0.0,0.0
2023-10-18 12:00:00+08:00,15.300000190734863,15.449999809265137,15.300000190734863,15.350000381469727,4016731,0.0,0.0
2023-10-18 13:00:00+08:00,15.300000190734863,15.350000381469727,15.300000190734863,15.350000381469727,1573467,0.0,0.0
2023-10-19 09:00:00+08:00,15.350000381469727,15.649999618530273,15.149999618530273,15.449999809265137,0,0.0,0.0
2023-10-19 10:00:00+08:00,15.449999809265137,15.5,15.300000190734863,15.300000190734863,1536772,0.0,0.0
2023-10-19 11:00:00+08:00,15.300000190734863,15.350000381469727,15.199999809265137,15.199999809265137,1296245,0.0,0.0
2023-10-19 12:00:00+08:00,15.199999809265137,15.300000190734863,15.149999618530273,15.300000190734863,1206343,0.0,0.0
2023-10-19 13:00:00+08:00,15.25,15.449999809265137,15.25,15.350000381469727,1304495,0.0,0.0
2023-10-20 09:00:00+08:00,15.199999809265137,15.199999809265137,14.699999809265137,14.949999809265137,0,0.0,0.0
2023-10-20 10:00:00+08:00,14.949999809265137,15.300000190734863,14.899999618530273,15.25,1368242,0.0,0.0
2023-10-20 11:00:00+08:00,15.25,15.399999618530273,15.25,15.350000381469727,1076394,0.0,0.0
2023-10-20 12:00:00+08:00,15.350000381469727,15.449999809265137,15.25,15.350000381469727,757783,0.0,0.0
2023-10-20 13:00:00+08:00,15.350000381469727,15.399999618530273,15.25,15.350000381469727,762971,0.0,0.0
2023-10-23 09:00:00+08:00,15.199999809265137,15.649999618530273,15.149999618530273,15.5,0,0.0,0.0
2023-10-23 10:00:00+08:00,15.449999809265137,15.649999618530273,15.449999809265137,15.550000190734863,1417337,0.0,0.0
2023-10-23 11:00:00+08:00,15.550000190734863,15.699999809265137,15.5,15.550000190734863,908835,0.0,0.0
2023-10-23 12:00:00+08:00,15.550000190734863,15.649999618530273,15.5,15.550000190734863,493093,0.0,0.0
2023-10-23 13:00:00+08:00,15.550000190734863,15.600000381469727,15.449999809265137,15.5,641421,0.0,0.0
2023-10-24 09:00:00+08:00,15.5,15.899999618530273,15.5,15.899999618530273,4458271,0.0,0.0
2023-10-24 10:00:00+08:00,15.899999618530273,16.149999618530273,15.800000190734863,16.0,3837102,0.0,0.0
2023-10-24 11:00:00+08:00,16.0,16.0,15.800000190734863,15.949999809265137,1291263,0.0,0.0
2023-10-24 12:00:00+08:00,15.899999618530273,16.0,15.899999618530273,15.949999809265137,869520,0.0,0.0
2023-10-24 13:00:00+08:00,15.949999809265137,16.049999237060547,15.75,16.0,1926342,0.0,0.0
2023-10-25 09:00:00+08:00,16.0,16.200000762939453,15.899999618530273,16.049999237060547,0,0.0,0.0
2023-10-25 10:00:00+08:00,16.100000381469727,17.049999237060547,16.0,16.75,9387009,0.0,0.0
2023-10-25 11:00:00+08:00,16.75,17.100000381469727,16.700000762939453,16.799999237060547,3812964,0.0,0.0
2023-10-25 12:00:00+08:00,16.799999237060547,17.5,16.75,17.100000381469727,8108693,0.0,0.0
2023-10-25 13:00:00+08:00,17.100000381469727,17.149999618530273,16.950000762939453,17.0,1628113,0.0,0.0
2023-10-26 09:00:00+08:00,16.799999237060547,17.399999618530273,16.649999618530273,17.350000381469727,0,0.0,0.0
2023-10-26 10:00:00+08:00,17.350000381469727,17.450000762939453,17.100000381469727,17.200000762939453,3631702,0.0,0.0
2023-10-26 11:00:00+08:00,17.200000762939453,17.25,16.850000381469727,17.0,3194362,0.0,0.0
2023-10-26 12:00:00+08:00,17.0,17.200000762939453,16.899999618530273,17.0,1609990,0.0,0.0
2023-10-26 13:00:00+08:00,17.0,17.049999237060547,16.799999237060547,16.850000381469727,1780370,0.0,0.0
2023-10-27 09:00:00+08:00,16.899999618530273,17.350000381469727,16.75,16.799999237060547,0,0.0,0.0
2023-10-27 10:00:00+08:00,16.799999237060547,16.950000762939453,16.700000762939453,16.799999237060547,1826476,0.0,0.0
2023-10-27 11:00:00+08:00,16.850000381469727,16.850000381469727,16.649999618530273,16.75,1256016,0.0,0.0
2023-10-27 12:00:00+08:00,16.75,16.75,16.600000381469727,16.649999618530273,1602931,0.0,0.0
2023-10-27 13:00:00+08:00,16.649999618530273,16.649999618530273,16.399999618530273,16.450000762939453,2178370,0.0,0.0
2023-10-30 09:00:00+08:00,16.549999237060547,16.75,16.25,16.5,0,0.0,0.0
2023-10-30 10:00:00+08:00,16.5,17.350000381469727,16.5,17.200000762939453,10231692,0.0,0.0
2023-10-30 11:00:00+08:00,17.200000762939453,17.299999237060547,17.049999237060547,17.25,1907787,0.0,0.0
2023-10-30 12:00:00+08:00,17.200000762939453,17.549999237060547,17.200000762939453,17.25,6778266,0.0,0.0
2023-10-30 13:00:00+08:00,17.25,17.25,17.049999237060547,17.100000381469727,1550055,0.0,0.0
2023-10-31 09:00:00+08:00,17.100000381469727,17.75,17.100000381469727,17.399999618530273,0,0.0,0.0
2023-10-31 10:00:00+08:00,17.399999618530273,17.649999618530273,17.100000381469727,17.200000762939453,5167043,0.0,0.0
2023-10-31 11:00:00+08:00,17.200000762939453,17.299999237060547,16.899999618530273,16.950000762939453,2869891,0.0,0.0
2023-10-31 12:00:00+08:00,16.899999618530273,17.100000381469727,16.850000381469727,17.0,2813888,0.0,0.0
2023-10-31 13:00:00+08:00,16.950000762939453,17.0,16.75,16.799999237060547,2006546,0.0,0.0
2023-11-01 09:00:00+08:00,17.0,17.200000762939453,15.399999618530273,15.850000381469727,0,0.0,0.0
2023-11-01 10:00:00+08:00,15.800000190734863,16.0,15.600000381469727,15.850000381469727,4157452,0.0,0.0
2023-11-01 11:00:00+08:00,15.800000190734863,16.600000381469727,15.75,16.399999618530273,6007789,0.0,0.0
2023-11-01 12:00:00+08:00,16.450000762939453,16.950000762939453,16.399999618530273,16.75,4680420,0.0,0.0
2023-11-01 13:00:00+08:00,16.700000762939453,16.899999618530273,16.600000381469727,16.850000381469727,2021107,0.0,0.0
2023-11-02 09:00:00+08:00,17.399999618530273,18.25,17.149999618530273,17.649999618530273,34233234,0.0,0.0
2023-11-02 10:00:00+08:00,17.700000762939453,17.700000762939453,17.350000381469727,17.450000762939453,3806041,0.0,0.0
2023-11-02 11:00:00+08:00,17.450000762939453,17.950000762939453,17.450000762939453,17.899999618530273,7142509,0.0,0.0
2023-11-02 12:00:00+08:00,17.899999618530273,18.399999618530273,17.799999237060547,18.350000381469727,16769114,0.0,0.0
2023-11-02 13:00:00+08:00,18.299999237060547,18.450000762939453,18.149999618530273,18.450000762939453,11675317,0.0,0.0
2023-11-03 09:00:00+08:00,18.299999237060547,18.950000762939453,18.0,18.899999618530273,0,0.0,0.0
2023-11-03 10:00:00+08:00,18.899999618530273,19.25,18.299999237060547,18.450000762939453,21286482,0.0,0.0
2023-11-03 11:00:00+08:00,18.450000762939453,18.799999237060547,18.200000762939453,18.350000381469727,8989595,0.0,0.0
2023-11-03 12:00:00+08:00,18.299999237060547,18.450000762939453,18.100000381469727,18.399999618530273,5141183,0.0,0.0
2023-11-03 13:00:00+08:00,18.399999618530273,18.549999237060547,18.299999237060547,18.350000381469727,4145904,0.0,0.0
2023-11-06 09:00:00+08:00,18.700000762939453,19.950000762939453,18.450000762939453,19.600000381469727,0,0.0,0.0
2023-11-06 10:00:00+08:00,19.600000381469727,20.100000381469727,19.200000762939453,20.100000381469727,32252689,0.0,0.0
2023-11-06 11:00:00+08:00,20.100000381469727,20.100000381469727,20.100000381469727,20.100000381469727,3298920,0.0,0.0
2023-11-06 12:00:00+08:00,20.100000381469727,20.100000381469727,20.100000381469727,20.100000381469727,1392625,0.0,0.0
2023-11-06 13:00:00+08:00,20.100000381469727,20.100000381469727,20.100000381469727,20.100000381469727,498268,0.0,0.0
2023-11-07 09:00:00+08:00,20.049999237060547,20.100000381469727,19.299999237060547,19.649999618530273,0,0.0,0.0
2023-11-07 10:00:00+08:00,19.649999618530273,20.149999618530273,19.450000762939453,20.100000381469727,22335975,0.0,0.0
2023-11-07 11:00:00+08:00,20.100000381469727,20.25,19.899999618530273,20.149999618530273,12719384,0.0,0.0
2023-11-07 12:00:00+08:00,20.149999618530273,20.200000762939453,19.700000762939453,19.899999618530273,12857408,0.0,0.0
2023-11-07 13:00:00+08:00,19.899999618530273,20.149999618530273,19.899999618530273,20.049999237060547,6833547,0.0,0.0
2023-11-08 09:00:00+08:00,19.950000762939453,20.100000381469727,19.0,19.299999237060547,0,0.0,0.0
2023-11-08 10:00:00+08:00,19.299999237060547,19.700000762939453,19.25,19.450000762939453,6085032,0.0,0.0
2023-11-08 11:00:00+08:00,19.450000762939453,19.450000762939453,19.200000762939453,19.399999618530273,3711581,0.0,0.0
2023-11-08 12:00:00+08:00,19.350000381469727,19.399999618530273,18.850000381469727,18.950000762939453,8569101,0.0,0.0
2023-11-08 13:00:00+08:00,19.0,19.0,18.049999237060547,18.649999618530273,29893620,0.0,0.0
2023-11-09 09:00:00+08:00,18.600000381469727,18.850000381469727,18.049999237060547,18.299999237060547,0,0.0,0.0
2023-11-09 10:00:00+08:00,18.299999237060547,18.299999237060547,17.899999618530273,18.049999237060547,9175392,0.0,0.0
2023-11-09 11:00:00+08:00,18.049999237060547,18.299999237060547,18.049999237060547,18.049999237060547,2142846,0.0,0.0
2023-11-09 12:00:00+08:00,18.049999237060547,18.149999618530273,17.899999618530273,18.0,3748817,0.0,0.0
2023-11-09 13:00:00+08:00,18.0,18.200000762939453,17.950000762939453,18.049999237060547,2830521,0.0,0.0
2023-11-10 09:00:00+08:00,18.299999237060547,18.299999237060547,17.75,17.899999618530273,0,0.0,0.0
2023-11-10 10:00:00+08:00,17.899999618530273,17.899999618530273,17.649999618530273,17.799999237060547,3376007,0.0,0.0
2023-11-10 11:00:00+08:00,17.75,17.850000381469727,17.700000762939453,17.850000381469727,1458288,0.0,0.0
2023-11-10 12:00:00+08:00,17.799999237060547,18.100000381469727,17.75,18.0,5652580,0.0,0.0
2023-11-10 13:00:00+08:00,18.049999237060547,18.049999237060547,17.799999237060547,17.799999237060547,1970347,0.0,0.0
2023-11-13 09:00:00+08:00,18.049999237060547,18.100000381469727,17.25,17.549999237060547,0,0.0,0.0
2023-11-13 10:00:00+08:00,17.549999237060547,17.950000762939453,17.549999237060547,17.649999618530273,4449228,0.0,0.0
2023-11-13 11:00:00+08:00,17.649999618530273,17.75,17.549999237060547,17.600000381469727,1518385,0.0,0.0
2023-11-13 12:00:00+08:00,17.600000381469727,17.850000381469727,17.549999237060547,17.75,2233564,0.0,0.0
2023-11-13 13:00:00+08:00,17.75,17.799999237060547,17.549999237060547,17.600000381469727,1664209,0.0,0.0
2023-11-14 09:00:00+08:00,17.700000762939453,18.049999237060547,17.549999237060547,17.75,0,0.0,0.0
2023-11-14 10:00:00+08:00,17.700000762939453,17.75,17.350000381469727,17.350000381469727,5342982,0.0,0.0
2023-11-14 11:00:00+08:00,17.399999618530273,17.5,17.350000381469727,17.5,1649392,0.0,0.0
2023-11-14 12:00:00+08:00,17.5,17.549999237060547,17.350000381469727,17.399999618530273,1891117,0.0,0.0
2023-11-14 13:00:00+08:00,17.399999618530273,17.399999618530273,17.25,17.350000381469727,2433551,0.0,0.0
2023-11-15 09:00:00+08:00,17.399999618530273,17.5,17.100000381469727,17.149999618530273,0,0.0,0.0
2023-11-15 10:00:00+08:00,17.149999618530273,17.25,16.75,17.049999237060547,9819811,0.0,0.0
2023-11-15 11:00:00+08:00,17.049999237060547,17.049999237060547,16.850000381469727,17.0,2833108,0.0,0.0
2023-11-15 12:00:00+08:00,17.0,17.049999237060547,16.899999618530273,16.899999618530273,1494539,0.0,0.0
2023-11-15 13:00:00+08:00,16.950000762939453,17.0,16.850000381469727,16.950000762939453,2254330,0.0,0.0
2023-11-16 09:00:00+08:00,17.049999237060547,17.450000762939453,16.950000762939453,17.450000762939453,0,0.0,0.0
2023-11-16 10:00:00+08:00,17.450000762939453,17.649999618530273,17.350000381469727,17.5,5731730,0.0,0.0
2023-11-16 11:00:00+08:00,17.5,18.0,17.5,17.799999237060547,9548510,0.0,0.0
2023-11-16 12:00:00+08:00,17.850000381469727,18.149999618530273,17.799999237060547,17.850000381469727,9171810,0.0,0.0
2023-11-16 13:00:00+08:00,17.899999618530273,17.899999618530273,17.600000381469727,17.649999618530273,3448118,0.0,0.0
2023-11-17 09:00:00+08:00,17.5,17.850000381469727,17.25,17.299999237060547,0,0.0,0.0
2023-11-17 10:00:00+08:00,17.299999237060547,17.350000381469727,17.100000381469727,17.149999618530273,5815387,0.0,0.0
2023-11-17 11:00:00+08:00,17.149999618530273,17.299999237060547,16.950000762939453,17.25,5954752,0.0,0.0
2023-11-17 12:00:00+08:00,17.25,17.299999237060547,17.100000381469727,17.200000762939453,1519114,0.0,0.0
2023-11-17 13:00:00+08:00,17.200000762939453,17.200000762939453,16.899999618530273,17.100000381469727,6222157,0.0,0.0
2023-11-20 09:00:00+08:00,17.100000381469727,17.649999618530273,16.899999618530273,17.399999618530273,0,0.0,0.0
2023-11-20 10:00:00+08:00,17.399999618530273,17.75,17.399999618530273,17.549999237060547,4670896,0.0,0.0
2023-11-20 11:00:00+08:00,17.549999237060547,17.600000381469727,17.450000762939453,17.450000762939453,1818503,0.0,0.0
2023-11-20 12:00:00+08:00,17.450000762939453,17.600000381469727,17.450000762939453,17.549999237060547,1165324,0.0,0.0
2023-11-20 13:00:00+08:00,17.5,17.700000762939453,17.5,17.649999618530273,1638730,0.0,0.0
2023-11-21 09:00:00+08:00,17.700000762939453,18.149999618530273,17.5,17.649999618530273,0,0.0,0.0
2023-11-21 10:00:00+08:00,17.649999618530273,17.649999618530273,17.399999618530273,17.5,2474522,0.0,0.0
2023-11-21 11:00:00+08:00,17.5,17.5,17.399999618530273,17.5,1138855,0.0,0.0
2023-11-21 12:00:00+08:00,17.5,17.549999237060547,17.350000381469727,17.350000381469727,2904296,0.0,0.0
2023-11-21 13:00:00+08:00,17.350000381469727,17.450000762939453,17.350000381469727,17.399999618530273,1799557,0.0,0.0
2023-11-22 09:00:00+08:00,17.450000762939453,17.649999618530273,17.350000381469727,17.600000381469727,0,0.0,0.0
2023-11-22 10:00:00+08:00,17.600000381469727,18.149999618530273,17.549999237060547,17.899999618530273,14441326,0.0,0.0
2023-11-22 11:00:00+08:00,17.899999618530273,17.950000762939453,17.600000381469727,17.799999237060547,3445112,0.0,0.0
2023-11-22 12:00:00+08:00,17.799999237060547,17.899999618530273,17.700000762939453,17.700000762939453,2006083,0.0,0.0
2023-11-22 13:00:00+08:00,17.700000762939453,17.850000381469727,17.700000762939453,17.850000381469727,1395355,0.0,0.0
2023-11-23 09:00:00+08:00,17.950000762939453,18.100000381469727,17.600000381469727,17.700000762939453,0,0.0,0.0
2023-11-23 10:00:00+08:00,17.75,17.75,17.549999237060547,17.700000762939453,3121901,0.0,0.0
2023-11-23 11:00:00+08:00,17.700000762939453,17.75,17.600000381469727,17.700000762939453,1232691,0.0,0.0
2023-11-23 12:00:00+08:00,17.700000762939453,17.799999237060547,17.649999618530273,17.75,1667085,0.0,0.0
2023-11-23 13:00:00+08:00,17.75,17.75,17.649999618530273,17.75,1606290,0.0,0.0
2023-11-24 09:00:00+08:00,17.899999618530273,18.25,17.649999618530273,17.75,0,0.0,0.0
2023-11-24 10:00:00+08:00,17.75,17.799999237060547,17.549999237060547,17.649999618530273,2818602,0.0,0.0
2023-11-24 11:00:00+08:00,17.649999618530273,17.700000762939453,17.549999237060547,17.649999618530273,725052,0.0,0.0
2023-11-24 12:00:00+08:00,17.600000381469727,17.649999618530273,17.450000762939453,17.549999237060547,3575473,0.0,0.0
2023-11-24 13:00:00+08:00,17.5,17.549999237060547,17.350000381469727,17.350000381469727,2092010,0.0,0.0
2023-11-27 09:00:00+08:00,17.350000381469727,17.450000762939453,17.0,17.200000762939453,0,0.0,0.0
2023-11-27 10:00:00+08:00,17.25,17.399999618530273,17.0,17.149999618530273,13570603,0.0,0.0
2023-11-27 11:00:00+08:00,17.149999618530273,17.149999618530273,17.0,17.049999237060547,1616688,0.0,0.0
2023-11-27 12:00:00+08:00,17.049999237060547,17.049999237060547,16.799999237060547,16.950000762939453,4788657,0.0,0.0
2023-11-27 13:00:00+08:00,16.950000762939453,16.950000762939453,16.799999237060547,16.899999618530273,2391138,0.0,0.0
2023-11-28 09:00:00+08:00,16.950000762939453,17.25,16.899999618530273,17.100000381469727,0,0.0,0.0
2023-11-28 10:00:00+08:00,17.100000381469727,17.200000762939453,16.950000762939453,17.049999237060547,1595645,0.0,0.0
2023-11-28 11:00:00+08:00,17.0,17.049999237060547,16.899999618530273,16.950000762939453,1309768,0.0,0.0
2023-11-28 12:00:00+08:00,16.950000762939453,17.100000381469727,16.950000762939453,17.049999237060547,1105769,0.0,0.0
2023-11-28 13:00:00+08:00,17.100000381469727,17.149999618530273,17.0,17.049999237060547,827767,0.0,0.0
2023-11-29 09:00:00+08:00,17.149999618530273,17.299999237060547,17.100000381469727,17.200000762939453,2144810,0.0,0.0
2023-11-29 10:00:00+08:00,17.200000762939453,17.25,17.100000381469727,17.149999618530273,1149584,0.0,0.0
2023-11-29 11:00:00+08:00,17.149999618530273,17.149999618530273,17.0,17.049999237060547,1150701,0.0,0.0
2023-11-29 12:00:00+08:00,17.049999237060547,17.100000381469727,17.0,17.049999237060547,597395,0.0,0.0
2023-11-29 13:00:00+08:00,17.0,17.049999237060547,16.950000762939453,17.0,900727,0.0,0.0
2023-11-30 09:00:00+08:00,17.149999618530273,17.149999618530273,16.850000381469727,16.899999618530273,0,0.0,0.0
2023-11-30 10:00:00+08:00,16.899999618530273,17.100000381469727,16.850000381469727,17.0,887245,0.0,0.0
2023-11-30 11:00:00+08:00,17.0,17.049999237060547,16.950000762939453,16.950000762939453,446561,0.0,0.0
2023-11-30 12:00:00+08:00,16.950000762939453,17.0,16.899999618530273,16.899999618530273,481954,0.0,0.0
2023-11-30 13:00:00+08:00,16.950000762939453,16.950000762939453,16.899999618530273,16.950000762939453,508853,0.0,0.0
2023-12-01 09:00:00+08:00,17.0,17.0,16.799999237060547,16.950000762939453,0,0.0,0.0
2023-12-01 10:00:00+08:00,16.899999618530273,17.0,16.75,16.799999237060547,2290500,0.0,0.0
2023-12-01 11:00:00+08:00,16.799999237060547,16.899999618530273,16.799999237060547,16.850000381469727,674178,0.0,0.0
2023-12-01 12:00:00+08:00,16.850000381469727,16.899999618530273,16.799999237060547,16.850000381469727,731144,0.0,0.0
2023-12-01 13:00:00+08:00,16.850000381469727,16.899999618530273,16.799999237060547,16.899999618530273,715380,0.0,0.0
2023-12-04 09:00:00+08:00,16.850000381469727,17.25,16.850000381469727,17.0,0,0.0,0.0
2023-12-04 10:00:00+08:00,17.0,17.049999237060547,16.899999618530273,16.950000762939453,1008548,0.0,0.0
2023-12-04 11:00:00+08:00,16.950000762939453,16.950000762939453,16.700000762939453,16.75,3084427,0.0,0.0
2023-12-04 12:00:00+08:00,16.75,16.799999237060547,16.700000762939453,16.75,744513,0.0,0.0
2023-12-04 13:00:00+08:00,16.75,16.799999237060547,16.700000762939453,16.799999237060547,998007,0.0,0.0
2023-12-05 09:00:00+08:00,16.700000762939453,16.799999237060547,16.100000381469727,16.350000381469727,0,0.0,0.0
2023-12-05 10:00:00+08:00,16.350000381469727,16.399999618530273,16.200000762939453,16.25,999548,0.0,0.0
2023-12-05 11:00:00+08:00,16.25,16.350000381469727,16.200000762939453,16.299999237060547,770761,0.0,0.0
2023-12-05 12:00:00+08:00,16.299999237060547,16.350000381469727,16.25,16.25,956849,0.0,0.0
2023-12-05 13:00:00+08:00,16.25,16.299999237060547,16.200000762939453,16.200000762939453,978214,0.0,0.0
2023-12-06 09:00:00+08:00,16.399999618530273,16.700000762939453,16.350000381469727,16.450000762939453,0,0.0,0.0
2023-12-06 10:00:00+08:00,16.450000762939453,16.5,16.399999618530273,16.450000762939453,614419,0.0,0.0
2023-12-06 11:00:00+08:00,16.450000762939453,16.450000762939453,16.399999618530273,16.450000762939453,288952,0.0,0.0
2023-12-06 12:00:00+08:00,16.450000762939453,16.549999237060547,16.399999618530273,16.549999237060547,1058324,0.0,0.0
2023-12-06 13:00:00+08:00,16.5,16.5,16.399999618530273,16.399999618530273,760209,0.0,0.0
2023-12-07 09:00:00+08:00,16.450000762939453,16.700000762939453,16.399999618530273,16.549999237060547,0,0.0,0.0
2023-12-07 10:00:00+08:00,16.549999237060547,16.600000381469727,16.200000762939453,16.350000381469727,2488481,0.0,0.0
2023-12-07 11:00:00+08:00,16.299999237060547,16.299999237060547,16.200000762939453,16.25,504580,0.0,0.0
2023-12-07 12:00:00+08:00,16.25,16.25,16.100000381469727,16.200000762939453,1939845,0.0,0.0
2023-12-07 13:00:00+08:00,16.149999618530273,16.25,16.149999618530273,16.200000762939453,675257,0.0,0.0
2023-12-08 09:00:00+08:00,16.25,16.25,15.699999809265137,15.850000381469727,0,0.0,0.0
2023-12-08 10:00:00+08:00,15.899999618530273,15.899999618530273,15.75,15.75,2104581,0.0,0.0
2023-12-08 11:00:00+08:00,15.800000190734863,15.850000381469727,15.75,15.850000381469727,1900718,0.0,0.0
2023-12-08 12:00:00+08:00,15.850000381469727,16.0,15.800000190734863,15.899999618530273,1873620,0.0,0.0
2023-12-08 13:00:00+08:00,15.850000381469727,15.949999809265137,15.850000381469727,15.899999618530273,902628,0.0,0.0
2023-12-11 09:00:00+08:00,15.899999618530273,16.450000762939453,15.850000381469727,16.350000381469727,0,0.0,0.0
2023-12-11 10:00:00+08:00,16.399999618530273,16.799999237060547,16.299999237060547,16.700000762939453,8842079,0.0,0.0
2023-12-11 11:00:00+08:00,16.700000762939453,16.799999237060547,16.549999237060547,16.600000381469727,2513894,0.0,0.0
2023-12-11 12:00:00+08:00,16.600000381469727,16.700000762939453,16.5,16.649999618530273,2054825,0.0,0.0
2023-12-11 13:00:00+08:00,16.649999618530273,16.700000762939453,16.549999237060547,16.600000381469727,1125134,0.0,0.0
2023-12-12 09:00:00+08:00,16.600000381469727,16.799999237060547,16.450000762939453,16.600000381469727,0,0.0,0.0
2023-12-12 10:00:00+08:00,16.600000381469727,16.649999618530273,16.5,16.5,817774,0.0,0.0
2023-12-12 11:00:00+08:00,16.5,16.549999237060547,16.450000762939453,16.5,490907,0.0,0.0
2023-12-12 12:00:00+08:00,16.5,16.549999237060547,16.450000762939453,16.450000762939453,1036818,0.0,0.0
2023-12-12 13:00:00+08:00,16.450000762939453,16.549999237060547,16.450000762939453,16.5,658882,0.0,0.0
2023-12-13 09:00:00+08:00,16.600000381469727,17.399999618530273,16.450000762939453,17.149999618530273,12180719,0.0,0.0
2023-12-13 10:00:00+08:00,17.149999618530273,17.350000381469727,17.049999237060547,17.149999618530273,5559028,0.0,0.0
2023-12-13 11:00:00+08:00,17.200000762939453,17.799999237060547,17.149999618530273,17.399999618530273,11706649,0.0,0.0
2023-12-13 12:00:00+08:00,17.399999618530273,17.549999237060547,17.350000381469727,17.450000762939453,2586696,0.0,0.0
2023-12-13 13:00:00+08:00,17.399999618530273,17.399999618530273,17.299999237060547,17.399999618530273,1027740,0.0,0.0
2023-12-14 09:00:00+08:00,17.700000762939453,18.0,17.549999237060547,17.700000762939453,0,0.0,0.0
2023-12-14 10:00:00+08:00,17.649999618530273,17.649999618530273,17.299999237060547,17.350000381469727,3027457,0.0,0.0
2023-12-14 11:00:00+08:00,17.350000381469727,17.450000762939453,17.200000762939453,17.450000762939453,1802973,0.0,0.0
2023-12-14 12:00:00+08:00,17.399999618530273,17.5,17.350000381469727,17.399999618530273,1427236,0.0,0.0
2023-12-14 13:00:00+08:00,17.399999618530273,17.450000762939453,17.350000381469727,17.399999618530273,1049231,0.0,0.0
2023-12-15 09:00:00+08:00,17.600000381469727,17.700000762939453,17.200000762939453,17.25,0,0.0,0.0
2023-12-15 10:00:00+08:00,17.25,17.5,17.25,17.25,1685637,0.0,0.0
2023-12-15 11:00:00+08:00,17.299999237060547,17.399999618530273,17.100000381469727,17.149999618530273,2414273,0.0,0.0
2023-12-15 12:00:00+08:00,17.149999618530273,17.200000762939453,16.950000762939453,17.049999237060547,3346737,0.0,0.0
2023-12-15 13:00:00+08:00,17.049999237060547,17.100000381469727,17.0,17.0,911220,0.0,0.0
2023-12-18 09:00:00+08:00,17.0,17.200000762939453,16.950000762939453,17.0,0,0.0,0.0
2023-12-18 10:00:00+08:00,17.0,17.0,16.649999618530273,16.649999618530273,2231562,0.0,0.0
2023-12-18 11:00:00+08:00,16.700000762939453,16.799999237060547,16.5,16.649999618530273,2095386,0.0,0.0
2023-12-18 12:00:00+08:00,16.649999618530273,16.799999237060547,16.600000381469727,16.700000762939453,459324,0.0,0.0
2023-12-18 13:00:00+08:00,16.75,16.75,16.549999237060547,16.649999618530273,1710154,0.0,0.0
2023-12-19 09:00:00+08:00,16.850000381469727,16.850000381469727,15.949999809265137,16.049999237060547,9304429,0.0,0.0
2023-12-19 10:00:00+08:00,16.100000381469727,16.149999618530273,15.800000190734863,15.850000381469727,5447600,0.0,0.0
2023-12-19 11:00:00+08:00,15.850000381469727,15.949999809265137,15.75,15.800000190734863,4443075,0.0,0.0
2023-12-19 12:00:00+08:00,15.850000381469727,16.0,15.699999809265137,15.899999618530273,3330508,0.0,0.0
2023-12-19 13:00:00+08:00,15.949999809265137,16.049999237060547,15.899999618530273,16.0,1484976,0.0,0.0
2023-12-20 09:00:00+08:00,16.0,16.049999237060547,15.449999809265137,15.850000381469727,0,0.0,0.0
2023-12-20 10:00:00+08:00,15.850000381469727,16.0,15.800000190734863,15.949999809265137,1350439,0.0,0.0
2023-12-20 11:00:00+08:00,15.949999809265137,16.25,15.949999809265137,16.100000381469727,2345874,0.0,0.0
2023-12-20 12:00:00+08:00,16.049999237060547,16.149999618530273,15.949999809265137,16.0,1339547,0.0,0.0
2023-12-20 13:00:00+08:00,16.0,16.100000381469727,16.0,16.100000381469727,590104,0.0,0.0
2023-12-21 09:00:00+08:00,15.899999618530273,16.049999237060547,15.75,15.949999809265137,0,0.0,0.0
2023-12-21 10:00:00+08:00,15.949999809265137,16.049999237060547,15.949999809265137,15.949999809265137,326436,0.0,0.0
2023-12-21 11:00:00+08:00,16.0,16.0,15.899999618530273,15.949999809265137,853616,0.0,0.0
2023-12-21 12:00:00+08:00,15.949999809265137,16.0,15.850000381469727,15.850000381469727,689494,0.0,0.0
2023-12-21 13:00:00+08:00,15.850000381469727,15.949999809265137,15.850000381469727,15.949999809265137,676696,0.0,0.0
2023-12-22 09:00:00+08:00,15.949999809265137,16.049999237060547,15.800000190734863,15.850000381469727,1681854,0.0,0.0
2023-12-22 10:00:00+08:00,15.800000190734863,15.899999618530273,15.800000190734863,15.850000381469727,385602,0.0,0.0
2023-12-22 11:00:00+08:00,15.850000381469727,15.899999618530273,15.75,15.800000190734863,1101536,0.0,0.0
2023-12-22 12:00:00+08:00,15.800000190734863,15.800000190734863,15.699999809265137,15.800000190734863,711365,0.0,0.0
2023-12-22 13:00:00+08:00,15.75,15.850000381469727,15.75,15.850000381469727,481420,0.0,0.0
2023-12-25 09:00:00+08:00,15.850000381469727,16.0,15.75,15.75,0,0.0,0.0
2023-12-25 10:00:00+08:00,15.800000190734863,15.800000190734863,15.600000381469727,15.649999618530273,1184911,0.0,0.0
2023-12-25 11:00:00+08:00,15.649999618530273,15.699999809265137,15.600000381469727,15.649999618530273,224373,0.0,0.0
2023-12-25 12:00:00+08:00,15.649999618530273,15.699999809265137,15.600000381469727,15.600000381469727,901599,0.0,0.0
2023-12-25 13:00:00+08:00,15.600000381469727,15.649999618530273,15.550000190734863,15.649999618530273,913084,0.0,0.0
2023-12-26 09:00:00+08:00,15.600000381469727,15.899999618530273,15.600000381469727,15.75,0,0.0,0.0
2023-12-26 10:00:00+08:00,15.699999809265137,15.949999809265137,15.699999809265137,15.949999809265137,1298047,0.0,0.0
2023-12-26 11:00:00+08:00,15.899999618530273,15.899999618530273,15.800000190734863,15.850000381469727,475106,0.0,0.0
2023-12-26 12:00:00+08:00,15.850000381469727,15.899999618530273,15.800000190734863,15.850000381469727,467037,0.0,0.0
2023-12-26 13:00:00+08:00,15.899999618530273,15.899999618530273,15.800000190734863,15.850000381469727,287287,0.0,0.0
2023-12-27 09:00:00+08:00,15.949999809265137,16.049999237060547,15.800000190734863,16.0,0,0.0,0.0
2023-12-27 10:00:00+08:00,16.0,16.049999237060547,15.899999618530273,15.949999809265137,964954,0.0,0.0
2023-12-27 11:00:00+08:00,15.899999618530273,15.949999809265137,15.850000381469727,15.899999618530273,349888,0.0,0.0
2023-12-27 12:00:00+08:00,15.899999618530273,15.899999618530273,15.800000190734863,15.899999618530273,434392,0.0,0.0
2023-12-27 13:00:00+08:00,15.899999618530273,15.899999618530273,15.850000381469727,15.899999618530273,235066,0.0,0.0
2023-12-28 09:00:00+08:00,15.899999618530273,16.0,15.800000190734863,15.800000190734863,0,0.0,0.0
2023-12-28 10:00:00+08:00,15.800000190734863,15.850000381469727,15.600000381469727,15.699999809265137,1600902,0.0,0.0
2023-12-28 11:00:00+08:00,15.699999809265137,15.800000190734863,15.649999618530273,15.75,296150,0.0,0.0
2023-12-28 12:00:00+08:00,15.75,15.800000190734863,15.699999809265137,15.75,307810,0.0,0.0
2023-12-28 13:00:00+08:00,15.75,15.75,15.699999809265137,15.75,316211,0.0,0.0
2023-12-29 09:00:00+08:00,15.800000190734863,15.899999618530273,15.649999618530273,15.75,0,0.0,0.0
2023-12-29 10:00:00+08:00,15.75,15.75,15.649999618530273,15.699999809265137,458290,0.0,0.0
2023-12-29 11:00:00+08:00,15.699999809265137,15.75,15.699999809265137,15.75,268413,0.0,0.0
2023-12-29 12:00:00+08:00,15.75,15.800000190734863,15.699999809265137,15.699999809265137,355251,0.0,0.0
2023-12-29 13:00:00+08:00,15.75,15.75,15.699999809265137,15.75,438042,0.0,0.0
2024-01-02 09:00:00+08:00,15.75,15.850000381469727,15.600000381469727,15.699999809265137,0,0.0,0.0
2024-01-02 10:00:00+08:00,15.699999809265137,15.699999809265137,15.600000381469727,15.649999618530273,548936,0.0,0.0
2024-01-02 11:00:00+08:00,15.649999618530273,15.75,15.649999618530273,15.699999809265137,699366,0.0,0.0
2024-01-02 12:00:00+08:00,15.699999809265137,15.800000190734863,15.699999809265137,15.699999809265137,359400,0.0,0.0
2024-01-02 13:00:00+08:00,15.699999809265137,15.75,15.699999809265137,15.75,269792,0.0,0.0
2024-01-03 09:00:00+08:00,15.75,16.25,15.649999618530273,16.0,1317176,0.0,0.0
2024-01-03 10:00:00+08:00,16.0,16.049999237060547,15.899999618530273,15.899999618530273,651569,0.0,0.0
2024-01-03 11:00:00+08:00,15.899999618530273,15.949999809265137,15.800000190734863,15.899999618530273,696444,0.0,0.0
2024-01-03 12:00:00+08:00,15.899999618530273,16.0,15.800000190734863,15.949999809265137,1370632,0.0,0.0
2024-01-03 13:00:00+08:00,15.899999618530273,16.0,15.899999618530273,15.949999809265137,334130,0.0,0.0
2024-01-04 09:00:00+08:00,15.899999618530273,16.100000381469727,15.800000190734863,15.899999618530273,1298311,0.0,0.0
2024-01-04 10:00:00+08:00,15.899999618530273,15.899999618530273,15.649999618530273,15.649999618530273,1234829,0.0,0.0
2024-01-04 11:00:00+08:00,15.649999618530273,15.75,15.649999618530273,15.699999809265137,386830,0.0,0.0
2024-01-04 12:00:00+08:00,15.75,15.75,15.649999618530273,15.699999809265137,344354,0.0,0.0
2024-01-04 13:00:00+08:00,15.649999618530273,15.699999809265137,15.649999618530273,15.649999618530273,561426,0.0,0.0
2024-01-05 09:00:00+08:00,15.699999809265137,15.800000190734863,15.699999809265137,15.699999809265137,0,0.0,0.0
2024-01-05 10:00:00+08:00,15.699999809265137,15.75,15.649999618530273,15.75,249520,0.0,0.0
2024-01-05 11:00:00+08:00,15.75,15.800000190734863,15.699999809265137,15.75,176218,0.0,0.0
2024-01-05 12:00:00+08:00,15.699999809265137,15.699999809265137,15.449999809265137,15.5,1879700,0.0,0.0
2024-01-05 13:00:00+08:00,15.5,15.550000190734863,15.25,15.350000381469727,1597675,0.0,0.0
2024-01-08 09:00:00+08:00,15.449999809265137,15.5,15.199999809265137,15.300000190734863,0,0.0,0.0
2024-01-08 10:00:00+08:00,15.300000190734863,15.300000190734863,14.949999809265137,15.050000190734863,6477585,0.0,0.0
2024-01-08 11:00:00+08:00,15.050000190734863,15.050000190734863,14.850000381469727,14.899999618530273,3048648,0.0,0.0
2024-01-08 12:00:00+08:00,14.899999618530273,15.0,14.899999618530273,14.949999809265137,1016683,0.0,0.0
2024-01-08 13:00:00+08:00,14.949999809265137,14.949999809265137,14.850000381469727,14.899999618530273,1123736,0.0,0.0
2024-01-09 09:00:00+08:00,15.050000190734863,15.199999809265137,14.75,14.850000381469727,0,0.0,0.0
2024-01-09 10:00:00+08:00,14.850000381469727,15.0,14.75,14.899999618530273,1484657,0.0,0.0
2024-01-09 11:00:00+08:00,14.899999618530273,14.949999809265137,14.850000381469727,14.850000381469727,346861,0.0,0.0
2024-01-09 12:00:00+08:00,14.850000381469727,14.899999618530273,14.850000381469727,14.850000381469727,389425,0.0,0.0
2024-01-09 13:00:00+08:00,14.899999618530273,14.899999618530273,14.850000381469727,14.899999618530273,304320,0.0,0.0
2024-01-10 09:00:00+08:00,14.699999809265137,14.899999618530273,14.449999809265137,14.600000381469727,0,0.0,0.0
2024-01-10 10:00:00+08:00,14.649999618530273,14.699999809265137,14.449999809265137,14.600000381469727,2707072,0.0,0.0
2024-01-10 11:00:00+08:00,14.600000381469727,14.649999618530273,14.5,14.649999618530273,336447,0.0,0.0
2024-01-10 12:00:00+08:00,14.649999618530273,14.649999618530273,14.550000190734863,14.600000381469727,625574,0.0,0.0
2024-01-10 13:00:00+08:00,14.600000381469727,14.75,14.600000381469727,14.699999809265137,641099,0.0,0.0
2024-01-11 09:00:00+08:00,14.75,15.0,14.649999618530273,14.800000190734863,0,0.0,0.0
2024-01-11 10:00:00+08:00,14.800000190734863,15.100000381469727,14.75,14.949999809265137,2233194,0.0,0.0
2024-01-11 11:00:00+08:00,14.949999809265137,15.149999618530273,14.899999618530273,15.050000190734863,1770760,0.0,0.0
2024-01-11 12:00:00+08:00,15.050000190734863,15.100000381469727,15.0,15.050000190734863,676626,0.0,0.0
2024-01-11 13:00:00+08:00,15.050000190734863,15.100000381469727,15.0,15.050000190734863,485368,0.0,0.0
2024-01-12 09:00:00+08:00,15.0,15.0,14.899999618530273,14.949999809265137,658560,0.0,0.0
2024-01-12 10:00:00+08:00,14.949999809265137,14.949999809265137,14.75,14.800000190734863,994290,0.0,0.0
2024-01-12 11:00:00+08:00,14.800000190734863,14.800000190734863,14.699999809265137,14.75,404100,0.0,0.0
2024-01-12 12:00:00+08:00,14.75,14.800000190734863,14.649999618530273,14.699999809265137,868385,0.0,0.0
2024-01-12 13:00:00+08:00,14.699999809265137,14.75,14.649999618530273,14.699999809265137,480602,0.0,0.0
2024-01-15 09:00:00+08:00,14.800000190734863,14.899999618530273,14.350000381469727,14.399999618530273,2288001,0.0,0.0
2024-01-15 10:00:00+08:00,14.399999618530273,14.699999809265137,14.350000381469727,14.699999809265137,1248646,0.0,0.0
2024-01-15 11:00:00+08:00,14.649999618530273,14.800000190734863,14.649999618530273,14.75,810928,0.0,0.0
2024-01-15 12:00:00+08:00,14.75,14.800000190734863,14.699999809265137,14.699999809265137,885593,0.0,0.0
2024-01-15 13:00:00+08:00,14.699999809265137,14.699999809265137,14.649999618530273,14.699999809265137,398433,0.0,0.0
2024-01-16 09:00:00+08:00,14.75,14.75,14.300000190734863,14.399999618530273,0,0.0,0.0
2024-01-16 10:00:00+08:00,14.399999618530273,14.5,14.350000381469727,14.399999618530273,650423,0.0,0.0
2024-01-16 11:00:00+08:00,14.399999618530273,14.5,14.399999618530273,14.449999809265137,234326,0.0,0.0
2024-01-16 12:00:00+08:00,14.449999809265137,14.5,14.399999618530273,14.449999809265137,453759,0.0,0.0
2024-01-16 13:00:00+08:00,14.449999809265137,14.5,14.399999618530273,14.5,333367,0.0,0.0
2024-01-17 09:00:00+08:00,14.550000190734863,14.649999618530273,14.399999618530273,14.399999618530273,0,0.0,0.0
2024-01-17 10:00:00+08:00,14.350000381469727,14.399999618530273,14.25,14.300000190734863,1266144,0.0,0.0
2024-01-17 11:00:00+08:00,14.300000190734863,14.300000190734863,14.199999809265137,14.25,564939,0.0,0.0
2024-01-17 12:00:00+08:00,14.25,14.25,14.149999618530273,14.199999809265137,1016218,0.0,0.0
2024-01-17 13:00:00+08:00,14.199999809265137,14.199999809265137,14.149999618530273,14.199999809265137,691925,0.0,0.0
2024-01-18 09:00:00+08:00,14.25,14.399999618530273,14.0,14.149999618530273,0,0.0,0.0
2024-01-18 10:00:00+08:00,14.149999618530273,14.199999809265137,14.050000190734863,14.149999618530273,418406,0.0,0.0
2024-01-18 11:00:00+08:00,14.199999809265137,14.199999809265137,14.149999618530273,14.199999809265137,101708,0.0,0.0
2024-01-18 12:00:00+08:00,14.199999809265137,14.199999809265137,14.100000381469727,14.149999618530273,254036,0.0,0.0
2024-01-18 13:00:00+08:00,14.149999618530273,14.149999618530273,14.050000190734863,14.149999618530273,442923,0.0,0.0
2024-01-19 09:00:00+08:00,14.25,14.25,14.0,14.149999618530273,0,0.0,0.0
2024-01-19 10:00:00+08:00,14.149999618530273,14.199999809265137,14.050000190734863,14.149999618530273,597907,0.0,0.0
2024-01-19 11:00:00+08:00,14.149999618530273,14.149999618530273,14.100000381469727,14.100000381469727,229039,0.0,0.0
2024-01-19 12:00:00+08:00,14.149999618530273,14.199999809265137,14.149999618530273,14.199999809265137,292215,0.0,0.0
2024-01-19 13:00:00+08:00,14.149999618530273,14.350000381469727,14.149999618530273,14.350000381469727,866545,0.0,0.0
2024-01-22 09:00:00+08:00,14.399999618530273,14.600000381469727,14.399999618530273,14.550000190734863,0,0.0,0.0
2024-01-22 10:00:00+08:00,14.550000190734863,14.699999809265137,14.5,14.649999618530273,1345498,0.0,0.0
2024-01-22 11:00:00+08:00,14.649999618530273,14.699999809265137,14.550000190734863,14.600000381469727,502019,0.0,0.0
2024-01-22 12:00:00+08:00,14.649999618530273,14.699999809265137,14.600000381469727,14.600000381469727,493344,0.0,0.0
2024-01-22 13:00:00+08:00,14.649999618530273,14.699999809265137,14.649999618530273,14.699999809265137,329377,0.0,0.0
2024-01-23 09:00:00+08:00,14.600000381469727,14.699999809265137,14.550000190734863,14.649999618530273,0,0.0,0.0
2024-01-23 10:00:00+08:00,14.649999618530273,14.800000190734863,14.600000381469727,14.75,598174,0.0,0.0
2024-01-23 11:00:00+08:00,14.75,14.800000190734863,14.649999618530273,14.699999809265137,270522,0.0,0.0
2024-01-23 12:00:00+08:00,14.699999809265137,14.75,14.649999618530273,14.699999809265137,341067,0.0,0.0
2024-01-23 13:00:00+08:00,14.699999809265137,14.75,14.699999809265137,14.699999809265137,157453,0.0,0.0
2024-01-24 09:00:00+08:00,14.800000190734863,14.850000381469727,14.649999618530273,14.75,560654,0.0,0.0
2024-01-24 10:00:00+08:00,14.75,14.800000190734863,14.699999809265137,14.75,256621,0.0,0.0
2024-01-24 11:00:00+08:00,14.75,14.850000381469727,14.75,14.850000381469727,723783,0.0,0.0
2024-01-24 12:00:00+08:00,14.850000381469727,14.949999809265137,14.75,14.899999618530273,1035807,0.0,0.0
2024-01-24 13:00:00+08:00,14.899999618530273,14.899999618530273,14.800000190734863,14.850000381469727,384500,0.0,0.0
2024-01-25 09:00:00+08:00,14.899999618530273,14.899999618530273,14.649999618530273,14.699999809265137,0,0.0,0.0
2024-01-25 10:00:00+08:00,14.699999809265137,14.75,14.550000190734863,14.600000381469727,451517,0.0,0.0
2024-01-25 11:00:00+08:00,14.550000190734863,14.649999618530273,14.5,14.550000190734863,442648,0.0,0.0
2024-01-25 12:00:00+08:00,14.550000190734863,14.649999618530273,14.5,14.5,611299,0.0,0.0
2024-01-25 13:00:00+08:00,14.5,14.550000190734863,14.5,14.550000190734863,349914,0.0,0.0
2024-01-26 09:00:00+08:00,14.550000190734863,14.699999809265137,14.5,14.649999618530273,0,0.0,0.0
2024-01-26 10:00:00+08:00,14.600000381469727,14.649999618530273,14.550000190734863,14.550000190734863,267730,0.0,0.0
2024-01-26 11:00:00+08:00,14.550000190734863,14.600000381469727,14.449999809265137,14.5,456684,0.0,0.0
2024-01-26 12:00:00+08:00,14.5,14.5,14.399999618530273,14.449999809265137,271832,0.0,0.0
2024-01-26 13:00:00+08:00,14.449999809265137,14.5,14.399999618530273,14.399999618530273,137944,0.0,0.0
2024-01-29 09:00:00+08:00,14.5,14.850000381469727,14.449999809265137,14.800000190734863,0,0.0,0.0
2024-01-29 10:00:00+08:00,14.800000190734863,14.899999618530273,14.75,14.800000190734863,796793,0.0,0.0
2024-01-29 11:00:00+08:00,14.800000190734863,14.850000381469727,14.800000190734863,14.800000190734863,348385,0.0,0.0
2024-01-29 12:00:00+08:00,14.75,14.850000381469727,14.75,14.800000190734863,323600,0.0,0.0
2024-01-29 13:00:00+08:00,14.800000190734863,14.899999618530273,14.800000190734863,14.800000190734863,612996,0.0,0.0
2024-01-30 09:00:00+08:00,15.0,15.0,14.75,14.800000190734863,0,0.0,0.0
2024-01-30 10:00:00+08:00,14.800000190734863,14.800000190734863,14.699999809265137,14.75,346890,0.0,0.0
2024-01-30 11:00:00+08:00,14.75,14.75,14.699999809265137,14.699999809265137,162807,0.0,0.0
2024-01-30 12:00:00+08:00,14.699999809265137,14.75,14.649999618530273,14.699999809265137,359785,0.0,0.0
2024-01-30 13:00:00+08:00,14.699999809265137,14.75,14.649999618530273,14.699999809265137,351031,0.0,0.0
2024-01-31 09:00:00+08:00,14.600000381469727,14.75,14.600000381469727,14.649999618530273,506819,0.0,0.0
2024-01-31 10:00:00+08:00,14.649999618530273,14.699999809265137,14.649999618530273,14.649999618530273,267514,0.0,0.0
2024-01-31 11:00:00+08:00,14.649999618530273,14.800000190734863,14.649999618530273,14.75,350084,0.0,0.0
2024-01-31 12:00:00+08:00,14.75,14.75,14.649999618530273,14.699999809265137,182942,0.0,0.0
2024-01-31 13:00:00+08:00,14.699999809265137,14.699999809265137,14.649999618530273,14.649999618530273,227318,0.0,0.0
2024-02-01 09:00:00+08:00,14.800000190734863,14.800000190734863,14.600000381469727,14.600000381469727,0,0.0,0.0
2024-02-01 10:00:00+08:00,14.600000381469727,14.649999618530273,14.550000190734863,14.550000190734863,316520,0.0,0.0
2024-02-01 11:00:00+08:00,14.550000190734863,14.649999618530273,14.550000190734863,14.600000381469727,165070,0.0,0.0
2024-02-01 12:00:00+08:00,14.600000381469727,14.600000381469727,14.550000190734863,14.550000190734863,235205,0.0,0.0
2024-02-01 13:00:00+08:00,14.550000190734863,14.600000381469727,14.5,14.600000381469727,273904,0.0,0.0
2024-02-02 09:00:00+08:00,14.649999618530273,14.699999809265137,14.449999809265137,14.449999809265137,944683,0.0,0.0
2024-02-02 10:00:00+08:00,14.449999809265137,14.449999809265137,14.300000190734863,14.350000381469727,1218267,0.0,0.0
2024-02-02 11:00:00+08:00,14.350000381469727,14.399999618530273,14.25,14.25,1058317,0.0,0.0
2024-02-02 12:00:00+08:00,14.300000190734863,14.300000190734863,14.149999618530273,14.199999809265137,1188395,0.0,0.0
2024-02-02 13:00:00+08:00,14.199999809265137,14.25,14.149999618530273,14.199999809265137,414756,0.0,0.0
2024-02-05 09:00:00+08:00,14.350000381469727,14.399999618530273,14.100000381469727,14.399999618530273,0,0.0,0.0
2024-02-05 10:00:00+08:00,14.350000381469727,14.699999809265137,14.300000190734863,14.5,1249919,0.0,0.0
2024-02-05 11:00:00+08:00,14.449999809265137,14.550000190734863,14.449999809265137,14.5,299168,0.0,0.0
2024-02-05 12:00:00+08:00,14.5,14.550000190734863,14.449999809265137,14.5,353220,0.0,0.0
2024-02-05 13:00:00+08:00,14.449999809265137,14.600000381469727,14.449999809265137,14.449999809265137,249812,0.0,0.0
2024-02-15 09:00:00+08:00,14.649999618530273,15.100000381469727,14.550000190734863,15.050000190734863,517732,0.0,0.0
2024-02-15 10:00:00+08:00,15.050000190734863,15.149999618530273,15.0,15.0,1566244,0.0,0.0
2024-02-15 11:00:00+08:00,15.0,15.149999618530273,15.0,15.0,652933,0.0,0.0
2024-02-15 12:00:00+08:00,15.050000190734863,15.25,15.0,15.25,1257025,0.0,0.0
2024-02-15 13:00:00+08:00,15.199999809265137,15.800000190734863,15.149999618530273,15.800000190734863,4291904,0.0,0.0
2024-02-16 09:00:00+08:00,15.699999809265137,16.799999237060547,15.550000190734863,16.75,23725131,0.0,0.0
2024-02-16 10:00:00+08:00,16.75,16.899999618530273,16.0,16.200000762939453,13577086,0.0,0.0
2024-02-16 11:00:00+08:00,16.200000762939453,16.399999618530273,16.200000762939453,16.350000381469727,4724747,0.0,0.0
2024-02-16 12:00:00+08:00,16.299999237060547,16.799999237060547,16.299999237060547,16.700000762939453,14575899,0.0,0.0
2024-02-16 13:00:00+08:00,16.700000762939453,16.700000762939453,16.549999237060547,16.600000381469727,3495530,0.0,0.0
2024-02-19 09:00:00+08:00,16.549999237060547,17.100000381469727,16.450000762939453,16.950000762939453,0,0.0,0.0
2024-02-19 10:00:00+08:00,16.950000762939453,17.049999237060547,16.75,17.0,7476921,0.0,0.0
2024-02-19 11:00:00+08:00,17.0,17.200000762939453,16.950000762939453,17.0,8869975,0.0,0.0
2024-02-19 12:00:00+08:00,17.0,17.049999237060547,16.950000762939453,16.950000762939453,2335283,0.0,0.0
2024-02-19 13:00:00+08:00,16.950000762939453,17.200000762939453,16.899999618530273,17.149999618530273,4259848,0.0,0.0
2024-02-20 09:00:00+08:00,17.25,17.950000762939453,17.049999237060547,17.649999618530273,0,0.0,0.0
2024-02-20 10:00:00+08:00,17.649999618530273,17.799999237060547,17.350000381469727,17.399999618530273,6785464,0.0,0.0
2024-02-20 11:00:00+08:00,17.399999618530273,17.450000762939453,16.899999618530273,17.049999237060547,10169131,0.0,0.0
2024-02-20 12:00:00+08:00,17.0,17.200000762939453,16.950000762939453,17.100000381469727,2156218,0.0,0.0
2024-02-20 13:00:00+08:00,17.149999618530273,17.299999237060547,17.0,17.0,3614511,0.0,0.0
2024-02-21 09:00:00+08:00,17.5,17.5,17.0,17.100000381469727,0,0.0,0.0
2024-02-21 10:00:00+08:00,17.100000381469727,17.5,17.100000381469727,17.200000762939453,4046882,0.0,0.0
2024-02-21 11:00:00+08:00,17.200000762939453,17.299999237060547,17.200000762939453,17.200000762939453,771089,0.0,0.0
2024-02-21 12:00:00+08:00,17.200000762939453,17.25,17.049999237060547,17.100000381469727,1727503,0.0,0.0
2024-02-21 13:00:00+08:00,17.100000381469727,17.149999618530273,17.049999237060547,17.100000381469727,982933,0.0,0.0
2024-02-22 09:00:00+08:00,17.200000762939453,17.25,16.899999618530273,16.950000762939453,0,0.0,0.0
2024-02-22 10:00:00+08:00,16.950000762939453,17.200000762939453,16.850000381469727,17.149999618530273,3249462,0.0,0.0
2024-02-22 11:00:00+08:00,17.149999618530273,18.100000381469727,17.149999618530273,17.75,21398976,0.0,0.0
2024-02-22 12:00:00+08:00,17.700000762939453,17.75,17.549999237060547,17.649999618530273,3441367,0.0,0.0
2024-02-22 13:00:00+08:00,17.649999618530273,17.700000762939453,17.450000762939453,17.549999237060547,3088978,0.0,0.0
2024-02-23 09:00:00+08:00,17.600000381469727,17.649999618530273,17.200000762939453,17.350000381469727,6537579,0.0,0.0
2024-02-23 10:00:00+08:00,17.350000381469727,17.75,17.149999618530273,17.700000762939453,7115213,0.0,0.0
2024-02-23 11:00:00+08:00,17.700000762939453,18.100000381469727,17.600000381469727,17.899999618530273,10580716,0.0,0.0
2024-02-23 12:00:00+08:00,17.899999618530273,18.0,17.799999237060547,17.850000381469727,8313300,0.0,0.0
2024-02-23 13:00:00+08:00,17.850000381469727,17.850000381469727,17.700000762939453,17.75,3344782,0.0,0.0
2024-02-26 09:00:00+08:00,17.850000381469727,17.950000762939453,17.649999618530273,17.799999237060547,0,0.0,0.0
2024-02-26 10:00:00+08:00,17.799999237060547,17.799999237060547,17.549999237060547,17.600000381469727,2703581,0.0,0.0
2024-02-26 11:00:00+08:00,17.600000381469727,17.75,17.600000381469727,17.600000381469727,1623849,0.0,0.0
2024-02-26 12:00:00+08:00,17.600000381469727,17.649999618530273,17.549999237060547,17.600000381469727,1242198,0.0,0.0
2024-02-26 13:00:00+08:00,17.549999237060547,17.649999618530273,17.549999237060547,17.600000381469727,1130020,0.0,0.0
2024-02-27 09:00:00+08:00,17.700000762939453,18.399999618530273,17.649999618530273,17.899999618530273,8124410,0.0,0.0
2024-02-27 10:00:00+08:00,17.899999618530273,17.950000762939453,17.350000381469727,17.700000762939453,6123173,0.0,0.0
2024-02-27 11:00:00+08:00,17.700000762939453,17.850000381469727,17.700000762939453,17.75,1248824,0.0,0.0
2024-02-27 12:00:00+08:00,17.700000762939453,17.75,17.649999618530273,17.700000762939453,1015435,0.0,0.0
2024-02-27 13:00:00+08:00,17.700000762939453,17.850000381469727,17.549999237060547,17.799999237060547,3305991,0.0,0.0
2024-02-29 09:00:00+08:00,18.049999237060547,19.200000762939453,18.0,18.75,0,0.0,0.0
2024-02-29 10:00:00+08:00,18.799999237060547,18.850000381469727,18.5,18.649999618530273,5618030,0.0,0.0
2024-02-29 11:00:00+08:00,18.649999618530273,19.299999237060547,18.600000381469727,18.950000762939453,15013869,0.0,0.0
2024-02-29 12:00:00+08:00,18.899999618530273,19.100000381469727,18.850000381469727,18.899999618530273,2980153,0.0,0.0
2024-02-29 13:00:00+08:00,18.899999618530273,19.100000381469727,18.799999237060547,19.049999237060547,3485686,0.0,0.0
2024-03-01 09:00:00+08:00,19.200000762939453,19.25,18.5,18.850000381469727,0,0.0,0.0
2024-03-01 10:00:00+08:00,18.850000381469727,18.850000381469727,18.600000381469727,18.799999237060547,3980325,0.0,0.0
2024-03-01 11:00:00+08:00,18.799999237060547,18.850000381469727,18.649999618530273,18.649999618530273,1890301,0.0,0.0
2024-03-01 12:00:00+08:00,18.649999618530273,18.75,18.5,18.700000762939453,4501359,0.0,0.0
2024-03-01 13:00:00+08:00,18.649999618530273,18.75,18.600000381469727,18.649999618530273,2144798,0.0,0.0
2024-03-04 09:00:00+08:00,18.899999618530273,19.200000762939453,18.549999237060547,18.700000762939453,0,0.0,0.0
2024-03-04 10:00:00+08:00,18.700000762939453,18.799999237060547,18.5,18.799999237060547,4452640,0.0,0.0
2024-03-04 11:00:00+08:00,18.799999237060547,18.950000762939453,18.700000762939453,18.700000762939453,2564094,0.0,0.0
2024-03-04 12:00:00+08:00,18.700000762939453,18.75,18.600000381469727,18.600000381469727,1214245,0.0,0.0
2024-03-04 13:00:00+08:00,18.649999618530273,18.649999618530273,18.549999237060547,18.600000381469727,1650938,0.0,0.0
2024-03-05 09:00:00+08:00,18.799999237060547,19.450000762939453,18.649999618530273,19.200000762939453,238187,0.0,0.0
2024-03-05 10:00:00+08:00,19.200000762939453,19.5,19.0,19.100000381469727,11682040,0.0,0.0
2024-03-05 11:00:00+08:00,19.100000381469727,19.799999237060547,19.049999237060547,19.450000762939453,14164630,0.0,0.0
2024-03-05 12:00:00+08:00,19.399999618530273,19.850000381469727,19.350000381469727,19.5,9245650,0.0,0.0
2024-03-05 13:00:00+08:00,19.5,19.700000762939453,19.450000762939453,19.600000381469727,3858456,0.0,0.0
2024-03-06 09:00:00+08:00,19.399999618530273,20.649999618530273,19.299999237060547,20.450000762939453,0,0.0,0.0
2024-03-06 10:00:00+08:00,20.450000762939453,21.5,20.399999618530273,21.5,26047742,0.0,0.0
2024-03-06 11:00:00+08:00,21.5,21.5,21.5,21.5,2030310,0.0,0.0
2024-03-06 12:00:00+08:00,21.5,21.5,21.5,21.5,1344400,0.0,0.0
2024-03-06 13:00:00+08:00,21.5,21.5,21.5,21.5,497256,0.0,0.0
2024-03-07 09:00:00+08:00,23.149999618530273,23.450000762939453,21.899999618530273,22.049999237060547,18575133,0.0,0.0
2024-03-07 10:00:00+08:00,22.100000381469727,22.100000381469727,21.450000762939453,21.600000381469727,21742769,0.0,0.0
2024-03-07 11:00:00+08:00,21.549999237060547,21.600000381469727,19.850000381469727,20.100000381469727,40516269,0.0,0.0
2024-03-07 12:00:00+08:00,20.149999618530273,20.450000762939453,19.899999618530273,20.200000762939453,22961711,0.0,0.0
2024-03-07 13:00:00+08:00,20.149999618530273,20.200000762939453,19.850000381469727,19.899999618530273,9162971,0.0,0.0
2024-03-08 09:00:00+08:00,20.0,20.700000762939453,19.25,19.850000381469727,31310632,0.0,0.0
2024-03-08 10:00:00+08:00,19.799999237060547,19.850000381469727,19.0,19.0,10581242,0.0,0.0
2024-03-08 11:00:00+08:00,19.0,19.100000381469727,18.049999237060547,18.450000762939453,20930376,0.0,0.0
2024-03-08 12:00:00+08:00,18.450000762939453,18.950000762939453,18.450000762939453,18.600000381469727,7447145,0.0,0.0
2024-03-08 13:00:00+08:00,18.600000381469727,18.75,18.5,18.75,3044998,0.0,0.0
2024-03-11 09:00:00+08:00,18.649999618530273,19.600000381469727,18.600000381469727,19.100000381469727,0,0.0,0.0
2024-03-11 10:00:00+08:00,19.149999618530273,19.299999237060547,18.950000762939453,19.149999618530273,5532008,0.0,0.0
2024-03-11 11:00:00+08:00,19.100000381469727,19.25,18.850000381469727,18.899999618530273,2130692,0.0,0.0
2024-03-11 12:00:00+08:00,18.899999618530273,18.899999618530273,18.700000762939453,18.75,3289062,0.0,0.0
2024-03-11 13:00:00+08:00,18.75,18.899999618530273,18.700000762939453,18.75,2054441,0.0,0.0
2024-03-12 09:00:00+08:00,18.700000762939453,18.799999237060547,18.299999237060547,18.5,0,0.0,0.0
2024-03-12 10:00:00+08:00,18.5,18.600000381469727,18.25,18.299999237060547,3199729,0.0,0.0
2024-03-12 11:00:00+08:00,18.299999237060547,18.299999237060547,17.799999237060547,18.0,10335957,0.0,0.0
2024-03-12 12:00:00+08:00,18.049999237060547,18.25,17.899999618530273,18.25,3923132,0.0,0.0
2024-03-12 13:00:00+08:00,18.25,18.5,18.200000762939453,18.350000381469727,3696470,0.0,0.0
2024-03-13 09:00:00+08:00,18.5,18.549999237060547,17.850000381469727,17.899999618530273,0,0.0,0.0
2024-03-13 10:00:00+08:00,17.899999618530273,17.950000762939453,17.600000381469727,17.649999618530273,6031886,0.0,0.0
2024-03-13 11:00:00+08:00,17.649999618530273,17.850000381469727,17.600000381469727,17.799999237060547,1732277,0.0,0.0
2024-03-13 12:00:00+08:00,17.799999237060547,17.850000381469727,17.600000381469727,17.75,2667373,0.0,0.0
2024-03-13 13:00:00+08:00,17.799999237060547,18.049999237060547,17.75,18.0,4119979,0.0,0.0
2024-03-14 09:00:00+08:00,18.0,18.049999237060547,17.450000762939453,17.899999618530273,0,0.0,0.0
2024-03-14 10:00:00+08:00,17.899999618530273,18.149999618530273,17.799999237060547,17.950000762939453,5528862,0.0,0.0
2024-03-14 11:00:00+08:00,17.950000762939453,18.049999237060547,17.799999237060547,17.899999618530273,2846671,0.0,0.0
2024-03-14 12:00:00+08:00,17.899999618530273,17.899999618530273,17.75,17.899999618530273,1749408,0.0,0.0
2024-03-14 13:00:00+08:00,17.899999618530273,18.0,17.850000381469727,17.850000381469727,4745080,0.0,0.0
2024-03-15 09:00:00+08:00,17.75,18.200000762939453,17.700000762939453,18.0,0,0.0,0.0
2024-03-15 10:00:00+08:00,18.0,18.0,17.450000762939453,17.649999618530273,4477338,0.0,0.0
2024-03-15 11:00:00+08:00,17.649999618530273,17.700000762939453,17.399999618530273,17.450000762939453,1638780,0.0,0.0
2024-03-15 12:00:00+08:00,17.399999618530273,17.649999618530273,17.350000381469727,17.399999618530273,3167713,0.0,0.0
2024-03-15 13:00:00+08:00,17.399999618530273,17.600000381469727,17.399999618530273,17.549999237060547,2039552,0.0,0.0
2024-03-18 09:00:00+08:00,17.5,17.549999237060547,17.149999618530273,17.450000762939453,0,0.0,0.0
2024-03-18 10:00:00+08:00,17.450000762939453,17.549999237060547,17.299999237060547,17.450000762939453,1081654,0.0,0.0
2024-03-18 11:00:00+08:00,17.5,17.5,17.350000381469727,17.5,877488,0.0,0.0
2024-03-18 12:00:00+08:00,17.450000762939453,17.649999618530273,17.450000762939453,17.600000381469727,1474772,0.0,0.0
2024-03-18 13:00:00+08:00,17.600000381469727,17.649999618530273,17.549999237060547,17.649999618530273,539272,0.0,0.0
2024-03-19 09:00:00+08:00,17.700000762939453,17.850000381469727,17.450000762939453,17.700000762939453,0,0.0,0.0
2024-03-19 10:00:00+08:00,17.700000762939453,17.899999618530273,17.649999618530273,17.649999618530273,1497542,0.0,0.0
2024-03-19 11:00:00+08:00,17.700000762939453,17.700000762939453,17.5,17.549999237060547,810857,0.0,0.0
2024-03-19 12:00:00+08:00,17.549999237060547,17.649999618530273,17.5,17.549999237060547,940576,0.0,0.0
2024-03-19 13:00:00+08:00,17.549999237060547,17.600000381469727,17.25,17.299999237060547,3202479,0.0,0.0
2024-03-20 09:00:00+08:00,17.399999618530273,17.600000381469727,17.200000762939453,17.200000762939453,4029267,0.0,0.0
2024-03-20 10:00:00+08:00,17.200000762939453,17.299999237060547,16.950000762939453,16.950000762939453,5251660,0.0,0.0
2024-03-20 11:00:00+08:00,17.0,17.149999618530273,16.850000381469727,17.049999237060547,4651711,0.0,0.0
2024-03-20 12:00:00+08:00,17.049999237060547,17.100000381469727,17.0,17.0,1251607,0.0,0.0
2024-03-20 13:00:00+08:00,17.049999237060547,17.049999237060547,17.0,17.0,948982,0.0,0.0
2024-03-21 09:00:00+08:00,17.299999237060547,17.350000381469727,17.049999237060547,17.149999618530273,0,0.0,0.0
2024-03-21 10:00:00+08:00,17.149999618530273,17.399999618530273,17.149999618530273,17.299999237060547,2136609,0.0,0.0
2024-03-21 11:00:00+08:00,17.299999237060547,17.350000381469727,17.25,17.25,613192,0.0,0.0
2024-03-21 12:00:00+08:00,17.25,17.350000381469727,17.25,17.299999237060547,690468,0.0,0.0
2024-03-21 13:00:00+08:00,17.299999237060547,17.399999618530273,17.299999237060547,17.350000381469727,1117881,0.0,0.0
2024-03-22 09:00:00+08:00,17.200000762939453,17.299999237060547,17.149999618530273,17.200000762939453,0,0.0,0.0
2024-03-22 10:00:00+08:00,17.25,17.25,17.100000381469727,17.100000381469727,961117,0.0,0.0
2024-03-22 11:00:00+08:00,17.100000381469727,17.299999237060547,17.049999237060547,17.25,1137359,0.0,0.0
2024-03-22 12:00:00+08:00,17.25,17.600000381469727,17.25,17.549999237060547,2248731,0.0,0.0
2024-03-22 13:00:00+08:00,17.549999237060547,17.600000381469727,17.450000762939453,17.549999237060547,785747,0.0,0.0
2024-03-25 09:00:00+08:00,17.850000381469727,17.850000381469727,17.600000381469727,17.700000762939453,0,0.0,0.0
2024-03-25 10:00:00+08:00,17.700000762939453,17.950000762939453,17.600000381469727,17.600000381469727,3326579,0.0,0.0
2024-03-25 11:00:00+08:00,17.600000381469727,17.899999618530273,17.600000381469727,17.899999618530273,2686487,0.0,0.0
2024-03-25 12:00:00+08:00,17.899999618530273,18.850000381469727,17.899999618530273,18.450000762939453,17812154,0.0,0.0
2024-03-25 13:00:00+08:00,18.450000762939453,18.5,18.350000381469727,18.450000762939453,2494809,0.0,0.0
2024-03-26 09:00:00+08:00,18.25,18.950000762939453,18.200000762939453,18.799999237060547,0,0.0,0.0
2024-03-26 10:00:00+08:00,18.75,18.899999618530273,18.350000381469727,18.399999618530273,5161692,0.0,0.0
2024-03-26 11:00:00+08:00,18.350000381469727,18.450000762939453,17.850000381469727,17.950000762939453,4597873,0.0,0.0
2024-03-26 12:00:00+08:00,17.950000762939453,18.149999618530273,17.950000762939453,17.950000762939453,1224968,0.0,0.0
2024-03-26 13:00:00+08:00,18.0,18.149999618530273,18.0,18.049999237060547,1354045,0.0,0.0
2024-03-27 09:00:00+08:00,18.100000381469727,18.25,17.899999618530273,18.049999237060547,0,0.0,0.0
2024-03-27 10:00:00+08:00,18.049999237060547,18.149999618530273,17.950000762939453,18.049999237060547,1071708,0.0,0.0
2024-03-27 11:00:00+08:00,18.100000381469727,18.200000762939453,18.0,18.149999618530273,903728,0.0,0.0
2024-03-27 12:00:00+08:00,18.149999618530273,18.200000762939453,18.049999237060547,18.149999618530273,1024443,0.0,0.0
2024-03-27 13:00:00+08:00,18.149999618530273,18.149999618530273,18.100000381469727,18.100000381469727,589036,0.0,0.0
2024-03-28 09:00:00+08:00,18.149999618530273,19.0,18.149999618530273,18.799999237060547,8663524,0.0,0.0
2024-03-28 10:00:00+08:00,18.799999237060547,18.850000381469727,18.399999618530273,18.450000762939453,2955164,0.0,0.0
2024-03-28 11:00:00+08:00,18.450000762939453,18.549999237060547,18.100000381469727,18.25,4034287,0.0,0.0
2024-03-28 12:00:00+08:00,18.299999237060547,18.350000381469727,18.149999618530273,18.25,1413171,0.0,0.0
2024-03-28 13:00:00+08:00,18.299999237060547,18.299999237060547,18.149999618530273,18.200000762939453,1577233,0.0,0.0
2024-03-29 09:00:00+08:00,18.200000762939453,19.100000381469727,18.149999618530273,18.850000381469727,18659992,0.0,0.0
2024-03-29 10:00:00+08:00,18.850000381469727,19.100000381469727,18.649999618530273,18.950000762939453,10479526,0.0,0.0
2024-03-29 11:00:00+08:00,18.950000762939453,19.0,18.799999237060547,18.850000381469727,2107948,0.0,0.0
2024-03-29 12:00:00+08:00,18.850000381469727,18.899999618530273,18.549999237060547,18.700000762939453,3180883,0.0,0.0
2024-03-29 13:00:00+08:00,18.700000762939453,18.799999237060547,18.600000381469727,18.700000762939453,2097620,0.0,0.0
2024-04-01 09:00:00+08:00,19.0,19.5,18.799999237060547,19.299999237060547,0,0.0,0.0
2024-04-01 10:00:00+08:00,19.299999237060547,19.350000381469727,19.049999237060547,19.25,2648572,0.0,0.0
2024-04-01 11:00:00+08:00,19.25,19.899999618530273,19.200000762939453,19.850000381469727,10725050,0.0,0.0
2024-04-01 12:00:00+08:00,19.850000381469727,20.100000381469727,19.799999237060547,20.0,13617553,0.0,0.0
2024-04-01 13:00:00+08:00,20.0,20.100000381469727,19.950000762939453,20.049999237060547,3359431,0.0,0.0
2024-04-02 09:00:00+08:00,20.049999237060547,20.100000381469727,19.350000381469727,19.700000762939453,0,0.0,0.0
2024-04-02 10:00:00+08:00,19.649999618530273,19.799999237060547,19.399999618530273,19.5,4625260,0.0,0.0
2024-04-02 11:00:00+08:00,19.5,19.5,19.100000381469727,19.100000381469727,4944002,0.0,0.0
2024-04-02 12:00:00+08:00,19.100000381469727,19.299999237060547,19.049999237060547,19.200000762939453,3341932,0.0,0.0
2024-04-02 13:00:00+08:00,19.25,19.399999618530273,19.149999618530273,19.299999237060547,2520720,0.0,0.0
2024-04-03 09:00:00+08:00,19.049999237060547,19.649999618530273,18.899999618530273,18.950000762939453,0,0.0,0.0
2024-04-03 10:00:00+08:00,18.950000762939453,19.149999618530273,18.850000381469727,19.0,2074120,0.0,0.0
2024-04-03 11:00:00+08:00,19.049999237060547,19.100000381469727,18.950000762939453,19.049999237060547,1012450,0.0,0.0
2024-04-03 12:00:00+08:00,19.0,19.049999237060547,18.899999618530273,18.950000762939453,1259615,0.0,0.0
2024-04-03 13:00:00+08:00,18.950000762939453,19.049999237060547,18.899999618530273,18.950000762939453,2040440,0.0,0.0
2024-04-08 09:00:00+08:00,19.0,19.100000381469727,18.5,18.700000762939453,0,0.0,0.0
2024-04-08 10:00:00+08:00,18.700000762939453,18.950000762939453,18.649999618530273,18.700000762939453,1676198,0.0,0.0
2024-04-08 11:00:00+08:00,18.700000762939453,18.700000762939453,18.549999237060547,18.600000381469727,1545787,0.0,0.0
2024-04-08 12:00:00+08:00,18.600000381469727,18.649999618530273,18.5,18.549999237060547,2163275,0.0,0.0
2024-04-08 13:00:00+08:00,18.549999237060547,18.549999237060547,18.450000762939453,18.5,1449226,0.0,0.0
2024-04-09 09:00:00+08:00,18.649999618530273,18.850000381469727,18.5,18.75,0,0.0,0.0
2024-04-09 10:00:00+08:00,18.75,19.100000381469727,18.649999618530273,18.850000381469727,3765777,0.0,0.0
2024-04-09 11:00:00+08:00,18.850000381469727,19.0,18.799999237060547,19.0,1254453,0.0,0.0
2024-04-09 12:00:00+08:00,19.0,19.149999618530273,18.899999618530273,19.049999237060547,3325436,0.0,0.0
2024-04-09 13:00:00+08:00,19.049999237060547,19.100000381469727,19.0,19.0,1407514,0.0,0.0
2024-04-10 09:00:00+08:00,19.0,19.399999618530273,18.850000381469727,19.200000762939453,0,0.0,0.0
2024-04-10 10:00:00+08:00,19.200000762939453,19.200000762939453,19.0,19.049999237060547,1296371,0.0,0.0
2024-04-10 11:00:00+08:00,19.0,19.100000381469727,18.850000381469727,18.899999618530273,1830217,0.0,0.0
2024-04-10 12:00:00+08:00,18.950000762939453,18.950000762939453,18.850000381469727,18.899999618530273,1162944,0.0,0.0
2024-04-10 13:00:00+08:00,18.899999618530273,19.0,18.899999618530273,18.950000762939453,849120,0.0,0.0
2024-04-11 09:00:00+08:00,18.799999237060547,19.0,18.649999618530273,18.700000762939453,0,0.0,0.0
2024-04-11 10:00:00+08:00,18.700000762939453,18.850000381469727,18.649999618530273,18.649999618530273,858828,0.0,0.0
2024-04-11 11:00:00+08:00,18.649999618530273,18.700000762939453,18.549999237060547,18.600000381469727,1526286,0.0,0.0
2024-04-11 12:00:00+08:00,18.600000381469727,18.700000762939453,18.549999237060547,18.649999618530273,790733,0.0,0.0
2024-04-11 13:00:00+08:00,18.649999618530273,18.700000762939453,18.600000381469727,18.649999618530273,605671,0.0,0.0
2024-04-12 09:00:00+08:00,18.799999237060547,19.75,18.75,19.399999618530273,9812681,0.0,0.0
2024-04-12 10:00:00+08:00,19.399999618530273,19.799999237060547,19.350000381469727,19.549999237060547,8045230,0.0,0.0
2024-04-12 11:00:00+08:00,19.549999237060547,19.700000762939453,19.149999618530273,19.25,3709906,0.0,0.0
2024-04-12 12:00:00+08:00,19.25,19.299999237060547,19.149999618530273,19.25,1476160,0.0,0.0
2024-04-12 13:00:00+08:00,19.25,19.350000381469727,19.200000762939453,19.299999237060547,1228323,0.0,0.0
2024-04-15 09:00:00+08:00,19.0,19.200000762939453,18.899999618530273,19.100000381469727,0,0.0,0.0
2024-04-15 10:00:00+08:00,19.100000381469727,19.100000381469727,18.799999237060547,18.850000381469727,2797601,0.0,0.0
2024-04-15 11:00:00+08:00,18.850000381469727,18.850000381469727,18.700000762939453,18.700000762939453,1505388,0.0,0.0
2024-04-15 12:00:00+08:00,18.75,18.799999237060547,18.700000762939453,18.75,893945,0.0,0.0
2024-04-15 13:00:00+08:00,18.700000762939453,18.75,18.549999237060547,18.549999237060547,1670053,0.0,0.0
2024-04-16 09:00:00+08:00,18.399999618530273,18.399999618530273,17.649999618530273,17.700000762939453,0,0.0,0.0
2024-04-16 10:00:00+08:00,17.700000762939453,17.75,17.350000381469727,17.75,4037356,0.0,0.0
2024-04-16 11:00:00+08:00,17.75,17.799999237060547,17.649999618530273,17.75,800845,0.0,0.0
2024-04-16 12:00:00+08:00,17.75,17.75,17.600000381469727,17.700000762939453,1086574,0.0,0.0
2024-04-16 13:00:00+08:00,17.75,18.100000381469727,17.700000762939453,18.0,1426951,0.0,0.0
2024-04-17 09:00:00+08:00,18.049999237060547,18.799999237060547,18.049999237060547,18.700000762939453,0,0.0,0.0
2024-04-17 10:00:00+08:00,18.700000762939453,18.850000381469727,18.649999618530273,18.799999237060547,1709635,0.0,0.0
2024-04-17 11:00:00+08:00,18.75,18.799999237060547,18.600000381469727,18.600000381469727,544972,0.0,0.0
2024-04-17 12:00:00+08:00,18.649999618530273,18.700000762939453,18.450000762939453,18.450000762939453,662773,0.0,0.0
2024-04-17 13:00:00+08:00,18.450000762939453,18.600000381469727,18.450000762939453,18.5,563475,0.0,0.0
2024-04-18 09:00:00+08:00,18.399999618530273,18.649999618530273,18.25,18.5,1811076,0.0,0.0
2024-04-18 10:00:00+08:00,18.5,18.549999237060547,18.350000381469727,18.549999237060547,1254415,0.0,0.0
2024-04-18 11:00:00+08:00,18.5,18.5,18.25,18.299999237060547,1132896,0.0,0.0
2024-04-18 12:00:00+08:00,18.350000381469727,18.350000381469727,18.200000762939453,18.25,1203885,0.0,0.0
2024-04-18 13:00:00+08:00,18.25,18.299999237060547,18.200000762939453,18.200000762939453,623833,0.0,0.0
2024-04-19 09:00:00+08:00,18.0,18.149999618530273,17.649999618530273,17.75,0,0.0,0.0
2024-04-19 10:00:00+08:00,17.75,17.75,17.299999237060547,17.299999237060547,2988680,0.0,0.0
2024-04-19 11:00:00+08:00,17.299999237060547,17.700000762939453,17.200000762939453,17.649999618530273,1522793,0.0,0.0
2024-04-19 12:00:00+08:00,17.600000381469727,17.899999618530273,17.600000381469727,17.899999618530273,1124650,0.0,0.0
2024-04-19 13:00:00+08:00,17.799999237060547,17.850000381469727,17.600000381469727,17.649999618530273,677108,0.0,0.0
2024-04-22 09:00:00+08:00,17.75,17.850000381469727,17.450000762939453,17.549999237060547,0,0.0,0.0
2024-04-22 10:00:00+08:00,17.549999237060547,17.549999237060547,17.100000381469727,17.299999237060547,2621807,0.0,0.0
2024-04-22 11:00:00+08:00,17.25,17.25,17.049999237060547,17.049999237060547,1266501,0.0,0.0
2024-04-22 12:00:00+08:00,17.049999237060547,17.200000762939453,17.049999237060547,17.100000381469727,781669,0.0,0.0
2024-04-22 13:00:00+08:00,17.100000381469727,17.100000381469727,16.899999618530273,16.950000762939453,1944198,0.0,0.0
2024-04-23 09:00:00+08:00,17.100000381469727,17.350000381469727,16.899999618530273,17.0,0,0.0,0.0
2024-04-23 10:00:00+08:00,17.0,17.049999237060547,16.899999618530273,17.0,923655,0.0,0.0
2024-04-23 11:00:00+08:00,16.950000762939453,17.049999237060547,16.950000762939453,17.049999237060547,483320,0.0,0.0
2024-04-23 12:00:00+08:00,17.049999237060547,17.299999237060547,17.049999237060547,17.25,1253222,0.0,0.0
2024-04-23 13:00:00+08:00,17.25,17.299999237060547,17.200000762939453,17.25,451984,0.0,0.0
2024-04-24 09:00:00+08:00,17.350000381469727,17.799999237060547,17.350000381469727,17.700000762939453,0,0.0,0.0
2024-04-24 10:00:00+08:00,17.649999618530273,17.75,17.600000381469727,17.600000381469727,429865,0.0,0.0
2024-04-24 11:00:00+08:00,17.600000381469727,17.700000762939453,17.600000381469727,17.649999618530273,276377,0.0,0.0
2024-04-24 12:00:00+08:00,17.649999618530273,17.75,17.600000381469727,17.75,531238,0.0,0.0
2024-04-24 13:00:00+08:00,17.75,17.799999237060547,17.700000762939453,17.799999237060547,583014,0.0,0.0
2024-04-25 09:00:00+08:00,17.649999618530273,17.75,17.399999618530273,17.5,1221545,0.0,0.0
2024-04-25 10:00:00+08:00,17.5,17.700000762939453,17.5,17.549999237060547,541013,0.0,0.0
2024-04-25 11:00:00+08:00,17.549999237060547,17.549999237060547,17.450000762939453,17.5,286506,0.0,0.0
2024-04-25 12:00:00+08:00,17.5,17.549999237060547,17.25,17.350000381469727,1355396,0.0,0.0
2024-04-25 13:00:00+08:00,17.299999237060547,17.399999618530273,17.299999237060547,17.399999618530273,519939,0.0,0.0
2024-04-26 09:00:00+08:00,17.600000381469727,17.75,17.600000381469727,17.700000762939453,0,0.0,0.0
2024-04-26 10:00:00+08:00,17.700000762939453,17.75,17.549999237060547,17.549999237060547,710837,0.0,0.0
2024-04-26 11:00:00+08:00,17.549999237060547,17.649999618530273,17.5,17.549999237060547,772842,0.0,0.0
2024-04-26 12:00:00+08:00,17.549999237060547,17.549999237060547,17.450000762939453,17.5,494084,0.0,0.0
2024-04-26 13:00:00+08:00,17.5,17.549999237060547,17.399999618530273,17.5,603432,0.0,0.0
2024-04-29 09:00:00+08:00,17.799999237060547,18.399999618530273,17.649999618530273,18.299999237060547,984946,0.0,0.0
2024-04-29 10:00:00+08:00,18.299999237060547,18.75,18.299999237060547,18.600000381469727,4083787,0.0,0.0
2024-04-29 11:00:00+08:00,18.600000381469727,18.75,18.450000762939453,18.700000762939453,2280503,0.0,0.0
2024-04-29 12:00:00+08:00,18.700000762939453,18.75,18.600000381469727,18.600000381469727,1339876,0.0,0.0
2024-04-29 13:00:00+08:00,18.600000381469727,18.700000762939453,18.5,18.549999237060547,857540,0.0,0.0
2024-04-30 09:00:00+08:00,18.600000381469727,19.049999237060547,18.549999237060547,18.600000381469727,0,0.0,0.0
2024-04-30 10:00:00+08:00,18.649999618530273,18.649999618530273,18.399999618530273,18.5,1084619,0.0,0.0
2024-04-30 11:00:00+08:00,18.5,18.600000381469727,18.399999618530273,18.5,581495,0.0,0.0
2024-04-30 12:00:00+08:00,18.5,18.549999237060547,18.200000762939453,18.299999237060547,2416288,0.0,0.0
2024-04-30 13:00:00+08:00,18.299999237060547,18.399999618530273,18.100000381469727,18.200000762939453,1697160,0.0,0.0
2024-05-02 09:00:00+08:00,18.200000762939453,18.299999237060547,17.75,18.100000381469727,0,0.0,0.0
2024-05-02 10:00:00+08:00,18.100000381469727,18.149999618530273,17.899999618530273,18.049999237060547,721541,0.0,0.0
2024-05-02 11:00:00+08:00,18.049999237060547,18.100000381469727,18.0,18.049999237060547,253338,0.0,0.0
2024-05-02 12:00:00+08:00,18.100000381469727,18.149999618530273,18.049999237060547,18.149999618530273,526018,0.0,0.0
2024-05-02 13:00:00+08:00,18.100000381469727,18.149999618530273,18.049999237060547,18.149999618530273,289419,0.0,0.0
2024-05-03 09:00:00+08:00,18.350000381469727,18.700000762939453,18.299999237060547,18.399999618530273,0,0.0,0.0
2024-05-03 10:00:00+08:00,18.399999618530273,18.450000762939453,18.25,18.299999237060547,961040,0.0,0.0
2024-05-03 11:00:00+08:00,18.299999237060547,19.049999237060547,18.200000762939453,19.0,5303184,0.0,0.0
2024-05-03 12:00:00+08:00,18.950000762939453,19.100000381469727,18.350000381469727,18.350000381469727,9182222,0.0,0.0
2024-05-03 13:00:00+08:00,18.350000381469727,18.549999237060547,18.299999237060547,18.549999237060547,1484088,0.0,0.0
2024-05-06 09:00:00+08:00,18.700000762939453,18.700000762939453,18.299999237060547,18.299999237060547,0,0.0,0.0
2024-05-06 10:00:00+08:00,18.299999237060547,18.850000381469727,18.25,18.700000762939453,4083925,0.0,0.0
2024-05-06 11:00:00+08:00,18.700000762939453,18.75,18.5,18.549999237060547,969090,0.0,0.0
2024-05-06 12:00:00+08:00,18.549999237060547,18.600000381469727,18.450000762939453,18.5,880994,0.0,0.0
2024-05-06 13:00:00+08:00,18.5,18.5,18.399999618530273,18.399999618530273,916939,0.0,0.0
2024-05-07 09:00:00+08:00,18.600000381469727,19.100000381469727,18.399999618530273,18.450000762939453,5550259,0.0,0.0
2024-05-07 10:00:00+08:00,18.450000762939453,18.450000762939453,18.299999237060547,18.350000381469727,1475220,0.0,0.0
2024-05-07 11:00:00+08:00,18.399999618530273,19.100000381469727,18.299999237060547,19.0,5057873,0.0,0.0
2024-05-07 12:00:00+08:00,18.950000762939453,19.0,18.600000381469727,18.600000381469727,1594387,0.0,0.0
2024-05-07 13:00:00+08:00,18.600000381469727,18.700000762939453,18.600000381469727,18.700000762939453,1039235,0.0,0.0
2024-05-08 09:00:00+08:00,18.75,19.149999618530273,18.649999618530273,19.0,0,0.0,0.0
2024-05-08 10:00:00+08:00,18.950000762939453,19.899999618530273,18.899999618530273,19.799999237060547,15132452,0.0,0.0
2024-05-08 11:00:00+08:00,19.799999237060547,19.950000762939453,19.549999237060547,19.799999237060547,10575863,0.0,0.0
2024-05-08 12:00:00+08:00,19.799999237060547,19.850000381469727,19.600000381469727,19.700000762939453,3816567,0.0,0.0
2024-05-08 13:00:00+08:00,19.700000762939453,19.75,19.600000381469727,19.700000762939453,2275087,0.0,0.0
2024-05-09 09:00:00+08:00,20.049999237060547,20.25,19.399999618530273,20.049999237060547,0,0.0,0.0
2024-05-09 10:00:00+08:00,20.049999237060547,20.149999618530273,19.350000381469727,19.5,9962668,0.0,0.0
2024-05-09 11:00:00+08:00,19.549999237060547,19.649999618530273,19.5,19.549999237060547,1340875,0.0,0.0
2024-05-09 12:00:00+08:00,19.549999237060547,19.549999237060547,19.350000381469727,19.350000381469727,2636868,0.0,0.0
2024-05-09 13:00:00+08:00,19.350000381469727,19.399999618530273,19.200000762939453,19.25,2831555,0.0,0.0
2024-05-10 09:00:00+08:00,19.350000381469727,19.450000762939453,18.850000381469727,19.0,0,0.0,0.0
2024-05-10 10:00:00+08:00,19.0,19.200000762939453,18.799999237060547,19.200000762939453,2705197,0.0,0.0
2024-05-10 11:00:00+08:00,19.200000762939453,19.350000381469727,19.100000381469727,19.149999618530273,1306549,0.0,0.0
2024-05-10 12:00:00+08:00,19.149999618530273,19.549999237060547,19.149999618530273,19.450000762939453,3052269,0.0,0.0
2024-05-10 13:00:00+08:00,19.450000762939453,19.5,19.350000381469727,19.350000381469727,1178494,0.0,0.0
2024-05-13 09:00:00+08:00,19.600000381469727,19.75,19.25,19.350000381469727,0,0.0,0.0
2024-05-13 10:00:00+08:00,19.350000381469727,19.799999237060547,19.299999237060547,19.549999237060547,3947552,0.0,0.0
2024-05-13 11:00:00+08:00,19.5,19.799999237060547,19.450000762939453,19.75,3465602,0.0,0.0
2024-05-13 12:00:00+08:00,19.75,19.799999237060547,19.5,19.549999237060547,2475235,0.0,0.0
2024-05-13 13:00:00+08:00,19.549999237060547,19.549999237060547,19.450000762939453,19.5,939657,0.0,0.0
2024-05-14 09:00:00+08:00,19.75,20.149999618530273,19.600000381469727,20.100000381469727,649829,0.0,0.0
2024-05-14 10:00:00+08:00,20.149999618530273,20.149999618530273,19.700000762939453,19.75,3592754,0.0,0.0
2024-05-14 11:00:00+08:00,19.75,19.75,19.549999237060547,19.600000381469727,3178822,0.0,0.0
2024-05-14 12:00:00+08:00,19.600000381469727,19.600000381469727,19.350000381469727,19.399999618530273,2942443,0.0,0.0
2024-05-14 13:00:00+08:00,19.399999618530273,19.399999618530273,19.149999618530273,19.200000762939453,2999242,0.0,0.0
2024-05-15 09:00:00+08:00,19.299999237060547,19.5,19.200000762939453,19.299999237060547,0,0.0,0.0
2024-05-15 10:00:00+08:00,19.299999237060547,19.299999237060547,19.0,19.25,2106356,0.0,0.0
2024-05-15 11:00:00+08:00,19.25,19.549999237060547,19.25,19.350000381469727,3116854,0.0,0.0
2024-05-15 12:00:00+08:00,19.350000381469727,19.450000762939453,19.200000762939453,19.25,1198574,0.0,0.0
2024-05-15 13:00:00+08:00,19.25,19.350000381469727,19.25,19.299999237060547,1110851,0.0,0.0
2024-05-16 09:00:00+08:00,19.450000762939453,19.75,19.399999618530273,19.5,3919316,0.0,0.0
2024-05-16 10:00:00+08:00,19.5,19.75,19.450000762939453,19.600000381469727,2429483,0.0,0.0
2024-05-16 11:00:00+08:00,19.600000381469727,19.700000762939453,19.5,19.600000381469727,2524079,0.0,0.0
2024-05-16 12:00:00+08:00,19.600000381469727,19.649999618530273,19.5,19.549999237060547,1294344,0.0,0.0
2024-05-16 13:00:00+08:00,19.5,19.549999237060547,19.399999618530273,19.5,1105808,0.0,0.0
2024-05-17 09:00:00+08:00,19.600000381469727,20.0,19.350000381469727,19.850000381469727,0,0.0,0.0
2024-05-17 10:00:00+08:00,19.850000381469727,20.049999237060547,19.649999618530273,19.700000762939453,8054713,0.0,0.0
2024-05-17 11:00:00+08:00,19.700000762939453,19.850000381469727,19.549999237060547,19.850000381469727,2244262,0.0,0.0
2024-05-17 12:00:00+08:00,19.850000381469727,19.850000381469727,19.700000762939453,19.700000762939453,1888259,0.0,0.0
2024-05-17 13:00:00+08:00,19.700000762939453,19.799999237060547,19.649999618530273,19.75,1955471,0.0,0.0
2024-05-20 09:00:00+08:00,19.899999618530273,20.049999237060547,19.649999618530273,19.700000762939453,0,0.0,0.0
2024-05-20 10:00:00+08:00,19.75,19.850000381469727,19.649999618530273,19.700000762939453,1090839,0.0,0.0
2024-05-20 11:00:00+08:00,19.700000762939453,19.75,19.450000762939453,19.649999618530273,2801214,0.0,0.0
2024-05-20 12:00:00+08:00,19.649999618530273,19.649999618530273,19.549999237060547,19.549999237060547,1203988,0.0,0.0
2024-05-20 13:00:00+08:00,19.549999237060547,19.700000762939453,19.549999237060547,19.600000381469727,1050676,0.0,0.0
2024-05-21 09:00:00+08:00,19.649999618530273,19.899999618530273,19.600000381469727,19.850000381469727,0,0.0,0.0
2024-05-21 10:00:00+08:00,19.850000381469727,20.75,19.700000762939453,20.700000762939453,24922111,0.0,0.0
2024-05-21 11:00:00+08:00,20.700000762939453,21.549999237060547,20.549999237060547,21.549999237060547,28923082,0.0,0.0
2024-05-21 12:00:00+08:00,21.549999237060547,21.549999237060547,21.549999237060547,21.549999237060547,1830784,0.0,0.0
2024-05-21 13:00:00+08:00,21.549999237060547,21.549999237060547,21.549999237060547,21.549999237060547,517180,0.0,0.0
2024-05-22 09:00:00+08:00,21.200000762939453,23.5,21.100000381469727,23.299999237060547,44902140,0.0,0.0
2024-05-22 10:00:00+08:00,23.25,23.700000762939453,22.850000381469727,23.299999237060547,36495871,0.0,0.0
2024-05-22 11:00:00+08:00,23.350000381469727,23.700000762939453,23.25,23.600000381469727,19968277,0.0,0.0
2024-05-22 12:00:00+08:00,23.600000381469727,23.700000762939453,23.450000762939453,23.700000762939453,15209316,0.0,0.0
2024-05-22 13:00:00+08:00,23.700000762939453,23.700000762939453,23.700000762939453,23.700000762939453,960978,0.0,0.0
2024-05-23 09:00:00+08:00,24.0,25.100000381469727,23.850000381469727,24.549999237060547,0,0.0,0.0
2024-05-23 10:00:00+08:00,24.549999237060547,24.600000381469727,24.0,24.399999618530273,18408131,0.0,0.0
2024-05-23 11:00:00+08:00,24.399999618530273,24.5,24.049999237060547,24.100000381469727,11430052,0.0,0.0
2024-05-23 12:00:00+08:00,24.100000381469727,25.549999237060547,24.049999237060547,24.75,60078470,0.0,0.0
2024-05-23 13:00:00+08:00,24.649999618530273,24.950000762939453,24.600000381469727,24.799999237060547,11891701,0.0,0.0
2024-05-24 09:00:00+08:00,24.600000381469727,24.950000762939453,24.049999237060547,24.600000381469727,33096021,0.0,0.0
2024-05-24 10:00:00+08:00,24.600000381469727,24.649999618530273,23.399999618530273,24.149999618530273,24963146,0.0,0.0
2024-05-24 11:00:00+08:00,24.149999618530273,25.600000381469727,24.100000381469727,25.399999618530273,35823191,0.0,0.0
2024-05-24 12:00:00+08:00,25.399999618530273,25.950000762939453,25.25,25.549999237060547,27805161,0.0,0.0
2024-05-24 13:00:00+08:00,25.5,26.0,25.450000762939453,25.799999237060547,14062996,0.0,0.0
2024-05-27 09:00:00+08:00,26.0,26.100000381469727,24.0,25.299999237060547,0,0.0,0.0
2024-05-27 10:00:00+08:00,25.25,25.299999237060547,24.75,25.0,10339562,0.0,0.0
2024-05-27 11:00:00+08:00,25.049999237060547,25.049999237060547,24.600000381469727,24.850000381469727,7715131,0.0,0.0
2024-05-27 12:00:00+08:00,24.899999618530273,24.899999618530273,24.399999618530273,24.399999618530273,10177284,0.0,0.0
2024-05-27 13:00:00+08:00,24.399999618530273,24.649999618530273,24.25,24.25,9273830,0.0,0.0
2024-05-28 09:00:00+08:00,24.350000381469727,26.100000381469727,24.25,25.899999618530273,0,0.0,0.0
2024-05-28 10:00:00+08:00,25.899999618530273,26.200000762939453,25.200000762939453,25.5,21088631,0.0,0.0
2024-05-28 11:00:00+08:00,25.5,25.799999237060547,25.299999237060547,25.399999618530273,6535610,0.0,0.0
2024-05-28 12:00:00+08:00,25.450000762939453,25.700000762939453,25.299999237060547,25.399999618530273,5559810,0.0,0.0
2024-05-28 13:00:00+08:00,25.399999618530273,25.549999237060547,25.100000381469727,25.350000381469727,7553876,0.0,0.0
2024-05-29 09:00:00+08:00,25.350000381469727,27.100000381469727,25.0,26.950000762939453,0,0.0,0.0
2024-05-29 10:00:00+08:00,26.950000762939453,27.649999618530273,26.799999237060547,27.649999618530273,26301128,0.0,0.0
2024-05-29 11:00:00+08:00,27.649999618530273,27.649999618530273,27.649999618530273,27.649999618530273,1310223,0.0,0.0
2024-05-29 12:00:00+08:00,27.649999618530273,27.649999618530273,27.649999618530273,27.649999618530273,922617,0.0,0.0
2024-05-29 13:00:00+08:00,27.649999618530273,27.649999618530273,27.649999618530273,27.649999618530273,405374,0.0,0.0
2024-05-30 09:00:00+08:00,27.649999618530273,28.950000762939453,27.200000762939453,28.100000381469727,45507513,0.0,0.0
2024-05-30 10:00:00+08:00,28.100000381469727,28.700000762939453,27.75,28.149999618530273,26929340,0.0,0.0
2024-05-30 11:00:00+08:00,28.149999618530273,28.200000762939453,27.399999618530273,27.799999237060547,15548224,0.0,0.0
2024-05-30 12:00:00+08:00,27.75,27.799999237060547,27.200000762939453,27.399999618530273,17743518,0.0,0.0
2024-05-30 13:00:00+08:00,27.399999618530273,27.450000762939453,25.299999237060547,25.899999618530273,33776241,0.0,0.0
2024-05-31 09:00:00+08:00,26.399999618530273,27.049999237060547,25.850000381469727,26.200000762939453,0,0.0,0.0
2024-05-31 10:00:00+08:00,26.25,26.350000381469727,25.850000381469727,26.100000381469727,10392618,0.0,0.0
2024-05-31 11:00:00+08:00,26.100000381469727,26.149999618530273,25.549999237060547,26.0,8961038,0.0,0.0
2024-05-31 12:00:00+08:00,26.0,26.100000381469727,25.5,25.899999618530273,9630417,0.0,0.0
2024-05-31 13:00:00+08:00,25.899999618530273,25.950000762939453,25.549999237060547,25.649999618530273,7103585,0.0,0.0
2024-06-03 09:00:00+08:00,25.799999237060547,26.350000381469727,25.049999237060547,25.950000762939453,0,0.0,0.0
2024-06-03 10:00:00+08:00,25.950000762939453,26.899999618530273,25.899999618530273,26.399999618530273,22580595,0.0,0.0
2024-06-03 11:00:00+08:00,26.399999618530273,26.600000381469727,26.049999237060547,26.200000762939453,7117583,0.0,0.0
2024-06-03 12:00:00+08:00,26.200000762939453,26.200000762939453,25.799999237060547,25.950000762939453,4197321,0.0,0.0
2024-06-03 13:00:00+08:00,25.950000762939453,26.700000762939453,25.850000381469727,26.649999618530273,7817814,0.0,0.0
2024-06-04 09:00:00+08:00,26.5,28.0,26.399999618530273,27.600000381469727,0,0.0,0.0
2024-06-04 10:00:00+08:00,27.649999618530273,27.799999237060547,26.700000762939453,26.75,15305234,0.0,0.0
2024-06-04 11:00:00+08:00,26.799999237060547,27.450000762939453,26.700000762939453,27.25,9347440,0.0,0.0
2024-06-04 12:00:00+08:00,27.25,27.25,26.049999237060547,26.149999618530273,10190821,0.0,0.0
2024-06-04 13:00:00+08:00,26.149999618530273,26.700000762939453,26.149999618530273,26.5,6162451,0.0,0.0
2024-06-05 09:00:00+08:00,27.100000381469727,29.149999618530273,26.799999237060547,29.149999618530273,3412250,0.0,0.0
2024-06-05 10:00:00+08:00,29.149999618530273,29.149999618530273,27.100000381469727,27.75,64126799,0.0,0.0
2024-06-05 11:00:00+08:00,27.799999237060547,28.200000762939453,27.549999237060547,28.049999237060547,12802995,0.0,0.0
2024-06-05 12:00:00+08:00,28.049999237060547,28.649999618530273,27.700000762939453,27.75,16403581,0.0,0.0
2024-06-05 13:00:00+08:00,27.75,27.950000762939453,27.549999237060547,27.799999237060547,6555985,0.0,0.0
2024-06-06 09:00:00+08:00,27.5,28.299999237060547,27.049999237060547,27.600000381469727,0,0.0,0.0
2024-06-06 10:00:00+08:00,27.600000381469727,27.899999618530273,26.950000762939453,27.399999618530273,26984479,0.0,0.0
2024-06-06 11:00:00+08:00,27.399999618530273,27.549999237060547,27.100000381469727,27.200000762939453,4762766,0.0,0.0
2024-06-06 12:00:00+08:00,27.200000762939453,27.299999237060547,26.850000381469727,26.950000762939453,9568198,0.0,0.0
2024-06-06 13:00:00+08:00,26.950000762939453,27.149999618530273,26.799999237060547,26.899999618530273,8897851,0.0,0.0
2024-06-07 09:00:00+08:00,27.350000381469727,27.700000762939453,27.049999237060547,27.25,0,0.0,0.0
2024-06-07 10:00:00+08:00,27.25,27.649999618530273,27.149999618530273,27.5,6919464,0.0,0.0
2024-06-07 11:00:00+08:00,27.5,28.950000762939453,27.450000762939453,28.600000381469727,41963126,0.0,0.0
2024-06-07 12:00:00+08:00,28.600000381469727,28.799999237060547,28.25,28.350000381469727,14364802,0.0,0.0
2024-06-07 13:00:00+08:00,28.450000762939453,29.100000381469727,28.25,28.950000762939453,14823003,0.0,0.0
2024-06-11 09:00:00+08:00,29.100000381469727,29.100000381469727,27.799999237060547,28.0,0,0.0,0.0
2024-06-11 10:00:00+08:00,28.0,28.200000762939453,27.299999237060547,27.549999237060547,16471553,0.0,0.0
2024-06-11 11:00:00+08:00,27.549999237060547,27.75,27.299999237060547,27.700000762939453,4649368,0.0,0.0
2024-06-11 12:00:00+08:00,27.700000762939453,27.950000762939453,27.399999618530273,27.5,5076227,0.0,0.0
2024-06-11 13:00:00+08:00,27.5,27.600000381469727,27.299999237060547,27.350000381469727,7366555,0.0,0.0
2024-06-12 09:00:00+08:00,27.5,28.299999237060547,27.299999237060547,27.799999237060547,0,0.0,0.0
2024-06-12 10:00:00+08:00,27.75,27.850000381469727,27.450000762939453,27.600000381469727,5228948,0.0,0.0
2024-06-12 11:00:00+08:00,27.649999618530273,27.950000762939453,27.600000381469727,27.75,4083205,0.0,0.0
2024-06-12 12:00:00+08:00,27.75,27.799999237060547,27.5,27.600000381469727,4585426,0.0,0.0
2024-06-12 13:00:00+08:00,27.600000381469727,27.649999618530273,27.25,27.5,6464839,0.0,0.0
2024-06-13 09:00:00+08:00,27.5,27.75,25.600000381469727,26.600000381469727,0,0.0,0.0
2024-06-13 10:00:00+08:00,26.600000381469727,26.600000381469727,26.049999237060547,26.25,6866909,0.0,0.0
2024-06-13 11:00:00+08:00,26.25,26.299999237060547,26.0,26.200000762939453,5176883,0.0,0.0
2024-06-13 12:00:00+08:00,26.200000762939453,26.299999237060547,25.700000762939453,26.049999237060547,13154863,0.0,0.0
2024-06-13 13:00:00+08:00,26.049999237060547,26.350000381469727,26.049999237060547,26.25,6724682,0.0,0.0
2024-06-14 09:00:00+08:00,26.700000762939453,26.75,26.049999237060547,26.25,0,0.0,0.0
2024-06-14 10:00:00+08:00,26.25,26.350000381469727,26.100000381469727,26.299999237060547,2453091,0.0,0.0
2024-06-14 11:00:00+08:00,26.299999237060547,26.299999237060547,25.799999237060547,25.850000381469727,6899602,0.0,0.0
2024-06-14 12:00:00+08:00,25.850000381469727,26.100000381469727,25.700000762939453,25.850000381469727,7662455,0.0,0.0
2024-06-14 13:00:00+08:00,25.850000381469727,26.049999237060547,25.75,25.799999237060547,3520427,0.0,0.0
2024-06-17 09:00:00+08:00,25.850000381469727,27.450000762939453,25.799999237060547,27.299999237060547,0,0.0,0.0
2024-06-17 10:00:00+08:00,27.299999237060547,27.5,26.649999618530273,27.299999237060547,13117495,0.0,0.0
2024-06-17 11:00:00+08:00,27.350000381469727,27.600000381469727,27.100000381469727,27.25,5853879,0.0,0.0
2024-06-17 12:00:00+08:00,27.25,27.399999618530273,27.0,27.200000762939453,5846915,0.0,0.0
2024-06-17 13:00:00+08:00,27.200000762939453,27.25,27.049999237060547,27.100000381469727,3791438,0.0,0.0
2024-06-18 09:00:00+08:00,27.25,28.049999237060547,27.049999237060547,27.299999237060547,0,0.0,0.0
2024-06-18 10:00:00+08:00,27.299999237060547,27.549999237060547,27.0,27.100000381469727,6729870,0.0,0.0
2024-06-18 11:00:00+08:00,27.149999618530273,27.149999618530273,26.75,26.950000762939453,5729953,0.0,0.0
2024-06-18 12:00:00+08:00,26.950000762939453,27.549999237060547,26.75,27.399999618530273,7990964,0.0,0.0
2024-06-18 13:00:00+08:00,27.399999618530273,27.549999237060547,27.25,27.350000381469727,7590114,0.0,0.0
2024-06-19 09:00:00+08:00,27.600000381469727,28.299999237060547,27.299999237060547,27.549999237060547,0,0.0,0.0
2024-06-19 10:00:00+08:00,27.600000381469727,27.600000381469727,27.049999237060547,27.25,8316422,0.0,0.0
2024-06-19 11:00:00+08:00,27.25,27.25,26.649999618530273,27.0,8191772,0.0,0.0
2024-06-19 12:00:00+08:00,26.950000762939453,27.0,26.649999618530273,26.700000762939453,4078856,0.0,0.0
2024-06-19 13:00:00+08:00,26.700000762939453,26.75,26.5,26.649999618530273,6725772,0.0,0.0
2024-06-20 09:00:00+08:00,26.649999618530273,27.899999618530273,26.5,27.600000381469727,0,0.0,0.0
2024-06-20 10:00:00+08:00,27.600000381469727,27.600000381469727,27.100000381469727,27.25,5109477,0.0,0.0
2024-06-20 11:00:00+08:00,27.25,27.600000381469727,27.200000762939453,27.399999618530273,2998530,0.0,0.0
2024-06-20 12:00:00+08:00,27.399999618530273,27.450000762939453,27.25,27.350000381469727,2241514,0.0,0.0
2024-06-20 13:00:00+08:00,27.350000381469727,27.5,27.25,27.399999618530273,3024760,0.0,0.0
2024-06-21 09:00:00+08:00,27.299999237060547,27.299999237060547,26.700000762939453,26.850000381469727,0,0.0,0.0
2024-06-21 10:00:00+08:00,26.899999618530273,27.899999618530273,26.850000381469727,27.799999237060547,7957990,0.0,0.0
2024-06-21 11:00:00+08:00,27.799999237060547,28.100000381469727,27.25,27.399999618530273,11736656,0.0,0.0
2024-06-21 12:00:00+08:00,27.399999618530273,27.700000762939453,27.25,27.549999237060547,2815971,0.0,0.0
2024-06-21 13:00:00+08:00,27.600000381469727,27.899999618530273,27.549999237060547,27.649999618530273,4656741,0.0,0.0
2024-06-24 09:00:00+08:00,27.5,28.100000381469727,27.100000381469727,27.850000381469727,0,0.0,0.0
2024-06-24 10:00:00+08:00,27.850000381469727,27.899999618530273,27.649999618530273,27.75,4026739,0.0,0.0
2024-06-24 11:00:00+08:00,27.75,27.75,27.299999237060547,27.5,2995856,0.0,0.0
2024-06-24 12:00:00+08:00,27.5,27.5,26.950000762939453,27.0,5652584,0.0,0.0
2024-06-24 13:00:00+08:00,27.0,27.200000762939453,26.950000762939453,27.0,3527270,0.0,0.0
2024-06-25 09:00:00+08:00,26.950000762939453,27.100000381469727,25.049999237060547,25.549999237060547,0,0.0,0.0
2024-06-25 10:00:00+08:00,25.549999237060547,25.75,25.299999237060547,25.600000381469727,4676240,0.0,0.0
2024-06-25 11:00:00+08:00,25.549999237060547,25.600000381469727,24.850000381469727,25.100000381469727,14283303,0.0,0.0
2024-06-25 12:00:00+08:00,25.100000381469727,25.399999618530273,25.0,25.399999618530273,4156430,0.0,0.0
2024-06-25 13:00:00+08:00,25.399999618530273,25.5,25.299999237060547,25.350000381469727,4766987,0.0,0.0
2024-06-26 09:00:00+08:00,25.649999618530273,26.0,25.149999618530273,25.399999618530273,0,0.0,0.0
2024-06-26 10:00:00+08:00,25.399999618530273,25.399999618530273,25.200000762939453,25.350000381469727,2497253,0.0,0.0
2024-06-26 11:00:00+08:00,25.350000381469727,25.450000762939453,24.850000381469727,25.049999237060547,6712585,0.0,0.0
2024-06-26 12:00:00+08:00,25.049999237060547,25.200000762939453,25.0,25.049999237060547,2586197,0.0,0.0
2024-06-26 13:00:00+08:00,25.049999237060547,25.149999618530273,24.950000762939453,25.100000381469727,3271138,0.0,0.0
2024-06-27 09:00:00+08:00,25.100000381469727,25.299999237060547,24.75,25.049999237060547,0,0.0,0.0
2024-06-27 10:00:00+08:00,25.049999237060547,26.0,25.049999237060547,25.649999618530273,13927684,0.0,0.0
2024-06-27 11:00:00+08:00,25.649999618530273,25.899999618530273,25.600000381469727,25.649999618530273,2780294,0.0,0.0
2024-06-27 12:00:00+08:00,25.600000381469727,25.75,25.549999237060547,25.549999237060547,1947918,0.0,0.0
2024-06-27 13:00:00+08:00,25.549999237060547,25.600000381469727,25.450000762939453,25.600000381469727,1882160,0.0,0.0
2024-06-28 09:00:00+08:00,25.25,26.200000762939453,25.049999237060547,25.899999618530273,0,0.0,0.0
2024-06-28 10:00:00+08:00,25.899999618530273,25.899999618530273,25.350000381469727,25.450000762939453,5546348,0.0,0.0
2024-06-28 11:00:00+08:00,25.450000762939453,25.75,25.350000381469727,25.600000381469727,2008547,0.0,0.0
2024-06-28 12:00:00+08:00,25.600000381469727,25.75,25.549999237060547,25.649999618530273,2485024,0.0,0.0
2024-06-28 13:00:00+08:00,25.649999618530273,25.75,25.549999237060547,25.649999618530273,2254608,0.0,0.0
2024-07-01 09:00:00+08:00,25.700000762939453,26.950000762939453,25.5,26.700000762939453,0,0.0,0.0
2024-07-01 10:00:00+08:00,26.700000762939453,26.75,26.149999618530273,26.25,5445841,0.0,0.0
2024-07-01 11:00:00+08:00,26.299999237060547,26.450000762939453,26.149999618530273,26.399999618530273,1892497,0.0,0.0
2024-07-01 12:00:00+08:00,26.399999618530273,26.450000762939453,25.899999618530273,25.950000762939453,4225976,0.0,0.0
2024-07-01 13:00:00+08:00,25.950000762939453,26.100000381469727,25.850000381469727,25.899999618530273,2491101,0.0,0.0
2024-07-02 09:00:00+08:00,26.149999618530273,26.149999618530273,25.549999237060547,26.0,0,0.0,0.0
2024-07-02 10:00:00+08:00,26.0,26.0,25.600000381469727,25.75,2152436,0.0,0.0
2024-07-02 11:00:00+08:00,25.75,25.850000381469727,25.450000762939453,25.799999237060547,5237466,0.0,0.0
2024-07-02 12:00:00+08:00,25.799999237060547,25.899999618530273,25.549999237060547,25.600000381469727,2813647,0.0,0.0
2024-07-02 13:00:00+08:00,25.600000381469727,25.600000381469727,25.350000381469727,25.399999618530273,3461187,0.0,0.0
2024-07-03 09:00:00+08:00,25.600000381469727,26.450000762939453,25.600000381469727,26.299999237060547,0,0.0,0.0
2024-07-03 10:00:00+08:00,26.350000381469727,26.600000381469727,26.100000381469727,26.149999618530273,7292393,0.0,0.0
2024-07-03 11:00:00+08:00,26.149999618530273,26.600000381469727,26.049999237060547,26.350000381469727,4345402,0.0,0.0
2024-07-03 12:00:00+08:00,26.350000381469727,26.350000381469727,26.100000381469727,26.200000762939453,2652483,0.0,0.0
2024-07-03 13:00:00+08:00,26.200000762939453,26.600000381469727,26.200000762939453,26.450000762939453,4189286,0.0,0.0
2024-07-04 09:00:00+08:00,26.5,26.700000762939453,25.600000381469727,25.649999618530273,0,0.0,0.0
2024-07-04 10:00:00+08:00,25.700000762939453,25.850000381469727,25.5,25.700000762939453,8293016,0.0,0.0
2024-07-04 11:00:00+08:00,25.649999618530273,25.950000762939453,25.649999618530273,25.75,4235409,0.0,0.0
2024-07-04 12:00:00+08:00,25.75,25.899999618530273,25.700000762939453,25.899999618530273,3179136,0.0,0.0
2024-07-04 13:00:00+08:00,25.850000381469727,25.899999618530273,25.75,25.75,3192178,0.0,0.0
2024-07-05 09:00:00+08:00,25.850000381469727,26.450000762939453,25.850000381469727,26.200000762939453,0,0.0,0.0
2024-07-05 10:00:00+08:00,26.200000762939453,26.5,26.149999618530273,26.299999237060547,5445626,0.0,0.0
2024-07-05 11:00:00+08:00,26.299999237060547,26.350000381469727,26.149999618530273,26.200000762939453,1767040,0.0,0.0
2024-07-05 12:00:00+08:00,26.200000762939453,26.399999618530273,26.149999618530273,26.350000381469727,3088394,0.0,0.0
2024-07-05 13:00:00+08:00,26.299999237060547,26.399999618530273,26.149999618530273,26.200000762939453,2024660,0.0,0.0
2024-07-08 09:00:00+08:00,26.299999237060547,26.399999618530273,25.600000381469727,25.799999237060547,0,0.0,0.0
2024-07-08 10:00:00+08:00,25.799999237060547,26.75,25.649999618530273,26.049999237060547,12704308,0.0,0.0
2024-07-08 11:00:00+08:00,26.0,26.049999237060547,25.950000762939453,26.049999237060547,2053551,0.0,0.0
2024-07-08 12:00:00+08:00,26.049999237060547,26.100000381469727,25.75,25.799999237060547,3234779,0.0,0.0
2024-07-08 13:00:00+08:00,25.799999237060547,25.850000381469727,25.649999618530273,25.75,3688785,0.0,0.0
2024-07-09 09:00:00+08:00,25.950000762939453,26.0,25.100000381469727,25.200000762939453,9696565,0.0,0.0
2024-07-09 10:00:00+08:00,25.25,25.649999618530273,25.0,25.350000381469727,5675325,0.0,0.0
2024-07-09 11:00:00+08:00,25.350000381469727,25.350000381469727,25.100000381469727,25.149999618530273,1859198,0.0,0.0
2024-07-09 12:00:00+08:00,25.149999618530273,25.25,25.149999618530273,25.25,2152153,0.0,0.0
2024-07-09 13:00:00+08:00,25.25,25.600000381469727,25.25,25.5,2989157,0.0,0.0
2024-07-10 09:00:00+08:00,25.850000381469727,26.149999618530273,25.450000762939453,25.850000381469727,0,0.0,0.0
2024-07-10 10:00:00+08:00,25.850000381469727,26.149999618530273,25.850000381469727,25.950000762939453,3092981,0.0,0.0
2024-07-10 11:00:00+08:00,25.899999618530273,25.950000762939453,25.850000381469727,25.899999618530273,896488,0.0,0.0
2024-07-10 12:00:00+08:00,25.899999618530273,26.049999237060547,25.850000381469727,25.950000762939453,3051617,0.0,0.0
2024-07-10 13:00:00+08:00,25.899999618530273,26.0,25.850000381469727,25.850000381469727,1281164,0.0,0.0
2024-07-11 09:00:00+08:00,26.549999237060547,27.299999237060547,26.299999237060547,27.200000762939453,15422895,0.0,0.0
2024-07-11 10:00:00+08:00,27.149999618530273,27.299999237060547,26.799999237060547,26.899999618530273,8669846,0.0,0.0
2024-07-11 11:00:00+08:00,26.899999618530273,27.149999618530273,26.799999237060547,26.950000762939453,3933408,0.0,0.0
2024-07-11 12:00:00+08:00,26.950000762939453,27.200000762939453,26.899999618530273,27.100000381469727,5973496,0.0,0.0
2024-07-11 13:00:00+08:00,27.100000381469727,27.149999618530273,26.850000381469727,26.899999618530273,4427942,0.0,0.0
2024-07-12 09:00:00+08:00,26.5,26.75,26.200000762939453,26.549999237060547,0,0.0,0.0
2024-07-12 10:00:00+08:00,26.5,27.149999618530273,26.450000762939453,26.75,6675010,0.0,0.0
2024-07-12 11:00:00+08:00,26.799999237060547,26.850000381469727,26.649999618530273,26.700000762939453,1256979,0.0,0.0
2024-07-12 12:00:00+08:00,26.700000762939453,26.75,26.299999237060547,26.549999237060547,3478483,0.0,0.0
2024-07-12 13:00:00+08:00,26.5,26.600000381469727,26.450000762939453,26.450000762939453,1914981,0.0,0.0
2024-07-15 09:00:00+08:00,26.600000381469727,26.700000762939453,25.649999618530273,26.049999237060547,0,0.0,0.0
2024-07-15 10:00:00+08:00,26.049999237060547,26.049999237060547,25.850000381469727,25.899999618530273,1304188,0.0,0.0
2024-07-15 11:00:00+08:00,25.899999618530273,26.299999237060547,25.850000381469727,26.25,2229405,0.0,0.0
2024-07-15 12:00:00+08:00,26.25,26.299999237060547,26.049999237060547,26.049999237060547,1423145,0.0,0.0
2024-07-15 13:00:00+08:00,26.049999237060547,26.149999618530273,26.0,26.149999618530273,2156216,0.0,0.0
2024-07-16 09:00:00+08:00,26.299999237060547,26.899999618530273,26.299999237060547,26.5,0,0.0,0.0
2024-07-16 10:00:00+08:00,26.549999237060547,26.649999618530273,26.200000762939453,26.350000381469727,2558591,0.0,0.0
2024-07-16 11:00:00+08:00,26.350000381469727,26.350000381469727,26.049999237060547,26.049999237060547,2878063,0.0,0.0
2024-07-16 12:00:00+08:00,26.049999237060547,26.100000381469727,25.950000762939453,25.950000762939453,2551979,0.0,0.0
2024-07-16 13:00:00+08:00,26.0,26.0,25.850000381469727,25.950000762939453,2633973,0.0,0.0
2024-07-17 09:00:00+08:00,25.950000762939453,26.299999237060547,25.799999237060547,26.100000381469727,3861034,0.0,0.0
2024-07-17 10:00:00+08:00,26.100000381469727,26.149999618530273,25.899999618530273,25.950000762939453,1231298,0.0,0.0
2024-07-17 11:00:00+08:00,25.899999618530273,26.0,25.799999237060547,25.850000381469727,1563650,0.0,0.0
2024-07-17 12:00:00+08:00,25.799999237060547,25.950000762939453,25.700000762939453,25.899999618530273,3251892,0.0,0.0
2024-07-17 13:00:00+08:00,25.950000762939453,26.100000381469727,25.899999618530273,25.899999618530273,1347264,0.0,0.0
2024-07-18 09:00:00+08:00,25.549999237060547,25.649999618530273,25.100000381469727,25.350000381469727,0,0.0,0.0
2024-07-18 10:00:00+08:00,25.299999237060547,25.350000381469727,25.0,25.049999237060547,6159611,0.0,0.0
2024-07-18 11:00:00+08:00,25.100000381469727,25.200000762939453,25.0,25.100000381469727,1852168,0.0,0.0
2024-07-18 12:00:00+08:00,25.100000381469727,25.200000762939453,25.100000381469727,25.149999618530273,1263906,0.0,0.0
2024-07-18 13:00:00+08:00,25.149999618530273,25.149999618530273,25.049999237060547,25.049999237060547,1970184,0.0,0.0
2024-07-19 09:00:00+08:00,25.0,25.149999618530273,24.5,24.549999237060547,0,0.0,0.0
2024-07-19 10:00:00+08:00,24.549999237060547,24.600000381469727,24.149999618530273,24.549999237060547,4499353,0.0,0.0
2024-07-19 11:00:00+08:00,24.549999237060547,25.049999237060547,24.5,25.049999237060547,2609228,0.0,0.0
2024-07-19 12:00:00+08:00,25.0,25.049999237060547,24.600000381469727,24.600000381469727,1659878,0.0,0.0
2024-07-19 13:00:00+08:00,24.600000381469727,24.649999618530273,24.450000762939453,24.5,2230911,0.0,0.0
2024-07-22 09:00:00+08:00,24.549999237060547,24.899999618530273,23.899999618530273,24.0,0,0.0,0.0
2024-07-22 10:00:00+08:00,23.950000762939453,24.200000762939453,23.5,24.0,4794980,0.0,0.0
2024-07-22 11:00:00+08:00,24.0,24.25,23.799999237060547,24.0,1046095,0.0,0.0
2024-07-22 12:00:00+08:00,24.0,24.149999618530273,23.850000381469727,24.049999237060547,1702911,0.0,0.0
2024-07-22 13:00:00+08:00,24.049999237060547,24.149999618530273,23.899999618530273,23.950000762939453,1859283,0.0,0.0
2024-07-23 09:00:00+08:00,24.450000762939453,24.549999237060547,24.049999237060547,24.100000381469727,0,0.0,0.0
2024-07-23 10:00:00+08:00,24.100000381469727,24.200000762939453,23.899999618530273,24.049999237060547,1068781,0.0,0.0
2024-07-23 11:00:00+08:00,24.049999237060547,24.149999618530273,23.950000762939453,24.049999237060547,554523,0.0,0.0
2024-07-23 12:00:00+08:00,24.100000381469727,24.100000381469727,24.0,24.0,684016,0.0,0.0
2024-07-23 13:00:00+08:00,24.0,24.049999237060547,23.950000762939453,24.049999237060547,1014533,0.0,0.0
2024-07-26 09:00:00+08:00,23.450000762939453,23.5,23.0,23.200000762939453,0,0.0,0.0
2024-07-26 10:00:00+08:00,23.200000762939453,23.700000762939453,23.200000762939453,23.350000381469727,1119583,0.0,0.0
2024-07-26 11:00:00+08:00,23.399999618530273,23.450000762939453,23.299999237060547,23.299999237060547,703182,0.0,0.0
2024-07-26 12:00:00+08:00,23.299999237060547,23.350000381469727,23.149999618530273,23.350000381469727,1105658,0.0,0.0
2024-07-26 13:00:00+08:00,23.350000381469727,23.549999237060547,23.25,23.5,937119,0.0,0.0
2024-07-29 09:00:00+08:00,24.0,24.0,23.200000762939453,23.200000762939453,0,0.0,0.0
2024-07-29 10:00:00+08:00,23.200000762939453,23.25,22.299999237060547,22.649999618530273,7228223,0.0,0.0
2024-07-29 11:00:00+08:00,22.600000381469727,22.600000381469727,22.399999618530273,22.549999237060547,1862748,0.0,0.0
2024-07-29 12:00:00+08:00,22.5,22.600000381469727,22.350000381469727,22.450000762939453,3033093,0.0,0.0
2024-07-29 13:00:00+08:00,22.399999618530273,22.450000762939453,22.299999237060547,22.399999618530273,3084401,0.0,0.0
2024-07-30 09:00:00+08:00,22.450000762939453,23.0,22.350000381469727,22.5,0,0.0,0.0
2024-07-30 10:00:00+08:00,22.5,22.700000762939453,22.399999618530273,22.450000762939453,1874326,0.0,0.0
2024-07-30 11:00:00+08:00,22.450000762939453,22.75,22.399999618530273,22.549999237060547,1521253,0.0,0.0
2024-07-30 12:00:00+08:00,22.549999237060547,23.200000762939453,22.549999237060547,23.200000762939453,2628927,0.0,0.0
2024-07-30 13:00:00+08:00,23.149999618530273,23.299999237060547,23.100000381469727,23.149999618530273,2234999,0.0,0.0
2024-07-31 09:00:00+08:00,23.100000381469727,23.850000381469727,22.950000762939453,23.799999237060547,0,0.0,0.0
2024-07-31 10:00:00+08:00,23.799999237060547,24.25,23.649999618530273,24.0,3084858,0.0,0.0
2024-07-31 11:00:00+08:00,24.049999237060547,24.049999237060547,23.850000381469727,23.899999618530273,762426,0.0,0.0
2024-07-31 12:00:00+08:00,23.899999618530273,23.950000762939453,23.700000762939453,23.799999237060547,959450,0.0,0.0
2024-07-31 13:00:00+08:00,23.799999237060547,23.850000381469727,23.75,23.850000381469727,665900,0.0,0.0
2024-08-01 09:00:00+08:00,24.0,24.299999237060547,23.899999618530273,24.100000381469727,0,0.0,0.0
2024-08-01 10:00:00+08:00,24.100000381469727,24.350000381469727,24.0,24.200000762939453,1544070,0.0,0.0
2024-08-01 11:00:00+08:00,24.200000762939453,24.299999237060547,24.100000381469727,24.149999618530273,586813,0.0,0.0
2024-08-01 12:00:00+08:00,24.200000762939453,24.200000762939453,24.049999237060547,24.100000381469727,613228,0.0,0.0
2024-08-01 13:00:00+08:00,24.100000381469727,24.200000762939453,24.100000381469727,24.149999618530273,698392,0.0,0.0
2024-08-02 09:00:00+08:00,23.799999237060547,23.850000381469727,23.450000762939453,23.75,0,0.0,0.0
2024-08-02 10:00:00+08:00,23.700000762939453,23.700000762939453,23.25,23.399999618530273,2130809,0.0,0.0
2024-08-02 11:00:00+08:00,23.399999618530273,23.5,23.299999237060547,23.350000381469727,525606,0.0,0.0
2024-08-02 12:00:00+08:00,23.350000381469727,23.450000762939453,23.200000762939453,23.200000762939453,1237135,0.0,0.0
2024-08-02 13:00:00+08:00,23.25,23.25,23.049999237060547,23.149999618530273,967225,0.0,0.0
2024-08-05 09:00:00+08:00,21.049999237060547,21.450000762939453,20.799999237060547,20.799999237060547,0,0.0,0.0
2024-08-05 10:00:00+08:00,20.799999237060547,20.799999237060547,20.799999237060547,20.799999237060547,568191,0.0,0.0
2024-08-05 11:00:00+08:00,20.799999237060547,20.799999237060547,20.799999237060547,20.799999237060547,288289,0.0,0.0
2024-08-05 12:00:00+08:00,20.799999237060547,20.799999237060547,20.799999237060547,20.799999237060547,161688,0.0,0.0
2024-08-05 13:00:00+08:00,20.799999237060547,20.799999237060547,20.799999237060547,20.799999237060547,104854,0.0,0.0
2024-08-06 09:00:00+08:00,20.799999237060547,20.899999618530273,18.75,18.75,7801456,0.0,0.0
2024-08-06 10:00:00+08:00,18.799999237060547,19.299999237060547,18.75,19.100000381469727,4452126,0.0,0.0
2024-08-06 11:00:00+08:00,19.100000381469727,20.149999618530273,19.049999237060547,19.799999237060547,3443236,0.0,0.0
2024-08-06 12:00:00+08:00,19.799999237060547,20.149999618530273,19.649999618530273,19.899999618530273,2697986,0.0,0.0
2024-08-06 13:00:00+08:00,19.950000762939453,20.0,19.799999237060547,19.950000762939453,1274320,0.0,0.0
2024-08-07 09:00:00+08:00,20.049999237060547,21.649999618530273,20.049999237060547,21.600000381469727,0,0.0,0.0
2024-08-07 10:00:00+08:00,21.649999618530273,21.850000381469727,21.5,21.850000381469727,3389888,0.0,0.0
2024-08-07 11:00:00+08:00,21.850000381469727,21.850000381469727,21.850000381469727,21.850000381469727,446476,0.0,0.0
2024-08-07 12:00:00+08:00,21.850000381469727,21.850000381469727,21.850000381469727,21.850000381469727,122919,0.0,0.0
2024-08-07 13:00:00+08:00,21.850000381469727,21.850000381469727,21.850000381469727,21.850000381469727,114360,0.0,0.0
2024-08-08 09:00:00+08:00,21.700000762939453,22.5,21.25,21.600000381469727,0,0.0,0.0
2024-08-08 10:00:00+08:00,21.649999618530273,21.899999618530273,21.549999237060547,21.649999618530273,2358721,0.0,0.0
2024-08-08 11:00:00+08:00,21.649999618530273,21.850000381469727,21.649999618530273,21.75,980445,0.0,0.0
2024-08-08 12:00:00+08:00,21.700000762939453,21.75,21.450000762939453,21.5,1630911,0.0,0.0
2024-08-08 13:00:00+08:00,21.549999237060547,21.549999237060547,21.399999618530273,21.5,726560,0.0,0.0
2024-08-09 09:00:00+08:00,22.200000762939453,22.549999237060547,21.799999237060547,22.149999618530273,0,0.0,0.0
2024-08-09 10:00:00+08:00,22.149999618530273,22.200000762939453,21.899999618530273,21.950000762939453,1651392,0.0,0.0
2024-08-09 11:00:00+08:00,21.950000762939453,22.049999237060547,21.899999618530273,21.899999618530273,659833,0.0,0.0
2024-08-09 12:00:00+08:00,21.899999618530273,21.950000762939453,21.75,21.799999237060547,1276154,0.0,0.0
2024-08-09 13:00:00+08:00,21.799999237060547,21.850000381469727,21.549999237060547,21.649999618530273,1315951,0.0,0.0
2024-08-12 09:00:00+08:00,21.600000381469727,22.850000381469727,21.600000381469727,22.5,0,0.0,0.0
2024-08-12 10:00:00+08:00,22.5,22.799999237060547,22.399999618530273,22.549999237060547,1385192,0.0,0.0
2024-08-12 11:00:00+08:00,22.5,22.649999618530273,22.5,22.549999237060547,533675,0.0,0.0
2024-08-12 12:00:00+08:00,22.600000381469727,22.700000762939453,22.450000762939453,22.5,898993,0.0,0.0
2024-08-12 13:00:00+08:00,22.5,22.5,22.399999618530273,22.450000762939453,819975,0.0,0.0
2024-08-13 09:00:00+08:00,22.850000381469727,23.0,22.350000381469727,22.399999618530273,0,0.0,0.0
2024-08-13 10:00:00+08:00,22.399999618530273,22.649999618530273,22.350000381469727,22.5,953970,0.0,0.0
2024-08-13 11:00:00+08:00,22.450000762939453,22.5,22.350000381469727,22.350000381469727,626568,0.0,0.0
2024-08-13 12:00:00+08:00,22.399999618530273,22.5,22.25,22.399999618530273,1187800,0.0,0.0
2024-08-13 13:00:00+08:00,22.399999618530273,22.399999618530273,22.25,22.25,1086678,0.0,0.0
2024-08-14 09:00:00+08:00,22.450000762939453,22.799999237060547,22.149999618530273,22.25,0,0.0,0.0
2024-08-14 10:00:00+08:00,22.200000762939453,22.25,21.899999618530273,22.049999237060547,1896353,0.0,0.0
2024-08-14 11:00:00+08:00,22.049999237060547,22.100000381469727,21.950000762939453,21.950000762939453,852729,0.0,0.0
2024-08-14 12:00:00+08:00,21.950000762939453,22.0,21.850000381469727,22.0,1324687,0.0,0.0
2024-08-14 13:00:00+08:00,22.0,22.100000381469727,21.850000381469727,21.850000381469727,892139,0.0,0.0
2024-08-15 09:00:00+08:00,22.0,22.100000381469727,21.450000762939453,21.75,0,0.0,0.0
2024-08-15 10:00:00+08:00,21.75,22.049999237060547,21.600000381469727,21.950000762939453,1013051,0.0,0.0
2024-08-15 11:00:00+08:00,21.950000762939453,22.5,21.899999618530273,22.149999618530273,2411146,0.0,0.0
2024-08-15 12:00:00+08:00,22.149999618530273,22.299999237060547,22.100000381469727,22.149999618530273,1009487,0.0,0.0
2024-08-15 13:00:00+08:00,22.149999618530273,22.200000762939453,22.100000381469727,22.100000381469727,506598,0.0,0.0
2024-08-16 09:00:00+08:00,22.700000762939453,23.100000381469727,22.649999618530273,22.899999618530273,0,0.0,0.0
2024-08-16 10:00:00+08:00,22.899999618530273,23.049999237060547,22.75,23.0,1662612,0.0,0.0
2024-08-16 11:00:00+08:00,23.0,23.100000381469727,22.899999618530273,23.100000381469727,1622295,0.0,0.0
2024-08-16 12:00:00+08:00,23.100000381469727,23.100000381469727,22.850000381469727,22.899999618530273,1078730,0.0,0.0
2024-08-16 13:00:00+08:00,22.950000762939453,22.950000762939453,22.799999237060547,22.850000381469727,946128,0.0,0.0
2024-08-19 09:00:00+08:00,23.149999618530273,23.649999618530273,22.700000762939453,23.399999618530273,0,0.0,0.0
2024-08-19 10:00:00+08:00,23.399999618530273,23.5,23.200000762939453,23.350000381469727,978513,0.0,0.0
2024-08-19 11:00:00+08:00,23.25,23.399999618530273,23.149999618530273,23.200000762939453,687489,0.0,0.0
2024-08-19 12:00:00+08:00,23.200000762939453,23.25,23.0,23.049999237060547,1013849,0.0,0.0
2024-08-19 13:00:00+08:00,23.049999237060547,23.149999618530273,22.950000762939453,23.0,1448993,0.0,0.0
2024-08-20 09:00:00+08:00,23.25,23.75,23.25,23.5,0,0.0,0.0
2024-08-20 10:00:00+08:00,23.5,23.5,23.299999237060547,23.350000381469727,556929,0.0,0.0
2024-08-20 11:00:00+08:00,23.350000381469727,23.350000381469727,22.950000762939453,23.149999618530273,1414870,0.0,0.0
2024-08-20 12:00:00+08:00,23.149999618530273,23.5,23.100000381469727,23.350000381469727,1133056,0.0,0.0
2024-08-20 13:00:00+08:00,23.350000381469727,23.399999618530273,23.200000762939453,23.25,571808,0.0,0.0
2024-08-21 09:00:00+08:00,23.100000381469727,23.299999237060547,22.600000381469727,23.049999237060547,0,0.0,0.0
2024-08-21 10:00:00+08:00,23.049999237060547,23.149999618530273,22.950000762939453,22.950000762939453,450544,0.0,0.0
2024-08-21 11:00:00+08:00,22.950000762939453,23.200000762939453,22.799999237060547,22.850000381469727,635474,0.0,0.0
2024-08-21 12:00:00+08:00,22.850000381469727,22.950000762939453,22.799999237060547,22.799999237060547,767675,0.0,0.0
2024-08-21 13:00:00+08:00,22.799999237060547,22.899999618530273,22.799999237060547,22.799999237060547,334839,0.0,0.0
2024-08-22 09:00:00+08:00,23.049999237060547,23.049999237060547,22.600000381469727,22.75,0,0.0,0.0
2024-08-22 10:00:00+08:00,22.700000762939453,22.75,22.5,22.700000762939453,789533,0.0,0.0
2024-08-22 11:00:00+08:00,22.700000762939453,22.899999618530273,22.700000762939453,22.700000762939453,461039,0.0,0.0
2024-08-22 12:00:00+08:00,22.700000762939453,22.75,22.549999237060547,22.649999618530273,448794,0.0,0.0
2024-08-22 13:00:00+08:00,22.700000762939453,22.799999237060547,22.600000381469727,22.600000381469727,541396,0.0,0.0
2024-08-23 09:00:00+08:00,22.350000381469727,22.5,22.100000381469727,22.25,0,0.0,0.0
2024-08-23 10:00:00+08:00,22.200000762939453,22.350000381469727,22.100000381469727,22.149999618530273,717647,0.0,0.0
2024-08-23 11:00:00+08:00,22.149999618530273,22.450000762939453,22.100000381469727,22.399999618530273,681595,0.0,0.0
2024-08-23 12:00:00+08:00,22.399999618530273,22.700000762939453,22.399999618530273,22.649999618530273,1117252,0.0,0.0
2024-08-23 13:00:00+08:00,22.649999618530273,22.700000762939453,22.549999237060547,22.649999618530273,420986,0.0,0.0
2024-08-26 09:00:00+08:00,22.899999618530273,23.25,22.75,23.049999237060547,0,0.0,0.0
2024-08-26 10:00:00+08:00,23.049999237060547,23.149999618530273,22.950000762939453,22.950000762939453,889740,0.0,0.0
2024-08-26 11:00:00+08:00,23.0,23.049999237060547,22.899999618530273,22.950000762939453,499369,0.0,0.0
2024-08-26 12:00:00+08:00,22.950000762939453,23.0,22.850000381469727,22.850000381469727,679278,0.0,0.0
2024-08-26 13:00:00+08:00,22.850000381469727,22.850000381469727,22.75,22.799999237060547,512221,0.0,0.0
2024-08-27 09:00:00+08:00,23.0,23.0,22.549999237060547,22.799999237060547,0,0.0,0.0
2024-08-27 10:00:00+08:00,22.799999237060547,23.0,22.799999237060547,22.899999618530273,1242831,0.0,0.0
2024-08-27 11:00:00+08:00,22.899999618530273,22.899999618530273,22.700000762939453,22.799999237060547,225690,0.0,0.0
2024-08-27 12:00:00+08:00,22.850000381469727,22.950000762939453,22.75,22.950000762939453,531311,0.0,0.0
2024-08-27 13:00:00+08:00,22.950000762939453,22.950000762939453,22.850000381469727,22.950000762939453,497540,0.0,0.0
2024-08-28 09:00:00+08:00,23.200000762939453,23.350000381469727,22.799999237060547,23.049999237060547,0,0.0,0.0
2024-08-28 10:00:00+08:00,23.049999237060547,23.299999237060547,22.850000381469727,23.25,1711282,0.0,0.0
2024-08-28 11:00:00+08:00,23.25,23.25,22.950000762939453,23.0,808302,0.0,0.0
2024-08-28 12:00:00+08:00,23.0,23.049999237060547,22.700000762939453,22.799999237060547,1829592,0.0,0.0
2024-08-28 13:00:00+08:00,22.799999237060547,22.799999237060547,22.649999618530273,22.649999618530273,963002,0.0,0.0
2024-08-29 09:00:00+08:00,22.5,22.600000381469727,22.299999237060547,22.299999237060547,0,0.0,0.0
2024-08-29 10:00:00+08:00,22.350000381469727,22.549999237060547,22.25,22.450000762939453,663489,0.0,0.0
2024-08-29 11:00:00+08:00,22.450000762939453,22.549999237060547,22.450000762939453,22.5,350948,0.0,0.0
2024-08-29 12:00:00+08:00,22.549999237060547,22.600000381469727,22.450000762939453,22.5,687959,0.0,0.0
2024-08-29 13:00:00+08:00,22.5,22.700000762939453,22.5,22.600000381469727,620493,0.0,0.0
2024-08-30 09:00:00+08:00,22.850000381469727,23.549999237060547,22.850000381469727,23.25,1154144,0.0,0.0
2024-08-30 10:00:00+08:00,23.25,23.350000381469727,23.100000381469727,23.200000762939453,1121023,0.0,0.0
2024-08-30 11:00:00+08:00,23.149999618530273,23.299999237060547,23.0,23.149999618530273,857313,0.0,0.0
2024-08-30 12:00:00+08:00,23.149999618530273,23.149999618530273,23.0,23.049999237060547,552154,0.0,0.0
2024-08-30 13:00:00+08:00,23.049999237060547,23.149999618530273,23.0,23.049999237060547,728848,0.0,0.0
2024-09-02 09:00:00+08:00,23.5,23.5,22.899999618530273,23.149999618530273,0,0.0,0.0
2024-09-02 10:00:00+08:00,23.200000762939453,23.799999237060547,23.100000381469727,23.5,4032098,0.0,0.0
2024-09-02 11:00:00+08:00,23.5,23.549999237060547,23.399999618530273,23.5,601099,0.0,0.0
2024-09-02 12:00:00+08:00,23.5,23.5,23.200000762939453,23.25,1115586,0.0,0.0
2024-09-02 13:00:00+08:00,23.25,23.450000762939453,23.200000762939453,23.299999237060547,953913,0.0,0.0
2024-09-03 09:00:00+08:00,23.399999618530273,24.399999618530273,23.200000762939453,23.850000381469727,6339632,0.0,0.0
2024-09-03 10:00:00+08:00,23.850000381469727,23.899999618530273,23.200000762939453,23.200000762939453,6311862,0.0,0.0
2024-09-03 11:00:00+08:00,23.200000762939453,23.299999237060547,22.950000762939453,23.0,3502772,0.0,0.0
2024-09-03 12:00:00+08:00,23.0,23.100000381469727,22.850000381469727,22.899999618530273,3392111,0.0,0.0
2024-09-03 13:00:00+08:00,22.950000762939453,22.950000762939453,22.75,22.799999237060547,2139597,0.0,0.0
2024-09-04 09:00:00+08:00,21.5,21.850000381469727,20.600000381469727,21.450000762939453,0,0.0,0.0
2024-09-04 10:00:00+08:00,21.450000762939453,21.5,21.149999618530273,21.149999618530273,1962009,0.0,0.0
2024-09-04 11:00:00+08:00,21.149999618530273,21.299999237060547,21.149999618530273,21.200000762939453,911155,0.0,0.0
2024-09-04 12:00:00+08:00,21.200000762939453,21.25,21.049999237060547,21.100000381469727,1976159,0.0,0.0
2024-09-04 13:00:00+08:00,21.149999618530273,21.149999618530273,21.0,21.0,1554772,0.0,0.0
2024-09-05 09:00:00+08:00,21.350000381469727,23.100000381469727,21.25,23.100000381469727,0,0.0,0.0
2024-09-05 10:00:00+08:00,23.100000381469727,23.100000381469727,23.100000381469727,23.100000381469727,898062,0.0,0.0
2024-09-05 11:00:00+08:00,23.100000381469727,23.100000381469727,23.100000381469727,23.100000381469727,278482,0.0,0.0
2024-09-05 12:00:00+08:00,23.100000381469727,23.100000381469727,23.100000381469727,23.100000381469727,957784,0.0,0.0
2024-09-05 13:00:00+08:00,23.100000381469727,23.100000381469727,23.100000381469727,23.100000381469727,870057,0.0,0.0
2024-09-06 09:00:00+08:00,23.399999618530273,23.75,22.5,22.700000762939453,0,0.0,0.0
2024-09-06 10:00:00+08:00,22.700000762939453,23.0,22.299999237060547,22.399999618530273,6685391,0.0,0.0
2024-09-06 11:00:00+08:00,22.399999618530273,22.450000762939453,22.049999237060547,22.149999618530273,3664799,0.0,0.0
2024-09-06 12:00:00+08:00,22.100000381469727,22.600000381469727,22.100000381469727,22.299999237060547,3847179,0.0,0.0
2024-09-06 13:00:00+08:00,22.25,22.299999237060547,22.100000381469727,22.200000762939453,3323460,0.0,0.0
