Datetime,Open,High,Low,Close,Volume,Dividends,Stock Splits
2022-11-09 09:00:00+08:00,22.799999237060547,22.899999618530273,22.649999618530273,22.850000381469727,0,0.0,0.0
2022-11-09 10:00:00+08:00,22.850000381469727,22.850000381469727,22.75,22.799999237060547,105280,0.0,0.0
2022-11-09 11:00:00+08:00,22.75,22.950000762939453,22.75,22.950000762939453,105000,0.0,0.0
2022-11-09 12:00:00+08:00,22.950000762939453,23.049999237060547,22.899999618530273,22.899999618530273,108145,0.0,0.0
2022-11-09 13:00:00+08:00,23.0,23.0,22.899999618530273,23.0,12000,0.0,0.0
2022-11-10 09:00:00+08:00,22.899999618530273,22.899999618530273,22.799999237060547,22.799999237060547,0,0.0,0.0
2022-11-10 10:00:00+08:00,22.799999237060547,22.799999237060547,22.549999237060547,22.600000381469727,106000,0.0,0.0
2022-11-10 11:00:00+08:00,22.649999618530273,22.700000762939453,22.649999618530273,22.649999618530273,15099,0.0,0.0
2022-11-10 12:00:00+08:00,22.649999618530273,22.75,22.649999618530273,22.75,31000,0.0,0.0
2022-11-10 13:00:00+08:00,22.75,22.799999237060547,22.700000762939453,22.799999237060547,20000,0.0,0.0
2022-11-11 09:00:00+08:00,23.5,23.549999237060547,22.950000762939453,22.950000762939453,331847,0.0,0.0
2022-11-11 10:00:00+08:00,22.950000762939453,22.950000762939453,22.799999237060547,22.850000381469727,124200,0.0,0.0
2022-11-11 11:00:00+08:00,22.850000381469727,22.950000762939453,22.850000381469727,22.850000381469727,43000,0.0,0.0
2022-11-11 12:00:00+08:00,22.850000381469727,22.850000381469727,22.850000381469727,22.850000381469727,46000,0.0,0.0
2022-11-11 13:00:00+08:00,22.850000381469727,22.850000381469727,22.75,22.799999237060547,54000,0.0,0.0
2022-11-14 09:00:00+08:00,23.100000381469727,23.549999237060547,23.100000381469727,23.299999237060547,0,0.0,0.0
2022-11-14 10:00:00+08:00,23.25,23.399999618530273,23.149999618530273,23.399999618530273,139100,0.0,0.0
2022-11-14 11:00:00+08:00,23.399999618530273,23.399999618530273,23.350000381469727,23.350000381469727,52000,0.0,0.0
2022-11-14 12:00:00+08:00,23.299999237060547,23.350000381469727,23.25,23.299999237060547,48000,0.0,0.0
2022-11-14 13:00:00+08:00,23.299999237060547,23.299999237060547,23.299999237060547,23.299999237060547,14000,0.0,0.0
2022-11-15 09:00:00+08:00,23.200000762939453,23.399999618530273,23.149999618530273,23.299999237060547,0,0.0,0.0
2022-11-15 10:00:00+08:00,23.299999237060547,23.399999618530273,23.299999237060547,23.350000381469727,119000,0.0,0.0
2022-11-15 11:00:00+08:00,23.350000381469727,23.399999618530273,23.299999237060547,23.399999618530273,11000,0.0,0.0
2022-11-15 12:00:00+08:00,23.350000381469727,23.450000762939453,23.350000381469727,23.399999618530273,68000,0.0,0.0
2022-11-15 13:00:00+08:00,23.399999618530273,23.399999618530273,23.350000381469727,23.399999618530273,54000,0.0,0.0
2022-11-16 09:00:00+08:00,23.399999618530273,23.5,23.200000762939453,23.350000381469727,0,0.0,0.0
2022-11-16 10:00:00+08:00,23.350000381469727,23.450000762939453,23.350000381469727,23.350000381469727,58000,0.0,0.0
2022-11-16 11:00:00+08:00,23.350000381469727,23.5,23.350000381469727,23.450000762939453,103000,0.0,0.0
2022-11-16 12:00:00+08:00,23.450000762939453,23.549999237060547,23.399999618530273,23.399999618530273,114000,0.0,0.0
2022-11-16 13:00:00+08:00,23.399999618530273,23.399999618530273,23.350000381469727,23.399999618530273,64000,0.0,0.0
2022-11-17 09:00:00+08:00,23.450000762939453,23.75,23.399999618530273,23.700000762939453,0,0.0,0.0
2022-11-17 10:00:00+08:00,23.700000762939453,23.700000762939453,23.549999237060547,23.600000381469727,105000,0.0,0.0
2022-11-17 11:00:00+08:00,23.600000381469727,23.700000762939453,23.600000381469727,23.700000762939453,63000,0.0,0.0
2022-11-17 12:00:00+08:00,23.700000762939453,23.75,23.649999618530273,23.700000762939453,40140,0.0,0.0
2022-11-17 13:00:00+08:00,23.700000762939453,23.700000762939453,23.649999618530273,23.649999618530273,30000,0.0,0.0
2022-11-18 09:00:00+08:00,23.799999237060547,23.799999237060547,23.549999237060547,23.600000381469727,0,0.0,0.0
2022-11-18 10:00:00+08:00,23.600000381469727,23.600000381469727,23.600000381469727,23.600000381469727,50133,0.0,0.0
2022-11-18 11:00:00+08:00,23.600000381469727,23.649999618530273,23.600000381469727,23.600000381469727,13010,0.0,0.0
2022-11-18 12:00:00+08:00,23.600000381469727,23.600000381469727,23.25,23.25,137222,0.0,0.0
2022-11-18 13:00:00+08:00,23.299999237060547,23.600000381469727,23.299999237060547,23.399999618530273,45020,0.0,0.0
2022-11-21 09:00:00+08:00,23.5,23.5,23.299999237060547,23.399999618530273,0,0.0,0.0
2022-11-21 10:00:00+08:00,23.350000381469727,23.399999618530273,23.350000381469727,23.399999618530273,25000,0.0,0.0
2022-11-21 11:00:00+08:00,23.399999618530273,23.399999618530273,23.350000381469727,23.399999618530273,32000,0.0,0.0
2022-11-21 12:00:00+08:00,23.399999618530273,23.5,23.399999618530273,23.399999618530273,14000,0.0,0.0
2022-11-21 13:00:00+08:00,23.399999618530273,23.399999618530273,23.350000381469727,23.350000381469727,26000,0.0,0.0
2022-11-22 09:00:00+08:00,23.299999237060547,23.299999237060547,23.200000762939453,23.200000762939453,0,0.0,0.0
2022-11-22 10:00:00+08:00,23.200000762939453,23.200000762939453,23.100000381469727,23.149999618530273,26450,0.0,0.0
2022-11-22 11:00:00+08:00,23.200000762939453,23.25,23.200000762939453,23.25,9000,0.0,0.0
2022-11-22 12:00:00+08:00,23.200000762939453,23.299999237060547,23.200000762939453,23.200000762939453,23000,0.0,0.0
2022-11-22 13:00:00+08:00,23.200000762939453,23.200000762939453,23.149999618530273,23.149999618530273,19000,0.0,0.0
2022-11-23 09:00:00+08:00,23.399999618530273,23.399999618530273,23.200000762939453,23.200000762939453,0,0.0,0.0
2022-11-23 10:00:00+08:00,23.200000762939453,23.299999237060547,23.200000762939453,23.299999237060547,27000,0.0,0.0
2022-11-23 11:00:00+08:00,23.25,23.299999237060547,23.200000762939453,23.299999237060547,20000,0.0,0.0
2022-11-23 12:00:00+08:00,23.299999237060547,23.299999237060547,23.25,23.25,39000,0.0,0.0
2022-11-23 13:00:00+08:00,23.25,23.299999237060547,23.200000762939453,23.299999237060547,28044,0.0,0.0
2022-11-24 09:00:00+08:00,23.399999618530273,23.399999618530273,23.25,23.25,0,0.0,0.0
2022-11-24 10:00:00+08:00,23.299999237060547,23.350000381469727,23.299999237060547,23.299999237060547,33000,0.0,0.0
2022-11-24 11:00:00+08:00,23.299999237060547,23.350000381469727,23.25,23.299999237060547,17000,0.0,0.0
2022-11-24 12:00:00+08:00,23.350000381469727,23.399999618530273,23.350000381469727,23.350000381469727,36000,0.0,0.0
2022-11-24 13:00:00+08:00,23.399999618530273,23.450000762939453,23.399999618530273,23.399999618530273,7000,0.0,0.0
2022-11-25 09:00:00+08:00,23.399999618530273,23.450000762939453,23.399999618530273,23.450000762939453,0,0.0,0.0
2022-11-25 10:00:00+08:00,23.399999618530273,23.399999618530273,23.25,23.25,21500,0.0,0.0
2022-11-25 11:00:00+08:00,23.25,23.299999237060547,23.200000762939453,23.299999237060547,22030,0.0,0.0
2022-11-25 12:00:00+08:00,23.299999237060547,23.299999237060547,23.200000762939453,23.200000762939453,54000,0.0,0.0
2022-11-25 13:00:00+08:00,23.25,23.25,23.200000762939453,23.25,41000,0.0,0.0
2022-11-28 09:00:00+08:00,22.899999618530273,23.049999237060547,22.799999237060547,23.0,0,0.0,0.0
2022-11-28 10:00:00+08:00,23.049999237060547,23.149999618530273,23.0,23.100000381469727,53101,0.0,0.0
2022-11-28 11:00:00+08:00,23.100000381469727,23.200000762939453,23.100000381469727,23.200000762939453,2000,0.0,0.0
2022-11-28 12:00:00+08:00,23.149999618530273,23.149999618530273,23.100000381469727,23.100000381469727,25000,0.0,0.0
2022-11-28 13:00:00+08:00,23.100000381469727,23.149999618530273,23.049999237060547,23.049999237060547,24000,0.0,0.0
2022-11-29 09:00:00+08:00,23.049999237060547,23.200000762939453,22.950000762939453,23.200000762939453,0,0.0,0.0
2022-11-29 10:00:00+08:00,23.25,23.25,23.100000381469727,23.100000381469727,27000,0.0,0.0
2022-11-29 11:00:00+08:00,23.100000381469727,23.350000381469727,23.100000381469727,23.299999237060547,66000,0.0,0.0
2022-11-29 12:00:00+08:00,23.25,23.299999237060547,23.200000762939453,23.25,15000,0.0,0.0
2022-11-29 13:00:00+08:00,23.25,23.350000381469727,23.149999618530273,23.350000381469727,66009,0.0,0.0
2022-11-30 09:00:00+08:00,23.200000762939453,23.450000762939453,23.200000762939453,23.450000762939453,0,0.0,0.0
2022-11-30 10:00:00+08:00,23.450000762939453,23.549999237060547,23.399999618530273,23.5,55000,0.0,0.0
2022-11-30 11:00:00+08:00,23.5,23.549999237060547,23.5,23.549999237060547,42028,0.0,0.0
2022-11-30 12:00:00+08:00,23.549999237060547,23.549999237060547,23.450000762939453,23.5,63114,0.0,0.0
2022-11-30 13:00:00+08:00,23.5,23.649999618530273,23.5,23.5,58000,0.0,0.0
2022-12-01 09:00:00+08:00,23.799999237060547,23.850000381469727,23.700000762939453,23.799999237060547,0,0.0,0.0
2022-12-01 10:00:00+08:00,23.799999237060547,24.149999618530273,23.700000762939453,24.0,205001,0.0,0.0
2022-12-01 11:00:00+08:00,24.0,24.0,23.950000762939453,24.0,54143,0.0,0.0
2022-12-01 12:00:00+08:00,24.0,24.0,23.850000381469727,23.899999618530273,64230,0.0,0.0
2022-12-01 13:00:00+08:00,23.850000381469727,23.950000762939453,23.850000381469727,23.899999618530273,25190,0.0,0.0
2022-12-02 09:00:00+08:00,23.799999237060547,24.100000381469727,23.799999237060547,24.0,0,0.0,0.0
2022-12-02 10:00:00+08:00,24.049999237060547,24.100000381469727,24.0,24.100000381469727,60000,0.0,0.0
2022-12-02 11:00:00+08:00,24.100000381469727,24.100000381469727,24.049999237060547,24.100000381469727,73000,0.0,0.0
2022-12-02 12:00:00+08:00,24.100000381469727,24.149999618530273,24.100000381469727,24.100000381469727,34129,0.0,0.0
2022-12-02 13:00:00+08:00,24.100000381469727,24.149999618530273,24.100000381469727,24.149999618530273,23000,0.0,0.0
2022-12-05 09:00:00+08:00,24.200000762939453,24.350000381469727,24.100000381469727,24.100000381469727,0,0.0,0.0
2022-12-05 10:00:00+08:00,24.100000381469727,24.25,24.100000381469727,24.25,79001,0.0,0.0
2022-12-05 11:00:00+08:00,24.25,24.399999618530273,24.200000762939453,24.200000762939453,71160,0.0,0.0
2022-12-05 12:00:00+08:00,24.200000762939453,24.200000762939453,24.149999618530273,24.200000762939453,64500,0.0,0.0
2022-12-05 13:00:00+08:00,24.200000762939453,24.200000762939453,24.149999618530273,24.200000762939453,31000,0.0,0.0
2022-12-06 09:00:00+08:00,24.149999618530273,24.200000762939453,24.0,24.0,0,0.0,0.0
2022-12-06 10:00:00+08:00,23.950000762939453,24.0,23.850000381469727,23.899999618530273,60052,0.0,0.0
2022-12-06 11:00:00+08:00,23.899999618530273,24.0,23.899999618530273,23.899999618530273,46000,0.0,0.0
2022-12-06 12:00:00+08:00,23.899999618530273,23.899999618530273,23.75,23.799999237060547,74030,0.0,0.0
2022-12-06 13:00:00+08:00,23.799999237060547,23.799999237060547,23.700000762939453,23.799999237060547,37120,0.0,0.0
2022-12-07 09:00:00+08:00,23.600000381469727,23.75,23.5,23.700000762939453,0,0.0,0.0
2022-12-07 10:00:00+08:00,23.700000762939453,23.700000762939453,23.200000762939453,23.200000762939453,166330,0.0,0.0
2022-12-07 11:00:00+08:00,23.149999618530273,23.299999237060547,23.100000381469727,23.299999237060547,83000,0.0,0.0
2022-12-07 12:00:00+08:00,23.299999237060547,23.399999618530273,23.200000762939453,23.25,47000,0.0,0.0
2022-12-07 13:00:00+08:00,23.200000762939453,23.25,23.100000381469727,23.149999618530273,78000,0.0,0.0
2022-12-08 09:00:00+08:00,23.100000381469727,23.200000762939453,23.049999237060547,23.100000381469727,0,0.0,0.0
2022-12-08 10:00:00+08:00,23.149999618530273,23.25,23.149999618530273,23.149999618530273,24001,0.0,0.0
2022-12-08 11:00:00+08:00,23.200000762939453,23.200000762939453,23.200000762939453,23.200000762939453,14012,0.0,0.0
2022-12-08 12:00:00+08:00,23.25,23.350000381469727,23.25,23.25,27000,0.0,0.0
2022-12-08 13:00:00+08:00,23.25,23.299999237060547,23.200000762939453,23.25,17000,0.0,0.0
2022-12-09 09:00:00+08:00,23.25,23.299999237060547,23.25,23.299999237060547,0,0.0,0.0
2022-12-09 10:00:00+08:00,23.299999237060547,23.299999237060547,23.149999618530273,23.299999237060547,57000,0.0,0.0
2022-12-09 11:00:00+08:00,23.299999237060547,23.299999237060547,23.25,23.25,21000,0.0,0.0
2022-12-09 12:00:00+08:00,23.200000762939453,23.299999237060547,23.200000762939453,23.200000762939453,39000,0.0,0.0
2022-12-09 13:00:00+08:00,23.200000762939453,23.200000762939453,23.149999618530273,23.149999618530273,16000,0.0,0.0
2022-12-12 09:00:00+08:00,23.149999618530273,23.149999618530273,22.899999618530273,23.100000381469727,0,0.0,0.0
2022-12-12 10:00:00+08:00,23.100000381469727,23.149999618530273,23.049999237060547,23.149999618530273,18000,0.0,0.0
2022-12-12 11:00:00+08:00,23.149999618530273,23.149999618530273,23.100000381469727,23.100000381469727,17000,0.0,0.0
2022-12-12 12:00:00+08:00,23.149999618530273,23.200000762939453,23.149999618530273,23.149999618530273,42000,0.0,0.0
2022-12-12 13:00:00+08:00,23.149999618530273,23.200000762939453,23.100000381469727,23.200000762939453,17094,0.0,0.0
2022-12-13 09:00:00+08:00,23.25,23.299999237060547,23.200000762939453,23.200000762939453,0,0.0,0.0
2022-12-13 10:00:00+08:00,23.25,23.25,23.149999618530273,23.200000762939453,20001,0.0,0.0
2022-12-13 11:00:00+08:00,23.25,23.25,23.200000762939453,23.200000762939453,17025,0.0,0.0
2022-12-13 12:00:00+08:00,23.149999618530273,23.149999618530273,23.049999237060547,23.049999237060547,64001,0.0,0.0
2022-12-13 13:00:00+08:00,23.100000381469727,23.200000762939453,23.049999237060547,23.049999237060547,30000,0.0,0.0
2022-12-14 09:00:00+08:00,23.149999618530273,23.25,23.100000381469727,23.25,0,0.0,0.0
2022-12-14 10:00:00+08:00,23.200000762939453,23.25,23.149999618530273,23.200000762939453,40000,0.0,0.0
2022-12-14 11:00:00+08:00,23.200000762939453,23.200000762939453,23.149999618530273,23.149999618530273,12001,0.0,0.0
2022-12-14 12:00:00+08:00,23.149999618530273,23.299999237060547,23.149999618530273,23.299999237060547,64500,0.0,0.0
2022-12-14 13:00:00+08:00,23.299999237060547,23.549999237060547,23.299999237060547,23.549999237060547,85200,0.0,0.0
2022-12-15 09:00:00+08:00,23.399999618530273,23.5,23.399999618530273,23.399999618530273,0,0.0,0.0
2022-12-15 10:00:00+08:00,23.399999618530273,23.399999618530273,23.299999237060547,23.399999618530273,24010,0.0,0.0
2022-12-15 11:00:00+08:00,23.399999618530273,23.399999618530273,23.350000381469727,23.350000381469727,14000,0.0,0.0
2022-12-15 12:00:00+08:00,23.350000381469727,23.350000381469727,23.299999237060547,23.299999237060547,23000,0.0,0.0
2022-12-15 13:00:00+08:00,23.299999237060547,23.299999237060547,23.200000762939453,23.200000762939453,38000,0.0,0.0
2022-12-16 09:00:00+08:00,23.049999237060547,23.100000381469727,22.950000762939453,22.950000762939453,6190,0.0,0.0
2022-12-16 10:00:00+08:00,23.0,23.149999618530273,23.0,23.149999618530273,41000,0.0,0.0
2022-12-16 11:00:00+08:00,23.100000381469727,23.100000381469727,23.049999237060547,23.049999237060547,16044,0.0,0.0
2022-12-16 12:00:00+08:00,23.100000381469727,23.149999618530273,23.049999237060547,23.049999237060547,40000,0.0,0.0
2022-12-16 13:00:00+08:00,23.049999237060547,23.049999237060547,23.0,23.0,12100,0.0,0.0
2022-12-19 09:00:00+08:00,23.049999237060547,23.25,22.799999237060547,22.899999618530273,0,0.0,0.0
2022-12-19 10:00:00+08:00,22.950000762939453,23.049999237060547,22.950000762939453,22.950000762939453,49000,0.0,0.0
2022-12-19 11:00:00+08:00,22.950000762939453,23.0,22.899999618530273,22.899999618530273,33000,0.0,0.0
2022-12-19 12:00:00+08:00,22.899999618530273,22.899999618530273,22.850000381469727,22.899999618530273,45000,0.0,0.0
2022-12-19 13:00:00+08:00,22.899999618530273,23.0,22.899999618530273,23.0,29000,0.0,0.0
2022-12-20 09:00:00+08:00,22.950000762939453,23.0,22.700000762939453,22.75,0,0.0,0.0
2022-12-20 10:00:00+08:00,22.799999237060547,22.799999237060547,22.700000762939453,22.75,43000,0.0,0.0
2022-12-20 11:00:00+08:00,22.75,22.75,22.399999618530273,22.450000762939453,153062,0.0,0.0
2022-12-20 12:00:00+08:00,22.399999618530273,22.399999618530273,22.25,22.350000381469727,80209,0.0,0.0
2022-12-20 13:00:00+08:00,22.350000381469727,22.350000381469727,22.25,22.25,43000,0.0,0.0
2022-12-21 09:00:00+08:00,22.299999237060547,22.350000381469727,22.299999237060547,22.299999237060547,0,0.0,0.0
2022-12-21 10:00:00+08:00,22.299999237060547,22.399999618530273,22.299999237060547,22.350000381469727,41055,0.0,0.0
2022-12-21 11:00:00+08:00,22.350000381469727,22.399999618530273,22.299999237060547,22.350000381469727,26100,0.0,0.0
2022-12-21 12:00:00+08:00,22.350000381469727,22.350000381469727,22.149999618530273,22.25,0,0.0,0.0
2022-12-21 13:00:00+08:00,22.200000762939453,22.200000762939453,22.149999618530273,22.200000762939453,210305,0.0,0.0
2022-12-22 09:00:00+08:00,22.600000381469727,22.600000381469727,22.399999618530273,22.5,0,0.0,0.0
2022-12-22 10:00:00+08:00,22.5,22.5,22.350000381469727,22.350000381469727,29000,0.0,0.0
2022-12-22 11:00:00+08:00,22.350000381469727,22.399999618530273,22.350000381469727,22.399999618530273,20000,0.0,0.0
2022-12-22 12:00:00+08:00,22.399999618530273,22.399999618530273,22.350000381469727,22.350000381469727,24000,0.0,0.0
2022-12-22 13:00:00+08:00,22.350000381469727,22.350000381469727,22.299999237060547,22.350000381469727,12000,0.0,0.0
2022-12-23 09:00:00+08:00,22.149999618530273,22.149999618530273,21.899999618530273,22.149999618530273,0,0.0,0.0
2022-12-23 10:00:00+08:00,22.149999618530273,22.25,22.100000381469727,22.149999618530273,38000,0.0,0.0
2022-12-23 11:00:00+08:00,22.100000381469727,22.149999618530273,22.100000381469727,22.149999618530273,22000,0.0,0.0
2022-12-23 12:00:00+08:00,22.149999618530273,22.200000762939453,22.149999618530273,22.200000762939453,7000,0.0,0.0
2022-12-23 13:00:00+08:00,22.149999618530273,22.200000762939453,22.149999618530273,22.149999618530273,13000,0.0,0.0
2022-12-26 09:00:00+08:00,22.299999237060547,22.299999237060547,22.25,22.299999237060547,0,0.0,0.0
2022-12-26 10:00:00+08:00,22.25,22.25,22.25,22.25,2000,0.0,0.0
2022-12-26 11:00:00+08:00,22.25,22.25,22.25,22.25,2000,0.0,0.0
2022-12-26 12:00:00+08:00,22.25,22.299999237060547,22.200000762939453,22.25,31050,0.0,0.0
2022-12-26 13:00:00+08:00,22.25,22.25,22.25,22.25,13000,0.0,0.0
2022-12-27 09:00:00+08:00,22.299999237060547,22.299999237060547,22.299999237060547,22.299999237060547,0,0.0,0.0
2022-12-27 10:00:00+08:00,22.350000381469727,22.399999618530273,22.299999237060547,22.299999237060547,27000,0.0,0.0
2022-12-27 11:00:00+08:00,22.299999237060547,22.350000381469727,22.299999237060547,22.299999237060547,16037,0.0,0.0
2022-12-27 12:00:00+08:00,22.299999237060547,22.299999237060547,22.149999618530273,22.149999618530273,37000,0.0,0.0
2022-12-27 13:00:00+08:00,22.149999618530273,22.350000381469727,22.149999618530273,22.299999237060547,25000,0.0,0.0
2022-12-28 09:00:00+08:00,22.200000762939453,22.200000762939453,22.0,22.0,0,0.0,0.0
2022-12-28 10:00:00+08:00,21.950000762939453,22.0,21.899999618530273,21.899999618530273,99000,0.0,0.0
2022-12-28 11:00:00+08:00,21.899999618530273,21.950000762939453,21.899999618530273,21.950000762939453,57000,0.0,0.0
2022-12-28 12:00:00+08:00,21.899999618530273,22.0,21.899999618530273,22.0,37000,0.0,0.0
2022-12-28 13:00:00+08:00,22.0,22.049999237060547,22.0,22.049999237060547,18000,0.0,0.0
2022-12-29 09:00:00+08:00,21.799999237060547,21.799999237060547,21.600000381469727,21.700000762939453,0,0.0,0.0
2022-12-29 10:00:00+08:00,21.700000762939453,21.75,21.700000762939453,21.75,28020,0.0,0.0
2022-12-29 11:00:00+08:00,21.75,21.799999237060547,21.75,21.75,8020,0.0,0.0
2022-12-29 12:00:00+08:00,21.75,21.850000381469727,21.75,21.799999237060547,27020,0.0,0.0
2022-12-29 13:00:00+08:00,21.850000381469727,21.899999618530273,21.799999237060547,21.799999237060547,7000,0.0,0.0
2022-12-30 09:00:00+08:00,21.950000762939453,21.950000762939453,21.850000381469727,21.850000381469727,0,0.0,0.0
2022-12-30 10:00:00+08:00,21.850000381469727,21.850000381469727,21.799999237060547,21.850000381469727,26000,0.0,0.0
2022-12-30 11:00:00+08:00,21.899999618530273,21.950000762939453,21.899999618530273,21.950000762939453,22000,0.0,0.0
2022-12-30 12:00:00+08:00,22.0,22.149999618530273,22.0,22.149999618530273,29000,0.0,0.0
2022-12-30 13:00:00+08:00,22.100000381469727,22.100000381469727,22.0,22.049999237060547,8000,0.0,0.0
2023-01-03 09:00:00+08:00,22.100000381469727,22.100000381469727,21.799999237060547,22.0,0,0.0,0.0
2023-01-03 10:00:00+08:00,21.950000762939453,22.200000762939453,21.950000762939453,22.200000762939453,12000,0.0,0.0
2023-01-03 11:00:00+08:00,21.950000762939453,22.100000381469727,21.950000762939453,22.100000381469727,12041,0.0,0.0
2023-01-03 12:00:00+08:00,22.049999237060547,22.049999237060547,21.850000381469727,21.950000762939453,45000,0.0,0.0
2023-01-03 13:00:00+08:00,22.0,22.049999237060547,22.0,22.0,25000,0.0,0.0
2023-01-04 09:00:00+08:00,22.0,22.149999618530273,22.0,22.049999237060547,0,0.0,0.0
2023-01-04 10:00:00+08:00,22.049999237060547,22.100000381469727,22.049999237060547,22.049999237060547,14000,0.0,0.0
2023-01-04 11:00:00+08:00,22.100000381469727,22.100000381469727,22.0,22.0,17000,0.0,0.0
2023-01-04 12:00:00+08:00,22.049999237060547,22.049999237060547,22.0,22.049999237060547,18000,0.0,0.0
2023-01-04 13:00:00+08:00,22.049999237060547,22.100000381469727,22.0,22.0,13000,0.0,0.0
2023-01-05 09:00:00+08:00,22.200000762939453,22.350000381469727,22.200000762939453,22.25,0,0.0,0.0
2023-01-05 10:00:00+08:00,22.25,22.299999237060547,22.25,22.299999237060547,23000,0.0,0.0
2023-01-05 11:00:00+08:00,22.299999237060547,22.299999237060547,22.149999618530273,22.149999618530273,19000,0.0,0.0
2023-01-05 12:00:00+08:00,22.149999618530273,22.149999618530273,22.100000381469727,22.100000381469727,15000,0.0,0.0
2023-01-05 13:00:00+08:00,22.100000381469727,22.100000381469727,22.049999237060547,22.049999237060547,25100,0.0,0.0
2023-01-06 09:00:00+08:00,22.049999237060547,22.100000381469727,22.049999237060547,22.100000381469727,0,0.0,0.0
2023-01-06 10:00:00+08:00,22.100000381469727,22.200000762939453,22.100000381469727,22.200000762939453,39000,0.0,0.0
2023-01-06 11:00:00+08:00,22.25,22.25,22.200000762939453,22.200000762939453,18000,0.0,0.0
2023-01-06 12:00:00+08:00,22.200000762939453,22.25,22.200000762939453,22.200000762939453,20000,0.0,0.0
2023-01-06 13:00:00+08:00,22.200000762939453,22.200000762939453,22.149999618530273,22.200000762939453,4046,0.0,0.0
2023-01-09 09:00:00+08:00,22.5,22.850000381469727,22.5,22.649999618530273,19954,0.0,0.0
2023-01-09 10:00:00+08:00,22.700000762939453,22.75,22.600000381469727,22.649999618530273,69000,0.0,0.0
2023-01-09 11:00:00+08:00,22.649999618530273,22.649999618530273,22.5,22.5,51000,0.0,0.0
2023-01-09 12:00:00+08:00,22.549999237060547,22.600000381469727,22.549999237060547,22.549999237060547,35000,0.0,0.0
2023-01-09 13:00:00+08:00,22.549999237060547,22.600000381469727,22.5,22.600000381469727,23000,0.0,0.0
2023-01-10 09:00:00+08:00,22.600000381469727,22.649999618530273,22.549999237060547,22.649999618530273,0,0.0,0.0
2023-01-10 10:00:00+08:00,22.649999618530273,22.799999237060547,22.649999618530273,22.75,83000,0.0,0.0
2023-01-10 11:00:00+08:00,22.75,22.75,22.700000762939453,22.700000762939453,15000,0.0,0.0
2023-01-10 12:00:00+08:00,22.700000762939453,22.700000762939453,22.649999618530273,22.649999618530273,19000,0.0,0.0
2023-01-10 13:00:00+08:00,22.75,22.75,22.649999618530273,22.649999618530273,4000,0.0,0.0
2023-01-11 09:00:00+08:00,22.649999618530273,22.649999618530273,22.549999237060547,22.600000381469727,0,0.0,0.0
2023-01-11 10:00:00+08:00,22.600000381469727,22.600000381469727,22.549999237060547,22.549999237060547,36000,0.0,0.0
2023-01-11 11:00:00+08:00,22.549999237060547,22.549999237060547,22.5,22.549999237060547,22010,0.0,0.0
2023-01-11 12:00:00+08:00,22.549999237060547,22.600000381469727,22.450000762939453,22.549999237060547,53100,0.0,0.0
2023-01-11 13:00:00+08:00,22.5,22.5,22.5,22.5,15000,0.0,0.0
2023-01-12 09:00:00+08:00,22.649999618530273,22.649999618530273,22.399999618530273,22.399999618530273,0,0.0,0.0
2023-01-12 10:00:00+08:00,22.399999618530273,22.399999618530273,22.350000381469727,22.399999618530273,37000,0.0,0.0
2023-01-12 11:00:00+08:00,22.350000381469727,22.450000762939453,22.350000381469727,22.399999618530273,15000,0.0,0.0
2023-01-12 12:00:00+08:00,22.399999618530273,22.399999618530273,22.299999237060547,22.299999237060547,24523,0.0,0.0
2023-01-12 13:00:00+08:00,22.350000381469727,22.450000762939453,22.25,22.25,16000,0.0,0.0
2023-01-13 09:00:00+08:00,22.399999618530273,22.399999618530273,22.200000762939453,22.25,0,0.0,0.0
2023-01-13 10:00:00+08:00,22.200000762939453,22.25,22.200000762939453,22.200000762939453,27000,0.0,0.0
2023-01-13 11:00:00+08:00,22.200000762939453,22.200000762939453,22.100000381469727,22.100000381469727,34000,0.0,0.0
2023-01-13 12:00:00+08:00,22.149999618530273,22.200000762939453,22.100000381469727,22.149999618530273,15000,0.0,0.0
2023-01-13 13:00:00+08:00,22.100000381469727,22.149999618530273,22.100000381469727,22.149999618530273,8003,0.0,0.0
2023-01-16 09:00:00+08:00,22.149999618530273,22.200000762939453,22.049999237060547,22.200000762939453,0,0.0,0.0
2023-01-16 10:00:00+08:00,22.149999618530273,22.149999618530273,22.149999618530273,22.149999618530273,3002,0.0,0.0
2023-01-16 11:00:00+08:00,22.149999618530273,22.149999618530273,22.149999618530273,22.149999618530273,3000,0.0,0.0
2023-01-16 12:00:00+08:00,22.200000762939453,22.25,22.200000762939453,22.25,11000,0.0,0.0
2023-01-16 13:00:00+08:00,22.25,22.25,22.25,22.25,2063,0.0,0.0
2023-01-17 09:00:00+08:00,22.299999237060547,22.450000762939453,22.299999237060547,22.450000762939453,0,0.0,0.0
2023-01-17 10:00:00+08:00,22.399999618530273,22.450000762939453,22.399999618530273,22.450000762939453,8002,0.0,0.0
2023-01-17 11:00:00+08:00,22.5,22.549999237060547,22.399999618530273,22.399999618530273,27000,0.0,0.0
2023-01-17 12:00:00+08:00,22.450000762939453,22.5,22.450000762939453,22.450000762939453,20010,0.0,0.0
2023-01-17 13:00:00+08:00,22.450000762939453,22.450000762939453,22.399999618530273,22.399999618530273,37100,0.0,0.0
2023-01-30 09:00:00+08:00,22.450000762939453,22.950000762939453,22.450000762939453,22.649999618530273,8896,0.0,0.0
2023-01-30 10:00:00+08:00,22.649999618530273,22.75,22.649999618530273,22.75,0,0.0,0.0
2023-01-30 11:00:00+08:00,22.75,22.799999237060547,22.700000762939453,22.700000762939453,171043,0.0,0.0
2023-01-30 12:00:00+08:00,22.700000762939453,22.75,22.700000762939453,22.700000762939453,28060,0.0,0.0
2023-01-30 13:00:00+08:00,22.700000762939453,22.75,22.600000381469727,22.600000381469727,31000,0.0,0.0
2023-01-31 09:00:00+08:00,22.700000762939453,22.850000381469727,22.700000762939453,22.850000381469727,0,0.0,0.0
2023-01-31 10:00:00+08:00,22.799999237060547,22.799999237060547,22.75,22.799999237060547,19000,0.0,0.0
2023-01-31 11:00:00+08:00,22.799999237060547,22.799999237060547,22.75,22.75,31119,0.0,0.0
2023-01-31 12:00:00+08:00,22.75,22.799999237060547,22.75,22.799999237060547,34000,0.0,0.0
2023-01-31 13:00:00+08:00,22.75,22.850000381469727,22.75,22.799999237060547,14000,0.0,0.0
2023-02-01 09:00:00+08:00,22.850000381469727,23.100000381469727,22.850000381469727,23.049999237060547,0,0.0,0.0
2023-02-01 10:00:00+08:00,23.049999237060547,23.399999618530273,23.0,23.299999237060547,170000,0.0,0.0
2023-02-01 11:00:00+08:00,23.299999237060547,23.350000381469727,23.299999237060547,23.350000381469727,72000,0.0,0.0
2023-02-01 12:00:00+08:00,23.299999237060547,23.350000381469727,23.299999237060547,23.350000381469727,32000,0.0,0.0
2023-02-01 13:00:00+08:00,23.350000381469727,23.350000381469727,23.299999237060547,23.350000381469727,35000,0.0,0.0
2023-02-02 09:00:00+08:00,23.600000381469727,24.299999237060547,23.600000381469727,23.950000762939453,334174,0.0,0.0
2023-02-02 10:00:00+08:00,23.950000762939453,24.049999237060547,23.899999618530273,24.0,180431,0.0,0.0
2023-02-02 11:00:00+08:00,24.0,24.0,23.899999618530273,24.0,74838,0.0,0.0
2023-02-02 12:00:00+08:00,23.950000762939453,23.950000762939453,23.850000381469727,23.899999618530273,66136,0.0,0.0
2023-02-02 13:00:00+08:00,23.950000762939453,23.950000762939453,23.850000381469727,23.899999618530273,31000,0.0,0.0
2023-02-03 09:00:00+08:00,23.700000762939453,23.950000762939453,23.700000762939453,23.799999237060547,0,0.0,0.0
2023-02-03 10:00:00+08:00,23.75,23.799999237060547,23.75,23.799999237060547,41073,0.0,0.0
2023-02-03 11:00:00+08:00,23.75,23.799999237060547,23.75,23.799999237060547,35000,0.0,0.0
2023-02-03 12:00:00+08:00,23.799999237060547,23.799999237060547,23.700000762939453,23.700000762939453,57000,0.0,0.0
2023-02-03 13:00:00+08:00,23.700000762939453,23.700000762939453,23.700000762939453,23.700000762939453,39000,0.0,0.0
2023-02-06 09:00:00+08:00,23.649999618530273,23.799999237060547,23.649999618530273,23.799999237060547,0,0.0,0.0
2023-02-06 10:00:00+08:00,23.799999237060547,23.799999237060547,23.549999237060547,23.600000381469727,60018,0.0,0.0
2023-02-06 11:00:00+08:00,23.549999237060547,23.600000381469727,23.549999237060547,23.600000381469727,15137,0.0,0.0
2023-02-06 12:00:00+08:00,23.600000381469727,23.649999618530273,23.600000381469727,23.649999618530273,42000,0.0,0.0
2023-02-06 13:00:00+08:00,23.649999618530273,23.649999618530273,23.549999237060547,23.549999237060547,28000,0.0,0.0
2023-02-07 09:00:00+08:00,23.649999618530273,23.75,23.649999618530273,23.700000762939453,0,0.0,0.0
2023-02-07 10:00:00+08:00,23.700000762939453,23.700000762939453,23.649999618530273,23.700000762939453,37043,0.0,0.0
2023-02-07 11:00:00+08:00,23.700000762939453,23.700000762939453,23.649999618530273,23.649999618530273,15000,0.0,0.0
2023-02-07 12:00:00+08:00,23.700000762939453,23.700000762939453,23.700000762939453,23.700000762939453,24058,0.0,0.0
2023-02-07 13:00:00+08:00,23.700000762939453,23.75,23.700000762939453,23.700000762939453,3000,0.0,0.0
2023-02-08 09:00:00+08:00,23.799999237060547,23.899999618530273,23.549999237060547,23.649999618530273,0,0.0,0.0
2023-02-08 10:00:00+08:00,23.700000762939453,23.700000762939453,23.649999618530273,23.649999618530273,10043,0.0,0.0
2023-02-08 11:00:00+08:00,23.700000762939453,23.700000762939453,23.700000762939453,23.700000762939453,19000,0.0,0.0
2023-02-08 12:00:00+08:00,23.649999618530273,23.700000762939453,23.649999618530273,23.649999618530273,40202,0.0,0.0
2023-02-08 13:00:00+08:00,23.700000762939453,23.700000762939453,23.649999618530273,23.700000762939453,31050,0.0,0.0
2023-02-09 09:00:00+08:00,23.75,23.75,23.649999618530273,23.649999618530273,0,0.0,0.0
2023-02-09 10:00:00+08:00,23.649999618530273,23.649999618530273,23.600000381469727,23.649999618530273,58001,0.0,0.0
2023-02-09 11:00:00+08:00,23.649999618530273,23.649999618530273,23.649999618530273,23.649999618530273,28011,0.0,0.0
2023-02-09 12:00:00+08:00,23.649999618530273,23.700000762939453,23.600000381469727,23.649999618530273,39000,0.0,0.0
2023-02-09 13:00:00+08:00,23.649999618530273,23.649999618530273,23.600000381469727,23.600000381469727,26012,0.0,0.0
2023-02-10 09:00:00+08:00,23.549999237060547,23.600000381469727,23.549999237060547,23.549999237060547,0,0.0,0.0
2023-02-10 10:00:00+08:00,23.549999237060547,23.549999237060547,23.450000762939453,23.450000762939453,84000,0.0,0.0
2023-02-10 11:00:00+08:00,23.450000762939453,23.549999237060547,23.450000762939453,23.450000762939453,36385,0.0,0.0
2023-02-10 12:00:00+08:00,23.450000762939453,23.450000762939453,23.399999618530273,23.399999618530273,19015,0.0,0.0
2023-02-10 13:00:00+08:00,23.450000762939453,23.450000762939453,23.299999237060547,23.299999237060547,137000,0.0,0.0
2023-02-13 09:00:00+08:00,23.299999237060547,23.350000381469727,23.200000762939453,23.299999237060547,0,0.0,0.0
2023-02-13 10:00:00+08:00,23.399999618530273,23.450000762939453,23.350000381469727,23.399999618530273,30000,0.0,0.0
2023-02-13 11:00:00+08:00,23.399999618530273,23.5,23.399999618530273,23.5,59751,0.0,0.0
2023-02-13 12:00:00+08:00,23.450000762939453,23.549999237060547,23.450000762939453,23.5,58051,0.0,0.0
2023-02-13 13:00:00+08:00,23.5,23.700000762939453,23.5,23.700000762939453,13447,0.0,0.0
2023-02-14 09:00:00+08:00,23.549999237060547,23.649999618530273,23.549999237060547,23.549999237060547,0,0.0,0.0
2023-02-14 10:00:00+08:00,23.600000381469727,23.600000381469727,23.549999237060547,23.549999237060547,90046,0.0,0.0
2023-02-14 11:00:00+08:00,23.549999237060547,23.649999618530273,23.549999237060547,23.600000381469727,103234,0.0,0.0
2023-02-14 12:00:00+08:00,23.600000381469727,23.700000762939453,23.600000381469727,23.649999618530273,15114,0.0,0.0
2023-02-14 13:00:00+08:00,23.649999618530273,23.700000762939453,23.649999618530273,23.700000762939453,11021,0.0,0.0
2023-02-15 09:00:00+08:00,23.75,23.950000762939453,23.75,23.899999618530273,0,0.0,0.0
2023-02-15 10:00:00+08:00,23.850000381469727,23.899999618530273,23.75,23.75,68000,0.0,0.0
2023-02-15 11:00:00+08:00,23.799999237060547,23.799999237060547,23.700000762939453,23.75,25030,0.0,0.0
2023-02-15 12:00:00+08:00,23.75,23.850000381469727,23.75,23.850000381469727,44000,0.0,0.0
2023-02-15 13:00:00+08:00,23.899999618530273,23.899999618530273,23.799999237060547,23.850000381469727,33000,0.0,0.0
2023-02-16 09:00:00+08:00,23.950000762939453,24.100000381469727,23.950000762939453,23.950000762939453,0,0.0,0.0
2023-02-16 10:00:00+08:00,23.950000762939453,23.950000762939453,23.799999237060547,23.799999237060547,0,0.0,0.0
2023-02-16 11:00:00+08:00,23.799999237060547,23.899999618530273,23.700000762939453,23.899999618530273,319121,0.0,0.0
2023-02-16 12:00:00+08:00,23.950000762939453,23.950000762939453,23.799999237060547,23.899999618530273,70055,0.0,0.0
2023-02-16 13:00:00+08:00,23.850000381469727,23.899999618530273,23.850000381469727,23.850000381469727,15022,0.0,0.0
2023-02-17 09:00:00+08:00,23.899999618530273,24.0,23.700000762939453,23.850000381469727,0,0.0,0.0
2023-02-17 10:00:00+08:00,23.850000381469727,23.899999618530273,23.799999237060547,23.799999237060547,40036,0.0,0.0
2023-02-17 11:00:00+08:00,23.799999237060547,23.950000762939453,23.75,23.950000762939453,38000,0.0,0.0
2023-02-17 12:00:00+08:00,23.950000762939453,23.950000762939453,23.899999618530273,23.899999618530273,32183,0.0,0.0
2023-02-17 13:00:00+08:00,23.899999618530273,23.899999618530273,23.899999618530273,23.899999618530273,12001,0.0,0.0
2023-02-20 09:00:00+08:00,23.950000762939453,24.200000762939453,23.950000762939453,24.0,0,0.0,0.0
2023-02-20 10:00:00+08:00,24.0,24.100000381469727,24.0,24.049999237060547,43110,0.0,0.0
2023-02-20 11:00:00+08:00,24.100000381469727,24.100000381469727,24.0,24.0,46000,0.0,0.0
2023-02-20 12:00:00+08:00,24.100000381469727,24.149999618530273,24.049999237060547,24.049999237060547,64010,0.0,0.0
2023-02-20 13:00:00+08:00,24.100000381469727,24.100000381469727,24.049999237060547,24.049999237060547,11100,0.0,0.0
2023-02-21 09:00:00+08:00,24.100000381469727,24.149999618530273,24.049999237060547,24.100000381469727,0,0.0,0.0
2023-02-21 10:00:00+08:00,24.049999237060547,24.049999237060547,24.0,24.049999237060547,43000,0.0,0.0
2023-02-21 11:00:00+08:00,24.049999237060547,24.049999237060547,24.0,24.049999237060547,55041,0.0,0.0
2023-02-21 12:00:00+08:00,24.0,24.049999237060547,24.0,24.049999237060547,17003,0.0,0.0
2023-02-21 13:00:00+08:00,24.049999237060547,24.100000381469727,24.0,24.0,18000,0.0,0.0
2023-02-22 09:00:00+08:00,23.799999237060547,24.0,23.799999237060547,23.799999237060547,0,0.0,0.0
2023-02-22 10:00:00+08:00,23.799999237060547,23.899999618530273,23.799999237060547,23.899999618530273,74393,0.0,0.0
2023-02-22 11:00:00+08:00,23.950000762939453,24.049999237060547,23.950000762939453,24.049999237060547,27117,0.0,0.0
2023-02-22 12:00:00+08:00,24.049999237060547,24.049999237060547,24.0,24.0,53200,0.0,0.0
2023-02-22 13:00:00+08:00,24.0,24.0,23.950000762939453,24.0,11020,0.0,0.0
2023-02-23 09:00:00+08:00,24.0,24.100000381469727,24.0,24.049999237060547,0,0.0,0.0
2023-02-23 10:00:00+08:00,24.049999237060547,24.200000762939453,24.049999237060547,24.200000762939453,59080,0.0,0.0
2023-02-23 11:00:00+08:00,24.149999618530273,24.200000762939453,24.049999237060547,24.149999618530273,55100,0.0,0.0
2023-02-23 12:00:00+08:00,24.100000381469727,24.100000381469727,24.0,24.0,0,0.0,0.0
2023-02-23 13:00:00+08:00,24.049999237060547,24.049999237060547,24.049999237060547,24.049999237060547,235413,0.0,0.0
2023-02-24 09:00:00+08:00,24.25,24.299999237060547,24.100000381469727,24.100000381469727,0,0.0,0.0
2023-02-24 10:00:00+08:00,24.100000381469727,24.200000762939453,24.100000381469727,24.149999618530273,39021,0.0,0.0
2023-02-24 11:00:00+08:00,24.149999618530273,24.149999618530273,24.100000381469727,24.149999618530273,44054,0.0,0.0
2023-02-24 12:00:00+08:00,24.149999618530273,24.200000762939453,24.149999618530273,24.149999618530273,50000,0.0,0.0
2023-02-24 13:00:00+08:00,24.149999618530273,24.200000762939453,24.149999618530273,24.200000762939453,38000,0.0,0.0
2023-03-01 09:00:00+08:00,24.149999618530273,24.75,24.149999618530273,24.600000381469727,10575,0.0,0.0
2023-03-01 10:00:00+08:00,24.600000381469727,24.600000381469727,24.450000762939453,24.450000762939453,34610,0.0,0.0
2023-03-01 11:00:00+08:00,24.450000762939453,24.700000762939453,24.399999618530273,24.700000762939453,81210,0.0,0.0
2023-03-01 12:00:00+08:00,24.700000762939453,24.799999237060547,24.700000762939453,24.75,139381,0.0,0.0
2023-03-01 13:00:00+08:00,24.75,24.850000381469727,24.75,24.799999237060547,43302,0.0,0.0
2023-03-02 09:00:00+08:00,24.899999618530273,24.899999618530273,24.700000762939453,24.700000762939453,0,0.0,0.0
2023-03-02 10:00:00+08:00,24.700000762939453,24.850000381469727,24.700000762939453,24.799999237060547,48012,0.0,0.0
2023-03-02 11:00:00+08:00,24.799999237060547,24.899999618530273,24.75,24.850000381469727,44090,0.0,0.0
2023-03-02 12:00:00+08:00,24.799999237060547,24.799999237060547,24.75,24.799999237060547,22190,0.0,0.0
2023-03-02 13:00:00+08:00,24.850000381469727,24.850000381469727,24.799999237060547,24.850000381469727,26040,0.0,0.0
2023-03-03 09:00:00+08:00,25.0,25.0,24.799999237060547,24.850000381469727,0,0.0,0.0
2023-03-03 10:00:00+08:00,24.850000381469727,24.950000762939453,24.850000381469727,24.899999618530273,84504,0.0,0.0
2023-03-03 11:00:00+08:00,24.899999618530273,25.0,24.899999618530273,25.0,47096,0.0,0.0
2023-03-03 12:00:00+08:00,25.0,25.0,24.899999618530273,24.899999618530273,88009,0.0,0.0
2023-03-03 13:00:00+08:00,24.899999618530273,24.950000762939453,24.850000381469727,24.950000762939453,38100,0.0,0.0
2023-03-06 09:00:00+08:00,25.0,25.149999618530273,25.0,25.100000381469727,0,0.0,0.0
2023-03-06 10:00:00+08:00,25.100000381469727,25.149999618530273,25.049999237060547,25.149999618530273,102376,0.0,0.0
2023-03-06 11:00:00+08:00,25.200000762939453,25.200000762939453,25.100000381469727,25.100000381469727,33008,0.0,0.0
2023-03-06 12:00:00+08:00,25.100000381469727,25.149999618530273,25.100000381469727,25.100000381469727,44113,0.0,0.0
2023-03-06 13:00:00+08:00,25.100000381469727,25.100000381469727,25.100000381469727,25.100000381469727,24020,0.0,0.0
2023-03-07 09:00:00+08:00,25.100000381469727,25.200000762939453,25.049999237060547,25.100000381469727,0,0.0,0.0
2023-03-07 10:00:00+08:00,25.149999618530273,25.200000762939453,25.100000381469727,25.100000381469727,70009,0.0,0.0
2023-03-07 11:00:00+08:00,25.100000381469727,25.200000762939453,25.100000381469727,25.200000762939453,23091,0.0,0.0
2023-03-07 12:00:00+08:00,25.149999618530273,25.200000762939453,25.100000381469727,25.149999618530273,48110,0.0,0.0
2023-03-07 13:00:00+08:00,25.149999618530273,25.149999618530273,25.149999618530273,25.149999618530273,12195,0.0,0.0
2023-03-08 09:00:00+08:00,25.149999618530273,25.200000762939453,25.0,25.149999618530273,0,0.0,0.0
2023-03-08 10:00:00+08:00,25.149999618530273,25.200000762939453,25.149999618530273,25.200000762939453,80000,0.0,0.0
2023-03-08 11:00:00+08:00,25.200000762939453,25.25,25.149999618530273,25.149999618530273,93000,0.0,0.0
2023-03-08 12:00:00+08:00,25.149999618530273,25.200000762939453,25.100000381469727,25.100000381469727,30012,0.0,0.0
2023-03-08 13:00:00+08:00,25.200000762939453,25.399999618530273,25.149999618530273,25.299999237060547,53080,0.0,0.0
2023-03-09 09:00:00+08:00,25.100000381469727,25.299999237060547,25.100000381469727,25.200000762939453,0,0.0,0.0
2023-03-09 10:00:00+08:00,25.200000762939453,25.25,25.100000381469727,25.149999618530273,105247,0.0,0.0
2023-03-09 11:00:00+08:00,25.149999618530273,25.149999618530273,25.100000381469727,25.149999618530273,43020,0.0,0.0
2023-03-09 12:00:00+08:00,25.149999618530273,25.200000762939453,25.049999237060547,25.149999618530273,85499,0.0,0.0
2023-03-09 13:00:00+08:00,25.149999618530273,25.149999618530273,25.100000381469727,25.100000381469727,8080,0.0,0.0
2023-03-10 09:00:00+08:00,24.25,24.549999237060547,24.25,24.350000381469727,0,0.0,0.0
2023-03-10 10:00:00+08:00,24.450000762939453,24.450000762939453,24.149999618530273,24.350000381469727,205000,0.0,0.0
2023-03-10 11:00:00+08:00,24.350000381469727,24.350000381469727,24.149999618530273,24.200000762939453,95005,0.0,0.0
2023-03-10 12:00:00+08:00,24.25,24.25,24.049999237060547,24.100000381469727,171000,0.0,0.0
2023-03-10 13:00:00+08:00,24.149999618530273,24.200000762939453,24.100000381469727,24.149999618530273,49222,0.0,0.0
2023-03-13 09:00:00+08:00,24.0,24.049999237060547,23.75,23.850000381469727,0,0.0,0.0
2023-03-13 10:00:00+08:00,23.899999618530273,24.399999618530273,23.899999618530273,24.350000381469727,116000,0.0,0.0
2023-03-13 11:00:00+08:00,24.350000381469727,25.25,24.350000381469727,25.049999237060547,772254,0.0,0.0
2023-03-13 12:00:00+08:00,25.0,25.399999618530273,25.0,25.100000381469727,976966,0.0,0.0
2023-03-13 13:00:00+08:00,25.049999237060547,25.149999618530273,25.0,25.100000381469727,136432,0.0,0.0
2023-03-14 09:00:00+08:00,24.899999618530273,25.899999618530273,24.649999618530273,25.600000381469727,0,0.0,0.0
2023-03-14 10:00:00+08:00,25.549999237060547,25.950000762939453,25.450000762939453,25.950000762939453,1508940,0.0,0.0
2023-03-14 11:00:00+08:00,25.899999618530273,26.149999618530273,25.799999237060547,25.950000762939453,881661,0.0,0.0
2023-03-14 12:00:00+08:00,25.899999618530273,25.950000762939453,25.600000381469727,25.700000762939453,400100,0.0,0.0
2023-03-14 13:00:00+08:00,25.700000762939453,25.700000762939453,25.549999237060547,25.549999237060547,178294,0.0,0.0
2023-03-15 09:00:00+08:00,25.5,25.75,25.299999237060547,25.399999618530273,0,0.0,0.0
2023-03-15 10:00:00+08:00,25.399999618530273,25.450000762939453,25.25,25.25,144090,0.0,0.0
2023-03-15 11:00:00+08:00,25.200000762939453,25.399999618530273,25.200000762939453,25.25,118449,0.0,0.0
2023-03-15 12:00:00+08:00,25.25,25.350000381469727,25.200000762939453,25.299999237060547,104020,0.0,0.0
2023-03-15 13:00:00+08:00,25.25,25.299999237060547,25.200000762939453,25.200000762939453,97000,0.0,0.0
2023-03-16 09:00:00+08:00,25.149999618530273,25.25,24.850000381469727,24.899999618530273,0,0.0,0.0
2023-03-16 10:00:00+08:00,24.850000381469727,24.850000381469727,24.649999618530273,24.700000762939453,231269,0.0,0.0
2023-03-16 11:00:00+08:00,24.649999618530273,24.700000762939453,24.450000762939453,24.5,162062,0.0,0.0
2023-03-16 12:00:00+08:00,24.450000762939453,24.549999237060547,24.200000762939453,24.350000381469727,242665,0.0,0.0
2023-03-16 13:00:00+08:00,24.350000381469727,24.450000762939453,24.350000381469727,24.399999618530273,32000,0.0,0.0
2023-03-17 09:00:00+08:00,24.600000381469727,24.950000762939453,24.600000381469727,24.700000762939453,0,0.0,0.0
2023-03-17 10:00:00+08:00,24.700000762939453,24.75,24.649999618530273,24.649999618530273,60000,0.0,0.0
2023-03-17 11:00:00+08:00,24.649999618530273,24.799999237060547,24.649999618530273,24.700000762939453,75518,0.0,0.0
2023-03-17 12:00:00+08:00,24.700000762939453,24.850000381469727,24.700000762939453,24.850000381469727,47000,0.0,0.0
2023-03-17 13:00:00+08:00,24.850000381469727,24.850000381469727,24.75,24.799999237060547,74000,0.0,0.0
2023-03-20 09:00:00+08:00,24.75,25.100000381469727,24.75,25.100000381469727,0,0.0,0.0
2023-03-20 10:00:00+08:00,25.100000381469727,25.450000762939453,25.100000381469727,25.200000762939453,238031,0.0,0.0
2023-03-20 11:00:00+08:00,25.200000762939453,25.200000762939453,25.100000381469727,25.100000381469727,40000,0.0,0.0
2023-03-20 12:00:00+08:00,25.100000381469727,25.100000381469727,25.0,25.049999237060547,109158,0.0,0.0
2023-03-20 13:00:00+08:00,25.049999237060547,25.100000381469727,25.0,25.049999237060547,21000,0.0,0.0
2023-03-21 09:00:00+08:00,25.299999237060547,25.299999237060547,25.149999618530273,25.200000762939453,0,0.0,0.0
2023-03-21 10:00:00+08:00,25.200000762939453,25.450000762939453,25.200000762939453,25.450000762939453,276002,0.0,0.0
2023-03-21 11:00:00+08:00,25.399999618530273,25.700000762939453,25.350000381469727,25.549999237060547,184200,0.0,0.0
2023-03-21 12:00:00+08:00,25.549999237060547,25.600000381469727,25.450000762939453,25.600000381469727,80113,0.0,0.0
2023-03-21 13:00:00+08:00,25.549999237060547,25.600000381469727,25.5,25.600000381469727,55523,0.0,0.0
2023-03-22 09:00:00+08:00,25.649999618530273,25.950000762939453,25.600000381469727,25.75,0,0.0,0.0
2023-03-22 10:00:00+08:00,25.75,25.850000381469727,25.700000762939453,25.850000381469727,65015,0.0,0.0
2023-03-22 11:00:00+08:00,25.850000381469727,25.950000762939453,25.799999237060547,25.850000381469727,160180,0.0,0.0
2023-03-22 12:00:00+08:00,25.850000381469727,25.850000381469727,25.799999237060547,25.850000381469727,72020,0.0,0.0
2023-03-22 13:00:00+08:00,25.850000381469727,25.899999618530273,25.799999237060547,25.799999237060547,38000,0.0,0.0
2023-03-23 09:00:00+08:00,25.799999237060547,26.0,25.799999237060547,25.850000381469727,0,0.0,0.0
2023-03-23 10:00:00+08:00,25.850000381469727,25.950000762939453,25.850000381469727,25.850000381469727,94198,0.0,0.0
2023-03-23 11:00:00+08:00,25.850000381469727,25.850000381469727,25.75,25.75,63360,0.0,0.0
2023-03-23 12:00:00+08:00,25.799999237060547,25.799999237060547,25.700000762939453,25.75,75232,0.0,0.0
2023-03-23 13:00:00+08:00,25.75,25.799999237060547,25.700000762939453,25.75,34005,0.0,0.0
2023-03-24 09:00:00+08:00,25.950000762939453,25.950000762939453,25.700000762939453,25.799999237060547,0,0.0,0.0
2023-03-24 10:00:00+08:00,25.75,25.799999237060547,25.700000762939453,25.75,80051,0.0,0.0
2023-03-24 11:00:00+08:00,25.75,25.850000381469727,25.700000762939453,25.850000381469727,103247,0.0,0.0
2023-03-24 12:00:00+08:00,25.799999237060547,25.799999237060547,25.700000762939453,25.700000762939453,56317,0.0,0.0
2023-03-24 13:00:00+08:00,25.700000762939453,25.799999237060547,25.700000762939453,25.75,45100,0.0,0.0
2023-03-27 09:00:00+08:00,25.649999618530273,26.0,25.649999618530273,25.899999618530273,0,0.0,0.0
2023-03-27 10:00:00+08:00,25.899999618530273,25.950000762939453,25.850000381469727,25.850000381469727,45100,0.0,0.0
2023-03-27 11:00:00+08:00,25.850000381469727,26.100000381469727,25.850000381469727,25.950000762939453,272020,0.0,0.0
2023-03-27 12:00:00+08:00,25.950000762939453,26.049999237060547,25.899999618530273,25.899999618530273,83095,0.0,0.0
2023-03-27 13:00:00+08:00,25.899999618530273,26.0,25.850000381469727,25.899999618530273,42050,0.0,0.0
2023-03-28 09:00:00+08:00,25.799999237060547,26.0,25.600000381469727,25.600000381469727,171948,0.0,0.0
2023-03-28 10:00:00+08:00,25.600000381469727,25.600000381469727,25.299999237060547,25.399999618530273,290349,0.0,0.0
2023-03-28 11:00:00+08:00,25.399999618530273,25.450000762939453,25.299999237060547,25.299999237060547,99000,0.0,0.0
2023-03-28 12:00:00+08:00,25.299999237060547,25.299999237060547,25.149999618530273,25.25,188328,0.0,0.0
2023-03-28 13:00:00+08:00,25.299999237060547,25.299999237060547,25.25,25.299999237060547,32182,0.0,0.0
2023-03-29 09:00:00+08:00,25.450000762939453,25.450000762939453,25.149999618530273,25.200000762939453,0,0.0,0.0
2023-03-29 10:00:00+08:00,25.25,25.299999237060547,25.200000762939453,25.25,64013,0.0,0.0
2023-03-29 11:00:00+08:00,25.25,25.350000381469727,25.100000381469727,25.149999618530273,73100,0.0,0.0
2023-03-29 12:00:00+08:00,25.25,25.450000762939453,25.25,25.399999618530273,198000,0.0,0.0
2023-03-29 13:00:00+08:00,25.399999618530273,25.450000762939453,25.350000381469727,25.450000762939453,19000,0.0,0.0
2023-03-30 09:00:00+08:00,25.5,25.549999237060547,25.399999618530273,25.399999618530273,0,0.0,0.0
2023-03-30 10:00:00+08:00,25.399999618530273,25.5,25.399999618530273,25.450000762939453,82000,0.0,0.0
2023-03-30 11:00:00+08:00,25.450000762939453,25.5,25.399999618530273,25.450000762939453,74000,0.0,0.0
2023-03-30 12:00:00+08:00,25.450000762939453,25.5,25.450000762939453,25.450000762939453,36000,0.0,0.0
2023-03-30 13:00:00+08:00,25.450000762939453,25.5,25.399999618530273,25.5,9000,0.0,0.0
2023-03-31 09:00:00+08:00,25.600000381469727,25.600000381469727,25.399999618530273,25.399999618530273,0,0.0,0.0
2023-03-31 10:00:00+08:00,25.350000381469727,25.399999618530273,25.299999237060547,25.299999237060547,41000,0.0,0.0
2023-03-31 11:00:00+08:00,25.299999237060547,25.399999618530273,25.299999237060547,25.350000381469727,32000,0.0,0.0
2023-03-31 12:00:00+08:00,25.350000381469727,25.399999618530273,25.350000381469727,25.399999618530273,21000,0.0,0.0
2023-03-31 13:00:00+08:00,25.399999618530273,25.399999618530273,25.350000381469727,25.399999618530273,37000,0.0,0.0
2023-04-06 09:00:00+08:00,25.399999618530273,25.549999237060547,25.200000762939453,25.549999237060547,0,0.0,0.0
2023-04-06 10:00:00+08:00,25.549999237060547,25.549999237060547,25.350000381469727,25.350000381469727,52000,0.0,0.0
2023-04-06 11:00:00+08:00,25.399999618530273,25.399999618530273,25.200000762939453,25.25,119070,0.0,0.0
2023-04-06 12:00:00+08:00,25.25,25.350000381469727,25.25,25.299999237060547,17000,0.0,0.0
2023-04-06 13:00:00+08:00,25.350000381469727,25.399999618530273,25.299999237060547,25.399999618530273,20000,0.0,0.0
2023-04-07 09:00:00+08:00,25.25,25.299999237060547,25.200000762939453,25.25,0,0.0,0.0
2023-04-07 10:00:00+08:00,25.25,25.25,25.100000381469727,25.100000381469727,55000,0.0,0.0
2023-04-07 11:00:00+08:00,25.100000381469727,25.200000762939453,25.100000381469727,25.149999618530273,54000,0.0,0.0
2023-04-07 12:00:00+08:00,25.149999618530273,25.149999618530273,25.049999237060547,25.100000381469727,117050,0.0,0.0
2023-04-07 13:00:00+08:00,25.100000381469727,25.100000381469727,25.049999237060547,25.100000381469727,23000,0.0,0.0
2023-04-10 09:00:00+08:00,25.200000762939453,25.200000762939453,24.950000762939453,24.950000762939453,0,0.0,0.0
2023-04-10 10:00:00+08:00,24.950000762939453,25.049999237060547,24.950000762939453,25.049999237060547,75000,0.0,0.0
2023-04-10 11:00:00+08:00,25.049999237060547,25.049999237060547,25.0,25.0,11000,0.0,0.0
2023-04-10 12:00:00+08:00,25.0,25.0,25.0,25.0,62000,0.0,0.0
2023-04-10 13:00:00+08:00,25.0,25.049999237060547,25.0,25.0,20000,0.0,0.0
2023-04-11 09:00:00+08:00,24.850000381469727,24.850000381469727,24.700000762939453,24.799999237060547,0,0.0,0.0
2023-04-11 10:00:00+08:00,24.799999237060547,24.950000762939453,24.799999237060547,24.950000762939453,47142,0.0,0.0
2023-04-11 11:00:00+08:00,24.850000381469727,24.899999618530273,24.799999237060547,24.899999618530273,34218,0.0,0.0
2023-04-11 12:00:00+08:00,24.950000762939453,24.950000762939453,24.899999618530273,24.950000762939453,40045,0.0,0.0
2023-04-11 13:00:00+08:00,24.950000762939453,25.0,24.899999618530273,25.0,35000,0.0,0.0
2023-04-12 09:00:00+08:00,24.899999618530273,24.899999618530273,24.799999237060547,24.850000381469727,0,0.0,0.0
2023-04-12 10:00:00+08:00,24.799999237060547,24.950000762939453,24.799999237060547,24.950000762939453,100000,0.0,0.0
2023-04-12 11:00:00+08:00,24.950000762939453,25.049999237060547,24.899999618530273,25.049999237060547,43100,0.0,0.0
2023-04-12 12:00:00+08:00,25.0,25.049999237060547,25.0,25.049999237060547,27000,0.0,0.0
2023-04-12 13:00:00+08:00,25.049999237060547,25.049999237060547,25.0,25.049999237060547,22040,0.0,0.0
2023-04-13 09:00:00+08:00,25.200000762939453,25.299999237060547,24.899999618530273,25.299999237060547,0,0.0,0.0
2023-04-13 10:00:00+08:00,25.25,25.450000762939453,25.200000762939453,25.399999618530273,110000,0.0,0.0
2023-04-13 11:00:00+08:00,25.450000762939453,25.450000762939453,25.25,25.25,63000,0.0,0.0
2023-04-13 12:00:00+08:00,25.350000381469727,25.399999618530273,25.25,25.299999237060547,72009,0.0,0.0
2023-04-13 13:00:00+08:00,25.200000762939453,25.25,25.149999618530273,25.200000762939453,44000,0.0,0.0
2023-04-14 09:00:00+08:00,25.200000762939453,25.200000762939453,25.049999237060547,25.100000381469727,0,0.0,0.0
2023-04-14 10:00:00+08:00,25.149999618530273,25.200000762939453,25.100000381469727,25.100000381469727,34000,0.0,0.0
2023-04-14 11:00:00+08:00,25.100000381469727,25.200000762939453,25.100000381469727,25.149999618530273,38000,0.0,0.0
2023-04-14 12:00:00+08:00,25.149999618530273,25.149999618530273,25.100000381469727,25.100000381469727,60000,0.0,0.0
2023-04-14 13:00:00+08:00,25.049999237060547,25.100000381469727,25.049999237060547,25.049999237060547,18000,0.0,0.0
2023-04-17 09:00:00+08:00,25.0,25.100000381469727,24.950000762939453,25.100000381469727,0,0.0,0.0
2023-04-17 10:00:00+08:00,25.100000381469727,25.100000381469727,25.0,25.0,64000,0.0,0.0
2023-04-17 11:00:00+08:00,24.950000762939453,25.049999237060547,24.899999618530273,24.950000762939453,108000,0.0,0.0
2023-04-17 12:00:00+08:00,24.950000762939453,25.0,24.899999618530273,24.899999618530273,87000,0.0,0.0
2023-04-17 13:00:00+08:00,24.899999618530273,24.950000762939453,24.899999618530273,24.950000762939453,27200,0.0,0.0
2023-04-18 09:00:00+08:00,25.399999618530273,25.399999618530273,25.049999237060547,25.149999618530273,0,0.0,0.0
2023-04-18 10:00:00+08:00,25.149999618530273,25.149999618530273,25.100000381469727,25.100000381469727,0,0.0,0.0
2023-04-18 11:00:00+08:00,25.149999618530273,25.200000762939453,25.100000381469727,25.100000381469727,123041,0.0,0.0
2023-04-18 12:00:00+08:00,25.100000381469727,25.100000381469727,25.0,25.0,36000,0.0,0.0
2023-04-18 13:00:00+08:00,25.049999237060547,25.100000381469727,25.049999237060547,25.049999237060547,19281,0.0,0.0
2023-04-19 09:00:00+08:00,25.049999237060547,25.25,25.049999237060547,25.100000381469727,22001,0.0,0.0
2023-04-19 10:00:00+08:00,25.100000381469727,25.149999618530273,25.049999237060547,25.049999237060547,38039,0.0,0.0
2023-04-19 11:00:00+08:00,25.049999237060547,25.049999237060547,24.950000762939453,24.950000762939453,77000,0.0,0.0
2023-04-19 12:00:00+08:00,24.899999618530273,25.0,24.799999237060547,24.850000381469727,130371,0.0,0.0
2023-04-19 13:00:00+08:00,24.850000381469727,24.850000381469727,24.850000381469727,24.850000381469727,5000,0.0,0.0
2023-04-20 09:00:00+08:00,24.799999237060547,24.799999237060547,24.5,24.799999237060547,0,0.0,0.0
2023-04-20 10:00:00+08:00,24.799999237060547,25.0,24.549999237060547,24.600000381469727,105020,0.0,0.0
2023-04-20 11:00:00+08:00,24.600000381469727,24.899999618530273,24.549999237060547,24.799999237060547,96000,0.0,0.0
2023-04-20 12:00:00+08:00,24.799999237060547,24.799999237060547,24.649999618530273,24.649999618530273,19000,0.0,0.0
2023-04-20 13:00:00+08:00,24.649999618530273,24.649999618530273,24.600000381469727,24.600000381469727,19056,0.0,0.0
2023-04-21 09:00:00+08:00,24.649999618530273,24.649999618530273,24.200000762939453,24.399999618530273,0,0.0,0.0
2023-04-21 10:00:00+08:00,24.200000762939453,24.25,24.049999237060547,24.149999618530273,102270,0.0,0.0
2023-04-21 11:00:00+08:00,24.200000762939453,24.299999237060547,24.200000762939453,24.200000762939453,31000,0.0,0.0
2023-04-21 12:00:00+08:00,24.200000762939453,24.299999237060547,24.049999237060547,24.100000381469727,78025,0.0,0.0
2023-04-21 13:00:00+08:00,24.100000381469727,24.100000381469727,24.049999237060547,24.049999237060547,58206,0.0,0.0
2023-04-24 09:00:00+08:00,23.950000762939453,24.200000762939453,23.799999237060547,24.200000762939453,0,0.0,0.0
2023-04-24 10:00:00+08:00,24.100000381469727,24.100000381469727,23.899999618530273,23.899999618530273,40221,0.0,0.0
2023-04-24 11:00:00+08:00,23.899999618530273,24.0,23.899999618530273,23.950000762939453,7000,0.0,0.0
2023-04-24 12:00:00+08:00,24.0,24.049999237060547,24.0,24.0,38000,0.0,0.0
2023-04-24 13:00:00+08:00,24.100000381469727,24.100000381469727,24.0,24.049999237060547,16000,0.0,0.0
2023-04-25 09:00:00+08:00,24.049999237060547,24.100000381469727,23.950000762939453,23.950000762939453,0,0.0,0.0
2023-04-25 10:00:00+08:00,23.899999618530273,23.899999618530273,23.649999618530273,23.649999618530273,171800,0.0,0.0
2023-04-25 11:00:00+08:00,23.649999618530273,23.649999618530273,23.549999237060547,23.600000381469727,91284,0.0,0.0
2023-04-25 12:00:00+08:00,23.600000381469727,23.600000381469727,23.549999237060547,23.600000381469727,49322,0.0,0.0
2023-04-25 13:00:00+08:00,23.600000381469727,23.600000381469727,23.549999237060547,23.600000381469727,27088,0.0,0.0
2023-04-26 09:00:00+08:00,23.200000762939453,23.399999618530273,23.200000762939453,23.399999618530273,0,0.0,0.0
2023-04-26 10:00:00+08:00,23.450000762939453,23.5,23.25,23.399999618530273,37000,0.0,0.0
2023-04-26 11:00:00+08:00,23.399999618530273,23.5,23.399999618530273,23.5,7041,0.0,0.0
2023-04-26 12:00:00+08:00,23.5,23.549999237060547,23.5,23.549999237060547,0,0.0,0.0
2023-04-26 13:00:00+08:00,23.600000381469727,23.649999618530273,23.600000381469727,23.649999618530273,189080,0.0,0.0
2023-04-27 09:00:00+08:00,23.549999237060547,23.600000381469727,23.399999618530273,23.600000381469727,0,0.0,0.0
2023-04-27 10:00:00+08:00,23.649999618530273,23.700000762939453,23.649999618530273,23.700000762939453,4000,0.0,0.0
2023-04-27 11:00:00+08:00,23.649999618530273,23.75,23.649999618530273,23.700000762939453,29000,0.0,0.0
2023-04-27 12:00:00+08:00,23.75,23.75,23.700000762939453,23.700000762939453,5000,0.0,0.0
2023-04-27 13:00:00+08:00,23.75,23.75,23.649999618530273,23.700000762939453,28000,0.0,0.0
2023-04-28 09:00:00+08:00,23.649999618530273,24.0,23.649999618530273,24.0,0,0.0,0.0
2023-04-28 10:00:00+08:00,24.0,24.0,23.899999618530273,23.899999618530273,36000,0.0,0.0
2023-04-28 11:00:00+08:00,23.899999618530273,23.950000762939453,23.899999618530273,23.899999618530273,9100,0.0,0.0
2023-04-28 12:00:00+08:00,23.950000762939453,24.0,23.899999618530273,23.899999618530273,31050,0.0,0.0
2023-04-28 13:00:00+08:00,23.950000762939453,23.950000762939453,23.899999618530273,23.950000762939453,9000,0.0,0.0
2023-05-02 09:00:00+08:00,23.899999618530273,24.200000762939453,23.899999618530273,24.149999618530273,0,0.0,0.0
2023-05-02 10:00:00+08:00,24.149999618530273,24.200000762939453,24.100000381469727,24.200000762939453,0,0.0,0.0
2023-05-02 11:00:00+08:00,24.200000762939453,24.200000762939453,24.149999618530273,24.149999618530273,81252,0.0,0.0
2023-05-02 12:00:00+08:00,24.149999618530273,24.149999618530273,24.149999618530273,24.149999618530273,21005,0.0,0.0
2023-05-02 13:00:00+08:00,24.200000762939453,24.200000762939453,24.149999618530273,24.149999618530273,3000,0.0,0.0
2023-05-03 09:00:00+08:00,24.100000381469727,24.100000381469727,23.850000381469727,24.0,0,0.0,0.0
2023-05-03 10:00:00+08:00,24.0,24.049999237060547,23.950000762939453,24.0,41365,0.0,0.0
2023-05-03 11:00:00+08:00,24.0,24.049999237060547,23.899999618530273,24.049999237060547,40000,0.0,0.0
2023-05-03 12:00:00+08:00,23.950000762939453,24.0,23.950000762939453,24.0,25000,0.0,0.0
2023-05-03 13:00:00+08:00,24.0,24.0,23.950000762939453,24.0,43000,0.0,0.0
2023-05-04 10:00:00+08:00,24.049999237060547,24.049999237060547,24.0,24.0,13000,0.0,0.0
2023-05-04 11:00:00+08:00,24.049999237060547,24.049999237060547,24.0,24.0,18406,0.0,0.0
2023-05-04 12:00:00+08:00,24.0,24.0,23.950000762939453,23.950000762939453,17000,0.0,0.0
2023-05-04 13:00:00+08:00,23.950000762939453,23.950000762939453,23.899999618530273,23.899999618530273,13007,0.0,0.0
2023-05-05 09:00:00+08:00,23.899999618530273,24.0,23.850000381469727,23.950000762939453,0,0.0,0.0
2023-05-05 10:00:00+08:00,23.950000762939453,23.950000762939453,23.950000762939453,23.950000762939453,4000,0.0,0.0
2023-05-05 11:00:00+08:00,23.950000762939453,23.950000762939453,23.899999618530273,23.899999618530273,20000,0.0,0.0
2023-05-05 12:00:00+08:00,23.899999618530273,23.950000762939453,23.899999618530273,23.899999618530273,25000,0.0,0.0
2023-05-05 13:00:00+08:00,23.950000762939453,23.950000762939453,23.899999618530273,23.899999618530273,7018,0.0,0.0
2023-05-08 09:00:00+08:00,24.0,24.0,23.850000381469727,23.899999618530273,0,0.0,0.0
2023-05-08 10:00:00+08:00,23.950000762939453,24.049999237060547,23.850000381469727,23.899999618530273,27000,0.0,0.0
2023-05-08 11:00:00+08:00,23.899999618530273,23.899999618530273,23.899999618530273,23.899999618530273,38000,0.0,0.0
2023-05-08 12:00:00+08:00,23.850000381469727,24.0,23.75,23.75,110000,0.0,0.0
2023-05-09 09:00:00+08:00,23.950000762939453,23.950000762939453,23.649999618530273,23.700000762939453,0,0.0,0.0
2023-05-09 10:00:00+08:00,23.700000762939453,23.75,23.649999618530273,23.700000762939453,0,0.0,0.0
2023-05-09 11:00:00+08:00,23.700000762939453,23.75,23.649999618530273,23.75,112130,0.0,0.0
2023-05-09 12:00:00+08:00,23.75,23.75,23.649999618530273,23.649999618530273,30000,0.0,0.0
2023-05-09 13:00:00+08:00,23.649999618530273,23.700000762939453,23.649999618530273,23.700000762939453,8100,0.0,0.0
2023-05-10 09:00:00+08:00,23.600000381469727,23.600000381469727,23.5,23.600000381469727,0,0.0,0.0
2023-05-10 10:00:00+08:00,23.600000381469727,23.600000381469727,23.549999237060547,23.600000381469727,29000,0.0,0.0
2023-05-10 11:00:00+08:00,23.600000381469727,23.649999618530273,23.600000381469727,23.649999618530273,6000,0.0,0.0
2023-05-10 12:00:00+08:00,23.649999618530273,23.649999618530273,23.549999237060547,23.549999237060547,0,0.0,0.0
2023-05-10 13:00:00+08:00,23.549999237060547,23.600000381469727,23.549999237060547,23.549999237060547,109144,0.0,0.0
2023-05-11 09:00:00+08:00,23.649999618530273,23.700000762939453,23.350000381469727,23.350000381469727,28856,0.0,0.0
2023-05-11 10:00:00+08:00,23.350000381469727,23.549999237060547,23.149999618530273,23.25,126079,0.0,0.0
2023-05-11 11:00:00+08:00,23.25,23.350000381469727,23.200000762939453,23.25,35200,0.0,0.0
2023-05-11 12:00:00+08:00,23.25,23.25,23.200000762939453,23.200000762939453,62025,0.0,0.0
2023-05-11 13:00:00+08:00,23.25,23.299999237060547,23.149999618530273,23.149999618530273,59000,0.0,0.0
2023-05-12 09:00:00+08:00,22.549999237060547,22.549999237060547,21.799999237060547,22.399999618530273,91104,0.0,0.0
2023-05-12 10:00:00+08:00,22.450000762939453,22.450000762939453,22.350000381469727,22.450000762939453,66523,0.0,0.0
2023-05-12 11:00:00+08:00,22.450000762939453,22.600000381469727,22.450000762939453,22.549999237060547,35244,0.0,0.0
2023-05-12 12:00:00+08:00,22.5,22.600000381469727,22.5,22.600000381469727,51048,0.0,0.0
2023-05-12 13:00:00+08:00,22.600000381469727,22.649999618530273,22.549999237060547,22.549999237060547,72091,0.0,0.0
2023-05-15 09:00:00+08:00,22.149999618530273,22.399999618530273,22.149999618530273,22.299999237060547,0,0.0,0.0
2023-05-15 10:00:00+08:00,22.299999237060547,22.350000381469727,22.25,22.25,32000,0.0,0.0
2023-05-15 11:00:00+08:00,22.299999237060547,22.399999618530273,22.299999237060547,22.299999237060547,26000,0.0,0.0
2023-05-15 12:00:00+08:00,22.350000381469727,22.350000381469727,22.25,22.299999237060547,17042,0.0,0.0
2023-05-15 13:00:00+08:00,22.299999237060547,22.299999237060547,22.25,22.299999237060547,17000,0.0,0.0
2023-05-16 09:00:00+08:00,22.350000381469727,22.600000381469727,22.350000381469727,22.450000762939453,0,0.0,0.0
2023-05-16 10:00:00+08:00,22.450000762939453,22.5,22.350000381469727,22.399999618530273,38000,0.0,0.0
2023-05-16 11:00:00+08:00,22.399999618530273,22.5,22.399999618530273,22.5,8030,0.0,0.0
2023-05-16 12:00:00+08:00,22.450000762939453,22.450000762939453,22.399999618530273,22.450000762939453,36023,0.0,0.0
2023-05-16 13:00:00+08:00,22.450000762939453,22.450000762939453,22.350000381469727,22.399999618530273,28045,0.0,0.0
2023-05-17 09:00:00+08:00,22.549999237060547,22.549999237060547,22.450000762939453,22.450000762939453,0,0.0,0.0
2023-05-17 10:00:00+08:00,22.450000762939453,22.549999237060547,22.450000762939453,22.5,0,0.0,0.0
2023-05-17 11:00:00+08:00,22.5,22.600000381469727,22.5,22.549999237060547,101000,0.0,0.0
2023-05-17 12:00:00+08:00,22.549999237060547,22.600000381469727,22.5,22.549999237060547,32000,0.0,0.0
2023-05-17 13:00:00+08:00,22.5,22.549999237060547,22.5,22.5,66045,0.0,0.0
2023-05-18 09:00:00+08:00,22.549999237060547,22.700000762939453,22.549999237060547,22.649999618530273,30200,0.0,0.0
2023-05-18 10:00:00+08:00,22.649999618530273,22.700000762939453,22.649999618530273,22.700000762939453,25010,0.0,0.0
2023-05-18 11:00:00+08:00,22.700000762939453,22.700000762939453,22.600000381469727,22.700000762939453,0,0.0,0.0
2023-05-18 12:00:00+08:00,22.700000762939453,22.700000762939453,22.649999618530273,22.700000762939453,78212,0.0,0.0
2023-05-18 13:00:00+08:00,22.700000762939453,22.700000762939453,22.600000381469727,22.600000381469727,12132,0.0,0.0
2023-05-19 09:00:00+08:00,22.649999618530273,22.850000381469727,22.649999618530273,22.799999237060547,0,0.0,0.0
2023-05-19 10:00:00+08:00,22.799999237060547,22.799999237060547,22.700000762939453,22.700000762939453,20189,0.0,0.0
2023-05-19 11:00:00+08:00,22.700000762939453,22.75,22.700000762939453,22.75,44000,0.0,0.0
2023-05-19 12:00:00+08:00,22.75,22.75,22.700000762939453,22.75,33019,0.0,0.0
2023-05-19 13:00:00+08:00,22.700000762939453,22.75,22.700000762939453,22.700000762939453,80007,0.0,0.0
2023-05-22 09:00:00+08:00,22.700000762939453,22.75,22.700000762939453,22.75,0,0.0,0.0
2023-05-22 10:00:00+08:00,22.75,22.799999237060547,22.700000762939453,22.799999237060547,35000,0.0,0.0
2023-05-22 11:00:00+08:00,22.850000381469727,22.899999618530273,22.799999237060547,22.899999618530273,23070,0.0,0.0
2023-05-22 12:00:00+08:00,22.899999618530273,22.950000762939453,22.850000381469727,22.899999618530273,26050,0.0,0.0
2023-05-22 13:00:00+08:00,22.899999618530273,22.950000762939453,22.850000381469727,22.850000381469727,18049,0.0,0.0
2023-05-23 09:00:00+08:00,22.899999618530273,23.0,22.850000381469727,22.899999618530273,0,0.0,0.0
2023-05-23 10:00:00+08:00,22.899999618530273,23.0,22.899999618530273,22.950000762939453,0,0.0,0.0
2023-05-23 11:00:00+08:00,22.950000762939453,23.100000381469727,22.950000762939453,23.0,120301,0.0,0.0
2023-05-23 12:00:00+08:00,23.0,23.049999237060547,23.0,23.0,47000,0.0,0.0
2023-05-23 13:00:00+08:00,23.0,23.100000381469727,23.0,23.0,10000,0.0,0.0
2023-05-24 09:00:00+08:00,22.899999618530273,23.049999237060547,22.899999618530273,23.049999237060547,0,0.0,0.0
2023-05-24 10:00:00+08:00,23.049999237060547,23.049999237060547,23.0,23.0,14030,0.0,0.0
2023-05-24 11:00:00+08:00,23.0,23.049999237060547,23.0,23.049999237060547,19000,0.0,0.0
2023-05-24 12:00:00+08:00,23.049999237060547,23.049999237060547,23.0,23.0,24000,0.0,0.0
2023-05-24 13:00:00+08:00,23.049999237060547,23.049999237060547,23.049999237060547,23.049999237060547,5000,0.0,0.0
2023-05-25 09:00:00+08:00,23.049999237060547,23.100000381469727,23.049999237060547,23.049999237060547,0,0.0,0.0
2023-05-25 10:00:00+08:00,23.049999237060547,23.149999618530273,23.0,23.149999618530273,52137,0.0,0.0
2023-05-25 11:00:00+08:00,23.200000762939453,23.399999618530273,23.200000762939453,23.350000381469727,78101,0.0,0.0
2023-05-25 12:00:00+08:00,23.350000381469727,23.5,23.299999237060547,23.399999618530273,57044,0.0,0.0
2023-05-25 13:00:00+08:00,23.399999618530273,23.399999618530273,23.299999237060547,23.350000381469727,8059,0.0,0.0
2023-05-26 09:00:00+08:00,23.200000762939453,23.299999237060547,23.200000762939453,23.25,0,0.0,0.0
2023-05-26 10:00:00+08:00,23.25,23.25,23.200000762939453,23.25,21128,0.0,0.0
2023-05-26 11:00:00+08:00,23.25,23.25,23.200000762939453,23.200000762939453,6000,0.0,0.0
2023-05-26 12:00:00+08:00,23.25,23.25,23.200000762939453,23.25,32000,0.0,0.0
2023-05-26 13:00:00+08:00,23.25,23.25,23.25,23.25,2200,0.0,0.0
2023-05-29 09:00:00+08:00,23.200000762939453,23.25,23.200000762939453,23.200000762939453,0,0.0,0.0
2023-05-29 10:00:00+08:00,23.200000762939453,23.200000762939453,23.149999618530273,23.200000762939453,43006,0.0,0.0
2023-05-29 11:00:00+08:00,23.200000762939453,23.200000762939453,23.200000762939453,23.200000762939453,16057,0.0,0.0
2023-05-29 12:00:00+08:00,23.200000762939453,23.200000762939453,23.149999618530273,23.200000762939453,29100,0.0,0.0
2023-05-29 13:00:00+08:00,23.200000762939453,23.25,23.149999618530273,23.149999618530273,11352,0.0,0.0
2023-05-30 09:00:00+08:00,23.100000381469727,23.149999618530273,23.049999237060547,23.100000381469727,0,0.0,0.0
2023-05-30 10:00:00+08:00,23.149999618530273,23.149999618530273,23.149999618530273,23.149999618530273,5000,0.0,0.0
2023-05-30 11:00:00+08:00,23.149999618530273,23.149999618530273,23.100000381469727,23.100000381469727,12000,0.0,0.0
2023-05-30 12:00:00+08:00,23.100000381469727,23.100000381469727,23.049999237060547,23.100000381469727,39008,0.0,0.0
2023-05-30 13:00:00+08:00,23.100000381469727,23.299999237060547,23.049999237060547,23.100000381469727,41100,0.0,0.0
2023-05-31 09:00:00+08:00,23.149999618530273,23.200000762939453,23.100000381469727,23.100000381469727,0,0.0,0.0
2023-05-31 10:00:00+08:00,23.149999618530273,23.200000762939453,23.100000381469727,23.100000381469727,17000,0.0,0.0
2023-05-31 11:00:00+08:00,23.100000381469727,23.149999618530273,23.100000381469727,23.100000381469727,21000,0.0,0.0
2023-05-31 12:00:00+08:00,23.200000762939453,23.200000762939453,23.049999237060547,23.149999618530273,54562,0.0,0.0
2023-05-31 13:00:00+08:00,23.149999618530273,23.149999618530273,23.100000381469727,23.100000381469727,15000,0.0,0.0
2023-06-01 09:00:00+08:00,23.100000381469727,23.100000381469727,23.100000381469727,23.100000381469727,0,0.0,0.0
2023-06-01 10:00:00+08:00,23.100000381469727,23.450000762939453,23.100000381469727,23.450000762939453,40293,0.0,0.0
2023-06-01 11:00:00+08:00,23.399999618530273,23.450000762939453,23.25,23.25,27000,0.0,0.0
2023-06-01 12:00:00+08:00,23.299999237060547,23.299999237060547,23.299999237060547,23.299999237060547,4000,0.0,0.0
2023-06-01 13:00:00+08:00,23.350000381469727,23.450000762939453,23.350000381469727,23.350000381469727,11000,0.0,0.0
2023-06-02 09:00:00+08:00,23.649999618530273,23.700000762939453,23.350000381469727,23.350000381469727,0,0.0,0.0
2023-06-02 10:00:00+08:00,23.350000381469727,23.399999618530273,23.350000381469727,23.350000381469727,48299,0.0,0.0
2023-06-02 11:00:00+08:00,23.350000381469727,23.549999237060547,23.350000381469727,23.450000762939453,32000,0.0,0.0
2023-06-02 12:00:00+08:00,23.399999618530273,23.450000762939453,23.399999618530273,23.450000762939453,19039,0.0,0.0
2023-06-02 13:00:00+08:00,23.399999618530273,23.549999237060547,23.399999618530273,23.399999618530273,28000,0.0,0.0
2023-06-05 09:00:00+08:00,23.549999237060547,23.600000381469727,23.549999237060547,23.549999237060547,0,0.0,0.0
2023-06-05 10:00:00+08:00,23.549999237060547,23.549999237060547,23.5,23.5,7000,0.0,0.0
2023-06-05 11:00:00+08:00,23.549999237060547,23.600000381469727,23.549999237060547,23.600000381469727,28000,0.0,0.0
2023-06-05 12:00:00+08:00,23.549999237060547,23.600000381469727,23.5,23.600000381469727,37120,0.0,0.0
2023-06-05 13:00:00+08:00,23.600000381469727,23.600000381469727,23.549999237060547,23.600000381469727,11000,0.0,0.0
2023-06-06 09:00:00+08:00,23.75,23.75,23.649999618530273,23.649999618530273,0,0.0,0.0
2023-06-06 10:00:00+08:00,23.649999618530273,23.649999618530273,23.600000381469727,23.649999618530273,39077,0.0,0.0
2023-06-06 11:00:00+08:00,23.600000381469727,23.600000381469727,23.600000381469727,23.600000381469727,15220,0.0,0.0
2023-06-06 12:00:00+08:00,23.600000381469727,23.600000381469727,23.600000381469727,23.600000381469727,4165,0.0,0.0
2023-06-06 13:00:00+08:00,23.600000381469727,23.600000381469727,23.600000381469727,23.600000381469727,3063,0.0,0.0
2023-06-07 09:00:00+08:00,23.600000381469727,23.75,23.600000381469727,23.600000381469727,0,0.0,0.0
2023-06-07 10:00:00+08:00,23.649999618530273,23.75,23.600000381469727,23.75,50298,0.0,0.0
2023-06-07 11:00:00+08:00,23.700000762939453,23.75,23.700000762939453,23.700000762939453,27059,0.0,0.0
2023-06-07 12:00:00+08:00,23.600000381469727,23.649999618530273,23.600000381469727,23.649999618530273,8000,0.0,0.0
2023-06-07 13:00:00+08:00,23.600000381469727,23.600000381469727,23.600000381469727,23.600000381469727,8000,0.0,0.0
2023-06-08 09:00:00+08:00,23.75,23.850000381469727,23.75,23.75,0,0.0,0.0
2023-06-08 10:00:00+08:00,23.75,23.75,23.649999618530273,23.75,24000,0.0,0.0
2023-06-08 11:00:00+08:00,23.700000762939453,23.700000762939453,23.649999618530273,23.700000762939453,30100,0.0,0.0
2023-06-08 12:00:00+08:00,23.700000762939453,23.700000762939453,23.600000381469727,23.649999618530273,22100,0.0,0.0
2023-06-08 13:00:00+08:00,23.600000381469727,23.700000762939453,23.600000381469727,23.700000762939453,3000,0.0,0.0
2023-06-09 09:00:00+08:00,23.700000762939453,23.799999237060547,23.700000762939453,23.75,0,0.0,0.0
2023-06-09 10:00:00+08:00,23.700000762939453,23.799999237060547,23.700000762939453,23.799999237060547,22299,0.0,0.0
2023-06-09 11:00:00+08:00,23.799999237060547,23.899999618530273,23.799999237060547,23.899999618530273,53043,0.0,0.0
2023-06-09 12:00:00+08:00,23.899999618530273,23.899999618530273,23.850000381469727,23.850000381469727,35000,0.0,0.0
2023-06-09 13:00:00+08:00,23.850000381469727,23.899999618530273,23.850000381469727,23.850000381469727,7014,0.0,0.0
2023-06-12 09:00:00+08:00,23.850000381469727,24.0,23.850000381469727,23.899999618530273,0,0.0,0.0
2023-06-12 10:00:00+08:00,23.899999618530273,23.899999618530273,23.850000381469727,23.850000381469727,17100,0.0,0.0
2023-06-12 11:00:00+08:00,23.850000381469727,23.850000381469727,23.799999237060547,23.850000381469727,31000,0.0,0.0
2023-06-12 12:00:00+08:00,23.850000381469727,23.850000381469727,23.799999237060547,23.799999237060547,52042,0.0,0.0
2023-06-12 13:00:00+08:00,23.850000381469727,23.850000381469727,23.799999237060547,23.850000381469727,12005,0.0,0.0
2023-06-13 09:00:00+08:00,23.899999618530273,23.899999618530273,23.899999618530273,23.899999618530273,0,0.0,0.0
2023-06-13 10:00:00+08:00,23.899999618530273,24.049999237060547,23.899999618530273,24.049999237060547,61000,0.0,0.0
2023-06-13 11:00:00+08:00,24.0,24.0,23.850000381469727,23.850000381469727,42000,0.0,0.0
2023-06-13 12:00:00+08:00,23.899999618530273,23.950000762939453,23.899999618530273,23.950000762939453,14000,0.0,0.0
2023-06-13 13:00:00+08:00,23.950000762939453,23.950000762939453,23.899999618530273,23.950000762939453,6005,0.0,0.0
2023-06-14 09:00:00+08:00,23.950000762939453,24.0,23.899999618530273,23.950000762939453,0,0.0,0.0
2023-06-14 10:00:00+08:00,23.899999618530273,23.950000762939453,23.899999618530273,23.950000762939453,16088,0.0,0.0
2023-06-14 11:00:00+08:00,23.950000762939453,23.950000762939453,23.899999618530273,23.950000762939453,14000,0.0,0.0
2023-06-14 12:00:00+08:00,23.950000762939453,23.950000762939453,23.899999618530273,23.899999618530273,11061,0.0,0.0
2023-06-14 13:00:00+08:00,23.899999618530273,23.899999618530273,23.75,23.75,42000,0.0,0.0
2023-06-15 09:00:00+08:00,23.799999237060547,23.950000762939453,23.799999237060547,23.899999618530273,0,0.0,0.0
2023-06-15 10:00:00+08:00,23.899999618530273,23.899999618530273,23.799999237060547,23.850000381469727,26046,0.0,0.0
2023-06-15 11:00:00+08:00,23.850000381469727,24.0,23.799999237060547,24.0,40011,0.0,0.0
2023-06-15 12:00:00+08:00,24.0,24.049999237060547,23.950000762939453,24.0,37000,0.0,0.0
2023-06-15 13:00:00+08:00,24.0,24.0,23.950000762939453,23.950000762939453,26000,0.0,0.0
2023-06-16 09:00:00+08:00,24.049999237060547,24.100000381469727,23.899999618530273,23.899999618530273,0,0.0,0.0
2023-06-16 10:00:00+08:00,23.899999618530273,24.0,23.899999618530273,23.950000762939453,13082,0.0,0.0
2023-06-16 11:00:00+08:00,23.899999618530273,24.0,23.850000381469727,23.850000381469727,27015,0.0,0.0
2023-06-16 12:00:00+08:00,23.850000381469727,23.950000762939453,23.850000381469727,23.899999618530273,15011,0.0,0.0
2023-06-16 13:00:00+08:00,23.899999618530273,23.899999618530273,23.850000381469727,23.850000381469727,10035,0.0,0.0
2023-06-19 09:00:00+08:00,23.850000381469727,24.0,23.799999237060547,23.950000762939453,0,0.0,0.0
2023-06-19 10:00:00+08:00,23.899999618530273,23.950000762939453,23.899999618530273,23.950000762939453,12000,0.0,0.0
2023-06-19 11:00:00+08:00,23.950000762939453,23.950000762939453,23.950000762939453,23.950000762939453,12010,0.0,0.0
2023-06-19 12:00:00+08:00,23.950000762939453,23.950000762939453,23.899999618530273,23.899999618530273,8000,0.0,0.0
2023-06-19 13:00:00+08:00,23.899999618530273,23.950000762939453,23.899999618530273,23.950000762939453,11050,0.0,0.0
2023-06-20 09:00:00+08:00,23.850000381469727,24.0,23.850000381469727,24.0,0,0.0,0.0
2023-06-20 10:00:00+08:00,23.950000762939453,23.950000762939453,23.950000762939453,23.950000762939453,5000,0.0,0.0
2023-06-20 11:00:00+08:00,23.950000762939453,23.950000762939453,23.899999618530273,23.950000762939453,36050,0.0,0.0
2023-06-20 12:00:00+08:00,23.899999618530273,23.899999618530273,23.850000381469727,23.899999618530273,9225,0.0,0.0
2023-06-20 13:00:00+08:00,23.899999618530273,23.899999618530273,23.850000381469727,23.850000381469727,12031,0.0,0.0
2023-06-21 09:00:00+08:00,23.799999237060547,23.950000762939453,23.799999237060547,23.950000762939453,0,0.0,0.0
2023-06-21 10:00:00+08:00,23.899999618530273,23.950000762939453,23.850000381469727,23.899999618530273,14015,0.0,0.0
2023-06-21 11:00:00+08:00,23.899999618530273,23.899999618530273,23.899999618530273,23.899999618530273,2035,0.0,0.0
2023-06-21 12:00:00+08:00,23.899999618530273,23.899999618530273,23.850000381469727,23.850000381469727,20000,0.0,0.0
2023-06-21 13:00:00+08:00,23.799999237060547,23.799999237060547,23.799999237060547,23.799999237060547,1000,0.0,0.0
2023-06-26 09:00:00+08:00,23.850000381469727,23.950000762939453,23.799999237060547,23.799999237060547,0,0.0,0.0
2023-06-26 10:00:00+08:00,23.799999237060547,23.799999237060547,23.700000762939453,23.799999237060547,20000,0.0,0.0
2023-06-26 11:00:00+08:00,23.75,23.850000381469727,23.75,23.75,59000,0.0,0.0
2023-06-26 12:00:00+08:00,23.799999237060547,23.850000381469727,23.75,23.850000381469727,34000,0.0,0.0
2023-06-26 13:00:00+08:00,23.850000381469727,23.850000381469727,23.799999237060547,23.799999237060547,4180,0.0,0.0
2023-06-27 09:00:00+08:00,23.75,23.799999237060547,23.75,23.75,0,0.0,0.0
2023-06-27 10:00:00+08:00,23.799999237060547,23.899999618530273,23.799999237060547,23.899999618530273,16000,0.0,0.0
2023-06-27 11:00:00+08:00,23.899999618530273,23.899999618530273,23.799999237060547,23.799999237060547,66000,0.0,0.0
2023-06-27 12:00:00+08:00,23.75,23.75,23.700000762939453,23.700000762939453,68000,0.0,0.0
2023-06-27 13:00:00+08:00,23.700000762939453,23.700000762939453,23.700000762939453,23.700000762939453,5000,0.0,0.0
2023-06-28 09:00:00+08:00,23.649999618530273,23.799999237060547,23.649999618530273,23.75,0,0.0,0.0
2023-06-28 10:00:00+08:00,23.75,23.799999237060547,23.700000762939453,23.799999237060547,22000,0.0,0.0
2023-06-28 11:00:00+08:00,23.799999237060547,23.799999237060547,23.799999237060547,23.799999237060547,11000,0.0,0.0
2023-06-28 12:00:00+08:00,23.799999237060547,23.799999237060547,23.799999237060547,23.799999237060547,21000,0.0,0.0
2023-06-28 13:00:00+08:00,23.799999237060547,23.799999237060547,23.799999237060547,23.799999237060547,7000,0.0,0.0
2023-06-29 09:00:00+08:00,23.799999237060547,23.899999618530273,23.799999237060547,23.899999618530273,0,0.0,0.0
2023-06-29 10:00:00+08:00,23.899999618530273,23.899999618530273,23.799999237060547,23.799999237060547,32000,0.0,0.0
2023-06-29 11:00:00+08:00,23.799999237060547,23.799999237060547,23.799999237060547,23.799999237060547,29000,0.0,0.0
2023-06-29 12:00:00+08:00,23.799999237060547,23.799999237060547,23.799999237060547,23.799999237060547,21064,0.0,0.0
2023-06-29 13:00:00+08:00,23.799999237060547,23.850000381469727,23.799999237060547,23.850000381469727,2000,0.0,0.0
2023-06-30 09:00:00+08:00,23.75,23.799999237060547,23.75,23.799999237060547,0,0.0,0.0
2023-06-30 10:00:00+08:00,23.850000381469727,23.850000381469727,23.850000381469727,23.850000381469727,4000,0.0,0.0
2023-06-30 11:00:00+08:00,23.850000381469727,23.850000381469727,23.850000381469727,23.850000381469727,7033,0.0,0.0
2023-06-30 12:00:00+08:00,23.850000381469727,23.950000762939453,23.850000381469727,23.950000762939453,14052,0.0,0.0
2023-06-30 13:00:00+08:00,23.950000762939453,24.049999237060547,23.950000762939453,24.0,29165,0.0,0.0
2023-07-03 09:00:00+08:00,24.0,24.350000381469727,23.950000762939453,24.350000381469727,82084,0.0,0.0
2023-07-03 10:00:00+08:00,24.399999618530273,24.399999618530273,24.200000762939453,24.25,117014,0.0,0.0
2023-07-03 11:00:00+08:00,24.299999237060547,24.299999237060547,24.25,24.299999237060547,14036,0.0,0.0
2023-07-03 12:00:00+08:00,24.299999237060547,24.299999237060547,24.25,24.25,12300,0.0,0.0
2023-07-03 13:00:00+08:00,24.25,24.25,24.25,24.25,4000,0.0,0.0
2023-07-04 09:00:00+08:00,24.5,24.799999237060547,24.5,24.649999618530273,0,0.0,0.0
2023-07-04 10:00:00+08:00,24.649999618530273,24.75,24.600000381469727,24.75,97434,0.0,0.0
2023-07-04 11:00:00+08:00,24.75,24.75,24.549999237060547,24.75,61276,0.0,0.0
2023-07-04 12:00:00+08:00,24.649999618530273,24.75,24.649999618530273,24.700000762939453,36000,0.0,0.0
2023-07-04 13:00:00+08:00,24.649999618530273,24.649999618530273,24.299999237060547,24.450000762939453,114040,0.0,0.0
2023-07-05 09:00:00+08:00,24.649999618530273,24.700000762939453,24.5,24.600000381469727,0,0.0,0.0
2023-07-05 10:00:00+08:00,24.5,24.5,24.450000762939453,24.5,10094,0.0,0.0
2023-07-05 11:00:00+08:00,24.5,24.5,24.399999618530273,24.399999618530273,44000,0.0,0.0
2023-07-05 12:00:00+08:00,24.5,24.5,24.5,24.5,5692,0.0,0.0
2023-07-05 13:00:00+08:00,24.5,24.5,24.399999618530273,24.399999618530273,22017,0.0,0.0
2023-07-06 09:00:00+08:00,24.5,24.950000762939453,24.5,24.75,0,0.0,0.0
2023-07-06 10:00:00+08:00,24.75,24.75,24.549999237060547,24.649999618530273,17076,0.0,0.0
2023-07-06 11:00:00+08:00,24.649999618530273,24.649999618530273,24.5,24.600000381469727,34000,0.0,0.0
2023-07-06 12:00:00+08:00,24.600000381469727,24.700000762939453,24.549999237060547,24.600000381469727,20500,0.0,0.0
2023-07-06 13:00:00+08:00,24.600000381469727,24.600000381469727,24.549999237060547,24.600000381469727,9000,0.0,0.0
2023-07-07 09:00:00+08:00,24.600000381469727,24.600000381469727,24.200000762939453,24.200000762939453,0,0.0,0.0
2023-07-07 10:00:00+08:00,24.200000762939453,24.299999237060547,24.100000381469727,24.299999237060547,29100,0.0,0.0
2023-07-07 11:00:00+08:00,24.299999237060547,24.399999618530273,24.299999237060547,24.350000381469727,9000,0.0,0.0
2023-07-07 12:00:00+08:00,24.350000381469727,24.399999618530273,24.299999237060547,24.299999237060547,14000,0.0,0.0
2023-07-07 13:00:00+08:00,24.299999237060547,24.299999237060547,24.200000762939453,24.299999237060547,25000,0.0,0.0
2023-07-10 09:00:00+08:00,24.399999618530273,24.399999618530273,24.200000762939453,24.299999237060547,0,0.0,0.0
2023-07-10 10:00:00+08:00,24.350000381469727,24.450000762939453,24.299999237060547,24.450000762939453,20000,0.0,0.0
2023-07-10 11:00:00+08:00,24.450000762939453,24.450000762939453,24.299999237060547,24.299999237060547,51031,0.0,0.0
2023-07-10 12:00:00+08:00,24.299999237060547,24.350000381469727,24.299999237060547,24.350000381469727,17098,0.0,0.0
2023-07-10 13:00:00+08:00,24.350000381469727,24.350000381469727,24.350000381469727,24.350000381469727,1000,0.0,0.0
2023-07-11 09:00:00+08:00,24.299999237060547,24.450000762939453,24.299999237060547,24.399999618530273,0,0.0,0.0
2023-07-11 10:00:00+08:00,24.399999618530273,24.5,24.399999618530273,24.450000762939453,48000,0.0,0.0
2023-07-11 11:00:00+08:00,24.399999618530273,24.5,24.350000381469727,24.350000381469727,50009,0.0,0.0
2023-07-11 12:00:00+08:00,24.399999618530273,24.399999618530273,24.399999618530273,24.399999618530273,14000,0.0,0.0
2023-07-11 13:00:00+08:00,24.399999618530273,24.399999618530273,24.350000381469727,24.350000381469727,13000,0.0,0.0
2023-07-12 09:00:00+08:00,24.399999618530273,24.549999237060547,24.399999618530273,24.5,0,0.0,0.0
2023-07-12 10:00:00+08:00,24.5,24.5,24.450000762939453,24.5,51100,0.0,0.0
2023-07-12 11:00:00+08:00,24.5,24.549999237060547,24.450000762939453,24.5,22014,0.0,0.0
2023-07-12 12:00:00+08:00,24.5,24.5,24.450000762939453,24.450000762939453,9120,0.0,0.0
2023-07-12 13:00:00+08:00,24.399999618530273,24.399999618530273,24.399999618530273,24.399999618530273,12000,0.0,0.0
2023-07-13 09:00:00+08:00,24.5,24.600000381469727,24.5,24.5,0,0.0,0.0
2023-07-13 10:00:00+08:00,24.549999237060547,24.600000381469727,24.350000381469727,24.350000381469727,71009,0.0,0.0
2023-07-13 11:00:00+08:00,24.350000381469727,24.5,24.350000381469727,24.5,24035,0.0,0.0
2023-07-13 12:00:00+08:00,24.5,24.600000381469727,24.5,24.5,60024,0.0,0.0
2023-07-13 13:00:00+08:00,24.450000762939453,24.549999237060547,24.350000381469727,24.5,122674,0.0,0.0
2023-07-14 09:00:00+08:00,24.5,24.5,24.299999237060547,24.399999618530273,0,0.0,0.0
2023-07-14 10:00:00+08:00,24.399999618530273,24.399999618530273,24.25,24.299999237060547,87466,0.0,0.0
2023-07-14 11:00:00+08:00,24.25,24.299999237060547,24.25,24.299999237060547,38000,0.0,0.0
2023-07-14 12:00:00+08:00,24.299999237060547,24.350000381469727,24.25,24.299999237060547,25783,0.0,0.0
2023-07-14 13:00:00+08:00,24.299999237060547,24.5,24.25,24.350000381469727,38000,0.0,0.0
2023-07-17 09:00:00+08:00,24.299999237060547,24.600000381469727,24.299999237060547,24.5,0,0.0,0.0
2023-07-17 10:00:00+08:00,24.5,24.5,24.399999618530273,24.450000762939453,66000,0.0,0.0
2023-07-17 11:00:00+08:00,24.450000762939453,24.549999237060547,24.399999618530273,24.5,81000,0.0,0.0
2023-07-17 12:00:00+08:00,24.5,24.75,24.5,24.700000762939453,97010,0.0,0.0
2023-07-17 13:00:00+08:00,24.700000762939453,24.700000762939453,24.700000762939453,24.700000762939453,19000,0.0,0.0
2023-07-18 09:00:00+08:00,24.850000381469727,24.899999618530273,24.5,24.600000381469727,49000,0.0,0.0
2023-07-18 10:00:00+08:00,24.600000381469727,24.600000381469727,24.549999237060547,24.549999237060547,20030,0.0,0.0
2023-07-18 11:00:00+08:00,24.549999237060547,24.549999237060547,24.5,24.549999237060547,48010,0.0,0.0
2023-07-18 12:00:00+08:00,24.549999237060547,24.549999237060547,24.5,24.5,45000,0.0,0.0
2023-07-18 13:00:00+08:00,24.5,24.5,24.450000762939453,24.5,36000,0.0,0.0
2023-07-19 09:00:00+08:00,24.450000762939453,24.600000381469727,24.450000762939453,24.549999237060547,43000,0.0,0.0
2023-07-19 10:00:00+08:00,24.549999237060547,24.600000381469727,24.5,24.600000381469727,38000,0.0,0.0
2023-07-19 11:00:00+08:00,24.600000381469727,24.600000381469727,24.5,24.5,8450,0.0,0.0
2023-07-19 12:00:00+08:00,24.5,24.600000381469727,24.5,24.5,31400,0.0,0.0
2023-07-19 13:00:00+08:00,24.5,24.5,24.450000762939453,24.450000762939453,19000,0.0,0.0
2023-07-20 09:00:00+08:00,24.700000762939453,24.950000762939453,24.649999618530273,24.799999237060547,83500,0.0,0.0
2023-07-20 10:00:00+08:00,24.75,24.75,24.5,24.600000381469727,61100,0.0,0.0
2023-07-20 11:00:00+08:00,24.549999237060547,24.600000381469727,24.549999237060547,24.600000381469727,8000,0.0,0.0
2023-07-20 12:00:00+08:00,24.600000381469727,24.600000381469727,24.549999237060547,24.549999237060547,15000,0.0,0.0
2023-07-20 13:00:00+08:00,24.549999237060547,24.549999237060547,24.5,24.549999237060547,21000,0.0,0.0
2023-07-21 09:00:00+08:00,24.549999237060547,24.600000381469727,24.5,24.600000381469727,46600,0.0,0.0
2023-07-21 10:00:00+08:00,24.549999237060547,24.549999237060547,24.5,24.549999237060547,22160,0.0,0.0
2023-07-21 11:00:00+08:00,24.549999237060547,24.549999237060547,24.5,24.5,7000,0.0,0.0
2023-07-21 12:00:00+08:00,24.5,24.600000381469727,24.450000762939453,24.600000381469727,38200,0.0,0.0
2023-07-21 13:00:00+08:00,24.600000381469727,24.600000381469727,24.549999237060547,24.549999237060547,3000,0.0,0.0
2023-07-24 09:00:00+08:00,24.5,24.5,24.5,24.5,0,0.0,0.0
2023-07-24 10:00:00+08:00,24.5,24.5,24.5,24.5,11000,0.0,0.0
2023-07-24 11:00:00+08:00,24.5,24.600000381469727,24.450000762939453,24.600000381469727,73000,0.0,0.0
2023-07-24 12:00:00+08:00,24.649999618530273,24.700000762939453,24.549999237060547,24.600000381469727,67732,0.0,0.0
2023-07-24 13:00:00+08:00,24.649999618530273,24.700000762939453,24.5,24.700000762939453,40000,0.0,0.0
2023-07-25 09:00:00+08:00,24.799999237060547,24.799999237060547,24.75,24.75,20000,0.0,0.0
2023-07-25 10:00:00+08:00,24.700000762939453,24.700000762939453,24.649999618530273,24.649999618530273,16000,0.0,0.0
2023-07-25 11:00:00+08:00,24.700000762939453,24.700000762939453,24.700000762939453,24.700000762939453,24094,0.0,0.0
2023-07-25 12:00:00+08:00,24.700000762939453,24.700000762939453,24.600000381469727,24.700000762939453,79000,0.0,0.0
2023-07-25 13:00:00+08:00,24.700000762939453,24.799999237060547,24.700000762939453,24.700000762939453,62013,0.0,0.0
2023-07-26 09:00:00+08:00,24.850000381469727,25.0,24.850000381469727,24.850000381469727,0,0.0,0.0
2023-07-26 10:00:00+08:00,24.850000381469727,24.950000762939453,24.850000381469727,24.850000381469727,73121,0.0,0.0
2023-07-26 11:00:00+08:00,24.899999618530273,24.899999618530273,24.899999618530273,24.899999618530273,15042,0.0,0.0
2023-07-26 12:00:00+08:00,24.850000381469727,24.899999618530273,24.850000381469727,24.899999618530273,37000,0.0,0.0
2023-07-26 13:00:00+08:00,24.899999618530273,25.25,24.899999618530273,25.149999618530273,208171,0.0,0.0
2023-07-27 09:00:00+08:00,25.25,25.25,25.100000381469727,25.100000381469727,54604,0.0,0.0
2023-07-27 10:00:00+08:00,25.100000381469727,25.100000381469727,25.049999237060547,25.049999237060547,35499,0.0,0.0
2023-07-27 11:00:00+08:00,25.049999237060547,25.100000381469727,25.0,25.049999237060547,53000,0.0,0.0
2023-07-27 12:00:00+08:00,25.049999237060547,25.049999237060547,25.0,25.0,69000,0.0,0.0
2023-07-27 13:00:00+08:00,25.049999237060547,25.149999618530273,25.049999237060547,25.100000381469727,22000,0.0,0.0
2023-07-28 09:00:00+08:00,25.049999237060547,25.049999237060547,25.0,25.0,64000,0.0,0.0
2023-07-28 10:00:00+08:00,24.950000762939453,25.0,24.899999618530273,24.950000762939453,37586,0.0,0.0
2023-07-28 11:00:00+08:00,25.0,25.049999237060547,24.950000762939453,25.0,44280,0.0,0.0
2023-07-28 12:00:00+08:00,25.0,25.049999237060547,25.0,25.049999237060547,35000,0.0,0.0
2023-07-28 13:00:00+08:00,25.0,25.049999237060547,24.950000762939453,25.049999237060547,119000,0.0,0.0
2023-07-31 09:00:00+08:00,25.100000381469727,25.100000381469727,25.0,25.0,0,0.0,0.0
2023-07-31 10:00:00+08:00,25.0,25.0,24.899999618530273,24.950000762939453,102150,0.0,0.0
2023-07-31 11:00:00+08:00,25.0,25.0,24.799999237060547,24.799999237060547,99100,0.0,0.0
2023-07-31 12:00:00+08:00,24.799999237060547,24.850000381469727,24.75,24.799999237060547,33050,0.0,0.0
2023-07-31 13:00:00+08:00,24.850000381469727,24.850000381469727,24.799999237060547,24.799999237060547,37322,0.0,0.0
2023-08-01 09:00:00+08:00,24.899999618530273,25.100000381469727,24.899999618530273,24.950000762939453,155918,0.0,0.0
2023-08-01 10:00:00+08:00,24.950000762939453,24.950000762939453,24.899999618530273,24.899999618530273,42000,0.0,0.0
2023-08-01 11:00:00+08:00,24.899999618530273,24.950000762939453,24.850000381469727,24.899999618530273,32030,0.0,0.0
2023-08-01 12:00:00+08:00,24.899999618530273,24.899999618530273,24.850000381469727,24.850000381469727,20150,0.0,0.0
2023-08-01 13:00:00+08:00,24.899999618530273,25.0,24.899999618530273,25.0,54000,0.0,0.0
2023-08-02 09:00:00+08:00,25.0,25.0,24.950000762939453,24.950000762939453,17100,0.0,0.0
2023-08-02 10:00:00+08:00,24.950000762939453,25.0,24.649999618530273,24.649999618530273,152342,0.0,0.0
2023-08-02 11:00:00+08:00,24.700000762939453,24.799999237060547,24.700000762939453,24.799999237060547,40349,0.0,0.0
2023-08-02 12:00:00+08:00,24.75,24.799999237060547,24.75,24.75,45110,0.0,0.0
2023-08-02 13:00:00+08:00,24.75,24.75,24.75,24.75,25301,0.0,0.0
2023-08-04 09:00:00+08:00,24.75,24.799999237060547,24.649999618530273,24.649999618530273,0,0.0,0.0
2023-08-04 10:00:00+08:00,24.700000762939453,24.850000381469727,24.649999618530273,24.850000381469727,61002,0.0,0.0
2023-08-04 11:00:00+08:00,24.899999618530273,24.950000762939453,24.799999237060547,24.950000762939453,27042,0.0,0.0
2023-08-04 12:00:00+08:00,24.899999618530273,24.899999618530273,24.75,24.899999618530273,59305,0.0,0.0
2023-08-04 13:00:00+08:00,24.850000381469727,24.899999618530273,24.850000381469727,24.850000381469727,6000,0.0,0.0
2023-08-07 09:00:00+08:00,25.049999237060547,25.049999237060547,24.899999618530273,24.950000762939453,72123,0.0,0.0
2023-08-07 10:00:00+08:00,24.950000762939453,24.950000762939453,24.850000381469727,24.899999618530273,31000,0.0,0.0
2023-08-07 11:00:00+08:00,24.950000762939453,24.950000762939453,24.899999618530273,24.899999618530273,21000,0.0,0.0
2023-08-07 12:00:00+08:00,24.899999618530273,24.899999618530273,24.850000381469727,24.850000381469727,47500,0.0,0.0
2023-08-07 13:00:00+08:00,24.850000381469727,24.950000762939453,24.850000381469727,24.899999618530273,15000,0.0,0.0
2023-08-08 09:00:00+08:00,25.0,25.0,24.799999237060547,24.850000381469727,107000,0.0,0.0
2023-08-08 10:00:00+08:00,24.850000381469727,24.899999618530273,24.799999237060547,24.850000381469727,41000,0.0,0.0
2023-08-08 11:00:00+08:00,24.899999618530273,24.899999618530273,24.850000381469727,24.899999618530273,22000,0.0,0.0
2023-08-08 12:00:00+08:00,24.899999618530273,24.899999618530273,24.899999618530273,24.899999618530273,34321,0.0,0.0
2023-08-08 13:00:00+08:00,24.899999618530273,24.899999618530273,24.850000381469727,24.850000381469727,17090,0.0,0.0
2023-08-09 09:00:00+08:00,24.899999618530273,24.899999618530273,24.799999237060547,24.850000381469727,132015,0.0,0.0
2023-08-09 10:00:00+08:00,24.850000381469727,24.850000381469727,24.850000381469727,24.850000381469727,1064,0.0,0.0
2023-08-09 11:00:00+08:00,24.850000381469727,24.850000381469727,24.850000381469727,24.850000381469727,7040,0.0,0.0
2023-08-09 12:00:00+08:00,24.850000381469727,24.850000381469727,24.799999237060547,24.850000381469727,0,0.0,0.0
2023-08-09 13:00:00+08:00,24.850000381469727,24.850000381469727,24.799999237060547,24.799999237060547,182119,0.0,0.0
2023-08-10 09:00:00+08:00,24.799999237060547,24.799999237060547,24.399999618530273,24.5,321040,0.0,0.0
2023-08-10 10:00:00+08:00,24.5,24.700000762939453,24.5,24.5,91791,0.0,0.0
2023-08-10 11:00:00+08:00,24.5,24.5,24.350000381469727,24.5,87115,0.0,0.0
2023-08-10 12:00:00+08:00,24.5,24.549999237060547,24.399999618530273,24.399999618530273,0,0.0,0.0
2023-08-10 13:00:00+08:00,24.399999618530273,24.399999618530273,24.299999237060547,24.299999237060547,634046,0.0,0.0
2023-08-11 09:00:00+08:00,24.200000762939453,24.299999237060547,24.049999237060547,24.25,0,0.0,0.0
2023-08-11 10:00:00+08:00,24.299999237060547,24.299999237060547,24.200000762939453,24.299999237060547,18153,0.0,0.0
2023-08-11 11:00:00+08:00,24.25,24.299999237060547,24.25,24.299999237060547,14000,0.0,0.0
2023-08-11 12:00:00+08:00,24.299999237060547,24.350000381469727,24.149999618530273,24.149999618530273,32260,0.0,0.0
2023-08-11 13:00:00+08:00,24.200000762939453,24.200000762939453,24.149999618530273,24.149999618530273,6211,0.0,0.0
2023-08-14 09:00:00+08:00,24.200000762939453,24.200000762939453,23.899999618530273,24.0,211100,0.0,0.0
2023-08-14 10:00:00+08:00,23.850000381469727,24.0,23.5,23.75,85255,0.0,0.0
2023-08-14 11:00:00+08:00,23.700000762939453,23.899999618530273,23.700000762939453,23.899999618530273,35000,0.0,0.0
2023-08-14 12:00:00+08:00,23.850000381469727,23.850000381469727,23.75,23.799999237060547,13000,0.0,0.0
2023-08-14 13:00:00+08:00,23.799999237060547,23.799999237060547,23.75,23.75,14000,0.0,0.0
2023-08-15 09:00:00+08:00,23.75,24.0,23.75,24.0,152000,0.0,0.0
2023-08-15 10:00:00+08:00,24.0,24.049999237060547,24.0,24.0,13000,0.0,0.0
2023-08-15 11:00:00+08:00,24.0,24.0,24.0,24.0,22000,0.0,0.0
2023-08-15 12:00:00+08:00,24.0,24.049999237060547,24.0,24.049999237060547,20000,0.0,0.0
2023-08-15 13:00:00+08:00,24.100000381469727,24.100000381469727,24.0,24.0,19000,0.0,0.0
2023-08-16 09:00:00+08:00,24.0,24.049999237060547,24.0,24.049999237060547,129016,0.0,0.0
2023-08-16 10:00:00+08:00,24.049999237060547,24.149999618530273,23.950000762939453,24.0,52850,0.0,0.0
2023-08-16 11:00:00+08:00,24.0,24.100000381469727,23.950000762939453,24.100000381469727,47000,0.0,0.0
2023-08-16 12:00:00+08:00,24.100000381469727,24.149999618530273,24.100000381469727,24.100000381469727,26100,0.0,0.0
2023-08-16 13:00:00+08:00,24.100000381469727,24.149999618530273,24.100000381469727,24.149999618530273,9000,0.0,0.0
2023-08-17 09:00:00+08:00,24.0,24.649999618530273,24.0,24.5,219094,0.0,0.0
2023-08-17 10:00:00+08:00,24.5,24.549999237060547,24.450000762939453,24.5,53090,0.0,0.0
2023-08-17 11:00:00+08:00,24.5,24.5,24.450000762939453,24.450000762939453,32117,0.0,0.0
2023-08-17 12:00:00+08:00,24.450000762939453,24.5,24.399999618530273,24.399999618530273,57300,0.0,0.0
2023-08-17 13:00:00+08:00,24.450000762939453,24.450000762939453,24.399999618530273,24.399999618530273,12544,0.0,0.0
2023-08-18 09:00:00+08:00,24.5,24.600000381469727,24.399999618530273,24.5,415796,0.0,0.0
2023-08-18 10:00:00+08:00,24.5,24.549999237060547,24.399999618530273,24.399999618530273,147348,0.0,0.0
2023-08-18 11:00:00+08:00,24.399999618530273,24.5,24.399999618530273,24.5,57194,0.0,0.0
2023-08-18 12:00:00+08:00,24.450000762939453,24.450000762939453,24.350000381469727,24.350000381469727,106235,0.0,0.0
2023-08-18 13:00:00+08:00,24.350000381469727,24.399999618530273,24.350000381469727,24.399999618530273,95329,0.0,0.0
2023-08-21 09:00:00+08:00,22.399999618530273,22.399999618530273,21.600000381469727,21.850000381469727,189868,2.0,0.0
2023-08-21 10:00:00+08:00,21.799999237060547,21.950000762939453,21.799999237060547,21.950000762939453,36405,0.0,0.0
2023-08-21 11:00:00+08:00,22.0,22.0,21.850000381469727,21.899999618530273,58201,0.0,0.0
2023-08-21 12:00:00+08:00,21.899999618530273,21.950000762939453,21.850000381469727,21.899999618530273,82670,0.0,0.0
2023-08-21 13:00:00+08:00,21.850000381469727,21.899999618530273,21.850000381469727,21.899999618530273,55310,0.0,0.0
2023-08-22 09:00:00+08:00,22.0,22.0,21.799999237060547,21.899999618530273,47298,0.0,0.0
2023-08-22 10:00:00+08:00,21.850000381469727,21.899999618530273,21.850000381469727,21.899999618530273,16012,0.0,0.0
2023-08-22 11:00:00+08:00,21.899999618530273,21.899999618530273,21.799999237060547,21.850000381469727,68375,0.0,0.0
2023-08-22 12:00:00+08:00,21.850000381469727,21.950000762939453,21.850000381469727,21.950000762939453,13060,0.0,0.0
2023-08-22 13:00:00+08:00,21.950000762939453,21.950000762939453,21.899999618530273,21.899999618530273,28090,0.0,0.0
2023-08-23 09:00:00+08:00,21.850000381469727,21.850000381469727,21.700000762939453,21.75,91138,0.0,0.0
2023-08-23 10:00:00+08:00,21.75,21.799999237060547,21.649999618530273,21.75,95000,0.0,0.0
2023-08-23 11:00:00+08:00,21.75,21.75,21.700000762939453,21.700000762939453,29000,0.0,0.0
2023-08-23 12:00:00+08:00,21.700000762939453,21.700000762939453,21.649999618530273,21.700000762939453,16064,0.0,0.0
2023-08-23 13:00:00+08:00,21.700000762939453,21.700000762939453,21.649999618530273,21.649999618530273,48050,0.0,0.0
2023-08-24 09:00:00+08:00,21.799999237060547,21.799999237060547,21.799999237060547,21.799999237060547,0,0.0,0.0
2023-08-24 10:00:00+08:00,21.799999237060547,21.799999237060547,21.700000762939453,21.700000762939453,22000,0.0,0.0
2023-08-24 11:00:00+08:00,21.700000762939453,21.75,21.700000762939453,21.75,40000,0.0,0.0
2023-08-24 12:00:00+08:00,21.75,21.75,21.75,21.75,38040,0.0,0.0
2023-08-24 13:00:00+08:00,21.700000762939453,21.700000762939453,21.649999618530273,21.700000762939453,51120,0.0,0.0
2023-08-25 09:00:00+08:00,21.600000381469727,21.600000381469727,21.600000381469727,21.600000381469727,4039,0.0,0.0
2023-08-25 10:00:00+08:00,21.600000381469727,21.700000762939453,21.600000381469727,21.600000381469727,0,0.0,0.0
2023-08-25 11:00:00+08:00,21.700000762939453,21.700000762939453,21.700000762939453,21.700000762939453,59159,0.0,0.0
2023-08-25 12:00:00+08:00,21.700000762939453,21.700000762939453,21.600000381469727,21.600000381469727,23042,0.0,0.0
2023-08-25 13:00:00+08:00,21.649999618530273,21.649999618530273,21.600000381469727,21.649999618530273,32000,0.0,0.0
2023-08-28 09:00:00+08:00,21.600000381469727,21.600000381469727,21.549999237060547,21.549999237060547,0,0.0,0.0
2023-08-28 10:00:00+08:00,21.549999237060547,21.600000381469727,21.549999237060547,21.600000381469727,21000,0.0,0.0
2023-08-28 11:00:00+08:00,21.600000381469727,21.600000381469727,21.549999237060547,21.600000381469727,15010,0.0,0.0
2023-08-28 12:00:00+08:00,21.549999237060547,21.549999237060547,21.549999237060547,21.549999237060547,28044,0.0,0.0
2023-08-28 13:00:00+08:00,21.549999237060547,21.549999237060547,21.5,21.5,11000,0.0,0.0
2023-08-29 09:00:00+08:00,21.850000381469727,21.850000381469727,21.549999237060547,21.600000381469727,13010,0.0,0.0
2023-08-29 10:00:00+08:00,21.600000381469727,21.600000381469727,21.600000381469727,21.600000381469727,16075,0.0,0.0
2023-08-29 11:00:00+08:00,21.600000381469727,21.600000381469727,21.549999237060547,21.549999237060547,0,0.0,0.0
2023-08-29 12:00:00+08:00,21.549999237060547,21.549999237060547,21.5,21.549999237060547,138398,0.0,0.0
2023-08-29 13:00:00+08:00,21.5,21.549999237060547,21.5,21.5,19037,0.0,0.0
2023-08-30 09:00:00+08:00,21.700000762939453,21.700000762939453,21.549999237060547,21.549999237060547,17000,0.0,0.0
2023-08-30 10:00:00+08:00,21.549999237060547,21.600000381469727,21.549999237060547,21.600000381469727,59000,0.0,0.0
2023-08-30 11:00:00+08:00,21.549999237060547,21.600000381469727,21.549999237060547,21.600000381469727,21076,0.0,0.0
2023-08-30 12:00:00+08:00,21.600000381469727,21.600000381469727,21.549999237060547,21.600000381469727,108000,0.0,0.0
2023-08-30 13:00:00+08:00,21.600000381469727,21.649999618530273,21.549999237060547,21.600000381469727,9000,0.0,0.0
2023-08-31 09:00:00+08:00,21.700000762939453,21.700000762939453,21.600000381469727,21.600000381469727,0,0.0,0.0
2023-08-31 10:00:00+08:00,21.649999618530273,21.700000762939453,21.649999618530273,21.649999618530273,10000,0.0,0.0
2023-08-31 11:00:00+08:00,21.649999618530273,21.649999618530273,21.600000381469727,21.600000381469727,30000,0.0,0.0
2023-08-31 12:00:00+08:00,21.600000381469727,21.649999618530273,21.549999237060547,21.600000381469727,47000,0.0,0.0
2023-08-31 13:00:00+08:00,21.600000381469727,21.600000381469727,21.549999237060547,21.549999237060547,65000,0.0,0.0
2023-09-01 09:00:00+08:00,21.600000381469727,21.649999618530273,21.600000381469727,21.649999618530273,0,0.0,0.0
2023-09-01 10:00:00+08:00,21.649999618530273,21.700000762939453,21.649999618530273,21.700000762939453,8079,0.0,0.0
2023-09-01 11:00:00+08:00,21.700000762939453,21.700000762939453,21.700000762939453,21.700000762939453,1000,0.0,0.0
2023-09-01 12:00:00+08:00,21.700000762939453,21.700000762939453,21.649999618530273,21.649999618530273,35001,0.0,0.0
2023-09-01 13:00:00+08:00,21.700000762939453,21.700000762939453,21.649999618530273,21.649999618530273,15050,0.0,0.0
2023-09-04 09:00:00+08:00,21.700000762939453,21.75,21.700000762939453,21.700000762939453,0,0.0,0.0
2023-09-04 10:00:00+08:00,21.649999618530273,21.700000762939453,21.600000381469727,21.700000762939453,30222,0.0,0.0
2023-09-04 11:00:00+08:00,21.75,21.75,21.700000762939453,21.75,30000,0.0,0.0
2023-09-04 12:00:00+08:00,21.75,21.75,21.700000762939453,21.75,11020,0.0,0.0
2023-09-04 13:00:00+08:00,21.75,21.799999237060547,21.75,21.75,5000,0.0,0.0
2023-09-05 09:00:00+08:00,21.799999237060547,21.850000381469727,21.75,21.75,0,0.0,0.0
2023-09-05 10:00:00+08:00,21.799999237060547,21.799999237060547,21.75,21.799999237060547,34000,0.0,0.0
2023-09-05 11:00:00+08:00,21.799999237060547,22.0,21.799999237060547,22.0,51000,0.0,0.0
2023-09-05 12:00:00+08:00,22.049999237060547,22.049999237060547,22.0,22.049999237060547,23135,0.0,0.0
2023-09-05 13:00:00+08:00,22.049999237060547,22.049999237060547,22.049999237060547,22.049999237060547,9100,0.0,0.0
2023-09-06 09:00:00+08:00,22.299999237060547,22.299999237060547,22.049999237060547,22.049999237060547,0,0.0,0.0
2023-09-06 10:00:00+08:00,22.049999237060547,22.25,22.049999237060547,22.25,12000,0.0,0.0
2023-09-06 11:00:00+08:00,22.200000762939453,22.200000762939453,22.149999618530273,22.149999618530273,11003,0.0,0.0
2023-09-06 12:00:00+08:00,22.100000381469727,22.100000381469727,22.049999237060547,22.100000381469727,13000,0.0,0.0
2023-09-06 13:00:00+08:00,22.049999237060547,22.100000381469727,22.049999237060547,22.100000381469727,13098,0.0,0.0
2023-09-07 09:00:00+08:00,22.299999237060547,22.299999237060547,21.950000762939453,21.950000762939453,0,0.0,0.0
2023-09-07 10:00:00+08:00,22.0,22.0,22.0,22.0,3000,0.0,0.0
2023-09-07 11:00:00+08:00,22.0,22.0,22.0,22.0,16000,0.0,0.0
2023-09-07 12:00:00+08:00,22.0,22.049999237060547,21.950000762939453,21.950000762939453,30000,0.0,0.0
2023-09-07 13:00:00+08:00,21.950000762939453,22.0,21.950000762939453,22.0,8100,0.0,0.0
2023-09-08 09:00:00+08:00,22.25,22.25,21.799999237060547,21.799999237060547,0,0.0,0.0
2023-09-08 10:00:00+08:00,21.799999237060547,22.0,21.799999237060547,22.0,13000,0.0,0.0
2023-09-08 11:00:00+08:00,22.0,22.0,21.950000762939453,21.950000762939453,2000,0.0,0.0
2023-09-08 12:00:00+08:00,21.950000762939453,21.950000762939453,21.899999618530273,21.899999618530273,11000,0.0,0.0
2023-09-08 13:00:00+08:00,21.899999618530273,21.899999618530273,21.850000381469727,21.850000381469727,7000,0.0,0.0
2023-09-11 09:00:00+08:00,21.899999618530273,21.899999618530273,21.850000381469727,21.850000381469727,0,0.0,0.0
2023-09-11 10:00:00+08:00,21.850000381469727,21.850000381469727,21.850000381469727,21.850000381469727,18000,0.0,0.0
2023-09-11 11:00:00+08:00,21.799999237060547,21.799999237060547,21.700000762939453,21.75,24060,0.0,0.0
2023-09-11 12:00:00+08:00,21.75,21.75,21.75,21.75,6000,0.0,0.0
2023-09-11 13:00:00+08:00,21.799999237060547,21.799999237060547,21.75,21.75,34167,0.0,0.0
2023-09-12 09:00:00+08:00,22.0,22.0,21.799999237060547,21.799999237060547,0,0.0,0.0
2023-09-12 10:00:00+08:00,21.799999237060547,21.850000381469727,21.75,21.799999237060547,31000,0.0,0.0
2023-09-12 11:00:00+08:00,21.850000381469727,21.850000381469727,21.850000381469727,21.850000381469727,13250,0.0,0.0
2023-09-12 12:00:00+08:00,21.850000381469727,21.850000381469727,21.850000381469727,21.850000381469727,9000,0.0,0.0
2023-09-12 13:00:00+08:00,21.799999237060547,21.799999237060547,21.799999237060547,21.799999237060547,4000,0.0,0.0
2023-09-13 09:00:00+08:00,22.100000381469727,22.100000381469727,22.049999237060547,22.049999237060547,0,0.0,0.0
2023-09-13 10:00:00+08:00,22.0,22.049999237060547,22.0,22.0,28000,0.0,0.0
2023-09-13 11:00:00+08:00,22.049999237060547,22.049999237060547,21.899999618530273,22.049999237060547,14116,0.0,0.0
2023-09-13 12:00:00+08:00,21.950000762939453,22.100000381469727,21.950000762939453,22.100000381469727,0,0.0,0.0
2023-09-13 13:00:00+08:00,22.100000381469727,22.100000381469727,22.049999237060547,22.049999237060547,77434,0.0,0.0
2023-09-14 09:00:00+08:00,22.25,22.549999237060547,22.25,22.549999237060547,3716,0.0,0.0
2023-09-14 10:00:00+08:00,22.549999237060547,22.549999237060547,22.399999618530273,22.399999618530273,41010,0.0,0.0
2023-09-14 11:00:00+08:00,22.450000762939453,22.5,22.450000762939453,22.450000762939453,32004,0.0,0.0
2023-09-14 12:00:00+08:00,22.450000762939453,22.450000762939453,22.399999618530273,22.399999618530273,33000,0.0,0.0
2023-09-14 13:00:00+08:00,22.450000762939453,22.5,22.450000762939453,22.5,12170,0.0,0.0
2023-09-15 09:00:00+08:00,22.549999237060547,22.549999237060547,22.450000762939453,22.5,0,0.0,0.0
2023-09-15 10:00:00+08:00,22.549999237060547,22.549999237060547,22.25,22.25,38825,0.0,0.0
2023-09-15 11:00:00+08:00,22.399999618530273,22.399999618530273,22.399999618530273,22.399999618530273,5000,0.0,0.0
2023-09-15 12:00:00+08:00,22.350000381469727,22.399999618530273,22.350000381469727,22.399999618530273,13000,0.0,0.0
2023-09-15 13:00:00+08:00,22.399999618530273,22.399999618530273,22.350000381469727,22.399999618530273,9030,0.0,0.0
2023-09-18 09:00:00+08:00,22.399999618530273,22.5,22.399999618530273,22.5,0,0.0,0.0
2023-09-18 10:00:00+08:00,22.5,22.5,22.399999618530273,22.5,32461,0.0,0.0
2023-09-18 11:00:00+08:00,22.450000762939453,22.450000762939453,22.399999618530273,22.399999618530273,10002,0.0,0.0
2023-09-18 12:00:00+08:00,22.399999618530273,22.399999618530273,22.399999618530273,22.399999618530273,4240,0.0,0.0
2023-09-18 13:00:00+08:00,22.399999618530273,22.450000762939453,22.399999618530273,22.450000762939453,5057,0.0,0.0
2023-09-19 09:00:00+08:00,22.600000381469727,22.600000381469727,22.5,22.600000381469727,90020,0.0,0.0
2023-09-19 10:00:00+08:00,22.600000381469727,22.649999618530273,22.600000381469727,22.649999618530273,18000,0.0,0.0
2023-09-19 11:00:00+08:00,22.649999618530273,22.649999618530273,22.549999237060547,22.549999237060547,9000,0.0,0.0
2023-09-19 12:00:00+08:00,22.600000381469727,22.600000381469727,22.549999237060547,22.549999237060547,28050,0.0,0.0
2023-09-19 13:00:00+08:00,22.600000381469727,22.600000381469727,22.549999237060547,22.600000381469727,20000,0.0,0.0
2023-09-20 09:00:00+08:00,22.549999237060547,22.850000381469727,22.549999237060547,22.850000381469727,0,0.0,0.0
2023-09-20 10:00:00+08:00,22.850000381469727,22.850000381469727,22.700000762939453,22.700000762939453,41330,0.0,0.0
2023-09-20 11:00:00+08:00,22.75,22.850000381469727,22.75,22.850000381469727,36549,0.0,0.0
2023-09-20 12:00:00+08:00,22.899999618530273,22.899999618530273,22.75,22.75,22313,0.0,0.0
2023-09-20 13:00:00+08:00,22.799999237060547,22.799999237060547,22.75,22.799999237060547,9102,0.0,0.0
2023-09-21 09:00:00+08:00,22.799999237060547,22.850000381469727,22.5,22.5,0,0.0,0.0
2023-09-21 10:00:00+08:00,22.5,22.549999237060547,22.5,22.5,10160,0.0,0.0
2023-09-21 11:00:00+08:00,22.5,22.549999237060547,22.450000762939453,22.5,7000,0.0,0.0
2023-09-21 12:00:00+08:00,22.5,22.5,22.399999618530273,22.399999618530273,19000,0.0,0.0
2023-09-21 13:00:00+08:00,22.399999618530273,22.399999618530273,22.350000381469727,22.350000381469727,17000,0.0,0.0
2023-09-22 09:00:00+08:00,22.399999618530273,22.399999618530273,22.25,22.25,0,0.0,0.0
2023-09-22 10:00:00+08:00,22.399999618530273,22.600000381469727,22.399999618530273,22.450000762939453,23000,0.0,0.0
2023-09-22 11:00:00+08:00,22.399999618530273,22.399999618530273,22.350000381469727,22.350000381469727,10000,0.0,0.0
2023-09-22 12:00:00+08:00,22.350000381469727,22.350000381469727,22.350000381469727,22.350000381469727,28070,0.0,0.0
2023-09-25 09:00:00+08:00,22.399999618530273,22.399999618530273,22.399999618530273,22.399999618530273,24181,0.0,0.0
2023-09-25 10:00:00+08:00,22.450000762939453,22.600000381469727,22.450000762939453,22.450000762939453,17015,0.0,0.0
2023-09-25 11:00:00+08:00,22.5,22.5,22.5,22.5,14448,0.0,0.0
2023-09-25 12:00:00+08:00,22.549999237060547,22.549999237060547,22.5,22.5,6022,0.0,0.0
2023-09-25 13:00:00+08:00,22.5,22.5,22.399999618530273,22.5,9354,0.0,0.0
2023-09-26 09:00:00+08:00,22.5,22.5,22.450000762939453,22.450000762939453,0,0.0,0.0
2023-09-26 10:00:00+08:00,22.399999618530273,22.399999618530273,22.399999618530273,22.399999618530273,2000,0.0,0.0
2023-09-26 11:00:00+08:00,22.399999618530273,22.399999618530273,22.399999618530273,22.399999618530273,6000,0.0,0.0
2023-09-26 12:00:00+08:00,22.399999618530273,22.450000762939453,22.399999618530273,22.450000762939453,14457,0.0,0.0
2023-09-26 13:00:00+08:00,22.399999618530273,22.399999618530273,22.399999618530273,22.399999618530273,3442,0.0,0.0
2023-09-27 09:00:00+08:00,22.450000762939453,22.450000762939453,22.25,22.350000381469727,0,0.0,0.0
2023-09-27 10:00:00+08:00,22.399999618530273,22.399999618530273,22.25,22.25,14040,0.0,0.0
2023-09-27 11:00:00+08:00,22.25,22.25,22.25,22.25,13050,0.0,0.0
2023-09-27 12:00:00+08:00,22.25,22.25,22.25,22.25,3000,0.0,0.0
2023-09-27 13:00:00+08:00,22.299999237060547,22.299999237060547,22.299999237060547,22.299999237060547,2000,0.0,0.0
2023-09-28 09:00:00+08:00,22.399999618530273,22.5,22.399999618530273,22.450000762939453,0,0.0,0.0
2023-09-28 10:00:00+08:00,22.5,22.649999618530273,22.399999618530273,22.5,39000,0.0,0.0
2023-09-28 11:00:00+08:00,22.600000381469727,22.600000381469727,22.549999237060547,22.549999237060547,9000,0.0,0.0
2023-09-28 12:00:00+08:00,22.549999237060547,22.649999618530273,22.549999237060547,22.649999618530273,33100,0.0,0.0
2023-09-28 13:00:00+08:00,22.649999618530273,22.649999618530273,22.549999237060547,22.549999237060547,10000,0.0,0.0
2023-10-02 09:00:00+08:00,22.75,23.149999618530273,22.649999618530273,23.0,0,0.0,0.0
2023-10-02 10:00:00+08:00,23.0,23.299999237060547,23.0,23.200000762939453,110196,0.0,0.0
2023-10-02 11:00:00+08:00,23.200000762939453,23.200000762939453,23.200000762939453,23.200000762939453,12105,0.0,0.0
2023-10-02 12:00:00+08:00,23.200000762939453,23.25,23.200000762939453,23.200000762939453,13000,0.0,0.0
2023-10-02 13:00:00+08:00,23.25,23.25,23.149999618530273,23.149999618530273,7000,0.0,0.0
2023-10-03 09:00:00+08:00,23.5,23.5,23.200000762939453,23.350000381469727,0,0.0,0.0
2023-10-03 10:00:00+08:00,23.200000762939453,23.200000762939453,23.200000762939453,23.200000762939453,11046,0.0,0.0
2023-10-03 11:00:00+08:00,23.25,23.25,23.200000762939453,23.200000762939453,4102,0.0,0.0
2023-10-03 12:00:00+08:00,23.25,23.25,23.149999618530273,23.149999618530273,12000,0.0,0.0
2023-10-03 13:00:00+08:00,23.149999618530273,23.350000381469727,23.149999618530273,23.149999618530273,10118,0.0,0.0
2023-10-04 09:00:00+08:00,23.100000381469727,23.299999237060547,23.0,23.299999237060547,0,0.0,0.0
2023-10-04 10:00:00+08:00,23.25,23.350000381469727,23.200000762939453,23.200000762939453,70002,0.0,0.0
2023-10-04 11:00:00+08:00,23.200000762939453,23.25,23.100000381469727,23.100000381469727,12000,0.0,0.0
2023-10-04 12:00:00+08:00,23.25,23.25,23.149999618530273,23.149999618530273,4000,0.0,0.0
2023-10-04 13:00:00+08:00,23.149999618530273,23.149999618530273,23.100000381469727,23.100000381469727,14000,0.0,0.0
2023-10-05 09:00:00+08:00,23.399999618530273,23.600000381469727,23.350000381469727,23.5,0,0.0,0.0
2023-10-05 10:00:00+08:00,23.5,23.549999237060547,23.350000381469727,23.350000381469727,51013,0.0,0.0
2023-10-05 11:00:00+08:00,23.399999618530273,23.399999618530273,23.299999237060547,23.299999237060547,19000,0.0,0.0
2023-10-05 12:00:00+08:00,23.350000381469727,23.350000381469727,23.299999237060547,23.299999237060547,7000,0.0,0.0
2023-10-05 13:00:00+08:00,23.350000381469727,23.350000381469727,23.350000381469727,23.350000381469727,8000,0.0,0.0
2023-10-06 09:00:00+08:00,23.600000381469727,23.600000381469727,23.399999618530273,23.5,0,0.0,0.0
2023-10-06 10:00:00+08:00,23.399999618530273,23.5,23.25,23.350000381469727,52000,0.0,0.0
2023-10-06 11:00:00+08:00,23.25,23.299999237060547,23.100000381469727,23.200000762939453,118301,0.0,0.0
2023-10-06 12:00:00+08:00,23.200000762939453,23.200000762939453,22.950000762939453,23.0,129100,0.0,0.0
2023-10-06 13:00:00+08:00,23.0,23.100000381469727,22.950000762939453,23.100000381469727,17050,0.0,0.0
2023-10-11 09:00:00+08:00,23.399999618530273,23.399999618530273,22.799999237060547,22.850000381469727,0,0.0,0.0
2023-10-11 10:00:00+08:00,22.899999618530273,22.899999618530273,22.850000381469727,22.899999618530273,30000,0.0,0.0
2023-10-11 11:00:00+08:00,22.850000381469727,22.850000381469727,22.850000381469727,22.850000381469727,15000,0.0,0.0
2023-10-11 12:00:00+08:00,22.850000381469727,22.850000381469727,22.75,22.75,31030,0.0,0.0
2023-10-11 13:00:00+08:00,22.799999237060547,22.799999237060547,22.799999237060547,22.799999237060547,6040,0.0,0.0
2023-10-12 09:00:00+08:00,22.799999237060547,22.899999618530273,22.799999237060547,22.850000381469727,18000,0.0,0.0
2023-10-12 10:00:00+08:00,22.899999618530273,22.950000762939453,22.899999618530273,22.950000762939453,7000,0.0,0.0
2023-10-12 11:00:00+08:00,22.950000762939453,22.950000762939453,22.899999618530273,22.950000762939453,33000,0.0,0.0
2023-10-12 12:00:00+08:00,23.0,23.0,22.899999618530273,22.899999618530273,19050,0.0,0.0
2023-10-12 13:00:00+08:00,22.950000762939453,22.950000762939453,22.950000762939453,22.950000762939453,16000,0.0,0.0
2023-10-13 09:00:00+08:00,23.200000762939453,23.200000762939453,22.700000762939453,22.899999618530273,0,0.0,0.0
2023-10-13 10:00:00+08:00,22.799999237060547,22.799999237060547,22.700000762939453,22.700000762939453,25000,0.0,0.0
2023-10-13 11:00:00+08:00,22.700000762939453,22.700000762939453,22.700000762939453,22.700000762939453,6050,0.0,0.0
2023-10-13 12:00:00+08:00,22.850000381469727,22.850000381469727,22.700000762939453,22.700000762939453,31000,0.0,0.0
2023-10-13 13:00:00+08:00,22.700000762939453,22.700000762939453,22.700000762939453,22.700000762939453,5000,0.0,0.0
2023-10-16 09:00:00+08:00,22.700000762939453,22.700000762939453,22.700000762939453,22.700000762939453,0,0.0,0.0
2023-10-16 10:00:00+08:00,22.799999237060547,22.799999237060547,22.75,22.75,9060,0.0,0.0
2023-10-16 11:00:00+08:00,22.799999237060547,22.850000381469727,22.700000762939453,22.799999237060547,14000,0.0,0.0
2023-10-16 12:00:00+08:00,22.75,22.75,22.75,22.75,9000,0.0,0.0
2023-10-16 13:00:00+08:00,22.75,22.75,22.700000762939453,22.75,14105,0.0,0.0
2023-10-17 09:00:00+08:00,22.799999237060547,22.799999237060547,22.75,22.75,0,0.0,0.0
2023-10-17 10:00:00+08:00,22.799999237060547,22.799999237060547,22.75,22.75,6000,0.0,0.0
2023-10-17 11:00:00+08:00,22.799999237060547,22.799999237060547,22.799999237060547,22.799999237060547,6000,0.0,0.0
2023-10-17 12:00:00+08:00,22.850000381469727,22.850000381469727,22.75,22.75,23200,0.0,0.0
2023-10-17 13:00:00+08:00,22.75,22.75,22.700000762939453,22.700000762939453,16448,0.0,0.0
2023-10-18 09:00:00+08:00,22.75,22.75,22.649999618530273,22.649999618530273,0,0.0,0.0
2023-10-18 10:00:00+08:00,22.600000381469727,22.649999618530273,22.5,22.5,18168,0.0,0.0
2023-10-18 11:00:00+08:00,22.5,22.549999237060547,22.5,22.549999237060547,7000,0.0,0.0
2023-10-18 12:00:00+08:00,22.549999237060547,22.600000381469727,22.549999237060547,22.549999237060547,6001,0.0,0.0
2023-10-18 13:00:00+08:00,22.549999237060547,22.700000762939453,22.549999237060547,22.700000762939453,11000,0.0,0.0
2023-10-19 09:00:00+08:00,22.700000762939453,22.700000762939453,22.700000762939453,22.700000762939453,0,0.0,0.0
2023-10-19 10:00:00+08:00,22.649999618530273,22.649999618530273,22.649999618530273,22.649999618530273,1000,0.0,0.0
2023-10-19 11:00:00+08:00,22.649999618530273,22.649999618530273,22.600000381469727,22.600000381469727,2000,0.0,0.0
2023-10-19 12:00:00+08:00,22.549999237060547,22.600000381469727,22.549999237060547,22.600000381469727,15000,0.0,0.0
2023-10-19 13:00:00+08:00,22.600000381469727,22.799999237060547,22.600000381469727,22.799999237060547,24010,0.0,0.0
2023-10-20 09:00:00+08:00,22.799999237060547,22.799999237060547,22.299999237060547,22.350000381469727,0,0.0,0.0
2023-10-20 10:00:00+08:00,22.5,22.5,22.5,22.5,5000,0.0,0.0
2023-10-20 11:00:00+08:00,22.649999618530273,22.649999618530273,22.600000381469727,22.600000381469727,4000,0.0,0.0
2023-10-20 12:00:00+08:00,22.649999618530273,22.700000762939453,22.5,22.700000762939453,15148,0.0,0.0
2023-10-20 13:00:00+08:00,22.549999237060547,22.600000381469727,22.549999237060547,22.549999237060547,7000,0.0,0.0
2023-10-23 09:00:00+08:00,22.799999237060547,22.799999237060547,22.600000381469727,22.600000381469727,0,0.0,0.0
2023-10-23 10:00:00+08:00,22.649999618530273,22.649999618530273,22.600000381469727,22.600000381469727,4000,0.0,0.0
2023-10-23 11:00:00+08:00,22.649999618530273,22.649999618530273,22.600000381469727,22.600000381469727,9000,0.0,0.0
2023-10-23 12:00:00+08:00,22.649999618530273,22.649999618530273,22.549999237060547,22.549999237060547,23000,0.0,0.0
2023-10-23 13:00:00+08:00,22.549999237060547,22.549999237060547,22.200000762939453,22.200000762939453,38000,0.0,0.0
2023-10-24 09:00:00+08:00,22.399999618530273,22.399999618530273,22.399999618530273,22.399999618530273,17000,0.0,0.0
2023-10-24 10:00:00+08:00,22.549999237060547,22.549999237060547,22.5,22.5,18002,0.0,0.0
2023-10-24 11:00:00+08:00,22.549999237060547,22.549999237060547,22.450000762939453,22.450000762939453,49000,0.0,0.0
2023-10-24 12:00:00+08:00,22.450000762939453,22.450000762939453,22.399999618530273,22.399999618530273,26045,0.0,0.0
2023-10-24 13:00:00+08:00,22.5,22.5,22.5,22.5,9000,0.0,0.0
2023-10-25 09:00:00+08:00,22.799999237060547,22.799999237060547,22.700000762939453,22.75,0,0.0,0.0
2023-10-25 10:00:00+08:00,22.75,22.799999237060547,22.75,22.75,31000,0.0,0.0
2023-10-25 11:00:00+08:00,22.799999237060547,22.799999237060547,22.75,22.75,9015,0.0,0.0
2023-10-25 12:00:00+08:00,22.75,22.75,22.649999618530273,22.649999618530273,8000,0.0,0.0
2023-10-25 13:00:00+08:00,22.75,22.75,22.600000381469727,22.600000381469727,7000,0.0,0.0
2023-10-26 09:00:00+08:00,22.600000381469727,22.600000381469727,22.399999618530273,22.399999618530273,0,0.0,0.0
2023-10-26 10:00:00+08:00,22.600000381469727,22.600000381469727,22.600000381469727,22.600000381469727,10000,0.0,0.0
2023-10-26 11:00:00+08:00,22.600000381469727,22.600000381469727,22.600000381469727,22.600000381469727,3000,0.0,0.0
2023-10-26 12:00:00+08:00,22.549999237060547,22.549999237060547,22.549999237060547,22.549999237060547,2100,0.0,0.0
2023-10-26 13:00:00+08:00,22.549999237060547,22.549999237060547,22.350000381469727,22.350000381469727,21000,0.0,0.0
2023-10-27 09:00:00+08:00,22.399999618530273,22.450000762939453,22.399999618530273,22.450000762939453,0,0.0,0.0
2023-10-27 10:00:00+08:00,22.5,22.5,22.399999618530273,22.399999618530273,13000,0.0,0.0
2023-10-27 11:00:00+08:00,22.450000762939453,22.450000762939453,22.399999618530273,22.399999618530273,11000,0.0,0.0
2023-10-27 12:00:00+08:00,22.399999618530273,22.399999618530273,22.299999237060547,22.299999237060547,14000,0.0,0.0
2023-10-27 13:00:00+08:00,22.450000762939453,22.450000762939453,22.450000762939453,22.450000762939453,2000,0.0,0.0
2023-10-30 10:00:00+08:00,22.399999618530273,22.600000381469727,22.399999618530273,22.399999618530273,3000,0.0,0.0
2023-10-30 11:00:00+08:00,22.5,22.5,22.5,22.5,1000,0.0,0.0
2023-10-30 12:00:00+08:00,22.450000762939453,22.450000762939453,22.450000762939453,22.450000762939453,2012,0.0,0.0
2023-10-30 13:00:00+08:00,22.5,22.5,22.450000762939453,22.450000762939453,8000,0.0,0.0
2023-10-31 09:00:00+08:00,22.399999618530273,22.399999618530273,22.399999618530273,22.399999618530273,0,0.0,0.0
2023-10-31 10:00:00+08:00,22.399999618530273,22.399999618530273,22.200000762939453,22.200000762939453,16230,0.0,0.0
2023-10-31 11:00:00+08:00,22.25,22.25,22.25,22.25,13000,0.0,0.0
2023-10-31 12:00:00+08:00,22.25,22.299999237060547,21.950000762939453,21.950000762939453,99280,0.0,0.0
2023-10-31 13:00:00+08:00,21.950000762939453,21.950000762939453,21.700000762939453,21.700000762939453,16000,0.0,0.0
2023-11-01 09:00:00+08:00,21.75,22.0,21.75,22.0,0,0.0,0.0
2023-11-01 10:00:00+08:00,21.799999237060547,21.799999237060547,21.799999237060547,21.799999237060547,7000,0.0,0.0
2023-11-01 11:00:00+08:00,21.799999237060547,21.899999618530273,21.75,21.899999618530273,4000,0.0,0.0
2023-11-01 12:00:00+08:00,21.899999618530273,22.0,21.899999618530273,22.0,7000,0.0,0.0
2023-11-01 13:00:00+08:00,22.0,22.0,21.850000381469727,21.950000762939453,0,0.0,0.0
2023-11-02 09:00:00+08:00,22.0,22.100000381469727,22.0,22.100000381469727,7000,0.0,0.0
2023-11-02 10:00:00+08:00,22.100000381469727,22.25,22.100000381469727,22.25,4000,0.0,0.0
2023-11-02 12:00:00+08:00,22.200000762939453,22.299999237060547,22.149999618530273,22.299999237060547,18591,0.0,0.0
2023-11-02 13:00:00+08:00,22.299999237060547,22.299999237060547,22.299999237060547,22.299999237060547,3000,0.0,0.0
2023-11-03 09:00:00+08:00,22.299999237060547,22.299999237060547,22.299999237060547,22.299999237060547,0,0.0,0.0
2023-11-03 10:00:00+08:00,22.25,22.299999237060547,22.25,22.299999237060547,4000,0.0,0.0
2023-11-03 11:00:00+08:00,22.299999237060547,22.299999237060547,22.299999237060547,22.299999237060547,3092,0.0,0.0
2023-11-03 12:00:00+08:00,22.299999237060547,22.299999237060547,22.299999237060547,22.299999237060547,2000,0.0,0.0
2023-11-03 13:00:00+08:00,22.299999237060547,22.299999237060547,22.299999237060547,22.299999237060547,1000,0.0,0.0
2023-11-06 09:00:00+08:00,22.100000381469727,22.25,22.100000381469727,22.25,6910,0.0,0.0
2023-11-06 10:00:00+08:00,22.25,22.25,22.149999618530273,22.149999618530273,14000,0.0,0.0
2023-11-06 11:00:00+08:00,22.200000762939453,22.25,22.200000762939453,22.25,2231,0.0,0.0
2023-11-06 12:00:00+08:00,22.149999618530273,22.25,22.149999618530273,22.25,11014,0.0,0.0
2023-11-06 13:00:00+08:00,22.299999237060547,22.299999237060547,22.25,22.25,7000,0.0,0.0
2023-11-07 09:00:00+08:00,22.299999237060547,22.5,22.100000381469727,22.5,0,0.0,0.0
2023-11-07 10:00:00+08:00,22.549999237060547,22.549999237060547,22.5,22.5,4030,0.0,0.0
2023-11-07 11:00:00+08:00,22.450000762939453,22.5,22.399999618530273,22.450000762939453,10000,0.0,0.0
2023-11-07 12:00:00+08:00,22.5,22.5,22.350000381469727,22.450000762939453,11000,0.0,0.0
2023-11-07 13:00:00+08:00,22.5,22.549999237060547,22.5,22.549999237060547,16000,0.0,0.0
2023-11-08 09:00:00+08:00,22.5,22.649999618530273,22.5,22.649999618530273,0,0.0,0.0
2023-11-08 10:00:00+08:00,22.600000381469727,22.649999618530273,22.600000381469727,22.649999618530273,2110,0.0,0.0
2023-11-08 11:00:00+08:00,22.549999237060547,22.700000762939453,22.549999237060547,22.700000762939453,7000,0.0,0.0
2023-11-08 12:00:00+08:00,22.700000762939453,22.700000762939453,22.700000762939453,22.700000762939453,9100,0.0,0.0
2023-11-08 13:00:00+08:00,22.649999618530273,23.149999618530273,22.649999618530273,23.149999618530273,33000,0.0,0.0
2023-11-09 09:00:00+08:00,22.950000762939453,22.950000762939453,22.700000762939453,22.899999618530273,0,0.0,0.0
2023-11-09 10:00:00+08:00,22.899999618530273,22.899999618530273,22.799999237060547,22.799999237060547,3000,0.0,0.0
2023-11-09 11:00:00+08:00,22.799999237060547,22.850000381469727,22.75,22.850000381469727,13012,0.0,0.0
2023-11-09 12:00:00+08:00,22.799999237060547,22.850000381469727,22.799999237060547,22.850000381469727,4020,0.0,0.0
2023-11-09 13:00:00+08:00,22.850000381469727,22.850000381469727,22.75,22.75,9000,0.0,0.0
2023-11-10 09:00:00+08:00,22.700000762939453,22.700000762939453,22.399999618530273,22.399999618530273,0,0.0,0.0
2023-11-10 10:00:00+08:00,22.600000381469727,22.600000381469727,22.600000381469727,22.600000381469727,1000,0.0,0.0
2023-11-10 11:00:00+08:00,22.600000381469727,22.600000381469727,22.5,22.5,3000,0.0,0.0
2023-11-10 12:00:00+08:00,22.5,22.600000381469727,22.5,22.5,9000,0.0,0.0
2023-11-10 13:00:00+08:00,22.5,22.5,22.450000762939453,22.5,9023,0.0,0.0
2023-11-13 09:00:00+08:00,22.5,22.600000381469727,22.399999618530273,22.600000381469727,0,0.0,0.0
2023-11-13 10:00:00+08:00,22.600000381469727,22.600000381469727,22.5,22.5,2030,0.0,0.0
2023-11-13 11:00:00+08:00,22.549999237060547,22.549999237060547,22.549999237060547,22.549999237060547,5000,0.0,0.0
2023-11-13 12:00:00+08:00,22.5,22.549999237060547,22.450000762939453,22.549999237060547,6012,0.0,0.0
2023-11-13 13:00:00+08:00,22.549999237060547,22.549999237060547,22.5,22.5,8000,0.0,0.0
2023-11-14 09:00:00+08:00,22.5,22.549999237060547,22.5,22.5,0,0.0,0.0
2023-11-14 10:00:00+08:00,22.450000762939453,22.450000762939453,22.350000381469727,22.350000381469727,31000,0.0,0.0
2023-11-14 11:00:00+08:00,22.350000381469727,22.350000381469727,22.149999618530273,22.149999618530273,86123,0.0,0.0
2023-11-14 12:00:00+08:00,22.149999618530273,22.350000381469727,22.100000381469727,22.350000381469727,16223,0.0,0.0
2023-11-14 13:00:00+08:00,22.350000381469727,22.350000381469727,22.200000762939453,22.200000762939453,2000,0.0,0.0
2023-11-15 09:00:00+08:00,22.299999237060547,22.399999618530273,22.299999237060547,22.399999618530273,0,0.0,0.0
2023-11-15 10:00:00+08:00,22.450000762939453,22.450000762939453,22.350000381469727,22.350000381469727,20040,0.0,0.0
2023-11-15 11:00:00+08:00,22.350000381469727,22.399999618530273,22.299999237060547,22.350000381469727,20000,0.0,0.0
2023-11-15 12:00:00+08:00,22.299999237060547,22.299999237060547,22.25,22.25,19200,0.0,0.0
2023-11-15 13:00:00+08:00,22.350000381469727,22.399999618530273,22.350000381469727,22.399999618530273,7000,0.0,0.0
2023-11-16 09:00:00+08:00,22.299999237060547,22.399999618530273,22.299999237060547,22.399999618530273,0,0.0,0.0
2023-11-16 10:00:00+08:00,22.450000762939453,22.450000762939453,22.399999618530273,22.399999618530273,5000,0.0,0.0
2023-11-16 11:00:00+08:00,22.399999618530273,22.399999618530273,22.399999618530273,22.399999618530273,3000,0.0,0.0
2023-11-16 12:00:00+08:00,22.399999618530273,22.5,22.299999237060547,22.450000762939453,34000,0.0,0.0
2023-11-17 09:00:00+08:00,22.299999237060547,22.299999237060547,22.299999237060547,22.299999237060547,0,0.0,0.0
2023-11-17 10:00:00+08:00,22.450000762939453,22.450000762939453,22.450000762939453,22.450000762939453,1000,0.0,0.0
2023-11-17 11:00:00+08:00,22.450000762939453,22.450000762939453,22.450000762939453,22.450000762939453,27016,0.0,0.0
2023-11-17 12:00:00+08:00,22.5,22.549999237060547,22.5,22.5,20605,0.0,0.0
2023-11-17 13:00:00+08:00,22.5,22.5,22.5,22.5,3000,0.0,0.0
2023-11-20 09:00:00+08:00,22.799999237060547,22.799999237060547,22.450000762939453,22.5,0,0.0,0.0
2023-11-20 10:00:00+08:00,22.549999237060547,22.549999237060547,22.450000762939453,22.450000762939453,28018,0.0,0.0
2023-11-20 11:00:00+08:00,22.450000762939453,22.5,22.450000762939453,22.5,30000,0.0,0.0
2023-11-20 12:00:00+08:00,22.5,22.549999237060547,22.5,22.549999237060547,5000,0.0,0.0
2023-11-20 13:00:00+08:00,22.549999237060547,22.549999237060547,22.549999237060547,22.549999237060547,5000,0.0,0.0
2023-11-21 09:00:00+08:00,22.549999237060547,22.600000381469727,22.450000762939453,22.5,0,0.0,0.0
2023-11-21 10:00:00+08:00,22.5,22.600000381469727,22.5,22.600000381469727,14306,0.0,0.0
2023-11-21 11:00:00+08:00,22.600000381469727,22.600000381469727,22.549999237060547,22.600000381469727,5000,0.0,0.0
2023-11-21 12:00:00+08:00,22.549999237060547,22.649999618530273,22.5,22.5,48115,0.0,0.0
2023-11-21 13:00:00+08:00,22.600000381469727,22.700000762939453,22.600000381469727,22.700000762939453,11005,0.0,0.0
2023-11-22 09:00:00+08:00,22.649999618530273,22.649999618530273,22.5,22.649999618530273,0,0.0,0.0
2023-11-22 10:00:00+08:00,22.649999618530273,22.649999618530273,22.649999618530273,22.649999618530273,21000,0.0,0.0
2023-11-22 11:00:00+08:00,22.649999618530273,22.75,22.649999618530273,22.75,27000,0.0,0.0
2023-11-22 12:00:00+08:00,22.799999237060547,22.799999237060547,22.700000762939453,22.700000762939453,10000,0.0,0.0
2023-11-22 13:00:00+08:00,22.700000762939453,22.799999237060547,22.700000762939453,22.75,31000,0.0,0.0
2023-11-23 09:00:00+08:00,22.799999237060547,22.899999618530273,22.799999237060547,22.850000381469727,0,0.0,0.0
2023-11-23 10:00:00+08:00,22.850000381469727,22.850000381469727,22.700000762939453,22.75,20005,0.0,0.0
2023-11-23 11:00:00+08:00,22.700000762939453,22.75,22.700000762939453,22.75,14000,0.0,0.0
2023-11-23 12:00:00+08:00,22.75,22.75,22.75,22.75,1270,0.0,0.0
2023-11-23 13:00:00+08:00,22.75,22.75,22.75,22.75,2000,0.0,0.0
2023-11-24 09:00:00+08:00,22.700000762939453,22.75,22.700000762939453,22.75,0,0.0,0.0
2023-11-24 10:00:00+08:00,22.75,22.75,22.649999618530273,22.700000762939453,14000,0.0,0.0
2023-11-24 11:00:00+08:00,22.649999618530273,22.649999618530273,22.600000381469727,22.600000381469727,12000,0.0,0.0
2023-11-24 12:00:00+08:00,22.600000381469727,22.649999618530273,22.600000381469727,22.649999618530273,9190,0.0,0.0
2023-11-24 13:00:00+08:00,22.600000381469727,22.649999618530273,22.600000381469727,22.649999618530273,2000,0.0,0.0
2023-11-27 09:00:00+08:00,22.799999237060547,22.850000381469727,22.600000381469727,22.600000381469727,0,0.0,0.0
2023-11-27 10:00:00+08:00,22.700000762939453,22.700000762939453,22.700000762939453,22.700000762939453,5189,0.0,0.0
2023-11-27 11:00:00+08:00,22.649999618530273,22.649999618530273,22.649999618530273,22.649999618530273,1018,0.0,0.0
2023-11-27 12:00:00+08:00,22.649999618530273,22.649999618530273,22.649999618530273,22.649999618530273,3000,0.0,0.0
2023-11-27 13:00:00+08:00,22.649999618530273,22.649999618530273,22.600000381469727,22.600000381469727,11000,0.0,0.0
2023-11-28 09:00:00+08:00,22.600000381469727,22.600000381469727,22.549999237060547,22.549999237060547,0,0.0,0.0
2023-11-28 10:00:00+08:00,22.549999237060547,22.600000381469727,22.549999237060547,22.600000381469727,25050,0.0,0.0
2023-11-28 11:00:00+08:00,22.600000381469727,22.600000381469727,22.600000381469727,22.600000381469727,5015,0.0,0.0
2023-11-28 12:00:00+08:00,22.649999618530273,22.649999618530273,22.600000381469727,22.600000381469727,8000,0.0,0.0
2023-11-28 13:00:00+08:00,22.649999618530273,22.649999618530273,22.649999618530273,22.649999618530273,8000,0.0,0.0
2023-11-29 09:00:00+08:00,22.700000762939453,22.75,22.700000762939453,22.75,11000,0.0,0.0
2023-11-29 10:00:00+08:00,22.799999237060547,22.799999237060547,22.75,22.799999237060547,20000,0.0,0.0
2023-11-29 11:00:00+08:00,22.799999237060547,22.799999237060547,22.799999237060547,22.799999237060547,1000,0.0,0.0
2023-11-29 12:00:00+08:00,22.799999237060547,22.850000381469727,22.799999237060547,22.850000381469727,12503,0.0,0.0
2023-11-29 13:00:00+08:00,22.799999237060547,22.799999237060547,22.799999237060547,22.799999237060547,6084,0.0,0.0
2023-11-30 09:00:00+08:00,22.799999237060547,22.899999618530273,22.75,22.75,0,0.0,0.0
2023-11-30 10:00:00+08:00,22.799999237060547,22.899999618530273,22.799999237060547,22.899999618530273,24000,0.0,0.0
2023-11-30 11:00:00+08:00,22.850000381469727,22.850000381469727,22.799999237060547,22.799999237060547,5178,0.0,0.0
2023-11-30 12:00:00+08:00,22.799999237060547,22.799999237060547,22.799999237060547,22.799999237060547,3000,0.0,0.0
2023-11-30 13:00:00+08:00,22.799999237060547,22.899999618530273,22.799999237060547,22.899999618530273,6000,0.0,0.0
2023-12-01 09:00:00+08:00,23.100000381469727,23.149999618530273,22.950000762939453,23.0,0,0.0,0.0
2023-12-01 10:00:00+08:00,22.950000762939453,22.950000762939453,22.850000381469727,22.899999618530273,44128,0.0,0.0
2023-12-01 11:00:00+08:00,22.899999618530273,22.899999618530273,22.799999237060547,22.850000381469727,35109,0.0,0.0
2023-12-01 12:00:00+08:00,22.850000381469727,22.899999618530273,22.850000381469727,22.899999618530273,13000,0.0,0.0
2023-12-01 13:00:00+08:00,22.850000381469727,23.0,22.850000381469727,23.0,13000,0.0,0.0
2023-12-04 09:00:00+08:00,22.899999618530273,23.0,22.850000381469727,22.850000381469727,0,0.0,0.0
2023-12-04 10:00:00+08:00,22.899999618530273,22.899999618530273,22.850000381469727,22.899999618530273,6000,0.0,0.0
2023-12-04 11:00:00+08:00,23.0,23.0,22.899999618530273,22.899999618530273,6000,0.0,0.0
2023-12-04 12:00:00+08:00,22.899999618530273,23.049999237060547,22.899999618530273,23.0,58000,0.0,0.0
2023-12-04 13:00:00+08:00,22.950000762939453,23.0,22.950000762939453,23.0,6000,0.0,0.0
2023-12-05 09:00:00+08:00,22.950000762939453,23.0,22.850000381469727,22.899999618530273,0,0.0,0.0
2023-12-05 10:00:00+08:00,22.850000381469727,22.899999618530273,22.700000762939453,22.75,15090,0.0,0.0
2023-12-05 11:00:00+08:00,22.75,22.75,22.700000762939453,22.700000762939453,12000,0.0,0.0
2023-12-05 12:00:00+08:00,22.75,22.75,22.75,22.75,8000,0.0,0.0
2023-12-05 13:00:00+08:00,22.75,22.75,22.700000762939453,22.75,24000,0.0,0.0
2023-12-06 09:00:00+08:00,22.700000762939453,22.799999237060547,22.700000762939453,22.799999237060547,0,0.0,0.0
2023-12-06 10:00:00+08:00,22.75,22.75,22.700000762939453,22.700000762939453,18000,0.0,0.0
2023-12-06 11:00:00+08:00,22.700000762939453,22.75,22.700000762939453,22.75,18000,0.0,0.0
2023-12-06 12:00:00+08:00,22.75,22.799999237060547,22.75,22.799999237060547,13000,0.0,0.0
2023-12-06 13:00:00+08:00,22.799999237060547,22.799999237060547,22.799999237060547,22.799999237060547,6000,0.0,0.0
2023-12-07 09:00:00+08:00,22.899999618530273,22.899999618530273,22.799999237060547,22.799999237060547,0,0.0,0.0
2023-12-07 10:00:00+08:00,22.799999237060547,22.799999237060547,22.75,22.75,26110,0.0,0.0
2023-12-07 11:00:00+08:00,22.75,22.75,22.75,22.75,1104,0.0,0.0
2023-12-07 12:00:00+08:00,22.75,22.75,22.75,22.75,27000,0.0,0.0
2023-12-07 13:00:00+08:00,22.75,22.799999237060547,22.75,22.75,6000,0.0,0.0
2023-12-08 09:00:00+08:00,22.75,22.850000381469727,22.75,22.799999237060547,0,0.0,0.0
2023-12-08 10:00:00+08:00,22.799999237060547,22.850000381469727,22.799999237060547,22.850000381469727,17000,0.0,0.0
2023-12-08 11:00:00+08:00,22.799999237060547,22.950000762939453,22.799999237060547,22.950000762939453,43250,0.0,0.0
2023-12-08 12:00:00+08:00,22.899999618530273,22.899999618530273,22.799999237060547,22.799999237060547,33000,0.0,0.0
2023-12-08 13:00:00+08:00,22.799999237060547,22.799999237060547,22.799999237060547,22.799999237060547,7000,0.0,0.0
2023-12-11 09:00:00+08:00,22.899999618530273,23.049999237060547,22.899999618530273,22.950000762939453,0,0.0,0.0
2023-12-11 10:00:00+08:00,22.950000762939453,23.0,22.899999618530273,22.899999618530273,33000,0.0,0.0
2023-12-11 11:00:00+08:00,22.899999618530273,22.899999618530273,22.850000381469727,22.850000381469727,26010,0.0,0.0
2023-12-11 12:00:00+08:00,22.899999618530273,22.950000762939453,22.899999618530273,22.950000762939453,16000,0.0,0.0
2023-12-11 13:00:00+08:00,22.950000762939453,22.950000762939453,22.850000381469727,22.850000381469727,9100,0.0,0.0
2023-12-12 09:00:00+08:00,22.950000762939453,23.100000381469727,22.799999237060547,22.950000762939453,0,0.0,0.0
2023-12-12 10:00:00+08:00,22.850000381469727,22.850000381469727,22.850000381469727,22.850000381469727,3000,0.0,0.0
2023-12-12 11:00:00+08:00,22.899999618530273,22.950000762939453,22.899999618530273,22.899999618530273,6000,0.0,0.0
2023-12-12 12:00:00+08:00,22.899999618530273,22.899999618530273,22.850000381469727,22.899999618530273,10418,0.0,0.0
2023-12-12 13:00:00+08:00,22.899999618530273,22.950000762939453,22.850000381469727,22.950000762939453,12180,0.0,0.0
2023-12-13 09:00:00+08:00,22.649999618530273,22.799999237060547,22.649999618530273,22.75,21139,0.0,0.0
2023-12-13 10:00:00+08:00,22.75,22.75,22.75,22.75,5050,0.0,0.0
2023-12-13 11:00:00+08:00,22.75,22.799999237060547,22.75,22.799999237060547,3050,0.0,0.0
2023-12-13 12:00:00+08:00,22.75,22.799999237060547,22.75,22.75,24247,0.0,0.0
2023-12-13 13:00:00+08:00,22.75,22.799999237060547,22.75,22.799999237060547,31000,0.0,0.0
2023-12-14 09:00:00+08:00,22.899999618530273,22.899999618530273,22.850000381469727,22.850000381469727,0,0.0,0.0
2023-12-14 10:00:00+08:00,22.799999237060547,22.799999237060547,22.700000762939453,22.75,53078,0.0,0.0
2023-12-14 11:00:00+08:00,22.75,22.75,22.700000762939453,22.700000762939453,42000,0.0,0.0
2023-12-14 12:00:00+08:00,22.700000762939453,22.700000762939453,22.649999618530273,22.700000762939453,10000,0.0,0.0
2023-12-14 13:00:00+08:00,22.649999618530273,22.700000762939453,22.649999618530273,22.700000762939453,47000,0.0,0.0
2023-12-15 09:00:00+08:00,22.950000762939453,22.950000762939453,22.700000762939453,22.75,0,0.0,0.0
2023-12-15 10:00:00+08:00,22.649999618530273,22.700000762939453,22.649999618530273,22.649999618530273,16146,0.0,0.0
2023-12-15 11:00:00+08:00,22.700000762939453,22.700000762939453,22.649999618530273,22.649999618530273,26000,0.0,0.0
2023-12-15 12:00:00+08:00,22.649999618530273,22.700000762939453,22.649999618530273,22.700000762939453,34000,0.0,0.0
2023-12-15 13:00:00+08:00,22.700000762939453,22.700000762939453,22.649999618530273,22.700000762939453,13153,0.0,0.0
2023-12-18 09:00:00+08:00,22.700000762939453,22.700000762939453,22.700000762939453,22.700000762939453,0,0.0,0.0
2023-12-18 10:00:00+08:00,22.700000762939453,22.700000762939453,22.700000762939453,22.700000762939453,7000,0.0,0.0
2023-12-18 11:00:00+08:00,22.649999618530273,22.649999618530273,22.600000381469727,22.600000381469727,21616,0.0,0.0
2023-12-18 12:00:00+08:00,22.600000381469727,22.600000381469727,22.549999237060547,22.600000381469727,14000,0.0,0.0
2023-12-18 13:00:00+08:00,22.600000381469727,22.600000381469727,22.549999237060547,22.600000381469727,27000,0.0,0.0
2023-12-19 09:00:00+08:00,22.649999618530273,22.649999618530273,22.600000381469727,22.600000381469727,18100,0.0,0.0
2023-12-19 10:00:00+08:00,22.600000381469727,22.649999618530273,22.549999237060547,22.649999618530273,21000,0.0,0.0
2023-12-19 11:00:00+08:00,22.649999618530273,22.649999618530273,22.600000381469727,22.600000381469727,12000,0.0,0.0
2023-12-19 12:00:00+08:00,22.600000381469727,22.649999618530273,22.600000381469727,22.649999618530273,7000,0.0,0.0
2023-12-19 13:00:00+08:00,22.600000381469727,22.600000381469727,22.600000381469727,22.600000381469727,7000,0.0,0.0
2023-12-20 09:00:00+08:00,22.600000381469727,22.75,22.600000381469727,22.75,0,0.0,0.0
2023-12-20 10:00:00+08:00,22.75,22.899999618530273,22.75,22.850000381469727,46000,0.0,0.0
2023-12-20 11:00:00+08:00,22.850000381469727,22.899999618530273,22.850000381469727,22.850000381469727,11030,0.0,0.0
2023-12-20 12:00:00+08:00,22.850000381469727,22.899999618530273,22.799999237060547,22.850000381469727,19000,0.0,0.0
2023-12-20 13:00:00+08:00,22.899999618530273,22.899999618530273,22.899999618530273,22.899999618530273,36001,0.0,0.0
2023-12-21 09:00:00+08:00,22.950000762939453,23.399999618530273,22.899999618530273,23.200000762939453,70957,0.0,0.0
2023-12-21 10:00:00+08:00,23.200000762939453,23.200000762939453,23.149999618530273,23.149999618530273,11050,0.0,0.0
2023-12-21 11:00:00+08:00,23.149999618530273,23.149999618530273,23.100000381469727,23.100000381469727,19000,0.0,0.0
2023-12-21 12:00:00+08:00,23.149999618530273,23.149999618530273,23.049999237060547,23.049999237060547,22002,0.0,0.0
2023-12-21 13:00:00+08:00,23.049999237060547,23.049999237060547,22.950000762939453,23.0,18010,0.0,0.0
2023-12-22 09:00:00+08:00,23.0,23.200000762939453,23.0,23.100000381469727,28000,0.0,0.0
2023-12-22 10:00:00+08:00,23.100000381469727,23.399999618530273,23.100000381469727,23.200000762939453,142485,0.0,0.0
2023-12-22 11:00:00+08:00,23.200000762939453,23.200000762939453,23.200000762939453,23.200000762939453,13023,0.0,0.0
2023-12-22 12:00:00+08:00,23.200000762939453,23.200000762939453,23.049999237060547,23.100000381469727,54971,0.0,0.0
2023-12-22 13:00:00+08:00,23.049999237060547,23.100000381469727,23.049999237060547,23.049999237060547,24000,0.0,0.0
2023-12-25 09:00:00+08:00,23.299999237060547,23.299999237060547,23.0,23.049999237060547,0,0.0,0.0
2023-12-25 10:00:00+08:00,23.049999237060547,23.149999618530273,23.049999237060547,23.149999618530273,40000,0.0,0.0
2023-12-25 11:00:00+08:00,23.100000381469727,23.100000381469727,23.100000381469727,23.100000381469727,32000,0.0,0.0
2023-12-25 12:00:00+08:00,23.049999237060547,23.049999237060547,23.0,23.0,13031,0.0,0.0
2023-12-25 13:00:00+08:00,23.0,23.0,23.0,23.0,6012,0.0,0.0
2023-12-26 09:00:00+08:00,23.0,23.049999237060547,23.0,23.0,0,0.0,0.0
2023-12-26 10:00:00+08:00,23.0,23.049999237060547,23.0,23.0,11000,0.0,0.0
2023-12-26 11:00:00+08:00,23.0,23.0,23.0,23.0,6002,0.0,0.0
2023-12-26 12:00:00+08:00,23.0,23.049999237060547,23.0,23.0,30100,0.0,0.0
2023-12-26 13:00:00+08:00,23.0,23.0,22.950000762939453,23.0,12075,0.0,0.0
2023-12-27 09:00:00+08:00,23.100000381469727,23.299999237060547,22.950000762939453,23.299999237060547,38884,0.0,0.0
2023-12-27 10:00:00+08:00,23.25,24.0,23.149999618530273,23.5,558862,0.0,0.0
2023-12-27 11:00:00+08:00,23.5,23.700000762939453,23.5,23.700000762939453,103239,0.0,0.0
2023-12-27 12:00:00+08:00,23.600000381469727,24.850000381469727,23.549999237060547,24.549999237060547,736444,0.0,0.0
2023-12-27 13:00:00+08:00,24.549999237060547,24.549999237060547,24.299999237060547,24.399999618530273,169310,0.0,0.0
2023-12-28 09:00:00+08:00,24.600000381469727,24.799999237060547,23.600000381469727,23.600000381469727,0,0.0,0.0
2023-12-28 10:00:00+08:00,23.75,24.049999237060547,23.600000381469727,23.799999237060547,322016,0.0,0.0
2023-12-28 11:00:00+08:00,23.799999237060547,24.299999237060547,23.799999237060547,24.100000381469727,115631,0.0,0.0
2023-12-28 12:00:00+08:00,24.149999618530273,24.149999618530273,24.049999237060547,24.100000381469727,52060,0.0,0.0
2023-12-28 13:00:00+08:00,24.049999237060547,24.100000381469727,24.0,24.049999237060547,89100,0.0,0.0
2023-12-29 09:00:00+08:00,24.0,24.0,23.899999618530273,23.950000762939453,0,0.0,0.0
2023-12-29 10:00:00+08:00,23.899999618530273,24.100000381469727,23.899999618530273,23.950000762939453,63299,0.0,0.0
2023-12-29 11:00:00+08:00,23.950000762939453,24.049999237060547,23.899999618530273,24.0,29000,0.0,0.0
2023-12-29 12:00:00+08:00,24.0,24.0,23.799999237060547,23.850000381469727,117454,0.0,0.0
2023-12-29 13:00:00+08:00,23.850000381469727,23.850000381469727,23.799999237060547,23.799999237060547,33331,0.0,0.0
2024-01-02 09:00:00+08:00,24.0,24.5,24.0,24.200000762939453,0,0.0,0.0
2024-01-02 10:00:00+08:00,24.200000762939453,24.200000762939453,24.049999237060547,24.049999237060547,95023,0.0,0.0
2024-01-02 11:00:00+08:00,24.049999237060547,24.299999237060547,24.049999237060547,24.25,103035,0.0,0.0
2024-01-02 12:00:00+08:00,24.200000762939453,24.200000762939453,24.200000762939453,24.200000762939453,30077,0.0,0.0
2024-01-02 13:00:00+08:00,24.200000762939453,24.25,24.100000381469727,24.100000381469727,50044,0.0,0.0
2024-01-03 09:00:00+08:00,24.600000381469727,25.549999237060547,24.399999618530273,25.25,833505,0.0,0.0
2024-01-03 10:00:00+08:00,25.299999237060547,25.350000381469727,24.350000381469727,24.5,1002770,0.0,0.0
2024-01-03 11:00:00+08:00,24.5,24.600000381469727,24.25,24.25,330062,0.0,0.0
2024-01-03 12:00:00+08:00,24.25,24.75,24.25,24.649999618530273,172151,0.0,0.0
2024-01-03 13:00:00+08:00,24.700000762939453,24.75,24.399999618530273,24.450000762939453,105647,0.0,0.0
2024-01-04 09:00:00+08:00,24.399999618530273,25.0,24.149999618530273,24.700000762939453,300839,0.0,0.0
2024-01-04 10:00:00+08:00,24.75,24.75,24.5,24.5,135099,0.0,0.0
2024-01-04 11:00:00+08:00,24.5,24.5,24.399999618530273,24.5,50052,0.0,0.0
2024-01-04 12:00:00+08:00,24.5,24.549999237060547,24.399999618530273,24.399999618530273,62562,0.0,0.0
2024-01-04 13:00:00+08:00,24.399999618530273,24.5,24.350000381469727,24.399999618530273,88000,0.0,0.0
2024-01-05 09:00:00+08:00,24.399999618530273,24.700000762939453,24.200000762939453,24.25,0,0.0,0.0
2024-01-05 10:00:00+08:00,24.200000762939453,24.25,24.200000762939453,24.25,63024,0.0,0.0
2024-01-05 11:00:00+08:00,24.299999237060547,24.299999237060547,24.200000762939453,24.25,45083,0.0,0.0
2024-01-05 12:00:00+08:00,24.25,24.25,24.049999237060547,24.049999237060547,137922,0.0,0.0
2024-01-05 13:00:00+08:00,24.0,24.049999237060547,23.799999237060547,24.049999237060547,108161,0.0,0.0
2024-01-08 09:00:00+08:00,24.299999237060547,24.350000381469727,24.0,24.100000381469727,0,0.0,0.0
2024-01-08 10:00:00+08:00,24.149999618530273,24.200000762939453,24.149999618530273,24.200000762939453,6000,0.0,0.0
2024-01-08 11:00:00+08:00,24.200000762939453,24.200000762939453,24.149999618530273,24.149999618530273,30100,0.0,0.0
2024-01-08 12:00:00+08:00,24.149999618530273,24.149999618530273,24.049999237060547,24.149999618530273,62000,0.0,0.0
2024-01-08 13:00:00+08:00,24.200000762939453,24.200000762939453,24.049999237060547,24.100000381469727,27000,0.0,0.0
2024-01-09 09:00:00+08:00,24.25,24.399999618530273,24.049999237060547,24.100000381469727,0,0.0,0.0
2024-01-09 10:00:00+08:00,24.100000381469727,24.100000381469727,24.0,24.100000381469727,60110,0.0,0.0
2024-01-09 11:00:00+08:00,24.100000381469727,24.100000381469727,23.899999618530273,24.0,109195,0.0,0.0
2024-01-09 12:00:00+08:00,24.0,24.0,23.950000762939453,24.0,10000,0.0,0.0
2024-01-09 13:00:00+08:00,23.950000762939453,23.950000762939453,23.899999618530273,23.899999618530273,31300,0.0,0.0
2024-01-10 09:00:00+08:00,23.600000381469727,24.049999237060547,23.600000381469727,24.0,0,0.0,0.0
2024-01-10 10:00:00+08:00,23.950000762939453,23.950000762939453,23.649999618530273,23.649999618530273,65065,0.0,0.0
2024-01-10 11:00:00+08:00,23.649999618530273,23.649999618530273,23.5,23.549999237060547,75305,0.0,0.0
2024-01-10 12:00:00+08:00,23.549999237060547,23.75,23.549999237060547,23.700000762939453,24012,0.0,0.0
2024-01-10 13:00:00+08:00,23.700000762939453,23.700000762939453,23.600000381469727,23.649999618530273,34000,0.0,0.0
2024-01-11 09:00:00+08:00,23.5,23.75,23.5,23.75,0,0.0,0.0
2024-01-11 10:00:00+08:00,23.75,23.799999237060547,23.75,23.799999237060547,6000,0.0,0.0
2024-01-11 11:00:00+08:00,23.799999237060547,23.799999237060547,23.649999618530273,23.649999618530273,31000,0.0,0.0
2024-01-11 12:00:00+08:00,23.75,23.75,23.700000762939453,23.700000762939453,16000,0.0,0.0
2024-01-11 13:00:00+08:00,23.700000762939453,23.799999237060547,23.700000762939453,23.799999237060547,11000,0.0,0.0
2024-01-12 09:00:00+08:00,23.75,24.0,23.700000762939453,24.0,28059,0.0,0.0
2024-01-12 10:00:00+08:00,24.0,24.0,23.899999618530273,23.899999618530273,19000,0.0,0.0
2024-01-12 11:00:00+08:00,23.899999618530273,23.899999618530273,23.850000381469727,23.850000381469727,16000,0.0,0.0
2024-01-12 12:00:00+08:00,23.850000381469727,23.899999618530273,23.850000381469727,23.899999618530273,29080,0.0,0.0
2024-01-12 13:00:00+08:00,23.899999618530273,23.899999618530273,23.850000381469727,23.850000381469727,38000,0.0,0.0
2024-01-15 09:00:00+08:00,24.200000762939453,24.25,23.950000762939453,24.0,0,0.0,0.0
2024-01-15 10:00:00+08:00,23.950000762939453,24.149999618530273,23.950000762939453,24.100000381469727,50000,0.0,0.0
2024-01-15 11:00:00+08:00,24.100000381469727,24.25,24.100000381469727,24.200000762939453,87041,0.0,0.0
2024-01-15 12:00:00+08:00,24.200000762939453,24.200000762939453,24.149999618530273,24.200000762939453,104000,0.0,0.0
2024-01-15 13:00:00+08:00,24.149999618530273,24.149999618530273,24.149999618530273,24.149999618530273,30000,0.0,0.0
2024-01-16 09:00:00+08:00,24.149999618530273,24.200000762939453,24.0,24.049999237060547,0,0.0,0.0
2024-01-16 10:00:00+08:00,24.049999237060547,24.049999237060547,24.049999237060547,24.049999237060547,1071,0.0,0.0
2024-01-16 11:00:00+08:00,24.100000381469727,24.399999618530273,24.100000381469727,24.399999618530273,127000,0.0,0.0
2024-01-16 12:00:00+08:00,24.25,24.299999237060547,23.950000762939453,23.950000762939453,104000,0.0,0.0
2024-01-16 13:00:00+08:00,23.950000762939453,23.950000762939453,23.950000762939453,23.950000762939453,17000,0.0,0.0
2024-01-17 09:00:00+08:00,24.299999237060547,25.399999618530273,24.299999237060547,24.350000381469727,681734,0.0,0.0
2024-01-17 10:00:00+08:00,24.399999618530273,24.5,24.25,24.450000762939453,97010,0.0,0.0
2024-01-17 11:00:00+08:00,24.450000762939453,24.450000762939453,23.700000762939453,23.799999237060547,271037,0.0,0.0
2024-01-17 12:00:00+08:00,23.799999237060547,24.049999237060547,23.700000762939453,23.950000762939453,96044,0.0,0.0
2024-01-17 13:00:00+08:00,23.950000762939453,24.149999618530273,23.850000381469727,24.0,167000,0.0,0.0
2024-01-18 09:00:00+08:00,24.0,24.0,23.799999237060547,23.799999237060547,0,0.0,0.0
2024-01-18 10:00:00+08:00,23.799999237060547,23.899999618530273,23.75,23.799999237060547,34025,0.0,0.0
2024-01-18 11:00:00+08:00,23.75,23.950000762939453,23.700000762939453,23.950000762939453,39061,0.0,0.0
2024-01-18 12:00:00+08:00,23.950000762939453,24.0,23.950000762939453,23.950000762939453,34083,0.0,0.0
2024-01-18 13:00:00+08:00,24.0,24.0,23.950000762939453,23.950000762939453,9000,0.0,0.0
2024-01-19 09:00:00+08:00,24.149999618530273,24.149999618530273,23.950000762939453,24.049999237060547,0,0.0,0.0
2024-01-19 10:00:00+08:00,24.049999237060547,24.049999237060547,24.0,24.0,5200,0.0,0.0
2024-01-19 11:00:00+08:00,23.950000762939453,23.950000762939453,23.799999237060547,23.799999237060547,43100,0.0,0.0
2024-01-19 12:00:00+08:00,23.850000381469727,23.899999618530273,23.850000381469727,23.850000381469727,14512,0.0,0.0
2024-01-19 13:00:00+08:00,23.899999618530273,24.0,23.899999618530273,24.0,26000,0.0,0.0
2024-01-22 09:00:00+08:00,24.200000762939453,24.200000762939453,24.049999237060547,24.049999237060547,25051,0.0,0.0
2024-01-22 10:00:00+08:00,24.049999237060547,24.100000381469727,24.049999237060547,24.100000381469727,8000,0.0,0.0
2024-01-22 11:00:00+08:00,24.100000381469727,24.100000381469727,24.0,24.100000381469727,38000,0.0,0.0
2024-01-22 12:00:00+08:00,24.149999618530273,24.149999618530273,24.049999237060547,24.100000381469727,27000,0.0,0.0
2024-01-22 13:00:00+08:00,24.100000381469727,24.100000381469727,24.049999237060547,24.049999237060547,9000,0.0,0.0
2024-01-23 09:00:00+08:00,25.100000381469727,25.100000381469727,24.600000381469727,24.700000762939453,285059,0.0,0.0
2024-01-23 10:00:00+08:00,24.700000762939453,25.049999237060547,24.450000762939453,25.049999237060547,634711,0.0,0.0
2024-01-23 11:00:00+08:00,25.100000381469727,25.5,24.899999618530273,25.0,564176,0.0,0.0
2024-01-23 12:00:00+08:00,24.899999618530273,25.299999237060547,24.700000762939453,24.899999618530273,336503,0.0,0.0
2024-01-23 13:00:00+08:00,24.950000762939453,24.950000762939453,24.799999237060547,24.950000762939453,57096,0.0,0.0
2024-01-24 09:00:00+08:00,25.149999618530273,25.299999237060547,24.850000381469727,25.200000762939453,519501,0.0,0.0
2024-01-24 10:00:00+08:00,25.149999618530273,25.25,25.049999237060547,25.100000381469727,184050,0.0,0.0
2024-01-24 11:00:00+08:00,25.100000381469727,25.200000762939453,25.049999237060547,25.049999237060547,91989,0.0,0.0
2024-01-24 12:00:00+08:00,25.0,25.100000381469727,24.899999618530273,25.100000381469727,198000,0.0,0.0
2024-01-24 13:00:00+08:00,25.100000381469727,25.100000381469727,24.950000762939453,24.950000762939453,63060,0.0,0.0
2024-01-25 09:00:00+08:00,25.149999618530273,25.25,24.899999618530273,24.899999618530273,0,0.0,0.0
2024-01-25 10:00:00+08:00,24.950000762939453,25.0,24.799999237060547,24.950000762939453,173000,0.0,0.0
2024-01-25 11:00:00+08:00,24.950000762939453,25.0,24.899999618530273,24.899999618530273,96053,0.0,0.0
2024-01-25 12:00:00+08:00,24.850000381469727,24.950000762939453,24.75,24.899999618530273,214613,0.0,0.0
2024-01-25 13:00:00+08:00,24.899999618530273,24.950000762939453,24.799999237060547,24.850000381469727,34000,0.0,0.0
2024-01-26 09:00:00+08:00,25.049999237060547,25.049999237060547,24.950000762939453,24.950000762939453,0,0.0,0.0
2024-01-26 10:00:00+08:00,24.950000762939453,24.950000762939453,24.549999237060547,24.799999237060547,285035,0.0,0.0
2024-01-26 11:00:00+08:00,24.850000381469727,24.850000381469727,24.700000762939453,24.700000762939453,16020,0.0,0.0
2024-01-26 12:00:00+08:00,24.649999618530273,24.700000762939453,24.5,24.5,137513,0.0,0.0
2024-01-26 13:00:00+08:00,24.549999237060547,24.799999237060547,24.549999237060547,24.649999618530273,50020,0.0,0.0
2024-01-29 09:00:00+08:00,24.5,24.549999237060547,24.350000381469727,24.399999618530273,0,0.0,0.0
2024-01-29 10:00:00+08:00,24.399999618530273,24.450000762939453,24.350000381469727,24.450000762939453,42000,0.0,0.0
2024-01-29 11:00:00+08:00,24.399999618530273,24.399999618530273,24.350000381469727,24.399999618530273,50080,0.0,0.0
2024-01-29 12:00:00+08:00,24.399999618530273,24.399999618530273,24.299999237060547,24.399999618530273,0,0.0,0.0
2024-01-29 13:00:00+08:00,24.399999618530273,24.399999618530273,24.350000381469727,24.350000381469727,210192,0.0,0.0
2024-01-30 09:00:00+08:00,24.700000762939453,24.700000762939453,24.25,24.299999237060547,0,0.0,0.0
2024-01-30 10:00:00+08:00,24.350000381469727,24.399999618530273,24.200000762939453,24.299999237060547,56000,0.0,0.0
2024-01-30 11:00:00+08:00,24.299999237060547,24.350000381469727,24.200000762939453,24.200000762939453,22082,0.0,0.0
2024-01-30 12:00:00+08:00,24.200000762939453,24.299999237060547,24.149999618530273,24.25,22010,0.0,0.0
2024-01-30 13:00:00+08:00,24.25,24.25,24.200000762939453,24.200000762939453,6000,0.0,0.0
2024-01-31 09:00:00+08:00,24.25,24.450000762939453,24.200000762939453,24.450000762939453,152000,0.0,0.0
2024-01-31 10:00:00+08:00,24.450000762939453,24.5,24.299999237060547,24.299999237060547,31040,0.0,0.0
2024-01-31 11:00:00+08:00,24.299999237060547,24.450000762939453,24.149999618530273,24.149999618530273,116250,0.0,0.0
2024-01-31 12:00:00+08:00,24.25,24.299999237060547,24.25,24.299999237060547,12000,0.0,0.0
2024-01-31 13:00:00+08:00,24.25,24.299999237060547,24.200000762939453,24.25,33500,0.0,0.0
2024-02-01 09:00:00+08:00,24.399999618530273,24.399999618530273,24.100000381469727,24.100000381469727,0,0.0,0.0
2024-02-01 10:00:00+08:00,24.100000381469727,24.149999618530273,24.100000381469727,24.100000381469727,25032,0.0,0.0
2024-02-01 11:00:00+08:00,24.149999618530273,24.200000762939453,24.149999618530273,24.200000762939453,3000,0.0,0.0
2024-02-01 12:00:00+08:00,24.149999618530273,24.149999618530273,24.100000381469727,24.100000381469727,22153,0.0,0.0
2024-02-01 13:00:00+08:00,24.100000381469727,24.25,24.100000381469727,24.25,24000,0.0,0.0
2024-02-02 09:00:00+08:00,24.350000381469727,24.350000381469727,24.100000381469727,24.149999618530273,39000,0.0,0.0
2024-02-02 10:00:00+08:00,24.149999618530273,24.149999618530273,24.0,24.0,61000,0.0,0.0
2024-02-02 11:00:00+08:00,24.0,24.100000381469727,24.0,24.0,47000,0.0,0.0
2024-02-02 12:00:00+08:00,24.0,24.0,23.899999618530273,24.0,67145,0.0,0.0
2024-02-02 13:00:00+08:00,24.0,24.0,23.899999618530273,23.899999618530273,24084,0.0,0.0
2024-02-05 09:00:00+08:00,23.600000381469727,23.700000762939453,23.5,23.549999237060547,0,0.0,0.0
2024-02-05 10:00:00+08:00,23.549999237060547,23.600000381469727,23.399999618530273,23.399999618530273,101225,0.0,0.0
2024-02-05 11:00:00+08:00,23.5,23.549999237060547,23.399999618530273,23.450000762939453,34548,0.0,0.0
2024-02-05 12:00:00+08:00,23.399999618530273,23.450000762939453,23.399999618530273,23.450000762939453,25114,0.0,0.0
2024-02-05 13:00:00+08:00,23.450000762939453,23.450000762939453,23.399999618530273,23.450000762939453,25059,0.0,0.0
2024-02-15 09:00:00+08:00,23.399999618530273,23.75,22.549999237060547,23.399999618530273,0,0.0,0.0
2024-02-15 10:00:00+08:00,23.5,23.549999237060547,23.5,23.549999237060547,10000,0.0,0.0
2024-02-15 11:00:00+08:00,23.549999237060547,23.549999237060547,23.399999618530273,23.450000762939453,15000,0.0,0.0
2024-02-15 12:00:00+08:00,23.5,23.549999237060547,23.5,23.5,24000,0.0,0.0
2024-02-15 13:00:00+08:00,23.5,23.549999237060547,23.399999618530273,23.5,25000,0.0,0.0
2024-02-16 09:00:00+08:00,23.549999237060547,23.600000381469727,23.399999618530273,23.600000381469727,50170,0.0,0.0
2024-02-16 10:00:00+08:00,23.549999237060547,23.649999618530273,23.450000762939453,23.649999618530273,91500,0.0,0.0
2024-02-16 11:00:00+08:00,23.700000762939453,23.799999237060547,23.649999618530273,23.700000762939453,46075,0.0,0.0
2024-02-16 12:00:00+08:00,23.700000762939453,23.75,23.700000762939453,23.75,11312,0.0,0.0
2024-02-16 13:00:00+08:00,23.799999237060547,23.850000381469727,23.649999618530273,23.700000762939453,14000,0.0,0.0
2024-02-19 09:00:00+08:00,23.75,23.899999618530273,23.5,23.899999618530273,0,0.0,0.0
2024-02-19 10:00:00+08:00,23.899999618530273,23.899999618530273,23.75,23.899999618530273,28000,0.0,0.0
2024-02-19 11:00:00+08:00,23.950000762939453,24.049999237060547,23.950000762939453,23.950000762939453,34000,0.0,0.0
2024-02-19 12:00:00+08:00,23.899999618530273,24.100000381469727,23.899999618530273,23.950000762939453,67010,0.0,0.0
2024-02-19 13:00:00+08:00,23.950000762939453,24.0,23.899999618530273,24.0,19200,0.0,0.0
2024-02-20 09:00:00+08:00,24.25,24.399999618530273,24.200000762939453,24.200000762939453,0,0.0,0.0
2024-02-20 10:00:00+08:00,24.200000762939453,24.25,24.049999237060547,24.25,58000,0.0,0.0
2024-02-20 11:00:00+08:00,24.200000762939453,24.299999237060547,24.200000762939453,24.200000762939453,23147,0.0,0.0
2024-02-20 12:00:00+08:00,24.200000762939453,24.299999237060547,24.200000762939453,24.200000762939453,30599,0.0,0.0
2024-02-20 13:00:00+08:00,24.200000762939453,24.299999237060547,24.149999618530273,24.299999237060547,69350,0.0,0.0
2024-02-21 09:00:00+08:00,24.450000762939453,24.450000762939453,24.149999618530273,24.149999618530273,0,0.0,0.0
2024-02-21 10:00:00+08:00,24.149999618530273,24.149999618530273,23.950000762939453,24.0,126025,0.0,0.0
2024-02-21 11:00:00+08:00,24.0,24.149999618530273,24.0,24.100000381469727,25063,0.0,0.0
2024-02-21 12:00:00+08:00,24.100000381469727,24.149999618530273,23.950000762939453,23.950000762939453,56568,0.0,0.0
2024-02-21 13:00:00+08:00,24.0,24.049999237060547,24.0,24.0,8064,0.0,0.0
2024-02-22 09:00:00+08:00,24.299999237060547,24.299999237060547,23.799999237060547,23.899999618530273,0,0.0,0.0
2024-02-22 10:00:00+08:00,23.850000381469727,23.899999618530273,23.850000381469727,23.899999618530273,24000,0.0,0.0
2024-02-22 11:00:00+08:00,23.899999618530273,23.950000762939453,23.799999237060547,23.950000762939453,47000,0.0,0.0
2024-02-22 12:00:00+08:00,23.950000762939453,24.049999237060547,23.950000762939453,24.0,45080,0.0,0.0
2024-02-22 13:00:00+08:00,24.0,24.0,23.950000762939453,23.950000762939453,24000,0.0,0.0
2024-02-23 09:00:00+08:00,23.950000762939453,23.950000762939453,23.799999237060547,23.799999237060547,59001,0.0,0.0
2024-02-23 10:00:00+08:00,23.850000381469727,24.5,23.799999237060547,24.25,307011,0.0,0.0
2024-02-23 11:00:00+08:00,24.25,24.25,24.100000381469727,24.200000762939453,57000,0.0,0.0
2024-02-23 12:00:00+08:00,24.100000381469727,24.149999618530273,24.049999237060547,24.149999618530273,43100,0.0,0.0
2024-02-23 13:00:00+08:00,24.200000762939453,24.200000762939453,24.100000381469727,24.100000381469727,49380,0.0,0.0
2024-02-26 09:00:00+08:00,24.0,24.200000762939453,23.950000762939453,23.950000762939453,0,0.0,0.0
2024-02-26 10:00:00+08:00,24.049999237060547,24.100000381469727,23.950000762939453,24.049999237060547,111060,0.0,0.0
2024-02-26 11:00:00+08:00,24.100000381469727,24.100000381469727,23.950000762939453,24.0,32000,0.0,0.0
2024-02-26 12:00:00+08:00,24.0,24.100000381469727,24.0,24.100000381469727,56000,0.0,0.0
2024-02-26 13:00:00+08:00,24.149999618530273,24.200000762939453,24.049999237060547,24.049999237060547,28000,0.0,0.0
2024-02-27 09:00:00+08:00,24.049999237060547,25.25,24.049999237060547,24.350000381469727,282328,0.0,0.0
2024-02-27 10:00:00+08:00,24.299999237060547,24.5,24.100000381469727,24.25,142659,0.0,0.0
2024-02-27 11:00:00+08:00,24.299999237060547,24.399999618530273,24.25,24.299999237060547,69074,0.0,0.0
2024-02-27 12:00:00+08:00,24.350000381469727,24.850000381469727,24.25,24.799999237060547,400707,0.0,0.0
2024-02-27 13:00:00+08:00,24.799999237060547,24.899999618530273,24.649999618530273,24.850000381469727,228810,0.0,0.0
2024-02-29 09:00:00+08:00,24.799999237060547,24.850000381469727,24.600000381469727,24.799999237060547,0,0.0,0.0
2024-02-29 10:00:00+08:00,24.799999237060547,25.149999618530273,24.799999237060547,24.899999618530273,284179,0.0,0.0
2024-02-29 11:00:00+08:00,24.899999618530273,24.950000762939453,24.799999237060547,24.850000381469727,117237,0.0,0.0
2024-02-29 12:00:00+08:00,24.899999618530273,25.049999237060547,24.899999618530273,24.899999618530273,277624,0.0,0.0
2024-02-29 13:00:00+08:00,24.850000381469727,25.0,24.850000381469727,25.0,52281,0.0,0.0
2024-03-01 09:00:00+08:00,24.950000762939453,25.100000381469727,24.799999237060547,24.850000381469727,0,0.0,0.0
2024-03-01 10:00:00+08:00,24.899999618530273,24.950000762939453,24.850000381469727,24.950000762939453,44000,0.0,0.0
2024-03-01 11:00:00+08:00,24.950000762939453,24.950000762939453,24.850000381469727,24.850000381469727,35090,0.0,0.0
2024-03-01 12:00:00+08:00,24.899999618530273,25.100000381469727,24.899999618530273,25.049999237060547,133172,0.0,0.0
2024-03-01 13:00:00+08:00,25.049999237060547,25.25,25.049999237060547,25.200000762939453,200329,0.0,0.0
2024-03-04 09:00:00+08:00,25.25,25.450000762939453,24.950000762939453,25.0,0,0.0,0.0
2024-03-04 10:00:00+08:00,25.049999237060547,25.100000381469727,25.0,25.0,188004,0.0,0.0
2024-03-04 11:00:00+08:00,25.0,25.0,24.850000381469727,24.950000762939453,152827,0.0,0.0
2024-03-04 12:00:00+08:00,24.950000762939453,24.950000762939453,24.850000381469727,24.950000762939453,102078,0.0,0.0
2024-03-04 13:00:00+08:00,24.899999618530273,24.950000762939453,24.850000381469727,24.850000381469727,154190,0.0,0.0
2024-03-05 09:00:00+08:00,25.0,25.25,25.0,25.0,0,0.0,0.0
2024-03-05 10:00:00+08:00,25.0,25.100000381469727,25.0,25.0,109060,0.0,0.0
2024-03-05 11:00:00+08:00,25.0,25.049999237060547,24.950000762939453,25.0,112032,0.0,0.0
2024-03-05 12:00:00+08:00,25.0,25.149999618530273,24.950000762939453,25.149999618530273,244183,0.0,0.0
2024-03-05 13:00:00+08:00,25.149999618530273,25.200000762939453,25.100000381469727,25.100000381469727,37140,0.0,0.0
2024-03-06 09:00:00+08:00,25.149999618530273,25.25,25.100000381469727,25.25,0,0.0,0.0
2024-03-06 10:00:00+08:00,25.25,25.700000762939453,25.25,25.649999618530273,508646,0.0,0.0
2024-03-06 11:00:00+08:00,25.649999618530273,25.950000762939453,25.600000381469727,25.950000762939453,467192,0.0,0.0
2024-03-06 12:00:00+08:00,25.950000762939453,25.950000762939453,25.799999237060547,25.899999618530273,178351,0.0,0.0
2024-03-06 13:00:00+08:00,25.850000381469727,25.850000381469727,25.700000762939453,25.75,119159,0.0,0.0
2024-03-07 09:00:00+08:00,26.200000762939453,26.200000762939453,25.600000381469727,25.850000381469727,0,0.0,0.0
2024-03-07 10:00:00+08:00,25.850000381469727,25.850000381469727,25.549999237060547,25.700000762939453,142000,0.0,0.0
2024-03-07 11:00:00+08:00,25.75,25.899999618530273,25.700000762939453,25.700000762939453,132874,0.0,0.0
2024-03-07 12:00:00+08:00,25.700000762939453,25.700000762939453,25.600000381469727,25.700000762939453,81472,0.0,0.0
2024-03-07 13:00:00+08:00,25.700000762939453,25.700000762939453,25.600000381469727,25.700000762939453,104100,0.0,0.0
2024-03-08 09:00:00+08:00,25.700000762939453,25.75,24.850000381469727,25.149999618530273,473581,0.0,0.0
2024-03-08 10:00:00+08:00,25.149999618530273,25.200000762939453,24.700000762939453,24.799999237060547,329844,0.0,0.0
2024-03-08 11:00:00+08:00,24.799999237060547,24.799999237060547,24.5,24.700000762939453,278289,0.0,0.0
2024-03-08 12:00:00+08:00,24.700000762939453,24.899999618530273,24.600000381469727,24.899999618530273,57242,0.0,0.0
2024-03-08 13:00:00+08:00,24.899999618530273,24.899999618530273,24.75,24.75,40000,0.0,0.0
2024-03-11 09:00:00+08:00,24.700000762939453,25.200000762939453,24.700000762939453,25.100000381469727,0,0.0,0.0
2024-03-11 10:00:00+08:00,25.100000381469727,25.100000381469727,25.0,25.0,44153,0.0,0.0
2024-03-11 11:00:00+08:00,25.0,25.0,24.899999618530273,25.0,97012,0.0,0.0
2024-03-11 12:00:00+08:00,25.0,25.0,24.799999237060547,24.799999237060547,142008,0.0,0.0
2024-03-11 13:00:00+08:00,24.799999237060547,24.899999618530273,24.75,24.899999618530273,101200,0.0,0.0
2024-03-12 09:00:00+08:00,25.0,25.0,24.75,24.850000381469727,0,0.0,0.0
2024-03-12 10:00:00+08:00,24.850000381469727,25.0,24.850000381469727,25.0,43275,0.0,0.0
2024-03-12 11:00:00+08:00,25.0,25.049999237060547,24.950000762939453,24.950000762939453,32090,0.0,0.0
2024-03-12 12:00:00+08:00,24.899999618530273,24.950000762939453,24.899999618530273,24.950000762939453,22000,0.0,0.0
2024-03-12 13:00:00+08:00,24.950000762939453,25.0,24.950000762939453,24.950000762939453,20000,0.0,0.0
2024-03-13 09:00:00+08:00,25.0,25.100000381469727,24.600000381469727,24.799999237060547,100720,0.0,0.0
2024-03-13 10:00:00+08:00,24.75,24.799999237060547,24.600000381469727,24.700000762939453,44000,0.0,0.0
2024-03-13 11:00:00+08:00,24.700000762939453,24.700000762939453,24.600000381469727,24.649999618530273,57624,0.0,0.0
2024-03-13 12:00:00+08:00,24.649999618530273,24.649999618530273,24.5,24.5,85144,0.0,0.0
2024-03-13 13:00:00+08:00,24.549999237060547,24.600000381469727,24.549999237060547,24.549999237060547,52000,0.0,0.0
2024-03-14 09:00:00+08:00,24.649999618530273,24.649999618530273,24.399999618530273,24.649999618530273,0,0.0,0.0
2024-03-14 10:00:00+08:00,24.600000381469727,24.600000381469727,24.549999237060547,24.549999237060547,13059,0.0,0.0
2024-03-14 11:00:00+08:00,24.600000381469727,24.649999618530273,24.600000381469727,24.649999618530273,12000,0.0,0.0
2024-03-14 12:00:00+08:00,24.600000381469727,24.600000381469727,24.5,24.5,50003,0.0,0.0
2024-03-14 13:00:00+08:00,24.5,24.5,24.399999618530273,24.5,21012,0.0,0.0
2024-03-15 09:00:00+08:00,24.25,24.450000762939453,24.200000762939453,24.350000381469727,0,0.0,0.0
2024-03-15 10:00:00+08:00,24.399999618530273,24.450000762939453,24.350000381469727,24.450000762939453,89000,0.0,0.0
2024-03-15 11:00:00+08:00,24.450000762939453,24.549999237060547,24.450000762939453,24.450000762939453,16000,0.0,0.0
2024-03-15 12:00:00+08:00,24.5,24.549999237060547,24.5,24.5,69010,0.0,0.0
2024-03-15 13:00:00+08:00,24.5,24.600000381469727,24.450000762939453,24.549999237060547,26085,0.0,0.0
2024-03-18 09:00:00+08:00,24.5,24.5,24.299999237060547,24.350000381469727,0,0.0,0.0
2024-03-18 10:00:00+08:00,24.350000381469727,24.450000762939453,24.350000381469727,24.450000762939453,15213,0.0,0.0
2024-03-18 11:00:00+08:00,24.5,24.600000381469727,24.5,24.600000381469727,39012,0.0,0.0
2024-03-18 12:00:00+08:00,24.600000381469727,24.600000381469727,24.5,24.5,43100,0.0,0.0
2024-03-18 13:00:00+08:00,24.5,24.549999237060547,24.5,24.549999237060547,6103,0.0,0.0
2024-03-19 09:00:00+08:00,24.600000381469727,24.649999618530273,24.5,24.600000381469727,0,0.0,0.0
2024-03-19 10:00:00+08:00,24.600000381469727,24.799999237060547,24.600000381469727,24.700000762939453,52118,0.0,0.0
2024-03-19 11:00:00+08:00,24.700000762939453,24.700000762939453,24.649999618530273,24.649999618530273,33213,0.0,0.0
2024-03-19 12:00:00+08:00,24.649999618530273,24.649999618530273,24.649999618530273,24.649999618530273,0,0.0,0.0
2024-03-19 13:00:00+08:00,24.649999618530273,24.649999618530273,24.600000381469727,24.649999618530273,141477,0.0,0.0
2024-03-20 09:00:00+08:00,24.600000381469727,24.649999618530273,24.549999237060547,24.600000381469727,29000,0.0,0.0
2024-03-20 10:00:00+08:00,24.600000381469727,24.600000381469727,24.549999237060547,24.549999237060547,20000,0.0,0.0
2024-03-20 11:00:00+08:00,24.549999237060547,24.600000381469727,24.549999237060547,24.600000381469727,27000,0.0,0.0
2024-03-20 12:00:00+08:00,24.549999237060547,24.649999618530273,24.549999237060547,24.600000381469727,49000,0.0,0.0
2024-03-20 13:00:00+08:00,24.600000381469727,24.600000381469727,24.549999237060547,24.549999237060547,10050,0.0,0.0
2024-03-21 09:00:00+08:00,24.75,24.75,24.649999618530273,24.75,22192,0.0,0.0
2024-03-21 10:00:00+08:00,24.75,24.75,24.600000381469727,24.649999618530273,60039,0.0,0.0
2024-03-21 11:00:00+08:00,24.649999618530273,24.700000762939453,24.649999618530273,24.700000762939453,13090,0.0,0.0
2024-03-21 12:00:00+08:00,24.649999618530273,24.700000762939453,24.649999618530273,24.700000762939453,23111,0.0,0.0
2024-03-21 13:00:00+08:00,24.700000762939453,24.700000762939453,24.649999618530273,24.649999618530273,4021,0.0,0.0
2024-03-22 09:00:00+08:00,24.700000762939453,24.700000762939453,24.600000381469727,24.600000381469727,0,0.0,0.0
2024-03-22 10:00:00+08:00,24.649999618530273,24.649999618530273,24.600000381469727,24.600000381469727,23100,0.0,0.0
2024-03-22 11:00:00+08:00,24.600000381469727,24.649999618530273,24.600000381469727,24.649999618530273,24114,0.0,0.0
2024-03-22 12:00:00+08:00,24.649999618530273,24.649999618530273,24.600000381469727,24.649999618530273,10061,0.0,0.0
2024-03-22 13:00:00+08:00,24.649999618530273,24.649999618530273,24.600000381469727,24.649999618530273,24000,0.0,0.0
2024-03-25 09:00:00+08:00,24.75,24.75,24.549999237060547,24.549999237060547,37725,0.0,0.0
2024-03-25 10:00:00+08:00,24.600000381469727,24.600000381469727,24.549999237060547,24.600000381469727,18050,0.0,0.0
2024-03-25 11:00:00+08:00,24.600000381469727,24.649999618530273,24.600000381469727,24.649999618530273,7718,0.0,0.0
2024-03-25 12:00:00+08:00,24.700000762939453,24.75,24.649999618530273,24.649999618530273,19450,0.0,0.0
2024-03-25 13:00:00+08:00,24.700000762939453,24.700000762939453,24.649999618530273,24.649999618530273,7000,0.0,0.0
2024-03-26 09:00:00+08:00,24.649999618530273,24.649999618530273,24.600000381469727,24.649999618530273,0,0.0,0.0
2024-03-26 10:00:00+08:00,24.600000381469727,24.600000381469727,24.549999237060547,24.549999237060547,58000,0.0,0.0
2024-03-26 11:00:00+08:00,24.549999237060547,24.549999237060547,24.25,24.399999618530273,311118,0.0,0.0
2024-03-26 12:00:00+08:00,24.350000381469727,24.450000762939453,24.299999237060547,24.450000762939453,51230,0.0,0.0
2024-03-26 13:00:00+08:00,24.450000762939453,24.450000762939453,24.450000762939453,24.450000762939453,17000,0.0,0.0
2024-03-27 09:00:00+08:00,24.399999618530273,24.5,24.399999618530273,24.450000762939453,0,0.0,0.0
2024-03-27 10:00:00+08:00,24.399999618530273,24.5,24.399999618530273,24.5,27310,0.0,0.0
2024-03-27 11:00:00+08:00,24.5,24.549999237060547,24.5,24.549999237060547,16000,0.0,0.0
2024-03-27 12:00:00+08:00,24.5,24.600000381469727,24.5,24.600000381469727,26000,0.0,0.0
2024-03-27 13:00:00+08:00,24.700000762939453,24.700000762939453,24.450000762939453,24.5,144015,0.0,0.0
2024-03-28 09:00:00+08:00,24.549999237060547,24.549999237060547,24.5,24.5,0,0.0,0.0
2024-03-28 10:00:00+08:00,24.5,24.600000381469727,24.450000762939453,24.5,15519,0.0,0.0
2024-03-28 11:00:00+08:00,24.549999237060547,24.600000381469727,24.5,24.600000381469727,28459,0.0,0.0
2024-03-28 12:00:00+08:00,24.600000381469727,24.600000381469727,24.549999237060547,24.549999237060547,7000,0.0,0.0
2024-03-28 13:00:00+08:00,24.600000381469727,24.649999618530273,24.600000381469727,24.649999618530273,13000,0.0,0.0
2024-03-29 09:00:00+08:00,24.600000381469727,24.799999237060547,24.600000381469727,24.799999237060547,21200,0.0,0.0
2024-03-29 10:00:00+08:00,24.75,24.799999237060547,24.700000762939453,24.700000762939453,19000,0.0,0.0
2024-03-29 11:00:00+08:00,24.700000762939453,24.75,24.649999618530273,24.649999618530273,56000,0.0,0.0
2024-03-29 12:00:00+08:00,24.700000762939453,24.700000762939453,24.600000381469727,24.649999618530273,32183,0.0,0.0
2024-03-29 13:00:00+08:00,24.649999618530273,24.649999618530273,24.600000381469727,24.600000381469727,4000,0.0,0.0
2024-04-01 09:00:00+08:00,24.649999618530273,24.799999237060547,24.649999618530273,24.799999237060547,0,0.0,0.0
2024-04-01 10:00:00+08:00,24.75,24.75,24.649999618530273,24.649999618530273,4021,0.0,0.0
2024-04-01 11:00:00+08:00,24.649999618530273,24.75,24.649999618530273,24.75,11000,0.0,0.0
2024-04-01 12:00:00+08:00,24.700000762939453,24.700000762939453,24.700000762939453,24.700000762939453,5080,0.0,0.0
2024-04-01 13:00:00+08:00,24.75,24.75,24.700000762939453,24.700000762939453,15000,0.0,0.0
2024-04-02 09:00:00+08:00,24.75,25.75,24.75,25.299999237060547,328291,0.0,0.0
2024-04-02 10:00:00+08:00,25.299999237060547,25.299999237060547,25.100000381469727,25.200000762939453,101120,0.0,0.0
2024-04-02 11:00:00+08:00,25.25,25.25,25.100000381469727,25.149999618530273,93046,0.0,0.0
2024-04-02 12:00:00+08:00,25.149999618530273,25.149999618530273,25.0,25.049999237060547,345096,0.0,0.0
2024-04-02 13:00:00+08:00,24.950000762939453,25.200000762939453,24.950000762939453,25.149999618530273,112100,0.0,0.0
2024-04-03 09:00:00+08:00,25.0,25.0,24.850000381469727,24.899999618530273,0,0.0,0.0
2024-04-03 10:00:00+08:00,24.899999618530273,25.0,24.899999618530273,25.0,22000,0.0,0.0
2024-04-03 11:00:00+08:00,24.950000762939453,25.0,24.950000762939453,25.0,56000,0.0,0.0
2024-04-03 12:00:00+08:00,25.0,25.0,24.899999618530273,24.950000762939453,32101,0.0,0.0
2024-04-03 13:00:00+08:00,24.899999618530273,24.950000762939453,24.899999618530273,24.899999618530273,12000,0.0,0.0
2024-04-08 09:00:00+08:00,24.899999618530273,24.950000762939453,24.850000381469727,24.950000762939453,0,0.0,0.0
2024-04-08 10:00:00+08:00,24.950000762939453,24.950000762939453,24.950000762939453,24.950000762939453,41103,0.0,0.0
2024-04-08 11:00:00+08:00,24.950000762939453,24.950000762939453,24.899999618530273,24.950000762939453,16009,0.0,0.0
2024-04-08 12:00:00+08:00,24.950000762939453,24.950000762939453,24.899999618530273,24.950000762939453,28000,0.0,0.0
2024-04-08 13:00:00+08:00,25.0,25.100000381469727,25.0,25.049999237060547,57000,0.0,0.0
2024-04-09 09:00:00+08:00,25.0,25.100000381469727,25.0,25.100000381469727,0,0.0,0.0
2024-04-09 10:00:00+08:00,25.049999237060547,25.049999237060547,24.950000762939453,25.049999237060547,56134,0.0,0.0
2024-04-09 11:00:00+08:00,25.049999237060547,25.049999237060547,25.0,25.0,16021,0.0,0.0
2024-04-09 12:00:00+08:00,25.0,25.049999237060547,25.0,25.049999237060547,25025,0.0,0.0
2024-04-09 13:00:00+08:00,25.049999237060547,25.049999237060547,25.0,25.049999237060547,20185,0.0,0.0
2024-04-10 09:00:00+08:00,25.0,25.600000381469727,25.0,25.149999618530273,0,0.0,0.0
2024-04-10 10:00:00+08:00,25.200000762939453,25.200000762939453,25.100000381469727,25.100000381469727,42180,0.0,0.0
2024-04-10 11:00:00+08:00,25.100000381469727,25.100000381469727,25.049999237060547,25.049999237060547,12000,0.0,0.0
2024-04-10 12:00:00+08:00,25.049999237060547,25.100000381469727,25.049999237060547,25.100000381469727,40000,0.0,0.0
2024-04-10 13:00:00+08:00,25.100000381469727,25.100000381469727,25.049999237060547,25.049999237060547,7000,0.0,0.0
2024-04-11 09:00:00+08:00,25.0,25.100000381469727,24.899999618530273,25.0,0,0.0,0.0
2024-04-11 10:00:00+08:00,25.100000381469727,25.200000762939453,25.100000381469727,25.149999618530273,63208,0.0,0.0
2024-04-11 11:00:00+08:00,25.149999618530273,25.149999618530273,25.100000381469727,25.100000381469727,21006,0.0,0.0
2024-04-11 12:00:00+08:00,25.049999237060547,25.049999237060547,25.0,25.0,22000,0.0,0.0
2024-04-11 13:00:00+08:00,25.0,25.0,24.950000762939453,24.950000762939453,8053,0.0,0.0
2024-04-12 09:00:00+08:00,25.0,25.350000381469727,25.0,25.200000762939453,291788,0.0,0.0
2024-04-12 10:00:00+08:00,25.200000762939453,25.200000762939453,25.049999237060547,25.100000381469727,39039,0.0,0.0
2024-04-12 11:00:00+08:00,25.100000381469727,25.100000381469727,25.049999237060547,25.049999237060547,29000,0.0,0.0
2024-04-12 12:00:00+08:00,25.049999237060547,25.049999237060547,25.0,25.049999237060547,40533,0.0,0.0
2024-04-12 13:00:00+08:00,25.049999237060547,25.049999237060547,25.0,25.049999237060547,35000,0.0,0.0
2024-04-15 09:00:00+08:00,24.850000381469727,25.0,24.799999237060547,24.850000381469727,0,0.0,0.0
2024-04-15 10:00:00+08:00,24.850000381469727,24.899999618530273,24.649999618530273,24.649999618530273,120570,0.0,0.0
2024-04-15 11:00:00+08:00,24.649999618530273,24.700000762939453,24.399999618530273,24.5,246069,0.0,0.0
2024-04-15 12:00:00+08:00,24.5,24.649999618530273,24.5,24.549999237060547,50039,0.0,0.0
2024-04-15 13:00:00+08:00,24.549999237060547,24.549999237060547,24.450000762939453,24.450000762939453,85000,0.0,0.0
2024-04-16 09:00:00+08:00,24.5,24.5,24.100000381469727,24.100000381469727,194186,0.0,0.0
2024-04-16 10:00:00+08:00,24.100000381469727,24.100000381469727,23.75,23.899999618530273,173112,0.0,0.0
2024-04-16 11:00:00+08:00,23.899999618530273,23.899999618530273,23.799999237060547,23.799999237060547,116000,0.0,0.0
2024-04-16 12:00:00+08:00,23.799999237060547,23.850000381469727,23.700000762939453,23.700000762939453,72045,0.0,0.0
2024-04-16 13:00:00+08:00,23.700000762939453,23.799999237060547,23.700000762939453,23.799999237060547,14014,0.0,0.0
2024-04-17 09:00:00+08:00,24.0,24.0,23.899999618530273,24.0,0,0.0,0.0
2024-04-17 10:00:00+08:00,24.149999618530273,24.149999618530273,24.149999618530273,24.149999618530273,3000,0.0,0.0
2024-04-17 11:00:00+08:00,24.149999618530273,24.399999618530273,24.149999618530273,24.149999618530273,105004,0.0,0.0
2024-04-17 12:00:00+08:00,24.149999618530273,24.25,24.100000381469727,24.100000381469727,100005,0.0,0.0
2024-04-17 13:00:00+08:00,24.100000381469727,24.200000762939453,24.100000381469727,24.200000762939453,21000,0.0,0.0
2024-04-18 09:00:00+08:00,24.049999237060547,24.100000381469727,23.75,24.100000381469727,21000,0.0,0.0
2024-04-18 10:00:00+08:00,24.100000381469727,24.149999618530273,24.049999237060547,24.149999618530273,37003,0.0,0.0
2024-04-18 11:00:00+08:00,24.149999618530273,24.200000762939453,24.100000381469727,24.149999618530273,118033,0.0,0.0
2024-04-18 12:00:00+08:00,24.149999618530273,24.149999618530273,24.100000381469727,24.100000381469727,11000,0.0,0.0
2024-04-18 13:00:00+08:00,24.100000381469727,24.149999618530273,24.049999237060547,24.100000381469727,29000,0.0,0.0
2024-04-19 09:00:00+08:00,23.950000762939453,23.950000762939453,23.700000762939453,23.700000762939453,0,0.0,0.0
2024-04-19 10:00:00+08:00,23.75,23.75,23.299999237060547,23.299999237060547,168500,0.0,0.0
2024-04-19 11:00:00+08:00,23.299999237060547,23.600000381469727,23.149999618530273,23.399999618530273,150605,0.0,0.0
2024-04-19 12:00:00+08:00,23.450000762939453,23.600000381469727,23.399999618530273,23.600000381469727,106399,0.0,0.0
2024-04-19 13:00:00+08:00,23.549999237060547,23.600000381469727,23.5,23.5,10000,0.0,0.0
2024-04-22 09:00:00+08:00,23.799999237060547,24.200000762939453,23.649999618530273,23.700000762939453,0,0.0,0.0
2024-04-22 10:00:00+08:00,23.799999237060547,23.799999237060547,23.350000381469727,23.399999618530273,173338,0.0,0.0
2024-04-22 11:00:00+08:00,23.399999618530273,23.5,23.399999618530273,23.399999618530273,28001,0.0,0.0
2024-04-22 12:00:00+08:00,23.549999237060547,23.549999237060547,23.450000762939453,23.5,13000,0.0,0.0
2024-04-22 13:00:00+08:00,23.450000762939453,23.5,23.450000762939453,23.5,27032,0.0,0.0
2024-04-23 09:00:00+08:00,23.799999237060547,23.799999237060547,23.649999618530273,23.649999618530273,0,0.0,0.0
2024-04-23 10:00:00+08:00,23.5,23.5,23.450000762939453,23.450000762939453,7000,0.0,0.0
2024-04-23 11:00:00+08:00,23.5,23.549999237060547,23.450000762939453,23.549999237060547,11000,0.0,0.0
2024-04-23 12:00:00+08:00,23.5,23.600000381469727,23.5,23.600000381469727,3000,0.0,0.0
2024-04-23 13:00:00+08:00,23.600000381469727,23.600000381469727,23.450000762939453,23.450000762939453,13000,0.0,0.0
2024-04-24 09:00:00+08:00,23.5,23.899999618530273,23.5,23.649999618530273,41040,0.0,0.0
2024-04-24 10:00:00+08:00,23.649999618530273,23.950000762939453,23.649999618530273,23.950000762939453,58000,0.0,0.0
2024-04-24 11:00:00+08:00,23.850000381469727,23.850000381469727,23.799999237060547,23.850000381469727,15001,0.0,0.0
2024-04-24 12:00:00+08:00,23.850000381469727,23.850000381469727,23.799999237060547,23.799999237060547,16157,0.0,0.0
2024-04-24 13:00:00+08:00,23.850000381469727,23.850000381469727,23.799999237060547,23.799999237060547,8143,0.0,0.0
2024-04-25 09:00:00+08:00,23.75,23.899999618530273,23.75,23.75,7000,0.0,0.0
2024-04-25 10:00:00+08:00,23.850000381469727,24.100000381469727,23.850000381469727,24.0,128007,0.0,0.0
2024-04-25 11:00:00+08:00,23.950000762939453,23.950000762939453,23.899999618530273,23.899999618530273,97000,0.0,0.0
2024-04-25 12:00:00+08:00,23.899999618530273,23.950000762939453,23.899999618530273,23.950000762939453,5001,0.0,0.0
2024-04-25 13:00:00+08:00,23.899999618530273,23.950000762939453,23.899999618530273,23.950000762939453,5000,0.0,0.0
2024-04-26 09:00:00+08:00,23.899999618530273,24.100000381469727,23.899999618530273,24.0,0,0.0,0.0
2024-04-26 10:00:00+08:00,23.950000762939453,23.950000762939453,23.899999618530273,23.899999618530273,22000,0.0,0.0
2024-04-26 11:00:00+08:00,23.950000762939453,24.0,23.950000762939453,24.0,15200,0.0,0.0
2024-04-26 12:00:00+08:00,24.0,24.0,23.899999618530273,23.950000762939453,9090,0.0,0.0
2024-04-26 13:00:00+08:00,23.899999618530273,23.899999618530273,23.899999618530273,23.899999618530273,15000,0.0,0.0
2024-04-29 09:00:00+08:00,23.950000762939453,24.149999618530273,23.950000762939453,24.049999237060547,0,0.0,0.0
2024-04-29 10:00:00+08:00,24.049999237060547,24.049999237060547,24.0,24.0,25016,0.0,0.0
2024-04-29 11:00:00+08:00,24.0,24.0,23.899999618530273,23.899999618530273,59200,0.0,0.0
2024-04-29 12:00:00+08:00,23.950000762939453,24.0,23.950000762939453,24.0,77041,0.0,0.0
2024-04-29 13:00:00+08:00,24.0,24.049999237060547,23.950000762939453,24.0,11045,0.0,0.0
2024-04-30 09:00:00+08:00,24.0,24.0,23.799999237060547,23.799999237060547,0,0.0,0.0
2024-04-30 10:00:00+08:00,23.799999237060547,24.0,23.799999237060547,24.0,33255,0.0,0.0
2024-04-30 11:00:00+08:00,24.0,24.0,23.899999618530273,23.899999618530273,6000,0.0,0.0
2024-04-30 12:00:00+08:00,23.950000762939453,23.950000762939453,23.899999618530273,23.899999618530273,22000,0.0,0.0
2024-04-30 13:00:00+08:00,23.899999618530273,23.950000762939453,23.850000381469727,23.950000762939453,26000,0.0,0.0
2024-05-02 09:00:00+08:00,24.149999618530273,24.200000762939453,24.100000381469727,24.149999618530273,0,0.0,0.0
2024-05-02 10:00:00+08:00,24.0,24.200000762939453,24.0,24.100000381469727,44004,0.0,0.0
2024-05-02 11:00:00+08:00,24.049999237060547,24.049999237060547,23.950000762939453,24.0,19747,0.0,0.0
2024-05-02 12:00:00+08:00,24.0,24.049999237060547,24.0,24.0,18000,0.0,0.0
2024-05-02 13:00:00+08:00,24.0,24.0,24.0,24.0,11000,0.0,0.0
2024-05-03 09:00:00+08:00,24.0,24.0,24.0,24.0,0,0.0,0.0
2024-05-03 10:00:00+08:00,24.0,24.0,23.850000381469727,23.899999618530273,72000,0.0,0.0
2024-05-03 11:00:00+08:00,23.899999618530273,24.0,23.899999618530273,23.950000762939453,83003,0.0,0.0
2024-05-03 12:00:00+08:00,23.950000762939453,23.950000762939453,23.899999618530273,23.950000762939453,13000,0.0,0.0
2024-05-03 13:00:00+08:00,23.950000762939453,23.950000762939453,23.899999618530273,23.950000762939453,27000,0.0,0.0
2024-05-06 09:00:00+08:00,23.950000762939453,24.049999237060547,23.950000762939453,23.950000762939453,0,0.0,0.0
2024-05-06 10:00:00+08:00,23.850000381469727,24.049999237060547,23.850000381469727,24.049999237060547,89051,0.0,0.0
2024-05-06 11:00:00+08:00,24.0,24.0,23.899999618530273,23.899999618530273,32005,0.0,0.0
2024-05-06 12:00:00+08:00,23.950000762939453,23.950000762939453,23.899999618530273,23.899999618530273,11049,0.0,0.0
2024-05-06 13:00:00+08:00,23.899999618530273,24.0,23.850000381469727,24.0,23000,0.0,0.0
2024-05-07 09:00:00+08:00,24.100000381469727,24.100000381469727,23.950000762939453,23.950000762939453,0,0.0,0.0
2024-05-07 10:00:00+08:00,23.950000762939453,23.950000762939453,23.899999618530273,23.899999618530273,51000,0.0,0.0
2024-05-07 11:00:00+08:00,23.899999618530273,23.899999618530273,23.899999618530273,23.899999618530273,9000,0.0,0.0
2024-05-07 12:00:00+08:00,23.899999618530273,23.899999618530273,23.899999618530273,23.899999618530273,5053,0.0,0.0
2024-05-07 13:00:00+08:00,23.899999618530273,23.899999618530273,23.850000381469727,23.850000381469727,9015,0.0,0.0
2024-05-08 09:00:00+08:00,23.850000381469727,23.899999618530273,23.850000381469727,23.850000381469727,0,0.0,0.0
2024-05-08 10:00:00+08:00,23.850000381469727,23.850000381469727,23.799999237060547,23.799999237060547,3000,0.0,0.0
2024-05-08 11:00:00+08:00,23.799999237060547,23.799999237060547,23.700000762939453,23.700000762939453,55000,0.0,0.0
2024-05-08 12:00:00+08:00,23.700000762939453,23.700000762939453,23.649999618530273,23.700000762939453,21003,0.0,0.0
2024-05-08 13:00:00+08:00,23.75,23.75,23.700000762939453,23.700000762939453,14015,0.0,0.0
2024-05-09 09:00:00+08:00,23.700000762939453,23.75,23.700000762939453,23.700000762939453,0,0.0,0.0
2024-05-09 10:00:00+08:00,23.75,23.75,23.700000762939453,23.700000762939453,36000,0.0,0.0
2024-05-09 11:00:00+08:00,23.700000762939453,23.700000762939453,23.649999618530273,23.649999618530273,22000,0.0,0.0
2024-05-09 12:00:00+08:00,23.649999618530273,23.649999618530273,23.549999237060547,23.549999237060547,41260,0.0,0.0
2024-05-09 13:00:00+08:00,23.600000381469727,23.600000381469727,23.549999237060547,23.549999237060547,13105,0.0,0.0
2024-05-10 09:00:00+08:00,23.799999237060547,23.799999237060547,23.600000381469727,23.799999237060547,0,0.0,0.0
2024-05-10 10:00:00+08:00,23.700000762939453,23.700000762939453,23.700000762939453,23.700000762939453,16000,0.0,0.0
2024-05-10 11:00:00+08:00,23.700000762939453,23.75,23.700000762939453,23.75,20000,0.0,0.0
2024-05-10 12:00:00+08:00,23.75,23.75,23.700000762939453,23.75,29015,0.0,0.0
2024-05-10 13:00:00+08:00,23.700000762939453,23.700000762939453,23.700000762939453,23.700000762939453,6000,0.0,0.0
2024-05-13 09:00:00+08:00,23.950000762939453,23.950000762939453,23.75,23.75,0,0.0,0.0
2024-05-13 10:00:00+08:00,23.799999237060547,23.799999237060547,23.75,23.799999237060547,19200,0.0,0.0
2024-05-13 11:00:00+08:00,23.799999237060547,23.799999237060547,23.75,23.75,6000,0.0,0.0
2024-05-13 12:00:00+08:00,23.75,23.75,23.700000762939453,23.75,39000,0.0,0.0
2024-05-13 13:00:00+08:00,23.700000762939453,23.899999618530273,23.700000762939453,23.75,15000,0.0,0.0
2024-05-14 09:00:00+08:00,23.75,23.799999237060547,23.75,23.799999237060547,0,0.0,0.0
2024-05-14 10:00:00+08:00,23.799999237060547,23.799999237060547,23.75,23.75,29000,0.0,0.0
2024-05-14 11:00:00+08:00,23.799999237060547,23.799999237060547,23.75,23.799999237060547,13286,0.0,0.0
2024-05-14 12:00:00+08:00,23.75,23.799999237060547,23.75,23.799999237060547,22002,0.0,0.0
2024-05-14 13:00:00+08:00,23.75,23.75,23.649999618530273,23.75,34120,0.0,0.0
2024-05-15 09:00:00+08:00,23.799999237060547,23.950000762939453,23.700000762939453,23.899999618530273,0,0.0,0.0
2024-05-15 10:00:00+08:00,23.899999618530273,23.899999618530273,23.799999237060547,23.799999237060547,31179,0.0,0.0
2024-05-15 11:00:00+08:00,23.799999237060547,23.899999618530273,23.799999237060547,23.850000381469727,12261,0.0,0.0
2024-05-15 12:00:00+08:00,23.899999618530273,23.899999618530273,23.700000762939453,23.700000762939453,26064,0.0,0.0
2024-05-15 13:00:00+08:00,23.700000762939453,23.700000762939453,23.700000762939453,23.700000762939453,15036,0.0,0.0
2024-05-16 09:00:00+08:00,23.799999237060547,23.950000762939453,23.799999237060547,23.799999237060547,61334,0.0,0.0
2024-05-16 10:00:00+08:00,23.850000381469727,23.899999618530273,23.850000381469727,23.899999618530273,22020,0.0,0.0
2024-05-16 11:00:00+08:00,23.899999618530273,23.899999618530273,23.850000381469727,23.850000381469727,46072,0.0,0.0
2024-05-16 12:00:00+08:00,23.850000381469727,23.899999618530273,23.850000381469727,23.850000381469727,21313,0.0,0.0
2024-05-16 13:00:00+08:00,23.899999618530273,23.899999618530273,23.850000381469727,23.850000381469727,9200,0.0,0.0
2024-05-17 09:00:00+08:00,23.850000381469727,23.899999618530273,23.850000381469727,23.899999618530273,0,0.0,0.0
2024-05-17 10:00:00+08:00,23.899999618530273,23.950000762939453,23.799999237060547,23.799999237060547,30050,0.0,0.0
2024-05-17 11:00:00+08:00,23.799999237060547,23.799999237060547,23.799999237060547,23.799999237060547,88082,0.0,0.0
2024-05-17 12:00:00+08:00,23.799999237060547,23.850000381469727,23.75,23.799999237060547,43000,0.0,0.0
2024-05-17 13:00:00+08:00,23.850000381469727,23.899999618530273,23.850000381469727,23.899999618530273,18000,0.0,0.0
2024-05-20 09:00:00+08:00,24.0,24.0,23.899999618530273,23.899999618530273,0,0.0,0.0
2024-05-20 10:00:00+08:00,23.950000762939453,24.0,23.950000762939453,24.0,39000,0.0,0.0
2024-05-20 11:00:00+08:00,23.950000762939453,23.950000762939453,23.850000381469727,23.850000381469727,58025,0.0,0.0
2024-05-20 12:00:00+08:00,23.899999618530273,23.899999618530273,23.899999618530273,23.899999618530273,14100,0.0,0.0
2024-05-20 13:00:00+08:00,23.950000762939453,23.950000762939453,23.899999618530273,23.899999618530273,7015,0.0,0.0
2024-05-21 09:00:00+08:00,23.850000381469727,24.0,23.850000381469727,23.850000381469727,0,0.0,0.0
2024-05-21 10:00:00+08:00,23.850000381469727,23.899999618530273,23.799999237060547,23.899999618530273,19000,0.0,0.0
2024-05-21 11:00:00+08:00,23.899999618530273,23.950000762939453,23.850000381469727,23.950000762939453,46080,0.0,0.0
2024-05-21 12:00:00+08:00,23.950000762939453,23.950000762939453,23.850000381469727,23.950000762939453,77000,0.0,0.0
2024-05-21 13:00:00+08:00,23.950000762939453,23.950000762939453,23.899999618530273,23.899999618530273,6200,0.0,0.0
2024-05-22 09:00:00+08:00,24.0,24.0,23.899999618530273,24.0,0,0.0,0.0
2024-05-22 10:00:00+08:00,24.0,24.0,23.950000762939453,23.950000762939453,10015,0.0,0.0
2024-05-22 11:00:00+08:00,23.950000762939453,23.950000762939453,23.899999618530273,23.899999618530273,14264,0.0,0.0
2024-05-22 12:00:00+08:00,23.899999618530273,23.899999618530273,23.899999618530273,23.899999618530273,10582,0.0,0.0
2024-05-22 13:00:00+08:00,23.950000762939453,23.950000762939453,23.899999618530273,23.950000762939453,22000,0.0,0.0
2024-05-23 09:00:00+08:00,23.950000762939453,23.950000762939453,23.75,23.850000381469727,0,0.0,0.0
2024-05-23 10:00:00+08:00,23.850000381469727,23.850000381469727,23.799999237060547,23.850000381469727,28000,0.0,0.0
2024-05-23 11:00:00+08:00,23.850000381469727,23.899999618530273,23.799999237060547,23.850000381469727,24198,0.0,0.0
2024-05-23 12:00:00+08:00,23.850000381469727,23.850000381469727,23.75,23.75,99002,0.0,0.0
2024-05-23 13:00:00+08:00,23.799999237060547,23.799999237060547,23.700000762939453,23.700000762939453,26175,0.0,0.0
2024-05-24 09:00:00+08:00,23.899999618530273,23.899999618530273,23.700000762939453,23.75,42000,0.0,0.0
2024-05-24 10:00:00+08:00,23.799999237060547,23.899999618530273,23.799999237060547,23.799999237060547,9000,0.0,0.0
2024-05-24 11:00:00+08:00,23.799999237060547,23.799999237060547,23.350000381469727,23.600000381469727,516000,0.0,0.0
2024-05-24 12:00:00+08:00,23.600000381469727,23.850000381469727,23.600000381469727,23.649999618530273,61398,0.0,0.0
2024-05-24 13:00:00+08:00,23.649999618530273,23.649999618530273,23.600000381469727,23.600000381469727,18035,0.0,0.0
2024-05-27 09:00:00+08:00,23.899999618530273,24.450000762939453,23.899999618530273,24.100000381469727,0,0.0,0.0
2024-05-27 10:00:00+08:00,24.149999618530273,24.25,24.149999618530273,24.200000762939453,37256,0.0,0.0
2024-05-27 11:00:00+08:00,24.200000762939453,24.200000762939453,23.950000762939453,24.0,137070,0.0,0.0
2024-05-27 12:00:00+08:00,24.049999237060547,24.100000381469727,24.0,24.049999237060547,39000,0.0,0.0
2024-05-27 13:00:00+08:00,24.049999237060547,24.100000381469727,24.049999237060547,24.049999237060547,45000,0.0,0.0
2024-05-28 09:00:00+08:00,24.100000381469727,24.25,24.0,24.149999618530273,0,0.0,0.0
2024-05-28 10:00:00+08:00,24.149999618530273,24.25,24.149999618530273,24.200000762939453,83000,0.0,0.0
2024-05-28 11:00:00+08:00,24.25,24.600000381469727,24.25,24.399999618530273,224150,0.0,0.0
2024-05-28 12:00:00+08:00,24.399999618530273,24.450000762939453,24.350000381469727,24.350000381469727,40000,0.0,0.0
2024-05-28 13:00:00+08:00,24.350000381469727,24.450000762939453,24.350000381469727,24.450000762939453,19112,0.0,0.0
2024-05-29 09:00:00+08:00,24.5,24.549999237060547,24.299999237060547,24.450000762939453,0,0.0,0.0
2024-05-29 10:00:00+08:00,24.350000381469727,24.450000762939453,24.350000381469727,24.350000381469727,68040,0.0,0.0
2024-05-29 11:00:00+08:00,24.350000381469727,24.450000762939453,24.299999237060547,24.450000762939453,25600,0.0,0.0
2024-05-29 12:00:00+08:00,24.399999618530273,24.450000762939453,24.399999618530273,24.399999618530273,20000,0.0,0.0
2024-05-29 13:00:00+08:00,24.399999618530273,24.450000762939453,24.350000381469727,24.350000381469727,34000,0.0,0.0
2024-05-30 09:00:00+08:00,24.299999237060547,24.600000381469727,24.25,24.600000381469727,0,0.0,0.0
2024-05-30 10:00:00+08:00,24.600000381469727,24.75,24.399999618530273,24.450000762939453,177010,0.0,0.0
2024-05-30 11:00:00+08:00,24.450000762939453,24.450000762939453,24.299999237060547,24.350000381469727,136195,0.0,0.0
2024-05-30 12:00:00+08:00,24.350000381469727,24.350000381469727,24.25,24.25,25000,0.0,0.0
2024-05-30 13:00:00+08:00,24.25,24.25,24.200000762939453,24.200000762939453,53015,0.0,0.0
2024-05-31 09:00:00+08:00,24.299999237060547,24.700000762939453,24.299999237060547,24.450000762939453,0,0.0,0.0
2024-05-31 10:00:00+08:00,24.5,24.549999237060547,24.5,24.5,44566,0.0,0.0
2024-05-31 11:00:00+08:00,24.5,24.600000381469727,24.450000762939453,24.549999237060547,50025,0.0,0.0
2024-05-31 12:00:00+08:00,24.549999237060547,24.549999237060547,24.5,24.5,43010,0.0,0.0
2024-05-31 13:00:00+08:00,24.549999237060547,24.549999237060547,24.5,24.5,15000,0.0,0.0
2024-06-03 09:00:00+08:00,24.600000381469727,25.0,24.600000381469727,24.899999618530273,45388,0.0,0.0
2024-06-03 10:00:00+08:00,24.899999618530273,24.899999618530273,24.799999237060547,24.799999237060547,45052,0.0,0.0
2024-06-03 11:00:00+08:00,24.799999237060547,24.850000381469727,24.75,24.799999237060547,46000,0.0,0.0
2024-06-03 12:00:00+08:00,24.799999237060547,24.850000381469727,24.799999237060547,24.799999237060547,0,0.0,0.0
2024-06-03 13:00:00+08:00,24.799999237060547,24.799999237060547,24.75,24.799999237060547,425216,0.0,0.0
2024-06-04 09:00:00+08:00,24.950000762939453,25.100000381469727,24.850000381469727,24.850000381469727,0,0.0,0.0
2024-06-04 10:00:00+08:00,24.850000381469727,24.899999618530273,24.75,24.75,71000,0.0,0.0
2024-06-04 11:00:00+08:00,24.75,24.799999237060547,24.700000762939453,24.75,86336,0.0,0.0
2024-06-04 12:00:00+08:00,24.75,24.799999237060547,24.75,24.799999237060547,31207,0.0,0.0
2024-06-04 13:00:00+08:00,24.75,24.75,24.700000762939453,24.75,27015,0.0,0.0
2024-06-05 09:00:00+08:00,24.850000381469727,24.850000381469727,24.649999618530273,24.75,0,0.0,0.0
2024-06-05 10:00:00+08:00,24.75,24.799999237060547,24.75,24.75,32001,0.0,0.0
2024-06-05 11:00:00+08:00,24.75,24.75,24.700000762939453,24.75,26000,0.0,0.0
2024-06-05 12:00:00+08:00,24.700000762939453,24.700000762939453,24.649999618530273,24.700000762939453,34396,0.0,0.0
2024-06-05 13:00:00+08:00,24.649999618530273,24.649999618530273,24.649999618530273,24.649999618530273,22007,0.0,0.0
2024-06-06 09:00:00+08:00,24.600000381469727,24.649999618530273,24.25,24.549999237060547,0,0.0,0.0
2024-06-06 10:00:00+08:00,24.450000762939453,24.450000762939453,24.299999237060547,24.350000381469727,51300,0.0,0.0
2024-06-06 11:00:00+08:00,24.350000381469727,24.350000381469727,24.299999237060547,24.350000381469727,18000,0.0,0.0
2024-06-06 12:00:00+08:00,24.350000381469727,24.350000381469727,24.350000381469727,24.350000381469727,6000,0.0,0.0
2024-06-06 13:00:00+08:00,24.350000381469727,24.350000381469727,24.25,24.350000381469727,42137,0.0,0.0
2024-06-07 09:00:00+08:00,24.5,24.600000381469727,24.350000381469727,24.350000381469727,0,0.0,0.0
2024-06-07 10:00:00+08:00,24.350000381469727,24.450000762939453,24.350000381469727,24.450000762939453,11000,0.0,0.0
2024-06-07 11:00:00+08:00,24.399999618530273,24.399999618530273,24.350000381469727,24.350000381469727,22055,0.0,0.0
2024-06-07 12:00:00+08:00,24.399999618530273,24.399999618530273,24.350000381469727,24.350000381469727,32000,0.0,0.0
2024-06-07 13:00:00+08:00,24.399999618530273,24.450000762939453,24.350000381469727,24.350000381469727,35020,0.0,0.0
2024-06-11 09:00:00+08:00,24.299999237060547,24.299999237060547,23.950000762939453,24.049999237060547,71430,0.0,0.0
2024-06-11 10:00:00+08:00,24.049999237060547,24.049999237060547,23.600000381469727,23.75,283165,0.0,0.0
2024-06-11 11:00:00+08:00,23.75,23.75,23.649999618530273,23.700000762939453,102417,0.0,0.0
2024-06-11 12:00:00+08:00,23.700000762939453,23.700000762939453,23.600000381469727,23.600000381469727,116153,0.0,0.0
2024-06-11 13:00:00+08:00,23.649999618530273,23.75,23.649999618530273,23.700000762939453,34000,0.0,0.0
2024-06-12 09:00:00+08:00,23.700000762939453,23.799999237060547,23.600000381469727,23.700000762939453,0,0.0,0.0
2024-06-12 10:00:00+08:00,23.700000762939453,23.700000762939453,23.649999618530273,23.700000762939453,21000,0.0,0.0
2024-06-12 11:00:00+08:00,23.700000762939453,23.75,23.649999618530273,23.649999618530273,103000,0.0,0.0
2024-06-12 12:00:00+08:00,23.649999618530273,23.700000762939453,23.649999618530273,23.649999618530273,67200,0.0,0.0
2024-06-12 13:00:00+08:00,23.700000762939453,23.850000381469727,23.649999618530273,23.850000381469727,74251,0.0,0.0
2024-06-13 09:00:00+08:00,23.75,23.75,23.600000381469727,23.649999618530273,0,0.0,0.0
2024-06-13 10:00:00+08:00,23.649999618530273,23.700000762939453,23.600000381469727,23.700000762939453,45459,0.0,0.0
2024-06-13 11:00:00+08:00,23.700000762939453,23.700000762939453,23.600000381469727,23.649999618530273,32010,0.0,0.0
2024-06-13 12:00:00+08:00,23.649999618530273,23.700000762939453,23.649999618530273,23.700000762939453,17000,0.0,0.0
2024-06-13 13:00:00+08:00,23.75,23.850000381469727,23.75,23.75,38010,0.0,0.0
2024-06-14 09:00:00+08:00,23.850000381469727,23.950000762939453,23.850000381469727,23.899999618530273,0,0.0,0.0
2024-06-14 10:00:00+08:00,23.899999618530273,23.950000762939453,23.899999618530273,23.950000762939453,22000,0.0,0.0
2024-06-14 11:00:00+08:00,23.899999618530273,23.950000762939453,23.899999618530273,23.899999618530273,32000,0.0,0.0
2024-06-14 12:00:00+08:00,23.850000381469727,23.950000762939453,23.850000381469727,23.950000762939453,81021,0.0,0.0
2024-06-14 13:00:00+08:00,23.950000762939453,23.950000762939453,23.850000381469727,23.950000762939453,75000,0.0,0.0
2024-06-17 09:00:00+08:00,23.850000381469727,24.0,23.850000381469727,24.0,0,0.0,0.0
2024-06-17 10:00:00+08:00,24.0,24.049999237060547,24.0,24.049999237060547,51037,0.0,0.0
2024-06-17 11:00:00+08:00,24.049999237060547,24.049999237060547,24.0,24.0,33047,0.0,0.0
2024-06-17 12:00:00+08:00,24.0,24.0,23.950000762939453,24.0,36000,0.0,0.0
2024-06-17 13:00:00+08:00,23.950000762939453,23.950000762939453,23.899999618530273,23.950000762939453,11159,0.0,0.0
2024-06-18 09:00:00+08:00,23.899999618530273,23.950000762939453,23.899999618530273,23.899999618530273,0,0.0,0.0
2024-06-18 10:00:00+08:00,23.899999618530273,23.950000762939453,23.899999618530273,23.899999618530273,20148,0.0,0.0
2024-06-18 11:00:00+08:00,23.950000762939453,23.950000762939453,23.850000381469727,23.850000381469727,14000,0.0,0.0
2024-06-18 12:00:00+08:00,23.850000381469727,23.899999618530273,23.850000381469727,23.850000381469727,27069,0.0,0.0
2024-06-18 13:00:00+08:00,23.850000381469727,23.899999618530273,23.850000381469727,23.899999618530273,11000,0.0,0.0
2024-06-19 09:00:00+08:00,23.850000381469727,24.049999237060547,23.850000381469727,23.899999618530273,0,0.0,0.0
2024-06-19 10:00:00+08:00,23.899999618530273,23.899999618530273,23.799999237060547,23.850000381469727,45000,0.0,0.0
2024-06-19 11:00:00+08:00,23.799999237060547,23.850000381469727,23.799999237060547,23.799999237060547,23180,0.0,0.0
2024-06-19 12:00:00+08:00,23.799999237060547,23.799999237060547,23.75,23.75,49058,0.0,0.0
2024-06-19 13:00:00+08:00,23.75,23.75,23.75,23.75,13000,0.0,0.0
2024-06-20 09:00:00+08:00,23.850000381469727,23.850000381469727,23.799999237060547,23.799999237060547,0,0.0,0.0
2024-06-20 10:00:00+08:00,23.799999237060547,23.850000381469727,23.799999237060547,23.799999237060547,14000,0.0,0.0
2024-06-20 11:00:00+08:00,23.850000381469727,23.850000381469727,23.799999237060547,23.850000381469727,13153,0.0,0.0
2024-06-20 12:00:00+08:00,23.899999618530273,23.899999618530273,23.850000381469727,23.850000381469727,37163,0.0,0.0
2024-06-20 13:00:00+08:00,23.850000381469727,23.899999618530273,23.850000381469727,23.899999618530273,32012,0.0,0.0
2024-06-21 09:00:00+08:00,23.950000762939453,23.950000762939453,23.899999618530273,23.899999618530273,0,0.0,0.0
2024-06-21 10:00:00+08:00,23.850000381469727,23.950000762939453,23.850000381469727,23.950000762939453,23000,0.0,0.0
2024-06-21 11:00:00+08:00,23.899999618530273,23.899999618530273,23.899999618530273,23.899999618530273,14000,0.0,0.0
2024-06-21 12:00:00+08:00,23.899999618530273,23.899999618530273,23.850000381469727,23.850000381469727,29000,0.0,0.0
2024-06-21 13:00:00+08:00,23.950000762939453,23.950000762939453,23.850000381469727,23.850000381469727,28000,0.0,0.0
2024-06-24 09:00:00+08:00,23.899999618530273,23.899999618530273,23.700000762939453,23.799999237060547,0,0.0,0.0
2024-06-24 10:00:00+08:00,23.75,23.75,23.700000762939453,23.700000762939453,46000,0.0,0.0
2024-06-24 11:00:00+08:00,23.700000762939453,23.799999237060547,23.700000762939453,23.799999237060547,19000,0.0,0.0
2024-06-24 12:00:00+08:00,23.75,23.75,23.700000762939453,23.75,55000,0.0,0.0
2024-06-24 13:00:00+08:00,23.700000762939453,23.75,23.700000762939453,23.75,13000,0.0,0.0
2024-06-25 09:00:00+08:00,23.700000762939453,23.700000762939453,23.5,23.700000762939453,0,0.0,0.0
2024-06-25 10:00:00+08:00,23.649999618530273,23.700000762939453,23.649999618530273,23.649999618530273,14053,0.0,0.0
2024-06-25 11:00:00+08:00,23.600000381469727,23.75,23.600000381469727,23.75,6097,0.0,0.0
2024-06-25 12:00:00+08:00,23.700000762939453,23.700000762939453,23.649999618530273,23.649999618530273,0,0.0,0.0
2024-06-25 13:00:00+08:00,23.649999618530273,23.700000762939453,23.649999618530273,23.700000762939453,164170,0.0,0.0
2024-06-26 09:00:00+08:00,23.799999237060547,25.0,23.799999237060547,24.549999237060547,593248,0.0,0.0
2024-06-26 10:00:00+08:00,24.5,25.299999237060547,24.5,25.299999237060547,694590,0.0,0.0
2024-06-26 11:00:00+08:00,25.299999237060547,25.299999237060547,24.600000381469727,24.649999618530273,190235,0.0,0.0
2024-06-26 12:00:00+08:00,24.700000762939453,24.75,24.600000381469727,24.700000762939453,62287,0.0,0.0
2024-06-26 13:00:00+08:00,24.700000762939453,24.799999237060547,24.600000381469727,24.600000381469727,49050,0.0,0.0
2024-06-27 09:00:00+08:00,24.549999237060547,25.100000381469727,24.549999237060547,24.899999618530273,0,0.0,0.0
2024-06-27 10:00:00+08:00,24.799999237060547,24.899999618530273,24.75,24.75,80000,0.0,0.0
2024-06-27 11:00:00+08:00,24.799999237060547,24.799999237060547,24.5,24.5,57434,0.0,0.0
2024-06-27 12:00:00+08:00,24.5,24.899999618530273,24.5,24.75,63000,0.0,0.0
2024-06-27 13:00:00+08:00,24.700000762939453,24.700000762939453,24.549999237060547,24.600000381469727,19000,0.0,0.0
2024-06-28 09:00:00+08:00,24.5,24.600000381469727,24.350000381469727,24.399999618530273,0,0.0,0.0
2024-06-28 10:00:00+08:00,24.450000762939453,24.549999237060547,24.350000381469727,24.350000381469727,87000,0.0,0.0
2024-06-28 11:00:00+08:00,24.350000381469727,24.600000381469727,24.350000381469727,24.549999237060547,23000,0.0,0.0
2024-06-28 12:00:00+08:00,24.549999237060547,24.549999237060547,24.5,24.5,26000,0.0,0.0
2024-06-28 13:00:00+08:00,24.549999237060547,24.600000381469727,24.5,24.5,17000,0.0,0.0
2024-07-01 09:00:00+08:00,24.649999618530273,24.700000762939453,24.450000762939453,24.549999237060547,0,0.0,0.0
2024-07-01 10:00:00+08:00,24.5,24.549999237060547,24.5,24.549999237060547,12000,0.0,0.0
2024-07-01 11:00:00+08:00,24.5,24.600000381469727,24.5,24.600000381469727,39024,0.0,0.0
2024-07-01 12:00:00+08:00,24.549999237060547,24.600000381469727,24.549999237060547,24.549999237060547,30000,0.0,0.0
2024-07-01 13:00:00+08:00,24.549999237060547,24.549999237060547,24.5,24.5,36000,0.0,0.0
2024-07-02 09:00:00+08:00,24.5,24.5,24.350000381469727,24.350000381469727,0,0.0,0.0
2024-07-02 10:00:00+08:00,24.399999618530273,24.5,24.399999618530273,24.5,16000,0.0,0.0
2024-07-02 11:00:00+08:00,24.399999618530273,24.399999618530273,24.350000381469727,24.399999618530273,34080,0.0,0.0
2024-07-02 12:00:00+08:00,24.399999618530273,24.399999618530273,24.350000381469727,24.350000381469727,36000,0.0,0.0
2024-07-02 13:00:00+08:00,24.350000381469727,24.399999618530273,24.350000381469727,24.350000381469727,26002,0.0,0.0
2024-07-03 09:00:00+08:00,24.399999618530273,24.799999237060547,24.399999618530273,24.75,76615,0.0,0.0
2024-07-03 10:00:00+08:00,24.799999237060547,25.100000381469727,24.75,24.899999618530273,221619,0.0,0.0
2024-07-03 11:00:00+08:00,24.850000381469727,24.950000762939453,24.850000381469727,24.899999618530273,84050,0.0,0.0
2024-07-03 12:00:00+08:00,24.899999618530273,25.299999237060547,24.899999618530273,25.25,390197,0.0,0.0
2024-07-03 13:00:00+08:00,25.299999237060547,25.299999237060547,25.149999618530273,25.25,112113,0.0,0.0
2024-07-04 09:00:00+08:00,25.350000381469727,25.850000381469727,25.350000381469727,25.450000762939453,794248,0.0,0.0
2024-07-04 10:00:00+08:00,25.450000762939453,25.5,25.149999618530273,25.200000762939453,244081,0.0,0.0
2024-07-04 11:00:00+08:00,25.25,25.299999237060547,25.200000762939453,25.200000762939453,50250,0.0,0.0
2024-07-04 12:00:00+08:00,25.25,25.299999237060547,25.200000762939453,25.25,97180,0.0,0.0
2024-07-04 13:00:00+08:00,25.25,25.450000762939453,25.25,25.350000381469727,52020,0.0,0.0
2024-07-05 09:00:00+08:00,25.5,26.100000381469727,25.5,26.0,0,0.0,0.0
2024-07-05 10:00:00+08:00,26.0,26.049999237060547,25.649999618530273,25.700000762939453,422657,0.0,0.0
2024-07-05 11:00:00+08:00,25.700000762939453,26.0,25.700000762939453,25.899999618530273,354798,0.0,0.0
2024-07-05 12:00:00+08:00,25.899999618530273,26.0,25.799999237060547,25.850000381469727,389587,0.0,0.0
2024-07-05 13:00:00+08:00,25.899999618530273,25.899999618530273,25.75,25.75,296020,0.0,0.0
2024-07-08 09:00:00+08:00,26.450000762939453,28.450000762939453,26.350000381469727,28.450000762939453,4383271,0.0,0.0
2024-07-08 10:00:00+08:00,28.450000762939453,28.450000762939453,28.100000381469727,28.450000762939453,2630573,0.0,0.0
2024-07-08 11:00:00+08:00,28.450000762939453,28.450000762939453,28.100000381469727,28.450000762939453,1419167,0.0,0.0
2024-07-08 12:00:00+08:00,28.450000762939453,28.450000762939453,28.450000762939453,28.450000762939453,721886,0.0,0.0
2024-07-08 13:00:00+08:00,28.450000762939453,28.450000762939453,27.200000762939453,27.350000381469727,1767126,0.0,0.0
2024-07-09 09:00:00+08:00,27.549999237060547,28.799999237060547,26.75,26.850000381469727,3915049,0.0,0.0
2024-07-09 10:00:00+08:00,26.850000381469727,28.25,26.850000381469727,27.75,906553,0.0,0.0
2024-07-09 11:00:00+08:00,27.75,28.299999237060547,27.649999618530273,28.25,593088,0.0,0.0
2024-07-09 12:00:00+08:00,28.200000762939453,28.799999237060547,27.899999618530273,28.200000762939453,1832449,0.0,0.0
2024-07-09 13:00:00+08:00,28.200000762939453,28.350000381469727,28.049999237060547,28.149999618530273,453834,0.0,0.0
2024-07-10 09:00:00+08:00,28.200000762939453,28.5,27.75,28.25,1150302,0.0,0.0
2024-07-10 10:00:00+08:00,28.299999237060547,29.799999237060547,28.25,28.950000762939453,2416541,0.0,0.0
2024-07-10 11:00:00+08:00,28.950000762939453,28.950000762939453,28.75,28.899999618530273,396884,0.0,0.0
2024-07-10 12:00:00+08:00,28.899999618530273,28.950000762939453,28.600000381469727,28.75,630786,0.0,0.0
2024-07-10 13:00:00+08:00,28.75,30.950000762939453,28.700000762939453,30.899999618530273,5967882,0.0,0.0
2024-07-11 09:00:00+08:00,32.04999923706055,32.599998474121094,30.5,31.149999618530273,10229533,0.0,0.0
2024-07-11 10:00:00+08:00,31.149999618530273,31.399999618530273,30.600000381469727,30.700000762939453,1693888,0.0,0.0
2024-07-11 11:00:00+08:00,30.649999618530273,30.899999618530273,29.950000762939453,30.350000381469727,2027913,0.0,0.0
2024-07-11 12:00:00+08:00,30.350000381469727,30.5,29.899999618530273,30.399999618530273,1507685,0.0,0.0
2024-07-11 13:00:00+08:00,30.399999618530273,30.549999237060547,30.0,30.100000381469727,1125115,0.0,0.0
2024-07-12 09:00:00+08:00,29.950000762939453,32.650001525878906,29.399999618530273,31.399999618530273,7936270,0.0,0.0
2024-07-12 10:00:00+08:00,31.399999618530273,31.799999237060547,30.649999618530273,30.899999618530273,1850330,0.0,0.0
2024-07-12 11:00:00+08:00,30.899999618530273,32.29999923706055,30.700000762939453,31.700000762939453,2754481,0.0,0.0
2024-07-12 12:00:00+08:00,31.700000762939453,32.5,31.299999237060547,32.20000076293945,1829947,0.0,0.0
2024-07-12 13:00:00+08:00,32.150001525878906,33.0,31.850000381469727,32.0,3480306,0.0,0.0
2024-07-15 09:00:00+08:00,32.150001525878906,32.5,30.950000762939453,31.700000762939453,0,0.0,0.0
2024-07-15 10:00:00+08:00,31.700000762939453,31.75,31.200000762939453,31.399999618530273,425097,0.0,0.0
2024-07-15 11:00:00+08:00,31.350000381469727,31.549999237060547,31.100000381469727,31.100000381469727,516430,0.0,0.0
2024-07-15 12:00:00+08:00,31.100000381469727,31.299999237060547,31.0,31.100000381469727,564710,0.0,0.0
2024-07-15 13:00:00+08:00,31.100000381469727,31.5,31.0,31.5,842895,0.0,0.0
2024-07-16 09:00:00+08:00,31.649999618530273,31.649999618530273,30.399999618530273,30.649999618530273,2166988,0.0,0.0
2024-07-16 10:00:00+08:00,30.700000762939453,31.399999618530273,30.700000762939453,31.100000381469727,634242,0.0,0.0
2024-07-16 11:00:00+08:00,31.25,32.400001525878906,31.0,32.099998474121094,1251589,0.0,0.0
2024-07-16 12:00:00+08:00,32.04999923706055,32.79999923706055,31.700000762939453,31.799999237060547,2236121,0.0,0.0
2024-07-16 13:00:00+08:00,31.799999237060547,32.04999923706055,31.700000762939453,31.700000762939453,489580,0.0,0.0
2024-07-17 09:00:00+08:00,32.5,32.54999923706055,31.600000381469727,31.950000762939453,1636349,0.0,0.0
2024-07-17 10:00:00+08:00,31.950000762939453,32.04999923706055,31.649999618530273,31.649999618530273,591170,0.0,0.0
2024-07-17 11:00:00+08:00,31.649999618530273,31.850000381469727,31.549999237060547,31.75,411422,0.0,0.0
2024-07-17 12:00:00+08:00,31.75,31.899999618530273,31.549999237060547,31.75,390442,0.0,0.0
2024-07-17 13:00:00+08:00,31.700000762939453,31.75,30.799999237060547,31.200000762939453,1061070,0.0,0.0
2024-07-18 09:00:00+08:00,30.899999618530273,31.450000762939453,30.200000762939453,30.799999237060547,823381,0.0,0.0
2024-07-18 10:00:00+08:00,30.850000381469727,31.0,30.299999237060547,30.649999618530273,564651,0.0,0.0
2024-07-18 11:00:00+08:00,30.600000381469727,31.100000381469727,30.450000762939453,30.700000762939453,255802,0.0,0.0
2024-07-18 12:00:00+08:00,30.649999618530273,30.75,30.5,30.700000762939453,180657,0.0,0.0
2024-07-18 13:00:00+08:00,30.700000762939453,31.049999237060547,30.649999618530273,30.899999618530273,241518,0.0,0.0
2024-07-19 09:00:00+08:00,31.0,31.600000381469727,30.649999618530273,30.700000762939453,751300,0.0,0.0
2024-07-19 10:00:00+08:00,30.700000762939453,30.799999237060547,30.5,30.600000381469727,262309,0.0,0.0
2024-07-19 11:00:00+08:00,30.600000381469727,30.600000381469727,30.350000381469727,30.399999618530273,279460,0.0,0.0
2024-07-19 12:00:00+08:00,30.399999618530273,30.450000762939453,30.0,30.0,577426,0.0,0.0
2024-07-19 13:00:00+08:00,30.0,30.25,29.950000762939453,30.149999618530273,301148,0.0,0.0
2024-07-22 09:00:00+08:00,30.100000381469727,30.200000762939453,29.0,29.0,0,0.0,0.0
2024-07-22 10:00:00+08:00,29.049999237060547,29.200000762939453,28.0,28.899999618530273,696221,0.0,0.0
2024-07-22 11:00:00+08:00,28.899999618530273,29.299999237060547,28.75,29.0,512360,0.0,0.0
2024-07-22 12:00:00+08:00,29.0,29.100000381469727,28.700000762939453,28.799999237060547,274386,0.0,0.0
2024-07-22 13:00:00+08:00,28.799999237060547,29.049999237060547,28.649999618530273,28.850000381469727,298409,0.0,0.0
2024-07-23 09:00:00+08:00,29.100000381469727,29.850000381469727,28.600000381469727,28.799999237060547,820727,0.0,0.0
2024-07-23 10:00:00+08:00,28.799999237060547,28.899999618530273,28.399999618530273,28.399999618530273,425632,0.0,0.0
2024-07-23 11:00:00+08:00,28.399999618530273,28.75,28.200000762939453,28.5,224558,0.0,0.0
2024-07-23 12:00:00+08:00,28.5,28.5,28.049999237060547,28.149999618530273,297411,0.0,0.0
2024-07-23 13:00:00+08:00,28.149999618530273,28.200000762939453,28.100000381469727,28.100000381469727,133169,0.0,0.0
2024-07-26 09:00:00+08:00,27.0,27.25,26.100000381469727,27.100000381469727,515709,0.0,0.0
2024-07-26 10:00:00+08:00,27.0,28.799999237060547,27.0,28.25,475300,0.0,0.0
2024-07-26 11:00:00+08:00,28.200000762939453,28.299999237060547,27.950000762939453,28.049999237060547,161617,0.0,0.0
2024-07-26 12:00:00+08:00,28.049999237060547,28.299999237060547,28.049999237060547,28.149999618530273,124183,0.0,0.0
2024-07-26 13:00:00+08:00,28.149999618530273,28.149999618530273,27.899999618530273,27.899999618530273,169350,0.0,0.0
2024-07-29 09:00:00+08:00,28.100000381469727,28.200000762939453,27.5,27.549999237060547,0,0.0,0.0
2024-07-29 10:00:00+08:00,27.549999237060547,27.549999237060547,26.799999237060547,27.100000381469727,437071,0.0,0.0
2024-07-29 11:00:00+08:00,27.100000381469727,27.5,27.049999237060547,27.25,162980,0.0,0.0
2024-07-29 12:00:00+08:00,27.299999237060547,27.299999237060547,27.100000381469727,27.149999618530273,158253,0.0,0.0
2024-07-29 13:00:00+08:00,27.149999618530273,27.299999237060547,27.100000381469727,27.100000381469727,89202,0.0,0.0
2024-07-30 09:00:00+08:00,27.149999618530273,27.850000381469727,26.950000762939453,27.5,300011,0.0,0.0
2024-07-30 10:00:00+08:00,27.350000381469727,27.5,27.200000762939453,27.399999618530273,95509,0.0,0.0
2024-07-30 11:00:00+08:00,27.350000381469727,28.0,27.350000381469727,27.899999618530273,239840,0.0,0.0
2024-07-30 12:00:00+08:00,27.899999618530273,28.899999618530273,27.899999618530273,28.700000762939453,689372,0.0,0.0
2024-07-30 13:00:00+08:00,28.75,29.850000381469727,28.75,29.149999618530273,1311394,0.0,0.0
2024-07-31 09:00:00+08:00,29.0,29.299999237060547,28.600000381469727,28.700000762939453,442204,0.0,0.0
2024-07-31 10:00:00+08:00,28.700000762939453,29.350000381469727,28.649999618530273,29.149999618530273,175274,0.0,0.0
2024-07-31 11:00:00+08:00,29.149999618530273,29.149999618530273,28.649999618530273,29.0,155446,0.0,0.0
2024-07-31 12:00:00+08:00,29.0,29.049999237060547,28.649999618530273,28.700000762939453,86210,0.0,0.0
2024-07-31 13:00:00+08:00,28.700000762939453,28.799999237060547,28.600000381469727,28.600000381469727,102692,0.0,0.0
2024-08-01 09:00:00+08:00,29.100000381469727,30.299999237060547,29.0,29.600000381469727,1408691,0.0,0.0
2024-08-01 10:00:00+08:00,29.649999618530273,29.950000762939453,29.25,29.700000762939453,242526,0.0,0.0
2024-08-01 11:00:00+08:00,29.700000762939453,31.0,29.700000762939453,30.950000762939453,1855051,0.0,0.0
2024-08-01 12:00:00+08:00,30.950000762939453,31.200000762939453,30.299999237060547,30.5,1511464,0.0,0.0
2024-08-01 13:00:00+08:00,30.549999237060547,30.950000762939453,30.5,30.649999618530273,355101,0.0,0.0
2024-08-02 09:00:00+08:00,29.899999618530273,32.349998474121094,29.5,31.899999618530273,4129103,0.0,0.0
2024-08-02 10:00:00+08:00,31.799999237060547,31.799999237060547,30.899999618530273,31.299999237060547,889086,0.0,0.0
2024-08-02 11:00:00+08:00,31.200000762939453,32.0,31.149999618530273,31.5,1597503,0.0,0.0
2024-08-02 12:00:00+08:00,31.399999618530273,31.649999618530273,31.049999237060547,31.100000381469727,1040164,0.0,0.0
2024-08-02 13:00:00+08:00,31.100000381469727,31.149999618530273,30.850000381469727,31.100000381469727,596302,0.0,0.0
2024-08-05 09:00:00+08:00,30.0,30.399999618530273,27.899999618530273,27.899999618530273,0,0.0,0.0
2024-08-05 10:00:00+08:00,27.899999618530273,28.0,27.899999618530273,27.899999618530273,790546,0.0,0.0
2024-08-05 11:00:00+08:00,27.899999618530273,27.899999618530273,27.899999618530273,27.899999618530273,79014,0.0,0.0
2024-08-05 12:00:00+08:00,27.899999618530273,27.899999618530273,27.899999618530273,27.899999618530273,274856,0.0,0.0
2024-08-05 13:00:00+08:00,27.899999618530273,27.899999618530273,27.899999618530273,27.899999618530273,10051,0.0,0.0
2024-08-06 09:00:00+08:00,28.200000762939453,28.350000381469727,25.149999618530273,25.5,3273189,0.0,0.0
2024-08-06 10:00:00+08:00,25.450000762939453,25.950000762939453,25.149999618530273,25.600000381469727,604520,0.0,0.0
2024-08-06 11:00:00+08:00,25.600000381469727,27.049999237060547,25.549999237060547,26.399999618530273,625821,0.0,0.0
2024-08-06 12:00:00+08:00,26.399999618530273,26.700000762939453,26.149999618530273,26.200000762939453,0,0.0,0.0
2024-08-06 13:00:00+08:00,26.200000762939453,26.600000381469727,25.950000762939453,26.049999237060547,5659399,0.0,0.0
2024-08-07 09:00:00+08:00,26.450000762939453,28.399999618530273,26.299999237060547,28.149999618530273,2248664,0.0,0.0
2024-08-07 10:00:00+08:00,28.149999618530273,28.149999618530273,27.549999237060547,27.850000381469727,1448241,0.0,0.0
2024-08-07 11:00:00+08:00,27.799999237060547,27.799999237060547,27.450000762939453,27.649999618530273,422380,0.0,0.0
2024-08-07 12:00:00+08:00,27.700000762939453,27.700000762939453,27.450000762939453,27.450000762939453,260542,0.0,0.0
2024-08-07 13:00:00+08:00,27.450000762939453,28.0,27.399999618530273,27.950000762939453,873915,0.0,0.0
2024-08-08 09:00:00+08:00,27.149999618530273,27.850000381469727,27.049999237060547,27.75,789864,0.0,0.0
2024-08-08 10:00:00+08:00,27.799999237060547,28.299999237060547,27.75,27.850000381469727,797776,0.0,0.0
2024-08-08 11:00:00+08:00,27.850000381469727,28.100000381469727,27.5,27.850000381469727,542071,0.0,0.0
2024-08-08 12:00:00+08:00,27.850000381469727,28.049999237060547,27.600000381469727,27.75,327834,0.0,0.0
2024-08-08 13:00:00+08:00,27.700000762939453,27.75,27.5,27.5,313302,0.0,0.0
2024-08-09 09:00:00+08:00,28.5,29.100000381469727,28.100000381469727,28.600000381469727,1610714,0.0,0.0
2024-08-09 10:00:00+08:00,28.549999237060547,28.649999618530273,28.25,28.299999237060547,428799,0.0,0.0
2024-08-09 11:00:00+08:00,28.299999237060547,28.399999618530273,28.100000381469727,28.25,250236,0.0,0.0
2024-08-09 12:00:00+08:00,28.25,28.350000381469727,28.049999237060547,28.049999237060547,385741,0.0,0.0
2024-08-09 13:00:00+08:00,28.100000381469727,28.149999618530273,28.0,28.049999237060547,240865,0.0,0.0
2024-08-12 09:00:00+08:00,28.299999237060547,29.100000381469727,27.899999618530273,28.25,1050758,0.0,0.0
2024-08-12 10:00:00+08:00,28.299999237060547,28.899999618530273,28.200000762939453,28.299999237060547,554363,0.0,0.0
2024-08-12 11:00:00+08:00,28.350000381469727,28.399999618530273,28.149999618530273,28.299999237060547,181310,0.0,0.0
2024-08-12 12:00:00+08:00,28.299999237060547,28.350000381469727,28.0,28.200000762939453,201342,0.0,0.0
2024-08-12 13:00:00+08:00,28.049999237060547,28.200000762939453,27.950000762939453,28.049999237060547,231103,0.0,0.0
2024-08-13 09:00:00+08:00,27.549999237060547,27.850000381469727,26.649999618530273,27.149999618530273,1080691,0.0,0.0
2024-08-13 10:00:00+08:00,27.25,27.5,27.149999618530273,27.450000762939453,129350,0.0,0.0
2024-08-13 11:00:00+08:00,27.450000762939453,27.450000762939453,27.149999618530273,27.25,95172,0.0,0.0
2024-08-13 12:00:00+08:00,27.149999618530273,27.450000762939453,27.100000381469727,27.450000762939453,191187,0.0,0.0
2024-08-13 13:00:00+08:00,27.399999618530273,27.5,27.25,27.450000762939453,111798,0.0,0.0
2024-08-14 09:00:00+08:00,27.700000762939453,27.899999618530273,27.350000381469727,27.350000381469727,566265,0.0,0.0
2024-08-14 10:00:00+08:00,27.350000381469727,27.350000381469727,26.899999618530273,27.0,549225,0.0,0.0
2024-08-14 11:00:00+08:00,27.0,27.0,26.75,26.899999618530273,236141,0.0,0.0
2024-08-14 12:00:00+08:00,26.799999237060547,26.899999618530273,26.700000762939453,26.850000381469727,153651,0.0,0.0
2024-08-14 13:00:00+08:00,26.850000381469727,26.950000762939453,26.799999237060547,26.850000381469727,165246,0.0,0.0
2024-08-15 09:00:00+08:00,27.0,27.200000762939453,26.75,27.0,276573,0.0,0.0
2024-08-15 10:00:00+08:00,26.950000762939453,26.950000762939453,26.75,26.950000762939453,118120,0.0,0.0
2024-08-15 11:00:00+08:00,26.950000762939453,27.049999237060547,26.75,26.799999237060547,227103,0.0,0.0
2024-08-15 12:00:00+08:00,26.799999237060547,26.799999237060547,26.700000762939453,26.700000762939453,170000,0.0,0.0
2024-08-15 13:00:00+08:00,26.700000762939453,26.799999237060547,26.649999618530273,26.649999618530273,110569,0.0,0.0
2024-08-16 09:00:00+08:00,27.299999237060547,27.649999618530273,26.850000381469727,27.25,751901,0.0,0.0
2024-08-16 10:00:00+08:00,27.25,27.549999237060547,27.200000762939453,27.450000762939453,166512,0.0,0.0
2024-08-16 11:00:00+08:00,27.450000762939453,27.549999237060547,27.299999237060547,27.350000381469727,183075,0.0,0.0
2024-08-16 12:00:00+08:00,27.25,27.350000381469727,27.149999618530273,27.200000762939453,274316,0.0,0.0
2024-08-16 13:00:00+08:00,27.200000762939453,27.200000762939453,27.100000381469727,27.149999618530273,198897,0.0,0.0
2024-08-19 09:00:00+08:00,26.75,28.200000762939453,26.299999237060547,27.25,2426679,1.0,0.0
2024-08-19 10:00:00+08:00,27.200000762939453,27.399999618530273,27.049999237060547,27.299999237060547,307675,0.0,0.0
2024-08-19 11:00:00+08:00,27.299999237060547,27.299999237060547,27.0,27.0,223115,0.0,0.0
2024-08-19 12:00:00+08:00,27.0,27.75,27.0,27.399999618530273,557995,0.0,0.0
2024-08-19 13:00:00+08:00,27.399999618530273,27.399999618530273,27.149999618530273,27.299999237060547,179320,0.0,0.0
2024-08-20 09:00:00+08:00,27.350000381469727,27.399999618530273,26.899999618530273,27.0,534557,0.0,0.0
2024-08-20 10:00:00+08:00,27.0,27.399999618530273,27.0,27.25,329403,0.0,0.0
2024-08-20 11:00:00+08:00,27.25,27.299999237060547,27.0,27.049999237060547,227015,0.0,0.0
2024-08-20 12:00:00+08:00,27.049999237060547,27.25,27.0,27.25,202257,0.0,0.0
2024-08-20 13:00:00+08:00,27.25,27.299999237060547,27.149999618530273,27.149999618530273,87000,0.0,0.0
2024-08-21 09:00:00+08:00,27.200000762939453,27.700000762939453,26.799999237060547,27.149999618530273,716151,0.0,0.0
2024-08-21 10:00:00+08:00,27.149999618530273,27.25,27.100000381469727,27.149999618530273,77080,0.0,0.0
2024-08-21 11:00:00+08:00,27.149999618530273,27.200000762939453,27.049999237060547,27.100000381469727,122602,0.0,0.0
2024-08-21 12:00:00+08:00,27.100000381469727,27.350000381469727,27.049999237060547,27.149999618530273,159708,0.0,0.0
2024-08-21 13:00:00+08:00,27.200000762939453,27.600000381469727,27.149999618530273,27.399999618530273,499389,0.0,0.0
2024-08-22 09:00:00+08:00,27.600000381469727,27.799999237060547,27.200000762939453,27.200000762939453,0,0.0,0.0
2024-08-22 10:00:00+08:00,27.200000762939453,27.200000762939453,27.0,27.149999618530273,156700,0.0,0.0
2024-08-22 11:00:00+08:00,27.200000762939453,27.299999237060547,27.200000762939453,27.25,98035,0.0,0.0
2024-08-22 12:00:00+08:00,27.25,27.600000381469727,27.25,27.350000381469727,257310,0.0,0.0
2024-08-22 13:00:00+08:00,27.350000381469727,27.450000762939453,27.299999237060547,27.399999618530273,136000,0.0,0.0
2024-08-23 09:00:00+08:00,27.299999237060547,27.299999237060547,27.0,27.049999237060547,401597,0.0,0.0
2024-08-23 10:00:00+08:00,27.049999237060547,27.200000762939453,27.049999237060547,27.100000381469727,60035,0.0,0.0
2024-08-23 11:00:00+08:00,27.100000381469727,27.399999618530273,27.100000381469727,27.299999237060547,189318,0.0,0.0
2024-08-23 12:00:00+08:00,27.399999618530273,27.450000762939453,27.25,27.350000381469727,168124,0.0,0.0
2024-08-23 13:00:00+08:00,27.350000381469727,27.399999618530273,27.350000381469727,27.399999618530273,125049,0.0,0.0
2024-08-26 09:00:00+08:00,27.5,27.700000762939453,27.299999237060547,27.299999237060547,0,0.0,0.0
2024-08-26 10:00:00+08:00,27.299999237060547,27.5,27.299999237060547,27.399999618530273,178507,0.0,0.0
2024-08-26 11:00:00+08:00,27.399999618530273,27.399999618530273,27.350000381469727,27.350000381469727,90050,0.0,0.0
2024-08-26 12:00:00+08:00,27.299999237060547,27.399999618530273,27.200000762939453,27.350000381469727,209251,0.0,0.0
2024-08-26 13:00:00+08:00,27.350000381469727,27.450000762939453,27.350000381469727,27.399999618530273,172120,0.0,0.0
2024-08-27 09:00:00+08:00,27.399999618530273,28.600000381469727,27.350000381469727,28.299999237060547,1164840,0.0,0.0
2024-08-27 10:00:00+08:00,28.299999237060547,28.450000762939453,28.0,28.200000762939453,435206,0.0,0.0
2024-08-27 11:00:00+08:00,28.200000762939453,28.899999618530273,28.100000381469727,28.899999618530273,762523,0.0,0.0
2024-08-27 12:00:00+08:00,28.899999618530273,29.25,28.600000381469727,28.700000762939453,1353529,0.0,0.0
2024-08-27 13:00:00+08:00,28.700000762939453,28.850000381469727,28.649999618530273,28.75,351247,0.0,0.0
2024-08-28 09:00:00+08:00,28.899999618530273,29.5,28.600000381469727,28.799999237060547,1089980,0.0,0.0
2024-08-28 10:00:00+08:00,28.850000381469727,28.899999618530273,28.600000381469727,28.700000762939453,213780,0.0,0.0
2024-08-28 11:00:00+08:00,28.700000762939453,29.700000762939453,28.700000762939453,29.350000381469727,865497,0.0,0.0
2024-08-28 12:00:00+08:00,29.350000381469727,29.350000381469727,28.700000762939453,28.850000381469727,546217,0.0,0.0
2024-08-28 13:00:00+08:00,28.850000381469727,28.850000381469727,28.649999618530273,28.649999618530273,182296,0.0,0.0
2024-08-29 09:00:00+08:00,28.399999618530273,28.549999237060547,27.850000381469727,27.850000381469727,0,0.0,0.0
2024-08-29 10:00:00+08:00,27.850000381469727,28.100000381469727,27.799999237060547,28.0,351901,0.0,0.0
2024-08-29 11:00:00+08:00,28.0,28.049999237060547,27.899999618530273,27.950000762939453,98621,0.0,0.0
2024-08-29 12:00:00+08:00,27.950000762939453,28.100000381469727,27.950000762939453,28.100000381469727,142102,0.0,0.0
2024-08-29 13:00:00+08:00,28.100000381469727,28.100000381469727,27.950000762939453,27.950000762939453,112533,0.0,0.0
2024-08-30 09:00:00+08:00,28.100000381469727,28.299999237060547,27.850000381469727,27.850000381469727,216360,0.0,0.0
2024-08-30 10:00:00+08:00,27.850000381469727,27.850000381469727,27.600000381469727,27.700000762939453,183343,0.0,0.0
2024-08-30 11:00:00+08:00,27.700000762939453,27.75,27.549999237060547,27.600000381469727,213214,0.0,0.0
2024-08-30 12:00:00+08:00,27.600000381469727,27.799999237060547,27.600000381469727,27.799999237060547,83512,0.0,0.0
2024-08-30 13:00:00+08:00,27.799999237060547,27.799999237060547,27.700000762939453,27.799999237060547,88000,0.0,0.0
2024-09-02 09:00:00+08:00,27.700000762939453,29.049999237060547,27.700000762939453,28.700000762939453,717959,0.0,0.0
2024-09-02 10:00:00+08:00,28.649999618530273,28.649999618530273,28.5,28.5,173182,0.0,0.0
2024-09-02 11:00:00+08:00,28.5,28.549999237060547,28.200000762939453,28.399999618530273,217203,0.0,0.0
2024-09-02 12:00:00+08:00,28.399999618530273,28.399999618530273,28.100000381469727,28.149999618530273,124791,0.0,0.0
2024-09-02 13:00:00+08:00,28.149999618530273,28.149999618530273,27.950000762939453,28.0,117000,0.0,0.0
2024-09-03 09:00:00+08:00,28.100000381469727,28.100000381469727,27.100000381469727,27.75,0,0.0,0.0
2024-09-03 10:00:00+08:00,27.799999237060547,27.799999237060547,27.350000381469727,27.350000381469727,282101,0.0,0.0
2024-09-03 11:00:00+08:00,27.350000381469727,27.399999618530273,27.200000762939453,27.399999618530273,168686,0.0,0.0
2024-09-03 12:00:00+08:00,27.399999618530273,27.399999618530273,27.299999237060547,27.299999237060547,118126,0.0,0.0
2024-09-03 13:00:00+08:00,27.299999237060547,27.350000381469727,27.200000762939453,27.299999237060547,119100,0.0,0.0
2024-09-04 09:00:00+08:00,26.0,26.350000381469727,25.100000381469727,26.0,1288331,0.0,0.0
2024-09-04 10:00:00+08:00,26.0,26.049999237060547,25.700000762939453,25.75,246988,0.0,0.0
2024-09-04 11:00:00+08:00,25.75,25.799999237060547,25.649999618530273,25.649999618530273,251942,0.0,0.0
2024-09-04 12:00:00+08:00,25.700000762939453,25.899999618530273,25.700000762939453,25.700000762939453,150048,0.0,0.0
2024-09-04 13:00:00+08:00,25.700000762939453,25.799999237060547,25.600000381469727,25.799999237060547,196379,0.0,0.0
2024-09-05 09:00:00+08:00,26.25,26.299999237060547,25.899999618530273,25.899999618530273,261038,0.0,0.0
2024-09-05 10:00:00+08:00,25.950000762939453,25.950000762939453,25.5,25.75,193021,0.0,0.0
2024-09-05 11:00:00+08:00,25.75,25.75,25.549999237060547,25.75,179009,0.0,0.0
2024-09-05 12:00:00+08:00,25.600000381469727,25.600000381469727,25.5,25.549999237060547,243382,0.0,0.0
2024-09-05 13:00:00+08:00,25.549999237060547,25.649999618530273,25.5,25.649999618530273,68000,0.0,0.0
2024-09-06 09:00:00+08:00,25.600000381469727,25.700000762939453,25.350000381469727,25.600000381469727,127136,0.0,0.0
2024-09-06 10:00:00+08:00,25.600000381469727,25.700000762939453,25.600000381469727,25.600000381469727,58030,0.0,0.0
2024-09-06 11:00:00+08:00,25.549999237060547,25.600000381469727,25.5,25.5,34069,0.0,0.0
2024-09-06 12:00:00+08:00,25.600000381469727,25.649999618530273,25.450000762939453,25.450000762939453,44241,0.0,0.0
2024-09-06 13:00:00+08:00,25.5,25.549999237060547,25.5,25.549999237060547,18000,0.0,0.0
2024-09-09 09:00:00+08:00,25.200000762939453,25.75,25.200000762939453,25.75,0,0.0,0.0
2024-09-09 10:00:00+08:00,25.75,25.75,25.600000381469727,25.700000762939453,66430,0.0,0.0
2024-09-09 11:00:00+08:00,25.700000762939453,26.0,25.700000762939453,26.0,153736,0.0,0.0
2024-09-09 12:00:00+08:00,26.0,26.350000381469727,25.899999618530273,26.25,106399,0.0,0.0
2024-09-09 13:00:00+08:00,26.25,26.299999237060547,26.200000762939453,26.299999237060547,43057,0.0,0.0
2024-09-10 09:00:00+08:00,26.5,26.5,25.75,25.950000762939453,184388,0.0,0.0
2024-09-10 10:00:00+08:00,25.899999618530273,25.950000762939453,25.75,25.899999618530273,78080,0.0,0.0
2024-09-10 11:00:00+08:00,25.899999618530273,25.899999618530273,25.75,25.799999237060547,132681,0.0,0.0
2024-09-10 12:00:00+08:00,25.850000381469727,26.0,25.600000381469727,25.75,245177,0.0,0.0
2024-09-10 13:00:00+08:00,25.700000762939453,25.75,25.649999618530273,25.75,58000,0.0,0.0
2024-09-11 09:00:00+08:00,26.100000381469727,26.100000381469727,25.799999237060547,25.799999237060547,84400,0.0,0.0
2024-09-11 10:00:00+08:00,25.850000381469727,25.850000381469727,25.700000762939453,25.850000381469727,65088,0.0,0.0
2024-09-11 11:00:00+08:00,25.850000381469727,25.850000381469727,25.75,25.75,69012,0.0,0.0
2024-09-11 12:00:00+08:00,25.75,25.799999237060547,25.700000762939453,25.799999237060547,0,0.0,0.0
2024-09-11 13:00:00+08:00,25.799999237060547,25.850000381469727,25.75,25.75,287850,0.0,0.0
2024-09-12 09:00:00+08:00,26.0,26.100000381469727,25.850000381469727,25.950000762939453,97080,0.0,0.0
2024-09-12 10:00:00+08:00,25.950000762939453,26.049999237060547,25.799999237060547,25.799999237060547,104414,0.0,0.0
2024-09-12 11:00:00+08:00,25.799999237060547,27.450000762939453,25.700000762939453,27.100000381469727,462549,0.0,0.0
2024-09-12 12:00:00+08:00,27.049999237060547,27.200000762939453,26.700000762939453,26.700000762939453,176233,0.0,0.0
2024-09-12 13:00:00+08:00,26.700000762939453,26.700000762939453,26.450000762939453,26.549999237060547,92500,0.0,0.0
2024-09-13 09:00:00+08:00,26.899999618530273,26.950000762939453,26.649999618530273,26.700000762939453,107012,0.0,0.0
2024-09-13 10:00:00+08:00,26.799999237060547,26.799999237060547,26.600000381469727,26.700000762939453,39483,0.0,0.0
2024-09-13 11:00:00+08:00,26.600000381469727,26.899999618530273,26.600000381469727,26.799999237060547,73107,0.0,0.0
2024-09-13 12:00:00+08:00,26.899999618530273,26.950000762939453,26.799999237060547,26.799999237060547,74542,0.0,0.0
2024-09-13 13:00:00+08:00,26.799999237060547,27.100000381469727,26.799999237060547,26.799999237060547,88010,0.0,0.0
2024-09-16 09:00:00+08:00,27.100000381469727,29.450000762939453,27.100000381469727,29.25,2559384,0.0,0.0
2024-09-16 10:00:00+08:00,29.25,29.450000762939453,28.950000762939453,29.049999237060547,816247,0.0,0.0
2024-09-16 11:00:00+08:00,29.049999237060547,29.200000762939453,28.799999237060547,29.049999237060547,368104,0.0,0.0
2024-09-16 12:00:00+08:00,29.049999237060547,29.200000762939453,28.850000381469727,29.0,205781,0.0,0.0
2024-09-16 13:00:00+08:00,29.0,29.149999618530273,28.850000381469727,29.0,190130,0.0,0.0
2024-09-18 09:00:00+08:00,28.899999618530273,29.75,28.75,29.149999618530273,0,0.0,0.0
2024-09-18 10:00:00+08:00,29.149999618530273,29.25,28.899999618530273,28.950000762939453,190603,0.0,0.0
2024-09-18 11:00:00+08:00,28.950000762939453,29.100000381469727,28.5,29.0,297980,0.0,0.0
2024-09-18 12:00:00+08:00,28.950000762939453,29.049999237060547,28.75,28.799999237060547,175740,0.0,0.0
2024-09-18 13:00:00+08:00,28.75,29.149999618530273,28.700000762939453,29.049999237060547,163277,0.0,0.0
2024-09-19 09:00:00+08:00,28.799999237060547,29.25,28.450000762939453,28.700000762939453,394088,0.0,0.0
2024-09-19 10:00:00+08:00,28.75,29.700000762939453,28.649999618530273,29.399999618530273,598761,0.0,0.0
2024-09-19 11:00:00+08:00,29.399999618530273,29.549999237060547,29.149999618530273,29.25,320150,0.0,0.0
2024-09-19 12:00:00+08:00,29.25,29.450000762939453,29.149999618530273,29.399999618530273,313436,0.0,0.0
2024-09-19 13:00:00+08:00,29.350000381469727,29.350000381469727,29.200000762939453,29.25,87836,0.0,0.0
2024-09-20 09:00:00+08:00,29.600000381469727,29.799999237060547,29.200000762939453,29.200000762939453,537396,0.0,0.0
2024-09-20 10:00:00+08:00,29.200000762939453,30.950000762939453,29.200000762939453,30.700000762939453,2079147,0.0,0.0
2024-09-20 11:00:00+08:00,30.700000762939453,32.099998474121094,30.700000762939453,31.549999237060547,2078782,0.0,0.0
2024-09-20 12:00:00+08:00,31.5,31.799999237060547,31.299999237060547,31.450000762939453,662636,0.0,0.0
2024-09-20 13:00:00+08:00,31.399999618530273,31.799999237060547,31.200000762939453,31.75,506410,0.0,0.0
2024-09-23 09:00:00+08:00,32.150001525878906,32.5,31.0,32.400001525878906,0,0.0,0.0
2024-09-23 10:00:00+08:00,32.45000076293945,32.45000076293945,31.600000381469727,32.099998474121094,745443,0.0,0.0
2024-09-23 11:00:00+08:00,32.04999923706055,32.099998474121094,31.600000381469727,31.899999618530273,283214,0.0,0.0
2024-09-23 12:00:00+08:00,31.850000381469727,32.25,31.700000762939453,32.04999923706055,856455,0.0,0.0
2024-09-23 13:00:00+08:00,32.0,32.0,31.700000762939453,31.75,207750,0.0,0.0
2024-09-24 09:00:00+08:00,31.850000381469727,34.70000076293945,31.549999237060547,34.599998474121094,0,0.0,0.0
2024-09-24 10:00:00+08:00,34.54999923706055,34.54999923706055,33.79999923706055,34.0,1068188,0.0,0.0
2024-09-24 11:00:00+08:00,34.0,34.45000076293945,33.20000076293945,33.79999923706055,700710,0.0,0.0
2024-09-24 12:00:00+08:00,33.79999923706055,33.79999923706055,32.29999923706055,33.04999923706055,1055527,0.0,0.0
2024-09-24 13:00:00+08:00,33.04999923706055,33.25,32.599998474121094,32.900001525878906,326360,0.0,0.0
2024-09-25 09:00:00+08:00,34.0,35.0,33.70000076293945,34.20000076293945,3813113,0.0,0.0
2024-09-25 10:00:00+08:00,34.20000076293945,34.70000076293945,34.099998474121094,34.29999923706055,725122,0.0,0.0
2024-09-25 11:00:00+08:00,34.400001525878906,35.0,34.0,34.599998474121094,1149173,0.0,0.0
2024-09-25 12:00:00+08:00,34.599998474121094,34.650001525878906,34.0,34.0,559661,0.0,0.0
2024-09-25 13:00:00+08:00,34.0,34.25,33.849998474121094,34.20000076293945,414861,0.0,0.0
2024-09-26 09:00:00+08:00,34.70000076293945,34.79999923706055,34.150001525878906,34.400001525878906,0,0.0,0.0
2024-09-26 10:00:00+08:00,34.400001525878906,34.599998474121094,33.95000076293945,34.04999923706055,702283,0.0,0.0
2024-09-26 11:00:00+08:00,34.04999923706055,34.04999923706055,33.54999923706055,33.75,878936,0.0,0.0
2024-09-26 12:00:00+08:00,33.75,33.79999923706055,33.349998474121094,33.349998474121094,615544,0.0,0.0
2024-09-26 13:00:00+08:00,33.349998474121094,33.54999923706055,33.349998474121094,33.54999923706055,205599,0.0,0.0
2024-09-27 09:00:00+08:00,33.349998474121094,34.29999923706055,33.349998474121094,33.54999923706055,0,0.0,0.0
2024-09-27 10:00:00+08:00,33.54999923706055,33.54999923706055,32.599998474121094,32.70000076293945,942364,0.0,0.0
2024-09-27 11:00:00+08:00,32.70000076293945,33.0,31.899999618530273,31.899999618530273,1099524,0.0,0.0
2024-09-27 12:00:00+08:00,31.899999618530273,32.900001525878906,31.75,32.599998474121094,574680,0.0,0.0
2024-09-27 13:00:00+08:00,32.599998474121094,33.5,32.599998474121094,32.75,449842,0.0,0.0
2024-09-30 09:00:00+08:00,32.849998474121094,36.04999923706055,32.599998474121094,36.04999923706055,4453656,0.0,0.0
2024-09-30 10:00:00+08:00,36.04999923706055,36.04999923706055,35.400001525878906,35.75,4171252,0.0,0.0
2024-09-30 11:00:00+08:00,35.75,36.04999923706055,35.5,35.79999923706055,3468700,0.0,0.0
2024-09-30 12:00:00+08:00,35.79999923706055,35.79999923706055,34.79999923706055,35.25,1551651,0.0,0.0
2024-09-30 13:00:00+08:00,35.25,35.70000076293945,35.20000076293945,35.599998474121094,803571,0.0,0.0
2024-10-01 09:00:00+08:00,36.400001525878906,37.04999923706055,34.5,35.5,0,0.0,0.0
2024-10-01 10:00:00+08:00,35.54999923706055,37.349998474121094,35.400001525878906,36.75,6670379,0.0,0.0
2024-10-01 11:00:00+08:00,36.70000076293945,36.95000076293945,34.650001525878906,35.150001525878906,3980557,0.0,0.0
2024-10-01 12:00:00+08:00,35.150001525878906,35.900001525878906,34.900001525878906,35.75,1439859,0.0,0.0
2024-10-01 13:00:00+08:00,35.79999923706055,36.099998474121094,35.400001525878906,35.79999923706055,1608493,0.0,0.0
2024-10-04 09:00:00+08:00,36.20000076293945,39.400001525878906,35.599998474121094,37.79999923706055,0,0.0,0.0
2024-10-04 10:00:00+08:00,37.79999923706055,38.400001525878906,37.599998474121094,38.29999923706055,1325374,0.0,0.0
2024-10-04 11:00:00+08:00,38.29999923706055,39.29999923706055,38.20000076293945,38.75,1927826,0.0,0.0
2024-10-04 12:00:00+08:00,38.79999923706055,38.849998474121094,37.900001525878906,38.04999923706055,1116311,0.0,0.0
2024-10-04 13:00:00+08:00,38.04999923706055,38.29999923706055,37.900001525878906,38.04999923706055,738498,0.0,0.0
2024-10-07 09:00:00+08:00,39.0,41.5,39.0,40.650001525878906,0,0.0,0.0
2024-10-07 10:00:00+08:00,40.650001525878906,41.20000076293945,40.45000076293945,40.79999923706055,1556715,0.0,0.0
2024-10-07 11:00:00+08:00,40.849998474121094,41.04999923706055,40.349998474121094,40.599998474121094,714499,0.0,0.0
2024-10-07 12:00:00+08:00,40.650001525878906,40.70000076293945,39.54999923706055,39.70000076293945,1450974,0.0,0.0
2024-10-07 13:00:00+08:00,39.900001525878906,40.0,39.150001525878906,39.54999923706055,1262466,0.0,0.0
2024-10-08 09:00:00+08:00,39.04999923706055,39.75,38.400001525878906,38.70000076293945,3376464,0.0,0.0
2024-10-08 10:00:00+08:00,38.650001525878906,39.29999923706055,38.150001525878906,39.099998474121094,1451860,0.0,0.0
2024-10-08 11:00:00+08:00,39.099998474121094,39.150001525878906,38.70000076293945,39.0,404835,0.0,0.0
2024-10-08 12:00:00+08:00,39.0,39.400001525878906,38.900001525878906,39.400001525878906,744941,0.0,0.0
2024-10-08 13:00:00+08:00,39.400001525878906,39.900001525878906,39.25,39.70000076293945,865235,0.0,0.0
2024-10-09 09:00:00+08:00,40.400001525878906,40.95000076293945,39.25,39.54999923706055,3166664,0.0,0.0
2024-10-09 10:00:00+08:00,39.5,39.54999923706055,38.849998474121094,38.900001525878906,890004,0.0,0.0
2024-10-09 11:00:00+08:00,38.900001525878906,39.5,38.650001525878906,39.45000076293945,778498,0.0,0.0
2024-10-09 12:00:00+08:00,39.5,40.79999923706055,39.349998474121094,40.25,1688495,0.0,0.0
2024-10-09 13:00:00+08:00,40.25,40.29999923706055,39.849998474121094,39.95000076293945,755189,0.0,0.0
2024-10-11 09:00:00+08:00,40.45000076293945,40.45000076293945,37.20000076293945,38.349998474121094,0,0.0,0.0
2024-10-11 10:00:00+08:00,38.349998474121094,39.95000076293945,38.29999923706055,39.400001525878906,1052667,0.0,0.0
2024-10-11 11:00:00+08:00,39.400001525878906,39.849998474121094,39.25,39.599998474121094,546773,0.0,0.0
2024-10-11 12:00:00+08:00,39.54999923706055,39.79999923706055,39.04999923706055,39.650001525878906,643652,0.0,0.0
2024-10-11 13:00:00+08:00,39.70000076293945,39.70000076293945,38.75,38.79999923706055,752470,0.0,0.0
2024-10-14 09:00:00+08:00,38.849998474121094,38.849998474121094,37.04999923706055,37.099998474121094,0,0.0,0.0
2024-10-14 10:00:00+08:00,37.150001525878906,37.79999923706055,37.0,37.25,1291543,0.0,0.0
2024-10-14 11:00:00+08:00,37.25,37.650001525878906,37.0,37.25,608954,0.0,0.0
2024-10-14 12:00:00+08:00,37.25,38.20000076293945,37.099998474121094,37.75,1162433,0.0,0.0
2024-10-14 13:00:00+08:00,37.70000076293945,37.900001525878906,37.5,37.75,441443,0.0,0.0
2024-10-15 09:00:00+08:00,38.150001525878906,39.5,37.70000076293945,38.25,2384147,0.0,0.0
2024-10-15 10:00:00+08:00,38.25,38.29999923706055,37.54999923706055,37.79999923706055,999466,0.0,0.0
2024-10-15 11:00:00+08:00,37.79999923706055,38.0,37.5,37.70000076293945,502397,0.0,0.0
2024-10-15 12:00:00+08:00,37.650001525878906,38.04999923706055,37.5,37.75,405171,0.0,0.0
2024-10-15 13:00:00+08:00,37.900001525878906,38.0,37.45000076293945,37.54999923706055,427801,0.0,0.0
2024-10-16 09:00:00+08:00,37.0,38.650001525878906,36.650001525878906,37.79999923706055,0,0.0,0.0
2024-10-16 10:00:00+08:00,37.79999923706055,38.25,37.20000076293945,38.099998474121094,516519,0.0,0.0
2024-10-16 11:00:00+08:00,38.0,38.900001525878906,38.0,38.650001525878906,840867,0.0,0.0
2024-10-16 12:00:00+08:00,38.650001525878906,39.5,38.400001525878906,38.900001525878906,1522215,0.0,0.0
2024-10-16 13:00:00+08:00,38.900001525878906,39.150001525878906,38.75,39.04999923706055,266389,0.0,0.0
2024-10-17 09:00:00+08:00,39.150001525878906,40.099998474121094,38.75,39.25,0,0.0,0.0
2024-10-17 10:00:00+08:00,39.29999923706055,39.900001525878906,38.900001525878906,39.20000076293945,578423,0.0,0.0
2024-10-17 11:00:00+08:00,39.20000076293945,39.650001525878906,39.0,39.0,262970,0.0,0.0
2024-10-17 12:00:00+08:00,39.0,39.099998474121094,38.79999923706055,38.95000076293945,331847,0.0,0.0
2024-10-17 13:00:00+08:00,39.0,39.25,38.900001525878906,39.0,322809,0.0,0.0
2024-10-18 09:00:00+08:00,39.04999923706055,39.25,38.29999923706055,38.54999923706055,0,0.0,0.0
2024-10-18 10:00:00+08:00,38.5,38.900001525878906,38.5,38.79999923706055,298424,0.0,0.0
2024-10-18 11:00:00+08:00,38.79999923706055,40.0,38.79999923706055,39.29999923706055,1096387,0.0,0.0
2024-10-18 12:00:00+08:00,39.29999923706055,39.45000076293945,38.20000076293945,38.29999923706055,859341,0.0,0.0
2024-10-18 13:00:00+08:00,38.54999923706055,38.79999923706055,38.45000076293945,38.79999923706055,160000,0.0,0.0
2024-10-21 09:00:00+08:00,38.70000076293945,40.70000076293945,38.70000076293945,39.849998474121094,0,0.0,0.0
2024-10-21 10:00:00+08:00,39.849998474121094,41.400001525878906,39.849998474121094,41.04999923706055,2254014,0.0,0.0
2024-10-21 11:00:00+08:00,41.04999923706055,41.349998474121094,40.599998474121094,41.0,938122,0.0,0.0
2024-10-21 12:00:00+08:00,40.95000076293945,41.20000076293945,40.099998474121094,40.20000076293945,1369644,0.0,0.0
2024-10-21 13:00:00+08:00,40.25,40.25,39.75,39.849998474121094,702065,0.0,0.0
2024-10-22 09:00:00+08:00,40.25,41.45000076293945,39.95000076293945,40.54999923706055,0,0.0,0.0
2024-10-22 10:00:00+08:00,40.70000076293945,41.79999923706055,40.70000076293945,41.20000076293945,2925786,0.0,0.0
2024-10-22 11:00:00+08:00,41.20000076293945,41.650001525878906,40.650001525878906,41.099998474121094,1009395,0.0,0.0
2024-10-22 12:00:00+08:00,41.0,42.150001525878906,41.0,41.349998474121094,2302853,0.0,0.0
2024-10-22 13:00:00+08:00,41.400001525878906,41.900001525878906,41.400001525878906,41.900001525878906,699727,0.0,0.0
2024-10-23 09:00:00+08:00,42.0,42.79999923706055,41.29999923706055,42.29999923706055,0,0.0,0.0
2024-10-23 10:00:00+08:00,42.29999923706055,42.400001525878906,41.70000076293945,42.04999923706055,1038315,0.0,0.0
2024-10-23 11:00:00+08:00,42.04999923706055,42.099998474121094,41.29999923706055,41.79999923706055,1038231,0.0,0.0
2024-10-23 12:00:00+08:00,41.79999923706055,41.79999923706055,40.900001525878906,40.95000076293945,986807,0.0,0.0
2024-10-23 13:00:00+08:00,40.95000076293945,41.29999923706055,40.79999923706055,40.849998474121094,672405,0.0,0.0
2024-10-24 09:00:00+08:00,41.349998474121094,41.900001525878906,40.75,41.150001525878906,0,0.0,0.0
2024-10-24 10:00:00+08:00,41.150001525878906,41.150001525878906,40.650001525878906,40.75,822111,0.0,0.0
2024-10-24 11:00:00+08:00,40.79999923706055,40.900001525878906,40.099998474121094,40.150001525878906,661565,0.0,0.0
2024-10-24 12:00:00+08:00,40.099998474121094,40.5,40.04999923706055,40.45000076293945,462812,0.0,0.0
2024-10-24 13:00:00+08:00,40.45000076293945,40.75,40.349998474121094,40.45000076293945,363342,0.0,0.0
2024-10-25 09:00:00+08:00,40.79999923706055,41.650001525878906,40.54999923706055,41.25,0,0.0,0.0
2024-10-25 10:00:00+08:00,41.25,42.0,41.0,41.900001525878906,816601,0.0,0.0
2024-10-25 11:00:00+08:00,41.849998474121094,41.900001525878906,41.25,41.45000076293945,298803,0.0,0.0
2024-10-25 12:00:00+08:00,41.349998474121094,41.45000076293945,41.25,41.45000076293945,150259,0.0,0.0
2024-10-25 13:00:00+08:00,41.5,41.5,41.20000076293945,41.20000076293945,178117,0.0,0.0
2024-10-28 09:00:00+08:00,41.29999923706055,41.29999923706055,39.29999923706055,40.29999923706055,0,0.0,0.0
2024-10-28 10:00:00+08:00,40.29999923706055,40.95000076293945,40.099998474121094,40.650001525878906,492527,0.0,0.0
2024-10-28 11:00:00+08:00,40.650001525878906,40.79999923706055,40.5,40.79999923706055,91703,0.0,0.0
2024-10-28 12:00:00+08:00,40.650001525878906,40.70000076293945,40.25,40.45000076293945,344138,0.0,0.0
2024-10-28 13:00:00+08:00,40.400001525878906,40.45000076293945,40.04999923706055,40.25,325881,0.0,0.0
2024-10-29 09:00:00+08:00,39.900001525878906,40.45000076293945,39.599998474121094,39.79999923706055,0,0.0,0.0
2024-10-29 10:00:00+08:00,39.79999923706055,39.95000076293945,39.599998474121094,39.70000076293945,259007,0.0,0.0
2024-10-29 11:00:00+08:00,39.75,39.849998474121094,39.0,39.349998474121094,715614,0.0,0.0
2024-10-29 12:00:00+08:00,39.400001525878906,39.70000076293945,39.400001525878906,39.650001525878906,233200,0.0,0.0
2024-10-29 13:00:00+08:00,39.70000076293945,39.70000076293945,39.400001525878906,39.5,211101,0.0,0.0
2024-10-30 09:00:00+08:00,39.95000076293945,40.0,38.25,38.79999923706055,0,0.0,0.0
2024-10-30 10:00:00+08:00,38.79999923706055,38.849998474121094,38.0,38.29999923706055,1019429,0.0,0.0
2024-10-30 11:00:00+08:00,38.25,38.25,37.79999923706055,37.900001525878906,772544,0.0,0.0
2024-10-30 12:00:00+08:00,37.900001525878906,37.95000076293945,37.20000076293945,37.349998474121094,1073074,0.0,0.0
2024-10-30 13:00:00+08:00,37.29999923706055,37.349998474121094,37.0,37.04999923706055,766386,0.0,0.0
2024-11-01 09:00:00+08:00,35.099998474121094,37.349998474121094,35.099998474121094,36.650001525878906,0,0.0,0.0
2024-11-01 10:00:00+08:00,36.650001525878906,36.79999923706055,36.099998474121094,36.75,482817,0.0,0.0
2024-11-01 11:00:00+08:00,36.75,37.900001525878906,36.75,37.75,655258,0.0,0.0
2024-11-01 12:00:00+08:00,37.75,38.54999923706055,37.70000076293945,38.45000076293945,525966,0.0,0.0
2024-11-01 13:00:00+08:00,38.45000076293945,38.54999923706055,38.25,38.29999923706055,248247,0.0,0.0
2024-11-04 09:00:00+08:00,38.599998474121094,39.79999923706055,38.150001525878906,39.54999923706055,0,0.0,0.0
2024-11-04 10:00:00+08:00,39.599998474121094,40.5,39.20000076293945,39.400001525878906,764892,0.0,0.0
2024-11-04 11:00:00+08:00,39.5,39.70000076293945,39.099998474121094,39.29999923706055,204182,0.0,0.0
2024-11-04 12:00:00+08:00,39.349998474121094,39.650001525878906,39.29999923706055,39.5,224131,0.0,0.0
2024-11-04 13:00:00+08:00,39.5,39.70000076293945,39.400001525878906,39.54999923706055,188378,0.0,0.0
2024-11-05 09:00:00+08:00,38.95000076293945,41.849998474121094,38.95000076293945,40.95000076293945,305873,0.0,0.0
2024-11-05 10:00:00+08:00,40.900001525878906,41.45000076293945,40.599998474121094,40.849998474121094,629534,0.0,0.0
2024-11-05 11:00:00+08:00,40.849998474121094,41.45000076293945,40.650001525878906,41.150001525878906,423199,0.0,0.0
2024-11-05 12:00:00+08:00,41.099998474121094,41.650001525878906,41.099998474121094,41.25,673221,0.0,0.0
2024-11-05 13:00:00+08:00,41.20000076293945,41.349998474121094,41.0,41.04999923706055,365324,0.0,0.0
2024-11-06 09:00:00+08:00,41.29999923706055,42.349998474121094,40.900001525878906,41.150001525878906,0,0.0,0.0
2024-11-06 10:00:00+08:00,41.099998474121094,41.150001525878906,40.75,40.849998474121094,410869,0.0,0.0
2024-11-06 11:00:00+08:00,40.849998474121094,40.849998474121094,40.0,40.20000076293945,749486,0.0,0.0
2024-11-06 12:00:00+08:00,40.29999923706055,41.150001525878906,40.150001525878906,41.04999923706055,441488,0.0,0.0
2024-11-06 13:00:00+08:00,41.099998474121094,41.79999923706055,41.099998474121094,41.54999923706055,604606,0.0,0.0
2024-11-07 09:00:00+08:00,41.599998474121094,42.79999923706055,41.599998474121094,42.20000076293945,0,0.0,0.0
2024-11-07 10:00:00+08:00,42.20000076293945,42.349998474121094,41.75,42.29999923706055,485995,0.0,0.0
2024-11-07 11:00:00+08:00,42.29999923706055,42.54999923706055,41.900001525878906,41.900001525878906,579259,0.0,0.0
2024-11-07 12:00:00+08:00,41.95000076293945,42.20000076293945,41.900001525878906,42.04999923706055,176803,0.0,0.0
2024-11-07 13:00:00+08:00,42.099998474121094,42.400001525878906,42.0,42.25,419165,0.0,0.0
2024-11-08 09:00:00+08:00,43.900001525878906,44.400001525878906,42.0,43.0,3840190,0.0,0.0
2024-11-08 10:00:00+08:00,42.95000076293945,43.5,42.650001525878906,42.900001525878906,440390,0.0,0.0
2024-11-08 11:00:00+08:00,42.900001525878906,42.900001525878906,42.599998474121094,42.650001525878906,267469,0.0,0.0
2024-11-08 12:00:00+08:00,42.650001525878906,42.95000076293945,42.650001525878906,42.849998474121094,246967,0.0,0.0
2024-11-08 13:00:00+08:00,42.849998474121094,43.099998474121094,42.70000076293945,42.95000076293945,469766,0.0,0.0
