Datetime,Open,High,Low,Close,Volume,Dividends,Stock Splits
2022-11-09 09:00:00+08:00,19.399999618530273,19.549999237060547,19.399999618530273,19.399999618530273,0,0.0,0.0
2022-11-09 10:00:00+08:00,19.450000762939453,19.5,19.450000762939453,19.5,13061,0.0,0.0
2022-11-09 11:00:00+08:00,19.450000762939453,19.649999618530273,19.450000762939453,19.649999618530273,19000,0.0,0.0
2022-11-09 12:00:00+08:00,19.600000381469727,19.600000381469727,19.399999618530273,19.549999237060547,43000,0.0,0.0
2022-11-09 13:00:00+08:00,19.549999237060547,19.549999237060547,19.450000762939453,19.450000762939453,16000,0.0,0.0
2022-11-10 09:00:00+08:00,19.450000762939453,19.450000762939453,19.100000381469727,19.25,0,0.0,0.0
2022-11-10 10:00:00+08:00,19.25,19.350000381469727,19.25,19.350000381469727,14511,0.0,0.0
2022-11-10 11:00:00+08:00,19.350000381469727,19.350000381469727,19.350000381469727,19.350000381469727,13391,0.0,0.0
2022-11-10 12:00:00+08:00,19.350000381469727,19.399999618530273,19.200000762939453,19.200000762939453,30000,0.0,0.0
2022-11-10 13:00:00+08:00,19.200000762939453,19.200000762939453,19.200000762939453,19.200000762939453,10000,0.0,0.0
2022-11-11 09:00:00+08:00,19.649999618530273,19.649999618530273,19.200000762939453,19.299999237060547,0,0.0,0.0
2022-11-11 10:00:00+08:00,19.299999237060547,19.299999237060547,19.200000762939453,19.200000762939453,20291,0.0,0.0
2022-11-11 11:00:00+08:00,19.25,19.25,19.200000762939453,19.200000762939453,11000,0.0,0.0
2022-11-11 12:00:00+08:00,19.200000762939453,19.299999237060547,19.149999618530273,19.299999237060547,40000,0.0,0.0
2022-11-11 13:00:00+08:00,19.299999237060547,19.350000381469727,19.25,19.350000381469727,11903,0.0,0.0
2022-11-14 09:00:00+08:00,19.450000762939453,19.450000762939453,19.350000381469727,19.399999618530273,0,0.0,0.0
2022-11-14 10:00:00+08:00,19.350000381469727,19.350000381469727,19.350000381469727,19.350000381469727,9700,0.0,0.0
2022-11-14 11:00:00+08:00,19.399999618530273,19.549999237060547,19.399999618530273,19.5,18080,0.0,0.0
2022-11-14 12:00:00+08:00,19.549999237060547,19.549999237060547,19.5,19.5,7000,0.0,0.0
2022-11-14 13:00:00+08:00,19.5,19.600000381469727,19.450000762939453,19.549999237060547,21000,0.0,0.0
2022-11-15 09:00:00+08:00,19.549999237060547,19.549999237060547,19.200000762939453,19.549999237060547,0,0.0,0.0
2022-11-15 10:00:00+08:00,19.399999618530273,19.399999618530273,19.25,19.299999237060547,15000,0.0,0.0
2022-11-15 11:00:00+08:00,19.5,19.5,19.5,19.5,4001,0.0,0.0
2022-11-15 12:00:00+08:00,19.399999618530273,19.399999618530273,19.25,19.299999237060547,20399,0.0,0.0
2022-11-15 13:00:00+08:00,19.299999237060547,19.450000762939453,19.299999237060547,19.350000381469727,10004,0.0,0.0
2022-11-16 09:00:00+08:00,19.450000762939453,19.450000762939453,19.350000381469727,19.350000381469727,0,0.0,0.0
2022-11-16 10:00:00+08:00,19.399999618530273,19.450000762939453,19.350000381469727,19.350000381469727,22000,0.0,0.0
2022-11-16 11:00:00+08:00,19.350000381469727,19.399999618530273,19.350000381469727,19.350000381469727,9002,0.0,0.0
2022-11-16 12:00:00+08:00,19.350000381469727,19.350000381469727,19.149999618530273,19.149999618530273,21332,0.0,0.0
2022-11-16 13:00:00+08:00,19.149999618530273,19.149999618530273,19.149999618530273,19.149999618530273,2050,0.0,0.0
2022-11-17 09:00:00+08:00,19.350000381469727,19.600000381469727,19.25,19.25,0,0.0,0.0
2022-11-17 10:00:00+08:00,19.25,19.600000381469727,19.25,19.5,42000,0.0,0.0
2022-11-17 11:00:00+08:00,19.299999237060547,19.5,19.299999237060547,19.5,18000,0.0,0.0
2022-11-17 12:00:00+08:00,19.5,19.649999618530273,19.399999618530273,19.649999618530273,103006,0.0,0.0
2022-11-17 13:00:00+08:00,19.649999618530273,20.100000381469727,19.649999618530273,19.799999237060547,386267,0.0,0.0
2022-11-18 09:00:00+08:00,20.149999618530273,20.200000762939453,19.700000762939453,19.75,0,0.0,0.0
2022-11-18 10:00:00+08:00,19.700000762939453,19.799999237060547,19.450000762939453,19.450000762939453,73010,0.0,0.0
2022-11-18 11:00:00+08:00,19.600000381469727,19.700000762939453,19.399999618530273,19.399999618530273,60017,0.0,0.0
2022-11-18 12:00:00+08:00,19.600000381469727,19.600000381469727,19.399999618530273,19.600000381469727,60116,0.0,0.0
2022-11-18 13:00:00+08:00,19.600000381469727,19.600000381469727,19.450000762939453,19.450000762939453,78020,0.0,0.0
2022-11-21 09:00:00+08:00,19.799999237060547,19.950000762939453,19.600000381469727,19.899999618530273,0,0.0,0.0
2022-11-21 10:00:00+08:00,19.899999618530273,19.899999618530273,19.700000762939453,19.700000762939453,23021,0.0,0.0
2022-11-21 11:00:00+08:00,19.700000762939453,19.700000762939453,19.700000762939453,19.700000762939453,15002,0.0,0.0
2022-11-21 12:00:00+08:00,19.700000762939453,19.700000762939453,19.649999618530273,19.649999618530273,6026,0.0,0.0
2022-11-21 13:00:00+08:00,19.649999618530273,19.649999618530273,19.600000381469727,19.649999618530273,17049,0.0,0.0
2022-11-22 09:00:00+08:00,19.899999618530273,19.899999618530273,19.649999618530273,19.649999618530273,0,0.0,0.0
2022-11-22 10:00:00+08:00,19.649999618530273,19.649999618530273,19.600000381469727,19.600000381469727,57204,0.0,0.0
2022-11-22 11:00:00+08:00,19.600000381469727,19.649999618530273,19.549999237060547,19.549999237060547,6000,0.0,0.0
2022-11-22 12:00:00+08:00,19.549999237060547,19.600000381469727,19.549999237060547,19.600000381469727,5000,0.0,0.0
2022-11-22 13:00:00+08:00,19.649999618530273,19.649999618530273,19.649999618530273,19.649999618530273,9186,0.0,0.0
2022-11-23 09:00:00+08:00,19.600000381469727,19.950000762939453,19.600000381469727,19.700000762939453,0,0.0,0.0
2022-11-23 10:00:00+08:00,19.700000762939453,19.75,19.649999618530273,19.75,30021,0.0,0.0
2022-11-23 11:00:00+08:00,19.700000762939453,19.700000762939453,19.649999618530273,19.649999618530273,17000,0.0,0.0
2022-11-23 12:00:00+08:00,19.649999618530273,19.700000762939453,19.649999618530273,19.649999618530273,19003,0.0,0.0
2022-11-23 13:00:00+08:00,19.600000381469727,19.600000381469727,19.549999237060547,19.549999237060547,13008,0.0,0.0
2022-11-24 09:00:00+08:00,19.600000381469727,19.649999618530273,19.600000381469727,19.649999618530273,0,0.0,0.0
2022-11-24 10:00:00+08:00,19.649999618530273,19.649999618530273,19.649999618530273,19.649999618530273,8001,0.0,0.0
2022-11-24 11:00:00+08:00,19.600000381469727,19.649999618530273,19.600000381469727,19.649999618530273,11001,0.0,0.0
2022-11-24 12:00:00+08:00,19.649999618530273,19.649999618530273,19.600000381469727,19.649999618530273,7055,0.0,0.0
2022-11-24 13:00:00+08:00,19.649999618530273,19.700000762939453,19.600000381469727,19.700000762939453,9001,0.0,0.0
2022-11-25 09:00:00+08:00,19.799999237060547,19.799999237060547,19.399999618530273,19.5,4940,0.0,0.0
2022-11-25 10:00:00+08:00,19.5,19.5,19.399999618530273,19.399999618530273,44429,0.0,0.0
2022-11-25 11:00:00+08:00,19.450000762939453,19.450000762939453,19.450000762939453,19.450000762939453,2000,0.0,0.0
2022-11-25 12:00:00+08:00,19.399999618530273,19.399999618530273,19.350000381469727,19.399999618530273,24002,0.0,0.0
2022-11-25 13:00:00+08:00,19.399999618530273,19.399999618530273,19.350000381469727,19.350000381469727,9000,0.0,0.0
2022-11-28 09:00:00+08:00,19.399999618530273,19.399999618530273,19.049999237060547,19.100000381469727,0,0.0,0.0
2022-11-28 10:00:00+08:00,19.25,19.350000381469727,19.149999618530273,19.350000381469727,15001,0.0,0.0
2022-11-28 11:00:00+08:00,19.350000381469727,19.649999618530273,19.350000381469727,19.649999618530273,20439,0.0,0.0
2022-11-28 12:00:00+08:00,19.649999618530273,19.649999618530273,19.549999237060547,19.600000381469727,20262,0.0,0.0
2022-11-28 13:00:00+08:00,19.5,19.5,19.450000762939453,19.450000762939453,9190,0.0,0.0
2022-11-29 09:00:00+08:00,19.5,19.5,19.5,19.5,0,0.0,0.0
2022-11-29 10:00:00+08:00,19.549999237060547,19.549999237060547,19.549999237060547,19.549999237060547,4777,0.0,0.0
2022-11-29 11:00:00+08:00,19.450000762939453,19.5,19.450000762939453,19.5,5000,0.0,0.0
2022-11-29 12:00:00+08:00,19.5,19.600000381469727,19.450000762939453,19.600000381469727,14000,0.0,0.0
2022-11-29 13:00:00+08:00,19.549999237060547,19.549999237060547,19.450000762939453,19.5,11000,0.0,0.0
2022-11-30 09:00:00+08:00,19.850000381469727,19.850000381469727,19.5,19.549999237060547,104,0.0,0.0
2022-11-30 10:00:00+08:00,19.549999237060547,19.600000381469727,19.549999237060547,19.600000381469727,8000,0.0,0.0
2022-11-30 11:00:00+08:00,19.600000381469727,19.799999237060547,19.600000381469727,19.799999237060547,42020,0.0,0.0
2022-11-30 12:00:00+08:00,19.799999237060547,19.799999237060547,19.700000762939453,19.700000762939453,85000,0.0,0.0
2022-11-30 13:00:00+08:00,19.700000762939453,20.149999618530273,19.649999618530273,20.0,91108,0.0,0.0
2022-12-01 09:00:00+08:00,20.100000381469727,20.25,19.950000762939453,20.049999237060547,0,0.0,0.0
2022-12-01 10:00:00+08:00,20.0,20.149999618530273,19.950000762939453,19.950000762939453,119097,0.0,0.0
2022-12-01 11:00:00+08:00,19.950000762939453,20.450000762939453,19.950000762939453,20.200000762939453,156210,0.0,0.0
2022-12-01 12:00:00+08:00,20.200000762939453,20.25,20.100000381469727,20.149999618530273,35000,0.0,0.0
2022-12-01 13:00:00+08:00,20.149999618530273,20.149999618530273,20.149999618530273,20.149999618530273,5001,0.0,0.0
2022-12-02 09:00:00+08:00,20.149999618530273,20.200000762939453,20.049999237060547,20.100000381469727,0,0.0,0.0
2022-12-02 10:00:00+08:00,20.100000381469727,20.149999618530273,20.100000381469727,20.100000381469727,38112,0.0,0.0
2022-12-02 11:00:00+08:00,20.100000381469727,20.149999618530273,20.100000381469727,20.100000381469727,6000,0.0,0.0
2022-12-02 12:00:00+08:00,20.100000381469727,20.200000762939453,20.049999237060547,20.149999618530273,79000,0.0,0.0
2022-12-02 13:00:00+08:00,20.149999618530273,20.200000762939453,20.149999618530273,20.200000762939453,14011,0.0,0.0
2022-12-05 09:00:00+08:00,20.350000381469727,20.399999618530273,20.0,20.100000381469727,27750,0.0,0.0
2022-12-05 10:00:00+08:00,20.049999237060547,20.299999237060547,20.049999237060547,20.299999237060547,70150,0.0,0.0
2022-12-05 11:00:00+08:00,20.299999237060547,20.299999237060547,20.100000381469727,20.299999237060547,3150,0.0,0.0
2022-12-05 12:00:00+08:00,20.299999237060547,20.299999237060547,20.25,20.25,10000,0.0,0.0
2022-12-05 13:00:00+08:00,20.149999618530273,20.149999618530273,20.149999618530273,20.149999618530273,9000,0.0,0.0
2022-12-06 09:00:00+08:00,20.100000381469727,20.149999618530273,19.899999618530273,20.0,0,0.0,0.0
2022-12-06 10:00:00+08:00,20.0,20.049999237060547,20.0,20.049999237060547,30001,0.0,0.0
2022-12-06 11:00:00+08:00,20.0,20.100000381469727,20.0,20.100000381469727,24036,0.0,0.0
2022-12-06 12:00:00+08:00,20.100000381469727,20.100000381469727,20.0,20.0,56000,0.0,0.0
2022-12-06 13:00:00+08:00,20.0,20.049999237060547,20.0,20.0,60000,0.0,0.0
2022-12-07 09:00:00+08:00,19.899999618530273,21.899999618530273,19.899999618530273,21.350000381469727,1949416,0.0,0.0
2022-12-07 10:00:00+08:00,21.350000381469727,21.350000381469727,20.200000762939453,20.5,222578,0.0,0.0
2022-12-07 11:00:00+08:00,20.5,20.799999237060547,20.399999618530273,20.600000381469727,67117,0.0,0.0
2022-12-07 12:00:00+08:00,20.700000762939453,20.700000762939453,20.399999618530273,20.399999618530273,50586,0.0,0.0
2022-12-07 13:00:00+08:00,20.399999618530273,20.450000762939453,20.299999237060547,20.399999618530273,51500,0.0,0.0
2022-12-08 09:00:00+08:00,20.350000381469727,20.350000381469727,20.0,20.25,0,0.0,0.0
2022-12-08 10:00:00+08:00,20.200000762939453,20.299999237060547,20.200000762939453,20.25,13014,0.0,0.0
2022-12-08 11:00:00+08:00,20.25,20.5,20.149999618530273,20.450000762939453,69000,0.0,0.0
2022-12-08 12:00:00+08:00,20.399999618530273,20.399999618530273,20.25,20.25,8250,0.0,0.0
2022-12-08 13:00:00+08:00,20.299999237060547,20.399999618530273,20.149999618530273,20.399999618530273,21001,0.0,0.0
2022-12-09 09:00:00+08:00,20.049999237060547,20.200000762939453,20.049999237060547,20.149999618530273,0,0.0,0.0
2022-12-09 10:00:00+08:00,20.149999618530273,20.299999237060547,20.149999618530273,20.25,10000,0.0,0.0
2022-12-09 11:00:00+08:00,20.25,20.25,20.100000381469727,20.149999618530273,20000,0.0,0.0
2022-12-09 12:00:00+08:00,20.100000381469727,20.100000381469727,19.950000762939453,19.950000762939453,46315,0.0,0.0
2022-12-09 13:00:00+08:00,20.0,20.049999237060547,20.0,20.049999237060547,11020,0.0,0.0
2022-12-12 09:00:00+08:00,20.100000381469727,20.100000381469727,19.950000762939453,19.950000762939453,0,0.0,0.0
2022-12-12 10:00:00+08:00,19.950000762939453,20.049999237060547,19.950000762939453,20.0,15000,0.0,0.0
2022-12-12 11:00:00+08:00,20.0,20.049999237060547,20.0,20.049999237060547,5200,0.0,0.0
2022-12-12 12:00:00+08:00,20.049999237060547,20.100000381469727,20.049999237060547,20.100000381469727,15005,0.0,0.0
2022-12-12 13:00:00+08:00,20.149999618530273,20.149999618530273,20.100000381469727,20.100000381469727,5000,0.0,0.0
2022-12-13 09:00:00+08:00,20.100000381469727,21.399999618530273,19.950000762939453,20.549999237060547,5592748,0.0,0.0
2022-12-13 10:00:00+08:00,20.549999237060547,20.600000381469727,20.350000381469727,20.399999618530273,90654,0.0,0.0
2022-12-13 11:00:00+08:00,20.399999618530273,20.399999618530273,20.100000381469727,20.200000762939453,161001,0.0,0.0
2022-12-13 12:00:00+08:00,20.200000762939453,20.399999618530273,20.200000762939453,20.399999618530273,53004,0.0,0.0
2022-12-13 13:00:00+08:00,20.450000762939453,20.450000762939453,20.25,20.350000381469727,98084,0.0,0.0
2022-12-14 09:00:00+08:00,20.5,20.5,20.0,20.200000762939453,0,0.0,0.0
2022-12-14 10:00:00+08:00,20.299999237060547,20.299999237060547,20.049999237060547,20.100000381469727,94501,0.0,0.0
2022-12-14 11:00:00+08:00,20.100000381469727,20.299999237060547,20.100000381469727,20.299999237060547,15097,0.0,0.0
2022-12-14 12:00:00+08:00,20.299999237060547,20.350000381469727,20.25,20.25,23000,0.0,0.0
2022-12-14 13:00:00+08:00,20.200000762939453,20.350000381469727,20.200000762939453,20.299999237060547,35099,0.0,0.0
2022-12-15 09:00:00+08:00,20.450000762939453,20.450000762939453,20.049999237060547,20.049999237060547,0,0.0,0.0
2022-12-15 10:00:00+08:00,20.049999237060547,20.149999618530273,20.0,20.149999618530273,31095,0.0,0.0
2022-12-15 11:00:00+08:00,20.149999618530273,20.149999618530273,20.100000381469727,20.100000381469727,7742,0.0,0.0
2022-12-15 12:00:00+08:00,20.200000762939453,20.25,20.100000381469727,20.149999618530273,18009,0.0,0.0
2022-12-15 13:00:00+08:00,20.149999618530273,20.149999618530273,20.149999618530273,20.149999618530273,3003,0.0,0.0
2022-12-16 09:00:00+08:00,20.149999618530273,20.149999618530273,20.049999237060547,20.049999237060547,0,0.0,0.0
2022-12-16 10:00:00+08:00,20.049999237060547,20.100000381469727,20.049999237060547,20.100000381469727,22003,0.0,0.0
2022-12-16 11:00:00+08:00,20.100000381469727,20.149999618530273,20.049999237060547,20.049999237060547,28118,0.0,0.0
2022-12-16 12:00:00+08:00,20.049999237060547,20.049999237060547,20.0,20.049999237060547,30616,0.0,0.0
2022-12-16 13:00:00+08:00,20.049999237060547,20.100000381469727,20.049999237060547,20.049999237060547,10102,0.0,0.0
2022-12-19 09:00:00+08:00,20.049999237060547,20.049999237060547,19.950000762939453,20.0,0,0.0,0.0
2022-12-19 10:00:00+08:00,20.049999237060547,20.049999237060547,20.0,20.0,12000,0.0,0.0
2022-12-19 11:00:00+08:00,20.0,20.0,19.950000762939453,20.0,14000,0.0,0.0
2022-12-19 12:00:00+08:00,20.0,20.0,19.950000762939453,19.950000762939453,17001,0.0,0.0
2022-12-19 13:00:00+08:00,20.0,20.0,19.950000762939453,19.950000762939453,4000,0.0,0.0
2022-12-20 09:00:00+08:00,20.0,20.0,19.899999618530273,19.950000762939453,0,0.0,0.0
2022-12-20 10:00:00+08:00,19.950000762939453,19.950000762939453,19.950000762939453,19.950000762939453,11007,0.0,0.0
2022-12-20 11:00:00+08:00,19.899999618530273,19.899999618530273,19.700000762939453,19.850000381469727,103116,0.0,0.0
2022-12-20 12:00:00+08:00,19.75,19.850000381469727,19.700000762939453,19.700000762939453,52054,0.0,0.0
2022-12-20 13:00:00+08:00,19.700000762939453,19.799999237060547,19.700000762939453,19.799999237060547,29011,0.0,0.0
2022-12-21 09:00:00+08:00,19.899999618530273,19.899999618530273,19.899999618530273,19.899999618530273,0,0.0,0.0
2022-12-21 10:00:00+08:00,19.899999618530273,19.899999618530273,19.899999618530273,19.899999618530273,19044,0.0,0.0
2022-12-21 11:00:00+08:00,19.850000381469727,19.899999618530273,19.799999237060547,19.899999618530273,68011,0.0,0.0
2022-12-21 13:00:00+08:00,19.850000381469727,19.850000381469727,19.850000381469727,19.850000381469727,1000,0.0,0.0
2022-12-22 09:00:00+08:00,19.950000762939453,19.950000762939453,19.950000762939453,19.950000762939453,0,0.0,0.0
2022-12-22 10:00:00+08:00,19.899999618530273,19.899999618530273,19.899999618530273,19.899999618530273,6000,0.0,0.0
2022-12-22 11:00:00+08:00,19.899999618530273,19.950000762939453,19.899999618530273,19.899999618530273,11545,0.0,0.0
2022-12-22 12:00:00+08:00,19.899999618530273,19.899999618530273,19.899999618530273,19.899999618530273,5216,0.0,0.0
2022-12-22 13:00:00+08:00,19.950000762939453,19.950000762939453,19.899999618530273,19.899999618530273,5011,0.0,0.0
2022-12-23 09:00:00+08:00,19.799999237060547,19.850000381469727,19.799999237060547,19.850000381469727,0,0.0,0.0
2022-12-23 12:00:00+08:00,19.899999618530273,20.049999237060547,19.899999618530273,20.049999237060547,12010,0.0,0.0
2022-12-23 13:00:00+08:00,20.0,20.049999237060547,20.0,20.049999237060547,3010,0.0,0.0
2022-12-26 09:00:00+08:00,19.950000762939453,19.950000762939453,19.950000762939453,19.950000762939453,0,0.0,0.0
2022-12-26 10:00:00+08:00,20.049999237060547,20.049999237060547,20.0,20.0,3000,0.0,0.0
2022-12-26 11:00:00+08:00,20.0,20.0,20.0,20.0,12226,0.0,0.0
2022-12-26 12:00:00+08:00,20.0,20.0,20.0,20.0,2000,0.0,0.0
2022-12-26 13:00:00+08:00,20.049999237060547,20.049999237060547,20.049999237060547,20.049999237060547,3004,0.0,0.0
2022-12-27 09:00:00+08:00,20.200000762939453,20.200000762939453,19.899999618530273,19.899999618530273,0,0.0,0.0
2022-12-27 10:00:00+08:00,19.899999618530273,19.899999618530273,19.850000381469727,19.899999618530273,31026,0.0,0.0
2022-12-27 11:00:00+08:00,19.899999618530273,19.899999618530273,19.850000381469727,19.850000381469727,15016,0.0,0.0
2022-12-27 12:00:00+08:00,19.850000381469727,19.850000381469727,19.799999237060547,19.850000381469727,19001,0.0,0.0
2022-12-27 13:00:00+08:00,19.850000381469727,19.850000381469727,19.850000381469727,19.850000381469727,24001,0.0,0.0
2022-12-28 09:00:00+08:00,19.899999618530273,19.899999618530273,19.899999618530273,19.899999618530273,0,0.0,0.0
2022-12-28 10:00:00+08:00,19.899999618530273,19.899999618530273,19.850000381469727,19.850000381469727,9003,0.0,0.0
2022-12-28 11:00:00+08:00,19.850000381469727,19.850000381469727,19.799999237060547,19.850000381469727,24120,0.0,0.0
2022-12-28 12:00:00+08:00,19.850000381469727,19.850000381469727,19.799999237060547,19.799999237060547,3000,0.0,0.0
2022-12-28 13:00:00+08:00,19.799999237060547,19.799999237060547,19.75,19.75,7000,0.0,0.0
2022-12-29 09:00:00+08:00,19.850000381469727,19.850000381469727,19.799999237060547,19.799999237060547,0,0.0,0.0
2022-12-29 11:00:00+08:00,19.75,19.75,19.75,19.75,3062,0.0,0.0
2022-12-29 12:00:00+08:00,19.75,19.799999237060547,19.75,19.799999237060547,2000,0.0,0.0
2022-12-29 13:00:00+08:00,19.75,19.75,19.75,19.75,9000,0.0,0.0
2022-12-30 10:00:00+08:00,19.850000381469727,19.850000381469727,19.850000381469727,19.850000381469727,0,0.0,0.0
2022-12-30 11:00:00+08:00,19.799999237060547,19.799999237060547,19.75,19.75,9038,0.0,0.0
2022-12-30 12:00:00+08:00,19.799999237060547,19.799999237060547,19.75,19.75,8000,0.0,0.0
2022-12-30 13:00:00+08:00,19.700000762939453,19.799999237060547,19.700000762939453,19.799999237060547,6020,0.0,0.0
2023-01-03 09:00:00+08:00,19.75,19.799999237060547,19.75,19.799999237060547,0,0.0,0.0
2023-01-03 10:00:00+08:00,19.799999237060547,19.799999237060547,19.799999237060547,19.799999237060547,6000,0.0,0.0
2023-01-03 11:00:00+08:00,19.799999237060547,19.799999237060547,19.799999237060547,19.799999237060547,1022,0.0,0.0
2023-01-03 12:00:00+08:00,19.799999237060547,19.850000381469727,19.799999237060547,19.850000381469727,4000,0.0,0.0
2023-01-04 09:00:00+08:00,19.75,19.799999237060547,19.700000762939453,19.700000762939453,0,0.0,0.0
2023-01-04 10:00:00+08:00,19.899999618530273,19.899999618530273,19.899999618530273,19.899999618530273,11000,0.0,0.0
2023-01-04 11:00:00+08:00,19.899999618530273,19.899999618530273,19.899999618530273,19.899999618530273,9000,0.0,0.0
2023-01-04 12:00:00+08:00,19.850000381469727,19.899999618530273,19.850000381469727,19.899999618530273,4000,0.0,0.0
2023-01-05 09:00:00+08:00,19.950000762939453,19.950000762939453,19.950000762939453,19.950000762939453,0,0.0,0.0
2023-01-05 10:00:00+08:00,19.899999618530273,19.950000762939453,19.850000381469727,19.950000762939453,14001,0.0,0.0
2023-01-05 11:00:00+08:00,19.950000762939453,19.950000762939453,19.850000381469727,19.850000381469727,5000,0.0,0.0
2023-01-05 12:00:00+08:00,19.850000381469727,20.0,19.850000381469727,20.0,14100,0.0,0.0
2023-01-05 13:00:00+08:00,19.899999618530273,20.0,19.899999618530273,19.950000762939453,8011,0.0,0.0
2023-01-06 09:00:00+08:00,20.0,20.600000381469727,19.950000762939453,20.600000381469727,157847,0.0,0.0
2023-01-06 10:00:00+08:00,20.600000381469727,20.700000762939453,20.399999618530273,20.450000762939453,85038,0.0,0.0
2023-01-06 11:00:00+08:00,20.450000762939453,20.5,20.25,20.25,20000,0.0,0.0
2023-01-06 12:00:00+08:00,20.25,20.5,20.0,20.5,116002,0.0,0.0
2023-01-06 13:00:00+08:00,20.299999237060547,20.299999237060547,20.200000762939453,20.25,3012,0.0,0.0
2023-01-09 09:00:00+08:00,20.399999618530273,20.5,20.299999237060547,20.299999237060547,0,0.0,0.0
2023-01-09 10:00:00+08:00,20.399999618530273,20.5,20.299999237060547,20.450000762939453,52018,0.0,0.0
2023-01-09 11:00:00+08:00,20.450000762939453,20.5,20.299999237060547,20.5,76037,0.0,0.0
2023-01-09 12:00:00+08:00,20.549999237060547,20.600000381469727,20.450000762939453,20.600000381469727,74610,0.0,0.0
2023-01-09 13:00:00+08:00,20.649999618530273,20.649999618530273,20.549999237060547,20.649999618530273,45001,0.0,0.0
2023-01-10 09:00:00+08:00,20.399999618530273,20.75,20.399999618530273,20.700000762939453,0,0.0,0.0
2023-01-10 10:00:00+08:00,20.700000762939453,20.700000762939453,20.5,20.649999618530273,54100,0.0,0.0
2023-01-10 11:00:00+08:00,20.649999618530273,20.700000762939453,20.5,20.700000762939453,44497,0.0,0.0
2023-01-10 12:00:00+08:00,20.700000762939453,20.700000762939453,20.450000762939453,20.649999618530273,54020,0.0,0.0
2023-01-10 13:00:00+08:00,20.649999618530273,20.700000762939453,20.450000762939453,20.700000762939453,27000,0.0,0.0
2023-01-11 09:00:00+08:00,20.649999618530273,20.75,20.600000381469727,20.700000762939453,0,0.0,0.0
2023-01-11 10:00:00+08:00,20.700000762939453,20.700000762939453,20.450000762939453,20.5,101000,0.0,0.0
2023-01-11 11:00:00+08:00,20.5,20.5,20.450000762939453,20.450000762939453,14292,0.0,0.0
2023-01-11 12:00:00+08:00,20.5,20.649999618530273,20.5,20.600000381469727,23002,0.0,0.0
2023-01-11 13:00:00+08:00,20.5,20.649999618530273,20.5,20.649999618530273,33495,0.0,0.0
2023-01-12 09:00:00+08:00,20.600000381469727,20.649999618530273,20.600000381469727,20.600000381469727,0,0.0,0.0
2023-01-12 10:00:00+08:00,20.600000381469727,20.649999618530273,20.600000381469727,20.600000381469727,30401,0.0,0.0
2023-01-12 11:00:00+08:00,20.600000381469727,20.700000762939453,20.5,20.700000762939453,55784,0.0,0.0
2023-01-12 12:00:00+08:00,20.549999237060547,20.700000762939453,20.5,20.649999618530273,47000,0.0,0.0
2023-01-12 13:00:00+08:00,20.649999618530273,20.799999237060547,20.649999618530273,20.799999237060547,109002,0.0,0.0
2023-01-13 09:00:00+08:00,20.600000381469727,20.649999618530273,20.600000381469727,20.600000381469727,0,0.0,0.0
2023-01-13 10:00:00+08:00,20.600000381469727,20.649999618530273,20.5,20.600000381469727,64026,0.0,0.0
2023-01-13 11:00:00+08:00,20.600000381469727,20.600000381469727,20.5,20.600000381469727,41007,0.0,0.0
2023-01-13 12:00:00+08:00,20.600000381469727,20.649999618530273,20.549999237060547,20.549999237060547,38041,0.0,0.0
2023-01-13 13:00:00+08:00,20.549999237060547,20.649999618530273,20.549999237060547,20.600000381469727,14211,0.0,0.0
2023-01-16 09:00:00+08:00,20.649999618530273,20.899999618530273,20.600000381469727,20.700000762939453,0,0.0,0.0
2023-01-16 10:00:00+08:00,20.649999618530273,21.0,20.649999618530273,21.0,250923,0.0,0.0
2023-01-16 11:00:00+08:00,20.799999237060547,20.950000762939453,20.649999618530273,20.899999618530273,43012,0.0,0.0
2023-01-16 12:00:00+08:00,20.850000381469727,21.200000762939453,20.850000381469727,21.149999618530273,391096,0.0,0.0
2023-01-16 13:00:00+08:00,21.149999618530273,21.149999618530273,21.049999237060547,21.049999237060547,23000,0.0,0.0
2023-01-17 09:00:00+08:00,21.0,21.25,20.899999618530273,21.200000762939453,0,0.0,0.0
2023-01-17 10:00:00+08:00,21.200000762939453,21.200000762939453,21.049999237060547,21.049999237060547,28018,0.0,0.0
2023-01-17 11:00:00+08:00,21.100000381469727,21.350000381469727,21.0,21.350000381469727,151000,0.0,0.0
2023-01-17 12:00:00+08:00,21.350000381469727,21.350000381469727,21.049999237060547,21.25,29023,0.0,0.0
2023-01-17 13:00:00+08:00,21.25,21.299999237060547,21.100000381469727,21.299999237060547,106001,0.0,0.0
2023-01-30 09:00:00+08:00,21.200000762939453,21.5,21.200000762939453,21.450000762939453,0,0.0,0.0
2023-01-30 10:00:00+08:00,21.5,21.549999237060547,21.200000762939453,21.5,90347,0.0,0.0
2023-01-30 11:00:00+08:00,21.5,21.549999237060547,21.450000762939453,21.5,36000,0.0,0.0
2023-01-30 12:00:00+08:00,21.399999618530273,21.5,21.399999618530273,21.450000762939453,36891,0.0,0.0
2023-01-30 13:00:00+08:00,21.450000762939453,21.549999237060547,21.450000762939453,21.549999237060547,98640,0.0,0.0
2023-01-31 09:00:00+08:00,21.5,21.799999237060547,21.5,21.75,0,0.0,0.0
2023-01-31 10:00:00+08:00,21.75,21.799999237060547,21.600000381469727,21.75,62278,0.0,0.0
2023-01-31 11:00:00+08:00,21.75,21.799999237060547,21.700000762939453,21.799999237060547,45661,0.0,0.0
2023-01-31 12:00:00+08:00,21.799999237060547,21.799999237060547,21.75,21.799999237060547,47052,0.0,0.0
2023-01-31 13:00:00+08:00,21.799999237060547,21.850000381469727,21.75,21.850000381469727,75674,0.0,0.0
2023-02-01 09:00:00+08:00,21.899999618530273,21.950000762939453,21.549999237060547,21.799999237060547,0,0.0,0.0
2023-02-01 11:00:00+08:00,21.600000381469727,21.799999237060547,21.5,21.5,30151,0.0,0.0
2023-02-01 12:00:00+08:00,21.5,21.799999237060547,21.5,21.799999237060547,77400,0.0,0.0
2023-02-01 13:00:00+08:00,21.75,21.899999618530273,21.75,21.899999618530273,56330,0.0,0.0
2023-02-02 09:00:00+08:00,21.799999237060547,21.850000381469727,21.700000762939453,21.850000381469727,0,0.0,0.0
2023-02-02 10:00:00+08:00,21.850000381469727,21.950000762939453,21.799999237060547,21.899999618530273,81004,0.0,0.0
2023-02-02 11:00:00+08:00,21.899999618530273,21.950000762939453,21.850000381469727,21.950000762939453,62154,0.0,0.0
2023-02-02 12:00:00+08:00,21.950000762939453,21.950000762939453,21.850000381469727,21.899999618530273,46037,0.0,0.0
2023-02-02 13:00:00+08:00,21.899999618530273,22.100000381469727,21.899999618530273,22.100000381469727,338957,0.0,0.0
2023-02-03 09:00:00+08:00,22.0,22.299999237060547,22.0,22.200000762939453,0,0.0,0.0
2023-02-03 10:00:00+08:00,22.200000762939453,22.25,22.200000762939453,22.25,78018,0.0,0.0
2023-02-03 11:00:00+08:00,22.200000762939453,22.25,22.149999618530273,22.25,83453,0.0,0.0
2023-02-03 12:00:00+08:00,22.25,22.299999237060547,22.200000762939453,22.299999237060547,109207,0.0,0.0
2023-02-03 13:00:00+08:00,22.299999237060547,22.299999237060547,22.149999618530273,22.149999618530273,215783,0.0,0.0
2023-02-06 09:00:00+08:00,22.299999237060547,22.350000381469727,21.450000762939453,21.899999618530273,0,0.0,0.0
2023-02-06 10:00:00+08:00,21.899999618530273,21.950000762939453,21.75,21.75,31332,0.0,0.0
2023-02-06 11:00:00+08:00,21.700000762939453,21.799999237060547,21.5,21.75,35213,0.0,0.0
2023-02-06 12:00:00+08:00,21.700000762939453,21.700000762939453,21.5,21.5,76619,0.0,0.0
2023-02-06 13:00:00+08:00,21.5,21.549999237060547,21.399999618530273,21.549999237060547,54664,0.0,0.0
2023-02-07 09:00:00+08:00,21.5,21.5,21.399999618530273,21.399999618530273,0,0.0,0.0
2023-02-07 10:00:00+08:00,21.399999618530273,21.399999618530273,21.350000381469727,21.399999618530273,12105,0.0,0.0
2023-02-07 11:00:00+08:00,21.399999618530273,21.399999618530273,21.350000381469727,21.350000381469727,25001,0.0,0.0
2023-02-07 12:00:00+08:00,21.350000381469727,21.350000381469727,21.299999237060547,21.299999237060547,17503,0.0,0.0
2023-02-07 13:00:00+08:00,21.299999237060547,21.299999237060547,21.200000762939453,21.25,43406,0.0,0.0
2023-02-08 09:00:00+08:00,21.200000762939453,21.350000381469727,21.100000381469727,21.100000381469727,0,0.0,0.0
2023-02-08 10:00:00+08:00,21.149999618530273,21.25,21.149999618530273,21.200000762939453,9006,0.0,0.0
2023-02-08 11:00:00+08:00,21.200000762939453,21.350000381469727,21.200000762939453,21.350000381469727,11002,0.0,0.0
2023-02-08 12:00:00+08:00,21.299999237060547,21.350000381469727,21.25,21.350000381469727,5099,0.0,0.0
2023-02-08 13:00:00+08:00,21.299999237060547,21.299999237060547,21.299999237060547,21.299999237060547,9005,0.0,0.0
2023-02-09 09:00:00+08:00,21.450000762939453,21.5,21.399999618530273,21.399999618530273,0,0.0,0.0
2023-02-09 10:00:00+08:00,21.399999618530273,21.399999618530273,21.350000381469727,21.350000381469727,20002,0.0,0.0
2023-02-09 11:00:00+08:00,21.299999237060547,21.299999237060547,21.299999237060547,21.299999237060547,7000,0.0,0.0
2023-02-09 12:00:00+08:00,21.299999237060547,21.299999237060547,21.299999237060547,21.299999237060547,3001,0.0,0.0
2023-02-09 13:00:00+08:00,21.299999237060547,21.299999237060547,21.200000762939453,21.200000762939453,8249,0.0,0.0
2023-02-10 09:00:00+08:00,21.25,21.25,20.700000762939453,20.850000381469727,9744,0.0,0.0
2023-02-10 10:00:00+08:00,20.850000381469727,20.950000762939453,20.799999237060547,20.950000762939453,10104,0.0,0.0
2023-02-10 11:00:00+08:00,20.950000762939453,20.950000762939453,20.950000762939453,20.950000762939453,4055,0.0,0.0
2023-02-10 12:00:00+08:00,20.950000762939453,20.950000762939453,20.950000762939453,20.950000762939453,1005,0.0,0.0
2023-02-10 13:00:00+08:00,20.950000762939453,21.0,20.950000762939453,21.0,2001,0.0,0.0
2023-02-13 09:00:00+08:00,21.0,21.0,20.649999618530273,20.700000762939453,0,0.0,0.0
2023-02-13 10:00:00+08:00,20.649999618530273,20.700000762939453,20.600000381469727,20.649999618530273,22103,0.0,0.0
2023-02-13 11:00:00+08:00,20.649999618530273,20.75,20.649999618530273,20.75,15000,0.0,0.0
2023-02-13 12:00:00+08:00,20.75,20.799999237060547,20.75,20.799999237060547,7105,0.0,0.0
2023-02-13 13:00:00+08:00,20.799999237060547,20.799999237060547,20.799999237060547,20.799999237060547,11001,0.0,0.0
2023-02-14 09:00:00+08:00,21.200000762939453,21.450000762939453,20.799999237060547,20.899999618530273,0,0.0,0.0
2023-02-14 10:00:00+08:00,20.899999618530273,20.950000762939453,20.899999618530273,20.899999618530273,6402,0.0,0.0
2023-02-14 11:00:00+08:00,20.899999618530273,20.899999618530273,20.850000381469727,20.850000381469727,7420,0.0,0.0
2023-02-14 12:00:00+08:00,20.850000381469727,20.850000381469727,20.799999237060547,20.799999237060547,11659,0.0,0.0
2023-02-14 13:00:00+08:00,20.799999237060547,20.799999237060547,20.799999237060547,20.799999237060547,6102,0.0,0.0
2023-02-15 09:00:00+08:00,20.850000381469727,21.0,20.600000381469727,20.649999618530273,0,0.0,0.0
2023-02-15 10:00:00+08:00,20.75,20.850000381469727,20.75,20.75,18201,0.0,0.0
2023-02-15 11:00:00+08:00,20.75,20.75,20.75,20.75,1003,0.0,0.0
2023-02-15 12:00:00+08:00,20.75,20.799999237060547,20.75,20.799999237060547,8104,0.0,0.0
2023-02-15 13:00:00+08:00,20.850000381469727,20.850000381469727,20.850000381469727,20.850000381469727,1000,0.0,0.0
2023-02-16 09:00:00+08:00,20.899999618530273,20.899999618530273,20.850000381469727,20.850000381469727,0,0.0,0.0
2023-02-16 10:00:00+08:00,20.799999237060547,20.799999237060547,20.799999237060547,20.799999237060547,2106,0.0,0.0
2023-02-16 11:00:00+08:00,20.799999237060547,20.799999237060547,20.799999237060547,20.799999237060547,1052,0.0,0.0
2023-02-16 12:00:00+08:00,20.799999237060547,20.799999237060547,20.649999618530273,20.649999618530273,8022,0.0,0.0
2023-02-16 13:00:00+08:00,20.700000762939453,20.700000762939453,20.700000762939453,20.700000762939453,6001,0.0,0.0
2023-02-17 09:00:00+08:00,20.700000762939453,20.700000762939453,20.700000762939453,20.700000762939453,0,0.0,0.0
2023-02-17 10:00:00+08:00,20.700000762939453,20.700000762939453,20.649999618530273,20.649999618530273,12004,0.0,0.0
2023-02-17 11:00:00+08:00,20.649999618530273,20.649999618530273,20.649999618530273,20.649999618530273,11000,0.0,0.0
2023-02-17 12:00:00+08:00,20.649999618530273,20.700000762939453,20.600000381469727,20.700000762939453,21102,0.0,0.0
2023-02-17 13:00:00+08:00,20.649999618530273,20.649999618530273,20.649999618530273,20.649999618530273,5180,0.0,0.0
2023-02-20 09:00:00+08:00,20.700000762939453,20.75,20.700000762939453,20.700000762939453,0,0.0,0.0
2023-02-20 10:00:00+08:00,20.700000762939453,20.700000762939453,20.700000762939453,20.700000762939453,2902,0.0,0.0
2023-02-20 11:00:00+08:00,20.700000762939453,20.700000762939453,20.700000762939453,20.700000762939453,13893,0.0,0.0
2023-02-20 12:00:00+08:00,20.700000762939453,20.75,20.700000762939453,20.700000762939453,10450,0.0,0.0
2023-02-20 13:00:00+08:00,20.700000762939453,20.75,20.700000762939453,20.75,8002,0.0,0.0
2023-02-21 09:00:00+08:00,21.200000762939453,21.200000762939453,20.700000762939453,20.700000762939453,0,0.0,0.0
2023-02-21 10:00:00+08:00,20.700000762939453,20.700000762939453,20.700000762939453,20.700000762939453,3001,0.0,0.0
2023-02-21 11:00:00+08:00,20.700000762939453,20.700000762939453,20.700000762939453,20.700000762939453,12153,0.0,0.0
2023-02-21 12:00:00+08:00,20.700000762939453,20.700000762939453,20.700000762939453,20.700000762939453,3000,0.0,0.0
2023-02-21 13:00:00+08:00,20.75,20.75,20.75,20.75,2000,0.0,0.0
2023-02-22 09:00:00+08:00,20.700000762939453,20.700000762939453,20.5,20.549999237060547,0,0.0,0.0
2023-02-22 10:00:00+08:00,20.549999237060547,20.600000381469727,20.549999237060547,20.549999237060547,11898,0.0,0.0
2023-02-22 11:00:00+08:00,20.549999237060547,20.649999618530273,20.549999237060547,20.649999618530273,6002,0.0,0.0
2023-02-22 12:00:00+08:00,20.600000381469727,20.700000762939453,20.600000381469727,20.700000762939453,6005,0.0,0.0
2023-02-22 13:00:00+08:00,20.649999618530273,20.649999618530273,20.600000381469727,20.649999618530273,18002,0.0,0.0
2023-02-23 09:00:00+08:00,21.100000381469727,21.100000381469727,20.700000762939453,20.700000762939453,0,0.0,0.0
2023-02-23 10:00:00+08:00,20.75,20.75,20.75,20.75,3052,0.0,0.0
2023-02-23 11:00:00+08:00,20.700000762939453,20.700000762939453,20.700000762939453,20.700000762939453,18006,0.0,0.0
2023-02-23 12:00:00+08:00,20.700000762939453,20.75,20.700000762939453,20.700000762939453,4002,0.0,0.0
2023-02-23 13:00:00+08:00,20.700000762939453,20.75,20.649999618530273,20.700000762939453,10301,0.0,0.0
2023-02-24 09:00:00+08:00,21.799999237060547,21.799999237060547,20.5,20.649999618530273,0,0.0,0.0
2023-02-24 10:00:00+08:00,20.649999618530273,20.700000762939453,20.649999618530273,20.700000762939453,6003,0.0,0.0
2023-02-24 11:00:00+08:00,20.700000762939453,20.75,20.649999618530273,20.700000762939453,18004,0.0,0.0
2023-02-24 12:00:00+08:00,20.700000762939453,20.799999237060547,20.700000762939453,20.75,23503,0.0,0.0
2023-02-24 13:00:00+08:00,20.700000762939453,20.75,20.700000762939453,20.75,2003,0.0,0.0
2023-03-01 09:00:00+08:00,20.950000762939453,20.950000762939453,20.549999237060547,20.549999237060547,0,0.0,0.0
2023-03-01 10:00:00+08:00,20.549999237060547,20.700000762939453,20.549999237060547,20.700000762939453,5252,0.0,0.0
2023-03-01 11:00:00+08:00,20.75,21.100000381469727,20.700000762939453,20.950000762939453,62048,0.0,0.0
2023-03-01 12:00:00+08:00,20.950000762939453,21.100000381469727,20.899999618530273,21.100000381469727,39260,0.0,0.0
2023-03-01 13:00:00+08:00,21.100000381469727,21.149999618530273,21.100000381469727,21.149999618530273,39000,0.0,0.0
2023-03-02 09:00:00+08:00,21.100000381469727,21.25,21.049999237060547,21.25,0,0.0,0.0
2023-03-02 10:00:00+08:00,21.25,21.299999237060547,21.25,21.299999237060547,21005,0.0,0.0
2023-03-02 11:00:00+08:00,21.299999237060547,21.299999237060547,21.25,21.25,40004,0.0,0.0
2023-03-02 12:00:00+08:00,21.25,21.350000381469727,21.25,21.350000381469727,12551,0.0,0.0
2023-03-02 13:00:00+08:00,21.350000381469727,21.350000381469727,21.350000381469727,21.350000381469727,8027,0.0,0.0
2023-03-03 09:00:00+08:00,21.5,21.549999237060547,21.399999618530273,21.450000762939453,0,0.0,0.0
2023-03-03 10:00:00+08:00,21.399999618530273,21.399999618530273,21.299999237060547,21.299999237060547,30194,0.0,0.0
2023-03-03 11:00:00+08:00,21.350000381469727,21.350000381469727,21.350000381469727,21.350000381469727,1000,0.0,0.0
2023-03-03 12:00:00+08:00,21.299999237060547,21.350000381469727,21.299999237060547,21.350000381469727,10101,0.0,0.0
2023-03-03 13:00:00+08:00,21.350000381469727,21.350000381469727,21.299999237060547,21.350000381469727,23102,0.0,0.0
2023-03-06 09:00:00+08:00,21.399999618530273,21.600000381469727,21.399999618530273,21.450000762939453,0,0.0,0.0
2023-03-06 10:00:00+08:00,21.399999618530273,21.450000762939453,21.399999618530273,21.399999618530273,88158,0.0,0.0
2023-03-06 11:00:00+08:00,21.399999618530273,21.399999618530273,21.399999618530273,21.399999618530273,29225,0.0,0.0
2023-03-06 12:00:00+08:00,21.399999618530273,21.5,21.399999618530273,21.5,12190,0.0,0.0
2023-03-06 13:00:00+08:00,21.450000762939453,21.5,21.450000762939453,21.5,28008,0.0,0.0
2023-03-07 09:00:00+08:00,21.399999618530273,21.5,21.399999618530273,21.450000762939453,0,0.0,0.0
2023-03-07 10:00:00+08:00,21.450000762939453,21.450000762939453,21.450000762939453,21.450000762939453,28004,0.0,0.0
2023-03-07 11:00:00+08:00,21.450000762939453,21.549999237060547,21.450000762939453,21.549999237060547,42000,0.0,0.0
2023-03-07 12:00:00+08:00,21.5,21.5,21.350000381469727,21.399999618530273,65870,0.0,0.0
2023-03-07 13:00:00+08:00,21.450000762939453,21.5,21.450000762939453,21.5,8000,0.0,0.0
2023-03-08 09:00:00+08:00,21.450000762939453,21.450000762939453,21.299999237060547,21.350000381469727,0,0.0,0.0
2023-03-08 10:00:00+08:00,21.399999618530273,21.549999237060547,21.399999618530273,21.399999618530273,60670,0.0,0.0
2023-03-08 11:00:00+08:00,21.399999618530273,21.399999618530273,21.350000381469727,21.399999618530273,35055,0.0,0.0
2023-03-08 12:00:00+08:00,21.399999618530273,21.399999618530273,21.350000381469727,21.399999618530273,12002,0.0,0.0
2023-03-08 13:00:00+08:00,21.350000381469727,21.399999618530273,21.350000381469727,21.399999618530273,20002,0.0,0.0
2023-03-09 09:00:00+08:00,21.399999618530273,21.399999618530273,21.200000762939453,21.25,0,0.0,0.0
2023-03-09 10:00:00+08:00,21.200000762939453,21.200000762939453,21.049999237060547,21.049999237060547,40313,0.0,0.0
2023-03-09 11:00:00+08:00,21.049999237060547,21.049999237060547,21.049999237060547,21.049999237060547,22244,0.0,0.0
2023-03-09 12:00:00+08:00,21.100000381469727,21.100000381469727,20.899999618530273,21.0,53496,0.0,0.0
2023-03-09 13:00:00+08:00,21.0,21.0,20.799999237060547,20.950000762939453,57230,0.0,0.0
2023-03-10 09:00:00+08:00,20.799999237060547,20.799999237060547,20.75,20.75,0,0.0,0.0
2023-03-10 10:00:00+08:00,20.75,20.799999237060547,20.700000762939453,20.700000762939453,17000,0.0,0.0
2023-03-10 11:00:00+08:00,20.700000762939453,20.700000762939453,20.549999237060547,20.549999237060547,49421,0.0,0.0
2023-03-10 12:00:00+08:00,20.549999237060547,20.549999237060547,20.350000381469727,20.5,45414,0.0,0.0
2023-03-10 13:00:00+08:00,20.399999618530273,20.600000381469727,20.399999618530273,20.600000381469727,21358,0.0,0.0
2023-03-13 09:00:00+08:00,20.399999618530273,20.5,19.799999237060547,19.799999237060547,111225,0.0,0.0
2023-03-13 10:00:00+08:00,20.0,20.799999237060547,20.0,20.799999237060547,12010,0.0,0.0
2023-03-13 11:00:00+08:00,20.399999618530273,20.399999618530273,20.399999618530273,20.399999618530273,3111,0.0,0.0
2023-03-13 12:00:00+08:00,20.399999618530273,20.399999618530273,20.149999618530273,20.149999618530273,638031,0.0,0.0
2023-03-13 13:00:00+08:00,20.149999618530273,20.25,20.149999618530273,20.25,206002,0.0,0.0
2023-03-14 09:00:00+08:00,20.200000762939453,20.399999618530273,20.200000762939453,20.399999618530273,0,0.0,0.0
2023-03-14 10:00:00+08:00,20.299999237060547,20.299999237060547,20.299999237060547,20.299999237060547,2000,0.0,0.0
2023-03-14 11:00:00+08:00,20.299999237060547,20.350000381469727,20.299999237060547,20.350000381469727,5001,0.0,0.0
2023-03-14 12:00:00+08:00,20.299999237060547,20.299999237060547,20.299999237060547,20.299999237060547,4004,0.0,0.0
2023-03-14 13:00:00+08:00,20.350000381469727,20.350000381469727,20.25,20.25,18002,0.0,0.0
2023-03-15 09:00:00+08:00,20.450000762939453,20.450000762939453,20.299999237060547,20.299999237060547,0,0.0,0.0
2023-03-15 10:00:00+08:00,20.299999237060547,20.299999237060547,20.299999237060547,20.299999237060547,6001,0.0,0.0
2023-03-15 11:00:00+08:00,20.299999237060547,20.299999237060547,20.299999237060547,20.299999237060547,5366,0.0,0.0
2023-03-15 12:00:00+08:00,20.299999237060547,20.350000381469727,20.25,20.299999237060547,9172,0.0,0.0
2023-03-15 13:00:00+08:00,20.25,20.25,20.25,20.25,4001,0.0,0.0
2023-03-16 09:00:00+08:00,20.100000381469727,20.149999618530273,20.100000381469727,20.149999618530273,0,0.0,0.0
2023-03-16 10:00:00+08:00,20.100000381469727,20.100000381469727,20.100000381469727,20.100000381469727,6002,0.0,0.0
2023-03-16 11:00:00+08:00,20.049999237060547,20.049999237060547,19.799999237060547,19.799999237060547,31102,0.0,0.0
2023-03-16 12:00:00+08:00,19.850000381469727,19.899999618530273,19.799999237060547,19.850000381469727,34211,0.0,0.0
2023-03-16 13:00:00+08:00,19.850000381469727,19.850000381469727,19.799999237060547,19.799999237060547,10004,0.0,0.0
2023-03-17 09:00:00+08:00,19.799999237060547,19.950000762939453,19.799999237060547,19.950000762939453,0,0.0,0.0
2023-03-17 10:00:00+08:00,20.0,20.0,20.0,20.0,4003,0.0,0.0
2023-03-17 11:00:00+08:00,20.0,20.0,20.0,20.0,8003,0.0,0.0
2023-03-17 12:00:00+08:00,20.0,20.0,19.799999237060547,19.799999237060547,0,0.0,0.0
2023-03-17 13:00:00+08:00,19.799999237060547,20.0,19.799999237060547,20.0,80426,0.0,0.0
2023-03-20 09:00:00+08:00,20.200000762939453,20.200000762939453,20.049999237060547,20.049999237060547,0,0.0,0.0
2023-03-20 10:00:00+08:00,20.049999237060547,20.049999237060547,20.049999237060547,20.049999237060547,2009,0.0,0.0
2023-03-20 11:00:00+08:00,20.049999237060547,20.100000381469727,20.049999237060547,20.100000381469727,5002,0.0,0.0
2023-03-20 12:00:00+08:00,20.049999237060547,20.049999237060547,20.049999237060547,20.049999237060547,7028,0.0,0.0
2023-03-20 13:00:00+08:00,20.0,20.0,20.0,20.0,12017,0.0,0.0
2023-03-21 09:00:00+08:00,20.100000381469727,20.100000381469727,19.950000762939453,20.0,0,0.0,0.0
2023-03-21 10:00:00+08:00,20.0,20.0,20.0,20.0,11003,0.0,0.0
2023-03-21 11:00:00+08:00,20.100000381469727,20.200000762939453,20.100000381469727,20.149999618530273,10892,0.0,0.0
2023-03-21 12:00:00+08:00,20.100000381469727,20.100000381469727,20.049999237060547,20.049999237060547,10002,0.0,0.0
2023-03-22 09:00:00+08:00,20.200000762939453,20.200000762939453,19.899999618530273,20.100000381469727,0,0.0,0.0
2023-03-22 10:00:00+08:00,20.100000381469727,20.149999618530273,20.100000381469727,20.149999618530273,6024,0.0,0.0
2023-03-22 11:00:00+08:00,20.200000762939453,20.200000762939453,20.049999237060547,20.149999618530273,10001,0.0,0.0
2023-03-22 12:00:00+08:00,20.149999618530273,20.149999618530273,20.049999237060547,20.049999237060547,10001,0.0,0.0
2023-03-22 13:00:00+08:00,20.149999618530273,20.149999618530273,20.149999618530273,20.149999618530273,0,0.0,0.0
2023-03-23 09:00:00+08:00,20.0,20.0,20.0,20.0,5013,0.0,0.0
2023-03-23 10:00:00+08:00,20.100000381469727,20.149999618530273,20.100000381469727,20.149999618530273,13002,0.0,0.0
2023-03-23 11:00:00+08:00,20.149999618530273,20.149999618530273,20.149999618530273,20.149999618530273,1002,0.0,0.0
2023-03-23 12:00:00+08:00,20.100000381469727,20.149999618530273,20.100000381469727,20.100000381469727,15000,0.0,0.0
2023-03-23 13:00:00+08:00,20.149999618530273,20.149999618530273,20.149999618530273,20.149999618530273,4501,0.0,0.0
2023-03-24 09:00:00+08:00,20.200000762939453,20.200000762939453,20.149999618530273,20.149999618530273,0,0.0,0.0
2023-03-24 10:00:00+08:00,20.149999618530273,20.149999618530273,20.100000381469727,20.149999618530273,18050,0.0,0.0
2023-03-24 11:00:00+08:00,20.149999618530273,20.149999618530273,20.100000381469727,20.100000381469727,18005,0.0,0.0
2023-03-24 12:00:00+08:00,20.100000381469727,20.149999618530273,20.100000381469727,20.149999618530273,21012,0.0,0.0
2023-03-24 13:00:00+08:00,20.100000381469727,20.149999618530273,20.100000381469727,20.149999618530273,8001,0.0,0.0
2023-03-27 09:00:00+08:00,20.149999618530273,20.25,20.149999618530273,20.25,0,0.0,0.0
2023-03-27 10:00:00+08:00,20.25,20.25,20.25,20.25,3500,0.0,0.0
2023-03-27 11:00:00+08:00,20.200000762939453,20.200000762939453,20.200000762939453,20.200000762939453,3004,0.0,0.0
2023-03-27 12:00:00+08:00,20.200000762939453,20.200000762939453,20.100000381469727,20.200000762939453,14002,0.0,0.0
2023-03-27 13:00:00+08:00,20.200000762939453,20.200000762939453,20.200000762939453,20.200000762939453,10000,0.0,0.0
2023-03-28 09:00:00+08:00,20.100000381469727,20.100000381469727,19.799999237060547,19.799999237060547,0,0.0,0.0
2023-03-28 10:00:00+08:00,19.850000381469727,19.899999618530273,19.799999237060547,19.850000381469727,31104,0.0,0.0
2023-03-28 12:00:00+08:00,19.950000762939453,19.950000762939453,19.950000762939453,19.950000762939453,3002,0.0,0.0
2023-03-28 13:00:00+08:00,19.899999618530273,19.950000762939453,19.899999618530273,19.950000762939453,8000,0.0,0.0
2023-03-29 09:00:00+08:00,20.200000762939453,20.200000762939453,19.950000762939453,19.950000762939453,0,0.0,0.0
2023-03-29 10:00:00+08:00,20.0,20.049999237060547,20.0,20.0,7003,0.0,0.0
2023-03-29 11:00:00+08:00,20.0,20.100000381469727,20.0,20.049999237060547,13336,0.0,0.0
2023-03-29 12:00:00+08:00,20.049999237060547,20.049999237060547,20.049999237060547,20.049999237060547,3258,0.0,0.0
2023-03-29 13:00:00+08:00,20.049999237060547,20.049999237060547,20.049999237060547,20.049999237060547,1001,0.0,0.0
2023-03-30 09:00:00+08:00,20.0,20.100000381469727,19.950000762939453,20.100000381469727,0,0.0,0.0
2023-03-30 10:00:00+08:00,20.0,20.049999237060547,19.950000762939453,19.950000762939453,10202,0.0,0.0
2023-03-30 11:00:00+08:00,19.950000762939453,20.0,19.950000762939453,20.0,15250,0.0,0.0
2023-03-30 12:00:00+08:00,20.0,20.0,20.0,20.0,5691,0.0,0.0
2023-03-30 13:00:00+08:00,20.0,20.0,19.950000762939453,19.950000762939453,17000,0.0,0.0
2023-03-31 10:00:00+08:00,20.0,20.0,20.0,20.0,3000,0.0,0.0
2023-03-31 11:00:00+08:00,20.0,20.0,20.0,20.0,5001,0.0,0.0
2023-03-31 12:00:00+08:00,20.0,20.0,20.0,20.0,4001,0.0,0.0
2023-04-06 09:00:00+08:00,20.100000381469727,20.100000381469727,19.950000762939453,20.0,0,0.0,0.0
2023-04-06 10:00:00+08:00,20.0,20.0,20.0,20.0,12001,0.0,0.0
2023-04-06 11:00:00+08:00,19.950000762939453,19.950000762939453,19.950000762939453,19.950000762939453,1326,0.0,0.0
2023-04-06 12:00:00+08:00,19.950000762939453,19.950000762939453,19.75,19.850000381469727,62975,0.0,0.0
2023-04-06 13:00:00+08:00,19.899999618530273,19.899999618530273,19.899999618530273,19.899999618530273,5002,0.0,0.0
2023-04-07 09:00:00+08:00,19.899999618530273,20.0,19.899999618530273,20.0,0,0.0,0.0
2023-04-07 10:00:00+08:00,19.950000762939453,19.950000762939453,19.950000762939453,19.950000762939453,7806,0.0,0.0
2023-04-07 11:00:00+08:00,19.899999618530273,19.899999618530273,19.850000381469727,19.850000381469727,11001,0.0,0.0
2023-04-07 12:00:00+08:00,19.850000381469727,19.950000762939453,19.850000381469727,19.950000762939453,7002,0.0,0.0
2023-04-07 13:00:00+08:00,19.899999618530273,19.899999618530273,19.899999618530273,19.899999618530273,3000,0.0,0.0
2023-04-10 09:00:00+08:00,20.0,20.049999237060547,19.950000762939453,20.049999237060547,0,0.0,0.0
2023-04-10 10:00:00+08:00,20.100000381469727,20.100000381469727,20.0,20.0,35007,0.0,0.0
2023-04-10 11:00:00+08:00,20.049999237060547,20.100000381469727,20.0,20.0,44207,0.0,0.0
2023-04-10 12:00:00+08:00,20.0,20.100000381469727,20.0,20.0,35008,0.0,0.0
2023-04-10 13:00:00+08:00,20.049999237060547,20.100000381469727,20.0,20.0,21000,0.0,0.0
2023-04-11 09:00:00+08:00,20.149999618530273,20.149999618530273,20.0,20.0,0,0.0,0.0
2023-04-11 10:00:00+08:00,19.950000762939453,20.049999237060547,19.899999618530273,20.0,58008,0.0,0.0
2023-04-11 11:00:00+08:00,20.0,20.0,20.0,20.0,4330,0.0,0.0
2023-04-11 12:00:00+08:00,19.950000762939453,20.100000381469727,19.950000762939453,20.100000381469727,41000,0.0,0.0
2023-04-11 13:00:00+08:00,19.950000762939453,20.049999237060547,19.950000762939453,20.049999237060547,11000,0.0,0.0
2023-04-12 09:00:00+08:00,20.0,20.0,19.799999237060547,19.799999237060547,0,0.0,0.0
2023-04-12 10:00:00+08:00,19.899999618530273,19.899999618530273,19.799999237060547,19.899999618530273,28023,0.0,0.0
2023-04-12 11:00:00+08:00,20.0,20.100000381469727,20.0,20.049999237060547,14669,0.0,0.0
2023-04-12 12:00:00+08:00,20.049999237060547,20.350000381469727,20.0,20.350000381469727,58771,0.0,0.0
2023-04-12 13:00:00+08:00,20.299999237060547,20.299999237060547,20.200000762939453,20.200000762939453,8000,0.0,0.0
2023-04-13 09:00:00+08:00,20.149999618530273,20.149999618530273,20.100000381469727,20.149999618530273,0,0.0,0.0
2023-04-13 10:00:00+08:00,20.149999618530273,20.200000762939453,20.049999237060547,20.049999237060547,21033,0.0,0.0
2023-04-13 11:00:00+08:00,20.049999237060547,20.299999237060547,20.049999237060547,20.299999237060547,40215,0.0,0.0
2023-04-13 12:00:00+08:00,20.299999237060547,20.350000381469727,20.200000762939453,20.200000762939453,26561,0.0,0.0
2023-04-13 13:00:00+08:00,20.200000762939453,20.200000762939453,20.200000762939453,20.200000762939453,2000,0.0,0.0
2023-04-14 09:00:00+08:00,20.350000381469727,20.350000381469727,20.200000762939453,20.299999237060547,0,0.0,0.0
2023-04-14 10:00:00+08:00,20.299999237060547,20.299999237060547,20.299999237060547,20.299999237060547,9001,0.0,0.0
2023-04-14 11:00:00+08:00,20.25,20.25,20.149999618530273,20.200000762939453,29000,0.0,0.0
2023-04-14 12:00:00+08:00,20.149999618530273,20.149999618530273,20.100000381469727,20.100000381469727,23002,0.0,0.0
2023-04-14 13:00:00+08:00,20.100000381469727,20.299999237060547,20.100000381469727,20.299999237060547,36025,0.0,0.0
2023-04-17 09:00:00+08:00,20.350000381469727,22.350000381469727,20.350000381469727,22.200000762939453,1793850,0.0,0.0
2023-04-17 10:00:00+08:00,22.25,22.350000381469727,22.049999237060547,22.200000762939453,355376,0.0,0.0
2023-04-17 11:00:00+08:00,22.049999237060547,22.350000381469727,22.0,22.299999237060547,304996,0.0,0.0
2023-04-17 12:00:00+08:00,22.299999237060547,22.350000381469727,22.200000762939453,22.25,303894,0.0,0.0
2023-04-17 13:00:00+08:00,22.25,22.350000381469727,22.200000762939453,22.350000381469727,127071,0.0,0.0
2023-04-18 09:00:00+08:00,22.299999237060547,24.0,22.299999237060547,23.950000762939453,0,0.0,0.0
2023-04-18 10:00:00+08:00,23.950000762939453,24.549999237060547,23.700000762939453,24.450000762939453,1834065,0.0,0.0
2023-04-18 11:00:00+08:00,24.399999618530273,24.5,24.100000381469727,24.350000381469727,657919,0.0,0.0
2023-04-18 12:00:00+08:00,24.399999618530273,24.399999618530273,24.049999237060547,24.049999237060547,333463,0.0,0.0
2023-04-18 13:00:00+08:00,24.049999237060547,24.299999237060547,23.950000762939453,24.049999237060547,370024,0.0,0.0
2023-04-19 09:00:00+08:00,23.799999237060547,24.450000762939453,23.200000762939453,23.450000762939453,0,0.0,0.0
2023-04-19 10:00:00+08:00,23.399999618530273,23.600000381469727,23.200000762939453,23.399999618530273,266559,0.0,0.0
2023-04-19 11:00:00+08:00,23.399999618530273,23.799999237060547,23.350000381469727,23.799999237060547,147922,0.0,0.0
2023-04-19 12:00:00+08:00,23.75,23.75,23.649999618530273,23.700000762939453,79199,0.0,0.0
2023-04-19 13:00:00+08:00,23.700000762939453,23.950000762939453,23.700000762939453,23.950000762939453,222527,0.0,0.0
2023-04-20 09:00:00+08:00,23.899999618530273,23.899999618530273,22.399999618530273,22.950000762939453,0,0.0,0.0
2023-04-20 10:00:00+08:00,22.950000762939453,22.950000762939453,22.600000381469727,22.700000762939453,100184,0.0,0.0
2023-04-20 11:00:00+08:00,22.700000762939453,23.049999237060547,22.5,23.049999237060547,134646,0.0,0.0
2023-04-20 12:00:00+08:00,23.049999237060547,23.049999237060547,22.950000762939453,23.0,222249,0.0,0.0
2023-04-20 13:00:00+08:00,23.049999237060547,23.049999237060547,22.899999618530273,23.0,99110,0.0,0.0
2023-04-21 09:00:00+08:00,23.0,23.0,22.75,22.75,0,0.0,0.0
2023-04-21 10:00:00+08:00,22.75,22.75,22.0,22.299999237060547,412190,0.0,0.0
2023-04-21 11:00:00+08:00,22.299999237060547,22.5,22.25,22.5,15953,0.0,0.0
2023-04-21 12:00:00+08:00,22.399999618530273,22.399999618530273,22.25,22.299999237060547,51100,0.0,0.0
2023-04-21 13:00:00+08:00,22.25,22.399999618530273,22.25,22.399999618530273,13151,0.0,0.0
2023-04-24 09:00:00+08:00,22.299999237060547,23.899999618530273,22.299999237060547,23.5,336021,0.0,0.0
2023-04-24 10:00:00+08:00,23.549999237060547,23.649999618530273,23.450000762939453,23.649999618530273,160833,0.0,0.0
2023-04-24 11:00:00+08:00,23.649999618530273,23.649999618530273,23.549999237060547,23.649999618530273,190108,0.0,0.0
2023-04-24 12:00:00+08:00,23.600000381469727,23.649999618530273,23.549999237060547,23.600000381469727,214135,0.0,0.0
2023-04-24 13:00:00+08:00,23.600000381469727,23.649999618530273,23.600000381469727,23.649999618530273,168221,0.0,0.0
2023-04-25 09:00:00+08:00,23.850000381469727,24.149999618530273,23.600000381469727,23.600000381469727,0,0.0,0.0
2023-04-25 10:00:00+08:00,23.649999618530273,23.850000381469727,23.649999618530273,23.649999618530273,106085,0.0,0.0
2023-04-25 11:00:00+08:00,23.75,23.850000381469727,23.700000762939453,23.799999237060547,222700,0.0,0.0
2023-04-25 12:00:00+08:00,23.850000381469727,23.899999618530273,23.700000762939453,23.799999237060547,230737,0.0,0.0
2023-04-25 13:00:00+08:00,23.799999237060547,23.850000381469727,23.75,23.850000381469727,159662,0.0,0.0
2023-04-26 09:00:00+08:00,23.950000762939453,25.5,23.950000762939453,24.950000762939453,446021,0.0,0.0
2023-04-26 10:00:00+08:00,24.950000762939453,25.299999237060547,24.549999237060547,25.0,1141277,0.0,0.0
2023-04-26 11:00:00+08:00,25.0,25.399999618530273,24.899999618530273,25.049999237060547,743080,0.0,0.0
2023-04-26 12:00:00+08:00,25.049999237060547,25.149999618530273,24.899999618530273,25.100000381469727,196568,0.0,0.0
2023-04-26 13:00:00+08:00,25.100000381469727,25.149999618530273,25.049999237060547,25.100000381469727,203667,0.0,0.0
2023-04-27 09:00:00+08:00,25.450000762939453,25.950000762939453,25.0,25.200000762939453,0,0.0,0.0
2023-04-27 10:00:00+08:00,25.149999618530273,25.850000381469727,25.100000381469727,25.5,789625,0.0,0.0
2023-04-27 11:00:00+08:00,25.549999237060547,25.850000381469727,25.5,25.75,346339,0.0,0.0
2023-04-27 12:00:00+08:00,25.75,26.0,25.5,25.700000762939453,485171,0.0,0.0
2023-04-27 13:00:00+08:00,25.799999237060547,25.799999237060547,25.649999618530273,25.649999618530273,159003,0.0,0.0
2023-04-28 09:00:00+08:00,25.950000762939453,27.299999237060547,25.799999237060547,27.100000381469727,0,0.0,0.0
2023-04-28 10:00:00+08:00,27.100000381469727,28.350000381469727,27.049999237060547,28.350000381469727,1772975,0.0,0.0
2023-04-28 11:00:00+08:00,28.350000381469727,28.350000381469727,28.350000381469727,28.350000381469727,120827,0.0,0.0
2023-04-28 12:00:00+08:00,28.350000381469727,28.350000381469727,28.350000381469727,28.350000381469727,88992,0.0,0.0
2023-04-28 13:00:00+08:00,28.350000381469727,28.350000381469727,28.350000381469727,28.350000381469727,20279,0.0,0.0
2023-05-02 09:00:00+08:00,28.399999618530273,29.5,28.25,28.5,0,0.0,0.0
2023-05-02 10:00:00+08:00,28.5,28.649999618530273,27.600000381469727,27.649999618530273,952431,0.0,0.0
2023-05-02 11:00:00+08:00,27.600000381469727,28.0,27.600000381469727,27.799999237060547,591717,0.0,0.0
2023-05-02 12:00:00+08:00,27.799999237060547,27.950000762939453,27.399999618530273,27.700000762939453,353235,0.0,0.0
2023-05-02 13:00:00+08:00,27.649999618530273,27.75,27.299999237060547,27.600000381469727,319022,0.0,0.0
2023-05-03 09:00:00+08:00,27.200000762939453,29.799999237060547,27.149999618530273,29.799999237060547,0,0.0,0.0
2023-05-03 10:00:00+08:00,29.799999237060547,29.799999237060547,29.799999237060547,29.799999237060547,84477,0.0,0.0
2023-05-03 11:00:00+08:00,29.799999237060547,29.799999237060547,29.799999237060547,29.799999237060547,21820,0.0,0.0
2023-05-03 12:00:00+08:00,29.799999237060547,29.799999237060547,29.799999237060547,29.799999237060547,15510,0.0,0.0
2023-05-03 13:00:00+08:00,29.799999237060547,29.799999237060547,29.799999237060547,29.799999237060547,39717,0.0,0.0
2023-05-04 09:00:00+08:00,31.649999618530273,32.099998474121094,30.399999618530273,30.549999237060547,4265724,0.0,0.0
2023-05-04 10:00:00+08:00,30.549999237060547,31.299999237060547,30.5,31.0,1085655,0.0,0.0
2023-05-04 11:00:00+08:00,31.0,31.200000762939453,30.600000381469727,30.649999618530273,538070,0.0,0.0
2023-05-04 12:00:00+08:00,30.700000762939453,31.049999237060547,30.649999618530273,30.850000381469727,699627,0.0,0.0
2023-05-04 13:00:00+08:00,30.850000381469727,31.049999237060547,30.75,30.950000762939453,1281271,0.0,0.0
2023-05-05 09:00:00+08:00,31.25,33.650001525878906,30.799999237060547,33.650001525878906,0,0.0,0.0
2023-05-05 10:00:00+08:00,33.650001525878906,33.650001525878906,33.650001525878906,33.650001525878906,157475,0.0,0.0
2023-05-05 11:00:00+08:00,33.650001525878906,33.650001525878906,33.650001525878906,33.650001525878906,80336,0.0,0.0
2023-05-05 12:00:00+08:00,33.650001525878906,33.650001525878906,33.650001525878906,33.650001525878906,69744,0.0,0.0
2023-05-05 13:00:00+08:00,33.650001525878906,33.650001525878906,33.650001525878906,33.650001525878906,21955,0.0,0.0
2023-05-08 09:00:00+08:00,36.5,36.5,33.900001525878906,34.849998474121094,2193269,0.0,0.0
2023-05-08 10:00:00+08:00,34.849998474121094,35.650001525878906,34.599998474121094,35.0,2675753,0.0,0.0
2023-05-08 11:00:00+08:00,35.0,36.5,35.0,35.599998474121094,2175671,0.0,0.0
2023-05-08 12:00:00+08:00,35.54999923706055,35.650001525878906,34.599998474121094,35.0,928108,0.0,0.0
2023-05-08 13:00:00+08:00,35.0,35.70000076293945,35.0,35.20000076293945,983565,0.0,0.0
2023-05-09 09:00:00+08:00,35.150001525878906,35.70000076293945,34.099998474121094,34.599998474121094,0,0.0,0.0
2023-05-09 10:00:00+08:00,34.599998474121094,34.95000076293945,34.54999923706055,34.900001525878906,249038,0.0,0.0
2023-05-09 11:00:00+08:00,34.900001525878906,35.95000076293945,34.79999923706055,35.54999923706055,698935,0.0,0.0
2023-05-09 12:00:00+08:00,35.54999923706055,35.849998474121094,35.0,35.0,659159,0.0,0.0
2023-05-09 13:00:00+08:00,35.0,35.5,34.599998474121094,34.79999923706055,471006,0.0,0.0
2023-05-10 09:00:00+08:00,34.70000076293945,34.95000076293945,33.95000076293945,34.79999923706055,0,0.0,0.0
2023-05-10 10:00:00+08:00,34.75,35.400001525878906,34.54999923706055,35.04999923706055,737878,0.0,0.0
2023-05-10 11:00:00+08:00,35.099998474121094,35.599998474121094,35.099998474121094,35.29999923706055,622641,0.0,0.0
2023-05-10 12:00:00+08:00,35.29999923706055,35.900001525878906,34.54999923706055,35.0,2043675,0.0,0.0
2023-05-10 13:00:00+08:00,34.95000076293945,36.099998474121094,34.95000076293945,36.0,656772,0.0,0.0
2023-05-11 09:00:00+08:00,36.0,37.5,35.70000076293945,36.0,0,0.0,0.0
2023-05-11 10:00:00+08:00,35.900001525878906,36.5,35.5,36.349998474121094,1034559,0.0,0.0
2023-05-11 11:00:00+08:00,36.349998474121094,36.349998474121094,36.0,36.150001525878906,187449,0.0,0.0
2023-05-11 12:00:00+08:00,36.150001525878906,37.0,36.0,36.599998474121094,666478,0.0,0.0
2023-05-11 13:00:00+08:00,36.650001525878906,37.79999923706055,36.599998474121094,37.5,1231156,0.0,0.0
2023-05-12 09:00:00+08:00,36.0,38.20000076293945,35.95000076293945,37.150001525878906,1978231,0.0,0.0
2023-05-12 10:00:00+08:00,37.150001525878906,37.95000076293945,37.150001525878906,37.95000076293945,884193,0.0,0.0
2023-05-12 11:00:00+08:00,37.95000076293945,38.0,37.20000076293945,37.45000076293945,430321,0.0,0.0
2023-05-12 12:00:00+08:00,37.400001525878906,37.650001525878906,37.29999923706055,37.5,349473,0.0,0.0
2023-05-12 13:00:00+08:00,37.5,37.650001525878906,37.400001525878906,37.599998474121094,444780,0.0,0.0
2023-05-15 09:00:00+08:00,37.400001525878906,37.900001525878906,37.25,37.70000076293945,0,0.0,0.0
2023-05-15 10:00:00+08:00,37.70000076293945,37.70000076293945,37.400001525878906,37.400001525878906,238901,0.0,0.0
2023-05-15 11:00:00+08:00,37.400001525878906,37.5,37.04999923706055,37.099998474121094,289611,0.0,0.0
2023-05-15 12:00:00+08:00,37.099998474121094,37.099998474121094,36.20000076293945,36.849998474121094,523713,0.0,0.0
2023-05-15 13:00:00+08:00,36.849998474121094,37.400001525878906,36.349998474121094,37.150001525878906,386200,0.0,0.0
2023-05-16 09:00:00+08:00,37.29999923706055,38.599998474121094,37.29999923706055,38.0,0,0.0,0.0
2023-05-16 10:00:00+08:00,37.900001525878906,38.45000076293945,37.75,37.900001525878906,579293,0.0,0.0
2023-05-16 11:00:00+08:00,37.900001525878906,39.79999923706055,37.900001525878906,39.54999923706055,1317470,0.0,0.0
2023-05-16 12:00:00+08:00,39.54999923706055,39.70000076293945,38.599998474121094,39.0,679592,0.0,0.0
2023-05-16 13:00:00+08:00,39.04999923706055,39.150001525878906,38.5,38.5,428166,0.0,0.0
2023-05-17 09:00:00+08:00,38.95000076293945,39.75,38.29999923706055,38.650001525878906,0,0.0,0.0
2023-05-17 10:00:00+08:00,38.650001525878906,39.099998474121094,38.650001525878906,38.849998474121094,201150,0.0,0.0
2023-05-17 11:00:00+08:00,38.95000076293945,39.0,38.79999923706055,38.95000076293945,129115,0.0,0.0
2023-05-17 12:00:00+08:00,38.95000076293945,38.95000076293945,38.5,38.849998474121094,302001,0.0,0.0
2023-05-17 13:00:00+08:00,38.849998474121094,38.849998474121094,38.400001525878906,38.599998474121094,236338,0.0,0.0
2023-05-18 09:00:00+08:00,39.04999923706055,39.29999923706055,38.400001525878906,38.79999923706055,0,0.0,0.0
2023-05-18 10:00:00+08:00,38.79999923706055,38.900001525878906,38.650001525878906,38.900001525878906,101284,0.0,0.0
2023-05-18 11:00:00+08:00,38.849998474121094,38.849998474121094,38.5,38.75,192185,0.0,0.0
2023-05-18 12:00:00+08:00,38.79999923706055,38.900001525878906,38.650001525878906,38.849998474121094,192975,0.0,0.0
2023-05-18 13:00:00+08:00,38.849998474121094,38.849998474121094,38.54999923706055,38.75,127148,0.0,0.0
2023-05-19 09:00:00+08:00,38.849998474121094,39.45000076293945,38.79999923706055,39.349998474121094,0,0.0,0.0
2023-05-19 10:00:00+08:00,39.25,39.349998474121094,38.79999923706055,39.20000076293945,189340,0.0,0.0
2023-05-19 11:00:00+08:00,39.20000076293945,39.20000076293945,38.599998474121094,38.70000076293945,215336,0.0,0.0
2023-05-19 12:00:00+08:00,38.70000076293945,38.70000076293945,37.54999923706055,37.79999923706055,639702,0.0,0.0
2023-05-19 13:00:00+08:00,37.70000076293945,37.849998474121094,37.29999923706055,37.70000076293945,280217,0.0,0.0
2023-05-22 09:00:00+08:00,37.650001525878906,39.29999923706055,37.0,38.79999923706055,1601571,0.0,0.0
2023-05-22 10:00:00+08:00,38.75,39.0,38.650001525878906,38.849998474121094,85000,0.0,0.0
2023-05-22 11:00:00+08:00,38.849998474121094,39.0,38.75,38.95000076293945,160020,0.0,0.0
2023-05-22 12:00:00+08:00,38.95000076293945,39.04999923706055,38.79999923706055,38.900001525878906,202129,0.0,0.0
2023-05-22 13:00:00+08:00,38.900001525878906,39.099998474121094,38.900001525878906,38.900001525878906,157367,0.0,0.0
2023-05-23 09:00:00+08:00,38.900001525878906,39.0,38.5,38.79999923706055,0,0.0,0.0
2023-05-23 10:00:00+08:00,38.75,38.75,38.349998474121094,38.400001525878906,142538,0.0,0.0
2023-05-23 11:00:00+08:00,38.5,38.650001525878906,38.45000076293945,38.650001525878906,55000,0.0,0.0
2023-05-23 12:00:00+08:00,38.650001525878906,38.650001525878906,38.29999923706055,38.400001525878906,163216,0.0,0.0
2023-05-23 13:00:00+08:00,38.400001525878906,38.650001525878906,38.349998474121094,38.54999923706055,91001,0.0,0.0
2023-05-24 09:00:00+08:00,38.0,38.599998474121094,37.349998474121094,37.599998474121094,0,0.0,0.0
2023-05-24 10:00:00+08:00,37.650001525878906,37.849998474121094,37.5,37.599998474121094,157418,0.0,0.0
2023-05-24 11:00:00+08:00,37.54999923706055,37.75,37.54999923706055,37.75,36568,0.0,0.0
2023-05-24 12:00:00+08:00,37.70000076293945,37.79999923706055,37.650001525878906,37.75,72533,0.0,0.0
2023-05-24 13:00:00+08:00,37.75,37.900001525878906,37.75,37.900001525878906,66968,0.0,0.0
2023-05-25 09:00:00+08:00,37.599998474121094,38.099998474121094,37.54999923706055,37.79999923706055,0,0.0,0.0
2023-05-25 10:00:00+08:00,37.849998474121094,38.150001525878906,37.79999923706055,37.900001525878906,122019,0.0,0.0
2023-05-25 11:00:00+08:00,37.849998474121094,37.95000076293945,37.70000076293945,37.70000076293945,52000,0.0,0.0
2023-05-25 12:00:00+08:00,37.75,37.849998474121094,37.70000076293945,37.79999923706055,51000,0.0,0.0
2023-05-25 13:00:00+08:00,37.75,37.79999923706055,37.70000076293945,37.79999923706055,51000,0.0,0.0
2023-05-26 09:00:00+08:00,37.70000076293945,38.0,37.0,37.650001525878906,0,0.0,0.0
2023-05-26 10:00:00+08:00,37.599998474121094,37.650001525878906,37.150001525878906,37.150001525878906,66160,0.0,0.0
2023-05-26 11:00:00+08:00,37.20000076293945,37.400001525878906,36.5,37.400001525878906,457820,0.0,0.0
2023-05-26 12:00:00+08:00,37.45000076293945,37.849998474121094,37.29999923706055,37.75,191885,0.0,0.0
2023-05-26 13:00:00+08:00,37.75,38.20000076293945,37.75,38.150001525878906,271000,0.0,0.0
2023-05-29 09:00:00+08:00,38.04999923706055,41.599998474121094,37.900001525878906,41.0,0,0.0,0.0
2023-05-29 10:00:00+08:00,41.0,41.900001525878906,40.54999923706055,41.900001525878906,2002629,0.0,0.0
2023-05-29 11:00:00+08:00,41.900001525878906,41.900001525878906,36.79999923706055,37.29999923706055,6217546,0.0,0.0
2023-05-29 12:00:00+08:00,37.349998474121094,37.75,36.79999923706055,37.099998474121094,1352368,0.0,0.0
2023-05-29 13:00:00+08:00,37.099998474121094,37.29999923706055,36.900001525878906,37.04999923706055,376780,0.0,0.0
2023-05-30 09:00:00+08:00,36.79999923706055,37.25,36.0,37.0,1408602,0.0,0.0
2023-05-30 10:00:00+08:00,36.95000076293945,37.099998474121094,36.599998474121094,36.70000076293945,406342,0.0,0.0
2023-05-30 11:00:00+08:00,36.75,36.75,36.25,36.400001525878906,362507,0.0,0.0
2023-05-30 12:00:00+08:00,36.400001525878906,37.099998474121094,36.150001525878906,37.0,376886,0.0,0.0
2023-05-30 13:00:00+08:00,37.04999923706055,37.599998474121094,36.79999923706055,37.0,436534,0.0,0.0
2023-05-31 09:00:00+08:00,37.0,37.150001525878906,36.599998474121094,37.0,0,0.0,0.0
2023-05-31 10:00:00+08:00,37.04999923706055,37.5,37.0,37.400001525878906,199320,0.0,0.0
2023-05-31 11:00:00+08:00,37.400001525878906,37.70000076293945,37.29999923706055,37.400001525878906,162031,0.0,0.0
2023-05-31 12:00:00+08:00,37.400001525878906,37.400001525878906,37.099998474121094,37.25,182642,0.0,0.0
2023-05-31 13:00:00+08:00,37.25,37.25,37.150001525878906,37.150001525878906,87082,0.0,0.0
2023-06-01 09:00:00+08:00,38.20000076293945,39.0,37.099998474121094,37.400001525878906,0,0.0,0.0
2023-06-01 10:00:00+08:00,37.45000076293945,37.650001525878906,37.099998474121094,37.650001525878906,125200,0.0,0.0
2023-06-01 11:00:00+08:00,37.650001525878906,37.75,37.25,37.400001525878906,165110,0.0,0.0
2023-06-01 12:00:00+08:00,37.29999923706055,37.349998474121094,37.20000076293945,37.25,71428,0.0,0.0
2023-06-01 13:00:00+08:00,37.20000076293945,37.29999923706055,37.04999923706055,37.29999923706055,126210,0.0,0.0
2023-06-02 09:00:00+08:00,37.5,38.150001525878906,37.099998474121094,37.650001525878906,0,0.0,0.0
2023-06-02 10:00:00+08:00,37.650001525878906,38.5,37.599998474121094,38.29999923706055,268634,0.0,0.0
2023-06-02 11:00:00+08:00,38.29999923706055,38.650001525878906,37.650001525878906,37.650001525878906,528890,0.0,0.0
2023-06-02 12:00:00+08:00,37.70000076293945,37.75,37.349998474121094,37.45000076293945,150002,0.0,0.0
2023-06-02 13:00:00+08:00,37.5,37.70000076293945,37.45000076293945,37.70000076293945,35027,0.0,0.0
2023-06-05 09:00:00+08:00,37.75,38.29999923706055,37.5,37.900001525878906,0,0.0,0.0
2023-06-05 10:00:00+08:00,37.849998474121094,38.04999923706055,37.45000076293945,37.650001525878906,568000,0.0,0.0
2023-06-05 11:00:00+08:00,37.650001525878906,37.79999923706055,37.5,37.75,223100,0.0,0.0
2023-06-05 12:00:00+08:00,37.75,38.650001525878906,37.599998474121094,38.400001525878906,434862,0.0,0.0
2023-06-05 13:00:00+08:00,38.349998474121094,38.5,37.54999923706055,37.79999923706055,313000,0.0,0.0
2023-06-06 09:00:00+08:00,38.0,38.45000076293945,36.25,36.650001525878906,0,0.0,0.0
2023-06-06 10:00:00+08:00,36.650001525878906,37.04999923706055,36.45000076293945,36.75,278722,0.0,0.0
2023-06-06 11:00:00+08:00,36.79999923706055,36.900001525878906,36.70000076293945,36.900001525878906,91000,0.0,0.0
2023-06-06 12:00:00+08:00,36.900001525878906,37.0,36.79999923706055,36.900001525878906,62008,0.0,0.0
2023-06-06 13:00:00+08:00,36.849998474121094,36.95000076293945,36.849998474121094,36.95000076293945,182483,0.0,0.0
2023-06-07 09:00:00+08:00,37.5,37.5,36.75,37.150001525878906,0,0.0,0.0
2023-06-07 10:00:00+08:00,37.150001525878906,37.79999923706055,37.099998474121094,37.5,120207,0.0,0.0
2023-06-07 11:00:00+08:00,37.25,37.650001525878906,37.25,37.650001525878906,46201,0.0,0.0
2023-06-07 12:00:00+08:00,37.650001525878906,37.900001525878906,37.599998474121094,37.70000076293945,0,0.0,0.0
2023-06-07 13:00:00+08:00,37.650001525878906,37.95000076293945,37.599998474121094,37.900001525878906,540017,0.0,0.0
2023-06-08 09:00:00+08:00,38.0,41.20000076293945,38.0,38.79999923706055,2591963,0.0,0.0
2023-06-08 10:00:00+08:00,38.79999923706055,39.0,38.150001525878906,38.400001525878906,813677,0.0,0.0
2023-06-08 11:00:00+08:00,38.45000076293945,38.599998474121094,38.25,38.45000076293945,179321,0.0,0.0
2023-06-08 12:00:00+08:00,38.45000076293945,38.599998474121094,38.150001525878906,38.25,219407,0.0,0.0
2023-06-08 13:00:00+08:00,38.29999923706055,38.400001525878906,38.099998474121094,38.400001525878906,188652,0.0,0.0
2023-06-09 09:00:00+08:00,38.45000076293945,40.900001525878906,38.45000076293945,40.29999923706055,0,0.0,0.0
2023-06-09 10:00:00+08:00,40.29999923706055,41.5,39.79999923706055,40.0,1346732,0.0,0.0
2023-06-09 11:00:00+08:00,40.0,40.5,39.75,40.150001525878906,331020,0.0,0.0
2023-06-09 12:00:00+08:00,40.099998474121094,40.5,40.0,40.29999923706055,295734,0.0,0.0
2023-06-09 13:00:00+08:00,40.20000076293945,40.400001525878906,40.150001525878906,40.349998474121094,228319,0.0,0.0
2023-06-12 09:00:00+08:00,41.5,41.5,38.849998474121094,38.849998474121094,0,0.0,0.0
2023-06-12 10:00:00+08:00,38.900001525878906,39.04999923706055,38.29999923706055,38.70000076293945,538635,0.0,0.0
2023-06-12 11:00:00+08:00,38.650001525878906,38.900001525878906,38.599998474121094,38.900001525878906,148466,0.0,0.0
2023-06-12 12:00:00+08:00,38.79999923706055,38.849998474121094,38.650001525878906,38.650001525878906,151185,0.0,0.0
2023-06-12 13:00:00+08:00,38.650001525878906,38.70000076293945,38.5,38.599998474121094,144560,0.0,0.0
2023-06-13 09:00:00+08:00,39.5,40.79999923706055,39.0,39.29999923706055,0,0.0,0.0
2023-06-13 10:00:00+08:00,39.29999923706055,39.5,38.95000076293945,39.349998474121094,111033,0.0,0.0
2023-06-13 11:00:00+08:00,39.099998474121094,39.54999923706055,39.04999923706055,39.150001525878906,60350,0.0,0.0
2023-06-13 12:00:00+08:00,39.150001525878906,39.5,39.150001525878906,39.25,80000,0.0,0.0
2023-06-13 13:00:00+08:00,39.20000076293945,39.45000076293945,39.099998474121094,39.400001525878906,111011,0.0,0.0
2023-06-14 09:00:00+08:00,38.650001525878906,39.29999923706055,38.599998474121094,38.650001525878906,0,0.0,0.0
2023-06-14 10:00:00+08:00,38.900001525878906,38.900001525878906,37.79999923706055,38.0,549170,0.0,0.0
2023-06-14 11:00:00+08:00,38.099998474121094,39.29999923706055,38.099998474121094,38.900001525878906,305515,0.0,0.0
2023-06-14 12:00:00+08:00,38.900001525878906,39.0,38.70000076293945,38.70000076293945,65376,0.0,0.0
2023-06-14 13:00:00+08:00,38.70000076293945,38.95000076293945,38.650001525878906,38.95000076293945,48031,0.0,0.0
2023-06-15 09:00:00+08:00,39.099998474121094,39.5,38.29999923706055,38.349998474121094,0,0.0,0.0
2023-06-15 10:00:00+08:00,38.349998474121094,39.54999923706055,38.0,39.349998474121094,565903,0.0,0.0
2023-06-15 11:00:00+08:00,39.29999923706055,40.599998474121094,39.29999923706055,40.20000076293945,940040,0.0,0.0
2023-06-15 12:00:00+08:00,40.20000076293945,40.25,39.54999923706055,39.650001525878906,265759,0.0,0.0
2023-06-15 13:00:00+08:00,39.650001525878906,40.099998474121094,39.54999923706055,39.79999923706055,144099,0.0,0.0
2023-06-16 09:00:00+08:00,39.79999923706055,42.70000076293945,39.79999923706055,41.400001525878906,554947,0.0,0.0
2023-06-16 10:00:00+08:00,41.29999923706055,41.45000076293945,40.54999923706055,41.0,430513,0.0,0.0
2023-06-16 11:00:00+08:00,41.0,41.79999923706055,40.849998474121094,41.599998474121094,322030,0.0,0.0
2023-06-16 12:00:00+08:00,41.599998474121094,42.29999923706055,41.45000076293945,41.75,523394,0.0,0.0
2023-06-16 13:00:00+08:00,41.79999923706055,42.20000076293945,41.599998474121094,42.20000076293945,361546,0.0,0.0
2023-06-19 09:00:00+08:00,44.599998474121094,46.29999923706055,42.25,45.04999923706055,34755,0.0,0.0
2023-06-19 10:00:00+08:00,45.04999923706055,45.099998474121094,43.70000076293945,44.04999923706055,775302,0.0,0.0
2023-06-19 11:00:00+08:00,44.04999923706055,44.20000076293945,43.650001525878906,43.849998474121094,300024,0.0,0.0
2023-06-19 12:00:00+08:00,43.849998474121094,45.400001525878906,43.849998474121094,45.25,728714,0.0,0.0
2023-06-19 13:00:00+08:00,45.29999923706055,45.45000076293945,44.79999923706055,45.04999923706055,456109,0.0,0.0
2023-06-20 09:00:00+08:00,45.599998474121094,46.29999923706055,45.0,45.20000076293945,0,0.0,0.0
2023-06-20 10:00:00+08:00,45.20000076293945,46.04999923706055,44.650001525878906,45.79999923706055,1029206,0.0,0.0
2023-06-20 11:00:00+08:00,45.79999923706055,46.0,44.95000076293945,45.0,341078,0.0,0.0
2023-06-20 12:00:00+08:00,44.95000076293945,46.0,44.95000076293945,45.900001525878906,417856,0.0,0.0
2023-06-20 13:00:00+08:00,45.900001525878906,45.900001525878906,45.45000076293945,45.650001525878906,338045,0.0,0.0
2023-06-21 09:00:00+08:00,46.29999923706055,46.29999923706055,45.099998474121094,45.45000076293945,0,0.0,0.0
2023-06-21 10:00:00+08:00,45.45000076293945,45.95000076293945,45.45000076293945,45.79999923706055,168427,0.0,0.0
2023-06-21 11:00:00+08:00,45.79999923706055,46.75,45.599998474121094,46.45000076293945,650916,0.0,0.0
2023-06-21 12:00:00+08:00,46.349998474121094,46.5,45.79999923706055,46.099998474121094,377614,0.0,0.0
2023-06-21 13:00:00+08:00,46.0,46.099998474121094,45.70000076293945,45.70000076293945,157031,0.0,0.0
2023-06-26 09:00:00+08:00,45.29999923706055,46.29999923706055,44.29999923706055,45.0,0,0.0,0.0
2023-06-26 10:00:00+08:00,45.099998474121094,45.150001525878906,44.599998474121094,44.95000076293945,1155200,0.0,0.0
2023-06-26 11:00:00+08:00,45.0,45.54999923706055,45.0,45.54999923706055,90391,0.0,0.0
2023-06-26 12:00:00+08:00,45.54999923706055,46.0,45.45000076293945,45.70000076293945,304011,0.0,0.0
2023-06-26 13:00:00+08:00,45.70000076293945,46.04999923706055,45.70000076293945,45.95000076293945,76137,0.0,0.0
2023-06-27 09:00:00+08:00,45.29999923706055,46.45000076293945,45.29999923706055,46.150001525878906,0,0.0,0.0
2023-06-27 10:00:00+08:00,46.04999923706055,46.599998474121094,45.849998474121094,46.099998474121094,363271,0.0,0.0
2023-06-27 11:00:00+08:00,46.099998474121094,46.25,45.79999923706055,46.04999923706055,87000,0.0,0.0
2023-06-27 12:00:00+08:00,46.04999923706055,46.150001525878906,45.75,46.150001525878906,212164,0.0,0.0
2023-06-27 13:00:00+08:00,45.95000076293945,46.20000076293945,45.900001525878906,45.95000076293945,120052,0.0,0.0
2023-06-28 09:00:00+08:00,46.400001525878906,49.79999923706055,46.29999923706055,49.54999923706055,783042,0.0,0.0
2023-06-28 10:00:00+08:00,49.400001525878906,49.599998474121094,48.099998474121094,49.400001525878906,914949,0.0,0.0
2023-06-28 11:00:00+08:00,49.349998474121094,50.0,49.0,49.099998474121094,541025,0.0,0.0
2023-06-28 12:00:00+08:00,49.099998474121094,49.599998474121094,49.099998474121094,49.400001525878906,241935,0.0,0.0
2023-06-28 13:00:00+08:00,49.400001525878906,49.599998474121094,49.04999923706055,49.5,361453,0.0,0.0
2023-06-29 09:00:00+08:00,49.70000076293945,50.20000076293945,49.099998474121094,49.75,0,0.0,0.0
2023-06-29 10:00:00+08:00,49.70000076293945,50.20000076293945,49.599998474121094,50.099998474121094,623412,0.0,0.0
2023-06-29 11:00:00+08:00,49.95000076293945,50.400001525878906,49.599998474121094,50.0,836239,0.0,0.0
2023-06-29 12:00:00+08:00,50.0,50.20000076293945,49.650001525878906,49.900001525878906,549112,0.0,0.0
2023-06-29 13:00:00+08:00,49.900001525878906,49.900001525878906,49.599998474121094,49.599998474121094,397023,0.0,0.0
2023-06-30 09:00:00+08:00,50.79999923706055,50.79999923706055,49.04999923706055,50.29999923706055,0,0.0,0.0
2023-06-30 10:00:00+08:00,50.29999923706055,50.70000076293945,50.0,50.0,610892,0.0,0.0
2023-06-30 11:00:00+08:00,50.099998474121094,50.099998474121094,49.70000076293945,49.849998474121094,268100,0.0,0.0
2023-06-30 12:00:00+08:00,49.849998474121094,50.099998474121094,49.650001525878906,49.79999923706055,236938,0.0,0.0
2023-06-30 13:00:00+08:00,49.79999923706055,50.0,49.70000076293945,50.0,356242,0.0,0.0
2023-07-03 09:00:00+08:00,50.599998474121094,51.400001525878906,49.900001525878906,50.29999923706055,0,0.0,0.0
2023-07-03 10:00:00+08:00,50.29999923706055,50.400001525878906,50.099998474121094,50.099998474121094,291691,0.0,0.0
2023-07-03 11:00:00+08:00,50.29999923706055,50.5,50.099998474121094,50.400001525878906,217532,0.0,0.0
2023-07-03 12:00:00+08:00,50.400001525878906,50.599998474121094,50.099998474121094,50.400001525878906,277192,0.0,0.0
2023-07-03 13:00:00+08:00,50.29999923706055,50.29999923706055,50.0,50.20000076293945,439439,0.0,0.0
2023-07-04 09:00:00+08:00,51.0,51.5,50.29999923706055,51.20000076293945,0,0.0,0.0
2023-07-04 10:00:00+08:00,51.20000076293945,51.599998474121094,51.0,51.29999923706055,430607,0.0,0.0
2023-07-04 11:00:00+08:00,51.20000076293945,51.20000076293945,50.79999923706055,51.099998474121094,351183,0.0,0.0
2023-07-04 12:00:00+08:00,51.099998474121094,51.400001525878906,51.0,51.20000076293945,208233,0.0,0.0
2023-07-04 13:00:00+08:00,51.20000076293945,51.400001525878906,51.099998474121094,51.20000076293945,132000,0.0,0.0
2023-07-05 09:00:00+08:00,51.0,51.5,50.79999923706055,51.29999923706055,0,0.0,0.0
2023-07-05 10:00:00+08:00,51.29999923706055,51.70000076293945,51.20000076293945,51.5,213819,0.0,0.0
2023-07-05 11:00:00+08:00,51.400001525878906,51.5,51.20000076293945,51.5,149000,0.0,0.0
2023-07-05 12:00:00+08:00,51.400001525878906,51.400001525878906,50.5,50.70000076293945,749442,0.0,0.0
2023-07-05 13:00:00+08:00,50.79999923706055,51.0,50.70000076293945,51.0,181333,0.0,0.0
2023-07-06 09:00:00+08:00,50.5,51.0,50.29999923706055,51.0,0,0.1,0.0
2023-07-06 10:00:00+08:00,51.099998474121094,51.29999923706055,50.79999923706055,50.900001525878906,341430,0.0,0.0
2023-07-06 11:00:00+08:00,50.900001525878906,50.900001525878906,50.599998474121094,50.599998474121094,97201,0.0,0.0
2023-07-06 12:00:00+08:00,50.599998474121094,51.0,50.599998474121094,51.0,240500,0.0,0.0
2023-07-06 13:00:00+08:00,51.0,51.099998474121094,50.29999923706055,50.400001525878906,249722,0.0,0.0
2023-07-07 09:00:00+08:00,50.20000076293945,50.5,48.45000076293945,48.5,0,0.0,0.0
2023-07-07 10:00:00+08:00,48.5,49.099998474121094,48.20000076293945,49.099998474121094,415604,0.0,0.0
2023-07-07 11:00:00+08:00,49.150001525878906,49.29999923706055,48.900001525878906,49.099998474121094,194804,0.0,0.0
2023-07-07 12:00:00+08:00,49.099998474121094,49.099998474121094,48.650001525878906,48.70000076293945,207166,0.0,0.0
2023-07-07 13:00:00+08:00,48.70000076293945,48.849998474121094,48.54999923706055,48.599998474121094,85604,0.0,0.0
2023-07-10 09:00:00+08:00,48.54999923706055,48.650001525878906,46.900001525878906,47.5,0,0.0,0.0
2023-07-10 10:00:00+08:00,47.45000076293945,48.650001525878906,47.349998474121094,47.5,197017,0.0,0.0
2023-07-10 11:00:00+08:00,47.599998474121094,47.79999923706055,47.099998474121094,47.79999923706055,140594,0.0,0.0
2023-07-10 12:00:00+08:00,47.599998474121094,48.0,47.5,47.5,115250,0.0,0.0
2023-07-10 13:00:00+08:00,47.5,47.599998474121094,47.29999923706055,47.54999923706055,107215,0.0,0.0
2023-07-11 09:00:00+08:00,47.599998474121094,47.79999923706055,47.04999923706055,47.400001525878906,0,0.0,0.0
2023-07-11 10:00:00+08:00,47.29999923706055,47.54999923706055,47.0,47.0,122012,0.0,0.0
2023-07-11 11:00:00+08:00,47.0,47.20000076293945,47.0,47.150001525878906,161050,0.0,0.0
2023-07-11 12:00:00+08:00,47.150001525878906,47.150001525878906,47.0,47.099998474121094,149004,0.0,0.0
2023-07-11 13:00:00+08:00,47.04999923706055,47.099998474121094,46.900001525878906,47.099998474121094,132348,0.0,0.0
2023-07-12 09:00:00+08:00,47.20000076293945,47.5,46.75,46.95000076293945,0,0.0,0.0
2023-07-12 10:00:00+08:00,46.95000076293945,47.20000076293945,46.20000076293945,46.79999923706055,322979,0.0,0.0
2023-07-12 11:00:00+08:00,46.900001525878906,46.900001525878906,46.5,46.79999923706055,64105,0.0,0.0
2023-07-12 12:00:00+08:00,46.70000076293945,46.70000076293945,46.5,46.54999923706055,164891,0.0,0.0
2023-07-12 13:00:00+08:00,46.599998474121094,46.599998474121094,46.400001525878906,46.400001525878906,84230,0.0,0.0
2023-07-13 09:00:00+08:00,46.599998474121094,47.349998474121094,46.599998474121094,47.04999923706055,0,0.0,0.0
2023-07-13 10:00:00+08:00,47.0,47.5,46.95000076293945,47.5,123050,0.0,0.0
2023-07-13 11:00:00+08:00,47.5,47.79999923706055,47.349998474121094,47.400001525878906,97595,0.0,0.0
2023-07-13 12:00:00+08:00,47.29999923706055,47.5,46.650001525878906,46.75,314570,0.0,0.0
2023-07-13 13:00:00+08:00,46.75,47.0,46.54999923706055,46.54999923706055,69000,0.0,0.0
2023-07-14 09:00:00+08:00,46.29999923706055,46.349998474121094,41.79999923706055,43.0,1128560,0.0,0.0
2023-07-14 10:00:00+08:00,43.099998474121094,43.75,42.95000076293945,43.25,393504,0.0,0.0
2023-07-14 11:00:00+08:00,43.25,44.25,43.25,44.20000076293945,200677,0.0,0.0
2023-07-14 12:00:00+08:00,44.20000076293945,44.20000076293945,43.650001525878906,43.849998474121094,137244,0.0,0.0
2023-07-14 13:00:00+08:00,43.900001525878906,44.0,43.54999923706055,43.70000076293945,92300,0.0,0.0
2023-07-17 09:00:00+08:00,43.70000076293945,43.70000076293945,39.79999923706055,40.79999923706055,0,0.0,0.0
2023-07-17 10:00:00+08:00,40.650001525878906,41.349998474121094,40.29999923706055,41.20000076293945,247688,0.0,0.0
2023-07-17 11:00:00+08:00,41.150001525878906,41.349998474121094,40.79999923706055,40.79999923706055,124169,0.0,0.0
2023-07-17 12:00:00+08:00,40.79999923706055,42.54999923706055,40.75,41.95000076293945,330378,0.0,0.0
2023-07-17 13:00:00+08:00,41.849998474121094,42.0,41.599998474121094,42.0,122033,0.0,0.0
2023-07-18 09:00:00+08:00,41.900001525878906,41.95000076293945,39.79999923706055,40.95000076293945,726242,0.0,0.0
2023-07-18 10:00:00+08:00,40.650001525878906,40.849998474121094,40.29999923706055,40.70000076293945,198341,0.0,0.0
2023-07-18 11:00:00+08:00,40.79999923706055,40.79999923706055,40.04999923706055,40.45000076293945,166562,0.0,0.0
2023-07-18 12:00:00+08:00,40.45000076293945,40.45000076293945,40.0,40.349998474121094,236017,0.0,0.0
2023-07-18 13:00:00+08:00,40.20000076293945,40.20000076293945,40.04999923706055,40.099998474121094,137183,0.0,0.0
2023-07-19 09:00:00+08:00,40.95000076293945,42.400001525878906,40.70000076293945,42.29999923706055,467113,0.0,0.0
2023-07-19 10:00:00+08:00,42.29999923706055,42.400001525878906,41.25,41.54999923706055,169064,0.0,0.0
2023-07-19 11:00:00+08:00,41.54999923706055,41.54999923706055,41.20000076293945,41.25,153141,0.0,0.0
2023-07-19 12:00:00+08:00,41.29999923706055,41.29999923706055,40.75,40.75,145017,0.0,0.0
2023-07-19 13:00:00+08:00,40.70000076293945,41.349998474121094,40.70000076293945,41.349998474121094,80521,0.0,0.0
2023-07-20 09:00:00+08:00,40.900001525878906,42.099998474121094,40.5,41.79999923706055,325147,0.0,0.0
2023-07-20 10:00:00+08:00,41.70000076293945,41.849998474121094,40.75,40.900001525878906,162067,0.0,0.0
2023-07-20 11:00:00+08:00,40.900001525878906,41.45000076293945,40.849998474121094,41.150001525878906,134547,0.0,0.0
2023-07-20 12:00:00+08:00,41.150001525878906,41.400001525878906,41.0,41.29999923706055,181200,0.0,0.0
2023-07-20 13:00:00+08:00,41.400001525878906,41.45000076293945,41.29999923706055,41.29999923706055,90031,0.0,0.0
2023-07-21 09:00:00+08:00,41.900001525878906,42.0,41.0,41.70000076293945,113000,0.0,0.0
2023-07-21 10:00:00+08:00,41.75,41.75,41.400001525878906,41.5,34032,0.0,0.0
2023-07-21 11:00:00+08:00,41.5,41.650001525878906,41.29999923706055,41.400001525878906,69528,0.0,0.0
2023-07-21 12:00:00+08:00,41.25,41.25,41.0,41.150001525878906,88101,0.0,0.0
2023-07-21 13:00:00+08:00,41.150001525878906,41.349998474121094,41.04999923706055,41.349998474121094,36052,0.0,0.0
2023-07-24 09:00:00+08:00,41.0,41.29999923706055,40.04999923706055,40.849998474121094,452414,0.0,0.0
2023-07-24 10:00:00+08:00,40.900001525878906,41.150001525878906,40.5,40.54999923706055,45050,0.0,0.0
2023-07-24 11:00:00+08:00,40.400001525878906,41.0,40.400001525878906,41.0,27001,0.0,0.0
2023-07-24 12:00:00+08:00,40.599998474121094,40.75,40.349998474121094,40.599998474121094,35006,0.0,0.0
2023-07-24 13:00:00+08:00,40.54999923706055,40.70000076293945,40.25,40.25,75032,0.0,0.0
2023-07-25 09:00:00+08:00,40.95000076293945,40.95000076293945,40.29999923706055,40.75,34643,0.0,0.0
2023-07-25 10:00:00+08:00,40.54999923706055,40.79999923706055,40.45000076293945,40.75,32042,0.0,0.0
2023-07-25 11:00:00+08:00,40.75,41.45000076293945,40.75,41.29999923706055,64000,0.0,0.0
2023-07-25 12:00:00+08:00,41.29999923706055,41.29999923706055,40.900001525878906,41.099998474121094,37202,0.0,0.0
2023-07-25 13:00:00+08:00,41.0,41.20000076293945,40.5,40.5,29002,0.0,0.0
2023-07-26 09:00:00+08:00,40.75,41.349998474121094,40.25,40.70000076293945,0,0.0,0.0
2023-07-26 10:00:00+08:00,40.5,40.650001525878906,40.349998474121094,40.45000076293945,15011,0.0,0.0
2023-07-26 11:00:00+08:00,40.45000076293945,40.849998474121094,40.349998474121094,40.349998474121094,44168,0.0,0.0
2023-07-26 12:00:00+08:00,40.349998474121094,40.400001525878906,40.04999923706055,40.04999923706055,156211,0.0,0.0
2023-07-26 13:00:00+08:00,40.150001525878906,40.79999923706055,40.04999923706055,40.04999923706055,94000,0.0,0.0
2023-07-27 09:00:00+08:00,40.5,40.900001525878906,40.349998474121094,40.75,0,0.0,0.0
2023-07-27 10:00:00+08:00,40.75,40.75,40.29999923706055,40.29999923706055,90957,0.0,0.0
2023-07-27 11:00:00+08:00,40.29999923706055,40.599998474121094,40.20000076293945,40.54999923706055,64030,0.0,0.0
2023-07-27 12:00:00+08:00,40.25,40.54999923706055,40.25,40.400001525878906,11692,0.0,0.0
2023-07-27 13:00:00+08:00,40.400001525878906,40.54999923706055,40.349998474121094,40.5,30072,0.0,0.0
2023-07-28 09:00:00+08:00,40.29999923706055,40.79999923706055,40.0,40.29999923706055,186201,0.0,0.0
2023-07-28 10:00:00+08:00,40.25,40.25,39.849998474121094,39.95000076293945,172110,0.0,0.0
2023-07-28 11:00:00+08:00,40.150001525878906,40.29999923706055,39.95000076293945,40.29999923706055,47430,0.0,0.0
2023-07-28 12:00:00+08:00,40.04999923706055,40.349998474121094,39.95000076293945,40.25,0,0.0,0.0
2023-07-28 13:00:00+08:00,40.20000076293945,40.349998474121094,40.04999923706055,40.099998474121094,527760,0.0,0.0
2023-07-31 09:00:00+08:00,40.79999923706055,44.0,40.79999923706055,42.900001525878906,996005,0.0,0.0
2023-07-31 10:00:00+08:00,42.900001525878906,43.349998474121094,42.79999923706055,43.20000076293945,338210,0.0,0.0
2023-07-31 11:00:00+08:00,43.29999923706055,43.75,42.79999923706055,43.0,318051,0.0,0.0
2023-07-31 12:00:00+08:00,43.0,43.0,42.599998474121094,42.70000076293945,107479,0.0,0.0
2023-07-31 13:00:00+08:00,42.650001525878906,42.95000076293945,42.400001525878906,42.95000076293945,179054,0.0,0.0
2023-08-01 09:00:00+08:00,42.650001525878906,43.5,42.45000076293945,42.70000076293945,370183,0.0,0.0
2023-08-01 10:00:00+08:00,42.650001525878906,42.900001525878906,42.5,42.900001525878906,123687,0.0,0.0
2023-08-01 11:00:00+08:00,42.54999923706055,43.54999923706055,42.5,43.45000076293945,208205,0.0,0.0
2023-08-01 12:00:00+08:00,43.45000076293945,43.650001525878906,43.0,43.349998474121094,155048,0.0,0.0
2023-08-01 13:00:00+08:00,42.95000076293945,43.54999923706055,42.95000076293945,43.5,107588,0.0,0.0
2023-08-02 09:00:00+08:00,43.849998474121094,43.849998474121094,43.150001525878906,43.45000076293945,86140,0.0,0.0
2023-08-02 10:00:00+08:00,43.349998474121094,43.349998474121094,42.70000076293945,42.95000076293945,156325,0.0,0.0
2023-08-02 11:00:00+08:00,42.95000076293945,42.95000076293945,42.650001525878906,42.650001525878906,46222,0.0,0.0
2023-08-02 12:00:00+08:00,42.650001525878906,42.79999923706055,42.54999923706055,42.70000076293945,89501,0.0,0.0
2023-08-02 13:00:00+08:00,42.599998474121094,42.849998474121094,42.5,42.849998474121094,93049,0.0,0.0
2023-08-04 09:00:00+08:00,43.150001525878906,44.599998474121094,42.900001525878906,43.349998474121094,0,0.0,0.0
2023-08-04 10:00:00+08:00,43.5,43.54999923706055,43.400001525878906,43.45000076293945,14002,0.0,0.0
2023-08-04 11:00:00+08:00,43.5,43.75,43.5,43.599998474121094,29541,0.0,0.0
2023-08-04 12:00:00+08:00,43.599998474121094,45.20000076293945,43.599998474121094,45.20000076293945,280721,0.0,0.0
2023-08-04 13:00:00+08:00,45.04999923706055,46.0,44.849998474121094,45.900001525878906,247334,0.0,0.0
2023-08-07 09:00:00+08:00,45.650001525878906,47.0,45.0,46.5,0,0.0,0.0
2023-08-07 10:00:00+08:00,46.5,46.75,46.150001525878906,46.54999923706055,130499,0.0,0.0
2023-08-07 11:00:00+08:00,46.5,46.900001525878906,46.29999923706055,46.599998474121094,83005,0.0,0.0
2023-08-07 12:00:00+08:00,46.70000076293945,46.900001525878906,46.599998474121094,46.849998474121094,122186,0.0,0.0
2023-08-07 13:00:00+08:00,46.849998474121094,46.900001525878906,46.599998474121094,46.70000076293945,68098,0.0,0.0
2023-08-08 09:00:00+08:00,46.75,47.5,46.400001525878906,47.20000076293945,542073,0.0,0.0
2023-08-08 10:00:00+08:00,47.099998474121094,47.29999923706055,46.29999923706055,46.29999923706055,659430,0.0,0.0
2023-08-08 11:00:00+08:00,46.25,46.29999923706055,45.849998474121094,46.25,365050,0.0,0.0
2023-08-08 12:00:00+08:00,46.0,46.70000076293945,46.0,46.70000076293945,91108,0.0,0.0
2023-08-08 13:00:00+08:00,46.70000076293945,46.79999923706055,46.29999923706055,46.79999923706055,71003,0.0,0.0
2023-08-09 09:00:00+08:00,47.0,47.0,46.099998474121094,46.849998474121094,227689,0.0,0.0
2023-08-09 10:00:00+08:00,46.75,47.099998474121094,46.20000076293945,46.5,641000,0.0,0.0
2023-08-09 11:00:00+08:00,46.349998474121094,46.400001525878906,46.04999923706055,46.20000076293945,79000,0.0,0.0
2023-08-09 12:00:00+08:00,46.150001525878906,46.45000076293945,46.0,46.04999923706055,80146,0.0,0.0
2023-08-09 13:00:00+08:00,46.0,46.099998474121094,45.79999923706055,45.849998474121094,56001,0.0,0.0
2023-08-10 09:00:00+08:00,46.0,46.099998474121094,44.349998474121094,46.099998474121094,518000,0.0,0.0
2023-08-10 10:00:00+08:00,45.900001525878906,45.900001525878906,44.849998474121094,44.900001525878906,427100,0.0,0.0
2023-08-10 11:00:00+08:00,44.900001525878906,44.900001525878906,44.25,44.29999923706055,108150,0.0,0.0
2023-08-10 12:00:00+08:00,44.5,44.900001525878906,44.25,44.29999923706055,61207,0.0,0.0
2023-08-10 13:00:00+08:00,44.25,44.349998474121094,43.849998474121094,44.0,86196,0.0,0.0
2023-08-11 09:00:00+08:00,43.849998474121094,46.099998474121094,43.849998474121094,45.599998474121094,344298,0.0,0.0
2023-08-11 10:00:00+08:00,45.70000076293945,46.45000076293945,45.54999923706055,45.599998474121094,615004,0.0,0.0
2023-08-11 11:00:00+08:00,45.650001525878906,45.79999923706055,45.45000076293945,45.650001525878906,49112,0.0,0.0
2023-08-11 12:00:00+08:00,45.599998474121094,45.650001525878906,45.400001525878906,45.400001525878906,91049,0.0,0.0
2023-08-11 13:00:00+08:00,45.45000076293945,45.75,45.400001525878906,45.70000076293945,62001,0.0,0.0
2023-08-14 09:00:00+08:00,45.650001525878906,45.650001525878906,44.75,45.0,0,0.0,0.0
2023-08-14 10:00:00+08:00,44.95000076293945,45.349998474121094,44.04999923706055,44.29999923706055,1017856,0.0,0.0
2023-08-14 11:00:00+08:00,44.29999923706055,44.29999923706055,43.349998474121094,43.70000076293945,313074,0.0,0.0
2023-08-14 12:00:00+08:00,43.5,44.0,43.5,43.75,33091,0.0,0.0
2023-08-14 13:00:00+08:00,43.599998474121094,43.95000076293945,43.54999923706055,43.79999923706055,50016,0.0,0.0
2023-08-15 09:00:00+08:00,44.599998474121094,44.79999923706055,44.099998474121094,44.54999923706055,210519,0.0,0.0
2023-08-15 10:00:00+08:00,44.54999923706055,45.099998474121094,44.150001525878906,44.150001525878906,956332,0.0,0.0
2023-08-15 11:00:00+08:00,44.45000076293945,44.599998474121094,44.099998474121094,44.20000076293945,94021,0.0,0.0
2023-08-15 12:00:00+08:00,44.20000076293945,44.400001525878906,43.79999923706055,44.20000076293945,129165,0.0,0.0
2023-08-15 13:00:00+08:00,44.04999923706055,44.349998474121094,43.900001525878906,44.349998474121094,50023,0.0,0.0
2023-08-16 09:00:00+08:00,44.150001525878906,44.29999923706055,43.25,43.79999923706055,201005,0.0,0.0
2023-08-16 10:00:00+08:00,43.5,43.5,43.29999923706055,43.5,60011,0.0,0.0
2023-08-16 11:00:00+08:00,43.400001525878906,43.5,43.29999923706055,43.29999923706055,43567,0.0,0.0
2023-08-16 12:00:00+08:00,43.25,43.29999923706055,43.0,43.04999923706055,86886,0.0,0.0
2023-08-16 13:00:00+08:00,43.04999923706055,43.29999923706055,43.0,43.0,41000,0.0,0.0
2023-08-17 09:00:00+08:00,43.0,43.400001525878906,41.650001525878906,42.70000076293945,341158,0.0,0.0
2023-08-17 10:00:00+08:00,42.70000076293945,44.0,42.349998474121094,42.95000076293945,623554,0.0,0.0
2023-08-17 11:00:00+08:00,42.849998474121094,42.849998474121094,42.099998474121094,42.150001525878906,122358,0.0,0.0
2023-08-17 12:00:00+08:00,42.150001525878906,42.349998474121094,42.0,42.0,138207,0.0,0.0
2023-08-17 13:00:00+08:00,42.25,42.349998474121094,42.0,42.20000076293945,24000,0.0,0.0
2023-08-18 09:00:00+08:00,42.04999923706055,42.400001525878906,41.75,42.29999923706055,142101,0.0,0.0
2023-08-18 10:00:00+08:00,42.150001525878906,42.54999923706055,41.650001525878906,41.79999923706055,824004,0.0,0.0
2023-08-18 11:00:00+08:00,41.849998474121094,42.04999923706055,41.75,41.849998474121094,51208,0.0,0.0
2023-08-18 12:00:00+08:00,42.0,42.0,41.45000076293945,41.45000076293945,163165,0.0,0.0
2023-08-18 13:00:00+08:00,41.5,41.599998474121094,41.150001525878906,41.599998474121094,118110,0.0,0.0
2023-08-21 09:00:00+08:00,40.54999923706055,41.0,40.349998474121094,40.900001525878906,0,0.0,0.0
2023-08-21 10:00:00+08:00,40.79999923706055,41.29999923706055,40.70000076293945,40.849998474121094,579000,0.0,0.0
2023-08-21 11:00:00+08:00,40.849998474121094,41.04999923706055,40.599998474121094,40.900001525878906,55034,0.0,0.0
2023-08-21 12:00:00+08:00,40.95000076293945,40.95000076293945,40.650001525878906,40.70000076293945,21019,0.0,0.0
2023-08-21 13:00:00+08:00,40.75,40.900001525878906,40.599998474121094,40.599998474121094,54000,0.0,0.0
2023-08-22 09:00:00+08:00,41.5,41.5,40.45000076293945,40.5,184695,0.0,0.0
2023-08-22 10:00:00+08:00,40.900001525878906,41.04999923706055,40.45000076293945,40.95000076293945,675005,0.0,0.0
2023-08-22 11:00:00+08:00,40.95000076293945,40.95000076293945,40.75,40.900001525878906,54419,0.0,0.0
2023-08-22 12:00:00+08:00,40.79999923706055,40.79999923706055,40.650001525878906,40.70000076293945,44009,0.0,0.0
2023-08-22 13:00:00+08:00,40.79999923706055,40.900001525878906,40.75,40.75,17000,0.0,0.0
2023-08-23 09:00:00+08:00,40.79999923706055,41.0,40.45000076293945,40.95000076293945,0,0.0,0.0
2023-08-23 10:00:00+08:00,40.75,41.0,40.45000076293945,40.599998474121094,509509,0.0,0.0
2023-08-23 11:00:00+08:00,40.5,40.70000076293945,40.5,40.599998474121094,102231,0.0,0.0
2023-08-23 12:00:00+08:00,40.5,40.70000076293945,40.5,40.70000076293945,20502,0.0,0.0
2023-08-23 13:00:00+08:00,40.70000076293945,40.900001525878906,40.599998474121094,40.599998474121094,39000,0.0,0.0
2023-08-24 09:00:00+08:00,40.75,43.150001525878906,40.75,42.849998474121094,363577,0.0,0.0
2023-08-24 10:00:00+08:00,42.900001525878906,42.900001525878906,41.599998474121094,41.75,161096,0.0,0.0
2023-08-24 11:00:00+08:00,41.79999923706055,41.900001525878906,41.650001525878906,41.650001525878906,20000,0.0,0.0
2023-08-24 12:00:00+08:00,41.75,41.95000076293945,41.650001525878906,41.900001525878906,29237,0.0,0.0
2023-08-24 13:00:00+08:00,42.0,42.099998474121094,41.75,41.95000076293945,50031,0.0,0.0
2023-08-25 09:00:00+08:00,41.29999923706055,42.79999923706055,41.29999923706055,42.70000076293945,82000,0.0,0.0
2023-08-25 10:00:00+08:00,42.650001525878906,43.900001525878906,42.54999923706055,43.79999923706055,384555,0.0,0.0
2023-08-25 11:00:00+08:00,43.79999923706055,44.099998474121094,43.5,43.5,189666,0.0,0.0
2023-08-25 12:00:00+08:00,43.5,43.599998474121094,43.25,43.25,102009,0.0,0.0
2023-08-25 13:00:00+08:00,43.349998474121094,43.5,43.25,43.29999923706055,58750,0.0,0.0
2023-08-28 09:00:00+08:00,45.54999923706055,45.54999923706055,43.95000076293945,43.95000076293945,0,0.0,0.0
2023-08-28 10:00:00+08:00,43.95000076293945,44.20000076293945,43.599998474121094,43.650001525878906,214057,0.0,0.0
2023-08-28 11:00:00+08:00,43.70000076293945,43.75,43.45000076293945,43.599998474121094,135103,0.0,0.0
2023-08-28 12:00:00+08:00,43.599998474121094,43.75,43.5,43.599998474121094,34872,0.0,0.0
2023-08-28 13:00:00+08:00,43.54999923706055,43.54999923706055,42.599998474121094,43.20000076293945,137188,0.0,0.0
2023-08-29 09:00:00+08:00,42.849998474121094,42.849998474121094,41.54999923706055,41.599998474121094,339601,0.0,0.0
2023-08-29 10:00:00+08:00,41.599998474121094,42.75,41.54999923706055,42.5,101956,0.0,0.0
2023-08-29 11:00:00+08:00,42.5,42.54999923706055,42.349998474121094,42.400001525878906,21044,0.0,0.0
2023-08-29 12:00:00+08:00,42.400001525878906,42.79999923706055,42.04999923706055,42.79999923706055,54279,0.0,0.0
2023-08-29 13:00:00+08:00,42.849998474121094,43.400001525878906,42.849998474121094,43.25,101308,0.0,0.0
2023-08-30 09:00:00+08:00,43.0,43.349998474121094,42.900001525878906,43.25,70460,0.0,0.0
2023-08-30 10:00:00+08:00,43.0,43.099998474121094,42.70000076293945,42.79999923706055,57150,0.0,0.0
2023-08-30 11:00:00+08:00,42.79999923706055,42.849998474121094,42.75,42.849998474121094,22050,0.0,0.0
2023-08-30 12:00:00+08:00,42.79999923706055,42.900001525878906,42.79999923706055,42.900001525878906,13000,0.0,0.0
2023-08-30 13:00:00+08:00,42.849998474121094,42.900001525878906,42.650001525878906,42.75,105000,0.0,0.0
2023-08-31 09:00:00+08:00,42.70000076293945,43.0,42.25,42.650001525878906,0,0.0,0.0
2023-08-31 10:00:00+08:00,42.45000076293945,42.70000076293945,42.349998474121094,42.599998474121094,24001,0.0,0.0
2023-08-31 11:00:00+08:00,42.5,42.599998474121094,42.400001525878906,42.599998474121094,21051,0.0,0.0
2023-08-31 12:00:00+08:00,42.599998474121094,42.599998474121094,42.400001525878906,42.400001525878906,46001,0.0,0.0
2023-08-31 13:00:00+08:00,42.349998474121094,42.349998474121094,42.20000076293945,42.349998474121094,52407,0.0,0.0
2023-09-01 09:00:00+08:00,43.400001525878906,43.45000076293945,42.29999923706055,42.5,0,0.0,0.0
2023-09-01 10:00:00+08:00,42.54999923706055,42.79999923706055,42.25,42.79999923706055,60102,0.0,0.0
2023-09-01 11:00:00+08:00,42.650001525878906,42.650001525878906,42.29999923706055,42.29999923706055,47006,0.0,0.0
2023-09-01 12:00:00+08:00,42.29999923706055,42.599998474121094,42.20000076293945,42.5,73000,0.0,0.0
2023-09-01 13:00:00+08:00,42.29999923706055,42.349998474121094,42.0,42.150001525878906,137108,0.0,0.0
2023-09-04 09:00:00+08:00,42.0,42.0,39.650001525878906,40.0,0,0.0,0.0
2023-09-04 10:00:00+08:00,40.150001525878906,40.25,38.349998474121094,39.0,528662,0.0,0.0
2023-09-04 11:00:00+08:00,38.900001525878906,39.29999923706055,37.79999923706055,37.79999923706055,579214,0.0,0.0
2023-09-04 12:00:00+08:00,37.79999923706055,37.79999923706055,37.79999923706055,37.79999923706055,113849,0.0,0.0
2023-09-04 13:00:00+08:00,37.79999923706055,37.79999923706055,37.79999923706055,37.79999923706055,49350,0.0,0.0
2023-09-05 09:00:00+08:00,37.400001525878906,37.79999923706055,34.29999923706055,36.75,221568,0.0,0.0
2023-09-05 10:00:00+08:00,36.54999923706055,36.75,35.0,36.20000076293945,468245,0.0,0.0
2023-09-05 11:00:00+08:00,35.900001525878906,36.25,35.70000076293945,36.150001525878906,171267,0.0,0.0
2023-09-05 12:00:00+08:00,36.0,36.900001525878906,35.75,36.5,198215,0.0,0.0
2023-09-05 13:00:00+08:00,36.5,36.79999923706055,36.400001525878906,36.599998474121094,132007,0.0,0.0
2023-09-06 09:00:00+08:00,36.95000076293945,36.95000076293945,34.5,34.5,0,0.0,0.0
2023-09-06 10:00:00+08:00,34.5,35.0,34.5,34.95000076293945,207481,0.0,0.0
2023-09-06 11:00:00+08:00,34.900001525878906,35.0,34.79999923706055,34.849998474121094,76110,0.0,0.0
2023-09-06 12:00:00+08:00,34.79999923706055,34.849998474121094,33.79999923706055,34.650001525878906,1014281,0.0,0.0
2023-09-06 13:00:00+08:00,34.70000076293945,34.75,34.20000076293945,34.25,184101,0.0,0.0
2023-09-07 09:00:00+08:00,35.0,35.900001525878906,34.349998474121094,34.849998474121094,0,0.0,0.0
2023-09-07 10:00:00+08:00,34.849998474121094,35.75,34.75,35.20000076293945,268040,0.0,0.0
2023-09-07 11:00:00+08:00,35.20000076293945,35.20000076293945,34.75,35.0,118096,0.0,0.0
2023-09-07 12:00:00+08:00,34.79999923706055,34.79999923706055,34.349998474121094,34.70000076293945,122188,0.0,0.0
2023-09-07 13:00:00+08:00,34.75,34.849998474121094,34.45000076293945,34.70000076293945,108190,0.0,0.0
2023-09-08 09:00:00+08:00,33.95000076293945,34.79999923706055,33.849998474121094,34.349998474121094,0,0.0,0.0
2023-09-08 10:00:00+08:00,34.5,34.599998474121094,34.29999923706055,34.400001525878906,82969,0.0,0.0
2023-09-08 11:00:00+08:00,34.349998474121094,34.5,34.0,34.25,90080,0.0,0.0
2023-09-08 12:00:00+08:00,34.20000076293945,34.349998474121094,34.04999923706055,34.349998474121094,43000,0.0,0.0
2023-09-08 13:00:00+08:00,34.349998474121094,34.45000076293945,34.04999923706055,34.400001525878906,70010,0.0,0.0
2023-09-11 09:00:00+08:00,34.54999923706055,34.54999923706055,33.400001525878906,34.04999923706055,0,0.0,0.0
2023-09-11 10:00:00+08:00,34.0,34.0,33.79999923706055,33.79999923706055,69000,0.0,0.0
2023-09-11 11:00:00+08:00,33.79999923706055,33.79999923706055,33.45000076293945,33.70000076293945,66050,0.0,0.0
2023-09-11 12:00:00+08:00,33.54999923706055,33.75,33.5,33.599998474121094,35269,0.0,0.0
2023-09-11 13:00:00+08:00,33.599998474121094,33.599998474121094,33.400001525878906,33.400001525878906,76152,0.0,0.0
2023-09-12 09:00:00+08:00,33.349998474121094,33.95000076293945,32.79999923706055,32.849998474121094,0,0.0,0.0
2023-09-12 10:00:00+08:00,32.849998474121094,33.099998474121094,32.599998474121094,33.04999923706055,218092,0.0,0.0
2023-09-12 11:00:00+08:00,33.04999923706055,34.099998474121094,33.04999923706055,34.099998474121094,139010,0.0,0.0
2023-09-12 12:00:00+08:00,34.25,35.099998474121094,34.25,34.5,385089,0.0,0.0
2023-09-12 13:00:00+08:00,34.45000076293945,34.650001525878906,34.349998474121094,34.349998474121094,74003,0.0,0.0
2023-09-13 09:00:00+08:00,34.349998474121094,34.45000076293945,33.29999923706055,34.099998474121094,0,0.0,0.0
2023-09-13 10:00:00+08:00,34.0,34.04999923706055,33.54999923706055,33.849998474121094,50004,0.0,0.0
2023-09-13 11:00:00+08:00,33.54999923706055,33.900001525878906,33.5,33.599998474121094,58162,0.0,0.0
2023-09-13 12:00:00+08:00,33.5,33.599998474121094,33.5,33.599998474121094,19272,0.0,0.0
2023-09-13 13:00:00+08:00,33.54999923706055,33.650001525878906,33.29999923706055,33.5,117101,0.0,0.0
2023-09-14 09:00:00+08:00,33.5,34.599998474121094,32.5,34.599998474121094,321860,0.0,0.0
2023-09-14 10:00:00+08:00,34.79999923706055,35.099998474121094,34.20000076293945,34.70000076293945,280180,0.0,0.0
2023-09-14 11:00:00+08:00,34.70000076293945,35.0,34.70000076293945,34.900001525878906,0,0.0,0.0
2023-09-14 12:00:00+08:00,34.75,35.099998474121094,34.29999923706055,34.29999923706055,1206297,0.0,0.0
2023-09-14 13:00:00+08:00,34.29999923706055,34.29999923706055,34.150001525878906,34.150001525878906,39000,0.0,0.0
2023-09-15 09:00:00+08:00,34.400001525878906,34.400001525878906,33.849998474121094,34.25,0,0.0,0.0
2023-09-15 10:00:00+08:00,34.349998474121094,34.599998474121094,34.349998474121094,34.5,88426,0.0,0.0
2023-09-15 11:00:00+08:00,34.45000076293945,35.20000076293945,34.45000076293945,34.900001525878906,205011,0.0,0.0
2023-09-15 12:00:00+08:00,34.79999923706055,35.099998474121094,34.70000076293945,34.75,129413,0.0,0.0
2023-09-15 13:00:00+08:00,34.75,34.95000076293945,34.70000076293945,34.70000076293945,25141,0.0,0.0
2023-09-18 09:00:00+08:00,34.400001525878906,35.650001525878906,34.400001525878906,35.29999923706055,0,0.0,0.0
2023-09-18 10:00:00+08:00,35.29999923706055,36.20000076293945,35.29999923706055,35.95000076293945,119000,0.0,0.0
2023-09-18 11:00:00+08:00,35.95000076293945,36.900001525878906,35.900001525878906,36.45000076293945,220301,0.0,0.0
2023-09-18 12:00:00+08:00,36.54999923706055,38.099998474121094,36.400001525878906,37.79999923706055,665035,0.0,0.0
2023-09-18 13:00:00+08:00,37.849998474121094,37.849998474121094,37.45000076293945,37.45000076293945,79776,0.0,0.0
2023-09-19 09:00:00+08:00,38.0,41.099998474121094,38.0,41.099998474121094,2540269,0.0,0.0
2023-09-19 10:00:00+08:00,41.099998474121094,41.099998474121094,41.099998474121094,41.099998474121094,170567,0.0,0.0
2023-09-19 11:00:00+08:00,41.099998474121094,41.099998474121094,41.099998474121094,41.099998474121094,54813,0.0,0.0
2023-09-19 12:00:00+08:00,41.099998474121094,41.099998474121094,41.099998474121094,41.099998474121094,69383,0.0,0.0
2023-09-19 13:00:00+08:00,41.099998474121094,41.099998474121094,41.099998474121094,41.099998474121094,50000,0.0,0.0
2023-09-20 09:00:00+08:00,40.650001525878906,40.849998474121094,39.150001525878906,39.70000076293945,0,0.0,0.0
2023-09-20 10:00:00+08:00,39.650001525878906,39.79999923706055,39.20000076293945,39.400001525878906,221198,0.0,0.0
2023-09-20 11:00:00+08:00,39.5,39.5,39.04999923706055,39.04999923706055,173100,0.0,0.0
2023-09-20 12:00:00+08:00,39.04999923706055,39.099998474121094,38.0,38.150001525878906,376544,0.0,0.0
2023-09-20 13:00:00+08:00,38.150001525878906,38.70000076293945,38.150001525878906,38.650001525878906,158080,0.0,0.0
2023-09-21 09:00:00+08:00,38.20000076293945,39.70000076293945,37.79999923706055,39.5,0,0.0,0.0
2023-09-21 10:00:00+08:00,39.5,41.79999923706055,39.29999923706055,41.0,684778,0.0,0.0
2023-09-21 11:00:00+08:00,40.75,41.400001525878906,40.70000076293945,41.20000076293945,294530,0.0,0.0
2023-09-21 12:00:00+08:00,41.20000076293945,41.29999923706055,40.650001525878906,40.70000076293945,224105,0.0,0.0
2023-09-21 13:00:00+08:00,40.70000076293945,40.900001525878906,40.45000076293945,40.900001525878906,145001,0.0,0.0
2023-09-22 09:00:00+08:00,40.599998474121094,40.599998474121094,39.5,39.849998474121094,0,0.0,0.0
2023-09-22 10:00:00+08:00,39.95000076293945,40.150001525878906,39.900001525878906,39.900001525878906,41100,0.0,0.0
2023-09-22 11:00:00+08:00,39.849998474121094,39.900001525878906,39.70000076293945,39.70000076293945,61266,0.0,0.0
2023-09-22 12:00:00+08:00,39.900001525878906,39.95000076293945,39.75,39.79999923706055,53250,0.0,0.0
2023-09-22 13:00:00+08:00,39.79999923706055,40.0,39.75,39.79999923706055,88000,0.0,0.0
2023-09-25 09:00:00+08:00,39.650001525878906,39.70000076293945,38.79999923706055,39.45000076293945,0,0.0,0.0
2023-09-25 10:00:00+08:00,39.45000076293945,39.79999923706055,39.45000076293945,39.75,37000,0.0,0.0
2023-09-25 11:00:00+08:00,39.75,39.849998474121094,39.650001525878906,39.849998474121094,30143,0.0,0.0
2023-09-25 12:00:00+08:00,39.849998474121094,39.849998474121094,39.650001525878906,39.79999923706055,21133,0.0,0.0
2023-09-25 13:00:00+08:00,39.75,40.0,39.75,39.900001525878906,73000,0.0,0.0
2023-09-26 09:00:00+08:00,40.349998474121094,40.95000076293945,40.0,40.75,0,0.0,0.0
2023-09-26 10:00:00+08:00,40.79999923706055,40.849998474121094,40.5,40.5,38001,0.0,0.0
2023-09-26 11:00:00+08:00,40.45000076293945,40.599998474121094,40.29999923706055,40.349998474121094,79099,0.0,0.0
2023-09-26 12:00:00+08:00,40.349998474121094,40.349998474121094,39.79999923706055,39.900001525878906,134038,0.0,0.0
2023-09-26 13:00:00+08:00,39.849998474121094,39.900001525878906,39.54999923706055,39.70000076293945,68000,0.0,0.0
2023-09-27 09:00:00+08:00,40.79999923706055,40.79999923706055,39.650001525878906,39.75,0,0.0,0.0
2023-09-27 10:00:00+08:00,39.79999923706055,40.0,39.75,39.75,23000,0.0,0.0
2023-09-27 11:00:00+08:00,39.75,39.75,39.099998474121094,39.29999923706055,61330,0.0,0.0
2023-09-27 12:00:00+08:00,39.29999923706055,39.349998474121094,38.900001525878906,39.0,78160,0.0,0.0
2023-09-27 13:00:00+08:00,39.0,39.20000076293945,38.70000076293945,38.95000076293945,82300,0.0,0.0
2023-09-28 09:00:00+08:00,39.75,39.75,38.849998474121094,39.099998474121094,0,0.0,0.0
2023-09-28 10:00:00+08:00,39.099998474121094,39.79999923706055,39.099998474121094,39.5,58050,0.0,0.0
2023-09-28 11:00:00+08:00,39.5,39.75,39.20000076293945,39.5,32150,0.0,0.0
2023-09-28 12:00:00+08:00,39.5,40.599998474121094,39.5,40.400001525878906,190750,0.0,0.0
2023-09-28 13:00:00+08:00,40.45000076293945,41.95000076293945,40.29999923706055,41.95000076293945,240301,0.0,0.0
2023-10-02 09:00:00+08:00,42.20000076293945,44.20000076293945,41.900001525878906,42.349998474121094,0,0.0,0.0
2023-10-02 10:00:00+08:00,42.5,43.29999923706055,42.5,42.5,175896,0.0,0.0
2023-10-02 11:00:00+08:00,42.54999923706055,42.599998474121094,42.099998474121094,42.150001525878906,63325,0.0,0.0
2023-10-02 12:00:00+08:00,42.150001525878906,42.79999923706055,42.150001525878906,42.599998474121094,101401,0.0,0.0
2023-10-02 13:00:00+08:00,42.599998474121094,42.599998474121094,41.5,41.650001525878906,128000,0.0,0.0
2023-10-03 09:00:00+08:00,41.400001525878906,41.400001525878906,40.04999923706055,41.0,0,0.0,0.0
2023-10-03 10:00:00+08:00,40.849998474121094,40.849998474121094,40.400001525878906,40.54999923706055,77135,0.0,0.0
2023-10-03 11:00:00+08:00,40.79999923706055,40.900001525878906,40.54999923706055,40.900001525878906,52000,0.0,0.0
2023-10-03 12:00:00+08:00,40.849998474121094,41.25,40.54999923706055,41.20000076293945,86115,0.0,0.0
2023-10-03 13:00:00+08:00,41.20000076293945,41.599998474121094,41.150001525878906,41.54999923706055,61034,0.0,0.0
2023-10-04 09:00:00+08:00,40.5,41.70000076293945,40.099998474121094,41.45000076293945,0,0.0,0.0
2023-10-04 10:00:00+08:00,41.20000076293945,41.20000076293945,41.04999923706055,41.04999923706055,6000,0.0,0.0
2023-10-04 12:00:00+08:00,41.0,41.04999923706055,40.599998474121094,40.650001525878906,22000,0.0,0.0
2023-10-04 13:00:00+08:00,40.599998474121094,40.599998474121094,40.349998474121094,40.400001525878906,33150,0.0,0.0
2023-10-05 09:00:00+08:00,41.400001525878906,41.45000076293945,40.650001525878906,40.79999923706055,0,0.0,0.0
2023-10-05 10:00:00+08:00,40.849998474121094,40.900001525878906,40.75,40.75,28050,0.0,0.0
2023-10-05 11:00:00+08:00,40.70000076293945,40.75,40.45000076293945,40.599998474121094,57244,0.0,0.0
2023-10-05 12:00:00+08:00,40.54999923706055,40.79999923706055,40.54999923706055,40.75,17000,0.0,0.0
2023-10-05 13:00:00+08:00,40.70000076293945,40.70000076293945,40.54999923706055,40.650001525878906,34034,0.0,0.0
2023-10-06 09:00:00+08:00,40.599998474121094,40.79999923706055,40.20000076293945,40.650001525878906,0,0.0,0.0
2023-10-06 10:00:00+08:00,40.650001525878906,40.650001525878906,40.25,40.400001525878906,21011,0.0,0.0
2023-10-06 11:00:00+08:00,40.45000076293945,40.849998474121094,40.099998474121094,40.650001525878906,33011,0.0,0.0
2023-10-06 12:00:00+08:00,40.70000076293945,41.150001525878906,40.54999923706055,40.54999923706055,29256,0.0,0.0
2023-10-06 13:00:00+08:00,40.54999923706055,40.79999923706055,40.5,40.79999923706055,22000,0.0,0.0
2023-10-11 09:00:00+08:00,40.849998474121094,41.04999923706055,40.29999923706055,40.5,0,0.0,0.0
2023-10-11 10:00:00+08:00,40.400001525878906,40.45000076293945,40.0,40.400001525878906,58054,0.0,0.0
2023-10-11 11:00:00+08:00,40.20000076293945,40.75,40.150001525878906,40.70000076293945,8025,0.0,0.0
2023-10-11 12:00:00+08:00,40.650001525878906,40.650001525878906,40.20000076293945,40.29999923706055,15001,0.0,0.0
2023-10-11 13:00:00+08:00,40.29999923706055,40.650001525878906,40.29999923706055,40.45000076293945,9000,0.0,0.0
2023-10-12 09:00:00+08:00,40.20000076293945,43.0,40.20000076293945,42.150001525878906,416436,0.0,0.0
2023-10-12 10:00:00+08:00,41.95000076293945,42.0,41.5,41.70000076293945,43013,0.0,0.0
2023-10-12 11:00:00+08:00,41.599998474121094,41.849998474121094,41.54999923706055,41.79999923706055,31043,0.0,0.0
2023-10-12 12:00:00+08:00,41.79999923706055,41.849998474121094,41.650001525878906,41.650001525878906,22021,0.0,0.0
2023-10-12 13:00:00+08:00,41.599998474121094,41.849998474121094,41.45000076293945,41.849998474121094,30121,0.0,0.0
2023-10-13 09:00:00+08:00,41.650001525878906,42.650001525878906,41.650001525878906,42.20000076293945,0,0.0,0.0
2023-10-13 10:00:00+08:00,42.150001525878906,42.849998474121094,41.849998474121094,42.650001525878906,217690,0.0,0.0
2023-10-13 11:00:00+08:00,42.70000076293945,42.849998474121094,42.20000076293945,42.25,61162,0.0,0.0
2023-10-13 12:00:00+08:00,42.25,42.400001525878906,42.04999923706055,42.20000076293945,18052,0.0,0.0
2023-10-13 13:00:00+08:00,42.20000076293945,42.25,41.95000076293945,42.0,27000,0.0,0.0
2023-10-16 09:00:00+08:00,42.25,42.25,41.29999923706055,41.45000076293945,0,0.0,0.0
2023-10-16 10:00:00+08:00,41.349998474121094,41.599998474121094,41.099998474121094,41.599998474121094,81115,0.0,0.0
2023-10-16 11:00:00+08:00,41.150001525878906,41.400001525878906,41.04999923706055,41.400001525878906,21100,0.0,0.0
2023-10-16 12:00:00+08:00,41.25,41.25,41.0,41.20000076293945,0,0.0,0.0
2023-10-16 13:00:00+08:00,41.20000076293945,41.25,40.849998474121094,40.849998474121094,222570,0.0,0.0
2023-10-17 09:00:00+08:00,41.349998474121094,41.400001525878906,40.900001525878906,40.95000076293945,0,0.0,0.0
2023-10-17 10:00:00+08:00,41.0,41.29999923706055,40.849998474121094,40.95000076293945,22009,0.0,0.0
2023-10-17 11:00:00+08:00,40.900001525878906,40.900001525878906,40.04999923706055,40.5,67149,0.0,0.0
2023-10-17 12:00:00+08:00,40.45000076293945,40.70000076293945,40.25,40.54999923706055,26000,0.0,0.0
2023-10-17 13:00:00+08:00,40.54999923706055,40.650001525878906,40.25,40.599998474121094,22000,0.0,0.0
2023-10-18 09:00:00+08:00,40.650001525878906,40.849998474121094,40.0,40.099998474121094,0,0.0,0.0
2023-10-18 10:00:00+08:00,40.04999923706055,40.20000076293945,40.0,40.20000076293945,72000,0.0,0.0
2023-10-18 11:00:00+08:00,40.150001525878906,40.29999923706055,40.04999923706055,40.29999923706055,45001,0.0,0.0
2023-10-18 12:00:00+08:00,40.20000076293945,40.349998474121094,40.099998474121094,40.349998474121094,28135,0.0,0.0
2023-10-18 13:00:00+08:00,40.29999923706055,40.349998474121094,40.0,40.349998474121094,29000,0.0,0.0
2023-10-19 09:00:00+08:00,39.95000076293945,40.650001525878906,39.79999923706055,40.0,0,0.0,0.0
2023-10-19 10:00:00+08:00,40.099998474121094,40.95000076293945,40.04999923706055,40.95000076293945,28000,0.0,0.0
2023-10-19 11:00:00+08:00,40.849998474121094,40.849998474121094,40.150001525878906,40.20000076293945,4002,0.0,0.0
2023-10-19 12:00:00+08:00,40.20000076293945,40.5,40.150001525878906,40.5,36002,0.0,0.0
2023-10-19 13:00:00+08:00,40.099998474121094,40.099998474121094,40.099998474121094,40.099998474121094,6000,0.0,0.0
2023-10-20 09:00:00+08:00,40.04999923706055,40.79999923706055,38.75,38.849998474121094,27966,0.0,0.0
2023-10-20 10:00:00+08:00,38.849998474121094,38.849998474121094,36.400001525878906,37.79999923706055,382005,0.0,0.0
2023-10-20 11:00:00+08:00,37.79999923706055,37.900001525878906,36.45000076293945,36.70000076293945,253592,0.0,0.0
2023-10-20 12:00:00+08:00,36.70000076293945,36.75,36.099998474121094,36.29999923706055,482152,0.0,0.0
2023-10-20 13:00:00+08:00,36.29999923706055,36.349998474121094,36.099998474121094,36.099998474121094,325755,0.0,0.0
2023-10-23 09:00:00+08:00,36.0,37.25,34.79999923706055,36.45000076293945,0,0.0,0.0
2023-10-23 10:00:00+08:00,36.5,36.5,36.099998474121094,36.45000076293945,85145,0.0,0.0
2023-10-23 11:00:00+08:00,36.400001525878906,36.79999923706055,36.29999923706055,36.400001525878906,59164,0.0,0.0
2023-10-23 12:00:00+08:00,36.25,36.25,35.79999923706055,35.849998474121094,83027,0.0,0.0
2023-10-23 13:00:00+08:00,35.79999923706055,36.099998474121094,35.70000076293945,36.099998474121094,64003,0.0,0.0
2023-10-24 09:00:00+08:00,36.95000076293945,36.95000076293945,35.75,36.150001525878906,0,0.0,0.0
2023-10-24 10:00:00+08:00,36.150001525878906,36.5,36.150001525878906,36.349998474121094,177041,0.0,0.0
2023-10-24 11:00:00+08:00,36.20000076293945,36.25,36.099998474121094,36.25,37081,0.0,0.0
2023-10-24 12:00:00+08:00,36.29999923706055,36.45000076293945,36.25,36.45000076293945,49015,0.0,0.0
2023-10-24 13:00:00+08:00,36.29999923706055,36.79999923706055,36.29999923706055,36.70000076293945,71082,0.0,0.0
2023-10-25 09:00:00+08:00,37.04999923706055,37.04999923706055,35.099998474121094,35.099998474121094,0,0.0,0.0
2023-10-25 10:00:00+08:00,35.20000076293945,35.75,35.099998474121094,35.45000076293945,115813,0.0,0.0
2023-10-25 11:00:00+08:00,35.45000076293945,35.54999923706055,35.25,35.5,80010,0.0,0.0
2023-10-25 12:00:00+08:00,35.29999923706055,35.54999923706055,35.25,35.54999923706055,100150,0.0,0.0
2023-10-25 13:00:00+08:00,35.54999923706055,35.900001525878906,35.5,35.900001525878906,89000,0.0,0.0
2023-10-26 09:00:00+08:00,35.150001525878906,35.349998474121094,34.400001525878906,35.25,0,0.0,0.0
2023-10-26 10:00:00+08:00,35.25,35.400001525878906,35.099998474121094,35.150001525878906,26000,0.0,0.0
2023-10-26 11:00:00+08:00,35.150001525878906,35.400001525878906,34.849998474121094,34.95000076293945,126085,0.0,0.0
2023-10-26 12:00:00+08:00,34.95000076293945,34.95000076293945,34.400001525878906,34.400001525878906,95137,0.0,0.0
2023-10-26 13:00:00+08:00,34.45000076293945,34.650001525878906,34.20000076293945,34.650001525878906,60000,0.0,0.0
2023-10-27 09:00:00+08:00,34.400001525878906,34.45000076293945,32.95000076293945,33.0,0,0.0,0.0
2023-10-27 10:00:00+08:00,33.0,33.04999923706055,30.700000762939453,30.700000762939453,1282262,0.0,0.0
2023-10-27 11:00:00+08:00,30.700000762939453,30.850000381469727,30.700000762939453,30.700000762939453,790378,0.0,0.0
2023-10-27 12:00:00+08:00,30.700000762939453,30.799999237060547,30.700000762939453,30.75,493735,0.0,0.0
2023-10-27 13:00:00+08:00,30.75,30.799999237060547,30.700000762939453,30.700000762939453,195000,0.0,0.0
2023-10-30 09:00:00+08:00,30.700000762939453,33.0,30.700000762939453,31.299999237060547,0,0.0,0.0
2023-10-30 10:00:00+08:00,31.399999618530273,31.700000762939453,31.049999237060547,31.350000381469727,166002,0.0,0.0
2023-10-30 11:00:00+08:00,31.350000381469727,31.75,31.25,31.600000381469727,225023,0.0,0.0
2023-10-30 12:00:00+08:00,31.350000381469727,31.600000381469727,30.899999618530273,31.0,176000,0.0,0.0
2023-10-30 13:00:00+08:00,31.100000381469727,31.200000762939453,30.850000381469727,30.950000762939453,142558,0.0,0.0
2023-10-31 09:00:00+08:00,32.0,32.400001525878906,31.850000381469727,31.899999618530273,0,0.0,0.0
2023-10-31 10:00:00+08:00,31.899999618530273,31.950000762939453,31.350000381469727,31.350000381469727,89131,0.0,0.0
2023-10-31 11:00:00+08:00,31.399999618530273,31.75,31.399999618530273,31.549999237060547,37000,0.0,0.0
2023-10-31 12:00:00+08:00,31.700000762939453,31.799999237060547,31.5,31.75,35000,0.0,0.0
2023-10-31 13:00:00+08:00,31.600000381469727,31.700000762939453,31.399999618530273,31.399999618530273,75000,0.0,0.0
2023-11-01 09:00:00+08:00,32.400001525878906,32.400001525878906,31.549999237060547,31.700000762939453,0,0.0,0.0
2023-11-01 10:00:00+08:00,31.75,32.150001525878906,31.600000381469727,31.850000381469727,69100,0.0,0.0
2023-11-01 11:00:00+08:00,31.899999618530273,33.599998474121094,31.899999618530273,33.29999923706055,540400,0.0,0.0
2023-11-01 12:00:00+08:00,33.5,33.95000076293945,33.150001525878906,33.900001525878906,218002,0.0,0.0
2023-11-01 13:00:00+08:00,33.95000076293945,34.04999923706055,33.79999923706055,33.95000076293945,165007,0.0,0.0
2023-11-02 09:00:00+08:00,34.599998474121094,35.95000076293945,34.29999923706055,35.79999923706055,651063,0.0,0.0
2023-11-02 10:00:00+08:00,35.650001525878906,35.849998474121094,35.20000076293945,35.349998474121094,98015,0.0,0.0
2023-11-02 11:00:00+08:00,35.349998474121094,36.79999923706055,35.29999923706055,35.400001525878906,290806,0.0,0.0
2023-11-02 12:00:00+08:00,35.79999923706055,35.79999923706055,35.349998474121094,35.349998474121094,40010,0.0,0.0
2023-11-02 13:00:00+08:00,35.349998474121094,36.54999923706055,35.349998474121094,36.25,315034,0.0,0.0
2023-11-03 09:00:00+08:00,36.349998474121094,38.599998474121094,36.29999923706055,37.75,0,0.0,0.0
2023-11-03 10:00:00+08:00,38.0,38.099998474121094,37.45000076293945,38.0,291500,0.0,0.0
2023-11-03 11:00:00+08:00,37.650001525878906,38.0,37.54999923706055,37.54999923706055,102031,0.0,0.0
2023-11-03 12:00:00+08:00,37.599998474121094,37.849998474121094,37.54999923706055,37.54999923706055,35717,0.0,0.0
2023-11-03 13:00:00+08:00,37.599998474121094,38.150001525878906,37.599998474121094,38.099998474121094,183746,0.0,0.0
2023-11-06 09:00:00+08:00,38.5,38.900001525878906,37.75,38.04999923706055,0,0.0,0.0
2023-11-06 10:00:00+08:00,37.95000076293945,38.04999923706055,37.25,37.79999923706055,245104,0.0,0.0
2023-11-06 11:00:00+08:00,37.75,37.79999923706055,37.45000076293945,37.75,67006,0.0,0.0
2023-11-06 12:00:00+08:00,37.79999923706055,38.20000076293945,37.70000076293945,37.849998474121094,127471,0.0,0.0
2023-11-06 13:00:00+08:00,38.0,38.599998474121094,38.0,38.45000076293945,209845,0.0,0.0
2023-11-07 09:00:00+08:00,38.599998474121094,39.29999923706055,38.400001525878906,38.79999923706055,0,0.0,0.0
2023-11-07 10:00:00+08:00,38.599998474121094,38.70000076293945,38.5,38.70000076293945,91000,0.0,0.0
2023-11-07 11:00:00+08:00,38.650001525878906,38.650001525878906,37.25,37.54999923706055,600838,0.0,0.0
2023-11-07 12:00:00+08:00,37.54999923706055,38.650001525878906,37.29999923706055,38.45000076293945,381155,0.0,0.0
2023-11-07 13:00:00+08:00,38.400001525878906,38.45000076293945,38.20000076293945,38.25,71000,0.0,0.0
2023-11-08 09:00:00+08:00,38.099998474121094,38.79999923706055,38.04999923706055,38.349998474121094,0,0.0,0.0
2023-11-08 10:00:00+08:00,38.349998474121094,38.95000076293945,38.349998474121094,38.54999923706055,118038,0.0,0.0
2023-11-08 11:00:00+08:00,38.75,39.099998474121094,38.70000076293945,38.79999923706055,203000,0.0,0.0
2023-11-08 12:00:00+08:00,38.79999923706055,40.75,38.650001525878906,40.150001525878906,449176,0.0,0.0
2023-11-08 13:00:00+08:00,40.099998474121094,40.099998474121094,39.400001525878906,39.5,186096,0.0,0.0
2023-11-09 09:00:00+08:00,39.29999923706055,40.849998474121094,39.29999923706055,39.900001525878906,0,0.0,0.0
2023-11-09 10:00:00+08:00,39.900001525878906,40.5,39.900001525878906,40.5,135750,0.0,0.0
2023-11-09 11:00:00+08:00,40.29999923706055,40.54999923706055,40.29999923706055,40.400001525878906,43780,0.0,0.0
2023-11-09 12:00:00+08:00,40.400001525878906,40.70000076293945,40.349998474121094,40.54999923706055,126415,0.0,0.0
2023-11-09 13:00:00+08:00,40.5,40.599998474121094,40.349998474121094,40.599998474121094,108000,0.0,0.0
2023-11-10 09:00:00+08:00,40.75,40.75,40.25,40.45000076293945,0,0.0,0.0
2023-11-10 10:00:00+08:00,40.45000076293945,41.0,40.29999923706055,40.900001525878906,123459,0.0,0.0
2023-11-10 11:00:00+08:00,40.900001525878906,40.900001525878906,40.70000076293945,40.70000076293945,33001,0.0,0.0
2023-11-10 12:00:00+08:00,40.75,40.75,40.599998474121094,40.599998474121094,47201,0.0,0.0
2023-11-10 13:00:00+08:00,40.599998474121094,40.849998474121094,40.599998474121094,40.79999923706055,33102,0.0,0.0
2023-11-13 09:00:00+08:00,41.349998474121094,41.349998474121094,40.599998474121094,40.599998474121094,0,0.0,0.0
2023-11-13 10:00:00+08:00,40.599998474121094,41.0,40.54999923706055,40.75,130000,0.0,0.0
2023-11-13 11:00:00+08:00,40.70000076293945,40.70000076293945,40.54999923706055,40.599998474121094,64000,0.0,0.0
2023-11-13 12:00:00+08:00,40.54999923706055,40.75,40.54999923706055,40.70000076293945,48103,0.0,0.0
2023-11-13 13:00:00+08:00,40.70000076293945,40.75,40.599998474121094,40.75,56010,0.0,0.0
2023-11-14 09:00:00+08:00,40.5,40.70000076293945,40.20000076293945,40.29999923706055,0,0.0,0.0
2023-11-14 10:00:00+08:00,40.29999923706055,40.29999923706055,39.0,39.04999923706055,362514,0.0,0.0
2023-11-14 11:00:00+08:00,39.0,39.25,38.150001525878906,38.25,267201,0.0,0.0
2023-11-14 12:00:00+08:00,38.29999923706055,38.650001525878906,38.099998474121094,38.599998474121094,161239,0.0,0.0
2023-11-14 13:00:00+08:00,38.599998474121094,38.599998474121094,38.25,38.400001525878906,95100,0.0,0.0
2023-11-15 09:00:00+08:00,38.29999923706055,39.20000076293945,38.29999923706055,39.20000076293945,0,0.0,0.0
2023-11-15 10:00:00+08:00,39.099998474121094,39.099998474121094,38.75,38.849998474121094,86000,0.0,0.0
2023-11-15 11:00:00+08:00,38.79999923706055,38.79999923706055,38.400001525878906,38.75,83021,0.0,0.0
2023-11-15 12:00:00+08:00,38.75,39.099998474121094,38.650001525878906,39.0,106509,0.0,0.0
2023-11-15 13:00:00+08:00,39.0,39.099998474121094,38.900001525878906,39.0,88101,0.0,0.0
2023-11-16 09:00:00+08:00,39.20000076293945,40.29999923706055,39.0,39.900001525878906,0,0.0,0.0
2023-11-16 10:00:00+08:00,39.900001525878906,40.29999923706055,39.900001525878906,40.0,121037,0.0,0.0
2023-11-16 11:00:00+08:00,40.099998474121094,40.099998474121094,39.95000076293945,40.0,36021,0.0,0.0
2023-11-16 12:00:00+08:00,40.0,40.099998474121094,39.95000076293945,40.04999923706055,39000,0.0,0.0
2023-11-16 13:00:00+08:00,40.0,40.5,40.0,40.5,115759,0.0,0.0
2023-11-17 09:00:00+08:00,40.599998474121094,42.400001525878906,40.599998474121094,42.20000076293945,174148,0.0,0.0
2023-11-17 10:00:00+08:00,42.04999923706055,42.400001525878906,41.25,41.29999923706055,421871,0.0,0.0
2023-11-17 11:00:00+08:00,41.29999923706055,41.900001525878906,41.29999923706055,41.849998474121094,51005,0.0,0.0
2023-11-17 12:00:00+08:00,41.79999923706055,41.79999923706055,41.150001525878906,41.5,116631,0.0,0.0
2023-11-17 13:00:00+08:00,41.349998474121094,41.650001525878906,41.25,41.5,52012,0.0,0.0
2023-11-20 09:00:00+08:00,41.349998474121094,42.150001525878906,40.75,41.20000076293945,0,0.0,0.0
2023-11-20 10:00:00+08:00,41.25,41.25,40.349998474121094,40.400001525878906,125001,0.0,0.0
2023-11-20 11:00:00+08:00,40.400001525878906,40.70000076293945,40.29999923706055,40.70000076293945,56136,0.0,0.0
2023-11-20 12:00:00+08:00,40.5,40.599998474121094,40.400001525878906,40.400001525878906,31000,0.0,0.0
2023-11-20 13:00:00+08:00,40.400001525878906,40.400001525878906,40.099998474121094,40.20000076293945,94140,0.0,0.0
2023-11-21 09:00:00+08:00,40.29999923706055,40.650001525878906,40.150001525878906,40.20000076293945,0,0.0,0.0
2023-11-21 10:00:00+08:00,40.25,40.45000076293945,40.20000076293945,40.45000076293945,6000,0.0,0.0
2023-11-21 11:00:00+08:00,40.29999923706055,40.29999923706055,40.20000076293945,40.25,20002,0.0,0.0
2023-11-21 12:00:00+08:00,40.20000076293945,40.25,40.20000076293945,40.25,13000,0.0,0.0
2023-11-21 13:00:00+08:00,40.20000076293945,40.20000076293945,40.099998474121094,40.099998474121094,71780,0.0,0.0
2023-11-22 09:00:00+08:00,40.29999923706055,40.95000076293945,40.099998474121094,40.75,0,0.0,0.0
2023-11-22 10:00:00+08:00,40.900001525878906,40.900001525878906,40.349998474121094,40.349998474121094,63908,0.0,0.0
2023-11-22 11:00:00+08:00,40.5,40.5,40.29999923706055,40.45000076293945,17001,0.0,0.0
2023-11-22 12:00:00+08:00,40.45000076293945,40.5,40.400001525878906,40.5,16001,0.0,0.0
2023-11-22 13:00:00+08:00,40.400001525878906,40.5,40.25,40.25,43024,0.0,0.0
2023-11-23 09:00:00+08:00,40.45000076293945,40.900001525878906,40.45000076293945,40.599998474121094,0,0.0,0.0
2023-11-23 10:00:00+08:00,40.5,40.5,40.20000076293945,40.29999923706055,57000,0.0,0.0
2023-11-23 11:00:00+08:00,40.349998474121094,40.349998474121094,40.25,40.25,16020,0.0,0.0
2023-11-23 12:00:00+08:00,40.349998474121094,41.5,40.349998474121094,41.29999923706055,307241,0.0,0.0
2023-11-23 13:00:00+08:00,41.150001525878906,41.900001525878906,41.150001525878906,41.849998474121094,195844,0.0,0.0
2023-11-24 09:00:00+08:00,41.900001525878906,41.900001525878906,40.849998474121094,40.95000076293945,0,0.0,0.0
2023-11-24 10:00:00+08:00,40.900001525878906,41.0,40.5,40.650001525878906,164723,0.0,0.0
2023-11-24 11:00:00+08:00,40.650001525878906,40.849998474121094,40.25,40.400001525878906,134615,0.0,0.0
2023-11-24 12:00:00+08:00,40.400001525878906,41.0,40.400001525878906,40.95000076293945,22000,0.0,0.0
2023-11-24 13:00:00+08:00,40.95000076293945,41.25,40.95000076293945,41.150001525878906,21000,0.0,0.0
2023-11-27 09:00:00+08:00,41.75,41.75,40.54999923706055,40.599998474121094,0,0.0,0.0
2023-11-27 10:00:00+08:00,40.70000076293945,40.79999923706055,40.599998474121094,40.650001525878906,15020,0.0,0.0
2023-11-27 11:00:00+08:00,40.650001525878906,40.79999923706055,40.599998474121094,40.599998474121094,13021,0.0,0.0
2023-11-27 12:00:00+08:00,40.599998474121094,40.70000076293945,40.54999923706055,40.54999923706055,83000,0.0,0.0
2023-11-27 13:00:00+08:00,40.54999923706055,40.75,40.5,40.75,53000,0.0,0.0
2023-11-28 09:00:00+08:00,40.599998474121094,41.150001525878906,40.5,40.79999923706055,0,0.0,0.0
2023-11-28 10:00:00+08:00,41.099998474121094,41.099998474121094,40.70000076293945,40.70000076293945,34000,0.0,0.0
2023-11-28 11:00:00+08:00,40.599998474121094,40.650001525878906,40.5,40.650001525878906,62001,0.0,0.0
2023-11-28 12:00:00+08:00,40.75,41.29999923706055,40.599998474121094,41.0,111217,0.0,0.0
2023-11-28 13:00:00+08:00,40.79999923706055,41.099998474121094,40.599998474121094,40.599998474121094,22000,0.0,0.0
2023-11-29 09:00:00+08:00,41.400001525878906,41.400001525878906,40.599998474121094,40.599998474121094,41002,0.0,0.0
2023-11-29 10:00:00+08:00,41.0,41.0,40.5,40.900001525878906,111096,0.0,0.0
2023-11-29 11:00:00+08:00,40.79999923706055,40.79999923706055,40.54999923706055,40.79999923706055,8170,0.0,0.0
2023-11-29 12:00:00+08:00,40.599998474121094,40.70000076293945,40.54999923706055,40.54999923706055,12001,0.0,0.0
2023-11-29 13:00:00+08:00,40.599998474121094,40.599998474121094,40.400001525878906,40.599998474121094,42021,0.0,0.0
2023-11-30 09:00:00+08:00,41.0,41.20000076293945,40.650001525878906,41.150001525878906,0,0.0,0.0
2023-11-30 10:00:00+08:00,41.150001525878906,41.150001525878906,40.79999923706055,40.79999923706055,55101,0.0,0.0
2023-11-30 11:00:00+08:00,40.75,40.95000076293945,40.75,40.900001525878906,29477,0.0,0.0
2023-11-30 12:00:00+08:00,40.95000076293945,42.0,40.95000076293945,41.70000076293945,359502,0.0,0.0
2023-11-30 13:00:00+08:00,41.650001525878906,41.75,41.400001525878906,41.599998474121094,60900,0.0,0.0
2023-12-01 09:00:00+08:00,41.5,41.79999923706055,41.20000076293945,41.70000076293945,0,0.0,0.0
2023-12-01 10:00:00+08:00,41.70000076293945,41.70000076293945,41.45000076293945,41.5,24053,0.0,0.0
2023-12-01 11:00:00+08:00,41.5,41.5,41.20000076293945,41.349998474121094,41100,0.0,0.0
2023-12-01 12:00:00+08:00,41.45000076293945,41.599998474121094,41.29999923706055,41.599998474121094,64106,0.0,0.0
2023-12-01 13:00:00+08:00,41.599998474121094,41.650001525878906,41.5,41.650001525878906,27010,0.0,0.0
2023-12-04 09:00:00+08:00,41.70000076293945,44.25,41.29999923706055,43.5,1108525,0.0,0.0
2023-12-04 10:00:00+08:00,43.5,44.25,43.25,43.599998474121094,461683,0.0,0.0
2023-12-04 11:00:00+08:00,43.54999923706055,43.599998474121094,42.849998474121094,42.900001525878906,200529,0.0,0.0
2023-12-04 12:00:00+08:00,42.95000076293945,44.20000076293945,42.849998474121094,44.0,368067,0.0,0.0
2023-12-04 13:00:00+08:00,44.0,44.0,43.5,43.900001525878906,116076,0.0,0.0
2023-12-05 09:00:00+08:00,43.0,43.400001525878906,42.5,42.70000076293945,0,0.0,0.0
2023-12-05 10:00:00+08:00,42.70000076293945,42.70000076293945,42.29999923706055,42.5,139210,0.0,0.0
2023-12-05 11:00:00+08:00,42.45000076293945,43.29999923706055,42.400001525878906,43.29999923706055,91307,0.0,0.0
2023-12-05 12:00:00+08:00,43.29999923706055,43.29999923706055,43.0,43.0,64601,0.0,0.0
2023-12-05 13:00:00+08:00,43.0,43.0,42.400001525878906,42.95000076293945,87791,0.0,0.0
2023-12-06 09:00:00+08:00,42.54999923706055,42.849998474121094,41.099998474121094,41.29999923706055,0,0.0,0.0
2023-12-06 10:00:00+08:00,41.400001525878906,41.70000076293945,40.599998474121094,41.45000076293945,231344,0.0,0.0
2023-12-06 11:00:00+08:00,41.45000076293945,41.54999923706055,41.29999923706055,41.400001525878906,36000,0.0,0.0
2023-12-06 12:00:00+08:00,41.45000076293945,41.849998474121094,41.29999923706055,41.5,135600,0.0,0.0
2023-12-06 13:00:00+08:00,41.5,42.79999923706055,41.5,42.75,131200,0.0,0.0
2023-12-07 09:00:00+08:00,43.0,44.79999923706055,43.0,43.79999923706055,0,0.0,0.0
2023-12-07 10:00:00+08:00,43.79999923706055,44.45000076293945,43.5,44.29999923706055,441440,0.0,0.0
2023-12-07 11:00:00+08:00,44.25,44.29999923706055,43.900001525878906,43.900001525878906,122120,0.0,0.0
2023-12-07 12:00:00+08:00,43.900001525878906,43.95000076293945,43.75,43.79999923706055,83008,0.0,0.0
2023-12-07 13:00:00+08:00,43.75,43.79999923706055,43.650001525878906,43.70000076293945,48105,0.0,0.0
2023-12-08 09:00:00+08:00,43.599998474121094,44.400001525878906,43.5,43.75,0,0.0,0.0
2023-12-08 10:00:00+08:00,43.79999923706055,43.95000076293945,43.25,43.25,239600,0.0,0.0
2023-12-08 11:00:00+08:00,43.25,43.349998474121094,42.900001525878906,43.04999923706055,118001,0.0,0.0
2023-12-08 12:00:00+08:00,43.0,43.650001525878906,42.849998474121094,43.54999923706055,120938,0.0,0.0
2023-12-08 13:00:00+08:00,43.54999923706055,44.79999923706055,43.45000076293945,44.599998474121094,498219,0.0,0.0
2023-12-11 09:00:00+08:00,45.45000076293945,48.0,45.0,46.849998474121094,1529401,0.0,0.0
2023-12-11 10:00:00+08:00,46.650001525878906,47.0,46.29999923706055,46.599998474121094,549285,0.0,0.0
2023-12-11 11:00:00+08:00,46.650001525878906,46.70000076293945,46.349998474121094,46.349998474121094,369005,0.0,0.0
2023-12-11 12:00:00+08:00,46.349998474121094,46.400001525878906,45.849998474121094,45.95000076293945,299906,0.0,0.0
2023-12-11 13:00:00+08:00,46.0,46.04999923706055,45.79999923706055,45.79999923706055,183850,0.0,0.0
2023-12-12 09:00:00+08:00,45.900001525878906,46.650001525878906,45.599998474121094,45.900001525878906,0,0.0,0.0
2023-12-12 10:00:00+08:00,45.75,46.400001525878906,45.650001525878906,46.20000076293945,288036,0.0,0.0
2023-12-12 11:00:00+08:00,46.099998474121094,47.70000076293945,46.099998474121094,47.29999923706055,791596,0.0,0.0
2023-12-12 12:00:00+08:00,47.04999923706055,47.79999923706055,47.0,47.29999923706055,335211,0.0,0.0
2023-12-12 13:00:00+08:00,47.20000076293945,47.5,47.0,47.20000076293945,162543,0.0,0.0
2023-12-13 09:00:00+08:00,47.5,48.20000076293945,46.29999923706055,47.45000076293945,670442,0.0,0.0
2023-12-13 10:00:00+08:00,47.400001525878906,48.25,47.29999923706055,47.5,405289,0.0,0.0
2023-12-13 11:00:00+08:00,47.45000076293945,47.45000076293945,47.04999923706055,47.099998474121094,73510,0.0,0.0
2023-12-13 12:00:00+08:00,47.150001525878906,47.79999923706055,47.150001525878906,47.54999923706055,109537,0.0,0.0
2023-12-13 13:00:00+08:00,47.599998474121094,47.650001525878906,47.25,47.5,89207,0.0,0.0
2023-12-14 09:00:00+08:00,47.29999923706055,47.900001525878906,46.79999923706055,47.75,0,0.0,0.0
2023-12-14 10:00:00+08:00,47.79999923706055,47.79999923706055,46.599998474121094,46.849998474121094,332842,0.0,0.0
2023-12-14 11:00:00+08:00,46.849998474121094,47.75,46.849998474121094,47.5,430002,0.0,0.0
2023-12-14 12:00:00+08:00,47.400001525878906,50.0,47.400001525878906,49.20000076293945,1326522,0.0,0.0
2023-12-14 13:00:00+08:00,49.20000076293945,49.95000076293945,49.04999923706055,49.400001525878906,545320,0.0,0.0
2023-12-15 09:00:00+08:00,49.20000076293945,49.650001525878906,48.599998474121094,49.0,0,0.0,0.0
2023-12-15 10:00:00+08:00,49.04999923706055,49.29999923706055,49.0,49.150001525878906,113679,0.0,0.0
2023-12-15 11:00:00+08:00,49.099998474121094,49.099998474121094,48.0,48.54999923706055,466475,0.0,0.0
2023-12-15 12:00:00+08:00,48.400001525878906,49.150001525878906,48.400001525878906,48.95000076293945,165032,0.0,0.0
2023-12-15 13:00:00+08:00,48.849998474121094,49.0,48.70000076293945,48.75,68501,0.0,0.0
2023-12-18 09:00:00+08:00,50.0,53.5,50.0,53.5,5788625,0.0,0.0
2023-12-18 10:00:00+08:00,53.5,53.5,53.5,53.5,210419,0.0,0.0
2023-12-18 11:00:00+08:00,53.5,53.5,53.5,53.5,57207,0.0,0.0
2023-12-18 12:00:00+08:00,53.5,53.5,53.5,53.5,68536,0.0,0.0
2023-12-18 13:00:00+08:00,53.5,53.5,53.5,53.5,13111,0.0,0.0
2023-12-19 09:00:00+08:00,55.5,58.79999923706055,54.599998474121094,58.79999923706055,12151635,0.0,0.0
2023-12-19 10:00:00+08:00,58.79999923706055,58.79999923706055,58.79999923706055,58.79999923706055,236660,0.0,0.0
2023-12-19 11:00:00+08:00,58.79999923706055,58.79999923706055,58.79999923706055,58.79999923706055,53010,0.0,0.0
2023-12-19 12:00:00+08:00,58.79999923706055,58.79999923706055,58.79999923706055,58.79999923706055,27936,0.0,0.0
2023-12-19 13:00:00+08:00,58.79999923706055,58.79999923706055,58.79999923706055,58.79999923706055,13200,0.0,0.0
2023-12-20 09:00:00+08:00,60.0,61.5,53.599998474121094,55.5,16054056,0.0,0.0
2023-12-20 10:00:00+08:00,55.5,57.29999923706055,55.400001525878906,56.5,3026040,0.0,0.0
2023-12-20 11:00:00+08:00,56.5,56.70000076293945,55.79999923706055,56.29999923706055,920561,0.0,0.0
2023-12-20 12:00:00+08:00,56.29999923706055,56.900001525878906,55.29999923706055,55.5,1701155,0.0,0.0
2023-12-20 13:00:00+08:00,55.5,56.29999923706055,55.400001525878906,56.0,1963214,0.0,0.0
2023-12-21 09:00:00+08:00,56.5,56.70000076293945,54.599998474121094,55.599998474121094,0,0.0,0.0
2023-12-21 10:00:00+08:00,55.599998474121094,57.599998474121094,55.5,55.79999923706055,3014900,0.0,0.0
2023-12-21 11:00:00+08:00,55.70000076293945,55.79999923706055,53.70000076293945,54.5,1707711,0.0,0.0
2023-12-21 12:00:00+08:00,54.5,54.5,53.900001525878906,54.099998474121094,824465,0.0,0.0
2023-12-21 13:00:00+08:00,54.099998474121094,54.099998474121094,52.5,53.0,1698882,0.0,0.0
2023-12-22 09:00:00+08:00,54.0,54.099998474121094,51.70000076293945,53.0,2946018,0.0,0.0
2023-12-22 10:00:00+08:00,53.099998474121094,54.29999923706055,52.400001525878906,52.900001525878906,1615286,0.0,0.0
2023-12-22 11:00:00+08:00,52.900001525878906,53.0,52.20000076293945,52.400001525878906,431036,0.0,0.0
2023-12-22 12:00:00+08:00,52.400001525878906,52.70000076293945,52.0,52.400001525878906,398073,0.0,0.0
2023-12-22 13:00:00+08:00,52.5,52.79999923706055,52.20000076293945,52.79999923706055,478596,0.0,0.0
2023-12-25 09:00:00+08:00,52.900001525878906,53.29999923706055,51.900001525878906,52.29999923706055,0,0.0,0.0
2023-12-25 10:00:00+08:00,52.29999923706055,53.099998474121094,52.29999923706055,52.5,299552,0.0,0.0
2023-12-25 11:00:00+08:00,52.5,54.599998474121094,52.5,54.099998474121094,1022093,0.0,0.0
2023-12-25 12:00:00+08:00,54.099998474121094,54.70000076293945,53.20000076293945,54.5,1154717,0.0,0.0
2023-12-25 13:00:00+08:00,54.29999923706055,54.400001525878906,53.900001525878906,54.099998474121094,368705,0.0,0.0
2023-12-26 09:00:00+08:00,54.099998474121094,55.79999923706055,53.79999923706055,54.400001525878906,204521,0.0,0.0
2023-12-26 10:00:00+08:00,54.400001525878906,54.400001525878906,53.099998474121094,53.70000076293945,1334444,0.0,0.0
2023-12-26 11:00:00+08:00,53.599998474121094,53.900001525878906,53.20000076293945,53.20000076293945,378685,0.0,0.0
2023-12-26 12:00:00+08:00,53.29999923706055,53.70000076293945,53.20000076293945,53.5,323550,0.0,0.0
2023-12-26 13:00:00+08:00,53.400001525878906,54.0,53.400001525878906,53.70000076293945,538908,0.0,0.0
2023-12-27 09:00:00+08:00,54.20000076293945,54.20000076293945,53.5,53.599998474121094,0,0.0,0.0
2023-12-27 10:00:00+08:00,53.70000076293945,54.0,53.29999923706055,53.400001525878906,406100,0.0,0.0
2023-12-27 11:00:00+08:00,53.400001525878906,53.400001525878906,51.29999923706055,51.70000076293945,1213052,0.0,0.0
2023-12-27 12:00:00+08:00,51.70000076293945,52.0,49.5,49.70000076293945,1961880,0.0,0.0
2023-12-27 13:00:00+08:00,49.70000076293945,49.95000076293945,49.650001525878906,49.900001525878906,497434,0.0,0.0
2023-12-28 09:00:00+08:00,49.70000076293945,50.20000076293945,48.25,49.5,0,0.0,0.0
2023-12-28 10:00:00+08:00,49.5,50.5,49.20000076293945,49.900001525878906,991922,0.0,0.0
2023-12-28 11:00:00+08:00,49.900001525878906,49.900001525878906,49.29999923706055,49.349998474121094,288980,0.0,0.0
2023-12-28 12:00:00+08:00,49.349998474121094,49.650001525878906,49.0,49.5,295883,0.0,0.0
2023-12-28 13:00:00+08:00,49.54999923706055,50.0,49.54999923706055,49.849998474121094,205460,0.0,0.0
2023-12-29 09:00:00+08:00,49.900001525878906,50.0,49.25,49.79999923706055,0,0.0,0.0
2023-12-29 10:00:00+08:00,49.79999923706055,49.79999923706055,49.349998474121094,49.349998474121094,154756,0.0,0.0
2023-12-29 11:00:00+08:00,49.45000076293945,50.400001525878906,49.45000076293945,50.20000076293945,282286,0.0,0.0
2023-12-29 12:00:00+08:00,50.099998474121094,50.099998474121094,49.5,49.54999923706055,200181,0.0,0.0
2023-12-29 13:00:00+08:00,49.70000076293945,49.75,49.54999923706055,49.70000076293945,155463,0.0,0.0
2024-01-02 09:00:00+08:00,51.0,51.20000076293945,49.150001525878906,49.79999923706055,0,0.0,0.0
2024-01-02 10:00:00+08:00,49.70000076293945,49.75,49.25,49.70000076293945,218482,0.0,0.0
2024-01-02 11:00:00+08:00,49.70000076293945,49.70000076293945,49.29999923706055,49.5,102111,0.0,0.0
2024-01-02 12:00:00+08:00,49.5,49.75,49.29999923706055,49.650001525878906,170382,0.0,0.0
2024-01-02 13:00:00+08:00,49.650001525878906,49.849998474121094,49.599998474121094,49.650001525878906,120598,0.0,0.0
2024-01-03 09:00:00+08:00,49.29999923706055,49.650001525878906,49.20000076293945,49.25,0,0.0,0.0
2024-01-03 10:00:00+08:00,49.25,49.349998474121094,49.099998474121094,49.349998474121094,127919,0.0,0.0
2024-01-03 11:00:00+08:00,49.29999923706055,49.29999923706055,49.04999923706055,49.04999923706055,140743,0.0,0.0
2024-01-03 12:00:00+08:00,49.04999923706055,49.650001525878906,49.04999923706055,49.5,224101,0.0,0.0
2024-01-03 13:00:00+08:00,49.5,49.5,49.20000076293945,49.20000076293945,69755,0.0,0.0
2024-01-04 09:00:00+08:00,49.20000076293945,49.79999923706055,49.20000076293945,49.29999923706055,157090,0.0,0.0
2024-01-04 10:00:00+08:00,49.25,49.29999923706055,48.099998474121094,48.150001525878906,536745,0.0,0.0
2024-01-04 11:00:00+08:00,48.150001525878906,48.79999923706055,48.0,48.20000076293945,267630,0.0,0.0
2024-01-04 12:00:00+08:00,48.20000076293945,48.45000076293945,48.099998474121094,48.150001525878906,167989,0.0,0.0
2024-01-04 13:00:00+08:00,48.20000076293945,48.20000076293945,47.900001525878906,47.900001525878906,190553,0.0,0.0
2024-01-05 09:00:00+08:00,48.5,50.599998474121094,48.5,49.75,0,0.0,0.0
2024-01-05 10:00:00+08:00,49.75,52.5,49.54999923706055,52.29999923706055,1519753,0.0,0.0
2024-01-05 11:00:00+08:00,52.29999923706055,53.0,51.79999923706055,52.400001525878906,3315858,0.0,0.0
2024-01-05 12:00:00+08:00,52.400001525878906,53.0,52.0,52.900001525878906,1104324,0.0,0.0
2024-01-05 13:00:00+08:00,52.900001525878906,53.0,52.400001525878906,52.400001525878906,272016,0.0,0.0
2024-01-08 09:00:00+08:00,52.099998474121094,53.900001525878906,51.0,52.79999923706055,0,0.0,0.0
2024-01-08 10:00:00+08:00,52.900001525878906,53.79999923706055,52.79999923706055,53.099998474121094,971359,0.0,0.0
2024-01-08 11:00:00+08:00,53.20000076293945,53.29999923706055,52.599998474121094,52.599998474121094,180308,0.0,0.0
2024-01-08 12:00:00+08:00,52.70000076293945,53.20000076293945,52.599998474121094,52.70000076293945,222175,0.0,0.0
2024-01-08 13:00:00+08:00,52.70000076293945,54.20000076293945,52.70000076293945,53.900001525878906,1141444,0.0,0.0
2024-01-09 09:00:00+08:00,53.0,53.5,52.0,52.099998474121094,0,0.0,0.0
2024-01-09 10:00:00+08:00,52.099998474121094,52.400001525878906,51.5,52.099998474121094,431274,0.0,0.0
2024-01-09 11:00:00+08:00,52.099998474121094,52.79999923706055,52.099998474121094,52.599998474121094,120095,0.0,0.0
2024-01-09 12:00:00+08:00,52.599998474121094,53.70000076293945,52.599998474121094,53.400001525878906,526479,0.0,0.0
2024-01-09 13:00:00+08:00,53.29999923706055,53.599998474121094,53.099998474121094,53.599998474121094,244271,0.0,0.0
2024-01-10 09:00:00+08:00,52.599998474121094,54.70000076293945,52.599998474121094,53.400001525878906,0,0.0,0.0
2024-01-10 10:00:00+08:00,53.29999923706055,53.5,52.900001525878906,53.099998474121094,165462,0.0,0.0
2024-01-10 11:00:00+08:00,53.099998474121094,53.900001525878906,52.900001525878906,53.29999923706055,214111,0.0,0.0
2024-01-10 12:00:00+08:00,53.29999923706055,53.29999923706055,52.599998474121094,52.599998474121094,180115,0.0,0.0
2024-01-10 13:00:00+08:00,52.599998474121094,53.099998474121094,52.5,53.099998474121094,195567,0.0,0.0
2024-01-11 09:00:00+08:00,52.79999923706055,54.5,52.5,54.099998474121094,0,0.0,0.0
2024-01-11 10:00:00+08:00,54.20000076293945,54.79999923706055,53.70000076293945,54.0,752446,0.0,0.0
2024-01-11 11:00:00+08:00,54.0,54.0,53.20000076293945,53.70000076293945,477930,0.0,0.0
2024-01-11 12:00:00+08:00,53.70000076293945,53.79999923706055,53.400001525878906,53.70000076293945,195763,0.0,0.0
2024-01-11 13:00:00+08:00,53.70000076293945,54.099998474121094,53.599998474121094,53.79999923706055,372770,0.0,0.0
2024-01-12 09:00:00+08:00,54.0,54.20000076293945,53.29999923706055,53.70000076293945,407544,0.0,0.0
2024-01-12 10:00:00+08:00,53.70000076293945,54.70000076293945,53.70000076293945,54.20000076293945,579203,0.0,0.0
2024-01-12 11:00:00+08:00,54.0,54.400001525878906,53.900001525878906,54.400001525878906,187924,0.0,0.0
2024-01-12 12:00:00+08:00,54.29999923706055,54.599998474121094,54.0,54.099998474121094,264158,0.0,0.0
2024-01-12 13:00:00+08:00,54.099998474121094,54.70000076293945,54.0,54.29999923706055,292270,0.0,0.0
2024-01-15 09:00:00+08:00,56.400001525878906,59.5,56.400001525878906,59.0,8253019,0.0,0.0
2024-01-15 10:00:00+08:00,59.099998474121094,59.20000076293945,57.70000076293945,57.70000076293945,1179854,0.0,0.0
2024-01-15 11:00:00+08:00,57.79999923706055,57.900001525878906,55.5,56.79999923706055,2246984,0.0,0.0
2024-01-15 12:00:00+08:00,56.79999923706055,58.70000076293945,56.70000076293945,57.5,1589668,0.0,0.0
2024-01-15 13:00:00+08:00,57.400001525878906,57.599998474121094,56.599998474121094,57.20000076293945,769710,0.0,0.0
2024-01-16 09:00:00+08:00,57.0,60.0,56.70000076293945,58.20000076293945,0,0.0,0.0
2024-01-16 10:00:00+08:00,58.29999923706055,58.70000076293945,57.0,57.599998474121094,1790885,0.0,0.0
2024-01-16 11:00:00+08:00,57.70000076293945,57.70000076293945,56.29999923706055,56.79999923706055,1049548,0.0,0.0
2024-01-16 12:00:00+08:00,56.79999923706055,57.099998474121094,56.29999923706055,56.79999923706055,580385,0.0,0.0
2024-01-16 13:00:00+08:00,56.79999923706055,57.599998474121094,56.70000076293945,57.29999923706055,475192,0.0,0.0
2024-01-17 09:00:00+08:00,56.70000076293945,58.099998474121094,52.099998474121094,53.099998474121094,0,0.0,0.0
2024-01-17 10:00:00+08:00,53.099998474121094,54.0,53.099998474121094,53.20000076293945,622503,0.0,0.0
2024-01-17 11:00:00+08:00,53.099998474121094,53.599998474121094,53.0,53.0,388618,0.0,0.0
2024-01-17 12:00:00+08:00,52.900001525878906,53.099998474121094,52.5,53.0,560739,0.0,0.0
2024-01-17 13:00:00+08:00,53.0,53.400001525878906,52.79999923706055,52.900001525878906,489141,0.0,0.0
2024-01-18 09:00:00+08:00,52.20000076293945,54.400001525878906,52.099998474121094,52.900001525878906,0,0.0,0.0
2024-01-18 10:00:00+08:00,52.70000076293945,52.70000076293945,50.29999923706055,51.400001525878906,2535812,0.0,0.0
2024-01-18 11:00:00+08:00,51.400001525878906,52.20000076293945,51.099998474121094,52.20000076293945,476025,0.0,0.0
2024-01-18 12:00:00+08:00,52.20000076293945,53.20000076293945,51.79999923706055,53.099998474121094,370308,0.0,0.0
2024-01-18 13:00:00+08:00,53.0,54.0,53.0,53.79999923706055,680450,0.0,0.0
2024-01-19 09:00:00+08:00,53.29999923706055,54.0,52.400001525878906,52.599998474121094,0,0.0,0.0
2024-01-19 10:00:00+08:00,52.599998474121094,52.70000076293945,52.099998474121094,52.29999923706055,406929,0.0,0.0
2024-01-19 11:00:00+08:00,52.29999923706055,53.20000076293945,52.20000076293945,52.70000076293945,276030,0.0,0.0
2024-01-19 12:00:00+08:00,52.70000076293945,52.900001525878906,52.599998474121094,52.599998474121094,126693,0.0,0.0
2024-01-19 13:00:00+08:00,52.599998474121094,52.79999923706055,52.400001525878906,52.400001525878906,336585,0.0,0.0
2024-01-22 09:00:00+08:00,54.20000076293945,56.79999923706055,53.400001525878906,56.70000076293945,693912,0.0,0.0
2024-01-22 10:00:00+08:00,56.70000076293945,57.0,54.900001525878906,54.900001525878906,1805527,0.0,0.0
2024-01-22 11:00:00+08:00,54.900001525878906,55.70000076293945,54.70000076293945,55.099998474121094,949094,0.0,0.0
2024-01-22 12:00:00+08:00,55.099998474121094,55.599998474121094,55.099998474121094,55.20000076293945,336118,0.0,0.0
2024-01-22 13:00:00+08:00,55.400001525878906,55.400001525878906,54.79999923706055,55.099998474121094,266214,0.0,0.0
2024-01-23 09:00:00+08:00,55.599998474121094,56.79999923706055,54.70000076293945,55.400001525878906,0,0.0,0.0
2024-01-23 10:00:00+08:00,55.400001525878906,55.79999923706055,55.0,55.29999923706055,0,0.0,0.0
2024-01-23 11:00:00+08:00,55.29999923706055,55.400001525878906,55.0,55.20000076293945,2176807,0.0,0.0
2024-01-23 12:00:00+08:00,55.20000076293945,55.400001525878906,54.900001525878906,55.0,360283,0.0,0.0
2024-01-23 13:00:00+08:00,55.0,55.79999923706055,54.900001525878906,55.79999923706055,403664,0.0,0.0
2024-01-24 09:00:00+08:00,56.099998474121094,57.599998474121094,56.099998474121094,57.099998474121094,2724161,0.0,0.0
2024-01-24 10:00:00+08:00,57.0,58.20000076293945,56.900001525878906,58.0,1240830,0.0,0.0
2024-01-24 11:00:00+08:00,57.900001525878906,58.5,57.70000076293945,58.29999923706055,908747,0.0,0.0
2024-01-24 12:00:00+08:00,58.29999923706055,58.5,57.5,57.900001525878906,1228414,0.0,0.0
2024-01-24 13:00:00+08:00,57.79999923706055,58.0,57.099998474121094,57.5,511799,0.0,0.0
2024-01-25 09:00:00+08:00,58.099998474121094,58.5,56.29999923706055,57.70000076293945,0,0.0,0.0
2024-01-25 10:00:00+08:00,57.900001525878906,58.20000076293945,57.099998474121094,57.29999923706055,406622,0.0,0.0
2024-01-25 11:00:00+08:00,57.29999923706055,57.400001525878906,57.0,57.20000076293945,219454,0.0,0.0
2024-01-25 12:00:00+08:00,57.20000076293945,57.20000076293945,56.400001525878906,56.599998474121094,508944,0.0,0.0
2024-01-25 13:00:00+08:00,56.599998474121094,56.70000076293945,56.29999923706055,56.5,341998,0.0,0.0
2024-01-26 09:00:00+08:00,56.5,56.599998474121094,55.599998474121094,56.400001525878906,0,0.0,0.0
2024-01-26 10:00:00+08:00,56.400001525878906,57.0,55.900001525878906,56.5,327623,0.0,0.0
2024-01-26 11:00:00+08:00,56.400001525878906,56.5,56.29999923706055,56.5,121203,0.0,0.0
2024-01-26 12:00:00+08:00,56.5,57.099998474121094,56.5,56.900001525878906,396937,0.0,0.0
2024-01-26 13:00:00+08:00,56.900001525878906,57.5,56.900001525878906,57.20000076293945,374095,0.0,0.0
2024-01-29 09:00:00+08:00,57.599998474121094,62.79999923706055,56.79999923706055,60.900001525878906,7526188,0.0,0.0
2024-01-29 10:00:00+08:00,60.900001525878906,61.79999923706055,60.5,61.599998474121094,1506353,0.0,0.0
2024-01-29 11:00:00+08:00,61.599998474121094,62.79999923706055,61.400001525878906,61.5,2477127,0.0,0.0
2024-01-29 12:00:00+08:00,61.5,62.70000076293945,61.400001525878906,62.0,928722,0.0,0.0
2024-01-29 13:00:00+08:00,62.0,62.20000076293945,61.29999923706055,61.400001525878906,611121,0.0,0.0
2024-01-30 09:00:00+08:00,61.400001525878906,61.5,59.5,60.5,0,0.0,0.0
2024-01-30 10:00:00+08:00,60.400001525878906,61.0,60.099998474121094,60.599998474121094,502433,0.0,0.0
2024-01-30 11:00:00+08:00,60.70000076293945,61.29999923706055,60.400001525878906,60.5,405795,0.0,0.0
2024-01-30 12:00:00+08:00,60.5,60.5,59.900001525878906,59.900001525878906,824005,0.0,0.0
2024-01-30 13:00:00+08:00,59.900001525878906,60.400001525878906,59.70000076293945,60.29999923706055,588878,0.0,0.0
2024-01-31 09:00:00+08:00,60.20000076293945,60.29999923706055,59.29999923706055,59.5,1144748,0.0,0.0
2024-01-31 10:00:00+08:00,59.5,61.599998474121094,59.099998474121094,60.70000076293945,1203685,0.0,0.0
2024-01-31 11:00:00+08:00,60.70000076293945,60.79999923706055,60.20000076293945,60.70000076293945,360219,0.0,0.0
2024-01-31 12:00:00+08:00,60.70000076293945,61.29999923706055,60.29999923706055,61.20000076293945,465521,0.0,0.0
2024-01-31 13:00:00+08:00,61.20000076293945,62.400001525878906,61.099998474121094,61.29999923706055,1435160,0.0,0.0
2024-02-01 09:00:00+08:00,61.5,65.5,60.70000076293945,63.400001525878906,1598817,0.0,0.0
2024-02-01 10:00:00+08:00,63.400001525878906,66.80000305175781,63.20000076293945,65.4000015258789,3177008,0.0,0.0
2024-02-01 11:00:00+08:00,65.30000305175781,66.4000015258789,64.5999984741211,66.4000015258789,1027129,0.0,0.0
2024-02-01 12:00:00+08:00,66.4000015258789,67.30000305175781,65.69999694824219,67.0999984741211,2467616,0.0,0.0
2024-02-01 13:00:00+08:00,67.19999694824219,67.19999694824219,64.0,66.0,2102483,0.0,0.0
2024-02-02 09:00:00+08:00,66.0999984741211,68.0,65.30000305175781,65.5999984741211,4675586,0.0,0.0
2024-02-02 10:00:00+08:00,65.5999984741211,65.80000305175781,65.0999984741211,65.4000015258789,614472,0.0,0.0
2024-02-02 11:00:00+08:00,65.4000015258789,65.5,64.30000305175781,65.30000305175781,1217959,0.0,0.0
2024-02-02 12:00:00+08:00,65.30000305175781,65.5999984741211,64.80000305175781,64.9000015258789,504646,0.0,0.0
2024-02-02 13:00:00+08:00,64.9000015258789,65.69999694824219,64.9000015258789,65.19999694824219,1154317,0.0,0.0
2024-02-05 09:00:00+08:00,65.5999984741211,65.69999694824219,61.20000076293945,63.400001525878906,0,0.0,0.0
2024-02-05 10:00:00+08:00,63.400001525878906,64.0,63.20000076293945,63.29999923706055,552723,0.0,0.0
2024-02-05 11:00:00+08:00,63.29999923706055,64.4000015258789,63.20000076293945,63.5,528655,0.0,0.0
2024-02-05 12:00:00+08:00,63.599998474121094,63.70000076293945,62.70000076293945,63.29999923706055,754663,0.0,0.0
2024-02-05 13:00:00+08:00,63.20000076293945,63.29999923706055,62.5,62.599998474121094,708399,0.0,0.0
2024-02-15 09:00:00+08:00,62.79999923706055,64.0999984741211,61.70000076293945,63.400001525878906,0,0.0,0.0
2024-02-15 10:00:00+08:00,63.400001525878906,63.5,62.900001525878906,63.29999923706055,340072,0.0,0.0
2024-02-15 11:00:00+08:00,63.29999923706055,63.70000076293945,63.0,63.099998474121094,365981,0.0,0.0
2024-02-15 12:00:00+08:00,63.099998474121094,63.29999923706055,62.70000076293945,62.900001525878906,341706,0.0,0.0
2024-02-15 13:00:00+08:00,62.900001525878906,62.900001525878906,61.70000076293945,61.79999923706055,630714,0.0,0.0
2024-02-16 09:00:00+08:00,62.0,62.79999923706055,61.5,62.0,900750,0.0,0.0
2024-02-16 10:00:00+08:00,62.099998474121094,62.099998474121094,61.20000076293945,61.599998474121094,512411,0.0,0.0
2024-02-16 11:00:00+08:00,61.5,63.0,61.5,62.29999923706055,527997,0.0,0.0
2024-02-16 12:00:00+08:00,62.29999923706055,62.400001525878906,61.79999923706055,61.900001525878906,271475,0.0,0.0
2024-02-16 13:00:00+08:00,62.0,62.099998474121094,61.79999923706055,62.099998474121094,311003,0.0,0.0
2024-02-19 09:00:00+08:00,62.099998474121094,62.5,60.0,61.79999923706055,0,0.0,0.0
2024-02-19 10:00:00+08:00,61.900001525878906,61.900001525878906,60.400001525878906,60.79999923706055,1095477,0.0,0.0
2024-02-19 11:00:00+08:00,60.79999923706055,61.29999923706055,60.400001525878906,60.400001525878906,522702,0.0,0.0
2024-02-19 12:00:00+08:00,60.400001525878906,60.900001525878906,60.400001525878906,60.79999923706055,329813,0.0,0.0
2024-02-19 13:00:00+08:00,60.79999923706055,60.79999923706055,59.5,59.5,1039248,0.0,0.0
2024-02-20 09:00:00+08:00,59.70000076293945,60.20000076293945,58.900001525878906,59.79999923706055,0,0.0,0.0
2024-02-20 10:00:00+08:00,59.79999923706055,59.900001525878906,59.099998474121094,59.099998474121094,252931,0.0,0.0
2024-02-20 11:00:00+08:00,59.20000076293945,59.400001525878906,58.599998474121094,59.099998474121094,380937,0.0,0.0
2024-02-20 12:00:00+08:00,59.099998474121094,61.0,59.0,60.29999923706055,818093,0.0,0.0
2024-02-20 13:00:00+08:00,60.400001525878906,60.5,60.0,60.0,268853,0.0,0.0
2024-02-21 09:00:00+08:00,60.5,64.4000015258789,60.5,64.19999694824219,1079310,0.0,0.0
2024-02-21 10:00:00+08:00,64.0999984741211,64.4000015258789,63.400001525878906,63.900001525878906,952561,0.0,0.0
2024-02-21 11:00:00+08:00,63.900001525878906,64.9000015258789,63.70000076293945,64.9000015258789,1320396,0.0,0.0
2024-02-21 12:00:00+08:00,64.80000305175781,65.30000305175781,63.400001525878906,63.70000076293945,1267675,0.0,0.0
2024-02-21 13:00:00+08:00,63.79999923706055,64.0,63.599998474121094,63.599998474121094,360718,0.0,0.0
2024-02-22 09:00:00+08:00,63.599998474121094,68.5999984741211,63.5,67.19999694824219,0,0.0,0.0
2024-02-22 10:00:00+08:00,67.19999694824219,69.5999984741211,67.19999694824219,68.0,3079418,0.0,0.0
2024-02-22 11:00:00+08:00,68.0999984741211,68.5,67.5999984741211,67.69999694824219,612344,0.0,0.0
2024-02-22 12:00:00+08:00,67.80000305175781,68.0999984741211,67.4000015258789,67.5,733596,0.0,0.0
2024-02-22 13:00:00+08:00,67.5,67.69999694824219,66.9000015258789,67.0,762506,0.0,0.0
2024-02-23 09:00:00+08:00,67.0999984741211,67.80000305175781,64.0999984741211,66.0,3448013,0.0,0.0
2024-02-23 10:00:00+08:00,65.9000015258789,68.9000015258789,65.9000015258789,67.0999984741211,2240304,0.0,0.0
2024-02-23 11:00:00+08:00,67.0999984741211,67.30000305175781,66.4000015258789,66.5,647106,0.0,0.0
2024-02-23 12:00:00+08:00,66.5,66.80000305175781,66.30000305175781,66.69999694824219,421082,0.0,0.0
2024-02-23 13:00:00+08:00,66.80000305175781,67.5,66.69999694824219,66.9000015258789,576336,0.0,0.0
2024-02-26 09:00:00+08:00,68.5,70.5999984741211,68.19999694824219,69.30000305175781,0,0.0,0.0
2024-02-26 10:00:00+08:00,69.4000015258789,71.0,68.5999984741211,68.80000305175781,2339164,0.0,0.0
2024-02-26 11:00:00+08:00,69.0,70.19999694824219,68.19999694824219,69.9000015258789,1164318,0.0,0.0
2024-02-26 12:00:00+08:00,69.80000305175781,70.19999694824219,69.0,69.0999984741211,958840,0.0,0.0
2024-02-26 13:00:00+08:00,69.0999984741211,69.5,68.80000305175781,69.19999694824219,491640,0.0,0.0
2024-02-27 09:00:00+08:00,69.69999694824219,72.5,69.4000015258789,71.30000305175781,0,0.0,0.0
2024-02-27 10:00:00+08:00,71.30000305175781,71.4000015258789,69.0999984741211,70.5999984741211,3461241,0.0,0.0
2024-02-27 11:00:00+08:00,70.5,71.5,70.0999984741211,70.30000305175781,1123703,0.0,0.0
2024-02-27 12:00:00+08:00,70.30000305175781,70.30000305175781,69.5,69.5999984741211,1123276,0.0,0.0
2024-02-27 13:00:00+08:00,69.69999694824219,70.19999694824219,69.5,69.69999694824219,648333,0.0,0.0
2024-02-29 09:00:00+08:00,69.5,76.4000015258789,69.5,76.0,0,0.0,0.0
2024-02-29 10:00:00+08:00,75.9000015258789,76.4000015258789,75.19999694824219,76.4000015258789,3178184,0.0,0.0
2024-02-29 11:00:00+08:00,76.4000015258789,76.4000015258789,76.4000015258789,76.4000015258789,156458,0.0,0.0
2024-02-29 12:00:00+08:00,76.4000015258789,76.4000015258789,76.4000015258789,76.4000015258789,88556,0.0,0.0
2024-02-29 13:00:00+08:00,76.4000015258789,76.4000015258789,76.4000015258789,76.4000015258789,24064,0.0,0.0
2024-03-01 09:00:00+08:00,77.5,79.19999694824219,73.5,78.30000305175781,6214680,0.0,0.0
2024-03-01 10:00:00+08:00,78.30000305175781,84.0,78.0999984741211,78.80000305175781,16816588,0.0,0.0
2024-03-01 11:00:00+08:00,78.80000305175781,79.0,73.0,74.0,10752395,0.0,0.0
2024-03-01 12:00:00+08:00,74.0,75.9000015258789,74.0,74.80000305175781,1828526,0.0,0.0
2024-03-01 13:00:00+08:00,74.80000305175781,75.0,73.5999984741211,73.9000015258789,1383395,0.0,0.0
2024-03-04 09:00:00+08:00,74.5,75.30000305175781,71.80000305175781,72.69999694824219,0,0.0,0.0
2024-03-04 10:00:00+08:00,72.69999694824219,72.69999694824219,70.5999984741211,71.30000305175781,2959081,0.0,0.0
2024-03-04 11:00:00+08:00,71.30000305175781,71.5,71.0999984741211,71.0999984741211,445727,0.0,0.0
2024-03-04 12:00:00+08:00,71.0,72.19999694824219,70.69999694824219,71.5,1757888,0.0,0.0
2024-03-04 13:00:00+08:00,71.5,71.80000305175781,71.0,71.30000305175781,622886,0.0,0.0
2024-03-05 09:00:00+08:00,71.5,72.0,70.0999984741211,70.5,0,0.0,0.0
2024-03-05 10:00:00+08:00,70.5,71.69999694824219,69.5,71.4000015258789,1568731,0.0,0.0
2024-03-05 11:00:00+08:00,71.4000015258789,72.0,71.19999694824219,71.5,675359,0.0,0.0
2024-03-05 12:00:00+08:00,71.5,72.9000015258789,71.5,72.0,1879606,0.0,0.0
2024-03-05 13:00:00+08:00,72.0,72.19999694824219,71.5999984741211,71.9000015258789,1314708,0.0,0.0
2024-03-06 09:00:00+08:00,72.0,72.0,70.5999984741211,71.69999694824219,0,0.0,0.0
2024-03-06 10:00:00+08:00,71.5999984741211,72.0,71.19999694824219,71.4000015258789,819951,0.0,0.0
2024-03-06 11:00:00+08:00,71.4000015258789,71.9000015258789,71.30000305175781,71.5,238776,0.0,0.0
2024-03-06 12:00:00+08:00,71.5,71.80000305175781,71.19999694824219,71.4000015258789,381168,0.0,0.0
2024-03-06 13:00:00+08:00,71.4000015258789,71.9000015258789,71.4000015258789,71.80000305175781,567757,0.0,0.0
2024-03-07 09:00:00+08:00,72.0999984741211,72.19999694824219,70.69999694824219,70.9000015258789,0,0.0,0.0
2024-03-07 10:00:00+08:00,70.9000015258789,71.69999694824219,70.80000305175781,71.19999694824219,544374,0.0,0.0
2024-03-07 11:00:00+08:00,71.19999694824219,71.5,71.0,71.4000015258789,212563,0.0,0.0
2024-03-07 12:00:00+08:00,71.4000015258789,71.5,70.9000015258789,71.0,257980,0.0,0.0
2024-03-07 13:00:00+08:00,71.0,71.0999984741211,70.19999694824219,70.30000305175781,685830,0.0,0.0
2024-03-08 09:00:00+08:00,70.0999984741211,71.0,68.0,70.0999984741211,2153878,0.0,0.0
2024-03-08 10:00:00+08:00,70.19999694824219,70.19999694824219,68.30000305175781,68.5,801498,0.0,0.0
2024-03-08 11:00:00+08:00,68.5,69.0999984741211,67.30000305175781,69.0,2645771,0.0,0.0
2024-03-08 12:00:00+08:00,69.0,69.69999694824219,68.5,69.5,494474,0.0,0.0
2024-03-08 13:00:00+08:00,69.5,70.30000305175781,69.4000015258789,70.0,500241,0.0,0.0
2024-03-11 09:00:00+08:00,69.5,72.5,69.5,71.80000305175781,0,0.0,0.0
2024-03-11 10:00:00+08:00,71.69999694824219,71.80000305175781,71.0999984741211,71.69999694824219,275987,0.0,0.0
2024-03-11 11:00:00+08:00,71.80000305175781,74.69999694824219,71.80000305175781,74.0999984741211,4278928,0.0,0.0
2024-03-11 12:00:00+08:00,74.0,74.30000305175781,73.69999694824219,73.69999694824219,463541,0.0,0.0
2024-03-11 13:00:00+08:00,73.69999694824219,74.30000305175781,73.5,74.0,545717,0.0,0.0
2024-03-12 09:00:00+08:00,73.4000015258789,75.0999984741211,72.69999694824219,74.0999984741211,0,0.0,0.0
2024-03-12 10:00:00+08:00,74.0999984741211,74.0999984741211,73.30000305175781,73.69999694824219,505495,0.0,0.0
2024-03-12 11:00:00+08:00,73.69999694824219,73.69999694824219,72.5,72.9000015258789,760536,0.0,0.0
2024-03-12 12:00:00+08:00,73.0,73.69999694824219,72.9000015258789,73.19999694824219,378103,0.0,0.0
2024-03-12 13:00:00+08:00,73.30000305175781,73.69999694824219,73.30000305175781,73.4000015258789,469366,0.0,0.0
2024-03-13 09:00:00+08:00,73.80000305175781,73.80000305175781,71.30000305175781,71.30000305175781,0,0.0,0.0
2024-03-13 10:00:00+08:00,71.5,72.0,71.30000305175781,71.69999694824219,409984,0.0,0.0
2024-03-13 11:00:00+08:00,71.69999694824219,71.9000015258789,71.19999694824219,71.5,251492,0.0,0.0
2024-03-13 12:00:00+08:00,71.5,71.5,70.30000305175781,70.80000305175781,774417,0.0,0.0
2024-03-13 13:00:00+08:00,70.9000015258789,71.0,70.30000305175781,70.5999984741211,427932,0.0,0.0
2024-03-14 09:00:00+08:00,70.4000015258789,70.80000305175781,68.5999984741211,70.30000305175781,0,0.0,0.0
2024-03-14 10:00:00+08:00,70.30000305175781,70.5999984741211,69.80000305175781,69.80000305175781,278041,0.0,0.0
2024-03-14 11:00:00+08:00,69.9000015258789,70.5,69.9000015258789,70.30000305175781,255330,0.0,0.0
2024-03-14 12:00:00+08:00,70.19999694824219,70.30000305175781,70.0,70.19999694824219,139929,0.0,0.0
2024-03-14 13:00:00+08:00,70.19999694824219,70.80000305175781,70.0999984741211,70.30000305175781,229438,0.0,0.0
2024-03-15 09:00:00+08:00,70.30000305175781,72.80000305175781,70.30000305175781,71.0999984741211,0,0.0,0.0
2024-03-15 10:00:00+08:00,71.0,72.19999694824219,70.5999984741211,71.30000305175781,451933,0.0,0.0
2024-03-15 11:00:00+08:00,71.30000305175781,72.30000305175781,71.0999984741211,72.0999984741211,438406,0.0,0.0
2024-03-15 12:00:00+08:00,72.19999694824219,72.30000305175781,71.5,72.19999694824219,327361,0.0,0.0
2024-03-15 13:00:00+08:00,72.19999694824219,72.5,71.9000015258789,72.0999984741211,475842,0.0,0.0
2024-03-18 09:00:00+08:00,72.4000015258789,75.4000015258789,72.0999984741211,74.5999984741211,0,0.0,0.0
2024-03-18 10:00:00+08:00,74.5999984741211,74.69999694824219,73.19999694824219,73.9000015258789,710016,0.0,0.0
2024-03-18 11:00:00+08:00,73.9000015258789,75.19999694824219,73.9000015258789,74.5999984741211,1140162,0.0,0.0
2024-03-18 12:00:00+08:00,74.5999984741211,74.9000015258789,74.30000305175781,74.5999984741211,490771,0.0,0.0
2024-03-18 13:00:00+08:00,74.5999984741211,75.0,73.0999984741211,73.19999694824219,1217001,0.0,0.0
2024-03-19 09:00:00+08:00,73.5,73.9000015258789,71.30000305175781,72.80000305175781,0,0.0,0.0
2024-03-19 10:00:00+08:00,72.80000305175781,73.69999694824219,72.69999694824219,73.5,736775,0.0,0.0
2024-03-19 11:00:00+08:00,73.5,73.5,73.0,73.19999694824219,465829,0.0,0.0
2024-03-19 12:00:00+08:00,73.19999694824219,74.30000305175781,72.80000305175781,73.80000305175781,680216,0.0,0.0
2024-03-19 13:00:00+08:00,73.80000305175781,73.80000305175781,73.5,73.80000305175781,345615,0.0,0.0
2024-03-20 09:00:00+08:00,74.0,74.5999984741211,72.9000015258789,73.0,1194017,0.0,0.0
2024-03-20 10:00:00+08:00,73.0,73.4000015258789,72.5,72.9000015258789,560326,0.0,0.0
2024-03-20 11:00:00+08:00,72.69999694824219,73.0,72.0999984741211,72.0999984741211,460123,0.0,0.0
2024-03-20 12:00:00+08:00,72.19999694824219,72.5,72.0999984741211,72.0999984741211,301892,0.0,0.0
2024-03-20 13:00:00+08:00,72.0999984741211,72.19999694824219,71.30000305175781,71.4000015258789,711523,0.0,0.0
2024-03-21 09:00:00+08:00,72.0,74.30000305175781,71.5999984741211,73.30000305175781,0,0.0,0.0
2024-03-21 10:00:00+08:00,73.30000305175781,73.80000305175781,72.9000015258789,73.0,424334,0.0,0.0
2024-03-21 11:00:00+08:00,73.0,73.0999984741211,72.69999694824219,72.69999694824219,143424,0.0,0.0
2024-03-21 12:00:00+08:00,72.69999694824219,72.69999694824219,72.0,72.0,272847,0.0,0.0
2024-03-21 13:00:00+08:00,72.0999984741211,72.5,72.0,72.30000305175781,172644,0.0,0.0
2024-03-22 09:00:00+08:00,72.9000015258789,74.5999984741211,72.5999984741211,73.9000015258789,0,0.0,0.0
2024-03-22 10:00:00+08:00,73.80000305175781,75.30000305175781,73.69999694824219,74.5,1781147,0.0,0.0
2024-03-22 11:00:00+08:00,74.5,74.5,73.80000305175781,74.4000015258789,349691,0.0,0.0
2024-03-22 12:00:00+08:00,74.4000015258789,75.0,74.30000305175781,74.4000015258789,582598,0.0,0.0
2024-03-22 13:00:00+08:00,74.4000015258789,74.5,74.0,74.4000015258789,201124,0.0,0.0
2024-03-25 09:00:00+08:00,74.30000305175781,75.30000305175781,73.69999694824219,73.9000015258789,0,0.0,0.0
2024-03-25 10:00:00+08:00,73.9000015258789,74.5999984741211,73.80000305175781,74.0,438211,0.0,0.0
2024-03-25 11:00:00+08:00,73.9000015258789,73.9000015258789,72.5,72.69999694824219,1378110,0.0,0.0
2024-03-25 12:00:00+08:00,72.69999694824219,73.30000305175781,72.5999984741211,73.0,336952,0.0,0.0
2024-03-25 13:00:00+08:00,72.9000015258789,73.0,72.5999984741211,72.69999694824219,279119,0.0,0.0
2024-03-26 09:00:00+08:00,72.5999984741211,74.0999984741211,72.4000015258789,73.0999984741211,0,0.0,0.0
2024-03-26 10:00:00+08:00,73.19999694824219,73.69999694824219,72.4000015258789,72.4000015258789,573520,0.0,0.0
2024-03-26 11:00:00+08:00,72.4000015258789,72.5,70.5999984741211,71.30000305175781,1188360,0.0,0.0
2024-03-26 12:00:00+08:00,71.30000305175781,72.4000015258789,71.30000305175781,72.4000015258789,429669,0.0,0.0
2024-03-26 13:00:00+08:00,72.5,72.5999984741211,71.80000305175781,72.19999694824219,206288,0.0,0.0
2024-03-27 09:00:00+08:00,73.0999984741211,74.9000015258789,73.0,74.5999984741211,0,0.0,0.0
2024-03-27 10:00:00+08:00,74.5999984741211,74.5999984741211,73.5999984741211,73.80000305175781,409093,0.0,0.0
2024-03-27 11:00:00+08:00,73.80000305175781,73.9000015258789,73.5999984741211,73.5999984741211,193690,0.0,0.0
2024-03-27 12:00:00+08:00,73.5999984741211,73.80000305175781,72.69999694824219,73.0,567625,0.0,0.0
2024-03-27 13:00:00+08:00,73.0,73.19999694824219,72.5999984741211,73.0,342800,0.0,0.0
2024-03-28 09:00:00+08:00,73.0,74.30000305175781,72.80000305175781,73.69999694824219,0,0.0,0.0
2024-03-28 10:00:00+08:00,73.9000015258789,74.5,73.30000305175781,74.4000015258789,1101003,0.0,0.0
2024-03-28 11:00:00+08:00,74.4000015258789,77.5999984741211,74.30000305175781,76.80000305175781,4534229,0.0,0.0
2024-03-28 12:00:00+08:00,76.69999694824219,77.4000015258789,76.0,76.30000305175781,1090182,0.0,0.0
2024-03-28 13:00:00+08:00,76.19999694824219,76.4000015258789,75.19999694824219,75.5,552221,0.0,0.0
2024-03-29 09:00:00+08:00,75.5,77.4000015258789,75.0,75.4000015258789,3255035,0.0,0.0
2024-03-29 10:00:00+08:00,75.4000015258789,76.19999694824219,74.19999694824219,75.0,1309143,0.0,0.0
2024-03-29 11:00:00+08:00,75.0,75.5,74.0999984741211,74.30000305175781,485255,0.0,0.0
2024-03-29 12:00:00+08:00,74.30000305175781,74.30000305175781,73.30000305175781,73.5999984741211,943263,0.0,0.0
2024-03-29 13:00:00+08:00,73.5999984741211,74.30000305175781,73.5999984741211,73.9000015258789,432578,0.0,0.0
2024-04-01 09:00:00+08:00,74.5,78.19999694824219,73.9000015258789,78.0999984741211,0,0.0,0.0
2024-04-01 10:00:00+08:00,78.19999694824219,78.19999694824219,76.5,77.30000305175781,1357120,0.0,0.0
2024-04-01 11:00:00+08:00,77.30000305175781,77.80000305175781,76.9000015258789,77.30000305175781,767222,0.0,0.0
2024-04-01 12:00:00+08:00,77.30000305175781,77.69999694824219,77.19999694824219,77.69999694824219,323411,0.0,0.0
2024-04-01 13:00:00+08:00,77.5999984741211,77.69999694824219,77.0,77.0999984741211,472223,0.0,0.0
2024-04-02 09:00:00+08:00,78.5,79.5999984741211,78.0999984741211,78.9000015258789,0,0.0,0.0
2024-04-02 10:00:00+08:00,78.9000015258789,79.30000305175781,78.4000015258789,79.0999984741211,772588,0.0,0.0
2024-04-02 11:00:00+08:00,79.0,79.0999984741211,78.69999694824219,78.80000305175781,322158,0.0,0.0
2024-04-02 12:00:00+08:00,78.80000305175781,78.80000305175781,77.80000305175781,78.0999984741211,959400,0.0,0.0
2024-04-02 13:00:00+08:00,78.0999984741211,78.80000305175781,78.0999984741211,78.69999694824219,435078,0.0,0.0
2024-04-03 09:00:00+08:00,79.0,79.5999984741211,77.0,79.19999694824219,0,0.0,0.0
2024-04-03 10:00:00+08:00,79.19999694824219,79.30000305175781,78.30000305175781,78.9000015258789,514229,0.0,0.0
2024-04-03 11:00:00+08:00,78.9000015258789,78.9000015258789,78.30000305175781,78.30000305175781,350472,0.0,0.0
2024-04-03 12:00:00+08:00,78.30000305175781,78.9000015258789,78.19999694824219,78.69999694824219,306973,0.0,0.0
2024-04-03 13:00:00+08:00,78.80000305175781,78.80000305175781,77.0999984741211,77.5999984741211,1021589,0.0,0.0
2024-04-08 09:00:00+08:00,78.30000305175781,78.4000015258789,75.80000305175781,76.5,0,0.0,0.0
2024-04-08 10:00:00+08:00,76.5999984741211,77.19999694824219,76.19999694824219,76.19999694824219,365991,0.0,0.0
2024-04-08 11:00:00+08:00,76.19999694824219,76.4000015258789,76.19999694824219,76.30000305175781,275778,0.0,0.0
2024-04-08 12:00:00+08:00,76.30000305175781,76.4000015258789,76.0,76.0,341430,0.0,0.0
2024-04-08 13:00:00+08:00,76.0999984741211,76.5,76.0999984741211,76.30000305175781,225632,0.0,0.0
2024-04-09 09:00:00+08:00,76.5999984741211,76.5999984741211,75.0,75.0,0,0.0,0.0
2024-04-09 10:00:00+08:00,75.0,75.0999984741211,74.0,74.19999694824219,910692,0.0,0.0
2024-04-09 11:00:00+08:00,74.19999694824219,74.19999694824219,73.5999984741211,74.0,677675,0.0,0.0
2024-04-09 12:00:00+08:00,74.0,74.0,73.5,73.9000015258789,547865,0.0,0.0
2024-04-09 13:00:00+08:00,73.9000015258789,74.19999694824219,73.80000305175781,73.80000305175781,252465,0.0,0.0
2024-04-10 09:00:00+08:00,73.0,73.30000305175781,66.5,68.69999694824219,2000046,0.0,0.0
2024-04-10 10:00:00+08:00,68.5999984741211,68.9000015258789,68.0999984741211,68.5,1101571,0.0,0.0
2024-04-10 11:00:00+08:00,68.5,68.5,67.19999694824219,67.80000305175781,1337400,0.0,0.0
2024-04-10 12:00:00+08:00,67.80000305175781,68.0999984741211,67.69999694824219,67.80000305175781,449964,0.0,0.0
2024-04-10 13:00:00+08:00,67.80000305175781,67.9000015258789,66.9000015258789,67.0,898359,0.0,0.0
2024-04-11 09:00:00+08:00,67.80000305175781,69.30000305175781,67.5999984741211,68.19999694824219,0,0.0,0.0
2024-04-11 10:00:00+08:00,68.19999694824219,68.30000305175781,67.9000015258789,68.0,290270,0.0,0.0
2024-04-11 11:00:00+08:00,68.0,68.0999984741211,67.19999694824219,67.69999694824219,594545,0.0,0.0
2024-04-11 12:00:00+08:00,67.80000305175781,68.0999984741211,67.5999984741211,68.0,269230,0.0,0.0
2024-04-11 13:00:00+08:00,68.0,68.0,67.30000305175781,67.5,389009,0.0,0.0
2024-04-12 09:00:00+08:00,67.5,67.80000305175781,67.0999984741211,67.19999694824219,504181,0.0,0.0
2024-04-12 10:00:00+08:00,67.19999694824219,67.30000305175781,66.0999984741211,66.69999694824219,1015542,0.0,0.0
2024-04-12 11:00:00+08:00,66.69999694824219,67.69999694824219,66.5999984741211,67.4000015258789,439238,0.0,0.0
2024-04-12 12:00:00+08:00,67.4000015258789,67.80000305175781,67.19999694824219,67.69999694824219,247401,0.0,0.0
2024-04-12 13:00:00+08:00,67.69999694824219,68.5,67.5999984741211,68.0,225441,0.0,0.0
2024-04-15 09:00:00+08:00,68.0,70.5999984741211,67.5999984741211,69.5,0,0.0,0.0
2024-04-15 10:00:00+08:00,69.5999984741211,71.9000015258789,69.0999984741211,70.30000305175781,1334634,0.0,0.0
2024-04-15 11:00:00+08:00,70.4000015258789,70.80000305175781,69.9000015258789,70.5,216004,0.0,0.0
2024-04-15 12:00:00+08:00,70.5999984741211,70.5999984741211,70.19999694824219,70.4000015258789,187608,0.0,0.0
2024-04-15 13:00:00+08:00,70.5,71.0,70.5,70.9000015258789,278683,0.0,0.0
2024-04-16 09:00:00+08:00,70.5999984741211,71.4000015258789,69.5999984741211,69.69999694824219,0,0.0,0.0
2024-04-16 10:00:00+08:00,69.5999984741211,69.9000015258789,68.80000305175781,69.4000015258789,714060,0.0,0.0
2024-04-16 11:00:00+08:00,69.4000015258789,69.5,68.80000305175781,68.9000015258789,377274,0.0,0.0
2024-04-16 12:00:00+08:00,68.9000015258789,69.30000305175781,68.5999984741211,69.19999694824219,288680,0.0,0.0
2024-04-16 13:00:00+08:00,69.19999694824219,69.5999984741211,68.9000015258789,69.19999694824219,279155,0.0,0.0
2024-04-17 09:00:00+08:00,69.19999694824219,72.19999694824219,69.19999694824219,71.30000305175781,0,0.0,0.0
2024-04-17 10:00:00+08:00,71.30000305175781,72.19999694824219,71.19999694824219,71.80000305175781,513817,0.0,0.0
2024-04-17 11:00:00+08:00,71.80000305175781,72.0,71.69999694824219,71.69999694824219,311631,0.0,0.0
2024-04-17 12:00:00+08:00,71.69999694824219,71.9000015258789,71.4000015258789,71.5999984741211,367648,0.0,0.0
2024-04-17 13:00:00+08:00,71.5999984741211,71.80000305175781,71.5,71.5999984741211,179713,0.0,0.0
2024-04-18 09:00:00+08:00,71.80000305175781,72.0999984741211,69.9000015258789,70.5,1406020,0.0,0.0
2024-04-18 10:00:00+08:00,70.69999694824219,70.80000305175781,70.0999984741211,70.5,259471,0.0,0.0
2024-04-18 11:00:00+08:00,70.5,71.0999984741211,70.19999694824219,70.5,316241,0.0,0.0
2024-04-18 12:00:00+08:00,70.5,70.5999984741211,70.4000015258789,70.4000015258789,149096,0.0,0.0
2024-04-18 13:00:00+08:00,70.4000015258789,70.5,70.19999694824219,70.4000015258789,187955,0.0,0.0
2024-04-19 09:00:00+08:00,70.30000305175781,72.19999694824219,69.69999694824219,70.5,0,0.0,0.0
2024-04-19 10:00:00+08:00,70.5,70.5,67.5999984741211,67.5999984741211,1092881,0.0,0.0
2024-04-19 11:00:00+08:00,67.5999984741211,69.69999694824219,67.4000015258789,69.30000305175781,347639,0.0,0.0
2024-04-19 12:00:00+08:00,69.30000305175781,69.69999694824219,69.19999694824219,69.19999694824219,201116,0.0,0.0
2024-04-19 13:00:00+08:00,69.19999694824219,69.5999984741211,69.0999984741211,69.19999694824219,98969,0.0,0.0
2024-04-22 09:00:00+08:00,68.9000015258789,71.19999694824219,68.9000015258789,71.0999984741211,0,0.0,0.0
2024-04-22 10:00:00+08:00,71.0999984741211,71.4000015258789,69.30000305175781,70.0,761431,0.0,0.0
2024-04-22 11:00:00+08:00,70.0,70.0,68.0,68.30000305175781,741144,0.0,0.0
2024-04-22 12:00:00+08:00,68.5,69.19999694824219,68.5,68.80000305175781,174741,0.0,0.0
2024-04-22 13:00:00+08:00,68.80000305175781,68.80000305175781,68.30000305175781,68.5,161900,0.0,0.0
2024-04-23 09:00:00+08:00,68.4000015258789,70.0999984741211,68.0999984741211,68.30000305175781,0,0.0,0.0
2024-04-23 10:00:00+08:00,68.30000305175781,68.30000305175781,65.0,66.0,1401651,0.0,0.0
2024-04-23 11:00:00+08:00,66.0,66.5,65.0999984741211,66.0999984741211,624636,0.0,0.0
2024-04-23 12:00:00+08:00,66.19999694824219,66.19999694824219,65.30000305175781,65.9000015258789,553788,0.0,0.0
2024-04-23 13:00:00+08:00,65.80000305175781,65.9000015258789,65.0,65.19999694824219,507057,0.0,0.0
2024-04-24 09:00:00+08:00,66.0,68.5,65.5,68.4000015258789,0,0.0,0.0
2024-04-24 10:00:00+08:00,68.5,69.30000305175781,68.0,69.0,851357,0.0,0.0
2024-04-24 11:00:00+08:00,68.9000015258789,69.5,68.5999984741211,69.0,498514,0.0,0.0
2024-04-24 12:00:00+08:00,69.0,69.19999694824219,68.5,69.0,283595,0.0,0.0
2024-04-24 13:00:00+08:00,69.0,69.19999694824219,68.80000305175781,68.80000305175781,179320,0.0,0.0
2024-04-25 09:00:00+08:00,68.5,69.19999694824219,67.30000305175781,67.5,708476,0.0,0.0
2024-04-25 10:00:00+08:00,67.5999984741211,68.5999984741211,67.5,68.30000305175781,190209,0.0,0.0
2024-04-25 11:00:00+08:00,68.0999984741211,68.80000305175781,68.0999984741211,68.5,146138,0.0,0.0
2024-04-25 12:00:00+08:00,68.5,68.5,68.0999984741211,68.19999694824219,148234,0.0,0.0
2024-04-25 13:00:00+08:00,68.19999694824219,68.5,68.19999694824219,68.30000305175781,88342,0.0,0.0
2024-04-26 09:00:00+08:00,68.9000015258789,68.9000015258789,67.9000015258789,68.0,0,0.0,0.0
2024-04-26 10:00:00+08:00,67.9000015258789,68.0,67.5,67.5999984741211,324072,0.0,0.0
2024-04-26 11:00:00+08:00,67.5999984741211,67.80000305175781,67.30000305175781,67.30000305175781,219769,0.0,0.0
2024-04-26 12:00:00+08:00,67.30000305175781,67.5999984741211,66.5,66.9000015258789,912568,0.0,0.0
2024-04-26 13:00:00+08:00,66.9000015258789,66.9000015258789,66.5,66.5999984741211,222979,0.0,0.0
2024-04-29 09:00:00+08:00,66.30000305175781,67.5999984741211,65.9000015258789,66.69999694824219,0,0.0,0.0
2024-04-29 10:00:00+08:00,66.69999694824219,67.9000015258789,66.4000015258789,67.19999694824219,318008,0.0,0.0
2024-04-29 11:00:00+08:00,67.19999694824219,67.19999694824219,67.0,67.0999984741211,64450,0.0,0.0
2024-04-29 12:00:00+08:00,67.0999984741211,67.0999984741211,66.69999694824219,66.80000305175781,85469,0.0,0.0
2024-04-29 13:00:00+08:00,66.80000305175781,67.0,66.5999984741211,66.9000015258789,85151,0.0,0.0
2024-04-30 09:00:00+08:00,67.0999984741211,67.5999984741211,66.80000305175781,67.0,0,0.0,0.0
2024-04-30 10:00:00+08:00,66.9000015258789,67.5999984741211,66.9000015258789,67.0999984741211,130521,0.0,0.0
2024-04-30 11:00:00+08:00,67.0999984741211,67.19999694824219,66.80000305175781,67.19999694824219,84904,0.0,0.0
2024-04-30 12:00:00+08:00,67.19999694824219,67.5999984741211,67.0999984741211,67.5999984741211,163301,0.0,0.0
2024-04-30 13:00:00+08:00,67.5999984741211,67.5999984741211,67.5,67.5999984741211,105000,0.0,0.0
2024-05-02 09:00:00+08:00,67.5,67.9000015258789,66.0,66.5,0,0.0,0.0
2024-05-02 10:00:00+08:00,66.5999984741211,66.69999694824219,65.5,66.0999984741211,716787,0.0,0.0
2024-05-02 11:00:00+08:00,66.0,66.0,65.5,65.5999984741211,196967,0.0,0.0
2024-05-02 12:00:00+08:00,65.69999694824219,66.19999694824219,65.5999984741211,66.19999694824219,195000,0.0,0.0
2024-05-02 13:00:00+08:00,66.0999984741211,66.19999694824219,66.0,66.19999694824219,116502,0.0,0.0
2024-05-03 09:00:00+08:00,66.5999984741211,67.69999694824219,66.19999694824219,66.5,0,0.0,0.0
2024-05-03 10:00:00+08:00,66.5,67.19999694824219,66.5,66.80000305175781,144818,0.0,0.0
2024-05-03 11:00:00+08:00,66.9000015258789,67.30000305175781,66.69999694824219,66.80000305175781,158504,0.0,0.0
2024-05-03 12:00:00+08:00,66.80000305175781,67.0,66.69999694824219,66.69999694824219,108153,0.0,0.0
2024-05-03 13:00:00+08:00,66.5999984741211,66.69999694824219,66.5,66.69999694824219,80015,0.0,0.0
2024-05-06 09:00:00+08:00,67.19999694824219,67.69999694824219,66.19999694824219,66.19999694824219,0,0.0,0.0
2024-05-06 10:00:00+08:00,66.30000305175781,66.69999694824219,65.9000015258789,66.0,331568,0.0,0.0
2024-05-06 11:00:00+08:00,66.0,66.19999694824219,65.69999694824219,66.0999984741211,157395,0.0,0.0
2024-05-06 12:00:00+08:00,66.0,67.19999694824219,65.9000015258789,67.19999694824219,332960,0.0,0.0
2024-05-06 13:00:00+08:00,67.0999984741211,67.0999984741211,66.69999694824219,66.80000305175781,51099,0.0,0.0
2024-05-07 09:00:00+08:00,66.80000305175781,67.4000015258789,66.0,66.30000305175781,417096,0.0,0.0
2024-05-07 10:00:00+08:00,66.30000305175781,66.5,66.0999984741211,66.0999984741211,139262,0.0,0.0
2024-05-07 11:00:00+08:00,66.19999694824219,66.19999694824219,66.0999984741211,66.19999694824219,41279,0.0,0.0
2024-05-07 12:00:00+08:00,66.30000305175781,67.4000015258789,66.30000305175781,67.19999694824219,245596,0.0,0.0
2024-05-07 13:00:00+08:00,67.30000305175781,67.4000015258789,66.9000015258789,67.0999984741211,93530,0.0,0.0
2024-05-08 09:00:00+08:00,67.80000305175781,71.4000015258789,67.5999984741211,70.80000305175781,1405528,0.0,0.0
2024-05-08 10:00:00+08:00,70.80000305175781,72.69999694824219,70.0999984741211,71.5,1902744,0.0,0.0
2024-05-08 11:00:00+08:00,71.5999984741211,72.0,71.30000305175781,71.69999694824219,327661,0.0,0.0
2024-05-08 12:00:00+08:00,71.80000305175781,72.5,71.5999984741211,71.69999694824219,583504,0.0,0.0
2024-05-08 13:00:00+08:00,71.69999694824219,71.9000015258789,71.4000015258789,71.5999984741211,282295,0.0,0.0
2024-05-09 09:00:00+08:00,71.69999694824219,72.4000015258789,70.5,71.4000015258789,0,0.0,0.0
2024-05-09 10:00:00+08:00,71.30000305175781,71.30000305175781,70.5999984741211,70.5999984741211,526333,0.0,0.0
2024-05-09 11:00:00+08:00,70.5999984741211,71.5,70.5999984741211,71.19999694824219,158787,0.0,0.0
2024-05-09 12:00:00+08:00,71.0999984741211,71.5,70.9000015258789,71.5,237854,0.0,0.0
2024-05-09 13:00:00+08:00,71.5,71.5,70.80000305175781,70.80000305175781,187235,0.0,0.0
2024-05-10 09:00:00+08:00,71.69999694824219,71.9000015258789,70.5,70.5,0,0.0,0.0
2024-05-10 10:00:00+08:00,70.5999984741211,71.5,70.4000015258789,71.0,262642,0.0,0.0
2024-05-10 11:00:00+08:00,70.9000015258789,70.9000015258789,70.4000015258789,70.5,99052,0.0,0.0
2024-05-10 12:00:00+08:00,70.4000015258789,70.5,69.5999984741211,69.69999694824219,301358,0.0,0.0
2024-05-10 13:00:00+08:00,69.69999694824219,69.80000305175781,68.80000305175781,69.0,322924,0.0,0.0
2024-05-13 09:00:00+08:00,69.0,69.0999984741211,65.5999984741211,66.80000305175781,51367,0.0,0.0
2024-05-13 10:00:00+08:00,66.80000305175781,67.0,66.5999984741211,66.80000305175781,104922,0.0,0.0
2024-05-13 11:00:00+08:00,66.9000015258789,67.0,66.80000305175781,66.9000015258789,55801,0.0,0.0
2024-05-13 12:00:00+08:00,66.9000015258789,67.5,66.9000015258789,66.9000015258789,231414,0.0,0.0
2024-05-13 13:00:00+08:00,66.9000015258789,67.4000015258789,66.9000015258789,67.0,222275,0.0,0.0
2024-05-14 09:00:00+08:00,66.80000305175781,67.19999694824219,65.5999984741211,66.4000015258789,0,0.0,0.0
2024-05-14 10:00:00+08:00,66.4000015258789,66.9000015258789,66.0999984741211,66.4000015258789,183090,0.0,0.0
2024-05-14 11:00:00+08:00,66.30000305175781,66.69999694824219,66.19999694824219,66.30000305175781,124862,0.0,0.0
2024-05-14 12:00:00+08:00,66.30000305175781,66.30000305175781,66.0999984741211,66.0999984741211,109702,0.0,0.0
2024-05-14 13:00:00+08:00,66.0999984741211,66.30000305175781,66.0999984741211,66.19999694824219,73191,0.0,0.0
2024-05-15 09:00:00+08:00,66.4000015258789,66.80000305175781,66.0999984741211,66.5999984741211,0,0.0,0.0
2024-05-15 10:00:00+08:00,66.69999694824219,66.9000015258789,66.30000305175781,66.5,154535,0.0,0.0
2024-05-15 11:00:00+08:00,66.4000015258789,66.9000015258789,66.4000015258789,66.80000305175781,123402,0.0,0.0
2024-05-15 12:00:00+08:00,66.69999694824219,66.80000305175781,66.5,66.5999984741211,67760,0.0,0.0
2024-05-15 13:00:00+08:00,66.5999984741211,66.5999984741211,66.19999694824219,66.30000305175781,119525,0.0,0.0
2024-05-16 09:00:00+08:00,67.0,67.0999984741211,66.30000305175781,66.5999984741211,282369,0.0,0.0
2024-05-16 10:00:00+08:00,66.5999984741211,66.80000305175781,66.30000305175781,66.4000015258789,175366,0.0,0.0
2024-05-16 11:00:00+08:00,66.4000015258789,66.4000015258789,65.5999984741211,65.80000305175781,490005,0.0,0.0
2024-05-16 12:00:00+08:00,65.9000015258789,66.19999694824219,65.80000305175781,65.9000015258789,71340,0.0,0.0
2024-05-16 13:00:00+08:00,65.9000015258789,66.0,65.80000305175781,66.0,43974,0.0,0.0
2024-05-17 09:00:00+08:00,66.5,66.9000015258789,66.19999694824219,66.80000305175781,0,0.0,0.0
2024-05-17 10:00:00+08:00,66.69999694824219,66.69999694824219,66.0999984741211,66.0999984741211,80720,0.0,0.0
2024-05-17 11:00:00+08:00,66.0999984741211,66.0999984741211,65.69999694824219,65.9000015258789,152466,0.0,0.0
2024-05-17 12:00:00+08:00,66.0,66.0,65.80000305175781,65.9000015258789,82100,0.0,0.0
2024-05-17 13:00:00+08:00,66.0,66.5,66.0,66.5,45119,0.0,0.0
2024-05-20 09:00:00+08:00,66.80000305175781,68.80000305175781,66.5999984741211,67.80000305175781,190186,0.0,0.0
2024-05-20 10:00:00+08:00,67.9000015258789,68.4000015258789,67.5999984741211,67.5999984741211,170553,0.0,0.0
2024-05-20 11:00:00+08:00,67.69999694824219,67.80000305175781,66.80000305175781,67.0,205260,0.0,0.0
2024-05-20 12:00:00+08:00,67.0,67.30000305175781,67.0,67.0999984741211,80640,0.0,0.0
2024-05-20 13:00:00+08:00,67.0999984741211,67.30000305175781,67.0999984741211,67.19999694824219,55600,0.0,0.0
2024-05-21 09:00:00+08:00,67.19999694824219,67.5999984741211,67.0,67.0,0,0.0,0.0
2024-05-21 10:00:00+08:00,67.0,67.9000015258789,66.69999694824219,67.5999984741211,194350,0.0,0.0
2024-05-21 11:00:00+08:00,67.5,67.80000305175781,67.5,67.5999984741211,71267,0.0,0.0
2024-05-21 12:00:00+08:00,67.5999984741211,67.80000305175781,67.5,67.5999984741211,99341,0.0,0.0
2024-05-21 13:00:00+08:00,67.5999984741211,67.5999984741211,67.30000305175781,67.30000305175781,74226,0.0,0.0
2024-05-22 09:00:00+08:00,68.0,68.19999694824219,67.4000015258789,67.9000015258789,0,0.0,0.0
2024-05-22 10:00:00+08:00,68.0,68.0,67.30000305175781,67.4000015258789,114202,0.0,0.0
2024-05-22 11:00:00+08:00,67.4000015258789,67.80000305175781,67.4000015258789,67.5999984741211,62235,0.0,0.0
2024-05-22 12:00:00+08:00,67.5999984741211,67.5999984741211,67.19999694824219,67.5,102059,0.0,0.0
2024-05-22 13:00:00+08:00,67.4000015258789,67.5,67.30000305175781,67.4000015258789,89000,0.0,0.0
2024-05-23 09:00:00+08:00,67.30000305175781,67.5,66.5999984741211,66.5999984741211,0,0.0,0.0
2024-05-23 10:00:00+08:00,66.5999984741211,66.5999984741211,66.0999984741211,66.30000305175781,351339,0.0,0.0
2024-05-23 11:00:00+08:00,66.30000305175781,66.4000015258789,66.0,66.19999694824219,200888,0.0,0.0
2024-05-23 12:00:00+08:00,66.19999694824219,66.30000305175781,66.0999984741211,66.19999694824219,97401,0.0,0.0
2024-05-23 13:00:00+08:00,66.19999694824219,66.4000015258789,66.0,66.19999694824219,130218,0.0,0.0
2024-05-24 09:00:00+08:00,65.9000015258789,65.9000015258789,62.099998474121094,64.0,1178039,0.0,0.0
2024-05-24 10:00:00+08:00,64.0,64.5,63.70000076293945,64.0,171657,0.0,0.0
2024-05-24 11:00:00+08:00,64.0,64.5,63.599998474121094,64.5,192392,0.0,0.0
2024-05-24 12:00:00+08:00,64.4000015258789,64.5999984741211,64.0999984741211,64.5,0,0.0,0.0
2024-05-24 13:00:00+08:00,64.5,64.5,63.900001525878906,64.0,1859734,0.0,0.0
2024-05-27 09:00:00+08:00,64.30000305175781,67.19999694824219,64.30000305175781,66.5,0,0.0,0.0
2024-05-27 10:00:00+08:00,66.4000015258789,66.4000015258789,65.5,65.5999984741211,102441,0.0,0.0
2024-05-27 11:00:00+08:00,65.5,65.69999694824219,65.4000015258789,65.5,52133,0.0,0.0
2024-05-27 12:00:00+08:00,65.5,65.69999694824219,65.19999694824219,65.30000305175781,102200,0.0,0.0
2024-05-27 13:00:00+08:00,65.30000305175781,65.5,64.5,65.19999694824219,157136,0.0,0.0
2024-05-28 09:00:00+08:00,65.0,65.9000015258789,65.0,65.5,0,0.0,0.0
2024-05-28 10:00:00+08:00,65.30000305175781,65.4000015258789,65.0,65.0999984741211,89269,0.0,0.0
2024-05-28 11:00:00+08:00,65.0999984741211,65.9000015258789,65.0,65.5999984741211,99790,0.0,0.0
2024-05-28 12:00:00+08:00,65.69999694824219,65.69999694824219,65.19999694824219,65.19999694824219,118186,0.0,0.0
2024-05-28 13:00:00+08:00,65.19999694824219,65.5999984741211,65.0,65.19999694824219,232104,0.0,0.0
2024-05-29 09:00:00+08:00,65.30000305175781,65.5,64.80000305175781,65.19999694824219,0,0.0,0.0
2024-05-29 10:00:00+08:00,65.0999984741211,70.69999694824219,65.0999984741211,69.69999694824219,2108539,0.0,0.0
2024-05-29 11:00:00+08:00,69.69999694824219,69.69999694824219,68.80000305175781,69.0,530861,0.0,0.0
2024-05-29 12:00:00+08:00,68.9000015258789,69.30000305175781,68.80000305175781,68.9000015258789,232686,0.0,0.0
2024-05-29 13:00:00+08:00,68.9000015258789,69.0,68.5999984741211,68.80000305175781,233433,0.0,0.0
2024-05-30 09:00:00+08:00,68.80000305175781,70.4000015258789,67.80000305175781,70.0999984741211,0,0.0,0.0
2024-05-30 10:00:00+08:00,70.0,70.0999984741211,69.0999984741211,69.30000305175781,251666,0.0,0.0
2024-05-30 11:00:00+08:00,69.5,69.5,68.5,68.5999984741211,151977,0.0,0.0
2024-05-30 12:00:00+08:00,69.0,69.0,68.19999694824219,68.19999694824219,144875,0.0,0.0
2024-05-30 13:00:00+08:00,68.0999984741211,68.30000305175781,67.4000015258789,68.0999984741211,361689,0.0,0.0
2024-05-31 09:00:00+08:00,67.9000015258789,68.19999694824219,66.5999984741211,67.69999694824219,0,0.0,0.0
2024-05-31 10:00:00+08:00,67.5,67.5,66.69999694824219,66.80000305175781,335849,0.0,0.0
2024-05-31 11:00:00+08:00,66.80000305175781,67.9000015258789,66.80000305175781,67.80000305175781,614781,0.0,0.0
2024-05-31 12:00:00+08:00,67.5999984741211,67.69999694824219,67.0999984741211,67.30000305175781,154231,0.0,0.0
2024-05-31 13:00:00+08:00,67.30000305175781,67.30000305175781,67.0,67.0999984741211,95588,0.0,0.0
2024-06-03 09:00:00+08:00,67.19999694824219,68.30000305175781,67.19999694824219,67.80000305175781,0,0.0,0.0
2024-06-03 10:00:00+08:00,67.80000305175781,68.4000015258789,67.80000305175781,68.0999984741211,203452,0.0,0.0
2024-06-03 11:00:00+08:00,68.0999984741211,68.69999694824219,67.9000015258789,68.0,189086,0.0,0.0
2024-06-03 12:00:00+08:00,68.0999984741211,68.5,68.0,68.4000015258789,139683,0.0,0.0
2024-06-03 13:00:00+08:00,68.30000305175781,68.5999984741211,68.19999694824219,68.30000305175781,157441,0.0,0.0
2024-06-04 09:00:00+08:00,68.19999694824219,72.5,68.19999694824219,72.19999694824219,1509345,0.0,0.0
2024-06-04 10:00:00+08:00,72.30000305175781,72.30000305175781,70.80000305175781,71.30000305175781,865483,0.0,0.0
2024-06-04 11:00:00+08:00,71.30000305175781,71.5,71.0,71.30000305175781,256946,0.0,0.0
2024-06-04 12:00:00+08:00,71.4000015258789,71.5,70.9000015258789,70.9000015258789,297887,0.0,0.0
2024-06-04 13:00:00+08:00,70.9000015258789,71.4000015258789,70.80000305175781,71.0999984741211,206196,0.0,0.0
2024-06-05 09:00:00+08:00,72.19999694824219,73.80000305175781,70.69999694824219,73.69999694824219,0,0.0,0.0
2024-06-05 10:00:00+08:00,73.69999694824219,74.5999984741211,73.19999694824219,74.0999984741211,2042072,0.0,0.0
2024-06-05 11:00:00+08:00,74.0999984741211,74.0999984741211,73.0,73.5999984741211,440383,0.0,0.0
2024-06-05 12:00:00+08:00,73.69999694824219,74.9000015258789,73.5999984741211,74.5999984741211,1294100,0.0,0.0
2024-06-05 13:00:00+08:00,74.69999694824219,74.9000015258789,74.5999984741211,74.69999694824219,567225,0.0,0.0
2024-06-06 09:00:00+08:00,75.0,77.9000015258789,74.0,75.69999694824219,0,0.0,0.0
2024-06-06 10:00:00+08:00,75.5999984741211,76.5,75.19999694824219,76.19999694824219,1035788,0.0,0.0
2024-06-06 11:00:00+08:00,76.19999694824219,77.4000015258789,75.0,76.80000305175781,1272057,0.0,0.0
2024-06-06 12:00:00+08:00,76.9000015258789,77.4000015258789,76.4000015258789,76.80000305175781,1404943,0.0,0.0
2024-06-06 13:00:00+08:00,76.80000305175781,77.0,76.5999984741211,76.69999694824219,443758,0.0,0.0
2024-06-07 09:00:00+08:00,76.9000015258789,77.5,76.5,77.0,0,0.0,0.0
2024-06-07 10:00:00+08:00,77.0,77.5,76.0999984741211,76.30000305175781,1129113,0.0,0.0
2024-06-07 11:00:00+08:00,76.30000305175781,76.9000015258789,76.19999694824219,76.5999984741211,219118,0.0,0.0
2024-06-07 12:00:00+08:00,76.5999984741211,76.5999984741211,75.9000015258789,76.0,447402,0.0,0.0
2024-06-07 13:00:00+08:00,76.0,76.0,75.19999694824219,76.0,630185,0.0,0.0
2024-06-11 09:00:00+08:00,76.19999694824219,77.5999984741211,75.5,76.5,0,0.0,0.0
2024-06-11 10:00:00+08:00,76.5999984741211,77.0999984741211,76.30000305175781,76.5,532092,0.0,0.0
2024-06-11 11:00:00+08:00,76.5,76.5,75.80000305175781,76.0,303671,0.0,0.0
2024-06-11 12:00:00+08:00,76.0999984741211,76.80000305175781,76.0999984741211,76.80000305175781,353392,0.0,0.0
2024-06-11 13:00:00+08:00,76.69999694824219,77.0,76.5999984741211,77.0,379385,0.0,0.0
2024-06-12 09:00:00+08:00,79.0,79.0,71.0,75.30000305175781,271729,0.0,0.0
2024-06-12 10:00:00+08:00,75.0999984741211,76.5,75.0999984741211,76.0,481328,0.0,0.0
2024-06-12 11:00:00+08:00,75.80000305175781,76.0999984741211,75.19999694824219,75.4000015258789,218623,0.0,0.0
2024-06-12 12:00:00+08:00,75.4000015258789,77.4000015258789,75.19999694824219,76.69999694824219,1035921,0.0,0.0
2024-06-12 13:00:00+08:00,76.69999694824219,77.19999694824219,76.5999984741211,77.19999694824219,594830,0.0,0.0
2024-06-13 09:00:00+08:00,77.5,77.9000015258789,76.0,77.0,0,0.0,0.0
2024-06-13 10:00:00+08:00,77.0,78.0,76.69999694824219,77.9000015258789,824368,0.0,0.0
2024-06-13 11:00:00+08:00,77.9000015258789,77.9000015258789,77.0,77.0999984741211,585559,0.0,0.0
2024-06-13 12:00:00+08:00,77.0999984741211,77.69999694824219,77.0,77.5,431539,0.0,0.0
2024-06-13 13:00:00+08:00,77.5999984741211,77.5999984741211,77.4000015258789,77.5999984741211,384603,0.0,0.0
2024-06-14 09:00:00+08:00,79.0999984741211,85.0,79.0,84.0999984741211,8519740,0.0,0.0
2024-06-14 10:00:00+08:00,84.19999694824219,85.0,83.9000015258789,85.0,5409288,0.0,0.0
2024-06-14 11:00:00+08:00,85.0,85.0,84.5999984741211,85.0,1781134,0.0,0.0
2024-06-14 12:00:00+08:00,85.0,85.0,85.0,85.0,269388,0.0,0.0
2024-06-14 13:00:00+08:00,85.0,85.0,85.0,85.0,101414,0.0,0.0
2024-06-17 09:00:00+08:00,87.0,93.5,86.5,90.9000015258789,0,0.0,0.0
2024-06-17 10:00:00+08:00,90.9000015258789,92.9000015258789,89.30000305175781,92.0999984741211,3023042,0.0,0.0
2024-06-17 11:00:00+08:00,92.30000305175781,93.30000305175781,91.0999984741211,92.9000015258789,1231916,0.0,0.0
2024-06-17 12:00:00+08:00,93.0,93.30000305175781,91.5,91.69999694824219,1129295,0.0,0.0
2024-06-17 13:00:00+08:00,91.69999694824219,93.19999694824219,91.5999984741211,93.0,666318,0.0,0.0
2024-06-18 09:00:00+08:00,91.0,95.5,90.80000305175781,93.30000305175781,0,0.0,0.0
2024-06-18 10:00:00+08:00,93.30000305175781,93.5999984741211,92.5,92.9000015258789,1157368,0.0,0.0
2024-06-18 11:00:00+08:00,92.9000015258789,92.9000015258789,91.69999694824219,92.0999984741211,1093170,0.0,0.0
2024-06-18 12:00:00+08:00,92.0,92.80000305175781,91.80000305175781,92.5999984741211,850956,0.0,0.0
2024-06-18 13:00:00+08:00,92.5999984741211,93.5,92.30000305175781,92.9000015258789,891785,0.0,0.0
2024-06-19 09:00:00+08:00,93.0,93.5999984741211,91.0,92.5999984741211,0,0.0,0.0
2024-06-19 10:00:00+08:00,92.69999694824219,95.5,92.5999984741211,95.30000305175781,3395006,0.0,0.0
2024-06-19 11:00:00+08:00,95.30000305175781,96.5,94.30000305175781,95.4000015258789,3300637,0.0,0.0
2024-06-19 12:00:00+08:00,95.4000015258789,96.0999984741211,92.80000305175781,93.5999984741211,1553150,0.0,0.0
2024-06-19 13:00:00+08:00,93.5,95.19999694824219,93.0,94.30000305175781,811405,0.0,0.0
2024-06-20 09:00:00+08:00,94.0,95.0,92.30000305175781,93.4000015258789,0,0.0,0.0
2024-06-20 10:00:00+08:00,93.4000015258789,94.0,91.69999694824219,92.0,1994987,0.0,0.0
2024-06-20 11:00:00+08:00,92.0,92.5,88.5,88.80000305175781,2609826,0.0,0.0
2024-06-20 12:00:00+08:00,88.80000305175781,90.69999694824219,88.0,90.0,2510127,0.0,0.0
2024-06-20 13:00:00+08:00,90.0,90.19999694824219,88.5,88.5,1241208,0.0,0.0
2024-06-21 09:00:00+08:00,89.5,93.69999694824219,89.5,92.0,0,0.0,0.0
2024-06-21 10:00:00+08:00,92.0,94.0999984741211,90.5999984741211,90.5999984741211,3086127,0.0,0.0
2024-06-21 11:00:00+08:00,90.69999694824219,90.9000015258789,89.80000305175781,90.19999694824219,1398265,0.0,0.0
2024-06-21 12:00:00+08:00,90.0,94.69999694824219,90.0,93.9000015258789,4515044,0.0,0.0
2024-06-21 13:00:00+08:00,94.0,97.5999984741211,94.0,97.5999984741211,5630253,0.0,0.0
2024-06-24 09:00:00+08:00,95.69999694824219,96.9000015258789,92.0,93.69999694824219,0,0.0,0.0
2024-06-24 10:00:00+08:00,93.5,93.5,88.19999694824219,89.0999984741211,7384576,0.0,0.0
2024-06-24 11:00:00+08:00,89.0999984741211,89.4000015258789,88.19999694824219,88.4000015258789,2359533,0.0,0.0
2024-06-24 12:00:00+08:00,88.4000015258789,88.9000015258789,87.9000015258789,87.9000015258789,3260780,0.0,0.0
2024-06-24 13:00:00+08:00,87.9000015258789,87.9000015258789,87.9000015258789,87.9000015258789,464326,0.0,0.0
2024-06-25 09:00:00+08:00,87.80000305175781,89.9000015258789,85.4000015258789,86.80000305175781,0,0.0,0.0
2024-06-25 10:00:00+08:00,87.0,88.30000305175781,86.0,86.69999694824219,2271684,0.0,0.0
2024-06-25 11:00:00+08:00,86.5999984741211,88.19999694824219,86.5999984741211,87.5,1251909,0.0,0.0
2024-06-25 12:00:00+08:00,87.5,87.5,87.0,87.0,1020496,0.0,0.0
2024-06-25 13:00:00+08:00,87.0,87.30000305175781,86.80000305175781,86.9000015258789,830452,0.0,0.0
2024-06-26 09:00:00+08:00,87.30000305175781,87.30000305175781,80.69999694824219,85.4000015258789,0,0.0,0.0
2024-06-26 10:00:00+08:00,85.4000015258789,85.5,83.9000015258789,84.19999694824219,1425341,0.0,0.0
2024-06-26 11:00:00+08:00,84.0999984741211,84.0999984741211,81.30000305175781,82.19999694824219,3027013,0.0,0.0
2024-06-26 12:00:00+08:00,82.19999694824219,82.30000305175781,80.9000015258789,81.0,2225383,0.0,0.0
2024-06-26 13:00:00+08:00,81.0999984741211,81.69999694824219,80.5,81.0,1497203,0.0,0.0
2024-06-27 09:00:00+08:00,77.9000015258789,78.0,73.0,74.4000015258789,0,0.0,0.0
2024-06-27 10:00:00+08:00,74.4000015258789,75.5,73.9000015258789,74.0,1392218,0.0,0.0
2024-06-27 11:00:00+08:00,74.0,74.5999984741211,73.69999694824219,74.0,1089646,0.0,0.0
2024-06-27 12:00:00+08:00,74.0,74.0999984741211,73.30000305175781,73.80000305175781,1548162,0.0,0.0
2024-06-27 13:00:00+08:00,73.69999694824219,73.80000305175781,72.9000015258789,73.0999984741211,2445318,0.0,0.0
2024-06-28 09:00:00+08:00,72.69999694824219,74.30000305175781,71.4000015258789,72.19999694824219,0,0.0,0.0
2024-06-28 10:00:00+08:00,72.19999694824219,72.9000015258789,71.9000015258789,72.0,1574016,0.0,0.0
2024-06-28 11:00:00+08:00,72.0,72.0,70.4000015258789,70.80000305175781,2528759,0.0,0.0
2024-06-28 12:00:00+08:00,70.9000015258789,71.19999694824219,70.19999694824219,70.69999694824219,1708804,0.0,0.0
2024-06-28 13:00:00+08:00,70.69999694824219,72.30000305175781,70.5999984741211,72.19999694824219,1604313,0.0,0.0
2024-07-01 09:00:00+08:00,72.9000015258789,72.9000015258789,69.80000305175781,70.0999984741211,0,0.0,0.0
2024-07-01 10:00:00+08:00,70.0,70.4000015258789,68.30000305175781,68.30000305175781,2488479,0.0,0.0
2024-07-01 11:00:00+08:00,68.30000305175781,69.30000305175781,67.4000015258789,68.69999694824219,2339639,0.0,0.0
2024-07-01 12:00:00+08:00,68.69999694824219,69.5,67.80000305175781,69.0,1702853,0.0,0.0
2024-07-01 13:00:00+08:00,69.0,69.0999984741211,67.5999984741211,67.80000305175781,1040006,0.0,0.0
2024-07-02 09:00:00+08:00,68.0999984741211,71.69999694824219,68.0999984741211,71.5,0,0.0,0.0
2024-07-02 10:00:00+08:00,71.5,72.9000015258789,71.19999694824219,72.30000305175781,2507894,0.0,0.0
2024-07-02 11:00:00+08:00,72.30000305175781,72.30000305175781,71.5,71.80000305175781,909746,0.0,0.0
2024-07-02 12:00:00+08:00,71.80000305175781,71.80000305175781,70.4000015258789,70.5999984741211,1229572,0.0,0.0
2024-07-02 13:00:00+08:00,70.69999694824219,71.0,70.4000015258789,70.5,757407,0.0,0.0
2024-07-03 09:00:00+08:00,70.4000015258789,71.9000015258789,69.19999694824219,69.5999984741211,3668051,0.0,0.0
2024-07-03 10:00:00+08:00,69.5,70.30000305175781,69.4000015258789,69.5999984741211,1156385,0.0,0.0
2024-07-03 11:00:00+08:00,69.5999984741211,70.0,69.30000305175781,70.0,862543,0.0,0.0
2024-07-03 12:00:00+08:00,70.0,71.19999694824219,69.69999694824219,70.19999694824219,1190858,0.0,0.0
2024-07-03 13:00:00+08:00,70.30000305175781,70.5999984741211,70.0999984741211,70.0999984741211,455983,0.0,0.0
2024-07-04 09:00:00+08:00,70.19999694824219,70.80000305175781,69.69999694824219,70.0,1215732,0.0,0.0
2024-07-04 10:00:00+08:00,70.0,70.0,69.4000015258789,69.5999984741211,784107,0.0,0.0
2024-07-04 11:00:00+08:00,69.5999984741211,69.80000305175781,69.4000015258789,69.5,442999,0.0,0.0
2024-07-04 12:00:00+08:00,69.5,69.5,68.0,68.30000305175781,1720921,0.0,0.0
2024-07-04 13:00:00+08:00,68.30000305175781,68.69999694824219,68.19999694824219,68.5,493669,0.0,0.0
2024-07-05 09:00:00+08:00,68.69999694824219,68.80000305175781,67.0,67.4000015258789,0,0.0,0.0
2024-07-05 10:00:00+08:00,67.30000305175781,68.0,67.0999984741211,67.30000305175781,1038183,0.0,0.0
2024-07-05 11:00:00+08:00,67.30000305175781,67.4000015258789,66.69999694824219,67.0,1464689,0.0,0.0
2024-07-05 12:00:00+08:00,67.0,67.5999984741211,66.9000015258789,67.5,439560,0.0,0.0
2024-07-05 13:00:00+08:00,67.5,67.69999694824219,67.4000015258789,67.69999694824219,703668,0.0,0.0
2024-07-08 09:00:00+08:00,67.69999694824219,67.69999694824219,61.20000076293945,62.70000076293945,1171594,0.0,0.0
2024-07-08 10:00:00+08:00,62.79999923706055,63.5,61.70000076293945,62.0,1728692,0.0,0.0
2024-07-08 11:00:00+08:00,62.0,62.5,61.5,61.599998474121094,1479797,0.0,0.0
2024-07-08 12:00:00+08:00,61.599998474121094,62.099998474121094,61.5,62.099998474121094,954537,0.0,0.0
2024-07-08 13:00:00+08:00,62.099998474121094,62.29999923706055,61.5,61.70000076293945,753143,0.0,0.0
2024-07-09 09:00:00+08:00,62.79999923706055,63.79999923706055,61.900001525878906,62.099998474121094,3635597,0.0,0.0
2024-07-09 10:00:00+08:00,62.099998474121094,63.099998474121094,61.70000076293945,62.20000076293945,889899,0.0,0.0
2024-07-09 11:00:00+08:00,62.20000076293945,62.70000076293945,62.099998474121094,62.70000076293945,300927,0.0,0.0
2024-07-09 12:00:00+08:00,62.599998474121094,62.599998474121094,62.099998474121094,62.099998474121094,365456,0.0,0.0
2024-07-09 13:00:00+08:00,62.099998474121094,62.29999923706055,62.0,62.20000076293945,433298,0.0,0.0
2024-07-10 09:00:00+08:00,62.400001525878906,66.69999694824219,62.099998474121094,66.0999984741211,3506908,0.0,0.0
2024-07-10 10:00:00+08:00,66.0999984741211,66.5,65.5999984741211,66.0,1537601,0.0,0.0
2024-07-10 11:00:00+08:00,66.0999984741211,66.4000015258789,65.80000305175781,66.0,750277,0.0,0.0
2024-07-10 12:00:00+08:00,66.0,68.30000305175781,65.5999984741211,68.30000305175781,3841004,0.0,0.0
2024-07-10 13:00:00+08:00,68.30000305175781,68.30000305175781,68.30000305175781,68.30000305175781,679343,0.0,0.0
2024-07-11 09:00:00+08:00,67.80000305175781,69.0999984741211,66.30000305175781,66.30000305175781,3831750,0.0,0.0
2024-07-11 10:00:00+08:00,66.30000305175781,67.0999984741211,66.30000305175781,66.5,483008,0.0,0.0
2024-07-11 11:00:00+08:00,66.5,67.0,66.30000305175781,66.9000015258789,354970,0.0,0.0
2024-07-11 12:00:00+08:00,66.9000015258789,66.9000015258789,66.19999694824219,66.19999694824219,563594,0.0,0.0
2024-07-11 13:00:00+08:00,66.19999694824219,67.0999984741211,66.19999694824219,66.4000015258789,597260,0.0,0.0
2024-07-12 09:00:00+08:00,65.5999984741211,67.4000015258789,65.19999694824219,66.5999984741211,1259141,0.0,0.0
2024-07-12 10:00:00+08:00,66.69999694824219,67.4000015258789,66.5,67.0,394134,0.0,0.0
2024-07-12 11:00:00+08:00,67.0,67.19999694824219,66.80000305175781,66.80000305175781,231342,0.0,0.0
2024-07-12 12:00:00+08:00,66.9000015258789,67.5999984741211,66.19999694824219,66.4000015258789,801391,0.0,0.0
2024-07-12 13:00:00+08:00,66.4000015258789,66.69999694824219,66.19999694824219,66.19999694824219,271621,0.0,0.0
2024-07-15 09:00:00+08:00,66.80000305175781,69.0,66.0,68.30000305175781,0,0.0,0.0
2024-07-15 10:00:00+08:00,68.19999694824219,68.80000305175781,67.80000305175781,68.5,697463,0.0,0.0
2024-07-15 11:00:00+08:00,68.5,68.69999694824219,68.30000305175781,68.5,532129,0.0,0.0
2024-07-15 12:00:00+08:00,68.5,69.0,67.5999984741211,67.9000015258789,1211242,0.0,0.0
2024-07-15 13:00:00+08:00,67.80000305175781,67.9000015258789,67.5999984741211,67.9000015258789,298763,0.0,0.0
2024-07-16 09:00:00+08:00,68.5,68.69999694824219,67.69999694824219,68.0,1223928,0.0,0.0
2024-07-16 10:00:00+08:00,68.0,68.0999984741211,67.5,67.5999984741211,475844,0.0,0.0
2024-07-16 11:00:00+08:00,67.69999694824219,68.19999694824219,67.5,67.5999984741211,313824,0.0,0.0
2024-07-16 12:00:00+08:00,67.5999984741211,68.30000305175781,67.5999984741211,67.9000015258789,413002,0.0,0.0
2024-07-16 13:00:00+08:00,67.80000305175781,68.0,67.69999694824219,67.9000015258789,220432,0.0,0.0
2024-07-17 09:00:00+08:00,68.0,68.19999694824219,67.30000305175781,67.5999984741211,681194,0.0,0.0
2024-07-17 10:00:00+08:00,67.5999984741211,67.9000015258789,67.4000015258789,67.5,266090,0.0,0.0
2024-07-17 11:00:00+08:00,67.5,68.30000305175781,67.4000015258789,67.9000015258789,386210,0.0,0.0
2024-07-17 12:00:00+08:00,67.9000015258789,68.0999984741211,67.5,67.5,312990,0.0,0.0
2024-07-17 13:00:00+08:00,67.5,67.69999694824219,67.5,67.5999984741211,369196,0.0,0.0
2024-07-18 09:00:00+08:00,60.900001525878906,60.900001525878906,60.900001525878906,60.900001525878906,2591312,0.0,0.0
2024-07-18 10:00:00+08:00,60.900001525878906,60.900001525878906,60.900001525878906,60.900001525878906,322169,0.0,0.0
2024-07-18 11:00:00+08:00,60.900001525878906,60.900001525878906,60.900001525878906,60.900001525878906,192354,0.0,0.0
2024-07-18 12:00:00+08:00,60.900001525878906,60.900001525878906,60.900001525878906,60.900001525878906,185326,0.0,0.0
2024-07-18 13:00:00+08:00,60.900001525878906,60.900001525878906,60.900001525878906,60.900001525878906,126049,0.0,0.0
2024-07-19 09:00:00+08:00,54.900001525878906,54.900001525878906,54.900001525878906,54.900001525878906,1118117,0.0,0.0
2024-07-19 10:00:00+08:00,54.900001525878906,54.900001525878906,54.900001525878906,54.900001525878906,118777,0.0,0.0
2024-07-19 11:00:00+08:00,54.900001525878906,54.900001525878906,54.900001525878906,54.900001525878906,60203,0.0,0.0
2024-07-19 12:00:00+08:00,54.900001525878906,54.900001525878906,54.900001525878906,54.900001525878906,52018,0.0,0.0
2024-07-19 13:00:00+08:00,54.900001525878906,54.900001525878906,54.900001525878906,54.900001525878906,35423,0.0,0.0
2024-07-22 09:00:00+08:00,49.45000076293945,49.45000076293945,49.45000076293945,49.45000076293945,185,0.0,0.0
2024-07-22 10:00:00+08:00,49.45000076293945,49.45000076293945,49.45000076293945,49.45000076293945,60412,0.0,0.0
2024-07-22 11:00:00+08:00,49.45000076293945,49.45000076293945,49.45000076293945,49.45000076293945,51431,0.0,0.0
2024-07-22 12:00:00+08:00,49.45000076293945,49.45000076293945,49.45000076293945,49.45000076293945,51913,0.0,0.0
2024-07-22 13:00:00+08:00,49.45000076293945,49.45000076293945,49.45000076293945,49.45000076293945,41009,0.0,0.0
2024-07-23 09:00:00+08:00,48.95000076293945,50.5,46.20000076293945,47.54999923706055,10554015,0.0,0.0
2024-07-23 10:00:00+08:00,47.54999923706055,48.849998474121094,46.900001525878906,47.349998474121094,2551779,0.0,0.0
2024-07-23 11:00:00+08:00,47.349998474121094,47.599998474121094,46.900001525878906,47.0,679668,0.0,0.0
2024-07-23 12:00:00+08:00,47.0,47.29999923706055,46.599998474121094,46.650001525878906,921068,0.0,0.0
2024-07-23 13:00:00+08:00,46.70000076293945,46.900001525878906,46.599998474121094,46.70000076293945,888009,0.0,0.0
2024-07-26 09:00:00+08:00,46.0,46.04999923706055,43.599998474121094,44.5,0,0.0,0.0
2024-07-26 10:00:00+08:00,44.54999923706055,45.650001525878906,44.5,45.20000076293945,814819,0.0,0.0
2024-07-26 11:00:00+08:00,45.25,45.400001525878906,44.900001525878906,44.900001525878906,300828,0.0,0.0
2024-07-26 12:00:00+08:00,44.900001525878906,44.95000076293945,44.75,44.849998474121094,406719,0.0,0.0
2024-07-26 13:00:00+08:00,44.849998474121094,44.900001525878906,44.599998474121094,44.70000076293945,427446,0.0,0.0
2024-07-29 09:00:00+08:00,46.599998474121094,46.599998474121094,45.0,45.25,0,0.0,0.0
2024-07-29 10:00:00+08:00,45.25,45.29999923706055,43.650001525878906,44.099998474121094,1002903,0.0,0.0
2024-07-29 11:00:00+08:00,44.04999923706055,44.5,43.79999923706055,43.95000076293945,338602,0.0,0.0
2024-07-29 12:00:00+08:00,43.900001525878906,44.650001525878906,43.70000076293945,44.400001525878906,503181,0.0,0.0
2024-07-29 13:00:00+08:00,44.400001525878906,44.54999923706055,44.0,44.0,377556,0.0,0.0
2024-07-30 09:00:00+08:00,44.95000076293945,44.95000076293945,44.349998474121094,44.400001525878906,226912,0.0,0.0
2024-07-30 10:00:00+08:00,44.45000076293945,44.5,43.400001525878906,43.5,285282,0.0,0.0
2024-07-30 11:00:00+08:00,43.45000076293945,43.70000076293945,43.45000076293945,43.70000076293945,192438,0.0,0.0
2024-07-30 12:00:00+08:00,43.599998474121094,44.20000076293945,43.599998474121094,44.099998474121094,297035,0.0,0.0
2024-07-30 13:00:00+08:00,44.20000076293945,44.70000076293945,44.20000076293945,44.599998474121094,151056,0.0,0.0
2024-07-31 09:00:00+08:00,45.29999923706055,46.900001525878906,45.29999923706055,46.25,426765,0.0,0.0
2024-07-31 10:00:00+08:00,46.400001525878906,46.900001525878906,46.400001525878906,46.75,232850,0.0,0.0
2024-07-31 11:00:00+08:00,46.70000076293945,46.70000076293945,46.25,46.349998474121094,124916,0.0,0.0
2024-07-31 12:00:00+08:00,46.400001525878906,46.849998474121094,46.349998474121094,46.849998474121094,145740,0.0,0.0
2024-07-31 13:00:00+08:00,46.900001525878906,47.25,46.900001525878906,47.25,131136,0.0,0.0
2024-08-01 09:00:00+08:00,48.400001525878906,48.54999923706055,47.75,47.849998474121094,509843,0.0,0.0
2024-08-01 10:00:00+08:00,47.70000076293945,47.70000076293945,47.29999923706055,47.400001525878906,181390,0.0,0.0
2024-08-01 11:00:00+08:00,47.54999923706055,48.04999923706055,47.54999923706055,48.04999923706055,160928,0.0,0.0
2024-08-01 12:00:00+08:00,48.20000076293945,48.650001525878906,48.20000076293945,48.20000076293945,219422,0.0,0.0
2024-08-01 13:00:00+08:00,48.25,48.599998474121094,48.25,48.599998474121094,93322,0.0,0.0
2024-08-02 09:00:00+08:00,48.0,48.400001525878906,47.400001525878906,47.95000076293945,279960,0.0,0.0
2024-08-02 10:00:00+08:00,47.95000076293945,47.95000076293945,47.20000076293945,47.400001525878906,219584,0.0,0.0
2024-08-02 11:00:00+08:00,47.349998474121094,47.45000076293945,47.04999923706055,47.349998474121094,135986,0.0,0.0
2024-08-02 12:00:00+08:00,47.400001525878906,47.400001525878906,46.95000076293945,46.95000076293945,115137,0.0,0.0
2024-08-02 13:00:00+08:00,46.79999923706055,46.79999923706055,46.599998474121094,46.599998474121094,106179,0.0,0.0
2024-08-05 09:00:00+08:00,43.900001525878906,43.900001525878906,41.849998474121094,41.849998474121094,0,0.0,0.0
2024-08-05 10:00:00+08:00,41.849998474121094,41.849998474121094,41.849998474121094,41.849998474121094,56652,0.0,0.0
2024-08-05 11:00:00+08:00,41.849998474121094,41.849998474121094,41.849998474121094,41.849998474121094,24193,0.0,0.0
2024-08-05 12:00:00+08:00,41.849998474121094,41.849998474121094,41.849998474121094,41.849998474121094,36131,0.0,0.0
2024-08-05 13:00:00+08:00,41.849998474121094,41.849998474121094,41.849998474121094,41.849998474121094,21221,0.0,0.0
2024-08-06 09:00:00+08:00,41.599998474121094,41.599998474121094,37.70000076293945,37.70000076293945,793555,0.0,0.0
2024-08-06 10:00:00+08:00,37.70000076293945,37.70000076293945,37.70000076293945,37.70000076293945,76870,0.0,0.0
2024-08-06 11:00:00+08:00,37.70000076293945,40.29999923706055,37.70000076293945,40.29999923706055,771733,0.0,0.0
2024-08-06 12:00:00+08:00,39.95000076293945,39.95000076293945,39.0,39.849998474121094,281852,0.0,0.0
2024-08-06 13:00:00+08:00,39.849998474121094,39.849998474121094,39.5,39.5,96616,0.0,0.0
2024-08-07 09:00:00+08:00,38.70000076293945,41.20000076293945,38.70000076293945,40.900001525878906,826070,0.0,0.0
2024-08-07 10:00:00+08:00,41.20000076293945,41.29999923706055,40.45000076293945,40.75,319231,0.0,0.0
2024-08-07 11:00:00+08:00,40.70000076293945,40.70000076293945,40.5,40.5,135780,0.0,0.0
2024-08-07 12:00:00+08:00,40.54999923706055,42.54999923706055,40.54999923706055,42.54999923706055,311556,0.0,0.0
2024-08-07 13:00:00+08:00,42.54999923706055,42.54999923706055,42.5,42.5,111985,0.0,0.0
2024-08-08 09:00:00+08:00,42.0,42.5,41.0,41.0,468185,0.0,0.0
2024-08-08 10:00:00+08:00,41.20000076293945,42.0,41.20000076293945,41.54999923706055,127833,0.0,0.0
2024-08-08 11:00:00+08:00,41.599998474121094,41.599998474121094,41.54999923706055,41.54999923706055,71336,0.0,0.0
2024-08-08 12:00:00+08:00,41.5,41.5,41.0,41.04999923706055,180924,0.0,0.0
2024-08-08 13:00:00+08:00,41.29999923706055,41.29999923706055,41.099998474121094,41.099998474121094,31114,0.0,0.0
2024-08-09 09:00:00+08:00,42.75,42.75,41.54999923706055,41.849998474121094,261464,0.0,0.0
2024-08-09 10:00:00+08:00,42.0,42.099998474121094,41.900001525878906,41.900001525878906,177708,0.0,0.0
2024-08-09 11:00:00+08:00,41.650001525878906,42.0,41.650001525878906,41.849998474121094,124492,0.0,0.0
2024-08-09 12:00:00+08:00,42.099998474121094,42.599998474121094,42.099998474121094,42.20000076293945,107963,0.0,0.0
2024-08-09 13:00:00+08:00,42.04999923706055,42.04999923706055,41.79999923706055,41.79999923706055,84445,0.0,0.0
2024-08-12 09:00:00+08:00,43.0,43.849998474121094,42.5,43.400001525878906,0,0.0,0.0
2024-08-12 10:00:00+08:00,43.29999923706055,43.75,43.29999923706055,43.5,126238,0.0,0.0
2024-08-12 11:00:00+08:00,43.45000076293945,43.650001525878906,43.400001525878906,43.650001525878906,69250,0.0,0.0
2024-08-12 12:00:00+08:00,43.70000076293945,44.650001525878906,43.5,44.29999923706055,186993,0.0,0.0
2024-08-12 13:00:00+08:00,44.099998474121094,44.25,44.099998474121094,44.25,75644,0.0,0.0
2024-08-13 09:00:00+08:00,46.25,47.849998474121094,45.099998474121094,45.20000076293945,1673719,0.0,0.0
2024-08-13 10:00:00+08:00,45.25,45.400001525878906,44.70000076293945,44.79999923706055,497807,0.0,0.0
2024-08-13 11:00:00+08:00,44.75,45.45000076293945,44.650001525878906,45.20000076293945,308914,0.0,0.0
2024-08-13 12:00:00+08:00,45.20000076293945,45.400001525878906,45.0,45.400001525878906,160957,0.0,0.0
2024-08-13 13:00:00+08:00,45.400001525878906,46.25,45.400001525878906,46.20000076293945,329730,0.0,0.0
2024-08-14 09:00:00+08:00,46.25,46.400001525878906,45.650001525878906,45.79999923706055,509935,0.0,0.0
2024-08-14 10:00:00+08:00,45.75,45.75,44.20000076293945,44.650001525878906,470658,0.0,0.0
2024-08-14 11:00:00+08:00,44.599998474121094,44.79999923706055,44.400001525878906,44.75,110754,0.0,0.0
2024-08-14 12:00:00+08:00,44.70000076293945,44.70000076293945,44.349998474121094,44.45000076293945,144388,0.0,0.0
2024-08-14 13:00:00+08:00,44.400001525878906,44.400001525878906,44.20000076293945,44.25,189897,0.0,0.0
2024-08-15 09:00:00+08:00,44.20000076293945,44.849998474121094,43.25,44.04999923706055,455771,0.0,0.0
2024-08-15 10:00:00+08:00,44.25,44.29999923706055,43.29999923706055,44.099998474121094,178108,0.0,0.0
2024-08-15 11:00:00+08:00,44.20000076293945,44.25,43.79999923706055,43.849998474121094,126239,0.0,0.0
2024-08-15 12:00:00+08:00,44.0,44.04999923706055,43.599998474121094,43.75,102926,0.0,0.0
2024-08-15 13:00:00+08:00,43.75,44.0,43.75,43.79999923706055,67321,0.0,0.0
2024-08-16 09:00:00+08:00,44.849998474121094,44.95000076293945,44.45000076293945,44.650001525878906,374045,0.0,0.0
2024-08-16 10:00:00+08:00,44.650001525878906,45.29999923706055,44.599998474121094,45.099998474121094,280552,0.0,0.0
2024-08-16 11:00:00+08:00,45.099998474121094,45.099998474121094,44.79999923706055,44.900001525878906,102309,0.0,0.0
2024-08-16 12:00:00+08:00,44.900001525878906,44.900001525878906,44.70000076293945,44.70000076293945,78932,0.0,0.0
2024-08-16 13:00:00+08:00,44.70000076293945,44.70000076293945,44.349998474121094,44.349998474121094,136713,0.0,0.0
2024-08-19 09:00:00+08:00,44.95000076293945,45.900001525878906,44.20000076293945,45.75,517855,0.0,0.0
2024-08-19 10:00:00+08:00,45.75,46.45000076293945,45.70000076293945,46.04999923706055,537620,0.0,0.0
2024-08-19 11:00:00+08:00,46.0,46.29999923706055,45.849998474121094,45.95000076293945,192310,0.0,0.0
2024-08-19 12:00:00+08:00,46.0,46.0,45.5,45.5,188254,0.0,0.0
2024-08-19 13:00:00+08:00,45.5,45.599998474121094,45.5,45.5,68050,0.0,0.0
2024-08-20 09:00:00+08:00,45.79999923706055,47.150001525878906,45.79999923706055,46.599998474121094,745877,0.0,0.0
2024-08-20 10:00:00+08:00,46.599998474121094,46.95000076293945,46.20000076293945,46.400001525878906,315689,0.0,0.0
2024-08-20 11:00:00+08:00,46.29999923706055,46.29999923706055,45.900001525878906,46.0,190195,0.0,0.0
2024-08-20 12:00:00+08:00,45.95000076293945,46.099998474121094,45.70000076293945,45.75,139851,0.0,0.0
2024-08-20 13:00:00+08:00,45.70000076293945,45.75,45.349998474121094,45.54999923706055,185981,0.0,0.0
2024-08-21 09:00:00+08:00,45.400001525878906,45.5,44.25,45.20000076293945,435949,0.0,0.0
2024-08-21 10:00:00+08:00,45.25,45.45000076293945,44.95000076293945,45.0,119830,0.0,0.0
2024-08-21 11:00:00+08:00,45.0,45.599998474121094,44.599998474121094,44.70000076293945,130300,0.0,0.0
2024-08-21 12:00:00+08:00,44.650001525878906,45.0,44.599998474121094,44.599998474121094,85870,0.0,0.0
2024-08-21 13:00:00+08:00,44.599998474121094,44.70000076293945,44.5,44.599998474121094,128551,0.0,0.0
2024-08-22 09:00:00+08:00,44.54999923706055,45.0,44.25,44.54999923706055,318603,0.0,0.0
2024-08-22 10:00:00+08:00,44.54999923706055,44.650001525878906,44.20000076293945,44.54999923706055,142871,0.0,0.0
2024-08-22 11:00:00+08:00,44.54999923706055,44.599998474121094,44.400001525878906,44.5,68231,0.0,0.0
2024-08-22 12:00:00+08:00,44.54999923706055,45.599998474121094,44.400001525878906,44.79999923706055,482571,0.0,0.0
2024-08-22 13:00:00+08:00,44.79999923706055,45.150001525878906,44.70000076293945,45.099998474121094,168338,0.0,0.0
2024-08-23 09:00:00+08:00,44.900001525878906,44.900001525878906,43.0,43.099998474121094,894226,0.0,0.0
2024-08-23 10:00:00+08:00,43.099998474121094,43.29999923706055,42.25,42.599998474121094,498276,0.0,0.0
2024-08-23 11:00:00+08:00,42.650001525878906,42.900001525878906,42.099998474121094,42.849998474121094,330340,0.0,0.0
2024-08-23 12:00:00+08:00,42.849998474121094,43.0,42.400001525878906,42.5,398238,0.0,0.0
2024-08-23 13:00:00+08:00,42.45000076293945,42.79999923706055,42.400001525878906,42.70000076293945,187367,0.0,0.0
2024-08-26 09:00:00+08:00,42.650001525878906,44.25,42.650001525878906,43.599998474121094,0,0.0,0.0
2024-08-26 10:00:00+08:00,43.54999923706055,43.650001525878906,42.849998474121094,42.849998474121094,183864,0.0,0.0
2024-08-26 11:00:00+08:00,42.900001525878906,43.29999923706055,42.849998474121094,43.0,69360,0.0,0.0
2024-08-26 12:00:00+08:00,42.95000076293945,43.0,42.849998474121094,42.900001525878906,119673,0.0,0.0
2024-08-26 13:00:00+08:00,42.849998474121094,42.95000076293945,42.650001525878906,42.79999923706055,146508,0.0,0.0
2024-08-27 09:00:00+08:00,43.0,43.04999923706055,42.45000076293945,42.95000076293945,358160,0.0,0.0
2024-08-27 10:00:00+08:00,43.0,43.099998474121094,42.70000076293945,42.70000076293945,161851,0.0,0.0
2024-08-27 11:00:00+08:00,42.75,42.849998474121094,42.45000076293945,42.849998474121094,171964,0.0,0.0
2024-08-27 12:00:00+08:00,42.900001525878906,42.900001525878906,42.70000076293945,42.900001525878906,99074,0.0,0.0
2024-08-27 13:00:00+08:00,42.849998474121094,43.099998474121094,42.849998474121094,43.0,229214,0.0,0.0
2024-08-28 09:00:00+08:00,43.45000076293945,43.54999923706055,42.70000076293945,42.79999923706055,199515,0.0,0.0
2024-08-28 10:00:00+08:00,42.75,42.75,42.29999923706055,42.650001525878906,213750,0.0,0.0
2024-08-28 11:00:00+08:00,42.54999923706055,42.650001525878906,42.54999923706055,42.599998474121094,53936,0.0,0.0
2024-08-28 12:00:00+08:00,42.599998474121094,42.70000076293945,42.54999923706055,42.599998474121094,75413,0.0,0.0
2024-08-28 13:00:00+08:00,42.599998474121094,42.599998474121094,42.5,42.5,81997,0.0,0.0
2024-08-29 09:00:00+08:00,42.45000076293945,44.04999923706055,42.29999923706055,43.849998474121094,227414,0.0,0.0
2024-08-29 10:00:00+08:00,43.79999923706055,46.650001525878906,43.79999923706055,46.650001525878906,3330005,0.0,0.0
2024-08-29 11:00:00+08:00,46.650001525878906,46.650001525878906,46.650001525878906,46.650001525878906,100753,0.0,0.0
2024-08-29 12:00:00+08:00,46.650001525878906,46.650001525878906,46.650001525878906,46.650001525878906,77986,0.0,0.0
2024-08-29 13:00:00+08:00,46.650001525878906,46.650001525878906,46.099998474121094,46.54999923706055,972415,0.0,0.0
2024-08-30 09:00:00+08:00,46.79999923706055,49.650001525878906,46.20000076293945,47.400001525878906,6909056,0.0,0.0
2024-08-30 10:00:00+08:00,47.349998474121094,48.79999923706055,46.650001525878906,48.75,2172258,0.0,0.0
2024-08-30 11:00:00+08:00,48.75,48.75,47.650001525878906,47.650001525878906,792826,0.0,0.0
2024-08-30 12:00:00+08:00,47.650001525878906,47.79999923706055,47.5,47.75,416977,0.0,0.0
2024-08-30 13:00:00+08:00,47.70000076293945,47.75,47.29999923706055,47.45000076293945,827115,0.0,0.0
2024-09-02 09:00:00+08:00,47.650001525878906,50.099998474121094,46.650001525878906,46.849998474121094,0,0.0,0.0
2024-09-02 10:00:00+08:00,46.79999923706055,46.900001525878906,46.5,46.650001525878906,308847,0.0,0.0
2024-09-02 11:00:00+08:00,46.650001525878906,46.70000076293945,45.349998474121094,45.650001525878906,935105,0.0,0.0
2024-09-02 12:00:00+08:00,45.54999923706055,45.75,45.45000076293945,45.599998474121094,224502,0.0,0.0
2024-09-02 13:00:00+08:00,45.599998474121094,45.75,45.400001525878906,45.400001525878906,381786,0.0,0.0
2024-09-03 09:00:00+08:00,45.5,45.849998474121094,45.20000076293945,45.54999923706055,0,0.0,0.0
2024-09-03 10:00:00+08:00,45.54999923706055,45.70000076293945,44.54999923706055,44.849998474121094,200603,0.0,0.0
2024-09-03 11:00:00+08:00,44.849998474121094,46.04999923706055,44.599998474121094,45.79999923706055,261456,0.0,0.0
2024-09-03 12:00:00+08:00,45.849998474121094,46.099998474121094,45.5,45.599998474121094,180924,0.0,0.0
2024-09-03 13:00:00+08:00,45.54999923706055,45.650001525878906,45.29999923706055,45.599998474121094,83242,0.0,0.0
2024-09-04 09:00:00+08:00,42.900001525878906,43.25,41.45000076293945,43.04999923706055,984099,0.0,0.0
2024-09-04 10:00:00+08:00,43.0,43.099998474121094,42.54999923706055,42.54999923706055,245064,0.0,0.0
2024-09-04 11:00:00+08:00,42.54999923706055,42.849998474121094,42.45000076293945,42.5,243759,0.0,0.0
2024-09-04 12:00:00+08:00,42.599998474121094,43.150001525878906,42.45000076293945,42.650001525878906,203900,0.0,0.0
2024-09-04 13:00:00+08:00,42.75,42.75,42.349998474121094,42.400001525878906,226011,0.0,0.0
2024-09-05 09:00:00+08:00,43.0,43.349998474121094,42.54999923706055,43.099998474121094,320688,0.0,0.0
2024-09-05 10:00:00+08:00,43.04999923706055,43.20000076293945,42.70000076293945,43.0,159859,0.0,0.0
2024-09-05 11:00:00+08:00,42.849998474121094,42.849998474121094,42.099998474121094,42.20000076293945,177137,0.0,0.0
2024-09-05 12:00:00+08:00,42.20000076293945,42.400001525878906,42.099998474121094,42.29999923706055,188993,0.0,0.0
2024-09-05 13:00:00+08:00,42.29999923706055,42.29999923706055,42.099998474121094,42.099998474121094,121058,0.0,0.0
2024-09-06 09:00:00+08:00,42.20000076293945,42.45000076293945,41.54999923706055,42.25,158820,0.0,0.0
2024-09-06 10:00:00+08:00,42.150001525878906,42.20000076293945,41.150001525878906,41.599998474121094,367244,0.0,0.0
2024-09-06 11:00:00+08:00,41.70000076293945,41.75,41.150001525878906,41.150001525878906,113070,0.0,0.0
2024-09-06 12:00:00+08:00,41.20000076293945,41.650001525878906,41.150001525878906,41.599998474121094,105014,0.0,0.0
2024-09-06 13:00:00+08:00,41.70000076293945,41.849998474121094,41.599998474121094,41.70000076293945,65484,0.0,0.0
2024-09-09 09:00:00+08:00,40.20000076293945,41.349998474121094,40.150001525878906,41.349998474121094,536444,0.0,0.0
2024-09-09 10:00:00+08:00,41.20000076293945,41.349998474121094,40.900001525878906,41.29999923706055,97458,0.0,0.0
2024-09-09 11:00:00+08:00,41.29999923706055,41.79999923706055,41.099998474121094,41.54999923706055,110705,0.0,0.0
2024-09-09 12:00:00+08:00,41.54999923706055,42.650001525878906,41.5,42.150001525878906,174861,0.0,0.0
2024-09-09 13:00:00+08:00,42.150001525878906,42.25,42.0,42.20000076293945,69326,0.0,0.0
2024-09-10 09:00:00+08:00,42.5,43.5,41.95000076293945,42.150001525878906,334550,0.0,0.0
2024-09-10 10:00:00+08:00,42.099998474121094,42.150001525878906,41.849998474121094,42.04999923706055,98899,0.0,0.0
2024-09-10 11:00:00+08:00,42.04999923706055,42.099998474121094,41.650001525878906,41.70000076293945,150269,0.0,0.0
2024-09-10 12:00:00+08:00,41.75,41.75,41.0,41.150001525878906,347736,0.0,0.0
2024-09-10 13:00:00+08:00,41.150001525878906,41.29999923706055,41.0,41.20000076293945,183285,0.0,0.0
2024-09-11 09:00:00+08:00,41.400001525878906,42.75,41.099998474121094,41.79999923706055,397207,0.0,0.0
2024-09-11 10:00:00+08:00,41.79999923706055,42.25,41.54999923706055,42.0,231067,0.0,0.0
2024-09-11 11:00:00+08:00,42.0,42.150001525878906,41.70000076293945,42.04999923706055,335343,0.0,0.0
2024-09-11 12:00:00+08:00,42.150001525878906,42.25,41.900001525878906,42.20000076293945,133451,0.0,0.0
2024-09-11 13:00:00+08:00,42.25,42.349998474121094,42.099998474121094,42.349998474121094,118749,0.0,0.0
2024-09-12 09:00:00+08:00,42.79999923706055,43.0,42.54999923706055,42.599998474121094,192920,0.0,0.0
2024-09-12 10:00:00+08:00,42.70000076293945,42.75,42.5,42.5,74531,0.0,0.0
2024-09-12 11:00:00+08:00,42.5,42.54999923706055,42.349998474121094,42.349998474121094,78432,0.0,0.0
2024-09-12 12:00:00+08:00,42.400001525878906,42.400001525878906,42.25,42.349998474121094,89016,0.0,0.0
2024-09-12 13:00:00+08:00,42.349998474121094,42.5,42.25,42.5,26027,0.0,0.0
2024-09-13 09:00:00+08:00,42.75,42.95000076293945,42.400001525878906,42.400001525878906,204914,0.0,0.0
2024-09-13 10:00:00+08:00,42.349998474121094,42.54999923706055,42.25,42.349998474121094,102339,0.0,0.0
2024-09-13 11:00:00+08:00,42.349998474121094,42.5,42.25,42.5,94210,0.0,0.0
2024-09-13 12:00:00+08:00,42.54999923706055,42.75,42.5,42.70000076293945,86068,0.0,0.0
2024-09-13 13:00:00+08:00,42.75,42.75,42.54999923706055,42.54999923706055,55373,0.0,0.0
2024-09-16 09:00:00+08:00,42.900001525878906,45.5,42.900001525878906,45.5,1900456,0.0,0.0
2024-09-16 10:00:00+08:00,45.54999923706055,46.599998474121094,45.150001525878906,45.400001525878906,960439,0.0,0.0
2024-09-16 11:00:00+08:00,45.349998474121094,46.20000076293945,45.25,45.70000076293945,398751,0.0,0.0
2024-09-16 12:00:00+08:00,45.650001525878906,45.650001525878906,45.20000076293945,45.29999923706055,215164,0.0,0.0
2024-09-16 13:00:00+08:00,45.400001525878906,45.599998474121094,45.25,45.5,166430,0.0,0.0
2024-09-18 09:00:00+08:00,45.099998474121094,45.25,44.25,44.75,0,0.0,0.0
2024-09-18 10:00:00+08:00,44.79999923706055,44.79999923706055,44.45000076293945,44.45000076293945,167864,0.0,0.0
2024-09-18 11:00:00+08:00,44.54999923706055,44.54999923706055,44.29999923706055,44.45000076293945,105830,0.0,0.0
2024-09-18 12:00:00+08:00,44.45000076293945,44.45000076293945,44.04999923706055,44.099998474121094,153492,0.0,0.0
2024-09-18 13:00:00+08:00,44.150001525878906,44.400001525878906,43.900001525878906,44.0,168302,0.0,0.0
2024-09-19 09:00:00+08:00,44.0,44.45000076293945,43.5,43.849998474121094,228659,0.0,0.0
2024-09-19 10:00:00+08:00,43.900001525878906,44.349998474121094,43.75,43.79999923706055,171209,0.0,0.0
2024-09-19 11:00:00+08:00,43.79999923706055,43.900001525878906,43.599998474121094,43.75,63180,0.0,0.0
2024-09-19 12:00:00+08:00,43.79999923706055,44.099998474121094,43.79999923706055,44.0,90361,0.0,0.0
2024-09-19 13:00:00+08:00,44.150001525878906,44.54999923706055,44.150001525878906,44.400001525878906,121693,0.0,0.0
2024-09-20 09:00:00+08:00,44.849998474121094,45.5,44.150001525878906,44.150001525878906,368564,0.0,0.0
2024-09-20 10:00:00+08:00,44.150001525878906,44.25,43.5,43.849998474121094,209639,0.0,0.0
2024-09-20 11:00:00+08:00,43.900001525878906,44.0,43.70000076293945,44.0,80052,0.0,0.0
2024-09-20 12:00:00+08:00,44.0,44.25,43.900001525878906,44.04999923706055,99558,0.0,0.0
2024-09-20 13:00:00+08:00,43.95000076293945,44.099998474121094,43.599998474121094,43.650001525878906,99215,0.0,0.0
2024-09-23 09:00:00+08:00,43.75,43.849998474121094,43.29999923706055,43.849998474121094,0,0.0,0.0
2024-09-23 10:00:00+08:00,43.849998474121094,43.849998474121094,43.349998474121094,43.5,118702,0.0,0.0
2024-09-23 11:00:00+08:00,43.45000076293945,43.5,43.45000076293945,43.45000076293945,43446,0.0,0.0
2024-09-23 12:00:00+08:00,43.45000076293945,43.5,43.29999923706055,43.45000076293945,62027,0.0,0.0
2024-09-23 13:00:00+08:00,43.400001525878906,43.45000076293945,43.349998474121094,43.349998474121094,47318,0.0,0.0
2024-09-24 09:00:00+08:00,42.650001525878906,43.29999923706055,42.5,42.70000076293945,0,0.0,0.0
2024-09-24 10:00:00+08:00,42.599998474121094,42.650001525878906,42.29999923706055,42.5,197799,0.0,0.0
2024-09-24 11:00:00+08:00,42.5,42.599998474121094,42.29999923706055,42.54999923706055,129049,0.0,0.0
2024-09-24 12:00:00+08:00,42.54999923706055,42.70000076293945,42.29999923706055,42.5,125690,0.0,0.0
2024-09-24 13:00:00+08:00,42.349998474121094,42.5,42.29999923706055,42.5,111853,0.0,0.0
2024-09-25 09:00:00+08:00,42.349998474121094,43.04999923706055,42.349998474121094,42.75,360046,0.0,0.0
2024-09-25 10:00:00+08:00,42.75,42.79999923706055,42.29999923706055,42.5,222897,0.0,0.0
2024-09-25 11:00:00+08:00,42.5,42.54999923706055,42.29999923706055,42.29999923706055,104751,0.0,0.0
2024-09-25 12:00:00+08:00,42.29999923706055,42.45000076293945,42.25,42.25,90538,0.0,0.0
2024-09-25 13:00:00+08:00,42.25,42.45000076293945,42.20000076293945,42.400001525878906,80164,0.0,0.0
2024-09-26 09:00:00+08:00,42.25,45.70000076293945,42.25,44.599998474121094,1543824,0.0,0.0
2024-09-26 10:00:00+08:00,44.650001525878906,44.650001525878906,43.75,44.0,532687,0.0,0.0
2024-09-26 11:00:00+08:00,44.0,44.25,43.900001525878906,44.04999923706055,172243,0.0,0.0
2024-09-26 12:00:00+08:00,44.04999923706055,44.04999923706055,43.099998474121094,43.20000076293945,343128,0.0,0.0
2024-09-26 13:00:00+08:00,43.349998474121094,43.5,43.150001525878906,43.400001525878906,140916,0.0,0.0
2024-09-27 09:00:00+08:00,43.5,45.099998474121094,43.5,44.400001525878906,0,0.0,0.0
2024-09-27 10:00:00+08:00,44.349998474121094,44.400001525878906,43.54999923706055,43.75,415412,0.0,0.0
2024-09-27 11:00:00+08:00,43.75,43.849998474121094,43.650001525878906,43.650001525878906,130200,0.0,0.0
2024-09-27 12:00:00+08:00,43.599998474121094,43.75,43.400001525878906,43.650001525878906,256902,0.0,0.0
2024-09-27 13:00:00+08:00,43.599998474121094,43.79999923706055,43.5,43.79999923706055,231926,0.0,0.0
2024-09-30 09:00:00+08:00,43.849998474121094,44.0,43.25,43.650001525878906,0,0.0,0.0
2024-09-30 10:00:00+08:00,43.650001525878906,44.150001525878906,43.349998474121094,44.150001525878906,279483,0.0,0.0
2024-09-30 11:00:00+08:00,44.099998474121094,44.099998474121094,43.650001525878906,43.70000076293945,147439,0.0,0.0
2024-09-30 12:00:00+08:00,43.75,43.79999923706055,43.400001525878906,43.400001525878906,159679,0.0,0.0
2024-09-30 13:00:00+08:00,43.400001525878906,43.5,43.29999923706055,43.349998474121094,177381,0.0,0.0
2024-10-01 09:00:00+08:00,43.45000076293945,43.54999923706055,42.349998474121094,42.650001525878906,550084,0.0,0.0
2024-10-01 10:00:00+08:00,42.599998474121094,42.599998474121094,41.650001525878906,42.0,512505,0.0,0.0
2024-10-01 11:00:00+08:00,42.0,42.0,41.5,41.650001525878906,354441,0.0,0.0
2024-10-01 12:00:00+08:00,41.650001525878906,42.29999923706055,41.650001525878906,42.29999923706055,332918,0.0,0.0
2024-10-01 13:00:00+08:00,42.099998474121094,42.20000076293945,42.0,42.099998474121094,116218,0.0,0.0
2024-10-04 09:00:00+08:00,42.0,42.0,40.20000076293945,40.25,0,0.0,0.0
2024-10-04 10:00:00+08:00,40.29999923706055,40.400001525878906,39.650001525878906,39.95000076293945,631561,0.0,0.0
2024-10-04 11:00:00+08:00,39.849998474121094,40.20000076293945,39.849998474121094,40.150001525878906,160938,0.0,0.0
2024-10-04 12:00:00+08:00,40.20000076293945,40.75,40.0,40.20000076293945,304503,0.0,0.0
2024-10-04 13:00:00+08:00,40.150001525878906,40.25,40.0,40.150001525878906,156457,0.0,0.0
2024-10-07 09:00:00+08:00,40.20000076293945,40.70000076293945,40.20000076293945,40.45000076293945,0,0.0,0.0
2024-10-07 10:00:00+08:00,40.45000076293945,40.45000076293945,40.099998474121094,40.099998474121094,155912,0.0,0.0
2024-10-07 11:00:00+08:00,40.04999923706055,40.29999923706055,40.04999923706055,40.099998474121094,87367,0.0,0.0
2024-10-07 12:00:00+08:00,40.099998474121094,40.349998474121094,40.099998474121094,40.349998474121094,112823,0.0,0.0
2024-10-07 13:00:00+08:00,40.349998474121094,40.349998474121094,40.20000076293945,40.29999923706055,74170,0.0,0.0
2024-10-08 09:00:00+08:00,40.349998474121094,40.349998474121094,39.599998474121094,39.900001525878906,320620,0.0,0.0
2024-10-08 10:00:00+08:00,39.900001525878906,39.900001525878906,39.650001525878906,39.75,189235,0.0,0.0
2024-10-08 11:00:00+08:00,39.75,40.0,39.75,39.900001525878906,132155,0.0,0.0
2024-10-08 12:00:00+08:00,39.849998474121094,40.04999923706055,39.75,40.04999923706055,93553,0.0,0.0
2024-10-08 13:00:00+08:00,40.0,40.04999923706055,39.900001525878906,40.04999923706055,79190,0.0,0.0
2024-10-09 09:00:00+08:00,40.0,40.25,39.45000076293945,39.45000076293945,480286,0.0,0.0
2024-10-09 10:00:00+08:00,39.400001525878906,39.400001525878906,38.0,38.45000076293945,757307,0.0,0.0
2024-10-09 11:00:00+08:00,38.400001525878906,39.04999923706055,38.29999923706055,39.0,221833,0.0,0.0
2024-10-09 12:00:00+08:00,39.0,39.150001525878906,38.75,38.849998474121094,170011,0.0,0.0
2024-10-09 13:00:00+08:00,38.849998474121094,38.849998474121094,38.599998474121094,38.70000076293945,161080,0.0,0.0
2024-10-11 09:00:00+08:00,38.70000076293945,38.70000076293945,38.0,38.150001525878906,0,0.0,0.0
2024-10-11 10:00:00+08:00,38.099998474121094,38.400001525878906,38.0,38.099998474121094,286174,0.0,0.0
2024-10-11 11:00:00+08:00,38.04999923706055,38.099998474121094,37.95000076293945,37.95000076293945,185189,0.0,0.0
2024-10-11 12:00:00+08:00,37.95000076293945,38.099998474121094,37.900001525878906,37.95000076293945,134840,0.0,0.0
2024-10-11 13:00:00+08:00,38.0,38.099998474121094,37.95000076293945,38.04999923706055,137387,0.0,0.0
2024-10-14 09:00:00+08:00,38.04999923706055,38.20000076293945,37.04999923706055,37.04999923706055,0,0.0,0.0
2024-10-14 10:00:00+08:00,37.04999923706055,37.54999923706055,36.70000076293945,37.54999923706055,818955,0.0,0.0
2024-10-14 11:00:00+08:00,37.5,37.95000076293945,37.25,37.45000076293945,263664,0.0,0.0
2024-10-14 12:00:00+08:00,37.45000076293945,37.54999923706055,37.349998474121094,37.45000076293945,116633,0.0,0.0
2024-10-14 13:00:00+08:00,37.5,37.70000076293945,37.349998474121094,37.599998474121094,143987,0.0,0.0
2024-10-15 09:00:00+08:00,38.0,39.20000076293945,38.0,38.29999923706055,665784,0.0,0.0
2024-10-15 10:00:00+08:00,38.29999923706055,38.349998474121094,37.95000076293945,38.0,157828,0.0,0.0
2024-10-15 11:00:00+08:00,38.0,38.04999923706055,37.75,37.95000076293945,119662,0.0,0.0
2024-10-15 12:00:00+08:00,37.95000076293945,37.95000076293945,37.75,37.75,96838,0.0,0.0
2024-10-15 13:00:00+08:00,37.75,37.79999923706055,37.650001525878906,37.650001525878906,84591,0.0,0.0
2024-10-16 09:00:00+08:00,37.54999923706055,37.900001525878906,37.25,37.349998474121094,0,0.0,0.0
2024-10-16 10:00:00+08:00,37.349998474121094,37.5,37.20000076293945,37.45000076293945,92859,0.0,0.0
2024-10-16 11:00:00+08:00,37.400001525878906,37.400001525878906,37.349998474121094,37.400001525878906,36606,0.0,0.0
2024-10-16 12:00:00+08:00,37.400001525878906,37.45000076293945,37.25,37.25,111476,0.0,0.0
2024-10-16 13:00:00+08:00,37.25,37.54999923706055,37.25,37.54999923706055,79146,0.0,0.0
2024-10-17 09:00:00+08:00,37.25,37.45000076293945,36.79999923706055,37.25,0,0.0,0.0
2024-10-17 10:00:00+08:00,37.150001525878906,37.25,36.849998474121094,37.0,170101,0.0,0.0
2024-10-17 11:00:00+08:00,37.0,37.150001525878906,36.95000076293945,37.099998474121094,190685,0.0,0.0
2024-10-17 12:00:00+08:00,37.099998474121094,37.099998474121094,37.0,37.04999923706055,99195,0.0,0.0
2024-10-17 13:00:00+08:00,37.04999923706055,37.20000076293945,37.04999923706055,37.150001525878906,86790,0.0,0.0
2024-10-18 09:00:00+08:00,37.099998474121094,37.70000076293945,37.0,37.0,0,0.0,0.0
2024-10-18 10:00:00+08:00,37.0,37.04999923706055,36.900001525878906,36.900001525878906,108816,0.0,0.0
2024-10-18 11:00:00+08:00,36.900001525878906,36.95000076293945,36.79999923706055,36.900001525878906,101432,0.0,0.0
2024-10-18 12:00:00+08:00,36.849998474121094,36.900001525878906,36.54999923706055,36.54999923706055,233079,0.0,0.0
2024-10-18 13:00:00+08:00,36.54999923706055,36.70000076293945,36.5,36.5,100398,0.0,0.0
2024-10-21 09:00:00+08:00,36.45000076293945,38.349998474121094,36.45000076293945,37.79999923706055,0,0.0,0.0
2024-10-21 10:00:00+08:00,37.79999923706055,37.95000076293945,37.599998474121094,37.900001525878906,210630,0.0,0.0
2024-10-21 11:00:00+08:00,37.900001525878906,37.900001525878906,37.5,37.54999923706055,158598,0.0,0.0
2024-10-21 12:00:00+08:00,37.54999923706055,37.70000076293945,37.349998474121094,37.400001525878906,186565,0.0,0.0
2024-10-21 13:00:00+08:00,37.400001525878906,37.599998474121094,37.349998474121094,37.5,116990,0.0,0.0
2024-10-22 09:00:00+08:00,38.099998474121094,39.5,37.95000076293945,38.45000076293945,330306,0.0,0.0
2024-10-22 10:00:00+08:00,38.400001525878906,38.75,37.95000076293945,37.95000076293945,562099,0.0,0.0
2024-10-22 11:00:00+08:00,37.95000076293945,38.099998474121094,37.79999923706055,37.849998474121094,186713,0.0,0.0
2024-10-22 12:00:00+08:00,37.849998474121094,37.900001525878906,37.599998474121094,37.70000076293945,260653,0.0,0.0
2024-10-22 13:00:00+08:00,37.70000076293945,37.900001525878906,37.70000076293945,37.79999923706055,233706,0.0,0.0
2024-10-23 09:00:00+08:00,37.599998474121094,37.599998474121094,37.04999923706055,37.349998474121094,0,0.0,0.0
2024-10-23 10:00:00+08:00,37.400001525878906,37.45000076293945,37.25,37.25,126557,0.0,0.0
2024-10-23 11:00:00+08:00,37.25,37.400001525878906,37.20000076293945,37.400001525878906,124118,0.0,0.0
2024-10-23 12:00:00+08:00,37.400001525878906,37.400001525878906,37.29999923706055,37.29999923706055,121060,0.0,0.0
2024-10-23 13:00:00+08:00,37.29999923706055,37.400001525878906,37.20000076293945,37.400001525878906,89600,0.0,0.0
2024-10-24 09:00:00+08:00,37.45000076293945,38.900001525878906,37.349998474121094,38.349998474121094,0,0.0,0.0
2024-10-24 10:00:00+08:00,38.349998474121094,38.54999923706055,38.0,38.099998474121094,315724,0.0,0.0
2024-10-24 11:00:00+08:00,38.04999923706055,38.29999923706055,37.79999923706055,37.79999923706055,217520,0.0,0.0
2024-10-24 12:00:00+08:00,37.79999923706055,37.900001525878906,37.599998474121094,37.849998474121094,165718,0.0,0.0
2024-10-24 13:00:00+08:00,37.849998474121094,37.900001525878906,37.70000076293945,37.70000076293945,183331,0.0,0.0
2024-10-25 09:00:00+08:00,38.5,38.5,36.650001525878906,36.650001525878906,0,0.0,0.0
2024-10-25 10:00:00+08:00,36.650001525878906,36.900001525878906,36.349998474121094,36.75,902219,0.0,0.0
2024-10-25 11:00:00+08:00,36.75,36.95000076293945,36.70000076293945,36.849998474121094,109924,0.0,0.0
2024-10-25 12:00:00+08:00,36.849998474121094,36.849998474121094,36.75,36.849998474121094,137235,0.0,0.0
2024-10-25 13:00:00+08:00,36.79999923706055,36.95000076293945,36.75,36.95000076293945,216119,0.0,0.0
2024-10-28 09:00:00+08:00,36.29999923706055,36.400001525878906,35.400001525878906,35.79999923706055,0,0.0,0.0
2024-10-28 10:00:00+08:00,35.849998474121094,36.25,35.70000076293945,36.150001525878906,170526,0.0,0.0
2024-10-28 11:00:00+08:00,36.150001525878906,36.150001525878906,35.70000076293945,35.70000076293945,116469,0.0,0.0
2024-10-28 12:00:00+08:00,35.70000076293945,36.04999923706055,35.650001525878906,36.0,231836,0.0,0.0
2024-10-28 13:00:00+08:00,36.0,36.099998474121094,35.95000076293945,35.95000076293945,190417,0.0,0.0
2024-10-29 09:00:00+08:00,35.54999923706055,35.95000076293945,35.150001525878906,35.25,0,0.0,0.0
2024-10-29 10:00:00+08:00,35.150001525878906,35.29999923706055,35.099998474121094,35.29999923706055,279148,0.0,0.0
2024-10-29 11:00:00+08:00,35.349998474121094,35.5,35.20000076293945,35.5,222200,0.0,0.0
2024-10-29 12:00:00+08:00,35.5,35.650001525878906,35.20000076293945,35.400001525878906,145402,0.0,0.0
2024-10-29 13:00:00+08:00,35.400001525878906,35.599998474121094,35.400001525878906,35.5,128837,0.0,0.0
2024-10-30 09:00:00+08:00,35.75,36.04999923706055,35.099998474121094,35.29999923706055,0,0.0,0.0
2024-10-30 10:00:00+08:00,35.29999923706055,35.29999923706055,34.900001525878906,35.0,301380,0.0,0.0
2024-10-30 11:00:00+08:00,35.04999923706055,35.04999923706055,34.79999923706055,34.900001525878906,149988,0.0,0.0
2024-10-30 12:00:00+08:00,34.900001525878906,34.95000076293945,34.849998474121094,34.849998474121094,160544,0.0,0.0
2024-10-30 13:00:00+08:00,34.900001525878906,34.900001525878906,34.79999923706055,34.849998474121094,125355,0.0,0.0
2024-11-01 09:00:00+08:00,34.04999923706055,34.5,33.70000076293945,34.29999923706055,0,0.0,0.0
2024-11-01 10:00:00+08:00,34.25,34.29999923706055,34.04999923706055,34.04999923706055,104389,0.0,0.0
2024-11-01 11:00:00+08:00,34.04999923706055,34.400001525878906,34.04999923706055,34.400001525878906,110781,0.0,0.0
2024-11-01 12:00:00+08:00,34.45000076293945,34.849998474121094,34.25,34.79999923706055,250394,0.0,0.0
2024-11-01 13:00:00+08:00,34.849998474121094,34.900001525878906,34.70000076293945,34.79999923706055,123226,0.0,0.0
2024-11-04 09:00:00+08:00,34.849998474121094,34.849998474121094,34.099998474121094,34.25,0,0.0,0.0
2024-11-04 10:00:00+08:00,34.29999923706055,34.45000076293945,34.20000076293945,34.29999923706055,40339,0.0,0.0
2024-11-04 11:00:00+08:00,34.29999923706055,34.599998474121094,34.29999923706055,34.45000076293945,145581,0.0,0.0
2024-11-04 12:00:00+08:00,34.45000076293945,34.599998474121094,34.45000076293945,34.599998474121094,126407,0.0,0.0
2024-11-04 13:00:00+08:00,34.5,34.79999923706055,34.400001525878906,34.79999923706055,130246,0.0,0.0
2024-11-05 09:00:00+08:00,34.849998474121094,35.79999923706055,34.79999923706055,35.70000076293945,0,0.0,0.0
2024-11-05 10:00:00+08:00,35.650001525878906,36.400001525878906,35.650001525878906,36.0,238548,0.0,0.0
2024-11-05 11:00:00+08:00,35.95000076293945,36.04999923706055,35.849998474121094,36.0,62509,0.0,0.0
2024-11-05 12:00:00+08:00,36.0,36.29999923706055,36.0,36.150001525878906,145657,0.0,0.0
2024-11-05 13:00:00+08:00,36.099998474121094,36.54999923706055,36.0,36.25,186252,0.0,0.0
2024-11-06 09:00:00+08:00,36.5,37.150001525878906,36.20000076293945,36.29999923706055,0,0.0,0.0
2024-11-06 10:00:00+08:00,36.29999923706055,36.54999923706055,36.150001525878906,36.54999923706055,98346,0.0,0.0
2024-11-06 11:00:00+08:00,36.599998474121094,36.599998474121094,36.349998474121094,36.400001525878906,71269,0.0,0.0
2024-11-06 12:00:00+08:00,36.400001525878906,36.400001525878906,36.150001525878906,36.20000076293945,85963,0.0,0.0
2024-11-06 13:00:00+08:00,36.150001525878906,36.150001525878906,36.0,36.0,167067,0.0,0.0
2024-11-07 09:00:00+08:00,35.849998474121094,37.099998474121094,35.849998474121094,36.70000076293945,0,0.0,0.0
2024-11-07 10:00:00+08:00,36.70000076293945,36.849998474121094,36.5,36.849998474121094,145623,0.0,0.0
2024-11-07 11:00:00+08:00,36.849998474121094,36.95000076293945,36.650001525878906,36.79999923706055,144765,0.0,0.0
2024-11-07 12:00:00+08:00,36.849998474121094,36.849998474121094,36.650001525878906,36.79999923706055,86171,0.0,0.0
2024-11-07 13:00:00+08:00,36.79999923706055,36.849998474121094,36.70000076293945,36.75,64331,0.0,0.0
2024-11-08 09:00:00+08:00,37.0,37.20000076293945,36.54999923706055,36.54999923706055,220055,0.0,0.0
2024-11-08 10:00:00+08:00,36.54999923706055,36.54999923706055,36.20000076293945,36.25,108873,0.0,0.0
2024-11-08 11:00:00+08:00,36.20000076293945,36.25,35.900001525878906,35.95000076293945,113388,0.0,0.0
2024-11-08 12:00:00+08:00,35.95000076293945,35.95000076293945,35.650001525878906,35.70000076293945,80563,0.0,0.0
2024-11-08 13:00:00+08:00,35.70000076293945,35.79999923706055,35.599998474121094,35.79999923706055,87335,0.0,0.0
