Datetime,Open,High,Low,Close,Volume,Dividends,Stock Splits
2024-06-27 09:00:00+09:00,752.0,752.0,746.0,746.0,1900,0.0,0.0
2024-06-27 09:20:00+09:00,753.0,753.0,753.0,753.0,200,0.0,0.0
2024-06-27 09:25:00+09:00,753.0,758.0,753.0,758.0,1300,0.0,0.0
2024-06-27 09:30:00+09:00,760.0,760.0,760.0,760.0,100,0.0,0.0
2024-06-27 09:35:00+09:00,760.0,761.0,760.0,761.0,300,0.0,0.0
2024-06-27 09:40:00+09:00,762.0,762.0,762.0,762.0,100,0.0,0.0
2024-06-27 09:45:00+09:00,762.0,762.0,762.0,762.0,200,0.0,0.0
2024-06-27 09:50:00+09:00,758.0,758.0,757.0,757.0,700,0.0,0.0
2024-06-27 10:10:00+09:00,760.0,760.0,760.0,760.0,100,0.0,0.0
2024-06-27 10:15:00+09:00,760.0,760.0,760.0,760.0,100,0.0,0.0
2024-06-27 10:20:00+09:00,761.0,761.0,761.0,761.0,100,0.0,0.0
2024-06-27 10:25:00+09:00,762.0,762.0,761.0,761.0,200,0.0,0.0
2024-06-27 10:35:00+09:00,762.0,762.0,762.0,762.0,100,0.0,0.0
2024-06-27 10:45:00+09:00,759.0,762.0,759.0,762.0,200,0.0,0.0
2024-06-27 10:50:00+09:00,761.0,761.0,761.0,761.0,100,0.0,0.0
2024-06-27 10:55:00+09:00,761.0,761.0,761.0,761.0,100,0.0,0.0
2024-06-27 11:05:00+09:00,761.0,761.0,759.0,759.0,200,0.0,0.0
2024-06-27 11:15:00+09:00,759.0,759.0,759.0,759.0,200,0.0,0.0
2024-06-27 11:35:00+09:00,759.0,759.0,759.0,759.0,0,0.0,0.0
2024-06-27 12:30:00+09:00,761.0,761.0,761.0,761.0,6700,0.0,0.0
2024-06-27 12:35:00+09:00,762.0,762.0,762.0,762.0,100,0.0,0.0
2024-06-27 12:40:00+09:00,762.0,762.0,762.0,762.0,100,0.0,0.0
2024-06-27 12:50:00+09:00,762.0,762.0,762.0,762.0,100,0.0,0.0
2024-06-27 12:55:00+09:00,761.0,761.0,759.0,759.0,300,0.0,0.0
2024-06-27 13:10:00+09:00,762.0,762.0,762.0,762.0,100,0.0,0.0
2024-06-27 13:20:00+09:00,762.0,762.0,759.0,760.0,500,0.0,0.0
2024-06-27 13:30:00+09:00,762.0,762.0,762.0,762.0,100,0.0,0.0
2024-06-27 13:35:00+09:00,762.0,762.0,762.0,762.0,100,0.0,0.0
2024-06-27 13:45:00+09:00,759.0,759.0,757.0,757.0,900,0.0,0.0
2024-06-27 13:50:00+09:00,757.0,757.0,757.0,757.0,100,0.0,0.0
2024-06-27 14:05:00+09:00,755.0,755.0,755.0,755.0,100,0.0,0.0
2024-06-27 14:15:00+09:00,757.0,757.0,756.0,756.0,300,0.0,0.0
2024-06-27 14:20:00+09:00,757.0,759.0,757.0,759.0,500,0.0,0.0
2024-06-27 14:35:00+09:00,757.0,757.0,757.0,757.0,200,0.0,0.0
2024-06-27 14:40:00+09:00,757.0,759.0,757.0,759.0,200,0.0,0.0
2024-06-27 14:45:00+09:00,759.0,759.0,759.0,759.0,100,0.0,0.0
2024-06-27 14:50:00+09:00,759.0,759.0,755.0,757.0,1200,0.0,0.0
2024-06-27 14:55:00+09:00,757.0,757.0,751.0,751.0,900,0.0,0.0
2024-06-28 09:00:00+09:00,749.0,772.0,749.0,764.0,12000,0.0,0.0
2024-06-28 09:05:00+09:00,768.0,778.0,768.0,778.0,5000,0.0,0.0
2024-06-28 09:10:00+09:00,778.0,780.0,778.0,780.0,1000,0.0,0.0
2024-06-28 09:15:00+09:00,780.0,780.0,780.0,780.0,200,0.0,0.0
2024-06-28 09:20:00+09:00,779.0,779.0,775.0,775.0,2300,0.0,0.0
2024-06-28 09:25:00+09:00,774.0,774.0,770.0,773.0,1800,0.0,0.0
2024-06-28 09:35:00+09:00,775.0,776.0,775.0,776.0,600,0.0,0.0
2024-06-28 09:50:00+09:00,777.0,777.0,777.0,777.0,100,0.0,0.0
2024-06-28 09:55:00+09:00,777.0,778.0,777.0,778.0,1400,0.0,0.0
2024-06-28 10:00:00+09:00,775.0,775.0,775.0,775.0,300,0.0,0.0
2024-06-28 10:10:00+09:00,778.0,778.0,778.0,778.0,100,0.0,0.0
2024-06-28 10:15:00+09:00,778.0,778.0,778.0,778.0,100,0.0,0.0
2024-06-28 10:20:00+09:00,778.0,778.0,778.0,778.0,200,0.0,0.0
2024-06-28 10:25:00+09:00,779.0,779.0,779.0,779.0,1100,0.0,0.0
2024-06-28 10:30:00+09:00,780.0,780.0,776.0,776.0,2600,0.0,0.0
2024-06-28 10:35:00+09:00,776.0,776.0,776.0,776.0,500,0.0,0.0
2024-06-28 10:50:00+09:00,777.0,777.0,777.0,777.0,500,0.0,0.0
2024-06-28 10:55:00+09:00,776.0,782.0,776.0,782.0,4800,0.0,0.0
2024-06-28 11:00:00+09:00,783.0,786.0,783.0,786.0,2100,0.0,0.0
2024-06-28 11:05:00+09:00,788.0,788.0,788.0,788.0,100,0.0,0.0
2024-06-28 11:15:00+09:00,787.0,787.0,787.0,787.0,100,0.0,0.0
2024-06-28 11:20:00+09:00,787.0,794.0,787.0,794.0,9000,0.0,0.0
2024-06-28 11:25:00+09:00,794.0,798.0,794.0,798.0,3000,0.0,0.0
2024-06-28 11:30:00+09:00,799.0,799.0,799.0,799.0,100,0.0,0.0
2024-06-28 11:35:00+09:00,799.0,799.0,799.0,799.0,0,0.0,0.0
2024-06-28 12:30:00+09:00,787.0,787.0,787.0,787.0,50200,0.0,0.0
2024-06-28 12:35:00+09:00,791.0,794.0,790.0,794.0,800,0.0,0.0
2024-06-28 12:40:00+09:00,794.0,805.0,792.0,804.0,6100,0.0,0.0
2024-06-28 12:45:00+09:00,806.0,824.0,802.0,818.0,25400,0.0,0.0
2024-06-28 12:50:00+09:00,823.0,823.0,811.0,811.0,2500,0.0,0.0
2024-06-28 12:55:00+09:00,811.0,815.0,811.0,813.0,1700,0.0,0.0
2024-06-28 13:00:00+09:00,813.0,817.0,813.0,815.0,1300,0.0,0.0
2024-06-28 13:05:00+09:00,819.0,819.0,808.0,808.0,6000,0.0,0.0
2024-06-28 13:10:00+09:00,807.0,808.0,804.0,807.0,3200,0.0,0.0
2024-06-28 13:15:00+09:00,804.0,805.0,799.0,805.0,1700,0.0,0.0
2024-06-28 13:20:00+09:00,806.0,807.0,800.0,807.0,3300,0.0,0.0
2024-06-28 13:25:00+09:00,806.0,808.0,805.0,808.0,1700,0.0,0.0
2024-06-28 13:30:00+09:00,804.0,806.0,803.0,806.0,500,0.0,0.0
2024-06-28 13:35:00+09:00,806.0,806.0,802.0,802.0,900,0.0,0.0
2024-06-28 13:40:00+09:00,803.0,803.0,803.0,803.0,200,0.0,0.0
2024-06-28 13:45:00+09:00,802.0,802.0,802.0,802.0,100,0.0,0.0
2024-06-28 13:50:00+09:00,802.0,802.0,802.0,802.0,100,0.0,0.0
2024-06-28 13:55:00+09:00,802.0,802.0,799.0,799.0,1200,0.0,0.0
2024-06-28 14:00:00+09:00,800.0,800.0,800.0,800.0,400,0.0,0.0
2024-06-28 14:05:00+09:00,798.0,801.0,798.0,798.0,500,0.0,0.0
2024-06-28 14:10:00+09:00,801.0,801.0,800.0,800.0,200,0.0,0.0
2024-06-28 14:15:00+09:00,801.0,802.0,801.0,802.0,600,0.0,0.0
2024-06-28 14:20:00+09:00,803.0,810.0,802.0,809.0,11300,0.0,0.0
2024-06-28 14:25:00+09:00,809.0,811.0,809.0,811.0,1300,0.0,0.0
2024-06-28 14:30:00+09:00,812.0,813.0,812.0,813.0,300,0.0,0.0
2024-06-28 14:35:00+09:00,812.0,812.0,808.0,808.0,1900,0.0,0.0
2024-06-28 14:40:00+09:00,808.0,808.0,806.0,806.0,1300,0.0,0.0
2024-06-28 14:45:00+09:00,808.0,813.0,807.0,808.0,3900,0.0,0.0
2024-06-28 14:50:00+09:00,808.0,815.0,808.0,809.0,3300,0.0,0.0
2024-06-28 14:55:00+09:00,815.0,833.0,808.0,833.0,15700,0.0,0.0
2024-07-01 09:00:00+09:00,832.0,858.0,829.0,843.0,0,0.0,0.0
2024-07-01 09:05:00+09:00,841.0,846.0,833.0,846.0,4800,0.0,0.0
2024-07-01 09:10:00+09:00,846.0,847.0,831.0,835.0,11000,0.0,0.0
2024-07-01 09:15:00+09:00,834.0,840.0,834.0,836.0,6000,0.0,0.0
2024-07-01 09:20:00+09:00,836.0,836.0,836.0,836.0,300,0.0,0.0
2024-07-01 09:25:00+09:00,835.0,837.0,835.0,837.0,300,0.0,0.0
2024-07-01 09:30:00+09:00,837.0,839.0,835.0,835.0,6800,0.0,0.0
2024-07-01 09:35:00+09:00,834.0,841.0,834.0,836.0,4500,0.0,0.0
2024-07-01 09:40:00+09:00,836.0,841.0,836.0,841.0,400,0.0,0.0
2024-07-01 09:45:00+09:00,839.0,840.0,839.0,840.0,300,0.0,0.0
2024-07-01 09:50:00+09:00,841.0,841.0,841.0,841.0,400,0.0,0.0
2024-07-01 09:55:00+09:00,840.0,841.0,840.0,841.0,200,0.0,0.0
2024-07-01 10:00:00+09:00,838.0,840.0,838.0,838.0,1900,0.0,0.0
2024-07-01 10:05:00+09:00,839.0,839.0,839.0,839.0,200,0.0,0.0
2024-07-01 10:10:00+09:00,839.0,839.0,839.0,839.0,400,0.0,0.0
2024-07-01 10:15:00+09:00,840.0,842.0,840.0,842.0,1100,0.0,0.0
2024-07-01 10:20:00+09:00,843.0,843.0,843.0,843.0,400,0.0,0.0
2024-07-01 10:25:00+09:00,844.0,844.0,843.0,843.0,700,0.0,0.0
2024-07-01 10:30:00+09:00,843.0,843.0,840.0,840.0,3800,0.0,0.0
2024-07-01 10:35:00+09:00,840.0,840.0,840.0,840.0,100,0.0,0.0
2024-07-01 10:40:00+09:00,842.0,842.0,842.0,842.0,500,0.0,0.0
2024-07-01 10:45:00+09:00,842.0,842.0,841.0,842.0,900,0.0,0.0
2024-07-01 10:50:00+09:00,840.0,844.0,840.0,844.0,2400,0.0,0.0
2024-07-01 11:10:00+09:00,844.0,844.0,843.0,843.0,700,0.0,0.0
2024-07-01 11:15:00+09:00,843.0,844.0,843.0,844.0,300,0.0,0.0
2024-07-01 11:20:00+09:00,845.0,849.0,844.0,844.0,4100,0.0,0.0
2024-07-01 11:25:00+09:00,843.0,843.0,843.0,843.0,100,0.0,0.0
2024-07-01 11:30:00+09:00,846.0,846.0,846.0,846.0,100,0.0,0.0
2024-07-01 11:35:00+09:00,846.0,846.0,846.0,846.0,0,0.0,0.0
2024-07-01 12:30:00+09:00,846.0,846.0,842.0,842.0,86200,0.0,0.0
2024-07-01 12:50:00+09:00,842.0,842.0,842.0,842.0,200,0.0,0.0
2024-07-01 13:00:00+09:00,844.0,846.0,841.0,841.0,800,0.0,0.0
2024-07-01 13:10:00+09:00,841.0,841.0,836.0,836.0,1900,0.0,0.0
2024-07-01 13:15:00+09:00,837.0,839.0,834.0,839.0,4000,0.0,0.0
2024-07-01 13:55:00+09:00,838.0,838.0,835.0,835.0,1400,0.0,0.0
2024-07-01 14:00:00+09:00,834.0,835.0,832.0,833.0,1400,0.0,0.0
2024-07-01 14:15:00+09:00,833.0,833.0,833.0,833.0,100,0.0,0.0
2024-07-01 14:25:00+09:00,835.0,837.0,835.0,837.0,900,0.0,0.0
2024-07-01 14:30:00+09:00,835.0,835.0,835.0,835.0,100,0.0,0.0
2024-07-01 14:35:00+09:00,835.0,835.0,835.0,835.0,200,0.0,0.0
2024-07-01 14:40:00+09:00,836.0,836.0,836.0,836.0,800,0.0,0.0
2024-07-01 14:50:00+09:00,837.0,837.0,836.0,836.0,300,0.0,0.0
2024-07-01 14:55:00+09:00,835.0,835.0,835.0,835.0,400,0.0,0.0
2024-07-02 09:00:00+09:00,832.0,832.0,821.0,823.0,8400,0.0,0.0
2024-07-02 09:05:00+09:00,822.0,835.0,821.0,827.0,4200,0.0,0.0
2024-07-02 09:10:00+09:00,828.0,828.0,826.0,826.0,1300,0.0,0.0
2024-07-02 09:35:00+09:00,831.0,831.0,830.0,830.0,6200,0.0,0.0
2024-07-02 09:40:00+09:00,827.0,827.0,819.0,819.0,1300,0.0,0.0
2024-07-02 09:45:00+09:00,819.0,824.0,819.0,824.0,500,0.0,0.0
2024-07-02 09:55:00+09:00,827.0,827.0,827.0,827.0,100,0.0,0.0
2024-07-02 10:05:00+09:00,828.0,828.0,824.0,824.0,2300,0.0,0.0
2024-07-02 10:10:00+09:00,824.0,826.0,823.0,826.0,1100,0.0,0.0
2024-07-02 10:50:00+09:00,826.0,826.0,826.0,826.0,0,0.0,0.0
2024-07-02 11:10:00+09:00,825.0,827.0,825.0,827.0,26400,0.0,0.0
2024-07-02 11:15:00+09:00,828.0,828.0,826.0,826.0,200,0.0,0.0
2024-07-02 11:20:00+09:00,824.0,824.0,824.0,824.0,100,0.0,0.0
2024-07-02 11:35:00+09:00,824.0,824.0,824.0,824.0,0,0.0,0.0
2024-07-02 12:30:00+09:00,824.0,824.0,819.0,819.0,28900,0.0,0.0
2024-07-02 12:40:00+09:00,822.0,823.0,821.0,823.0,2000,0.0,0.0
2024-07-02 12:50:00+09:00,822.0,822.0,822.0,822.0,100,0.0,0.0
2024-07-02 13:00:00+09:00,821.0,821.0,821.0,821.0,100,0.0,0.0
2024-07-02 13:25:00+09:00,820.0,820.0,818.0,818.0,3300,0.0,0.0
2024-07-02 13:30:00+09:00,818.0,818.0,818.0,818.0,100,0.0,0.0
2024-07-02 13:35:00+09:00,817.0,817.0,817.0,817.0,100,0.0,0.0
2024-07-02 13:40:00+09:00,817.0,817.0,817.0,817.0,400,0.0,0.0
2024-07-02 13:45:00+09:00,817.0,817.0,817.0,817.0,100,0.0,0.0
2024-07-02 13:55:00+09:00,818.0,818.0,817.0,817.0,6400,0.0,0.0
2024-07-02 14:00:00+09:00,815.0,817.0,813.0,813.0,1700,0.0,0.0
2024-07-02 14:20:00+09:00,811.0,811.0,811.0,811.0,100,0.0,0.0
2024-07-02 14:30:00+09:00,814.0,814.0,814.0,814.0,400,0.0,0.0
2024-07-02 14:35:00+09:00,814.0,815.0,814.0,815.0,500,0.0,0.0
2024-07-02 14:45:00+09:00,817.0,818.0,812.0,812.0,800,0.0,0.0
2024-07-02 14:50:00+09:00,816.0,816.0,816.0,816.0,500,0.0,0.0
2024-07-02 14:55:00+09:00,813.0,813.0,810.0,811.0,2200,0.0,0.0
2024-07-03 09:00:00+09:00,811.0,822.0,811.0,817.0,5800,0.0,0.0
2024-07-03 09:05:00+09:00,823.0,825.0,823.0,825.0,600,0.0,0.0
2024-07-03 09:10:00+09:00,824.0,830.0,824.0,827.0,5000,0.0,0.0
2024-07-03 09:15:00+09:00,830.0,830.0,830.0,830.0,100,0.0,0.0
2024-07-03 09:20:00+09:00,830.0,830.0,826.0,826.0,200,0.0,0.0
2024-07-03 09:25:00+09:00,829.0,829.0,829.0,829.0,100,0.0,0.0
2024-07-03 09:30:00+09:00,829.0,829.0,817.0,817.0,4300,0.0,0.0
2024-07-03 09:35:00+09:00,816.0,816.0,816.0,816.0,200,0.0,0.0
2024-07-03 10:05:00+09:00,817.0,817.0,817.0,817.0,0,0.0,0.0
2024-07-03 10:20:00+09:00,820.0,820.0,820.0,820.0,16700,0.0,0.0
2024-07-03 10:25:00+09:00,822.0,822.0,822.0,822.0,100,0.0,0.0
2024-07-03 10:35:00+09:00,822.0,822.0,822.0,822.0,100,0.0,0.0
2024-07-03 10:40:00+09:00,822.0,823.0,822.0,823.0,400,0.0,0.0
2024-07-03 10:45:00+09:00,824.0,824.0,824.0,824.0,100,0.0,0.0
2024-07-03 10:55:00+09:00,824.0,824.0,824.0,824.0,100,0.0,0.0
2024-07-03 11:00:00+09:00,825.0,825.0,825.0,825.0,100,0.0,0.0
2024-07-03 11:10:00+09:00,825.0,825.0,825.0,825.0,100,0.0,0.0
2024-07-03 11:20:00+09:00,822.0,822.0,822.0,822.0,500,0.0,0.0
2024-07-03 11:30:00+09:00,823.0,823.0,823.0,823.0,200,0.0,0.0
2024-07-03 11:35:00+09:00,823.0,823.0,823.0,823.0,0,0.0,0.0
2024-07-03 12:30:00+09:00,818.0,822.0,818.0,822.0,19600,0.0,0.0
2024-07-03 12:35:00+09:00,822.0,822.0,822.0,822.0,300,0.0,0.0
2024-07-03 12:45:00+09:00,822.0,822.0,822.0,822.0,400,0.0,0.0
2024-07-03 13:00:00+09:00,821.0,823.0,821.0,822.0,700,0.0,0.0
2024-07-03 13:05:00+09:00,823.0,828.0,823.0,828.0,2000,0.0,0.0
2024-07-03 13:10:00+09:00,826.0,826.0,826.0,826.0,100,0.0,0.0
2024-07-03 13:20:00+09:00,827.0,827.0,825.0,825.0,200,0.0,0.0
2024-07-03 13:30:00+09:00,825.0,825.0,825.0,825.0,100,0.0,0.0
2024-07-03 13:40:00+09:00,825.0,825.0,825.0,825.0,100,0.0,0.0
2024-07-03 13:50:00+09:00,826.0,826.0,826.0,826.0,100,0.0,0.0
2024-07-03 14:00:00+09:00,827.0,827.0,827.0,827.0,100,0.0,0.0
2024-07-03 14:05:00+09:00,825.0,825.0,825.0,825.0,100,0.0,0.0
2024-07-03 14:10:00+09:00,825.0,825.0,820.0,820.0,1100,0.0,0.0
2024-07-03 14:25:00+09:00,820.0,820.0,820.0,820.0,500,0.0,0.0
2024-07-03 14:30:00+09:00,822.0,822.0,822.0,822.0,200,0.0,0.0
2024-07-03 14:35:00+09:00,819.0,822.0,815.0,815.0,2700,0.0,0.0
2024-07-03 14:40:00+09:00,817.0,817.0,815.0,817.0,600,0.0,0.0
2024-07-03 14:45:00+09:00,817.0,817.0,813.0,815.0,1600,0.0,0.0
2024-07-03 14:50:00+09:00,816.0,816.0,814.0,814.0,400,0.0,0.0
2024-07-03 14:55:00+09:00,815.0,820.0,815.0,820.0,700,0.0,0.0
2024-07-04 09:00:00+09:00,809.0,812.0,799.0,812.0,3400,0.0,0.0
2024-07-04 09:05:00+09:00,815.0,815.0,815.0,815.0,100,0.0,0.0
2024-07-04 09:15:00+09:00,809.0,809.0,809.0,809.0,300,0.0,0.0
2024-07-04 09:35:00+09:00,806.0,806.0,806.0,806.0,600,0.0,0.0
2024-07-04 09:40:00+09:00,806.0,807.0,802.0,803.0,1300,0.0,0.0
2024-07-04 09:55:00+09:00,806.0,809.0,806.0,809.0,1300,0.0,0.0
2024-07-04 10:10:00+09:00,809.0,809.0,809.0,809.0,100,0.0,0.0
2024-07-04 10:15:00+09:00,812.0,813.0,812.0,813.0,300,0.0,0.0
2024-07-04 10:25:00+09:00,813.0,813.0,813.0,813.0,300,0.0,0.0
2024-07-04 10:35:00+09:00,814.0,814.0,814.0,814.0,100,0.0,0.0
2024-07-04 10:45:00+09:00,815.0,815.0,815.0,815.0,100,0.0,0.0
2024-07-04 10:50:00+09:00,815.0,815.0,809.0,809.0,1000,0.0,0.0
2024-07-04 11:10:00+09:00,809.0,809.0,809.0,809.0,200,0.0,0.0
2024-07-04 11:15:00+09:00,810.0,811.0,809.0,809.0,900,0.0,0.0
2024-07-04 11:25:00+09:00,808.0,808.0,808.0,808.0,800,0.0,0.0
2024-07-04 11:30:00+09:00,809.0,809.0,809.0,809.0,3000,0.0,0.0
2024-07-04 11:35:00+09:00,809.0,809.0,809.0,809.0,0,0.0,0.0
2024-07-04 12:30:00+09:00,806.0,809.0,799.0,809.0,36500,0.0,0.0
2024-07-04 12:45:00+09:00,806.0,806.0,799.0,799.0,8100,0.0,0.0
2024-07-04 12:50:00+09:00,800.0,800.0,790.0,790.0,8100,0.0,0.0
2024-07-04 12:55:00+09:00,799.0,800.0,798.0,798.0,400,0.0,0.0
2024-07-04 13:15:00+09:00,799.0,799.0,795.0,795.0,2000,0.0,0.0
2024-07-04 13:30:00+09:00,798.0,798.0,796.0,796.0,1500,0.0,0.0
2024-07-04 13:45:00+09:00,794.0,794.0,794.0,794.0,300,0.0,0.0
2024-07-04 13:55:00+09:00,797.0,797.0,797.0,797.0,100,0.0,0.0
2024-07-04 14:00:00+09:00,794.0,794.0,794.0,794.0,300,0.0,0.0
2024-07-04 14:15:00+09:00,793.0,793.0,789.0,789.0,1100,0.0,0.0
2024-07-04 14:20:00+09:00,788.0,788.0,788.0,788.0,100,0.0,0.0
2024-07-04 14:25:00+09:00,788.0,788.0,787.0,787.0,500,0.0,0.0
2024-07-04 14:40:00+09:00,787.0,787.0,786.0,786.0,600,0.0,0.0
2024-07-04 14:45:00+09:00,786.0,788.0,786.0,788.0,1000,0.0,0.0
2024-07-04 14:55:00+09:00,786.0,790.0,783.0,790.0,1200,0.0,0.0
2024-07-05 09:00:00+09:00,798.0,802.0,798.0,801.0,3000,0.0,0.0
2024-07-05 09:05:00+09:00,804.0,806.0,804.0,806.0,200,0.0,0.0
2024-07-05 09:10:00+09:00,806.0,806.0,791.0,791.0,2400,0.0,0.0
2024-07-05 09:15:00+09:00,791.0,791.0,791.0,791.0,200,0.0,0.0
2024-07-05 09:20:00+09:00,791.0,794.0,791.0,794.0,200,0.0,0.0
2024-07-05 09:25:00+09:00,794.0,796.0,794.0,796.0,300,0.0,0.0
2024-07-05 09:30:00+09:00,798.0,798.0,791.0,791.0,400,0.0,0.0
2024-07-05 09:40:00+09:00,794.0,795.0,794.0,795.0,200,0.0,0.0
2024-07-05 09:50:00+09:00,796.0,796.0,796.0,796.0,200,0.0,0.0
2024-07-05 10:00:00+09:00,796.0,796.0,792.0,792.0,400,0.0,0.0
2024-07-05 10:10:00+09:00,792.0,792.0,789.0,790.0,1600,0.0,0.0
2024-07-05 10:25:00+09:00,791.0,791.0,791.0,791.0,100,0.0,0.0
2024-07-05 10:30:00+09:00,792.0,792.0,787.0,787.0,700,0.0,0.0
2024-07-05 10:35:00+09:00,790.0,790.0,789.0,789.0,800,0.0,0.0
2024-07-05 10:40:00+09:00,792.0,792.0,792.0,792.0,100,0.0,0.0
2024-07-05 10:45:00+09:00,794.0,795.0,794.0,795.0,300,0.0,0.0
2024-07-05 10:55:00+09:00,794.0,794.0,794.0,794.0,200,0.0,0.0
2024-07-05 11:05:00+09:00,794.0,794.0,791.0,791.0,800,0.0,0.0
2024-07-05 11:15:00+09:00,792.0,792.0,792.0,792.0,100,0.0,0.0
2024-07-05 11:25:00+09:00,792.0,792.0,792.0,792.0,100,0.0,0.0
2024-07-05 11:35:00+09:00,792.0,792.0,792.0,792.0,0,0.0,0.0
2024-07-05 12:30:00+09:00,792.0,792.0,792.0,792.0,13100,0.0,0.0
2024-07-05 12:35:00+09:00,792.0,792.0,791.0,792.0,400,0.0,0.0
2024-07-05 12:40:00+09:00,791.0,791.0,791.0,791.0,300,0.0,0.0
2024-07-05 12:45:00+09:00,790.0,790.0,790.0,790.0,100,0.0,0.0
2024-07-05 13:00:00+09:00,790.0,790.0,790.0,790.0,100,0.0,0.0
2024-07-05 13:05:00+09:00,794.0,794.0,792.0,792.0,400,0.0,0.0
2024-07-05 13:15:00+09:00,792.0,792.0,791.0,791.0,1200,0.0,0.0
2024-07-05 13:30:00+09:00,791.0,792.0,791.0,792.0,300,0.0,0.0
2024-07-05 13:50:00+09:00,792.0,792.0,792.0,792.0,200,0.0,0.0
2024-07-05 13:55:00+09:00,792.0,797.0,792.0,797.0,800,0.0,0.0
2024-07-05 14:05:00+09:00,798.0,798.0,798.0,798.0,100,0.0,0.0
2024-07-05 14:15:00+09:00,799.0,806.0,799.0,806.0,500,0.0,0.0
2024-07-05 14:25:00+09:00,802.0,802.0,802.0,802.0,400,0.0,0.0
2024-07-05 14:35:00+09:00,802.0,802.0,801.0,801.0,200,0.0,0.0
2024-07-05 14:40:00+09:00,800.0,800.0,800.0,800.0,200,0.0,0.0
2024-07-05 14:45:00+09:00,801.0,802.0,800.0,800.0,400,0.0,0.0
2024-07-05 14:50:00+09:00,803.0,805.0,802.0,803.0,1100,0.0,0.0
2024-07-05 14:55:00+09:00,798.0,803.0,798.0,803.0,300,0.0,0.0
2024-07-08 09:00:00+09:00,803.0,817.0,794.0,817.0,5900,0.0,0.0
2024-07-08 09:10:00+09:00,820.0,822.0,820.0,822.0,200,0.0,0.0
2024-07-08 09:15:00+09:00,822.0,827.0,822.0,827.0,500,0.0,0.0
2024-07-08 09:20:00+09:00,827.0,838.0,821.0,838.0,18700,0.0,0.0
2024-07-08 09:25:00+09:00,838.0,838.0,831.0,831.0,400,0.0,0.0
2024-07-08 09:30:00+09:00,834.0,834.0,831.0,831.0,600,0.0,0.0
2024-07-08 09:45:00+09:00,831.0,831.0,824.0,824.0,4200,0.0,0.0
2024-07-08 10:00:00+09:00,824.0,824.0,822.0,822.0,200,0.0,0.0
2024-07-08 10:10:00+09:00,822.0,822.0,822.0,822.0,100,0.0,0.0
2024-07-08 10:20:00+09:00,822.0,824.0,822.0,824.0,700,0.0,0.0
2024-07-08 10:30:00+09:00,825.0,825.0,822.0,822.0,200,0.0,0.0
2024-07-08 10:35:00+09:00,822.0,823.0,822.0,823.0,500,0.0,0.0
2024-07-08 10:45:00+09:00,821.0,821.0,821.0,821.0,500,0.0,0.0
2024-07-08 10:50:00+09:00,820.0,823.0,820.0,822.0,700,0.0,0.0
2024-07-08 11:00:00+09:00,822.0,822.0,821.0,821.0,1200,0.0,0.0
2024-07-08 11:10:00+09:00,820.0,820.0,816.0,816.0,2200,0.0,0.0
2024-07-08 11:25:00+09:00,821.0,821.0,821.0,821.0,100,0.0,0.0
2024-07-08 11:30:00+09:00,820.0,820.0,820.0,820.0,200,0.0,0.0
2024-07-08 11:35:00+09:00,820.0,820.0,820.0,820.0,0,0.0,0.0
2024-07-08 12:30:00+09:00,817.0,821.0,817.0,821.0,38200,0.0,0.0
2024-07-08 12:45:00+09:00,818.0,824.0,818.0,822.0,1400,0.0,0.0
2024-07-08 12:50:00+09:00,822.0,825.0,822.0,825.0,1200,0.0,0.0
2024-07-08 12:55:00+09:00,825.0,825.0,825.0,825.0,300,0.0,0.0
2024-07-08 13:05:00+09:00,825.0,825.0,825.0,825.0,1100,0.0,0.0
2024-07-08 13:10:00+09:00,827.0,827.0,825.0,825.0,400,0.0,0.0
2024-07-08 13:15:00+09:00,824.0,824.0,824.0,824.0,200,0.0,0.0
2024-07-08 13:25:00+09:00,825.0,825.0,825.0,825.0,500,0.0,0.0
2024-07-08 13:30:00+09:00,824.0,824.0,824.0,824.0,300,0.0,0.0
2024-07-08 13:35:00+09:00,829.0,829.0,829.0,829.0,100,0.0,0.0
2024-07-08 13:50:00+09:00,826.0,826.0,826.0,826.0,100,0.0,0.0
2024-07-08 13:55:00+09:00,826.0,826.0,826.0,826.0,100,0.0,0.0
2024-07-08 14:05:00+09:00,826.0,826.0,826.0,826.0,100,0.0,0.0
2024-07-08 14:15:00+09:00,824.0,825.0,820.0,825.0,3700,0.0,0.0
2024-07-08 14:20:00+09:00,825.0,825.0,825.0,825.0,100,0.0,0.0
2024-07-08 14:30:00+09:00,825.0,825.0,824.0,824.0,400,0.0,0.0
2024-07-08 14:40:00+09:00,824.0,824.0,824.0,824.0,100,0.0,0.0
2024-07-08 14:45:00+09:00,824.0,824.0,824.0,824.0,600,0.0,0.0
2024-07-08 14:50:00+09:00,824.0,824.0,824.0,824.0,200,0.0,0.0
2024-07-08 14:55:00+09:00,825.0,826.0,822.0,822.0,4500,0.0,0.0
2024-07-09 09:00:00+09:00,817.0,817.0,804.0,804.0,4600,0.0,0.0
2024-07-09 09:05:00+09:00,804.0,808.0,804.0,808.0,1800,0.0,0.0
2024-07-09 09:10:00+09:00,808.0,811.0,808.0,811.0,600,0.0,0.0
2024-07-09 09:15:00+09:00,812.0,812.0,812.0,812.0,100,0.0,0.0
2024-07-09 09:20:00+09:00,810.0,811.0,807.0,807.0,1200,0.0,0.0
2024-07-09 09:30:00+09:00,804.0,804.0,803.0,803.0,200,0.0,0.0
2024-07-09 09:35:00+09:00,803.0,803.0,802.0,802.0,1200,0.0,0.0
2024-07-09 09:40:00+09:00,802.0,802.0,800.0,800.0,700,0.0,0.0
2024-07-09 09:45:00+09:00,801.0,801.0,797.0,797.0,5600,0.0,0.0
2024-07-09 09:50:00+09:00,794.0,798.0,791.0,798.0,0,0.0,0.0
2024-07-09 09:55:00+09:00,799.0,799.0,798.0,798.0,19200,0.0,0.0
2024-07-09 10:00:00+09:00,799.0,803.0,799.0,803.0,600,0.0,0.0
2024-07-09 10:05:00+09:00,800.0,800.0,797.0,797.0,200,0.0,0.0
2024-07-09 11:00:00+09:00,797.0,797.0,797.0,797.0,100,0.0,0.0
2024-07-09 11:15:00+09:00,797.0,797.0,796.0,796.0,1200,0.0,0.0
2024-07-09 11:20:00+09:00,796.0,796.0,796.0,796.0,100,0.0,0.0
2024-07-09 11:25:00+09:00,797.0,797.0,797.0,797.0,200,0.0,0.0
2024-07-09 11:30:00+09:00,797.0,797.0,797.0,797.0,200,0.0,0.0
2024-07-09 11:35:00+09:00,797.0,797.0,797.0,797.0,0,0.0,0.0
2024-07-09 12:30:00+09:00,801.0,801.0,801.0,801.0,23700,0.0,0.0
2024-07-09 12:40:00+09:00,800.0,800.0,800.0,800.0,600,0.0,0.0
2024-07-09 12:45:00+09:00,801.0,802.0,801.0,801.0,600,0.0,0.0
2024-07-09 13:20:00+09:00,803.0,803.0,802.0,802.0,600,0.0,0.0
2024-07-09 13:25:00+09:00,803.0,804.0,803.0,803.0,1200,0.0,0.0
2024-07-09 13:30:00+09:00,803.0,803.0,801.0,801.0,1800,0.0,0.0
2024-07-09 13:45:00+09:00,801.0,802.0,800.0,802.0,400,0.0,0.0
2024-07-09 13:50:00+09:00,801.0,801.0,800.0,800.0,600,0.0,0.0
2024-07-09 14:05:00+09:00,800.0,800.0,800.0,800.0,600,0.0,0.0
2024-07-09 14:15:00+09:00,800.0,800.0,800.0,800.0,200,0.0,0.0
2024-07-09 14:20:00+09:00,801.0,801.0,800.0,800.0,800,0.0,0.0
2024-07-09 14:25:00+09:00,800.0,800.0,800.0,800.0,300,0.0,0.0
2024-07-09 14:30:00+09:00,800.0,800.0,797.0,800.0,4200,0.0,0.0
2024-07-09 14:35:00+09:00,800.0,801.0,800.0,801.0,700,0.0,0.0
2024-07-09 14:40:00+09:00,800.0,800.0,800.0,800.0,100,0.0,0.0
2024-07-09 14:50:00+09:00,800.0,800.0,800.0,800.0,1400,0.0,0.0
2024-07-09 14:55:00+09:00,800.0,800.0,798.0,798.0,700,0.0,0.0
2024-07-10 09:00:00+09:00,798.0,798.0,798.0,798.0,300,0.0,0.0
2024-07-10 09:10:00+09:00,798.0,802.0,795.0,801.0,5600,0.0,0.0
2024-07-10 09:15:00+09:00,800.0,800.0,800.0,800.0,200,0.0,0.0
2024-07-10 09:25:00+09:00,798.0,799.0,798.0,798.0,600,0.0,0.0
2024-07-10 09:35:00+09:00,798.0,798.0,798.0,798.0,100,0.0,0.0
2024-07-10 09:50:00+09:00,798.0,798.0,798.0,798.0,500,0.0,0.0
2024-07-10 09:55:00+09:00,799.0,804.0,799.0,804.0,2600,0.0,0.0
2024-07-10 10:20:00+09:00,800.0,801.0,800.0,801.0,600,0.0,0.0
2024-07-10 10:25:00+09:00,799.0,801.0,799.0,801.0,600,0.0,0.0
2024-07-10 11:00:00+09:00,801.0,801.0,801.0,801.0,100,0.0,0.0
2024-07-10 11:05:00+09:00,801.0,801.0,801.0,801.0,100,0.0,0.0
2024-07-10 11:20:00+09:00,801.0,801.0,801.0,801.0,300,0.0,0.0
2024-07-10 11:30:00+09:00,802.0,802.0,802.0,802.0,200,0.0,0.0
2024-07-10 11:35:00+09:00,802.0,802.0,802.0,802.0,0,0.0,0.0
2024-07-10 12:30:00+09:00,799.0,805.0,799.0,799.0,13000,0.0,0.0
2024-07-10 12:35:00+09:00,798.0,798.0,798.0,798.0,500,0.0,0.0
2024-07-10 12:40:00+09:00,797.0,798.0,797.0,797.0,500,0.0,0.0
2024-07-10 12:55:00+09:00,796.0,796.0,796.0,796.0,100,0.0,0.0
2024-07-10 13:00:00+09:00,794.0,794.0,793.0,794.0,600,0.0,0.0
2024-07-10 13:05:00+09:00,793.0,793.0,793.0,793.0,100,0.0,0.0
2024-07-10 13:15:00+09:00,793.0,793.0,793.0,793.0,200,0.0,0.0
2024-07-10 13:25:00+09:00,791.0,792.0,791.0,792.0,500,0.0,0.0
2024-07-10 13:30:00+09:00,793.0,793.0,793.0,793.0,200,0.0,0.0
2024-07-10 13:50:00+09:00,793.0,793.0,793.0,793.0,100,0.0,0.0
2024-07-10 14:10:00+09:00,792.0,793.0,792.0,793.0,1000,0.0,0.0
2024-07-10 14:15:00+09:00,794.0,796.0,794.0,796.0,400,0.0,0.0
2024-07-10 14:30:00+09:00,795.0,795.0,795.0,795.0,200,0.0,0.0
2024-07-10 14:40:00+09:00,794.0,796.0,794.0,796.0,400,0.0,0.0
2024-07-10 14:55:00+09:00,796.0,796.0,795.0,795.0,300,0.0,0.0
2024-07-11 09:00:00+09:00,792.0,803.0,792.0,801.0,18700,0.0,0.0
2024-07-11 09:05:00+09:00,799.0,799.0,795.0,795.0,1400,0.0,0.0
2024-07-11 09:10:00+09:00,798.0,799.0,798.0,799.0,600,0.0,0.0
2024-07-11 09:20:00+09:00,798.0,800.0,798.0,800.0,400,0.0,0.0
2024-07-11 09:25:00+09:00,799.0,799.0,799.0,799.0,200,0.0,0.0
2024-07-11 09:30:00+09:00,798.0,798.0,798.0,798.0,100,0.0,0.0
2024-07-11 09:35:00+09:00,798.0,798.0,795.0,795.0,500,0.0,0.0
2024-07-11 09:45:00+09:00,794.0,794.0,794.0,794.0,100,0.0,0.0
2024-07-11 09:50:00+09:00,794.0,794.0,794.0,794.0,400,0.0,0.0
2024-07-11 09:55:00+09:00,794.0,797.0,794.0,796.0,1300,0.0,0.0
2024-07-11 10:00:00+09:00,797.0,800.0,797.0,800.0,1900,0.0,0.0
2024-07-11 10:10:00+09:00,798.0,798.0,797.0,797.0,500,0.0,0.0
2024-07-11 10:20:00+09:00,797.0,797.0,796.0,796.0,700,0.0,0.0
2024-07-11 10:25:00+09:00,796.0,797.0,796.0,797.0,500,0.0,0.0
2024-07-11 10:35:00+09:00,797.0,799.0,797.0,799.0,300,0.0,0.0
2024-07-11 10:45:00+09:00,800.0,800.0,800.0,800.0,100,0.0,0.0
2024-07-11 10:55:00+09:00,799.0,799.0,798.0,798.0,300,0.0,0.0
2024-07-11 11:00:00+09:00,799.0,799.0,799.0,799.0,300,0.0,0.0
2024-07-11 11:10:00+09:00,799.0,800.0,798.0,798.0,2800,0.0,0.0
2024-07-11 11:25:00+09:00,799.0,799.0,799.0,799.0,100,0.0,0.0
2024-07-11 11:30:00+09:00,799.0,799.0,799.0,799.0,400,0.0,0.0
2024-07-11 11:35:00+09:00,799.0,799.0,799.0,799.0,0,0.0,0.0
2024-07-11 12:30:00+09:00,798.0,799.0,798.0,798.0,32600,0.0,0.0
2024-07-11 12:50:00+09:00,798.0,798.0,798.0,798.0,400,0.0,0.0
2024-07-11 12:55:00+09:00,797.0,797.0,797.0,797.0,100,0.0,0.0
2024-07-11 13:00:00+09:00,796.0,796.0,796.0,796.0,100,0.0,0.0
2024-07-11 13:05:00+09:00,796.0,796.0,796.0,796.0,300,0.0,0.0
2024-07-11 13:10:00+09:00,796.0,797.0,796.0,797.0,300,0.0,0.0
2024-07-11 13:20:00+09:00,796.0,797.0,796.0,797.0,500,0.0,0.0
2024-07-11 13:30:00+09:00,797.0,797.0,796.0,796.0,400,0.0,0.0
2024-07-11 13:45:00+09:00,796.0,796.0,796.0,796.0,100,0.0,0.0
2024-07-11 14:00:00+09:00,795.0,795.0,795.0,795.0,100,0.0,0.0
2024-07-11 14:05:00+09:00,796.0,797.0,796.0,796.0,1000,0.0,0.0
2024-07-11 14:15:00+09:00,796.0,796.0,796.0,796.0,100,0.0,0.0
2024-07-11 14:20:00+09:00,795.0,795.0,795.0,795.0,100,0.0,0.0
2024-07-11 14:25:00+09:00,795.0,795.0,795.0,795.0,100,0.0,0.0
2024-07-11 14:35:00+09:00,795.0,795.0,795.0,795.0,100,0.0,0.0
2024-07-11 14:40:00+09:00,795.0,795.0,794.0,795.0,800,0.0,0.0
2024-07-11 14:45:00+09:00,795.0,795.0,793.0,793.0,200,0.0,0.0
2024-07-11 14:55:00+09:00,793.0,793.0,791.0,792.0,1300,0.0,0.0
2024-07-12 09:00:00+09:00,790.0,790.0,782.0,782.0,4200,0.0,0.0
2024-07-12 09:05:00+09:00,782.0,783.0,780.0,780.0,3300,0.0,0.0
2024-07-12 09:10:00+09:00,780.0,783.0,780.0,783.0,800,0.0,0.0
2024-07-12 09:20:00+09:00,785.0,785.0,785.0,785.0,200,0.0,0.0
2024-07-12 09:25:00+09:00,785.0,785.0,785.0,785.0,200,0.0,0.0
2024-07-12 09:30:00+09:00,785.0,785.0,785.0,785.0,300,0.0,0.0
2024-07-12 09:45:00+09:00,785.0,785.0,785.0,785.0,100,0.0,0.0
2024-07-12 09:50:00+09:00,785.0,785.0,785.0,785.0,200,0.0,0.0
2024-07-12 10:00:00+09:00,786.0,786.0,786.0,786.0,200,0.0,0.0
2024-07-12 10:05:00+09:00,788.0,789.0,788.0,789.0,400,0.0,0.0
2024-07-12 10:10:00+09:00,788.0,788.0,788.0,788.0,100,0.0,0.0
2024-07-12 10:15:00+09:00,790.0,797.0,790.0,797.0,2800,0.0,0.0
2024-07-12 10:25:00+09:00,797.0,797.0,797.0,797.0,100,0.0,0.0
2024-07-12 10:30:00+09:00,797.0,797.0,797.0,797.0,100,0.0,0.0
2024-07-12 10:35:00+09:00,797.0,797.0,797.0,797.0,100,0.0,0.0
2024-07-12 10:40:00+09:00,798.0,804.0,798.0,802.0,3400,0.0,0.0
2024-07-12 10:55:00+09:00,802.0,802.0,802.0,802.0,100,0.0,0.0
2024-07-12 11:00:00+09:00,802.0,802.0,798.0,798.0,1700,0.0,0.0
2024-07-12 11:05:00+09:00,798.0,798.0,798.0,798.0,300,0.0,0.0
2024-07-12 11:10:00+09:00,798.0,798.0,798.0,798.0,100,0.0,0.0
2024-07-12 11:20:00+09:00,798.0,798.0,798.0,798.0,100,0.0,0.0
2024-07-12 11:25:00+09:00,798.0,798.0,798.0,798.0,100,0.0,0.0
2024-07-12 11:35:00+09:00,798.0,798.0,798.0,798.0,0,0.0,0.0
2024-07-12 12:30:00+09:00,798.0,798.0,796.0,796.0,20600,0.0,0.0
2024-07-12 12:35:00+09:00,796.0,797.0,796.0,797.0,300,0.0,0.0
2024-07-12 12:40:00+09:00,799.0,799.0,799.0,799.0,100,0.0,0.0
2024-07-12 12:55:00+09:00,799.0,800.0,799.0,800.0,500,0.0,0.0
2024-07-12 13:00:00+09:00,799.0,799.0,799.0,799.0,100,0.0,0.0
2024-07-12 13:10:00+09:00,799.0,799.0,799.0,799.0,200,0.0,0.0
2024-07-12 13:20:00+09:00,798.0,798.0,798.0,798.0,100,0.0,0.0
2024-07-12 13:30:00+09:00,798.0,798.0,798.0,798.0,200,0.0,0.0
2024-07-12 13:35:00+09:00,798.0,798.0,798.0,798.0,100,0.0,0.0
2024-07-12 13:40:00+09:00,798.0,798.0,798.0,798.0,300,0.0,0.0
2024-07-12 13:50:00+09:00,798.0,798.0,798.0,798.0,100,0.0,0.0
2024-07-12 13:55:00+09:00,798.0,798.0,797.0,797.0,200,0.0,0.0
2024-07-12 14:05:00+09:00,798.0,798.0,798.0,798.0,100,0.0,0.0
2024-07-12 14:10:00+09:00,798.0,798.0,795.0,796.0,800,0.0,0.0
2024-07-12 14:20:00+09:00,796.0,796.0,796.0,796.0,200,0.0,0.0
2024-07-12 14:25:00+09:00,794.0,795.0,794.0,795.0,200,0.0,0.0
2024-07-12 14:30:00+09:00,795.0,796.0,795.0,795.0,400,0.0,0.0
2024-07-12 14:35:00+09:00,794.0,795.0,793.0,795.0,1100,0.0,0.0
2024-07-12 14:45:00+09:00,794.0,797.0,794.0,797.0,400,0.0,0.0
2024-07-12 14:55:00+09:00,794.0,796.0,791.0,791.0,600,0.0,0.0
2024-07-16 09:00:00+09:00,798.0,801.0,798.0,801.0,2500,0.0,0.0
2024-07-16 09:05:00+09:00,801.0,811.0,801.0,811.0,3100,0.0,0.0
2024-07-16 09:20:00+09:00,806.0,806.0,804.0,804.0,2000,0.0,0.0
2024-07-16 09:35:00+09:00,804.0,804.0,804.0,804.0,100,0.0,0.0
2024-07-16 09:40:00+09:00,806.0,807.0,806.0,807.0,600,0.0,0.0
2024-07-16 09:45:00+09:00,804.0,807.0,804.0,807.0,200,0.0,0.0
2024-07-16 09:50:00+09:00,804.0,804.0,804.0,804.0,200,0.0,0.0
2024-07-16 10:00:00+09:00,804.0,804.0,804.0,804.0,100,0.0,0.0
2024-07-16 10:05:00+09:00,804.0,804.0,803.0,803.0,200,0.0,0.0
2024-07-16 10:10:00+09:00,803.0,803.0,803.0,803.0,100,0.0,0.0
2024-07-16 10:20:00+09:00,803.0,806.0,802.0,806.0,1300,0.0,0.0
2024-07-16 10:40:00+09:00,804.0,807.0,804.0,807.0,500,0.0,0.0
2024-07-16 10:55:00+09:00,806.0,806.0,806.0,806.0,3000,0.0,0.0
2024-07-16 11:00:00+09:00,806.0,806.0,806.0,806.0,200,0.0,0.0
2024-07-16 11:10:00+09:00,806.0,806.0,806.0,806.0,300,0.0,0.0
2024-07-16 11:20:00+09:00,807.0,807.0,807.0,807.0,200,0.0,0.0
2024-07-16 11:35:00+09:00,807.0,807.0,807.0,807.0,0,0.0,0.0
2024-07-16 12:30:00+09:00,805.0,805.0,805.0,805.0,14800,0.0,0.0
2024-07-16 12:35:00+09:00,805.0,805.0,805.0,805.0,0,0.0,0.0
2024-07-16 12:45:00+09:00,803.0,803.0,803.0,803.0,15000,0.0,0.0
2024-07-16 12:50:00+09:00,803.0,803.0,803.0,803.0,100,0.0,0.0
2024-07-16 13:00:00+09:00,803.0,803.0,803.0,803.0,400,0.0,0.0
2024-07-16 13:05:00+09:00,803.0,803.0,802.0,802.0,200,0.0,0.0
2024-07-16 13:10:00+09:00,802.0,802.0,802.0,802.0,100,0.0,0.0
2024-07-16 13:15:00+09:00,801.0,802.0,801.0,802.0,1300,0.0,0.0
2024-07-16 13:20:00+09:00,802.0,802.0,801.0,801.0,200,0.0,0.0
2024-07-16 13:25:00+09:00,800.0,800.0,800.0,800.0,100,0.0,0.0
2024-07-16 13:35:00+09:00,800.0,800.0,800.0,800.0,100,0.0,0.0
2024-07-16 13:50:00+09:00,800.0,800.0,799.0,799.0,300,0.0,0.0
2024-07-16 14:00:00+09:00,798.0,798.0,798.0,798.0,100,0.0,0.0
2024-07-16 14:05:00+09:00,798.0,798.0,798.0,798.0,100,0.0,0.0
2024-07-16 14:10:00+09:00,801.0,802.0,801.0,802.0,1100,0.0,0.0
2024-07-16 14:15:00+09:00,803.0,803.0,803.0,803.0,100,0.0,0.0
2024-07-16 14:30:00+09:00,804.0,805.0,804.0,805.0,300,0.0,0.0
2024-07-16 14:35:00+09:00,806.0,807.0,806.0,807.0,600,0.0,0.0
2024-07-16 14:45:00+09:00,807.0,807.0,806.0,806.0,300,0.0,0.0
2024-07-16 14:55:00+09:00,803.0,803.0,800.0,800.0,1000,0.0,0.0
2024-07-17 09:00:00+09:00,802.0,802.0,802.0,802.0,300,0.0,0.0
2024-07-17 09:25:00+09:00,804.0,804.0,802.0,802.0,400,0.0,0.0
2024-07-17 10:00:00+09:00,802.0,804.0,801.0,804.0,1000,0.0,0.0
2024-07-17 10:30:00+09:00,804.0,805.0,804.0,805.0,300,0.0,0.0
2024-07-17 10:40:00+09:00,804.0,808.0,804.0,808.0,600,0.0,0.0
2024-07-17 10:55:00+09:00,807.0,807.0,807.0,807.0,100,0.0,0.0
2024-07-17 11:10:00+09:00,808.0,812.0,808.0,812.0,5400,0.0,0.0
2024-07-17 11:15:00+09:00,812.0,812.0,812.0,812.0,300,0.0,0.0
2024-07-17 11:25:00+09:00,814.0,817.0,814.0,817.0,500,0.0,0.0
2024-07-17 11:35:00+09:00,817.0,817.0,817.0,817.0,0,0.0,0.0
2024-07-17 12:30:00+09:00,817.0,817.0,817.0,817.0,10400,0.0,0.0
2024-07-17 12:35:00+09:00,815.0,817.0,815.0,817.0,300,0.0,0.0
2024-07-17 12:40:00+09:00,816.0,816.0,816.0,816.0,900,0.0,0.0
2024-07-17 12:55:00+09:00,816.0,816.0,816.0,816.0,100,0.0,0.0
2024-07-17 13:00:00+09:00,815.0,815.0,815.0,815.0,200,0.0,0.0
2024-07-17 13:05:00+09:00,816.0,816.0,816.0,816.0,200,0.0,0.0
2024-07-17 13:30:00+09:00,817.0,818.0,817.0,818.0,500,0.0,0.0
2024-07-17 13:35:00+09:00,817.0,817.0,817.0,817.0,100,0.0,0.0
2024-07-17 14:10:00+09:00,818.0,819.0,818.0,819.0,600,0.0,0.0
2024-07-17 14:15:00+09:00,820.0,823.0,820.0,823.0,5200,0.0,0.0
2024-07-17 14:25:00+09:00,825.0,827.0,825.0,827.0,500,0.0,0.0
2024-07-17 14:35:00+09:00,826.0,827.0,826.0,827.0,1200,0.0,0.0
2024-07-17 14:40:00+09:00,827.0,828.0,827.0,828.0,2500,0.0,0.0
2024-07-17 14:45:00+09:00,829.0,829.0,829.0,829.0,0,0.0,0.0
2024-07-17 14:50:00+09:00,829.0,829.0,824.0,824.0,26300,0.0,0.0
2024-07-17 14:55:00+09:00,829.0,829.0,829.0,829.0,100,0.0,0.0
2024-07-18 09:00:00+09:00,827.0,827.0,827.0,827.0,3700,0.0,0.0
2024-07-18 09:10:00+09:00,827.0,832.0,827.0,832.0,8200,0.0,0.0
2024-07-18 09:15:00+09:00,835.0,837.0,835.0,837.0,400,0.0,0.0
2024-07-18 09:20:00+09:00,839.0,842.0,839.0,842.0,1700,0.0,0.0
2024-07-18 09:25:00+09:00,844.0,847.0,844.0,847.0,5900,0.0,0.0
2024-07-18 09:30:00+09:00,847.0,849.0,847.0,849.0,2600,0.0,0.0
2024-07-18 09:35:00+09:00,850.0,853.0,850.0,853.0,6400,0.0,0.0
2024-07-18 09:40:00+09:00,854.0,854.0,853.0,854.0,1300,0.0,0.0
2024-07-18 09:45:00+09:00,855.0,855.0,855.0,855.0,100,0.0,0.0
2024-07-18 09:50:00+09:00,851.0,851.0,850.0,850.0,400,0.0,0.0
2024-07-18 10:05:00+09:00,851.0,851.0,847.0,847.0,2200,0.0,0.0
2024-07-18 10:10:00+09:00,847.0,847.0,845.0,845.0,2300,0.0,0.0
2024-07-18 10:20:00+09:00,844.0,845.0,844.0,845.0,1400,0.0,0.0
2024-07-18 10:25:00+09:00,845.0,845.0,845.0,845.0,700,0.0,0.0
2024-07-18 10:35:00+09:00,849.0,849.0,848.0,848.0,600,0.0,0.0
2024-07-18 10:40:00+09:00,850.0,850.0,850.0,850.0,1300,0.0,0.0
2024-07-18 10:45:00+09:00,852.0,852.0,850.0,850.0,900,0.0,0.0
2024-07-18 10:50:00+09:00,850.0,850.0,850.0,850.0,0,0.0,0.0
2024-07-18 10:55:00+09:00,852.0,852.0,850.0,850.0,41500,0.0,0.0
2024-07-18 11:00:00+09:00,847.0,847.0,847.0,847.0,1800,0.0,0.0
2024-07-18 11:10:00+09:00,846.0,846.0,846.0,846.0,100,0.0,0.0
2024-07-18 11:15:00+09:00,845.0,845.0,845.0,845.0,400,0.0,0.0
2024-07-18 11:35:00+09:00,845.0,845.0,845.0,845.0,0,0.0,0.0
2024-07-18 12:30:00+09:00,849.0,849.0,845.0,845.0,45400,0.0,0.0
2024-07-18 12:35:00+09:00,844.0,844.0,844.0,844.0,100,0.0,0.0
2024-07-18 12:45:00+09:00,842.0,842.0,841.0,841.0,1000,0.0,0.0
2024-07-18 12:50:00+09:00,841.0,841.0,841.0,841.0,600,0.0,0.0
2024-07-18 12:55:00+09:00,842.0,842.0,842.0,842.0,300,0.0,0.0
2024-07-18 13:00:00+09:00,842.0,842.0,842.0,842.0,100,0.0,0.0
2024-07-18 13:10:00+09:00,842.0,842.0,842.0,842.0,100,0.0,0.0
2024-07-18 13:15:00+09:00,841.0,841.0,841.0,841.0,400,0.0,0.0
2024-07-18 13:40:00+09:00,841.0,841.0,840.0,840.0,1600,0.0,0.0
2024-07-18 13:45:00+09:00,837.0,843.0,837.0,843.0,1800,0.0,0.0
2024-07-18 13:50:00+09:00,844.0,844.0,844.0,844.0,200,0.0,0.0
2024-07-18 13:55:00+09:00,845.0,845.0,845.0,845.0,100,0.0,0.0
2024-07-18 14:00:00+09:00,844.0,844.0,843.0,844.0,900,0.0,0.0
2024-07-18 14:05:00+09:00,846.0,848.0,846.0,848.0,1100,0.0,0.0
2024-07-18 14:15:00+09:00,848.0,848.0,848.0,848.0,200,0.0,0.0
2024-07-18 14:25:00+09:00,845.0,845.0,845.0,845.0,500,0.0,0.0
2024-07-18 14:30:00+09:00,845.0,845.0,845.0,845.0,400,0.0,0.0
2024-07-18 14:40:00+09:00,846.0,846.0,844.0,844.0,700,0.0,0.0
2024-07-18 14:45:00+09:00,844.0,844.0,843.0,843.0,300,0.0,0.0
2024-07-18 14:50:00+09:00,843.0,843.0,843.0,843.0,100,0.0,0.0
2024-07-18 14:55:00+09:00,844.0,844.0,842.0,842.0,600,0.0,0.0
2024-07-19 09:00:00+09:00,842.0,842.0,836.0,836.0,5500,0.0,0.0
2024-07-19 09:05:00+09:00,840.0,840.0,835.0,835.0,500,0.0,0.0
2024-07-19 09:10:00+09:00,833.0,833.0,830.0,833.0,1400,0.0,0.0
2024-07-19 09:20:00+09:00,833.0,833.0,832.0,832.0,200,0.0,0.0
2024-07-19 09:25:00+09:00,832.0,834.0,831.0,834.0,3300,0.0,0.0
2024-07-19 09:35:00+09:00,836.0,836.0,835.0,835.0,500,0.0,0.0
2024-07-19 09:40:00+09:00,835.0,835.0,835.0,835.0,200,0.0,0.0
2024-07-19 09:45:00+09:00,834.0,834.0,833.0,833.0,700,0.0,0.0
2024-07-19 10:15:00+09:00,835.0,835.0,835.0,835.0,100,0.0,0.0
2024-07-19 10:20:00+09:00,832.0,836.0,832.0,836.0,800,0.0,0.0
2024-07-19 10:25:00+09:00,834.0,834.0,834.0,834.0,200,0.0,0.0
2024-07-19 10:30:00+09:00,834.0,834.0,833.0,833.0,1100,0.0,0.0
2024-07-19 10:45:00+09:00,833.0,833.0,833.0,833.0,300,0.0,0.0
2024-07-19 10:50:00+09:00,831.0,831.0,828.0,831.0,1600,0.0,0.0
2024-07-19 10:55:00+09:00,831.0,831.0,829.0,830.0,300,0.0,0.0
2024-07-19 11:10:00+09:00,831.0,832.0,831.0,832.0,300,0.0,0.0
2024-07-19 11:20:00+09:00,832.0,832.0,832.0,832.0,100,0.0,0.0
2024-07-19 11:25:00+09:00,832.0,832.0,832.0,832.0,100,0.0,0.0
2024-07-19 11:30:00+09:00,829.0,829.0,829.0,829.0,200,0.0,0.0
2024-07-19 11:35:00+09:00,829.0,829.0,829.0,829.0,0,0.0,0.0
2024-07-19 12:30:00+09:00,832.0,832.0,832.0,832.0,18200,0.0,0.0
2024-07-19 12:40:00+09:00,833.0,833.0,832.0,832.0,1700,0.0,0.0
2024-07-19 12:45:00+09:00,829.0,829.0,823.0,823.0,2200,0.0,0.0
2024-07-19 12:50:00+09:00,825.0,828.0,825.0,828.0,1600,0.0,0.0
2024-07-19 13:25:00+09:00,830.0,830.0,830.0,830.0,100,0.0,0.0
2024-07-19 13:40:00+09:00,832.0,832.0,832.0,832.0,200,0.0,0.0
2024-07-19 14:00:00+09:00,832.0,832.0,832.0,832.0,200,0.0,0.0
2024-07-19 14:05:00+09:00,832.0,832.0,832.0,832.0,100,0.0,0.0
2024-07-19 14:20:00+09:00,830.0,830.0,828.0,828.0,1700,0.0,0.0
2024-07-19 14:25:00+09:00,827.0,827.0,827.0,827.0,100,0.0,0.0
2024-07-19 14:30:00+09:00,825.0,825.0,825.0,825.0,200,0.0,0.0
2024-07-19 14:35:00+09:00,824.0,824.0,824.0,824.0,100,0.0,0.0
2024-07-19 14:40:00+09:00,824.0,826.0,824.0,824.0,500,0.0,0.0
2024-07-19 14:45:00+09:00,823.0,823.0,823.0,823.0,100,0.0,0.0
2024-07-19 14:50:00+09:00,823.0,823.0,812.0,818.0,6700,0.0,0.0
2024-07-19 14:55:00+09:00,818.0,820.0,817.0,817.0,800,0.0,0.0
2024-07-22 09:00:00+09:00,823.0,823.0,817.0,817.0,3800,0.0,0.0
2024-07-22 09:05:00+09:00,815.0,815.0,815.0,815.0,100,0.0,0.0
2024-07-22 09:10:00+09:00,815.0,816.0,804.0,812.0,3400,0.0,0.0
2024-07-22 09:25:00+09:00,809.0,809.0,804.0,804.0,2100,0.0,0.0
2024-07-22 09:30:00+09:00,808.0,809.0,807.0,808.0,600,0.0,0.0
2024-07-22 09:35:00+09:00,806.0,806.0,806.0,806.0,100,0.0,0.0
2024-07-22 09:45:00+09:00,804.0,804.0,804.0,804.0,100,0.0,0.0
2024-07-22 09:50:00+09:00,804.0,804.0,804.0,804.0,600,0.0,0.0
2024-07-22 09:55:00+09:00,805.0,805.0,804.0,804.0,200,0.0,0.0
2024-07-22 10:00:00+09:00,803.0,804.0,803.0,804.0,500,0.0,0.0
2024-07-22 10:05:00+09:00,803.0,806.0,803.0,803.0,1200,0.0,0.0
2024-07-22 10:10:00+09:00,806.0,806.0,806.0,806.0,300,0.0,0.0
2024-07-22 10:20:00+09:00,808.0,808.0,808.0,808.0,200,0.0,0.0
2024-07-22 10:35:00+09:00,810.0,810.0,810.0,810.0,200,0.0,0.0
2024-07-22 10:45:00+09:00,811.0,811.0,811.0,811.0,100,0.0,0.0
2024-07-22 10:50:00+09:00,812.0,812.0,812.0,812.0,100,0.0,0.0
2024-07-22 10:55:00+09:00,811.0,811.0,810.0,810.0,600,0.0,0.0
2024-07-22 11:00:00+09:00,811.0,811.0,811.0,811.0,200,0.0,0.0
2024-07-22 11:05:00+09:00,811.0,812.0,811.0,812.0,500,0.0,0.0
2024-07-22 11:10:00+09:00,817.0,817.0,817.0,817.0,1000,0.0,0.0
2024-07-22 11:25:00+09:00,819.0,822.0,819.0,822.0,400,0.0,0.0
2024-07-22 11:35:00+09:00,822.0,822.0,822.0,822.0,0,0.0,0.0
2024-07-22 12:30:00+09:00,824.0,825.0,824.0,825.0,17000,0.0,0.0
2024-07-22 12:40:00+09:00,817.0,817.0,816.0,816.0,200,0.0,0.0
2024-07-22 12:45:00+09:00,814.0,814.0,808.0,808.0,1800,0.0,0.0
2024-07-22 12:50:00+09:00,809.0,809.0,809.0,809.0,200,0.0,0.0
2024-07-22 13:00:00+09:00,810.0,810.0,810.0,810.0,400,0.0,0.0
2024-07-22 13:05:00+09:00,810.0,810.0,810.0,810.0,100,0.0,0.0
2024-07-22 13:10:00+09:00,809.0,809.0,809.0,809.0,200,0.0,0.0
2024-07-22 13:30:00+09:00,807.0,808.0,807.0,808.0,700,0.0,0.0
2024-07-22 13:35:00+09:00,809.0,815.0,809.0,815.0,1300,0.0,0.0
2024-07-22 13:40:00+09:00,817.0,817.0,817.0,817.0,100,0.0,0.0
2024-07-22 13:45:00+09:00,817.0,817.0,812.0,812.0,1200,0.0,0.0
2024-07-22 13:50:00+09:00,815.0,816.0,804.0,804.0,11400,0.0,0.0
2024-07-22 14:05:00+09:00,805.0,807.0,805.0,807.0,700,0.0,0.0
2024-07-22 14:10:00+09:00,808.0,808.0,808.0,808.0,500,0.0,0.0
2024-07-22 14:15:00+09:00,808.0,808.0,808.0,808.0,1100,0.0,0.0
2024-07-22 14:20:00+09:00,808.0,808.0,808.0,808.0,100,0.0,0.0
2024-07-22 14:25:00+09:00,809.0,809.0,809.0,809.0,100,0.0,0.0
2024-07-22 14:35:00+09:00,809.0,809.0,807.0,807.0,700,0.0,0.0
2024-07-22 14:40:00+09:00,807.0,807.0,807.0,807.0,100,0.0,0.0
2024-07-22 14:45:00+09:00,807.0,807.0,805.0,805.0,200,0.0,0.0
2024-07-22 14:50:00+09:00,805.0,805.0,805.0,805.0,300,0.0,0.0
2024-07-22 14:55:00+09:00,805.0,807.0,804.0,804.0,900,0.0,0.0
2024-07-23 09:00:00+09:00,824.0,824.0,824.0,824.0,1700,0.0,0.0
2024-07-23 09:05:00+09:00,825.0,842.0,825.0,842.0,3200,0.0,0.0
2024-07-23 09:10:00+09:00,844.0,844.0,835.0,838.0,2300,0.0,0.0
2024-07-23 09:15:00+09:00,841.0,841.0,841.0,841.0,100,0.0,0.0
2024-07-23 09:20:00+09:00,840.0,840.0,835.0,835.0,800,0.0,0.0
2024-07-23 09:25:00+09:00,837.0,837.0,837.0,837.0,200,0.0,0.0
2024-07-23 09:30:00+09:00,839.0,839.0,839.0,839.0,100,0.0,0.0
2024-07-23 09:35:00+09:00,839.0,839.0,839.0,839.0,100,0.0,0.0
2024-07-23 09:40:00+09:00,839.0,839.0,836.0,836.0,500,0.0,0.0
2024-07-23 09:45:00+09:00,838.0,838.0,838.0,838.0,100,0.0,0.0
2024-07-23 09:50:00+09:00,839.0,839.0,835.0,835.0,700,0.0,0.0
2024-07-23 09:55:00+09:00,839.0,839.0,839.0,839.0,200,0.0,0.0
2024-07-23 10:00:00+09:00,838.0,838.0,835.0,836.0,300,0.0,0.0
2024-07-23 10:05:00+09:00,838.0,840.0,838.0,840.0,700,0.0,0.0
2024-07-23 10:10:00+09:00,843.0,843.0,841.0,841.0,600,0.0,0.0
2024-07-23 10:15:00+09:00,841.0,841.0,838.0,838.0,900,0.0,0.0
2024-07-23 10:20:00+09:00,841.0,843.0,841.0,843.0,500,0.0,0.0
2024-07-23 10:25:00+09:00,845.0,845.0,842.0,842.0,200,0.0,0.0
2024-07-23 10:30:00+09:00,842.0,844.0,841.0,841.0,400,0.0,0.0
2024-07-23 10:35:00+09:00,839.0,839.0,837.0,837.0,2500,0.0,0.0
2024-07-23 10:40:00+09:00,837.0,837.0,836.0,836.0,300,0.0,0.0
2024-07-23 10:45:00+09:00,838.0,838.0,838.0,838.0,100,0.0,0.0
2024-07-23 10:50:00+09:00,839.0,839.0,839.0,839.0,100,0.0,0.0
2024-07-23 10:55:00+09:00,839.0,839.0,835.0,835.0,300,0.0,0.0
2024-07-23 11:00:00+09:00,837.0,837.0,837.0,837.0,100,0.0,0.0
2024-07-23 11:05:00+09:00,836.0,836.0,836.0,836.0,100,0.0,0.0
2024-07-23 11:10:00+09:00,837.0,837.0,837.0,837.0,100,0.0,0.0
2024-07-23 11:15:00+09:00,837.0,837.0,834.0,834.0,800,0.0,0.0
2024-07-23 11:20:00+09:00,833.0,836.0,833.0,836.0,200,0.0,0.0
2024-07-23 11:25:00+09:00,836.0,837.0,836.0,837.0,300,0.0,0.0
2024-07-23 11:35:00+09:00,837.0,837.0,837.0,837.0,0,0.0,0.0
2024-07-23 12:30:00+09:00,839.0,840.0,837.0,840.0,19300,0.0,0.0
2024-07-23 12:35:00+09:00,840.0,840.0,840.0,840.0,200,0.0,0.0
2024-07-23 12:40:00+09:00,838.0,840.0,837.0,837.0,400,0.0,0.0
2024-07-23 12:45:00+09:00,838.0,838.0,838.0,838.0,500,0.0,0.0
2024-07-23 12:50:00+09:00,839.0,839.0,839.0,839.0,100,0.0,0.0
2024-07-23 12:55:00+09:00,838.0,842.0,838.0,838.0,1000,0.0,0.0
2024-07-23 13:05:00+09:00,840.0,840.0,840.0,840.0,100,0.0,0.0
2024-07-23 13:10:00+09:00,839.0,839.0,838.0,838.0,200,0.0,0.0
2024-07-23 13:15:00+09:00,838.0,838.0,838.0,838.0,200,0.0,0.0
2024-07-23 13:20:00+09:00,838.0,839.0,838.0,839.0,300,0.0,0.0
2024-07-23 13:25:00+09:00,840.0,840.0,840.0,840.0,200,0.0,0.0
2024-07-23 13:30:00+09:00,842.0,842.0,841.0,841.0,300,0.0,0.0
2024-07-23 13:35:00+09:00,842.0,842.0,840.0,840.0,1700,0.0,0.0
2024-07-23 13:40:00+09:00,842.0,843.0,842.0,843.0,200,0.0,0.0
2024-07-23 13:45:00+09:00,843.0,843.0,843.0,843.0,100,0.0,0.0
2024-07-23 13:50:00+09:00,841.0,841.0,816.0,831.0,13400,0.0,0.0
2024-07-23 13:55:00+09:00,831.0,833.0,830.0,830.0,800,0.0,0.0
2024-07-23 14:00:00+09:00,832.0,835.0,832.0,835.0,1600,0.0,0.0
2024-07-23 14:05:00+09:00,835.0,835.0,835.0,835.0,500,0.0,0.0
2024-07-23 14:10:00+09:00,837.0,837.0,837.0,837.0,100,0.0,0.0
2024-07-23 14:15:00+09:00,837.0,837.0,837.0,837.0,100,0.0,0.0
2024-07-23 14:25:00+09:00,836.0,837.0,836.0,837.0,400,0.0,0.0
2024-07-23 14:30:00+09:00,837.0,837.0,836.0,836.0,200,0.0,0.0
2024-07-23 14:40:00+09:00,837.0,837.0,836.0,836.0,200,0.0,0.0
2024-07-23 14:45:00+09:00,837.0,837.0,834.0,836.0,2500,0.0,0.0
2024-07-23 14:50:00+09:00,835.0,835.0,835.0,835.0,400,0.0,0.0
2024-07-23 14:55:00+09:00,836.0,839.0,836.0,837.0,3000,0.0,0.0
2024-07-24 09:00:00+09:00,840.0,844.0,840.0,844.0,10800,0.0,0.0
2024-07-24 09:05:00+09:00,841.0,841.0,840.0,840.0,14100,0.0,0.0
2024-07-24 09:20:00+09:00,840.0,840.0,834.0,834.0,12100,0.0,0.0
2024-07-24 09:25:00+09:00,836.0,841.0,836.0,840.0,1600,0.0,0.0
2024-07-24 09:30:00+09:00,837.0,837.0,836.0,836.0,300,0.0,0.0
2024-07-24 09:35:00+09:00,836.0,836.0,835.0,835.0,400,0.0,0.0
2024-07-24 09:50:00+09:00,835.0,835.0,825.0,825.0,800,0.0,0.0
2024-07-24 09:55:00+09:00,826.0,827.0,826.0,827.0,600,0.0,0.0
2024-07-24 10:00:00+09:00,828.0,829.0,828.0,829.0,400,0.0,0.0
2024-07-24 10:10:00+09:00,827.0,827.0,827.0,827.0,1000,0.0,0.0
2024-07-24 10:15:00+09:00,826.0,828.0,826.0,828.0,200,0.0,0.0
2024-07-24 10:35:00+09:00,825.0,825.0,825.0,825.0,100,0.0,0.0
2024-07-24 10:40:00+09:00,824.0,824.0,822.0,822.0,300,0.0,0.0
2024-07-24 10:45:00+09:00,820.0,820.0,817.0,817.0,900,0.0,0.0
2024-07-24 10:50:00+09:00,820.0,822.0,820.0,822.0,500,0.0,0.0
2024-07-24 10:55:00+09:00,822.0,822.0,821.0,821.0,300,0.0,0.0
2024-07-24 11:05:00+09:00,824.0,824.0,824.0,824.0,900,0.0,0.0
2024-07-24 11:10:00+09:00,823.0,823.0,823.0,823.0,200,0.0,0.0
2024-07-24 11:25:00+09:00,822.0,822.0,819.0,820.0,2100,0.0,0.0
2024-07-24 11:35:00+09:00,820.0,820.0,820.0,820.0,0,0.0,0.0
2024-07-24 12:30:00+09:00,818.0,818.0,818.0,818.0,48200,0.0,0.0
2024-07-24 13:10:00+09:00,818.0,820.0,818.0,820.0,1400,0.0,0.0
2024-07-24 13:15:00+09:00,821.0,821.0,821.0,821.0,400,0.0,0.0
2024-07-24 13:20:00+09:00,823.0,824.0,823.0,824.0,200,0.0,0.0
2024-07-24 13:30:00+09:00,822.0,822.0,820.0,820.0,700,0.0,0.0
2024-07-24 13:45:00+09:00,822.0,824.0,822.0,824.0,200,0.0,0.0
2024-07-24 13:50:00+09:00,824.0,825.0,824.0,825.0,600,0.0,0.0
2024-07-24 13:55:00+09:00,825.0,825.0,825.0,825.0,100,0.0,0.0
2024-07-24 14:10:00+09:00,823.0,823.0,823.0,823.0,100,0.0,0.0
2024-07-24 14:25:00+09:00,823.0,826.0,823.0,826.0,1600,0.0,0.0
2024-07-24 14:35:00+09:00,827.0,829.0,827.0,829.0,1100,0.0,0.0
2024-07-24 14:40:00+09:00,831.0,831.0,831.0,831.0,100,0.0,0.0
2024-07-24 14:50:00+09:00,828.0,829.0,828.0,829.0,200,0.0,0.0
2024-07-24 14:55:00+09:00,832.0,833.0,832.0,833.0,200,0.0,0.0
2024-07-25 09:00:00+09:00,822.0,833.0,822.0,833.0,2200,0.0,0.0
2024-07-25 09:05:00+09:00,835.0,835.0,835.0,835.0,300,0.0,0.0
2024-07-25 09:10:00+09:00,831.0,831.0,829.0,829.0,1400,0.0,0.0
2024-07-25 09:15:00+09:00,828.0,828.0,826.0,826.0,900,0.0,0.0
2024-07-25 09:25:00+09:00,831.0,831.0,831.0,831.0,700,0.0,0.0
2024-07-25 09:35:00+09:00,828.0,828.0,820.0,820.0,2300,0.0,0.0
2024-07-25 09:45:00+09:00,819.0,819.0,819.0,819.0,100,0.0,0.0
2024-07-25 09:50:00+09:00,819.0,819.0,819.0,819.0,100,0.0,0.0
2024-07-25 09:55:00+09:00,821.0,824.0,821.0,824.0,800,0.0,0.0
2024-07-25 10:10:00+09:00,825.0,825.0,825.0,825.0,100,0.0,0.0
2024-07-25 10:20:00+09:00,826.0,826.0,826.0,826.0,400,0.0,0.0
2024-07-25 10:30:00+09:00,826.0,832.0,826.0,832.0,4900,0.0,0.0
2024-07-25 10:50:00+09:00,835.0,837.0,835.0,837.0,1000,0.0,0.0
2024-07-25 10:55:00+09:00,836.0,836.0,836.0,836.0,1300,0.0,0.0
2024-07-25 11:00:00+09:00,836.0,836.0,836.0,836.0,100,0.0,0.0
2024-07-25 11:05:00+09:00,837.0,837.0,837.0,837.0,100,0.0,0.0
2024-07-25 11:15:00+09:00,837.0,839.0,837.0,839.0,300,0.0,0.0
2024-07-25 11:20:00+09:00,840.0,840.0,839.0,840.0,300,0.0,0.0
2024-07-25 11:25:00+09:00,838.0,840.0,838.0,838.0,1000,0.0,0.0
2024-07-25 11:35:00+09:00,838.0,838.0,838.0,838.0,0,0.0,0.0
2024-07-25 12:30:00+09:00,836.0,836.0,836.0,836.0,19300,0.0,0.0
2024-07-25 12:40:00+09:00,836.0,836.0,836.0,836.0,500,0.0,0.0
2024-07-25 12:45:00+09:00,835.0,835.0,835.0,835.0,100,0.0,0.0
2024-07-25 13:00:00+09:00,834.0,834.0,834.0,834.0,100,0.0,0.0
2024-07-25 13:10:00+09:00,837.0,839.0,837.0,839.0,1100,0.0,0.0
2024-07-25 13:15:00+09:00,841.0,841.0,841.0,841.0,100,0.0,0.0
2024-07-25 13:20:00+09:00,843.0,843.0,843.0,843.0,100,0.0,0.0
2024-07-25 13:30:00+09:00,840.0,840.0,840.0,840.0,100,0.0,0.0
2024-07-25 13:35:00+09:00,841.0,841.0,841.0,841.0,100,0.0,0.0
2024-07-25 13:45:00+09:00,841.0,841.0,839.0,839.0,600,0.0,0.0
2024-07-25 13:55:00+09:00,840.0,841.0,840.0,841.0,600,0.0,0.0
2024-07-25 14:05:00+09:00,843.0,843.0,842.0,842.0,700,0.0,0.0
2024-07-25 14:10:00+09:00,842.0,843.0,842.0,843.0,300,0.0,0.0
2024-07-25 14:20:00+09:00,843.0,844.0,841.0,844.0,400,0.0,0.0
2024-07-25 14:25:00+09:00,844.0,844.0,844.0,844.0,300,0.0,0.0
2024-07-25 14:35:00+09:00,842.0,842.0,841.0,841.0,300,0.0,0.0
2024-07-25 14:45:00+09:00,841.0,841.0,841.0,841.0,100,0.0,0.0
2024-07-25 14:50:00+09:00,842.0,844.0,841.0,841.0,500,0.0,0.0
2024-07-25 14:55:00+09:00,843.0,846.0,840.0,844.0,1900,0.0,0.0
2024-07-26 09:00:00+09:00,834.0,834.0,834.0,834.0,2200,0.0,0.0
2024-07-26 09:05:00+09:00,834.0,834.0,834.0,834.0,100,0.0,0.0
2024-07-26 09:10:00+09:00,832.0,837.0,828.0,834.0,3500,0.0,0.0
2024-07-26 09:15:00+09:00,828.0,828.0,821.0,821.0,400,0.0,0.0
2024-07-26 09:20:00+09:00,819.0,823.0,819.0,821.0,1400,0.0,0.0
2024-07-26 09:25:00+09:00,824.0,824.0,824.0,824.0,200,0.0,0.0
2024-07-26 09:30:00+09:00,825.0,825.0,825.0,825.0,200,0.0,0.0
2024-07-26 09:35:00+09:00,825.0,825.0,825.0,825.0,300,0.0,0.0
2024-07-26 09:40:00+09:00,828.0,828.0,828.0,828.0,0,0.0,0.0
2024-07-26 09:45:00+09:00,830.0,830.0,830.0,830.0,9000,0.0,0.0
2024-07-26 09:50:00+09:00,833.0,833.0,833.0,833.0,100,0.0,0.0
2024-07-26 09:55:00+09:00,834.0,834.0,830.0,830.0,800,0.0,0.0
2024-07-26 10:00:00+09:00,834.0,834.0,831.0,833.0,300,0.0,0.0
2024-07-26 10:05:00+09:00,835.0,835.0,835.0,835.0,100,0.0,0.0
2024-07-26 10:10:00+09:00,837.0,837.0,837.0,837.0,200,0.0,0.0
2024-07-26 10:15:00+09:00,838.0,838.0,838.0,838.0,100,0.0,0.0
2024-07-26 10:20:00+09:00,838.0,838.0,838.0,838.0,100,0.0,0.0
2024-07-26 10:25:00+09:00,839.0,839.0,834.0,834.0,300,0.0,0.0
2024-07-26 10:30:00+09:00,835.0,837.0,833.0,833.0,300,0.0,0.0
2024-07-26 10:35:00+09:00,835.0,835.0,835.0,835.0,100,0.0,0.0
2024-07-26 10:40:00+09:00,836.0,836.0,830.0,830.0,1000,0.0,0.0
2024-07-26 10:45:00+09:00,832.0,832.0,831.0,831.0,600,0.0,0.0
2024-07-26 10:50:00+09:00,830.0,830.0,830.0,830.0,100,0.0,0.0
2024-07-26 10:55:00+09:00,830.0,830.0,824.0,829.0,9200,0.0,0.0
2024-07-26 11:00:00+09:00,831.0,832.0,831.0,832.0,200,0.0,0.0
2024-07-26 11:05:00+09:00,836.0,836.0,836.0,836.0,100,0.0,0.0
2024-07-26 11:10:00+09:00,835.0,835.0,835.0,835.0,100,0.0,0.0
2024-07-26 11:15:00+09:00,836.0,836.0,833.0,833.0,300,0.0,0.0
2024-07-26 11:20:00+09:00,836.0,836.0,836.0,836.0,100,0.0,0.0
2024-07-26 11:25:00+09:00,837.0,839.0,837.0,839.0,500,0.0,0.0
2024-07-26 11:35:00+09:00,839.0,839.0,839.0,839.0,0,0.0,0.0
2024-07-26 12:30:00+09:00,846.0,846.0,840.0,844.0,24500,0.0,0.0
2024-07-26 12:35:00+09:00,839.0,843.0,839.0,843.0,200,0.0,0.0
2024-07-26 12:50:00+09:00,839.0,839.0,835.0,839.0,800,0.0,0.0
2024-07-26 13:00:00+09:00,837.0,840.0,837.0,840.0,300,0.0,0.0
2024-07-26 13:05:00+09:00,836.0,839.0,836.0,839.0,300,0.0,0.0
2024-07-26 13:10:00+09:00,840.0,840.0,840.0,840.0,200,0.0,0.0
2024-07-26 13:15:00+09:00,840.0,841.0,840.0,841.0,200,0.0,0.0
2024-07-26 13:20:00+09:00,839.0,842.0,839.0,842.0,200,0.0,0.0
2024-07-26 13:30:00+09:00,841.0,841.0,841.0,841.0,100,0.0,0.0
2024-07-26 13:35:00+09:00,837.0,842.0,837.0,838.0,800,0.0,0.0
2024-07-26 13:40:00+09:00,835.0,835.0,835.0,835.0,800,0.0,0.0
2024-07-26 13:45:00+09:00,840.0,840.0,836.0,836.0,200,0.0,0.0
2024-07-26 13:50:00+09:00,835.0,839.0,835.0,839.0,200,0.0,0.0
2024-07-26 13:55:00+09:00,839.0,839.0,839.0,839.0,100,0.0,0.0
2024-07-26 14:00:00+09:00,838.0,840.0,838.0,840.0,200,0.0,0.0
2024-07-26 14:05:00+09:00,841.0,841.0,838.0,838.0,200,0.0,0.0
2024-07-26 14:10:00+09:00,841.0,841.0,841.0,841.0,300,0.0,0.0
2024-07-26 14:15:00+09:00,842.0,842.0,842.0,842.0,100,0.0,0.0
2024-07-26 14:25:00+09:00,842.0,842.0,842.0,842.0,100,0.0,0.0
2024-07-26 14:30:00+09:00,841.0,842.0,840.0,842.0,400,0.0,0.0
2024-07-26 14:35:00+09:00,841.0,841.0,841.0,841.0,100,0.0,0.0
2024-07-26 14:40:00+09:00,840.0,842.0,840.0,842.0,200,0.0,0.0
2024-07-26 14:45:00+09:00,839.0,839.0,837.0,838.0,1000,0.0,0.0
2024-07-26 14:50:00+09:00,839.0,839.0,839.0,839.0,100,0.0,0.0
2024-07-26 14:55:00+09:00,838.0,838.0,835.0,835.0,1000,0.0,0.0
