Datetime,Open,High,Low,Close,Volume,Dividends,Stock Splits
2024-07-04 09:00:00+08:00,0.3199999928474426,0.3199999928474426,0.3199999928474426,0.3199999928474426,29900,0.0,0.0
2024-07-04 09:10:00+08:00,0.3199999928474426,0.3199999928474426,0.3199999928474426,0.3199999928474426,10000,0.0,0.0
2024-07-04 09:25:00+08:00,0.3199999928474426,0.3199999928474426,0.3149999976158142,0.3149999976158142,20000,0.0,0.0
2024-07-04 09:30:00+08:00,0.3149999976158142,0.3199999928474426,0.3149999976158142,0.3199999928474426,1700,0.0,0.0
2024-07-04 09:40:00+08:00,0.3199999928474426,0.3199999928474426,0.3199999928474426,0.3199999928474426,44800,0.0,0.0
2024-07-04 09:45:00+08:00,0.3199999928474426,0.3199999928474426,0.3199999928474426,0.3199999928474426,10000,0.0,0.0
2024-07-04 10:05:00+08:00,0.3199999928474426,0.3199999928474426,0.3199999928474426,0.3199999928474426,1400,0.0,0.0
2024-07-04 10:25:00+08:00,0.3199999928474426,0.3199999928474426,0.3199999928474426,0.3199999928474426,10000,0.0,0.0
2024-07-04 10:50:00+08:00,0.3199999928474426,0.3199999928474426,0.3149999976158142,0.3149999976158142,1400,0.0,0.0
2024-07-04 10:55:00+08:00,0.3149999976158142,0.3199999928474426,0.3149999976158142,0.3199999928474426,75000,0.0,0.0
2024-07-04 11:00:00+08:00,0.3199999928474426,0.3199999928474426,0.3199999928474426,0.3199999928474426,200,0.0,0.0
2024-07-04 11:25:00+08:00,0.3199999928474426,0.3199999928474426,0.3199999928474426,0.3199999928474426,1300,0.0,0.0
2024-07-04 11:35:00+08:00,0.3199999928474426,0.3199999928474426,0.3199999928474426,0.3199999928474426,10000,0.0,0.0
2024-07-04 11:45:00+08:00,0.3199999928474426,0.3199999928474426,0.3199999928474426,0.3199999928474426,100,0.0,0.0
2024-07-04 11:50:00+08:00,0.3199999928474426,0.3199999928474426,0.3199999928474426,0.3199999928474426,1400,0.0,0.0
2024-07-04 11:55:00+08:00,0.3199999928474426,0.3199999928474426,0.3199999928474426,0.3199999928474426,300,0.0,0.0
2024-07-04 12:55:00+08:00,0.3199999928474426,0.3199999928474426,0.3199999928474426,0.3199999928474426,12500,0.0,0.0
2024-07-04 13:10:00+08:00,0.3199999928474426,0.3199999928474426,0.3199999928474426,0.3199999928474426,100,0.0,0.0
2024-07-04 13:15:00+08:00,0.3199999928474426,0.3199999928474426,0.3199999928474426,0.3199999928474426,100,0.0,0.0
2024-07-04 13:20:00+08:00,0.3199999928474426,0.3199999928474426,0.3199999928474426,0.3199999928474426,100,0.0,0.0
2024-07-04 13:25:00+08:00,0.3199999928474426,0.3199999928474426,0.3199999928474426,0.3199999928474426,100,0.0,0.0
2024-07-04 13:30:00+08:00,0.3199999928474426,0.3199999928474426,0.3199999928474426,0.3199999928474426,200,0.0,0.0
2024-07-04 13:35:00+08:00,0.3199999928474426,0.3199999928474426,0.3199999928474426,0.3199999928474426,100,0.0,0.0
2024-07-04 13:40:00+08:00,0.3199999928474426,0.3199999928474426,0.3199999928474426,0.3199999928474426,100,0.0,0.0
2024-07-04 13:45:00+08:00,0.3199999928474426,0.3199999928474426,0.3199999928474426,0.3199999928474426,100,0.0,0.0
2024-07-04 13:50:00+08:00,0.3199999928474426,0.3199999928474426,0.3199999928474426,0.3199999928474426,100,0.0,0.0
2024-07-04 13:55:00+08:00,0.3199999928474426,0.3199999928474426,0.3199999928474426,0.3199999928474426,100,0.0,0.0
2024-07-04 14:00:00+08:00,0.3199999928474426,0.3199999928474426,0.3199999928474426,0.3199999928474426,100,0.0,0.0
2024-07-04 14:05:00+08:00,0.3199999928474426,0.3199999928474426,0.3199999928474426,0.3199999928474426,1300,0.0,0.0
2024-07-04 14:10:00+08:00,0.3199999928474426,0.3199999928474426,0.3199999928474426,0.3199999928474426,100,0.0,0.0
2024-07-04 14:15:00+08:00,0.3199999928474426,0.3199999928474426,0.3199999928474426,0.3199999928474426,100,0.0,0.0
2024-07-04 14:20:00+08:00,0.3199999928474426,0.3199999928474426,0.3199999928474426,0.3199999928474426,1400,0.0,0.0
2024-07-04 14:25:00+08:00,0.3199999928474426,0.3199999928474426,0.3199999928474426,0.3199999928474426,100,0.0,0.0
2024-07-04 14:30:00+08:00,0.3199999928474426,0.3199999928474426,0.3199999928474426,0.3199999928474426,100,0.0,0.0
2024-07-04 14:35:00+08:00,0.3199999928474426,0.3199999928474426,0.3199999928474426,0.3199999928474426,200,0.0,0.0
2024-07-04 14:40:00+08:00,0.3199999928474426,0.3199999928474426,0.3199999928474426,0.3199999928474426,100,0.0,0.0
2024-07-04 14:45:00+08:00,0.3199999928474426,0.3199999928474426,0.3199999928474426,0.3199999928474426,100,0.0,0.0
2024-07-04 14:50:00+08:00,0.3199999928474426,0.3199999928474426,0.3199999928474426,0.3199999928474426,200,0.0,0.0
2024-07-04 14:55:00+08:00,0.3199999928474426,0.3199999928474426,0.3199999928474426,0.3199999928474426,200,0.0,0.0
2024-07-04 15:00:00+08:00,0.3199999928474426,0.3199999928474426,0.3199999928474426,0.3199999928474426,100,0.0,0.0
2024-07-04 15:05:00+08:00,0.3199999928474426,0.3199999928474426,0.3199999928474426,0.3199999928474426,0,0.0,0.0
2024-07-04 15:10:00+08:00,0.3199999928474426,0.3199999928474426,0.3199999928474426,0.3199999928474426,301800,0.0,0.0
2024-07-04 15:15:00+08:00,0.3199999928474426,0.3199999928474426,0.3199999928474426,0.3199999928474426,200,0.0,0.0
2024-07-04 15:20:00+08:00,0.3199999928474426,0.3199999928474426,0.3149999976158142,0.3149999976158142,100,0.0,0.0
2024-07-04 15:25:00+08:00,0.3149999976158142,0.3149999976158142,0.3149999976158142,0.3149999976158142,256900,0.0,0.0
2024-07-04 15:45:00+08:00,0.3149999976158142,0.3149999976158142,0.3149999976158142,0.3149999976158142,3000,0.0,0.0
2024-07-04 15:55:00+08:00,0.3149999976158142,0.3199999928474426,0.3149999976158142,0.3199999928474426,600,0.0,0.0
2024-07-04 16:00:00+08:00,0.3199999928474426,0.3199999928474426,0.3199999928474426,0.3199999928474426,100,0.0,0.0
2024-07-04 16:05:00+08:00,0.3199999928474426,0.3199999928474426,0.3199999928474426,0.3199999928474426,200,0.0,0.0
2024-07-04 16:10:00+08:00,0.3199999928474426,0.3199999928474426,0.3199999928474426,0.3199999928474426,100,0.0,0.0
2024-07-04 16:15:00+08:00,0.3199999928474426,0.3199999928474426,0.3199999928474426,0.3199999928474426,200,0.0,0.0
2024-07-04 16:20:00+08:00,0.3199999928474426,0.3199999928474426,0.3199999928474426,0.3199999928474426,100,0.0,0.0
2024-07-04 16:25:00+08:00,0.3199999928474426,0.3199999928474426,0.3149999976158142,0.3199999928474426,10200,0.0,0.0
2024-07-04 16:30:00+08:00,0.3199999928474426,0.3199999928474426,0.3199999928474426,0.3199999928474426,1600,0.0,0.0
2024-07-04 16:35:00+08:00,0.3199999928474426,0.3199999928474426,0.3149999976158142,0.3149999976158142,200,0.0,0.0
2024-07-04 16:40:00+08:00,0.3149999976158142,0.3199999928474426,0.3149999976158142,0.3199999928474426,300,0.0,0.0
2024-07-04 16:45:00+08:00,0.3199999928474426,0.3199999928474426,0.3199999928474426,0.3199999928474426,0,0.0,0.0
2024-07-04 16:50:00+08:00,0.3199999928474426,0.3199999928474426,0.3199999928474426,0.3199999928474426,576600,0.0,0.0
2024-07-04 16:55:00+08:00,0.3199999928474426,0.3199999928474426,0.3199999928474426,0.3199999928474426,400,0.0,0.0
2024-07-05 09:10:00+08:00,0.3149999976158142,0.3149999976158142,0.3149999976158142,0.3149999976158142,0,0.0,0.0
2024-07-05 09:55:00+08:00,0.3149999976158142,0.3199999928474426,0.3149999976158142,0.3199999928474426,5800,0.0,0.0
2024-07-05 10:00:00+08:00,0.3199999928474426,0.3199999928474426,0.3199999928474426,0.3199999928474426,800,0.0,0.0
2024-07-05 10:05:00+08:00,0.3199999928474426,0.3199999928474426,0.3199999928474426,0.3199999928474426,600,0.0,0.0
2024-07-05 11:45:00+08:00,0.3199999928474426,0.3199999928474426,0.3149999976158142,0.3149999976158142,100,0.0,0.0
2024-07-05 11:50:00+08:00,0.3149999976158142,0.3149999976158142,0.3149999976158142,0.3149999976158142,471500,0.0,0.0
2024-07-05 11:55:00+08:00,0.3149999976158142,0.3149999976158142,0.3149999976158142,0.3149999976158142,18600,0.0,0.0
2024-07-05 12:55:00+08:00,0.3149999976158142,0.3149999976158142,0.3149999976158142,0.3149999976158142,16500,0.0,0.0
2024-07-05 13:05:00+08:00,0.3149999976158142,0.3149999976158142,0.3149999976158142,0.3149999976158142,100,0.0,0.0
2024-07-05 13:15:00+08:00,0.3149999976158142,0.3149999976158142,0.3149999976158142,0.3149999976158142,100,0.0,0.0
2024-07-05 13:20:00+08:00,0.3149999976158142,0.3149999976158142,0.3149999976158142,0.3149999976158142,200,0.0,0.0
2024-07-05 13:25:00+08:00,0.3149999976158142,0.3149999976158142,0.3149999976158142,0.3149999976158142,100,0.0,0.0
2024-07-05 13:30:00+08:00,0.3149999976158142,0.3149999976158142,0.3149999976158142,0.3149999976158142,100,0.0,0.0
2024-07-05 13:35:00+08:00,0.3149999976158142,0.3149999976158142,0.3149999976158142,0.3149999976158142,100,0.0,0.0
2024-07-05 13:40:00+08:00,0.3149999976158142,0.3149999976158142,0.3149999976158142,0.3149999976158142,2100,0.0,0.0
2024-07-05 13:45:00+08:00,0.3149999976158142,0.3149999976158142,0.3149999976158142,0.3149999976158142,200,0.0,0.0
2024-07-05 13:50:00+08:00,0.3149999976158142,0.3149999976158142,0.3149999976158142,0.3149999976158142,100,0.0,0.0
2024-07-05 13:55:00+08:00,0.3149999976158142,0.3149999976158142,0.3149999976158142,0.3149999976158142,20100,0.0,0.0
2024-07-05 14:00:00+08:00,0.3149999976158142,0.3149999976158142,0.3149999976158142,0.3149999976158142,1600,0.0,0.0
2024-07-05 14:05:00+08:00,0.3149999976158142,0.3149999976158142,0.3149999976158142,0.3149999976158142,100,0.0,0.0
2024-07-05 14:10:00+08:00,0.3149999976158142,0.3149999976158142,0.3149999976158142,0.3149999976158142,125800,0.0,0.0
2024-07-05 14:20:00+08:00,0.3149999976158142,0.3149999976158142,0.3149999976158142,0.3149999976158142,0,0.0,0.0
2024-07-05 14:45:00+08:00,0.3149999976158142,0.3149999976158142,0.3149999976158142,0.3149999976158142,900000,0.0,0.0
2024-07-05 14:50:00+08:00,0.3149999976158142,0.3149999976158142,0.3149999976158142,0.3149999976158142,200,0.0,0.0
2024-07-05 14:55:00+08:00,0.3149999976158142,0.3149999976158142,0.3149999976158142,0.3149999976158142,100,0.0,0.0
2024-07-05 15:00:00+08:00,0.3149999976158142,0.3149999976158142,0.3149999976158142,0.3149999976158142,200,0.0,0.0
2024-07-05 15:05:00+08:00,0.3149999976158142,0.3149999976158142,0.3149999976158142,0.3149999976158142,1400,0.0,0.0
2024-07-05 15:10:00+08:00,0.3149999976158142,0.3149999976158142,0.3149999976158142,0.3149999976158142,200,0.0,0.0
2024-07-05 15:15:00+08:00,0.3149999976158142,0.3149999976158142,0.3149999976158142,0.3149999976158142,100,0.0,0.0
2024-07-05 15:20:00+08:00,0.3149999976158142,0.3149999976158142,0.3149999976158142,0.3149999976158142,200,0.0,0.0
2024-07-05 15:25:00+08:00,0.3149999976158142,0.3149999976158142,0.3149999976158142,0.3149999976158142,100,0.0,0.0
2024-07-05 15:30:00+08:00,0.3149999976158142,0.3149999976158142,0.3149999976158142,0.3149999976158142,200,0.0,0.0
2024-07-05 15:35:00+08:00,0.3149999976158142,0.3149999976158142,0.3149999976158142,0.3149999976158142,1500,0.0,0.0
2024-07-05 15:40:00+08:00,0.3149999976158142,0.3149999976158142,0.3149999976158142,0.3149999976158142,100,0.0,0.0
2024-07-05 15:45:00+08:00,0.3149999976158142,0.3149999976158142,0.3149999976158142,0.3149999976158142,200,0.0,0.0
2024-07-05 15:50:00+08:00,0.3149999976158142,0.3149999976158142,0.3100000023841858,0.3100000023841858,126600,0.0,0.0
2024-07-05 15:55:00+08:00,0.3100000023841858,0.3149999976158142,0.3100000023841858,0.3149999976158142,6000,0.0,0.0
2024-07-05 16:05:00+08:00,0.3149999976158142,0.3149999976158142,0.3149999976158142,0.3149999976158142,1800,0.0,0.0
2024-07-05 16:10:00+08:00,0.3149999976158142,0.3149999976158142,0.3149999976158142,0.3149999976158142,100,0.0,0.0
2024-07-05 16:15:00+08:00,0.3149999976158142,0.3149999976158142,0.3149999976158142,0.3149999976158142,200,0.0,0.0
2024-07-05 16:20:00+08:00,0.3149999976158142,0.3149999976158142,0.3149999976158142,0.3149999976158142,100,0.0,0.0
2024-07-05 16:25:00+08:00,0.3149999976158142,0.3149999976158142,0.3149999976158142,0.3149999976158142,200,0.0,0.0
2024-07-05 16:30:00+08:00,0.3149999976158142,0.3149999976158142,0.3149999976158142,0.3149999976158142,1500,0.0,0.0
2024-07-05 16:35:00+08:00,0.3149999976158142,0.3149999976158142,0.3149999976158142,0.3149999976158142,200,0.0,0.0
2024-07-05 16:40:00+08:00,0.3149999976158142,0.3149999976158142,0.3149999976158142,0.3149999976158142,1600,0.0,0.0
2024-07-05 16:45:00+08:00,0.3149999976158142,0.3149999976158142,0.3149999976158142,0.3149999976158142,112300,0.0,0.0
2024-07-05 16:50:00+08:00,0.3149999976158142,0.3149999976158142,0.3149999976158142,0.3149999976158142,300,0.0,0.0
2024-07-05 16:55:00+08:00,0.3149999976158142,0.3149999976158142,0.3149999976158142,0.3149999976158142,30800,0.0,0.0
2024-07-08 09:05:00+08:00,0.3149999976158142,0.3149999976158142,0.3149999976158142,0.3149999976158142,0,0.0,0.0
2024-07-08 09:25:00+08:00,0.3149999976158142,0.3149999976158142,0.3100000023841858,0.3100000023841858,99500,0.0,0.0
2024-07-08 09:40:00+08:00,0.3100000023841858,0.3100000023841858,0.3100000023841858,0.3100000023841858,614000,0.0,0.0
2024-07-08 09:45:00+08:00,0.3100000023841858,0.3149999976158142,0.3100000023841858,0.3149999976158142,30100,0.0,0.0
2024-07-08 10:05:00+08:00,0.3149999976158142,0.3149999976158142,0.3149999976158142,0.3149999976158142,30000,0.0,0.0
2024-07-08 11:05:00+08:00,0.3149999976158142,0.3149999976158142,0.3100000023841858,0.3100000023841858,1300,0.0,0.0
2024-07-08 11:15:00+08:00,0.3100000023841858,0.3100000023841858,0.3100000023841858,0.3100000023841858,91900,0.0,0.0
2024-07-08 11:30:00+08:00,0.3100000023841858,0.3100000023841858,0.3100000023841858,0.3100000023841858,500,0.0,0.0
2024-07-08 12:55:00+08:00,0.3149999976158142,0.3149999976158142,0.3100000023841858,0.3100000023841858,200,0.0,0.0
2024-07-08 13:15:00+08:00,0.3100000023841858,0.3100000023841858,0.3100000023841858,0.3100000023841858,100000,0.0,0.0
2024-07-08 13:30:00+08:00,0.3100000023841858,0.3100000023841858,0.3100000023841858,0.3100000023841858,135600,0.0,0.0
2024-07-08 13:35:00+08:00,0.3100000023841858,0.3100000023841858,0.3100000023841858,0.3100000023841858,122900,0.0,0.0
2024-07-08 14:10:00+08:00,0.3100000023841858,0.3100000023841858,0.3100000023841858,0.3100000023841858,8500,0.0,0.0
2024-07-08 14:30:00+08:00,0.3100000023841858,0.3100000023841858,0.3100000023841858,0.3100000023841858,18700,0.0,0.0
2024-07-08 14:50:00+08:00,0.3100000023841858,0.3100000023841858,0.3100000023841858,0.3100000023841858,12000,0.0,0.0
2024-07-08 15:10:00+08:00,0.3100000023841858,0.3100000023841858,0.3100000023841858,0.3100000023841858,209200,0.0,0.0
2024-07-08 15:20:00+08:00,0.3100000023841858,0.3100000023841858,0.3100000023841858,0.3100000023841858,232100,0.0,0.0
2024-07-08 15:30:00+08:00,0.3100000023841858,0.3100000023841858,0.3100000023841858,0.3100000023841858,199400,0.0,0.0
2024-07-08 15:35:00+08:00,0.3100000023841858,0.3100000023841858,0.3100000023841858,0.3100000023841858,81700,0.0,0.0
2024-07-08 15:45:00+08:00,0.3100000023841858,0.3100000023841858,0.3100000023841858,0.3100000023841858,139800,0.0,0.0
2024-07-08 15:55:00+08:00,0.3100000023841858,0.3100000023841858,0.3100000023841858,0.3100000023841858,4000,0.0,0.0
2024-07-08 16:45:00+08:00,0.3100000023841858,0.3100000023841858,0.3100000023841858,0.3100000023841858,600,0.0,0.0
2024-07-08 16:50:00+08:00,0.3100000023841858,0.3100000023841858,0.3100000023841858,0.3100000023841858,400,0.0,0.0
2024-07-08 16:55:00+08:00,0.3100000023841858,0.3100000023841858,0.3100000023841858,0.3100000023841858,500,0.0,0.0
2024-07-09 09:00:00+08:00,0.3050000071525574,0.3050000071525574,0.3050000071525574,0.3050000071525574,1600,0.0,0.0
2024-07-09 09:35:00+08:00,0.3050000071525574,0.3149999976158142,0.3050000071525574,0.3100000023841858,53500,0.0,0.0
2024-07-09 09:40:00+08:00,0.3100000023841858,0.3149999976158142,0.3100000023841858,0.3149999976158142,32300,0.0,0.0
2024-07-09 10:00:00+08:00,0.3149999976158142,0.3149999976158142,0.3100000023841858,0.3149999976158142,3600,0.0,0.0
2024-07-09 10:35:00+08:00,0.3149999976158142,0.3149999976158142,0.3100000023841858,0.3100000023841858,600,0.0,0.0
2024-07-09 10:40:00+08:00,0.3100000023841858,0.3149999976158142,0.3100000023841858,0.3149999976158142,31100,0.0,0.0
2024-07-09 10:45:00+08:00,0.3149999976158142,0.3149999976158142,0.3100000023841858,0.3100000023841858,33600,0.0,0.0
2024-07-09 10:50:00+08:00,0.3100000023841858,0.3149999976158142,0.3100000023841858,0.3149999976158142,7400,0.0,0.0
2024-07-09 11:15:00+08:00,0.3149999976158142,0.3149999976158142,0.3149999976158142,0.3149999976158142,500,0.0,0.0
2024-07-09 11:20:00+08:00,0.3149999976158142,0.3149999976158142,0.3149999976158142,0.3149999976158142,2900,0.0,0.0
2024-07-09 11:35:00+08:00,0.3149999976158142,0.3149999976158142,0.3149999976158142,0.3149999976158142,500,0.0,0.0
2024-07-09 11:45:00+08:00,0.3149999976158142,0.3149999976158142,0.3149999976158142,0.3149999976158142,2900,0.0,0.0
2024-07-09 11:55:00+08:00,0.3149999976158142,0.3149999976158142,0.3149999976158142,0.3149999976158142,300,0.0,0.0
2024-07-09 12:55:00+08:00,0.3149999976158142,0.3149999976158142,0.3100000023841858,0.3100000023841858,11800,0.0,0.0
2024-07-09 13:05:00+08:00,0.3100000023841858,0.3149999976158142,0.3100000023841858,0.3149999976158142,10000,0.0,0.0
2024-07-09 13:15:00+08:00,0.3149999976158142,0.3149999976158142,0.3149999976158142,0.3149999976158142,200,0.0,0.0
2024-07-09 13:20:00+08:00,0.3149999976158142,0.3149999976158142,0.3149999976158142,0.3149999976158142,100,0.0,0.0
2024-07-09 13:25:00+08:00,0.3149999976158142,0.3149999976158142,0.3149999976158142,0.3149999976158142,100,0.0,0.0
2024-07-09 13:30:00+08:00,0.3149999976158142,0.3149999976158142,0.3149999976158142,0.3149999976158142,100,0.0,0.0
2024-07-09 13:35:00+08:00,0.3149999976158142,0.3149999976158142,0.3100000023841858,0.3100000023841858,65300,0.0,0.0
2024-07-09 14:00:00+08:00,0.3100000023841858,0.3100000023841858,0.3100000023841858,0.3100000023841858,20000,0.0,0.0
2024-07-09 14:10:00+08:00,0.3100000023841858,0.3100000023841858,0.3100000023841858,0.3100000023841858,100,0.0,0.0
2024-07-09 14:15:00+08:00,0.3100000023841858,0.3100000023841858,0.3100000023841858,0.3100000023841858,100,0.0,0.0
2024-07-09 14:20:00+08:00,0.3100000023841858,0.3100000023841858,0.3100000023841858,0.3100000023841858,45900,0.0,0.0
2024-07-09 14:25:00+08:00,0.3100000023841858,0.3149999976158142,0.3100000023841858,0.3149999976158142,4000,0.0,0.0
2024-07-09 14:30:00+08:00,0.3149999976158142,0.3149999976158142,0.3149999976158142,0.3149999976158142,100,0.0,0.0
2024-07-09 14:35:00+08:00,0.3149999976158142,0.3149999976158142,0.3149999976158142,0.3149999976158142,100,0.0,0.0
2024-07-09 14:40:00+08:00,0.3149999976158142,0.3149999976158142,0.3149999976158142,0.3149999976158142,100,0.0,0.0
2024-07-09 14:45:00+08:00,0.3149999976158142,0.3149999976158142,0.3100000023841858,0.3149999976158142,6100,0.0,0.0
2024-07-09 15:00:00+08:00,0.3149999976158142,0.3149999976158142,0.3149999976158142,0.3149999976158142,2700,0.0,0.0
2024-07-09 15:05:00+08:00,0.3149999976158142,0.3149999976158142,0.3149999976158142,0.3149999976158142,200,0.0,0.0
2024-07-09 15:10:00+08:00,0.3149999976158142,0.3149999976158142,0.3149999976158142,0.3149999976158142,600,0.0,0.0
2024-07-09 15:15:00+08:00,0.3149999976158142,0.3149999976158142,0.3149999976158142,0.3149999976158142,200,0.0,0.0
2024-07-09 15:20:00+08:00,0.3149999976158142,0.3149999976158142,0.3149999976158142,0.3149999976158142,0,0.0,0.0
2024-07-09 15:25:00+08:00,0.3149999976158142,0.3149999976158142,0.3149999976158142,0.3149999976158142,342300,0.0,0.0
2024-07-09 15:30:00+08:00,0.3149999976158142,0.3149999976158142,0.3149999976158142,0.3149999976158142,200,0.0,0.0
2024-07-09 15:35:00+08:00,0.3149999976158142,0.3149999976158142,0.3149999976158142,0.3149999976158142,100,0.0,0.0
2024-07-09 15:40:00+08:00,0.3149999976158142,0.3149999976158142,0.3149999976158142,0.3149999976158142,100,0.0,0.0
2024-07-09 15:45:00+08:00,0.3149999976158142,0.3149999976158142,0.3149999976158142,0.3149999976158142,3000,0.0,0.0
2024-07-09 15:50:00+08:00,0.3149999976158142,0.3149999976158142,0.3149999976158142,0.3149999976158142,600,0.0,0.0
2024-07-09 15:55:00+08:00,0.3149999976158142,0.3149999976158142,0.3149999976158142,0.3149999976158142,300,0.0,0.0
2024-07-09 16:00:00+08:00,0.3149999976158142,0.3149999976158142,0.3149999976158142,0.3149999976158142,100,0.0,0.0
2024-07-09 16:05:00+08:00,0.3149999976158142,0.3149999976158142,0.3149999976158142,0.3149999976158142,200,0.0,0.0
2024-07-09 16:10:00+08:00,0.3149999976158142,0.3149999976158142,0.3149999976158142,0.3149999976158142,100,0.0,0.0
2024-07-09 16:15:00+08:00,0.3149999976158142,0.3149999976158142,0.3149999976158142,0.3149999976158142,200,0.0,0.0
2024-07-09 16:20:00+08:00,0.3149999976158142,0.3149999976158142,0.3149999976158142,0.3149999976158142,3700,0.0,0.0
2024-07-09 16:25:00+08:00,0.3149999976158142,0.3149999976158142,0.3100000023841858,0.3100000023841858,200,0.0,0.0
2024-07-09 16:30:00+08:00,0.3100000023841858,0.3149999976158142,0.3100000023841858,0.3149999976158142,45100,0.0,0.0
2024-07-09 16:50:00+08:00,0.3149999976158142,0.3149999976158142,0.3149999976158142,0.3149999976158142,1100,0.0,0.0
2024-07-09 16:55:00+08:00,0.3149999976158142,0.3149999976158142,0.3149999976158142,0.3149999976158142,1000,0.0,0.0
2024-07-10 09:00:00+08:00,0.3100000023841858,0.3100000023841858,0.3100000023841858,0.3100000023841858,0,0.0,0.0
2024-07-10 09:20:00+08:00,0.3100000023841858,0.3100000023841858,0.3100000023841858,0.3100000023841858,312900,0.0,0.0
2024-07-10 09:55:00+08:00,0.3100000023841858,0.3100000023841858,0.3100000023841858,0.3100000023841858,309600,0.0,0.0
2024-07-10 10:35:00+08:00,0.3100000023841858,0.3100000023841858,0.3100000023841858,0.3100000023841858,20000,0.0,0.0
2024-07-10 11:20:00+08:00,0.3100000023841858,0.3100000023841858,0.3100000023841858,0.3100000023841858,1600,0.0,0.0
2024-07-10 11:40:00+08:00,0.3100000023841858,0.3100000023841858,0.3100000023841858,0.3100000023841858,1900,0.0,0.0
2024-07-10 11:55:00+08:00,0.3100000023841858,0.3100000023841858,0.3100000023841858,0.3100000023841858,400,0.0,0.0
2024-07-10 12:55:00+08:00,0.3050000071525574,0.3100000023841858,0.3050000071525574,0.3100000023841858,42600,0.0,0.0
2024-07-10 13:10:00+08:00,0.3100000023841858,0.3100000023841858,0.3100000023841858,0.3100000023841858,100,0.0,0.0
2024-07-10 13:15:00+08:00,0.3100000023841858,0.3100000023841858,0.3100000023841858,0.3100000023841858,100,0.0,0.0
2024-07-10 13:20:00+08:00,0.3100000023841858,0.3100000023841858,0.3100000023841858,0.3100000023841858,100,0.0,0.0
2024-07-10 13:25:00+08:00,0.3100000023841858,0.3100000023841858,0.3100000023841858,0.3100000023841858,100,0.0,0.0
2024-07-10 13:30:00+08:00,0.3100000023841858,0.3100000023841858,0.3100000023841858,0.3100000023841858,100,0.0,0.0
2024-07-10 13:35:00+08:00,0.3100000023841858,0.3100000023841858,0.3100000023841858,0.3100000023841858,100,0.0,0.0
2024-07-10 13:40:00+08:00,0.3100000023841858,0.3100000023841858,0.3100000023841858,0.3100000023841858,100,0.0,0.0
2024-07-10 13:45:00+08:00,0.3100000023841858,0.3100000023841858,0.3100000023841858,0.3100000023841858,100,0.0,0.0
2024-07-10 13:50:00+08:00,0.3100000023841858,0.3100000023841858,0.3100000023841858,0.3100000023841858,100,0.0,0.0
2024-07-10 13:55:00+08:00,0.3100000023841858,0.3100000023841858,0.3100000023841858,0.3100000023841858,200,0.0,0.0
2024-07-10 14:00:00+08:00,0.3100000023841858,0.3100000023841858,0.3100000023841858,0.3100000023841858,100,0.0,0.0
2024-07-10 14:05:00+08:00,0.3100000023841858,0.3100000023841858,0.3100000023841858,0.3100000023841858,1900,0.0,0.0
2024-07-10 14:10:00+08:00,0.3100000023841858,0.3100000023841858,0.3100000023841858,0.3100000023841858,100,0.0,0.0
2024-07-10 14:15:00+08:00,0.3100000023841858,0.3100000023841858,0.3100000023841858,0.3100000023841858,100,0.0,0.0
2024-07-10 14:20:00+08:00,0.3100000023841858,0.3100000023841858,0.3100000023841858,0.3100000023841858,100,0.0,0.0
2024-07-10 14:25:00+08:00,0.3100000023841858,0.3100000023841858,0.3100000023841858,0.3100000023841858,100,0.0,0.0
2024-07-10 14:30:00+08:00,0.3100000023841858,0.3100000023841858,0.3050000071525574,0.3100000023841858,28200,0.0,0.0
2024-07-10 14:40:00+08:00,0.3100000023841858,0.3100000023841858,0.3050000071525574,0.3100000023841858,55200,0.0,0.0
2024-07-10 14:50:00+08:00,0.3100000023841858,0.3100000023841858,0.3100000023841858,0.3100000023841858,300,0.0,0.0
2024-07-10 14:55:00+08:00,0.3100000023841858,0.3100000023841858,0.3100000023841858,0.3100000023841858,21900,0.0,0.0
2024-07-10 15:00:00+08:00,0.3100000023841858,0.3100000023841858,0.3100000023841858,0.3100000023841858,100,0.0,0.0
2024-07-10 15:05:00+08:00,0.3100000023841858,0.3100000023841858,0.3100000023841858,0.3100000023841858,200,0.0,0.0
2024-07-10 15:10:00+08:00,0.3100000023841858,0.3100000023841858,0.3100000023841858,0.3100000023841858,100,0.0,0.0
2024-07-10 15:15:00+08:00,0.3100000023841858,0.3100000023841858,0.3100000023841858,0.3100000023841858,100,0.0,0.0
2024-07-10 15:20:00+08:00,0.3100000023841858,0.3100000023841858,0.3100000023841858,0.3100000023841858,200,0.0,0.0
2024-07-10 15:25:00+08:00,0.3100000023841858,0.3100000023841858,0.3100000023841858,0.3100000023841858,100,0.0,0.0
2024-07-10 15:30:00+08:00,0.3100000023841858,0.3100000023841858,0.3100000023841858,0.3100000023841858,100,0.0,0.0
2024-07-10 15:35:00+08:00,0.3100000023841858,0.3100000023841858,0.3100000023841858,0.3100000023841858,200,0.0,0.0
2024-07-10 15:40:00+08:00,0.3100000023841858,0.3100000023841858,0.3100000023841858,0.3100000023841858,200,0.0,0.0
2024-07-10 15:45:00+08:00,0.3100000023841858,0.3100000023841858,0.3100000023841858,0.3100000023841858,1900,0.0,0.0
2024-07-10 15:50:00+08:00,0.3100000023841858,0.3100000023841858,0.3100000023841858,0.3100000023841858,200,0.0,0.0
2024-07-10 15:55:00+08:00,0.3100000023841858,0.3100000023841858,0.3100000023841858,0.3100000023841858,100,0.0,0.0
2024-07-10 16:00:00+08:00,0.3100000023841858,0.3100000023841858,0.3100000023841858,0.3100000023841858,200,0.0,0.0
2024-07-10 16:05:00+08:00,0.3100000023841858,0.3100000023841858,0.3100000023841858,0.3100000023841858,100,0.0,0.0
2024-07-10 16:10:00+08:00,0.3100000023841858,0.3100000023841858,0.3100000023841858,0.3100000023841858,100,0.0,0.0
2024-07-10 16:15:00+08:00,0.3100000023841858,0.3100000023841858,0.3100000023841858,0.3100000023841858,200,0.0,0.0
2024-07-10 16:20:00+08:00,0.3100000023841858,0.3100000023841858,0.3100000023841858,0.3100000023841858,2100,0.0,0.0
2024-07-10 16:25:00+08:00,0.3100000023841858,0.3100000023841858,0.3100000023841858,0.3100000023841858,200,0.0,0.0
2024-07-10 16:30:00+08:00,0.3100000023841858,0.3100000023841858,0.3100000023841858,0.3100000023841858,200,0.0,0.0
2024-07-10 16:35:00+08:00,0.3100000023841858,0.3100000023841858,0.3100000023841858,0.3100000023841858,200,0.0,0.0
2024-07-10 16:40:00+08:00,0.3100000023841858,0.3100000023841858,0.3100000023841858,0.3100000023841858,200,0.0,0.0
2024-07-10 16:45:00+08:00,0.3100000023841858,0.3100000023841858,0.3050000071525574,0.3100000023841858,2400,0.0,0.0
2024-07-10 16:50:00+08:00,0.3100000023841858,0.3100000023841858,0.3100000023841858,0.3100000023841858,700,0.0,0.0
2024-07-10 16:55:00+08:00,0.3100000023841858,0.3100000023841858,0.3050000071525574,0.3050000071525574,12900,0.0,0.0
2024-07-11 09:25:00+08:00,0.3050000071525574,0.3100000023841858,0.3050000071525574,0.3100000023841858,22600,0.0,0.0
2024-07-11 09:30:00+08:00,0.3100000023841858,0.3100000023841858,0.3050000071525574,0.3050000071525574,400,0.0,0.0
2024-07-11 09:40:00+08:00,0.3050000071525574,0.3100000023841858,0.3050000071525574,0.3100000023841858,10900,0.0,0.0
2024-07-11 09:45:00+08:00,0.3100000023841858,0.3100000023841858,0.3100000023841858,0.3100000023841858,800,0.0,0.0
2024-07-11 09:55:00+08:00,0.3100000023841858,0.3100000023841858,0.3100000023841858,0.3100000023841858,12700,0.0,0.0
2024-07-11 10:05:00+08:00,0.3100000023841858,0.3100000023841858,0.3100000023841858,0.3100000023841858,1900,0.0,0.0
2024-07-11 10:20:00+08:00,0.3100000023841858,0.3100000023841858,0.3100000023841858,0.3100000023841858,1100,0.0,0.0
2024-07-11 10:30:00+08:00,0.3100000023841858,0.3100000023841858,0.3100000023841858,0.3100000023841858,300,0.0,0.0
2024-07-11 10:45:00+08:00,0.3100000023841858,0.3100000023841858,0.3100000023841858,0.3100000023841858,1100,0.0,0.0
2024-07-11 11:20:00+08:00,0.3100000023841858,0.3100000023841858,0.3100000023841858,0.3100000023841858,1600,0.0,0.0
2024-07-11 11:25:00+08:00,0.3100000023841858,0.3100000023841858,0.3100000023841858,0.3100000023841858,100,0.0,0.0
2024-07-11 11:30:00+08:00,0.3100000023841858,0.3100000023841858,0.3100000023841858,0.3100000023841858,100,0.0,0.0
2024-07-11 11:40:00+08:00,0.3100000023841858,0.3100000023841858,0.3100000023841858,0.3100000023841858,600,0.0,0.0
2024-07-11 11:45:00+08:00,0.3100000023841858,0.3100000023841858,0.3100000023841858,0.3100000023841858,900,0.0,0.0
2024-07-11 11:50:00+08:00,0.3100000023841858,0.3100000023841858,0.3100000023841858,0.3100000023841858,100,0.0,0.0
2024-07-11 11:55:00+08:00,0.3100000023841858,0.3100000023841858,0.3100000023841858,0.3100000023841858,300,0.0,0.0
2024-07-11 12:55:00+08:00,0.3100000023841858,0.3100000023841858,0.3100000023841858,0.3100000023841858,1400,0.0,0.0
2024-07-11 13:05:00+08:00,0.3100000023841858,0.3149999976158142,0.3100000023841858,0.3149999976158142,611200,0.0,0.0
2024-07-11 13:15:00+08:00,0.3149999976158142,0.3149999976158142,0.3149999976158142,0.3149999976158142,200,0.0,0.0
2024-07-11 13:20:00+08:00,0.3149999976158142,0.3149999976158142,0.3149999976158142,0.3149999976158142,161200,0.0,0.0
2024-07-11 13:25:00+08:00,0.3149999976158142,0.3149999976158142,0.3149999976158142,0.3149999976158142,300,0.0,0.0
2024-07-11 13:35:00+08:00,0.3149999976158142,0.3149999976158142,0.3149999976158142,0.3149999976158142,100,0.0,0.0
2024-07-11 13:40:00+08:00,0.3149999976158142,0.3149999976158142,0.3149999976158142,0.3149999976158142,100,0.0,0.0
2024-07-11 13:45:00+08:00,0.3149999976158142,0.3149999976158142,0.3149999976158142,0.3149999976158142,400,0.0,0.0
2024-07-11 13:50:00+08:00,0.3149999976158142,0.3149999976158142,0.3149999976158142,0.3149999976158142,200,0.0,0.0
2024-07-11 13:55:00+08:00,0.3149999976158142,0.3149999976158142,0.3149999976158142,0.3149999976158142,200,0.0,0.0
2024-07-11 14:00:00+08:00,0.3149999976158142,0.3149999976158142,0.3149999976158142,0.3149999976158142,500,0.0,0.0
2024-07-11 14:05:00+08:00,0.3149999976158142,0.3149999976158142,0.3149999976158142,0.3149999976158142,4100,0.0,0.0
2024-07-11 14:10:00+08:00,0.3149999976158142,0.3149999976158142,0.3149999976158142,0.3149999976158142,200,0.0,0.0
2024-07-11 14:15:00+08:00,0.3149999976158142,0.3149999976158142,0.3149999976158142,0.3149999976158142,0,0.0,0.0
2024-07-11 14:20:00+08:00,0.3149999976158142,0.3149999976158142,0.3149999976158142,0.3149999976158142,836300,0.0,0.0
2024-07-11 14:25:00+08:00,0.3149999976158142,0.3149999976158142,0.3149999976158142,0.3149999976158142,200,0.0,0.0
2024-07-11 14:30:00+08:00,0.3149999976158142,0.3149999976158142,0.3149999976158142,0.3149999976158142,400,0.0,0.0
2024-07-11 14:35:00+08:00,0.3149999976158142,0.3149999976158142,0.3149999976158142,0.3149999976158142,16100,0.0,0.0
2024-07-11 14:40:00+08:00,0.3149999976158142,0.3149999976158142,0.3100000023841858,0.3100000023841858,358300,0.0,0.0
2024-07-11 14:50:00+08:00,0.3100000023841858,0.3100000023841858,0.3100000023841858,0.3100000023841858,57000,0.0,0.0
2024-07-11 14:55:00+08:00,0.3100000023841858,0.3149999976158142,0.3100000023841858,0.3100000023841858,15100,0.0,0.0
2024-07-11 15:00:00+08:00,0.3100000023841858,0.3100000023841858,0.3100000023841858,0.3100000023841858,31000,0.0,0.0
2024-07-11 15:05:00+08:00,0.3100000023841858,0.3100000023841858,0.3100000023841858,0.3100000023841858,7800,0.0,0.0
2024-07-11 15:10:00+08:00,0.3100000023841858,0.3100000023841858,0.3100000023841858,0.3100000023841858,5000,0.0,0.0
2024-07-11 15:20:00+08:00,0.3100000023841858,0.3100000023841858,0.3100000023841858,0.3100000023841858,100,0.0,0.0
2024-07-11 15:25:00+08:00,0.3100000023841858,0.3100000023841858,0.3100000023841858,0.3100000023841858,100,0.0,0.0
2024-07-11 15:30:00+08:00,0.3100000023841858,0.3100000023841858,0.3100000023841858,0.3100000023841858,40100,0.0,0.0
2024-07-11 15:40:00+08:00,0.3100000023841858,0.3100000023841858,0.3100000023841858,0.3100000023841858,400,0.0,0.0
2024-07-11 15:45:00+08:00,0.3100000023841858,0.3100000023841858,0.3100000023841858,0.3100000023841858,200,0.0,0.0
2024-07-11 15:50:00+08:00,0.3100000023841858,0.3100000023841858,0.3100000023841858,0.3100000023841858,100,0.0,0.0
2024-07-11 15:55:00+08:00,0.3100000023841858,0.3100000023841858,0.3050000071525574,0.3050000071525574,200,0.0,0.0
2024-07-11 16:00:00+08:00,0.3050000071525574,0.3100000023841858,0.3050000071525574,0.3100000023841858,25100,0.0,0.0
2024-07-11 16:05:00+08:00,0.3100000023841858,0.3100000023841858,0.3100000023841858,0.3100000023841858,30000,0.0,0.0
2024-07-11 16:10:00+08:00,0.3100000023841858,0.3100000023841858,0.3100000023841858,0.3100000023841858,700,0.0,0.0
2024-07-11 16:15:00+08:00,0.3100000023841858,0.3100000023841858,0.3100000023841858,0.3100000023841858,500,0.0,0.0
2024-07-11 16:20:00+08:00,0.3100000023841858,0.3100000023841858,0.3100000023841858,0.3100000023841858,27100,0.0,0.0
2024-07-11 16:25:00+08:00,0.3100000023841858,0.3100000023841858,0.3100000023841858,0.3100000023841858,300,0.0,0.0
2024-07-11 16:30:00+08:00,0.3100000023841858,0.3100000023841858,0.3100000023841858,0.3100000023841858,69600,0.0,0.0
2024-07-11 16:35:00+08:00,0.3100000023841858,0.3100000023841858,0.3100000023841858,0.3100000023841858,200,0.0,0.0
2024-07-11 16:40:00+08:00,0.3100000023841858,0.3100000023841858,0.3100000023841858,0.3100000023841858,200,0.0,0.0
2024-07-11 16:45:00+08:00,0.3100000023841858,0.3149999976158142,0.3100000023841858,0.3149999976158142,161900,0.0,0.0
2024-07-11 16:50:00+08:00,0.3149999976158142,0.3149999976158142,0.3149999976158142,0.3149999976158142,3500,0.0,0.0
2024-07-11 16:55:00+08:00,0.3149999976158142,0.3149999976158142,0.3149999976158142,0.3149999976158142,14000,0.0,0.0
2024-07-12 09:05:00+08:00,0.3149999976158142,0.3149999976158142,0.3100000023841858,0.3100000023841858,1100,0.0,0.0
2024-07-12 09:20:00+08:00,0.3100000023841858,0.3100000023841858,0.3100000023841858,0.3100000023841858,198800,0.0,0.0
2024-07-12 09:30:00+08:00,0.3100000023841858,0.3149999976158142,0.3100000023841858,0.3149999976158142,301800,0.0,0.0
2024-07-12 10:00:00+08:00,0.3149999976158142,0.3149999976158142,0.3149999976158142,0.3149999976158142,6500,0.0,0.0
2024-07-12 10:15:00+08:00,0.3149999976158142,0.3149999976158142,0.3149999976158142,0.3149999976158142,2600,0.0,0.0
2024-07-12 10:20:00+08:00,0.3149999976158142,0.3149999976158142,0.3149999976158142,0.3149999976158142,3500,0.0,0.0
2024-07-12 10:25:00+08:00,0.3149999976158142,0.3149999976158142,0.3149999976158142,0.3149999976158142,2100,0.0,0.0
2024-07-12 10:30:00+08:00,0.3149999976158142,0.3149999976158142,0.3149999976158142,0.3149999976158142,200,0.0,0.0
2024-07-12 10:40:00+08:00,0.3149999976158142,0.3149999976158142,0.3100000023841858,0.3100000023841858,4600,0.0,0.0
2024-07-12 10:45:00+08:00,0.3100000023841858,0.3100000023841858,0.3100000023841858,0.3100000023841858,200000,0.0,0.0
2024-07-12 10:55:00+08:00,0.3100000023841858,0.3149999976158142,0.3100000023841858,0.3149999976158142,155700,0.0,0.0
2024-07-12 11:25:00+08:00,0.3149999976158142,0.3149999976158142,0.3149999976158142,0.3149999976158142,1800,0.0,0.0
2024-07-12 11:30:00+08:00,0.3149999976158142,0.3149999976158142,0.3149999976158142,0.3149999976158142,3500,0.0,0.0
2024-07-12 11:40:00+08:00,0.3149999976158142,0.3149999976158142,0.3149999976158142,0.3149999976158142,11600,0.0,0.0
2024-07-12 11:45:00+08:00,0.3149999976158142,0.3149999976158142,0.3149999976158142,0.3149999976158142,2800,0.0,0.0
2024-07-12 11:55:00+08:00,0.3149999976158142,0.3149999976158142,0.3149999976158142,0.3149999976158142,7300,0.0,0.0
2024-07-12 12:55:00+08:00,0.3149999976158142,0.3149999976158142,0.3149999976158142,0.3149999976158142,55800,0.0,0.0
2024-07-12 13:25:00+08:00,0.3149999976158142,0.3149999976158142,0.3149999976158142,0.3149999976158142,100,0.0,0.0
2024-07-12 13:30:00+08:00,0.3149999976158142,0.3149999976158142,0.3149999976158142,0.3149999976158142,2000,0.0,0.0
2024-07-12 13:35:00+08:00,0.3149999976158142,0.3149999976158142,0.3100000023841858,0.3100000023841858,434100,0.0,0.0
2024-07-12 13:40:00+08:00,0.3100000023841858,0.3100000023841858,0.3100000023841858,0.3100000023841858,20000,0.0,0.0
2024-07-12 13:45:00+08:00,0.3100000023841858,0.3100000023841858,0.3100000023841858,0.3100000023841858,10900,0.0,0.0
2024-07-12 13:50:00+08:00,0.3100000023841858,0.3149999976158142,0.3100000023841858,0.3149999976158142,87500,0.0,0.0
2024-07-12 14:10:00+08:00,0.3149999976158142,0.3149999976158142,0.3100000023841858,0.3100000023841858,3100,0.0,0.0
2024-07-12 14:20:00+08:00,0.3100000023841858,0.3149999976158142,0.3100000023841858,0.3149999976158142,20000,0.0,0.0
2024-07-12 14:30:00+08:00,0.3149999976158142,0.3149999976158142,0.3149999976158142,0.3149999976158142,2500,0.0,0.0
2024-07-12 14:35:00+08:00,0.3149999976158142,0.3149999976158142,0.3149999976158142,0.3149999976158142,100,0.0,0.0
2024-07-12 14:45:00+08:00,0.3149999976158142,0.3149999976158142,0.3149999976158142,0.3149999976158142,1600,0.0,0.0
2024-07-12 15:00:00+08:00,0.3149999976158142,0.3149999976158142,0.3149999976158142,0.3149999976158142,5300,0.0,0.0
2024-07-12 15:10:00+08:00,0.3149999976158142,0.3149999976158142,0.3149999976158142,0.3149999976158142,100,0.0,0.0
2024-07-12 15:15:00+08:00,0.3149999976158142,0.3149999976158142,0.3149999976158142,0.3149999976158142,6100,0.0,0.0
2024-07-12 15:30:00+08:00,0.3149999976158142,0.3149999976158142,0.3100000023841858,0.3100000023841858,4800,0.0,0.0
2024-07-12 15:35:00+08:00,0.3100000023841858,0.3100000023841858,0.3100000023841858,0.3100000023841858,200,0.0,0.0
2024-07-12 15:40:00+08:00,0.3100000023841858,0.3149999976158142,0.3100000023841858,0.3149999976158142,10000,0.0,0.0
2024-07-12 15:45:00+08:00,0.3149999976158142,0.3149999976158142,0.3149999976158142,0.3149999976158142,6100,0.0,0.0
2024-07-12 15:50:00+08:00,0.3149999976158142,0.3149999976158142,0.3149999976158142,0.3149999976158142,100,0.0,0.0
2024-07-12 16:00:00+08:00,0.3149999976158142,0.3149999976158142,0.3149999976158142,0.3149999976158142,2000,0.0,0.0
2024-07-12 16:05:00+08:00,0.3149999976158142,0.3149999976158142,0.3149999976158142,0.3149999976158142,100,0.0,0.0
2024-07-12 16:15:00+08:00,0.3149999976158142,0.3149999976158142,0.3149999976158142,0.3149999976158142,1100,0.0,0.0
2024-07-12 16:20:00+08:00,0.3149999976158142,0.3149999976158142,0.3149999976158142,0.3149999976158142,3400,0.0,0.0
2024-07-12 16:30:00+08:00,0.3149999976158142,0.3149999976158142,0.3149999976158142,0.3149999976158142,4100,0.0,0.0
2024-07-12 16:35:00+08:00,0.3149999976158142,0.3149999976158142,0.3149999976158142,0.3149999976158142,2900,0.0,0.0
2024-07-12 16:50:00+08:00,0.3149999976158142,0.3149999976158142,0.3149999976158142,0.3149999976158142,700,0.0,0.0
2024-07-12 16:55:00+08:00,0.3149999976158142,0.3149999976158142,0.3149999976158142,0.3149999976158142,1400,0.0,0.0
2024-07-15 09:00:00+08:00,0.3100000023841858,0.3149999976158142,0.3100000023841858,0.3149999976158142,20300,0.0,0.0
2024-07-15 11:20:00+08:00,0.3149999976158142,0.3199999928474426,0.3149999976158142,0.3199999928474426,422400,0.0,0.0
2024-07-15 11:40:00+08:00,0.3199999928474426,0.3199999928474426,0.3199999928474426,0.3199999928474426,1400,0.0,0.0
2024-07-15 11:45:00+08:00,0.3199999928474426,0.3199999928474426,0.3199999928474426,0.3199999928474426,1000,0.0,0.0
2024-07-15 11:50:00+08:00,0.3199999928474426,0.3199999928474426,0.3199999928474426,0.3199999928474426,700,0.0,0.0
2024-07-15 12:55:00+08:00,0.3199999928474426,0.3199999928474426,0.3199999928474426,0.3199999928474426,200,0.0,0.0
2024-07-15 13:00:00+08:00,0.3199999928474426,0.3199999928474426,0.3199999928474426,0.3199999928474426,200,0.0,0.0
2024-07-15 13:05:00+08:00,0.3199999928474426,0.3199999928474426,0.3199999928474426,0.3199999928474426,800,0.0,0.0
2024-07-15 13:10:00+08:00,0.3199999928474426,0.3199999928474426,0.3199999928474426,0.3199999928474426,100,0.0,0.0
2024-07-15 13:15:00+08:00,0.3199999928474426,0.3199999928474426,0.3199999928474426,0.3199999928474426,300,0.0,0.0
2024-07-15 13:20:00+08:00,0.3199999928474426,0.3199999928474426,0.3199999928474426,0.3199999928474426,100,0.0,0.0
2024-07-15 13:25:00+08:00,0.3199999928474426,0.3199999928474426,0.3199999928474426,0.3199999928474426,300,0.0,0.0
2024-07-15 13:30:00+08:00,0.3199999928474426,0.3199999928474426,0.3199999928474426,0.3199999928474426,100,0.0,0.0
2024-07-15 13:35:00+08:00,0.3199999928474426,0.3199999928474426,0.3199999928474426,0.3199999928474426,200,0.0,0.0
2024-07-15 13:40:00+08:00,0.3199999928474426,0.3199999928474426,0.3199999928474426,0.3199999928474426,100,0.0,0.0
2024-07-15 13:45:00+08:00,0.3199999928474426,0.3199999928474426,0.3199999928474426,0.3199999928474426,100,0.0,0.0
2024-07-15 13:50:00+08:00,0.3199999928474426,0.3199999928474426,0.3199999928474426,0.3199999928474426,1600,0.0,0.0
2024-07-15 14:00:00+08:00,0.3199999928474426,0.3199999928474426,0.3149999976158142,0.3149999976158142,143200,0.0,0.0
2024-07-15 14:40:00+08:00,0.3149999976158142,0.3149999976158142,0.3149999976158142,0.3149999976158142,200,0.0,0.0
2024-07-15 14:50:00+08:00,0.3149999976158142,0.3149999976158142,0.3149999976158142,0.3149999976158142,100,0.0,0.0
2024-07-15 15:15:00+08:00,0.3149999976158142,0.3149999976158142,0.3149999976158142,0.3149999976158142,300,0.0,0.0
2024-07-15 15:20:00+08:00,0.3149999976158142,0.3149999976158142,0.3149999976158142,0.3149999976158142,100,0.0,0.0
2024-07-15 15:25:00+08:00,0.3149999976158142,0.3149999976158142,0.3149999976158142,0.3149999976158142,400,0.0,0.0
2024-07-15 15:30:00+08:00,0.3149999976158142,0.3149999976158142,0.3149999976158142,0.3149999976158142,100,0.0,0.0
2024-07-15 15:50:00+08:00,0.3149999976158142,0.3149999976158142,0.3149999976158142,0.3149999976158142,600,0.0,0.0
2024-07-15 15:55:00+08:00,0.3149999976158142,0.3149999976158142,0.3149999976158142,0.3149999976158142,1300,0.0,0.0
2024-07-15 16:00:00+08:00,0.3149999976158142,0.3149999976158142,0.3149999976158142,0.3149999976158142,1000,0.0,0.0
2024-07-15 16:05:00+08:00,0.3149999976158142,0.3149999976158142,0.3149999976158142,0.3149999976158142,100,0.0,0.0
2024-07-15 16:20:00+08:00,0.3149999976158142,0.3149999976158142,0.3149999976158142,0.3149999976158142,500,0.0,0.0
2024-07-15 16:25:00+08:00,0.3149999976158142,0.3149999976158142,0.3149999976158142,0.3149999976158142,1400,0.0,0.0
2024-07-15 16:30:00+08:00,0.3149999976158142,0.3149999976158142,0.3100000023841858,0.3149999976158142,20100,0.0,0.0
2024-07-15 16:40:00+08:00,0.3149999976158142,0.3149999976158142,0.3149999976158142,0.3149999976158142,500,0.0,0.0
2024-07-15 16:45:00+08:00,0.3149999976158142,0.3149999976158142,0.3149999976158142,0.3149999976158142,600,0.0,0.0
2024-07-15 16:50:00+08:00,0.3149999976158142,0.3149999976158142,0.3149999976158142,0.3149999976158142,1100,0.0,0.0
2024-07-15 16:55:00+08:00,0.3149999976158142,0.3149999976158142,0.3100000023841858,0.3100000023841858,1100,0.0,0.0
2024-07-16 09:10:00+08:00,0.3149999976158142,0.3149999976158142,0.3100000023841858,0.3100000023841858,2900,0.0,0.0
2024-07-16 09:40:00+08:00,0.3100000023841858,0.3100000023841858,0.3100000023841858,0.3100000023841858,650100,0.0,0.0
2024-07-16 09:45:00+08:00,0.3100000023841858,0.3100000023841858,0.3100000023841858,0.3100000023841858,59000,0.0,0.0
2024-07-16 09:55:00+08:00,0.3100000023841858,0.3100000023841858,0.3100000023841858,0.3100000023841858,800,0.0,0.0
2024-07-16 10:05:00+08:00,0.3100000023841858,0.3100000023841858,0.3100000023841858,0.3100000023841858,2700,0.0,0.0
2024-07-16 10:10:00+08:00,0.3100000023841858,0.3100000023841858,0.3100000023841858,0.3100000023841858,113300,0.0,0.0
2024-07-16 10:15:00+08:00,0.3100000023841858,0.3100000023841858,0.3100000023841858,0.3100000023841858,1000,0.0,0.0
2024-07-16 10:20:00+08:00,0.3100000023841858,0.3100000023841858,0.3100000023841858,0.3100000023841858,500,0.0,0.0
2024-07-16 10:30:00+08:00,0.3100000023841858,0.3100000023841858,0.3100000023841858,0.3100000023841858,90400,0.0,0.0
2024-07-16 10:40:00+08:00,0.3100000023841858,0.3149999976158142,0.3100000023841858,0.3149999976158142,107800,0.0,0.0
2024-07-16 11:35:00+08:00,0.3149999976158142,0.3149999976158142,0.3149999976158142,0.3149999976158142,2900,0.0,0.0
2024-07-16 11:50:00+08:00,0.3149999976158142,0.3149999976158142,0.3149999976158142,0.3149999976158142,3000,0.0,0.0
2024-07-16 11:55:00+08:00,0.3149999976158142,0.3149999976158142,0.3149999976158142,0.3149999976158142,6800,0.0,0.0
2024-07-16 12:55:00+08:00,0.3149999976158142,0.3149999976158142,0.3149999976158142,0.3149999976158142,100,0.0,0.0
2024-07-16 13:00:00+08:00,0.3149999976158142,0.3149999976158142,0.3149999976158142,0.3149999976158142,6100,0.0,0.0
2024-07-16 13:05:00+08:00,0.3149999976158142,0.3149999976158142,0.3149999976158142,0.3149999976158142,100,0.0,0.0
2024-07-16 13:10:00+08:00,0.3149999976158142,0.3149999976158142,0.3149999976158142,0.3149999976158142,14700,0.0,0.0
2024-07-16 13:20:00+08:00,0.3149999976158142,0.3149999976158142,0.3149999976158142,0.3149999976158142,3200,0.0,0.0
2024-07-16 13:25:00+08:00,0.3149999976158142,0.3149999976158142,0.3149999976158142,0.3149999976158142,2900,0.0,0.0
2024-07-16 13:30:00+08:00,0.3149999976158142,0.3149999976158142,0.3149999976158142,0.3149999976158142,100,0.0,0.0
2024-07-16 13:35:00+08:00,0.3149999976158142,0.3149999976158142,0.3149999976158142,0.3149999976158142,15000,0.0,0.0
2024-07-16 13:45:00+08:00,0.3149999976158142,0.3149999976158142,0.3149999976158142,0.3149999976158142,200,0.0,0.0
2024-07-16 13:50:00+08:00,0.3149999976158142,0.3149999976158142,0.3149999976158142,0.3149999976158142,3800,0.0,0.0
2024-07-16 14:00:00+08:00,0.3149999976158142,0.3149999976158142,0.3149999976158142,0.3149999976158142,3800,0.0,0.0
2024-07-16 14:10:00+08:00,0.3149999976158142,0.3149999976158142,0.3149999976158142,0.3149999976158142,3000,0.0,0.0
2024-07-16 14:20:00+08:00,0.3149999976158142,0.3149999976158142,0.3149999976158142,0.3149999976158142,1000,0.0,0.0
2024-07-16 14:25:00+08:00,0.3149999976158142,0.3149999976158142,0.3149999976158142,0.3149999976158142,100,0.0,0.0
2024-07-16 14:35:00+08:00,0.3149999976158142,0.3149999976158142,0.3149999976158142,0.3149999976158142,100,0.0,0.0
2024-07-16 14:40:00+08:00,0.3149999976158142,0.3149999976158142,0.3149999976158142,0.3149999976158142,3100,0.0,0.0
2024-07-16 14:45:00+08:00,0.3149999976158142,0.3149999976158142,0.3149999976158142,0.3149999976158142,5700,0.0,0.0
2024-07-16 14:55:00+08:00,0.3149999976158142,0.3149999976158142,0.3149999976158142,0.3149999976158142,200,0.0,0.0
2024-07-16 15:00:00+08:00,0.3149999976158142,0.3149999976158142,0.3149999976158142,0.3149999976158142,2900,0.0,0.0
2024-07-16 15:05:00+08:00,0.3149999976158142,0.3149999976158142,0.3149999976158142,0.3149999976158142,100,0.0,0.0
2024-07-16 15:10:00+08:00,0.3149999976158142,0.3149999976158142,0.3149999976158142,0.3149999976158142,2900,0.0,0.0
2024-07-16 15:15:00+08:00,0.3149999976158142,0.3149999976158142,0.3100000023841858,0.3149999976158142,6500,0.0,0.0
2024-07-16 15:25:00+08:00,0.3149999976158142,0.3149999976158142,0.3149999976158142,0.3149999976158142,12700,0.0,0.0
2024-07-16 15:30:00+08:00,0.3149999976158142,0.3149999976158142,0.3149999976158142,0.3149999976158142,90900,0.0,0.0
2024-07-16 15:35:00+08:00,0.3149999976158142,0.3149999976158142,0.3149999976158142,0.3149999976158142,4700,0.0,0.0
2024-07-16 15:40:00+08:00,0.3149999976158142,0.3149999976158142,0.3149999976158142,0.3149999976158142,100,0.0,0.0
2024-07-16 15:45:00+08:00,0.3149999976158142,0.3149999976158142,0.3149999976158142,0.3149999976158142,2900,0.0,0.0
2024-07-16 15:50:00+08:00,0.3149999976158142,0.3149999976158142,0.3149999976158142,0.3149999976158142,4100,0.0,0.0
2024-07-16 15:55:00+08:00,0.3149999976158142,0.3149999976158142,0.3149999976158142,0.3149999976158142,3000,0.0,0.0
2024-07-16 16:00:00+08:00,0.3149999976158142,0.3149999976158142,0.3149999976158142,0.3149999976158142,3300,0.0,0.0
2024-07-16 16:05:00+08:00,0.3149999976158142,0.3149999976158142,0.3149999976158142,0.3149999976158142,3500,0.0,0.0
2024-07-16 16:10:00+08:00,0.3149999976158142,0.3149999976158142,0.3149999976158142,0.3149999976158142,100,0.0,0.0
2024-07-16 16:15:00+08:00,0.3149999976158142,0.3149999976158142,0.3149999976158142,0.3149999976158142,100,0.0,0.0
2024-07-16 16:20:00+08:00,0.3149999976158142,0.3149999976158142,0.3149999976158142,0.3149999976158142,100,0.0,0.0
2024-07-16 16:25:00+08:00,0.3149999976158142,0.3149999976158142,0.3149999976158142,0.3149999976158142,100,0.0,0.0
2024-07-16 16:30:00+08:00,0.3149999976158142,0.3149999976158142,0.3100000023841858,0.3149999976158142,429900,0.0,0.0
2024-07-16 16:35:00+08:00,0.3149999976158142,0.3149999976158142,0.3149999976158142,0.3149999976158142,7900,0.0,0.0
2024-07-16 16:45:00+08:00,0.3149999976158142,0.3149999976158142,0.3149999976158142,0.3149999976158142,7200,0.0,0.0
2024-07-16 16:50:00+08:00,0.3149999976158142,0.3149999976158142,0.3100000023841858,0.3149999976158142,26400,0.0,0.0
2024-07-16 16:55:00+08:00,0.3149999976158142,0.3149999976158142,0.3100000023841858,0.3149999976158142,25600,0.0,0.0
2024-07-17 09:00:00+08:00,0.3149999976158142,0.3149999976158142,0.3100000023841858,0.3149999976158142,326400,0.0,0.0
2024-07-17 09:10:00+08:00,0.3149999976158142,0.3149999976158142,0.3149999976158142,0.3149999976158142,20000,0.0,0.0
2024-07-17 09:15:00+08:00,0.3149999976158142,0.3149999976158142,0.3149999976158142,0.3149999976158142,113800,0.0,0.0
2024-07-17 09:25:00+08:00,0.3149999976158142,0.3149999976158142,0.3149999976158142,0.3149999976158142,357600,0.0,0.0
2024-07-17 09:35:00+08:00,0.3149999976158142,0.3149999976158142,0.3149999976158142,0.3149999976158142,5000,0.0,0.0
2024-07-17 09:40:00+08:00,0.3149999976158142,0.3149999976158142,0.3149999976158142,0.3149999976158142,357900,0.0,0.0
2024-07-17 09:50:00+08:00,0.3149999976158142,0.3149999976158142,0.3149999976158142,0.3149999976158142,100000,0.0,0.0
2024-07-17 09:55:00+08:00,0.3149999976158142,0.3149999976158142,0.3149999976158142,0.3149999976158142,10000,0.0,0.0
2024-07-17 10:00:00+08:00,0.3149999976158142,0.3149999976158142,0.3149999976158142,0.3149999976158142,10000,0.0,0.0
2024-07-17 10:10:00+08:00,0.3149999976158142,0.3149999976158142,0.3149999976158142,0.3149999976158142,60900,0.0,0.0
2024-07-17 11:25:00+08:00,0.3149999976158142,0.3149999976158142,0.3149999976158142,0.3149999976158142,400,0.0,0.0
2024-07-17 11:45:00+08:00,0.3149999976158142,0.3149999976158142,0.3149999976158142,0.3149999976158142,400,0.0,0.0
2024-07-17 12:55:00+08:00,0.3149999976158142,0.3149999976158142,0.3149999976158142,0.3149999976158142,100,0.0,0.0
2024-07-17 14:05:00+08:00,0.3149999976158142,0.3149999976158142,0.3149999976158142,0.3149999976158142,400,0.0,0.0
2024-07-17 14:45:00+08:00,0.3149999976158142,0.3149999976158142,0.3149999976158142,0.3149999976158142,400,0.0,0.0
2024-07-17 15:30:00+08:00,0.3149999976158142,0.3149999976158142,0.3149999976158142,0.3149999976158142,400,0.0,0.0
2024-07-17 15:45:00+08:00,0.3149999976158142,0.3149999976158142,0.3149999976158142,0.3149999976158142,20600,0.0,0.0
2024-07-17 15:50:00+08:00,0.3149999976158142,0.3149999976158142,0.3149999976158142,0.3149999976158142,2000,0.0,0.0
2024-07-17 16:05:00+08:00,0.3149999976158142,0.3149999976158142,0.3149999976158142,0.3149999976158142,91800,0.0,0.0
2024-07-17 16:10:00+08:00,0.3149999976158142,0.3149999976158142,0.3149999976158142,0.3149999976158142,1500,0.0,0.0
2024-07-17 16:30:00+08:00,0.3149999976158142,0.3149999976158142,0.3149999976158142,0.3149999976158142,400,0.0,0.0
2024-07-17 16:45:00+08:00,0.3149999976158142,0.3149999976158142,0.3149999976158142,0.3149999976158142,300,0.0,0.0
2024-07-17 16:55:00+08:00,0.3149999976158142,0.3149999976158142,0.3149999976158142,0.3149999976158142,200,0.0,0.0
2024-07-18 09:10:00+08:00,0.3149999976158142,0.3199999928474426,0.3149999976158142,0.3199999928474426,100100,0.0,0.0
2024-07-18 09:15:00+08:00,0.3199999928474426,0.3199999928474426,0.3199999928474426,0.3199999928474426,500,0.0,0.0
2024-07-18 09:20:00+08:00,0.3199999928474426,0.3199999928474426,0.3149999976158142,0.3149999976158142,1500,0.0,0.0
2024-07-18 09:35:00+08:00,0.3149999976158142,0.3149999976158142,0.3100000023841858,0.3149999976158142,57600,0.0,0.0
2024-07-18 09:45:00+08:00,0.3149999976158142,0.3149999976158142,0.3149999976158142,0.3149999976158142,31400,0.0,0.0
2024-07-18 09:50:00+08:00,0.3149999976158142,0.3149999976158142,0.3149999976158142,0.3149999976158142,700,0.0,0.0
2024-07-18 09:55:00+08:00,0.3149999976158142,0.3149999976158142,0.3149999976158142,0.3149999976158142,10100,0.0,0.0
2024-07-18 10:00:00+08:00,0.3149999976158142,0.3149999976158142,0.3100000023841858,0.3100000023841858,348800,0.0,0.0
2024-07-18 10:30:00+08:00,0.3100000023841858,0.3149999976158142,0.3100000023841858,0.3149999976158142,7000,0.0,0.0
2024-07-18 10:40:00+08:00,0.3149999976158142,0.3149999976158142,0.3149999976158142,0.3149999976158142,2600,0.0,0.0
2024-07-18 11:20:00+08:00,0.3149999976158142,0.3149999976158142,0.3149999976158142,0.3149999976158142,1100,0.0,0.0
2024-07-18 11:40:00+08:00,0.3149999976158142,0.3149999976158142,0.3149999976158142,0.3149999976158142,2000,0.0,0.0
2024-07-18 11:45:00+08:00,0.3149999976158142,0.3149999976158142,0.3149999976158142,0.3149999976158142,1200,0.0,0.0
2024-07-18 11:50:00+08:00,0.3149999976158142,0.3149999976158142,0.3149999976158142,0.3149999976158142,1500,0.0,0.0
2024-07-18 11:55:00+08:00,0.3149999976158142,0.3149999976158142,0.3149999976158142,0.3149999976158142,100,0.0,0.0
2024-07-18 12:55:00+08:00,0.3149999976158142,0.3149999976158142,0.3149999976158142,0.3149999976158142,400,0.0,0.0
2024-07-18 13:00:00+08:00,0.3149999976158142,0.3149999976158142,0.3149999976158142,0.3149999976158142,1800,0.0,0.0
2024-07-18 13:05:00+08:00,0.3149999976158142,0.3149999976158142,0.3149999976158142,0.3149999976158142,700,0.0,0.0
2024-07-18 13:20:00+08:00,0.3149999976158142,0.3149999976158142,0.3149999976158142,0.3149999976158142,100,0.0,0.0
2024-07-18 13:30:00+08:00,0.3149999976158142,0.3149999976158142,0.3149999976158142,0.3149999976158142,2900,0.0,0.0
2024-07-18 13:35:00+08:00,0.3149999976158142,0.3149999976158142,0.3149999976158142,0.3149999976158142,1000,0.0,0.0
2024-07-18 13:40:00+08:00,0.3149999976158142,0.3149999976158142,0.3149999976158142,0.3149999976158142,900,0.0,0.0
2024-07-18 13:50:00+08:00,0.3149999976158142,0.3149999976158142,0.3149999976158142,0.3149999976158142,4100,0.0,0.0
2024-07-18 13:55:00+08:00,0.3149999976158142,0.3149999976158142,0.3149999976158142,0.3149999976158142,0,0.0,0.0
2024-07-18 14:00:00+08:00,0.3149999976158142,0.3149999976158142,0.3149999976158142,0.3149999976158142,580400,0.0,0.0
2024-07-18 14:10:00+08:00,0.3149999976158142,0.3149999976158142,0.3149999976158142,0.3149999976158142,4900,0.0,0.0
2024-07-18 14:20:00+08:00,0.3149999976158142,0.3149999976158142,0.3149999976158142,0.3149999976158142,100,0.0,0.0
2024-07-18 14:30:00+08:00,0.3149999976158142,0.3149999976158142,0.3149999976158142,0.3149999976158142,7700,0.0,0.0
2024-07-18 14:35:00+08:00,0.3149999976158142,0.3149999976158142,0.3149999976158142,0.3149999976158142,1800,0.0,0.0
2024-07-18 14:40:00+08:00,0.3149999976158142,0.3149999976158142,0.3149999976158142,0.3149999976158142,200,0.0,0.0
2024-07-18 14:50:00+08:00,0.3149999976158142,0.3149999976158142,0.3149999976158142,0.3149999976158142,3800,0.0,0.0
2024-07-18 14:55:00+08:00,0.3149999976158142,0.3149999976158142,0.3149999976158142,0.3149999976158142,1700,0.0,0.0
2024-07-18 15:10:00+08:00,0.3149999976158142,0.3149999976158142,0.3149999976158142,0.3149999976158142,7400,0.0,0.0
2024-07-18 15:15:00+08:00,0.3149999976158142,0.3149999976158142,0.3149999976158142,0.3149999976158142,200,0.0,0.0
2024-07-18 15:20:00+08:00,0.3149999976158142,0.3149999976158142,0.3149999976158142,0.3149999976158142,1000,0.0,0.0
2024-07-18 15:25:00+08:00,0.3149999976158142,0.3149999976158142,0.3149999976158142,0.3149999976158142,1000,0.0,0.0
2024-07-18 15:30:00+08:00,0.3149999976158142,0.3149999976158142,0.3149999976158142,0.3149999976158142,8300,0.0,0.0
2024-07-18 15:45:00+08:00,0.3149999976158142,0.3149999976158142,0.3149999976158142,0.3149999976158142,1300,0.0,0.0
2024-07-18 15:50:00+08:00,0.3149999976158142,0.3149999976158142,0.3100000023841858,0.3149999976158142,16700,0.0,0.0
2024-07-18 15:55:00+08:00,0.3149999976158142,0.3149999976158142,0.3149999976158142,0.3149999976158142,2100,0.0,0.0
2024-07-18 16:00:00+08:00,0.3149999976158142,0.3149999976158142,0.3149999976158142,0.3149999976158142,1400,0.0,0.0
2024-07-18 16:10:00+08:00,0.3149999976158142,0.3149999976158142,0.3100000023841858,0.3149999976158142,3600,0.0,0.0
2024-07-18 16:15:00+08:00,0.3149999976158142,0.3149999976158142,0.3149999976158142,0.3149999976158142,0,0.0,0.0
2024-07-18 16:20:00+08:00,0.3149999976158142,0.3149999976158142,0.3100000023841858,0.3149999976158142,706200,0.0,0.0
2024-07-18 16:25:00+08:00,0.3149999976158142,0.3149999976158142,0.3100000023841858,0.3149999976158142,77400,0.0,0.0
2024-07-18 16:30:00+08:00,0.3149999976158142,0.3149999976158142,0.3149999976158142,0.3149999976158142,4800,0.0,0.0
2024-07-18 16:35:00+08:00,0.3149999976158142,0.3149999976158142,0.3149999976158142,0.3149999976158142,3700,0.0,0.0
2024-07-18 16:40:00+08:00,0.3149999976158142,0.3149999976158142,0.3100000023841858,0.3149999976158142,10200,0.0,0.0
2024-07-18 16:45:00+08:00,0.3149999976158142,0.3149999976158142,0.3100000023841858,0.3149999976158142,8900,0.0,0.0
2024-07-18 16:50:00+08:00,0.3149999976158142,0.3149999976158142,0.3100000023841858,0.3149999976158142,2300,0.0,0.0
2024-07-18 16:55:00+08:00,0.3149999976158142,0.3149999976158142,0.3100000023841858,0.3149999976158142,24700,0.0,0.0
2024-07-19 09:00:00+08:00,0.3149999976158142,0.3149999976158142,0.3149999976158142,0.3149999976158142,10000,0.0,0.0
2024-07-19 09:20:00+08:00,0.3149999976158142,0.3149999976158142,0.3149999976158142,0.3149999976158142,40000,0.0,0.0
2024-07-19 09:30:00+08:00,0.3149999976158142,0.3149999976158142,0.3149999976158142,0.3149999976158142,113600,0.0,0.0
2024-07-19 09:45:00+08:00,0.3149999976158142,0.3149999976158142,0.3149999976158142,0.3149999976158142,408200,0.0,0.0
2024-07-19 11:35:00+08:00,0.3149999976158142,0.3149999976158142,0.3149999976158142,0.3149999976158142,100000,0.0,0.0
2024-07-19 11:40:00+08:00,0.3149999976158142,0.3149999976158142,0.3149999976158142,0.3149999976158142,1500,0.0,0.0
2024-07-19 11:50:00+08:00,0.3149999976158142,0.3149999976158142,0.3149999976158142,0.3149999976158142,400,0.0,0.0
2024-07-19 11:55:00+08:00,0.3149999976158142,0.3149999976158142,0.3149999976158142,0.3149999976158142,100,0.0,0.0
2024-07-19 12:55:00+08:00,0.3149999976158142,0.3149999976158142,0.3149999976158142,0.3149999976158142,200,0.0,0.0
2024-07-19 13:05:00+08:00,0.3149999976158142,0.3149999976158142,0.3149999976158142,0.3149999976158142,300,0.0,0.0
2024-07-19 13:10:00+08:00,0.3149999976158142,0.3149999976158142,0.3149999976158142,0.3149999976158142,6000,0.0,0.0
2024-07-19 13:20:00+08:00,0.3149999976158142,0.3149999976158142,0.3149999976158142,0.3149999976158142,100,0.0,0.0
2024-07-19 13:25:00+08:00,0.3149999976158142,0.3149999976158142,0.3149999976158142,0.3149999976158142,100,0.0,0.0
2024-07-19 13:35:00+08:00,0.3149999976158142,0.3149999976158142,0.3149999976158142,0.3149999976158142,200,0.0,0.0
2024-07-19 14:10:00+08:00,0.3149999976158142,0.3149999976158142,0.3149999976158142,0.3149999976158142,43100,0.0,0.0
2024-07-19 14:20:00+08:00,0.3149999976158142,0.3149999976158142,0.3100000023841858,0.3100000023841858,2000,0.0,0.0
2024-07-19 14:50:00+08:00,0.3100000023841858,0.3149999976158142,0.3100000023841858,0.3149999976158142,14700,0.0,0.0
2024-07-19 14:55:00+08:00,0.3149999976158142,0.3149999976158142,0.3149999976158142,0.3149999976158142,700,0.0,0.0
2024-07-19 15:25:00+08:00,0.3149999976158142,0.3149999976158142,0.3149999976158142,0.3149999976158142,37600,0.0,0.0
2024-07-19 15:30:00+08:00,0.3149999976158142,0.3149999976158142,0.3149999976158142,0.3149999976158142,8100,0.0,0.0
2024-07-19 16:20:00+08:00,0.3149999976158142,0.3149999976158142,0.3149999976158142,0.3149999976158142,100,0.0,0.0
2024-07-19 16:25:00+08:00,0.3149999976158142,0.3149999976158142,0.3149999976158142,0.3149999976158142,100,0.0,0.0
2024-07-19 16:30:00+08:00,0.3149999976158142,0.3149999976158142,0.3149999976158142,0.3149999976158142,21600,0.0,0.0
2024-07-19 16:45:00+08:00,0.3149999976158142,0.3149999976158142,0.3149999976158142,0.3149999976158142,800,0.0,0.0
2024-07-19 16:50:00+08:00,0.3149999976158142,0.3149999976158142,0.3100000023841858,0.3100000023841858,100,0.0,0.0
2024-07-19 16:55:00+08:00,0.3100000023841858,0.3100000023841858,0.3100000023841858,0.3100000023841858,100,0.0,0.0
2024-07-22 09:20:00+08:00,0.3149999976158142,0.3149999976158142,0.3100000023841858,0.3149999976158142,74000,0.0,0.0
2024-07-22 09:55:00+08:00,0.3149999976158142,0.3149999976158142,0.3149999976158142,0.3149999976158142,30000,0.0,0.0
2024-07-22 10:05:00+08:00,0.3149999976158142,0.3149999976158142,0.3149999976158142,0.3149999976158142,539300,0.0,0.0
2024-07-22 10:10:00+08:00,0.3149999976158142,0.3149999976158142,0.3100000023841858,0.3100000023841858,168600,0.0,0.0
2024-07-22 10:20:00+08:00,0.3100000023841858,0.3149999976158142,0.3100000023841858,0.3149999976158142,400,0.0,0.0
2024-07-22 10:30:00+08:00,0.3149999976158142,0.3149999976158142,0.3100000023841858,0.3100000023841858,35000,0.0,0.0
2024-07-22 10:45:00+08:00,0.3100000023841858,0.3149999976158142,0.3100000023841858,0.3149999976158142,60000,0.0,0.0
2024-07-22 11:10:00+08:00,0.3149999976158142,0.3149999976158142,0.3149999976158142,0.3149999976158142,5700,0.0,0.0
2024-07-22 11:15:00+08:00,0.3149999976158142,0.3149999976158142,0.3149999976158142,0.3149999976158142,20000,0.0,0.0
2024-07-22 11:55:00+08:00,0.3149999976158142,0.3149999976158142,0.3149999976158142,0.3149999976158142,50000,0.0,0.0
2024-07-22 12:55:00+08:00,0.3149999976158142,0.3149999976158142,0.3149999976158142,0.3149999976158142,20000,0.0,0.0
2024-07-22 13:05:00+08:00,0.3149999976158142,0.3149999976158142,0.3149999976158142,0.3149999976158142,0,0.0,0.0
2024-07-22 13:15:00+08:00,0.3149999976158142,0.3149999976158142,0.3149999976158142,0.3149999976158142,1067600,0.0,0.0
2024-07-22 13:20:00+08:00,0.3149999976158142,0.3149999976158142,0.3149999976158142,0.3149999976158142,800,0.0,0.0
2024-07-22 13:25:00+08:00,0.3149999976158142,0.3149999976158142,0.3149999976158142,0.3149999976158142,10000,0.0,0.0
2024-07-22 14:35:00+08:00,0.3149999976158142,0.3149999976158142,0.3149999976158142,0.3149999976158142,30000,0.0,0.0
2024-07-22 14:45:00+08:00,0.3149999976158142,0.3149999976158142,0.3149999976158142,0.3149999976158142,20600,0.0,0.0
2024-07-22 14:50:00+08:00,0.3149999976158142,0.3149999976158142,0.3149999976158142,0.3149999976158142,2600,0.0,0.0
2024-07-22 15:00:00+08:00,0.3149999976158142,0.3149999976158142,0.3149999976158142,0.3149999976158142,22600,0.0,0.0
2024-07-22 15:05:00+08:00,0.3149999976158142,0.3149999976158142,0.3149999976158142,0.3149999976158142,1400,0.0,0.0
2024-07-22 15:10:00+08:00,0.3149999976158142,0.3149999976158142,0.3149999976158142,0.3149999976158142,5300,0.0,0.0
2024-07-22 15:15:00+08:00,0.3149999976158142,0.3149999976158142,0.3149999976158142,0.3149999976158142,7800,0.0,0.0
2024-07-22 15:20:00+08:00,0.3149999976158142,0.3199999928474426,0.3149999976158142,0.3149999976158142,162300,0.0,0.0
2024-07-22 15:40:00+08:00,0.3149999976158142,0.3149999976158142,0.3149999976158142,0.3149999976158142,257400,0.0,0.0
2024-07-22 15:55:00+08:00,0.3149999976158142,0.3149999976158142,0.3149999976158142,0.3149999976158142,5200,0.0,0.0
2024-07-22 16:00:00+08:00,0.3149999976158142,0.3149999976158142,0.3149999976158142,0.3149999976158142,4400,0.0,0.0
2024-07-22 16:10:00+08:00,0.3149999976158142,0.3149999976158142,0.3149999976158142,0.3149999976158142,5600,0.0,0.0
2024-07-22 16:15:00+08:00,0.3149999976158142,0.3149999976158142,0.3149999976158142,0.3149999976158142,5600,0.0,0.0
2024-07-22 16:20:00+08:00,0.3149999976158142,0.3149999976158142,0.3149999976158142,0.3149999976158142,44100,0.0,0.0
2024-07-22 16:30:00+08:00,0.3149999976158142,0.3199999928474426,0.3149999976158142,0.3149999976158142,280000,0.0,0.0
2024-07-22 16:45:00+08:00,0.3149999976158142,0.3149999976158142,0.3149999976158142,0.3149999976158142,15000,0.0,0.0
2024-07-22 16:55:00+08:00,0.3149999976158142,0.3149999976158142,0.3149999976158142,0.3149999976158142,200,0.0,0.0
2024-07-23 11:55:00+08:00,0.3149999976158142,0.3199999928474426,0.3149999976158142,0.3149999976158142,56400,0.0,0.0
2024-07-23 12:55:00+08:00,0.3199999928474426,0.3199999928474426,0.3149999976158142,0.3149999976158142,1200,0.0,0.0
2024-07-23 13:00:00+08:00,0.3149999976158142,0.3149999976158142,0.3100000023841858,0.3100000023841858,353400,0.0,0.0
2024-07-23 14:40:00+08:00,0.3100000023841858,0.3149999976158142,0.3100000023841858,0.3149999976158142,200,0.0,0.0
2024-07-23 14:50:00+08:00,0.3149999976158142,0.3149999976158142,0.3149999976158142,0.3149999976158142,200,0.0,0.0
2024-07-23 15:30:00+08:00,0.3149999976158142,0.3149999976158142,0.3149999976158142,0.3149999976158142,200,0.0,0.0
2024-07-23 16:05:00+08:00,0.3149999976158142,0.3149999976158142,0.3100000023841858,0.3100000023841858,200,0.0,0.0
2024-07-23 16:15:00+08:00,0.3100000023841858,0.3149999976158142,0.3100000023841858,0.3149999976158142,400,0.0,0.0
2024-07-23 16:25:00+08:00,0.3149999976158142,0.3149999976158142,0.3149999976158142,0.3149999976158142,200,0.0,0.0
2024-07-23 16:45:00+08:00,0.3149999976158142,0.3149999976158142,0.3149999976158142,0.3149999976158142,200,0.0,0.0
2024-07-23 16:55:00+08:00,0.3149999976158142,0.3149999976158142,0.3149999976158142,0.3149999976158142,100,0.0,0.0
2024-07-24 12:55:00+08:00,0.3100000023841858,0.3100000023841858,0.3100000023841858,0.3100000023841858,16300,0.0,0.0
2024-07-24 13:35:00+08:00,0.3100000023841858,0.3149999976158142,0.3100000023841858,0.3100000023841858,29700,0.0,0.0
2024-07-24 13:40:00+08:00,0.3100000023841858,0.3100000023841858,0.3100000023841858,0.3100000023841858,400,0.0,0.0
2024-07-24 13:45:00+08:00,0.3100000023841858,0.3100000023841858,0.3100000023841858,0.3100000023841858,5100,0.0,0.0
2024-07-24 14:05:00+08:00,0.3100000023841858,0.3149999976158142,0.3100000023841858,0.3100000023841858,5100,0.0,0.0
2024-07-24 14:10:00+08:00,0.3100000023841858,0.3149999976158142,0.3100000023841858,0.3149999976158142,500,0.0,0.0
2024-07-24 14:35:00+08:00,0.3149999976158142,0.3149999976158142,0.3100000023841858,0.3149999976158142,1800,0.0,0.0
2024-07-24 14:55:00+08:00,0.3149999976158142,0.3149999976158142,0.3149999976158142,0.3149999976158142,100,0.0,0.0
2024-07-24 15:45:00+08:00,0.3149999976158142,0.3149999976158142,0.3100000023841858,0.3100000023841858,100,0.0,0.0
2024-07-24 15:50:00+08:00,0.3100000023841858,0.3149999976158142,0.3100000023841858,0.3100000023841858,108900,0.0,0.0
2024-07-24 15:55:00+08:00,0.3100000023841858,0.3100000023841858,0.3100000023841858,0.3100000023841858,3500,0.0,0.0
2024-07-24 16:00:00+08:00,0.3100000023841858,0.3100000023841858,0.3100000023841858,0.3100000023841858,500,0.0,0.0
2024-07-24 16:05:00+08:00,0.3100000023841858,0.3100000023841858,0.3100000023841858,0.3100000023841858,10000,0.0,0.0
2024-07-24 16:15:00+08:00,0.3100000023841858,0.3149999976158142,0.3100000023841858,0.3100000023841858,4800,0.0,0.0
2024-07-24 16:20:00+08:00,0.3100000023841858,0.3149999976158142,0.3100000023841858,0.3149999976158142,4000,0.0,0.0
2024-07-24 16:25:00+08:00,0.3149999976158142,0.3149999976158142,0.3100000023841858,0.3100000023841858,100,0.0,0.0
2024-07-24 16:30:00+08:00,0.3100000023841858,0.3149999976158142,0.3100000023841858,0.3149999976158142,3400,0.0,0.0
2024-07-24 16:40:00+08:00,0.3149999976158142,0.3149999976158142,0.3100000023841858,0.3100000023841858,2900,0.0,0.0
2024-07-24 16:45:00+08:00,0.3100000023841858,0.3149999976158142,0.3100000023841858,0.3100000023841858,4300,0.0,0.0
2024-07-24 16:50:00+08:00,0.3100000023841858,0.3149999976158142,0.3100000023841858,0.3149999976158142,8200,0.0,0.0
2024-07-24 16:55:00+08:00,0.3149999976158142,0.3149999976158142,0.3100000023841858,0.3149999976158142,4700,0.0,0.0
2024-07-25 09:00:00+08:00,0.3100000023841858,0.3100000023841858,0.3100000023841858,0.3100000023841858,20100,0.0,0.0
2024-07-25 09:05:00+08:00,0.3100000023841858,0.3100000023841858,0.3100000023841858,0.3100000023841858,478300,0.0,0.0
2024-07-25 09:10:00+08:00,0.3100000023841858,0.3100000023841858,0.3050000071525574,0.3050000071525574,10000,0.0,0.0
2024-07-25 09:50:00+08:00,0.3050000071525574,0.3050000071525574,0.3050000071525574,0.3050000071525574,2300,0.0,0.0
2024-07-25 10:00:00+08:00,0.3050000071525574,0.3050000071525574,0.3050000071525574,0.3050000071525574,0,0.0,0.0
2024-07-25 10:05:00+08:00,0.3050000071525574,0.3100000023841858,0.3050000071525574,0.3100000023841858,521800,0.0,0.0
2024-07-25 10:10:00+08:00,0.3100000023841858,0.3100000023841858,0.3050000071525574,0.3050000071525574,49300,0.0,0.0
2024-07-25 10:15:00+08:00,0.3050000071525574,0.3100000023841858,0.3050000071525574,0.3100000023841858,10700,0.0,0.0
2024-07-25 10:20:00+08:00,0.3100000023841858,0.3100000023841858,0.3050000071525574,0.3050000071525574,1100,0.0,0.0
2024-07-25 10:25:00+08:00,0.3050000071525574,0.3050000071525574,0.3050000071525574,0.3050000071525574,8100,0.0,0.0
2024-07-25 10:35:00+08:00,0.3050000071525574,0.3050000071525574,0.3050000071525574,0.3050000071525574,3200,0.0,0.0
2024-07-25 10:40:00+08:00,0.3050000071525574,0.3100000023841858,0.3050000071525574,0.3100000023841858,2600,0.0,0.0
2024-07-25 10:50:00+08:00,0.3100000023841858,0.3100000023841858,0.3050000071525574,0.3050000071525574,3500,0.0,0.0
2024-07-25 11:00:00+08:00,0.3050000071525574,0.3050000071525574,0.3050000071525574,0.3050000071525574,3600,0.0,0.0
2024-07-25 11:10:00+08:00,0.3050000071525574,0.3100000023841858,0.3050000071525574,0.3100000023841858,2800,0.0,0.0
2024-07-25 11:15:00+08:00,0.3100000023841858,0.3100000023841858,0.3050000071525574,0.3050000071525574,1000,0.0,0.0
2024-07-25 11:20:00+08:00,0.3050000071525574,0.3050000071525574,0.3050000071525574,0.3050000071525574,3600,0.0,0.0
2024-07-25 11:35:00+08:00,0.3050000071525574,0.3100000023841858,0.3050000071525574,0.3100000023841858,2800,0.0,0.0
2024-07-25 11:40:00+08:00,0.3100000023841858,0.3100000023841858,0.3050000071525574,0.3050000071525574,4400,0.0,0.0
2024-07-25 11:50:00+08:00,0.3050000071525574,0.3050000071525574,0.3050000071525574,0.3050000071525574,3500,0.0,0.0
2024-07-25 12:55:00+08:00,0.3100000023841858,0.3100000023841858,0.3050000071525574,0.3050000071525574,100,0.0,0.0
2024-07-25 13:05:00+08:00,0.3050000071525574,0.3050000071525574,0.3050000071525574,0.3050000071525574,5600,0.0,0.0
2024-07-25 13:20:00+08:00,0.3050000071525574,0.3050000071525574,0.3050000071525574,0.3050000071525574,3000,0.0,0.0
2024-07-25 13:25:00+08:00,0.3050000071525574,0.3050000071525574,0.3050000071525574,0.3050000071525574,10000,0.0,0.0
2024-07-25 13:40:00+08:00,0.3050000071525574,0.3100000023841858,0.3050000071525574,0.3100000023841858,2400,0.0,0.0
2024-07-25 13:50:00+08:00,0.3100000023841858,0.3100000023841858,0.3050000071525574,0.3050000071525574,65900,0.0,0.0
2024-07-25 13:55:00+08:00,0.3050000071525574,0.3100000023841858,0.3050000071525574,0.3100000023841858,7900,0.0,0.0
2024-07-25 14:00:00+08:00,0.3100000023841858,0.3100000023841858,0.3050000071525574,0.3050000071525574,900,0.0,0.0
2024-07-25 14:05:00+08:00,0.3050000071525574,0.3100000023841858,0.3050000071525574,0.3100000023841858,7600,0.0,0.0
2024-07-25 14:10:00+08:00,0.3100000023841858,0.3100000023841858,0.3050000071525574,0.3100000023841858,87200,0.0,0.0
2024-07-25 14:15:00+08:00,0.3100000023841858,0.3100000023841858,0.3100000023841858,0.3100000023841858,3500,0.0,0.0
2024-07-25 14:20:00+08:00,0.3100000023841858,0.3100000023841858,0.3100000023841858,0.3100000023841858,3300,0.0,0.0
2024-07-25 14:25:00+08:00,0.3100000023841858,0.3149999976158142,0.3100000023841858,0.3149999976158142,168700,0.0,0.0
2024-07-25 14:30:00+08:00,0.3149999976158142,0.3149999976158142,0.3149999976158142,0.3149999976158142,600,0.0,0.0
2024-07-25 14:45:00+08:00,0.3149999976158142,0.3149999976158142,0.3100000023841858,0.3100000023841858,1000,0.0,0.0
2024-07-25 15:15:00+08:00,0.3100000023841858,0.3100000023841858,0.3100000023841858,0.3100000023841858,3200,0.0,0.0
2024-07-25 15:30:00+08:00,0.3100000023841858,0.3149999976158142,0.3100000023841858,0.3100000023841858,3800,0.0,0.0
2024-07-25 15:45:00+08:00,0.3100000023841858,0.3100000023841858,0.3100000023841858,0.3100000023841858,3800,0.0,0.0
2024-07-25 16:00:00+08:00,0.3100000023841858,0.3100000023841858,0.3100000023841858,0.3100000023841858,2500,0.0,0.0
2024-07-25 16:10:00+08:00,0.3100000023841858,0.3149999976158142,0.3100000023841858,0.3149999976158142,3500,0.0,0.0
2024-07-25 16:15:00+08:00,0.3149999976158142,0.3149999976158142,0.3100000023841858,0.3100000023841858,1000,0.0,0.0
2024-07-25 16:25:00+08:00,0.3100000023841858,0.3100000023841858,0.3100000023841858,0.3100000023841858,4000,0.0,0.0
2024-07-25 16:35:00+08:00,0.3100000023841858,0.3199999928474426,0.3100000023841858,0.3199999928474426,491700,0.0,0.0
2024-07-25 16:50:00+08:00,0.3199999928474426,0.3199999928474426,0.3199999928474426,0.3199999928474426,400,0.0,0.0
2024-07-25 16:55:00+08:00,0.3199999928474426,0.3199999928474426,0.3149999976158142,0.3199999928474426,26000,0.0,0.0
2024-07-26 09:00:00+08:00,0.3149999976158142,0.3149999976158142,0.3149999976158142,0.3149999976158142,5400,0.0,0.0
2024-07-26 09:15:00+08:00,0.3149999976158142,0.3149999976158142,0.3149999976158142,0.3149999976158142,221100,0.0,0.0
2024-07-26 09:20:00+08:00,0.3149999976158142,0.3149999976158142,0.3149999976158142,0.3149999976158142,4000,0.0,0.0
2024-07-26 09:25:00+08:00,0.3149999976158142,0.3149999976158142,0.3149999976158142,0.3149999976158142,16500,0.0,0.0
2024-07-26 09:50:00+08:00,0.3149999976158142,0.3149999976158142,0.3149999976158142,0.3149999976158142,50000,0.0,0.0
2024-07-26 11:10:00+08:00,0.3199999928474426,0.32499998807907104,0.3199999928474426,0.32499998807907104,423100,0.0,0.0
2024-07-26 11:15:00+08:00,0.32499998807907104,0.32499998807907104,0.32499998807907104,0.32499998807907104,5800,0.0,0.0
2024-07-26 11:20:00+08:00,0.32499998807907104,0.32499998807907104,0.32499998807907104,0.32499998807907104,600,0.0,0.0
2024-07-26 11:30:00+08:00,0.32499998807907104,0.32499998807907104,0.32499998807907104,0.32499998807907104,300,0.0,0.0
2024-07-26 11:50:00+08:00,0.32499998807907104,0.32499998807907104,0.32499998807907104,0.32499998807907104,56500,0.0,0.0
2024-07-26 11:55:00+08:00,0.32499998807907104,0.32499998807907104,0.3199999928474426,0.32499998807907104,39300,0.0,0.0
2024-07-26 12:55:00+08:00,0.32499998807907104,0.32499998807907104,0.32499998807907104,0.32499998807907104,33400,0.0,0.0
2024-07-26 13:05:00+08:00,0.32499998807907104,0.32499998807907104,0.32499998807907104,0.32499998807907104,400,0.0,0.0
2024-07-26 13:10:00+08:00,0.32499998807907104,0.32499998807907104,0.32499998807907104,0.32499998807907104,32100,0.0,0.0
2024-07-26 13:15:00+08:00,0.32499998807907104,0.33000001311302185,0.32499998807907104,0.33000001311302185,341600,0.0,0.0
2024-07-26 13:20:00+08:00,0.33000001311302185,0.33000001311302185,0.33000001311302185,0.33000001311302185,10900,0.0,0.0
2024-07-26 13:25:00+08:00,0.33000001311302185,0.33000001311302185,0.33000001311302185,0.33000001311302185,1137500,0.0,0.0
2024-07-26 13:30:00+08:00,0.33000001311302185,0.33500000834465027,0.33000001311302185,0.33500000834465027,172600,0.0,0.0
2024-07-26 13:35:00+08:00,0.33500000834465027,0.33500000834465027,0.33000001311302185,0.33000001311302185,20900,0.0,0.0
2024-07-26 13:40:00+08:00,0.33000001311302185,0.33000001311302185,0.33000001311302185,0.33000001311302185,232900,0.0,0.0
2024-07-26 13:45:00+08:00,0.33000001311302185,0.33000001311302185,0.33000001311302185,0.33000001311302185,8300,0.0,0.0
2024-07-26 13:50:00+08:00,0.33000001311302185,0.33000001311302185,0.33000001311302185,0.33000001311302185,39400,0.0,0.0
2024-07-26 13:55:00+08:00,0.33000001311302185,0.33000001311302185,0.33000001311302185,0.33000001311302185,33400,0.0,0.0
2024-07-26 14:00:00+08:00,0.33000001311302185,0.33000001311302185,0.33000001311302185,0.33000001311302185,297900,0.0,0.0
2024-07-26 14:05:00+08:00,0.33000001311302185,0.33000001311302185,0.33000001311302185,0.33000001311302185,20000,0.0,0.0
2024-07-26 14:10:00+08:00,0.33000001311302185,0.33000001311302185,0.33000001311302185,0.33000001311302185,52500,0.0,0.0
2024-07-26 14:15:00+08:00,0.33000001311302185,0.33000001311302185,0.33000001311302185,0.33000001311302185,48700,0.0,0.0
2024-07-26 14:30:00+08:00,0.33000001311302185,0.33000001311302185,0.33000001311302185,0.33000001311302185,60100,0.0,0.0
2024-07-26 14:35:00+08:00,0.33000001311302185,0.33000001311302185,0.32499998807907104,0.33000001311302185,352900,0.0,0.0
2024-07-26 14:40:00+08:00,0.33000001311302185,0.33000001311302185,0.33000001311302185,0.33000001311302185,600,0.0,0.0
2024-07-26 14:45:00+08:00,0.33000001311302185,0.33000001311302185,0.33000001311302185,0.33000001311302185,600,0.0,0.0
2024-07-26 14:50:00+08:00,0.33000001311302185,0.33000001311302185,0.33000001311302185,0.33000001311302185,1100,0.0,0.0
2024-07-26 15:05:00+08:00,0.33000001311302185,0.33000001311302185,0.33000001311302185,0.33000001311302185,100000,0.0,0.0
2024-07-26 15:10:00+08:00,0.33000001311302185,0.33000001311302185,0.33000001311302185,0.33000001311302185,1000,0.0,0.0
2024-07-26 15:40:00+08:00,0.33000001311302185,0.33000001311302185,0.33000001311302185,0.33000001311302185,4000,0.0,0.0
2024-07-26 15:55:00+08:00,0.33000001311302185,0.33000001311302185,0.33000001311302185,0.33000001311302185,100100,0.0,0.0
2024-07-26 16:00:00+08:00,0.33000001311302185,0.33000001311302185,0.33000001311302185,0.33000001311302185,200,0.0,0.0
2024-07-26 16:25:00+08:00,0.33000001311302185,0.33000001311302185,0.33000001311302185,0.33000001311302185,422700,0.0,0.0
2024-07-26 16:30:00+08:00,0.33000001311302185,0.33000001311302185,0.33000001311302185,0.33000001311302185,1500,0.0,0.0
2024-07-26 16:35:00+08:00,0.33000001311302185,0.33000001311302185,0.33000001311302185,0.33000001311302185,1900,0.0,0.0
2024-07-26 16:40:00+08:00,0.33000001311302185,0.33000001311302185,0.33000001311302185,0.33000001311302185,500,0.0,0.0
2024-07-26 16:45:00+08:00,0.33000001311302185,0.33000001311302185,0.33000001311302185,0.33000001311302185,200,0.0,0.0
2024-07-26 16:50:00+08:00,0.33000001311302185,0.33000001311302185,0.33000001311302185,0.33000001311302185,32000,0.0,0.0
2024-07-26 16:55:00+08:00,0.33000001311302185,0.33000001311302185,0.33000001311302185,0.33000001311302185,3100,0.0,0.0
2024-07-29 09:00:00+08:00,0.3400000035762787,0.3499999940395355,0.3400000035762787,0.3499999940395355,415900,0.0,0.0
2024-07-29 09:05:00+08:00,0.3499999940395355,0.3499999940395355,0.3449999988079071,0.3499999940395355,102900,0.0,0.0
2024-07-29 09:10:00+08:00,0.3499999940395355,0.3499999940395355,0.3449999988079071,0.3499999940395355,55200,0.0,0.0
2024-07-29 09:15:00+08:00,0.3499999940395355,0.3499999940395355,0.3449999988079071,0.3449999988079071,373300,0.0,0.0
2024-07-29 09:20:00+08:00,0.3449999988079071,0.3449999988079071,0.3449999988079071,0.3449999988079071,15000,0.0,0.0
2024-07-29 09:25:00+08:00,0.3449999988079071,0.3449999988079071,0.3449999988079071,0.3449999988079071,55600,0.0,0.0
2024-07-29 09:30:00+08:00,0.3449999988079071,0.3449999988079071,0.3449999988079071,0.3449999988079071,6300,0.0,0.0
2024-07-29 09:35:00+08:00,0.3449999988079071,0.3449999988079071,0.3449999988079071,0.3449999988079071,3300,0.0,0.0
2024-07-29 09:40:00+08:00,0.3449999988079071,0.3449999988079071,0.3449999988079071,0.3449999988079071,7600,0.0,0.0
2024-07-29 09:45:00+08:00,0.3449999988079071,0.3449999988079071,0.3449999988079071,0.3449999988079071,10600,0.0,0.0
2024-07-29 09:50:00+08:00,0.3449999988079071,0.3449999988079071,0.3449999988079071,0.3449999988079071,2600,0.0,0.0
2024-07-29 09:55:00+08:00,0.3449999988079071,0.3449999988079071,0.3400000035762787,0.3400000035762787,1200,0.0,0.0
2024-07-29 10:05:00+08:00,0.3400000035762787,0.3449999988079071,0.3400000035762787,0.3400000035762787,453200,0.0,0.0
2024-07-29 10:10:00+08:00,0.3400000035762787,0.3400000035762787,0.3400000035762787,0.3400000035762787,10000,0.0,0.0
2024-07-29 10:20:00+08:00,0.3400000035762787,0.3400000035762787,0.3400000035762787,0.3400000035762787,10000,0.0,0.0
2024-07-29 10:40:00+08:00,0.3400000035762787,0.3400000035762787,0.3400000035762787,0.3400000035762787,30000,0.0,0.0
2024-07-29 10:45:00+08:00,0.3400000035762787,0.3400000035762787,0.3400000035762787,0.3400000035762787,800,0.0,0.0
2024-07-29 10:50:00+08:00,0.3400000035762787,0.3400000035762787,0.3400000035762787,0.3400000035762787,2400,0.0,0.0
2024-07-29 10:55:00+08:00,0.3400000035762787,0.3400000035762787,0.3400000035762787,0.3400000035762787,102600,0.0,0.0
2024-07-29 11:00:00+08:00,0.3400000035762787,0.3400000035762787,0.3400000035762787,0.3400000035762787,12100,0.0,0.0
2024-07-29 11:05:00+08:00,0.3400000035762787,0.3400000035762787,0.3400000035762787,0.3400000035762787,1600,0.0,0.0
2024-07-29 11:10:00+08:00,0.3400000035762787,0.3400000035762787,0.3400000035762787,0.3400000035762787,71200,0.0,0.0
2024-07-29 11:15:00+08:00,0.3400000035762787,0.3400000035762787,0.3400000035762787,0.3400000035762787,400,0.0,0.0
2024-07-29 11:20:00+08:00,0.3400000035762787,0.3400000035762787,0.3400000035762787,0.3400000035762787,500,0.0,0.0
2024-07-29 11:30:00+08:00,0.3400000035762787,0.3400000035762787,0.3400000035762787,0.3400000035762787,104600,0.0,0.0
2024-07-29 11:35:00+08:00,0.3400000035762787,0.3400000035762787,0.3400000035762787,0.3400000035762787,28000,0.0,0.0
2024-07-29 11:40:00+08:00,0.3400000035762787,0.3400000035762787,0.3400000035762787,0.3400000035762787,1800,0.0,0.0
2024-07-29 11:45:00+08:00,0.3400000035762787,0.3400000035762787,0.3400000035762787,0.3400000035762787,400,0.0,0.0
2024-07-29 11:50:00+08:00,0.3400000035762787,0.3400000035762787,0.3400000035762787,0.3400000035762787,800,0.0,0.0
2024-07-29 11:55:00+08:00,0.3400000035762787,0.3400000035762787,0.3400000035762787,0.3400000035762787,43300,0.0,0.0
2024-07-29 12:55:00+08:00,0.3400000035762787,0.3400000035762787,0.3400000035762787,0.3400000035762787,49100,0.0,0.0
2024-07-29 13:00:00+08:00,0.3400000035762787,0.3400000035762787,0.3400000035762787,0.3400000035762787,200,0.0,0.0
2024-07-29 13:25:00+08:00,0.3400000035762787,0.3400000035762787,0.3400000035762787,0.3400000035762787,41300,0.0,0.0
2024-07-29 13:30:00+08:00,0.3400000035762787,0.3400000035762787,0.3400000035762787,0.3400000035762787,500,0.0,0.0
2024-07-29 13:50:00+08:00,0.3400000035762787,0.3400000035762787,0.33500000834465027,0.33500000834465027,300,0.0,0.0
2024-07-29 13:55:00+08:00,0.33500000834465027,0.33500000834465027,0.33500000834465027,0.33500000834465027,7000,0.0,0.0
2024-07-29 14:00:00+08:00,0.33500000834465027,0.33500000834465027,0.33500000834465027,0.33500000834465027,89100,0.0,0.0
2024-07-29 14:10:00+08:00,0.33500000834465027,0.3400000035762787,0.33500000834465027,0.3400000035762787,4000,0.0,0.0
2024-07-29 14:15:00+08:00,0.3400000035762787,0.3400000035762787,0.3400000035762787,0.3400000035762787,300,0.0,0.0
2024-07-29 14:20:00+08:00,0.3400000035762787,0.3400000035762787,0.3400000035762787,0.3400000035762787,44000,0.0,0.0
2024-07-29 14:25:00+08:00,0.3400000035762787,0.3400000035762787,0.3400000035762787,0.3400000035762787,100,0.0,0.0
2024-07-29 14:40:00+08:00,0.3400000035762787,0.3400000035762787,0.3400000035762787,0.3400000035762787,10000,0.0,0.0
2024-07-29 14:45:00+08:00,0.3400000035762787,0.3400000035762787,0.33500000834465027,0.3400000035762787,160300,0.0,0.0
2024-07-29 14:55:00+08:00,0.3400000035762787,0.3400000035762787,0.3400000035762787,0.3400000035762787,5000,0.0,0.0
2024-07-29 15:10:00+08:00,0.3400000035762787,0.3400000035762787,0.3400000035762787,0.3400000035762787,300,0.0,0.0
2024-07-29 15:35:00+08:00,0.3400000035762787,0.3400000035762787,0.3400000035762787,0.3400000035762787,300,0.0,0.0
2024-07-29 15:55:00+08:00,0.3400000035762787,0.3400000035762787,0.33500000834465027,0.33500000834465027,300,0.0,0.0
2024-07-29 16:05:00+08:00,0.33500000834465027,0.3400000035762787,0.33500000834465027,0.3400000035762787,1000,0.0,0.0
2024-07-29 16:15:00+08:00,0.3400000035762787,0.3400000035762787,0.3400000035762787,0.3400000035762787,65300,0.0,0.0
2024-07-29 16:30:00+08:00,0.3400000035762787,0.3400000035762787,0.3400000035762787,0.3400000035762787,300,0.0,0.0
2024-07-29 16:35:00+08:00,0.3400000035762787,0.3400000035762787,0.33500000834465027,0.33500000834465027,5000,0.0,0.0
2024-07-29 16:40:00+08:00,0.33500000834465027,0.3400000035762787,0.33500000834465027,0.3400000035762787,10000,0.0,0.0
2024-07-29 16:45:00+08:00,0.3400000035762787,0.3400000035762787,0.3400000035762787,0.3400000035762787,300,0.0,0.0
2024-07-29 16:50:00+08:00,0.3400000035762787,0.3400000035762787,0.3400000035762787,0.3400000035762787,5400,0.0,0.0
2024-07-29 16:55:00+08:00,0.3400000035762787,0.3400000035762787,0.3400000035762787,0.3400000035762787,2300,0.0,0.0
2024-07-30 09:00:00+08:00,0.33500000834465027,0.33500000834465027,0.33500000834465027,0.33500000834465027,213900,0.0,0.0
2024-07-30 09:05:00+08:00,0.33500000834465027,0.3400000035762787,0.33500000834465027,0.3400000035762787,59900,0.0,0.0
2024-07-30 09:10:00+08:00,0.3400000035762787,0.3449999988079071,0.3400000035762787,0.3400000035762787,148400,0.0,0.0
2024-07-30 09:15:00+08:00,0.3400000035762787,0.3449999988079071,0.3400000035762787,0.3449999988079071,138800,0.0,0.0
2024-07-30 09:20:00+08:00,0.3449999988079071,0.3449999988079071,0.3449999988079071,0.3449999988079071,10800,0.0,0.0
2024-07-30 09:25:00+08:00,0.3449999988079071,0.3449999988079071,0.3400000035762787,0.3400000035762787,76300,0.0,0.0
2024-07-30 09:30:00+08:00,0.3400000035762787,0.3449999988079071,0.3400000035762787,0.3400000035762787,5200,0.0,0.0
2024-07-30 09:35:00+08:00,0.3400000035762787,0.3449999988079071,0.3400000035762787,0.3400000035762787,15400,0.0,0.0
2024-07-30 09:40:00+08:00,0.3400000035762787,0.3449999988079071,0.3400000035762787,0.3400000035762787,26400,0.0,0.0
2024-07-30 09:50:00+08:00,0.3400000035762787,0.3400000035762787,0.3400000035762787,0.3400000035762787,5000,0.0,0.0
2024-07-30 09:55:00+08:00,0.3400000035762787,0.3400000035762787,0.3400000035762787,0.3400000035762787,95700,0.0,0.0
2024-07-30 10:00:00+08:00,0.3400000035762787,0.3400000035762787,0.3400000035762787,0.3400000035762787,600,0.0,0.0
2024-07-30 11:05:00+08:00,0.3400000035762787,0.3400000035762787,0.3400000035762787,0.3400000035762787,2000,0.0,0.0
2024-07-30 11:15:00+08:00,0.3400000035762787,0.3400000035762787,0.3400000035762787,0.3400000035762787,110600,0.0,0.0
2024-07-30 11:20:00+08:00,0.3400000035762787,0.3400000035762787,0.3400000035762787,0.3400000035762787,1100,0.0,0.0
2024-07-30 13:00:00+08:00,0.3400000035762787,0.3400000035762787,0.33500000834465027,0.33500000834465027,400,0.0,0.0
2024-07-30 13:05:00+08:00,0.33500000834465027,0.33500000834465027,0.33500000834465027,0.33500000834465027,508900,0.0,0.0
2024-07-30 13:10:00+08:00,0.33500000834465027,0.33500000834465027,0.33500000834465027,0.33500000834465027,500,0.0,0.0
2024-07-30 13:15:00+08:00,0.33500000834465027,0.3400000035762787,0.33500000834465027,0.33500000834465027,80300,0.0,0.0
2024-07-30 13:55:00+08:00,0.33500000834465027,0.3400000035762787,0.33500000834465027,0.3400000035762787,21000,0.0,0.0
2024-07-30 14:00:00+08:00,0.3400000035762787,0.3400000035762787,0.33500000834465027,0.33500000834465027,1300,0.0,0.0
2024-07-30 14:05:00+08:00,0.33500000834465027,0.33500000834465027,0.33500000834465027,0.33500000834465027,30000,0.0,0.0
2024-07-30 14:20:00+08:00,0.33500000834465027,0.3400000035762787,0.33500000834465027,0.33500000834465027,51100,0.0,0.0
2024-07-30 14:45:00+08:00,0.33500000834465027,0.33500000834465027,0.33000001311302185,0.33000001311302185,401800,0.0,0.0
2024-07-30 14:50:00+08:00,0.33000001311302185,0.33500000834465027,0.33000001311302185,0.33500000834465027,181100,0.0,0.0
2024-07-30 15:00:00+08:00,0.33500000834465027,0.33500000834465027,0.33500000834465027,0.33500000834465027,1400,0.0,0.0
2024-07-30 15:15:00+08:00,0.33500000834465027,0.33500000834465027,0.33500000834465027,0.33500000834465027,5800,0.0,0.0
2024-07-30 15:45:00+08:00,0.33500000834465027,0.3400000035762787,0.33500000834465027,0.33500000834465027,197900,0.0,0.0
2024-07-30 16:50:00+08:00,0.33500000834465027,0.3400000035762787,0.33500000834465027,0.3400000035762787,52100,0.0,0.0
2024-07-30 16:55:00+08:00,0.3400000035762787,0.3400000035762787,0.3400000035762787,0.3400000035762787,18200,0.0,0.0
2024-07-31 09:00:00+08:00,0.33500000834465027,0.33500000834465027,0.33500000834465027,0.33500000834465027,113400,0.0,0.0
2024-07-31 09:05:00+08:00,0.33500000834465027,0.33500000834465027,0.33500000834465027,0.33500000834465027,48500,0.0,0.0
2024-07-31 09:40:00+08:00,0.33500000834465027,0.3400000035762787,0.33500000834465027,0.33500000834465027,12500,0.0,0.0
2024-07-31 13:00:00+08:00,0.33500000834465027,0.33500000834465027,0.33500000834465027,0.33500000834465027,514400,0.0,0.0
2024-07-31 13:15:00+08:00,0.33500000834465027,0.33500000834465027,0.33500000834465027,0.33500000834465027,90000,0.0,0.0
2024-07-31 15:00:00+08:00,0.33500000834465027,0.33500000834465027,0.33500000834465027,0.33500000834465027,90000,0.0,0.0
2024-07-31 15:10:00+08:00,0.33500000834465027,0.33500000834465027,0.33000001311302185,0.33000001311302185,400,0.0,0.0
2024-07-31 16:50:00+08:00,0.33000001311302185,0.33500000834465027,0.33000001311302185,0.33500000834465027,5100,0.0,0.0
2024-07-31 16:55:00+08:00,0.33500000834465027,0.33500000834465027,0.33000001311302185,0.33000001311302185,504100,0.0,0.0
2024-08-01 09:00:00+08:00,0.3499999940395355,0.36500000953674316,0.3499999940395355,0.36000001430511475,4649400,0.0,0.0
2024-08-01 09:05:00+08:00,0.36000001430511475,0.36000001430511475,0.35499998927116394,0.36000001430511475,1469200,0.0,0.0
2024-08-01 09:10:00+08:00,0.36000001430511475,0.36000001430511475,0.35499998927116394,0.36000001430511475,99900,0.0,0.0
2024-08-01 09:15:00+08:00,0.36000001430511475,0.36000001430511475,0.36000001430511475,0.36000001430511475,30300,0.0,0.0
2024-08-01 09:20:00+08:00,0.36000001430511475,0.36000001430511475,0.35499998927116394,0.35499998927116394,22600,0.0,0.0
2024-08-01 09:25:00+08:00,0.35499998927116394,0.35499998927116394,0.3499999940395355,0.3499999940395355,471900,0.0,0.0
2024-08-01 09:30:00+08:00,0.3499999940395355,0.3499999940395355,0.3449999988079071,0.3499999940395355,441000,0.0,0.0
2024-08-01 09:35:00+08:00,0.3499999940395355,0.3499999940395355,0.3449999988079071,0.3449999988079071,42900,0.0,0.0
2024-08-01 09:40:00+08:00,0.3449999988079071,0.3499999940395355,0.3449999988079071,0.3499999940395355,480200,0.0,0.0
2024-08-01 09:45:00+08:00,0.3499999940395355,0.3499999940395355,0.3499999940395355,0.3499999940395355,21900,0.0,0.0
2024-08-01 09:50:00+08:00,0.3499999940395355,0.35499998927116394,0.3499999940395355,0.35499998927116394,214300,0.0,0.0
2024-08-01 09:55:00+08:00,0.35499998927116394,0.35499998927116394,0.3499999940395355,0.3499999940395355,80200,0.0,0.0
2024-08-01 10:00:00+08:00,0.3499999940395355,0.35499998927116394,0.3499999940395355,0.35499998927116394,45700,0.0,0.0
2024-08-01 10:05:00+08:00,0.35499998927116394,0.35499998927116394,0.3499999940395355,0.3499999940395355,34300,0.0,0.0
2024-08-01 10:10:00+08:00,0.3499999940395355,0.3499999940395355,0.3499999940395355,0.3499999940395355,120500,0.0,0.0
2024-08-01 10:15:00+08:00,0.3499999940395355,0.3499999940395355,0.3499999940395355,0.3499999940395355,163600,0.0,0.0
2024-08-01 10:25:00+08:00,0.3499999940395355,0.3499999940395355,0.3499999940395355,0.3499999940395355,15800,0.0,0.0
2024-08-01 10:35:00+08:00,0.3499999940395355,0.3499999940395355,0.3499999940395355,0.3499999940395355,51400,0.0,0.0
2024-08-01 10:40:00+08:00,0.3499999940395355,0.3499999940395355,0.3499999940395355,0.3499999940395355,0,0.0,0.0
2024-08-01 10:45:00+08:00,0.3499999940395355,0.3499999940395355,0.3499999940395355,0.3499999940395355,10344100,0.0,0.0
2024-08-01 10:55:00+08:00,0.3499999940395355,0.3499999940395355,0.3499999940395355,0.3499999940395355,1500,0.0,0.0
2024-08-01 11:05:00+08:00,0.3499999940395355,0.3499999940395355,0.3499999940395355,0.3499999940395355,1000,0.0,0.0
2024-08-01 11:15:00+08:00,0.3499999940395355,0.3499999940395355,0.3499999940395355,0.3499999940395355,12400,0.0,0.0
2024-08-01 11:20:00+08:00,0.3499999940395355,0.3499999940395355,0.3499999940395355,0.3499999940395355,300,0.0,0.0
2024-08-01 11:25:00+08:00,0.3499999940395355,0.3499999940395355,0.3499999940395355,0.3499999940395355,5100,0.0,0.0
2024-08-01 11:30:00+08:00,0.3499999940395355,0.3499999940395355,0.3499999940395355,0.3499999940395355,200,0.0,0.0
2024-08-01 11:35:00+08:00,0.3499999940395355,0.3499999940395355,0.3499999940395355,0.3499999940395355,400,0.0,0.0
2024-08-01 12:55:00+08:00,0.3499999940395355,0.3499999940395355,0.3449999988079071,0.3449999988079071,36200,0.0,0.0
2024-08-01 13:00:00+08:00,0.3449999988079071,0.3449999988079071,0.3449999988079071,0.3449999988079071,500,0.0,0.0
2024-08-01 13:20:00+08:00,0.3449999988079071,0.3499999940395355,0.3449999988079071,0.3499999940395355,133500,0.0,0.0
2024-08-01 13:25:00+08:00,0.3499999940395355,0.3499999940395355,0.3499999940395355,0.3499999940395355,15700,0.0,0.0
2024-08-01 13:40:00+08:00,0.3499999940395355,0.3499999940395355,0.3499999940395355,0.3499999940395355,400,0.0,0.0
2024-08-01 13:45:00+08:00,0.3499999940395355,0.3499999940395355,0.3449999988079071,0.3449999988079071,20600,0.0,0.0
2024-08-01 13:55:00+08:00,0.3449999988079071,0.3449999988079071,0.3449999988079071,0.3449999988079071,5000,0.0,0.0
2024-08-01 14:05:00+08:00,0.3449999988079071,0.3499999940395355,0.3449999988079071,0.3499999940395355,8000,0.0,0.0
2024-08-01 14:20:00+08:00,0.3499999940395355,0.3499999940395355,0.3449999988079071,0.3449999988079071,31200,0.0,0.0
2024-08-01 14:25:00+08:00,0.3449999988079071,0.3499999940395355,0.3449999988079071,0.3449999988079071,700,0.0,0.0
2024-08-01 14:30:00+08:00,0.3449999988079071,0.3449999988079071,0.3449999988079071,0.3449999988079071,700,0.0,0.0
2024-08-01 14:35:00+08:00,0.3449999988079071,0.3449999988079071,0.3449999988079071,0.3449999988079071,632500,0.0,0.0
2024-08-01 14:40:00+08:00,0.3449999988079071,0.3449999988079071,0.3400000035762787,0.3400000035762787,47000,0.0,0.0
2024-08-01 14:45:00+08:00,0.3400000035762787,0.3400000035762787,0.3400000035762787,0.3400000035762787,735000,0.0,0.0
2024-08-01 14:50:00+08:00,0.3400000035762787,0.3449999988079071,0.3400000035762787,0.3400000035762787,531200,0.0,0.0
2024-08-01 14:55:00+08:00,0.3400000035762787,0.3400000035762787,0.3400000035762787,0.3400000035762787,15800,0.0,0.0
2024-08-01 15:00:00+08:00,0.3400000035762787,0.3449999988079071,0.3400000035762787,0.3449999988079071,90500,0.0,0.0
2024-08-01 15:05:00+08:00,0.3449999988079071,0.3449999988079071,0.3400000035762787,0.3400000035762787,19800,0.0,0.0
2024-08-01 15:10:00+08:00,0.3400000035762787,0.3400000035762787,0.3400000035762787,0.3400000035762787,1600,0.0,0.0
2024-08-01 15:20:00+08:00,0.3400000035762787,0.3400000035762787,0.3400000035762787,0.3400000035762787,0,0.0,0.0
2024-08-01 15:25:00+08:00,0.3400000035762787,0.3449999988079071,0.3400000035762787,0.3449999988079071,12691500,0.0,0.0
2024-08-01 15:50:00+08:00,0.3449999988079071,0.3449999988079071,0.3400000035762787,0.3400000035762787,10400,0.0,0.0
2024-08-01 15:55:00+08:00,0.3400000035762787,0.3449999988079071,0.3400000035762787,0.3400000035762787,700,0.0,0.0
2024-08-01 16:05:00+08:00,0.3400000035762787,0.3449999988079071,0.3400000035762787,0.3400000035762787,108500,0.0,0.0
2024-08-01 16:10:00+08:00,0.3400000035762787,0.3400000035762787,0.3400000035762787,0.3400000035762787,1000,0.0,0.0
2024-08-01 16:15:00+08:00,0.3400000035762787,0.3400000035762787,0.3400000035762787,0.3400000035762787,132100,0.0,0.0
2024-08-01 16:20:00+08:00,0.3400000035762787,0.3400000035762787,0.33500000834465027,0.33500000834465027,200,0.0,0.0
2024-08-01 16:25:00+08:00,0.33500000834465027,0.3400000035762787,0.33500000834465027,0.3400000035762787,10000,0.0,0.0
2024-08-01 16:30:00+08:00,0.3400000035762787,0.3400000035762787,0.33500000834465027,0.33500000834465027,11000,0.0,0.0
2024-08-01 16:35:00+08:00,0.33500000834465027,0.3400000035762787,0.33500000834465027,0.33500000834465027,692300,0.0,0.0
2024-08-01 16:40:00+08:00,0.33500000834465027,0.33500000834465027,0.33000001311302185,0.33000001311302185,23500,0.0,0.0
2024-08-01 16:45:00+08:00,0.33000001311302185,0.33500000834465027,0.33000001311302185,0.33500000834465027,76500,0.0,0.0
2024-08-01 16:50:00+08:00,0.33500000834465027,0.3400000035762787,0.33000001311302185,0.3400000035762787,220300,0.0,0.0
2024-08-01 16:55:00+08:00,0.3400000035762787,0.3400000035762787,0.33500000834465027,0.3400000035762787,21400,0.0,0.0
2024-08-02 09:00:00+08:00,0.33000001311302185,0.33000001311302185,0.3199999928474426,0.3199999928474426,544000,0.0,0.0
2024-08-02 09:05:00+08:00,0.3199999928474426,0.32499998807907104,0.3199999928474426,0.32499998807907104,20300,0.0,0.0
2024-08-02 09:10:00+08:00,0.32499998807907104,0.32499998807907104,0.32499998807907104,0.32499998807907104,900,0.0,0.0
2024-08-02 09:20:00+08:00,0.32499998807907104,0.32499998807907104,0.32499998807907104,0.32499998807907104,1000,0.0,0.0
2024-08-02 09:25:00+08:00,0.32499998807907104,0.32499998807907104,0.32499998807907104,0.32499998807907104,69200,0.0,0.0
2024-08-02 09:30:00+08:00,0.32499998807907104,0.32499998807907104,0.3199999928474426,0.3199999928474426,24000,0.0,0.0
2024-08-02 09:40:00+08:00,0.3199999928474426,0.3199999928474426,0.3149999976158142,0.3149999976158142,604200,0.0,0.0
2024-08-02 09:45:00+08:00,0.3149999976158142,0.3199999928474426,0.3149999976158142,0.3149999976158142,40100,0.0,0.0
2024-08-02 09:50:00+08:00,0.3149999976158142,0.3199999928474426,0.3149999976158142,0.3149999976158142,14800,0.0,0.0
2024-08-02 09:55:00+08:00,0.3149999976158142,0.3199999928474426,0.3149999976158142,0.3149999976158142,368400,0.0,0.0
2024-08-02 10:00:00+08:00,0.3149999976158142,0.3199999928474426,0.3149999976158142,0.3149999976158142,21200,0.0,0.0
2024-08-02 10:05:00+08:00,0.3149999976158142,0.3149999976158142,0.3149999976158142,0.3149999976158142,31200,0.0,0.0
2024-08-02 10:30:00+08:00,0.3149999976158142,0.3149999976158142,0.3149999976158142,0.3149999976158142,37800,0.0,0.0
2024-08-02 10:35:00+08:00,0.3149999976158142,0.3199999928474426,0.3149999976158142,0.3199999928474426,12000,0.0,0.0
2024-08-02 10:40:00+08:00,0.3199999928474426,0.3199999928474426,0.3149999976158142,0.3149999976158142,26300,0.0,0.0
2024-08-02 10:45:00+08:00,0.3149999976158142,0.3199999928474426,0.3149999976158142,0.3149999976158142,130700,0.0,0.0
2024-08-02 10:50:00+08:00,0.3149999976158142,0.3199999928474426,0.3149999976158142,0.3149999976158142,21200,0.0,0.0
2024-08-02 10:55:00+08:00,0.3149999976158142,0.3199999928474426,0.3149999976158142,0.3149999976158142,40200,0.0,0.0
2024-08-02 11:00:00+08:00,0.3149999976158142,0.3199999928474426,0.3149999976158142,0.3149999976158142,12700,0.0,0.0
2024-08-02 11:05:00+08:00,0.3149999976158142,0.3199999928474426,0.3149999976158142,0.3149999976158142,22900,0.0,0.0
2024-08-02 11:10:00+08:00,0.3149999976158142,0.3199999928474426,0.3149999976158142,0.3199999928474426,4000,0.0,0.0
2024-08-02 11:20:00+08:00,0.3199999928474426,0.3199999928474426,0.3199999928474426,0.3199999928474426,77100,0.0,0.0
2024-08-02 11:30:00+08:00,0.3199999928474426,0.3199999928474426,0.3199999928474426,0.3199999928474426,57800,0.0,0.0
2024-08-02 11:35:00+08:00,0.3199999928474426,0.3199999928474426,0.3149999976158142,0.3149999976158142,1500,0.0,0.0
2024-08-02 11:40:00+08:00,0.3149999976158142,0.3199999928474426,0.3149999976158142,0.3199999928474426,25400,0.0,0.0
2024-08-02 11:45:00+08:00,0.3199999928474426,0.3199999928474426,0.3199999928474426,0.3199999928474426,3800,0.0,0.0
2024-08-02 11:55:00+08:00,0.3199999928474426,0.3199999928474426,0.3149999976158142,0.3149999976158142,71600,0.0,0.0
2024-08-02 12:55:00+08:00,0.3149999976158142,0.3149999976158142,0.3149999976158142,0.3149999976158142,11100,0.0,0.0
2024-08-02 13:00:00+08:00,0.3149999976158142,0.3199999928474426,0.3149999976158142,0.3199999928474426,400,0.0,0.0
2024-08-02 13:20:00+08:00,0.3199999928474426,0.3199999928474426,0.3199999928474426,0.3199999928474426,22400,0.0,0.0
2024-08-02 13:25:00+08:00,0.3199999928474426,0.3199999928474426,0.3199999928474426,0.3199999928474426,11000,0.0,0.0
2024-08-02 13:35:00+08:00,0.3199999928474426,0.3199999928474426,0.3199999928474426,0.3199999928474426,21800,0.0,0.0
2024-08-02 13:40:00+08:00,0.3199999928474426,0.32499998807907104,0.3199999928474426,0.32499998807907104,300300,0.0,0.0
2024-08-02 14:00:00+08:00,0.32499998807907104,0.32499998807907104,0.3199999928474426,0.3199999928474426,1400,0.0,0.0
2024-08-02 14:05:00+08:00,0.3199999928474426,0.3199999928474426,0.3199999928474426,0.3199999928474426,155100,0.0,0.0
2024-08-02 14:10:00+08:00,0.3199999928474426,0.3199999928474426,0.3199999928474426,0.3199999928474426,0,0.0,0.0
2024-08-02 14:45:00+08:00,0.3199999928474426,0.3199999928474426,0.3199999928474426,0.3199999928474426,3022600,0.0,0.0
2024-08-02 14:50:00+08:00,0.3199999928474426,0.3199999928474426,0.3199999928474426,0.3199999928474426,43500,0.0,0.0
2024-08-02 15:05:00+08:00,0.3199999928474426,0.3199999928474426,0.3199999928474426,0.3199999928474426,20000,0.0,0.0
2024-08-02 15:10:00+08:00,0.3199999928474426,0.3199999928474426,0.3199999928474426,0.3199999928474426,16100,0.0,0.0
2024-08-02 15:15:00+08:00,0.3199999928474426,0.3199999928474426,0.3149999976158142,0.3149999976158142,11300,0.0,0.0
2024-08-02 15:20:00+08:00,0.3149999976158142,0.3199999928474426,0.3149999976158142,0.3199999928474426,400,0.0,0.0
2024-08-02 15:25:00+08:00,0.3199999928474426,0.3199999928474426,0.3199999928474426,0.3199999928474426,1400,0.0,0.0
2024-08-02 15:35:00+08:00,0.3199999928474426,0.3199999928474426,0.3199999928474426,0.3199999928474426,22200,0.0,0.0
2024-08-02 15:55:00+08:00,0.3199999928474426,0.3199999928474426,0.3199999928474426,0.3199999928474426,25300,0.0,0.0
2024-08-02 16:05:00+08:00,0.3199999928474426,0.3199999928474426,0.3149999976158142,0.3149999976158142,23200,0.0,0.0
2024-08-02 16:15:00+08:00,0.3149999976158142,0.3199999928474426,0.3149999976158142,0.3199999928474426,111600,0.0,0.0
2024-08-02 16:20:00+08:00,0.3199999928474426,0.3199999928474426,0.3149999976158142,0.3199999928474426,23300,0.0,0.0
2024-08-02 16:30:00+08:00,0.3199999928474426,0.3199999928474426,0.3149999976158142,0.3199999928474426,1800,0.0,0.0
2024-08-02 16:35:00+08:00,0.3199999928474426,0.3199999928474426,0.3149999976158142,0.3199999928474426,23900,0.0,0.0
2024-08-02 16:40:00+08:00,0.3199999928474426,0.3199999928474426,0.3199999928474426,0.3199999928474426,161900,0.0,0.0
2024-08-02 16:45:00+08:00,0.3199999928474426,0.32499998807907104,0.3199999928474426,0.32499998807907104,210800,0.0,0.0
2024-08-02 16:50:00+08:00,0.32499998807907104,0.32499998807907104,0.3199999928474426,0.32499998807907104,99300,0.0,0.0
2024-08-02 16:55:00+08:00,0.32499998807907104,0.32499998807907104,0.3199999928474426,0.3199999928474426,1300,0.0,0.0
