Datetime,Open,High,Low,Close,Volume,Dividends,Stock Splits
2024-07-24 09:00:00+09:00,2953.0,2969.0,2946.0,2963.5,244200,0.0,0.0
2024-07-24 09:05:00+09:00,2963.5,2965.0,2946.5,2952.0,60000,0.0,0.0
2024-07-24 09:10:00+09:00,2952.5,2957.5,2950.0,2956.0,49600,0.0,0.0
2024-07-24 09:15:00+09:00,2955.5,2958.0,2937.5,2938.5,161000,0.0,0.0
2024-07-24 09:20:00+09:00,2939.0,2953.5,2939.0,2947.0,38900,0.0,0.0
2024-07-24 09:25:00+09:00,2947.0,2951.0,2943.0,2945.5,39400,0.0,0.0
2024-07-24 09:30:00+09:00,2945.5,2947.5,2940.0,2941.0,83100,0.0,0.0
2024-07-24 09:35:00+09:00,2941.0,2944.5,2938.5,2944.0,39600,0.0,0.0
2024-07-24 09:40:00+09:00,2945.0,2951.5,2944.5,2950.5,40400,0.0,0.0
2024-07-24 09:45:00+09:00,2950.5,2957.5,2950.5,2954.5,38400,0.0,0.0
2024-07-24 09:50:00+09:00,2954.0,2958.5,2952.5,2952.5,25900,0.0,0.0
2024-07-24 09:55:00+09:00,2952.5,2957.0,2950.5,2955.5,25800,0.0,0.0
2024-07-24 10:00:00+09:00,2955.0,2958.0,2952.5,2953.0,26900,0.0,0.0
2024-07-24 10:05:00+09:00,2953.0,2955.5,2950.0,2950.0,22600,0.0,0.0
2024-07-24 10:10:00+09:00,2950.5,2952.0,2942.0,2947.5,51100,0.0,0.0
2024-07-24 10:15:00+09:00,2949.0,2954.5,2949.0,2954.5,16500,0.0,0.0
2024-07-24 10:20:00+09:00,2955.0,2956.0,2947.0,2947.0,26800,0.0,0.0
2024-07-24 10:25:00+09:00,2947.0,2950.0,2944.0,2948.5,36200,0.0,0.0
2024-07-24 10:30:00+09:00,2950.0,2952.5,2947.0,2952.0,44100,0.0,0.0
2024-07-24 10:35:00+09:00,2953.0,2954.5,2951.0,2953.0,17600,0.0,0.0
2024-07-24 10:40:00+09:00,2953.0,2953.5,2946.5,2946.5,18600,0.0,0.0
2024-07-24 10:45:00+09:00,2947.5,2947.5,2943.0,2943.5,20700,0.0,0.0
2024-07-24 10:50:00+09:00,2943.0,2946.5,2943.0,2945.5,24500,0.0,0.0
2024-07-24 10:55:00+09:00,2945.5,2950.5,2945.0,2948.5,12500,0.0,0.0
2024-07-24 11:00:00+09:00,2948.5,2949.0,2944.0,2945.0,15200,0.0,0.0
2024-07-24 11:05:00+09:00,2945.0,2946.5,2942.0,2943.0,12300,0.0,0.0
2024-07-24 11:10:00+09:00,2943.5,2944.5,2941.5,2942.0,28300,0.0,0.0
2024-07-24 11:15:00+09:00,2942.5,2951.5,2942.0,2947.5,36200,0.0,0.0
2024-07-24 11:20:00+09:00,2947.0,2948.0,2944.5,2946.5,9100,0.0,0.0
2024-07-24 11:25:00+09:00,2947.0,2949.0,2947.0,2948.0,12200,0.0,0.0
2024-07-24 11:30:00+09:00,2948.0,2948.0,2948.0,2948.0,4900,0.0,0.0
2024-07-24 11:35:00+09:00,2948.0,2948.0,2948.0,2948.0,0,0.0,0.0
2024-07-24 12:30:00+09:00,2945.0,2953.5,2943.0,2952.5,1357300,0.0,0.0
2024-07-24 12:35:00+09:00,2952.5,2953.0,2949.5,2950.0,15000,0.0,0.0
2024-07-24 12:40:00+09:00,2950.5,2950.5,2944.5,2945.5,30600,0.0,0.0
2024-07-24 12:45:00+09:00,2945.5,2946.0,2940.0,2941.5,33900,0.0,0.0
2024-07-24 12:50:00+09:00,2942.0,2943.0,2938.0,2939.0,27500,0.0,0.0
2024-07-24 12:55:00+09:00,2939.0,2941.5,2936.0,2938.5,98000,0.0,0.0
2024-07-24 13:00:00+09:00,2938.0,2940.0,2937.0,2938.0,17600,0.0,0.0
2024-07-24 13:05:00+09:00,2938.0,2938.0,2933.5,2934.0,72400,0.0,0.0
2024-07-24 13:10:00+09:00,2933.5,2935.0,2930.0,2932.5,44900,0.0,0.0
2024-07-24 13:15:00+09:00,2933.0,2934.0,2920.5,2924.0,142000,0.0,0.0
2024-07-24 13:20:00+09:00,2924.0,2928.5,2921.5,2927.5,24900,0.0,0.0
2024-07-24 13:25:00+09:00,2928.0,2930.0,2925.5,2928.0,24800,0.0,0.0
2024-07-24 13:30:00+09:00,2928.0,2929.0,2922.0,2922.0,18200,0.0,0.0
2024-07-24 13:35:00+09:00,2922.5,2923.0,2914.5,2914.5,65500,0.0,0.0
2024-07-24 13:40:00+09:00,2914.5,2915.5,2911.0,2914.5,57000,0.0,0.0
2024-07-24 13:45:00+09:00,2915.0,2922.5,2914.5,2922.0,39400,0.0,0.0
2024-07-24 13:50:00+09:00,2922.0,2927.0,2919.5,2926.0,59400,0.0,0.0
2024-07-24 13:55:00+09:00,2926.5,2928.0,2919.0,2919.0,43800,0.0,0.0
2024-07-24 14:00:00+09:00,2919.0,2921.5,2917.5,2917.5,19200,0.0,0.0
2024-07-24 14:05:00+09:00,2917.5,2919.5,2917.0,2918.0,19200,0.0,0.0
2024-07-24 14:10:00+09:00,2917.5,2922.0,2916.5,2918.5,21900,0.0,0.0
2024-07-24 14:15:00+09:00,2919.0,2923.0,2919.0,2923.0,33500,0.0,0.0
2024-07-24 14:20:00+09:00,2922.5,2928.0,2922.0,2924.0,38300,0.0,0.0
2024-07-24 14:25:00+09:00,2924.5,2924.5,2919.5,2920.0,27700,0.0,0.0
2024-07-24 14:30:00+09:00,2920.5,2926.0,2920.5,2923.5,45100,0.0,0.0
2024-07-24 14:35:00+09:00,2924.0,2924.0,2920.5,2921.0,37300,0.0,0.0
2024-07-24 14:40:00+09:00,2921.0,2921.5,2914.5,2915.5,68300,0.0,0.0
2024-07-24 14:45:00+09:00,2915.0,2915.5,2907.5,2907.5,84800,0.0,0.0
2024-07-24 14:50:00+09:00,2908.0,2914.5,2906.0,2907.5,92500,0.0,0.0
2024-07-24 14:55:00+09:00,2907.5,2913.0,2904.0,2913.0,115300,0.0,0.0
2024-07-25 09:00:00+09:00,2812.0,2817.5,2790.0,2805.0,626700,0.0,0.0
2024-07-25 09:05:00+09:00,2805.5,2814.5,2801.0,2803.0,132200,0.0,0.0
2024-07-25 09:10:00+09:00,2802.5,2810.0,2796.5,2809.5,159500,0.0,0.0
2024-07-25 09:15:00+09:00,2810.0,2814.0,2803.0,2812.5,103800,0.0,0.0
2024-07-25 09:20:00+09:00,2812.5,2824.0,2811.0,2823.5,84600,0.0,0.0
2024-07-25 09:25:00+09:00,2824.0,2826.5,2810.0,2811.5,98300,0.0,0.0
2024-07-25 09:30:00+09:00,2811.5,2812.0,2806.0,2811.5,64500,0.0,0.0
2024-07-25 09:35:00+09:00,2810.5,2811.5,2801.0,2801.0,106300,0.0,0.0
2024-07-25 09:40:00+09:00,2801.0,2807.5,2798.0,2803.5,112300,0.0,0.0
2024-07-25 09:45:00+09:00,2804.5,2807.0,2798.5,2802.5,59800,0.0,0.0
2024-07-25 09:50:00+09:00,2802.5,2803.5,2795.5,2798.5,98900,0.0,0.0
2024-07-25 09:55:00+09:00,2799.0,2805.5,2798.5,2800.5,80100,0.0,0.0
2024-07-25 10:00:00+09:00,2800.0,2805.0,2799.5,2801.0,43900,0.0,0.0
2024-07-25 10:05:00+09:00,2801.0,2805.5,2800.0,2801.5,43400,0.0,0.0
2024-07-25 10:10:00+09:00,2801.5,2802.0,2790.5,2791.5,94400,0.0,0.0
2024-07-25 10:15:00+09:00,2791.5,2797.5,2789.0,2794.0,139100,0.0,0.0
2024-07-25 10:20:00+09:00,2793.0,2796.5,2792.5,2794.0,28800,0.0,0.0
2024-07-25 10:25:00+09:00,2794.0,2794.5,2787.5,2788.5,65400,0.0,0.0
2024-07-25 10:30:00+09:00,2788.5,2793.5,2788.5,2790.0,36500,0.0,0.0
2024-07-25 10:35:00+09:00,2790.5,2797.5,2790.5,2792.5,40200,0.0,0.0
2024-07-25 10:40:00+09:00,2792.5,2796.0,2789.0,2794.0,40600,0.0,0.0
2024-07-25 10:45:00+09:00,2794.0,2802.0,2794.0,2801.0,40700,0.0,0.0
2024-07-25 10:50:00+09:00,2801.5,2805.5,2800.5,2804.5,32300,0.0,0.0
2024-07-25 10:55:00+09:00,2805.0,2805.5,2800.0,2801.0,28300,0.0,0.0
2024-07-25 11:00:00+09:00,2800.5,2802.5,2798.0,2801.5,27500,0.0,0.0
2024-07-25 11:05:00+09:00,2801.5,2802.0,2799.5,2800.5,23000,0.0,0.0
2024-07-25 11:10:00+09:00,2800.5,2801.5,2796.5,2800.0,33700,0.0,0.0
2024-07-25 11:15:00+09:00,2800.0,2802.5,2799.0,2802.0,20600,0.0,0.0
2024-07-25 11:20:00+09:00,2802.5,2816.0,2802.5,2815.0,74400,0.0,0.0
2024-07-25 11:25:00+09:00,2815.0,2817.5,2811.5,2817.5,37700,0.0,0.0
2024-07-25 11:30:00+09:00,2818.5,2818.5,2818.5,2818.5,3300,0.0,0.0
2024-07-25 11:35:00+09:00,2818.5,2818.5,2818.5,2818.5,0,0.0,0.0
2024-07-25 12:30:00+09:00,2803.0,2806.5,2790.5,2791.5,2772200,0.0,0.0
2024-07-25 12:35:00+09:00,2792.0,2796.0,2789.5,2792.5,87800,0.0,0.0
2024-07-25 12:40:00+09:00,2792.5,2793.0,2789.0,2790.5,64800,0.0,0.0
2024-07-25 12:45:00+09:00,2790.0,2795.5,2789.0,2793.0,49800,0.0,0.0
2024-07-25 12:50:00+09:00,2793.0,2796.5,2790.5,2790.5,46400,0.0,0.0
2024-07-25 12:55:00+09:00,2791.0,2795.0,2790.0,2795.0,36400,0.0,0.0
2024-07-25 13:00:00+09:00,2795.0,2808.5,2795.0,2808.0,58900,0.0,0.0
2024-07-25 13:05:00+09:00,2808.5,2810.5,2806.0,2808.5,49400,0.0,0.0
2024-07-25 13:10:00+09:00,2808.5,2810.0,2806.0,2810.0,45200,0.0,0.0
2024-07-25 13:15:00+09:00,2809.5,2812.0,2806.0,2812.0,66700,0.0,0.0
2024-07-25 13:20:00+09:00,2812.0,2812.5,2809.0,2809.5,83900,0.0,0.0
2024-07-25 13:25:00+09:00,2809.5,2811.0,2806.5,2811.0,66900,0.0,0.0
2024-07-25 13:30:00+09:00,2811.5,2812.5,2809.0,2810.0,59700,0.0,0.0
2024-07-25 13:35:00+09:00,2810.0,2813.0,2805.0,2807.0,114400,0.0,0.0
2024-07-25 13:40:00+09:00,2806.0,2806.0,2793.0,2793.5,71800,0.0,0.0
2024-07-25 13:45:00+09:00,2794.0,2795.5,2792.0,2793.5,49000,0.0,0.0
2024-07-25 13:50:00+09:00,2793.0,2796.0,2792.0,2795.0,35000,0.0,0.0
2024-07-25 13:55:00+09:00,2795.5,2797.0,2793.5,2794.0,35300,0.0,0.0
2024-07-25 14:00:00+09:00,2793.5,2795.5,2791.5,2795.5,40200,0.0,0.0
2024-07-25 14:05:00+09:00,2795.0,2798.0,2794.0,2796.5,31100,0.0,0.0
2024-07-25 14:10:00+09:00,2797.0,2802.5,2795.5,2801.5,55500,0.0,0.0
2024-07-25 14:15:00+09:00,2802.0,2803.5,2799.5,2801.5,40500,0.0,0.0
2024-07-25 14:20:00+09:00,2801.5,2807.5,2801.0,2803.5,69700,0.0,0.0
2024-07-25 14:25:00+09:00,2803.5,2804.0,2801.0,2801.5,68700,0.0,0.0
2024-07-25 14:30:00+09:00,2801.0,2803.0,2799.5,2801.0,85800,0.0,0.0
2024-07-25 14:35:00+09:00,2800.5,2809.5,2800.0,2809.5,96300,0.0,0.0
2024-07-25 14:40:00+09:00,2809.5,2809.5,2802.5,2805.0,111900,0.0,0.0
2024-07-25 14:45:00+09:00,2804.5,2805.5,2798.5,2800.0,117900,0.0,0.0
2024-07-25 14:50:00+09:00,2800.0,2802.5,2795.0,2795.5,172800,0.0,0.0
2024-07-25 14:55:00+09:00,2795.0,2798.0,2790.0,2798.0,219700,0.0,0.0
2024-07-26 09:00:00+09:00,2798.0,2798.0,2767.0,2783.5,379700,0.0,0.0
2024-07-26 09:05:00+09:00,2783.5,2786.5,2771.0,2771.0,81500,0.0,0.0
2024-07-26 09:10:00+09:00,2770.5,2785.5,2770.0,2785.5,54200,0.0,0.0
2024-07-26 09:15:00+09:00,2784.5,2789.5,2780.0,2787.5,84400,0.0,0.0
2024-07-26 09:20:00+09:00,2786.0,2787.5,2778.5,2779.5,44200,0.0,0.0
2024-07-26 09:25:00+09:00,2778.5,2792.0,2777.0,2790.5,56900,0.0,0.0
2024-07-26 09:30:00+09:00,2790.0,2790.0,2778.0,2786.0,78900,0.0,0.0
2024-07-26 09:35:00+09:00,2786.0,2802.0,2786.0,2796.5,69600,0.0,0.0
2024-07-26 09:40:00+09:00,2797.5,2808.0,2797.5,2806.0,49800,0.0,0.0
2024-07-26 09:45:00+09:00,2806.5,2815.0,2806.0,2810.5,78100,0.0,0.0
2024-07-26 09:50:00+09:00,2810.0,2821.0,2806.0,2818.5,48500,0.0,0.0
2024-07-26 09:55:00+09:00,2818.0,2818.0,2810.0,2818.0,25600,0.0,0.0
2024-07-26 10:00:00+09:00,2818.0,2824.0,2818.0,2822.5,49900,0.0,0.0
2024-07-26 10:05:00+09:00,2823.0,2825.0,2818.0,2822.0,34700,0.0,0.0
2024-07-26 10:10:00+09:00,2821.5,2827.5,2820.5,2821.0,28600,0.0,0.0
2024-07-26 10:15:00+09:00,2820.5,2823.5,2818.0,2818.5,25800,0.0,0.0
2024-07-26 10:20:00+09:00,2818.5,2818.5,2808.5,2809.0,21700,0.0,0.0
2024-07-26 10:25:00+09:00,2809.0,2811.5,2804.0,2811.5,34500,0.0,0.0
2024-07-26 10:30:00+09:00,2811.5,2812.0,2803.5,2806.0,34800,0.0,0.0
2024-07-26 10:35:00+09:00,2805.0,2807.0,2801.0,2807.0,24700,0.0,0.0
2024-07-26 10:40:00+09:00,2806.0,2806.0,2803.0,2803.0,15100,0.0,0.0
2024-07-26 10:45:00+09:00,2803.0,2810.0,2801.0,2809.0,31500,0.0,0.0
2024-07-26 10:50:00+09:00,2809.0,2809.5,2797.5,2799.0,28100,0.0,0.0
2024-07-26 10:55:00+09:00,2798.5,2807.5,2796.0,2807.0,28300,0.0,0.0
2024-07-26 11:00:00+09:00,2807.5,2820.5,2807.0,2820.5,44600,0.0,0.0
2024-07-26 11:05:00+09:00,2820.5,2824.0,2818.5,2820.5,40000,0.0,0.0
2024-07-26 11:10:00+09:00,2821.0,2825.0,2821.0,2822.5,32500,0.0,0.0
2024-07-26 11:15:00+09:00,2822.5,2827.0,2822.0,2825.5,47300,0.0,0.0
2024-07-26 11:20:00+09:00,2825.0,2826.5,2817.0,2820.0,24300,0.0,0.0
2024-07-26 11:25:00+09:00,2820.0,2830.0,2819.0,2830.0,29500,0.0,0.0
2024-07-26 11:30:00+09:00,2830.0,2830.0,2830.0,2830.0,5100,0.0,0.0
2024-07-26 11:35:00+09:00,2830.0,2830.0,2830.0,2830.0,0,0.0,0.0
2024-07-26 12:30:00+09:00,2830.5,2833.5,2822.0,2826.5,1727300,0.0,0.0
2024-07-26 12:35:00+09:00,2826.0,2826.0,2817.0,2818.0,23300,0.0,0.0
2024-07-26 12:40:00+09:00,2818.5,2827.0,2818.5,2825.0,32800,0.0,0.0
2024-07-26 12:45:00+09:00,2824.0,2825.5,2822.5,2823.0,19500,0.0,0.0
2024-07-26 12:50:00+09:00,2823.0,2825.0,2820.5,2824.5,20600,0.0,0.0
2024-07-26 12:55:00+09:00,2825.5,2829.0,2825.5,2828.5,23800,0.0,0.0
2024-07-26 13:00:00+09:00,2828.0,2828.5,2825.0,2825.5,27700,0.0,0.0
2024-07-26 13:05:00+09:00,2825.0,2825.0,2822.0,2823.5,17600,0.0,0.0
2024-07-26 13:10:00+09:00,2823.0,2825.0,2822.5,2823.0,26500,0.0,0.0
2024-07-26 13:15:00+09:00,2823.0,2823.0,2818.5,2818.5,20600,0.0,0.0
2024-07-26 13:20:00+09:00,2818.5,2823.0,2818.5,2822.0,23600,0.0,0.0
2024-07-26 13:25:00+09:00,2823.0,2830.0,2822.0,2828.0,55500,0.0,0.0
2024-07-26 13:30:00+09:00,2828.5,2829.5,2827.0,2828.0,18700,0.0,0.0
2024-07-26 13:35:00+09:00,2828.0,2830.0,2827.0,2827.5,24600,0.0,0.0
2024-07-26 13:40:00+09:00,2828.0,2828.0,2823.0,2824.5,30300,0.0,0.0
2024-07-26 13:45:00+09:00,2824.5,2825.0,2822.5,2823.0,15100,0.0,0.0
2024-07-26 13:50:00+09:00,2823.5,2825.0,2823.0,2824.5,16200,0.0,0.0
2024-07-26 13:55:00+09:00,2824.5,2825.0,2820.5,2821.0,18200,0.0,0.0
2024-07-26 14:00:00+09:00,2821.0,2826.0,2819.0,2824.0,35200,0.0,0.0
2024-07-26 14:05:00+09:00,2824.0,2825.0,2816.0,2816.5,44600,0.0,0.0
2024-07-26 14:10:00+09:00,2816.0,2819.0,2816.0,2818.0,37900,0.0,0.0
2024-07-26 14:15:00+09:00,2818.5,2822.5,2818.0,2820.5,33600,0.0,0.0
2024-07-26 14:20:00+09:00,2821.0,2823.0,2821.0,2821.5,29800,0.0,0.0
2024-07-26 14:25:00+09:00,2821.5,2824.0,2821.5,2822.5,30400,0.0,0.0
2024-07-26 14:30:00+09:00,2822.5,2822.5,2818.0,2818.5,41000,0.0,0.0
2024-07-26 14:35:00+09:00,2818.5,2819.0,2813.5,2815.0,55500,0.0,0.0
2024-07-26 14:40:00+09:00,2815.5,2817.5,2813.0,2813.5,48400,0.0,0.0
2024-07-26 14:45:00+09:00,2813.0,2814.0,2805.0,2807.0,68600,0.0,0.0
2024-07-26 14:50:00+09:00,2807.0,2807.5,2799.0,2801.0,111400,0.0,0.0
2024-07-26 14:55:00+09:00,2800.5,2804.5,2794.5,2804.5,125300,0.0,0.0
2024-07-29 09:00:00+09:00,2844.5,2855.0,2821.5,2837.5,243200,0.0,0.0
2024-07-29 09:05:00+09:00,2837.5,2848.0,2837.0,2846.5,57700,0.0,0.0
2024-07-29 09:10:00+09:00,2846.5,2849.0,2840.0,2845.0,57100,0.0,0.0
2024-07-29 09:15:00+09:00,2845.5,2850.5,2843.0,2850.5,84400,0.0,0.0
2024-07-29 09:20:00+09:00,2850.5,2864.0,2849.5,2862.5,72800,0.0,0.0
2024-07-29 09:25:00+09:00,2862.5,2870.5,2860.5,2866.0,58500,0.0,0.0
2024-07-29 09:30:00+09:00,2866.0,2868.5,2862.0,2868.5,56900,0.0,0.0
2024-07-29 09:35:00+09:00,2868.5,2870.0,2865.5,2868.5,28700,0.0,0.0
2024-07-29 09:40:00+09:00,2869.5,2875.5,2869.5,2874.5,58100,0.0,0.0
2024-07-29 09:45:00+09:00,2875.0,2885.0,2875.0,2878.0,78500,0.0,0.0
2024-07-29 09:50:00+09:00,2877.5,2886.5,2877.5,2881.0,46000,0.0,0.0
2024-07-29 09:55:00+09:00,2881.5,2886.0,2877.0,2877.0,51900,0.0,0.0
2024-07-29 10:00:00+09:00,2876.5,2885.0,2876.5,2883.0,48400,0.0,0.0
2024-07-29 10:05:00+09:00,2883.0,2889.0,2880.5,2881.5,43900,0.0,0.0
2024-07-29 10:10:00+09:00,2881.0,2885.0,2881.0,2882.5,28600,0.0,0.0
2024-07-29 10:15:00+09:00,2882.5,2887.5,2882.5,2885.0,29100,0.0,0.0
2024-07-29 10:20:00+09:00,2886.0,2886.5,2878.5,2880.0,23600,0.0,0.0
2024-07-29 10:25:00+09:00,2880.0,2885.0,2879.5,2884.5,22200,0.0,0.0
2024-07-29 10:30:00+09:00,2884.0,2884.0,2873.0,2873.5,47700,0.0,0.0
2024-07-29 10:35:00+09:00,2872.5,2873.0,2865.0,2867.5,49400,0.0,0.0
2024-07-29 10:40:00+09:00,2867.0,2867.0,2858.0,2859.0,52600,0.0,0.0
2024-07-29 10:45:00+09:00,2859.5,2864.5,2857.0,2860.0,20800,0.0,0.0
2024-07-29 10:50:00+09:00,2860.5,2865.5,2860.5,2864.0,22600,0.0,0.0
2024-07-29 10:55:00+09:00,2863.5,2867.5,2862.0,2866.0,36500,0.0,0.0
2024-07-29 11:00:00+09:00,2866.5,2868.0,2864.0,2866.0,19700,0.0,0.0
2024-07-29 11:05:00+09:00,2866.0,2867.0,2860.5,2861.0,18600,0.0,0.0
2024-07-29 11:10:00+09:00,2861.0,2862.0,2858.0,2858.0,18100,0.0,0.0
2024-07-29 11:15:00+09:00,2858.5,2859.0,2853.0,2854.0,21400,0.0,0.0
2024-07-29 11:20:00+09:00,2854.5,2855.0,2842.0,2844.5,164400,0.0,0.0
2024-07-29 11:25:00+09:00,2844.5,2848.5,2841.5,2848.5,47600,0.0,0.0
2024-07-29 11:30:00+09:00,2848.0,2849.0,2848.0,2849.0,4100,0.0,0.0
2024-07-29 11:35:00+09:00,2849.0,2849.0,2849.0,2849.0,0,0.0,0.0
2024-07-29 12:30:00+09:00,2850.0,2858.0,2850.0,2853.5,1704500,0.0,0.0
2024-07-29 12:35:00+09:00,2853.5,2859.0,2853.5,2856.5,74800,0.0,0.0
2024-07-29 12:40:00+09:00,2857.0,2860.0,2854.0,2855.5,32100,0.0,0.0
2024-07-29 12:45:00+09:00,2855.5,2856.5,2853.5,2854.0,22900,0.0,0.0
2024-07-29 12:50:00+09:00,2855.0,2855.0,2850.0,2852.0,24000,0.0,0.0
2024-07-29 12:55:00+09:00,2852.0,2854.5,2852.0,2853.0,16200,0.0,0.0
2024-07-29 13:00:00+09:00,2853.0,2854.0,2851.5,2853.0,27500,0.0,0.0
2024-07-29 13:05:00+09:00,2853.5,2856.0,2853.0,2853.5,20700,0.0,0.0
2024-07-29 13:10:00+09:00,2853.5,2853.5,2845.5,2846.5,56800,0.0,0.0
2024-07-29 13:15:00+09:00,2846.5,2848.0,2844.5,2848.0,34100,0.0,0.0
2024-07-29 13:20:00+09:00,2848.0,2850.0,2846.5,2849.0,30400,0.0,0.0
2024-07-29 13:25:00+09:00,2849.0,2855.5,2849.0,2854.0,36800,0.0,0.0
2024-07-29 13:30:00+09:00,2854.5,2855.0,2852.0,2855.0,28300,0.0,0.0
2024-07-29 13:35:00+09:00,2855.0,2855.5,2854.0,2854.5,19300,0.0,0.0
2024-07-29 13:40:00+09:00,2854.5,2855.0,2852.0,2853.0,27400,0.0,0.0
2024-07-29 13:45:00+09:00,2853.5,2854.5,2852.5,2854.5,18400,0.0,0.0
2024-07-29 13:50:00+09:00,2854.5,2855.0,2852.5,2853.5,19400,0.0,0.0
2024-07-29 13:55:00+09:00,2853.0,2856.5,2853.0,2855.5,25900,0.0,0.0
2024-07-29 14:00:00+09:00,2855.0,2858.0,2854.5,2855.0,23400,0.0,0.0
2024-07-29 14:05:00+09:00,2855.5,2856.5,2854.0,2856.5,17400,0.0,0.0
2024-07-29 14:10:00+09:00,2856.5,2857.5,2851.0,2851.5,48600,0.0,0.0
2024-07-29 14:15:00+09:00,2851.5,2857.0,2850.5,2854.5,51900,0.0,0.0
2024-07-29 14:20:00+09:00,2855.0,2856.0,2854.0,2854.0,30300,0.0,0.0
2024-07-29 14:25:00+09:00,2853.5,2854.5,2852.5,2854.0,31100,0.0,0.0
2024-07-29 14:30:00+09:00,2854.5,2858.5,2854.0,2858.0,38800,0.0,0.0
2024-07-29 14:35:00+09:00,2858.0,2861.0,2857.0,2858.0,62500,0.0,0.0
2024-07-29 14:40:00+09:00,2858.5,2859.0,2854.5,2856.0,53300,0.0,0.0
2024-07-29 14:45:00+09:00,2856.0,2856.5,2849.0,2849.0,91700,0.0,0.0
2024-07-29 14:50:00+09:00,2849.0,2850.5,2847.5,2848.5,96500,0.0,0.0
2024-07-29 14:55:00+09:00,2848.5,2855.5,2847.0,2853.5,144400,0.0,0.0
2024-07-30 09:00:00+09:00,2812.0,2813.5,2790.0,2805.5,283100,0.0,0.0
2024-07-30 09:05:00+09:00,2806.0,2822.5,2801.5,2821.0,80600,0.0,0.0
2024-07-30 09:10:00+09:00,2820.5,2827.0,2812.5,2825.0,69600,0.0,0.0
2024-07-30 09:15:00+09:00,2824.5,2824.5,2814.5,2820.5,62500,0.0,0.0
2024-07-30 09:20:00+09:00,2821.0,2830.5,2820.0,2827.5,79400,0.0,0.0
2024-07-30 09:25:00+09:00,2827.5,2827.5,2814.0,2826.0,73500,0.0,0.0
2024-07-30 09:30:00+09:00,2826.5,2828.0,2812.0,2820.5,61000,0.0,0.0
2024-07-30 09:35:00+09:00,2820.0,2824.0,2816.5,2823.5,50900,0.0,0.0
2024-07-30 09:40:00+09:00,2824.0,2833.0,2824.0,2833.0,55200,0.0,0.0
2024-07-30 09:45:00+09:00,2832.0,2844.5,2831.0,2841.0,67300,0.0,0.0
2024-07-30 09:50:00+09:00,2841.5,2841.5,2835.0,2837.5,34800,0.0,0.0
2024-07-30 09:55:00+09:00,2836.5,2838.5,2835.0,2835.5,16900,0.0,0.0
2024-07-30 10:00:00+09:00,2836.5,2839.0,2832.0,2832.0,24000,0.0,0.0
2024-07-30 10:05:00+09:00,2832.5,2841.0,2830.0,2835.0,33500,0.0,0.0
2024-07-30 10:10:00+09:00,2836.0,2844.0,2834.5,2840.5,26400,0.0,0.0
2024-07-30 10:15:00+09:00,2839.5,2839.5,2834.5,2836.0,14500,0.0,0.0
2024-07-30 10:20:00+09:00,2835.5,2838.5,2834.5,2836.5,19800,0.0,0.0
2024-07-30 10:25:00+09:00,2836.5,2837.5,2831.5,2833.0,18100,0.0,0.0
2024-07-30 10:30:00+09:00,2833.5,2833.5,2830.5,2832.0,22700,0.0,0.0
2024-07-30 10:35:00+09:00,2832.0,2837.0,2829.0,2832.5,71200,0.0,0.0
2024-07-30 10:40:00+09:00,2832.5,2834.5,2830.5,2834.5,20400,0.0,0.0
2024-07-30 10:45:00+09:00,2834.0,2834.5,2831.5,2833.0,19200,0.0,0.0
2024-07-30 10:50:00+09:00,2833.5,2835.0,2831.0,2834.0,20700,0.0,0.0
2024-07-30 10:55:00+09:00,2834.0,2837.0,2833.0,2835.5,30000,0.0,0.0
2024-07-30 11:00:00+09:00,2836.0,2837.0,2831.0,2831.0,24600,0.0,0.0
2024-07-30 11:05:00+09:00,2831.0,2838.5,2830.0,2837.5,24100,0.0,0.0
2024-07-30 11:10:00+09:00,2837.5,2841.0,2834.0,2835.5,44600,0.0,0.0
2024-07-30 11:15:00+09:00,2835.5,2836.0,2832.5,2832.5,10800,0.0,0.0
2024-07-30 11:20:00+09:00,2832.5,2837.0,2831.5,2837.0,21500,0.0,0.0
2024-07-30 11:25:00+09:00,2837.0,2837.0,2833.0,2833.5,20300,0.0,0.0
2024-07-30 11:30:00+09:00,2833.5,2833.5,2833.5,2833.5,5200,0.0,0.0
2024-07-30 11:35:00+09:00,2833.5,2833.5,2833.5,2833.5,0,0.0,0.0
2024-07-30 12:30:00+09:00,2846.5,2849.0,2833.0,2836.0,1524000,0.0,0.0
2024-07-30 12:35:00+09:00,2835.5,2835.5,2824.0,2824.5,85300,0.0,0.0
2024-07-30 12:40:00+09:00,2824.5,2829.0,2821.5,2826.5,29800,0.0,0.0
2024-07-30 12:45:00+09:00,2826.5,2830.5,2826.5,2828.0,20700,0.0,0.0
2024-07-30 12:50:00+09:00,2828.0,2830.5,2825.5,2827.0,16200,0.0,0.0
2024-07-30 12:55:00+09:00,2827.5,2829.0,2826.0,2828.0,13800,0.0,0.0
2024-07-30 13:00:00+09:00,2828.5,2829.0,2825.5,2827.5,18400,0.0,0.0
2024-07-30 13:05:00+09:00,2828.0,2829.5,2824.0,2824.5,17100,0.0,0.0
2024-07-30 13:10:00+09:00,2825.5,2827.5,2823.5,2825.0,18000,0.0,0.0
2024-07-30 13:15:00+09:00,2825.0,2828.5,2823.5,2824.0,14700,0.0,0.0
2024-07-30 13:20:00+09:00,2824.5,2830.0,2824.5,2828.5,18200,0.0,0.0
2024-07-30 13:25:00+09:00,2828.5,2831.5,2828.5,2831.0,17600,0.0,0.0
2024-07-30 13:30:00+09:00,2831.5,2832.5,2828.0,2828.5,31200,0.0,0.0
2024-07-30 13:35:00+09:00,2828.0,2835.0,2828.0,2835.0,17100,0.0,0.0
2024-07-30 13:40:00+09:00,2835.0,2837.5,2834.5,2835.5,27300,0.0,0.0
2024-07-30 13:45:00+09:00,2835.5,2837.0,2833.0,2836.0,23300,0.0,0.0
2024-07-30 13:50:00+09:00,2835.5,2839.5,2834.0,2839.5,16400,0.0,0.0
2024-07-30 13:55:00+09:00,2839.5,2839.5,2835.5,2835.5,24200,0.0,0.0
2024-07-30 14:00:00+09:00,2835.5,2835.5,2831.5,2832.5,28400,0.0,0.0
2024-07-30 14:05:00+09:00,2832.5,2836.5,2832.5,2834.0,29200,0.0,0.0
2024-07-30 14:10:00+09:00,2834.0,2836.0,2833.5,2835.5,18400,0.0,0.0
2024-07-30 14:15:00+09:00,2835.5,2838.5,2835.0,2837.0,23800,0.0,0.0
2024-07-30 14:20:00+09:00,2837.0,2837.5,2836.0,2836.5,21800,0.0,0.0
2024-07-30 14:25:00+09:00,2836.0,2836.5,2834.0,2834.5,23100,0.0,0.0
2024-07-30 14:30:00+09:00,2834.0,2834.0,2831.0,2831.0,44900,0.0,0.0
2024-07-30 14:35:00+09:00,2831.0,2832.0,2828.0,2828.5,31700,0.0,0.0
2024-07-30 14:40:00+09:00,2828.5,2834.5,2828.5,2833.0,48600,0.0,0.0
2024-07-30 14:45:00+09:00,2833.0,2841.0,2833.0,2838.5,56400,0.0,0.0
2024-07-30 14:50:00+09:00,2838.5,2841.0,2835.5,2841.0,52400,0.0,0.0
2024-07-30 14:55:00+09:00,2841.0,2843.5,2840.5,2843.5,62200,0.0,0.0
2024-07-31 09:00:00+09:00,2809.0,2811.0,2795.0,2801.0,336000,0.0,0.0
2024-07-31 09:05:00+09:00,2802.5,2815.0,2798.0,2811.5,77800,0.0,0.0
2024-07-31 09:10:00+09:00,2811.0,2813.5,2805.5,2805.5,57600,0.0,0.0
2024-07-31 09:15:00+09:00,2805.0,2815.0,2803.0,2811.5,54900,0.0,0.0
2024-07-31 09:20:00+09:00,2811.5,2823.0,2811.0,2822.5,60900,0.0,0.0
2024-07-31 09:25:00+09:00,2823.0,2828.0,2818.5,2821.5,33100,0.0,0.0
2024-07-31 09:30:00+09:00,2822.0,2824.0,2818.0,2820.5,27200,0.0,0.0
2024-07-31 09:35:00+09:00,2820.0,2831.0,2820.0,2830.0,30300,0.0,0.0
2024-07-31 09:40:00+09:00,2830.5,2837.5,2830.5,2835.5,29700,0.0,0.0
2024-07-31 09:45:00+09:00,2836.0,2843.5,2836.0,2839.0,29800,0.0,0.0
2024-07-31 09:50:00+09:00,2838.5,2841.5,2832.0,2837.5,30200,0.0,0.0
2024-07-31 09:55:00+09:00,2838.0,2840.5,2835.5,2835.5,22500,0.0,0.0
2024-07-31 10:00:00+09:00,2836.5,2841.0,2836.5,2839.0,22100,0.0,0.0
2024-07-31 10:05:00+09:00,2839.5,2841.0,2830.0,2834.5,24400,0.0,0.0
2024-07-31 10:10:00+09:00,2835.0,2837.0,2832.5,2835.5,19300,0.0,0.0
2024-07-31 10:15:00+09:00,2836.5,2839.5,2834.5,2838.0,18000,0.0,0.0
2024-07-31 10:20:00+09:00,2838.0,2842.0,2835.0,2840.5,25200,0.0,0.0
2024-07-31 10:25:00+09:00,2840.0,2841.5,2838.0,2838.0,20600,0.0,0.0
2024-07-31 10:30:00+09:00,2838.5,2841.5,2835.0,2837.5,39000,0.0,0.0
2024-07-31 10:35:00+09:00,2838.0,2847.0,2836.0,2845.0,42500,0.0,0.0
2024-07-31 10:40:00+09:00,2844.5,2849.5,2840.5,2848.5,54700,0.0,0.0
2024-07-31 10:45:00+09:00,2849.0,2855.5,2848.0,2853.5,92100,0.0,0.0
2024-07-31 10:50:00+09:00,2853.5,2857.5,2850.5,2850.5,36100,0.0,0.0
2024-07-31 10:55:00+09:00,2851.0,2855.5,2843.0,2844.0,62900,0.0,0.0
2024-07-31 11:00:00+09:00,2844.0,2845.5,2840.0,2842.0,19100,0.0,0.0
2024-07-31 11:05:00+09:00,2842.5,2849.0,2842.0,2849.0,16700,0.0,0.0
2024-07-31 11:10:00+09:00,2849.0,2853.0,2847.5,2850.5,31300,0.0,0.0
2024-07-31 11:15:00+09:00,2851.0,2854.5,2848.5,2854.0,24900,0.0,0.0
2024-07-31 11:20:00+09:00,2853.5,2857.0,2850.5,2857.0,34700,0.0,0.0
2024-07-31 11:25:00+09:00,2857.5,2860.0,2853.0,2858.5,40200,0.0,0.0
2024-07-31 11:30:00+09:00,2859.0,2859.0,2859.0,2859.0,7800,0.0,0.0
2024-07-31 11:35:00+09:00,2859.0,2859.0,2859.0,2859.0,0,0.0,0.0
2024-07-31 12:30:00+09:00,2857.0,2860.5,2852.0,2860.0,1509700,0.0,0.0
2024-07-31 12:35:00+09:00,2860.0,2861.5,2855.0,2856.0,44200,0.0,0.0
2024-07-31 12:40:00+09:00,2856.5,2859.0,2853.5,2857.5,25700,0.0,0.0
2024-07-31 12:45:00+09:00,2857.5,2859.5,2850.5,2854.5,54200,0.0,0.0
2024-07-31 12:50:00+09:00,2854.5,2855.5,2850.0,2852.0,24000,0.0,0.0
2024-07-31 12:55:00+09:00,2853.0,2867.5,2842.0,2865.0,148600,0.0,0.0
2024-07-31 13:00:00+09:00,2866.0,2871.0,2852.5,2857.0,87900,0.0,0.0
2024-07-31 13:05:00+09:00,2857.0,2864.5,2844.5,2856.5,92400,0.0,0.0
2024-07-31 13:10:00+09:00,2855.5,2856.5,2849.5,2855.5,32100,0.0,0.0
2024-07-31 13:15:00+09:00,2856.0,2868.0,2856.0,2863.0,59200,0.0,0.0
2024-07-31 13:20:00+09:00,2861.5,2863.0,2856.5,2857.0,26000,0.0,0.0
2024-07-31 13:25:00+09:00,2858.0,2859.0,2851.5,2859.0,46600,0.0,0.0
2024-07-31 13:30:00+09:00,2858.5,2859.5,2854.5,2858.5,27800,0.0,0.0
2024-07-31 13:35:00+09:00,2859.0,2862.0,2855.5,2858.5,36700,0.0,0.0
2024-07-31 13:40:00+09:00,2858.0,2864.0,2857.0,2862.0,30200,0.0,0.0
2024-07-31 13:45:00+09:00,2862.5,2867.0,2860.0,2862.5,38800,0.0,0.0
2024-07-31 13:50:00+09:00,2863.0,2864.5,2858.5,2859.5,22900,0.0,0.0
2024-07-31 13:55:00+09:00,2858.5,2859.5,2848.5,2853.0,37100,0.0,0.0
2024-07-31 14:00:00+09:00,2852.0,2853.5,2847.0,2848.5,30600,0.0,0.0
2024-07-31 14:05:00+09:00,2849.0,2852.5,2847.0,2852.0,30700,0.0,0.0
2024-07-31 14:10:00+09:00,2851.5,2853.5,2849.5,2849.5,24300,0.0,0.0
2024-07-31 14:15:00+09:00,2849.0,2850.5,2843.5,2847.5,49800,0.0,0.0
2024-07-31 14:20:00+09:00,2847.5,2850.0,2845.0,2848.0,32100,0.0,0.0
2024-07-31 14:25:00+09:00,2848.5,2848.5,2842.5,2846.5,39900,0.0,0.0
2024-07-31 14:30:00+09:00,2847.0,2850.0,2842.0,2843.5,52500,0.0,0.0
2024-07-31 14:35:00+09:00,2843.5,2854.0,2843.5,2852.5,53400,0.0,0.0
2024-07-31 14:40:00+09:00,2853.0,2860.5,2850.5,2851.0,127400,0.0,0.0
2024-07-31 14:45:00+09:00,2851.5,2868.0,2851.5,2862.5,130700,0.0,0.0
2024-07-31 14:50:00+09:00,2863.0,2873.5,2863.0,2872.5,148200,0.0,0.0
2024-07-31 14:55:00+09:00,2872.5,2892.0,2863.0,2863.0,377600,0.0,0.0
2024-08-01 09:00:00+09:00,2760.5,2770.0,2700.0,2729.0,1077900,0.0,0.0
2024-08-01 09:05:00+09:00,2730.0,2750.5,2724.0,2735.0,342100,0.0,0.0
2024-08-01 09:10:00+09:00,2734.5,2740.5,2716.0,2720.5,220200,0.0,0.0
2024-08-01 09:15:00+09:00,2720.0,2729.0,2717.0,2723.5,135300,0.0,0.0
2024-08-01 09:20:00+09:00,2725.5,2730.0,2717.5,2723.5,132500,0.0,0.0
2024-08-01 09:25:00+09:00,2723.5,2733.5,2716.0,2733.5,98100,0.0,0.0
2024-08-01 09:30:00+09:00,2734.0,2749.5,2734.0,2749.0,176500,0.0,0.0
2024-08-01 09:35:00+09:00,2749.0,2756.0,2739.0,2740.0,142700,0.0,0.0
2024-08-01 09:40:00+09:00,2738.0,2753.0,2736.0,2749.5,67000,0.0,0.0
2024-08-01 09:45:00+09:00,2749.0,2752.0,2740.0,2743.5,57700,0.0,0.0
2024-08-01 09:50:00+09:00,2743.0,2746.0,2739.5,2743.5,64600,0.0,0.0
2024-08-01 09:55:00+09:00,2743.5,2745.0,2733.0,2738.5,73000,0.0,0.0
2024-08-01 10:00:00+09:00,2740.0,2744.0,2735.5,2736.5,62400,0.0,0.0
2024-08-01 10:05:00+09:00,2737.0,2737.0,2715.0,2725.5,211300,0.0,0.0
2024-08-01 10:10:00+09:00,2724.5,2727.5,2722.0,2724.0,35700,0.0,0.0
2024-08-01 10:15:00+09:00,2723.5,2724.5,2709.5,2713.0,126500,0.0,0.0
2024-08-01 10:20:00+09:00,2713.5,2718.5,2706.0,2712.5,82600,0.0,0.0
2024-08-01 10:25:00+09:00,2713.0,2715.0,2688.0,2696.0,353400,0.0,0.0
2024-08-01 10:30:00+09:00,2695.5,2700.0,2680.5,2681.5,115800,0.0,0.0
2024-08-01 10:35:00+09:00,2681.0,2684.0,2672.5,2678.0,113900,0.0,0.0
2024-08-01 10:40:00+09:00,2677.5,2691.0,2677.5,2686.5,86900,0.0,0.0
2024-08-01 10:45:00+09:00,2686.5,2693.0,2683.0,2690.5,69500,0.0,0.0
2024-08-01 10:50:00+09:00,2690.5,2698.5,2687.5,2697.5,90800,0.0,0.0
2024-08-01 10:55:00+09:00,2697.0,2710.5,2692.5,2707.0,108300,0.0,0.0
2024-08-01 11:00:00+09:00,2707.5,2734.5,2629.0,2648.5,1007700,0.0,0.0
2024-08-01 11:05:00+09:00,2648.5,2668.0,2635.0,2649.0,330400,0.0,0.0
2024-08-01 11:10:00+09:00,2648.0,2648.0,2602.0,2604.0,486400,0.0,0.0
2024-08-01 11:15:00+09:00,2603.0,2615.5,2590.5,2607.0,640300,0.0,0.0
2024-08-01 11:20:00+09:00,2608.5,2628.0,2607.0,2616.0,336500,0.0,0.0
2024-08-01 11:25:00+09:00,2616.0,2617.0,2595.5,2602.5,380500,0.0,0.0
2024-08-01 11:30:00+09:00,2600.5,2600.5,2574.5,2574.5,161600,0.0,0.0
2024-08-01 11:35:00+09:00,2574.5,2574.5,2574.5,2574.5,0,0.0,0.0
2024-08-01 12:30:00+09:00,2601.5,2607.0,2576.0,2593.0,7919400,0.0,0.0
2024-08-01 12:35:00+09:00,2591.5,2593.5,2580.0,2591.0,400700,0.0,0.0
2024-08-01 12:40:00+09:00,2590.5,2613.0,2589.0,2609.0,258100,0.0,0.0
2024-08-01 12:45:00+09:00,2608.5,2611.0,2592.0,2592.5,203300,0.0,0.0
2024-08-01 12:50:00+09:00,2592.5,2599.5,2583.5,2596.5,150300,0.0,0.0
2024-08-01 12:55:00+09:00,2594.5,2598.0,2588.0,2589.0,156600,0.0,0.0
2024-08-01 13:00:00+09:00,2589.0,2590.5,2579.0,2579.0,244600,0.0,0.0
2024-08-01 13:05:00+09:00,2579.0,2596.0,2577.0,2596.0,120000,0.0,0.0
2024-08-01 13:10:00+09:00,2596.0,2596.0,2574.0,2578.0,263800,0.0,0.0
2024-08-01 13:15:00+09:00,2578.0,2585.5,2576.5,2580.0,132800,0.0,0.0
2024-08-01 13:20:00+09:00,2580.5,2580.5,2574.0,2574.5,109300,0.0,0.0
2024-08-01 13:25:00+09:00,2574.0,2577.5,2571.0,2571.0,168900,0.0,0.0
2024-08-01 13:30:00+09:00,2571.0,2571.5,2562.5,2563.0,308900,0.0,0.0
2024-08-01 13:35:00+09:00,2562.5,2575.0,2562.5,2563.5,167600,0.0,0.0
2024-08-01 13:40:00+09:00,2563.5,2563.5,2560.0,2561.0,122700,0.0,0.0
2024-08-01 13:45:00+09:00,2561.0,2576.5,2560.0,2571.0,164600,0.0,0.0
2024-08-01 13:50:00+09:00,2571.5,2571.5,2565.5,2566.0,115200,0.0,0.0
2024-08-01 13:55:00+09:00,2566.0,2579.0,2565.5,2577.0,254300,0.0,0.0
2024-08-01 14:00:00+09:00,2577.5,2599.0,2577.0,2577.5,250500,0.0,0.0
2024-08-01 14:05:00+09:00,2577.5,2592.5,2577.5,2592.5,201300,0.0,0.0
2024-08-01 14:10:00+09:00,2592.5,2617.0,2592.0,2612.0,260700,0.0,0.0
2024-08-01 14:15:00+09:00,2612.5,2621.5,2608.5,2616.0,173600,0.0,0.0
2024-08-01 14:20:00+09:00,2616.0,2623.0,2613.0,2618.5,165800,0.0,0.0
2024-08-01 14:25:00+09:00,2618.5,2619.5,2610.0,2610.5,112100,0.0,0.0
2024-08-01 14:30:00+09:00,2610.5,2610.5,2605.0,2607.0,146100,0.0,0.0
2024-08-01 14:35:00+09:00,2607.0,2621.5,2607.0,2616.0,198900,0.0,0.0
2024-08-01 14:40:00+09:00,2616.0,2625.0,2615.0,2625.0,154100,0.0,0.0
2024-08-01 14:45:00+09:00,2625.0,2629.5,2623.5,2629.5,236200,0.0,0.0
2024-08-01 14:50:00+09:00,2629.5,2630.0,2618.5,2618.5,337900,0.0,0.0
2024-08-01 14:55:00+09:00,2618.5,2622.5,2616.0,2617.5,381400,0.0,0.0
2024-08-02 09:05:00+09:00,2472.0,2490.0,2438.0,2455.0,1229300,0.0,0.0
2024-08-02 09:10:00+09:00,2455.0,2455.5,2414.0,2425.0,536600,0.0,0.0
2024-08-02 09:15:00+09:00,2424.5,2424.5,2402.0,2405.5,433500,0.0,0.0
2024-08-02 09:20:00+09:00,2406.0,2430.5,2403.5,2420.0,249900,0.0,0.0
2024-08-02 09:25:00+09:00,2420.0,2425.0,2404.0,2409.0,231800,0.0,0.0
2024-08-02 09:30:00+09:00,2409.0,2429.0,2407.5,2428.5,130700,0.0,0.0
2024-08-02 09:35:00+09:00,2428.0,2436.5,2423.5,2425.0,119600,0.0,0.0
2024-08-02 09:40:00+09:00,2425.5,2441.0,2425.0,2434.5,119700,0.0,0.0
2024-08-02 09:45:00+09:00,2435.0,2455.5,2433.5,2448.5,152300,0.0,0.0
2024-08-02 09:50:00+09:00,2447.5,2447.5,2431.5,2436.5,92600,0.0,0.0
2024-08-02 09:55:00+09:00,2436.5,2437.0,2411.0,2411.5,145600,0.0,0.0
2024-08-02 10:00:00+09:00,2412.0,2417.5,2401.0,2402.0,155100,0.0,0.0
2024-08-02 10:05:00+09:00,2402.0,2413.5,2400.0,2412.5,145800,0.0,0.0
2024-08-02 10:10:00+09:00,2412.0,2429.5,2411.0,2424.5,126100,0.0,0.0
2024-08-02 10:15:00+09:00,2425.0,2437.0,2424.0,2436.0,128700,0.0,0.0
2024-08-02 10:20:00+09:00,2436.0,2438.5,2424.0,2436.0,97600,0.0,0.0
2024-08-02 10:25:00+09:00,2435.5,2435.5,2422.0,2425.0,78800,0.0,0.0
2024-08-02 10:30:00+09:00,2425.5,2438.5,2425.0,2431.0,116100,0.0,0.0
2024-08-02 10:35:00+09:00,2431.5,2449.0,2430.5,2448.5,99800,0.0,0.0
2024-08-02 10:40:00+09:00,2448.0,2460.5,2444.0,2459.5,336300,0.0,0.0
2024-08-02 10:45:00+09:00,2459.5,2462.5,2449.5,2454.5,96400,0.0,0.0
2024-08-02 10:50:00+09:00,2455.0,2461.5,2450.5,2457.0,64600,0.0,0.0
2024-08-02 10:55:00+09:00,2456.0,2461.5,2454.5,2457.0,68500,0.0,0.0
2024-08-02 11:00:00+09:00,2457.5,2463.5,2453.0,2453.5,62400,0.0,0.0
2024-08-02 11:05:00+09:00,2453.5,2464.0,2450.0,2457.0,132300,0.0,0.0
2024-08-02 11:10:00+09:00,2457.0,2457.0,2446.5,2451.0,90200,0.0,0.0
2024-08-02 11:15:00+09:00,2450.5,2451.5,2438.5,2440.0,93400,0.0,0.0
2024-08-02 11:20:00+09:00,2440.0,2440.5,2426.5,2427.5,138200,0.0,0.0
2024-08-02 11:25:00+09:00,2428.0,2438.0,2425.5,2438.0,144600,0.0,0.0
2024-08-02 11:30:00+09:00,2436.5,2436.5,2436.5,2436.5,87400,0.0,0.0
2024-08-02 11:35:00+09:00,2436.5,2436.5,2436.5,2436.5,0,0.0,0.0
2024-08-02 12:30:00+09:00,2430.0,2431.5,2416.0,2422.0,6074000,0.0,0.0
2024-08-02 12:35:00+09:00,2419.5,2419.5,2413.0,2413.5,123200,0.0,0.0
2024-08-02 12:40:00+09:00,2413.0,2413.5,2407.5,2408.0,121800,0.0,0.0
2024-08-02 12:45:00+09:00,2408.5,2419.0,2407.5,2418.5,103100,0.0,0.0
2024-08-02 12:50:00+09:00,2418.5,2426.5,2418.0,2421.0,134100,0.0,0.0
2024-08-02 12:55:00+09:00,2421.0,2423.0,2417.0,2417.5,102600,0.0,0.0
2024-08-02 13:00:00+09:00,2418.0,2421.5,2416.0,2418.0,64500,0.0,0.0
2024-08-02 13:05:00+09:00,2417.5,2420.5,2413.0,2413.0,71000,0.0,0.0
2024-08-02 13:10:00+09:00,2413.5,2416.5,2412.0,2413.0,67100,0.0,0.0
2024-08-02 13:15:00+09:00,2413.0,2413.5,2410.5,2412.0,83400,0.0,0.0
2024-08-02 13:20:00+09:00,2411.5,2421.0,2411.0,2419.0,82100,0.0,0.0
2024-08-02 13:25:00+09:00,2419.5,2420.0,2416.5,2417.0,64900,0.0,0.0
2024-08-02 13:30:00+09:00,2417.5,2418.0,2408.0,2408.5,101300,0.0,0.0
2024-08-02 13:35:00+09:00,2408.5,2409.5,2405.5,2408.5,95300,0.0,0.0
2024-08-02 13:40:00+09:00,2409.0,2410.5,2404.0,2409.5,118600,0.0,0.0
2024-08-02 13:45:00+09:00,2409.5,2410.5,2405.5,2406.0,76400,0.0,0.0
2024-08-02 13:50:00+09:00,2406.5,2406.5,2403.0,2404.5,89700,0.0,0.0
2024-08-02 13:55:00+09:00,2405.0,2407.0,2403.5,2405.0,83900,0.0,0.0
2024-08-02 14:00:00+09:00,2405.0,2405.5,2396.0,2396.5,354300,0.0,0.0
2024-08-02 14:05:00+09:00,2396.5,2408.5,2396.0,2408.5,121900,0.0,0.0
2024-08-02 14:10:00+09:00,2409.0,2417.0,2408.5,2408.5,84100,0.0,0.0
2024-08-02 14:15:00+09:00,2408.5,2413.5,2406.0,2406.0,92500,0.0,0.0
2024-08-02 14:20:00+09:00,2406.5,2408.5,2399.0,2402.0,154000,0.0,0.0
2024-08-02 14:25:00+09:00,2401.5,2406.5,2399.5,2399.5,117800,0.0,0.0
2024-08-02 14:30:00+09:00,2400.0,2403.0,2392.0,2401.5,215100,0.0,0.0
2024-08-02 14:35:00+09:00,2402.0,2403.0,2396.5,2399.5,147300,0.0,0.0
2024-08-02 14:40:00+09:00,2399.5,2408.0,2399.0,2401.5,153400,0.0,0.0
2024-08-02 14:45:00+09:00,2402.0,2403.0,2393.0,2398.5,179400,0.0,0.0
2024-08-02 14:50:00+09:00,2398.5,2402.0,2390.5,2396.0,264100,0.0,0.0
2024-08-02 14:55:00+09:00,2396.0,2404.0,2390.5,2399.5,463500,0.0,0.0
2024-08-05 09:15:00+09:00,2124.5,2131.5,2057.5,2073.5,1853000,0.0,0.0
2024-08-05 09:20:00+09:00,2073.5,2087.0,2060.5,2075.0,304000,0.0,0.0
2024-08-05 09:25:00+09:00,2076.0,2121.0,2075.0,2121.0,340000,0.0,0.0
2024-08-05 09:30:00+09:00,2121.0,2142.0,2112.5,2140.5,263700,0.0,0.0
2024-08-05 09:35:00+09:00,2141.0,2147.0,2119.0,2124.5,316000,0.0,0.0
2024-08-05 09:40:00+09:00,2124.0,2141.5,2121.0,2121.0,225600,0.0,0.0
2024-08-05 09:45:00+09:00,2121.5,2123.5,2110.0,2112.0,192300,0.0,0.0
2024-08-05 09:50:00+09:00,2111.5,2120.0,2102.0,2102.5,159600,0.0,0.0
2024-08-05 09:55:00+09:00,2103.0,2117.5,2103.0,2110.5,134200,0.0,0.0
2024-08-05 10:00:00+09:00,2110.0,2115.0,2105.0,2106.0,168900,0.0,0.0
2024-08-05 10:05:00+09:00,2105.5,2106.0,2073.5,2076.5,266400,0.0,0.0
2024-08-05 10:10:00+09:00,2077.0,2087.5,2075.0,2080.0,197900,0.0,0.0
2024-08-05 10:15:00+09:00,2080.0,2098.0,2077.5,2098.0,135200,0.0,0.0
2024-08-05 10:20:00+09:00,2098.0,2102.0,2091.5,2094.5,127200,0.0,0.0
2024-08-05 10:25:00+09:00,2095.0,2096.5,2080.5,2084.5,125100,0.0,0.0
2024-08-05 10:30:00+09:00,2085.0,2117.0,2084.0,2116.5,161700,0.0,0.0
2024-08-05 10:35:00+09:00,2116.0,2124.5,2109.5,2124.0,110800,0.0,0.0
2024-08-05 10:40:00+09:00,2124.0,2130.0,2118.5,2121.5,112600,0.0,0.0
2024-08-05 10:45:00+09:00,2121.5,2126.5,2115.5,2115.5,105900,0.0,0.0
2024-08-05 10:50:00+09:00,2116.5,2130.5,2113.5,2125.0,181400,0.0,0.0
2024-08-05 10:55:00+09:00,2125.0,2143.5,2125.0,2137.5,142100,0.0,0.0
2024-08-05 11:00:00+09:00,2137.5,2140.5,2128.0,2136.0,122700,0.0,0.0
2024-08-05 11:05:00+09:00,2136.0,2136.0,2119.0,2120.5,159800,0.0,0.0
2024-08-05 11:10:00+09:00,2121.0,2122.0,2106.0,2107.5,131300,0.0,0.0
2024-08-05 11:15:00+09:00,2107.0,2111.5,2103.0,2107.0,147200,0.0,0.0
2024-08-05 11:20:00+09:00,2107.5,2131.0,2107.5,2128.0,231500,0.0,0.0
2024-08-05 11:25:00+09:00,2128.5,2138.0,2124.0,2133.5,146900,0.0,0.0
2024-08-05 11:30:00+09:00,2134.0,2134.5,2128.0,2128.0,55900,0.0,0.0
2024-08-05 11:35:00+09:00,2128.0,2128.0,2128.0,2128.0,0,0.0,0.0
2024-08-05 12:30:00+09:00,2125.0,2128.5,2095.0,2099.0,7282800,0.0,0.0
2024-08-05 12:35:00+09:00,2099.0,2104.0,2095.0,2095.0,184200,0.0,0.0
2024-08-05 12:40:00+09:00,2095.5,2097.5,2084.0,2084.0,180200,0.0,0.0
2024-08-05 12:45:00+09:00,2084.0,2090.5,2078.5,2088.0,178000,0.0,0.0
2024-08-05 12:50:00+09:00,2088.0,2091.5,2075.0,2080.0,183400,0.0,0.0
2024-08-05 12:55:00+09:00,2080.5,2082.0,2072.5,2074.5,189400,0.0,0.0
2024-08-05 13:00:00+09:00,2074.0,2078.5,2070.5,2070.5,167400,0.0,0.0
2024-08-05 13:05:00+09:00,2070.5,2075.0,2054.5,2057.5,271100,0.0,0.0
2024-08-05 13:10:00+09:00,2057.0,2058.0,2050.0,2052.5,167700,0.0,0.0
2024-08-05 13:15:00+09:00,2053.0,2057.0,2039.0,2039.5,178500,0.0,0.0
2024-08-05 13:20:00+09:00,2039.5,2040.0,2024.0,2024.5,215900,0.0,0.0
2024-08-05 13:25:00+09:00,2024.5,2042.0,2015.5,2040.0,163900,0.0,0.0
2024-08-05 13:30:00+09:00,2039.5,2042.5,2029.5,2037.0,119300,0.0,0.0
2024-08-05 13:35:00+09:00,2037.0,2051.5,2033.0,2042.0,176400,0.0,0.0
2024-08-05 13:40:00+09:00,2042.0,2042.0,2028.5,2033.0,176400,0.0,0.0
2024-08-05 13:45:00+09:00,2033.0,2034.5,2010.0,2019.0,237200,0.0,0.0
2024-08-05 13:50:00+09:00,2019.0,2028.0,2015.0,2017.0,217000,0.0,0.0
2024-08-05 13:55:00+09:00,2017.5,2022.0,2004.5,2006.5,268300,0.0,0.0
2024-08-05 14:00:00+09:00,2005.5,2009.0,1988.0,1988.0,434900,0.0,0.0
2024-08-05 14:05:00+09:00,1989.0,1998.5,1966.5,1971.0,387700,0.0,0.0
2024-08-05 14:10:00+09:00,1971.0,1977.0,1954.5,1957.0,397500,0.0,0.0
2024-08-05 14:15:00+09:00,1957.5,1976.0,1937.5,1963.5,553100,0.0,0.0
2024-08-05 14:20:00+09:00,1964.0,1977.0,1948.0,1955.5,526700,0.0,0.0
2024-08-05 14:25:00+09:00,1956.0,1958.0,1942.0,1951.0,290100,0.0,0.0
2024-08-05 14:30:00+09:00,1951.0,1955.0,1921.0,1926.5,329800,0.0,0.0
2024-08-05 14:35:00+09:00,1926.5,1928.0,1911.0,1920.0,369400,0.0,0.0
2024-08-05 14:40:00+09:00,1920.0,1942.5,1918.0,1933.0,352300,0.0,0.0
2024-08-05 14:45:00+09:00,1933.0,1937.5,1925.0,1936.0,402400,0.0,0.0
2024-08-05 14:50:00+09:00,1936.5,1960.0,1936.0,1960.0,448200,0.0,0.0
2024-08-05 14:55:00+09:00,1959.5,1960.0,1933.5,1943.0,505200,0.0,0.0
2024-08-06 09:15:00+09:00,2256.5,2288.0,2206.5,2216.0,1248400,0.0,0.0
2024-08-06 09:20:00+09:00,2216.5,2238.0,2208.0,2231.0,468400,0.0,0.0
2024-08-06 09:25:00+09:00,2231.0,2235.0,2206.5,2207.5,298200,0.0,0.0
2024-08-06 09:30:00+09:00,2207.5,2228.0,2200.0,2228.0,276900,0.0,0.0
2024-08-06 09:35:00+09:00,2227.5,2233.5,2221.0,2224.0,206600,0.0,0.0
2024-08-06 09:40:00+09:00,2223.5,2237.0,2214.0,2236.0,215900,0.0,0.0
2024-08-06 09:45:00+09:00,2236.5,2245.0,2234.0,2242.5,189600,0.0,0.0
2024-08-06 09:50:00+09:00,2241.5,2261.5,2237.0,2255.0,227400,0.0,0.0
2024-08-06 09:55:00+09:00,2254.5,2269.0,2251.0,2257.0,166100,0.0,0.0
2024-08-06 10:00:00+09:00,2256.0,2261.0,2249.0,2254.0,161200,0.0,0.0
2024-08-06 10:05:00+09:00,2254.0,2255.5,2239.5,2241.0,156100,0.0,0.0
2024-08-06 10:10:00+09:00,2242.0,2243.5,2233.0,2238.0,161300,0.0,0.0
2024-08-06 10:15:00+09:00,2238.0,2249.0,2221.5,2222.5,206400,0.0,0.0
2024-08-06 10:20:00+09:00,2223.0,2229.0,2216.5,2223.0,153200,0.0,0.0
2024-08-06 10:25:00+09:00,2223.0,2228.5,2210.5,2222.0,171500,0.0,0.0
2024-08-06 10:30:00+09:00,2221.5,2221.5,2206.0,2206.5,192200,0.0,0.0
2024-08-06 10:35:00+09:00,2206.5,2211.5,2194.0,2198.0,274400,0.0,0.0
2024-08-06 10:40:00+09:00,2198.0,2199.0,2159.0,2172.0,213200,0.0,0.0
2024-08-06 10:45:00+09:00,2172.5,2201.0,2165.0,2189.0,186300,0.0,0.0
2024-08-06 10:50:00+09:00,2188.0,2202.5,2181.5,2201.5,126900,0.0,0.0
2024-08-06 10:55:00+09:00,2202.0,2216.0,2199.0,2211.5,109000,0.0,0.0
2024-08-06 11:00:00+09:00,2212.5,2217.0,2203.5,2217.0,155800,0.0,0.0
2024-08-06 11:05:00+09:00,2217.5,2218.5,2193.5,2198.0,124600,0.0,0.0
2024-08-06 11:10:00+09:00,2198.0,2200.0,2187.0,2195.5,148700,0.0,0.0
2024-08-06 11:15:00+09:00,2195.0,2204.5,2193.5,2199.5,96100,0.0,0.0
2024-08-06 11:20:00+09:00,2199.5,2207.5,2197.5,2207.0,89200,0.0,0.0
2024-08-06 11:25:00+09:00,2206.5,2212.5,2202.5,2211.0,80200,0.0,0.0
2024-08-06 11:30:00+09:00,2211.0,2211.0,2211.0,2211.0,8900,0.0,0.0
2024-08-06 11:35:00+09:00,2211.0,2211.0,2211.0,2211.0,0,0.0,0.0
2024-08-06 12:30:00+09:00,2220.0,2227.0,2213.5,2214.5,6359900,0.0,0.0
2024-08-06 12:35:00+09:00,2215.0,2224.0,2210.5,2223.5,158600,0.0,0.0
2024-08-06 12:40:00+09:00,2223.5,2229.0,2222.5,2227.0,124300,0.0,0.0
2024-08-06 12:45:00+09:00,2227.0,2234.5,2226.5,2233.5,107300,0.0,0.0
2024-08-06 12:50:00+09:00,2233.5,2237.5,2229.0,2229.5,109300,0.0,0.0
2024-08-06 12:55:00+09:00,2229.5,2233.5,2220.5,2221.0,109600,0.0,0.0
2024-08-06 13:00:00+09:00,2221.0,2226.5,2220.5,2225.5,78700,0.0,0.0
2024-08-06 13:05:00+09:00,2225.5,2225.5,2219.0,2219.5,76200,0.0,0.0
2024-08-06 13:10:00+09:00,2219.5,2221.0,2214.0,2214.5,87600,0.0,0.0
2024-08-06 13:15:00+09:00,2214.0,2215.5,2207.5,2209.5,87000,0.0,0.0
2024-08-06 13:20:00+09:00,2208.5,2210.0,2199.0,2199.0,108800,0.0,0.0
2024-08-06 13:25:00+09:00,2199.0,2199.0,2186.5,2187.0,92200,0.0,0.0
2024-08-06 13:30:00+09:00,2186.5,2187.5,2167.0,2167.5,161000,0.0,0.0
2024-08-06 13:35:00+09:00,2168.0,2180.0,2163.0,2175.0,142100,0.0,0.0
2024-08-06 13:40:00+09:00,2174.5,2176.0,2161.0,2163.5,88400,0.0,0.0
2024-08-06 13:45:00+09:00,2163.5,2164.0,2148.0,2156.0,197300,0.0,0.0
2024-08-06 13:50:00+09:00,2156.5,2159.5,2135.0,2146.0,182300,0.0,0.0
2024-08-06 13:55:00+09:00,2146.0,2146.0,2127.5,2131.5,153100,0.0,0.0
2024-08-06 14:00:00+09:00,2131.5,2136.5,2110.0,2114.0,173700,0.0,0.0
2024-08-06 14:05:00+09:00,2115.0,2131.5,2102.0,2131.5,348500,0.0,0.0
2024-08-06 14:10:00+09:00,2131.5,2136.5,2117.5,2136.5,151500,0.0,0.0
2024-08-06 14:15:00+09:00,2136.5,2146.5,2130.0,2139.0,178300,0.0,0.0
2024-08-06 14:20:00+09:00,2139.0,2150.0,2134.5,2143.0,171100,0.0,0.0
2024-08-06 14:25:00+09:00,2143.0,2150.5,2134.5,2139.5,239600,0.0,0.0
2024-08-06 14:30:00+09:00,2139.5,2144.0,2133.0,2139.0,195200,0.0,0.0
2024-08-06 14:35:00+09:00,2138.5,2147.0,2127.0,2135.0,326300,0.0,0.0
2024-08-06 14:40:00+09:00,2135.5,2141.5,2133.0,2141.5,227000,0.0,0.0
2024-08-06 14:45:00+09:00,2141.5,2144.0,2119.0,2121.0,381200,0.0,0.0
2024-08-06 14:50:00+09:00,2121.0,2131.0,2116.5,2126.5,441900,0.0,0.0
2024-08-06 14:55:00+09:00,2126.0,2142.5,2121.0,2142.0,489600,0.0,0.0
2024-08-07 09:00:00+09:00,2100.0,2144.0,2080.5,2131.5,650800,0.0,0.0
2024-08-07 09:05:00+09:00,2132.0,2165.0,2131.0,2164.0,241600,0.0,0.0
2024-08-07 09:10:00+09:00,2165.0,2189.0,2157.5,2182.5,238800,0.0,0.0
2024-08-07 09:15:00+09:00,2181.5,2210.0,2178.0,2197.5,300100,0.0,0.0
2024-08-07 09:20:00+09:00,2198.0,2225.0,2197.0,2218.5,202400,0.0,0.0
2024-08-07 09:25:00+09:00,2219.5,2238.0,2215.5,2231.0,204300,0.0,0.0
2024-08-07 09:30:00+09:00,2231.5,2233.0,2208.5,2222.5,165200,0.0,0.0
2024-08-07 09:35:00+09:00,2223.0,2241.0,2216.0,2237.5,186700,0.0,0.0
2024-08-07 09:40:00+09:00,2237.0,2257.5,2229.5,2257.5,180700,0.0,0.0
2024-08-07 09:45:00+09:00,2255.5,2269.5,2250.0,2263.5,203700,0.0,0.0
2024-08-07 09:50:00+09:00,2263.0,2264.0,2234.0,2244.5,170400,0.0,0.0
2024-08-07 09:55:00+09:00,2244.5,2244.5,2221.0,2222.0,103000,0.0,0.0
2024-08-07 10:00:00+09:00,2221.5,2224.5,2214.0,2218.0,117700,0.0,0.0
2024-08-07 10:05:00+09:00,2218.5,2223.5,2201.0,2219.5,98800,0.0,0.0
2024-08-07 10:10:00+09:00,2219.5,2223.0,2208.5,2218.5,92300,0.0,0.0
2024-08-07 10:15:00+09:00,2219.0,2238.5,2217.5,2231.0,128200,0.0,0.0
2024-08-07 10:20:00+09:00,2231.5,2244.5,2230.0,2237.0,105400,0.0,0.0
2024-08-07 10:25:00+09:00,2238.0,2245.5,2237.5,2242.5,49400,0.0,0.0
2024-08-07 10:30:00+09:00,2243.0,2266.5,2238.5,2265.0,127400,0.0,0.0
2024-08-07 10:35:00+09:00,2265.0,2277.0,2262.5,2269.0,170100,0.0,0.0
2024-08-07 10:40:00+09:00,2269.5,2296.5,2266.0,2289.5,217100,0.0,0.0
2024-08-07 10:45:00+09:00,2291.0,2326.5,2289.5,2325.0,287100,0.0,0.0
2024-08-07 10:50:00+09:00,2327.0,2350.0,2322.5,2343.0,191900,0.0,0.0
2024-08-07 10:55:00+09:00,2343.0,2345.0,2328.0,2344.0,180400,0.0,0.0
2024-08-07 11:00:00+09:00,2343.5,2347.5,2316.0,2319.0,213000,0.0,0.0
2024-08-07 11:05:00+09:00,2318.5,2337.0,2315.5,2329.5,152700,0.0,0.0
2024-08-07 11:10:00+09:00,2329.0,2329.0,2301.0,2303.0,98200,0.0,0.0
2024-08-07 11:15:00+09:00,2302.0,2319.5,2298.5,2309.0,83900,0.0,0.0
2024-08-07 11:20:00+09:00,2309.0,2333.0,2308.5,2332.0,91500,0.0,0.0
2024-08-07 11:25:00+09:00,2334.0,2334.0,2320.0,2328.5,85400,0.0,0.0
2024-08-07 11:30:00+09:00,2326.5,2326.5,2324.5,2324.5,52700,0.0,0.0
2024-08-07 11:35:00+09:00,2324.5,2324.5,2324.5,2324.5,0,0.0,0.0
2024-08-07 12:30:00+09:00,2350.0,2365.5,2332.0,2356.5,6115200,0.0,0.0
2024-08-07 12:35:00+09:00,2356.5,2376.0,2351.0,2373.5,181100,0.0,0.0
2024-08-07 12:40:00+09:00,2374.0,2374.0,2357.5,2363.0,171700,0.0,0.0
2024-08-07 12:45:00+09:00,2363.0,2364.0,2333.5,2339.5,157900,0.0,0.0
2024-08-07 12:50:00+09:00,2340.0,2347.5,2328.0,2347.0,106600,0.0,0.0
2024-08-07 12:55:00+09:00,2346.0,2349.0,2336.5,2339.0,80800,0.0,0.0
2024-08-07 13:00:00+09:00,2339.0,2359.5,2339.0,2359.0,101300,0.0,0.0
2024-08-07 13:05:00+09:00,2359.5,2368.0,2353.5,2361.0,110100,0.0,0.0
2024-08-07 13:10:00+09:00,2360.0,2378.5,2353.0,2373.5,94400,0.0,0.0
2024-08-07 13:15:00+09:00,2373.5,2377.0,2360.0,2371.5,99500,0.0,0.0
2024-08-07 13:20:00+09:00,2372.0,2374.5,2362.0,2367.5,112900,0.0,0.0
2024-08-07 13:25:00+09:00,2368.0,2376.0,2362.0,2375.5,91800,0.0,0.0
2024-08-07 13:30:00+09:00,2375.0,2381.5,2368.0,2378.5,112500,0.0,0.0
2024-08-07 13:35:00+09:00,2379.0,2381.0,2371.0,2381.0,104800,0.0,0.0
2024-08-07 13:40:00+09:00,2381.0,2390.0,2378.5,2389.5,146500,0.0,0.0
2024-08-07 13:45:00+09:00,2389.5,2393.0,2378.0,2385.0,114900,0.0,0.0
2024-08-07 13:50:00+09:00,2386.0,2392.0,2385.0,2392.0,77300,0.0,0.0
2024-08-07 13:55:00+09:00,2392.5,2393.5,2376.0,2380.5,121700,0.0,0.0
2024-08-07 14:00:00+09:00,2381.0,2384.0,2369.0,2372.0,120100,0.0,0.0
2024-08-07 14:05:00+09:00,2372.0,2377.5,2369.5,2372.0,131200,0.0,0.0
2024-08-07 14:10:00+09:00,2372.5,2379.0,2366.5,2370.5,120400,0.0,0.0
2024-08-07 14:15:00+09:00,2370.5,2376.0,2370.0,2371.0,117900,0.0,0.0
2024-08-07 14:20:00+09:00,2371.0,2376.0,2364.5,2372.0,93500,0.0,0.0
2024-08-07 14:25:00+09:00,2372.0,2381.0,2372.0,2373.0,160700,0.0,0.0
2024-08-07 14:30:00+09:00,2373.0,2377.0,2360.0,2367.0,199800,0.0,0.0
2024-08-07 14:35:00+09:00,2366.5,2369.5,2346.0,2347.0,234100,0.0,0.0
2024-08-07 14:40:00+09:00,2347.0,2347.0,2315.0,2318.0,215800,0.0,0.0
2024-08-07 14:45:00+09:00,2318.5,2327.5,2306.5,2307.5,246700,0.0,0.0
2024-08-07 14:50:00+09:00,2308.0,2315.0,2295.0,2308.5,269700,0.0,0.0
2024-08-07 14:55:00+09:00,2308.5,2319.0,2290.5,2305.5,401400,0.0,0.0
2024-08-08 09:00:00+09:00,2217.5,2246.0,2215.0,2241.0,532700,0.0,0.0
2024-08-08 09:05:00+09:00,2241.5,2243.5,2216.5,2236.5,229700,0.0,0.0
2024-08-08 09:10:00+09:00,2236.5,2244.5,2229.0,2240.0,138800,0.0,0.0
2024-08-08 09:15:00+09:00,2238.5,2275.0,2236.5,2275.0,164900,0.0,0.0
2024-08-08 09:20:00+09:00,2273.5,2274.0,2251.0,2259.0,151300,0.0,0.0
2024-08-08 09:25:00+09:00,2259.5,2265.0,2243.5,2246.0,172400,0.0,0.0
2024-08-08 09:30:00+09:00,2246.5,2253.0,2234.5,2240.5,142700,0.0,0.0
2024-08-08 09:35:00+09:00,2240.0,2241.0,2226.0,2227.5,127600,0.0,0.0
2024-08-08 09:40:00+09:00,2227.5,2242.0,2227.0,2235.0,83500,0.0,0.0
2024-08-08 09:45:00+09:00,2234.5,2237.5,2225.0,2234.0,118400,0.0,0.0
2024-08-08 09:50:00+09:00,2234.5,2241.0,2232.0,2235.5,74500,0.0,0.0
2024-08-08 09:55:00+09:00,2235.0,2248.0,2233.0,2240.5,85700,0.0,0.0
2024-08-08 10:00:00+09:00,2240.5,2252.5,2234.0,2252.5,94500,0.0,0.0
2024-08-08 10:05:00+09:00,2253.5,2255.0,2238.0,2239.5,81800,0.0,0.0
2024-08-08 10:10:00+09:00,2240.5,2249.5,2239.0,2246.5,55500,0.0,0.0
2024-08-08 10:15:00+09:00,2247.5,2259.0,2241.5,2244.5,78500,0.0,0.0
2024-08-08 10:20:00+09:00,2245.0,2254.0,2239.5,2245.5,74500,0.0,0.0
2024-08-08 10:25:00+09:00,2246.0,2250.0,2239.5,2249.0,80100,0.0,0.0
2024-08-08 10:30:00+09:00,2248.5,2254.5,2243.5,2251.0,62800,0.0,0.0
2024-08-08 10:35:00+09:00,2250.5,2259.5,2249.0,2258.0,56400,0.0,0.0
2024-08-08 10:40:00+09:00,2258.0,2263.0,2252.0,2257.5,53700,0.0,0.0
2024-08-08 10:45:00+09:00,2257.5,2258.0,2242.5,2246.5,76400,0.0,0.0
2024-08-08 10:50:00+09:00,2246.5,2251.0,2241.0,2248.0,43000,0.0,0.0
2024-08-08 10:55:00+09:00,2246.5,2257.0,2246.5,2255.5,45200,0.0,0.0
2024-08-08 11:00:00+09:00,2254.5,2254.5,2243.5,2245.0,62700,0.0,0.0
2024-08-08 11:05:00+09:00,2245.0,2249.0,2240.5,2249.0,51800,0.0,0.0
2024-08-08 11:10:00+09:00,2249.5,2266.0,2249.0,2264.5,61300,0.0,0.0
2024-08-08 11:15:00+09:00,2264.5,2270.5,2259.5,2264.5,69900,0.0,0.0
2024-08-08 11:20:00+09:00,2264.5,2279.5,2264.5,2276.0,87300,0.0,0.0
2024-08-08 11:25:00+09:00,2276.5,2281.5,2268.5,2275.0,100000,0.0,0.0
2024-08-08 11:30:00+09:00,2276.0,2276.0,2276.0,2276.0,4700,0.0,0.0
2024-08-08 11:35:00+09:00,2276.0,2276.0,2276.0,2276.0,0,0.0,0.0
2024-08-08 12:30:00+09:00,2282.0,2296.0,2282.0,2288.0,3438100,0.0,0.0
2024-08-08 12:35:00+09:00,2282.5,2285.5,2278.5,2280.0,89000,0.0,0.0
2024-08-08 12:40:00+09:00,2280.0,2283.5,2275.5,2279.5,67500,0.0,0.0
2024-08-08 12:45:00+09:00,2279.0,2284.5,2276.5,2283.5,58700,0.0,0.0
2024-08-08 12:50:00+09:00,2283.5,2287.0,2272.5,2276.0,71900,0.0,0.0
2024-08-08 12:55:00+09:00,2276.5,2277.0,2255.5,2261.0,109400,0.0,0.0
2024-08-08 13:00:00+09:00,2262.0,2262.5,2245.0,2245.5,98100,0.0,0.0
2024-08-08 13:05:00+09:00,2246.5,2257.0,2245.5,2247.5,50900,0.0,0.0
2024-08-08 13:10:00+09:00,2247.0,2254.0,2247.0,2250.0,53900,0.0,0.0
2024-08-08 13:15:00+09:00,2250.5,2256.0,2247.5,2254.0,46900,0.0,0.0
2024-08-08 13:20:00+09:00,2253.0,2261.5,2251.0,2261.0,41100,0.0,0.0
2024-08-08 13:25:00+09:00,2260.5,2264.5,2250.0,2251.5,53800,0.0,0.0
2024-08-08 13:30:00+09:00,2252.5,2253.0,2245.5,2250.5,53200,0.0,0.0
2024-08-08 13:35:00+09:00,2251.0,2255.0,2241.5,2242.5,83700,0.0,0.0
2024-08-08 13:40:00+09:00,2242.0,2249.0,2242.0,2245.0,30900,0.0,0.0
2024-08-08 13:45:00+09:00,2245.5,2247.5,2238.0,2239.5,66800,0.0,0.0
2024-08-08 13:50:00+09:00,2240.0,2250.5,2240.0,2250.5,46200,0.0,0.0
2024-08-08 13:55:00+09:00,2250.5,2253.0,2249.0,2252.5,52600,0.0,0.0
2024-08-08 14:00:00+09:00,2252.5,2259.5,2249.5,2252.5,78100,0.0,0.0
2024-08-08 14:05:00+09:00,2253.5,2256.0,2248.0,2254.0,55900,0.0,0.0
2024-08-08 14:10:00+09:00,2254.5,2259.0,2253.0,2255.5,76300,0.0,0.0
2024-08-08 14:15:00+09:00,2256.0,2262.5,2254.0,2256.0,109800,0.0,0.0
2024-08-08 14:20:00+09:00,2256.5,2257.0,2252.0,2252.5,68200,0.0,0.0
2024-08-08 14:25:00+09:00,2253.0,2259.0,2247.0,2250.5,78800,0.0,0.0
2024-08-08 14:30:00+09:00,2251.5,2259.0,2250.5,2251.5,99600,0.0,0.0
2024-08-08 14:35:00+09:00,2251.5,2253.5,2241.0,2241.0,107900,0.0,0.0
2024-08-08 14:40:00+09:00,2241.5,2248.0,2235.5,2236.5,156400,0.0,0.0
2024-08-08 14:45:00+09:00,2237.5,2241.0,2234.0,2238.5,135200,0.0,0.0
2024-08-08 14:50:00+09:00,2237.5,2242.5,2228.0,2237.0,220200,0.0,0.0
2024-08-08 14:55:00+09:00,2237.0,2256.0,2235.0,2256.0,367700,0.0,0.0
2024-08-09 09:00:00+09:00,2332.5,2333.5,2300.5,2306.0,1298200,0.0,0.0
2024-08-09 09:05:00+09:00,2306.5,2325.5,2297.0,2319.0,227900,0.0,0.0
2024-08-09 09:10:00+09:00,2320.0,2325.5,2296.5,2299.5,106000,0.0,0.0
2024-08-09 09:15:00+09:00,2300.0,2318.0,2288.0,2316.0,129800,0.0,0.0
2024-08-09 09:20:00+09:00,2316.5,2318.0,2303.0,2304.0,99500,0.0,0.0
2024-08-09 09:25:00+09:00,2305.0,2310.0,2292.5,2294.5,103300,0.0,0.0
2024-08-09 09:30:00+09:00,2293.5,2309.5,2292.5,2305.0,58100,0.0,0.0
2024-08-09 09:35:00+09:00,2305.0,2308.0,2289.0,2291.0,61600,0.0,0.0
2024-08-09 09:40:00+09:00,2290.0,2299.5,2289.0,2299.5,63100,0.0,0.0
2024-08-09 09:45:00+09:00,2299.0,2304.5,2297.0,2299.5,46700,0.0,0.0
2024-08-09 09:50:00+09:00,2301.0,2309.0,2301.0,2307.0,58600,0.0,0.0
2024-08-09 09:55:00+09:00,2306.5,2314.0,2306.0,2307.5,52700,0.0,0.0
2024-08-09 10:00:00+09:00,2308.0,2308.0,2300.5,2306.5,42400,0.0,0.0
2024-08-09 10:05:00+09:00,2306.0,2306.5,2294.5,2302.0,47300,0.0,0.0
2024-08-09 10:10:00+09:00,2302.0,2304.5,2293.0,2301.0,51400,0.0,0.0
2024-08-09 10:15:00+09:00,2301.5,2308.0,2300.5,2301.5,32800,0.0,0.0
2024-08-09 10:20:00+09:00,2302.0,2302.5,2289.0,2290.0,60500,0.0,0.0
2024-08-09 10:25:00+09:00,2289.5,2297.5,2288.0,2291.0,55200,0.0,0.0
2024-08-09 10:30:00+09:00,2290.5,2294.5,2280.5,2288.5,61700,0.0,0.0
2024-08-09 10:35:00+09:00,2288.0,2291.0,2285.0,2288.0,38000,0.0,0.0
2024-08-09 10:40:00+09:00,2288.0,2303.5,2288.0,2300.5,88000,0.0,0.0
2024-08-09 10:45:00+09:00,2300.5,2304.0,2294.5,2302.5,54400,0.0,0.0
2024-08-09 10:50:00+09:00,2303.0,2304.5,2295.0,2303.0,53800,0.0,0.0
2024-08-09 10:55:00+09:00,2302.5,2306.5,2297.0,2297.5,64700,0.0,0.0
2024-08-09 11:00:00+09:00,2297.5,2310.5,2293.5,2309.0,73400,0.0,0.0
2024-08-09 11:05:00+09:00,2308.5,2310.5,2303.0,2308.0,40200,0.0,0.0
2024-08-09 11:10:00+09:00,2308.0,2312.5,2306.5,2312.5,45900,0.0,0.0
2024-08-09 11:15:00+09:00,2312.0,2318.5,2307.5,2313.0,79800,0.0,0.0
2024-08-09 11:20:00+09:00,2313.5,2323.0,2312.5,2319.5,77200,0.0,0.0
2024-08-09 11:25:00+09:00,2319.5,2329.0,2319.5,2326.5,116500,0.0,0.0
2024-08-09 11:30:00+09:00,2328.5,2328.5,2328.5,2328.5,26200,0.0,0.0
2024-08-09 11:35:00+09:00,2328.5,2328.5,2328.5,2328.5,0,0.0,0.0
2024-08-09 12:30:00+09:00,2330.0,2335.0,2308.5,2322.0,3651800,0.0,0.0
2024-08-09 12:35:00+09:00,2321.5,2324.0,2313.0,2321.0,59300,0.0,0.0
2024-08-09 12:40:00+09:00,2320.5,2321.5,2312.0,2314.5,57200,0.0,0.0
2024-08-09 12:45:00+09:00,2314.5,2316.0,2305.5,2305.5,87000,0.0,0.0
2024-08-09 12:50:00+09:00,2306.5,2310.0,2304.5,2306.0,69800,0.0,0.0
2024-08-09 12:55:00+09:00,2306.5,2309.5,2304.5,2308.5,58200,0.0,0.0
2024-08-09 13:00:00+09:00,2309.0,2309.0,2296.0,2296.0,72600,0.0,0.0
2024-08-09 13:05:00+09:00,2296.5,2299.5,2293.5,2296.0,60500,0.0,0.0
2024-08-09 13:10:00+09:00,2296.0,2297.0,2283.5,2285.0,60200,0.0,0.0
2024-08-09 13:15:00+09:00,2285.5,2288.5,2283.0,2288.0,50000,0.0,0.0
2024-08-09 13:20:00+09:00,2287.5,2288.0,2276.5,2277.5,105100,0.0,0.0
2024-08-09 13:25:00+09:00,2278.0,2279.5,2267.5,2268.5,62800,0.0,0.0
2024-08-09 13:30:00+09:00,2268.5,2276.0,2266.5,2274.0,47100,0.0,0.0
2024-08-09 13:35:00+09:00,2274.5,2276.0,2271.0,2273.5,52900,0.0,0.0
2024-08-09 13:40:00+09:00,2272.5,2274.5,2263.0,2265.5,66800,0.0,0.0
2024-08-09 13:45:00+09:00,2266.5,2267.5,2258.5,2258.5,84200,0.0,0.0
2024-08-09 13:50:00+09:00,2258.5,2263.0,2251.5,2253.5,75000,0.0,0.0
2024-08-09 13:55:00+09:00,2253.5,2255.5,2239.5,2243.5,137500,0.0,0.0
2024-08-09 14:00:00+09:00,2244.5,2247.5,2235.5,2238.5,83100,0.0,0.0
2024-08-09 14:05:00+09:00,2239.0,2254.5,2239.0,2254.5,89800,0.0,0.0
2024-08-09 14:10:00+09:00,2255.5,2262.0,2251.5,2258.0,69900,0.0,0.0
2024-08-09 14:15:00+09:00,2258.0,2271.0,2257.5,2262.0,102300,0.0,0.0
2024-08-09 14:20:00+09:00,2263.5,2268.0,2259.5,2266.0,58500,0.0,0.0
2024-08-09 14:25:00+09:00,2265.5,2273.5,2265.0,2273.5,82100,0.0,0.0
2024-08-09 14:30:00+09:00,2273.5,2288.0,2271.5,2283.5,87700,0.0,0.0
2024-08-09 14:35:00+09:00,2283.0,2286.0,2273.0,2273.0,100900,0.0,0.0
2024-08-09 14:40:00+09:00,2272.0,2285.5,2267.0,2285.5,110700,0.0,0.0
2024-08-09 14:45:00+09:00,2285.5,2290.0,2280.0,2289.5,67000,0.0,0.0
2024-08-09 14:50:00+09:00,2289.0,2289.0,2280.0,2288.0,84700,0.0,0.0
2024-08-09 14:55:00+09:00,2288.0,2291.5,2276.0,2280.0,159200,0.0,0.0
2024-08-13 09:00:00+09:00,2360.0,2375.0,2338.5,2344.0,573700,0.0,0.0
2024-08-13 09:05:00+09:00,2342.5,2355.5,2337.5,2350.0,160800,0.0,0.0
2024-08-13 09:10:00+09:00,2349.5,2351.0,2336.5,2343.5,115100,0.0,0.0
2024-08-13 09:15:00+09:00,2344.5,2350.0,2335.0,2346.0,150000,0.0,0.0
2024-08-13 09:20:00+09:00,2347.0,2355.5,2344.0,2349.5,275000,0.0,0.0
2024-08-13 09:25:00+09:00,2350.5,2357.5,2350.0,2355.0,130000,0.0,0.0
2024-08-13 09:30:00+09:00,2354.5,2367.0,2353.0,2367.0,103300,0.0,0.0
2024-08-13 09:35:00+09:00,2367.5,2370.0,2357.5,2360.5,88900,0.0,0.0
2024-08-13 09:40:00+09:00,2360.0,2365.0,2360.0,2364.5,67100,0.0,0.0
2024-08-13 09:45:00+09:00,2365.0,2372.0,2365.0,2368.5,90000,0.0,0.0
2024-08-13 09:50:00+09:00,2369.5,2375.0,2366.0,2374.5,85600,0.0,0.0
2024-08-13 09:55:00+09:00,2374.5,2379.0,2370.0,2371.0,119200,0.0,0.0
2024-08-13 10:00:00+09:00,2371.0,2371.5,2358.0,2358.5,91600,0.0,0.0
2024-08-13 10:05:00+09:00,2358.5,2361.0,2352.5,2352.5,76800,0.0,0.0
2024-08-13 10:10:00+09:00,2352.0,2361.0,2345.0,2360.5,113000,0.0,0.0
2024-08-13 10:15:00+09:00,2359.5,2367.0,2356.5,2367.0,81500,0.0,0.0
2024-08-13 10:20:00+09:00,2367.5,2367.5,2358.0,2358.0,73900,0.0,0.0
2024-08-13 10:25:00+09:00,2358.5,2360.0,2349.5,2351.0,92900,0.0,0.0
2024-08-13 10:30:00+09:00,2351.5,2358.0,2347.5,2355.0,76300,0.0,0.0
2024-08-13 10:35:00+09:00,2355.5,2359.0,2354.5,2356.0,58700,0.0,0.0
2024-08-13 10:40:00+09:00,2357.0,2358.5,2351.0,2352.5,54400,0.0,0.0
2024-08-13 10:45:00+09:00,2353.0,2354.5,2345.0,2346.0,66600,0.0,0.0
2024-08-13 10:50:00+09:00,2346.5,2352.5,2346.0,2349.5,50000,0.0,0.0
2024-08-13 10:55:00+09:00,2349.0,2351.0,2347.0,2347.0,33300,0.0,0.0
2024-08-13 11:00:00+09:00,2346.5,2347.0,2341.5,2342.5,63100,0.0,0.0
2024-08-13 11:05:00+09:00,2343.0,2347.5,2340.0,2344.0,57700,0.0,0.0
2024-08-13 11:10:00+09:00,2344.5,2348.0,2342.5,2346.5,48100,0.0,0.0
2024-08-13 11:15:00+09:00,2347.0,2351.0,2345.5,2350.0,39700,0.0,0.0
2024-08-13 11:20:00+09:00,2350.0,2350.5,2344.0,2347.0,45400,0.0,0.0
2024-08-13 11:25:00+09:00,2347.0,2349.5,2345.0,2346.5,47800,0.0,0.0
2024-08-13 11:30:00+09:00,2347.0,2347.0,2347.0,2347.0,3500,0.0,0.0
2024-08-13 11:35:00+09:00,2347.0,2347.0,2347.0,2347.0,0,0.0,0.0
2024-08-13 12:30:00+09:00,2350.0,2359.0,2350.0,2350.5,3321100,0.0,0.0
2024-08-13 12:35:00+09:00,2350.0,2353.5,2348.5,2349.5,53900,0.0,0.0
2024-08-13 12:40:00+09:00,2350.0,2354.0,2349.5,2353.5,47400,0.0,0.0
2024-08-13 12:45:00+09:00,2354.0,2356.5,2345.5,2346.0,58500,0.0,0.0
2024-08-13 12:50:00+09:00,2346.0,2348.5,2344.0,2346.0,39500,0.0,0.0
2024-08-13 12:55:00+09:00,2346.0,2346.5,2341.0,2342.5,62200,0.0,0.0
2024-08-13 13:00:00+09:00,2342.0,2344.0,2340.5,2344.0,45000,0.0,0.0
2024-08-13 13:05:00+09:00,2344.0,2344.0,2337.0,2339.5,95500,0.0,0.0
2024-08-13 13:10:00+09:00,2340.0,2341.5,2334.5,2336.5,60600,0.0,0.0
2024-08-13 13:15:00+09:00,2337.0,2338.5,2334.5,2336.5,36000,0.0,0.0
2024-08-13 13:20:00+09:00,2336.5,2343.5,2335.0,2343.5,41300,0.0,0.0
2024-08-13 13:25:00+09:00,2343.0,2348.0,2343.0,2344.0,44600,0.0,0.0
2024-08-13 13:30:00+09:00,2344.0,2347.0,2342.5,2345.0,41400,0.0,0.0
2024-08-13 13:35:00+09:00,2345.5,2352.0,2345.0,2349.5,55300,0.0,0.0
2024-08-13 13:40:00+09:00,2349.5,2355.0,2349.5,2354.0,42500,0.0,0.0
2024-08-13 13:45:00+09:00,2354.0,2357.5,2354.0,2357.0,52500,0.0,0.0
2024-08-13 13:50:00+09:00,2357.0,2357.5,2353.5,2353.5,67900,0.0,0.0
2024-08-13 13:55:00+09:00,2354.5,2357.0,2352.0,2355.5,60000,0.0,0.0
2024-08-13 14:00:00+09:00,2356.0,2356.0,2350.5,2350.5,61100,0.0,0.0
2024-08-13 14:05:00+09:00,2351.0,2352.0,2348.5,2351.0,41700,0.0,0.0
2024-08-13 14:10:00+09:00,2351.5,2351.5,2348.5,2349.5,47100,0.0,0.0
2024-08-13 14:15:00+09:00,2348.5,2351.0,2345.5,2347.0,69200,0.0,0.0
2024-08-13 14:20:00+09:00,2347.0,2349.0,2346.0,2348.5,29600,0.0,0.0
2024-08-13 14:25:00+09:00,2348.0,2350.5,2348.0,2350.0,47800,0.0,0.0
2024-08-13 14:30:00+09:00,2350.5,2358.0,2350.0,2357.0,73500,0.0,0.0
2024-08-13 14:35:00+09:00,2357.0,2357.0,2349.0,2354.0,89000,0.0,0.0
2024-08-13 14:40:00+09:00,2353.5,2358.0,2353.0,2357.5,58000,0.0,0.0
2024-08-13 14:45:00+09:00,2357.5,2359.5,2350.0,2352.0,122100,0.0,0.0
2024-08-13 14:50:00+09:00,2352.0,2357.5,2351.0,2354.5,95400,0.0,0.0
2024-08-13 14:55:00+09:00,2355.0,2360.0,2352.5,2357.0,127100,0.0,0.0
2024-08-14 09:00:00+09:00,2424.0,2425.5,2399.5,2402.0,370100,0.0,0.0
2024-08-14 09:05:00+09:00,2403.5,2421.0,2399.0,2416.5,157600,0.0,0.0
2024-08-14 09:10:00+09:00,2415.0,2417.0,2402.0,2404.5,115900,0.0,0.0
2024-08-14 09:15:00+09:00,2403.5,2415.0,2401.0,2412.0,93600,0.0,0.0
2024-08-14 09:20:00+09:00,2412.5,2413.5,2403.5,2405.0,59300,0.0,0.0
2024-08-14 09:25:00+09:00,2406.5,2411.5,2404.0,2407.5,121300,0.0,0.0
2024-08-14 09:30:00+09:00,2407.5,2411.0,2400.5,2404.5,137100,0.0,0.0
2024-08-14 09:35:00+09:00,2405.5,2409.5,2401.5,2407.0,51800,0.0,0.0
2024-08-14 09:40:00+09:00,2408.0,2418.0,2407.0,2414.5,80500,0.0,0.0
2024-08-14 09:45:00+09:00,2415.0,2419.0,2409.5,2418.0,86200,0.0,0.0
2024-08-14 09:50:00+09:00,2418.5,2423.5,2416.5,2419.5,61500,0.0,0.0
2024-08-14 09:55:00+09:00,2419.5,2425.0,2417.0,2420.0,69300,0.0,0.0
2024-08-14 10:00:00+09:00,2420.0,2423.0,2414.5,2418.0,31900,0.0,0.0
2024-08-14 10:05:00+09:00,2418.5,2427.5,2418.5,2420.0,60500,0.0,0.0
2024-08-14 10:10:00+09:00,2419.5,2421.0,2413.0,2420.5,58900,0.0,0.0
2024-08-14 10:15:00+09:00,2420.0,2424.5,2416.0,2420.5,105900,0.0,0.0
2024-08-14 10:20:00+09:00,2421.0,2422.5,2413.0,2420.5,53600,0.0,0.0
2024-08-14 10:25:00+09:00,2420.0,2425.0,2419.0,2424.0,35000,0.0,0.0
2024-08-14 10:30:00+09:00,2423.5,2435.0,2423.5,2434.0,163400,0.0,0.0
2024-08-14 10:35:00+09:00,2435.0,2438.0,2423.5,2431.5,79500,0.0,0.0
2024-08-14 10:40:00+09:00,2432.0,2437.0,2430.0,2435.0,36000,0.0,0.0
2024-08-14 10:45:00+09:00,2435.5,2436.0,2431.0,2434.0,40200,0.0,0.0
2024-08-14 10:50:00+09:00,2434.0,2439.0,2434.0,2436.5,43100,0.0,0.0
2024-08-14 10:55:00+09:00,2437.0,2445.5,2435.5,2443.5,82000,0.0,0.0
2024-08-14 11:00:00+09:00,2443.0,2444.0,2431.0,2435.0,63700,0.0,0.0
2024-08-14 11:05:00+09:00,2436.5,2436.5,2416.5,2430.0,108200,0.0,0.0
2024-08-14 11:10:00+09:00,2429.5,2432.5,2406.0,2410.0,188200,0.0,0.0
2024-08-14 11:15:00+09:00,2410.5,2427.5,2405.5,2421.0,100300,0.0,0.0
2024-08-14 11:20:00+09:00,2420.0,2428.5,2416.0,2416.0,56700,0.0,0.0
2024-08-14 11:25:00+09:00,2417.0,2418.0,2406.0,2413.0,51900,0.0,0.0
2024-08-14 11:30:00+09:00,2411.0,2411.0,2410.5,2410.5,15500,0.0,0.0
2024-08-14 11:35:00+09:00,2410.5,2410.5,2410.5,2410.5,0,0.0,0.0
2024-08-14 12:30:00+09:00,2417.0,2419.0,2411.5,2417.0,2920900,0.0,0.0
2024-08-14 12:35:00+09:00,2417.0,2423.0,2413.0,2420.5,68700,0.0,0.0
2024-08-14 12:40:00+09:00,2421.5,2425.0,2420.0,2421.0,34800,0.0,0.0
2024-08-14 12:45:00+09:00,2420.0,2424.5,2418.5,2421.0,42100,0.0,0.0
2024-08-14 12:50:00+09:00,2421.5,2422.5,2414.0,2416.5,30700,0.0,0.0
2024-08-14 12:55:00+09:00,2417.0,2418.5,2409.0,2410.5,43200,0.0,0.0
2024-08-14 13:00:00+09:00,2411.0,2416.0,2411.0,2415.5,25700,0.0,0.0
2024-08-14 13:05:00+09:00,2416.5,2417.5,2410.5,2411.0,36700,0.0,0.0
2024-08-14 13:10:00+09:00,2410.5,2412.0,2408.5,2409.5,33100,0.0,0.0
2024-08-14 13:15:00+09:00,2409.5,2410.5,2407.5,2408.0,26300,0.0,0.0
2024-08-14 13:20:00+09:00,2407.0,2407.5,2402.0,2405.0,100100,0.0,0.0
2024-08-14 13:25:00+09:00,2405.5,2410.0,2405.5,2410.0,24000,0.0,0.0
2024-08-14 13:30:00+09:00,2410.0,2411.0,2405.0,2406.0,36400,0.0,0.0
2024-08-14 13:35:00+09:00,2405.5,2410.0,2405.5,2406.5,22600,0.0,0.0
2024-08-14 13:40:00+09:00,2406.5,2409.0,2406.0,2407.5,26100,0.0,0.0
2024-08-14 13:45:00+09:00,2407.0,2410.0,2405.5,2410.0,33500,0.0,0.0
2024-08-14 13:50:00+09:00,2409.5,2409.5,2403.5,2403.5,40400,0.0,0.0
2024-08-14 13:55:00+09:00,2403.5,2405.5,2400.5,2404.0,185800,0.0,0.0
2024-08-14 14:00:00+09:00,2404.0,2405.5,2396.5,2396.5,41000,0.0,0.0
2024-08-14 14:05:00+09:00,2396.5,2396.5,2392.5,2396.5,50600,0.0,0.0
2024-08-14 14:10:00+09:00,2396.5,2398.5,2395.0,2395.5,36100,0.0,0.0
2024-08-14 14:15:00+09:00,2396.0,2403.0,2396.0,2403.0,35600,0.0,0.0
2024-08-14 14:20:00+09:00,2403.5,2406.5,2401.5,2403.5,84800,0.0,0.0
2024-08-14 14:25:00+09:00,2404.0,2404.0,2402.0,2403.0,35900,0.0,0.0
2024-08-14 14:30:00+09:00,2403.5,2404.5,2400.0,2403.5,45500,0.0,0.0
2024-08-14 14:35:00+09:00,2403.5,2411.0,2403.5,2410.0,60900,0.0,0.0
2024-08-14 14:40:00+09:00,2410.0,2411.5,2406.0,2408.0,64400,0.0,0.0
2024-08-14 14:45:00+09:00,2408.0,2412.5,2402.5,2404.0,104800,0.0,0.0
2024-08-14 14:50:00+09:00,2403.0,2408.5,2401.5,2406.5,87500,0.0,0.0
2024-08-14 14:55:00+09:00,2406.0,2408.5,2400.0,2403.0,177200,0.0,0.0
2024-08-15 09:00:00+09:00,2407.0,2423.0,2406.0,2418.5,422000,0.0,0.0
2024-08-15 09:05:00+09:00,2418.5,2429.0,2414.0,2425.0,167700,0.0,0.0
2024-08-15 09:10:00+09:00,2424.0,2427.0,2415.0,2419.5,144000,0.0,0.0
2024-08-15 09:15:00+09:00,2419.0,2425.5,2417.0,2424.0,80400,0.0,0.0
2024-08-15 09:20:00+09:00,2424.5,2426.0,2416.0,2425.5,83800,0.0,0.0
2024-08-15 09:25:00+09:00,2425.0,2426.5,2420.5,2426.5,74200,0.0,0.0
2024-08-15 09:30:00+09:00,2425.5,2430.0,2421.0,2426.5,90000,0.0,0.0
2024-08-15 09:35:00+09:00,2427.0,2435.5,2427.0,2433.0,90200,0.0,0.0
2024-08-15 09:40:00+09:00,2432.5,2436.0,2430.0,2434.0,66200,0.0,0.0
2024-08-15 09:45:00+09:00,2435.0,2437.0,2424.5,2426.0,92000,0.0,0.0
2024-08-15 09:50:00+09:00,2425.5,2432.0,2424.5,2432.0,62600,0.0,0.0
2024-08-15 09:55:00+09:00,2431.5,2440.0,2430.5,2437.0,75100,0.0,0.0
2024-08-15 10:00:00+09:00,2437.0,2438.0,2434.0,2438.0,56300,0.0,0.0
2024-08-15 10:05:00+09:00,2438.0,2444.5,2435.0,2435.5,92100,0.0,0.0
2024-08-15 10:10:00+09:00,2435.5,2436.5,2432.0,2435.0,47800,0.0,0.0
2024-08-15 10:15:00+09:00,2434.0,2437.0,2433.0,2435.0,54900,0.0,0.0
2024-08-15 10:20:00+09:00,2435.5,2436.0,2428.5,2428.5,72200,0.0,0.0
2024-08-15 10:25:00+09:00,2430.0,2432.0,2422.0,2426.0,83700,0.0,0.0
2024-08-15 10:30:00+09:00,2426.5,2430.5,2424.0,2428.0,56400,0.0,0.0
2024-08-15 10:35:00+09:00,2428.5,2429.0,2421.5,2424.5,53900,0.0,0.0
2024-08-15 10:40:00+09:00,2424.0,2428.0,2422.0,2427.5,77500,0.0,0.0
2024-08-15 10:45:00+09:00,2427.5,2431.0,2427.0,2430.0,64900,0.0,0.0
2024-08-15 10:50:00+09:00,2430.5,2430.5,2425.0,2427.0,54800,0.0,0.0
2024-08-15 10:55:00+09:00,2427.0,2429.0,2422.5,2425.5,61100,0.0,0.0
2024-08-15 11:00:00+09:00,2425.0,2427.5,2423.0,2426.0,111500,0.0,0.0
2024-08-15 11:05:00+09:00,2426.5,2432.0,2426.0,2427.5,86400,0.0,0.0
2024-08-15 11:10:00+09:00,2428.5,2431.5,2426.5,2431.0,26700,0.0,0.0
2024-08-15 11:15:00+09:00,2431.0,2432.5,2426.0,2429.0,57700,0.0,0.0
2024-08-15 11:20:00+09:00,2429.0,2432.0,2429.0,2430.5,28300,0.0,0.0
2024-08-15 11:25:00+09:00,2431.5,2434.0,2431.0,2432.0,46400,0.0,0.0
2024-08-15 11:30:00+09:00,2431.5,2431.5,2430.5,2430.5,5100,0.0,0.0
2024-08-15 11:35:00+09:00,2430.5,2430.5,2430.5,2430.5,0,0.0,0.0
2024-08-15 12:30:00+09:00,2430.5,2438.5,2430.5,2437.5,2700400,0.0,0.0
2024-08-15 12:35:00+09:00,2437.0,2446.0,2437.0,2445.5,107800,0.0,0.0
2024-08-15 12:40:00+09:00,2445.5,2449.0,2440.5,2442.0,103200,0.0,0.0
2024-08-15 12:45:00+09:00,2442.5,2442.5,2439.0,2441.5,47800,0.0,0.0
2024-08-15 12:50:00+09:00,2442.0,2442.0,2436.0,2436.0,55400,0.0,0.0
2024-08-15 12:55:00+09:00,2436.5,2440.0,2436.0,2438.5,43500,0.0,0.0
2024-08-15 13:00:00+09:00,2439.0,2441.0,2437.5,2439.5,46800,0.0,0.0
2024-08-15 13:05:00+09:00,2440.0,2440.0,2431.0,2433.0,73700,0.0,0.0
2024-08-15 13:10:00+09:00,2433.5,2436.0,2430.0,2431.0,62200,0.0,0.0
2024-08-15 13:15:00+09:00,2431.0,2434.0,2430.0,2431.0,55100,0.0,0.0
2024-08-15 13:20:00+09:00,2431.0,2433.0,2431.0,2432.5,33500,0.0,0.0
2024-08-15 13:25:00+09:00,2433.5,2434.0,2431.0,2431.0,31600,0.0,0.0
2024-08-15 13:30:00+09:00,2431.5,2434.0,2431.5,2433.5,32500,0.0,0.0
2024-08-15 13:35:00+09:00,2433.5,2433.5,2428.0,2428.5,55700,0.0,0.0
2024-08-15 13:40:00+09:00,2428.5,2430.0,2427.0,2428.5,54700,0.0,0.0
2024-08-15 13:45:00+09:00,2428.5,2432.0,2427.5,2428.0,42100,0.0,0.0
2024-08-15 13:50:00+09:00,2428.5,2431.0,2427.5,2431.0,29700,0.0,0.0
2024-08-15 13:55:00+09:00,2431.5,2433.5,2431.0,2433.0,35000,0.0,0.0
2024-08-15 14:00:00+09:00,2433.0,2434.0,2429.0,2430.5,62100,0.0,0.0
2024-08-15 14:05:00+09:00,2430.0,2431.0,2427.0,2431.0,32700,0.0,0.0
2024-08-15 14:10:00+09:00,2431.5,2432.0,2428.5,2428.5,54100,0.0,0.0
2024-08-15 14:15:00+09:00,2429.0,2430.0,2428.0,2429.0,27900,0.0,0.0
2024-08-15 14:20:00+09:00,2429.0,2429.0,2424.0,2425.0,82200,0.0,0.0
2024-08-15 14:25:00+09:00,2425.0,2431.5,2425.0,2431.5,46700,0.0,0.0
2024-08-15 14:30:00+09:00,2432.0,2435.0,2429.5,2434.0,50300,0.0,0.0
2024-08-15 14:35:00+09:00,2434.5,2436.5,2434.0,2436.0,42600,0.0,0.0
2024-08-15 14:40:00+09:00,2436.0,2436.0,2432.5,2433.0,60100,0.0,0.0
2024-08-15 14:45:00+09:00,2433.0,2433.0,2429.5,2430.0,53300,0.0,0.0
2024-08-15 14:50:00+09:00,2430.0,2430.0,2423.5,2427.0,100300,0.0,0.0
2024-08-15 14:55:00+09:00,2426.5,2436.0,2426.0,2435.5,108300,0.0,0.0
2024-08-16 09:00:00+09:00,2539.0,2539.0,2514.5,2515.0,360100,0.0,0.0
2024-08-16 09:05:00+09:00,2516.5,2522.0,2500.5,2505.5,214400,0.0,0.0
2024-08-16 09:10:00+09:00,2505.0,2509.0,2495.5,2500.5,159500,0.0,0.0
2024-08-16 09:15:00+09:00,2501.0,2516.5,2495.0,2509.0,226200,0.0,0.0
2024-08-16 09:20:00+09:00,2508.5,2510.0,2495.5,2498.0,104600,0.0,0.0
2024-08-16 09:25:00+09:00,2497.5,2509.5,2497.5,2507.0,90700,0.0,0.0
2024-08-16 09:30:00+09:00,2507.5,2513.0,2504.0,2505.0,82400,0.0,0.0
2024-08-16 09:35:00+09:00,2504.5,2511.5,2501.0,2506.0,73400,0.0,0.0
2024-08-16 09:40:00+09:00,2506.5,2507.5,2498.0,2499.0,83200,0.0,0.0
2024-08-16 09:45:00+09:00,2498.5,2500.0,2490.0,2491.5,82800,0.0,0.0
2024-08-16 09:50:00+09:00,2491.0,2495.5,2488.5,2491.0,80100,0.0,0.0
2024-08-16 09:55:00+09:00,2491.0,2496.0,2489.5,2495.0,43100,0.0,0.0
2024-08-16 10:00:00+09:00,2494.5,2498.5,2493.0,2498.0,34100,0.0,0.0
2024-08-16 10:05:00+09:00,2498.5,2499.5,2495.5,2496.5,33300,0.0,0.0
2024-08-16 10:10:00+09:00,2496.5,2498.0,2488.5,2491.5,78200,0.0,0.0
2024-08-16 10:15:00+09:00,2491.0,2500.0,2489.5,2497.0,64100,0.0,0.0
2024-08-16 10:20:00+09:00,2497.0,2499.0,2495.0,2499.0,50300,0.0,0.0
2024-08-16 10:25:00+09:00,2499.0,2504.5,2496.5,2504.0,76400,0.0,0.0
2024-08-16 10:30:00+09:00,2504.0,2508.0,2504.0,2506.5,62100,0.0,0.0
2024-08-16 10:35:00+09:00,2506.5,2509.0,2504.5,2506.5,47400,0.0,0.0
2024-08-16 10:40:00+09:00,2506.5,2513.0,2505.5,2512.5,68400,0.0,0.0
2024-08-16 10:45:00+09:00,2512.5,2515.0,2507.5,2509.0,66500,0.0,0.0
2024-08-16 10:50:00+09:00,2508.0,2508.5,2502.5,2504.0,57400,0.0,0.0
2024-08-16 10:55:00+09:00,2503.5,2506.5,2502.0,2506.5,36500,0.0,0.0
2024-08-16 11:00:00+09:00,2506.5,2511.5,2506.5,2510.0,43700,0.0,0.0
2024-08-16 11:05:00+09:00,2510.0,2512.0,2507.5,2507.5,27100,0.0,0.0
2024-08-16 11:10:00+09:00,2507.5,2509.0,2505.0,2508.0,36600,0.0,0.0
2024-08-16 11:15:00+09:00,2508.5,2516.0,2508.0,2515.0,85000,0.0,0.0
2024-08-16 11:20:00+09:00,2515.0,2517.0,2510.5,2511.5,35700,0.0,0.0
2024-08-16 11:25:00+09:00,2512.0,2516.0,2511.5,2515.0,43600,0.0,0.0
2024-08-16 11:30:00+09:00,2514.5,2514.5,2513.5,2513.5,7900,0.0,0.0
2024-08-16 11:35:00+09:00,2513.5,2513.5,2513.5,2513.5,0,0.0,0.0
2024-08-16 12:30:00+09:00,2515.5,2526.5,2515.0,2517.5,2816600,0.0,0.0
2024-08-16 12:35:00+09:00,2517.5,2517.5,2512.0,2513.5,45900,0.0,0.0
2024-08-16 12:40:00+09:00,2513.5,2517.5,2508.5,2511.5,55800,0.0,0.0
2024-08-16 12:45:00+09:00,2512.0,2518.5,2512.0,2515.5,43000,0.0,0.0
2024-08-16 12:50:00+09:00,2515.0,2515.5,2513.5,2515.5,30400,0.0,0.0
2024-08-16 12:55:00+09:00,2515.5,2517.0,2513.0,2513.0,29900,0.0,0.0
2024-08-16 13:00:00+09:00,2513.5,2518.0,2513.0,2517.5,40200,0.0,0.0
2024-08-16 13:05:00+09:00,2517.0,2519.5,2515.0,2518.0,39300,0.0,0.0
2024-08-16 13:10:00+09:00,2518.5,2519.0,2511.0,2512.0,34000,0.0,0.0
2024-08-16 13:15:00+09:00,2512.0,2513.0,2511.5,2512.0,18000,0.0,0.0
2024-08-16 13:20:00+09:00,2512.5,2515.5,2511.5,2511.5,59700,0.0,0.0
2024-08-16 13:25:00+09:00,2511.0,2511.0,2508.0,2510.0,52900,0.0,0.0
2024-08-16 13:30:00+09:00,2510.0,2511.0,2503.5,2507.0,80300,0.0,0.0
2024-08-16 13:35:00+09:00,2506.5,2507.0,2503.5,2504.5,34900,0.0,0.0
2024-08-16 13:40:00+09:00,2505.0,2510.0,2504.0,2508.5,39500,0.0,0.0
2024-08-16 13:45:00+09:00,2508.5,2510.0,2503.5,2507.5,41600,0.0,0.0
2024-08-16 13:50:00+09:00,2508.0,2511.5,2506.0,2511.5,45000,0.0,0.0
2024-08-16 13:55:00+09:00,2512.0,2515.0,2505.5,2506.0,88800,0.0,0.0
2024-08-16 14:00:00+09:00,2506.0,2510.0,2505.5,2508.0,40100,0.0,0.0
2024-08-16 14:05:00+09:00,2508.5,2510.0,2507.0,2510.0,36900,0.0,0.0
2024-08-16 14:10:00+09:00,2510.0,2514.0,2510.0,2514.0,66500,0.0,0.0
2024-08-16 14:15:00+09:00,2513.5,2520.0,2513.0,2515.5,86300,0.0,0.0
2024-08-16 14:20:00+09:00,2515.5,2516.0,2507.5,2507.5,49500,0.0,0.0
2024-08-16 14:25:00+09:00,2507.5,2510.5,2506.5,2508.0,45500,0.0,0.0
2024-08-16 14:30:00+09:00,2508.5,2512.5,2508.5,2512.0,48900,0.0,0.0
2024-08-16 14:35:00+09:00,2512.5,2515.5,2507.0,2508.0,71300,0.0,0.0
2024-08-16 14:40:00+09:00,2508.5,2511.5,2508.0,2510.0,101800,0.0,0.0
2024-08-16 14:45:00+09:00,2510.0,2514.5,2506.0,2514.0,148100,0.0,0.0
2024-08-16 14:50:00+09:00,2514.5,2518.0,2514.0,2518.0,135200,0.0,0.0
2024-08-16 14:55:00+09:00,2517.0,2528.5,2517.0,2528.5,224000,0.0,0.0
2024-08-19 09:00:00+09:00,2498.5,2500.5,2482.5,2497.0,497400,0.0,0.0
2024-08-19 09:05:00+09:00,2497.5,2509.5,2491.0,2503.0,134300,0.0,0.0
2024-08-19 09:10:00+09:00,2502.0,2511.0,2501.0,2508.0,132900,0.0,0.0
2024-08-19 09:15:00+09:00,2507.0,2517.0,2504.5,2515.5,77800,0.0,0.0
2024-08-19 09:20:00+09:00,2516.0,2518.5,2513.5,2517.0,64600,0.0,0.0
2024-08-19 09:25:00+09:00,2516.5,2526.0,2516.5,2525.0,65400,0.0,0.0
2024-08-19 09:30:00+09:00,2526.0,2534.0,2525.0,2532.0,87800,0.0,0.0
2024-08-19 09:35:00+09:00,2532.0,2537.0,2528.0,2536.5,61900,0.0,0.0
2024-08-19 09:40:00+09:00,2536.0,2540.0,2530.0,2530.5,75400,0.0,0.0
2024-08-19 09:45:00+09:00,2529.5,2534.0,2529.0,2530.5,62800,0.0,0.0
2024-08-19 09:50:00+09:00,2530.5,2535.0,2528.5,2529.0,30400,0.0,0.0
2024-08-19 09:55:00+09:00,2529.0,2531.0,2526.5,2531.0,64000,0.0,0.0
2024-08-19 10:00:00+09:00,2530.5,2531.0,2522.0,2523.0,58800,0.0,0.0
2024-08-19 10:05:00+09:00,2522.5,2529.5,2522.0,2528.5,35400,0.0,0.0
2024-08-19 10:10:00+09:00,2529.0,2532.0,2527.5,2528.5,29500,0.0,0.0
2024-08-19 10:15:00+09:00,2528.0,2529.0,2522.5,2526.5,39100,0.0,0.0
2024-08-19 10:20:00+09:00,2527.0,2529.5,2523.5,2527.0,35000,0.0,0.0
2024-08-19 10:25:00+09:00,2526.5,2527.0,2523.5,2524.0,17500,0.0,0.0
2024-08-19 10:30:00+09:00,2524.0,2528.0,2524.0,2526.0,15900,0.0,0.0
2024-08-19 10:35:00+09:00,2525.5,2526.0,2523.5,2525.0,27700,0.0,0.0
2024-08-19 10:40:00+09:00,2525.0,2532.0,2524.0,2532.0,32200,0.0,0.0
2024-08-19 10:45:00+09:00,2532.5,2533.0,2528.5,2532.0,38200,0.0,0.0
2024-08-19 10:50:00+09:00,2532.0,2535.0,2528.5,2534.0,47800,0.0,0.0
2024-08-19 10:55:00+09:00,2533.5,2535.0,2530.5,2534.5,32000,0.0,0.0
2024-08-19 11:00:00+09:00,2534.5,2536.5,2533.5,2535.0,38000,0.0,0.0
2024-08-19 11:05:00+09:00,2535.0,2536.5,2532.5,2533.5,28100,0.0,0.0
2024-08-19 11:10:00+09:00,2533.5,2533.5,2532.0,2532.0,17000,0.0,0.0
2024-08-19 11:15:00+09:00,2532.5,2533.0,2530.0,2530.5,21000,0.0,0.0
2024-08-19 11:20:00+09:00,2530.5,2533.0,2530.0,2530.0,18400,0.0,0.0
2024-08-19 11:25:00+09:00,2530.5,2534.0,2530.5,2532.5,30400,0.0,0.0
2024-08-19 11:30:00+09:00,2532.0,2532.0,2531.0,2531.0,10800,0.0,0.0
2024-08-19 11:35:00+09:00,2531.0,2531.0,2531.0,2531.0,0,0.0,0.0
2024-08-19 12:30:00+09:00,2528.0,2529.0,2521.0,2521.5,2058900,0.0,0.0
2024-08-19 12:35:00+09:00,2522.5,2522.5,2503.5,2505.0,220200,0.0,0.0
2024-08-19 12:40:00+09:00,2505.5,2505.5,2494.5,2498.0,169400,0.0,0.0
2024-08-19 12:45:00+09:00,2498.0,2502.5,2489.5,2497.5,189500,0.0,0.0
2024-08-19 12:50:00+09:00,2498.0,2502.5,2497.0,2497.0,61800,0.0,0.0
2024-08-19 12:55:00+09:00,2498.0,2499.5,2492.5,2497.0,57900,0.0,0.0
2024-08-19 13:00:00+09:00,2497.0,2499.5,2493.5,2494.5,36400,0.0,0.0
2024-08-19 13:05:00+09:00,2495.0,2498.5,2493.0,2495.0,38200,0.0,0.0
2024-08-19 13:10:00+09:00,2495.0,2499.5,2495.0,2498.0,33800,0.0,0.0
2024-08-19 13:15:00+09:00,2499.0,2502.0,2498.5,2500.5,49500,0.0,0.0
2024-08-19 13:20:00+09:00,2500.0,2502.5,2497.0,2501.5,47900,0.0,0.0
2024-08-19 13:25:00+09:00,2501.5,2504.5,2497.5,2498.0,69900,0.0,0.0
2024-08-19 13:30:00+09:00,2497.5,2497.5,2489.0,2491.5,119000,0.0,0.0
2024-08-19 13:35:00+09:00,2491.5,2493.0,2481.5,2483.0,84300,0.0,0.0
2024-08-19 13:40:00+09:00,2483.0,2486.5,2468.5,2471.0,149800,0.0,0.0
2024-08-19 13:45:00+09:00,2472.0,2476.0,2467.5,2474.0,61400,0.0,0.0
2024-08-19 13:50:00+09:00,2473.5,2477.0,2471.0,2472.5,53600,0.0,0.0
2024-08-19 13:55:00+09:00,2473.0,2475.0,2470.0,2472.0,47000,0.0,0.0
2024-08-19 14:00:00+09:00,2473.0,2485.0,2472.5,2482.5,63400,0.0,0.0
2024-08-19 14:05:00+09:00,2483.5,2487.0,2481.5,2485.5,36200,0.0,0.0
2024-08-19 14:10:00+09:00,2485.0,2488.0,2481.0,2488.0,41300,0.0,0.0
2024-08-19 14:15:00+09:00,2488.0,2490.0,2483.5,2485.0,39300,0.0,0.0
2024-08-19 14:20:00+09:00,2485.5,2485.5,2477.5,2479.5,76200,0.0,0.0
2024-08-19 14:25:00+09:00,2480.5,2482.0,2471.0,2474.5,75000,0.0,0.0
2024-08-19 14:30:00+09:00,2475.0,2479.0,2469.5,2469.5,61000,0.0,0.0
2024-08-19 14:35:00+09:00,2469.5,2478.0,2469.5,2477.0,70800,0.0,0.0
2024-08-19 14:40:00+09:00,2477.0,2482.0,2473.0,2478.0,80500,0.0,0.0
2024-08-19 14:45:00+09:00,2478.5,2479.0,2470.0,2475.5,132900,0.0,0.0
2024-08-19 14:50:00+09:00,2475.5,2478.0,2468.5,2470.0,152600,0.0,0.0
2024-08-19 14:55:00+09:00,2470.0,2477.0,2468.0,2470.0,196700,0.0,0.0
2024-08-20 09:00:00+09:00,2505.5,2510.0,2475.0,2480.5,325500,0.0,0.0
2024-08-20 09:05:00+09:00,2480.5,2481.0,2471.5,2475.0,84500,0.0,0.0
2024-08-20 09:10:00+09:00,2474.0,2478.0,2471.0,2476.0,69100,0.0,0.0
2024-08-20 09:15:00+09:00,2476.0,2485.5,2473.0,2477.0,120400,0.0,0.0
2024-08-20 09:20:00+09:00,2476.5,2481.5,2475.5,2477.0,67100,0.0,0.0
2024-08-20 09:25:00+09:00,2478.0,2479.5,2475.5,2476.5,56800,0.0,0.0
2024-08-20 09:30:00+09:00,2476.5,2477.0,2454.5,2455.5,241900,0.0,0.0
2024-08-20 09:35:00+09:00,2455.0,2458.0,2450.5,2452.0,111600,0.0,0.0
2024-08-20 09:40:00+09:00,2452.0,2455.5,2440.0,2441.0,200200,0.0,0.0
2024-08-20 09:45:00+09:00,2442.0,2449.0,2440.0,2447.5,96700,0.0,0.0
2024-08-20 09:50:00+09:00,2447.5,2457.0,2443.5,2454.0,107900,0.0,0.0
2024-08-20 09:55:00+09:00,2453.0,2455.0,2448.5,2453.5,68600,0.0,0.0
2024-08-20 10:00:00+09:00,2453.5,2455.5,2446.0,2447.5,53400,0.0,0.0
2024-08-20 10:05:00+09:00,2447.5,2447.5,2441.0,2442.0,66300,0.0,0.0
2024-08-20 10:10:00+09:00,2441.5,2451.5,2441.5,2447.0,57600,0.0,0.0
2024-08-20 10:15:00+09:00,2446.5,2453.0,2446.0,2452.5,43300,0.0,0.0
2024-08-20 10:20:00+09:00,2452.5,2456.0,2449.5,2455.0,57500,0.0,0.0
2024-08-20 10:25:00+09:00,2454.0,2459.0,2452.5,2455.0,52800,0.0,0.0
2024-08-20 10:30:00+09:00,2454.5,2458.5,2452.5,2456.0,36000,0.0,0.0
2024-08-20 10:35:00+09:00,2456.0,2463.5,2453.5,2463.5,81100,0.0,0.0
2024-08-20 10:40:00+09:00,2463.5,2464.5,2459.0,2462.5,52000,0.0,0.0
2024-08-20 10:45:00+09:00,2462.5,2463.5,2459.0,2462.0,35800,0.0,0.0
2024-08-20 10:50:00+09:00,2462.5,2466.0,2460.0,2460.5,49000,0.0,0.0
2024-08-20 10:55:00+09:00,2460.5,2463.5,2458.5,2461.0,41200,0.0,0.0
2024-08-20 11:00:00+09:00,2460.5,2462.5,2459.5,2462.0,31300,0.0,0.0
2024-08-20 11:05:00+09:00,2462.0,2468.0,2462.0,2467.5,42700,0.0,0.0
2024-08-20 11:10:00+09:00,2467.0,2470.0,2462.5,2465.0,60300,0.0,0.0
2024-08-20 11:15:00+09:00,2464.5,2468.0,2462.5,2462.5,33900,0.0,0.0
2024-08-20 11:20:00+09:00,2462.5,2466.5,2462.5,2466.5,38600,0.0,0.0
2024-08-20 11:25:00+09:00,2466.5,2466.5,2462.5,2465.0,33500,0.0,0.0
2024-08-20 11:30:00+09:00,2466.0,2466.0,2466.0,2466.0,3200,0.0,0.0
2024-08-20 11:35:00+09:00,2466.0,2466.0,2466.0,2466.0,0,0.0,0.0
2024-08-20 12:30:00+09:00,2486.5,2489.0,2468.0,2474.0,2680400,0.0,0.0
2024-08-20 12:35:00+09:00,2473.5,2477.0,2466.5,2467.5,81800,0.0,0.0
2024-08-20 12:40:00+09:00,2468.0,2472.5,2468.0,2469.0,48500,0.0,0.0
2024-08-20 12:45:00+09:00,2469.0,2473.5,2469.0,2473.0,54700,0.0,0.0
2024-08-20 12:50:00+09:00,2472.5,2473.5,2469.0,2473.5,42600,0.0,0.0
2024-08-20 12:55:00+09:00,2473.5,2473.5,2467.5,2469.0,38300,0.0,0.0
2024-08-20 13:00:00+09:00,2469.0,2469.5,2464.0,2465.0,54900,0.0,0.0
2024-08-20 13:05:00+09:00,2465.0,2466.5,2463.5,2464.5,38900,0.0,0.0
2024-08-20 13:10:00+09:00,2464.5,2466.0,2463.5,2465.5,38400,0.0,0.0
2024-08-20 13:15:00+09:00,2466.0,2470.0,2465.5,2470.0,46600,0.0,0.0
2024-08-20 13:20:00+09:00,2470.0,2473.5,2469.0,2470.5,38900,0.0,0.0
2024-08-20 13:25:00+09:00,2469.5,2474.0,2469.5,2471.0,54400,0.0,0.0
2024-08-20 13:30:00+09:00,2471.0,2472.5,2468.0,2468.0,46800,0.0,0.0
2024-08-20 13:35:00+09:00,2468.0,2471.0,2468.0,2471.0,45300,0.0,0.0
2024-08-20 13:40:00+09:00,2471.0,2471.0,2467.0,2470.5,62500,0.0,0.0
2024-08-20 13:45:00+09:00,2471.0,2471.5,2464.5,2467.0,61200,0.0,0.0
2024-08-20 13:50:00+09:00,2467.5,2474.5,2467.5,2473.0,60100,0.0,0.0
2024-08-20 13:55:00+09:00,2473.0,2475.5,2471.5,2474.5,26400,0.0,0.0
2024-08-20 14:00:00+09:00,2474.5,2479.5,2474.0,2476.0,76700,0.0,0.0
2024-08-20 14:05:00+09:00,2476.0,2476.5,2470.0,2473.0,57000,0.0,0.0
2024-08-20 14:10:00+09:00,2473.0,2478.5,2472.5,2477.5,41300,0.0,0.0
2024-08-20 14:15:00+09:00,2476.5,2482.0,2475.5,2479.5,61200,0.0,0.0
2024-08-20 14:20:00+09:00,2480.0,2481.0,2478.5,2481.0,39500,0.0,0.0
2024-08-20 14:25:00+09:00,2481.5,2486.0,2481.0,2485.5,57000,0.0,0.0
2024-08-20 14:30:00+09:00,2486.0,2486.0,2479.0,2481.0,69100,0.0,0.0
2024-08-20 14:35:00+09:00,2481.5,2482.5,2478.5,2480.0,50700,0.0,0.0
2024-08-20 14:40:00+09:00,2479.5,2481.5,2478.0,2478.5,32600,0.0,0.0
2024-08-20 14:45:00+09:00,2478.5,2482.0,2476.5,2478.0,52300,0.0,0.0
2024-08-20 14:50:00+09:00,2478.5,2482.5,2475.5,2482.5,60000,0.0,0.0
2024-08-20 14:55:00+09:00,2482.5,2487.0,2480.0,2480.0,183400,0.0,0.0
2024-08-21 09:00:00+09:00,2432.5,2445.0,2426.0,2435.0,508200,0.0,0.0
2024-08-21 09:05:00+09:00,2434.0,2443.5,2434.0,2440.5,133400,0.0,0.0
2024-08-21 09:10:00+09:00,2440.5,2447.5,2440.0,2444.0,80800,0.0,0.0
2024-08-21 09:15:00+09:00,2444.0,2457.0,2441.5,2457.0,60900,0.0,0.0
2024-08-21 09:20:00+09:00,2457.0,2458.5,2449.5,2452.5,61900,0.0,0.0
2024-08-21 09:25:00+09:00,2452.0,2453.5,2447.0,2450.5,64200,0.0,0.0
2024-08-21 09:30:00+09:00,2450.5,2455.0,2442.0,2445.0,71600,0.0,0.0
2024-08-21 09:35:00+09:00,2445.0,2448.0,2444.0,2447.5,48100,0.0,0.0
2024-08-21 09:40:00+09:00,2448.0,2450.0,2443.5,2444.0,61100,0.0,0.0
2024-08-21 09:45:00+09:00,2444.0,2453.0,2444.0,2450.5,47600,0.0,0.0
2024-08-21 09:50:00+09:00,2451.0,2458.5,2450.5,2455.5,67400,0.0,0.0
2024-08-21 09:55:00+09:00,2456.0,2459.5,2452.5,2456.0,57500,0.0,0.0
2024-08-21 10:00:00+09:00,2455.5,2458.5,2454.0,2455.0,28900,0.0,0.0
2024-08-21 10:05:00+09:00,2455.0,2456.0,2451.5,2453.0,28400,0.0,0.0
2024-08-21 10:10:00+09:00,2453.5,2460.5,2452.5,2459.5,52800,0.0,0.0
2024-08-21 10:15:00+09:00,2460.0,2460.0,2453.5,2454.0,23900,0.0,0.0
2024-08-21 10:20:00+09:00,2454.0,2455.5,2449.0,2451.0,47500,0.0,0.0
2024-08-21 10:25:00+09:00,2450.5,2452.5,2449.0,2450.5,17100,0.0,0.0
2024-08-21 10:30:00+09:00,2451.0,2451.0,2445.5,2447.0,30800,0.0,0.0
2024-08-21 10:35:00+09:00,2447.5,2447.5,2445.0,2447.5,20700,0.0,0.0
2024-08-21 10:40:00+09:00,2447.0,2447.5,2444.0,2444.0,26700,0.0,0.0
2024-08-21 10:45:00+09:00,2444.0,2446.5,2443.0,2444.0,22300,0.0,0.0
2024-08-21 10:50:00+09:00,2444.0,2450.5,2444.0,2449.5,21800,0.0,0.0
2024-08-21 10:55:00+09:00,2449.5,2452.0,2448.5,2449.0,17500,0.0,0.0
2024-08-21 11:00:00+09:00,2449.0,2449.5,2445.0,2445.0,31400,0.0,0.0
2024-08-21 11:05:00+09:00,2446.0,2446.5,2444.5,2446.0,19200,0.0,0.0
2024-08-21 11:10:00+09:00,2446.0,2446.5,2443.5,2443.5,26800,0.0,0.0
2024-08-21 11:15:00+09:00,2444.5,2446.0,2442.0,2446.0,34400,0.0,0.0
2024-08-21 11:20:00+09:00,2446.0,2450.0,2445.5,2445.5,14800,0.0,0.0
2024-08-21 11:25:00+09:00,2445.5,2449.5,2445.5,2448.5,15200,0.0,0.0
2024-08-21 11:30:00+09:00,2450.0,2450.0,2450.0,2450.0,5100,0.0,0.0
2024-08-21 11:35:00+09:00,2450.0,2450.0,2450.0,2450.0,0,0.0,0.0
2024-08-21 12:30:00+09:00,2453.0,2459.5,2453.0,2456.5,1899200,0.0,0.0
2024-08-21 12:35:00+09:00,2457.5,2463.5,2454.0,2461.5,64500,0.0,0.0
2024-08-21 12:40:00+09:00,2460.5,2461.5,2457.5,2458.5,70300,0.0,0.0
2024-08-21 12:45:00+09:00,2458.0,2463.0,2458.0,2460.0,30700,0.0,0.0
2024-08-21 12:50:00+09:00,2460.0,2461.0,2457.5,2460.5,24800,0.0,0.0
2024-08-21 12:55:00+09:00,2460.5,2460.5,2457.0,2459.0,19000,0.0,0.0
2024-08-21 13:00:00+09:00,2458.0,2458.5,2455.5,2456.5,19800,0.0,0.0
2024-08-21 13:05:00+09:00,2456.0,2458.5,2455.5,2457.0,16400,0.0,0.0
2024-08-21 13:10:00+09:00,2458.0,2460.5,2457.5,2460.0,30000,0.0,0.0
2024-08-21 13:15:00+09:00,2460.0,2465.5,2460.0,2465.0,34900,0.0,0.0
2024-08-21 13:20:00+09:00,2464.5,2465.0,2457.5,2458.0,26000,0.0,0.0
2024-08-21 13:25:00+09:00,2457.5,2457.5,2454.5,2455.0,27900,0.0,0.0
2024-08-21 13:30:00+09:00,2455.0,2456.0,2452.0,2453.5,36100,0.0,0.0
2024-08-21 13:35:00+09:00,2454.0,2457.5,2453.5,2455.5,17900,0.0,0.0
2024-08-21 13:40:00+09:00,2455.5,2457.5,2455.0,2456.5,13800,0.0,0.0
2024-08-21 13:45:00+09:00,2456.5,2458.0,2456.0,2457.5,18600,0.0,0.0
2024-08-21 13:50:00+09:00,2457.5,2464.5,2456.5,2463.0,29900,0.0,0.0
2024-08-21 13:55:00+09:00,2463.0,2464.0,2460.0,2460.0,24800,0.0,0.0
2024-08-21 14:00:00+09:00,2459.5,2464.0,2458.0,2461.0,27600,0.0,0.0
2024-08-21 14:05:00+09:00,2461.5,2461.5,2459.5,2461.5,10300,0.0,0.0
2024-08-21 14:10:00+09:00,2461.5,2463.0,2458.5,2460.0,19900,0.0,0.0
2024-08-21 14:15:00+09:00,2459.0,2459.5,2457.5,2457.5,11900,0.0,0.0
2024-08-21 14:20:00+09:00,2457.5,2458.0,2457.0,2457.5,16800,0.0,0.0
2024-08-21 14:25:00+09:00,2458.0,2462.0,2458.0,2462.0,20600,0.0,0.0
2024-08-21 14:30:00+09:00,2462.5,2462.5,2457.5,2457.5,28800,0.0,0.0
2024-08-21 14:35:00+09:00,2457.5,2457.5,2455.0,2455.0,24100,0.0,0.0
2024-08-21 14:40:00+09:00,2455.5,2456.5,2453.5,2454.5,23600,0.0,0.0
2024-08-21 14:45:00+09:00,2455.0,2458.5,2454.0,2454.0,37400,0.0,0.0
2024-08-21 14:50:00+09:00,2454.5,2458.0,2453.0,2458.0,38900,0.0,0.0
2024-08-21 14:55:00+09:00,2457.5,2461.0,2454.5,2461.0,72400,0.0,0.0
2024-08-22 09:00:00+09:00,2450.5,2463.5,2441.0,2446.5,239300,0.0,0.0
2024-08-22 09:05:00+09:00,2445.5,2448.5,2441.5,2448.5,62800,0.0,0.0
2024-08-22 09:10:00+09:00,2451.5,2454.0,2448.5,2453.0,49200,0.0,0.0
2024-08-22 09:15:00+09:00,2452.0,2455.5,2449.0,2450.0,47100,0.0,0.0
2024-08-22 09:20:00+09:00,2451.0,2456.5,2448.5,2454.5,52300,0.0,0.0
2024-08-22 09:25:00+09:00,2454.0,2457.0,2454.0,2455.5,32300,0.0,0.0
2024-08-22 09:30:00+09:00,2456.0,2460.5,2455.0,2459.5,51400,0.0,0.0
2024-08-22 09:35:00+09:00,2459.5,2460.0,2455.5,2456.0,23500,0.0,0.0
2024-08-22 09:40:00+09:00,2456.5,2461.5,2455.5,2456.0,32600,0.0,0.0
2024-08-22 09:45:00+09:00,2456.5,2458.5,2452.5,2452.5,35600,0.0,0.0
2024-08-22 09:50:00+09:00,2452.5,2455.0,2451.0,2451.5,32700,0.0,0.0
2024-08-22 09:55:00+09:00,2451.5,2453.5,2449.5,2450.0,44300,0.0,0.0
2024-08-22 10:00:00+09:00,2449.5,2451.0,2448.0,2448.0,21400,0.0,0.0
2024-08-22 10:05:00+09:00,2449.0,2453.0,2447.0,2452.5,24100,0.0,0.0
2024-08-22 10:10:00+09:00,2453.0,2453.5,2449.0,2450.5,19400,0.0,0.0
2024-08-22 10:15:00+09:00,2451.0,2451.5,2448.0,2448.5,30200,0.0,0.0
2024-08-22 10:20:00+09:00,2449.5,2450.0,2447.5,2448.5,34200,0.0,0.0
2024-08-22 10:25:00+09:00,2448.0,2452.0,2447.5,2450.5,26900,0.0,0.0
2024-08-22 10:30:00+09:00,2451.5,2455.5,2450.0,2450.0,50300,0.0,0.0
2024-08-22 10:35:00+09:00,2451.0,2451.0,2445.0,2447.5,51400,0.0,0.0
2024-08-22 10:40:00+09:00,2448.0,2452.5,2447.0,2451.5,16400,0.0,0.0
2024-08-22 10:45:00+09:00,2451.0,2452.5,2449.0,2451.0,17500,0.0,0.0
2024-08-22 10:50:00+09:00,2451.0,2453.0,2450.0,2450.5,17400,0.0,0.0
2024-08-22 10:55:00+09:00,2450.5,2452.0,2450.0,2451.5,19100,0.0,0.0
2024-08-22 11:00:00+09:00,2452.0,2452.5,2448.0,2448.5,25700,0.0,0.0
2024-08-22 11:05:00+09:00,2449.0,2449.5,2445.5,2445.5,39000,0.0,0.0
2024-08-22 11:10:00+09:00,2445.0,2446.5,2444.5,2445.5,28900,0.0,0.0
2024-08-22 11:15:00+09:00,2445.5,2446.0,2442.0,2442.5,33600,0.0,0.0
2024-08-22 11:20:00+09:00,2443.0,2444.0,2440.0,2441.5,52500,0.0,0.0
2024-08-22 11:25:00+09:00,2442.5,2443.0,2440.0,2440.5,33300,0.0,0.0
2024-08-22 11:30:00+09:00,2440.0,2440.0,2440.0,2440.0,5100,0.0,0.0
2024-08-22 11:35:00+09:00,2440.0,2440.0,2440.0,2440.0,0,0.0,0.0
2024-08-22 12:30:00+09:00,2435.0,2439.5,2430.5,2432.0,1376100,0.0,0.0
2024-08-22 12:35:00+09:00,2427.5,2433.5,2427.0,2432.0,79200,0.0,0.0
2024-08-22 12:40:00+09:00,2432.0,2435.5,2432.0,2435.5,41200,0.0,0.0
2024-08-22 12:45:00+09:00,2435.5,2439.5,2433.0,2436.0,56800,0.0,0.0
2024-08-22 12:50:00+09:00,2436.0,2436.0,2433.0,2436.0,26500,0.0,0.0
2024-08-22 12:55:00+09:00,2435.5,2437.0,2434.0,2437.0,33200,0.0,0.0
2024-08-22 13:00:00+09:00,2436.5,2439.5,2436.5,2437.0,23400,0.0,0.0
2024-08-22 13:05:00+09:00,2437.5,2443.0,2437.5,2443.0,38200,0.0,0.0
2024-08-22 13:10:00+09:00,2443.5,2444.5,2442.0,2444.0,25000,0.0,0.0
2024-08-22 13:15:00+09:00,2443.5,2445.5,2441.0,2441.0,22000,0.0,0.0
2024-08-22 13:20:00+09:00,2440.5,2441.0,2435.0,2436.0,35700,0.0,0.0
2024-08-22 13:25:00+09:00,2435.5,2437.0,2434.5,2435.5,18700,0.0,0.0
2024-08-22 13:30:00+09:00,2435.5,2438.5,2435.5,2437.0,13200,0.0,0.0
2024-08-22 13:35:00+09:00,2437.5,2439.5,2435.5,2439.5,23600,0.0,0.0
2024-08-22 13:40:00+09:00,2439.0,2441.5,2439.0,2439.5,19200,0.0,0.0
2024-08-22 13:45:00+09:00,2440.5,2442.0,2436.0,2438.5,24700,0.0,0.0
2024-08-22 13:50:00+09:00,2438.5,2439.0,2437.0,2437.0,15300,0.0,0.0
2024-08-22 13:55:00+09:00,2437.5,2438.5,2437.0,2438.5,21500,0.0,0.0
2024-08-22 14:00:00+09:00,2439.0,2443.0,2439.0,2443.0,42900,0.0,0.0
2024-08-22 14:05:00+09:00,2443.5,2444.0,2441.0,2441.5,24800,0.0,0.0
2024-08-22 14:10:00+09:00,2441.5,2444.0,2440.5,2444.0,18300,0.0,0.0
2024-08-22 14:15:00+09:00,2443.5,2445.5,2441.5,2445.5,27300,0.0,0.0
2024-08-22 14:20:00+09:00,2446.0,2447.0,2444.0,2445.5,27900,0.0,0.0
2024-08-22 14:25:00+09:00,2446.0,2446.0,2444.0,2444.0,21000,0.0,0.0
2024-08-22 14:30:00+09:00,2444.0,2444.0,2440.5,2440.5,37100,0.0,0.0
2024-08-22 14:35:00+09:00,2440.5,2446.0,2440.5,2445.0,23600,0.0,0.0
2024-08-22 14:40:00+09:00,2445.5,2447.5,2445.0,2446.0,49200,0.0,0.0
2024-08-22 14:45:00+09:00,2445.5,2447.0,2444.0,2446.5,41300,0.0,0.0
2024-08-22 14:50:00+09:00,2446.5,2447.5,2445.5,2446.5,79700,0.0,0.0
2024-08-22 14:55:00+09:00,2446.5,2453.5,2446.0,2453.5,112500,0.0,0.0
2024-08-23 09:00:00+09:00,2455.5,2471.5,2451.0,2469.0,194700,0.0,0.0
2024-08-23 09:05:00+09:00,2469.5,2479.5,2469.0,2478.5,67500,0.0,0.0
2024-08-23 09:10:00+09:00,2478.0,2478.5,2471.0,2471.5,41100,0.0,0.0
2024-08-23 09:15:00+09:00,2472.5,2473.0,2459.5,2459.5,66300,0.0,0.0
2024-08-23 09:20:00+09:00,2458.0,2458.0,2448.0,2450.0,62100,0.0,0.0
2024-08-23 09:25:00+09:00,2451.0,2455.5,2451.0,2452.5,30900,0.0,0.0
2024-08-23 09:30:00+09:00,2453.0,2454.5,2448.5,2452.0,32300,0.0,0.0
2024-08-23 09:35:00+09:00,2451.5,2451.5,2443.0,2445.5,38300,0.0,0.0
2024-08-23 09:40:00+09:00,2445.5,2451.0,2445.0,2451.0,23200,0.0,0.0
2024-08-23 09:45:00+09:00,2451.0,2454.0,2449.0,2451.0,17200,0.0,0.0
2024-08-23 09:50:00+09:00,2451.5,2458.0,2451.5,2458.0,34800,0.0,0.0
2024-08-23 09:55:00+09:00,2458.0,2459.5,2452.5,2453.0,27300,0.0,0.0
2024-08-23 10:00:00+09:00,2452.0,2453.5,2450.0,2452.5,13000,0.0,0.0
2024-08-23 10:05:00+09:00,2452.0,2452.5,2449.5,2452.5,19100,0.0,0.0
2024-08-23 10:10:00+09:00,2453.0,2455.0,2446.5,2450.0,40200,0.0,0.0
2024-08-23 10:15:00+09:00,2450.0,2453.5,2449.5,2453.0,10300,0.0,0.0
2024-08-23 10:20:00+09:00,2452.5,2454.0,2448.5,2448.5,54000,0.0,0.0
2024-08-23 10:25:00+09:00,2450.0,2455.5,2449.0,2453.5,24000,0.0,0.0
2024-08-23 10:30:00+09:00,2454.0,2455.0,2452.5,2454.0,10200,0.0,0.0
2024-08-23 10:35:00+09:00,2453.5,2453.5,2450.0,2450.5,10300,0.0,0.0
2024-08-23 10:40:00+09:00,2451.5,2451.5,2445.0,2448.5,24500,0.0,0.0
2024-08-23 10:45:00+09:00,2447.5,2450.0,2446.0,2448.0,13000,0.0,0.0
2024-08-23 10:50:00+09:00,2447.5,2449.5,2447.5,2448.5,9100,0.0,0.0
2024-08-23 10:55:00+09:00,2448.0,2448.5,2443.0,2444.0,29800,0.0,0.0
2024-08-23 11:00:00+09:00,2443.5,2447.0,2437.5,2441.0,49100,0.0,0.0
2024-08-23 11:05:00+09:00,2441.0,2446.5,2440.5,2446.0,20300,0.0,0.0
2024-08-23 11:10:00+09:00,2446.0,2446.5,2441.5,2443.0,36100,0.0,0.0
2024-08-23 11:15:00+09:00,2442.0,2445.0,2442.0,2443.0,26300,0.0,0.0
2024-08-23 11:20:00+09:00,2443.0,2445.5,2443.0,2444.5,13600,0.0,0.0
2024-08-23 11:25:00+09:00,2444.0,2444.5,2440.5,2442.0,20600,0.0,0.0
2024-08-23 11:30:00+09:00,2441.5,2441.5,2441.5,2441.5,1100,0.0,0.0
2024-08-23 11:35:00+09:00,2441.5,2441.5,2441.5,2441.5,0,0.0,0.0
2024-08-23 12:30:00+09:00,2450.0,2455.0,2448.5,2454.0,1149100,0.0,0.0
2024-08-23 12:35:00+09:00,2455.0,2459.0,2454.5,2457.5,26300,0.0,0.0
2024-08-23 12:40:00+09:00,2458.5,2459.5,2457.0,2458.0,22000,0.0,0.0
2024-08-23 12:45:00+09:00,2457.0,2460.0,2455.5,2459.5,29500,0.0,0.0
2024-08-23 12:50:00+09:00,2459.0,2461.0,2455.0,2456.0,35400,0.0,0.0
2024-08-23 12:55:00+09:00,2456.0,2459.0,2453.5,2458.0,26100,0.0,0.0
2024-08-23 13:00:00+09:00,2458.5,2460.0,2457.5,2459.5,17400,0.0,0.0
2024-08-23 13:05:00+09:00,2459.5,2461.5,2457.5,2461.0,27300,0.0,0.0
2024-08-23 13:10:00+09:00,2461.0,2463.0,2460.0,2463.0,30900,0.0,0.0
2024-08-23 13:15:00+09:00,2463.0,2463.5,2461.0,2463.0,33900,0.0,0.0
2024-08-23 13:20:00+09:00,2463.5,2465.0,2463.0,2464.5,15100,0.0,0.0
2024-08-23 13:25:00+09:00,2465.0,2465.0,2462.0,2462.5,21500,0.0,0.0
2024-08-23 13:30:00+09:00,2462.5,2464.5,2461.5,2463.5,13000,0.0,0.0
2024-08-23 13:35:00+09:00,2464.0,2466.0,2460.5,2460.5,28400,0.0,0.0
2024-08-23 13:40:00+09:00,2460.0,2461.5,2458.0,2461.0,21100,0.0,0.0
2024-08-23 13:45:00+09:00,2461.5,2462.5,2458.5,2459.0,10900,0.0,0.0
2024-08-23 13:50:00+09:00,2459.0,2461.5,2459.0,2460.5,12200,0.0,0.0
2024-08-23 13:55:00+09:00,2460.5,2463.0,2459.5,2462.5,15800,0.0,0.0
2024-08-23 14:00:00+09:00,2462.5,2462.5,2458.5,2459.5,10200,0.0,0.0
2024-08-23 14:05:00+09:00,2459.5,2460.5,2457.5,2460.5,15900,0.0,0.0
2024-08-23 14:10:00+09:00,2460.0,2461.5,2458.0,2460.0,8000,0.0,0.0
2024-08-23 14:15:00+09:00,2460.5,2461.5,2458.0,2459.5,9100,0.0,0.0
2024-08-23 14:20:00+09:00,2459.5,2460.0,2458.5,2459.5,6900,0.0,0.0
2024-08-23 14:25:00+09:00,2459.5,2461.5,2457.0,2461.5,17800,0.0,0.0
2024-08-23 14:30:00+09:00,2461.0,2463.5,2460.5,2462.5,21500,0.0,0.0
2024-08-23 14:35:00+09:00,2461.5,2461.5,2459.5,2461.0,36500,0.0,0.0
2024-08-23 14:40:00+09:00,2461.5,2462.0,2456.0,2456.0,46100,0.0,0.0
2024-08-23 14:45:00+09:00,2456.0,2462.5,2456.0,2460.5,48200,0.0,0.0
2024-08-23 14:50:00+09:00,2460.0,2463.0,2459.0,2462.5,54700,0.0,0.0
2024-08-23 14:55:00+09:00,2463.0,2467.5,2459.5,2460.0,118300,0.0,0.0
