Datetime,Open,High,Low,Close,Volume,Dividends,Stock Splits
2024-10-21 09:30:00-04:00,2.259999990463257,2.2899999618530273,2.259999990463257,2.265000104904175,6190,0.0,0.0
2024-10-21 09:39:00-04:00,2.2600998878479004,2.2600998878479004,2.2600998878479004,2.2600998878479004,2330,0.0,0.0
2024-10-21 09:47:00-04:00,2.2300000190734863,2.2300000190734863,2.220400094985962,2.2209999561309814,4969,0.0,0.0
2024-10-21 10:03:00-04:00,2.279900074005127,2.279900074005127,2.279900074005127,2.279900074005127,1900,0.0,0.0
2024-10-21 10:04:00-04:00,2.279900074005127,2.279900074005127,2.279900074005127,2.279900074005127,0,0.0,0.0
2024-10-21 10:07:00-04:00,2.2774999141693115,2.2774999141693115,2.2774999141693115,2.2774999141693115,1000,0.0,0.0
2024-10-21 10:10:00-04:00,2.25,2.2799999713897705,2.25,2.2799999713897705,3436,0.0,0.0
2024-10-21 10:11:00-04:00,2.299999952316284,2.4100000858306885,2.299999952316284,2.4100000858306885,9533,0.0,0.0
2024-10-21 10:14:00-04:00,2.372999906539917,2.372999906539917,2.372999906539917,2.372999906539917,600,0.0,0.0
2024-10-21 10:15:00-04:00,2.3499999046325684,2.380000114440918,2.3499999046325684,2.380000114440918,326,0.0,0.0
2024-10-21 10:16:00-04:00,2.299999952316284,2.299999952316284,2.299999952316284,2.299999952316284,35,0.0,0.0
2024-10-21 10:24:00-04:00,2.299999952316284,2.299999952316284,2.299999952316284,2.299999952316284,600,0.0,0.0
2024-10-21 10:26:00-04:00,2.299999952316284,2.300100088119507,2.299999952316284,2.300100088119507,871,0.0,0.0
2024-10-21 10:40:00-04:00,2.3798999786376953,2.3798999786376953,2.3499999046325684,2.3499999046325684,700,0.0,0.0
2024-10-21 10:41:00-04:00,2.3299999237060547,2.3399999141693115,2.3299999237060547,2.3399999141693115,1203,0.0,0.0
2024-10-21 10:42:00-04:00,2.3399999141693115,2.3399999141693115,2.3399999141693115,2.3399999141693115,2970,0.0,0.0
2024-10-21 10:45:00-04:00,2.362299919128418,2.362299919128418,2.362299919128418,2.362299919128418,2008,0.0,0.0
2024-10-21 10:46:00-04:00,2.3299999237060547,2.3299999237060547,2.319999933242798,2.3299999237060547,2013,0.0,0.0
2024-10-21 10:56:00-04:00,2.3271000385284424,2.3271000385284424,2.325700044631958,2.325700044631958,500,0.0,0.0
2024-10-21 10:57:00-04:00,2.319999933242798,2.319999933242798,2.319999933242798,2.319999933242798,3,0.0,0.0
2024-10-21 10:59:00-04:00,2.319999933242798,2.319999933242798,2.319999933242798,2.319999933242798,200,0.0,0.0
2024-10-21 11:00:00-04:00,2.309999942779541,2.309999942779541,2.299999952316284,2.309999942779541,2181,0.0,0.0
2024-10-21 11:06:00-04:00,2.3010001182556152,2.3010001182556152,2.299999952316284,2.3010001182556152,1045,0.0,0.0
2024-10-21 11:13:00-04:00,2.299999952316284,2.299999952316284,2.299999952316284,2.299999952316284,562,0.0,0.0
2024-10-21 11:23:00-04:00,2.2699999809265137,2.2699999809265137,2.2699999809265137,2.2699999809265137,133,0.0,0.0
2024-10-21 11:32:00-04:00,2.2799999713897705,2.2799999713897705,2.2799999713897705,2.2799999713897705,140,0.0,0.0
2024-10-21 11:35:00-04:00,2.2899999618530273,2.2899999618530273,2.257999897003174,2.257999897003174,901,0.0,0.0
2024-10-21 11:41:00-04:00,2.2899999618530273,2.2899999618530273,2.2899999618530273,2.2899999618530273,311,0.0,0.0
2024-10-21 11:46:00-04:00,2.2795000076293945,2.2795000076293945,2.2795000076293945,2.2795000076293945,300,0.0,0.0
2024-10-21 11:47:00-04:00,2.255000114440918,2.279099941253662,2.255000114440918,2.279099941253662,324,0.0,0.0
2024-10-21 11:48:00-04:00,2.2899999618530273,2.2899999618530273,2.2899999618530273,2.2899999618530273,603,0.0,0.0
2024-10-21 11:50:00-04:00,2.259999990463257,2.259999990463257,2.259999990463257,2.259999990463257,1166,0.0,0.0
2024-10-21 12:04:00-04:00,2.2899999618530273,2.2899999618530273,2.2899999618530273,2.2899999618530273,1070,0.0,0.0
2024-10-21 12:05:00-04:00,2.2899999618530273,2.2899999618530273,2.2899999618530273,2.2899999618530273,273,0.0,0.0
2024-10-21 12:12:00-04:00,2.2899999618530273,2.299999952316284,2.2899999618530273,2.299999952316284,2264,0.0,0.0
2024-10-21 12:15:00-04:00,2.309999942779541,2.309999942779541,2.309999942779541,2.309999942779541,304,0.0,0.0
2024-10-21 12:19:00-04:00,2.2999000549316406,2.2999000549316406,2.2999000549316406,2.2999000549316406,2214,0.0,0.0
2024-10-21 12:20:00-04:00,2.315000057220459,2.315000057220459,2.315000057220459,2.315000057220459,917,0.0,0.0
2024-10-21 12:27:00-04:00,2.309999942779541,2.309999942779541,2.309999942779541,2.309999942779541,133,0.0,0.0
2024-10-21 12:35:00-04:00,2.309999942779541,2.309999942779541,2.309999942779541,2.309999942779541,260,0.0,0.0
2024-10-21 12:45:00-04:00,2.329900026321411,2.329900026321411,2.329900026321411,2.329900026321411,200,0.0,0.0
2024-10-21 12:49:00-04:00,2.329900026321411,2.3550000190734863,2.329900026321411,2.3550000190734863,7072,0.0,0.0
2024-10-21 12:50:00-04:00,2.3399999141693115,2.3399999141693115,2.3399999141693115,2.3399999141693115,0,0.0,0.0
2024-10-21 12:56:00-04:00,2.340100049972534,2.340100049972534,2.340100049972534,2.340100049972534,900,0.0,0.0
2024-10-21 12:57:00-04:00,2.340100049972534,2.340100049972534,2.3399999141693115,2.3399999141693115,338,0.0,0.0
2024-10-21 13:03:00-04:00,2.3399999141693115,2.3399999141693115,2.339200019836426,2.339200019836426,506,0.0,0.0
2024-10-21 13:11:00-04:00,2.369800090789795,2.369999885559082,2.369800090789795,2.3698999881744385,2466,0.0,0.0
2024-10-21 13:12:00-04:00,2.309999942779541,2.309999942779541,2.309999942779541,2.309999942779541,56,0.0,0.0
2024-10-21 13:25:00-04:00,2.369999885559082,2.369999885559082,2.369999885559082,2.369999885559082,119,0.0,0.0
2024-10-21 13:35:00-04:00,2.3499999046325684,2.3499999046325684,2.3499999046325684,2.3499999046325684,782,0.0,0.0
2024-10-21 13:50:00-04:00,2.3399999141693115,2.359999895095825,2.3399999141693115,2.359999895095825,1632,0.0,0.0
2024-10-21 13:51:00-04:00,2.359999895095825,2.359999895095825,2.359999895095825,2.359999895095825,3728,0.0,0.0
2024-10-21 14:09:00-04:00,2.3499999046325684,2.3499999046325684,2.3499999046325684,2.3499999046325684,266,0.0,0.0
2024-10-21 14:22:00-04:00,2.359999895095825,2.359999895095825,2.359999895095825,2.359999895095825,213,0.0,0.0
2024-10-21 14:24:00-04:00,2.359999895095825,2.359999895095825,2.359999895095825,2.359999895095825,400,0.0,0.0
2024-10-21 14:27:00-04:00,2.3299999237060547,2.3299999237060547,2.320199966430664,2.320199966430664,1839,0.0,0.0
2024-10-21 14:38:00-04:00,2.3299999237060547,2.3299999237060547,2.3299999237060547,2.3299999237060547,995,0.0,0.0
2024-10-21 14:39:00-04:00,2.3299999237060547,2.3299999237060547,2.3299999237060547,2.3299999237060547,105,0.0,0.0
2024-10-21 14:41:00-04:00,2.311800003051758,2.311800003051758,2.311800003051758,2.311800003051758,1028,0.0,0.0
2024-10-21 14:58:00-04:00,2.349900007247925,2.3798999786376953,2.341399908065796,2.3798999786376953,6237,0.0,0.0
2024-10-21 15:00:00-04:00,2.359999895095825,2.3647000789642334,2.359999895095825,2.3647000789642334,1111,0.0,0.0
2024-10-21 15:04:00-04:00,2.3647000789642334,2.369999885559082,2.3647000789642334,2.369999885559082,3459,0.0,0.0
2024-10-21 15:05:00-04:00,2.369999885559082,2.369999885559082,2.369999885559082,2.369999885559082,500,0.0,0.0
2024-10-21 15:12:00-04:00,2.360100030899048,2.360100030899048,2.360100030899048,2.360100030899048,247,0.0,0.0
2024-10-21 15:13:00-04:00,2.359999895095825,2.359999895095825,2.359999895095825,2.359999895095825,2240,0.0,0.0
2024-10-21 15:22:00-04:00,2.3450000286102295,2.3450000286102295,2.3450000286102295,2.3450000286102295,910,0.0,0.0
2024-10-21 15:24:00-04:00,2.321500062942505,2.321500062942505,2.321500062942505,2.321500062942505,200,0.0,0.0
2024-10-21 15:25:00-04:00,2.380000114440918,2.390000104904175,2.380000114440918,2.390000104904175,2110,0.0,0.0
2024-10-21 15:26:00-04:00,2.4000000953674316,2.4000000953674316,2.3705999851226807,2.3705999851226807,5292,0.0,0.0
2024-10-21 15:27:00-04:00,2.375,2.375,2.3499999046325684,2.3499999046325684,500,0.0,0.0
2024-10-21 15:28:00-04:00,2.3499999046325684,2.3499999046325684,2.3499999046325684,2.3499999046325684,520,0.0,0.0
2024-10-21 15:29:00-04:00,2.3499999046325684,2.3499999046325684,2.3499999046325684,2.3499999046325684,1690,0.0,0.0
2024-10-21 15:30:00-04:00,2.3694000244140625,2.3694000244140625,2.359999895095825,2.359999895095825,6976,0.0,0.0
2024-10-21 15:33:00-04:00,2.3499999046325684,2.3499999046325684,2.3499999046325684,2.3499999046325684,1756,0.0,0.0
2024-10-21 15:48:00-04:00,2.3499999046325684,2.3499999046325684,2.3399999141693115,2.3399999141693115,5404,0.0,0.0
2024-10-21 15:53:00-04:00,2.380000114440918,2.380000114440918,2.380000114440918,2.380000114440918,209,0.0,0.0
2024-10-21 15:54:00-04:00,2.309999942779541,2.309999942779541,2.309999942779541,2.309999942779541,200,0.0,0.0
2024-10-21 15:59:00-04:00,2.380000114440918,2.380000114440918,2.380000114440918,2.380000114440918,2253,0.0,0.0
2024-10-22 09:32:00-04:00,2.319999933242798,2.319999933242798,2.319999933242798,2.319999933242798,1095,0.0,0.0
2024-10-22 09:38:00-04:00,2.3201000690460205,2.3201000690460205,2.3201000690460205,2.3201000690460205,719,0.0,0.0
2024-10-22 09:40:00-04:00,2.319999933242798,2.319999933242798,2.319999933242798,2.319999933242798,403,0.0,0.0
2024-10-22 09:41:00-04:00,2.3201000690460205,2.3201000690460205,2.3201000690460205,2.3201000690460205,988,0.0,0.0
2024-10-22 10:00:00-04:00,2.2699999809265137,2.2699999809265137,2.2699999809265137,2.2699999809265137,209,0.0,0.0
2024-10-22 10:06:00-04:00,2.2600998878479004,2.2600998878479004,2.2600998878479004,2.2600998878479004,3104,0.0,0.0
2024-10-22 10:07:00-04:00,2.2699999809265137,2.2699999809265137,2.2699999809265137,2.2699999809265137,157,0.0,0.0
2024-10-22 10:08:00-04:00,2.299999952316284,2.299999952316284,2.299999952316284,2.299999952316284,217,0.0,0.0
2024-10-22 10:13:00-04:00,2.270699977874756,2.270699977874756,2.270699977874756,2.270699977874756,267,0.0,0.0
2024-10-22 10:31:00-04:00,2.259999990463257,2.259999990463257,2.259999990463257,2.259999990463257,280,0.0,0.0
2024-10-22 10:48:00-04:00,2.259999990463257,2.259999990463257,2.259999990463257,2.259999990463257,637,0.0,0.0
2024-10-22 11:07:00-04:00,2.2699999809265137,2.2699999809265137,2.2699999809265137,2.2699999809265137,2909,0.0,0.0
2024-10-22 11:48:00-04:00,2.2899999618530273,2.2899999618530273,2.2899999618530273,2.2899999618530273,402,0.0,0.0
2024-10-22 11:58:00-04:00,2.280100107192993,2.280100107192993,2.280100107192993,2.280100107192993,1669,0.0,0.0
2024-10-22 12:00:00-04:00,2.280100107192993,2.280100107192993,2.280100107192993,2.280100107192993,200,0.0,0.0
2024-10-22 12:06:00-04:00,2.2799999713897705,2.2960000038146973,2.2799999713897705,2.2799999713897705,1530,0.0,0.0
2024-10-22 12:10:00-04:00,2.2799999713897705,2.2799999713897705,2.2799999713897705,2.2799999713897705,100,0.0,0.0
2024-10-22 12:11:00-04:00,2.299999952316284,2.3459999561309814,2.299999952316284,2.3459999561309814,4626,0.0,0.0
2024-10-22 12:12:00-04:00,2.3378000259399414,2.3378000259399414,2.3378000259399414,2.3378000259399414,1770,0.0,0.0
2024-10-22 12:14:00-04:00,2.2899999618530273,2.2899999618530273,2.2899999618530273,2.2899999618530273,0,0.0,0.0
2024-10-22 12:59:00-04:00,2.300100088119507,2.300100088119507,2.300100088119507,2.300100088119507,400,0.0,0.0
2024-10-22 13:02:00-04:00,2.299999952316284,2.299999952316284,2.299999952316284,2.299999952316284,300,0.0,0.0
2024-10-22 13:06:00-04:00,2.325000047683716,2.325000047683716,2.325000047683716,2.325000047683716,296,0.0,0.0
2024-10-22 13:13:00-04:00,2.312000036239624,2.312000036239624,2.312000036239624,2.312000036239624,439,0.0,0.0
2024-10-22 13:20:00-04:00,2.309999942779541,2.309999942779541,2.309999942779541,2.309999942779541,116,0.0,0.0
2024-10-22 13:45:00-04:00,2.309999942779541,2.309999942779541,2.309999942779541,2.309999942779541,385,0.0,0.0
2024-10-22 14:08:00-04:00,2.309999942779541,2.309999942779541,2.309999942779541,2.309999942779541,213,0.0,0.0
2024-10-22 14:31:00-04:00,2.309999942779541,2.314199924468994,2.309999942779541,2.314199924468994,295,0.0,0.0
2024-10-22 14:33:00-04:00,2.312000036239624,2.317199945449829,2.3101000785827637,2.317199945449829,535,0.0,0.0
2024-10-22 14:43:00-04:00,2.3299999237060547,2.3980000019073486,2.3299999237060547,2.3980000019073486,7907,0.0,0.0
2024-10-22 14:46:00-04:00,2.390000104904175,2.390000104904175,2.390000104904175,2.390000104904175,2506,0.0,0.0
2024-10-22 14:52:00-04:00,2.3499999046325684,2.3499999046325684,2.3499999046325684,2.3499999046325684,556,0.0,0.0
2024-10-22 15:01:00-04:00,2.3499999046325684,2.3540000915527344,2.3499999046325684,2.3499999046325684,2039,0.0,0.0
2024-10-22 15:06:00-04:00,2.359999895095825,2.362799882888794,2.359999895095825,2.359999895095825,1908,0.0,0.0
2024-10-22 15:11:00-04:00,2.360100030899048,2.360100030899048,2.360100030899048,2.360100030899048,272,0.0,0.0
2024-10-22 15:18:00-04:00,2.359999895095825,2.359999895095825,2.359999895095825,2.359999895095825,837,0.0,0.0
2024-10-22 15:25:00-04:00,2.359999895095825,2.359999895095825,2.359999895095825,2.359999895095825,602,0.0,0.0
2024-10-22 15:28:00-04:00,2.3499999046325684,2.3499999046325684,2.3499999046325684,2.3499999046325684,200,0.0,0.0
2024-10-22 15:33:00-04:00,2.350100040435791,2.350100040435791,2.350100040435791,2.350100040435791,6262,0.0,0.0
2024-10-22 15:41:00-04:00,2.3499999046325684,2.3499999046325684,2.3499999046325684,2.3499999046325684,0,0.0,0.0
2024-10-22 15:42:00-04:00,2.299999952316284,2.299999952316284,2.299999952316284,2.299999952316284,275,0.0,0.0
2024-10-22 15:50:00-04:00,2.299999952316284,2.299999952316284,2.299999952316284,2.299999952316284,200,0.0,0.0
2024-10-22 15:52:00-04:00,2.3499999046325684,2.359999895095825,2.3499999046325684,2.359999895095825,1260,0.0,0.0
2024-10-22 15:55:00-04:00,2.319999933242798,2.319999933242798,2.319999933242798,2.319999933242798,200,0.0,0.0
2024-10-22 15:57:00-04:00,2.3299999237060547,2.3299999237060547,2.319999933242798,2.319999933242798,600,0.0,0.0
2024-10-22 15:59:00-04:00,2.365000009536743,2.380000114440918,2.3499999046325684,2.3499999046325684,1420,0.0,0.0
2024-10-23 09:39:00-04:00,2.4260001182556152,2.4260001182556152,2.4260001182556152,2.4260001182556152,5293,0.0,0.0
2024-10-23 09:44:00-04:00,2.4000000953674316,2.4000000953674316,2.4000000953674316,2.4000000953674316,1450,0.0,0.0
2024-10-23 09:47:00-04:00,2.3499999046325684,2.3499999046325684,2.3499999046325684,2.3499999046325684,889,0.0,0.0
2024-10-23 09:55:00-04:00,2.3399999141693115,2.3399999141693115,2.3399999141693115,2.3399999141693115,375,0.0,0.0
2024-10-23 10:01:00-04:00,2.3299999237060547,2.3299999237060547,2.3299999237060547,2.3299999237060547,446,0.0,0.0
2024-10-23 10:11:00-04:00,2.3201000690460205,2.3201000690460205,2.299999952316284,2.299999952316284,1392,0.0,0.0
2024-10-23 10:18:00-04:00,2.315500020980835,2.315500020980835,2.315500020980835,2.315500020980835,2485,0.0,0.0
2024-10-23 10:38:00-04:00,2.309999942779541,2.309999942779541,2.309999942779541,2.309999942779541,212,0.0,0.0
2024-10-23 10:45:00-04:00,2.299999952316284,2.299999952316284,2.299999952316284,2.299999952316284,416,0.0,0.0
2024-10-23 10:50:00-04:00,2.305000066757202,2.305000066757202,2.305000066757202,2.305000066757202,986,0.0,0.0
2024-10-23 10:52:00-04:00,2.2750000953674316,2.2750000953674316,2.2750000953674316,2.2750000953674316,1739,0.0,0.0
2024-10-23 10:54:00-04:00,2.319999933242798,2.319999933242798,2.319999933242798,2.319999933242798,3525,0.0,0.0
2024-10-23 11:01:00-04:00,2.2711000442504883,2.2711000442504883,2.2711000442504883,2.2711000442504883,351,0.0,0.0
2024-10-23 11:03:00-04:00,2.299999952316284,2.299999952316284,2.299999952316284,2.299999952316284,1392,0.0,0.0
2024-10-23 11:04:00-04:00,2.309999942779541,2.309999942779541,2.29010009765625,2.309999942779541,4314,0.0,0.0
2024-10-23 11:11:00-04:00,2.299999952316284,2.299999952316284,2.299999952316284,2.299999952316284,447,0.0,0.0
2024-10-23 11:12:00-04:00,2.2985000610351562,2.2985000610351562,2.2985000610351562,2.2985000610351562,402,0.0,0.0
2024-10-23 11:14:00-04:00,2.309799909591675,2.3099000453948975,2.309799909591675,2.3099000453948975,7361,0.0,0.0
2024-10-23 11:41:00-04:00,2.315000057220459,2.319999933242798,2.315000057220459,2.319999933242798,7205,0.0,0.0
2024-10-23 11:42:00-04:00,2.319999933242798,2.3399999141693115,2.319999933242798,2.319999933242798,8861,0.0,0.0
2024-10-23 11:43:00-04:00,2.309999942779541,2.309999942779541,2.309999942779541,2.309999942779541,5064,0.0,0.0
2024-10-23 11:46:00-04:00,2.319999933242798,2.319999933242798,2.319999933242798,2.319999933242798,0,0.0,0.0
2024-10-23 12:38:00-04:00,2.299999952316284,2.299999952316284,2.299999952316284,2.299999952316284,406,0.0,0.0
2024-10-23 12:43:00-04:00,2.299999952316284,2.299999952316284,2.299999952316284,2.299999952316284,1152,0.0,0.0
2024-10-23 12:58:00-04:00,2.312000036239624,2.312000036239624,2.312000036239624,2.312000036239624,912,0.0,0.0
2024-10-23 13:04:00-04:00,2.3192999362945557,2.319999933242798,2.3192999362945557,2.319999933242798,2618,0.0,0.0
2024-10-23 13:05:00-04:00,2.3399999141693115,2.3399999141693115,2.3399999141693115,2.3399999141693115,9797,0.0,0.0
2024-10-23 13:13:00-04:00,2.3234000205993652,2.3299999237060547,2.3234000205993652,2.3299999237060547,5204,0.0,0.0
2024-10-23 13:18:00-04:00,2.328000068664551,2.328399896621704,2.328000068664551,2.328399896621704,1500,0.0,0.0
2024-10-23 13:19:00-04:00,2.324199914932251,2.324199914932251,2.299999952316284,2.324199914932251,1074,0.0,0.0
2024-10-23 13:35:00-04:00,2.309999942779541,2.309999942779541,2.309999942779541,2.309999942779541,5934,0.0,0.0
2024-10-23 13:45:00-04:00,2.309999942779541,2.309999942779541,2.309999942779541,2.309999942779541,1610,0.0,0.0
2024-10-23 14:00:00-04:00,2.3299999237060547,2.3299999237060547,2.3299999237060547,2.3299999237060547,761,0.0,0.0
2024-10-23 14:53:00-04:00,2.322000026702881,2.322000026702881,2.322000026702881,2.322000026702881,1100,0.0,0.0
2024-10-23 14:54:00-04:00,2.3201000690460205,2.3201000690460205,2.3201000690460205,2.3201000690460205,4672,0.0,0.0
2024-10-23 14:55:00-04:00,2.3299999237060547,2.3299999237060547,2.3289999961853027,2.3289999961853027,3135,0.0,0.0
2024-10-23 15:01:00-04:00,2.325000047683716,2.3299999237060547,2.325000047683716,2.3299999237060547,4575,0.0,0.0
2024-10-23 15:02:00-04:00,2.369999885559082,2.369999885559082,2.3399999141693115,2.3399999141693115,13493,0.0,0.0
2024-10-23 15:03:00-04:00,2.359999895095825,2.359999895095825,2.359999895095825,2.359999895095825,1100,0.0,0.0
2024-10-23 15:04:00-04:00,2.359999895095825,2.359999895095825,2.359999895095825,2.359999895095825,2821,0.0,0.0
2024-10-23 15:12:00-04:00,2.3299999237060547,2.3399999141693115,2.3299999237060547,2.3299999237060547,10794,0.0,0.0
2024-10-23 15:16:00-04:00,2.3399999141693115,2.343600034713745,2.3399999141693115,2.3434998989105225,600,0.0,0.0
2024-10-23 15:17:00-04:00,2.3350000381469727,2.3350000381469727,2.3350000381469727,2.3350000381469727,100,0.0,0.0
2024-10-23 15:23:00-04:00,2.3350000381469727,2.3399999141693115,2.3350000381469727,2.3399999141693115,1040,0.0,0.0
2024-10-23 15:24:00-04:00,2.3399999141693115,2.3399999141693115,2.3399999141693115,2.3399999141693115,1698,0.0,0.0
2024-10-23 15:31:00-04:00,2.3499999046325684,2.3499999046325684,2.3499999046325684,2.3499999046325684,832,0.0,0.0
2024-10-23 15:39:00-04:00,2.3450000286102295,2.3450000286102295,2.3450000286102295,2.3450000286102295,3844,0.0,0.0
2024-10-23 15:40:00-04:00,2.3450000286102295,2.3450000286102295,2.3450000286102295,2.3450000286102295,3918,0.0,0.0
2024-10-23 15:41:00-04:00,2.3499999046325684,2.3499999046325684,2.3499999046325684,2.3499999046325684,1200,0.0,0.0
2024-10-23 15:42:00-04:00,2.3499999046325684,2.3499999046325684,2.340100049972534,2.3499999046325684,3801,0.0,0.0
2024-10-23 15:43:00-04:00,2.3499999046325684,2.3499999046325684,2.3499999046325684,2.3499999046325684,1593,0.0,0.0
2024-10-23 15:44:00-04:00,2.3450000286102295,2.3450000286102295,2.340100049972534,2.340100049972534,1774,0.0,0.0
2024-10-23 15:48:00-04:00,2.3450000286102295,2.3450000286102295,2.3450000286102295,2.3450000286102295,240,0.0,0.0
2024-10-23 15:51:00-04:00,2.3399999141693115,2.3399999141693115,2.3299999237060547,2.3299999237060547,1400,0.0,0.0
2024-10-23 15:52:00-04:00,2.319999933242798,2.319999933242798,2.319999933242798,2.319999933242798,560,0.0,0.0
2024-10-23 15:54:00-04:00,2.299999952316284,2.309999942779541,2.299999952316284,2.309999942779541,719,0.0,0.0
2024-10-23 15:55:00-04:00,2.299999952316284,2.309999942779541,2.299999952316284,2.309999942779541,176,0.0,0.0
2024-10-23 15:58:00-04:00,2.2899999618530273,2.2899999618530273,2.2899999618530273,2.2899999618530273,138,0.0,0.0
2024-10-23 15:59:00-04:00,2.2899999618530273,2.2899999618530273,2.2799999713897705,2.2829999923706055,1269,0.0,0.0
2024-10-24 09:46:00-04:00,2.299999952316284,2.299999952316284,2.2909998893737793,2.2909998893737793,8370,0.0,0.0
2024-10-24 09:47:00-04:00,2.339900016784668,2.339900016784668,2.339900016784668,2.339900016784668,1927,0.0,0.0
2024-10-24 09:51:00-04:00,2.3299999237060547,2.339900016784668,2.309999942779541,2.309999942779541,745,0.0,0.0
2024-10-24 10:18:00-04:00,2.2939999103546143,2.2939999103546143,2.2939999103546143,2.2939999103546143,200,0.0,0.0
2024-10-24 10:22:00-04:00,2.31469988822937,2.31469988822937,2.31469988822937,2.31469988822937,4122,0.0,0.0
2024-10-24 10:36:00-04:00,2.319999933242798,2.339900016784668,2.319999933242798,2.3397998809814453,4100,0.0,0.0
2024-10-24 10:38:00-04:00,2.3371999263763428,2.3371999263763428,2.3371999263763428,2.3371999263763428,0,0.0,0.0
2024-10-24 10:40:00-04:00,2.3389999866485596,2.3389999866485596,2.3389999866485596,2.3389999866485596,1254,0.0,0.0
2024-10-24 10:59:00-04:00,2.299999952316284,2.299999952316284,2.299999952316284,2.299999952316284,101,0.0,0.0
2024-10-24 11:16:00-04:00,2.319999933242798,2.319999933242798,2.319999933242798,2.319999933242798,200,0.0,0.0
2024-10-24 11:17:00-04:00,2.3336000442504883,2.3399999141693115,2.3336000442504883,2.3399999141693115,3570,0.0,0.0
2024-10-24 11:19:00-04:00,2.3399999141693115,2.3399999141693115,2.3399999141693115,2.3399999141693115,627,0.0,0.0
2024-10-24 11:33:00-04:00,2.3499999046325684,2.3499999046325684,2.3499999046325684,2.3499999046325684,184,0.0,0.0
2024-10-24 11:34:00-04:00,2.3499999046325684,2.3499999046325684,2.3499999046325684,2.3499999046325684,155,0.0,0.0
2024-10-24 11:36:00-04:00,2.380000114440918,2.380000114440918,2.380000114440918,2.380000114440918,3490,0.0,0.0
2024-10-24 11:39:00-04:00,2.399899959564209,2.399899959564209,2.399899959564209,2.399899959564209,1400,0.0,0.0
2024-10-24 11:43:00-04:00,2.3959999084472656,2.3959999084472656,2.3959999084472656,2.3959999084472656,0,0.0,0.0
2024-10-24 11:46:00-04:00,2.3886001110076904,2.3886001110076904,2.3886001110076904,2.3886001110076904,4137,0.0,0.0
2024-10-24 11:50:00-04:00,2.3499999046325684,2.3499999046325684,2.3499999046325684,2.3499999046325684,228,0.0,0.0
2024-10-24 11:53:00-04:00,2.380000114440918,2.390000104904175,2.3780999183654785,2.390000104904175,13679,0.0,0.0
2024-10-24 11:55:00-04:00,2.4047999382019043,2.4200000762939453,2.4047999382019043,2.4200000762939453,12409,0.0,0.0
2024-10-24 11:57:00-04:00,2.449899911880493,2.449899911880493,2.440000057220459,2.440000057220459,1720,0.0,0.0
2024-10-24 12:00:00-04:00,2.4398999214172363,2.4398999214172363,2.4398999214172363,2.4398999214172363,203,0.0,0.0
2024-10-24 12:05:00-04:00,2.438999891281128,2.440000057220459,2.438999891281128,2.440000057220459,2352,0.0,0.0
2024-10-24 12:06:00-04:00,2.450000047683716,2.469899892807007,2.430000066757202,2.461199998855591,11335,0.0,0.0
2024-10-24 12:07:00-04:00,2.4477999210357666,2.4755001068115234,2.4477999210357666,2.4600000381469727,6886,0.0,0.0
2024-10-24 12:08:00-04:00,2.479099988937378,2.479099988937378,2.479099988937378,2.479099988937378,237,0.0,0.0
2024-10-24 12:09:00-04:00,2.4800000190734863,2.4800000190734863,2.4800000190734863,2.4800000190734863,401,0.0,0.0
2024-10-24 12:10:00-04:00,2.5,2.5299999713897705,2.498300075531006,2.515000104904175,13681,0.0,0.0
2024-10-24 12:11:00-04:00,2.5,2.515000104904175,2.450000047683716,2.450000047683716,4294,0.0,0.0
2024-10-24 12:12:00-04:00,2.490000009536743,2.505000114440918,2.4300999641418457,2.4300999641418457,3293,0.0,0.0
2024-10-24 12:15:00-04:00,2.4100000858306885,2.4100000858306885,2.4100000858306885,2.4100000858306885,1081,0.0,0.0
2024-10-24 12:16:00-04:00,2.410099983215332,2.410099983215332,2.410099983215332,2.410099983215332,587,0.0,0.0
2024-10-24 12:17:00-04:00,2.4210000038146973,2.4210000038146973,2.4200000762939453,2.4200000762939453,1011,0.0,0.0
2024-10-24 12:18:00-04:00,2.4549999237060547,2.4549999237060547,2.4100000858306885,2.410099983215332,11728,0.0,0.0
2024-10-24 12:20:00-04:00,2.430000066757202,2.430000066757202,2.430000066757202,2.430000066757202,172,0.0,0.0
2024-10-24 12:21:00-04:00,2.490000009536743,2.490000009536743,2.490000009536743,2.490000009536743,282,0.0,0.0
2024-10-24 12:22:00-04:00,2.4800000190734863,2.4899001121520996,2.4800000190734863,2.4899001121520996,3615,0.0,0.0
2024-10-24 12:23:00-04:00,2.4200000762939453,2.4200000762939453,2.4200000762939453,2.4200000762939453,1516,0.0,0.0
2024-10-24 12:24:00-04:00,2.4914000034332275,2.4914000034332275,2.490000009536743,2.490000009536743,344,0.0,0.0
2024-10-24 12:25:00-04:00,2.487299919128418,2.487299919128418,2.4800000190734863,2.4800000190734863,1995,0.0,0.0
2024-10-24 12:26:00-04:00,2.4800000190734863,2.4800000190734863,2.4800000190734863,2.4800000190734863,1135,0.0,0.0
2024-10-24 12:27:00-04:00,2.4749999046325684,2.4839999675750732,2.4749999046325684,2.4839999675750732,250,0.0,0.0
2024-10-24 12:28:00-04:00,2.48799991607666,2.490000009536743,2.48580002784729,2.490000009536743,950,0.0,0.0
2024-10-24 12:29:00-04:00,2.4600000381469727,2.4700000286102295,2.4100000858306885,2.4660000801086426,4989,0.0,0.0
2024-10-24 12:37:00-04:00,2.449199914932251,2.449199914932251,2.425600051879883,2.425600051879883,1521,0.0,0.0
2024-10-24 12:39:00-04:00,2.430000066757202,2.430000066757202,2.430000066757202,2.430000066757202,200,0.0,0.0
2024-10-24 12:40:00-04:00,2.449700117111206,2.449700117111206,2.449700117111206,2.449700117111206,901,0.0,0.0
2024-10-24 12:41:00-04:00,2.450000047683716,2.450000047683716,2.450000047683716,2.450000047683716,553,0.0,0.0
2024-10-24 12:45:00-04:00,2.469899892807007,2.469899892807007,2.444999933242798,2.444999933242798,362,0.0,0.0
2024-10-24 12:49:00-04:00,2.4200000762939453,2.4200000762939453,2.4200000762939453,2.4200000762939453,246,0.0,0.0
2024-10-24 12:51:00-04:00,2.4598000049591064,2.4598000049591064,2.440000057220459,2.440000057220459,215,0.0,0.0
2024-10-24 12:53:00-04:00,2.45989990234375,2.4749999046325684,2.450000047683716,2.4518001079559326,14880,0.0,0.0
2024-10-24 12:56:00-04:00,2.490000009536743,2.5,2.4674999713897705,2.484999895095825,6116,0.0,0.0
2024-10-24 12:57:00-04:00,2.5,2.5,2.5,2.5,2155,0.0,0.0
2024-10-24 12:58:00-04:00,2.503999948501587,2.5099000930786133,2.5004000663757324,2.5099000930786133,1096,0.0,0.0
2024-10-24 12:59:00-04:00,2.505000114440918,2.505000114440918,2.505000114440918,2.505000114440918,400,0.0,0.0
2024-10-24 13:01:00-04:00,2.4700000286102295,2.4700000286102295,2.4700000286102295,2.4700000286102295,1347,0.0,0.0
2024-10-24 13:03:00-04:00,2.4999001026153564,2.4999001026153564,2.4999001026153564,2.4999001026153564,163,0.0,0.0
2024-10-24 13:04:00-04:00,2.5,2.5,2.5,2.5,1527,0.0,0.0
2024-10-24 13:07:00-04:00,2.497999906539917,2.5,2.4649999141693115,2.4649999141693115,2949,0.0,0.0
2024-10-24 13:15:00-04:00,2.5099000930786133,2.5199999809265137,2.5099000930786133,2.5199999809265137,2919,0.0,0.0
2024-10-24 13:16:00-04:00,2.575000047683716,2.6500000953674316,2.5546998977661133,2.640000104904175,26074,0.0,0.0
2024-10-24 13:17:00-04:00,2.640000104904175,2.640000104904175,2.5739998817443848,2.5739998817443848,1904,0.0,0.0
2024-10-24 13:18:00-04:00,2.609999895095825,2.610100030899048,2.569999933242798,2.5701000690460205,7773,0.0,0.0
2024-10-24 13:19:00-04:00,2.569999933242798,2.569999933242798,2.569999933242798,2.569999933242798,1323,0.0,0.0
2024-10-24 13:20:00-04:00,2.569999933242798,2.569999933242798,2.541800022125244,2.541800022125244,12428,0.0,0.0
2024-10-24 13:22:00-04:00,2.551300048828125,2.6198999881744385,2.551300048828125,2.6198999881744385,2347,0.0,0.0
2024-10-24 13:23:00-04:00,2.6059999465942383,2.6059999465942383,2.5511999130249023,2.5511999130249023,985,0.0,0.0
2024-10-24 13:25:00-04:00,2.561300039291382,2.561300039291382,2.561300039291382,2.561300039291382,1625,0.0,0.0
2024-10-24 13:26:00-04:00,2.569999933242798,2.599900007247925,2.569999933242798,2.599900007247925,995,0.0,0.0
2024-10-24 13:27:00-04:00,2.5999999046325684,2.5999999046325684,2.5999999046325684,2.5999999046325684,2246,0.0,0.0
2024-10-24 13:28:00-04:00,2.5992000102996826,2.599900007247925,2.5799999237060547,2.5899999141693115,1469,0.0,0.0
2024-10-24 13:29:00-04:00,2.5810000896453857,2.5980000495910645,2.5810000896453857,2.5910000801086426,1838,0.0,0.0
2024-10-24 13:30:00-04:00,2.575000047683716,2.599900007247925,2.575000047683716,2.599900007247925,3033,0.0,0.0
2024-10-24 13:31:00-04:00,2.599900007247925,2.599900007247925,2.599900007247925,2.599900007247925,391,0.0,0.0
2024-10-24 13:32:00-04:00,2.5999999046325684,2.5999999046325684,2.549999952316284,2.550100088119507,3035,0.0,0.0
2024-10-24 13:33:00-04:00,2.5529000759124756,2.5529000759124756,2.5529000759124756,2.5529000759124756,900,0.0,0.0
2024-10-24 13:34:00-04:00,2.551300048828125,2.551300048828125,2.551300048828125,2.551300048828125,1582,0.0,0.0
2024-10-24 13:35:00-04:00,2.5899999141693115,2.5899999141693115,2.5899999141693115,2.5899999141693115,227,0.0,0.0
2024-10-24 13:36:00-04:00,2.5922999382019043,2.5922999382019043,2.5922999382019043,2.5922999382019043,1031,0.0,0.0
2024-10-24 13:37:00-04:00,2.549999952316284,2.549999952316284,2.549999952316284,2.549999952316284,300,0.0,0.0
2024-10-24 13:42:00-04:00,2.569999933242798,2.569999933242798,2.569999933242798,2.569999933242798,2657,0.0,0.0
2024-10-24 13:51:00-04:00,2.575000047683716,2.5899999141693115,2.563999891281128,2.563999891281128,2256,0.0,0.0
2024-10-24 13:53:00-04:00,2.5897998809814453,2.5897998809814453,2.5897998809814453,2.5897998809814453,500,0.0,0.0
2024-10-24 14:01:00-04:00,2.581399917602539,2.581399917602539,2.581399917602539,2.581399917602539,1010,0.0,0.0
2024-10-24 14:02:00-04:00,2.5896999835968018,2.5896999835968018,2.5896999835968018,2.5896999835968018,1126,0.0,0.0
2024-10-24 14:05:00-04:00,2.569999933242798,2.569999933242798,2.569999933242798,2.569999933242798,1120,0.0,0.0
2024-10-24 14:08:00-04:00,2.5999999046325684,2.6198999881744385,2.5999999046325684,2.6198999881744385,2656,0.0,0.0
2024-10-24 14:09:00-04:00,2.619999885559082,2.655600070953369,2.619999885559082,2.655600070953369,3448,0.0,0.0
2024-10-24 14:10:00-04:00,2.659899950027466,2.659899950027466,2.6500000953674316,2.6500000953674316,651,0.0,0.0
2024-10-24 14:11:00-04:00,2.6480000019073486,2.6480000019073486,2.6480000019073486,2.6480000019073486,1694,0.0,0.0
2024-10-24 14:13:00-04:00,2.609999895095825,2.630000114440918,2.609999895095825,2.630000114440918,1713,0.0,0.0
2024-10-24 14:15:00-04:00,2.640000104904175,2.75,2.640000104904175,2.75,20398,0.0,0.0
2024-10-24 14:16:00-04:00,2.6600000858306885,2.700000047683716,2.6600000858306885,2.700000047683716,1566,0.0,0.0
2024-10-24 14:17:00-04:00,2.697499990463257,2.697499990463257,2.6912999153137207,2.6912999153137207,3379,0.0,0.0
2024-10-24 14:19:00-04:00,2.690000057220459,2.690000057220459,2.650700092315674,2.6631999015808105,3507,0.0,0.0
2024-10-24 14:20:00-04:00,2.6600000858306885,2.6600000858306885,2.6600000858306885,2.6600000858306885,0,0.0,0.0
2024-10-24 14:21:00-04:00,2.660599946975708,2.660599946975708,2.660599946975708,2.660599946975708,1561,0.0,0.0
2024-10-24 14:22:00-04:00,2.6698999404907227,2.6698999404907227,2.6698999404907227,2.6698999404907227,1025,0.0,0.0
2024-10-24 14:23:00-04:00,2.700000047683716,2.700000047683716,2.6600000858306885,2.6600000858306885,1599,0.0,0.0
2024-10-24 14:25:00-04:00,2.6700000762939453,2.6760001182556152,2.559999942779541,2.559999942779541,11171,0.0,0.0
2024-10-24 14:26:00-04:00,2.6054000854492188,2.6054000854492188,2.6054000854492188,2.6054000854492188,755,0.0,0.0
2024-10-24 14:27:00-04:00,2.609999895095825,2.609999895095825,2.609999895095825,2.609999895095825,359,0.0,0.0
2024-10-24 14:29:00-04:00,2.6500000953674316,2.689199924468994,2.6500000953674316,2.689199924468994,360,0.0,0.0
2024-10-24 14:30:00-04:00,2.609999895095825,2.609999895095825,2.609999895095825,2.609999895095825,527,0.0,0.0
2024-10-24 14:31:00-04:00,2.6106998920440674,2.6106998920440674,2.6106998920440674,2.6106998920440674,211,0.0,0.0
2024-10-24 14:34:00-04:00,2.680000066757202,2.680000066757202,2.628999948501587,2.628999948501587,175,0.0,0.0
2024-10-24 14:35:00-04:00,2.6500000953674316,2.679800033569336,2.6500000953674316,2.679800033569336,1000,0.0,0.0
2024-10-24 14:36:00-04:00,2.621999979019165,2.621999979019165,2.621999979019165,2.621999979019165,381,0.0,0.0
2024-10-24 14:40:00-04:00,2.619999885559082,2.619999885559082,2.619999885559082,2.619999885559082,550,0.0,0.0
2024-10-24 14:42:00-04:00,2.6500000953674316,2.6500000953674316,2.6500000953674316,2.6500000953674316,1043,0.0,0.0
2024-10-24 14:43:00-04:00,2.630000114440918,2.630000114440918,2.627000093460083,2.627000093460083,596,0.0,0.0
2024-10-24 14:44:00-04:00,2.6278998851776123,2.6278998851776123,2.6278998851776123,2.6278998851776123,52,0.0,0.0
2024-10-24 14:45:00-04:00,2.619999885559082,2.619999885559082,2.619999885559082,2.619999885559082,773,0.0,0.0
2024-10-24 14:48:00-04:00,2.6010000705718994,2.6010000705718994,2.6010000705718994,2.6010000705718994,2630,0.0,0.0
2024-10-24 14:59:00-04:00,2.5501999855041504,2.5501999855041504,2.549999952316284,2.549999952316284,3006,0.0,0.0
2024-10-24 15:01:00-04:00,2.5799999237060547,2.5799999237060547,2.5799999237060547,2.5799999237060547,128,0.0,0.0
2024-10-24 15:02:00-04:00,2.562000036239624,2.5999999046325684,2.562000036239624,2.599900007247925,7037,0.0,0.0
2024-10-24 15:05:00-04:00,2.5799999237060547,2.5799999237060547,2.5799999237060547,2.5799999237060547,293,0.0,0.0
2024-10-24 15:07:00-04:00,2.5799999237060547,2.5799999237060547,2.5799999237060547,2.5799999237060547,203,0.0,0.0
2024-10-24 15:08:00-04:00,2.559999942779541,2.5799999237060547,2.559999942779541,2.5799999237060547,412,0.0,0.0
2024-10-24 15:09:00-04:00,2.561000108718872,2.561000108718872,2.549999952316284,2.549999952316284,954,0.0,0.0
2024-10-24 15:13:00-04:00,2.5501999855041504,2.5501999855041504,2.549999952316284,2.549999952316284,5314,0.0,0.0
2024-10-24 15:19:00-04:00,2.5799999237060547,2.5820000171661377,2.5799999237060547,2.5820000171661377,4900,0.0,0.0
2024-10-24 15:20:00-04:00,2.5820000171661377,2.599900007247925,2.5820000171661377,2.5980000495910645,6025,0.0,0.0
2024-10-24 15:21:00-04:00,2.5999999046325684,2.5999999046325684,2.5999999046325684,2.5999999046325684,334,0.0,0.0
2024-10-24 15:25:00-04:00,2.5799999237060547,2.5975000858306885,2.5799999237060547,2.5975000858306885,2785,0.0,0.0
2024-10-24 15:29:00-04:00,2.5975000858306885,2.5975000858306885,2.5899999141693115,2.5899999141693115,900,0.0,0.0
2024-10-24 15:30:00-04:00,2.5896999835968018,2.5896999835968018,2.559999942779541,2.559999942779541,221,0.0,0.0
2024-10-24 15:31:00-04:00,2.5399999618530273,2.5399999618530273,2.5399999618530273,2.5399999618530273,321,0.0,0.0
2024-10-24 15:34:00-04:00,2.549999952316284,2.549999952316284,2.54010009765625,2.54010009765625,1536,0.0,0.0
2024-10-24 15:35:00-04:00,2.5420000553131104,2.565000057220459,2.5420000553131104,2.549999952316284,3534,0.0,0.0
2024-10-24 15:36:00-04:00,2.552799940109253,2.552799940109253,2.552799940109253,2.552799940109253,510,0.0,0.0
2024-10-24 15:37:00-04:00,2.5799999237060547,2.5799999237060547,2.569999933242798,2.569999933242798,1600,0.0,0.0
2024-10-24 15:41:00-04:00,2.5601000785827637,2.5601000785827637,2.5601000785827637,2.5601000785827637,4703,0.0,0.0
2024-10-24 15:43:00-04:00,2.563999891281128,2.563999891281128,2.563999891281128,2.563999891281128,1757,0.0,0.0
2024-10-24 15:46:00-04:00,2.559999942779541,2.559999942779541,2.559999942779541,2.559999942779541,200,0.0,0.0
2024-10-24 15:47:00-04:00,2.561000108718872,2.561000108718872,2.561000108718872,2.561000108718872,2100,0.0,0.0
2024-10-24 15:48:00-04:00,2.559999942779541,2.559999942779541,2.559999942779541,2.559999942779541,0,0.0,0.0
2024-10-24 15:51:00-04:00,2.559999942779541,2.559999942779541,2.549999952316284,2.549999952316284,2201,0.0,0.0
2024-10-24 15:52:00-04:00,2.5483999252319336,2.5483999252319336,2.5483999252319336,2.5483999252319336,461,0.0,0.0
2024-10-24 15:53:00-04:00,2.509999990463257,2.509999990463257,2.509999990463257,2.509999990463257,120,0.0,0.0
2024-10-24 15:55:00-04:00,2.5290000438690186,2.5290000438690186,2.5290000438690186,2.5290000438690186,1194,0.0,0.0
2024-10-24 15:57:00-04:00,2.5299999713897705,2.5429999828338623,2.5299999713897705,2.5429999828338623,2700,0.0,0.0
2024-10-24 15:58:00-04:00,2.5299999713897705,2.55649995803833,2.5299999713897705,2.55649995803833,0,0.0,0.0
2024-10-24 15:59:00-04:00,2.5299999713897705,2.5399999618530273,2.5299999713897705,2.5399999618530273,2180,0.0,0.0
2024-10-25 09:30:00-04:00,2.609999895095825,2.609999895095825,2.609999895095825,2.609999895095825,8584,0.0,0.0
2024-10-25 09:33:00-04:00,2.638000011444092,2.638000011444092,2.569999933242798,2.638000011444092,2165,0.0,0.0
2024-10-25 09:34:00-04:00,2.630000114440918,2.6700000762939453,2.630000114440918,2.6700000762939453,896,0.0,0.0
2024-10-25 09:37:00-04:00,2.5601999759674072,2.5601999759674072,2.5601999759674072,2.5601999759674072,1511,0.0,0.0
2024-10-25 09:38:00-04:00,2.5799999237060547,2.625999927520752,2.569999933242798,2.609999895095825,16280,0.0,0.0
2024-10-25 09:39:00-04:00,2.5399999618530273,2.5399999618530273,2.5199999809265137,2.539799928665161,3275,0.0,0.0
2024-10-25 09:40:00-04:00,2.515000104904175,2.539799928665161,2.515000104904175,2.539799928665161,4020,0.0,0.0
2024-10-25 09:44:00-04:00,2.4993999004364014,2.4993999004364014,2.4993999004364014,2.4993999004364014,496,0.0,0.0
2024-10-25 09:45:00-04:00,2.490000009536743,2.490000009536743,2.490000009536743,2.490000009536743,301,0.0,0.0
2024-10-25 09:46:00-04:00,2.4600000381469727,2.4655001163482666,2.450000047683716,2.450000047683716,8515,0.0,0.0
2024-10-25 09:47:00-04:00,2.4000000953674316,2.4000000953674316,2.3989999294281006,2.3989999294281006,5885,0.0,0.0
2024-10-25 09:49:00-04:00,2.458899974822998,2.458899974822998,2.458899974822998,2.458899974822998,2153,0.0,0.0
2024-10-25 09:51:00-04:00,2.477099895477295,2.477099895477295,2.477099895477295,2.477099895477295,489,0.0,0.0
2024-10-25 09:53:00-04:00,2.47979998588562,2.47979998588562,2.4797000885009766,2.4797000885009766,247,0.0,0.0
2024-10-25 09:56:00-04:00,2.4700000286102295,2.4700000286102295,2.4700000286102295,2.4700000286102295,189,0.0,0.0
2024-10-25 10:01:00-04:00,2.4000000953674316,2.4000000953674316,2.4000000953674316,2.4000000953674316,3094,0.0,0.0
2024-10-25 10:02:00-04:00,2.400099992752075,2.400099992752075,2.4000000953674316,2.4000000953674316,3630,0.0,0.0
2024-10-25 10:07:00-04:00,2.4001998901367188,2.4001998901367188,2.369999885559082,2.369999885559082,3452,0.0,0.0
2024-10-25 10:10:00-04:00,2.4700000286102295,2.4700000286102295,2.4700000286102295,2.4700000286102295,200,0.0,0.0
2024-10-25 10:13:00-04:00,2.424999952316284,2.424999952316284,2.4056999683380127,2.4056999683380127,362,0.0,0.0
2024-10-25 10:16:00-04:00,2.430000066757202,2.430000066757202,2.430000066757202,2.430000066757202,853,0.0,0.0
2024-10-25 10:18:00-04:00,2.4598000049591064,2.45989990234375,2.4598000049591064,2.45989990234375,1798,0.0,0.0
2024-10-25 10:19:00-04:00,2.424999952316284,2.424999952316284,2.424999952316284,2.424999952316284,227,0.0,0.0
2024-10-25 10:20:00-04:00,2.4200000762939453,2.449899911880493,2.4200000762939453,2.4498000144958496,4296,0.0,0.0
2024-10-25 10:29:00-04:00,2.450000047683716,2.450000047683716,2.450000047683716,2.450000047683716,148,0.0,0.0
2024-10-25 10:30:00-04:00,2.4100000858306885,2.4100000858306885,2.4100000858306885,2.4100000858306885,216,0.0,0.0
2024-10-25 10:32:00-04:00,2.450000047683716,2.450000047683716,2.450000047683716,2.450000047683716,106,0.0,0.0
2024-10-25 10:35:00-04:00,2.450000047683716,2.450000047683716,2.449899911880493,2.449899911880493,245,0.0,0.0
2024-10-25 10:38:00-04:00,2.410099983215332,2.450000047683716,2.410099983215332,2.450000047683716,329,0.0,0.0
2024-10-25 10:39:00-04:00,2.430000066757202,2.430000066757202,2.430000066757202,2.430000066757202,692,0.0,0.0
2024-10-25 10:42:00-04:00,2.4200000762939453,2.4200000762939453,2.4200000762939453,2.4200000762939453,412,0.0,0.0
2024-10-25 10:44:00-04:00,2.390000104904175,2.390000104904175,2.390000104904175,2.390000104904175,162,0.0,0.0
2024-10-25 10:52:00-04:00,2.4200000762939453,2.4200000762939453,2.4200000762939453,2.4200000762939453,200,0.0,0.0
2024-10-25 10:56:00-04:00,2.4200000762939453,2.450000047683716,2.4200000762939453,2.450000047683716,1085,0.0,0.0
2024-10-25 10:59:00-04:00,2.450000047683716,2.450000047683716,2.450000047683716,2.450000047683716,125,0.0,0.0
2024-10-25 11:03:00-04:00,2.450000047683716,2.450000047683716,2.450000047683716,2.450000047683716,308,0.0,0.0
2024-10-25 11:07:00-04:00,2.450000047683716,2.450000047683716,2.450000047683716,2.450000047683716,200,0.0,0.0
2024-10-25 11:10:00-04:00,2.437000036239624,2.437000036239624,2.430000066757202,2.430000066757202,1017,0.0,0.0
2024-10-25 11:41:00-04:00,2.450000047683716,2.450000047683716,2.450000047683716,2.450000047683716,7087,0.0,0.0
2024-10-25 11:45:00-04:00,2.450000047683716,2.450000047683716,2.450000047683716,2.450000047683716,203,0.0,0.0
2024-10-25 11:48:00-04:00,2.449899911880493,2.449899911880493,2.449899911880493,2.449899911880493,137,0.0,0.0
2024-10-25 11:49:00-04:00,2.450000047683716,2.450000047683716,2.450000047683716,2.450000047683716,104,0.0,0.0
2024-10-25 11:54:00-04:00,2.450000047683716,2.450000047683716,2.450000047683716,2.450000047683716,200,0.0,0.0
2024-10-25 11:58:00-04:00,2.450000047683716,2.450000047683716,2.450000047683716,2.450000047683716,308,0.0,0.0
2024-10-25 12:02:00-04:00,2.450000047683716,2.450000047683716,2.450000047683716,2.450000047683716,328,0.0,0.0
2024-10-25 12:03:00-04:00,2.4214999675750732,2.4214999675750732,2.4214999675750732,2.4214999675750732,983,0.0,0.0
2024-10-25 12:05:00-04:00,2.434999942779541,2.434999942779541,2.434999942779541,2.434999942779541,202,0.0,0.0
2024-10-25 12:07:00-04:00,2.450000047683716,2.450000047683716,2.450000047683716,2.450000047683716,200,0.0,0.0
2024-10-25 12:11:00-04:00,2.450000047683716,2.450000047683716,2.450000047683716,2.450000047683716,35,0.0,0.0
2024-10-25 12:13:00-04:00,2.420099973678589,2.420099973678589,2.420099973678589,2.420099973678589,253,0.0,0.0
2024-10-25 12:16:00-04:00,2.450000047683716,2.450000047683716,2.450000047683716,2.450000047683716,101,0.0,0.0
2024-10-25 12:20:00-04:00,2.450000047683716,2.450000047683716,2.450000047683716,2.450000047683716,101,0.0,0.0
2024-10-25 12:25:00-04:00,2.450000047683716,2.450000047683716,2.450000047683716,2.450000047683716,200,0.0,0.0
2024-10-25 12:29:00-04:00,2.450000047683716,2.450000047683716,2.450000047683716,2.450000047683716,100,0.0,0.0
2024-10-25 12:34:00-04:00,2.450000047683716,2.450000047683716,2.450000047683716,2.450000047683716,100,0.0,0.0
2024-10-25 12:36:00-04:00,2.450000047683716,2.450000047683716,2.450000047683716,2.450000047683716,60,0.0,0.0
2024-10-25 12:38:00-04:00,2.450000047683716,2.450000047683716,2.450000047683716,2.450000047683716,200,0.0,0.0
2024-10-25 12:43:00-04:00,2.450000047683716,2.450000047683716,2.450000047683716,2.450000047683716,50,0.0,0.0
2024-10-25 12:44:00-04:00,2.447999954223633,2.447999954223633,2.447999954223633,2.447999954223633,343,0.0,0.0
2024-10-25 12:48:00-04:00,2.450000047683716,2.450000047683716,2.450000047683716,2.450000047683716,603,0.0,0.0
2024-10-25 12:50:00-04:00,2.4600000381469727,2.4600000381469727,2.4600000381469727,2.4600000381469727,5459,0.0,0.0
2024-10-25 12:52:00-04:00,2.4800000190734863,2.4800000190734863,2.4800000190734863,2.4800000190734863,115,0.0,0.0
2024-10-25 12:57:00-04:00,2.4800000190734863,2.4800000190734863,2.430000066757202,2.430000066757202,660,0.0,0.0
2024-10-25 13:02:00-04:00,2.4800000190734863,2.4800000190734863,2.4800000190734863,2.4800000190734863,200,0.0,0.0
2024-10-25 13:06:00-04:00,2.4800000190734863,2.4800000190734863,2.4800000190734863,2.4800000190734863,110,0.0,0.0
2024-10-25 13:11:00-04:00,2.4800000190734863,2.4800000190734863,2.4800000190734863,2.4800000190734863,200,0.0,0.0
2024-10-25 13:14:00-04:00,2.440000057220459,2.440000057220459,2.4302000999450684,2.4302000999450684,537,0.0,0.0
2024-10-25 13:16:00-04:00,2.4800000190734863,2.4800000190734863,2.4800000190734863,2.4800000190734863,217,0.0,0.0
2024-10-25 13:19:00-04:00,2.440000057220459,2.440000057220459,2.4300999641418457,2.4300999641418457,757,0.0,0.0
2024-10-25 13:21:00-04:00,2.4700000286102295,2.4700000286102295,2.4700000286102295,2.4700000286102295,143,0.0,0.0
2024-10-25 13:26:00-04:00,2.4700000286102295,2.4700000286102295,2.4700000286102295,2.4700000286102295,135,0.0,0.0
2024-10-25 13:29:00-04:00,2.4800000190734863,2.4800000190734863,2.4798998832702637,2.4798998832702637,602,0.0,0.0
2024-10-25 13:31:00-04:00,2.4800000190734863,2.4800000190734863,2.4800000190734863,2.4800000190734863,200,0.0,0.0
2024-10-25 13:34:00-04:00,2.4800000190734863,2.4800000190734863,2.4800000190734863,2.4800000190734863,194,0.0,0.0
2024-10-25 13:36:00-04:00,2.4800000190734863,2.4800000190734863,2.4800000190734863,2.4800000190734863,200,0.0,0.0
2024-10-25 13:38:00-04:00,2.4800000190734863,2.4800000190734863,2.4800000190734863,2.4800000190734863,61,0.0,0.0
2024-10-25 13:41:00-04:00,2.490000009536743,2.490000009536743,2.490000009536743,2.490000009536743,111,0.0,0.0
2024-10-25 13:46:00-04:00,2.490000009536743,2.490000009536743,2.490000009536743,2.490000009536743,200,0.0,0.0
2024-10-25 13:49:00-04:00,2.4300999641418457,2.4300999641418457,2.4300999641418457,2.4300999641418457,1924,0.0,0.0
2024-10-25 13:50:00-04:00,2.430000066757202,2.430000066757202,2.4200000762939453,2.430000066757202,1325,0.0,0.0
2024-10-25 13:59:00-04:00,2.485100030899048,2.485100030899048,2.485100030899048,2.485100030899048,301,0.0,0.0
2024-10-25 14:05:00-04:00,2.4800000190734863,2.4800000190734863,2.4800000190734863,2.4800000190734863,140,0.0,0.0
2024-10-25 14:09:00-04:00,2.420099973678589,2.4700000286102295,2.420099973678589,2.4700000286102295,704,0.0,0.0
2024-10-25 14:14:00-04:00,2.4700000286102295,2.4700000286102295,2.4700000286102295,2.4700000286102295,200,0.0,0.0
2024-10-25 14:19:00-04:00,2.4700000286102295,2.4700000286102295,2.4700000286102295,2.4700000286102295,20,0.0,0.0
2024-10-25 14:23:00-04:00,2.4600000381469727,2.4600000381469727,2.4600000381469727,2.4600000381469727,105,0.0,0.0
2024-10-25 14:28:00-04:00,2.4700000286102295,2.4700000286102295,2.4700000286102295,2.4700000286102295,134,0.0,0.0
2024-10-25 14:32:00-04:00,2.4600000381469727,2.4600000381469727,2.4600000381469727,2.4600000381469727,102,0.0,0.0
2024-10-25 14:37:00-04:00,2.4700000286102295,2.4700000286102295,2.4700000286102295,2.4700000286102295,101,0.0,0.0
2024-10-25 14:41:00-04:00,2.4700000286102295,2.4700000286102295,2.4700000286102295,2.4700000286102295,200,0.0,0.0
2024-10-25 14:45:00-04:00,2.4600000381469727,2.4600000381469727,2.4600000381469727,2.4600000381469727,89,0.0,0.0
2024-10-25 14:49:00-04:00,2.450000047683716,2.450000047683716,2.450000047683716,2.450000047683716,102,0.0,0.0
2024-10-25 14:52:00-04:00,2.4200000762939453,2.4200000762939453,2.4200000762939453,2.4200000762939453,450,0.0,0.0
2024-10-25 14:53:00-04:00,2.440000057220459,2.450000047683716,2.436000108718872,2.450000047683716,2138,0.0,0.0
2024-10-25 15:07:00-04:00,2.421999931335449,2.421999931335449,2.4200000762939453,2.4200000762939453,1631,0.0,0.0
2024-10-25 15:13:00-04:00,2.4600000381469727,2.4600000381469727,2.4600000381469727,2.4600000381469727,643,0.0,0.0
2024-10-25 15:17:00-04:00,2.4600000381469727,2.4600000381469727,2.4600000381469727,2.4600000381469727,43,0.0,0.0
2024-10-25 15:20:00-04:00,2.4600000381469727,2.4600000381469727,2.4600000381469727,2.4600000381469727,200,0.0,0.0
2024-10-25 15:24:00-04:00,2.4600000381469727,2.4600000381469727,2.4600000381469727,2.4600000381469727,100,0.0,0.0
2024-10-25 15:27:00-04:00,2.4600000381469727,2.4600000381469727,2.4600000381469727,2.4600000381469727,100,0.0,0.0
2024-10-25 15:30:00-04:00,2.450000047683716,2.450000047683716,2.450000047683716,2.450000047683716,100,0.0,0.0
2024-10-25 15:34:00-04:00,2.450000047683716,2.4600000381469727,2.450000047683716,2.45989990234375,1100,0.0,0.0
2024-10-25 15:36:00-04:00,2.4600000381469727,2.4600000381469727,2.4600000381469727,2.4600000381469727,1017,0.0,0.0
2024-10-25 15:37:00-04:00,2.4700000286102295,2.4700000286102295,2.4700000286102295,2.4700000286102295,200,0.0,0.0
2024-10-25 15:39:00-04:00,2.490000009536743,2.490000009536743,2.490000009536743,2.490000009536743,220,0.0,0.0
2024-10-25 15:41:00-04:00,2.4700000286102295,2.4700000286102295,2.4700000286102295,2.4700000286102295,315,0.0,0.0
2024-10-25 15:42:00-04:00,2.490000009536743,2.490000009536743,2.490000009536743,2.490000009536743,100,0.0,0.0
2024-10-25 15:44:00-04:00,2.490000009536743,2.490000009536743,2.490000009536743,2.490000009536743,100,0.0,0.0
2024-10-25 15:47:00-04:00,2.490000009536743,2.490000009536743,2.490000009536743,2.490000009536743,100,0.0,0.0
2024-10-25 15:48:00-04:00,2.490000009536743,2.490000009536743,2.490000009536743,2.490000009536743,38,0.0,0.0
2024-10-25 15:50:00-04:00,2.4800000190734863,2.4800000190734863,2.4800000190734863,2.4800000190734863,200,0.0,0.0
2024-10-25 15:51:00-04:00,2.4800000190734863,2.4800000190734863,2.4800000190734863,2.4800000190734863,100,0.0,0.0
2024-10-25 15:53:00-04:00,2.4800000190734863,2.4800000190734863,2.4800000190734863,2.4800000190734863,1270,0.0,0.0
2024-10-25 15:59:00-04:00,2.4700000286102295,2.4700000286102295,2.430000066757202,2.430000066757202,757,0.0,0.0
