Datetime,Open,High,Low,Close,Volume,Dividends,Stock Splits
2024-10-21 09:30:00-04:00,8.869999885559082,8.869999885559082,8.869999885559082,8.869999885559082,4563,0.0,0.0
2024-10-21 09:31:00-04:00,8.85099983215332,8.85099983215332,8.850000381469727,8.850099563598633,517,0.0,0.0
2024-10-21 09:34:00-04:00,8.859999656677246,8.859999656677246,8.859999656677246,8.859999656677246,500,0.0,0.0
2024-10-21 09:35:00-04:00,8.860099792480469,8.860099792480469,8.860099792480469,8.860099792480469,115,0.0,0.0
2024-10-21 09:37:00-04:00,8.8503999710083,8.8503999710083,8.8503999710083,8.8503999710083,336,0.0,0.0
2024-10-21 09:39:00-04:00,8.864999771118164,8.864999771118164,8.864999771118164,8.864999771118164,100,0.0,0.0
2024-10-21 09:40:00-04:00,8.859999656677246,8.859999656677246,8.859999656677246,8.859999656677246,891,0.0,0.0
2024-10-21 09:42:00-04:00,8.850000381469727,8.850000381469727,8.850000381469727,8.850000381469727,391,0.0,0.0
2024-10-21 09:43:00-04:00,8.850000381469727,8.850000381469727,8.821000099182129,8.843600273132324,3851,0.0,0.0
2024-10-21 09:47:00-04:00,8.857199668884277,8.857199668884277,8.857199668884277,8.857199668884277,310,0.0,0.0
2024-10-21 09:49:00-04:00,8.84000015258789,8.84000015258789,8.84000015258789,8.84000015258789,200,0.0,0.0
2024-10-21 09:50:00-04:00,8.850000381469727,8.850000381469727,8.850000381469727,8.850000381469727,428,0.0,0.0
2024-10-21 09:53:00-04:00,8.8456449508667,8.8456449508667,8.8456449508667,8.8456449508667,400,0.0,0.0
2024-10-21 09:59:00-04:00,8.846099853515625,8.846099853515625,8.845999717712402,8.845999717712402,600,0.0,0.0
2024-10-21 10:00:00-04:00,8.846799850463867,8.846799850463867,8.820300102233887,8.820300102233887,2072,0.0,0.0
2024-10-21 10:01:00-04:00,8.829999923706055,8.832799911499023,8.824799537658691,8.832799911499023,1191,0.0,0.0
2024-10-21 10:02:00-04:00,8.824399948120117,8.824399948120117,8.824399948120117,8.824399948120117,547,0.0,0.0
2024-10-21 10:06:00-04:00,8.819999694824219,8.831999778747559,8.819999694824219,8.831999778747559,406,0.0,0.0
2024-10-21 10:09:00-04:00,8.819999694824219,8.846699714660645,8.819999694824219,8.846699714660645,483,0.0,0.0
2024-10-21 10:12:00-04:00,8.819999694824219,8.827699661254883,8.8100004196167,8.8100004196167,3351,0.0,0.0
2024-10-21 10:13:00-04:00,8.823599815368652,8.823599815368652,8.8100004196167,8.8100004196167,4743,0.0,0.0
2024-10-21 10:14:00-04:00,8.81470012664795,8.82759952545166,8.800000190734863,8.82759952545166,1200,0.0,0.0
2024-10-21 10:15:00-04:00,8.800000190734863,8.800000190734863,8.800000190734863,8.800000190734863,300,0.0,0.0
2024-10-21 10:16:00-04:00,8.8100004196167,8.8149995803833,8.805000305175781,8.809000015258789,7153,0.0,0.0
2024-10-21 10:17:00-04:00,8.803600311279297,8.803600311279297,8.803600311279297,8.803600311279297,740,0.0,0.0
2024-10-21 10:22:00-04:00,8.800000190734863,8.800000190734863,8.800000190734863,8.800000190734863,1225,0.0,0.0
2024-10-21 10:27:00-04:00,8.804900169372559,8.804900169372559,8.804900169372559,8.804900169372559,511,0.0,0.0
2024-10-21 10:29:00-04:00,8.8100004196167,8.8100004196167,8.80270004272461,8.80270004272461,3010,0.0,0.0
2024-10-21 10:31:00-04:00,8.80109977722168,8.80109977722168,8.80109977722168,8.80109977722168,631,0.0,0.0
2024-10-21 10:37:00-04:00,8.805000305175781,8.805000305175781,8.800000190734863,8.800000190734863,3815,0.0,0.0
2024-10-21 10:38:00-04:00,8.789999961853027,8.789999961853027,8.789999961853027,8.789999961853027,900,0.0,0.0
2024-10-21 10:40:00-04:00,8.800000190734863,8.800000190734863,8.800000190734863,8.800000190734863,800,0.0,0.0
2024-10-21 10:42:00-04:00,8.800000190734863,8.800100326538086,8.795000076293945,8.795000076293945,12779,0.0,0.0
2024-10-21 10:43:00-04:00,8.800000190734863,8.800000190734863,8.800000190734863,8.800000190734863,601,0.0,0.0
2024-10-21 10:46:00-04:00,8.799400329589844,8.800000190734863,8.799400329589844,8.800000190734863,417,0.0,0.0
2024-10-21 10:49:00-04:00,8.79010009765625,8.795000076293945,8.79010009765625,8.795000076293945,2720,0.0,0.0
2024-10-21 10:50:00-04:00,8.798800468444824,8.798800468444824,8.798800468444824,8.798800468444824,250,0.0,0.0
2024-10-21 10:51:00-04:00,8.79010009765625,8.800000190734863,8.79010009765625,8.800000190734863,2459,0.0,0.0
2024-10-21 10:56:00-04:00,8.789999961853027,8.792799949645996,8.774999618530273,8.774999618530273,4557,0.0,0.0
2024-10-21 10:57:00-04:00,8.78909969329834,8.78909969329834,8.78909969329834,8.78909969329834,131,0.0,0.0
2024-10-21 10:59:00-04:00,8.78499984741211,8.789899826049805,8.784099578857422,8.789899826049805,2920,0.0,0.0
2024-10-21 11:00:00-04:00,8.779999732971191,8.779999732971191,8.779999732971191,8.779999732971191,500,0.0,0.0
2024-10-21 11:02:00-04:00,8.770000457763672,8.789999961853027,8.770000457763672,8.789999961853027,2210,0.0,0.0
2024-10-21 11:04:00-04:00,8.789999961853027,8.789999961853027,8.789999961853027,8.789999961853027,150,0.0,0.0
2024-10-21 11:09:00-04:00,8.790800094604492,8.790800094604492,8.790800094604492,8.790800094604492,860,0.0,0.0
2024-10-21 11:13:00-04:00,8.798700332641602,8.798700332641602,8.798700332641602,8.798700332641602,429,0.0,0.0
2024-10-21 11:27:00-04:00,8.79990005493164,8.79990005493164,8.789999961853027,8.789999961853027,427,0.0,0.0
2024-10-21 11:29:00-04:00,8.789999961853027,8.789999961853027,8.779999732971191,8.779999732971191,1038,0.0,0.0
2024-10-21 11:30:00-04:00,8.79740047454834,8.79740047454834,8.789999961853027,8.789999961853027,234,0.0,0.0
2024-10-21 11:32:00-04:00,8.784199714660645,8.784199714660645,8.779999732971191,8.779999732971191,4328,0.0,0.0
2024-10-21 11:33:00-04:00,8.770000457763672,8.770099639892578,8.770000457763672,8.770000457763672,11558,0.0,0.0
2024-10-21 11:34:00-04:00,8.770000457763672,8.770000457763672,8.770000457763672,8.770000457763672,300,0.0,0.0
2024-10-21 11:35:00-04:00,8.770000457763672,8.770000457763672,8.770000457763672,8.770000457763672,3716,0.0,0.0
2024-10-21 11:36:00-04:00,8.770000457763672,8.770099639892578,8.770000457763672,8.770099639892578,793,0.0,0.0
2024-10-21 11:41:00-04:00,8.779999732971191,8.779999732971191,8.779999732971191,8.779999732971191,228,0.0,0.0
2024-10-21 11:49:00-04:00,8.78499984741211,8.78499984741211,8.78499984741211,8.78499984741211,3991,0.0,0.0
2024-10-21 11:59:00-04:00,8.78499984741211,8.78499984741211,8.779999732971191,8.779999732971191,1010,0.0,0.0
2024-10-21 12:00:00-04:00,8.779999732971191,8.779999732971191,8.770000457763672,8.770000457763672,1100,0.0,0.0
2024-10-21 12:01:00-04:00,8.770000457763672,8.770099639892578,8.770000457763672,8.770099639892578,210,0.0,0.0
2024-10-21 12:02:00-04:00,8.770000457763672,8.770000457763672,8.770000457763672,8.770000457763672,1038,0.0,0.0
2024-10-21 12:03:00-04:00,8.779399871826172,8.779399871826172,8.770000457763672,8.774999618530273,3248,0.0,0.0
2024-10-21 12:06:00-04:00,8.770000457763672,8.770000457763672,8.75,8.75,3038,0.0,0.0
2024-10-21 12:07:00-04:00,8.760000228881836,8.760000228881836,8.75,8.750100135803223,2295,0.0,0.0
2024-10-21 12:08:00-04:00,8.75,8.75,8.75,8.75,1003,0.0,0.0
2024-10-21 12:09:00-04:00,8.760000228881836,8.760000228881836,8.760000228881836,8.760000228881836,293,0.0,0.0
2024-10-21 12:12:00-04:00,8.760000228881836,8.760000228881836,8.760000228881836,8.760000228881836,482,0.0,0.0
2024-10-21 12:15:00-04:00,8.760000228881836,8.760000228881836,8.760000228881836,8.760000228881836,950,0.0,0.0
2024-10-21 12:17:00-04:00,8.7608003616333,8.7608003616333,8.7608003616333,8.7608003616333,110,0.0,0.0
2024-10-21 12:18:00-04:00,8.760000228881836,8.760000228881836,8.760000228881836,8.760000228881836,500,0.0,0.0
2024-10-21 12:20:00-04:00,8.760000228881836,8.760000228881836,8.760000228881836,8.760000228881836,100,0.0,0.0
2024-10-21 12:21:00-04:00,8.760000228881836,8.760000228881836,8.760000228881836,8.760000228881836,146,0.0,0.0
2024-10-21 12:25:00-04:00,8.760000228881836,8.768500328063965,8.760000228881836,8.768500328063965,900,0.0,0.0
2024-10-21 12:26:00-04:00,8.760000228881836,8.768500328063965,8.760000228881836,8.768500328063965,405,0.0,0.0
2024-10-21 12:27:00-04:00,8.75,8.770000457763672,8.75,8.760000228881836,525,0.0,0.0
2024-10-21 12:28:00-04:00,8.760000228881836,8.761199951171875,8.760000228881836,8.760299682617188,1417,0.0,0.0
2024-10-21 12:31:00-04:00,8.760000228881836,8.760000228881836,8.739999771118164,8.75,6051,0.0,0.0
2024-10-21 12:34:00-04:00,8.760000228881836,8.760000228881836,8.760000228881836,8.760000228881836,1200,0.0,0.0
2024-10-21 12:35:00-04:00,8.760000228881836,8.779899597167969,8.760000228881836,8.779899597167969,2200,0.0,0.0
2024-10-21 12:38:00-04:00,8.77810001373291,8.77810001373291,8.77810001373291,8.77810001373291,1000,0.0,0.0
2024-10-21 12:39:00-04:00,8.760100364685059,8.770000457763672,8.760100364685059,8.770000457763672,2500,0.0,0.0
2024-10-21 12:40:00-04:00,8.760100364685059,8.768099784851074,8.760100364685059,8.76159954071045,5300,0.0,0.0
2024-10-21 12:41:00-04:00,8.760000228881836,8.760000228881836,8.75,8.75,5801,0.0,0.0
2024-10-21 12:43:00-04:00,8.744999885559082,8.744999885559082,8.744999885559082,8.744999885559082,1200,0.0,0.0
2024-10-21 12:44:00-04:00,8.746100425720215,8.746100425720215,8.745293617248535,8.745293617248535,300,0.0,0.0
2024-10-21 12:45:00-04:00,8.739999771118164,8.739999771118164,8.739999771118164,8.739999771118164,200,0.0,0.0
2024-10-21 12:47:00-04:00,8.746100425720215,8.746100425720215,8.746100425720215,8.746100425720215,200,0.0,0.0
2024-10-21 12:48:00-04:00,8.75,8.770099639892578,8.75,8.770099639892578,4907,0.0,0.0
2024-10-21 12:49:00-04:00,8.760600090026855,8.760600090026855,8.751399993896484,8.751399993896484,13050,0.0,0.0
2024-10-21 12:50:00-04:00,8.760000228881836,8.770000457763672,8.760000228881836,8.770000457763672,500,0.0,0.0
2024-10-21 12:52:00-04:00,8.760000228881836,8.760000228881836,8.760000228881836,8.760000228881836,927,0.0,0.0
2024-10-21 12:53:00-04:00,8.770000457763672,8.770000457763672,8.769599914550781,8.769599914550781,1150,0.0,0.0
2024-10-21 12:55:00-04:00,8.760000228881836,8.760000228881836,8.760000228881836,8.760000228881836,318,0.0,0.0
2024-10-21 12:56:00-04:00,8.779999732971191,8.779999732971191,8.779999732971191,8.779999732971191,215,0.0,0.0
2024-10-21 13:14:00-04:00,8.779999732971191,8.779999732971191,8.779999732971191,8.779999732971191,300,0.0,0.0
2024-10-21 13:16:00-04:00,8.777299880981445,8.777299880981445,8.777299880981445,8.777299880981445,287,0.0,0.0
2024-10-21 13:26:00-04:00,8.76990032196045,8.76990032196045,8.76990032196045,8.76990032196045,200,0.0,0.0
2024-10-21 13:31:00-04:00,8.760000228881836,8.760100364685059,8.760000228881836,8.760100364685059,560,0.0,0.0
2024-10-21 13:35:00-04:00,8.770000457763672,8.770000457763672,8.770000457763672,8.770000457763672,113,0.0,0.0
2024-10-21 13:37:00-04:00,8.770000457763672,8.770000457763672,8.770000457763672,8.770000457763672,1535,0.0,0.0
2024-10-21 13:42:00-04:00,8.760000228881836,8.760100364685059,8.760000228881836,8.760100364685059,450,0.0,0.0
2024-10-21 13:46:00-04:00,8.760000228881836,8.760000228881836,8.760000228881836,8.760000228881836,1626,0.0,0.0
2024-10-21 13:48:00-04:00,8.760000228881836,8.770000457763672,8.760000228881836,8.770000457763672,385,0.0,0.0
2024-10-21 13:49:00-04:00,8.770000457763672,8.770000457763672,8.770000457763672,8.770000457763672,100,0.0,0.0
2024-10-21 13:50:00-04:00,8.770000457763672,8.770000457763672,8.770000457763672,8.770000457763672,130,0.0,0.0
2024-10-21 13:52:00-04:00,8.760000228881836,8.760000228881836,8.760000228881836,8.760000228881836,220,0.0,0.0
2024-10-21 13:54:00-04:00,8.760000228881836,8.760000228881836,8.760000228881836,8.760000228881836,220,0.0,0.0
2024-10-21 13:55:00-04:00,8.760000228881836,8.762800216674805,8.760000228881836,8.762800216674805,277,0.0,0.0
2024-10-21 13:57:00-04:00,8.760000228881836,8.760000228881836,8.760000228881836,8.760000228881836,654,0.0,0.0
2024-10-21 14:01:00-04:00,8.7677001953125,8.7677001953125,8.7677001953125,8.7677001953125,130,0.0,0.0
2024-10-21 14:03:00-04:00,8.755247116088867,8.755247116088867,8.755247116088867,8.755247116088867,1500,0.0,0.0
2024-10-21 14:05:00-04:00,8.760000228881836,8.760000228881836,8.760000228881836,8.760000228881836,100,0.0,0.0
2024-10-21 14:06:00-04:00,8.75,8.750800132751465,8.75,8.75,5837,0.0,0.0
2024-10-21 14:12:00-04:00,8.75,8.75,8.75,8.75,901,0.0,0.0
2024-10-21 14:32:00-04:00,8.760700225830078,8.760700225830078,8.760700225830078,8.760700225830078,1050,0.0,0.0
2024-10-21 14:34:00-04:00,8.754799842834473,8.754799842834473,8.75,8.75,477,0.0,0.0
2024-10-21 14:38:00-04:00,8.767900466918945,8.767900466918945,8.767900466918945,8.767900466918945,1246,0.0,0.0
2024-10-21 14:43:00-04:00,8.760000228881836,8.770000457763672,8.75,8.760000228881836,1633,0.0,0.0
2024-10-21 14:48:00-04:00,8.760000228881836,8.760000228881836,8.760000228881836,8.760000228881836,420,0.0,0.0
2024-10-21 14:50:00-04:00,8.75,8.75,8.75,8.75,140,0.0,0.0
2024-10-21 14:51:00-04:00,8.760000228881836,8.760000228881836,8.760000228881836,8.760000228881836,380,0.0,0.0
2024-10-21 14:56:00-04:00,8.760000228881836,8.760000228881836,8.760000228881836,8.760000228881836,740,0.0,0.0
2024-10-21 15:08:00-04:00,8.760000228881836,8.760000228881836,8.760000228881836,8.760000228881836,120,0.0,0.0
2024-10-21 15:15:00-04:00,8.75,8.754500389099121,8.75,8.754500389099121,1134,0.0,0.0
2024-10-21 15:16:00-04:00,8.760000228881836,8.760000228881836,8.760000228881836,8.760000228881836,100,0.0,0.0
2024-10-21 15:17:00-04:00,8.760000228881836,8.760000228881836,8.760000228881836,8.760000228881836,122,0.0,0.0
2024-10-21 15:18:00-04:00,8.76990032196045,8.76990032196045,8.76990032196045,8.76990032196045,500,0.0,0.0
2024-10-21 15:19:00-04:00,8.76990032196045,8.76990032196045,8.760000228881836,8.760000228881836,400,0.0,0.0
2024-10-21 15:20:00-04:00,8.764699935913086,8.764699935913086,8.760000228881836,8.760000228881836,1366,0.0,0.0
2024-10-21 15:21:00-04:00,8.760000228881836,8.760000228881836,8.75,8.75,310,0.0,0.0
2024-10-21 15:25:00-04:00,8.760000228881836,8.760000228881836,8.760000228881836,8.760000228881836,323,0.0,0.0
2024-10-21 15:26:00-04:00,8.760000228881836,8.760000228881836,8.760000228881836,8.760000228881836,419,0.0,0.0
2024-10-21 15:28:00-04:00,8.75,8.75,8.75,8.75,311,0.0,0.0
2024-10-21 15:30:00-04:00,8.75,8.755000114440918,8.75,8.75,2158,0.0,0.0
2024-10-21 15:31:00-04:00,8.75,8.75,8.75,8.75,200,0.0,0.0
2024-10-21 15:32:00-04:00,8.75,8.75,8.75,8.75,250,0.0,0.0
2024-10-21 15:33:00-04:00,8.75,8.75,8.75,8.75,243,0.0,0.0
2024-10-21 15:34:00-04:00,8.75,8.75,8.75,8.75,1421,0.0,0.0
2024-10-21 15:35:00-04:00,8.75,8.75,8.75,8.75,3065,0.0,0.0
2024-10-21 15:36:00-04:00,8.75,8.760000228881836,8.75,8.755000114440918,3300,0.0,0.0
2024-10-21 15:37:00-04:00,8.75,8.75,8.739999771118164,8.744999885559082,1628,0.0,0.0
2024-10-21 15:38:00-04:00,8.75,8.75,8.75,8.75,307,0.0,0.0
2024-10-21 15:39:00-04:00,8.739999771118164,8.739999771118164,8.739999771118164,8.739999771118164,597,0.0,0.0
2024-10-21 15:40:00-04:00,8.729999542236328,8.729999542236328,8.729999542236328,8.729999542236328,1758,0.0,0.0
2024-10-21 15:41:00-04:00,8.729999542236328,8.729999542236328,8.729999542236328,8.729999542236328,400,0.0,0.0
2024-10-21 15:43:00-04:00,8.729999542236328,8.729999542236328,8.729999542236328,8.729999542236328,300,0.0,0.0
2024-10-21 15:44:00-04:00,8.729999542236328,8.739999771118164,8.729999542236328,8.729999542236328,716,0.0,0.0
2024-10-21 15:45:00-04:00,8.729999542236328,8.729999542236328,8.729999542236328,8.729999542236328,200,0.0,0.0
2024-10-21 15:46:00-04:00,8.729999542236328,8.729999542236328,8.729999542236328,8.729999542236328,200,0.0,0.0
2024-10-21 15:47:00-04:00,8.729999542236328,8.729999542236328,8.729999542236328,8.729999542236328,3794,0.0,0.0
2024-10-21 15:48:00-04:00,8.729999542236328,8.749899864196777,8.729999542236328,8.739999771118164,925,0.0,0.0
2024-10-21 15:49:00-04:00,8.739999771118164,8.739999771118164,8.739999771118164,8.739999771118164,441,0.0,0.0
2024-10-21 15:50:00-04:00,8.729999542236328,8.739299774169922,8.729999542236328,8.739299774169922,2114,0.0,0.0
2024-10-21 15:51:00-04:00,8.729999542236328,8.729999542236328,8.729999542236328,8.729999542236328,330,0.0,0.0
2024-10-21 15:52:00-04:00,8.729999542236328,8.739899635314941,8.729999542236328,8.739899635314941,600,0.0,0.0
2024-10-21 15:53:00-04:00,8.734999656677246,8.734999656677246,8.734999656677246,8.734999656677246,110,0.0,0.0
2024-10-21 15:54:00-04:00,8.734999656677246,8.734999656677246,8.729999542236328,8.729999542236328,961,0.0,0.0
2024-10-21 15:55:00-04:00,8.729999542236328,8.729999542236328,8.729999542236328,8.729999542236328,700,0.0,0.0
2024-10-21 15:56:00-04:00,8.734999656677246,8.739999771118164,8.734999656677246,8.734999656677246,3300,0.0,0.0
2024-10-21 15:57:00-04:00,8.734999656677246,8.739999771118164,8.734999656677246,8.734999656677246,1505,0.0,0.0
2024-10-21 15:58:00-04:00,8.734999656677246,8.736300468444824,8.734999656677246,8.734999656677246,557,0.0,0.0
2024-10-21 15:59:00-04:00,8.734999656677246,8.734999656677246,8.734999656677246,8.734999656677246,0,0.0,0.0
2024-10-22 09:30:00-04:00,8.800000190734863,8.800000190734863,8.800000190734863,8.800000190734863,9454,0.0,0.0
2024-10-22 09:31:00-04:00,8.800000190734863,8.800000190734863,8.800000190734863,8.800000190734863,7000,0.0,0.0
2024-10-22 09:32:00-04:00,8.767600059509277,8.767600059509277,8.767600059509277,8.767600059509277,100,0.0,0.0
2024-10-22 09:33:00-04:00,8.760100364685059,8.777099609375,8.760100364685059,8.777099609375,1034,0.0,0.0
2024-10-22 09:36:00-04:00,8.779500007629395,8.779500007629395,8.779500007629395,8.779500007629395,301,0.0,0.0
2024-10-22 09:39:00-04:00,8.781599998474121,8.781599998474121,8.781599998474121,8.781599998474121,514,0.0,0.0
2024-10-22 09:40:00-04:00,8.800000190734863,8.800000190734863,8.789999961853027,8.789999961853027,700,0.0,0.0
2024-10-22 09:41:00-04:00,8.800000190734863,8.800000190734863,8.800000190734863,8.800000190734863,1000,0.0,0.0
2024-10-22 09:42:00-04:00,8.800000190734863,8.800000190734863,8.800000190734863,8.800000190734863,2400,0.0,0.0
2024-10-22 09:44:00-04:00,8.8100004196167,8.8100004196167,8.8100004196167,8.8100004196167,680,0.0,0.0
2024-10-22 09:48:00-04:00,8.8100004196167,8.8100004196167,8.8100004196167,8.8100004196167,305,0.0,0.0
2024-10-22 09:51:00-04:00,8.8100004196167,8.812000274658203,8.8100004196167,8.812000274658203,300,0.0,0.0
2024-10-22 09:53:00-04:00,8.81149959564209,8.81149959564209,8.81149959564209,8.81149959564209,1000,0.0,0.0
2024-10-22 09:54:00-04:00,8.8100004196167,8.8100004196167,8.8100004196167,8.8100004196167,1039,0.0,0.0
2024-10-22 09:57:00-04:00,8.8100004196167,8.8100004196167,8.8100004196167,8.8100004196167,488,0.0,0.0
2024-10-22 10:05:00-04:00,8.819999694824219,8.819999694824219,8.817999839782715,8.819999694824219,570,0.0,0.0
2024-10-22 10:09:00-04:00,8.8149995803833,8.8149995803833,8.8149995803833,8.8149995803833,1101,0.0,0.0
2024-10-22 10:12:00-04:00,8.819999694824219,8.819999694824219,8.819999694824219,8.819999694824219,181,0.0,0.0
2024-10-22 10:13:00-04:00,8.810099601745605,8.810099601745605,8.810099601745605,8.810099601745605,300,0.0,0.0
2024-10-22 10:16:00-04:00,8.8100004196167,8.824999809265137,8.8100004196167,8.8100004196167,3580,0.0,0.0
2024-10-22 10:19:00-04:00,8.824999809265137,8.824999809265137,8.824999809265137,8.824999809265137,300,0.0,0.0
2024-10-22 10:20:00-04:00,8.819999694824219,8.819999694824219,8.8100004196167,8.810099601745605,512,0.0,0.0
2024-10-22 10:23:00-04:00,8.8100004196167,8.810099601745605,8.800000190734863,8.800000190734863,4429,0.0,0.0
2024-10-22 10:24:00-04:00,8.800000190734863,8.802599906921387,8.800000190734863,8.800000190734863,3542,0.0,0.0
2024-10-22 10:33:00-04:00,8.8100004196167,8.8100004196167,8.8100004196167,8.8100004196167,147,0.0,0.0
2024-10-22 10:34:00-04:00,8.807999610900879,8.807999610900879,8.807999610900879,8.807999610900879,249,0.0,0.0
2024-10-22 10:50:00-04:00,8.8100004196167,8.8100004196167,8.8100004196167,8.8100004196167,334,0.0,0.0
2024-10-22 11:13:00-04:00,8.8100004196167,8.8100004196167,8.8100004196167,8.8100004196167,436,0.0,0.0
2024-10-22 11:30:00-04:00,8.805000305175781,8.809900283813477,8.805000305175781,8.809900283813477,402,0.0,0.0
2024-10-22 11:37:00-04:00,8.800000190734863,8.800000190734863,8.800000190734863,8.800000190734863,278,0.0,0.0
2024-10-22 11:38:00-04:00,8.800000190734863,8.800000190734863,8.800000190734863,8.800000190734863,467,0.0,0.0
2024-10-22 11:53:00-04:00,8.770000457763672,8.770000457763672,8.770000457763672,8.770000457763672,358,0.0,0.0
2024-10-22 12:00:00-04:00,8.800000190734863,8.800000190734863,8.800000190734863,8.800000190734863,224,0.0,0.0
2024-10-22 12:07:00-04:00,8.799699783325195,8.799699783325195,8.779999732971191,8.779999732971191,2830,0.0,0.0
2024-10-22 12:09:00-04:00,8.800000190734863,8.800000190734863,8.779999732971191,8.779999732971191,2947,0.0,0.0
2024-10-22 12:10:00-04:00,8.788700103759766,8.788700103759766,8.788700103759766,8.788700103759766,249,0.0,0.0
2024-10-22 12:25:00-04:00,8.797900199890137,8.797900199890137,8.797900199890137,8.797900199890137,1143,0.0,0.0
2024-10-22 12:49:00-04:00,8.78499984741211,8.78499984741211,8.78499984741211,8.78499984741211,157,0.0,0.0
2024-10-22 12:52:00-04:00,8.78499984741211,8.78499984741211,8.781299591064453,8.781299591064453,628,0.0,0.0
2024-10-22 13:13:00-04:00,8.78499984741211,8.796299934387207,8.78499984741211,8.796299934387207,835,0.0,0.0
2024-10-22 13:16:00-04:00,8.78499984741211,8.789999961853027,8.78499984741211,8.789999961853027,390,0.0,0.0
2024-10-22 13:18:00-04:00,8.779999732971191,8.78600025177002,8.779999732971191,8.78600025177002,200,0.0,0.0
2024-10-22 13:27:00-04:00,8.789999961853027,8.79990005493164,8.789999961853027,8.79990005493164,260,0.0,0.0
2024-10-22 13:30:00-04:00,8.797699928283691,8.797699928283691,8.797699928283691,8.797699928283691,211,0.0,0.0
2024-10-22 13:31:00-04:00,8.782400131225586,8.782400131225586,8.782400131225586,8.782400131225586,146,0.0,0.0
2024-10-22 13:50:00-04:00,8.779999732971191,8.789999961853027,8.779999732971191,8.779999732971191,2419,0.0,0.0
2024-10-22 13:51:00-04:00,8.789999961853027,8.789999961853027,8.779999732971191,8.789999961853027,617,0.0,0.0
2024-10-22 13:52:00-04:00,8.789999961853027,8.789999961853027,8.789999961853027,8.789999961853027,400,0.0,0.0
2024-10-22 13:53:00-04:00,8.789999961853027,8.789999961853027,8.789999961853027,8.789999961853027,402,0.0,0.0
2024-10-22 13:54:00-04:00,8.789999961853027,8.789999961853027,8.789999961853027,8.789999961853027,815,0.0,0.0
2024-10-22 13:55:00-04:00,8.789999961853027,8.789999961853027,8.779999732971191,8.789999961853027,1610,0.0,0.0
2024-10-22 13:56:00-04:00,8.798500061035156,8.800000190734863,8.789999961853027,8.800000190734863,3408,0.0,0.0
2024-10-22 13:57:00-04:00,8.800000190734863,8.800000190734863,8.800000190734863,8.800000190734863,700,0.0,0.0
2024-10-22 13:58:00-04:00,8.800000190734863,8.800000190734863,8.789999961853027,8.789999961853027,723,0.0,0.0
2024-10-22 13:59:00-04:00,8.789999961853027,8.800000190734863,8.789999961853027,8.800000190734863,800,0.0,0.0
2024-10-22 14:00:00-04:00,8.800000190734863,8.800000190734863,8.789999961853027,8.795000076293945,1000,0.0,0.0
2024-10-22 14:01:00-04:00,8.795000076293945,8.795000076293945,8.795000076293945,8.795000076293945,485,0.0,0.0
2024-10-22 14:02:00-04:00,8.789999961853027,8.800000190734863,8.779999732971191,8.800000190734863,1600,0.0,0.0
2024-10-22 14:03:00-04:00,8.800000190734863,8.800000190734863,8.789999961853027,8.795000076293945,1000,0.0,0.0
2024-10-22 14:04:00-04:00,8.800000190734863,8.8100004196167,8.792200088500977,8.800000190734863,2741,0.0,0.0
2024-10-22 14:05:00-04:00,8.79010009765625,8.79010009765625,8.79010009765625,8.79010009765625,200,0.0,0.0
2024-10-22 14:09:00-04:00,8.805999755859375,8.805999755859375,8.805999755859375,8.805999755859375,644,0.0,0.0
2024-10-22 14:10:00-04:00,8.805000305175781,8.805000305175781,8.800000190734863,8.805000305175781,777,0.0,0.0
2024-10-22 14:11:00-04:00,8.805000305175781,8.805000305175781,8.805000305175781,8.805000305175781,100,0.0,0.0
2024-10-22 14:12:00-04:00,8.805000305175781,8.805000305175781,8.805000305175781,8.805000305175781,200,0.0,0.0
2024-10-22 14:13:00-04:00,8.805000305175781,8.805000305175781,8.805000305175781,8.805000305175781,200,0.0,0.0
2024-10-22 14:14:00-04:00,8.805000305175781,8.805000305175781,8.805000305175781,8.805000305175781,200,0.0,0.0
2024-10-22 14:15:00-04:00,8.800000190734863,8.800000190734863,8.800000190734863,8.800000190734863,213,0.0,0.0
2024-10-22 14:16:00-04:00,8.789999961853027,8.789999961853027,8.789999961853027,8.789999961853027,200,0.0,0.0
2024-10-22 14:17:00-04:00,8.779999732971191,8.779999732971191,8.779999732971191,8.779999732971191,200,0.0,0.0
2024-10-22 14:18:00-04:00,8.779999732971191,8.779999732971191,8.779999732971191,8.779999732971191,200,0.0,0.0
2024-10-22 14:19:00-04:00,8.779999732971191,8.789999961853027,8.779999732971191,8.789999961853027,477,0.0,0.0
2024-10-22 14:31:00-04:00,8.78499984741211,8.78499984741211,8.78499984741211,8.78499984741211,100,0.0,0.0
2024-10-22 14:34:00-04:00,8.784899711608887,8.784899711608887,8.784899711608887,8.784899711608887,191,0.0,0.0
2024-10-22 14:53:00-04:00,8.779999732971191,8.789999961853027,8.774999618530273,8.789999961853027,7000,0.0,0.0
2024-10-22 14:58:00-04:00,8.789999961853027,8.789999961853027,8.789999961853027,8.789999961853027,410,0.0,0.0
2024-10-22 14:59:00-04:00,8.779999732971191,8.779999732971191,8.779999732971191,8.779999732971191,169,0.0,0.0
2024-10-22 15:02:00-04:00,8.781700134277344,8.781700134277344,8.781700134277344,8.781700134277344,1186,0.0,0.0
2024-10-22 15:08:00-04:00,8.779999732971191,8.779999732971191,8.779999732971191,8.779999732971191,1401,0.0,0.0
2024-10-22 15:10:00-04:00,8.779999732971191,8.779999732971191,8.779999732971191,8.779999732971191,100,0.0,0.0
2024-10-22 15:11:00-04:00,8.779999732971191,8.779999732971191,8.779999732971191,8.779999732971191,557,0.0,0.0
2024-10-22 15:26:00-04:00,8.7701997756958,8.779399871826172,8.7701997756958,8.779399871826172,3472,0.0,0.0
2024-10-22 15:35:00-04:00,8.779999732971191,8.779999732971191,8.779999732971191,8.779999732971191,701,0.0,0.0
2024-10-22 15:36:00-04:00,8.779999732971191,8.779999732971191,8.776000022888184,8.776000022888184,1240,0.0,0.0
2024-10-22 15:37:00-04:00,8.779999732971191,8.779999732971191,8.779999732971191,8.779999732971191,1200,0.0,0.0
2024-10-22 15:38:00-04:00,8.779999732971191,8.779999732971191,8.779999732971191,8.779999732971191,1000,0.0,0.0
2024-10-22 15:39:00-04:00,8.779999732971191,8.779999732971191,8.779999732971191,8.779999732971191,666,0.0,0.0
2024-10-22 15:40:00-04:00,8.779999732971191,8.779999732971191,8.770000457763672,8.774999618530273,1748,0.0,0.0
2024-10-22 15:41:00-04:00,8.774999618530273,8.774999618530273,8.774999618530273,8.774999618530273,1100,0.0,0.0
2024-10-22 15:42:00-04:00,8.774999618530273,8.774999618530273,8.774999618530273,8.774999618530273,1202,0.0,0.0
2024-10-22 15:43:00-04:00,8.774999618530273,8.774999618530273,8.774999618530273,8.774999618530273,1126,0.0,0.0
2024-10-22 15:44:00-04:00,8.774999618530273,8.774999618530273,8.774999618530273,8.774999618530273,1000,0.0,0.0
2024-10-22 15:45:00-04:00,8.774999618530273,8.774999618530273,8.774999618530273,8.774999618530273,1200,0.0,0.0
2024-10-22 15:46:00-04:00,8.774999618530273,8.774999618530273,8.774999618530273,8.774999618530273,1000,0.0,0.0
2024-10-22 15:47:00-04:00,8.774999618530273,8.774999618530273,8.760000228881836,8.774999618530273,2000,0.0,0.0
2024-10-22 15:48:00-04:00,8.774999618530273,8.789999961853027,8.774999618530273,8.789999961853027,600,0.0,0.0
2024-10-22 15:49:00-04:00,8.789999961853027,8.789999961853027,8.760000228881836,8.760000228881836,3503,0.0,0.0
2024-10-22 15:50:00-04:00,8.784600257873535,8.784600257873535,8.784600257873535,8.784600257873535,288,0.0,0.0
2024-10-22 15:54:00-04:00,8.770099639892578,8.770099639892578,8.770099639892578,8.770099639892578,465,0.0,0.0
2024-10-22 15:59:00-04:00,8.779999732971191,8.789999961853027,8.779999732971191,8.789999961853027,1387,0.0,0.0
2024-10-23 09:30:00-04:00,8.819999694824219,8.819999694824219,8.819999694824219,8.819999694824219,3320,0.0,0.0
2024-10-23 09:44:00-04:00,8.845000267028809,8.845000267028809,8.845000267028809,8.845000267028809,1065,0.0,0.0
2024-10-23 09:53:00-04:00,8.806300163269043,8.806300163269043,8.806300163269043,8.806300163269043,257,0.0,0.0
2024-10-23 09:54:00-04:00,8.845000267028809,8.850000381469727,8.819999694824219,8.819999694824219,4700,0.0,0.0
2024-10-23 09:55:00-04:00,8.850199699401855,8.85159969329834,8.850199699401855,8.85159969329834,3716,0.0,0.0
2024-10-23 10:03:00-04:00,8.860099792480469,8.860099792480469,8.860099792480469,8.860099792480469,219,0.0,0.0
2024-10-23 10:04:00-04:00,8.855199813842773,8.855199813842773,8.850000381469727,8.850000381469727,448,0.0,0.0
2024-10-23 10:08:00-04:00,8.850000381469727,8.850000381469727,8.850000381469727,8.850000381469727,360,0.0,0.0
2024-10-23 10:16:00-04:00,8.848199844360352,8.848199844360352,8.848199844360352,8.848199844360352,416,0.0,0.0
2024-10-23 10:17:00-04:00,8.829999923706055,8.829999923706055,8.829999923706055,8.829999923706055,159,0.0,0.0
2024-10-23 10:26:00-04:00,8.8100004196167,8.8100004196167,8.800000190734863,8.800000190734863,1060,0.0,0.0
2024-10-23 10:27:00-04:00,8.819999694824219,8.819999694824219,8.819999694824219,8.819999694824219,1136,0.0,0.0
2024-10-23 10:28:00-04:00,8.800000190734863,8.800000190734863,8.800000190734863,8.800000190734863,300,0.0,0.0
2024-10-23 10:29:00-04:00,8.8149995803833,8.8149995803833,8.8149995803833,8.8149995803833,336,0.0,0.0
2024-10-23 10:36:00-04:00,8.8149995803833,8.8149995803833,8.8149995803833,8.8149995803833,115,0.0,0.0
2024-10-23 10:38:00-04:00,8.8149995803833,8.829999923706055,8.8149995803833,8.8149995803833,474,0.0,0.0
2024-10-23 10:43:00-04:00,8.800000190734863,8.800000190734863,8.800000190734863,8.800000190734863,316,0.0,0.0
2024-10-23 10:44:00-04:00,8.819899559020996,8.819899559020996,8.819899559020996,8.819899559020996,1056,0.0,0.0
2024-10-23 10:46:00-04:00,8.819999694824219,8.819999694824219,8.819999694824219,8.819999694824219,144,0.0,0.0
2024-10-23 10:48:00-04:00,8.800000190734863,8.800000190734863,8.79990005493164,8.79990005493164,3231,0.0,0.0
2024-10-23 10:50:00-04:00,8.795999526977539,8.795999526977539,8.795999526977539,8.795999526977539,212,0.0,0.0
2024-10-23 10:53:00-04:00,8.796699523925781,8.79889965057373,8.795000076293945,8.795000076293945,2429,0.0,0.0
2024-10-23 10:56:00-04:00,8.795000076293945,8.795000076293945,8.795000076293945,8.795000076293945,116,0.0,0.0
2024-10-23 11:05:00-04:00,8.800000190734863,8.800000190734863,8.7947998046875,8.800000190734863,400,0.0,0.0
2024-10-23 11:06:00-04:00,8.800600051879883,8.800600051879883,8.800600051879883,8.800600051879883,234,0.0,0.0
2024-10-23 11:13:00-04:00,8.809200286865234,8.809200286865234,8.800000190734863,8.800000190734863,511,0.0,0.0
2024-10-23 11:14:00-04:00,8.808099746704102,8.808099746704102,8.808099746704102,8.808099746704102,330,0.0,0.0
2024-10-23 11:15:00-04:00,8.800399780273438,8.800399780273438,8.800399780273438,8.800399780273438,121,0.0,0.0
2024-10-23 11:27:00-04:00,8.800000190734863,8.800000190734863,8.800000190734863,8.800000190734863,201,0.0,0.0
2024-10-23 11:33:00-04:00,8.800000190734863,8.809399604797363,8.800000190734863,8.809399604797363,470,0.0,0.0
2024-10-23 11:36:00-04:00,8.79010009765625,8.79010009765625,8.79010009765625,8.79010009765625,258,0.0,0.0
2024-10-23 11:44:00-04:00,8.8100004196167,8.8100004196167,8.808600425720215,8.808600425720215,1472,0.0,0.0
2024-10-23 11:45:00-04:00,8.800100326538086,8.8100004196167,8.800000190734863,8.8100004196167,1691,0.0,0.0
2024-10-23 12:12:00-04:00,8.79010009765625,8.805000305175781,8.79010009765625,8.805000305175781,1171,0.0,0.0
2024-10-23 12:27:00-04:00,8.805000305175781,8.805000305175781,8.805000305175781,8.805000305175781,100,0.0,0.0
2024-10-23 12:28:00-04:00,8.800000190734863,8.800000190734863,8.800000190734863,8.800000190734863,3025,0.0,0.0
2024-10-23 12:34:00-04:00,8.789999961853027,8.800000190734863,8.789999961853027,8.800000190734863,3155,0.0,0.0
2024-10-23 12:36:00-04:00,8.789999961853027,8.800000190734863,8.770000457763672,8.789999961853027,4200,0.0,0.0
2024-10-23 12:37:00-04:00,8.78499984741211,8.800000190734863,8.78499984741211,8.800000190734863,1600,0.0,0.0
2024-10-23 12:45:00-04:00,8.779999732971191,8.779999732971191,8.779999732971191,8.779999732971191,75015,0.0,0.0
2024-10-23 12:47:00-04:00,8.789999961853027,8.800000190734863,8.779999732971191,8.800000190734863,77161,0.0,0.0
2024-10-23 12:51:00-04:00,8.78499984741211,8.78499984741211,8.78499984741211,8.78499984741211,400,0.0,0.0
2024-10-23 12:52:00-04:00,8.779999732971191,8.800000190734863,8.779999732971191,8.780500411987305,9289,0.0,0.0
2024-10-23 12:53:00-04:00,8.779999732971191,8.779999732971191,8.779999732971191,8.779999732971191,1010,0.0,0.0
2024-10-23 13:00:00-04:00,8.790300369262695,8.790300369262695,8.790300369262695,8.790300369262695,1700,0.0,0.0
2024-10-23 13:01:00-04:00,8.779999732971191,8.779999732971191,8.770000457763672,8.779899597167969,2955,0.0,0.0
2024-10-23 13:02:00-04:00,8.770000457763672,8.770000457763672,8.770000457763672,8.770000457763672,110,0.0,0.0
2024-10-23 13:03:00-04:00,8.760000228881836,8.770000457763672,8.755000114440918,8.770000457763672,1413,0.0,0.0
2024-10-23 13:14:00-04:00,8.760000228881836,8.760000228881836,8.760000228881836,8.760000228881836,510,0.0,0.0
2024-10-23 13:20:00-04:00,8.760000228881836,8.760000228881836,8.760000228881836,8.760000228881836,135,0.0,0.0
2024-10-23 13:37:00-04:00,8.760000228881836,8.769399642944336,8.760000228881836,8.760000228881836,1987,0.0,0.0
2024-10-23 13:38:00-04:00,8.755000114440918,8.760000228881836,8.751099586486816,8.751099586486816,2319,0.0,0.0
2024-10-23 13:40:00-04:00,8.760000228881836,8.760000228881836,8.755000114440918,8.755000114440918,2234,0.0,0.0
2024-10-23 13:41:00-04:00,8.755000114440918,8.760000228881836,8.755000114440918,8.755000114440918,961,0.0,0.0
2024-10-23 13:42:00-04:00,8.755000114440918,8.755000114440918,8.750800132751465,8.755000114440918,4315,0.0,0.0
2024-10-23 13:43:00-04:00,8.755000114440918,8.755000114440918,8.75,8.75,5140,0.0,0.0
2024-10-23 13:44:00-04:00,8.75,8.75,8.75,8.75,501,0.0,0.0
2024-10-23 13:45:00-04:00,8.75,8.755000114440918,8.75,8.755000114440918,892,0.0,0.0
2024-10-23 13:46:00-04:00,8.759900093078613,8.759900093078613,8.759900093078613,8.759900093078613,1208,0.0,0.0
2024-10-23 13:47:00-04:00,8.75,8.755000114440918,8.75,8.755000114440918,520,0.0,0.0
2024-10-23 13:48:00-04:00,8.755000114440918,8.755000114440918,8.739999771118164,8.75,3386,0.0,0.0
2024-10-23 13:49:00-04:00,8.744999885559082,8.744999885559082,8.744999885559082,8.744999885559082,954,0.0,0.0
2024-10-23 14:14:00-04:00,8.742600440979004,8.742600440979004,8.742600440979004,8.742600440979004,305,0.0,0.0
2024-10-23 14:15:00-04:00,8.731800079345703,8.731800079345703,8.731800079345703,8.731800079345703,687,0.0,0.0
2024-10-23 14:18:00-04:00,8.76990032196045,8.76990032196045,8.76990032196045,8.76990032196045,636,0.0,0.0
2024-10-23 14:20:00-04:00,8.755000114440918,8.755000114440918,8.755000114440918,8.755000114440918,1831,0.0,0.0
2024-10-23 14:35:00-04:00,8.755000114440918,8.755000114440918,8.755000114440918,8.755000114440918,1193,0.0,0.0
2024-10-23 14:58:00-04:00,8.768600463867188,8.768600463867188,8.768600463867188,8.768600463867188,459,0.0,0.0
2024-10-23 15:06:00-04:00,8.770000457763672,8.779999732971191,8.760000228881836,8.779999732971191,1882,0.0,0.0
2024-10-23 15:16:00-04:00,8.75,8.75,8.75,8.75,400,0.0,0.0
2024-10-23 15:17:00-04:00,8.760000228881836,8.760000228881836,8.755000114440918,8.760000228881836,438,0.0,0.0
2024-10-23 15:23:00-04:00,8.767999649047852,8.767999649047852,8.767999649047852,8.767999649047852,408,0.0,0.0
2024-10-23 15:26:00-04:00,8.752799987792969,8.752799987792969,8.752799987792969,8.752799987792969,146,0.0,0.0
2024-10-23 15:28:00-04:00,8.779999732971191,8.779999732971191,8.779999732971191,8.779999732971191,300,0.0,0.0
2024-10-23 15:29:00-04:00,8.765000343322754,8.765000343322754,8.755000114440918,8.755000114440918,1001,0.0,0.0
2024-10-23 15:32:00-04:00,8.779899597167969,8.779899597167969,8.779899597167969,8.779899597167969,1032,0.0,0.0
2024-10-23 15:33:00-04:00,8.770000457763672,8.77340030670166,8.770000457763672,8.770000457763672,2574,0.0,0.0
2024-10-23 15:34:00-04:00,8.779800415039062,8.779999732971191,8.770000457763672,8.770000457763672,5579,0.0,0.0
2024-10-23 15:35:00-04:00,8.770000457763672,8.800000190734863,8.770000457763672,8.789999961853027,6062,0.0,0.0
2024-10-23 15:36:00-04:00,8.789999961853027,8.798600196838379,8.78499984741211,8.789999961853027,6933,0.0,0.0
2024-10-23 15:37:00-04:00,8.79990005493164,8.79990005493164,8.79990005493164,8.79990005493164,1000,0.0,0.0
2024-10-23 15:38:00-04:00,8.78600025177002,8.789999961853027,8.78600025177002,8.788000106811523,4521,0.0,0.0
2024-10-23 15:39:00-04:00,8.79990005493164,8.79990005493164,8.789999961853027,8.789999961853027,2312,0.0,0.0
2024-10-23 15:40:00-04:00,8.789999961853027,8.789999961853027,8.789999961853027,8.789999961853027,213,0.0,0.0
2024-10-23 15:41:00-04:00,8.789999961853027,8.789999961853027,8.789999961853027,8.789999961853027,123,0.0,0.0
2024-10-23 15:43:00-04:00,8.789999961853027,8.789999961853027,8.789999961853027,8.789999961853027,122,0.0,0.0
2024-10-23 15:44:00-04:00,8.789999961853027,8.800000190734863,8.789999961853027,8.800000190734863,312,0.0,0.0
2024-10-23 15:46:00-04:00,8.799799919128418,8.799799919128418,8.799799919128418,8.799799919128418,2125,0.0,0.0
2024-10-23 15:47:00-04:00,8.789999961853027,8.789999961853027,8.789999961853027,8.789999961853027,103,0.0,0.0
2024-10-23 15:50:00-04:00,8.789999961853027,8.800000190734863,8.760000228881836,8.792799949645996,4952,0.0,0.0
2024-10-23 15:54:00-04:00,8.800000190734863,8.800100326538086,8.789999961853027,8.789999961853027,1482,0.0,0.0
2024-10-23 15:55:00-04:00,8.795000076293945,8.795000076293945,8.789999961853027,8.789999961853027,615,0.0,0.0
2024-10-23 15:58:00-04:00,8.795000076293945,8.795000076293945,8.791099548339844,8.791099548339844,446,0.0,0.0
2024-10-23 15:59:00-04:00,8.789999961853027,8.789999961853027,8.789999961853027,8.789999961853027,1556,0.0,0.0
2024-10-24 09:30:00-04:00,8.800000190734863,8.800000190734863,8.800000190734863,8.800000190734863,578,0.0,0.0
2024-10-24 09:36:00-04:00,8.800000190734863,8.800000190734863,8.800000190734863,8.800000190734863,175,0.0,0.0
2024-10-24 09:43:00-04:00,8.809399604797363,8.809399604797363,8.809399604797363,8.809399604797363,153,0.0,0.0
2024-10-24 09:48:00-04:00,8.800100326538086,8.800100326538086,8.800100326538086,8.800100326538086,280,0.0,0.0
2024-10-24 09:56:00-04:00,8.819999694824219,8.819999694824219,8.819999694824219,8.819999694824219,100,0.0,0.0
2024-10-24 09:57:00-04:00,8.829999923706055,8.829999923706055,8.829999923706055,8.829999923706055,109,0.0,0.0
2024-10-24 10:04:00-04:00,8.810500144958496,8.810500144958496,8.810500144958496,8.810500144958496,1501,0.0,0.0
2024-10-24 10:10:00-04:00,8.819899559020996,8.819899559020996,8.819899559020996,8.819899559020996,1740,0.0,0.0
2024-10-24 10:13:00-04:00,8.815999984741211,8.815999984741211,8.815999984741211,8.815999984741211,1255,0.0,0.0
2024-10-24 10:30:00-04:00,8.794300079345703,8.794300079345703,8.794300079345703,8.794300079345703,2480,0.0,0.0
2024-10-24 10:33:00-04:00,8.779999732971191,8.779999732971191,8.760000228881836,8.760000228881836,512,0.0,0.0
2024-10-24 10:37:00-04:00,8.789999961853027,8.79259967803955,8.789999961853027,8.79259967803955,3502,0.0,0.0
2024-10-24 10:46:00-04:00,8.800000190734863,8.800000190734863,8.800000190734863,8.800000190734863,103,0.0,0.0
2024-10-24 11:02:00-04:00,8.799799919128418,8.799799919128418,8.799799919128418,8.799799919128418,355,0.0,0.0
2024-10-24 11:04:00-04:00,8.823800086975098,8.823800086975098,8.823800086975098,8.823800086975098,465,0.0,0.0
2024-10-24 11:33:00-04:00,8.770000457763672,8.770000457763672,8.770000457763672,8.770000457763672,500,0.0,0.0
2024-10-24 11:35:00-04:00,8.774399757385254,8.774399757385254,8.774399757385254,8.774399757385254,1801,0.0,0.0
2024-10-24 11:46:00-04:00,8.800000190734863,8.800000190734863,8.800000190734863,8.800000190734863,692,0.0,0.0
2024-10-24 12:04:00-04:00,8.805700302124023,8.805700302124023,8.805700302124023,8.805700302124023,157,0.0,0.0
2024-10-24 12:05:00-04:00,8.8100004196167,8.81779956817627,8.8100004196167,8.81779956817627,920,0.0,0.0
2024-10-24 12:08:00-04:00,8.79699993133545,8.79699993133545,8.79699993133545,8.79699993133545,3500,0.0,0.0
2024-10-24 12:11:00-04:00,8.800600051879883,8.800600051879883,8.800600051879883,8.800600051879883,1000,0.0,0.0
2024-10-24 12:12:00-04:00,8.829999923706055,8.829999923706055,8.829999923706055,8.829999923706055,104,0.0,0.0
2024-10-24 12:44:00-04:00,8.80459976196289,8.80459976196289,8.80459976196289,8.80459976196289,310,0.0,0.0
2024-10-24 12:46:00-04:00,8.815400123596191,8.815400123596191,8.815400123596191,8.815400123596191,135,0.0,0.0
2024-10-24 12:49:00-04:00,8.80049991607666,8.806400299072266,8.80049991607666,8.806400299072266,5100,0.0,0.0
2024-10-24 12:50:00-04:00,8.800000190734863,8.800100326538086,8.789999961853027,8.795000076293945,8668,0.0,0.0
2024-10-24 12:55:00-04:00,8.789999961853027,8.789999961853027,8.779999732971191,8.779999732971191,733,0.0,0.0
2024-10-24 12:56:00-04:00,8.784199714660645,8.784199714660645,8.770000457763672,8.772700309753418,2925,0.0,0.0
2024-10-24 12:57:00-04:00,8.770000457763672,8.77929973602295,8.770000457763672,8.77929973602295,205,0.0,0.0
2024-10-24 12:58:00-04:00,8.770000457763672,8.77299976348877,8.770000457763672,8.77299976348877,1205,0.0,0.0
2024-10-24 13:18:00-04:00,8.779999732971191,8.779999732971191,8.779999732971191,8.779999732971191,200,0.0,0.0
2024-10-24 13:26:00-04:00,8.779999732971191,8.779999732971191,8.779999732971191,8.779999732971191,235,0.0,0.0
2024-10-24 13:46:00-04:00,8.78499984741211,8.78499984741211,8.78499984741211,8.78499984741211,210,0.0,0.0
2024-10-24 13:55:00-04:00,8.788999557495117,8.789999961853027,8.78499984741211,8.78499984741211,5625,0.0,0.0
2024-10-24 13:59:00-04:00,8.779999732971191,8.779999732971191,8.779999732971191,8.779999732971191,303,0.0,0.0
2024-10-24 14:01:00-04:00,8.781000137329102,8.781000137329102,8.781000137329102,8.781000137329102,100,0.0,0.0
2024-10-24 14:04:00-04:00,8.784799575805664,8.784799575805664,8.784799575805664,8.784799575805664,200,0.0,0.0
2024-10-24 14:06:00-04:00,8.781399726867676,8.789999961853027,8.781399726867676,8.78499984741211,3081,0.0,0.0
2024-10-24 14:07:00-04:00,8.779999732971191,8.779999732971191,8.779999732971191,8.779999732971191,200,0.0,0.0
2024-10-24 14:11:00-04:00,8.779999732971191,8.779999732971191,8.779999732971191,8.779999732971191,800,0.0,0.0
2024-10-24 14:12:00-04:00,8.781100273132324,8.781100273132324,8.781100273132324,8.781100273132324,200,0.0,0.0
2024-10-24 14:16:00-04:00,8.78499984741211,8.8100004196167,8.78499984741211,8.8100004196167,5573,0.0,0.0
2024-10-24 14:19:00-04:00,8.8100004196167,8.8100004196167,8.809000015258789,8.8100004196167,4951,0.0,0.0
2024-10-24 14:25:00-04:00,8.779999732971191,8.779999732971191,8.779999732971191,8.779999732971191,1150,0.0,0.0
2024-10-24 14:29:00-04:00,8.78499984741211,8.78499984741211,8.78499984741211,8.78499984741211,286,0.0,0.0
2024-10-24 14:35:00-04:00,8.78499984741211,8.78499984741211,8.78499984741211,8.78499984741211,177,0.0,0.0
2024-10-24 14:36:00-04:00,8.789999961853027,8.789999961853027,8.789999961853027,8.789999961853027,350,0.0,0.0
2024-10-24 14:46:00-04:00,8.789999961853027,8.789999961853027,8.789999961853027,8.789999961853027,345,0.0,0.0
2024-10-24 14:49:00-04:00,8.789999961853027,8.789999961853027,8.789999961853027,8.789999961853027,100,0.0,0.0
2024-10-24 14:54:00-04:00,8.789999961853027,8.789999961853027,8.789999961853027,8.789999961853027,210,0.0,0.0
2024-10-24 15:01:00-04:00,8.779999732971191,8.779999732971191,8.779999732971191,8.779999732971191,100,0.0,0.0
2024-10-24 15:04:00-04:00,8.779999732971191,8.779999732971191,8.779999732971191,8.779999732971191,402,0.0,0.0
2024-10-24 15:10:00-04:00,8.780099868774414,8.780099868774414,8.780099868774414,8.780099868774414,200,0.0,0.0
2024-10-24 15:11:00-04:00,8.780099868774414,8.780099868774414,8.780099868774414,8.780099868774414,200,0.0,0.0
2024-10-24 15:14:00-04:00,8.800000190734863,8.800000190734863,8.779999732971191,8.779999732971191,400,0.0,0.0
2024-10-24 15:21:00-04:00,8.779999732971191,8.779999732971191,8.779999732971191,8.779999732971191,960,0.0,0.0
2024-10-24 15:28:00-04:00,8.788000106811523,8.788000106811523,8.788000106811523,8.788000106811523,323,0.0,0.0
2024-10-24 15:29:00-04:00,8.789999961853027,8.789999961853027,8.789999961853027,8.789999961853027,100,0.0,0.0
2024-10-24 15:30:00-04:00,8.800000190734863,8.800000190734863,8.789999961853027,8.789999961853027,548,0.0,0.0
2024-10-24 15:31:00-04:00,8.795000076293945,8.795000076293945,8.789999961853027,8.789999961853027,901,0.0,0.0
2024-10-24 15:44:00-04:00,8.793899536132812,8.793899536132812,8.793899536132812,8.793899536132812,911,0.0,0.0
2024-10-24 15:50:00-04:00,8.79800033569336,8.79800033569336,8.79800033569336,8.79800033569336,130,0.0,0.0
2024-10-24 15:53:00-04:00,8.800000190734863,8.800000190734863,8.800000190734863,8.800000190734863,1000,0.0,0.0
2024-10-24 15:59:00-04:00,8.800000190734863,8.800000190734863,8.800000190734863,8.800000190734863,200,0.0,0.0
2024-10-25 09:30:00-04:00,8.779999732971191,8.779999732971191,8.779999732971191,8.779999732971191,4480,0.0,0.0
2024-10-25 09:38:00-04:00,8.770000457763672,8.770000457763672,8.770000457763672,8.770000457763672,895,0.0,0.0
2024-10-25 09:44:00-04:00,8.784799575805664,8.784799575805664,8.784799575805664,8.784799575805664,907,0.0,0.0
2024-10-25 09:50:00-04:00,8.789999961853027,8.79580020904541,8.779999732971191,8.79580020904541,6188,0.0,0.0
2024-10-25 09:51:00-04:00,8.79990005493164,8.79990005493164,8.79990005493164,8.79990005493164,520,0.0,0.0
2024-10-25 09:54:00-04:00,8.772899627685547,8.772899627685547,8.772899627685547,8.772899627685547,189,0.0,0.0
2024-10-25 09:55:00-04:00,8.78499984741211,8.78499984741211,8.78499984741211,8.78499984741211,471,0.0,0.0
2024-10-25 10:04:00-04:00,8.779999732971191,8.779999732971191,8.779999732971191,8.779999732971191,241,0.0,0.0
2024-10-25 10:13:00-04:00,8.795499801635742,8.795499801635742,8.795499801635742,8.795499801635742,100,0.0,0.0
2024-10-25 10:14:00-04:00,8.789999961853027,8.789999961853027,8.789999961853027,8.789999961853027,108,0.0,0.0
2024-10-25 10:19:00-04:00,8.789999961853027,8.789999961853027,8.789999961853027,8.789999961853027,500,0.0,0.0
2024-10-25 10:21:00-04:00,8.789999961853027,8.800000190734863,8.789999961853027,8.800000190734863,583,0.0,0.0
2024-10-25 10:23:00-04:00,8.795000076293945,8.800000190734863,8.795000076293945,8.800000190734863,200,0.0,0.0
2024-10-25 10:24:00-04:00,8.800000190734863,8.800000190734863,8.800000190734863,8.800000190734863,108,0.0,0.0
2024-10-25 10:27:00-04:00,8.794705390930176,8.794705390930176,8.794705390930176,8.794705390930176,222,0.0,0.0
2024-10-25 10:28:00-04:00,8.800000190734863,8.800000190734863,8.798999786376953,8.79990005493164,1875,0.0,0.0
2024-10-25 10:39:00-04:00,8.8100004196167,8.819999694824219,8.8100004196167,8.819999694824219,1002,0.0,0.0
2024-10-25 10:41:00-04:00,8.8100004196167,8.8100004196167,8.8100004196167,8.8100004196167,1200,0.0,0.0
2024-10-25 10:44:00-04:00,8.809700012207031,8.809700012207031,8.809700012207031,8.809700012207031,209,0.0,0.0
2024-10-25 10:52:00-04:00,8.8100004196167,8.8100004196167,8.8100004196167,8.8100004196167,1501,0.0,0.0
2024-10-25 11:23:00-04:00,8.805000305175781,8.805000305175781,8.805000305175781,8.805000305175781,2575,0.0,0.0
2024-10-25 11:41:00-04:00,8.799099922180176,8.799099922180176,8.799099922180176,8.799099922180176,151,0.0,0.0
2024-10-25 11:52:00-04:00,8.800000190734863,8.800000190734863,8.800000190734863,8.800000190734863,1080,0.0,0.0
2024-10-25 11:53:00-04:00,8.79699993133545,8.79699993133545,8.79699993133545,8.79699993133545,1020,0.0,0.0
2024-10-25 12:13:00-04:00,8.791099548339844,8.791099548339844,8.791099548339844,8.791099548339844,227,0.0,0.0
2024-10-25 12:14:00-04:00,8.789999961853027,8.790800094604492,8.789999961853027,8.790800094604492,500,0.0,0.0
2024-10-25 12:20:00-04:00,8.789999961853027,8.789999961853027,8.789999961853027,8.789999961853027,2780,0.0,0.0
2024-10-25 12:34:00-04:00,8.797300338745117,8.797300338745117,8.797300338745117,8.797300338745117,205,0.0,0.0
2024-10-25 12:37:00-04:00,8.795000076293945,8.800000190734863,8.795000076293945,8.795100212097168,1127,0.0,0.0
2024-10-25 12:42:00-04:00,8.79010009765625,8.79010009765625,8.79010009765625,8.79010009765625,137,0.0,0.0
2024-10-25 12:52:00-04:00,8.800000190734863,8.800000190734863,8.79990005493164,8.79990005493164,347,0.0,0.0
2024-10-25 13:01:00-04:00,8.794599533081055,8.794599533081055,8.794599533081055,8.794599533081055,593,0.0,0.0
2024-10-25 13:03:00-04:00,8.795000076293945,8.795000076293945,8.795000076293945,8.795000076293945,202,0.0,0.0
2024-10-25 13:10:00-04:00,8.792400360107422,8.792400360107422,8.792400360107422,8.792400360107422,240,0.0,0.0
2024-10-25 13:15:00-04:00,8.789999961853027,8.789999961853027,8.789999961853027,8.789999961853027,3497,0.0,0.0
2024-10-25 13:19:00-04:00,8.789999961853027,8.789999961853027,8.789999961853027,8.789999961853027,401,0.0,0.0
2024-10-25 13:27:00-04:00,8.789999961853027,8.789999961853027,8.789999961853027,8.789999961853027,210,0.0,0.0
2024-10-25 13:29:00-04:00,8.78969955444336,8.789999961853027,8.78969955444336,8.789999961853027,366,0.0,0.0
2024-10-25 13:35:00-04:00,8.789999961853027,8.789999961853027,8.789999961853027,8.789999961853027,130,0.0,0.0
2024-10-25 14:21:00-04:00,8.789999961853027,8.789999961853027,8.789999961853027,8.789999961853027,120,0.0,0.0
2024-10-25 14:45:00-04:00,8.789999961853027,8.789999961853027,8.78499984741211,8.789999961853027,1803,0.0,0.0
2024-10-25 14:55:00-04:00,8.779999732971191,8.779999732971191,8.779999732971191,8.779999732971191,129,0.0,0.0
2024-10-25 14:59:00-04:00,8.786700248718262,8.789999961853027,8.786700248718262,8.789999961853027,2137,0.0,0.0
2024-10-25 15:09:00-04:00,8.795100212097168,8.795100212097168,8.789999961853027,8.789999961853027,308,0.0,0.0
2024-10-25 15:12:00-04:00,8.789999961853027,8.789999961853027,8.789999961853027,8.789999961853027,120,0.0,0.0
2024-10-25 15:13:00-04:00,8.779999732971191,8.779999732971191,8.779999732971191,8.779999732971191,100,0.0,0.0
2024-10-25 15:17:00-04:00,8.789999961853027,8.789999961853027,8.78499984741211,8.789999961853027,1579,0.0,0.0
2024-10-25 15:22:00-04:00,8.779999732971191,8.779999732971191,8.779999732971191,8.779999732971191,379,0.0,0.0
2024-10-25 15:30:00-04:00,8.779999732971191,8.779999732971191,8.779999732971191,8.779999732971191,283,0.0,0.0
2024-10-25 15:36:00-04:00,8.779999732971191,8.787699699401855,8.779999732971191,8.787699699401855,420,0.0,0.0
2024-10-25 15:50:00-04:00,8.786299705505371,8.786299705505371,8.786299705505371,8.786299705505371,259,0.0,0.0
2024-10-25 15:55:00-04:00,8.779999732971191,8.779999732971191,8.779999732971191,8.779999732971191,121,0.0,0.0
2024-10-25 15:59:00-04:00,8.781999588012695,8.781999588012695,8.779999732971191,8.779999732971191,1307,0.0,0.0
