Datetime,Open,High,Low,Close,Volume,Dividends,Stock Splits,Capital Gains
2024-10-21 09:30:00-04:00,23.520000457763672,23.520000457763672,23.510000228881836,23.520000457763672,3583,0.0,0.0,0.0
2024-10-21 09:32:00-04:00,23.5,23.5,23.5,23.5,243,0.0,0.0,0.0
2024-10-21 09:34:00-04:00,23.489999771118164,23.489999771118164,23.485000610351562,23.485000610351562,568,0.0,0.0,0.0
2024-10-21 09:37:00-04:00,23.420000076293945,23.420000076293945,23.420000076293945,23.420000076293945,228,0.0,0.0,0.0
2024-10-21 09:39:00-04:00,23.3700008392334,23.3700008392334,23.3700008392334,23.3700008392334,427,0.0,0.0,0.0
2024-10-21 09:40:00-04:00,23.3700008392334,23.3700008392334,23.34000015258789,23.34000015258789,634,0.0,0.0,0.0
2024-10-21 09:41:00-04:00,23.350000381469727,23.360000610351562,23.350000381469727,23.360000610351562,656,0.0,0.0,0.0
2024-10-21 09:43:00-04:00,23.329999923706055,23.329999923706055,23.329999923706055,23.329999923706055,281,0.0,0.0,0.0
2024-10-21 09:45:00-04:00,23.31999969482422,23.329999923706055,23.31999969482422,23.329999923706055,321,0.0,0.0,0.0
2024-10-21 09:46:00-04:00,23.34000015258789,23.34000015258789,23.34000015258789,23.34000015258789,819,0.0,0.0,0.0
2024-10-21 09:47:00-04:00,23.329999923706055,23.329999923706055,23.329999923706055,23.329999923706055,357,0.0,0.0,0.0
2024-10-21 09:48:00-04:00,23.315000534057617,23.31999969482422,23.315000534057617,23.31999969482422,1442,0.0,0.0,0.0
2024-10-21 09:50:00-04:00,23.34000015258789,23.360000610351562,23.34000015258789,23.360000610351562,24943,0.0,0.0,0.0
2024-10-21 09:52:00-04:00,23.34000015258789,23.34000015258789,23.33009910583496,23.33009910583496,564,0.0,0.0,0.0
2024-10-21 09:54:00-04:00,23.31999969482422,23.31999969482422,23.309999465942383,23.309999465942383,2540,0.0,0.0,0.0
2024-10-21 09:56:00-04:00,23.32200050354004,23.32200050354004,23.299999237060547,23.299999237060547,6091,0.0,0.0,0.0
2024-10-21 09:59:00-04:00,23.28499984741211,23.28499984741211,23.280000686645508,23.280000686645508,403,0.0,0.0,0.0
2024-10-21 10:00:00-04:00,23.280000686645508,23.280000686645508,23.280000686645508,23.280000686645508,187,0.0,0.0,0.0
2024-10-21 10:02:00-04:00,23.260000228881836,23.260000228881836,23.260000228881836,23.260000228881836,206,0.0,0.0,0.0
2024-10-21 10:03:00-04:00,23.26849937438965,23.26849937438965,23.259700775146484,23.260000228881836,573,0.0,0.0,0.0
2024-10-21 10:04:00-04:00,23.2549991607666,23.2549991607666,23.239999771118164,23.239999771118164,5067,0.0,0.0,0.0
2024-10-21 10:05:00-04:00,23.2549991607666,23.2549991607666,23.2549991607666,23.2549991607666,523,0.0,0.0,0.0
2024-10-21 10:06:00-04:00,23.219999313354492,23.219999313354492,23.209999084472656,23.209999084472656,884,0.0,0.0,0.0
2024-10-21 10:09:00-04:00,23.219999313354492,23.229999542236328,23.219999313354492,23.225000381469727,546,0.0,0.0,0.0
2024-10-21 10:10:00-04:00,23.219999313354492,23.219999313354492,23.219999313354492,23.219999313354492,182,0.0,0.0,0.0
2024-10-21 10:11:00-04:00,23.219999313354492,23.225000381469727,23.219999313354492,23.225000381469727,518,0.0,0.0,0.0
2024-10-21 10:12:00-04:00,23.21969985961914,23.21969985961914,23.21969985961914,23.21969985961914,994,0.0,0.0,0.0
2024-10-21 10:14:00-04:00,23.209999084472656,23.209999084472656,23.209999084472656,23.209999084472656,500,0.0,0.0,0.0
2024-10-21 10:15:00-04:00,23.204999923706055,23.204999923706055,23.190000534057617,23.190000534057617,501,0.0,0.0,0.0
2024-10-21 10:16:00-04:00,23.200000762939453,23.200000762939453,23.200000762939453,23.200000762939453,602,0.0,0.0,0.0
2024-10-21 10:17:00-04:00,23.190000534057617,23.190000534057617,23.190000534057617,23.190000534057617,354,0.0,0.0,0.0
2024-10-21 10:19:00-04:00,23.18000030517578,23.18000030517578,23.18000030517578,23.18000030517578,100,0.0,0.0,0.0
2024-10-21 10:20:00-04:00,23.184999465942383,23.19499969482422,23.184999465942383,23.19499969482422,483,0.0,0.0,0.0
2024-10-21 10:21:00-04:00,23.190000534057617,23.190000534057617,23.190000534057617,23.190000534057617,100,0.0,0.0,0.0
2024-10-21 10:22:00-04:00,23.19499969482422,23.19499969482422,23.19499969482422,23.19499969482422,113,0.0,0.0,0.0
2024-10-21 10:24:00-04:00,23.200000762939453,23.200000762939453,23.200000762939453,23.200000762939453,252,0.0,0.0,0.0
2024-10-21 10:25:00-04:00,23.185100555419922,23.190000534057617,23.185100555419922,23.190000534057617,1353,0.0,0.0,0.0
2024-10-21 10:27:00-04:00,23.190000534057617,23.190000534057617,23.184999465942383,23.184999465942383,253,0.0,0.0,0.0
2024-10-21 10:28:00-04:00,23.184999465942383,23.184999465942383,23.184999465942383,23.184999465942383,141,0.0,0.0,0.0
2024-10-21 10:29:00-04:00,23.18000030517578,23.18000030517578,23.18000030517578,23.18000030517578,701,0.0,0.0,0.0
2024-10-21 10:30:00-04:00,23.18000030517578,23.18000030517578,23.18000030517578,23.18000030517578,759,0.0,0.0,0.0
2024-10-21 10:31:00-04:00,23.18000030517578,23.18000030517578,23.15999984741211,23.15999984741211,1645,0.0,0.0,0.0
2024-10-21 10:32:00-04:00,23.165000915527344,23.170000076293945,23.165000915527344,23.170000076293945,430,0.0,0.0,0.0
2024-10-21 10:33:00-04:00,23.165000915527344,23.167400360107422,23.15999984741211,23.15999984741211,1730,0.0,0.0,0.0
2024-10-21 10:34:00-04:00,23.15999984741211,23.15999984741211,23.15999984741211,23.15999984741211,881,0.0,0.0,0.0
2024-10-21 10:36:00-04:00,23.15999984741211,23.170000076293945,23.15999984741211,23.170000076293945,1902,0.0,0.0,0.0
2024-10-21 10:37:00-04:00,23.18000030517578,23.18000030517578,23.17729949951172,23.17729949951172,2614,0.0,0.0,0.0
2024-10-21 10:39:00-04:00,23.17889976501465,23.17889976501465,23.17889976501465,23.17889976501465,189,0.0,0.0,0.0
2024-10-21 10:40:00-04:00,23.170000076293945,23.170000076293945,23.15999984741211,23.15999984741211,2664,0.0,0.0,0.0
2024-10-21 10:41:00-04:00,23.170000076293945,23.170000076293945,23.170000076293945,23.170000076293945,636,0.0,0.0,0.0
2024-10-21 10:42:00-04:00,23.170000076293945,23.170000076293945,23.170000076293945,23.170000076293945,172,0.0,0.0,0.0
2024-10-21 10:43:00-04:00,23.170000076293945,23.170000076293945,23.149999618530273,23.149999618530273,3812,0.0,0.0,0.0
2024-10-21 10:44:00-04:00,23.15999984741211,23.15999984741211,23.15999984741211,23.15999984741211,400,0.0,0.0,0.0
2024-10-21 10:45:00-04:00,23.15999984741211,23.15999984741211,23.15999984741211,23.15999984741211,1754,0.0,0.0,0.0
2024-10-21 10:47:00-04:00,23.155000686645508,23.155000686645508,23.155000686645508,23.155000686645508,1322,0.0,0.0,0.0
2024-10-21 10:48:00-04:00,23.155000686645508,23.155000686645508,23.139999389648438,23.139999389648438,1597,0.0,0.0,0.0
2024-10-21 10:49:00-04:00,23.139999389648438,23.145000457763672,23.1299991607666,23.1299991607666,2422,0.0,0.0,0.0
2024-10-21 10:50:00-04:00,23.139999389648438,23.139999389648438,23.139999389648438,23.139999389648438,1145,0.0,0.0,0.0
2024-10-21 10:51:00-04:00,23.149999618530273,23.155000686645508,23.149999618530273,23.155000686645508,499,0.0,0.0,0.0
2024-10-21 10:52:00-04:00,23.1560001373291,23.1560001373291,23.135000228881836,23.135000228881836,1144,0.0,0.0,0.0
2024-10-21 10:53:00-04:00,23.13010025024414,23.13010025024414,23.13010025024414,23.13010025024414,600,0.0,0.0,0.0
2024-10-21 10:54:00-04:00,23.139999389648438,23.139999389648438,23.139999389648438,23.139999389648438,103,0.0,0.0,0.0
2024-10-21 10:55:00-04:00,23.138599395751953,23.138599395751953,23.135000228881836,23.135000228881836,859,0.0,0.0,0.0
2024-10-21 10:56:00-04:00,23.1299991607666,23.1299991607666,23.1299991607666,23.1299991607666,208,0.0,0.0,0.0
2024-10-21 10:57:00-04:00,23.1299991607666,23.1299991607666,23.1299991607666,23.1299991607666,655,0.0,0.0,0.0
2024-10-21 10:58:00-04:00,23.1299991607666,23.1299991607666,23.125,23.125,259,0.0,0.0,0.0
2024-10-21 10:59:00-04:00,23.125,23.125,23.125,23.125,310,0.0,0.0,0.0
2024-10-21 11:00:00-04:00,23.125,23.125,23.125,23.125,100,0.0,0.0,0.0
2024-10-21 11:01:00-04:00,23.110000610351562,23.110000610351562,23.110000610351562,23.110000610351562,0,0.0,0.0,0.0
2024-10-21 11:02:00-04:00,23.1200008392334,23.125,23.114999771118164,23.114999771118164,93124,0.0,0.0,0.0
2024-10-21 11:03:00-04:00,23.114999771118164,23.114999771118164,23.100000381469727,23.100000381469727,817,0.0,0.0,0.0
2024-10-21 11:04:00-04:00,23.109899520874023,23.110000610351562,23.109899520874023,23.110000610351562,626,0.0,0.0,0.0
2024-10-21 11:05:00-04:00,23.100000381469727,23.100000381469727,23.079999923706055,23.079999923706055,3466,0.0,0.0,0.0
2024-10-21 11:06:00-04:00,23.084999084472656,23.09000015258789,23.084999084472656,23.09000015258789,1898,0.0,0.0,0.0
2024-10-21 11:07:00-04:00,23.09000015258789,23.09000015258789,23.09000015258789,23.09000015258789,536,0.0,0.0,0.0
2024-10-21 11:08:00-04:00,23.079999923706055,23.079999923706055,23.073999404907227,23.079999923706055,2175,0.0,0.0,0.0
2024-10-21 11:10:00-04:00,23.09000015258789,23.09000015258789,23.09000015258789,23.09000015258789,701,0.0,0.0,0.0
2024-10-21 11:11:00-04:00,23.09000015258789,23.094999313354492,23.09000015258789,23.09000015258789,1179,0.0,0.0,0.0
2024-10-21 11:14:00-04:00,23.094999313354492,23.094999313354492,23.094999313354492,23.094999313354492,134,0.0,0.0,0.0
2024-10-21 11:15:00-04:00,23.09000015258789,23.09000015258789,23.06999969482422,23.06999969482422,4439,0.0,0.0,0.0
2024-10-21 11:17:00-04:00,23.075000762939453,23.079999923706055,23.075000762939453,23.079999923706055,379,0.0,0.0,0.0
2024-10-21 11:18:00-04:00,23.079999923706055,23.079999923706055,23.079999923706055,23.079999923706055,662,0.0,0.0,0.0
2024-10-21 11:19:00-04:00,23.09000015258789,23.09000015258789,23.084999084472656,23.084999084472656,358,0.0,0.0,0.0
2024-10-21 11:20:00-04:00,23.094999313354492,23.100000381469727,23.094999313354492,23.100000381469727,2290,0.0,0.0,0.0
2024-10-21 11:21:00-04:00,23.09000015258789,23.09000015258789,23.09000015258789,23.09000015258789,239,0.0,0.0,0.0
2024-10-21 11:22:00-04:00,23.09000015258789,23.09000015258789,23.09000015258789,23.09000015258789,475,0.0,0.0,0.0
2024-10-21 11:25:00-04:00,23.084999084472656,23.084999084472656,23.079999923706055,23.081100463867188,1903,0.0,0.0,0.0
2024-10-21 11:26:00-04:00,23.084999084472656,23.084999084472656,23.084999084472656,23.084999084472656,174,0.0,0.0,0.0
2024-10-21 11:28:00-04:00,23.079999923706055,23.079999923706055,23.06999969482422,23.06999969482422,1207,0.0,0.0,0.0
2024-10-21 11:29:00-04:00,23.076000213623047,23.076000213623047,23.076000213623047,23.076000213623047,146,0.0,0.0,0.0
2024-10-21 11:32:00-04:00,23.06999969482422,23.06999969482422,23.06999969482422,23.06999969482422,103,0.0,0.0,0.0
2024-10-21 11:36:00-04:00,23.065000534057617,23.065000534057617,23.065000534057617,23.065000534057617,269,0.0,0.0,0.0
2024-10-21 11:37:00-04:00,23.068300247192383,23.068300247192383,23.068300247192383,23.068300247192383,208,0.0,0.0,0.0
2024-10-21 11:38:00-04:00,23.059999465942383,23.059999465942383,23.059999465942383,23.059999465942383,1313,0.0,0.0,0.0
2024-10-21 11:39:00-04:00,23.065000534057617,23.065000534057617,23.065000534057617,23.065000534057617,104,0.0,0.0,0.0
2024-10-21 11:41:00-04:00,23.06999969482422,23.06999969482422,23.06999969482422,23.06999969482422,1073,0.0,0.0,0.0
2024-10-21 11:42:00-04:00,23.075000762939453,23.075000762939453,23.075000762939453,23.075000762939453,111,0.0,0.0,0.0
2024-10-21 11:43:00-04:00,23.079999923706055,23.079999923706055,23.079999923706055,23.079999923706055,125,0.0,0.0,0.0
2024-10-21 11:44:00-04:00,23.09000015258789,23.09000015258789,23.09000015258789,23.09000015258789,997,0.0,0.0,0.0
2024-10-21 11:45:00-04:00,23.09000015258789,23.09000015258789,23.09000015258789,23.09000015258789,500,0.0,0.0,0.0
2024-10-21 11:46:00-04:00,23.100000381469727,23.110000610351562,23.100000381469727,23.104999542236328,600,0.0,0.0,0.0
2024-10-21 11:47:00-04:00,23.100000381469727,23.100000381469727,23.100000381469727,23.100000381469727,174,0.0,0.0,0.0
2024-10-21 11:49:00-04:00,23.09000015258789,23.09000015258789,23.09000015258789,23.09000015258789,101,0.0,0.0,0.0
2024-10-21 11:50:00-04:00,23.094999313354492,23.094999313354492,23.094999313354492,23.094999313354492,154,0.0,0.0,0.0
2024-10-21 11:51:00-04:00,23.100000381469727,23.104999542236328,23.100000381469727,23.104999542236328,765,0.0,0.0,0.0
2024-10-21 11:52:00-04:00,23.110000610351562,23.1200008392334,23.110000610351562,23.1200008392334,826,0.0,0.0,0.0
2024-10-21 11:53:00-04:00,23.1299991607666,23.1299991607666,23.1299991607666,23.1299991607666,4589,0.0,0.0,0.0
2024-10-21 11:55:00-04:00,23.121000289916992,23.121000289916992,23.121000289916992,23.121000289916992,2797,0.0,0.0,0.0
2024-10-21 11:56:00-04:00,23.125,23.125,23.125,23.125,502,0.0,0.0,0.0
2024-10-21 11:57:00-04:00,23.13089942932129,23.13089942932129,23.1299991607666,23.1299991607666,2255,0.0,0.0,0.0
2024-10-21 11:59:00-04:00,23.1299991607666,23.13990020751953,23.1299991607666,23.138599395751953,2100,0.0,0.0,0.0
2024-10-21 12:00:00-04:00,23.135000228881836,23.135000228881836,23.135000228881836,23.135000228881836,101,0.0,0.0,0.0
2024-10-21 12:01:00-04:00,23.1299991607666,23.1299991607666,23.1200008392334,23.125,4144,0.0,0.0,0.0
2024-10-21 12:07:00-04:00,23.1200008392334,23.1200008392334,23.110000610351562,23.114999771118164,65774,0.0,0.0,0.0
2024-10-21 12:08:00-04:00,23.1200008392334,23.1200008392334,23.1200008392334,23.1200008392334,2323,0.0,0.0,0.0
2024-10-21 12:09:00-04:00,23.125,23.125,23.125,23.125,214,0.0,0.0,0.0
2024-10-21 12:10:00-04:00,23.1299991607666,23.1299991607666,23.1299991607666,23.1299991607666,848,0.0,0.0,0.0
2024-10-21 12:11:00-04:00,23.129899978637695,23.1299991607666,23.129899978637695,23.129899978637695,2476,0.0,0.0,0.0
2024-10-21 12:12:00-04:00,23.1200008392334,23.1200008392334,23.1200008392334,23.1200008392334,600,0.0,0.0,0.0
2024-10-21 12:13:00-04:00,23.110000610351562,23.110000610351562,23.110000610351562,23.110000610351562,1001,0.0,0.0,0.0
2024-10-21 12:15:00-04:00,23.114999771118164,23.1200008392334,23.114999771118164,23.1200008392334,1350,0.0,0.0,0.0
2024-10-21 12:19:00-04:00,23.1200008392334,23.1200008392334,23.1200008392334,23.1200008392334,100,0.0,0.0,0.0
2024-10-21 12:20:00-04:00,23.1200008392334,23.125,23.1200008392334,23.125,201,0.0,0.0,0.0
2024-10-21 12:24:00-04:00,23.110000610351562,23.110000610351562,23.110000610351562,23.110000610351562,1002,0.0,0.0,0.0
2024-10-21 12:25:00-04:00,23.110000610351562,23.115999221801758,23.110000610351562,23.115999221801758,739,0.0,0.0,0.0
2024-10-21 12:26:00-04:00,23.1200008392334,23.1200008392334,23.1200008392334,23.1200008392334,152,0.0,0.0,0.0
2024-10-21 12:28:00-04:00,23.1200008392334,23.1200008392334,23.114999771118164,23.114999771118164,232,0.0,0.0,0.0
2024-10-21 12:32:00-04:00,23.114999771118164,23.114999771118164,23.114999771118164,23.114999771118164,116,0.0,0.0,0.0
2024-10-21 12:33:00-04:00,23.11009979248047,23.1200008392334,23.11009979248047,23.1200008392334,400,0.0,0.0,0.0
2024-10-21 12:34:00-04:00,23.114999771118164,23.114999771118164,23.114999771118164,23.114999771118164,660,0.0,0.0,0.0
2024-10-21 12:38:00-04:00,23.110000610351562,23.110000610351562,23.100000381469727,23.100000381469727,1714,0.0,0.0,0.0
2024-10-21 12:39:00-04:00,23.100000381469727,23.100000381469727,23.100000381469727,23.100000381469727,984,0.0,0.0,0.0
2024-10-21 12:42:00-04:00,23.104999542236328,23.104999542236328,23.104999542236328,23.104999542236328,149,0.0,0.0,0.0
2024-10-21 12:45:00-04:00,23.110000610351562,23.110000610351562,23.110000610351562,23.110000610351562,1436,0.0,0.0,0.0
2024-10-21 12:48:00-04:00,23.100000381469727,23.100000381469727,23.100000381469727,23.100000381469727,216,0.0,0.0,0.0
2024-10-21 12:51:00-04:00,23.09000015258789,23.09000015258789,23.084999084472656,23.084999084472656,202,0.0,0.0,0.0
2024-10-21 12:52:00-04:00,23.09000015258789,23.09000015258789,23.09000015258789,23.09000015258789,253,0.0,0.0,0.0
2024-10-21 12:53:00-04:00,23.082000732421875,23.09000015258789,23.082000732421875,23.09000015258789,3048,0.0,0.0,0.0
2024-10-21 12:56:00-04:00,23.090999603271484,23.090999603271484,23.079999923706055,23.09000015258789,3842,0.0,0.0,0.0
2024-10-21 12:58:00-04:00,23.084999084472656,23.084999084472656,23.084999084472656,23.084999084472656,102,0.0,0.0,0.0
2024-10-21 12:59:00-04:00,23.079999923706055,23.079999923706055,23.079999923706055,23.079999923706055,100,0.0,0.0,0.0
2024-10-21 13:00:00-04:00,23.079999923706055,23.079999923706055,23.079999923706055,23.079999923706055,243,0.0,0.0,0.0
2024-10-21 13:01:00-04:00,23.079999923706055,23.079999923706055,23.079999923706055,23.079999923706055,200,0.0,0.0,0.0
2024-10-21 13:02:00-04:00,23.07990074157715,23.07990074157715,23.07990074157715,23.07990074157715,753,0.0,0.0,0.0
2024-10-21 13:05:00-04:00,23.075000762939453,23.077999114990234,23.06999969482422,23.06999969482422,700,0.0,0.0,0.0
2024-10-21 13:07:00-04:00,23.075000762939453,23.084999084472656,23.075000762939453,23.084999084472656,1715,0.0,0.0,0.0
2024-10-21 13:08:00-04:00,23.084999084472656,23.084999084472656,23.084999084472656,23.084999084472656,105,0.0,0.0,0.0
2024-10-21 13:09:00-04:00,23.09000015258789,23.092357635498047,23.09000015258789,23.09000015258789,8660,0.0,0.0,0.0
2024-10-21 13:10:00-04:00,23.09000015258789,23.09000015258789,23.09000015258789,23.09000015258789,501,0.0,0.0,0.0
2024-10-21 13:11:00-04:00,23.08009910583496,23.08009910583496,23.08009910583496,23.08009910583496,184,0.0,0.0,0.0
2024-10-21 13:12:00-04:00,23.084999084472656,23.084999084472656,23.084999084472656,23.084999084472656,124,0.0,0.0,0.0
2024-10-21 13:16:00-04:00,23.079999923706055,23.079999923706055,23.06999969482422,23.075000762939453,2315,0.0,0.0,0.0
2024-10-21 13:17:00-04:00,23.06999969482422,23.06999969482422,23.059999465942383,23.059999465942383,2897,0.0,0.0,0.0
2024-10-21 13:18:00-04:00,23.059999465942383,23.059999465942383,23.049999237060547,23.049999237060547,1552,0.0,0.0,0.0
2024-10-21 13:19:00-04:00,23.049999237060547,23.049999237060547,23.03499984741211,23.03499984741211,940,0.0,0.0,0.0
2024-10-21 13:20:00-04:00,23.040000915527344,23.040000915527344,23.03499984741211,23.040000915527344,1608,0.0,0.0,0.0
2024-10-21 13:21:00-04:00,23.040000915527344,23.040000915527344,23.031700134277344,23.031700134277344,551,0.0,0.0,0.0
2024-10-21 13:25:00-04:00,23.020000457763672,23.020000457763672,23.020000457763672,23.020000457763672,619,0.0,0.0,0.0
2024-10-21 13:26:00-04:00,23.014999389648438,23.020000457763672,23.014999389648438,23.020000457763672,819,0.0,0.0,0.0
2024-10-21 13:27:00-04:00,23.020000457763672,23.024999618530273,23.020000457763672,23.024999618530273,300,0.0,0.0,0.0
2024-10-21 13:28:00-04:00,23.024999618530273,23.024999618530273,23.024999618530273,23.024999618530273,200,0.0,0.0,0.0
2024-10-21 13:29:00-04:00,23.030000686645508,23.03499984741211,23.030000686645508,23.030000686645508,1396,0.0,0.0,0.0
2024-10-21 13:35:00-04:00,23.024999618530273,23.024999618530273,23.024999618530273,23.024999618530273,163,0.0,0.0,0.0
2024-10-21 13:37:00-04:00,23.024999618530273,23.024999618530273,23.024999618530273,23.024999618530273,622,0.0,0.0,0.0
2024-10-21 13:39:00-04:00,23.020000457763672,23.020000457763672,23.020000457763672,23.020000457763672,205,0.0,0.0,0.0
2024-10-21 13:40:00-04:00,23.024999618530273,23.030000686645508,23.024999618530273,23.030000686645508,1102,0.0,0.0,0.0
2024-10-21 13:41:00-04:00,23.031700134277344,23.040000915527344,23.030000686645508,23.030000686645508,4873,0.0,0.0,0.0
2024-10-21 13:42:00-04:00,23.030000686645508,23.03499984741211,23.030000686645508,23.03499984741211,300,0.0,0.0,0.0
2024-10-21 13:43:00-04:00,23.03499984741211,23.03499984741211,23.03499984741211,23.03499984741211,101,0.0,0.0,0.0
2024-10-21 13:44:00-04:00,23.03499984741211,23.03499984741211,23.03499984741211,23.03499984741211,113,0.0,0.0,0.0
2024-10-21 13:45:00-04:00,23.040000915527344,23.040000915527344,23.03499984741211,23.03499984741211,373,0.0,0.0,0.0
2024-10-21 13:46:00-04:00,23.040000915527344,23.040000915527344,23.040000915527344,23.040000915527344,260,0.0,0.0,0.0
2024-10-21 13:48:00-04:00,23.040000915527344,23.049999237060547,23.040000915527344,23.049999237060547,913,0.0,0.0,0.0
2024-10-21 13:49:00-04:00,23.049999237060547,23.049999237060547,23.049999237060547,23.049999237060547,150,0.0,0.0,0.0
2024-10-21 13:51:00-04:00,23.05500030517578,23.059999465942383,23.05500030517578,23.059999465942383,1094,0.0,0.0,0.0
2024-10-21 13:52:00-04:00,23.05500030517578,23.05500030517578,23.049999237060547,23.049999237060547,210,0.0,0.0,0.0
2024-10-21 13:53:00-04:00,23.059999465942383,23.059999465942383,23.049999237060547,23.049999237060547,4191,0.0,0.0,0.0
2024-10-21 13:54:00-04:00,23.05500030517578,23.05500030517578,23.05500030517578,23.05500030517578,100,0.0,0.0,0.0
2024-10-21 13:55:00-04:00,23.050800323486328,23.050800323486328,23.050800323486328,23.050800323486328,265,0.0,0.0,0.0
2024-10-21 13:56:00-04:00,23.049999237060547,23.049999237060547,23.040000915527344,23.040000915527344,1100,0.0,0.0,0.0
2024-10-21 13:59:00-04:00,23.045000076293945,23.045000076293945,23.040000915527344,23.040000915527344,677,0.0,0.0,0.0
2024-10-21 14:02:00-04:00,23.03499984741211,23.040000915527344,23.03499984741211,23.03499984741211,276829,0.0,0.0,0.0
2024-10-21 14:03:00-04:00,23.03499984741211,23.040000915527344,23.03499984741211,23.040000915527344,1126,0.0,0.0,0.0
2024-10-21 14:04:00-04:00,23.040000915527344,23.040000915527344,23.040000915527344,23.040000915527344,200,0.0,0.0,0.0
2024-10-21 14:05:00-04:00,23.049999237060547,23.049999237060547,23.049999237060547,23.049999237060547,384,0.0,0.0,0.0
2024-10-21 14:06:00-04:00,23.040000915527344,23.040000915527344,23.03499984741211,23.040000915527344,5728,0.0,0.0,0.0
2024-10-21 14:07:00-04:00,23.03499984741211,23.03499984741211,23.03499984741211,23.03499984741211,175,0.0,0.0,0.0
2024-10-21 14:08:00-04:00,23.03499984741211,23.03499984741211,23.030000686645508,23.030000686645508,9497,0.0,0.0,0.0
2024-10-21 14:09:00-04:00,23.030000686645508,23.03499984741211,23.030000686645508,23.03499984741211,1876,0.0,0.0,0.0
2024-10-21 14:10:00-04:00,23.03499984741211,23.040000915527344,23.030000686645508,23.040000915527344,3547,0.0,0.0,0.0
2024-10-21 14:11:00-04:00,23.045000076293945,23.045000076293945,23.045000076293945,23.045000076293945,122,0.0,0.0,0.0
2024-10-21 14:14:00-04:00,23.040000915527344,23.040000915527344,23.040000915527344,23.040000915527344,147,0.0,0.0,0.0
2024-10-21 14:15:00-04:00,23.045000076293945,23.045000076293945,23.045000076293945,23.045000076293945,122,0.0,0.0,0.0
2024-10-21 14:18:00-04:00,23.049999237060547,23.059900283813477,23.049999237060547,23.059900283813477,1410,0.0,0.0,0.0
2024-10-21 14:19:00-04:00,23.059999465942383,23.059999465942383,23.059999465942383,23.059999465942383,400,0.0,0.0,0.0
2024-10-21 14:21:00-04:00,23.059999465942383,23.059999465942383,23.059999465942383,23.059999465942383,200,0.0,0.0,0.0
2024-10-21 14:22:00-04:00,23.059999465942383,23.059999465942383,23.059999465942383,23.059999465942383,601,0.0,0.0,0.0
2024-10-21 14:23:00-04:00,23.05500030517578,23.05500030517578,23.05500030517578,23.05500030517578,179,0.0,0.0,0.0
2024-10-21 14:24:00-04:00,23.050100326538086,23.050100326538086,23.040000915527344,23.040000915527344,9574,0.0,0.0,0.0
2024-10-21 14:25:00-04:00,23.049999237060547,23.049999237060547,23.049999237060547,23.049999237060547,510,0.0,0.0,0.0
2024-10-21 14:26:00-04:00,23.059999465942383,23.059999465942383,23.059999465942383,23.059999465942383,810,0.0,0.0,0.0
2024-10-21 14:28:00-04:00,23.06999969482422,23.06999969482422,23.06999969482422,23.06999969482422,1496,0.0,0.0,0.0
2024-10-21 14:30:00-04:00,23.075000762939453,23.079999923706055,23.075000762939453,23.079999923706055,1645,0.0,0.0,0.0
2024-10-21 14:31:00-04:00,23.06999969482422,23.06999969482422,23.065000534057617,23.065000534057617,922,0.0,0.0,0.0
2024-10-21 14:32:00-04:00,23.065399169921875,23.065399169921875,23.065399169921875,23.065399169921875,136,0.0,0.0,0.0
2024-10-21 14:38:00-04:00,23.059999465942383,23.059999465942383,23.05500030517578,23.05500030517578,2772,0.0,0.0,0.0
2024-10-21 14:39:00-04:00,23.05500030517578,23.05500030517578,23.05500030517578,23.05500030517578,168,0.0,0.0,0.0
2024-10-21 14:40:00-04:00,23.049999237060547,23.05500030517578,23.049999237060547,23.049999237060547,2675,0.0,0.0,0.0
2024-10-21 14:41:00-04:00,23.049999237060547,23.05500030517578,23.049999237060547,23.05500030517578,10993,0.0,0.0,0.0
2024-10-21 14:42:00-04:00,23.049999237060547,23.05500030517578,23.049999237060547,23.05500030517578,335,0.0,0.0,0.0
2024-10-21 14:43:00-04:00,23.05500030517578,23.05500030517578,23.05500030517578,23.05500030517578,600,0.0,0.0,0.0
2024-10-21 14:44:00-04:00,23.05500030517578,23.05500030517578,23.049999237060547,23.05500030517578,6516,0.0,0.0,0.0
2024-10-21 14:45:00-04:00,23.05500030517578,23.05500030517578,23.049999237060547,23.05500030517578,4788,0.0,0.0,0.0
2024-10-21 14:46:00-04:00,23.05500030517578,23.05500030517578,23.049999237060547,23.049999237060547,4488,0.0,0.0,0.0
2024-10-21 14:47:00-04:00,23.05500030517578,23.059999465942383,23.049999237060547,23.059999465942383,5633,0.0,0.0,0.0
2024-10-21 14:48:00-04:00,23.059999465942383,23.065000534057617,23.059999465942383,23.065000534057617,4731,0.0,0.0,0.0
2024-10-21 14:49:00-04:00,23.065000534057617,23.06999969482422,23.065000534057617,23.065000534057617,3942,0.0,0.0,0.0
2024-10-21 14:50:00-04:00,23.065000534057617,23.06999969482422,23.059999465942383,23.065000534057617,6738,0.0,0.0,0.0
2024-10-21 14:51:00-04:00,23.06999969482422,23.06999969482422,23.051300048828125,23.05500030517578,9113,0.0,0.0,0.0
2024-10-21 14:52:00-04:00,23.059999465942383,23.059999465942383,23.05500030517578,23.05500030517578,4193,0.0,0.0,0.0
2024-10-21 14:53:00-04:00,23.059999465942383,23.059999465942383,23.053800582885742,23.059999465942383,7756,0.0,0.0,0.0
2024-10-21 14:54:00-04:00,23.049999237060547,23.059999465942383,23.049999237060547,23.059999465942383,5051,0.0,0.0,0.0
2024-10-21 14:55:00-04:00,23.059999465942383,23.059999465942383,23.049999237060547,23.059999465942383,6686,0.0,0.0,0.0
2024-10-21 14:56:00-04:00,23.059999465942383,23.059999465942383,23.049999237060547,23.059999465942383,7745,0.0,0.0,0.0
2024-10-21 14:57:00-04:00,23.059999465942383,23.059999465942383,23.049999237060547,23.049999237060547,5163,0.0,0.0,0.0
2024-10-21 14:58:00-04:00,23.05500030517578,23.059999465942383,23.049999237060547,23.05500030517578,4355,0.0,0.0,0.0
2024-10-21 14:59:00-04:00,23.059999465942383,23.059999465942383,23.049999237060547,23.059999465942383,4578,0.0,0.0,0.0
2024-10-21 15:00:00-04:00,23.059999465942383,23.06999969482422,23.05500030517578,23.06999969482422,6278,0.0,0.0,0.0
2024-10-21 15:01:00-04:00,23.06999969482422,23.06999969482422,23.06999969482422,23.06999969482422,4085,0.0,0.0,0.0
2024-10-21 15:02:00-04:00,23.06999969482422,23.06999969482422,23.065000534057617,23.06999969482422,4045,0.0,0.0,0.0
2024-10-21 15:03:00-04:00,23.06999969482422,23.06999969482422,23.065000534057617,23.06999969482422,4301,0.0,0.0,0.0
2024-10-21 15:04:00-04:00,23.06999969482422,23.06999969482422,23.059999465942383,23.059999465942383,5071,0.0,0.0,0.0
2024-10-21 15:05:00-04:00,23.065000534057617,23.06999969482422,23.059999465942383,23.065000534057617,4779,0.0,0.0,0.0
2024-10-21 15:06:00-04:00,23.06999969482422,23.06999969482422,23.065000534057617,23.06999969482422,4586,0.0,0.0,0.0
2024-10-21 15:07:00-04:00,23.06999969482422,23.06999969482422,23.06999969482422,23.06999969482422,4036,0.0,0.0,0.0
2024-10-21 15:08:00-04:00,23.06999969482422,23.06999969482422,23.059999465942383,23.059999465942383,8027,0.0,0.0,0.0
2024-10-21 15:09:00-04:00,23.06999969482422,23.06999969482422,23.059999465942383,23.059999465942383,5986,0.0,0.0,0.0
2024-10-21 15:10:00-04:00,23.06999969482422,23.06999969482422,23.059999465942383,23.06999969482422,4008,0.0,0.0,0.0
2024-10-21 15:11:00-04:00,23.06999969482422,23.06999969482422,23.059999465942383,23.06999969482422,5716,0.0,0.0,0.0
2024-10-21 15:12:00-04:00,23.06999969482422,23.06999969482422,23.059999465942383,23.059999465942383,4308,0.0,0.0,0.0
2024-10-21 15:13:00-04:00,23.06999969482422,23.06999969482422,23.059999465942383,23.06999969482422,5388,0.0,0.0,0.0
2024-10-21 15:14:00-04:00,23.06999969482422,23.06999969482422,23.059999465942383,23.06999969482422,4797,0.0,0.0,0.0
2024-10-21 15:15:00-04:00,23.06999969482422,23.06999969482422,23.065000534057617,23.06999969482422,4882,0.0,0.0,0.0
2024-10-21 15:16:00-04:00,23.06999969482422,23.075000762939453,23.06999969482422,23.06999969482422,6370,0.0,0.0,0.0
2024-10-21 15:17:00-04:00,23.075000762939453,23.079999923706055,23.06999969482422,23.06999969482422,5602,0.0,0.0,0.0
2024-10-21 15:18:00-04:00,23.06999969482422,23.06999969482422,23.059999465942383,23.059999465942383,6444,0.0,0.0,0.0
2024-10-21 15:19:00-04:00,23.065000534057617,23.06999969482422,23.059999465942383,23.065000534057617,4088,0.0,0.0,0.0
2024-10-21 15:20:00-04:00,23.064599990844727,23.064599990844727,23.049999237060547,23.059999465942383,7526,0.0,0.0,0.0
2024-10-21 15:21:00-04:00,23.059999465942383,23.059999465942383,23.05500030517578,23.059999465942383,4323,0.0,0.0,0.0
2024-10-21 15:22:00-04:00,23.059999465942383,23.069900512695312,23.059999465942383,23.065000534057617,9607,0.0,0.0,0.0
2024-10-21 15:23:00-04:00,23.059999465942383,23.065000534057617,23.05500030517578,23.059999465942383,5830,0.0,0.0,0.0
2024-10-21 15:24:00-04:00,23.065000534057617,23.065000534057617,23.059999465942383,23.059999465942383,4860,0.0,0.0,0.0
2024-10-21 15:25:00-04:00,23.065000534057617,23.065000534057617,23.059999465942383,23.059999465942383,3287,0.0,0.0,0.0
2024-10-21 15:26:00-04:00,23.065000534057617,23.065000534057617,23.05500030517578,23.05500030517578,6264,0.0,0.0,0.0
2024-10-21 15:27:00-04:00,23.059999465942383,23.059999465942383,23.049999237060547,23.049999237060547,4994,0.0,0.0,0.0
2024-10-21 15:28:00-04:00,23.049999237060547,23.049999237060547,23.040000915527344,23.045000076293945,6304,0.0,0.0,0.0
2024-10-21 15:29:00-04:00,23.049999237060547,23.049999237060547,23.04159927368164,23.049999237060547,6181,0.0,0.0,0.0
2024-10-21 15:30:00-04:00,23.05500030517578,23.05500030517578,23.045000076293945,23.049999237060547,5402,0.0,0.0,0.0
2024-10-21 15:31:00-04:00,23.040000915527344,23.045000076293945,23.040000915527344,23.045000076293945,5283,0.0,0.0,0.0
2024-10-21 15:32:00-04:00,23.045000076293945,23.049999237060547,23.040000915527344,23.040000915527344,5737,0.0,0.0,0.0
2024-10-21 15:33:00-04:00,23.045000076293945,23.045000076293945,23.03499984741211,23.040000915527344,8551,0.0,0.0,0.0
2024-10-21 15:34:00-04:00,23.03499984741211,23.045000076293945,23.03499984741211,23.040000915527344,8138,0.0,0.0,0.0
2024-10-21 15:35:00-04:00,23.040000915527344,23.049999237060547,23.040000915527344,23.049999237060547,5324,0.0,0.0,0.0
2024-10-21 15:36:00-04:00,23.045000076293945,23.049999237060547,23.04400062561035,23.049999237060547,6057,0.0,0.0,0.0
2024-10-21 15:37:00-04:00,23.049999237060547,23.049999237060547,23.045000076293945,23.049999237060547,4138,0.0,0.0,0.0
2024-10-21 15:38:00-04:00,23.049999237060547,23.049999237060547,23.049999237060547,23.049999237060547,10194,0.0,0.0,0.0
2024-10-21 15:39:00-04:00,23.05500030517578,23.05500030517578,23.04010009765625,23.04010009765625,5961,0.0,0.0,0.0
2024-10-21 15:40:00-04:00,23.049999237060547,23.049999237060547,23.040000915527344,23.045000076293945,12083,0.0,0.0,0.0
2024-10-21 15:41:00-04:00,23.045000076293945,23.045000076293945,23.040000915527344,23.045000076293945,2900,0.0,0.0,0.0
2024-10-21 15:42:00-04:00,23.049999237060547,23.049999237060547,23.040000915527344,23.045000076293945,11274,0.0,0.0,0.0
2024-10-21 15:43:00-04:00,23.040000915527344,23.045000076293945,23.030000686645508,23.030000686645508,8052,0.0,0.0,0.0
2024-10-21 15:44:00-04:00,23.03499984741211,23.040000915527344,23.030000686645508,23.030099868774414,2745,0.0,0.0,0.0
2024-10-21 15:45:00-04:00,23.040000915527344,23.040000915527344,23.030000686645508,23.040000915527344,6859,0.0,0.0,0.0
2024-10-21 15:46:00-04:00,23.040000915527344,23.040000915527344,23.040000915527344,23.040000915527344,5652,0.0,0.0,0.0
2024-10-21 15:47:00-04:00,23.040000915527344,23.040000915527344,23.03499984741211,23.03499984741211,4229,0.0,0.0,0.0
2024-10-21 15:48:00-04:00,23.040000915527344,23.049999237060547,23.03499984741211,23.049999237060547,6892,0.0,0.0,0.0
2024-10-21 15:49:00-04:00,23.040000915527344,23.045000076293945,23.030000686645508,23.030000686645508,6547,0.0,0.0,0.0
2024-10-21 15:50:00-04:00,23.030000686645508,23.030000686645508,23.020000457763672,23.030000686645508,4919,0.0,0.0,0.0
2024-10-21 15:51:00-04:00,23.024999618530273,23.030000686645508,23.020000457763672,23.030000686645508,5241,0.0,0.0,0.0
2024-10-21 15:52:00-04:00,23.030000686645508,23.030000686645508,23.014999389648438,23.024999618530273,14952,0.0,0.0,0.0
2024-10-21 15:53:00-04:00,23.030000686645508,23.03499984741211,23.030000686645508,23.030000686645508,6255,0.0,0.0,0.0
2024-10-21 15:54:00-04:00,23.024999618530273,23.040000915527344,23.024999618530273,23.040000915527344,6874,0.0,0.0,0.0
2024-10-21 15:55:00-04:00,23.030000686645508,23.040000915527344,23.030000686645508,23.040000915527344,4256,0.0,0.0,0.0
2024-10-21 15:56:00-04:00,23.030000686645508,23.03499984741211,23.020000457763672,23.024999618530273,8287,0.0,0.0,0.0
2024-10-21 15:57:00-04:00,23.024999618530273,23.030000686645508,23.020000457763672,23.020000457763672,6213,0.0,0.0,0.0
2024-10-21 15:58:00-04:00,23.020000457763672,23.020000457763672,23.010000228881836,23.020000457763672,6097,0.0,0.0,0.0
2024-10-21 15:59:00-04:00,23.020000457763672,23.030000686645508,23.010000228881836,23.030000686645508,7112,0.0,0.0,0.0
2024-10-22 09:30:00-04:00,23.0,23.0,22.950000762939453,22.989999771118164,22374,0.0,0.0,0.0
2024-10-22 09:31:00-04:00,23.0,23.0049991607666,22.969999313354492,23.0049991607666,2853,0.0,0.0,0.0
2024-10-22 09:32:00-04:00,22.989999771118164,22.989999771118164,22.920000076293945,22.920000076293945,3750,0.0,0.0,0.0
2024-10-22 09:33:00-04:00,22.920000076293945,22.920000076293945,22.919700622558594,22.920000076293945,813,0.0,0.0,0.0
2024-10-22 09:34:00-04:00,22.940000534057617,22.969999313354492,22.939899444580078,22.969999313354492,1378,0.0,0.0,0.0
2024-10-22 09:35:00-04:00,22.950000762939453,22.950000762939453,22.950000762939453,22.950000762939453,107,0.0,0.0,0.0
2024-10-22 09:36:00-04:00,22.950000762939453,22.950000762939453,22.940000534057617,22.940000534057617,405,0.0,0.0,0.0
2024-10-22 09:37:00-04:00,22.939899444580078,22.94499969482422,22.93199920654297,22.93199920654297,2051,0.0,0.0,0.0
2024-10-22 09:38:00-04:00,22.93000030517578,22.93000030517578,22.93000030517578,22.93000030517578,263,0.0,0.0,0.0
2024-10-22 09:39:00-04:00,22.93000030517578,22.940000534057617,22.920000076293945,22.940000534057617,522,0.0,0.0,0.0
2024-10-22 09:40:00-04:00,22.939300537109375,22.939300537109375,22.93000030517578,22.93000030517578,1460,0.0,0.0,0.0
2024-10-22 09:41:00-04:00,22.92889976501465,22.92889976501465,22.92889976501465,22.92889976501465,381,0.0,0.0,0.0
2024-10-22 09:43:00-04:00,22.920499801635742,22.93000030517578,22.915000915527344,22.915000915527344,4147,0.0,0.0,0.0
2024-10-22 09:44:00-04:00,22.91010093688965,22.935300827026367,22.91010093688965,22.93000030517578,6149,0.0,0.0,0.0
2024-10-22 09:45:00-04:00,22.934999465942383,22.935100555419922,22.93000030517578,22.93000030517578,962,0.0,0.0,0.0
2024-10-22 09:46:00-04:00,22.93000030517578,22.93000030517578,22.90999984741211,22.920000076293945,778,0.0,0.0,0.0
2024-10-22 09:47:00-04:00,22.905000686645508,22.905000686645508,22.899999618530273,22.899999618530273,3371,0.0,0.0,0.0
2024-10-22 09:48:00-04:00,22.915000915527344,22.915000915527344,22.90999984741211,22.90999984741211,549,0.0,0.0,0.0
2024-10-22 09:49:00-04:00,22.9148006439209,22.93910026550293,22.90999984741211,22.93910026550293,1013,0.0,0.0,0.0
2024-10-22 09:50:00-04:00,22.949899673461914,22.949899673461914,22.940000534057617,22.940000534057617,3127,0.0,0.0,0.0
2024-10-22 09:51:00-04:00,22.930200576782227,22.954999923706055,22.930200576782227,22.954999923706055,5295,0.0,0.0,0.0
2024-10-22 09:52:00-04:00,22.959999084472656,22.959999084472656,22.959999084472656,22.959999084472656,204,0.0,0.0,0.0
2024-10-22 09:53:00-04:00,22.9685001373291,22.9685001373291,22.95009994506836,22.95009994506836,4446,0.0,0.0,0.0
2024-10-22 09:54:00-04:00,22.969999313354492,22.969999313354492,22.969999313354492,22.969999313354492,306,0.0,0.0,0.0
2024-10-22 09:55:00-04:00,22.966999053955078,22.966999053955078,22.930700302124023,22.930700302124023,1988,0.0,0.0,0.0
2024-10-22 09:56:00-04:00,22.930299758911133,22.939899444580078,22.93000030517578,22.930099487304688,4531,0.0,0.0,0.0
2024-10-22 09:57:00-04:00,22.93000030517578,22.93000030517578,22.93000030517578,22.93000030517578,394,0.0,0.0,0.0
2024-10-22 09:59:00-04:00,22.930599212646484,22.930599212646484,22.930599212646484,22.930599212646484,659,0.0,0.0,0.0
2024-10-22 10:00:00-04:00,22.949899673461914,22.949899673461914,22.940000534057617,22.940000534057617,1310,0.0,0.0,0.0
2024-10-22 10:01:00-04:00,22.959999084472656,22.959999084472656,22.940000534057617,22.940000534057617,439,0.0,0.0,0.0
2024-10-22 10:02:00-04:00,22.920000076293945,22.920000076293945,22.920000076293945,22.920000076293945,412,0.0,0.0,0.0
2024-10-22 10:03:00-04:00,22.93000030517578,22.93000030517578,22.93000030517578,22.93000030517578,1466,0.0,0.0,0.0
2024-10-22 10:04:00-04:00,22.924999237060547,22.924999237060547,22.90999984741211,22.91010093688965,9067,0.0,0.0,0.0
2024-10-22 10:05:00-04:00,22.910900115966797,22.910900115966797,22.899999618530273,22.899999618530273,2290,0.0,0.0,0.0
2024-10-22 10:06:00-04:00,22.905000686645508,22.90999984741211,22.905000686645508,22.90999984741211,934,0.0,0.0,0.0
2024-10-22 10:07:00-04:00,22.91080093383789,22.91080093383789,22.90999984741211,22.90999984741211,530,0.0,0.0,0.0
2024-10-22 10:10:00-04:00,22.920000076293945,22.93000030517578,22.920000076293945,22.93000030517578,1868,0.0,0.0,0.0
2024-10-22 10:12:00-04:00,22.924999237060547,22.930099487304688,22.924999237060547,22.924999237060547,93121,0.0,0.0,0.0
2024-10-22 10:14:00-04:00,22.92009925842285,22.92009925842285,22.92009925842285,22.92009925842285,2151,0.0,0.0,0.0
2024-10-22 10:15:00-04:00,22.93000030517578,22.93000030517578,22.93000030517578,22.93000030517578,602,0.0,0.0,0.0
2024-10-22 10:16:00-04:00,22.92530059814453,22.93000030517578,22.920000076293945,22.93000030517578,983,0.0,0.0,0.0
2024-10-22 10:17:00-04:00,22.920000076293945,22.92009925842285,22.900100708007812,22.900100708007812,1290,0.0,0.0,0.0
2024-10-22 10:18:00-04:00,22.905000686645508,22.905000686645508,22.8799991607666,22.8799991607666,1784,0.0,0.0,0.0
2024-10-22 10:19:00-04:00,22.889999389648438,22.889999389648438,22.88678741455078,22.88678741455078,549,0.0,0.0,0.0
2024-10-22 10:20:00-04:00,22.899999618530273,22.899999618530273,22.898000717163086,22.899999618530273,2547,0.0,0.0,0.0
2024-10-22 10:23:00-04:00,22.920000076293945,22.920000076293945,22.90999984741211,22.90999984741211,1747,0.0,0.0,0.0
2024-10-22 10:30:00-04:00,22.889999389648438,22.889999389648438,22.889999389648438,22.889999389648438,116,0.0,0.0,0.0
2024-10-22 10:31:00-04:00,22.889999389648438,22.899999618530273,22.889999389648438,22.899999618530273,899,0.0,0.0,0.0
2024-10-22 10:33:00-04:00,22.90999984741211,22.90999984741211,22.90999984741211,22.90999984741211,479,0.0,0.0,0.0
2024-10-22 10:41:00-04:00,22.93000030517578,22.93000030517578,22.93000030517578,22.93000030517578,1991,0.0,0.0,0.0
2024-10-22 10:42:00-04:00,22.940000534057617,22.940000534057617,22.940000534057617,22.940000534057617,215,0.0,0.0,0.0
2024-10-22 10:45:00-04:00,22.950000762939453,22.950000762939453,22.950000762939453,22.950000762939453,308,0.0,0.0,0.0
2024-10-22 10:47:00-04:00,22.950000762939453,22.950000762939453,22.950000762939453,22.950000762939453,133,0.0,0.0,0.0
2024-10-22 10:48:00-04:00,22.95009994506836,22.95009994506836,22.950000762939453,22.950000762939453,1088,0.0,0.0,0.0
2024-10-22 10:49:00-04:00,22.950000762939453,22.950000762939453,22.950000762939453,22.950000762939453,103,0.0,0.0,0.0
2024-10-22 10:50:00-04:00,22.951000213623047,22.951000213623047,22.950000762939453,22.950000762939453,524,0.0,0.0,0.0
2024-10-22 10:51:00-04:00,22.940000534057617,22.940000534057617,22.940000534057617,22.940000534057617,318,0.0,0.0,0.0
2024-10-22 10:53:00-04:00,22.93000030517578,22.93000030517578,22.93000030517578,22.93000030517578,608,0.0,0.0,0.0
2024-10-22 10:58:00-04:00,22.934999465942383,22.94099998474121,22.934999465942383,22.94099998474121,547,0.0,0.0,0.0
2024-10-22 10:59:00-04:00,22.940000534057617,22.940000534057617,22.940000534057617,22.940000534057617,102,0.0,0.0,0.0
2024-10-22 11:00:00-04:00,22.93000030517578,22.934999465942383,22.93000030517578,22.934999465942383,396,0.0,0.0,0.0
2024-10-22 11:01:00-04:00,22.93000030517578,22.93000030517578,22.93000030517578,22.93000030517578,575,0.0,0.0,0.0
2024-10-22 11:03:00-04:00,22.924999237060547,22.924999237060547,22.924999237060547,22.924999237060547,863,0.0,0.0,0.0
2024-10-22 11:09:00-04:00,22.920000076293945,22.93000030517578,22.920000076293945,22.93000030517578,757,0.0,0.0,0.0
2024-10-22 11:10:00-04:00,22.934999465942383,22.940000534057617,22.934999465942383,22.940000534057617,305,0.0,0.0,0.0
2024-10-22 11:12:00-04:00,22.940000534057617,22.940099716186523,22.940000534057617,22.940099716186523,3601,0.0,0.0,0.0
2024-10-22 11:13:00-04:00,22.94499969482422,22.94499969482422,22.94499969482422,22.94499969482422,436,0.0,0.0,0.0
2024-10-22 11:19:00-04:00,22.950000762939453,22.950000762939453,22.950000762939453,22.950000762939453,301,0.0,0.0,0.0
2024-10-22 11:21:00-04:00,22.950000762939453,22.950000762939453,22.950000762939453,22.950000762939453,300,0.0,0.0,0.0
2024-10-22 11:22:00-04:00,22.958900451660156,22.958900451660156,22.950000762939453,22.950000762939453,330,0.0,0.0,0.0
2024-10-22 11:23:00-04:00,22.940000534057617,22.940000534057617,22.924999237060547,22.93000030517578,700,0.0,0.0,0.0
2024-10-22 11:25:00-04:00,22.93000030517578,22.93000030517578,22.93000030517578,22.93000030517578,510,0.0,0.0,0.0
2024-10-22 11:27:00-04:00,22.920000076293945,22.920000076293945,22.920000076293945,22.920000076293945,850,0.0,0.0,0.0
2024-10-22 11:29:00-04:00,22.929899215698242,22.929899215698242,22.929899215698242,22.929899215698242,3000,0.0,0.0,0.0
2024-10-22 11:30:00-04:00,22.93000030517578,22.934999465942383,22.93000030517578,22.934999465942383,1234,0.0,0.0,0.0
2024-10-22 11:31:00-04:00,22.940000534057617,22.940000534057617,22.934999465942383,22.934999465942383,344,0.0,0.0,0.0
2024-10-22 11:34:00-04:00,22.921199798583984,22.921199798583984,22.921199798583984,22.921199798583984,1496,0.0,0.0,0.0
2024-10-22 11:35:00-04:00,22.924999237060547,22.924999237060547,22.91990089416504,22.920000076293945,3717,0.0,0.0,0.0
2024-10-22 11:36:00-04:00,22.920000076293945,22.93000030517578,22.920000076293945,22.93000030517578,509,0.0,0.0,0.0
2024-10-22 11:37:00-04:00,22.924800872802734,22.924999237060547,22.924800872802734,22.924999237060547,326,0.0,0.0,0.0
2024-10-22 11:38:00-04:00,22.920000076293945,22.920000076293945,22.920000076293945,22.920000076293945,130,0.0,0.0,0.0
2024-10-22 11:40:00-04:00,22.915000915527344,22.915000915527344,22.915000915527344,22.915000915527344,201,0.0,0.0,0.0
2024-10-22 11:41:00-04:00,22.90999984741211,22.90999984741211,22.899999618530273,22.909900665283203,3211,0.0,0.0,0.0
2024-10-22 11:43:00-04:00,22.899999618530273,22.905000686645508,22.899999618530273,22.905000686645508,454,0.0,0.0,0.0
2024-10-22 11:44:00-04:00,22.90999984741211,22.920000076293945,22.90999984741211,22.920000076293945,801,0.0,0.0,0.0
2024-10-22 11:45:00-04:00,22.920000076293945,22.920000076293945,22.920000076293945,22.920000076293945,395,0.0,0.0,0.0
2024-10-22 11:46:00-04:00,22.915000915527344,22.915000915527344,22.915000915527344,22.915000915527344,206,0.0,0.0,0.0
2024-10-22 11:47:00-04:00,22.899999618530273,22.899999618530273,22.899999618530273,22.899999618530273,689,0.0,0.0,0.0
2024-10-22 11:48:00-04:00,22.899999618530273,22.899999618530273,22.899999618530273,22.899999618530273,101,0.0,0.0,0.0
2024-10-22 11:49:00-04:00,22.891199111938477,22.891199111938477,22.891199111938477,22.891199111938477,2502,0.0,0.0,0.0
2024-10-22 11:50:00-04:00,22.892099380493164,22.895000457763672,22.892099380493164,22.895000457763672,361,0.0,0.0,0.0
2024-10-22 11:51:00-04:00,22.890100479125977,22.895000457763672,22.890100479125977,22.891000747680664,1186,0.0,0.0,0.0
2024-10-22 11:53:00-04:00,22.885000228881836,22.885000228881836,22.8700008392334,22.8700008392334,2821,0.0,0.0,0.0
2024-10-22 11:54:00-04:00,22.8799991607666,22.8799991607666,22.8799991607666,22.8799991607666,188,0.0,0.0,0.0
2024-10-22 11:56:00-04:00,22.860000610351562,22.860000610351562,22.854999542236328,22.854999542236328,224,0.0,0.0,0.0
2024-10-22 11:58:00-04:00,22.860000610351562,22.864999771118164,22.850000381469727,22.860000610351562,15655,0.0,0.0,0.0
2024-10-22 11:59:00-04:00,22.86009979248047,22.86009979248047,22.860000610351562,22.860000610351562,1143,0.0,0.0,0.0
2024-10-22 12:00:00-04:00,22.85099983215332,22.85099983215332,22.85099983215332,22.85099983215332,480,0.0,0.0,0.0
2024-10-22 12:01:00-04:00,22.860000610351562,22.8700008392334,22.860000610351562,22.864999771118164,1272,0.0,0.0,0.0
2024-10-22 12:02:00-04:00,22.864999771118164,22.864999771118164,22.864999771118164,22.864999771118164,101,0.0,0.0,0.0
2024-10-22 12:03:00-04:00,22.865299224853516,22.865299224853516,22.865299224853516,22.865299224853516,544,0.0,0.0,0.0
2024-10-22 12:04:00-04:00,22.860000610351562,22.860000610351562,22.850000381469727,22.850000381469727,4501,0.0,0.0,0.0
2024-10-22 12:06:00-04:00,22.850000381469727,22.850000381469727,22.829999923706055,22.829999923706055,12394,0.0,0.0,0.0
2024-10-22 12:10:00-04:00,22.834999084472656,22.84000015258789,22.834999084472656,22.84000015258789,401,0.0,0.0,0.0
2024-10-22 12:11:00-04:00,22.84000015258789,22.84000015258789,22.829999923706055,22.829999923706055,1001,0.0,0.0,0.0
2024-10-22 12:12:00-04:00,22.829999923706055,22.829999923706055,22.829999923706055,22.829999923706055,301,0.0,0.0,0.0
2024-10-22 12:15:00-04:00,22.84000015258789,22.84000015258789,22.84000015258789,22.84000015258789,749,0.0,0.0,0.0
2024-10-22 12:16:00-04:00,22.850000381469727,22.850000381469727,22.844999313354492,22.84510040283203,596,0.0,0.0,0.0
2024-10-22 12:17:00-04:00,22.84000015258789,22.84000015258789,22.83180046081543,22.84000015258789,3119,0.0,0.0,0.0
2024-10-22 12:19:00-04:00,22.84000015258789,22.84000015258789,22.834999084472656,22.834999084472656,200,0.0,0.0,0.0
2024-10-22 12:21:00-04:00,22.836000442504883,22.844999313354492,22.836000442504883,22.844999313354492,5219,0.0,0.0,0.0
2024-10-22 12:24:00-04:00,22.84000015258789,22.84000015258789,22.84000015258789,22.84000015258789,200,0.0,0.0,0.0
2024-10-22 12:25:00-04:00,22.844999313354492,22.844999313354492,22.844999313354492,22.844999313354492,674,0.0,0.0,0.0
2024-10-22 12:27:00-04:00,22.844999313354492,22.844999313354492,22.84000015258789,22.84000015258789,406,0.0,0.0,0.0
2024-10-22 12:31:00-04:00,22.844999313354492,22.844999313354492,22.844999313354492,22.844999313354492,103,0.0,0.0,0.0
2024-10-22 12:34:00-04:00,22.850000381469727,22.850000381469727,22.850000381469727,22.850000381469727,1161,0.0,0.0,0.0
2024-10-22 12:36:00-04:00,22.844999313354492,22.844999313354492,22.844999313354492,22.844999313354492,241,0.0,0.0,0.0
2024-10-22 12:38:00-04:00,22.850000381469727,22.850000381469727,22.850000381469727,22.850000381469727,252,0.0,0.0,0.0
2024-10-22 12:39:00-04:00,22.850000381469727,22.850000381469727,22.850000381469727,22.850000381469727,460,0.0,0.0,0.0
2024-10-22 12:40:00-04:00,22.854999542236328,22.8700008392334,22.854999542236328,22.8700008392334,1484,0.0,0.0,0.0
2024-10-22 12:42:00-04:00,22.8700008392334,22.8700008392334,22.8700008392334,22.8700008392334,300,0.0,0.0,0.0
2024-10-22 12:44:00-04:00,22.860000610351562,22.860000610351562,22.860000610351562,22.860000610351562,100,0.0,0.0,0.0
2024-10-22 12:45:00-04:00,22.860000610351562,22.860000610351562,22.860000610351562,22.860000610351562,121,0.0,0.0,0.0
2024-10-22 12:46:00-04:00,22.860000610351562,22.860000610351562,22.850000381469727,22.850000381469727,1136,0.0,0.0,0.0
2024-10-22 12:49:00-04:00,22.84000015258789,22.84000015258789,22.809999465942383,22.809999465942383,3168,0.0,0.0,0.0
2024-10-22 12:50:00-04:00,22.809999465942383,22.809999465942383,22.80500030517578,22.80500030517578,316,0.0,0.0,0.0
2024-10-22 12:52:00-04:00,22.80500030517578,22.81999969482422,22.80500030517578,22.81999969482422,3520,0.0,0.0,0.0
2024-10-22 12:54:00-04:00,22.829999923706055,22.829999923706055,22.829999923706055,22.829999923706055,2132,0.0,0.0,0.0
2024-10-22 12:55:00-04:00,22.829999923706055,22.84000015258789,22.829999923706055,22.84000015258789,543,0.0,0.0,0.0
2024-10-22 12:57:00-04:00,22.84000015258789,22.84000015258789,22.84000015258789,22.84000015258789,127,0.0,0.0,0.0
2024-10-22 12:58:00-04:00,22.829999923706055,22.832799911499023,22.829999923706055,22.832799911499023,325,0.0,0.0,0.0
2024-10-22 12:59:00-04:00,22.84000015258789,22.844999313354492,22.84000015258789,22.844999313354492,686,0.0,0.0,0.0
2024-10-22 13:00:00-04:00,22.84000015258789,22.84000015258789,22.84000015258789,22.84000015258789,216,0.0,0.0,0.0
2024-10-22 13:02:00-04:00,22.84000015258789,22.850000381469727,22.84000015258789,22.850000381469727,768,0.0,0.0,0.0
2024-10-22 13:03:00-04:00,22.851999282836914,22.851999282836914,22.851999282836914,22.851999282836914,1667,0.0,0.0,0.0
2024-10-22 13:04:00-04:00,22.850000381469727,22.850000381469727,22.84000015258789,22.84149932861328,1374,0.0,0.0,0.0
2024-10-22 13:08:00-04:00,22.84000015258789,22.84000015258789,22.84000015258789,22.84000015258789,300,0.0,0.0,0.0
2024-10-22 13:09:00-04:00,22.831199645996094,22.84000015258789,22.829999923706055,22.834999084472656,3125,0.0,0.0,0.0
2024-10-22 13:10:00-04:00,22.834999084472656,22.84000015258789,22.834999084472656,22.84000015258789,571,0.0,0.0,0.0
2024-10-22 13:13:00-04:00,22.84749984741211,22.860000610351562,22.84000015258789,22.860000610351562,835,0.0,0.0,0.0
2024-10-22 13:14:00-04:00,22.860000610351562,22.860000610351562,22.860000610351562,22.860000610351562,300,0.0,0.0,0.0
2024-10-22 13:15:00-04:00,22.854999542236328,22.854999542236328,22.854999542236328,22.854999542236328,416,0.0,0.0,0.0
2024-10-22 13:16:00-04:00,22.850000381469727,22.850000381469727,22.850000381469727,22.850000381469727,300,0.0,0.0,0.0
2024-10-22 13:17:00-04:00,22.84000015258789,22.84000015258789,22.84000015258789,22.84000015258789,1230,0.0,0.0,0.0
2024-10-22 13:18:00-04:00,22.84000015258789,22.84000015258789,22.84000015258789,22.84000015258789,100,0.0,0.0,0.0
2024-10-22 13:19:00-04:00,22.84000015258789,22.850000381469727,22.84000015258789,22.850000381469727,586,0.0,0.0,0.0
2024-10-22 13:20:00-04:00,22.850000381469727,22.850000381469727,22.850000381469727,22.850000381469727,373,0.0,0.0,0.0
2024-10-22 13:22:00-04:00,22.850000381469727,22.850000381469727,22.850000381469727,22.850000381469727,855,0.0,0.0,0.0
2024-10-22 13:23:00-04:00,22.854999542236328,22.854999542236328,22.854999542236328,22.854999542236328,1399,0.0,0.0,0.0
2024-10-22 13:24:00-04:00,22.850000381469727,22.850000381469727,22.84000015258789,22.84000015258789,1270,0.0,0.0,0.0
2024-10-22 13:26:00-04:00,22.84000015258789,22.84000015258789,22.84000015258789,22.84000015258789,100,0.0,0.0,0.0
2024-10-22 13:27:00-04:00,22.84000015258789,22.84000015258789,22.84000015258789,22.84000015258789,211,0.0,0.0,0.0
2024-10-22 13:28:00-04:00,22.84000015258789,22.84000015258789,22.84000015258789,22.84000015258789,200,0.0,0.0,0.0
2024-10-22 13:30:00-04:00,22.84000015258789,22.84000015258789,22.84000015258789,22.84000015258789,1713,0.0,0.0,0.0
2024-10-22 13:31:00-04:00,22.844999313354492,22.844999313354492,22.84000015258789,22.84000015258789,300,0.0,0.0,0.0
2024-10-22 13:32:00-04:00,22.850000381469727,22.850000381469727,22.850000381469727,22.850000381469727,204,0.0,0.0,0.0
2024-10-22 13:33:00-04:00,22.860000610351562,22.860000610351562,22.860000610351562,22.860000610351562,100,0.0,0.0,0.0
2024-10-22 13:35:00-04:00,22.860000610351562,22.860000610351562,22.860000610351562,22.860000610351562,1085,0.0,0.0,0.0
2024-10-22 13:37:00-04:00,22.868999481201172,22.868999481201172,22.860000610351562,22.860000610351562,1507,0.0,0.0,0.0
2024-10-22 13:39:00-04:00,22.864999771118164,22.864999771118164,22.864999771118164,22.864999771118164,200,0.0,0.0,0.0
2024-10-22 13:40:00-04:00,22.860000610351562,22.860000610351562,22.856599807739258,22.856599807739258,1101,0.0,0.0,0.0
2024-10-22 13:41:00-04:00,22.860000610351562,22.860000610351562,22.860000610351562,22.860000610351562,200,0.0,0.0,0.0
2024-10-22 13:42:00-04:00,22.8700008392334,22.8700008392334,22.8700008392334,22.8700008392334,600,0.0,0.0,0.0
2024-10-22 13:43:00-04:00,22.864999771118164,22.864999771118164,22.864999771118164,22.864999771118164,200,0.0,0.0,0.0
2024-10-22 13:44:00-04:00,22.864999771118164,22.864999771118164,22.850000381469727,22.864999771118164,1174,0.0,0.0,0.0
2024-10-22 13:45:00-04:00,22.860000610351562,22.860000610351562,22.860000610351562,22.860000610351562,284,0.0,0.0,0.0
2024-10-22 13:46:00-04:00,22.850000381469727,22.850000381469727,22.850000381469727,22.850000381469727,203,0.0,0.0,0.0
2024-10-22 13:47:00-04:00,22.849899291992188,22.849899291992188,22.849899291992188,22.849899291992188,360,0.0,0.0,0.0
2024-10-22 13:48:00-04:00,22.844999313354492,22.844999313354492,22.84000015258789,22.84000015258789,227,0.0,0.0,0.0
2024-10-22 13:51:00-04:00,22.834999084472656,22.834999084472656,22.834999084472656,22.834999084472656,767,0.0,0.0,0.0
2024-10-22 13:52:00-04:00,22.829999923706055,22.829999923706055,22.829999923706055,22.829999923706055,450,0.0,0.0,0.0
2024-10-22 13:53:00-04:00,22.829999923706055,22.829999923706055,22.829999923706055,22.829999923706055,153,0.0,0.0,0.0
2024-10-22 13:55:00-04:00,22.829999923706055,22.834697723388672,22.829999923706055,22.834697723388672,213,0.0,0.0,0.0
2024-10-22 13:56:00-04:00,22.829999923706055,22.829999923706055,22.829999923706055,22.829999923706055,141,0.0,0.0,0.0
2024-10-22 13:58:00-04:00,22.829999923706055,22.829999923706055,22.829999923706055,22.829999923706055,103,0.0,0.0,0.0
2024-10-22 13:59:00-04:00,22.830799102783203,22.830799102783203,22.830799102783203,22.830799102783203,1189,0.0,0.0,0.0
2024-10-22 14:04:00-04:00,22.84000015258789,22.84000015258789,22.84000015258789,22.84000015258789,151,0.0,0.0,0.0
2024-10-22 14:05:00-04:00,22.850000381469727,22.850000381469727,22.84000015258789,22.84000015258789,477,0.0,0.0,0.0
2024-10-22 14:09:00-04:00,22.829999923706055,22.829999923706055,22.829999923706055,22.829999923706055,114,0.0,0.0,0.0
2024-10-22 14:12:00-04:00,22.838899612426758,22.838899612426758,22.838899612426758,22.838899612426758,215,0.0,0.0,0.0
2024-10-22 14:13:00-04:00,22.83989906311035,22.83989906311035,22.83989906311035,22.83989906311035,581,0.0,0.0,0.0
2024-10-22 14:16:00-04:00,22.829999923706055,22.829999923706055,22.829999923706055,22.829999923706055,237,0.0,0.0,0.0
2024-10-22 14:18:00-04:00,22.84000015258789,22.84000015258789,22.84000015258789,22.84000015258789,2095,0.0,0.0,0.0
2024-10-22 14:19:00-04:00,22.84000015258789,22.84000015258789,22.84000015258789,22.84000015258789,100,0.0,0.0,0.0
2024-10-22 14:24:00-04:00,22.842199325561523,22.842199325561523,22.84000015258789,22.84000015258789,707,0.0,0.0,0.0
2024-10-22 14:25:00-04:00,22.84000015258789,22.84000015258789,22.84000015258789,22.84000015258789,200,0.0,0.0,0.0
2024-10-22 14:26:00-04:00,22.844999313354492,22.850000381469727,22.844999313354492,22.850000381469727,1000,0.0,0.0,0.0
2024-10-22 14:32:00-04:00,22.844999313354492,22.844999313354492,22.844999313354492,22.844999313354492,105,0.0,0.0,0.0
2024-10-22 14:34:00-04:00,22.840900421142578,22.840900421142578,22.84000015258789,22.84000015258789,4971,0.0,0.0,0.0
2024-10-22 14:39:00-04:00,22.84000015258789,22.84000015258789,22.84000015258789,22.84000015258789,416,0.0,0.0,0.0
2024-10-22 14:47:00-04:00,22.829999923706055,22.829999923706055,22.829999923706055,22.829999923706055,117,0.0,0.0,0.0
2024-10-22 14:48:00-04:00,22.829999923706055,22.829999923706055,22.81999969482422,22.825000762939453,2584,0.0,0.0,0.0
2024-10-22 14:49:00-04:00,22.825000762939453,22.829999923706055,22.825000762939453,22.829999923706055,484,0.0,0.0,0.0
2024-10-22 14:50:00-04:00,22.831100463867188,22.84000015258789,22.831100463867188,22.84000015258789,1365,0.0,0.0,0.0
2024-10-22 14:52:00-04:00,22.84000015258789,22.84000015258789,22.84000015258789,22.84000015258789,118,0.0,0.0,0.0
2024-10-22 14:54:00-04:00,22.84000015258789,22.84000015258789,22.84000015258789,22.84000015258789,183,0.0,0.0,0.0
2024-10-22 14:56:00-04:00,22.83009910583496,22.834999084472656,22.829999923706055,22.829999923706055,14441,0.0,0.0,0.0
2024-10-22 14:57:00-04:00,22.829999923706055,22.83009910583496,22.829999923706055,22.83009910583496,3783,0.0,0.0,0.0
2024-10-22 14:58:00-04:00,22.84000015258789,22.84000015258789,22.83989906311035,22.83989906311035,377,0.0,0.0,0.0
2024-10-22 14:59:00-04:00,22.829999923706055,22.829999923706055,22.829999923706055,22.829999923706055,800,0.0,0.0,0.0
2024-10-22 15:00:00-04:00,22.829999923706055,22.829999923706055,22.81999969482422,22.81999969482422,1315,0.0,0.0,0.0
2024-10-22 15:01:00-04:00,22.81999969482422,22.829999923706055,22.81999969482422,22.829999923706055,416,0.0,0.0,0.0
2024-10-22 15:02:00-04:00,22.83099937438965,22.83099937438965,22.83099937438965,22.83099937438965,950,0.0,0.0,0.0
2024-10-22 15:04:00-04:00,22.834999084472656,22.850000381469727,22.834999084472656,22.850000381469727,572,0.0,0.0,0.0
2024-10-22 15:05:00-04:00,22.854999542236328,22.859100341796875,22.854999542236328,22.859100341796875,205,0.0,0.0,0.0
2024-10-22 15:06:00-04:00,22.850000381469727,22.850000381469727,22.850000381469727,22.850000381469727,202,0.0,0.0,0.0
2024-10-22 15:07:00-04:00,22.84819984436035,22.84819984436035,22.84819984436035,22.84819984436035,200,0.0,0.0,0.0
2024-10-22 15:08:00-04:00,22.840700149536133,22.840700149536133,22.840700149536133,22.840700149536133,865,0.0,0.0,0.0
2024-10-22 15:09:00-04:00,22.844999313354492,22.844999313354492,22.844999313354492,22.844999313354492,100,0.0,0.0,0.0
2024-10-22 15:10:00-04:00,22.850000381469727,22.865699768066406,22.850000381469727,22.865699768066406,1742,0.0,0.0,0.0
2024-10-22 15:11:00-04:00,22.860000610351562,22.860000610351562,22.860000610351562,22.860000610351562,516,0.0,0.0,0.0
2024-10-22 15:13:00-04:00,22.864999771118164,22.864999771118164,22.864999771118164,22.864999771118164,222,0.0,0.0,0.0
2024-10-22 15:14:00-04:00,22.860000610351562,22.8700008392334,22.860000610351562,22.8700008392334,2065,0.0,0.0,0.0
2024-10-22 15:15:00-04:00,22.861099243164062,22.861099243164062,22.861099243164062,22.861099243164062,263,0.0,0.0,0.0
2024-10-22 15:16:00-04:00,22.875,22.8799991607666,22.8700008392334,22.8700008392334,2555,0.0,0.0,0.0
2024-10-22 15:18:00-04:00,22.875,22.875,22.875,22.875,424,0.0,0.0,0.0
2024-10-22 15:20:00-04:00,22.870100021362305,22.870100021362305,22.870100021362305,22.870100021362305,864,0.0,0.0,0.0
2024-10-22 15:23:00-04:00,22.8700008392334,22.8700008392334,22.860000610351562,22.860000610351562,1519,0.0,0.0,0.0
2024-10-22 15:26:00-04:00,22.860000610351562,22.865400314331055,22.860000610351562,22.860000610351562,1313,0.0,0.0,0.0
2024-10-22 15:27:00-04:00,22.860000610351562,22.860000610351562,22.860000610351562,22.860000610351562,740,0.0,0.0,0.0
2024-10-22 15:28:00-04:00,22.860000610351562,22.860000610351562,22.860000610351562,22.860000610351562,283,0.0,0.0,0.0
2024-10-22 15:29:00-04:00,22.860000610351562,22.860000610351562,22.854999542236328,22.854999542236328,665,0.0,0.0,0.0
2024-10-22 15:32:00-04:00,22.850099563598633,22.860000610351562,22.850099563598633,22.860000610351562,2584,0.0,0.0,0.0
2024-10-22 15:33:00-04:00,22.860000610351562,22.864999771118164,22.860000610351562,22.864999771118164,334,0.0,0.0,0.0
2024-10-22 15:34:00-04:00,22.8700008392334,22.8700008392334,22.8700008392334,22.8700008392334,600,0.0,0.0,0.0
2024-10-22 15:35:00-04:00,22.864999771118164,22.875,22.864999771118164,22.8700008392334,5816,0.0,0.0,0.0
2024-10-22 15:36:00-04:00,22.8700008392334,22.8700008392334,22.8700008392334,22.8700008392334,569,0.0,0.0,0.0
2024-10-22 15:38:00-04:00,22.864999771118164,22.864999771118164,22.860000610351562,22.860000610351562,1182,0.0,0.0,0.0
2024-10-22 15:39:00-04:00,22.860000610351562,22.860000610351562,22.860000610351562,22.860000610351562,638,0.0,0.0,0.0
2024-10-22 15:45:00-04:00,22.861299514770508,22.864999771118164,22.861299514770508,22.864999771118164,981,0.0,0.0,0.0
2024-10-22 15:46:00-04:00,22.864999771118164,22.864999771118164,22.864999771118164,22.864999771118164,272,0.0,0.0,0.0
2024-10-22 15:47:00-04:00,22.860000610351562,22.862499237060547,22.860000610351562,22.860000610351562,2987,0.0,0.0,0.0
2024-10-22 15:48:00-04:00,22.850000381469727,22.860000610351562,22.850000381469727,22.860000610351562,799,0.0,0.0,0.0
2024-10-22 15:49:00-04:00,22.860000610351562,22.860000610351562,22.850000381469727,22.850000381469727,4283,0.0,0.0,0.0
2024-10-22 15:50:00-04:00,22.850000381469727,22.850000381469727,22.844999313354492,22.844999313354492,2777,0.0,0.0,0.0
2024-10-22 15:51:00-04:00,22.844999313354492,22.850000381469727,22.84000015258789,22.84000015258789,1699,0.0,0.0,0.0
2024-10-22 15:52:00-04:00,22.844999313354492,22.850000381469727,22.844999313354492,22.850000381469727,665,0.0,0.0,0.0
2024-10-22 15:53:00-04:00,22.844999313354492,22.854999542236328,22.844999313354492,22.854999542236328,3555,0.0,0.0,0.0
2024-10-22 15:54:00-04:00,22.8700008392334,22.8700008392334,22.860000610351562,22.860000610351562,1265,0.0,0.0,0.0
2024-10-22 15:55:00-04:00,22.859899520874023,22.859899520874023,22.850000381469727,22.850000381469727,3993,0.0,0.0,0.0
2024-10-22 15:56:00-04:00,22.850000381469727,22.850000381469727,22.84000015258789,22.844999313354492,1302,0.0,0.0,0.0
2024-10-22 15:57:00-04:00,22.844999313354492,22.844999313354492,22.84000015258789,22.84000015258789,546,0.0,0.0,0.0
2024-10-22 15:58:00-04:00,22.84000015258789,22.860000610351562,22.84000015258789,22.850000381469727,10435,0.0,0.0,0.0
2024-10-22 15:59:00-04:00,22.850000381469727,22.850000381469727,22.829999923706055,22.829999923706055,11131,0.0,0.0,0.0
2024-10-23 09:30:00-04:00,22.799999237060547,22.799999237060547,22.739999771118164,22.799999237060547,7829,0.0,0.0,0.0
2024-10-23 09:31:00-04:00,22.799999237060547,22.799999237060547,22.780000686645508,22.790000915527344,2009,0.0,0.0,0.0
2024-10-23 09:32:00-04:00,22.809999465942383,22.829999923706055,22.809999465942383,22.829999923706055,700,0.0,0.0,0.0
2024-10-23 09:33:00-04:00,22.84000015258789,22.868999481201172,22.84000015258789,22.868999481201172,2718,0.0,0.0,0.0
2024-10-23 09:34:00-04:00,22.8799991607666,22.8799991607666,22.8799991607666,22.8799991607666,511,0.0,0.0,0.0
2024-10-23 09:35:00-04:00,22.898300170898438,22.898300170898438,22.898300170898438,22.898300170898438,1076,0.0,0.0,0.0
2024-10-23 09:36:00-04:00,22.889999389648438,22.889999389648438,22.889999389648438,22.889999389648438,263,0.0,0.0,0.0
2024-10-23 09:37:00-04:00,22.899999618530273,22.920000076293945,22.899999618530273,22.920000076293945,1182,0.0,0.0,0.0
2024-10-23 09:39:00-04:00,22.899999618530273,22.899999618530273,22.899900436401367,22.899900436401367,1272,0.0,0.0,0.0
2024-10-23 09:40:00-04:00,22.889999389648438,22.889999389648438,22.8799991607666,22.886499404907227,1495,0.0,0.0,0.0
2024-10-23 09:41:00-04:00,22.889999389648438,22.889999389648438,22.8799991607666,22.8799991607666,600,0.0,0.0,0.0
2024-10-23 09:42:00-04:00,22.889999389648438,22.889999389648438,22.875,22.875,1002,0.0,0.0,0.0
2024-10-23 09:43:00-04:00,22.8799991607666,22.8799991607666,22.8700008392334,22.8700008392334,1048,0.0,0.0,0.0
2024-10-23 09:44:00-04:00,22.8700008392334,22.8700008392334,22.8700008392334,22.8700008392334,1020,0.0,0.0,0.0
2024-10-23 09:45:00-04:00,22.920000076293945,22.920000076293945,22.920000076293945,22.920000076293945,851,0.0,0.0,0.0
2024-10-23 09:46:00-04:00,22.93000030517578,22.9325008392334,22.93000030517578,22.9325008392334,676,0.0,0.0,0.0
2024-10-23 09:47:00-04:00,22.920000076293945,22.920000076293945,22.899999618530273,22.909900665283203,1976,0.0,0.0,0.0
2024-10-23 09:48:00-04:00,22.90999984741211,22.920000076293945,22.90999984741211,22.920000076293945,300,0.0,0.0,0.0
2024-10-23 09:50:00-04:00,22.90999984741211,22.90999984741211,22.90999984741211,22.90999984741211,468,0.0,0.0,0.0
2024-10-23 09:51:00-04:00,22.899999618530273,22.899999618530273,22.8799991607666,22.8799991607666,1073,0.0,0.0,0.0
2024-10-23 09:52:00-04:00,22.86989974975586,22.86989974975586,22.86989974975586,22.86989974975586,1172,0.0,0.0,0.0
2024-10-23 09:56:00-04:00,22.860000610351562,22.860000610351562,22.850000381469727,22.850000381469727,1425,0.0,0.0,0.0
2024-10-23 10:00:00-04:00,22.860000610351562,22.860000610351562,22.860000610351562,22.860000610351562,918,0.0,0.0,0.0
2024-10-23 10:04:00-04:00,22.83989906311035,22.83989906311035,22.83989906311035,22.83989906311035,880,0.0,0.0,0.0
2024-10-23 10:05:00-04:00,22.829999923706055,22.829999923706055,22.829999923706055,22.829999923706055,126,0.0,0.0,0.0
2024-10-23 10:07:00-04:00,22.815000534057617,22.81999969482422,22.815000534057617,22.81999969482422,203,0.0,0.0,0.0
2024-10-23 10:08:00-04:00,22.819799423217773,22.819799423217773,22.819799423217773,22.819799423217773,878,0.0,0.0,0.0
2024-10-23 10:09:00-04:00,22.80970001220703,22.809999465942383,22.80970001220703,22.809999465942383,1540,0.0,0.0,0.0
2024-10-23 10:10:00-04:00,22.809999465942383,22.809999465942383,22.799999237060547,22.799999237060547,714,0.0,0.0,0.0
2024-10-23 10:11:00-04:00,22.799999237060547,22.799999237060547,22.790000915527344,22.790000915527344,460,0.0,0.0,0.0
2024-10-23 10:13:00-04:00,22.790000915527344,22.799100875854492,22.78499984741211,22.78499984741211,1276,0.0,0.0,0.0
2024-10-23 10:14:00-04:00,22.774499893188477,22.774999618530273,22.774499893188477,22.774999618530273,1600,0.0,0.0,0.0
2024-10-23 10:15:00-04:00,22.770000457763672,22.770000457763672,22.770000457763672,22.770000457763672,815,0.0,0.0,0.0
2024-10-23 10:17:00-04:00,22.759899139404297,22.759899139404297,22.759899139404297,22.759899139404297,878,0.0,0.0,0.0
2024-10-23 10:19:00-04:00,22.7549991607666,22.7549991607666,22.7549991607666,22.7549991607666,100,0.0,0.0,0.0
2024-10-23 10:20:00-04:00,22.760000228881836,22.760000228881836,22.7549991607666,22.7549991607666,1304,0.0,0.0,0.0
2024-10-23 10:21:00-04:00,22.747699737548828,22.75,22.747699737548828,22.75,2115,0.0,0.0,0.0
2024-10-23 10:24:00-04:00,22.769500732421875,22.769500732421875,22.769500732421875,22.769500732421875,257,0.0,0.0,0.0
2024-10-23 10:25:00-04:00,22.759899139404297,22.759899139404297,22.7549991607666,22.7549991607666,982,0.0,0.0,0.0
2024-10-23 10:26:00-04:00,22.75,22.75,22.75,22.75,104,0.0,0.0,0.0
2024-10-23 10:27:00-04:00,22.7450008392334,22.7450008392334,22.7450008392334,22.7450008392334,104,0.0,0.0,0.0
2024-10-23 10:29:00-04:00,22.75,22.750099182128906,22.75,22.750099182128906,592,0.0,0.0,0.0
2024-10-23 10:30:00-04:00,22.749900817871094,22.749900817871094,22.749900817871094,22.749900817871094,888,0.0,0.0,0.0
2024-10-23 10:31:00-04:00,22.739999771118164,22.739999771118164,22.739999771118164,22.739999771118164,272,0.0,0.0,0.0
2024-10-23 10:32:00-04:00,22.739200592041016,22.739999771118164,22.739200592041016,22.739999771118164,2202,0.0,0.0,0.0
2024-10-23 10:33:00-04:00,22.729999542236328,22.735000610351562,22.729999542236328,22.729999542236328,2135,0.0,0.0,0.0
2024-10-23 10:35:00-04:00,22.739999771118164,22.739999771118164,22.739999771118164,22.739999771118164,101,0.0,0.0,0.0
2024-10-23 10:36:00-04:00,22.725000381469727,22.725000381469727,22.725000381469727,22.725000381469727,234,0.0,0.0,0.0
2024-10-23 10:38:00-04:00,22.719999313354492,22.719999313354492,22.719999313354492,22.719999313354492,100,0.0,0.0,0.0
2024-10-23 10:39:00-04:00,22.719999313354492,22.719999313354492,22.719999313354492,22.719999313354492,195,0.0,0.0,0.0
2024-10-23 10:43:00-04:00,22.709999084472656,22.709999084472656,22.709999084472656,22.709999084472656,773,0.0,0.0,0.0
2024-10-23 10:44:00-04:00,22.709999084472656,22.719999313354492,22.709999084472656,22.719999313354492,3033,0.0,0.0,0.0
2024-10-23 10:45:00-04:00,22.719999313354492,22.725000381469727,22.719999313354492,22.725000381469727,1689,0.0,0.0,0.0
2024-10-23 10:48:00-04:00,22.709999084472656,22.71500015258789,22.709999084472656,22.71500015258789,400,0.0,0.0,0.0
2024-10-23 10:50:00-04:00,22.704999923706055,22.704999923706055,22.704999923706055,22.704999923706055,100,0.0,0.0,0.0
2024-10-23 10:51:00-04:00,22.700000762939453,22.700000762939453,22.69499969482422,22.69499969482422,3045,0.0,0.0,0.0
2024-10-23 10:53:00-04:00,22.700000762939453,22.700000762939453,22.700000762939453,22.700000762939453,231,0.0,0.0,0.0
2024-10-23 10:54:00-04:00,22.699899673461914,22.699899673461914,22.699899673461914,22.699899673461914,100,0.0,0.0,0.0
2024-10-23 10:55:00-04:00,22.700000762939453,22.700000762939453,22.700000762939453,22.700000762939453,302,0.0,0.0,0.0
2024-10-23 10:56:00-04:00,22.709999084472656,22.709999084472656,22.709999084472656,22.709999084472656,346,0.0,0.0,0.0
2024-10-23 10:57:00-04:00,22.71500015258789,22.71500015258789,22.71500015258789,22.71500015258789,131,0.0,0.0,0.0
2024-10-23 10:58:00-04:00,22.719999313354492,22.719999313354492,22.719999313354492,22.719999313354492,450,0.0,0.0,0.0
2024-10-23 11:06:00-04:00,22.729999542236328,22.729999542236328,22.729999542236328,22.729999542236328,311,0.0,0.0,0.0
2024-10-23 11:09:00-04:00,22.729999542236328,22.729999542236328,22.729999542236328,22.729999542236328,351,0.0,0.0,0.0
2024-10-23 11:10:00-04:00,22.725000381469727,22.725000381469727,22.725000381469727,22.725000381469727,201,0.0,0.0,0.0
2024-10-23 11:12:00-04:00,22.719999313354492,22.719999313354492,22.719999313354492,22.719999313354492,106,0.0,0.0,0.0
2024-10-23 11:14:00-04:00,22.71500015258789,22.719999313354492,22.71500015258789,22.719999313354492,316,0.0,0.0,0.0
2024-10-23 11:15:00-04:00,22.725000381469727,22.725000381469727,22.725000381469727,22.725000381469727,101,0.0,0.0,0.0
2024-10-23 11:16:00-04:00,22.721599578857422,22.721599578857422,22.721599578857422,22.721599578857422,1510,0.0,0.0,0.0
2024-10-23 11:20:00-04:00,22.735000610351562,22.735000610351562,22.735000610351562,22.735000610351562,500,0.0,0.0,0.0
2024-10-23 11:22:00-04:00,22.739999771118164,22.760000228881836,22.739999771118164,22.760000228881836,2802,0.0,0.0,0.0
2024-10-23 11:25:00-04:00,22.75,22.75,22.7450008392334,22.7450008392334,703,0.0,0.0,0.0
2024-10-23 11:29:00-04:00,22.739999771118164,22.739999771118164,22.735000610351562,22.735000610351562,805,0.0,0.0,0.0
2024-10-23 11:34:00-04:00,22.75,22.75,22.75,22.75,127,0.0,0.0,0.0
2024-10-23 11:40:00-04:00,22.75,22.75,22.75,22.75,160,0.0,0.0,0.0
2024-10-23 11:45:00-04:00,22.74180030822754,22.74180030822754,22.74180030822754,22.74180030822754,500,0.0,0.0,0.0
2024-10-23 11:46:00-04:00,22.743799209594727,22.743799209594727,22.743799209594727,22.743799209594727,1000,0.0,0.0,0.0
2024-10-23 11:47:00-04:00,22.741748809814453,22.75,22.741748809814453,22.75,1700,0.0,0.0,0.0
2024-10-23 11:50:00-04:00,22.760000228881836,22.760000228881836,22.760000228881836,22.760000228881836,202,0.0,0.0,0.0
2024-10-23 11:51:00-04:00,22.770000457763672,22.770000457763672,22.770000457763672,22.770000457763672,100,0.0,0.0,0.0
2024-10-23 11:52:00-04:00,22.767499923706055,22.767499923706055,22.767499923706055,22.767499923706055,164,0.0,0.0,0.0
2024-10-23 11:54:00-04:00,22.780000686645508,22.780000686645508,22.780000686645508,22.780000686645508,194,0.0,0.0,0.0
2024-10-23 11:56:00-04:00,22.780000686645508,22.780000686645508,22.780000686645508,22.780000686645508,160,0.0,0.0,0.0
2024-10-23 12:00:00-04:00,22.780000686645508,22.78499984741211,22.780000686645508,22.78499984741211,998,0.0,0.0,0.0
2024-10-23 12:03:00-04:00,22.790000915527344,22.790000915527344,22.790000915527344,22.790000915527344,1410,0.0,0.0,0.0
2024-10-23 12:04:00-04:00,22.78499984741211,22.78499984741211,22.780000686645508,22.780000686645508,410,0.0,0.0,0.0
2024-10-23 12:06:00-04:00,22.780000686645508,22.780000686645508,22.780000686645508,22.780000686645508,342,0.0,0.0,0.0
2024-10-23 12:09:00-04:00,22.774999618530273,22.774999618530273,22.774999618530273,22.774999618530273,100,0.0,0.0,0.0
2024-10-23 12:10:00-04:00,22.770000457763672,22.770000457763672,22.760000228881836,22.760000228881836,2837,0.0,0.0,0.0
2024-10-23 12:12:00-04:00,22.75,22.75,22.75,22.75,100,0.0,0.0,0.0
2024-10-23 12:16:00-04:00,22.7549991607666,22.7549991607666,22.7549991607666,22.7549991607666,100,0.0,0.0,0.0
2024-10-23 12:17:00-04:00,22.760000228881836,22.760000228881836,22.760000228881836,22.760000228881836,312,0.0,0.0,0.0
2024-10-23 12:18:00-04:00,22.760000228881836,22.770000457763672,22.760000228881836,22.770000457763672,3349,0.0,0.0,0.0
2024-10-23 12:19:00-04:00,22.764999389648438,22.764999389648438,22.764999389648438,22.764999389648438,416,0.0,0.0,0.0
2024-10-23 12:22:00-04:00,22.760000228881836,22.760000228881836,22.760000228881836,22.760000228881836,558,0.0,0.0,0.0
2024-10-23 12:24:00-04:00,22.760000228881836,22.760000228881836,22.759899139404297,22.760000228881836,787,0.0,0.0,0.0
2024-10-23 12:28:00-04:00,22.761499404907227,22.768299102783203,22.761499404907227,22.768299102783203,212,0.0,0.0,0.0
2024-10-23 12:30:00-04:00,22.75,22.75,22.75,22.75,650,0.0,0.0,0.0
2024-10-23 12:32:00-04:00,22.7549991607666,22.7549991607666,22.7549991607666,22.7549991607666,108,0.0,0.0,0.0
2024-10-23 12:37:00-04:00,22.749900817871094,22.749900817871094,22.749900817871094,22.749900817871094,472,0.0,0.0,0.0
2024-10-23 12:50:00-04:00,22.739999771118164,22.739999771118164,22.739999771118164,22.739999771118164,213,0.0,0.0,0.0
2024-10-23 12:51:00-04:00,22.739999771118164,22.739999771118164,22.739999771118164,22.739999771118164,326,0.0,0.0,0.0
2024-10-23 12:54:00-04:00,22.729999542236328,22.729999542236328,22.729999542236328,22.729999542236328,501,0.0,0.0,0.0
2024-10-23 12:56:00-04:00,22.725000381469727,22.725000381469727,22.725000381469727,22.725000381469727,500,0.0,0.0,0.0
2024-10-23 12:57:00-04:00,22.729999542236328,22.729999542236328,22.725000381469727,22.725000381469727,291,0.0,0.0,0.0
2024-10-23 12:58:00-04:00,22.729900360107422,22.729900360107422,22.729799270629883,22.729799270629883,2222,0.0,0.0,0.0
2024-10-23 13:00:00-04:00,22.735000610351562,22.735000610351562,22.735000610351562,22.735000610351562,550,0.0,0.0,0.0
2024-10-23 13:01:00-04:00,22.729999542236328,22.729999542236328,22.729999542236328,22.729999542236328,1101,0.0,0.0,0.0
2024-10-23 13:05:00-04:00,22.721500396728516,22.721500396728516,22.721500396728516,22.721500396728516,1514,0.0,0.0,0.0
2024-10-23 13:06:00-04:00,22.719999313354492,22.719999313354492,22.719999313354492,22.719999313354492,200,0.0,0.0,0.0
2024-10-23 13:07:00-04:00,22.709999084472656,22.71500015258789,22.709999084472656,22.71500015258789,679,0.0,0.0,0.0
2024-10-23 13:09:00-04:00,22.70359992980957,22.709999084472656,22.70359992980957,22.709999084472656,766,0.0,0.0,0.0
2024-10-23 13:12:00-04:00,22.700000762939453,22.700000762939453,22.700000762939453,22.700000762939453,1092,0.0,0.0,0.0
2024-10-23 13:15:00-04:00,22.690000534057617,22.690000534057617,22.690000534057617,22.690000534057617,136,0.0,0.0,0.0
2024-10-23 13:16:00-04:00,22.690000534057617,22.690000534057617,22.690000534057617,22.690000534057617,400,0.0,0.0,0.0
2024-10-23 13:17:00-04:00,22.691699981689453,22.691699981689453,22.691699981689453,22.691699981689453,256,0.0,0.0,0.0
2024-10-23 13:19:00-04:00,22.690000534057617,22.690000534057617,22.690000534057617,22.690000534057617,510,0.0,0.0,0.0
2024-10-23 13:24:00-04:00,22.690000534057617,22.690000534057617,22.690000534057617,22.690000534057617,109,0.0,0.0,0.0
2024-10-23 13:25:00-04:00,22.690000534057617,22.690000534057617,22.690000534057617,22.690000534057617,101,0.0,0.0,0.0
2024-10-23 13:26:00-04:00,22.690000534057617,22.690000534057617,22.690000534057617,22.690000534057617,360,0.0,0.0,0.0
2024-10-23 13:28:00-04:00,22.690000534057617,22.690000534057617,22.690000534057617,22.690000534057617,505,0.0,0.0,0.0
2024-10-23 13:32:00-04:00,22.690000534057617,22.690000534057617,22.690000534057617,22.690000534057617,104,0.0,0.0,0.0
2024-10-23 13:33:00-04:00,22.68899917602539,22.68899917602539,22.68899917602539,22.68899917602539,1500,0.0,0.0,0.0
2024-10-23 13:35:00-04:00,22.690000534057617,22.690000534057617,22.690000534057617,22.690000534057617,495,0.0,0.0,0.0
2024-10-23 13:39:00-04:00,22.684999465942383,22.684999465942383,22.68000030517578,22.68000030517578,822,0.0,0.0,0.0
2024-10-23 13:40:00-04:00,22.68000030517578,22.68000030517578,22.68000030517578,22.68000030517578,136,0.0,0.0,0.0
2024-10-23 13:41:00-04:00,22.68000030517578,22.690000534057617,22.68000030517578,22.690000534057617,205,0.0,0.0,0.0
2024-10-23 13:44:00-04:00,22.690000534057617,22.690000534057617,22.690000534057617,22.690000534057617,985,0.0,0.0,0.0
2024-10-23 13:52:00-04:00,22.690000534057617,22.690000534057617,22.690000534057617,22.690000534057617,220,0.0,0.0,0.0
2024-10-23 13:56:00-04:00,22.68000030517578,22.68000030517578,22.68000030517578,22.68000030517578,107,0.0,0.0,0.0
2024-10-23 13:58:00-04:00,22.67009925842285,22.67009925842285,22.67009925842285,22.67009925842285,1400,0.0,0.0,0.0
2024-10-23 13:59:00-04:00,22.68000030517578,22.68000030517578,22.68000030517578,22.68000030517578,488,0.0,0.0,0.0
2024-10-23 14:02:00-04:00,22.670000076293945,22.670000076293945,22.670000076293945,22.670000076293945,617,0.0,0.0,0.0
2024-10-23 14:03:00-04:00,22.65999984741211,22.65999984741211,22.65999984741211,22.65999984741211,811,0.0,0.0,0.0
2024-10-23 14:04:00-04:00,22.649999618530273,22.649999618530273,22.649999618530273,22.649999618530273,303,0.0,0.0,0.0
2024-10-23 14:05:00-04:00,22.639999389648438,22.639999389648438,22.639999389648438,22.639999389648438,206,0.0,0.0,0.0
2024-10-23 14:08:00-04:00,22.639999389648438,22.639999389648438,22.639999389648438,22.639999389648438,1156,0.0,0.0,0.0
2024-10-23 14:11:00-04:00,22.6299991607666,22.6299991607666,22.6299991607666,22.6299991607666,2068,0.0,0.0,0.0
2024-10-23 14:12:00-04:00,22.625,22.625,22.625,22.625,196,0.0,0.0,0.0
2024-10-23 14:20:00-04:00,22.621400833129883,22.621400833129883,22.621400833129883,22.621400833129883,1387,0.0,0.0,0.0
2024-10-23 14:21:00-04:00,22.6299991607666,22.6299991607666,22.6299991607666,22.6299991607666,2214,0.0,0.0,0.0
2024-10-23 14:23:00-04:00,22.639999389648438,22.639999389648438,22.639999389648438,22.639999389648438,309,0.0,0.0,0.0
2024-10-23 14:24:00-04:00,22.639999389648438,22.639999389648438,22.639999389648438,22.639999389648438,300,0.0,0.0,0.0
2024-10-23 14:25:00-04:00,22.625,22.625,22.625,22.625,1510,0.0,0.0,0.0
2024-10-23 14:26:00-04:00,22.6299991607666,22.635000228881836,22.6299991607666,22.635000228881836,1366,0.0,0.0,0.0
2024-10-23 14:32:00-04:00,22.649999618530273,22.649999618530273,22.649999618530273,22.649999618530273,113,0.0,0.0,0.0
2024-10-23 14:35:00-04:00,22.65999984741211,22.670000076293945,22.65999984741211,22.670000076293945,653,0.0,0.0,0.0
2024-10-23 14:37:00-04:00,22.685100555419922,22.685100555419922,22.685100555419922,22.685100555419922,100,0.0,0.0,0.0
2024-10-23 14:38:00-04:00,22.68000030517578,22.68000030517578,22.68000030517578,22.68000030517578,101,0.0,0.0,0.0
2024-10-23 14:44:00-04:00,22.684999465942383,22.684999465942383,22.68199920654297,22.684999465942383,1000,0.0,0.0,0.0
2024-10-23 14:45:00-04:00,22.690000534057617,22.690000534057617,22.680099487304688,22.690000534057617,1195,0.0,0.0,0.0
2024-10-23 14:48:00-04:00,22.690000534057617,22.690000534057617,22.690000534057617,22.690000534057617,219,0.0,0.0,0.0
2024-10-23 14:49:00-04:00,22.690000534057617,22.690000534057617,22.680099487304688,22.690000534057617,124768,0.0,0.0,0.0
2024-10-23 14:50:00-04:00,22.69499969482422,22.69499969482422,22.69499969482422,22.69499969482422,112,0.0,0.0,0.0
2024-10-23 14:52:00-04:00,22.690000534057617,22.690000534057617,22.690000534057617,22.690000534057617,849,0.0,0.0,0.0
2024-10-23 14:53:00-04:00,22.690000534057617,22.690000534057617,22.684999465942383,22.684999465942383,6877,0.0,0.0,0.0
2024-10-23 14:54:00-04:00,22.68000030517578,22.68000030517578,22.674999237060547,22.674999237060547,1010,0.0,0.0,0.0
2024-10-23 14:57:00-04:00,22.680099487304688,22.680099487304688,22.680099487304688,22.680099487304688,877,0.0,0.0,0.0
2024-10-23 14:58:00-04:00,22.684999465942383,22.684999465942383,22.684999465942383,22.684999465942383,200,0.0,0.0,0.0
2024-10-23 14:59:00-04:00,22.690000534057617,22.690000534057617,22.690000534057617,22.690000534057617,1021,0.0,0.0,0.0
2024-10-23 15:00:00-04:00,22.69499969482422,22.71500015258789,22.69499969482422,22.709999084472656,6493,0.0,0.0,0.0
2024-10-23 15:01:00-04:00,22.719999313354492,22.725000381469727,22.719999313354492,22.725000381469727,472,0.0,0.0,0.0
2024-10-23 15:02:00-04:00,22.73069953918457,22.760000228881836,22.73069953918457,22.760000228881836,4081,0.0,0.0,0.0
2024-10-23 15:03:00-04:00,22.7549991607666,22.7549991607666,22.7549991607666,22.7549991607666,200,0.0,0.0,0.0
2024-10-23 15:04:00-04:00,22.770000457763672,22.795000076293945,22.770000457763672,22.78499984741211,4270,0.0,0.0,0.0
2024-10-23 15:05:00-04:00,22.790000915527344,22.790000915527344,22.78499984741211,22.78499984741211,364,0.0,0.0,0.0
2024-10-23 15:06:00-04:00,22.780000686645508,22.780000686645508,22.7716007232666,22.779800415039062,1121,0.0,0.0,0.0
2024-10-23 15:07:00-04:00,22.799999237060547,22.802600860595703,22.799999237060547,22.802600860595703,778,0.0,0.0,0.0
2024-10-23 15:10:00-04:00,22.809999465942383,22.810100555419922,22.809999465942383,22.810100555419922,1067,0.0,0.0,0.0
2024-10-23 15:11:00-04:00,22.815000534057617,22.815000534057617,22.815000534057617,22.815000534057617,400,0.0,0.0,0.0
2024-10-23 15:12:00-04:00,22.81999969482422,22.81999969482422,22.81999969482422,22.81999969482422,163,0.0,0.0,0.0
2024-10-23 15:13:00-04:00,22.84000015258789,22.84000015258789,22.84000015258789,22.84000015258789,100,0.0,0.0,0.0
2024-10-23 15:15:00-04:00,22.850000381469727,22.850000381469727,22.850000381469727,22.850000381469727,1429,0.0,0.0,0.0
2024-10-23 15:16:00-04:00,22.850000381469727,22.850000381469727,22.84000015258789,22.84000015258789,895,0.0,0.0,0.0
2024-10-23 15:17:00-04:00,22.834999084472656,22.834999084472656,22.825000762939453,22.825000762939453,4239,0.0,0.0,0.0
2024-10-23 15:18:00-04:00,22.825000762939453,22.829999923706055,22.825000762939453,22.827899932861328,851,0.0,0.0,0.0
2024-10-23 15:19:00-04:00,22.820100784301758,22.829999923706055,22.820100784301758,22.829999923706055,1968,0.0,0.0,0.0
2024-10-23 15:20:00-04:00,22.850000381469727,22.850000381469727,22.84000015258789,22.84000015258789,3025,0.0,0.0,0.0
2024-10-23 15:22:00-04:00,22.850000381469727,22.850000381469727,22.850000381469727,22.850000381469727,302,0.0,0.0,0.0
2024-10-23 15:23:00-04:00,22.850000381469727,22.850099563598633,22.850000381469727,22.850099563598633,1332,0.0,0.0,0.0
2024-10-23 15:24:00-04:00,22.854999542236328,22.860000610351562,22.854999542236328,22.860000610351562,1000,0.0,0.0,0.0
2024-10-23 15:25:00-04:00,22.8700008392334,22.8700008392334,22.8700008392334,22.8700008392334,1000,0.0,0.0,0.0
2024-10-23 15:26:00-04:00,22.875,22.875,22.875,22.875,305,0.0,0.0,0.0
2024-10-23 15:27:00-04:00,22.8700008392334,22.8700008392334,22.8700008392334,22.8700008392334,886,0.0,0.0,0.0
2024-10-23 15:28:00-04:00,22.8700008392334,22.8700008392334,22.860000610351562,22.860000610351562,3427,0.0,0.0,0.0
2024-10-23 15:29:00-04:00,22.860000610351562,22.860000610351562,22.860000610351562,22.860000610351562,100,0.0,0.0,0.0
2024-10-23 15:30:00-04:00,22.860000610351562,22.860000610351562,22.844999313354492,22.844999313354492,2400,0.0,0.0,0.0
2024-10-23 15:31:00-04:00,22.850000381469727,22.854999542236328,22.850000381469727,22.854999542236328,1672,0.0,0.0,0.0
2024-10-23 15:32:00-04:00,22.850000381469727,22.850000381469727,22.850000381469727,22.850000381469727,1076,0.0,0.0,0.0
2024-10-23 15:33:00-04:00,22.854999542236328,22.8700008392334,22.854999542236328,22.8700008392334,550,0.0,0.0,0.0
2024-10-23 15:35:00-04:00,22.860000610351562,22.860000610351562,22.854999542236328,22.854999542236328,1207,0.0,0.0,0.0
2024-10-23 15:36:00-04:00,22.850000381469727,22.854999542236328,22.850000381469727,22.854999542236328,1019,0.0,0.0,0.0
2024-10-23 15:37:00-04:00,22.854999542236328,22.854999542236328,22.844999313354492,22.844999313354492,1902,0.0,0.0,0.0
2024-10-23 15:38:00-04:00,22.850000381469727,22.859899520874023,22.850000381469727,22.859899520874023,3153,0.0,0.0,0.0
2024-10-23 15:39:00-04:00,22.850000381469727,22.854999542236328,22.850000381469727,22.854999542236328,1386,0.0,0.0,0.0
2024-10-23 15:40:00-04:00,22.86009979248047,22.864999771118164,22.860000610351562,22.864999771118164,7573,0.0,0.0,0.0
2024-10-23 15:41:00-04:00,22.860000610351562,22.860000610351562,22.860000610351562,22.860000610351562,444,0.0,0.0,0.0
2024-10-23 15:42:00-04:00,22.850000381469727,22.854999542236328,22.850000381469727,22.850000381469727,3152,0.0,0.0,0.0
2024-10-23 15:43:00-04:00,22.844999313354492,22.844999313354492,22.844999313354492,22.844999313354492,1291,0.0,0.0,0.0
2024-10-23 15:45:00-04:00,22.84000015258789,22.844999313354492,22.84000015258789,22.844999313354492,1011,0.0,0.0,0.0
2024-10-23 15:46:00-04:00,22.84000015258789,22.850000381469727,22.84000015258789,22.850000381469727,2500,0.0,0.0,0.0
2024-10-23 15:47:00-04:00,22.844999313354492,22.844999313354492,22.844999313354492,22.844999313354492,101,0.0,0.0,0.0
2024-10-23 15:48:00-04:00,22.850000381469727,22.850000381469727,22.844999313354492,22.844999313354492,572,0.0,0.0,0.0
2024-10-23 15:49:00-04:00,22.844999313354492,22.844999313354492,22.844999313354492,22.844999313354492,102,0.0,0.0,0.0
2024-10-23 15:50:00-04:00,22.84000015258789,22.84000015258789,22.829999923706055,22.829999923706055,2921,0.0,0.0,0.0
2024-10-23 15:52:00-04:00,22.825000762939453,22.84000015258789,22.825000762939453,22.84000015258789,3758,0.0,0.0,0.0
2024-10-23 15:53:00-04:00,22.83989906311035,22.83989906311035,22.83989906311035,22.83989906311035,250,0.0,0.0,0.0
2024-10-23 15:54:00-04:00,22.84000015258789,22.84000015258789,22.84000015258789,22.84000015258789,1121,0.0,0.0,0.0
2024-10-23 15:55:00-04:00,22.84000015258789,22.84000015258789,22.84000015258789,22.84000015258789,1377,0.0,0.0,0.0
2024-10-23 15:56:00-04:00,22.834999084472656,22.834999084472656,22.834999084472656,22.834999084472656,1163,0.0,0.0,0.0
2024-10-23 15:57:00-04:00,22.834999084472656,22.834999084472656,22.829999923706055,22.829999923706055,1675,0.0,0.0,0.0
2024-10-23 15:58:00-04:00,22.834999084472656,22.834999084472656,22.825000762939453,22.829999923706055,1000,0.0,0.0,0.0
2024-10-23 15:59:00-04:00,22.81999969482422,22.81999969482422,22.815000534057617,22.81999969482422,4259,0.0,0.0,0.0
2024-10-24 09:30:00-04:00,22.8700008392334,22.913999557495117,22.8700008392334,22.913999557495117,3903,0.0,0.0,0.0
2024-10-24 09:31:00-04:00,22.8700008392334,22.8700008392334,22.8700008392334,22.8700008392334,100,0.0,0.0,0.0
2024-10-24 09:32:00-04:00,22.8700008392334,22.8700008392334,22.8700008392334,22.8700008392334,300,0.0,0.0,0.0
2024-10-24 09:33:00-04:00,22.860000610351562,22.889999389648438,22.860000610351562,22.889999389648438,1214,0.0,0.0,0.0
2024-10-24 09:35:00-04:00,22.90999984741211,22.90999984741211,22.90999984741211,22.90999984741211,1227,0.0,0.0,0.0
2024-10-24 09:36:00-04:00,22.889999389648438,22.889999389648438,22.889999389648438,22.889999389648438,683,0.0,0.0,0.0
2024-10-24 09:37:00-04:00,22.889999389648438,22.889999389648438,22.889999389648438,22.889999389648438,155,0.0,0.0,0.0
2024-10-24 09:38:00-04:00,22.899999618530273,22.899999618530273,22.899999618530273,22.899999618530273,300,0.0,0.0,0.0
2024-10-24 09:39:00-04:00,22.889999389648438,22.889999389648438,22.889999389648438,22.889999389648438,643,0.0,0.0,0.0
2024-10-24 09:40:00-04:00,22.899999618530273,22.906600952148438,22.899999618530273,22.906600952148438,387,0.0,0.0,0.0
2024-10-24 09:41:00-04:00,22.899999618530273,22.899999618530273,22.8799991607666,22.8799991607666,381,0.0,0.0,0.0
2024-10-24 09:43:00-04:00,22.860000610351562,22.860000610351562,22.850000381469727,22.850000381469727,225,0.0,0.0,0.0
2024-10-24 09:45:00-04:00,22.829999923706055,22.829999923706055,22.799999237060547,22.799999237060547,1229,0.0,0.0,0.0
2024-10-24 09:47:00-04:00,22.809999465942383,22.809999465942383,22.809999465942383,22.809999465942383,436,0.0,0.0,0.0
2024-10-24 09:48:00-04:00,22.799999237060547,22.799999237060547,22.780000686645508,22.780000686645508,1946,0.0,0.0,0.0
2024-10-24 09:49:00-04:00,22.790000915527344,22.790000915527344,22.790000915527344,22.790000915527344,252,0.0,0.0,0.0
2024-10-24 09:50:00-04:00,22.780000686645508,22.780000686645508,22.780000686645508,22.780000686645508,407,0.0,0.0,0.0
2024-10-24 09:53:00-04:00,22.795000076293945,22.799999237060547,22.795000076293945,22.799999237060547,502,0.0,0.0,0.0
2024-10-24 09:54:00-04:00,22.799999237060547,22.799999237060547,22.799999237060547,22.799999237060547,101,0.0,0.0,0.0
2024-10-24 09:55:00-04:00,22.81999969482422,22.81999969482422,22.81999969482422,22.81999969482422,438,0.0,0.0,0.0
2024-10-24 09:58:00-04:00,22.81999969482422,22.81999969482422,22.81999969482422,22.81999969482422,333,0.0,0.0,0.0
2024-10-24 10:00:00-04:00,22.81999969482422,22.81999969482422,22.809999465942383,22.809999465942383,638,0.0,0.0,0.0
2024-10-24 10:01:00-04:00,22.815000534057617,22.815000534057617,22.795000076293945,22.795000076293945,2292,0.0,0.0,0.0
2024-10-24 10:02:00-04:00,22.790000915527344,22.790000915527344,22.78499984741211,22.78499984741211,330,0.0,0.0,0.0
2024-10-24 10:04:00-04:00,22.80500030517578,22.80500030517578,22.80500030517578,22.80500030517578,355,0.0,0.0,0.0
2024-10-24 10:06:00-04:00,22.796199798583984,22.796199798583984,22.790000915527344,22.790000915527344,498,0.0,0.0,0.0
2024-10-24 10:07:00-04:00,22.780000686645508,22.78969955444336,22.780000686645508,22.780000686645508,2450,0.0,0.0,0.0
2024-10-24 10:08:00-04:00,22.771799087524414,22.771799087524414,22.771799087524414,22.771799087524414,229,0.0,0.0,0.0
2024-10-24 10:10:00-04:00,22.799999237060547,22.80500030517578,22.799999237060547,22.80500030517578,735,0.0,0.0,0.0
2024-10-24 10:11:00-04:00,22.799999237060547,22.799999237060547,22.799999237060547,22.799999237060547,724,0.0,0.0,0.0
2024-10-24 10:13:00-04:00,22.809999465942383,22.815000534057617,22.809999465942383,22.815000534057617,1835,0.0,0.0,0.0
2024-10-24 10:14:00-04:00,22.81999969482422,22.81999969482422,22.809999465942383,22.809999465942383,430,0.0,0.0,0.0
2024-10-24 10:15:00-04:00,22.799999237060547,22.799999237060547,22.799999237060547,22.799999237060547,302,0.0,0.0,0.0
2024-10-24 10:16:00-04:00,22.790000915527344,22.790000915527344,22.790000915527344,22.790000915527344,475,0.0,0.0,0.0
2024-10-24 10:21:00-04:00,22.809999465942383,22.809999465942383,22.80500030517578,22.80500030517578,849,0.0,0.0,0.0
2024-10-24 10:22:00-04:00,22.799999237060547,22.799999237060547,22.799999237060547,22.799999237060547,350,0.0,0.0,0.0
2024-10-24 10:23:00-04:00,22.799999237060547,22.80500030517578,22.799999237060547,22.80500030517578,612,0.0,0.0,0.0
2024-10-24 10:24:00-04:00,22.809999465942383,22.809999465942383,22.809999465942383,22.809999465942383,102,0.0,0.0,0.0
2024-10-24 10:25:00-04:00,22.809999465942383,22.809999465942383,22.809999465942383,22.809999465942383,871,0.0,0.0,0.0
2024-10-24 10:26:00-04:00,22.81999969482422,22.81999969482422,22.81999969482422,22.81999969482422,849,0.0,0.0,0.0
2024-10-24 10:27:00-04:00,22.81999969482422,22.81999969482422,22.81999969482422,22.81999969482422,635,0.0,0.0,0.0
2024-10-24 10:28:00-04:00,22.809999465942383,22.809999465942383,22.809999465942383,22.809999465942383,269,0.0,0.0,0.0
2024-10-24 10:29:00-04:00,22.809999465942383,22.81999969482422,22.809999465942383,22.81999969482422,930,0.0,0.0,0.0
2024-10-24 10:30:00-04:00,22.81999969482422,22.81999969482422,22.81999969482422,22.81999969482422,198,0.0,0.0,0.0
2024-10-24 10:32:00-04:00,22.829999923706055,22.84000015258789,22.829999923706055,22.84000015258789,1386,0.0,0.0,0.0
2024-10-24 10:33:00-04:00,22.854999542236328,22.854999542236328,22.850000381469727,22.850000381469727,600,0.0,0.0,0.0
2024-10-24 10:34:00-04:00,22.860000610351562,22.8700008392334,22.860000610351562,22.864999771118164,1424,0.0,0.0,0.0
2024-10-24 10:35:00-04:00,22.861000061035156,22.8799991607666,22.861000061035156,22.8799991607666,2366,0.0,0.0,0.0
2024-10-24 10:36:00-04:00,22.8799991607666,22.8799991607666,22.8799991607666,22.8799991607666,118,0.0,0.0,0.0
2024-10-24 10:38:00-04:00,22.889999389648438,22.905000686645508,22.889999389648438,22.905000686645508,1200,0.0,0.0,0.0
2024-10-24 10:40:00-04:00,22.899999618530273,22.899999618530273,22.899999618530273,22.899999618530273,318,0.0,0.0,0.0
2024-10-24 10:41:00-04:00,22.905000686645508,22.905000686645508,22.905000686645508,22.905000686645508,500,0.0,0.0,0.0
2024-10-24 10:42:00-04:00,22.920000076293945,22.920000076293945,22.920000076293945,22.920000076293945,997,0.0,0.0,0.0
2024-10-24 10:43:00-04:00,22.90999984741211,22.920000076293945,22.909900665283203,22.920000076293945,3161,0.0,0.0,0.0
2024-10-24 10:45:00-04:00,22.920000076293945,22.920000076293945,22.90999984741211,22.90999984741211,1200,0.0,0.0,0.0
2024-10-24 10:47:00-04:00,22.90999984741211,22.90999984741211,22.90999984741211,22.90999984741211,1741,0.0,0.0,0.0
2024-10-24 10:50:00-04:00,22.90999984741211,22.90999984741211,22.900100708007812,22.900100708007812,926,0.0,0.0,0.0
2024-10-24 10:51:00-04:00,22.899999618530273,22.899999618530273,22.899999618530273,22.899999618530273,500,0.0,0.0,0.0
2024-10-24 10:52:00-04:00,22.900100708007812,22.900100708007812,22.900100708007812,22.900100708007812,106,0.0,0.0,0.0
2024-10-24 10:54:00-04:00,22.899999618530273,22.905000686645508,22.899999618530273,22.905000686645508,205,0.0,0.0,0.0
2024-10-24 10:55:00-04:00,22.90399932861328,22.90399932861328,22.90399932861328,22.90399932861328,101,0.0,0.0,0.0
2024-10-24 10:56:00-04:00,22.90999984741211,22.915000915527344,22.90999984741211,22.915000915527344,2671,0.0,0.0,0.0
2024-10-24 10:59:00-04:00,22.915000915527344,22.915000915527344,22.915000915527344,22.915000915527344,100,0.0,0.0,0.0
2024-10-24 11:00:00-04:00,22.915000915527344,22.915000915527344,22.8799991607666,22.8799991607666,3541,0.0,0.0,0.0
2024-10-24 11:01:00-04:00,22.8799991607666,22.885000228881836,22.8799991607666,22.8799991607666,749,0.0,0.0,0.0
2024-10-24 11:02:00-04:00,22.875,22.875,22.8700008392334,22.8700008392334,607,0.0,0.0,0.0
2024-10-24 11:03:00-04:00,22.8700008392334,22.875,22.8700008392334,22.875,200,0.0,0.0,0.0
2024-10-24 11:04:00-04:00,22.8700008392334,22.8700008392334,22.864999771118164,22.864999771118164,655,0.0,0.0,0.0
2024-10-24 11:05:00-04:00,22.860000610351562,22.8700008392334,22.860000610351562,22.8700008392334,581,0.0,0.0,0.0
2024-10-24 11:06:00-04:00,22.8700008392334,22.8700008392334,22.8700008392334,22.8700008392334,902,0.0,0.0,0.0
2024-10-24 11:07:00-04:00,22.8799991607666,22.8799991607666,22.8799991607666,22.8799991607666,760,0.0,0.0,0.0
2024-10-24 11:08:00-04:00,22.8799991607666,22.8799991607666,22.8799991607666,22.8799991607666,610,0.0,0.0,0.0
2024-10-24 11:11:00-04:00,22.875,22.875,22.875,22.875,101,0.0,0.0,0.0
2024-10-24 11:13:00-04:00,22.875,22.8799991607666,22.875,22.8799991607666,1329,0.0,0.0,0.0
2024-10-24 11:17:00-04:00,22.8799991607666,22.889999389648438,22.8799991607666,22.889999389648438,1225,0.0,0.0,0.0
2024-10-24 11:19:00-04:00,22.889999389648438,22.889999389648438,22.885000228881836,22.885000228881836,300,0.0,0.0,0.0
2024-10-24 11:20:00-04:00,22.888708114624023,22.888708114624023,22.8799991607666,22.885000228881836,1338,0.0,0.0,0.0
2024-10-24 11:21:00-04:00,22.8799991607666,22.8799991607666,22.8799991607666,22.8799991607666,722,0.0,0.0,0.0
2024-10-24 11:29:00-04:00,22.8700008392334,22.885000228881836,22.8700008392334,22.885000228881836,2015,0.0,0.0,0.0
2024-10-24 11:31:00-04:00,22.8799991607666,22.8799991607666,22.8799991607666,22.8799991607666,500,0.0,0.0,0.0
2024-10-24 11:32:00-04:00,22.889999389648438,22.889999389648438,22.889999389648438,22.889999389648438,257,0.0,0.0,0.0
2024-10-24 11:34:00-04:00,22.8799991607666,22.885000228881836,22.8799991607666,22.8799991607666,910,0.0,0.0,0.0
2024-10-24 11:35:00-04:00,22.8799991607666,22.8799991607666,22.8799991607666,22.8799991607666,149,0.0,0.0,0.0
2024-10-24 11:40:00-04:00,22.885000228881836,22.885000228881836,22.885000228881836,22.885000228881836,161,0.0,0.0,0.0
2024-10-24 11:42:00-04:00,22.8799991607666,22.8799991607666,22.8799991607666,22.8799991607666,202,0.0,0.0,0.0
2024-10-24 11:43:00-04:00,22.8799991607666,22.8799991607666,22.8799991607666,22.8799991607666,380,0.0,0.0,0.0
2024-10-24 11:44:00-04:00,22.8700008392334,22.8700008392334,22.8700008392334,22.8700008392334,694,0.0,0.0,0.0
2024-10-24 11:47:00-04:00,22.8799991607666,22.8799991607666,22.8799991607666,22.8799991607666,2288,0.0,0.0,0.0
2024-10-24 11:50:00-04:00,22.8700008392334,22.875,22.8700008392334,22.875,327,0.0,0.0,0.0
2024-10-24 11:52:00-04:00,22.8700008392334,22.8700008392334,22.860000610351562,22.860000610351562,521,0.0,0.0,0.0
2024-10-24 11:54:00-04:00,22.860000610351562,22.860000610351562,22.860000610351562,22.860000610351562,211,0.0,0.0,0.0
2024-10-24 11:55:00-04:00,22.8700008392334,22.8700008392334,22.8700008392334,22.8700008392334,762,0.0,0.0,0.0
2024-10-24 11:58:00-04:00,22.875,22.875,22.8700008392334,22.8700008392334,302,0.0,0.0,0.0
2024-10-24 12:00:00-04:00,22.860000610351562,22.860000610351562,22.860000610351562,22.860000610351562,736,0.0,0.0,0.0
2024-10-24 12:02:00-04:00,22.860000610351562,22.860000610351562,22.860000610351562,22.860000610351562,200,0.0,0.0,0.0
2024-10-24 12:03:00-04:00,22.854999542236328,22.854999542236328,22.854999542236328,22.854999542236328,110,0.0,0.0,0.0
2024-10-24 12:04:00-04:00,22.860000610351562,22.860000610351562,22.860000610351562,22.860000610351562,222,0.0,0.0,0.0
2024-10-24 12:06:00-04:00,22.860000610351562,22.860000610351562,22.860000610351562,22.860000610351562,169,0.0,0.0,0.0
2024-10-24 12:08:00-04:00,22.84000015258789,22.84000015258789,22.84000015258789,22.84000015258789,222,0.0,0.0,0.0
2024-10-24 12:10:00-04:00,22.829999923706055,22.829999923706055,22.829999923706055,22.829999923706055,4701,0.0,0.0,0.0
2024-10-24 12:11:00-04:00,22.84000015258789,22.844999313354492,22.84000015258789,22.844999313354492,500,0.0,0.0,0.0
2024-10-24 12:12:00-04:00,22.84000015258789,22.84000015258789,22.84000015258789,22.84000015258789,311,0.0,0.0,0.0
2024-10-24 12:13:00-04:00,22.834999084472656,22.84000015258789,22.834999084472656,22.84000015258789,414,0.0,0.0,0.0
2024-10-24 12:17:00-04:00,22.84000015258789,22.84000015258789,22.84000015258789,22.84000015258789,168,0.0,0.0,0.0
2024-10-24 12:21:00-04:00,22.84000015258789,22.84000015258789,22.84000015258789,22.84000015258789,395,0.0,0.0,0.0
2024-10-24 12:22:00-04:00,22.850000381469727,22.850000381469727,22.850000381469727,22.850000381469727,258,0.0,0.0,0.0
2024-10-24 12:29:00-04:00,22.860000610351562,22.8700008392334,22.860000610351562,22.8700008392334,937,0.0,0.0,0.0
2024-10-24 12:31:00-04:00,22.8700008392334,22.8700008392334,22.8700008392334,22.8700008392334,198,0.0,0.0,0.0
2024-10-24 12:32:00-04:00,22.8700008392334,22.878299713134766,22.8700008392334,22.878299713134766,401,0.0,0.0,0.0
2024-10-24 12:36:00-04:00,22.8700008392334,22.8700008392334,22.8700008392334,22.8700008392334,1100,0.0,0.0,0.0
2024-10-24 12:38:00-04:00,22.864999771118164,22.864999771118164,22.864999771118164,22.864999771118164,134,0.0,0.0,0.0
2024-10-24 12:40:00-04:00,22.864999771118164,22.864999771118164,22.864999771118164,22.864999771118164,250,0.0,0.0,0.0
2024-10-24 12:42:00-04:00,22.860000610351562,22.860000610351562,22.852100372314453,22.852100372314453,351,0.0,0.0,0.0
2024-10-24 12:44:00-04:00,22.860000610351562,22.860000610351562,22.854999542236328,22.860000610351562,532,0.0,0.0,0.0
2024-10-24 12:51:00-04:00,22.860000610351562,22.860000610351562,22.860000610351562,22.860000610351562,260,0.0,0.0,0.0
2024-10-24 12:52:00-04:00,22.8799991607666,22.8799991607666,22.8799991607666,22.8799991607666,1369,0.0,0.0,0.0
2024-10-24 12:56:00-04:00,22.889999389648438,22.889999389648438,22.889999389648438,22.889999389648438,630,0.0,0.0,0.0
2024-10-24 12:57:00-04:00,22.889999389648438,22.889999389648438,22.889999389648438,22.889999389648438,584,0.0,0.0,0.0
2024-10-24 12:59:00-04:00,22.889999389648438,22.889999389648438,22.88089942932129,22.88089942932129,1257,0.0,0.0,0.0
2024-10-24 13:00:00-04:00,22.88789939880371,22.88789939880371,22.88789939880371,22.88789939880371,225,0.0,0.0,0.0
2024-10-24 13:04:00-04:00,22.88010025024414,22.88010025024414,22.88010025024414,22.88010025024414,311,0.0,0.0,0.0
2024-10-24 13:05:00-04:00,22.8799991607666,22.8799991607666,22.8799991607666,22.8799991607666,688,0.0,0.0,0.0
2024-10-24 13:08:00-04:00,22.8799991607666,22.885000228881836,22.8799991607666,22.885000228881836,986,0.0,0.0,0.0
2024-10-24 13:09:00-04:00,22.889299392700195,22.889299392700195,22.889299392700195,22.889299392700195,4002,0.0,0.0,0.0
2024-10-24 13:12:00-04:00,22.889999389648438,22.889999389648438,22.889999389648438,22.889999389648438,845,0.0,0.0,0.0
2024-10-24 13:17:00-04:00,22.889999389648438,22.889999389648438,22.889999389648438,22.889999389648438,641,0.0,0.0,0.0
2024-10-24 13:18:00-04:00,22.889999389648438,22.889999389648438,22.889999389648438,22.889999389648438,299,0.0,0.0,0.0
2024-10-24 13:19:00-04:00,22.889999389648438,22.889999389648438,22.889999389648438,22.889999389648438,230,0.0,0.0,0.0
2024-10-24 13:24:00-04:00,22.899999618530273,22.905000686645508,22.899999618530273,22.905000686645508,770,0.0,0.0,0.0
2024-10-24 13:26:00-04:00,22.899999618530273,22.899999618530273,22.899999618530273,22.899999618530273,585,0.0,0.0,0.0
2024-10-24 13:27:00-04:00,22.899999618530273,22.899999618530273,22.899999618530273,22.899999618530273,14830,0.0,0.0,0.0
2024-10-24 13:28:00-04:00,22.899999618530273,22.90999984741211,22.899999618530273,22.90999984741211,1976,0.0,0.0,0.0
2024-10-24 13:30:00-04:00,22.905000686645508,22.90999984741211,22.905000686645508,22.90999984741211,3128,0.0,0.0,0.0
2024-10-24 13:31:00-04:00,22.900699615478516,22.900699615478516,22.900699615478516,22.900699615478516,106,0.0,0.0,0.0
2024-10-24 13:32:00-04:00,22.899999618530273,22.899999618530273,22.899999618530273,22.899999618530273,3871,0.0,0.0,0.0
2024-10-24 13:37:00-04:00,22.895000457763672,22.895000457763672,22.895000457763672,22.895000457763672,300,0.0,0.0,0.0
2024-10-24 13:38:00-04:00,22.899999618530273,22.899999618530273,22.899999618530273,22.899999618530273,1535,0.0,0.0,0.0
2024-10-24 13:40:00-04:00,22.899999618530273,22.899999618530273,22.899999618530273,22.899999618530273,229,0.0,0.0,0.0
2024-10-24 13:46:00-04:00,22.902502059936523,22.902502059936523,22.902502059936523,22.902502059936523,445,0.0,0.0,0.0
2024-10-24 13:47:00-04:00,22.899999618530273,22.90999984741211,22.899999618530273,22.899999618530273,128229,0.0,0.0,0.0
2024-10-24 13:48:00-04:00,22.889999389648438,22.889999389648438,22.889999389648438,22.889999389648438,301,0.0,0.0,0.0
2024-10-24 13:49:00-04:00,22.885000228881836,22.885000228881836,22.8799991607666,22.8799991607666,200,0.0,0.0,0.0
2024-10-24 13:50:00-04:00,22.889999389648438,22.899999618530273,22.889999389648438,22.889999389648438,6373,0.0,0.0,0.0
2024-10-24 13:55:00-04:00,22.899999618530273,22.900100708007812,22.899999618530273,22.900100708007812,794,0.0,0.0,0.0
2024-10-24 13:57:00-04:00,22.905000686645508,22.905000686645508,22.895000457763672,22.895000457763672,1129,0.0,0.0,0.0
2024-10-24 13:58:00-04:00,22.895000457763672,22.895000457763672,22.895000457763672,22.895000457763672,6000,0.0,0.0,0.0
2024-10-24 13:59:00-04:00,22.899999618530273,22.899999618530273,22.889999389648438,22.889999389648438,5769,0.0,0.0,0.0
2024-10-24 14:00:00-04:00,22.875,22.875,22.875,22.875,124,0.0,0.0,0.0
2024-10-24 14:01:00-04:00,22.875,22.8799991607666,22.875,22.8799991607666,1062,0.0,0.0,0.0
2024-10-24 14:03:00-04:00,22.889999389648438,22.899999618530273,22.889999389648438,22.899999618530273,2057,0.0,0.0,0.0
2024-10-24 14:12:00-04:00,22.899999618530273,22.899999618530273,22.899999618530273,22.899999618530273,741,0.0,0.0,0.0
2024-10-24 14:14:00-04:00,22.90999984741211,22.90999984741211,22.90999984741211,22.90999984741211,255,0.0,0.0,0.0
2024-10-24 14:16:00-04:00,22.90999984741211,22.920000076293945,22.90999984741211,22.920000076293945,1359,0.0,0.0,0.0
2024-10-24 14:20:00-04:00,22.91010093688965,22.920000076293945,22.91010093688965,22.910499572753906,3722,0.0,0.0,0.0
2024-10-24 14:21:00-04:00,22.915000915527344,22.915000915527344,22.909099578857422,22.909099578857422,3136,0.0,0.0,0.0
2024-10-24 14:22:00-04:00,22.905000686645508,22.905000686645508,22.905000686645508,22.905000686645508,175,0.0,0.0,0.0
2024-10-24 14:23:00-04:00,22.905000686645508,22.90999984741211,22.905000686645508,22.90999984741211,1700,0.0,0.0,0.0
2024-10-24 14:25:00-04:00,22.899999618530273,22.899999618530273,22.899999618530273,22.899999618530273,1660,0.0,0.0,0.0
2024-10-24 14:26:00-04:00,22.89310073852539,22.895000457763672,22.89310073852539,22.895000457763672,331,0.0,0.0,0.0
2024-10-24 14:28:00-04:00,22.895000457763672,22.895000457763672,22.895000457763672,22.895000457763672,200,0.0,0.0,0.0
2024-10-24 14:31:00-04:00,22.889999389648438,22.899999618530273,22.889999389648438,22.889999389648438,3144,0.0,0.0,0.0
2024-10-24 14:32:00-04:00,22.8700008392334,22.8700008392334,22.8700008392334,22.8700008392334,448,0.0,0.0,0.0
2024-10-24 14:33:00-04:00,22.8700008392334,22.8700008392334,22.8700008392334,22.8700008392334,418,0.0,0.0,0.0
2024-10-24 14:39:00-04:00,22.8799991607666,22.8799991607666,22.8799991607666,22.8799991607666,3477,0.0,0.0,0.0
2024-10-24 14:40:00-04:00,22.87299919128418,22.889999389648438,22.87299919128418,22.889999389648438,2031,0.0,0.0,0.0
2024-10-24 14:41:00-04:00,22.885000228881836,22.885000228881836,22.885000228881836,22.885000228881836,665,0.0,0.0,0.0
2024-10-24 14:42:00-04:00,22.889999389648438,22.889999389648438,22.889999389648438,22.889999389648438,400,0.0,0.0,0.0
2024-10-24 14:44:00-04:00,22.889999389648438,22.899999618530273,22.889999389648438,22.899999618530273,605,0.0,0.0,0.0
2024-10-24 14:47:00-04:00,22.889999389648438,22.899999618530273,22.889999389648438,22.899999618530273,615,0.0,0.0,0.0
2024-10-24 14:50:00-04:00,22.90999984741211,22.915000915527344,22.90999984741211,22.915000915527344,700,0.0,0.0,0.0
2024-10-24 14:51:00-04:00,22.90999984741211,22.90999984741211,22.9060001373291,22.9060001373291,588,0.0,0.0,0.0
2024-10-24 14:55:00-04:00,22.90999984741211,22.90999984741211,22.899999618530273,22.899999618530273,744,0.0,0.0,0.0
2024-10-24 15:00:00-04:00,22.899999618530273,22.899999618530273,22.899999618530273,22.899999618530273,707,0.0,0.0,0.0
2024-10-24 15:01:00-04:00,22.899999618530273,22.899999618530273,22.899999618530273,22.899999618530273,126,0.0,0.0,0.0
2024-10-24 15:02:00-04:00,22.899999618530273,22.905000686645508,22.899999618530273,22.905000686645508,400,0.0,0.0,0.0
2024-10-24 15:03:00-04:00,22.905000686645508,22.905000686645508,22.905000686645508,22.905000686645508,345,0.0,0.0,0.0
2024-10-24 15:05:00-04:00,22.90999984741211,22.90999984741211,22.90999984741211,22.90999984741211,222,0.0,0.0,0.0
2024-10-24 15:06:00-04:00,22.915000915527344,22.915000915527344,22.915000915527344,22.915000915527344,238,0.0,0.0,0.0
2024-10-24 15:07:00-04:00,22.924999237060547,22.924999237060547,22.915000915527344,22.924999237060547,734,0.0,0.0,0.0
2024-10-24 15:10:00-04:00,22.93000030517578,22.934999465942383,22.93000030517578,22.934999465942383,1788,0.0,0.0,0.0
2024-10-24 15:11:00-04:00,22.934999465942383,22.934999465942383,22.934999465942383,22.934999465942383,100,0.0,0.0,0.0
2024-10-24 15:12:00-04:00,22.940000534057617,22.940000534057617,22.940000534057617,22.940000534057617,759,0.0,0.0,0.0
2024-10-24 15:14:00-04:00,22.94499969482422,22.94499969482422,22.934999465942383,22.934999465942383,603,0.0,0.0,0.0
2024-10-24 15:15:00-04:00,22.93000030517578,22.934999465942383,22.93000030517578,22.934999465942383,202,0.0,0.0,0.0
2024-10-24 15:19:00-04:00,22.94499969482422,22.94499969482422,22.94499969482422,22.94499969482422,230,0.0,0.0,0.0
2024-10-24 15:23:00-04:00,22.944900512695312,22.954999923706055,22.944900512695312,22.954999923706055,444,0.0,0.0,0.0
2024-10-24 15:27:00-04:00,22.969999313354492,22.969999313354492,22.969999313354492,22.969999313354492,510,0.0,0.0,0.0
2024-10-24 15:28:00-04:00,22.96500015258789,22.96500015258789,22.96500015258789,22.96500015258789,111,0.0,0.0,0.0
2024-10-24 15:31:00-04:00,22.96500015258789,22.96500015258789,22.96500015258789,22.96500015258789,240,0.0,0.0,0.0
2024-10-24 15:32:00-04:00,22.969999313354492,22.969999313354492,22.969999313354492,22.969999313354492,438,0.0,0.0,0.0
2024-10-24 15:37:00-04:00,22.969999313354492,22.969999313354492,22.969999313354492,22.969999313354492,602,0.0,0.0,0.0
2024-10-24 15:38:00-04:00,22.96500015258789,22.96500015258789,22.96500015258789,22.96500015258789,234,0.0,0.0,0.0
2024-10-24 15:40:00-04:00,22.969999313354492,22.975000381469727,22.969999313354492,22.969999313354492,1932,0.0,0.0,0.0
2024-10-24 15:41:00-04:00,22.969999313354492,22.969999313354492,22.96500015258789,22.969999313354492,5886,0.0,0.0,0.0
2024-10-24 15:42:00-04:00,22.969999313354492,22.975000381469727,22.969999313354492,22.969999313354492,3067,0.0,0.0,0.0
2024-10-24 15:43:00-04:00,22.969999313354492,22.969999313354492,22.95599937438965,22.95599937438965,990,0.0,0.0,0.0
2024-10-24 15:45:00-04:00,22.959999084472656,22.959999084472656,22.959999084472656,22.959999084472656,1963,0.0,0.0,0.0
2024-10-24 15:46:00-04:00,22.959999084472656,22.959999084472656,22.959999084472656,22.959999084472656,185,0.0,0.0,0.0
2024-10-24 15:52:00-04:00,22.950000762939453,22.950000762939453,22.94499969482422,22.94499969482422,1304,0.0,0.0,0.0
2024-10-24 15:53:00-04:00,22.94499969482422,22.954999923706055,22.94499969482422,22.951000213623047,2338,0.0,0.0,0.0
2024-10-24 15:54:00-04:00,22.959999084472656,22.969999313354492,22.959999084472656,22.969999313354492,3843,0.0,0.0,0.0
2024-10-24 15:55:00-04:00,22.969999313354492,22.975000381469727,22.969999313354492,22.975000381469727,1369,0.0,0.0,0.0
2024-10-24 15:56:00-04:00,22.979999542236328,22.989999771118164,22.979999542236328,22.989999771118164,1843,0.0,0.0,0.0
2024-10-24 15:57:00-04:00,22.985000610351562,22.985000610351562,22.985000610351562,22.985000610351562,263,0.0,0.0,0.0
2024-10-24 15:58:00-04:00,22.979999542236328,22.989999771118164,22.979999542236328,22.989999771118164,542,0.0,0.0,0.0
2024-10-24 15:59:00-04:00,22.985000610351562,22.989999771118164,22.979999542236328,22.989999771118164,3183,0.0,0.0,0.0
2024-10-25 09:30:00-04:00,23.040000915527344,23.1299991607666,23.030000686645508,23.1299991607666,3922,0.0,0.0,0.0
2024-10-25 09:31:00-04:00,23.1299991607666,23.13010025024414,23.100000381469727,23.13010025024414,1902,0.0,0.0,0.0
2024-10-25 09:32:00-04:00,23.1200008392334,23.1200008392334,23.1200008392334,23.1200008392334,217,0.0,0.0,0.0
2024-10-25 09:33:00-04:00,23.139999389648438,23.139999389648438,23.1299991607666,23.139999389648438,568,0.0,0.0,0.0
2024-10-25 09:34:00-04:00,23.1299991607666,23.1299991607666,23.1299991607666,23.1299991607666,586,0.0,0.0,0.0
2024-10-25 09:36:00-04:00,23.100000381469727,23.100000381469727,23.100000381469727,23.100000381469727,211,0.0,0.0,0.0
2024-10-25 09:41:00-04:00,23.06999969482422,23.06999969482422,23.06999969482422,23.06999969482422,831,0.0,0.0,0.0
2024-10-25 09:42:00-04:00,23.040000915527344,23.040000915527344,23.040000915527344,23.040000915527344,493,0.0,0.0,0.0
2024-10-25 09:45:00-04:00,23.030000686645508,23.030000686645508,23.020000457763672,23.020000457763672,9464,0.0,0.0,0.0
2024-10-25 09:46:00-04:00,23.020000457763672,23.020000457763672,23.020000457763672,23.020000457763672,434,0.0,0.0,0.0
2024-10-25 09:52:00-04:00,23.08989906311035,23.09000015258789,23.06999969482422,23.09000015258789,1678,0.0,0.0,0.0
2024-10-25 09:53:00-04:00,23.100000381469727,23.104999542236328,23.100000381469727,23.100000381469727,929,0.0,0.0,0.0
2024-10-25 09:54:00-04:00,23.069900512695312,23.069900512695312,23.069900512695312,23.069900512695312,1414,0.0,0.0,0.0
2024-10-25 09:55:00-04:00,23.059999465942383,23.059999465942383,23.059999465942383,23.059999465942383,1030,0.0,0.0,0.0
2024-10-25 09:57:00-04:00,23.059499740600586,23.059499740600586,23.059499740600586,23.059499740600586,661,0.0,0.0,0.0
2024-10-25 10:01:00-04:00,23.059999465942383,23.059999465942383,23.059999465942383,23.059999465942383,472,0.0,0.0,0.0
2024-10-25 10:02:00-04:00,23.06999969482422,23.06999969482422,23.06999969482422,23.06999969482422,300,0.0,0.0,0.0
2024-10-25 10:03:00-04:00,23.06999969482422,23.079999923706055,23.06999969482422,23.079999923706055,1061,0.0,0.0,0.0
2024-10-25 10:04:00-04:00,23.100000381469727,23.100000381469727,23.100000381469727,23.100000381469727,433,0.0,0.0,0.0
2024-10-25 10:05:00-04:00,23.100000381469727,23.100000381469727,23.087841033935547,23.08989906311035,859,0.0,0.0,0.0
2024-10-25 10:09:00-04:00,23.10919952392578,23.10919952392578,23.10919952392578,23.10919952392578,1380,0.0,0.0,0.0
2024-10-25 10:10:00-04:00,23.099599838256836,23.099599838256836,23.099599838256836,23.099599838256836,219,0.0,0.0,0.0
2024-10-25 10:12:00-04:00,23.100000381469727,23.104999542236328,23.100000381469727,23.104999542236328,865,0.0,0.0,0.0
2024-10-25 10:13:00-04:00,23.101299285888672,23.101299285888672,23.101299285888672,23.101299285888672,200,0.0,0.0,0.0
2024-10-25 10:15:00-04:00,23.090999603271484,23.100000381469727,23.090999603271484,23.100000381469727,2700,0.0,0.0,0.0
2024-10-25 10:17:00-04:00,23.109899520874023,23.109899520874023,23.109899520874023,23.109899520874023,14283,0.0,0.0,0.0
2024-10-25 10:18:00-04:00,23.09000015258789,23.09000015258789,23.09000015258789,23.09000015258789,479,0.0,0.0,0.0
2024-10-25 10:22:00-04:00,23.110000610351562,23.110000610351562,23.110000610351562,23.110000610351562,110,0.0,0.0,0.0
2024-10-25 10:25:00-04:00,23.125699996948242,23.125699996948242,23.125699996948242,23.125699996948242,200,0.0,0.0,0.0
2024-10-25 10:26:00-04:00,23.1299991607666,23.139999389648438,23.120100021362305,23.120100021362305,609,0.0,0.0,0.0
2024-10-25 10:29:00-04:00,23.1299991607666,23.1299991607666,23.1299991607666,23.1299991607666,103,0.0,0.0,0.0
2024-10-25 10:30:00-04:00,23.119300842285156,23.119300842285156,23.119300842285156,23.119300842285156,466,0.0,0.0,0.0
2024-10-25 10:31:00-04:00,23.1200008392334,23.1200008392334,23.100000381469727,23.100000381469727,403,0.0,0.0,0.0
2024-10-25 10:32:00-04:00,23.101200103759766,23.101200103759766,23.094999313354492,23.094999313354492,2276,0.0,0.0,0.0
2024-10-25 10:33:00-04:00,23.10930061340332,23.109800338745117,23.10930061340332,23.109800338745117,319,0.0,0.0,0.0
2024-10-25 10:36:00-04:00,23.115400314331055,23.115400314331055,23.115400314331055,23.115400314331055,450,0.0,0.0,0.0
2024-10-25 10:37:00-04:00,23.10750389099121,23.10750389099121,23.10750389099121,23.10750389099121,1388,0.0,0.0,0.0
2024-10-25 10:38:00-04:00,23.100000381469727,23.100099563598633,23.100000381469727,23.100099563598633,248,0.0,0.0,0.0
2024-10-25 10:39:00-04:00,23.100000381469727,23.100000381469727,23.100000381469727,23.100000381469727,2387,0.0,0.0,0.0
2024-10-25 10:40:00-04:00,23.094999313354492,23.094999313354492,23.094999313354492,23.094999313354492,386,0.0,0.0,0.0
2024-10-25 10:42:00-04:00,23.104900360107422,23.104900360107422,23.09600067138672,23.09600067138672,370,0.0,0.0,0.0
2024-10-25 10:45:00-04:00,23.079999923706055,23.079999923706055,23.079999923706055,23.079999923706055,277,0.0,0.0,0.0
2024-10-25 10:47:00-04:00,23.07990074157715,23.07990074157715,23.07990074157715,23.07990074157715,200,0.0,0.0,0.0
2024-10-25 10:48:00-04:00,23.06999969482422,23.06999969482422,23.065000534057617,23.065000534057617,543,0.0,0.0,0.0
2024-10-25 10:49:00-04:00,23.06999969482422,23.06999969482422,23.06999969482422,23.06999969482422,116,0.0,0.0,0.0
2024-10-25 10:52:00-04:00,23.079999923706055,23.079999923706055,23.079999923706055,23.079999923706055,192,0.0,0.0,0.0
2024-10-25 10:53:00-04:00,23.084999084472656,23.084999084472656,23.084999084472656,23.084999084472656,183,0.0,0.0,0.0
2024-10-25 10:54:00-04:00,23.094999313354492,23.094999313354492,23.094999313354492,23.094999313354492,178,0.0,0.0,0.0
2024-10-25 10:57:00-04:00,23.06999969482422,23.06999969482422,23.06999969482422,23.06999969482422,104,0.0,0.0,0.0
2024-10-25 10:58:00-04:00,23.06999969482422,23.06999969482422,23.06999969482422,23.06999969482422,473,0.0,0.0,0.0
2024-10-25 11:00:00-04:00,23.059999465942383,23.059999465942383,23.059999465942383,23.059999465942383,100,0.0,0.0,0.0
2024-10-25 11:03:00-04:00,23.06999969482422,23.06999969482422,23.06999969482422,23.06999969482422,0,0.0,0.0,0.0
2024-10-25 11:07:00-04:00,23.06999969482422,23.06999969482422,23.06999969482422,23.06999969482422,51324,0.0,0.0,0.0
2024-10-25 11:14:00-04:00,23.06999969482422,23.06999969482422,23.06999969482422,23.06999969482422,1625,0.0,0.0,0.0
2024-10-25 11:16:00-04:00,23.06999969482422,23.06999969482422,23.06999969482422,23.06999969482422,0,0.0,0.0,0.0
2024-10-25 11:24:00-04:00,23.030000686645508,23.030000686645508,23.030000686645508,23.030000686645508,56153,0.0,0.0,0.0
2024-10-25 11:28:00-04:00,23.020000457763672,23.020000457763672,23.020000457763672,23.020000457763672,5502,0.0,0.0,0.0
2024-10-25 11:29:00-04:00,23.020000457763672,23.020000457763672,23.020000457763672,23.020000457763672,545,0.0,0.0,0.0
2024-10-25 11:30:00-04:00,23.020000457763672,23.020000457763672,23.020000457763672,23.020000457763672,108,0.0,0.0,0.0
2024-10-25 11:34:00-04:00,23.030000686645508,23.030000686645508,23.030000686645508,23.030000686645508,231,0.0,0.0,0.0
2024-10-25 11:35:00-04:00,23.040000915527344,23.040000915527344,23.040000915527344,23.040000915527344,100,0.0,0.0,0.0
2024-10-25 11:36:00-04:00,23.040000915527344,23.040000915527344,23.040000915527344,23.040000915527344,213,0.0,0.0,0.0
2024-10-25 11:40:00-04:00,23.03969955444336,23.03969955444336,23.030000686645508,23.030000686645508,742,0.0,0.0,0.0
2024-10-25 11:41:00-04:00,23.030000686645508,23.040000915527344,23.030000686645508,23.030000686645508,734,0.0,0.0,0.0
2024-10-25 11:43:00-04:00,23.030000686645508,23.030000686645508,23.020000457763672,23.020000457763672,357,0.0,0.0,0.0
2024-10-25 11:46:00-04:00,23.030000686645508,23.040000915527344,23.030000686645508,23.040000915527344,725,0.0,0.0,0.0
2024-10-25 12:00:00-04:00,23.020099639892578,23.020099639892578,23.020099639892578,23.020099639892578,125,0.0,0.0,0.0
2024-10-25 12:03:00-04:00,23.030000686645508,23.030000686645508,23.030000686645508,23.030000686645508,281,0.0,0.0,0.0
2024-10-25 12:05:00-04:00,23.014999389648438,23.014999389648438,23.014999389648438,23.014999389648438,657,0.0,0.0,0.0
2024-10-25 12:08:00-04:00,23.016000747680664,23.030000686645508,23.016000747680664,23.030000686645508,652,0.0,0.0,0.0
2024-10-25 12:09:00-04:00,23.030000686645508,23.040000915527344,23.030000686645508,23.030000686645508,817,0.0,0.0,0.0
2024-10-25 12:13:00-04:00,23.049999237060547,23.049999237060547,23.049999237060547,23.049999237060547,5582,0.0,0.0,0.0
2024-10-25 12:16:00-04:00,23.03619956970215,23.040000915527344,23.03619956970215,23.040000915527344,621,0.0,0.0,0.0
2024-10-25 12:17:00-04:00,23.04010009765625,23.049999237060547,23.040000915527344,23.040000915527344,848,0.0,0.0,0.0
2024-10-25 12:18:00-04:00,23.020000457763672,23.024999618530273,23.020000457763672,23.020000457763672,692,0.0,0.0,0.0
2024-10-25 12:19:00-04:00,23.020000457763672,23.020000457763672,23.020000457763672,23.020000457763672,138,0.0,0.0,0.0
2024-10-25 12:26:00-04:00,23.024999618530273,23.024999618530273,23.024999618530273,23.024999618530273,130,0.0,0.0,0.0
2024-10-25 12:27:00-04:00,23.024999618530273,23.024999618530273,23.020000457763672,23.020000457763672,2209,0.0,0.0,0.0
2024-10-25 12:29:00-04:00,23.030000686645508,23.030000686645508,23.030000686645508,23.030000686645508,632,0.0,0.0,0.0
2024-10-25 12:32:00-04:00,23.020000457763672,23.020000457763672,23.020000457763672,23.020000457763672,200,0.0,0.0,0.0
2024-10-25 12:33:00-04:00,23.010000228881836,23.010000228881836,23.010000228881836,23.010000228881836,100,0.0,0.0,0.0
2024-10-25 12:34:00-04:00,23.014999389648438,23.014999389648438,23.014999389648438,23.014999389648438,1000,0.0,0.0,0.0
2024-10-25 12:35:00-04:00,23.010000228881836,23.010000228881836,23.010000228881836,23.010000228881836,888,0.0,0.0,0.0
2024-10-25 12:36:00-04:00,23.010000228881836,23.016000747680664,23.010000228881836,23.010000228881836,351,0.0,0.0,0.0
2024-10-25 12:37:00-04:00,23.010000228881836,23.010000228881836,23.0049991607666,23.0049991607666,601,0.0,0.0,0.0
2024-10-25 12:38:00-04:00,23.001298904418945,23.001298904418945,22.989999771118164,22.989999771118164,2297,0.0,0.0,0.0
2024-10-25 12:39:00-04:00,22.989999771118164,22.989999771118164,22.979999542236328,22.979999542236328,1867,0.0,0.0,0.0
2024-10-25 12:40:00-04:00,22.979999542236328,22.979999542236328,22.969999313354492,22.969999313354492,909,0.0,0.0,0.0
2024-10-25 12:41:00-04:00,22.97209930419922,22.97209930419922,22.950000762939453,22.950000762939453,3213,0.0,0.0,0.0
2024-10-25 12:42:00-04:00,22.940000534057617,22.950000762939453,22.940000534057617,22.950000762939453,2097,0.0,0.0,0.0
2024-10-25 12:43:00-04:00,22.95599937438965,22.95599937438965,22.95599937438965,22.95599937438965,435,0.0,0.0,0.0
2024-10-25 12:44:00-04:00,22.959999084472656,22.959999084472656,22.959999084472656,22.959999084472656,300,0.0,0.0,0.0
2024-10-25 12:47:00-04:00,22.959999084472656,22.959999084472656,22.959999084472656,22.959999084472656,100,0.0,0.0,0.0
2024-10-25 12:48:00-04:00,22.969999313354492,22.969999313354492,22.969999313354492,22.969999313354492,245,0.0,0.0,0.0
2024-10-25 12:50:00-04:00,22.94499969482422,22.94499969482422,22.94499969482422,22.94499969482422,349,0.0,0.0,0.0
2024-10-25 12:57:00-04:00,22.940000534057617,22.940000534057617,22.93000030517578,22.940000534057617,678,0.0,0.0,0.0
2024-10-25 13:01:00-04:00,22.93000030517578,22.93000030517578,22.93000030517578,22.93000030517578,388,0.0,0.0,0.0
2024-10-25 13:09:00-04:00,22.950000762939453,22.950000762939453,22.949899673461914,22.949899673461914,818,0.0,0.0,0.0
2024-10-25 13:10:00-04:00,22.950000762939453,22.950000762939453,22.950000762939453,22.950000762939453,169,0.0,0.0,0.0
2024-10-25 13:11:00-04:00,22.950000762939453,22.950000762939453,22.94499969482422,22.950000762939453,438,0.0,0.0,0.0
2024-10-25 13:13:00-04:00,22.940000534057617,22.940000534057617,22.940000534057617,22.940000534057617,632,0.0,0.0,0.0
2024-10-25 13:17:00-04:00,22.920000076293945,22.920000076293945,22.920000076293945,22.920000076293945,256,0.0,0.0,0.0
2024-10-25 13:19:00-04:00,22.920000076293945,22.920000076293945,22.920000076293945,22.920000076293945,422,0.0,0.0,0.0
2024-10-25 13:20:00-04:00,22.915000915527344,22.915000915527344,22.90999984741211,22.90999984741211,231,0.0,0.0,0.0
2024-10-25 13:21:00-04:00,22.905000686645508,22.905000686645508,22.905000686645508,22.905000686645508,260,0.0,0.0,0.0
2024-10-25 13:23:00-04:00,22.920000076293945,22.920000076293945,22.920000076293945,22.920000076293945,100,0.0,0.0,0.0
2024-10-25 13:26:00-04:00,22.920000076293945,22.920000076293945,22.920000076293945,22.920000076293945,2089,0.0,0.0,0.0
2024-10-25 13:31:00-04:00,22.90999984741211,22.920000076293945,22.90999984741211,22.920000076293945,443,0.0,0.0,0.0
2024-10-25 13:33:00-04:00,22.90999984741211,22.90999984741211,22.90999984741211,22.90999984741211,179,0.0,0.0,0.0
2024-10-25 13:35:00-04:00,22.899999618530273,22.899999618530273,22.889999389648438,22.889999389648438,1681,0.0,0.0,0.0
2024-10-25 13:37:00-04:00,22.899999618530273,22.899999618530273,22.899999618530273,22.899999618530273,305,0.0,0.0,0.0
2024-10-25 13:39:00-04:00,22.90999984741211,22.90999984741211,22.90999984741211,22.90999984741211,208,0.0,0.0,0.0
2024-10-25 13:40:00-04:00,22.899999618530273,22.899999618530273,22.899999618530273,22.899999618530273,135,0.0,0.0,0.0
2024-10-25 13:42:00-04:00,22.889999389648438,22.889999389648438,22.889999389648438,22.889999389648438,646,0.0,0.0,0.0
2024-10-25 13:43:00-04:00,22.889999389648438,22.889999389648438,22.889999389648438,22.889999389648438,585,0.0,0.0,0.0
2024-10-25 13:44:00-04:00,22.885000228881836,22.885000228881836,22.885000228881836,22.885000228881836,168,0.0,0.0,0.0
2024-10-25 13:47:00-04:00,22.895000457763672,22.895000457763672,22.895000457763672,22.895000457763672,200,0.0,0.0,0.0
2024-10-25 13:48:00-04:00,22.905000686645508,22.905000686645508,22.905000686645508,22.905000686645508,201,0.0,0.0,0.0
2024-10-25 13:50:00-04:00,22.899999618530273,22.899999618530273,22.899999618530273,22.899999618530273,699,0.0,0.0,0.0
2024-10-25 13:52:00-04:00,22.90999984741211,22.90999984741211,22.90999984741211,22.90999984741211,200,0.0,0.0,0.0
2024-10-25 13:53:00-04:00,22.90049934387207,22.90049934387207,22.90049934387207,22.90049934387207,184,0.0,0.0,0.0
2024-10-25 13:54:00-04:00,22.895000457763672,22.895000457763672,22.889999389648438,22.889999389648438,200,0.0,0.0,0.0
2024-10-25 13:55:00-04:00,22.895000457763672,22.895000457763672,22.889999389648438,22.889999389648438,222,0.0,0.0,0.0
2024-10-25 13:56:00-04:00,22.88990020751953,22.88990020751953,22.885000228881836,22.885000228881836,320,0.0,0.0,0.0
2024-10-25 13:57:00-04:00,22.8799991607666,22.8799991607666,22.86989974975586,22.86989974975586,2195,0.0,0.0,0.0
2024-10-25 13:58:00-04:00,22.860000610351562,22.860000610351562,22.860000610351562,22.860000610351562,314,0.0,0.0,0.0
2024-10-25 13:59:00-04:00,22.8700008392334,22.8700008392334,22.8700008392334,22.8700008392334,148,0.0,0.0,0.0
2024-10-25 14:00:00-04:00,22.8700008392334,22.8700008392334,22.8700008392334,22.8700008392334,512,0.0,0.0,0.0
2024-10-25 14:01:00-04:00,22.860000610351562,22.860000610351562,22.860000610351562,22.860000610351562,125,0.0,0.0,0.0
2024-10-25 14:02:00-04:00,22.8700008392334,22.8700008392334,22.860000610351562,22.860000610351562,905,0.0,0.0,0.0
2024-10-25 14:03:00-04:00,22.84000015258789,22.850000381469727,22.84000015258789,22.850000381469727,3165,0.0,0.0,0.0
2024-10-25 14:06:00-04:00,22.860000610351562,22.860000610351562,22.860000610351562,22.860000610351562,123,0.0,0.0,0.0
2024-10-25 14:10:00-04:00,22.84000015258789,22.84000015258789,22.84000015258789,22.84000015258789,497,0.0,0.0,0.0
2024-10-25 14:14:00-04:00,22.850000381469727,22.850000381469727,22.850000381469727,22.850000381469727,219,0.0,0.0,0.0
2024-10-25 14:16:00-04:00,22.84000015258789,22.84000015258789,22.84000015258789,22.84000015258789,300,0.0,0.0,0.0
2024-10-25 14:18:00-04:00,22.84000015258789,22.84000015258789,22.84000015258789,22.84000015258789,276,0.0,0.0,0.0
2024-10-25 14:20:00-04:00,22.854999542236328,22.854999542236328,22.854999542236328,22.854999542236328,569,0.0,0.0,0.0
2024-10-25 14:25:00-04:00,22.860000610351562,22.864999771118164,22.860000610351562,22.864999771118164,222,0.0,0.0,0.0
2024-10-25 14:28:00-04:00,22.8700008392334,22.8700008392334,22.8700008392334,22.8700008392334,330,0.0,0.0,0.0
2024-10-25 14:33:00-04:00,22.860000610351562,22.860000610351562,22.860000610351562,22.860000610351562,106,0.0,0.0,0.0
2024-10-25 14:35:00-04:00,22.8700008392334,22.8700008392334,22.8700008392334,22.8700008392334,160,0.0,0.0,0.0
2024-10-25 14:39:00-04:00,22.8799991607666,22.8799991607666,22.8799991607666,22.8799991607666,134,0.0,0.0,0.0
2024-10-25 14:41:00-04:00,22.877399444580078,22.877399444580078,22.877399444580078,22.877399444580078,252,0.0,0.0,0.0
2024-10-25 14:44:00-04:00,22.8700008392334,22.8700008392334,22.8700008392334,22.8700008392334,114,0.0,0.0,0.0
2024-10-25 14:45:00-04:00,22.875,22.875,22.875,22.875,309,0.0,0.0,0.0
2024-10-25 14:56:00-04:00,22.860000610351562,22.860000610351562,22.860000610351562,22.860000610351562,1067,0.0,0.0,0.0
2024-10-25 14:58:00-04:00,22.860000610351562,22.860000610351562,22.860000610351562,22.860000610351562,456,0.0,0.0,0.0
2024-10-25 14:59:00-04:00,22.864999771118164,22.864999771118164,22.86400032043457,22.86400032043457,569,0.0,0.0,0.0
2024-10-25 15:01:00-04:00,22.864999771118164,22.864999771118164,22.860000610351562,22.86400032043457,1080,0.0,0.0,0.0
2024-10-25 15:02:00-04:00,22.868999481201172,22.868999481201172,22.868999481201172,22.868999481201172,207,0.0,0.0,0.0
2024-10-25 15:03:00-04:00,22.8700008392334,22.8700008392334,22.8700008392334,22.8700008392334,645,0.0,0.0,0.0
2024-10-25 15:04:00-04:00,22.875,22.875,22.875,22.875,206,0.0,0.0,0.0
2024-10-25 15:05:00-04:00,22.868999481201172,22.868999481201172,22.868999481201172,22.868999481201172,216,0.0,0.0,0.0
2024-10-25 15:06:00-04:00,22.87969970703125,22.87969970703125,22.87969970703125,22.87969970703125,520,0.0,0.0,0.0
2024-10-25 15:07:00-04:00,22.875,22.875,22.875,22.875,112,0.0,0.0,0.0
2024-10-25 15:08:00-04:00,22.878999710083008,22.878999710083008,22.8700008392334,22.8700008392334,306,0.0,0.0,0.0
2024-10-25 15:09:00-04:00,22.864999771118164,22.864999771118164,22.864999771118164,22.864999771118164,512,0.0,0.0,0.0
2024-10-25 15:10:00-04:00,22.859899520874023,22.860000610351562,22.859899520874023,22.860000610351562,2067,0.0,0.0,0.0
2024-10-25 15:12:00-04:00,22.850000381469727,22.850000381469727,22.850000381469727,22.850000381469727,203,0.0,0.0,0.0
2024-10-25 15:13:00-04:00,22.844999313354492,22.844999313354492,22.844999313354492,22.844999313354492,100,0.0,0.0,0.0
2024-10-25 15:14:00-04:00,22.84000015258789,22.844999313354492,22.84000015258789,22.84000015258789,1798,0.0,0.0,0.0
2024-10-25 15:16:00-04:00,22.84000015258789,22.84000015258789,22.84000015258789,22.84000015258789,1122,0.0,0.0,0.0
2024-10-25 15:18:00-04:00,22.84000015258789,22.850000381469727,22.84000015258789,22.850000381469727,3607,0.0,0.0,0.0
2024-10-25 15:19:00-04:00,22.850000381469727,22.850000381469727,22.850000381469727,22.850000381469727,2045,0.0,0.0,0.0
2024-10-25 15:22:00-04:00,22.84000015258789,22.84000015258789,22.84000015258789,22.84000015258789,278,0.0,0.0,0.0
2024-10-25 15:25:00-04:00,22.84000015258789,22.84000015258789,22.84000015258789,22.84000015258789,302,0.0,0.0,0.0
2024-10-25 15:26:00-04:00,22.839799880981445,22.84000015258789,22.839799880981445,22.84000015258789,3530,0.0,0.0,0.0
2024-10-25 15:27:00-04:00,22.84000015258789,22.84000015258789,22.84000015258789,22.84000015258789,114,0.0,0.0,0.0
2024-10-25 15:29:00-04:00,22.834999084472656,22.83989906311035,22.834999084472656,22.83989906311035,257,0.0,0.0,0.0
2024-10-25 15:30:00-04:00,22.839000701904297,22.839000701904297,22.834999084472656,22.834999084472656,306,0.0,0.0,0.0
2024-10-25 15:31:00-04:00,22.834999084472656,22.834999084472656,22.829999923706055,22.829999923706055,821,0.0,0.0,0.0
2024-10-25 15:32:00-04:00,22.81999969482422,22.81999969482422,22.81999969482422,22.81999969482422,394,0.0,0.0,0.0
2024-10-25 15:34:00-04:00,22.81999969482422,22.81999969482422,22.81999969482422,22.81999969482422,287,0.0,0.0,0.0
2024-10-25 15:35:00-04:00,22.819000244140625,22.819000244140625,22.815000534057617,22.815000534057617,400,0.0,0.0,0.0
2024-10-25 15:36:00-04:00,22.815000534057617,22.81999969482422,22.815000534057617,22.81999969482422,647,0.0,0.0,0.0
2024-10-25 15:37:00-04:00,22.81999969482422,22.81999969482422,22.819000244140625,22.819000244140625,467,0.0,0.0,0.0
2024-10-25 15:38:00-04:00,22.815000534057617,22.815000534057617,22.815000534057617,22.815000534057617,1020,0.0,0.0,0.0
2024-10-25 15:39:00-04:00,22.809999465942383,22.815000534057617,22.809999465942383,22.809999465942383,1404,0.0,0.0,0.0
2024-10-25 15:40:00-04:00,22.80500030517578,22.80500030517578,22.80500030517578,22.80500030517578,780,0.0,0.0,0.0
2024-10-25 15:41:00-04:00,22.80500030517578,22.80900001525879,22.80500030517578,22.80500030517578,860,0.0,0.0,0.0
2024-10-25 15:43:00-04:00,22.80900001525879,22.80900001525879,22.80500030517578,22.80500030517578,1629,0.0,0.0,0.0
2024-10-25 15:44:00-04:00,22.799999237060547,22.799999237060547,22.799999237060547,22.799999237060547,1709,0.0,0.0,0.0
2024-10-25 15:45:00-04:00,22.795000076293945,22.795000076293945,22.790000915527344,22.790000915527344,400,0.0,0.0,0.0
2024-10-25 15:46:00-04:00,22.799999237060547,22.80500030517578,22.799999237060547,22.80500030517578,1745,0.0,0.0,0.0
2024-10-25 15:48:00-04:00,22.80500030517578,22.80500030517578,22.799999237060547,22.80500030517578,7118,0.0,0.0,0.0
2024-10-25 15:49:00-04:00,22.799999237060547,22.809999465942383,22.799999237060547,22.809999465942383,1290,0.0,0.0,0.0
2024-10-25 15:50:00-04:00,22.80500030517578,22.809999465942383,22.790000915527344,22.790000915527344,6555,0.0,0.0,0.0
2024-10-25 15:52:00-04:00,22.790000915527344,22.790000915527344,22.770000457763672,22.780000686645508,3620,0.0,0.0,0.0
2024-10-25 15:53:00-04:00,22.780000686645508,22.780000686645508,22.780000686645508,22.780000686645508,1440,0.0,0.0,0.0
2024-10-25 15:54:00-04:00,22.78499984741211,22.790000915527344,22.78499984741211,22.78499984741211,5457,0.0,0.0,0.0
2024-10-25 15:55:00-04:00,22.780000686645508,22.790000915527344,22.770000457763672,22.774999618530273,3787,0.0,0.0,0.0
2024-10-25 15:56:00-04:00,22.774999618530273,22.774999618530273,22.770000457763672,22.770000457763672,1417,0.0,0.0,0.0
2024-10-25 15:57:00-04:00,22.770000457763672,22.770000457763672,22.760000228881836,22.760000228881836,1815,0.0,0.0,0.0
2024-10-25 15:58:00-04:00,22.760000228881836,22.760000228881836,22.75,22.75,1881,0.0,0.0,0.0
2024-10-25 15:59:00-04:00,22.75,22.759000778198242,22.739999771118164,22.759000778198242,5396,0.0,0.0,0.0
