Datetime,Open,High,Low,Close,Volume,Dividends,Stock Splits
2024-10-21 09:30:00-04:00,1.649999976158142,1.649999976158142,1.649999976158142,1.649999976158142,23319,0.0,0.0
2024-10-21 09:32:00-04:00,1.6549999713897705,1.6549999713897705,1.649999976158142,1.649999976158142,11813,0.0,0.0
2024-10-21 09:34:00-04:00,1.649999976158142,1.649999976158142,1.649999976158142,1.649999976158142,4400,0.0,0.0
2024-10-21 09:35:00-04:00,1.649999976158142,1.649999976158142,1.649999976158142,1.649999976158142,600,0.0,0.0
2024-10-21 09:36:00-04:00,1.649999976158142,1.649999976158142,1.6349999904632568,1.6349999904632568,46151,0.0,0.0
2024-10-21 09:37:00-04:00,1.6349999904632568,1.6349999904632568,1.6299999952316284,1.6299999952316284,3677,0.0,0.0
2024-10-21 09:38:00-04:00,1.6399999856948853,1.6399999856948853,1.6299999952316284,1.6299999952316284,1518,0.0,0.0
2024-10-21 09:39:00-04:00,1.6399999856948853,1.6399999856948853,1.6299999952316284,1.6383999586105347,2180,0.0,0.0
2024-10-21 09:40:00-04:00,1.6309000253677368,1.631100058555603,1.6299999952316284,1.6299999952316284,2538,0.0,0.0
2024-10-21 09:41:00-04:00,1.6299999952316284,1.6299999952316284,1.6299999952316284,1.6299999952316284,100,0.0,0.0
2024-10-21 09:42:00-04:00,1.6398999691009521,1.6398999691009521,1.6200000047683716,1.6200000047683716,110829,0.0,0.0
2024-10-21 09:43:00-04:00,1.6200000047683716,1.625,1.6200000047683716,1.625,4281,0.0,0.0
2024-10-21 09:44:00-04:00,1.6200000047683716,1.6200000047683716,1.6200000047683716,1.6200000047683716,1100,0.0,0.0
2024-10-21 09:45:00-04:00,1.6288000345230103,1.6299999952316284,1.6200000047683716,1.6200000047683716,108751,0.0,0.0
2024-10-21 09:46:00-04:00,1.6200000047683716,1.625,1.6200000047683716,1.6200000047683716,6098,0.0,0.0
2024-10-21 09:47:00-04:00,1.625,1.6298999786376953,1.625,1.6298999786376953,3023,0.0,0.0
2024-10-21 09:48:00-04:00,1.625,1.6349999904632568,1.625,1.6299999952316284,69469,0.0,0.0
2024-10-21 09:49:00-04:00,1.6299999952316284,1.6299999952316284,1.625,1.625,6700,0.0,0.0
2024-10-21 09:50:00-04:00,1.625,1.625,1.625,1.625,810,0.0,0.0
2024-10-21 09:51:00-04:00,1.6294000148773193,1.6294000148773193,1.6200000047683716,1.6200000047683716,1850,0.0,0.0
2024-10-21 09:52:00-04:00,1.6200000047683716,1.625,1.6200000047683716,1.6200000047683716,73913,0.0,0.0
2024-10-21 09:53:00-04:00,1.6200000047683716,1.6200000047683716,1.6100000143051147,1.6100000143051147,127823,0.0,0.0
2024-10-21 09:54:00-04:00,1.6100000143051147,1.625,1.6100000143051147,1.625,68275,0.0,0.0
2024-10-21 09:55:00-04:00,1.6200000047683716,1.625,1.6200000047683716,1.6200000047683716,3000,0.0,0.0
2024-10-21 09:56:00-04:00,1.6200000047683716,1.6298999786376953,1.6200000047683716,1.6298999786376953,400,0.0,0.0
2024-10-21 09:57:00-04:00,1.6200000047683716,1.6200000047683716,1.6100000143051147,1.6150000095367432,106731,0.0,0.0
2024-10-21 09:58:00-04:00,1.6150000095367432,1.6200000047683716,1.6150000095367432,1.6200000047683716,11141,0.0,0.0
2024-10-21 09:59:00-04:00,1.6190999746322632,1.6190999746322632,1.6100000143051147,1.6150000095367432,18134,0.0,0.0
2024-10-21 10:00:00-04:00,1.6150000095367432,1.6200000047683716,1.6150000095367432,1.6150000095367432,16976,0.0,0.0
2024-10-21 10:01:00-04:00,1.6100000143051147,1.61899995803833,1.6100000143051147,1.61899995803833,2750,0.0,0.0
2024-10-21 10:02:00-04:00,1.6150000095367432,1.6200000047683716,1.6150000095367432,1.6200000047683716,37125,0.0,0.0
2024-10-21 10:03:00-04:00,1.6193000078201294,1.6200000047683716,1.6100000143051147,1.6200000047683716,15693,0.0,0.0
2024-10-21 10:04:00-04:00,1.6150000095367432,1.6200000047683716,1.6100000143051147,1.6150000095367432,13409,0.0,0.0
2024-10-21 10:05:00-04:00,1.6150000095367432,1.6150000095367432,1.6150000095367432,1.6150000095367432,200,0.0,0.0
2024-10-21 10:06:00-04:00,1.6150000095367432,1.6150000095367432,1.6100000143051147,1.6100000143051147,40496,0.0,0.0
2024-10-21 10:07:00-04:00,1.6100000143051147,1.6150000095367432,1.600000023841858,1.600000023841858,233389,0.0,0.0
2024-10-21 10:08:00-04:00,1.600000023841858,1.6100000143051147,1.600000023841858,1.600000023841858,46588,0.0,0.0
2024-10-21 10:09:00-04:00,1.6050000190734863,1.6100000143051147,1.600000023841858,1.600000023841858,14531,0.0,0.0
2024-10-21 10:10:00-04:00,1.600100040435791,1.6100000143051147,1.600000023841858,1.600000023841858,24001,0.0,0.0
2024-10-21 10:11:00-04:00,1.600000023841858,1.6050000190734863,1.600000023841858,1.600000023841858,4705,0.0,0.0
2024-10-21 10:12:00-04:00,1.6050000190734863,1.6100000143051147,1.600000023841858,1.6050000190734863,93352,0.0,0.0
2024-10-21 10:14:00-04:00,1.6050000190734863,1.6050000190734863,1.6050000190734863,1.6050000190734863,100,0.0,0.0
2024-10-21 10:15:00-04:00,1.6050000190734863,1.6097999811172485,1.600000023841858,1.600000023841858,95616,0.0,0.0
2024-10-21 10:16:00-04:00,1.600000023841858,1.6050000190734863,1.590000033378601,1.6050000190734863,299225,0.0,0.0
2024-10-21 10:17:00-04:00,1.6050000190734863,1.6100000143051147,1.600000023841858,1.6050000190734863,48862,0.0,0.0
2024-10-21 10:18:00-04:00,1.6050000190734863,1.6050000190734863,1.6050000190734863,1.6050000190734863,6051,0.0,0.0
2024-10-21 10:19:00-04:00,1.6050000190734863,1.6050000190734863,1.600000023841858,1.6050000190734863,37300,0.0,0.0
2024-10-21 10:20:00-04:00,1.6009999513626099,1.6079000234603882,1.600000023841858,1.6079000234603882,33500,0.0,0.0
2024-10-21 10:21:00-04:00,1.600000023841858,1.6050000190734863,1.600000023841858,1.600000023841858,3100,0.0,0.0
2024-10-21 10:22:00-04:00,1.6050000190734863,1.6100000143051147,1.600000023841858,1.6002999544143677,207457,0.0,0.0
2024-10-21 10:23:00-04:00,1.600000023841858,1.6050000190734863,1.600000023841858,1.600000023841858,78350,0.0,0.0
2024-10-21 10:24:00-04:00,1.600000023841858,1.600000023841858,1.600000023841858,1.600000023841858,7925,0.0,0.0
2024-10-21 10:25:00-04:00,1.600000023841858,1.6100000143051147,1.600000023841858,1.606600046157837,94209,0.0,0.0
2024-10-21 10:26:00-04:00,1.6050000190734863,1.6050000190734863,1.600000023841858,1.6050000190734863,67398,0.0,0.0
2024-10-21 10:27:00-04:00,1.600000023841858,1.6150000095367432,1.600000023841858,1.6150000095367432,114035,0.0,0.0
2024-10-21 10:28:00-04:00,1.6100000143051147,1.6150000095367432,1.6100000143051147,1.6150000095367432,1811,0.0,0.0
2024-10-21 10:29:00-04:00,1.6100000143051147,1.6100000143051147,1.6100000143051147,1.6100000143051147,200,0.0,0.0
2024-10-21 10:30:00-04:00,1.6100000143051147,1.6200000047683716,1.6100000143051147,1.6150000095367432,69606,0.0,0.0
2024-10-21 10:31:00-04:00,1.6188000440597534,1.6200000047683716,1.6100000143051147,1.6100000143051147,31826,0.0,0.0
2024-10-21 10:32:00-04:00,1.6100000143051147,1.6187000274658203,1.6100000143051147,1.6100000143051147,3301,0.0,0.0
2024-10-21 10:33:00-04:00,1.6100000143051147,1.6100000143051147,1.6100000143051147,1.6100000143051147,262,0.0,0.0
2024-10-21 10:34:00-04:00,1.6100000143051147,1.6200000047683716,1.6100000143051147,1.6200000047683716,2360,0.0,0.0
2024-10-21 10:35:00-04:00,1.6200000047683716,1.6200000047683716,1.6100000143051147,1.6200000047683716,26879,0.0,0.0
2024-10-21 10:36:00-04:00,1.6193000078201294,1.6200000047683716,1.6100000143051147,1.6150000095367432,65655,0.0,0.0
2024-10-21 10:37:00-04:00,1.6150000095367432,1.6150000095367432,1.6150000095367432,1.6150000095367432,257,0.0,0.0
2024-10-21 10:38:00-04:00,1.6150000095367432,1.6150000095367432,1.6100000143051147,1.6150000095367432,3200,0.0,0.0
2024-10-21 10:39:00-04:00,1.6150000095367432,1.6160000562667847,1.6050000190734863,1.6050000190734863,113607,0.0,0.0
2024-10-21 10:40:00-04:00,1.6100000143051147,1.6100000143051147,1.600000023841858,1.6050000190734863,11894,0.0,0.0
2024-10-21 10:41:00-04:00,1.6096999645233154,1.6096999645233154,1.600000023841858,1.600000023841858,1184,0.0,0.0
2024-10-21 10:42:00-04:00,1.6050000190734863,1.6150000095367432,1.6050000190734863,1.6100000143051147,111289,0.0,0.0
2024-10-21 10:43:00-04:00,1.6100000143051147,1.6150000095367432,1.6100000143051147,1.6100000143051147,51920,0.0,0.0
2024-10-21 10:44:00-04:00,1.618299961090088,1.618299961090088,1.6100000143051147,1.6100000143051147,2023,0.0,0.0
2024-10-21 10:46:00-04:00,1.6100000143051147,1.6101000308990479,1.6050000190734863,1.607100009918213,97567,0.0,0.0
2024-10-21 10:47:00-04:00,1.6061999797821045,1.6100000143051147,1.6039999723434448,1.6098999977111816,33942,0.0,0.0
2024-10-21 10:48:00-04:00,1.6100000143051147,1.6160000562667847,1.6100000143051147,1.6150000095367432,47723,0.0,0.0
2024-10-21 10:49:00-04:00,1.6150000095367432,1.618759036064148,1.6100000143051147,1.6150000095367432,78887,0.0,0.0
2024-10-21 10:50:00-04:00,1.6150000095367432,1.6200000047683716,1.6100000143051147,1.6121000051498413,10643,0.0,0.0
2024-10-21 10:52:00-04:00,1.6100000143051147,1.6101000308990479,1.600000023841858,1.6086000204086304,82554,0.0,0.0
2024-10-21 10:53:00-04:00,1.6050000190734863,1.6061999797821045,1.6050000190734863,1.6061999797821045,3492,0.0,0.0
2024-10-21 10:55:00-04:00,1.6050000190734863,1.6100000143051147,1.600000023841858,1.607200026512146,51201,0.0,0.0
2024-10-21 10:56:00-04:00,1.6059999465942383,1.6100000143051147,1.600000023841858,1.6100000143051147,58083,0.0,0.0
2024-10-21 10:57:00-04:00,1.6050000190734863,1.6100000143051147,1.600000023841858,1.6050000190734863,103564,0.0,0.0
2024-10-21 10:58:00-04:00,1.6050000190734863,1.6160000562667847,1.6050000190734863,1.6150000095367432,94310,0.0,0.0
2024-10-21 10:59:00-04:00,1.6150000095367432,1.6200000047683716,1.6150000095367432,1.6150000095367432,90400,0.0,0.0
2024-10-21 11:01:00-04:00,1.6100000143051147,1.6100000143051147,1.6100000143051147,1.6100000143051147,4201,0.0,0.0
2024-10-21 11:02:00-04:00,1.6150000095367432,1.6187000274658203,1.6150000095367432,1.6187000274658203,2400,0.0,0.0
2024-10-21 11:04:00-04:00,1.6200000047683716,1.6200000047683716,1.6100000143051147,1.6150000095367432,37700,0.0,0.0
2024-10-21 11:05:00-04:00,1.6200000047683716,1.6200000047683716,1.6150000095367432,1.6150000095367432,1800,0.0,0.0
2024-10-21 11:07:00-04:00,1.6150000095367432,1.6200000047683716,1.6100000143051147,1.6150000095367432,13111,0.0,0.0
2024-10-21 11:09:00-04:00,1.6150000095367432,1.6150000095367432,1.6150000095367432,1.6150000095367432,100,0.0,0.0
2024-10-21 11:10:00-04:00,1.6150000095367432,1.6299999952316284,1.6150000095367432,1.6299999952316284,91064,0.0,0.0
2024-10-21 11:11:00-04:00,1.6291999816894531,1.6349999904632568,1.6253999471664429,1.6301000118255615,60331,0.0,0.0
2024-10-21 11:13:00-04:00,1.6299999952316284,1.6299999952316284,1.625,1.625,72820,0.0,0.0
2024-10-21 11:14:00-04:00,1.625,1.625,1.6150000095367432,1.6150000095367432,65869,0.0,0.0
2024-10-21 11:15:00-04:00,1.6150000095367432,1.6200000047683716,1.6150000095367432,1.6200000047683716,16676,0.0,0.0
2024-10-21 11:16:00-04:00,1.61899995803833,1.6200000047683716,1.6150000095367432,1.6197999715805054,13418,0.0,0.0
2024-10-21 11:19:00-04:00,1.6200000047683716,1.6200000047683716,1.6200000047683716,1.6200000047683716,1118,0.0,0.0
2024-10-21 11:20:00-04:00,1.6200000047683716,1.6200000047683716,1.6200000047683716,1.6200000047683716,5819,0.0,0.0
2024-10-21 11:24:00-04:00,1.6200000047683716,1.6200000047683716,1.6200000047683716,1.6200000047683716,3209,0.0,0.0
2024-10-21 11:25:00-04:00,1.6150000095367432,1.6198999881744385,1.6150000095367432,1.6198999881744385,665,0.0,0.0
2024-10-21 11:26:00-04:00,1.6150000095367432,1.6190999746322632,1.6150000095367432,1.6190999746322632,200,0.0,0.0
2024-10-21 11:27:00-04:00,1.6200000047683716,1.6200000047683716,1.6150000095367432,1.6150000095367432,1910,0.0,0.0
2024-10-21 11:28:00-04:00,1.6150000095367432,1.6150000095367432,1.6150000095367432,1.6150000095367432,7009,0.0,0.0
2024-10-21 11:29:00-04:00,1.6150000095367432,1.6150000095367432,1.6150000095367432,1.6150000095367432,1740,0.0,0.0
2024-10-21 11:31:00-04:00,1.6150000095367432,1.6198999881744385,1.6150000095367432,1.6198999881744385,8801,0.0,0.0
2024-10-21 11:32:00-04:00,1.6150000095367432,1.6150000095367432,1.6150000095367432,1.6150000095367432,1613,0.0,0.0
2024-10-21 11:34:00-04:00,1.6150000095367432,1.6200000047683716,1.6150000095367432,1.6200000047683716,4397,0.0,0.0
2024-10-21 11:36:00-04:00,1.6150000095367432,1.6150000095367432,1.6150000095367432,1.6150000095367432,100,0.0,0.0
2024-10-21 11:37:00-04:00,1.6200000047683716,1.6200000047683716,1.6200000047683716,1.6200000047683716,750,0.0,0.0
2024-10-21 11:38:00-04:00,1.6200000047683716,1.6200000047683716,1.6200000047683716,1.6200000047683716,5900,0.0,0.0
2024-10-21 11:39:00-04:00,1.6200000047683716,1.6200000047683716,1.6200000047683716,1.6200000047683716,109,0.0,0.0
2024-10-21 11:41:00-04:00,1.6200000047683716,1.6200000047683716,1.6139999628067017,1.6150000095367432,15986,0.0,0.0
2024-10-21 11:42:00-04:00,1.6200000047683716,1.6200000047683716,1.6200000047683716,1.6200000047683716,1383,0.0,0.0
2024-10-21 11:44:00-04:00,1.6200000047683716,1.6200000047683716,1.6150000095367432,1.6150000095367432,220,0.0,0.0
2024-10-21 11:45:00-04:00,1.6200000047683716,1.625,1.6198999881744385,1.625,37297,0.0,0.0
2024-10-21 11:46:00-04:00,1.625,1.6299999952316284,1.625,1.6299999952316284,2394,0.0,0.0
2024-10-21 11:47:00-04:00,1.625,1.625,1.625,1.625,1090,0.0,0.0
2024-10-21 11:50:00-04:00,1.628000020980835,1.6299999952316284,1.628000020980835,1.6299999952316284,20678,0.0,0.0
2024-10-21 11:51:00-04:00,1.6299999952316284,1.6299999952316284,1.6299999952316284,1.6299999952316284,5001,0.0,0.0
2024-10-21 11:52:00-04:00,1.625,1.6299999952316284,1.625,1.625,1825,0.0,0.0
2024-10-21 11:55:00-04:00,1.628000020980835,1.6299999952316284,1.625,1.6299999952316284,13900,0.0,0.0
2024-10-21 11:58:00-04:00,1.6299999952316284,1.6299999952316284,1.625,1.625,1402,0.0,0.0
2024-10-21 11:59:00-04:00,1.6299999952316284,1.6299999952316284,1.625,1.625,5656,0.0,0.0
2024-10-21 12:01:00-04:00,1.6222000122070312,1.6222000122070312,1.6222000122070312,1.6222000122070312,5112,0.0,0.0
2024-10-21 12:02:00-04:00,1.625,1.6299999952316284,1.625,1.6299999952316284,4600,0.0,0.0
2024-10-21 12:03:00-04:00,1.625,1.625,1.625,1.625,4200,0.0,0.0
2024-10-21 12:04:00-04:00,1.628600001335144,1.628600001335144,1.628600001335144,1.628600001335144,1009,0.0,0.0
2024-10-21 12:05:00-04:00,1.625,1.625,1.625,1.625,114,0.0,0.0
2024-10-21 12:07:00-04:00,1.625,1.625,1.625,1.625,909,0.0,0.0
2024-10-21 12:08:00-04:00,1.6299999952316284,1.6299999952316284,1.628000020980835,1.6299999952316284,1920,0.0,0.0
2024-10-21 12:11:00-04:00,1.6299999952316284,1.6299999952316284,1.6299999952316284,1.6299999952316284,926,0.0,0.0
2024-10-21 12:13:00-04:00,1.6260000467300415,1.6260000467300415,1.6260000467300415,1.6260000467300415,109,0.0,0.0
2024-10-21 12:14:00-04:00,1.628000020980835,1.628000020980835,1.628000020980835,1.628000020980835,509,0.0,0.0
2024-10-21 12:15:00-04:00,1.6299999952316284,1.6299999952316284,1.625,1.625,635,0.0,0.0
2024-10-21 12:16:00-04:00,1.625,1.625,1.625,1.625,118,0.0,0.0
2024-10-21 12:20:00-04:00,1.628000020980835,1.628000020980835,1.628000020980835,1.628000020980835,497,0.0,0.0
2024-10-21 12:23:00-04:00,1.628100037574768,1.628100037574768,1.625,1.625,464,0.0,0.0
2024-10-21 12:24:00-04:00,1.625,1.625,1.6200000047683716,1.625,13700,0.0,0.0
2024-10-21 12:26:00-04:00,1.625,1.625,1.625,1.625,250,0.0,0.0
2024-10-21 12:27:00-04:00,1.625,1.625,1.625,1.625,101,0.0,0.0
2024-10-21 12:29:00-04:00,1.6299999952316284,1.6299999952316284,1.625,1.625,3716,0.0,0.0
2024-10-21 12:30:00-04:00,1.628499984741211,1.628499984741211,1.628499984741211,1.628499984741211,1190,0.0,0.0
2024-10-21 12:34:00-04:00,1.6299999952316284,1.6299999952316284,1.625,1.625,1027,0.0,0.0
2024-10-21 12:35:00-04:00,1.625,1.625,1.6200000047683716,1.625,7270,0.0,0.0
2024-10-21 12:36:00-04:00,1.625,1.625,1.625,1.625,321,0.0,0.0
2024-10-21 12:37:00-04:00,1.625,1.625,1.625,1.625,898,0.0,0.0
2024-10-21 12:39:00-04:00,1.625,1.625,1.625,1.625,292,0.0,0.0
2024-10-21 12:40:00-04:00,1.625,1.625,1.6200000047683716,1.6200000047683716,2202,0.0,0.0
2024-10-21 12:42:00-04:00,1.6200000047683716,1.6200000047683716,1.6200000047683716,1.6200000047683716,130,0.0,0.0
2024-10-21 12:43:00-04:00,1.6201000213623047,1.621500015258789,1.6201000213623047,1.621500015258789,4328,0.0,0.0
2024-10-21 12:47:00-04:00,1.625,1.6299999952316284,1.625,1.6299999952316284,8978,0.0,0.0
2024-10-21 12:51:00-04:00,1.6200000047683716,1.6200000047683716,1.6200000047683716,1.6200000047683716,151,0.0,0.0
2024-10-21 12:52:00-04:00,1.625,1.6299999952316284,1.625,1.6299999952316284,1948,0.0,0.0
2024-10-21 12:54:00-04:00,1.625,1.6265000104904175,1.625,1.6265000104904175,2300,0.0,0.0
2024-10-21 12:55:00-04:00,1.625,1.625,1.625,1.625,241,0.0,0.0
2024-10-21 12:58:00-04:00,1.6299999952316284,1.6299999952316284,1.625,1.625,944,0.0,0.0
2024-10-21 12:59:00-04:00,1.625,1.625,1.625,1.625,417,0.0,0.0
2024-10-21 13:00:00-04:00,1.625,1.625,1.625,1.625,100,0.0,0.0
2024-10-21 13:02:00-04:00,1.625,1.625,1.625,1.625,101,0.0,0.0
2024-10-21 13:03:00-04:00,1.6299999952316284,1.6299999952316284,1.625,1.625,501,0.0,0.0
2024-10-21 13:09:00-04:00,1.625,1.625,1.625,1.625,200,0.0,0.0
2024-10-21 13:10:00-04:00,1.625,1.625,1.625,1.625,31303,0.0,0.0
2024-10-21 13:14:00-04:00,1.6299999952316284,1.6299999952316284,1.6299999952316284,1.6299999952316284,1684,0.0,0.0
2024-10-21 13:15:00-04:00,1.6299999952316284,1.6299999952316284,1.628000020980835,1.628000020980835,7862,0.0,0.0
2024-10-21 13:16:00-04:00,1.625,1.625,1.625,1.625,114,0.0,0.0
2024-10-21 13:17:00-04:00,1.625,1.625,1.625,1.625,100,0.0,0.0
2024-10-21 13:19:00-04:00,1.625,1.6289000511169434,1.625,1.6289000511169434,390,0.0,0.0
2024-10-21 13:20:00-04:00,1.6299999952316284,1.6299999952316284,1.625,1.625,1528,0.0,0.0
2024-10-21 13:24:00-04:00,1.6299999952316284,1.6299999952316284,1.6282000541687012,1.6299999952316284,409,0.0,0.0
2024-10-21 13:26:00-04:00,1.621399998664856,1.621399998664856,1.621399998664856,1.621399998664856,600,0.0,0.0
2024-10-21 13:28:00-04:00,1.625,1.625,1.625,1.625,100,0.0,0.0
2024-10-21 13:30:00-04:00,1.6299999952316284,1.6299999952316284,1.6299999952316284,1.6299999952316284,200,0.0,0.0
2024-10-21 13:31:00-04:00,1.6200000047683716,1.6200000047683716,1.6200000047683716,1.6200000047683716,507,0.0,0.0
2024-10-21 13:35:00-04:00,1.6299999952316284,1.6299999952316284,1.6299999952316284,1.6299999952316284,127,0.0,0.0
2024-10-21 13:42:00-04:00,1.625,1.625,1.625,1.625,3017,0.0,0.0
2024-10-21 13:46:00-04:00,1.6299999952316284,1.6299999952316284,1.625,1.625,927,0.0,0.0
2024-10-21 13:50:00-04:00,1.6299999952316284,1.6299999952316284,1.6299999952316284,1.6299999952316284,117,0.0,0.0
2024-10-21 13:55:00-04:00,1.6288000345230103,1.6288000345230103,1.6288000345230103,1.6288000345230103,289,0.0,0.0
2024-10-21 13:56:00-04:00,1.625,1.625,1.625,1.625,100,0.0,0.0
2024-10-21 13:57:00-04:00,1.6299999952316284,1.6299999952316284,1.6299999952316284,1.6299999952316284,109,0.0,0.0
2024-10-21 14:01:00-04:00,1.625,1.625,1.625,1.625,101,0.0,0.0
2024-10-21 14:08:00-04:00,1.625,1.625,1.625,1.625,161,0.0,0.0
2024-10-21 14:16:00-04:00,1.625,1.625,1.625,1.625,10111,0.0,0.0
2024-10-21 14:18:00-04:00,1.625,1.625,1.625,1.625,180,0.0,0.0
2024-10-21 14:21:00-04:00,1.6299999952316284,1.6299999952316284,1.6288000345230103,1.6299999952316284,1912,0.0,0.0
2024-10-21 14:25:00-04:00,1.628000020980835,1.628000020980835,1.628000020980835,1.628000020980835,309,0.0,0.0
2024-10-21 14:32:00-04:00,1.625,1.625,1.625,1.625,1710,0.0,0.0
2024-10-21 14:33:00-04:00,1.625,1.625,1.625,1.625,109,0.0,0.0
2024-10-21 14:34:00-04:00,1.625,1.625,1.625,1.625,100,0.0,0.0
2024-10-21 14:36:00-04:00,1.6298999786376953,1.6299999952316284,1.6288000345230103,1.6299999952316284,583,0.0,0.0
2024-10-21 14:40:00-04:00,1.6299999952316284,1.6299999952316284,1.6299999952316284,1.6299999952316284,128,0.0,0.0
2024-10-21 14:44:00-04:00,1.625,1.625,1.625,1.625,449,0.0,0.0
2024-10-21 14:45:00-04:00,1.625,1.625,1.625,1.625,100,0.0,0.0
2024-10-21 14:46:00-04:00,1.625,1.625,1.625,1.625,118,0.0,0.0
2024-10-21 14:47:00-04:00,1.621999979019165,1.621999979019165,1.621999979019165,1.621999979019165,200,0.0,0.0
2024-10-21 14:48:00-04:00,1.625,1.625,1.625,1.625,294,0.0,0.0
2024-10-21 14:49:00-04:00,1.628000020980835,1.6299999952316284,1.628000020980835,1.6299999952316284,316,0.0,0.0
2024-10-21 14:51:00-04:00,1.6299999952316284,1.6299999952316284,1.6299999952316284,1.6299999952316284,226,0.0,0.0
2024-10-21 14:54:00-04:00,1.625,1.625,1.625,1.625,100,0.0,0.0
2024-10-21 14:55:00-04:00,1.625,1.625,1.625,1.625,972,0.0,0.0
2024-10-21 14:58:00-04:00,1.6299999952316284,1.6299999952316284,1.6299999952316284,1.6299999952316284,182,0.0,0.0
2024-10-21 14:59:00-04:00,1.625,1.625,1.620300054550171,1.625,24520,0.0,0.0
2024-10-21 15:00:00-04:00,1.625,1.625,1.625,1.625,2414,0.0,0.0
2024-10-21 15:04:00-04:00,1.625,1.6260000467300415,1.6201000213623047,1.6247999668121338,12102,0.0,0.0
2024-10-21 15:05:00-04:00,1.625,1.625,1.625,1.625,2000,0.0,0.0
2024-10-21 15:06:00-04:00,1.625,1.6299999952316284,1.625,1.6299999952316284,7697,0.0,0.0
2024-10-21 15:07:00-04:00,1.6240999698638916,1.625,1.623900055885315,1.625,3800,0.0,0.0
2024-10-21 15:09:00-04:00,1.625,1.625,1.625,1.625,101,0.0,0.0
2024-10-21 15:11:00-04:00,1.6299999952316284,1.6299999952316284,1.628000020980835,1.6299999952316284,2132,0.0,0.0
2024-10-21 15:12:00-04:00,1.625,1.625,1.625,1.625,388,0.0,0.0
2024-10-21 15:15:00-04:00,1.625,1.625,1.625,1.625,100,0.0,0.0
2024-10-21 15:16:00-04:00,1.6201000213623047,1.6299999952316284,1.6201000213623047,1.6299999952316284,633,0.0,0.0
2024-10-21 15:20:00-04:00,1.6253999471664429,1.6253999471664429,1.6247999668121338,1.6247999668121338,391,0.0,0.0
2024-10-21 15:21:00-04:00,1.625,1.625,1.625,1.625,221,0.0,0.0
2024-10-21 15:23:00-04:00,1.6200000047683716,1.625,1.6200000047683716,1.625,5500,0.0,0.0
2024-10-21 15:24:00-04:00,1.6201000213623047,1.625,1.6201000213623047,1.625,5201,0.0,0.0
2024-10-21 15:26:00-04:00,1.6216000318527222,1.625,1.6216000318527222,1.625,5834,0.0,0.0
2024-10-21 15:28:00-04:00,1.625,1.625,1.625,1.625,1000,0.0,0.0
2024-10-21 15:29:00-04:00,1.625,1.625,1.621500015258789,1.625,11456,0.0,0.0
2024-10-21 15:30:00-04:00,1.625,1.625,1.625,1.625,507,0.0,0.0
2024-10-21 15:31:00-04:00,1.625,1.625,1.625,1.625,6000,0.0,0.0
2024-10-21 15:32:00-04:00,1.625,1.625,1.625,1.625,336,0.0,0.0
2024-10-21 15:34:00-04:00,1.625,1.625,1.625,1.625,164,0.0,0.0
2024-10-21 15:35:00-04:00,1.625,1.625,1.625,1.625,340,0.0,0.0
2024-10-21 15:36:00-04:00,1.6299999952316284,1.6299999952316284,1.625,1.625,1066,0.0,0.0
2024-10-21 15:39:00-04:00,1.625,1.625,1.625,1.625,306,0.0,0.0
2024-10-21 15:41:00-04:00,1.625,1.625,1.625,1.625,7054,0.0,0.0
2024-10-21 15:42:00-04:00,1.625,1.625,1.625,1.625,916,0.0,0.0
2024-10-21 15:44:00-04:00,1.625,1.625,1.625,1.625,825,0.0,0.0
2024-10-21 15:45:00-04:00,1.625,1.6299999952316284,1.625,1.6299999952316284,24170,0.0,0.0
2024-10-21 15:46:00-04:00,1.6299999952316284,1.6299999952316284,1.625,1.625,13765,0.0,0.0
2024-10-21 15:47:00-04:00,1.625,1.625,1.625,1.625,3717,0.0,0.0
2024-10-21 15:48:00-04:00,1.6211999654769897,1.6211999654769897,1.6211999654769897,1.6211999654769897,153,0.0,0.0
2024-10-21 15:49:00-04:00,1.6239999532699585,1.625,1.6239999532699585,1.625,13862,0.0,0.0
2024-10-21 15:50:00-04:00,1.6200000047683716,1.6299999952316284,1.6200000047683716,1.625,50863,0.0,0.0
2024-10-21 15:51:00-04:00,1.628000020980835,1.6299999952316284,1.625,1.628000020980835,1624,0.0,0.0
2024-10-21 15:52:00-04:00,1.625,1.6299999952316284,1.625,1.6299999952316284,7065,0.0,0.0
2024-10-21 15:53:00-04:00,1.6299999952316284,1.6299999952316284,1.625,1.6299999952316284,4490,0.0,0.0
2024-10-21 15:54:00-04:00,1.6299999952316284,1.6299999952316284,1.625,1.625,2012,0.0,0.0
2024-10-21 15:55:00-04:00,1.625,1.6299999952316284,1.625,1.6299999952316284,8389,0.0,0.0
2024-10-21 15:56:00-04:00,1.6299999952316284,1.6299999952316284,1.625,1.6299999952316284,11365,0.0,0.0
2024-10-21 15:57:00-04:00,1.625,1.6299999952316284,1.625,1.625,16832,0.0,0.0
2024-10-21 15:58:00-04:00,1.625,1.6299999952316284,1.625,1.625,7139,0.0,0.0
2024-10-21 15:59:00-04:00,1.625,1.6299999952316284,1.6200000047683716,1.625,120987,0.0,0.0
2024-10-22 09:30:00-04:00,1.6200000047683716,1.6200000047683716,1.6200000047683716,1.6200000047683716,5144,0.0,0.0
2024-10-22 09:31:00-04:00,1.6193000078201294,1.6193000078201294,1.6193000078201294,1.6193000078201294,112,0.0,0.0
2024-10-22 09:32:00-04:00,1.6198999881744385,1.6200000047683716,1.6150000095367432,1.6150000095367432,2501,0.0,0.0
2024-10-22 09:33:00-04:00,1.6200000047683716,1.6398999691009521,1.6200000047683716,1.6397000551223755,23432,0.0,0.0
2024-10-22 09:34:00-04:00,1.6349999904632568,1.6398999691009521,1.6349999904632568,1.6398999691009521,853,0.0,0.0
2024-10-22 09:35:00-04:00,1.6399999856948853,1.6399999856948853,1.6399999856948853,1.6399999856948853,653,0.0,0.0
2024-10-22 09:36:00-04:00,1.6349999904632568,1.6349999904632568,1.6349999904632568,1.6349999904632568,2530,0.0,0.0
2024-10-22 09:37:00-04:00,1.6399999856948853,1.6399999856948853,1.6399999856948853,1.6399999856948853,3556,0.0,0.0
2024-10-22 09:39:00-04:00,1.6380000114440918,1.6399999856948853,1.6349999904632568,1.6399999856948853,7315,0.0,0.0
2024-10-22 09:40:00-04:00,1.6398999691009521,1.6398999691009521,1.6330000162124634,1.6349999904632568,14955,0.0,0.0
2024-10-22 09:41:00-04:00,1.6349999904632568,1.6349999904632568,1.625,1.625,24555,0.0,0.0
2024-10-22 09:43:00-04:00,1.625,1.6299999952316284,1.625,1.625,5632,0.0,0.0
2024-10-22 09:45:00-04:00,1.6292999982833862,1.6299999952316284,1.628600001335144,1.6299999952316284,8337,0.0,0.0
2024-10-22 09:46:00-04:00,1.6299999952316284,1.6299999952316284,1.6299999952316284,1.6299999952316284,902,0.0,0.0
2024-10-22 09:47:00-04:00,1.6299999952316284,1.6349999904632568,1.6299999952316284,1.6299999952316284,30814,0.0,0.0
2024-10-22 09:48:00-04:00,1.625,1.625,1.625,1.625,699,0.0,0.0
2024-10-22 09:51:00-04:00,1.6299999952316284,1.6299999952316284,1.6200000047683716,1.6299999952316284,1290,0.0,0.0
2024-10-22 09:52:00-04:00,1.628000020980835,1.628000020980835,1.625,1.625,2258,0.0,0.0
2024-10-22 09:54:00-04:00,1.625,1.625,1.625,1.625,2472,0.0,0.0
2024-10-22 09:55:00-04:00,1.625,1.625,1.6222000122070312,1.6222000122070312,754,0.0,0.0
2024-10-22 09:56:00-04:00,1.6299999952316284,1.6299999952316284,1.6299999952316284,1.6299999952316284,5082,0.0,0.0
2024-10-22 09:57:00-04:00,1.6299999952316284,1.6299999952316284,1.625,1.625,250,0.0,0.0
2024-10-22 09:58:00-04:00,1.625,1.625,1.625,1.625,426,0.0,0.0
2024-10-22 09:59:00-04:00,1.625,1.6299999952316284,1.625,1.6299999952316284,2832,0.0,0.0
2024-10-22 10:00:00-04:00,1.625,1.625,1.625,1.625,8411,0.0,0.0
2024-10-22 10:01:00-04:00,1.625,1.6360000371932983,1.625,1.6299999952316284,77475,0.0,0.0
2024-10-22 10:03:00-04:00,1.625,1.625,1.625,1.625,1110,0.0,0.0
2024-10-22 10:05:00-04:00,1.6239999532699585,1.6298999786376953,1.6239999532699585,1.62909996509552,6068,0.0,0.0
2024-10-22 10:07:00-04:00,1.6299999952316284,1.6360000371932983,1.6299999952316284,1.6299999952316284,34004,0.0,0.0
2024-10-22 10:08:00-04:00,1.6299999952316284,1.6349999904632568,1.6299999952316284,1.6299999952316284,641,0.0,0.0
2024-10-22 10:09:00-04:00,1.6299999952316284,1.6299999952316284,1.6299999952316284,1.6299999952316284,104,0.0,0.0
2024-10-22 10:10:00-04:00,1.6299999952316284,1.63100004196167,1.6299999952316284,1.6299999952316284,4123,0.0,0.0
2024-10-22 10:11:00-04:00,1.6299999952316284,1.6299999952316284,1.6299999952316284,1.6299999952316284,27270,0.0,0.0
2024-10-22 10:12:00-04:00,1.625,1.625,1.625,1.625,542,0.0,0.0
2024-10-22 10:13:00-04:00,1.625,1.625,1.625,1.625,235,0.0,0.0
2024-10-22 10:14:00-04:00,1.625,1.6299999952316284,1.625,1.6299999952316284,13883,0.0,0.0
2024-10-22 10:15:00-04:00,1.6299999952316284,1.6299999952316284,1.6239999532699585,1.628999948501587,10521,0.0,0.0
2024-10-22 10:16:00-04:00,1.625,1.6360000371932983,1.625,1.6299999952316284,43778,0.0,0.0
2024-10-22 10:17:00-04:00,1.6349999904632568,1.6399999856948853,1.6299999952316284,1.6299999952316284,4442,0.0,0.0
2024-10-22 10:18:00-04:00,1.6299999952316284,1.6399999856948853,1.6299999952316284,1.6299999952316284,13495,0.0,0.0
2024-10-22 10:20:00-04:00,1.6349999904632568,1.6349999904632568,1.6299999952316284,1.6299999952316284,21789,0.0,0.0
2024-10-22 10:21:00-04:00,1.6299999952316284,1.6299999952316284,1.6239999532699585,1.6298999786376953,41711,0.0,0.0
2024-10-22 10:22:00-04:00,1.625,1.625,1.625,1.625,312,0.0,0.0
2024-10-22 10:23:00-04:00,1.625,1.625,1.625,1.625,196,0.0,0.0
2024-10-22 10:24:00-04:00,1.625,1.625,1.625,1.625,188,0.0,0.0
2024-10-22 10:25:00-04:00,1.6299999952316284,1.6349999904632568,1.6239999532699585,1.6349999904632568,77061,0.0,0.0
2024-10-22 10:26:00-04:00,1.6349999904632568,1.6349999904632568,1.6349999904632568,1.6349999904632568,6500,0.0,0.0
2024-10-22 10:27:00-04:00,1.6349999904632568,1.6399999856948853,1.6299999952316284,1.6299999952316284,65784,0.0,0.0
2024-10-22 10:28:00-04:00,1.6299999952316284,1.6301000118255615,1.6299999952316284,1.6301000118255615,1320,0.0,0.0
2024-10-22 10:29:00-04:00,1.6330000162124634,1.6330000162124634,1.6299999952316284,1.6299999952316284,2001,0.0,0.0
2024-10-22 10:30:00-04:00,1.6299999952316284,1.6299999952316284,1.6200000047683716,1.6299999952316284,84990,0.0,0.0
2024-10-22 10:31:00-04:00,1.6298999786376953,1.6299999952316284,1.6200000047683716,1.625,14312,0.0,0.0
2024-10-22 10:32:00-04:00,1.625,1.625,1.625,1.625,2321,0.0,0.0
2024-10-22 10:33:00-04:00,1.628999948501587,1.6349999904632568,1.625,1.6349999904632568,40444,0.0,0.0
2024-10-22 10:34:00-04:00,1.6349999904632568,1.6399999856948853,1.6349999904632568,1.6349999904632568,54775,0.0,0.0
2024-10-22 10:35:00-04:00,1.6349999904632568,1.6349999904632568,1.6349999904632568,1.6349999904632568,982,0.0,0.0
2024-10-22 10:36:00-04:00,1.6349999904632568,1.6349999904632568,1.6349999904632568,1.6349999904632568,2618,0.0,0.0
2024-10-22 10:39:00-04:00,1.6399999856948853,1.6399999856948853,1.6349999904632568,1.6349999904632568,15130,0.0,0.0
2024-10-22 10:40:00-04:00,1.6349999904632568,1.6349999904632568,1.6349999904632568,1.6349999904632568,351,0.0,0.0
2024-10-22 10:41:00-04:00,1.6380000114440918,1.6380000114440918,1.6380000114440918,1.6380000114440918,300,0.0,0.0
2024-10-22 10:42:00-04:00,1.6349999904632568,1.6349999904632568,1.6349999904632568,1.6349999904632568,829,0.0,0.0
2024-10-22 10:43:00-04:00,1.639799952507019,1.639799952507019,1.6349999904632568,1.6349999904632568,2310,0.0,0.0
2024-10-22 10:44:00-04:00,1.6349999904632568,1.6399999856948853,1.631700038909912,1.6349999904632568,6968,0.0,0.0
2024-10-22 10:45:00-04:00,1.6349999904632568,1.6399999856948853,1.6299999952316284,1.6399999856948853,4882,0.0,0.0
2024-10-22 10:46:00-04:00,1.6349999904632568,1.6398999691009521,1.6349999904632568,1.6349999904632568,682,0.0,0.0
2024-10-22 10:47:00-04:00,1.6349999904632568,1.6349999904632568,1.6349999904632568,1.6349999904632568,5192,0.0,0.0
2024-10-22 10:48:00-04:00,1.6380000114440918,1.6380000114440918,1.6349999904632568,1.6349999904632568,1126,0.0,0.0
2024-10-22 10:49:00-04:00,1.6380000114440918,1.6385999917984009,1.6349999904632568,1.6349999904632568,623,0.0,0.0
2024-10-22 10:50:00-04:00,1.6349999904632568,1.6399999856948853,1.6349999904632568,1.6349999904632568,4711,0.0,0.0
2024-10-22 10:51:00-04:00,1.6349999904632568,1.6349999904632568,1.6349999904632568,1.6349999904632568,102,0.0,0.0
2024-10-22 10:52:00-04:00,1.6349999904632568,1.6349999904632568,1.6349999904632568,1.6349999904632568,431,0.0,0.0
2024-10-22 10:53:00-04:00,1.6349999904632568,1.6349999904632568,1.6349999904632568,1.6349999904632568,207,0.0,0.0
2024-10-22 10:54:00-04:00,1.6397000551223755,1.6397000551223755,1.6349999904632568,1.6349999904632568,4073,0.0,0.0
2024-10-22 10:55:00-04:00,1.6349999904632568,1.6398999691009521,1.6349999904632568,1.6398999691009521,1332,0.0,0.0
2024-10-22 10:56:00-04:00,1.6349999904632568,1.6349999904632568,1.6349999904632568,1.6349999904632568,224,0.0,0.0
2024-10-22 10:57:00-04:00,1.6380000114440918,1.6380000114440918,1.6349999904632568,1.6349999904632568,2436,0.0,0.0
2024-10-22 10:58:00-04:00,1.6349999904632568,1.6399999856948853,1.6349999904632568,1.6349999904632568,3812,0.0,0.0
2024-10-22 10:59:00-04:00,1.6349999904632568,1.6349999904632568,1.6349999904632568,1.6349999904632568,996,0.0,0.0
2024-10-22 11:00:00-04:00,1.6349999904632568,1.6349999904632568,1.6349999904632568,1.6349999904632568,575,0.0,0.0
2024-10-22 11:01:00-04:00,1.6349999904632568,1.6359000205993652,1.6299999952316284,1.6359000205993652,4199,0.0,0.0
2024-10-22 11:02:00-04:00,1.6349999904632568,1.6349999904632568,1.6349999904632568,1.6349999904632568,117,0.0,0.0
2024-10-22 11:04:00-04:00,1.6349999904632568,1.6399999856948853,1.6349999904632568,1.6349999904632568,1977,0.0,0.0
2024-10-22 11:05:00-04:00,1.6349999904632568,1.6390000581741333,1.6349999904632568,1.6390000581741333,352,0.0,0.0
2024-10-22 11:06:00-04:00,1.6349999904632568,1.6349999904632568,1.6299999952316284,1.6299999952316284,308,0.0,0.0
2024-10-22 11:07:00-04:00,1.6349999904632568,1.6349999904632568,1.6349999904632568,1.6349999904632568,610,0.0,0.0
2024-10-22 11:08:00-04:00,1.6349999904632568,1.6349999904632568,1.6349999904632568,1.6349999904632568,201,0.0,0.0
2024-10-22 11:10:00-04:00,1.6299999952316284,1.6360000371932983,1.6299999952316284,1.6349999904632568,10495,0.0,0.0
2024-10-22 11:11:00-04:00,1.6399999856948853,1.6399999856948853,1.6349999904632568,1.6349999904632568,2564,0.0,0.0
2024-10-22 11:12:00-04:00,1.6349999904632568,1.6349999904632568,1.6349999904632568,1.6349999904632568,607,0.0,0.0
2024-10-22 11:13:00-04:00,1.6349999904632568,1.6349999904632568,1.6349999904632568,1.6349999904632568,1353,0.0,0.0
2024-10-22 11:14:00-04:00,1.6299999952316284,1.6349999904632568,1.6299999952316284,1.6349999904632568,4160,0.0,0.0
2024-10-22 11:15:00-04:00,1.6349999904632568,1.6349999904632568,1.6349999904632568,1.6349999904632568,345,0.0,0.0
2024-10-22 11:16:00-04:00,1.6299999952316284,1.6399999856948853,1.6299999952316284,1.6349999904632568,2506,0.0,0.0
2024-10-22 11:18:00-04:00,1.638200044631958,1.638200044631958,1.638200044631958,1.638200044631958,149,0.0,0.0
2024-10-22 11:19:00-04:00,1.6349999904632568,1.6349999904632568,1.6299999952316284,1.6299999952316284,241,0.0,0.0
2024-10-22 11:20:00-04:00,1.6299999952316284,1.6349999904632568,1.6299999952316284,1.6349999904632568,1924,0.0,0.0
2024-10-22 11:21:00-04:00,1.6349999904632568,1.6349999904632568,1.6349999904632568,1.6349999904632568,178,0.0,0.0
2024-10-22 11:22:00-04:00,1.6349999904632568,1.6399999856948853,1.6349999904632568,1.6399999856948853,5595,0.0,0.0
2024-10-22 11:23:00-04:00,1.6349999904632568,1.6349999904632568,1.6299999952316284,1.6299999952316284,547,0.0,0.0
2024-10-22 11:24:00-04:00,1.6299999952316284,1.6349999904632568,1.6299999952316284,1.6299999952316284,607,0.0,0.0
2024-10-22 11:26:00-04:00,1.6299999952316284,1.6349999904632568,1.6299999952316284,1.6349999904632568,1728,0.0,0.0
2024-10-22 11:27:00-04:00,1.6299999952316284,1.6399999856948853,1.6299999952316284,1.6299999952316284,15541,0.0,0.0
2024-10-22 11:28:00-04:00,1.6349999904632568,1.6349999904632568,1.6299999952316284,1.6299999952316284,7640,0.0,0.0
2024-10-22 11:29:00-04:00,1.6299999952316284,1.6349999904632568,1.6299999952316284,1.6349999904632568,1252,0.0,0.0
2024-10-22 11:30:00-04:00,1.6299999952316284,1.6299999952316284,1.6299999952316284,1.6299999952316284,702,0.0,0.0
2024-10-22 11:31:00-04:00,1.6299999952316284,1.6399999856948853,1.6299999952316284,1.6349999904632568,7491,0.0,0.0
2024-10-22 11:32:00-04:00,1.6299999952316284,1.6299999952316284,1.6299999952316284,1.6299999952316284,381,0.0,0.0
2024-10-22 11:33:00-04:00,1.6299999952316284,1.6399999856948853,1.6299999952316284,1.6349999904632568,2021,0.0,0.0
2024-10-22 11:34:00-04:00,1.6349999904632568,1.6349999904632568,1.6299999952316284,1.6299999952316284,383,0.0,0.0
2024-10-22 11:35:00-04:00,1.6299999952316284,1.6349999904632568,1.6299999952316284,1.6349999904632568,510,0.0,0.0
2024-10-22 11:36:00-04:00,1.6299999952316284,1.6349999904632568,1.6299999952316284,1.6299999952316284,2502,0.0,0.0
2024-10-22 11:37:00-04:00,1.6349999904632568,1.6349999904632568,1.6299999952316284,1.6299999952316284,611,0.0,0.0
2024-10-22 11:38:00-04:00,1.6299999952316284,1.6349999904632568,1.6299999952316284,1.6349999904632568,839,0.0,0.0
2024-10-22 11:39:00-04:00,1.6299999952316284,1.6299999952316284,1.6299999952316284,1.6299999952316284,362,0.0,0.0
2024-10-22 11:40:00-04:00,1.6299999952316284,1.6399999856948853,1.6299999952316284,1.6349999904632568,975,0.0,0.0
2024-10-22 11:41:00-04:00,1.6299999952316284,1.6299999952316284,1.6299999952316284,1.6299999952316284,375,0.0,0.0
2024-10-22 11:42:00-04:00,1.6303000450134277,1.6303000450134277,1.6303000450134277,1.6303000450134277,1025,0.0,0.0
2024-10-22 11:43:00-04:00,1.6349999904632568,1.6349999904632568,1.6349999904632568,1.6349999904632568,1234,0.0,0.0
2024-10-22 11:45:00-04:00,1.6299999952316284,1.6299999952316284,1.6299999952316284,1.6299999952316284,200,0.0,0.0
2024-10-22 11:46:00-04:00,1.6299999952316284,1.6394000053405762,1.6299999952316284,1.6349999904632568,3228,0.0,0.0
2024-10-22 11:47:00-04:00,1.6349999904632568,1.6349999904632568,1.6349999904632568,1.6349999904632568,774,0.0,0.0
2024-10-22 11:48:00-04:00,1.631700038909912,1.631700038909912,1.631700038909912,1.631700038909912,1590,0.0,0.0
2024-10-22 11:49:00-04:00,1.6299999952316284,1.6299999952316284,1.6299999952316284,1.6299999952316284,306,0.0,0.0
2024-10-22 11:50:00-04:00,1.6384999752044678,1.6384999752044678,1.6299999952316284,1.6299999952316284,5100,0.0,0.0
2024-10-22 11:51:00-04:00,1.6349999904632568,1.6349999904632568,1.6349999904632568,1.6349999904632568,650,0.0,0.0
2024-10-22 11:52:00-04:00,1.6349999904632568,1.6399999856948853,1.6299999952316284,1.6299999952316284,1483,0.0,0.0
2024-10-22 11:53:00-04:00,1.6349999904632568,1.6349999904632568,1.6299999952316284,1.6299999952316284,2963,0.0,0.0
2024-10-22 11:54:00-04:00,1.6349999904632568,1.6399999856948853,1.6299999952316284,1.6299999952316284,2815,0.0,0.0
2024-10-22 11:55:00-04:00,1.6299999952316284,1.6299999952316284,1.6299999952316284,1.6299999952316284,200,0.0,0.0
2024-10-22 11:56:00-04:00,1.6299999952316284,1.6349999904632568,1.6299999952316284,1.6349999904632568,631,0.0,0.0
2024-10-22 11:58:00-04:00,1.6349999904632568,1.6349999904632568,1.6299999952316284,1.6349999904632568,953,0.0,0.0
2024-10-22 11:59:00-04:00,1.6349999904632568,1.6349999904632568,1.6299999952316284,1.6349999904632568,2353,0.0,0.0
2024-10-22 12:00:00-04:00,1.6299999952316284,1.6299999952316284,1.6299999952316284,1.6299999952316284,501,0.0,0.0
2024-10-22 12:01:00-04:00,1.6299999952316284,1.6299999952316284,1.6299999952316284,1.6299999952316284,330,0.0,0.0
2024-10-22 12:04:00-04:00,1.6349999904632568,1.6349999904632568,1.6299999952316284,1.6299999952316284,6541,0.0,0.0
2024-10-22 12:05:00-04:00,1.6299999952316284,1.6299999952316284,1.6299999952316284,1.6299999952316284,464,0.0,0.0
2024-10-22 12:06:00-04:00,1.6299999952316284,1.6349999904632568,1.6299999952316284,1.6349999904632568,866,0.0,0.0
2024-10-22 12:07:00-04:00,1.6399999856948853,1.6399999856948853,1.6299999952316284,1.6349999904632568,2018,0.0,0.0
2024-10-22 12:08:00-04:00,1.6299999952316284,1.6299999952316284,1.6299999952316284,1.6299999952316284,286,0.0,0.0
2024-10-22 12:09:00-04:00,1.6299999952316284,1.6299999952316284,1.6299999952316284,1.6299999952316284,319,0.0,0.0
2024-10-22 12:10:00-04:00,1.6299999952316284,1.6349999904632568,1.6299999952316284,1.6349999904632568,2203,0.0,0.0
2024-10-22 12:11:00-04:00,1.6349999904632568,1.6399999856948853,1.6299999952316284,1.6299999952316284,1129,0.0,0.0
2024-10-22 12:14:00-04:00,1.6299999952316284,1.6349999904632568,1.6299999952316284,1.6349999904632568,342,0.0,0.0
2024-10-22 12:15:00-04:00,1.6299999952316284,1.6399999856948853,1.6299999952316284,1.6349999904632568,750,0.0,0.0
2024-10-22 12:16:00-04:00,1.6349999904632568,1.6349999904632568,1.6299999952316284,1.6299999952316284,1229,0.0,0.0
2024-10-22 12:17:00-04:00,1.6349999904632568,1.6349999904632568,1.6349999904632568,1.6349999904632568,1132,0.0,0.0
2024-10-22 12:19:00-04:00,1.6299999952316284,1.6349999904632568,1.6299999952316284,1.6349999904632568,310,0.0,0.0
2024-10-22 12:20:00-04:00,1.6299999952316284,1.6299999952316284,1.6299999952316284,1.6299999952316284,148,0.0,0.0
2024-10-22 12:22:00-04:00,1.6299999952316284,1.6349999904632568,1.6299999952316284,1.6349999904632568,1069,0.0,0.0
2024-10-22 12:23:00-04:00,1.6349999904632568,1.6349999904632568,1.6349999904632568,1.6349999904632568,676,0.0,0.0
2024-10-22 12:25:00-04:00,1.6299999952316284,1.6349999904632568,1.6200000047683716,1.625,101025,0.0,0.0
2024-10-22 12:26:00-04:00,1.625,1.625,1.6200000047683716,1.6200000047683716,310,0.0,0.0
2024-10-22 12:27:00-04:00,1.625,1.6299999952316284,1.6200000047683716,1.625,8081,0.0,0.0
2024-10-22 12:28:00-04:00,1.6200000047683716,1.625,1.6200000047683716,1.625,4828,0.0,0.0
2024-10-22 12:29:00-04:00,1.6200000047683716,1.6200000047683716,1.6200000047683716,1.6200000047683716,217,0.0,0.0
2024-10-22 12:30:00-04:00,1.6200000047683716,1.6299999952316284,1.6200000047683716,1.6299999952316284,23703,0.0,0.0
2024-10-22 12:31:00-04:00,1.625,1.6299999952316284,1.6200000047683716,1.6200000047683716,6924,0.0,0.0
2024-10-22 12:32:00-04:00,1.6200000047683716,1.625,1.6200000047683716,1.6200000047683716,7810,0.0,0.0
2024-10-22 12:33:00-04:00,1.6200000047683716,1.6299999952316284,1.6200000047683716,1.6200000047683716,8485,0.0,0.0
2024-10-22 12:34:00-04:00,1.6200000047683716,1.6299999952316284,1.6200000047683716,1.6200000047683716,802,0.0,0.0
2024-10-22 12:35:00-04:00,1.6200000047683716,1.625,1.6200000047683716,1.625,1230,0.0,0.0
2024-10-22 12:36:00-04:00,1.625,1.6299999952316284,1.6200000047683716,1.6200000047683716,11720,0.0,0.0
2024-10-22 12:37:00-04:00,1.625,1.625,1.6200000047683716,1.6200000047683716,41648,0.0,0.0
2024-10-22 12:38:00-04:00,1.6200000047683716,1.625,1.6200000047683716,1.6200000047683716,710,0.0,0.0
2024-10-22 12:39:00-04:00,1.6200000047683716,1.625,1.6200000047683716,1.6200000047683716,680,0.0,0.0
2024-10-22 12:40:00-04:00,1.6200000047683716,1.6299999952316284,1.6200000047683716,1.6200000047683716,1935,0.0,0.0
2024-10-22 12:41:00-04:00,1.6200000047683716,1.625,1.6200000047683716,1.625,330,0.0,0.0
2024-10-22 12:42:00-04:00,1.625,1.6299999952316284,1.6200000047683716,1.625,11741,0.0,0.0
2024-10-22 12:43:00-04:00,1.625,1.625,1.6200000047683716,1.6200000047683716,1371,0.0,0.0
2024-10-22 12:44:00-04:00,1.6200000047683716,1.625,1.6200000047683716,1.6200000047683716,721,0.0,0.0
2024-10-22 12:45:00-04:00,1.625,1.625,1.6200000047683716,1.625,460,0.0,0.0
2024-10-22 12:46:00-04:00,1.625,1.628600001335144,1.6200000047683716,1.625,1242,0.0,0.0
2024-10-22 12:47:00-04:00,1.6299999952316284,1.6299999952316284,1.6200000047683716,1.625,3260,0.0,0.0
2024-10-22 12:48:00-04:00,1.625,1.625,1.625,1.625,290,0.0,0.0
2024-10-22 12:49:00-04:00,1.6200000047683716,1.625,1.6200000047683716,1.6200000047683716,620,0.0,0.0
2024-10-22 12:50:00-04:00,1.625,1.625,1.625,1.625,130,0.0,0.0
2024-10-22 12:51:00-04:00,1.625,1.625,1.6200000047683716,1.6200000047683716,590,0.0,0.0
2024-10-22 12:52:00-04:00,1.6200000047683716,1.6299999952316284,1.6200000047683716,1.625,1478,0.0,0.0
2024-10-22 12:53:00-04:00,1.625,1.625,1.625,1.625,400,0.0,0.0
2024-10-22 12:54:00-04:00,1.625,1.625,1.625,1.625,249,0.0,0.0
2024-10-22 12:55:00-04:00,1.6200000047683716,1.625,1.6200000047683716,1.625,603,0.0,0.0
2024-10-22 12:57:00-04:00,1.625,1.625,1.6200000047683716,1.6200000047683716,430,0.0,0.0
2024-10-22 12:58:00-04:00,1.6200000047683716,1.6299999952316284,1.6200000047683716,1.625,510,0.0,0.0
2024-10-22 12:59:00-04:00,1.6299999952316284,1.6299999952316284,1.6299999952316284,1.6299999952316284,486,0.0,0.0
2024-10-22 13:00:00-04:00,1.625,1.625,1.625,1.625,203,0.0,0.0
2024-10-22 13:02:00-04:00,1.6200000047683716,1.625,1.6200000047683716,1.625,300,0.0,0.0
2024-10-22 13:03:00-04:00,1.6299999952316284,1.6299999952316284,1.6299999952316284,1.6299999952316284,10090,0.0,0.0
2024-10-22 13:04:00-04:00,1.6299999952316284,1.6299999952316284,1.6299999952316284,1.6299999952316284,191,0.0,0.0
2024-10-22 13:05:00-04:00,1.625,1.625,1.6200000047683716,1.6200000047683716,937,0.0,0.0
2024-10-22 13:06:00-04:00,1.625,1.625,1.625,1.625,240,0.0,0.0
2024-10-22 13:08:00-04:00,1.6299999952316284,1.6299999952316284,1.625,1.625,2606,0.0,0.0
2024-10-22 13:09:00-04:00,1.6299999952316284,1.6299999952316284,1.6299999952316284,1.6299999952316284,196,0.0,0.0
2024-10-22 13:10:00-04:00,1.6299999952316284,1.6299999952316284,1.6299999952316284,1.6299999952316284,379,0.0,0.0
2024-10-22 13:12:00-04:00,1.625,1.625,1.625,1.625,272,0.0,0.0
2024-10-22 13:13:00-04:00,1.6299999952316284,1.6299999952316284,1.6200000047683716,1.6200000047683716,891,0.0,0.0
2024-10-22 13:14:00-04:00,1.625,1.625,1.625,1.625,691,0.0,0.0
2024-10-22 13:15:00-04:00,1.6299999952316284,1.6299999952316284,1.6299999952316284,1.6299999952316284,137,0.0,0.0
2024-10-22 13:17:00-04:00,1.625,1.625,1.625,1.625,229,0.0,0.0
2024-10-22 13:18:00-04:00,1.625,1.625,1.625,1.625,480,0.0,0.0
2024-10-22 13:19:00-04:00,1.6298999786376953,1.6298999786376953,1.6298999786376953,1.6298999786376953,380,0.0,0.0
2024-10-22 13:21:00-04:00,1.6299999952316284,1.6299999952316284,1.6299999952316284,1.6299999952316284,251,0.0,0.0
2024-10-22 13:23:00-04:00,1.625,1.625,1.625,1.625,120,0.0,0.0
2024-10-22 13:24:00-04:00,1.6298999786376953,1.6298999786376953,1.6200000047683716,1.6200000047683716,361,0.0,0.0
2024-10-22 13:25:00-04:00,1.6200000047683716,1.6299999952316284,1.6200000047683716,1.6299999952316284,460,0.0,0.0
2024-10-22 13:26:00-04:00,1.6297999620437622,1.6297999620437622,1.6259000301361084,1.6259000301361084,4500,0.0,0.0
2024-10-22 13:27:00-04:00,1.6299999952316284,1.6299999952316284,1.6299999952316284,1.6299999952316284,250,0.0,0.0
2024-10-22 13:28:00-04:00,1.625,1.625,1.625,1.625,318,0.0,0.0
2024-10-22 13:30:00-04:00,1.625,1.6299999952316284,1.625,1.6299999952316284,1501,0.0,0.0
2024-10-22 13:32:00-04:00,1.620300054550171,1.620300054550171,1.620300054550171,1.620300054550171,620,0.0,0.0
2024-10-22 13:33:00-04:00,1.6299999952316284,1.6299999952316284,1.6298999786376953,1.6299999952316284,503,0.0,0.0
2024-10-22 13:34:00-04:00,1.625,1.625,1.625,1.625,124,0.0,0.0
2024-10-22 13:35:00-04:00,1.625,1.625,1.6200000047683716,1.6200000047683716,232,0.0,0.0
2024-10-22 13:36:00-04:00,1.6298999786376953,1.6299999952316284,1.6298999786376953,1.6299999952316284,526,0.0,0.0
2024-10-22 13:37:00-04:00,1.625,1.625,1.625,1.625,1154,0.0,0.0
2024-10-22 13:38:00-04:00,1.6299999952316284,1.6299999952316284,1.625,1.625,271,0.0,0.0
2024-10-22 13:39:00-04:00,1.6200000047683716,1.6200000047683716,1.6200000047683716,1.6200000047683716,161,0.0,0.0
2024-10-22 13:41:00-04:00,1.6292999982833862,1.6292999982833862,1.6288000345230103,1.6288000345230103,382,0.0,0.0
2024-10-22 13:42:00-04:00,1.6292999982833862,1.6299999952316284,1.6283999681472778,1.6299999952316284,421,0.0,0.0
2024-10-22 13:43:00-04:00,1.6200000047683716,1.6200000047683716,1.6200000047683716,1.6200000047683716,134,0.0,0.0
2024-10-22 13:44:00-04:00,1.6299999952316284,1.6299999952316284,1.6299999952316284,1.6299999952316284,103,0.0,0.0
2024-10-22 13:45:00-04:00,1.6200000047683716,1.6200000047683716,1.6200000047683716,1.6200000047683716,140,0.0,0.0
2024-10-22 13:46:00-04:00,1.6200000047683716,1.6299999952316284,1.6200000047683716,1.625,615,0.0,0.0
2024-10-22 13:47:00-04:00,1.625,1.625,1.625,1.625,450,0.0,0.0
2024-10-22 13:48:00-04:00,1.625,1.6288000345230103,1.625,1.6288000345230103,533,0.0,0.0
2024-10-22 13:50:00-04:00,1.6292999982833862,1.6299999952316284,1.6292999982833862,1.6299999952316284,521,0.0,0.0
2024-10-22 13:51:00-04:00,1.625,1.6299999952316284,1.625,1.625,481,0.0,0.0
2024-10-22 13:55:00-04:00,1.6299999952316284,1.6299999952316284,1.625,1.625,4383,0.0,0.0
2024-10-22 13:56:00-04:00,1.6200000047683716,1.6292999982833862,1.6200000047683716,1.628000020980835,400,0.0,0.0
2024-10-22 13:57:00-04:00,1.6299999952316284,1.6299999952316284,1.6299999952316284,1.6299999952316284,133,0.0,0.0
2024-10-22 13:59:00-04:00,1.6299999952316284,1.6299999952316284,1.625,1.628000020980835,1701,0.0,0.0
2024-10-22 14:00:00-04:00,1.6298999786376953,1.6299999952316284,1.6298999786376953,1.6299999952316284,1401,0.0,0.0
2024-10-22 14:03:00-04:00,1.6200000047683716,1.6200000047683716,1.6200000047683716,1.6200000047683716,112,0.0,0.0
2024-10-22 14:04:00-04:00,1.6299999952316284,1.6299999952316284,1.6299999952316284,1.6299999952316284,320,0.0,0.0
2024-10-22 14:05:00-04:00,1.625,1.625,1.625,1.625,115,0.0,0.0
2024-10-22 14:06:00-04:00,1.6299999952316284,1.6299999952316284,1.6200000047683716,1.6200000047683716,401,0.0,0.0
2024-10-22 14:07:00-04:00,1.625,1.625,1.625,1.625,100,0.0,0.0
2024-10-22 14:08:00-04:00,1.620300054550171,1.620300054550171,1.620300054550171,1.620300054550171,1022,0.0,0.0
2024-10-22 14:11:00-04:00,1.6299999952316284,1.6299999952316284,1.625,1.6299999952316284,426,0.0,0.0
2024-10-22 14:12:00-04:00,1.628000020980835,1.628000020980835,1.628000020980835,1.628000020980835,328,0.0,0.0
2024-10-22 14:13:00-04:00,1.6299999952316284,1.6299999952316284,1.6299999952316284,1.6299999952316284,411,0.0,0.0
2024-10-22 14:14:00-04:00,1.624500036239624,1.624500036239624,1.624500036239624,1.624500036239624,1900,0.0,0.0
2024-10-22 14:15:00-04:00,1.6298999786376953,1.6298999786376953,1.6246000528335571,1.6246000528335571,2300,0.0,0.0
2024-10-22 14:16:00-04:00,1.625,1.6299999952316284,1.6200000047683716,1.6299999952316284,1312,0.0,0.0
2024-10-22 14:17:00-04:00,1.625,1.6299999952316284,1.625,1.625,345,0.0,0.0
2024-10-22 14:18:00-04:00,1.625,1.625,1.625,1.625,217,0.0,0.0
2024-10-22 14:19:00-04:00,1.625,1.6299999952316284,1.625,1.6299999952316284,400,0.0,0.0
2024-10-22 14:20:00-04:00,1.625,1.625,1.6200000047683716,1.625,7981,0.0,0.0
2024-10-22 14:23:00-04:00,1.6299999952316284,1.6299999952316284,1.625,1.6299999952316284,3731,0.0,0.0
2024-10-22 14:24:00-04:00,1.625,1.6299999952316284,1.625,1.6299999952316284,303,0.0,0.0
2024-10-22 14:25:00-04:00,1.6200000047683716,1.6200000047683716,1.6200000047683716,1.6200000047683716,121,0.0,0.0
2024-10-22 14:27:00-04:00,1.628999948501587,1.6299999952316284,1.628999948501587,1.6299999952316284,999,0.0,0.0
2024-10-22 14:30:00-04:00,1.6282000541687012,1.6299999952316284,1.6282000541687012,1.6299999952316284,462,0.0,0.0
2024-10-22 14:33:00-04:00,1.6200000047683716,1.6299999952316284,1.6200000047683716,1.6296000480651855,1200,0.0,0.0
2024-10-22 14:34:00-04:00,1.625,1.625,1.6200000047683716,1.6200000047683716,389,0.0,0.0
2024-10-22 14:35:00-04:00,1.6299999952316284,1.6299999952316284,1.6299999952316284,1.6299999952316284,523,0.0,0.0
2024-10-22 14:36:00-04:00,1.6299999952316284,1.6299999952316284,1.6299999952316284,1.6299999952316284,306,0.0,0.0
2024-10-22 14:37:00-04:00,1.628000020980835,1.628000020980835,1.6200000047683716,1.6200000047683716,410,0.0,0.0
2024-10-22 14:39:00-04:00,1.6299999952316284,1.6299999952316284,1.6299999952316284,1.6299999952316284,131,0.0,0.0
2024-10-22 14:40:00-04:00,1.6299999952316284,1.6299999952316284,1.628000020980835,1.628000020980835,521,0.0,0.0
2024-10-22 14:43:00-04:00,1.6201000213623047,1.6201000213623047,1.6200000047683716,1.6200000047683716,279,0.0,0.0
2024-10-22 14:45:00-04:00,1.628000020980835,1.6299999952316284,1.625,1.6299999952316284,1075,0.0,0.0
2024-10-22 14:46:00-04:00,1.6200000047683716,1.6200000047683716,1.6200000047683716,1.6200000047683716,131,0.0,0.0
2024-10-22 14:47:00-04:00,1.6299999952316284,1.6299999952316284,1.6299999952316284,1.6299999952316284,107,0.0,0.0
2024-10-22 14:48:00-04:00,1.625,1.625,1.6200000047683716,1.6200000047683716,309,0.0,0.0
2024-10-22 14:49:00-04:00,1.6256999969482422,1.6256999969482422,1.6256999969482422,1.6256999969482422,177,0.0,0.0
2024-10-22 14:50:00-04:00,1.6299999952316284,1.6299999952316284,1.625,1.625,691,0.0,0.0
2024-10-22 14:51:00-04:00,1.625,1.625,1.625,1.625,2501,0.0,0.0
2024-10-22 14:52:00-04:00,1.6299999952316284,1.6299999952316284,1.6200000047683716,1.6200000047683716,595,0.0,0.0
2024-10-22 14:53:00-04:00,1.628000020980835,1.628000020980835,1.6200000047683716,1.6200000047683716,628,0.0,0.0
2024-10-22 14:55:00-04:00,1.625,1.625,1.625,1.625,100,0.0,0.0
2024-10-22 14:56:00-04:00,1.6299999952316284,1.6299999952316284,1.625,1.625,943,0.0,0.0
2024-10-22 14:57:00-04:00,1.625,1.6299999952316284,1.625,1.6299999952316284,465,0.0,0.0
2024-10-22 14:58:00-04:00,1.625,1.6299999952316284,1.625,1.6299999952316284,2152,0.0,0.0
2024-10-22 14:59:00-04:00,1.625,1.625,1.625,1.625,257,0.0,0.0
2024-10-22 15:00:00-04:00,1.628000020980835,1.628000020980835,1.628000020980835,1.628000020980835,300,0.0,0.0
2024-10-22 15:01:00-04:00,1.6299999952316284,1.6299999952316284,1.625,1.625,211,0.0,0.0
2024-10-22 15:02:00-04:00,1.625,1.625,1.625,1.625,2346,0.0,0.0
2024-10-22 15:03:00-04:00,1.625,1.625,1.625,1.625,113,0.0,0.0
2024-10-22 15:04:00-04:00,1.625,1.6299999952316284,1.625,1.6299999952316284,2357,0.0,0.0
2024-10-22 15:06:00-04:00,1.628000020980835,1.628000020980835,1.625,1.625,2864,0.0,0.0
2024-10-22 15:07:00-04:00,1.625,1.6299999952316284,1.625,1.6299999952316284,225,0.0,0.0
2024-10-22 15:08:00-04:00,1.628000020980835,1.628000020980835,1.625,1.625,408,0.0,0.0
2024-10-22 15:09:00-04:00,1.625,1.625,1.625,1.625,233,0.0,0.0
2024-10-22 15:10:00-04:00,1.6299999952316284,1.6299999952316284,1.6200000047683716,1.625,489,0.0,0.0
2024-10-22 15:11:00-04:00,1.625,1.625,1.625,1.625,212,0.0,0.0
2024-10-22 15:12:00-04:00,1.6299999952316284,1.6299999952316284,1.628000020980835,1.6299999952316284,925,0.0,0.0
2024-10-22 15:13:00-04:00,1.625,1.625,1.625,1.625,204,0.0,0.0
2024-10-22 15:14:00-04:00,1.625,1.625,1.625,1.625,317,0.0,0.0
2024-10-22 15:16:00-04:00,1.628000020980835,1.628000020980835,1.625,1.625,508,0.0,0.0
2024-10-22 15:17:00-04:00,1.6200000047683716,1.6299999952316284,1.6200000047683716,1.6299999952316284,350,0.0,0.0
2024-10-22 15:18:00-04:00,1.628000020980835,1.6299999952316284,1.628000020980835,1.6299999952316284,300,0.0,0.0
2024-10-22 15:19:00-04:00,1.625,1.625,1.625,1.625,298,0.0,0.0
2024-10-22 15:21:00-04:00,1.6200000047683716,1.6200000047683716,1.6200000047683716,1.6200000047683716,112,0.0,0.0
2024-10-22 15:22:00-04:00,1.625,1.625,1.625,1.625,532,0.0,0.0
2024-10-22 15:23:00-04:00,1.625,1.6283999681472778,1.625,1.625,500,0.0,0.0
2024-10-22 15:25:00-04:00,1.625,1.6299999952316284,1.625,1.6299999952316284,501,0.0,0.0
2024-10-22 15:26:00-04:00,1.625,1.625,1.625,1.625,402,0.0,0.0
2024-10-22 15:29:00-04:00,1.625,1.625,1.625,1.625,396,0.0,0.0
2024-10-22 15:30:00-04:00,1.6200000047683716,1.6200000047683716,1.6200000047683716,1.6200000047683716,317,0.0,0.0
2024-10-22 15:31:00-04:00,1.628000020980835,1.628000020980835,1.628000020980835,1.628000020980835,385,0.0,0.0
2024-10-22 15:32:00-04:00,1.6299999952316284,1.6299999952316284,1.625,1.625,358,0.0,0.0
2024-10-22 15:33:00-04:00,1.625,1.625,1.625,1.625,237,0.0,0.0
2024-10-22 15:34:00-04:00,1.628000020980835,1.6299999952316284,1.628000020980835,1.6299999952316284,485,0.0,0.0
2024-10-22 15:35:00-04:00,1.625,1.625,1.6200000047683716,1.625,1432,0.0,0.0
2024-10-22 15:37:00-04:00,1.625,1.625,1.625,1.625,136,0.0,0.0
2024-10-22 15:38:00-04:00,1.625,1.625,1.625,1.625,270,0.0,0.0
2024-10-22 15:39:00-04:00,1.625,1.6292999982833862,1.625,1.625,963,0.0,0.0
2024-10-22 15:40:00-04:00,1.625,1.625,1.6200000047683716,1.625,2975,0.0,0.0
2024-10-22 15:41:00-04:00,1.625,1.625,1.625,1.625,9286,0.0,0.0
2024-10-22 15:42:00-04:00,1.625,1.6299999952316284,1.6200000047683716,1.625,31427,0.0,0.0
2024-10-22 15:43:00-04:00,1.625,1.625,1.6200000047683716,1.6200000047683716,1031,0.0,0.0
2024-10-22 15:44:00-04:00,1.625,1.625,1.6200000047683716,1.6200000047683716,1442,0.0,0.0
2024-10-22 15:45:00-04:00,1.625,1.625,1.6200000047683716,1.6200000047683716,457,0.0,0.0
2024-10-22 15:46:00-04:00,1.6200000047683716,1.625,1.6200000047683716,1.625,6491,0.0,0.0
2024-10-22 15:47:00-04:00,1.6200000047683716,1.6299999952316284,1.6200000047683716,1.625,21099,0.0,0.0
2024-10-22 15:48:00-04:00,1.625,1.6299999952316284,1.6200000047683716,1.6200000047683716,1614,0.0,0.0
2024-10-22 15:49:00-04:00,1.625,1.6299999952316284,1.6200000047683716,1.625,2015,0.0,0.0
2024-10-22 15:50:00-04:00,1.6299999952316284,1.6299999952316284,1.6200000047683716,1.6200000047683716,24880,0.0,0.0
2024-10-22 15:51:00-04:00,1.625,1.6299999952316284,1.6200000047683716,1.625,4287,0.0,0.0
2024-10-22 15:52:00-04:00,1.6298999786376953,1.6299999952316284,1.6200000047683716,1.625,2889,0.0,0.0
2024-10-22 15:53:00-04:00,1.628000020980835,1.6299999952316284,1.625,1.625,8219,0.0,0.0
2024-10-22 15:54:00-04:00,1.625,1.6299999952316284,1.6200000047683716,1.625,19095,0.0,0.0
2024-10-22 15:55:00-04:00,1.6299999952316284,1.6299999952316284,1.6200000047683716,1.6299999952316284,26580,0.0,0.0
2024-10-22 15:56:00-04:00,1.6299999952316284,1.6299999952316284,1.6200000047683716,1.6299999952316284,11549,0.0,0.0
2024-10-22 15:57:00-04:00,1.6299999952316284,1.6299999952316284,1.6200000047683716,1.6200000047683716,12117,0.0,0.0
2024-10-22 15:58:00-04:00,1.6299999952316284,1.6299999952316284,1.6200000047683716,1.6200000047683716,6054,0.0,0.0
2024-10-22 15:59:00-04:00,1.625,1.6299999952316284,1.6200000047683716,1.6299999952316284,63752,0.0,0.0
2024-10-23 09:30:00-04:00,1.6200000047683716,1.625,1.6200000047683716,1.625,22771,0.0,0.0
2024-10-23 09:31:00-04:00,1.6200000047683716,1.6200000047683716,1.6150000095367432,1.6150000095367432,47351,0.0,0.0
2024-10-23 09:32:00-04:00,1.6100000143051147,1.6100000143051147,1.6100000143051147,1.6100000143051147,43484,0.0,0.0
2024-10-23 09:33:00-04:00,1.6100000143051147,1.6119999885559082,1.6100000143051147,1.6119999885559082,2167,0.0,0.0
2024-10-23 09:34:00-04:00,1.6100000143051147,1.6150000095367432,1.6100000143051147,1.6100000143051147,2613,0.0,0.0
2024-10-23 09:35:00-04:00,1.6100000143051147,1.6100000143051147,1.6100000143051147,1.6100000143051147,221,0.0,0.0
2024-10-23 09:36:00-04:00,1.6150000095367432,1.625,1.6150000095367432,1.625,16399,0.0,0.0
2024-10-23 09:37:00-04:00,1.625,1.6299999952316284,1.625,1.6299999952316284,22520,0.0,0.0
2024-10-23 09:38:00-04:00,1.628600001335144,1.628600001335144,1.628600001335144,1.628600001335144,601,0.0,0.0
2024-10-23 09:42:00-04:00,1.6299999952316284,1.6299999952316284,1.628000020980835,1.628000020980835,5257,0.0,0.0
2024-10-23 09:44:00-04:00,1.625,1.625,1.625,1.625,349,0.0,0.0
2024-10-23 09:46:00-04:00,1.625,1.625,1.625,1.625,1302,0.0,0.0
2024-10-23 09:47:00-04:00,1.62090003490448,1.62090003490448,1.62090003490448,1.62090003490448,450,0.0,0.0
2024-10-23 09:48:00-04:00,1.625,1.625,1.625,1.625,242,0.0,0.0
2024-10-23 09:50:00-04:00,1.6200000047683716,1.6200000047683716,1.6200000047683716,1.6200000047683716,720,0.0,0.0
2024-10-23 09:51:00-04:00,1.6200000047683716,1.6200000047683716,1.6200000047683716,1.6200000047683716,2711,0.0,0.0
2024-10-23 09:52:00-04:00,1.6200000047683716,1.625,1.6180000305175781,1.6200000047683716,11013,0.0,0.0
2024-10-23 09:53:00-04:00,1.6150000095367432,1.6200000047683716,1.6150000095367432,1.6200000047683716,250,0.0,0.0
2024-10-23 09:55:00-04:00,1.6200000047683716,1.6200000047683716,1.6150000095367432,1.6150000095367432,3124,0.0,0.0
2024-10-23 09:57:00-04:00,1.6150000095367432,1.6200000047683716,1.6150000095367432,1.6150000095367432,3943,0.0,0.0
2024-10-23 09:58:00-04:00,1.6150000095367432,1.6150000095367432,1.6150000095367432,1.6150000095367432,339,0.0,0.0
2024-10-23 10:00:00-04:00,1.6150000095367432,1.6150000095367432,1.6150000095367432,1.6150000095367432,246,0.0,0.0
2024-10-23 10:01:00-04:00,1.6150000095367432,1.6150000095367432,1.6100000143051147,1.6150000095367432,100279,0.0,0.0
2024-10-23 10:02:00-04:00,1.6150000095367432,1.6150000095367432,1.6100000143051147,1.6100000143051147,217107,0.0,0.0
2024-10-23 10:03:00-04:00,1.618399977684021,1.618399977684021,1.600000023841858,1.6050000190734863,216951,0.0,0.0
2024-10-23 10:04:00-04:00,1.6100000143051147,1.6100000143051147,1.6050000190734863,1.6050000190734863,330,0.0,0.0
2024-10-23 10:05:00-04:00,1.6050000190734863,1.6057000160217285,1.6050000190734863,1.6050000190734863,4075,0.0,0.0
2024-10-23 10:06:00-04:00,1.6050000190734863,1.6050000190734863,1.6050000190734863,1.6050000190734863,224,0.0,0.0
2024-10-23 10:07:00-04:00,1.6050000190734863,1.6100000143051147,1.6050000190734863,1.6050000190734863,71704,0.0,0.0
2024-10-23 10:08:00-04:00,1.6050000190734863,1.6100000143051147,1.6019999980926514,1.6100000143051147,6529,0.0,0.0
2024-10-23 10:10:00-04:00,1.6050000190734863,1.6050000190734863,1.6050000190734863,1.6050000190734863,3810,0.0,0.0
2024-10-23 10:11:00-04:00,1.6050000190734863,1.6050000190734863,1.6050000190734863,1.6050000190734863,2603,0.0,0.0
2024-10-23 10:12:00-04:00,1.6050000190734863,1.6100000143051147,1.6050000190734863,1.6050000190734863,19133,0.0,0.0
2024-10-23 10:13:00-04:00,1.6050000190734863,1.6050000190734863,1.6050000190734863,1.6050000190734863,1391,0.0,0.0
2024-10-23 10:14:00-04:00,1.6050000190734863,1.6100000143051147,1.6050000190734863,1.6089999675750732,38901,0.0,0.0
2024-10-23 10:15:00-04:00,1.6050000190734863,1.6097999811172485,1.6050000190734863,1.6050000190734863,41542,0.0,0.0
2024-10-23 10:16:00-04:00,1.6050000190734863,1.6050000190734863,1.6050000190734863,1.6050000190734863,959,0.0,0.0
2024-10-23 10:17:00-04:00,1.6050000190734863,1.6050000190734863,1.6050000190734863,1.6050000190734863,823,0.0,0.0
2024-10-23 10:18:00-04:00,1.6050000190734863,1.6089999675750732,1.6050000190734863,1.6050000190734863,53056,0.0,0.0
2024-10-23 10:19:00-04:00,1.6050000190734863,1.6089999675750732,1.6050000190734863,1.6050000190734863,53467,0.0,0.0
2024-10-23 10:20:00-04:00,1.6050000190734863,1.6150000095367432,1.6050000190734863,1.6150000095367432,107576,0.0,0.0
2024-10-23 10:21:00-04:00,1.6123000383377075,1.6150000095367432,1.6123000383377075,1.6150000095367432,7600,0.0,0.0
2024-10-23 10:22:00-04:00,1.6200000047683716,1.6200000047683716,1.6150000095367432,1.6150000095367432,4275,0.0,0.0
2024-10-23 10:23:00-04:00,1.6200000047683716,1.6298999786376953,1.6150000095367432,1.625,77884,0.0,0.0
2024-10-23 10:26:00-04:00,1.625,1.625,1.6200000047683716,1.6200000047683716,18765,0.0,0.0
2024-10-23 10:27:00-04:00,1.6200000047683716,1.625,1.6200000047683716,1.6200000047683716,11356,0.0,0.0
2024-10-23 10:28:00-04:00,1.6200000047683716,1.6260000467300415,1.6100000143051147,1.6150000095367432,60627,0.0,0.0
2024-10-23 10:29:00-04:00,1.6150000095367432,1.6150000095367432,1.6150000095367432,1.6150000095367432,222,0.0,0.0
2024-10-23 10:30:00-04:00,1.6150000095367432,1.6150000095367432,1.6150000095367432,1.6150000095367432,211,0.0,0.0
2024-10-23 10:31:00-04:00,1.6180000305175781,1.6200000047683716,1.6150000095367432,1.6198999881744385,34614,0.0,0.0
2024-10-23 10:33:00-04:00,1.6150000095367432,1.6150000095367432,1.6150000095367432,1.6150000095367432,511,0.0,0.0
2024-10-23 10:34:00-04:00,1.6150000095367432,1.6150000095367432,1.6150000095367432,1.6150000095367432,700,0.0,0.0
2024-10-23 10:35:00-04:00,1.6150000095367432,1.6200000047683716,1.6150000095367432,1.6150000095367432,8610,0.0,0.0
2024-10-23 10:36:00-04:00,1.6150000095367432,1.6150000095367432,1.6150000095367432,1.6150000095367432,967,0.0,0.0
2024-10-23 10:37:00-04:00,1.6150000095367432,1.6150000095367432,1.6150000095367432,1.6150000095367432,848,0.0,0.0
2024-10-23 10:38:00-04:00,1.6150000095367432,1.6150000095367432,1.6116000413894653,1.6150000095367432,1516,0.0,0.0
2024-10-23 10:39:00-04:00,1.6150000095367432,1.6200000047683716,1.6150000095367432,1.6150000095367432,2760,0.0,0.0
2024-10-23 10:40:00-04:00,1.6150000095367432,1.6150000095367432,1.6150000095367432,1.6150000095367432,613,0.0,0.0
2024-10-23 10:41:00-04:00,1.6150000095367432,1.6200000047683716,1.6150000095367432,1.6150000095367432,5987,0.0,0.0
2024-10-23 10:42:00-04:00,1.6150000095367432,1.6150000095367432,1.6150000095367432,1.6150000095367432,2264,0.0,0.0
2024-10-23 10:44:00-04:00,1.6150000095367432,1.6150000095367432,1.6150000095367432,1.6150000095367432,487,0.0,0.0
2024-10-23 10:45:00-04:00,1.6150000095367432,1.6150000095367432,1.6150000095367432,1.6150000095367432,418,0.0,0.0
2024-10-23 10:46:00-04:00,1.6150000095367432,1.6150000095367432,1.6150000095367432,1.6150000095367432,4535,0.0,0.0
2024-10-23 10:47:00-04:00,1.6150000095367432,1.6150000095367432,1.6100000143051147,1.6100000143051147,7239,0.0,0.0
2024-10-23 10:48:00-04:00,1.6100000143051147,1.6100000143051147,1.6100000143051147,1.6100000143051147,6126,0.0,0.0
2024-10-23 10:49:00-04:00,1.6100000143051147,1.6100000143051147,1.6100000143051147,1.6100000143051147,3506,0.0,0.0
2024-10-23 10:50:00-04:00,1.6100000143051147,1.6180000305175781,1.6100000143051147,1.6100000143051147,1016,0.0,0.0
2024-10-23 10:51:00-04:00,1.6100000143051147,1.6200000047683716,1.6100000143051147,1.6100000143051147,6463,0.0,0.0
2024-10-23 10:52:00-04:00,1.6100000143051147,1.6100000143051147,1.6100000143051147,1.6100000143051147,107553,0.0,0.0
2024-10-23 10:53:00-04:00,1.6100000143051147,1.6100000143051147,1.6100000143051147,1.6100000143051147,705,0.0,0.0
2024-10-23 10:54:00-04:00,1.6100000143051147,1.6100000143051147,1.6100000143051147,1.6100000143051147,4502,0.0,0.0
2024-10-23 10:55:00-04:00,1.6100000143051147,1.6100000143051147,1.6100000143051147,1.6100000143051147,2322,0.0,0.0
2024-10-23 10:56:00-04:00,1.6100000143051147,1.6100000143051147,1.6100000143051147,1.6100000143051147,1427,0.0,0.0
2024-10-23 10:57:00-04:00,1.6100000143051147,1.610200047492981,1.6100000143051147,1.6100000143051147,33695,0.0,0.0
2024-10-23 10:58:00-04:00,1.6100000143051147,1.6150000095367432,1.6100000143051147,1.6100000143051147,35363,0.0,0.0
2024-10-23 10:59:00-04:00,1.6100000143051147,1.6100000143051147,1.6100000143051147,1.6100000143051147,1874,0.0,0.0
2024-10-23 11:00:00-04:00,1.6100000143051147,1.6100000143051147,1.6100000143051147,1.6100000143051147,666,0.0,0.0
2024-10-23 11:01:00-04:00,1.6100000143051147,1.6100000143051147,1.6100000143051147,1.6100000143051147,302,0.0,0.0
2024-10-23 11:02:00-04:00,1.6100000143051147,1.6150000095367432,1.6100000143051147,1.6100000143051147,617,0.0,0.0
2024-10-23 11:03:00-04:00,1.6150000095367432,1.6150000095367432,1.6100000143051147,1.6100000143051147,8112,0.0,0.0
2024-10-23 11:04:00-04:00,1.6100000143051147,1.6100000143051147,1.6100000143051147,1.6100000143051147,705,0.0,0.0
2024-10-23 11:05:00-04:00,1.6100000143051147,1.6100000143051147,1.6100000143051147,1.6100000143051147,50763,0.0,0.0
2024-10-23 11:06:00-04:00,1.6100000143051147,1.6150000095367432,1.6100000143051147,1.6150000095367432,1063,0.0,0.0
2024-10-23 11:07:00-04:00,1.6100000143051147,1.6150000095367432,1.6100000143051147,1.6150000095367432,31978,0.0,0.0
2024-10-23 11:08:00-04:00,1.6100000143051147,1.6150000095367432,1.6100000143051147,1.6150000095367432,643,0.0,0.0
2024-10-23 11:09:00-04:00,1.6150000095367432,1.6150000095367432,1.6150000095367432,1.6150000095367432,1747,0.0,0.0
2024-10-23 11:10:00-04:00,1.6150000095367432,1.6150000095367432,1.6150000095367432,1.6150000095367432,1355,0.0,0.0
2024-10-23 11:11:00-04:00,1.6150000095367432,1.6200000047683716,1.6150000095367432,1.6150000095367432,21216,0.0,0.0
2024-10-23 11:12:00-04:00,1.6150000095367432,1.6150000095367432,1.6150000095367432,1.6150000095367432,497,0.0,0.0
2024-10-23 11:13:00-04:00,1.6150000095367432,1.6150000095367432,1.6150000095367432,1.6150000095367432,719,0.0,0.0
2024-10-23 11:14:00-04:00,1.6150000095367432,1.6150000095367432,1.6150000095367432,1.6150000095367432,643,0.0,0.0
2024-10-23 11:15:00-04:00,1.6150000095367432,1.6200000047683716,1.6150000095367432,1.6200000047683716,8434,0.0,0.0
2024-10-23 11:16:00-04:00,1.6150000095367432,1.6150000095367432,1.6150000095367432,1.6150000095367432,690,0.0,0.0
2024-10-23 11:17:00-04:00,1.6150000095367432,1.6150000095367432,1.6150000095367432,1.6150000095367432,702,0.0,0.0
2024-10-23 11:18:00-04:00,1.6150000095367432,1.6150000095367432,1.6150000095367432,1.6150000095367432,511,0.0,0.0
2024-10-23 11:19:00-04:00,1.6150000095367432,1.6150000095367432,1.6100000143051147,1.6100000143051147,52132,0.0,0.0
2024-10-23 11:20:00-04:00,1.6100000143051147,1.6100000143051147,1.6100000143051147,1.6100000143051147,3452,0.0,0.0
2024-10-23 11:21:00-04:00,1.6100000143051147,1.6100000143051147,1.6100000143051147,1.6100000143051147,2122,0.0,0.0
2024-10-23 11:22:00-04:00,1.6100000143051147,1.6150000095367432,1.6100000143051147,1.6100000143051147,1100,0.0,0.0
2024-10-23 11:23:00-04:00,1.6100000143051147,1.6100000143051147,1.6050000190734863,1.6050000190734863,133876,0.0,0.0
2024-10-23 11:24:00-04:00,1.6050000190734863,1.6050000190734863,1.6050000190734863,1.6050000190734863,426,0.0,0.0
2024-10-23 11:25:00-04:00,1.6050000190734863,1.6050000190734863,1.6050000190734863,1.6050000190734863,708,0.0,0.0
2024-10-23 11:26:00-04:00,1.6050000190734863,1.6050000190734863,1.6050000190734863,1.6050000190734863,439,0.0,0.0
2024-10-23 11:27:00-04:00,1.6085000038146973,1.6100000143051147,1.600000023841858,1.6050000190734863,65779,0.0,0.0
2024-10-23 11:28:00-04:00,1.6050000190734863,1.6100000143051147,1.6039999723434448,1.6039999723434448,62375,0.0,0.0
2024-10-23 11:29:00-04:00,1.600000023841858,1.6100000143051147,1.600000023841858,1.6050000190734863,7925,0.0,0.0
2024-10-23 11:30:00-04:00,1.6050000190734863,1.6100000143051147,1.6050000190734863,1.6100000143051147,6666,0.0,0.0
2024-10-23 11:31:00-04:00,1.6050000190734863,1.6050000190734863,1.6050000190734863,1.6050000190734863,580,0.0,0.0
2024-10-23 11:32:00-04:00,1.6050000190734863,1.6050000190734863,1.6050000190734863,1.6050000190734863,584,0.0,0.0
2024-10-23 11:33:00-04:00,1.6050000190734863,1.6100000143051147,1.6050000190734863,1.6100000143051147,21636,0.0,0.0
2024-10-23 11:34:00-04:00,1.6100000143051147,1.6100000143051147,1.6100000143051147,1.6100000143051147,228,0.0,0.0
2024-10-23 11:35:00-04:00,1.6100000143051147,1.6150000095367432,1.6100000143051147,1.6150000095367432,42583,0.0,0.0
2024-10-23 11:37:00-04:00,1.6139999628067017,1.6150000095367432,1.6139999628067017,1.6150000095367432,1479,0.0,0.0
2024-10-23 11:38:00-04:00,1.6150000095367432,1.6150000095367432,1.6150000095367432,1.6150000095367432,1250,0.0,0.0
2024-10-23 11:39:00-04:00,1.6150000095367432,1.6150000095367432,1.6150000095367432,1.6150000095367432,14419,0.0,0.0
2024-10-23 11:41:00-04:00,1.6150000095367432,1.6150000095367432,1.6150000095367432,1.6150000095367432,1932,0.0,0.0
2024-10-23 11:44:00-04:00,1.6150000095367432,1.6150000095367432,1.6050000190734863,1.6050000190734863,171423,0.0,0.0
2024-10-23 11:45:00-04:00,1.6050000190734863,1.6050000190734863,1.6050000190734863,1.6050000190734863,4520,0.0,0.0
2024-10-23 11:49:00-04:00,1.600000023841858,1.6100000143051147,1.600000023841858,1.6100000143051147,33380,0.0,0.0
2024-10-23 11:50:00-04:00,1.6100000143051147,1.6100000143051147,1.6098999977111816,1.6098999977111816,223,0.0,0.0
2024-10-23 11:52:00-04:00,1.6055999994277954,1.6100000143051147,1.6055999994277954,1.6064000129699707,9058,0.0,0.0
2024-10-23 11:54:00-04:00,1.6100000143051147,1.6100000143051147,1.6100000143051147,1.6100000143051147,8846,0.0,0.0
2024-10-23 11:55:00-04:00,1.6050000190734863,1.6100000143051147,1.6050000190734863,1.6100000143051147,1000,0.0,0.0
2024-10-23 11:56:00-04:00,1.6050000190734863,1.6050000190734863,1.6050000190734863,1.6050000190734863,667,0.0,0.0
2024-10-23 11:57:00-04:00,1.6050000190734863,1.6050000190734863,1.6050000190734863,1.6050000190734863,807,0.0,0.0
2024-10-23 11:58:00-04:00,1.6050000190734863,1.6050000190734863,1.6050000190734863,1.6050000190734863,907,0.0,0.0
2024-10-23 11:59:00-04:00,1.6050000190734863,1.6100000143051147,1.6050000190734863,1.6100000143051147,3940,0.0,0.0
2024-10-23 12:00:00-04:00,1.6050000190734863,1.6050000190734863,1.6050000190734863,1.6050000190734863,640,0.0,0.0
2024-10-23 12:01:00-04:00,1.6050000190734863,1.6050000190734863,1.6050000190734863,1.6050000190734863,485,0.0,0.0
2024-10-23 12:02:00-04:00,1.6050000190734863,1.6050000190734863,1.6050000190734863,1.6050000190734863,529,0.0,0.0
2024-10-23 12:03:00-04:00,1.6023999452590942,1.6050000190734863,1.600000023841858,1.600000023841858,8328,0.0,0.0
2024-10-23 12:04:00-04:00,1.6096999645233154,1.6098999977111816,1.6050000190734863,1.6050000190734863,9358,0.0,0.0
2024-10-23 12:05:00-04:00,1.6050000190734863,1.6100000143051147,1.600000023841858,1.600000023841858,7816,0.0,0.0
2024-10-23 12:06:00-04:00,1.6062999963760376,1.6062999963760376,1.600000023841858,1.600000023841858,3175,0.0,0.0
2024-10-23 12:07:00-04:00,1.6050000190734863,1.6050000190734863,1.600000023841858,1.6050000190734863,759,0.0,0.0
2024-10-23 12:08:00-04:00,1.600000023841858,1.6050000190734863,1.600000023841858,1.6050000190734863,431,0.0,0.0
2024-10-23 12:09:00-04:00,1.600000023841858,1.6100000143051147,1.600000023841858,1.600000023841858,7859,0.0,0.0
2024-10-23 12:10:00-04:00,1.6050000190734863,1.6050000190734863,1.600000023841858,1.6050000190734863,646,0.0,0.0
2024-10-23 12:11:00-04:00,1.600000023841858,1.6050000190734863,1.600000023841858,1.6050000190734863,492,0.0,0.0
2024-10-23 12:12:00-04:00,1.6050000190734863,1.6050000190734863,1.600000023841858,1.600000023841858,724,0.0,0.0
2024-10-23 12:13:00-04:00,1.6050000190734863,1.6050000190734863,1.600000023841858,1.6050000190734863,807,0.0,0.0
2024-10-23 12:14:00-04:00,1.6050000190734863,1.6100000143051147,1.600000023841858,1.6050000190734863,2666,0.0,0.0
2024-10-23 12:15:00-04:00,1.6050000190734863,1.6061999797821045,1.600000023841858,1.6050000190734863,784,0.0,0.0
2024-10-23 12:16:00-04:00,1.6050000190734863,1.6050000190734863,1.600000023841858,1.6050000190734863,719,0.0,0.0
2024-10-23 12:17:00-04:00,1.6050000190734863,1.6050000190734863,1.600000023841858,1.600000023841858,490,0.0,0.0
2024-10-23 12:18:00-04:00,1.600000023841858,1.6097999811172485,1.600000023841858,1.608299970626831,1388,0.0,0.0
2024-10-23 12:19:00-04:00,1.6050000190734863,1.6050000190734863,1.600000023841858,1.6050000190734863,1551,0.0,0.0
2024-10-23 12:20:00-04:00,1.6050000190734863,1.6100000143051147,1.600000023841858,1.6100000143051147,1026,0.0,0.0
2024-10-23 12:21:00-04:00,1.6100000143051147,1.6100000143051147,1.600000023841858,1.6100000143051147,957,0.0,0.0
2024-10-23 12:22:00-04:00,1.6100000143051147,1.6100000143051147,1.600000023841858,1.6100000143051147,6487,0.0,0.0
2024-10-23 12:23:00-04:00,1.6100000143051147,1.6100000143051147,1.6050000190734863,1.6059000492095947,3362,0.0,0.0
2024-10-23 12:24:00-04:00,1.6050000190734863,1.6100000143051147,1.6050000190734863,1.6050000190734863,1952,0.0,0.0
2024-10-23 12:25:00-04:00,1.6100000143051147,1.6100000143051147,1.6050000190734863,1.6100000143051147,6723,0.0,0.0
2024-10-23 12:26:00-04:00,1.6100000143051147,1.6100000143051147,1.6100000143051147,1.6100000143051147,1578,0.0,0.0
2024-10-23 12:27:00-04:00,1.6100000143051147,1.6100000143051147,1.6050000190734863,1.6100000143051147,1888,0.0,0.0
2024-10-23 12:28:00-04:00,1.6100000143051147,1.6100000143051147,1.6100000143051147,1.6100000143051147,1871,0.0,0.0
2024-10-23 12:29:00-04:00,1.6100000143051147,1.6100000143051147,1.6100000143051147,1.6100000143051147,1109,0.0,0.0
2024-10-23 12:30:00-04:00,1.6100000143051147,1.6100000143051147,1.6050000190734863,1.6050000190734863,1782,0.0,0.0
2024-10-23 12:31:00-04:00,1.6059999465942383,1.6059999465942383,1.6059999465942383,1.6059999465942383,1500,0.0,0.0
2024-10-23 12:32:00-04:00,1.6100000143051147,1.6100000143051147,1.6050000190734863,1.6050000190734863,2877,0.0,0.0
2024-10-23 12:34:00-04:00,1.6050000190734863,1.6050000190734863,1.600100040435791,1.600100040435791,577,0.0,0.0
2024-10-23 12:35:00-04:00,1.6050000190734863,1.6050000190734863,1.6039999723434448,1.6039999723434448,2004,0.0,0.0
2024-10-23 12:36:00-04:00,1.6050000190734863,1.6050000190734863,1.6050000190734863,1.6050000190734863,110,0.0,0.0
2024-10-23 12:37:00-04:00,1.6050000190734863,1.6050000190734863,1.6050000190734863,1.6050000190734863,243,0.0,0.0
2024-10-23 12:38:00-04:00,1.6050000190734863,1.6100000143051147,1.6050000190734863,1.6100000143051147,1245,0.0,0.0
2024-10-23 12:39:00-04:00,1.6050000190734863,1.6100000143051147,1.6050000190734863,1.6100000143051147,6785,0.0,0.0
2024-10-23 12:40:00-04:00,1.6100000143051147,1.6100000143051147,1.600100040435791,1.6100000143051147,2911,0.0,0.0
2024-10-23 12:41:00-04:00,1.6100000143051147,1.6100000143051147,1.6050000190734863,1.6050000190734863,1388,0.0,0.0
2024-10-23 12:42:00-04:00,1.6100000143051147,1.6100000143051147,1.6100000143051147,1.6100000143051147,114,0.0,0.0
2024-10-23 12:43:00-04:00,1.6100000143051147,1.6150000095367432,1.6100000143051147,1.6150000095367432,57309,0.0,0.0
2024-10-23 12:44:00-04:00,1.6150000095367432,1.6150000095367432,1.6150000095367432,1.6150000095367432,4692,0.0,0.0
2024-10-23 12:45:00-04:00,1.6150000095367432,1.6198999881744385,1.6139999628067017,1.6150000095367432,2911,0.0,0.0
2024-10-23 12:46:00-04:00,1.6150000095367432,1.6150000095367432,1.6150000095367432,1.6150000095367432,1020,0.0,0.0
2024-10-23 12:47:00-04:00,1.6150000095367432,1.6150000095367432,1.6100000143051147,1.6150000095367432,1752,0.0,0.0
2024-10-23 12:48:00-04:00,1.6150000095367432,1.6150000095367432,1.6150000095367432,1.6150000095367432,16319,0.0,0.0
2024-10-23 12:49:00-04:00,1.6150000095367432,1.6150000095367432,1.6145999431610107,1.6150000095367432,623,0.0,0.0
2024-10-23 12:50:00-04:00,1.6150000095367432,1.6150000095367432,1.6100000143051147,1.6150000095367432,3318,0.0,0.0
2024-10-23 12:51:00-04:00,1.6150000095367432,1.6150000095367432,1.6150000095367432,1.6150000095367432,725,0.0,0.0
2024-10-23 12:52:00-04:00,1.6150000095367432,1.6150000095367432,1.6150000095367432,1.6150000095367432,671,0.0,0.0
2024-10-23 12:53:00-04:00,1.6150000095367432,1.6200000047683716,1.6150000095367432,1.6150000095367432,4943,0.0,0.0
2024-10-23 12:54:00-04:00,1.6150000095367432,1.6150000095367432,1.6150000095367432,1.6150000095367432,1039,0.0,0.0
2024-10-23 12:55:00-04:00,1.6150000095367432,1.6150000095367432,1.6100000143051147,1.6150000095367432,610,0.0,0.0
2024-10-23 12:56:00-04:00,1.6150000095367432,1.6150000095367432,1.6100000143051147,1.6150000095367432,993,0.0,0.0
2024-10-23 12:57:00-04:00,1.6150000095367432,1.6150000095367432,1.6100000143051147,1.6150000095367432,649,0.0,0.0
2024-10-23 12:58:00-04:00,1.6100000143051147,1.6150000095367432,1.6100000143051147,1.6100000143051147,642,0.0,0.0
2024-10-23 12:59:00-04:00,1.6150000095367432,1.6150000095367432,1.6100000143051147,1.6150000095367432,2615,0.0,0.0
2024-10-23 13:00:00-04:00,1.6100000143051147,1.6150000095367432,1.6100000143051147,1.6100000143051147,741,0.0,0.0
2024-10-23 13:01:00-04:00,1.6150000095367432,1.6150000095367432,1.6100000143051147,1.6100000143051147,610,0.0,0.0
2024-10-23 13:02:00-04:00,1.6150000095367432,1.6150000095367432,1.6100000143051147,1.6150000095367432,2049,0.0,0.0
2024-10-23 13:03:00-04:00,1.6150000095367432,1.6150000095367432,1.6150000095367432,1.6150000095367432,675,0.0,0.0
2024-10-23 13:04:00-04:00,1.6150000095367432,1.6150000095367432,1.6150000095367432,1.6150000095367432,715,0.0,0.0
2024-10-23 13:05:00-04:00,1.6150000095367432,1.6150000095367432,1.6150000095367432,1.6150000095367432,520,0.0,0.0
2024-10-23 13:06:00-04:00,1.6150000095367432,1.6150000095367432,1.6150000095367432,1.6150000095367432,8445,0.0,0.0
2024-10-23 13:07:00-04:00,1.6150000095367432,1.6150000095367432,1.6150000095367432,1.6150000095367432,437,0.0,0.0
2024-10-23 13:08:00-04:00,1.6150000095367432,1.6150000095367432,1.6100000143051147,1.6100000143051147,730,0.0,0.0
2024-10-23 13:09:00-04:00,1.6150000095367432,1.6150000095367432,1.6150000095367432,1.6150000095367432,1827,0.0,0.0
2024-10-23 13:10:00-04:00,1.6150000095367432,1.6150000095367432,1.6150000095367432,1.6150000095367432,1352,0.0,0.0
2024-10-23 13:11:00-04:00,1.6150000095367432,1.6150000095367432,1.6150000095367432,1.6150000095367432,787,0.0,0.0
2024-10-23 13:12:00-04:00,1.6150000095367432,1.6150000095367432,1.6100000143051147,1.6150000095367432,1625,0.0,0.0
2024-10-23 13:13:00-04:00,1.6150000095367432,1.6150000095367432,1.6150000095367432,1.6150000095367432,3960,0.0,0.0
2024-10-23 13:14:00-04:00,1.6100000143051147,1.6150000095367432,1.6100000143051147,1.6150000095367432,1637,0.0,0.0
2024-10-23 13:15:00-04:00,1.6150000095367432,1.6150000095367432,1.6100000143051147,1.6150000095367432,1448,0.0,0.0
2024-10-23 13:16:00-04:00,1.6150000095367432,1.6150000095367432,1.6150000095367432,1.6150000095367432,1539,0.0,0.0
2024-10-23 13:17:00-04:00,1.6100000143051147,1.6150000095367432,1.6100000143051147,1.6150000095367432,743,0.0,0.0
2024-10-23 13:18:00-04:00,1.6150000095367432,1.6150000095367432,1.600000023841858,1.6050000190734863,60024,0.0,0.0
2024-10-23 13:19:00-04:00,1.6050000190734863,1.6050000190734863,1.6050000190734863,1.6050000190734863,240,0.0,0.0
2024-10-23 13:20:00-04:00,1.6050000190734863,1.6050000190734863,1.6050000190734863,1.6050000190734863,1807,0.0,0.0
2024-10-23 13:21:00-04:00,1.6050000190734863,1.6050000190734863,1.6050000190734863,1.6050000190734863,1003,0.0,0.0
2024-10-23 13:22:00-04:00,1.6050000190734863,1.6098999977111816,1.600000023841858,1.6050000190734863,3611,0.0,0.0
2024-10-23 13:23:00-04:00,1.6100000143051147,1.6100000143051147,1.6050000190734863,1.6050000190734863,13083,0.0,0.0
2024-10-23 13:24:00-04:00,1.6050000190734863,1.6050000190734863,1.6050000190734863,1.6050000190734863,1902,0.0,0.0
2024-10-23 13:25:00-04:00,1.600000023841858,1.6050000190734863,1.600000023841858,1.6050000190734863,2186,0.0,0.0
2024-10-23 13:26:00-04:00,1.6050000190734863,1.6100000143051147,1.600000023841858,1.6100000143051147,46351,0.0,0.0
2024-10-23 13:27:00-04:00,1.6100000143051147,1.6100000143051147,1.6050000190734863,1.6100000143051147,8485,0.0,0.0
2024-10-23 13:28:00-04:00,1.6050000190734863,1.6100000143051147,1.6050000190734863,1.6100000143051147,2106,0.0,0.0
2024-10-23 13:29:00-04:00,1.6100000143051147,1.6100000143051147,1.6050000190734863,1.6050000190734863,1275,0.0,0.0
2024-10-23 13:30:00-04:00,1.6100000143051147,1.6100000143051147,1.6050000190734863,1.6050000190734863,11828,0.0,0.0
2024-10-23 13:31:00-04:00,1.6050000190734863,1.6100000143051147,1.600000023841858,1.6050000190734863,19188,0.0,0.0
2024-10-23 13:32:00-04:00,1.6100000143051147,1.6100000143051147,1.6050000190734863,1.6050000190734863,2159,0.0,0.0
2024-10-23 13:33:00-04:00,1.6100000143051147,1.6100000143051147,1.6050000190734863,1.6050000190734863,3010,0.0,0.0
2024-10-23 13:34:00-04:00,1.6050000190734863,1.6100000143051147,1.6050000190734863,1.6100000143051147,2478,0.0,0.0
2024-10-23 13:35:00-04:00,1.6100000143051147,1.6100000143051147,1.6050000190734863,1.6100000143051147,2170,0.0,0.0
2024-10-23 13:36:00-04:00,1.6100000143051147,1.6100000143051147,1.6050000190734863,1.6100000143051147,2961,0.0,0.0
2024-10-23 13:37:00-04:00,1.6100000143051147,1.6100000143051147,1.6050000190734863,1.6100000143051147,9181,0.0,0.0
2024-10-23 13:38:00-04:00,1.6100000143051147,1.6100000143051147,1.6050000190734863,1.6100000143051147,3173,0.0,0.0
2024-10-23 13:39:00-04:00,1.6050000190734863,1.6100000143051147,1.6050000190734863,1.6050000190734863,1769,0.0,0.0
2024-10-23 13:40:00-04:00,1.6100000143051147,1.6100000143051147,1.6050000190734863,1.6050000190734863,2160,0.0,0.0
2024-10-23 13:41:00-04:00,1.6100000143051147,1.6100000143051147,1.6050000190734863,1.6100000143051147,2073,0.0,0.0
2024-10-23 13:42:00-04:00,1.6050000190734863,1.6100000143051147,1.6050000190734863,1.6050000190734863,1720,0.0,0.0
2024-10-23 13:43:00-04:00,1.6050000190734863,1.6100000143051147,1.6050000190734863,1.6100000143051147,1706,0.0,0.0
2024-10-23 13:44:00-04:00,1.6050000190734863,1.6100000143051147,1.6050000190734863,1.6050000190734863,7934,0.0,0.0
2024-10-23 13:45:00-04:00,1.6100000143051147,1.6100000143051147,1.6050000190734863,1.6100000143051147,932,0.0,0.0
2024-10-23 13:46:00-04:00,1.6050000190734863,1.6100000143051147,1.6050000190734863,1.6100000143051147,963,0.0,0.0
2024-10-23 13:47:00-04:00,1.6100000143051147,1.6100000143051147,1.6050000190734863,1.6100000143051147,1044,0.0,0.0
2024-10-23 13:48:00-04:00,1.6100000143051147,1.6100000143051147,1.6050000190734863,1.6050000190734863,844,0.0,0.0
2024-10-23 13:49:00-04:00,1.6100000143051147,1.6100000143051147,1.6050000190734863,1.6100000143051147,972,0.0,0.0
2024-10-23 13:50:00-04:00,1.6100000143051147,1.6100000143051147,1.6039999723434448,1.6050000190734863,44604,0.0,0.0
2024-10-23 13:51:00-04:00,1.6050000190734863,1.6100000143051147,1.6050000190734863,1.6100000143051147,872,0.0,0.0
2024-10-23 13:52:00-04:00,1.6050000190734863,1.6100000143051147,1.6050000190734863,1.6050000190734863,513,0.0,0.0
2024-10-23 13:53:00-04:00,1.6100000143051147,1.6100000143051147,1.6050000190734863,1.6050000190734863,769,0.0,0.0
2024-10-23 13:54:00-04:00,1.6050000190734863,1.6100000143051147,1.6050000190734863,1.6050000190734863,1337,0.0,0.0
2024-10-23 13:55:00-04:00,1.6100000143051147,1.6160000562667847,1.6050000190734863,1.6050000190734863,224244,0.0,0.0
2024-10-23 13:56:00-04:00,1.600000023841858,1.6050000190734863,1.600000023841858,1.6050000190734863,2100,0.0,0.0
2024-10-23 13:57:00-04:00,1.600000023841858,1.6050000190734863,1.600000023841858,1.6050000190734863,605,0.0,0.0
2024-10-23 13:58:00-04:00,1.600000023841858,1.6050000190734863,1.600000023841858,1.600000023841858,671,0.0,0.0
2024-10-23 13:59:00-04:00,1.6050000190734863,1.6050000190734863,1.600000023841858,1.600000023841858,608,0.0,0.0
2024-10-23 14:00:00-04:00,1.6050000190734863,1.6100000143051147,1.6050000190734863,1.6050000190734863,42027,0.0,0.0
2024-10-23 14:01:00-04:00,1.6050000190734863,1.6050000190734863,1.600000023841858,1.600000023841858,1202,0.0,0.0
2024-10-23 14:02:00-04:00,1.6050000190734863,1.6050000190734863,1.600000023841858,1.6050000190734863,1238,0.0,0.0
2024-10-23 14:03:00-04:00,1.6069999933242798,1.6069999933242798,1.600000023841858,1.600000023841858,2088,0.0,0.0
2024-10-23 14:04:00-04:00,1.6050000190734863,1.6050000190734863,1.600000023841858,1.6050000190734863,1371,0.0,0.0
2024-10-23 14:05:00-04:00,1.6050000190734863,1.6100000143051147,1.600000023841858,1.600000023841858,13045,0.0,0.0
2024-10-23 14:06:00-04:00,1.600000023841858,1.6050000190734863,1.600000023841858,1.600000023841858,1373,0.0,0.0
2024-10-23 14:07:00-04:00,1.6050000190734863,1.6050000190734863,1.600000023841858,1.600000023841858,1488,0.0,0.0
2024-10-23 14:08:00-04:00,1.600000023841858,1.6100000143051147,1.600000023841858,1.6050000190734863,5320,0.0,0.0
2024-10-23 14:09:00-04:00,1.600000023841858,1.6050000190734863,1.600000023841858,1.6050000190734863,1254,0.0,0.0
2024-10-23 14:10:00-04:00,1.600000023841858,1.6050000190734863,1.600000023841858,1.6050000190734863,1111,0.0,0.0
2024-10-23 14:11:00-04:00,1.6050000190734863,1.6100000143051147,1.600000023841858,1.600000023841858,5189,0.0,0.0
2024-10-23 14:12:00-04:00,1.600000023841858,1.6050000190734863,1.600000023841858,1.6050000190734863,1045,0.0,0.0
2024-10-23 14:13:00-04:00,1.600000023841858,1.6050000190734863,1.600000023841858,1.600000023841858,1684,0.0,0.0
2024-10-23 14:14:00-04:00,1.6050000190734863,1.6050000190734863,1.600000023841858,1.6050000190734863,620,0.0,0.0
2024-10-23 14:15:00-04:00,1.600000023841858,1.6050000190734863,1.600000023841858,1.6050000190734863,861,0.0,0.0
2024-10-23 14:16:00-04:00,1.600000023841858,1.6050000190734863,1.600000023841858,1.600000023841858,1716,0.0,0.0
2024-10-23 14:17:00-04:00,1.6050000190734863,1.6050000190734863,1.600000023841858,1.600000023841858,1680,0.0,0.0
2024-10-23 14:18:00-04:00,1.6100000143051147,1.6100000143051147,1.600000023841858,1.600000023841858,7256,0.0,0.0
2024-10-23 14:19:00-04:00,1.6050000190734863,1.6098999977111816,1.600000023841858,1.6050000190734863,5781,0.0,0.0
2024-10-23 14:20:00-04:00,1.600000023841858,1.6050000190734863,1.600000023841858,1.600000023841858,671,0.0,0.0
2024-10-23 14:21:00-04:00,1.6050000190734863,1.6050000190734863,1.600000023841858,1.6050000190734863,688,0.0,0.0
2024-10-23 14:22:00-04:00,1.600000023841858,1.6050000190734863,1.600000023841858,1.6050000190734863,945,0.0,0.0
2024-10-23 14:23:00-04:00,1.600000023841858,1.6050000190734863,1.600000023841858,1.6050000190734863,823,0.0,0.0
2024-10-23 14:24:00-04:00,1.600000023841858,1.6100000143051147,1.600000023841858,1.6050000190734863,3749,0.0,0.0
2024-10-23 14:25:00-04:00,1.6050000190734863,1.6050000190734863,1.6050000190734863,1.6050000190734863,1146,0.0,0.0
2024-10-23 14:26:00-04:00,1.6050000190734863,1.6050000190734863,1.6050000190734863,1.6050000190734863,900,0.0,0.0
2024-10-23 14:27:00-04:00,1.6039999723434448,1.6050000190734863,1.6039999723434448,1.6050000190734863,6347,0.0,0.0
2024-10-23 14:28:00-04:00,1.6100000143051147,1.6100000143051147,1.6050000190734863,1.6050000190734863,1787,0.0,0.0
2024-10-23 14:29:00-04:00,1.6050000190734863,1.6050000190734863,1.6050000190734863,1.6050000190734863,1070,0.0,0.0
2024-10-23 14:30:00-04:00,1.6050000190734863,1.6050000190734863,1.6050000190734863,1.6050000190734863,1093,0.0,0.0
2024-10-23 14:31:00-04:00,1.6050000190734863,1.6100000143051147,1.6050000190734863,1.6100000143051147,4463,0.0,0.0
2024-10-23 14:32:00-04:00,1.6100000143051147,1.6100000143051147,1.6050000190734863,1.6100000143051147,1660,0.0,0.0
2024-10-23 14:33:00-04:00,1.6100000143051147,1.6100000143051147,1.6050000190734863,1.6100000143051147,965,0.0,0.0
2024-10-23 14:34:00-04:00,1.6100000143051147,1.6100000143051147,1.6050000190734863,1.6100000143051147,1332,0.0,0.0
2024-10-23 14:35:00-04:00,1.6050000190734863,1.6100000143051147,1.6050000190734863,1.6050000190734863,1223,0.0,0.0
2024-10-23 14:36:00-04:00,1.6100000143051147,1.6100000143051147,1.6050000190734863,1.6100000143051147,1315,0.0,0.0
2024-10-23 14:37:00-04:00,1.6100000143051147,1.6100000143051147,1.6050000190734863,1.6050000190734863,1149,0.0,0.0
2024-10-23 14:38:00-04:00,1.6050000190734863,1.6100000143051147,1.6050000190734863,1.6050000190734863,2448,0.0,0.0
2024-10-23 14:39:00-04:00,1.6100000143051147,1.6100000143051147,1.6050000190734863,1.6100000143051147,3303,0.0,0.0
2024-10-23 14:40:00-04:00,1.6050000190734863,1.6100000143051147,1.600100040435791,1.600100040435791,5961,0.0,0.0
2024-10-23 14:41:00-04:00,1.6100000143051147,1.6100000143051147,1.600100040435791,1.6050000190734863,1342,0.0,0.0
2024-10-23 14:42:00-04:00,1.6100000143051147,1.6100000143051147,1.6014000177383423,1.6050000190734863,1829,0.0,0.0
2024-10-23 14:43:00-04:00,1.6100000143051147,1.6100000143051147,1.6100000143051147,1.6100000143051147,1141,0.0,0.0
2024-10-23 14:44:00-04:00,1.6050000190734863,1.6100000143051147,1.6050000190734863,1.6050000190734863,1100,0.0,0.0
2024-10-23 14:45:00-04:00,1.6100000143051147,1.6100000143051147,1.600000023841858,1.6050000190734863,3860,0.0,0.0
2024-10-23 14:46:00-04:00,1.6050000190734863,1.6050000190734863,1.600000023841858,1.6050000190734863,5266,0.0,0.0
2024-10-23 14:47:00-04:00,1.6050000190734863,1.6100000143051147,1.600000023841858,1.6050000190734863,116656,0.0,0.0
2024-10-23 14:48:00-04:00,1.600000023841858,1.6050000190734863,1.600000023841858,1.600000023841858,4973,0.0,0.0
2024-10-23 14:49:00-04:00,1.600000023841858,1.6050000190734863,1.600000023841858,1.6050000190734863,3818,0.0,0.0
2024-10-23 14:50:00-04:00,1.6050000190734863,1.6050000190734863,1.6050000190734863,1.6050000190734863,3360,0.0,0.0
2024-10-23 14:51:00-04:00,1.6050000190734863,1.6050000190734863,1.6050000190734863,1.6050000190734863,2037,0.0,0.0
2024-10-23 14:52:00-04:00,1.6050000190734863,1.6100000143051147,1.600000023841858,1.6050000190734863,34415,0.0,0.0
2024-10-23 14:53:00-04:00,1.6050000190734863,1.6100000143051147,1.6050000190734863,1.6100000143051147,1904,0.0,0.0
2024-10-23 14:54:00-04:00,1.6050000190734863,1.6050000190734863,1.6050000190734863,1.6050000190734863,525,0.0,0.0
2024-10-23 14:55:00-04:00,1.6050000190734863,1.6050000190734863,1.600000023841858,1.6050000190734863,1828,0.0,0.0
2024-10-23 14:56:00-04:00,1.6050000190734863,1.6050000190734863,1.600000023841858,1.600000023841858,1265,0.0,0.0
2024-10-23 14:57:00-04:00,1.6100000143051147,1.6100000143051147,1.6050000190734863,1.6050000190734863,9283,0.0,0.0
2024-10-23 14:58:00-04:00,1.6050000190734863,1.6050000190734863,1.600000023841858,1.6050000190734863,1869,0.0,0.0
2024-10-23 14:59:00-04:00,1.600000023841858,1.6050000190734863,1.600000023841858,1.6050000190734863,2061,0.0,0.0
2024-10-23 15:00:00-04:00,1.600000023841858,1.6050000190734863,1.600000023841858,1.6050000190734863,1931,0.0,0.0
2024-10-23 15:01:00-04:00,1.6050000190734863,1.6050000190734863,1.600000023841858,1.6050000190734863,1399,0.0,0.0
2024-10-23 15:02:00-04:00,1.600000023841858,1.6050000190734863,1.600000023841858,1.6050000190734863,1465,0.0,0.0
2024-10-23 15:03:00-04:00,1.600000023841858,1.6100000143051147,1.600000023841858,1.6050000190734863,6462,0.0,0.0
2024-10-23 15:04:00-04:00,1.6050000190734863,1.6050000190734863,1.6050000190734863,1.6050000190734863,506,0.0,0.0
2024-10-23 15:05:00-04:00,1.6050000190734863,1.6050000190734863,1.600000023841858,1.6050000190734863,1572,0.0,0.0
2024-10-23 15:06:00-04:00,1.600000023841858,1.6050000190734863,1.600000023841858,1.6050000190734863,4409,0.0,0.0
2024-10-23 15:07:00-04:00,1.6050000190734863,1.6050000190734863,1.600000023841858,1.600000023841858,1513,0.0,0.0
2024-10-23 15:08:00-04:00,1.600000023841858,1.6060999631881714,1.600000023841858,1.6050000190734863,2348,0.0,0.0
2024-10-23 15:09:00-04:00,1.6050000190734863,1.6050000190734863,1.600000023841858,1.600000023841858,1228,0.0,0.0
2024-10-23 15:10:00-04:00,1.600000023841858,1.6100000143051147,1.600000023841858,1.6050000190734863,12144,0.0,0.0
2024-10-23 15:11:00-04:00,1.6100000143051147,1.6100000143051147,1.6050000190734863,1.6050000190734863,3382,0.0,0.0
2024-10-23 15:12:00-04:00,1.6050000190734863,1.6100000143051147,1.6050000190734863,1.6100000143051147,985,0.0,0.0
2024-10-23 15:13:00-04:00,1.6050000190734863,1.6100000143051147,1.6050000190734863,1.6100000143051147,1421,0.0,0.0
2024-10-23 15:14:00-04:00,1.6018999814987183,1.6100000143051147,1.600100040435791,1.6050000190734863,13667,0.0,0.0
2024-10-23 15:15:00-04:00,1.600000023841858,1.6050000190734863,1.600000023841858,1.600000023841858,320,0.0,0.0
2024-10-23 15:16:00-04:00,1.6050000190734863,1.6050000190734863,1.600000023841858,1.600000023841858,963,0.0,0.0
2024-10-23 15:17:00-04:00,1.6050000190734863,1.6050000190734863,1.600000023841858,1.6050000190734863,125221,0.0,0.0
2024-10-23 15:18:00-04:00,1.6050000190734863,1.6050000190734863,1.6050000190734863,1.6050000190734863,2555,0.0,0.0
2024-10-23 15:19:00-04:00,1.6050000190734863,1.6050000190734863,1.6050000190734863,1.6050000190734863,167,0.0,0.0
2024-10-23 15:20:00-04:00,1.6050000190734863,1.6050000190734863,1.6050000190734863,1.6050000190734863,2247,0.0,0.0
2024-10-23 15:21:00-04:00,1.6050000190734863,1.6050000190734863,1.6050000190734863,1.6050000190734863,30758,0.0,0.0
2024-10-23 15:22:00-04:00,1.6050000190734863,1.6050000190734863,1.6050000190734863,1.6050000190734863,210,0.0,0.0
2024-10-23 15:23:00-04:00,1.6050000190734863,1.6050000190734863,1.6050000190734863,1.6050000190734863,2797,0.0,0.0
2024-10-23 15:24:00-04:00,1.6050000190734863,1.6050000190734863,1.6050000190734863,1.6050000190734863,1036,0.0,0.0
2024-10-23 15:25:00-04:00,1.6050000190734863,1.6050000190734863,1.600000023841858,1.6050000190734863,1706,0.0,0.0
2024-10-23 15:26:00-04:00,1.600000023841858,1.6050000190734863,1.600000023841858,1.600000023841858,8229,0.0,0.0
2024-10-23 15:27:00-04:00,1.600000023841858,1.6050000190734863,1.600000023841858,1.600000023841858,2016,0.0,0.0
2024-10-23 15:28:00-04:00,1.600000023841858,1.6050000190734863,1.600000023841858,1.600000023841858,1005,0.0,0.0
2024-10-23 15:29:00-04:00,1.600000023841858,1.6050000190734863,1.600000023841858,1.6050000190734863,1847,0.0,0.0
2024-10-23 15:30:00-04:00,1.600000023841858,1.6050000190734863,1.600000023841858,1.6050000190734863,1112,0.0,0.0
2024-10-23 15:31:00-04:00,1.600000023841858,1.6050000190734863,1.600000023841858,1.600000023841858,1728,0.0,0.0
2024-10-23 15:32:00-04:00,1.600000023841858,1.6050000190734863,1.600000023841858,1.600000023841858,3541,0.0,0.0
2024-10-23 15:33:00-04:00,1.600000023841858,1.6050000190734863,1.600000023841858,1.6050000190734863,2219,0.0,0.0
2024-10-23 15:34:00-04:00,1.600000023841858,1.6050000190734863,1.600000023841858,1.600000023841858,1875,0.0,0.0
2024-10-23 15:35:00-04:00,1.6050000190734863,1.6050000190734863,1.600000023841858,1.600000023841858,1765,0.0,0.0
2024-10-23 15:36:00-04:00,1.600000023841858,1.6050000190734863,1.600000023841858,1.6050000190734863,1888,0.0,0.0
2024-10-23 15:37:00-04:00,1.6050000190734863,1.6050000190734863,1.6050000190734863,1.6050000190734863,1948,0.0,0.0
2024-10-23 15:38:00-04:00,1.6050000190734863,1.6050000190734863,1.600000023841858,1.600000023841858,125957,0.0,0.0
2024-10-23 15:39:00-04:00,1.6050000190734863,1.6100000143051147,1.600000023841858,1.6050000190734863,7228,0.0,0.0
2024-10-23 15:40:00-04:00,1.6100000143051147,1.6100000143051147,1.600000023841858,1.6050000190734863,3583,0.0,0.0
2024-10-23 15:41:00-04:00,1.600000023841858,1.6050000190734863,1.600000023841858,1.6050000190734863,3689,0.0,0.0
2024-10-23 15:42:00-04:00,1.6050000190734863,1.6050000190734863,1.600000023841858,1.600000023841858,3928,0.0,0.0
2024-10-23 15:43:00-04:00,1.6050000190734863,1.6100000143051147,1.600000023841858,1.6100000143051147,58092,0.0,0.0
2024-10-23 15:44:00-04:00,1.6050000190734863,1.6100000143051147,1.600000023841858,1.6100000143051147,24296,0.0,0.0
2024-10-23 15:45:00-04:00,1.6050000190734863,1.6100000143051147,1.6039999723434448,1.6066999435424805,70462,0.0,0.0
2024-10-23 15:46:00-04:00,1.6100000143051147,1.6100000143051147,1.6050000190734863,1.6100000143051147,3190,0.0,0.0
2024-10-23 15:47:00-04:00,1.6050000190734863,1.6100000143051147,1.6050000190734863,1.6050000190734863,7552,0.0,0.0
2024-10-23 15:48:00-04:00,1.6100000143051147,1.6100000143051147,1.6050000190734863,1.6100000143051147,3504,0.0,0.0
2024-10-23 15:49:00-04:00,1.6100000143051147,1.6100000143051147,1.600100040435791,1.600100040435791,11053,0.0,0.0
2024-10-23 15:50:00-04:00,1.6100000143051147,1.6100000143051147,1.600000023841858,1.6100000143051147,98528,0.0,0.0
2024-10-23 15:51:00-04:00,1.6050000190734863,1.6100000143051147,1.6050000190734863,1.6100000143051147,1053,0.0,0.0
2024-10-23 15:52:00-04:00,1.6100000143051147,1.6100000143051147,1.6050000190734863,1.6050000190734863,11533,0.0,0.0
2024-10-23 15:53:00-04:00,1.6098999977111816,1.6100000143051147,1.6050000190734863,1.6100000143051147,6451,0.0,0.0
2024-10-23 15:54:00-04:00,1.6100000143051147,1.6100000143051147,1.6017999649047852,1.6100000143051147,9200,0.0,0.0
2024-10-23 15:55:00-04:00,1.6100000143051147,1.6100000143051147,1.6050000190734863,1.6100000143051147,34589,0.0,0.0
2024-10-23 15:56:00-04:00,1.6050000190734863,1.6100000143051147,1.6050000190734863,1.6050000190734863,11648,0.0,0.0
2024-10-23 15:57:00-04:00,1.6050000190734863,1.6100000143051147,1.6050000190734863,1.6050000190734863,38929,0.0,0.0
2024-10-23 15:58:00-04:00,1.6098999977111816,1.6100000143051147,1.6050000190734863,1.6050000190734863,34497,0.0,0.0
2024-10-23 15:59:00-04:00,1.6019999980926514,1.6100000143051147,1.600000023841858,1.6050000190734863,105972,0.0,0.0
2024-10-24 09:30:00-04:00,1.6100000143051147,1.6150000095367432,1.6100000143051147,1.6100000143051147,10345,0.0,0.0
2024-10-24 09:31:00-04:00,1.6150000095367432,1.6150000095367432,1.6150000095367432,1.6150000095367432,5211,0.0,0.0
2024-10-24 09:34:00-04:00,1.6103999614715576,1.6150000095367432,1.6103999614715576,1.6150000095367432,6320,0.0,0.0
2024-10-24 09:36:00-04:00,1.6100000143051147,1.6100000143051147,1.6050000190734863,1.6050000190734863,18133,0.0,0.0
2024-10-24 09:39:00-04:00,1.6050000190734863,1.6050000190734863,1.6050000190734863,1.6050000190734863,6723,0.0,0.0
2024-10-24 09:42:00-04:00,1.6050000190734863,1.6060999631881714,1.6050000190734863,1.6060999631881714,8891,0.0,0.0
2024-10-24 09:44:00-04:00,1.6050000190734863,1.6050000190734863,1.6050000190734863,1.6050000190734863,500,0.0,0.0
2024-10-24 09:45:00-04:00,1.6074999570846558,1.6074999570846558,1.6050000190734863,1.6050000190734863,4037,0.0,0.0
2024-10-24 09:48:00-04:00,1.6098999977111816,1.6098999977111816,1.6050000190734863,1.6050000190734863,1600,0.0,0.0
2024-10-24 09:49:00-04:00,1.6050000190734863,1.6050000190734863,1.6016000509262085,1.6016000509262085,1831,0.0,0.0
2024-10-24 09:51:00-04:00,1.600000023841858,1.6050000190734863,1.600000023841858,1.6050000190734863,1310,0.0,0.0
2024-10-24 09:52:00-04:00,1.6050000190734863,1.6050000190734863,1.6050000190734863,1.6050000190734863,731,0.0,0.0
2024-10-24 09:54:00-04:00,1.6050000190734863,1.6050000190734863,1.6050000190734863,1.6050000190734863,450,0.0,0.0
2024-10-24 09:55:00-04:00,1.6024999618530273,1.6024999618530273,1.6024999618530273,1.6024999618530273,882,0.0,0.0
2024-10-24 09:57:00-04:00,1.600000023841858,1.6100000143051147,1.600000023841858,1.6050000190734863,40177,0.0,0.0
2024-10-24 09:58:00-04:00,1.6100000143051147,1.6100000143051147,1.6100000143051147,1.6100000143051147,305,0.0,0.0
2024-10-24 09:59:00-04:00,1.6050000190734863,1.6050000190734863,1.6050000190734863,1.6050000190734863,290,0.0,0.0
2024-10-24 10:00:00-04:00,1.6039999723434448,1.6039999723434448,1.6039999723434448,1.6039999723434448,121,0.0,0.0
2024-10-24 10:02:00-04:00,1.6039999723434448,1.6100000143051147,1.6039999723434448,1.6050000190734863,24086,0.0,0.0
2024-10-24 10:03:00-04:00,1.6050000190734863,1.6050000190734863,1.6050000190734863,1.6050000190734863,301,0.0,0.0
2024-10-24 10:04:00-04:00,1.6050000190734863,1.6050000190734863,1.6050000190734863,1.6050000190734863,13698,0.0,0.0
2024-10-24 10:05:00-04:00,1.6050000190734863,1.6050000190734863,1.6050000190734863,1.6050000190734863,1430,0.0,0.0
2024-10-24 10:06:00-04:00,1.6100000143051147,1.6100000143051147,1.6050000190734863,1.6050000190734863,39711,0.0,0.0
2024-10-24 10:07:00-04:00,1.6100000143051147,1.6100000143051147,1.6050000190734863,1.6100000143051147,42429,0.0,0.0
2024-10-24 10:08:00-04:00,1.6100000143051147,1.6100000143051147,1.6100000143051147,1.6100000143051147,720,0.0,0.0
2024-10-24 10:09:00-04:00,1.6100000143051147,1.6100000143051147,1.6050000190734863,1.6100000143051147,810,0.0,0.0
2024-10-24 10:10:00-04:00,1.6100000143051147,1.6100000143051147,1.6100000143051147,1.6100000143051147,5382,0.0,0.0
2024-10-24 10:11:00-04:00,1.6100000143051147,1.6100000143051147,1.600100040435791,1.6050000190734863,22852,0.0,0.0
2024-10-24 10:12:00-04:00,1.6100000143051147,1.6150000095367432,1.600000023841858,1.6050000190734863,139891,0.0,0.0
2024-10-24 10:13:00-04:00,1.6050000190734863,1.6050000190734863,1.6050000190734863,1.6050000190734863,524,0.0,0.0
2024-10-24 10:16:00-04:00,1.6097999811172485,1.6097999811172485,1.6097999811172485,1.6097999811172485,340,0.0,0.0
2024-10-24 10:17:00-04:00,1.6100000143051147,1.6100000143051147,1.6050000190734863,1.6050000190734863,25451,0.0,0.0
2024-10-24 10:18:00-04:00,1.6050000190734863,1.6050000190734863,1.6050000190734863,1.6050000190734863,295,0.0,0.0
2024-10-24 10:19:00-04:00,1.6050000190734863,1.6050000190734863,1.6050000190734863,1.6050000190734863,210,0.0,0.0
2024-10-24 10:20:00-04:00,1.6050000190734863,1.6050000190734863,1.6050000190734863,1.6050000190734863,446,0.0,0.0
2024-10-24 10:21:00-04:00,1.6050000190734863,1.6100000143051147,1.6050000190734863,1.6050000190734863,16199,0.0,0.0
2024-10-24 10:22:00-04:00,1.6065000295639038,1.6100000143051147,1.6050000190734863,1.6050000190734863,6873,0.0,0.0
2024-10-24 10:23:00-04:00,1.6050000190734863,1.6100000143051147,1.6039999723434448,1.6050000190734863,4222,0.0,0.0
2024-10-24 10:24:00-04:00,1.6050000190734863,1.6100000143051147,1.6050000190734863,1.6100000143051147,297,0.0,0.0
2024-10-24 10:25:00-04:00,1.6050000190734863,1.6100000143051147,1.6050000190734863,1.6050000190734863,410,0.0,0.0
2024-10-24 10:26:00-04:00,1.6050000190734863,1.6100000143051147,1.6050000190734863,1.6050000190734863,2307,0.0,0.0
2024-10-24 10:27:00-04:00,1.6050000190734863,1.6100000143051147,1.600000023841858,1.6100000143051147,20042,0.0,0.0
2024-10-24 10:28:00-04:00,1.6039999723434448,1.6050000190734863,1.6039999723434448,1.6050000190734863,2136,0.0,0.0
2024-10-24 10:29:00-04:00,1.6050000190734863,1.6100000143051147,1.600000023841858,1.607100009918213,13251,0.0,0.0
2024-10-24 10:30:00-04:00,1.6050000190734863,1.6100000143051147,1.6009999513626099,1.6100000143051147,11813,0.0,0.0
2024-10-24 10:31:00-04:00,1.6050000190734863,1.6100000143051147,1.6050000190734863,1.6100000143051147,2014,0.0,0.0
2024-10-24 10:32:00-04:00,1.6050000190734863,1.6100000143051147,1.6050000190734863,1.6050000190734863,945,0.0,0.0
2024-10-24 10:33:00-04:00,1.6098999977111816,1.6098999977111816,1.6098999977111816,1.6098999977111816,1906,0.0,0.0
2024-10-24 10:34:00-04:00,1.6050000190734863,1.6100000143051147,1.6050000190734863,1.6050000190734863,12894,0.0,0.0
2024-10-24 10:36:00-04:00,1.6050000190734863,1.6100000143051147,1.6050000190734863,1.6100000143051147,300,0.0,0.0
2024-10-24 10:37:00-04:00,1.6050000190734863,1.6050000190734863,1.6050000190734863,1.6050000190734863,225,0.0,0.0
2024-10-24 10:38:00-04:00,1.6100000143051147,1.6100000143051147,1.6050000190734863,1.6050000190734863,3106,0.0,0.0
2024-10-24 10:39:00-04:00,1.6100000143051147,1.6100000143051147,1.6090999841690063,1.6100000143051147,711,0.0,0.0
2024-10-24 10:40:00-04:00,1.6050000190734863,1.6100000143051147,1.6050000190734863,1.6089999675750732,480,0.0,0.0
2024-10-24 10:41:00-04:00,1.6050000190734863,1.6050000190734863,1.6050000190734863,1.6050000190734863,205,0.0,0.0
2024-10-24 10:42:00-04:00,1.6100000143051147,1.6100000143051147,1.6050000190734863,1.6050000190734863,1980,0.0,0.0
2024-10-24 10:43:00-04:00,1.6050000190734863,1.6050000190734863,1.6050000190734863,1.6050000190734863,100,0.0,0.0
2024-10-24 10:45:00-04:00,1.6100000143051147,1.6100000143051147,1.6050000190734863,1.6050000190734863,1490,0.0,0.0
2024-10-24 10:46:00-04:00,1.6050000190734863,1.6050000190734863,1.6050000190734863,1.6050000190734863,200,0.0,0.0
2024-10-24 10:47:00-04:00,1.6050000190734863,1.6050000190734863,1.6050000190734863,1.6050000190734863,1100,0.0,0.0
2024-10-24 10:48:00-04:00,1.6050000190734863,1.6050000190734863,1.6050000190734863,1.6050000190734863,118,0.0,0.0
2024-10-24 10:50:00-04:00,1.6050000190734863,1.6050000190734863,1.6050000190734863,1.6050000190734863,4389,0.0,0.0
2024-10-24 10:51:00-04:00,1.6087000370025635,1.6087000370025635,1.6050000190734863,1.6050000190734863,645,0.0,0.0
2024-10-24 10:52:00-04:00,1.6050000190734863,1.6050000190734863,1.6050000190734863,1.6050000190734863,229,0.0,0.0
2024-10-24 10:53:00-04:00,1.6050000190734863,1.6050000190734863,1.6050000190734863,1.6050000190734863,100,0.0,0.0
2024-10-24 10:54:00-04:00,1.6100000143051147,1.6100000143051147,1.6080000400543213,1.6100000143051147,1568,0.0,0.0
2024-10-24 10:55:00-04:00,1.6085000038146973,1.6085000038146973,1.6085000038146973,1.6085000038146973,1094,0.0,0.0
2024-10-24 10:56:00-04:00,1.6050000190734863,1.6096999645233154,1.6050000190734863,1.6050000190734863,2889,0.0,0.0
2024-10-24 10:58:00-04:00,1.6050000190734863,1.6050000190734863,1.6050000190734863,1.6050000190734863,555,0.0,0.0
2024-10-24 10:59:00-04:00,1.6050000190734863,1.6050000190734863,1.6050000190734863,1.6050000190734863,476,0.0,0.0
2024-10-24 11:00:00-04:00,1.6050000190734863,1.6050000190734863,1.6050000190734863,1.6050000190734863,1021,0.0,0.0
2024-10-24 11:01:00-04:00,1.6100000143051147,1.6100000143051147,1.6069999933242798,1.6069999933242798,1559,0.0,0.0
2024-10-24 11:02:00-04:00,1.6050000190734863,1.6050000190734863,1.6050000190734863,1.6050000190734863,794,0.0,0.0
2024-10-24 11:06:00-04:00,1.6050000190734863,1.6050000190734863,1.600000023841858,1.6050000190734863,46626,0.0,0.0
2024-10-24 11:07:00-04:00,1.6050000190734863,1.6050000190734863,1.6050000190734863,1.6050000190734863,10099,0.0,0.0
2024-10-24 11:10:00-04:00,1.6050000190734863,1.6050000190734863,1.6050000190734863,1.6050000190734863,2827,0.0,0.0
2024-10-24 11:11:00-04:00,1.6100000143051147,1.6100000143051147,1.6050000190734863,1.6100000143051147,16302,0.0,0.0
2024-10-24 11:13:00-04:00,1.6050000190734863,1.6050000190734863,1.6050000190734863,1.6050000190734863,100,0.0,0.0
2024-10-24 11:15:00-04:00,1.6100000143051147,1.6100000143051147,1.6100000143051147,1.6100000143051147,3400,0.0,0.0
2024-10-24 11:16:00-04:00,1.6050000190734863,1.6100000143051147,1.6050000190734863,1.6100000143051147,218,0.0,0.0
2024-10-24 11:17:00-04:00,1.6050000190734863,1.6050000190734863,1.6050000190734863,1.6050000190734863,100,0.0,0.0
2024-10-24 11:18:00-04:00,1.6050000190734863,1.6050000190734863,1.6050000190734863,1.6050000190734863,1100,0.0,0.0
2024-10-24 11:19:00-04:00,1.6050000190734863,1.6050000190734863,1.6050000190734863,1.6050000190734863,100,0.0,0.0
2024-10-24 11:20:00-04:00,1.6050000190734863,1.6050000190734863,1.6050000190734863,1.6050000190734863,610,0.0,0.0
2024-10-24 11:21:00-04:00,1.6050000190734863,1.6100000143051147,1.6050000190734863,1.6100000143051147,1212,0.0,0.0
2024-10-24 11:23:00-04:00,1.6050000190734863,1.6050000190734863,1.6050000190734863,1.6050000190734863,143,0.0,0.0
2024-10-24 11:24:00-04:00,1.6098999977111816,1.6098999977111816,1.6050000190734863,1.6050000190734863,738,0.0,0.0
2024-10-24 11:26:00-04:00,1.6050000190734863,1.6050000190734863,1.6050000190734863,1.6050000190734863,2789,0.0,0.0
2024-10-24 11:27:00-04:00,1.6050000190734863,1.6050000190734863,1.6050000190734863,1.6050000190734863,311,0.0,0.0
2024-10-24 11:28:00-04:00,1.6050000190734863,1.6050000190734863,1.6050000190734863,1.6050000190734863,2072,0.0,0.0
2024-10-24 11:29:00-04:00,1.6050000190734863,1.6050000190734863,1.6050000190734863,1.6050000190734863,162,0.0,0.0
2024-10-24 11:30:00-04:00,1.6050000190734863,1.6050000190734863,1.6050000190734863,1.6050000190734863,210,0.0,0.0
2024-10-24 11:31:00-04:00,1.6100000143051147,1.6100000143051147,1.6050000190734863,1.6050000190734863,1702,0.0,0.0
2024-10-24 11:32:00-04:00,1.6100000143051147,1.6100000143051147,1.6050000190734863,1.6100000143051147,63502,0.0,0.0
2024-10-24 11:34:00-04:00,1.6050000190734863,1.6050000190734863,1.6050000190734863,1.6050000190734863,100,0.0,0.0
2024-10-24 11:35:00-04:00,1.6100000143051147,1.6100000143051147,1.6100000143051147,1.6100000143051147,819,0.0,0.0
2024-10-24 11:37:00-04:00,1.6100000143051147,1.6100000143051147,1.6098999977111816,1.6100000143051147,17597,0.0,0.0
2024-10-24 11:41:00-04:00,1.6100000143051147,1.6100000143051147,1.6100000143051147,1.6100000143051147,4099,0.0,0.0
2024-10-24 11:43:00-04:00,1.6050000190734863,1.6050000190734863,1.6050000190734863,1.6050000190734863,100,0.0,0.0
2024-10-24 11:44:00-04:00,1.6100000143051147,1.6100000143051147,1.6100000143051147,1.6100000143051147,1685,0.0,0.0
2024-10-24 11:45:00-04:00,1.6050000190734863,1.6050000190734863,1.6050000190734863,1.6050000190734863,100,0.0,0.0
2024-10-24 11:46:00-04:00,1.6089999675750732,1.6089999675750732,1.6089999675750732,1.6089999675750732,1265,0.0,0.0
2024-10-24 11:47:00-04:00,1.6050000190734863,1.6050000190734863,1.6050000190734863,1.6050000190734863,101,0.0,0.0
2024-10-24 11:48:00-04:00,1.6050000190734863,1.6050000190734863,1.6050000190734863,1.6050000190734863,1145,0.0,0.0
2024-10-24 11:49:00-04:00,1.6050000190734863,1.6050000190734863,1.6050000190734863,1.6050000190734863,139,0.0,0.0
2024-10-24 11:50:00-04:00,1.600000023841858,1.600000023841858,1.600000023841858,1.600000023841858,250,0.0,0.0
2024-10-24 11:51:00-04:00,1.6050000190734863,1.6100000143051147,1.6050000190734863,1.6100000143051147,331,0.0,0.0
2024-10-24 11:53:00-04:00,1.6100000143051147,1.6100000143051147,1.6100000143051147,1.6100000143051147,756,0.0,0.0
2024-10-24 11:54:00-04:00,1.6050000190734863,1.6050000190734863,1.6050000190734863,1.6050000190734863,101,0.0,0.0
2024-10-24 11:56:00-04:00,1.6019999980926514,1.6019999980926514,1.6019999980926514,1.6019999980926514,100,0.0,0.0
2024-10-24 11:57:00-04:00,1.6050000190734863,1.6050000190734863,1.6050000190734863,1.6050000190734863,100,0.0,0.0
2024-10-24 11:58:00-04:00,1.6050000190734863,1.6050000190734863,1.6050000190734863,1.6050000190734863,1072,0.0,0.0
2024-10-24 12:01:00-04:00,1.6098999977111816,1.6100000143051147,1.6098999977111816,1.6100000143051147,597,0.0,0.0
2024-10-24 12:06:00-04:00,1.6050000190734863,1.6100000143051147,1.6050000190734863,1.6050000190734863,27957,0.0,0.0
2024-10-24 12:07:00-04:00,1.6100000143051147,1.6100000143051147,1.6100000143051147,1.6100000143051147,104,0.0,0.0
2024-10-24 12:08:00-04:00,1.6100000143051147,1.6100000143051147,1.6100000143051147,1.6100000143051147,100,0.0,0.0
2024-10-24 12:09:00-04:00,1.6100000143051147,1.6100000143051147,1.6100000143051147,1.6100000143051147,425,0.0,0.0
2024-10-24 12:10:00-04:00,1.6100000143051147,1.6100000143051147,1.6100000143051147,1.6100000143051147,101,0.0,0.0
2024-10-24 12:11:00-04:00,1.6100000143051147,1.6100000143051147,1.6100000143051147,1.6100000143051147,15614,0.0,0.0
2024-10-24 12:12:00-04:00,1.6093000173568726,1.6093000173568726,1.6093000173568726,1.6093000173568726,10505,0.0,0.0
2024-10-24 12:13:00-04:00,1.6089999675750732,1.6100000143051147,1.6089999675750732,1.6100000143051147,10500,0.0,0.0
2024-10-24 12:14:00-04:00,1.6050000190734863,1.6050000190734863,1.6050000190734863,1.6050000190734863,1050,0.0,0.0
2024-10-24 12:15:00-04:00,1.6050000190734863,1.6050000190734863,1.6050000190734863,1.6050000190734863,2100,0.0,0.0
2024-10-24 12:16:00-04:00,1.6098999977111816,1.6098999977111816,1.6098999977111816,1.6098999977111816,10501,0.0,0.0
2024-10-24 12:17:00-04:00,1.6100000143051147,1.6100000143051147,1.6100000143051147,1.6100000143051147,5104,0.0,0.0
2024-10-24 12:18:00-04:00,1.6100000143051147,1.6100000143051147,1.6100000143051147,1.6100000143051147,11030,0.0,0.0
2024-10-24 12:19:00-04:00,1.6100000143051147,1.6100000143051147,1.6100000143051147,1.6100000143051147,200,0.0,0.0
2024-10-24 12:20:00-04:00,1.6100000143051147,1.6100000143051147,1.6100000143051147,1.6100000143051147,1160,0.0,0.0
2024-10-24 12:21:00-04:00,1.6100000143051147,1.6100000143051147,1.6050000190734863,1.606600046157837,620,0.0,0.0
2024-10-24 12:22:00-04:00,1.6100000143051147,1.6100000143051147,1.6100000143051147,1.6100000143051147,320,0.0,0.0
2024-10-24 12:23:00-04:00,1.6100000143051147,1.6100000143051147,1.6100000143051147,1.6100000143051147,4013,0.0,0.0
2024-10-24 12:24:00-04:00,1.6100000143051147,1.6100000143051147,1.6100000143051147,1.6100000143051147,207,0.0,0.0
2024-10-24 12:25:00-04:00,1.6100000143051147,1.6100000143051147,1.6100000143051147,1.6100000143051147,1059,0.0,0.0
2024-10-24 12:26:00-04:00,1.6100000143051147,1.6100000143051147,1.6100000143051147,1.6100000143051147,1481,0.0,0.0
2024-10-24 12:27:00-04:00,1.6050000190734863,1.6100000143051147,1.6050000190734863,1.6100000143051147,320,0.0,0.0
2024-10-24 12:28:00-04:00,1.6100000143051147,1.6100000143051147,1.6100000143051147,1.6100000143051147,200,0.0,0.0
2024-10-24 12:29:00-04:00,1.6100000143051147,1.6100000143051147,1.6100000143051147,1.6100000143051147,1780,0.0,0.0
2024-10-24 12:30:00-04:00,1.6100000143051147,1.6100000143051147,1.6100000143051147,1.6100000143051147,250,0.0,0.0
2024-10-24 12:31:00-04:00,1.6100000143051147,1.6100000143051147,1.6100000143051147,1.6100000143051147,422,0.0,0.0
2024-10-24 12:32:00-04:00,1.6100000143051147,1.6100000143051147,1.6100000143051147,1.6100000143051147,100,0.0,0.0
2024-10-24 12:33:00-04:00,1.6100000143051147,1.6100000143051147,1.6100000143051147,1.6100000143051147,7150,0.0,0.0
2024-10-24 12:34:00-04:00,1.6100000143051147,1.6100000143051147,1.6100000143051147,1.6100000143051147,100,0.0,0.0
2024-10-24 12:35:00-04:00,1.6100000143051147,1.6100000143051147,1.6100000143051147,1.6100000143051147,4940,0.0,0.0
2024-10-24 12:36:00-04:00,1.6100000143051147,1.6100000143051147,1.6100000143051147,1.6100000143051147,3273,0.0,0.0
2024-10-24 12:37:00-04:00,1.6100000143051147,1.6100000143051147,1.6100000143051147,1.6100000143051147,100,0.0,0.0
2024-10-24 12:38:00-04:00,1.6100000143051147,1.6100000143051147,1.6098999977111816,1.6098999977111816,5264,0.0,0.0
2024-10-24 12:39:00-04:00,1.6050000190734863,1.6050000190734863,1.6050000190734863,1.6050000190734863,100,0.0,0.0
2024-10-24 12:40:00-04:00,1.6050000190734863,1.6100000143051147,1.6050000190734863,1.6100000143051147,6830,0.0,0.0
2024-10-24 12:42:00-04:00,1.6100000143051147,1.6100000143051147,1.6100000143051147,1.6100000143051147,201,0.0,0.0
2024-10-24 12:43:00-04:00,1.6050000190734863,1.6050000190734863,1.6050000190734863,1.6050000190734863,800,0.0,0.0
2024-10-24 12:44:00-04:00,1.6050000190734863,1.6100000143051147,1.6050000190734863,1.6100000143051147,600,0.0,0.0
2024-10-24 12:45:00-04:00,1.6100000143051147,1.6100000143051147,1.6100000143051147,1.6100000143051147,2486,0.0,0.0
2024-10-24 12:47:00-04:00,1.6100000143051147,1.6100000143051147,1.6100000143051147,1.6100000143051147,1000,0.0,0.0
2024-10-24 12:48:00-04:00,1.6050000190734863,1.6050000190734863,1.6050000190734863,1.6050000190734863,101,0.0,0.0
2024-10-24 12:50:00-04:00,1.6050000190734863,1.6100000143051147,1.6050000190734863,1.6100000143051147,5400,0.0,0.0
2024-10-24 12:51:00-04:00,1.6100000143051147,1.6100000143051147,1.6100000143051147,1.6100000143051147,530,0.0,0.0
2024-10-24 12:52:00-04:00,1.6050000190734863,1.6050000190734863,1.6050000190734863,1.6050000190734863,100,0.0,0.0
2024-10-24 12:53:00-04:00,1.6100000143051147,1.6100000143051147,1.6100000143051147,1.6100000143051147,2000,0.0,0.0
2024-10-24 12:54:00-04:00,1.6050000190734863,1.6050000190734863,1.6050000190734863,1.6050000190734863,100,0.0,0.0
2024-10-24 12:56:00-04:00,1.6050000190734863,1.6050000190734863,1.6050000190734863,1.6050000190734863,100,0.0,0.0
2024-10-24 12:57:00-04:00,1.6050000190734863,1.6100000143051147,1.6050000190734863,1.6100000143051147,390,0.0,0.0
2024-10-24 12:58:00-04:00,1.6100000143051147,1.6100000143051147,1.6100000143051147,1.6100000143051147,345,0.0,0.0
2024-10-24 12:59:00-04:00,1.6089999675750732,1.6100000143051147,1.6050000190734863,1.6100000143051147,728,0.0,0.0
2024-10-24 13:01:00-04:00,1.6089999675750732,1.6089999675750732,1.6089999675750732,1.6089999675750732,595,0.0,0.0
2024-10-24 13:03:00-04:00,1.6043000221252441,1.6050000190734863,1.6043000221252441,1.6050000190734863,420,0.0,0.0
2024-10-24 13:04:00-04:00,1.6050000190734863,1.6050000190734863,1.6050000190734863,1.6050000190734863,1000,0.0,0.0
2024-10-24 13:05:00-04:00,1.6100000143051147,1.6100000143051147,1.6100000143051147,1.6100000143051147,329,0.0,0.0
2024-10-24 13:06:00-04:00,1.6050000190734863,1.6050000190734863,1.6050000190734863,1.6050000190734863,2623,0.0,0.0
2024-10-24 13:07:00-04:00,1.6100000143051147,1.6100000143051147,1.6050000190734863,1.6050000190734863,438,0.0,0.0
2024-10-24 13:09:00-04:00,1.6089999675750732,1.6089999675750732,1.6089999675750732,1.6089999675750732,1100,0.0,0.0
2024-10-24 13:10:00-04:00,1.6051000356674194,1.6051000356674194,1.6051000356674194,1.6051000356674194,1900,0.0,0.0
2024-10-24 13:11:00-04:00,1.6051000356674194,1.6051000356674194,1.6051000356674194,1.6051000356674194,1817,0.0,0.0
2024-10-24 13:12:00-04:00,1.6100000143051147,1.6100000143051147,1.6050000190734863,1.6050000190734863,675,0.0,0.0
2024-10-24 13:15:00-04:00,1.6050000190734863,1.6100000143051147,1.6050000190734863,1.6100000143051147,1741,0.0,0.0
2024-10-24 13:16:00-04:00,1.6100000143051147,1.6100000143051147,1.6100000143051147,1.6100000143051147,375,0.0,0.0
2024-10-24 13:19:00-04:00,1.6100000143051147,1.6100000143051147,1.6100000143051147,1.6100000143051147,199,0.0,0.0
2024-10-24 13:20:00-04:00,1.6098999977111816,1.6100000143051147,1.6098999977111816,1.6100000143051147,385,0.0,0.0
2024-10-24 13:22:00-04:00,1.6100000143051147,1.6100000143051147,1.6100000143051147,1.6100000143051147,205,0.0,0.0
2024-10-24 13:23:00-04:00,1.6100000143051147,1.6100000143051147,1.6100000143051147,1.6100000143051147,533,0.0,0.0
2024-10-24 13:25:00-04:00,1.6050000190734863,1.6089999675750732,1.600000023841858,1.6089999675750732,4900,0.0,0.0
2024-10-24 13:26:00-04:00,1.6100000143051147,1.6100000143051147,1.6100000143051147,1.6100000143051147,581,0.0,0.0
2024-10-24 13:29:00-04:00,1.6050000190734863,1.6050000190734863,1.6050000190734863,1.6050000190734863,900,0.0,0.0
2024-10-24 13:31:00-04:00,1.6100000143051147,1.6100000143051147,1.6100000143051147,1.6100000143051147,1299,0.0,0.0
2024-10-24 13:32:00-04:00,1.6050000190734863,1.6050000190734863,1.6050000190734863,1.6050000190734863,203,0.0,0.0
2024-10-24 13:33:00-04:00,1.6100000143051147,1.6100000143051147,1.6100000143051147,1.6100000143051147,136,0.0,0.0
2024-10-24 13:34:00-04:00,1.6017999649047852,1.6017999649047852,1.6017999649047852,1.6017999649047852,389,0.0,0.0
2024-10-24 13:35:00-04:00,1.6100000143051147,1.6100000143051147,1.6100000143051147,1.6100000143051147,324,0.0,0.0
2024-10-24 13:36:00-04:00,1.6100000143051147,1.6100000143051147,1.6050000190734863,1.6050000190734863,403,0.0,0.0
2024-10-24 13:37:00-04:00,1.6080000400543213,1.6080000400543213,1.6080000400543213,1.6080000400543213,630,0.0,0.0
2024-10-24 13:39:00-04:00,1.6100000143051147,1.6100000143051147,1.6100000143051147,1.6100000143051147,303,0.0,0.0
2024-10-24 13:41:00-04:00,1.6050000190734863,1.6050000190734863,1.6050000190734863,1.6050000190734863,101,0.0,0.0
2024-10-24 13:42:00-04:00,1.6098999977111816,1.6098999977111816,1.6098999977111816,1.6098999977111816,221,0.0,0.0
2024-10-24 13:45:00-04:00,1.6050000190734863,1.6050000190734863,1.6050000190734863,1.6050000190734863,900,0.0,0.0
2024-10-24 13:46:00-04:00,1.6050000190734863,1.6050000190734863,1.6050000190734863,1.6050000190734863,500,0.0,0.0
2024-10-24 13:47:00-04:00,1.6050000190734863,1.6050000190734863,1.6019999980926514,1.6019999980926514,2000,0.0,0.0
2024-10-24 13:48:00-04:00,1.6100000143051147,1.6100000143051147,1.6019999980926514,1.6050000190734863,4374,0.0,0.0
2024-10-24 13:49:00-04:00,1.6100000143051147,1.6100000143051147,1.6100000143051147,1.6100000143051147,942,0.0,0.0
2024-10-24 13:51:00-04:00,1.6100000143051147,1.6100000143051147,1.6050000190734863,1.6050000190734863,301,0.0,0.0
2024-10-24 13:52:00-04:00,1.6100000143051147,1.6100000143051147,1.6098999977111816,1.6100000143051147,2258,0.0,0.0
2024-10-24 13:53:00-04:00,1.6100000143051147,1.6100000143051147,1.6100000143051147,1.6100000143051147,2612,0.0,0.0
2024-10-24 13:54:00-04:00,1.6100000143051147,1.6100000143051147,1.6100000143051147,1.6100000143051147,100,0.0,0.0
2024-10-24 13:55:00-04:00,1.6100000143051147,1.6100000143051147,1.6100000143051147,1.6100000143051147,219,0.0,0.0
2024-10-24 13:56:00-04:00,1.6100000143051147,1.6100000143051147,1.6050000190734863,1.6100000143051147,301,0.0,0.0
2024-10-24 13:57:00-04:00,1.6100000143051147,1.6100000143051147,1.6100000143051147,1.6100000143051147,100,0.0,0.0
2024-10-24 13:58:00-04:00,1.6100000143051147,1.6100000143051147,1.6100000143051147,1.6100000143051147,1636,0.0,0.0
2024-10-24 13:59:00-04:00,1.6050000190734863,1.6100000143051147,1.6050000190734863,1.6100000143051147,2000,0.0,0.0
2024-10-24 14:00:00-04:00,1.6100000143051147,1.6100000143051147,1.6050000190734863,1.6050000190734863,2026,0.0,0.0
2024-10-24 14:01:00-04:00,1.6100000143051147,1.6100000143051147,1.6050000190734863,1.6100000143051147,812,0.0,0.0
2024-10-24 14:03:00-04:00,1.6100000143051147,1.6100000143051147,1.6100000143051147,1.6100000143051147,102,0.0,0.0
2024-10-24 14:04:00-04:00,1.6100000143051147,1.6100000143051147,1.6050000190734863,1.6050000190734863,3438,0.0,0.0
2024-10-24 14:05:00-04:00,1.6050000190734863,1.6100000143051147,1.6019999980926514,1.6019999980926514,6200,0.0,0.0
2024-10-24 14:06:00-04:00,1.6050000190734863,1.6050000190734863,1.6050000190734863,1.6050000190734863,2012,0.0,0.0
2024-10-24 14:07:00-04:00,1.6100000143051147,1.6100000143051147,1.6002000570297241,1.6100000143051147,2502,0.0,0.0
2024-10-24 14:08:00-04:00,1.6100000143051147,1.6100000143051147,1.6100000143051147,1.6100000143051147,100,0.0,0.0
2024-10-24 14:09:00-04:00,1.6100000143051147,1.6100000143051147,1.6050000190734863,1.6100000143051147,4495,0.0,0.0
2024-10-24 14:10:00-04:00,1.6100000143051147,1.6100000143051147,1.6100000143051147,1.6100000143051147,100,0.0,0.0
2024-10-24 14:11:00-04:00,1.6050000190734863,1.6050000190734863,1.6050000190734863,1.6050000190734863,143,0.0,0.0
2024-10-24 14:12:00-04:00,1.6100000143051147,1.6100000143051147,1.6100000143051147,1.6100000143051147,100,0.0,0.0
2024-10-24 14:13:00-04:00,1.6050000190734863,1.6100000143051147,1.6050000190734863,1.6100000143051147,796,0.0,0.0
2024-10-24 14:14:00-04:00,1.6089999675750732,1.6100000143051147,1.6050000190734863,1.6050000190734863,1400,0.0,0.0
2024-10-24 14:15:00-04:00,1.6100000143051147,1.6100000143051147,1.6050000190734863,1.6050000190734863,200,0.0,0.0
2024-10-24 14:16:00-04:00,1.6050000190734863,1.6100000143051147,1.6050000190734863,1.6100000143051147,401,0.0,0.0
2024-10-24 14:17:00-04:00,1.6100000143051147,1.6100000143051147,1.6100000143051147,1.6100000143051147,161,0.0,0.0
2024-10-24 14:18:00-04:00,1.6100000143051147,1.6100000143051147,1.6100000143051147,1.6100000143051147,991,0.0,0.0
2024-10-24 14:19:00-04:00,1.6100000143051147,1.6100000143051147,1.6100000143051147,1.6100000143051147,1014,0.0,0.0
2024-10-24 14:20:00-04:00,1.6100000143051147,1.6100000143051147,1.6050000190734863,1.6100000143051147,1153,0.0,0.0
2024-10-24 14:21:00-04:00,1.6050000190734863,1.6100000143051147,1.6050000190734863,1.6100000143051147,201,0.0,0.0
2024-10-24 14:22:00-04:00,1.6100000143051147,1.6100000143051147,1.6100000143051147,1.6100000143051147,1431,0.0,0.0
2024-10-24 14:23:00-04:00,1.6100000143051147,1.6100000143051147,1.6100000143051147,1.6100000143051147,800,0.0,0.0
2024-10-24 14:24:00-04:00,1.6100000143051147,1.6100000143051147,1.6100000143051147,1.6100000143051147,100,0.0,0.0
2024-10-24 14:25:00-04:00,1.6098999977111816,1.6100000143051147,1.6098999977111816,1.6100000143051147,300,0.0,0.0
2024-10-24 14:26:00-04:00,1.6100000143051147,1.6100000143051147,1.6050000190734863,1.6050000190734863,201,0.0,0.0
2024-10-24 14:27:00-04:00,1.6100000143051147,1.6100000143051147,1.6100000143051147,1.6100000143051147,895,0.0,0.0
2024-10-24 14:28:00-04:00,1.6050000190734863,1.6100000143051147,1.6050000190734863,1.6100000143051147,200,0.0,0.0
2024-10-24 14:29:00-04:00,1.6100000143051147,1.6100000143051147,1.6100000143051147,1.6100000143051147,818,0.0,0.0
2024-10-24 14:30:00-04:00,1.6100000143051147,1.6100000143051147,1.6015000343322754,1.6100000143051147,1562,0.0,0.0
2024-10-24 14:31:00-04:00,1.6100000143051147,1.6100000143051147,1.6050000190734863,1.6050000190734863,218,0.0,0.0
2024-10-24 14:32:00-04:00,1.6100000143051147,1.6100000143051147,1.6100000143051147,1.6100000143051147,385,0.0,0.0
2024-10-24 14:33:00-04:00,1.6100000143051147,1.6100000143051147,1.6100000143051147,1.6100000143051147,486,0.0,0.0
2024-10-24 14:34:00-04:00,1.6100000143051147,1.6100000143051147,1.6100000143051147,1.6100000143051147,987,0.0,0.0
2024-10-24 14:35:00-04:00,1.6100000143051147,1.6100000143051147,1.6100000143051147,1.6100000143051147,100,0.0,0.0
2024-10-24 14:36:00-04:00,1.6100000143051147,1.6100000143051147,1.6083999872207642,1.6100000143051147,1000,0.0,0.0
2024-10-24 14:37:00-04:00,1.6100000143051147,1.6100000143051147,1.6050000190734863,1.6100000143051147,590,0.0,0.0
2024-10-24 14:38:00-04:00,1.6100000143051147,1.6100000143051147,1.6100000143051147,1.6100000143051147,100,0.0,0.0
2024-10-24 14:39:00-04:00,1.6050000190734863,1.6050000190734863,1.6050000190734863,1.6050000190734863,101,0.0,0.0
2024-10-24 14:40:00-04:00,1.6100000143051147,1.6100000143051147,1.6100000143051147,1.6100000143051147,268,0.0,0.0
2024-10-24 14:41:00-04:00,1.6100000143051147,1.6100000143051147,1.6100000143051147,1.6100000143051147,120,0.0,0.0
2024-10-24 14:42:00-04:00,1.6100000143051147,1.6100000143051147,1.6050000190734863,1.6050000190734863,36105,0.0,0.0
2024-10-24 14:43:00-04:00,1.6100000143051147,1.6100000143051147,1.6039999723434448,1.6100000143051147,31505,0.0,0.0
2024-10-24 14:44:00-04:00,1.6100000143051147,1.6100000143051147,1.6095000505447388,1.6100000143051147,2200,0.0,0.0
2024-10-24 14:45:00-04:00,1.6050000190734863,1.6100000143051147,1.600100040435791,1.6100000143051147,7050,0.0,0.0
2024-10-24 14:46:00-04:00,1.6100000143051147,1.6100000143051147,1.6050000190734863,1.6100000143051147,3245,0.0,0.0
2024-10-24 14:47:00-04:00,1.6100000143051147,1.6100000143051147,1.6100000143051147,1.6100000143051147,890,0.0,0.0
2024-10-24 14:48:00-04:00,1.6100000143051147,1.6100000143051147,1.6100000143051147,1.6100000143051147,22762,0.0,0.0
2024-10-24 14:49:00-04:00,1.6100000143051147,1.6100000143051147,1.6100000143051147,1.6100000143051147,600,0.0,0.0
2024-10-24 14:50:00-04:00,1.6100000143051147,1.6100000143051147,1.6100000143051147,1.6100000143051147,2269,0.0,0.0
2024-10-24 14:51:00-04:00,1.6100000143051147,1.6100000143051147,1.6100000143051147,1.6100000143051147,10946,0.0,0.0
2024-10-24 14:52:00-04:00,1.6100000143051147,1.6100000143051147,1.6100000143051147,1.6100000143051147,500,0.0,0.0
2024-10-24 14:53:00-04:00,1.6100000143051147,1.6100000143051147,1.6100000143051147,1.6100000143051147,26929,0.0,0.0
2024-10-24 14:54:00-04:00,1.6100000143051147,1.6100000143051147,1.6100000143051147,1.6100000143051147,6927,0.0,0.0
2024-10-24 14:55:00-04:00,1.6100000143051147,1.6100000143051147,1.6050000190734863,1.6100000143051147,4465,0.0,0.0
2024-10-24 14:56:00-04:00,1.6100000143051147,1.6100000143051147,1.6050000190734863,1.6100000143051147,3800,0.0,0.0
2024-10-24 14:57:00-04:00,1.6100000143051147,1.6100000143051147,1.6100000143051147,1.6100000143051147,100,0.0,0.0
2024-10-24 14:58:00-04:00,1.6100000143051147,1.6100000143051147,1.6100000143051147,1.6100000143051147,8465,0.0,0.0
2024-10-24 14:59:00-04:00,1.6100000143051147,1.6100000143051147,1.6050000190734863,1.6100000143051147,14503,0.0,0.0
2024-10-24 15:00:00-04:00,1.6050000190734863,1.6100000143051147,1.6050000190734863,1.6100000143051147,15551,0.0,0.0
2024-10-24 15:01:00-04:00,1.6100000143051147,1.6100000143051147,1.6050000190734863,1.6100000143051147,2029,0.0,0.0
2024-10-24 15:02:00-04:00,1.6085000038146973,1.6100000143051147,1.6085000038146973,1.6100000143051147,1227,0.0,0.0
2024-10-24 15:03:00-04:00,1.600100040435791,1.600100040435791,1.600100040435791,1.600100040435791,2800,0.0,0.0
2024-10-24 15:04:00-04:00,1.6100000143051147,1.6100000143051147,1.6050000190734863,1.6050000190734863,1369,0.0,0.0
2024-10-24 15:05:00-04:00,1.6100000143051147,1.6100000143051147,1.6050000190734863,1.6100000143051147,37873,0.0,0.0
2024-10-24 15:06:00-04:00,1.6100000143051147,1.6100000143051147,1.6050000190734863,1.6100000143051147,45420,0.0,0.0
2024-10-24 15:07:00-04:00,1.6100000143051147,1.6100000143051147,1.6100000143051147,1.6100000143051147,7800,0.0,0.0
2024-10-24 15:08:00-04:00,1.6100000143051147,1.6100000143051147,1.6100000143051147,1.6100000143051147,100,0.0,0.0
2024-10-24 15:09:00-04:00,1.6100000143051147,1.6100000143051147,1.6050000190734863,1.6100000143051147,3702,0.0,0.0
2024-10-24 15:10:00-04:00,1.6100000143051147,1.6100000143051147,1.6100000143051147,1.6100000143051147,1944,0.0,0.0
2024-10-24 15:11:00-04:00,1.6100000143051147,1.6100000143051147,1.6050000190734863,1.6050000190734863,46589,0.0,0.0
2024-10-24 15:12:00-04:00,1.6050000190734863,1.6100000143051147,1.6050000190734863,1.6100000143051147,300,0.0,0.0
2024-10-24 15:15:00-04:00,1.6100000143051147,1.6100000143051147,1.6050000190734863,1.6050000190734863,1162,0.0,0.0
2024-10-24 15:16:00-04:00,1.6100000143051147,1.6100000143051147,1.6098999977111816,1.6100000143051147,9908,0.0,0.0
2024-10-24 15:17:00-04:00,1.6050000190734863,1.6050000190734863,1.6050000190734863,1.6050000190734863,192,0.0,0.0
2024-10-24 15:18:00-04:00,1.6050000190734863,1.6050000190734863,1.6050000190734863,1.6050000190734863,1777,0.0,0.0
2024-10-24 15:19:00-04:00,1.6100000143051147,1.6100000143051147,1.6050000190734863,1.6050000190734863,500,0.0,0.0
2024-10-24 15:20:00-04:00,1.6050000190734863,1.6100000143051147,1.6050000190734863,1.6050000190734863,400,0.0,0.0
2024-10-24 15:21:00-04:00,1.6050000190734863,1.6100000143051147,1.6050000190734863,1.6050000190734863,3255,0.0,0.0
2024-10-24 15:22:00-04:00,1.6050000190734863,1.6050000190734863,1.6050000190734863,1.6050000190734863,200,0.0,0.0
2024-10-24 15:23:00-04:00,1.6050000190734863,1.6050000190734863,1.6050000190734863,1.6050000190734863,2587,0.0,0.0
2024-10-24 15:24:00-04:00,1.6050000190734863,1.6050000190734863,1.6050000190734863,1.6050000190734863,200,0.0,0.0
2024-10-24 15:25:00-04:00,1.6050000190734863,1.6100000143051147,1.6050000190734863,1.6050000190734863,300,0.0,0.0
2024-10-24 15:26:00-04:00,1.6050000190734863,1.6050000190734863,1.6050000190734863,1.6050000190734863,1135,0.0,0.0
2024-10-24 15:27:00-04:00,1.6050000190734863,1.6089999675750732,1.6050000190734863,1.6089999675750732,1765,0.0,0.0
2024-10-24 15:28:00-04:00,1.6050000190734863,1.6050000190734863,1.6050000190734863,1.6050000190734863,800,0.0,0.0
2024-10-24 15:29:00-04:00,1.6050000190734863,1.6050000190734863,1.6050000190734863,1.6050000190734863,437,0.0,0.0
2024-10-24 15:30:00-04:00,1.6050000190734863,1.6050000190734863,1.6050000190734863,1.6050000190734863,100,0.0,0.0
2024-10-24 15:31:00-04:00,1.6050000190734863,1.6050000190734863,1.600000023841858,1.600000023841858,1301,0.0,0.0
2024-10-24 15:32:00-04:00,1.6050000190734863,1.6050000190734863,1.6050000190734863,1.6050000190734863,700,0.0,0.0
2024-10-24 15:33:00-04:00,1.6050000190734863,1.6100000143051147,1.6050000190734863,1.6100000143051147,408,0.0,0.0
2024-10-24 15:34:00-04:00,1.6013000011444092,1.6050000190734863,1.6013000011444092,1.6050000190734863,697,0.0,0.0
2024-10-24 15:35:00-04:00,1.6100000143051147,1.6100000143051147,1.6100000143051147,1.6100000143051147,1370,0.0,0.0
2024-10-24 15:36:00-04:00,1.6050000190734863,1.6100000143051147,1.6050000190734863,1.6050000190734863,986,0.0,0.0
2024-10-24 15:37:00-04:00,1.6100000143051147,1.6100000143051147,1.6050000190734863,1.6050000190734863,200,0.0,0.0
2024-10-24 15:38:00-04:00,1.6050000190734863,1.6050000190734863,1.600000023841858,1.6050000190734863,9791,0.0,0.0
2024-10-24 15:39:00-04:00,1.6050000190734863,1.6050000190734863,1.6050000190734863,1.6050000190734863,482,0.0,0.0
2024-10-24 15:40:00-04:00,1.6050000190734863,1.6100000143051147,1.6050000190734863,1.6050000190734863,6855,0.0,0.0
2024-10-24 15:41:00-04:00,1.6050000190734863,1.6050000190734863,1.6050000190734863,1.6050000190734863,2859,0.0,0.0
2024-10-24 15:42:00-04:00,1.6050000190734863,1.6050000190734863,1.6004999876022339,1.6050000190734863,1629,0.0,0.0
2024-10-24 15:43:00-04:00,1.6050000190734863,1.6050000190734863,1.6050000190734863,1.6050000190734863,3885,0.0,0.0
2024-10-24 15:44:00-04:00,1.6050000190734863,1.6050000190734863,1.6050000190734863,1.6050000190734863,1969,0.0,0.0
2024-10-24 15:45:00-04:00,1.6100000143051147,1.6100000143051147,1.6050000190734863,1.6050000190734863,10555,0.0,0.0
2024-10-24 15:46:00-04:00,1.6050000190734863,1.6100000143051147,1.6050000190734863,1.6100000143051147,4252,0.0,0.0
2024-10-24 15:47:00-04:00,1.6050000190734863,1.6050000190734863,1.6050000190734863,1.6050000190734863,3393,0.0,0.0
2024-10-24 15:48:00-04:00,1.6050000190734863,1.6050000190734863,1.600000023841858,1.6050000190734863,10696,0.0,0.0
2024-10-24 15:49:00-04:00,1.6050000190734863,1.6100000143051147,1.604099988937378,1.604099988937378,8942,0.0,0.0
2024-10-24 15:50:00-04:00,1.6100000143051147,1.6100000143051147,1.6008000373840332,1.6100000143051147,42539,0.0,0.0
2024-10-24 15:51:00-04:00,1.6098999977111816,1.6100000143051147,1.6050000190734863,1.6050000190734863,9912,0.0,0.0
2024-10-24 15:52:00-04:00,1.6050000190734863,1.6100000143051147,1.6050000190734863,1.6050000190734863,5367,0.0,0.0
2024-10-24 15:53:00-04:00,1.6050000190734863,1.6100000143051147,1.6050000190734863,1.6100000143051147,5836,0.0,0.0
2024-10-24 15:54:00-04:00,1.6100000143051147,1.6100000143051147,1.6050000190734863,1.6100000143051147,5769,0.0,0.0
2024-10-24 15:55:00-04:00,1.6100000143051147,1.6100000143051147,1.600100040435791,1.6059999465942383,79694,0.0,0.0
2024-10-24 15:56:00-04:00,1.6050000190734863,1.6059999465942383,1.600100040435791,1.6050000190734863,49320,0.0,0.0
2024-10-24 15:57:00-04:00,1.6050000190734863,1.6100000143051147,1.600000023841858,1.6050000190734863,19578,0.0,0.0
2024-10-24 15:58:00-04:00,1.6050000190734863,1.6100000143051147,1.6017999649047852,1.6050000190734863,17310,0.0,0.0
2024-10-24 15:59:00-04:00,1.6059999465942383,1.6100000143051147,1.600000023841858,1.6050000190734863,76869,0.0,0.0
2024-10-25 09:30:00-04:00,1.6200000047683716,1.6200000047683716,1.6150000095367432,1.6150000095367432,8482,0.0,0.0
2024-10-25 09:31:00-04:00,1.6100000143051147,1.6150000095367432,1.6100000143051147,1.6100000143051147,22252,0.0,0.0
2024-10-25 09:32:00-04:00,1.6050000190734863,1.6050000190734863,1.6050000190734863,1.6050000190734863,401,0.0,0.0
2024-10-25 09:33:00-04:00,1.6098999977111816,1.6100000143051147,1.6050000190734863,1.6050000190734863,1660,0.0,0.0
2024-10-25 09:34:00-04:00,1.6050000190734863,1.6050000190734863,1.600000023841858,1.6050000190734863,7182,0.0,0.0
2024-10-25 09:36:00-04:00,1.600000023841858,1.600000023841858,1.5902999639511108,1.5902999639511108,101323,0.0,0.0
2024-10-25 09:38:00-04:00,1.590000033378601,1.590000033378601,1.590000033378601,1.590000033378601,7955,0.0,0.0
2024-10-25 09:39:00-04:00,1.590000033378601,1.590000033378601,1.590000033378601,1.590000033378601,4615,0.0,0.0
2024-10-25 09:40:00-04:00,1.590000033378601,1.590000033378601,1.590000033378601,1.590000033378601,7756,0.0,0.0
2024-10-25 09:41:00-04:00,1.590000033378601,1.59089994430542,1.590000033378601,1.59089994430542,7116,0.0,0.0
2024-10-25 09:42:00-04:00,1.59089994430542,1.5950000286102295,1.59089994430542,1.5950000286102295,5087,0.0,0.0
2024-10-25 09:43:00-04:00,1.5950000286102295,1.600000023841858,1.5950000286102295,1.5950000286102295,10200,0.0,0.0
2024-10-25 09:45:00-04:00,1.600000023841858,1.6050000190734863,1.600000023841858,1.600000023841858,90335,0.0,0.0
2024-10-25 09:46:00-04:00,1.600000023841858,1.600000023841858,1.590000033378601,1.590000033378601,33672,0.0,0.0
2024-10-25 09:47:00-04:00,1.590000033378601,1.5950000286102295,1.590000033378601,1.5950000286102295,7442,0.0,0.0
2024-10-25 09:49:00-04:00,1.5950000286102295,1.600000023841858,1.5950000286102295,1.5950000286102295,38028,0.0,0.0
2024-10-25 09:50:00-04:00,1.5913000106811523,1.600000023841858,1.5913000106811523,1.5950000286102295,5624,0.0,0.0
2024-10-25 09:51:00-04:00,1.5950000286102295,1.600000023841858,1.590000033378601,1.590000033378601,10322,0.0,0.0
2024-10-25 09:52:00-04:00,1.5982999801635742,1.600000023841858,1.590000033378601,1.5999000072479248,3390,0.0,0.0
2024-10-25 09:53:00-04:00,1.590000033378601,1.600000023841858,1.590000033378601,1.590000033378601,3330,0.0,0.0
2024-10-25 09:54:00-04:00,1.590000033378601,1.5950000286102295,1.590000033378601,1.590000033378601,19265,0.0,0.0
2024-10-25 09:55:00-04:00,1.600000023841858,1.600000023841858,1.590000033378601,1.5950000286102295,35310,0.0,0.0
2024-10-25 09:56:00-04:00,1.5950000286102295,1.5950000286102295,1.5950000286102295,1.5950000286102295,4924,0.0,0.0
2024-10-25 09:57:00-04:00,1.5950000286102295,1.5950000286102295,1.5914000272750854,1.5914000272750854,2873,0.0,0.0
2024-10-25 09:58:00-04:00,1.5950000286102295,1.600000023841858,1.5950000286102295,1.5950000286102295,61447,0.0,0.0
2024-10-25 09:59:00-04:00,1.600000023841858,1.600000023841858,1.5915000438690186,1.600000023841858,68314,0.0,0.0
2024-10-25 10:00:00-04:00,1.600000023841858,1.600000023841858,1.5950000286102295,1.5999000072479248,6488,0.0,0.0
2024-10-25 10:01:00-04:00,1.5950000286102295,1.5992000102996826,1.5950000286102295,1.5950000286102295,11940,0.0,0.0
2024-10-25 10:02:00-04:00,1.5950000286102295,1.600000023841858,1.593999981880188,1.600000023841858,45688,0.0,0.0
2024-10-25 10:03:00-04:00,1.600000023841858,1.6059999465942383,1.5950000286102295,1.6002999544143677,48425,0.0,0.0
2024-10-25 10:04:00-04:00,1.6100000143051147,1.6100000143051147,1.600000023841858,1.600000023841858,5428,0.0,0.0
2024-10-25 10:05:00-04:00,1.6050000190734863,1.6100000143051147,1.600000023841858,1.6050000190734863,65550,0.0,0.0
2024-10-25 10:06:00-04:00,1.6050000190734863,1.6050000190734863,1.6050000190734863,1.6050000190734863,22468,0.0,0.0
2024-10-25 10:07:00-04:00,1.6050000190734863,1.6050000190734863,1.6050000190734863,1.6050000190734863,4518,0.0,0.0
2024-10-25 10:08:00-04:00,1.6050000190734863,1.6050000190734863,1.6050000190734863,1.6050000190734863,4080,0.0,0.0
2024-10-25 10:09:00-04:00,1.6050000190734863,1.6050000190734863,1.6050000190734863,1.6050000190734863,6122,0.0,0.0
2024-10-25 10:10:00-04:00,1.6050000190734863,1.6100000143051147,1.6050000190734863,1.6050000190734863,27847,0.0,0.0
2024-10-25 10:11:00-04:00,1.6050000190734863,1.6050000190734863,1.600000023841858,1.600000023841858,2801,0.0,0.0
2024-10-25 10:12:00-04:00,1.600000023841858,1.6050000190734863,1.600000023841858,1.6050000190734863,3102,0.0,0.0
2024-10-25 10:13:00-04:00,1.600000023841858,1.6050000190734863,1.600000023841858,1.600000023841858,4061,0.0,0.0
2024-10-25 10:14:00-04:00,1.600000023841858,1.6050000190734863,1.600000023841858,1.600000023841858,4060,0.0,0.0
2024-10-25 10:15:00-04:00,1.6050000190734863,1.6050000190734863,1.600000023841858,1.6050000190734863,6633,0.0,0.0
2024-10-25 10:16:00-04:00,1.600000023841858,1.6100000143051147,1.600000023841858,1.6050000190734863,19188,0.0,0.0
2024-10-25 10:17:00-04:00,1.6050000190734863,1.6050000190734863,1.600000023841858,1.6050000190734863,5105,0.0,0.0
2024-10-25 10:18:00-04:00,1.6050000190734863,1.6050000190734863,1.6050000190734863,1.6050000190734863,5121,0.0,0.0
2024-10-25 10:19:00-04:00,1.6050000190734863,1.6050000190734863,1.600000023841858,1.6050000190734863,2210,0.0,0.0
2024-10-25 10:20:00-04:00,1.600000023841858,1.6050000190734863,1.600000023841858,1.6050000190734863,2524,0.0,0.0
2024-10-25 10:21:00-04:00,1.6050000190734863,1.6088000535964966,1.600000023841858,1.6050000190734863,5703,0.0,0.0
2024-10-25 10:22:00-04:00,1.6050000190734863,1.6100000143051147,1.600000023841858,1.600000023841858,9797,0.0,0.0
2024-10-25 10:23:00-04:00,1.6050000190734863,1.6050000190734863,1.600000023841858,1.600000023841858,2072,0.0,0.0
2024-10-25 10:24:00-04:00,1.6050000190734863,1.6100000143051147,1.600000023841858,1.6050000190734863,16138,0.0,0.0
2024-10-25 10:25:00-04:00,1.6050000190734863,1.6050000190734863,1.600000023841858,1.600000023841858,2135,0.0,0.0
2024-10-25 10:26:00-04:00,1.6050000190734863,1.6050000190734863,1.600000023841858,1.600000023841858,6714,0.0,0.0
2024-10-25 10:27:00-04:00,1.6050000190734863,1.6050000190734863,1.600000023841858,1.6050000190734863,4588,0.0,0.0
2024-10-25 10:28:00-04:00,1.6050000190734863,1.6100000143051147,1.600000023841858,1.600000023841858,6514,0.0,0.0
2024-10-25 10:29:00-04:00,1.600000023841858,1.6098999977111816,1.600000023841858,1.600000023841858,7865,0.0,0.0
2024-10-25 10:30:00-04:00,1.600000023841858,1.6050000190734863,1.600000023841858,1.600000023841858,6192,0.0,0.0
2024-10-25 10:31:00-04:00,1.600000023841858,1.6050000190734863,1.600000023841858,1.6050000190734863,38540,0.0,0.0
2024-10-25 10:32:00-04:00,1.600000023841858,1.6050000190734863,1.600000023841858,1.6050000190734863,9011,0.0,0.0
2024-10-25 10:33:00-04:00,1.6050000190734863,1.6100000143051147,1.600000023841858,1.606600046157837,26129,0.0,0.0
2024-10-25 10:34:00-04:00,1.6050000190734863,1.6100000143051147,1.6050000190734863,1.6050000190734863,123810,0.0,0.0
2024-10-25 10:35:00-04:00,1.6050000190734863,1.6050000190734863,1.6050000190734863,1.6050000190734863,2760,0.0,0.0
2024-10-25 10:36:00-04:00,1.6050000190734863,1.6050000190734863,1.6050000190734863,1.6050000190734863,4502,0.0,0.0
2024-10-25 10:37:00-04:00,1.6050000190734863,1.6100000143051147,1.6050000190734863,1.6100000143051147,69434,0.0,0.0
2024-10-25 10:38:00-04:00,1.6050000190734863,1.6100000143051147,1.6050000190734863,1.6100000143051147,15520,0.0,0.0
2024-10-25 10:39:00-04:00,1.6100000143051147,1.6150000095367432,1.6100000143051147,1.6150000095367432,72697,0.0,0.0
2024-10-25 10:40:00-04:00,1.6150000095367432,1.6150000095367432,1.6150000095367432,1.6150000095367432,2726,0.0,0.0
2024-10-25 10:41:00-04:00,1.6150000095367432,1.6150000095367432,1.6150000095367432,1.6150000095367432,3231,0.0,0.0
2024-10-25 10:42:00-04:00,1.6150000095367432,1.6200000047683716,1.6100000143051147,1.6100000143051147,7634,0.0,0.0
2024-10-25 10:43:00-04:00,1.6100000143051147,1.6200000047683716,1.6100000143051147,1.6100000143051147,40773,0.0,0.0
2024-10-25 10:44:00-04:00,1.6100000143051147,1.6100000143051147,1.6100000143051147,1.6100000143051147,3256,0.0,0.0
2024-10-25 10:45:00-04:00,1.6100000143051147,1.6100000143051147,1.6100000143051147,1.6100000143051147,2825,0.0,0.0
2024-10-25 10:46:00-04:00,1.6100000143051147,1.6100000143051147,1.6100000143051147,1.6100000143051147,3935,0.0,0.0
2024-10-25 10:47:00-04:00,1.6100000143051147,1.6150000095367432,1.6100000143051147,1.6100000143051147,5349,0.0,0.0
2024-10-25 10:48:00-04:00,1.6100000143051147,1.6150000095367432,1.6100000143051147,1.6100000143051147,6798,0.0,0.0
2024-10-25 10:49:00-04:00,1.6100000143051147,1.6200000047683716,1.6100000143051147,1.6150000095367432,15962,0.0,0.0
2024-10-25 10:50:00-04:00,1.6150000095367432,1.6150000095367432,1.6100000143051147,1.6150000095367432,8284,0.0,0.0
2024-10-25 10:51:00-04:00,1.6100000143051147,1.6150000095367432,1.6100000143051147,1.6150000095367432,5170,0.0,0.0
2024-10-25 10:52:00-04:00,1.6150000095367432,1.6150000095367432,1.6100000143051147,1.6150000095367432,4564,0.0,0.0
2024-10-25 10:53:00-04:00,1.6100000143051147,1.6150000095367432,1.6100000143051147,1.6150000095367432,24414,0.0,0.0
2024-10-25 10:54:00-04:00,1.6100000143051147,1.6200000047683716,1.6100000143051147,1.6150000095367432,52084,0.0,0.0
2024-10-25 10:55:00-04:00,1.6100000143051147,1.6150000095367432,1.6100000143051147,1.6100000143051147,3412,0.0,0.0
2024-10-25 10:56:00-04:00,1.6150000095367432,1.6150000095367432,1.6100000143051147,1.6150000095367432,11926,0.0,0.0
2024-10-25 10:57:00-04:00,1.6100000143051147,1.6150000095367432,1.6100000143051147,1.6150000095367432,3358,0.0,0.0
2024-10-25 10:58:00-04:00,1.6150000095367432,1.625,1.6100000143051147,1.625,70179,0.0,0.0
2024-10-25 10:59:00-04:00,1.625,1.625,1.625,1.625,30633,0.0,0.0
2024-10-25 11:00:00-04:00,1.625,1.625,1.625,1.625,400,0.0,0.0
2024-10-25 11:01:00-04:00,1.625,1.629699945449829,1.625,1.625,5329,0.0,0.0
2024-10-25 11:03:00-04:00,1.628100037574768,1.6299999952316284,1.625,1.625,32598,0.0,0.0
2024-10-25 11:05:00-04:00,1.625,1.625,1.625,1.625,6398,0.0,0.0
2024-10-25 11:06:00-04:00,1.625,1.625,1.625,1.625,4336,0.0,0.0
2024-10-25 11:10:00-04:00,1.625,1.6299999952316284,1.625,1.6299999952316284,40133,0.0,0.0
2024-10-25 11:15:00-04:00,1.625,1.625,1.625,1.625,26953,0.0,0.0
2024-10-25 11:17:00-04:00,1.625,1.625,1.625,1.625,13781,0.0,0.0
2024-10-25 11:25:00-04:00,1.625,1.625,1.625,1.625,57033,0.0,0.0
2024-10-25 11:26:00-04:00,1.6200000047683716,1.6200000047683716,1.6200000047683716,1.6200000047683716,5476,0.0,0.0
2024-10-25 11:27:00-04:00,1.6200000047683716,1.6200000047683716,1.6200000047683716,1.6200000047683716,4556,0.0,0.0
2024-10-25 11:28:00-04:00,1.6200000047683716,1.6200000047683716,1.6200000047683716,1.6200000047683716,220,0.0,0.0
2024-10-25 11:29:00-04:00,1.6200000047683716,1.6200000047683716,1.6200000047683716,1.6200000047683716,4525,0.0,0.0
2024-10-25 11:30:00-04:00,1.625,1.625,1.6200000047683716,1.6200000047683716,4669,0.0,0.0
2024-10-25 11:31:00-04:00,1.6200000047683716,1.6200000047683716,1.6200000047683716,1.6200000047683716,4505,0.0,0.0
2024-10-25 11:32:00-04:00,1.6200000047683716,1.6200000047683716,1.6200000047683716,1.6200000047683716,9703,0.0,0.0
2024-10-25 11:33:00-04:00,1.6200000047683716,1.625,1.6200000047683716,1.6200000047683716,14947,0.0,0.0
2024-10-25 11:34:00-04:00,1.6200000047683716,1.6200000047683716,1.6200000047683716,1.6200000047683716,203,0.0,0.0
2024-10-25 11:35:00-04:00,1.6201000213623047,1.6201000213623047,1.6200000047683716,1.6200000047683716,6438,0.0,0.0
2024-10-25 11:36:00-04:00,1.6200000047683716,1.6200000047683716,1.6200000047683716,1.6200000047683716,132,0.0,0.0
2024-10-25 11:37:00-04:00,1.6200000047683716,1.6200000047683716,1.6100000143051147,1.6150000095367432,78576,0.0,0.0
2024-10-25 11:38:00-04:00,1.6150000095367432,1.6150000095367432,1.6100000143051147,1.6150000095367432,1590,0.0,0.0
2024-10-25 11:39:00-04:00,1.6150000095367432,1.6150000095367432,1.6100000143051147,1.6150000095367432,500,0.0,0.0
2024-10-25 11:40:00-04:00,1.6150000095367432,1.6150000095367432,1.6100000143051147,1.6150000095367432,12998,0.0,0.0
2024-10-25 11:41:00-04:00,1.6100000143051147,1.6150000095367432,1.6100000143051147,1.6100000143051147,5385,0.0,0.0
2024-10-25 11:42:00-04:00,1.6150000095367432,1.6150000095367432,1.6100000143051147,1.6150000095367432,26689,0.0,0.0
2024-10-25 11:43:00-04:00,1.6150000095367432,1.6188000440597534,1.6100000143051147,1.6188000440597534,5550,0.0,0.0
2024-10-25 11:44:00-04:00,1.6100000143051147,1.6150000095367432,1.6100000143051147,1.6150000095367432,5206,0.0,0.0
2024-10-25 11:45:00-04:00,1.6100000143051147,1.618399977684021,1.6100000143051147,1.618399977684021,980,0.0,0.0
2024-10-25 11:46:00-04:00,1.6100000143051147,1.6100000143051147,1.6100000143051147,1.6100000143051147,5821,0.0,0.0
2024-10-25 11:47:00-04:00,1.6100000143051147,1.6150000095367432,1.6100000143051147,1.6100000143051147,6725,0.0,0.0
2024-10-25 11:48:00-04:00,1.6100000143051147,1.6150000095367432,1.6100000143051147,1.6100000143051147,4955,0.0,0.0
2024-10-25 11:49:00-04:00,1.6100000143051147,1.6150000095367432,1.6100000143051147,1.6100000143051147,16320,0.0,0.0
2024-10-25 11:50:00-04:00,1.6100000143051147,1.6100000143051147,1.6100000143051147,1.6100000143051147,311,0.0,0.0
2024-10-25 11:51:00-04:00,1.6100000143051147,1.6100000143051147,1.6100000143051147,1.6100000143051147,5545,0.0,0.0
2024-10-25 11:52:00-04:00,1.6100000143051147,1.6100000143051147,1.6100000143051147,1.6100000143051147,7315,0.0,0.0
2024-10-25 11:53:00-04:00,1.6100000143051147,1.6100000143051147,1.6100000143051147,1.6100000143051147,1000,0.0,0.0
2024-10-25 11:54:00-04:00,1.6100000143051147,1.6100000143051147,1.600000023841858,1.600000023841858,61555,0.0,0.0
2024-10-25 11:55:00-04:00,1.6050000190734863,1.6050000190734863,1.6050000190734863,1.6050000190734863,7342,0.0,0.0
2024-10-25 11:56:00-04:00,1.600000023841858,1.6050000190734863,1.600000023841858,1.6050000190734863,595,0.0,0.0
2024-10-25 11:57:00-04:00,1.6050000190734863,1.6050000190734863,1.600000023841858,1.6050000190734863,5596,0.0,0.0
2024-10-25 11:58:00-04:00,1.600000023841858,1.6050000190734863,1.600000023841858,1.6050000190734863,6356,0.0,0.0
2024-10-25 11:59:00-04:00,1.6080000400543213,1.6100000143051147,1.600000023841858,1.600000023841858,28300,0.0,0.0
2024-10-25 12:00:00-04:00,1.6050000190734863,1.6050000190734863,1.6050000190734863,1.6050000190734863,4580,0.0,0.0
2024-10-25 12:01:00-04:00,1.600000023841858,1.6050000190734863,1.600000023841858,1.600000023841858,4422,0.0,0.0
2024-10-25 12:02:00-04:00,1.6050000190734863,1.6050000190734863,1.600000023841858,1.6050000190734863,6180,0.0,0.0
2024-10-25 12:03:00-04:00,1.600000023841858,1.6050000190734863,1.600000023841858,1.6050000190734863,3100,0.0,0.0
2024-10-25 12:04:00-04:00,1.6050000190734863,1.6050000190734863,1.600000023841858,1.6050000190734863,6490,0.0,0.0
2024-10-25 12:05:00-04:00,1.600000023841858,1.6150000095367432,1.600000023841858,1.6150000095367432,63792,0.0,0.0
2024-10-25 12:06:00-04:00,1.6150000095367432,1.6150000095367432,1.6100000143051147,1.6150000095367432,7127,0.0,0.0
2024-10-25 12:07:00-04:00,1.6150000095367432,1.6150000095367432,1.6150000095367432,1.6150000095367432,1025,0.0,0.0
2024-10-25 12:08:00-04:00,1.61489999294281,1.6150000095367432,1.6100000143051147,1.6100000143051147,5599,0.0,0.0
2024-10-25 12:09:00-04:00,1.6100000143051147,1.6160000562667847,1.6100000143051147,1.6100000143051147,6432,0.0,0.0
2024-10-25 12:10:00-04:00,1.6100000143051147,1.6200000047683716,1.6100000143051147,1.6150000095367432,22100,0.0,0.0
2024-10-25 12:11:00-04:00,1.6100000143051147,1.6101000308990479,1.6100000143051147,1.6100000143051147,5784,0.0,0.0
2024-10-25 12:12:00-04:00,1.6100000143051147,1.6100000143051147,1.6100000143051147,1.6100000143051147,5259,0.0,0.0
2024-10-25 12:13:00-04:00,1.6100000143051147,1.6160000562667847,1.6100000143051147,1.6100000143051147,12213,0.0,0.0
2024-10-25 12:14:00-04:00,1.6160000562667847,1.6160000562667847,1.6100000143051147,1.6100000143051147,17819,0.0,0.0
2024-10-25 12:15:00-04:00,1.6100000143051147,1.6180000305175781,1.6100000143051147,1.6100000143051147,7180,0.0,0.0
2024-10-25 12:16:00-04:00,1.6100000143051147,1.6150000095367432,1.6100000143051147,1.6100000143051147,6511,0.0,0.0
2024-10-25 12:17:00-04:00,1.6100000143051147,1.6100000143051147,1.6100000143051147,1.6100000143051147,4830,0.0,0.0
2024-10-25 12:18:00-04:00,1.6100000143051147,1.6100000143051147,1.6100000143051147,1.6100000143051147,9483,0.0,0.0
2024-10-25 12:19:00-04:00,1.6100000143051147,1.6100000143051147,1.6100000143051147,1.6100000143051147,4567,0.0,0.0
2024-10-25 12:20:00-04:00,1.6100000143051147,1.6100000143051147,1.6100000143051147,1.6100000143051147,6080,0.0,0.0
2024-10-25 12:21:00-04:00,1.6100000143051147,1.61080002784729,1.6100000143051147,1.61080002784729,6086,0.0,0.0
2024-10-25 12:22:00-04:00,1.6100000143051147,1.6100000143051147,1.6100000143051147,1.6100000143051147,5869,0.0,0.0
2024-10-25 12:23:00-04:00,1.6100000143051147,1.6100000143051147,1.6100000143051147,1.6100000143051147,22108,0.0,0.0
2024-10-25 12:24:00-04:00,1.6100000143051147,1.6101000308990479,1.6100000143051147,1.6100000143051147,6079,0.0,0.0
2024-10-25 12:25:00-04:00,1.6100000143051147,1.6150000095367432,1.6100000143051147,1.6100000143051147,6223,0.0,0.0
2024-10-25 12:26:00-04:00,1.6100000143051147,1.6100000143051147,1.6100000143051147,1.6100000143051147,6625,0.0,0.0
2024-10-25 12:27:00-04:00,1.6100000143051147,1.6100000143051147,1.6100000143051147,1.6100000143051147,4949,0.0,0.0
2024-10-25 12:28:00-04:00,1.6100000143051147,1.611199975013733,1.6100000143051147,1.6100000143051147,13843,0.0,0.0
2024-10-25 12:29:00-04:00,1.6100000143051147,1.6150000095367432,1.6100000143051147,1.6100000143051147,28692,0.0,0.0
2024-10-25 12:30:00-04:00,1.6100000143051147,1.6160000562667847,1.6100000143051147,1.6100000143051147,2126,0.0,0.0
2024-10-25 12:31:00-04:00,1.6100000143051147,1.6100000143051147,1.6039999723434448,1.6050000190734863,15988,0.0,0.0
2024-10-25 12:32:00-04:00,1.6050000190734863,1.6050000190734863,1.6050000190734863,1.6050000190734863,150,0.0,0.0
2024-10-25 12:33:00-04:00,1.6098999977111816,1.6098999977111816,1.6050000190734863,1.6050000190734863,35420,0.0,0.0
2024-10-25 12:34:00-04:00,1.6100000143051147,1.6100000143051147,1.6039999723434448,1.6100000143051147,8402,0.0,0.0
2024-10-25 12:35:00-04:00,1.6100000143051147,1.6150000095367432,1.6096999645233154,1.6150000095367432,65136,0.0,0.0
2024-10-25 12:36:00-04:00,1.6150000095367432,1.6150000095367432,1.6150000095367432,1.6150000095367432,130,0.0,0.0
2024-10-25 12:37:00-04:00,1.6150000095367432,1.6200000047683716,1.6150000095367432,1.6200000047683716,11306,0.0,0.0
2024-10-25 12:39:00-04:00,1.6200000047683716,1.6200000047683716,1.6139999628067017,1.6198999881744385,30206,0.0,0.0
2024-10-25 12:40:00-04:00,1.6200000047683716,1.6200000047683716,1.6196999549865723,1.6198999881744385,4024,0.0,0.0
2024-10-25 12:42:00-04:00,1.6200000047683716,1.6200000047683716,1.6200000047683716,1.6200000047683716,260,0.0,0.0
2024-10-25 12:43:00-04:00,1.6200000047683716,1.6200000047683716,1.6200000047683716,1.6200000047683716,100,0.0,0.0
2024-10-25 12:44:00-04:00,1.6200000047683716,1.625,1.6200000047683716,1.625,36198,0.0,0.0
2024-10-25 12:45:00-04:00,1.625,1.625,1.6101000308990479,1.6150000095367432,196052,0.0,0.0
2024-10-25 12:46:00-04:00,1.6150000095367432,1.6150000095367432,1.6150000095367432,1.6150000095367432,7850,0.0,0.0
2024-10-25 12:47:00-04:00,1.6150000095367432,1.6150000095367432,1.6150000095367432,1.6150000095367432,1821,0.0,0.0
2024-10-25 12:49:00-04:00,1.6150000095367432,1.6150000095367432,1.6150000095367432,1.6150000095367432,749,0.0,0.0
2024-10-25 12:50:00-04:00,1.6140999794006348,1.6200000047683716,1.6140999794006348,1.6150000095367432,47796,0.0,0.0
2024-10-25 12:51:00-04:00,1.6150000095367432,1.6150000095367432,1.6150000095367432,1.6150000095367432,760,0.0,0.0
2024-10-25 12:52:00-04:00,1.6150000095367432,1.6150000095367432,1.6150000095367432,1.6150000095367432,556,0.0,0.0
2024-10-25 12:54:00-04:00,1.6150000095367432,1.6150000095367432,1.6150000095367432,1.6150000095367432,100,0.0,0.0
2024-10-25 12:55:00-04:00,1.6150000095367432,1.6150000095367432,1.6150000095367432,1.6150000095367432,10122,0.0,0.0
2024-10-25 12:57:00-04:00,1.6150000095367432,1.6150000095367432,1.6100000143051147,1.6100000143051147,322,0.0,0.0
2024-10-25 12:58:00-04:00,1.6100000143051147,1.6150000095367432,1.6100000143051147,1.6150000095367432,3207,0.0,0.0
2024-10-25 12:59:00-04:00,1.6150000095367432,1.6150000095367432,1.6150000095367432,1.6150000095367432,405,0.0,0.0
2024-10-25 13:00:00-04:00,1.6150000095367432,1.6150000095367432,1.6150000095367432,1.6150000095367432,2902,0.0,0.0
2024-10-25 13:01:00-04:00,1.6150000095367432,1.6150000095367432,1.6150000095367432,1.6150000095367432,417,0.0,0.0
2024-10-25 13:03:00-04:00,1.6150000095367432,1.6150000095367432,1.6150000095367432,1.6150000095367432,959,0.0,0.0
2024-10-25 13:04:00-04:00,1.6100000143051147,1.6100000143051147,1.6100000143051147,1.6100000143051147,200,0.0,0.0
2024-10-25 13:05:00-04:00,1.6100000143051147,1.6100000143051147,1.6100000143051147,1.6100000143051147,110,0.0,0.0
2024-10-25 13:06:00-04:00,1.6100000143051147,1.6150000095367432,1.6100000143051147,1.6150000095367432,5004,0.0,0.0
2024-10-25 13:07:00-04:00,1.6100000143051147,1.6100000143051147,1.6100000143051147,1.6100000143051147,358,0.0,0.0
2024-10-25 13:08:00-04:00,1.6100000143051147,1.6150000095367432,1.6100000143051147,1.6100000143051147,390,0.0,0.0
2024-10-25 13:09:00-04:00,1.6150000095367432,1.6150000095367432,1.6100000143051147,1.6100000143051147,200,0.0,0.0
2024-10-25 13:10:00-04:00,1.6150000095367432,1.6150000095367432,1.6100000143051147,1.6150000095367432,2411,0.0,0.0
2024-10-25 13:11:00-04:00,1.6100000143051147,1.6150000095367432,1.6100000143051147,1.6100000143051147,493,0.0,0.0
2024-10-25 13:12:00-04:00,1.6100000143051147,1.6160000562667847,1.6100000143051147,1.6160000562667847,280,0.0,0.0
2024-10-25 13:13:00-04:00,1.6150000095367432,1.6150000095367432,1.6100000143051147,1.6150000095367432,2670,0.0,0.0
2024-10-25 13:14:00-04:00,1.6100000143051147,1.6150000095367432,1.6100000143051147,1.6150000095367432,7110,0.0,0.0
2024-10-25 13:15:00-04:00,1.6100000143051147,1.6100000143051147,1.6100000143051147,1.6100000143051147,191,0.0,0.0
2024-10-25 13:16:00-04:00,1.6100000143051147,1.6100000143051147,1.6100000143051147,1.6100000143051147,271,0.0,0.0
2024-10-25 13:17:00-04:00,1.6150000095367432,1.6150000095367432,1.6100000143051147,1.6100000143051147,204,0.0,0.0
2024-10-25 13:18:00-04:00,1.6150000095367432,1.6150000095367432,1.6100000143051147,1.6100000143051147,238,0.0,0.0
2024-10-25 13:19:00-04:00,1.614400029182434,1.6150000095367432,1.614400029182434,1.6150000095367432,2761,0.0,0.0
2024-10-25 13:20:00-04:00,1.6100000143051147,1.6100000143051147,1.6100000143051147,1.6100000143051147,127,0.0,0.0
2024-10-25 13:21:00-04:00,1.6100000143051147,1.6100000143051147,1.6100000143051147,1.6100000143051147,187,0.0,0.0
2024-10-25 13:22:00-04:00,1.6100000143051147,1.6100000143051147,1.6100000143051147,1.6100000143051147,177,0.0,0.0
2024-10-25 13:23:00-04:00,1.6100000143051147,1.6150000095367432,1.6100000143051147,1.6150000095367432,347,0.0,0.0
2024-10-25 13:24:00-04:00,1.6100000143051147,1.6150000095367432,1.6100000143051147,1.6150000095367432,1238,0.0,0.0
2024-10-25 13:25:00-04:00,1.6100000143051147,1.6100000143051147,1.6100000143051147,1.6100000143051147,151,0.0,0.0
2024-10-25 13:27:00-04:00,1.6100000143051147,1.6100000143051147,1.6100000143051147,1.6100000143051147,177,0.0,0.0
2024-10-25 13:28:00-04:00,1.6100000143051147,1.6100000143051147,1.6100000143051147,1.6100000143051147,224,0.0,0.0
2024-10-25 13:29:00-04:00,1.6100000143051147,1.6100000143051147,1.6100000143051147,1.6100000143051147,160,0.0,0.0
2024-10-25 13:30:00-04:00,1.6116000413894653,1.6150000095367432,1.6116000413894653,1.6150000095367432,1106,0.0,0.0
2024-10-25 13:31:00-04:00,1.6100000143051147,1.6100000143051147,1.6100000143051147,1.6100000143051147,200,0.0,0.0
2024-10-25 13:32:00-04:00,1.6150000095367432,1.6150000095367432,1.6100000143051147,1.6100000143051147,517,0.0,0.0
2024-10-25 13:33:00-04:00,1.6150000095367432,1.6150000095367432,1.6150000095367432,1.6150000095367432,688,0.0,0.0
2024-10-25 13:34:00-04:00,1.6100000143051147,1.6100000143051147,1.6100000143051147,1.6100000143051147,197,0.0,0.0
2024-10-25 13:35:00-04:00,1.6150000095367432,1.6150000095367432,1.6150000095367432,1.6150000095367432,767,0.0,0.0
2024-10-25 13:36:00-04:00,1.6100000143051147,1.6100000143051147,1.6100000143051147,1.6100000143051147,187,0.0,0.0
2024-10-25 13:38:00-04:00,1.6100000143051147,1.6100000143051147,1.6100000143051147,1.6100000143051147,184,0.0,0.0
2024-10-25 13:39:00-04:00,1.6150000095367432,1.6150000095367432,1.6100000143051147,1.6100000143051147,420,0.0,0.0
2024-10-25 13:41:00-04:00,1.6150000095367432,1.6150000095367432,1.6100000143051147,1.6100000143051147,235,0.0,0.0
2024-10-25 13:43:00-04:00,1.6100000143051147,1.6100000143051147,1.6100000143051147,1.6100000143051147,128,0.0,0.0
2024-10-25 13:44:00-04:00,1.6150000095367432,1.6150000095367432,1.6100000143051147,1.6100000143051147,2544,0.0,0.0
2024-10-25 13:45:00-04:00,1.6100000143051147,1.6100000143051147,1.6100000143051147,1.6100000143051147,247,0.0,0.0
2024-10-25 13:47:00-04:00,1.6100000143051147,1.6100000143051147,1.6100000143051147,1.6100000143051147,108,0.0,0.0
2024-10-25 13:48:00-04:00,1.6200000047683716,1.6200000047683716,1.6200000047683716,1.6200000047683716,707,0.0,0.0
2024-10-25 13:49:00-04:00,1.6100000143051147,1.6100000143051147,1.6100000143051147,1.6100000143051147,117,0.0,0.0
2024-10-25 13:51:00-04:00,1.6100000143051147,1.6100000143051147,1.6100000143051147,1.6100000143051147,121,0.0,0.0
2024-10-25 13:52:00-04:00,1.6100000143051147,1.6100000143051147,1.6100000143051147,1.6100000143051147,100,0.0,0.0
2024-10-25 13:53:00-04:00,1.6160000562667847,1.6160000562667847,1.6150000095367432,1.6150000095367432,361,0.0,0.0
2024-10-25 13:54:00-04:00,1.6100000143051147,1.6150000095367432,1.6100000143051147,1.6100000143051147,318,0.0,0.0
2024-10-25 13:55:00-04:00,1.6100000143051147,1.6100000143051147,1.6100000143051147,1.6100000143051147,107,0.0,0.0
2024-10-25 13:56:00-04:00,1.6100000143051147,1.6100000143051147,1.6100000143051147,1.6100000143051147,102,0.0,0.0
2024-10-25 13:57:00-04:00,1.6100000143051147,1.6100000143051147,1.6100000143051147,1.6100000143051147,214,0.0,0.0
2024-10-25 13:58:00-04:00,1.6100000143051147,1.6100000143051147,1.6100000143051147,1.6100000143051147,100,0.0,0.0
2024-10-25 13:59:00-04:00,1.6100000143051147,1.6100000143051147,1.6100000143051147,1.6100000143051147,208,0.0,0.0
2024-10-25 14:00:00-04:00,1.6100000143051147,1.6100000143051147,1.6100000143051147,1.6100000143051147,1016,0.0,0.0
2024-10-25 14:02:00-04:00,1.6150000095367432,1.6150000095367432,1.6150000095367432,1.6150000095367432,423,0.0,0.0
2024-10-25 14:03:00-04:00,1.6100000143051147,1.6150000095367432,1.6100000143051147,1.6150000095367432,1749,0.0,0.0
2024-10-25 14:07:00-04:00,1.6150000095367432,1.6150000095367432,1.6100000143051147,1.6100000143051147,824,0.0,0.0
2024-10-25 14:08:00-04:00,1.6100000143051147,1.6100000143051147,1.6100000143051147,1.6100000143051147,100,0.0,0.0
2024-10-25 14:09:00-04:00,1.6150000095367432,1.6150000095367432,1.6100000143051147,1.6100000143051147,707,0.0,0.0
2024-10-25 14:10:00-04:00,1.6100000143051147,1.6100000143051147,1.6100000143051147,1.6100000143051147,307,0.0,0.0
2024-10-25 14:11:00-04:00,1.6100000143051147,1.6100000143051147,1.6100000143051147,1.6100000143051147,108,0.0,0.0
2024-10-25 14:12:00-04:00,1.6100000143051147,1.6100000143051147,1.6100000143051147,1.6100000143051147,228,0.0,0.0
2024-10-25 14:13:00-04:00,1.6100000143051147,1.6100000143051147,1.6100000143051147,1.6100000143051147,100,0.0,0.0
2024-10-25 14:14:00-04:00,1.6100000143051147,1.6100000143051147,1.6100000143051147,1.6100000143051147,125,0.0,0.0
2024-10-25 14:15:00-04:00,1.6100000143051147,1.6150000095367432,1.6100000143051147,1.6100000143051147,717,0.0,0.0
2024-10-25 14:16:00-04:00,1.6100000143051147,1.6100000143051147,1.6100000143051147,1.6100000143051147,178,0.0,0.0
2024-10-25 14:17:00-04:00,1.6100000143051147,1.6100000143051147,1.6100000143051147,1.6100000143051147,308,0.0,0.0
2024-10-25 14:18:00-04:00,1.6100000143051147,1.6100000143051147,1.6100000143051147,1.6100000143051147,127,0.0,0.0
2024-10-25 14:19:00-04:00,1.6100000143051147,1.6100000143051147,1.6100000143051147,1.6100000143051147,120,0.0,0.0
2024-10-25 14:20:00-04:00,1.6100000143051147,1.6145999431610107,1.6100000143051147,1.6100000143051147,1207,0.0,0.0
2024-10-25 14:21:00-04:00,1.6100000143051147,1.6100000143051147,1.6100000143051147,1.6100000143051147,218,0.0,0.0
2024-10-25 14:22:00-04:00,1.6100000143051147,1.6100000143051147,1.6100000143051147,1.6100000143051147,207,0.0,0.0
2024-10-25 14:23:00-04:00,1.6100000143051147,1.6150000095367432,1.6100000143051147,1.6150000095367432,218,0.0,0.0
2024-10-25 14:24:00-04:00,1.6100000143051147,1.6150000095367432,1.6100000143051147,1.6100000143051147,1223,0.0,0.0
2024-10-25 14:25:00-04:00,1.6100000143051147,1.6100000143051147,1.6100000143051147,1.6100000143051147,107,0.0,0.0
2024-10-25 14:26:00-04:00,1.6100000143051147,1.6100000143051147,1.6100000143051147,1.6100000143051147,100,0.0,0.0
2024-10-25 14:27:00-04:00,1.6100000143051147,1.6100000143051147,1.6100000143051147,1.6100000143051147,247,0.0,0.0
2024-10-25 14:28:00-04:00,1.6100000143051147,1.6100000143051147,1.6100000143051147,1.6100000143051147,107,0.0,0.0
2024-10-25 14:29:00-04:00,1.6100000143051147,1.6150000095367432,1.6100000143051147,1.6100000143051147,507,0.0,0.0
2024-10-25 14:30:00-04:00,1.6150000095367432,1.6150000095367432,1.6100000143051147,1.6100000143051147,208,0.0,0.0
2024-10-25 14:31:00-04:00,1.6100000143051147,1.6100000143051147,1.6100000143051147,1.6100000143051147,108,0.0,0.0
2024-10-25 14:32:00-04:00,1.6100000143051147,1.6150000095367432,1.6100000143051147,1.6100000143051147,651,0.0,0.0
2024-10-25 14:33:00-04:00,1.6100000143051147,1.6100000143051147,1.6100000143051147,1.6100000143051147,107,0.0,0.0
2024-10-25 14:34:00-04:00,1.6100000143051147,1.6100000143051147,1.6100000143051147,1.6100000143051147,227,0.0,0.0
2024-10-25 14:35:00-04:00,1.6100000143051147,1.6200000047683716,1.6100000143051147,1.6150000095367432,597,0.0,0.0
2024-10-25 14:36:00-04:00,1.6100000143051147,1.6150000095367432,1.6100000143051147,1.6100000143051147,364,0.0,0.0
2024-10-25 14:37:00-04:00,1.6100000143051147,1.6100000143051147,1.6100000143051147,1.6100000143051147,238,0.0,0.0
2024-10-25 14:38:00-04:00,1.6100000143051147,1.6100000143051147,1.6100000143051147,1.6100000143051147,305,0.0,0.0
2024-10-25 14:39:00-04:00,1.6150000095367432,1.6150000095367432,1.6100000143051147,1.6100000143051147,213,0.0,0.0
2024-10-25 14:40:00-04:00,1.6100000143051147,1.6150000095367432,1.6100000143051147,1.6100000143051147,2240,0.0,0.0
2024-10-25 14:41:00-04:00,1.6150000095367432,1.6150000095367432,1.6100000143051147,1.6150000095367432,1277,0.0,0.0
2024-10-25 14:42:00-04:00,1.6100000143051147,1.6100000143051147,1.6100000143051147,1.6100000143051147,300,0.0,0.0
2024-10-25 14:43:00-04:00,1.6100000143051147,1.6100000143051147,1.6100000143051147,1.6100000143051147,110,0.0,0.0
2024-10-25 14:44:00-04:00,1.6150000095367432,1.6150000095367432,1.6100000143051147,1.6100000143051147,251,0.0,0.0
2024-10-25 14:45:00-04:00,1.6100000143051147,1.6200000047683716,1.6100000143051147,1.6100000143051147,1449,0.0,0.0
2024-10-25 14:46:00-04:00,1.6100000143051147,1.6100000143051147,1.6100000143051147,1.6100000143051147,341,0.0,0.0
2024-10-25 14:47:00-04:00,1.6150000095367432,1.6150000095367432,1.6100000143051147,1.6100000143051147,365,0.0,0.0
2024-10-25 14:48:00-04:00,1.6100000143051147,1.6150000095367432,1.6100000143051147,1.6100000143051147,440,0.0,0.0
2024-10-25 14:49:00-04:00,1.610200047492981,1.610200047492981,1.6100000143051147,1.6100000143051147,796,0.0,0.0
2024-10-25 14:50:00-04:00,1.6100000143051147,1.6100000143051147,1.6100000143051147,1.6100000143051147,351,0.0,0.0
2024-10-25 14:51:00-04:00,1.6100000143051147,1.6100000143051147,1.6100000143051147,1.6100000143051147,181,0.0,0.0
2024-10-25 14:52:00-04:00,1.6200000047683716,1.6200000047683716,1.6100000143051147,1.6100000143051147,2354,0.0,0.0
2024-10-25 14:53:00-04:00,1.6100000143051147,1.6100000143051147,1.6100000143051147,1.6100000143051147,291,0.0,0.0
2024-10-25 14:54:00-04:00,1.6150000095367432,1.6150000095367432,1.6100000143051147,1.6100000143051147,462,0.0,0.0
2024-10-25 14:55:00-04:00,1.6100000143051147,1.6100000143051147,1.6100000143051147,1.6100000143051147,110,0.0,0.0
2024-10-25 14:56:00-04:00,1.6100000143051147,1.6200000047683716,1.6100000143051147,1.6200000047683716,1071,0.0,0.0
2024-10-25 14:57:00-04:00,1.6150000095367432,1.6150000095367432,1.6100000143051147,1.6100000143051147,510,0.0,0.0
2024-10-25 14:58:00-04:00,1.6100000143051147,1.6100000143051147,1.6100000143051147,1.6100000143051147,401,0.0,0.0
2024-10-25 14:59:00-04:00,1.6100000143051147,1.6100000143051147,1.6100000143051147,1.6100000143051147,284,0.0,0.0
2024-10-25 15:00:00-04:00,1.6100000143051147,1.6150000095367432,1.6100000143051147,1.6100000143051147,450,0.0,0.0
2024-10-25 15:01:00-04:00,1.6150000095367432,1.6150000095367432,1.6100000143051147,1.6100000143051147,1269,0.0,0.0
2024-10-25 15:02:00-04:00,1.6100000143051147,1.6150000095367432,1.6100000143051147,1.6150000095367432,385,0.0,0.0
2024-10-25 15:03:00-04:00,1.6100000143051147,1.6100000143051147,1.6100000143051147,1.6100000143051147,270,0.0,0.0
2024-10-25 15:04:00-04:00,1.6100000143051147,1.6200000047683716,1.6100000143051147,1.6180000305175781,830,0.0,0.0
2024-10-25 15:05:00-04:00,1.6100000143051147,1.6160000562667847,1.6100000143051147,1.6160000562667847,5210,0.0,0.0
2024-10-25 15:06:00-04:00,1.6150000095367432,1.6150000095367432,1.6100000143051147,1.6100000143051147,1348,0.0,0.0
2024-10-25 15:07:00-04:00,1.6150000095367432,1.6150000095367432,1.6100000143051147,1.6100000143051147,1114,0.0,0.0
2024-10-25 15:08:00-04:00,1.6100000143051147,1.6150000095367432,1.6100000143051147,1.6150000095367432,451,0.0,0.0
2024-10-25 15:09:00-04:00,1.6100000143051147,1.6100000143051147,1.6100000143051147,1.6100000143051147,240,0.0,0.0
2024-10-25 15:10:00-04:00,1.6100000143051147,1.6150000095367432,1.6100000143051147,1.6100000143051147,463,0.0,0.0
2024-10-25 15:11:00-04:00,1.6200000047683716,1.6200000047683716,1.6100000143051147,1.6100000143051147,2486,0.0,0.0
2024-10-25 15:12:00-04:00,1.6100000143051147,1.6100000143051147,1.6100000143051147,1.6100000143051147,351,0.0,0.0
2024-10-25 15:13:00-04:00,1.6100000143051147,1.6200000047683716,1.6100000143051147,1.6100000143051147,840,0.0,0.0
2024-10-25 15:14:00-04:00,1.6100000143051147,1.6150000095367432,1.6100000143051147,1.6100000143051147,321,0.0,0.0
2024-10-25 15:15:00-04:00,1.6150000095367432,1.6150000095367432,1.6100000143051147,1.6100000143051147,270,0.0,0.0
2024-10-25 15:16:00-04:00,1.6100000143051147,1.6200000047683716,1.6100000143051147,1.6200000047683716,1200,0.0,0.0
2024-10-25 15:17:00-04:00,1.6100000143051147,1.6100000143051147,1.6100000143051147,1.6100000143051147,420,0.0,0.0
2024-10-25 15:18:00-04:00,1.6100000143051147,1.6100000143051147,1.6100000143051147,1.6100000143051147,230,0.0,0.0
2024-10-25 15:19:00-04:00,1.6100000143051147,1.6150000095367432,1.6100000143051147,1.6100000143051147,348,0.0,0.0
2024-10-25 15:20:00-04:00,1.6100000143051147,1.6200000047683716,1.6100000143051147,1.6100000143051147,1219,0.0,0.0
2024-10-25 15:21:00-04:00,1.6100000143051147,1.6150000095367432,1.6100000143051147,1.6150000095367432,23954,0.0,0.0
2024-10-25 15:22:00-04:00,1.6150000095367432,1.6200000047683716,1.6100000143051147,1.6100000143051147,6620,0.0,0.0
2024-10-25 15:23:00-04:00,1.6100000143051147,1.6100000143051147,1.6100000143051147,1.6100000143051147,300,0.0,0.0
2024-10-25 15:24:00-04:00,1.6100000143051147,1.6150000095367432,1.6100000143051147,1.6100000143051147,310,0.0,0.0
2024-10-25 15:25:00-04:00,1.6100000143051147,1.6100000143051147,1.6100000143051147,1.6100000143051147,220,0.0,0.0
2024-10-25 15:26:00-04:00,1.6100000143051147,1.6200000047683716,1.6100000143051147,1.6150000095367432,20192,0.0,0.0
2024-10-25 15:27:00-04:00,1.6100000143051147,1.6100000143051147,1.6100000143051147,1.6100000143051147,580,0.0,0.0
2024-10-25 15:28:00-04:00,1.6150000095367432,1.6150000095367432,1.6100000143051147,1.6100000143051147,899,0.0,0.0
2024-10-25 15:29:00-04:00,1.6100000143051147,1.6150000095367432,1.6100000143051147,1.6100000143051147,601,0.0,0.0
2024-10-25 15:30:00-04:00,1.6100000143051147,1.6150000095367432,1.6100000143051147,1.6150000095367432,1080,0.0,0.0
2024-10-25 15:31:00-04:00,1.6100000143051147,1.6200000047683716,1.6100000143051147,1.6100000143051147,8671,0.0,0.0
2024-10-25 15:32:00-04:00,1.6100000143051147,1.6150000095367432,1.6100000143051147,1.6100000143051147,561,0.0,0.0
2024-10-25 15:33:00-04:00,1.6100000143051147,1.6150000095367432,1.6100000143051147,1.6100000143051147,3430,0.0,0.0
2024-10-25 15:34:00-04:00,1.6100000143051147,1.6150000095367432,1.6100000143051147,1.6100000143051147,620,0.0,0.0
2024-10-25 15:35:00-04:00,1.6100000143051147,1.6150000095367432,1.6100000143051147,1.6150000095367432,750,0.0,0.0
2024-10-25 15:36:00-04:00,1.6100000143051147,1.6100000143051147,1.6100000143051147,1.6100000143051147,600,0.0,0.0
2024-10-25 15:37:00-04:00,1.6200000047683716,1.6200000047683716,1.6100000143051147,1.6100000143051147,3690,0.0,0.0
2024-10-25 15:38:00-04:00,1.6100000143051147,1.6150000095367432,1.6100000143051147,1.6100000143051147,652,0.0,0.0
2024-10-25 15:39:00-04:00,1.6100000143051147,1.6150000095367432,1.6100000143051147,1.6100000143051147,866,0.0,0.0
2024-10-25 15:40:00-04:00,1.6200000047683716,1.6200000047683716,1.6100000143051147,1.6100000143051147,1709,0.0,0.0
2024-10-25 15:41:00-04:00,1.6100000143051147,1.6150000095367432,1.6100000143051147,1.6100000143051147,611,0.0,0.0
2024-10-25 15:42:00-04:00,1.6100000143051147,1.6150000095367432,1.6100000143051147,1.6100000143051147,741,0.0,0.0
2024-10-25 15:43:00-04:00,1.6100000143051147,1.6150000095367432,1.6100000143051147,1.6100000143051147,1460,0.0,0.0
2024-10-25 15:44:00-04:00,1.6100000143051147,1.6200000047683716,1.6100000143051147,1.6150000095367432,3465,0.0,0.0
2024-10-25 15:45:00-04:00,1.6100000143051147,1.6150000095367432,1.6100000143051147,1.6100000143051147,1322,0.0,0.0
2024-10-25 15:46:00-04:00,1.6100000143051147,1.6150000095367432,1.6100000143051147,1.6100000143051147,9472,0.0,0.0
2024-10-25 15:47:00-04:00,1.6150000095367432,1.6150000095367432,1.6100000143051147,1.6150000095367432,2469,0.0,0.0
2024-10-25 15:48:00-04:00,1.6101000308990479,1.6200000047683716,1.6100000143051147,1.6100000143051147,9969,0.0,0.0
2024-10-25 15:49:00-04:00,1.6100000143051147,1.6150000095367432,1.6100000143051147,1.6100000143051147,5232,0.0,0.0
2024-10-25 15:50:00-04:00,1.6180000305175781,1.6200000047683716,1.6100000143051147,1.6150000095367432,73616,0.0,0.0
2024-10-25 15:51:00-04:00,1.6150000095367432,1.6200000047683716,1.6150000095367432,1.6150000095367432,16369,0.0,0.0
2024-10-25 15:52:00-04:00,1.6150000095367432,1.6150000095367432,1.6100000143051147,1.6150000095367432,13844,0.0,0.0
2024-10-25 15:53:00-04:00,1.6100000143051147,1.6150000095367432,1.6100000143051147,1.6150000095367432,4509,0.0,0.0
2024-10-25 15:54:00-04:00,1.6150000095367432,1.6150000095367432,1.6100000143051147,1.6150000095367432,5126,0.0,0.0
2024-10-25 15:55:00-04:00,1.6150000095367432,1.6150000095367432,1.6100000143051147,1.6150000095367432,25266,0.0,0.0
2024-10-25 15:56:00-04:00,1.6150000095367432,1.6150000095367432,1.6100000143051147,1.6150000095367432,9590,0.0,0.0
2024-10-25 15:57:00-04:00,1.6150000095367432,1.6200000047683716,1.6100000143051147,1.6150000095367432,39297,0.0,0.0
2024-10-25 15:58:00-04:00,1.6200000047683716,1.6200000047683716,1.6100000143051147,1.6150000095367432,14674,0.0,0.0
2024-10-25 15:59:00-04:00,1.6150000095367432,1.6200000047683716,1.6100000143051147,1.6150000095367432,191558,0.0,0.0
