Datetime,Open,High,Low,Close,Volume,Dividends,Stock Splits
2024-08-19 09:02:00+08:00,35.70000076293945,35.900001525878906,34.900001525878906,35.349998474121094,0,0.0,0.0
2024-08-19 09:03:00+08:00,35.400001525878906,35.45000076293945,34.599998474121094,34.70000076293945,750000,0.0,0.0
2024-08-19 09:04:00+08:00,34.75,34.95000076293945,34.599998474121094,34.75,366000,0.0,0.0
2024-08-19 09:05:00+08:00,34.70000076293945,34.849998474121094,34.650001525878906,34.849998474121094,204000,0.0,0.0
2024-08-19 09:06:00+08:00,34.849998474121094,35.0,34.79999923706055,34.900001525878906,167000,0.0,0.0
2024-08-19 09:07:00+08:00,34.900001525878906,34.900001525878906,34.45000076293945,34.599998474121094,342000,0.0,0.0
2024-08-19 09:08:00+08:00,34.599998474121094,34.70000076293945,34.5,34.650001525878906,98000,0.0,0.0
2024-08-19 09:09:00+08:00,34.650001525878906,35.0,34.650001525878906,34.849998474121094,169000,0.0,0.0
2024-08-19 09:10:00+08:00,34.849998474121094,35.150001525878906,34.79999923706055,35.04999923706055,209455,0.0,0.0
2024-08-19 09:11:00+08:00,35.099998474121094,35.150001525878906,35.0,35.099998474121094,174100,0.0,0.0
2024-08-19 09:12:00+08:00,35.04999923706055,35.29999923706055,35.04999923706055,35.29999923706055,167208,0.0,0.0
2024-08-19 09:13:00+08:00,35.29999923706055,35.29999923706055,35.099998474121094,35.20000076293945,191260,0.0,0.0
2024-08-19 09:14:00+08:00,35.20000076293945,35.20000076293945,35.04999923706055,35.099998474121094,80974,0.0,0.0
2024-08-19 09:15:00+08:00,35.099998474121094,35.20000076293945,35.0,35.0,188250,0.0,0.0
2024-08-19 09:16:00+08:00,35.0,35.04999923706055,34.849998474121094,34.900001525878906,192180,0.0,0.0
2024-08-19 09:17:00+08:00,34.95000076293945,35.20000076293945,34.900001525878906,35.099998474121094,100100,0.0,0.0
2024-08-19 09:18:00+08:00,35.150001525878906,35.150001525878906,34.900001525878906,34.900001525878906,138000,0.0,0.0
2024-08-19 09:19:00+08:00,34.900001525878906,34.95000076293945,34.849998474121094,34.95000076293945,84335,0.0,0.0
2024-08-19 09:20:00+08:00,35.0,35.0,34.900001525878906,34.900001525878906,31143,0.0,0.0
2024-08-19 09:21:00+08:00,34.900001525878906,35.0,34.900001525878906,34.95000076293945,41000,0.0,0.0
2024-08-19 09:22:00+08:00,34.95000076293945,34.95000076293945,34.75,34.900001525878906,261000,0.0,0.0
2024-08-19 09:23:00+08:00,34.849998474121094,34.900001525878906,34.650001525878906,34.650001525878906,82000,0.0,0.0
2024-08-19 09:24:00+08:00,34.650001525878906,34.70000076293945,34.599998474121094,34.650001525878906,67273,0.0,0.0
2024-08-19 09:25:00+08:00,34.650001525878906,34.70000076293945,34.599998474121094,34.650001525878906,71001,0.0,0.0
2024-08-19 09:26:00+08:00,34.650001525878906,34.75,34.599998474121094,34.650001525878906,71000,0.0,0.0
2024-08-19 09:27:00+08:00,34.650001525878906,34.650001525878906,34.599998474121094,34.650001525878906,37000,0.0,0.0
2024-08-19 09:28:00+08:00,34.650001525878906,34.70000076293945,34.599998474121094,34.650001525878906,122222,0.0,0.0
2024-08-19 09:29:00+08:00,34.650001525878906,34.79999923706055,34.650001525878906,34.79999923706055,31111,0.0,0.0
2024-08-19 09:30:00+08:00,34.79999923706055,34.79999923706055,34.70000076293945,34.70000076293945,55000,0.0,0.0
2024-08-19 09:31:00+08:00,34.75,34.75,34.75,34.75,18279,0.0,0.0
2024-08-19 09:32:00+08:00,34.75,34.849998474121094,34.75,34.849998474121094,34000,0.0,0.0
2024-08-19 09:33:00+08:00,34.849998474121094,34.849998474121094,34.79999923706055,34.79999923706055,35000,0.0,0.0
2024-08-19 09:34:00+08:00,34.79999923706055,34.79999923706055,34.75,34.79999923706055,33000,0.0,0.0
2024-08-19 09:35:00+08:00,34.79999923706055,34.79999923706055,34.70000076293945,34.79999923706055,57000,0.0,0.0
2024-08-19 09:36:00+08:00,34.75,34.79999923706055,34.599998474121094,34.599998474121094,148000,0.0,0.0
2024-08-19 09:37:00+08:00,34.599998474121094,34.650001525878906,34.599998474121094,34.650001525878906,26568,0.0,0.0
2024-08-19 09:38:00+08:00,34.599998474121094,34.599998474121094,34.54999923706055,34.599998474121094,115000,0.0,0.0
2024-08-19 09:39:00+08:00,34.599998474121094,34.599998474121094,34.54999923706055,34.599998474121094,20000,0.0,0.0
2024-08-19 09:40:00+08:00,34.599998474121094,34.599998474121094,34.54999923706055,34.599998474121094,37040,0.0,0.0
2024-08-19 09:41:00+08:00,34.599998474121094,34.650001525878906,34.599998474121094,34.650001525878906,14017,0.0,0.0
2024-08-19 09:42:00+08:00,34.599998474121094,34.650001525878906,34.599998474121094,34.599998474121094,63255,0.0,0.0
2024-08-19 09:43:00+08:00,34.54999923706055,34.650001525878906,34.54999923706055,34.650001525878906,19017,0.0,0.0
2024-08-19 09:44:00+08:00,34.599998474121094,34.599998474121094,34.54999923706055,34.54999923706055,32126,0.0,0.0
2024-08-19 09:45:00+08:00,34.599998474121094,34.599998474121094,34.5,34.5,108169,0.0,0.0
2024-08-19 09:46:00+08:00,34.5,34.54999923706055,34.5,34.5,55565,0.0,0.0
2024-08-19 09:47:00+08:00,34.5,34.54999923706055,34.5,34.54999923706055,20201,0.0,0.0
2024-08-19 09:48:00+08:00,34.54999923706055,34.599998474121094,34.5,34.54999923706055,24000,0.0,0.0
2024-08-19 09:49:00+08:00,34.54999923706055,34.599998474121094,34.54999923706055,34.54999923706055,12027,0.0,0.0
2024-08-19 09:50:00+08:00,34.54999923706055,34.599998474121094,34.54999923706055,34.599998474121094,10174,0.0,0.0
2024-08-19 09:52:00+08:00,34.5,34.650001525878906,34.5,34.5,116310,0.0,0.0
2024-08-19 09:54:00+08:00,34.599998474121094,34.650001525878906,34.54999923706055,34.599998474121094,24000,0.0,0.0
2024-08-19 09:55:00+08:00,34.599998474121094,34.599998474121094,34.54999923706055,34.599998474121094,14000,0.0,0.0
2024-08-19 09:56:00+08:00,34.599998474121094,34.650001525878906,34.54999923706055,34.54999923706055,20000,0.0,0.0
2024-08-19 09:57:00+08:00,34.54999923706055,34.54999923706055,34.54999923706055,34.54999923706055,6000,0.0,0.0
2024-08-19 09:58:00+08:00,34.54999923706055,34.650001525878906,34.54999923706055,34.650001525878906,31000,0.0,0.0
2024-08-19 09:59:00+08:00,34.650001525878906,34.70000076293945,34.650001525878906,34.650001525878906,12000,0.0,0.0
2024-08-19 10:00:00+08:00,34.650001525878906,34.75,34.650001525878906,34.75,25000,0.0,0.0
2024-08-19 10:01:00+08:00,34.75,34.79999923706055,34.599998474121094,34.599998474121094,63000,0.0,0.0
2024-08-19 10:02:00+08:00,34.599998474121094,34.650001525878906,34.5,34.54999923706055,99000,0.0,0.0
2024-08-19 10:03:00+08:00,34.5,34.54999923706055,34.5,34.5,23001,0.0,0.0
2024-08-19 10:04:00+08:00,34.5,34.54999923706055,34.5,34.5,19000,0.0,0.0
2024-08-19 10:05:00+08:00,34.54999923706055,34.54999923706055,34.5,34.54999923706055,13000,0.0,0.0
2024-08-19 10:06:00+08:00,34.5,34.599998474121094,34.5,34.54999923706055,24000,0.0,0.0
2024-08-19 10:07:00+08:00,34.54999923706055,34.599998474121094,34.54999923706055,34.599998474121094,13000,0.0,0.0
2024-08-19 10:08:00+08:00,34.54999923706055,34.599998474121094,34.54999923706055,34.599998474121094,7000,0.0,0.0
2024-08-19 10:09:00+08:00,34.599998474121094,34.599998474121094,34.54999923706055,34.599998474121094,13000,0.0,0.0
2024-08-19 10:10:00+08:00,34.54999923706055,34.599998474121094,34.54999923706055,34.599998474121094,18004,0.0,0.0
2024-08-19 10:11:00+08:00,34.599998474121094,34.599998474121094,34.54999923706055,34.54999923706055,18000,0.0,0.0
2024-08-19 10:12:00+08:00,34.54999923706055,34.599998474121094,34.54999923706055,34.599998474121094,10000,0.0,0.0
2024-08-19 10:13:00+08:00,34.599998474121094,34.599998474121094,34.54999923706055,34.54999923706055,12000,0.0,0.0
2024-08-19 10:14:00+08:00,34.54999923706055,34.599998474121094,34.54999923706055,34.54999923706055,6200,0.0,0.0
2024-08-19 10:15:00+08:00,34.54999923706055,34.599998474121094,34.54999923706055,34.54999923706055,14000,0.0,0.0
2024-08-19 10:16:00+08:00,34.599998474121094,34.599998474121094,34.599998474121094,34.599998474121094,17000,0.0,0.0
2024-08-19 10:17:00+08:00,34.599998474121094,34.599998474121094,34.54999923706055,34.54999923706055,24000,0.0,0.0
2024-08-19 10:18:00+08:00,34.599998474121094,34.599998474121094,34.54999923706055,34.599998474121094,16000,0.0,0.0
2024-08-19 10:19:00+08:00,34.599998474121094,34.650001525878906,34.599998474121094,34.599998474121094,7000,0.0,0.0
2024-08-19 10:20:00+08:00,34.650001525878906,34.650001525878906,34.599998474121094,34.599998474121094,4000,0.0,0.0
2024-08-19 10:21:00+08:00,34.599998474121094,34.650001525878906,34.599998474121094,34.599998474121094,11000,0.0,0.0
2024-08-19 10:22:00+08:00,34.599998474121094,34.650001525878906,34.599998474121094,34.599998474121094,12000,0.0,0.0
2024-08-19 10:23:00+08:00,34.599998474121094,34.650001525878906,34.54999923706055,34.54999923706055,19000,0.0,0.0
2024-08-19 10:24:00+08:00,34.54999923706055,34.54999923706055,34.54999923706055,34.54999923706055,5000,0.0,0.0
2024-08-19 10:25:00+08:00,34.54999923706055,34.599998474121094,34.54999923706055,34.54999923706055,9000,0.0,0.0
2024-08-19 10:26:00+08:00,34.54999923706055,34.54999923706055,34.45000076293945,34.45000076293945,267000,0.0,0.0
2024-08-19 10:27:00+08:00,34.5,34.5,34.45000076293945,34.5,16046,0.0,0.0
2024-08-19 10:28:00+08:00,34.5,34.54999923706055,34.45000076293945,34.45000076293945,32087,0.0,0.0
2024-08-19 10:29:00+08:00,34.45000076293945,34.5,34.45000076293945,34.45000076293945,8005,0.0,0.0
2024-08-19 10:30:00+08:00,34.45000076293945,34.5,34.45000076293945,34.45000076293945,17030,0.0,0.0
2024-08-19 10:31:00+08:00,34.5,34.54999923706055,34.45000076293945,34.45000076293945,37000,0.0,0.0
2024-08-19 10:32:00+08:00,34.5,34.5,34.45000076293945,34.5,15000,0.0,0.0
2024-08-19 10:33:00+08:00,34.5,34.5,34.400001525878906,34.45000076293945,86000,0.0,0.0
2024-08-19 10:34:00+08:00,34.45000076293945,34.5,34.45000076293945,34.5,8000,0.0,0.0
2024-08-19 10:35:00+08:00,34.45000076293945,34.45000076293945,34.400001525878906,34.400001525878906,67000,0.0,0.0
2024-08-19 10:36:00+08:00,34.45000076293945,34.5,34.400001525878906,34.5,13500,0.0,0.0
2024-08-19 10:37:00+08:00,34.400001525878906,34.5,34.400001525878906,34.45000076293945,12050,0.0,0.0
2024-08-19 10:38:00+08:00,34.45000076293945,34.45000076293945,34.400001525878906,34.400001525878906,19322,0.0,0.0
2024-08-19 10:39:00+08:00,34.45000076293945,34.45000076293945,34.45000076293945,34.45000076293945,11000,0.0,0.0
2024-08-19 10:40:00+08:00,34.45000076293945,34.45000076293945,34.45000076293945,34.45000076293945,7000,0.0,0.0
2024-08-19 10:41:00+08:00,34.45000076293945,34.5,34.45000076293945,34.45000076293945,10000,0.0,0.0
2024-08-19 10:42:00+08:00,34.45000076293945,34.5,34.45000076293945,34.5,13030,0.0,0.0
2024-08-19 10:43:00+08:00,34.45000076293945,34.45000076293945,34.45000076293945,34.45000076293945,6400,0.0,0.0
2024-08-19 10:44:00+08:00,34.5,34.54999923706055,34.5,34.54999923706055,17000,0.0,0.0
2024-08-19 10:45:00+08:00,34.54999923706055,34.70000076293945,34.54999923706055,34.70000076293945,27881,0.0,0.0
2024-08-19 10:46:00+08:00,34.75,35.099998474121094,34.75,35.099998474121094,204117,0.0,0.0
2024-08-19 10:47:00+08:00,35.099998474121094,35.150001525878906,34.95000076293945,35.0,99410,0.0,0.0
2024-08-19 10:48:00+08:00,35.0,35.0,34.79999923706055,34.79999923706055,30000,0.0,0.0
2024-08-19 10:49:00+08:00,34.79999923706055,35.20000076293945,34.79999923706055,35.20000076293945,202004,0.0,0.0
2024-08-19 10:50:00+08:00,35.20000076293945,35.29999923706055,35.099998474121094,35.20000076293945,159000,0.0,0.0
2024-08-19 10:51:00+08:00,35.150001525878906,35.20000076293945,35.04999923706055,35.20000076293945,70000,0.0,0.0
2024-08-19 10:52:00+08:00,35.150001525878906,35.20000076293945,35.0,35.0,85021,0.0,0.0
2024-08-19 10:53:00+08:00,35.0,35.0,35.0,35.0,16000,0.0,0.0
2024-08-19 10:54:00+08:00,35.0,35.20000076293945,35.0,35.099998474121094,16000,0.0,0.0
2024-08-19 10:55:00+08:00,35.150001525878906,35.400001525878906,35.150001525878906,35.349998474121094,142000,0.0,0.0
2024-08-19 10:56:00+08:00,35.349998474121094,35.54999923706055,35.349998474121094,35.5,194181,0.0,0.0
2024-08-19 10:57:00+08:00,35.45000076293945,35.54999923706055,35.400001525878906,35.54999923706055,110016,0.0,0.0
2024-08-19 10:58:00+08:00,35.54999923706055,35.54999923706055,35.349998474121094,35.400001525878906,70227,0.0,0.0
2024-08-19 10:59:00+08:00,35.45000076293945,35.45000076293945,35.400001525878906,35.400001525878906,59200,0.0,0.0
2024-08-19 11:00:00+08:00,35.400001525878906,35.45000076293945,35.25,35.349998474121094,55010,0.0,0.0
2024-08-19 11:01:00+08:00,35.349998474121094,35.349998474121094,35.349998474121094,35.349998474121094,12293,0.0,0.0
2024-08-19 11:02:00+08:00,35.349998474121094,35.349998474121094,35.349998474121094,35.349998474121094,50000,0.0,0.0
2024-08-19 11:03:00+08:00,35.349998474121094,35.54999923706055,35.349998474121094,35.54999923706055,65000,0.0,0.0
2024-08-19 11:04:00+08:00,35.54999923706055,36.20000076293945,35.54999923706055,36.150001525878906,439186,0.0,0.0
2024-08-19 11:05:00+08:00,36.099998474121094,36.29999923706055,35.900001525878906,35.900001525878906,210540,0.0,0.0
2024-08-19 11:06:00+08:00,35.900001525878906,36.099998474121094,35.900001525878906,36.0,105650,0.0,0.0
2024-08-19 11:07:00+08:00,36.0,36.0,35.70000076293945,35.79999923706055,92010,0.0,0.0
2024-08-19 11:08:00+08:00,35.79999923706055,36.45000076293945,35.79999923706055,36.349998474121094,199000,0.0,0.0
2024-08-19 11:09:00+08:00,36.45000076293945,36.5,36.20000076293945,36.25,242098,0.0,0.0
2024-08-19 11:10:00+08:00,36.25,36.29999923706055,36.150001525878906,36.25,124500,0.0,0.0
2024-08-19 11:11:00+08:00,36.25,36.29999923706055,36.20000076293945,36.20000076293945,67000,0.0,0.0
2024-08-19 11:12:00+08:00,36.25,36.25,36.04999923706055,36.04999923706055,64211,0.0,0.0
2024-08-19 11:13:00+08:00,36.04999923706055,36.04999923706055,35.900001525878906,35.900001525878906,60156,0.0,0.0
2024-08-19 11:14:00+08:00,35.900001525878906,35.95000076293945,35.900001525878906,35.900001525878906,29018,0.0,0.0
2024-08-19 11:15:00+08:00,35.95000076293945,35.95000076293945,35.79999923706055,35.849998474121094,64000,0.0,0.0
2024-08-19 11:16:00+08:00,35.849998474121094,35.849998474121094,35.79999923706055,35.79999923706055,48189,0.0,0.0
2024-08-19 11:17:00+08:00,35.79999923706055,36.099998474121094,35.79999923706055,36.099998474121094,49000,0.0,0.0
2024-08-19 11:18:00+08:00,36.099998474121094,36.150001525878906,36.0,36.099998474121094,66000,0.0,0.0
2024-08-19 11:19:00+08:00,36.099998474121094,36.150001525878906,36.099998474121094,36.099998474121094,42000,0.0,0.0
2024-08-19 11:20:00+08:00,36.099998474121094,36.150001525878906,36.099998474121094,36.099998474121094,58100,0.0,0.0
2024-08-19 11:21:00+08:00,36.099998474121094,36.349998474121094,36.04999923706055,36.29999923706055,116007,0.0,0.0
2024-08-19 11:22:00+08:00,36.29999923706055,36.349998474121094,36.150001525878906,36.29999923706055,39000,0.0,0.0
2024-08-19 11:23:00+08:00,36.25,36.29999923706055,36.150001525878906,36.20000076293945,44013,0.0,0.0
2024-08-19 11:24:00+08:00,36.150001525878906,36.25,36.150001525878906,36.20000076293945,27001,0.0,0.0
2024-08-19 11:25:00+08:00,36.20000076293945,36.20000076293945,36.20000076293945,36.20000076293945,13410,0.0,0.0
2024-08-19 11:26:00+08:00,36.20000076293945,36.20000076293945,36.04999923706055,36.04999923706055,45000,0.0,0.0
2024-08-19 11:27:00+08:00,36.099998474121094,36.150001525878906,36.099998474121094,36.099998474121094,12000,0.0,0.0
2024-08-19 11:28:00+08:00,36.150001525878906,36.150001525878906,36.099998474121094,36.099998474121094,28000,0.0,0.0
2024-08-19 11:29:00+08:00,36.099998474121094,36.20000076293945,36.099998474121094,36.150001525878906,13030,0.0,0.0
2024-08-19 11:30:00+08:00,36.099998474121094,36.150001525878906,36.099998474121094,36.150001525878906,19000,0.0,0.0
2024-08-19 11:31:00+08:00,36.099998474121094,36.099998474121094,36.04999923706055,36.099998474121094,12000,0.0,0.0
2024-08-19 11:32:00+08:00,36.099998474121094,36.150001525878906,36.099998474121094,36.099998474121094,24100,0.0,0.0
2024-08-19 11:33:00+08:00,36.099998474121094,36.099998474121094,36.04999923706055,36.04999923706055,4000,0.0,0.0
2024-08-19 11:34:00+08:00,36.29999923706055,36.79999923706055,36.29999923706055,36.75,528000,0.0,0.0
2024-08-19 11:35:00+08:00,36.70000076293945,36.79999923706055,36.54999923706055,36.70000076293945,218820,0.0,0.0
2024-08-19 11:36:00+08:00,36.650001525878906,36.650001525878906,36.5,36.5,130050,0.0,0.0
2024-08-19 11:37:00+08:00,36.45000076293945,36.54999923706055,36.45000076293945,36.5,20000,0.0,0.0
2024-08-19 11:38:00+08:00,36.54999923706055,36.54999923706055,36.400001525878906,36.400001525878906,26540,0.0,0.0
2024-08-19 11:39:00+08:00,36.349998474121094,36.349998474121094,36.29999923706055,36.29999923706055,37000,0.0,0.0
2024-08-19 11:40:00+08:00,36.25,36.349998474121094,36.20000076293945,36.349998474121094,34008,0.0,0.0
2024-08-19 11:41:00+08:00,36.349998474121094,36.400001525878906,36.349998474121094,36.400001525878906,16000,0.0,0.0
2024-08-19 11:42:00+08:00,36.400001525878906,36.400001525878906,36.349998474121094,36.400001525878906,31000,0.0,0.0
2024-08-19 11:43:00+08:00,36.349998474121094,36.349998474121094,36.150001525878906,36.150001525878906,65050,0.0,0.0
2024-08-19 11:44:00+08:00,36.150001525878906,36.20000076293945,36.099998474121094,36.099998474121094,60007,0.0,0.0
2024-08-19 11:45:00+08:00,36.099998474121094,36.099998474121094,36.0,36.04999923706055,66239,0.0,0.0
2024-08-19 11:46:00+08:00,36.0,36.150001525878906,36.0,36.150001525878906,54027,0.0,0.0
2024-08-19 11:47:00+08:00,36.20000076293945,36.20000076293945,36.099998474121094,36.099998474121094,9000,0.0,0.0
2024-08-19 11:48:00+08:00,36.099998474121094,36.150001525878906,36.04999923706055,36.099998474121094,26000,0.0,0.0
2024-08-19 11:49:00+08:00,36.099998474121094,36.150001525878906,36.099998474121094,36.099998474121094,15000,0.0,0.0
2024-08-19 11:50:00+08:00,36.04999923706055,36.04999923706055,36.0,36.04999923706055,42590,0.0,0.0
2024-08-19 11:51:00+08:00,36.04999923706055,36.04999923706055,36.04999923706055,36.04999923706055,12000,0.0,0.0
2024-08-19 11:52:00+08:00,36.0,36.04999923706055,36.0,36.0,73000,0.0,0.0
2024-08-19 11:53:00+08:00,36.0,36.0,35.900001525878906,35.900001525878906,83680,0.0,0.0
2024-08-19 11:54:00+08:00,35.900001525878906,35.95000076293945,35.900001525878906,35.900001525878906,36250,0.0,0.0
2024-08-19 11:55:00+08:00,35.900001525878906,35.900001525878906,35.79999923706055,35.849998474121094,41426,0.0,0.0
2024-08-19 11:56:00+08:00,35.849998474121094,35.849998474121094,35.79999923706055,35.849998474121094,46000,0.0,0.0
2024-08-19 11:57:00+08:00,35.849998474121094,36.0,35.79999923706055,36.0,42000,0.0,0.0
2024-08-19 11:58:00+08:00,35.900001525878906,36.099998474121094,35.849998474121094,36.099998474121094,35000,0.0,0.0
2024-08-19 11:59:00+08:00,36.099998474121094,36.099998474121094,36.04999923706055,36.04999923706055,12100,0.0,0.0
2024-08-19 12:00:00+08:00,36.04999923706055,36.099998474121094,36.04999923706055,36.04999923706055,31000,0.0,0.0
2024-08-19 12:01:00+08:00,36.099998474121094,36.099998474121094,36.0,36.0,26000,0.0,0.0
2024-08-19 12:02:00+08:00,35.95000076293945,36.0,35.849998474121094,35.95000076293945,23100,0.0,0.0
2024-08-19 12:03:00+08:00,35.849998474121094,35.849998474121094,35.849998474121094,35.849998474121094,7100,0.0,0.0
2024-08-19 12:04:00+08:00,35.849998474121094,35.849998474121094,35.849998474121094,35.849998474121094,22180,0.0,0.0
2024-08-19 12:05:00+08:00,35.849998474121094,35.900001525878906,35.849998474121094,35.849998474121094,12000,0.0,0.0
2024-08-19 12:06:00+08:00,35.849998474121094,35.849998474121094,35.79999923706055,35.79999923706055,44027,0.0,0.0
2024-08-19 12:07:00+08:00,35.79999923706055,35.79999923706055,35.75,35.75,27080,0.0,0.0
2024-08-19 12:08:00+08:00,35.79999923706055,35.79999923706055,35.650001525878906,35.650001525878906,71002,0.0,0.0
2024-08-19 12:09:00+08:00,35.599998474121094,35.75,35.599998474121094,35.650001525878906,54401,0.0,0.0
2024-08-19 12:10:00+08:00,35.75,35.79999923706055,35.650001525878906,35.70000076293945,21000,0.0,0.0
2024-08-19 12:11:00+08:00,35.70000076293945,35.79999923706055,35.70000076293945,35.75,15015,0.0,0.0
2024-08-19 12:12:00+08:00,35.75,35.75,35.70000076293945,35.70000076293945,13000,0.0,0.0
2024-08-19 12:13:00+08:00,35.75,35.75,35.75,35.75,11050,0.0,0.0
2024-08-19 12:14:00+08:00,35.75,35.75,35.75,35.75,13050,0.0,0.0
2024-08-19 12:15:00+08:00,35.75,35.75,35.75,35.75,4000,0.0,0.0
2024-08-19 12:16:00+08:00,35.79999923706055,35.79999923706055,35.79999923706055,35.79999923706055,6000,0.0,0.0
2024-08-19 12:17:00+08:00,35.79999923706055,35.79999923706055,35.79999923706055,35.79999923706055,17001,0.0,0.0
2024-08-19 12:18:00+08:00,35.75,35.79999923706055,35.75,35.79999923706055,9000,0.0,0.0
2024-08-19 12:19:00+08:00,35.79999923706055,35.79999923706055,35.79999923706055,35.79999923706055,5000,0.0,0.0
2024-08-19 12:20:00+08:00,35.79999923706055,35.79999923706055,35.79999923706055,35.79999923706055,5000,0.0,0.0
2024-08-19 12:21:00+08:00,35.75,35.75,35.75,35.75,19000,0.0,0.0
2024-08-19 12:22:00+08:00,35.75,35.79999923706055,35.70000076293945,35.70000076293945,15077,0.0,0.0
2024-08-19 12:23:00+08:00,35.70000076293945,35.70000076293945,35.599998474121094,35.599998474121094,36130,0.0,0.0
2024-08-19 12:24:00+08:00,35.54999923706055,35.54999923706055,35.5,35.54999923706055,95350,0.0,0.0
2024-08-19 12:25:00+08:00,35.54999923706055,35.54999923706055,35.5,35.54999923706055,19000,0.0,0.0
2024-08-19 12:26:00+08:00,35.599998474121094,35.650001525878906,35.599998474121094,35.650001525878906,24250,0.0,0.0
2024-08-19 12:27:00+08:00,35.599998474121094,35.599998474121094,35.54999923706055,35.599998474121094,9000,0.0,0.0
2024-08-19 12:28:00+08:00,35.599998474121094,35.599998474121094,35.54999923706055,35.54999923706055,12000,0.0,0.0
2024-08-19 12:29:00+08:00,35.54999923706055,35.54999923706055,35.54999923706055,35.54999923706055,11000,0.0,0.0
2024-08-19 12:30:00+08:00,35.599998474121094,35.599998474121094,35.599998474121094,35.599998474121094,13100,0.0,0.0
2024-08-19 12:31:00+08:00,35.599998474121094,35.599998474121094,35.45000076293945,35.45000076293945,58000,0.0,0.0
2024-08-19 12:32:00+08:00,35.45000076293945,35.45000076293945,35.29999923706055,35.349998474121094,238192,0.0,0.0
2024-08-19 12:33:00+08:00,35.349998474121094,35.400001525878906,35.20000076293945,35.20000076293945,59027,0.0,0.0
2024-08-19 12:34:00+08:00,35.25,35.29999923706055,35.20000076293945,35.29999923706055,55272,0.0,0.0
2024-08-19 12:35:00+08:00,35.29999923706055,35.349998474121094,35.29999923706055,35.349998474121094,31029,0.0,0.0
2024-08-19 12:36:00+08:00,35.349998474121094,35.400001525878906,35.349998474121094,35.400001525878906,17000,0.0,0.0
2024-08-19 12:37:00+08:00,35.349998474121094,35.349998474121094,35.349998474121094,35.349998474121094,13060,0.0,0.0
2024-08-19 12:38:00+08:00,35.400001525878906,35.400001525878906,35.29999923706055,35.29999923706055,28010,0.0,0.0
2024-08-19 12:39:00+08:00,35.29999923706055,35.79999923706055,35.29999923706055,35.79999923706055,85100,0.0,0.0
2024-08-19 12:40:00+08:00,35.79999923706055,35.849998474121094,35.54999923706055,35.54999923706055,122043,0.0,0.0
2024-08-19 12:42:00+08:00,35.75,35.75,35.70000076293945,35.70000076293945,21000,0.0,0.0
2024-08-19 12:43:00+08:00,35.70000076293945,35.70000076293945,35.70000076293945,35.70000076293945,10070,0.0,0.0
2024-08-19 12:44:00+08:00,35.70000076293945,35.75,35.599998474121094,35.599998474121094,16000,0.0,0.0
2024-08-19 12:45:00+08:00,35.599998474121094,35.650001525878906,35.599998474121094,35.650001525878906,16000,0.0,0.0
2024-08-19 12:46:00+08:00,35.650001525878906,35.70000076293945,35.650001525878906,35.650001525878906,20000,0.0,0.0
2024-08-19 12:47:00+08:00,35.650001525878906,35.75,35.650001525878906,35.75,50050,0.0,0.0
2024-08-19 12:48:00+08:00,35.75,35.75,35.650001525878906,35.650001525878906,11000,0.0,0.0
2024-08-19 12:49:00+08:00,35.650001525878906,35.650001525878906,35.650001525878906,35.650001525878906,10000,0.0,0.0
2024-08-19 12:50:00+08:00,35.650001525878906,35.75,35.650001525878906,35.75,19034,0.0,0.0
2024-08-19 12:51:00+08:00,35.75,35.75,35.70000076293945,35.70000076293945,18002,0.0,0.0
2024-08-19 12:52:00+08:00,35.75,35.79999923706055,35.75,35.79999923706055,41016,0.0,0.0
2024-08-19 12:53:00+08:00,35.79999923706055,35.79999923706055,35.75,35.75,13000,0.0,0.0
2024-08-19 12:54:00+08:00,35.75,35.75,35.75,35.75,18000,0.0,0.0
2024-08-19 12:55:00+08:00,35.75,35.75,35.70000076293945,35.70000076293945,36000,0.0,0.0
2024-08-19 12:56:00+08:00,35.70000076293945,35.70000076293945,35.650001525878906,35.650001525878906,23001,0.0,0.0
2024-08-19 12:57:00+08:00,35.650001525878906,35.650001525878906,35.650001525878906,35.650001525878906,1322,0.0,0.0
2024-08-19 12:58:00+08:00,35.599998474121094,35.70000076293945,35.599998474121094,35.650001525878906,31000,0.0,0.0
2024-08-19 12:59:00+08:00,35.650001525878906,35.75,35.599998474121094,35.75,23000,0.0,0.0
2024-08-19 13:00:00+08:00,35.75,35.900001525878906,35.75,35.900001525878906,23000,0.0,0.0
2024-08-19 13:01:00+08:00,35.900001525878906,35.95000076293945,35.900001525878906,35.900001525878906,28000,0.0,0.0
2024-08-19 13:02:00+08:00,35.900001525878906,35.95000076293945,35.900001525878906,35.95000076293945,28000,0.0,0.0
2024-08-19 13:03:00+08:00,35.95000076293945,36.150001525878906,35.95000076293945,36.150001525878906,90100,0.0,0.0
2024-08-19 13:04:00+08:00,36.099998474121094,36.20000076293945,36.04999923706055,36.099998474121094,61300,0.0,0.0
2024-08-19 13:05:00+08:00,36.099998474121094,36.20000076293945,36.099998474121094,36.20000076293945,72000,0.0,0.0
2024-08-19 13:06:00+08:00,36.20000076293945,36.349998474121094,36.20000076293945,36.25,139420,0.0,0.0
2024-08-19 13:07:00+08:00,36.25,36.400001525878906,36.25,36.400001525878906,227095,0.0,0.0
2024-08-19 13:08:00+08:00,36.400001525878906,36.45000076293945,36.349998474121094,36.45000076293945,93040,0.0,0.0
2024-08-19 13:09:00+08:00,36.400001525878906,36.45000076293945,36.349998474121094,36.400001525878906,98640,0.0,0.0
2024-08-19 13:10:00+08:00,36.349998474121094,36.400001525878906,36.25,36.29999923706055,85152,0.0,0.0
2024-08-19 13:11:00+08:00,36.29999923706055,36.599998474121094,36.29999923706055,36.5,240300,0.0,0.0
2024-08-19 13:12:00+08:00,36.5,36.599998474121094,36.45000076293945,36.5,72222,0.0,0.0
2024-08-19 13:13:00+08:00,36.5,36.54999923706055,36.5,36.5,46200,0.0,0.0
2024-08-19 13:14:00+08:00,36.5,36.54999923706055,36.45000076293945,36.45000076293945,43000,0.0,0.0
2024-08-19 13:15:00+08:00,36.5,36.5,36.400001525878906,36.400001525878906,87000,0.0,0.0
2024-08-19 13:16:00+08:00,36.400001525878906,36.400001525878906,36.349998474121094,36.400001525878906,53217,0.0,0.0
2024-08-19 13:17:00+08:00,36.400001525878906,36.45000076293945,36.349998474121094,36.400001525878906,34023,0.0,0.0
2024-08-19 13:18:00+08:00,36.349998474121094,36.400001525878906,36.29999923706055,36.349998474121094,54100,0.0,0.0
2024-08-19 13:19:00+08:00,36.349998474121094,36.349998474121094,36.29999923706055,36.349998474121094,40071,0.0,0.0
2024-08-19 13:20:00+08:00,36.29999923706055,36.349998474121094,36.29999923706055,36.349998474121094,81300,0.0,0.0
2024-08-19 13:21:00+08:00,36.349998474121094,36.5,36.349998474121094,36.45000076293945,105073,0.0,0.0
2024-08-19 13:22:00+08:00,36.400001525878906,36.54999923706055,36.400001525878906,36.54999923706055,98135,0.0,0.0
2024-08-19 13:23:00+08:00,36.5,36.54999923706055,36.400001525878906,36.45000076293945,88327,0.0,0.0
2024-08-19 13:24:00+08:00,36.5,36.5,36.400001525878906,36.400001525878906,66502,0.0,0.0
2024-08-20 09:00:00+08:00,36.400001525878906,36.79999923706055,36.150001525878906,36.650001525878906,452000,0.0,0.0
2024-08-20 09:01:00+08:00,36.70000076293945,36.70000076293945,36.5,36.70000076293945,213000,0.0,0.0
2024-08-20 09:02:00+08:00,36.650001525878906,36.70000076293945,36.45000076293945,36.45000076293945,236000,0.0,0.0
2024-08-20 09:03:00+08:00,36.45000076293945,36.45000076293945,36.20000076293945,36.29999923706055,246000,0.0,0.0
2024-08-20 09:04:00+08:00,36.25,36.400001525878906,36.25,36.349998474121094,52000,0.0,0.0
2024-08-20 09:05:00+08:00,36.349998474121094,36.400001525878906,36.29999923706055,36.29999923706055,98000,0.0,0.0
2024-08-20 09:06:00+08:00,36.29999923706055,36.29999923706055,36.04999923706055,36.099998474121094,179000,0.0,0.0
2024-08-20 09:07:00+08:00,36.04999923706055,36.20000076293945,36.04999923706055,36.04999923706055,110000,0.0,0.0
2024-08-20 09:08:00+08:00,36.099998474121094,36.150001525878906,36.04999923706055,36.099998474121094,123000,0.0,0.0
2024-08-20 09:09:00+08:00,36.099998474121094,36.099998474121094,36.0,36.099998474121094,110000,0.0,0.0
2024-08-20 09:10:00+08:00,36.04999923706055,36.099998474121094,36.0,36.0,99209,0.0,0.0
2024-08-20 09:11:00+08:00,36.04999923706055,36.04999923706055,35.95000076293945,36.0,178331,0.0,0.0
2024-08-20 09:12:00+08:00,35.95000076293945,36.04999923706055,35.95000076293945,36.04999923706055,81171,0.0,0.0
2024-08-20 09:13:00+08:00,36.04999923706055,36.04999923706055,35.95000076293945,35.95000076293945,51105,0.0,0.0
2024-08-20 09:14:00+08:00,35.95000076293945,35.95000076293945,35.849998474121094,35.849998474121094,111034,0.0,0.0
2024-08-20 09:15:00+08:00,35.849998474121094,35.849998474121094,35.75,35.79999923706055,75200,0.0,0.0
2024-08-20 09:16:00+08:00,35.79999923706055,35.849998474121094,35.75,35.79999923706055,57258,0.0,0.0
2024-08-20 09:17:00+08:00,35.849998474121094,35.900001525878906,35.79999923706055,35.849998474121094,51099,0.0,0.0
2024-08-20 09:18:00+08:00,35.75,35.79999923706055,35.75,35.79999923706055,35000,0.0,0.0
2024-08-20 09:19:00+08:00,35.79999923706055,35.79999923706055,35.75,35.79999923706055,70100,0.0,0.0
2024-08-20 09:20:00+08:00,35.75,35.75,35.650001525878906,35.650001525878906,51000,0.0,0.0
2024-08-20 09:21:00+08:00,35.599998474121094,35.650001525878906,35.54999923706055,35.599998474121094,58373,0.0,0.0
2024-08-20 09:22:00+08:00,35.599998474121094,35.599998474121094,35.54999923706055,35.54999923706055,61254,0.0,0.0
2024-08-20 09:23:00+08:00,35.54999923706055,35.54999923706055,35.45000076293945,35.45000076293945,165150,0.0,0.0
2024-08-20 09:24:00+08:00,35.45000076293945,35.599998474121094,35.45000076293945,35.599998474121094,67093,0.0,0.0
2024-08-20 09:25:00+08:00,35.54999923706055,35.75,35.54999923706055,35.75,54387,0.0,0.0
2024-08-20 09:26:00+08:00,35.79999923706055,35.900001525878906,35.79999923706055,35.900001525878906,45000,0.0,0.0
2024-08-20 09:27:00+08:00,35.95000076293945,36.0,35.95000076293945,36.0,71550,0.0,0.0
2024-08-20 09:28:00+08:00,36.0,36.0,35.900001525878906,35.900001525878906,66260,0.0,0.0
2024-08-20 09:29:00+08:00,35.900001525878906,35.900001525878906,35.79999923706055,35.79999923706055,44000,0.0,0.0
2024-08-20 09:30:00+08:00,35.79999923706055,35.79999923706055,35.599998474121094,35.599998474121094,48909,0.0,0.0
2024-08-20 09:31:00+08:00,35.599998474121094,35.650001525878906,35.599998474121094,35.650001525878906,35025,0.0,0.0
2024-08-20 09:32:00+08:00,35.70000076293945,35.70000076293945,35.599998474121094,35.599998474121094,47000,0.0,0.0
2024-08-20 09:33:00+08:00,35.599998474121094,35.650001525878906,35.54999923706055,35.650001525878906,40000,0.0,0.0
2024-08-20 09:34:00+08:00,35.650001525878906,35.75,35.599998474121094,35.75,21099,0.0,0.0
2024-08-20 09:35:00+08:00,35.70000076293945,35.75,35.70000076293945,35.75,4000,0.0,0.0
2024-08-20 09:36:00+08:00,35.79999923706055,35.79999923706055,35.75,35.75,16000,0.0,0.0
2024-08-20 09:37:00+08:00,35.75,35.75,35.75,35.75,10191,0.0,0.0
2024-08-20 09:38:00+08:00,35.79999923706055,35.95000076293945,35.79999923706055,35.95000076293945,46000,0.0,0.0
2024-08-20 09:39:00+08:00,35.95000076293945,36.150001525878906,35.95000076293945,36.150001525878906,103037,0.0,0.0
2024-08-20 09:40:00+08:00,36.099998474121094,36.150001525878906,35.849998474121094,36.0,60200,0.0,0.0
2024-08-20 09:41:00+08:00,35.95000076293945,36.0,35.95000076293945,36.0,7303,0.0,0.0
2024-08-20 09:42:00+08:00,36.0,36.0,35.95000076293945,35.95000076293945,5000,0.0,0.0
2024-08-20 09:43:00+08:00,35.95000076293945,36.0,35.95000076293945,36.0,6000,0.0,0.0
2024-08-20 09:44:00+08:00,35.95000076293945,35.95000076293945,35.849998474121094,35.849998474121094,42000,0.0,0.0
2024-08-20 09:45:00+08:00,35.900001525878906,35.900001525878906,35.849998474121094,35.849998474121094,12000,0.0,0.0
2024-08-20 09:46:00+08:00,35.849998474121094,35.900001525878906,35.849998474121094,35.900001525878906,8070,0.0,0.0
2024-08-20 09:47:00+08:00,35.79999923706055,35.849998474121094,35.79999923706055,35.849998474121094,3015,0.0,0.0
2024-08-20 09:48:00+08:00,35.849998474121094,35.849998474121094,35.849998474121094,35.849998474121094,11000,0.0,0.0
2024-08-20 09:49:00+08:00,35.849998474121094,35.900001525878906,35.849998474121094,35.849998474121094,5000,0.0,0.0
2024-08-20 09:50:00+08:00,35.900001525878906,35.900001525878906,35.849998474121094,35.849998474121094,12000,0.0,0.0
2024-08-20 09:51:00+08:00,35.849998474121094,35.849998474121094,35.75,35.75,48350,0.0,0.0
2024-08-20 09:52:00+08:00,35.75,35.75,35.75,35.75,4100,0.0,0.0
2024-08-20 09:53:00+08:00,35.75,35.75,35.70000076293945,35.70000076293945,12000,0.0,0.0
2024-08-20 09:54:00+08:00,35.70000076293945,35.70000076293945,35.650001525878906,35.650001525878906,47000,0.0,0.0
2024-08-20 09:55:00+08:00,35.650001525878906,35.650001525878906,35.650001525878906,35.650001525878906,12000,0.0,0.0
2024-08-20 09:56:00+08:00,35.650001525878906,35.650001525878906,35.599998474121094,35.599998474121094,4100,0.0,0.0
2024-08-20 09:57:00+08:00,35.650001525878906,35.650001525878906,35.650001525878906,35.650001525878906,7000,0.0,0.0
2024-08-20 09:58:00+08:00,35.650001525878906,35.650001525878906,35.650001525878906,35.650001525878906,10000,0.0,0.0
2024-08-20 09:59:00+08:00,35.650001525878906,35.650001525878906,35.650001525878906,35.650001525878906,5000,0.0,0.0
2024-08-20 10:00:00+08:00,35.70000076293945,35.70000076293945,35.650001525878906,35.70000076293945,24000,0.0,0.0
2024-08-20 10:01:00+08:00,35.70000076293945,35.70000076293945,35.70000076293945,35.70000076293945,4000,0.0,0.0
2024-08-20 10:02:00+08:00,35.70000076293945,35.70000076293945,35.70000076293945,35.70000076293945,10000,0.0,0.0
2024-08-20 10:03:00+08:00,35.70000076293945,35.70000076293945,35.70000076293945,35.70000076293945,13000,0.0,0.0
2024-08-20 10:06:00+08:00,35.70000076293945,35.75,35.70000076293945,35.75,9000,0.0,0.0
2024-08-20 10:08:00+08:00,35.75,35.75,35.75,35.75,5000,0.0,0.0
2024-08-20 10:09:00+08:00,35.79999923706055,35.79999923706055,35.79999923706055,35.79999923706055,7000,0.0,0.0
2024-08-20 10:11:00+08:00,35.849998474121094,35.849998474121094,35.79999923706055,35.79999923706055,21000,0.0,0.0
2024-08-20 10:13:00+08:00,35.900001525878906,35.900001525878906,35.79999923706055,35.79999923706055,22000,0.0,0.0
2024-08-20 10:14:00+08:00,35.849998474121094,35.849998474121094,35.79999923706055,35.79999923706055,2000,0.0,0.0
2024-08-20 10:15:00+08:00,35.849998474121094,35.849998474121094,35.849998474121094,35.849998474121094,8028,0.0,0.0
2024-08-20 10:16:00+08:00,35.849998474121094,35.849998474121094,35.79999923706055,35.79999923706055,18000,0.0,0.0
2024-08-20 10:17:00+08:00,35.79999923706055,35.849998474121094,35.79999923706055,35.79999923706055,3272,0.0,0.0
2024-08-20 10:18:00+08:00,35.79999923706055,35.79999923706055,35.75,35.75,6000,0.0,0.0
2024-08-20 10:19:00+08:00,35.75,35.75,35.70000076293945,35.70000076293945,30028,0.0,0.0
2024-08-20 10:20:00+08:00,35.70000076293945,35.70000076293945,35.650001525878906,35.650001525878906,31108,0.0,0.0
2024-08-20 10:21:00+08:00,35.599998474121094,35.650001525878906,35.54999923706055,35.599998474121094,42081,0.0,0.0
2024-08-20 10:22:00+08:00,35.599998474121094,35.599998474121094,35.599998474121094,35.599998474121094,4749,0.0,0.0
2024-08-20 10:23:00+08:00,35.599998474121094,35.599998474121094,35.599998474121094,35.599998474121094,5001,0.0,0.0
2024-08-20 10:24:00+08:00,35.54999923706055,35.599998474121094,35.54999923706055,35.599998474121094,8000,0.0,0.0
2024-08-20 10:25:00+08:00,35.599998474121094,35.599998474121094,35.599998474121094,35.599998474121094,5600,0.0,0.0
2024-08-20 10:26:00+08:00,35.599998474121094,35.599998474121094,35.599998474121094,35.599998474121094,3000,0.0,0.0
2024-08-20 10:27:00+08:00,35.599998474121094,35.599998474121094,35.599998474121094,35.599998474121094,2025,0.0,0.0
2024-08-20 10:28:00+08:00,35.599998474121094,35.650001525878906,35.599998474121094,35.599998474121094,6066,0.0,0.0
2024-08-20 10:29:00+08:00,35.599998474121094,35.650001525878906,35.599998474121094,35.650001525878906,3000,0.0,0.0
2024-08-20 10:31:00+08:00,35.70000076293945,35.70000076293945,35.70000076293945,35.70000076293945,8000,0.0,0.0
2024-08-20 10:32:00+08:00,35.70000076293945,35.70000076293945,35.650001525878906,35.650001525878906,5016,0.0,0.0
2024-08-20 10:33:00+08:00,35.650001525878906,35.650001525878906,35.650001525878906,35.650001525878906,3000,0.0,0.0
2024-08-20 10:34:00+08:00,35.650001525878906,35.650001525878906,35.650001525878906,35.650001525878906,2000,0.0,0.0
2024-08-20 10:35:00+08:00,35.70000076293945,35.70000076293945,35.650001525878906,35.650001525878906,4000,0.0,0.0
2024-08-20 10:36:00+08:00,35.650001525878906,35.650001525878906,35.650001525878906,35.650001525878906,2099,0.0,0.0
2024-08-20 10:37:00+08:00,35.650001525878906,35.650001525878906,35.650001525878906,35.650001525878906,5000,0.0,0.0
2024-08-20 10:38:00+08:00,35.70000076293945,35.75,35.650001525878906,35.650001525878906,15001,0.0,0.0
2024-08-20 10:40:00+08:00,35.650001525878906,35.79999923706055,35.650001525878906,35.79999923706055,2025,0.0,0.0
2024-08-20 10:41:00+08:00,35.75,35.75,35.70000076293945,35.70000076293945,4000,0.0,0.0
2024-08-20 10:42:00+08:00,35.70000076293945,35.70000076293945,35.650001525878906,35.650001525878906,9000,0.0,0.0
2024-08-20 10:43:00+08:00,35.650001525878906,35.650001525878906,35.650001525878906,35.650001525878906,6204,0.0,0.0
2024-08-20 10:44:00+08:00,35.650001525878906,35.650001525878906,35.650001525878906,35.650001525878906,9000,0.0,0.0
2024-08-20 10:45:00+08:00,35.599998474121094,35.650001525878906,35.599998474121094,35.650001525878906,15000,0.0,0.0
2024-08-20 10:46:00+08:00,35.650001525878906,35.650001525878906,35.650001525878906,35.650001525878906,15000,0.0,0.0
2024-08-20 10:47:00+08:00,35.70000076293945,35.70000076293945,35.70000076293945,35.70000076293945,8000,0.0,0.0
2024-08-20 10:48:00+08:00,35.70000076293945,35.70000076293945,35.70000076293945,35.70000076293945,4000,0.0,0.0
2024-08-20 10:49:00+08:00,35.70000076293945,35.75,35.70000076293945,35.70000076293945,4000,0.0,0.0
2024-08-20 10:50:00+08:00,35.70000076293945,35.70000076293945,35.70000076293945,35.70000076293945,1000,0.0,0.0
2024-08-20 10:51:00+08:00,35.70000076293945,35.70000076293945,35.650001525878906,35.650001525878906,22000,0.0,0.0
2024-08-20 10:52:00+08:00,35.650001525878906,35.650001525878906,35.650001525878906,35.650001525878906,7296,0.0,0.0
2024-08-20 10:53:00+08:00,35.650001525878906,35.650001525878906,35.650001525878906,35.650001525878906,1000,0.0,0.0
2024-08-20 10:54:00+08:00,35.650001525878906,35.650001525878906,35.650001525878906,35.650001525878906,1000,0.0,0.0
2024-08-20 10:55:00+08:00,35.650001525878906,35.650001525878906,35.650001525878906,35.650001525878906,2000,0.0,0.0
2024-08-20 10:56:00+08:00,35.70000076293945,35.70000076293945,35.70000076293945,35.70000076293945,8000,0.0,0.0
2024-08-20 10:57:00+08:00,35.70000076293945,35.75,35.70000076293945,35.75,13000,0.0,0.0
2024-08-20 10:58:00+08:00,35.75,35.75,35.75,35.75,3000,0.0,0.0
2024-08-20 10:59:00+08:00,35.70000076293945,35.75,35.70000076293945,35.75,12003,0.0,0.0
2024-08-20 11:00:00+08:00,35.75,35.79999923706055,35.75,35.79999923706055,5403,0.0,0.0
2024-08-20 11:01:00+08:00,35.79999923706055,35.79999923706055,35.79999923706055,35.79999923706055,3000,0.0,0.0
2024-08-20 11:02:00+08:00,35.79999923706055,35.79999923706055,35.79999923706055,35.79999923706055,6000,0.0,0.0
2024-08-20 11:03:00+08:00,35.79999923706055,35.79999923706055,35.79999923706055,35.79999923706055,3101,0.0,0.0
2024-08-20 11:04:00+08:00,35.79999923706055,35.79999923706055,35.75,35.75,12000,0.0,0.0
2024-08-20 11:05:00+08:00,35.79999923706055,35.79999923706055,35.79999923706055,35.79999923706055,4025,0.0,0.0
2024-08-20 11:06:00+08:00,35.75,35.79999923706055,35.70000076293945,35.70000076293945,19006,0.0,0.0
2024-08-20 11:09:00+08:00,35.70000076293945,35.75,35.70000076293945,35.75,2000,0.0,0.0
2024-08-20 11:10:00+08:00,35.75,35.79999923706055,35.75,35.79999923706055,4005,0.0,0.0
2024-08-20 11:12:00+08:00,35.75,35.79999923706055,35.75,35.75,4070,0.0,0.0
2024-08-20 11:15:00+08:00,35.75,35.75,35.75,35.75,3000,0.0,0.0
2024-08-20 11:16:00+08:00,35.70000076293945,35.70000076293945,35.70000076293945,35.70000076293945,2000,0.0,0.0
2024-08-20 11:18:00+08:00,35.70000076293945,35.70000076293945,35.70000076293945,35.70000076293945,1000,0.0,0.0
2024-08-20 11:19:00+08:00,35.70000076293945,35.70000076293945,35.70000076293945,35.70000076293945,13000,0.0,0.0
2024-08-20 11:20:00+08:00,35.70000076293945,35.70000076293945,35.70000076293945,35.70000076293945,5000,0.0,0.0
2024-08-20 11:23:00+08:00,35.70000076293945,35.70000076293945,35.70000076293945,35.70000076293945,6000,0.0,0.0
2024-08-20 11:24:00+08:00,35.650001525878906,35.650001525878906,35.650001525878906,35.650001525878906,1000,0.0,0.0
2024-08-20 11:25:00+08:00,35.650001525878906,35.650001525878906,35.650001525878906,35.650001525878906,1101,0.0,0.0
2024-08-20 11:26:00+08:00,35.650001525878906,35.650001525878906,35.599998474121094,35.650001525878906,24000,0.0,0.0
2024-08-20 11:27:00+08:00,35.599998474121094,35.599998474121094,35.54999923706055,35.599998474121094,47000,0.0,0.0
2024-08-20 11:28:00+08:00,35.599998474121094,35.599998474121094,35.599998474121094,35.599998474121094,1000,0.0,0.0
2024-08-20 11:29:00+08:00,35.599998474121094,35.599998474121094,35.599998474121094,35.599998474121094,2000,0.0,0.0
2024-08-20 11:30:00+08:00,35.599998474121094,35.599998474121094,35.54999923706055,35.54999923706055,19000,0.0,0.0
2024-08-20 11:31:00+08:00,35.54999923706055,35.54999923706055,35.45000076293945,35.45000076293945,151000,0.0,0.0
2024-08-20 11:32:00+08:00,35.45000076293945,35.5,35.45000076293945,35.45000076293945,37155,0.0,0.0
2024-08-20 11:33:00+08:00,35.45000076293945,35.45000076293945,35.45000076293945,35.45000076293945,7422,0.0,0.0
2024-08-20 11:34:00+08:00,35.45000076293945,35.45000076293945,35.400001525878906,35.400001525878906,10000,0.0,0.0
2024-08-20 11:35:00+08:00,35.400001525878906,35.400001525878906,35.400001525878906,35.400001525878906,27156,0.0,0.0
2024-08-20 11:36:00+08:00,35.400001525878906,35.400001525878906,35.20000076293945,35.20000076293945,116020,0.0,0.0
2024-08-20 11:37:00+08:00,35.20000076293945,35.29999923706055,35.150001525878906,35.150001525878906,16350,0.0,0.0
2024-08-20 11:38:00+08:00,35.25,35.29999923706055,35.20000076293945,35.20000076293945,20000,0.0,0.0
2024-08-20 11:39:00+08:00,35.25,35.45000076293945,35.25,35.45000076293945,21200,0.0,0.0
2024-08-20 11:40:00+08:00,35.45000076293945,35.45000076293945,35.400001525878906,35.45000076293945,14000,0.0,0.0
2024-08-20 11:41:00+08:00,35.45000076293945,35.5,35.45000076293945,35.45000076293945,15000,0.0,0.0
2024-08-20 11:42:00+08:00,35.45000076293945,35.45000076293945,35.400001525878906,35.400001525878906,10000,0.0,0.0
2024-08-20 11:44:00+08:00,35.349998474121094,35.349998474121094,35.349998474121094,35.349998474121094,1000,0.0,0.0
2024-08-20 11:45:00+08:00,35.349998474121094,35.349998474121094,35.150001525878906,35.150001525878906,51000,0.0,0.0
2024-08-20 11:46:00+08:00,35.150001525878906,35.20000076293945,35.150001525878906,35.20000076293945,7050,0.0,0.0
2024-08-20 11:48:00+08:00,35.25,35.25,35.20000076293945,35.20000076293945,8000,0.0,0.0
2024-08-20 11:49:00+08:00,35.25,35.29999923706055,35.25,35.29999923706055,8000,0.0,0.0
2024-08-20 11:50:00+08:00,35.25,35.29999923706055,35.25,35.29999923706055,3010,0.0,0.0
2024-08-20 11:51:00+08:00,35.29999923706055,35.29999923706055,35.29999923706055,35.29999923706055,25050,0.0,0.0
2024-08-20 11:52:00+08:00,35.349998474121094,35.349998474121094,35.349998474121094,35.349998474121094,2000,0.0,0.0
2024-08-20 11:53:00+08:00,35.349998474121094,35.349998474121094,35.349998474121094,35.349998474121094,1000,0.0,0.0
2024-08-20 11:54:00+08:00,35.400001525878906,35.400001525878906,35.400001525878906,35.400001525878906,3000,0.0,0.0
2024-08-20 11:55:00+08:00,35.400001525878906,35.400001525878906,35.400001525878906,35.400001525878906,8000,0.0,0.0
2024-08-20 11:56:00+08:00,35.349998474121094,35.349998474121094,35.349998474121094,35.349998474121094,2010,0.0,0.0
2024-08-20 11:57:00+08:00,35.349998474121094,35.349998474121094,35.349998474121094,35.349998474121094,5000,0.0,0.0
2024-08-20 11:59:00+08:00,35.349998474121094,35.349998474121094,35.349998474121094,35.349998474121094,2250,0.0,0.0
2024-08-20 12:00:00+08:00,35.400001525878906,35.400001525878906,35.349998474121094,35.400001525878906,15112,0.0,0.0
2024-08-20 12:01:00+08:00,35.400001525878906,35.400001525878906,35.349998474121094,35.349998474121094,2000,0.0,0.0
2024-08-20 12:02:00+08:00,35.29999923706055,35.29999923706055,35.29999923706055,35.29999923706055,16000,0.0,0.0
2024-08-20 12:03:00+08:00,35.25,35.25,35.150001525878906,35.150001525878906,36000,0.0,0.0
2024-08-20 12:04:00+08:00,35.150001525878906,35.25,35.099998474121094,35.099998474121094,15226,0.0,0.0
2024-08-20 12:05:00+08:00,35.099998474121094,35.099998474121094,35.099998474121094,35.099998474121094,33000,0.0,0.0
2024-08-20 12:06:00+08:00,35.099998474121094,35.150001525878906,35.099998474121094,35.099998474121094,13000,0.0,0.0
2024-08-20 12:07:00+08:00,35.150001525878906,35.20000076293945,35.150001525878906,35.150001525878906,30000,0.0,0.0
2024-08-20 12:08:00+08:00,35.20000076293945,35.25,35.20000076293945,35.25,6000,0.0,0.0
2024-08-20 12:09:00+08:00,35.25,35.25,35.25,35.25,2000,0.0,0.0
2024-08-20 12:10:00+08:00,35.29999923706055,35.29999923706055,35.29999923706055,35.29999923706055,3000,0.0,0.0
2024-08-20 12:11:00+08:00,35.29999923706055,35.29999923706055,35.20000076293945,35.20000076293945,10000,0.0,0.0
2024-08-20 12:12:00+08:00,35.20000076293945,35.20000076293945,35.20000076293945,35.20000076293945,1000,0.0,0.0
2024-08-20 12:14:00+08:00,35.20000076293945,35.20000076293945,35.20000076293945,35.20000076293945,1100,0.0,0.0
2024-08-20 12:15:00+08:00,35.29999923706055,35.5,35.29999923706055,35.5,25000,0.0,0.0
2024-08-20 12:16:00+08:00,35.5,35.5,35.5,35.5,17001,0.0,0.0
2024-08-20 12:17:00+08:00,35.5,35.54999923706055,35.5,35.54999923706055,8000,0.0,0.0
2024-08-20 12:18:00+08:00,35.5,35.5,35.5,35.5,1050,0.0,0.0
2024-08-20 12:19:00+08:00,35.5,35.5,35.45000076293945,35.45000076293945,7000,0.0,0.0
2024-08-20 12:20:00+08:00,35.45000076293945,35.45000076293945,35.45000076293945,35.45000076293945,5211,0.0,0.0
2024-08-20 12:21:00+08:00,35.400001525878906,35.45000076293945,35.349998474121094,35.349998474121094,5000,0.0,0.0
2024-08-20 12:22:00+08:00,35.400001525878906,35.5,35.400001525878906,35.5,11000,0.0,0.0
2024-08-20 12:23:00+08:00,35.54999923706055,35.54999923706055,35.45000076293945,35.45000076293945,3005,0.0,0.0
2024-08-20 12:24:00+08:00,35.45000076293945,35.45000076293945,35.45000076293945,35.45000076293945,1530,0.0,0.0
2024-08-20 12:25:00+08:00,35.45000076293945,35.45000076293945,35.45000076293945,35.45000076293945,3000,0.0,0.0
2024-08-20 12:26:00+08:00,35.45000076293945,35.45000076293945,35.45000076293945,35.45000076293945,3031,0.0,0.0
2024-08-20 12:27:00+08:00,35.45000076293945,35.5,35.45000076293945,35.45000076293945,17050,0.0,0.0
2024-08-20 12:29:00+08:00,35.400001525878906,35.400001525878906,35.400001525878906,35.400001525878906,12080,0.0,0.0
2024-08-20 12:30:00+08:00,35.400001525878906,35.400001525878906,35.349998474121094,35.349998474121094,6015,0.0,0.0
2024-08-20 12:31:00+08:00,35.349998474121094,35.400001525878906,35.29999923706055,35.349998474121094,5000,0.0,0.0
2024-08-20 12:32:00+08:00,35.400001525878906,35.400001525878906,35.349998474121094,35.349998474121094,6000,0.0,0.0
2024-08-20 12:33:00+08:00,35.349998474121094,35.400001525878906,35.29999923706055,35.29999923706055,24000,0.0,0.0
2024-08-20 12:34:00+08:00,35.349998474121094,35.349998474121094,35.349998474121094,35.349998474121094,1000,0.0,0.0
2024-08-20 12:36:00+08:00,35.349998474121094,35.400001525878906,35.349998474121094,35.400001525878906,3000,0.0,0.0
2024-08-20 12:37:00+08:00,35.400001525878906,35.400001525878906,35.349998474121094,35.349998474121094,9000,0.0,0.0
2024-08-20 12:38:00+08:00,35.349998474121094,35.400001525878906,35.349998474121094,35.400001525878906,8000,0.0,0.0
2024-08-20 12:39:00+08:00,35.45000076293945,35.5,35.45000076293945,35.5,19000,0.0,0.0
2024-08-20 12:40:00+08:00,35.5,35.5,35.400001525878906,35.5,13000,0.0,0.0
2024-08-20 12:41:00+08:00,35.45000076293945,35.45000076293945,35.45000076293945,35.45000076293945,3000,0.0,0.0
2024-08-20 12:42:00+08:00,35.400001525878906,35.5,35.400001525878906,35.5,2002,0.0,0.0
2024-08-20 12:44:00+08:00,35.5,35.5,35.5,35.5,5000,0.0,0.0
2024-08-20 12:45:00+08:00,35.5,35.5,35.5,35.5,1120,0.0,0.0
2024-08-20 12:46:00+08:00,35.5,35.5,35.5,35.5,1000,0.0,0.0
2024-08-20 12:47:00+08:00,35.45000076293945,35.45000076293945,35.45000076293945,35.45000076293945,1000,0.0,0.0
2024-08-20 12:49:00+08:00,35.45000076293945,35.45000076293945,35.400001525878906,35.400001525878906,9000,0.0,0.0
2024-08-20 12:50:00+08:00,35.349998474121094,35.349998474121094,35.349998474121094,35.349998474121094,5000,0.0,0.0
2024-08-20 12:51:00+08:00,35.349998474121094,35.349998474121094,35.349998474121094,35.349998474121094,6020,0.0,0.0
2024-08-20 12:52:00+08:00,35.349998474121094,35.349998474121094,35.349998474121094,35.349998474121094,2000,0.0,0.0
2024-08-20 12:53:00+08:00,35.349998474121094,35.349998474121094,35.349998474121094,35.349998474121094,9000,0.0,0.0
2024-08-20 12:54:00+08:00,35.349998474121094,35.349998474121094,35.349998474121094,35.349998474121094,11000,0.0,0.0
2024-08-20 12:55:00+08:00,35.349998474121094,35.349998474121094,35.349998474121094,35.349998474121094,27178,0.0,0.0
2024-08-20 12:56:00+08:00,35.349998474121094,35.349998474121094,35.29999923706055,35.349998474121094,4000,0.0,0.0
2024-08-20 12:57:00+08:00,35.349998474121094,35.349998474121094,35.349998474121094,35.349998474121094,4000,0.0,0.0
2024-08-20 12:58:00+08:00,35.349998474121094,35.400001525878906,35.349998474121094,35.400001525878906,10000,0.0,0.0
2024-08-20 12:59:00+08:00,35.29999923706055,35.349998474121094,35.29999923706055,35.29999923706055,8000,0.0,0.0
2024-08-20 13:00:00+08:00,35.349998474121094,35.349998474121094,35.349998474121094,35.349998474121094,20000,0.0,0.0
2024-08-20 13:01:00+08:00,35.349998474121094,35.349998474121094,35.349998474121094,35.349998474121094,3000,0.0,0.0
2024-08-20 13:03:00+08:00,35.349998474121094,35.349998474121094,35.349998474121094,35.349998474121094,19000,0.0,0.0
2024-08-20 13:04:00+08:00,35.349998474121094,35.349998474121094,35.349998474121094,35.349998474121094,9000,0.0,0.0
2024-08-20 13:05:00+08:00,35.29999923706055,35.29999923706055,35.25,35.25,29000,0.0,0.0
2024-08-20 13:06:00+08:00,35.25,35.29999923706055,35.25,35.25,20000,0.0,0.0
2024-08-20 13:07:00+08:00,35.25,35.25,35.25,35.25,10000,0.0,0.0
2024-08-20 13:08:00+08:00,35.25,35.29999923706055,35.25,35.25,19000,0.0,0.0
2024-08-20 13:09:00+08:00,35.25,35.25,35.20000076293945,35.25,28045,0.0,0.0
2024-08-20 13:10:00+08:00,35.25,35.25,35.20000076293945,35.25,47096,0.0,0.0
2024-08-20 13:11:00+08:00,35.150001525878906,35.25,35.150001525878906,35.20000076293945,32000,0.0,0.0
2024-08-20 13:12:00+08:00,35.150001525878906,35.20000076293945,35.150001525878906,35.150001525878906,16072,0.0,0.0
2024-08-20 13:13:00+08:00,35.20000076293945,35.45000076293945,35.150001525878906,35.45000076293945,144150,0.0,0.0
2024-08-20 13:14:00+08:00,35.45000076293945,35.45000076293945,35.349998474121094,35.400001525878906,15000,0.0,0.0
2024-08-20 13:15:00+08:00,35.400001525878906,35.45000076293945,35.349998474121094,35.349998474121094,86000,0.0,0.0
2024-08-20 13:16:00+08:00,35.400001525878906,35.400001525878906,35.20000076293945,35.20000076293945,59016,0.0,0.0
2024-08-20 13:17:00+08:00,35.25,35.29999923706055,35.25,35.25,13184,0.0,0.0
2024-08-20 13:18:00+08:00,35.20000076293945,35.25,35.150001525878906,35.150001525878906,47000,0.0,0.0
2024-08-20 13:19:00+08:00,35.150001525878906,35.20000076293945,35.150001525878906,35.20000076293945,26901,0.0,0.0
2024-08-20 13:20:00+08:00,35.20000076293945,35.25,35.150001525878906,35.25,36000,0.0,0.0
2024-08-20 13:21:00+08:00,35.20000076293945,35.25,35.099998474121094,35.150001525878906,80000,0.0,0.0
2024-08-20 13:22:00+08:00,35.150001525878906,35.150001525878906,35.04999923706055,35.099998474121094,55099,0.0,0.0
2024-08-20 13:23:00+08:00,35.04999923706055,35.099998474121094,35.04999923706055,35.04999923706055,54080,0.0,0.0
2024-08-20 13:24:00+08:00,35.04999923706055,35.150001525878906,35.04999923706055,35.150001525878906,89312,0.0,0.0
2024-08-21 09:00:00+08:00,35.0,35.0,34.900001525878906,35.0,71000,0.0,0.0
2024-08-21 09:01:00+08:00,34.95000076293945,34.95000076293945,34.900001525878906,34.95000076293945,23000,0.0,0.0
2024-08-21 09:02:00+08:00,34.900001525878906,35.0,34.849998474121094,35.0,11000,0.0,0.0
2024-08-21 09:03:00+08:00,34.900001525878906,35.0,34.900001525878906,34.95000076293945,36000,0.0,0.0
2024-08-21 09:04:00+08:00,34.95000076293945,34.95000076293945,34.900001525878906,34.900001525878906,10000,0.0,0.0
2024-08-21 09:05:00+08:00,34.900001525878906,34.900001525878906,34.70000076293945,34.75,38000,0.0,0.0
2024-08-21 09:06:00+08:00,34.75,34.75,34.54999923706055,34.54999923706055,39000,0.0,0.0
2024-08-21 09:07:00+08:00,34.54999923706055,34.54999923706055,34.400001525878906,34.54999923706055,72000,0.0,0.0
2024-08-21 09:08:00+08:00,34.5,34.70000076293945,34.5,34.5,68000,0.0,0.0
2024-08-21 09:09:00+08:00,34.650001525878906,34.79999923706055,34.650001525878906,34.75,27000,0.0,0.0
2024-08-21 09:10:00+08:00,34.75,34.849998474121094,34.599998474121094,34.75,15378,0.0,0.0
2024-08-21 09:11:00+08:00,34.79999923706055,34.79999923706055,34.599998474121094,34.79999923706055,43084,0.0,0.0
2024-08-21 09:12:00+08:00,34.79999923706055,35.45000076293945,34.79999923706055,35.29999923706055,84000,0.0,0.0
2024-08-21 09:13:00+08:00,35.400001525878906,35.45000076293945,35.25,35.25,51100,0.0,0.0
2024-08-21 09:14:00+08:00,35.25,35.5,35.25,35.45000076293945,27300,0.0,0.0
2024-08-21 09:15:00+08:00,35.5,35.900001525878906,35.400001525878906,35.849998474121094,96000,0.0,0.0
2024-08-21 09:16:00+08:00,35.900001525878906,35.900001525878906,35.70000076293945,35.75,118010,0.0,0.0
2024-08-21 09:17:00+08:00,35.849998474121094,35.95000076293945,35.75,35.849998474121094,115000,0.0,0.0
2024-08-21 09:18:00+08:00,35.849998474121094,35.900001525878906,35.79999923706055,35.849998474121094,43000,0.0,0.0
2024-08-21 09:19:00+08:00,35.900001525878906,35.95000076293945,35.849998474121094,35.900001525878906,51000,0.0,0.0
2024-08-21 09:20:00+08:00,35.900001525878906,36.0,35.849998474121094,35.900001525878906,67120,0.0,0.0
2024-08-21 09:21:00+08:00,35.900001525878906,35.95000076293945,35.75,35.75,70205,0.0,0.0
2024-08-21 09:22:00+08:00,35.75,35.75,35.70000076293945,35.70000076293945,21000,0.0,0.0
2024-08-21 09:23:00+08:00,35.75,35.849998474121094,35.70000076293945,35.70000076293945,20000,0.0,0.0
2024-08-21 09:24:00+08:00,35.70000076293945,35.75,35.70000076293945,35.75,7000,0.0,0.0
2024-08-21 09:26:00+08:00,35.900001525878906,36.099998474121094,35.900001525878906,36.099998474121094,181480,0.0,0.0
2024-08-21 09:27:00+08:00,36.150001525878906,36.20000076293945,36.0,36.0,96155,0.0,0.0
2024-08-21 09:28:00+08:00,35.95000076293945,36.04999923706055,35.849998474121094,35.849998474121094,54025,0.0,0.0
2024-08-21 09:29:00+08:00,35.849998474121094,35.95000076293945,35.849998474121094,35.900001525878906,21374,0.0,0.0
2024-08-21 09:30:00+08:00,35.849998474121094,35.849998474121094,35.79999923706055,35.79999923706055,20000,0.0,0.0
2024-08-21 09:31:00+08:00,35.79999923706055,35.79999923706055,35.75,35.75,7100,0.0,0.0
2024-08-21 09:32:00+08:00,35.79999923706055,35.79999923706055,35.650001525878906,35.650001525878906,37001,0.0,0.0
2024-08-21 09:33:00+08:00,35.70000076293945,35.70000076293945,35.650001525878906,35.650001525878906,6000,0.0,0.0
2024-08-21 09:34:00+08:00,35.650001525878906,35.900001525878906,35.650001525878906,35.900001525878906,43000,0.0,0.0
2024-08-21 09:35:00+08:00,35.900001525878906,35.95000076293945,35.900001525878906,35.900001525878906,22000,0.0,0.0
2024-08-21 09:36:00+08:00,35.900001525878906,35.95000076293945,35.849998474121094,35.849998474121094,6193,0.0,0.0
2024-08-21 09:37:00+08:00,35.900001525878906,35.900001525878906,35.900001525878906,35.900001525878906,2000,0.0,0.0
2024-08-21 09:38:00+08:00,35.900001525878906,35.900001525878906,35.900001525878906,35.900001525878906,5000,0.0,0.0
2024-08-21 09:39:00+08:00,35.95000076293945,35.95000076293945,35.900001525878906,35.900001525878906,47120,0.0,0.0
2024-08-21 09:40:00+08:00,35.900001525878906,35.900001525878906,35.900001525878906,35.900001525878906,6000,0.0,0.0
2024-08-21 09:41:00+08:00,35.900001525878906,35.900001525878906,35.849998474121094,35.849998474121094,17000,0.0,0.0
2024-08-21 09:42:00+08:00,35.849998474121094,35.900001525878906,35.849998474121094,35.900001525878906,10012,0.0,0.0
2024-08-21 09:43:00+08:00,35.900001525878906,35.900001525878906,35.849998474121094,35.849998474121094,10020,0.0,0.0
2024-08-21 09:44:00+08:00,35.79999923706055,35.79999923706055,35.75,35.75,22000,0.0,0.0
2024-08-21 09:45:00+08:00,35.70000076293945,35.79999923706055,35.70000076293945,35.75,3031,0.0,0.0
2024-08-21 09:46:00+08:00,35.75,35.75,35.70000076293945,35.70000076293945,17101,0.0,0.0
2024-08-21 09:47:00+08:00,35.70000076293945,35.70000076293945,35.70000076293945,35.70000076293945,5000,0.0,0.0
2024-08-21 09:48:00+08:00,35.70000076293945,35.70000076293945,35.70000076293945,35.70000076293945,8000,0.0,0.0
2024-08-21 09:49:00+08:00,35.650001525878906,35.650001525878906,35.650001525878906,35.650001525878906,9053,0.0,0.0
2024-08-21 09:50:00+08:00,35.650001525878906,35.70000076293945,35.599998474121094,35.70000076293945,7000,0.0,0.0
2024-08-21 09:52:00+08:00,35.650001525878906,35.650001525878906,35.599998474121094,35.650001525878906,18000,0.0,0.0
2024-08-21 09:53:00+08:00,35.650001525878906,35.650001525878906,35.599998474121094,35.599998474121094,15000,0.0,0.0
2024-08-21 09:54:00+08:00,35.54999923706055,35.54999923706055,35.5,35.54999923706055,24184,0.0,0.0
2024-08-21 09:56:00+08:00,35.54999923706055,35.54999923706055,35.5,35.5,16000,0.0,0.0
2024-08-21 09:57:00+08:00,35.5,35.5,35.5,35.5,14037,0.0,0.0
2024-08-21 09:58:00+08:00,35.5,35.54999923706055,35.5,35.5,7000,0.0,0.0
2024-08-21 09:59:00+08:00,35.54999923706055,35.54999923706055,35.54999923706055,35.54999923706055,1000,0.0,0.0
2024-08-21 10:00:00+08:00,35.599998474121094,35.599998474121094,35.54999923706055,35.54999923706055,24017,0.0,0.0
2024-08-21 10:01:00+08:00,35.599998474121094,35.599998474121094,35.599998474121094,35.599998474121094,5000,0.0,0.0
2024-08-21 10:02:00+08:00,35.54999923706055,35.54999923706055,35.54999923706055,35.54999923706055,1000,0.0,0.0
2024-08-21 10:04:00+08:00,35.54999923706055,35.599998474121094,35.54999923706055,35.54999923706055,23000,0.0,0.0
2024-08-21 10:05:00+08:00,35.54999923706055,35.599998474121094,35.54999923706055,35.599998474121094,11050,0.0,0.0
2024-08-21 10:06:00+08:00,35.599998474121094,35.650001525878906,35.599998474121094,35.650001525878906,5000,0.0,0.0
2024-08-21 10:07:00+08:00,35.599998474121094,35.599998474121094,35.599998474121094,35.599998474121094,6000,0.0,0.0
2024-08-21 10:08:00+08:00,35.599998474121094,35.599998474121094,35.5,35.5,26000,0.0,0.0
2024-08-21 10:09:00+08:00,35.5,35.5,35.5,35.5,5099,0.0,0.0
2024-08-21 10:10:00+08:00,35.5,35.5,35.5,35.5,4000,0.0,0.0
2024-08-21 10:11:00+08:00,35.5,35.5,35.5,35.5,3000,0.0,0.0
2024-08-21 10:12:00+08:00,35.5,35.5,35.400001525878906,35.400001525878906,19000,0.0,0.0
2024-08-21 10:13:00+08:00,35.5,35.5,35.45000076293945,35.45000076293945,14000,0.0,0.0
2024-08-21 10:14:00+08:00,35.45000076293945,35.5,35.45000076293945,35.45000076293945,14188,0.0,0.0
2024-08-21 10:15:00+08:00,35.400001525878906,35.400001525878906,35.349998474121094,35.349998474121094,20000,0.0,0.0
2024-08-21 10:17:00+08:00,35.400001525878906,35.400001525878906,35.400001525878906,35.400001525878906,1000,0.0,0.0
2024-08-21 10:18:00+08:00,35.45000076293945,35.45000076293945,35.45000076293945,35.45000076293945,2000,0.0,0.0
2024-08-21 10:19:00+08:00,35.45000076293945,35.45000076293945,35.400001525878906,35.400001525878906,8180,0.0,0.0
2024-08-21 10:20:00+08:00,35.45000076293945,35.45000076293945,35.400001525878906,35.400001525878906,5030,0.0,0.0
2024-08-21 10:21:00+08:00,35.400001525878906,35.400001525878906,35.400001525878906,35.400001525878906,1000,0.0,0.0
2024-08-21 10:22:00+08:00,35.400001525878906,35.400001525878906,35.400001525878906,35.400001525878906,1000,0.0,0.0
2024-08-21 10:23:00+08:00,35.400001525878906,35.400001525878906,35.400001525878906,35.400001525878906,1000,0.0,0.0
2024-08-21 10:24:00+08:00,35.349998474121094,35.400001525878906,35.349998474121094,35.400001525878906,8011,0.0,0.0
2024-08-21 10:26:00+08:00,35.400001525878906,35.400001525878906,35.349998474121094,35.349998474121094,4000,0.0,0.0
2024-08-21 10:27:00+08:00,35.400001525878906,35.400001525878906,35.349998474121094,35.349998474121094,12000,0.0,0.0
2024-08-21 10:30:00+08:00,35.349998474121094,35.349998474121094,35.29999923706055,35.29999923706055,24000,0.0,0.0
2024-08-21 10:31:00+08:00,35.25,35.25,35.20000076293945,35.25,18317,0.0,0.0
2024-08-21 10:32:00+08:00,35.25,35.29999923706055,35.25,35.29999923706055,9036,0.0,0.0
2024-08-21 10:33:00+08:00,35.29999923706055,35.29999923706055,35.29999923706055,35.29999923706055,9000,0.0,0.0
2024-08-21 10:34:00+08:00,35.29999923706055,35.29999923706055,35.29999923706055,35.29999923706055,12000,0.0,0.0
2024-08-21 10:35:00+08:00,35.29999923706055,35.29999923706055,35.29999923706055,35.29999923706055,4000,0.0,0.0
2024-08-21 10:36:00+08:00,35.29999923706055,35.29999923706055,35.25,35.29999923706055,27000,0.0,0.0
2024-08-21 10:37:00+08:00,35.29999923706055,35.29999923706055,35.29999923706055,35.29999923706055,1000,0.0,0.0
2024-08-21 10:38:00+08:00,35.29999923706055,35.29999923706055,35.29999923706055,35.29999923706055,7000,0.0,0.0
2024-08-21 10:39:00+08:00,35.29999923706055,35.29999923706055,35.29999923706055,35.29999923706055,1000,0.0,0.0
2024-08-21 10:40:00+08:00,35.29999923706055,35.349998474121094,35.150001525878906,35.150001525878906,26000,0.0,0.0
2024-08-21 10:41:00+08:00,35.20000076293945,35.20000076293945,35.099998474121094,35.099998474121094,17000,0.0,0.0
2024-08-21 10:42:00+08:00,35.099998474121094,35.099998474121094,35.099998474121094,35.099998474121094,13500,0.0,0.0
2024-08-21 10:43:00+08:00,35.099998474121094,35.150001525878906,35.099998474121094,35.150001525878906,4000,0.0,0.0
2024-08-21 10:44:00+08:00,35.20000076293945,35.20000076293945,35.20000076293945,35.20000076293945,2000,0.0,0.0
2024-08-21 10:45:00+08:00,35.20000076293945,35.20000076293945,35.20000076293945,35.20000076293945,4000,0.0,0.0
2024-08-21 10:46:00+08:00,35.20000076293945,35.20000076293945,35.20000076293945,35.20000076293945,4000,0.0,0.0
2024-08-21 10:49:00+08:00,35.20000076293945,35.20000076293945,35.20000076293945,35.20000076293945,1000,0.0,0.0
2024-08-21 10:52:00+08:00,35.150001525878906,35.150001525878906,35.150001525878906,35.150001525878906,10100,0.0,0.0
2024-08-21 10:54:00+08:00,35.150001525878906,35.150001525878906,35.099998474121094,35.099998474121094,7000,0.0,0.0
2024-08-21 10:55:00+08:00,35.150001525878906,35.150001525878906,35.150001525878906,35.150001525878906,5000,0.0,0.0
2024-08-21 10:56:00+08:00,35.150001525878906,35.150001525878906,35.150001525878906,35.150001525878906,5000,0.0,0.0
2024-08-21 10:57:00+08:00,35.099998474121094,35.099998474121094,35.099998474121094,35.099998474121094,4000,0.0,0.0
2024-08-21 10:58:00+08:00,35.099998474121094,35.099998474121094,35.099998474121094,35.099998474121094,57180,0.0,0.0
2024-08-21 10:59:00+08:00,35.099998474121094,35.099998474121094,35.04999923706055,35.04999923706055,11000,0.0,0.0
2024-08-21 11:00:00+08:00,35.04999923706055,35.04999923706055,35.0,35.0,57020,0.0,0.0
2024-08-21 11:01:00+08:00,34.95000076293945,34.95000076293945,34.70000076293945,34.79999923706055,70100,0.0,0.0
2024-08-21 11:02:00+08:00,34.70000076293945,34.75,34.650001525878906,34.75,43613,0.0,0.0
2024-08-21 11:03:00+08:00,34.75,34.79999923706055,34.75,34.75,15000,0.0,0.0
2024-08-21 11:04:00+08:00,34.79999923706055,34.79999923706055,34.79999923706055,34.79999923706055,5100,0.0,0.0
2024-08-21 11:05:00+08:00,34.900001525878906,34.900001525878906,34.79999923706055,34.79999923706055,6000,0.0,0.0
2024-08-21 11:06:00+08:00,34.79999923706055,34.79999923706055,34.79999923706055,34.79999923706055,1000,0.0,0.0
2024-08-21 11:07:00+08:00,34.79999923706055,34.849998474121094,34.70000076293945,34.849998474121094,111107,0.0,0.0
2024-08-21 11:08:00+08:00,34.75,34.79999923706055,34.75,34.79999923706055,3000,0.0,0.0
2024-08-21 11:09:00+08:00,34.849998474121094,34.849998474121094,34.849998474121094,34.849998474121094,1000,0.0,0.0
2024-08-21 11:12:00+08:00,34.900001525878906,34.900001525878906,34.900001525878906,34.900001525878906,2000,0.0,0.0
2024-08-21 11:14:00+08:00,35.0,35.04999923706055,35.0,35.04999923706055,6050,0.0,0.0
2024-08-21 11:15:00+08:00,35.099998474121094,35.099998474121094,35.04999923706055,35.04999923706055,8000,0.0,0.0
2024-08-21 11:16:00+08:00,35.04999923706055,35.04999923706055,35.0,35.0,2190,0.0,0.0
2024-08-21 11:17:00+08:00,35.04999923706055,35.04999923706055,35.0,35.0,4020,0.0,0.0
2024-08-21 11:19:00+08:00,35.0,35.0,35.0,35.0,2000,0.0,0.0
2024-08-21 11:20:00+08:00,34.900001525878906,34.95000076293945,34.79999923706055,34.95000076293945,22000,0.0,0.0
2024-08-21 11:21:00+08:00,34.79999923706055,34.95000076293945,34.75,34.75,14080,0.0,0.0
2024-08-21 11:22:00+08:00,34.75,34.75,34.70000076293945,34.70000076293945,6000,0.0,0.0
2024-08-21 11:23:00+08:00,34.70000076293945,34.75,34.650001525878906,34.75,17035,0.0,0.0
2024-08-21 11:24:00+08:00,34.75,34.75,34.75,34.75,2000,0.0,0.0
2024-08-21 11:25:00+08:00,34.75,34.75,34.75,34.75,1001,0.0,0.0
2024-08-21 11:26:00+08:00,34.79999923706055,34.79999923706055,34.79999923706055,34.79999923706055,1000,0.0,0.0
2024-08-21 11:27:00+08:00,34.79999923706055,34.79999923706055,34.79999923706055,34.79999923706055,7000,0.0,0.0
2024-08-21 11:28:00+08:00,34.79999923706055,34.79999923706055,34.75,34.75,5010,0.0,0.0
2024-08-21 11:29:00+08:00,34.75,34.75,34.75,34.75,5000,0.0,0.0
2024-08-21 11:30:00+08:00,34.75,34.75,34.75,34.75,1000,0.0,0.0
2024-08-21 11:32:00+08:00,34.75,34.75,34.75,34.75,11000,0.0,0.0
2024-08-21 11:35:00+08:00,35.099998474121094,35.099998474121094,35.099998474121094,35.099998474121094,5000,0.0,0.0
2024-08-21 11:43:00+08:00,34.79999923706055,34.849998474121094,34.79999923706055,34.849998474121094,7000,0.0,0.0
2024-08-21 11:44:00+08:00,34.849998474121094,34.849998474121094,34.79999923706055,34.79999923706055,12000,0.0,0.0
2024-08-21 11:46:00+08:00,34.79999923706055,34.79999923706055,34.79999923706055,34.79999923706055,5000,0.0,0.0
2024-08-21 11:47:00+08:00,34.79999923706055,34.79999923706055,34.79999923706055,34.79999923706055,5000,0.0,0.0
2024-08-21 11:48:00+08:00,34.849998474121094,34.849998474121094,34.849998474121094,34.849998474121094,5000,0.0,0.0
2024-08-21 11:50:00+08:00,34.900001525878906,34.900001525878906,34.900001525878906,34.900001525878906,2000,0.0,0.0
2024-08-21 11:51:00+08:00,34.900001525878906,34.900001525878906,34.900001525878906,34.900001525878906,8000,0.0,0.0
2024-08-21 11:55:00+08:00,34.900001525878906,34.900001525878906,34.900001525878906,34.900001525878906,1000,0.0,0.0
2024-08-21 11:56:00+08:00,34.900001525878906,34.900001525878906,34.900001525878906,34.900001525878906,2000,0.0,0.0
2024-08-21 11:58:00+08:00,34.95000076293945,34.95000076293945,34.95000076293945,34.95000076293945,1010,0.0,0.0
2024-08-21 11:59:00+08:00,34.95000076293945,34.95000076293945,34.95000076293945,34.95000076293945,2100,0.0,0.0
2024-08-21 12:00:00+08:00,34.900001525878906,34.900001525878906,34.900001525878906,34.900001525878906,14100,0.0,0.0
2024-08-21 12:01:00+08:00,34.900001525878906,34.900001525878906,34.900001525878906,34.900001525878906,1000,0.0,0.0
2024-08-21 12:02:00+08:00,34.95000076293945,34.95000076293945,34.900001525878906,34.900001525878906,2000,0.0,0.0
2024-08-21 12:03:00+08:00,34.900001525878906,34.900001525878906,34.900001525878906,34.900001525878906,1000,0.0,0.0
2024-08-21 12:04:00+08:00,34.900001525878906,34.900001525878906,34.900001525878906,34.900001525878906,1000,0.0,0.0
2024-08-21 12:05:00+08:00,34.900001525878906,34.900001525878906,34.900001525878906,34.900001525878906,1000,0.0,0.0
2024-08-21 12:06:00+08:00,34.900001525878906,34.900001525878906,34.849998474121094,34.849998474121094,2000,0.0,0.0
2024-08-21 12:07:00+08:00,34.849998474121094,34.849998474121094,34.849998474121094,34.849998474121094,4000,0.0,0.0
2024-08-21 12:08:00+08:00,34.849998474121094,34.849998474121094,34.849998474121094,34.849998474121094,2000,0.0,0.0
2024-08-21 12:09:00+08:00,34.849998474121094,34.849998474121094,34.849998474121094,34.849998474121094,1000,0.0,0.0
2024-08-21 12:10:00+08:00,34.900001525878906,34.900001525878906,34.900001525878906,34.900001525878906,2025,0.0,0.0
2024-08-21 12:13:00+08:00,34.849998474121094,34.849998474121094,34.849998474121094,34.849998474121094,5029,0.0,0.0
2024-08-21 12:14:00+08:00,34.849998474121094,34.849998474121094,34.849998474121094,34.849998474121094,1028,0.0,0.0
2024-08-21 12:16:00+08:00,34.849998474121094,34.849998474121094,34.849998474121094,34.849998474121094,2000,0.0,0.0
2024-08-21 12:17:00+08:00,34.849998474121094,34.849998474121094,34.849998474121094,34.849998474121094,1300,0.0,0.0
2024-08-21 12:19:00+08:00,34.849998474121094,34.849998474121094,34.849998474121094,34.849998474121094,2000,0.0,0.0
2024-08-21 12:20:00+08:00,34.900001525878906,34.900001525878906,34.900001525878906,34.900001525878906,6050,0.0,0.0
2024-08-21 12:22:00+08:00,34.95000076293945,34.95000076293945,34.95000076293945,34.95000076293945,3000,0.0,0.0
2024-08-21 12:23:00+08:00,35.0,35.0,35.0,35.0,6000,0.0,0.0
2024-08-21 12:24:00+08:00,35.04999923706055,35.04999923706055,35.04999923706055,35.04999923706055,1077,0.0,0.0
2024-08-21 12:25:00+08:00,35.04999923706055,35.04999923706055,35.0,35.0,4005,0.0,0.0
2024-08-21 12:26:00+08:00,35.0,35.099998474121094,35.0,35.099998474121094,7000,0.0,0.0
2024-08-21 12:27:00+08:00,35.099998474121094,35.099998474121094,35.099998474121094,35.099998474121094,5476,0.0,0.0
2024-08-21 12:28:00+08:00,35.150001525878906,35.20000076293945,35.150001525878906,35.20000076293945,17052,0.0,0.0
2024-08-21 12:29:00+08:00,35.20000076293945,35.29999923706055,35.150001525878906,35.25,13000,0.0,0.0
2024-08-21 12:30:00+08:00,35.25,35.25,35.20000076293945,35.20000076293945,13000,0.0,0.0
2024-08-21 12:31:00+08:00,35.20000076293945,35.20000076293945,35.20000076293945,35.20000076293945,1000,0.0,0.0
2024-08-21 12:32:00+08:00,35.20000076293945,35.20000076293945,35.20000076293945,35.20000076293945,2000,0.0,0.0
2024-08-21 12:33:00+08:00,35.150001525878906,35.150001525878906,35.150001525878906,35.150001525878906,9000,0.0,0.0
2024-08-21 12:34:00+08:00,35.150001525878906,35.150001525878906,35.099998474121094,35.099998474121094,9000,0.0,0.0
2024-08-21 12:35:00+08:00,35.04999923706055,35.04999923706055,35.04999923706055,35.04999923706055,2000,0.0,0.0
2024-08-21 12:36:00+08:00,35.04999923706055,35.04999923706055,35.04999923706055,35.04999923706055,3000,0.0,0.0
2024-08-21 12:38:00+08:00,35.04999923706055,35.099998474121094,35.04999923706055,35.099998474121094,1000,0.0,0.0
2024-08-21 12:39:00+08:00,35.099998474121094,35.099998474121094,35.099998474121094,35.099998474121094,1000,0.0,0.0
2024-08-21 12:40:00+08:00,35.099998474121094,35.099998474121094,35.099998474121094,35.099998474121094,3000,0.0,0.0
2024-08-21 12:41:00+08:00,35.150001525878906,35.150001525878906,35.099998474121094,35.099998474121094,8011,0.0,0.0
2024-08-21 12:43:00+08:00,35.099998474121094,35.099998474121094,35.099998474121094,35.099998474121094,11000,0.0,0.0
2024-08-21 12:44:00+08:00,35.099998474121094,35.099998474121094,35.099998474121094,35.099998474121094,4000,0.0,0.0
2024-08-21 12:45:00+08:00,35.099998474121094,35.150001525878906,35.099998474121094,35.099998474121094,15000,0.0,0.0
2024-08-21 12:46:00+08:00,35.150001525878906,35.150001525878906,35.150001525878906,35.150001525878906,1000,0.0,0.0
2024-08-21 12:47:00+08:00,35.099998474121094,35.099998474121094,35.099998474121094,35.099998474121094,5000,0.0,0.0
2024-08-21 12:48:00+08:00,35.099998474121094,35.150001525878906,35.099998474121094,35.150001525878906,11000,0.0,0.0
2024-08-21 12:49:00+08:00,35.150001525878906,35.150001525878906,35.150001525878906,35.150001525878906,10351,0.0,0.0
2024-08-21 12:50:00+08:00,35.150001525878906,35.150001525878906,35.150001525878906,35.150001525878906,3027,0.0,0.0
2024-08-21 12:51:00+08:00,35.150001525878906,35.150001525878906,35.150001525878906,35.150001525878906,1000,0.0,0.0
2024-08-21 12:52:00+08:00,35.150001525878906,35.150001525878906,35.150001525878906,35.150001525878906,4002,0.0,0.0
2024-08-21 12:53:00+08:00,35.150001525878906,35.150001525878906,35.150001525878906,35.150001525878906,1000,0.0,0.0
2024-08-21 12:54:00+08:00,35.150001525878906,35.150001525878906,35.150001525878906,35.150001525878906,3001,0.0,0.0
2024-08-21 12:55:00+08:00,35.099998474121094,35.099998474121094,35.099998474121094,35.099998474121094,3000,0.0,0.0
2024-08-21 12:56:00+08:00,35.099998474121094,35.099998474121094,35.099998474121094,35.099998474121094,13000,0.0,0.0
2024-08-21 12:57:00+08:00,35.099998474121094,35.099998474121094,35.04999923706055,35.04999923706055,17000,0.0,0.0
2024-08-21 12:58:00+08:00,35.04999923706055,35.04999923706055,35.04999923706055,35.04999923706055,1000,0.0,0.0
2024-08-21 12:59:00+08:00,35.04999923706055,35.04999923706055,35.04999923706055,35.04999923706055,3000,0.0,0.0
2024-08-21 13:00:00+08:00,35.04999923706055,35.099998474121094,35.04999923706055,35.099998474121094,7000,0.0,0.0
2024-08-21 13:01:00+08:00,35.099998474121094,35.20000076293945,35.099998474121094,35.150001525878906,30000,0.0,0.0
2024-08-21 13:02:00+08:00,35.150001525878906,35.150001525878906,35.150001525878906,35.150001525878906,6000,0.0,0.0
2024-08-21 13:04:00+08:00,35.150001525878906,35.150001525878906,35.099998474121094,35.099998474121094,22300,0.0,0.0
2024-08-21 13:05:00+08:00,35.099998474121094,35.099998474121094,35.099998474121094,35.099998474121094,5000,0.0,0.0
2024-08-21 13:06:00+08:00,35.150001525878906,35.150001525878906,35.099998474121094,35.099998474121094,10000,0.0,0.0
2024-08-21 13:07:00+08:00,35.099998474121094,35.150001525878906,35.099998474121094,35.150001525878906,18000,0.0,0.0
2024-08-21 13:08:00+08:00,35.099998474121094,35.150001525878906,35.099998474121094,35.150001525878906,12000,0.0,0.0
2024-08-21 13:09:00+08:00,35.150001525878906,35.150001525878906,35.150001525878906,35.150001525878906,12000,0.0,0.0
2024-08-21 13:10:00+08:00,35.150001525878906,35.150001525878906,35.150001525878906,35.150001525878906,5000,0.0,0.0
2024-08-21 13:11:00+08:00,35.20000076293945,35.20000076293945,35.150001525878906,35.150001525878906,5000,0.0,0.0
2024-08-21 13:12:00+08:00,35.150001525878906,35.20000076293945,35.150001525878906,35.20000076293945,4100,0.0,0.0
2024-08-21 13:13:00+08:00,35.150001525878906,35.150001525878906,35.0,35.0,74000,0.0,0.0
2024-08-21 13:14:00+08:00,35.0,35.150001525878906,35.0,35.0,21100,0.0,0.0
2024-08-21 13:15:00+08:00,35.04999923706055,35.04999923706055,34.95000076293945,34.95000076293945,22000,0.0,0.0
2024-08-21 13:16:00+08:00,34.95000076293945,34.95000076293945,34.900001525878906,34.900001525878906,22154,0.0,0.0
2024-08-21 13:17:00+08:00,34.900001525878906,34.900001525878906,34.849998474121094,34.900001525878906,54000,0.0,0.0
2024-08-21 13:18:00+08:00,34.900001525878906,35.04999923706055,34.900001525878906,35.04999923706055,35000,0.0,0.0
2024-08-21 13:19:00+08:00,35.0,35.04999923706055,35.0,35.0,15000,0.0,0.0
2024-08-21 13:20:00+08:00,34.900001525878906,35.0,34.900001525878906,34.95000076293945,7200,0.0,0.0
2024-08-21 13:21:00+08:00,34.95000076293945,35.0,34.900001525878906,34.95000076293945,18000,0.0,0.0
2024-08-21 13:22:00+08:00,34.95000076293945,35.0,34.900001525878906,34.900001525878906,39000,0.0,0.0
2024-08-21 13:23:00+08:00,34.900001525878906,35.0,34.849998474121094,35.0,60001,0.0,0.0
2024-08-21 13:24:00+08:00,34.900001525878906,34.95000076293945,34.900001525878906,34.900001525878906,19000,0.0,0.0
2024-08-22 09:00:00+08:00,35.29999923706055,35.650001525878906,35.29999923706055,35.650001525878906,0,0.0,0.0
2024-08-22 09:01:00+08:00,35.650001525878906,35.849998474121094,35.5,35.79999923706055,141000,0.0,0.0
2024-08-22 09:02:00+08:00,35.79999923706055,35.79999923706055,35.70000076293945,35.70000076293945,51000,0.0,0.0
2024-08-22 09:03:00+08:00,35.70000076293945,35.75,35.70000076293945,35.75,38000,0.0,0.0
2024-08-22 09:04:00+08:00,35.79999923706055,36.20000076293945,35.79999923706055,36.150001525878906,173000,0.0,0.0
2024-08-22 09:05:00+08:00,36.20000076293945,36.5,36.150001525878906,36.29999923706055,226000,0.0,0.0
2024-08-22 09:06:00+08:00,36.29999923706055,36.29999923706055,36.0,36.04999923706055,135000,0.0,0.0
2024-08-22 09:07:00+08:00,36.099998474121094,36.099998474121094,35.95000076293945,36.04999923706055,75000,0.0,0.0
2024-08-22 09:08:00+08:00,36.04999923706055,36.04999923706055,35.95000076293945,36.0,64000,0.0,0.0
2024-08-22 09:09:00+08:00,36.0,36.0,35.79999923706055,35.79999923706055,69000,0.0,0.0
2024-08-22 09:10:00+08:00,35.849998474121094,35.849998474121094,35.75,35.79999923706055,24698,0.0,0.0
2024-08-22 09:11:00+08:00,35.79999923706055,35.79999923706055,35.75,35.79999923706055,26000,0.0,0.0
2024-08-22 09:12:00+08:00,35.79999923706055,35.79999923706055,35.650001525878906,35.70000076293945,87000,0.0,0.0
2024-08-22 09:13:00+08:00,35.70000076293945,35.75,35.70000076293945,35.70000076293945,20000,0.0,0.0
2024-08-22 09:14:00+08:00,35.75,35.79999923706055,35.70000076293945,35.79999923706055,31000,0.0,0.0
2024-08-22 09:15:00+08:00,35.79999923706055,35.849998474121094,35.70000076293945,35.75,76000,0.0,0.0
2024-08-22 09:16:00+08:00,35.75,35.75,35.650001525878906,35.650001525878906,20000,0.0,0.0
2024-08-22 09:17:00+08:00,35.70000076293945,36.099998474121094,35.70000076293945,36.0,143000,0.0,0.0
2024-08-22 09:18:00+08:00,36.0,36.20000076293945,36.0,36.20000076293945,72271,0.0,0.0
2024-08-22 09:19:00+08:00,36.20000076293945,37.45000076293945,36.20000076293945,37.25,820091,0.0,0.0
2024-08-22 09:20:00+08:00,37.20000076293945,37.45000076293945,36.900001525878906,36.95000076293945,284780,0.0,0.0
2024-08-22 09:21:00+08:00,36.900001525878906,37.0,36.70000076293945,36.95000076293945,394768,0.0,0.0
2024-08-22 09:22:00+08:00,36.95000076293945,37.849998474121094,36.900001525878906,37.849998474121094,848471,0.0,0.0
2024-08-22 09:23:00+08:00,37.70000076293945,38.400001525878906,37.5,38.400001525878906,2328929,0.0,0.0
2024-08-22 09:24:00+08:00,38.400001525878906,38.400001525878906,38.400001525878906,38.400001525878906,857693,0.0,0.0
2024-08-22 09:25:00+08:00,38.400001525878906,38.400001525878906,38.400001525878906,38.400001525878906,291406,0.0,0.0
2024-08-22 09:26:00+08:00,38.400001525878906,38.400001525878906,38.400001525878906,38.400001525878906,399410,0.0,0.0
2024-08-22 09:27:00+08:00,38.400001525878906,38.400001525878906,38.400001525878906,38.400001525878906,140813,0.0,0.0
2024-08-22 09:28:00+08:00,38.400001525878906,38.400001525878906,38.400001525878906,38.400001525878906,91165,0.0,0.0
2024-08-22 09:29:00+08:00,38.400001525878906,38.400001525878906,38.400001525878906,38.400001525878906,69580,0.0,0.0
2024-08-22 09:30:00+08:00,38.400001525878906,38.400001525878906,38.400001525878906,38.400001525878906,67890,0.0,0.0
2024-08-22 09:31:00+08:00,38.400001525878906,38.400001525878906,38.400001525878906,38.400001525878906,51601,0.0,0.0
2024-08-22 09:32:00+08:00,38.400001525878906,38.400001525878906,38.400001525878906,38.400001525878906,61577,0.0,0.0
2024-08-22 09:33:00+08:00,38.400001525878906,38.400001525878906,38.400001525878906,38.400001525878906,141351,0.0,0.0
2024-08-22 09:34:00+08:00,38.400001525878906,38.400001525878906,38.400001525878906,38.400001525878906,38384,0.0,0.0
2024-08-22 09:35:00+08:00,38.400001525878906,38.400001525878906,38.400001525878906,38.400001525878906,32054,0.0,0.0
2024-08-22 09:36:00+08:00,38.400001525878906,38.400001525878906,38.400001525878906,38.400001525878906,17020,0.0,0.0
2024-08-22 09:37:00+08:00,38.400001525878906,38.400001525878906,38.400001525878906,38.400001525878906,27340,0.0,0.0
2024-08-22 09:38:00+08:00,38.400001525878906,38.400001525878906,38.400001525878906,38.400001525878906,29134,0.0,0.0
2024-08-22 09:39:00+08:00,38.400001525878906,38.400001525878906,38.400001525878906,38.400001525878906,69000,0.0,0.0
2024-08-22 09:40:00+08:00,38.400001525878906,38.400001525878906,38.400001525878906,38.400001525878906,30240,0.0,0.0
2024-08-22 09:41:00+08:00,38.400001525878906,38.400001525878906,38.400001525878906,38.400001525878906,11000,0.0,0.0
2024-08-22 09:42:00+08:00,38.400001525878906,38.400001525878906,38.400001525878906,38.400001525878906,14150,0.0,0.0
2024-08-22 09:43:00+08:00,38.400001525878906,38.400001525878906,38.400001525878906,38.400001525878906,28000,0.0,0.0
2024-08-22 09:44:00+08:00,38.400001525878906,38.400001525878906,38.400001525878906,38.400001525878906,17650,0.0,0.0
2024-08-22 09:45:00+08:00,38.400001525878906,38.400001525878906,38.400001525878906,38.400001525878906,10000,0.0,0.0
2024-08-22 09:46:00+08:00,38.400001525878906,38.400001525878906,38.400001525878906,38.400001525878906,21260,0.0,0.0
2024-08-22 09:47:00+08:00,38.400001525878906,38.400001525878906,38.400001525878906,38.400001525878906,15050,0.0,0.0
2024-08-22 09:48:00+08:00,38.400001525878906,38.400001525878906,38.400001525878906,38.400001525878906,78001,0.0,0.0
2024-08-22 09:49:00+08:00,38.400001525878906,38.400001525878906,38.400001525878906,38.400001525878906,26000,0.0,0.0
2024-08-22 09:50:00+08:00,38.400001525878906,38.400001525878906,38.400001525878906,38.400001525878906,34000,0.0,0.0
2024-08-22 09:51:00+08:00,38.400001525878906,38.400001525878906,38.400001525878906,38.400001525878906,28340,0.0,0.0
2024-08-22 09:52:00+08:00,38.400001525878906,38.400001525878906,38.400001525878906,38.400001525878906,4022,0.0,0.0
2024-08-22 09:53:00+08:00,38.400001525878906,38.400001525878906,38.400001525878906,38.400001525878906,27000,0.0,0.0
2024-08-22 09:54:00+08:00,38.400001525878906,38.400001525878906,38.400001525878906,38.400001525878906,17471,0.0,0.0
2024-08-22 09:55:00+08:00,38.400001525878906,38.400001525878906,38.400001525878906,38.400001525878906,21200,0.0,0.0
2024-08-22 09:56:00+08:00,38.400001525878906,38.400001525878906,38.400001525878906,38.400001525878906,25252,0.0,0.0
2024-08-22 09:57:00+08:00,38.400001525878906,38.400001525878906,38.400001525878906,38.400001525878906,2000,0.0,0.0
2024-08-22 09:58:00+08:00,38.400001525878906,38.400001525878906,38.400001525878906,38.400001525878906,29001,0.0,0.0
2024-08-22 09:59:00+08:00,38.400001525878906,38.400001525878906,38.400001525878906,38.400001525878906,12000,0.0,0.0
2024-08-22 10:00:00+08:00,38.400001525878906,38.400001525878906,38.400001525878906,38.400001525878906,12108,0.0,0.0
2024-08-22 10:01:00+08:00,38.400001525878906,38.400001525878906,38.400001525878906,38.400001525878906,15060,0.0,0.0
2024-08-22 10:02:00+08:00,38.400001525878906,38.400001525878906,38.400001525878906,38.400001525878906,55000,0.0,0.0
2024-08-22 10:03:00+08:00,38.400001525878906,38.400001525878906,38.400001525878906,38.400001525878906,11000,0.0,0.0
2024-08-22 10:04:00+08:00,38.400001525878906,38.400001525878906,38.400001525878906,38.400001525878906,12000,0.0,0.0
2024-08-22 10:05:00+08:00,38.400001525878906,38.400001525878906,38.400001525878906,38.400001525878906,14000,0.0,0.0
2024-08-22 10:06:00+08:00,38.400001525878906,38.400001525878906,38.400001525878906,38.400001525878906,29290,0.0,0.0
2024-08-22 10:07:00+08:00,38.400001525878906,38.400001525878906,38.400001525878906,38.400001525878906,19521,0.0,0.0
2024-08-22 10:08:00+08:00,38.400001525878906,38.400001525878906,38.400001525878906,38.400001525878906,21000,0.0,0.0
2024-08-22 10:09:00+08:00,38.400001525878906,38.400001525878906,38.400001525878906,38.400001525878906,8200,0.0,0.0
2024-08-22 10:10:00+08:00,38.400001525878906,38.400001525878906,38.400001525878906,38.400001525878906,20037,0.0,0.0
2024-08-22 10:11:00+08:00,38.400001525878906,38.400001525878906,38.400001525878906,38.400001525878906,1000,0.0,0.0
2024-08-22 10:12:00+08:00,38.400001525878906,38.400001525878906,38.400001525878906,38.400001525878906,110000,0.0,0.0
2024-08-22 10:13:00+08:00,38.400001525878906,38.400001525878906,38.400001525878906,38.400001525878906,9500,0.0,0.0
2024-08-22 10:14:00+08:00,38.400001525878906,38.400001525878906,38.400001525878906,38.400001525878906,10000,0.0,0.0
2024-08-22 10:15:00+08:00,38.400001525878906,38.400001525878906,38.400001525878906,38.400001525878906,7030,0.0,0.0
2024-08-22 10:16:00+08:00,38.400001525878906,38.400001525878906,38.400001525878906,38.400001525878906,6000,0.0,0.0
2024-08-22 10:17:00+08:00,38.400001525878906,38.400001525878906,38.400001525878906,38.400001525878906,8100,0.0,0.0
2024-08-22 10:18:00+08:00,38.400001525878906,38.400001525878906,38.400001525878906,38.400001525878906,18000,0.0,0.0
2024-08-22 10:19:00+08:00,38.400001525878906,38.400001525878906,38.400001525878906,38.400001525878906,11000,0.0,0.0
2024-08-22 10:20:00+08:00,38.400001525878906,38.400001525878906,38.400001525878906,38.400001525878906,18350,0.0,0.0
2024-08-22 10:21:00+08:00,38.400001525878906,38.400001525878906,38.400001525878906,38.400001525878906,28000,0.0,0.0
2024-08-22 10:22:00+08:00,38.400001525878906,38.400001525878906,38.400001525878906,38.400001525878906,17050,0.0,0.0
2024-08-22 10:23:00+08:00,38.400001525878906,38.400001525878906,38.400001525878906,38.400001525878906,15300,0.0,0.0
2024-08-22 10:24:00+08:00,38.400001525878906,38.400001525878906,38.400001525878906,38.400001525878906,10000,0.0,0.0
2024-08-22 10:25:00+08:00,38.400001525878906,38.400001525878906,38.400001525878906,38.400001525878906,17000,0.0,0.0
2024-08-22 10:26:00+08:00,38.400001525878906,38.400001525878906,38.400001525878906,38.400001525878906,9000,0.0,0.0
2024-08-22 10:27:00+08:00,38.400001525878906,38.400001525878906,38.400001525878906,38.400001525878906,8000,0.0,0.0
2024-08-22 10:28:00+08:00,38.400001525878906,38.400001525878906,38.400001525878906,38.400001525878906,7101,0.0,0.0
2024-08-22 10:29:00+08:00,38.400001525878906,38.400001525878906,38.400001525878906,38.400001525878906,8590,0.0,0.0
2024-08-22 10:30:00+08:00,38.400001525878906,38.400001525878906,38.400001525878906,38.400001525878906,9000,0.0,0.0
2024-08-22 10:31:00+08:00,38.400001525878906,38.400001525878906,38.400001525878906,38.400001525878906,7000,0.0,0.0
2024-08-22 10:32:00+08:00,38.400001525878906,38.400001525878906,38.400001525878906,38.400001525878906,2100,0.0,0.0
2024-08-22 10:33:00+08:00,38.400001525878906,38.400001525878906,38.400001525878906,38.400001525878906,16320,0.0,0.0
2024-08-22 10:34:00+08:00,38.400001525878906,38.400001525878906,38.400001525878906,38.400001525878906,12000,0.0,0.0
2024-08-22 10:35:00+08:00,38.400001525878906,38.400001525878906,38.400001525878906,38.400001525878906,2036,0.0,0.0
2024-08-22 10:36:00+08:00,38.400001525878906,38.400001525878906,38.400001525878906,38.400001525878906,1000,0.0,0.0
2024-08-22 10:37:00+08:00,38.400001525878906,38.400001525878906,38.400001525878906,38.400001525878906,1250,0.0,0.0
2024-08-22 10:38:00+08:00,38.400001525878906,38.400001525878906,38.400001525878906,38.400001525878906,7000,0.0,0.0
2024-08-22 10:39:00+08:00,38.400001525878906,38.400001525878906,38.400001525878906,38.400001525878906,3000,0.0,0.0
2024-08-22 10:40:00+08:00,38.400001525878906,38.400001525878906,38.400001525878906,38.400001525878906,1000,0.0,0.0
2024-08-22 10:41:00+08:00,38.400001525878906,38.400001525878906,38.400001525878906,38.400001525878906,4234,0.0,0.0
2024-08-22 10:42:00+08:00,38.400001525878906,38.400001525878906,38.400001525878906,38.400001525878906,4000,0.0,0.0
2024-08-22 10:43:00+08:00,38.400001525878906,38.400001525878906,38.400001525878906,38.400001525878906,13060,0.0,0.0
2024-08-22 10:44:00+08:00,38.400001525878906,38.400001525878906,38.400001525878906,38.400001525878906,2000,0.0,0.0
2024-08-22 10:45:00+08:00,38.400001525878906,38.400001525878906,38.400001525878906,38.400001525878906,1000,0.0,0.0
2024-08-22 10:46:00+08:00,38.400001525878906,38.400001525878906,38.400001525878906,38.400001525878906,7200,0.0,0.0
2024-08-22 10:47:00+08:00,38.400001525878906,38.400001525878906,38.400001525878906,38.400001525878906,13000,0.0,0.0
2024-08-22 10:48:00+08:00,38.400001525878906,38.400001525878906,38.400001525878906,38.400001525878906,4000,0.0,0.0
2024-08-22 10:49:00+08:00,38.400001525878906,38.400001525878906,38.400001525878906,38.400001525878906,3000,0.0,0.0
2024-08-22 10:50:00+08:00,38.400001525878906,38.400001525878906,38.400001525878906,38.400001525878906,4000,0.0,0.0
2024-08-22 10:51:00+08:00,38.400001525878906,38.400001525878906,38.400001525878906,38.400001525878906,5106,0.0,0.0
2024-08-22 10:54:00+08:00,38.400001525878906,38.400001525878906,38.400001525878906,38.400001525878906,4000,0.0,0.0
2024-08-22 10:55:00+08:00,38.400001525878906,38.400001525878906,38.400001525878906,38.400001525878906,5000,0.0,0.0
2024-08-22 10:56:00+08:00,38.400001525878906,38.400001525878906,38.400001525878906,38.400001525878906,17000,0.0,0.0
2024-08-22 10:57:00+08:00,38.400001525878906,38.400001525878906,38.400001525878906,38.400001525878906,5000,0.0,0.0
2024-08-22 10:58:00+08:00,38.400001525878906,38.400001525878906,38.400001525878906,38.400001525878906,3550,0.0,0.0
2024-08-22 10:59:00+08:00,38.400001525878906,38.400001525878906,38.400001525878906,38.400001525878906,12000,0.0,0.0
2024-08-22 11:00:00+08:00,38.400001525878906,38.400001525878906,38.400001525878906,38.400001525878906,9300,0.0,0.0
2024-08-22 11:01:00+08:00,38.400001525878906,38.400001525878906,38.400001525878906,38.400001525878906,1000,0.0,0.0
2024-08-22 11:03:00+08:00,38.400001525878906,38.400001525878906,38.400001525878906,38.400001525878906,2000,0.0,0.0
2024-08-22 11:04:00+08:00,38.400001525878906,38.400001525878906,38.400001525878906,38.400001525878906,3000,0.0,0.0
2024-08-22 11:05:00+08:00,38.400001525878906,38.400001525878906,38.400001525878906,38.400001525878906,2000,0.0,0.0
2024-08-22 11:06:00+08:00,38.400001525878906,38.400001525878906,38.400001525878906,38.400001525878906,8000,0.0,0.0
2024-08-22 11:07:00+08:00,38.400001525878906,38.400001525878906,38.400001525878906,38.400001525878906,20000,0.0,0.0
2024-08-22 11:08:00+08:00,38.400001525878906,38.400001525878906,38.400001525878906,38.400001525878906,7000,0.0,0.0
2024-08-22 11:09:00+08:00,38.400001525878906,38.400001525878906,38.400001525878906,38.400001525878906,2000,0.0,0.0
2024-08-22 11:10:00+08:00,38.400001525878906,38.400001525878906,38.400001525878906,38.400001525878906,4000,0.0,0.0
2024-08-22 11:12:00+08:00,38.400001525878906,38.400001525878906,38.400001525878906,38.400001525878906,2000,0.0,0.0
2024-08-22 11:13:00+08:00,38.400001525878906,38.400001525878906,38.400001525878906,38.400001525878906,2000,0.0,0.0
2024-08-22 11:14:00+08:00,38.400001525878906,38.400001525878906,38.400001525878906,38.400001525878906,3000,0.0,0.0
2024-08-22 11:15:00+08:00,38.400001525878906,38.400001525878906,38.400001525878906,38.400001525878906,1000,0.0,0.0
2024-08-22 11:16:00+08:00,38.400001525878906,38.400001525878906,38.400001525878906,38.400001525878906,1000,0.0,0.0
2024-08-22 11:17:00+08:00,38.400001525878906,38.400001525878906,38.400001525878906,38.400001525878906,1000,0.0,0.0
2024-08-22 11:18:00+08:00,38.400001525878906,38.400001525878906,38.400001525878906,38.400001525878906,4000,0.0,0.0
2024-08-22 11:19:00+08:00,38.400001525878906,38.400001525878906,38.400001525878906,38.400001525878906,24000,0.0,0.0
2024-08-22 11:20:00+08:00,38.400001525878906,38.400001525878906,38.400001525878906,38.400001525878906,1000,0.0,0.0
2024-08-22 11:22:00+08:00,38.400001525878906,38.400001525878906,38.400001525878906,38.400001525878906,1000,0.0,0.0
2024-08-22 11:23:00+08:00,38.400001525878906,38.400001525878906,38.400001525878906,38.400001525878906,6000,0.0,0.0
2024-08-22 11:24:00+08:00,38.400001525878906,38.400001525878906,38.400001525878906,38.400001525878906,9000,0.0,0.0
2024-08-22 11:25:00+08:00,38.400001525878906,38.400001525878906,38.400001525878906,38.400001525878906,7000,0.0,0.0
2024-08-22 11:26:00+08:00,38.400001525878906,38.400001525878906,38.400001525878906,38.400001525878906,4000,0.0,0.0
2024-08-22 11:27:00+08:00,38.400001525878906,38.400001525878906,38.400001525878906,38.400001525878906,2000,0.0,0.0
2024-08-22 11:28:00+08:00,38.400001525878906,38.400001525878906,38.400001525878906,38.400001525878906,1000,0.0,0.0
2024-08-22 11:29:00+08:00,38.400001525878906,38.400001525878906,38.400001525878906,38.400001525878906,1300,0.0,0.0
2024-08-22 11:30:00+08:00,38.400001525878906,38.400001525878906,38.400001525878906,38.400001525878906,1000,0.0,0.0
2024-08-22 11:31:00+08:00,38.400001525878906,38.400001525878906,38.400001525878906,38.400001525878906,2000,0.0,0.0
2024-08-22 11:32:00+08:00,38.400001525878906,38.400001525878906,38.400001525878906,38.400001525878906,1000,0.0,0.0
2024-08-22 11:34:00+08:00,38.400001525878906,38.400001525878906,38.400001525878906,38.400001525878906,4000,0.0,0.0
2024-08-22 11:37:00+08:00,38.400001525878906,38.400001525878906,38.400001525878906,38.400001525878906,2000,0.0,0.0
2024-08-22 11:38:00+08:00,38.400001525878906,38.400001525878906,38.400001525878906,38.400001525878906,2000,0.0,0.0
2024-08-22 11:39:00+08:00,38.400001525878906,38.400001525878906,38.400001525878906,38.400001525878906,11500,0.0,0.0
2024-08-22 11:41:00+08:00,38.400001525878906,38.400001525878906,38.400001525878906,38.400001525878906,7000,0.0,0.0
2024-08-22 11:42:00+08:00,38.400001525878906,38.400001525878906,38.400001525878906,38.400001525878906,1000,0.0,0.0
2024-08-22 11:43:00+08:00,38.400001525878906,38.400001525878906,38.400001525878906,38.400001525878906,1000,0.0,0.0
2024-08-22 11:44:00+08:00,38.400001525878906,38.400001525878906,38.400001525878906,38.400001525878906,4000,0.0,0.0
2024-08-22 11:46:00+08:00,38.400001525878906,38.400001525878906,38.400001525878906,38.400001525878906,4000,0.0,0.0
2024-08-22 11:47:00+08:00,38.400001525878906,38.400001525878906,38.400001525878906,38.400001525878906,2000,0.0,0.0
2024-08-22 11:48:00+08:00,38.400001525878906,38.400001525878906,38.400001525878906,38.400001525878906,3000,0.0,0.0
2024-08-22 11:50:00+08:00,38.400001525878906,38.400001525878906,38.400001525878906,38.400001525878906,6501,0.0,0.0
2024-08-22 11:51:00+08:00,38.400001525878906,38.400001525878906,38.400001525878906,38.400001525878906,2117,0.0,0.0
2024-08-22 11:53:00+08:00,38.400001525878906,38.400001525878906,38.400001525878906,38.400001525878906,1000,0.0,0.0
2024-08-22 11:54:00+08:00,38.400001525878906,38.400001525878906,38.400001525878906,38.400001525878906,1000,0.0,0.0
2024-08-22 11:55:00+08:00,38.400001525878906,38.400001525878906,38.400001525878906,38.400001525878906,6000,0.0,0.0
2024-08-22 11:56:00+08:00,38.400001525878906,38.400001525878906,38.400001525878906,38.400001525878906,19030,0.0,0.0
2024-08-22 11:57:00+08:00,38.400001525878906,38.400001525878906,38.400001525878906,38.400001525878906,1000,0.0,0.0
2024-08-22 11:58:00+08:00,38.400001525878906,38.400001525878906,38.400001525878906,38.400001525878906,1500,0.0,0.0
2024-08-22 12:00:00+08:00,38.400001525878906,38.400001525878906,38.400001525878906,38.400001525878906,3000,0.0,0.0
2024-08-22 12:02:00+08:00,38.400001525878906,38.400001525878906,38.400001525878906,38.400001525878906,21000,0.0,0.0
2024-08-22 12:04:00+08:00,38.400001525878906,38.400001525878906,38.400001525878906,38.400001525878906,12539,0.0,0.0
2024-08-22 12:05:00+08:00,38.400001525878906,38.400001525878906,38.400001525878906,38.400001525878906,1000,0.0,0.0
2024-08-22 12:06:00+08:00,38.400001525878906,38.400001525878906,38.400001525878906,38.400001525878906,4002,0.0,0.0
2024-08-22 12:07:00+08:00,38.400001525878906,38.400001525878906,38.400001525878906,38.400001525878906,5300,0.0,0.0
2024-08-22 12:09:00+08:00,38.400001525878906,38.400001525878906,38.400001525878906,38.400001525878906,2000,0.0,0.0
2024-08-22 12:10:00+08:00,38.400001525878906,38.400001525878906,38.400001525878906,38.400001525878906,11000,0.0,0.0
2024-08-22 12:11:00+08:00,38.400001525878906,38.400001525878906,38.400001525878906,38.400001525878906,2000,0.0,0.0
2024-08-22 12:12:00+08:00,38.400001525878906,38.400001525878906,38.400001525878906,38.400001525878906,7043,0.0,0.0
2024-08-22 12:14:00+08:00,38.400001525878906,38.400001525878906,38.400001525878906,38.400001525878906,2000,0.0,0.0
2024-08-22 12:15:00+08:00,38.400001525878906,38.400001525878906,38.400001525878906,38.400001525878906,2000,0.0,0.0
2024-08-22 12:17:00+08:00,38.400001525878906,38.400001525878906,38.400001525878906,38.400001525878906,3000,0.0,0.0
2024-08-22 12:18:00+08:00,38.400001525878906,38.400001525878906,38.400001525878906,38.400001525878906,12000,0.0,0.0
2024-08-22 12:19:00+08:00,38.400001525878906,38.400001525878906,38.400001525878906,38.400001525878906,1000,0.0,0.0
2024-08-22 12:20:00+08:00,38.400001525878906,38.400001525878906,38.400001525878906,38.400001525878906,1000,0.0,0.0
2024-08-22 12:21:00+08:00,38.400001525878906,38.400001525878906,38.400001525878906,38.400001525878906,1000,0.0,0.0
2024-08-22 12:22:00+08:00,38.400001525878906,38.400001525878906,38.400001525878906,38.400001525878906,2500,0.0,0.0
2024-08-22 12:23:00+08:00,38.400001525878906,38.400001525878906,38.400001525878906,38.400001525878906,1000,0.0,0.0
2024-08-22 12:24:00+08:00,38.400001525878906,38.400001525878906,38.400001525878906,38.400001525878906,2000,0.0,0.0
2024-08-22 12:25:00+08:00,38.400001525878906,38.400001525878906,38.400001525878906,38.400001525878906,1000,0.0,0.0
2024-08-22 12:26:00+08:00,38.400001525878906,38.400001525878906,38.400001525878906,38.400001525878906,1000,0.0,0.0
2024-08-22 12:27:00+08:00,38.400001525878906,38.400001525878906,38.400001525878906,38.400001525878906,4167,0.0,0.0
2024-08-22 12:29:00+08:00,38.400001525878906,38.400001525878906,38.400001525878906,38.400001525878906,1000,0.0,0.0
2024-08-22 12:30:00+08:00,38.400001525878906,38.400001525878906,38.400001525878906,38.400001525878906,6550,0.0,0.0
2024-08-22 12:31:00+08:00,38.400001525878906,38.400001525878906,38.400001525878906,38.400001525878906,4012,0.0,0.0
2024-08-22 12:32:00+08:00,38.400001525878906,38.400001525878906,38.400001525878906,38.400001525878906,6043,0.0,0.0
2024-08-22 12:33:00+08:00,38.400001525878906,38.400001525878906,38.400001525878906,38.400001525878906,6000,0.0,0.0
2024-08-22 12:34:00+08:00,38.400001525878906,38.400001525878906,38.400001525878906,38.400001525878906,6000,0.0,0.0
2024-08-22 12:35:00+08:00,38.400001525878906,38.400001525878906,38.400001525878906,38.400001525878906,6002,0.0,0.0
2024-08-22 12:36:00+08:00,38.400001525878906,38.400001525878906,38.400001525878906,38.400001525878906,1000,0.0,0.0
2024-08-22 12:37:00+08:00,38.400001525878906,38.400001525878906,38.400001525878906,38.400001525878906,3000,0.0,0.0
2024-08-22 12:38:00+08:00,38.400001525878906,38.400001525878906,38.400001525878906,38.400001525878906,4060,0.0,0.0
2024-08-22 12:39:00+08:00,38.400001525878906,38.400001525878906,38.400001525878906,38.400001525878906,2010,0.0,0.0
2024-08-22 12:40:00+08:00,38.400001525878906,38.400001525878906,38.400001525878906,38.400001525878906,4000,0.0,0.0
2024-08-22 12:41:00+08:00,38.400001525878906,38.400001525878906,38.400001525878906,38.400001525878906,1000,0.0,0.0
2024-08-22 12:42:00+08:00,38.400001525878906,38.400001525878906,38.400001525878906,38.400001525878906,4000,0.0,0.0
2024-08-22 12:43:00+08:00,38.400001525878906,38.400001525878906,38.400001525878906,38.400001525878906,4000,0.0,0.0
2024-08-22 12:44:00+08:00,38.400001525878906,38.400001525878906,38.400001525878906,38.400001525878906,2000,0.0,0.0
2024-08-22 12:45:00+08:00,38.400001525878906,38.400001525878906,38.400001525878906,38.400001525878906,1000,0.0,0.0
2024-08-22 12:46:00+08:00,38.400001525878906,38.400001525878906,38.400001525878906,38.400001525878906,3000,0.0,0.0
2024-08-22 12:47:00+08:00,38.400001525878906,38.400001525878906,38.400001525878906,38.400001525878906,3000,0.0,0.0
2024-08-22 12:48:00+08:00,38.400001525878906,38.400001525878906,38.400001525878906,38.400001525878906,1050,0.0,0.0
2024-08-22 12:49:00+08:00,38.400001525878906,38.400001525878906,38.400001525878906,38.400001525878906,2000,0.0,0.0
2024-08-22 12:51:00+08:00,38.400001525878906,38.400001525878906,38.400001525878906,38.400001525878906,3000,0.0,0.0
2024-08-22 12:52:00+08:00,38.400001525878906,38.400001525878906,38.400001525878906,38.400001525878906,3000,0.0,0.0
2024-08-22 12:53:00+08:00,38.400001525878906,38.400001525878906,38.400001525878906,38.400001525878906,2000,0.0,0.0
2024-08-22 12:54:00+08:00,38.400001525878906,38.400001525878906,38.400001525878906,38.400001525878906,8000,0.0,0.0
2024-08-22 12:55:00+08:00,38.400001525878906,38.400001525878906,38.400001525878906,38.400001525878906,2000,0.0,0.0
2024-08-22 12:56:00+08:00,38.400001525878906,38.400001525878906,38.400001525878906,38.400001525878906,1000,0.0,0.0
2024-08-22 12:57:00+08:00,38.400001525878906,38.400001525878906,38.400001525878906,38.400001525878906,13000,0.0,0.0
2024-08-22 12:59:00+08:00,38.400001525878906,38.400001525878906,38.400001525878906,38.400001525878906,5000,0.0,0.0
2024-08-22 13:00:00+08:00,38.400001525878906,38.400001525878906,38.400001525878906,38.400001525878906,6000,0.0,0.0
2024-08-22 13:01:00+08:00,38.400001525878906,38.400001525878906,38.400001525878906,38.400001525878906,2013,0.0,0.0
2024-08-22 13:02:00+08:00,38.400001525878906,38.400001525878906,38.400001525878906,38.400001525878906,4000,0.0,0.0
2024-08-22 13:03:00+08:00,38.400001525878906,38.400001525878906,38.400001525878906,38.400001525878906,20000,0.0,0.0
2024-08-22 13:04:00+08:00,38.400001525878906,38.400001525878906,38.400001525878906,38.400001525878906,3000,0.0,0.0
2024-08-22 13:05:00+08:00,38.400001525878906,38.400001525878906,38.400001525878906,38.400001525878906,3000,0.0,0.0
2024-08-22 13:06:00+08:00,38.400001525878906,38.400001525878906,38.400001525878906,38.400001525878906,13000,0.0,0.0
2024-08-22 13:07:00+08:00,38.400001525878906,38.400001525878906,38.400001525878906,38.400001525878906,10000,0.0,0.0
2024-08-22 13:08:00+08:00,38.400001525878906,38.400001525878906,38.400001525878906,38.400001525878906,1000,0.0,0.0
2024-08-22 13:09:00+08:00,38.400001525878906,38.400001525878906,38.400001525878906,38.400001525878906,4050,0.0,0.0
2024-08-22 13:10:00+08:00,38.400001525878906,38.400001525878906,38.400001525878906,38.400001525878906,2050,0.0,0.0
2024-08-22 13:12:00+08:00,38.400001525878906,38.400001525878906,38.400001525878906,38.400001525878906,12001,0.0,0.0
2024-08-22 13:13:00+08:00,38.400001525878906,38.400001525878906,38.400001525878906,38.400001525878906,2030,0.0,0.0
2024-08-22 13:14:00+08:00,38.400001525878906,38.400001525878906,38.400001525878906,38.400001525878906,3000,0.0,0.0
2024-08-22 13:15:00+08:00,38.400001525878906,38.400001525878906,38.400001525878906,38.400001525878906,2004,0.0,0.0
2024-08-22 13:16:00+08:00,38.400001525878906,38.400001525878906,38.400001525878906,38.400001525878906,9020,0.0,0.0
2024-08-22 13:17:00+08:00,38.400001525878906,38.400001525878906,38.400001525878906,38.400001525878906,8000,0.0,0.0
2024-08-22 13:18:00+08:00,38.400001525878906,38.400001525878906,38.400001525878906,38.400001525878906,6000,0.0,0.0
2024-08-22 13:19:00+08:00,38.400001525878906,38.400001525878906,38.400001525878906,38.400001525878906,4000,0.0,0.0
2024-08-22 13:20:00+08:00,38.400001525878906,38.400001525878906,38.400001525878906,38.400001525878906,7045,0.0,0.0
2024-08-22 13:21:00+08:00,38.400001525878906,38.400001525878906,38.400001525878906,38.400001525878906,8250,0.0,0.0
2024-08-22 13:22:00+08:00,38.400001525878906,38.400001525878906,38.400001525878906,38.400001525878906,10000,0.0,0.0
2024-08-22 13:23:00+08:00,38.400001525878906,38.400001525878906,38.400001525878906,38.400001525878906,11000,0.0,0.0
2024-08-22 13:24:00+08:00,38.400001525878906,38.400001525878906,38.400001525878906,38.400001525878906,10700,0.0,0.0
2024-08-23 09:02:00+08:00,37.5,37.79999923706055,37.150001525878906,37.150001525878906,1347000,0.0,0.0
2024-08-23 09:03:00+08:00,37.20000076293945,37.79999923706055,37.099998474121094,37.54999923706055,548000,0.0,0.0
2024-08-23 09:04:00+08:00,37.54999923706055,37.70000076293945,37.29999923706055,37.45000076293945,516000,0.0,0.0
2024-08-23 09:05:00+08:00,37.400001525878906,37.45000076293945,37.099998474121094,37.150001525878906,483000,0.0,0.0
2024-08-23 09:06:00+08:00,37.20000076293945,37.25,37.099998474121094,37.20000076293945,251000,0.0,0.0
2024-08-23 09:07:00+08:00,37.25,37.29999923706055,37.099998474121094,37.099998474121094,232000,0.0,0.0
2024-08-23 09:08:00+08:00,37.099998474121094,37.29999923706055,37.099998474121094,37.099998474121094,304000,0.0,0.0
2024-08-23 09:09:00+08:00,37.150001525878906,37.29999923706055,37.150001525878906,37.20000076293945,158000,0.0,0.0
2024-08-23 09:10:00+08:00,37.20000076293945,37.349998474121094,37.150001525878906,37.29999923706055,185476,0.0,0.0
2024-08-23 09:11:00+08:00,37.29999923706055,37.45000076293945,37.0,37.0,1175600,0.0,0.0
2024-08-23 09:12:00+08:00,37.0,37.0,36.900001525878906,36.95000076293945,186021,0.0,0.0
2024-08-23 09:13:00+08:00,36.900001525878906,37.0,36.849998474121094,36.95000076293945,183100,0.0,0.0
2024-08-23 09:14:00+08:00,37.0,37.0,36.900001525878906,36.900001525878906,121000,0.0,0.0
2024-08-23 09:15:00+08:00,36.95000076293945,36.95000076293945,36.70000076293945,36.70000076293945,165000,0.0,0.0
2024-08-23 09:16:00+08:00,36.70000076293945,36.75,36.54999923706055,36.54999923706055,176561,0.0,0.0
2024-08-23 09:17:00+08:00,36.599998474121094,36.70000076293945,36.5,36.650001525878906,247000,0.0,0.0
2024-08-23 09:18:00+08:00,36.599998474121094,36.70000076293945,36.599998474121094,36.70000076293945,50013,0.0,0.0
2024-08-23 09:19:00+08:00,36.70000076293945,36.70000076293945,36.54999923706055,36.599998474121094,101000,0.0,0.0
2024-08-23 09:20:00+08:00,36.599998474121094,36.79999923706055,36.599998474121094,36.75,126500,0.0,0.0
2024-08-23 09:21:00+08:00,36.75,36.849998474121094,36.75,36.79999923706055,61000,0.0,0.0
2024-08-23 09:22:00+08:00,36.79999923706055,36.849998474121094,36.79999923706055,36.79999923706055,52000,0.0,0.0
2024-08-23 09:23:00+08:00,36.79999923706055,37.04999923706055,36.75,36.900001525878906,476200,0.0,0.0
2024-08-23 09:24:00+08:00,36.900001525878906,36.95000076293945,36.849998474121094,36.849998474121094,37060,0.0,0.0
2024-08-23 09:25:00+08:00,36.79999923706055,36.849998474121094,36.650001525878906,36.650001525878906,91000,0.0,0.0
2024-08-23 09:26:00+08:00,36.650001525878906,36.70000076293945,36.54999923706055,36.599998474121094,130300,0.0,0.0
2024-08-23 09:27:00+08:00,36.54999923706055,36.599998474121094,36.400001525878906,36.45000076293945,203260,0.0,0.0
2024-08-23 09:28:00+08:00,36.45000076293945,36.599998474121094,36.349998474121094,36.599998474121094,89680,0.0,0.0
2024-08-23 09:29:00+08:00,36.54999923706055,36.70000076293945,36.54999923706055,36.70000076293945,26033,0.0,0.0
2024-08-23 09:30:00+08:00,36.650001525878906,36.79999923706055,36.650001525878906,36.79999923706055,50100,0.0,0.0
2024-08-23 09:31:00+08:00,36.79999923706055,36.849998474121094,36.75,36.79999923706055,32252,0.0,0.0
2024-08-23 09:32:00+08:00,36.75,36.79999923706055,36.75,36.79999923706055,27000,0.0,0.0
2024-08-23 09:33:00+08:00,36.79999923706055,36.79999923706055,36.75,36.79999923706055,50000,0.0,0.0
2024-08-23 09:34:00+08:00,36.70000076293945,36.70000076293945,36.650001525878906,36.650001525878906,26000,0.0,0.0
2024-08-23 09:35:00+08:00,36.650001525878906,36.70000076293945,36.45000076293945,36.5,107003,0.0,0.0
2024-08-23 09:36:00+08:00,36.5,36.5,36.45000076293945,36.45000076293945,28140,0.0,0.0
2024-08-23 09:37:00+08:00,36.45000076293945,36.5,36.349998474121094,36.45000076293945,107000,0.0,0.0
2024-08-23 09:38:00+08:00,36.400001525878906,36.45000076293945,36.400001525878906,36.45000076293945,51010,0.0,0.0
2024-08-23 09:39:00+08:00,36.5,36.70000076293945,36.5,36.70000076293945,108200,0.0,0.0
2024-08-23 09:40:00+08:00,36.70000076293945,36.79999923706055,36.650001525878906,36.70000076293945,130000,0.0,0.0
2024-08-23 09:41:00+08:00,36.650001525878906,36.650001525878906,36.599998474121094,36.599998474121094,24000,0.0,0.0
2024-08-23 09:42:00+08:00,36.599998474121094,36.599998474121094,36.54999923706055,36.54999923706055,28000,0.0,0.0
2024-08-23 09:43:00+08:00,36.650001525878906,36.70000076293945,36.54999923706055,36.599998474121094,93000,0.0,0.0
2024-08-23 09:44:00+08:00,36.599998474121094,36.599998474121094,36.54999923706055,36.599998474121094,13030,0.0,0.0
2024-08-23 09:45:00+08:00,36.54999923706055,36.75,36.54999923706055,36.650001525878906,306027,0.0,0.0
2024-08-23 09:46:00+08:00,36.70000076293945,36.75,36.650001525878906,36.75,69683,0.0,0.0
2024-08-23 09:47:00+08:00,36.75,36.79999923706055,36.650001525878906,36.70000076293945,124000,0.0,0.0
2024-08-23 09:48:00+08:00,36.70000076293945,36.75,36.599998474121094,36.650001525878906,82100,0.0,0.0
2024-08-23 09:49:00+08:00,36.599998474121094,36.599998474121094,36.54999923706055,36.54999923706055,22100,0.0,0.0
2024-08-23 09:50:00+08:00,36.54999923706055,36.54999923706055,36.5,36.5,29000,0.0,0.0
2024-08-23 09:52:00+08:00,36.5,36.650001525878906,36.5,36.599998474121094,239000,0.0,0.0
2024-08-23 09:53:00+08:00,36.54999923706055,36.599998474121094,36.5,36.5,13100,0.0,0.0
2024-08-23 09:54:00+08:00,36.54999923706055,36.599998474121094,36.5,36.599998474121094,65200,0.0,0.0
2024-08-23 09:55:00+08:00,36.599998474121094,36.70000076293945,36.5,36.599998474121094,397000,0.0,0.0
2024-08-23 09:56:00+08:00,36.599998474121094,36.599998474121094,36.54999923706055,36.54999923706055,11220,0.0,0.0
2024-08-23 09:57:00+08:00,36.54999923706055,36.54999923706055,36.54999923706055,36.54999923706055,23000,0.0,0.0
2024-08-23 09:58:00+08:00,36.54999923706055,36.599998474121094,36.5,36.54999923706055,17000,0.0,0.0
2024-08-23 09:59:00+08:00,36.54999923706055,36.54999923706055,36.5,36.5,14006,0.0,0.0
2024-08-23 10:00:00+08:00,36.54999923706055,36.54999923706055,36.54999923706055,36.54999923706055,12100,0.0,0.0
2024-08-23 10:01:00+08:00,36.54999923706055,36.599998474121094,36.54999923706055,36.54999923706055,47000,0.0,0.0
2024-08-23 10:02:00+08:00,36.599998474121094,36.75,36.599998474121094,36.75,245000,0.0,0.0
2024-08-23 10:03:00+08:00,36.75,36.849998474121094,36.75,36.849998474121094,304531,0.0,0.0
2024-08-23 10:04:00+08:00,36.79999923706055,36.849998474121094,36.599998474121094,36.650001525878906,34000,0.0,0.0
2024-08-23 10:05:00+08:00,36.650001525878906,36.650001525878906,36.599998474121094,36.650001525878906,12000,0.0,0.0
2024-08-23 10:06:00+08:00,36.650001525878906,36.650001525878906,36.650001525878906,36.650001525878906,8000,0.0,0.0
2024-08-23 10:07:00+08:00,36.70000076293945,36.70000076293945,36.599998474121094,36.650001525878906,66000,0.0,0.0
2024-08-23 10:08:00+08:00,36.70000076293945,36.75,36.650001525878906,36.70000076293945,14000,0.0,0.0
2024-08-23 10:09:00+08:00,36.650001525878906,36.75,36.650001525878906,36.650001525878906,28050,0.0,0.0
2024-08-23 10:10:00+08:00,36.650001525878906,36.650001525878906,36.650001525878906,36.650001525878906,8000,0.0,0.0
2024-08-23 10:11:00+08:00,36.650001525878906,36.70000076293945,36.650001525878906,36.650001525878906,10003,0.0,0.0
2024-08-23 10:12:00+08:00,36.650001525878906,36.70000076293945,36.650001525878906,36.70000076293945,26033,0.0,0.0
2024-08-23 10:13:00+08:00,36.70000076293945,36.79999923706055,36.650001525878906,36.79999923706055,179000,0.0,0.0
2024-08-23 10:14:00+08:00,36.79999923706055,36.849998474121094,36.75,36.79999923706055,210116,0.0,0.0
2024-08-23 10:15:00+08:00,36.79999923706055,36.849998474121094,36.79999923706055,36.849998474121094,7000,0.0,0.0
2024-08-23 10:16:00+08:00,36.79999923706055,36.849998474121094,36.79999923706055,36.79999923706055,9009,0.0,0.0
2024-08-23 10:17:00+08:00,36.79999923706055,36.79999923706055,36.650001525878906,36.650001525878906,132000,0.0,0.0
2024-08-23 10:18:00+08:00,36.650001525878906,36.650001525878906,36.599998474121094,36.599998474121094,30002,0.0,0.0
2024-08-23 10:19:00+08:00,36.599998474121094,36.650001525878906,36.599998474121094,36.599998474121094,13013,0.0,0.0
2024-08-23 10:20:00+08:00,36.599998474121094,36.79999923706055,36.599998474121094,36.79999923706055,174000,0.0,0.0
2024-08-23 10:21:00+08:00,36.79999923706055,36.900001525878906,36.599998474121094,36.849998474121094,394000,0.0,0.0
2024-08-23 10:22:00+08:00,36.849998474121094,36.849998474121094,36.70000076293945,36.70000076293945,24000,0.0,0.0
2024-08-23 10:23:00+08:00,36.650001525878906,36.70000076293945,36.599998474121094,36.599998474121094,14000,0.0,0.0
2024-08-23 10:24:00+08:00,36.599998474121094,36.599998474121094,36.599998474121094,36.599998474121094,10005,0.0,0.0
2024-08-23 10:25:00+08:00,36.599998474121094,36.650001525878906,36.54999923706055,36.599998474121094,40005,0.0,0.0
2024-08-23 10:26:00+08:00,36.54999923706055,36.54999923706055,36.45000076293945,36.45000076293945,146068,0.0,0.0
2024-08-23 10:27:00+08:00,36.45000076293945,36.45000076293945,36.349998474121094,36.349998474121094,116138,0.0,0.0
2024-08-23 10:28:00+08:00,36.400001525878906,36.400001525878906,36.25,36.25,150318,0.0,0.0
2024-08-23 10:29:00+08:00,36.25,36.29999923706055,36.20000076293945,36.25,63060,0.0,0.0
2024-08-23 10:30:00+08:00,36.20000076293945,36.29999923706055,36.20000076293945,36.29999923706055,48096,0.0,0.0
2024-08-23 10:31:00+08:00,36.25,36.29999923706055,36.20000076293945,36.20000076293945,64000,0.0,0.0
2024-08-23 10:32:00+08:00,36.20000076293945,36.25,36.20000076293945,36.20000076293945,39200,0.0,0.0
2024-08-23 10:33:00+08:00,36.20000076293945,36.25,36.20000076293945,36.20000076293945,34011,0.0,0.0
2024-08-23 10:34:00+08:00,36.20000076293945,36.25,36.20000076293945,36.25,48000,0.0,0.0
2024-08-23 10:35:00+08:00,36.25,36.25,36.20000076293945,36.25,47000,0.0,0.0
2024-08-23 10:36:00+08:00,36.20000076293945,36.25,36.20000076293945,36.20000076293945,37030,0.0,0.0
2024-08-23 10:37:00+08:00,36.25,36.25,36.20000076293945,36.25,34200,0.0,0.0
2024-08-23 10:38:00+08:00,36.25,36.29999923706055,36.20000076293945,36.25,128000,0.0,0.0
2024-08-23 10:39:00+08:00,36.29999923706055,36.349998474121094,36.29999923706055,36.349998474121094,171100,0.0,0.0
2024-08-23 10:40:00+08:00,36.349998474121094,36.349998474121094,36.29999923706055,36.349998474121094,29200,0.0,0.0
2024-08-23 10:41:00+08:00,36.349998474121094,36.349998474121094,36.29999923706055,36.349998474121094,56000,0.0,0.0
2024-08-23 10:42:00+08:00,36.349998474121094,36.400001525878906,36.29999923706055,36.349998474121094,55000,0.0,0.0
2024-08-23 10:43:00+08:00,36.349998474121094,36.400001525878906,36.29999923706055,36.400001525878906,138000,0.0,0.0
2024-08-23 10:44:00+08:00,36.400001525878906,36.400001525878906,36.29999923706055,36.400001525878906,47015,0.0,0.0
2024-08-23 10:45:00+08:00,36.400001525878906,36.400001525878906,36.29999923706055,36.400001525878906,45000,0.0,0.0
2024-08-23 10:46:00+08:00,36.400001525878906,36.400001525878906,36.29999923706055,36.29999923706055,30000,0.0,0.0
2024-08-23 10:47:00+08:00,36.349998474121094,36.45000076293945,36.29999923706055,36.400001525878906,202000,0.0,0.0
2024-08-23 10:48:00+08:00,36.400001525878906,36.45000076293945,36.349998474121094,36.349998474121094,14000,0.0,0.0
2024-08-23 10:49:00+08:00,36.349998474121094,36.349998474121094,36.349998474121094,36.349998474121094,4000,0.0,0.0
2024-08-23 10:50:00+08:00,36.349998474121094,36.400001525878906,36.349998474121094,36.349998474121094,14000,0.0,0.0
2024-08-23 10:51:00+08:00,36.349998474121094,36.5,36.349998474121094,36.5,304000,0.0,0.0
2024-08-23 10:52:00+08:00,36.400001525878906,36.54999923706055,36.400001525878906,36.54999923706055,228000,0.0,0.0
2024-08-23 10:53:00+08:00,36.5,36.54999923706055,36.5,36.54999923706055,20110,0.0,0.0
2024-08-23 10:54:00+08:00,36.5,36.599998474121094,36.45000076293945,36.54999923706055,164000,0.0,0.0
2024-08-23 10:55:00+08:00,36.599998474121094,36.599998474121094,36.54999923706055,36.599998474121094,37000,0.0,0.0
2024-08-23 10:56:00+08:00,36.54999923706055,36.650001525878906,36.54999923706055,36.54999923706055,168001,0.0,0.0
2024-08-23 10:57:00+08:00,36.650001525878906,36.75,36.599998474121094,36.75,221000,0.0,0.0
2024-08-23 10:58:00+08:00,36.75,36.75,36.650001525878906,36.70000076293945,34100,0.0,0.0
2024-08-23 10:59:00+08:00,36.70000076293945,36.70000076293945,36.599998474121094,36.599998474121094,28010,0.0,0.0
2024-08-23 11:00:00+08:00,36.599998474121094,36.599998474121094,36.5,36.599998474121094,60000,0.0,0.0
2024-08-23 11:01:00+08:00,36.599998474121094,36.599998474121094,36.5,36.599998474121094,25000,0.0,0.0
2024-08-23 11:02:00+08:00,36.599998474121094,36.599998474121094,36.5,36.54999923706055,26000,0.0,0.0
2024-08-23 11:03:00+08:00,36.5,36.599998474121094,36.5,36.54999923706055,30001,0.0,0.0
2024-08-23 11:04:00+08:00,36.5,36.54999923706055,36.5,36.5,25000,0.0,0.0
2024-08-23 11:05:00+08:00,36.54999923706055,36.54999923706055,36.5,36.54999923706055,29000,0.0,0.0
2024-08-23 11:06:00+08:00,36.54999923706055,36.75,36.5,36.75,395000,0.0,0.0
2024-08-23 11:07:00+08:00,36.599998474121094,36.70000076293945,36.54999923706055,36.650001525878906,31000,0.0,0.0
2024-08-23 11:08:00+08:00,36.650001525878906,36.650001525878906,36.599998474121094,36.650001525878906,32001,0.0,0.0
2024-08-23 11:09:00+08:00,36.650001525878906,36.650001525878906,36.599998474121094,36.650001525878906,30000,0.0,0.0
2024-08-23 11:10:00+08:00,36.650001525878906,36.650001525878906,36.599998474121094,36.599998474121094,21000,0.0,0.0
2024-08-23 11:11:00+08:00,36.650001525878906,36.650001525878906,36.54999923706055,36.54999923706055,55000,0.0,0.0
2024-08-23 11:12:00+08:00,36.54999923706055,36.54999923706055,36.54999923706055,36.54999923706055,4417,0.0,0.0
2024-08-23 11:13:00+08:00,36.54999923706055,36.79999923706055,36.54999923706055,36.70000076293945,546000,0.0,0.0
2024-08-23 11:14:00+08:00,36.650001525878906,36.79999923706055,36.650001525878906,36.650001525878906,91009,0.0,0.0
2024-08-23 11:15:00+08:00,36.75,36.849998474121094,36.70000076293945,36.70000076293945,118150,0.0,0.0
2024-08-23 11:16:00+08:00,36.75,36.75,36.650001525878906,36.650001525878906,21000,0.0,0.0
2024-08-23 11:17:00+08:00,36.650001525878906,36.650001525878906,36.650001525878906,36.650001525878906,9000,0.0,0.0
2024-08-23 11:18:00+08:00,36.650001525878906,36.70000076293945,36.650001525878906,36.70000076293945,32130,0.0,0.0
2024-08-23 11:19:00+08:00,36.650001525878906,36.650001525878906,36.54999923706055,36.54999923706055,47000,0.0,0.0
2024-08-23 11:20:00+08:00,36.54999923706055,36.599998474121094,36.54999923706055,36.54999923706055,11060,0.0,0.0
2024-08-23 11:21:00+08:00,36.54999923706055,36.599998474121094,36.54999923706055,36.54999923706055,8000,0.0,0.0
2024-08-23 11:22:00+08:00,36.54999923706055,36.599998474121094,36.54999923706055,36.599998474121094,40050,0.0,0.0
2024-08-23 11:23:00+08:00,36.54999923706055,36.54999923706055,36.54999923706055,36.54999923706055,11000,0.0,0.0
2024-08-23 11:24:00+08:00,36.54999923706055,36.54999923706055,36.54999923706055,36.54999923706055,4080,0.0,0.0
2024-08-23 11:25:00+08:00,36.54999923706055,36.599998474121094,36.54999923706055,36.54999923706055,18000,0.0,0.0
2024-08-23 11:26:00+08:00,36.54999923706055,36.54999923706055,36.54999923706055,36.54999923706055,5000,0.0,0.0
2024-08-23 11:27:00+08:00,36.54999923706055,36.54999923706055,36.5,36.5,17000,0.0,0.0
2024-08-23 11:28:00+08:00,36.5,36.5,36.5,36.5,8000,0.0,0.0
2024-08-23 11:29:00+08:00,36.5,36.54999923706055,36.5,36.54999923706055,15000,0.0,0.0
2024-08-23 11:30:00+08:00,36.54999923706055,36.54999923706055,36.5,36.54999923706055,33337,0.0,0.0
2024-08-23 11:31:00+08:00,36.54999923706055,36.599998474121094,36.5,36.599998474121094,37000,0.0,0.0
2024-08-23 11:32:00+08:00,36.5,36.599998474121094,36.5,36.599998474121094,37001,0.0,0.0
2024-08-23 11:33:00+08:00,36.599998474121094,36.599998474121094,36.54999923706055,36.599998474121094,34000,0.0,0.0
2024-08-23 11:34:00+08:00,36.599998474121094,36.650001525878906,36.54999923706055,36.54999923706055,45000,0.0,0.0
2024-08-23 11:35:00+08:00,36.650001525878906,36.650001525878906,36.54999923706055,36.650001525878906,45000,0.0,0.0
2024-08-23 11:36:00+08:00,36.650001525878906,36.650001525878906,36.599998474121094,36.650001525878906,38000,0.0,0.0
2024-08-23 11:37:00+08:00,36.650001525878906,36.650001525878906,36.54999923706055,36.599998474121094,39000,0.0,0.0
2024-08-23 11:38:00+08:00,36.599998474121094,36.650001525878906,36.54999923706055,36.599998474121094,30000,0.0,0.0
2024-08-23 11:39:00+08:00,36.54999923706055,36.54999923706055,36.45000076293945,36.5,61100,0.0,0.0
2024-08-23 11:40:00+08:00,36.5,36.5,36.45000076293945,36.45000076293945,16184,0.0,0.0
2024-08-23 11:41:00+08:00,36.5,36.5,36.45000076293945,36.45000076293945,12047,0.0,0.0
2024-08-23 11:42:00+08:00,36.45000076293945,36.5,36.45000076293945,36.45000076293945,12028,0.0,0.0
2024-08-23 11:43:00+08:00,36.45000076293945,36.5,36.45000076293945,36.5,18000,0.0,0.0
2024-08-23 11:44:00+08:00,36.45000076293945,36.45000076293945,36.45000076293945,36.45000076293945,7000,0.0,0.0
2024-08-23 11:45:00+08:00,36.45000076293945,36.5,36.45000076293945,36.45000076293945,8010,0.0,0.0
2024-08-23 11:46:00+08:00,36.45000076293945,36.5,36.45000076293945,36.5,9000,0.0,0.0
2024-08-23 11:47:00+08:00,36.45000076293945,36.5,36.45000076293945,36.45000076293945,9000,0.0,0.0
2024-08-23 11:48:00+08:00,36.45000076293945,36.54999923706055,36.45000076293945,36.5,16000,0.0,0.0
2024-08-23 11:49:00+08:00,36.45000076293945,36.45000076293945,36.45000076293945,36.45000076293945,6000,0.0,0.0
2024-08-23 11:50:00+08:00,36.45000076293945,36.5,36.45000076293945,36.45000076293945,10001,0.0,0.0
2024-08-23 11:51:00+08:00,36.45000076293945,36.45000076293945,36.45000076293945,36.45000076293945,6000,0.0,0.0
2024-08-23 11:52:00+08:00,36.45000076293945,36.5,36.45000076293945,36.5,5000,0.0,0.0
2024-08-23 11:53:00+08:00,36.5,36.5,36.45000076293945,36.45000076293945,11000,0.0,0.0
2024-08-23 11:54:00+08:00,36.45000076293945,36.54999923706055,36.45000076293945,36.5,19000,0.0,0.0
2024-08-23 11:55:00+08:00,36.5,36.5,36.5,36.5,6000,0.0,0.0
2024-08-23 11:56:00+08:00,36.5,36.5,36.5,36.5,5000,0.0,0.0
2024-08-23 11:57:00+08:00,36.5,36.54999923706055,36.5,36.54999923706055,10000,0.0,0.0
2024-08-23 11:58:00+08:00,36.5,36.54999923706055,36.5,36.5,11000,0.0,0.0
2024-08-23 11:59:00+08:00,36.54999923706055,36.54999923706055,36.5,36.54999923706055,18000,0.0,0.0
2024-08-23 12:00:00+08:00,36.54999923706055,36.599998474121094,36.54999923706055,36.599998474121094,30000,0.0,0.0
2024-08-23 12:01:00+08:00,36.54999923706055,36.650001525878906,36.54999923706055,36.650001525878906,67000,0.0,0.0
2024-08-23 12:02:00+08:00,36.650001525878906,36.650001525878906,36.599998474121094,36.599998474121094,6000,0.0,0.0
2024-08-23 12:03:00+08:00,36.599998474121094,36.70000076293945,36.599998474121094,36.70000076293945,145000,0.0,0.0
2024-08-23 12:04:00+08:00,36.70000076293945,36.70000076293945,36.650001525878906,36.650001525878906,33000,0.0,0.0
2024-08-23 12:05:00+08:00,36.650001525878906,36.70000076293945,36.650001525878906,36.650001525878906,19000,0.0,0.0
2024-08-23 12:06:00+08:00,36.650001525878906,36.650001525878906,36.650001525878906,36.650001525878906,19002,0.0,0.0
2024-08-23 12:07:00+08:00,36.650001525878906,36.650001525878906,36.650001525878906,36.650001525878906,9250,0.0,0.0
2024-08-23 12:08:00+08:00,36.650001525878906,36.650001525878906,36.599998474121094,36.599998474121094,37000,0.0,0.0
2024-08-23 12:09:00+08:00,36.599998474121094,36.650001525878906,36.599998474121094,36.599998474121094,21000,0.0,0.0
2024-08-23 12:10:00+08:00,36.599998474121094,36.599998474121094,36.599998474121094,36.599998474121094,7000,0.0,0.0
2024-08-23 12:11:00+08:00,36.599998474121094,36.650001525878906,36.599998474121094,36.650001525878906,20054,0.0,0.0
2024-08-23 12:12:00+08:00,36.599998474121094,36.70000076293945,36.599998474121094,36.599998474121094,12000,0.0,0.0
2024-08-23 12:13:00+08:00,36.650001525878906,36.70000076293945,36.599998474121094,36.650001525878906,23040,0.0,0.0
2024-08-23 12:14:00+08:00,36.650001525878906,36.70000076293945,36.599998474121094,36.70000076293945,29000,0.0,0.0
2024-08-23 12:15:00+08:00,36.70000076293945,36.70000076293945,36.599998474121094,36.70000076293945,30000,0.0,0.0
2024-08-23 12:16:00+08:00,36.70000076293945,36.70000076293945,36.599998474121094,36.599998474121094,18000,0.0,0.0
2024-08-23 12:17:00+08:00,36.599998474121094,36.599998474121094,36.599998474121094,36.599998474121094,6000,0.0,0.0
2024-08-23 12:18:00+08:00,36.650001525878906,36.650001525878906,36.54999923706055,36.54999923706055,83050,0.0,0.0
2024-08-23 12:19:00+08:00,36.54999923706055,36.599998474121094,36.54999923706055,36.54999923706055,28000,0.0,0.0
2024-08-23 12:20:00+08:00,36.599998474121094,36.599998474121094,36.54999923706055,36.54999923706055,13000,0.0,0.0
2024-08-23 12:21:00+08:00,36.54999923706055,36.599998474121094,36.54999923706055,36.599998474121094,8100,0.0,0.0
2024-08-23 12:22:00+08:00,36.54999923706055,36.599998474121094,36.54999923706055,36.54999923706055,7000,0.0,0.0
2024-08-23 12:23:00+08:00,36.54999923706055,36.54999923706055,36.54999923706055,36.54999923706055,12000,0.0,0.0
2024-08-23 12:24:00+08:00,36.54999923706055,36.599998474121094,36.54999923706055,36.599998474121094,8000,0.0,0.0
2024-08-23 12:25:00+08:00,36.54999923706055,36.599998474121094,36.54999923706055,36.54999923706055,9000,0.0,0.0
2024-08-23 12:26:00+08:00,36.54999923706055,36.599998474121094,36.54999923706055,36.54999923706055,9028,0.0,0.0
2024-08-23 12:27:00+08:00,36.54999923706055,36.599998474121094,36.54999923706055,36.54999923706055,6000,0.0,0.0
2024-08-23 12:28:00+08:00,36.54999923706055,36.599998474121094,36.54999923706055,36.54999923706055,37100,0.0,0.0
2024-08-23 12:29:00+08:00,36.54999923706055,36.599998474121094,36.54999923706055,36.54999923706055,18000,0.0,0.0
2024-08-23 12:30:00+08:00,36.599998474121094,36.650001525878906,36.54999923706055,36.54999923706055,17000,0.0,0.0
2024-08-23 12:31:00+08:00,36.54999923706055,36.54999923706055,36.5,36.5,11500,0.0,0.0
2024-08-23 12:32:00+08:00,36.5,36.54999923706055,36.5,36.5,10372,0.0,0.0
2024-08-23 12:33:00+08:00,36.5,36.54999923706055,36.5,36.5,12200,0.0,0.0
2024-08-23 12:34:00+08:00,36.5,36.54999923706055,36.5,36.5,6025,0.0,0.0
2024-08-23 12:35:00+08:00,36.54999923706055,36.54999923706055,36.5,36.5,9000,0.0,0.0
2024-08-23 12:36:00+08:00,36.5,36.54999923706055,36.5,36.5,12000,0.0,0.0
2024-08-23 12:37:00+08:00,36.5,36.54999923706055,36.5,36.5,23200,0.0,0.0
2024-08-23 12:38:00+08:00,36.5,36.5,36.5,36.5,14000,0.0,0.0
2024-08-23 12:39:00+08:00,36.54999923706055,36.54999923706055,36.5,36.54999923706055,23000,0.0,0.0
2024-08-23 12:40:00+08:00,36.54999923706055,36.599998474121094,36.54999923706055,36.54999923706055,11007,0.0,0.0
2024-08-23 12:41:00+08:00,36.599998474121094,36.599998474121094,36.5,36.5,6010,0.0,0.0
2024-08-23 12:42:00+08:00,36.5,36.54999923706055,36.5,36.5,43020,0.0,0.0
2024-08-23 12:43:00+08:00,36.5,36.5,36.5,36.5,13000,0.0,0.0
2024-08-23 12:44:00+08:00,36.5,36.54999923706055,36.5,36.5,10000,0.0,0.0
2024-08-23 12:45:00+08:00,36.54999923706055,36.54999923706055,36.5,36.54999923706055,15000,0.0,0.0
2024-08-23 12:46:00+08:00,36.54999923706055,36.599998474121094,36.5,36.599998474121094,45000,0.0,0.0
2024-08-23 12:47:00+08:00,36.599998474121094,36.599998474121094,36.5,36.5,15000,0.0,0.0
2024-08-23 12:48:00+08:00,36.54999923706055,36.54999923706055,36.5,36.54999923706055,18010,0.0,0.0
2024-08-23 12:49:00+08:00,36.5,36.54999923706055,36.5,36.5,8000,0.0,0.0
2024-08-23 12:50:00+08:00,36.5,36.54999923706055,36.5,36.54999923706055,19000,0.0,0.0
2024-08-23 12:51:00+08:00,36.54999923706055,36.54999923706055,36.45000076293945,36.45000076293945,100000,0.0,0.0
2024-08-23 12:52:00+08:00,36.45000076293945,36.54999923706055,36.45000076293945,36.54999923706055,20668,0.0,0.0
2024-08-23 12:53:00+08:00,36.5,36.54999923706055,36.5,36.54999923706055,15010,0.0,0.0
2024-08-23 12:54:00+08:00,36.5,36.54999923706055,36.45000076293945,36.5,42000,0.0,0.0
2024-08-23 12:55:00+08:00,36.5,36.5,36.45000076293945,36.5,31000,0.0,0.0
2024-08-23 12:56:00+08:00,36.5,36.5,36.45000076293945,36.5,56060,0.0,0.0
2024-08-23 12:57:00+08:00,36.5,36.5,36.5,36.5,1000,0.0,0.0
2024-08-23 12:58:00+08:00,36.45000076293945,36.5,36.45000076293945,36.5,35000,0.0,0.0
2024-08-23 12:59:00+08:00,36.5,36.54999923706055,36.5,36.54999923706055,12000,0.0,0.0
2024-08-23 13:00:00+08:00,36.5,36.54999923706055,36.5,36.54999923706055,5000,0.0,0.0
2024-08-23 13:01:00+08:00,36.54999923706055,36.54999923706055,36.5,36.5,17000,0.0,0.0
2024-08-23 13:02:00+08:00,36.5,36.54999923706055,36.5,36.54999923706055,2000,0.0,0.0
2024-08-23 13:03:00+08:00,36.5,36.54999923706055,36.5,36.54999923706055,11011,0.0,0.0
2024-08-23 13:04:00+08:00,36.54999923706055,36.54999923706055,36.5,36.54999923706055,14000,0.0,0.0
2024-08-23 13:05:00+08:00,36.5,36.54999923706055,36.5,36.5,76658,0.0,0.0
2024-08-23 13:06:00+08:00,36.5,36.54999923706055,36.5,36.5,37059,0.0,0.0
2024-08-23 13:07:00+08:00,36.54999923706055,36.54999923706055,36.54999923706055,36.54999923706055,37000,0.0,0.0
2024-08-23 13:08:00+08:00,36.54999923706055,36.54999923706055,36.5,36.54999923706055,26000,0.0,0.0
2024-08-23 13:09:00+08:00,36.54999923706055,36.54999923706055,36.5,36.54999923706055,51077,0.0,0.0
2024-08-23 13:10:00+08:00,36.5,36.54999923706055,36.5,36.54999923706055,36030,0.0,0.0
2024-08-23 13:11:00+08:00,36.5,36.54999923706055,36.5,36.54999923706055,8354,0.0,0.0
2024-08-23 13:12:00+08:00,36.54999923706055,36.54999923706055,36.5,36.54999923706055,64000,0.0,0.0
2024-08-23 13:13:00+08:00,36.54999923706055,36.54999923706055,36.5,36.5,58648,0.0,0.0
2024-08-23 13:14:00+08:00,36.5,36.54999923706055,36.5,36.5,20001,0.0,0.0
2024-08-23 13:15:00+08:00,36.5,36.54999923706055,36.5,36.5,110590,0.0,0.0
2024-08-23 13:16:00+08:00,36.5,36.5,36.45000076293945,36.5,44401,0.0,0.0
2024-08-23 13:17:00+08:00,36.5,36.54999923706055,36.5,36.54999923706055,53000,0.0,0.0
2024-08-23 13:18:00+08:00,36.54999923706055,36.75,36.54999923706055,36.75,289000,0.0,0.0
2024-08-23 13:19:00+08:00,36.75,36.79999923706055,36.70000076293945,36.75,67400,0.0,0.0
2024-08-23 13:20:00+08:00,36.75,36.75,36.650001525878906,36.70000076293945,189108,0.0,0.0
2024-08-23 13:21:00+08:00,36.650001525878906,36.75,36.650001525878906,36.75,152034,0.0,0.0
2024-08-23 13:22:00+08:00,36.70000076293945,36.79999923706055,36.70000076293945,36.79999923706055,162000,0.0,0.0
2024-08-23 13:23:00+08:00,36.75,36.95000076293945,36.75,36.95000076293945,421111,0.0,0.0
2024-08-23 13:24:00+08:00,36.95000076293945,36.95000076293945,36.849998474121094,36.900001525878906,180982,0.0,0.0
