Datetime,Open,High,Low,Close,Volume,Dividends,Stock Splits
2022-06-30 09:30:00-04:00,21.3799991607666,21.489999771118164,21.1200008392334,21.219999313354492,9480,0.0,0.0
2022-06-30 10:30:00-04:00,21.239999771118164,21.700000762939453,21.239999771118164,21.65999984741211,15952,0.0,0.0
2022-06-30 11:30:00-04:00,21.6200008392334,21.6299991607666,21.25,21.489999771118164,27025,0.0,0.0
2022-06-30 12:30:00-04:00,21.4950008392334,21.510000228881836,21.170000076293945,21.280000686645508,13468,0.0,0.0
2022-06-30 13:30:00-04:00,21.354999542236328,21.440000534057617,21.31999969482422,21.40999984741211,6930,0.0,0.0
2022-06-30 14:30:00-04:00,21.420000076293945,21.5,21.209999084472656,21.389999389648438,35622,0.0,0.0
2022-06-30 15:30:00-04:00,21.3700008392334,21.670000076293945,21.3700008392334,21.65999984741211,96819,0.0,0.0
2022-07-01 09:30:00-04:00,21.549999237060547,21.940000534057617,21.490100860595703,21.610000610351562,17055,0.0,0.0
2022-07-01 10:30:00-04:00,21.58650016784668,21.895000457763672,21.559999465942383,21.850000381469727,15376,0.0,0.0
2022-07-01 11:30:00-04:00,21.915000915527344,22.100000381469727,21.905000686645508,21.959999084472656,22425,0.0,0.0
2022-07-01 12:30:00-04:00,22.0,22.059999465942383,21.899999618530273,22.020000457763672,12356,0.0,0.0
2022-07-01 13:30:00-04:00,22.040000915527344,22.139999389648438,22.0,22.079999923706055,16388,0.0,0.0
2022-07-01 14:30:00-04:00,22.09000015258789,22.260000228881836,22.09000015258789,22.260000228881836,19045,0.0,0.0
2022-07-01 15:30:00-04:00,22.260000228881836,22.360000610351562,22.225000381469727,22.260000228881836,43010,0.0,0.0
2022-07-05 09:30:00-04:00,21.850000381469727,21.850000381469727,21.200000762939453,21.389999389648438,24013,0.0,0.0
2022-07-05 10:30:00-04:00,21.43000030517578,21.719999313354492,21.43000030517578,21.65999984741211,16106,0.0,0.0
2022-07-05 11:30:00-04:00,21.6299991607666,21.809999465942383,21.6299991607666,21.799999237060547,14471,0.0,0.0
2022-07-05 12:30:00-04:00,21.760000228881836,21.829999923706055,21.6200008392334,21.799999237060547,12535,0.0,0.0
2022-07-05 13:30:00-04:00,21.790000915527344,21.81999969482422,21.559999465942383,21.690000534057617,21860,0.0,0.0
2022-07-05 14:30:00-04:00,21.709999084472656,21.780000686645508,21.610000610351562,21.709999084472656,26439,0.0,0.0
2022-07-05 15:30:00-04:00,21.650999069213867,21.650999069213867,21.549999237060547,21.610000610351562,39763,0.0,0.0
2022-07-06 09:30:00-04:00,21.600000381469727,21.81999969482422,20.760000228881836,20.84000015258789,27237,0.0,0.0
2022-07-06 10:30:00-04:00,20.780000686645508,20.950000762939453,20.719999313354492,20.75,17586,0.0,0.0
2022-07-06 11:30:00-04:00,20.799999237060547,21.100000381469727,20.75,20.975000381469727,14626,0.0,0.0
2022-07-06 12:30:00-04:00,21.0,21.189899444580078,21.0,21.030000686645508,12208,0.0,0.0
2022-07-06 13:30:00-04:00,20.979999542236328,21.010000228881836,20.8799991607666,20.950000762939453,15799,0.0,0.0
2022-07-06 14:30:00-04:00,20.959999084472656,21.049999237060547,20.809999465942383,20.875,24835,0.0,0.0
2022-07-06 15:30:00-04:00,20.860000610351562,20.860000610351562,20.6299991607666,20.790000915527344,65386,0.0,0.0
2022-07-07 09:30:00-04:00,20.84000015258789,21.079999923706055,20.790000915527344,20.920000076293945,15532,0.0,0.0
2022-07-07 10:30:00-04:00,20.959999084472656,21.209999084472656,20.959999084472656,21.15999984741211,16183,0.0,0.0
2022-07-07 11:30:00-04:00,21.139999389648438,21.225000381469727,21.010000228881836,21.079999923706055,15973,0.0,0.0
2022-07-07 12:30:00-04:00,21.079999923706055,21.126800537109375,21.0,21.059999465942383,13824,0.0,0.0
2022-07-07 13:30:00-04:00,21.040000915527344,21.18000030517578,21.040000915527344,21.139999389648438,17903,0.0,0.0
2022-07-07 14:30:00-04:00,21.139999389648438,21.15999984741211,21.06999969482422,21.110000610351562,23235,0.0,0.0
2022-07-07 15:30:00-04:00,21.100000381469727,21.149999618530273,21.010000228881836,21.100000381469727,35695,0.0,0.0
2022-07-08 09:30:00-04:00,21.010000228881836,21.15999984741211,20.90999984741211,21.15999984741211,11947,0.0,0.0
2022-07-08 10:30:00-04:00,21.190000534057617,21.3799991607666,21.190000534057617,21.299999237060547,8389,0.0,0.0
2022-07-08 11:30:00-04:00,21.280000686645508,21.31999969482422,21.18000030517578,21.270000457763672,17381,0.0,0.0
2022-07-08 12:30:00-04:00,21.239999771118164,21.239999771118164,21.145000457763672,21.19499969482422,11401,0.0,0.0
2022-07-08 13:30:00-04:00,21.219999313354492,21.3700008392334,21.219999313354492,21.354999542236328,12709,0.0,0.0
2022-07-08 14:30:00-04:00,21.3700008392334,21.389999389648438,21.219999313354492,21.219999313354492,16464,0.0,0.0
2022-07-08 15:30:00-04:00,21.229999542236328,21.260000228881836,21.155000686645508,21.219999313354492,27461,0.0,0.0
2022-07-11 09:30:00-04:00,21.100000381469727,21.25189971923828,20.799999237060547,20.799999237060547,9857,0.0,0.0
2022-07-11 10:30:00-04:00,20.829999923706055,20.860000610351562,20.684999465942383,20.684999465942383,9613,0.0,0.0
2022-07-11 11:30:00-04:00,20.739999771118164,20.739999771118164,20.520000457763672,20.520000457763672,11177,0.0,0.0
2022-07-11 12:30:00-04:00,20.5049991607666,20.75,20.5049991607666,20.75,15853,0.0,0.0
2022-07-11 13:30:00-04:00,20.780000686645508,20.780000686645508,20.639999389648438,20.719999313354492,6096,0.0,0.0
2022-07-11 14:30:00-04:00,20.709999084472656,20.770000457763672,20.649999618530273,20.670000076293945,15255,0.0,0.0
2022-07-11 15:30:00-04:00,20.664899826049805,20.719999313354492,20.59000015258789,20.670000076293945,28361,0.0,0.0
2022-07-12 09:30:00-04:00,20.65999984741211,21.234399795532227,20.65999984741211,21.209999084472656,21253,0.0,0.0
2022-07-12 10:30:00-04:00,21.200000762939453,21.25,21.110000610351562,21.153600692749023,14872,0.0,0.0
2022-07-12 11:30:00-04:00,21.139999389648438,21.149999618530273,20.873699188232422,20.94070053100586,16874,0.0,0.0
2022-07-12 12:30:00-04:00,20.934999465942383,21.170000076293945,20.934999465942383,21.139999389648438,15294,0.0,0.0
2022-07-12 13:30:00-04:00,21.139999389648438,21.149999618530273,21.094999313354492,21.100000381469727,12294,0.0,0.0
2022-07-12 14:30:00-04:00,21.11009979248047,21.239999771118164,21.0,21.06999969482422,29318,0.0,0.0
2022-07-12 15:30:00-04:00,21.06999969482422,21.155000686645508,20.93000030517578,21.040000915527344,36047,0.0,0.0
2022-07-13 09:30:00-04:00,20.81999969482422,21.020000457763672,20.700000762939453,20.899999618530273,16520,0.0,0.0
2022-07-13 10:30:00-04:00,20.899999618530273,21.1299991607666,20.899999618530273,21.079999923706055,16882,0.0,0.0
2022-07-13 11:30:00-04:00,21.059999465942383,21.329999923706055,20.979999542236328,21.31999969482422,18738,0.0,0.0
2022-07-13 12:30:00-04:00,21.31999969482422,21.40999984741211,21.239999771118164,21.270000457763672,16388,0.0,0.0
2022-07-13 13:30:00-04:00,21.25,21.31999969482422,21.209999084472656,21.290000915527344,21601,0.0,0.0
2022-07-13 14:30:00-04:00,21.290000915527344,21.40999984741211,21.290000915527344,21.360000610351562,25834,0.0,0.0
2022-07-13 15:30:00-04:00,21.3700008392334,21.450000762939453,21.31999969482422,21.40999984741211,45383,0.0,0.0
2022-07-14 09:30:00-04:00,21.139999389648438,21.31999969482422,20.770000457763672,20.770000457763672,15971,0.0,0.0
2022-07-14 10:30:00-04:00,20.829999923706055,20.892799377441406,20.719999313354492,20.81999969482422,8958,0.0,0.0
2022-07-14 11:30:00-04:00,20.81679916381836,20.90999984741211,20.6200008392334,20.665000915527344,34943,0.0,0.0
2022-07-14 12:30:00-04:00,20.665000915527344,20.719999313354492,20.479999542236328,20.655000686645508,19162,0.0,0.0
2022-07-14 13:30:00-04:00,20.59000015258789,20.979999542236328,20.59000015258789,20.950000762939453,19528,0.0,0.0
2022-07-14 14:30:00-04:00,20.950599670410156,21.0,20.844999313354492,20.860000610351562,17631,0.0,0.0
2022-07-14 15:30:00-04:00,20.84000015258789,20.889999389648438,20.739999771118164,20.860000610351562,32669,0.0,0.0
2022-07-15 09:30:00-04:00,21.209999084472656,21.255699157714844,20.790000915527344,21.100000381469727,24406,0.0,0.0
2022-07-15 10:30:00-04:00,21.18000030517578,21.309999465942383,21.149999618530273,21.290000915527344,13790,0.0,0.0
2022-07-15 11:30:00-04:00,21.350000381469727,21.65999984741211,21.350000381469727,21.600000381469727,17425,0.0,0.0
2022-07-15 12:30:00-04:00,21.600000381469727,21.719999313354492,21.600000381469727,21.719999313354492,14822,0.0,0.0
2022-07-15 13:30:00-04:00,21.729999542236328,21.829999923706055,21.610000610351562,21.649999618530273,20012,0.0,0.0
2022-07-15 14:30:00-04:00,21.639999389648438,21.719999313354492,21.565000534057617,21.56999969482422,18859,0.0,0.0
2022-07-15 15:30:00-04:00,21.540000915527344,21.540000915527344,21.450000762939453,21.459999084472656,48642,0.0,0.0
2022-07-18 09:30:00-04:00,21.780000686645508,22.209999084472656,21.780000686645508,21.829999923706055,25457,0.0,0.0
2022-07-18 10:30:00-04:00,21.860000610351562,22.0049991607666,21.860000610351562,21.950000762939453,18285,0.0,0.0
2022-07-18 11:30:00-04:00,21.950000762939453,22.1299991607666,21.899999618530273,22.040000915527344,29251,0.0,0.0
2022-07-18 12:30:00-04:00,22.040000915527344,22.059999465942383,21.934999465942383,22.030000686645508,7764,0.0,0.0
2022-07-18 13:30:00-04:00,22.020000457763672,22.020000457763672,21.579999923706055,21.59000015258789,15298,0.0,0.0
2022-07-18 14:30:00-04:00,21.579999923706055,21.739999771118164,21.559999465942383,21.700000762939453,26654,0.0,0.0
2022-07-18 15:30:00-04:00,21.700000762939453,21.719999313354492,21.579999923706055,21.68000030517578,38756,0.0,0.0
2022-07-19 09:30:00-04:00,22.030000686645508,22.530000686645508,22.006900787353516,22.510000228881836,14596,0.0,0.0
2022-07-19 10:30:00-04:00,22.450000762939453,22.530000686645508,22.31999969482422,22.530000686645508,9945,0.0,0.0
2022-07-19 11:30:00-04:00,22.530000686645508,22.65999984741211,22.239999771118164,22.29800033569336,37861,0.0,0.0
2022-07-19 12:30:00-04:00,22.270000457763672,22.690000534057617,22.270000457763672,22.559999465942383,29791,0.0,0.0
2022-07-19 13:30:00-04:00,22.534700393676758,22.68000030517578,22.479999542236328,22.530000686645508,14018,0.0,0.0
2022-07-19 14:30:00-04:00,22.50029945373535,22.719999313354492,22.5,22.639999389648438,18003,0.0,0.0
2022-07-19 15:30:00-04:00,22.614999771118164,22.639999389648438,22.479999542236328,22.510000228881836,31750,0.0,0.0
2022-07-20 09:30:00-04:00,22.75,22.75,22.34000015258789,22.520000457763672,8943,0.0,0.0
2022-07-20 10:30:00-04:00,22.5,22.729999542236328,22.5,22.729999542236328,14301,0.0,0.0
2022-07-20 11:30:00-04:00,22.739999771118164,22.889999389648438,22.729999542236328,22.76449966430664,10427,0.0,0.0
2022-07-20 12:30:00-04:00,22.7898006439209,22.7898006439209,22.59000015258789,22.709999084472656,9905,0.0,0.0
2022-07-20 13:30:00-04:00,22.760000228881836,22.81999969482422,22.735000610351562,22.809999465942383,7376,0.0,0.0
2022-07-20 14:30:00-04:00,22.81999969482422,22.970300674438477,22.809999465942383,22.959999084472656,11464,0.0,0.0
2022-07-20 15:30:00-04:00,22.969999313354492,22.979999542236328,22.81999969482422,22.8700008392334,28509,0.0,0.0
2022-07-21 09:30:00-04:00,22.579999923706055,22.59000015258789,22.18000030517578,22.18000030517578,18432,0.0,0.0
2022-07-21 10:30:00-04:00,22.229999542236328,22.31999969482422,22.190000534057617,22.290000915527344,8723,0.0,0.0
2022-07-21 11:30:00-04:00,22.299999237060547,22.59000015258789,22.290000915527344,22.559999465942383,8859,0.0,0.0
2022-07-21 12:30:00-04:00,22.579999923706055,22.739999771118164,22.579999923706055,22.6200008392334,12363,0.0,0.0
2022-07-21 13:30:00-04:00,22.600000381469727,22.639999389648438,22.399999618530273,22.639999389648438,20534,0.0,0.0
2022-07-21 14:30:00-04:00,22.59000015258789,22.600000381469727,22.420000076293945,22.489999771118164,17499,0.0,0.0
2022-07-21 15:30:00-04:00,22.489999771118164,22.760000228881836,22.489999771118164,22.729999542236328,34369,0.0,0.0
2022-07-22 09:30:00-04:00,22.81999969482422,22.81999969482422,22.450000762939453,22.510000228881836,11182,0.0,0.0
2022-07-22 10:30:00-04:00,22.479999542236328,22.764999389648438,22.450000762939453,22.709999084472656,8799,0.0,0.0
2022-07-22 11:30:00-04:00,22.68000030517578,22.780000686645508,22.52750015258789,22.780000686645508,12326,0.0,0.0
2022-07-22 12:30:00-04:00,22.799999237060547,22.829999923706055,22.6200008392334,22.735000610351562,24069,0.0,0.0
2022-07-22 13:30:00-04:00,22.7549991607666,22.809999465942383,22.700000762939453,22.760000228881836,20325,0.0,0.0
2022-07-22 14:30:00-04:00,22.75,22.829999923706055,22.709999084472656,22.739999771118164,19044,0.0,0.0
2022-07-22 15:30:00-04:00,22.75,23.010000228881836,22.739999771118164,22.979999542236328,34918,0.0,0.0
2022-07-25 09:30:00-04:00,23.040000915527344,23.139999389648438,22.780000686645508,23.06999969482422,10468,0.0,0.0
2022-07-25 10:30:00-04:00,23.020000457763672,23.420000076293945,22.975000381469727,23.360000610351562,24945,0.0,0.0
2022-07-25 11:30:00-04:00,23.420000076293945,23.56999969482422,23.229999542236328,23.260000228881836,19450,0.0,0.0
2022-07-25 12:30:00-04:00,23.239999771118164,23.450000762939453,23.18000030517578,23.344999313354492,22801,0.0,0.0
2022-07-25 13:30:00-04:00,23.34000015258789,23.43000030517578,23.219999313354492,23.280000686645508,26474,0.0,0.0
2022-07-25 14:30:00-04:00,23.299999237060547,23.3799991607666,23.1299991607666,23.290000915527344,30774,0.0,0.0
2022-07-25 15:30:00-04:00,23.239999771118164,23.420000076293945,23.209999084472656,23.389999389648438,41779,0.0,0.0
2022-07-26 09:30:00-04:00,23.329999923706055,23.56999969482422,23.1200008392334,23.424999237060547,13326,0.0,0.0
2022-07-26 10:30:00-04:00,23.420000076293945,23.639999389648438,23.420000076293945,23.575000762939453,12968,0.0,0.0
2022-07-26 11:30:00-04:00,23.575000762939453,23.579999923706055,23.405000686645508,23.46500015258789,16679,0.0,0.0
2022-07-26 12:30:00-04:00,23.489999771118164,23.610000610351562,23.489999771118164,23.610000610351562,8236,0.0,0.0
2022-07-26 13:30:00-04:00,23.600000381469727,23.690000534057617,23.559999465942383,23.584999084472656,12381,0.0,0.0
2022-07-26 14:30:00-04:00,23.594999313354492,23.709999084472656,23.5,23.6200008392334,18351,0.0,0.0
2022-07-26 15:30:00-04:00,23.600000381469727,23.6200008392334,23.479999542236328,23.594999313354492,33291,0.0,0.0
2022-07-27 09:30:00-04:00,23.719999313354492,23.809999465942383,23.56999969482422,23.790000915527344,0,0.0,0.0
2022-07-27 10:30:00-04:00,23.774999618530273,23.985000610351562,23.774999618530273,23.889999389648438,16655,0.0,0.0
2022-07-27 11:30:00-04:00,23.931499481201172,24.020000457763672,23.889999389648438,23.969999313354492,10966,0.0,0.0
2022-07-27 12:30:00-04:00,23.969999313354492,24.09000015258789,23.8799991607666,24.09000015258789,16815,0.0,0.0
2022-07-27 13:30:00-04:00,24.06999969482422,24.450000762939453,24.010000228881836,24.1299991607666,69577,0.0,0.0
2022-07-27 14:30:00-04:00,24.1299991607666,24.389999389648438,24.030000686645508,24.334999084472656,38806,0.0,0.0
2022-07-27 15:30:00-04:00,24.350000381469727,24.360000610351562,24.219999313354492,24.25,39265,0.0,0.0
2022-07-28 09:30:00-04:00,24.450000762939453,24.5,24.218399047851562,24.280000686645508,11491,0.0,0.0
2022-07-28 10:30:00-04:00,24.280000686645508,24.510000228881836,24.270000457763672,24.510000228881836,15498,0.0,0.0
2022-07-28 11:30:00-04:00,24.5,24.610000610351562,24.420000076293945,24.610000610351562,9371,0.0,0.0
2022-07-28 12:30:00-04:00,24.56999969482422,24.8799991607666,24.56999969482422,24.8799991607666,18337,0.0,0.0
2022-07-28 13:30:00-04:00,24.8700008392334,24.8799991607666,24.760000228881836,24.764999389648438,15946,0.0,0.0
2022-07-28 14:30:00-04:00,24.760000228881836,24.829999923706055,24.700000762939453,24.735000610351562,23054,0.0,0.0
2022-07-28 15:30:00-04:00,24.719999313354492,24.8700008392334,24.639999389648438,24.84000015258789,41433,0.0,0.0
2022-07-29 09:30:00-04:00,24.739999771118164,25.170000076293945,24.70009994506836,25.149999618530273,16847,0.0,0.0
2022-07-29 10:30:00-04:00,25.1200008392334,25.209999084472656,24.934999465942383,24.979999542236328,15284,0.0,0.0
2022-07-29 11:30:00-04:00,24.989999771118164,25.010000228881836,24.8700008392334,24.93000030517578,8206,0.0,0.0
2022-07-29 12:30:00-04:00,24.940000534057617,24.950000762939453,24.760000228881836,24.889999389648438,8602,0.0,0.0
2022-07-29 13:30:00-04:00,24.90999984741211,25.084999084472656,24.850000381469727,25.079999923706055,13068,0.0,0.0
2022-07-29 14:30:00-04:00,25.06999969482422,25.170000076293945,25.040000915527344,25.125,20048,0.0,0.0
2022-07-29 15:30:00-04:00,25.1200008392334,25.190000534057617,25.049999237060547,25.139999389648438,48540,0.0,0.0
2022-08-01 09:30:00-04:00,24.770000457763672,25.260000228881836,24.450000762939453,24.989999771118164,18430,0.0,0.0
2022-08-01 10:30:00-04:00,24.989999771118164,25.270000457763672,24.950000762939453,25.15999984741211,13771,0.0,0.0
2022-08-01 11:30:00-04:00,25.139999389648438,25.34000015258789,25.139999389648438,25.27400016784668,17925,0.0,0.0
2022-08-01 12:30:00-04:00,25.280000686645508,25.520000457763672,25.280000686645508,25.389999389648438,19181,0.0,0.0
2022-08-01 13:30:00-04:00,25.3700008392334,25.43000030517578,25.25,25.389999389648438,13772,0.0,0.0
2022-08-01 14:30:00-04:00,25.420000076293945,25.579999923706055,25.350000381469727,25.459999084472656,25203,0.0,0.0
2022-08-01 15:30:00-04:00,25.454999923706055,25.540000915527344,25.43000030517578,25.479999542236328,42372,0.0,0.0
2022-08-02 09:30:00-04:00,25.3799991607666,25.3799991607666,24.950000762939453,25.05500030517578,9755,0.0,0.0
2022-08-02 10:30:00-04:00,25.049999237060547,25.110000610351562,24.969999313354492,25.100000381469727,9628,0.0,0.0
2022-08-02 11:30:00-04:00,25.020000457763672,25.350000381469727,24.985000610351562,25.30500030517578,7492,0.0,0.0
2022-08-02 12:30:00-04:00,25.350000381469727,25.350000381469727,24.950000762939453,24.959999084472656,12244,0.0,0.0
2022-08-02 13:30:00-04:00,24.920000076293945,24.979999542236328,24.833099365234375,24.969999313354492,9854,0.0,0.0
2022-08-02 14:30:00-04:00,24.989999771118164,25.059999465942383,24.90999984741211,24.979999542236328,13554,0.0,0.0
2022-08-02 15:30:00-04:00,24.969999313354492,25.040000915527344,24.81999969482422,24.84000015258789,25288,0.0,0.0
2022-08-03 09:30:00-04:00,24.790000915527344,25.06999969482422,24.59000015258789,24.8700008392334,0,0.0,0.0
2022-08-03 10:30:00-04:00,24.889999389648438,24.989999771118164,24.790000915527344,24.850000381469727,19580,0.0,0.0
2022-08-03 11:30:00-04:00,24.809999465942383,24.950000762939453,24.799999237060547,24.8700008392334,10852,0.0,0.0
2022-08-03 12:30:00-04:00,24.885000228881836,24.940000534057617,24.780000686645508,24.922500610351562,11067,0.0,0.0
2022-08-03 13:30:00-04:00,24.924999237060547,25.170000076293945,24.829999923706055,25.139999389648438,17168,0.0,0.0
2022-08-03 14:30:00-04:00,25.15999984741211,25.290000915527344,25.139999389648438,25.25,25376,0.0,0.0
2022-08-03 15:30:00-04:00,25.229999542236328,25.3700008392334,25.209999084472656,25.3700008392334,45305,0.0,0.0
2022-08-04 09:30:00-04:00,25.100000381469727,25.229999542236328,24.64550018310547,25.03499984741211,13987,0.0,0.0
2022-08-04 10:30:00-04:00,25.149999618530273,25.19499969482422,24.979999542236328,25.168699264526367,12545,0.0,0.0
2022-08-04 11:30:00-04:00,25.270000457763672,25.270000457763672,24.770000457763672,24.850000381469727,11454,0.0,0.0
2022-08-04 12:30:00-04:00,24.760000228881836,25.030000686645508,24.700000762939453,24.969999313354492,20639,0.0,0.0
2022-08-04 13:30:00-04:00,25.010000228881836,25.010000228881836,24.770000457763672,24.90999984741211,17209,0.0,0.0
2022-08-04 14:30:00-04:00,24.920000076293945,25.06999969482422,24.850000381469727,25.06999969482422,20739,0.0,0.0
2022-08-04 15:30:00-04:00,25.049999237060547,25.31999969482422,25.030000686645508,25.31999969482422,51391,0.0,0.0
2022-08-05 09:30:00-04:00,25.0,25.03499984741211,24.1200008392334,24.34000015258789,26906,0.0,0.0
2022-08-05 10:30:00-04:00,24.34000015258789,24.354999542236328,23.621000289916992,23.621000289916992,23915,0.0,0.0
2022-08-05 11:30:00-04:00,23.690000534057617,24.239999771118164,23.59000015258789,24.075000762939453,43536,0.0,0.0
2022-08-05 12:30:00-04:00,24.075000762939453,24.075000762939453,23.760000228881836,23.790000915527344,16923,0.0,0.0
2022-08-05 13:30:00-04:00,23.829999923706055,23.969999313354492,23.709999084472656,23.719999313354492,17804,0.0,0.0
2022-08-05 14:30:00-04:00,23.729999542236328,23.889999389648438,23.6299991607666,23.729999542236328,36805,0.0,0.0
2022-08-05 15:30:00-04:00,23.729999542236328,23.770000457763672,23.5,23.579999923706055,48449,0.0,0.0
2022-08-08 09:30:00-04:00,23.719999313354492,23.90999984741211,23.625,23.625,16299,0.0,0.0
2022-08-08 10:30:00-04:00,23.750600814819336,23.829999923706055,23.56999969482422,23.649999618530273,21814,0.0,0.0
2022-08-08 11:30:00-04:00,23.6200008392334,23.670000076293945,23.420000076293945,23.420000076293945,20602,0.0,0.0
2022-08-08 12:30:00-04:00,23.3700008392334,23.60449981689453,23.299999237060547,23.479999542236328,14846,0.0,0.0
2022-08-08 13:30:00-04:00,23.469999313354492,23.469999313354492,23.280000686645508,23.280000686645508,17983,0.0,0.0
2022-08-08 14:30:00-04:00,23.280000686645508,23.510000228881836,23.219999313354492,23.459999084472656,32429,0.0,0.0
2022-08-08 15:30:00-04:00,23.420000076293945,23.520000457763672,23.290000915527344,23.350000381469727,71749,0.0,0.0
2022-08-09 09:30:00-04:00,23.219999313354492,23.280000686645508,22.81999969482422,23.104999542236328,13156,0.0,0.0
2022-08-09 10:30:00-04:00,23.06999969482422,23.139999389648438,22.799999237060547,22.799999237060547,30504,0.0,0.0
2022-08-09 11:30:00-04:00,22.8125,22.8799991607666,22.65999984741211,22.65999984741211,13977,0.0,0.0
2022-08-09 12:30:00-04:00,22.6299991607666,22.674999237060547,22.520000457763672,22.540000915527344,13635,0.0,0.0
2022-08-09 13:30:00-04:00,22.55500030517578,22.584999084472656,22.389999389648438,22.398000717163086,17352,0.0,0.0
2022-08-09 14:30:00-04:00,22.3799991607666,22.510000228881836,22.31999969482422,22.5,30401,0.0,0.0
2022-08-09 15:30:00-04:00,22.5,22.760000228881836,22.48819923400879,22.760000228881836,56002,0.0,0.0
2022-08-10 09:30:00-04:00,23.34000015258789,23.520000457763672,22.94499969482422,23.260000228881836,0,0.0,0.0
2022-08-10 10:30:00-04:00,23.325000762939453,23.3799991607666,23.06999969482422,23.079999923706055,25693,0.0,0.0
2022-08-10 11:30:00-04:00,23.110000610351562,23.110000610351562,22.809999465942383,22.81999969482422,36417,0.0,0.0
2022-08-10 12:30:00-04:00,22.815000534057617,23.1299991607666,22.809999465942383,23.065000534057617,36536,0.0,0.0
2022-08-10 13:30:00-04:00,23.030000686645508,23.084999084472656,22.959999084472656,22.969999313354492,17759,0.0,0.0
2022-08-10 14:30:00-04:00,22.969999313354492,23.1200008392334,22.969999313354492,23.040000915527344,29257,0.0,0.0
2022-08-10 15:30:00-04:00,23.04990005493164,23.1299991607666,22.950000762939453,22.969999313354492,51062,0.0,0.0
2022-08-11 09:30:00-04:00,23.1200008392334,23.229999542236328,22.920000076293945,23.1200008392334,14167,0.0,0.0
2022-08-11 10:30:00-04:00,23.170000076293945,23.235000610351562,22.959999084472656,23.045000076293945,22822,0.0,0.0
2022-08-11 11:30:00-04:00,23.076400756835938,23.15999984741211,22.9950008392334,23.141000747680664,17593,0.0,0.0
2022-08-11 12:30:00-04:00,23.18000030517578,23.360000610351562,23.149999618530273,23.149999618530273,21618,0.0,0.0
2022-08-11 13:30:00-04:00,23.15999984741211,23.163999557495117,22.92569923400879,23.149999618530273,19561,0.0,0.0
2022-08-11 14:30:00-04:00,23.1299991607666,23.1299991607666,22.889999389648438,22.889999389648438,24929,0.0,0.0
2022-08-11 15:30:00-04:00,22.889999389648438,23.030000686645508,22.8700008392334,23.0,25519,0.0,0.0
2022-08-12 09:30:00-04:00,23.059999465942383,23.18000030517578,22.700000762939453,23.1200008392334,19170,0.0,0.0
2022-08-12 10:30:00-04:00,23.1200008392334,23.299999237060547,22.911300659179688,23.299999237060547,23273,0.0,0.0
2022-08-12 11:30:00-04:00,23.219999313354492,23.239999771118164,23.110000610351562,23.200000762939453,16843,0.0,0.0
2022-08-12 12:30:00-04:00,23.229999542236328,23.229999542236328,23.049999237060547,23.135000228881836,12826,0.0,0.0
2022-08-12 13:30:00-04:00,23.100000381469727,23.200000762939453,23.020000457763672,23.149999618530273,17202,0.0,0.0
2022-08-12 14:30:00-04:00,23.15999984741211,23.209999084472656,23.100000381469727,23.18000030517578,17230,0.0,0.0
2022-08-12 15:30:00-04:00,23.200000762939453,23.309999465942383,23.149999618530273,23.270000457763672,33517,0.0,0.0
2022-08-15 09:30:00-04:00,23.149999618530273,23.190000534057617,22.850000381469727,22.860000610351562,0,0.0,0.0
2022-08-15 10:30:00-04:00,22.860000610351562,23.0,22.815000534057617,22.959999084472656,19211,0.0,0.0
2022-08-15 11:30:00-04:00,22.969999313354492,23.209999084472656,22.969999313354492,23.15999984741211,10836,0.0,0.0
2022-08-15 12:30:00-04:00,23.209999084472656,23.260000228881836,23.1299991607666,23.229999542236328,8749,0.0,0.0
2022-08-15 13:30:00-04:00,23.209999084472656,23.219999313354492,23.1200008392334,23.214599609375,13046,0.0,0.0
2022-08-15 14:30:00-04:00,23.229999542236328,23.299999237060547,23.200000762939453,23.219999313354492,24483,0.0,0.0
2022-08-15 15:30:00-04:00,23.219999313354492,23.350000381469727,23.200000762939453,23.329999923706055,29229,0.0,0.0
2022-08-16 09:30:00-04:00,23.200000762939453,23.389999389648438,23.0,23.280000686645508,13937,0.0,0.0
2022-08-16 10:30:00-04:00,23.270000457763672,23.459999084472656,23.174999237060547,23.440000534057617,17616,0.0,0.0
2022-08-16 11:30:00-04:00,23.420000076293945,23.489999771118164,23.3799991607666,23.43000030517578,11263,0.0,0.0
2022-08-16 12:30:00-04:00,23.440000534057617,23.78499984741211,23.420000076293945,23.78499984741211,26964,0.0,0.0
2022-08-16 13:30:00-04:00,23.795000076293945,23.875,23.760000228881836,23.780000686645508,18669,0.0,0.0
2022-08-16 14:30:00-04:00,23.770000457763672,23.799999237060547,23.65999984741211,23.729999542236328,24568,0.0,0.0
2022-08-16 15:30:00-04:00,23.729999542236328,23.809999465942383,23.68000030517578,23.790000915527344,42639,0.0,0.0
2022-08-17 09:30:00-04:00,23.510000228881836,23.53059959411621,23.229999542236328,23.34000015258789,7982,0.0,0.0
2022-08-17 10:30:00-04:00,23.34000015258789,23.459999084472656,23.299999237060547,23.299999237060547,21824,0.0,0.0
2022-08-17 11:30:00-04:00,23.290000915527344,23.3085994720459,23.100000381469727,23.1200008392334,19421,0.0,0.0
2022-08-17 12:30:00-04:00,23.110000610351562,23.229999542236328,22.989999771118164,23.139999389648438,28896,0.0,0.0
2022-08-17 13:30:00-04:00,23.100000381469727,23.1299991607666,22.90999984741211,23.100000381469727,15196,0.0,0.0
2022-08-17 14:30:00-04:00,23.079999923706055,23.15999984741211,23.020000457763672,23.1200008392334,20746,0.0,0.0
2022-08-17 15:30:00-04:00,23.139999389648438,23.19499969482422,23.100000381469727,23.110000610351562,29067,0.0,0.0
2022-08-18 09:30:00-04:00,22.969999313354492,23.31999969482422,22.969999313354492,23.287200927734375,0,0.0,0.0
2022-08-18 10:30:00-04:00,23.25,23.260000228881836,23.09000015258789,23.219999313354492,17542,0.0,0.0
2022-08-18 11:30:00-04:00,23.219999313354492,23.43000030517578,23.219999313354492,23.360000610351562,17100,0.0,0.0
2022-08-18 12:30:00-04:00,23.329999923706055,23.530000686645508,23.239500045776367,23.5,19533,0.0,0.0
2022-08-18 13:30:00-04:00,23.479999542236328,23.700000762939453,23.389999389648438,23.700000762939453,23292,0.0,0.0
2022-08-18 14:30:00-04:00,23.65999984741211,23.8700008392334,23.530000686645508,23.81999969482422,35416,0.0,0.0
2022-08-18 15:30:00-04:00,23.84000015258789,23.850000381469727,23.739999771118164,23.760000228881836,40224,0.0,0.0
2022-08-19 09:30:00-04:00,23.290000915527344,23.290000915527344,22.75,22.93000030517578,25382,0.0,0.0
2022-08-19 10:30:00-04:00,22.997299194335938,22.997299194335938,22.700000762939453,22.700000762939453,13411,0.0,0.0
2022-08-19 11:30:00-04:00,22.65999984741211,22.790000915527344,22.59000015258789,22.760000228881836,9406,0.0,0.0
2022-08-19 12:30:00-04:00,22.7549991607666,22.8799991607666,22.7549991607666,22.8799991607666,6899,0.0,0.0
2022-08-19 13:30:00-04:00,22.8700008392334,22.93000030517578,22.84000015258789,22.899999618530273,6162,0.0,0.0
2022-08-19 14:30:00-04:00,22.889999389648438,22.889999389648438,22.559999465942383,22.575000762939453,14465,0.0,0.0
2022-08-19 15:30:00-04:00,22.53499984741211,22.68000030517578,22.521400451660156,22.670000076293945,23229,0.0,0.0
2022-08-22 09:30:00-04:00,22.299999237060547,22.450000762939453,21.989999771118164,21.989999771118164,8081,0.0,0.0
2022-08-22 10:30:00-04:00,22.060100555419922,22.260000228881836,22.024999618530273,22.209999084472656,12126,0.0,0.0
2022-08-22 11:30:00-04:00,22.18000030517578,22.209999084472656,22.056499481201172,22.18400001525879,6856,0.0,0.0
2022-08-22 12:30:00-04:00,22.170000076293945,22.190000534057617,22.059999465942383,22.09000015258789,14920,0.0,0.0
2022-08-22 13:30:00-04:00,22.020000457763672,22.020000457763672,21.84000015258789,21.84000015258789,15528,0.0,0.0
2022-08-22 14:30:00-04:00,21.8700008392334,21.8700008392334,21.709999084472656,21.709999084472656,20455,0.0,0.0
2022-08-22 15:30:00-04:00,21.719999313354492,21.850000381469727,21.670000076293945,21.790000915527344,43321,0.0,0.0
2022-08-23 09:30:00-04:00,21.670000076293945,21.979999542236328,21.670000076293945,21.84000015258789,14275,0.0,0.0
2022-08-23 10:30:00-04:00,21.8700008392334,21.90999984741211,21.7450008392334,21.899999618530273,14841,0.0,0.0
2022-08-23 11:30:00-04:00,21.950000762939453,21.989999771118164,21.84000015258789,21.8799991607666,13245,0.0,0.0
2022-08-23 12:30:00-04:00,21.8799991607666,22.0,21.850000381469727,21.93000030517578,15577,0.0,0.0
2022-08-23 13:30:00-04:00,21.93000030517578,21.93000030517578,21.850000381469727,21.899999618530273,15799,0.0,0.0
2022-08-23 14:30:00-04:00,21.899999618530273,21.920000076293945,21.780000686645508,21.895000457763672,26115,0.0,0.0
2022-08-23 15:30:00-04:00,21.899999618530273,21.940000534057617,21.84000015258789,21.895000457763672,51554,0.0,0.0
2022-08-24 09:30:00-04:00,21.75,21.770000457763672,21.549999237060547,21.65999984741211,12962,0.0,0.0
2022-08-24 10:30:00-04:00,21.645000457763672,21.670000076293945,21.510000228881836,21.610000610351562,15492,0.0,0.0
2022-08-24 11:30:00-04:00,21.6200008392334,21.6299991607666,21.56999969482422,21.575000762939453,12398,0.0,0.0
2022-08-24 12:30:00-04:00,21.510000228881836,21.510000228881836,21.31999969482422,21.31999969482422,10896,0.0,0.0
2022-08-24 13:30:00-04:00,21.299999237060547,21.34000015258789,21.219999313354492,21.34000015258789,11544,0.0,0.0
2022-08-24 14:30:00-04:00,21.34000015258789,21.350000381469727,21.100000381469727,21.100000381469727,24450,0.0,0.0
2022-08-24 15:30:00-04:00,21.1200008392334,21.170000076293945,21.040000915527344,21.040000915527344,43209,0.0,0.0
2022-08-25 09:30:00-04:00,21.219999313354492,21.450000762939453,21.06999969482422,21.440000534057617,24023,0.0,0.0
2022-08-25 10:30:00-04:00,21.459999084472656,21.5,21.190000534057617,21.309999465942383,24996,0.0,0.0
2022-08-25 11:30:00-04:00,21.31999969482422,21.34000015258789,21.09000015258789,21.09000015258789,10713,0.0,0.0
2022-08-25 12:30:00-04:00,21.100000381469727,21.139999389648438,20.96339988708496,20.969999313354492,22621,0.0,0.0
2022-08-25 13:30:00-04:00,20.969999313354492,21.000099182128906,20.899999618530273,20.924999237060547,21065,0.0,0.0
2022-08-25 14:30:00-04:00,20.90999984741211,21.094999313354492,20.84000015258789,21.040000915527344,45674,0.0,0.0
2022-08-25 15:30:00-04:00,21.030000686645508,21.06999969482422,20.940000534057617,21.020000457763672,57342,0.0,0.0
2022-08-26 09:30:00-04:00,21.100000381469727,21.25,20.780000686645508,20.78499984741211,27974,0.0,0.0
2022-08-26 10:30:00-04:00,20.75,20.78499984741211,20.530000686645508,20.530000686645508,26467,0.0,0.0
2022-08-26 11:30:00-04:00,20.53499984741211,20.649999618530273,20.46969985961914,20.530000686645508,17552,0.0,0.0
2022-08-26 12:30:00-04:00,20.540000915527344,20.67569923400879,20.520000457763672,20.639999389648438,11492,0.0,0.0
2022-08-26 13:30:00-04:00,20.6200008392334,20.6200008392334,20.459999084472656,20.485000610351562,16507,0.0,0.0
2022-08-26 14:30:00-04:00,20.485000610351562,20.485000610351562,20.2101993560791,20.299999237060547,27444,0.0,0.0
2022-08-26 15:30:00-04:00,20.290000915527344,20.360000610351562,20.170000076293945,20.329999923706055,53451,0.0,0.0
2022-08-29 09:30:00-04:00,20.110000610351562,20.110000610351562,19.924999237060547,20.040000915527344,28496,0.0,0.0
2022-08-29 10:30:00-04:00,20.0,20.200000762939453,19.989999771118164,20.18000030517578,26094,0.0,0.0
2022-08-29 11:30:00-04:00,20.18000030517578,20.229999542236328,20.020000457763672,20.020000457763672,14436,0.0,0.0
2022-08-29 12:30:00-04:00,20.040000915527344,20.06999969482422,19.969999313354492,20.059999465942383,11980,0.0,0.0
2022-08-29 13:30:00-04:00,20.104999542236328,20.270000457763672,20.010000228881836,20.010000228881836,32652,0.0,0.0
2022-08-29 14:30:00-04:00,20.0,20.114999771118164,19.989999771118164,20.024999618530273,27949,0.0,0.0
2022-08-29 15:30:00-04:00,20.030000686645508,20.049999237060547,19.959999084472656,19.989999771118164,45906,0.0,0.0
2022-08-30 09:30:00-04:00,19.959999084472656,20.19499969482422,19.889999389648438,20.030000686645508,45244,0.0,0.0
2022-08-30 10:30:00-04:00,20.030000686645508,20.030000686645508,19.799999237060547,19.979999542236328,17451,0.0,0.0
2022-08-30 11:30:00-04:00,19.979999542236328,20.049999237060547,19.90999984741211,19.90999984741211,15171,0.0,0.0
2022-08-30 12:30:00-04:00,19.924999237060547,19.989999771118164,19.90999984741211,19.94499969482422,23691,0.0,0.0
2022-08-30 13:30:00-04:00,19.94499969482422,20.059999465942383,19.790000915527344,19.950000762939453,51044,0.0,0.0
2022-08-30 14:30:00-04:00,19.959999084472656,20.040000915527344,19.90999984741211,19.90999984741211,32200,0.0,0.0
2022-08-30 15:30:00-04:00,19.90999984741211,19.90999984741211,19.700000762939453,19.809999465942383,100389,0.0,0.0
2022-08-31 09:30:00-04:00,19.790000915527344,20.040000915527344,19.690000534057617,19.709999084472656,37060,0.0,0.0
2022-08-31 10:30:00-04:00,19.709999084472656,19.850000381469727,19.690000534057617,19.75,16094,0.0,0.0
2022-08-31 11:30:00-04:00,19.719999313354492,19.7549991607666,19.530000686645508,19.540000915527344,45589,0.0,0.0
2022-08-31 12:30:00-04:00,19.559999465942383,19.579999923706055,19.469999313354492,19.520000457763672,21299,0.0,0.0
2022-08-31 13:30:00-04:00,19.510000228881836,19.65999984741211,19.469999313354492,19.5,26199,0.0,0.0
2022-08-31 14:30:00-04:00,19.479999542236328,19.510000228881836,19.229999542236328,19.239999771118164,32086,0.0,0.0
2022-08-31 15:30:00-04:00,19.219999313354492,19.31999969482422,19.174999237060547,19.239999771118164,92351,0.0,0.0
2022-09-01 09:30:00-04:00,19.170000076293945,19.468000411987305,19.049999237060547,19.155000686645508,30854,0.0,0.0
2022-09-01 10:30:00-04:00,19.149999618530273,19.174999237060547,19.049999237060547,19.049999237060547,20536,0.0,0.0
2022-09-01 11:30:00-04:00,19.059999465942383,19.395000457763672,19.059999465942383,19.360000610351562,59771,0.0,0.0
2022-09-01 12:30:00-04:00,19.3700008392334,19.3700008392334,19.09000015258789,19.100000381469727,34288,0.0,0.0
2022-09-01 13:30:00-04:00,19.1200008392334,19.270000457763672,19.110000610351562,19.165000915527344,35678,0.0,0.0
2022-09-01 14:30:00-04:00,19.190000534057617,19.219999313354492,19.114999771118164,19.1200008392334,35360,0.0,0.0
2022-09-01 15:30:00-04:00,19.110000610351562,19.200000762939453,19.059999465942383,19.18000030517578,44081,0.0,0.0
2022-09-02 09:30:00-04:00,19.5,19.5,19.140199661254883,19.309999465942383,18322,0.0,0.0
2022-09-02 10:30:00-04:00,19.329999923706055,19.350000381469727,19.030000686645508,19.100000381469727,35397,0.0,0.0
2022-09-02 11:30:00-04:00,19.1200008392334,19.1299991607666,18.93000030517578,18.975000381469727,24425,0.0,0.0
2022-09-02 12:30:00-04:00,18.989999771118164,18.989999771118164,18.489999771118164,18.570899963378906,71147,0.0,0.0
2022-09-02 13:30:00-04:00,18.520000457763672,18.549999237060547,18.31999969482422,18.389999389648438,45749,0.0,0.0
2022-09-02 14:30:00-04:00,18.399999618530273,18.434999465942383,18.219999313354492,18.219999313354492,53314,0.0,0.0
2022-09-02 15:30:00-04:00,18.209999084472656,18.229999542236328,18.100000381469727,18.190000534057617,78734,0.0,0.0
2022-09-06 09:30:00-04:00,18.389999389648438,18.389999389648438,18.0,18.149999618530273,44407,0.0,0.0
2022-09-06 10:30:00-04:00,18.139999389648438,18.3799991607666,18.139999389648438,18.350000381469727,26231,0.0,0.0
2022-09-06 11:30:00-04:00,18.3700008392334,18.80500030517578,18.3700008392334,18.56999969482422,168633,0.0,0.0
2022-09-06 12:30:00-04:00,18.589399337768555,18.614999771118164,18.219999313354492,18.31999969482422,210383,0.0,0.0
2022-09-06 13:30:00-04:00,18.350000381469727,18.510000228881836,18.350000381469727,18.399999618530273,25559,0.0,0.0
2022-09-06 14:30:00-04:00,18.40999984741211,18.40999984741211,18.15999984741211,18.299999237060547,108385,0.0,0.0
2022-09-06 15:30:00-04:00,18.290000915527344,18.40999984741211,18.239999771118164,18.299999237060547,103705,0.0,0.0
2022-09-07 09:30:00-04:00,18.209999084472656,18.219999313354492,17.540000915527344,17.690000534057617,51974,0.0,0.0
2022-09-07 10:30:00-04:00,17.700000762939453,17.864999771118164,17.6299991607666,17.719999313354492,38534,0.0,0.0
2022-09-07 11:30:00-04:00,17.719999313354492,17.809999465942383,17.610000610351562,17.71500015258789,34049,0.0,0.0
2022-09-07 12:30:00-04:00,17.71500015258789,18.15999984741211,17.71500015258789,18.15999984741211,31941,0.0,0.0
2022-09-07 13:30:00-04:00,18.170000076293945,18.260000228881836,18.084999084472656,18.1200008392334,27322,0.0,0.0
2022-09-07 14:30:00-04:00,18.1200008392334,18.3799991607666,18.110000610351562,18.334999084472656,50813,0.0,0.0
2022-09-07 15:30:00-04:00,18.34000015258789,18.479999542236328,18.270000457763672,18.399999618530273,75747,0.0,0.0
2022-09-08 09:30:00-04:00,18.149999618530273,18.200000762939453,17.90999984741211,18.05500030517578,17404,0.0,0.0
2022-09-08 10:30:00-04:00,18.065900802612305,18.299999237060547,18.040000915527344,18.19700050354004,20341,0.0,0.0
2022-09-08 11:30:00-04:00,18.18000030517578,18.25,17.911300659179688,17.969999313354492,18177,0.0,0.0
2022-09-08 12:30:00-04:00,17.934999465942383,18.190000534057617,17.934999465942383,18.170000076293945,19818,0.0,0.0
2022-09-08 13:30:00-04:00,18.15999984741211,18.239999771118164,18.128999710083008,18.21500015258789,18523,0.0,0.0
2022-09-08 14:30:00-04:00,18.21500015258789,18.229999542236328,18.100000381469727,18.229999542236328,37279,0.0,0.0
2022-09-08 15:30:00-04:00,18.209999084472656,18.219999313354492,18.045000076293945,18.15999984741211,45576,0.0,0.0
2022-09-09 09:30:00-04:00,18.420000076293945,18.834999084472656,18.385000228881836,18.834999084472656,20336,0.0,0.0
2022-09-09 10:30:00-04:00,18.795000076293945,18.8700008392334,18.770000457763672,18.8700008392334,16864,0.0,0.0
2022-09-09 11:30:00-04:00,18.889999389648438,19.0,18.790000915527344,18.809999465942383,17665,0.0,0.0
2022-09-09 12:30:00-04:00,18.81999969482422,18.905000686645508,18.760000228881836,18.8799991607666,16062,0.0,0.0
2022-09-09 13:30:00-04:00,18.899999618530273,19.0,18.844999313354492,19.0,12298,0.0,0.0
2022-09-09 14:30:00-04:00,19.030000686645508,19.030000686645508,18.905000686645508,18.959999084472656,16713,0.0,0.0
2022-09-09 15:30:00-04:00,18.940000534057617,18.989999771118164,18.93000030517578,18.950000762939453,27954,0.0,0.0
2022-09-12 09:30:00-04:00,19.280000686645508,19.5,19.25,19.270000457763672,14938,0.0,0.0
2022-09-12 10:30:00-04:00,19.264999389648438,19.264999389648438,19.100000381469727,19.260000228881836,8362,0.0,0.0
2022-09-12 11:30:00-04:00,19.219999313354492,19.219999313354492,19.079999923706055,19.18000030517578,8219,0.0,0.0
2022-09-12 12:30:00-04:00,19.184999465942383,19.260000228881836,19.1200008392334,19.239999771118164,16133,0.0,0.0
2022-09-12 13:30:00-04:00,19.219999313354492,19.469999313354492,19.219999313354492,19.459999084472656,25698,0.0,0.0
2022-09-12 14:30:00-04:00,19.450000762939453,19.56730079650879,19.440000534057617,19.485000610351562,18020,0.0,0.0
2022-09-12 15:30:00-04:00,19.485000610351562,19.639999389648438,19.43000030517578,19.610000610351562,35706,0.0,0.0
2022-09-13 09:30:00-04:00,19.100000381469727,19.454999923706055,19.09000015258789,19.1200008392334,20408,0.0,0.0
2022-09-13 10:30:00-04:00,19.100000381469727,19.149999618530273,19.0,19.09000015258789,14111,0.0,0.0
2022-09-13 11:30:00-04:00,19.09000015258789,19.138999938964844,19.010000228881836,19.040000915527344,9044,0.0,0.0
2022-09-13 12:30:00-04:00,19.0,19.010000228881836,18.8700008392334,18.93000030517578,7242,0.0,0.0
2022-09-13 13:30:00-04:00,18.959999084472656,18.959999084472656,18.795000076293945,18.885000228881836,23073,0.0,0.0
2022-09-13 14:30:00-04:00,18.887500762939453,18.93000030517578,18.530000686645508,18.565000534057617,26507,0.0,0.0
2022-09-13 15:30:00-04:00,18.549999237060547,18.709999084472656,18.440000534057617,18.649999618530273,50432,0.0,0.0
2022-09-14 09:30:00-04:00,18.610000610351562,18.674999237060547,17.82110023498535,17.82110023498535,28075,0.0,0.0
2022-09-14 10:30:00-04:00,17.851200103759766,18.030000686645508,17.75,17.829999923706055,35626,0.0,0.0
2022-09-14 11:30:00-04:00,17.809999465942383,17.96500015258789,17.649599075317383,17.649599075317383,19711,0.0,0.0
2022-09-14 12:30:00-04:00,17.6299991607666,17.829999923706055,17.600000381469727,17.690000534057617,27402,0.0,0.0
2022-09-14 13:30:00-04:00,17.700000762939453,17.729999542236328,17.600000381469727,17.649999618530273,23681,0.0,0.0
2022-09-14 14:30:00-04:00,17.670000076293945,17.68000030517578,17.43000030517578,17.469999313354492,32438,0.0,0.0
2022-09-14 15:30:00-04:00,17.43000030517578,17.565000534057617,17.389999389648438,17.549999237060547,40610,0.0,0.0
2022-09-15 09:30:00-04:00,17.5,17.8700008392334,17.5,17.7549991607666,28830,0.0,0.0
2022-09-15 10:30:00-04:00,17.72909927368164,17.844999313354492,17.670000076293945,17.739999771118164,16513,0.0,0.0
2022-09-15 11:30:00-04:00,17.770000457763672,17.790000915527344,17.68000030517578,17.68000030517578,23134,0.0,0.0
2022-09-15 12:30:00-04:00,17.68000030517578,18.014999389648438,17.68000030517578,17.950000762939453,26021,0.0,0.0
2022-09-15 13:30:00-04:00,17.946199417114258,18.030000686645508,17.850000381469727,17.924999237060547,24591,0.0,0.0
2022-09-15 14:30:00-04:00,17.929500579833984,17.929899215698242,17.709999084472656,17.75,34516,0.0,0.0
2022-09-15 15:30:00-04:00,17.739999771118164,17.8799991607666,17.719999313354492,17.829999923706055,40245,0.0,0.0
2022-09-16 09:30:00-04:00,17.639999389648438,17.93950080871582,17.43000030517578,17.93950080871582,48129,0.0,0.0
2022-09-16 10:30:00-04:00,17.850000381469727,17.864999771118164,17.600000381469727,17.635000228881836,17470,0.0,0.0
2022-09-16 11:30:00-04:00,17.614999771118164,17.729999542236328,17.549999237060547,17.635000228881836,17059,0.0,0.0
2022-09-16 12:30:00-04:00,17.600000381469727,17.700000762939453,17.59000015258789,17.68000030517578,10850,0.0,0.0
2022-09-16 13:30:00-04:00,17.690000534057617,17.809999465942383,17.6299991607666,17.780000686645508,20062,0.0,0.0
2022-09-16 14:30:00-04:00,17.799999237060547,17.959999084472656,17.665000915527344,17.700000762939453,48158,0.0,0.0
2022-09-16 15:30:00-04:00,17.700000762939453,17.850000381469727,17.69499969482422,17.81999969482422,48018,0.0,0.0
2022-09-19 09:30:00-04:00,17.6299991607666,18.139999389648438,17.6299991607666,18.104999542236328,20840,0.0,0.0
2022-09-19 10:30:00-04:00,18.09000015258789,18.09000015258789,17.889999389648438,18.0,18392,0.0,0.0
2022-09-19 11:30:00-04:00,17.950000762939453,17.985000610351562,17.84000015258789,17.84000015258789,13889,0.0,0.0
2022-09-19 12:30:00-04:00,17.829999923706055,17.989999771118164,17.829999923706055,17.94499969482422,24301,0.0,0.0
2022-09-19 13:30:00-04:00,17.9335994720459,17.950000762939453,17.76180076599121,17.81999969482422,17057,0.0,0.0
2022-09-19 14:30:00-04:00,17.84000015258789,17.969999313354492,17.84000015258789,17.90999984741211,32212,0.0,0.0
2022-09-19 15:30:00-04:00,17.905000686645508,18.020000457763672,17.860000610351562,18.0,47105,0.0,0.0
2022-09-20 09:30:00-04:00,17.790000915527344,17.790000915527344,17.479999542236328,17.639999389648438,12377,0.0,0.0
2022-09-20 10:30:00-04:00,17.6299991607666,17.654300689697266,17.559999465942383,17.559999465942383,9734,0.0,0.0
2022-09-20 11:30:00-04:00,17.540000915527344,17.7549991607666,17.469999313354492,17.700000762939453,30966,0.0,0.0
2022-09-20 12:30:00-04:00,17.670000076293945,17.670000076293945,17.5049991607666,17.610000610351562,17860,0.0,0.0
2022-09-20 13:30:00-04:00,17.559999465942383,17.559999465942383,17.489999771118164,17.5,12325,0.0,0.0
2022-09-20 14:30:00-04:00,17.510000228881836,17.56999969482422,17.450000762939453,17.5,26606,0.0,0.0
2022-09-20 15:30:00-04:00,17.489999771118164,17.549999237060547,17.469999313354492,17.489999771118164,52745,0.0,0.0
2022-09-21 09:30:00-04:00,17.440000534057617,17.799999237060547,17.440000534057617,17.760000228881836,14844,0.0,0.0
2022-09-21 10:30:00-04:00,17.760000228881836,17.780000686645508,17.600000381469727,17.700000762939453,7849,0.0,0.0
2022-09-21 11:30:00-04:00,17.780000686645508,17.81999969482422,17.729999542236328,17.81999969482422,7951,0.0,0.0
2022-09-21 12:30:00-04:00,17.799999237060547,17.799999237060547,17.649999618530273,17.649999618530273,14769,0.0,0.0
2022-09-21 13:30:00-04:00,17.639999389648438,17.65999984741211,17.25,17.360000610351562,35741,0.0,0.0
2022-09-21 14:30:00-04:00,17.350000381469727,17.905000686645508,17.329999923706055,17.59000015258789,104895,0.0,0.0
2022-09-21 15:30:00-04:00,17.56999969482422,17.700000762939453,17.56999969482422,17.600000381469727,88705,0.0,0.0
2022-09-22 09:30:00-04:00,17.6299991607666,17.6299991607666,17.40999984741211,17.489999771118164,19325,0.0,0.0
2022-09-22 10:30:00-04:00,17.559999465942383,17.56999969482422,17.420000076293945,17.459999084472656,16419,0.0,0.0
2022-09-22 11:30:00-04:00,17.479999542236328,17.549999237060547,17.420000076293945,17.422800064086914,18449,0.0,0.0
2022-09-22 12:30:00-04:00,17.399999618530273,17.489999771118164,17.350000381469727,17.376699447631836,18450,0.0,0.0
2022-09-22 13:30:00-04:00,17.3799991607666,17.5,17.27750015258789,17.299999237060547,30288,0.0,0.0
2022-09-22 14:30:00-04:00,17.299999237060547,17.389999389648438,17.219999313354492,17.290000915527344,39768,0.0,0.0
2022-09-22 15:30:00-04:00,17.304500579833984,17.399999618530273,17.270000457763672,17.34000015258789,76235,0.0,0.0
2022-09-23 09:30:00-04:00,17.260000228881836,17.520000457763672,17.084999084472656,17.520000457763672,44420,0.0,0.0
2022-09-23 10:30:00-04:00,17.540000915527344,17.719999313354492,17.43000030517578,17.65999984741211,26356,0.0,0.0
2022-09-23 11:30:00-04:00,17.639999389648438,17.719999313354492,17.440000534057617,17.44499969482422,22912,0.0,0.0
2022-09-23 12:30:00-04:00,17.43000030517578,17.530000686645508,17.3700008392334,17.440000534057617,22407,0.0,0.0
2022-09-23 13:30:00-04:00,17.420000076293945,17.434999465942383,17.040000915527344,17.110000610351562,54242,0.0,0.0
2022-09-23 14:30:00-04:00,17.100000381469727,17.100000381469727,16.780000686645508,17.040000915527344,162246,0.0,0.0
2022-09-23 15:30:00-04:00,17.05500030517578,17.18000030517578,16.969999313354492,17.0,142794,0.0,0.0
2022-09-26 09:30:00-04:00,16.969999313354492,17.559999465942383,16.969999313354492,17.434999465942383,93359,0.0,0.0
2022-09-26 10:30:00-04:00,17.40999984741211,17.600000381469727,17.219999313354492,17.489999771118164,88885,0.0,0.0
2022-09-26 11:30:00-04:00,17.5,17.59000015258789,17.450000762939453,17.479999542236328,29858,0.0,0.0
2022-09-26 12:30:00-04:00,17.4950008392334,17.600000381469727,17.450000762939453,17.579999923706055,23992,0.0,0.0
2022-09-26 13:30:00-04:00,17.600000381469727,17.635000228881836,17.489999771118164,17.489999771118164,31451,0.0,0.0
2022-09-26 14:30:00-04:00,17.5,17.790000915527344,17.469999313354492,17.75,54289,0.0,0.0
2022-09-26 15:30:00-04:00,17.729999542236328,17.920000076293945,17.709999084472656,17.780000686645508,72287,0.0,0.0
2022-09-27 09:30:00-04:00,17.959999084472656,18.170000076293945,17.770000457763672,17.850000381469727,74871,0.0,0.0
2022-09-27 10:30:00-04:00,17.850000381469727,18.040000915527344,17.559999465942383,17.559999465942383,54705,0.0,0.0
2022-09-27 11:30:00-04:00,17.549999237060547,17.56999969482422,17.18000030517578,17.43000030517578,54863,0.0,0.0
2022-09-27 12:30:00-04:00,17.479999542236328,17.530000686645508,17.25,17.360000610351562,46701,0.0,0.0
2022-09-27 13:30:00-04:00,17.350000381469727,17.420000076293945,17.229999542236328,17.40999984741211,32968,0.0,0.0
2022-09-27 14:30:00-04:00,17.399999618530273,17.479900360107422,17.200000762939453,17.40999984741211,61105,0.0,0.0
2022-09-27 15:30:00-04:00,17.3799991607666,17.3799991607666,17.270000457763672,17.360000610351562,82220,0.0,0.0
2022-09-28 09:30:00-04:00,17.56999969482422,17.649999618530273,17.360000610351562,17.549999237060547,18429,0.0,0.0
2022-09-28 10:30:00-04:00,17.540000915527344,17.760000228881836,17.440000534057617,17.75,16568,0.0,0.0
2022-09-28 11:30:00-04:00,17.760000228881836,18.020000457763672,17.760000228881836,17.809999465942383,43071,0.0,0.0
2022-09-28 12:30:00-04:00,17.799999237060547,17.8700008392334,17.610000610351562,17.649999618530273,40899,0.0,0.0
2022-09-28 13:30:00-04:00,17.6299991607666,17.760000228881836,17.479999542236328,17.4950008392334,53055,0.0,0.0
2022-09-28 14:30:00-04:00,17.475000381469727,17.724000930786133,17.440000534057617,17.690000534057617,55704,0.0,0.0
2022-09-28 15:30:00-04:00,17.68000030517578,17.854999542236328,17.600000381469727,17.6299991607666,137019,0.0,0.0
2022-09-29 09:30:00-04:00,17.329999923706055,17.510000228881836,17.014999389648438,17.139999389648438,36028,0.0,0.0
2022-09-29 10:30:00-04:00,17.1200008392334,17.3700008392334,17.049999237060547,17.229999542236328,27027,0.0,0.0
2022-09-29 11:30:00-04:00,17.25,17.6200008392334,17.25,17.469999313354492,62565,0.0,0.0
2022-09-29 12:30:00-04:00,17.469999313354492,17.604999542236328,17.469999313354492,17.520000457763672,35042,0.0,0.0
2022-09-29 13:30:00-04:00,17.510000228881836,17.600000381469727,17.239999771118164,17.325000762939453,49051,0.0,0.0
2022-09-29 14:30:00-04:00,17.299999237060547,17.350000381469727,17.149999618530273,17.299999237060547,47095,0.0,0.0
2022-09-29 15:30:00-04:00,17.280000686645508,17.450000762939453,17.280000686645508,17.299999237060547,145115,0.0,0.0
2022-09-30 09:30:00-04:00,17.440000534057617,17.469999313354492,16.670000076293945,16.670000076293945,38052,0.0,0.0
2022-09-30 10:30:00-04:00,16.6200008392334,16.700000762939453,16.469999313354492,16.670000076293945,32507,0.0,0.0
2022-09-30 11:30:00-04:00,16.65999984741211,16.770000457763672,16.575000762939453,16.65999984741211,32328,0.0,0.0
2022-09-30 12:30:00-04:00,16.700000762939453,16.780000686645508,16.6200008392334,16.700000762939453,17485,0.0,0.0
2022-09-30 13:30:00-04:00,16.704999923706055,16.75,16.559999465942383,16.610000610351562,24311,0.0,0.0
2022-09-30 14:30:00-04:00,16.610000610351562,16.739999771118164,16.575000762939453,16.719999313354492,36490,0.0,0.0
2022-09-30 15:30:00-04:00,16.74799919128418,16.829999923706055,16.600000381469727,16.690000534057617,114115,0.0,0.0
2022-10-03 09:30:00-04:00,16.889999389648438,16.950000762939453,16.145000457763672,16.584999084472656,52462,0.0,0.0
2022-10-03 10:30:00-04:00,16.639999389648438,16.850000381469727,16.6200008392334,16.829999923706055,43504,0.0,0.0
2022-10-03 11:30:00-04:00,16.8799991607666,16.8799991607666,16.719999313354492,16.790000915527344,22428,0.0,0.0
2022-10-03 12:30:00-04:00,16.780000686645508,16.950000762939453,16.739999771118164,16.860000610351562,22870,0.0,0.0
2022-10-03 13:30:00-04:00,16.875,17.040000915527344,16.860000610351562,17.040000915527344,25034,0.0,0.0
2022-10-03 14:30:00-04:00,17.049999237060547,17.100000381469727,16.989999771118164,17.09000015258789,29138,0.0,0.0
2022-10-03 15:30:00-04:00,17.06999969482422,17.079999923706055,16.889999389648438,16.940000534057617,60836,0.0,0.0
2022-10-04 09:30:00-04:00,17.190000534057617,17.93000030517578,17.190000534057617,17.8799991607666,38834,0.0,0.0
2022-10-04 10:30:00-04:00,17.950000762939453,18.139999389648438,17.93000030517578,18.1200008392334,28968,0.0,0.0
2022-10-04 11:30:00-04:00,18.100000381469727,18.139999389648438,17.920000076293945,18.045000076293945,20176,0.0,0.0
2022-10-04 12:30:00-04:00,18.049999237060547,18.059999465942383,17.610000610351562,17.610000610351562,21478,0.0,0.0
2022-10-04 13:30:00-04:00,17.68000030517578,17.84000015258789,17.639999389648438,17.69499969482422,43668,0.0,0.0
2022-10-04 14:30:00-04:00,17.75,17.780000686645508,17.610000610351562,17.704999923706055,40679,0.0,0.0
2022-10-04 15:30:00-04:00,17.700000762939453,17.8700008392334,17.690000534057617,17.84000015258789,46054,0.0,0.0
2022-10-05 09:30:00-04:00,17.459999084472656,17.815000534057617,17.389999389648438,17.399999618530273,17441,0.0,0.0
2022-10-05 10:30:00-04:00,17.34000015258789,17.520000457763672,17.31999969482422,17.454999923706055,28637,0.0,0.0
2022-10-05 11:30:00-04:00,17.479999542236328,17.610000610351562,17.399900436401367,17.579999923706055,13199,0.0,0.0
2022-10-05 12:30:00-04:00,17.56999969482422,17.670000076293945,17.549999237060547,17.625,17956,0.0,0.0
2022-10-05 13:30:00-04:00,17.639999389648438,17.760000228881836,17.59000015258789,17.760000228881836,14319,0.0,0.0
2022-10-05 14:30:00-04:00,17.739999771118164,17.959999084472656,17.655000686645508,17.84000015258789,24635,0.0,0.0
2022-10-05 15:30:00-04:00,17.850000381469727,17.8799991607666,17.809999465942383,17.84000015258789,35537,0.0,0.0
2022-10-06 09:30:00-04:00,17.649999618530273,17.69499969482422,16.969999313354492,17.149999618530273,33093,0.0,0.0
2022-10-06 10:30:00-04:00,17.139999389648438,17.30500030517578,17.079999923706055,17.30500030517578,27170,0.0,0.0
2022-10-06 11:30:00-04:00,17.290000915527344,17.309999465942383,17.1200008392334,17.309999465942383,15831,0.0,0.0
2022-10-06 12:30:00-04:00,17.280000686645508,17.290000915527344,17.18000030517578,17.280000686645508,9371,0.0,0.0
2022-10-06 13:30:00-04:00,17.25,17.31999969482422,17.149999618530273,17.25,17344,0.0,0.0
2022-10-06 14:30:00-04:00,17.270000457763672,17.31999969482422,17.229999542236328,17.31999969482422,15843,0.0,0.0
2022-10-06 15:30:00-04:00,17.329999923706055,17.329999923706055,17.18000030517578,17.209999084472656,22742,0.0,0.0
2022-10-07 09:30:00-04:00,16.979999542236328,17.010000228881836,16.5,16.5,39552,0.0,0.0
2022-10-07 10:30:00-04:00,16.510000228881836,16.540000915527344,16.3700008392334,16.3700008392334,30427,0.0,0.0
2022-10-07 11:30:00-04:00,16.361499786376953,16.389999389648438,16.260000228881836,16.299999237060547,43987,0.0,0.0
2022-10-07 12:30:00-04:00,16.290000915527344,16.700000762939453,16.274999618530273,16.6200008392334,65712,0.0,0.0
2022-10-07 13:30:00-04:00,16.579999923706055,16.68000030517578,16.520000457763672,16.59000015258789,60873,0.0,0.0
2022-10-07 14:30:00-04:00,16.59000015258789,16.610000610351562,16.469999313354492,16.5049991607666,41356,0.0,0.0
2022-10-07 15:30:00-04:00,16.5049991607666,16.639999389648438,16.489999771118164,16.56999969482422,73847,0.0,0.0
2022-10-10 09:30:00-04:00,16.559999465942383,16.860000610351562,16.450000762939453,16.530000686645508,21547,0.0,0.0
2022-10-10 10:30:00-04:00,16.545000076293945,16.56999969482422,16.25,16.25,14782,0.0,0.0
2022-10-10 11:30:00-04:00,16.25,16.360000610351562,16.149999618530273,16.15999984741211,17289,0.0,0.0
2022-10-10 12:30:00-04:00,16.170000076293945,16.239999771118164,16.132999420166016,16.18000030517578,19828,0.0,0.0
2022-10-10 13:30:00-04:00,16.200000762939453,16.600000381469727,16.18000030517578,16.565000534057617,57498,0.0,0.0
2022-10-10 14:30:00-04:00,16.575000762939453,16.6200008392334,16.489999771118164,16.56999969482422,47953,0.0,0.0
2022-10-10 15:30:00-04:00,16.559999465942383,16.614999771118164,16.549999237060547,16.56999969482422,36401,0.0,0.0
2022-10-11 09:30:00-04:00,16.469999313354492,16.489999771118164,16.25,16.440000534057617,12862,0.0,0.0
2022-10-11 10:30:00-04:00,16.479999542236328,16.56999969482422,16.389999389648438,16.545000076293945,12253,0.0,0.0
2022-10-11 11:30:00-04:00,16.559999465942383,16.639999389648438,16.510000228881836,16.6200008392334,11050,0.0,0.0
2022-10-11 12:30:00-04:00,16.639999389648438,16.71500015258789,16.6200008392334,16.639999389648438,13618,0.0,0.0
2022-10-11 13:30:00-04:00,16.65999984741211,16.709999084472656,16.600000381469727,16.68000030517578,14196,0.0,0.0
2022-10-11 14:30:00-04:00,16.709999084472656,16.729999542236328,16.329999923706055,16.420000076293945,25313,0.0,0.0
2022-10-11 15:30:00-04:00,16.420000076293945,16.639999389648438,16.40999984741211,16.559999465942383,50472,0.0,0.0
2022-10-12 09:30:00-04:00,16.530000686645508,16.530000686645508,16.329999923706055,16.329999923706055,11331,0.0,0.0
2022-10-12 10:30:00-04:00,16.34000015258789,16.360000610351562,16.209999084472656,16.239900588989258,9543,0.0,0.0
2022-10-12 11:30:00-04:00,16.200000762939453,16.40999984741211,16.190000534057617,16.299999237060547,12706,0.0,0.0
2022-10-12 12:30:00-04:00,16.299999237060547,16.309999465942383,16.219999313354492,16.239999771118164,9131,0.0,0.0
2022-10-12 13:30:00-04:00,16.229999542236328,16.3799991607666,16.149999618530273,16.364999771118164,15606,0.0,0.0
2022-10-12 14:30:00-04:00,16.364999771118164,16.3700008392334,16.219999313354492,16.25,17177,0.0,0.0
2022-10-12 15:30:00-04:00,16.25,16.309999465942383,16.149999618530273,16.18000030517578,33062,0.0,0.0
2022-10-13 09:30:00-04:00,15.920000076293945,16.31999969482422,15.739999771118164,16.200000762939453,51961,0.0,0.0
2022-10-13 10:30:00-04:00,16.170000076293945,16.56999969482422,16.139299392700195,16.549999237060547,19826,0.0,0.0
2022-10-13 11:30:00-04:00,16.520000457763672,16.770000457763672,16.520000457763672,16.621000289916992,18791,0.0,0.0
2022-10-13 12:30:00-04:00,16.6200008392334,16.760000228881836,16.6200008392334,16.75,25984,0.0,0.0
2022-10-13 13:30:00-04:00,16.75,16.780000686645508,16.59000015258789,16.59000015258789,32772,0.0,0.0
2022-10-13 14:30:00-04:00,16.600000381469727,16.689899444580078,16.479999542236328,16.510000228881836,72322,0.0,0.0
2022-10-13 15:30:00-04:00,16.530000686645508,16.530000686645508,16.420000076293945,16.459999084472656,99940,0.0,0.0
2022-10-14 09:30:00-04:00,16.559999465942383,16.700000762939453,16.229999542236328,16.260000228881836,29026,0.0,0.0
2022-10-14 10:30:00-04:00,16.270000457763672,16.350000381469727,16.139999389648438,16.239999771118164,13345,0.0,0.0
2022-10-14 11:30:00-04:00,16.209999084472656,16.209999084472656,15.859999656677246,15.925000190734863,26378,0.0,0.0
2022-10-14 12:30:00-04:00,15.970000267028809,16.049999237060547,15.859999656677246,15.890000343322754,15661,0.0,0.0
2022-10-14 13:30:00-04:00,15.899999618530273,15.920000076293945,15.760000228881836,15.789999961853027,34445,0.0,0.0
2022-10-14 14:30:00-04:00,15.760000228881836,15.84000015258789,15.710000038146973,15.829999923706055,59511,0.0,0.0
2022-10-14 15:30:00-04:00,15.824999809265137,15.84000015258789,15.739999771118164,15.789999961853027,68525,0.0,0.0
2022-10-17 09:30:00-04:00,16.190000534057617,16.510000228881836,16.15999984741211,16.489999771118164,38307,0.0,0.0
2022-10-17 10:30:00-04:00,16.479999542236328,16.520000457763672,16.3700008392334,16.510000228881836,20601,0.0,0.0
2022-10-17 11:30:00-04:00,16.510000228881836,16.520000457763672,16.270000457763672,16.270000457763672,19837,0.0,0.0
2022-10-17 12:30:00-04:00,16.270000457763672,16.354999542236328,16.239999771118164,16.329999923706055,28505,0.0,0.0
2022-10-17 13:30:00-04:00,16.34000015258789,16.450000762939453,16.299999237060547,16.329999923706055,39946,0.0,0.0
2022-10-17 14:30:00-04:00,16.350000381469727,16.440000534057617,16.309999465942383,16.3700008392334,41516,0.0,0.0
2022-10-17 15:30:00-04:00,16.3700008392334,16.420000076293945,16.31999969482422,16.3700008392334,42701,0.0,0.0
2022-10-18 09:30:00-04:00,16.600000381469727,16.979999542236328,16.600000381469727,16.71500015258789,22660,0.0,0.0
2022-10-18 10:30:00-04:00,16.645000457763672,16.825000762939453,16.598499298095703,16.739999771118164,27678,0.0,0.0
2022-10-18 11:30:00-04:00,16.719999313354492,16.832500457763672,16.690000534057617,16.780000686645508,21656,0.0,0.0
2022-10-18 12:30:00-04:00,16.78499984741211,16.8700008392334,16.739999771118164,16.84000015258789,16503,0.0,0.0
2022-10-18 13:30:00-04:00,16.854999542236328,16.93000030517578,16.799999237060547,16.84000015258789,25405,0.0,0.0
2022-10-18 14:30:00-04:00,16.834999084472656,16.834999084472656,16.639999389648438,16.700000762939453,22243,0.0,0.0
2022-10-18 15:30:00-04:00,16.719999313354492,16.770000457763672,16.68000030517578,16.700000762939453,47791,0.0,0.0
2022-10-19 09:30:00-04:00,16.59000015258789,16.75,16.479999542236328,16.5049991607666,9398,0.0,0.0
2022-10-19 10:30:00-04:00,16.579999923706055,16.610000610351562,16.469999313354492,16.479999542236328,15109,0.0,0.0
2022-10-19 11:30:00-04:00,16.475000381469727,16.559999465942383,16.360000610351562,16.364999771118164,9153,0.0,0.0
2022-10-19 12:30:00-04:00,16.350000381469727,16.350000381469727,16.020000457763672,16.103500366210938,22528,0.0,0.0
2022-10-19 13:30:00-04:00,16.1200008392334,16.239999771118164,16.049999237060547,16.229999542236328,16732,0.0,0.0
2022-10-19 14:30:00-04:00,16.239999771118164,16.3700008392334,16.170000076293945,16.270000457763672,19495,0.0,0.0
2022-10-19 15:30:00-04:00,16.270000457763672,16.31999969482422,16.25,16.299999237060547,39167,0.0,0.0
2022-10-20 09:30:00-04:00,16.280000686645508,16.475000381469727,16.18000030517578,16.325000762939453,15358,0.0,0.0
2022-10-20 10:30:00-04:00,16.325000762939453,16.325000762939453,16.030000686645508,16.059999465942383,10835,0.0,0.0
2022-10-20 11:30:00-04:00,16.06999969482422,16.100000381469727,15.710000038146973,15.75,15992,0.0,0.0
2022-10-20 12:30:00-04:00,15.770000457763672,15.770000457763672,15.625,15.65999984741211,27612,0.0,0.0
2022-10-20 13:30:00-04:00,15.649999618530273,15.649999618530273,15.550000190734863,15.550000190734863,15773,0.0,0.0
2022-10-20 14:30:00-04:00,15.539999961853027,15.619999885559082,15.479999542236328,15.5,26900,0.0,0.0
2022-10-20 15:30:00-04:00,15.479999542236328,15.550000190734863,15.460000038146973,15.5,41581,0.0,0.0
2022-10-21 09:30:00-04:00,15.5600004196167,15.800000190734863,15.29800033569336,15.49470043182373,42984,0.0,0.0
2022-10-21 10:30:00-04:00,15.489999771118164,15.600000381469727,15.390000343322754,15.539999961853027,16812,0.0,0.0
2022-10-21 11:30:00-04:00,15.5600004196167,15.6899995803833,15.520000457763672,15.654999732971191,22617,0.0,0.0
2022-10-21 12:30:00-04:00,15.680000305175781,15.859999656677246,15.65999984741211,15.75,19949,0.0,0.0
2022-10-21 13:30:00-04:00,15.779999732971191,15.819999694824219,15.744999885559082,15.774999618530273,18417,0.0,0.0
2022-10-21 14:30:00-04:00,15.774999618530273,15.890000343322754,15.739999771118164,15.859999656677246,21461,0.0,0.0
2022-10-21 15:30:00-04:00,15.869999885559082,15.890000343322754,15.789999961853027,15.859999656677246,45583,0.0,0.0
2022-10-24 09:30:00-04:00,16.040000915527344,16.1299991607666,15.75,15.84000015258789,32924,0.0,0.0
2022-10-24 10:30:00-04:00,15.84000015258789,16.079999923706055,15.84000015258789,16.079999923706055,47253,0.0,0.0
2022-10-24 11:30:00-04:00,16.1200008392334,16.260000228881836,16.1200008392334,16.260000228881836,19157,0.0,0.0
2022-10-24 12:30:00-04:00,16.290000915527344,16.31999969482422,16.020000457763672,16.100000381469727,22653,0.0,0.0
2022-10-24 13:30:00-04:00,16.100000381469727,16.309999465942383,15.970000267028809,16.229999542236328,43967,0.0,0.0
2022-10-24 14:30:00-04:00,16.229999542236328,16.25,16.100000381469727,16.1200008392334,47238,0.0,0.0
2022-10-24 15:30:00-04:00,16.110000610351562,16.145000457763672,16.049999237060547,16.079999923706055,32090,0.0,0.0
2022-10-25 09:30:00-04:00,16.139999389648438,16.31999969482422,15.925000190734863,16.30500030517578,23489,0.0,0.0
2022-10-25 10:30:00-04:00,16.280000686645508,16.579999923706055,16.239999771118164,16.56999969482422,26871,0.0,0.0
2022-10-25 11:30:00-04:00,16.56999969482422,16.950000762939453,16.540000915527344,16.850000381469727,40804,0.0,0.0
2022-10-25 12:30:00-04:00,16.850000381469727,16.90999984741211,16.700000762939453,16.829999923706055,26431,0.0,0.0
2022-10-25 13:30:00-04:00,16.829999923706055,16.96299934387207,16.829999923706055,16.8799991607666,23042,0.0,0.0
2022-10-25 14:30:00-04:00,16.899999618530273,17.020000457763672,16.8700008392334,16.969999313354492,34433,0.0,0.0
2022-10-25 15:30:00-04:00,16.985000610351562,16.985000610351562,16.920000076293945,16.959999084472656,43272,0.0,0.0
2022-10-26 09:30:00-04:00,17.049999237060547,17.350000381469727,16.790000915527344,17.350000381469727,27913,0.0,0.0
2022-10-26 10:30:00-04:00,17.31999969482422,17.670000076293945,17.260000228881836,17.639999389648438,32775,0.0,0.0
2022-10-26 11:30:00-04:00,17.6200008392334,17.760000228881836,17.559999465942383,17.700000762939453,16786,0.0,0.0
2022-10-26 12:30:00-04:00,17.709999084472656,17.780000686645508,17.530000686645508,17.565000534057617,45993,0.0,0.0
2022-10-26 13:30:00-04:00,17.549999237060547,17.68000030517578,17.479999542236328,17.520000457763672,24964,0.0,0.0
2022-10-26 14:30:00-04:00,17.510000228881836,17.530000686645508,17.270000457763672,17.299999237060547,33994,0.0,0.0
2022-10-26 15:30:00-04:00,17.280000686645508,17.34000015258789,17.100000381469727,17.139999389648438,48602,0.0,0.0
2022-10-27 09:30:00-04:00,17.40999984741211,17.639999389648438,17.299999237060547,17.600000381469727,15064,0.0,0.0
2022-10-27 10:30:00-04:00,17.59000015258789,17.739999771118164,17.5,17.610000610351562,17662,0.0,0.0
2022-10-27 11:30:00-04:00,17.540000915527344,17.809999465942383,17.540000915527344,17.690000534057617,36185,0.0,0.0
2022-10-27 12:30:00-04:00,17.684999465942383,17.90999984741211,17.684999465942383,17.850000381469727,26767,0.0,0.0
2022-10-27 13:30:00-04:00,17.81999969482422,17.8799991607666,17.739999771118164,17.772899627685547,25396,0.0,0.0
2022-10-27 14:30:00-04:00,17.780000686645508,17.780000686645508,17.490100860595703,17.520000457763672,20609,0.0,0.0
2022-10-27 15:30:00-04:00,17.514999389648438,17.545000076293945,17.389999389648438,17.479999542236328,41859,0.0,0.0
2022-10-28 09:30:00-04:00,17.610000610351562,17.860000610351562,17.56999969482422,17.760000228881836,18417,0.0,0.0
2022-10-28 10:30:00-04:00,17.7549991607666,17.989999771118164,17.739999771118164,17.899999618530273,11989,0.0,0.0
2022-10-28 11:30:00-04:00,17.920000076293945,18.100000381469727,17.920000076293945,18.079999923706055,18926,0.0,0.0
2022-10-28 12:30:00-04:00,18.110000610351562,18.170000076293945,18.06999969482422,18.084999084472656,19085,0.0,0.0
2022-10-28 13:30:00-04:00,18.079999923706055,18.239999771118164,18.049999237060547,18.170000076293945,21712,0.0,0.0
2022-10-28 14:30:00-04:00,18.15999984741211,18.3700008392334,18.139999389648438,18.329999923706055,39284,0.0,0.0
2022-10-28 15:30:00-04:00,18.329999923706055,18.350000381469727,18.18000030517578,18.190000534057617,48146,0.0,0.0
2022-10-31 09:30:00-04:00,17.959999084472656,18.309999465942383,17.829999923706055,18.309999465942383,32475,0.0,0.0
2022-10-31 10:30:00-04:00,18.31999969482422,18.530000686645508,18.309999465942383,18.520000457763672,23109,0.0,0.0
2022-10-31 11:30:00-04:00,18.540000915527344,18.68000030517578,18.459999084472656,18.6200008392334,36559,0.0,0.0
2022-10-31 12:30:00-04:00,18.540000915527344,18.540000915527344,18.364999771118164,18.510000228881836,14444,0.0,0.0
2022-10-31 13:30:00-04:00,18.510000228881836,18.600000381469727,18.3700008392334,18.3799991607666,18386,0.0,0.0
2022-10-31 14:30:00-04:00,18.420000076293945,18.5,18.389999389648438,18.459999084472656,19848,0.0,0.0
2022-10-31 15:30:00-04:00,18.440000534057617,18.485000610351562,18.34000015258789,18.399999618530273,40562,0.0,0.0
2022-11-01 09:30:00-04:00,18.639999389648438,18.75,18.459999084472656,18.68000030517578,11729,0.0,0.0
2022-11-01 10:30:00-04:00,18.700000762939453,18.770000457763672,18.56999969482422,18.600000381469727,15814,0.0,0.0
2022-11-01 11:30:00-04:00,18.559999465942383,18.600000381469727,18.459999084472656,18.56999969482422,16212,0.0,0.0
2022-11-01 12:30:00-04:00,18.59000015258789,18.75,18.559999465942383,18.700000762939453,25487,0.0,0.0
2022-11-01 13:30:00-04:00,18.739999771118164,18.84000015258789,18.610000610351562,18.610000610351562,27533,0.0,0.0
2022-11-01 14:30:00-04:00,18.639999389648438,18.65999984741211,18.530000686645508,18.530000686645508,20549,0.0,0.0
2022-11-01 15:30:00-04:00,18.540000915527344,18.645000457763672,18.530000686645508,18.56999969482422,46894,0.0,0.0
2022-11-02 09:30:00-04:00,18.489999771118164,18.56999969482422,18.270000457763672,18.290000915527344,13215,0.0,0.0
2022-11-02 10:30:00-04:00,18.329999923706055,18.329999923706055,18.15999984741211,18.170000076293945,25652,0.0,0.0
2022-11-02 11:30:00-04:00,18.149999618530273,18.149999618530273,17.889999389648438,18.0,20708,0.0,0.0
2022-11-02 12:30:00-04:00,17.959999084472656,18.100000381469727,17.920000076293945,17.989999771118164,12340,0.0,0.0
2022-11-02 13:30:00-04:00,17.98509979248047,18.389999389648438,17.864999771118164,18.34000015258789,36343,0.0,0.0
2022-11-02 14:30:00-04:00,18.3799991607666,18.40999984741211,17.6299991607666,17.670000076293945,41956,0.0,0.0
2022-11-02 15:30:00-04:00,17.649999618530273,17.75,17.6200008392334,17.6299991607666,39630,0.0,0.0
2022-11-03 09:30:00-04:00,18.549999237060547,18.65999984741211,17.719999313354492,18.170000076293945,61171,0.0,0.0
2022-11-03 10:30:00-04:00,18.170000076293945,18.299999237060547,17.799999237060547,18.18000030517578,38265,0.0,0.0
2022-11-03 11:30:00-04:00,18.16510009765625,18.209999084472656,18.114999771118164,18.18000030517578,11006,0.0,0.0
2022-11-03 12:30:00-04:00,18.200000762939453,18.350000381469727,18.139999389648438,18.280000686645508,39407,0.0,0.0
2022-11-03 13:30:00-04:00,18.260000228881836,18.65999984741211,18.219999313354492,18.475000381469727,28313,0.0,0.0
2022-11-03 14:30:00-04:00,18.475000381469727,18.520000457763672,18.3700008392334,18.485000610351562,36858,0.0,0.0
2022-11-03 15:30:00-04:00,18.485000610351562,18.5,18.31999969482422,18.3700008392334,41454,0.0,0.0
2022-11-04 09:30:00-04:00,18.459999084472656,19.360000610351562,18.36009979248047,19.350000381469727,22137,0.0,0.0
2022-11-04 10:30:00-04:00,19.350000381469727,19.5,19.15999984741211,19.165000915527344,24448,0.0,0.0
2022-11-04 11:30:00-04:00,19.200000762939453,19.200000762939453,18.709999084472656,18.860000610351562,17648,0.0,0.0
2022-11-04 12:30:00-04:00,18.790000915527344,18.90999984741211,18.670000076293945,18.739999771118164,17036,0.0,0.0
2022-11-04 13:30:00-04:00,18.719999313354492,18.790000915527344,18.65999984741211,18.764999389648438,19172,0.0,0.0
2022-11-04 14:30:00-04:00,18.770000457763672,19.040000915527344,18.75,19.020000457763672,28401,0.0,0.0
2022-11-04 15:30:00-04:00,19.020000457763672,19.100000381469727,18.979999542236328,19.06999969482422,35046,0.0,0.0
2022-11-07 09:30:00-05:00,19.219999313354492,19.489999771118164,18.690000534057617,18.700000762939453,23480,0.0,0.0
2022-11-07 10:30:00-05:00,18.729999542236328,18.989999771118164,18.719999313354492,18.989999771118164,29459,0.0,0.0
2022-11-07 11:30:00-05:00,18.989999771118164,19.010000228881836,18.8700008392334,18.969999313354492,16695,0.0,0.0
2022-11-07 12:30:00-05:00,18.985000610351562,19.139999389648438,18.93000030517578,19.110000610351562,11042,0.0,0.0
2022-11-07 13:30:00-05:00,19.1200008392334,19.290000915527344,19.100000381469727,19.18000030517578,23371,0.0,0.0
2022-11-07 14:30:00-05:00,19.18000030517578,19.229999542236328,19.110000610351562,19.190000534057617,32301,0.0,0.0
2022-11-07 15:30:00-05:00,19.190000534057617,19.21500015258789,19.149999618530273,19.200000762939453,34087,0.0,0.0
2022-11-08 09:30:00-05:00,19.270000457763672,19.354999542236328,18.59000015258789,18.899999618530273,25127,0.0,0.0
2022-11-08 10:30:00-05:00,18.90999984741211,19.1299991607666,18.8799991607666,19.100000381469727,23334,0.0,0.0
2022-11-08 11:30:00-05:00,19.1299991607666,19.31999969482422,19.09000015258789,19.31999969482422,18991,0.0,0.0
2022-11-08 12:30:00-05:00,19.299999237060547,19.50469970703125,19.280000686645508,19.299999237060547,56646,0.0,0.0
2022-11-08 13:30:00-05:00,19.260000228881836,19.350000381469727,19.145000457763672,19.145000457763672,41709,0.0,0.0
2022-11-08 14:30:00-05:00,19.125,19.450000762939453,19.125,19.450000762939453,71479,0.0,0.0
2022-11-08 15:30:00-05:00,19.450000762939453,19.524999618530273,19.43000030517578,19.489999771118164,50007,0.0,0.0
2022-11-09 09:30:00-05:00,19.299999237060547,19.299999237060547,18.920000076293945,18.940000534057617,14289,0.0,0.0
2022-11-09 10:30:00-05:00,18.93000030517578,19.020000457763672,18.860000610351562,19.020000457763672,9883,0.0,0.0
2022-11-09 11:30:00-05:00,18.989999771118164,19.139999389648438,18.989999771118164,19.0,6620,0.0,0.0
2022-11-09 12:30:00-05:00,18.954999923706055,19.0,18.809999465942383,18.809999465942383,14306,0.0,0.0
2022-11-09 13:30:00-05:00,18.760000228881836,18.829999923706055,18.729999542236328,18.729999542236328,16854,0.0,0.0
2022-11-09 14:30:00-05:00,18.729999542236328,18.729999542236328,18.579999923706055,18.600000381469727,19455,0.0,0.0
2022-11-09 15:30:00-05:00,18.594999313354492,18.770000457763672,18.572599411010742,18.739999771118164,36511,0.0,0.0
2022-11-10 09:30:00-05:00,19.600000381469727,20.100000381469727,19.5049991607666,20.046600341796875,20402,0.0,0.0
2022-11-10 10:30:00-05:00,20.09000015258789,20.09000015258789,19.889999389648438,19.93000030517578,24299,0.0,0.0
2022-11-10 11:30:00-05:00,19.940000534057617,19.969999313354492,19.719999313354492,19.809999465942383,15554,0.0,0.0
2022-11-10 12:30:00-05:00,19.815000534057617,19.90999984741211,19.729999542236328,19.889999389648438,15575,0.0,0.0
2022-11-10 13:30:00-05:00,19.889999389648438,20.0,19.790000915527344,19.81999969482422,28859,0.0,0.0
2022-11-10 14:30:00-05:00,19.809999465942383,19.875,19.719999313354492,19.850000381469727,21140,0.0,0.0
2022-11-10 15:30:00-05:00,19.850000381469727,19.860000610351562,19.760000228881836,19.809999465942383,38396,0.0,0.0
2022-11-11 09:30:00-05:00,19.940000534057617,20.524999618530273,19.690000534057617,20.260000228881836,59239,0.0,0.0
2022-11-11 10:30:00-05:00,20.219999313354492,20.420000076293945,20.145000457763672,20.3700008392334,16736,0.0,0.0
2022-11-11 11:30:00-05:00,20.389999389648438,20.40999984741211,20.030000686645508,20.315000534057617,22953,0.0,0.0
2022-11-11 12:30:00-05:00,20.31999969482422,20.399999618530273,20.229999542236328,20.399999618530273,19136,0.0,0.0
2022-11-11 13:30:00-05:00,20.479999542236328,20.719999313354492,20.459999084472656,20.709999084472656,27469,0.0,0.0
2022-11-11 14:30:00-05:00,20.709999084472656,20.709999084472656,20.3700008392334,20.389999389648438,52297,0.0,0.0
2022-11-11 15:30:00-05:00,20.364999771118164,20.364999771118164,20.190000534057617,20.270000457763672,38339,0.0,0.0
2022-11-14 09:30:00-05:00,20.18000030517578,20.239999771118164,19.75,20.059999465942383,24684,0.0,0.0
2022-11-14 10:30:00-05:00,20.059999465942383,20.139999389648438,19.959999084472656,19.959999084472656,13820,0.0,0.0
2022-11-14 11:30:00-05:00,19.954999923706055,20.049999237060547,19.93000030517578,20.010000228881836,15670,0.0,0.0
2022-11-14 12:30:00-05:00,20.049999237060547,20.084999084472656,19.760000228881836,19.770000457763672,39706,0.0,0.0
2022-11-14 13:30:00-05:00,19.760000228881836,20.020000457763672,19.600000381469727,20.020000457763672,29129,0.0,0.0
2022-11-14 14:30:00-05:00,20.049999237060547,20.049999237060547,19.795000076293945,19.84000015258789,17794,0.0,0.0
2022-11-14 15:30:00-05:00,19.84000015258789,19.905000686645508,19.75,19.770000457763672,30650,0.0,0.0
2022-11-15 09:30:00-05:00,20.09000015258789,20.165000915527344,19.8799991607666,20.139999389648438,27465,0.0,0.0
2022-11-15 10:30:00-05:00,20.149999618530273,20.18000030517578,19.949499130249023,19.9950008392334,30173,0.0,0.0
2022-11-15 11:30:00-05:00,20.030000686645508,20.15999984741211,19.989999771118164,20.10650062561035,27436,0.0,0.0
2022-11-15 12:30:00-05:00,20.110000610351562,20.15999984741211,19.959999084472656,20.040000915527344,23720,0.0,0.0
2022-11-15 13:30:00-05:00,20.06999969482422,20.15999984741211,19.959999084472656,20.06999969482422,35006,0.0,0.0
2022-11-15 14:30:00-05:00,20.09000015258789,20.15999984741211,20.014999389648438,20.045000076293945,23633,0.0,0.0
2022-11-15 15:30:00-05:00,20.030000686645508,20.030000686645508,19.889999389648438,19.979999542236328,34436,0.0,0.0
2022-11-16 09:30:00-05:00,19.770000457763672,19.770000457763672,19.530000686645508,19.626399993896484,7646,0.0,0.0
2022-11-16 10:30:00-05:00,19.549999237060547,19.6200008392334,19.510000228881836,19.522499084472656,9299,0.0,0.0
2022-11-16 11:30:00-05:00,19.510000228881836,19.559999465942383,19.219999313354492,19.270000457763672,26524,0.0,0.0
2022-11-16 12:30:00-05:00,19.229999542236328,19.43000030517578,19.229999542236328,19.309999465942383,9536,0.0,0.0
2022-11-16 13:30:00-05:00,19.270000457763672,19.34000015258789,19.1299991607666,19.34000015258789,10500,0.0,0.0
2022-11-16 14:30:00-05:00,19.290000915527344,19.459999084472656,19.280000686645508,19.360000610351562,12658,0.0,0.0
2022-11-16 15:30:00-05:00,19.329999923706055,19.329999923706055,19.239999771118164,19.270000457763672,46617,0.0,0.0
2022-11-17 09:30:00-05:00,18.940000534057617,19.209999084472656,18.588300704956055,18.764999389648438,37873,0.0,0.0
2022-11-17 10:30:00-05:00,18.739999771118164,19.139999389648438,18.729999542236328,19.110000610351562,17193,0.0,0.0
2022-11-17 11:30:00-05:00,19.114999771118164,19.114999771118164,18.809999465942383,18.979900360107422,39560,0.0,0.0
2022-11-17 12:30:00-05:00,18.93000030517578,19.219999313354492,18.93000030517578,19.170000076293945,21720,0.0,0.0
2022-11-17 13:30:00-05:00,19.145000457763672,19.270000457763672,19.065000534057617,19.110000610351562,22659,0.0,0.0
2022-11-17 14:30:00-05:00,19.110000610351562,19.31999969482422,19.110000610351562,19.25,50118,0.0,0.0
2022-11-17 15:30:00-05:00,19.2450008392334,19.31999969482422,19.190000534057617,19.229999542236328,65802,0.0,0.0
2022-11-18 09:30:00-05:00,19.260000228881836,19.290000915527344,18.959999084472656,19.158000946044922,37988,0.0,0.0
2022-11-18 10:30:00-05:00,19.190000534057617,19.389999389648438,18.989999771118164,19.09000015258789,26888,0.0,0.0
2022-11-18 11:30:00-05:00,19.100000381469727,19.100000381469727,18.954999923706055,19.030000686645508,4499,0.0,0.0
2022-11-18 12:30:00-05:00,18.989999771118164,19.06999969482422,18.889999389648438,18.93000030517578,16709,0.0,0.0
2022-11-18 13:30:00-05:00,18.924299240112305,18.924299240112305,18.760000228881836,18.825000762939453,12880,0.0,0.0
2022-11-18 14:30:00-05:00,18.739999771118164,18.950000762939453,18.719999313354492,18.815000534057617,21350,0.0,0.0
2022-11-18 15:30:00-05:00,18.850000381469727,18.90999984741211,18.770000457763672,18.799999237060547,25749,0.0,0.0
2022-11-21 09:30:00-05:00,18.610000610351562,18.979999542236328,18.610000610351562,18.864999771118164,11400,0.0,0.0
2022-11-21 10:30:00-05:00,18.729999542236328,18.889999389648438,18.65999984741211,18.80500030517578,18418,0.0,0.0
2022-11-21 11:30:00-05:00,18.799999237060547,18.850000381469727,18.690000534057617,18.739500045776367,13029,0.0,0.0
2022-11-21 12:30:00-05:00,18.760000228881836,18.90999984741211,18.739999771118164,18.84000015258789,19079,0.0,0.0
2022-11-21 13:30:00-05:00,18.860000610351562,18.969999313354492,18.860000610351562,18.96500015258789,12970,0.0,0.0
2022-11-21 14:30:00-05:00,18.96500015258789,18.975000381469727,18.790000915527344,18.8700008392334,21136,0.0,0.0
2022-11-21 15:30:00-05:00,18.875,18.920000076293945,18.790000915527344,18.8700008392334,29631,0.0,0.0
2022-11-22 09:30:00-05:00,18.8799991607666,19.200000762939453,18.8799991607666,19.15999984741211,7999,0.0,0.0
2022-11-22 10:30:00-05:00,19.052499771118164,19.170000076293945,18.959999084472656,19.030000686645508,4605,0.0,0.0
2022-11-22 11:30:00-05:00,19.049999237060547,19.049999237060547,18.700000762939453,18.8700008392334,21544,0.0,0.0
2022-11-22 12:30:00-05:00,18.8799991607666,18.950000762939453,18.790000915527344,18.889999389648438,54197,0.0,0.0
2022-11-22 13:30:00-05:00,18.899999618530273,18.899999618530273,18.809999465942383,18.81999969482422,15511,0.0,0.0
2022-11-22 14:30:00-05:00,18.809999465942383,18.864999771118164,18.780000686645508,18.829999923706055,17409,0.0,0.0
2022-11-22 15:30:00-05:00,18.829999923706055,18.950000762939453,18.809999465942383,18.950000762939453,31128,0.0,0.0
2022-11-23 09:30:00-05:00,18.799999237060547,18.959999084472656,18.760000228881836,18.899999618530273,5319,0.0,0.0
2022-11-23 10:30:00-05:00,18.899999618530273,18.934999465942383,18.8700008392334,18.934999465942383,5542,0.0,0.0
2022-11-23 11:30:00-05:00,18.90999984741211,18.90999984741211,18.69499969482422,18.735000610351562,8105,0.0,0.0
2022-11-23 12:30:00-05:00,18.739999771118164,18.78499984741211,18.700000762939453,18.729999542236328,3632,0.0,0.0
2022-11-23 13:30:00-05:00,18.729999542236328,18.920000076293945,18.729999542236328,18.799999237060547,6995,0.0,0.0
2022-11-23 14:30:00-05:00,18.790000915527344,18.889999389648438,18.770000457763672,18.81999969482422,8348,0.0,0.0
2022-11-23 15:30:00-05:00,18.81999969482422,18.8700008392334,18.780000686645508,18.829999923706055,17920,0.0,0.0
2022-11-25 09:30:00-05:00,18.790000915527344,19.094999313354492,18.790000915527344,18.950000762939453,12061,0.0,0.0
2022-11-25 10:30:00-05:00,18.889999389648438,19.059999465942383,18.8700008392334,18.940000534057617,21220,0.0,0.0
2022-11-25 11:30:00-05:00,18.93000030517578,19.079999923706055,18.93000030517578,19.014999389648438,8366,0.0,0.0
2022-11-28 09:30:00-05:00,18.6200008392334,18.829999923706055,18.549999237060547,18.780000686645508,7636,0.0,0.0
2022-11-28 10:30:00-05:00,18.770000457763672,18.959999084472656,18.610000610351562,18.8700008392334,17736,0.0,0.0
2022-11-28 11:30:00-05:00,18.844999313354492,19.100000381469727,18.844999313354492,18.990100860595703,18974,0.0,0.0
2022-11-28 12:30:00-05:00,18.989999771118164,19.010000228881836,18.920000076293945,18.979999542236328,13258,0.0,0.0
2022-11-28 13:30:00-05:00,18.989999771118164,18.989999771118164,18.75,18.780000686645508,13845,0.0,0.0
2022-11-28 14:30:00-05:00,18.809999465942383,18.8700008392334,18.639999389648438,18.639999389648438,24913,0.0,0.0
2022-11-28 15:30:00-05:00,18.649999618530273,18.770000457763672,18.6200008392334,18.709999084472656,34815,0.0,0.0
2022-11-29 09:30:00-05:00,18.6200008392334,18.829999923706055,18.600000381469727,18.81999969482422,6252,0.0,0.0
2022-11-29 10:30:00-05:00,18.84000015258789,18.959999084472656,18.700000762939453,18.739999771118164,7040,0.0,0.0
2022-11-29 11:30:00-05:00,18.70319938659668,18.860000610351562,18.6200008392334,18.6200008392334,4860,0.0,0.0
2022-11-29 12:30:00-05:00,18.7106990814209,18.780000686645508,18.579999923706055,18.579999923706055,7975,0.0,0.0
2022-11-29 13:30:00-05:00,18.6299991607666,18.71500015258789,18.6200008392334,18.690000534057617,9998,0.0,0.0
2022-11-29 14:30:00-05:00,18.700000762939453,18.8799991607666,18.69499969482422,18.850000381469727,18685,0.0,0.0
2022-11-29 15:30:00-05:00,18.8799991607666,18.940000534057617,18.854999542236328,18.920000076293945,20992,0.0,0.0
2022-11-30 09:30:00-05:00,18.93000030517578,18.93000030517578,18.530000686645508,18.565000534057617,12967,0.0,0.0
2022-11-30 10:30:00-05:00,18.53499984741211,18.65999984741211,18.4950008392334,18.6299991607666,16810,0.0,0.0
2022-11-30 11:30:00-05:00,18.6299991607666,18.68000030517578,18.5,18.610000610351562,13142,0.0,0.0
2022-11-30 12:30:00-05:00,18.610000610351562,18.69499969482422,18.59000015258789,18.610000610351562,10851,0.0,0.0
2022-11-30 13:30:00-05:00,18.610000610351562,19.260000228881836,18.610000610351562,19.135000228881836,20124,0.0,0.0
2022-11-30 14:30:00-05:00,19.135000228881836,19.209999084472656,19.040000915527344,19.15999984741211,10781,0.0,0.0
2022-11-30 15:30:00-05:00,19.149999618530273,19.469999313354492,19.139999389648438,19.395000457763672,76627,0.0,0.0
2022-12-01 09:30:00-05:00,19.43000030517578,19.68000030517578,19.31999969482422,19.489999771118164,17560,0.0,0.0
2022-12-01 10:30:00-05:00,19.450000762939453,19.59000015258789,19.360000610351562,19.434999465942383,26725,0.0,0.0
2022-12-01 11:30:00-05:00,19.459999084472656,19.540000915527344,19.290000915527344,19.489999771118164,26559,0.0,0.0
2022-12-01 12:30:00-05:00,19.540000915527344,19.540000915527344,19.34000015258789,19.34000015258789,8114,0.0,0.0
2022-12-01 13:30:00-05:00,19.360000610351562,19.459999084472656,19.239999771118164,19.329999923706055,20319,0.0,0.0
2022-12-01 14:30:00-05:00,19.299999237060547,19.3700008392334,19.18000030517578,19.19499969482422,21295,0.0,0.0
2022-12-01 15:30:00-05:00,19.209999084472656,19.290000915527344,19.170000076293945,19.270000457763672,30531,0.0,0.0
2022-12-02 09:30:00-05:00,19.0,19.084999084472656,18.790000915527344,18.940000534057617,19114,0.0,0.0
2022-12-02 10:30:00-05:00,18.940000534057617,19.014999389648438,18.920000076293945,18.969999313354492,18046,0.0,0.0
2022-12-02 11:30:00-05:00,18.975000381469727,19.104999542236328,18.90999984741211,18.90999984741211,16461,0.0,0.0
2022-12-02 12:30:00-05:00,18.93000030517578,18.989900588989258,18.920000076293945,18.985000610351562,6863,0.0,0.0
2022-12-02 13:30:00-05:00,18.985000610351562,19.09000015258789,18.93000030517578,19.010000228881836,8706,0.0,0.0
2022-12-02 14:30:00-05:00,19.03499984741211,19.200000762939453,18.989999771118164,18.989999771118164,33652,0.0,0.0
2022-12-02 15:30:00-05:00,18.969999313354492,19.030000686645508,18.959999084472656,19.010000228881836,48087,0.0,0.0
2022-12-05 09:30:00-05:00,18.950000762939453,19.15999984741211,18.81999969482422,18.985000610351562,27198,0.0,0.0
2022-12-05 10:30:00-05:00,19.020000457763672,19.079999923706055,18.850000381469727,18.860000610351562,18489,0.0,0.0
2022-12-05 11:30:00-05:00,18.905000686645508,19.010000228881836,18.885000228881836,18.954999923706055,22663,0.0,0.0
2022-12-05 12:30:00-05:00,18.93000030517578,19.010000228881836,18.875,18.969999313354492,12184,0.0,0.0
2022-12-05 13:30:00-05:00,18.979999542236328,19.030000686645508,18.920000076293945,19.020000457763672,16160,0.0,0.0
2022-12-05 14:30:00-05:00,19.014999389648438,19.03499984741211,18.760000228881836,18.760000228881836,36525,0.0,0.0
2022-12-05 15:30:00-05:00,18.809999465942383,18.950000762939453,18.790000915527344,18.950000762939453,36188,0.0,0.0
2022-12-06 09:30:00-05:00,19.010000228881836,19.43000030517578,19.0,19.200000762939453,25186,0.0,0.0
2022-12-06 10:30:00-05:00,19.200000762939453,19.200000762939453,18.989999771118164,19.06999969482422,12215,0.0,0.0
2022-12-06 11:30:00-05:00,19.06999969482422,19.170000076293945,18.989999771118164,19.09000015258789,37542,0.0,0.0
2022-12-06 12:30:00-05:00,19.09000015258789,19.1299991607666,18.940000534057617,18.979999542236328,19802,0.0,0.0
2022-12-06 13:30:00-05:00,19.010000228881836,19.110000610351562,18.920000076293945,19.010000228881836,18573,0.0,0.0
2022-12-06 14:30:00-05:00,19.0049991607666,19.094999313354492,18.829999923706055,18.889999389648438,38768,0.0,0.0
2022-12-06 15:30:00-05:00,18.899999618530273,18.959999084472656,18.81999969482422,18.8799991607666,50995,0.0,0.0
2022-12-07 09:30:00-05:00,18.75,18.889999389648438,18.600000381469727,18.68000030517578,16404,0.0,0.0
2022-12-07 10:30:00-05:00,18.709999084472656,18.79990005493164,18.520000457763672,18.530000686645508,14726,0.0,0.0
2022-12-07 11:30:00-05:00,18.54990005493164,18.54990005493164,18.209999084472656,18.434999465942383,26606,0.0,0.0
2022-12-07 12:30:00-05:00,18.434999465942383,18.6200008392334,18.43000030517578,18.530000686645508,30290,0.0,0.0
2022-12-07 13:30:00-05:00,18.545000076293945,18.545000076293945,18.010000228881836,18.06999969482422,21261,0.0,0.0
2022-12-07 14:30:00-05:00,18.059999465942383,18.139999389648438,17.739999771118164,17.85580062866211,38968,0.0,0.0
2022-12-07 15:30:00-05:00,17.8700008392334,17.8700008392334,17.719999313354492,17.799999237060547,48863,0.0,0.0
2022-12-08 09:30:00-05:00,17.809999465942383,18.229999542236328,17.790000915527344,18.229999542236328,12843,0.0,0.0
2022-12-08 10:30:00-05:00,18.25,18.274999618530273,18.100000381469727,18.190000534057617,15879,0.0,0.0
2022-12-08 11:30:00-05:00,18.18000030517578,18.219999313354492,18.139999389648438,18.198999404907227,13885,0.0,0.0
2022-12-08 12:30:00-05:00,18.190000534057617,18.270000457763672,18.059999465942383,18.200000762939453,27419,0.0,0.0
2022-12-08 13:30:00-05:00,18.219999313354492,18.2450008392334,17.84000015258789,17.920000076293945,28019,0.0,0.0
2022-12-08 14:30:00-05:00,17.93000030517578,17.969999313354492,17.80500030517578,17.889999389648438,23489,0.0,0.0
2022-12-08 15:30:00-05:00,17.920000076293945,17.989999771118164,17.850000381469727,17.950000762939453,27527,0.0,0.0
2022-12-09 09:30:00-05:00,17.75,17.81999969482422,17.510000228881836,17.549999237060547,31426,0.0,0.0
2022-12-09 10:30:00-05:00,17.549999237060547,17.59000015258789,17.3700008392334,17.3700008392334,30355,0.0,0.0
2022-12-09 11:30:00-05:00,17.40999984741211,17.84000015258789,17.40999984741211,17.84000015258789,23019,0.0,0.0
2022-12-09 12:30:00-05:00,17.850000381469727,17.8799991607666,17.639999389648438,17.674999237060547,23405,0.0,0.0
2022-12-09 13:30:00-05:00,17.68000030517578,17.760000228881836,17.434999465942383,17.4950008392334,25123,0.0,0.0
2022-12-09 14:30:00-05:00,17.4950008392334,17.5,17.34000015258789,17.3799991607666,42169,0.0,0.0
2022-12-09 15:30:00-05:00,17.3799991607666,17.3799991607666,17.190000534057617,17.209999084472656,47964,0.0,0.0
2022-12-12 09:30:00-05:00,17.219999313354492,17.219999313354492,16.709999084472656,17.010000228881836,38293,0.0,0.0
2022-12-12 10:30:00-05:00,17.139999389648438,17.434999465942383,17.139999389648438,17.434999465942383,20904,0.0,0.0
2022-12-12 11:30:00-05:00,17.46579933166504,17.524999618530273,17.270000457763672,17.524999618530273,32736,0.0,0.0
2022-12-12 12:30:00-05:00,17.524999618530273,17.600000381469727,17.350000381469727,17.530000686645508,40828,0.0,0.0
2022-12-12 13:30:00-05:00,17.5,17.54439926147461,17.280000686645508,17.299999237060547,32366,0.0,0.0
2022-12-12 14:30:00-05:00,17.280000686645508,17.510000228881836,17.219999313354492,17.399999618530273,48482,0.0,0.0
2022-12-12 15:30:00-05:00,17.399999618530273,17.479999542236328,17.360000610351562,17.469999313354492,71938,0.0,0.0
2022-12-13 09:30:00-05:00,18.1200008392334,18.739999771118164,18.0,18.0,42237,0.0,0.0
2022-12-13 10:30:00-05:00,17.979999542236328,18.094999313354492,17.774999618530273,17.809999465942383,18083,0.0,0.0
2022-12-13 11:30:00-05:00,17.81999969482422,17.875,17.6299991607666,17.729999542236328,16929,0.0,0.0
2022-12-13 12:30:00-05:00,17.729999542236328,17.75,17.559999465942383,17.719999313354492,17666,0.0,0.0
2022-12-13 13:30:00-05:00,17.709999084472656,17.799999237060547,17.690000534057617,17.709999084472656,17599,0.0,0.0
2022-12-13 14:30:00-05:00,17.700000762939453,17.790000915527344,17.559999465942383,17.6200008392334,34554,0.0,0.0
2022-12-13 15:30:00-05:00,17.6200008392334,17.719999313354492,17.530000686645508,17.56999969482422,73378,0.0,0.0
2022-12-14 09:30:00-05:00,17.510000228881836,17.84000015258789,17.510000228881836,17.80500030517578,11739,0.0,0.0
2022-12-14 10:30:00-05:00,17.829999923706055,18.040000915527344,17.780000686645508,18.010000228881836,18478,0.0,0.0
2022-12-14 11:30:00-05:00,18.010000228881836,18.06999969482422,17.760000228881836,17.760000228881836,12221,0.0,0.0
2022-12-14 12:30:00-05:00,17.780000686645508,17.889999389648438,17.700000762939453,17.8700008392334,14919,0.0,0.0
2022-12-14 13:30:00-05:00,17.889999389648438,18.040000915527344,17.59000015258789,17.719999313354492,55213,0.0,0.0
2022-12-14 14:30:00-05:00,17.670000076293945,17.8799991607666,17.524999618530273,17.610000610351562,46229,0.0,0.0
2022-12-14 15:30:00-05:00,17.600000381469727,17.799999237060547,17.56999969482422,17.760000228881836,37583,0.0,0.0
2022-12-15 09:30:00-05:00,17.450000762939453,17.478200912475586,17.260000228881836,17.478200912475586,17289,0.0,0.0
2022-12-15 10:30:00-05:00,17.479999542236328,17.510000228881836,16.950000762939453,16.969999313354492,21651,0.0,0.0
2022-12-15 11:30:00-05:00,17.0,17.15999984741211,16.979999542236328,17.149999618530273,18051,0.0,0.0
2022-12-15 12:30:00-05:00,17.15999984741211,17.18000030517578,17.040000915527344,17.040000915527344,22768,0.0,0.0
2022-12-15 13:30:00-05:00,17.059999465942383,17.075000762939453,16.889999389648438,16.889999389648438,22011,0.0,0.0
2022-12-15 14:30:00-05:00,16.899999618530273,16.99180030822754,16.84000015258789,16.864999771118164,25804,0.0,0.0
2022-12-15 15:30:00-05:00,16.889999389648438,16.889999389648438,16.760000228881836,16.809999465942383,32951,0.0,0.0
2022-12-16 09:30:00-05:00,16.579999923706055,16.979999542236328,16.510000228881836,16.559999465942383,101858,0.0,0.0
2022-12-16 10:30:00-05:00,16.59000015258789,16.6299991607666,16.454999923706055,16.514999389648438,35132,0.0,0.0
2022-12-16 11:30:00-05:00,16.520000457763672,16.530000686645508,16.36009979248047,16.459999084472656,16556,0.0,0.0
2022-12-16 12:30:00-05:00,16.459999084472656,16.5,16.25,16.43000030517578,36000,0.0,0.0
2022-12-16 13:30:00-05:00,16.440000534057617,16.450000762939453,16.29990005493164,16.299999237060547,21628,0.0,0.0
2022-12-16 14:30:00-05:00,16.299999237060547,16.420000076293945,16.260000228881836,16.309999465942383,55356,0.0,0.0
2022-12-16 15:30:00-05:00,16.31999969482422,16.575000762939453,16.31999969482422,16.399999618530273,99114,0.0,0.0
2022-12-19 09:30:00-05:00,16.479999542236328,16.8799991607666,16.450000762939453,16.860000610351562,15045,0.0,0.0
2022-12-19 10:30:00-05:00,16.90999984741211,17.1200008392334,16.780000686645508,16.81999969482422,23676,0.0,0.0
2022-12-19 11:30:00-05:00,16.825300216674805,16.825300216674805,16.6299991607666,16.790000915527344,18133,0.0,0.0
2022-12-19 12:30:00-05:00,16.795000076293945,16.941999435424805,16.774499893188477,16.924999237060547,29791,0.0,0.0
2022-12-19 13:30:00-05:00,16.924999237060547,16.924999237060547,16.68000030517578,16.709999084472656,22302,0.0,0.0
2022-12-19 14:30:00-05:00,16.69499969482422,16.860000610351562,16.649999618530273,16.815000534057617,26422,0.0,0.0
2022-12-19 15:30:00-05:00,16.829999923706055,16.959999084472656,16.799999237060547,16.93000030517578,33958,0.0,0.0
2022-12-20 09:30:00-05:00,16.899999618530273,16.969999313354492,16.719999313354492,16.93000030517578,13719,0.0,0.0
2022-12-20 10:30:00-05:00,16.950000762939453,17.010000228881836,16.732999801635742,16.748699188232422,12227,0.0,0.0
2022-12-20 11:30:00-05:00,16.770000457763672,16.770000457763672,16.684999465942383,16.704999923706055,11035,0.0,0.0
2022-12-20 12:30:00-05:00,16.690000534057617,16.739999771118164,16.5,16.65999984741211,63450,0.0,0.0
2022-12-20 13:30:00-05:00,16.649999618530273,16.729999542236328,16.645999908447266,16.700000762939453,14662,0.0,0.0
2022-12-20 14:30:00-05:00,16.690000534057617,16.690000534057617,16.56999969482422,16.649999618530273,27610,0.0,0.0
2022-12-20 15:30:00-05:00,16.639999389648438,16.649999618530273,16.540000915527344,16.549999237060547,42576,0.0,0.0
2022-12-21 09:30:00-05:00,16.729999542236328,17.149999618530273,16.729999542236328,17.100000381469727,0,0.0,0.0
2022-12-21 10:30:00-05:00,17.139999389648438,17.239999771118164,17.110000610351562,17.204999923706055,21001,0.0,0.0
2022-12-21 11:30:00-05:00,17.219999313354492,17.329999923706055,17.18000030517578,17.28499984741211,24837,0.0,0.0
2022-12-21 12:30:00-05:00,17.28499984741211,17.299999237060547,17.174999237060547,17.239999771118164,20715,0.0,0.0
2022-12-21 13:30:00-05:00,17.229999542236328,17.260000228881836,17.06999969482422,17.09000015258789,30435,0.0,0.0
2022-12-21 14:30:00-05:00,17.06999969482422,17.073400497436523,16.96500015258789,17.006999969482422,22129,0.0,0.0
2022-12-21 15:30:00-05:00,16.989999771118164,17.139999389648438,16.969999313354492,17.139999389648438,54605,0.0,0.0
2022-12-22 09:30:00-05:00,16.8700008392334,16.889999389648438,16.59000015258789,16.760000228881836,26775,0.0,0.0
2022-12-22 10:30:00-05:00,16.75,16.899999618530273,16.68000030517578,16.8799991607666,23550,0.0,0.0
2022-12-22 11:30:00-05:00,16.850000381469727,16.864999771118164,16.719999313354492,16.760000228881836,15604,0.0,0.0
2022-12-22 12:30:00-05:00,16.68000030517578,16.75,16.583499908447266,16.583499908447266,17287,0.0,0.0
2022-12-22 13:30:00-05:00,16.579999923706055,16.579999923706055,16.479999542236328,16.540000915527344,12790,0.0,0.0
2022-12-22 14:30:00-05:00,16.549999237060547,16.790000915527344,16.51300048828125,16.790000915527344,17242,0.0,0.0
2022-12-22 15:30:00-05:00,16.790000915527344,16.860000610351562,16.729999542236328,16.84000015258789,29349,0.0,0.0
2022-12-23 09:30:00-05:00,16.65999984741211,16.940000534057617,16.65999984741211,16.915000915527344,7313,0.0,0.0
2022-12-23 10:30:00-05:00,16.940000534057617,17.010000228881836,16.825000762939453,16.844999313354492,14664,0.0,0.0
2022-12-23 11:30:00-05:00,16.850000381469727,16.950000762939453,16.850000381469727,16.93000030517578,8088,0.0,0.0
2022-12-23 12:30:00-05:00,16.969999313354492,17.010000228881836,16.899999618530273,17.0,13637,0.0,0.0
2022-12-23 13:30:00-05:00,17.024999618530273,17.024999618530273,16.92060089111328,16.94499969482422,9145,0.0,0.0
2022-12-23 14:30:00-05:00,16.93709945678711,17.049999237060547,16.920000076293945,16.969999313354492,31308,0.0,0.0
2022-12-23 15:30:00-05:00,16.959999084472656,17.049999237060547,16.940000534057617,17.049999237060547,20839,0.0,0.0
2022-12-27 09:30:00-05:00,17.020000457763672,17.079999923706055,16.8700008392334,17.06999969482422,7671,0.0,0.0
2022-12-27 10:30:00-05:00,17.06999969482422,17.200000762939453,17.0,17.200000762939453,41864,0.0,0.0
2022-12-27 11:30:00-05:00,17.219999313354492,17.270000457763672,17.190000534057617,17.190000534057617,8636,0.0,0.0
2022-12-27 12:30:00-05:00,17.127500534057617,17.190000534057617,17.100000381469727,17.181900024414062,12524,0.0,0.0
2022-12-27 13:30:00-05:00,17.18000030517578,17.18000030517578,17.0,17.0,11232,0.0,0.0
2022-12-27 14:30:00-05:00,16.9906005859375,17.09000015258789,16.950000762939453,17.079999923706055,18099,0.0,0.0
2022-12-27 15:30:00-05:00,17.075000762939453,17.200000762939453,17.075000762939453,17.190000534057617,25956,0.0,0.0
2022-12-28 09:30:00-05:00,17.139999389648438,17.260000228881836,16.89310073852539,16.89310073852539,16675,0.0,0.0
2022-12-28 10:30:00-05:00,16.870800018310547,16.898399353027344,16.649999618530273,16.735000610351562,15196,0.0,0.0
2022-12-28 11:30:00-05:00,16.704999923706055,16.704999923706055,16.479999542236328,16.520000457763672,19960,0.0,0.0
2022-12-28 12:30:00-05:00,16.530000686645508,16.71500015258789,16.520000457763672,16.530000686645508,21630,0.0,0.0
2022-12-28 13:30:00-05:00,16.520000457763672,16.520000457763672,16.389999389648438,16.454999923706055,25760,0.0,0.0
2022-12-28 14:30:00-05:00,16.450000762939453,16.56999969482422,16.389999389648438,16.559999465942383,42944,0.0,0.0
2022-12-28 15:30:00-05:00,16.549999237060547,16.59000015258789,16.450000762939453,16.459999084472656,51628,0.0,0.0
2022-12-29 09:30:00-05:00,16.56999969482422,17.040000915527344,16.56999969482422,16.940000534057617,28909,0.0,0.0
2022-12-29 10:30:00-05:00,16.969999313354492,17.139999389648438,16.950000762939453,17.004899978637695,15682,0.0,0.0
2022-12-29 11:30:00-05:00,17.000099182128906,17.260000228881836,17.0,17.238500595092773,20424,0.0,0.0
2022-12-29 12:30:00-05:00,17.229999542236328,17.229999542236328,17.059999465942383,17.145000457763672,16658,0.0,0.0
2022-12-29 13:30:00-05:00,17.14109992980957,17.190000534057617,17.079999923706055,17.15999984741211,11884,0.0,0.0
2022-12-29 14:30:00-05:00,17.170000076293945,17.219999313354492,17.010000228881836,17.011199951171875,23318,0.0,0.0
2022-12-29 15:30:00-05:00,17.014999389648438,17.1200008392334,16.989999771118164,17.1200008392334,33439,0.0,0.0
2022-12-30 09:30:00-05:00,17.0,17.1200008392334,16.81999969482422,17.1200008392334,10510,0.0,0.0
2022-12-30 10:30:00-05:00,17.1200008392334,17.174999237060547,16.920000076293945,16.93000030517578,17741,0.0,0.0
2022-12-30 11:30:00-05:00,16.950000762939453,17.030000686645508,16.920000076293945,17.0,16112,0.0,0.0
2022-12-30 12:30:00-05:00,17.020000457763672,17.040000915527344,16.83009910583496,16.864999771118164,17145,0.0,0.0
2022-12-30 13:30:00-05:00,16.899999618530273,16.969999313354492,16.860000610351562,16.899999618530273,13450,0.0,0.0
2022-12-30 14:30:00-05:00,16.90999984741211,16.90999984741211,16.75,16.780000686645508,48845,0.0,0.0
2022-12-30 15:30:00-05:00,16.780000686645508,17.020000457763672,16.760000228881836,16.969999313354492,71306,0.0,0.0
2023-01-03 09:30:00-05:00,17.209999084472656,17.520000457763672,17.15999984741211,17.3799991607666,39624,0.0,0.0
2023-01-03 10:30:00-05:00,17.3700008392334,17.799999237060547,17.3700008392334,17.790000915527344,54806,0.0,0.0
2023-01-03 11:30:00-05:00,17.799999237060547,17.959999084472656,17.649999618530273,17.920000076293945,51417,0.0,0.0
2023-01-03 12:30:00-05:00,17.93000030517578,18.1200008392334,17.905000686645508,18.1200008392334,53414,0.0,0.0
2023-01-03 13:30:00-05:00,18.149700164794922,18.149999618530273,17.979999542236328,18.0,28931,0.0,0.0
2023-01-03 14:30:00-05:00,17.989999771118164,18.209999084472656,17.969999313354492,18.170000076293945,38247,0.0,0.0
2023-01-03 15:30:00-05:00,18.18000030517578,18.274999618530273,18.15999984741211,18.209999084472656,58944,0.0,0.0
2023-01-04 09:30:00-05:00,18.43000030517578,18.719999313354492,18.350000381469727,18.639999389648438,32545,0.0,0.0
2023-01-04 10:30:00-05:00,18.639999389648438,18.8799991607666,18.639999389648438,18.8700008392334,26394,0.0,0.0
2023-01-04 11:30:00-05:00,18.8799991607666,19.09000015258789,18.854999542236328,18.920000076293945,45542,0.0,0.0
2023-01-04 12:30:00-05:00,18.90999984741211,19.079999923706055,18.90999984741211,18.90999984741211,21115,0.0,0.0
2023-01-04 13:30:00-05:00,18.889999389648438,18.940000534057617,18.6200008392334,18.6200008392334,28562,0.0,0.0
2023-01-04 14:30:00-05:00,18.6200008392334,18.81999969482422,18.6200008392334,18.719999313354492,38552,0.0,0.0
2023-01-04 15:30:00-05:00,18.700000762939453,18.739999771118164,18.540000915527344,18.729999542236328,48807,0.0,0.0
2023-01-05 09:30:00-05:00,18.6200008392334,18.789899826049805,18.1200008392334,18.299999237060547,17013,0.0,0.0
2023-01-05 10:30:00-05:00,18.229999542236328,18.264999389648438,18.06999969482422,18.239999771118164,10719,0.0,0.0
2023-01-05 11:30:00-05:00,18.139999389648438,18.270000457763672,18.139999389648438,18.229999542236328,7500,0.0,0.0
2023-01-05 12:30:00-05:00,18.239999771118164,18.399999618530273,18.209999084472656,18.360000610351562,11813,0.0,0.0
2023-01-05 13:30:00-05:00,18.3799991607666,18.479999542236328,18.375,18.40999984741211,16370,0.0,0.0
2023-01-05 14:30:00-05:00,18.420000076293945,18.510000228881836,18.364999771118164,18.40999984741211,19498,0.0,0.0
2023-01-05 15:30:00-05:00,18.40999984741211,18.479999542236328,18.3799991607666,18.3799991607666,31269,0.0,0.0
2023-01-06 09:30:00-05:00,18.6299991607666,18.899999618530273,18.545000076293945,18.8700008392334,14767,0.0,0.0
2023-01-06 10:30:00-05:00,18.8799991607666,19.020000457763672,18.8799991607666,18.920000076293945,11742,0.0,0.0
2023-01-06 11:30:00-05:00,18.93000030517578,19.209999084472656,18.93000030517578,19.1299991607666,18426,0.0,0.0
2023-01-06 12:30:00-05:00,19.085500717163086,19.085500717163086,18.92300033569336,18.92690086364746,11647,0.0,0.0
2023-01-06 13:30:00-05:00,18.940000534057617,19.15999984741211,18.940000534057617,19.110000610351562,15310,0.0,0.0
2023-01-06 14:30:00-05:00,19.1200008392334,19.219999313354492,19.110000610351562,19.190000534057617,25083,0.0,0.0
2023-01-06 15:30:00-05:00,19.190000534057617,19.190000534057617,19.079999923706055,19.139999389648438,23677,0.0,0.0
2023-01-09 09:30:00-05:00,19.190000534057617,19.190000534057617,18.469999313354492,18.6299991607666,34500,0.0,0.0
2023-01-09 10:30:00-05:00,18.65999984741211,18.899999618530273,18.6200008392334,18.80500030517578,22573,0.0,0.0
2023-01-09 11:30:00-05:00,18.84000015258789,18.899999618530273,18.774999618530273,18.899999618530273,11084,0.0,0.0
2023-01-09 12:30:00-05:00,18.90999984741211,18.920000076293945,18.790000915527344,18.850000381469727,15236,0.0,0.0
2023-01-09 13:30:00-05:00,18.834999084472656,18.889999389648438,18.700000762939453,18.770000457763672,21360,0.0,0.0
2023-01-09 14:30:00-05:00,18.739999771118164,18.832500457763672,18.729999542236328,18.760000228881836,21824,0.0,0.0
2023-01-09 15:30:00-05:00,18.750999450683594,18.750999450683594,18.600000381469727,18.709999084472656,39098,0.0,0.0
2023-01-10 09:30:00-05:00,18.600000381469727,18.69499969482422,18.40999984741211,18.635000228881836,16897,0.0,0.0
2023-01-10 10:30:00-05:00,18.530000686645508,18.770000457763672,18.520000457763672,18.690000534057617,6961,0.0,0.0
2023-01-10 11:30:00-05:00,18.719999313354492,18.950000762939453,18.700000762939453,18.950000762939453,24959,0.0,0.0
2023-01-10 12:30:00-05:00,18.93000030517578,19.0,18.885000228881836,19.0,6651,0.0,0.0
2023-01-10 13:30:00-05:00,18.9950008392334,19.059999465942383,18.959999084472656,18.989999771118164,12251,0.0,0.0
2023-01-10 14:30:00-05:00,19.020000457763672,19.040000915527344,18.8799991607666,18.954999923706055,13975,0.0,0.0
2023-01-10 15:30:00-05:00,18.94499969482422,19.06999969482422,18.940000534057617,19.010000228881836,22712,0.0,0.0
2023-01-11 09:30:00-05:00,19.219999313354492,19.469999313354492,19.149999618530273,19.34000015258789,17369,0.0,0.0
2023-01-11 10:30:00-05:00,19.270000457763672,19.274999618530273,19.18000030517578,19.239999771118164,7991,0.0,0.0
2023-01-11 11:30:00-05:00,19.270000457763672,19.3799991607666,19.260000228881836,19.290000915527344,10847,0.0,0.0
2023-01-11 12:30:00-05:00,19.280000686645508,19.280000686645508,19.220399856567383,19.23819923400879,7417,0.0,0.0
2023-01-11 13:30:00-05:00,19.25,19.260000228881836,19.139999389648438,19.18000030517578,11375,0.0,0.0
2023-01-11 14:30:00-05:00,19.18000030517578,19.350000381469727,19.18000030517578,19.309999465942383,24100,0.0,0.0
2023-01-11 15:30:00-05:00,19.30500030517578,19.440000534057617,19.270000457763672,19.43000030517578,35640,0.0,0.0
2023-01-12 09:30:00-05:00,19.56999969482422,19.75,19.469999313354492,19.649999618530273,17663,0.0,0.0
2023-01-12 10:30:00-05:00,19.6200008392334,19.719999313354492,19.549999237060547,19.700000762939453,14712,0.0,0.0
2023-01-12 11:30:00-05:00,19.68000030517578,19.739999771118164,19.610000610351562,19.719999313354492,16740,0.0,0.0
2023-01-12 12:30:00-05:00,19.709999084472656,19.739999771118164,19.604999542236328,19.604999542236328,13707,0.0,0.0
2023-01-12 13:30:00-05:00,19.59000015258789,19.709999084472656,19.579999923706055,19.6200008392334,13186,0.0,0.0
2023-01-12 14:30:00-05:00,19.600000381469727,19.65999984741211,19.5,19.5049991607666,15762,0.0,0.0
2023-01-12 15:30:00-05:00,19.520000457763672,19.56999969482422,19.479999542236328,19.56999969482422,26584,0.0,0.0
2023-01-13 09:30:00-05:00,19.170000076293945,19.280000686645508,18.700000762939453,18.864500045776367,44664,0.0,0.0
2023-01-13 10:30:00-05:00,18.905000686645508,19.209999084472656,18.809999465942383,19.18000030517578,18452,0.0,0.0
2023-01-13 11:30:00-05:00,19.15999984741211,19.25,19.110000610351562,19.239999771118164,17503,0.0,0.0
2023-01-13 12:30:00-05:00,19.239999771118164,19.329999923706055,19.170000076293945,19.31999969482422,24984,0.0,0.0
2023-01-13 13:30:00-05:00,19.329999923706055,19.47760009765625,19.329999923706055,19.399999618530273,15617,0.0,0.0
2023-01-13 14:30:00-05:00,19.399999618530273,19.510000228881836,19.350000381469727,19.420000076293945,27787,0.0,0.0
2023-01-13 15:30:00-05:00,19.43000030517578,19.489999771118164,19.309999465942383,19.40999984741211,30827,0.0,0.0
2023-01-17 09:30:00-05:00,19.440000534057617,19.6200008392334,19.350000381469727,19.479999542236328,20389,0.0,0.0
2023-01-17 10:30:00-05:00,19.43000030517578,19.48859977722168,19.31999969482422,19.44339942932129,15591,0.0,0.0
2023-01-17 11:30:00-05:00,19.489999771118164,19.5,19.415000915527344,19.420000076293945,14517,0.0,0.0
2023-01-17 12:30:00-05:00,19.43000030517578,19.59000015258789,19.424999237060547,19.530000686645508,9269,0.0,0.0
2023-01-17 13:30:00-05:00,19.549999237060547,19.56999969482422,19.389999389648438,19.440000534057617,14199,0.0,0.0
2023-01-17 14:30:00-05:00,19.424999237060547,19.520000457763672,19.40999984741211,19.46500015258789,18990,0.0,0.0
2023-01-17 15:30:00-05:00,19.46500015258789,19.489999771118164,19.389999389648438,19.40999984741211,39659,0.0,0.0
2023-01-18 09:30:00-05:00,19.690000534057617,19.690000534057617,19.4237003326416,19.6299991607666,10850,0.0,0.0
2023-01-18 10:30:00-05:00,19.610000610351562,19.610000610351562,19.309999465942383,19.360000610351562,13518,0.0,0.0
2023-01-18 11:30:00-05:00,19.34000015258789,19.34000015258789,19.079999923706055,19.110000610351562,15969,0.0,0.0
2023-01-18 12:30:00-05:00,19.079999923706055,19.170000076293945,19.040000915527344,19.170000076293945,12523,0.0,0.0
2023-01-18 13:30:00-05:00,19.18000030517578,19.329999923706055,19.139999389648438,19.209999084472656,21484,0.0,0.0
2023-01-18 14:30:00-05:00,19.229999542236328,19.299999237060547,19.149999618530273,19.290000915527344,39852,0.0,0.0
2023-01-18 15:30:00-05:00,19.280000686645508,19.34000015258789,19.209999084472656,19.34000015258789,35181,0.0,0.0
2023-01-19 09:30:00-05:00,19.15999984741211,19.440000534057617,19.15999984741211,19.350000381469727,22052,0.0,0.0
2023-01-19 10:30:00-05:00,19.3799991607666,19.46500015258789,19.280000686645508,19.434999465942383,16030,0.0,0.0
2023-01-19 11:30:00-05:00,19.469999313354492,19.579999923706055,19.399999618530273,19.5,15264,0.0,0.0
2023-01-19 12:30:00-05:00,19.5,19.579999923706055,19.46500015258789,19.565000534057617,19716,0.0,0.0
2023-01-19 13:30:00-05:00,19.579999923706055,19.645000457763672,19.479999542236328,19.530000686645508,16399,0.0,0.0
2023-01-19 14:30:00-05:00,19.5,19.530000686645508,19.260000228881836,19.309999465942383,26807,0.0,0.0
2023-01-19 15:30:00-05:00,19.309999465942383,19.3799991607666,19.270000457763672,19.270000457763672,38637,0.0,0.0
2023-01-20 09:30:00-05:00,19.3700008392334,19.3700008392334,18.780000686645508,18.950000762939453,39068,0.0,0.0
2023-01-20 10:30:00-05:00,18.950000762939453,19.040000915527344,18.81999969482422,19.040000915527344,22769,0.0,0.0
2023-01-20 11:30:00-05:00,19.045000076293945,19.290000915527344,19.0,19.290000915527344,8418,0.0,0.0
2023-01-20 12:30:00-05:00,19.299999237060547,19.299999237060547,19.100000381469727,19.145000457763672,15019,0.0,0.0
2023-01-20 13:30:00-05:00,19.18000030517578,19.25,19.045000076293945,19.1200008392334,21235,0.0,0.0
2023-01-20 14:30:00-05:00,19.114999771118164,19.290000915527344,19.079999923706055,19.114999771118164,30595,0.0,0.0
2023-01-20 15:30:00-05:00,19.114999771118164,19.299999237060547,19.110000610351562,19.239999771118164,49991,0.0,0.0
2023-01-23 09:30:00-05:00,19.31999969482422,19.43000030517578,19.209999084472656,19.389999389648438,17434,0.0,0.0
2023-01-23 10:30:00-05:00,19.399999618530273,19.6299991607666,19.399999618530273,19.56999969482422,15712,0.0,0.0
2023-01-23 11:30:00-05:00,19.600000381469727,19.649999618530273,19.540000915527344,19.559999465942383,8970,0.0,0.0
2023-01-23 12:30:00-05:00,19.579999923706055,19.65999984741211,19.579999923706055,19.6200008392334,11604,0.0,0.0
2023-01-23 13:30:00-05:00,19.6200008392334,19.690000534057617,19.56999969482422,19.56999969482422,9405,0.0,0.0
2023-01-23 14:30:00-05:00,19.549999237060547,19.600000381469727,19.354999542236328,19.3700008392334,34360,0.0,0.0
2023-01-23 15:30:00-05:00,19.3700008392334,19.43000030517578,19.34000015258789,19.43000030517578,45254,0.0,0.0
2023-01-24 09:30:00-05:00,19.399999618530273,19.520000457763672,19.149999618530273,19.170000076293945,13668,0.0,0.0
2023-01-24 10:30:00-05:00,19.170000076293945,19.28499984741211,19.100099563598633,19.274999618530273,19055,0.0,0.0
2023-01-24 11:30:00-05:00,19.25,19.270000457763672,19.190000534057617,19.19499969482422,11378,0.0,0.0
2023-01-24 12:30:00-05:00,19.18000030517578,19.260000228881836,19.149999618530273,19.260000228881836,11728,0.0,0.0
2023-01-24 13:30:00-05:00,19.299999237060547,19.5,19.25,19.420000076293945,17264,0.0,0.0
2023-01-24 14:30:00-05:00,19.469999313354492,19.530000686645508,19.440000534057617,19.44700050354004,13147,0.0,0.0
2023-01-24 15:30:00-05:00,19.40999984741211,19.426700592041016,19.309999465942383,19.350000381469727,23777,0.0,0.0
2023-01-25 09:30:00-05:00,19.15999984741211,19.270000457763672,19.094999313354492,19.264999389648438,4730,0.0,0.0
2023-01-25 10:30:00-05:00,19.299999237060547,19.509899139404297,19.190000534057617,19.459999084472656,9312,0.0,0.0
2023-01-25 11:30:00-05:00,19.459999084472656,19.579999923706055,19.415000915527344,19.530000686645508,11778,0.0,0.0
2023-01-25 12:30:00-05:00,19.540800094604492,19.670000076293945,19.540800094604492,19.670000076293945,4850,0.0,0.0
2023-01-25 13:30:00-05:00,19.670000076293945,19.860000610351562,19.610000610351562,19.7549991607666,18061,0.0,0.0
2023-01-25 14:30:00-05:00,19.760000228881836,19.795000076293945,19.690000534057617,19.760000228881836,23732,0.0,0.0
2023-01-25 15:30:00-05:00,19.770000457763672,19.780000686645508,19.739999771118164,19.75,24035,0.0,0.0
2023-01-26 09:30:00-05:00,19.90999984741211,20.15999984741211,19.75,19.75,10414,0.0,0.0
2023-01-26 10:30:00-05:00,19.690000534057617,19.709999084472656,19.43000030517578,19.559999465942383,25574,0.0,0.0
2023-01-26 11:30:00-05:00,19.540000915527344,19.729999542236328,19.540000915527344,19.65999984741211,9491,0.0,0.0
2023-01-26 12:30:00-05:00,19.684999465942383,19.684999465942383,19.510000228881836,19.59000015258789,8955,0.0,0.0
2023-01-26 13:30:00-05:00,19.600000381469727,19.670000076293945,19.540000915527344,19.610000610351562,17681,0.0,0.0
2023-01-26 14:30:00-05:00,19.58880043029785,19.670000076293945,19.579999923706055,19.639999389648438,16041,0.0,0.0
2023-01-26 15:30:00-05:00,19.649999618530273,19.780000686645508,19.614999771118164,19.75,27350,0.0,0.0
2023-01-27 09:30:00-05:00,19.690000534057617,19.799999237060547,19.56999969482422,19.739999771118164,0,0.0,0.0
2023-01-27 10:30:00-05:00,19.760000228881836,19.809999465942383,19.649999618530273,19.75,8856,0.0,0.0
2023-01-27 11:30:00-05:00,19.8700008392334,19.959999084472656,19.780000686645508,19.84000015258789,11343,0.0,0.0
2023-01-27 12:30:00-05:00,19.844999313354492,20.030000686645508,19.844999313354492,19.959999084472656,19722,0.0,0.0
2023-01-27 13:30:00-05:00,19.899999618530273,19.90999984741211,19.81999969482422,19.829999923706055,14581,0.0,0.0
2023-01-27 14:30:00-05:00,19.790000915527344,19.950000762939453,19.790000915527344,19.950000762939453,16789,0.0,0.0
2023-01-27 15:30:00-05:00,19.969999313354492,20.010000228881836,19.920000076293945,19.989999771118164,29727,0.0,0.0
2023-01-30 09:30:00-05:00,20.09000015258789,20.100000381469727,19.815000534057617,20.020000457763672,36077,0.0,0.0
2023-01-30 10:30:00-05:00,20.040000915527344,20.040000915527344,19.760000228881836,19.854999542236328,23440,0.0,0.0
2023-01-30 11:30:00-05:00,19.850000381469727,19.850000381469727,19.709999084472656,19.809999465942383,14906,0.0,0.0
2023-01-30 12:30:00-05:00,19.850000381469727,19.8700008392334,19.709999084472656,19.790000915527344,12726,0.0,0.0
2023-01-30 13:30:00-05:00,19.760000228881836,19.815000534057617,19.729999542236328,19.790000915527344,11501,0.0,0.0
2023-01-30 14:30:00-05:00,19.809999465942383,19.834999084472656,19.700000762939453,19.729999542236328,14999,0.0,0.0
2023-01-30 15:30:00-05:00,19.725000381469727,19.850000381469727,19.649999618530273,19.65999984741211,28125,0.0,0.0
2023-01-31 09:30:00-05:00,19.760000228881836,19.989999771118164,19.65999984741211,19.969999313354492,14310,0.0,0.0
2023-01-31 10:30:00-05:00,19.969999313354492,20.010000228881836,19.90999984741211,19.969999313354492,26883,0.0,0.0
2023-01-31 11:30:00-05:00,20.0,20.049999237060547,19.950000762939453,19.983699798583984,26694,0.0,0.0
2023-01-31 12:30:00-05:00,19.985000610351562,20.079999923706055,19.979999542236328,20.024999618530273,20007,0.0,0.0
2023-01-31 13:30:00-05:00,20.020000457763672,20.094999313354492,20.008100509643555,20.020000457763672,51769,0.0,0.0
2023-01-31 14:30:00-05:00,20.024999618530273,20.100000381469727,20.0,20.010000228881836,54365,0.0,0.0
2023-01-31 15:30:00-05:00,20.010000228881836,20.059999465942383,19.940000534057617,19.969999313354492,83568,0.0,0.0
2023-02-01 09:30:00-05:00,20.0,20.259899139404297,19.950000762939453,20.145000457763672,31694,0.0,0.0
2023-02-01 10:30:00-05:00,20.145700454711914,20.145700454711914,19.700000762939453,19.875,26888,0.0,0.0
2023-02-01 11:30:00-05:00,19.933000564575195,20.05500030517578,19.899999618530273,20.040000915527344,16767,0.0,0.0
2023-02-01 12:30:00-05:00,20.049999237060547,20.059999465942383,19.940000534057617,19.959999084472656,31635,0.0,0.0
2023-02-01 13:30:00-05:00,19.969999313354492,19.979999542236328,19.729999542236328,19.7450008392334,28417,0.0,0.0
2023-02-01 14:30:00-05:00,19.760000228881836,20.18000030517578,19.68000030517578,20.15999984741211,80554,0.0,0.0
2023-02-01 15:30:00-05:00,20.15999984741211,20.450000762939453,20.15999984741211,20.270000457763672,67847,0.0,0.0
2023-02-02 09:30:00-05:00,20.25,20.520000457763672,19.809999465942383,20.399999618530273,84281,0.0,0.0
2023-02-02 10:30:00-05:00,20.40999984741211,21.34000015258789,20.399999618530273,21.200000762939453,65069,0.0,0.0
2023-02-02 11:30:00-05:00,21.209999084472656,21.5,21.09939956665039,21.34000015258789,33940,0.0,0.0
2023-02-02 12:30:00-05:00,21.34000015258789,21.3700008392334,21.139999389648438,21.260000228881836,49378,0.0,0.0
2023-02-02 13:30:00-05:00,21.280000686645508,21.360000610351562,21.09000015258789,21.15999984741211,41914,0.0,0.0
2023-02-02 14:30:00-05:00,21.155000686645508,21.34000015258789,21.100000381469727,21.209999084472656,55509,0.0,0.0
2023-02-02 15:30:00-05:00,21.2549991607666,21.290000915527344,21.149999618530273,21.219999313354492,68867,0.0,0.0
2023-02-03 09:30:00-05:00,20.920000076293945,21.094999313354492,20.079999923706055,20.209999084472656,50961,0.0,0.0
2023-02-03 10:30:00-05:00,20.15999984741211,20.65999984741211,20.15999984741211,20.65999984741211,29177,0.0,0.0
2023-02-03 11:30:00-05:00,20.690000534057617,20.899999618530273,20.399999618530273,20.579999923706055,40256,0.0,0.0
2023-02-03 12:30:00-05:00,20.579999923706055,20.860000610351562,20.520000457763672,20.815000534057617,24119,0.0,0.0
2023-02-03 13:30:00-05:00,20.790000915527344,20.790000915527344,20.40999984741211,20.524999618530273,43188,0.0,0.0
2023-02-03 14:30:00-05:00,20.524999618530273,20.600000381469727,20.360000610351562,20.450000762939453,43052,0.0,0.0
2023-02-03 15:30:00-05:00,20.450000762939453,20.510000228881836,20.360000610351562,20.459999084472656,51069,0.0,0.0
2023-02-06 09:30:00-05:00,20.040000915527344,20.270000457763672,19.850000381469727,19.860000610351562,44879,0.0,0.0
2023-02-06 10:30:00-05:00,19.850000381469727,20.13920021057129,19.84000015258789,19.940000534057617,15693,0.0,0.0
2023-02-06 11:30:00-05:00,19.950000762939453,19.950000762939453,19.6200008392334,19.709999084472656,29414,0.0,0.0
2023-02-06 12:30:00-05:00,19.760000228881836,19.809999465942383,19.690000534057617,19.75,15056,0.0,0.0
2023-02-06 13:30:00-05:00,19.770000457763672,19.940000534057617,19.670000076293945,19.809999465942383,18469,0.0,0.0
2023-02-06 14:30:00-05:00,19.809999465942383,19.860000610351562,19.725000381469727,19.860000610351562,19480,0.0,0.0
2023-02-06 15:30:00-05:00,19.850000381469727,19.950000762939453,19.760000228881836,19.93000030517578,49621,0.0,0.0
2023-02-07 09:30:00-05:00,19.690000534057617,19.780000686645508,19.530000686645508,19.700000762939453,9577,0.0,0.0
2023-02-07 10:30:00-05:00,19.690000534057617,19.850000381469727,19.68000030517578,19.78499984741211,18838,0.0,0.0
2023-02-07 11:30:00-05:00,19.78499984741211,20.049999237060547,19.78499984741211,20.0,16391,0.0,0.0
2023-02-07 12:30:00-05:00,20.030000686645508,20.3700008392334,20.030000686645508,20.18000030517578,19172,0.0,0.0
2023-02-07 13:30:00-05:00,20.079999923706055,20.360000610351562,19.899999618530273,20.334999084472656,48726,0.0,0.0
2023-02-07 14:30:00-05:00,20.34000015258789,20.5049991607666,20.34000015258789,20.434999465942383,21192,0.0,0.0
2023-02-07 15:30:00-05:00,20.43000030517578,20.440000534057617,20.280000686645508,20.280000686645508,37711,0.0,0.0
2023-02-08 09:30:00-05:00,20.18000030517578,20.31999969482422,20.03230094909668,20.309999465942383,8052,0.0,0.0
2023-02-08 10:30:00-05:00,20.290000915527344,20.290000915527344,20.059999465942383,20.09000015258789,5608,0.0,0.0
2023-02-08 11:30:00-05:00,20.100000381469727,20.200000762939453,20.059999465942383,20.15999984741211,8216,0.0,0.0
2023-02-08 12:30:00-05:00,20.139999389648438,20.149999618530273,20.079999923706055,20.104999542236328,6792,0.0,0.0
2023-02-08 13:30:00-05:00,20.079999923706055,20.110000610351562,19.969999313354492,19.979999542236328,12272,0.0,0.0
2023-02-08 14:30:00-05:00,19.950000762939453,20.003999710083008,19.895000457763672,20.0,15276,0.0,0.0
2023-02-08 15:30:00-05:00,20.010000228881836,20.110000610351562,20.010000228881836,20.079999923706055,26217,0.0,0.0
2023-02-09 09:30:00-05:00,20.18000030517578,20.290000915527344,20.110000610351562,20.110000610351562,7095,0.0,0.0
2023-02-09 10:30:00-05:00,20.045000076293945,20.049999237060547,19.90999984741211,19.975099563598633,5418,0.0,0.0
2023-02-09 11:30:00-05:00,19.979999542236328,19.979999542236328,19.75,19.775999069213867,12282,0.0,0.0
2023-02-09 12:30:00-05:00,19.780000686645508,19.790000915527344,19.65999984741211,19.65999984741211,14415,0.0,0.0
2023-02-09 13:30:00-05:00,19.649999618530273,19.670000076293945,19.459999084472656,19.549999237060547,15328,0.0,0.0
2023-02-09 14:30:00-05:00,19.56999969482422,19.655000686645508,19.375,19.399999618530273,20769,0.0,0.0
2023-02-09 15:30:00-05:00,19.399999618530273,19.450000762939453,19.270000457763672,19.280000686645508,51577,0.0,0.0
2023-02-10 09:30:00-05:00,19.239999771118164,19.360000610351562,18.85099983215332,19.205699920654297,46515,0.0,0.0
2023-02-10 10:30:00-05:00,19.190000534057617,19.270000457763672,19.190000534057617,19.229999542236328,18411,0.0,0.0
2023-02-10 11:30:00-05:00,19.239999771118164,19.25,19.16659927368164,19.184999465942383,19578,0.0,0.0
2023-02-10 12:30:00-05:00,19.219999313354492,19.639999389648438,19.219999313354492,19.610000610351562,14309,0.0,0.0
2023-02-10 13:30:00-05:00,19.56999969482422,19.6200008392334,19.530000686645508,19.59000015258789,8732,0.0,0.0
2023-02-10 14:30:00-05:00,19.549999237060547,19.649999618530273,19.530000686645508,19.559999465942383,15006,0.0,0.0
2023-02-10 15:30:00-05:00,19.559999465942383,19.600000381469727,19.469999313354492,19.510000228881836,27780,0.0,0.0
2023-02-13 09:30:00-05:00,19.530000686645508,19.735000610351562,19.419300079345703,19.469999313354492,14290,0.0,0.0
2023-02-13 10:30:00-05:00,19.489999771118164,19.540000915527344,19.469999313354492,19.481700897216797,9863,0.0,0.0
2023-02-13 11:30:00-05:00,19.479999542236328,19.540000915527344,19.420000076293945,19.43000030517578,31455,0.0,0.0
2023-02-13 12:30:00-05:00,19.43000030517578,19.450000762939453,19.382400512695312,19.424999237060547,12483,0.0,0.0
2023-02-13 13:30:00-05:00,19.420000076293945,19.450000762939453,19.360000610351562,19.389999389648438,13090,0.0,0.0
2023-02-13 14:30:00-05:00,19.375,19.375,19.280000686645508,19.309999465942383,23690,0.0,0.0
2023-02-13 15:30:00-05:00,19.309999465942383,19.559999465942383,19.309999465942383,19.5,34941,0.0,0.0
2023-02-14 09:30:00-05:00,19.399999618530273,19.649999618530273,19.059999465942383,19.290000915527344,26887,0.0,0.0
2023-02-14 10:30:00-05:00,19.299999237060547,19.350000381469727,19.06999969482422,19.239999771118164,11594,0.0,0.0
2023-02-14 11:30:00-05:00,19.25,19.290000915527344,19.18000030517578,19.290000915527344,7140,0.0,0.0
2023-02-14 12:30:00-05:00,19.280000686645508,19.3700008392334,19.270000457763672,19.299999237060547,17763,0.0,0.0
2023-02-14 13:30:00-05:00,19.290000915527344,19.3700008392334,19.260000228881836,19.309999465942383,12307,0.0,0.0
2023-02-14 14:30:00-05:00,19.309999465942383,19.43000030517578,19.299999237060547,19.309999465942383,15352,0.0,0.0
2023-02-14 15:30:00-05:00,19.299999237060547,19.34000015258789,19.170000076293945,19.184999465942383,34421,0.0,0.0
2023-02-15 09:30:00-05:00,19.040000915527344,19.239999771118164,19.023700714111328,19.209999084472656,22262,0.0,0.0
2023-02-15 10:30:00-05:00,19.229999542236328,19.295400619506836,19.170000076293945,19.24449920654297,18069,0.0,0.0
2023-02-15 11:30:00-05:00,19.260000228881836,19.43000030517578,19.260000228881836,19.299999237060547,13189,0.0,0.0
2023-02-15 12:30:00-05:00,19.299999237060547,19.450000762939453,19.299999237060547,19.450000762939453,11691,0.0,0.0
2023-02-15 13:30:00-05:00,19.479999542236328,19.670000076293945,19.469999313354492,19.592500686645508,20554,0.0,0.0
2023-02-15 14:30:00-05:00,19.59000015258789,19.65999984741211,19.559999465942383,19.584999084472656,15806,0.0,0.0
2023-02-15 15:30:00-05:00,19.59000015258789,19.639999389648438,19.487600326538086,19.56999969482422,37542,0.0,0.0
2023-02-16 09:30:00-05:00,19.200000762939453,19.399999618530273,19.139999389648438,19.270000457763672,40107,0.0,0.0
2023-02-16 10:30:00-05:00,19.270000457763672,19.5,19.25,19.5,15500,0.0,0.0
2023-02-16 11:30:00-05:00,19.479999542236328,19.639999389648438,19.479999542236328,19.571399688720703,11522,0.0,0.0
2023-02-16 12:30:00-05:00,19.63990020751953,19.690000534057617,19.559999465942383,19.68000030517578,19219,0.0,0.0
2023-02-16 13:30:00-05:00,19.639999389648438,19.729999542236328,19.614999771118164,19.625,19135,0.0,0.0
2023-02-16 14:30:00-05:00,19.649999618530273,19.75,19.459999084472656,19.459999084472656,28616,0.0,0.0
2023-02-16 15:30:00-05:00,19.450000762939453,19.540000915527344,19.3799991607666,19.479999542236328,41831,0.0,0.0
2023-02-17 09:30:00-05:00,19.260000228881836,19.290000915527344,18.969999313354492,19.229999542236328,41041,0.0,0.0
2023-02-17 10:30:00-05:00,19.25,19.295799255371094,19.09000015258789,19.09000015258789,11900,0.0,0.0
2023-02-17 11:30:00-05:00,19.1299991607666,19.209999084472656,19.100000381469727,19.184999465942383,10045,0.0,0.0
2023-02-17 12:30:00-05:00,19.209999084472656,19.2278995513916,19.15999984741211,19.170000076293945,9499,0.0,0.0
2023-02-17 13:30:00-05:00,19.139999389648438,19.139999389648438,19.040000915527344,19.06999969482422,10308,0.0,0.0
2023-02-17 14:30:00-05:00,19.09000015258789,19.260000228881836,19.079999923706055,19.15999984741211,15250,0.0,0.0
2023-02-17 15:30:00-05:00,19.165000915527344,19.207000732421875,19.100000381469727,19.110000610351562,19205,0.0,0.0
2023-02-21 09:30:00-05:00,18.81999969482422,18.8799991607666,18.549999237060547,18.610000610351562,18813,0.0,0.0
2023-02-21 10:30:00-05:00,18.649999618530273,18.690000534057617,18.510000228881836,18.545000076293945,19779,0.0,0.0
2023-02-21 11:30:00-05:00,18.559999465942383,18.600000381469727,18.43000030517578,18.460100173950195,15724,0.0,0.0
2023-02-21 12:30:00-05:00,18.47599983215332,18.55900001525879,18.3799991607666,18.420000076293945,30743,0.0,0.0
2023-02-21 13:30:00-05:00,18.440000534057617,18.469999313354492,18.412500381469727,18.440000534057617,11788,0.0,0.0
2023-02-21 14:30:00-05:00,18.459999084472656,18.549999237060547,18.459999084472656,18.540000915527344,14664,0.0,0.0
2023-02-21 15:30:00-05:00,18.559999465942383,18.579999923706055,18.479999542236328,18.479999542236328,34109,0.0,0.0
2023-02-22 09:30:00-05:00,18.510000228881836,18.760000228881836,18.475000381469727,18.739999771118164,27323,0.0,0.0
2023-02-22 10:30:00-05:00,18.71500015258789,18.899999618530273,18.700000762939453,18.790000915527344,15219,0.0,0.0
2023-02-22 11:30:00-05:00,18.770000457763672,18.899999618530273,18.770000457763672,18.889999389648438,12259,0.0,0.0
2023-02-22 12:30:00-05:00,18.889999389648438,19.049999237060547,18.8700008392334,19.040000915527344,17678,0.0,0.0
2023-02-22 13:30:00-05:00,19.020000457763672,19.040000915527344,18.864999771118164,18.969999313354492,39125,0.0,0.0
2023-02-22 14:30:00-05:00,18.950000762939453,18.950000762939453,18.645000457763672,18.645000457763672,35393,0.0,0.0
2023-02-22 15:30:00-05:00,18.645000457763672,18.700000762939453,18.579999923706055,18.700000762939453,32187,0.0,0.0
2023-02-23 09:30:00-05:00,18.790000915527344,19.020000457763672,18.790000915527344,18.895000457763672,13691,0.0,0.0
2023-02-23 10:30:00-05:00,18.850000381469727,18.899999618530273,18.760000228881836,18.829999923706055,16114,0.0,0.0
2023-02-23 11:30:00-05:00,18.84000015258789,18.850000381469727,18.760000228881836,18.760000228881836,6879,0.0,0.0
2023-02-23 12:30:00-05:00,18.780000686645508,18.889999389648438,18.780000686645508,18.860000610351562,17659,0.0,0.0
2023-02-23 13:30:00-05:00,18.850000381469727,18.959999084472656,18.850000381469727,18.920000076293945,16343,0.0,0.0
2023-02-23 14:30:00-05:00,18.920000076293945,19.010000228881836,18.875,18.979999542236328,23112,0.0,0.0
2023-02-23 15:30:00-05:00,18.989999771118164,19.079999923706055,18.989999771118164,19.079999923706055,40133,0.0,0.0
2023-02-24 09:30:00-05:00,18.729999542236328,18.770000457763672,18.459999084472656,18.459999084472656,13809,0.0,0.0
2023-02-24 10:30:00-05:00,18.389999389648438,18.540000915527344,18.329999923706055,18.540000915527344,10819,0.0,0.0
2023-02-24 11:30:00-05:00,18.540000915527344,18.545000076293945,18.3700008392334,18.469999313354492,11896,0.0,0.0
2023-02-24 12:30:00-05:00,18.459999084472656,18.459999084472656,18.280000686645508,18.389999389648438,12509,0.0,0.0
2023-02-24 13:30:00-05:00,18.389999389648438,18.479999542236328,18.34000015258789,18.34670066833496,14373,0.0,0.0
2023-02-24 14:30:00-05:00,18.34000015258789,18.459999084472656,18.280000686645508,18.3799991607666,27725,0.0,0.0
2023-02-24 15:30:00-05:00,18.389999389648438,18.389999389648438,18.25,18.350000381469727,38210,0.0,0.0
2023-02-27 09:30:00-05:00,18.6299991607666,18.8700008392334,18.59000015258789,18.774999618530273,13074,0.0,0.0
2023-02-27 10:30:00-05:00,18.739999771118164,18.739999771118164,18.56999969482422,18.59000015258789,14380,0.0,0.0
2023-02-27 11:30:00-05:00,18.56999969482422,18.56999969482422,18.389999389648438,18.389999389648438,12707,0.0,0.0
2023-02-27 12:30:00-05:00,18.43000030517578,18.489999771118164,18.420000076293945,18.44499969482422,9406,0.0,0.0
2023-02-27 13:30:00-05:00,18.450000762939453,18.530000686645508,18.399999618530273,18.40999984741211,9976,0.0,0.0
2023-02-27 14:30:00-05:00,18.399999618530273,18.450000762939453,18.329999923706055,18.329999923706055,16710,0.0,0.0
2023-02-27 15:30:00-05:00,18.325000762939453,18.399999618530273,18.239999771118164,18.3799991607666,36291,0.0,0.0
2023-02-28 09:30:00-05:00,18.329999923706055,18.549999237060547,18.309999465942383,18.469999313354492,14296,0.0,0.0
2023-02-28 10:30:00-05:00,18.5,18.56999969482422,18.43000030517578,18.540000915527344,7643,0.0,0.0
2023-02-28 11:30:00-05:00,18.549999237060547,18.579999923706055,18.479999542236328,18.549999237060547,13676,0.0,0.0
2023-02-28 12:30:00-05:00,18.559999465942383,18.6299991607666,18.549999237060547,18.6200008392334,21203,0.0,0.0
2023-02-28 13:30:00-05:00,18.610000610351562,18.6200008392334,18.545000076293945,18.559999465942383,16773,0.0,0.0
2023-02-28 14:30:00-05:00,18.56999969482422,18.59000015258789,18.5,18.520000457763672,22843,0.0,0.0
2023-02-28 15:30:00-05:00,18.5137996673584,18.530000686645508,18.40999984741211,18.420000076293945,36294,0.0,0.0
2023-03-01 09:30:00-05:00,18.329999923706055,18.34000015258789,17.75,17.790000915527344,44199,0.0,0.0
2023-03-01 10:30:00-05:00,17.790000915527344,17.8799991607666,17.59000015258789,17.674999237060547,25500,0.0,0.0
2023-03-01 11:30:00-05:00,17.65999984741211,17.969999313354492,17.65999984741211,17.940000534057617,20092,0.0,0.0
2023-03-01 12:30:00-05:00,17.969999313354492,17.979999542236328,17.875,17.8799991607666,13117,0.0,0.0
2023-03-01 13:30:00-05:00,17.860000610351562,17.969999313354492,17.854999542236328,17.90999984741211,36022,0.0,0.0
2023-03-01 14:30:00-05:00,17.889999389648438,17.889999389648438,17.75,17.80500030517578,17304,0.0,0.0
2023-03-01 15:30:00-05:00,17.809999465942383,17.979999542236328,17.809999465942383,17.979999542236328,43885,0.0,0.0
2023-03-02 09:30:00-05:00,17.81999969482422,18.094999313354492,17.780000686645508,18.094999313354492,7434,0.0,0.0
2023-03-02 10:30:00-05:00,18.09000015258789,18.170000076293945,18.05500030517578,18.06999969482422,11730,0.0,0.0
2023-03-02 11:30:00-05:00,18.065000534057617,18.09000015258789,17.989999771118164,18.024999618530273,8347,0.0,0.0
2023-03-02 12:30:00-05:00,18.049100875854492,18.059999465942383,17.950000762939453,17.950000762939453,9076,0.0,0.0
2023-03-02 13:30:00-05:00,17.934999465942383,18.094999313354492,17.90999984741211,18.040000915527344,21503,0.0,0.0
2023-03-02 14:30:00-05:00,18.030000686645508,18.03499984741211,17.979999542236328,18.020000457763672,16956,0.0,0.0
2023-03-02 15:30:00-05:00,18.040000915527344,18.1200008392334,18.030000686645508,18.1200008392334,24961,0.0,0.0
2023-03-03 09:30:00-05:00,18.190000534057617,18.25,18.020000457763672,18.1200008392334,17355,0.0,0.0
2023-03-03 10:30:00-05:00,18.139999389648438,18.18000030517578,17.9950008392334,18.18000030517578,15302,0.0,0.0
2023-03-03 11:30:00-05:00,18.200000762939453,18.25,18.170000076293945,18.219999313354492,6633,0.0,0.0
2023-03-03 12:30:00-05:00,18.229900360107422,18.309999465942383,18.200899124145508,18.280000686645508,10750,0.0,0.0
2023-03-03 13:30:00-05:00,18.299999237060547,18.409000396728516,18.280000686645508,18.350000381469727,11212,0.0,0.0
2023-03-03 14:30:00-05:00,18.360000610351562,18.420000076293945,18.34000015258789,18.420000076293945,13718,0.0,0.0
2023-03-03 15:30:00-05:00,18.40999984741211,18.440000534057617,18.3799991607666,18.389999389648438,42701,0.0,0.0
2023-03-06 09:30:00-05:00,18.399999618530273,18.46500015258789,18.049999237060547,18.06999969482422,27829,0.0,0.0
2023-03-06 10:30:00-05:00,18.040000915527344,18.040000915527344,17.56999969482422,17.600000381469727,24489,0.0,0.0
2023-03-06 11:30:00-05:00,17.609600067138672,17.639999389648438,17.43000030517578,17.545000076293945,21916,0.0,0.0
2023-03-06 12:30:00-05:00,17.530000686645508,17.530000686645508,17.350000381469727,17.5,60216,0.0,0.0
2023-03-06 13:30:00-05:00,17.485000610351562,17.485000610351562,17.3700008392334,17.420000076293945,17273,0.0,0.0
2023-03-06 14:30:00-05:00,17.424999237060547,17.56999969482422,17.424999237060547,17.530000686645508,44042,0.0,0.0
2023-03-06 15:30:00-05:00,17.53499984741211,17.770000457763672,17.524999618530273,17.700000762939453,73008,0.0,0.0
2023-03-07 09:30:00-05:00,17.760000228881836,17.8700008392334,17.65999984741211,17.760000228881836,23849,0.0,0.0
2023-03-07 10:30:00-05:00,17.760000228881836,17.81999969482422,17.670000076293945,17.69499969482422,30281,0.0,0.0
2023-03-07 11:30:00-05:00,17.700000762939453,17.770000457763672,17.68000030517578,17.68000030517578,24148,0.0,0.0
2023-03-07 12:30:00-05:00,17.68000030517578,17.719999313354492,17.645000457763672,17.700000762939453,30415,0.0,0.0
2023-03-07 13:30:00-05:00,17.709999084472656,17.75,17.5,17.5,19748,0.0,0.0
2023-03-07 14:30:00-05:00,17.5,17.625,17.399999618530273,17.625,26607,0.0,0.0
2023-03-07 15:30:00-05:00,17.610000610351562,17.709999084472656,17.610000610351562,17.679000854492188,48987,0.0,0.0
2023-03-08 09:30:00-05:00,17.670000076293945,17.780000686645508,17.670000076293945,17.780000686645508,22746,0.0,0.0
2023-03-08 10:30:00-05:00,17.759899139404297,17.905000686645508,17.719999313354492,17.860000610351562,28926,0.0,0.0
2023-03-08 11:30:00-05:00,17.850000381469727,17.8799991607666,17.777000427246094,17.852500915527344,43433,0.0,0.0
2023-03-08 12:30:00-05:00,17.850000381469727,17.8799991607666,17.829999923706055,17.854999542236328,30062,0.0,0.0
2023-03-08 13:30:00-05:00,17.850000381469727,17.93000030517578,17.747499465942383,17.760000228881836,30469,0.0,0.0
2023-03-08 14:30:00-05:00,17.770000457763672,17.860000610351562,17.760000228881836,17.809999465942383,20500,0.0,0.0
2023-03-08 15:30:00-05:00,17.81999969482422,17.940000534057617,17.81999969482422,17.920000076293945,49159,0.0,0.0
2023-03-09 09:30:00-05:00,17.920000076293945,17.924999237060547,17.69499969482422,17.889999389648438,20822,0.0,0.0
2023-03-09 10:30:00-05:00,17.940000534057617,18.155000686645508,17.940000534057617,18.149999618530273,29353,0.0,0.0
2023-03-09 11:30:00-05:00,18.1200008392334,18.15999984741211,18.040000915527344,18.1299991607666,18714,0.0,0.0
2023-03-09 12:30:00-05:00,18.149999618530273,18.190000534057617,18.030000686645508,18.06999969482422,19052,0.0,0.0
2023-03-09 13:30:00-05:00,18.05500030517578,18.209999084472656,18.05500030517578,18.200000762939453,33928,0.0,0.0
2023-03-09 14:30:00-05:00,18.170000076293945,18.200000762939453,17.979999542236328,18.010000228881836,25562,0.0,0.0
2023-03-09 15:30:00-05:00,18.0,18.059999465942383,17.93000030517578,17.979999542236328,56801,0.0,0.0
2023-03-10 09:30:00-05:00,17.8799991607666,17.8799991607666,17.440000534057617,17.649999618530273,24449,0.0,0.0
2023-03-10 10:30:00-05:00,17.649999618530273,17.690000534057617,17.579999923706055,17.635000228881836,26668,0.0,0.0
2023-03-10 11:30:00-05:00,17.639999389648438,17.690000534057617,17.520000457763672,17.559999465942383,34178,0.0,0.0
2023-03-10 12:30:00-05:00,17.56999969482422,17.670000076293945,17.31999969482422,17.344999313354492,33416,0.0,0.0
2023-03-10 13:30:00-05:00,17.350000381469727,17.489999771118164,17.229999542236328,17.440000534057617,25726,0.0,0.0
2023-03-10 14:30:00-05:00,17.459999084472656,17.6200008392334,17.395000457763672,17.395000457763672,37081,0.0,0.0
2023-03-10 15:30:00-05:00,17.3799991607666,17.3799991607666,17.290000915527344,17.31999969482422,45325,0.0,0.0
2023-03-13 09:30:00-04:00,16.959999084472656,17.014999389648438,15.824999809265137,15.869999885559082,98185,0.0,0.0
2023-03-13 10:30:00-04:00,15.890000343322754,16.3799991607666,15.869999885559082,16.3799991607666,60023,0.0,0.0
2023-03-13 11:30:00-04:00,16.389999389648438,16.40999984741211,15.940099716186523,15.949999809265137,51178,0.0,0.0
2023-03-13 12:30:00-04:00,15.920000076293945,15.970000267028809,15.720000267028809,15.75,62599,0.0,0.0
2023-03-13 13:30:00-04:00,15.729999542236328,15.880000114440918,15.649999618530273,15.739999771118164,65198,0.0,0.0
2023-03-13 14:30:00-04:00,15.770000457763672,15.890000343322754,15.6899995803833,15.789999961853027,85953,0.0,0.0
2023-03-13 15:30:00-04:00,15.795000076293945,15.9399995803833,15.795000076293945,15.890000343322754,114115,0.0,0.0
2023-03-14 09:30:00-04:00,16.479999542236328,16.719999313354492,16.31999969482422,16.71500015258789,34167,0.0,0.0
2023-03-14 10:30:00-04:00,16.729999542236328,16.899999618530273,16.610000610351562,16.799999237060547,51599,0.0,0.0
2023-03-14 11:30:00-04:00,16.790000915527344,16.795000076293945,16.6299991607666,16.649999618530273,20952,0.0,0.0
2023-03-14 12:30:00-04:00,16.639999389648438,16.700000762939453,16.364999771118164,16.459999084472656,25813,0.0,0.0
2023-03-14 13:30:00-04:00,16.43000030517578,16.579999923706055,16.360000610351562,16.469999313354492,44193,0.0,0.0
2023-03-14 14:30:00-04:00,16.489999771118164,16.520000457763672,16.200000762939453,16.25,38061,0.0,0.0
2023-03-14 15:30:00-04:00,16.25,16.424999237060547,16.25,16.3700008392334,75090,0.0,0.0
2023-03-15 09:30:00-04:00,15.819999694824219,15.930000305175781,15.529999732971191,15.680000305175781,43907,0.0,0.0
2023-03-15 10:30:00-04:00,15.670000076293945,15.850000381469727,15.510000228881836,15.829999923706055,30297,0.0,0.0
2023-03-15 11:30:00-04:00,15.819999694824219,15.819999694824219,15.46500015258789,15.479999542236328,40800,0.0,0.0
2023-03-15 12:30:00-04:00,15.510000228881836,15.630000114440918,15.380000114440918,15.625,30110,0.0,0.0
2023-03-15 13:30:00-04:00,15.609999656677246,15.920000076293945,15.529999732971191,15.90999984741211,50824,0.0,0.0
2023-03-15 14:30:00-04:00,15.869999885559082,15.920000076293945,15.710000038146973,15.869999885559082,42071,0.0,0.0
2023-03-15 15:30:00-04:00,15.869999885559082,15.90999984741211,15.8100004196167,15.90999984741211,66561,0.0,0.0
2023-03-16 09:30:00-04:00,15.6899995803833,15.6899995803833,15.100000381469727,15.119999885559082,40454,0.0,0.0
2023-03-16 10:30:00-04:00,15.130000114440918,15.710000038146973,15.130000114440918,15.670000076293945,30175,0.0,0.0
2023-03-16 11:30:00-04:00,15.65999984741211,15.819999694824219,15.600000381469727,15.720000267028809,19370,0.0,0.0
2023-03-16 12:30:00-04:00,15.720000267028809,15.75,15.510000228881836,15.5600004196167,65538,0.0,0.0
2023-03-16 13:30:00-04:00,15.550000190734863,15.5600004196167,15.324999809265137,15.329999923706055,59256,0.0,0.0
2023-03-16 14:30:00-04:00,15.319999694824219,15.539999961853027,15.270000457763672,15.515000343322754,32714,0.0,0.0
2023-03-16 15:30:00-04:00,15.5,15.5,15.369999885559082,15.369999885559082,59307,0.0,0.0
2023-03-17 09:30:00-04:00,15.3100004196167,15.364999771118164,14.930000305175781,15.09000015258789,129503,0.0,0.0
2023-03-17 10:30:00-04:00,15.100000381469727,15.100000381469727,14.880000114440918,14.920000076293945,41792,0.0,0.0
2023-03-17 11:30:00-04:00,14.9399995803833,15.039999961853027,14.890000343322754,14.949999809265137,56282,0.0,0.0
2023-03-17 12:30:00-04:00,14.96500015258789,15.020000457763672,14.869999885559082,14.899999618530273,37899,0.0,0.0
2023-03-17 13:30:00-04:00,14.899999618530273,14.949999809265137,14.5,14.520000457763672,49886,0.0,0.0
2023-03-17 14:30:00-04:00,14.529999732971191,14.550000190734863,14.359999656677246,14.550000190734863,86415,0.0,0.0
2023-03-17 15:30:00-04:00,14.5600004196167,14.5600004196167,14.359999656677246,14.420000076293945,102384,0.0,0.0
2023-03-20 09:30:00-04:00,14.75,15.5,14.704999923706055,15.489999771118164,52737,0.0,0.0
2023-03-20 10:30:00-04:00,15.505000114440918,15.619999885559082,15.404999732971191,15.619999885559082,33999,0.0,0.0
2023-03-20 11:30:00-04:00,15.609999656677246,15.609999656677246,15.170000076293945,15.194999694824219,34086,0.0,0.0
2023-03-20 12:30:00-04:00,15.210000038146973,15.449999809265137,15.149999618530273,15.449999809265137,26908,0.0,0.0
2023-03-20 13:30:00-04:00,15.4399995803833,15.449700355529785,15.199999809265137,15.199999809265137,39252,0.0,0.0
2023-03-20 14:30:00-04:00,15.180000305175781,15.1899995803833,15.130000114440918,15.1899995803833,30427,0.0,0.0
2023-03-20 15:30:00-04:00,15.180000305175781,15.220000267028809,15.130000114440918,15.140000343322754,77529,0.0,0.0
2023-03-21 09:30:00-04:00,15.600000381469727,16.047000885009766,15.600000381469727,15.84000015258789,39147,0.0,0.0
2023-03-21 10:30:00-04:00,15.8100004196167,15.869999885559082,15.560099601745605,15.75,17461,0.0,0.0
2023-03-21 11:30:00-04:00,15.75,15.800000190734863,15.610099792480469,15.65999984741211,18683,0.0,0.0
2023-03-21 12:30:00-04:00,15.670000076293945,15.689900398254395,15.579999923706055,15.630000114440918,23027,0.0,0.0
2023-03-21 13:30:00-04:00,15.649999618530273,15.65999984741211,15.5,15.5,25947,0.0,0.0
2023-03-21 14:30:00-04:00,15.529999732971191,15.720000267028809,15.510000228881836,15.6899995803833,41230,0.0,0.0
2023-03-21 15:30:00-04:00,15.699999809265137,15.850000381469727,15.694999694824219,15.75,50798,0.0,0.0
2023-03-22 09:30:00-04:00,15.789999961853027,15.859999656677246,15.720000267028809,15.84000015258789,22629,0.0,0.0
2023-03-22 10:30:00-04:00,15.859999656677246,15.869999885559082,15.71500015258789,15.71500015258789,20922,0.0,0.0
2023-03-22 11:30:00-04:00,15.6899995803833,15.7322998046875,15.600000381469727,15.720000267028809,21433,0.0,0.0
2023-03-22 12:30:00-04:00,15.670000076293945,15.729999542236328,15.604000091552734,15.619999885559082,25877,0.0,0.0
2023-03-22 13:30:00-04:00,15.649999618530273,15.800000190734863,15.630000114440918,15.744999885559082,45074,0.0,0.0
2023-03-22 14:30:00-04:00,15.729999542236328,15.850000381469727,15.529999732971191,15.619999885559082,48714,0.0,0.0
2023-03-22 15:30:00-04:00,15.600000381469727,15.600000381469727,15.279999732971191,15.279999732971191,53405,0.0,0.0
2023-03-23 09:30:00-04:00,15.359999656677246,15.494999885559082,15.260000228881836,15.40999984741211,17042,0.0,0.0
2023-03-23 10:30:00-04:00,15.329999923706055,15.449999809265137,15.329999923706055,15.369999885559082,23235,0.0,0.0
2023-03-23 11:30:00-04:00,15.369999885559082,15.380000114440918,15.170000076293945,15.220000267028809,18490,0.0,0.0
2023-03-23 12:30:00-04:00,15.234999656677246,15.25,15.03499984741211,15.079999923706055,21300,0.0,0.0
2023-03-23 13:30:00-04:00,15.109999656677246,15.109999656677246,14.930000305175781,14.930000305175781,20927,0.0,0.0
2023-03-23 14:30:00-04:00,14.9399995803833,15.079999923706055,14.84000015258789,14.930000305175781,33647,0.0,0.0
2023-03-23 15:30:00-04:00,14.90999984741211,15.130000114440918,14.904999732971191,14.989999771118164,46650,0.0,0.0
2023-03-24 09:30:00-04:00,14.819999694824219,14.949999809265137,14.729999542236328,14.949999809265137,16280,0.0,0.0
2023-03-24 10:30:00-04:00,14.960000038146973,15.050000190734863,14.789999961853027,14.90999984741211,20605,0.0,0.0
2023-03-24 11:30:00-04:00,14.880000114440918,15.100000381469727,14.859999656677246,14.984999656677246,25946,0.0,0.0
2023-03-24 12:30:00-04:00,14.989999771118164,15.0600004196167,14.920000076293945,14.960000038146973,14145,0.0,0.0
2023-03-24 13:30:00-04:00,14.970000267028809,15.119999885559082,14.951700210571289,15.104999542236328,14967,0.0,0.0
2023-03-24 14:30:00-04:00,15.079999923706055,15.149999618530273,15.029999732971191,15.140000343322754,22227,0.0,0.0
2023-03-24 15:30:00-04:00,15.149999618530273,15.15999984741211,15.0600004196167,15.100000381469727,34443,0.0,0.0
2023-03-27 09:30:00-04:00,15.319999694824219,15.539999961853027,15.319999694824219,15.40999984741211,25196,0.0,0.0
2023-03-27 10:30:00-04:00,15.430000305175781,15.444299697875977,15.279999732971191,15.390000343322754,17986,0.0,0.0
2023-03-27 11:30:00-04:00,15.399999618530273,15.40999984741211,15.279999732971191,15.345000267028809,16118,0.0,0.0
2023-03-27 12:30:00-04:00,15.345000267028809,15.460000038146973,15.329999923706055,15.413800239562988,14546,0.0,0.0
2023-03-27 13:30:00-04:00,15.4399995803833,15.510000228881836,15.430000305175781,15.5,22396,0.0,0.0
2023-03-27 14:30:00-04:00,15.510000228881836,15.595000267028809,15.510000228881836,15.545000076293945,23033,0.0,0.0
2023-03-27 15:30:00-04:00,15.550000190734863,15.5600004196167,15.449999809265137,15.479999542236328,46784,0.0,0.0
2023-03-28 09:30:00-04:00,15.4399995803833,15.75,15.420000076293945,15.670000076293945,20678,0.0,0.0
2023-03-28 10:30:00-04:00,15.579999923706055,15.680000305175781,15.539999961853027,15.59000015258789,15294,0.0,0.0
2023-03-28 11:30:00-04:00,15.595000267028809,15.619999885559082,15.53499984741211,15.53499984741211,10000,0.0,0.0
2023-03-28 12:30:00-04:00,15.520000457763672,15.555000305175781,15.460000038146973,15.520000457763672,29047,0.0,0.0
2023-03-28 13:30:00-04:00,15.520000457763672,15.520000457763672,15.40999984741211,15.460000038146973,33186,0.0,0.0
2023-03-28 14:30:00-04:00,15.454999923706055,15.5,15.449999809265137,15.460000038146973,14739,0.0,0.0
2023-03-28 15:30:00-04:00,15.460000038146973,15.510000228881836,15.460000038146973,15.489999771118164,29554,0.0,0.0
2023-03-29 09:30:00-04:00,15.699999809265137,15.710000038146973,15.5600004196167,15.6899995803833,11210,0.0,0.0
2023-03-29 10:30:00-04:00,15.699999809265137,15.75,15.470000267028809,15.574999809265137,21558,0.0,0.0
2023-03-29 11:30:00-04:00,15.619999885559082,15.619999885559082,15.484999656677246,15.5,36318,0.0,0.0
2023-03-29 12:30:00-04:00,15.5,15.5,15.4399995803833,15.460000038146973,14295,0.0,0.0
2023-03-29 13:30:00-04:00,15.489999771118164,15.640000343322754,15.430000305175781,15.630000114440918,22821,0.0,0.0
2023-03-29 14:30:00-04:00,15.609999656677246,15.670000076293945,15.5600004196167,15.630000114440918,14220,0.0,0.0
2023-03-29 15:30:00-04:00,15.609999656677246,15.65999984741211,15.5600004196167,15.600000381469727,23292,0.0,0.0
2023-03-30 09:30:00-04:00,15.75,15.90999984741211,15.740900039672852,15.890000343322754,16330,0.0,0.0
2023-03-30 10:30:00-04:00,15.899999618530273,15.92710018157959,15.680000305175781,15.720000267028809,9695,0.0,0.0
2023-03-30 11:30:00-04:00,15.65999984741211,15.729999542236328,15.609999656677246,15.670000076293945,10955,0.0,0.0
2023-03-30 12:30:00-04:00,15.640000343322754,15.649999618530273,15.520000457763672,15.614999771118164,23685,0.0,0.0
2023-03-30 13:30:00-04:00,15.649999618530273,15.649999618530273,15.539999961853027,15.630000114440918,7074,0.0,0.0
2023-03-30 14:30:00-04:00,15.670000076293945,15.670000076293945,15.520000457763672,15.569999694824219,13677,0.0,0.0
2023-03-30 15:30:00-04:00,15.600000381469727,15.680000305175781,15.569999694824219,15.649999618530273,27801,0.0,0.0
2023-03-31 09:30:00-04:00,15.869999885559082,15.979999542236328,15.779999732971191,15.880000114440918,16993,0.0,0.0
2023-03-31 10:30:00-04:00,15.861700057983398,16.0,15.729999542236328,15.984999656677246,12028,0.0,0.0
2023-03-31 11:30:00-04:00,15.989999771118164,15.989999771118164,15.850000381469727,15.869999885559082,10312,0.0,0.0
2023-03-31 12:30:00-04:00,15.859999656677246,15.880000114440918,15.760000228881836,15.880000114440918,14398,0.0,0.0
2023-03-31 13:30:00-04:00,15.880000114440918,15.880000114440918,15.789999961853027,15.859999656677246,13920,0.0,0.0
2023-03-31 14:30:00-04:00,15.899999618530273,15.985400199890137,15.850000381469727,15.985400199890137,16253,0.0,0.0
2023-03-31 15:30:00-04:00,15.960000038146973,16.100000381469727,15.90999984741211,16.010000228881836,63067,0.0,0.0
2023-04-03 09:30:00-04:00,16.049999237060547,16.23819923400879,15.970000267028809,16.190000534057617,19959,0.0,0.0
2023-04-03 10:30:00-04:00,16.15999984741211,16.15999984741211,15.850000381469727,15.904999732971191,27063,0.0,0.0
2023-04-03 11:30:00-04:00,15.90999984741211,16.02989959716797,15.90999984741211,15.989999771118164,11544,0.0,0.0
2023-04-03 12:30:00-04:00,15.989999771118164,16.030000686645508,15.960000038146973,15.975000381469727,10109,0.0,0.0
2023-04-03 13:30:00-04:00,15.989999771118164,16.059999465942383,15.930000305175781,16.045000076293945,19110,0.0,0.0
2023-04-03 14:30:00-04:00,16.05500030517578,16.15999984741211,16.040000915527344,16.06999969482422,26225,0.0,0.0
2023-04-03 15:30:00-04:00,16.049999237060547,16.1200008392334,16.0049991607666,16.1200008392334,53251,0.0,0.0
2023-04-04 09:30:00-04:00,16.18000030517578,16.18000030517578,15.770000457763672,15.79699993133545,23522,0.0,0.0
2023-04-04 10:30:00-04:00,15.710000038146973,15.710000038146973,15.550000190734863,15.59000015258789,10689,0.0,0.0
2023-04-04 11:30:00-04:00,15.579999923706055,15.680000305175781,15.569999694824219,15.640000343322754,7428,0.0,0.0
2023-04-04 12:30:00-04:00,15.640000343322754,15.760000228881836,15.619999885559082,15.6899995803833,11805,0.0,0.0
2023-04-04 13:30:00-04:00,15.670100212097168,15.70580005645752,15.600000381469727,15.600000381469727,11064,0.0,0.0
2023-04-04 14:30:00-04:00,15.569999694824219,15.635000228881836,15.5600004196167,15.59000015258789,20498,0.0,0.0
2023-04-04 15:30:00-04:00,15.600000381469727,15.670000076293945,15.595000267028809,15.649999618530273,29384,0.0,0.0
2023-04-05 09:30:00-04:00,15.5,15.597000122070312,15.40999984741211,15.430000305175781,11668,0.0,0.0
2023-04-05 10:30:00-04:00,15.420000076293945,15.489999771118164,15.399999618530273,15.40999984741211,5172,0.0,0.0
2023-04-05 11:30:00-04:00,15.460000038146973,15.494999885559082,15.380000114440918,15.470000267028809,9087,0.0,0.0
2023-04-05 12:30:00-04:00,15.470000267028809,15.649999618530273,15.470000267028809,15.609999656677246,5259,0.0,0.0
2023-04-05 13:30:00-04:00,15.604999542236328,15.609999656677246,15.539999961853027,15.539999961853027,12325,0.0,0.0
2023-04-05 14:30:00-04:00,15.539999961853027,15.569999694824219,15.430000305175781,15.4399995803833,15109,0.0,0.0
2023-04-05 15:30:00-04:00,15.449999809265137,15.510000228881836,15.430000305175781,15.489999771118164,23081,0.0,0.0
2023-04-06 09:30:00-04:00,15.640000343322754,15.649999618530273,15.524999618530273,15.609999656677246,13151,0.0,0.0
2023-04-06 10:30:00-04:00,15.579999923706055,15.710000038146973,15.529999732971191,15.670000076293945,11882,0.0,0.0
2023-04-06 11:30:00-04:00,15.649999618530273,15.75,15.635000228881836,15.710000038146973,9806,0.0,0.0
2023-04-06 12:30:00-04:00,15.720000267028809,15.789999961853027,15.720000267028809,15.760000228881836,8028,0.0,0.0
2023-04-06 13:30:00-04:00,15.734999656677246,15.73840045928955,15.640000343322754,15.663100242614746,7856,0.0,0.0
2023-04-06 14:30:00-04:00,15.664999961853027,15.729999542236328,15.635000228881836,15.65999984741211,17601,0.0,0.0
2023-04-06 15:30:00-04:00,15.65999984741211,15.664999961853027,15.630000114440918,15.649999618530273,25835,0.0,0.0
2023-04-10 09:30:00-04:00,15.630000114440918,15.850000381469727,15.630000114440918,15.770000457763672,21459,0.0,0.0
2023-04-10 10:30:00-04:00,15.779999732971191,15.854999542236328,15.720000267028809,15.75,19529,0.0,0.0
2023-04-10 11:30:00-04:00,15.75,15.75,15.520000457763672,15.529999732971191,15692,0.0,0.0
2023-04-10 12:30:00-04:00,15.53499984741211,15.65999984741211,15.53499984741211,15.649999618530273,16198,0.0,0.0
2023-04-10 13:30:00-04:00,15.65880012512207,15.779999732971191,15.604999542236328,15.6899995803833,23551,0.0,0.0
2023-04-10 14:30:00-04:00,15.699999809265137,15.8100004196167,15.680000305175781,15.779999732971191,14771,0.0,0.0
2023-04-10 15:30:00-04:00,15.779999732971191,15.859999656677246,15.770000457763672,15.819999694824219,62163,0.0,0.0
2023-04-11 09:30:00-04:00,15.9399995803833,16.010000228881836,15.789999961853027,15.829999923706055,12591,0.0,0.0
2023-04-11 10:30:00-04:00,15.789999961853027,15.979999542236328,15.779999732971191,15.96500015258789,16814,0.0,0.0
2023-04-11 11:30:00-04:00,16.0,16.0,15.884099960327148,15.9399995803833,13815,0.0,0.0
2023-04-11 12:30:00-04:00,15.979999542236328,16.049999237060547,15.9399995803833,16.020000457763672,21510,0.0,0.0
2023-04-11 13:30:00-04:00,16.010000228881836,16.020000457763672,15.949999809265137,15.960000038146973,7273,0.0,0.0
2023-04-11 14:30:00-04:00,15.960000038146973,16.06999969482422,15.779999732971191,15.819999694824219,50104,0.0,0.0
2023-04-11 15:30:00-04:00,15.84000015258789,15.880000114440918,15.739999771118164,15.779999732971191,35580,0.0,0.0
2023-04-12 09:30:00-04:00,16.040000915527344,16.40999984741211,15.869999885559082,15.912500381469727,15501,0.0,0.0
2023-04-12 10:30:00-04:00,15.850000381469727,15.850000381469727,15.579999923706055,15.65999984741211,21354,0.0,0.0
2023-04-12 11:30:00-04:00,15.699999809265137,15.720000267028809,15.649999618530273,15.720000267028809,11728,0.0,0.0
2023-04-12 12:30:00-04:00,15.670000076293945,15.8100004196167,15.635000228881836,15.8100004196167,7456,0.0,0.0
2023-04-12 13:30:00-04:00,15.803000450134277,15.8100004196167,15.670000076293945,15.670000076293945,13344,0.0,0.0
2023-04-12 14:30:00-04:00,15.649999618530273,15.680000305175781,15.479999542236328,15.489999771118164,30062,0.0,0.0
2023-04-12 15:30:00-04:00,15.489999771118164,15.579999923706055,15.449999809265137,15.569999694824219,66114,0.0,0.0
2023-04-13 09:30:00-04:00,15.5600004196167,15.5600004196167,15.390000343322754,15.495200157165527,9855,0.0,0.0
2023-04-13 10:30:00-04:00,15.484999656677246,15.510000228881836,15.399999618530273,15.4399995803833,8046,0.0,0.0
2023-04-13 11:30:00-04:00,15.489999771118164,15.539999961853027,15.420000076293945,15.53499984741211,9306,0.0,0.0
2023-04-13 12:30:00-04:00,15.520000457763672,15.670000076293945,15.520000457763672,15.65999984741211,10331,0.0,0.0
2023-04-13 13:30:00-04:00,15.662799835205078,15.770000457763672,15.65999984741211,15.770000457763672,20168,0.0,0.0
2023-04-13 14:30:00-04:00,15.779999732971191,15.829999923706055,15.75,15.800000190734863,15373,0.0,0.0
2023-04-13 15:30:00-04:00,15.789999961853027,15.789999961853027,15.699999809265137,15.760000228881836,35005,0.0,0.0
2023-04-14 09:30:00-04:00,15.739999771118164,15.899999618530273,15.680000305175781,15.680000305175781,16434,0.0,0.0
2023-04-14 10:30:00-04:00,15.6899995803833,15.699999809265137,15.454999923706055,15.454999923706055,11617,0.0,0.0
2023-04-14 11:30:00-04:00,15.484999656677246,15.5600004196167,15.40999984741211,15.53499984741211,14677,0.0,0.0
2023-04-14 12:30:00-04:00,15.53499984741211,15.609999656677246,15.449999809265137,15.520000457763672,25624,0.0,0.0
2023-04-14 13:30:00-04:00,15.520000457763672,15.609999656677246,15.470000267028809,15.600000381469727,19794,0.0,0.0
2023-04-14 14:30:00-04:00,15.630000114440918,15.680000305175781,15.515700340270996,15.59000015258789,35032,0.0,0.0
2023-04-14 15:30:00-04:00,15.619999885559082,15.619999885559082,15.539999961853027,15.550000190734863,45953,0.0,0.0
2023-04-17 09:30:00-04:00,15.600000381469727,15.786999702453613,15.600000381469727,15.739899635314941,12692,0.0,0.0
2023-04-17 10:30:00-04:00,15.71500015258789,15.739999771118164,15.649999618530273,15.704999923706055,10702,0.0,0.0
2023-04-17 11:30:00-04:00,15.670000076293945,15.729999542236328,15.640000343322754,15.71500015258789,9458,0.0,0.0
2023-04-17 12:30:00-04:00,15.71500015258789,15.760000228881836,15.555000305175781,15.555000305175781,24638,0.0,0.0
2023-04-17 13:30:00-04:00,15.600000381469727,15.600000381469727,15.380000114440918,15.380000114440918,20115,0.0,0.0
2023-04-17 14:30:00-04:00,15.380000114440918,15.619999885559082,15.380000114440918,15.595000267028809,20148,0.0,0.0
2023-04-17 15:30:00-04:00,15.579999923706055,15.630000114440918,15.550000190734863,15.619999885559082,28312,0.0,0.0
2023-04-18 09:30:00-04:00,15.65999984741211,15.65999984741211,15.40999984741211,15.479999542236328,8355,0.0,0.0
2023-04-18 10:30:00-04:00,15.460000038146973,15.510000228881836,15.359999656677246,15.420000076293945,12560,0.0,0.0
2023-04-18 11:30:00-04:00,15.420000076293945,15.470000267028809,15.369999885559082,15.460000038146973,8524,0.0,0.0
2023-04-18 12:30:00-04:00,15.470000267028809,15.479999542236328,15.350000381469727,15.369999885559082,11635,0.0,0.0
2023-04-18 13:30:00-04:00,15.385000228881836,15.420000076293945,15.319999694824219,15.404999732971191,9768,0.0,0.0
2023-04-18 14:30:00-04:00,15.395999908447266,15.404999732971191,15.28499984741211,15.359999656677246,15714,0.0,0.0
2023-04-18 15:30:00-04:00,15.368499755859375,15.420000076293945,15.350000381469727,15.390000343322754,27148,0.0,0.0
2023-04-19 09:30:00-04:00,15.350000381469727,15.600000381469727,15.319999694824219,15.550000190734863,22713,0.0,0.0
2023-04-19 10:30:00-04:00,15.529999732971191,15.670000076293945,15.529999732971191,15.625,16225,0.0,0.0
2023-04-19 11:30:00-04:00,15.600000381469727,15.625,15.524999618530273,15.579999923706055,24091,0.0,0.0
2023-04-19 12:30:00-04:00,15.609999656677246,15.710000038146973,15.609999656677246,15.654999732971191,14776,0.0,0.0
2023-04-19 13:30:00-04:00,15.654999732971191,15.71500015258789,15.649999618530273,15.710000038146973,13108,0.0,0.0
2023-04-19 14:30:00-04:00,15.729999542236328,15.774999618530273,15.720000267028809,15.774999618530273,16829,0.0,0.0
2023-04-19 15:30:00-04:00,15.770000457763672,15.809700012207031,15.6899995803833,15.75,45649,0.0,0.0
2023-04-20 09:30:00-04:00,15.630000114440918,15.630000114440918,15.40999984741211,15.609999656677246,16690,0.0,0.0
2023-04-20 10:30:00-04:00,15.640000343322754,15.649999618530273,15.470000267028809,15.482199668884277,9303,0.0,0.0
2023-04-20 11:30:00-04:00,15.470000267028809,15.529999732971191,15.460000038146973,15.484199523925781,8606,0.0,0.0
2023-04-20 12:30:00-04:00,15.510000228881836,15.539999961853027,15.480400085449219,15.53499984741211,6397,0.0,0.0
2023-04-20 13:30:00-04:00,15.550000190734863,15.550000190734863,15.4399995803833,15.470000267028809,8625,0.0,0.0
2023-04-20 14:30:00-04:00,15.4399995803833,15.4399995803833,15.270000457763672,15.305000305175781,26092,0.0,0.0
2023-04-20 15:30:00-04:00,15.319999694824219,15.5,15.3100004196167,15.489999771118164,47108,0.0,0.0
2023-04-21 09:30:00-04:00,15.579999923706055,15.619999885559082,15.34000015258789,15.430000305175781,25308,0.0,0.0
2023-04-21 10:30:00-04:00,15.430000305175781,15.430000305175781,15.229999542236328,15.265000343322754,10618,0.0,0.0
2023-04-21 11:30:00-04:00,15.270000457763672,15.34000015258789,15.229999542236328,15.300000190734863,7928,0.0,0.0
2023-04-21 12:30:00-04:00,15.25,15.335700035095215,15.229999542236328,15.260000228881836,16827,0.0,0.0
2023-04-21 13:30:00-04:00,15.279999732971191,15.380000114440918,15.279999732971191,15.380000114440918,6778,0.0,0.0
2023-04-21 14:30:00-04:00,15.380000114440918,15.385000228881836,15.180000305175781,15.194999694824219,41088,0.0,0.0
2023-04-21 15:30:00-04:00,15.180000305175781,15.210000038146973,15.130000114440918,15.140000343322754,30230,0.0,0.0
2023-04-24 09:30:00-04:00,15.15999984741211,15.356900215148926,15.15999984741211,15.329999923706055,20390,0.0,0.0
2023-04-24 10:30:00-04:00,15.300000190734863,15.300000190734863,15.099499702453613,15.130000114440918,12012,0.0,0.0
2023-04-24 11:30:00-04:00,15.114999771118164,15.170000076293945,15.079999923706055,15.170000076293945,8315,0.0,0.0
2023-04-24 12:30:00-04:00,15.177900314331055,15.199999809265137,15.100000381469727,15.154999732971191,15706,0.0,0.0
2023-04-24 13:30:00-04:00,15.15999984741211,15.229999542236328,15.15999984741211,15.15999984741211,8315,0.0,0.0
2023-04-24 14:30:00-04:00,15.149999618530273,15.210000038146973,15.149999618530273,15.199999809265137,16154,0.0,0.0
2023-04-24 15:30:00-04:00,15.194999694824219,15.270000457763672,15.175000190734863,15.270000457763672,34337,0.0,0.0
2023-04-25 09:30:00-04:00,15.170000076293945,15.3100004196167,15.010000228881836,15.050000190734863,22221,0.0,0.0
2023-04-25 10:30:00-04:00,15.050000190734863,15.170000076293945,15.034299850463867,15.170000076293945,16882,0.0,0.0
2023-04-25 11:30:00-04:00,15.130000114440918,15.149999618530273,14.96500015258789,14.979999542236328,19338,0.0,0.0
2023-04-25 12:30:00-04:00,14.949999809265137,14.949999809265137,14.720000267028809,14.755000114440918,22048,0.0,0.0
2023-04-25 13:30:00-04:00,14.729999542236328,14.75,14.600000381469727,14.65999984741211,16092,0.0,0.0
2023-04-25 14:30:00-04:00,14.65999984741211,14.6899995803833,14.59000015258789,14.65999984741211,24000,0.0,0.0
2023-04-25 15:30:00-04:00,14.649999618530273,14.739999771118164,14.649999618530273,14.739999771118164,34931,0.0,0.0
2023-04-26 09:30:00-04:00,14.579999923706055,14.919099807739258,14.579999923706055,14.640000343322754,23331,0.0,0.0
2023-04-26 10:30:00-04:00,14.654999732971191,14.680000305175781,14.550000190734863,14.59000015258789,11276,0.0,0.0
2023-04-26 11:30:00-04:00,14.5600004196167,14.619999885559082,14.460000038146973,14.460000038146973,19748,0.0,0.0
2023-04-26 12:30:00-04:00,14.4399995803833,14.470000267028809,14.399999618530273,14.430000305175781,17163,0.0,0.0
2023-04-26 13:30:00-04:00,14.40999984741211,14.40999984741211,14.3100004196167,14.34000015258789,12016,0.0,0.0
2023-04-26 14:30:00-04:00,14.34000015258789,14.379799842834473,14.289999961853027,14.359999656677246,13154,0.0,0.0
2023-04-26 15:30:00-04:00,14.359999656677246,14.4399995803833,14.289999961853027,14.399999618530273,24540,0.0,0.0
2023-04-27 09:30:00-04:00,14.430000305175781,14.609999656677246,14.430000305175781,14.5,10167,0.0,0.0
2023-04-27 10:30:00-04:00,14.5,14.5600004196167,14.404399871826172,14.550000190734863,13624,0.0,0.0
2023-04-27 11:30:00-04:00,14.550000190734863,14.770000457763672,14.539999961853027,14.753299713134766,25461,0.0,0.0
2023-04-27 12:30:00-04:00,14.75,14.850000381469727,14.710000038146973,14.850000381469727,30859,0.0,0.0
2023-04-27 13:30:00-04:00,14.829999923706055,14.899999618530273,14.800000190734863,14.850000381469727,16765,0.0,0.0
2023-04-27 14:30:00-04:00,14.864999771118164,14.890000343322754,14.800000190734863,14.840100288391113,16461,0.0,0.0
2023-04-27 15:30:00-04:00,14.84000015258789,14.890000343322754,14.789999961853027,14.859999656677246,24246,0.0,0.0
2023-04-28 09:30:00-04:00,14.880000114440918,15.34000015258789,14.869999885559082,15.140000343322754,25972,0.0,0.0
2023-04-28 10:30:00-04:00,15.140000343322754,15.170000076293945,14.779999732971191,14.9375,26378,0.0,0.0
2023-04-28 11:30:00-04:00,14.944999694824219,15.09000015258789,14.890000343322754,15.09000015258789,19321,0.0,0.0
2023-04-28 12:30:00-04:00,15.130000114440918,15.130000114440918,15.020000457763672,15.020000457763672,4594,0.0,0.0
2023-04-28 13:30:00-04:00,15.039999961853027,15.09000015258789,15.010000228881836,15.020000457763672,18399,0.0,0.0
2023-04-28 14:30:00-04:00,15.005000114440918,15.109999656677246,14.979999542236328,15.069999694824219,30486,0.0,0.0
2023-04-28 15:30:00-04:00,15.069999694824219,15.149999618530273,15.039999961853027,15.149999618530273,37363,0.0,0.0
2023-05-01 09:30:00-04:00,15.140000343322754,15.351400375366211,15.0600004196167,15.09000015258789,27155,0.0,0.0
2023-05-01 10:30:00-04:00,15.069999694824219,15.289999961853027,14.970000267028809,14.970000267028809,17122,0.0,0.0
2023-05-01 11:30:00-04:00,14.949999809265137,15.069999694824219,14.90999984741211,15.069999694824219,17761,0.0,0.0
2023-05-01 12:30:00-04:00,15.069999694824219,15.109999656677246,14.920000076293945,14.920000076293945,19405,0.0,0.0
2023-05-01 13:30:00-04:00,14.920000076293945,14.949999809265137,14.8100004196167,14.86929988861084,23472,0.0,0.0
2023-05-01 14:30:00-04:00,14.86989974975586,14.90999984741211,14.819999694824219,14.869999885559082,20826,0.0,0.0
2023-05-01 15:30:00-04:00,14.869999885559082,14.920000076293945,14.829999923706055,14.84000015258789,20999,0.0,0.0
2023-05-02 09:30:00-04:00,14.699999809265137,14.760000228881836,14.270000457763672,14.279999732971191,28895,0.0,0.0
2023-05-02 10:30:00-04:00,14.289999961853027,14.300000190734863,14.116600036621094,14.170000076293945,29916,0.0,0.0
2023-05-02 11:30:00-04:00,14.199999809265137,14.260000228881836,14.140000343322754,14.260000228881836,17458,0.0,0.0
2023-05-02 12:30:00-04:00,14.270000457763672,14.329999923706055,14.220000267028809,14.3100004196167,12604,0.0,0.0
2023-05-02 13:30:00-04:00,14.300000190734863,14.369999885559082,14.25,14.279999732971191,25326,0.0,0.0
2023-05-02 14:30:00-04:00,14.279999732971191,14.329999923706055,14.229999542236328,14.322699546813965,22117,0.0,0.0
2023-05-02 15:30:00-04:00,14.3100004196167,14.350000381469727,14.260000228881836,14.300000190734863,36347,0.0,0.0
2023-05-03 09:30:00-04:00,14.430000305175781,14.520000457763672,14.359999656677246,14.489999771118164,11523,0.0,0.0
2023-05-03 10:30:00-04:00,14.475500106811523,14.489999771118164,14.350000381469727,14.390000343322754,12750,0.0,0.0
2023-05-03 11:30:00-04:00,14.399999618530273,14.536299705505371,14.399100303649902,14.489999771118164,30652,0.0,0.0
2023-05-03 12:30:00-04:00,14.510000228881836,14.571399688720703,14.460000038146973,14.5600004196167,10931,0.0,0.0
2023-05-03 13:30:00-04:00,14.550000190734863,14.609999656677246,14.479999542236328,14.510000228881836,16323,0.0,0.0
2023-05-03 14:30:00-04:00,14.5,14.614999771118164,14.25,14.25,39893,0.0,0.0
2023-05-03 15:30:00-04:00,14.279999732971191,14.279999732971191,14.15999984741211,14.170000076293945,45435,0.0,0.0
2023-05-04 09:30:00-04:00,15.270000457763672,15.270000457763672,13.940400123596191,14.15999984741211,63181,0.0,0.0
2023-05-04 10:30:00-04:00,14.090800285339355,14.170000076293945,13.800000190734863,13.800000190734863,26400,0.0,0.0
2023-05-04 11:30:00-04:00,13.770000457763672,13.880000114440918,13.649999618530273,13.65999984741211,32623,0.0,0.0
2023-05-04 12:30:00-04:00,13.6899995803833,14.069999694824219,13.608099937438965,13.932000160217285,29860,0.0,0.0
2023-05-04 13:30:00-04:00,13.944999694824219,14.119999885559082,13.930000305175781,13.989999771118164,25593,0.0,0.0
2023-05-04 14:30:00-04:00,13.984999656677246,14.0,13.739999771118164,13.829999923706055,39381,0.0,0.0
2023-05-04 15:30:00-04:00,13.829999923706055,13.864299774169922,13.71500015258789,13.800000190734863,54083,0.0,0.0
2023-05-05 09:30:00-04:00,14.020000457763672,14.4399995803833,13.949999809265137,14.369999885559082,28725,0.0,0.0
2023-05-05 10:30:00-04:00,14.369999885559082,14.399999618530273,14.204999923706055,14.220000267028809,18726,0.0,0.0
2023-05-05 11:30:00-04:00,14.217000007629395,14.350000381469727,14.15999984741211,14.250100135803223,22861,0.0,0.0
2023-05-05 12:30:00-04:00,14.25,14.529999732971191,14.15999984741211,14.529999732971191,34560,0.0,0.0
2023-05-05 13:30:00-04:00,14.539899826049805,14.539899826049805,14.329999923706055,14.399999618530273,31287,0.0,0.0
2023-05-05 14:30:00-04:00,14.40999984741211,14.556699752807617,14.390000343322754,14.430000305175781,38294,0.0,0.0
2023-05-05 15:30:00-04:00,14.449999809265137,14.449999809265137,14.369999885559082,14.430000305175781,68289,0.0,0.0
2023-05-08 09:30:00-04:00,14.609999656677246,14.880000114440918,14.329999923706055,14.329999923706055,21555,0.0,0.0
2023-05-08 10:30:00-04:00,14.380000114440918,14.548999786376953,14.354999542236328,14.420000076293945,18209,0.0,0.0
2023-05-08 11:30:00-04:00,14.399999618530273,14.479999542236328,14.369999885559082,14.479999542236328,11091,0.0,0.0
2023-05-08 12:30:00-04:00,14.489999771118164,14.489999771118164,14.373000144958496,14.4399995803833,12418,0.0,0.0
2023-05-08 13:30:00-04:00,14.460000038146973,14.640000343322754,14.41469955444336,14.619999885559082,23641,0.0,0.0
2023-05-08 14:30:00-04:00,14.640000343322754,14.69379997253418,14.604999542236328,14.640000343322754,18779,0.0,0.0
2023-05-08 15:30:00-04:00,14.65999984741211,14.75,14.65999984741211,14.720000267028809,37640,0.0,0.0
2023-05-09 09:30:00-04:00,14.619999885559082,14.640000343322754,14.319999694824219,14.454999923706055,17586,0.0,0.0
2023-05-09 10:30:00-04:00,14.430000305175781,14.510000228881836,14.350000381469727,14.430000305175781,22549,0.0,0.0
2023-05-09 11:30:00-04:00,14.420000076293945,14.550000190734863,14.420000076293945,14.510000228881836,12593,0.0,0.0
2023-05-09 12:30:00-04:00,14.53499984741211,14.619999885559082,14.5,14.600000381469727,12679,0.0,0.0
2023-05-09 13:30:00-04:00,14.638999938964844,14.699999809265137,14.579999923706055,14.649999618530273,15908,0.0,0.0
2023-05-09 14:30:00-04:00,14.670000076293945,14.718000411987305,14.630000114440918,14.6899995803833,11920,0.0,0.0
2023-05-09 15:30:00-04:00,14.670000076293945,14.729999542236328,14.649999618530273,14.652999877929688,31221,0.0,0.0
2023-05-10 09:30:00-04:00,15.069999694824219,15.069999694824219,14.609999656677246,14.609999656677246,20111,0.0,0.0
2023-05-10 10:30:00-04:00,14.614999771118164,14.729999542236328,14.565999984741211,14.670000076293945,12371,0.0,0.0
2023-05-10 11:30:00-04:00,14.660599708557129,14.660599708557129,14.550000190734863,14.619999885559082,16000,0.0,0.0
2023-05-10 12:30:00-04:00,14.630000114440918,14.630000114440918,14.5,14.5,17413,0.0,0.0
2023-05-10 13:30:00-04:00,14.529999732971191,14.670000076293945,14.505000114440918,14.649999618530273,22410,0.0,0.0
2023-05-10 14:30:00-04:00,14.670000076293945,14.720000267028809,14.630000114440918,14.720000267028809,17764,0.0,0.0
2023-05-10 15:30:00-04:00,14.699999809265137,14.760000228881836,14.680000305175781,14.718999862670898,27964,0.0,0.0
2023-05-11 09:30:00-04:00,14.630000114440918,14.720000267028809,14.420000076293945,14.548299789428711,36437,0.0,0.0
2023-05-11 10:30:00-04:00,14.579999923706055,14.680000305175781,14.479999542236328,14.479999542236328,13783,0.0,0.0
2023-05-11 11:30:00-04:00,14.539999961853027,14.6899995803833,14.520000457763672,14.680000305175781,35696,0.0,0.0
2023-05-11 12:30:00-04:00,14.710000038146973,14.779999732971191,14.680000305175781,14.729999542236328,16814,0.0,0.0
2023-05-11 13:30:00-04:00,14.749099731445312,14.760000228881836,14.600000381469727,14.67710018157959,32314,0.0,0.0
2023-05-11 14:30:00-04:00,14.670000076293945,14.720000267028809,14.65999984741211,14.6899995803833,19844,0.0,0.0
2023-05-11 15:30:00-04:00,14.699999809265137,14.770000457763672,14.680000305175781,14.699999809265137,44858,0.0,0.0
2023-05-12 09:30:00-04:00,14.8100004196167,14.96310043334961,14.630000114440918,14.65999984741211,17984,0.0,0.0
2023-05-12 10:30:00-04:00,14.619999885559082,14.619999885559082,14.529999732971191,14.574999809265137,14796,0.0,0.0
2023-05-12 11:30:00-04:00,14.58899974822998,14.670000076293945,14.5,14.579999923706055,24317,0.0,0.0
2023-05-12 12:30:00-04:00,14.550000190734863,14.619999885559082,14.539999961853027,14.609999656677246,16044,0.0,0.0
2023-05-12 13:30:00-04:00,14.60319995880127,14.640000343322754,14.520000457763672,14.5600004196167,21114,0.0,0.0
2023-05-12 14:30:00-04:00,14.5600004196167,14.579999923706055,14.489999771118164,14.53499984741211,11997,0.0,0.0
2023-05-12 15:30:00-04:00,14.550000190734863,14.680000305175781,14.539999961853027,14.649999618530273,27344,0.0,0.0
2023-05-15 09:30:00-04:00,14.6899995803833,14.800000190734863,14.59000015258789,14.654999732971191,17469,0.0,0.0
2023-05-15 10:30:00-04:00,14.680000305175781,14.789999961853027,14.622099876403809,14.770000457763672,12575,0.0,0.0
2023-05-15 11:30:00-04:00,14.789799690246582,14.789799690246582,14.619999885559082,14.724900245666504,19490,0.0,0.0
2023-05-15 12:30:00-04:00,14.744999885559082,14.84000015258789,14.729999542236328,14.789999961853027,12033,0.0,0.0
2023-05-15 13:30:00-04:00,14.779999732971191,14.779999732971191,14.619999885559082,14.668999671936035,37070,0.0,0.0
2023-05-15 14:30:00-04:00,14.640000343322754,14.739899635314941,14.609999656677246,14.675000190734863,29868,0.0,0.0
2023-05-15 15:30:00-04:00,14.680000305175781,14.729999542236328,14.65999984741211,14.720000267028809,35025,0.0,0.0
2023-05-16 09:30:00-04:00,14.600000381469727,14.739999771118164,14.5,14.670000076293945,45447,0.0,0.0
2023-05-16 10:30:00-04:00,14.680000305175781,14.729999542236328,14.619999885559082,14.710000038146973,16849,0.0,0.0
2023-05-16 11:30:00-04:00,14.670000076293945,14.75,14.649999618530273,14.694999694824219,14085,0.0,0.0
2023-05-16 12:30:00-04:00,14.720000267028809,14.770000457763672,14.6899995803833,14.729999542236328,18975,0.0,0.0
2023-05-16 13:30:00-04:00,14.729999542236328,14.739999771118164,14.649999618530273,14.725000381469727,26077,0.0,0.0
2023-05-16 14:30:00-04:00,14.710000038146973,14.739999771118164,14.65999984741211,14.65999984741211,18033,0.0,0.0
2023-05-16 15:30:00-04:00,14.675000190734863,14.699999809265137,14.640000343322754,14.699999809265137,29426,0.0,0.0
2023-05-17 09:30:00-04:00,14.739999771118164,14.859100341796875,14.6899995803833,14.720000267028809,23115,0.0,0.0
2023-05-17 10:30:00-04:00,14.75,14.819999694824219,14.720000267028809,14.765000343322754,36046,0.0,0.0
2023-05-17 11:30:00-04:00,14.819999694824219,15.029999732971191,14.779999732971191,15.029999732971191,50274,0.0,0.0
2023-05-17 12:30:00-04:00,15.09000015258789,15.1899995803833,15.083800315856934,15.083800315856934,21329,0.0,0.0
2023-05-17 13:30:00-04:00,15.119999885559082,15.1899995803833,15.104999542236328,15.130000114440918,14951,0.0,0.0
2023-05-17 14:30:00-04:00,15.109999656677246,15.25,15.109999656677246,15.1899995803833,31695,0.0,0.0
2023-05-17 15:30:00-04:00,15.210000038146973,15.34000015258789,15.180000305175781,15.279999732971191,35743,0.0,0.0
2023-05-18 09:30:00-04:00,15.220000267028809,15.369999885559082,15.105799674987793,15.359999656677246,10722,0.0,0.0
2023-05-18 10:30:00-04:00,15.390000343322754,15.449999809265137,15.359999656677246,15.4350004196167,21106,0.0,0.0
2023-05-18 11:30:00-04:00,15.479999542236328,15.619999885559082,15.420000076293945,15.484999656677246,25649,0.0,0.0
2023-05-18 12:30:00-04:00,15.470000267028809,15.630000114440918,15.470000267028809,15.630000114440918,17833,0.0,0.0
2023-05-18 13:30:00-04:00,15.630000114440918,15.680000305175781,15.5649995803833,15.630000114440918,20788,0.0,0.0
2023-05-18 14:30:00-04:00,15.65999984741211,15.6899995803833,15.520000457763672,15.635000228881836,31180,0.0,0.0
2023-05-18 15:30:00-04:00,15.670000076293945,15.779999732971191,15.645500183105469,15.6899995803833,51819,0.0,0.0
2023-05-19 09:30:00-04:00,15.5,15.5,14.949999809265137,15.020000457763672,74676,0.0,0.0
2023-05-19 10:30:00-04:00,15.050000190734863,15.068099975585938,14.779999732971191,14.779999732971191,29361,0.0,0.0
2023-05-19 11:30:00-04:00,14.760000228881836,14.769499778747559,14.619999885559082,14.661800384521484,12362,0.0,0.0
2023-05-19 12:30:00-04:00,14.619999885559082,14.7298002243042,14.619999885559082,14.670000076293945,7598,0.0,0.0
2023-05-19 13:30:00-04:00,14.710000038146973,14.739999771118164,14.630000114440918,14.65999984741211,18373,0.0,0.0
2023-05-19 14:30:00-04:00,14.679900169372559,14.789999961853027,14.679400444030762,14.770000457763672,23352,0.0,0.0
2023-05-19 15:30:00-04:00,14.779999732971191,14.84000015258789,14.760000228881836,14.789999961853027,26141,0.0,0.0
2023-05-22 09:30:00-04:00,14.869999885559082,14.90999984741211,14.720000267028809,14.880000114440918,16258,0.0,0.0
2023-05-22 10:30:00-04:00,14.920000076293945,15.029999732971191,14.84000015258789,14.989999771118164,17170,0.0,0.0
2023-05-22 11:30:00-04:00,15.020000457763672,15.130000114440918,15.020000457763672,15.092000007629395,18090,0.0,0.0
2023-05-22 12:30:00-04:00,15.083200454711914,15.15999984741211,15.020000457763672,15.020000457763672,12588,0.0,0.0
2023-05-22 13:30:00-04:00,15.0600004196167,15.109999656677246,15.020000457763672,15.050000190734863,7832,0.0,0.0
2023-05-22 14:30:00-04:00,15.119999885559082,15.239999771118164,15.099900245666504,15.15999984741211,18075,0.0,0.0
2023-05-22 15:30:00-04:00,15.180000305175781,15.180000305175781,15.0649995803833,15.079999923706055,25607,0.0,0.0
2023-05-23 09:30:00-04:00,15.010000228881836,15.460000038146973,15.010000228881836,15.449999809265137,27802,0.0,0.0
2023-05-23 10:30:00-04:00,15.479999542236328,15.899999618530273,15.479999542236328,15.899999618530273,20075,0.0,0.0
2023-05-23 11:30:00-04:00,15.90999984741211,15.90999984741211,15.645000457763672,15.65999984741211,26595,0.0,0.0
2023-05-23 12:30:00-04:00,15.670000076293945,15.771200180053711,15.609999656677246,15.720000267028809,30060,0.0,0.0
2023-05-23 13:30:00-04:00,15.649999618530273,15.779999732971191,15.630000114440918,15.649999618530273,12297,0.0,0.0
2023-05-23 14:30:00-04:00,15.670000076293945,15.670000076293945,15.529999732971191,15.569999694824219,13109,0.0,0.0
2023-05-23 15:30:00-04:00,15.579999923706055,15.600000381469727,15.529999732971191,15.529999732971191,29089,0.0,0.0
2023-05-24 09:30:00-04:00,15.319999694824219,15.40999984741211,15.039999961853027,15.095000267028809,29027,0.0,0.0
2023-05-24 10:30:00-04:00,15.095000267028809,15.15999984741211,15.032500267028809,15.109999656677246,9427,0.0,0.0
2023-05-24 11:30:00-04:00,15.069999694824219,15.15999984741211,15.032500267028809,15.140000343322754,34945,0.0,0.0
2023-05-24 12:30:00-04:00,15.149999618530273,15.220000267028809,15.095000267028809,15.145000457763672,8005,0.0,0.0
2023-05-24 13:30:00-04:00,15.154999732971191,15.239999771118164,15.119999885559082,15.197999954223633,10248,0.0,0.0
2023-05-24 14:30:00-04:00,15.1899995803833,15.319000244140625,15.170100212097168,15.260000228881836,31769,0.0,0.0
2023-05-24 15:30:00-04:00,15.25,15.369999885559082,15.25,15.260000228881836,45960,0.0,0.0
2023-05-25 09:30:00-04:00,15.109999656677246,15.359999656677246,14.970000267028809,14.989999771118164,27312,0.0,0.0
2023-05-25 10:30:00-04:00,14.963399887084961,14.984999656677246,14.640999794006348,14.668600082397461,22507,0.0,0.0
2023-05-25 11:30:00-04:00,14.65999984741211,14.739999771118164,14.649999618530273,14.699999809265137,9821,0.0,0.0
2023-05-25 12:30:00-04:00,14.699999809265137,14.850000381469727,14.6899995803833,14.850000381469727,13429,0.0,0.0
2023-05-25 13:30:00-04:00,14.880000114440918,14.930000305175781,14.859999656677246,14.880000114440918,6336,0.0,0.0
2023-05-25 14:30:00-04:00,14.880000114440918,14.90999984741211,14.805000305175781,14.90999984741211,9897,0.0,0.0
2023-05-25 15:30:00-04:00,14.899999618530273,14.949999809265137,14.869999885559082,14.9399995803833,26671,0.0,0.0
2023-05-26 09:30:00-04:00,14.979999542236328,15.100000381469727,14.869999885559082,15.09000015258789,13435,0.0,0.0
2023-05-26 10:30:00-04:00,15.0600004196167,15.130000114440918,14.960000038146973,14.960000038146973,6279,0.0,0.0
2023-05-26 11:30:00-04:00,14.960000038146973,15.220000267028809,14.880000114440918,15.220000267028809,91232,0.0,0.0
2023-05-26 12:30:00-04:00,15.220000267028809,15.220000267028809,15.130000114440918,15.130000114440918,8972,0.0,0.0
2023-05-26 13:30:00-04:00,15.180000305175781,15.1850004196167,14.994999885559082,15.069999694824219,33326,0.0,0.0
2023-05-26 14:30:00-04:00,15.079999923706055,15.09000015258789,15.020000457763672,15.050000190734863,10687,0.0,0.0
2023-05-26 15:30:00-04:00,15.069999694824219,15.210000038146973,15.050000190734863,15.149999618530273,35048,0.0,0.0
2023-05-30 09:30:00-04:00,15.15999984741211,15.21500015258789,15.0,15.069999694824219,22697,0.0,0.0
2023-05-30 10:30:00-04:00,15.0600004196167,15.09000015258789,14.979999542236328,14.979999542236328,6906,0.0,0.0
2023-05-30 11:30:00-04:00,14.90999984741211,14.970000267028809,14.899999618530273,14.949999809265137,9321,0.0,0.0
2023-05-30 12:30:00-04:00,14.958700180053711,14.989999771118164,14.920000076293945,14.920000076293945,11766,0.0,0.0
2023-05-30 13:30:00-04:00,14.920000076293945,15.079999923706055,14.869999885559082,15.079999923706055,13967,0.0,0.0
2023-05-30 14:30:00-04:00,15.039999961853027,15.109999656677246,15.010100364685059,15.09000015258789,13245,0.0,0.0
2023-05-30 15:30:00-04:00,15.069999694824219,15.130000114440918,15.039999961853027,15.0600004196167,23659,0.0,0.0
2023-05-31 09:30:00-04:00,15.0,15.039999961853027,14.800000190734863,14.8100004196167,14507,0.0,0.0
2023-05-31 10:30:00-04:00,14.789999961853027,14.84000015258789,14.729999542236328,14.75,19550,0.0,0.0
2023-05-31 11:30:00-04:00,14.800000190734863,14.890000343322754,14.711899757385254,14.890000343322754,17139,0.0,0.0
2023-05-31 12:30:00-04:00,14.850000381469727,15.029999732971191,14.850000381469727,15.029999732971191,15697,0.0,0.0
2023-05-31 13:30:00-04:00,15.039999961853027,15.119999885559082,15.0,15.108200073242188,17925,0.0,0.0
2023-05-31 14:30:00-04:00,15.109999656677246,15.149999618530273,15.079999923706055,15.149999618530273,20058,0.0,0.0
2023-05-31 15:30:00-04:00,15.149999618530273,15.380000114440918,15.149999618530273,15.220000267028809,79209,0.0,0.0
2023-06-01 09:30:00-04:00,15.229999542236328,15.270000457763672,15.0,15.220000267028809,31740,0.0,0.0
2023-06-01 10:30:00-04:00,15.220000267028809,15.619999885559082,15.1899995803833,15.619999885559082,39999,0.0,0.0
2023-06-01 11:30:00-04:00,15.609999656677246,15.75,15.592900276184082,15.75,28401,0.0,0.0
2023-06-01 12:30:00-04:00,15.734999656677246,15.800000190734863,15.699999809265137,15.770000457763672,22376,0.0,0.0
2023-06-01 13:30:00-04:00,15.789999961853027,15.859999656677246,15.784099578857422,15.819999694824219,24574,0.0,0.0
2023-06-01 14:30:00-04:00,15.819999694824219,15.859999656677246,15.75,15.819999694824219,16392,0.0,0.0
2023-06-01 15:30:00-04:00,15.789999961853027,15.789999961853027,15.6899995803833,15.75,27652,0.0,0.0
2023-06-02 09:30:00-04:00,16.100000381469727,16.40999984741211,16.0,16.40999984741211,33989,0.0,0.0
2023-06-02 10:30:00-04:00,16.40999984741211,16.489999771118164,16.329999923706055,16.375,31478,0.0,0.0
2023-06-02 11:30:00-04:00,16.360000610351562,16.559999465942383,16.239999771118164,16.549999237060547,30454,0.0,0.0
2023-06-02 12:30:00-04:00,16.557100296020508,16.690000534057617,16.557100296020508,16.649999618530273,17888,0.0,0.0
2023-06-02 13:30:00-04:00,16.690000534057617,16.75,16.649999618530273,16.690000534057617,16700,0.0,0.0
2023-06-02 14:30:00-04:00,16.706300735473633,16.799699783325195,16.68000030517578,16.799699783325195,20739,0.0,0.0
2023-06-02 15:30:00-04:00,16.770000457763672,16.799999237060547,16.65999984741211,16.674999237060547,46242,0.0,0.0
2023-06-05 09:30:00-04:00,16.40999984741211,16.549999237060547,15.84000015258789,15.949999809265137,78102,0.0,0.0
2023-06-05 10:30:00-04:00,15.949999809265137,16.389999389648438,15.949999809265137,16.360000610351562,16334,0.0,0.0
2023-06-05 11:30:00-04:00,16.33009910583496,16.399999618530273,16.2450008392334,16.389999389648438,34167,0.0,0.0
2023-06-05 12:30:00-04:00,16.3799991607666,16.450000762939453,16.350000381469727,16.360000610351562,33652,0.0,0.0
2023-06-05 13:30:00-04:00,16.28499984741211,16.350000381469727,16.209999084472656,16.270000457763672,14411,0.0,0.0
2023-06-05 14:30:00-04:00,16.25,16.25,16.079999923706055,16.135000228881836,26489,0.0,0.0
2023-06-05 15:30:00-04:00,16.1200008392334,16.15999984741211,16.06999969482422,16.06999969482422,48805,0.0,0.0
2023-06-06 09:30:00-04:00,16.190000534057617,16.56999969482422,16.110000610351562,16.56999969482422,29638,0.0,0.0
2023-06-06 10:30:00-04:00,16.610000610351562,16.760000228881836,16.51110076904297,16.690000534057617,35409,0.0,0.0
2023-06-06 11:30:00-04:00,16.709999084472656,16.8799991607666,16.59000015258789,16.81999969482422,37807,0.0,0.0
2023-06-06 12:30:00-04:00,16.81999969482422,16.850000381469727,16.729999542236328,16.735000610351562,21848,0.0,0.0
2023-06-06 13:30:00-04:00,16.709999084472656,16.809999465942383,16.625,16.780000686645508,30039,0.0,0.0
2023-06-06 14:30:00-04:00,16.764999389648438,16.93000030517578,16.729999542236328,16.899999618530273,32701,0.0,0.0
2023-06-06 15:30:00-04:00,16.889999389648438,16.940000534057617,16.780000686645508,16.790000915527344,40755,0.0,0.0
2023-06-07 09:30:00-04:00,17.049999237060547,17.3700008392334,17.049999237060547,17.239999771118164,42363,0.0,0.0
2023-06-07 10:30:00-04:00,17.2450008392334,17.309999465942383,17.139999389648438,17.309999465942383,26579,0.0,0.0
2023-06-07 11:30:00-04:00,17.329999923706055,17.3700008392334,17.139999389648438,17.18000030517578,27858,0.0,0.0
2023-06-07 12:30:00-04:00,17.19499969482422,17.420000076293945,17.19499969482422,17.389999389648438,16881,0.0,0.0
2023-06-07 13:30:00-04:00,17.389999389648438,17.610000610351562,17.360000610351562,17.584999084472656,30664,0.0,0.0
2023-06-07 14:30:00-04:00,17.579999923706055,17.75,17.579999923706055,17.729999542236328,27477,0.0,0.0
2023-06-07 15:30:00-04:00,17.760000228881836,17.809999465942383,17.68000030517578,17.700000762939453,53950,0.0,0.0
2023-06-08 09:30:00-04:00,17.59000015258789,17.6299991607666,17.049999237060547,17.200000762939453,18211,0.0,0.0
2023-06-08 10:30:00-04:00,17.229999542236328,17.270000457763672,17.010000228881836,17.229999542236328,13462,0.0,0.0
2023-06-08 11:30:00-04:00,17.190000534057617,17.299999237060547,17.149999618530273,17.299999237060547,11831,0.0,0.0
2023-06-08 12:30:00-04:00,17.309999465942383,17.450000762939453,17.260000228881836,17.450000762939453,13025,0.0,0.0
2023-06-08 13:30:00-04:00,17.430999755859375,17.450000762939453,17.34000015258789,17.3799991607666,11400,0.0,0.0
2023-06-08 14:30:00-04:00,17.411699295043945,17.489999771118164,17.34000015258789,17.389999389648438,15779,0.0,0.0
2023-06-08 15:30:00-04:00,17.399999618530273,17.459999084472656,17.3700008392334,17.420000076293945,30581,0.0,0.0
2023-06-09 09:30:00-04:00,17.09000015258789,17.315000534057617,17.059999465942383,17.239999771118164,25228,0.0,0.0
2023-06-09 10:30:00-04:00,17.270000457763672,17.299999237060547,17.049999237060547,17.06999969482422,29502,0.0,0.0
2023-06-09 11:30:00-04:00,17.065000534057617,17.200000762939453,17.065000534057617,17.094999313354492,14346,0.0,0.0
2023-06-09 12:30:00-04:00,17.049999237060547,17.170000076293945,17.030000686645508,17.049999237060547,14836,0.0,0.0
2023-06-09 13:30:00-04:00,17.075000762939453,17.109899520874023,17.049999237060547,17.049999237060547,17659,0.0,0.0
2023-06-09 14:30:00-04:00,17.030000686645508,17.079999923706055,16.979999542236328,17.049999237060547,34579,0.0,0.0
2023-06-09 15:30:00-04:00,17.014999389648438,17.149999618530273,17.014999389648438,17.149999618530273,63835,0.0,0.0
2023-06-12 09:30:00-04:00,17.110000610351562,17.520000457763672,16.950000762939453,17.364999771118164,18682,0.0,0.0
2023-06-12 10:30:00-04:00,17.31999969482422,17.350000381469727,17.149999618530273,17.219999313354492,20153,0.0,0.0
2023-06-12 11:30:00-04:00,17.190000534057617,17.25,17.145000457763672,17.209999084472656,12024,0.0,0.0
2023-06-12 12:30:00-04:00,17.209999084472656,17.25,17.18000030517578,17.209999084472656,14168,0.0,0.0
2023-06-12 13:30:00-04:00,17.18000030517578,17.25,17.15999984741211,17.190000534057617,17661,0.0,0.0
2023-06-12 14:30:00-04:00,17.19499969482422,17.270000457763672,17.15999984741211,17.207199096679688,26000,0.0,0.0
2023-06-12 15:30:00-04:00,17.239999771118164,17.25,17.09000015258789,17.1299991607666,38531,0.0,0.0
2023-06-13 09:30:00-04:00,17.329999923706055,17.600000381469727,17.223499298095703,17.600000381469727,27101,0.0,0.0
2023-06-13 10:30:00-04:00,17.6299991607666,17.649999618530273,17.303600311279297,17.303600311279297,15067,0.0,0.0
2023-06-13 11:30:00-04:00,17.3799991607666,17.420000076293945,17.31999969482422,17.3700008392334,15145,0.0,0.0
2023-06-13 12:30:00-04:00,17.371999740600586,17.489999771118164,17.34000015258789,17.489999771118164,32191,0.0,0.0
2023-06-13 13:30:00-04:00,17.469999313354492,17.549999237060547,17.440000534057617,17.479999542236328,19096,0.0,0.0
2023-06-13 14:30:00-04:00,17.47100067138672,17.540000915527344,17.395299911499023,17.530000686645508,16161,0.0,0.0
2023-06-13 15:30:00-04:00,17.530000686645508,17.530000686645508,17.3700008392334,17.3700008392334,32419,0.0,0.0
2023-06-14 09:30:00-04:00,17.489999771118164,17.575000762939453,17.389999389648438,17.43000030517578,5777,0.0,0.0
2023-06-14 10:30:00-04:00,17.459999084472656,17.610000610351562,17.454999923706055,17.559999465942383,14644,0.0,0.0
2023-06-14 11:30:00-04:00,17.579999923706055,17.610000610351562,17.500099182128906,17.530000686645508,8982,0.0,0.0
2023-06-14 12:30:00-04:00,17.53499984741211,17.53499984741211,17.385000228881836,17.389999389648438,7726,0.0,0.0
2023-06-14 13:30:00-04:00,17.43000030517578,17.440000534057617,17.209999084472656,17.229999542236328,17645,0.0,0.0
2023-06-14 14:30:00-04:00,17.25,17.469999313354492,17.229999542236328,17.389999389648438,30366,0.0,0.0
2023-06-14 15:30:00-04:00,17.420000076293945,17.43000030517578,17.229999542236328,17.31999969482422,40344,0.0,0.0
2023-06-15 09:30:00-04:00,17.200000762939453,17.459999084472656,17.1200008392334,17.3700008392334,11606,0.0,0.0
2023-06-15 10:30:00-04:00,17.40999984741211,17.40999984741211,17.110000610351562,17.229999542236328,21949,0.0,0.0
2023-06-15 11:30:00-04:00,17.200000762939453,17.229999542236328,17.079999923706055,17.079999923706055,9586,0.0,0.0
2023-06-15 12:30:00-04:00,17.084999084472656,17.110000610351562,16.979999542236328,17.020000457763672,10995,0.0,0.0
2023-06-15 13:30:00-04:00,17.0,17.09000015258789,16.989999771118164,17.06999969482422,10123,0.0,0.0
2023-06-15 14:30:00-04:00,17.100000381469727,17.219999313354492,17.079999923706055,17.149999618530273,9965,0.0,0.0
2023-06-15 15:30:00-04:00,17.170000076293945,17.219999313354492,17.100000381469727,17.209999084472656,21983,0.0,0.0
2023-06-16 09:30:00-04:00,17.309999465942383,17.309999465942383,17.010000228881836,17.010000228881836,68355,0.0,0.0
2023-06-16 10:30:00-04:00,17.049999237060547,17.100000381469727,16.979999542236328,16.989999771118164,9001,0.0,0.0
2023-06-16 11:30:00-04:00,17.020000457763672,17.06999969482422,16.90999984741211,17.049999237060547,18301,0.0,0.0
2023-06-16 12:30:00-04:00,17.049999237060547,17.065000534057617,16.969999313354492,17.030000686645508,9428,0.0,0.0
2023-06-16 13:30:00-04:00,17.059999465942383,17.059999465942383,17.010000228881836,17.045000076293945,14032,0.0,0.0
2023-06-16 14:30:00-04:00,17.040000915527344,17.149999618530273,17.030000686645508,17.149999618530273,22059,0.0,0.0
2023-06-16 15:30:00-04:00,17.145000457763672,17.219999313354492,17.1200008392334,17.149999618530273,64115,0.0,0.0
2023-06-20 09:30:00-04:00,17.06999969482422,17.100000381469727,16.920000076293945,16.920000076293945,11251,0.0,0.0
2023-06-20 10:30:00-04:00,16.950000762939453,17.010000228881836,16.890100479125977,16.890199661254883,8720,0.0,0.0
2023-06-20 11:30:00-04:00,16.915000915527344,17.0,16.899999618530273,16.940000534057617,8461,0.0,0.0
2023-06-20 12:30:00-04:00,16.999000549316406,16.999000549316406,16.93000030517578,16.999000549316406,7069,0.0,0.0
2023-06-20 13:30:00-04:00,16.989999771118164,17.0,16.905000686645508,16.920000076293945,10144,0.0,0.0
2023-06-20 14:30:00-04:00,16.899999618530273,16.969999313354492,16.860000610351562,16.934999465942383,17318,0.0,0.0
2023-06-20 15:30:00-04:00,16.950000762939453,17.040000915527344,16.899999618530273,16.90999984741211,85110,0.0,0.0
2023-06-21 09:30:00-04:00,16.770000457763672,17.107099533081055,16.719999313354492,16.934999465942383,23991,0.0,0.0
2023-06-21 10:30:00-04:00,16.93000030517578,16.940000534057617,16.81999969482422,16.920000076293945,9641,0.0,0.0
2023-06-21 11:30:00-04:00,16.924999237060547,17.010000228881836,16.905000686645508,17.010000228881836,11925,0.0,0.0
2023-06-21 12:30:00-04:00,17.030000686645508,17.040000915527344,16.8799991607666,16.899999618530273,14038,0.0,0.0
2023-06-21 13:30:00-04:00,16.959999084472656,16.975000381469727,16.899999618530273,16.920000076293945,13502,0.0,0.0
2023-06-21 14:30:00-04:00,16.920000076293945,16.940000534057617,16.84000015258789,16.850000381469727,23256,0.0,0.0
2023-06-21 15:30:00-04:00,16.860000610351562,16.860000610351562,16.770000457763672,16.780000686645508,37637,0.0,0.0
2023-06-22 09:30:00-04:00,16.780000686645508,16.8700008392334,16.737499237060547,16.850000381469727,24950,0.0,0.0
2023-06-22 10:30:00-04:00,16.829999923706055,16.829999923706055,16.3799991607666,16.459999084472656,51178,0.0,0.0
2023-06-22 11:30:00-04:00,16.514999389648438,16.629899978637695,16.5,16.559999465942383,20499,0.0,0.0
2023-06-22 12:30:00-04:00,16.559999465942383,16.600000381469727,16.520000457763672,16.56999969482422,12564,0.0,0.0
2023-06-22 13:30:00-04:00,16.549999237060547,16.565099716186523,16.469999313354492,16.51729965209961,27679,0.0,0.0
2023-06-22 14:30:00-04:00,16.510000228881836,16.549999237060547,16.440000534057617,16.440000534057617,24872,0.0,0.0
2023-06-22 15:30:00-04:00,16.389999389648438,16.399999618530273,16.299999237060547,16.31999969482422,36449,0.0,0.0
2023-06-23 09:30:00-04:00,16.06999969482422,16.3799991607666,16.020000457763672,16.198299407958984,32509,0.0,0.0
2023-06-23 10:30:00-04:00,16.1299991607666,16.18000030517578,15.949999809265137,16.0,46513,0.0,0.0
2023-06-23 11:30:00-04:00,15.970000267028809,16.049999237060547,15.854999542236328,16.0049991607666,36030,0.0,0.0
2023-06-23 12:30:00-04:00,16.038999557495117,16.1299991607666,15.9399995803833,16.09000015258789,33793,0.0,0.0
2023-06-23 13:30:00-04:00,16.059999465942383,16.149999618530273,15.979999542236328,15.979999542236328,31402,0.0,0.0
2023-06-23 14:30:00-04:00,15.970000267028809,15.970000267028809,15.829999923706055,15.849699974060059,48290,0.0,0.0
2023-06-23 15:30:00-04:00,15.854999542236328,16.110000610351562,15.789999961853027,16.059999465942383,125496,0.0,0.0
2023-06-26 09:30:00-04:00,16.010000228881836,16.229999542236328,15.95009994506836,16.110700607299805,38710,0.0,0.0
2023-06-26 10:30:00-04:00,16.1200008392334,16.260000228881836,16.0,16.259899139404297,15931,0.0,0.0
2023-06-26 11:30:00-04:00,16.34000015258789,16.420000076293945,16.239999771118164,16.329999923706055,13008,0.0,0.0
2023-06-26 12:30:00-04:00,16.270000457763672,16.360000610351562,16.254100799560547,16.329999923706055,7491,0.0,0.0
2023-06-26 13:30:00-04:00,16.309999465942383,16.388500213623047,16.280000686645508,16.325000762939453,10662,0.0,0.0
2023-06-26 14:30:00-04:00,16.34000015258789,16.34000015258789,16.239999771118164,16.270000457763672,25060,0.0,0.0
2023-06-26 15:30:00-04:00,16.280000686645508,16.290000915527344,16.1299991607666,16.139999389648438,36132,0.0,0.0
2023-06-27 09:30:00-04:00,16.190000534057617,16.280000686645508,15.932999610900879,16.139999389648438,12288,0.0,0.0
2023-06-27 10:30:00-04:00,16.139999389648438,16.34000015258789,16.09000015258789,16.280000686645508,14221,0.0,0.0
2023-06-27 11:30:00-04:00,16.27589988708496,16.350000381469727,16.25,16.309999465942383,22765,0.0,0.0
2023-06-27 12:30:00-04:00,16.315000534057617,16.489999771118164,16.315000534057617,16.489999771118164,18570,0.0,0.0
2023-06-27 13:30:00-04:00,16.489999771118164,16.559999465942383,16.43000030517578,16.489999771118164,26667,0.0,0.0
2023-06-27 14:30:00-04:00,16.5,16.520000457763672,16.399999618530273,16.40999984741211,26668,0.0,0.0
2023-06-27 15:30:00-04:00,16.40999984741211,16.434999465942383,16.34000015258789,16.360000610351562,64005,0.0,0.0
2023-06-28 09:30:00-04:00,16.40999984741211,16.5,16.239999771118164,16.395000457763672,27997,0.0,0.0
2023-06-28 10:30:00-04:00,16.399999618530273,16.485000610351562,16.389999389648438,16.459999084472656,22860,0.0,0.0
2023-06-28 11:30:00-04:00,16.475000381469727,16.5,16.399999618530273,16.469999313354492,20363,0.0,0.0
2023-06-28 12:30:00-04:00,16.479999542236328,16.540000915527344,16.415000915527344,16.510000228881836,24004,0.0,0.0
2023-06-28 13:30:00-04:00,16.514999389648438,16.56999969482422,16.475000381469727,16.56999969482422,21194,0.0,0.0
2023-06-28 14:30:00-04:00,16.565000534057617,16.6299991607666,16.55500030517578,16.600000381469727,18017,0.0,0.0
2023-06-28 15:30:00-04:00,16.604999542236328,16.6299991607666,16.59000015258789,16.6299991607666,36753,0.0,0.0
2023-06-29 09:30:00-04:00,16.670000076293945,17.190000534057617,16.575000762939453,17.049999237060547,45476,0.0,0.0
2023-06-29 10:30:00-04:00,17.05500030517578,17.100000381469727,16.940000534057617,17.0,10470,0.0,0.0
2023-06-29 11:30:00-04:00,16.989999771118164,17.100000381469727,16.989999771118164,17.079999923706055,9023,0.0,0.0
2023-06-29 12:30:00-04:00,17.09000015258789,17.149999618530273,17.079999923706055,17.1299991607666,7314,0.0,0.0
2023-06-29 13:30:00-04:00,17.1299991607666,17.155000686645508,17.030000686645508,17.1200008392334,30882,0.0,0.0
2023-06-29 14:30:00-04:00,17.1299991607666,17.200000762939453,17.06999969482422,17.174999237060547,23116,0.0,0.0
2023-06-29 15:30:00-04:00,17.18000030517578,17.184999465942383,17.100000381469727,17.149999618530273,46685,0.0,0.0
2023-06-30 09:30:00-04:00,17.389999389648438,17.389999389648438,17.139999389648438,17.280000686645508,14051,0.0,0.0
2023-06-30 10:30:00-04:00,17.29990005493164,17.329999923706055,17.1200008392334,17.290000915527344,12163,0.0,0.0
2023-06-30 11:30:00-04:00,17.280000686645508,17.329999923706055,17.239999771118164,17.280000686645508,8911,0.0,0.0
2023-06-30 12:30:00-04:00,17.299999237060547,17.34000015258789,17.289499282836914,17.34000015258789,12004,0.0,0.0
2023-06-30 13:30:00-04:00,17.329999923706055,17.369600296020508,17.325000762939453,17.34000015258789,12180,0.0,0.0
2023-06-30 14:30:00-04:00,17.360000610351562,17.450000762939453,17.360000610351562,17.450000762939453,36921,0.0,0.0
2023-06-30 15:30:00-04:00,17.450000762939453,17.5,17.399999618530273,17.469999313354492,83005,0.0,0.0
2023-07-03 09:30:00-04:00,17.40999984741211,17.873300552368164,17.40999984741211,17.700000762939453,43151,0.0,0.0
2023-07-03 10:30:00-04:00,17.709999084472656,17.770000457763672,17.5,17.549999237060547,35447,0.0,0.0
2023-07-03 11:30:00-04:00,17.53230094909668,17.700000762939453,17.510000228881836,17.610000610351562,39397,0.0,0.0
2023-07-05 09:30:00-04:00,17.5,17.5,17.201200485229492,17.219999313354492,25270,0.0,0.0
2023-07-05 10:30:00-04:00,17.229999542236328,17.450000762939453,17.229999542236328,17.450000762939453,23763,0.0,0.0
2023-07-05 11:30:00-04:00,17.440000534057617,17.469999313354492,17.389999389648438,17.469999313354492,15831,0.0,0.0
2023-07-05 12:30:00-04:00,17.459999084472656,17.545000076293945,17.450000762939453,17.520000457763672,21525,0.0,0.0
2023-07-05 13:30:00-04:00,17.510000228881836,17.53499984741211,17.450000762939453,17.479999542236328,23286,0.0,0.0
2023-07-05 14:30:00-04:00,17.479999542236328,17.540000915527344,17.459999084472656,17.510000228881836,22890,0.0,0.0
2023-07-05 15:30:00-04:00,17.5,17.5,17.44499969482422,17.469999313354492,60839,0.0,0.0
2023-07-06 09:30:00-04:00,17.149999618530273,17.270000457763672,17.100000381469727,17.1299991607666,25023,0.0,0.0
2023-07-06 10:30:00-04:00,17.1200008392334,17.170000076293945,17.010000228881836,17.06999969482422,27614,0.0,0.0
2023-07-06 11:30:00-04:00,17.079999923706055,17.174999237060547,17.079999923706055,17.149999618530273,16342,0.0,0.0
2023-07-06 12:30:00-04:00,17.139999389648438,17.219999313354492,17.1299991607666,17.200000762939453,12601,0.0,0.0
2023-07-06 13:30:00-04:00,17.190000534057617,17.246000289916992,17.190000534057617,17.200000762939453,14185,0.0,0.0
2023-07-06 14:30:00-04:00,17.209999084472656,17.280000686645508,17.209999084472656,17.260000228881836,12455,0.0,0.0
2023-07-06 15:30:00-04:00,17.260000228881836,17.31999969482422,17.209999084472656,17.219999313354492,44537,0.0,0.0
2023-07-07 09:30:00-04:00,17.239999771118164,17.59000015258789,17.239999771118164,17.549999237060547,13679,0.0,0.0
2023-07-07 10:30:00-04:00,17.56999969482422,17.760000228881836,17.56999969482422,17.700000762939453,21088,0.0,0.0
2023-07-07 11:30:00-04:00,17.719999313354492,17.730100631713867,17.649999618530273,17.690000534057617,10679,0.0,0.0
2023-07-07 12:30:00-04:00,17.700000762939453,17.90999984741211,17.700000762939453,17.850000381469727,31146,0.0,0.0
2023-07-07 13:30:00-04:00,17.846900939941406,17.940000534057617,17.84000015258789,17.940000534057617,24157,0.0,0.0
2023-07-07 14:30:00-04:00,17.950000762939453,18.0,17.920000076293945,17.989999771118164,23109,0.0,0.0
2023-07-07 15:30:00-04:00,18.0,18.0,17.75,17.81999969482422,66925,0.0,0.0
2023-07-10 09:30:00-04:00,17.81999969482422,18.131999969482422,17.81999969482422,18.1200008392334,19748,0.0,0.0
2023-07-10 10:30:00-04:00,18.1200008392334,18.270000457763672,18.11039924621582,18.239999771118164,17947,0.0,0.0
2023-07-10 11:30:00-04:00,18.239999771118164,18.299999237060547,18.209999084472656,18.280000686645508,21377,0.0,0.0
2023-07-10 12:30:00-04:00,18.270000457763672,18.290000915527344,18.15999984741211,18.18000030517578,18840,0.0,0.0
2023-07-10 13:30:00-04:00,18.149999618530273,18.174999237060547,18.079999923706055,18.139999389648438,28226,0.0,0.0
2023-07-10 14:30:00-04:00,18.135000228881836,18.165000915527344,18.06999969482422,18.149999618530273,25784,0.0,0.0
2023-07-10 15:30:00-04:00,18.139999389648438,18.260000228881836,18.139999389648438,18.219999313354492,32919,0.0,0.0
2023-07-11 09:30:00-04:00,18.420000076293945,18.600000381469727,18.31999969482422,18.510000228881836,48865,0.0,0.0
2023-07-11 10:30:00-04:00,18.459999084472656,18.540000915527344,18.3799991607666,18.399999618530273,22190,0.0,0.0
2023-07-11 11:30:00-04:00,18.399999618530273,18.489999771118164,18.364999771118164,18.41860008239746,17541,0.0,0.0
2023-07-11 12:30:00-04:00,18.40999984741211,18.469999313354492,18.3799991607666,18.43000030517578,14197,0.0,0.0
2023-07-11 13:30:00-04:00,18.420000076293945,18.479999542236328,18.399999618530273,18.420000076293945,21791,0.0,0.0
2023-07-11 14:30:00-04:00,18.440000534057617,18.579999923706055,18.440000534057617,18.565000534057617,26450,0.0,0.0
2023-07-11 15:30:00-04:00,18.565000534057617,18.600000381469727,18.510000228881836,18.600000381469727,43006,0.0,0.0
2023-07-12 09:30:00-04:00,18.959999084472656,18.959999084472656,18.5,18.579999923706055,17783,0.0,0.0
2023-07-12 10:30:00-04:00,18.610000610351562,18.690000534057617,18.559999465942383,18.600000381469727,17123,0.0,0.0
2023-07-12 11:30:00-04:00,18.600000381469727,18.670000076293945,18.530000686645508,18.53499984741211,10770,0.0,0.0
2023-07-12 12:30:00-04:00,18.559999465942383,18.600000381469727,18.510000228881836,18.559999465942383,12764,0.0,0.0
2023-07-12 13:30:00-04:00,18.530000686645508,18.639999389648438,18.489999771118164,18.639999389648438,24662,0.0,0.0
2023-07-12 14:30:00-04:00,18.639999389648438,18.68000030517578,18.549999237060547,18.549999237060547,16093,0.0,0.0
2023-07-12 15:30:00-04:00,18.559999465942383,18.610000610351562,18.489999771118164,18.5,38519,0.0,0.0
2023-07-13 09:30:00-04:00,18.579999923706055,18.65999984741211,18.450000762939453,18.5,26807,0.0,0.0
2023-07-13 10:30:00-04:00,18.520000457763672,18.559999465942383,18.34000015258789,18.459999084472656,34000,0.0,0.0
2023-07-13 11:30:00-04:00,18.43829917907715,18.735000610351562,18.43000030517578,18.700000762939453,27542,0.0,0.0
2023-07-13 12:30:00-04:00,18.709999084472656,18.7450008392334,18.670000076293945,18.700000762939453,22275,0.0,0.0
2023-07-13 13:30:00-04:00,18.709999084472656,18.780000686645508,18.639999389648438,18.729999542236328,44420,0.0,0.0
2023-07-13 14:30:00-04:00,18.700000762939453,18.760000228881836,18.68000030517578,18.700000762939453,22312,0.0,0.0
2023-07-13 15:30:00-04:00,18.709999084472656,18.760000228881836,18.6200008392334,18.6299991607666,50099,0.0,0.0
2023-07-14 09:30:00-04:00,18.469999313354492,18.54840087890625,18.190000534057617,18.190000534057617,27456,0.0,0.0
2023-07-14 10:30:00-04:00,18.174999237060547,18.174999237060547,18.045000076293945,18.15999984741211,21508,0.0,0.0
2023-07-14 11:30:00-04:00,18.170000076293945,18.229999542236328,18.09000015258789,18.1299991607666,16651,0.0,0.0
2023-07-14 12:30:00-04:00,18.135000228881836,18.260000228881836,18.135000228881836,18.239999771118164,9382,0.0,0.0
2023-07-14 13:30:00-04:00,18.25,18.31999969482422,18.229999542236328,18.260000228881836,9177,0.0,0.0
2023-07-14 14:30:00-04:00,18.270000457763672,18.334999084472656,18.2549991607666,18.31999969482422,17728,0.0,0.0
2023-07-14 15:30:00-04:00,18.309999465942383,18.450000762939453,18.30500030517578,18.450000762939453,32483,0.0,0.0
2023-07-17 09:30:00-04:00,18.31999969482422,18.510000228881836,18.209999084472656,18.3700008392334,13377,0.0,0.0
2023-07-17 10:30:00-04:00,18.3799991607666,18.469999313354492,18.34000015258789,18.450000762939453,7744,0.0,0.0
2023-07-17 11:30:00-04:00,18.43000030517578,18.610000610351562,18.43000030517578,18.549999237060547,10863,0.0,0.0
2023-07-17 12:30:00-04:00,18.559999465942383,18.600000381469727,18.53499984741211,18.594999313354492,7145,0.0,0.0
2023-07-17 13:30:00-04:00,18.600000381469727,18.639999389648438,18.530000686645508,18.6200008392334,8579,0.0,0.0
2023-07-17 14:30:00-04:00,18.610000610351562,18.6200008392334,18.564300537109375,18.579999923706055,10840,0.0,0.0
2023-07-17 15:30:00-04:00,18.579999923706055,18.6299991607666,18.549999237060547,18.59000015258789,40647,0.0,0.0
2023-07-18 09:30:00-04:00,18.520000457763672,19.010000228881836,18.520000457763672,18.8700008392334,18109,0.0,0.0
2023-07-18 10:30:00-04:00,18.75,18.829999923706055,18.729999542236328,18.760000228881836,29476,0.0,0.0
2023-07-18 11:30:00-04:00,18.768299102783203,18.80500030517578,18.649999618530273,18.700899124145508,18655,0.0,0.0
2023-07-18 12:30:00-04:00,18.69969940185547,18.770000457763672,18.659400939941406,18.74180030822754,12445,0.0,0.0
2023-07-18 13:30:00-04:00,18.729999542236328,18.774999618530273,18.709999084472656,18.729999542236328,14962,0.0,0.0
2023-07-18 14:30:00-04:00,18.770000457763672,18.790000915527344,18.739999771118164,18.764999389648438,18086,0.0,0.0
2023-07-18 15:30:00-04:00,18.76409912109375,18.860000610351562,18.739999771118164,18.860000610351562,32827,0.0,0.0
2023-07-19 09:30:00-04:00,18.899999618530273,18.940000534057617,18.760000228881836,18.853700637817383,9566,0.0,0.0
2023-07-19 10:30:00-04:00,18.850000381469727,18.851999282836914,18.76180076599121,18.809999465942383,12956,0.0,0.0
2023-07-19 11:30:00-04:00,18.829999923706055,18.899999618530273,18.799999237060547,18.885000228881836,23945,0.0,0.0
2023-07-19 12:30:00-04:00,18.8700008392334,18.8799991607666,18.790000915527344,18.809999465942383,21316,0.0,0.0
2023-07-19 13:30:00-04:00,18.795000076293945,18.799999237060547,18.760000228881836,18.790000915527344,6122,0.0,0.0
2023-07-19 14:30:00-04:00,18.81999969482422,18.899999618530273,18.81999969482422,18.8700008392334,49186,0.0,0.0
2023-07-19 15:30:00-04:00,18.860000610351562,19.010000228881836,18.860000610351562,18.920000076293945,35894,0.0,0.0
2023-07-20 09:30:00-04:00,19.040000915527344,19.075700759887695,18.719999313354492,18.809999465942383,17207,0.0,0.0
2023-07-20 10:30:00-04:00,18.809999465942383,18.920000076293945,18.809999465942383,18.850000381469727,9904,0.0,0.0
2023-07-20 11:30:00-04:00,18.81999969482422,18.8799991607666,18.81999969482422,18.860000610351562,12935,0.0,0.0
2023-07-20 12:30:00-04:00,18.850000381469727,18.8799991607666,18.719999313354492,18.739999771118164,9794,0.0,0.0
2023-07-20 13:30:00-04:00,18.774499893188477,18.825000762939453,18.770000457763672,18.815000534057617,4907,0.0,0.0
2023-07-20 14:30:00-04:00,18.809999465942383,18.850000381469727,18.746999740600586,18.75,24867,0.0,0.0
2023-07-20 15:30:00-04:00,18.75,18.75,18.65999984741211,18.709999084472656,91482,0.0,0.0
2023-07-21 09:30:00-04:00,18.790000915527344,18.790000915527344,18.299999237060547,18.30500030517578,37920,0.0,0.0
2023-07-21 10:30:00-04:00,18.280000686645508,18.280000686645508,17.967300415039062,17.967300415039062,14795,0.0,0.0
2023-07-21 11:30:00-04:00,17.920000076293945,18.049999237060547,17.920000076293945,18.0,11436,0.0,0.0
2023-07-21 12:30:00-04:00,18.020000457763672,18.030000686645508,17.920000076293945,17.920000076293945,6985,0.0,0.0
2023-07-21 13:30:00-04:00,17.899999618530273,18.039899826049805,17.860000610351562,18.030000686645508,14627,0.0,0.0
2023-07-21 14:30:00-04:00,18.014999389648438,18.059900283813477,17.84000015258789,17.844999313354492,18330,0.0,0.0
2023-07-21 15:30:00-04:00,17.829299926757812,17.860000610351562,17.780000686645508,17.799999237060547,35520,0.0,0.0
2023-07-24 09:30:00-04:00,17.790000915527344,18.1200008392334,17.774900436401367,17.84000015258789,18703,0.0,0.0
2023-07-24 10:30:00-04:00,17.860000610351562,18.0,17.860000610351562,18.0,6442,0.0,0.0
2023-07-24 11:30:00-04:00,18.024999618530273,18.075000762939453,17.969999313354492,18.049999237060547,8528,0.0,0.0
2023-07-24 12:30:00-04:00,18.05500030517578,18.100000381469727,18.020000457763672,18.100000381469727,5827,0.0,0.0
2023-07-24 13:30:00-04:00,18.1200008392334,18.170000076293945,18.100000381469727,18.170000076293945,7721,0.0,0.0
2023-07-24 14:30:00-04:00,18.170000076293945,18.170000076293945,18.059999465942383,18.059999465942383,13628,0.0,0.0
2023-07-24 15:30:00-04:00,18.030000686645508,18.149999618530273,18.030000686645508,18.14900016784668,30021,0.0,0.0
2023-07-25 09:30:00-04:00,18.059999465942383,18.319900512695312,17.989999771118164,18.290000915527344,16473,0.0,0.0
2023-07-25 10:30:00-04:00,18.270000457763672,18.360000610351562,18.170000076293945,18.200000762939453,17988,0.0,0.0
2023-07-25 11:30:00-04:00,18.161399841308594,18.2450008392334,18.1299991607666,18.239999771118164,13153,0.0,0.0
2023-07-25 12:30:00-04:00,18.239999771118164,18.3799991607666,18.23979949951172,18.360000610351562,12128,0.0,0.0
2023-07-25 13:30:00-04:00,18.3700008392334,18.420000076293945,18.360000610351562,18.420000076293945,11598,0.0,0.0
2023-07-25 14:30:00-04:00,18.459999084472656,18.489999771118164,18.420000076293945,18.469999313354492,12609,0.0,0.0
2023-07-25 15:30:00-04:00,18.479999542236328,18.520000457763672,18.45989990234375,18.5,26437,0.0,0.0
2023-07-26 09:30:00-04:00,18.510000228881836,18.790000915527344,18.459999084472656,18.670000076293945,22846,0.0,0.0
2023-07-26 10:30:00-04:00,18.65999984741211,18.709999084472656,18.559999465942383,18.670000076293945,10068,0.0,0.0
2023-07-26 11:30:00-04:00,18.639999389648438,18.709999084472656,18.6299991607666,18.700000762939453,9661,0.0,0.0
2023-07-26 12:30:00-04:00,18.704999923706055,18.709999084472656,18.639999389648438,18.655000686645508,10001,0.0,0.0
2023-07-26 13:30:00-04:00,18.639999389648438,18.670000076293945,18.540000915527344,18.670000076293945,26014,0.0,0.0
2023-07-26 14:30:00-04:00,18.65999984741211,18.760000228881836,18.56999969482422,18.649999618530273,28573,0.0,0.0
2023-07-26 15:30:00-04:00,18.649999618530273,18.770000457763672,18.639999389648438,18.68000030517578,27265,0.0,0.0
2023-07-27 09:30:00-04:00,18.799999237060547,18.799999237060547,18.65999984741211,18.719999313354492,16321,0.0,0.0
2023-07-27 10:30:00-04:00,18.725000381469727,18.81999969482422,18.640199661254883,18.690000534057617,24662,0.0,0.0
2023-07-27 11:30:00-04:00,18.670000076293945,18.700000762939453,18.65999984741211,18.684999465942383,9342,0.0,0.0
2023-07-27 12:30:00-04:00,18.690000534057617,18.780000686645508,18.674999237060547,18.700000762939453,21321,0.0,0.0
2023-07-27 13:30:00-04:00,18.68000030517578,18.68000030517578,18.510000228881836,18.520000457763672,20095,0.0,0.0
2023-07-27 14:30:00-04:00,18.5,18.5,18.43000030517578,18.43000030517578,14305,0.0,0.0
2023-07-27 15:30:00-04:00,18.440000534057617,18.489999771118164,18.360000610351562,18.469999313354492,22877,0.0,0.0
2023-07-28 09:30:00-04:00,18.709999084472656,18.829999923706055,18.649999618530273,18.770000457763672,21657,0.0,0.0
2023-07-28 10:30:00-04:00,18.770000457763672,18.81999969482422,18.729999542236328,18.81999969482422,7517,0.0,0.0
2023-07-28 11:30:00-04:00,18.829999923706055,18.84000015258789,18.770000457763672,18.799999237060547,4309,0.0,0.0
2023-07-28 12:30:00-04:00,18.799999237060547,18.829999923706055,18.65999984741211,18.65999984741211,11494,0.0,0.0
2023-07-28 13:30:00-04:00,18.65999984741211,18.65999984741211,18.479999542236328,18.530000686645508,24419,0.0,0.0
2023-07-28 14:30:00-04:00,18.540000915527344,18.540000915527344,18.40999984741211,18.420000076293945,24213,0.0,0.0
2023-07-28 15:30:00-04:00,18.399999618530273,18.469999313354492,18.399999618530273,18.450000762939453,38051,0.0,0.0
2023-07-31 09:30:00-04:00,18.489999771118164,18.71649932861328,18.489999771118164,18.700000762939453,8351,0.0,0.0
2023-07-31 10:30:00-04:00,18.65999984741211,18.834999084472656,18.59000015258789,18.834999084472656,16170,0.0,0.0
2023-07-31 11:30:00-04:00,18.850000381469727,18.899999618530273,18.719999313354492,18.77989959716797,22123,0.0,0.0
2023-07-31 12:30:00-04:00,18.770000457763672,18.860000610351562,18.75,18.790000915527344,15669,0.0,0.0
2023-07-31 13:30:00-04:00,18.844999313354492,18.93000030517578,18.829999923706055,18.93000030517578,16202,0.0,0.0
2023-07-31 14:30:00-04:00,18.920000076293945,18.959999084472656,18.885000228881836,18.940000534057617,17989,0.0,0.0
2023-07-31 15:30:00-04:00,18.93000030517578,18.989999771118164,18.89900016784668,18.989999771118164,44613,0.0,0.0
2023-08-01 09:30:00-04:00,18.959999084472656,18.959999084472656,18.670000076293945,18.670000076293945,19739,0.0,0.0
2023-08-01 10:30:00-04:00,18.6382999420166,18.74410057067871,18.559999465942383,18.74410057067871,10813,0.0,0.0
2023-08-01 11:30:00-04:00,18.795000076293945,18.809900283813477,18.72010040283203,18.72010040283203,5872,0.0,0.0
2023-08-01 12:30:00-04:00,18.729999542236328,18.81999969482422,18.729999542236328,18.809999465942383,7987,0.0,0.0
2023-08-01 13:30:00-04:00,18.799999237060547,18.81999969482422,18.770000457763672,18.770000457763672,8533,0.0,0.0
2023-08-01 14:30:00-04:00,18.780000686645508,18.809999465942383,18.760000228881836,18.770000457763672,10836,0.0,0.0
2023-08-01 15:30:00-04:00,18.770000457763672,18.860000610351562,18.76799964904785,18.808000564575195,34098,0.0,0.0
2023-08-02 09:30:00-04:00,18.510000228881836,18.760000228881836,18.5,18.729999542236328,12343,0.0,0.0
2023-08-02 10:30:00-04:00,18.735000610351562,18.735000610351562,18.559999465942383,18.6299991607666,7224,0.0,0.0
2023-08-02 11:30:00-04:00,18.690000534057617,18.811899185180664,18.665000915527344,18.780000686645508,7115,0.0,0.0
2023-08-02 12:30:00-04:00,18.76849937438965,18.829999923706055,18.690000534057617,18.690000534057617,13932,0.0,0.0
2023-08-02 13:30:00-04:00,18.709999084472656,18.774999618530273,18.6200008392334,18.6299991607666,12605,0.0,0.0
2023-08-02 14:30:00-04:00,18.6299991607666,18.670000076293945,18.579999923706055,18.600000381469727,19662,0.0,0.0
2023-08-02 15:30:00-04:00,18.565000534057617,18.6200008392334,18.549999237060547,18.610000610351562,36073,0.0,0.0
2023-08-03 09:30:00-04:00,19.3799991607666,19.969999313354492,19.100000381469727,19.670000076293945,121462,0.0,0.0
2023-08-03 10:30:00-04:00,19.645000457763672,20.059999465942383,19.600000381469727,19.959999084472656,73693,0.0,0.0
2023-08-03 11:30:00-04:00,19.959999084472656,20.170000076293945,19.829999923706055,19.854999542236328,77612,0.0,0.0
2023-08-03 12:30:00-04:00,19.809999465942383,20.0,19.809999465942383,19.889999389648438,67818,0.0,0.0
2023-08-03 13:30:00-04:00,19.860000610351562,19.90369987487793,19.611799240112305,19.709999084472656,60542,0.0,0.0
2023-08-03 14:30:00-04:00,19.719999313354492,19.829999923706055,19.639999389648438,19.78499984741211,54267,0.0,0.0
2023-08-03 15:30:00-04:00,19.809999465942383,19.889999389648438,19.721399307250977,19.8700008392334,106158,0.0,0.0
2023-08-04 09:30:00-04:00,20.1299991607666,20.8799991607666,20.05500030517578,20.594999313354492,49357,0.0,0.0
2023-08-04 10:30:00-04:00,20.59000015258789,20.81999969482422,20.5,20.59000015258789,55751,0.0,0.0
2023-08-04 11:30:00-04:00,20.670000076293945,20.860000610351562,20.649999618530273,20.860000610351562,36820,0.0,0.0
2023-08-04 12:30:00-04:00,20.899999618530273,20.93000030517578,20.770000457763672,20.770000457763672,57519,0.0,0.0
2023-08-04 13:30:00-04:00,20.809999465942383,20.829999923706055,20.610000610351562,20.6200008392334,38292,0.0,0.0
2023-08-04 14:30:00-04:00,20.6299991607666,20.639999389648438,20.5,20.530000686645508,39317,0.0,0.0
2023-08-04 15:30:00-04:00,20.530000686645508,20.582300186157227,20.469999313354492,20.549999237060547,96724,0.0,0.0
2023-08-07 09:30:00-04:00,20.59000015258789,21.274999618530273,20.59000015258789,21.264999389648438,42787,0.0,0.0
2023-08-07 10:30:00-04:00,21.270000457763672,21.290000915527344,21.049999237060547,21.170000076293945,35147,0.0,0.0
2023-08-07 11:30:00-04:00,21.18000030517578,21.209999084472656,20.96500015258789,21.19499969482422,28032,0.0,0.0
2023-08-07 12:30:00-04:00,21.209999084472656,21.280000686645508,21.149999618530273,21.270000457763672,24145,0.0,0.0
2023-08-07 13:30:00-04:00,21.270000457763672,21.375,21.149999618530273,21.3700008392334,27987,0.0,0.0
2023-08-07 14:30:00-04:00,21.3799991607666,21.43000030517578,21.344999313354492,21.40999984741211,24840,0.0,0.0
2023-08-07 15:30:00-04:00,21.40999984741211,21.59000015258789,21.40999984741211,21.579999923706055,79299,0.0,0.0
2023-08-08 09:30:00-04:00,21.1299991607666,21.149999618530273,20.68000030517578,20.719999313354492,39965,0.0,0.0
2023-08-08 10:30:00-04:00,20.670000076293945,20.670000076293945,20.3799991607666,20.610000610351562,53646,0.0,0.0
2023-08-08 11:30:00-04:00,20.600000381469727,20.690000534057617,20.40999984741211,20.59000015258789,41877,0.0,0.0
2023-08-08 12:30:00-04:00,20.559999465942383,20.84000015258789,20.530000686645508,20.790000915527344,41501,0.0,0.0
2023-08-08 13:30:00-04:00,20.81999969482422,21.100000381469727,20.760000228881836,20.8799991607666,103837,0.0,0.0
2023-08-08 14:30:00-04:00,20.8799991607666,21.219999313354492,20.829999923706055,21.18000030517578,226030,0.0,0.0
2023-08-08 15:30:00-04:00,21.200000762939453,21.489999771118164,21.200000762939453,21.469999313354492,55808,0.0,0.0
2023-08-09 09:30:00-04:00,21.280000686645508,21.385000228881836,21.104999542236328,21.299999237060547,15885,0.0,0.0
2023-08-09 10:30:00-04:00,21.360000610351562,21.375,21.040000915527344,21.110000610351562,17734,0.0,0.0
2023-08-09 11:30:00-04:00,21.079999923706055,21.079999923706055,20.90089988708496,20.94499969482422,11759,0.0,0.0
2023-08-09 12:30:00-04:00,20.940000534057617,21.0,20.940000534057617,20.96500015258789,5609,0.0,0.0
2023-08-09 13:30:00-04:00,20.96500015258789,21.149999618530273,20.950300216674805,21.1299991607666,10805,0.0,0.0
2023-08-09 14:30:00-04:00,21.1299991607666,21.18000030517578,20.5,20.510000228881836,32586,0.0,0.0
2023-08-09 15:30:00-04:00,20.504499435424805,20.56999969482422,20.3700008392334,20.440000534057617,52010,0.0,0.0
2023-08-10 09:30:00-04:00,20.469999313354492,20.610000610351562,20.43269920349121,20.465900421142578,14518,0.0,0.0
2023-08-10 10:30:00-04:00,20.456899642944336,20.52829933166504,20.25,20.459999084472656,16961,0.0,0.0
2023-08-10 11:30:00-04:00,20.485000610351562,20.485000610351562,20.290000915527344,20.31999969482422,14968,0.0,0.0
2023-08-10 12:30:00-04:00,20.309999465942383,20.31999969482422,20.170000076293945,20.204999923706055,10464,0.0,0.0
2023-08-10 13:30:00-04:00,20.200000762939453,20.389999389648438,20.1299991607666,20.31999969482422,17030,0.0,0.0
2023-08-10 14:30:00-04:00,20.34000015258789,20.40999984741211,20.299999237060547,20.3700008392334,16246,0.0,0.0
2023-08-10 15:30:00-04:00,20.3799991607666,20.440000534057617,20.309999465942383,20.440000534057617,34829,0.0,0.0
2023-08-11 09:30:00-04:00,20.399999618530273,20.709999084472656,20.399999618530273,20.690000534057617,12520,0.0,0.0
2023-08-11 10:30:00-04:00,20.67970085144043,20.68000030517578,20.540000915527344,20.649999618530273,11522,0.0,0.0
2023-08-11 11:30:00-04:00,20.670000076293945,20.704999923706055,20.56999969482422,20.649999618530273,12100,0.0,0.0
2023-08-11 12:30:00-04:00,20.649999618530273,20.690000534057617,20.6299991607666,20.6299991607666,7685,0.0,0.0
2023-08-11 13:30:00-04:00,20.639999389648438,20.639999389648438,20.59000015258789,20.610000610351562,10890,0.0,0.0
2023-08-11 14:30:00-04:00,20.6200008392334,20.670000076293945,20.59000015258789,20.65999984741211,12613,0.0,0.0
2023-08-11 15:30:00-04:00,20.65999984741211,20.700000762939453,20.6200008392334,20.700000762939453,38292,0.0,0.0
2023-08-14 09:30:00-04:00,20.520000457763672,20.700000762939453,20.170000076293945,20.549999237060547,39020,0.0,0.0
2023-08-14 10:30:00-04:00,20.530000686645508,20.739999771118164,20.530000686645508,20.729999542236328,29581,0.0,0.0
2023-08-14 11:30:00-04:00,20.71500015258789,20.90999984741211,20.71500015258789,20.80500030517578,17784,0.0,0.0
2023-08-14 12:30:00-04:00,20.81999969482422,20.864999771118164,20.739999771118164,20.809999465942383,16042,0.0,0.0
2023-08-14 13:30:00-04:00,20.80500030517578,20.860000610351562,20.770000457763672,20.850000381469727,16226,0.0,0.0
2023-08-14 14:30:00-04:00,20.84000015258789,20.9768009185791,20.829999923706055,20.90999984741211,37014,0.0,0.0
2023-08-14 15:30:00-04:00,20.90999984741211,21.020000457763672,20.8799991607666,21.020000457763672,60373,0.0,0.0
2023-08-15 09:30:00-04:00,20.860000610351562,20.8799991607666,20.3799991607666,20.3799991607666,13218,0.0,0.0
2023-08-15 10:30:00-04:00,20.399999618530273,20.420000076293945,20.280000686645508,20.280000686645508,9561,0.0,0.0
2023-08-15 11:30:00-04:00,20.299999237060547,20.360000610351562,20.152000427246094,20.19729995727539,26609,0.0,0.0
2023-08-15 12:30:00-04:00,20.190000534057617,20.329999923706055,20.1200008392334,20.315000534057617,26800,0.0,0.0
2023-08-15 13:30:00-04:00,20.299999237060547,20.299999237060547,20.115999221801758,20.115999221801758,34522,0.0,0.0
2023-08-15 14:30:00-04:00,20.149999618530273,20.190000534057617,20.06999969482422,20.079999923706055,27334,0.0,0.0
2023-08-15 15:30:00-04:00,20.049999237060547,20.229999542236328,20.049999237060547,20.219999313354492,39219,0.0,0.0
2023-08-16 09:30:00-04:00,20.299999237060547,20.5,20.299999237060547,20.309999465942383,11680,0.0,0.0
2023-08-16 10:30:00-04:00,20.360000610351562,20.43000030517578,20.260000228881836,20.30500030517578,10392,0.0,0.0
2023-08-16 11:30:00-04:00,20.31999969482422,20.329999923706055,20.139999389648438,20.200000762939453,11258,0.0,0.0
2023-08-16 12:30:00-04:00,20.209999084472656,20.360000610351562,20.209999084472656,20.350000381469727,10624,0.0,0.0
2023-08-16 13:30:00-04:00,20.350000381469727,20.3799991607666,20.299999237060547,20.350000381469727,17503,0.0,0.0
2023-08-16 14:30:00-04:00,20.360000610351562,20.399999618530273,20.229999542236328,20.280000686645508,10716,0.0,0.0
2023-08-16 15:30:00-04:00,20.299999237060547,20.3700008392334,20.250999450683594,20.3700008392334,47891,0.0,0.0
2023-08-17 09:30:00-04:00,20.43000030517578,20.485000610351562,20.184999465942383,20.350000381469727,33293,0.0,0.0
2023-08-17 10:30:00-04:00,20.3799991607666,20.450000762939453,20.305700302124023,20.360000610351562,24570,0.0,0.0
2023-08-17 11:30:00-04:00,20.34000015258789,20.5,20.309999465942383,20.5,9934,0.0,0.0
2023-08-17 12:30:00-04:00,20.510000228881836,20.56999969482422,20.5,20.510000228881836,12848,0.0,0.0
2023-08-17 13:30:00-04:00,20.50200080871582,20.510000228881836,20.399999618530273,20.420000076293945,9044,0.0,0.0
2023-08-17 14:30:00-04:00,20.40999984741211,20.450000762939453,20.373699188232422,20.450000762939453,18546,0.0,0.0
2023-08-17 15:30:00-04:00,20.469999313354492,20.469999313354492,20.31999969482422,20.3700008392334,55556,0.0,0.0
2023-08-18 09:30:00-04:00,19.8799991607666,20.059999465942383,19.799999237060547,19.9950008392334,33455,0.0,0.0
2023-08-18 10:30:00-04:00,20.0,20.15999984741211,20.0,20.139999389648438,11081,0.0,0.0
2023-08-18 11:30:00-04:00,20.149999618530273,20.149999618530273,20.010000228881836,20.09000015258789,11462,0.0,0.0
2023-08-18 12:30:00-04:00,20.059999465942383,20.100000381469727,19.940000534057617,20.010000228881836,8698,0.0,0.0
2023-08-18 13:30:00-04:00,20.030099868774414,20.065000534057617,19.940000534057617,20.010000228881836,14927,0.0,0.0
2023-08-18 14:30:00-04:00,20.020000457763672,20.020000457763672,19.889999389648438,19.950000762939453,11383,0.0,0.0
2023-08-18 15:30:00-04:00,19.959999084472656,20.020000457763672,19.889999389648438,19.90999984741211,27487,0.0,0.0
2023-08-21 09:30:00-04:00,19.739999771118164,19.860000610351562,19.489999771118164,19.610000610351562,40776,0.0,0.0
2023-08-21 10:30:00-04:00,19.520000457763672,19.6299991607666,19.479999542236328,19.50659942626953,18197,0.0,0.0
2023-08-21 11:30:00-04:00,19.500099182128906,19.599899291992188,19.40999984741211,19.599899291992188,24664,0.0,0.0
2023-08-21 12:30:00-04:00,19.56999969482422,19.56999969482422,19.459999084472656,19.479999542236328,8616,0.0,0.0
2023-08-21 13:30:00-04:00,19.479999542236328,19.56999969482422,19.459999084472656,19.510000228881836,9781,0.0,0.0
2023-08-21 14:30:00-04:00,19.510000228881836,19.559999465942383,19.510000228881836,19.510000228881836,10660,0.0,0.0
2023-08-21 15:30:00-04:00,19.5,19.510000228881836,19.450000762939453,19.459999084472656,31137,0.0,0.0
2023-08-22 09:30:00-04:00,19.559999465942383,19.769899368286133,19.469999313354492,19.479999542236328,15079,0.0,0.0
2023-08-22 10:30:00-04:00,19.510000228881836,19.549999237060547,19.25200080871582,19.280000686645508,20016,0.0,0.0
2023-08-22 11:30:00-04:00,19.360000610351562,19.399999618530273,19.270000457763672,19.295000076293945,8875,0.0,0.0
2023-08-22 12:30:00-04:00,19.280000686645508,19.43000030517578,19.280000686645508,19.299999237060547,11709,0.0,0.0
2023-08-22 13:30:00-04:00,19.309999465942383,19.360000610351562,19.270000457763672,19.309999465942383,15395,0.0,0.0
2023-08-22 14:30:00-04:00,19.315000534057617,19.40999984741211,19.299999237060547,19.3799991607666,10761,0.0,0.0
2023-08-22 15:30:00-04:00,19.389999389648438,19.469999313354492,19.350000381469727,19.459999084472656,45042,0.0,0.0
2023-08-23 09:30:00-04:00,19.489999771118164,19.68000030517578,19.389999389648438,19.540000915527344,13137,0.0,0.0
2023-08-23 10:30:00-04:00,19.520000457763672,19.579999923706055,18.732500076293945,18.809999465942383,260359,0.0,0.0
2023-08-23 11:30:00-04:00,18.809999465942383,19.360000610351562,18.790000915527344,19.25,67886,0.0,0.0
2023-08-23 12:30:00-04:00,19.229999542236328,19.549999237060547,19.229999542236328,19.5049991607666,31136,0.0,0.0
2023-08-23 13:30:00-04:00,19.520000457763672,19.575000762939453,19.469999313354492,19.540000915527344,19960,0.0,0.0
2023-08-23 14:30:00-04:00,19.530000686645508,19.579999923706055,19.485000610351562,19.56999969482422,18620,0.0,0.0
2023-08-23 15:30:00-04:00,19.579099655151367,19.600000381469727,19.489999771118164,19.540000915527344,40891,0.0,0.0
2023-08-24 09:30:00-04:00,19.420000076293945,19.65999984741211,19.420000076293945,19.510000228881836,27417,0.0,0.0
2023-08-24 10:30:00-04:00,19.510000228881836,19.565000534057617,19.329999923706055,19.405000686645508,15769,0.0,0.0
2023-08-24 11:30:00-04:00,19.389999389648438,19.389999389648438,19.280000686645508,19.334999084472656,15548,0.0,0.0
2023-08-24 12:30:00-04:00,19.31999969482422,19.31999969482422,19.229999542236328,19.239999771118164,15993,0.0,0.0
2023-08-24 13:30:00-04:00,19.239999771118164,19.258100509643555,19.219999313354492,19.235000610351562,12707,0.0,0.0
2023-08-24 14:30:00-04:00,19.239999771118164,19.3799991607666,19.200000762939453,19.360000610351562,22865,0.0,0.0
2023-08-24 15:30:00-04:00,19.360000610351562,19.399999618530273,19.274999618530273,19.280000686645508,46152,0.0,0.0
2023-08-25 09:30:00-04:00,19.43000030517578,19.600000381469727,19.25,19.25,16761,0.0,0.0
2023-08-25 10:30:00-04:00,19.31999969482422,19.31999969482422,19.190000534057617,19.2549991607666,8761,0.0,0.0
2023-08-25 11:30:00-04:00,19.280000686645508,19.40999984741211,19.270000457763672,19.40999984741211,9129,0.0,0.0
2023-08-25 12:30:00-04:00,19.424999237060547,19.454999923706055,19.270000457763672,19.290000915527344,14000,0.0,0.0
2023-08-25 13:30:00-04:00,19.290000915527344,19.389999389648438,19.270000457763672,19.389999389648438,12610,0.0,0.0
2023-08-25 14:30:00-04:00,19.3799991607666,19.43000030517578,19.350000381469727,19.43000030517578,14551,0.0,0.0
2023-08-25 15:30:00-04:00,19.43000030517578,19.450000762939453,19.354999542236328,19.440000534057617,25108,0.0,0.0
2023-08-28 09:30:00-04:00,19.489999771118164,20.079999923706055,19.489999771118164,19.985000610351562,27416,0.0,0.0
2023-08-28 10:30:00-04:00,19.969999313354492,20.15999984741211,19.969999313354492,20.060100555419922,29455,0.0,0.0
2023-08-28 11:30:00-04:00,20.05500030517578,20.34000015258789,20.020000457763672,20.329999923706055,47770,0.0,0.0
2023-08-28 12:30:00-04:00,20.309999465942383,20.5,20.309999465942383,20.450000762939453,24979,0.0,0.0
2023-08-28 13:30:00-04:00,20.469999313354492,20.499900817871094,20.219999313354492,20.280000686645508,18756,0.0,0.0
2023-08-28 14:30:00-04:00,20.260000228881836,20.329999923706055,20.18000030517578,20.219999313354492,21781,0.0,0.0
2023-08-28 15:30:00-04:00,20.200000762939453,20.260000228881836,20.170000076293945,20.190000534057617,47763,0.0,0.0
2023-08-29 09:30:00-04:00,20.18000030517578,20.25,20.049999237060547,20.229999542236328,16869,0.0,0.0
2023-08-29 10:30:00-04:00,20.239999771118164,20.334999084472656,20.190000534057617,20.334999084472656,13662,0.0,0.0
2023-08-29 11:30:00-04:00,20.34000015258789,20.34000015258789,20.239999771118164,20.309999465942383,11977,0.0,0.0
2023-08-29 12:30:00-04:00,20.290000915527344,20.450000762939453,20.209999084472656,20.450000762939453,55514,0.0,0.0
2023-08-29 13:30:00-04:00,20.389999389648438,20.40999984741211,20.260000228881836,20.389999389648438,17366,0.0,0.0
2023-08-29 14:30:00-04:00,20.3700008392334,20.440000534057617,20.363300323486328,20.389999389648438,22214,0.0,0.0
2023-08-29 15:30:00-04:00,20.3799991607666,20.5,20.344999313354492,20.5,49818,0.0,0.0
2023-08-30 09:30:00-04:00,20.510000228881836,20.68000030517578,20.510000228881836,20.514999389648438,9319,0.0,0.0
2023-08-30 10:30:00-04:00,20.579999923706055,20.59000015258789,20.515199661254883,20.536399841308594,5602,0.0,0.0
2023-08-30 11:30:00-04:00,20.579999923706055,20.675399780273438,20.579999923706055,20.675399780273438,5393,0.0,0.0
2023-08-30 12:30:00-04:00,20.65999984741211,20.670000076293945,20.599899291992188,20.6200008392334,5139,0.0,0.0
2023-08-30 13:30:00-04:00,20.600000381469727,20.6200008392334,20.559999465942383,20.579599380493164,7983,0.0,0.0
2023-08-30 14:30:00-04:00,20.59000015258789,20.649999618530273,20.58690071105957,20.600099563598633,12544,0.0,0.0
2023-08-30 15:30:00-04:00,20.59160041809082,20.639999389648438,20.59000015258789,20.6200008392334,33113,0.0,0.0
2023-08-31 09:30:00-04:00,20.520000457763672,20.729999542236328,20.5,20.6200008392334,16159,0.0,0.0
2023-08-31 10:30:00-04:00,20.611299514770508,20.729999542236328,20.549999237060547,20.600000381469727,22024,0.0,0.0
2023-08-31 11:30:00-04:00,20.60379981994629,20.60379981994629,20.510000228881836,20.510000228881836,8732,0.0,0.0
2023-08-31 12:30:00-04:00,20.489999771118164,20.56999969482422,20.485000610351562,20.53499984741211,13190,0.0,0.0
2023-08-31 13:30:00-04:00,20.520000457763672,20.530000686645508,20.35099983215332,20.364999771118164,13352,0.0,0.0
2023-08-31 14:30:00-04:00,20.350000381469727,20.360000610351562,20.25,20.303499221801758,22630,0.0,0.0
2023-08-31 15:30:00-04:00,20.299999237060547,20.299999237060547,20.219999313354492,20.219999313354492,43076,0.0,0.0
2023-09-01 09:30:00-04:00,20.440000534057617,20.6200008392334,20.280000686645508,20.540000915527344,14207,0.0,0.0
2023-09-01 10:30:00-04:00,20.579999923706055,20.579999923706055,20.40999984741211,20.420000076293945,9466,0.0,0.0
2023-09-01 11:30:00-04:00,20.3799991607666,20.600000381469727,20.31999969482422,20.600000381469727,14349,0.0,0.0
2023-09-01 12:30:00-04:00,20.59869956970215,20.6200008392334,20.469999313354492,20.485000610351562,13672,0.0,0.0
2023-09-01 13:30:00-04:00,20.485000610351562,20.510000228881836,20.4153995513916,20.440000534057617,17730,0.0,0.0
2023-09-01 14:30:00-04:00,20.450000762939453,20.690000534057617,20.450000762939453,20.610000610351562,37637,0.0,0.0
2023-09-01 15:30:00-04:00,20.600000381469727,20.690000534057617,20.59000015258789,20.610000610351562,57271,0.0,0.0
2023-09-05 09:30:00-04:00,20.3799991607666,20.40920066833496,19.729999542236328,19.729999542236328,50178,0.0,0.0
2023-09-05 10:30:00-04:00,19.719999313354492,19.75,19.579999923706055,19.6200008392334,18066,0.0,0.0
2023-09-05 11:30:00-04:00,19.636899948120117,19.690000534057617,19.56999969482422,19.68000030517578,12126,0.0,0.0
2023-09-05 12:30:00-04:00,19.68000030517578,19.700000762939453,19.559999465942383,19.600000381469727,15277,0.0,0.0
2023-09-05 13:30:00-04:00,19.610000610351562,19.6200008392334,19.549999237060547,19.549999237060547,9166,0.0,0.0
2023-09-05 14:30:00-04:00,19.549999237060547,19.559999465942383,19.469999313354492,19.469999313354492,27890,0.0,0.0
2023-09-05 15:30:00-04:00,19.479999542236328,19.589000701904297,19.469999313354492,19.514999389648438,39486,0.0,0.0
2023-09-06 09:30:00-04:00,19.6299991607666,19.8700008392334,19.579999923706055,19.780000686645508,21552,0.0,0.0
2023-09-06 10:30:00-04:00,19.790000915527344,19.829999923706055,19.6023006439209,19.68000030517578,9577,0.0,0.0
2023-09-06 11:30:00-04:00,19.65999984741211,19.729999542236328,19.649999618530273,19.649999618530273,11204,0.0,0.0
2023-09-06 12:30:00-04:00,19.65999984741211,19.690000534057617,19.6299991607666,19.674999237060547,11350,0.0,0.0
2023-09-06 13:30:00-04:00,19.700000762939453,19.799999237060547,19.68000030517578,19.795000076293945,19280,0.0,0.0
2023-09-06 14:30:00-04:00,19.790000915527344,19.81999969482422,19.729999542236328,19.790000915527344,20495,0.0,0.0
2023-09-06 15:30:00-04:00,19.790000915527344,19.809999465942383,19.704999923706055,19.739999771118164,42368,0.0,0.0
2023-09-07 09:30:00-04:00,19.5,19.604999542236328,19.209999084472656,19.239999771118164,25094,0.0,0.0
2023-09-07 10:30:00-04:00,19.260000228881836,19.469999313354492,19.260000228881836,19.415000915527344,20499,0.0,0.0
2023-09-07 11:30:00-04:00,19.434999465942383,19.450000762939453,19.31999969482422,19.3700008392334,13315,0.0,0.0
2023-09-07 12:30:00-04:00,19.375,19.53499984741211,19.36750030517578,19.524999618530273,16577,0.0,0.0
2023-09-07 13:30:00-04:00,19.510000228881836,19.510000228881836,19.440000534057617,19.46500015258789,11495,0.0,0.0
2023-09-07 14:30:00-04:00,19.469999313354492,19.559999465942383,19.450000762939453,19.549999237060547,22878,0.0,0.0
2023-09-07 15:30:00-04:00,19.559999465942383,19.6299991607666,19.530000686645508,19.530000686645508,66309,0.0,0.0
2023-09-08 09:30:00-04:00,19.559999465942383,19.559999465942383,19.2549991607666,19.360000610351562,16453,0.0,0.0
2023-09-08 10:30:00-04:00,19.350000381469727,19.520000457763672,19.350000381469727,19.520000457763672,16205,0.0,0.0
2023-09-08 11:30:00-04:00,19.520000457763672,19.594999313354492,19.489999771118164,19.559999465942383,12135,0.0,0.0
2023-09-08 12:30:00-04:00,19.559999465942383,19.6200008392334,19.475000381469727,19.489999771118164,10929,0.0,0.0
2023-09-08 13:30:00-04:00,19.479999542236328,19.489999771118164,19.375,19.42650032043457,15653,0.0,0.0
2023-09-08 14:30:00-04:00,19.43000030517578,19.440399169921875,19.399999618530273,19.40999984741211,13435,0.0,0.0
2023-09-08 15:30:00-04:00,19.420000076293945,19.459999084472656,19.375,19.40999984741211,39286,0.0,0.0
2023-09-11 09:30:00-04:00,19.65999984741211,19.75,19.385000228881836,19.75,22373,0.0,0.0
2023-09-11 10:30:00-04:00,19.739999771118164,19.7549991607666,19.649999618530273,19.71500015258789,15092,0.0,0.0
2023-09-11 11:30:00-04:00,19.704999923706055,19.84000015258789,19.665000915527344,19.81999969482422,12984,0.0,0.0
2023-09-11 12:30:00-04:00,19.829999923706055,19.850000381469727,19.770000457763672,19.81999969482422,16931,0.0,0.0
2023-09-11 13:30:00-04:00,19.825000762939453,19.84000015258789,19.750900268554688,19.780000686645508,25657,0.0,0.0
2023-09-11 14:30:00-04:00,19.774999618530273,19.950000762939453,19.774999618530273,19.940000534057617,25823,0.0,0.0
2023-09-11 15:30:00-04:00,19.950000762939453,19.989999771118164,19.84000015258789,19.860000610351562,54358,0.0,0.0
2023-09-12 09:30:00-04:00,19.639999389648438,19.850000381469727,19.59000015258789,19.809999465942383,18960,0.0,0.0
2023-09-12 10:30:00-04:00,19.81999969482422,19.839000701904297,19.700000762939453,19.739999771118164,13549,0.0,0.0
2023-09-12 11:30:00-04:00,19.757999420166016,19.760000228881836,19.618499755859375,19.618499755859375,12219,0.0,0.0
2023-09-12 12:30:00-04:00,19.600000381469727,19.799999237060547,19.59000015258789,19.75,16617,0.0,0.0
2023-09-12 13:30:00-04:00,19.760000228881836,19.780000686645508,19.68000030517578,19.69499969482422,12537,0.0,0.0
2023-09-12 14:30:00-04:00,19.698999404907227,19.700000762939453,19.594999313354492,19.610000610351562,16917,0.0,0.0
2023-09-12 15:30:00-04:00,19.6200008392334,19.649999618530273,19.56999969482422,19.56999969482422,37712,0.0,0.0
2023-09-13 09:30:00-04:00,19.600000381469727,19.600000381469727,19.270000457763672,19.479999542236328,19308,0.0,0.0
2023-09-13 10:30:00-04:00,19.489999771118164,19.5625,19.460100173950195,19.475000381469727,17173,0.0,0.0
2023-09-13 11:30:00-04:00,19.479999542236328,19.479999542236328,19.3799991607666,19.454999923706055,14334,0.0,0.0
2023-09-13 12:30:00-04:00,19.475000381469727,19.599000930786133,19.469999313354492,19.540000915527344,12775,0.0,0.0
2023-09-13 13:30:00-04:00,19.549999237060547,19.559999465942383,19.520000457763672,19.530000686645508,12565,0.0,0.0
2023-09-13 14:30:00-04:00,19.540000915527344,19.540000915527344,19.34000015258789,19.350000381469727,26795,0.0,0.0
2023-09-13 15:30:00-04:00,19.350000381469727,19.385000228881836,19.309999465942383,19.3799991607666,68323,0.0,0.0
2023-09-14 09:30:00-04:00,19.670000076293945,19.950000762939453,19.670000076293945,19.8799991607666,15750,0.0,0.0
2023-09-14 10:30:00-04:00,19.850000381469727,19.950000762939453,19.790000915527344,19.829999923706055,12283,0.0,0.0
2023-09-14 11:30:00-04:00,19.834400177001953,19.844999313354492,19.75,19.785999298095703,7782,0.0,0.0
2023-09-14 12:30:00-04:00,19.790000915527344,19.920000076293945,19.770000457763672,19.889999389648438,13224,0.0,0.0
2023-09-14 13:30:00-04:00,19.8799991607666,19.93000030517578,19.8700008392334,19.93000030517578,7827,0.0,0.0
2023-09-14 14:30:00-04:00,19.90999984741211,20.09000015258789,19.90999984741211,20.030000686645508,32901,0.0,0.0
2023-09-14 15:30:00-04:00,20.030000686645508,20.059999465942383,19.941499710083008,20.059999465942383,34736,0.0,0.0
2023-09-15 09:30:00-04:00,19.920000076293945,20.040000915527344,19.920000076293945,19.959999084472656,60779,0.0,0.0
2023-09-15 10:30:00-04:00,19.979999542236328,20.049999237060547,19.920000076293945,19.940000534057617,12699,0.0,0.0
2023-09-15 11:30:00-04:00,19.920000076293945,20.010000228881836,19.83839988708496,19.83839988708496,16255,0.0,0.0
2023-09-15 12:30:00-04:00,19.81999969482422,19.899999618530273,19.760000228881836,19.854999542236328,14523,0.0,0.0
2023-09-15 13:30:00-04:00,19.84000015258789,20.0,19.84000015258789,19.989999771118164,12959,0.0,0.0
2023-09-15 14:30:00-04:00,20.030000686645508,20.09000015258789,19.989999771118164,20.06999969482422,28152,0.0,0.0
2023-09-15 15:30:00-04:00,20.06999969482422,20.06999969482422,19.770000457763672,19.84000015258789,101762,0.0,0.0
2023-09-18 09:30:00-04:00,19.950000762939453,20.030000686645508,19.75,19.922800064086914,16539,0.0,0.0
2023-09-18 10:30:00-04:00,19.934999465942383,19.934999465942383,19.799999237060547,19.8799991607666,10925,0.0,0.0
2023-09-18 11:30:00-04:00,19.899999618530273,19.90999984741211,19.780000686645508,19.799999237060547,9586,0.0,0.0
2023-09-18 12:30:00-04:00,19.829999923706055,19.834999084472656,19.719999313354492,19.829999923706055,8663,0.0,0.0
2023-09-18 13:30:00-04:00,19.815000534057617,19.815000534057617,19.75,19.75,10487,0.0,0.0
2023-09-18 14:30:00-04:00,19.739999771118164,19.920000076293945,19.700000762939453,19.90999984741211,19280,0.0,0.0
2023-09-18 15:30:00-04:00,19.90999984741211,19.93000030517578,19.707500457763672,19.719999313354492,66870,0.0,0.0
2023-09-19 09:30:00-04:00,19.739999771118164,19.829999923706055,19.6200008392334,19.68000030517578,16931,0.0,0.0
2023-09-19 10:30:00-04:00,19.670000076293945,19.790000915527344,19.649999618530273,19.790000915527344,23032,0.0,0.0
2023-09-19 11:30:00-04:00,19.860000610351562,20.010000228881836,19.81999969482422,19.950000762939453,22045,0.0,0.0
2023-09-19 12:30:00-04:00,19.93000030517578,20.110000610351562,19.93000030517578,20.100000381469727,13173,0.0,0.0
2023-09-19 13:30:00-04:00,20.079999923706055,20.219999313354492,20.06999969482422,20.149999618530273,17809,0.0,0.0
2023-09-19 14:30:00-04:00,20.139999389648438,20.139999389648438,19.959999084472656,20.020000457763672,17398,0.0,0.0
2023-09-19 15:30:00-04:00,20.040000915527344,20.170000076293945,20.040000915527344,20.100000381469727,33555,0.0,0.0
2023-09-20 09:30:00-04:00,20.25,20.579999923706055,20.229999542236328,20.56999969482422,27648,0.0,0.0
2023-09-20 10:30:00-04:00,20.530000686645508,20.530000686645508,20.299999237060547,20.299999237060547,7299,0.0,0.0
2023-09-20 11:30:00-04:00,20.309999465942383,20.40999984741211,20.309999465942383,20.3799991607666,11916,0.0,0.0
2023-09-20 12:30:00-04:00,20.3700008392334,20.389999389648438,20.229999542236328,20.229999542236328,9847,0.0,0.0
2023-09-20 13:30:00-04:00,20.18000030517578,20.3799991607666,20.155000686645508,20.25,29418,0.0,0.0
2023-09-20 14:30:00-04:00,20.229999542236328,20.260000228881836,20.145000457763672,20.219999313354492,21224,0.0,0.0
2023-09-20 15:30:00-04:00,20.225000381469727,20.225000381469727,20.049999237060547,20.059999465942383,26716,0.0,0.0
2023-09-21 09:30:00-04:00,19.729999542236328,20.020000457763672,19.700000762939453,19.905000686645508,17169,0.0,0.0
2023-09-21 10:30:00-04:00,19.905000686645508,20.040000915527344,19.860000610351562,20.040000915527344,16284,0.0,0.0
2023-09-21 11:30:00-04:00,20.038999557495117,20.209999084472656,20.038999557495117,20.079999923706055,16571,0.0,0.0
2023-09-21 12:30:00-04:00,20.059999465942383,20.200000762939453,20.040000915527344,20.187999725341797,18290,0.0,0.0
2023-09-21 13:30:00-04:00,20.190000534057617,20.190000534057617,20.077499389648438,20.1299991607666,11805,0.0,0.0
2023-09-21 14:30:00-04:00,20.110000610351562,20.149999618530273,20.079999923706055,20.110000610351562,24504,0.0,0.0
2023-09-21 15:30:00-04:00,20.110000610351562,20.18000030517578,20.059999465942383,20.1200008392334,63956,0.0,0.0
2023-09-22 09:30:00-04:00,20.290000915527344,20.389999389648438,20.141700744628906,20.274999618530273,14419,0.0,0.0
2023-09-22 10:30:00-04:00,20.274999618530273,20.329999923706055,20.190000534057617,20.190000534057617,10331,0.0,0.0
2023-09-22 11:30:00-04:00,20.229999542236328,20.280000686645508,20.149999618530273,20.200000762939453,8918,0.0,0.0
2023-09-22 12:30:00-04:00,20.200000762939453,20.21500015258789,20.0,20.0,9402,0.0,0.0
2023-09-22 13:30:00-04:00,19.979999542236328,19.979999542236328,19.700000762939453,19.700000762939453,19030,0.0,0.0
2023-09-22 14:30:00-04:00,19.700000762939453,19.809999465942383,19.610000610351562,19.77989959716797,24122,0.0,0.0
2023-09-22 15:30:00-04:00,19.770000457763672,19.780000686645508,19.579999923706055,19.59000015258789,54722,0.0,0.0
2023-09-25 09:30:00-04:00,19.489999771118164,19.575599670410156,19.280000686645508,19.31999969482422,18870,0.0,0.0
2023-09-25 10:30:00-04:00,19.299999237060547,19.454999923706055,19.219999313354492,19.3799991607666,28440,0.0,0.0
2023-09-25 11:30:00-04:00,19.40999984741211,19.56999969482422,19.3799991607666,19.514999389648438,22755,0.0,0.0
2023-09-25 12:30:00-04:00,19.510000228881836,19.56999969482422,19.40999984741211,19.40999984741211,11008,0.0,0.0
2023-09-25 13:30:00-04:00,19.40999984741211,19.459999084472656,19.3799991607666,19.40999984741211,18538,0.0,0.0
2023-09-25 14:30:00-04:00,19.420000076293945,19.51799964904785,19.3799991607666,19.3799991607666,32839,0.0,0.0
2023-09-25 15:30:00-04:00,19.397199630737305,19.40999984741211,19.309999465942383,19.389999389648438,56225,0.0,0.0
2023-09-26 09:30:00-04:00,19.229999542236328,19.399999618530273,19.040000915527344,19.110000610351562,17902,0.0,0.0
2023-09-26 10:30:00-04:00,19.110000610351562,19.110000610351562,18.790000915527344,18.809999465942383,47160,0.0,0.0
2023-09-26 11:30:00-04:00,18.78499984741211,18.78499984741211,18.610000610351562,18.665000915527344,24948,0.0,0.0
2023-09-26 12:30:00-04:00,18.649999618530273,18.68000030517578,18.5049991607666,18.5049991607666,18192,0.0,0.0
2023-09-26 13:30:00-04:00,18.5,18.56999969482422,18.479999542236328,18.554399490356445,23109,0.0,0.0
2023-09-26 14:30:00-04:00,18.540000915527344,18.688499450683594,18.530000686645508,18.559999465942383,29113,0.0,0.0
2023-09-26 15:30:00-04:00,18.579999923706055,18.700000762939453,18.579999923706055,18.670000076293945,65440,0.0,0.0
2023-09-27 09:30:00-04:00,18.959999084472656,19.260000228881836,18.809999465942383,19.170000076293945,29789,0.0,0.0
2023-09-27 10:30:00-04:00,19.167999267578125,19.290000915527344,19.09000015258789,19.290000915527344,31191,0.0,0.0
2023-09-27 11:30:00-04:00,19.290000915527344,19.299999237060547,18.969999313354492,18.989999771118164,16958,0.0,0.0
2023-09-27 12:30:00-04:00,19.049999237060547,19.18000030517578,19.010000228881836,19.030000686645508,26304,0.0,0.0
2023-09-27 13:30:00-04:00,19.040000915527344,19.139999389648438,19.0,19.100000381469727,14351,0.0,0.0
2023-09-27 14:30:00-04:00,19.18000030517578,19.289899826049805,19.149999618530273,19.2810001373291,18003,0.0,0.0
2023-09-27 15:30:00-04:00,19.280000686645508,19.280000686645508,19.149999618530273,19.149999618530273,32509,0.0,0.0
2023-09-28 09:30:00-04:00,19.170000076293945,19.389999389648438,19.170000076293945,19.280000686645508,13103,0.0,0.0
2023-09-28 10:30:00-04:00,19.31999969482422,19.469999313354492,19.280000686645508,19.469999313354492,7031,0.0,0.0
2023-09-28 11:30:00-04:00,19.479999542236328,19.56999969482422,19.43120002746582,19.457300186157227,11756,0.0,0.0
2023-09-28 12:30:00-04:00,19.44499969482422,19.450000762939453,19.280000686645508,19.280000686645508,12121,0.0,0.0
2023-09-28 13:30:00-04:00,19.270000457763672,19.299999237060547,19.20199966430664,19.290000915527344,11485,0.0,0.0
2023-09-28 14:30:00-04:00,19.31999969482422,19.3700008392334,19.260000228881836,19.329999923706055,23667,0.0,0.0
2023-09-28 15:30:00-04:00,19.34000015258789,19.350000381469727,19.079999923706055,19.149999618530273,83040,0.0,0.0
2023-09-29 09:30:00-04:00,19.25,19.299999237060547,19.09000015258789,19.200000762939453,17039,0.0,0.0
2023-09-29 10:30:00-04:00,19.200000762939453,19.219999313354492,19.079999923706055,19.13159942626953,22839,0.0,0.0
2023-09-29 11:30:00-04:00,19.1200008392334,19.170000076293945,19.09000015258789,19.1299991607666,18364,0.0,0.0
2023-09-29 12:30:00-04:00,19.1299991607666,19.1299991607666,18.93000030517578,18.959999084472656,38538,0.0,0.0
2023-09-29 13:30:00-04:00,18.979999542236328,18.979999542236328,18.860000610351562,18.940000534057617,18292,0.0,0.0
2023-09-29 14:30:00-04:00,18.899999618530273,19.049999237060547,18.899999618530273,18.989999771118164,27020,0.0,0.0
2023-09-29 15:30:00-04:00,18.979999542236328,19.000999450683594,18.809999465942383,18.90999984741211,110489,0.0,0.0
2023-10-02 09:30:00-04:00,18.860000610351562,18.975000381469727,18.549999237060547,18.549999237060547,25139,0.0,0.0
2023-10-02 10:30:00-04:00,18.53499984741211,18.704999923706055,18.469999313354492,18.684999465942383,25464,0.0,0.0
2023-10-02 11:30:00-04:00,18.700000762939453,18.719999313354492,18.59000015258789,18.600000381469727,14768,0.0,0.0
2023-10-02 12:30:00-04:00,18.559999465942383,18.6299991607666,18.475000381469727,18.600000381469727,18265,0.0,0.0
2023-10-02 13:30:00-04:00,18.604999542236328,18.6200008392334,18.559999465942383,18.559999465942383,15676,0.0,0.0
2023-10-02 14:30:00-04:00,18.56999969482422,18.600000381469727,18.479999542236328,18.530000686645508,20608,0.0,0.0
2023-10-02 15:30:00-04:00,18.559999465942383,18.57900047302246,18.489999771118164,18.510000228881836,51363,0.0,0.0
2023-10-03 09:30:00-04:00,18.389999389648438,18.479999542236328,17.99020004272461,18.152000427246094,34694,0.0,0.0
2023-10-03 10:30:00-04:00,18.170000076293945,18.229999542236328,18.135000228881836,18.165000915527344,19896,0.0,0.0
2023-10-03 11:30:00-04:00,18.149999618530273,18.149999618530273,18.049999237060547,18.125,15773,0.0,0.0
2023-10-03 12:30:00-04:00,18.138999938964844,18.149999618530273,18.040000915527344,18.040000915527344,11237,0.0,0.0
2023-10-03 13:30:00-04:00,18.059999465942383,18.19499969482422,18.040000915527344,18.170000076293945,18921,0.0,0.0
2023-10-03 14:30:00-04:00,18.189899444580078,18.239999771118164,18.149999618530273,18.18000030517578,53234,0.0,0.0
2023-10-03 15:30:00-04:00,18.18000030517578,18.309999465942383,18.170000076293945,18.299999237060547,64082,0.0,0.0
2023-10-04 09:30:00-04:00,18.329999923706055,18.530000686645508,18.063499450683594,18.06999969482422,22829,0.0,0.0
2023-10-04 10:30:00-04:00,18.1299991607666,18.15999984741211,17.985000610351562,18.149999618530273,17995,0.0,0.0
2023-10-04 11:30:00-04:00,18.139999389648438,18.229999542236328,18.080400466918945,18.15999984741211,18011,0.0,0.0
2023-10-04 12:30:00-04:00,18.15999984741211,18.229999542236328,18.059999465942383,18.059999465942383,17414,0.0,0.0
2023-10-04 13:30:00-04:00,18.065000534057617,18.149999618530273,18.05500030517578,18.084999084472656,19638,0.0,0.0
2023-10-04 14:30:00-04:00,18.09000015258789,18.155000686645508,18.059999465942383,18.1299991607666,17643,0.0,0.0
2023-10-04 15:30:00-04:00,18.138999938964844,18.280000686645508,18.1200008392334,18.270000457763672,52391,0.0,0.0
2023-10-05 09:30:00-04:00,18.25,18.440000534057617,18.242300033569336,18.420000076293945,10099,0.0,0.0
2023-10-05 10:30:00-04:00,18.440000534057617,18.440000534057617,18.270000457763672,18.270000457763672,15833,0.0,0.0
2023-10-05 11:30:00-04:00,18.25,18.260000228881836,18.190000534057617,18.2450008392334,8408,0.0,0.0
2023-10-05 12:30:00-04:00,18.260000228881836,18.290000915527344,18.229999542236328,18.280000686645508,10552,0.0,0.0
2023-10-05 13:30:00-04:00,18.260000228881836,18.540000915527344,18.260000228881836,18.479999542236328,15518,0.0,0.0
2023-10-05 14:30:00-04:00,18.489999771118164,18.540000915527344,18.440000534057617,18.450000762939453,17040,0.0,0.0
2023-10-05 15:30:00-04:00,18.440000534057617,18.453399658203125,18.329999923706055,18.420000076293945,58893,0.0,0.0
2023-10-06 09:30:00-04:00,18.34000015258789,18.3799991607666,18.06999969482422,18.170000076293945,9143,0.0,0.0
2023-10-06 10:30:00-04:00,18.190000534057617,18.399999618530273,18.170000076293945,18.3700008392334,15603,0.0,0.0
2023-10-06 11:30:00-04:00,18.389999389648438,18.709999084472656,18.389999389648438,18.579999923706055,10866,0.0,0.0
2023-10-06 12:30:00-04:00,18.549999237060547,18.549999237060547,18.459999084472656,18.520000457763672,8967,0.0,0.0
2023-10-06 13:30:00-04:00,18.514999389648438,18.639999389648438,18.510000228881836,18.610000610351562,11654,0.0,0.0
2023-10-06 14:30:00-04:00,18.610000610351562,18.6299991607666,18.520000457763672,18.530000686645508,13261,0.0,0.0
2023-10-06 15:30:00-04:00,18.540000915527344,18.549999237060547,18.389999389648438,18.389999389648438,35985,0.0,0.0
2023-10-09 09:30:00-04:00,18.299999237060547,18.536100387573242,18.100000381469727,18.5,9695,0.0,0.0
2023-10-09 10:30:00-04:00,18.530000686645508,18.6299991607666,18.5,18.6299991607666,9184,0.0,0.0
2023-10-09 11:30:00-04:00,18.6299991607666,18.65999984741211,18.59000015258789,18.59000015258789,9868,0.0,0.0
2023-10-09 12:30:00-04:00,18.570100784301758,18.610000610351562,18.540000915527344,18.610000610351562,8013,0.0,0.0
2023-10-09 13:30:00-04:00,18.6200008392334,18.809999465942383,18.6200008392334,18.809999465942383,16227,0.0,0.0
2023-10-09 14:30:00-04:00,18.790000915527344,18.799999237060547,18.667800903320312,18.667800903320312,8138,0.0,0.0
2023-10-09 15:30:00-04:00,18.65999984741211,18.670000076293945,18.59000015258789,18.610000610351562,28364,0.0,0.0
2023-10-10 09:30:00-04:00,18.719999313354492,18.940000534057617,18.499300003051758,18.940000534057617,9380,0.0,0.0
2023-10-10 10:30:00-04:00,18.90999984741211,19.0,18.899999618530273,18.979999542236328,21513,0.0,0.0
2023-10-10 11:30:00-04:00,19.0,19.110000610351562,18.989999771118164,19.059999465942383,11615,0.0,0.0
2023-10-10 12:30:00-04:00,19.049999237060547,19.079999923706055,18.989999771118164,19.079999923706055,12033,0.0,0.0
2023-10-10 13:30:00-04:00,19.059999465942383,19.104999542236328,18.950000762939453,18.959999084472656,17922,0.0,0.0
2023-10-10 14:30:00-04:00,18.989999771118164,19.0,18.940000534057617,18.959999084472656,15361,0.0,0.0
2023-10-10 15:30:00-04:00,18.950000762939453,19.0,18.889999389648438,18.889999389648438,35186,0.0,0.0
2023-10-11 09:30:00-04:00,18.920000076293945,19.06999969482422,18.920000076293945,19.020000457763672,7269,0.0,0.0
2023-10-11 10:30:00-04:00,19.010000228881836,19.040000915527344,18.829999923706055,18.84000015258789,15008,0.0,0.0
2023-10-11 11:30:00-04:00,18.850000381469727,18.8700008392334,18.639999389648438,18.64299964904785,12546,0.0,0.0
2023-10-11 12:30:00-04:00,18.636999130249023,18.690000534057617,18.636999130249023,18.690000534057617,3231,0.0,0.0
2023-10-11 13:30:00-04:00,18.670000076293945,18.790000915527344,18.670000076293945,18.739999771118164,5069,0.0,0.0
2023-10-11 14:30:00-04:00,18.739999771118164,18.770000457763672,18.739099502563477,18.760000228881836,6067,0.0,0.0
2023-10-11 15:30:00-04:00,18.770000457763672,18.850000381469727,18.75,18.850000381469727,28849,0.0,0.0
2023-10-12 09:30:00-04:00,18.850000381469727,18.850000381469727,18.5,18.600000381469727,12689,0.0,0.0
2023-10-12 10:30:00-04:00,18.596599578857422,18.610000610351562,18.479999542236328,18.5,6655,0.0,0.0
2023-10-12 11:30:00-04:00,18.485000610351562,18.520000457763672,18.290000915527344,18.520000457763672,14389,0.0,0.0
2023-10-12 12:30:00-04:00,18.520000457763672,18.540000915527344,18.299999237060547,18.329999923706055,14356,0.0,0.0
2023-10-12 13:30:00-04:00,18.350000381469727,18.399999618530273,18.309999465942383,18.354999542236328,16653,0.0,0.0
2023-10-12 14:30:00-04:00,18.329999923706055,18.399999618530273,18.31999969482422,18.389999389648438,14997,0.0,0.0
2023-10-12 15:30:00-04:00,18.395000457763672,18.489999771118164,18.395000457763672,18.489999771118164,44948,0.0,0.0
2023-10-13 09:30:00-04:00,18.559999465942383,18.559999465942383,18.270000457763672,18.270000457763672,3794,0.0,0.0
2023-10-13 10:30:00-04:00,18.298999786376953,18.298999786376953,18.01099967956543,18.049999237060547,5776,0.0,0.0
2023-10-13 11:30:00-04:00,18.09000015258789,18.131000518798828,17.951000213623047,18.131000518798828,13936,0.0,0.0
2023-10-13 12:30:00-04:00,18.1299991607666,18.1299991607666,17.8700008392334,17.900999069213867,9932,0.0,0.0
2023-10-13 13:30:00-04:00,17.8799991607666,17.920000076293945,17.84000015258789,17.8700008392334,10890,0.0,0.0
2023-10-13 14:30:00-04:00,17.86050033569336,17.935300827026367,17.790000915527344,17.90999984741211,14344,0.0,0.0
2023-10-13 15:30:00-04:00,17.920000076293945,17.979999542236328,17.899999618530273,17.969999313354492,21249,0.0,0.0
2023-10-16 09:30:00-04:00,18.219999313354492,18.59000015258789,17.988500595092773,18.584999084472656,15293,0.0,0.0
2023-10-16 10:30:00-04:00,18.610000610351562,18.770000457763672,18.610000610351562,18.709999084472656,26558,0.0,0.0
2023-10-16 11:30:00-04:00,18.65999984741211,18.68000030517578,18.420000076293945,18.450000762939453,15298,0.0,0.0
2023-10-16 12:30:00-04:00,18.450000762939453,18.450000762939453,18.280000686645508,18.350000381469727,11862,0.0,0.0
2023-10-16 13:30:00-04:00,18.3700008392334,18.450000762939453,18.360000610351562,18.40999984741211,9448,0.0,0.0
2023-10-16 14:30:00-04:00,18.40999984741211,18.450000762939453,18.3700008392334,18.430500030517578,12272,0.0,0.0
2023-10-16 15:30:00-04:00,18.479999542236328,18.479999542236328,18.381000518798828,18.399999618530273,23744,0.0,0.0
2023-10-17 09:30:00-04:00,18.299999237060547,18.75,18.299999237060547,18.75,12384,0.0,0.0
2023-10-17 10:30:00-04:00,18.75,18.75,18.591899871826172,18.709999084472656,9003,0.0,0.0
2023-10-17 11:30:00-04:00,18.760000228881836,18.780000686645508,18.729999542236328,18.770000457763672,10790,0.0,0.0
2023-10-17 12:30:00-04:00,18.761600494384766,18.8125,18.735000610351562,18.799999237060547,13196,0.0,0.0
2023-10-17 13:30:00-04:00,18.81999969482422,18.84000015258789,18.739999771118164,18.84000015258789,12840,0.0,0.0
2023-10-17 14:30:00-04:00,18.81999969482422,18.84000015258789,18.700000762939453,18.75,18914,0.0,0.0
2023-10-17 15:30:00-04:00,18.75,18.75,18.530000686645508,18.549999237060547,35663,0.0,0.0
2023-10-18 09:30:00-04:00,18.329999923706055,18.329999923706055,18.030000686645508,18.25,10653,0.0,0.0
2023-10-18 10:30:00-04:00,18.25,18.34160041809082,18.209999084472656,18.34160041809082,7543,0.0,0.0
2023-10-18 11:30:00-04:00,18.329999923706055,18.350000381469727,18.18000030517578,18.18000030517578,7733,0.0,0.0
2023-10-18 12:30:00-04:00,18.229999542236328,18.440000534057617,18.229999542236328,18.420000076293945,6045,0.0,0.0
2023-10-18 13:30:00-04:00,18.389999389648438,18.389999389648438,18.299999237060547,18.299999237060547,8946,0.0,0.0
2023-10-18 14:30:00-04:00,18.315000534057617,18.31999969482422,18.170000076293945,18.170000076293945,6827,0.0,0.0
2023-10-18 15:30:00-04:00,18.190000534057617,18.239999771118164,18.149999618530273,18.204999923706055,32954,0.0,0.0
2023-10-19 09:30:00-04:00,18.190000534057617,18.229999542236328,18.110000610351562,18.15999984741211,13078,0.0,0.0
2023-10-19 10:30:00-04:00,18.1200008392334,18.235000610351562,18.1200008392334,18.18000030517578,10131,0.0,0.0
2023-10-19 11:30:00-04:00,18.184999465942383,18.3799991607666,18.15999984741211,18.239999771118164,9025,0.0,0.0
2023-10-19 12:30:00-04:00,18.147199630737305,18.299999237060547,18.059999465942383,18.200000762939453,6555,0.0,0.0
2023-10-19 13:30:00-04:00,18.209999084472656,18.209999084472656,18.059999465942383,18.06999969482422,6892,0.0,0.0
2023-10-19 14:30:00-04:00,18.040000915527344,18.040000915527344,17.8700008392334,17.88010025024414,11561,0.0,0.0
2023-10-19 15:30:00-04:00,17.924999237060547,17.937999725341797,17.850000381469727,17.889999389648438,15739,0.0,0.0
2023-10-20 09:30:00-04:00,17.959999084472656,17.969999313354492,17.81999969482422,17.90999984741211,26232,0.0,0.0
2023-10-20 10:30:00-04:00,17.888099670410156,17.93000030517578,17.77199935913086,17.77199935913086,12940,0.0,0.0
2023-10-20 11:30:00-04:00,17.780000686645508,17.899999618530273,17.709999084472656,17.780000686645508,15394,0.0,0.0
2023-10-20 12:30:00-04:00,17.790000915527344,17.979999542236328,17.790000915527344,17.93000030517578,9269,0.0,0.0
2023-10-20 13:30:00-04:00,17.940000534057617,17.950000762939453,17.8700008392334,17.899999618530273,10224,0.0,0.0
2023-10-20 14:30:00-04:00,17.889999389648438,17.950000762939453,17.850000381469727,17.905000686645508,21261,0.0,0.0
2023-10-20 15:30:00-04:00,17.920000076293945,17.940000534057617,17.809999465942383,17.81999969482422,28212,0.0,0.0
2023-10-23 09:30:00-04:00,17.790000915527344,18.05500030517578,17.75550079345703,18.0,21701,0.0,0.0
2023-10-23 10:30:00-04:00,17.989999771118164,17.989999771118164,17.799999237060547,17.875200271606445,13479,0.0,0.0
2023-10-23 11:30:00-04:00,17.90999984741211,17.920000076293945,17.729999542236328,17.739999771118164,9505,0.0,0.0
2023-10-23 12:30:00-04:00,17.743999481201172,17.799999237060547,17.674999237060547,17.674999237060547,35776,0.0,0.0
2023-10-23 13:30:00-04:00,17.65999984741211,17.69809913635254,17.510000228881836,17.579999923706055,11246,0.0,0.0
2023-10-23 14:30:00-04:00,17.579999923706055,17.600000381469727,17.450000762939453,17.450000762939453,14618,0.0,0.0
2023-10-23 15:30:00-04:00,17.43000030517578,17.479999542236328,17.399999618530273,17.479999542236328,24740,0.0,0.0
2023-10-24 09:30:00-04:00,17.649999618530273,17.760000228881836,17.510000228881836,17.669099807739258,16009,0.0,0.0
2023-10-24 10:30:00-04:00,17.640100479125977,17.75,17.530000686645508,17.56999969482422,18534,0.0,0.0
2023-10-24 11:30:00-04:00,17.56999969482422,17.579999923706055,17.399999618530273,17.420000076293945,7685,0.0,0.0
2023-10-24 12:30:00-04:00,17.420000076293945,17.426599502563477,17.3700008392334,17.399999618530273,4732,0.0,0.0
2023-10-24 13:30:00-04:00,17.399999618530273,17.450000762939453,17.3700008392334,17.450000762939453,7486,0.0,0.0
2023-10-24 14:30:00-04:00,17.469999313354492,17.489999771118164,17.440000534057617,17.489999771118164,7700,0.0,0.0
2023-10-24 15:30:00-04:00,17.479999542236328,17.540000915527344,17.450000762939453,17.520000457763672,30062,0.0,0.0
2023-10-25 09:30:00-04:00,17.270000457763672,17.315000534057617,16.920000076293945,16.934999465942383,27012,0.0,0.0
2023-10-25 10:30:00-04:00,16.920000076293945,17.040000915527344,16.809999465942383,17.040000915527344,29236,0.0,0.0
2023-10-25 11:30:00-04:00,17.069900512695312,17.069900512695312,16.780000686645508,16.780000686645508,17189,0.0,0.0
2023-10-25 12:30:00-04:00,16.799999237060547,16.860000610351562,16.719999313354492,16.799999237060547,17639,0.0,0.0
2023-10-25 13:30:00-04:00,16.770000457763672,16.857999801635742,16.729999542236328,16.825000762939453,11875,0.0,0.0
2023-10-25 14:30:00-04:00,16.829999923706055,16.889999389648438,16.760000228881836,16.8799991607666,26923,0.0,0.0
2023-10-25 15:30:00-04:00,16.889999389648438,16.950000762939453,16.850000381469727,16.8799991607666,32719,0.0,0.0
2023-10-26 09:30:00-04:00,17.010000228881836,17.06999969482422,16.899999618530273,17.010000228881836,11565,0.0,0.0
2023-10-26 10:30:00-04:00,17.0,17.309999465942383,16.989999771118164,17.18000030517578,15763,0.0,0.0
2023-10-26 11:30:00-04:00,17.155000686645508,17.200000762939453,16.979999542236328,16.989999771118164,6243,0.0,0.0
2023-10-26 12:30:00-04:00,17.020000457763672,17.1200008392334,17.020000457763672,17.06999969482422,6151,0.0,0.0
2023-10-26 13:30:00-04:00,17.020000457763672,17.235000610351562,17.020000457763672,17.209999084472656,14005,0.0,0.0
2023-10-26 14:30:00-04:00,17.260000228881836,17.413999557495117,17.239999771118164,17.3700008392334,47054,0.0,0.0
2023-10-26 15:30:00-04:00,17.360000610351562,17.3799991607666,17.25,17.25,32127,0.0,0.0
2023-10-27 09:30:00-04:00,17.200000762939453,17.200000762939453,17.010000228881836,17.100000381469727,8870,0.0,0.0
2023-10-27 10:30:00-04:00,17.149999618530273,17.219999313354492,17.100000381469727,17.110000610351562,20591,0.0,0.0
2023-10-27 11:30:00-04:00,17.094999313354492,17.149999618530273,16.94300079345703,16.94300079345703,20293,0.0,0.0
2023-10-27 12:30:00-04:00,16.940000534057617,16.989999771118164,16.809999465942383,16.844999313354492,18755,0.0,0.0
2023-10-27 13:30:00-04:00,16.829999923706055,16.854999542236328,16.760000228881836,16.84000015258789,11478,0.0,0.0
2023-10-27 14:30:00-04:00,16.829999923706055,16.889999389648438,16.81999969482422,16.860000610351562,14668,0.0,0.0
2023-10-27 15:30:00-04:00,16.850000381469727,16.8700008392334,16.75,16.854999542236328,40565,0.0,0.0
2023-10-30 09:30:00-04:00,17.09000015258789,17.31999969482422,17.030000686645508,17.06999969482422,16713,0.0,0.0
2023-10-30 10:30:00-04:00,17.059999465942383,17.059999465942383,16.84000015258789,16.8799991607666,21609,0.0,0.0
2023-10-30 11:30:00-04:00,16.8799991607666,16.989999771118164,16.8799991607666,16.93000030517578,7178,0.0,0.0
2023-10-30 12:30:00-04:00,16.920000076293945,16.959999084472656,16.860000610351562,16.940000534057617,9675,0.0,0.0
2023-10-30 13:30:00-04:00,17.0,17.010000228881836,16.969999313354492,16.989999771118164,7677,0.0,0.0
2023-10-30 14:30:00-04:00,16.979999542236328,17.1200008392334,16.979999542236328,17.09000015258789,16342,0.0,0.0
2023-10-30 15:30:00-04:00,17.065000534057617,17.09000015258789,17.010000228881836,17.049999237060547,25710,0.0,0.0
2023-10-31 09:30:00-04:00,17.030000686645508,17.149999618530273,16.93000030517578,16.984699249267578,12007,0.0,0.0
2023-10-31 10:30:00-04:00,17.010000228881836,17.1200008392334,16.90999984741211,17.075000762939453,9104,0.0,0.0
2023-10-31 11:30:00-04:00,17.079999923706055,17.125,17.020099639892578,17.049999237060547,8555,0.0,0.0
2023-10-31 12:30:00-04:00,17.059999465942383,17.059999465942383,16.920000076293945,17.0,21444,0.0,0.0
2023-10-31 13:30:00-04:00,16.992000579833984,17.06999969482422,16.969999313354492,17.0049991607666,18946,0.0,0.0
2023-10-31 14:30:00-04:00,17.020000457763672,17.100000381469727,16.979999542236328,17.079999923706055,11478,0.0,0.0
2023-10-31 15:30:00-04:00,17.059999465942383,17.065000534057617,17.010000228881836,17.049999237060547,26741,0.0,0.0
2023-11-01 09:30:00-04:00,16.90999984741211,16.915000915527344,16.7549991607666,16.84000015258789,17316,0.0,0.0
2023-11-01 10:30:00-04:00,16.850000381469727,16.950000762939453,16.649999618530273,16.69300079345703,24182,0.0,0.0
2023-11-01 11:30:00-04:00,16.700000762939453,16.709999084472656,16.489999771118164,16.510000228881836,73187,0.0,0.0
2023-11-01 12:30:00-04:00,16.53499984741211,16.540000915527344,16.479999542236328,16.524999618530273,16645,0.0,0.0
2023-11-01 13:30:00-04:00,16.514999389648438,16.530000686645508,16.489999771118164,16.5,23364,0.0,0.0
2023-11-01 14:30:00-04:00,16.5,16.540000915527344,16.079999923706055,16.100000381469727,149241,0.0,0.0
2023-11-01 15:30:00-04:00,16.100000381469727,16.25,16.0,16.15999984741211,195609,0.0,0.0
2023-11-02 09:30:00-04:00,16.739999771118164,17.600000381469727,16.40999984741211,16.479999542236328,83812,0.0,0.0
2023-11-02 10:30:00-04:00,16.479999542236328,17.200000762939453,16.479999542236328,16.920000076293945,62120,0.0,0.0
2023-11-02 11:30:00-04:00,16.920000076293945,17.385000228881836,16.920000076293945,17.2549991607666,37992,0.0,0.0
2023-11-02 12:30:00-04:00,17.280000686645508,17.334999084472656,17.18000030517578,17.21500015258789,50670,0.0,0.0
2023-11-02 13:30:00-04:00,17.21500015258789,17.260000228881836,17.040000915527344,17.149999618530273,24954,0.0,0.0
2023-11-02 14:30:00-04:00,17.149999618530273,17.479999542236328,17.139999389648438,17.450000762939453,73299,0.0,0.0
2023-11-02 15:30:00-04:00,17.469999313354492,17.6299991607666,17.37299919128418,17.610000610351562,87644,0.0,0.0
2023-11-03 09:30:00-04:00,18.190000534057617,18.610000610351562,18.053199768066406,18.520000457763672,26240,0.0,0.0
2023-11-03 10:30:00-04:00,18.54640007019043,18.559999465942383,18.219999313354492,18.524999618530273,20680,0.0,0.0
2023-11-03 11:30:00-04:00,18.520000457763672,18.559999465942383,18.389999389648438,18.389999389648438,20272,0.0,0.0
2023-11-03 12:30:00-04:00,18.40999984741211,18.520000457763672,18.399999618530273,18.459999084472656,15476,0.0,0.0
2023-11-03 13:30:00-04:00,18.459999084472656,18.530000686645508,18.420000076293945,18.5,17478,0.0,0.0
2023-11-03 14:30:00-04:00,18.510000228881836,18.649999618530273,18.510000228881836,18.530000686645508,36090,0.0,0.0
2023-11-03 15:30:00-04:00,18.520000457763672,18.579999923706055,18.459999084472656,18.540000915527344,59196,0.0,0.0
2023-11-06 09:30:00-05:00,18.540000915527344,18.649999618530273,18.360000610351562,18.649999618530273,18619,0.0,0.0
2023-11-06 10:30:00-05:00,18.628999710083008,18.649999618530273,18.40999984741211,18.496999740600586,15226,0.0,0.0
2023-11-06 11:30:00-05:00,18.469999313354492,18.6299991607666,18.469999313354492,18.5049991607666,13502,0.0,0.0
2023-11-06 12:30:00-05:00,18.479999542236328,18.6299991607666,18.479999542236328,18.549999237060547,14278,0.0,0.0
2023-11-06 13:30:00-05:00,18.559999465942383,18.59000015258789,18.479999542236328,18.579999923706055,15599,0.0,0.0
2023-11-06 14:30:00-05:00,18.594999313354492,18.65999984741211,18.479999542236328,18.510000228881836,14902,0.0,0.0
2023-11-06 15:30:00-05:00,18.510000228881836,18.600000381469727,18.4950008392334,18.579999923706055,34185,0.0,0.0
2023-11-07 09:30:00-05:00,18.559999465942383,18.760000228881836,18.139999389648438,18.299999237060547,18764,0.0,0.0
2023-11-07 10:30:00-05:00,18.290000915527344,18.3799991607666,18.219999313354492,18.229999542236328,10270,0.0,0.0
2023-11-07 11:30:00-05:00,18.229999542236328,18.270000457763672,18.059999465942383,18.094999313354492,9368,0.0,0.0
2023-11-07 12:30:00-05:00,18.079999923706055,18.190000534057617,18.06999969482422,18.15999984741211,14047,0.0,0.0
2023-11-07 13:30:00-05:00,18.15999984741211,18.260000228881836,18.1299991607666,18.260000228881836,13429,0.0,0.0
2023-11-07 14:30:00-05:00,18.235000610351562,18.344999313354492,18.209999084472656,18.34000015258789,11627,0.0,0.0
2023-11-07 15:30:00-05:00,18.34000015258789,18.350000381469727,18.25,18.25,34209,0.0,0.0
2023-11-08 09:30:00-05:00,18.450000762939453,18.450000762939453,18.139999389648438,18.170000076293945,12378,0.0,0.0
2023-11-08 10:30:00-05:00,18.173999786376953,18.173999786376953,18.030000686645508,18.100000381469727,9742,0.0,0.0
2023-11-08 11:30:00-05:00,18.114999771118164,18.1200008392334,17.959999084472656,18.013900756835938,12805,0.0,0.0
2023-11-08 12:30:00-05:00,18.024999618530273,18.100000381469727,18.010000228881836,18.037500381469727,8233,0.0,0.0
2023-11-08 13:30:00-05:00,18.020000457763672,18.15999984741211,18.020000457763672,18.1299991607666,9557,0.0,0.0
2023-11-08 14:30:00-05:00,18.114999771118164,18.139999389648438,18.0,18.010000228881836,13037,0.0,0.0
2023-11-08 15:30:00-05:00,18.0,18.06999969482422,17.979999542236328,18.049999237060547,35988,0.0,0.0
2023-11-09 09:30:00-05:00,18.110000610351562,18.139999389648438,17.959999084472656,17.979999542236328,9736,0.0,0.0
2023-11-09 10:30:00-05:00,17.979000091552734,18.030000686645508,17.940000534057617,18.030000686645508,11126,0.0,0.0
2023-11-09 11:30:00-05:00,18.049999237060547,18.114999771118164,18.0,18.059999465942383,10387,0.0,0.0
2023-11-09 12:30:00-05:00,18.030000686645508,18.149999618530273,17.940000534057617,17.985000610351562,8412,0.0,0.0
2023-11-09 13:30:00-05:00,17.93000030517578,17.950000762939453,17.709999084472656,17.780000686645508,12816,0.0,0.0
2023-11-09 14:30:00-05:00,17.760000228881836,17.760000228881836,17.639999389648438,17.670000076293945,10895,0.0,0.0
2023-11-09 15:30:00-05:00,17.674999237060547,17.690000534057617,17.610000610351562,17.6200008392334,20272,0.0,0.0
2023-11-10 09:30:00-05:00,17.719999313354492,17.780000686645508,17.549999237060547,17.549999237060547,11319,0.0,0.0
2023-11-10 10:30:00-05:00,17.510000228881836,17.600000381469727,17.485000610351562,17.575000762939453,9653,0.0,0.0
2023-11-10 11:30:00-05:00,17.575000762939453,17.6299991607666,17.549999237060547,17.610000610351562,10106,0.0,0.0
2023-11-10 12:30:00-05:00,17.6299991607666,17.950000762939453,17.6299991607666,17.950000762939453,10183,0.0,0.0
2023-11-10 13:30:00-05:00,17.93000030517578,18.059999465942383,17.93000030517578,18.024999618530273,8627,0.0,0.0
2023-11-10 14:30:00-05:00,18.04170036315918,18.06999969482422,17.9950008392334,18.010000228881836,9273,0.0,0.0
2023-11-10 15:30:00-05:00,18.0,18.0,17.899999618530273,17.93000030517578,23119,0.0,0.0
2023-11-13 09:30:00-05:00,17.729999542236328,17.93000030517578,17.540000915527344,17.65839958190918,11378,0.0,0.0
2023-11-13 10:30:00-05:00,17.6299991607666,17.799999237060547,17.510000228881836,17.799999237060547,16533,0.0,0.0
2023-11-13 11:30:00-05:00,17.795000076293945,17.950000762939453,17.795000076293945,17.950000762939453,13998,0.0,0.0
2023-11-13 12:30:00-05:00,17.899999618530273,17.959999084472656,17.8799991607666,17.93000030517578,8332,0.0,0.0
2023-11-13 13:30:00-05:00,17.920000076293945,17.930999755859375,17.81999969482422,17.850000381469727,20368,0.0,0.0
2023-11-13 14:30:00-05:00,17.8700008392334,17.950000762939453,17.829999923706055,17.934999465942383,17566,0.0,0.0
2023-11-13 15:30:00-05:00,17.920000076293945,17.93000030517578,17.799999237060547,17.799999237060547,35042,0.0,0.0
2023-11-14 09:30:00-05:00,18.729999542236328,18.950000762939453,18.68000030517578,18.940000534057617,31919,0.0,0.0
2023-11-14 10:30:00-05:00,18.915199279785156,19.114999771118164,18.90999984741211,19.084999084472656,15935,0.0,0.0
2023-11-14 11:30:00-05:00,19.040000915527344,19.100000381469727,18.940000534057617,18.954999923706055,8464,0.0,0.0
2023-11-14 12:30:00-05:00,18.930999755859375,19.020000457763672,18.88010025024414,18.88010025024414,14194,0.0,0.0
2023-11-14 13:30:00-05:00,18.959999084472656,19.030000686645508,18.920000076293945,18.93000030517578,15228,0.0,0.0
2023-11-14 14:30:00-05:00,18.979999542236328,19.079999923706055,18.920000076293945,19.030000686645508,31554,0.0,0.0
2023-11-14 15:30:00-05:00,19.030000686645508,19.110000610351562,19.0,19.079999923706055,44288,0.0,0.0
2023-11-15 09:30:00-05:00,19.110000610351562,19.420000076293945,18.875499725341797,19.3700008392334,18883,0.0,0.0
2023-11-15 10:30:00-05:00,19.40999984741211,19.5,19.350000381469727,19.395000457763672,28354,0.0,0.0
2023-11-15 11:30:00-05:00,19.3799991607666,19.399999618530273,19.171100616455078,19.235000610351562,10730,0.0,0.0
2023-11-15 12:30:00-05:00,19.200000762939453,19.25,18.989999771118164,19.030000686645508,5623,0.0,0.0
2023-11-15 13:30:00-05:00,19.079999923706055,19.079999923706055,18.93000030517578,19.030000686645508,7211,0.0,0.0
2023-11-15 14:30:00-05:00,19.02899932861328,19.100000381469727,18.959999084472656,19.030000686645508,17572,0.0,0.0
2023-11-15 15:30:00-05:00,19.059999465942383,19.1299991607666,19.030000686645508,19.079999923706055,31112,0.0,0.0
2023-11-16 09:30:00-05:00,18.90999984741211,19.059999465942383,18.75,18.860000610351562,25001,0.0,0.0
2023-11-16 10:30:00-05:00,18.81999969482422,18.8799991607666,18.709999084472656,18.75,10596,0.0,0.0
2023-11-16 11:30:00-05:00,18.739999771118164,18.834999084472656,18.710500717163086,18.760000228881836,19559,0.0,0.0
2023-11-16 12:30:00-05:00,18.770000457763672,18.959999084472656,18.739999771118164,18.809999465942383,14881,0.0,0.0
2023-11-16 13:30:00-05:00,18.81999969482422,18.8799991607666,18.75,18.815000534057617,28885,0.0,0.0
2023-11-16 14:30:00-05:00,18.790000915527344,18.969900131225586,18.790000915527344,18.969900131225586,19391,0.0,0.0
2023-11-16 15:30:00-05:00,18.954999923706055,18.954999923706055,18.739999771118164,18.760000228881836,45077,0.0,0.0
2023-11-17 09:30:00-05:00,18.709999084472656,18.725000381469727,18.459999084472656,18.700000762939453,37175,0.0,0.0
2023-11-17 10:30:00-05:00,18.70490074157715,18.729999542236328,18.51300048828125,18.51300048828125,11185,0.0,0.0
2023-11-17 11:30:00-05:00,18.469999313354492,18.639999389648438,18.469999313354492,18.59000015258789,18230,0.0,0.0
2023-11-17 12:30:00-05:00,18.579999923706055,18.625900268554688,18.559999465942383,18.600000381469727,8629,0.0,0.0
2023-11-17 13:30:00-05:00,18.604999542236328,18.6200008392334,18.549999237060547,18.610000610351562,12171,0.0,0.0
2023-11-17 14:30:00-05:00,18.61400032043457,18.649999618530273,18.545000076293945,18.64900016784668,17106,0.0,0.0
2023-11-17 15:30:00-05:00,18.600000381469727,18.719999313354492,18.549999237060547,18.690000534057617,53865,0.0,0.0
2023-11-20 09:30:00-05:00,18.639999389648438,18.760000228881836,18.420000076293945,18.75,13523,0.0,0.0
2023-11-20 10:30:00-05:00,18.729999542236328,18.8700008392334,18.704999923706055,18.809999465942383,15808,0.0,0.0
2023-11-20 11:30:00-05:00,18.836999893188477,18.84000015258789,18.729999542236328,18.780000686645508,15810,0.0,0.0
2023-11-20 12:30:00-05:00,18.719999313354492,18.764999389648438,18.68000030517578,18.729999542236328,7661,0.0,0.0
2023-11-20 13:30:00-05:00,18.7450008392334,18.829999923706055,18.719999313354492,18.759899139404297,7087,0.0,0.0
2023-11-20 14:30:00-05:00,18.735000610351562,18.809999465942383,18.719999313354492,18.809999465942383,16719,0.0,0.0
2023-11-20 15:30:00-05:00,18.81999969482422,18.850000381469727,18.690000534057617,18.770000457763672,44022,0.0,0.0
2023-11-21 09:30:00-05:00,18.600000381469727,18.600000381469727,18.399999618530273,18.469999313354492,10961,0.0,0.0
2023-11-21 10:30:00-05:00,18.4689998626709,18.47800064086914,18.43000030517578,18.43000030517578,15593,0.0,0.0
2023-11-21 11:30:00-05:00,18.40999984741211,18.434999465942383,18.3799991607666,18.389999389648438,8011,0.0,0.0
2023-11-21 12:30:00-05:00,18.389999389648438,18.401899337768555,18.309999465942383,18.350000381469727,6706,0.0,0.0
2023-11-21 13:30:00-05:00,18.360000610351562,18.3799991607666,18.329999923706055,18.3799991607666,8438,0.0,0.0
2023-11-21 14:30:00-05:00,18.39900016784668,18.39900016784668,18.3125,18.350000381469727,12393,0.0,0.0
2023-11-21 15:30:00-05:00,18.329999923706055,18.346399307250977,18.260000228881836,18.299999237060547,22527,0.0,0.0
2023-11-22 09:30:00-05:00,18.3799991607666,18.512699127197266,18.229999542236328,18.34000015258789,15271,0.0,0.0
2023-11-22 10:30:00-05:00,18.344999313354492,18.364200592041016,18.290000915527344,18.290000915527344,4507,0.0,0.0
2023-11-22 11:30:00-05:00,18.290000915527344,18.3439998626709,18.15999984741211,18.214000701904297,19469,0.0,0.0
2023-11-22 12:30:00-05:00,18.214000701904297,18.25,18.145000457763672,18.229999542236328,7651,0.0,0.0
2023-11-22 13:30:00-05:00,18.219999313354492,18.22010040283203,18.139999389648438,18.139999389648438,7685,0.0,0.0
2023-11-22 14:30:00-05:00,18.1299991607666,18.209999084472656,18.100000381469727,18.190000534057617,7155,0.0,0.0
2023-11-22 15:30:00-05:00,18.18000030517578,18.18000030517578,18.100000381469727,18.100000381469727,18426,0.0,0.0
2023-11-24 09:30:00-05:00,18.139999389648438,18.17799949645996,18.040000915527344,18.09000015258789,7076,0.0,0.0
2023-11-24 10:30:00-05:00,18.073999404907227,18.1299991607666,18.040000915527344,18.049999237060547,24492,0.0,0.0
2023-11-24 11:30:00-05:00,18.04159927368164,18.1200008392334,17.989999771118164,18.0,10671,0.0,0.0
2023-11-27 09:30:00-05:00,18.040000915527344,18.040000915527344,17.889999389648438,17.950000762939453,9317,0.0,0.0
2023-11-27 10:30:00-05:00,17.94499969482422,18.09000015258789,17.94499969482422,18.040000915527344,9940,0.0,0.0
2023-11-27 11:30:00-05:00,17.99720001220703,17.99720001220703,17.899999618530273,17.90999984741211,5980,0.0,0.0
2023-11-27 12:30:00-05:00,17.924999237060547,17.940000534057617,17.8799991607666,17.90999984741211,7050,0.0,0.0
2023-11-27 13:30:00-05:00,17.959999084472656,17.959999084472656,17.809999465942383,17.850000381469727,34910,0.0,0.0
2023-11-27 14:30:00-05:00,17.850000381469727,17.959999084472656,17.84000015258789,17.920000076293945,35201,0.0,0.0
2023-11-27 15:30:00-05:00,17.899999618530273,17.899999618530273,17.760000228881836,17.809999465942383,28739,0.0,0.0
2023-11-28 09:30:00-05:00,17.799999237060547,17.850000381469727,17.600000381469727,17.850000381469727,17667,0.0,0.0
2023-11-28 10:30:00-05:00,17.829999923706055,18.030000686645508,17.799999237060547,17.90999984741211,13497,0.0,0.0
2023-11-28 11:30:00-05:00,17.93000030517578,18.059999465942383,17.8700008392334,17.895000457763672,33812,0.0,0.0
2023-11-28 12:30:00-05:00,17.889999389648438,17.899999618530273,17.809999465942383,17.809999465942383,6441,0.0,0.0
2023-11-28 13:30:00-05:00,17.809999465942383,17.860000610351562,17.770000457763672,17.834999084472656,33693,0.0,0.0
2023-11-28 14:30:00-05:00,17.81760025024414,17.864999771118164,17.770099639892578,17.809999465942383,17609,0.0,0.0
2023-11-28 15:30:00-05:00,17.829999923706055,17.850000381469727,17.799999237060547,17.829999923706055,28040,0.0,0.0
2023-11-29 09:30:00-05:00,18.030000686645508,18.329999923706055,17.989999771118164,18.219999313354492,13673,0.0,0.0
2023-11-29 10:30:00-05:00,18.219999313354492,18.290000915527344,18.049999237060547,18.125,25980,0.0,0.0
2023-11-29 11:30:00-05:00,18.139999389648438,18.299999237060547,18.079999923706055,18.2096004486084,24074,0.0,0.0
2023-11-29 12:30:00-05:00,18.229999542236328,18.295000076293945,18.19420051574707,18.270000457763672,14574,0.0,0.0
2023-11-29 13:30:00-05:00,18.270000457763672,18.350000381469727,18.264999389648438,18.270000457763672,18196,0.0,0.0
2023-11-29 14:30:00-05:00,18.280000686645508,18.309999465942383,18.19300079345703,18.19300079345703,19161,0.0,0.0
2023-11-29 15:30:00-05:00,18.190000534057617,18.239999771118164,18.149999618530273,18.229999542236328,32542,0.0,0.0
2023-11-30 09:30:00-05:00,18.309999465942383,18.309999465942383,18.049999237060547,18.25,11655,0.0,0.0
2023-11-30 10:30:00-05:00,18.25,18.360000610351562,18.18000030517578,18.209999084472656,11114,0.0,0.0
2023-11-30 11:30:00-05:00,18.239999771118164,18.25,18.114999771118164,18.114999771118164,11405,0.0,0.0
2023-11-30 12:30:00-05:00,18.190000534057617,18.219999313354492,18.170000076293945,18.219999313354492,9854,0.0,0.0
2023-11-30 13:30:00-05:00,18.21500015258789,18.21500015258789,18.110000610351562,18.110000610351562,23719,0.0,0.0
2023-11-30 14:30:00-05:00,18.15999984741211,18.200000762939453,18.110000610351562,18.11199951171875,26077,0.0,0.0
2023-11-30 15:30:00-05:00,18.1299991607666,18.309999465942383,18.110000610351562,18.290000915527344,84651,0.0,0.0
2023-12-01 09:30:00-05:00,18.229999542236328,18.469999313354492,18.110000610351562,18.424999237060547,12773,0.0,0.0
2023-12-01 10:30:00-05:00,18.423999786376953,18.725000381469727,18.423999786376953,18.670000076293945,21564,0.0,0.0
2023-12-01 11:30:00-05:00,18.75,18.81999969482422,18.649999618530273,18.774999618530273,19483,0.0,0.0
2023-12-01 12:30:00-05:00,18.770000457763672,18.790000915527344,18.670000076293945,18.697500228881836,28222,0.0,0.0
2023-12-01 13:30:00-05:00,18.690000534057617,18.739999771118164,18.6299991607666,18.639999389648438,20514,0.0,0.0
2023-12-01 14:30:00-05:00,18.68000030517578,18.780000686645508,18.59000015258789,18.6200008392334,40686,0.0,0.0
2023-12-01 15:30:00-05:00,18.639999389648438,18.8700008392334,18.625,18.790000915527344,74761,0.0,0.0
2023-12-04 09:30:00-05:00,18.68000030517578,19.069799423217773,18.68000030517578,19.030000686645508,30831,0.0,0.0
2023-12-04 10:30:00-05:00,19.040000915527344,19.170000076293945,19.0049991607666,19.149999618530273,23027,0.0,0.0
2023-12-04 11:30:00-05:00,19.1299991607666,19.25,19.110000610351562,19.1200008392334,16446,0.0,0.0
2023-12-04 12:30:00-05:00,19.139999389648438,19.200000762939453,19.1299991607666,19.135000228881836,27294,0.0,0.0
2023-12-04 13:30:00-05:00,19.1299991607666,19.260000228881836,19.1299991607666,19.198999404907227,12611,0.0,0.0
2023-12-04 14:30:00-05:00,19.190000534057617,19.229999542236328,19.1299991607666,19.1299991607666,18310,0.0,0.0
2023-12-04 15:30:00-05:00,19.139999389648438,19.190000534057617,19.079999923706055,19.170000076293945,42358,0.0,0.0
2023-12-05 09:30:00-05:00,19.200000762939453,19.200000762939453,18.644800186157227,18.684999465942383,35274,0.0,0.0
2023-12-05 10:30:00-05:00,18.663999557495117,18.799999237060547,18.3700008392334,18.764999389648438,32623,0.0,0.0
2023-12-05 11:30:00-05:00,18.7450008392334,18.770000457763672,18.549999237060547,18.684999465942383,42206,0.0,0.0
2023-12-05 12:30:00-05:00,18.69499969482422,18.780000686645508,18.6200008392334,18.690000534057617,57121,0.0,0.0
2023-12-05 13:30:00-05:00,18.700000762939453,18.8700008392334,18.6200008392334,18.850000381469727,27984,0.0,0.0
2023-12-05 14:30:00-05:00,18.8700008392334,18.979999542236328,18.799999237060547,18.90999984741211,28435,0.0,0.0
2023-12-05 15:30:00-05:00,18.8700008392334,18.920000076293945,18.829999923706055,18.8799991607666,59571,0.0,0.0
2023-12-06 09:30:00-05:00,19.0,19.235000610351562,18.940000534057617,19.052799224853516,26306,0.0,0.0
2023-12-06 10:30:00-05:00,19.045000076293945,19.182100296020508,18.829999923706055,18.829999923706055,11962,0.0,0.0
2023-12-06 11:30:00-05:00,18.799999237060547,18.799999237060547,18.690000534057617,18.704999923706055,10820,0.0,0.0
2023-12-06 12:30:00-05:00,18.68000030517578,18.704999923706055,18.540000915527344,18.610000610351562,13268,0.0,0.0
2023-12-06 13:30:00-05:00,18.6200008392334,18.6299991607666,18.309999465942383,18.31999969482422,18114,0.0,0.0
2023-12-06 14:30:00-05:00,18.291000366210938,18.489999771118164,18.291000366210938,18.34000015258789,22758,0.0,0.0
2023-12-06 15:30:00-05:00,18.299999237060547,18.489999771118164,18.299999237060547,18.420000076293945,68762,0.0,0.0
2023-12-07 09:30:00-05:00,18.350000381469727,18.469999313354492,18.260000228881836,18.469999313354492,21323,0.0,0.0
2023-12-07 10:30:00-05:00,18.479999542236328,18.479999542236328,18.34000015258789,18.389999389648438,15958,0.0,0.0
2023-12-07 11:30:00-05:00,18.399999618530273,18.469999313354492,18.399999618530273,18.469999313354492,6963,0.0,0.0
2023-12-07 12:30:00-05:00,18.469999313354492,18.56999969482422,18.469999313354492,18.530000686645508,18214,0.0,0.0
2023-12-07 13:30:00-05:00,18.510000228881836,18.579999923706055,18.450000762939453,18.469999313354492,10058,0.0,0.0
2023-12-07 14:30:00-05:00,18.485000610351562,18.5,18.420000076293945,18.444000244140625,18649,0.0,0.0
2023-12-07 15:30:00-05:00,18.440000534057617,18.530000686645508,18.389999389648438,18.530000686645508,45535,0.0,0.0
2023-12-08 09:30:00-05:00,18.34000015258789,18.704999923706055,18.34000015258789,18.59000015258789,10623,0.0,0.0
2023-12-08 10:30:00-05:00,18.604999542236328,18.690000534057617,18.399999618530273,18.420000076293945,10441,0.0,0.0
2023-12-08 11:30:00-05:00,18.450000762939453,18.575000762939453,18.360000610351562,18.389999389648438,13012,0.0,0.0
2023-12-08 12:30:00-05:00,18.3700008392334,18.469999313354492,18.3700008392334,18.450000762939453,12901,0.0,0.0
2023-12-08 13:30:00-05:00,18.440000534057617,18.489999771118164,18.389999389648438,18.459999084472656,19508,0.0,0.0
2023-12-08 14:30:00-05:00,18.489999771118164,18.510000228881836,18.43000030517578,18.469999313354492,31782,0.0,0.0
2023-12-08 15:30:00-05:00,18.469999313354492,18.5,18.3799991607666,18.43000030517578,38127,0.0,0.0
2023-12-11 09:30:00-05:00,18.450000762939453,18.69499969482422,18.43000030517578,18.549999237060547,16523,0.0,0.0
2023-12-11 10:30:00-05:00,18.540000915527344,18.659000396728516,18.530000686645508,18.549999237060547,19379,0.0,0.0
2023-12-11 11:30:00-05:00,18.56999969482422,18.75,18.55500030517578,18.65999984741211,17660,0.0,0.0
2023-12-11 12:30:00-05:00,18.65999984741211,18.75,18.65999984741211,18.75,11540,0.0,0.0
2023-12-11 13:30:00-05:00,18.739999771118164,18.75,18.639999389648438,18.6924991607666,26940,0.0,0.0
2023-12-11 14:30:00-05:00,18.670000076293945,18.690000534057617,18.610000610351562,18.6200008392334,34477,0.0,0.0
2023-12-11 15:30:00-05:00,18.645999908447266,18.760000228881836,18.615999221801758,18.725000381469727,96014,0.0,0.0
2023-12-12 09:30:00-05:00,18.770000457763672,18.860000610351562,18.56999969482422,18.820999145507812,38986,0.0,0.0
2023-12-12 10:30:00-05:00,18.860000610351562,18.950000762939453,18.84000015258789,18.895000457763672,23512,0.0,0.0
2023-12-12 11:30:00-05:00,18.8799991607666,18.969999313354492,18.8799991607666,18.934999465942383,19576,0.0,0.0
2023-12-12 12:30:00-05:00,18.969999313354492,19.09000015258789,18.94499969482422,19.030000686645508,25646,0.0,0.0
2023-12-12 13:30:00-05:00,19.040000915527344,19.079999923706055,18.920000076293945,18.940000534057617,23223,0.0,0.0
2023-12-12 14:30:00-05:00,18.940000534057617,18.989999771118164,18.860000610351562,18.920000076293945,23160,0.0,0.0
2023-12-12 15:30:00-05:00,18.905000686645508,18.90999984741211,18.719999313354492,18.729999542236328,45167,0.0,0.0
2023-12-13 09:30:00-05:00,18.719999313354492,18.809999465942383,18.58300018310547,18.809999465942383,39261,0.0,0.0
2023-12-13 10:30:00-05:00,18.770000457763672,18.81999969482422,18.709999084472656,18.739999771118164,26932,0.0,0.0
2023-12-13 11:30:00-05:00,18.739999771118164,18.770000457763672,18.610000610351562,18.610000610351562,17887,0.0,0.0
2023-12-13 12:30:00-05:00,18.59000015258789,18.6200008392334,18.450000762939453,18.469999313354492,15788,0.0,0.0
2023-12-13 13:30:00-05:00,18.469999313354492,18.969999313354492,18.383899688720703,18.959999084472656,33326,0.0,0.0
2023-12-13 14:30:00-05:00,18.940000534057617,19.5,18.90999984741211,19.389999389648438,53428,0.0,0.0
2023-12-13 15:30:00-05:00,19.420000076293945,19.6200008392334,19.392799377441406,19.5,91083,0.0,0.0
2023-12-14 09:30:00-05:00,19.989999771118164,20.510000228881836,19.989999771118164,20.260000228881836,39204,0.0,0.0
2023-12-14 10:30:00-05:00,20.21500015258789,20.270000457763672,20.059999465942383,20.135000228881836,21805,0.0,0.0
2023-12-14 11:30:00-05:00,20.1200008392334,20.200000762939453,20.03499984741211,20.079999923706055,22328,0.0,0.0
2023-12-14 12:30:00-05:00,20.040000915527344,20.100000381469727,19.81999969482422,19.81999969482422,24936,0.0,0.0
2023-12-14 13:30:00-05:00,19.790000915527344,19.899999618530273,19.709999084472656,19.729999542236328,24731,0.0,0.0
2023-12-14 14:30:00-05:00,19.719999313354492,19.920000076293945,19.65999984741211,19.920000076293945,38958,0.0,0.0
2023-12-14 15:30:00-05:00,19.90999984741211,19.940000534057617,19.780000686645508,19.84000015258789,50626,0.0,0.0
2023-12-15 09:30:00-05:00,20.09000015258789,20.09000015258789,19.540000915527344,19.76919937133789,114924,0.0,0.0
2023-12-15 10:30:00-05:00,19.729999542236328,20.09000015258789,19.729999542236328,19.850000381469727,31624,0.0,0.0
2023-12-15 11:30:00-05:00,19.75,19.780000686645508,19.59000015258789,19.6200008392334,17083,0.0,0.0
2023-12-15 12:30:00-05:00,19.649999618530273,19.665000915527344,19.450000762939453,19.510000228881836,16153,0.0,0.0
2023-12-15 13:30:00-05:00,19.530000686645508,19.579999923706055,19.479999542236328,19.540000915527344,21944,0.0,0.0
2023-12-15 14:30:00-05:00,19.540000915527344,19.739999771118164,19.520000457763672,19.709999084472656,31522,0.0,0.0
2023-12-15 15:30:00-05:00,19.739999771118164,19.760000228881836,19.43000030517578,19.43000030517578,77218,0.0,0.0
2023-12-18 09:30:00-05:00,19.510000228881836,19.56999969482422,19.110000610351562,19.420000076293945,39324,0.0,0.0
2023-12-18 10:30:00-05:00,19.389999389648438,19.440000534057617,19.209999084472656,19.315000534057617,20163,0.0,0.0
2023-12-18 11:30:00-05:00,19.309999465942383,19.420000076293945,19.260000228881836,19.333599090576172,20200,0.0,0.0
2023-12-18 12:30:00-05:00,19.309999465942383,19.5,19.267499923706055,19.420000076293945,42492,0.0,0.0
2023-12-18 13:30:00-05:00,19.399999618530273,19.434999465942383,19.280000686645508,19.280000686645508,20752,0.0,0.0
2023-12-18 14:30:00-05:00,19.270000457763672,19.420000076293945,19.25,19.329999923706055,34914,0.0,0.0
2023-12-18 15:30:00-05:00,19.299999237060547,19.375600814819336,19.299999237060547,19.329999923706055,47013,0.0,0.0
2023-12-19 09:30:00-05:00,19.489999771118164,19.940000534057617,19.489999771118164,19.860000610351562,47851,0.0,0.0
2023-12-19 10:30:00-05:00,19.829999923706055,20.06999969482422,19.829999923706055,19.924999237060547,27696,0.0,0.0
2023-12-19 11:30:00-05:00,19.915000915527344,19.940000534057617,19.850000381469727,19.93000030517578,11049,0.0,0.0
2023-12-19 12:30:00-05:00,19.940000534057617,19.987699508666992,19.889999389648438,19.954999923706055,10736,0.0,0.0
2023-12-19 13:30:00-05:00,19.94499969482422,20.165000915527344,19.94499969482422,20.110000610351562,19573,0.0,0.0
2023-12-19 14:30:00-05:00,20.126300811767578,20.219999313354492,20.079999923706055,20.219999313354492,29666,0.0,0.0
2023-12-19 15:30:00-05:00,20.225000381469727,20.309999465942383,20.18000030517578,20.290000915527344,77974,0.0,0.0
2023-12-20 09:30:00-05:00,20.15999984741211,20.389999389648438,19.829999923706055,20.3700008392334,36611,0.0,0.0
2023-12-20 10:30:00-05:00,20.34000015258789,20.540000915527344,20.34000015258789,20.53499984741211,21872,0.0,0.0
2023-12-20 11:30:00-05:00,20.53499984741211,20.649999618530273,20.489999771118164,20.56999969482422,20135,0.0,0.0
2023-12-20 12:30:00-05:00,20.56999969482422,20.6200008392334,20.545000076293945,20.604999542236328,22325,0.0,0.0
2023-12-20 13:30:00-05:00,20.610000610351562,20.719999313354492,20.600000381469727,20.6299991607666,24730,0.0,0.0
2023-12-20 14:30:00-05:00,20.6299991607666,20.6299991607666,20.260000228881836,20.31999969482422,47812,0.0,0.0
2023-12-20 15:30:00-05:00,20.290000915527344,20.299999237060547,20.010000228881836,20.020000457763672,36097,0.0,0.0
2023-12-21 09:30:00-05:00,20.190000534057617,20.190000534057617,19.940000534057617,19.959999084472656,16101,0.0,0.0
2023-12-21 10:30:00-05:00,20.0,20.149999618530273,20.0,20.149999618530273,10398,0.0,0.0
2023-12-21 11:30:00-05:00,20.149999618530273,20.18000030517578,20.030000686645508,20.049999237060547,11747,0.0,0.0
2023-12-21 12:30:00-05:00,20.059999465942383,20.149999618530273,20.040000915527344,20.110000610351562,10899,0.0,0.0
2023-12-21 13:30:00-05:00,20.1200008392334,20.139999389648438,20.059999465942383,20.06999969482422,9533,0.0,0.0
2023-12-21 14:30:00-05:00,20.072200775146484,20.15999984741211,20.059999465942383,20.15999984741211,14057,0.0,0.0
2023-12-21 15:30:00-05:00,20.184999465942383,20.34000015258789,20.170000076293945,20.325000762939453,21006,0.0,0.0
2023-12-22 09:30:00-05:00,20.559999465942383,20.939899444580078,20.440000534057617,20.939899444580078,27610,0.0,0.0
2023-12-22 10:30:00-05:00,20.920000076293945,20.940000534057617,20.780000686645508,20.81999969482422,12549,0.0,0.0
2023-12-22 11:30:00-05:00,20.81999969482422,20.8700008392334,20.760000228881836,20.850000381469727,10212,0.0,0.0
2023-12-22 12:30:00-05:00,20.81999969482422,20.90999984741211,20.81999969482422,20.860000610351562,8485,0.0,0.0
2023-12-22 13:30:00-05:00,20.84000015258789,20.8799991607666,20.68000030517578,20.689599990844727,17755,0.0,0.0
2023-12-22 14:30:00-05:00,20.639999389648438,20.959999084472656,20.639999389648438,20.924999237060547,48479,0.0,0.0
2023-12-22 15:30:00-05:00,20.90999984741211,21.010000228881836,20.8700008392334,21.0,29531,0.0,0.0
2023-12-26 09:30:00-05:00,21.030000686645508,21.100000381469727,20.891399383544922,21.010000228881836,11644,0.0,0.0
2023-12-26 10:30:00-05:00,21.01409912109375,21.049999237060547,20.924999237060547,21.03499984741211,10618,0.0,0.0
2023-12-26 11:30:00-05:00,21.059999465942383,21.200000762939453,21.03499984741211,21.170000076293945,15364,0.0,0.0
2023-12-26 12:30:00-05:00,21.15999984741211,21.325000762939453,21.15999984741211,21.299999237060547,12499,0.0,0.0
2023-12-26 13:30:00-05:00,21.280000686645508,21.40999984741211,21.25,21.3700008392334,16485,0.0,0.0
2023-12-26 14:30:00-05:00,21.399999618530273,21.530000686645508,21.3799991607666,21.520000457763672,23149,0.0,0.0
2023-12-26 15:30:00-05:00,21.5,21.575000762939453,21.479999542236328,21.479999542236328,35706,0.0,0.0
2023-12-27 09:30:00-05:00,21.459999084472656,21.739999771118164,21.395000457763672,21.6299991607666,12082,0.0,0.0
2023-12-27 10:30:00-05:00,21.600000381469727,21.600000381469727,21.389999389648438,21.459999084472656,18062,0.0,0.0
2023-12-27 11:30:00-05:00,21.479999542236328,21.729999542236328,21.479999542236328,21.729999542236328,20174,0.0,0.0
2023-12-27 12:30:00-05:00,21.739999771118164,21.860000610351562,21.674999237060547,21.735000610351562,23569,0.0,0.0
2023-12-27 13:30:00-05:00,21.709999084472656,21.760000228881836,21.639999389648438,21.715200424194336,24137,0.0,0.0
2023-12-27 14:30:00-05:00,21.729999542236328,21.829999923706055,21.690000534057617,21.770000457763672,33130,0.0,0.0
2023-12-27 15:30:00-05:00,21.739999771118164,21.790000915527344,21.65999984741211,21.68000030517578,45813,0.0,0.0
2023-12-28 09:30:00-05:00,21.5,21.84000015258789,21.5,21.780000686645508,15906,0.0,0.0
2023-12-28 10:30:00-05:00,21.797500610351562,21.84000015258789,21.690099716186523,21.719999313354492,15143,0.0,0.0
2023-12-28 11:30:00-05:00,21.75,21.764999389648438,21.690000534057617,21.760000228881836,16846,0.0,0.0
2023-12-28 12:30:00-05:00,21.780000686645508,21.790000915527344,21.56999969482422,21.614999771118164,11484,0.0,0.0
2023-12-28 13:30:00-05:00,21.6200008392334,21.709999084472656,21.559999465942383,21.68000030517578,14664,0.0,0.0
2023-12-28 14:30:00-05:00,21.670000076293945,21.690000534057617,21.610000610351562,21.6299991607666,16008,0.0,0.0
2023-12-28 15:30:00-05:00,21.6299991607666,21.735000610351562,21.6299991607666,21.670000076293945,35858,0.0,0.0
2023-12-29 09:30:00-05:00,21.65999984741211,21.969999313354492,21.594999313354492,21.594999313354492,15078,0.0,0.0
2023-12-29 10:30:00-05:00,21.593000411987305,21.597999572753906,21.38010025024414,21.461599349975586,18997,0.0,0.0
2023-12-29 11:30:00-05:00,21.440000534057617,21.530000686645508,21.40999984741211,21.5,12555,0.0,0.0
2023-12-29 12:30:00-05:00,21.522499084472656,21.600000381469727,21.510000228881836,21.588199615478516,10724,0.0,0.0
2023-12-29 13:30:00-05:00,21.59000015258789,21.65999984741211,21.59000015258789,21.6299991607666,12810,0.0,0.0
2023-12-29 14:30:00-05:00,21.6299991607666,21.670000076293945,21.610000610351562,21.625,14064,0.0,0.0
2023-12-29 15:30:00-05:00,21.6200008392334,21.6299991607666,21.440000534057617,21.450000762939453,54672,0.0,0.0
2024-01-02 09:30:00-05:00,21.360000610351562,21.459999084472656,21.209999084472656,21.309999465942383,72114,0.0,0.0
2024-01-02 10:30:00-05:00,21.290000915527344,21.59000015258789,21.209999084472656,21.375,45771,0.0,0.0
2024-01-02 11:30:00-05:00,21.360000610351562,21.540000915527344,21.34000015258789,21.510000228881836,51486,0.0,0.0
2024-01-02 12:30:00-05:00,21.530000686645508,21.6200008392334,21.420000076293945,21.510000228881836,22861,0.0,0.0
2024-01-02 13:30:00-05:00,21.5,21.614999771118164,21.450000762939453,21.510000228881836,23041,0.0,0.0
2024-01-02 14:30:00-05:00,21.510000228881836,21.530000686645508,21.360000610351562,21.459999084472656,34557,0.0,0.0
2024-01-02 15:30:00-05:00,21.459999084472656,21.524999618530273,21.3700008392334,21.510000228881836,60503,0.0,0.0
2024-01-03 09:30:00-05:00,21.329999923706055,21.329999923706055,20.789499282836914,20.93000030517578,32382,0.0,0.0
2024-01-03 10:30:00-05:00,20.950000762939453,21.030000686645508,20.760000228881836,21.0,21322,0.0,0.0
2024-01-03 11:30:00-05:00,21.0,21.1200008392334,21.0,21.110000610351562,14826,0.0,0.0
2024-01-03 12:30:00-05:00,21.084999084472656,21.110000610351562,21.030000686645508,21.06999969482422,13646,0.0,0.0
2024-01-03 13:30:00-05:00,21.059999465942383,21.059999465942383,20.8700008392334,20.989999771118164,19253,0.0,0.0
2024-01-03 14:30:00-05:00,21.010000228881836,21.020000457763672,20.45400047302246,20.510000228881836,25343,0.0,0.0
2024-01-03 15:30:00-05:00,20.489999771118164,20.600000381469727,20.459999084472656,20.459999084472656,40545,0.0,0.0
2024-01-04 09:30:00-05:00,20.600000381469727,20.709999084472656,20.389999389648438,20.479999542236328,13665,0.0,0.0
2024-01-04 10:30:00-05:00,20.485000610351562,20.540000915527344,20.360000610351562,20.514999389648438,16092,0.0,0.0
2024-01-04 11:30:00-05:00,20.5,20.6299991607666,20.46940040588379,20.6299991607666,17043,0.0,0.0
2024-01-04 12:30:00-05:00,20.610000610351562,20.610000610351562,20.474000930786133,20.600000381469727,14533,0.0,0.0
2024-01-04 13:30:00-05:00,20.610000610351562,20.709999084472656,20.610000610351562,20.631000518798828,11123,0.0,0.0
2024-01-04 14:30:00-05:00,20.649999618530273,20.690000534057617,20.610000610351562,20.610000610351562,16881,0.0,0.0
2024-01-04 15:30:00-05:00,20.610000610351562,20.614999771118164,20.43000030517578,20.440000534057617,42900,0.0,0.0
2024-01-05 09:30:00-05:00,20.350000381469727,20.728099822998047,20.091899871826172,20.559999465942383,16164,0.0,0.0
2024-01-05 10:30:00-05:00,20.549999237060547,20.59000015258789,20.40999984741211,20.450000762939453,13099,0.0,0.0
2024-01-05 11:30:00-05:00,20.450000762939453,20.530000686645508,20.350000381469727,20.479999542236328,10110,0.0,0.0
2024-01-05 12:30:00-05:00,20.459999084472656,20.6200008392334,20.420000076293945,20.6200008392334,17168,0.0,0.0
2024-01-05 13:30:00-05:00,20.65999984741211,20.690000534057617,20.600000381469727,20.635000228881836,12649,0.0,0.0
2024-01-05 14:30:00-05:00,20.6299991607666,20.65999984741211,20.459999084472656,20.5,12860,0.0,0.0
2024-01-05 15:30:00-05:00,20.459999084472656,20.530000686645508,20.450000762939453,20.459999084472656,27918,0.0,0.0
2024-01-08 09:30:00-05:00,20.520000457763672,20.670000076293945,20.440000534057617,20.621400833129883,27652,0.0,0.0
2024-01-08 10:30:00-05:00,20.649999618530273,20.65999984741211,20.53499984741211,20.56999969482422,19816,0.0,0.0
2024-01-08 11:30:00-05:00,20.579999923706055,20.6299991607666,20.479999542236328,20.49650001525879,9479,0.0,0.0
2024-01-08 12:30:00-05:00,20.5,20.559999465942383,20.459999084472656,20.469999313354492,7689,0.0,0.0
2024-01-08 13:30:00-05:00,20.479999542236328,20.510000228881836,20.459999084472656,20.5,8249,0.0,0.0
2024-01-08 14:30:00-05:00,20.5,20.540000915527344,20.454999923706055,20.510000228881836,17161,0.0,0.0
2024-01-08 15:30:00-05:00,20.510000228881836,20.55500030517578,20.420000076293945,20.479999542236328,61412,0.0,0.0
2024-01-09 09:30:00-05:00,20.149999618530273,20.18000030517578,19.809999465942383,20.0,27027,0.0,0.0
2024-01-09 10:30:00-05:00,20.0,20.27750015258789,19.969999313354492,20.27750015258789,23239,0.0,0.0
2024-01-09 11:30:00-05:00,20.299999237060547,20.392499923706055,20.260000228881836,20.360000610351562,15476,0.0,0.0
2024-01-09 12:30:00-05:00,20.34000015258789,20.3700008392334,20.209999084472656,20.209999084472656,15908,0.0,0.0
2024-01-09 13:30:00-05:00,20.18000030517578,20.299999237060547,20.15999984741211,20.225000381469727,16429,0.0,0.0
2024-01-09 14:30:00-05:00,20.229999542236328,20.299999237060547,20.18000030517578,20.299999237060547,25322,0.0,0.0
2024-01-09 15:30:00-05:00,20.260000228881836,20.290000915527344,20.204999923706055,20.280000686645508,30738,0.0,0.0
2024-01-10 09:30:00-05:00,20.149999618530273,20.280000686645508,20.0,20.059999465942383,13841,0.0,0.0
2024-01-10 10:30:00-05:00,20.229999542236328,20.229999542236328,20.15999984741211,20.20599937438965,7554,0.0,0.0
2024-01-10 11:30:00-05:00,20.190000534057617,20.219999313354492,20.15999984741211,20.190000534057617,6292,0.0,0.0
2024-01-10 12:30:00-05:00,20.174999237060547,20.174999237060547,20.065000534057617,20.100000381469727,9618,0.0,0.0
2024-01-10 13:30:00-05:00,20.06999969482422,20.170000076293945,20.06999969482422,20.170000076293945,7009,0.0,0.0
2024-01-10 14:30:00-05:00,20.15999984741211,20.239999771118164,20.135000228881836,20.135000228881836,13141,0.0,0.0
2024-01-10 15:30:00-05:00,20.13680076599121,20.260000228881836,20.1299991607666,20.229999542236328,29991,0.0,0.0
2024-01-11 09:30:00-05:00,20.1299991607666,20.239999771118164,19.90999984741211,19.969999313354492,15714,0.0,0.0
2024-01-11 10:30:00-05:00,19.989999771118164,20.010000228881836,19.75,19.75,6088,0.0,0.0
2024-01-11 11:30:00-05:00,19.764999389648438,19.860000610351562,19.71500015258789,19.850000381469727,19979,0.0,0.0
2024-01-11 12:30:00-05:00,19.850000381469727,20.049999237060547,19.799999237060547,20.024999618530273,12050,0.0,0.0
2024-01-11 13:30:00-05:00,20.040000915527344,20.06999969482422,19.959999084472656,19.979999542236328,18865,0.0,0.0
2024-01-11 14:30:00-05:00,19.985000610351562,20.030000686645508,19.8799991607666,19.989999771118164,21281,0.0,0.0
2024-01-11 15:30:00-05:00,20.010000228881836,20.09000015258789,19.969999313354492,20.09000015258789,46549,0.0,0.0
2024-01-12 09:30:00-05:00,20.43000030517578,20.510000228881836,20.15999984741211,20.15999984741211,13444,0.0,0.0
2024-01-12 10:30:00-05:00,20.15180015563965,20.15180015563965,19.989999771118164,20.040000915527344,17297,0.0,0.0
2024-01-12 11:30:00-05:00,20.1200008392334,20.1200008392334,19.959999084472656,19.969999313354492,8268,0.0,0.0
2024-01-12 12:30:00-05:00,20.010000228881836,20.06999969482422,19.975000381469727,20.030000686645508,5261,0.0,0.0
2024-01-12 13:30:00-05:00,20.03499984741211,20.139999389648438,20.030000686645508,20.1299991607666,7035,0.0,0.0
2024-01-12 14:30:00-05:00,20.079999923706055,20.099199295043945,19.969999313354492,19.989999771118164,8315,0.0,0.0
2024-01-12 15:30:00-05:00,19.989999771118164,20.06999969482422,19.989999771118164,20.059999465942383,19448,0.0,0.0
2024-01-16 09:30:00-05:00,19.799999237060547,19.825000762939453,19.600000381469727,19.760000228881836,12143,0.0,0.0
2024-01-16 10:30:00-05:00,19.729999542236328,19.875,19.709999084472656,19.84000015258789,18202,0.0,0.0
2024-01-16 11:30:00-05:00,19.84000015258789,19.889999389648438,19.78219985961914,19.78219985961914,19746,0.0,0.0
2024-01-16 12:30:00-05:00,19.770000457763672,19.790000915527344,19.735000610351562,19.760099411010742,5487,0.0,0.0
2024-01-16 13:30:00-05:00,19.78499984741211,19.78499984741211,19.641599655151367,19.670000076293945,8720,0.0,0.0
2024-01-16 14:30:00-05:00,19.670000076293945,19.735000610351562,19.6299991607666,19.639999389648438,16287,0.0,0.0
2024-01-16 15:30:00-05:00,19.639999389648438,19.65999984741211,19.56999969482422,19.579999923706055,40350,0.0,0.0
2024-01-17 09:30:00-05:00,19.34000015258789,19.545000076293945,19.290000915527344,19.440000534057617,17482,0.0,0.0
2024-01-17 10:30:00-05:00,19.40999984741211,19.434999465942383,19.290000915527344,19.299999237060547,8208,0.0,0.0
2024-01-17 11:30:00-05:00,19.260000228881836,19.280000686645508,19.209999084472656,19.239999771118164,16994,0.0,0.0
2024-01-17 12:30:00-05:00,19.209999084472656,19.209999084472656,19.100000381469727,19.110000610351562,8509,0.0,0.0
2024-01-17 13:30:00-05:00,19.09000015258789,19.110000610351562,19.010000228881836,19.09000015258789,12243,0.0,0.0
2024-01-17 14:30:00-05:00,19.079999923706055,19.100000381469727,19.040000915527344,19.100000381469727,9482,0.0,0.0
2024-01-17 15:30:00-05:00,19.149999618530273,19.260000228881836,19.149999618530273,19.190000534057617,18727,0.0,0.0
2024-01-18 09:30:00-05:00,19.43000030517578,19.43000030517578,19.110000610351562,19.15999984741211,17078,0.0,0.0
2024-01-18 10:30:00-05:00,19.139999389648438,19.204999923706055,19.049999237060547,19.145000457763672,12492,0.0,0.0
2024-01-18 11:30:00-05:00,19.1200008392334,19.15999984741211,18.950000762939453,19.020000457763672,17718,0.0,0.0
2024-01-18 12:30:00-05:00,19.010000228881836,19.020000457763672,18.93000030517578,18.950000762939453,15036,0.0,0.0
2024-01-18 13:30:00-05:00,18.969999313354492,19.09000015258789,18.969999313354492,19.09000015258789,11278,0.0,0.0
2024-01-18 14:30:00-05:00,19.09000015258789,19.110000610351562,19.040000915527344,19.065000534057617,24142,0.0,0.0
2024-01-18 15:30:00-05:00,19.06999969482422,19.174999237060547,19.030000686645508,19.040000915527344,72132,0.0,0.0
2024-01-19 09:30:00-05:00,19.15999984741211,19.15999984741211,18.831300735473633,19.0,24913,0.0,0.0
2024-01-19 10:30:00-05:00,18.979999542236328,19.05500030517578,18.940000534057617,19.040000915527344,7912,0.0,0.0
2024-01-19 11:30:00-05:00,19.030000686645508,19.059999465942383,18.969999313354492,19.059999465942383,6022,0.0,0.0
2024-01-19 12:30:00-05:00,19.030000686645508,19.184999465942383,19.030000686645508,19.149999618530273,13213,0.0,0.0
2024-01-19 13:30:00-05:00,19.219999313354492,19.31999969482422,19.20009994506836,19.299999237060547,9586,0.0,0.0
2024-01-19 14:30:00-05:00,19.295000076293945,19.360000610351562,19.219999313354492,19.360000610351562,23414,0.0,0.0
2024-01-19 15:30:00-05:00,19.360000610351562,19.399999618530273,19.290000915527344,19.389999389648438,71200,0.0,0.0
2024-01-22 09:30:00-05:00,19.65999984741211,20.084999084472656,19.65999984741211,20.06999969482422,33243,0.0,0.0
2024-01-22 10:30:00-05:00,20.030000686645508,20.104999542236328,19.959999084472656,20.09000015258789,17307,0.0,0.0
2024-01-22 11:30:00-05:00,20.145000457763672,20.190000534057617,20.010000228881836,20.010000228881836,21455,0.0,0.0
2024-01-22 12:30:00-05:00,20.024999618530273,20.03700065612793,19.950000762939453,19.950000762939453,14323,0.0,0.0
2024-01-22 13:30:00-05:00,19.940000534057617,20.014999389648438,19.920000076293945,19.93000030517578,11991,0.0,0.0
2024-01-22 14:30:00-05:00,19.94499969482422,20.139999389648438,19.94499969482422,20.1299991607666,22906,0.0,0.0
2024-01-22 15:30:00-05:00,20.15999984741211,20.209999084472656,20.100000381469727,20.18000030517578,78486,0.0,0.0
2024-01-23 09:30:00-05:00,20.3700008392334,20.440000534057617,20.200000762939453,20.309999465942383,18575,0.0,0.0
2024-01-23 10:30:00-05:00,20.299999237060547,20.30500030517578,20.0,20.0,15318,0.0,0.0
2024-01-23 11:30:00-05:00,20.030000686645508,20.040000915527344,19.915000915527344,19.940000534057617,14024,0.0,0.0
2024-01-23 12:30:00-05:00,19.93000030517578,20.011999130249023,19.91010093688965,19.9950008392334,7989,0.0,0.0
2024-01-23 13:30:00-05:00,19.979999542236328,20.079999923706055,19.96500015258789,20.045000076293945,5545,0.0,0.0
2024-01-23 14:30:00-05:00,20.040000915527344,20.159900665283203,20.040000915527344,20.06999969482422,17373,0.0,0.0
2024-01-23 15:30:00-05:00,20.049999237060547,20.075000762939453,19.969999313354492,19.979999542236328,46063,0.0,0.0
2024-01-24 09:30:00-05:00,20.350000381469727,20.360000610351562,20.0,20.049999237060547,9585,0.0,0.0
2024-01-24 10:30:00-05:00,20.010000228881836,20.200000762939453,20.0,20.110000610351562,40738,0.0,0.0
2024-01-24 11:30:00-05:00,20.100000381469727,20.149999618530273,20.049999237060547,20.149999618530273,12064,0.0,0.0
2024-01-24 12:30:00-05:00,20.149999618530273,20.170000076293945,20.040000915527344,20.040000915527344,10875,0.0,0.0
2024-01-24 13:30:00-05:00,20.040000915527344,20.045000076293945,19.799999237060547,19.81999969482422,20245,0.0,0.0
2024-01-24 14:30:00-05:00,19.829999923706055,19.959999084472656,19.790000915527344,19.809999465942383,15871,0.0,0.0
2024-01-24 15:30:00-05:00,19.799999237060547,19.829999923706055,19.75,19.829999923706055,64146,0.0,0.0
2024-01-25 09:30:00-05:00,20.18000030517578,20.209999084472656,19.979999542236328,20.149999618530273,17841,0.0,0.0
2024-01-25 10:30:00-05:00,20.18000030517578,20.18000030517578,19.954999923706055,20.059999465942383,12550,0.0,0.0
2024-01-25 11:30:00-05:00,20.049999237060547,20.065000534057617,19.899999618530273,19.899999618530273,15778,0.0,0.0
2024-01-25 12:30:00-05:00,19.889999389648438,19.940000534057617,19.829999923706055,19.899999618530273,16016,0.0,0.0
2024-01-25 13:30:00-05:00,19.8700008392334,19.959999084472656,19.829999923706055,19.959999084472656,18401,0.0,0.0
2024-01-25 14:30:00-05:00,19.979999542236328,19.989999771118164,19.889999389648438,19.940000534057617,15420,0.0,0.0
2024-01-25 15:30:00-05:00,19.940000534057617,20.020000457763672,19.934999465942383,20.010000228881836,47789,0.0,0.0
2024-01-26 09:30:00-05:00,20.200000762939453,20.350000381469727,20.059999465942383,20.15999984741211,12505,0.0,0.0
2024-01-26 10:30:00-05:00,20.164100646972656,20.2450008392334,20.1299991607666,20.149999618530273,10871,0.0,0.0
2024-01-26 11:30:00-05:00,20.139999389648438,20.200000762939453,20.110000610351562,20.1299991607666,13975,0.0,0.0
2024-01-26 12:30:00-05:00,20.09000015258789,20.110000610351562,20.049999237060547,20.079999923706055,6305,0.0,0.0
2024-01-26 13:30:00-05:00,20.100000381469727,20.139999389648438,20.059999465942383,20.1200008392334,6945,0.0,0.0
2024-01-26 14:30:00-05:00,20.110000610351562,20.149999618530273,20.06999969482422,20.06999969482422,13983,0.0,0.0
2024-01-26 15:30:00-05:00,20.059999465942383,20.06999969482422,19.959999084472656,20.0,83038,0.0,0.0
2024-01-29 09:30:00-05:00,20.079999923706055,20.260000228881836,19.885000228881836,19.885000228881836,15143,0.0,0.0
2024-01-29 10:30:00-05:00,19.899999618530273,19.969999313354492,19.864999771118164,19.93000030517578,19033,0.0,0.0
2024-01-29 11:30:00-05:00,19.899999618530273,19.920000076293945,19.84000015258789,19.889999389648438,23301,0.0,0.0
2024-01-29 12:30:00-05:00,19.8799991607666,19.90999984741211,19.81999969482422,19.90999984741211,15984,0.0,0.0
2024-01-29 13:30:00-05:00,19.899999618530273,19.899999618530273,19.809999465942383,19.809999465942383,8450,0.0,0.0
2024-01-29 14:30:00-05:00,19.829999923706055,20.065000534057617,19.809999465942383,20.049999237060547,33696,0.0,0.0
2024-01-29 15:30:00-05:00,20.040000915527344,20.170000076293945,20.030000686645508,20.110000610351562,53885,0.0,0.0
2024-01-30 09:30:00-05:00,19.969999313354492,20.09000015258789,19.860000610351562,19.920000076293945,19801,0.0,0.0
2024-01-30 10:30:00-05:00,19.929899215698242,19.950000762939453,19.84000015258789,19.860000610351562,16847,0.0,0.0
2024-01-30 11:30:00-05:00,19.8700008392334,19.90999984741211,19.81999969482422,19.81999969482422,15287,0.0,0.0
2024-01-30 12:30:00-05:00,19.809999465942383,19.81999969482422,19.760000228881836,19.81999969482422,12167,0.0,0.0
2024-01-30 13:30:00-05:00,19.81999969482422,19.840999603271484,19.799999237060547,19.829999923706055,13899,0.0,0.0
2024-01-30 14:30:00-05:00,19.829999923706055,19.920000076293945,19.799999237060547,19.809999465942383,31647,0.0,0.0
2024-01-30 15:30:00-05:00,19.84000015258789,19.84000015258789,19.68000030517578,19.690000534057617,44711,0.0,0.0
2024-01-31 09:30:00-05:00,19.739999771118164,19.739999771118164,19.40999984741211,19.40999984741211,24105,0.0,0.0
2024-01-31 10:30:00-05:00,19.520000457763672,19.59000015258789,19.40999984741211,19.56999969482422,18113,0.0,0.0
2024-01-31 11:30:00-05:00,19.559999465942383,19.6200008392334,19.5,19.579999923706055,17506,0.0,0.0
2024-01-31 12:30:00-05:00,19.56999969482422,19.56999969482422,19.459999084472656,19.485000610351562,18711,0.0,0.0
2024-01-31 13:30:00-05:00,19.489999771118164,19.549999237060547,19.360000610351562,19.3799991607666,21124,0.0,0.0
2024-01-31 14:30:00-05:00,19.371999740600586,19.719999313354492,19.104999542236328,19.114999771118164,70660,0.0,0.0
2024-01-31 15:30:00-05:00,19.114999771118164,19.114999771118164,18.8700008392334,18.889999389648438,86083,0.0,0.0
2024-02-01 09:30:00-05:00,19.809999465942383,20.700000762939453,19.799999237060547,20.114999771118164,137092,0.0,0.0
2024-02-01 10:30:00-05:00,20.06999969482422,20.06999969482422,19.5,19.621000289916992,79811,0.0,0.0
2024-02-01 11:30:00-05:00,19.6200008392334,20.09000015258789,19.6200008392334,20.0,39760,0.0,0.0
2024-02-01 12:30:00-05:00,20.0,20.184900283813477,19.976200103759766,20.059999465942383,29304,0.0,0.0
2024-02-01 13:30:00-05:00,20.110000610351562,20.190000534057617,20.023399353027344,20.079999923706055,34481,0.0,0.0
2024-02-01 14:30:00-05:00,20.049999237060547,20.3700008392334,20.010000228881836,20.350000381469727,31917,0.0,0.0
2024-02-01 15:30:00-05:00,20.360000610351562,20.40999984741211,20.209999084472656,20.40999984741211,98079,0.0,0.0
2024-02-02 09:30:00-05:00,20.010000228881836,20.599899291992188,19.8700008392334,20.479999542236328,35688,0.0,0.0
2024-02-02 10:30:00-05:00,20.469999313354492,20.979999542236328,20.440000534057617,20.950000762939453,27768,0.0,0.0
2024-02-02 11:30:00-05:00,20.979999542236328,21.049999237060547,20.81089973449707,20.940000534057617,13243,0.0,0.0
2024-02-02 12:30:00-05:00,20.940000534057617,20.989999771118164,20.670000076293945,20.860000610351562,21851,0.0,0.0
2024-02-02 13:30:00-05:00,20.829999923706055,20.920000076293945,20.809999465942383,20.90999984741211,21514,0.0,0.0
2024-02-02 14:30:00-05:00,20.90999984741211,20.959999084472656,20.84000015258789,20.934999465942383,25980,0.0,0.0
2024-02-02 15:30:00-05:00,20.950000762939453,20.950000762939453,20.799999237060547,20.829999923706055,85472,0.0,0.0
2024-02-05 09:30:00-05:00,20.389999389648438,20.59000015258789,20.15999984741211,20.18000030517578,36533,0.0,0.0
2024-02-05 10:30:00-05:00,20.19099998474121,20.40999984741211,20.143600463867188,20.389999389648438,16781,0.0,0.0
2024-02-05 11:30:00-05:00,20.3700008392334,20.3700008392334,20.1200008392334,20.15999984741211,22702,0.0,0.0
2024-02-05 12:30:00-05:00,20.190000534057617,20.25,20.1200008392334,20.149999618530273,12331,0.0,0.0
2024-02-05 13:30:00-05:00,20.125,20.209999084472656,20.100000381469727,20.18000030517578,20945,0.0,0.0
2024-02-05 14:30:00-05:00,20.190000534057617,20.459999084472656,20.190000534057617,20.459999084472656,31072,0.0,0.0
2024-02-05 15:30:00-05:00,20.440000534057617,20.489999771118164,20.3700008392334,20.389999389648438,57705,0.0,0.0
2024-02-06 09:30:00-05:00,20.280000686645508,20.729999542236328,20.280000686645508,20.649999618530273,17849,0.0,0.0
2024-02-06 10:30:00-05:00,20.649999618530273,20.68000030517578,20.469999313354492,20.565000534057617,21202,0.0,0.0
2024-02-06 11:30:00-05:00,20.579999923706055,20.899999618530273,20.56999969482422,20.895000457763672,28263,0.0,0.0
2024-02-06 12:30:00-05:00,20.895000457763672,20.959999084472656,20.860000610351562,20.920000076293945,23518,0.0,0.0
2024-02-06 13:30:00-05:00,20.93000030517578,21.049999237060547,20.860000610351562,20.860000610351562,33634,0.0,0.0
2024-02-06 14:30:00-05:00,20.8799991607666,20.93000030517578,20.799999237060547,20.90999984741211,25370,0.0,0.0
2024-02-06 15:30:00-05:00,20.899999618530273,20.899999618530273,20.780000686645508,20.850000381469727,49568,0.0,0.0
2024-02-07 09:30:00-05:00,20.899999618530273,20.94809913635254,20.395000457763672,20.56999969482422,15076,0.0,0.0
2024-02-07 10:30:00-05:00,20.54050064086914,20.56399917602539,20.399999618530273,20.43000030517578,23395,0.0,0.0
2024-02-07 11:30:00-05:00,20.389999389648438,20.46780014038086,20.350000381469727,20.389999389648438,18933,0.0,0.0
2024-02-07 12:30:00-05:00,20.434999465942383,20.520000457763672,20.399999618530273,20.489999771118164,17066,0.0,0.0
2024-02-07 13:30:00-05:00,20.540000915527344,20.549999237060547,20.399999618530273,20.459999084472656,19743,0.0,0.0
2024-02-07 14:30:00-05:00,20.459999084472656,20.514999389648438,20.40999984741211,20.450000762939453,26166,0.0,0.0
2024-02-07 15:30:00-05:00,20.450000762939453,20.469999313354492,20.3799991607666,20.389999389648438,55659,0.0,0.0
2024-02-08 09:30:00-05:00,20.3799991607666,20.41349983215332,20.219999313354492,20.309999465942383,16126,0.0,0.0
2024-02-08 10:30:00-05:00,20.360000610351562,20.399999618530273,20.280000686645508,20.299999237060547,15866,0.0,0.0
2024-02-08 11:30:00-05:00,20.299999237060547,20.350000381469727,20.270000457763672,20.31999969482422,38118,0.0,0.0
2024-02-08 12:30:00-05:00,20.280000686645508,20.399999618530273,20.260000228881836,20.3799991607666,13717,0.0,0.0
2024-02-08 13:30:00-05:00,20.375,20.510000228881836,20.375,20.459999084472656,11322,0.0,0.0
2024-02-08 14:30:00-05:00,20.459999084472656,20.46500015258789,20.3799991607666,20.440000534057617,13033,0.0,0.0
2024-02-08 15:30:00-05:00,20.454999923706055,20.485000610351562,20.3700008392334,20.399999618530273,41372,0.0,0.0
2024-02-09 09:30:00-05:00,20.399999618530273,20.399999618530273,19.770000457763672,19.770000457763672,32246,0.0,0.0
2024-02-09 10:30:00-05:00,19.790000915527344,19.989999771118164,19.790000915527344,19.8700008392334,20153,0.0,0.0
2024-02-09 11:30:00-05:00,19.885000228881836,19.959999084472656,19.829999923706055,19.93000030517578,13260,0.0,0.0
2024-02-09 12:30:00-05:00,19.979999542236328,20.064599990844727,19.940000534057617,20.030000686645508,15585,0.0,0.0
2024-02-09 13:30:00-05:00,20.030000686645508,20.135000228881836,19.989999771118164,20.079999923706055,15818,0.0,0.0
2024-02-09 14:30:00-05:00,20.079999923706055,20.219999313354492,20.049999237060547,20.200000762939453,26284,0.0,0.0
2024-02-09 15:30:00-05:00,20.200000762939453,20.248199462890625,20.09000015258789,20.18000030517578,46400,0.0,0.0
2024-02-12 09:30:00-05:00,20.100000381469727,20.59000015258789,20.040000915527344,20.454999923706055,18865,0.0,0.0
2024-02-12 10:30:00-05:00,20.479999542236328,20.639999389648438,20.440000534057617,20.639999389648438,9503,0.0,0.0
2024-02-12 11:30:00-05:00,20.639999389648438,20.700000762939453,20.579999923706055,20.600000381469727,13988,0.0,0.0
2024-02-12 12:30:00-05:00,20.600000381469727,20.6299991607666,20.530000686645508,20.549999237060547,21000,0.0,0.0
2024-02-12 13:30:00-05:00,20.549999237060547,20.69529914855957,20.530000686645508,20.620399475097656,25525,0.0,0.0
2024-02-12 14:30:00-05:00,20.600000381469727,20.790000915527344,20.596399307250977,20.75,25587,0.0,0.0
2024-02-12 15:30:00-05:00,20.739999771118164,20.829999923706055,20.700000762939453,20.739999771118164,50509,0.0,0.0
2024-02-13 09:30:00-05:00,19.8799991607666,19.940000534057617,19.549999237060547,19.649999618530273,25622,0.0,0.0
2024-02-13 10:30:00-05:00,19.65999984741211,20.040000915527344,19.610000610351562,19.920000076293945,38802,0.0,0.0
2024-02-13 11:30:00-05:00,19.90999984741211,19.989999771118164,19.81999969482422,19.81999969482422,12602,0.0,0.0
2024-02-13 12:30:00-05:00,19.809999465942383,19.90999984741211,19.719999313354492,19.719999313354492,10080,0.0,0.0
2024-02-13 13:30:00-05:00,19.719999313354492,19.719999313354492,19.459999084472656,19.459999084472656,13198,0.0,0.0
2024-02-13 14:30:00-05:00,19.489999771118164,19.510000228881836,19.25,19.329999923706055,23338,0.0,0.0
2024-02-13 15:30:00-05:00,19.334999084472656,19.489999771118164,19.260000228881836,19.469999313354492,65208,0.0,0.0
2024-02-14 09:30:00-05:00,19.799999237060547,19.799999237060547,19.62030029296875,19.719999313354492,11297,0.0,0.0
2024-02-14 10:30:00-05:00,19.704999923706055,19.75,19.594999313354492,19.739999771118164,13315,0.0,0.0
2024-02-14 11:30:00-05:00,19.768999099731445,19.78499984741211,19.639999389648438,19.78499984741211,14913,0.0,0.0
2024-02-14 12:30:00-05:00,19.809999465942383,19.8700008392334,19.770000457763672,19.860000610351562,15674,0.0,0.0
2024-02-14 13:30:00-05:00,19.864999771118164,20.010000228881836,19.850000381469727,19.940000534057617,9471,0.0,0.0
2024-02-14 14:30:00-05:00,19.93000030517578,20.078500747680664,19.915000915527344,20.059999465942383,19570,0.0,0.0
2024-02-14 15:30:00-05:00,20.030000686645508,20.040000915527344,19.8799991607666,19.940000534057617,41753,0.0,0.0
2024-02-15 09:30:00-05:00,20.100000381469727,20.440000534057617,20.100000381469727,20.350000381469727,18627,0.0,0.0
2024-02-15 10:30:00-05:00,20.290000915527344,20.290000915527344,20.06450080871582,20.15999984741211,12989,0.0,0.0
2024-02-15 11:30:00-05:00,20.170000076293945,20.31999969482422,20.170000076293945,20.299999237060547,12265,0.0,0.0
2024-02-15 12:30:00-05:00,20.319900512695312,20.469999313354492,20.229999542236328,20.450000762939453,11600,0.0,0.0
2024-02-15 13:30:00-05:00,20.454999923706055,20.670000076293945,20.420000076293945,20.670000076293945,18830,0.0,0.0
2024-02-15 14:30:00-05:00,20.69499969482422,20.790000915527344,20.610000610351562,20.790000915527344,29639,0.0,0.0
2024-02-15 15:30:00-05:00,20.780000686645508,20.829999923706055,20.690000534057617,20.81999969482422,73976,0.0,0.0
2024-02-16 09:30:00-05:00,20.389999389648438,20.389999389648438,20.010000228881836,20.170000076293945,41658,0.0,0.0
2024-02-16 10:30:00-05:00,20.183300018310547,20.229700088500977,20.1299991607666,20.229700088500977,13920,0.0,0.0
2024-02-16 11:30:00-05:00,20.200000762939453,20.27560043334961,20.100799560546875,20.15999984741211,24701,0.0,0.0
2024-02-16 12:30:00-05:00,20.149999618530273,20.149999618530273,20.010000228881836,20.014999389648438,24557,0.0,0.0
2024-02-16 13:30:00-05:00,20.020000457763672,20.110000610351562,20.0,20.09000015258789,25787,0.0,0.0
2024-02-16 14:30:00-05:00,20.06999969482422,20.110000610351562,20.0,20.0049991607666,38225,0.0,0.0
2024-02-16 15:30:00-05:00,20.010000228881836,20.1200008392334,19.989999771118164,20.1200008392334,55493,0.0,0.0
2024-02-20 09:30:00-05:00,19.719999313354492,19.969999313354492,19.635000228881836,19.969999313354492,16293,0.0,0.0
2024-02-20 10:30:00-05:00,19.959999084472656,20.010000228881836,19.889999389648438,19.920000076293945,8329,0.0,0.0
2024-02-20 11:30:00-05:00,19.889999389648438,19.889999389648438,19.795000076293945,19.809999465942383,6286,0.0,0.0
2024-02-20 12:30:00-05:00,19.809999465942383,19.875,19.75,19.860000610351562,22273,0.0,0.0
2024-02-20 13:30:00-05:00,19.854999542236328,19.934999465942383,19.854999542236328,19.934999465942383,13680,0.0,0.0
2024-02-20 14:30:00-05:00,19.914499282836914,20.0049991607666,19.860000610351562,19.889999389648438,22742,0.0,0.0
2024-02-20 15:30:00-05:00,19.89900016784668,19.899999618530273,19.729999542236328,19.809999465942383,44753,0.0,0.0
2024-02-21 09:30:00-05:00,19.690000534057617,19.760000228881836,19.579999923706055,19.59000015258789,15542,0.0,0.0
2024-02-21 10:30:00-05:00,19.614500045776367,19.614500045776367,19.510000228881836,19.5137996673584,9340,0.0,0.0
2024-02-21 11:30:00-05:00,19.5,19.5,19.3799991607666,19.399999618530273,9293,0.0,0.0
2024-02-21 12:30:00-05:00,19.389999389648438,19.450000762939453,19.280000686645508,19.434999465942383,10989,0.0,0.0
2024-02-21 13:30:00-05:00,19.434999465942383,19.56999969482422,19.42099952697754,19.459999084472656,15060,0.0,0.0
2024-02-21 14:30:00-05:00,19.469999313354492,19.469999313354492,19.3700008392334,19.424999237060547,13759,0.0,0.0
2024-02-21 15:30:00-05:00,19.440000534057617,19.530000686645508,19.440000534057617,19.469999313354492,40377,0.0,0.0
2024-02-22 09:30:00-05:00,19.440000534057617,19.454999923706055,19.15999984741211,19.190000534057617,11708,0.0,0.0
2024-02-22 10:30:00-05:00,19.170000076293945,19.225000381469727,19.06999969482422,19.170000076293945,21178,0.0,0.0
2024-02-22 11:30:00-05:00,19.170000076293945,19.170000076293945,19.079999923706055,19.101999282836914,14706,0.0,0.0
2024-02-22 12:30:00-05:00,19.100000381469727,19.100000381469727,18.940000534057617,18.979999542236328,11771,0.0,0.0
2024-02-22 13:30:00-05:00,18.986900329589844,19.135000228881836,18.986900329589844,19.1200008392334,10563,0.0,0.0
2024-02-22 14:30:00-05:00,19.09000015258789,19.100000381469727,18.969999313354492,19.100000381469727,15824,0.0,0.0
2024-02-22 15:30:00-05:00,19.110000610351562,19.200000762939453,19.040000915527344,19.100000381469727,45464,0.0,0.0
2024-02-23 09:30:00-05:00,19.030000686645508,19.190000534057617,19.0,19.100000381469727,21443,0.0,0.0
2024-02-23 10:30:00-05:00,19.104999542236328,19.309999465942383,19.020000457763672,19.270000457763672,17327,0.0,0.0
2024-02-23 11:30:00-05:00,19.280000686645508,19.350000381469727,19.139999389648438,19.219999313354492,22825,0.0,0.0
2024-02-23 12:30:00-05:00,19.209999084472656,19.298999786376953,19.18000030517578,19.229999542236328,18594,0.0,0.0
2024-02-23 13:30:00-05:00,19.270000457763672,19.3799991607666,19.270000457763672,19.350000381469727,32060,0.0,0.0
2024-02-23 14:30:00-05:00,19.350000381469727,19.3700008392334,19.31999969482422,19.360000610351562,32436,0.0,0.0
2024-02-23 15:30:00-05:00,19.350000381469727,19.350000381469727,19.200000762939453,19.209999084472656,62293,0.0,0.0
2024-02-26 09:30:00-05:00,19.06999969482422,19.329999923706055,18.905000686645508,19.049999237060547,17338,0.0,0.0
2024-02-26 10:30:00-05:00,19.100000381469727,19.100000381469727,18.96500015258789,18.969999313354492,13085,0.0,0.0
2024-02-26 11:30:00-05:00,18.969999313354492,19.040000915527344,18.920000076293945,19.040000915527344,11773,0.0,0.0
2024-02-26 12:30:00-05:00,19.030000686645508,19.06999969482422,18.899999618530273,18.90329933166504,16718,0.0,0.0
2024-02-26 13:30:00-05:00,18.899999618530273,19.079999923706055,18.889999389648438,19.079999923706055,23146,0.0,0.0
2024-02-26 14:30:00-05:00,19.06999969482422,19.31999969482422,19.040000915527344,19.31999969482422,30650,0.0,0.0
2024-02-26 15:30:00-05:00,19.329999923706055,19.329999923706055,19.18000030517578,19.239999771118164,57278,0.0,0.0
2024-02-27 09:30:00-05:00,19.40999984741211,19.559999465942383,19.33839988708496,19.507999420166016,9068,0.0,0.0
2024-02-27 10:30:00-05:00,19.514999389648438,19.600000381469727,19.399999618530273,19.600000381469727,11623,0.0,0.0
2024-02-27 11:30:00-05:00,19.559999465942383,19.649999618530273,19.540000915527344,19.559999465942383,8644,0.0,0.0
2024-02-27 12:30:00-05:00,19.549999237060547,19.579999923706055,19.469999313354492,19.5,9531,0.0,0.0
2024-02-27 13:30:00-05:00,19.479999542236328,19.5,19.40999984741211,19.440000534057617,11739,0.0,0.0
2024-02-27 14:30:00-05:00,19.43000030517578,19.440000534057617,19.321399688720703,19.434999465942383,12882,0.0,0.0
2024-02-27 15:30:00-05:00,19.43000030517578,19.510000228881836,19.3700008392334,19.3799991607666,43677,0.0,0.0
2024-02-28 09:30:00-05:00,19.18000030517578,19.303199768066406,19.170000076293945,19.259000778198242,7443,0.0,0.0
2024-02-28 10:30:00-05:00,19.22599983215332,19.260000228881836,19.040000915527344,19.040000915527344,5898,0.0,0.0
2024-02-28 11:30:00-05:00,19.0585994720459,19.134000778198242,19.0585994720459,19.1200008392334,7738,0.0,0.0
2024-02-28 12:30:00-05:00,19.110000610351562,19.139999389648438,19.09000015258789,19.13559913635254,4661,0.0,0.0
2024-02-28 13:30:00-05:00,19.143800735473633,19.143800735473633,18.959999084472656,18.979999542236328,10222,0.0,0.0
2024-02-28 14:30:00-05:00,18.989999771118164,19.079999923706055,18.959999084472656,19.079999923706055,13710,0.0,0.0
2024-02-28 15:30:00-05:00,19.065000534057617,19.100000381469727,18.989999771118164,18.989999771118164,27630,0.0,0.0
2024-02-29 09:30:00-05:00,19.3700008392334,19.559999465942383,19.234899520874023,19.440000534057617,16496,0.0,0.0
2024-02-29 10:30:00-05:00,19.43000030517578,19.459999084472656,19.31999969482422,19.31999969482422,8211,0.0,0.0
2024-02-29 11:30:00-05:00,19.295000076293945,19.295000076293945,19.15999984741211,19.170000076293945,9889,0.0,0.0
2024-02-29 12:30:00-05:00,19.145000457763672,19.25,19.145000457763672,19.219999313354492,6845,0.0,0.0
2024-02-29 13:30:00-05:00,19.21500015258789,19.33989906311035,19.202199935913086,19.239999771118164,10490,0.0,0.0
2024-02-29 14:30:00-05:00,19.25,19.309999465942383,19.25,19.290000915527344,9118,0.0,0.0
2024-02-29 15:30:00-05:00,19.31999969482422,19.469999313354492,19.28499984741211,19.40999984741211,42483,0.0,0.0
2024-03-01 09:30:00-05:00,19.350000381469727,19.43000030517578,19.0,19.18000030517578,38570,0.0,0.0
2024-03-01 10:30:00-05:00,19.194000244140625,19.309999465942383,19.1200008392334,19.20009994506836,13640,0.0,0.0
2024-03-01 11:30:00-05:00,19.200000762939453,19.3700008392334,19.139999389648438,19.329999923706055,26618,0.0,0.0
2024-03-01 12:30:00-05:00,19.34000015258789,19.34000015258789,19.208999633789062,19.229999542236328,9160,0.0,0.0
2024-03-01 13:30:00-05:00,19.219999313354492,19.329999923706055,19.209999084472656,19.329999923706055,7722,0.0,0.0
2024-03-01 14:30:00-05:00,19.350000381469727,19.3700008392334,19.239999771118164,19.239999771118164,13552,0.0,0.0
2024-03-01 15:30:00-05:00,19.239999771118164,19.43000030517578,19.200000762939453,19.40999984741211,39388,0.0,0.0
2024-03-04 09:30:00-05:00,19.440000534057617,19.489999771118164,19.200000762939453,19.239999771118164,15431,0.0,0.0
2024-03-04 10:30:00-05:00,19.239999771118164,19.329999923706055,19.219999313354492,19.329999923706055,12637,0.0,0.0
2024-03-04 11:30:00-05:00,19.329999923706055,19.479999542236328,19.309999465942383,19.479999542236328,11174,0.0,0.0
2024-03-04 12:30:00-05:00,19.469999313354492,19.489999771118164,19.43000030517578,19.459999084472656,8253,0.0,0.0
2024-03-04 13:30:00-05:00,19.450000762939453,19.450000762939453,19.270000457763672,19.270000457763672,8461,0.0,0.0
2024-03-04 14:30:00-05:00,19.260000228881836,19.360000610351562,19.239999771118164,19.260000228881836,16464,0.0,0.0
2024-03-04 15:30:00-05:00,19.239999771118164,19.270000457763672,19.149999618530273,19.149999618530273,20907,0.0,0.0
2024-03-05 09:30:00-05:00,19.0,19.309999465942383,19.0,19.18000030517578,14910,0.0,0.0
2024-03-05 10:30:00-05:00,19.200000762939453,19.280000686645508,19.18000030517578,19.2450008392334,9735,0.0,0.0
2024-03-05 11:30:00-05:00,19.270000457763672,19.360000610351562,19.170000076293945,19.360000610351562,11705,0.0,0.0
2024-03-05 12:30:00-05:00,19.329999923706055,19.3700008392334,19.295000076293945,19.3700008392334,13351,0.0,0.0
2024-03-05 13:30:00-05:00,19.375,19.399999618530273,19.174999237060547,19.239999771118164,12114,0.0,0.0
2024-03-05 14:30:00-05:00,19.229999542236328,19.229999542236328,18.96500015258789,18.975000381469727,17548,0.0,0.0
2024-03-05 15:30:00-05:00,18.950000762939453,19.030000686645508,18.950000762939453,18.969999313354492,34964,0.0,0.0
2024-03-06 09:30:00-05:00,19.18000030517578,19.18000030517578,18.92099952697754,18.924999237060547,11982,0.0,0.0
2024-03-06 10:30:00-05:00,18.899999618530273,19.006999969482422,18.850000381469727,18.989999771118164,8880,0.0,0.0
2024-03-06 11:30:00-05:00,18.989999771118164,19.059999465942383,18.950000762939453,19.059999465942383,8798,0.0,0.0
2024-03-06 12:30:00-05:00,19.020000457763672,19.049999237060547,18.989999771118164,19.040000915527344,5570,0.0,0.0
2024-03-06 13:30:00-05:00,19.024999618530273,19.024999618530273,18.868600845336914,18.950000762939453,11928,0.0,0.0
2024-03-06 14:30:00-05:00,19.0,19.0,18.81999969482422,18.93000030517578,21169,0.0,0.0
2024-03-06 15:30:00-05:00,18.93000030517578,18.93000030517578,18.829999923706055,18.860000610351562,25187,0.0,0.0
2024-03-07 09:30:00-05:00,19.100000381469727,19.299999237060547,19.100000381469727,19.290000915527344,12090,0.0,0.0
2024-03-07 10:30:00-05:00,19.299999237060547,19.299999237060547,19.149999618530273,19.18000030517578,6733,0.0,0.0
2024-03-07 11:30:00-05:00,19.18000030517578,19.200000762939453,19.139999389648438,19.155000686645508,4015,0.0,0.0
2024-03-07 12:30:00-05:00,19.139999389648438,19.18000030517578,19.1299991607666,19.18000030517578,5337,0.0,0.0
2024-03-07 13:30:00-05:00,19.15999984741211,19.170000076293945,19.0802001953125,19.100000381469727,9491,0.0,0.0
2024-03-07 14:30:00-05:00,19.100000381469727,19.100000381469727,19.030000686645508,19.045000076293945,6090,0.0,0.0
2024-03-07 15:30:00-05:00,19.049999237060547,19.200000762939453,19.049999237060547,19.149999618530273,34991,0.0,0.0
2024-03-08 09:30:00-05:00,19.31999969482422,19.540000915527344,19.31999969482422,19.389999389648438,17034,0.0,0.0
2024-03-08 10:30:00-05:00,19.3799991607666,19.520000457763672,19.300100326538086,19.31999969482422,8091,0.0,0.0
2024-03-08 11:30:00-05:00,19.280000686645508,19.31999969482422,19.260000228881836,19.309999465942383,9303,0.0,0.0
2024-03-08 12:30:00-05:00,19.301799774169922,19.3799991607666,19.290000915527344,19.354999542236328,15701,0.0,0.0
2024-03-08 13:30:00-05:00,19.350000381469727,19.389999389648438,19.290000915527344,19.3799991607666,7296,0.0,0.0
2024-03-08 14:30:00-05:00,19.399999618530273,19.440000534057617,19.309999465942383,19.309999465942383,10256,0.0,0.0
2024-03-08 15:30:00-05:00,19.25,19.364999771118164,19.239999771118164,19.34000015258789,17419,0.0,0.0
2024-03-11 09:30:00-04:00,19.139999389648438,19.239999771118164,19.030000686645508,19.07670021057129,19340,0.0,0.0
2024-03-11 10:30:00-04:00,19.06999969482422,19.079999923706055,18.979999542236328,19.075000762939453,5490,0.0,0.0
2024-03-11 11:30:00-04:00,19.06999969482422,19.184999465942383,19.049999237060547,19.184999465942383,8702,0.0,0.0
2024-03-11 12:30:00-04:00,19.149999618530273,19.15999984741211,19.110000610351562,19.15999984741211,5671,0.0,0.0
2024-03-11 13:30:00-04:00,19.139999389648438,19.18000030517578,19.1200008392334,19.139999389648438,8016,0.0,0.0
2024-03-11 14:30:00-04:00,19.1299991607666,19.209999084472656,19.1299991607666,19.209999084472656,13326,0.0,0.0
2024-03-11 15:30:00-04:00,19.219999313354492,19.239999771118164,19.15999984741211,19.229999542236328,30439,0.0,0.0
2024-03-12 09:30:00-04:00,19.139999389648438,19.290000915527344,18.947900772094727,19.280000686645508,13754,0.0,0.0
2024-03-12 10:30:00-04:00,19.309999465942383,19.364999771118164,19.309999465942383,19.31999969482422,8507,0.0,0.0
2024-03-12 11:30:00-04:00,19.299999237060547,19.329999923706055,19.125,19.1299991607666,9436,0.0,0.0
2024-03-12 12:30:00-04:00,19.1200008392334,19.190000534057617,19.100000381469727,19.18000030517578,11482,0.0,0.0
2024-03-12 13:30:00-04:00,19.18000030517578,19.209999084472656,19.139999389648438,19.209999084472656,8569,0.0,0.0
2024-03-12 14:30:00-04:00,19.200000762939453,19.209999084472656,19.1200008392334,19.209999084472656,19210,0.0,0.0
2024-03-12 15:30:00-04:00,19.19499969482422,19.219999313354492,19.139999389648438,19.200000762939453,27529,0.0,0.0
2024-03-13 09:30:00-04:00,19.100000381469727,19.360000610351562,19.100000381469727,19.229999542236328,10901,0.0,0.0
2024-03-13 10:30:00-04:00,19.219999313354492,19.290000915527344,19.174999237060547,19.290000915527344,9086,0.0,0.0
2024-03-13 11:30:00-04:00,19.290000915527344,19.31999969482422,19.25,19.25,9618,0.0,0.0
2024-03-13 12:30:00-04:00,19.280000686645508,19.290000915527344,19.225000381469727,19.239999771118164,9206,0.0,0.0
2024-03-13 13:30:00-04:00,19.25,19.290000915527344,19.18000030517578,19.290000915527344,12142,0.0,0.0
2024-03-13 14:30:00-04:00,19.270000457763672,19.290000915527344,19.149999618530273,19.190000534057617,17084,0.0,0.0
2024-03-13 15:30:00-04:00,19.190000534057617,19.270000457763672,19.170000076293945,19.219999313354492,38677,0.0,0.0
2024-03-14 09:30:00-04:00,19.049999237060547,19.219999313354492,18.84000015258789,18.8799991607666,19810,0.0,0.0
2024-03-14 10:30:00-04:00,18.899999618530273,18.969999313354492,18.84000015258789,18.84000015258789,12121,0.0,0.0
2024-03-14 11:30:00-04:00,18.850000381469727,18.90999984741211,18.809999465942383,18.860000610351562,8514,0.0,0.0
2024-03-14 12:30:00-04:00,18.850000381469727,18.864999771118164,18.65999984741211,18.65999984741211,11467,0.0,0.0
2024-03-14 13:30:00-04:00,18.674999237060547,18.709999084472656,18.6299991607666,18.69499969482422,17688,0.0,0.0
2024-03-14 14:30:00-04:00,18.68000030517578,19.09000015258789,18.65999984741211,18.790000915527344,71655,0.0,0.0
2024-03-14 15:30:00-04:00,18.760000228881836,18.825899124145508,18.690000534057617,18.809999465942383,46894,0.0,0.0
2024-03-15 09:30:00-04:00,18.639999389648438,19.09000015258789,18.639999389648438,18.920000076293945,84256,0.0,0.0
2024-03-15 10:30:00-04:00,18.93000030517578,18.93000030517578,18.850000381469727,18.899999618530273,10545,0.0,0.0
2024-03-15 11:30:00-04:00,18.920000076293945,19.020000457763672,18.81999969482422,18.829999923706055,10459,0.0,0.0
2024-03-15 12:30:00-04:00,18.81999969482422,18.834999084472656,18.729999542236328,18.780000686645508,12733,0.0,0.0
2024-03-15 13:30:00-04:00,18.799999237060547,18.84000015258789,18.739999771118164,18.799999237060547,8751,0.0,0.0
2024-03-15 14:30:00-04:00,18.799999237060547,18.8700008392334,18.780000686645508,18.860000610351562,14110,0.0,0.0
2024-03-15 15:30:00-04:00,18.850000381469727,19.899999618530273,18.829999923706055,19.540000915527344,161246,0.0,0.0
2024-03-18 09:30:00-04:00,19.469999313354492,19.56999969482422,19.290000915527344,19.530000686645508,22150,0.0,0.0
2024-03-18 10:30:00-04:00,19.540000915527344,19.64699935913086,19.540000915527344,19.559999465942383,13359,0.0,0.0
2024-03-18 11:30:00-04:00,19.55500030517578,19.56999969482422,19.415000915527344,19.56999969482422,17041,0.0,0.0
2024-03-18 12:30:00-04:00,19.55500030517578,19.610000610351562,19.520000457763672,19.559999465942383,14154,0.0,0.0
2024-03-18 13:30:00-04:00,19.559999465942383,19.719999313354492,19.530000686645508,19.694599151611328,19342,0.0,0.0
2024-03-18 14:30:00-04:00,19.670000076293945,19.760000228881836,19.6200008392334,19.6200008392334,27434,0.0,0.0
2024-03-18 15:30:00-04:00,19.579999923706055,19.670000076293945,19.469999313354492,19.469999313354492,58820,0.0,0.0
2024-03-19 09:30:00-04:00,19.34000015258789,19.610000610351562,19.280000686645508,19.479999542236328,8252,0.0,0.0
2024-03-19 10:30:00-04:00,19.479999542236328,19.65999984741211,19.459999084472656,19.6299991607666,11613,0.0,0.0
2024-03-19 11:30:00-04:00,19.6299991607666,19.75,19.59000015258789,19.709999084472656,15648,0.0,0.0
2024-03-19 12:30:00-04:00,19.7549991607666,19.81999969482422,19.719999313354492,19.770000457763672,10330,0.0,0.0
2024-03-19 13:30:00-04:00,19.770000457763672,19.8799991607666,19.760000228881836,19.850000381469727,25169,0.0,0.0
2024-03-19 14:30:00-04:00,19.829999923706055,19.8799991607666,19.820999145507812,19.834999084472656,17403,0.0,0.0
2024-03-19 15:30:00-04:00,19.84000015258789,19.950000762939453,19.84000015258789,19.8700008392334,43365,0.0,0.0
2024-03-20 09:30:00-04:00,19.760000228881836,20.040000915527344,19.735000610351562,20.040000915527344,11652,0.0,0.0
2024-03-20 10:30:00-04:00,20.059999465942383,20.100000381469727,19.93000030517578,20.020000457763672,8611,0.0,0.0
2024-03-20 11:30:00-04:00,19.987899780273438,20.0,19.920000076293945,19.920000076293945,8381,0.0,0.0
2024-03-20 12:30:00-04:00,19.93000030517578,20.030000686645508,19.8799991607666,20.020000457763672,13383,0.0,0.0
2024-03-20 13:30:00-04:00,20.030000686645508,20.350000381469727,20.020000457763672,20.15999984741211,30557,0.0,0.0
2024-03-20 14:30:00-04:00,20.15999984741211,20.489999771118164,19.950000762939453,20.479999542236328,57768,0.0,0.0
2024-03-20 15:30:00-04:00,20.479999542236328,20.559999465942383,20.43000030517578,20.5,75332,0.0,0.0
2024-03-21 09:30:00-04:00,20.6299991607666,20.93000030517578,20.6299991607666,20.90999984741211,26711,0.0,0.0
2024-03-21 10:30:00-04:00,20.924999237060547,20.989999771118164,20.850000381469727,20.885000228881836,34335,0.0,0.0
2024-03-21 11:30:00-04:00,20.885000228881836,20.895000457763672,20.729999542236328,20.7549991607666,13535,0.0,0.0
2024-03-21 12:30:00-04:00,20.760000228881836,20.889999389648438,20.700000762939453,20.700000762939453,22245,0.0,0.0
2024-03-21 13:30:00-04:00,20.684999465942383,20.920000076293945,20.684999465942383,20.8700008392334,42778,0.0,0.0
2024-03-21 14:30:00-04:00,20.885000228881836,20.969999313354492,20.829999923706055,20.959999084472656,18004,0.0,0.0
2024-03-21 15:30:00-04:00,20.979999542236328,20.979999542236328,20.75,20.760000228881836,60687,0.0,0.0
2024-03-22 09:30:00-04:00,20.889999389648438,20.989999771118164,20.829999923706055,20.899999618530273,21495,0.0,0.0
2024-03-22 10:30:00-04:00,20.899999618530273,20.899999618530273,20.704999923706055,20.80500030517578,12070,0.0,0.0
2024-03-22 11:30:00-04:00,20.799999237060547,20.799999237060547,20.68000030517578,20.709999084472656,8876,0.0,0.0
2024-03-22 12:30:00-04:00,20.709999084472656,20.75,20.700000762939453,20.735000610351562,9176,0.0,0.0
2024-03-22 13:30:00-04:00,20.719999313354492,20.719999313354492,20.579999923706055,20.600000381469727,12622,0.0,0.0
2024-03-22 14:30:00-04:00,20.584999084472656,20.6299991607666,20.479999542236328,20.579999923706055,28795,0.0,0.0
2024-03-22 15:30:00-04:00,20.579999923706055,20.582500457763672,20.399999618530273,20.399999618530273,37593,0.0,0.0
2024-03-25 09:30:00-04:00,20.520000457763672,20.610000610351562,20.469999313354492,20.56999969482422,22033,0.0,0.0
2024-03-25 10:30:00-04:00,20.55500030517578,20.600000381469727,20.489999771118164,20.560100555419922,5330,0.0,0.0
2024-03-25 11:30:00-04:00,20.549999237060547,20.639999389648438,20.549999237060547,20.639999389648438,8867,0.0,0.0
2024-03-25 12:30:00-04:00,20.639999389648438,20.670000076293945,20.6200008392334,20.670000076293945,6376,0.0,0.0
2024-03-25 13:30:00-04:00,20.661300659179688,20.700000762939453,20.594999313354492,20.600000381469727,8535,0.0,0.0
2024-03-25 14:30:00-04:00,20.600000381469727,20.600000381469727,20.489999771118164,20.506999969482422,11529,0.0,0.0
2024-03-25 15:30:00-04:00,20.520000457763672,20.55229949951172,20.469999313354492,20.469999313354492,35522,0.0,0.0
2024-03-26 09:30:00-04:00,20.610000610351562,20.6200008392334,20.270000457763672,20.299999237060547,13106,0.0,0.0
2024-03-26 10:30:00-04:00,20.280000686645508,20.364999771118164,20.280000686645508,20.329999923706055,7045,0.0,0.0
2024-03-26 11:30:00-04:00,20.34000015258789,20.3700008392334,20.290000915527344,20.3700008392334,4959,0.0,0.0
2024-03-26 12:30:00-04:00,20.360000610351562,20.3799991607666,20.34000015258789,20.360000610351562,7030,0.0,0.0
2024-03-26 13:30:00-04:00,20.360000610351562,20.360000610351562,20.309999465942383,20.329999923706055,6245,0.0,0.0
2024-03-26 14:30:00-04:00,20.329999923706055,20.329999923706055,20.030000686645508,20.059999465942383,25950,0.0,0.0
2024-03-26 15:30:00-04:00,20.065000534057617,20.06999969482422,19.889999389648438,19.889999389648438,52448,0.0,0.0
2024-03-27 09:30:00-04:00,20.15999984741211,20.56999969482422,20.15999984741211,20.510000228881836,26992,0.0,0.0
2024-03-27 10:30:00-04:00,20.53499984741211,20.53499984741211,20.360000610351562,20.440000534057617,9358,0.0,0.0
2024-03-27 11:30:00-04:00,20.434999465942383,20.459999084472656,20.360000610351562,20.360000610351562,9163,0.0,0.0
2024-03-27 12:30:00-04:00,20.34000015258789,20.405000686645508,20.31999969482422,20.31999969482422,10271,0.0,0.0
2024-03-27 13:30:00-04:00,20.348400115966797,20.348400115966797,20.299999237060547,20.334999084472656,4620,0.0,0.0
2024-03-27 14:30:00-04:00,20.34000015258789,20.520000457763672,20.31999969482422,20.510000228881836,15985,0.0,0.0
2024-03-27 15:30:00-04:00,20.510000228881836,20.59000015258789,20.459999084472656,20.579999923706055,61316,0.0,0.0
2024-03-28 09:30:00-04:00,20.610000610351562,20.670000076293945,20.56999969482422,20.625,7714,0.0,0.0
2024-03-28 10:30:00-04:00,20.625,20.645000457763672,20.540000915527344,20.645000457763672,11600,0.0,0.0
2024-03-28 11:30:00-04:00,20.645000457763672,20.709999084472656,20.600000381469727,20.604999542236328,14166,0.0,0.0
2024-03-28 12:30:00-04:00,20.59000015258789,20.59000015258789,20.489999771118164,20.489999771118164,6219,0.0,0.0
2024-03-28 13:30:00-04:00,20.509899139404297,20.520000457763672,20.40999984741211,20.40999984741211,9314,0.0,0.0
2024-03-28 14:30:00-04:00,20.389999389648438,20.639999389648438,20.389999389648438,20.594999313354492,50022,0.0,0.0
2024-03-28 15:30:00-04:00,20.610000610351562,20.670000076293945,20.559999465942383,20.59000015258789,35515,0.0,0.0
2024-04-01 09:30:00-04:00,20.6299991607666,20.6299991607666,20.260000228881836,20.399999618530273,22953,0.0,0.0
2024-04-01 10:30:00-04:00,20.399999618530273,20.520000457763672,20.389999389648438,20.5,9883,0.0,0.0
2024-04-01 11:30:00-04:00,20.5,20.5,20.360000610351562,20.457000732421875,13316,0.0,0.0
2024-04-01 12:30:00-04:00,20.459999084472656,20.469999313354492,20.295000076293945,20.389999389648438,8933,0.0,0.0
2024-04-01 13:30:00-04:00,20.389999389648438,20.485000610351562,20.3700008392334,20.440000534057617,15605,0.0,0.0
2024-04-01 14:30:00-04:00,20.440000534057617,20.46649932861328,20.280000686645508,20.280000686645508,31644,0.0,0.0
2024-04-01 15:30:00-04:00,20.280000686645508,20.31999969482422,20.15999984741211,20.18000030517578,72093,0.0,0.0
2024-04-02 09:30:00-04:00,20.010000228881836,20.030000686645508,19.889999389648438,20.030000686645508,11528,0.0,0.0
2024-04-02 10:30:00-04:00,19.950000762939453,19.989999771118164,19.899900436401367,19.940000534057617,8685,0.0,0.0
2024-04-02 11:30:00-04:00,19.93000030517578,19.940000534057617,19.81999969482422,19.8700008392334,6844,0.0,0.0
2024-04-02 12:30:00-04:00,19.8799991607666,19.8799991607666,19.760000228881836,19.790000915527344,7535,0.0,0.0
2024-04-02 13:30:00-04:00,19.790000915527344,19.93000030517578,19.739999771118164,19.93000030517578,10186,0.0,0.0
2024-04-02 14:30:00-04:00,19.91819953918457,19.959999084472656,19.850000381469727,19.950000762939453,16952,0.0,0.0
2024-04-02 15:30:00-04:00,19.950000762939453,20.0,19.889999389648438,19.979999542236328,46837,0.0,0.0
2024-04-03 09:30:00-04:00,19.799999237060547,20.040000915527344,19.799999237060547,19.950000762939453,8455,0.0,0.0
2024-04-03 10:30:00-04:00,19.959999084472656,20.1200008392334,19.940000534057617,20.1200008392334,7668,0.0,0.0
2024-04-03 11:30:00-04:00,20.1299991607666,20.15999984741211,20.079999923706055,20.139999389648438,11329,0.0,0.0
2024-04-03 12:30:00-04:00,20.170000076293945,20.21500015258789,20.09000015258789,20.1299991607666,8081,0.0,0.0
2024-04-03 13:30:00-04:00,20.149999618530273,20.149999618530273,20.09000015258789,20.1200008392334,5005,0.0,0.0
2024-04-03 14:30:00-04:00,20.110000610351562,20.1200008392334,20.030000686645508,20.030000686645508,8272,0.0,0.0
2024-04-03 15:30:00-04:00,20.030000686645508,20.139999389648438,20.030000686645508,20.1299991607666,26239,0.0,0.0
2024-04-04 09:30:00-04:00,20.40999984741211,20.510000228881836,20.350000381469727,20.489999771118164,8960,0.0,0.0
2024-04-04 10:30:00-04:00,20.40999984741211,20.440000534057617,20.360000610351562,20.415000915527344,5301,0.0,0.0
2024-04-04 11:30:00-04:00,20.420000076293945,20.459999084472656,20.399999618530273,20.405000686645508,8606,0.0,0.0
2024-04-04 12:30:00-04:00,20.399999618530273,20.40999984741211,20.3700008392334,20.399999618530273,4217,0.0,0.0
2024-04-04 13:30:00-04:00,20.389999389648438,20.399999618530273,20.18000030517578,20.190000534057617,12545,0.0,0.0
2024-04-04 14:30:00-04:00,20.170000076293945,20.170000076293945,19.920000076293945,19.93000030517578,20684,0.0,0.0
2024-04-04 15:30:00-04:00,19.8799991607666,19.959999084472656,19.850000381469727,19.8799991607666,25375,0.0,0.0
2024-04-05 09:30:00-04:00,19.780000686645508,19.895000457763672,19.579999923706055,19.68000030517578,14417,0.0,0.0
2024-04-05 10:30:00-04:00,19.684999465942383,19.844999313354492,19.684999465942383,19.834999084472656,15415,0.0,0.0
2024-04-05 11:30:00-04:00,19.854999542236328,20.020000457763672,19.854999542236328,20.020000457763672,7496,0.0,0.0
2024-04-05 12:30:00-04:00,20.0,20.0,19.799999237060547,19.799999237060547,11614,0.0,0.0
2024-04-05 13:30:00-04:00,19.799999237060547,19.799999237060547,19.68000030517578,19.739999771118164,15921,0.0,0.0
2024-04-05 14:30:00-04:00,19.760000228881836,19.80500030517578,19.729999542236328,19.774999618530273,12574,0.0,0.0
2024-04-05 15:30:00-04:00,19.790000915527344,19.84000015258789,19.719999313354492,19.770000457763672,26939,0.0,0.0
2024-04-08 09:30:00-04:00,19.920000076293945,19.979999542236328,19.700000762939453,19.809999465942383,9631,0.0,0.0
2024-04-08 10:30:00-04:00,19.84000015258789,19.90999984741211,19.809999465942383,19.889999389648438,7145,0.0,0.0
2024-04-08 11:30:00-04:00,19.899999618530273,19.899999618530273,19.80500030517578,19.860000610351562,6799,0.0,0.0
2024-04-08 12:30:00-04:00,19.875,19.899999618530273,19.8302001953125,19.84000015258789,9994,0.0,0.0
2024-04-08 13:30:00-04:00,19.850000381469727,19.93000030517578,19.809999465942383,19.81999969482422,7773,0.0,0.0
2024-04-08 14:30:00-04:00,19.81999969482422,19.889999389648438,19.81999969482422,19.882200241088867,10640,0.0,0.0
2024-04-08 15:30:00-04:00,19.895000457763672,19.93000030517578,19.875,19.899999618530273,22846,0.0,0.0
2024-04-09 09:30:00-04:00,19.979999542236328,20.209999084472656,19.889999389648438,20.010000228881836,13156,0.0,0.0
2024-04-09 10:30:00-04:00,19.969999313354492,20.010000228881836,19.95870018005371,20.010000228881836,7363,0.0,0.0
2024-04-09 11:30:00-04:00,20.040000915527344,20.125,19.959999084472656,20.125,10179,0.0,0.0
2024-04-09 12:30:00-04:00,20.08099937438965,20.094999313354492,20.002700805664062,20.079999923706055,8963,0.0,0.0
2024-04-09 13:30:00-04:00,20.084999084472656,20.1299991607666,20.079999923706055,20.1299991607666,4710,0.0,0.0
2024-04-09 14:30:00-04:00,20.110000610351562,20.219999313354492,20.06999969482422,20.219999313354492,7949,0.0,0.0
2024-04-09 15:30:00-04:00,20.229999542236328,20.260000228881836,20.149999618530273,20.170000076293945,23149,0.0,0.0
2024-04-10 09:30:00-04:00,19.6299991607666,19.829999923706055,19.459999084472656,19.790000915527344,39940,0.0,0.0
2024-04-10 10:30:00-04:00,19.75,19.809999465942383,19.600000381469727,19.6200008392334,23560,0.0,0.0
2024-04-10 11:30:00-04:00,19.639999389648438,19.639999389648438,19.399999618530273,19.403799057006836,14148,0.0,0.0
2024-04-10 12:30:00-04:00,19.360000610351562,19.3799991607666,19.149999618530273,19.190000534057617,14711,0.0,0.0
2024-04-10 13:30:00-04:00,19.149999618530273,19.229999542236328,19.09000015258789,19.148700714111328,19241,0.0,0.0
2024-04-10 14:30:00-04:00,19.155000686645508,19.239999771118164,19.065000534057617,19.209999084472656,17894,0.0,0.0
2024-04-10 15:30:00-04:00,19.200000762939453,19.389999389648438,19.190000534057617,19.350000381469727,46058,0.0,0.0
2024-04-11 09:30:00-04:00,19.40999984741211,19.55500030517578,19.3700008392334,19.3700008392334,24872,0.0,0.0
2024-04-11 10:30:00-04:00,19.3700008392334,19.549999237060547,19.3700008392334,19.389999389648438,21108,0.0,0.0
2024-04-11 11:30:00-04:00,19.3700008392334,19.530000686645508,19.350000381469727,19.389999389648438,20062,0.0,0.0
2024-04-11 12:30:00-04:00,19.420000076293945,19.520000457763672,19.3799991607666,19.489999771118164,15512,0.0,0.0
2024-04-11 13:30:00-04:00,19.469999313354492,19.549999237060547,19.440000534057617,19.459999084472656,14718,0.0,0.0
2024-04-11 14:30:00-04:00,19.46030044555664,19.520000457763672,19.399999618530273,19.40999984741211,22742,0.0,0.0
2024-04-11 15:30:00-04:00,19.389999389648438,19.549999237060547,19.389999389648438,19.530000686645508,43745,0.0,0.0
2024-04-12 09:30:00-04:00,19.34000015258789,19.469999313354492,19.299999237060547,19.365400314331055,12349,0.0,0.0
2024-04-12 10:30:00-04:00,19.360000610351562,19.417600631713867,19.31999969482422,19.40999984741211,5924,0.0,0.0
2024-04-12 11:30:00-04:00,19.424999237060547,19.479999542236328,19.399999618530273,19.450000762939453,3763,0.0,0.0
2024-04-12 12:30:00-04:00,19.399999618530273,19.399999618530273,19.31999969482422,19.329999923706055,6323,0.0,0.0
2024-04-12 13:30:00-04:00,19.299999237060547,19.3700008392334,19.260000228881836,19.309999465942383,7818,0.0,0.0
2024-04-12 14:30:00-04:00,19.280000686645508,19.290000915527344,19.200000762939453,19.2549991607666,13713,0.0,0.0
2024-04-12 15:30:00-04:00,19.260000228881836,19.325000762939453,19.209999084472656,19.299999237060547,20403,0.0,0.0
2024-04-15 09:30:00-04:00,19.329999923706055,19.56999969482422,19.200000762939453,19.200000762939453,10703,0.0,0.0
2024-04-15 10:30:00-04:00,19.15999984741211,19.229999542236328,19.09000015258789,19.100000381469727,9802,0.0,0.0
2024-04-15 11:30:00-04:00,19.149999618530273,19.200000762939453,19.049999237060547,19.065000534057617,12604,0.0,0.0
2024-04-15 12:30:00-04:00,19.030000686645508,19.049999237060547,18.969999313354492,18.9950008392334,17406,0.0,0.0
2024-04-15 13:30:00-04:00,19.010000228881836,19.09000015258789,18.969999313354492,19.020000457763672,13891,0.0,0.0
2024-04-15 14:30:00-04:00,19.0049991607666,19.049999237060547,18.959999084472656,19.010000228881836,14360,0.0,0.0
2024-04-15 15:30:00-04:00,19.0,19.100000381469727,19.0,19.06999969482422,19298,0.0,0.0
2024-04-16 09:30:00-04:00,18.959999084472656,18.959999084472656,18.56999969482422,18.68199920654297,19725,0.0,0.0
2024-04-16 10:30:00-04:00,18.65999984741211,18.770000457763672,18.611000061035156,18.770000457763672,12722,0.0,0.0
2024-04-16 11:30:00-04:00,18.770000457763672,18.854799270629883,18.760000228881836,18.809999465942383,8242,0.0,0.0
2024-04-16 12:30:00-04:00,18.809999465942383,18.899999618530273,18.780000686645508,18.850000381469727,11499,0.0,0.0
2024-04-16 13:30:00-04:00,18.81999969482422,18.940000534057617,18.729999542236328,18.780000686645508,14742,0.0,0.0
2024-04-16 14:30:00-04:00,18.75,18.799999237060547,18.729999542236328,18.75,11838,0.0,0.0
2024-04-16 15:30:00-04:00,18.739999771118164,18.770000457763672,18.65999984741211,18.65999984741211,24435,0.0,0.0
2024-04-17 09:30:00-04:00,18.940000534057617,18.989999771118164,18.84000015258789,18.920000076293945,12834,0.0,0.0
2024-04-17 10:30:00-04:00,18.90999984741211,18.950000762939453,18.809999465942383,18.834999084472656,10390,0.0,0.0
2024-04-17 11:30:00-04:00,18.829999923706055,18.94499969482422,18.81999969482422,18.844999313354492,13881,0.0,0.0
2024-04-17 12:30:00-04:00,18.84000015258789,19.0,18.81999969482422,19.0,12387,0.0,0.0
2024-04-17 13:30:00-04:00,19.030000686645508,19.030000686645508,18.884000778198242,18.940000534057617,18453,0.0,0.0
2024-04-17 14:30:00-04:00,18.920000076293945,18.959999084472656,18.739999771118164,18.799999237060547,24236,0.0,0.0
2024-04-17 15:30:00-04:00,18.81999969482422,18.850000381469727,18.760000228881836,18.790000915527344,30741,0.0,0.0
2024-04-18 09:30:00-04:00,18.799999237060547,18.8799991607666,18.709999084472656,18.8799991607666,18049,0.0,0.0
2024-04-18 10:30:00-04:00,18.8700008392334,18.969999313354492,18.8700008392334,18.959999084472656,6522,0.0,0.0
2024-04-18 11:30:00-04:00,18.954999923706055,19.139999389648438,18.91790008544922,19.114999771118164,22246,0.0,0.0
2024-04-18 12:30:00-04:00,19.190000534057617,19.209999084472656,19.06999969482422,19.18000030517578,28370,0.0,0.0
2024-04-18 13:30:00-04:00,19.18000030517578,19.18000030517578,18.969999313354492,18.969999313354492,20625,0.0,0.0
2024-04-18 14:30:00-04:00,18.959999084472656,19.020000457763672,18.934999465942383,18.94499969482422,21517,0.0,0.0
2024-04-18 15:30:00-04:00,18.959999084472656,19.040000915527344,18.889999389648438,18.950000762939453,31682,0.0,0.0
2024-04-19 09:30:00-04:00,19.649999618530273,19.7549991607666,19.229999542236328,19.75,45656,0.0,0.0
2024-04-19 10:30:00-04:00,19.75,19.850000381469727,19.579999923706055,19.649999618530273,19714,0.0,0.0
2024-04-19 11:30:00-04:00,19.655000686645508,19.68000030517578,19.540000915527344,19.600000381469727,19342,0.0,0.0
2024-04-19 12:30:00-04:00,19.610000610351562,19.7549991607666,19.58009910583496,19.670000076293945,20833,0.0,0.0
2024-04-19 13:30:00-04:00,19.649999618530273,19.719999313354492,19.6299991607666,19.6299991607666,15602,0.0,0.0
2024-04-19 14:30:00-04:00,19.610000610351562,19.6299991607666,19.549999237060547,19.61199951171875,18669,0.0,0.0
2024-04-19 15:30:00-04:00,19.600000381469727,19.729999542236328,19.559999465942383,19.719999313354492,31799,0.0,0.0
2024-04-22 09:30:00-04:00,19.770000457763672,19.799999237060547,19.56999969482422,19.783899307250977,21377,0.0,0.0
2024-04-22 10:30:00-04:00,19.76099967956543,19.8799991607666,19.690000534057617,19.850000381469727,11872,0.0,0.0
2024-04-22 11:30:00-04:00,19.850000381469727,19.850000381469727,19.760000228881836,19.809999465942383,13110,0.0,0.0
2024-04-22 12:30:00-04:00,19.824199676513672,19.979999542236328,19.80500030517578,19.979999542236328,15366,0.0,0.0
2024-04-22 13:30:00-04:00,19.989999771118164,20.030000686645508,19.950000762939453,19.979999542236328,7480,0.0,0.0
2024-04-22 14:30:00-04:00,20.0049991607666,20.010000228881836,19.93000030517578,19.93000030517578,9525,0.0,0.0
2024-04-22 15:30:00-04:00,19.920000076293945,19.940000534057617,19.790000915527344,19.81999969482422,37821,0.0,0.0
2024-04-23 09:30:00-04:00,19.790000915527344,20.149999618530273,19.790000915527344,20.099899291992188,29073,0.0,0.0
2024-04-23 10:30:00-04:00,20.065000534057617,20.149999618530273,20.040000915527344,20.120100021362305,24248,0.0,0.0
2024-04-23 11:30:00-04:00,20.145000457763672,20.190000534057617,20.100000381469727,20.149999618530273,18330,0.0,0.0
2024-04-23 12:30:00-04:00,20.145000457763672,20.209999084472656,20.110000610351562,20.209999084472656,18827,0.0,0.0
2024-04-23 13:30:00-04:00,20.219999313354492,20.34000015258789,20.219999313354492,20.329999923706055,20391,0.0,0.0
2024-04-23 14:30:00-04:00,20.31999969482422,20.450000762939453,20.31999969482422,20.44499969482422,34713,0.0,0.0
2024-04-23 15:30:00-04:00,20.43000030517578,20.510000228881836,20.3799991607666,20.485000610351562,70839,0.0,0.0
2024-04-24 09:30:00-04:00,20.360000610351562,20.649999618530273,20.329999923706055,20.5,21665,0.0,0.0
2024-04-24 10:30:00-04:00,20.430999755859375,20.430999755859375,20.25,20.31999969482422,9615,0.0,0.0
2024-04-24 11:30:00-04:00,20.299999237060547,20.34000015258789,20.260000228881836,20.329999923706055,8675,0.0,0.0
2024-04-24 12:30:00-04:00,20.299999237060547,20.299999237060547,20.219999313354492,20.219999313354492,5703,0.0,0.0
2024-04-24 13:30:00-04:00,20.239999771118164,20.290000915527344,20.190000534057617,20.239999771118164,12446,0.0,0.0
2024-04-24 14:30:00-04:00,20.229999542236328,20.270000457763672,20.190000534057617,20.209999084472656,21248,0.0,0.0
2024-04-24 15:30:00-04:00,20.219999313354492,20.299999237060547,20.170000076293945,20.290000915527344,46219,0.0,0.0
2024-04-25 09:30:00-04:00,20.139999389648438,20.165000915527344,19.889999389648438,20.010000228881836,16270,0.0,0.0
2024-04-25 10:30:00-04:00,20.0,20.020000457763672,19.924999237060547,19.940000534057617,20124,0.0,0.0
2024-04-25 11:30:00-04:00,19.920000076293945,20.1200008392334,19.920000076293945,20.1200008392334,15244,0.0,0.0
2024-04-25 12:30:00-04:00,20.079999923706055,20.190000534057617,20.06999969482422,20.082500457763672,20677,0.0,0.0
2024-04-25 13:30:00-04:00,20.110000610351562,20.1299991607666,19.889999389648438,19.899999618530273,17291,0.0,0.0
2024-04-25 14:30:00-04:00,19.899999618530273,20.020000457763672,19.8700008392334,20.0049991607666,32970,0.0,0.0
2024-04-25 15:30:00-04:00,20.0,20.059999465942383,19.920000076293945,20.049999237060547,27722,0.0,0.0
2024-04-26 09:30:00-04:00,20.030000686645508,20.1299991607666,19.96500015258789,20.049999237060547,16204,0.0,0.0
2024-04-26 10:30:00-04:00,20.040000915527344,20.11199951171875,20.0,20.040000915527344,31518,0.0,0.0
2024-04-26 11:30:00-04:00,20.049999237060547,20.139999389648438,20.030000686645508,20.110000610351562,18973,0.0,0.0
2024-04-26 12:30:00-04:00,20.1200008392334,20.360000610351562,20.100000381469727,20.309999465942383,13321,0.0,0.0
2024-04-26 13:30:00-04:00,20.31999969482422,20.350000381469727,20.280000686645508,20.290000915527344,6628,0.0,0.0
2024-04-26 14:30:00-04:00,20.290000915527344,20.299999237060547,20.239999771118164,20.239999771118164,5910,0.0,0.0
2024-04-26 15:30:00-04:00,20.229999542236328,20.3700008392334,20.229999542236328,20.360000610351562,33990,0.0,0.0
2024-04-29 09:30:00-04:00,20.540000915527344,20.75,20.440000534057617,20.4414005279541,28312,0.0,0.0
2024-04-29 10:30:00-04:00,20.5,20.610000610351562,20.489999771118164,20.489999771118164,8186,0.0,0.0
2024-04-29 11:30:00-04:00,20.469999313354492,20.469999313354492,20.334999084472656,20.440000534057617,10387,0.0,0.0
2024-04-29 12:30:00-04:00,20.43000030517578,20.43000030517578,20.31999969482422,20.360000610351562,14851,0.0,0.0
2024-04-29 13:30:00-04:00,20.360000610351562,20.459999084472656,20.360000610351562,20.399999618530273,21875,0.0,0.0
2024-04-29 14:30:00-04:00,20.389999389648438,20.40999984741211,20.290000915527344,20.35930061340332,22300,0.0,0.0
2024-04-29 15:30:00-04:00,20.360000610351562,20.395000457763672,20.309999465942383,20.31999969482422,32341,0.0,0.0
2024-04-30 09:30:00-04:00,20.079999923706055,20.174999237060547,19.920000076293945,19.93000030517578,20273,0.0,0.0
2024-04-30 10:30:00-04:00,19.93000030517578,19.93000030517578,19.7810001373291,19.809999465942383,21391,0.0,0.0
2024-04-30 11:30:00-04:00,19.829999923706055,19.84000015258789,19.729999542236328,19.81999969482422,8617,0.0,0.0
2024-04-30 12:30:00-04:00,19.80500030517578,19.809999465942383,19.709999084472656,19.809999465942383,9086,0.0,0.0
2024-04-30 13:30:00-04:00,19.78499984741211,19.989999771118164,19.739999771118164,19.975000381469727,36673,0.0,0.0
2024-04-30 14:30:00-04:00,19.979999542236328,20.030000686645508,19.93000030517578,19.93000030517578,14804,0.0,0.0
2024-04-30 15:30:00-04:00,19.90999984741211,19.924999237060547,19.709999084472656,19.739999771118164,75961,0.0,0.0
2024-05-01 09:30:00-04:00,19.75,19.979999542236328,19.75,19.795000076293945,10170,0.0,0.0
2024-05-01 10:30:00-04:00,19.815000534057617,19.920000076293945,19.780099868774414,19.920000076293945,16128,0.0,0.0
2024-05-01 11:30:00-04:00,19.93000030517578,19.93000030517578,19.81999969482422,19.850000381469727,12466,0.0,0.0
2024-05-01 12:30:00-04:00,19.84000015258789,19.84000015258789,19.760000228881836,19.780000686645508,9826,0.0,0.0
2024-05-01 13:30:00-04:00,19.770000457763672,19.770000457763672,19.6200008392334,19.690000534057617,20926,0.0,0.0
2024-05-01 14:30:00-04:00,19.68000030517578,20.139999389648438,19.597900390625,19.920000076293945,44490,0.0,0.0
2024-05-01 15:30:00-04:00,19.889999389648438,20.010000228881836,19.829999923706055,19.8700008392334,114190,0.0,0.0
2024-05-02 09:30:00-04:00,20.75,20.989999771118164,20.219999313354492,20.815000534057617,89189,0.0,0.0
2024-05-02 10:30:00-04:00,20.87299919128418,21.190000534057617,20.860000610351562,21.040000915527344,49066,0.0,0.0
2024-05-02 11:30:00-04:00,21.040000915527344,21.05500030517578,20.704999923706055,20.975000381469727,49524,0.0,0.0
2024-05-02 12:30:00-04:00,20.989999771118164,21.260000228881836,20.989999771118164,21.184999465942383,49111,0.0,0.0
2024-05-02 13:30:00-04:00,21.200000762939453,21.415000915527344,21.09000015258789,21.29010009765625,54629,0.0,0.0
2024-05-02 14:30:00-04:00,21.31999969482422,21.354999542236328,21.1299991607666,21.290000915527344,56744,0.0,0.0
2024-05-02 15:30:00-04:00,21.290000915527344,21.969999313354492,21.25,21.6299991607666,164898,0.0,0.0
2024-05-03 09:30:00-04:00,21.8700008392334,21.959999084472656,21.389999389648438,21.440000534057617,25297,0.0,0.0
2024-05-03 10:30:00-04:00,21.450000762939453,21.450000762939453,21.149999618530273,21.170000076293945,13423,0.0,0.0
2024-05-03 11:30:00-04:00,21.149999618530273,21.309999465942383,21.149999618530273,21.18000030517578,19737,0.0,0.0
2024-05-03 12:30:00-04:00,21.149999618530273,21.229999542236328,21.059999465942383,21.139999389648438,26323,0.0,0.0
2024-05-03 13:30:00-04:00,21.1200008392334,21.239999771118164,21.100000381469727,21.209999084472656,17135,0.0,0.0
2024-05-03 14:30:00-04:00,21.200000762939453,21.3700008392334,21.190000534057617,21.3700008392334,27133,0.0,0.0
2024-05-03 15:30:00-04:00,21.360000610351562,21.584999084472656,21.360000610351562,21.520000457763672,80994,0.0,0.0
2024-05-06 09:30:00-04:00,21.860000610351562,22.139999389648438,21.579999923706055,22.125,34570,0.0,0.0
2024-05-06 10:30:00-04:00,22.139999389648438,22.216999053955078,21.959999084472656,21.969999313354492,23771,0.0,0.0
2024-05-06 11:30:00-04:00,21.950000762939453,22.06999969482422,21.90999984741211,21.975000381469727,26120,0.0,0.0
2024-05-06 12:30:00-04:00,21.969999313354492,22.100000381469727,21.969999313354492,22.05500030517578,11157,0.0,0.0
2024-05-06 13:30:00-04:00,22.059999465942383,22.09000015258789,21.959999084472656,22.020000457763672,12649,0.0,0.0
2024-05-06 14:30:00-04:00,22.03499984741211,22.136899948120117,21.969999313354492,22.059999465942383,23993,0.0,0.0
2024-05-06 15:30:00-04:00,22.094999313354492,22.114999771118164,21.8799991607666,21.940000534057617,49783,0.0,0.0
2024-05-07 09:30:00-04:00,21.969999313354492,22.40999984741211,21.940000534057617,22.389999389648438,32264,0.0,0.0
2024-05-07 10:30:00-04:00,22.360000610351562,22.469999313354492,22.354999542236328,22.43000030517578,15343,0.0,0.0
2024-05-07 11:30:00-04:00,22.415000915527344,22.579999923706055,22.399999618530273,22.556499481201172,15816,0.0,0.0
2024-05-07 12:30:00-04:00,22.579999923706055,22.649999618530273,22.469999313354492,22.549999237060547,20077,0.0,0.0
2024-05-07 13:30:00-04:00,22.559999465942383,22.610000610351562,22.443300247192383,22.56999969482422,41881,0.0,0.0
2024-05-07 14:30:00-04:00,22.579999923706055,22.610000610351562,22.360000610351562,22.3700008392334,22601,0.0,0.0
2024-05-07 15:30:00-04:00,22.3799991607666,22.40999984741211,22.15999984741211,22.198999404907227,60834,0.0,0.0
2024-05-08 09:30:00-04:00,21.959999084472656,22.010000228881836,21.8700008392334,21.895000457763672,16996,0.0,0.0
2024-05-08 10:30:00-04:00,21.889999389648438,22.200000762939453,21.889999389648438,22.200000762939453,12337,0.0,0.0
2024-05-08 11:30:00-04:00,22.18000030517578,22.2450008392334,22.100000381469727,22.110000610351562,13680,0.0,0.0
2024-05-08 12:30:00-04:00,22.1299991607666,22.15999984741211,22.09000015258789,22.15999984741211,8493,0.0,0.0
2024-05-08 13:30:00-04:00,22.170000076293945,22.235000610351562,22.149999618530273,22.235000610351562,9506,0.0,0.0
2024-05-08 14:30:00-04:00,22.239999771118164,22.280000686645508,22.110000610351562,22.145000457763672,13283,0.0,0.0
2024-05-08 15:30:00-04:00,22.149999618530273,22.190000534057617,22.1200008392334,22.15999984741211,31610,0.0,0.0
2024-05-09 09:30:00-04:00,22.25,22.280000686645508,22.149999618530273,22.219999313354492,10961,0.0,0.0
2024-05-09 10:30:00-04:00,22.239999771118164,22.27549934387207,22.190000534057617,22.200000762939453,8523,0.0,0.0
2024-05-09 11:30:00-04:00,22.184999465942383,22.290000915527344,22.160200119018555,22.200000762939453,10519,0.0,0.0
2024-05-09 12:30:00-04:00,22.19499969482422,22.219999313354492,22.18000030517578,22.189599990844727,6212,0.0,0.0
2024-05-09 13:30:00-04:00,22.209999084472656,22.25,22.209999084472656,22.225000381469727,5677,0.0,0.0
2024-05-09 14:30:00-04:00,22.209999084472656,22.469999313354492,22.209999084472656,22.450000762939453,34696,0.0,0.0
2024-05-09 15:30:00-04:00,22.440000534057617,22.719999313354492,22.440000534057617,22.6299991607666,71570,0.0,0.0
2024-05-10 09:30:00-04:00,22.709999084472656,22.82990074157715,22.459999084472656,22.459999084472656,15533,0.0,0.0
2024-05-10 10:30:00-04:00,22.520000457763672,22.639999389648438,22.3799991607666,22.6200008392334,36449,0.0,0.0
2024-05-10 11:30:00-04:00,22.6299991607666,22.760000228881836,22.6200008392334,22.719999313354492,21201,0.0,0.0
2024-05-10 12:30:00-04:00,22.68000030517578,22.690000534057617,22.639999389648438,22.639999389648438,7379,0.0,0.0
2024-05-10 13:30:00-04:00,22.665000915527344,22.68000030517578,22.639999389648438,22.655000686645508,4802,0.0,0.0
2024-05-10 14:30:00-04:00,22.65999984741211,22.690000534057617,22.63050079345703,22.63159942626953,12185,0.0,0.0
2024-05-10 15:30:00-04:00,22.6299991607666,22.739999771118164,22.610000610351562,22.739999771118164,47835,0.0,0.0
2024-05-13 09:30:00-04:00,22.969999313354492,23.040000915527344,22.700000762939453,22.770000457763672,40366,0.0,0.0
2024-05-13 10:30:00-04:00,22.819000244140625,23.0,22.819000244140625,22.950000762939453,18581,0.0,0.0
2024-05-13 11:30:00-04:00,22.92799949645996,22.950000762939453,22.815000534057617,22.829999923706055,20491,0.0,0.0
2024-05-13 12:30:00-04:00,22.81999969482422,22.922500610351562,22.799999237060547,22.922500610351562,7696,0.0,0.0
2024-05-13 13:30:00-04:00,22.940000534057617,22.959999084472656,22.8799991607666,22.905000686645508,14117,0.0,0.0
2024-05-13 14:30:00-04:00,22.905000686645508,22.93000030517578,22.860000610351562,22.899999618530273,16338,0.0,0.0
2024-05-13 15:30:00-04:00,22.889999389648438,23.0,22.81999969482422,22.920000076293945,67848,0.0,0.0
2024-05-14 09:30:00-04:00,23.420000076293945,23.755300521850586,23.282800674438477,23.729999542236328,62330,0.0,0.0
2024-05-14 10:30:00-04:00,23.735000610351562,23.90999984741211,23.733999252319336,23.850500106811523,50092,0.0,0.0
2024-05-14 11:30:00-04:00,23.860000610351562,23.895000457763672,23.670000076293945,23.719999313354492,33702,0.0,0.0
2024-05-14 12:30:00-04:00,23.729999542236328,23.790000915527344,23.690000534057617,23.690000534057617,8410,0.0,0.0
2024-05-14 13:30:00-04:00,23.719999313354492,23.799999237060547,23.700000762939453,23.71500015258789,23153,0.0,0.0
2024-05-14 14:30:00-04:00,23.71500015258789,23.739999771118164,23.540000915527344,23.610000610351562,44301,0.0,0.0
2024-05-14 15:30:00-04:00,23.604999542236328,23.709999084472656,23.59000015258789,23.65999984741211,55759,0.0,0.0
2024-05-15 09:30:00-04:00,23.93000030517578,24.0,23.40999984741211,23.55500030517578,28224,0.0,0.0
2024-05-15 10:30:00-04:00,23.547000885009766,23.599899291992188,23.40999984741211,23.489999771118164,19796,0.0,0.0
2024-05-15 11:30:00-04:00,23.5049991607666,23.52989959716797,23.389999389648438,23.420400619506836,22380,0.0,0.0
2024-05-15 12:30:00-04:00,23.420000076293945,23.450000762939453,23.200000762939453,23.329999923706055,28123,0.0,0.0
2024-05-15 13:30:00-04:00,23.315000534057617,23.329999923706055,23.219999313354492,23.264999389648438,29785,0.0,0.0
2024-05-15 14:30:00-04:00,23.25,23.264999389648438,23.139999389648438,23.20039939880371,41097,0.0,0.0
2024-05-15 15:30:00-04:00,23.170000076293945,23.290000915527344,23.145000457763672,23.260000228881836,74130,0.0,0.0
2024-05-16 09:30:00-04:00,23.149999618530273,23.34000015258789,22.959999084472656,23.030000686645508,70845,0.0,0.0
2024-05-16 10:30:00-04:00,23.06999969482422,23.420000076293945,23.030000686645508,23.34000015258789,29679,0.0,0.0
2024-05-16 11:30:00-04:00,23.300100326538086,23.36989974975586,23.270000457763672,23.29759979248047,19610,0.0,0.0
2024-05-16 12:30:00-04:00,23.260000228881836,23.270000457763672,23.200000762939453,23.239999771118164,14714,0.0,0.0
2024-05-16 13:30:00-04:00,23.2450008392334,23.260000228881836,23.170000076293945,23.253999710083008,21017,0.0,0.0
2024-05-16 14:30:00-04:00,23.270000457763672,23.375,23.21299934387207,23.375,26969,0.0,0.0
2024-05-16 15:30:00-04:00,23.360000610351562,23.489999771118164,23.274999618530273,23.43000030517578,67338,0.0,0.0
2024-05-17 09:30:00-04:00,23.219999313354492,23.2549991607666,23.040000915527344,23.200000762939453,25274,0.0,0.0
2024-05-17 10:30:00-04:00,23.229999542236328,23.270000457763672,23.100000381469727,23.100000381469727,15739,0.0,0.0
2024-05-17 11:30:00-04:00,23.06999969482422,23.100000381469727,22.969999313354492,22.969999313354492,13012,0.0,0.0
2024-05-17 12:30:00-04:00,23.0,23.020000457763672,22.93000030517578,22.950000762939453,27961,0.0,0.0
2024-05-17 13:30:00-04:00,22.969999313354492,23.020000457763672,22.920000076293945,22.989999771118164,38361,0.0,0.0
2024-05-17 14:30:00-04:00,23.010000228881836,23.010000228881836,22.8700008392334,22.899999618530273,16156,0.0,0.0
2024-05-17 15:30:00-04:00,22.940000534057617,23.100000381469727,22.93000030517578,23.049999237060547,55199,0.0,0.0
2024-05-20 09:30:00-04:00,23.06999969482422,23.100000381469727,22.921100616455078,23.075000762939453,22017,0.0,0.0
2024-05-20 10:30:00-04:00,23.075000762939453,23.260000228881836,23.059999465942383,23.170000076293945,18290,0.0,0.0
2024-05-20 11:30:00-04:00,23.190000534057617,23.266300201416016,23.09000015258789,23.149999618530273,13958,0.0,0.0
2024-05-20 12:30:00-04:00,23.170000076293945,23.200000762939453,23.06999969482422,23.110000610351562,27306,0.0,0.0
2024-05-20 13:30:00-04:00,23.100000381469727,23.110000610351562,23.0,23.049999237060547,20457,0.0,0.0
2024-05-20 14:30:00-04:00,23.030000686645508,23.06999969482422,22.915000915527344,22.93000030517578,25928,0.0,0.0
2024-05-20 15:30:00-04:00,22.940000534057617,22.950000762939453,22.729999542236328,22.739999771118164,67268,0.0,0.0
2024-05-21 09:30:00-04:00,22.739999771118164,22.850000381469727,22.647300720214844,22.647300720214844,11081,0.0,0.0
2024-05-21 10:30:00-04:00,22.635000228881836,22.690000534057617,22.549999237060547,22.690000534057617,14759,0.0,0.0
2024-05-21 11:30:00-04:00,22.670000076293945,22.709999084472656,22.649999618530273,22.709999084472656,10651,0.0,0.0
2024-05-21 12:30:00-04:00,22.68000030517578,22.725000381469727,22.649999618530273,22.670000076293945,15014,0.0,0.0
2024-05-21 13:30:00-04:00,22.700000762939453,22.770000457763672,22.670000076293945,22.760000228881836,12263,0.0,0.0
2024-05-21 14:30:00-04:00,22.760000228881836,22.764999389648438,22.68000030517578,22.693500518798828,23276,0.0,0.0
2024-05-21 15:30:00-04:00,22.729999542236328,22.829999923706055,22.681400299072266,22.809999465942383,56434,0.0,0.0
2024-05-22 09:30:00-04:00,22.6299991607666,22.7450008392334,22.600000381469727,22.688100814819336,13936,0.0,0.0
2024-05-22 10:30:00-04:00,22.68400001525879,22.709999084472656,22.639999389648438,22.700000762939453,11208,0.0,0.0
2024-05-22 11:30:00-04:00,22.670000076293945,22.709999084472656,22.670000076293945,22.709999084472656,6802,0.0,0.0
2024-05-22 12:30:00-04:00,22.709999084472656,22.709999084472656,22.639999389648438,22.649999618530273,7899,0.0,0.0
2024-05-22 13:30:00-04:00,22.65999984741211,22.700000762939453,22.545000076293945,22.56999969482422,18208,0.0,0.0
2024-05-22 14:30:00-04:00,22.520000457763672,22.530000686645508,22.420000076293945,22.5,22996,0.0,0.0
2024-05-22 15:30:00-04:00,22.479999542236328,22.549999237060547,22.450000762939453,22.520000457763672,44258,0.0,0.0
2024-05-23 09:30:00-04:00,22.56999969482422,22.799999237060547,22.3700008392334,22.3700008392334,23210,0.0,0.0
2024-05-23 10:30:00-04:00,22.357099533081055,22.565000534057617,22.309999465942383,22.393400192260742,16761,0.0,0.0
2024-05-23 11:30:00-04:00,22.3799991607666,22.469999313354492,22.360000610351562,22.469999313354492,12684,0.0,0.0
2024-05-23 12:30:00-04:00,22.469999313354492,22.5049991607666,22.329999923706055,22.329999923706055,16773,0.0,0.0
2024-05-23 13:30:00-04:00,22.329999923706055,22.329999923706055,22.270000457763672,22.309999465942383,15146,0.0,0.0
2024-05-23 14:30:00-04:00,22.280000686645508,22.34000015258789,22.280000686645508,22.34000015258789,18874,0.0,0.0
2024-05-23 15:30:00-04:00,22.329999923706055,22.389999389648438,22.239999771118164,22.389999389648438,59915,0.0,0.0
2024-05-24 09:30:00-04:00,22.600000381469727,22.735000610351562,22.34000015258789,22.459999084472656,12195,0.0,0.0
2024-05-24 10:30:00-04:00,22.485000610351562,22.510000228881836,22.43000030517578,22.450000762939453,9038,0.0,0.0
2024-05-24 11:30:00-04:00,22.3799991607666,22.440000534057617,22.3700008392334,22.43000030517578,3395,0.0,0.0
2024-05-24 12:30:00-04:00,22.43400001525879,22.43400001525879,22.30500030517578,22.405000686645508,9497,0.0,0.0
2024-05-24 13:30:00-04:00,22.385000228881836,22.389999389648438,22.270000457763672,22.270000457763672,9108,0.0,0.0
2024-05-24 14:30:00-04:00,22.274700164794922,22.360000610351562,22.209999084472656,22.360000610351562,11803,0.0,0.0
2024-05-24 15:30:00-04:00,22.34000015258789,22.44499969482422,22.329999923706055,22.43000030517578,37976,0.0,0.0
2024-05-28 09:30:00-04:00,22.639999389648438,22.65999984741211,22.290000915527344,22.290000915527344,18507,0.0,0.0
2024-05-28 10:30:00-04:00,22.280000686645508,22.280000686645508,22.06999969482422,22.18000030517578,21734,0.0,0.0
2024-05-28 11:30:00-04:00,22.190000534057617,22.280000686645508,22.149999618530273,22.25,11032,0.0,0.0
2024-05-28 12:30:00-04:00,22.260000228881836,22.299999237060547,22.15999984741211,22.18000030517578,5064,0.0,0.0
2024-05-28 13:30:00-04:00,22.170000076293945,22.190000534057617,21.969999313354492,21.969999313354492,14247,0.0,0.0
2024-05-28 14:30:00-04:00,21.920000076293945,22.075300216674805,21.83919906616211,22.040000915527344,28953,0.0,0.0
2024-05-28 15:30:00-04:00,22.040000915527344,22.139999389648438,22.024999618530273,22.1299991607666,45156,0.0,0.0
2024-05-29 09:30:00-04:00,21.81999969482422,21.934999465942383,21.6299991607666,21.87660026550293,18728,0.0,0.0
2024-05-29 10:30:00-04:00,21.889999389648438,22.05500030517578,21.885000228881836,22.0,21556,0.0,0.0
2024-05-29 11:30:00-04:00,21.975000381469727,22.040000915527344,21.885000228881836,22.010000228881836,27697,0.0,0.0
2024-05-29 12:30:00-04:00,22.010000228881836,22.110000610351562,22.010000228881836,22.110000610351562,16296,0.0,0.0
2024-05-29 13:30:00-04:00,22.110000610351562,22.18000030517578,22.040000915527344,22.059999465942383,26476,0.0,0.0
2024-05-29 14:30:00-04:00,22.059999465942383,22.100000381469727,21.899999618530273,22.030000686645508,36385,0.0,0.0
2024-05-29 15:30:00-04:00,22.03499984741211,22.079999923706055,21.979999542236328,22.020000457763672,35158,0.0,0.0
2024-05-30 09:30:00-04:00,22.270000457763672,22.450000762939453,22.17169952392578,22.28499984741211,13391,0.0,0.0
2024-05-30 10:30:00-04:00,22.290000915527344,22.450000762939453,22.284000396728516,22.39550018310547,15950,0.0,0.0
2024-05-30 11:30:00-04:00,22.399999618530273,22.510000228881836,22.3700008392334,22.420000076293945,9746,0.0,0.0
2024-05-30 12:30:00-04:00,22.417999267578125,22.469999313354492,22.38010025024414,22.420000076293945,9097,0.0,0.0
2024-05-30 13:30:00-04:00,22.420000076293945,22.420000076293945,22.350000381469727,22.360000610351562,8060,0.0,0.0
2024-05-30 14:30:00-04:00,22.3799991607666,22.450000762939453,22.34000015258789,22.450000762939453,18251,0.0,0.0
2024-05-30 15:30:00-04:00,22.469999313354492,22.56999969482422,22.360000610351562,22.56999969482422,80601,0.0,0.0
2024-05-31 09:30:00-04:00,22.739999771118164,22.985000610351562,22.739599227905273,22.934999465942383,15684,0.0,0.0
2024-05-31 10:30:00-04:00,22.959999084472656,23.079999923706055,22.920000076293945,22.959999084472656,17521,0.0,0.0
2024-05-31 11:30:00-04:00,22.879600524902344,22.979999542236328,22.879600524902344,22.90999984741211,13644,0.0,0.0
2024-05-31 12:30:00-04:00,22.920000076293945,22.975000381469727,22.889999389648438,22.969999313354492,15671,0.0,0.0
2024-05-31 13:30:00-04:00,22.969999313354492,23.040000915527344,22.920000076293945,22.969999313354492,15429,0.0,0.0
2024-05-31 14:30:00-04:00,22.969900131225586,23.0,22.889999389648438,22.93000030517578,16793,0.0,0.0
2024-05-31 15:30:00-04:00,22.90999984741211,22.979999542236328,22.639999389648438,22.670000076293945,144396,0.0,0.0
2024-06-03 09:30:00-04:00,23.110000610351562,23.110000610351562,22.649999618530273,22.754899978637695,21755,0.0,0.0
2024-06-03 10:30:00-04:00,22.68000030517578,22.770000457763672,22.6299991607666,22.709999084472656,14728,0.0,0.0
2024-06-03 11:30:00-04:00,22.690000534057617,22.780000686645508,22.645000457763672,22.670000076293945,16973,0.0,0.0
2024-06-03 12:30:00-04:00,22.65999984741211,22.770000457763672,22.550100326538086,22.760000228881836,22422,0.0,0.0
2024-06-03 13:30:00-04:00,22.739999771118164,22.93000030517578,22.729999542236328,22.90999984741211,19162,0.0,0.0
2024-06-03 14:30:00-04:00,22.90999984741211,22.958900451660156,22.799999237060547,22.834999084472656,24556,0.0,0.0
2024-06-03 15:30:00-04:00,22.829999923706055,23.190000534057617,22.829999923706055,23.1299991607666,113287,0.0,0.0
2024-06-04 09:30:00-04:00,22.850000381469727,23.030000686645508,22.760000228881836,22.889999389648438,12961,0.0,0.0
2024-06-04 10:30:00-04:00,22.884000778198242,22.889999389648438,22.760000228881836,22.760000228881836,7319,0.0,0.0
2024-06-04 11:30:00-04:00,22.639999389648438,22.655000686645508,22.540000915527344,22.6299991607666,8372,0.0,0.0
2024-06-04 12:30:00-04:00,22.6200008392334,22.65999984741211,22.59000015258789,22.6028995513916,11191,0.0,0.0
2024-06-04 13:30:00-04:00,22.614999771118164,22.729999542236328,22.579999923706055,22.690000534057617,14632,0.0,0.0
2024-06-04 14:30:00-04:00,22.69499969482422,22.770000457763672,22.610000610351562,22.639999389648438,16169,0.0,0.0
2024-06-04 15:30:00-04:00,22.649999618530273,22.829999923706055,22.649999618530273,22.80500030517578,59026,0.0,0.0
2024-06-05 09:30:00-04:00,22.90999984741211,22.989999771118164,22.65999984741211,22.760000228881836,9415,0.0,0.0
2024-06-05 10:30:00-04:00,22.760000228881836,22.860000610351562,22.735000610351562,22.860000610351562,4793,0.0,0.0
2024-06-05 11:30:00-04:00,22.860000610351562,22.860000610351562,22.809999465942383,22.809999465942383,5304,0.0,0.0
2024-06-05 12:30:00-04:00,22.790000915527344,22.850000381469727,22.790000915527344,22.799999237060547,5732,0.0,0.0
2024-06-05 13:30:00-04:00,22.799999237060547,22.81999969482422,22.709999084472656,22.778600692749023,13591,0.0,0.0
2024-06-05 14:30:00-04:00,22.770000457763672,22.790000915527344,22.6200008392334,22.639999389648438,17780,0.0,0.0
2024-06-05 15:30:00-04:00,22.610000610351562,22.65999984741211,22.510000228881836,22.520000457763672,41773,0.0,0.0
2024-06-06 09:30:00-04:00,22.309999465942383,22.549999237060547,22.299999237060547,22.459999084472656,21493,0.0,0.0
2024-06-06 10:30:00-04:00,22.5,22.65250015258789,22.440000534057617,22.56999969482422,16916,0.0,0.0
2024-06-06 11:30:00-04:00,22.564199447631836,22.564199447631836,22.475000381469727,22.5049991607666,5317,0.0,0.0
2024-06-06 12:30:00-04:00,22.459999084472656,22.459999084472656,22.3700008392334,22.440000534057617,6514,0.0,0.0
2024-06-06 13:30:00-04:00,22.450000762939453,22.510000228881836,22.399999618530273,22.489999771118164,9450,0.0,0.0
2024-06-06 14:30:00-04:00,22.5,22.50749969482422,22.399999618530273,22.450000762939453,17535,0.0,0.0
2024-06-06 15:30:00-04:00,22.43000030517578,22.459999084472656,22.260000228881836,22.280000686645508,67451,0.0,0.0
2024-06-07 09:30:00-04:00,22.100000381469727,22.194499969482422,21.969999313354492,22.150699615478516,10717,0.0,0.0
2024-06-07 10:30:00-04:00,22.225000381469727,22.225000381469727,21.920000076293945,21.9950008392334,12124,0.0,0.0
2024-06-07 11:30:00-04:00,22.020000457763672,22.1200008392334,21.989999771118164,21.989999771118164,19056,0.0,0.0
2024-06-07 12:30:00-04:00,21.989999771118164,21.989999771118164,21.93000030517578,21.975000381469727,6515,0.0,0.0
2024-06-07 13:30:00-04:00,21.969999313354492,21.969999313354492,21.8799991607666,21.940000534057617,8178,0.0,0.0
2024-06-07 14:30:00-04:00,21.950000762939453,21.950000762939453,21.729999542236328,21.8799991607666,36308,0.0,0.0
2024-06-07 15:30:00-04:00,21.89900016784668,21.979999542236328,21.799999237060547,21.799999237060547,37762,0.0,0.0
2024-06-10 09:30:00-04:00,21.510000228881836,21.670000076293945,21.270000457763672,21.6299991607666,23883,0.0,0.0
2024-06-10 10:30:00-04:00,21.650999069213867,21.729999542236328,21.614999771118164,21.719999313354492,9100,0.0,0.0
2024-06-10 11:30:00-04:00,21.719999313354492,21.719999313354492,21.600000381469727,21.6200008392334,7440,0.0,0.0
2024-06-10 12:30:00-04:00,21.610000610351562,21.614999771118164,21.56999969482422,21.610000610351562,8679,0.0,0.0
2024-06-10 13:30:00-04:00,21.594999313354492,21.739999771118164,21.594999313354492,21.704999923706055,14814,0.0,0.0
2024-06-10 14:30:00-04:00,21.707399368286133,21.790000915527344,21.6200008392334,21.6200008392334,15827,0.0,0.0
2024-06-10 15:30:00-04:00,21.579999923706055,21.700000762939453,21.559999465942383,21.690000534057617,35204,0.0,0.0
2024-06-11 09:30:00-04:00,21.459999084472656,21.709999084472656,21.360000610351562,21.690000534057617,28556,0.0,0.0
2024-06-11 10:30:00-04:00,21.649999618530273,21.989999771118164,21.6299991607666,21.969999313354492,34664,0.0,0.0
2024-06-11 11:30:00-04:00,21.979999542236328,22.114999771118164,21.920000076293945,22.114999771118164,44986,0.0,0.0
2024-06-11 12:30:00-04:00,22.114999771118164,22.360000610351562,22.110000610351562,22.334999084472656,38297,0.0,0.0
2024-06-11 13:30:00-04:00,22.31999969482422,22.360000610351562,22.020000457763672,22.059999465942383,26740,0.0,0.0
2024-06-11 14:30:00-04:00,22.040000915527344,22.09000015258789,21.959999084472656,22.09000015258789,19415,0.0,0.0
2024-06-11 15:30:00-04:00,22.079999923706055,22.209999084472656,22.079999923706055,22.200000762939453,69610,0.0,0.0
2024-06-12 09:30:00-04:00,23.0,23.0,22.790000915527344,22.815000534057617,59487,0.0,0.0
2024-06-12 10:30:00-04:00,22.815000534057617,22.90999984741211,22.6200008392334,22.6200008392334,17691,0.0,0.0
2024-06-12 11:30:00-04:00,22.6299991607666,22.674999237060547,22.540000915527344,22.579999923706055,13173,0.0,0.0
2024-06-12 12:30:00-04:00,22.5,22.540000915527344,22.420000076293945,22.46500015258789,17898,0.0,0.0
2024-06-12 13:30:00-04:00,22.440000534057617,22.6200008392334,22.420000076293945,22.489999771118164,39517,0.0,0.0
2024-06-12 14:30:00-04:00,22.559999465942383,22.635000228881836,22.325000762939453,22.34000015258789,38684,0.0,0.0
2024-06-12 15:30:00-04:00,22.309999465942383,22.540000915527344,22.309999465942383,22.5,37671,0.0,0.0
2024-06-13 09:30:00-04:00,22.270000457763672,22.270000457763672,21.809999465942383,21.90999984741211,55549,0.0,0.0
2024-06-13 10:30:00-04:00,21.915000915527344,21.979999542236328,21.799999237060547,21.959999084472656,38882,0.0,0.0
2024-06-13 11:30:00-04:00,21.949800491333008,22.0,21.764999389648438,21.790000915527344,23595,0.0,0.0
2024-06-13 12:30:00-04:00,21.799999237060547,21.90999984741211,21.709999084472656,21.864999771118164,24879,0.0,0.0
2024-06-13 13:30:00-04:00,21.864999771118164,21.969999313354492,21.829999923706055,21.93000030517578,29861,0.0,0.0
2024-06-13 14:30:00-04:00,21.915000915527344,22.0,21.829999923706055,21.950000762939453,43527,0.0,0.0
2024-06-13 15:30:00-04:00,21.950000762939453,21.950000762939453,21.84000015258789,21.860000610351562,57808,0.0,0.0
2024-06-14 09:30:00-04:00,21.579999923706055,21.635000228881836,21.420000076293945,21.424999237060547,20296,0.0,0.0
2024-06-14 10:30:00-04:00,21.40999984741211,21.469999313354492,21.280000686645508,21.415000915527344,17807,0.0,0.0
2024-06-14 11:30:00-04:00,21.399999618530273,21.43000030517578,21.31999969482422,21.31999969482422,15391,0.0,0.0
2024-06-14 12:30:00-04:00,21.299999237060547,21.530000686645508,21.299999237060547,21.479900360107422,21505,0.0,0.0
2024-06-14 13:30:00-04:00,21.459999084472656,21.459999084472656,21.399999618530273,21.420000076293945,10280,0.0,0.0
2024-06-14 14:30:00-04:00,21.43000030517578,21.540000915527344,21.43000030517578,21.540000915527344,15567,0.0,0.0
2024-06-14 15:30:00-04:00,21.524999618530273,21.559999465942383,21.469999313354492,21.520000457763672,37503,0.0,0.0
2024-06-17 09:30:00-04:00,21.43000030517578,21.475000381469727,21.25,21.350000381469727,21872,0.0,0.0
2024-06-17 10:30:00-04:00,21.309999465942383,21.36989974975586,21.25,21.360000610351562,11595,0.0,0.0
2024-06-17 11:30:00-04:00,21.389999389648438,21.540000915527344,21.38010025024414,21.514999389648438,17663,0.0,0.0
2024-06-17 12:30:00-04:00,21.514999389648438,21.549999237060547,21.450000762939453,21.510000228881836,15498,0.0,0.0
2024-06-17 13:30:00-04:00,21.520000457763672,21.75,21.520000457763672,21.674999237060547,32594,0.0,0.0
2024-06-17 14:30:00-04:00,21.674999237060547,21.729999542236328,21.670000076293945,21.700000762939453,31780,0.0,0.0
2024-06-17 15:30:00-04:00,21.709999084472656,21.81999969482422,21.704999923706055,21.780000686645508,23814,0.0,0.0
2024-06-18 09:30:00-04:00,21.799999237060547,22.0,21.729999542236328,21.790000915527344,14914,0.0,0.0
2024-06-18 10:30:00-04:00,21.729999542236328,21.79990005493164,21.729999542236328,21.729999542236328,6163,0.0,0.0
2024-06-18 11:30:00-04:00,21.709999084472656,21.920000076293945,21.709999084472656,21.895000457763672,7740,0.0,0.0
2024-06-18 12:30:00-04:00,21.895000457763672,21.90999984741211,21.75,21.75,13449,0.0,0.0
2024-06-18 13:30:00-04:00,21.790000915527344,21.81999969482422,21.780000686645508,21.809999465942383,9370,0.0,0.0
2024-06-18 14:30:00-04:00,21.795000076293945,21.81999969482422,21.709999084472656,21.709999084472656,11196,0.0,0.0
2024-06-18 15:30:00-04:00,21.709999084472656,21.760000228881836,21.649999618530273,21.649999618530273,46842,0.0,0.0
2024-06-20 09:30:00-04:00,21.770000457763672,21.850000381469727,21.68000030517578,21.7450008392334,27675,0.0,0.0
2024-06-20 10:30:00-04:00,21.719999313354492,21.719999313354492,21.600000381469727,21.639999389648438,4881,0.0,0.0
2024-06-20 11:30:00-04:00,21.6299991607666,21.639999389648438,21.56999969482422,21.600000381469727,9452,0.0,0.0
2024-06-20 12:30:00-04:00,21.579999923706055,21.600000381469727,21.559999465942383,21.584999084472656,4591,0.0,0.0
2024-06-20 13:30:00-04:00,21.559999465942383,21.635000228881836,21.530000686645508,21.6200008392334,10274,0.0,0.0
2024-06-20 14:30:00-04:00,21.625,21.625,21.510000228881836,21.540000915527344,20212,0.0,0.0
2024-06-20 15:30:00-04:00,21.549999237060547,21.59000015258789,21.459999084472656,21.56100082397461,52500,0.0,0.0
2024-06-21 09:30:00-04:00,21.6200008392334,21.739999771118164,21.459999084472656,21.719999313354492,73426,0.0,0.0
2024-06-21 10:30:00-04:00,21.722000122070312,21.790000915527344,21.670000076293945,21.670000076293945,9210,0.0,0.0
2024-06-21 11:30:00-04:00,21.68000030517578,21.709999084472656,21.584999084472656,21.600000381469727,8892,0.0,0.0
2024-06-21 12:30:00-04:00,21.600000381469727,21.799999237060547,21.59000015258789,21.780000686645508,30440,0.0,0.0
2024-06-21 13:30:00-04:00,21.763599395751953,21.8700008392334,21.75,21.8700008392334,7893,0.0,0.0
2024-06-21 14:30:00-04:00,21.81999969482422,21.825000762939453,21.700000762939453,21.825000762939453,14870,0.0,0.0
2024-06-21 15:30:00-04:00,21.81999969482422,21.834999084472656,21.540000915527344,21.690000534057617,95664,0.0,0.0
2024-06-24 09:30:00-04:00,21.84000015258789,22.079999923706055,21.76650047302246,21.829999923706055,14766,0.0,0.0
2024-06-24 10:30:00-04:00,21.860000610351562,22.030000686645508,21.860000610351562,21.982799530029297,12762,0.0,0.0
2024-06-24 11:30:00-04:00,22.0,22.0,21.8700008392334,21.899999618530273,13594,0.0,0.0
2024-06-24 12:30:00-04:00,21.899999618530273,21.905000686645508,21.81999969482422,21.81999969482422,10317,0.0,0.0
2024-06-24 13:30:00-04:00,21.81999969482422,21.860000610351562,21.75,21.850000381469727,20673,0.0,0.0
2024-06-24 14:30:00-04:00,21.850000381469727,21.979999542236328,21.829999923706055,21.8700008392334,23300,0.0,0.0
2024-06-24 15:30:00-04:00,21.8700008392334,21.889999389648438,21.780000686645508,21.780000686645508,59508,0.0,0.0
2024-06-25 09:30:00-04:00,21.670000076293945,21.812999725341797,21.6299991607666,21.7283992767334,9229,0.0,0.0
2024-06-25 10:30:00-04:00,21.72599983215332,21.72599983215332,21.579999923706055,21.58009910583496,9337,0.0,0.0
2024-06-25 11:30:00-04:00,21.53499984741211,21.56999969482422,21.440000534057617,21.56999969482422,14224,0.0,0.0
2024-06-25 12:30:00-04:00,21.5,21.559999465942383,21.490100860595703,21.549999237060547,10127,0.0,0.0
2024-06-25 13:30:00-04:00,21.551599502563477,21.649999618530273,21.540000915527344,21.649999618530273,11425,0.0,0.0
2024-06-25 14:30:00-04:00,21.639999389648438,21.770000457763672,21.6299991607666,21.770000457763672,12750,0.0,0.0
2024-06-25 15:30:00-04:00,21.719999313354492,21.799999237060547,21.690000534057617,21.690000534057617,34519,0.0,0.0
2024-06-26 09:30:00-04:00,21.510000228881836,21.670000076293945,21.478500366210938,21.670000076293945,9322,0.0,0.0
2024-06-26 10:30:00-04:00,21.639999389648438,21.690000534057617,21.584999084472656,21.670000076293945,7895,0.0,0.0
2024-06-26 11:30:00-04:00,21.649999618530273,21.809999465942383,21.649999618530273,21.790000915527344,16305,0.0,0.0
2024-06-26 12:30:00-04:00,21.75,21.780000686645508,21.71500015258789,21.71500015258789,11460,0.0,0.0
2024-06-26 13:30:00-04:00,21.709999084472656,21.790000915527344,21.709999084472656,21.770000457763672,8791,0.0,0.0
2024-06-26 14:30:00-04:00,21.780000686645508,21.8700008392334,21.764999389648438,21.84000015258789,20411,0.0,0.0
2024-06-26 15:30:00-04:00,21.84000015258789,21.940000534057617,21.809999465942383,21.850000381469727,40369,0.0,0.0
2024-06-27 09:30:00-04:00,21.989999771118164,22.030000686645508,21.854999542236328,21.90999984741211,13470,0.0,0.0
2024-06-27 10:30:00-04:00,21.90999984741211,21.940000534057617,21.804000854492188,21.804000854492188,17135,0.0,0.0
2024-06-27 11:30:00-04:00,21.770000457763672,21.799999237060547,21.670000076293945,21.719999313354492,9806,0.0,0.0
2024-06-27 12:30:00-04:00,21.68000030517578,21.716100692749023,21.655000686645508,21.700000762939453,10500,0.0,0.0
2024-06-27 13:30:00-04:00,21.700000762939453,21.719999313354492,21.6299991607666,21.68000030517578,12869,0.0,0.0
2024-06-27 14:30:00-04:00,21.684999465942383,21.790000915527344,21.674999237060547,21.739999771118164,22823,0.0,0.0
2024-06-27 15:30:00-04:00,21.79990005493164,21.90999984741211,21.739999771118164,21.860000610351562,42568,0.0,0.0
2024-06-28 09:30:00-04:00,22.1200008392334,22.360000610351562,21.860000610351562,22.315000534057617,19277,0.0,0.0
2024-06-28 10:30:00-04:00,22.329999923706055,22.364999771118164,22.229999542236328,22.260000228881836,11055,0.0,0.0
2024-06-28 11:30:00-04:00,22.239999771118164,22.299999237060547,22.110000610351562,22.170000076293945,12338,0.0,0.0
2024-06-28 12:30:00-04:00,22.200000762939453,22.299999237060547,22.139999389648438,22.25,19768,0.0,0.0
2024-06-28 13:30:00-04:00,22.219999313354492,22.260000228881836,22.170000076293945,22.25,19180,0.0,0.0
2024-06-28 14:30:00-04:00,22.2450008392334,22.260000228881836,22.170000076293945,22.260000228881836,22259,0.0,0.0
2024-06-28 15:30:00-04:00,22.25,22.479999542236328,22.229999542236328,22.479999542236328,72147,0.0,0.0
