Datetime,Open,High,Low,Close,Volume,Dividends,Stock Splits,Capital Gains
2022-06-30 09:30:00-04:00,9.0,9.023799896240234,8.739999771118164,8.739999771118164,0,0.0,0.0,0.0
2022-06-30 10:30:00-04:00,8.859999656677246,8.899999618530273,8.850000381469727,8.871999740600586,2825,0.0,0.0,0.0
2022-06-30 11:30:00-04:00,9.083800315856934,9.083800315856934,9.083800315856934,9.083800315856934,2011,0.0,0.0,0.0
2022-06-30 13:30:00-04:00,9.079999923706055,9.09000015258789,9.079999923706055,9.09000015258789,4234,0.0,0.0,0.0
2022-06-30 14:30:00-04:00,9.008000373840332,9.008000373840332,8.850099563598633,8.850099563598633,1416,0.0,0.0,0.0
2022-06-30 15:30:00-04:00,8.899999618530273,8.899999618530273,8.865400314331055,8.865400314331055,136,0.0,0.0,0.0
2022-07-01 09:30:00-04:00,9.050000190734863,9.050100326538086,9.00100040435791,9.00100040435791,0,0.0,0.0,0.0
2022-07-01 11:30:00-04:00,8.97599983215332,8.97599983215332,8.955699920654297,8.955699920654297,708,0.0,0.0,0.0
2022-07-01 12:30:00-04:00,8.904999732971191,8.904999732971191,8.904999732971191,8.904999732971191,252,0.0,0.0,0.0
2022-07-01 15:30:00-04:00,8.970000267028809,9.025699615478516,8.960000038146973,9.025699615478516,4021,0.0,0.0,0.0
2022-07-05 09:30:00-04:00,8.800000190734863,9.658499717712402,8.800000190734863,9.658499717712402,654,0.0,0.0,0.0
2022-07-06 09:30:00-04:00,9.520000457763672,9.600000381469727,9.520000457763672,9.600000381469727,6552,0.0,0.0,0.0
2022-07-06 15:30:00-04:00,9.369999885559082,9.369999885559082,9.270000457763672,9.270000457763672,0,0.0,0.0,0.0
2022-07-07 10:30:00-04:00,10.0,10.0,10.0,10.0,255,0.0,0.0,0.0
2022-07-07 11:30:00-04:00,9.885000228881836,9.885000228881836,9.881999969482422,9.881999969482422,202,0.0,0.0,0.0
2022-07-07 12:30:00-04:00,9.914999961853027,9.989899635314941,9.914999961853027,9.9399995803833,618,0.0,0.0,0.0
2022-07-07 14:30:00-04:00,10.151599884033203,10.194999694824219,10.151599884033203,10.194999694824219,300,0.0,0.0,0.0
2022-07-07 15:30:00-04:00,10.170000076293945,10.257800102233887,10.170000076293945,10.257800102233887,0,0.0,0.0,0.0
2022-07-08 09:30:00-04:00,9.993200302124023,10.074000358581543,9.993200302124023,10.074000358581543,1125,0.0,0.0,0.0
2022-07-08 10:30:00-04:00,10.409899711608887,10.409899711608887,10.409899711608887,10.409899711608887,303,0.0,0.0,0.0
2022-07-08 11:30:00-04:00,10.720000267028809,10.720000267028809,10.51990032196045,10.51990032196045,692,0.0,0.0,0.0
2022-07-08 12:30:00-04:00,10.324999809265137,10.324999809265137,10.324999809265137,10.324999809265137,140,0.0,0.0,0.0
2022-07-08 13:30:00-04:00,10.568900108337402,10.568900108337402,10.541000366210938,10.550000190734863,1125,0.0,0.0,0.0
2022-07-08 14:30:00-04:00,10.46500015258789,10.46500015258789,10.46500015258789,10.46500015258789,151,0.0,0.0,0.0
2022-07-08 15:30:00-04:00,10.520000457763672,10.569999694824219,10.479999542236328,10.479999542236328,598,0.0,0.0,0.0
2022-07-11 09:30:00-04:00,10.220000267028809,10.220000267028809,9.960000038146973,9.960000038146973,437,0.0,0.0,0.0
2022-07-11 11:30:00-04:00,9.899999618530273,9.899999618530273,9.8100004196167,9.8100004196167,0,0.0,0.0,0.0
2022-07-12 09:30:00-04:00,9.603300094604492,9.603300094604492,9.603300094604492,9.603300094604492,142,0.0,0.0,0.0
2022-07-12 13:30:00-04:00,9.580100059509277,9.580100059509277,9.489999771118164,9.489999771118164,0,0.0,0.0,0.0
2022-07-13 09:30:00-04:00,9.300000190734863,9.538000106811523,9.300000190734863,9.538000106811523,1356,0.0,0.0,0.0
2022-07-13 10:30:00-04:00,9.510000228881836,9.633700370788574,9.510000228881836,9.633700370788574,1407,0.0,0.0,0.0
2022-07-13 12:30:00-04:00,9.614999771118164,9.663299560546875,9.614999771118164,9.663299560546875,200,0.0,0.0,0.0
2022-07-13 14:30:00-04:00,9.645000457763672,9.676199913024902,9.630000114440918,9.676199913024902,424,0.0,0.0,0.0
2022-07-14 10:30:00-04:00,9.360099792480469,9.360099792480469,9.360099792480469,9.360099792480469,0,0.0,0.0,0.0
2022-07-14 14:30:00-04:00,9.737199783325195,9.737199783325195,9.670000076293945,9.6899995803833,4231,0.0,0.0,0.0
2022-07-14 15:30:00-04:00,9.680000305175781,9.680000305175781,9.680000305175781,9.680000305175781,0,0.0,0.0,0.0
2022-07-15 09:30:00-04:00,9.869999885559082,9.869999885559082,9.869999885559082,9.869999885559082,175,0.0,0.0,0.0
2022-07-15 11:30:00-04:00,9.710000038146973,9.710000038146973,9.710000038146973,9.710000038146973,2501,0.0,0.0,0.0
2022-07-15 12:30:00-04:00,9.710000038146973,9.710000038146973,9.710000038146973,9.710000038146973,500,0.0,0.0,0.0
2022-07-15 13:30:00-04:00,9.710000038146973,9.913399696350098,9.710000038146973,9.913399696350098,2296,0.0,0.0,0.0
2022-07-18 09:30:00-04:00,10.380000114440918,10.550000190734863,10.380000114440918,10.550000190734863,0,0.0,0.0,0.0
2022-07-18 10:30:00-04:00,10.579999923706055,10.670000076293945,10.579999923706055,10.670000076293945,4590,0.0,0.0,0.0
2022-07-18 11:30:00-04:00,10.78600025177002,11.008199691772461,10.78600025177002,11.008199691772461,1067,0.0,0.0,0.0
2022-07-18 13:30:00-04:00,10.54800033569336,10.54800033569336,10.54800033569336,10.54800033569336,143,0.0,0.0,0.0
2022-07-18 14:30:00-04:00,10.399999618530273,10.399999618530273,10.230299949645996,10.399999618530273,435,0.0,0.0,0.0
2022-07-19 09:30:00-04:00,10.720000267028809,10.720000267028809,10.65999984741211,10.65999984741211,0,0.0,0.0,0.0
2022-07-19 10:30:00-04:00,10.960000038146973,10.960000038146973,10.949999809265137,10.949999809265137,711,0.0,0.0,0.0
2022-07-19 11:30:00-04:00,10.992300033569336,11.079999923706055,10.992300033569336,11.079999923706055,1528,0.0,0.0,0.0
2022-07-19 12:30:00-04:00,11.100000381469727,11.371399879455566,11.010000228881836,11.371399879455566,1502,0.0,0.0,0.0
2022-07-20 09:30:00-04:00,11.670000076293945,11.960000038146973,11.670000076293945,11.960000038146973,9216,0.0,0.0,0.0
2022-07-20 10:30:00-04:00,12.149999618530273,12.220000267028809,12.149999618530273,12.220000267028809,10757,0.0,0.0,0.0
2022-07-20 11:30:00-04:00,12.274999618530273,12.279000282287598,12.25,12.25,500,0.0,0.0,0.0
2022-07-20 12:30:00-04:00,12.069999694824219,12.069999694824219,11.759900093078613,12.0600004196167,1029,0.0,0.0,0.0
2022-07-21 09:30:00-04:00,11.819999694824219,11.819999694824219,11.819999694824219,11.819999694824219,419,0.0,0.0,0.0
2022-07-21 11:30:00-04:00,11.914999961853027,11.914999961853027,11.914999961853027,11.914999961853027,200,0.0,0.0,0.0
2022-07-21 12:30:00-04:00,12.029999732971191,12.039999961853027,12.027999877929688,12.039999961853027,1033,0.0,0.0,0.0
2022-07-21 13:30:00-04:00,11.899999618530273,12.140000343322754,11.899999618530273,12.140000343322754,666,0.0,0.0,0.0
2022-07-22 09:30:00-04:00,12.420000076293945,12.420000076293945,11.302000045776367,11.302000045776367,0,0.0,0.0,0.0
2022-07-25 12:30:00-04:00,10.779999732971191,10.8100004196167,10.774999618530273,10.774999618530273,1326,0.0,0.0,0.0
2022-07-25 13:30:00-04:00,10.78499984741211,10.78499984741211,10.770000457763672,10.770000457763672,654,0.0,0.0,0.0
2022-07-25 14:30:00-04:00,10.829999923706055,10.829999923706055,10.829999923706055,10.829999923706055,506,0.0,0.0,0.0
2022-07-25 15:30:00-04:00,10.670000076293945,10.670000076293945,10.670000076293945,10.670000076293945,0,0.0,0.0,0.0
2022-07-26 09:30:00-04:00,10.000100135803223,10.020000457763672,9.970000267028809,10.018400192260742,3485,0.0,0.0,0.0
2022-07-26 10:30:00-04:00,9.989999771118164,9.989999771118164,9.989999771118164,9.989999771118164,691,0.0,0.0,0.0
2022-07-26 14:30:00-04:00,10.074999809265137,10.074999809265137,10.038000106811523,10.038000106811523,1171,0.0,0.0,0.0
2022-07-27 10:30:00-04:00,10.470000267028809,10.50730037689209,10.420000076293945,10.420000076293945,106,0.0,0.0,0.0
2022-07-27 11:30:00-04:00,10.319999694824219,10.319999694824219,10.319999694824219,10.319999694824219,697,0.0,0.0,0.0
2022-07-27 14:30:00-04:00,10.59000015258789,10.970100402832031,10.59000015258789,10.859999656677246,1647,0.0,0.0,0.0
2022-07-28 09:30:00-04:00,11.055000305175781,11.13010025024414,10.736300468444824,10.736300468444824,0,0.0,0.0,0.0
2022-07-28 10:30:00-04:00,11.024999618530273,11.0600004196167,11.024999618530273,11.0600004196167,886,0.0,0.0,0.0
2022-07-28 11:30:00-04:00,11.288999557495117,11.369999885559082,11.288999557495117,11.339400291442871,1233,0.0,0.0,0.0
2022-07-28 12:30:00-04:00,11.359999656677246,11.387999534606934,11.359999656677246,11.387999534606934,845,0.0,0.0,0.0
2022-07-29 09:30:00-04:00,11.380000114440918,11.380000114440918,11.340100288391113,11.340100288391113,0,0.0,0.0,0.0
2022-07-29 10:30:00-04:00,11.530099868774414,11.530799865722656,11.449999809265137,11.449999809265137,6808,0.0,0.0,0.0
2022-07-29 13:30:00-04:00,11.319999694824219,11.319999694824219,11.319999694824219,11.319999694824219,10502,0.0,0.0,0.0
2022-07-29 14:30:00-04:00,11.329999923706055,11.329999923706055,11.329999923706055,11.329999923706055,100,0.0,0.0,0.0
2022-07-29 15:30:00-04:00,11.369999885559082,11.369999885559082,11.329999923706055,11.329999923706055,4293,0.0,0.0,0.0
2022-08-01 10:30:00-04:00,11.539999961853027,11.539999961853027,11.539999961853027,11.539999961853027,0,0.0,0.0,0.0
2022-08-01 11:30:00-04:00,11.529899597167969,11.529899597167969,11.529899597167969,11.529899597167969,326,0.0,0.0,0.0
2022-08-01 13:30:00-04:00,11.3100004196167,11.3100004196167,11.308699607849121,11.3100004196167,392,0.0,0.0,0.0
2022-08-01 15:30:00-04:00,11.399999618530273,11.411100387573242,11.380900382995605,11.380900382995605,800,0.0,0.0,0.0
2022-08-02 09:30:00-04:00,11.270000457763672,11.270000457763672,11.270000457763672,11.270000457763672,0,0.0,0.0,0.0
2022-08-02 10:30:00-04:00,11.5,11.569999694824219,11.5,11.539999961853027,1120,0.0,0.0,0.0
2022-08-02 11:30:00-04:00,11.739999771118164,11.739999771118164,11.739999771118164,11.739999771118164,120,0.0,0.0,0.0
2022-08-02 12:30:00-04:00,12.02400016784668,12.02400016784668,12.02400016784668,12.02400016784668,513,0.0,0.0,0.0
2022-08-02 13:30:00-04:00,11.789999961853027,11.789999961853027,11.789999961853027,11.789999961853027,931,0.0,0.0,0.0
2022-08-02 14:30:00-04:00,11.791999816894531,11.850000381469727,11.791999816894531,11.850000381469727,0,0.0,0.0,0.0
2022-08-03 09:30:00-04:00,12.220000267028809,12.377400398254395,12.220000267028809,12.349499702453613,612,0.0,0.0,0.0
2022-08-03 10:30:00-04:00,12.22189998626709,12.22189998626709,12.22189998626709,12.22189998626709,1042,0.0,0.0,0.0
2022-08-03 12:30:00-04:00,12.260000228881836,12.359999656677246,12.260000228881836,12.359999656677246,1442,0.0,0.0,0.0
2022-08-03 15:30:00-04:00,12.34000015258789,12.350000381469727,12.34000015258789,12.34000015258789,174,0.0,0.0,0.0
2022-08-04 09:30:00-04:00,12.350099563598633,12.529999732971191,12.350099563598633,12.529999732971191,7384,0.0,0.0,0.0
2022-08-04 10:30:00-04:00,12.399999618530273,12.399999618530273,12.399999618530273,12.399999618530273,677,0.0,0.0,0.0
2022-08-04 11:30:00-04:00,12.300000190734863,12.300000190734863,12.300000190734863,12.300000190734863,109,0.0,0.0,0.0
2022-08-04 12:30:00-04:00,12.21500015258789,12.227999687194824,12.125,12.140000343322754,0,0.0,0.0,0.0
2022-08-05 10:30:00-04:00,12.25,12.274999618530273,12.15999984741211,12.15999984741211,3424,0.0,0.0,0.0
2022-08-05 11:30:00-04:00,12.09000015258789,12.189900398254395,12.09000015258789,12.189900398254395,628,0.0,0.0,0.0
2022-08-05 12:30:00-04:00,12.196900367736816,12.196900367736816,12.196900367736816,12.196900367736816,1006,0.0,0.0,0.0
2022-08-05 13:30:00-04:00,12.220000267028809,12.220000267028809,12.220000267028809,12.220000267028809,110,0.0,0.0,0.0
2022-08-05 15:30:00-04:00,12.350000381469727,12.399999618530273,12.350000381469727,12.350000381469727,100,0.0,0.0,0.0
2022-08-08 09:30:00-04:00,13.199999809265137,13.199999809265137,13.109999656677246,13.109999656677246,0,0.0,0.0,0.0
2022-08-08 12:30:00-04:00,12.850000381469727,13.0,12.850000381469727,13.0,231,0.0,0.0,0.0
2022-08-09 09:30:00-04:00,12.649999618530273,12.649999618530273,12.274999618530273,12.274999618530273,1801,0.0,0.0,0.0
2022-08-09 12:30:00-04:00,12.375,12.375,12.369999885559082,12.369999885559082,407,0.0,0.0,0.0
2022-08-09 15:30:00-04:00,12.520000457763672,12.520000457763672,12.479999542236328,12.520000457763672,214,0.0,0.0,0.0
2022-08-10 09:30:00-04:00,13.069999694824219,13.140000343322754,13.050000190734863,13.09000015258789,1833,0.0,0.0,0.0
2022-08-10 10:30:00-04:00,13.360099792480469,13.360099792480469,13.360099792480469,13.360099792480469,388,0.0,0.0,0.0
2022-08-10 13:30:00-04:00,13.827300071716309,13.827300071716309,13.827300071716309,13.827300071716309,293,0.0,0.0,0.0
2022-08-10 14:30:00-04:00,13.88949966430664,13.890000343322754,13.88949966430664,13.890000343322754,680,0.0,0.0,0.0
2022-08-11 09:30:00-04:00,14.890000343322754,15.3100004196167,14.890000343322754,15.110699653625488,1317,0.0,0.0,0.0
2022-08-11 10:30:00-04:00,14.879400253295898,14.879400253295898,14.510000228881836,14.510000228881836,1357,0.0,0.0,0.0
2022-08-11 14:30:00-04:00,14.170000076293945,14.170000076293945,14.170000076293945,14.170000076293945,104,0.0,0.0,0.0
2022-08-11 15:30:00-04:00,14.25,14.258000373840332,14.25,14.25,240,0.0,0.0,0.0
2022-08-12 09:30:00-04:00,14.34000015258789,14.34000015258789,14.199999809265137,14.199999809265137,0,0.0,0.0,0.0
2022-08-12 11:30:00-04:00,14.489999771118164,14.569999694824219,14.489999771118164,14.569999694824219,532,0.0,0.0,0.0
2022-08-12 14:30:00-04:00,15.0,15.069999694824219,14.989999771118164,15.069999694824219,1246,0.0,0.0,0.0
2022-08-12 15:30:00-04:00,15.08899974822998,15.130000114440918,15.08899974822998,15.130000114440918,1627,0.0,0.0,0.0
2022-08-15 09:30:00-04:00,14.899999618530273,15.1899995803833,14.894499778747559,15.048999786376953,3024,0.0,0.0,0.0
2022-08-15 10:30:00-04:00,15.149999618530273,15.229999542236328,15.149999618530273,15.229999542236328,372,0.0,0.0,0.0
2022-08-15 11:30:00-04:00,15.649999618530273,15.779999732971191,15.649999618530273,15.779999732971191,496,0.0,0.0,0.0
2022-08-15 12:30:00-04:00,15.729999542236328,15.868000030517578,15.729999542236328,15.868000030517578,258,0.0,0.0,0.0
2022-08-15 13:30:00-04:00,15.848999977111816,15.848999977111816,15.800000190734863,15.800000190734863,223,0.0,0.0,0.0
2022-08-15 14:30:00-04:00,15.64900016784668,15.64900016784668,15.64900016784668,15.64900016784668,442,0.0,0.0,0.0
2022-08-15 15:30:00-04:00,15.680000305175781,15.680000305175781,15.5,15.539999961853027,0,0.0,0.0,0.0
2022-08-16 09:30:00-04:00,15.080100059509277,15.080100059509277,15.0,15.0,874,0.0,0.0,0.0
2022-08-16 11:30:00-04:00,14.84000015258789,14.84000015258789,14.798999786376953,14.798999786376953,260,0.0,0.0,0.0
2022-08-16 13:30:00-04:00,14.930000305175781,14.930000305175781,14.930000305175781,14.930000305175781,355,0.0,0.0,0.0
2022-08-16 14:30:00-04:00,14.639900207519531,14.648599624633789,14.639900207519531,14.648599624633789,372,0.0,0.0,0.0
2022-08-16 15:30:00-04:00,14.65999984741211,14.65999984741211,14.630000114440918,14.65999984741211,202,0.0,0.0,0.0
2022-08-17 09:30:00-04:00,14.329999923706055,14.329999923706055,13.670000076293945,13.869999885559082,0,0.0,0.0,0.0
2022-08-17 10:30:00-04:00,13.449999809265137,13.470000267028809,13.449999809265137,13.470000267028809,1707,0.0,0.0,0.0
2022-08-17 11:30:00-04:00,13.520000457763672,13.539999961853027,13.38010025024414,13.38010025024414,523,0.0,0.0,0.0
2022-08-17 14:30:00-04:00,13.630000114440918,13.640000343322754,13.630000114440918,13.640000343322754,258,0.0,0.0,0.0
2022-08-17 15:30:00-04:00,13.4399995803833,13.449999809265137,13.420000076293945,13.449999809265137,551,0.0,0.0,0.0
2022-08-18 09:30:00-04:00,13.3100004196167,13.369999885559082,13.3100004196167,13.369999885559082,602,0.0,0.0,0.0
2022-08-18 11:30:00-04:00,13.4399995803833,13.4399995803833,13.369999885559082,13.369999885559082,229,0.0,0.0,0.0
2022-08-18 12:30:00-04:00,13.193499565124512,13.193499565124512,13.145000457763672,13.180000305175781,1092,0.0,0.0,0.0
2022-08-18 13:30:00-04:00,13.229999542236328,13.260000228881836,13.229999542236328,13.260000228881836,354,0.0,0.0,0.0
2022-08-18 15:30:00-04:00,13.149999618530273,13.149999618530273,13.130000114440918,13.130000114440918,0,0.0,0.0,0.0
2022-08-19 09:30:00-04:00,12.520000457763672,12.520000457763672,11.949899673461914,11.949899673461914,1122,0.0,0.0,0.0
2022-08-19 10:30:00-04:00,11.963000297546387,11.963000297546387,11.949999809265137,11.949999809265137,1101,0.0,0.0,0.0
2022-08-19 12:30:00-04:00,11.869999885559082,11.880000114440918,11.867500305175781,11.880000114440918,1690,0.0,0.0,0.0
2022-08-19 13:30:00-04:00,11.859999656677246,11.859999656677246,11.84000015258789,11.84000015258789,754,0.0,0.0,0.0
2022-08-19 15:30:00-04:00,11.70009994506836,11.729999542236328,11.70009994506836,11.720000267028809,930,0.0,0.0,0.0
2022-08-22 09:30:00-04:00,11.270000457763672,11.270000457763672,11.15999984741211,11.15999984741211,0,0.0,0.0,0.0
2022-08-22 11:30:00-04:00,11.345000267028809,11.414999961853027,11.345000267028809,11.404999732971191,664,0.0,0.0,0.0
2022-08-22 13:30:00-04:00,11.234999656677246,11.234999656677246,11.192500114440918,11.192500114440918,0,0.0,0.0,0.0
2022-08-23 09:30:00-04:00,11.454999923706055,11.539999961853027,11.454999923706055,11.530099868774414,1195,0.0,0.0,0.0
2022-08-23 13:30:00-04:00,11.420000076293945,11.48900032043457,11.420000076293945,11.48900032043457,409,0.0,0.0,0.0
2022-08-23 15:30:00-04:00,11.5,11.5,11.5,11.5,100,0.0,0.0,0.0
2022-08-24 09:30:00-04:00,11.539999961853027,11.539999961853027,11.539999961853027,11.539999961853027,0,0.0,0.0,0.0
2022-08-24 10:30:00-04:00,11.579999923706055,11.72029972076416,11.579999923706055,11.72029972076416,3667,0.0,0.0,0.0
2022-08-24 11:30:00-04:00,11.733699798583984,11.733699798583984,11.733699798583984,11.733699798583984,259,0.0,0.0,0.0
2022-08-24 13:30:00-04:00,11.557000160217285,11.557000160217285,11.539999961853027,11.553000450134277,600,0.0,0.0,0.0
2022-08-24 14:30:00-04:00,11.600000381469727,11.600000381469727,11.600000381469727,11.600000381469727,0,0.0,0.0,0.0
2022-08-25 09:30:00-04:00,11.630000114440918,11.630000114440918,11.630000114440918,11.630000114440918,1201,0.0,0.0,0.0
2022-08-25 10:30:00-04:00,11.77280044555664,11.77280044555664,11.5,11.5,2497,0.0,0.0,0.0
2022-08-25 14:30:00-04:00,11.489999771118164,11.489999771118164,11.489999771118164,11.489999771118164,451,0.0,0.0,0.0
2022-08-25 15:30:00-04:00,11.520000457763672,11.568300247192383,11.520000457763672,11.568300247192383,0,0.0,0.0,0.0
2022-08-26 09:30:00-04:00,11.329999923706055,11.329999923706055,11.329999923706055,11.329999923706055,253,0.0,0.0,0.0
2022-08-26 10:30:00-04:00,10.840100288391113,10.840100288391113,10.84000015258789,10.84000015258789,420,0.0,0.0,0.0
2022-08-26 11:30:00-04:00,10.920000076293945,10.920000076293945,10.845000267028809,10.845000267028809,554,0.0,0.0,0.0
2022-08-26 12:30:00-04:00,10.899999618530273,10.899999618530273,10.899999618530273,10.899999618530273,108,0.0,0.0,0.0
2022-08-26 13:30:00-04:00,10.885000228881836,10.885000228881836,10.754799842834473,10.754799842834473,882,0.0,0.0,0.0
2022-08-29 10:30:00-04:00,10.71500015258789,10.71500015258789,10.6899995803833,10.6899995803833,2845,0.0,0.0,0.0
2022-08-29 12:30:00-04:00,10.680000305175781,10.6899995803833,10.680000305175781,10.6899995803833,1728,0.0,0.0,0.0
2022-08-29 14:30:00-04:00,10.710000038146973,10.75,10.710000038146973,10.75,383,0.0,0.0,0.0
2022-08-29 15:30:00-04:00,10.770000457763672,10.770000457763672,10.760000228881836,10.760000228881836,0,0.0,0.0,0.0
2022-08-30 10:30:00-04:00,10.47189998626709,10.47189998626709,10.47189998626709,10.47189998626709,316,0.0,0.0,0.0
2022-08-30 11:30:00-04:00,10.510000228881836,10.607000350952148,10.510000228881836,10.607000350952148,0,0.0,0.0,0.0
2022-08-31 09:30:00-04:00,10.920000076293945,10.920000076293945,10.899999618530273,10.899999618530273,2950,0.0,0.0,0.0
2022-08-31 10:30:00-04:00,10.829999923706055,10.829999923706055,10.819999694824219,10.819999694824219,2460,0.0,0.0,0.0
2022-08-31 15:30:00-04:00,10.829999923706055,10.829999923706055,10.8100004196167,10.8100004196167,0,0.0,0.0,0.0
2022-09-01 09:30:00-04:00,10.460000038146973,10.470000267028809,10.460000038146973,10.470000267028809,1250,0.0,0.0,0.0
2022-09-01 10:30:00-04:00,10.199999809265137,10.199999809265137,10.09000015258789,10.09000015258789,7606,0.0,0.0,0.0
2022-09-01 11:30:00-04:00,10.140000343322754,10.25,10.140000343322754,10.25,0,0.0,0.0,0.0
2022-09-02 09:30:00-04:00,10.270000457763672,10.350000381469727,10.239999771118164,10.239999771118164,1804,0.0,0.0,0.0
2022-09-02 11:30:00-04:00,10.380000114440918,10.380000114440918,10.380000114440918,10.380000114440918,120,0.0,0.0,0.0
2022-09-02 14:30:00-04:00,10.260000228881836,10.260000228881836,10.260000228881836,10.260000228881836,100,0.0,0.0,0.0
2022-09-02 15:30:00-04:00,10.199999809265137,10.199999809265137,10.163999557495117,10.163999557495117,210,0.0,0.0,0.0
2022-09-06 09:30:00-04:00,9.840100288391113,9.840100288391113,9.760000228881836,9.760000228881836,1797,0.0,0.0,0.0
2022-09-06 11:30:00-04:00,10.0,10.0,9.933699607849121,9.933699607849121,3052,0.0,0.0,0.0
2022-09-06 12:30:00-04:00,10.020000457763672,10.020000457763672,9.879899978637695,9.879899978637695,785,0.0,0.0,0.0
2022-09-06 15:30:00-04:00,9.640000343322754,9.640000343322754,9.619999885559082,9.630000114440918,257,0.0,0.0,0.0
2022-09-07 09:30:00-04:00,9.489999771118164,9.680000305175781,9.460000038146973,9.460000038146973,0,0.0,0.0,0.0
2022-09-07 10:30:00-04:00,9.460100173950195,9.460100173950195,9.460100173950195,9.460100173950195,780,0.0,0.0,0.0
2022-09-07 13:30:00-04:00,9.619999885559082,9.639699935913086,9.619999885559082,9.639699935913086,778,0.0,0.0,0.0
2022-09-07 15:30:00-04:00,9.819999694824219,9.819999694824219,9.819999694824219,9.819999694824219,198,0.0,0.0,0.0
2022-09-08 09:30:00-04:00,9.789999961853027,9.789999961853027,9.789999961853027,9.789999961853027,524,0.0,0.0,0.0
2022-09-08 10:30:00-04:00,9.989999771118164,10.020000457763672,9.989999771118164,10.020000457763672,524,0.0,0.0,0.0
2022-09-08 11:30:00-04:00,10.0,10.0,10.0,10.0,375,0.0,0.0,0.0
2022-09-08 15:30:00-04:00,10.369999885559082,10.386300086975098,10.369999885559082,10.386300086975098,922,0.0,0.0,0.0
2022-09-09 09:30:00-04:00,10.829999923706055,11.140000343322754,10.829999923706055,11.0,376,0.0,0.0,0.0
2022-09-09 10:30:00-04:00,11.128999710083008,11.128999710083008,11.128999710083008,11.128999710083008,401,0.0,0.0,0.0
2022-09-09 12:30:00-04:00,11.25,11.260000228881836,11.25,11.25,1230,0.0,0.0,0.0
2022-09-12 09:30:00-04:00,11.710000038146973,11.8100004196167,11.490099906921387,11.490099906921387,2740,0.0,0.0,0.0
2022-09-12 10:30:00-04:00,11.244999885559082,11.319999694824219,11.24489974975586,11.319999694824219,1479,0.0,0.0,0.0
2022-09-12 12:30:00-04:00,11.279999732971191,11.390000343322754,11.279999732971191,11.390000343322754,1211,0.0,0.0,0.0
2022-09-12 13:30:00-04:00,11.399999618530273,11.399999618530273,11.399999618530273,11.399999618530273,120,0.0,0.0,0.0
2022-09-12 14:30:00-04:00,11.38010025024414,11.420000076293945,11.38010025024414,11.420000076293945,0,0.0,0.0,0.0
2022-09-13 09:30:00-04:00,10.662500381469727,10.6899995803833,10.579999923706055,10.579999923706055,1090,0.0,0.0,0.0
2022-09-13 10:30:00-04:00,10.517999649047852,10.539999961853027,10.517999649047852,10.539999961853027,1122,0.0,0.0,0.0
2022-09-13 14:30:00-04:00,10.529999732971191,10.529999732971191,10.420000076293945,10.420000076293945,0,0.0,0.0,0.0
2022-09-14 09:30:00-04:00,10.359000205993652,10.359000205993652,10.289999961853027,10.329999923706055,1960,0.0,0.0,0.0
2022-09-14 10:30:00-04:00,10.279999732971191,10.350000381469727,10.279999732971191,10.34000015258789,7203,0.0,0.0,0.0
2022-09-14 12:30:00-04:00,10.489999771118164,10.489999771118164,10.489999771118164,10.489999771118164,116,0.0,0.0,0.0
2022-09-14 14:30:00-04:00,10.4399995803833,10.4399995803833,10.417200088500977,10.417200088500977,0,0.0,0.0,0.0
2022-09-15 09:30:00-04:00,10.399999618530273,10.420000076293945,10.399999618530273,10.420000076293945,1075,0.0,0.0,0.0
2022-09-15 11:30:00-04:00,10.166999816894531,10.166999816894531,10.166999816894531,10.166999816894531,1036,0.0,0.0,0.0
2022-09-15 14:30:00-04:00,10.199999809265137,10.199999809265137,10.170000076293945,10.170000076293945,501,0.0,0.0,0.0
2022-09-16 09:30:00-04:00,9.837699890136719,9.837699890136719,9.760000228881836,9.760000228881836,0,0.0,0.0,0.0
2022-09-16 11:30:00-04:00,9.859999656677246,9.890000343322754,9.829999923706055,9.829999923706055,2559,0.0,0.0,0.0
2022-09-16 13:30:00-04:00,9.760000228881836,9.760000228881836,9.760000228881836,9.760000228881836,193,0.0,0.0,0.0
2022-09-16 15:30:00-04:00,9.880000114440918,9.949999809265137,9.880000114440918,9.949999809265137,103,0.0,0.0,0.0
2022-09-19 09:30:00-04:00,9.75,9.75,9.649999618530273,9.649999618530273,371,0.0,0.0,0.0
2022-09-19 11:30:00-04:00,9.5,9.5,9.420000076293945,9.420000076293945,345,0.0,0.0,0.0
2022-09-19 12:30:00-04:00,9.548999786376953,9.548999786376953,9.489999771118164,9.489999771118164,523,0.0,0.0,0.0
2022-09-19 15:30:00-04:00,9.555000305175781,9.59000015258789,9.555000305175781,9.59000015258789,0,0.0,0.0,0.0
2022-09-20 12:30:00-04:00,9.270000457763672,9.270000457763672,9.270000457763672,9.270000457763672,200,0.0,0.0,0.0
2022-09-20 13:30:00-04:00,9.180000305175781,9.180000305175781,9.180000305175781,9.180000305175781,100,0.0,0.0,0.0
2022-09-20 14:30:00-04:00,9.210000038146973,9.210000038146973,9.210000038146973,9.210000038146973,227,0.0,0.0,0.0
2022-09-20 15:30:00-04:00,9.1899995803833,9.1899995803833,9.1899995803833,9.1899995803833,202,0.0,0.0,0.0
2022-09-21 09:30:00-04:00,9.449999809265137,9.550000190734863,9.430000305175781,9.550000190734863,11900,0.0,0.0,0.0
2022-09-21 10:30:00-04:00,9.540300369262695,9.540300369262695,9.540300369262695,9.540300369262695,569,0.0,0.0,0.0
2022-09-21 11:30:00-04:00,9.479999542236328,9.479999542236328,9.479999542236328,9.479999542236328,101,0.0,0.0,0.0
2022-09-21 13:30:00-04:00,9.460000038146973,9.460000038146973,9.210000038146973,9.214099884033203,0,0.0,0.0,0.0
2022-09-22 09:30:00-04:00,9.1899995803833,9.199999809265137,8.930000305175781,8.930000305175781,4787,0.0,0.0,0.0
2022-09-22 10:30:00-04:00,8.930000305175781,8.949999809265137,8.84000015258789,8.84000015258789,20501,0.0,0.0,0.0
2022-09-22 11:30:00-04:00,8.84000015258789,8.880000114440918,8.800000190734863,8.800000190734863,5013,0.0,0.0,0.0
2022-09-22 14:30:00-04:00,8.920000076293945,8.920000076293945,8.920000076293945,8.920000076293945,105,0.0,0.0,0.0
2022-09-22 15:30:00-04:00,8.970000267028809,8.970000267028809,8.94379997253418,8.94379997253418,0,0.0,0.0,0.0
2022-09-23 09:30:00-04:00,8.699999809265137,8.760000228881836,8.520000457763672,8.520000457763672,2778,0.0,0.0,0.0
2022-09-23 10:30:00-04:00,8.619999885559082,8.619999885559082,8.5600004196167,8.5600004196167,1677,0.0,0.0,0.0
2022-09-23 11:30:00-04:00,8.569999694824219,8.569999694824219,8.569999694824219,8.569999694824219,123,0.0,0.0,0.0
2022-09-23 12:30:00-04:00,8.605999946594238,8.605999946594238,8.605999946594238,8.605999946594238,197,0.0,0.0,0.0
2022-09-23 13:30:00-04:00,8.470000267028809,8.470000267028809,8.470000267028809,8.470000267028809,554,0.0,0.0,0.0
2022-09-23 15:30:00-04:00,8.520000457763672,8.520000457763672,8.510000228881836,8.510000228881836,201,0.0,0.0,0.0
2022-09-26 09:30:00-04:00,8.470000267028809,8.779999732971191,8.470000267028809,8.720000267028809,0,0.0,0.0,0.0
2022-09-26 10:30:00-04:00,8.479999542236328,8.479999542236328,8.479999542236328,8.479999542236328,917,0.0,0.0,0.0
2022-09-26 12:30:00-04:00,8.425000190734863,8.425000190734863,8.425000190734863,8.425000190734863,153,0.0,0.0,0.0
2022-09-26 13:30:00-04:00,8.4399995803833,8.4399995803833,8.399999618530273,8.399999618530273,0,0.0,0.0,0.0
2022-09-27 09:30:00-04:00,8.819999694824219,8.819999694824219,8.75,8.75,2611,0.0,0.0,0.0
2022-09-27 10:30:00-04:00,8.800000190734863,8.800000190734863,8.800000190734863,8.800000190734863,520,0.0,0.0,0.0
2022-09-27 11:30:00-04:00,8.710000038146973,8.710000038146973,8.699999809265137,8.699999809265137,0,0.0,0.0,0.0
2022-09-27 12:30:00-04:00,8.539999961853027,8.539999961853027,8.449999809265137,8.460000038146973,9975,0.0,0.0,0.0
2022-09-27 14:30:00-04:00,8.460000038146973,8.460000038146973,8.460000038146973,8.460000038146973,100,0.0,0.0,0.0
2022-09-27 15:30:00-04:00,8.529999732971191,8.569999694824219,8.529999732971191,8.550000190734863,7389,0.0,0.0,0.0
2022-09-28 09:30:00-04:00,8.802000045776367,8.802000045776367,8.800000190734863,8.800000190734863,0,0.0,0.0,0.0
2022-09-28 10:30:00-04:00,8.8100004196167,8.90999984741211,8.800000190734863,8.899999618530273,4280,0.0,0.0,0.0
2022-09-28 11:30:00-04:00,8.958000183105469,8.960000038146973,8.958000183105469,8.960000038146973,1101,0.0,0.0,0.0
2022-09-28 13:30:00-04:00,8.907999992370605,8.99899959564209,8.907999992370605,8.99899959564209,0,0.0,0.0,0.0
2022-09-29 09:30:00-04:00,8.505000114440918,8.505000114440918,8.505000114440918,8.505000114440918,355,0.0,0.0,0.0
2022-09-29 11:30:00-04:00,8.619999885559082,8.619999885559082,8.619999885559082,8.619999885559082,138,0.0,0.0,0.0
2022-09-29 12:30:00-04:00,8.59000015258789,8.59000015258789,8.59000015258789,8.59000015258789,400,0.0,0.0,0.0
2022-09-29 13:30:00-04:00,8.619999885559082,8.619999885559082,8.559900283813477,8.559900283813477,2610,0.0,0.0,0.0
2022-09-29 14:30:00-04:00,8.595000267028809,8.630000114440918,8.595000267028809,8.630000114440918,0,0.0,0.0,0.0
2022-09-30 09:30:00-04:00,8.475000381469727,8.720000267028809,8.475000381469727,8.720000267028809,1724,0.0,0.0,0.0
2022-09-30 10:30:00-04:00,9.069999694824219,9.074999809265137,9.069999694824219,9.074999809265137,1003,0.0,0.0,0.0
2022-09-30 11:30:00-04:00,8.986200332641602,8.986200332641602,8.986200332641602,8.986200332641602,304,0.0,0.0,0.0
2022-09-30 13:30:00-04:00,8.699999809265137,8.699999809265137,8.569999694824219,8.569999694824219,534,0.0,0.0,0.0
2022-10-03 10:30:00-04:00,8.640000343322754,8.640000343322754,8.579999923706055,8.600000381469727,1131,0.0,0.0,0.0
2022-10-03 13:30:00-04:00,8.800000190734863,8.800000190734863,8.800000190734863,8.800000190734863,160,0.0,0.0,0.0
2022-10-03 14:30:00-04:00,8.75,8.829999923706055,8.75,8.829999923706055,115,0.0,0.0,0.0
2022-10-04 09:30:00-04:00,9.25,9.335000038146973,9.194999694824219,9.335000038146973,0,0.0,0.0,0.0
2022-10-04 10:30:00-04:00,9.289999961853027,9.449999809265137,9.289999961853027,9.449999809265137,1394,0.0,0.0,0.0
2022-10-04 12:30:00-04:00,9.210000038146973,9.210000038146973,9.210000038146973,9.210000038146973,524,0.0,0.0,0.0
2022-10-04 13:30:00-04:00,9.390000343322754,9.390000343322754,9.350000381469727,9.350000381469727,481,0.0,0.0,0.0
2022-10-04 14:30:00-04:00,9.345000267028809,9.345000267028809,9.345000267028809,9.345000267028809,378,0.0,0.0,0.0
2022-10-04 15:30:00-04:00,9.39799976348877,9.39799976348877,9.39799976348877,9.39799976348877,150,0.0,0.0,0.0
2022-10-05 09:30:00-04:00,9.149999618530273,9.149999618530273,9.0600004196167,9.0600004196167,0,0.0,0.0,0.0
2022-10-05 11:30:00-04:00,9.100000381469727,9.100000381469727,9.09000015258789,9.100000381469727,2500,0.0,0.0,0.0
2022-10-05 12:30:00-04:00,9.180000305175781,9.3149995803833,9.180000305175781,9.3149995803833,2839,0.0,0.0,0.0
2022-10-06 09:30:00-04:00,9.489999771118164,9.489999771118164,9.345000267028809,9.345000267028809,0,0.0,0.0,0.0
2022-10-06 11:30:00-04:00,9.359999656677246,9.359999656677246,9.300000190734863,9.300000190734863,350,0.0,0.0,0.0
2022-10-06 12:30:00-04:00,9.300000190734863,9.300000190734863,9.189299583435059,9.300000190734863,4373,0.0,0.0,0.0
2022-10-07 09:30:00-04:00,8.850000381469727,8.850000381469727,8.220000267028809,8.850000381469727,451,0.0,0.0,0.0
2022-10-10 09:30:00-04:00,8.329999923706055,8.329999923706055,7.925000190734863,7.925000190734863,1329,0.0,0.0,0.0
2022-10-10 12:30:00-04:00,7.619999885559082,7.619999885559082,7.619999885559082,7.619999885559082,132,0.0,0.0,0.0
2022-10-10 13:30:00-04:00,7.804900169372559,7.804900169372559,7.804900169372559,7.804900169372559,1526,0.0,0.0,0.0
2022-10-10 15:30:00-04:00,7.758200168609619,7.7677998542785645,7.758200168609619,7.7677998542785645,0,0.0,0.0,0.0
2022-10-11 09:30:00-04:00,7.75,7.75,7.489999771118164,7.489999771118164,1023,0.0,0.0,0.0
2022-10-12 09:30:00-04:00,7.579999923706055,7.579999923706055,7.480000019073486,7.480000019073486,359,0.0,0.0,0.0
2022-10-12 10:30:00-04:00,7.289999961853027,7.420000076293945,7.289999961853027,7.289999961853027,1923,0.0,0.0,0.0
2022-10-13 09:30:00-04:00,7.110000133514404,7.110000133514404,7.070000171661377,7.070000171661377,0,0.0,0.0,0.0
2022-10-13 10:30:00-04:00,7.079999923706055,7.199999809265137,7.070000171661377,7.199999809265137,904,0.0,0.0,0.0
2022-10-13 12:30:00-04:00,7.429999828338623,7.440899848937988,7.429999828338623,7.440899848937988,457,0.0,0.0,0.0
2022-10-13 15:30:00-04:00,7.619999885559082,7.619999885559082,7.619999885559082,7.619999885559082,261,0.0,0.0,0.0
2022-10-14 14:30:00-04:00,7.179999828338623,7.179999828338623,7.130000114440918,7.130000114440918,0,0.0,0.0,0.0
2022-10-17 10:30:00-04:00,7.554999828338623,7.554999828338623,7.554999828338623,7.554999828338623,599,0.0,0.0,0.0
2022-10-17 11:30:00-04:00,7.59499979019165,7.5980000495910645,7.59499979019165,7.5980000495910645,482,0.0,0.0,0.0
2022-10-17 14:30:00-04:00,7.5,7.5,7.440000057220459,7.440000057220459,0,0.0,0.0,0.0
2022-10-18 10:30:00-04:00,7.409999847412109,7.409999847412109,7.409999847412109,7.409999847412109,281,0.0,0.0,0.0
2022-10-18 12:30:00-04:00,7.360000133514404,7.360099792480469,7.230000019073486,7.230000019073486,0,0.0,0.0,0.0
2022-10-19 11:30:00-04:00,7.061399936676025,7.066999912261963,7.051000118255615,7.060500144958496,2908,0.0,0.0,0.0
2022-10-19 14:30:00-04:00,7.03000020980835,7.03000020980835,7.03000020980835,7.03000020980835,0,0.0,0.0,0.0
2022-10-20 10:30:00-04:00,7.204999923706055,7.204999923706055,7.204999923706055,7.204999923706055,350,0.0,0.0,0.0
2022-10-20 14:30:00-04:00,6.935200214385986,6.935200214385986,6.920000076293945,6.920000076293945,0,0.0,0.0,0.0
2022-10-21 09:30:00-04:00,6.789999961853027,6.800000190734863,6.769999980926514,6.800000190734863,439,0.0,0.0,0.0
2022-10-21 10:30:00-04:00,6.7581000328063965,6.7581000328063965,6.670000076293945,6.670000076293945,1227,0.0,0.0,0.0
2022-10-21 14:30:00-04:00,7.039999961853027,7.070000171661377,7.025000095367432,7.070000171661377,7991,0.0,0.0,0.0
2022-10-24 09:30:00-04:00,7.090000152587891,7.090000152587891,7.019999980926514,7.019999980926514,0,0.0,0.0,0.0
2022-10-24 10:30:00-04:00,6.920000076293945,6.937300205230713,6.920000076293945,6.920000076293945,2532,0.0,0.0,0.0
2022-10-24 11:30:00-04:00,7.020100116729736,7.099999904632568,7.010000228881836,7.099999904632568,2112,0.0,0.0,0.0
2022-10-25 09:30:00-04:00,7.099999904632568,7.099999904632568,7.099999904632568,7.099999904632568,0,0.0,0.0,0.0
2022-10-25 11:30:00-04:00,7.820000171661377,7.860000133514404,7.809999942779541,7.8592000007629395,3659,0.0,0.0,0.0
2022-10-25 12:30:00-04:00,7.804999828338623,7.929999828338623,7.800000190734863,7.929999828338623,6664,0.0,0.0,0.0
2022-10-25 13:30:00-04:00,7.860099792480469,7.960000038146973,7.860099792480469,7.960000038146973,2075,0.0,0.0,0.0
2022-10-25 14:30:00-04:00,7.980000019073486,7.980000019073486,7.980000019073486,7.980000019073486,276,0.0,0.0,0.0
2022-10-25 15:30:00-04:00,8.069999694824219,8.079999923706055,8.069999694824219,8.079999923706055,0,0.0,0.0,0.0
2022-10-26 09:30:00-04:00,8.329999923706055,8.329999923706055,8.329999923706055,8.329999923706055,1571,0.0,0.0,0.0
2022-10-26 10:30:00-04:00,8.520000457763672,8.720000267028809,8.520000457763672,8.719900131225586,1655,0.0,0.0,0.0
2022-10-26 11:30:00-04:00,8.73169994354248,8.73169994354248,8.550100326538086,8.609999656677246,1137,0.0,0.0,0.0
2022-10-26 12:30:00-04:00,8.585000038146973,8.585000038146973,8.329999923706055,8.338000297546387,2094,0.0,0.0,0.0
2022-10-26 14:30:00-04:00,8.320099830627441,8.320099830627441,8.320099830627441,8.320099830627441,804,0.0,0.0,0.0
2022-10-26 15:30:00-04:00,8.26990032196045,8.270000457763672,8.229999542236328,8.229999542236328,0,0.0,0.0,0.0
2022-10-27 09:30:00-04:00,8.14900016784668,8.15999984741211,7.900000095367432,8.020000457763672,10528,0.0,0.0,0.0
2022-10-27 10:30:00-04:00,8.079999923706055,8.079999923706055,7.920000076293945,7.929999828338623,329,0.0,0.0,0.0
2022-10-27 11:30:00-04:00,7.869999885559082,7.869999885559082,7.869999885559082,7.869999885559082,6309,0.0,0.0,0.0
2022-10-27 12:30:00-04:00,7.869999885559082,7.869999885559082,7.869999885559082,7.869999885559082,1556,0.0,0.0,0.0
2022-10-27 14:30:00-04:00,7.730000019073486,7.730000019073486,7.730000019073486,7.730000019073486,111,0.0,0.0,0.0
2022-10-27 15:30:00-04:00,7.699999809265137,7.699999809265137,7.699999809265137,7.699999809265137,0,0.0,0.0,0.0
2022-10-28 09:30:00-04:00,7.710000038146973,7.743299961090088,7.710000038146973,7.743299961090088,439,0.0,0.0,0.0
2022-10-28 11:30:00-04:00,7.769400119781494,7.769400119781494,7.760000228881836,7.760000228881836,231,0.0,0.0,0.0
2022-10-28 15:30:00-04:00,7.869699954986572,7.869999885559082,7.860000133514404,7.860000133514404,11729,0.0,0.0,0.0
2022-10-31 09:30:00-04:00,7.670000076293945,7.670000076293945,7.670000076293945,7.670000076293945,0,0.0,0.0,0.0
2022-10-31 13:30:00-04:00,7.619999885559082,7.619999885559082,7.590000152587891,7.590000152587891,0,0.0,0.0,0.0
2022-11-01 09:30:00-04:00,7.650000095367432,7.650000095367432,7.650000095367432,7.650000095367432,995,0.0,0.0,0.0
2022-11-01 11:30:00-04:00,7.494999885559082,7.498000144958496,7.329999923706055,7.329999923706055,1664,0.0,0.0,0.0
2022-11-02 09:30:00-04:00,7.449999809265137,7.449999809265137,7.449999809265137,7.449999809265137,262,0.0,0.0,0.0
2022-11-02 11:30:00-04:00,7.119999885559082,7.119999885559082,7.070000171661377,7.070000171661377,4044,0.0,0.0,0.0
2022-11-02 12:30:00-04:00,7.010000228881836,7.010000228881836,7.0,7.0,1539,0.0,0.0,0.0
2022-11-02 13:30:00-04:00,7.050000190734863,7.300000190734863,7.050000190734863,7.300000190734863,9770,0.0,0.0,0.0
2022-11-02 15:30:00-04:00,6.929999828338623,6.965000152587891,6.929999828338623,6.940000057220459,2804,0.0,0.0,0.0
2022-11-03 09:30:00-04:00,6.980000019073486,6.980000019073486,6.895999908447266,6.895999908447266,2067,0.0,0.0,0.0
2022-11-03 13:30:00-04:00,6.920000076293945,6.920000076293945,6.800000190734863,6.800000190734863,1089,0.0,0.0,0.0
2022-11-04 09:30:00-04:00,7.210000038146973,7.210000038146973,6.929999828338623,6.929999828338623,1467,0.0,0.0,0.0
2022-11-04 10:30:00-04:00,7.109899997711182,7.109899997711182,7.059999942779541,7.059999942779541,953,0.0,0.0,0.0
2022-11-04 14:30:00-04:00,6.949999809265137,6.980000019073486,6.925000190734863,6.980000019073486,1398,0.0,0.0,0.0
2022-11-07 09:30:00-05:00,7.0,7.0,6.880000114440918,6.880000114440918,0,0.0,0.0,0.0
2022-11-07 10:30:00-05:00,6.940000057220459,6.949999809265137,6.940000057220459,6.949999809265137,302,0.0,0.0,0.0
2022-11-07 11:30:00-05:00,6.938000202178955,6.938000202178955,6.938000202178955,6.938000202178955,175,0.0,0.0,0.0
2022-11-07 12:30:00-05:00,6.96999979019165,6.96999979019165,6.96999979019165,6.96999979019165,700,0.0,0.0,0.0
2022-11-07 13:30:00-05:00,6.929999828338623,6.980000019073486,6.929999828338623,6.929999828338623,252,0.0,0.0,0.0
2022-11-08 09:30:00-05:00,6.800000190734863,6.800000190734863,6.670000076293945,6.670000076293945,443,0.0,0.0,0.0
2022-11-08 10:30:00-05:00,6.599999904632568,6.860000133514404,6.599999904632568,6.860000133514404,441,0.0,0.0,0.0
2022-11-08 12:30:00-05:00,6.75,6.760000228881836,6.630000114440918,6.630000114440918,8523,0.0,0.0,0.0
2022-11-08 13:30:00-05:00,6.5,6.5,6.5,6.5,842,0.0,0.0,0.0
2022-11-08 14:30:00-05:00,6.570000171661377,6.570000171661377,6.559999942779541,6.559999942779541,1149,0.0,0.0,0.0
2022-11-09 09:30:00-05:00,6.53000020980835,6.53000020980835,6.429999828338623,6.440000057220459,2541,0.0,0.0,0.0
2022-11-09 10:30:00-05:00,6.409999847412109,6.409999847412109,6.25,6.25,1720,0.0,0.0,0.0
2022-11-09 11:30:00-05:00,6.210000038146973,6.217199802398682,6.197999954223633,6.199999809265137,991,0.0,0.0,0.0
2022-11-09 12:30:00-05:00,6.199999809265137,6.199999809265137,6.191800117492676,6.199999809265137,4979,0.0,0.0,0.0
2022-11-09 13:30:00-05:00,6.059999942779541,6.060100078582764,6.059999942779541,6.060100078582764,1124,0.0,0.0,0.0
2022-11-09 15:30:00-05:00,6.045000076293945,6.045000076293945,5.96999979019165,6.0,610,0.0,0.0,0.0
2022-11-10 09:30:00-05:00,6.45989990234375,6.460000038146973,6.315000057220459,6.315000057220459,0,0.0,0.0,0.0
2022-11-10 10:30:00-05:00,6.380000114440918,6.380000114440918,6.380000114440918,6.380000114440918,325,0.0,0.0,0.0
2022-11-10 12:30:00-05:00,6.420000076293945,6.420000076293945,6.349999904632568,6.349999904632568,930,0.0,0.0,0.0
2022-11-10 14:30:00-05:00,6.360000133514404,6.420000076293945,6.349999904632568,6.420000076293945,2060,0.0,0.0,0.0
2022-11-11 09:30:00-05:00,6.429999828338623,6.429999828338623,6.425000190734863,6.425000190734863,0,0.0,0.0,0.0
2022-11-11 10:30:00-05:00,6.453100204467773,6.453100204467773,6.453100204467773,6.453100204467773,192,0.0,0.0,0.0
2022-11-11 11:30:00-05:00,6.340000152587891,6.400000095367432,6.340000152587891,6.400000095367432,1076,0.0,0.0,0.0
2022-11-11 14:30:00-05:00,6.550000190734863,6.550000190734863,6.550000190734863,6.550000190734863,4005,0.0,0.0,0.0
2022-11-11 15:30:00-05:00,6.630000114440918,6.710000038146973,6.590000152587891,6.639999866485596,676,0.0,0.0,0.0
2022-11-14 09:30:00-05:00,6.730000019073486,6.730000019073486,6.559999942779541,6.570000171661377,6311,0.0,0.0,0.0
2022-11-14 10:30:00-05:00,6.559999942779541,6.559999942779541,6.559999942779541,6.559999942779541,700,0.0,0.0,0.0
2022-11-14 11:30:00-05:00,6.666999816894531,6.670000076293945,6.639999866485596,6.670000076293945,2632,0.0,0.0,0.0
2022-11-14 12:30:00-05:00,6.690000057220459,6.690000057220459,6.650000095367432,6.688300132751465,1726,0.0,0.0,0.0
2022-11-14 13:30:00-05:00,6.690000057220459,6.690000057220459,6.559999942779541,6.559999942779541,0,0.0,0.0,0.0
2022-11-15 09:30:00-05:00,6.78000020980835,6.849999904632568,6.78000020980835,6.849999904632568,4139,0.0,0.0,0.0
2022-11-15 11:30:00-05:00,6.789999961853027,6.789999961853027,6.658100128173828,6.760000228881836,1624,0.0,0.0,0.0
2022-11-16 09:30:00-05:00,6.420000076293945,6.420000076293945,6.420000076293945,6.420000076293945,0,0.0,0.0,0.0
2022-11-16 10:30:00-05:00,6.25,6.25,6.210000038146973,6.25,3312,0.0,0.0,0.0
2022-11-16 11:30:00-05:00,6.340000152587891,6.340000152587891,6.300000190734863,6.300000190734863,462,0.0,0.0,0.0
2022-11-16 13:30:00-05:00,6.300000190734863,6.300000190734863,6.300000190734863,6.300000190734863,901,0.0,0.0,0.0
2022-11-16 15:30:00-05:00,6.224999904632568,6.230000019073486,6.224999904632568,6.230000019073486,400,0.0,0.0,0.0
2022-11-17 09:30:00-05:00,6.045000076293945,6.045000076293945,6.045000076293945,6.045000076293945,0,0.0,0.0,0.0
2022-11-17 10:30:00-05:00,6.070000171661377,6.070000171661377,6.070000171661377,6.070000171661377,212,0.0,0.0,0.0
2022-11-17 11:30:00-05:00,6.099999904632568,6.099999904632568,6.099999904632568,6.099999904632568,121,0.0,0.0,0.0
2022-11-17 12:30:00-05:00,6.139999866485596,6.164999961853027,6.139999866485596,6.164999961853027,807,0.0,0.0,0.0
2022-11-17 13:30:00-05:00,6.119999885559082,6.119999885559082,6.119999885559082,6.119999885559082,401,0.0,0.0,0.0
2022-11-17 14:30:00-05:00,6.099999904632568,6.130000114440918,6.031000137329102,6.130000114440918,500,0.0,0.0,0.0
2022-11-18 09:30:00-05:00,6.050000190734863,6.050000190734863,5.980000019073486,6.03000020980835,2604,0.0,0.0,0.0
2022-11-18 10:30:00-05:00,5.960000038146973,5.960599899291992,5.869999885559082,5.869999885559082,544,0.0,0.0,0.0
2022-11-21 09:30:00-05:00,5.699999809265137,5.769999980926514,5.550000190734863,5.550000190734863,3106,0.0,0.0,0.0
2022-11-21 10:30:00-05:00,5.579999923706055,5.579999923706055,5.519999980926514,5.519999980926514,1726,0.0,0.0,0.0
2022-11-21 11:30:00-05:00,5.494999885559082,5.494999885559082,5.440000057220459,5.440000057220459,393,0.0,0.0,0.0
2022-11-21 12:30:00-05:00,5.429999828338623,5.440000057220459,5.420000076293945,5.440000057220459,400,0.0,0.0,0.0
2022-11-21 13:30:00-05:00,5.429999828338623,5.429999828338623,5.400000095367432,5.400000095367432,252,0.0,0.0,0.0
2022-11-21 14:30:00-05:00,5.419000148773193,5.419000148773193,5.360000133514404,5.360000133514404,388,0.0,0.0,0.0
2022-11-21 15:30:00-05:00,5.340000152587891,5.340000152587891,5.329999923706055,5.329999923706055,300,0.0,0.0,0.0
2022-11-22 09:30:00-05:00,5.429999828338623,5.429999828338623,5.429999828338623,5.429999828338623,0,0.0,0.0,0.0
2022-11-22 10:30:00-05:00,5.489999771118164,5.503200054168701,5.489999771118164,5.503200054168701,401,0.0,0.0,0.0
2022-11-23 09:30:00-05:00,5.579999923706055,5.590000152587891,5.579999923706055,5.590000152587891,0,0.0,0.0,0.0
2022-11-23 10:30:00-05:00,5.659999847412109,5.659999847412109,5.659999847412109,5.659999847412109,321,0.0,0.0,0.0
2022-11-23 12:30:00-05:00,5.609000205993652,5.609000205993652,5.609000205993652,5.609000205993652,514,0.0,0.0,0.0
2022-11-23 13:30:00-05:00,5.670000076293945,5.71999979019165,5.670000076293945,5.71999979019165,205,0.0,0.0,0.0
2022-11-23 14:30:00-05:00,5.690000057220459,5.690000057220459,5.690000057220459,5.690000057220459,169,0.0,0.0,0.0
2022-11-23 15:30:00-05:00,5.71999979019165,5.769999980926514,5.710000038146973,5.75,2090,0.0,0.0,0.0
2022-11-28 09:30:00-05:00,5.710000038146973,5.710000038146973,5.659999847412109,5.659999847412109,1323,0.0,0.0,0.0
2022-11-28 13:30:00-05:00,5.485000133514404,5.485000133514404,5.485000133514404,5.485000133514404,106,0.0,0.0,0.0
2022-11-28 14:30:00-05:00,5.46999979019165,5.46999979019165,5.46999979019165,5.46999979019165,202,0.0,0.0,0.0
2022-11-28 15:30:00-05:00,5.460000038146973,5.460000038146973,5.400000095367432,5.400000095367432,0,0.0,0.0,0.0
2022-11-30 10:30:00-05:00,5.450099945068359,5.450099945068359,5.449999809265137,5.449999809265137,700,0.0,0.0,0.0
2022-11-30 14:30:00-05:00,5.681000232696533,5.681000232696533,5.631999969482422,5.670000076293945,473,0.0,0.0,0.0
2022-12-01 09:30:00-05:00,5.619999885559082,5.849899768829346,5.619999885559082,5.699900150299072,107,0.0,0.0,0.0
2022-12-01 10:30:00-05:00,5.659999847412109,5.659999847412109,5.659999847412109,5.659999847412109,100,0.0,0.0,0.0
2022-12-01 11:30:00-05:00,5.71999979019165,5.71999979019165,5.690000057220459,5.690000057220459,0,0.0,0.0,0.0
2022-12-02 09:30:00-05:00,5.619999885559082,5.619999885559082,5.619999885559082,5.619999885559082,288,0.0,0.0,0.0
2022-12-02 10:30:00-05:00,5.639999866485596,5.639999866485596,5.639999866485596,5.639999866485596,116,0.0,0.0,0.0
2022-12-02 11:30:00-05:00,5.639999866485596,5.789999961853027,5.639999866485596,5.789999961853027,419,0.0,0.0,0.0
2022-12-05 09:30:00-05:00,6.429999828338623,6.429999828338623,5.650000095367432,5.664999961853027,3835,0.0,0.0,0.0
2022-12-05 10:30:00-05:00,5.75,5.75,5.75,5.75,100,0.0,0.0,0.0
2022-12-05 11:30:00-05:00,5.679999828338623,5.679999828338623,5.679999828338623,5.679999828338623,250,0.0,0.0,0.0
2022-12-05 13:30:00-05:00,5.550000190734863,5.550000190734863,5.5,5.5,0,0.0,0.0,0.0
2022-12-06 09:30:00-05:00,5.460000038146973,5.460000038146973,5.460000038146973,5.460000038146973,398,0.0,0.0,0.0
2022-12-06 14:30:00-05:00,5.28000020980835,5.28000020980835,5.269999980926514,5.28000020980835,0,0.0,0.0,0.0
2022-12-07 10:30:00-05:00,5.150000095367432,5.150000095367432,5.139999866485596,5.140100002288818,1826,0.0,0.0,0.0
2022-12-07 12:30:00-05:00,5.150000095367432,5.150000095367432,5.150000095367432,5.150000095367432,115,0.0,0.0,0.0
2022-12-07 14:30:00-05:00,5.114999771118164,5.119999885559082,5.114999771118164,5.114999771118164,314,0.0,0.0,0.0
2022-12-08 09:30:00-05:00,5.2789998054504395,5.2789998054504395,5.2789998054504395,5.2789998054504395,0,0.0,0.0,0.0
2022-12-08 11:30:00-05:00,5.230000019073486,5.239999771118164,5.230000019073486,5.239999771118164,1442,0.0,0.0,0.0
2022-12-08 13:30:00-05:00,5.210000038146973,5.275400161743164,5.210000038146973,5.275400161743164,0,0.0,0.0,0.0
2022-12-09 09:30:00-05:00,5.239999771118164,5.239999771118164,5.232999801635742,5.232999801635742,358,0.0,0.0,0.0
2022-12-09 12:30:00-05:00,5.340000152587891,5.340000152587891,5.260200023651123,5.260200023651123,168,0.0,0.0,0.0
2022-12-12 09:30:00-05:00,5.090000152587891,5.260200023651123,5.070000171661377,5.099999904632568,491,0.0,0.0,0.0
2022-12-12 10:30:00-05:00,5.130000114440918,5.130000114440918,5.130000114440918,5.130000114440918,443,0.0,0.0,0.0
2022-12-12 11:30:00-05:00,5.190000057220459,5.190000057220459,5.190000057220459,5.190000057220459,350,0.0,0.0,0.0
2022-12-12 12:30:00-05:00,5.150000095367432,5.150000095367432,5.119999885559082,5.119999885559082,0,0.0,0.0,0.0
2022-12-13 09:30:00-05:00,5.5,5.5,5.355999946594238,5.355999946594238,8292,0.0,0.0,0.0
2022-12-13 10:30:00-05:00,5.28000020980835,5.28000020980835,5.28000020980835,5.28000020980835,5206,0.0,0.0,0.0
2022-12-13 15:30:00-05:00,5.110000133514404,5.113500118255615,5.099999904632568,5.099999904632568,0,0.0,0.0,0.0
2022-12-14 09:30:00-05:00,5.170000076293945,5.170000076293945,5.157100200653076,5.157100200653076,296,0.0,0.0,0.0
2022-12-14 13:30:00-05:00,5.170000076293945,5.190000057220459,5.170000076293945,5.184999942779541,3165,0.0,0.0,0.0
2022-12-14 14:30:00-05:00,5.119999885559082,5.119999885559082,5.098700046539307,5.098700046539307,0,0.0,0.0,0.0
2022-12-15 09:30:00-05:00,4.920000076293945,4.920000076293945,4.900000095367432,4.900000095367432,387,0.0,0.0,0.0
2022-12-15 11:30:00-05:00,4.860000133514404,4.860000133514404,4.860000133514404,4.860000133514404,1045,0.0,0.0,0.0
2022-12-15 12:30:00-05:00,4.840000152587891,4.840000152587891,4.800000190734863,4.800000190734863,1366,0.0,0.0,0.0
2022-12-15 13:30:00-05:00,4.800000190734863,4.800000190734863,4.790999889373779,4.790999889373779,11493,0.0,0.0,0.0
2022-12-15 15:30:00-05:00,4.800000190734863,4.800000190734863,4.793399810791016,4.793399810791016,0,0.0,0.0,0.0
2022-12-16 09:30:00-05:00,4.670000076293945,4.769999980926514,4.670000076293945,4.769999980926514,975,0.0,0.0,0.0
2022-12-16 10:30:00-05:00,4.650000095367432,4.667500019073486,4.650000095367432,4.659999847412109,992,0.0,0.0,0.0
2022-12-16 11:30:00-05:00,4.65500020980835,4.65500020980835,4.639999866485596,4.639999866485596,395,0.0,0.0,0.0
2022-12-16 12:30:00-05:00,4.640999794006348,4.699999809265137,4.640999794006348,4.699999809265137,856,0.0,0.0,0.0
2022-12-19 09:30:00-05:00,4.659999847412109,4.679999828338623,4.5,4.559999942779541,314,0.0,0.0,0.0
2022-12-20 10:30:00-05:00,4.659999847412109,4.675000190734863,4.550000190734863,4.550000190734863,0,0.0,0.0,0.0
2022-12-21 09:30:00-05:00,4.599999904632568,4.599999904632568,4.599999904632568,4.599999904632568,546,0.0,0.0,0.0
2022-12-21 13:30:00-05:00,4.570000171661377,4.570000171661377,4.559999942779541,4.559999942779541,131,0.0,0.0,0.0
2022-12-22 09:30:00-05:00,4.480000019073486,4.480000019073486,4.480000019073486,4.480000019073486,0,0.0,0.0,0.0
2022-12-22 14:30:00-05:00,4.369999885559082,4.45359992980957,4.369999885559082,4.45359992980957,150,0.0,0.0,0.0
2022-12-23 09:30:00-05:00,4.468699932098389,4.468699932098389,4.389999866485596,4.389999866485596,604,0.0,0.0,0.0
2022-12-23 11:30:00-05:00,4.420000076293945,4.420000076293945,4.41949987411499,4.420000076293945,500,0.0,0.0,0.0
2022-12-27 09:30:00-05:00,4.329999923706055,4.329999923706055,4.329999923706055,4.329999923706055,0,0.0,0.0,0.0
2022-12-27 10:30:00-05:00,4.3130998611450195,4.3130998611450195,4.3130998611450195,4.3130998611450195,1000,0.0,0.0,0.0
2022-12-27 11:30:00-05:00,4.260000228881836,4.260000228881836,4.260000228881836,4.260000228881836,416,0.0,0.0,0.0
2022-12-27 13:30:00-05:00,4.210000038146973,4.230000019073486,4.210000038146973,4.230000019073486,1981,0.0,0.0,0.0
2022-12-28 09:30:00-05:00,4.238999843597412,4.249000072479248,4.224999904632568,4.249000072479248,0,0.0,0.0,0.0
2022-12-28 10:30:00-05:00,4.135000228881836,4.135000228881836,4.119999885559082,4.119999885559082,1418,0.0,0.0,0.0
2022-12-28 13:30:00-05:00,4.079999923706055,4.079999923706055,4.079999923706055,4.079999923706055,151,0.0,0.0,0.0
2022-12-28 15:30:00-05:00,4.070000171661377,4.090000152587891,4.070000171661377,4.090000152587891,100,0.0,0.0,0.0
2022-12-29 09:30:00-05:00,4.179999828338623,4.179999828338623,4.179999828338623,4.179999828338623,0,0.0,0.0,0.0
2022-12-29 13:30:00-05:00,4.258500099182129,4.258500099182129,4.258500099182129,4.258500099182129,2300,0.0,0.0,0.0
2022-12-29 15:30:00-05:00,4.260000228881836,4.304999828338623,4.260000228881836,4.304999828338623,560,0.0,0.0,0.0
2022-12-30 09:30:00-05:00,4.170000076293945,4.170000076293945,4.170000076293945,4.170000076293945,0,0.0,0.0,0.0
2022-12-30 10:30:00-05:00,4.239999771118164,4.300000190734863,4.239999771118164,4.300000190734863,1030,0.0,0.0,0.0
2022-12-30 12:30:00-05:00,4.329999923706055,4.329999923706055,4.329999923706055,4.329999923706055,1000,0.0,0.0,0.0
2022-12-30 13:30:00-05:00,4.322000026702881,4.329999923706055,4.318999767303467,4.320000171661377,1143,0.0,0.0,0.0
2022-12-30 14:30:00-05:00,4.309999942779541,4.310100078582764,4.309999942779541,4.310100078582764,1150,0.0,0.0,0.0
2022-12-30 15:30:00-05:00,4.45989990234375,4.46999979019165,4.431000232696533,4.46999979019165,1300,0.0,0.0,0.0
2023-01-03 09:30:00-05:00,4.639999866485596,4.639999866485596,4.5,4.5,0,0.0,0.0,0.0
2023-01-03 10:30:00-05:00,4.5,4.5,4.5,4.5,253,0.0,0.0,0.0
2023-01-03 11:30:00-05:00,4.46999979019165,4.46999979019165,4.460000038146973,4.460000038146973,211,0.0,0.0,0.0
2023-01-03 12:30:00-05:00,4.420000076293945,4.425000190734863,4.420000076293945,4.425000190734863,868,0.0,0.0,0.0
2023-01-03 13:30:00-05:00,4.460000038146973,4.465199947357178,4.460000038146973,4.465199947357178,452,0.0,0.0,0.0
2023-01-03 14:30:00-05:00,4.480000019073486,4.5,4.480000019073486,4.5,734,0.0,0.0,0.0
2023-01-03 15:30:00-05:00,4.550000190734863,4.571300029754639,4.550000190734863,4.558800220489502,0,0.0,0.0,0.0
2023-01-04 09:30:00-05:00,4.710000038146973,4.775000095367432,4.710000038146973,4.75,799,0.0,0.0,0.0
2023-01-04 10:30:00-05:00,4.800000190734863,5.0,4.800000190734863,5.0,2421,0.0,0.0,0.0
2023-01-04 11:30:00-05:00,5.099999904632568,5.099999904632568,5.03000020980835,5.03000020980835,1086,0.0,0.0,0.0
2023-01-04 12:30:00-05:00,5.050000190734863,5.070000171661377,5.03000020980835,5.03000020980835,861,0.0,0.0,0.0
2023-01-04 13:30:00-05:00,5.134200096130371,5.134200096130371,5.050000190734863,5.059999942779541,3747,0.0,0.0,0.0
2023-01-04 14:30:00-05:00,5.050000190734863,5.139999866485596,5.050000190734863,5.139999866485596,1438,0.0,0.0,0.0
2023-01-04 15:30:00-05:00,5.079999923706055,5.097400188446045,5.079999923706055,5.097400188446045,0,0.0,0.0,0.0
2023-01-05 09:30:00-05:00,5.159999847412109,5.159999847412109,5.0,5.0,854,0.0,0.0,0.0
2023-01-05 10:30:00-05:00,5.155200004577637,5.159999847412109,5.119999885559082,5.119999885559082,956,0.0,0.0,0.0
2023-01-05 11:30:00-05:00,5.139999866485596,5.195000171661377,5.139999866485596,5.195000171661377,2416,0.0,0.0,0.0
2023-01-05 12:30:00-05:00,5.179999828338623,5.21999979019165,5.168900012969971,5.21999979019165,2946,0.0,0.0,0.0
2023-01-05 13:30:00-05:00,5.239999771118164,5.239999771118164,5.215000152587891,5.21999979019165,2554,0.0,0.0,0.0
2023-01-05 14:30:00-05:00,5.260000228881836,5.260000228881836,5.260000228881836,5.260000228881836,256,0.0,0.0,0.0
2023-01-05 15:30:00-05:00,5.239999771118164,5.240099906921387,5.239999771118164,5.240099906921387,1020,0.0,0.0,0.0
2023-01-06 09:30:00-05:00,5.239999771118164,5.239999771118164,5.099999904632568,5.099999904632568,0,0.0,0.0,0.0
2023-01-06 10:30:00-05:00,5.190000057220459,5.190000057220459,5.190000057220459,5.190000057220459,200,0.0,0.0,0.0
2023-01-06 11:30:00-05:00,5.170000076293945,5.170000076293945,5.170000076293945,5.170000076293945,152,0.0,0.0,0.0
2023-01-06 12:30:00-05:00,5.149199962615967,5.149199962615967,5.149199962615967,5.149199962615967,244,0.0,0.0,0.0
2023-01-06 13:30:00-05:00,5.198999881744385,5.210000038146973,5.198999881744385,5.210000038146973,280,0.0,0.0,0.0
2023-01-06 14:30:00-05:00,5.269999980926514,5.269999980926514,5.269999980926514,5.269999980926514,279,0.0,0.0,0.0
2023-01-06 15:30:00-05:00,5.230000019073486,5.230000019073486,5.210000038146973,5.210000038146973,351,0.0,0.0,0.0
2023-01-09 09:30:00-05:00,5.5,5.849999904632568,5.5,5.78000020980835,5851,0.0,0.0,0.0
2023-01-09 10:30:00-05:00,5.900000095367432,5.960000038146973,5.889999866485596,5.949999809265137,16569,0.0,0.0,0.0
2023-01-09 11:30:00-05:00,6.0,6.090000152587891,6.0,6.059999942779541,641,0.0,0.0,0.0
2023-01-09 13:30:00-05:00,6.099899768829346,6.099899768829346,6.059999942779541,6.059999942779541,3608,0.0,0.0,0.0
2023-01-09 14:30:00-05:00,6.039999961853027,6.039999961853027,6.0,6.0,1783,0.0,0.0,0.0
2023-01-09 15:30:00-05:00,5.840000152587891,5.849999904632568,5.840000152587891,5.849999904632568,0,0.0,0.0,0.0
2023-01-10 09:30:00-05:00,5.900000095367432,5.940000057220459,5.820000171661377,5.820000171661377,1774,0.0,0.0,0.0
2023-01-10 10:30:00-05:00,5.880000114440918,5.960000038146973,5.829999923706055,5.960000038146973,19443,0.0,0.0,0.0
2023-01-10 12:30:00-05:00,6.03000020980835,6.110000133514404,6.03000020980835,6.110000133514404,626,0.0,0.0,0.0
2023-01-10 13:30:00-05:00,6.190000057220459,6.269999980926514,6.190000057220459,6.269999980926514,717,0.0,0.0,0.0
2023-01-10 14:30:00-05:00,6.260000228881836,6.269999980926514,6.130000114440918,6.219799995422363,11369,0.0,0.0,0.0
2023-01-10 15:30:00-05:00,6.255000114440918,6.320000171661377,6.255000114440918,6.28000020980835,0,0.0,0.0,0.0
2023-01-11 09:30:00-05:00,6.28000020980835,6.369999885559082,6.28000020980835,6.368000030517578,12278,0.0,0.0,0.0
2023-01-11 10:30:00-05:00,6.289999961853027,6.289999961853027,6.178999900817871,6.190000057220459,2456,0.0,0.0,0.0
2023-01-11 12:30:00-05:00,6.159999847412109,6.25,6.159999847412109,6.25,5234,0.0,0.0,0.0
2023-01-11 13:30:00-05:00,6.21999979019165,6.21999979019165,6.210000038146973,6.218299865722656,7560,0.0,0.0,0.0
2023-01-11 14:30:00-05:00,6.230000019073486,6.239999771118164,6.170000076293945,6.195000171661377,3945,0.0,0.0,0.0
2023-01-11 15:30:00-05:00,6.150000095367432,6.179999828338623,6.139999866485596,6.159999847412109,0,0.0,0.0,0.0
2023-01-12 09:30:00-05:00,6.510000228881836,6.510000228881836,6.28000020980835,6.429999828338623,5081,0.0,0.0,0.0
2023-01-12 10:30:00-05:00,6.489999771118164,6.510000228881836,6.410999774932861,6.454999923706055,6567,0.0,0.0,0.0
2023-01-12 11:30:00-05:00,6.519999980926514,6.690000057220459,6.5,6.670000076293945,10736,0.0,0.0,0.0
2023-01-12 12:30:00-05:00,6.699999809265137,7.170000076293945,6.699999809265137,7.110000133514404,28601,0.0,0.0,0.0
2023-01-12 13:30:00-05:00,7.589900016784668,7.589900016784668,7.269999980926514,7.508999824523926,9336,0.0,0.0,0.0
2023-01-12 15:30:00-05:00,7.480000019073486,7.480000019073486,7.429999828338623,7.46999979019165,0,0.0,0.0,0.0
2023-01-13 09:30:00-05:00,7.340000152587891,8.220000267028809,7.340000152587891,8.219900131225586,25185,0.0,0.0,0.0
2023-01-13 10:30:00-05:00,8.239999771118164,8.270000457763672,7.739999771118164,7.96999979019165,36868,0.0,0.0,0.0
2023-01-13 11:30:00-05:00,7.889999866485596,7.994999885559082,7.809999942779541,7.994999885559082,2791,0.0,0.0,0.0
2023-01-13 12:30:00-05:00,7.90500020980835,7.90500020980835,7.78980016708374,7.78980016708374,2868,0.0,0.0,0.0
2023-01-13 13:30:00-05:00,7.789000034332275,7.789999961853027,7.670000076293945,7.670499801635742,2996,0.0,0.0,0.0
2023-01-13 14:30:00-05:00,7.724999904632568,7.829999923706055,7.719799995422363,7.820000171661377,3251,0.0,0.0,0.0
2023-01-13 15:30:00-05:00,7.809999942779541,7.809999942779541,7.77209997177124,7.789999961853027,8586,0.0,0.0,0.0
2023-01-17 09:30:00-05:00,8.529999732971191,8.890000343322754,8.40999984741211,8.53499984741211,37953,0.0,0.0,0.0
2023-01-17 10:30:00-05:00,8.470100402832031,8.470100402832031,8.039999961853027,8.039999961853027,11012,0.0,0.0,0.0
2023-01-17 11:30:00-05:00,8.039999961853027,8.164999961853027,8.029999732971191,8.029999732971191,4983,0.0,0.0,0.0
2023-01-17 12:30:00-05:00,8.085000038146973,8.210000038146973,8.079999923706055,8.210000038146973,2241,0.0,0.0,0.0
2023-01-17 13:30:00-05:00,8.199999809265137,8.329000473022461,8.199999809265137,8.23009967803955,5859,0.0,0.0,0.0
2023-01-17 14:30:00-05:00,8.329000473022461,8.40999984741211,8.300000190734863,8.40999984741211,14403,0.0,0.0,0.0
2023-01-17 15:30:00-05:00,8.414999961853027,8.430000305175781,8.359999656677246,8.369999885559082,0,0.0,0.0,0.0
2023-01-18 09:30:00-05:00,8.619999885559082,8.6899995803833,8.460000038146973,8.510000228881836,13653,0.0,0.0,0.0
2023-01-18 10:30:00-05:00,8.369999885559082,8.369999885559082,7.760000228881836,7.760000228881836,8730,0.0,0.0,0.0
2023-01-18 11:30:00-05:00,7.658999919891357,7.888999938964844,7.5,7.883699893951416,4108,0.0,0.0,0.0
2023-01-18 12:30:00-05:00,7.830100059509277,7.830100059509277,7.699999809265137,7.699999809265137,2513,0.0,0.0,0.0
2023-01-18 13:30:00-05:00,7.789899826049805,7.789899826049805,7.789899826049805,7.789899826049805,105,0.0,0.0,0.0
2023-01-18 14:30:00-05:00,7.673099994659424,7.710000038146973,7.673099994659424,7.710000038146973,2450,0.0,0.0,0.0
2023-01-18 15:30:00-05:00,7.704999923706055,7.704999923706055,7.619999885559082,7.619999885559082,4263,0.0,0.0,0.0
2023-01-19 09:30:00-05:00,7.429999828338623,7.519999980926514,7.309999942779541,7.519999980926514,5406,0.0,0.0,0.0
2023-01-19 10:30:00-05:00,7.429999828338623,7.440000057220459,7.400000095367432,7.420000076293945,1938,0.0,0.0,0.0
2023-01-19 12:30:00-05:00,7.411900043487549,7.46999979019165,7.411900043487549,7.46999979019165,2418,0.0,0.0,0.0
2023-01-19 13:30:00-05:00,7.660099983215332,7.675000190734863,7.660099983215332,7.675000190734863,624,0.0,0.0,0.0
2023-01-19 14:30:00-05:00,7.795000076293945,7.849999904632568,7.795000076293945,7.849999904632568,10634,0.0,0.0,0.0
2023-01-19 15:30:00-05:00,7.860000133514404,7.860000133514404,7.75,7.760000228881836,0,0.0,0.0,0.0
2023-01-20 09:30:00-05:00,7.920000076293945,7.929999828338623,7.699999809265137,7.8130998611450195,7001,0.0,0.0,0.0
2023-01-20 10:30:00-05:00,7.809999942779541,7.880000114440918,7.809999942779541,7.880000114440918,655,0.0,0.0,0.0
2023-01-20 11:30:00-05:00,7.920100212097168,8.109999656677246,7.920100212097168,8.069999694824219,19938,0.0,0.0,0.0
2023-01-20 12:30:00-05:00,8.010000228881836,8.010000228881836,7.909999847412109,7.909999847412109,4164,0.0,0.0,0.0
2023-01-20 13:30:00-05:00,7.989999771118164,8.010000228881836,7.96999979019165,7.974999904632568,915,0.0,0.0,0.0
2023-01-20 14:30:00-05:00,8.025899887084961,8.228699684143066,8.010000228881836,8.190099716186523,12199,0.0,0.0,0.0
2023-01-20 15:30:00-05:00,8.180000305175781,8.298999786376953,8.180000305175781,8.289999961853027,2614,0.0,0.0,0.0
2023-01-23 09:30:00-05:00,8.369999885559082,8.819999694824219,8.369999885559082,8.672300338745117,13342,0.0,0.0,0.0
2023-01-23 10:30:00-05:00,8.670000076293945,8.829999923706055,8.66100025177002,8.788000106811523,7538,0.0,0.0,0.0
2023-01-23 11:30:00-05:00,8.819999694824219,8.819999694824219,8.789999961853027,8.789999961853027,2403,0.0,0.0,0.0
2023-01-23 12:30:00-05:00,8.8100004196167,9.069000244140625,8.800000190734863,9.039999961853027,11452,0.0,0.0,0.0
2023-01-23 13:30:00-05:00,9.023099899291992,9.029999732971191,8.890000343322754,8.899999618530273,5352,0.0,0.0,0.0
2023-01-23 14:30:00-05:00,8.845000267028809,8.845000267028809,8.63010025024414,8.774999618530273,8130,0.0,0.0,0.0
2023-01-23 15:30:00-05:00,8.789999961853027,8.829999923706055,8.750100135803223,8.829999923706055,4729,0.0,0.0,0.0
2023-01-24 09:30:00-05:00,8.9399995803833,8.989999771118164,8.693400382995605,8.75,33659,0.0,0.0,0.0
2023-01-24 10:30:00-05:00,8.755999565124512,8.869999885559082,8.755999565124512,8.800000190734863,2227,0.0,0.0,0.0
2023-01-24 11:30:00-05:00,8.847000122070312,8.87399959564209,8.800000190734863,8.829999923706055,3312,0.0,0.0,0.0
2023-01-24 12:30:00-05:00,8.800000190734863,8.800000190734863,8.747200012207031,8.779999732971191,580,0.0,0.0,0.0
2023-01-24 13:30:00-05:00,8.84000015258789,8.869999885559082,8.780099868774414,8.819999694824219,11886,0.0,0.0,0.0
2023-01-24 14:30:00-05:00,8.899999618530273,8.899999618530273,8.789999961853027,8.809000015258789,1086,0.0,0.0,0.0
2023-01-24 15:30:00-05:00,8.800000190734863,8.800000190734863,8.739999771118164,8.744999885559082,0,0.0,0.0,0.0
2023-01-25 09:30:00-05:00,8.510000228881836,8.529999732971191,8.050000190734863,8.060099601745605,50480,0.0,0.0,0.0
2023-01-25 10:30:00-05:00,8.199999809265137,8.390000343322754,8.187999725341797,8.344400405883789,5669,0.0,0.0,0.0
2023-01-25 11:30:00-05:00,8.380000114440918,8.390000343322754,8.370800018310547,8.390000343322754,4860,0.0,0.0,0.0
2023-01-25 12:30:00-05:00,8.380000114440918,8.479999542236328,8.37399959564209,8.467499732971191,2321,0.0,0.0,0.0
2023-01-25 13:30:00-05:00,8.550000190734863,8.65999984741211,8.532500267028809,8.649999618530273,1250,0.0,0.0,0.0
2023-01-25 14:30:00-05:00,8.640000343322754,8.720000267028809,8.640000343322754,8.720000267028809,11835,0.0,0.0,0.0
2023-01-25 15:30:00-05:00,8.670100212097168,8.710000038146973,8.670100212097168,8.690500259399414,0,0.0,0.0,0.0
2023-01-26 09:30:00-05:00,9.0,9.14840030670166,8.954999923706055,8.970100402832031,12474,0.0,0.0,0.0
2023-01-26 10:30:00-05:00,8.979999542236328,8.979999542236328,8.829999923706055,8.840100288391113,5788,0.0,0.0,0.0
2023-01-26 11:30:00-05:00,8.8100004196167,8.925000190734863,8.803999900817871,8.920000076293945,3542,0.0,0.0,0.0
2023-01-26 12:30:00-05:00,8.930000305175781,8.954999923706055,8.869999885559082,8.895000457763672,4244,0.0,0.0,0.0
2023-01-26 13:30:00-05:00,8.940099716186523,8.960000038146973,8.930000305175781,8.949899673461914,4878,0.0,0.0,0.0
2023-01-26 14:30:00-05:00,8.970000267028809,8.970000267028809,8.960000038146973,8.960000038146973,876,0.0,0.0,0.0
2023-01-26 15:30:00-05:00,8.960000038146973,9.004400253295898,8.951299667358398,9.004400253295898,1003,0.0,0.0,0.0
2023-01-27 09:30:00-05:00,8.90999984741211,9.010000228881836,8.854999542236328,8.984999656677246,12333,0.0,0.0,0.0
2023-01-27 10:30:00-05:00,8.970100402832031,8.990099906921387,8.9399995803833,8.979999542236328,6801,0.0,0.0,0.0
2023-01-27 11:30:00-05:00,9.040399551391602,9.153400421142578,9.040399551391602,9.153400421142578,1801,0.0,0.0,0.0
2023-01-27 12:30:00-05:00,9.161600112915039,9.199999809265137,9.113300323486328,9.149999618530273,3546,0.0,0.0,0.0
2023-01-27 13:30:00-05:00,9.149999618530273,9.180000305175781,9.130000114440918,9.150099754333496,6029,0.0,0.0,0.0
2023-01-27 14:30:00-05:00,9.170000076293945,9.350000381469727,9.170000076293945,9.29990005493164,10161,0.0,0.0,0.0
2023-01-27 15:30:00-05:00,9.329999923706055,9.330100059509277,9.109999656677246,9.180000305175781,8504,0.0,0.0,0.0
2023-01-30 09:30:00-05:00,9.140000343322754,9.48900032043457,8.970000267028809,9.239999771118164,20591,0.0,0.0,0.0
2023-01-30 10:30:00-05:00,9.180000305175781,9.239999771118164,9.109999656677246,9.1899995803833,5912,0.0,0.0,0.0
2023-01-30 11:30:00-05:00,9.1899995803833,9.210000038146973,9.09000015258789,9.199999809265137,122667,0.0,0.0,0.0
2023-01-30 12:30:00-05:00,9.20989990234375,9.20989990234375,9.070099830627441,9.140000343322754,4060,0.0,0.0,0.0
2023-01-30 13:30:00-05:00,9.109999656677246,9.109999656677246,8.869999885559082,8.869999885559082,3765,0.0,0.0,0.0
2023-01-30 14:30:00-05:00,8.864999771118164,8.869999885559082,8.710000038146973,8.710000038146973,7428,0.0,0.0,0.0
2023-01-30 15:30:00-05:00,8.6899995803833,8.6899995803833,8.539999961853027,8.569999694824219,0,0.0,0.0,0.0
2023-01-31 09:30:00-05:00,8.760000228881836,8.93850040435791,8.720100402832031,8.760000228881836,10338,0.0,0.0,0.0
2023-01-31 10:30:00-05:00,8.84000015258789,8.90999984741211,8.830499649047852,8.90999984741211,1962,0.0,0.0,0.0
2023-01-31 11:30:00-05:00,8.899999618530273,8.899999618530273,8.800100326538086,8.84000015258789,3734,0.0,0.0,0.0
2023-01-31 12:30:00-05:00,8.899999618530273,8.956999778747559,8.888999938964844,8.888999938964844,1627,0.0,0.0,0.0
2023-01-31 13:30:00-05:00,8.878499984741211,8.960000038146973,8.878499984741211,8.930000305175781,3608,0.0,0.0,0.0
2023-01-31 14:30:00-05:00,8.899999618530273,8.90999984741211,8.873900413513184,8.873900413513184,921,0.0,0.0,0.0
2023-01-31 15:30:00-05:00,8.859999656677246,8.90999984741211,8.859999656677246,8.890000343322754,2654,0.0,0.0,0.0
2023-02-01 09:30:00-05:00,8.949999809265137,8.949999809265137,8.850000381469727,8.920000076293945,3863,0.0,0.0,0.0
2023-02-01 10:30:00-05:00,8.85949993133545,8.85949993133545,8.6899995803833,8.755000114440918,3008,0.0,0.0,0.0
2023-02-01 11:30:00-05:00,8.779999732971191,8.779999732971191,8.744999885559082,8.758999824523926,865,0.0,0.0,0.0
2023-02-01 12:30:00-05:00,8.720000267028809,8.8100004196167,8.720000267028809,8.765000343322754,5375,0.0,0.0,0.0
2023-02-01 13:30:00-05:00,8.8100004196167,8.960000038146973,8.779999732971191,8.95989990234375,2667,0.0,0.0,0.0
2023-02-01 14:30:00-05:00,8.890000343322754,9.369999885559082,8.890000343322754,9.366000175476074,29764,0.0,0.0,0.0
2023-02-01 15:30:00-05:00,9.420000076293945,9.539999961853027,9.420000076293945,9.479999542236328,0,0.0,0.0,0.0
2023-02-02 09:30:00-05:00,9.8100004196167,10.057000160217285,9.590100288391113,9.869999885559082,41617,0.0,0.0,0.0
2023-02-02 10:30:00-05:00,9.899999618530273,10.159000396728516,9.899999618530273,10.020000457763672,12909,0.0,0.0,0.0
2023-02-02 11:30:00-05:00,10.029999732971191,10.130000114440918,9.989999771118164,10.089900016784668,20012,0.0,0.0,0.0
2023-02-02 12:30:00-05:00,10.109999656677246,10.464699745178223,10.109999656677246,10.425000190734863,12633,0.0,0.0,0.0
2023-02-02 13:30:00-05:00,10.568400382995605,10.568400382995605,10.170000076293945,10.170000076293945,11209,0.0,0.0,0.0
2023-02-02 14:30:00-05:00,10.15999984741211,10.15999984741211,9.75,9.947500228881836,19548,0.0,0.0,0.0
2023-02-02 15:30:00-05:00,9.92199993133545,10.100000381469727,9.92199993133545,10.079999923706055,19651,0.0,0.0,0.0
2023-02-03 09:30:00-05:00,9.829999923706055,10.069999694824219,9.489999771118164,9.968999862670898,25542,0.0,0.0,0.0
2023-02-03 10:30:00-05:00,9.949999809265137,10.029999732971191,9.850000381469727,9.859000205993652,10227,0.0,0.0,0.0
2023-02-03 11:30:00-05:00,9.899999618530273,9.960000038146973,9.75,9.824999809265137,9002,0.0,0.0,0.0
2023-02-03 12:30:00-05:00,9.819999694824219,9.819999694824219,9.59000015258789,9.59000015258789,23161,0.0,0.0,0.0
2023-02-03 13:30:00-05:00,9.538000106811523,9.539999961853027,9.300000190734863,9.300000190734863,87314,0.0,0.0,0.0
2023-02-03 14:30:00-05:00,9.390000343322754,9.404999732971191,9.28499984741211,9.350000381469727,35987,0.0,0.0,0.0
2023-02-03 15:30:00-05:00,9.319999694824219,9.369999885559082,9.29990005493164,9.369999885559082,5393,0.0,0.0,0.0
2023-02-06 09:30:00-05:00,9.220000267028809,9.444999694824219,9.069999694824219,9.137900352478027,18449,0.0,0.0,0.0
2023-02-06 10:30:00-05:00,9.079999923706055,9.449999809265137,9.039999961853027,9.449999809265137,21588,0.0,0.0,0.0
2023-02-06 11:30:00-05:00,9.4399995803833,9.4399995803833,9.289999961853027,9.305100440979004,5461,0.0,0.0,0.0
2023-02-06 12:30:00-05:00,9.34000015258789,9.369999885559082,9.3100004196167,9.3100004196167,2276,0.0,0.0,0.0
2023-02-06 13:30:00-05:00,9.279999732971191,9.460000038146973,9.229999542236328,9.460000038146973,3021,0.0,0.0,0.0
2023-02-06 14:30:00-05:00,9.300000190734863,9.300000190734863,9.300000190734863,9.300000190734863,412,0.0,0.0,0.0
2023-02-06 15:30:00-05:00,9.305000305175781,9.369999885559082,9.305000305175781,9.34000015258789,2354,0.0,0.0,0.0
2023-02-07 09:30:00-05:00,9.4399995803833,9.4399995803833,8.899999618530273,8.899999618530273,0,0.0,0.0,0.0
2023-02-07 10:30:00-05:00,8.930000305175781,8.9399995803833,8.925000190734863,8.9399995803833,2160,0.0,0.0,0.0
2023-02-07 11:30:00-05:00,8.920000076293945,8.965200424194336,8.920000076293945,8.965200424194336,496,0.0,0.0,0.0
2023-02-07 12:30:00-05:00,8.90999984741211,9.29170036315918,8.90999984741211,8.999899864196777,24855,0.0,0.0,0.0
2023-02-07 13:30:00-05:00,8.89009952545166,9.109999656677246,8.89009952545166,9.079999923706055,3598,0.0,0.0,0.0
2023-02-07 14:30:00-05:00,9.079999923706055,9.149999618530273,9.079999923706055,9.140000343322754,35479,0.0,0.0,0.0
2023-02-07 15:30:00-05:00,9.229999542236328,9.300000190734863,9.220000267028809,9.260000228881836,0,0.0,0.0,0.0
2023-02-08 09:30:00-05:00,9.0,9.45989990234375,9.0,9.140000343322754,24263,0.0,0.0,0.0
2023-02-08 10:30:00-05:00,9.100000381469727,9.100000381469727,8.84000015258789,8.869999885559082,7235,0.0,0.0,0.0
2023-02-08 11:30:00-05:00,8.880000114440918,9.079999923706055,8.880000114440918,9.079999923706055,3859,0.0,0.0,0.0
2023-02-08 12:30:00-05:00,9.039999961853027,9.039999961853027,9.039999961853027,9.039999961853027,732,0.0,0.0,0.0
2023-02-08 14:30:00-05:00,8.899999618530273,8.949999809265137,8.899999618530273,8.899999618530273,1718,0.0,0.0,0.0
2023-02-08 15:30:00-05:00,8.920000076293945,8.920000076293945,8.869999885559082,8.880000114440918,0,0.0,0.0,0.0
2023-02-09 09:30:00-05:00,8.989999771118164,8.989999771118164,8.680000305175781,8.680000305175781,17812,0.0,0.0,0.0
2023-02-09 10:30:00-05:00,8.630000114440918,8.649999618530273,8.529999732971191,8.529999732971191,14109,0.0,0.0,0.0
2023-02-09 11:30:00-05:00,8.529999732971191,8.529999732971191,8.460000038146973,8.501999855041504,12209,0.0,0.0,0.0
2023-02-09 12:30:00-05:00,8.5,8.5,8.383000373840332,8.414999961853027,14848,0.0,0.0,0.0
2023-02-09 13:30:00-05:00,8.400099754333496,8.400099754333496,8.25,8.25,2934,0.0,0.0,0.0
2023-02-09 14:30:00-05:00,8.220000267028809,8.220000267028809,8.041099548339844,8.041099548339844,8415,0.0,0.0,0.0
2023-02-09 15:30:00-05:00,8.049500465393066,8.100000381469727,8.0,8.029999732971191,8342,0.0,0.0,0.0
2023-02-10 09:30:00-05:00,7.849999904632568,8.059900283813477,7.760000228881836,7.949999809265137,22915,0.0,0.0,0.0
2023-02-10 10:30:00-05:00,7.98799991607666,7.989999771118164,7.889999866485596,7.940000057220459,3025,0.0,0.0,0.0
2023-02-10 11:30:00-05:00,7.849999904632568,7.849999904632568,7.840099811553955,7.840099811553955,437,0.0,0.0,0.0
2023-02-10 12:30:00-05:00,7.820000171661377,7.929999828338623,7.820000171661377,7.929999828338623,2618,0.0,0.0,0.0
2023-02-10 13:30:00-05:00,7.90500020980835,7.90500020980835,7.899899959564209,7.899899959564209,343,0.0,0.0,0.0
2023-02-10 14:30:00-05:00,7.900000095367432,7.900000095367432,7.889999866485596,7.889999866485596,926,0.0,0.0,0.0
2023-02-10 15:30:00-05:00,7.880000114440918,7.889999866485596,7.820000171661377,7.820000171661377,6704,0.0,0.0,0.0
2023-02-13 09:30:00-05:00,7.800000190734863,7.800000190734863,7.653600215911865,7.699999809265137,3994,0.0,0.0,0.0
2023-02-13 10:30:00-05:00,7.75,7.7881999015808105,7.699999809265137,7.760000228881836,6965,0.0,0.0,0.0
2023-02-13 11:30:00-05:00,7.71999979019165,7.755000114440918,7.71999979019165,7.739999771118164,2488,0.0,0.0,0.0
2023-02-13 12:30:00-05:00,7.749000072479248,7.749000072479248,7.690000057220459,7.695000171661377,2609,0.0,0.0,0.0
2023-02-13 13:30:00-05:00,7.670000076293945,7.70989990234375,7.650000095367432,7.658999919891357,9042,0.0,0.0,0.0
2023-02-13 14:30:00-05:00,7.659999847412109,7.679900169372559,7.650000095367432,7.660999774932861,7015,0.0,0.0,0.0
2023-02-13 15:30:00-05:00,7.639999866485596,7.639999866485596,7.619999885559082,7.630000114440918,0,0.0,0.0,0.0
2023-02-14 09:30:00-05:00,7.610000133514404,8.260100364685059,7.53000020980835,8.069999694824219,22626,0.0,0.0,0.0
2023-02-14 10:30:00-05:00,8.008299827575684,8.069999694824219,7.849999904632568,7.869999885559082,15106,0.0,0.0,0.0
2023-02-14 11:30:00-05:00,7.849999904632568,7.888400077819824,7.849999904632568,7.888400077819824,751,0.0,0.0,0.0
2023-02-14 12:30:00-05:00,7.920000076293945,8.140000343322754,7.789999961853027,7.789999961853027,6186,0.0,0.0,0.0
2023-02-14 13:30:00-05:00,8.029999732971191,8.029999732971191,7.929999828338623,7.929999828338623,2389,0.0,0.0,0.0
2023-02-14 14:30:00-05:00,7.96999979019165,8.138999938964844,7.96999979019165,8.128999710083008,3149,0.0,0.0,0.0
2023-02-14 15:30:00-05:00,8.130000114440918,8.169899940490723,7.90500020980835,7.90500020980835,3976,0.0,0.0,0.0
2023-02-15 09:30:00-05:00,8.40999984741211,8.489999771118164,8.305000305175781,8.45989990234375,31489,0.0,0.0,0.0
2023-02-15 10:30:00-05:00,8.470000267028809,8.670000076293945,8.470000267028809,8.622900009155273,6813,0.0,0.0,0.0
2023-02-15 11:30:00-05:00,8.678799629211426,8.719400405883789,8.649999618530273,8.654999732971191,3316,0.0,0.0,0.0
2023-02-15 12:30:00-05:00,8.689000129699707,8.720000267028809,8.687100410461426,8.720000267028809,1545,0.0,0.0,0.0
2023-02-15 13:30:00-05:00,8.805000305175781,8.949000358581543,8.789999961853027,8.899999618530273,7798,0.0,0.0,0.0
2023-02-15 14:30:00-05:00,8.949999809265137,8.999899864196777,8.850000381469727,8.989999771118164,7327,0.0,0.0,0.0
2023-02-15 15:30:00-05:00,9.059900283813477,9.119999885559082,9.029999732971191,9.09000015258789,0,0.0,0.0,0.0
2023-02-16 09:30:00-05:00,9.100000381469727,9.1899995803833,8.85990047454834,9.173800468444824,24901,0.0,0.0,0.0
2023-02-16 10:30:00-05:00,9.300000190734863,9.649999618530273,9.300000190734863,9.409899711608887,14505,0.0,0.0,0.0
2023-02-16 11:30:00-05:00,9.460000038146973,9.569999694824219,9.430000305175781,9.430000305175781,41081,0.0,0.0,0.0
2023-02-16 12:30:00-05:00,9.5,9.5600004196167,9.329999923706055,9.329999923706055,10885,0.0,0.0,0.0
2023-02-16 13:30:00-05:00,9.359999656677246,9.460000038146973,9.34000015258789,9.460000038146973,5925,0.0,0.0,0.0
2023-02-16 14:30:00-05:00,9.350000381469727,9.350000381469727,9.029899597167969,9.029899597167969,6934,0.0,0.0,0.0
2023-02-16 15:30:00-05:00,9.0,9.0,8.899999618530273,8.899999618530273,5457,0.0,0.0,0.0
2023-02-17 09:30:00-05:00,8.880000114440918,8.999899864196777,8.649999618530273,8.750900268554688,22612,0.0,0.0,0.0
2023-02-17 10:30:00-05:00,8.729999542236328,8.84000015258789,8.70199966430664,8.729999542236328,24312,0.0,0.0,0.0
2023-02-17 11:30:00-05:00,8.710000038146973,8.819999694824219,8.675000190734863,8.8100004196167,19999,0.0,0.0,0.0
2023-02-17 12:30:00-05:00,8.829999923706055,8.829999923706055,8.760000228881836,8.760000228881836,2453,0.0,0.0,0.0
2023-02-17 13:30:00-05:00,8.749899864196777,8.817000389099121,8.734999656677246,8.817000389099121,5654,0.0,0.0,0.0
2023-02-17 14:30:00-05:00,8.8100004196167,8.970100402832031,8.8100004196167,8.970100402832031,764,0.0,0.0,0.0
2023-02-17 15:30:00-05:00,9.048999786376953,9.0600004196167,9.010000228881836,9.0600004196167,8154,0.0,0.0,0.0
2023-02-21 09:30:00-05:00,8.960000038146973,9.020099639892578,8.550000190734863,8.550000190734863,22712,0.0,0.0,0.0
2023-02-21 10:30:00-05:00,8.640000343322754,8.649999618530273,8.539999961853027,8.539999961853027,1988,0.0,0.0,0.0
2023-02-21 11:30:00-05:00,8.5,8.564599990844727,8.5,8.564599990844727,1380,0.0,0.0,0.0
2023-02-21 12:30:00-05:00,8.6899995803833,8.733799934387207,8.65999984741211,8.670000076293945,1338,0.0,0.0,0.0
2023-02-21 13:30:00-05:00,8.611000061035156,8.611000061035156,8.539999961853027,8.5649995803833,2556,0.0,0.0,0.0
2023-02-21 14:30:00-05:00,8.5600004196167,8.5600004196167,8.5600004196167,8.5600004196167,205,0.0,0.0,0.0
2023-02-21 15:30:00-05:00,8.489999771118164,8.489999771118164,8.484999656677246,8.484999656677246,613,0.0,0.0,0.0
2023-02-22 09:30:00-05:00,8.369999885559082,8.510000228881836,8.100000381469727,8.130000114440918,28419,0.0,0.0,0.0
2023-02-22 10:30:00-05:00,8.020000457763672,8.164999961853027,8.020000457763672,8.164999961853027,5038,0.0,0.0,0.0
2023-02-22 11:30:00-05:00,8.170000076293945,8.170000076293945,8.170000076293945,8.170000076293945,1302,0.0,0.0,0.0
2023-02-22 12:30:00-05:00,8.21500015258789,8.25,8.21500015258789,8.25,3256,0.0,0.0,0.0
2023-02-22 13:30:00-05:00,8.329999923706055,8.329999923706055,8.260000228881836,8.260000228881836,2155,0.0,0.0,0.0
2023-02-22 14:30:00-05:00,8.220000267028809,8.220000267028809,8.220000267028809,8.220000267028809,1488,0.0,0.0,0.0
2023-02-22 15:30:00-05:00,8.180000305175781,8.199999809265137,8.180000305175781,8.199999809265137,0,0.0,0.0,0.0
2023-02-23 09:30:00-05:00,8.380000114440918,8.380000114440918,8.220000267028809,8.239999771118164,2028,0.0,0.0,0.0
2023-02-23 10:30:00-05:00,8.279999732971191,8.279999732971191,8.130000114440918,8.167699813842773,7847,0.0,0.0,0.0
2023-02-23 11:30:00-05:00,8.14680004119873,8.14680004119873,8.069999694824219,8.069999694824219,2085,0.0,0.0,0.0
2023-02-23 12:30:00-05:00,8.149999618530273,8.149999618530273,8.149999618530273,8.149999618530273,709,0.0,0.0,0.0
2023-02-23 13:30:00-05:00,8.15999984741211,8.229999542236328,8.13640022277832,8.229999542236328,3315,0.0,0.0,0.0
2023-02-23 14:30:00-05:00,8.239999771118164,8.300000190734863,8.220000267028809,8.300000190734863,6044,0.0,0.0,0.0
2023-02-23 15:30:00-05:00,8.270000457763672,8.270000457763672,8.229999542236328,8.25,0,0.0,0.0,0.0
2023-02-24 09:30:00-05:00,8.020000457763672,8.020000457763672,7.869999885559082,7.869999885559082,4154,0.0,0.0,0.0
2023-02-24 10:30:00-05:00,7.76200008392334,7.769999980926514,7.71999979019165,7.769999980926514,12059,0.0,0.0,0.0
2023-02-24 11:30:00-05:00,7.78000020980835,7.829999923706055,7.769899845123291,7.769899845123291,6538,0.0,0.0,0.0
2023-02-24 12:30:00-05:00,7.71999979019165,7.71999979019165,7.699999809265137,7.699999809265137,1202,0.0,0.0,0.0
2023-02-24 13:30:00-05:00,7.684999942779541,7.684999942779541,7.684999942779541,7.684999942779541,455,0.0,0.0,0.0
2023-02-24 14:30:00-05:00,7.75,7.762700080871582,7.749899864196777,7.759900093078613,7517,0.0,0.0,0.0
2023-02-24 15:30:00-05:00,7.739999771118164,7.749899864196777,7.730000019073486,7.749899864196777,1179,0.0,0.0,0.0
2023-02-27 09:30:00-05:00,7.880000114440918,8.069999694824219,7.880000114440918,8.069999694824219,5956,0.0,0.0,0.0
2023-02-27 10:30:00-05:00,7.985000133514404,7.985000133514404,7.838399887084961,7.838399887084961,5225,0.0,0.0,0.0
2023-02-27 13:30:00-05:00,7.770999908447266,7.809999942779541,7.770999908447266,7.809999942779541,326,0.0,0.0,0.0
2023-02-27 14:30:00-05:00,7.75,7.75,7.75,7.75,167,0.0,0.0,0.0
2023-02-27 15:30:00-05:00,7.730800151824951,7.75,7.730800151824951,7.75,215,0.0,0.0,0.0
2023-02-28 09:30:00-05:00,7.75,7.780099868774414,7.710000038146973,7.739999771118164,5160,0.0,0.0,0.0
2023-02-28 10:30:00-05:00,7.849999904632568,7.960000038146973,7.849999904632568,7.960000038146973,4795,0.0,0.0,0.0
2023-02-28 11:30:00-05:00,7.9096999168396,7.919899940490723,7.900000095367432,7.919899940490723,1734,0.0,0.0,0.0
2023-02-28 12:30:00-05:00,7.969900131225586,7.979899883270264,7.969900131225586,7.979899883270264,3400,0.0,0.0,0.0
2023-02-28 13:30:00-05:00,7.9899001121521,8.0,7.920000076293945,7.920000076293945,3776,0.0,0.0,0.0
2023-02-28 14:30:00-05:00,7.890100002288818,7.909900188446045,7.78000020980835,7.889999866485596,611,0.0,0.0,0.0
2023-03-01 09:30:00-05:00,7.769999980926514,7.860000133514404,7.670000076293945,7.730000019073486,3464,0.0,0.0,0.0
2023-03-01 10:30:00-05:00,7.699999809265137,7.849999904632568,7.650000095367432,7.650000095367432,6516,0.0,0.0,0.0
2023-03-01 11:30:00-05:00,7.689899921417236,7.739999771118164,7.659999847412109,7.659999847412109,4452,0.0,0.0,0.0
2023-03-01 13:30:00-05:00,7.590000152587891,7.590000152587891,7.513000011444092,7.513000011444092,1025,0.0,0.0,0.0
2023-03-01 14:30:00-05:00,7.46999979019165,7.46999979019165,7.46999979019165,7.46999979019165,791,0.0,0.0,0.0
2023-03-01 15:30:00-05:00,7.539999961853027,7.570000171661377,7.539999961853027,7.570000171661377,0,0.0,0.0,0.0
2023-03-02 09:30:00-05:00,7.420000076293945,7.429999828338623,7.329999923706055,7.380000114440918,13127,0.0,0.0,0.0
2023-03-02 10:30:00-05:00,7.420100212097168,7.46999979019165,7.400000095367432,7.400000095367432,7877,0.0,0.0,0.0
2023-03-02 11:30:00-05:00,7.409999847412109,7.409999847412109,7.400000095367432,7.400000095367432,1121,0.0,0.0,0.0
2023-03-02 12:30:00-05:00,7.420000076293945,7.429999828338623,7.420000076293945,7.429999828338623,1999,0.0,0.0,0.0
2023-03-02 13:30:00-05:00,7.460000038146973,7.5,7.460000038146973,7.5,1275,0.0,0.0,0.0
2023-03-02 14:30:00-05:00,7.607999801635742,7.610000133514404,7.599999904632568,7.599999904632568,556,0.0,0.0,0.0
2023-03-02 15:30:00-05:00,7.590000152587891,7.591000080108643,7.550000190734863,7.559999942779541,0,0.0,0.0,0.0
2023-03-03 09:30:00-05:00,7.320000171661377,7.484000205993652,7.320000171661377,7.460100173950195,14592,0.0,0.0,0.0
2023-03-03 11:30:00-05:00,7.400000095367432,7.510000228881836,7.400000095367432,7.510000228881836,3515,0.0,0.0,0.0
2023-03-03 12:30:00-05:00,7.550000190734863,7.550000190734863,7.510000228881836,7.550000190734863,1594,0.0,0.0,0.0
2023-03-03 13:30:00-05:00,7.5,7.579999923706055,7.5,7.579999923706055,2640,0.0,0.0,0.0
2023-03-03 14:30:00-05:00,7.551700115203857,7.565000057220459,7.539999961853027,7.539999961853027,784,0.0,0.0,0.0
2023-03-06 09:30:00-05:00,7.5,7.619999885559082,7.409999847412109,7.619999885559082,28158,0.0,0.0,0.0
2023-03-06 10:30:00-05:00,7.670000076293945,7.75,7.670000076293945,7.75,3281,0.0,0.0,0.0
2023-03-06 11:30:00-05:00,7.690000057220459,7.699999809265137,7.650000095367432,7.650000095367432,6021,0.0,0.0,0.0
2023-03-06 12:30:00-05:00,7.689899921417236,7.689899921417236,7.570000171661377,7.579999923706055,1638,0.0,0.0,0.0
2023-03-06 13:30:00-05:00,7.539999961853027,7.550000190734863,7.480000019073486,7.480000019073486,3635,0.0,0.0,0.0
2023-03-06 14:30:00-05:00,7.489999771118164,7.5,7.480000019073486,7.5,1642,0.0,0.0,0.0
2023-03-06 15:30:00-05:00,7.429999828338623,7.440000057220459,7.429999828338623,7.438600063323975,690,0.0,0.0,0.0
2023-03-07 09:30:00-05:00,7.420000076293945,7.53000020980835,7.269999980926514,7.340000152587891,9123,0.0,0.0,0.0
2023-03-07 10:30:00-05:00,7.369999885559082,7.409999847412109,7.329999923706055,7.340000152587891,3893,0.0,0.0,0.0
2023-03-07 11:30:00-05:00,7.320000171661377,7.420000076293945,7.320000171661377,7.420000076293945,3282,0.0,0.0,0.0
2023-03-07 12:30:00-05:00,7.420000076293945,7.480000019073486,7.3790998458862305,7.3790998458862305,3148,0.0,0.0,0.0
2023-03-07 13:30:00-05:00,7.380000114440918,7.380000114440918,7.300000190734863,7.300000190734863,737,0.0,0.0,0.0
2023-03-07 14:30:00-05:00,7.25,7.289999961853027,7.21999979019165,7.21999979019165,2031,0.0,0.0,0.0
2023-03-07 15:30:00-05:00,7.239999771118164,7.269999980926514,7.239999771118164,7.269999980926514,981,0.0,0.0,0.0
2023-03-08 09:30:00-05:00,7.369999885559082,7.369999885559082,7.079999923706055,7.119999885559082,5607,0.0,0.0,0.0
2023-03-08 10:30:00-05:00,7.210000038146973,7.269999980926514,7.190000057220459,7.190000057220459,3886,0.0,0.0,0.0
2023-03-08 11:30:00-05:00,7.139999866485596,7.210999965667725,7.139999866485596,7.199999809265137,2011,0.0,0.0,0.0
2023-03-08 12:30:00-05:00,7.139999866485596,7.168000221252441,7.139999866485596,7.168000221252441,847,0.0,0.0,0.0
2023-03-08 13:30:00-05:00,7.150000095367432,7.150100231170654,7.150000095367432,7.150000095367432,1449,0.0,0.0,0.0
2023-03-08 15:30:00-05:00,7.159999847412109,7.159999847412109,7.159999847412109,7.159999847412109,200,0.0,0.0,0.0
2023-03-09 09:30:00-05:00,7.199999809265137,7.199999809265137,7.050000190734863,7.090000152587891,21015,0.0,0.0,0.0
2023-03-09 10:30:00-05:00,7.079999923706055,7.119999885559082,7.039999961853027,7.039999961853027,3848,0.0,0.0,0.0
2023-03-09 11:30:00-05:00,7.03000020980835,7.03000020980835,7.0,7.0,763,0.0,0.0,0.0
2023-03-09 12:30:00-05:00,6.900000095367432,6.900000095367432,6.809999942779541,6.809999942779541,2427,0.0,0.0,0.0
2023-03-09 13:30:00-05:00,6.75,6.75,6.690000057220459,6.710000038146973,1229,0.0,0.0,0.0
2023-03-09 14:30:00-05:00,6.690000057220459,6.690000057220459,6.570000171661377,6.570000171661377,3143,0.0,0.0,0.0
2023-03-09 15:30:00-05:00,6.579999923706055,6.579999923706055,6.519999980926514,6.539999961853027,0,0.0,0.0,0.0
2023-03-10 09:30:00-05:00,6.5,6.549900054931641,6.224999904632568,6.398600101470947,14753,0.0,0.0,0.0
2023-03-10 10:30:00-05:00,6.389999866485596,6.659999847412109,6.389999866485596,6.659999847412109,9711,0.0,0.0,0.0
2023-03-10 11:30:00-05:00,6.690000057220459,6.690000057220459,6.449999809265137,6.460000038146973,3543,0.0,0.0,0.0
2023-03-10 12:30:00-05:00,6.449999809265137,6.480000019073486,6.400000095367432,6.400000095367432,3095,0.0,0.0,0.0
2023-03-10 13:30:00-05:00,6.340000152587891,6.369999885559082,6.300000190734863,6.322000026702881,5201,0.0,0.0,0.0
2023-03-10 14:30:00-05:00,6.349999904632568,6.409999847412109,6.349999904632568,6.409999847412109,1385,0.0,0.0,0.0
2023-03-10 15:30:00-05:00,6.409999847412109,6.420000076293945,6.369999885559082,6.400000095367432,3376,0.0,0.0,0.0
2023-03-13 09:30:00-04:00,6.71999979019165,7.150000095367432,6.590000152587891,7.150000095367432,35688,0.0,0.0,0.0
2023-03-13 10:30:00-04:00,7.159999847412109,7.579999923706055,7.079999923706055,7.505000114440918,16861,0.0,0.0,0.0
2023-03-13 11:30:00-04:00,7.5,7.5,7.300000190734863,7.329699993133545,8832,0.0,0.0,0.0
2023-03-13 12:30:00-04:00,7.210000038146973,7.28000020980835,7.159999847412109,7.159999847412109,4533,0.0,0.0,0.0
2023-03-13 13:30:00-04:00,7.21999979019165,7.369999885559082,7.21999979019165,7.320000171661377,9127,0.0,0.0,0.0
2023-03-13 14:30:00-04:00,7.320000171661377,7.400000095367432,7.320000171661377,7.340000152587891,10915,0.0,0.0,0.0
2023-03-13 15:30:00-04:00,7.440000057220459,7.440000057220459,7.400000095367432,7.420000076293945,0,0.0,0.0,0.0
2023-03-14 09:30:00-04:00,7.809999942779541,8.220000267028809,7.809999942779541,8.119999885559082,11924,0.0,0.0,0.0
2023-03-14 10:30:00-04:00,8.109999656677246,8.138199806213379,7.989999771118164,8.099900245666504,21290,0.0,0.0,0.0
2023-03-14 11:30:00-04:00,8.079999923706055,8.170000076293945,8.050000190734863,8.119999885559082,5702,0.0,0.0,0.0
2023-03-14 12:30:00-04:00,8.130000114440918,8.20989990234375,8.0,8.0,6330,0.0,0.0,0.0
2023-03-14 13:30:00-04:00,7.980000019073486,7.980000019073486,7.75,7.820000171661377,11149,0.0,0.0,0.0
2023-03-14 14:30:00-04:00,7.840000152587891,7.840000152587891,7.590000152587891,7.6331000328063965,10613,0.0,0.0,0.0
2023-03-14 15:30:00-04:00,7.650000095367432,7.75,7.639999866485596,7.739999771118164,0,0.0,0.0,0.0
2023-03-15 09:30:00-04:00,7.739999771118164,7.789999961853027,7.590000152587891,7.659999847412109,25619,0.0,0.0,0.0
2023-03-15 10:30:00-04:00,7.639999866485596,7.650000095367432,7.409999847412109,7.550000190734863,10487,0.0,0.0,0.0
2023-03-15 11:30:00-04:00,7.599999904632568,7.639999866485596,7.429999828338623,7.440000057220459,10633,0.0,0.0,0.0
2023-03-15 12:30:00-04:00,7.449999809265137,7.449999809265137,7.349999904632568,7.449999809265137,5950,0.0,0.0,0.0
2023-03-15 13:30:00-04:00,7.420000076293945,7.489999771118164,7.400000095367432,7.489999771118164,6612,0.0,0.0,0.0
2023-03-15 14:30:00-04:00,7.570000171661377,7.630000114440918,7.5,7.625999927520752,3448,0.0,0.0,0.0
2023-03-15 15:30:00-04:00,7.628900051116943,7.630000114440918,7.579999923706055,7.630000114440918,0,0.0,0.0,0.0
2023-03-16 09:30:00-04:00,7.539999961853027,7.724999904632568,7.539999961853027,7.620100021362305,4302,0.0,0.0,0.0
2023-03-16 10:30:00-04:00,7.630000114440918,7.739999771118164,7.630000114440918,7.730000019073486,3429,0.0,0.0,0.0
2023-03-16 11:30:00-04:00,7.71999979019165,7.730000019073486,7.71999979019165,7.730000019073486,374,0.0,0.0,0.0
2023-03-16 12:30:00-04:00,7.71999979019165,7.789999961853027,7.71999979019165,7.789999961853027,781,0.0,0.0,0.0
2023-03-16 13:30:00-04:00,7.789999961853027,7.829899787902832,7.789999961853027,7.829899787902832,206,0.0,0.0,0.0
2023-03-16 14:30:00-04:00,7.879899978637695,7.949999809265137,7.879899978637695,7.949999809265137,5392,0.0,0.0,0.0
2023-03-16 15:30:00-04:00,7.929999828338623,7.929999828338623,7.880000114440918,7.909999847412109,0,0.0,0.0,0.0
2023-03-17 09:30:00-04:00,8.229999542236328,8.460000038146973,8.175000190734863,8.260100364685059,17494,0.0,0.0,0.0
2023-03-17 10:30:00-04:00,8.329999923706055,8.329999923706055,8.119999885559082,8.289999961853027,16018,0.0,0.0,0.0
2023-03-17 11:30:00-04:00,8.34000015258789,8.350000381469727,8.220000267028809,8.289999961853027,7888,0.0,0.0,0.0
2023-03-17 12:30:00-04:00,8.34000015258789,8.470000267028809,8.300000190734863,8.470000267028809,24903,0.0,0.0,0.0
2023-03-17 13:30:00-04:00,8.449999809265137,8.479999542236328,8.390000343322754,8.4399995803833,9409,0.0,0.0,0.0
2023-03-17 14:30:00-04:00,8.460000038146973,8.614999771118164,8.454999923706055,8.614999771118164,7827,0.0,0.0,0.0
2023-03-17 15:30:00-04:00,8.550000190734863,8.550000190734863,8.430000305175781,8.489999771118164,4608,0.0,0.0,0.0
2023-03-20 09:30:00-04:00,8.609999656677246,8.889900207519531,8.479999542236328,8.679300308227539,38437,0.0,0.0,0.0
2023-03-20 10:30:00-04:00,8.689900398254395,8.770000457763672,8.600000381469727,8.729999542236328,38765,0.0,0.0,0.0
2023-03-20 11:30:00-04:00,8.739999771118164,8.739999771118164,8.380000114440918,8.430000305175781,8446,0.0,0.0,0.0
2023-03-20 12:30:00-04:00,8.4399995803833,8.510000228881836,8.420000076293945,8.470000267028809,10438,0.0,0.0,0.0
2023-03-20 13:30:00-04:00,8.460000038146973,8.460000038146973,8.369999885559082,8.369999885559082,2457,0.0,0.0,0.0
2023-03-20 14:30:00-04:00,8.496999740600586,8.5649995803833,8.470100402832031,8.470100402832031,4322,0.0,0.0,0.0
2023-03-20 15:30:00-04:00,8.53499984741211,8.550000190734863,8.489999771118164,8.489999771118164,0,0.0,0.0,0.0
2023-03-21 09:30:00-04:00,8.699999809265137,8.869999885559082,8.5600004196167,8.59000015258789,27949,0.0,0.0,0.0
2023-03-21 10:30:00-04:00,8.638999938964844,8.800000190734863,8.579999923706055,8.800000190734863,14437,0.0,0.0,0.0
2023-03-21 11:30:00-04:00,8.795000076293945,8.95989990234375,8.744999885559082,8.949999809265137,10515,0.0,0.0,0.0
2023-03-21 12:30:00-04:00,8.979999542236328,9.169899940490723,8.979999542236328,9.14840030670166,3758,0.0,0.0,0.0
2023-03-21 13:30:00-04:00,9.166399955749512,9.166399955749512,9.109999656677246,9.119999885559082,5000,0.0,0.0,0.0
2023-03-21 14:30:00-04:00,9.1899995803833,9.244999885559082,9.1899995803833,9.244999885559082,1854,0.0,0.0,0.0
2023-03-21 15:30:00-04:00,9.274999618530273,9.369999885559082,9.274999618530273,9.319999694824219,0,0.0,0.0,0.0
2023-03-22 09:30:00-04:00,9.399999618530273,9.4350004196167,9.199999809265137,9.40999984741211,19642,0.0,0.0,0.0
2023-03-22 10:30:00-04:00,9.319999694824219,9.600000381469727,9.319999694824219,9.569999694824219,24542,0.0,0.0,0.0
2023-03-22 11:30:00-04:00,9.539999961853027,9.5600004196167,9.208200454711914,9.239999771118164,11662,0.0,0.0,0.0
2023-03-22 12:30:00-04:00,9.25,9.279000282287598,9.15999984741211,9.15999984741211,6408,0.0,0.0,0.0
2023-03-22 13:30:00-04:00,9.109999656677246,9.450900077819824,9.109999656677246,9.25,12233,0.0,0.0,0.0
2023-03-22 14:30:00-04:00,9.1899995803833,9.255000114440918,8.729999542236328,8.84000015258789,22068,0.0,0.0,0.0
2023-03-22 15:30:00-04:00,8.779999732971191,8.789999961853027,8.40999984741211,8.430000305175781,6564,0.0,0.0,0.0
2023-03-23 09:30:00-04:00,8.550000190734863,8.979900360107422,8.550000190734863,8.949999809265137,20369,0.0,0.0,0.0
2023-03-23 10:30:00-04:00,8.90999984741211,9.300000190734863,8.90999984741211,9.239700317382812,13916,0.0,0.0,0.0
2023-03-23 11:30:00-04:00,9.239999771118164,9.350000381469727,9.149999618530273,9.154999732971191,20693,0.0,0.0,0.0
2023-03-23 12:30:00-04:00,9.1899995803833,9.199999809265137,9.0,9.039999961853027,10297,0.0,0.0,0.0
2023-03-23 13:30:00-04:00,9.020000457763672,9.140000343322754,9.020000457763672,9.0600004196167,8289,0.0,0.0,0.0
2023-03-23 14:30:00-04:00,8.890000343322754,8.979999542236328,8.846799850463867,8.979999542236328,8601,0.0,0.0,0.0
2023-03-23 15:30:00-04:00,9.039999961853027,9.18970012664795,9.039999961853027,9.15999984741211,0,0.0,0.0,0.0
2023-03-24 09:30:00-04:00,9.069999694824219,9.069999694824219,8.720000267028809,8.850000381469727,24211,0.0,0.0,0.0
2023-03-24 10:30:00-04:00,8.9173002243042,8.920000076293945,8.734999656677246,8.789999961853027,0,0.0,0.0,0.0
2023-03-24 11:30:00-04:00,8.8100004196167,8.8100004196167,8.720000267028809,8.720000267028809,0,0.0,0.0,0.0
2023-03-24 12:30:00-04:00,8.729999542236328,8.739999771118164,8.5600004196167,8.5600004196167,43611,0.0,0.0,0.0
2023-03-24 13:30:00-04:00,8.600000381469727,8.619999885559082,8.539999961853027,8.619999885559082,6075,0.0,0.0,0.0
2023-03-24 14:30:00-04:00,8.619999885559082,8.654999732971191,8.619999885559082,8.640000343322754,1462,0.0,0.0,0.0
2023-03-24 15:30:00-04:00,8.6850004196167,8.6850004196167,8.640000343322754,8.640000343322754,3460,0.0,0.0,0.0
2023-03-27 09:30:00-04:00,8.729999542236328,8.729999542236328,8.15999984741211,8.15999984741211,13385,0.0,0.0,0.0
2023-03-27 10:30:00-04:00,8.145000457763672,8.279999732971191,8.079899787902832,8.130000114440918,14223,0.0,0.0,0.0
2023-03-27 11:30:00-04:00,8.170000076293945,8.220000267028809,8.0600004196167,8.220000267028809,9963,0.0,0.0,0.0
2023-03-27 12:30:00-04:00,8.1899995803833,8.210000038146973,8.149999618530273,8.210000038146973,1934,0.0,0.0,0.0
2023-03-27 13:30:00-04:00,8.220000267028809,8.220000267028809,8.194999694824219,8.194999694824219,2687,0.0,0.0,0.0
2023-03-27 14:30:00-04:00,8.28499984741211,8.28499984741211,8.28499984741211,8.28499984741211,549,0.0,0.0,0.0
2023-03-27 15:30:00-04:00,8.210000038146973,8.210000038146973,8.149999618530273,8.180000305175781,500,0.0,0.0,0.0
2023-03-28 09:30:00-04:00,8.140000343322754,8.140000343322754,7.949999809265137,8.029999732971191,31921,0.0,0.0,0.0
2023-03-28 10:30:00-04:00,7.989999771118164,8.0,7.96999979019165,8.0,2730,0.0,0.0,0.0
2023-03-28 11:30:00-04:00,8.079999923706055,8.100000381469727,8.079999923706055,8.079999923706055,1602,0.0,0.0,0.0
2023-03-28 12:30:00-04:00,7.980000019073486,8.001899719238281,7.980000019073486,7.990099906921387,1030,0.0,0.0,0.0
2023-03-28 13:30:00-04:00,8.0,8.0,7.960000038146973,7.980599880218506,8020,0.0,0.0,0.0
2023-03-28 14:30:00-04:00,8.050000190734863,8.170000076293945,8.050000190734863,8.130000114440918,2329,0.0,0.0,0.0
2023-03-28 15:30:00-04:00,8.109999656677246,8.210000038146973,8.10990047454834,8.210000038146973,11028,0.0,0.0,0.0
2023-03-29 09:30:00-04:00,8.5600004196167,8.880000114440918,8.540900230407715,8.720000267028809,24655,0.0,0.0,0.0
2023-03-29 10:30:00-04:00,8.643899917602539,8.643899917602539,8.559900283813477,8.59000015258789,3130,0.0,0.0,0.0
2023-03-29 11:30:00-04:00,8.640000343322754,8.640000343322754,8.59000015258789,8.59000015258789,1582,0.0,0.0,0.0
2023-03-29 12:30:00-04:00,8.600000381469727,8.600000381469727,8.520999908447266,8.520999908447266,2748,0.0,0.0,0.0
2023-03-29 13:30:00-04:00,8.5600004196167,8.630000114440918,8.559000015258789,8.630000114440918,2263,0.0,0.0,0.0
2023-03-29 14:30:00-04:00,8.6899995803833,8.770000457763672,8.670000076293945,8.770000457763672,4158,0.0,0.0,0.0
2023-03-29 15:30:00-04:00,8.710000038146973,8.819999694824219,8.710000038146973,8.819999694824219,970,0.0,0.0,0.0
2023-03-30 09:30:00-04:00,9.0,9.0,8.819999694824219,8.890000343322754,0,0.0,0.0,0.0
2023-03-30 10:30:00-04:00,8.930000305175781,9.010000228881836,8.880000114440918,8.949999809265137,11458,0.0,0.0,0.0
2023-03-30 11:30:00-04:00,8.90999984741211,8.930000305175781,8.800000190734863,8.850000381469727,8955,0.0,0.0,0.0
2023-03-30 12:30:00-04:00,8.84000015258789,8.898799896240234,8.84000015258789,8.890000343322754,3837,0.0,0.0,0.0
2023-03-30 13:30:00-04:00,8.84000015258789,8.84000015258789,8.740099906921387,8.779999732971191,10932,0.0,0.0,0.0
2023-03-30 14:30:00-04:00,8.805000305175781,8.819999694824219,8.805000305175781,8.819999694824219,863,0.0,0.0,0.0
2023-03-30 15:30:00-04:00,8.850000381469727,8.859999656677246,8.829999923706055,8.859999656677246,0,0.0,0.0,0.0
2023-03-31 09:30:00-04:00,8.890000343322754,9.059900283813477,8.859999656677246,9.050000190734863,10990,0.0,0.0,0.0
2023-03-31 10:30:00-04:00,9.119999885559082,9.199999809265137,9.104900360107422,9.140000343322754,4339,0.0,0.0,0.0
2023-03-31 11:30:00-04:00,9.150099754333496,9.180000305175781,9.109999656677246,9.180000305175781,3076,0.0,0.0,0.0
2023-03-31 12:30:00-04:00,9.100000381469727,9.119999885559082,9.100000381469727,9.119999885559082,354,0.0,0.0,0.0
2023-03-31 13:30:00-04:00,9.127099990844727,9.260000228881836,9.127099990844727,9.260000228881836,4715,0.0,0.0,0.0
2023-03-31 14:30:00-04:00,9.270000457763672,9.289999961853027,9.265700340270996,9.279999732971191,3516,0.0,0.0,0.0
2023-03-31 15:30:00-04:00,9.25,9.3100004196167,9.25,9.3100004196167,1145,0.0,0.0,0.0
2023-04-03 09:30:00-04:00,9.069999694824219,9.270000457763672,9.069999694824219,9.210000038146973,8372,0.0,0.0,0.0
2023-04-03 10:30:00-04:00,9.210000038146973,9.220000267028809,8.9399995803833,8.970000267028809,6513,0.0,0.0,0.0
2023-04-03 11:30:00-04:00,9.069999694824219,9.079999923706055,9.010000228881836,9.010000228881836,2332,0.0,0.0,0.0
2023-04-03 12:30:00-04:00,9.010899543762207,9.020000457763672,8.955699920654297,8.979999542236328,4368,0.0,0.0,0.0
2023-04-03 13:30:00-04:00,8.970000267028809,9.010000228881836,8.949999809265137,8.956000328063965,11741,0.0,0.0,0.0
2023-04-03 14:30:00-04:00,9.005399703979492,9.210000038146973,9.005399703979492,9.210000038146973,5584,0.0,0.0,0.0
2023-04-03 15:30:00-04:00,9.234999656677246,9.25,9.229999542236328,9.229999542236328,1852,0.0,0.0,0.0
2023-04-04 09:30:00-04:00,9.210000038146973,9.229999542236328,9.0600004196167,9.0600004196167,15224,0.0,0.0,0.0
2023-04-04 10:30:00-04:00,9.09000015258789,9.100000381469727,8.869999885559082,8.930000305175781,6677,0.0,0.0,0.0
2023-04-04 11:30:00-04:00,8.989999771118164,8.989999771118164,8.930000305175781,8.930000305175781,1181,0.0,0.0,0.0
2023-04-04 12:30:00-04:00,9.010000228881836,9.050100326538086,9.010000228881836,9.050100326538086,1494,0.0,0.0,0.0
2023-04-04 13:30:00-04:00,9.09280014038086,9.100000381469727,9.069999694824219,9.069999694824219,2476,0.0,0.0,0.0
2023-04-04 14:30:00-04:00,9.039999961853027,9.039999961853027,9.039999961853027,9.039999961853027,342,0.0,0.0,0.0
2023-04-04 15:30:00-04:00,9.050000190734863,9.079999923706055,9.050000190734863,9.079999923706055,0,0.0,0.0,0.0
2023-04-05 09:30:00-04:00,9.010000228881836,9.010000228881836,8.90999984741211,8.9399995803833,6222,0.0,0.0,0.0
2023-04-05 10:30:00-04:00,8.789999961853027,8.789999961853027,8.59000015258789,8.680000305175781,10816,0.0,0.0,0.0
2023-04-05 11:30:00-04:00,8.729999542236328,8.760000228881836,8.65999984741211,8.65999984741211,7318,0.0,0.0,0.0
2023-04-05 12:30:00-04:00,8.59000015258789,8.739999771118164,8.59000015258789,8.729999542236328,7256,0.0,0.0,0.0
2023-04-05 13:30:00-04:00,8.699999809265137,8.720000267028809,8.68529987335205,8.689000129699707,11251,0.0,0.0,0.0
2023-04-05 14:30:00-04:00,8.710000038146973,8.720000267028809,8.649999618530273,8.6899995803833,3368,0.0,0.0,0.0
2023-04-05 15:30:00-04:00,8.699999809265137,8.739999771118164,8.670000076293945,8.699999809265137,8937,0.0,0.0,0.0
2023-04-06 09:30:00-04:00,8.420000076293945,8.579999923706055,8.359999656677246,8.520000457763672,0,0.0,0.0,0.0
2023-04-06 10:30:00-04:00,8.53499984741211,8.6899995803833,8.470000267028809,8.689399719238281,3192,0.0,0.0,0.0
2023-04-06 11:30:00-04:00,8.779999732971191,8.800000190734863,8.770000457763672,8.770000457763672,2185,0.0,0.0,0.0
2023-04-06 12:30:00-04:00,8.789999961853027,8.84000015258789,8.789999961853027,8.819999694824219,2383,0.0,0.0,0.0
2023-04-06 13:30:00-04:00,8.779999732971191,8.819999694824219,8.779999732971191,8.819999694824219,700,0.0,0.0,0.0
2023-04-06 14:30:00-04:00,8.819999694824219,8.859999656677246,8.769000053405762,8.859999656677246,11064,0.0,0.0,0.0
2023-04-06 15:30:00-04:00,8.829999923706055,8.859999656677246,8.8100004196167,8.8100004196167,1494,0.0,0.0,0.0
2023-04-10 09:30:00-04:00,8.829999923706055,8.829999923706055,8.600000381469727,8.718999862670898,13008,0.0,0.0,0.0
2023-04-10 10:30:00-04:00,8.760000228881836,8.989999771118164,8.720000267028809,8.949999809265137,32722,0.0,0.0,0.0
2023-04-10 11:30:00-04:00,8.991299629211426,9.008999824523926,8.850099563598633,8.890000343322754,13555,0.0,0.0,0.0
2023-04-10 12:30:00-04:00,8.899999618530273,9.34000015258789,8.890000343322754,9.34000015258789,5562,0.0,0.0,0.0
2023-04-10 13:30:00-04:00,9.348999977111816,9.499699592590332,9.34570026397705,9.499699592590332,9014,0.0,0.0,0.0
2023-04-10 14:30:00-04:00,9.529999732971191,9.630000114440918,9.529999732971191,9.595000267028809,7888,0.0,0.0,0.0
2023-04-10 15:30:00-04:00,9.61400032043457,9.649999618530273,9.590100288391113,9.649999618530273,4176,0.0,0.0,0.0
2023-04-11 09:30:00-04:00,9.960000038146973,10.40999984741211,9.885000228881836,10.40999984741211,97877,0.0,0.0,0.0
2023-04-11 10:30:00-04:00,10.359999656677246,10.369999885559082,10.149999618530273,10.289999961853027,18087,0.0,0.0,0.0
2023-04-11 11:30:00-04:00,10.279999732971191,10.458999633789062,10.270000457763672,10.380000114440918,3840,0.0,0.0,0.0
2023-04-11 12:30:00-04:00,10.439900398254395,10.529999732971191,10.399999618530273,10.529999732971191,14216,0.0,0.0,0.0
2023-04-11 13:30:00-04:00,10.529999732971191,10.720000267028809,10.524999618530273,10.630000114440918,26932,0.0,0.0,0.0
2023-04-11 14:30:00-04:00,10.600000381469727,10.819899559020996,10.600000381469727,10.819899559020996,7374,0.0,0.0,0.0
2023-04-11 15:30:00-04:00,10.800000190734863,10.800000190734863,10.579999923706055,10.609999656677246,0,0.0,0.0,0.0
2023-04-12 09:30:00-04:00,10.670000076293945,10.829999923706055,10.399999618530273,10.529999732971191,39165,0.0,0.0,0.0
2023-04-12 10:30:00-04:00,10.569999694824219,10.588299751281738,10.15999984741211,10.329999923706055,31906,0.0,0.0,0.0
2023-04-12 11:30:00-04:00,10.319999694824219,10.499899864196777,10.300000190734863,10.470000267028809,7901,0.0,0.0,0.0
2023-04-12 12:30:00-04:00,10.5,10.609999656677246,10.399999618530273,10.609999656677246,19761,0.0,0.0,0.0
2023-04-12 13:30:00-04:00,10.59000015258789,10.609000205993652,10.4399995803833,10.4399995803833,7385,0.0,0.0,0.0
2023-04-12 14:30:00-04:00,10.410099983215332,10.410099983215332,10.299599647521973,10.299599647521973,4915,0.0,0.0,0.0
2023-04-12 15:30:00-04:00,10.289999961853027,10.369000434875488,10.25,10.300000190734863,8569,0.0,0.0,0.0
2023-04-13 09:30:00-04:00,10.630000114440918,11.170000076293945,10.595000267028809,11.110099792480469,31738,0.0,0.0,0.0
2023-04-13 10:30:00-04:00,11.170000076293945,11.505000114440918,11.149999618530273,11.489899635314941,48203,0.0,0.0,0.0
2023-04-13 11:30:00-04:00,11.460000038146973,11.5600004196167,11.4399995803833,11.5,9308,0.0,0.0,0.0
2023-04-13 12:30:00-04:00,11.479999542236328,11.616499900817871,11.4399995803833,11.579999923706055,16573,0.0,0.0,0.0
2023-04-13 13:30:00-04:00,11.609999656677246,11.778400421142578,11.599900245666504,11.74899959564209,9518,0.0,0.0,0.0
2023-04-13 14:30:00-04:00,11.680100440979004,11.710000038146973,11.585000038146973,11.60099983215332,6340,0.0,0.0,0.0
2023-04-13 15:30:00-04:00,11.649999618530273,11.670000076293945,11.570099830627441,11.583999633789062,28757,0.0,0.0,0.0
2023-04-14 09:30:00-04:00,12.15999984741211,12.210000038146973,11.75,11.83899974822998,78559,0.0,0.0,0.0
2023-04-14 10:30:00-04:00,11.899999618530273,11.90999984741211,11.420000076293945,11.4350004196167,18277,0.0,0.0,0.0
2023-04-14 11:30:00-04:00,11.449999809265137,11.449999809265137,11.210000038146973,11.3149995803833,37667,0.0,0.0,0.0
2023-04-14 12:30:00-04:00,11.289999961853027,11.359999656677246,11.109999656677246,11.329999923706055,33595,0.0,0.0,0.0
2023-04-14 13:30:00-04:00,11.34000015258789,11.5600004196167,11.34000015258789,11.510000228881836,15057,0.0,0.0,0.0
2023-04-14 14:30:00-04:00,11.569999694824219,11.640000343322754,11.529999732971191,11.638999938964844,22955,0.0,0.0,0.0
2023-04-14 15:30:00-04:00,11.670000076293945,11.770000457763672,11.664999961853027,11.75,8947,0.0,0.0,0.0
2023-04-17 09:30:00-04:00,11.020000457763672,11.139900207519531,10.743000030517578,10.994999885559082,66768,0.0,0.0,0.0
2023-04-17 10:30:00-04:00,11.0,11.099900245666504,10.95009994506836,11.0,26877,0.0,0.0,0.0
2023-04-17 11:30:00-04:00,10.960000038146973,11.079999923706055,10.930000305175781,11.0600004196167,15753,0.0,0.0,0.0
2023-04-17 12:30:00-04:00,11.09000015258789,11.300000190734863,11.09000015258789,11.300000190734863,3405,0.0,0.0,0.0
2023-04-17 13:30:00-04:00,11.270000457763672,11.270000457763672,11.204999923706055,11.210000038146973,5372,0.0,0.0,0.0
2023-04-17 14:30:00-04:00,11.3100004196167,11.3100004196167,11.3100004196167,11.3100004196167,110,0.0,0.0,0.0
2023-04-17 15:30:00-04:00,11.371600151062012,11.391599655151367,11.3100004196167,11.3100004196167,3528,0.0,0.0,0.0
2023-04-18 09:30:00-04:00,11.640000343322754,12.289999961853027,11.640000343322754,11.899999618530273,70424,0.0,0.0,0.0
2023-04-18 10:30:00-04:00,11.879899978637695,12.079999923706055,11.850000381469727,11.8548002243042,19748,0.0,0.0,0.0
2023-04-18 11:30:00-04:00,11.9399995803833,12.010000228881836,11.835000038146973,12.005000114440918,11716,0.0,0.0,0.0
2023-04-18 12:30:00-04:00,11.970000267028809,11.970000267028809,11.899999618530273,11.914999961853027,9690,0.0,0.0,0.0
2023-04-18 13:30:00-04:00,11.919899940490723,11.920000076293945,11.739999771118164,11.83899974822998,6394,0.0,0.0,0.0
2023-04-18 14:30:00-04:00,11.859999656677246,11.929900169372559,11.800000190734863,11.910099983215332,14962,0.0,0.0,0.0
2023-04-18 15:30:00-04:00,11.918999671936035,11.930000305175781,11.90999984741211,11.930000305175781,0,0.0,0.0,0.0
2023-04-19 09:30:00-04:00,11.5,11.5,11.130000114440918,11.258999824523926,36398,0.0,0.0,0.0
2023-04-19 10:30:00-04:00,11.251299858093262,11.34000015258789,11.1899995803833,11.204999923706055,12869,0.0,0.0,0.0
2023-04-19 11:30:00-04:00,11.069999694824219,11.25,11.020000457763672,11.25,12351,0.0,0.0,0.0
2023-04-19 12:30:00-04:00,11.247300148010254,11.329999923706055,11.170000076293945,11.210000038146973,16373,0.0,0.0,0.0
2023-04-19 13:30:00-04:00,11.239999771118164,11.239999771118164,11.1899995803833,11.239999771118164,3405,0.0,0.0,0.0
2023-04-19 14:30:00-04:00,11.210000038146973,11.220000267028809,11.119999885559082,11.170700073242188,40430,0.0,0.0,0.0
2023-04-19 15:30:00-04:00,11.180100440979004,11.180100440979004,11.079999923706055,11.100000381469727,13029,0.0,0.0,0.0
2023-04-20 09:30:00-04:00,10.819999694824219,11.0,10.819999694824219,10.899999618530273,15390,0.0,0.0,0.0
2023-04-20 10:30:00-04:00,10.880000114440918,10.960000038146973,10.630000114440918,10.649999618530273,30279,0.0,0.0,0.0
2023-04-20 11:30:00-04:00,10.640000343322754,10.640000343322754,10.5,10.550000190734863,17667,0.0,0.0,0.0
2023-04-20 12:30:00-04:00,10.5649995803833,10.579999923706055,10.5,10.538000106811523,5741,0.0,0.0,0.0
2023-04-20 13:30:00-04:00,10.589900016784668,10.59000015258789,10.420000076293945,10.420000076293945,13124,0.0,0.0,0.0
2023-04-20 14:30:00-04:00,10.40999984741211,10.40999984741211,10.1899995803833,10.1899995803833,4025,0.0,0.0,0.0
2023-04-20 15:30:00-04:00,10.180000305175781,10.180000305175781,10.140000343322754,10.180000305175781,12455,0.0,0.0,0.0
2023-04-21 09:30:00-04:00,10.369999885559082,10.369999885559082,10.029999732971191,10.270000457763672,16719,0.0,0.0,0.0
2023-04-21 10:30:00-04:00,10.300000190734863,10.319999694824219,10.175000190734863,10.300000190734863,10498,0.0,0.0,0.0
2023-04-21 11:30:00-04:00,10.319999694824219,10.380000114440918,10.300000190734863,10.329999923706055,32459,0.0,0.0,0.0
2023-04-21 12:30:00-04:00,10.34000015258789,10.34000015258789,10.240099906921387,10.260000228881836,29461,0.0,0.0,0.0
2023-04-21 13:30:00-04:00,10.199999809265137,10.319999694824219,10.199999809265137,10.3100004196167,7804,0.0,0.0,0.0
2023-04-21 14:30:00-04:00,10.289999961853027,10.289999961853027,10.010000228881836,10.039999961853027,8965,0.0,0.0,0.0
2023-04-21 15:30:00-04:00,10.020099639892578,10.050000190734863,9.970000267028809,10.013500213623047,49288,0.0,0.0,0.0
2023-04-24 09:30:00-04:00,10.069999694824219,10.1899995803833,9.880000114440918,9.880000114440918,46276,0.0,0.0,0.0
2023-04-24 10:30:00-04:00,9.90999984741211,9.90999984741211,9.609999656677246,9.609999656677246,65081,0.0,0.0,0.0
2023-04-24 11:30:00-04:00,9.609999656677246,9.720000267028809,9.579999923706055,9.720000267028809,8491,0.0,0.0,0.0
2023-04-24 12:30:00-04:00,9.720000267028809,9.729999542236328,9.630000114440918,9.729999542236328,9917,0.0,0.0,0.0
2023-04-24 13:30:00-04:00,9.746000289916992,9.829999923706055,9.710000038146973,9.819999694824219,6712,0.0,0.0,0.0
2023-04-24 14:30:00-04:00,9.8100004196167,9.8100004196167,9.760000228881836,9.760000228881836,1529,0.0,0.0,0.0
2023-04-24 15:30:00-04:00,9.79010009765625,9.829999923706055,9.75,9.789999961853027,9706,0.0,0.0,0.0
2023-04-25 09:30:00-04:00,9.699999809265137,9.75,9.5600004196167,9.569999694824219,33093,0.0,0.0,0.0
2023-04-25 10:30:00-04:00,9.579999923706055,9.649999618530273,9.5,9.609999656677246,10111,0.0,0.0,0.0
2023-04-25 11:30:00-04:00,9.59000015258789,9.600000381469727,9.520000457763672,9.54010009765625,11292,0.0,0.0,0.0
2023-04-25 12:30:00-04:00,9.539999961853027,9.5600004196167,9.470000267028809,9.520000457763672,27134,0.0,0.0,0.0
2023-04-25 13:30:00-04:00,9.539999961853027,9.918000221252441,9.539999961853027,9.899999618530273,38646,0.0,0.0,0.0
2023-04-25 14:30:00-04:00,9.920000076293945,9.9399995803833,9.770000457763672,9.770000457763672,6359,0.0,0.0,0.0
2023-04-25 15:30:00-04:00,9.720000267028809,9.739999771118164,9.6899995803833,9.710000038146973,0,0.0,0.0,0.0
2023-04-26 09:30:00-04:00,10.630000114440918,10.84000015258789,10.489999771118164,10.600000381469727,64331,0.0,0.0,0.0
2023-04-26 10:30:00-04:00,10.640000343322754,10.890000343322754,10.529999732971191,10.795000076293945,15899,0.0,0.0,0.0
2023-04-26 11:30:00-04:00,10.800000190734863,11.0,10.789999961853027,10.879400253295898,32507,0.0,0.0,0.0
2023-04-26 12:30:00-04:00,10.84000015258789,10.84000015258789,10.731399536132812,10.753399848937988,17333,0.0,0.0,0.0
2023-04-26 13:30:00-04:00,10.75,10.8100004196167,10.729999542236328,10.770000457763672,13023,0.0,0.0,0.0
2023-04-26 14:30:00-04:00,10.782099723815918,10.789999961853027,10.370100021362305,10.370100021362305,17240,0.0,0.0,0.0
2023-04-26 15:30:00-04:00,10.420000076293945,10.420000076293945,10.149999618530273,10.199999809265137,18020,0.0,0.0,0.0
2023-04-27 09:30:00-04:00,10.4399995803833,10.4399995803833,10.140000343322754,10.319999694824219,22448,0.0,0.0,0.0
2023-04-27 10:30:00-04:00,10.319999694824219,10.390000343322754,10.149999618530273,10.34000015258789,14560,0.0,0.0,0.0
2023-04-27 11:30:00-04:00,10.399999618530273,10.420000076293945,10.279999732971191,10.359999656677246,16740,0.0,0.0,0.0
2023-04-27 12:30:00-04:00,10.319999694824219,10.359999656677246,10.210000038146973,10.359999656677246,8202,0.0,0.0,0.0
2023-04-27 13:30:00-04:00,10.420000076293945,10.545000076293945,10.380000114440918,10.545000076293945,5254,0.0,0.0,0.0
2023-04-27 14:30:00-04:00,10.5600004196167,10.614999771118164,10.539999961853027,10.539999961853027,5890,0.0,0.0,0.0
2023-04-27 15:30:00-04:00,10.529999732971191,10.5600004196167,10.5,10.5600004196167,0,0.0,0.0,0.0
2023-04-28 09:30:00-04:00,10.5600004196167,10.5600004196167,10.25,10.550000190734863,14905,0.0,0.0,0.0
2023-04-28 10:30:00-04:00,10.5600004196167,10.5600004196167,10.340100288391113,10.4399995803833,12095,0.0,0.0,0.0
2023-04-28 11:30:00-04:00,10.4399995803833,10.609999656677246,10.429900169372559,10.520000457763672,16922,0.0,0.0,0.0
2023-04-28 12:30:00-04:00,10.489999771118164,10.630000114440918,10.479999542236328,10.630000114440918,3209,0.0,0.0,0.0
2023-04-28 13:30:00-04:00,10.550000190734863,10.569999694824219,10.470000267028809,10.470000267028809,3953,0.0,0.0,0.0
2023-04-28 14:30:00-04:00,10.479999542236328,10.550000190734863,10.380000114440918,10.539999961853027,13181,0.0,0.0,0.0
2023-04-28 15:30:00-04:00,10.479999542236328,10.479999542236328,10.479999542236328,10.479999542236328,1140,0.0,0.0,0.0
2023-05-01 09:30:00-04:00,10.390000343322754,10.390000343322754,10.069999694824219,10.09000015258789,21613,0.0,0.0,0.0
2023-05-01 10:30:00-04:00,10.069999694824219,10.130000114440918,9.781000137329102,9.781000137329102,44370,0.0,0.0,0.0
2023-05-01 11:30:00-04:00,9.770000457763672,9.84000015258789,9.739999771118164,9.779999732971191,12118,0.0,0.0,0.0
2023-05-01 12:30:00-04:00,9.800000190734863,9.949999809265137,9.789999961853027,9.880000114440918,9659,0.0,0.0,0.0
2023-05-01 13:30:00-04:00,9.869999885559082,9.875,9.829999923706055,9.84000015258789,3778,0.0,0.0,0.0
2023-05-01 14:30:00-04:00,9.789999961853027,9.789999961853027,9.640000343322754,9.65999984741211,9469,0.0,0.0,0.0
2023-05-01 15:30:00-04:00,9.680000305175781,9.719900131225586,9.640000343322754,9.649999618530273,0,0.0,0.0,0.0
2023-05-02 09:30:00-04:00,9.680000305175781,9.869999885559082,9.557999610900879,9.869999885559082,17320,0.0,0.0,0.0
2023-05-02 10:30:00-04:00,9.994999885559082,10.064000129699707,9.84000015258789,10.0600004196167,12970,0.0,0.0,0.0
2023-05-02 11:30:00-04:00,10.029999732971191,10.140000343322754,9.9399995803833,10.079999923706055,15556,0.0,0.0,0.0
2023-05-02 12:30:00-04:00,10.100000381469727,10.130000114440918,10.020000457763672,10.069999694824219,13749,0.0,0.0,0.0
2023-05-02 13:30:00-04:00,10.109999656677246,10.140000343322754,10.09000015258789,10.109999656677246,2480,0.0,0.0,0.0
2023-05-02 14:30:00-04:00,10.170000076293945,10.260000228881836,10.170000076293945,10.260000228881836,3434,0.0,0.0,0.0
2023-05-02 15:30:00-04:00,10.260000228881836,10.279999732971191,10.210000038146973,10.229999542236328,0,0.0,0.0,0.0
2023-05-03 09:30:00-04:00,9.880000114440918,10.100000381469727,9.880000114440918,10.0,11315,0.0,0.0,0.0
2023-05-03 10:30:00-04:00,9.90999984741211,10.020000457763672,9.890000343322754,9.979999542236328,4926,0.0,0.0,0.0
2023-05-03 11:30:00-04:00,9.949999809265137,10.09000015258789,9.9399995803833,10.09000015258789,7335,0.0,0.0,0.0
2023-05-03 12:30:00-04:00,10.069999694824219,10.170000076293945,10.029999732971191,10.170000076293945,4589,0.0,0.0,0.0
2023-05-03 13:30:00-04:00,10.25,10.279999732971191,10.09000015258789,10.279999732971191,16393,0.0,0.0,0.0
2023-05-03 14:30:00-04:00,10.180000305175781,10.300000190734863,10.079999923706055,10.09000015258789,25650,0.0,0.0,0.0
2023-05-03 15:30:00-04:00,10.09000015258789,10.09000015258789,10.005000114440918,10.050000190734863,0,0.0,0.0,0.0
2023-05-04 09:30:00-04:00,10.050000190734863,10.34000015258789,10.050000190734863,10.199999809265137,23437,0.0,0.0,0.0
2023-05-04 10:30:00-04:00,10.229999542236328,10.399999618530273,10.170000076293945,10.390000343322754,22160,0.0,0.0,0.0
2023-05-04 11:30:00-04:00,10.390000343322754,10.430000305175781,10.270000457763672,10.319999694824219,9827,0.0,0.0,0.0
2023-05-04 12:30:00-04:00,10.300000190734863,10.369999885559082,10.239999771118164,10.329999923706055,19557,0.0,0.0,0.0
2023-05-04 13:30:00-04:00,10.350000381469727,10.359999656677246,10.239999771118164,10.239999771118164,4695,0.0,0.0,0.0
2023-05-04 14:30:00-04:00,10.199999809265137,10.229999542236328,10.119999885559082,10.180000305175781,9121,0.0,0.0,0.0
2023-05-04 15:30:00-04:00,10.199999809265137,10.210000038146973,10.180000305175781,10.210000038146973,5720,0.0,0.0,0.0
2023-05-05 09:30:00-04:00,10.380000114440918,10.390000343322754,10.149999618530273,10.350000381469727,18332,0.0,0.0,0.0
2023-05-05 10:30:00-04:00,10.380000114440918,10.5600004196167,10.369999885559082,10.430000305175781,49188,0.0,0.0,0.0
2023-05-05 11:30:00-04:00,10.430000305175781,10.6899995803833,10.430000305175781,10.579999923706055,7489,0.0,0.0,0.0
2023-05-05 12:30:00-04:00,10.550000190734863,10.678199768066406,10.550000190734863,10.670000076293945,1813,0.0,0.0,0.0
2023-05-05 13:30:00-04:00,10.640000343322754,10.640000343322754,10.579899787902832,10.628000259399414,8383,0.0,0.0,0.0
2023-05-05 14:30:00-04:00,10.619999885559082,10.648099899291992,10.529999732971191,10.5600004196167,4637,0.0,0.0,0.0
2023-05-05 15:30:00-04:00,10.579999923706055,10.699999809265137,10.579999923706055,10.68910026550293,23441,0.0,0.0,0.0
2023-05-08 09:30:00-04:00,10.479999542236328,10.479999542236328,9.960000038146973,10.039999961853027,18134,0.0,0.0,0.0
2023-05-08 10:30:00-04:00,10.050000190734863,10.15999984741211,9.979999542236328,10.130000114440918,8317,0.0,0.0,0.0
2023-05-08 11:30:00-04:00,10.107999801635742,10.180000305175781,10.100000381469727,10.150099754333496,4109,0.0,0.0,0.0
2023-05-08 12:30:00-04:00,10.180000305175781,10.300000190734863,10.180000305175781,10.289999961853027,5569,0.0,0.0,0.0
2023-05-08 13:30:00-04:00,10.289999961853027,10.289999961853027,10.050000190734863,10.050000190734863,7306,0.0,0.0,0.0
2023-05-08 14:30:00-04:00,10.069999694824219,10.08899974822998,10.010000228881836,10.020000457763672,2094,0.0,0.0,0.0
2023-05-08 15:30:00-04:00,10.050000190734863,10.09000015258789,10.050000190734863,10.085599899291992,0,0.0,0.0,0.0
2023-05-09 09:30:00-04:00,10.199999809265137,10.199999809265137,10.029999732971191,10.100000381469727,14868,0.0,0.0,0.0
2023-05-09 10:30:00-04:00,10.100000381469727,10.300000190734863,10.100000381469727,10.260000228881836,8682,0.0,0.0,0.0
2023-05-09 11:30:00-04:00,10.279999732971191,10.300000190734863,10.109999656677246,10.109999656677246,8954,0.0,0.0,0.0
2023-05-09 12:30:00-04:00,10.149999618530273,10.319999694824219,10.149999618530273,10.319999694824219,6179,0.0,0.0,0.0
2023-05-09 13:30:00-04:00,10.300000190734863,10.300000190734863,10.220999717712402,10.25,9423,0.0,0.0,0.0
2023-05-09 14:30:00-04:00,10.289999961853027,10.329999923706055,10.229999542236328,10.25,6173,0.0,0.0,0.0
2023-05-09 15:30:00-04:00,10.270000457763672,10.3100004196167,10.270000457763672,10.302000045776367,24249,0.0,0.0,0.0
2023-05-10 09:30:00-04:00,10.630000114440918,11.0600004196167,10.5600004196167,11.052800178527832,0,0.0,0.0,0.0
2023-05-10 10:30:00-04:00,11.09000015258789,11.100000381469727,10.890000343322754,11.0,20590,0.0,0.0,0.0
2023-05-10 11:30:00-04:00,11.039999961853027,11.140000343322754,11.0,11.130000114440918,9276,0.0,0.0,0.0
2023-05-10 12:30:00-04:00,11.109999656677246,11.109999656677246,10.539999961853027,10.579999923706055,25186,0.0,0.0,0.0
2023-05-10 13:30:00-04:00,10.600000381469727,10.739999771118164,10.600000381469727,10.739999771118164,10561,0.0,0.0,0.0
2023-05-10 14:30:00-04:00,10.720000267028809,10.835000038146973,10.619999885559082,10.819999694824219,10374,0.0,0.0,0.0
2023-05-10 15:30:00-04:00,10.8149995803833,10.8149995803833,10.729999542236328,10.770000457763672,0,0.0,0.0,0.0
2023-05-11 09:30:00-04:00,10.4399995803833,10.489999771118164,10.260000228881836,10.289999961853027,13468,0.0,0.0,0.0
2023-05-11 10:30:00-04:00,10.239999771118164,10.239999771118164,10.029999732971191,10.0600004196167,19143,0.0,0.0,0.0
2023-05-11 11:30:00-04:00,10.0600004196167,10.145000457763672,10.0,10.050000190734863,36699,0.0,0.0,0.0
2023-05-11 12:30:00-04:00,10.00100040435791,10.050000190734863,9.821000099182129,9.821000099182129,5653,0.0,0.0,0.0
2023-05-11 13:30:00-04:00,9.824999809265137,9.829999923706055,9.750100135803223,9.806500434875488,9043,0.0,0.0,0.0
2023-05-11 14:30:00-04:00,9.8100004196167,9.899999618530273,9.8100004196167,9.845000267028809,41339,0.0,0.0,0.0
2023-05-11 15:30:00-04:00,9.810099601745605,9.810099601745605,9.770000457763672,9.774999618530273,10905,0.0,0.0,0.0
2023-05-12 09:30:00-04:00,9.699999809265137,9.819000244140625,9.630000114440918,9.779999732971191,22440,0.0,0.0,0.0
2023-05-12 10:30:00-04:00,9.710000038146973,9.729999542236328,9.619999885559082,9.640000343322754,4770,0.0,0.0,0.0
2023-05-12 11:30:00-04:00,9.640000343322754,9.649999618530273,9.550000190734863,9.569999694824219,5455,0.0,0.0,0.0
2023-05-12 12:30:00-04:00,9.5600004196167,9.595000267028809,9.510000228881836,9.595000267028809,5473,0.0,0.0,0.0
2023-05-12 13:30:00-04:00,9.609999656677246,9.609999656677246,9.569999694824219,9.590100288391113,4290,0.0,0.0,0.0
2023-05-12 14:30:00-04:00,9.59000015258789,9.600000381469727,9.569999694824219,9.569999694824219,4933,0.0,0.0,0.0
2023-05-12 15:30:00-04:00,9.550000190734863,9.720000267028809,9.550000190734863,9.6899995803833,12979,0.0,0.0,0.0
2023-05-15 09:30:00-04:00,10.109999656677246,10.149999618530273,9.84000015258789,9.890000343322754,32233,0.0,0.0,0.0
2023-05-15 10:30:00-04:00,9.970000267028809,10.130000114440918,9.9399995803833,10.092000007629395,16005,0.0,0.0,0.0
2023-05-15 11:30:00-04:00,10.029999732971191,10.059000015258789,9.979999542236328,10.010000228881836,6565,0.0,0.0,0.0
2023-05-15 12:30:00-04:00,10.079999923706055,10.140000343322754,10.029999732971191,10.100000381469727,5650,0.0,0.0,0.0
2023-05-15 13:30:00-04:00,10.119999885559082,10.1899995803833,10.09000015258789,10.149999618530273,4029,0.0,0.0,0.0
2023-05-15 14:30:00-04:00,10.169899940490723,10.169899940490723,10.140000343322754,10.140000343322754,1008,0.0,0.0,0.0
2023-05-15 15:30:00-04:00,10.15999984741211,10.210000038146973,10.140000343322754,10.210000038146973,0,0.0,0.0,0.0
2023-05-16 09:30:00-04:00,10.079999923706055,10.25,10.029999732971191,10.09000015258789,20705,0.0,0.0,0.0
2023-05-16 10:30:00-04:00,10.079999923706055,10.079999923706055,10.029999732971191,10.050000190734863,8751,0.0,0.0,0.0
2023-05-16 11:30:00-04:00,10.069999694824219,10.114999771118164,10.050100326538086,10.069999694824219,3376,0.0,0.0,0.0
2023-05-16 12:30:00-04:00,10.0649995803833,10.0649995803833,10.010000228881836,10.0600004196167,4512,0.0,0.0,0.0
2023-05-16 13:30:00-04:00,10.199999809265137,10.199999809265137,10.119999885559082,10.119999885559082,3398,0.0,0.0,0.0
2023-05-16 14:30:00-04:00,10.109999656677246,10.145000457763672,10.094099998474121,10.119999885559082,24057,0.0,0.0,0.0
2023-05-16 15:30:00-04:00,10.130000114440918,10.149999618530273,10.130000114440918,10.149999618530273,0,0.0,0.0,0.0
2023-05-17 09:30:00-04:00,10.010000228881836,10.239999771118164,9.9399995803833,10.180000305175781,24987,0.0,0.0,0.0
2023-05-17 10:30:00-04:00,10.170000076293945,10.34000015258789,10.149999618530273,10.34000015258789,12384,0.0,0.0,0.0
2023-05-17 11:30:00-04:00,10.34000015258789,10.34000015258789,10.279999732971191,10.34000015258789,10961,0.0,0.0,0.0
2023-05-17 12:30:00-04:00,10.420000076293945,10.460000038146973,10.380900382995605,10.40999984741211,6926,0.0,0.0,0.0
2023-05-17 13:30:00-04:00,10.460000038146973,10.520000457763672,10.460000038146973,10.520000457763672,4403,0.0,0.0,0.0
2023-05-17 14:30:00-04:00,10.569999694824219,10.670000076293945,10.569999694824219,10.670000076293945,7928,0.0,0.0,0.0
2023-05-17 15:30:00-04:00,10.64900016784668,10.6899995803833,10.619999885559082,10.619999885559082,0,0.0,0.0,0.0
2023-05-18 09:30:00-04:00,10.581999778747559,10.829999923706055,10.554800033569336,10.829999923706055,7460,0.0,0.0,0.0
2023-05-18 10:30:00-04:00,10.899999618530273,10.920000076293945,10.699999809265137,10.729900360107422,0,0.0,0.0,0.0
2023-05-18 11:30:00-04:00,10.720000267028809,10.720000267028809,10.470000267028809,10.470000267028809,25519,0.0,0.0,0.0
2023-05-18 12:30:00-04:00,10.489999771118164,10.520000457763672,10.489999771118164,10.5,2380,0.0,0.0,0.0
2023-05-18 13:30:00-04:00,10.430000305175781,10.430000305175781,10.28499984741211,10.28499984741211,2620,0.0,0.0,0.0
2023-05-18 14:30:00-04:00,10.329999923706055,10.369999885559082,10.32800006866455,10.369999885559082,0,0.0,0.0,0.0
2023-05-18 15:30:00-04:00,10.391200065612793,10.46500015258789,10.391200065612793,10.420000076293945,43768,0.0,0.0,0.0
2023-05-19 09:30:00-04:00,10.550000190734863,10.579999923706055,10.34000015258789,10.40999984741211,5868,0.0,0.0,0.0
2023-05-19 10:30:00-04:00,10.40999984741211,10.630000114440918,10.359999656677246,10.550000190734863,5381,0.0,0.0,0.0
2023-05-19 11:30:00-04:00,10.5,10.528200149536133,10.420000076293945,10.5,7316,0.0,0.0,0.0
2023-05-19 12:30:00-04:00,10.4399995803833,10.470000267028809,10.420000076293945,10.470000267028809,5883,0.0,0.0,0.0
2023-05-19 13:30:00-04:00,10.470000267028809,10.470000267028809,10.4399995803833,10.460000038146973,844,0.0,0.0,0.0
2023-05-19 14:30:00-04:00,10.430000305175781,10.449999809265137,10.399999618530273,10.430000305175781,8355,0.0,0.0,0.0
2023-05-19 15:30:00-04:00,10.470000267028809,10.470000267028809,10.420000076293945,10.420000076293945,2044,0.0,0.0,0.0
2023-05-22 09:30:00-04:00,10.449999809265137,10.5,10.369999885559082,10.420000076293945,0,0.0,0.0,0.0
2023-05-22 10:30:00-04:00,10.404999732971191,10.579999923706055,10.399999618530273,10.489999771118164,10335,0.0,0.0,0.0
2023-05-22 11:30:00-04:00,10.510000228881836,10.704999923706055,10.510000228881836,10.640000343322754,3616,0.0,0.0,0.0
2023-05-22 12:30:00-04:00,10.680000305175781,10.770000457763672,10.680000305175781,10.710000038146973,6675,0.0,0.0,0.0
2023-05-22 13:30:00-04:00,10.770000457763672,10.773900032043457,10.6899995803833,10.773900032043457,3810,0.0,0.0,0.0
2023-05-22 14:30:00-04:00,10.760000228881836,10.79990005493164,10.729999542236328,10.779999732971191,4267,0.0,0.0,0.0
2023-05-22 15:30:00-04:00,10.789999961853027,10.829999923706055,10.765000343322754,10.829999923706055,0,0.0,0.0,0.0
2023-05-23 09:30:00-04:00,10.989999771118164,11.25,10.960000038146973,11.123200416564941,19809,0.0,0.0,0.0
2023-05-23 10:30:00-04:00,11.119999885559082,11.1899995803833,11.050000190734863,11.1899995803833,9185,0.0,0.0,0.0
2023-05-23 11:30:00-04:00,11.168999671936035,11.168999671936035,10.930100440979004,10.949999809265137,15510,0.0,0.0,0.0
2023-05-23 12:30:00-04:00,10.819999694824219,10.84000015258789,10.729999542236328,10.729999542236328,5406,0.0,0.0,0.0
2023-05-23 13:30:00-04:00,10.65999984741211,10.6899995803833,10.553600311279297,10.553600311279297,1418,0.0,0.0,0.0
2023-05-23 14:30:00-04:00,10.550000190734863,10.579999923706055,10.510000228881836,10.529999732971191,4523,0.0,0.0,0.0
2023-05-23 15:30:00-04:00,10.585000038146973,10.600000381469727,10.579999923706055,10.579999923706055,2653,0.0,0.0,0.0
2023-05-24 09:30:00-04:00,10.420000076293945,10.460000038146973,10.149999618530273,10.162500381469727,6745,0.0,0.0,0.0
2023-05-24 10:30:00-04:00,10.130000114440918,10.199999809265137,10.069999694824219,10.199999809265137,7297,0.0,0.0,0.0
2023-05-24 11:30:00-04:00,10.34000015258789,10.430000305175781,10.34000015258789,10.380000114440918,4453,0.0,0.0,0.0
2023-05-24 12:30:00-04:00,10.359999656677246,10.40999984741211,10.350000381469727,10.390000343322754,3178,0.0,0.0,0.0
2023-05-24 13:30:00-04:00,10.449999809265137,10.470000267028809,10.420000076293945,10.470000267028809,5194,0.0,0.0,0.0
2023-05-24 14:30:00-04:00,10.449999809265137,10.479999542236328,10.449999809265137,10.479999542236328,2771,0.0,0.0,0.0
2023-05-24 15:30:00-04:00,10.5600004196167,10.5600004196167,10.449999809265137,10.449999809265137,3745,0.0,0.0,0.0
2023-05-25 09:30:00-04:00,10.600000381469727,10.819999694824219,10.229999542236328,10.300000190734863,0,0.0,0.0,0.0
2023-05-25 10:30:00-04:00,10.295000076293945,10.300000190734863,10.239999771118164,10.25,6854,0.0,0.0,0.0
2023-05-25 11:30:00-04:00,10.199999809265137,10.199999809265137,10.119999885559082,10.119999885559082,6606,0.0,0.0,0.0
2023-05-25 12:30:00-04:00,10.130000114440918,10.180000305175781,10.130000114440918,10.15999984741211,2247,0.0,0.0,0.0
2023-05-25 13:30:00-04:00,10.180000305175781,10.260000228881836,10.170000076293945,10.260000228881836,5219,0.0,0.0,0.0
2023-05-25 14:30:00-04:00,10.229999542236328,10.336000442504883,10.229999542236328,10.336000442504883,3141,0.0,0.0,0.0
2023-05-25 15:30:00-04:00,10.329999923706055,10.329999923706055,10.270000457763672,10.3100004196167,4524,0.0,0.0,0.0
2023-05-26 09:30:00-04:00,10.399999618530273,10.649999618530273,10.364999771118164,10.649999618530273,22298,0.0,0.0,0.0
2023-05-26 10:30:00-04:00,10.720100402832031,10.75,10.600000381469727,10.600000381469727,5515,0.0,0.0,0.0
2023-05-26 11:30:00-04:00,10.630000114440918,10.65999984741211,10.489999771118164,10.539999961853027,5670,0.0,0.0,0.0
2023-05-26 12:30:00-04:00,10.518699645996094,10.59000015258789,10.518699645996094,10.520000457763672,3010,0.0,0.0,0.0
2023-05-26 13:30:00-04:00,10.449999809265137,10.449999809265137,10.34000015258789,10.399999618530273,2400,0.0,0.0,0.0
2023-05-26 14:30:00-04:00,10.430000305175781,10.479999542236328,10.430000305175781,10.479999542236328,1570,0.0,0.0,0.0
2023-05-26 15:30:00-04:00,10.430000305175781,10.441300392150879,10.420000076293945,10.420000076293945,5596,0.0,0.0,0.0
2023-05-30 09:30:00-04:00,10.829999923706055,11.319999694824219,10.829999923706055,11.140000343322754,22603,0.0,0.0,0.0
2023-05-30 10:30:00-04:00,11.069999694824219,11.140000343322754,10.970100402832031,11.140000343322754,6961,0.0,0.0,0.0
2023-05-30 11:30:00-04:00,11.020000457763672,11.130000114440918,10.899999618530273,10.899999618530273,3731,0.0,0.0,0.0
2023-05-30 12:30:00-04:00,10.890000343322754,10.949999809265137,10.870100021362305,10.890000343322754,2475,0.0,0.0,0.0
2023-05-30 13:30:00-04:00,10.949999809265137,10.970000267028809,10.949999809265137,10.970000267028809,1113,0.0,0.0,0.0
2023-05-30 14:30:00-04:00,10.979999542236328,11.050000190734863,10.979999542236328,11.020000457763672,1773,0.0,0.0,0.0
2023-05-30 15:30:00-04:00,11.0649995803833,11.108099937438965,11.029999732971191,11.09000015258789,10928,0.0,0.0,0.0
2023-05-31 09:30:00-04:00,10.800000190734863,10.850000381469727,10.5600004196167,10.609999656677246,32423,0.0,0.0,0.0
2023-05-31 10:30:00-04:00,10.579999923706055,10.75,10.569999694824219,10.630000114440918,5343,0.0,0.0,0.0
2023-05-31 11:30:00-04:00,10.618000030517578,10.720000267028809,10.603599548339844,10.720000267028809,6705,0.0,0.0,0.0
2023-05-31 12:30:00-04:00,10.760000228881836,10.8100004196167,10.680000305175781,10.8100004196167,2176,0.0,0.0,0.0
2023-05-31 13:30:00-04:00,10.850000381469727,10.930000305175781,10.84000015258789,10.930000305175781,4461,0.0,0.0,0.0
2023-05-31 14:30:00-04:00,10.970000267028809,11.0,10.949999809265137,10.979999542236328,2467,0.0,0.0,0.0
2023-05-31 15:30:00-04:00,11.020000457763672,11.039999961853027,11.020000457763672,11.039999961853027,1274,0.0,0.0,0.0
2023-06-01 09:30:00-04:00,11.0600004196167,11.069999694824219,10.869999885559082,10.960000038146973,10247,0.0,0.0,0.0
2023-06-01 10:30:00-04:00,10.899999618530273,11.029999732971191,10.880000114440918,11.029999732971191,2394,0.0,0.0,0.0
2023-06-01 11:30:00-04:00,11.119999885559082,11.119999885559082,11.119999885559082,11.119999885559082,143,0.0,0.0,0.0
2023-06-01 12:30:00-04:00,11.180000305175781,11.26990032196045,11.0600004196167,11.210000038146973,11833,0.0,0.0,0.0
2023-06-01 13:30:00-04:00,11.239899635314941,11.350000381469727,11.239899635314941,11.289999961853027,7964,0.0,0.0,0.0
2023-06-01 14:30:00-04:00,11.199999809265137,11.199999809265137,11.199999809265137,11.199999809265137,500,0.0,0.0,0.0
2023-06-01 15:30:00-04:00,11.149999618530273,11.170000076293945,11.135000228881836,11.160400390625,0,0.0,0.0,0.0
2023-06-02 09:30:00-04:00,11.420000076293945,11.420000076293945,10.914999961853027,10.930000305175781,20036,0.0,0.0,0.0
2023-06-02 10:30:00-04:00,10.920000076293945,10.989999771118164,10.864999771118164,10.944999694824219,5303,0.0,0.0,0.0
2023-06-02 11:30:00-04:00,10.944999694824219,11.010000228881836,10.920000076293945,10.9399995803833,7700,0.0,0.0,0.0
2023-06-02 12:30:00-04:00,11.069999694824219,11.069999694824219,10.989999771118164,10.989999771118164,1582,0.0,0.0,0.0
2023-06-02 13:30:00-04:00,10.970000267028809,10.970000267028809,10.880000114440918,10.890000343322754,2860,0.0,0.0,0.0
2023-06-02 14:30:00-04:00,10.850000381469727,11.0,10.850000381469727,10.979999542236328,5302,0.0,0.0,0.0
2023-06-02 15:30:00-04:00,11.0,11.039999961853027,10.990099906921387,11.020000457763672,2667,0.0,0.0,0.0
2023-06-05 09:30:00-04:00,10.789999961853027,10.854999542236328,10.630000114440918,10.649999618530273,9002,0.0,0.0,0.0
2023-06-05 10:30:00-04:00,10.710000038146973,10.739999771118164,10.550100326538086,10.550100326538086,5688,0.0,0.0,0.0
2023-06-05 11:30:00-04:00,10.569999694824219,10.569999694824219,10.399999618530273,10.510000228881836,17918,0.0,0.0,0.0
2023-06-05 12:30:00-04:00,10.510000228881836,10.510000228881836,10.350000381469727,10.350000381469727,12820,0.0,0.0,0.0
2023-06-05 13:30:00-04:00,10.390000343322754,10.479999542236328,10.390000343322754,10.416899681091309,11236,0.0,0.0,0.0
2023-06-05 14:30:00-04:00,10.390000343322754,10.39009952545166,10.350000381469727,10.39009952545166,10888,0.0,0.0,0.0
2023-06-05 15:30:00-04:00,10.399999618530273,10.40999984741211,10.366499900817871,10.40999984741211,2656,0.0,0.0,0.0
2023-06-06 09:30:00-04:00,10.270000457763672,10.3100004196167,9.84000015258789,10.229999542236328,0,0.0,0.0,0.0
2023-06-06 10:30:00-04:00,10.239999771118164,10.359999656677246,10.220000267028809,10.34000015258789,5910,0.0,0.0,0.0
2023-06-06 11:30:00-04:00,10.390000343322754,10.619999885559082,10.390000343322754,10.619999885559082,6167,0.0,0.0,0.0
2023-06-06 12:30:00-04:00,10.59000015258789,10.633999824523926,10.460000038146973,10.619999885559082,4134,0.0,0.0,0.0
2023-06-06 13:30:00-04:00,10.699999809265137,10.720000267028809,10.6496000289917,10.720000267028809,6907,0.0,0.0,0.0
2023-06-06 14:30:00-04:00,10.720000267028809,10.798299789428711,10.714900016784668,10.798299789428711,4158,0.0,0.0,0.0
2023-06-06 15:30:00-04:00,10.760000228881836,10.819999694824219,10.760000228881836,10.770000457763672,2968,0.0,0.0,0.0
2023-06-07 09:30:00-04:00,10.800000190734863,10.899999618530273,10.539999961853027,10.539999961853027,20085,0.0,0.0,0.0
2023-06-07 10:30:00-04:00,10.479999542236328,10.550000190734863,10.44379997253418,10.539999961853027,7392,0.0,0.0,0.0
2023-06-07 11:30:00-04:00,10.5600004196167,10.5600004196167,10.359999656677246,10.359999656677246,2086,0.0,0.0,0.0
2023-06-07 12:30:00-04:00,10.402199745178223,10.489999771118164,10.385000228881836,10.385000228881836,5507,0.0,0.0,0.0
2023-06-07 13:30:00-04:00,10.35200023651123,10.40999984741211,10.35200023651123,10.40999984741211,1505,0.0,0.0,0.0
2023-06-07 14:30:00-04:00,10.400099754333496,10.420000076293945,10.359999656677246,10.359999656677246,1423,0.0,0.0,0.0
2023-06-07 15:30:00-04:00,10.34000015258789,10.350000381469727,10.300000190734863,10.329999923706055,0,0.0,0.0,0.0
2023-06-08 09:30:00-04:00,10.420000076293945,10.550000190734863,10.329999923706055,10.5,7317,0.0,0.0,0.0
2023-06-08 10:30:00-04:00,10.529999732971191,10.59000015258789,10.510000228881836,10.569999694824219,3269,0.0,0.0,0.0
2023-06-08 11:30:00-04:00,10.579999923706055,10.629899978637695,10.5600004196167,10.629899978637695,2015,0.0,0.0,0.0
2023-06-08 12:30:00-04:00,10.539999961853027,10.539999961853027,10.520000457763672,10.520000457763672,200,0.0,0.0,0.0
2023-06-08 13:30:00-04:00,10.46310043334961,10.46310043334961,10.403800010681152,10.403800010681152,3291,0.0,0.0,0.0
2023-06-08 15:30:00-04:00,10.444999694824219,10.460000038146973,10.430000305175781,10.460000038146973,1491,0.0,0.0,0.0
2023-06-09 09:30:00-04:00,10.550000190734863,10.550000190734863,10.420000076293945,10.4350004196167,0,0.0,0.0,0.0
2023-06-09 10:30:00-04:00,10.289999961853027,10.319999694824219,10.279999732971191,10.319999694824219,2104,0.0,0.0,0.0
2023-06-09 11:30:00-04:00,10.25,10.25,10.130000114440918,10.130000114440918,5864,0.0,0.0,0.0
2023-06-09 12:30:00-04:00,10.149999618530273,10.240099906921387,10.140000343322754,10.240099906921387,4168,0.0,0.0,0.0
2023-06-09 13:30:00-04:00,10.224499702453613,10.224499702453613,10.224499702453613,10.224499702453613,738,0.0,0.0,0.0
2023-06-09 14:30:00-04:00,10.154999732971191,10.15999984741211,10.14050006866455,10.14050006866455,1822,0.0,0.0,0.0
2023-06-09 15:30:00-04:00,10.145000457763672,10.170000076293945,10.145000457763672,10.170000076293945,978,0.0,0.0,0.0
2023-06-12 09:30:00-04:00,10.100000381469727,10.300000190734863,10.069999694824219,10.300000190734863,0,0.0,0.0,0.0
2023-06-12 10:30:00-04:00,10.279999732971191,10.300000190734863,10.229999542236328,10.270000457763672,1730,0.0,0.0,0.0
2023-06-12 11:30:00-04:00,10.3100004196167,10.3100004196167,10.260000228881836,10.270099639892578,3374,0.0,0.0,0.0
2023-06-12 12:30:00-04:00,10.3149995803833,10.319999694824219,10.285599708557129,10.285599708557129,1212,0.0,0.0,0.0
2023-06-12 13:30:00-04:00,10.3100004196167,10.359999656677246,10.3100004196167,10.34000015258789,4517,0.0,0.0,0.0
2023-06-12 14:30:00-04:00,10.329999923706055,10.329999923706055,10.329999923706055,10.329999923706055,169,0.0,0.0,0.0
2023-06-12 15:30:00-04:00,10.34000015258789,10.34000015258789,10.3100004196167,10.3100004196167,3600,0.0,0.0,0.0
2023-06-13 09:30:00-04:00,10.619999885559082,10.729999542236328,10.472000122070312,10.5,14172,0.0,0.0,0.0
2023-06-13 10:30:00-04:00,10.479999542236328,10.520000457763672,10.430000305175781,10.430000305175781,5233,0.0,0.0,0.0
2023-06-13 11:30:00-04:00,10.420000076293945,10.449999809265137,10.359999656677246,10.4399995803833,3623,0.0,0.0,0.0
2023-06-13 12:30:00-04:00,10.400400161743164,10.529600143432617,10.400400161743164,10.529600143432617,1374,0.0,0.0,0.0
2023-06-13 13:30:00-04:00,10.460000038146973,10.479999542236328,10.4399995803833,10.4399995803833,2919,0.0,0.0,0.0
2023-06-13 14:30:00-04:00,10.420000076293945,10.529999732971191,10.420000076293945,10.529999732971191,4170,0.0,0.0,0.0
2023-06-13 15:30:00-04:00,10.51990032196045,10.550000190734863,10.510000228881836,10.550000190734863,0,0.0,0.0,0.0
2023-06-14 09:30:00-04:00,10.539999961853027,10.649999618530273,10.539999961853027,10.629899978637695,12825,0.0,0.0,0.0
2023-06-14 10:30:00-04:00,10.670000076293945,10.800000190734863,10.65999984741211,10.75,4321,0.0,0.0,0.0
2023-06-14 12:30:00-04:00,10.739999771118164,10.739999771118164,10.650099754333496,10.650099754333496,438,0.0,0.0,0.0
2023-06-14 13:30:00-04:00,10.579999923706055,10.579999923706055,10.470000267028809,10.470000267028809,2330,0.0,0.0,0.0
2023-06-14 14:30:00-04:00,10.470000267028809,10.638500213623047,10.470000267028809,10.550100326538086,5841,0.0,0.0,0.0
2023-06-14 15:30:00-04:00,10.630000114440918,10.630000114440918,10.600000381469727,10.630000114440918,0,0.0,0.0,0.0
2023-06-15 09:30:00-04:00,10.220000267028809,10.276100158691406,10.074999809265137,10.276100158691406,15330,0.0,0.0,0.0
2023-06-15 10:30:00-04:00,10.300000190734863,10.300000190734863,10.239999771118164,10.279999732971191,3560,0.0,0.0,0.0
2023-06-15 11:30:00-04:00,10.261099815368652,10.319999694824219,10.241000175476074,10.3100004196167,6285,0.0,0.0,0.0
2023-06-15 12:30:00-04:00,10.270000457763672,10.270000457763672,10.270000457763672,10.270000457763672,348,0.0,0.0,0.0
2023-06-15 13:30:00-04:00,10.319999694824219,10.399999618530273,10.319999694824219,10.399999618530273,5770,0.0,0.0,0.0
2023-06-15 14:30:00-04:00,10.399999618530273,10.479999542236328,10.399999618530273,10.404999732971191,3334,0.0,0.0,0.0
2023-06-15 15:30:00-04:00,10.39109992980957,10.39109992980957,10.374099731445312,10.374099731445312,1849,0.0,0.0,0.0
2023-06-16 09:30:00-04:00,10.550000190734863,10.550000190734863,10.350000381469727,10.380000114440918,0,0.0,0.0,0.0
2023-06-16 10:30:00-04:00,10.4399995803833,10.454999923706055,10.329999923706055,10.404999732971191,2825,0.0,0.0,0.0
2023-06-16 11:30:00-04:00,10.409899711608887,10.670000076293945,10.380000114440918,10.670000076293945,1576,0.0,0.0,0.0
2023-06-16 12:30:00-04:00,10.65999984741211,10.787199974060059,10.649999618530273,10.760000228881836,4939,0.0,0.0,0.0
2023-06-16 13:30:00-04:00,10.819999694824219,10.970000267028809,10.819999694824219,10.970000267028809,7551,0.0,0.0,0.0
2023-06-16 14:30:00-04:00,10.960000038146973,11.100000381469727,10.954999923706055,10.975000381469727,12873,0.0,0.0,0.0
2023-06-16 15:30:00-04:00,11.000100135803223,11.050100326538086,10.920000076293945,10.979999542236328,7987,0.0,0.0,0.0
2023-06-20 09:30:00-04:00,11.199999809265137,11.446000099182129,10.979999542236328,10.979999542236328,11732,0.0,0.0,0.0
2023-06-20 10:30:00-04:00,10.90999984741211,11.119999885559082,10.90999984741211,11.079999923706055,2530,0.0,0.0,0.0
2023-06-20 11:30:00-04:00,11.130000114440918,11.498000144958496,11.130000114440918,11.479999542236328,18725,0.0,0.0,0.0
2023-06-20 12:30:00-04:00,11.489999771118164,11.75,11.460000038146973,11.670000076293945,16209,0.0,0.0,0.0
2023-06-20 13:30:00-04:00,11.6899995803833,12.038599967956543,11.6899995803833,12.038599967956543,42295,0.0,0.0,0.0
2023-06-20 14:30:00-04:00,11.95009994506836,12.09000015258789,11.900099754333496,12.024999618530273,12467,0.0,0.0,0.0
2023-06-20 15:30:00-04:00,12.020000457763672,12.050000190734863,11.960000038146973,12.050000190734863,0,0.0,0.0,0.0
2023-06-21 09:30:00-04:00,12.5600004196167,12.845000267028809,12.359999656677246,12.479999542236328,35234,0.0,0.0,0.0
2023-06-21 10:30:00-04:00,12.574999809265137,12.739999771118164,12.4399995803833,12.7391996383667,30174,0.0,0.0,0.0
2023-06-21 11:30:00-04:00,12.75,12.920000076293945,12.550000190734863,12.920000076293945,38430,0.0,0.0,0.0
2023-06-21 12:30:00-04:00,12.90999984741211,12.979999542236328,12.529999732971191,12.529999732971191,18326,0.0,0.0,0.0
2023-06-21 13:30:00-04:00,12.550000190734863,12.71500015258789,12.5,12.71500015258789,7006,0.0,0.0,0.0
2023-06-21 14:30:00-04:00,12.65999984741211,12.694999694824219,12.578499794006348,12.585000038146973,7632,0.0,0.0,0.0
2023-06-21 15:30:00-04:00,12.609999656677246,12.609999656677246,12.529999732971191,12.550000190734863,8379,0.0,0.0,0.0
2023-06-22 09:30:00-04:00,12.600000381469727,12.770000457763672,12.300000190734863,12.425000190734863,41125,0.0,0.0,0.0
2023-06-22 10:30:00-04:00,12.420000076293945,12.420000076293945,12.0,12.010100364685059,19580,0.0,0.0,0.0
2023-06-22 11:30:00-04:00,12.100000381469727,12.329999923706055,12.100000381469727,12.3100004196167,18501,0.0,0.0,0.0
2023-06-22 12:30:00-04:00,12.430000305175781,12.4399995803833,12.319999694824219,12.390000343322754,9207,0.0,0.0,0.0
2023-06-22 13:30:00-04:00,12.430000305175781,12.5,12.420000076293945,12.479999542236328,10164,0.0,0.0,0.0
2023-06-22 14:30:00-04:00,12.479999542236328,12.539999961853027,12.454999923706055,12.454999923706055,17905,0.0,0.0,0.0
2023-06-22 15:30:00-04:00,12.4399995803833,12.520000457763672,12.430000305175781,12.520000457763672,0,0.0,0.0,0.0
2023-06-23 09:30:00-04:00,12.369999885559082,12.729999542236328,12.279999732971191,12.600000381469727,35062,0.0,0.0,0.0
2023-06-23 10:30:00-04:00,12.619999885559082,13.138999938964844,12.619999885559082,13.029999732971191,52614,0.0,0.0,0.0
2023-06-23 11:30:00-04:00,13.020000457763672,13.369999885559082,12.970000267028809,13.107999801635742,47913,0.0,0.0,0.0
2023-06-23 12:30:00-04:00,12.988100051879883,13.244999885559082,12.970000267028809,13.149999618530273,14363,0.0,0.0,0.0
2023-06-23 13:30:00-04:00,13.09000015258789,13.170000076293945,12.960000038146973,12.960000038146973,16096,0.0,0.0,0.0
2023-06-23 14:30:00-04:00,12.979999542236328,13.5,12.899999618530273,12.960000038146973,10941,0.0,0.0,0.0
2023-06-23 15:30:00-04:00,12.96500015258789,12.989999771118164,12.829999923706055,12.95009994506836,18832,0.0,0.0,0.0
2023-06-26 09:30:00-04:00,12.970000267028809,13.25,12.8100004196167,13.210000038146973,47072,0.0,0.0,0.0
2023-06-26 10:30:00-04:00,13.199999809265137,13.199999809265137,12.520000457763672,12.630000114440918,30520,0.0,0.0,0.0
2023-06-26 11:30:00-04:00,12.609999656677246,12.609999656677246,12.239999771118164,12.239999771118164,42981,0.0,0.0,0.0
2023-06-26 12:30:00-04:00,12.239999771118164,12.3100004196167,12.030099868774414,12.225000381469727,48041,0.0,0.0,0.0
2023-06-26 13:30:00-04:00,12.288000106811523,12.29990005493164,12.15999984741211,12.258999824523926,20156,0.0,0.0,0.0
2023-06-26 14:30:00-04:00,12.259900093078613,12.329999923706055,12.210000038146973,12.210000038146973,7238,0.0,0.0,0.0
2023-06-26 15:30:00-04:00,12.229999542236328,12.270000457763672,12.149999618530273,12.149999618530273,3367,0.0,0.0,0.0
2023-06-27 09:30:00-04:00,12.539999961853027,12.75,12.330100059509277,12.6899995803833,52582,0.0,0.0,0.0
2023-06-27 10:30:00-04:00,12.699999809265137,12.869999885559082,12.600000381469727,12.640000343322754,19313,0.0,0.0,0.0
2023-06-27 11:30:00-04:00,12.680000305175781,12.710000038146973,12.4399995803833,12.529999732971191,12875,0.0,0.0,0.0
2023-06-27 12:30:00-04:00,12.696100234985352,12.850000381469727,12.65999984741211,12.849599838256836,20587,0.0,0.0,0.0
2023-06-27 13:30:00-04:00,12.84000015258789,12.960000038146973,12.800000190734863,12.90999984741211,12660,0.0,0.0,0.0
2023-06-27 14:30:00-04:00,12.920000076293945,12.999899864196777,12.920000076293945,12.949999809265137,11799,0.0,0.0,0.0
2023-06-27 15:30:00-04:00,12.920000076293945,12.960000038146973,12.880000114440918,12.90999984741211,0,0.0,0.0,0.0
2023-06-28 09:30:00-04:00,12.5600004196167,12.821499824523926,12.399999618530273,12.8100004196167,54813,0.0,0.0,0.0
2023-06-28 10:30:00-04:00,12.84000015258789,13.010000228881836,12.75,12.800000190734863,25473,0.0,0.0,0.0
2023-06-28 11:30:00-04:00,12.859999656677246,13.069999694824219,12.819999694824219,12.819999694824219,14299,0.0,0.0,0.0
2023-06-28 12:30:00-04:00,12.819999694824219,12.819999694824219,12.699999809265137,12.770000457763672,20388,0.0,0.0,0.0
2023-06-28 13:30:00-04:00,12.829999923706055,12.829999923706055,12.789999961853027,12.829999923706055,5408,0.0,0.0,0.0
2023-06-28 14:30:00-04:00,12.875,12.880000114440918,12.779999732971191,12.789999961853027,4932,0.0,0.0,0.0
2023-06-28 15:30:00-04:00,12.766599655151367,12.766599655151367,12.729999542236328,12.739999771118164,3464,0.0,0.0,0.0
2023-06-29 09:30:00-04:00,13.1899995803833,13.520000457763672,13.0600004196167,13.25,60105,0.0,0.0,0.0
2023-06-29 10:30:00-04:00,13.220000267028809,13.229999542236328,12.890000343322754,13.079999923706055,17974,0.0,0.0,0.0
2023-06-29 11:30:00-04:00,13.059000015258789,13.059000015258789,12.831500053405762,12.90999984741211,13839,0.0,0.0,0.0
2023-06-29 12:30:00-04:00,12.914999961853027,12.920000076293945,12.789999961853027,12.899999618530273,14947,0.0,0.0,0.0
2023-06-29 13:30:00-04:00,12.960000038146973,13.008999824523926,12.899999618530273,13.008999824523926,3529,0.0,0.0,0.0
2023-06-29 14:30:00-04:00,13.011099815368652,13.0600004196167,12.997300148010254,13.050000190734863,12724,0.0,0.0,0.0
2023-06-29 15:30:00-04:00,13.02400016784668,13.119999885559082,13.020000457763672,13.100000381469727,6831,0.0,0.0,0.0
2023-06-30 09:30:00-04:00,13.619999885559082,13.619999885559082,12.5600004196167,12.84000015258789,68770,0.0,0.0,0.0
2023-06-30 10:30:00-04:00,12.834799766540527,12.930000305175781,12.739999771118164,12.800000190734863,25154,0.0,0.0,0.0
2023-06-30 11:30:00-04:00,12.760000228881836,12.829999923706055,12.650099754333496,12.725000381469727,18764,0.0,0.0,0.0
2023-06-30 12:30:00-04:00,12.819999694824219,13.180000305175781,12.8100004196167,13.090100288391113,13297,0.0,0.0,0.0
2023-06-30 13:30:00-04:00,13.074999809265137,13.168800354003906,13.010000228881836,13.069999694824219,26284,0.0,0.0,0.0
2023-06-30 14:30:00-04:00,13.0600004196167,13.09000015258789,13.010000228881836,13.059900283813477,18766,0.0,0.0,0.0
2023-06-30 15:30:00-04:00,13.020000457763672,13.039999961853027,12.960000038146973,13.029999732971191,6026,0.0,0.0,0.0
2023-07-03 09:30:00-04:00,13.180000305175781,13.859999656677246,13.180000305175781,13.819999694824219,22023,0.0,0.0,0.0
2023-07-03 10:30:00-04:00,13.75,14.239999771118164,13.75,14.239999771118164,15333,0.0,0.0,0.0
2023-07-03 11:30:00-04:00,14.25,14.399999618530273,14.149999618530273,14.239999771118164,12114,0.0,0.0,0.0
2023-07-05 09:30:00-04:00,13.979999542236328,14.359000205993652,13.760000228881836,14.29010009765625,34757,0.0,0.0,0.0
2023-07-05 10:30:00-04:00,14.359999656677246,14.5,14.199999809265137,14.199999809265137,8550,0.0,0.0,0.0
2023-07-05 11:30:00-04:00,14.15999984741211,14.538999557495117,14.149999618530273,14.538999557495117,6420,0.0,0.0,0.0
2023-07-05 12:30:00-04:00,14.520000457763672,14.779999732971191,14.510000228881836,14.779999732971191,6482,0.0,0.0,0.0
2023-07-05 13:30:00-04:00,14.704999923706055,14.8100004196167,14.668999671936035,14.668999671936035,12374,0.0,0.0,0.0
2023-07-05 14:30:00-04:00,14.634900093078613,14.739999771118164,14.619999885559082,14.710000038146973,8942,0.0,0.0,0.0
2023-07-05 15:30:00-04:00,14.694899559020996,14.710000038146973,14.5600004196167,14.569999694824219,0,0.0,0.0,0.0
2023-07-06 09:30:00-04:00,14.569999694824219,14.689499855041504,13.819999694824219,13.819999694824219,50706,0.0,0.0,0.0
2023-07-06 10:30:00-04:00,13.824999809265137,14.100000381469727,13.680999755859375,14.100000381469727,23000,0.0,0.0,0.0
2023-07-06 11:30:00-04:00,14.25,14.380000114440918,14.010000228881836,14.010000228881836,16593,0.0,0.0,0.0
2023-07-06 12:30:00-04:00,14.020000457763672,14.180000305175781,13.921799659729004,14.100000381469727,12255,0.0,0.0,0.0
2023-07-06 13:30:00-04:00,14.079999923706055,14.130000114440918,14.03499984741211,14.130000114440918,3359,0.0,0.0,0.0
2023-07-06 14:30:00-04:00,14.140000343322754,14.359999656677246,14.139900207519531,14.359999656677246,4900,0.0,0.0,0.0
2023-07-06 15:30:00-04:00,14.359999656677246,14.430000305175781,14.350000381469727,14.430000305175781,18290,0.0,0.0,0.0
2023-07-07 09:30:00-04:00,14.489999771118164,15.319999694824219,14.460000038146973,15.279999732971191,32429,0.0,0.0,0.0
2023-07-07 10:30:00-04:00,15.260000228881836,15.640000343322754,15.164999961853027,15.600000381469727,32634,0.0,0.0,0.0
2023-07-07 11:30:00-04:00,15.739899635314941,15.779999732971191,15.579999923706055,15.699999809265137,34609,0.0,0.0,0.0
2023-07-07 12:30:00-04:00,15.768099784851074,15.889200210571289,15.680100440979004,15.749899864196777,26806,0.0,0.0,0.0
2023-07-07 13:30:00-04:00,15.748800277709961,15.748800277709961,15.520000457763672,15.535699844360352,9483,0.0,0.0,0.0
2023-07-07 14:30:00-04:00,15.430000305175781,15.4399995803833,15.249699592590332,15.349900245666504,14140,0.0,0.0,0.0
2023-07-07 15:30:00-04:00,15.260100364685059,15.449999809265137,15.260100364685059,15.413000106811523,4371,0.0,0.0,0.0
2023-07-10 09:30:00-04:00,15.460000038146973,15.579999923706055,15.029999732971191,15.550000190734863,37580,0.0,0.0,0.0
2023-07-10 10:30:00-04:00,15.625499725341797,15.630000114440918,15.378999710083008,15.57859992980957,13407,0.0,0.0,0.0
2023-07-10 11:30:00-04:00,15.609999656677246,15.84000015258789,15.550000190734863,15.550000190734863,7158,0.0,0.0,0.0
2023-07-10 12:30:00-04:00,15.800000190734863,15.949999809265137,15.789999961853027,15.949999809265137,13379,0.0,0.0,0.0
2023-07-10 13:30:00-04:00,15.9399995803833,16.405000686645508,15.9399995803833,16.260000228881836,13092,0.0,0.0,0.0
2023-07-10 14:30:00-04:00,16.250099182128906,16.530000686645508,16.250099182128906,16.5,13235,0.0,0.0,0.0
2023-07-10 15:30:00-04:00,16.499000549316406,16.65999984741211,16.482999801635742,16.625,0,0.0,0.0,0.0
2023-07-11 09:30:00-04:00,16.719999313354492,16.719999313354492,16.25,16.639999389648438,69207,0.0,0.0,0.0
2023-07-11 10:30:00-04:00,16.674999237060547,16.8125,16.399999618530273,16.510000228881836,13267,0.0,0.0,0.0
2023-07-11 11:30:00-04:00,16.399999618530273,16.540000915527344,16.386499404907227,16.510000228881836,13806,0.0,0.0,0.0
2023-07-11 12:30:00-04:00,16.440000534057617,16.69499969482422,16.440000534057617,16.540000915527344,18543,0.0,0.0,0.0
2023-07-11 13:30:00-04:00,16.540000915527344,16.540000915527344,16.360000610351562,16.360000610351562,5200,0.0,0.0,0.0
2023-07-11 14:30:00-04:00,16.33650016784668,16.600000381469727,16.33650016784668,16.600000381469727,11103,0.0,0.0,0.0
2023-07-11 15:30:00-04:00,16.580900192260742,16.61989974975586,16.489999771118164,16.540000915527344,10021,0.0,0.0,0.0
2023-07-12 09:30:00-04:00,17.299999237060547,17.299999237060547,16.65999984741211,17.059999465942383,71874,0.0,0.0,0.0
2023-07-12 10:30:00-04:00,17.065000534057617,17.31130027770996,16.959999084472656,16.959999084472656,29262,0.0,0.0,0.0
2023-07-12 11:30:00-04:00,17.06999969482422,17.06999969482422,16.489999771118164,16.649999618530273,50045,0.0,0.0,0.0
2023-07-12 12:30:00-04:00,16.639999389648438,16.7189998626709,16.56999969482422,16.56999969482422,13208,0.0,0.0,0.0
2023-07-12 13:30:00-04:00,16.6200008392334,16.649999618530273,16.520000457763672,16.6299991607666,11339,0.0,0.0,0.0
2023-07-12 14:30:00-04:00,16.66670036315918,16.75,16.5,16.540000915527344,11360,0.0,0.0,0.0
2023-07-12 15:30:00-04:00,16.530000686645508,16.709999084472656,16.520000457763672,16.65999984741211,10356,0.0,0.0,0.0
2023-07-13 09:30:00-04:00,17.020000457763672,17.43950080871582,16.989900588989258,17.270000457763672,34574,0.0,0.0,0.0
2023-07-13 10:30:00-04:00,17.299999237060547,17.789899826049805,17.299999237060547,17.789899826049805,11071,0.0,0.0,0.0
2023-07-13 11:30:00-04:00,17.90999984741211,18.489999771118164,17.889999389648438,18.459999084472656,65723,0.0,0.0,0.0
2023-07-13 12:30:00-04:00,18.440000534057617,18.568599700927734,18.230100631713867,18.54010009765625,36570,0.0,0.0,0.0
2023-07-13 13:30:00-04:00,18.549999237060547,19.010000228881836,18.549999237060547,18.869699478149414,81014,0.0,0.0,0.0
2023-07-13 14:30:00-04:00,18.8700008392334,19.209999084472656,18.809999465942383,19.209999084472656,46258,0.0,0.0,0.0
2023-07-13 15:30:00-04:00,19.219999313354492,19.290000915527344,19.040000915527344,19.040000915527344,61300,0.0,0.0,0.0
2023-07-14 09:30:00-04:00,18.940000534057617,19.3799991607666,18.801000595092773,18.8799991607666,100024,0.0,0.0,0.0
2023-07-14 10:30:00-04:00,18.8799991607666,19.040000915527344,18.42099952697754,18.83099937438965,44804,0.0,0.0,0.0
2023-07-14 11:30:00-04:00,18.780000686645508,18.787900924682617,18.260000228881836,18.290000915527344,27846,0.0,0.0,0.0
2023-07-14 12:30:00-04:00,18.280000686645508,18.358200073242188,17.780000686645508,17.850099563598633,28598,0.0,0.0,0.0
2023-07-14 13:30:00-04:00,17.842100143432617,17.90999984741211,17.520000457763672,17.530399322509766,25468,0.0,0.0,0.0
2023-07-14 14:30:00-04:00,17.530000686645508,17.68000030517578,17.410999298095703,17.58049964904785,40690,0.0,0.0,0.0
2023-07-14 15:30:00-04:00,17.582000732421875,17.760000228881836,17.582000732421875,17.760000228881836,22539,0.0,0.0,0.0
2023-07-17 09:30:00-04:00,17.889999389648438,18.59000015258789,17.5,18.489999771118164,63381,0.0,0.0,0.0
2023-07-17 10:30:00-04:00,18.389999389648438,18.389999389648438,17.899999618530273,17.899999618530273,23856,0.0,0.0,0.0
2023-07-17 11:30:00-04:00,17.920000076293945,17.95989990234375,17.75,17.910600662231445,9499,0.0,0.0,0.0
2023-07-17 12:30:00-04:00,17.84000015258789,17.869699478149414,17.360000610351562,17.450000762939453,41014,0.0,0.0,0.0
2023-07-17 13:30:00-04:00,17.470300674438477,17.48200035095215,17.260000228881836,17.29990005493164,14852,0.0,0.0,0.0
2023-07-17 14:30:00-04:00,17.299999237060547,17.299999237060547,17.07200050354004,17.280000686645508,18907,0.0,0.0,0.0
2023-07-17 15:30:00-04:00,17.260000228881836,17.329999923706055,17.260000228881836,17.299999237060547,10840,0.0,0.0,0.0
2023-07-18 09:30:00-04:00,17.010000228881836,17.1299991607666,16.649999618530273,17.09000015258789,80181,0.0,0.0,0.0
2023-07-18 10:30:00-04:00,16.979299545288086,16.979299545288086,16.690000534057617,16.719999313354492,25494,0.0,0.0,0.0
2023-07-18 11:30:00-04:00,16.719999313354492,17.09000015258789,16.639999389648438,17.024999618530273,15269,0.0,0.0,0.0
2023-07-18 12:30:00-04:00,17.049999237060547,17.049999237060547,16.580799102783203,16.59040069580078,9887,0.0,0.0,0.0
2023-07-18 13:30:00-04:00,16.570100784301758,16.959999084472656,16.570100784301758,16.959999084472656,19904,0.0,0.0,0.0
2023-07-18 14:30:00-04:00,16.969999313354492,17.040000915527344,16.915000915527344,16.950000762939453,12254,0.0,0.0,0.0
2023-07-18 15:30:00-04:00,16.889999389648438,16.915000915527344,16.760000228881836,16.760000228881836,11940,0.0,0.0,0.0
2023-07-19 09:30:00-04:00,17.06999969482422,17.718000411987305,16.979999542236328,17.040000915527344,56171,0.0,0.0,0.0
2023-07-19 10:30:00-04:00,17.020000457763672,17.360000610351562,16.93000030517578,17.360000610351562,46651,0.0,0.0,0.0
2023-07-19 11:30:00-04:00,17.360000610351562,17.485000610351562,17.110000610351562,17.110000610351562,20925,0.0,0.0,0.0
2023-07-19 12:30:00-04:00,17.059999465942383,17.170000076293945,17.010000228881836,17.170000076293945,10133,0.0,0.0,0.0
2023-07-19 13:30:00-04:00,17.27989959716797,17.5398006439209,17.260000228881836,17.440000534057617,6727,0.0,0.0,0.0
2023-07-19 14:30:00-04:00,17.469999313354492,17.587200164794922,17.469999313354492,17.548999786376953,6502,0.0,0.0,0.0
2023-07-19 15:30:00-04:00,17.5,17.510000228881836,17.450000762939453,17.479999542236328,2927,0.0,0.0,0.0
2023-07-20 09:30:00-04:00,17.549999237060547,17.850000381469727,17.35059928894043,17.350900650024414,29215,0.0,0.0,0.0
2023-07-20 10:30:00-04:00,17.350000381469727,17.350000381469727,16.780000686645508,17.059999465942383,24532,0.0,0.0,0.0
2023-07-20 11:30:00-04:00,17.010000228881836,17.06999969482422,16.8799991607666,16.989999771118164,5370,0.0,0.0,0.0
2023-07-20 12:30:00-04:00,16.8700008392334,16.90999984741211,16.770000457763672,16.770000457763672,14226,0.0,0.0,0.0
2023-07-20 13:30:00-04:00,16.75,16.829999923706055,16.54010009765625,16.54010009765625,8489,0.0,0.0,0.0
2023-07-20 14:30:00-04:00,16.524999618530273,16.61989974975586,16.3700008392334,16.40999984741211,33277,0.0,0.0,0.0
2023-07-20 15:30:00-04:00,16.40999984741211,16.429000854492188,16.34000015258789,16.3700008392334,7697,0.0,0.0,0.0
2023-07-21 09:30:00-04:00,16.6200008392334,16.649999618530273,15.619999885559082,15.890000343322754,43056,0.0,0.0,0.0
2023-07-21 10:30:00-04:00,15.720000267028809,16.184999465942383,15.704999923706055,16.184999465942383,27401,0.0,0.0,0.0
2023-07-21 11:30:00-04:00,16.200000762939453,16.200000762939453,16.030000686645508,16.110000610351562,13751,0.0,0.0,0.0
2023-07-21 12:30:00-04:00,16.020000457763672,16.270000457763672,16.0,16.270000457763672,4239,0.0,0.0,0.0
2023-07-21 13:30:00-04:00,16.260000228881836,16.5,16.260000228881836,16.5,6354,0.0,0.0,0.0
2023-07-21 14:30:00-04:00,16.489999771118164,16.59000015258789,16.1200008392334,16.229900360107422,8280,0.0,0.0,0.0
2023-07-21 15:30:00-04:00,16.260000228881836,16.280000686645508,16.25,16.275299072265625,6194,0.0,0.0,0.0
2023-07-24 09:30:00-04:00,15.600000381469727,16.010000228881836,15.433600425720215,15.560099601745605,46246,0.0,0.0,0.0
2023-07-24 10:30:00-04:00,15.520000457763672,15.587300300598145,15.380000114440918,15.430000305175781,21863,0.0,0.0,0.0
2023-07-24 11:30:00-04:00,15.539899826049805,15.619999885559082,15.460000038146973,15.619999885559082,6432,0.0,0.0,0.0
2023-07-24 12:30:00-04:00,15.699999809265137,15.76990032196045,15.680999755859375,15.76990032196045,7722,0.0,0.0,0.0
2023-07-24 13:30:00-04:00,15.699999809265137,15.79889965057373,15.6899995803833,15.70989990234375,5654,0.0,0.0,0.0
2023-07-24 14:30:00-04:00,15.77400016784668,15.77400016784668,15.675800323486328,15.699999809265137,4367,0.0,0.0,0.0
2023-07-24 15:30:00-04:00,15.694999694824219,15.694999694824219,15.657099723815918,15.670000076293945,4622,0.0,0.0,0.0
2023-07-25 09:30:00-04:00,15.680000305175781,16.3700008392334,15.680000305175781,16.190000534057617,21850,0.0,0.0,0.0
2023-07-25 10:30:00-04:00,16.049999237060547,16.496000289916992,16.049999237060547,16.440000534057617,10034,0.0,0.0,0.0
2023-07-25 11:30:00-04:00,16.462499618530273,16.5,16.360000610351562,16.364999771118164,18056,0.0,0.0,0.0
2023-07-25 12:30:00-04:00,16.28219985961914,16.28219985961914,16.041000366210938,16.100000381469727,4793,0.0,0.0,0.0
2023-07-25 13:30:00-04:00,16.07990074157715,16.07990074157715,15.979999542236328,15.989999771118164,1553,0.0,0.0,0.0
2023-07-25 14:30:00-04:00,16.010000228881836,16.200000762939453,15.95009994506836,16.059999465942383,33389,0.0,0.0,0.0
2023-07-25 15:30:00-04:00,15.890000343322754,15.890000343322754,15.75,15.789999961853027,1974,0.0,0.0,0.0
2023-07-26 09:30:00-04:00,15.739999771118164,16.289499282836914,15.729999542236328,16.010000228881836,26625,0.0,0.0,0.0
2023-07-26 10:30:00-04:00,16.010000228881836,16.06999969482422,15.720000267028809,15.869999885559082,5073,0.0,0.0,0.0
2023-07-26 11:30:00-04:00,15.979999542236328,16.0,15.9399995803833,15.9399995803833,3996,0.0,0.0,0.0
2023-07-26 12:30:00-04:00,15.95009994506836,16.010000228881836,15.95009994506836,16.010000228881836,475,0.0,0.0,0.0
2023-07-26 13:30:00-04:00,16.0,16.020000457763672,15.890000343322754,15.890000343322754,10680,0.0,0.0,0.0
2023-07-26 14:30:00-04:00,15.960000038146973,16.270000457763672,15.960000038146973,16.197900772094727,18771,0.0,0.0,0.0
2023-07-26 15:30:00-04:00,16.18000030517578,16.19099998474121,16.10569953918457,16.149999618530273,0,0.0,0.0,0.0
2023-07-27 09:30:00-04:00,16.56999969482422,16.56999969482422,16.15999984741211,16.18000030517578,18891,0.0,0.0,0.0
2023-07-27 10:30:00-04:00,16.100000381469727,16.18000030517578,16.09000015258789,16.149999618530273,8426,0.0,0.0,0.0
2023-07-27 11:30:00-04:00,16.239999771118164,16.239999771118164,16.06999969482422,16.079999923706055,4394,0.0,0.0,0.0
2023-07-27 12:30:00-04:00,16.258899688720703,16.258899688720703,16.0,16.0,1086,0.0,0.0,0.0
2023-07-27 13:30:00-04:00,15.979999542236328,15.979999542236328,15.775199890136719,15.775199890136719,2378,0.0,0.0,0.0
2023-07-27 14:30:00-04:00,15.63010025024414,15.670000076293945,15.5,15.5,9437,0.0,0.0,0.0
2023-07-27 15:30:00-04:00,15.489999771118164,15.489999771118164,15.369999885559082,15.40999984741211,5598,0.0,0.0,0.0
2023-07-28 09:30:00-04:00,15.640000343322754,15.9399995803833,15.600000381469727,15.84000015258789,20847,0.0,0.0,0.0
2023-07-28 10:30:00-04:00,15.859999656677246,16.010000228881836,15.684200286865234,16.010000228881836,10704,0.0,0.0,0.0
2023-07-28 11:30:00-04:00,15.979999542236328,16.020000457763672,15.800000190734863,15.949999809265137,5834,0.0,0.0,0.0
2023-07-28 12:30:00-04:00,15.970000267028809,15.979399681091309,15.899999618530273,15.920000076293945,4420,0.0,0.0,0.0
2023-07-28 13:30:00-04:00,15.859999656677246,15.859999656677246,15.760000228881836,15.829999923706055,4622,0.0,0.0,0.0
2023-07-28 14:30:00-04:00,15.9399995803833,15.949999809265137,15.819999694824219,15.829999923706055,6011,0.0,0.0,0.0
2023-07-28 15:30:00-04:00,15.819999694824219,15.850000381469727,15.815699577331543,15.850000381469727,3423,0.0,0.0,0.0
2023-07-31 09:30:00-04:00,15.979999542236328,16.290000915527344,15.907999992370605,16.1200008392334,18937,0.0,0.0,0.0
2023-07-31 10:30:00-04:00,16.110000610351562,16.34000015258789,16.02039909362793,16.109899520874023,7333,0.0,0.0,0.0
2023-07-31 11:30:00-04:00,16.020000457763672,16.079999923706055,15.940099716186523,16.059999465942383,5640,0.0,0.0,0.0
2023-07-31 12:30:00-04:00,16.079999923706055,16.079999923706055,15.869999885559082,15.869999885559082,2017,0.0,0.0,0.0
2023-07-31 13:30:00-04:00,15.910099983215332,16.0,15.890000343322754,15.970000267028809,18645,0.0,0.0,0.0
2023-07-31 14:30:00-04:00,15.970000267028809,15.970000267028809,15.898500442504883,15.898500442504883,1360,0.0,0.0,0.0
2023-07-31 15:30:00-04:00,15.920000076293945,16.040000915527344,15.920000076293945,16.040000915527344,0,0.0,0.0,0.0
2023-08-01 09:30:00-04:00,15.739999771118164,15.739999771118164,14.949999809265137,15.041999816894531,72524,0.0,0.0,0.0
2023-08-01 10:30:00-04:00,15.035900115966797,15.035900115966797,14.890000343322754,14.904999732971191,13934,0.0,0.0,0.0
2023-08-01 11:30:00-04:00,14.899999618530273,15.239999771118164,14.859999656677246,15.199999809265137,14562,0.0,0.0,0.0
2023-08-01 12:30:00-04:00,15.180000305175781,15.300000190734863,15.180000305175781,15.300000190734863,552,0.0,0.0,0.0
2023-08-01 13:30:00-04:00,15.218700408935547,15.399999618530273,15.210000038146973,15.364999771118164,8372,0.0,0.0,0.0
2023-08-01 14:30:00-04:00,15.40999984741211,15.529999732971191,15.40999984741211,15.486700057983398,18176,0.0,0.0,0.0
2023-08-01 15:30:00-04:00,15.489999771118164,15.489999771118164,15.399999618530273,15.399999618530273,1917,0.0,0.0,0.0
2023-08-02 09:30:00-04:00,15.390000343322754,15.850000381469727,15.210000038146973,15.3100004196167,28222,0.0,0.0,0.0
2023-08-02 10:30:00-04:00,15.369999885559082,15.430000305175781,14.960000038146973,15.050000190734863,15388,0.0,0.0,0.0
2023-08-02 11:30:00-04:00,15.039999961853027,15.039999961853027,14.850000381469727,14.869999885559082,5462,0.0,0.0,0.0
2023-08-02 12:30:00-04:00,14.90999984741211,15.149999618530273,14.819999694824219,15.149999618530273,3639,0.0,0.0,0.0
2023-08-02 13:30:00-04:00,15.09000015258789,15.179900169372559,15.09000015258789,15.14430046081543,4182,0.0,0.0,0.0
2023-08-02 14:30:00-04:00,15.149999618530273,15.218999862670898,15.100000381469727,15.100000381469727,3677,0.0,0.0,0.0
2023-08-02 15:30:00-04:00,15.09000015258789,15.100000381469727,15.0600004196167,15.100000381469727,0,0.0,0.0,0.0
2023-08-03 09:30:00-04:00,14.9399995803833,14.979999542236328,14.670000076293945,14.680000305175781,31824,0.0,0.0,0.0
2023-08-03 10:30:00-04:00,14.720000267028809,15.109999656677246,14.720000267028809,14.829999923706055,8384,0.0,0.0,0.0
2023-08-03 11:30:00-04:00,14.869999885559082,14.949999809265137,14.850000381469727,14.949999809265137,1927,0.0,0.0,0.0
2023-08-03 12:30:00-04:00,14.930000305175781,15.15999984741211,14.930000305175781,15.109999656677246,3642,0.0,0.0,0.0
2023-08-03 13:30:00-04:00,14.914999961853027,14.914999961853027,14.914999961853027,14.914999961853027,246,0.0,0.0,0.0
2023-08-03 14:30:00-04:00,14.890000343322754,14.89900016784668,14.75100040435791,14.774999618530273,1813,0.0,0.0,0.0
2023-08-03 15:30:00-04:00,14.779999732971191,14.789999961853027,14.720000267028809,14.760000228881836,0,0.0,0.0,0.0
2023-08-04 09:30:00-04:00,14.960000038146973,14.960000038146973,14.640000343322754,14.770000457763672,13398,0.0,0.0,0.0
2023-08-04 10:30:00-04:00,14.800000190734863,14.838500022888184,14.760000228881836,14.760000228881836,2509,0.0,0.0,0.0
2023-08-04 11:30:00-04:00,14.819999694824219,14.880000114440918,14.780099868774414,14.810099601745605,5477,0.0,0.0,0.0
2023-08-04 12:30:00-04:00,14.885000228881836,14.895000457763672,14.770000457763672,14.779999732971191,5689,0.0,0.0,0.0
2023-08-04 13:30:00-04:00,14.720000267028809,14.720000267028809,14.479999542236328,14.51990032196045,5675,0.0,0.0,0.0
2023-08-04 14:30:00-04:00,14.5,14.5,14.295000076293945,14.3100004196167,20248,0.0,0.0,0.0
2023-08-04 15:30:00-04:00,14.3149995803833,14.335200309753418,14.210000038146973,14.229999542236328,12613,0.0,0.0,0.0
2023-08-07 09:30:00-04:00,14.289999961853027,14.289999961853027,13.460000038146973,13.531000137329102,69038,0.0,0.0,0.0
2023-08-07 10:30:00-04:00,13.601400375366211,13.601400375366211,13.260000228881836,13.260000228881836,10136,0.0,0.0,0.0
2023-08-07 11:30:00-04:00,13.25,13.499899864196777,13.149999618530273,13.499899864196777,25951,0.0,0.0,0.0
2023-08-07 12:30:00-04:00,13.499899864196777,13.640000343322754,13.430000305175781,13.640000343322754,2093,0.0,0.0,0.0
2023-08-07 13:30:00-04:00,13.520000457763672,13.779800415039062,13.520000457763672,13.720000267028809,5929,0.0,0.0,0.0
2023-08-07 14:30:00-04:00,13.800000190734863,13.800000190734863,13.680000305175781,13.6899995803833,29894,0.0,0.0,0.0
2023-08-07 15:30:00-04:00,13.680000305175781,13.770000457763672,13.654999732971191,13.720000267028809,0,0.0,0.0,0.0
2023-08-08 09:30:00-04:00,14.149999618530273,14.170000076293945,13.869999885559082,14.140000343322754,29064,0.0,0.0,0.0
2023-08-08 10:30:00-04:00,14.145000457763672,14.295000076293945,14.0600004196167,14.239899635314941,16328,0.0,0.0,0.0
2023-08-08 11:30:00-04:00,14.15999984741211,14.420000076293945,14.15999984741211,14.420000076293945,10504,0.0,0.0,0.0
2023-08-08 12:30:00-04:00,14.430000305175781,14.699999809265137,14.430000305175781,14.529999732971191,24302,0.0,0.0,0.0
2023-08-08 13:30:00-04:00,14.536999702453613,14.649999618530273,14.529999732971191,14.649999618530273,9742,0.0,0.0,0.0
2023-08-08 14:30:00-04:00,14.640000343322754,14.720000267028809,14.579999923706055,14.649999618530273,15672,0.0,0.0,0.0
2023-08-08 15:30:00-04:00,14.65999984741211,14.670000076293945,14.569999694824219,14.640000343322754,11764,0.0,0.0,0.0
2023-08-09 09:30:00-04:00,14.760000228881836,14.943699836730957,14.420000076293945,14.479999542236328,51264,0.0,0.0,0.0
2023-08-09 10:30:00-04:00,14.460000038146973,14.600000381469727,14.319999694824219,14.329999923706055,39199,0.0,0.0,0.0
2023-08-09 11:30:00-04:00,14.320099830627441,14.458999633789062,14.319999694824219,14.395000457763672,3053,0.0,0.0,0.0
2023-08-09 12:30:00-04:00,14.40999984741211,14.40999984741211,14.170000076293945,14.211799621582031,5679,0.0,0.0,0.0
2023-08-09 13:30:00-04:00,14.210000038146973,14.220000267028809,14.079999923706055,14.170000076293945,6567,0.0,0.0,0.0
2023-08-09 14:30:00-04:00,14.179699897766113,14.179699897766113,14.15999984741211,14.178999900817871,2626,0.0,0.0,0.0
2023-08-09 15:30:00-04:00,14.170000076293945,14.1899995803833,14.119999885559082,14.119999885559082,2068,0.0,0.0,0.0
2023-08-10 09:30:00-04:00,14.170000076293945,14.720000267028809,14.050000190734863,14.600000381469727,48460,0.0,0.0,0.0
2023-08-10 10:30:00-04:00,14.579999923706055,14.609999656677246,14.130000114440918,14.298999786376953,16077,0.0,0.0,0.0
2023-08-10 11:30:00-04:00,14.35949993133545,14.409099578857422,14.175800323486328,14.229999542236328,8016,0.0,0.0,0.0
2023-08-10 12:30:00-04:00,13.940099716186523,13.949999809265137,13.930000305175781,13.930000305175781,4160,0.0,0.0,0.0
2023-08-10 13:30:00-04:00,13.930000305175781,14.0,13.850000381469727,14.0,5300,0.0,0.0,0.0
2023-08-10 14:30:00-04:00,13.920000076293945,13.960000038146973,13.920000076293945,13.949999809265137,2377,0.0,0.0,0.0
2023-08-10 15:30:00-04:00,13.880000114440918,13.890000343322754,13.779999732971191,13.779999732971191,0,0.0,0.0,0.0
2023-08-11 09:30:00-04:00,13.59000015258789,14.460000038146973,13.59000015258789,14.4350004196167,39066,0.0,0.0,0.0
2023-08-11 10:30:00-04:00,14.460000038146973,14.460000038146973,14.15149974822998,14.21090030670166,14932,0.0,0.0,0.0
2023-08-11 11:30:00-04:00,14.180000305175781,14.239999771118164,14.15999984741211,14.239999771118164,2970,0.0,0.0,0.0
2023-08-11 12:30:00-04:00,14.350000381469727,14.359999656677246,14.149999618530273,14.244999885559082,4034,0.0,0.0,0.0
2023-08-11 13:30:00-04:00,14.267000198364258,14.267000198364258,14.069999694824219,14.109999656677246,2036,0.0,0.0,0.0
2023-08-11 14:30:00-04:00,14.149999618530273,14.220000267028809,14.135000228881836,14.220000267028809,7388,0.0,0.0,0.0
2023-08-11 15:30:00-04:00,14.237000465393066,14.289999961853027,14.220000267028809,14.260000228881836,10367,0.0,0.0,0.0
2023-08-14 09:30:00-04:00,14.239999771118164,14.239999771118164,13.470000267028809,13.760000228881836,32468,0.0,0.0,0.0
2023-08-14 10:30:00-04:00,13.739999771118164,14.130000114440918,13.739999771118164,14.0600004196167,17486,0.0,0.0,0.0
2023-08-14 11:30:00-04:00,14.09000015258789,14.15999984741211,14.079000473022461,14.100000381469727,10870,0.0,0.0,0.0
2023-08-14 12:30:00-04:00,14.140000343322754,14.25879955291748,14.130000114440918,14.130000114440918,6331,0.0,0.0,0.0
2023-08-14 13:30:00-04:00,14.100000381469727,14.109999656677246,13.930100440979004,13.979999542236328,9328,0.0,0.0,0.0
2023-08-14 14:30:00-04:00,14.020000457763672,14.020000457763672,13.899999618530273,13.979999542236328,12964,0.0,0.0,0.0
2023-08-14 15:30:00-04:00,14.0,14.029999732971191,14.0,14.029999732971191,0,0.0,0.0,0.0
2023-08-15 09:30:00-04:00,13.979999542236328,14.079999923706055,13.6899995803833,13.711099624633789,13418,0.0,0.0,0.0
2023-08-15 10:30:00-04:00,13.729999542236328,14.039999961853027,13.670000076293945,13.86400032043457,10579,0.0,0.0,0.0
2023-08-15 11:30:00-04:00,13.859999656677246,13.859999656677246,13.75,13.75,3354,0.0,0.0,0.0
2023-08-15 12:30:00-04:00,13.670000076293945,13.670000076293945,13.523500442504883,13.569999694824219,4057,0.0,0.0,0.0
2023-08-15 13:30:00-04:00,13.5600004196167,13.619999885559082,13.536399841308594,13.536399841308594,1497,0.0,0.0,0.0
2023-08-15 14:30:00-04:00,13.559200286865234,13.559200286865234,13.25,13.25,17925,0.0,0.0,0.0
2023-08-15 15:30:00-04:00,13.229999542236328,13.3016996383667,13.229999542236328,13.260000228881836,0,0.0,0.0,0.0
2023-08-16 09:30:00-04:00,13.109999656677246,13.210000038146973,12.8149995803833,12.844499588012695,26984,0.0,0.0,0.0
2023-08-16 10:30:00-04:00,12.850000381469727,12.989999771118164,12.824000358581543,12.859999656677246,11181,0.0,0.0,0.0
2023-08-16 11:30:00-04:00,12.859999656677246,12.90939998626709,12.699999809265137,12.710000038146973,8588,0.0,0.0,0.0
2023-08-16 12:30:00-04:00,12.720000267028809,12.936699867248535,12.720000267028809,12.936699867248535,1970,0.0,0.0,0.0
2023-08-16 13:30:00-04:00,13.069999694824219,13.079999923706055,12.970000267028809,13.069999694824219,12089,0.0,0.0,0.0
2023-08-16 14:30:00-04:00,12.949999809265137,12.970000267028809,12.900099754333496,12.901300430297852,4078,0.0,0.0,0.0
2023-08-16 15:30:00-04:00,12.920900344848633,12.949999809265137,12.819999694824219,12.819999694824219,0,0.0,0.0,0.0
2023-08-17 09:30:00-04:00,12.539999961853027,12.59000015258789,12.116600036621094,12.116600036621094,76151,0.0,0.0,0.0
2023-08-17 10:30:00-04:00,12.180000305175781,12.329999923706055,12.130000114440918,12.324999809265137,18953,0.0,0.0,0.0
2023-08-17 11:30:00-04:00,12.199999809265137,12.199999809265137,12.020099639892578,12.142200469970703,8662,0.0,0.0,0.0
2023-08-17 12:30:00-04:00,12.180000305175781,12.350000381469727,12.180000305175781,12.270400047302246,9717,0.0,0.0,0.0
2023-08-17 13:30:00-04:00,12.181099891662598,12.181099891662598,12.101900100708008,12.101900100708008,2388,0.0,0.0,0.0
2023-08-17 14:30:00-04:00,12.0600004196167,12.097399711608887,11.920000076293945,12.0,15339,0.0,0.0,0.0
2023-08-17 15:30:00-04:00,11.979999542236328,11.979999542236328,11.859999656677246,11.869999885559082,0,0.0,0.0,0.0
2023-08-18 09:30:00-04:00,11.229999542236328,11.744999885559082,11.199999809265137,11.369999885559082,45874,0.0,0.0,0.0
2023-08-18 10:30:00-04:00,11.34000015258789,11.569899559020996,11.279999732971191,11.430000305175781,46438,0.0,0.0,0.0
2023-08-18 11:30:00-04:00,11.449999809265137,11.619999885559082,11.399999618530273,11.5,49217,0.0,0.0,0.0
2023-08-18 12:30:00-04:00,11.479999542236328,11.579999923706055,11.303799629211426,11.390000343322754,28277,0.0,0.0,0.0
2023-08-18 13:30:00-04:00,11.430000305175781,11.59000015258789,11.430000305175781,11.59000015258789,13055,0.0,0.0,0.0
2023-08-18 14:30:00-04:00,11.65999984741211,11.699999809265137,11.510000228881836,11.5600004196167,30584,0.0,0.0,0.0
2023-08-18 15:30:00-04:00,11.579999923706055,11.579999923706055,11.489999771118164,11.5,15486,0.0,0.0,0.0
2023-08-21 09:30:00-04:00,11.579999923706055,11.75,11.430000305175781,11.459699630737305,46531,0.0,0.0,0.0
2023-08-21 10:30:00-04:00,11.36989974975586,11.494999885559082,11.300000190734863,11.30739974975586,19660,0.0,0.0,0.0
2023-08-21 11:30:00-04:00,11.289999961853027,11.319999694824219,11.218400001525879,11.229999542236328,10781,0.0,0.0,0.0
2023-08-21 12:30:00-04:00,11.21500015258789,11.270000457763672,11.149999618530273,11.270000457763672,15299,0.0,0.0,0.0
2023-08-21 13:30:00-04:00,11.270000457763672,11.270000457763672,11.199999809265137,11.239999771118164,3874,0.0,0.0,0.0
2023-08-21 14:30:00-04:00,11.239999771118164,11.350000381469727,11.239999771118164,11.350000381469727,11601,0.0,0.0,0.0
2023-08-21 15:30:00-04:00,11.279999732971191,11.279999732971191,11.199999809265137,11.210000038146973,0,0.0,0.0,0.0
2023-08-22 09:30:00-04:00,11.329999923706055,11.520000457763672,11.079999923706055,11.130000114440918,32834,0.0,0.0,0.0
2023-08-22 10:30:00-04:00,11.119999885559082,11.156900405883789,11.029999732971191,11.140000343322754,12485,0.0,0.0,0.0
2023-08-22 11:30:00-04:00,11.09000015258789,11.11709976196289,10.979999542236328,11.029399871826172,6549,0.0,0.0,0.0
2023-08-22 12:30:00-04:00,11.050000190734863,11.25,11.050000190734863,11.059599876403809,20142,0.0,0.0,0.0
2023-08-22 13:30:00-04:00,11.119999885559082,11.120400428771973,10.930100440979004,11.059900283813477,42488,0.0,0.0,0.0
2023-08-22 14:30:00-04:00,11.079999923706055,11.114999771118164,11.029999732971191,11.029999732971191,6511,0.0,0.0,0.0
2023-08-22 15:30:00-04:00,10.984999656677246,10.984999656677246,10.960000038146973,10.970000267028809,0,0.0,0.0,0.0
2023-08-23 09:30:00-04:00,11.109999656677246,11.230199813842773,10.949999809265137,11.199999809265137,24735,0.0,0.0,0.0
2023-08-23 10:30:00-04:00,11.199999809265137,11.460000038146973,11.180000305175781,11.430000305175781,23159,0.0,0.0,0.0
2023-08-23 11:30:00-04:00,11.489999771118164,11.654999732971191,11.46500015258789,11.619999885559082,15364,0.0,0.0,0.0
2023-08-23 12:30:00-04:00,11.635000228881836,11.829999923706055,11.614999771118164,11.779999732971191,20305,0.0,0.0,0.0
2023-08-23 13:30:00-04:00,11.770000457763672,11.890000343322754,11.770000457763672,11.8100004196167,38761,0.0,0.0,0.0
2023-08-23 14:30:00-04:00,11.78499984741211,11.78499984741211,11.65999984741211,11.670000076293945,4799,0.0,0.0,0.0
2023-08-23 15:30:00-04:00,11.670000076293945,11.819999694824219,11.670000076293945,11.800000190734863,20692,0.0,0.0,0.0
2023-08-24 09:30:00-04:00,12.0,12.0,11.300000190734863,11.3100004196167,22517,0.0,0.0,0.0
2023-08-24 10:30:00-04:00,11.200599670410156,11.204999923706055,11.09000015258789,11.100000381469727,22032,0.0,0.0,0.0
2023-08-24 11:30:00-04:00,11.100000381469727,11.1899995803833,11.039999961853027,11.1899995803833,12855,0.0,0.0,0.0
2023-08-24 12:30:00-04:00,11.15999984741211,11.246999740600586,11.109999656677246,11.15999984741211,8309,0.0,0.0,0.0
2023-08-24 13:30:00-04:00,11.090999603271484,11.13599967956543,11.0600004196167,11.109999656677246,34141,0.0,0.0,0.0
2023-08-24 14:30:00-04:00,11.050000190734863,11.050000190734863,10.90999984741211,10.90999984741211,8058,0.0,0.0,0.0
2023-08-24 15:30:00-04:00,10.920000076293945,10.920000076293945,10.850000381469727,10.880000114440918,0,0.0,0.0,0.0
2023-08-25 09:30:00-04:00,10.90999984741211,11.170000076293945,10.800000190734863,10.859999656677246,37498,0.0,0.0,0.0
2023-08-25 10:30:00-04:00,10.821999549865723,10.876199722290039,10.510000228881836,10.710000038146973,22562,0.0,0.0,0.0
2023-08-25 11:30:00-04:00,10.779999732971191,10.8100004196167,10.6899995803833,10.720000267028809,5429,0.0,0.0,0.0
2023-08-25 12:30:00-04:00,10.789999961853027,10.819999694824219,10.739999771118164,10.75,4435,0.0,0.0,0.0
2023-08-25 13:30:00-04:00,10.789999961853027,10.865799903869629,10.78499984741211,10.865799903869629,2743,0.0,0.0,0.0
2023-08-25 14:30:00-04:00,10.880000114440918,10.890000343322754,10.819999694824219,10.824999809265137,2392,0.0,0.0,0.0
2023-08-25 15:30:00-04:00,10.819899559020996,10.819899559020996,10.75,10.760000228881836,4796,0.0,0.0,0.0
2023-08-28 09:30:00-04:00,11.020000457763672,11.109999656677246,10.920000076293945,11.039999961853027,31509,0.0,0.0,0.0
2023-08-28 10:30:00-04:00,11.050000190734863,11.079999923706055,10.890000343322754,10.930000305175781,13216,0.0,0.0,0.0
2023-08-28 11:30:00-04:00,10.951499938964844,11.057000160217285,10.880000114440918,10.890000343322754,13177,0.0,0.0,0.0
2023-08-28 12:30:00-04:00,10.960000038146973,11.0,10.949999809265137,10.992600440979004,6511,0.0,0.0,0.0
2023-08-28 13:30:00-04:00,11.0,11.039400100708008,10.850000381469727,10.859800338745117,10390,0.0,0.0,0.0
2023-08-28 14:30:00-04:00,10.84000015258789,10.90999984741211,10.779999732971191,10.819999694824219,18233,0.0,0.0,0.0
2023-08-28 15:30:00-04:00,10.820199966430664,10.835000038146973,10.8100004196167,10.835000038146973,3116,0.0,0.0,0.0
2023-08-29 09:30:00-04:00,10.869999885559082,12.029999732971191,10.800000190734863,11.9399995803833,63267,0.0,0.0,0.0
2023-08-29 10:30:00-04:00,11.979999542236328,12.640000343322754,11.9399995803833,12.499899864196777,139136,0.0,0.0,0.0
2023-08-29 11:30:00-04:00,12.5,12.800000190734863,12.4399995803833,12.739999771118164,109338,0.0,0.0,0.0
2023-08-29 12:30:00-04:00,12.720000267028809,12.758600234985352,12.529600143432617,12.619999885559082,97630,0.0,0.0,0.0
2023-08-29 13:30:00-04:00,12.640000343322754,12.699999809265137,12.510000228881836,12.609999656677246,42095,0.0,0.0,0.0
2023-08-29 14:30:00-04:00,12.619999885559082,12.63010025024414,12.486000061035156,12.5600004196167,39975,0.0,0.0,0.0
2023-08-29 15:30:00-04:00,12.5600004196167,12.5600004196167,12.460000038146973,12.550000190734863,11062,0.0,0.0,0.0
2023-08-30 09:30:00-04:00,12.289999961853027,12.470000267028809,12.109999656677246,12.109999656677246,73303,0.0,0.0,0.0
2023-08-30 10:30:00-04:00,12.180000305175781,12.449999809265137,12.069999694824219,12.300000190734863,81206,0.0,0.0,0.0
2023-08-30 11:30:00-04:00,12.289999961853027,12.489999771118164,12.232600212097168,12.270000457763672,30591,0.0,0.0,0.0
2023-08-30 12:30:00-04:00,12.260000228881836,12.364999771118164,12.164999961853027,12.364999771118164,14085,0.0,0.0,0.0
2023-08-30 13:30:00-04:00,12.430000305175781,12.460000038146973,12.279999732971191,12.369999885559082,22680,0.0,0.0,0.0
2023-08-30 14:30:00-04:00,12.345000267028809,12.529999732971191,12.345000267028809,12.430000305175781,6518,0.0,0.0,0.0
2023-08-30 15:30:00-04:00,12.4399995803833,12.4399995803833,12.399999618530273,12.430000305175781,28510,0.0,0.0,0.0
2023-08-31 09:30:00-04:00,12.529999732971191,12.569999694824219,12.239999771118164,12.279999732971191,75126,0.0,0.0,0.0
2023-08-31 10:30:00-04:00,12.3100004196167,12.414999961853027,12.289999961853027,12.345000267028809,10349,0.0,0.0,0.0
2023-08-31 11:30:00-04:00,12.350000381469727,12.359399795532227,11.899999618530273,11.920000076293945,21922,0.0,0.0,0.0
2023-08-31 12:30:00-04:00,11.90999984741211,11.90999984741211,11.649999618530273,11.76099967956543,25378,0.0,0.0,0.0
2023-08-31 13:30:00-04:00,11.789999961853027,11.84000015258789,11.720000267028809,11.779999732971191,5443,0.0,0.0,0.0
2023-08-31 14:30:00-04:00,11.750100135803223,11.779999732971191,11.72350025177002,11.732099533081055,4259,0.0,0.0,0.0
2023-08-31 15:30:00-04:00,11.788999557495117,11.800000190734863,11.703100204467773,11.739999771118164,8771,0.0,0.0,0.0
2023-09-01 09:30:00-04:00,11.859999656677246,11.859999656677246,11.279999732971191,11.346699714660645,36272,0.0,0.0,0.0
2023-09-01 10:30:00-04:00,11.349900245666504,11.349900245666504,11.116000175476074,11.305500030517578,36125,0.0,0.0,0.0
2023-09-01 11:30:00-04:00,11.326499938964844,11.329999923706055,11.15999984741211,11.180000305175781,7831,0.0,0.0,0.0
2023-09-01 12:30:00-04:00,11.260000228881836,11.29889965057373,11.109999656677246,11.109999656677246,7609,0.0,0.0,0.0
2023-09-01 13:30:00-04:00,11.111000061035156,11.228300094604492,11.100000381469727,11.149999618530273,13662,0.0,0.0,0.0
2023-09-01 14:30:00-04:00,11.119999885559082,11.199999809265137,11.100000381469727,11.16100025177002,18104,0.0,0.0,0.0
2023-09-01 15:30:00-04:00,11.130999565124512,11.187899589538574,11.109999656677246,11.140000343322754,18243,0.0,0.0,0.0
2023-09-05 09:30:00-04:00,11.220000267028809,11.220000267028809,10.92020034790039,10.979999542236328,53345,0.0,0.0,0.0
2023-09-05 10:30:00-04:00,10.970000267028809,11.050399780273438,10.899999618530273,11.041799545288086,17438,0.0,0.0,0.0
2023-09-05 11:30:00-04:00,10.954999923706055,11.079999923706055,10.941900253295898,11.00100040435791,9429,0.0,0.0,0.0
2023-09-05 12:30:00-04:00,11.0,11.100000381469727,11.0,11.100000381469727,1961,0.0,0.0,0.0
2023-09-05 13:30:00-04:00,11.156800270080566,11.156800270080566,11.149999618530273,11.149999618530273,1499,0.0,0.0,0.0
2023-09-05 14:30:00-04:00,11.069999694824219,11.07979965209961,11.050000190734863,11.050000190734863,3836,0.0,0.0,0.0
2023-09-05 15:30:00-04:00,11.09000015258789,11.09000015258789,11.01140022277832,11.050000190734863,0,0.0,0.0,0.0
2023-09-06 09:30:00-04:00,11.020000457763672,11.369999885559082,11.020000457763672,11.039999961853027,27275,0.0,0.0,0.0
2023-09-06 10:30:00-04:00,11.000100135803223,11.15999984741211,10.961000442504883,10.961000442504883,63267,0.0,0.0,0.0
2023-09-06 11:30:00-04:00,10.970000267028809,11.010000228881836,10.949999809265137,11.0,9490,0.0,0.0,0.0
2023-09-06 12:30:00-04:00,10.899999618530273,11.010000228881836,10.859999656677246,11.010000228881836,3873,0.0,0.0,0.0
2023-09-06 13:30:00-04:00,10.979999542236328,11.265000343322754,10.979999542236328,11.098199844360352,6614,0.0,0.0,0.0
2023-09-06 14:30:00-04:00,11.12969970703125,11.148599624633789,10.970000267028809,10.9798002243042,67079,0.0,0.0,0.0
2023-09-06 15:30:00-04:00,10.979999542236328,11.0,10.944999694824219,10.970000267028809,8241,0.0,0.0,0.0
2023-09-07 09:30:00-04:00,10.850000381469727,10.850000381469727,10.489999771118164,10.76990032196045,30366,0.0,0.0,0.0
2023-09-07 10:30:00-04:00,10.710000038146973,10.869999885559082,10.710000038146973,10.8100004196167,4406,0.0,0.0,0.0
2023-09-07 11:30:00-04:00,10.800000190734863,10.864999771118164,10.77079963684082,10.864999771118164,5849,0.0,0.0,0.0
2023-09-07 12:30:00-04:00,10.949999809265137,11.017499923706055,10.864999771118164,10.90999984741211,7418,0.0,0.0,0.0
2023-09-07 13:30:00-04:00,11.029999732971191,11.0600004196167,11.029999732971191,11.0600004196167,2056,0.0,0.0,0.0
2023-09-07 14:30:00-04:00,11.03499984741211,11.0600004196167,11.010000228881836,11.029999732971191,16646,0.0,0.0,0.0
2023-09-07 15:30:00-04:00,11.039999961853027,11.039999961853027,10.989999771118164,10.989999771118164,2437,0.0,0.0,0.0
2023-09-08 09:30:00-04:00,11.010000228881836,11.010000228881836,10.65999984741211,10.899999618530273,23777,0.0,0.0,0.0
2023-09-08 10:30:00-04:00,10.90999984741211,10.90999984741211,10.640000343322754,10.6899995803833,18989,0.0,0.0,0.0
2023-09-08 11:30:00-04:00,10.6899995803833,10.720000267028809,10.680000305175781,10.710000038146973,12058,0.0,0.0,0.0
2023-09-08 12:30:00-04:00,10.670000076293945,10.670000076293945,10.569999694824219,10.640000343322754,12287,0.0,0.0,0.0
2023-09-08 13:30:00-04:00,10.640000343322754,10.699999809265137,10.600000381469727,10.600000381469727,12951,0.0,0.0,0.0
2023-09-08 14:30:00-04:00,10.600000381469727,10.630000114440918,10.579999923706055,10.625,1251,0.0,0.0,0.0
2023-09-08 15:30:00-04:00,10.65999984741211,10.729999542236328,10.65999984741211,10.729999542236328,1515,0.0,0.0,0.0
2023-09-11 09:30:00-04:00,10.75,10.75,10.25,10.379899978637695,40557,0.0,0.0,0.0
2023-09-11 10:30:00-04:00,10.369999885559082,10.369999885559082,10.190099716186523,10.28499984741211,44449,0.0,0.0,0.0
2023-09-11 11:30:00-04:00,10.260000228881836,10.279999732971191,10.220000267028809,10.258399963378906,9309,0.0,0.0,0.0
2023-09-11 12:30:00-04:00,10.230299949645996,10.279999732971191,10.220000267028809,10.220000267028809,14948,0.0,0.0,0.0
2023-09-11 13:30:00-04:00,10.300000190734863,10.317000389099121,10.23009967803955,10.23009967803955,10046,0.0,0.0,0.0
2023-09-11 14:30:00-04:00,10.229999542236328,10.234999656677246,10.15999984741211,10.180000305175781,4645,0.0,0.0,0.0
2023-09-11 15:30:00-04:00,10.140000343322754,10.140000343322754,10.050000190734863,10.0600004196167,7960,0.0,0.0,0.0
2023-09-12 09:30:00-04:00,10.520000457763672,11.069999694824219,10.510000228881836,10.619999885559082,94868,0.0,0.0,0.0
2023-09-12 10:30:00-04:00,10.540800094604492,10.579999923706055,10.345000267028809,10.369999885559082,19954,0.0,0.0,0.0
2023-09-12 11:30:00-04:00,10.4350004196167,10.619999885559082,10.4350004196167,10.619999885559082,7856,0.0,0.0,0.0
2023-09-12 12:30:00-04:00,10.640000343322754,10.6899995803833,10.354999542236328,10.390000343322754,13999,0.0,0.0,0.0
2023-09-12 13:30:00-04:00,10.364999771118164,10.380000114440918,10.300000190734863,10.34000015258789,1791,0.0,0.0,0.0
2023-09-12 14:30:00-04:00,10.34000015258789,10.429900169372559,10.324899673461914,10.350000381469727,5071,0.0,0.0,0.0
2023-09-12 15:30:00-04:00,10.39739990234375,10.39739990234375,10.34000015258789,10.369999885559082,0,0.0,0.0,0.0
2023-09-13 09:30:00-04:00,10.329999923706055,10.395999908447266,10.109999656677246,10.239999771118164,19549,0.0,0.0,0.0
2023-09-13 10:30:00-04:00,10.260000228881836,10.430000305175781,10.260000228881836,10.40999984741211,14037,0.0,0.0,0.0
2023-09-13 11:30:00-04:00,10.430000305175781,10.5,10.390000343322754,10.479999542236328,13013,0.0,0.0,0.0
2023-09-13 12:30:00-04:00,10.479999542236328,10.479999542236328,10.359999656677246,10.359999656677246,8911,0.0,0.0,0.0
2023-09-13 13:30:00-04:00,10.343999862670898,10.343999862670898,10.220000267028809,10.239999771118164,4391,0.0,0.0,0.0
2023-09-13 14:30:00-04:00,10.199999809265137,10.199999809265137,10.149999618530273,10.182700157165527,3063,0.0,0.0,0.0
2023-09-13 15:30:00-04:00,10.229999542236328,10.270000457763672,10.220000267028809,10.220000267028809,0,0.0,0.0,0.0
2023-09-14 09:30:00-04:00,10.5600004196167,10.880000114440918,10.369999885559082,10.5,90511,0.0,0.0,0.0
2023-09-14 10:30:00-04:00,10.600000381469727,10.949999809265137,10.600000381469727,10.819999694824219,54724,0.0,0.0,0.0
2023-09-14 11:30:00-04:00,10.850000381469727,10.880000114440918,10.779999732971191,10.779999732971191,12467,0.0,0.0,0.0
2023-09-14 12:30:00-04:00,10.779999732971191,10.779999732971191,10.65999984741211,10.710000038146973,25774,0.0,0.0,0.0
2023-09-14 13:30:00-04:00,10.739999771118164,10.829999923706055,10.739999771118164,10.819999694824219,3079,0.0,0.0,0.0
2023-09-14 14:30:00-04:00,10.8100004196167,10.8100004196167,10.720000267028809,10.720000267028809,7723,0.0,0.0,0.0
2023-09-14 15:30:00-04:00,10.710000038146973,10.720000267028809,10.670000076293945,10.720000267028809,0,0.0,0.0,0.0
2023-09-15 09:30:00-04:00,10.65999984741211,10.65999984741211,10.420000076293945,10.49899959564209,21235,0.0,0.0,0.0
2023-09-15 10:30:00-04:00,10.510000228881836,10.510000228881836,10.373900413513184,10.40999984741211,7187,0.0,0.0,0.0
2023-09-15 11:30:00-04:00,10.420000076293945,10.508000373840332,10.420000076293945,10.489999771118164,4292,0.0,0.0,0.0
2023-09-15 12:30:00-04:00,10.51990032196045,10.51990032196045,10.34000015258789,10.358400344848633,3155,0.0,0.0,0.0
2023-09-15 13:30:00-04:00,10.359999656677246,10.430000305175781,10.359999656677246,10.40999984741211,2171,0.0,0.0,0.0
2023-09-15 14:30:00-04:00,10.46500015258789,10.48490047454834,10.430000305175781,10.479999542236328,7025,0.0,0.0,0.0
2023-09-15 15:30:00-04:00,10.489899635314941,10.49899959564209,10.401100158691406,10.449999809265137,3429,0.0,0.0,0.0
2023-09-18 09:30:00-04:00,10.899999618530273,11.0600004196167,10.680000305175781,10.729999542236328,22734,0.0,0.0,0.0
2023-09-18 10:30:00-04:00,10.694999694824219,10.960000038146973,10.609999656677246,10.90999984741211,16670,0.0,0.0,0.0
2023-09-18 11:30:00-04:00,10.899999618530273,10.958999633789062,10.725000381469727,10.725000381469727,7516,0.0,0.0,0.0
2023-09-18 12:30:00-04:00,10.760000228881836,10.779999732971191,10.65999984741211,10.65999984741211,12157,0.0,0.0,0.0
2023-09-18 13:30:00-04:00,10.600000381469727,10.699999809265137,10.600000381469727,10.64009952545166,5122,0.0,0.0,0.0
2023-09-18 14:30:00-04:00,10.600000381469727,10.600000381469727,10.529999732971191,10.579999923706055,3552,0.0,0.0,0.0
2023-09-18 15:30:00-04:00,10.550000190734863,10.579999923706055,10.550000190734863,10.550000190734863,3774,0.0,0.0,0.0
2023-09-19 09:30:00-04:00,10.6899995803833,10.6899995803833,10.199999809265137,10.40999984741211,30331,0.0,0.0,0.0
2023-09-19 10:30:00-04:00,10.399999618530273,10.680000305175781,10.399999618530273,10.680000305175781,8847,0.0,0.0,0.0
2023-09-19 11:30:00-04:00,10.719900131225586,10.779999732971191,10.579999923706055,10.617199897766113,10733,0.0,0.0,0.0
2023-09-19 12:30:00-04:00,10.550100326538086,10.550100326538086,10.470000267028809,10.470000267028809,15131,0.0,0.0,0.0
2023-09-19 13:30:00-04:00,10.489999771118164,10.489999771118164,10.470000267028809,10.470000267028809,755,0.0,0.0,0.0
2023-09-19 14:30:00-04:00,10.410900115966797,10.410900115966797,10.380000114440918,10.380000114440918,2073,0.0,0.0,0.0
2023-09-19 15:30:00-04:00,10.390000343322754,10.390000343322754,10.34000015258789,10.36240005493164,1870,0.0,0.0,0.0
2023-09-20 09:30:00-04:00,10.3100004196167,10.489999771118164,10.239999771118164,10.300000190734863,11279,0.0,0.0,0.0
2023-09-20 10:30:00-04:00,10.289999961853027,10.319899559020996,10.170000076293945,10.170000076293945,7773,0.0,0.0,0.0
2023-09-20 11:30:00-04:00,10.25,10.25,10.25,10.25,526,0.0,0.0,0.0
2023-09-20 12:30:00-04:00,10.289999961853027,10.289999961853027,10.279999732971191,10.279999732971191,1357,0.0,0.0,0.0
2023-09-20 13:30:00-04:00,10.369999885559082,10.40999984741211,10.300000190734863,10.40999984741211,2329,0.0,0.0,0.0
2023-09-20 14:30:00-04:00,10.160099983215332,10.199999809265137,10.151000022888184,10.183099746704102,1472,0.0,0.0,0.0
2023-09-20 15:30:00-04:00,10.09000015258789,10.09000015258789,10.020000457763672,10.020000457763672,1586,0.0,0.0,0.0
2023-09-21 09:30:00-04:00,9.829999923706055,9.829999923706055,9.591300010681152,9.6899995803833,67180,0.0,0.0,0.0
2023-09-21 10:30:00-04:00,9.704999923706055,9.800000190734863,9.701000213623047,9.739999771118164,21439,0.0,0.0,0.0
2023-09-21 11:30:00-04:00,9.75,9.75,9.699999809265137,9.744999885559082,1311,0.0,0.0,0.0
2023-09-21 12:30:00-04:00,9.760000228881836,9.8100004196167,9.729999542236328,9.789999961853027,5966,0.0,0.0,0.0
2023-09-21 13:30:00-04:00,9.787500381469727,9.8100004196167,9.779999732971191,9.789999961853027,4914,0.0,0.0,0.0
2023-09-21 14:30:00-04:00,9.779999732971191,9.779999732971191,9.690099716186523,9.690099716186523,2568,0.0,0.0,0.0
2023-09-21 15:30:00-04:00,9.699999809265137,9.699999809265137,9.640000343322754,9.6899995803833,0,0.0,0.0,0.0
2023-09-22 09:30:00-04:00,9.819999694824219,9.850000381469727,9.569999694824219,9.652700424194336,30234,0.0,0.0,0.0
2023-09-22 10:30:00-04:00,9.748000144958496,9.75,9.619999885559082,9.619999885559082,3483,0.0,0.0,0.0
2023-09-22 11:30:00-04:00,9.550000190734863,9.550000190734863,9.550000190734863,9.550000190734863,708,0.0,0.0,0.0
2023-09-22 12:30:00-04:00,9.547699928283691,9.549500465393066,9.460000038146973,9.520000457763672,5535,0.0,0.0,0.0
2023-09-22 13:30:00-04:00,9.422599792480469,9.449999809265137,9.369999885559082,9.420000076293945,9192,0.0,0.0,0.0
2023-09-22 14:30:00-04:00,9.399999618530273,9.40999984741211,9.399999618530273,9.40999984741211,1091,0.0,0.0,0.0
2023-09-22 15:30:00-04:00,9.399999618530273,9.399999618530273,9.329999923706055,9.350000381469727,1030,0.0,0.0,0.0
2023-09-25 09:30:00-04:00,9.239999771118164,9.3100004196167,9.100000381469727,9.210000038146973,19716,0.0,0.0,0.0
2023-09-25 10:30:00-04:00,9.180000305175781,9.350000381469727,9.130000114440918,9.319999694824219,9602,0.0,0.0,0.0
2023-09-25 11:30:00-04:00,9.3100004196167,9.399900436401367,9.289999961853027,9.380000114440918,6163,0.0,0.0,0.0
2023-09-25 12:30:00-04:00,9.399399757385254,9.399399757385254,9.369999885559082,9.369999885559082,1750,0.0,0.0,0.0
2023-09-25 13:30:00-04:00,9.319999694824219,9.329999923706055,9.319999694824219,9.329999923706055,1044,0.0,0.0,0.0
2023-09-25 14:30:00-04:00,9.25,9.270000457763672,9.23009967803955,9.270000457763672,1474,0.0,0.0,0.0
2023-09-25 15:30:00-04:00,9.279999732971191,9.300000190734863,9.239999771118164,9.25,0,0.0,0.0,0.0
2023-09-26 09:30:00-04:00,9.109999656677246,9.40999984741211,9.109999656677246,9.229999542236328,21815,0.0,0.0,0.0
2023-09-26 10:30:00-04:00,9.295000076293945,9.295000076293945,9.129199981689453,9.129199981689453,7027,0.0,0.0,0.0
2023-09-26 11:30:00-04:00,9.100000381469727,9.121399879455566,9.070099830627441,9.09000015258789,9113,0.0,0.0,0.0
2023-09-26 12:30:00-04:00,9.149999618530273,9.149999618530273,9.069999694824219,9.069999694824219,2404,0.0,0.0,0.0
2023-09-26 13:30:00-04:00,9.039999961853027,9.039999961853027,9.0,9.010000228881836,4189,0.0,0.0,0.0
2023-09-26 14:30:00-04:00,9.010000228881836,9.019000053405762,9.0,9.019000053405762,3131,0.0,0.0,0.0
2023-09-26 15:30:00-04:00,9.006600379943848,9.006600379943848,8.9399995803833,8.970000267028809,0,0.0,0.0,0.0
2023-09-27 09:30:00-04:00,9.289999961853027,9.380000114440918,9.09000015258789,9.130000114440918,35098,0.0,0.0,0.0
2023-09-27 10:30:00-04:00,9.09000015258789,9.130000114440918,8.989999771118164,9.100000381469727,35162,0.0,0.0,0.0
2023-09-27 11:30:00-04:00,9.0,9.069499969482422,9.0,9.0,3312,0.0,0.0,0.0
2023-09-27 12:30:00-04:00,8.929900169372559,8.929900169372559,8.929900169372559,8.929900169372559,508,0.0,0.0,0.0
2023-09-27 13:30:00-04:00,8.890000343322754,9.0,8.890000343322754,9.0,1721,0.0,0.0,0.0
2023-09-27 14:30:00-04:00,9.050100326538086,9.130000114440918,9.050100326538086,9.119999885559082,5265,0.0,0.0,0.0
2023-09-27 15:30:00-04:00,9.079999923706055,9.079999923706055,9.020000457763672,9.0600004196167,0,0.0,0.0,0.0
2023-09-28 09:30:00-04:00,9.109999656677246,9.229900360107422,8.989999771118164,9.15999984741211,34820,0.0,0.0,0.0
2023-09-28 10:30:00-04:00,9.140000343322754,9.430000305175781,9.140000343322754,9.40999984741211,24652,0.0,0.0,0.0
2023-09-28 11:30:00-04:00,9.520000457763672,9.729999542236328,9.520000457763672,9.729999542236328,11094,0.0,0.0,0.0
2023-09-28 12:30:00-04:00,9.6899995803833,9.6899995803833,9.520000457763672,9.529000282287598,16782,0.0,0.0,0.0
2023-09-28 13:30:00-04:00,9.529999732971191,9.619999885559082,9.5,9.532999992370605,19645,0.0,0.0,0.0
2023-09-28 14:30:00-04:00,9.555000305175781,9.555000305175781,9.467900276184082,9.489999771118164,19834,0.0,0.0,0.0
2023-09-28 15:30:00-04:00,9.444999694824219,9.470000267028809,9.420000076293945,9.460000038146973,0,0.0,0.0,0.0
2023-09-29 09:30:00-04:00,9.640000343322754,9.699999809265137,9.375,9.375,60162,0.0,0.0,0.0
2023-09-29 10:30:00-04:00,9.399999618530273,9.5600004196167,9.399999618530273,9.4399995803833,11975,0.0,0.0,0.0
2023-09-29 11:30:00-04:00,9.371999740600586,9.40999984741211,9.329999923706055,9.390000343322754,8457,0.0,0.0,0.0
2023-09-29 12:30:00-04:00,9.34000015258789,9.34000015258789,9.300000190734863,9.319999694824219,1253,0.0,0.0,0.0
2023-09-29 13:30:00-04:00,9.347999572753906,9.359999656677246,9.305000305175781,9.359999656677246,3979,0.0,0.0,0.0
2023-09-29 14:30:00-04:00,9.329999923706055,9.418000221252441,9.326899528503418,9.326899528503418,5913,0.0,0.0,0.0
2023-09-29 15:30:00-04:00,9.32800006866455,9.350000381469727,9.3100004196167,9.3100004196167,1935,0.0,0.0,0.0
2023-10-02 09:30:00-04:00,10.020000457763672,10.369999885559082,9.807900428771973,9.880000114440918,144331,0.0,0.0,0.0
2023-10-02 10:30:00-04:00,9.84000015258789,10.0,9.800000190734863,9.979999542236328,15243,0.0,0.0,0.0
2023-10-02 11:30:00-04:00,9.960000038146973,9.989999771118164,9.630000114440918,9.701199531555176,21571,0.0,0.0,0.0
2023-10-02 12:30:00-04:00,9.729999542236328,9.739999771118164,9.649999618530273,9.725000381469727,22780,0.0,0.0,0.0
2023-10-02 13:30:00-04:00,9.720000267028809,9.729999542236328,9.619999885559082,9.619999885559082,14908,0.0,0.0,0.0
2023-10-02 14:30:00-04:00,9.600000381469727,9.619999885559082,9.5,9.520000457763672,8711,0.0,0.0,0.0
2023-10-02 15:30:00-04:00,9.520000457763672,9.5649995803833,9.489999771118164,9.550000190734863,0,0.0,0.0,0.0
2023-10-03 09:30:00-04:00,9.449999809265137,9.449999809265137,8.970000267028809,9.039899826049805,33960,0.0,0.0,0.0
2023-10-03 10:30:00-04:00,9.020000457763672,9.039999961853027,8.819999694824219,8.869999885559082,17845,0.0,0.0,0.0
2023-10-03 11:30:00-04:00,8.84000015258789,8.907400131225586,8.779999732971191,8.810099601745605,16383,0.0,0.0,0.0
2023-10-03 12:30:00-04:00,8.849900245666504,8.850000381469727,8.75,8.75,4791,0.0,0.0,0.0
2023-10-03 13:30:00-04:00,8.6899995803833,8.6899995803833,8.609999656677246,8.670000076293945,11895,0.0,0.0,0.0
2023-10-03 14:30:00-04:00,8.65999984741211,8.704999923706055,8.638500213623047,8.638899803161621,10435,0.0,0.0,0.0
2023-10-03 15:30:00-04:00,8.636199951171875,8.680000305175781,8.600000381469727,8.680000305175781,0,0.0,0.0,0.0
2023-10-04 09:30:00-04:00,8.880000114440918,8.880000114440918,8.500100135803223,8.501799583435059,39605,0.0,0.0,0.0
2023-10-04 10:30:00-04:00,8.569999694824219,8.8100004196167,8.5600004196167,8.774999618530273,15924,0.0,0.0,0.0
2023-10-04 11:30:00-04:00,8.800000190734863,8.859999656677246,8.800000190734863,8.811800003051758,3290,0.0,0.0,0.0
2023-10-04 12:30:00-04:00,8.890000343322754,8.9375,8.849900245666504,8.850000381469727,6405,0.0,0.0,0.0
2023-10-04 13:30:00-04:00,8.850000381469727,8.850000381469727,8.837800025939941,8.84000015258789,7029,0.0,0.0,0.0
2023-10-04 14:30:00-04:00,8.859999656677246,8.98799991607666,8.859999656677246,8.951800346374512,9050,0.0,0.0,0.0
2023-10-04 15:30:00-04:00,8.9399995803833,8.9399995803833,8.90999984741211,8.920000076293945,4579,0.0,0.0,0.0
2023-10-05 09:30:00-04:00,8.979999542236328,9.100000381469727,8.829299926757812,8.90999984741211,38247,0.0,0.0,0.0
2023-10-05 10:30:00-04:00,8.920000076293945,8.930000305175781,8.720000267028809,8.720000267028809,13944,0.0,0.0,0.0
2023-10-05 11:30:00-04:00,8.710000038146973,8.770000457763672,8.699999809265137,8.734999656677246,10019,0.0,0.0,0.0
2023-10-05 12:30:00-04:00,8.760000228881836,8.789999961853027,8.694999694824219,8.720000267028809,9564,0.0,0.0,0.0
2023-10-05 13:30:00-04:00,8.770000457763672,8.819999694824219,8.760000228881836,8.819999694824219,1652,0.0,0.0,0.0
2023-10-05 14:30:00-04:00,8.875,8.909000396728516,8.850099563598633,8.850099563598633,1192,0.0,0.0,0.0
2023-10-05 15:30:00-04:00,8.829999923706055,8.833900451660156,8.789999961853027,8.807000160217285,1962,0.0,0.0,0.0
2023-10-06 09:30:00-04:00,8.619999885559082,8.859999656677246,8.550000190734863,8.8100004196167,24737,0.0,0.0,0.0
2023-10-06 10:30:00-04:00,8.970000267028809,9.108499526977539,8.949999809265137,9.108499526977539,9905,0.0,0.0,0.0
2023-10-06 11:30:00-04:00,9.109800338745117,9.319999694824219,9.109800338745117,9.1899995803833,14396,0.0,0.0,0.0
2023-10-06 12:30:00-04:00,9.199999809265137,9.359999656677246,9.199999809265137,9.350700378417969,11697,0.0,0.0,0.0
2023-10-06 13:30:00-04:00,9.340999603271484,9.359999656677246,9.302499771118164,9.3100004196167,7674,0.0,0.0,0.0
2023-10-06 14:30:00-04:00,9.3100004196167,9.369999885559082,9.3100004196167,9.369999885559082,7825,0.0,0.0,0.0
2023-10-06 15:30:00-04:00,9.324999809265137,9.358099937438965,9.324999809265137,9.329999923706055,14201,0.0,0.0,0.0
2023-10-09 09:30:00-04:00,9.010000228881836,9.329999923706055,9.010000228881836,9.202099800109863,35070,0.0,0.0,0.0
2023-10-09 10:30:00-04:00,9.154999732971191,9.159899711608887,8.970000267028809,9.069999694824219,20819,0.0,0.0,0.0
2023-10-09 11:30:00-04:00,9.135000228881836,9.177000045776367,9.069999694824219,9.09000015258789,6447,0.0,0.0,0.0
2023-10-09 12:30:00-04:00,9.072999954223633,9.096599578857422,9.020000457763672,9.0600004196167,7340,0.0,0.0,0.0
2023-10-09 13:30:00-04:00,9.079999923706055,9.199999809265137,9.079999923706055,9.149999618530273,9275,0.0,0.0,0.0
2023-10-09 14:30:00-04:00,9.180000305175781,9.1899995803833,9.130000114440918,9.130000114440918,4092,0.0,0.0,0.0
2023-10-09 15:30:00-04:00,9.158599853515625,9.15999984741211,9.149999618530273,9.149999618530273,1367,0.0,0.0,0.0
2023-10-10 09:30:00-04:00,9.039999961853027,9.5600004196167,9.039999961853027,9.550000190734863,0,0.0,0.0,0.0
2023-10-10 10:30:00-04:00,9.529999732971191,9.59000015258789,9.449999809265137,9.449999809265137,19759,0.0,0.0,0.0
2023-10-10 11:30:00-04:00,9.469499588012695,9.469499588012695,9.319999694824219,9.359999656677246,7044,0.0,0.0,0.0
2023-10-10 12:30:00-04:00,9.359999656677246,9.359999656677246,9.279999732971191,9.289899826049805,1947,0.0,0.0,0.0
2023-10-10 13:30:00-04:00,9.260000228881836,9.279999732971191,9.229999542236328,9.270000457763672,4817,0.0,0.0,0.0
2023-10-10 14:30:00-04:00,9.249899864196777,9.249899864196777,9.229999542236328,9.229999542236328,8514,0.0,0.0,0.0
2023-10-10 15:30:00-04:00,9.25,9.260000228881836,9.25,9.260000228881836,0,0.0,0.0,0.0
2023-10-11 09:30:00-04:00,9.369999885559082,9.390000343322754,9.069999694824219,9.119999885559082,15937,0.0,0.0,0.0
2023-10-11 10:30:00-04:00,9.029999732971191,9.088000297546387,8.970000267028809,8.970000267028809,5760,0.0,0.0,0.0
2023-10-11 11:30:00-04:00,8.932000160217285,8.949999809265137,8.835000038146973,8.854999542236328,22721,0.0,0.0,0.0
2023-10-11 12:30:00-04:00,8.890000343322754,8.899900436401367,8.850000381469727,8.880000114440918,2449,0.0,0.0,0.0
2023-10-11 13:30:00-04:00,8.84000015258789,8.875,8.790499687194824,8.875,1667,0.0,0.0,0.0
2023-10-11 14:30:00-04:00,8.913299560546875,8.970000267028809,8.913299560546875,8.970000267028809,1623,0.0,0.0,0.0
2023-10-11 15:30:00-04:00,8.9350004196167,8.9350004196167,8.920000076293945,8.920000076293945,2117,0.0,0.0,0.0
2023-10-12 09:30:00-04:00,8.9399995803833,8.9399995803833,8.6899995803833,8.829999923706055,31053,0.0,0.0,0.0
2023-10-12 10:30:00-04:00,8.819999694824219,8.869999885559082,8.76990032196045,8.8100004196167,20263,0.0,0.0,0.0
2023-10-12 11:30:00-04:00,8.829999923706055,8.890000343322754,8.829999923706055,8.890000343322754,5228,0.0,0.0,0.0
2023-10-12 12:30:00-04:00,8.890000343322754,8.920000076293945,8.70009994506836,8.70009994506836,9751,0.0,0.0,0.0
2023-10-12 13:30:00-04:00,8.695699691772461,8.720000267028809,8.65999984741211,8.710000038146973,4326,0.0,0.0,0.0
2023-10-12 14:30:00-04:00,8.710000038146973,8.75,8.690099716186523,8.720000267028809,16948,0.0,0.0,0.0
2023-10-12 15:30:00-04:00,8.710100173950195,8.710100173950195,8.6899995803833,8.710000038146973,0,0.0,0.0,0.0
2023-10-13 09:30:00-04:00,8.722000122070312,8.800000190734863,8.649999618530273,8.760000228881836,18991,0.0,0.0,0.0
2023-10-13 10:30:00-04:00,8.680000305175781,8.699999809265137,8.59000015258789,8.59000015258789,5870,0.0,0.0,0.0
2023-10-13 11:30:00-04:00,8.569999694824219,8.640000343322754,8.529999732971191,8.609999656677246,8777,0.0,0.0,0.0
2023-10-13 12:30:00-04:00,8.609999656677246,8.640000343322754,8.539999961853027,8.539999961853027,10906,0.0,0.0,0.0
2023-10-13 13:30:00-04:00,8.515000343322754,8.579999923706055,8.515000343322754,8.520000457763672,13473,0.0,0.0,0.0
2023-10-13 14:30:00-04:00,8.539999961853027,8.586999893188477,8.529999732971191,8.5600004196167,5184,0.0,0.0,0.0
2023-10-13 15:30:00-04:00,8.550000190734863,8.550000190734863,8.510000228881836,8.520000457763672,1578,0.0,0.0,0.0
2023-10-16 09:30:00-04:00,9.079999923706055,9.478500366210938,8.6899995803833,9.029999732971191,236805,0.0,0.0,0.0
2023-10-16 10:30:00-04:00,9.097000122070312,9.100000381469727,8.800000190734863,8.869999885559082,28621,0.0,0.0,0.0
2023-10-16 11:30:00-04:00,8.880000114440918,8.989999771118164,8.850000381469727,8.989999771118164,13420,0.0,0.0,0.0
2023-10-16 12:30:00-04:00,9.0,9.069999694824219,8.989999771118164,8.989999771118164,23208,0.0,0.0,0.0
2023-10-16 13:30:00-04:00,9.050000190734863,9.109999656677246,9.039999961853027,9.074999809265137,7718,0.0,0.0,0.0
2023-10-16 14:30:00-04:00,9.079999923706055,9.199999809265137,9.069999694824219,9.199899673461914,4943,0.0,0.0,0.0
2023-10-16 15:30:00-04:00,9.15999984741211,9.15999984741211,9.09000015258789,9.109999656677246,12122,0.0,0.0,0.0
2023-10-17 09:30:00-04:00,8.869999885559082,9.298999786376953,8.8100004196167,9.239999771118164,40158,0.0,0.0,0.0
2023-10-17 10:30:00-04:00,9.239999771118164,9.460000038146973,9.220000267028809,9.399999618530273,31413,0.0,0.0,0.0
2023-10-17 11:30:00-04:00,9.390000343322754,9.460000038146973,9.34000015258789,9.420000076293945,11762,0.0,0.0,0.0
2023-10-17 12:30:00-04:00,9.40999984741211,9.4399995803833,9.369999885559082,9.4350004196167,3577,0.0,0.0,0.0
2023-10-17 13:30:00-04:00,9.380000114440918,9.390000343322754,9.25,9.270700454711914,4838,0.0,0.0,0.0
2023-10-17 14:30:00-04:00,9.279999732971191,9.279999732971191,9.210000038146973,9.229999542236328,4883,0.0,0.0,0.0
2023-10-17 15:30:00-04:00,9.279999732971191,9.369500160217285,9.279999732971191,9.359999656677246,13449,0.0,0.0,0.0
2023-10-18 09:30:00-04:00,9.300000190734863,9.40999984741211,8.949999809265137,8.993200302124023,25719,0.0,0.0,0.0
2023-10-18 10:30:00-04:00,9.010000228881836,9.010000228881836,8.875699996948242,8.910499572753906,21823,0.0,0.0,0.0
2023-10-18 11:30:00-04:00,8.920000076293945,8.920000076293945,8.869999885559082,8.881400108337402,15376,0.0,0.0,0.0
2023-10-18 12:30:00-04:00,8.899999618530273,8.920000076293945,8.800000190734863,8.869999885559082,8489,0.0,0.0,0.0
2023-10-18 13:30:00-04:00,8.850000381469727,8.850000381469727,8.760000228881836,8.760000228881836,5268,0.0,0.0,0.0
2023-10-18 14:30:00-04:00,8.770000457763672,8.779999732971191,8.75,8.759900093078613,10198,0.0,0.0,0.0
2023-10-18 15:30:00-04:00,8.75,8.759900093078613,8.699999809265137,8.739999771118164,0,0.0,0.0,0.0
2023-10-19 09:30:00-04:00,8.9399995803833,8.9399995803833,8.65999984741211,8.819999694824219,17437,0.0,0.0,0.0
2023-10-19 10:30:00-04:00,8.710000038146973,8.920000076293945,8.70989990234375,8.729999542236328,29253,0.0,0.0,0.0
2023-10-19 11:30:00-04:00,8.75,8.949999809265137,8.75,8.845000267028809,24270,0.0,0.0,0.0
2023-10-19 12:30:00-04:00,8.739999771118164,8.823599815368652,8.65999984741211,8.75,21757,0.0,0.0,0.0
2023-10-19 13:30:00-04:00,8.68340015411377,8.720000267028809,8.671299934387207,8.720000267028809,3638,0.0,0.0,0.0
2023-10-19 14:30:00-04:00,8.686599731445312,8.686599731445312,8.620100021362305,8.640000343322754,13659,0.0,0.0,0.0
2023-10-19 15:30:00-04:00,8.645000457763672,8.65999984741211,8.645000457763672,8.649999618530273,2284,0.0,0.0,0.0
2023-10-20 09:30:00-04:00,8.920000076293945,9.208000183105469,8.84000015258789,8.9399995803833,37704,0.0,0.0,0.0
2023-10-20 10:30:00-04:00,8.899999618530273,9.039999961853027,8.820099830627441,8.820099830627441,19067,0.0,0.0,0.0
2023-10-20 11:30:00-04:00,8.830699920654297,8.90999984741211,8.770000457763672,8.809700012207031,16128,0.0,0.0,0.0
2023-10-20 12:30:00-04:00,8.8100004196167,8.8100004196167,8.720999717712402,8.800000190734863,6854,0.0,0.0,0.0
2023-10-20 13:30:00-04:00,8.789999961853027,8.819999694824219,8.710000038146973,8.720000267028809,5529,0.0,0.0,0.0
2023-10-20 14:30:00-04:00,8.70989990234375,8.710000038146973,8.630000114440918,8.638799667358398,6797,0.0,0.0,0.0
2023-10-20 15:30:00-04:00,8.679900169372559,8.706000328063965,8.640000343322754,8.706000328063965,3544,0.0,0.0,0.0
2023-10-23 09:30:00-04:00,9.100000381469727,9.180000305175781,8.760000228881836,9.119999885559082,47639,0.0,0.0,0.0
2023-10-23 10:30:00-04:00,9.119999885559082,9.390000343322754,9.109999656677246,9.3100004196167,32463,0.0,0.0,0.0
2023-10-23 11:30:00-04:00,9.288100242614746,9.333999633789062,9.229999542236328,9.260000228881836,41758,0.0,0.0,0.0
2023-10-23 12:30:00-04:00,9.260000228881836,9.539999961853027,9.255000114440918,9.430000305175781,42400,0.0,0.0,0.0
2023-10-23 13:30:00-04:00,9.359999656677246,9.470000267028809,9.350000381469727,9.430000305175781,18822,0.0,0.0,0.0
2023-10-23 14:30:00-04:00,9.399999618530273,9.489999771118164,9.289999961853027,9.300000190734863,24476,0.0,0.0,0.0
2023-10-23 15:30:00-04:00,9.3100004196167,9.354999542236328,9.300000190734863,9.329999923706055,0,0.0,0.0,0.0
2023-10-24 09:30:00-04:00,10.279999732971191,10.699999809265137,10.053199768066406,10.36050033569336,159114,0.0,0.0,0.0
2023-10-24 10:30:00-04:00,10.380000114440918,10.53499984741211,10.0,10.0,88577,0.0,0.0,0.0
2023-10-24 11:30:00-04:00,9.960000038146973,10.0600004196167,9.800000190734863,9.930000305175781,63591,0.0,0.0,0.0
2023-10-24 12:30:00-04:00,9.930000305175781,10.170000076293945,9.930000305175781,10.170000076293945,40683,0.0,0.0,0.0
2023-10-24 13:30:00-04:00,10.149999618530273,10.16100025177002,9.960000038146973,9.960000038146973,17991,0.0,0.0,0.0
2023-10-24 14:30:00-04:00,10.020000457763672,10.119999885559082,10.020000457763672,10.100000381469727,5704,0.0,0.0,0.0
2023-10-24 15:30:00-04:00,10.135000228881836,10.199999809265137,10.130000114440918,10.199999809265137,0,0.0,0.0,0.0
2023-10-25 09:30:00-04:00,10.279999732971191,10.329999923706055,10.0,10.180000305175781,78292,0.0,0.0,0.0
2023-10-25 10:30:00-04:00,10.1899995803833,10.420000076293945,10.170000076293945,10.420000076293945,46338,0.0,0.0,0.0
2023-10-25 11:30:00-04:00,10.470000267028809,10.654999732971191,10.430000305175781,10.430000305175781,49460,0.0,0.0,0.0
2023-10-25 12:30:00-04:00,10.40999984741211,10.460100173950195,10.09000015258789,10.179699897766113,61183,0.0,0.0,0.0
2023-10-25 13:30:00-04:00,10.194999694824219,10.210000038146973,10.069999694824219,10.154999732971191,27255,0.0,0.0,0.0
2023-10-25 14:30:00-04:00,10.130000114440918,10.189000129699707,10.079999923706055,10.140000343322754,48249,0.0,0.0,0.0
2023-10-25 15:30:00-04:00,10.170000076293945,10.220000267028809,10.15999984741211,10.15999984741211,9181,0.0,0.0,0.0
2023-10-26 09:30:00-04:00,9.970000267028809,10.06980037689209,9.800000190734863,9.920000076293945,94953,0.0,0.0,0.0
2023-10-26 10:30:00-04:00,9.979999542236328,10.0600004196167,9.760000228881836,9.819999694824219,55255,0.0,0.0,0.0
2023-10-26 11:30:00-04:00,9.800000190734863,9.829999923706055,9.65999984741211,9.680000305175781,17020,0.0,0.0,0.0
2023-10-26 12:30:00-04:00,9.65999984741211,9.65999984741211,9.420000076293945,9.510000228881836,31519,0.0,0.0,0.0
2023-10-26 13:30:00-04:00,9.474599838256836,9.6899995803833,9.474599838256836,9.649999618530273,21617,0.0,0.0,0.0
2023-10-26 14:30:00-04:00,9.680000305175781,9.800000190734863,9.65999984741211,9.717499732971191,13307,0.0,0.0,0.0
2023-10-26 15:30:00-04:00,9.710000038146973,9.720000267028809,9.59000015258789,9.609999656677246,11658,0.0,0.0,0.0
2023-10-27 09:30:00-04:00,9.670000076293945,9.869999885559082,9.550000190734863,9.550000190734863,48371,0.0,0.0,0.0
2023-10-27 10:30:00-04:00,9.550000190734863,9.667099952697754,9.5,9.667099952697754,18994,0.0,0.0,0.0
2023-10-27 11:30:00-04:00,9.649999618530273,9.779999732971191,9.649999618530273,9.75,21008,0.0,0.0,0.0
2023-10-27 12:30:00-04:00,9.720000267028809,9.720000267028809,9.48009967803955,9.528499603271484,8061,0.0,0.0,0.0
2023-10-27 13:30:00-04:00,9.505000114440918,9.576399803161621,9.38010025024414,9.38010025024414,11894,0.0,0.0,0.0
2023-10-27 14:30:00-04:00,9.439399719238281,9.489999771118164,9.439399719238281,9.460000038146973,2255,0.0,0.0,0.0
2023-10-27 15:30:00-04:00,9.470000267028809,9.479999542236328,9.430000305175781,9.470000267028809,2628,0.0,0.0,0.0
2023-10-30 09:30:00-04:00,9.770000457763672,10.069999694824219,9.640000343322754,9.789999961853027,68407,0.0,0.0,0.0
2023-10-30 10:30:00-04:00,9.78600025177002,9.789999961853027,9.600000381469727,9.680700302124023,17960,0.0,0.0,0.0
2023-10-30 11:30:00-04:00,9.699999809265137,9.720000267028809,9.5,9.5,50080,0.0,0.0,0.0
2023-10-30 12:30:00-04:00,9.529999732971191,9.529999732971191,9.260100364685059,9.38539981842041,29209,0.0,0.0,0.0
2023-10-30 13:30:00-04:00,9.359999656677246,9.460000038146973,9.359999656677246,9.411499977111816,11755,0.0,0.0,0.0
2023-10-30 14:30:00-04:00,9.420000076293945,9.520000457763672,9.410900115966797,9.520000457763672,21758,0.0,0.0,0.0
2023-10-30 15:30:00-04:00,9.510000228881836,9.510000228881836,9.46049976348877,9.510000228881836,4062,0.0,0.0,0.0
2023-10-31 09:30:00-04:00,9.420000076293945,9.449999809265137,9.088299751281738,9.369999885559082,49945,0.0,0.0,0.0
2023-10-31 10:30:00-04:00,9.359999656677246,9.479999542236328,9.279999732971191,9.430000305175781,24138,0.0,0.0,0.0
2023-10-31 11:30:00-04:00,9.460000038146973,9.486499786376953,9.419300079345703,9.449999809265137,7733,0.0,0.0,0.0
2023-10-31 12:30:00-04:00,9.470000267028809,9.489999771118164,9.380000114440918,9.393199920654297,3623,0.0,0.0,0.0
2023-10-31 13:30:00-04:00,9.4173002243042,9.449999809265137,9.367899894714355,9.390000343322754,4347,0.0,0.0,0.0
2023-10-31 14:30:00-04:00,9.399999618530273,9.510000228881836,9.399999618530273,9.464300155639648,9961,0.0,0.0,0.0
2023-10-31 15:30:00-04:00,9.4399995803833,9.510000228881836,9.4399995803833,9.510000228881836,1569,0.0,0.0,0.0
2023-11-01 09:30:00-04:00,9.619999885559082,9.748000144958496,9.413999557495117,9.609999656677246,40588,0.0,0.0,0.0
2023-11-01 10:30:00-04:00,9.59000015258789,9.630000114440918,9.399999618530273,9.440999984741211,23416,0.0,0.0,0.0
2023-11-01 11:30:00-04:00,9.430000305175781,9.5,9.40999984741211,9.5,12165,0.0,0.0,0.0
2023-11-01 12:30:00-04:00,9.555000305175781,9.555000305175781,9.471799850463867,9.489999771118164,7909,0.0,0.0,0.0
2023-11-01 13:30:00-04:00,9.489999771118164,9.539999961853027,9.479999542236328,9.510000228881836,8095,0.0,0.0,0.0
2023-11-01 14:30:00-04:00,9.569999694824219,9.699999809265137,9.430100440979004,9.679499626159668,40411,0.0,0.0,0.0
2023-11-01 15:30:00-04:00,9.680000305175781,9.720000267028809,9.670000076293945,9.670000076293945,33959,0.0,0.0,0.0
2023-11-02 09:30:00-04:00,10.149999618530273,10.369999885559082,10.0,10.260000228881836,74613,0.0,0.0,0.0
2023-11-02 10:30:00-04:00,10.220000267028809,10.300000190734863,10.140000343322754,10.229999542236328,23841,0.0,0.0,0.0
2023-11-02 11:30:00-04:00,10.180000305175781,10.279999732971191,10.170000076293945,10.200300216674805,30627,0.0,0.0,0.0
2023-11-02 12:30:00-04:00,10.199999809265137,10.359999656677246,10.170000076293945,10.310099601745605,21555,0.0,0.0,0.0
2023-11-02 13:30:00-04:00,10.350000381469727,10.600000381469727,10.350000381469727,10.585700035095215,30596,0.0,0.0,0.0
2023-11-02 14:30:00-04:00,10.584099769592285,10.609999656677246,10.560099601745605,10.59000015258789,12248,0.0,0.0,0.0
2023-11-02 15:30:00-04:00,10.59000015258789,10.609999656677246,10.5600004196167,10.589900016784668,37999,0.0,0.0,0.0
2023-11-03 09:30:00-04:00,10.520000457763672,10.729999542236328,10.420000076293945,10.5600004196167,90203,0.0,0.0,0.0
2023-11-03 10:30:00-04:00,10.67650032043457,10.819999694824219,10.59000015258789,10.801300048828125,33615,0.0,0.0,0.0
2023-11-03 11:30:00-04:00,10.829999923706055,10.84000015258789,10.710000038146973,10.710000038146973,9381,0.0,0.0,0.0
2023-11-03 12:30:00-04:00,10.770000457763672,10.770000457763672,10.609999656677246,10.609999656677246,20582,0.0,0.0,0.0
2023-11-03 13:30:00-04:00,10.59000015258789,10.649999618530273,10.449999809265137,10.640000343322754,21392,0.0,0.0,0.0
2023-11-03 14:30:00-04:00,10.649999618530273,10.720000267028809,10.592499732971191,10.629400253295898,29082,0.0,0.0,0.0
2023-11-03 15:30:00-04:00,10.600000381469727,10.625,10.550000190734863,10.579999923706055,12823,0.0,0.0,0.0
2023-11-06 09:30:00-05:00,10.859999656677246,10.859999656677246,10.5600004196167,10.56879997253418,58713,0.0,0.0,0.0
2023-11-06 10:30:00-05:00,10.5600004196167,10.640000343322754,10.440099716186523,10.45989990234375,12306,0.0,0.0,0.0
2023-11-06 11:30:00-05:00,10.45930004119873,10.45930004119873,10.210100173950195,10.210100173950195,15567,0.0,0.0,0.0
2023-11-06 12:30:00-05:00,10.210000038146973,10.239999771118164,10.15999984741211,10.15999984741211,13246,0.0,0.0,0.0
2023-11-06 13:30:00-05:00,10.154999732971191,10.210000038146973,10.148900032043457,10.210000038146973,5841,0.0,0.0,0.0
2023-11-06 14:30:00-05:00,10.220100402832031,10.329999923706055,10.220100402832031,10.3100004196167,7545,0.0,0.0,0.0
2023-11-06 15:30:00-05:00,10.305000305175781,10.3100004196167,10.279999732971191,10.279999732971191,7951,0.0,0.0,0.0
2023-11-07 09:30:00-05:00,10.3100004196167,10.3100004196167,9.891200065612793,10.09000015258789,47811,0.0,0.0,0.0
2023-11-07 10:30:00-05:00,10.050000190734863,10.109999656677246,10.039999961853027,10.079999923706055,34701,0.0,0.0,0.0
2023-11-07 11:30:00-05:00,10.079999923706055,10.079999923706055,9.859999656677246,9.899999618530273,11195,0.0,0.0,0.0
2023-11-07 12:30:00-05:00,9.880000114440918,10.257800102233887,9.859999656677246,10.119999885559082,22712,0.0,0.0,0.0
2023-11-07 13:30:00-05:00,10.140000343322754,10.260000228881836,10.100000381469727,10.20989990234375,21476,0.0,0.0,0.0
2023-11-07 14:30:00-05:00,10.19629955291748,10.279999732971191,10.1899995803833,10.23009967803955,12247,0.0,0.0,0.0
2023-11-07 15:30:00-05:00,10.239999771118164,10.369999885559082,10.210000038146973,10.34000015258789,33983,0.0,0.0,0.0
2023-11-08 09:30:00-05:00,10.34000015258789,10.34000015258789,9.800000190734863,9.800999641418457,74560,0.0,0.0,0.0
2023-11-08 10:30:00-05:00,9.8100004196167,9.899999618530273,9.79539966583252,9.869999885559082,33616,0.0,0.0,0.0
2023-11-08 11:30:00-05:00,9.880000114440918,9.960000038146973,9.75,9.760000228881836,6571,0.0,0.0,0.0
2023-11-08 12:30:00-05:00,9.765000343322754,9.779999732971191,9.65999984741211,9.739999771118164,40832,0.0,0.0,0.0
2023-11-08 13:30:00-05:00,9.75,9.9399995803833,9.744999885559082,9.899999618530273,35593,0.0,0.0,0.0
2023-11-08 14:30:00-05:00,9.869999885559082,9.899999618530273,9.829999923706055,9.829999923706055,12293,0.0,0.0,0.0
2023-11-08 15:30:00-05:00,9.835000038146973,9.835000038146973,9.739999771118164,9.760000228881836,13625,0.0,0.0,0.0
2023-11-09 09:30:00-05:00,10.5,10.688400268554688,10.120400428771973,10.120400428771973,134337,0.0,0.0,0.0
2023-11-09 10:30:00-05:00,10.140000343322754,10.260000228881836,9.770000457763672,9.792400360107422,85434,0.0,0.0,0.0
2023-11-09 11:30:00-05:00,9.800000190734863,9.8100004196167,9.59000015258789,9.600000381469727,74383,0.0,0.0,0.0
2023-11-09 12:30:00-05:00,9.600000381469727,9.779999732971191,9.595000267028809,9.6899995803833,16379,0.0,0.0,0.0
2023-11-09 13:30:00-05:00,9.675000190734863,9.710000038146973,9.550000190734863,9.59529972076416,10965,0.0,0.0,0.0
2023-11-09 14:30:00-05:00,9.59000015258789,9.59000015258789,9.490099906921387,9.529999732971191,23799,0.0,0.0,0.0
2023-11-09 15:30:00-05:00,9.5,9.59000015258789,9.4399995803833,9.539999961853027,17774,0.0,0.0,0.0
2023-11-10 09:30:00-05:00,9.630000114440918,9.779999732971191,9.350000381469727,9.350000381469727,82394,0.0,0.0,0.0
2023-11-10 10:30:00-05:00,9.359999656677246,9.489999771118164,9.183199882507324,9.489999771118164,42445,0.0,0.0,0.0
2023-11-10 11:30:00-05:00,9.479999542236328,9.489999771118164,9.364999771118164,9.399999618530273,45682,0.0,0.0,0.0
2023-11-10 12:30:00-05:00,9.4399995803833,9.5625,9.4399995803833,9.510000228881836,13624,0.0,0.0,0.0
2023-11-10 13:30:00-05:00,9.550000190734863,9.600000381469727,9.483699798583984,9.579999923706055,11167,0.0,0.0,0.0
2023-11-10 14:30:00-05:00,9.574999809265137,9.574999809265137,9.463800430297852,9.510000228881836,7359,0.0,0.0,0.0
2023-11-10 15:30:00-05:00,9.529999732971191,9.579999923706055,9.520000457763672,9.539999961853027,5177,0.0,0.0,0.0
2023-11-13 09:30:00-05:00,9.399999618530273,9.399999618530273,9.029999732971191,9.15999984741211,69552,0.0,0.0,0.0
2023-11-13 10:30:00-05:00,9.15999984741211,9.359999656677246,9.15999984741211,9.34000015258789,23834,0.0,0.0,0.0
2023-11-13 11:30:00-05:00,9.380000114440918,9.380000114440918,9.140000343322754,9.194999694824219,22054,0.0,0.0,0.0
2023-11-13 12:30:00-05:00,9.186800003051758,9.186800003051758,9.081700325012207,9.081700325012207,11998,0.0,0.0,0.0
2023-11-13 13:30:00-05:00,9.119999885559082,9.185199737548828,9.119999885559082,9.140000343322754,11638,0.0,0.0,0.0
2023-11-13 14:30:00-05:00,9.15999984741211,9.15999984741211,9.119999885559082,9.144200325012207,5225,0.0,0.0,0.0
2023-11-13 15:30:00-05:00,9.175000190734863,9.1899995803833,9.149999618530273,9.149999618530273,7894,0.0,0.0,0.0
2023-11-14 09:30:00-05:00,9.270000457763672,9.4399995803833,9.130000114440918,9.133700370788574,31046,0.0,0.0,0.0
2023-11-14 10:30:00-05:00,9.168999671936035,9.270000457763672,9.140000343322754,9.270000457763672,17360,0.0,0.0,0.0
2023-11-14 11:30:00-05:00,9.270000457763672,9.350000381469727,9.09000015258789,9.148500442504883,27448,0.0,0.0,0.0
2023-11-14 12:30:00-05:00,9.149999618530273,9.152000427246094,9.029999732971191,9.089599609375,25922,0.0,0.0,0.0
2023-11-14 13:30:00-05:00,9.09000015258789,9.100000381469727,8.90999984741211,9.029999732971191,52978,0.0,0.0,0.0
2023-11-14 14:30:00-05:00,9.02180004119873,9.135000228881836,9.020000457763672,9.135000228881836,8270,0.0,0.0,0.0
2023-11-14 15:30:00-05:00,9.184599876403809,9.228099822998047,9.170000076293945,9.220000267028809,6856,0.0,0.0,0.0
2023-11-15 09:30:00-05:00,9.359999656677246,9.640000343322754,9.260000228881836,9.609999656677246,48294,0.0,0.0,0.0
2023-11-15 10:30:00-05:00,9.640000343322754,9.774999618530273,9.640000343322754,9.6899995803833,15791,0.0,0.0,0.0
2023-11-15 11:30:00-05:00,9.6899995803833,9.699999809265137,9.510000228881836,9.579999923706055,14486,0.0,0.0,0.0
2023-11-15 12:30:00-05:00,9.614999771118164,9.770000457763672,9.609999656677246,9.739999771118164,31070,0.0,0.0,0.0
2023-11-15 13:30:00-05:00,9.779999732971191,9.979999542236328,9.75,9.86989974975586,34276,0.0,0.0,0.0
2023-11-15 14:30:00-05:00,9.899999618530273,9.930000305175781,9.841699600219727,9.862799644470215,39638,0.0,0.0,0.0
2023-11-15 15:30:00-05:00,9.850000381469727,9.851200103759766,9.789999961853027,9.789999961853027,12230,0.0,0.0,0.0
2023-11-16 09:30:00-05:00,9.609999656677246,9.609999656677246,9.319999694824219,9.380000114440918,39692,0.0,0.0,0.0
2023-11-16 10:30:00-05:00,9.40999984741211,9.420000076293945,9.12909984588623,9.260000228881836,16321,0.0,0.0,0.0
2023-11-16 11:30:00-05:00,9.270000457763672,9.336999893188477,9.225000381469727,9.329999923706055,21983,0.0,0.0,0.0
2023-11-16 12:30:00-05:00,9.289999961853027,9.289999961853027,9.143699645996094,9.175399780273438,12683,0.0,0.0,0.0
2023-11-16 13:30:00-05:00,9.199999809265137,9.199999809265137,9.085000038146973,9.100000381469727,5773,0.0,0.0,0.0
2023-11-16 14:30:00-05:00,9.079999923706055,9.180000305175781,9.072600364685059,9.109999656677246,6650,0.0,0.0,0.0
2023-11-16 15:30:00-05:00,9.149999618530273,9.199999809265137,9.149999618530273,9.199999809265137,5183,0.0,0.0,0.0
2023-11-17 09:30:00-05:00,9.229999542236328,9.36299991607666,9.09000015258789,9.220000267028809,23000,0.0,0.0,0.0
2023-11-17 10:30:00-05:00,9.199999809265137,9.270000457763672,9.199999809265137,9.220000267028809,13648,0.0,0.0,0.0
2023-11-17 11:30:00-05:00,9.1899995803833,9.329999923706055,9.145000457763672,9.300000190734863,11856,0.0,0.0,0.0
2023-11-17 12:30:00-05:00,9.324000358581543,9.369999885559082,9.300000190734863,9.34000015258789,5214,0.0,0.0,0.0
2023-11-17 13:30:00-05:00,9.359999656677246,9.390000343322754,9.354999542236328,9.356499671936035,5189,0.0,0.0,0.0
2023-11-17 14:30:00-05:00,9.293800354003906,9.329999923706055,9.279999732971191,9.329999923706055,1892,0.0,0.0,0.0
2023-11-17 15:30:00-05:00,9.296799659729004,9.300000190734863,9.270000457763672,9.289999961853027,2925,0.0,0.0,0.0
2023-11-20 09:30:00-05:00,9.510000228881836,9.699999809265137,9.380000114440918,9.600000381469727,43546,0.0,0.0,0.0
2023-11-20 10:30:00-05:00,9.604999542236328,9.707799911499023,9.579299926757812,9.65999984741211,21299,0.0,0.0,0.0
2023-11-20 11:30:00-05:00,9.680000305175781,9.680000305175781,9.550000190734863,9.5600004196167,12428,0.0,0.0,0.0
2023-11-20 12:30:00-05:00,9.539999961853027,9.916600227355957,9.520000457763672,9.880000114440918,43428,0.0,0.0,0.0
2023-11-20 13:30:00-05:00,9.90999984741211,9.90999984741211,9.819999694824219,9.859999656677246,6438,0.0,0.0,0.0
2023-11-20 14:30:00-05:00,9.850000381469727,9.899999618530273,9.760000228881836,9.760000228881836,9640,0.0,0.0,0.0
2023-11-20 15:30:00-05:00,9.767800331115723,9.800000190734863,9.75,9.800000190734863,20384,0.0,0.0,0.0
2023-11-21 09:30:00-05:00,9.600000381469727,9.600000381469727,9.359999656677246,9.359999656677246,74036,0.0,0.0,0.0
2023-11-21 10:30:00-05:00,9.350099563598633,9.640000343322754,9.34000015258789,9.60319995880127,43264,0.0,0.0,0.0
2023-11-21 11:30:00-05:00,9.600000381469727,9.720000267028809,9.600000381469727,9.688899993896484,8330,0.0,0.0,0.0
2023-11-21 12:30:00-05:00,9.619999885559082,9.619999885559082,9.520000457763672,9.585000038146973,11141,0.0,0.0,0.0
2023-11-21 13:30:00-05:00,9.600000381469727,9.600000381469727,9.526900291442871,9.59000015258789,7394,0.0,0.0,0.0
2023-11-21 14:30:00-05:00,9.560099601745605,9.59000015258789,9.560099601745605,9.569999694824219,3453,0.0,0.0,0.0
2023-11-21 15:30:00-05:00,9.545000076293945,9.550000190734863,9.510000228881836,9.510000228881836,4591,0.0,0.0,0.0
2023-11-22 09:30:00-05:00,9.460000038146973,9.489999771118164,9.244999885559082,9.399999618530273,21363,0.0,0.0,0.0
2023-11-22 10:30:00-05:00,9.460000038146973,9.48740005493164,9.399999618530273,9.460000038146973,5111,0.0,0.0,0.0
2023-11-22 11:30:00-05:00,9.470000267028809,9.470000267028809,9.430000305175781,9.454999923706055,7763,0.0,0.0,0.0
2023-11-22 12:30:00-05:00,9.510000228881836,9.579999923706055,9.479999542236328,9.579999923706055,3218,0.0,0.0,0.0
2023-11-22 13:30:00-05:00,9.649999618530273,9.760000228881836,9.649999618530273,9.720000267028809,7531,0.0,0.0,0.0
2023-11-22 14:30:00-05:00,9.649999618530273,9.829999923706055,9.649999618530273,9.829999923706055,8846,0.0,0.0,0.0
2023-11-22 15:30:00-05:00,9.819999694824219,9.90999984741211,9.819999694824219,9.880000114440918,27585,0.0,0.0,0.0
2023-11-24 09:30:00-05:00,9.970000267028809,10.300000190734863,9.720000267028809,10.299300193786621,62625,0.0,0.0,0.0
2023-11-24 10:30:00-05:00,10.270000457763672,10.419500350952148,10.220000267028809,10.300100326538086,23876,0.0,0.0,0.0
2023-11-24 11:30:00-05:00,10.358499526977539,10.358499526977539,10.140000343322754,10.283499717712402,23140,0.0,0.0,0.0
2023-11-27 09:30:00-05:00,10.0,10.390000343322754,9.960000038146973,10.34000015258789,39430,0.0,0.0,0.0
2023-11-27 10:30:00-05:00,10.348999977111816,10.449999809265137,10.260000228881836,10.365799903869629,21864,0.0,0.0,0.0
2023-11-27 11:30:00-05:00,10.350000381469727,10.5,10.350000381469727,10.479999542236328,21594,0.0,0.0,0.0
2023-11-27 12:30:00-05:00,10.518600463867188,10.539999961853027,10.34000015258789,10.340100288391113,13941,0.0,0.0,0.0
2023-11-27 13:30:00-05:00,10.359999656677246,10.384699821472168,10.289999961853027,10.369999885559082,9636,0.0,0.0,0.0
2023-11-27 14:30:00-05:00,10.350000381469727,10.390000343322754,10.239999771118164,10.369999885559082,9136,0.0,0.0,0.0
2023-11-27 15:30:00-05:00,10.364999771118164,10.364999771118164,10.260000228881836,10.289999961853027,20330,0.0,0.0,0.0
2023-11-28 09:30:00-05:00,10.460000038146973,10.829999923706055,10.460000038146973,10.649999618530273,57870,0.0,0.0,0.0
2023-11-28 10:30:00-05:00,10.53499984741211,10.928999900817871,10.529999732971191,10.864999771118164,41255,0.0,0.0,0.0
2023-11-28 11:30:00-05:00,10.890000343322754,11.199999809265137,10.890000343322754,11.130000114440918,55653,0.0,0.0,0.0
2023-11-28 12:30:00-05:00,11.12090015411377,11.169699668884277,10.920000076293945,10.9399995803833,54841,0.0,0.0,0.0
2023-11-28 13:30:00-05:00,10.954999923706055,11.109999656677246,10.937399864196777,11.09000015258789,27268,0.0,0.0,0.0
2023-11-28 14:30:00-05:00,11.079999923706055,11.180000305175781,11.069999694824219,11.08180046081543,62778,0.0,0.0,0.0
2023-11-28 15:30:00-05:00,11.079999923706055,11.199999809265137,11.079999923706055,11.170000076293945,15000,0.0,0.0,0.0
2023-11-29 09:30:00-05:00,11.390000343322754,11.5,11.170000076293945,11.40999984741211,107170,0.0,0.0,0.0
2023-11-29 10:30:00-05:00,11.430000305175781,11.579999923706055,11.220000267028809,11.220000267028809,71950,0.0,0.0,0.0
2023-11-29 11:30:00-05:00,11.220000267028809,11.34000015258789,11.150099754333496,11.324999809265137,32353,0.0,0.0,0.0
2023-11-29 12:30:00-05:00,11.345000267028809,11.489999771118164,11.300000190734863,11.489899635314941,12969,0.0,0.0,0.0
2023-11-29 13:30:00-05:00,11.430000305175781,11.65999984741211,11.430000305175781,11.620100021362305,22479,0.0,0.0,0.0
2023-11-29 14:30:00-05:00,11.630000114440918,11.645000457763672,11.5,11.520000457763672,14463,0.0,0.0,0.0
2023-11-29 15:30:00-05:00,11.511699676513672,11.515000343322754,11.460000038146973,11.489999771118164,10605,0.0,0.0,0.0
2023-11-30 09:30:00-05:00,11.5,11.569999694824219,11.246500015258789,11.56719970703125,43039,0.0,0.0,0.0
2023-11-30 10:30:00-05:00,11.550000190734863,11.569999694824219,11.279999732971191,11.424300193786621,26112,0.0,0.0,0.0
2023-11-30 11:30:00-05:00,11.390000343322754,11.470000267028809,11.260000228881836,11.260000228881836,15267,0.0,0.0,0.0
2023-11-30 12:30:00-05:00,11.25,11.375,11.25,11.289999961853027,7988,0.0,0.0,0.0
2023-11-30 13:30:00-05:00,11.305000305175781,11.319999694824219,11.210100173950195,11.239999771118164,6925,0.0,0.0,0.0
2023-11-30 14:30:00-05:00,11.259499549865723,11.279999732971191,11.220000267028809,11.239999771118164,10791,0.0,0.0,0.0
2023-11-30 15:30:00-05:00,11.170000076293945,11.1899995803833,11.119999885559082,11.1899995803833,9755,0.0,0.0,0.0
2023-12-01 09:30:00-05:00,11.319999694824219,12.130000114440918,11.15999984741211,11.9350004196167,102910,0.0,0.0,0.0
2023-12-01 10:30:00-05:00,11.960000038146973,12.416299819946289,11.960000038146973,12.416299819946289,73742,0.0,0.0,0.0
2023-12-01 11:30:00-05:00,12.410099983215332,12.479499816894531,12.15999984741211,12.210000038146973,49315,0.0,0.0,0.0
2023-12-01 12:30:00-05:00,12.1899995803833,12.429900169372559,12.180000305175781,12.386799812316895,28151,0.0,0.0,0.0
2023-12-01 13:30:00-05:00,12.399999618530273,12.460000038146973,12.324999809265137,12.420100212097168,41946,0.0,0.0,0.0
2023-12-01 14:30:00-05:00,12.420000076293945,12.550000190734863,12.420000076293945,12.550000190734863,51970,0.0,0.0,0.0
2023-12-01 15:30:00-05:00,12.5600004196167,12.600000381469727,12.529999732971191,12.539999961853027,31275,0.0,0.0,0.0
2023-12-04 09:30:00-05:00,13.960000038146973,14.029999732971191,13.102899551391602,13.199999809265137,169166,0.0,0.0,0.0
2023-12-04 10:30:00-05:00,13.220000267028809,13.220000267028809,12.870100021362305,12.991000175476074,73264,0.0,0.0,0.0
2023-12-04 11:30:00-05:00,13.020000457763672,13.329999923706055,12.960000038146973,13.15999984741211,61536,0.0,0.0,0.0
2023-12-04 12:30:00-05:00,13.28499984741211,13.354299545288086,13.0600004196167,13.119999885559082,69436,0.0,0.0,0.0
2023-12-04 13:30:00-05:00,13.130000114440918,13.6899995803833,13.109999656677246,13.279999732971191,42386,0.0,0.0,0.0
2023-12-04 14:30:00-05:00,13.279999732971191,13.479999542236328,13.260000228881836,13.449999809265137,71189,0.0,0.0,0.0
2023-12-04 15:30:00-05:00,13.4399995803833,13.5,13.40999984741211,13.423999786376953,23933,0.0,0.0,0.0
2023-12-05 09:30:00-05:00,13.390000343322754,14.097000122070312,13.325200080871582,13.979999542236328,188805,0.0,0.0,0.0
2023-12-05 10:30:00-05:00,14.010000228881836,14.260000228881836,13.989999771118164,14.100000381469727,65867,0.0,0.0,0.0
2023-12-05 11:30:00-05:00,14.069999694824219,14.34000015258789,14.069999694824219,14.300000190734863,117141,0.0,0.0,0.0
2023-12-05 12:30:00-05:00,14.291199684143066,14.380000114440918,13.770000457763672,13.880000114440918,123484,0.0,0.0,0.0
2023-12-05 13:30:00-05:00,13.826600074768066,13.989999771118164,13.619999885559082,13.84000015258789,88894,0.0,0.0,0.0
2023-12-05 14:30:00-05:00,13.845000267028809,13.845000267028809,13.630000114440918,13.649999618530273,126492,0.0,0.0,0.0
2023-12-05 15:30:00-05:00,13.664999961853027,13.720000267028809,13.630000114440918,13.65999984741211,48143,0.0,0.0,0.0
2023-12-06 09:30:00-05:00,14.09000015258789,14.09000015258789,13.520000457763672,13.539999961853027,104674,0.0,0.0,0.0
2023-12-06 10:30:00-05:00,13.559900283813477,13.770000457763672,13.460000038146973,13.770000457763672,81426,0.0,0.0,0.0
2023-12-06 11:30:00-05:00,13.800000190734863,13.800000190734863,13.551400184631348,13.600000381469727,28469,0.0,0.0,0.0
2023-12-06 12:30:00-05:00,13.572099685668945,13.75790023803711,13.272500038146973,13.35159969329834,55112,0.0,0.0,0.0
2023-12-06 13:30:00-05:00,13.329999923706055,13.449999809265137,13.329999923706055,13.432000160217285,44869,0.0,0.0,0.0
2023-12-06 14:30:00-05:00,13.449999809265137,13.579999923706055,13.430000305175781,13.430000305175781,34745,0.0,0.0,0.0
2023-12-06 15:30:00-05:00,13.40250015258789,13.468099594116211,13.400099754333496,13.4399995803833,12748,0.0,0.0,0.0
2023-12-07 09:30:00-05:00,13.270000457763672,13.6899995803833,12.829999923706055,13.6899995803833,125936,0.0,0.0,0.0
2023-12-07 10:30:00-05:00,13.770000457763672,13.779899597167969,13.470000267028809,13.65999984741211,56511,0.0,0.0,0.0
2023-12-07 11:30:00-05:00,13.729999542236328,13.800000190734863,13.630000114440918,13.770000457763672,18689,0.0,0.0,0.0
2023-12-07 12:30:00-05:00,13.699999809265137,13.729999542236328,13.564599990844727,13.699999809265137,15439,0.0,0.0,0.0
2023-12-07 13:30:00-05:00,13.680000305175781,13.706399917602539,13.59000015258789,13.59000015258789,28305,0.0,0.0,0.0
2023-12-07 14:30:00-05:00,13.569999694824219,13.619999885559082,13.48009967803955,13.510000228881836,16643,0.0,0.0,0.0
2023-12-07 15:30:00-05:00,13.47130012512207,13.529999732971191,13.380000114440918,13.489999771118164,22151,0.0,0.0,0.0
2023-12-08 09:30:00-05:00,13.619999885559082,14.648699760437012,13.619999885559082,14.648699760437012,128069,0.0,0.0,0.0
2023-12-08 10:30:00-05:00,14.619999885559082,14.649999618530273,14.399999618530273,14.555000305175781,124207,0.0,0.0,0.0
2023-12-08 11:30:00-05:00,14.550000190734863,14.640000343322754,14.164999961853027,14.316300392150879,55208,0.0,0.0,0.0
2023-12-08 12:30:00-05:00,14.274999618530273,14.510000228881836,14.230999946594238,14.45989990234375,46638,0.0,0.0,0.0
2023-12-08 13:30:00-05:00,14.449999809265137,14.509900093078613,14.3100004196167,14.489999771118164,47164,0.0,0.0,0.0
2023-12-08 14:30:00-05:00,14.5,14.614999771118164,14.420000076293945,14.59000015258789,64125,0.0,0.0,0.0
2023-12-08 15:30:00-05:00,14.600000381469727,14.76990032196045,14.600000381469727,14.749899864196777,45565,0.0,0.0,0.0
2023-12-11 09:30:00-05:00,13.9399995803833,13.9399995803833,13.260000228881836,13.390000343322754,109703,0.0,0.0,0.0
2023-12-11 10:30:00-05:00,13.359999656677246,13.449999809265137,12.859999656677246,13.024999618530273,68619,0.0,0.0,0.0
2023-12-11 11:30:00-05:00,13.020000457763672,13.15999984741211,12.949999809265137,12.990300178527832,29169,0.0,0.0,0.0
2023-12-11 12:30:00-05:00,12.979999542236328,12.990099906921387,12.600000381469727,12.600000381469727,34079,0.0,0.0,0.0
2023-12-11 13:30:00-05:00,12.625,12.789999961853027,12.6225004196167,12.630000114440918,37395,0.0,0.0,0.0
2023-12-11 14:30:00-05:00,12.649999618530273,12.739899635314941,12.600000381469727,12.710000038146973,32609,0.0,0.0,0.0
2023-12-11 15:30:00-05:00,12.729999542236328,12.819999694824219,12.699999809265137,12.789999961853027,26870,0.0,0.0,0.0
2023-12-12 09:30:00-05:00,13.079999923706055,13.260000228881836,12.819999694824219,12.949999809265137,82572,0.0,0.0,0.0
2023-12-12 10:30:00-05:00,12.989999771118164,13.079999923706055,12.829999923706055,12.890000343322754,33196,0.0,0.0,0.0
2023-12-12 11:30:00-05:00,12.850000381469727,13.020000457763672,12.850000381469727,12.880000114440918,15640,0.0,0.0,0.0
2023-12-12 12:30:00-05:00,12.84000015258789,13.026700019836426,12.770000457763672,13.0,29479,0.0,0.0,0.0
2023-12-12 13:30:00-05:00,12.9399995803833,13.0600004196167,12.930000305175781,12.960000038146973,27373,0.0,0.0,0.0
2023-12-12 14:30:00-05:00,12.970000267028809,13.085000038146973,12.970000267028809,13.069999694824219,12865,0.0,0.0,0.0
2023-12-12 15:30:00-05:00,13.058600425720215,13.058600425720215,12.989999771118164,12.992500305175781,15688,0.0,0.0,0.0
2023-12-13 09:30:00-05:00,12.957599639892578,13.510000228881836,12.713199615478516,13.1899995803833,72630,0.0,0.0,0.0
2023-12-13 10:30:00-05:00,13.170000076293945,13.609999656677246,13.109999656677246,13.539999961853027,82366,0.0,0.0,0.0
2023-12-13 11:30:00-05:00,13.489999771118164,13.569999694824219,13.319999694824219,13.5600004196167,39931,0.0,0.0,0.0
2023-12-13 12:30:00-05:00,13.5,13.619999885559082,13.449999809265137,13.449999809265137,41384,0.0,0.0,0.0
2023-12-13 13:30:00-05:00,13.40999984741211,13.949999809265137,13.364800453186035,13.930000305175781,86013,0.0,0.0,0.0
2023-12-13 14:30:00-05:00,13.920000076293945,14.350000381469727,13.880000114440918,14.109999656677246,73473,0.0,0.0,0.0
2023-12-13 15:30:00-05:00,14.130000114440918,14.359999656677246,14.119999885559082,14.350000381469727,37138,0.0,0.0,0.0
2023-12-14 09:30:00-05:00,14.520000457763672,14.90999984741211,14.34000015258789,14.350000381469727,110842,0.0,0.0,0.0
2023-12-14 10:30:00-05:00,14.369999885559082,14.760000228881836,14.369999885559082,14.609999656677246,100290,0.0,0.0,0.0
2023-12-14 11:30:00-05:00,14.545100212097168,14.899999618530273,14.53499984741211,14.899999618530273,29269,0.0,0.0,0.0
2023-12-14 12:30:00-05:00,14.9399995803833,15.079999923706055,14.695199966430664,14.789999961853027,83764,0.0,0.0,0.0
2023-12-14 13:30:00-05:00,14.777199745178223,14.90999984741211,14.620499610900879,14.829999923706055,42918,0.0,0.0,0.0
2023-12-14 14:30:00-05:00,14.84220027923584,14.920000076293945,14.8100004196167,14.88860034942627,32244,0.0,0.0,0.0
2023-12-14 15:30:00-05:00,14.90999984741211,14.940999984741211,14.789999961853027,14.829999923706055,18190,0.0,0.0,0.0
2023-12-15 09:30:00-05:00,14.430000305175781,14.725000381469727,14.170000076293945,14.699999809265137,160655,0.0,0.0,0.0
2023-12-15 10:30:00-05:00,14.630000114440918,14.843199729919434,14.460000038146973,14.829999923706055,56258,0.0,0.0,0.0
2023-12-15 11:30:00-05:00,14.819999694824219,14.869999885559082,14.660099983215332,14.850000381469727,16564,0.0,0.0,0.0
2023-12-15 12:30:00-05:00,14.830100059509277,14.830100059509277,14.6850004196167,14.739999771118164,10394,0.0,0.0,0.0
2023-12-15 13:30:00-05:00,14.779999732971191,14.829999923706055,14.779999732971191,14.805000305175781,917,0.0,0.0,0.0
2023-12-15 14:30:00-05:00,14.84630012512207,14.9822998046875,14.84000015258789,14.96500015258789,19654,0.0,0.0,0.0
2023-12-15 15:30:00-05:00,14.960000038146973,15.029999732971191,14.880000114440918,15.0,27212,0.0,0.0,0.0
2023-12-18 09:30:00-05:00,14.430000305175781,15.6899995803833,14.40999984741211,15.141300201416016,112703,0.0,0.0,0.0
2023-12-18 10:30:00-05:00,15.239999771118164,15.399999618530273,14.970000267028809,15.295000076293945,44386,0.0,0.0,0.0
2023-12-18 11:30:00-05:00,15.270000457763672,15.470000267028809,15.199999809265137,15.470000267028809,37185,0.0,0.0,0.0
2023-12-18 12:30:00-05:00,15.489999771118164,15.529999732971191,15.300000190734863,15.510000228881836,34386,0.0,0.0,0.0
2023-12-18 13:30:00-05:00,15.510000228881836,15.763999938964844,15.510000228881836,15.606900215148926,51900,0.0,0.0,0.0
2023-12-18 14:30:00-05:00,15.609999656677246,15.720000267028809,15.59000015258789,15.64009952545166,40329,0.0,0.0,0.0
2023-12-18 15:30:00-05:00,15.670000076293945,15.710000038146973,15.640000343322754,15.640000343322754,15632,0.0,0.0,0.0
2023-12-19 09:30:00-05:00,16.290000915527344,16.789899826049805,16.110000610351562,16.739999771118164,181676,0.0,0.0,0.0
2023-12-19 10:30:00-05:00,16.719999313354492,16.719999313354492,16.399999618530273,16.450000762939453,156318,0.0,0.0,0.0
2023-12-19 11:30:00-05:00,16.440000534057617,16.479999542236328,15.430000305175781,15.588700294494629,87061,0.0,0.0,0.0
2023-12-19 12:30:00-05:00,15.59000015258789,15.713899612426758,15.329999923706055,15.600000381469727,86059,0.0,0.0,0.0
2023-12-19 13:30:00-05:00,15.664999961853027,15.844200134277344,15.569899559020996,15.78499984741211,22239,0.0,0.0,0.0
2023-12-19 14:30:00-05:00,15.801199913024902,16.019800186157227,15.779000282287598,16.0,37972,0.0,0.0,0.0
2023-12-19 15:30:00-05:00,16.020000457763672,16.030000686645508,15.90999984741211,15.970000267028809,46574,0.0,0.0,0.0
2023-12-20 09:30:00-05:00,16.799999237060547,17.030000686645508,16.5,16.92009925842285,195929,0.0,0.0,0.0
2023-12-20 10:30:00-05:00,16.90999984741211,17.259899139404297,16.709999084472656,16.780000686645508,143789,0.0,0.0,0.0
2023-12-20 11:30:00-05:00,16.770000457763672,16.770000457763672,16.479999542236328,16.760000228881836,57569,0.0,0.0,0.0
2023-12-20 12:30:00-05:00,16.790000915527344,17.1299991607666,16.75,17.095600128173828,54081,0.0,0.0,0.0
2023-12-20 13:30:00-05:00,17.110000610351562,17.350000381469727,17.09000015258789,17.09000015258789,63548,0.0,0.0,0.0
2023-12-20 14:30:00-05:00,17.09000015258789,17.100000381469727,16.044300079345703,16.143400192260742,179583,0.0,0.0,0.0
2023-12-20 15:30:00-05:00,16.137300491333008,16.329999923706055,15.970000267028809,16.0039005279541,76626,0.0,0.0,0.0
2023-12-21 09:30:00-05:00,16.940000534057617,17.19099998474121,16.469999313354492,17.100000381469727,134195,0.0,0.0,0.0
2023-12-21 10:30:00-05:00,17.030000686645508,17.389999389648438,16.899999618530273,17.049999237060547,90487,0.0,0.0,0.0
2023-12-21 11:30:00-05:00,17.079999923706055,17.129899978637695,16.799999237060547,16.93000030517578,93666,0.0,0.0,0.0
2023-12-21 12:30:00-05:00,16.920000076293945,17.200000762939453,16.920000076293945,17.200000762939453,84889,0.0,0.0,0.0
2023-12-21 13:30:00-05:00,17.20039939880371,17.459999084472656,17.079999923706055,17.354999542236328,152149,0.0,0.0,0.0
2023-12-21 14:30:00-05:00,17.360000610351562,17.829500198364258,17.34000015258789,17.790000915527344,103223,0.0,0.0,0.0
2023-12-21 15:30:00-05:00,17.780000686645508,17.794300079345703,17.6200008392334,17.770000457763672,60385,0.0,0.0,0.0
2023-12-22 09:30:00-05:00,18.149999618530273,18.523099899291992,17.429800033569336,18.468000411987305,219265,0.0,0.0,0.0
2023-12-22 10:30:00-05:00,18.49970054626465,18.8799991607666,18.309999465942383,18.8799991607666,172222,0.0,0.0,0.0
2023-12-22 11:30:00-05:00,18.90999984741211,19.0,18.69499969482422,18.959999084472656,128659,0.0,0.0,0.0
2023-12-22 12:30:00-05:00,18.920000076293945,19.364999771118164,18.84000015258789,19.309999465942383,101107,0.0,0.0,0.0
2023-12-22 13:30:00-05:00,19.309999465942383,19.549999237060547,18.479999542236328,18.684999465942383,214431,0.0,0.0,0.0
2023-12-22 14:30:00-05:00,18.559999465942383,19.145000457763672,18.559999465942383,19.069900512695312,95207,0.0,0.0,0.0
2023-12-22 15:30:00-05:00,19.08169937133789,19.110000610351562,18.916200637817383,18.979999542236328,51003,0.0,0.0,0.0
2023-12-26 09:30:00-05:00,18.920000076293945,19.379899978637695,18.549999237060547,19.379899978637695,202738,0.0,0.0,0.0
2023-12-26 10:30:00-05:00,19.35569953918457,19.59000015258789,18.90999984741211,19.079999923706055,136879,0.0,0.0,0.0
2023-12-26 11:30:00-05:00,19.1200008392334,19.434999465942383,19.1200008392334,19.299999237060547,91018,0.0,0.0,0.0
2023-12-26 12:30:00-05:00,19.299999237060547,19.329999923706055,18.8700008392334,19.09000015258789,168155,0.0,0.0,0.0
2023-12-26 13:30:00-05:00,19.125,19.44499969482422,18.9601993560791,19.420000076293945,74256,0.0,0.0,0.0
2023-12-26 14:30:00-05:00,19.40999984741211,19.75,19.3700008392334,19.68000030517578,83958,0.0,0.0,0.0
2023-12-26 15:30:00-05:00,19.68000030517578,19.8700008392334,19.68000030517578,19.790000915527344,58175,0.0,0.0,0.0
2023-12-27 09:30:00-05:00,20.68000030517578,21.5,20.68000030517578,21.14550018310547,233553,0.0,0.0,0.0
2023-12-27 10:30:00-05:00,21.149999618530273,21.700000762939453,20.989999771118164,21.690000534057617,168733,0.0,0.0,0.0
2023-12-27 11:30:00-05:00,21.709999084472656,21.90999984741211,21.559999465942383,21.65570068359375,152724,0.0,0.0,0.0
2023-12-27 12:30:00-05:00,21.670000076293945,21.850000381469727,21.549999237060547,21.68199920654297,88271,0.0,0.0,0.0
2023-12-27 13:30:00-05:00,21.700000762939453,22.25,21.690000534057617,22.25,93975,0.0,0.0,0.0
2023-12-27 14:30:00-05:00,22.219999313354492,22.450000762939453,22.1200008392334,22.399999618530273,96303,0.0,0.0,0.0
2023-12-27 15:30:00-05:00,22.40999984741211,22.479999542236328,22.18000030517578,22.25,84275,0.0,0.0,0.0
2023-12-28 09:30:00-05:00,21.270000457763672,21.690000534057617,20.559999465942383,21.329999923706055,313797,0.0,0.0,0.0
2023-12-28 10:30:00-05:00,21.305999755859375,21.40690040588379,20.420000076293945,20.479999542236328,125226,0.0,0.0,0.0
2023-12-28 11:30:00-05:00,20.475500106811523,21.43000030517578,20.469999313354492,21.43000030517578,81569,0.0,0.0,0.0
2023-12-28 12:30:00-05:00,21.40999984741211,21.65999984741211,21.3700008392334,21.520000457763672,70701,0.0,0.0,0.0
2023-12-28 13:30:00-05:00,21.530000686645508,21.609899520874023,21.030000686645508,21.200000762939453,61527,0.0,0.0,0.0
2023-12-28 14:30:00-05:00,21.1299991607666,21.149999618530273,20.75,20.799999237060547,85401,0.0,0.0,0.0
2023-12-28 15:30:00-05:00,20.8799991607666,21.1200008392334,20.8799991607666,21.0,45632,0.0,0.0,0.0
2023-12-29 09:30:00-05:00,21.59000015258789,21.600000381469727,19.109500885009766,19.389999389648438,393693,0.0,0.0,0.0
2023-12-29 10:30:00-05:00,19.329999923706055,19.469999313354492,17.8799991607666,17.989999771118164,385841,0.0,0.0,0.0
2023-12-29 11:30:00-05:00,18.05500030517578,18.350000381469727,17.5,17.56999969482422,212570,0.0,0.0,0.0
2023-12-29 12:30:00-05:00,17.579999923706055,17.941699981689453,17.450000762939453,17.770000457763672,136246,0.0,0.0,0.0
2023-12-29 13:30:00-05:00,17.75,18.100000381469727,17.59000015258789,17.808900833129883,248931,0.0,0.0,0.0
2023-12-29 14:30:00-05:00,17.815000534057617,18.079999923706055,17.80929946899414,18.000099182128906,132817,0.0,0.0,0.0
2023-12-29 15:30:00-05:00,18.07509994506836,18.09000015258789,17.850099563598633,17.975000381469727,69481,0.0,0.0,0.0
2024-01-02 09:30:00-05:00,20.260000228881836,20.260000228881836,18.19499969482422,18.25,364262,0.0,0.0,0.0
2024-01-02 10:30:00-05:00,18.219999313354492,18.4237003326416,17.829999923706055,17.959999084472656,157635,0.0,0.0,0.0
2024-01-02 11:30:00-05:00,18.110000610351562,18.559999465942383,18.020000457763672,18.049999237060547,89207,0.0,0.0,0.0
2024-01-02 12:30:00-05:00,18.024999618530273,18.133699417114258,17.810100555419922,18.010000228881836,53076,0.0,0.0,0.0
2024-01-02 13:30:00-05:00,18.059999465942383,18.15999984741211,17.750099182128906,17.780000686645508,24901,0.0,0.0,0.0
2024-01-02 14:30:00-05:00,17.799999237060547,17.799999237060547,17.420000076293945,17.520000457763672,97090,0.0,0.0,0.0
2024-01-02 15:30:00-05:00,17.520000457763672,17.540000915527344,17.250099182128906,17.3799991607666,70902,0.0,0.0,0.0
2024-01-03 09:30:00-05:00,15.899999618530273,16.969900131225586,15.550000190734863,16.700000762939453,387918,0.0,0.0,0.0
2024-01-03 10:30:00-05:00,16.780000686645508,17.494600296020508,16.6200008392334,17.30299949645996,161236,0.0,0.0,0.0
2024-01-03 11:30:00-05:00,17.469999313354492,17.469999313354492,17.149999618530273,17.32040023803711,39673,0.0,0.0,0.0
2024-01-03 12:30:00-05:00,17.299999237060547,17.40999984741211,17.20009994506836,17.329999923706055,34168,0.0,0.0,0.0
2024-01-03 13:30:00-05:00,17.25,17.25,16.780000686645508,17.1200008392334,37063,0.0,0.0,0.0
2024-01-03 14:30:00-05:00,17.209999084472656,17.209999084472656,16.8799991607666,16.90999984741211,107357,0.0,0.0,0.0
2024-01-03 15:30:00-05:00,17.03499984741211,17.110000610351562,17.014999389648438,17.020000457763672,33546,0.0,0.0,0.0
2024-01-04 09:30:00-05:00,17.5,18.032499313354492,17.02560043334961,18.0,123448,0.0,0.0,0.0
2024-01-04 10:30:00-05:00,18.06999969482422,18.348600387573242,17.770000457763672,17.93950080871582,107152,0.0,0.0,0.0
2024-01-04 11:30:00-05:00,17.8700008392334,18.030000686645508,17.84000015258789,17.93000030517578,36649,0.0,0.0,0.0
2024-01-04 12:30:00-05:00,17.8799991607666,17.8799991607666,17.59000015258789,17.639999389648438,57629,0.0,0.0,0.0
2024-01-04 13:30:00-05:00,17.639999389648438,17.969999313354492,17.540000915527344,17.8700008392334,53765,0.0,0.0,0.0
2024-01-04 14:30:00-05:00,17.799999237060547,17.849599838256836,17.649999618530273,17.75,33502,0.0,0.0,0.0
2024-01-04 15:30:00-05:00,17.809999465942383,17.99810028076172,17.799999237060547,17.877599716186523,42686,0.0,0.0,0.0
2024-01-05 09:30:00-05:00,17.760000228881836,17.760000228881836,16.690000534057617,17.1299991607666,142283,0.0,0.0,0.0
2024-01-05 10:30:00-05:00,17.209999084472656,17.3341007232666,16.6299991607666,16.649999618530273,29169,0.0,0.0,0.0
2024-01-05 11:30:00-05:00,16.65399932861328,16.655000686645508,16.3700008392334,16.549999237060547,74343,0.0,0.0,0.0
2024-01-05 12:30:00-05:00,16.55500030517578,16.718000411987305,16.440000534057617,16.5,20380,0.0,0.0,0.0
2024-01-05 13:30:00-05:00,16.600000381469727,16.902599334716797,16.579999923706055,16.825899124145508,27485,0.0,0.0,0.0
2024-01-05 14:30:00-05:00,16.826000213623047,16.882999420166016,16.646299362182617,16.770000457763672,33571,0.0,0.0,0.0
2024-01-05 15:30:00-05:00,16.809999465942383,16.920000076293945,16.760099411010742,16.920000076293945,89770,0.0,0.0,0.0
2024-01-08 09:30:00-05:00,17.209999084472656,17.34000015258789,15.8100004196167,16.489999771118164,400112,0.0,0.0,0.0
2024-01-08 10:30:00-05:00,16.510000228881836,16.876300811767578,16.420000076293945,16.75,66992,0.0,0.0,0.0
2024-01-08 11:30:00-05:00,16.799999237060547,17.155000686645508,16.75,17.139999389648438,65871,0.0,0.0,0.0
2024-01-08 12:30:00-05:00,17.170000076293945,17.829999923706055,17.15399932861328,17.770000457763672,157726,0.0,0.0,0.0
2024-01-08 13:30:00-05:00,17.780000686645508,18.100000381469727,17.729999542236328,17.75,125984,0.0,0.0,0.0
2024-01-08 14:30:00-05:00,17.739999771118164,17.8700008392334,17.600000381469727,17.71500015258789,87546,0.0,0.0,0.0
2024-01-08 15:30:00-05:00,17.75,17.90999984741211,17.725000381469727,17.75,76540,0.0,0.0,0.0
2024-01-09 09:30:00-05:00,17.649999618530273,17.795000076293945,17.167999267578125,17.649999618530273,168298,0.0,0.0,0.0
2024-01-09 10:30:00-05:00,17.649999618530273,17.969999313354492,17.510000228881836,17.510000228881836,132507,0.0,0.0,0.0
2024-01-09 11:30:00-05:00,17.520000457763672,17.520000457763672,17.239999771118164,17.34000015258789,90037,0.0,0.0,0.0
2024-01-09 12:30:00-05:00,17.299999237060547,17.41990089416504,17.18000030517578,17.329999923706055,75500,0.0,0.0,0.0
2024-01-09 13:30:00-05:00,17.260000228881836,17.469999313354492,17.219999313354492,17.31999969482422,66467,0.0,0.0,0.0
2024-01-09 14:30:00-05:00,17.34000015258789,17.520000457763672,17.329999923706055,17.40999984741211,142912,0.0,0.0,0.0
2024-01-09 15:30:00-05:00,17.40999984741211,17.420000076293945,17.21500015258789,17.290000915527344,120721,0.0,0.0,0.0
2024-01-10 09:30:00-05:00,16.790000915527344,17.026399612426758,16.334999084472656,16.950000762939453,136555,0.0,0.0,0.0
2024-01-10 10:30:00-05:00,16.93000030517578,17.5,16.860000610351562,17.415000915527344,120294,0.0,0.0,0.0
2024-01-10 11:30:00-05:00,17.443700790405273,17.64069938659668,17.290000915527344,17.631900787353516,34132,0.0,0.0,0.0
2024-01-10 12:30:00-05:00,17.65999984741211,18.260000228881836,17.6299991607666,18.0,162547,0.0,0.0,0.0
2024-01-10 13:30:00-05:00,18.0,18.06999969482422,17.5,17.520000457763672,89066,0.0,0.0,0.0
2024-01-10 14:30:00-05:00,17.569799423217773,17.59000015258789,17.100000381469727,17.18829917907715,99343,0.0,0.0,0.0
2024-01-10 15:30:00-05:00,17.170000076293945,17.295799255371094,17.077999114990234,17.25,127835,0.0,0.0,0.0
2024-01-11 09:30:00-05:00,18.790000915527344,19.100000381469727,17.049999237060547,17.09000015258789,664461,0.0,0.0,0.0
2024-01-11 10:30:00-05:00,17.110000610351562,17.170000076293945,15.5,15.5,367016,0.0,0.0,0.0
2024-01-11 11:30:00-05:00,15.5,15.899999618530273,15.260000228881836,15.279999732971191,166431,0.0,0.0,0.0
2024-01-11 12:30:00-05:00,15.2608003616333,15.868000030517578,15.25,15.654999732971191,137365,0.0,0.0,0.0
2024-01-11 13:30:00-05:00,15.67549991607666,16.0,15.61929988861084,15.800000190734863,65500,0.0,0.0,0.0
2024-01-11 14:30:00-05:00,15.800000190734863,16.129899978637695,15.663299560546875,15.979999542236328,94355,0.0,0.0,0.0
2024-01-11 15:30:00-05:00,16.007200241088867,16.007200241088867,15.720000267028809,15.720000267028809,92647,0.0,0.0,0.0
2024-01-12 09:30:00-05:00,15.380000114440918,15.47920036315918,14.270000457763672,14.449999809265137,291370,0.0,0.0,0.0
2024-01-12 10:30:00-05:00,14.420000076293945,14.635499954223633,14.199999809265137,14.430000305175781,113184,0.0,0.0,0.0
2024-01-12 11:30:00-05:00,14.449999809265137,14.5,14.060099601745605,14.100099563598633,124902,0.0,0.0,0.0
2024-01-12 12:30:00-05:00,14.104999542236328,14.375,14.01099967956543,14.289999961853027,45498,0.0,0.0,0.0
2024-01-12 13:30:00-05:00,14.3100004196167,14.329999923706055,14.07450008392334,14.119999885559082,76967,0.0,0.0,0.0
2024-01-12 14:30:00-05:00,14.08489990234375,14.100000381469727,13.9399995803833,14.0649995803833,53784,0.0,0.0,0.0
2024-01-12 15:30:00-05:00,14.0600004196167,14.098999977111816,13.9399995803833,13.949999809265137,57038,0.0,0.0,0.0
2024-01-16 09:30:00-05:00,13.569999694824219,13.71500015258789,12.800000190734863,13.645000457763672,179733,0.0,0.0,0.0
2024-01-16 10:30:00-05:00,13.630000114440918,13.819999694824219,13.390000343322754,13.47070026397705,110376,0.0,0.0,0.0
2024-01-16 11:30:00-05:00,13.5,13.569999694824219,13.319999694824219,13.4399995803833,28071,0.0,0.0,0.0
2024-01-16 12:30:00-05:00,13.4399995803833,13.4399995803833,13.23449993133545,13.23449993133545,27292,0.0,0.0,0.0
2024-01-16 13:30:00-05:00,13.25,13.26990032196045,13.175000190734863,13.255000114440918,16548,0.0,0.0,0.0
2024-01-16 14:30:00-05:00,13.194999694824219,13.389200210571289,13.1899995803833,13.319999694824219,24663,0.0,0.0,0.0
2024-01-16 15:30:00-05:00,13.305000305175781,13.3100004196167,13.15999984741211,13.199999809265137,28903,0.0,0.0,0.0
2024-01-17 09:30:00-05:00,12.84000015258789,13.129899978637695,12.6899995803833,12.770000457763672,134297,0.0,0.0,0.0
2024-01-17 10:30:00-05:00,12.770000457763672,12.819999694824219,12.614999771118164,12.65999984741211,49520,0.0,0.0,0.0
2024-01-17 11:30:00-05:00,12.65999984741211,12.807600021362305,12.609999656677246,12.744999885559082,34289,0.0,0.0,0.0
2024-01-17 12:30:00-05:00,12.75,12.859999656677246,12.696700096130371,12.800000190734863,41872,0.0,0.0,0.0
2024-01-17 13:30:00-05:00,12.765000343322754,12.800000190734863,12.670000076293945,12.789999961853027,15672,0.0,0.0,0.0
2024-01-17 14:30:00-05:00,12.800000190734863,12.800000190734863,12.649999618530273,12.649999618530273,6564,0.0,0.0,0.0
2024-01-17 15:30:00-05:00,12.649999618530273,12.829999923706055,12.649999618530273,12.779999732971191,37560,0.0,0.0,0.0
2024-01-18 09:30:00-05:00,12.949999809265137,13.270000457763672,12.687000274658203,12.913399696350098,76535,0.0,0.0,0.0
2024-01-18 10:30:00-05:00,12.928299903869629,12.979999542236328,12.5600004196167,12.680000305175781,103754,0.0,0.0,0.0
2024-01-18 11:30:00-05:00,12.670000076293945,12.670000076293945,12.180000305175781,12.220000267028809,57555,0.0,0.0,0.0
2024-01-18 12:30:00-05:00,12.219900131225586,12.219900131225586,11.869999885559082,11.949899673461914,71064,0.0,0.0,0.0
2024-01-18 13:30:00-05:00,11.90999984741211,12.050000190734863,11.902999877929688,12.039999961853027,72512,0.0,0.0,0.0
2024-01-18 14:30:00-05:00,12.029999732971191,12.0649995803833,11.859999656677246,11.9399995803833,180169,0.0,0.0,0.0
2024-01-18 15:30:00-05:00,11.931099891662598,11.960000038146973,11.890000343322754,11.899999618530273,124368,0.0,0.0,0.0
2024-01-19 09:30:00-05:00,11.960000038146973,11.960000038146973,11.489999771118164,11.579999923706055,107062,0.0,0.0,0.0
2024-01-19 10:30:00-05:00,11.573800086975098,11.716899871826172,11.369999885559082,11.369999885559082,45074,0.0,0.0,0.0
2024-01-19 11:30:00-05:00,11.369999885559082,11.380000114440918,11.195899963378906,11.350000381469727,48985,0.0,0.0,0.0
2024-01-19 12:30:00-05:00,11.34000015258789,11.789999961853027,11.34000015258789,11.789999961853027,49580,0.0,0.0,0.0
2024-01-19 13:30:00-05:00,11.8100004196167,12.050000190734863,11.800000190734863,12.050000190734863,53285,0.0,0.0,0.0
2024-01-19 14:30:00-05:00,12.0600004196167,12.130000114440918,11.979999542236328,12.015000343322754,63913,0.0,0.0,0.0
2024-01-19 15:30:00-05:00,12.029999732971191,12.079999923706055,11.989999771118164,12.079999923706055,16743,0.0,0.0,0.0
2024-01-22 09:30:00-05:00,11.84000015258789,12.699999809265137,11.649999618530273,12.325699806213379,146925,0.0,0.0,0.0
2024-01-22 10:30:00-05:00,12.255999565124512,12.40410041809082,12.149999618530273,12.199999809265137,96789,0.0,0.0,0.0
2024-01-22 11:30:00-05:00,12.15999984741211,12.249899864196777,12.010000228881836,12.23449993133545,25870,0.0,0.0,0.0
2024-01-22 12:30:00-05:00,12.21049976348877,12.34939956665039,12.15999984741211,12.15999984741211,27624,0.0,0.0,0.0
2024-01-22 13:30:00-05:00,12.140000343322754,12.140000343322754,11.850000381469727,11.860300064086914,60959,0.0,0.0,0.0
2024-01-22 14:30:00-05:00,11.853400230407715,12.220000267028809,11.819999694824219,12.220000267028809,88841,0.0,0.0,0.0
2024-01-22 15:30:00-05:00,12.25,12.319899559020996,12.210000038146973,12.261500358581543,9900,0.0,0.0,0.0
2024-01-23 09:30:00-05:00,11.960000038146973,12.170000076293945,11.699999809265137,12.039999961853027,84436,0.0,0.0,0.0
2024-01-23 10:30:00-05:00,12.000100135803223,12.14799976348877,11.884699821472168,12.023599624633789,32313,0.0,0.0,0.0
2024-01-23 11:30:00-05:00,12.0600004196167,12.25,11.95009994506836,12.15999984741211,18730,0.0,0.0,0.0
2024-01-23 12:30:00-05:00,12.15999984741211,12.162599563598633,12.029999732971191,12.092700004577637,27918,0.0,0.0,0.0
2024-01-23 13:30:00-05:00,12.070699691772461,12.079999923706055,11.981900215148926,12.0,13763,0.0,0.0,0.0
2024-01-23 14:30:00-05:00,12.020000457763672,12.076499938964844,11.979999542236328,12.039999961853027,21687,0.0,0.0,0.0
2024-01-23 15:30:00-05:00,12.039999961853027,12.052499771118164,11.899999618530273,11.920000076293945,82063,0.0,0.0,0.0
2024-01-24 09:30:00-05:00,12.420000076293945,12.659600257873535,12.130000114440918,12.239999771118164,113985,0.0,0.0,0.0
2024-01-24 10:30:00-05:00,12.265000343322754,12.460000038146973,12.100000381469727,12.263799667358398,20330,0.0,0.0,0.0
2024-01-24 11:30:00-05:00,12.25,12.265700340270996,12.114999771118164,12.149999618530273,11645,0.0,0.0,0.0
2024-01-24 12:30:00-05:00,12.120100021362305,12.197999954223633,11.84000015258789,11.869999885559082,38542,0.0,0.0,0.0
2024-01-24 13:30:00-05:00,11.871800422668457,11.90999984741211,11.670000076293945,11.670000076293945,39686,0.0,0.0,0.0
2024-01-24 14:30:00-05:00,11.672499656677246,11.84630012512207,11.65999984741211,11.6899995803833,66394,0.0,0.0,0.0
2024-01-24 15:30:00-05:00,11.6899995803833,11.774999618530273,11.680000305175781,11.680000305175781,44950,0.0,0.0,0.0
2024-01-25 09:30:00-05:00,11.9399995803833,12.15999984741211,11.782099723815918,11.860099792480469,77195,0.0,0.0,0.0
2024-01-25 10:30:00-05:00,11.859999656677246,12.05739974975586,11.699999809265137,12.05739974975586,70894,0.0,0.0,0.0
2024-01-25 11:30:00-05:00,12.079899787902832,12.079999923706055,11.880000114440918,11.880000114440918,9927,0.0,0.0,0.0
2024-01-25 12:30:00-05:00,11.88010025024414,12.192000389099121,11.859999656677246,12.15839958190918,17120,0.0,0.0,0.0
2024-01-25 13:30:00-05:00,12.183600425720215,12.1899995803833,12.021599769592285,12.139900207519531,19177,0.0,0.0,0.0
2024-01-25 14:30:00-05:00,12.1850004196167,12.26990032196045,12.149999618530273,12.161700248718262,24786,0.0,0.0,0.0
2024-01-25 15:30:00-05:00,12.176899909973145,12.210000038146973,12.130000114440918,12.170000076293945,10385,0.0,0.0,0.0
2024-01-26 09:30:00-05:00,12.84000015258789,13.119999885559082,12.65999984741211,12.845399856567383,120125,0.0,0.0,0.0
2024-01-26 10:30:00-05:00,12.893799781799316,13.3100004196167,12.893799781799316,13.305000305175781,161430,0.0,0.0,0.0
2024-01-26 11:30:00-05:00,13.300000190734863,13.470000267028809,13.220100402832031,13.279999732971191,143031,0.0,0.0,0.0
2024-01-26 12:30:00-05:00,13.266300201416016,13.34000015258789,13.149999618530273,13.3100004196167,86803,0.0,0.0,0.0
2024-01-26 13:30:00-05:00,13.300000190734863,13.359999656677246,13.225000381469727,13.25,110048,0.0,0.0,0.0
2024-01-26 14:30:00-05:00,13.239999771118164,13.255000114440918,13.154199600219727,13.170000076293945,81271,0.0,0.0,0.0
2024-01-26 15:30:00-05:00,13.15999984741211,13.319999694824219,13.130000114440918,13.300000190734863,96012,0.0,0.0,0.0
2024-01-29 09:30:00-05:00,13.520000457763672,13.9399995803833,13.14900016784668,13.84000015258789,143904,0.0,0.0,0.0
2024-01-29 10:30:00-05:00,13.859999656677246,14.372599601745605,13.76990032196045,14.295000076293945,217247,0.0,0.0,0.0
2024-01-29 11:30:00-05:00,14.300000190734863,14.489999771118164,14.050000190734863,14.100000381469727,183618,0.0,0.0,0.0
2024-01-29 12:30:00-05:00,14.079999923706055,14.079999923706055,13.770000457763672,13.880000114440918,139565,0.0,0.0,0.0
2024-01-29 13:30:00-05:00,13.880000114440918,13.890000343322754,13.699999809265137,13.755000114440918,70969,0.0,0.0,0.0
2024-01-29 14:30:00-05:00,13.765000343322754,13.90999984741211,13.640000343322754,13.890000343322754,90502,0.0,0.0,0.0
2024-01-29 15:30:00-05:00,13.916500091552734,14.020000457763672,13.916500091552734,14.0,74959,0.0,0.0,0.0
2024-01-30 09:30:00-05:00,14.100000381469727,14.239999771118164,13.850000381469727,14.170000076293945,106357,0.0,0.0,0.0
2024-01-30 10:30:00-05:00,14.130000114440918,14.1899995803833,13.449999809265137,13.640000343322754,67195,0.0,0.0,0.0
2024-01-30 11:30:00-05:00,13.609999656677246,13.814399719238281,13.592900276184082,13.640000343322754,49910,0.0,0.0,0.0
2024-01-30 12:30:00-05:00,13.630000114440918,13.734999656677246,13.600000381469727,13.734999656677246,16759,0.0,0.0,0.0
2024-01-30 13:30:00-05:00,13.710000038146973,13.732500076293945,13.529999732971191,13.63379955291748,12657,0.0,0.0,0.0
2024-01-30 14:30:00-05:00,13.59000015258789,13.689900398254395,13.5600004196167,13.630000114440918,33335,0.0,0.0,0.0
2024-01-30 15:30:00-05:00,13.650099754333496,13.699999809265137,13.630000114440918,13.630000114440918,66558,0.0,0.0,0.0
2024-01-31 09:30:00-05:00,13.199999809265137,13.550000190734863,13.031900405883789,13.340499877929688,131209,0.0,0.0,0.0
2024-01-31 10:30:00-05:00,13.40999984741211,13.739500045776367,13.381099700927734,13.609999656677246,52701,0.0,0.0,0.0
2024-01-31 11:30:00-05:00,13.515000343322754,13.850000381469727,13.454999923706055,13.850000381469727,33457,0.0,0.0,0.0
2024-01-31 12:30:00-05:00,13.880000114440918,13.975600242614746,13.75,13.75,19033,0.0,0.0,0.0
2024-01-31 13:30:00-05:00,13.779999732971191,13.789999961853027,13.220100402832031,13.279999732971191,41978,0.0,0.0,0.0
2024-01-31 14:30:00-05:00,13.300000190734863,13.804300308227539,13.140999794006348,13.199999809265137,32199,0.0,0.0,0.0
2024-01-31 15:30:00-05:00,13.174200057983398,13.197999954223633,12.949999809265137,12.979999542236328,58322,0.0,0.0,0.0
2024-02-01 09:30:00-05:00,13.0,13.279999732971191,12.859999656677246,12.979999542236328,64356,0.0,0.0,0.0
2024-02-01 10:30:00-05:00,12.970000267028809,12.970000267028809,12.5600004196167,12.63010025024414,54537,0.0,0.0,0.0
2024-02-01 11:30:00-05:00,12.670000076293945,13.299500465393066,12.65999984741211,13.255900382995605,23134,0.0,0.0,0.0
2024-02-01 12:30:00-05:00,13.329999923706055,13.420000076293945,13.13070011138916,13.325699806213379,36315,0.0,0.0,0.0
2024-02-01 13:30:00-05:00,13.329999923706055,13.390000343322754,13.160099983215332,13.199999809265137,9372,0.0,0.0,0.0
2024-02-01 14:30:00-05:00,13.164400100708008,13.282899856567383,13.14009952545166,13.170000076293945,12791,0.0,0.0,0.0
2024-02-01 15:30:00-05:00,13.1899995803833,13.237600326538086,13.15999984741211,13.180000305175781,16628,0.0,0.0,0.0
2024-02-02 09:30:00-05:00,13.100000381469727,13.263400077819824,12.90999984741211,13.263400077819824,67894,0.0,0.0,0.0
2024-02-02 10:30:00-05:00,13.267000198364258,13.390000343322754,13.156000137329102,13.156000137329102,26044,0.0,0.0,0.0
2024-02-02 11:30:00-05:00,13.194999694824219,13.194999694824219,12.949999809265137,13.0,17293,0.0,0.0,0.0
2024-02-02 12:30:00-05:00,13.0,13.068300247192383,12.770000457763672,12.800000190734863,32369,0.0,0.0,0.0
2024-02-02 13:30:00-05:00,12.843999862670898,12.939900398254395,12.732600212097168,12.930000305175781,10553,0.0,0.0,0.0
2024-02-02 14:30:00-05:00,12.979900360107422,12.985400199890137,12.899999618530273,12.961700439453125,2566,0.0,0.0,0.0
2024-02-02 15:30:00-05:00,12.920100212097168,12.976200103759766,12.899999618530273,12.920000076293945,9034,0.0,0.0,0.0
2024-02-05 09:30:00-05:00,13.020000457763672,13.020000457763672,12.180000305175781,12.335000038146973,213113,0.0,0.0,0.0
2024-02-05 10:30:00-05:00,12.355600357055664,12.40999984741211,12.172800064086914,12.270000457763672,19777,0.0,0.0,0.0
2024-02-05 11:30:00-05:00,12.350000381469727,12.45989990234375,12.270000457763672,12.369999885559082,14540,0.0,0.0,0.0
2024-02-05 12:30:00-05:00,12.369999885559082,12.390000343322754,12.27079963684082,12.289999961853027,10182,0.0,0.0,0.0
2024-02-05 13:30:00-05:00,12.29010009765625,12.369999885559082,12.262900352478027,12.369999885559082,10325,0.0,0.0,0.0
2024-02-05 14:30:00-05:00,12.420000076293945,12.4399995803833,12.1899995803833,12.25,24482,0.0,0.0,0.0
2024-02-05 15:30:00-05:00,12.25,12.25,12.180000305175781,12.180000305175781,30757,0.0,0.0,0.0
2024-02-06 09:30:00-05:00,12.229999542236328,12.699999809265137,12.0600004196167,12.670000076293945,87832,0.0,0.0,0.0
2024-02-06 10:30:00-05:00,12.713000297546387,12.770000457763672,12.542200088500977,12.770000457763672,32379,0.0,0.0,0.0
2024-02-06 11:30:00-05:00,12.81779956817627,12.82979965209961,12.409899711608887,12.456199645996094,10243,0.0,0.0,0.0
2024-02-06 12:30:00-05:00,12.46660041809082,12.586899757385254,12.46660041809082,12.520000457763672,4999,0.0,0.0,0.0
2024-02-06 13:30:00-05:00,12.503499984741211,12.624099731445312,12.490599632263184,12.579999923706055,14685,0.0,0.0,0.0
2024-02-06 14:30:00-05:00,12.569999694824219,12.779999732971191,12.569999694824219,12.670700073242188,13602,0.0,0.0,0.0
2024-02-06 15:30:00-05:00,12.709099769592285,12.739999771118164,12.649999618530273,12.725000381469727,21440,0.0,0.0,0.0
2024-02-07 09:30:00-05:00,12.6899995803833,12.899999618530273,12.3233003616333,12.5600004196167,34230,0.0,0.0,0.0
2024-02-07 10:30:00-05:00,12.597999572753906,12.597999572753906,12.375200271606445,12.52929973602295,16656,0.0,0.0,0.0
2024-02-07 11:30:00-05:00,12.536700248718262,12.760000228881836,12.449999809265137,12.760000228881836,17953,0.0,0.0,0.0
2024-02-07 12:30:00-05:00,12.760000228881836,13.050000190734863,12.760000228881836,13.039999961853027,27081,0.0,0.0,0.0
2024-02-07 13:30:00-05:00,13.050000190734863,13.050000190734863,12.859999656677246,12.899999618530273,17399,0.0,0.0,0.0
2024-02-07 14:30:00-05:00,12.869999885559082,13.149999618530273,12.869999885559082,13.100000381469727,28252,0.0,0.0,0.0
2024-02-07 15:30:00-05:00,13.100000381469727,13.166399955749512,13.0447998046875,13.09000015258789,35032,0.0,0.0,0.0
2024-02-08 09:30:00-05:00,13.869999885559082,14.399999618530273,13.649999618530273,14.369999885559082,137884,0.0,0.0,0.0
2024-02-08 10:30:00-05:00,14.399999618530273,14.609999656677246,14.360099792480469,14.438699722290039,97927,0.0,0.0,0.0
2024-02-08 11:30:00-05:00,14.399999618530273,14.59000015258789,14.253499984741211,14.520000457763672,44553,0.0,0.0,0.0
2024-02-08 12:30:00-05:00,14.56879997253418,14.640000343322754,14.279999732971191,14.550000190734863,54761,0.0,0.0,0.0
2024-02-08 13:30:00-05:00,14.550000190734863,14.90999984741211,14.550000190734863,14.869999885559082,50963,0.0,0.0,0.0
2024-02-08 14:30:00-05:00,14.864999771118164,14.989899635314941,14.75,14.960000038146973,372147,0.0,0.0,0.0
2024-02-08 15:30:00-05:00,14.960000038146973,15.119999885559082,14.920000076293945,15.119999885559082,93200,0.0,0.0,0.0
2024-02-09 09:30:00-05:00,16.489999771118164,16.92840003967285,15.960000038146973,16.49880027770996,579092,0.0,0.0,0.0
2024-02-09 10:30:00-05:00,16.5,16.68000030517578,16.209999084472656,16.229999542236328,100301,0.0,0.0,0.0
2024-02-09 11:30:00-05:00,16.219999313354492,16.700000762939453,16.139999389648438,16.700000762939453,68241,0.0,0.0,0.0
2024-02-09 12:30:00-05:00,16.690000534057617,17.280000686645508,16.609500885009766,17.27199935913086,91114,0.0,0.0,0.0
2024-02-09 13:30:00-05:00,17.299999237060547,17.318300247192383,16.739999771118164,16.889999389648438,112765,0.0,0.0,0.0
2024-02-09 14:30:00-05:00,16.90999984741211,16.959999084472656,16.770000457763672,16.920000076293945,113869,0.0,0.0,0.0
2024-02-09 15:30:00-05:00,16.920000076293945,17.020000457763672,16.829999923706055,16.975000381469727,115747,0.0,0.0,0.0
2024-02-12 09:30:00-05:00,17.139999389648438,18.610000610351562,17.139999389648438,18.479999542236328,322405,0.0,0.0,0.0
2024-02-12 10:30:00-05:00,18.530000686645508,19.149999618530273,18.329999923706055,18.77989959716797,243288,0.0,0.0,0.0
2024-02-12 11:30:00-05:00,18.7549991607666,18.809999465942383,18.149999618530273,18.739999771118164,139662,0.0,0.0,0.0
2024-02-12 12:30:00-05:00,18.709999084472656,18.998199462890625,18.440099716186523,18.540000915527344,71355,0.0,0.0,0.0
2024-02-12 13:30:00-05:00,18.530000686645508,18.65999984741211,18.209999084472656,18.533199310302734,49203,0.0,0.0,0.0
2024-02-12 14:30:00-05:00,18.584999084472656,18.687400817871094,18.290000915527344,18.6200008392334,74666,0.0,0.0,0.0
2024-02-12 15:30:00-05:00,18.624799728393555,18.8700008392334,18.579999923706055,18.770000457763672,174309,0.0,0.0,0.0
2024-02-13 09:30:00-05:00,17.100000381469727,18.200000762939453,16.582000732421875,18.01289939880371,383151,0.0,0.0,0.0
2024-02-13 10:30:00-05:00,18.094200134277344,18.1200008392334,17.735000610351562,17.860000610351562,110126,0.0,0.0,0.0
2024-02-13 11:30:00-05:00,17.850000381469727,18.030000686645508,17.40290069580078,17.559999465942383,75703,0.0,0.0,0.0
2024-02-13 12:30:00-05:00,17.639999389648438,18.350000381469727,17.559999465942383,18.299999237060547,62259,0.0,0.0,0.0
2024-02-13 13:30:00-05:00,18.290000915527344,18.295000076293945,17.700000762939453,17.929899215698242,110762,0.0,0.0,0.0
2024-02-13 14:30:00-05:00,17.877099990844727,17.984800338745117,17.50189971923828,17.530000686645508,95409,0.0,0.0,0.0
2024-02-13 15:30:00-05:00,17.549999237060547,17.925199508666992,17.549999237060547,17.920000076293945,44147,0.0,0.0,0.0
2024-02-14 09:30:00-05:00,20.110000610351562,20.5,19.5,19.979999542236328,424376,0.0,0.0,0.0
2024-02-14 10:30:00-05:00,20.049999237060547,20.190000534057617,19.401899337768555,19.639999389648438,141541,0.0,0.0,0.0
2024-02-14 11:30:00-05:00,19.759899139404297,19.859899520874023,19.479999542236328,19.800100326538086,41810,0.0,0.0,0.0
2024-02-14 12:30:00-05:00,19.829999923706055,19.850000381469727,19.309999465942383,19.5,60693,0.0,0.0,0.0
2024-02-14 13:30:00-05:00,19.5,19.72719955444336,19.489999771118164,19.649999618530273,40655,0.0,0.0,0.0
2024-02-14 14:30:00-05:00,19.69700050354004,20.100000381469727,19.610000610351562,20.07990074157715,77866,0.0,0.0,0.0
2024-02-14 15:30:00-05:00,20.09000015258789,20.219999313354492,20.020000457763672,20.219999313354492,60164,0.0,0.0,0.0
2024-02-15 09:30:00-05:00,20.899999618530273,21.01409912109375,20.159900665283203,20.159900665283203,231289,0.0,0.0,0.0
2024-02-15 10:30:00-05:00,20.110000610351562,20.177900314331055,18.969999313354492,19.760000228881836,256780,0.0,0.0,0.0
2024-02-15 11:30:00-05:00,19.709999084472656,20.1299991607666,19.69059944152832,19.92009925842285,120435,0.0,0.0,0.0
2024-02-15 12:30:00-05:00,19.899999618530273,19.899999618530273,19.459999084472656,19.68589973449707,67078,0.0,0.0,0.0
2024-02-15 13:30:00-05:00,19.6299991607666,19.649999618530273,18.799999237060547,18.877500534057617,52976,0.0,0.0,0.0
2024-02-15 14:30:00-05:00,18.927799224853516,19.3700008392334,18.8700008392334,19.100000381469727,92884,0.0,0.0,0.0
2024-02-15 15:30:00-05:00,19.170000076293945,19.299999237060547,19.170000076293945,19.219999313354492,34558,0.0,0.0,0.0
2024-02-16 09:30:00-05:00,19.510000228881836,19.848800659179688,18.34000015258789,19.0,241696,0.0,0.0,0.0
2024-02-16 10:30:00-05:00,19.0,19.700000762939453,18.8700008392334,19.559999465942383,66346,0.0,0.0,0.0
2024-02-16 11:30:00-05:00,19.600000381469727,19.646799087524414,19.15999984741211,19.209999084472656,65802,0.0,0.0,0.0
2024-02-16 12:30:00-05:00,19.1835994720459,19.21500015258789,18.972299575805664,19.09000015258789,46990,0.0,0.0,0.0
2024-02-16 13:30:00-05:00,19.15999984741211,19.43869972229004,19.049999237060547,19.290000915527344,30786,0.0,0.0,0.0
2024-02-16 14:30:00-05:00,19.280000686645508,19.280000686645508,19.06999969482422,19.100000381469727,19781,0.0,0.0,0.0
2024-02-16 15:30:00-05:00,19.049999237060547,19.079999923706055,18.96489906311035,19.040000915527344,28286,0.0,0.0,0.0
2024-02-20 09:30:00-05:00,19.190000534057617,19.489999771118164,17.670000076293945,17.67009925842285,254887,0.0,0.0,0.0
2024-02-20 10:30:00-05:00,17.719999313354492,18.139999389648438,17.709999084472656,17.950000762939453,133494,0.0,0.0,0.0
2024-02-20 11:30:00-05:00,17.950000762939453,17.950000762939453,17.06999969482422,17.360000610351562,139172,0.0,0.0,0.0
2024-02-20 12:30:00-05:00,17.309999465942383,17.7450008392334,17.299999237060547,17.600000381469727,94738,0.0,0.0,0.0
2024-02-20 13:30:00-05:00,17.62689971923828,17.81999969482422,17.50749969482422,17.770000457763672,37761,0.0,0.0,0.0
2024-02-20 14:30:00-05:00,17.799999237060547,18.040000915527344,17.760000228881836,18.0,37212,0.0,0.0,0.0
2024-02-20 15:30:00-05:00,18.0,18.139999389648438,18.0,18.049999237060547,33824,0.0,0.0,0.0
2024-02-21 09:30:00-05:00,17.139999389648438,17.419700622558594,17.0,17.358600616455078,140016,0.0,0.0,0.0
2024-02-21 10:30:00-05:00,17.329999923706055,17.723800659179688,17.270099639892578,17.559999465942383,26647,0.0,0.0,0.0
2024-02-21 11:30:00-05:00,17.524999618530273,17.729999542236328,17.290000915527344,17.290000915527344,17385,0.0,0.0,0.0
2024-02-21 12:30:00-05:00,17.280000686645508,17.439800262451172,17.260000228881836,17.260000228881836,29108,0.0,0.0,0.0
2024-02-21 13:30:00-05:00,17.2450008392334,17.389999389648438,17.200000762939453,17.25189971923828,43775,0.0,0.0,0.0
2024-02-21 14:30:00-05:00,17.229999542236328,17.229999542236328,17.010000228881836,17.010000228881836,16238,0.0,0.0,0.0
2024-02-21 15:30:00-05:00,17.04010009765625,17.09000015258789,16.93000030517578,16.989999771118164,26726,0.0,0.0,0.0
2024-02-22 09:30:00-05:00,17.670000076293945,17.989999771118164,17.171499252319336,17.989999771118164,74470,0.0,0.0,0.0
2024-02-22 10:30:00-05:00,17.977399826049805,18.258699417114258,17.739999771118164,17.979999542236328,59104,0.0,0.0,0.0
2024-02-22 11:30:00-05:00,17.989999771118164,18.290000915527344,17.850000381469727,18.139999389648438,113177,0.0,0.0,0.0
2024-02-22 12:30:00-05:00,18.135000228881836,18.200000762939453,18.020000457763672,18.049999237060547,25335,0.0,0.0,0.0
2024-02-22 13:30:00-05:00,17.979999542236328,18.1299991607666,17.863800048828125,18.014999389648438,12601,0.0,0.0,0.0
2024-02-22 14:30:00-05:00,17.924999237060547,18.0,17.799999237060547,17.969999313354492,18970,0.0,0.0,0.0
2024-02-22 15:30:00-05:00,17.950000762939453,18.05590057373047,17.8700008392334,17.889999389648438,12029,0.0,0.0,0.0
2024-02-23 09:30:00-05:00,17.530000686645508,17.559999465942383,16.8700008392334,16.8700008392334,60610,0.0,0.0,0.0
2024-02-23 10:30:00-05:00,16.90999984741211,17.1299991607666,16.649999618530273,16.860000610351562,41323,0.0,0.0,0.0
2024-02-23 11:30:00-05:00,16.875499725341797,17.270000457763672,16.847999572753906,17.200000762939453,52780,0.0,0.0,0.0
2024-02-23 12:30:00-05:00,17.190000534057617,17.36370086669922,17.190000534057617,17.360000610351562,17558,0.0,0.0,0.0
2024-02-23 13:30:00-05:00,17.295000076293945,17.399999618530273,17.06999969482422,17.135000228881836,8625,0.0,0.0,0.0
2024-02-23 14:30:00-05:00,17.135000228881836,17.200000762939453,17.0,17.0,21139,0.0,0.0,0.0
2024-02-23 15:30:00-05:00,16.989900588989258,17.075899124145508,16.980300903320312,17.059999465942383,11984,0.0,0.0,0.0
2024-02-26 09:30:00-05:00,17.190000534057617,19.3799991607666,17.190000534057617,19.309999465942383,209138,0.0,0.0,0.0
2024-02-26 10:30:00-05:00,19.24720001220703,19.849899291992188,19.06999969482422,19.440000534057617,75920,0.0,0.0,0.0
2024-02-26 11:30:00-05:00,19.386699676513672,19.700000762939453,19.100000381469727,19.499500274658203,97677,0.0,0.0,0.0
2024-02-26 12:30:00-05:00,19.540000915527344,19.75,19.5,19.699899673461914,83126,0.0,0.0,0.0
2024-02-26 13:30:00-05:00,19.637500762939453,20.11400032043457,19.487499237060547,19.976200103759766,34665,0.0,0.0,0.0
2024-02-26 14:30:00-05:00,19.989999771118164,20.219999313354492,19.760000228881836,19.84000015258789,71529,0.0,0.0,0.0
2024-02-26 15:30:00-05:00,19.850000381469727,20.030000686645508,19.770000457763672,19.829999923706055,73852,0.0,0.0,0.0
2024-02-27 09:30:00-05:00,21.489999771118164,21.690000534057617,20.233600616455078,20.5,329468,0.0,0.0,0.0
2024-02-27 10:30:00-05:00,20.520000457763672,20.559999465942383,19.56999969482422,19.959999084472656,109961,0.0,0.0,0.0
2024-02-27 11:30:00-05:00,20.0,20.229999542236328,19.710100173950195,19.995800018310547,72867,0.0,0.0,0.0
2024-02-27 12:30:00-05:00,19.90999984741211,20.06999969482422,19.694900512695312,19.989299774169922,29912,0.0,0.0,0.0
2024-02-27 13:30:00-05:00,20.0,20.219999313354492,19.95400047302246,20.110000610351562,17602,0.0,0.0,0.0
2024-02-27 14:30:00-05:00,20.059999465942383,20.399999618530273,20.013200759887695,20.16010093688965,40202,0.0,0.0,0.0
2024-02-27 15:30:00-05:00,20.20009994506836,20.22920036315918,20.033199310302734,20.079999923706055,35577,0.0,0.0,0.0
2024-02-28 09:30:00-05:00,20.81999969482422,21.093700408935547,19.6200008392334,19.829999923706055,433858,0.0,0.0,0.0
2024-02-28 10:30:00-05:00,19.778900146484375,20.06999969482422,19.399999618530273,19.8700008392334,145762,0.0,0.0,0.0
2024-02-28 11:30:00-05:00,19.979999542236328,20.6299991607666,19.639999389648438,19.639999389648438,173402,0.0,0.0,0.0
2024-02-28 12:30:00-05:00,19.627199172973633,19.627199172973633,18.299999237060547,18.790000915527344,143891,0.0,0.0,0.0
2024-02-28 13:30:00-05:00,18.81999969482422,19.326000213623047,18.770000457763672,18.899999618530273,57048,0.0,0.0,0.0
2024-02-28 14:30:00-05:00,18.920000076293945,18.920000076293945,18.479999542236328,18.524999618530273,75936,0.0,0.0,0.0
2024-02-28 15:30:00-05:00,18.487600326538086,18.690000534057617,18.469999313354492,18.600000381469727,158403,0.0,0.0,0.0
2024-02-29 09:30:00-05:00,19.16990089416504,19.170000076293945,16.864500045776367,17.368999481201172,535388,0.0,0.0,0.0
2024-02-29 10:30:00-05:00,17.360000610351562,17.40999984741211,16.700000762939453,16.709999084472656,135775,0.0,0.0,0.0
2024-02-29 11:30:00-05:00,16.719999313354492,17.069900512695312,16.649999618530273,16.75,80700,0.0,0.0,0.0
2024-02-29 12:30:00-05:00,16.780000686645508,17.339000701904297,16.7450008392334,17.049999237060547,95432,0.0,0.0,0.0
2024-02-29 13:30:00-05:00,17.049999237060547,17.110000610351562,16.809999465942383,16.831600189208984,148968,0.0,0.0,0.0
2024-02-29 14:30:00-05:00,16.82509994506836,17.11549949645996,16.82509994506836,16.979999542236328,246123,0.0,0.0,0.0
2024-02-29 15:30:00-05:00,16.987899780273438,17.09000015258789,16.940000534057617,17.03499984741211,192254,0.0,0.0,0.0
2024-03-01 09:30:00-05:00,17.239999771118164,17.3799991607666,16.350000381469727,17.039499282836914,118656,0.0,0.0,0.0
2024-03-01 10:30:00-05:00,17.049999237060547,17.447599411010742,16.71500015258789,17.440000534057617,97837,0.0,0.0,0.0
2024-03-01 11:30:00-05:00,17.43000030517578,17.6200008392334,17.260000228881836,17.56999969482422,40452,0.0,0.0,0.0
2024-03-01 12:30:00-05:00,17.579999923706055,17.639999389648438,17.36009979248047,17.510000228881836,33157,0.0,0.0,0.0
2024-03-01 13:30:00-05:00,17.5,17.700000762939453,17.45009994506836,17.540000915527344,38614,0.0,0.0,0.0
2024-03-01 14:30:00-05:00,17.549999237060547,17.6200008392334,17.43000030517578,17.6200008392334,22126,0.0,0.0,0.0
2024-03-01 15:30:00-05:00,17.600000381469727,18.079999923706055,17.56999969482422,17.979999542236328,149486,0.0,0.0,0.0
2024-03-04 09:30:00-05:00,18.594999313354492,18.799999237060547,17.959999084472656,18.09000015258789,285769,0.0,0.0,0.0
2024-03-04 10:30:00-05:00,18.059999465942383,18.09000015258789,17.431400299072266,17.450000762939453,47652,0.0,0.0,0.0
2024-03-04 11:30:00-05:00,17.476999282836914,17.476999282836914,16.960100173950195,17.249900817871094,104030,0.0,0.0,0.0
2024-03-04 12:30:00-05:00,17.239999771118164,17.25,16.80459976196289,16.825700759887695,55679,0.0,0.0,0.0
2024-03-04 13:30:00-05:00,16.799999237060547,16.940000534057617,16.549999237060547,16.670000076293945,44061,0.0,0.0,0.0
2024-03-04 14:30:00-05:00,16.680099487304688,17.299999237060547,16.68000030517578,17.260000228881836,47377,0.0,0.0,0.0
2024-03-04 15:30:00-05:00,17.290000915527344,17.290000915527344,16.915000915527344,16.95009994506836,210960,0.0,0.0,0.0
2024-03-05 09:30:00-05:00,16.579999923706055,17.285200119018555,15.9399995803833,15.9399995803833,226814,0.0,0.0,0.0
2024-03-05 10:30:00-05:00,15.95680046081543,16.06999969482422,15.670100212097168,15.800000190734863,109820,0.0,0.0,0.0
2024-03-05 11:30:00-05:00,15.831999778747559,16.0,15.65999984741211,15.930000305175781,59900,0.0,0.0,0.0
2024-03-05 12:30:00-05:00,15.979999542236328,16.179899215698242,15.878999710083008,15.930000305175781,38666,0.0,0.0,0.0
2024-03-05 13:30:00-05:00,15.96310043334961,16.190000534057617,15.640000343322754,15.753800392150879,55720,0.0,0.0,0.0
2024-03-05 14:30:00-05:00,15.748600006103516,15.84000015258789,15.395000457763672,15.75629997253418,125987,0.0,0.0,0.0
2024-03-05 15:30:00-05:00,15.75,15.84000015258789,15.529999732971191,15.630000114440918,223680,0.0,0.0,0.0
2024-03-06 09:30:00-05:00,16.399999618530273,16.489999771118164,15.436300277709961,15.890000343322754,113441,0.0,0.0,0.0
2024-03-06 10:30:00-05:00,15.960000038146973,16.587400436401367,15.944999694824219,16.540000915527344,29892,0.0,0.0,0.0
2024-03-06 11:30:00-05:00,16.549999237060547,16.579999923706055,16.261699676513672,16.540000915527344,21900,0.0,0.0,0.0
2024-03-06 12:30:00-05:00,16.520000457763672,16.950000762939453,16.520000457763672,16.93000030517578,58179,0.0,0.0,0.0
2024-03-06 13:30:00-05:00,16.825700759887695,16.84000015258789,16.520000457763672,16.7450008392334,21319,0.0,0.0,0.0
2024-03-06 14:30:00-05:00,16.760000228881836,16.760000228881836,16.5,16.520000457763672,40981,0.0,0.0,0.0
2024-03-06 15:30:00-05:00,16.520000457763672,16.549999237060547,16.350000381469727,16.399999618530273,154980,0.0,0.0,0.0
2024-03-07 09:30:00-05:00,16.299999237060547,16.59000015258789,15.880000114440918,15.880000114440918,125066,0.0,0.0,0.0
2024-03-07 10:30:00-05:00,15.909899711608887,16.41080093383789,15.829999923706055,16.31999969482422,48841,0.0,0.0,0.0
2024-03-07 11:30:00-05:00,16.28219985961914,16.361400604248047,16.06999969482422,16.309999465942383,75165,0.0,0.0,0.0
2024-03-07 12:30:00-05:00,16.3799991607666,16.670000076293945,16.364999771118164,16.6200008392334,49807,0.0,0.0,0.0
2024-03-07 13:30:00-05:00,16.6299991607666,16.729999542236328,16.530000686645508,16.649999618530273,39601,0.0,0.0,0.0
2024-03-07 14:30:00-05:00,16.639999389648438,16.649999618530273,16.485000610351562,16.59000015258789,23319,0.0,0.0,0.0
2024-03-07 15:30:00-05:00,16.56999969482422,16.56999969482422,16.488399505615234,16.568099975585938,14630,0.0,0.0,0.0
2024-03-08 09:30:00-05:00,16.700000762939453,18.5,16.700000762939453,18.450000762939453,193602,0.0,0.0,0.0
2024-03-08 10:30:00-05:00,18.450000762939453,18.450000762939453,16.899999618530273,16.915000915527344,109988,0.0,0.0,0.0
2024-03-08 11:30:00-05:00,16.950000762939453,17.389999389648438,16.8351993560791,17.299999237060547,48813,0.0,0.0,0.0
2024-03-08 12:30:00-05:00,17.350000381469727,17.450000762939453,16.971099853515625,17.199899673461914,27464,0.0,0.0,0.0
2024-03-08 13:30:00-05:00,17.149999618530273,17.280000686645508,16.979999542236328,17.209999084472656,19290,0.0,0.0,0.0
2024-03-08 14:30:00-05:00,17.274999618530273,17.690000534057617,17.270000457763672,17.440000534057617,48001,0.0,0.0,0.0
2024-03-08 15:30:00-05:00,17.40999984741211,17.566999435424805,17.40999984741211,17.566999435424805,10598,0.0,0.0,0.0
2024-03-11 09:30:00-04:00,18.12969970703125,18.15959930419922,16.959999084472656,17.270000457763672,228566,0.0,0.0,0.0
2024-03-11 10:30:00-04:00,17.2549991607666,17.280000686645508,16.459999084472656,16.545000076293945,144685,0.0,0.0,0.0
2024-03-11 11:30:00-04:00,16.520000457763672,16.670000076293945,16.360000610351562,16.56999969482422,99516,0.0,0.0,0.0
2024-03-11 12:30:00-04:00,16.559999465942383,16.728900909423828,16.5,16.539899826049805,43543,0.0,0.0,0.0
2024-03-11 13:30:00-04:00,16.520000457763672,16.610000610351562,16.302099227905273,16.520000457763672,56582,0.0,0.0,0.0
2024-03-11 14:30:00-04:00,16.502199172973633,16.520000457763672,16.0,16.0,60892,0.0,0.0,0.0
2024-03-11 15:30:00-04:00,15.999600410461426,16.0,15.728899955749512,15.75,66189,0.0,0.0,0.0
2024-03-12 09:30:00-04:00,15.90999984741211,15.980999946594238,15.050000190734863,15.380000114440918,191046,0.0,0.0,0.0
2024-03-12 10:30:00-04:00,15.377799987792969,15.680000305175781,15.239999771118164,15.630000114440918,93243,0.0,0.0,0.0
2024-03-12 11:30:00-04:00,15.600000381469727,15.600000381469727,15.263799667358398,15.300000190734863,37587,0.0,0.0,0.0
2024-03-12 12:30:00-04:00,15.270099639892578,15.317700386047363,15.085000038146973,15.100000381469727,78944,0.0,0.0,0.0
2024-03-12 13:30:00-04:00,15.109999656677246,15.569999694824219,15.105999946594238,15.550000190734863,28728,0.0,0.0,0.0
2024-03-12 14:30:00-04:00,15.550000190734863,15.739999771118164,15.520099639892578,15.602999687194824,38537,0.0,0.0,0.0
2024-03-12 15:30:00-04:00,15.6181001663208,15.6899995803833,15.600000381469727,15.600000381469727,18525,0.0,0.0,0.0
2024-03-13 09:30:00-04:00,15.649999618530273,16.3799991607666,15.507699966430664,16.25,110270,0.0,0.0,0.0
2024-03-13 10:30:00-04:00,16.26300048828125,16.26300048828125,15.949999809265137,16.09000015258789,122745,0.0,0.0,0.0
2024-03-13 11:30:00-04:00,16.06999969482422,16.290000915527344,15.945500373840332,16.260000228881836,57981,0.0,0.0,0.0
2024-03-13 12:30:00-04:00,16.27989959716797,16.305099487304688,16.0,16.050100326538086,72228,0.0,0.0,0.0
2024-03-13 13:30:00-04:00,16.065000534057617,16.13990020751953,15.98009967803955,16.073400497436523,139239,0.0,0.0,0.0
2024-03-13 14:30:00-04:00,16.148700714111328,16.199899673461914,15.75,15.75,41689,0.0,0.0,0.0
2024-03-13 15:30:00-04:00,15.8100004196167,15.899999618530273,15.800000190734863,15.850000381469727,102296,0.0,0.0,0.0
2024-03-14 09:30:00-04:00,15.600000381469727,15.600000381469727,14.573599815368652,14.725000381469727,126112,0.0,0.0,0.0
2024-03-14 10:30:00-04:00,14.845000267028809,14.920000076293945,14.529999732971191,14.529999732971191,33956,0.0,0.0,0.0
2024-03-14 11:30:00-04:00,14.53219985961914,14.680000305175781,14.430000305175781,14.470000267028809,50782,0.0,0.0,0.0
2024-03-14 12:30:00-04:00,14.449999809265137,14.89680004119873,14.4399995803833,14.739999771118164,27026,0.0,0.0,0.0
2024-03-14 13:30:00-04:00,14.760000228881836,14.90999984741211,14.722800254821777,14.789999961853027,21096,0.0,0.0,0.0
2024-03-14 14:30:00-04:00,14.774999618530273,14.800000190734863,14.529999732971191,14.569999694824219,89316,0.0,0.0,0.0
2024-03-14 15:30:00-04:00,14.569999694824219,14.8100004196167,14.430000305175781,14.8100004196167,29116,0.0,0.0,0.0
2024-03-15 09:30:00-04:00,14.331299781799316,15.200699806213379,14.25,15.09000015258789,121558,0.0,0.0,0.0
2024-03-15 10:30:00-04:00,15.179900169372559,15.449999809265137,15.100000381469727,15.364999771118164,22403,0.0,0.0,0.0
2024-03-15 11:30:00-04:00,15.385000228881836,15.407999992370605,15.119999885559082,15.210000038146973,19209,0.0,0.0,0.0
2024-03-15 12:30:00-04:00,15.239999771118164,15.315699577331543,15.045100212097168,15.279999732971191,28512,0.0,0.0,0.0
2024-03-15 13:30:00-04:00,15.289999961853027,15.625,15.289999961853027,15.619999885559082,18225,0.0,0.0,0.0
2024-03-15 14:30:00-04:00,15.699999809265137,15.970000267028809,15.670000076293945,15.880000114440918,102839,0.0,0.0,0.0
2024-03-15 15:30:00-04:00,15.741900444030762,15.8100004196167,15.640000343322754,15.75,126876,0.0,0.0,0.0
2024-03-18 09:30:00-04:00,15.760000228881836,15.779999732971191,15.09000015258789,15.579999923706055,89044,0.0,0.0,0.0
2024-03-18 10:30:00-04:00,15.505999565124512,15.770000457763672,15.420000076293945,15.770000457763672,24700,0.0,0.0,0.0
2024-03-18 11:30:00-04:00,15.800000190734863,16.229999542236328,15.800000190734863,16.126300811767578,79831,0.0,0.0,0.0
2024-03-18 12:30:00-04:00,16.090099334716797,16.090099334716797,15.367600440979004,15.569999694824219,13998,0.0,0.0,0.0
2024-03-18 13:30:00-04:00,15.539999961853027,15.890000343322754,15.539999961853027,15.8100004196167,23192,0.0,0.0,0.0
2024-03-18 14:30:00-04:00,15.880000114440918,15.880000114440918,15.673100471496582,15.821900367736816,6516,0.0,0.0,0.0
2024-03-18 15:30:00-04:00,15.776000022888184,15.850000381469727,15.670000076293945,15.699999809265137,9429,0.0,0.0,0.0
2024-03-19 09:30:00-04:00,15.15999984741211,15.369999885559082,14.319999694824219,14.430000305175781,149945,0.0,0.0,0.0
2024-03-19 10:30:00-04:00,14.411299705505371,14.773900032043457,14.411299705505371,14.773900032043457,40368,0.0,0.0,0.0
2024-03-19 11:30:00-04:00,14.779999732971191,15.760000228881836,14.779999732971191,15.244999885559082,25512,0.0,0.0,0.0
2024-03-19 12:30:00-04:00,15.229999542236328,15.550000190734863,15.229999542236328,15.492300033569336,14206,0.0,0.0,0.0
2024-03-19 13:30:00-04:00,15.470000267028809,15.470000267028809,15.227999687194824,15.270099639892578,41034,0.0,0.0,0.0
2024-03-19 14:30:00-04:00,15.420000076293945,15.420000076293945,15.25,15.359999656677246,7042,0.0,0.0,0.0
2024-03-19 15:30:00-04:00,15.28499984741211,15.449999809265137,15.270000457763672,15.359999656677246,32428,0.0,0.0,0.0
2024-03-20 09:30:00-04:00,15.449999809265137,16.490699768066406,15.250100135803223,16.490699768066406,59880,0.0,0.0,0.0
2024-03-20 10:30:00-04:00,16.451499938964844,16.79840087890625,16.201099395751953,16.569900512695312,48412,0.0,0.0,0.0
2024-03-20 11:30:00-04:00,16.440000534057617,16.860000610351562,16.349700927734375,16.479999542236328,48119,0.0,0.0,0.0
2024-03-20 12:30:00-04:00,16.329999923706055,16.700000762939453,16.315000534057617,16.6299991607666,74447,0.0,0.0,0.0
2024-03-20 13:30:00-04:00,16.639999389648438,17.15999984741211,16.59000015258789,17.110000610351562,89624,0.0,0.0,0.0
2024-03-20 14:30:00-04:00,17.139999389648438,17.709999084472656,16.8700008392334,17.700000762939453,128791,0.0,0.0,0.0
2024-03-20 15:30:00-04:00,17.719999313354492,17.84000015258789,17.650999069213867,17.829999923706055,75056,0.0,0.0,0.0
2024-03-21 09:30:00-04:00,18.06999969482422,18.350000381469727,17.649999618530273,18.020000457763672,150959,0.0,0.0,0.0
2024-03-21 10:30:00-04:00,17.969999313354492,18.219999313354492,17.56999969482422,17.90999984741211,62081,0.0,0.0,0.0
2024-03-21 11:30:00-04:00,17.93000030517578,17.959999084472656,17.56999969482422,17.82670021057129,14753,0.0,0.0,0.0
2024-03-21 12:30:00-04:00,17.959999084472656,18.1200008392334,17.82990074157715,18.03820037841797,11216,0.0,0.0,0.0
2024-03-21 13:30:00-04:00,17.968900680541992,18.09000015258789,17.434999465942383,17.67340087890625,67184,0.0,0.0,0.0
2024-03-21 14:30:00-04:00,17.75,17.868200302124023,17.65999984741211,17.790000915527344,22363,0.0,0.0,0.0
2024-03-21 15:30:00-04:00,17.86590003967285,17.899999618530273,17.760000228881836,17.829999923706055,11031,0.0,0.0,0.0
2024-03-22 09:30:00-04:00,17.350000381469727,17.350000381469727,16.709999084472656,16.709999084472656,125407,0.0,0.0,0.0
2024-03-22 10:30:00-04:00,16.829999923706055,17.06999969482422,16.639999389648438,17.06999969482422,69244,0.0,0.0,0.0
2024-03-22 11:30:00-04:00,17.100000381469727,17.25,17.010000228881836,17.06999969482422,20450,0.0,0.0,0.0
2024-03-22 12:30:00-04:00,16.983999252319336,17.185800552368164,16.983999252319336,17.06999969482422,15232,0.0,0.0,0.0
2024-03-22 13:30:00-04:00,17.139999389648438,17.239999771118164,17.040000915527344,17.09000015258789,23725,0.0,0.0,0.0
2024-03-22 14:30:00-04:00,17.084999084472656,17.149999618530273,16.940000534057617,17.010000228881836,66613,0.0,0.0,0.0
2024-03-22 15:30:00-04:00,17.049999237060547,17.190000534057617,17.049999237060547,17.049999237060547,26699,0.0,0.0,0.0
2024-03-25 09:30:00-04:00,17.5,18.68000030517578,17.5,18.520000457763672,199269,0.0,0.0,0.0
2024-03-25 10:30:00-04:00,18.440000534057617,18.747499465942383,18.11870002746582,18.354999542236328,45589,0.0,0.0,0.0
2024-03-25 11:30:00-04:00,18.25,18.665800094604492,18.15999984741211,18.343900680541992,38743,0.0,0.0,0.0
2024-03-25 12:30:00-04:00,18.350000381469727,18.809999465942383,18.272300720214844,18.765499114990234,33322,0.0,0.0,0.0
2024-03-25 13:30:00-04:00,18.770000457763672,18.95989990234375,18.600000381469727,18.860000610351562,51262,0.0,0.0,0.0
2024-03-25 14:30:00-04:00,18.799999237060547,18.799999237060547,18.390600204467773,18.520000457763672,27037,0.0,0.0,0.0
2024-03-25 15:30:00-04:00,18.56999969482422,18.6299991607666,18.510000228881836,18.530000686645508,16539,0.0,0.0,0.0
2024-03-26 09:30:00-04:00,18.540000915527344,18.540000915527344,17.920000076293945,18.059999465942383,102067,0.0,0.0,0.0
2024-03-26 10:30:00-04:00,17.950000762939453,18.729999542236328,17.932600021362305,18.697500228881836,90022,0.0,0.0,0.0
2024-03-26 11:30:00-04:00,18.709999084472656,18.809999465942383,18.56839942932129,18.590099334716797,76536,0.0,0.0,0.0
2024-03-26 12:30:00-04:00,18.75,18.770000457763672,18.389999389648438,18.489999771118164,10540,0.0,0.0,0.0
2024-03-26 13:30:00-04:00,18.610000610351562,18.610000610351562,18.485000610351562,18.510000228881836,21998,0.0,0.0,0.0
2024-03-26 14:30:00-04:00,18.5049991607666,18.6200008392334,18.395000457763672,18.399999618530273,9930,0.0,0.0,0.0
2024-03-26 15:30:00-04:00,18.367599487304688,18.3700008392334,18.184999465942383,18.200000762939453,23736,0.0,0.0,0.0
2024-03-27 09:30:00-04:00,18.75,18.899900436401367,17.775999069213867,18.22319984436035,197523,0.0,0.0,0.0
2024-03-27 10:30:00-04:00,18.449800491333008,18.649999618530273,18.309999465942383,18.395000457763672,25887,0.0,0.0,0.0
2024-03-27 11:30:00-04:00,18.285999298095703,18.40999984741211,18.219999313354492,18.260000228881836,29996,0.0,0.0,0.0
2024-03-27 12:30:00-04:00,18.385700225830078,18.760000228881836,18.385700225830078,18.670000076293945,38112,0.0,0.0,0.0
2024-03-27 13:30:00-04:00,18.722000122070312,18.729999542236328,18.540000915527344,18.729999542236328,12698,0.0,0.0,0.0
2024-03-27 14:30:00-04:00,18.678699493408203,18.729999542236328,18.399999618530273,18.424999237060547,14823,0.0,0.0,0.0
2024-03-27 15:30:00-04:00,18.399999618530273,18.450000762939453,18.34000015258789,18.399999618530273,4938,0.0,0.0,0.0
2024-03-28 09:30:00-04:00,18.56999969482422,19.3799991607666,18.53260040283203,19.329999923706055,100078,0.0,0.0,0.0
2024-03-28 10:30:00-04:00,19.360000610351562,19.670000076293945,18.864999771118164,19.009899139404297,153596,0.0,0.0,0.0
2024-03-28 11:30:00-04:00,18.9950008392334,19.100000381469727,18.6200008392334,18.844999313354492,34104,0.0,0.0,0.0
2024-03-28 12:30:00-04:00,18.703399658203125,18.703399658203125,18.270000457763672,18.270000457763672,45335,0.0,0.0,0.0
2024-03-28 13:30:00-04:00,18.37660026550293,18.511699676513672,18.309999465942383,18.420000076293945,26013,0.0,0.0,0.0
2024-03-28 14:30:00-04:00,18.469999313354492,18.47800064086914,18.1200008392334,18.170000076293945,58010,0.0,0.0,0.0
2024-03-28 15:30:00-04:00,18.149999618530273,18.316499710083008,18.149999618530273,18.260000228881836,14101,0.0,0.0,0.0
2024-04-01 09:30:00-04:00,17.940000534057617,18.440000534057617,17.399999618530273,17.77750015258789,87426,0.0,0.0,0.0
2024-04-01 10:30:00-04:00,17.739999771118164,17.770000457763672,17.290000915527344,17.610000610351562,84982,0.0,0.0,0.0
2024-04-01 11:30:00-04:00,17.565000534057617,17.84000015258789,17.510099411010742,17.809999465942383,10435,0.0,0.0,0.0
2024-04-01 12:30:00-04:00,17.774999618530273,17.829999923706055,17.56999969482422,17.56999969482422,13633,0.0,0.0,0.0
2024-04-01 13:30:00-04:00,17.606700897216797,17.819900512695312,17.59000015258789,17.72010040283203,5776,0.0,0.0,0.0
2024-04-01 14:30:00-04:00,17.84000015258789,17.8799991607666,17.729999542236328,17.82270050048828,15601,0.0,0.0,0.0
2024-04-01 15:30:00-04:00,17.850000381469727,17.864999771118164,17.729999542236328,17.799999237060547,93841,0.0,0.0,0.0
2024-04-02 09:30:00-04:00,16.520000457763672,16.670000076293945,16.06999969482422,16.491500854492188,216477,0.0,0.0,0.0
2024-04-02 10:30:00-04:00,16.527799606323242,16.63680076599121,16.40999984741211,16.450000762939453,32189,0.0,0.0,0.0
2024-04-02 11:30:00-04:00,16.417999267578125,16.417999267578125,16.150100708007812,16.190000534057617,23669,0.0,0.0,0.0
2024-04-02 12:30:00-04:00,16.190000534057617,16.3700008392334,16.139999389648438,16.200000762939453,79102,0.0,0.0,0.0
2024-04-02 13:30:00-04:00,16.187700271606445,16.299999237060547,16.1299991607666,16.2450008392334,0,0.0,0.0,0.0
2024-04-02 14:30:00-04:00,16.2450008392334,16.317399978637695,16.170000076293945,16.209999084472656,35314,0.0,0.0,0.0
2024-04-02 15:30:00-04:00,16.216899871826172,16.385099411010742,16.216899871826172,16.3799991607666,13090,0.0,0.0,0.0
2024-04-03 09:30:00-04:00,16.360000610351562,16.72249984741211,16.06999969482422,16.6200008392334,63631,0.0,0.0,0.0
2024-04-03 10:30:00-04:00,16.549999237060547,16.61989974975586,16.360000610351562,16.360000610351562,14936,0.0,0.0,0.0
2024-04-03 11:30:00-04:00,16.31999969482422,16.579999923706055,16.270000457763672,16.579999923706055,54409,0.0,0.0,0.0
2024-04-03 12:30:00-04:00,16.577899932861328,16.6200008392334,16.430099487304688,16.59000015258789,24718,0.0,0.0,0.0
2024-04-03 13:30:00-04:00,16.600000381469727,16.60110092163086,16.454999923706055,16.459299087524414,9043,0.0,0.0,0.0
2024-04-03 14:30:00-04:00,16.43000030517578,16.440000534057617,16.209999084472656,16.209999084472656,63581,0.0,0.0,0.0
2024-04-03 15:30:00-04:00,16.209999084472656,16.229999542236328,16.139999389648438,16.18000030517578,72132,0.0,0.0,0.0
2024-04-04 09:30:00-04:00,16.68000030517578,17.149999618530273,16.639999389648438,16.90999984741211,82235,0.0,0.0,0.0
2024-04-04 10:30:00-04:00,16.8700008392334,17.0,16.354999542236328,16.424999237060547,50366,0.0,0.0,0.0
2024-04-04 11:30:00-04:00,16.709999084472656,16.809900283813477,16.594999313354492,16.739999771118164,14496,0.0,0.0,0.0
2024-04-04 12:30:00-04:00,16.790000915527344,16.799999237060547,16.469999313354492,16.520000457763672,16981,0.0,0.0,0.0
2024-04-04 13:30:00-04:00,16.559999465942383,16.75,16.389999389648438,16.389999389648438,22831,0.0,0.0,0.0
2024-04-04 14:30:00-04:00,16.329999923706055,16.3700008392334,15.9399995803833,15.970000267028809,76808,0.0,0.0,0.0
2024-04-04 15:30:00-04:00,15.979999542236328,16.040000915527344,15.920000076293945,15.970000267028809,12002,0.0,0.0,0.0
2024-04-05 09:30:00-04:00,15.75,16.06999969482422,15.489999771118164,15.920000076293945,103918,0.0,0.0,0.0
2024-04-05 10:30:00-04:00,15.913700103759766,16.190000534057617,15.829999923706055,15.88379955291748,31706,0.0,0.0,0.0
2024-04-05 11:30:00-04:00,15.969900131225586,16.049999237060547,15.969900131225586,16.049999237060547,5016,0.0,0.0,0.0
2024-04-05 12:30:00-04:00,15.979999542236328,16.042600631713867,15.909899711608887,15.997200012207031,13261,0.0,0.0,0.0
2024-04-05 13:30:00-04:00,16.01930046081543,16.01930046081543,15.779999732971191,15.779999732971191,13001,0.0,0.0,0.0
2024-04-05 14:30:00-04:00,15.819999694824219,15.839900016784668,15.739999771118164,15.75,11874,0.0,0.0,0.0
2024-04-05 15:30:00-04:00,15.800000190734863,15.82450008392334,15.65999984741211,15.65999984741211,10922,0.0,0.0,0.0
2024-04-08 09:30:00-04:00,16.6299991607666,16.920000076293945,15.350000381469727,15.391599655151367,89950,0.0,0.0,0.0
2024-04-08 10:30:00-04:00,15.449999809265137,15.848699569702148,15.425000190734863,15.710000038146973,64135,0.0,0.0,0.0
2024-04-08 11:30:00-04:00,15.720000267028809,15.859999656677246,15.670000076293945,15.829999923706055,24473,0.0,0.0,0.0
2024-04-08 12:30:00-04:00,15.75,15.868900299072266,15.75,15.819999694824219,9726,0.0,0.0,0.0
2024-04-08 13:30:00-04:00,15.619999885559082,15.710000038146973,15.569999694824219,15.65999984741211,29568,0.0,0.0,0.0
2024-04-08 14:30:00-04:00,15.669899940490723,15.699999809265137,15.45009994506836,15.5,18119,0.0,0.0,0.0
2024-04-08 15:30:00-04:00,15.491399765014648,15.640000343322754,15.491399765014648,15.600099563598633,27381,0.0,0.0,0.0
2024-04-09 09:30:00-04:00,15.600000381469727,15.637399673461914,15.329999923706055,15.329999923706055,118297,0.0,0.0,0.0
2024-04-09 10:30:00-04:00,15.25,15.279999732971191,15.06190013885498,15.260000228881836,26589,0.0,0.0,0.0
2024-04-09 11:30:00-04:00,15.079899787902832,15.3100004196167,15.020000457763672,15.300000190734863,12952,0.0,0.0,0.0
2024-04-09 12:30:00-04:00,15.300000190734863,15.300000190734863,15.061300277709961,15.204999923706055,7245,0.0,0.0,0.0
2024-04-09 13:30:00-04:00,15.229900360107422,15.3149995803833,15.119999885559082,15.3149995803833,6818,0.0,0.0,0.0
2024-04-09 14:30:00-04:00,15.223299980163574,15.224800109863281,15.050000190734863,15.069999694824219,17211,0.0,0.0,0.0
2024-04-09 15:30:00-04:00,15.149999618530273,15.170000076293945,15.119999885559082,15.119999885559082,10345,0.0,0.0,0.0
2024-04-10 09:30:00-04:00,14.800000190734863,15.317399978637695,14.649999618530273,15.279999732971191,81745,0.0,0.0,0.0
2024-04-10 10:30:00-04:00,15.37559986114502,15.37559986114502,15.062800407409668,15.100000381469727,10638,0.0,0.0,0.0
2024-04-10 11:30:00-04:00,14.989999771118164,15.039999961853027,14.944899559020996,15.039999961853027,22551,0.0,0.0,0.0
2024-04-10 12:30:00-04:00,15.120100021362305,15.229999542236328,15.003499984741211,15.208900451660156,18253,0.0,0.0,0.0
2024-04-10 13:30:00-04:00,15.135000228881836,15.135000228881836,14.960000038146973,14.960000038146973,9240,0.0,0.0,0.0
2024-04-10 14:30:00-04:00,14.890000343322754,15.170000076293945,14.789999961853027,14.949999809265137,14464,0.0,0.0,0.0
2024-04-10 15:30:00-04:00,14.919899940490723,14.970000267028809,14.833700180053711,14.90999984741211,14129,0.0,0.0,0.0
2024-04-11 09:30:00-04:00,14.979999542236328,15.039999961853027,14.680000305175781,14.750100135803223,82287,0.0,0.0,0.0
2024-04-11 10:30:00-04:00,14.76550006866455,14.819999694824219,14.432299613952637,14.484700202941895,54097,0.0,0.0,0.0
2024-04-11 11:30:00-04:00,14.571200370788574,14.823699951171875,14.550000190734863,14.680000305175781,8838,0.0,0.0,0.0
2024-04-11 12:30:00-04:00,14.699199676513672,14.960000038146973,14.670000076293945,14.960000038146973,26869,0.0,0.0,0.0
2024-04-11 13:30:00-04:00,14.920000076293945,14.946999549865723,14.840999603271484,14.9399995803833,5474,0.0,0.0,0.0
2024-04-11 14:30:00-04:00,14.975000381469727,14.989899635314941,14.800000190734863,14.882200241088867,22426,0.0,0.0,0.0
2024-04-11 15:30:00-04:00,14.930000305175781,15.039999961853027,14.890000343322754,14.979999542236328,12594,0.0,0.0,0.0
2024-04-12 09:30:00-04:00,14.770000457763672,14.90999984741211,14.380000114440918,14.4399995803833,196933,0.0,0.0,0.0
2024-04-12 10:30:00-04:00,14.449999809265137,14.640000343322754,14.430000305175781,14.579999923706055,38502,0.0,0.0,0.0
2024-04-12 11:30:00-04:00,14.550000190734863,14.550000190734863,14.399999618530273,14.40999984741211,9010,0.0,0.0,0.0
2024-04-12 12:30:00-04:00,14.430000305175781,14.430000305175781,14.079999923706055,14.119999885559082,18595,0.0,0.0,0.0
2024-04-12 13:30:00-04:00,14.119999885559082,14.229999542236328,14.079700469970703,14.100000381469727,36485,0.0,0.0,0.0
2024-04-12 14:30:00-04:00,14.050000190734863,14.09000015258789,13.90999984741211,14.052000045776367,31953,0.0,0.0,0.0
2024-04-12 15:30:00-04:00,14.079899787902832,14.140000343322754,14.039999961853027,14.0600004196167,37168,0.0,0.0,0.0
2024-04-15 09:30:00-04:00,14.130000114440918,14.279999732971191,13.850000381469727,13.851900100708008,57877,0.0,0.0,0.0
2024-04-15 10:30:00-04:00,13.930000305175781,13.979999542236328,13.734999656677246,13.855500221252441,20175,0.0,0.0,0.0
2024-04-15 11:30:00-04:00,13.989899635314941,14.119999885559082,13.819999694824219,13.819999694824219,18328,0.0,0.0,0.0
2024-04-15 12:30:00-04:00,13.84000015258789,13.880000114440918,13.569999694824219,13.569999694824219,30523,0.0,0.0,0.0
2024-04-15 13:30:00-04:00,13.529999732971191,13.603699684143066,13.432000160217285,13.460000038146973,19535,0.0,0.0,0.0
2024-04-15 14:30:00-04:00,13.430100440979004,13.529999732971191,13.319999694824219,13.369999885559082,16463,0.0,0.0,0.0
2024-04-15 15:30:00-04:00,13.40999984741211,13.460000038146973,13.350000381469727,13.350000381469727,15242,0.0,0.0,0.0
2024-04-16 09:30:00-04:00,13.25,13.25,12.760100364685059,12.989999771118164,80874,0.0,0.0,0.0
2024-04-16 10:30:00-04:00,12.90999984741211,12.989999771118164,12.860600471496582,12.977499961853027,19041,0.0,0.0,0.0
2024-04-16 11:30:00-04:00,12.930000305175781,12.930000305175781,12.800000190734863,12.8149995803833,5064,0.0,0.0,0.0
2024-04-16 12:30:00-04:00,12.869999885559082,13.229999542236328,12.850000381469727,13.199999809265137,66257,0.0,0.0,0.0
2024-04-16 13:30:00-04:00,13.149999618530273,13.349900245666504,12.949999809265137,13.080100059509277,18906,0.0,0.0,0.0
2024-04-16 14:30:00-04:00,13.137299537658691,13.231200218200684,13.100000381469727,13.199999809265137,9401,0.0,0.0,0.0
2024-04-16 15:30:00-04:00,13.150300025939941,13.159899711608887,13.104100227355957,13.109999656677246,22541,0.0,0.0,0.0
2024-04-17 09:30:00-04:00,13.220000267028809,13.458200454711914,12.979999542236328,13.011199951171875,32111,0.0,0.0,0.0
2024-04-17 10:30:00-04:00,13.039999961853027,13.180000305175781,12.970000267028809,13.079999923706055,87450,0.0,0.0,0.0
2024-04-17 11:30:00-04:00,13.079999923706055,13.145000457763672,12.949999809265137,13.074999809265137,24331,0.0,0.0,0.0
2024-04-17 12:30:00-04:00,13.04010009765625,13.149999618530273,12.984999656677246,13.109999656677246,3574,0.0,0.0,0.0
2024-04-17 13:30:00-04:00,13.210000038146973,13.640000343322754,13.210000038146973,13.619999885559082,54662,0.0,0.0,0.0
2024-04-17 14:30:00-04:00,13.619999885559082,13.649299621582031,13.279999732971191,13.346599578857422,20726,0.0,0.0,0.0
2024-04-17 15:30:00-04:00,13.390000343322754,13.390000343322754,13.279999732971191,13.305000305175781,10484,0.0,0.0,0.0
2024-04-18 09:30:00-04:00,13.619999885559082,14.039999961853027,13.086600303649902,14.020000457763672,42720,0.0,0.0,0.0
2024-04-18 10:30:00-04:00,14.010000228881836,14.359999656677246,13.90999984741211,14.34000015258789,32138,0.0,0.0,0.0
2024-04-18 11:30:00-04:00,14.292499542236328,14.449999809265137,14.220000267028809,14.435500144958496,40631,0.0,0.0,0.0
2024-04-18 12:30:00-04:00,14.4350004196167,14.4399995803833,14.154999732971191,14.180000305175781,30773,0.0,0.0,0.0
2024-04-18 13:30:00-04:00,14.1850004196167,14.1850004196167,13.890000343322754,13.979999542236328,6508,0.0,0.0,0.0
2024-04-18 14:30:00-04:00,13.949999809265137,13.966500282287598,13.85200023651123,13.949999809265137,8602,0.0,0.0,0.0
2024-04-18 15:30:00-04:00,13.989999771118164,14.045100212097168,13.949999809265137,13.949999809265137,8662,0.0,0.0,0.0
2024-04-19 09:30:00-04:00,14.329999923706055,14.400099754333496,13.979999542236328,14.17650032043457,36931,0.0,0.0,0.0
2024-04-19 10:30:00-04:00,14.069999694824219,14.550000190734863,14.020000457763672,14.484999656677246,20504,0.0,0.0,0.0
2024-04-19 11:30:00-04:00,14.599900245666504,14.729999542236328,14.382699966430664,14.382699966430664,22459,0.0,0.0,0.0
2024-04-19 12:30:00-04:00,14.469099998474121,14.760000228881836,14.469099998474121,14.760000228881836,16177,0.0,0.0,0.0
2024-04-19 13:30:00-04:00,14.692399978637695,14.819999694824219,14.460000038146973,14.479999542236328,16017,0.0,0.0,0.0
2024-04-19 14:30:00-04:00,14.399999618530273,14.520000457763672,14.329999923706055,14.454999923706055,57819,0.0,0.0,0.0
2024-04-19 15:30:00-04:00,14.489999771118164,14.619999885559082,14.404999732971191,14.529999732971191,71777,0.0,0.0,0.0
2024-04-22 09:30:00-04:00,15.0,15.409899711608887,14.624600410461426,15.070099830627441,244615,0.0,0.0,0.0
2024-04-22 10:30:00-04:00,15.277899742126465,15.478599548339844,14.59000015258789,14.820099830627441,31180,0.0,0.0,0.0
2024-04-22 11:30:00-04:00,14.979999542236328,15.529999732971191,14.899999618530273,15.529999732971191,75700,0.0,0.0,0.0
2024-04-22 12:30:00-04:00,15.529999732971191,15.75,15.465100288391113,15.75,51233,0.0,0.0,0.0
2024-04-22 13:30:00-04:00,15.770000457763672,16.100000381469727,15.71049976348877,16.030000686645508,43366,0.0,0.0,0.0
2024-04-22 14:30:00-04:00,16.030000686645508,16.15999984741211,15.949999809265137,15.970000267028809,66589,0.0,0.0,0.0
2024-04-22 15:30:00-04:00,16.030000686645508,16.200000762939453,16.030000686645508,16.15999984741211,37303,0.0,0.0,0.0
2024-04-23 09:30:00-04:00,16.1200008392334,17.0,15.881999969482422,16.8700008392334,213747,0.0,0.0,0.0
2024-04-23 10:30:00-04:00,16.93000030517578,17.010000228881836,16.520000457763672,16.825000762939453,68099,0.0,0.0,0.0
2024-04-23 11:30:00-04:00,16.81999969482422,16.81999969482422,16.489900588989258,16.799999237060547,32298,0.0,0.0,0.0
2024-04-23 12:30:00-04:00,16.770000457763672,16.88990020751953,16.735000610351562,16.847999572753906,25963,0.0,0.0,0.0
2024-04-23 13:30:00-04:00,16.84000015258789,17.110000610351562,16.799999237060547,17.024999618530273,32708,0.0,0.0,0.0
2024-04-23 14:30:00-04:00,17.039899826049805,17.096099853515625,16.940000534057617,16.975000381469727,20668,0.0,0.0,0.0
2024-04-23 15:30:00-04:00,16.969999313354492,16.969999313354492,16.840099334716797,16.8799991607666,46417,0.0,0.0,0.0
2024-04-24 09:30:00-04:00,16.8799991607666,17.35409927368164,16.610000610351562,16.759599685668945,154692,0.0,0.0,0.0
2024-04-24 10:30:00-04:00,16.6299991607666,16.700000762939453,16.32469940185547,16.459999084472656,79286,0.0,0.0,0.0
2024-04-24 11:30:00-04:00,16.442100524902344,16.55500030517578,16.174699783325195,16.360000610351562,59083,0.0,0.0,0.0
2024-04-24 12:30:00-04:00,16.25,16.690000534057617,16.24799919128418,16.690000534057617,12624,0.0,0.0,0.0
2024-04-24 13:30:00-04:00,16.7450008392334,16.760000228881836,16.493200302124023,16.5,13111,0.0,0.0,0.0
2024-04-24 14:30:00-04:00,16.389999389648438,16.451200485229492,16.190000534057617,16.350000381469727,26013,0.0,0.0,0.0
2024-04-24 15:30:00-04:00,16.329999923706055,16.448200225830078,16.31999969482422,16.3700008392334,35514,0.0,0.0,0.0
2024-04-25 09:30:00-04:00,15.550000190734863,15.914999961853027,15.352100372314453,15.90999984741211,105946,0.0,0.0,0.0
2024-04-25 10:30:00-04:00,15.899999618530273,15.899999618530273,15.679900169372559,15.88290023803711,10940,0.0,0.0,0.0
2024-04-25 11:30:00-04:00,15.899999618530273,16.110000610351562,15.843999862670898,16.079999923706055,20859,0.0,0.0,0.0
2024-04-25 12:30:00-04:00,16.030000686645508,16.332000732421875,15.930100440979004,16.225200653076172,16102,0.0,0.0,0.0
2024-04-25 13:30:00-04:00,16.18000030517578,16.3799991607666,16.18000030517578,16.290000915527344,7066,0.0,0.0,0.0
2024-04-25 14:30:00-04:00,16.25,16.350000381469727,16.179100036621094,16.350000381469727,12697,0.0,0.0,0.0
2024-04-25 15:30:00-04:00,16.31999969482422,16.34000015258789,16.260000228881836,16.34000015258789,8184,0.0,0.0,0.0
2024-04-26 09:30:00-04:00,16.229999542236328,16.530000686645508,15.920000076293945,16.369600296020508,89252,0.0,0.0,0.0
2024-04-26 10:30:00-04:00,16.360000610351562,16.450000762939453,15.90999984741211,15.90999984741211,33455,0.0,0.0,0.0
2024-04-26 11:30:00-04:00,16.0,16.06999969482422,15.930000305175781,16.010000228881836,24926,0.0,0.0,0.0
2024-04-26 12:30:00-04:00,16.1299991607666,16.389999389648438,16.110000610351562,16.3700008392334,11794,0.0,0.0,0.0
2024-04-26 13:30:00-04:00,16.3700008392334,16.389999389648438,16.25,16.25,14145,0.0,0.0,0.0
2024-04-26 14:30:00-04:00,16.260000228881836,16.29759979248047,16.110000610351562,16.110000610351562,6936,0.0,0.0,0.0
2024-04-26 15:30:00-04:00,16.121000289916992,16.25,16.100000381469727,16.209999084472656,19887,0.0,0.0,0.0
2024-04-29 09:30:00-04:00,15.550200462341309,15.9399995803833,15.0600004196167,15.560099601745605,118074,0.0,0.0,0.0
2024-04-29 10:30:00-04:00,15.595000267028809,15.729999542236328,15.522000312805176,15.710000038146973,113306,0.0,0.0,0.0
2024-04-29 11:30:00-04:00,15.75,15.902000427246094,15.580100059509277,15.699999809265137,10007,0.0,0.0,0.0
2024-04-29 12:30:00-04:00,15.652600288391113,15.652600288391113,15.4399995803833,15.489999771118164,7477,0.0,0.0,0.0
2024-04-29 13:30:00-04:00,15.490099906921387,15.529999732971191,15.279999732971191,15.289999961853027,26635,0.0,0.0,0.0
2024-04-29 14:30:00-04:00,15.3149995803833,15.3149995803833,15.010000228881836,15.129899978637695,16053,0.0,0.0,0.0
2024-04-29 15:30:00-04:00,15.130000114440918,15.244799613952637,15.130000114440918,15.199999809265137,28720,0.0,0.0,0.0
2024-04-30 09:30:00-04:00,14.579999923706055,14.989999771118164,14.550000190734863,14.550000190734863,76532,0.0,0.0,0.0
2024-04-30 10:30:00-04:00,14.5,14.770000457763672,14.460000038146973,14.543700218200684,13241,0.0,0.0,0.0
2024-04-30 11:30:00-04:00,14.449999809265137,14.480400085449219,14.260000228881836,14.279999732971191,87892,0.0,0.0,0.0
2024-04-30 12:30:00-04:00,14.260000228881836,14.260000228881836,14.154999732971191,14.210000038146973,46847,0.0,0.0,0.0
2024-04-30 13:30:00-04:00,14.1899995803833,14.239999771118164,14.140000343322754,14.154999732971191,12041,0.0,0.0,0.0
2024-04-30 14:30:00-04:00,14.130000114440918,14.239999771118164,14.0600004196167,14.09000015258789,38868,0.0,0.0,0.0
2024-04-30 15:30:00-04:00,14.119999885559082,14.149999618530273,14.039999961853027,14.0649995803833,38734,0.0,0.0,0.0
2024-05-01 09:30:00-04:00,13.899999618530273,14.020000457763672,13.645000457763672,13.829999923706055,79133,0.0,0.0,0.0
2024-05-01 10:30:00-04:00,13.84000015258789,13.880000114440918,13.460000038146973,13.569999694824219,26512,0.0,0.0,0.0
2024-05-01 11:30:00-04:00,13.541799545288086,13.763699531555176,13.460000038146973,13.744999885559082,17794,0.0,0.0,0.0
2024-05-01 12:30:00-04:00,13.779999732971191,13.930000305175781,13.710000038146973,13.760000228881836,93807,0.0,0.0,0.0
2024-05-01 13:30:00-04:00,13.922599792480469,14.304900169372559,13.922599792480469,14.304900169372559,29064,0.0,0.0,0.0
2024-05-01 14:30:00-04:00,14.239999771118164,14.789999961853027,14.180000305175781,14.460000038146973,89418,0.0,0.0,0.0
2024-05-01 15:30:00-04:00,14.204999923706055,14.229999542236328,13.899999618530273,13.899999618530273,36882,0.0,0.0,0.0
2024-05-02 09:30:00-04:00,14.5,14.510000228881836,13.869999885559082,13.979999542236328,41600,0.0,0.0,0.0
2024-05-02 10:30:00-04:00,13.994999885559082,14.494999885559082,13.994999885559082,14.489999771118164,44430,0.0,0.0,0.0
2024-05-02 11:30:00-04:00,14.489999771118164,14.5,14.199999809265137,14.199999809265137,5700,0.0,0.0,0.0
2024-05-02 12:30:00-04:00,14.199999809265137,14.379899978637695,14.170000076293945,14.379899978637695,2815,0.0,0.0,0.0
2024-05-02 13:30:00-04:00,14.33080005645752,14.475000381469727,14.300000190734863,14.390000343322754,24408,0.0,0.0,0.0
2024-05-02 14:30:00-04:00,14.369999885559082,14.43809986114502,14.320099830627441,14.420000076293945,13987,0.0,0.0,0.0
2024-05-02 15:30:00-04:00,14.359999656677246,14.460000038146973,14.359999656677246,14.369999885559082,28005,0.0,0.0,0.0
2024-05-03 09:30:00-04:00,15.0,15.371299743652344,14.779999732971191,15.045000076293945,50531,0.0,0.0,0.0
2024-05-03 10:30:00-04:00,15.12600040435791,15.1899995803833,14.65999984741211,14.680000305175781,24921,0.0,0.0,0.0
2024-05-03 11:30:00-04:00,14.725000381469727,14.869999885559082,14.702300071716309,14.75,21342,0.0,0.0,0.0
2024-05-03 12:30:00-04:00,14.789999961853027,14.864999771118164,14.628800392150879,14.68239974975586,9730,0.0,0.0,0.0
2024-05-03 13:30:00-04:00,14.644399642944336,14.793000221252441,14.644399642944336,14.711099624633789,9087,0.0,0.0,0.0
2024-05-03 14:30:00-04:00,14.732999801635742,14.814000129699707,14.649999618530273,14.75,14885,0.0,0.0,0.0
2024-05-03 15:30:00-04:00,14.725000381469727,14.770000457763672,14.720000267028809,14.720000267028809,12170,0.0,0.0,0.0
2024-05-06 09:30:00-04:00,15.25,15.869999885559082,15.210000038146973,15.789999961853027,76860,0.0,0.0,0.0
2024-05-06 10:30:00-04:00,15.748900413513184,15.859999656677246,14.770000457763672,15.800000190734863,109288,0.0,0.0,0.0
2024-05-06 11:30:00-04:00,15.87660026550293,16.100000381469727,15.736499786376953,15.850000381469727,101734,0.0,0.0,0.0
2024-05-06 12:30:00-04:00,15.867500305175781,15.920000076293945,15.793399810791016,15.834199905395508,7566,0.0,0.0,0.0
2024-05-06 13:30:00-04:00,15.800000190734863,15.800000190734863,15.670000076293945,15.710000038146973,38904,0.0,0.0,0.0
2024-05-06 14:30:00-04:00,15.640000343322754,15.729999542236328,15.5600004196167,15.675000190734863,44706,0.0,0.0,0.0
2024-05-06 15:30:00-04:00,15.65999984741211,15.75,15.65999984741211,15.699999809265137,119906,0.0,0.0,0.0
2024-05-07 09:30:00-04:00,15.789999961853027,15.789999961853027,15.229999542236328,15.324999809265137,59373,0.0,0.0,0.0
2024-05-07 10:30:00-04:00,15.270000457763672,15.518400192260742,15.1899995803833,15.312299728393555,10250,0.0,0.0,0.0
2024-05-07 11:30:00-04:00,15.329999923706055,15.329999923706055,15.190699577331543,15.237600326538086,12225,0.0,0.0,0.0
2024-05-07 12:30:00-04:00,15.15999984741211,15.210000038146973,15.0,15.0,13632,0.0,0.0,0.0
2024-05-07 13:30:00-04:00,14.942700386047363,15.079999923706055,14.899999618530273,14.899999618530273,10172,0.0,0.0,0.0
2024-05-07 14:30:00-04:00,14.819999694824219,14.962900161743164,14.770000457763672,14.962900161743164,9915,0.0,0.0,0.0
2024-05-07 15:30:00-04:00,14.899999618530273,14.949999809265137,14.84000015258789,14.949999809265137,7516,0.0,0.0,0.0
2024-05-08 09:30:00-04:00,14.510000228881836,14.71310043334961,14.229999542236328,14.71310043334961,21937,0.0,0.0,0.0
2024-05-08 10:30:00-04:00,14.789999961853027,14.859999656677246,14.640000343322754,14.680000305175781,13508,0.0,0.0,0.0
2024-05-08 11:30:00-04:00,14.710000038146973,14.744999885559082,14.630000114440918,14.744999885559082,4629,0.0,0.0,0.0
2024-05-08 12:30:00-04:00,14.756999969482422,14.839400291442871,14.710000038146973,14.839400291442871,6069,0.0,0.0,0.0
2024-05-08 13:30:00-04:00,14.897600173950195,14.930000305175781,14.866700172424316,14.930000305175781,5384,0.0,0.0,0.0
2024-05-08 14:30:00-04:00,14.989999771118164,14.989999771118164,14.829999923706055,14.829999923706055,9713,0.0,0.0,0.0
2024-05-08 15:30:00-04:00,14.870100021362305,14.953900337219238,14.869999885559082,14.890000343322754,9226,0.0,0.0,0.0
2024-05-09 09:30:00-04:00,15.0,15.039999961853027,14.739999771118164,15.039999961853027,83697,0.0,0.0,0.0
2024-05-09 10:30:00-04:00,15.039999961853027,15.399999618530273,15.039999961853027,15.375,14640,0.0,0.0,0.0
2024-05-09 11:30:00-04:00,15.36620044708252,15.469900131225586,15.21500015258789,15.399999618530273,23182,0.0,0.0,0.0
2024-05-09 12:30:00-04:00,15.300000190734863,15.300000190734863,15.133500099182129,15.199999809265137,12376,0.0,0.0,0.0
2024-05-09 13:30:00-04:00,15.23799991607666,15.249899864196777,15.100000381469727,15.100000381469727,10689,0.0,0.0,0.0
2024-05-09 14:30:00-04:00,15.079999923706055,15.15999984741211,15.028499603271484,15.028499603271484,17484,0.0,0.0,0.0
2024-05-09 15:30:00-04:00,15.029999732971191,15.125,15.029999732971191,15.079999923706055,4716,0.0,0.0,0.0
2024-05-10 09:30:00-04:00,15.529999732971191,15.565999984741211,14.850000381469727,14.869999885559082,35698,0.0,0.0,0.0
2024-05-10 10:30:00-04:00,14.860699653625488,14.890000343322754,14.579999923706055,14.660099983215332,13064,0.0,0.0,0.0
2024-05-10 11:30:00-04:00,14.579999923706055,14.579999923706055,14.310099601745605,14.4399995803833,45970,0.0,0.0,0.0
2024-05-10 12:30:00-04:00,14.375,14.469900131225586,14.338000297546387,14.375,18840,0.0,0.0,0.0
2024-05-10 13:30:00-04:00,14.369999885559082,14.489899635314941,14.350000381469727,14.40999984741211,8932,0.0,0.0,0.0
2024-05-10 14:30:00-04:00,14.399999618530273,14.399999618530273,14.300000190734863,14.380000114440918,7799,0.0,0.0,0.0
2024-05-10 15:30:00-04:00,14.409799575805664,14.409899711608887,14.210000038146973,14.210000038146973,9291,0.0,0.0,0.0
2024-05-13 09:30:00-04:00,14.698200225830078,14.989999771118164,14.479999542236328,14.927499771118164,32586,0.0,0.0,0.0
2024-05-13 10:30:00-04:00,14.869999885559082,14.979999542236328,14.73009967803955,14.744999885559082,16071,0.0,0.0,0.0
2024-05-13 11:30:00-04:00,14.707500457763672,14.81779956817627,14.677499771118164,14.763299942016602,18254,0.0,0.0,0.0
2024-05-13 12:30:00-04:00,14.746399879455566,14.8100004196167,14.338500022888184,14.350000381469727,48577,0.0,0.0,0.0
2024-05-13 13:30:00-04:00,14.3100004196167,14.34000015258789,14.268500328063965,14.270000457763672,13043,0.0,0.0,0.0
2024-05-13 14:30:00-04:00,14.270000457763672,14.4399995803833,14.260000228881836,14.35990047454834,67213,0.0,0.0,0.0
2024-05-13 15:30:00-04:00,14.329999923706055,14.399999618530273,14.289999961853027,14.345000267028809,8279,0.0,0.0,0.0
2024-05-14 09:30:00-04:00,14.050100326538086,14.420000076293945,14.010000228881836,14.420000076293945,62383,0.0,0.0,0.0
2024-05-14 10:30:00-04:00,14.600000381469727,14.600000381469727,14.190099716186523,14.453900337219238,10738,0.0,0.0,0.0
2024-05-14 11:30:00-04:00,14.40999984741211,14.640000343322754,14.40999984741211,14.420000076293945,2998,0.0,0.0,0.0
2024-05-14 12:30:00-04:00,14.34000015258789,14.380000114440918,14.20989990234375,14.210000038146973,3949,0.0,0.0,0.0
2024-05-14 13:30:00-04:00,14.182600021362305,14.300000190734863,14.15369987487793,14.279999732971191,4660,0.0,0.0,0.0
2024-05-14 14:30:00-04:00,14.270000457763672,14.432299613952637,14.270000457763672,14.432299613952637,7819,0.0,0.0,0.0
2024-05-14 15:30:00-04:00,14.369999885559082,14.380000114440918,14.300000190734863,14.350000381469727,11365,0.0,0.0,0.0
2024-05-15 09:30:00-04:00,14.979999542236328,15.270000457763672,14.4399995803833,14.4399995803833,65395,0.0,0.0,0.0
2024-05-15 10:30:00-04:00,14.449999809265137,14.890000343322754,14.449999809265137,14.865099906921387,87952,0.0,0.0,0.0
2024-05-15 11:30:00-04:00,14.985699653625488,15.029999732971191,14.739999771118164,14.989999771118164,19959,0.0,0.0,0.0
2024-05-15 12:30:00-04:00,14.994999885559082,15.180000305175781,14.951299667358398,15.15999984741211,17244,0.0,0.0,0.0
2024-05-15 13:30:00-04:00,15.180000305175781,15.359999656677246,15.180000305175781,15.359999656677246,22677,0.0,0.0,0.0
2024-05-15 14:30:00-04:00,15.365699768066406,15.529999732971191,15.324000358581543,15.529999732971191,19526,0.0,0.0,0.0
2024-05-15 15:30:00-04:00,15.529999732971191,15.619000434875488,15.479999542236328,15.569999694824219,23123,0.0,0.0,0.0
2024-05-16 09:30:00-04:00,15.399999618530273,15.899999618530273,15.390000343322754,15.510000228881836,44436,0.0,0.0,0.0
2024-05-16 10:30:00-04:00,15.59000015258789,15.59000015258789,15.329999923706055,15.350000381469727,35305,0.0,0.0,0.0
2024-05-16 11:30:00-04:00,15.680000305175781,15.6899995803833,15.53499984741211,15.535499572753906,3693,0.0,0.0,0.0
2024-05-16 12:30:00-04:00,15.470000267028809,15.712300300598145,15.420000076293945,15.479999542236328,29597,0.0,0.0,0.0
2024-05-16 13:30:00-04:00,15.460000038146973,15.569999694824219,15.420100212097168,15.512499809265137,4241,0.0,0.0,0.0
2024-05-16 14:30:00-04:00,15.520000457763672,15.579999923706055,15.515000343322754,15.550000190734863,11788,0.0,0.0,0.0
2024-05-16 15:30:00-04:00,15.550000190734863,15.5649995803833,15.4399995803833,15.4399995803833,5529,0.0,0.0,0.0
2024-05-17 09:30:00-04:00,15.869999885559082,15.869999885559082,15.334099769592285,15.727499961853027,37906,0.0,0.0,0.0
2024-05-17 10:30:00-04:00,15.888999938964844,16.062299728393555,15.770000457763672,16.062299728393555,31751,0.0,0.0,0.0
2024-05-17 11:30:00-04:00,16.149799346923828,16.149999618530273,15.857600212097168,15.857600212097168,49946,0.0,0.0,0.0
2024-05-17 12:30:00-04:00,15.9399995803833,15.9399995803833,15.610099792480469,15.670000076293945,9970,0.0,0.0,0.0
2024-05-17 13:30:00-04:00,15.649900436401367,15.649900436401367,15.270000457763672,15.300000190734863,29437,0.0,0.0,0.0
2024-05-17 14:30:00-04:00,15.28499984741211,15.380000114440918,15.270099639892578,15.3100004196167,13951,0.0,0.0,0.0
2024-05-17 15:30:00-04:00,15.289999961853027,15.380000114440918,15.289999961853027,15.289999961853027,25529,0.0,0.0,0.0
2024-05-20 09:30:00-04:00,15.449999809265137,15.609999656677246,15.138899803161621,15.539899826049805,40226,0.0,0.0,0.0
2024-05-20 10:30:00-04:00,15.509900093078613,15.84000015258789,15.509900093078613,15.84000015258789,24706,0.0,0.0,0.0
2024-05-20 11:30:00-04:00,15.84000015258789,16.34830093383789,15.822099685668945,16.219999313354492,99215,0.0,0.0,0.0
2024-05-20 12:30:00-04:00,16.22010040283203,16.57990074157715,16.22010040283203,16.389999389648438,49432,0.0,0.0,0.0
2024-05-20 13:30:00-04:00,16.389999389648438,16.5,16.229999542236328,16.4335994720459,39680,0.0,0.0,0.0
2024-05-20 14:30:00-04:00,16.510000228881836,16.68899917602539,16.510000228881836,16.68000030517578,28159,0.0,0.0,0.0
2024-05-20 15:30:00-04:00,16.68000030517578,16.829999923706055,16.65999984741211,16.65999984741211,54358,0.0,0.0,0.0
2024-05-21 09:30:00-04:00,16.899999618530273,17.1200008392334,16.549999237060547,16.780000686645508,83101,0.0,0.0,0.0
2024-05-21 10:30:00-04:00,16.770000457763672,17.02989959716797,16.649999618530273,17.004199981689453,25065,0.0,0.0,0.0
2024-05-21 11:30:00-04:00,17.049400329589844,17.049400329589844,16.6200008392334,16.959999084472656,13937,0.0,0.0,0.0
2024-05-21 12:30:00-04:00,16.899999618530273,16.979999542236328,16.770099639892578,16.93000030517578,34790,0.0,0.0,0.0
2024-05-21 13:30:00-04:00,16.93899917602539,17.06999969482422,16.875,16.970500946044922,18086,0.0,0.0,0.0
2024-05-21 14:30:00-04:00,17.014799118041992,17.100000381469727,16.761600494384766,16.761600494384766,17809,0.0,0.0,0.0
2024-05-21 15:30:00-04:00,16.770000457763672,16.889999389648438,16.770000457763672,16.850000381469727,13371,0.0,0.0,0.0
2024-05-22 09:30:00-04:00,16.84000015258789,17.510000228881836,16.84000015258789,17.399999618530273,61086,0.0,0.0,0.0
2024-05-22 10:30:00-04:00,17.389999389648438,17.729999542236328,17.389999389648438,17.670000076293945,48812,0.0,0.0,0.0
2024-05-22 11:30:00-04:00,17.719999313354492,18.100000381469727,17.690000534057617,18.010000228881836,65674,0.0,0.0,0.0
2024-05-22 12:30:00-04:00,18.040000915527344,18.040000915527344,17.604999542236328,17.690000534057617,30873,0.0,0.0,0.0
2024-05-22 13:30:00-04:00,17.709999084472656,17.7450008392334,16.994300842285156,17.029800415039062,31078,0.0,0.0,0.0
2024-05-22 14:30:00-04:00,17.024999618530273,17.179899215698242,16.990100860595703,17.094999313354492,39185,0.0,0.0,0.0
2024-05-22 15:30:00-04:00,17.10070037841797,17.176799774169922,17.020000457763672,17.06999969482422,10795,0.0,0.0,0.0
2024-05-23 09:30:00-04:00,17.440000534057617,17.440000534057617,16.31999969482422,16.59000015258789,166852,0.0,0.0,0.0
2024-05-23 10:30:00-04:00,16.53499984741211,16.75,16.450000762939453,16.75,148124,0.0,0.0,0.0
2024-05-23 11:30:00-04:00,16.790000915527344,16.818899154663086,16.65999984741211,16.690000534057617,33642,0.0,0.0,0.0
2024-05-23 12:30:00-04:00,16.719999313354492,16.825000762939453,16.649999618530273,16.719999313354492,37972,0.0,0.0,0.0
2024-05-23 13:30:00-04:00,16.739999771118164,16.75,16.16510009765625,16.180999755859375,77937,0.0,0.0,0.0
2024-05-23 14:30:00-04:00,16.170000076293945,16.229999542236328,16.110000610351562,16.15999984741211,26553,0.0,0.0,0.0
2024-05-23 15:30:00-04:00,16.21430015563965,16.269899368286133,16.170000076293945,16.170000076293945,20903,0.0,0.0,0.0
2024-05-24 09:30:00-04:00,16.299999237060547,16.84000015258789,16.171300888061523,16.790000915527344,39139,0.0,0.0,0.0
2024-05-24 10:30:00-04:00,16.764999389648438,17.315000534057617,16.764999389648438,17.280000686645508,62218,0.0,0.0,0.0
2024-05-24 11:30:00-04:00,17.280000686645508,17.37779998779297,17.110000610351562,17.143699645996094,34516,0.0,0.0,0.0
2024-05-24 12:30:00-04:00,17.174999237060547,17.299999237060547,17.06999969482422,17.299999237060547,34868,0.0,0.0,0.0
2024-05-24 13:30:00-04:00,17.299999237060547,17.309999465942383,17.135000228881836,17.139999389648438,55181,0.0,0.0,0.0
2024-05-24 14:30:00-04:00,17.1200008392334,17.1299991607666,17.020000457763672,17.10409927368164,34851,0.0,0.0,0.0
2024-05-24 15:30:00-04:00,17.100000381469727,17.1299991607666,17.075000762939453,17.110000610351562,30761,0.0,0.0,0.0
2024-05-28 09:30:00-04:00,17.209999084472656,17.628799438476562,17.100000381469727,17.487699508666992,128797,0.0,0.0,0.0
2024-05-28 10:30:00-04:00,17.469999313354492,17.700000762939453,17.31999969482422,17.600000381469727,68869,0.0,0.0,0.0
2024-05-28 11:30:00-04:00,17.6299991607666,17.850000381469727,17.530000686645508,17.530000686645508,62070,0.0,0.0,0.0
2024-05-28 12:30:00-04:00,17.489999771118164,17.537500381469727,17.219999313354492,17.309999465942383,37038,0.0,0.0,0.0
2024-05-28 13:30:00-04:00,17.299999237060547,17.399999618530273,17.0,17.01300048828125,38641,0.0,0.0,0.0
2024-05-28 14:30:00-04:00,17.0,17.209999084472656,16.844999313354492,17.149999618530273,32039,0.0,0.0,0.0
2024-05-28 15:30:00-04:00,17.15999984741211,17.25819969177246,17.15999984741211,17.239999771118164,6254,0.0,0.0,0.0
2024-05-29 09:30:00-04:00,16.920000076293945,17.22960090637207,16.739999771118164,17.170000076293945,38967,0.0,0.0,0.0
2024-05-29 10:30:00-04:00,17.045900344848633,17.16990089416504,16.829999923706055,16.989999771118164,22313,0.0,0.0,0.0
2024-05-29 11:30:00-04:00,16.952499389648438,16.952499389648438,16.770000457763672,16.899999618530273,43219,0.0,0.0,0.0
2024-05-29 12:30:00-04:00,16.934999465942383,17.059999465942383,16.930099487304688,17.0,7242,0.0,0.0,0.0
2024-05-29 13:30:00-04:00,17.038400650024414,17.100000381469727,16.969999313354492,16.979900360107422,6102,0.0,0.0,0.0
2024-05-29 14:30:00-04:00,16.96969985961914,17.020000457763672,16.90999984741211,17.010000228881836,4340,0.0,0.0,0.0
2024-05-29 15:30:00-04:00,17.0,17.0,16.884599685668945,16.901100158691406,12682,0.0,0.0,0.0
2024-05-30 09:30:00-04:00,17.040000915527344,17.420000076293945,16.90999984741211,17.119300842285156,64003,0.0,0.0,0.0
2024-05-30 10:30:00-04:00,16.979999542236328,16.985000610351562,16.5,16.686599731445312,36089,0.0,0.0,0.0
2024-05-30 11:30:00-04:00,16.719999313354492,16.809900283813477,16.610000610351562,16.6200008392334,11015,0.0,0.0,0.0
2024-05-30 12:30:00-04:00,16.64069938659668,16.87929916381836,16.64069938659668,16.860000610351562,9234,0.0,0.0,0.0
2024-05-30 13:30:00-04:00,16.979999542236328,17.15999984741211,16.959999084472656,17.139999389648438,39475,0.0,0.0,0.0
2024-05-30 14:30:00-04:00,17.170000076293945,17.209999084472656,16.760000228881836,16.760000228881836,10031,0.0,0.0,0.0
2024-05-30 15:30:00-04:00,16.770000457763672,16.788000106811523,16.6200008392334,16.65999984741211,14074,0.0,0.0,0.0
2024-05-31 09:30:00-04:00,16.889999389648438,17.049999237060547,16.469999313354492,16.489999771118164,51548,0.0,0.0,0.0
2024-05-31 10:30:00-04:00,16.40019989013672,16.59000015258789,16.31999969482422,16.51420021057129,73553,0.0,0.0,0.0
2024-05-31 11:30:00-04:00,16.381099700927734,16.489999771118164,16.0,16.1200008392334,38557,0.0,0.0,0.0
2024-05-31 12:30:00-04:00,16.149999618530273,16.440000534057617,16.149999618530273,16.440000534057617,10780,0.0,0.0,0.0
2024-05-31 13:30:00-04:00,16.399999618530273,16.445999145507812,16.360000610351562,16.410400390625,3209,0.0,0.0,0.0
2024-05-31 14:30:00-04:00,16.40999984741211,16.40999984741211,16.299999237060547,16.31999969482422,3787,0.0,0.0,0.0
2024-05-31 15:30:00-04:00,16.280000686645508,16.5049991607666,16.272199630737305,16.459999084472656,9391,0.0,0.0,0.0
2024-06-03 09:30:00-04:00,17.1200008392334,17.64620018005371,17.020000457763672,17.18000030517578,103132,0.0,0.0,0.0
2024-06-03 10:30:00-04:00,17.149999618530273,17.149999618530273,16.84000015258789,16.989999771118164,70730,0.0,0.0,0.0
2024-06-03 11:30:00-04:00,16.950000762939453,17.145000457763672,16.649999618530273,16.739999771118164,37360,0.0,0.0,0.0
2024-06-03 12:30:00-04:00,16.700000762939453,16.739999771118164,16.469999313354492,16.56999969482422,32230,0.0,0.0,0.0
2024-06-03 13:30:00-04:00,16.65999984741211,16.670000076293945,16.530000686645508,16.600000381469727,7820,0.0,0.0,0.0
2024-06-03 14:30:00-04:00,16.6200008392334,16.6299991607666,16.47480010986328,16.489999771118164,13344,0.0,0.0,0.0
2024-06-03 15:30:00-04:00,16.469999313354492,16.55900001525879,16.450000762939453,16.540000915527344,9337,0.0,0.0,0.0
2024-06-04 09:30:00-04:00,17.1299991607666,17.5,17.030000686645508,17.34000015258789,143782,0.0,0.0,0.0
2024-06-04 10:30:00-04:00,17.299999237060547,17.5,17.1200008392334,17.399599075317383,31792,0.0,0.0,0.0
2024-06-04 11:30:00-04:00,17.420000076293945,18.049999237060547,17.325000762939453,18.049999237060547,133894,0.0,0.0,0.0
2024-06-04 12:30:00-04:00,18.030000686645508,18.25,17.89620018005371,18.15489959716797,62394,0.0,0.0,0.0
2024-06-04 13:30:00-04:00,18.15999984741211,18.43000030517578,18.05579948425293,18.3700008392334,64276,0.0,0.0,0.0
2024-06-04 14:30:00-04:00,18.389999389648438,18.45989990234375,18.114999771118164,18.1200008392334,70439,0.0,0.0,0.0
2024-06-04 15:30:00-04:00,18.079999923706055,18.108999252319336,17.959999084472656,18.0,95573,0.0,0.0,0.0
2024-06-05 09:30:00-04:00,18.43000030517578,18.450000762939453,17.6200008392334,18.030000686645508,108284,0.0,0.0,0.0
2024-06-05 10:30:00-04:00,18.049999237060547,18.109500885009766,17.790000915527344,17.985000610351562,50599,0.0,0.0,0.0
2024-06-05 11:30:00-04:00,18.020000457763672,18.190000534057617,17.920000076293945,18.085399627685547,60986,0.0,0.0,0.0
2024-06-05 12:30:00-04:00,18.1200008392334,18.34000015258789,18.049999237060547,18.31999969482422,17590,0.0,0.0,0.0
2024-06-05 13:30:00-04:00,18.329999923706055,18.5,18.310699462890625,18.440000534057617,22869,0.0,0.0,0.0
2024-06-05 14:30:00-04:00,18.39889907836914,18.469999313354492,18.25,18.398000717163086,34068,0.0,0.0,0.0
2024-06-05 15:30:00-04:00,18.399999618530273,18.6200008392334,18.395000457763672,18.56999969482422,28383,0.0,0.0,0.0
2024-06-06 09:30:00-04:00,18.6200008392334,19.18000030517578,18.489999771118164,19.139999389648438,252354,0.0,0.0,0.0
2024-06-06 10:30:00-04:00,19.135000228881836,19.620899200439453,19.03190040588379,19.620899200439453,90594,0.0,0.0,0.0
2024-06-06 11:30:00-04:00,19.610000610351562,19.739999771118164,19.235000610351562,19.360000610351562,66891,0.0,0.0,0.0
2024-06-06 12:30:00-04:00,19.221599578857422,19.58989906311035,19.07159996032715,19.58989906311035,110475,0.0,0.0,0.0
2024-06-06 13:30:00-04:00,19.566200256347656,19.765199661254883,19.530000686645508,19.59000015258789,84255,0.0,0.0,0.0
2024-06-06 14:30:00-04:00,19.610000610351562,19.739999771118164,19.520000457763672,19.610000610351562,42191,0.0,0.0,0.0
2024-06-06 15:30:00-04:00,19.6299991607666,19.670000076293945,19.40999984741211,19.440000534057617,53246,0.0,0.0,0.0
2024-06-07 09:30:00-04:00,19.479999542236328,20.249900817871094,19.43000030517578,20.030000686645508,193284,0.0,0.0,0.0
2024-06-07 10:30:00-04:00,20.187599182128906,20.458999633789062,20.0,20.1299991607666,101935,0.0,0.0,0.0
2024-06-07 11:30:00-04:00,20.184999465942383,20.259899139404297,19.86199951171875,20.239999771118164,72778,0.0,0.0,0.0
2024-06-07 12:30:00-04:00,20.31999969482422,20.31999969482422,19.34000015258789,19.34000015258789,74653,0.0,0.0,0.0
2024-06-07 13:30:00-04:00,19.34000015258789,19.420000076293945,18.710100173950195,18.969999313354492,115975,0.0,0.0,0.0
2024-06-07 14:30:00-04:00,18.975000381469727,19.170000076293945,18.81999969482422,18.96649932861328,28703,0.0,0.0,0.0
2024-06-07 15:30:00-04:00,18.96500015258789,19.020000457763672,18.8799991607666,18.90999984741211,22231,0.0,0.0,0.0
2024-06-10 09:30:00-04:00,18.709999084472656,19.3700008392334,18.549999237060547,19.25749969482422,79758,0.0,0.0,0.0
2024-06-10 10:30:00-04:00,19.31999969482422,19.360000610351562,19.024999618530273,19.149999618530273,17808,0.0,0.0,0.0
2024-06-10 11:30:00-04:00,19.096500396728516,19.175500869750977,18.985000610351562,18.985000610351562,62808,0.0,0.0,0.0
2024-06-10 12:30:00-04:00,19.0,19.239999771118164,19.0,19.136899948120117,16385,0.0,0.0,0.0
2024-06-10 13:30:00-04:00,19.110000610351562,19.278200149536133,19.104999542236328,19.139999389648438,7593,0.0,0.0,0.0
2024-06-10 14:30:00-04:00,19.12689971923828,19.15999984741211,19.06999969482422,19.15999984741211,8918,0.0,0.0,0.0
2024-06-10 15:30:00-04:00,19.16990089416504,19.16990089416504,19.01059913635254,19.040000915527344,17041,0.0,0.0,0.0
2024-06-11 09:30:00-04:00,18.219999313354492,18.5,17.790000915527344,18.44499969482422,131033,0.0,0.0,0.0
2024-06-11 10:30:00-04:00,18.479999542236328,18.825000762939453,18.4419002532959,18.680099487304688,33062,0.0,0.0,0.0
2024-06-11 11:30:00-04:00,18.649999618530273,18.719999313354492,18.3700008392334,18.719999313354492,67123,0.0,0.0,0.0
2024-06-11 12:30:00-04:00,18.75,19.200000762939453,18.709999084472656,19.059999465942383,27954,0.0,0.0,0.0
2024-06-11 13:30:00-04:00,19.149999618530273,19.59000015258789,19.080699920654297,19.4950008392334,20604,0.0,0.0,0.0
2024-06-11 14:30:00-04:00,19.510000228881836,19.739999771118164,19.469999313354492,19.690000534057617,54117,0.0,0.0,0.0
2024-06-11 15:30:00-04:00,19.68000030517578,19.967500686645508,19.68000030517578,19.93000030517578,60848,0.0,0.0,0.0
2024-06-12 09:30:00-04:00,20.75,21.329999923706055,20.6875,21.030000686645508,330345,0.0,0.0,0.0
2024-06-12 10:30:00-04:00,21.0,21.30500030517578,20.731300354003906,21.30500030517578,242957,0.0,0.0,0.0
2024-06-12 11:30:00-04:00,21.28499984741211,21.309999465942383,21.024999618530273,21.1299991607666,63961,0.0,0.0,0.0
2024-06-12 12:30:00-04:00,21.1299991607666,21.770000457763672,21.093599319458008,21.770000457763672,75565,0.0,0.0,0.0
2024-06-12 13:30:00-04:00,21.75,21.79669952392578,21.270099639892578,21.709999084472656,199243,0.0,0.0,0.0
2024-06-12 14:30:00-04:00,21.709999084472656,21.8799991607666,21.350000381469727,21.363000869750977,55142,0.0,0.0,0.0
2024-06-12 15:30:00-04:00,21.35409927368164,21.458200454711914,21.270000457763672,21.350000381469727,38372,0.0,0.0,0.0
2024-06-13 09:30:00-04:00,21.670000076293945,22.989999771118164,21.670000076293945,21.81999969482422,330809,0.0,0.0,0.0
2024-06-13 10:30:00-04:00,21.715299606323242,21.90999984741211,21.264999389648438,21.273399353027344,89506,0.0,0.0,0.0
2024-06-13 11:30:00-04:00,21.263900756835938,22.030000686645508,21.263900756835938,21.88990020751953,48613,0.0,0.0,0.0
2024-06-13 12:30:00-04:00,21.84000015258789,22.429899215698242,21.84000015258789,22.200000762939453,40738,0.0,0.0,0.0
2024-06-13 13:30:00-04:00,22.189899444580078,22.450000762939453,22.110000610351562,22.396900177001953,167802,0.0,0.0,0.0
2024-06-13 14:30:00-04:00,22.375099182128906,22.440000534057617,22.20009994506836,22.3799991607666,41922,0.0,0.0,0.0
2024-06-13 15:30:00-04:00,22.34000015258789,22.440000534057617,22.250600814819336,22.3799991607666,42381,0.0,0.0,0.0
2024-06-14 09:30:00-04:00,22.450000762939453,22.75,22.079999923706055,22.110000610351562,328446,0.0,0.0,0.0
2024-06-14 10:30:00-04:00,22.286699295043945,22.407499313354492,22.0,22.329999923706055,83109,0.0,0.0,0.0
2024-06-14 11:30:00-04:00,22.344999313354492,22.40999984741211,21.600000381469727,21.639999389648438,76898,0.0,0.0,0.0
2024-06-14 12:30:00-04:00,21.530000686645508,21.959999084472656,21.3799991607666,21.934999465942383,70495,0.0,0.0,0.0
2024-06-14 13:30:00-04:00,22.077199935913086,22.1299991607666,21.815000534057617,21.850000381469727,45704,0.0,0.0,0.0
2024-06-14 14:30:00-04:00,21.8799991607666,22.139999389648438,21.8799991607666,22.1299991607666,31755,0.0,0.0,0.0
2024-06-14 15:30:00-04:00,22.170000076293945,22.18000030517578,21.97480010986328,22.125,26844,0.0,0.0,0.0
2024-06-17 09:30:00-04:00,22.0,22.0,21.3700008392334,21.790000915527344,128266,0.0,0.0,0.0
2024-06-17 10:30:00-04:00,21.829999923706055,22.31999969482422,21.780000686645508,22.100000381469727,466130,0.0,0.0,0.0
2024-06-17 11:30:00-04:00,22.110000610351562,22.549999237060547,22.067699432373047,22.549999237060547,26258,0.0,0.0,0.0
2024-06-17 12:30:00-04:00,22.762500762939453,23.1200008392334,22.56999969482422,22.96500015258789,129674,0.0,0.0,0.0
2024-06-17 13:30:00-04:00,22.93000030517578,23.520000457763672,22.93000030517578,23.47909927368164,69521,0.0,0.0,0.0
2024-06-17 14:30:00-04:00,23.519899368286133,23.610000610351562,23.299999237060547,23.399999618530273,144106,0.0,0.0,0.0
2024-06-17 15:30:00-04:00,23.3700008392334,23.396099090576172,23.219999313354492,23.239999771118164,80673,0.0,0.0,0.0
2024-06-18 09:30:00-04:00,22.729999542236328,22.729999542236328,22.139999389648438,22.670000076293945,128593,0.0,0.0,0.0
2024-06-18 10:30:00-04:00,22.68790054321289,23.010000228881836,22.360000610351562,22.719999313354492,54960,0.0,0.0,0.0
2024-06-18 11:30:00-04:00,22.600000381469727,22.818099975585938,22.600000381469727,22.719999313354492,21962,0.0,0.0,0.0
2024-06-18 12:30:00-04:00,22.749900817871094,22.920000076293945,22.649999618530273,22.760000228881836,52665,0.0,0.0,0.0
2024-06-18 13:30:00-04:00,22.815000534057617,22.920000076293945,22.56999969482422,22.920000076293945,16648,0.0,0.0,0.0
2024-06-18 14:30:00-04:00,22.8799991607666,22.947900772094727,22.774999618530273,22.799999237060547,15904,0.0,0.0,0.0
2024-06-18 15:30:00-04:00,22.790000915527344,22.88990020751953,22.760000228881836,22.838699340820312,26064,0.0,0.0,0.0
2024-06-20 09:30:00-04:00,23.5,24.170000076293945,22.90999984741211,23.63479995727539,159885,0.0,0.0,0.0
2024-06-20 10:30:00-04:00,23.700000762939453,23.950000762939453,23.59000015258789,23.594999313354492,78448,0.0,0.0,0.0
2024-06-20 11:30:00-04:00,23.579999923706055,23.739999771118164,23.25,23.34000015258789,31022,0.0,0.0,0.0
2024-06-20 12:30:00-04:00,23.060100555419922,23.440000534057617,22.972400665283203,22.972400665283203,25244,0.0,0.0,0.0
2024-06-20 13:30:00-04:00,23.047500610351562,23.513200759887695,22.799999237060547,23.489999771118164,81619,0.0,0.0,0.0
2024-06-20 14:30:00-04:00,23.514999389648438,23.520000457763672,23.100000381469727,23.25,21710,0.0,0.0,0.0
2024-06-20 15:30:00-04:00,23.260000228881836,23.43000030517578,23.229999542236328,23.260000228881836,41782,0.0,0.0,0.0
2024-06-21 09:30:00-04:00,22.329999923706055,22.40850067138672,21.540000915527344,21.866899490356445,180182,0.0,0.0,0.0
2024-06-21 10:30:00-04:00,21.770000457763672,22.089799880981445,21.65999984741211,21.795000076293945,27887,0.0,0.0,0.0
2024-06-21 11:30:00-04:00,21.790000915527344,21.834999084472656,21.399999618530273,21.719999313354492,31403,0.0,0.0,0.0
2024-06-21 12:30:00-04:00,21.719999313354492,21.766199111938477,21.382999420166016,21.382999420166016,23034,0.0,0.0,0.0
2024-06-21 13:30:00-04:00,21.3700008392334,21.404399871826172,21.170000076293945,21.404399871826172,67945,0.0,0.0,0.0
2024-06-21 14:30:00-04:00,21.46769905090332,21.739999771118164,21.440000534057617,21.72010040283203,60495,0.0,0.0,0.0
2024-06-21 15:30:00-04:00,21.67099952697754,21.777999877929688,21.530099868774414,21.625,50708,0.0,0.0,0.0
2024-06-24 09:30:00-04:00,20.700000762939453,21.625999450683594,20.459999084472656,21.290000915527344,181911,0.0,0.0,0.0
2024-06-24 10:30:00-04:00,21.280000686645508,21.49799919128418,21.15999984741211,21.350000381469727,81130,0.0,0.0,0.0
2024-06-24 11:30:00-04:00,21.405000686645508,21.43000030517578,20.877500534057617,20.959999084472656,64055,0.0,0.0,0.0
2024-06-24 12:30:00-04:00,20.959999084472656,20.979900360107422,20.467300415039062,20.547000885009766,79288,0.0,0.0,0.0
2024-06-24 13:30:00-04:00,20.520000457763672,20.7549991607666,20.510000228881836,20.7549991607666,34465,0.0,0.0,0.0
2024-06-24 14:30:00-04:00,20.790000915527344,21.141300201416016,20.72010040283203,21.114999771118164,45340,0.0,0.0,0.0
2024-06-24 15:30:00-04:00,21.149999618530273,21.22089958190918,20.809999465942383,20.809999465942383,19472,0.0,0.0,0.0
2024-06-25 09:30:00-04:00,21.65999984741211,22.629899978637695,21.22450065612793,22.59000015258789,163171,0.0,0.0,0.0
2024-06-25 10:30:00-04:00,22.680299758911133,22.759700775146484,22.229999542236328,22.31999969482422,146584,0.0,0.0,0.0
2024-06-25 11:30:00-04:00,22.344999313354492,22.530000686645508,22.030000686645508,22.040000915527344,94515,0.0,0.0,0.0
2024-06-25 12:30:00-04:00,22.030000686645508,22.299999237060547,21.88129997253418,22.29960060119629,35768,0.0,0.0,0.0
2024-06-25 13:30:00-04:00,22.239999771118164,22.28219985961914,21.920000076293945,22.0137996673584,16391,0.0,0.0,0.0
2024-06-25 14:30:00-04:00,21.979999542236328,22.125,21.889999389648438,22.124500274658203,63707,0.0,0.0,0.0
2024-06-25 15:30:00-04:00,22.108400344848633,22.139999389648438,22.0049991607666,22.09000015258789,15934,0.0,0.0,0.0
2024-06-26 09:30:00-04:00,21.889999389648438,23.06999969482422,21.889999389648438,22.84000015258789,137007,0.0,0.0,0.0
2024-06-26 10:30:00-04:00,22.764999389648438,23.09000015258789,22.479999542236328,22.65999984741211,47694,0.0,0.0,0.0
2024-06-26 11:30:00-04:00,22.649999618530273,22.809999465942383,22.401100158691406,22.450000762939453,51985,0.0,0.0,0.0
2024-06-26 12:30:00-04:00,22.5,22.510000228881836,22.209999084472656,22.259899139404297,46106,0.0,0.0,0.0
2024-06-26 13:30:00-04:00,22.280000686645508,22.289899826049805,21.872299194335938,21.90999984741211,33076,0.0,0.0,0.0
2024-06-26 14:30:00-04:00,21.905000686645508,21.949899673461914,21.59000015258789,21.739999771118164,96908,0.0,0.0,0.0
2024-06-26 15:30:00-04:00,21.780000686645508,21.780000686645508,21.674999237060547,21.700000762939453,52280,0.0,0.0,0.0
2024-06-27 09:30:00-04:00,22.104999542236328,22.59000015258789,21.920000076293945,22.360000610351562,120068,0.0,0.0,0.0
2024-06-27 10:30:00-04:00,22.33289909362793,22.389999389648438,21.549999237060547,21.549999237060547,38678,0.0,0.0,0.0
2024-06-27 11:30:00-04:00,21.516199111938477,21.559999465942383,21.290000915527344,21.559999465942383,42401,0.0,0.0,0.0
2024-06-27 12:30:00-04:00,21.559999465942383,21.90999984741211,21.469999313354492,21.860000610351562,51237,0.0,0.0,0.0
2024-06-27 13:30:00-04:00,21.7810001373291,21.899999618530273,21.6299991607666,21.712499618530273,33284,0.0,0.0,0.0
2024-06-27 14:30:00-04:00,21.68400001525879,21.81800079345703,21.68400001525879,21.780000686645508,17292,0.0,0.0,0.0
2024-06-27 15:30:00-04:00,21.770000457763672,21.770000457763672,21.489999771118164,21.530000686645508,14138,0.0,0.0,0.0
2024-06-28 09:30:00-04:00,21.809999465942383,21.815000534057617,21.389999389648438,21.420000076293945,42788,0.0,0.0,0.0
2024-06-28 10:30:00-04:00,21.450000762939453,21.489999771118164,21.1299991607666,21.3700008392334,99623,0.0,0.0,0.0
2024-06-28 11:30:00-04:00,21.389999389648438,21.40999984741211,21.18000030517578,21.270000457763672,13939,0.0,0.0,0.0
2024-06-28 12:30:00-04:00,21.309999465942383,21.5,21.110000610351562,21.440000534057617,10950,0.0,0.0,0.0
2024-06-28 13:30:00-04:00,21.329999923706055,21.329999923706055,21.139999389648438,21.190000534057617,9131,0.0,0.0,0.0
2024-06-28 14:30:00-04:00,21.190000534057617,21.209999084472656,21.0,21.069900512695312,15332,0.0,0.0,0.0
2024-06-28 15:30:00-04:00,21.03689956665039,21.190000534057617,20.950000762939453,21.100000381469727,34504,0.0,0.0,0.0
