Datetime,Open,High,Low,Close,Volume,Dividends,Stock Splits,Capital Gains
2024-07-01 09:30:00-04:00,21.09000015258789,21.100000381469727,21.09000015258789,21.100000381469727,4387,0.0,0.0,0.0
2024-07-01 09:33:00-04:00,21.110000610351562,21.110000610351562,21.110000610351562,21.110000610351562,370,0.0,0.0,0.0
2024-07-01 09:37:00-04:00,21.079999923706055,21.079999923706055,21.079999923706055,21.079999923706055,470,0.0,0.0,0.0
2024-07-01 09:40:00-04:00,21.094999313354492,21.094999313354492,21.094999313354492,21.094999313354492,475,0.0,0.0,0.0
2024-07-01 09:41:00-04:00,21.09000015258789,21.09000015258789,21.09000015258789,21.09000015258789,219,0.0,0.0,0.0
2024-07-01 09:42:00-04:00,21.08009910583496,21.08009910583496,21.08009910583496,21.08009910583496,845,0.0,0.0,0.0
2024-07-01 09:43:00-04:00,21.08009910583496,21.08009910583496,21.08009910583496,21.08009910583496,1080,0.0,0.0,0.0
2024-07-01 09:46:00-04:00,21.079999923706055,21.079999923706055,21.079999923706055,21.079999923706055,504,0.0,0.0,0.0
2024-07-01 09:49:00-04:00,21.079999923706055,21.079999923706055,21.079999923706055,21.079999923706055,273,0.0,0.0,0.0
2024-07-01 10:00:00-04:00,21.09000015258789,21.09000015258789,21.09000015258789,21.09000015258789,704,0.0,0.0,0.0
2024-07-01 10:10:00-04:00,21.079999923706055,21.08009910583496,21.079999923706055,21.08009910583496,3063,0.0,0.0,0.0
2024-07-01 10:29:00-04:00,21.012699127197266,21.012699127197266,21.010000228881836,21.010000228881836,317,0.0,0.0,0.0
2024-07-01 10:32:00-04:00,21.039899826049805,21.039899826049805,21.039899826049805,21.039899826049805,1333,0.0,0.0,0.0
2024-07-01 10:35:00-04:00,21.020000457763672,21.020000457763672,21.020000457763672,21.020000457763672,605,0.0,0.0,0.0
2024-07-01 10:41:00-04:00,21.0,21.0,21.0,21.0,2260,0.0,0.0,0.0
2024-07-01 10:46:00-04:00,21.0,21.0,21.0,21.0,400,0.0,0.0,0.0
2024-07-01 10:47:00-04:00,21.0049991607666,21.0049991607666,21.0049991607666,21.0049991607666,423,0.0,0.0,0.0
2024-07-01 10:49:00-04:00,20.980300903320312,20.980300903320312,20.980300903320312,20.980300903320312,1388,0.0,0.0,0.0
2024-07-01 10:52:00-04:00,20.9822998046875,20.9822998046875,20.9822998046875,20.9822998046875,237,0.0,0.0,0.0
2024-07-01 10:54:00-04:00,20.959999084472656,20.959999084472656,20.959999084472656,20.959999084472656,581,0.0,0.0,0.0
2024-07-01 10:55:00-04:00,20.959999084472656,20.959999084472656,20.959999084472656,20.959999084472656,703,0.0,0.0,0.0
2024-07-01 11:02:00-04:00,20.93000030517578,20.93000030517578,20.93000030517578,20.93000030517578,328,0.0,0.0,0.0
2024-07-01 11:03:00-04:00,20.940000534057617,20.940000534057617,20.940000534057617,20.940000534057617,276,0.0,0.0,0.0
2024-07-01 11:04:00-04:00,20.940000534057617,20.940000534057617,20.940000534057617,20.940000534057617,287,0.0,0.0,0.0
2024-07-01 11:07:00-04:00,20.969999313354492,20.969999313354492,20.969999313354492,20.969999313354492,1350,0.0,0.0,0.0
2024-07-01 11:08:00-04:00,20.969999313354492,20.979999542236328,20.940000534057617,20.954999923706055,3033,0.0,0.0,0.0
2024-07-01 11:10:00-04:00,20.985000610351562,20.985000610351562,20.959999084472656,20.959999084472656,868,0.0,0.0,0.0
2024-07-01 11:11:00-04:00,20.959999084472656,20.959999084472656,20.959999084472656,20.959999084472656,176,0.0,0.0,0.0
2024-07-01 11:13:00-04:00,20.959999084472656,20.959999084472656,20.959999084472656,20.959999084472656,402,0.0,0.0,0.0
2024-07-01 11:27:00-04:00,20.960100173950195,20.960100173950195,20.960100173950195,20.960100173950195,474,0.0,0.0,0.0
2024-07-01 11:37:00-04:00,20.995899200439453,20.995899200439453,20.995899200439453,20.995899200439453,555,0.0,0.0,0.0
2024-07-01 11:42:00-04:00,21.010000228881836,21.010000228881836,21.010000228881836,21.010000228881836,173,0.0,0.0,0.0
2024-07-01 11:46:00-04:00,20.968000411987305,20.968000411987305,20.968000411987305,20.968000411987305,494,0.0,0.0,0.0
2024-07-01 11:49:00-04:00,20.975000381469727,20.975000381469727,20.975000381469727,20.975000381469727,505,0.0,0.0,0.0
2024-07-01 12:00:00-04:00,20.986000061035156,20.986000061035156,20.986000061035156,20.986000061035156,482,0.0,0.0,0.0
2024-07-01 12:08:00-04:00,20.95009994506836,20.95009994506836,20.95009994506836,20.95009994506836,255,0.0,0.0,0.0
2024-07-01 12:09:00-04:00,20.985000610351562,20.985000610351562,20.985000610351562,20.985000610351562,594,0.0,0.0,0.0
2024-07-01 12:21:00-04:00,21.0,21.0,21.0,21.0,1427,0.0,0.0,0.0
2024-07-01 12:34:00-04:00,20.99570083618164,20.99570083618164,20.99570083618164,20.99570083618164,1269,0.0,0.0,0.0
2024-07-01 12:39:00-04:00,20.989999771118164,20.989999771118164,20.989999771118164,20.989999771118164,1600,0.0,0.0,0.0
2024-07-01 12:40:00-04:00,20.989999771118164,20.989999771118164,20.969999313354492,20.973600387573242,1778,0.0,0.0,0.0
2024-07-01 12:43:00-04:00,21.0,21.0,21.0,21.0,2993,0.0,0.0,0.0
2024-07-01 12:46:00-04:00,20.99650001525879,20.99650001525879,20.99650001525879,20.99650001525879,1046,0.0,0.0,0.0
2024-07-01 12:54:00-04:00,20.997400283813477,20.997400283813477,20.997400283813477,20.997400283813477,146,0.0,0.0,0.0
2024-07-01 13:02:00-04:00,20.979999542236328,20.979999542236328,20.979999542236328,20.979999542236328,343,0.0,0.0,0.0
2024-07-01 13:06:00-04:00,20.969999313354492,20.969999313354492,20.969999313354492,20.969999313354492,242,0.0,0.0,0.0
2024-07-01 13:08:00-04:00,20.979999542236328,20.979999542236328,20.979999542236328,20.979999542236328,118,0.0,0.0,0.0
2024-07-01 13:09:00-04:00,20.979999542236328,20.979999542236328,20.979999542236328,20.979999542236328,499,0.0,0.0,0.0
2024-07-01 13:12:00-04:00,20.979999542236328,20.979999542236328,20.979999542236328,20.979999542236328,101,0.0,0.0,0.0
2024-07-01 13:14:00-04:00,20.969999313354492,20.969999313354492,20.969999313354492,20.969999313354492,268,0.0,0.0,0.0
2024-07-01 13:21:00-04:00,20.985000610351562,20.985000610351562,20.985000610351562,20.985000610351562,200,0.0,0.0,0.0
2024-07-01 13:22:00-04:00,20.970600128173828,20.970600128173828,20.970600128173828,20.970600128173828,291,0.0,0.0,0.0
2024-07-01 13:23:00-04:00,20.969999313354492,20.98419952392578,20.969999313354492,20.98419952392578,2243,0.0,0.0,0.0
2024-07-01 13:24:00-04:00,20.970500946044922,20.970500946044922,20.970500946044922,20.970500946044922,0,0.0,0.0,0.0
2024-07-01 13:25:00-04:00,20.969999313354492,20.969999313354492,20.969999313354492,20.969999313354492,219,0.0,0.0,0.0
2024-07-01 13:28:00-04:00,20.98040008544922,20.98040008544922,20.98040008544922,20.98040008544922,254,0.0,0.0,0.0
2024-07-01 13:31:00-04:00,20.989999771118164,20.989999771118164,20.989999771118164,20.989999771118164,143,0.0,0.0,0.0
2024-07-01 13:36:00-04:00,20.969999313354492,20.985000610351562,20.969999313354492,20.985000610351562,525,0.0,0.0,0.0
2024-07-01 13:39:00-04:00,20.992700576782227,20.992700576782227,20.969999313354492,20.969999313354492,4904,0.0,0.0,0.0
2024-07-01 13:42:00-04:00,20.980199813842773,20.980199813842773,20.980199813842773,20.980199813842773,0,0.0,0.0,0.0
2024-07-01 13:51:00-04:00,20.999900817871094,20.999900817871094,20.999900817871094,20.999900817871094,770,0.0,0.0,0.0
2024-07-01 13:53:00-04:00,20.969999313354492,20.980899810791016,20.969999313354492,20.980899810791016,502,0.0,0.0,0.0
2024-07-01 13:55:00-04:00,20.989900588989258,20.989900588989258,20.989900588989258,20.989900588989258,860,0.0,0.0,0.0
2024-07-01 14:00:00-04:00,20.959999084472656,20.959999084472656,20.959999084472656,20.959999084472656,0,0.0,0.0,0.0
2024-07-01 14:03:00-04:00,20.98740005493164,20.98740005493164,20.98740005493164,20.98740005493164,767,0.0,0.0,0.0
2024-07-01 14:07:00-04:00,20.969999313354492,20.969999313354492,20.969999313354492,20.969999313354492,200,0.0,0.0,0.0
2024-07-01 14:09:00-04:00,20.970500946044922,20.970500946044922,20.970500946044922,20.970500946044922,2205,0.0,0.0,0.0
2024-07-01 14:13:00-04:00,20.969999313354492,20.969999313354492,20.969999313354492,20.969999313354492,0,0.0,0.0,0.0
2024-07-01 14:18:00-04:00,20.969999313354492,20.97010040283203,20.969999313354492,20.97010040283203,1289,0.0,0.0,0.0
2024-07-01 14:19:00-04:00,20.969999313354492,20.969999313354492,20.969999313354492,20.969999313354492,0,0.0,0.0,0.0
2024-07-01 14:23:00-04:00,20.979299545288086,20.979299545288086,20.979299545288086,20.979299545288086,1900,0.0,0.0,0.0
2024-07-01 14:25:00-04:00,20.969999313354492,20.969999313354492,20.969999313354492,20.969999313354492,0,0.0,0.0,0.0
2024-07-01 14:26:00-04:00,20.979900360107422,20.979900360107422,20.979900360107422,20.979900360107422,263,0.0,0.0,0.0
2024-07-01 14:30:00-04:00,20.97100067138672,20.97100067138672,20.97100067138672,20.97100067138672,656,0.0,0.0,0.0
2024-07-01 14:35:00-04:00,20.97010040283203,20.97010040283203,20.97010040283203,20.97010040283203,1600,0.0,0.0,0.0
2024-07-01 14:36:00-04:00,20.969999313354492,20.969999313354492,20.969999313354492,20.969999313354492,0,0.0,0.0,0.0
2024-07-01 14:41:00-04:00,20.979999542236328,20.979999542236328,20.975000381469727,20.979999542236328,2200,0.0,0.0,0.0
2024-07-01 14:42:00-04:00,20.979900360107422,20.979900360107422,20.979900360107422,20.979900360107422,400,0.0,0.0,0.0
2024-07-01 14:43:00-04:00,20.979900360107422,20.985000610351562,20.979900360107422,20.985000610351562,1175,0.0,0.0,0.0
2024-07-01 14:46:00-04:00,20.999900817871094,20.999900817871094,20.999900817871094,20.999900817871094,207,0.0,0.0,0.0
2024-07-01 14:50:00-04:00,20.99690055847168,20.99690055847168,20.99690055847168,20.99690055847168,1341,0.0,0.0,0.0
2024-07-01 15:08:00-04:00,20.979999542236328,20.989999771118164,20.979999542236328,20.989999771118164,220,0.0,0.0,0.0
2024-07-01 15:11:00-04:00,20.999900817871094,20.999900817871094,20.979999542236328,20.979999542236328,892,0.0,0.0,0.0
2024-07-01 15:13:00-04:00,20.987499237060547,20.987499237060547,20.975000381469727,20.975000381469727,341,0.0,0.0,0.0
2024-07-01 15:15:00-04:00,20.99650001525879,20.99650001525879,20.979999542236328,20.979999542236328,1200,0.0,0.0,0.0
2024-07-01 15:18:00-04:00,20.98509979248047,20.98509979248047,20.979999542236328,20.979999542236328,185,0.0,0.0,0.0
2024-07-01 15:19:00-04:00,20.979999542236328,20.979999542236328,20.979999542236328,20.979999542236328,404,0.0,0.0,0.0
2024-07-01 15:20:00-04:00,20.979999542236328,20.979999542236328,20.979999542236328,20.979999542236328,118,0.0,0.0,0.0
2024-07-01 15:21:00-04:00,20.979999542236328,20.979999542236328,20.979999542236328,20.979999542236328,118,0.0,0.0,0.0
2024-07-01 15:23:00-04:00,20.979999542236328,20.979999542236328,20.979999542236328,20.979999542236328,204,0.0,0.0,0.0
2024-07-01 15:25:00-04:00,20.979999542236328,20.979999542236328,20.979999542236328,20.979999542236328,200,0.0,0.0,0.0
2024-07-01 15:26:00-04:00,20.979999542236328,20.979999542236328,20.979999542236328,20.979999542236328,9,0.0,0.0,0.0
2024-07-01 15:27:00-04:00,20.975000381469727,20.975000381469727,20.975000381469727,20.975000381469727,880,0.0,0.0,0.0
2024-07-01 15:28:00-04:00,20.979999542236328,20.979999542236328,20.979999542236328,20.979999542236328,0,0.0,0.0,0.0
2024-07-01 15:29:00-04:00,20.95009994506836,20.95009994506836,20.95009994506836,20.95009994506836,851,0.0,0.0,0.0
2024-07-01 15:34:00-04:00,20.979999542236328,20.979999542236328,20.979999542236328,20.979999542236328,316,0.0,0.0,0.0
2024-07-01 15:41:00-04:00,20.979999542236328,20.979999542236328,20.979999542236328,20.979999542236328,521,0.0,0.0,0.0
2024-07-01 15:46:00-04:00,20.98509979248047,20.98509979248047,20.98509979248047,20.98509979248047,443,0.0,0.0,0.0
2024-07-01 15:52:00-04:00,20.979999542236328,20.979999542236328,20.979999542236328,20.979999542236328,401,0.0,0.0,0.0
2024-07-01 15:54:00-04:00,20.979999542236328,20.979999542236328,20.979999542236328,20.979999542236328,202,0.0,0.0,0.0
2024-07-01 15:55:00-04:00,20.969999313354492,20.969999313354492,20.969999313354492,20.969999313354492,209,0.0,0.0,0.0
2024-07-01 15:56:00-04:00,20.989999771118164,20.989999771118164,20.989999771118164,20.989999771118164,499,0.0,0.0,0.0
2024-07-01 15:57:00-04:00,20.989999771118164,20.989999771118164,20.979999542236328,20.979999542236328,834,0.0,0.0,0.0
2024-07-01 15:58:00-04:00,20.989999771118164,21.0,20.989999771118164,21.0,3037,0.0,0.0,0.0
2024-07-01 15:59:00-04:00,20.989999771118164,20.989999771118164,20.979999542236328,20.979999542236328,836,0.0,0.0,0.0
2024-07-02 09:30:00-04:00,20.920000076293945,21.0,20.920000076293945,21.0,4957,0.0,0.0,0.0
2024-07-02 09:33:00-04:00,21.030099868774414,21.030099868774414,21.030099868774414,21.030099868774414,502,0.0,0.0,0.0
2024-07-02 09:34:00-04:00,21.049999237060547,21.049999237060547,21.049999237060547,21.049999237060547,501,0.0,0.0,0.0
2024-07-02 09:36:00-04:00,21.040000915527344,21.040000915527344,21.040000915527344,21.040000915527344,122,0.0,0.0,0.0
2024-07-02 09:38:00-04:00,21.04829978942871,21.100000381469727,21.04829978942871,21.100000381469727,426,0.0,0.0,0.0
2024-07-02 09:41:00-04:00,21.06999969482422,21.06999969482422,21.06999969482422,21.06999969482422,266,0.0,0.0,0.0
2024-07-02 09:44:00-04:00,21.06999969482422,21.06999969482422,21.06999969482422,21.06999969482422,244,0.0,0.0,0.0
2024-07-02 09:45:00-04:00,21.09000015258789,21.09000015258789,21.09000015258789,21.09000015258789,858,0.0,0.0,0.0
2024-07-02 09:55:00-04:00,21.04010009765625,21.04010009765625,21.04010009765625,21.04010009765625,1246,0.0,0.0,0.0
2024-07-02 10:00:00-04:00,21.06999969482422,21.06999969482422,21.06999969482422,21.06999969482422,245,0.0,0.0,0.0
2024-07-02 10:02:00-04:00,21.049999237060547,21.049999237060547,21.049999237060547,21.049999237060547,5098,0.0,0.0,0.0
2024-07-02 10:10:00-04:00,21.040000915527344,21.049999237060547,21.040000915527344,21.049999237060547,460,0.0,0.0,0.0
2024-07-02 10:13:00-04:00,21.04509925842285,21.068700790405273,21.04509925842285,21.068700790405273,315,0.0,0.0,0.0
2024-07-02 10:19:00-04:00,21.03619956970215,21.03619956970215,21.03619956970215,21.03619956970215,104,0.0,0.0,0.0
2024-07-02 10:23:00-04:00,21.046100616455078,21.046100616455078,21.046100616455078,21.046100616455078,111,0.0,0.0,0.0
2024-07-02 10:26:00-04:00,21.049999237060547,21.049999237060547,21.049999237060547,21.049999237060547,124,0.0,0.0,0.0
2024-07-02 10:30:00-04:00,21.049999237060547,21.049999237060547,21.049999237060547,21.049999237060547,204,0.0,0.0,0.0
2024-07-02 10:33:00-04:00,21.04599952697754,21.04599952697754,21.04599952697754,21.04599952697754,3872,0.0,0.0,0.0
2024-07-02 10:34:00-04:00,21.059999465942383,21.059999465942383,21.059999465942383,21.059999465942383,125,0.0,0.0,0.0
2024-07-02 10:35:00-04:00,21.059999465942383,21.059999465942383,21.059999465942383,21.059999465942383,5101,0.0,0.0,0.0
2024-07-02 10:38:00-04:00,21.065000534057617,21.065000534057617,21.059999465942383,21.059999465942383,1316,0.0,0.0,0.0
2024-07-02 10:50:00-04:00,21.04360008239746,21.04360008239746,21.04360008239746,21.04360008239746,110,0.0,0.0,0.0
2024-07-02 10:56:00-04:00,21.040300369262695,21.040300369262695,21.040300369262695,21.040300369262695,361,0.0,0.0,0.0
2024-07-02 11:00:00-04:00,21.049999237060547,21.049999237060547,21.049999237060547,21.049999237060547,2000,0.0,0.0,0.0
2024-07-02 11:01:00-04:00,21.067699432373047,21.067699432373047,21.067699432373047,21.067699432373047,0,0.0,0.0,0.0
2024-07-02 11:02:00-04:00,21.04010009765625,21.04010009765625,21.04010009765625,21.04010009765625,519,0.0,0.0,0.0
2024-07-02 11:04:00-04:00,21.06999969482422,21.06999969482422,21.06999969482422,21.06999969482422,2676,0.0,0.0,0.0
2024-07-02 11:05:00-04:00,21.05500030517578,21.05500030517578,21.05500030517578,21.05500030517578,1721,0.0,0.0,0.0
2024-07-02 11:38:00-04:00,21.05500030517578,21.05500030517578,21.05500030517578,21.05500030517578,304,0.0,0.0,0.0
2024-07-02 11:44:00-04:00,21.05500030517578,21.05500030517578,21.05500030517578,21.05500030517578,102,0.0,0.0,0.0
2024-07-02 11:52:00-04:00,21.059999465942383,21.059999465942383,21.059999465942383,21.059999465942383,522,0.0,0.0,0.0
2024-07-02 11:58:00-04:00,21.049999237060547,21.049999237060547,21.049999237060547,21.049999237060547,599,0.0,0.0,0.0
2024-07-02 11:59:00-04:00,21.049999237060547,21.049999237060547,21.049999237060547,21.049999237060547,254,0.0,0.0,0.0
2024-07-02 12:05:00-04:00,21.049999237060547,21.049999237060547,21.049999237060547,21.049999237060547,200,0.0,0.0,0.0
2024-07-02 12:06:00-04:00,21.049999237060547,21.049999237060547,21.049999237060547,21.049999237060547,125,0.0,0.0,0.0
2024-07-02 12:07:00-04:00,21.049999237060547,21.049999237060547,21.049999237060547,21.049999237060547,1200,0.0,0.0,0.0
2024-07-02 12:10:00-04:00,21.049999237060547,21.049999237060547,21.049999237060547,21.049999237060547,0,0.0,0.0,0.0
2024-07-02 12:12:00-04:00,21.049999237060547,21.049999237060547,21.049999237060547,21.049999237060547,375,0.0,0.0,0.0
2024-07-02 12:15:00-04:00,21.049999237060547,21.049999237060547,21.049999237060547,21.049999237060547,104,0.0,0.0,0.0
2024-07-02 12:17:00-04:00,21.040000915527344,21.040000915527344,21.040000915527344,21.040000915527344,723,0.0,0.0,0.0
2024-07-02 12:32:00-04:00,21.04990005493164,21.049999237060547,21.04990005493164,21.049999237060547,1084,0.0,0.0,0.0
2024-07-02 12:41:00-04:00,21.045000076293945,21.049999237060547,21.045000076293945,21.049999237060547,806,0.0,0.0,0.0
2024-07-02 12:47:00-04:00,21.049999237060547,21.049999237060547,21.049999237060547,21.049999237060547,300,0.0,0.0,0.0
2024-07-02 12:54:00-04:00,21.048500061035156,21.048500061035156,21.048500061035156,21.048500061035156,0,0.0,0.0,0.0
2024-07-02 13:00:00-04:00,21.045000076293945,21.049999237060547,21.03499984741211,21.049999237060547,2492,0.0,0.0,0.0
2024-07-02 13:07:00-04:00,21.040000915527344,21.040000915527344,21.040000915527344,21.040000915527344,300,0.0,0.0,0.0
2024-07-02 13:10:00-04:00,21.049999237060547,21.049999237060547,21.040000915527344,21.049999237060547,528,0.0,0.0,0.0
2024-07-02 13:15:00-04:00,21.05500030517578,21.05500030517578,21.05500030517578,21.05500030517578,2020,0.0,0.0,0.0
2024-07-02 13:16:00-04:00,21.05500030517578,21.05500030517578,21.05500030517578,21.05500030517578,0,0.0,0.0,0.0
2024-07-02 13:17:00-04:00,21.049999237060547,21.049999237060547,21.049999237060547,21.049999237060547,200,0.0,0.0,0.0
2024-07-02 13:18:00-04:00,21.040000915527344,21.049999237060547,21.040000915527344,21.049999237060547,1357,0.0,0.0,0.0
2024-07-02 13:30:00-04:00,21.059999465942383,21.059999465942383,21.059999465942383,21.059999465942383,175,0.0,0.0,0.0
2024-07-02 13:34:00-04:00,21.059999465942383,21.059999465942383,21.045700073242188,21.059999465942383,1602,0.0,0.0,0.0
2024-07-02 13:40:00-04:00,21.059999465942383,21.059999465942383,21.059999465942383,21.059999465942383,0,0.0,0.0,0.0
2024-07-02 13:49:00-04:00,21.05500030517578,21.05500030517578,21.05500030517578,21.05500030517578,200,0.0,0.0,0.0
2024-07-02 13:50:00-04:00,21.059999465942383,21.059999465942383,21.053300857543945,21.053300857543945,1935,0.0,0.0,0.0
2024-07-02 13:51:00-04:00,21.06999969482422,21.06999969482422,21.06999969482422,21.06999969482422,172,0.0,0.0,0.0
2024-07-02 13:52:00-04:00,21.05500030517578,21.05500030517578,21.05500030517578,21.05500030517578,500,0.0,0.0,0.0
2024-07-02 13:55:00-04:00,21.065000534057617,21.06999969482422,21.065000534057617,21.06999969482422,223,0.0,0.0,0.0
2024-07-02 14:02:00-04:00,21.065000534057617,21.06999969482422,21.065000534057617,21.06999969482422,1011,0.0,0.0,0.0
2024-07-02 14:08:00-04:00,21.066699981689453,21.066699981689453,21.066699981689453,21.066699981689453,618,0.0,0.0,0.0
2024-07-02 14:16:00-04:00,21.096599578857422,21.100000381469727,21.096599578857422,21.100000381469727,339,0.0,0.0,0.0
2024-07-02 14:29:00-04:00,21.084999084472656,21.084999084472656,21.084999084472656,21.084999084472656,103,0.0,0.0,0.0
2024-07-02 14:33:00-04:00,21.084999084472656,21.084999084472656,21.084999084472656,21.084999084472656,101,0.0,0.0,0.0
2024-07-02 14:36:00-04:00,21.07710075378418,21.07710075378418,21.07710075378418,21.07710075378418,2526,0.0,0.0,0.0
2024-07-02 14:38:00-04:00,21.09000015258789,21.09000015258789,21.09000015258789,21.09000015258789,198,0.0,0.0,0.0
2024-07-02 14:51:00-04:00,21.084999084472656,21.084999084472656,21.084999084472656,21.084999084472656,858,0.0,0.0,0.0
2024-07-02 14:59:00-04:00,21.100000381469727,21.100000381469727,21.100000381469727,21.100000381469727,300,0.0,0.0,0.0
2024-07-02 15:00:00-04:00,21.100000381469727,21.100000381469727,21.100000381469727,21.100000381469727,75,0.0,0.0,0.0
2024-07-02 15:01:00-04:00,21.100000381469727,21.100000381469727,21.097400665283203,21.097400665283203,1324,0.0,0.0,0.0
2024-07-02 15:03:00-04:00,21.100000381469727,21.100000381469727,21.100000381469727,21.100000381469727,200,0.0,0.0,0.0
2024-07-02 15:04:00-04:00,21.100000381469727,21.100000381469727,21.100000381469727,21.100000381469727,167,0.0,0.0,0.0
2024-07-02 15:22:00-04:00,21.084999084472656,21.084999084472656,21.084999084472656,21.084999084472656,324,0.0,0.0,0.0
2024-07-02 15:26:00-04:00,21.090299606323242,21.090299606323242,21.090299606323242,21.090299606323242,2000,0.0,0.0,0.0
2024-07-02 15:31:00-04:00,21.099899291992188,21.100000381469727,21.09510040283203,21.09510040283203,1590,0.0,0.0,0.0
2024-07-02 15:39:00-04:00,21.100000381469727,21.100000381469727,21.100000381469727,21.100000381469727,200,0.0,0.0,0.0
2024-07-02 15:40:00-04:00,21.100000381469727,21.100000381469727,21.100000381469727,21.100000381469727,100,0.0,0.0,0.0
2024-07-02 15:42:00-04:00,21.09000015258789,21.09000015258789,21.09000015258789,21.09000015258789,370,0.0,0.0,0.0
2024-07-02 15:55:00-04:00,21.108999252319336,21.108999252319336,21.108999252319336,21.108999252319336,3428,0.0,0.0,0.0
2024-07-02 15:57:00-04:00,21.110000610351562,21.110000610351562,21.110000610351562,21.110000610351562,159,0.0,0.0,0.0
2024-07-02 15:59:00-04:00,21.1299991607666,21.1299991607666,21.1299991607666,21.1299991607666,341,0.0,0.0,0.0
2024-07-03 09:30:00-04:00,21.1200008392334,21.149999618530273,21.1200008392334,21.149999618530273,5068,0.0,0.0,0.0
2024-07-03 09:31:00-04:00,21.149999618530273,21.149999618530273,21.149599075317383,21.149999618530273,0,0.0,0.0,0.0
2024-07-03 09:32:00-04:00,21.149999618530273,21.149999618530273,21.139999389648438,21.149999618530273,4700,0.0,0.0,0.0
2024-07-03 09:33:00-04:00,21.149999618530273,21.149999618530273,21.149999618530273,21.149999618530273,694,0.0,0.0,0.0
2024-07-03 09:38:00-04:00,21.165000915527344,21.17289924621582,21.165000915527344,21.170000076293945,3222,0.0,0.0,0.0
2024-07-03 09:39:00-04:00,21.165000915527344,21.170000076293945,21.165000915527344,21.170000076293945,275,0.0,0.0,0.0
2024-07-03 09:40:00-04:00,21.165000915527344,21.170000076293945,21.15999984741211,21.170000076293945,769,0.0,0.0,0.0
2024-07-03 09:41:00-04:00,21.16160011291504,21.170000076293945,21.155000686645508,21.155000686645508,863,0.0,0.0,0.0
2024-07-03 09:42:00-04:00,21.155000686645508,21.155000686645508,21.155000686645508,21.155000686645508,337,0.0,0.0,0.0
2024-07-03 09:43:00-04:00,21.155000686645508,21.170000076293945,21.155000686645508,21.170000076293945,2305,0.0,0.0,0.0
2024-07-03 09:44:00-04:00,21.15999984741211,21.15999984741211,21.15999984741211,21.15999984741211,200,0.0,0.0,0.0
2024-07-03 09:45:00-04:00,21.16990089416504,21.16990089416504,21.15999984741211,21.15999984741211,301,0.0,0.0,0.0
2024-07-03 09:46:00-04:00,21.15999984741211,21.15999984741211,21.15999984741211,21.15999984741211,185,0.0,0.0,0.0
2024-07-03 09:51:00-04:00,21.165000915527344,21.165000915527344,21.165000915527344,21.165000915527344,200,0.0,0.0,0.0
2024-07-03 09:54:00-04:00,21.170000076293945,21.170000076293945,21.170000076293945,21.170000076293945,470,0.0,0.0,0.0
2024-07-03 09:56:00-04:00,21.165000915527344,21.170000076293945,21.165000915527344,21.170000076293945,433,0.0,0.0,0.0
2024-07-03 10:00:00-04:00,21.2096004486084,21.2096004486084,21.2096004486084,21.2096004486084,1787,0.0,0.0,0.0
2024-07-03 10:01:00-04:00,21.229999542236328,21.229999542236328,21.20009994506836,21.21500015258789,1457,0.0,0.0,0.0
2024-07-03 10:09:00-04:00,21.225000381469727,21.225000381469727,21.225000381469727,21.225000381469727,200,0.0,0.0,0.0
2024-07-03 10:11:00-04:00,21.225000381469727,21.225000381469727,21.225000381469727,21.225000381469727,42,0.0,0.0,0.0
2024-07-03 10:14:00-04:00,21.229999542236328,21.229999542236328,21.229999542236328,21.229999542236328,340,0.0,0.0,0.0
2024-07-03 10:16:00-04:00,21.239999771118164,21.239999771118164,21.239999771118164,21.239999771118164,1407,0.0,0.0,0.0
2024-07-03 10:17:00-04:00,21.239999771118164,21.239999771118164,21.239999771118164,21.239999771118164,394,0.0,0.0,0.0
2024-07-03 10:21:00-04:00,21.235000610351562,21.235000610351562,21.235000610351562,21.235000610351562,215,0.0,0.0,0.0
2024-07-03 10:27:00-04:00,21.225000381469727,21.225000381469727,21.225000381469727,21.225000381469727,877,0.0,0.0,0.0
2024-07-03 10:28:00-04:00,21.225000381469727,21.225000381469727,21.225000381469727,21.225000381469727,150,0.0,0.0,0.0
2024-07-03 10:29:00-04:00,21.225000381469727,21.225000381469727,21.225000381469727,21.225000381469727,1,0.0,0.0,0.0
2024-07-03 10:30:00-04:00,21.225000381469727,21.234399795532227,21.225000381469727,21.225000381469727,1512,0.0,0.0,0.0
2024-07-03 10:31:00-04:00,21.229999542236328,21.229999542236328,21.229999542236328,21.229999542236328,175,0.0,0.0,0.0
2024-07-03 10:32:00-04:00,21.225000381469727,21.229999542236328,21.219999313354492,21.219999313354492,8175,0.0,0.0,0.0
2024-07-03 10:41:00-04:00,21.23900032043457,21.23900032043457,21.229999542236328,21.229999542236328,3417,0.0,0.0,0.0
2024-07-03 10:43:00-04:00,21.225000381469727,21.225000381469727,21.225000381469727,21.225000381469727,608,0.0,0.0,0.0
2024-07-03 10:46:00-04:00,21.229999542236328,21.229999542236328,21.229999542236328,21.229999542236328,143,0.0,0.0,0.0
2024-07-03 10:51:00-04:00,21.239999771118164,21.239999771118164,21.239999771118164,21.239999771118164,468,0.0,0.0,0.0
2024-07-03 10:53:00-04:00,21.229999542236328,21.229999542236328,21.229999542236328,21.229999542236328,305,0.0,0.0,0.0
2024-07-03 10:55:00-04:00,21.229999542236328,21.229999542236328,21.229999542236328,21.229999542236328,200,0.0,0.0,0.0
2024-07-03 10:56:00-04:00,21.239999771118164,21.239999771118164,21.23780059814453,21.239999771118164,687,0.0,0.0,0.0
2024-07-03 10:58:00-04:00,21.229999542236328,21.229999542236328,21.229999542236328,21.229999542236328,421,0.0,0.0,0.0
2024-07-03 11:01:00-04:00,21.225000381469727,21.225000381469727,21.225000381469727,21.225000381469727,477,0.0,0.0,0.0
2024-07-03 11:03:00-04:00,21.225000381469727,21.225000381469727,21.225000381469727,21.225000381469727,1132,0.0,0.0,0.0
2024-07-03 11:07:00-04:00,21.229999542236328,21.229999542236328,21.229999542236328,21.229999542236328,808,0.0,0.0,0.0
2024-07-03 11:21:00-04:00,21.235000610351562,21.239999771118164,21.235000610351562,21.239999771118164,2019,0.0,0.0,0.0
2024-07-03 11:22:00-04:00,21.25,21.25,21.249399185180664,21.25,679,0.0,0.0,0.0
2024-07-03 11:24:00-04:00,21.25,21.25,21.235000610351562,21.235000610351562,756,0.0,0.0,0.0
2024-07-03 11:28:00-04:00,21.25,21.25,21.25,21.25,9649,0.0,0.0,0.0
2024-07-03 11:31:00-04:00,21.25429916381836,21.25429916381836,21.25429916381836,21.25429916381836,255,0.0,0.0,0.0
2024-07-03 11:37:00-04:00,21.229999542236328,21.229999542236328,21.229999542236328,21.229999542236328,122,0.0,0.0,0.0
2024-07-03 11:40:00-04:00,21.229999542236328,21.229999542236328,21.229999542236328,21.229999542236328,414,0.0,0.0,0.0
2024-07-03 11:48:00-04:00,21.235000610351562,21.235000610351562,21.235000610351562,21.235000610351562,1128,0.0,0.0,0.0
2024-07-03 11:52:00-04:00,21.225000381469727,21.229999542236328,21.225000381469727,21.229999542236328,637,0.0,0.0,0.0
2024-07-03 11:54:00-04:00,21.225000381469727,21.225000381469727,21.225000381469727,21.225000381469727,110,0.0,0.0,0.0
2024-07-03 11:56:00-04:00,21.229999542236328,21.229999542236328,21.229999542236328,21.229999542236328,368,0.0,0.0,0.0
2024-07-03 12:00:00-04:00,21.229999542236328,21.229999542236328,21.229999542236328,21.229999542236328,1359,0.0,0.0,0.0
2024-07-03 12:09:00-04:00,21.259899139404297,21.259899139404297,21.259899139404297,21.259899139404297,132,0.0,0.0,0.0
2024-07-03 12:13:00-04:00,21.232799530029297,21.232799530029297,21.232799530029297,21.232799530029297,405,0.0,0.0,0.0
2024-07-03 12:23:00-04:00,21.25,21.25,21.229999542236328,21.229999542236328,11674,0.0,0.0,0.0
2024-07-03 12:24:00-04:00,21.235000610351562,21.235000610351562,21.235000610351562,21.235000610351562,571,0.0,0.0,0.0
2024-07-03 12:30:00-04:00,21.235000610351562,21.235000610351562,21.235000610351562,21.235000610351562,425,0.0,0.0,0.0
2024-07-03 12:32:00-04:00,21.25,21.25,21.25,21.25,350,0.0,0.0,0.0
2024-07-03 12:35:00-04:00,21.230499267578125,21.230499267578125,21.230499267578125,21.230499267578125,790,0.0,0.0,0.0
2024-07-03 12:58:00-04:00,21.25,21.259000778198242,21.25,21.259000778198242,3140,0.0,0.0,0.0
2024-07-03 12:59:00-04:00,21.260000228881836,21.260000228881836,21.229999542236328,21.229999542236328,0,0.0,0.0,0.0
2024-07-05 09:30:00-04:00,21.260000228881836,21.260000228881836,21.260000228881836,21.260000228881836,20446,0.0,0.0,0.0
2024-07-05 09:34:00-04:00,21.260000228881836,21.280000686645508,21.200000762939453,21.280000686645508,20433,0.0,0.0,0.0
2024-07-05 09:35:00-04:00,21.280000686645508,21.290000915527344,21.280000686645508,21.290000915527344,673,0.0,0.0,0.0
2024-07-05 09:36:00-04:00,21.290000915527344,21.290000915527344,21.290000915527344,21.290000915527344,3340,0.0,0.0,0.0
2024-07-05 09:40:00-04:00,21.280000686645508,21.280000686645508,21.280000686645508,21.280000686645508,725,0.0,0.0,0.0
2024-07-05 09:41:00-04:00,21.280000686645508,21.280000686645508,21.280000686645508,21.280000686645508,938,0.0,0.0,0.0
2024-07-05 09:42:00-04:00,21.280000686645508,21.289899826049805,21.280000686645508,21.289899826049805,476,0.0,0.0,0.0
2024-07-05 09:44:00-04:00,21.28499984741211,21.28499984741211,21.28499984741211,21.28499984741211,757,0.0,0.0,0.0
2024-07-05 09:45:00-04:00,21.280000686645508,21.280000686645508,21.280000686645508,21.280000686645508,968,0.0,0.0,0.0
2024-07-05 09:51:00-04:00,21.280000686645508,21.280000686645508,21.280000686645508,21.280000686645508,820,0.0,0.0,0.0
2024-07-05 09:58:00-04:00,21.283899307250977,21.283899307250977,21.283899307250977,21.283899307250977,1609,0.0,0.0,0.0
2024-07-05 10:02:00-04:00,21.29509925842285,21.29509925842285,21.29509925842285,21.29509925842285,356,0.0,0.0,0.0
2024-07-05 10:05:00-04:00,21.28499984741211,21.28499984741211,21.28499984741211,21.28499984741211,523,0.0,0.0,0.0
2024-07-05 10:09:00-04:00,21.289499282836914,21.289499282836914,21.289499282836914,21.289499282836914,200,0.0,0.0,0.0
2024-07-05 10:11:00-04:00,21.299999237060547,21.299999237060547,21.28499984741211,21.28499984741211,800,0.0,0.0,0.0
2024-07-05 10:15:00-04:00,21.270000457763672,21.270000457763672,21.270000457763672,21.270000457763672,390,0.0,0.0,0.0
2024-07-05 10:20:00-04:00,21.299999237060547,21.299999237060547,21.299999237060547,21.299999237060547,200,0.0,0.0,0.0
2024-07-05 10:21:00-04:00,21.29010009765625,21.29010009765625,21.29010009765625,21.29010009765625,392,0.0,0.0,0.0
2024-07-05 10:23:00-04:00,21.280000686645508,21.280000686645508,21.280000686645508,21.280000686645508,487,0.0,0.0,0.0
2024-07-05 10:25:00-04:00,21.29990005493164,21.29990005493164,21.29990005493164,21.29990005493164,147,0.0,0.0,0.0
2024-07-05 10:32:00-04:00,21.299999237060547,21.299999237060547,21.298500061035156,21.298500061035156,401,0.0,0.0,0.0
2024-07-05 10:33:00-04:00,21.288000106811523,21.288000106811523,21.288000106811523,21.288000106811523,300,0.0,0.0,0.0
2024-07-05 10:34:00-04:00,21.270099639892578,21.270099639892578,21.270099639892578,21.270099639892578,238,0.0,0.0,0.0
2024-07-05 10:36:00-04:00,21.28499984741211,21.28499984741211,21.28499984741211,21.28499984741211,537,0.0,0.0,0.0
2024-07-05 10:39:00-04:00,21.28499984741211,21.28499984741211,21.28499984741211,21.28499984741211,1426,0.0,0.0,0.0
2024-07-05 10:44:00-04:00,21.299999237060547,21.299999237060547,21.290000915527344,21.299999237060547,7635,0.0,0.0,0.0
2024-07-05 10:54:00-04:00,21.292299270629883,21.292299270629883,21.292299270629883,21.292299270629883,101,0.0,0.0,0.0
2024-07-05 10:55:00-04:00,21.309999465942383,21.309999465942383,21.299999237060547,21.299999237060547,385,0.0,0.0,0.0
2024-07-05 11:04:00-04:00,21.299999237060547,21.299999237060547,21.299999237060547,21.299999237060547,340,0.0,0.0,0.0
2024-07-05 11:08:00-04:00,21.309999465942383,21.309999465942383,21.309999465942383,21.309999465942383,120,0.0,0.0,0.0
2024-07-05 11:16:00-04:00,21.310100555419922,21.310100555419922,21.310100555419922,21.310100555419922,200,0.0,0.0,0.0
2024-07-05 11:21:00-04:00,21.309999465942383,21.309999465942383,21.309999465942383,21.309999465942383,155,0.0,0.0,0.0
2024-07-05 11:24:00-04:00,21.31999969482422,21.31999969482422,21.3169002532959,21.3169002532959,2241,0.0,0.0,0.0
2024-07-05 11:27:00-04:00,21.315000534057617,21.315000534057617,21.315000534057617,21.315000534057617,205,0.0,0.0,0.0
2024-07-05 11:30:00-04:00,21.315000534057617,21.315000534057617,21.315000534057617,21.315000534057617,200,0.0,0.0,0.0
2024-07-05 11:32:00-04:00,21.319900512695312,21.319900512695312,21.310100555419922,21.310100555419922,437,0.0,0.0,0.0
2024-07-05 11:34:00-04:00,21.31399917602539,21.31999969482422,21.31399917602539,21.31999969482422,781,0.0,0.0,0.0
2024-07-05 11:42:00-04:00,21.31999969482422,21.31999969482422,21.31999969482422,21.31999969482422,103,0.0,0.0,0.0
2024-07-05 11:43:00-04:00,21.329999923706055,21.329999923706055,21.329999923706055,21.329999923706055,1899,0.0,0.0,0.0
2024-07-05 11:50:00-04:00,21.334999084472656,21.334999084472656,21.334999084472656,21.334999084472656,1106,0.0,0.0,0.0
2024-07-05 11:53:00-04:00,21.334999084472656,21.334999084472656,21.334999084472656,21.334999084472656,218,0.0,0.0,0.0
2024-07-05 11:58:00-04:00,21.334999084472656,21.334999084472656,21.334999084472656,21.334999084472656,109,0.0,0.0,0.0
2024-07-05 12:00:00-04:00,21.33099937438965,21.33099937438965,21.33099937438965,21.33099937438965,102,0.0,0.0,0.0
2024-07-05 12:03:00-04:00,21.33099937438965,21.33099937438965,21.33099937438965,21.33099937438965,104,0.0,0.0,0.0
2024-07-05 12:06:00-04:00,21.33099937438965,21.33099937438965,21.33099937438965,21.33099937438965,143,0.0,0.0,0.0
2024-07-05 12:12:00-04:00,21.33099937438965,21.33099937438965,21.33099937438965,21.33099937438965,101,0.0,0.0,0.0
2024-07-05 12:17:00-04:00,21.33099937438965,21.33099937438965,21.33099937438965,21.33099937438965,200,0.0,0.0,0.0
2024-07-05 12:23:00-04:00,21.330299377441406,21.330299377441406,21.330299377441406,21.330299377441406,294,0.0,0.0,0.0
2024-07-05 12:25:00-04:00,21.33099937438965,21.33099937438965,21.33099937438965,21.33099937438965,105,0.0,0.0,0.0
2024-07-05 12:30:00-04:00,21.33099937438965,21.33099937438965,21.33099937438965,21.33099937438965,200,0.0,0.0,0.0
2024-07-05 12:31:00-04:00,21.329999923706055,21.329999923706055,21.329999923706055,21.329999923706055,300,0.0,0.0,0.0
2024-07-05 12:34:00-04:00,21.33099937438965,21.33690071105957,21.33099937438965,21.33690071105957,918,0.0,0.0,0.0
2024-07-05 12:40:00-04:00,21.33099937438965,21.33099937438965,21.33099937438965,21.33099937438965,125,0.0,0.0,0.0
2024-07-05 12:43:00-04:00,21.33099937438965,21.33099937438965,21.329999923706055,21.329999923706055,350,0.0,0.0,0.0
2024-07-05 12:44:00-04:00,21.33099937438965,21.33099937438965,21.33099937438965,21.33099937438965,100,0.0,0.0,0.0
2024-07-05 12:46:00-04:00,21.329999923706055,21.334699630737305,21.329999923706055,21.334699630737305,902,0.0,0.0,0.0
2024-07-05 12:48:00-04:00,21.33009910583496,21.33009910583496,21.329999923706055,21.33009910583496,900,0.0,0.0,0.0
2024-07-05 12:49:00-04:00,21.33099937438965,21.33099937438965,21.33099937438965,21.33099937438965,200,0.0,0.0,0.0
2024-07-05 12:50:00-04:00,21.33099937438965,21.334699630737305,21.33009910583496,21.334699630737305,1166,0.0,0.0,0.0
2024-07-05 12:56:00-04:00,21.33099937438965,21.33099937438965,21.33099937438965,21.33099937438965,200,0.0,0.0,0.0
2024-07-05 12:57:00-04:00,21.33989906311035,21.33989906311035,21.33989906311035,21.33989906311035,462,0.0,0.0,0.0
2024-07-05 13:00:00-04:00,21.33919906616211,21.33919906616211,21.33919906616211,21.33919906616211,0,0.0,0.0,0.0
2024-07-05 13:02:00-04:00,21.33099937438965,21.33099937438965,21.33099937438965,21.33099937438965,200,0.0,0.0,0.0
2024-07-05 13:06:00-04:00,21.33099937438965,21.33099937438965,21.33099937438965,21.33099937438965,100,0.0,0.0,0.0
2024-07-05 13:09:00-04:00,21.334999084472656,21.334999084472656,21.334999084472656,21.334999084472656,368,0.0,0.0,0.0
2024-07-05 13:12:00-04:00,21.337400436401367,21.337400436401367,21.33099937438965,21.33099937438965,676,0.0,0.0,0.0
2024-07-05 13:14:00-04:00,21.334999084472656,21.334999084472656,21.334999084472656,21.334999084472656,45,0.0,0.0,0.0
2024-07-05 13:18:00-04:00,21.33099937438965,21.33989906311035,21.33099937438965,21.33989906311035,981,0.0,0.0,0.0
2024-07-05 13:23:00-04:00,21.33099937438965,21.334999084472656,21.33099937438965,21.334999084472656,502,0.0,0.0,0.0
2024-07-05 13:25:00-04:00,21.334999084472656,21.334999084472656,21.334999084472656,21.334999084472656,120,0.0,0.0,0.0
2024-07-05 13:29:00-04:00,21.33099937438965,21.33099937438965,21.33009910583496,21.33009910583496,298,0.0,0.0,0.0
2024-07-05 13:31:00-04:00,21.34000015258789,21.34000015258789,21.34000015258789,21.34000015258789,131,0.0,0.0,0.0
2024-07-05 13:34:00-04:00,21.33099937438965,21.33099937438965,21.33099937438965,21.33099937438965,200,0.0,0.0,0.0
2024-07-05 13:38:00-04:00,21.33099937438965,21.33099937438965,21.33099937438965,21.33099937438965,31,0.0,0.0,0.0
2024-07-05 13:43:00-04:00,21.33099937438965,21.33099937438965,21.33099937438965,21.33099937438965,231,0.0,0.0,0.0
2024-07-05 13:47:00-04:00,21.33099937438965,21.33099937438965,21.33099937438965,21.33099937438965,200,0.0,0.0,0.0
2024-07-05 13:50:00-04:00,21.33099937438965,21.33099937438965,21.33099937438965,21.33099937438965,100,0.0,0.0,0.0
2024-07-05 13:53:00-04:00,21.329999923706055,21.334999084472656,21.329999923706055,21.334999084472656,302,0.0,0.0,0.0
2024-07-05 13:55:00-04:00,21.33099937438965,21.33099937438965,21.33099937438965,21.33099937438965,200,0.0,0.0,0.0
2024-07-05 13:59:00-04:00,21.33989906311035,21.33989906311035,21.33099937438965,21.33099937438965,200,0.0,0.0,0.0
2024-07-05 14:01:00-04:00,21.33099937438965,21.33099937438965,21.33099937438965,21.33099937438965,171,0.0,0.0,0.0
2024-07-05 14:02:00-04:00,21.33009910583496,21.33009910583496,21.33009910583496,21.33009910583496,858,0.0,0.0,0.0
2024-07-05 14:03:00-04:00,21.320999145507812,21.320999145507812,21.320999145507812,21.320999145507812,0,0.0,0.0,0.0
2024-07-05 14:04:00-04:00,21.32080078125,21.32080078125,21.32080078125,21.32080078125,202,0.0,0.0,0.0
2024-07-05 14:12:00-04:00,21.33009910583496,21.33009910583496,21.320999145507812,21.320999145507812,224,0.0,0.0,0.0
2024-07-05 14:16:00-04:00,21.337299346923828,21.337299346923828,21.337299346923828,21.337299346923828,502,0.0,0.0,0.0
2024-07-05 14:17:00-04:00,21.320999145507812,21.320999145507812,21.320999145507812,21.320999145507812,200,0.0,0.0,0.0
2024-07-05 14:20:00-04:00,21.320999145507812,21.320999145507812,21.320999145507812,21.320999145507812,100,0.0,0.0,0.0
2024-07-05 14:21:00-04:00,21.320100784301758,21.320100784301758,21.320100784301758,21.320100784301758,400,0.0,0.0,0.0
2024-07-05 14:29:00-04:00,21.335100173950195,21.335100173950195,21.329999923706055,21.329999923706055,645,0.0,0.0,0.0
2024-07-05 14:36:00-04:00,21.320999145507812,21.320999145507812,21.320999145507812,21.320999145507812,100,0.0,0.0,0.0
2024-07-05 14:38:00-04:00,21.323999404907227,21.323999404907227,21.323999404907227,21.323999404907227,300,0.0,0.0,0.0
2024-07-05 14:39:00-04:00,21.325000762939453,21.325000762939453,21.325000762939453,21.325000762939453,224,0.0,0.0,0.0
2024-07-05 14:40:00-04:00,21.320999145507812,21.320999145507812,21.320999145507812,21.320999145507812,38,0.0,0.0,0.0
2024-07-05 14:41:00-04:00,21.328699111938477,21.328699111938477,21.328699111938477,21.328699111938477,503,0.0,0.0,0.0
2024-07-05 14:46:00-04:00,21.320999145507812,21.320999145507812,21.320999145507812,21.320999145507812,105,0.0,0.0,0.0
2024-07-05 14:50:00-04:00,21.329999923706055,21.329999923706055,21.329999923706055,21.329999923706055,6935,0.0,0.0,0.0
2024-07-05 14:51:00-04:00,21.329999923706055,21.329999923706055,21.329999923706055,21.329999923706055,800,0.0,0.0,0.0
2024-07-05 14:52:00-04:00,21.329299926757812,21.329999923706055,21.31999969482422,21.31999969482422,887,0.0,0.0,0.0
2024-07-05 14:53:00-04:00,21.32080078125,21.32080078125,21.32080078125,21.32080078125,410,0.0,0.0,0.0
2024-07-05 14:55:00-04:00,21.320999145507812,21.320999145507812,21.31999969482422,21.31999969482422,529,0.0,0.0,0.0
2024-07-05 14:59:00-04:00,21.320999145507812,21.320999145507812,21.320999145507812,21.320999145507812,125,0.0,0.0,0.0
2024-07-05 15:05:00-04:00,21.320999145507812,21.320999145507812,21.320999145507812,21.320999145507812,200,0.0,0.0,0.0
2024-07-05 15:07:00-04:00,21.31999969482422,21.320999145507812,21.31999969482422,21.320999145507812,1001,0.0,0.0,0.0
2024-07-05 15:11:00-04:00,21.325000762939453,21.325000762939453,21.325000762939453,21.325000762939453,152,0.0,0.0,0.0
2024-07-05 15:12:00-04:00,21.325000762939453,21.325000762939453,21.325000762939453,21.325000762939453,111,0.0,0.0,0.0
2024-07-05 15:16:00-04:00,21.325000762939453,21.325000762939453,21.325000762939453,21.325000762939453,147,0.0,0.0,0.0
2024-07-05 15:19:00-04:00,21.328899383544922,21.328899383544922,21.328899383544922,21.328899383544922,443,0.0,0.0,0.0
2024-07-05 15:23:00-04:00,21.325000762939453,21.325000762939453,21.325000762939453,21.325000762939453,139,0.0,0.0,0.0
2024-07-05 15:27:00-04:00,21.320999145507812,21.320999145507812,21.320999145507812,21.320999145507812,200,0.0,0.0,0.0
2024-07-05 15:29:00-04:00,21.320999145507812,21.32469940185547,21.320999145507812,21.32469940185547,449,0.0,0.0,0.0
2024-07-05 15:41:00-04:00,21.325000762939453,21.325000762939453,21.325000762939453,21.325000762939453,400,0.0,0.0,0.0
2024-07-05 15:42:00-04:00,21.32990074157715,21.32990074157715,21.325000762939453,21.325000762939453,2245,0.0,0.0,0.0
2024-07-05 15:43:00-04:00,21.32990074157715,21.32990074157715,21.32990074157715,21.32990074157715,230,0.0,0.0,0.0
2024-07-05 15:45:00-04:00,21.325000762939453,21.325000762939453,21.325000762939453,21.325000762939453,148,0.0,0.0,0.0
2024-07-05 15:47:00-04:00,21.325000762939453,21.325000762939453,21.325000762939453,21.325000762939453,200,0.0,0.0,0.0
2024-07-05 15:49:00-04:00,21.325000762939453,21.329999923706055,21.325000762939453,21.329999923706055,356,0.0,0.0,0.0
2024-07-05 15:51:00-04:00,21.320999145507812,21.320999145507812,21.320999145507812,21.320999145507812,445,0.0,0.0,0.0
2024-07-05 15:53:00-04:00,21.320100784301758,21.320100784301758,21.320100784301758,21.320100784301758,833,0.0,0.0,0.0
2024-07-05 15:54:00-04:00,21.329999923706055,21.329999923706055,21.329999923706055,21.329999923706055,395,0.0,0.0,0.0
2024-07-05 15:56:00-04:00,21.329999923706055,21.329999923706055,21.329999923706055,21.329999923706055,1013,0.0,0.0,0.0
2024-07-05 15:58:00-04:00,21.329999923706055,21.329999923706055,21.329999923706055,21.329999923706055,916,0.0,0.0,0.0
2024-07-05 15:59:00-04:00,21.320999145507812,21.320999145507812,21.31999969482422,21.31999969482422,791,0.0,0.0,0.0
