Datetime,Open,High,Low,Close,Volume,Dividends,Stock Splits,Capital Gains
2024-07-01 09:30:00-04:00,88.37000274658203,88.37000274658203,88.33000183105469,88.33000183105469,33008,0.0,0.0,0.0
2024-07-01 09:32:00-04:00,88.364501953125,88.364501953125,88.364501953125,88.364501953125,483,0.0,0.0,0.0
2024-07-01 09:33:00-04:00,88.45999908447266,88.45999908447266,88.45999908447266,88.45999908447266,169,0.0,0.0,0.0
2024-07-01 09:34:00-04:00,88.51000213623047,88.51000213623047,88.49949645996094,88.49949645996094,859,0.0,0.0,0.0
2024-07-01 09:37:00-04:00,88.3510971069336,88.37989807128906,88.3499984741211,88.3499984741211,966,0.0,0.0,0.0
2024-07-01 09:38:00-04:00,88.3499984741211,88.3499984741211,88.3499984741211,88.3499984741211,136,0.0,0.0,0.0
2024-07-01 09:39:00-04:00,88.31999969482422,88.41000366210938,88.31999969482422,88.31999969482422,1732,0.0,0.0,0.0
2024-07-01 09:41:00-04:00,88.27999877929688,88.27999877929688,88.26000213623047,88.26000213623047,373,0.0,0.0,0.0
2024-07-01 09:43:00-04:00,88.2300033569336,88.2300033569336,88.11000061035156,88.11000061035156,2103,0.0,0.0,0.0
2024-07-01 09:45:00-04:00,87.94999694824219,87.94999694824219,87.94999694824219,87.94999694824219,100,0.0,0.0,0.0
2024-07-01 09:46:00-04:00,87.95999908447266,87.95999908447266,87.93000030517578,87.95999908447266,3214,0.0,0.0,0.0
2024-07-01 09:50:00-04:00,87.9000015258789,87.9000015258789,87.9000015258789,87.9000015258789,300,0.0,0.0,0.0
2024-07-01 09:51:00-04:00,87.93000030517578,87.97000122070312,87.93000030517578,87.94999694824219,3263,0.0,0.0,0.0
2024-07-01 09:52:00-04:00,87.95999908447266,87.9800033569336,87.95999908447266,87.95999908447266,1937,0.0,0.0,0.0
2024-07-01 09:53:00-04:00,88.0199966430664,88.05000305175781,88.01000213623047,88.04000091552734,3576,0.0,0.0,0.0
2024-07-01 09:54:00-04:00,88.04000091552734,88.04000091552734,87.97000122070312,87.97000122070312,3400,0.0,0.0,0.0
2024-07-01 09:55:00-04:00,87.9800033569336,87.98999786376953,87.9800033569336,87.98999786376953,384,0.0,0.0,0.0
2024-07-01 09:56:00-04:00,87.9800033569336,88.01000213623047,87.9800033569336,87.98999786376953,4982,0.0,0.0,0.0
2024-07-01 09:57:00-04:00,87.98999786376953,88.02999877929688,87.97000122070312,88.02999877929688,4365,0.0,0.0,0.0
2024-07-01 09:58:00-04:00,88.06999969482422,88.08999633789062,88.05999755859375,88.08999633789062,1647,0.0,0.0,0.0
2024-07-01 09:59:00-04:00,88.08489990234375,88.12000274658203,88.08489990234375,88.11000061035156,766,0.0,0.0,0.0
2024-07-01 10:00:00-04:00,88.2699966430664,88.27999877929688,88.2300033569336,88.2300033569336,2215,0.0,0.0,0.0
2024-07-01 10:01:00-04:00,88.2300033569336,88.2300033569336,88.0999984741211,88.0999984741211,16234,0.0,0.0,0.0
2024-07-01 10:02:00-04:00,88.05000305175781,88.05000305175781,87.94000244140625,87.94000244140625,2582,0.0,0.0,0.0
2024-07-01 10:03:00-04:00,87.88999938964844,87.94000244140625,87.88999938964844,87.94000244140625,445,0.0,0.0,0.0
2024-07-01 10:04:00-04:00,87.93009948730469,87.93009948730469,87.91000366210938,87.91000366210938,485,0.0,0.0,0.0
2024-07-01 10:05:00-04:00,87.87000274658203,87.87000274658203,87.87000274658203,87.87000274658203,129,0.0,0.0,0.0
2024-07-01 10:06:00-04:00,87.90899658203125,87.93000030517578,87.90899658203125,87.93000030517578,424,0.0,0.0,0.0
2024-07-01 10:07:00-04:00,87.87000274658203,87.87000274658203,87.80999755859375,87.80999755859375,1040,0.0,0.0,0.0
2024-07-01 10:10:00-04:00,87.63999938964844,87.6500015258789,87.63999938964844,87.6500015258789,298,0.0,0.0,0.0
2024-07-01 10:11:00-04:00,87.62000274658203,87.62000274658203,87.58000183105469,87.58000183105469,509,0.0,0.0,0.0
2024-07-01 10:13:00-04:00,87.45999908447266,87.46990203857422,87.45999908447266,87.46990203857422,4152,0.0,0.0,0.0
2024-07-01 10:16:00-04:00,87.43000030517578,87.43000030517578,87.37999725341797,87.37999725341797,645,0.0,0.0,0.0
2024-07-01 10:18:00-04:00,87.44999694824219,87.48500061035156,87.44000244140625,87.4800033569336,4871,0.0,0.0,0.0
2024-07-01 10:20:00-04:00,87.41999816894531,87.44999694824219,87.38999938964844,87.44999694824219,1630,0.0,0.0,0.0
2024-07-01 10:21:00-04:00,87.3499984741211,87.3499984741211,87.3499984741211,87.3499984741211,105,0.0,0.0,0.0
2024-07-01 10:22:00-04:00,87.33999633789062,87.45999908447266,87.33999633789062,87.45999908447266,1472,0.0,0.0,0.0
2024-07-01 10:23:00-04:00,87.44999694824219,87.45999908447266,87.44000244140625,87.44999694824219,12132,0.0,0.0,0.0
2024-07-01 10:24:00-04:00,87.42250061035156,87.42500305175781,87.41000366210938,87.41000366210938,2276,0.0,0.0,0.0
2024-07-01 10:27:00-04:00,87.44000244140625,87.47000122070312,87.44000244140625,87.47000122070312,204,0.0,0.0,0.0
2024-07-01 10:28:00-04:00,87.47000122070312,87.47000122070312,87.47000122070312,87.47000122070312,172,0.0,0.0,0.0
2024-07-01 10:30:00-04:00,87.43000030517578,87.43000030517578,87.4000015258789,87.4000015258789,1328,0.0,0.0,0.0
2024-07-01 10:31:00-04:00,87.36000061035156,87.36000061035156,87.36000061035156,87.36000061035156,155,0.0,0.0,0.0
2024-07-01 10:32:00-04:00,87.41000366210938,87.41000366210938,87.375,87.375,1528,0.0,0.0,0.0
2024-07-01 10:33:00-04:00,87.36009979248047,87.36009979248047,87.36009979248047,87.36009979248047,8224,0.0,0.0,0.0
2024-07-01 10:35:00-04:00,87.31999969482422,87.33000183105469,87.31999969482422,87.33000183105469,813,0.0,0.0,0.0
2024-07-01 10:36:00-04:00,87.3499984741211,87.37000274658203,87.3499984741211,87.36309814453125,1554,0.0,0.0,0.0
2024-07-01 10:37:00-04:00,87.32060241699219,87.32060241699219,87.32060241699219,87.32060241699219,261,0.0,0.0,0.0
2024-07-01 10:38:00-04:00,87.28919982910156,87.28919982910156,87.28079986572266,87.28079986572266,1428,0.0,0.0,0.0
2024-07-01 10:40:00-04:00,87.2500991821289,87.2500991821289,87.2500991821289,87.2500991821289,4427,0.0,0.0,0.0
2024-07-01 10:41:00-04:00,87.20999908447266,87.20999908447266,87.19999694824219,87.19999694824219,652,0.0,0.0,0.0
2024-07-01 10:42:00-04:00,87.29000091552734,87.33999633789062,87.28410339355469,87.33999633789062,868,0.0,0.0,0.0
2024-07-01 10:45:00-04:00,87.29450225830078,87.29450225830078,87.27010345458984,87.27010345458984,7300,0.0,0.0,0.0
2024-07-01 10:47:00-04:00,87.2300033569336,87.2300033569336,87.21410369873047,87.21410369873047,462,0.0,0.0,0.0
2024-07-01 10:48:00-04:00,87.19010162353516,87.19010162353516,87.19010162353516,87.19010162353516,1851,0.0,0.0,0.0
2024-07-01 10:49:00-04:00,87.16000366210938,87.16000366210938,87.16000366210938,87.16000366210938,303,0.0,0.0,0.0
2024-07-01 10:50:00-04:00,87.16000366210938,87.16000366210938,87.16000366210938,87.16000366210938,565,0.0,0.0,0.0
2024-07-01 10:51:00-04:00,87.23999786376953,87.29000091552734,87.2300033569336,87.29000091552734,115088,0.0,0.0,0.0
2024-07-01 10:53:00-04:00,87.2770004272461,87.2770004272461,87.25,87.25,549,0.0,0.0,0.0
2024-07-01 10:54:00-04:00,87.27999877929688,87.27999877929688,87.2300033569336,87.2300033569336,10707,0.0,0.0,0.0
2024-07-01 10:55:00-04:00,87.26000213623047,87.26000213623047,87.26000213623047,87.26000213623047,140,0.0,0.0,0.0
2024-07-01 10:57:00-04:00,87.30999755859375,87.30999755859375,87.30999755859375,87.30999755859375,307,0.0,0.0,0.0
2024-07-01 10:58:00-04:00,87.33999633789062,87.33999633789062,87.33999633789062,87.33999633789062,123,0.0,0.0,0.0
2024-07-01 11:01:00-04:00,87.26000213623047,87.27999877929688,87.25,87.25,5293,0.0,0.0,0.0
2024-07-01 11:04:00-04:00,87.24009704589844,87.27999877929688,87.23999786376953,87.27999877929688,6334,0.0,0.0,0.0
2024-07-01 11:05:00-04:00,87.30999755859375,87.30999755859375,87.30999755859375,87.30999755859375,100,0.0,0.0,0.0
2024-07-01 11:06:00-04:00,87.33999633789062,87.33999633789062,87.32499694824219,87.32499694824219,6919,0.0,0.0,0.0
2024-07-01 11:07:00-04:00,87.37999725341797,87.37999725341797,87.37999725341797,87.37999725341797,118,0.0,0.0,0.0
2024-07-01 11:08:00-04:00,87.43000030517578,87.44000244140625,87.3499984741211,87.3499984741211,3031,0.0,0.0,0.0
2024-07-01 11:09:00-04:00,87.37000274658203,87.38999938964844,87.37000274658203,87.38999938964844,1315,0.0,0.0,0.0
2024-07-01 11:10:00-04:00,87.37000274658203,87.37000274658203,87.36000061035156,87.37000274658203,421,0.0,0.0,0.0
2024-07-01 11:11:00-04:00,87.37989807128906,87.37989807128906,87.37989807128906,87.37989807128906,635,0.0,0.0,0.0
2024-07-01 11:12:00-04:00,87.37999725341797,87.38999938964844,87.37000274658203,87.38999938964844,5888,0.0,0.0,0.0
2024-07-01 11:13:00-04:00,87.4220962524414,87.4220962524414,87.38999938964844,87.4000015258789,551,0.0,0.0,0.0
2024-07-01 11:14:00-04:00,87.37999725341797,87.37999725341797,87.37999725341797,87.37999725341797,497,0.0,0.0,0.0
2024-07-01 11:16:00-04:00,87.31999969482422,87.31999969482422,87.31999969482422,87.31999969482422,341,0.0,0.0,0.0
2024-07-01 11:17:00-04:00,87.3386001586914,87.3386001586914,87.29000091552734,87.30449676513672,4576,0.0,0.0,0.0
2024-07-01 11:20:00-04:00,87.20999908447266,87.26000213623047,87.20999908447266,87.26000213623047,412,0.0,0.0,0.0
2024-07-01 11:21:00-04:00,87.26399993896484,87.27999877929688,87.26399993896484,87.27999877929688,1362,0.0,0.0,0.0
2024-07-01 11:22:00-04:00,87.2300033569336,87.23739624023438,87.22000122070312,87.23739624023438,526,0.0,0.0,0.0
2024-07-01 11:23:00-04:00,87.23410034179688,87.23410034179688,87.23410034179688,87.23410034179688,258,0.0,0.0,0.0
2024-07-01 11:24:00-04:00,87.25,87.25,87.20999908447266,87.20999908447266,591,0.0,0.0,0.0
2024-07-01 11:26:00-04:00,87.2300033569336,87.25499725341797,87.2300033569336,87.25499725341797,818,0.0,0.0,0.0
2024-07-01 11:27:00-04:00,87.2750015258789,87.2750015258789,87.2750015258789,87.2750015258789,377,0.0,0.0,0.0
2024-07-01 11:31:00-04:00,87.23999786376953,87.25509643554688,87.23999786376953,87.25509643554688,1332,0.0,0.0,0.0
2024-07-01 11:32:00-04:00,87.25689697265625,87.25689697265625,87.25689697265625,87.25689697265625,251,0.0,0.0,0.0
2024-07-01 11:33:00-04:00,87.25,87.25,87.2300033569336,87.2300033569336,555,0.0,0.0,0.0
2024-07-01 11:34:00-04:00,87.22000122070312,87.2300033569336,87.22000122070312,87.2300033569336,976,0.0,0.0,0.0
2024-07-01 11:36:00-04:00,87.23639678955078,87.23639678955078,87.23639678955078,87.23639678955078,509,0.0,0.0,0.0
2024-07-01 11:37:00-04:00,87.21730041503906,87.21730041503906,87.19000244140625,87.19000244140625,1158,0.0,0.0,0.0
2024-07-01 11:38:00-04:00,87.17500305175781,87.17500305175781,87.13999938964844,87.13999938964844,693,0.0,0.0,0.0
2024-07-01 11:41:00-04:00,87.16000366210938,87.16000366210938,87.16000366210938,87.16000366210938,310,0.0,0.0,0.0
2024-07-01 11:42:00-04:00,87.1500015258789,87.20929718017578,87.1500015258789,87.19999694824219,15779,0.0,0.0,0.0
2024-07-01 11:43:00-04:00,87.21990203857422,87.21990203857422,87.19999694824219,87.19999694824219,5497,0.0,0.0,0.0
2024-07-01 11:44:00-04:00,87.1500015258789,87.1500015258789,87.1500015258789,87.1500015258789,121,0.0,0.0,0.0
2024-07-01 11:46:00-04:00,87.15609741210938,87.15609741210938,87.15609741210938,87.15609741210938,566,0.0,0.0,0.0
2024-07-01 11:48:00-04:00,87.15950012207031,87.15950012207031,87.1500015258789,87.1500015258789,222,0.0,0.0,0.0
2024-07-01 11:49:00-04:00,87.17829895019531,87.17829895019531,87.17829895019531,87.17829895019531,1959,0.0,0.0,0.0
2024-07-01 11:51:00-04:00,87.20999908447266,87.20999908447266,87.1968994140625,87.1968994140625,482,0.0,0.0,0.0
2024-07-01 11:52:00-04:00,87.1968994140625,87.1968994140625,87.16999816894531,87.16999816894531,304,0.0,0.0,0.0
2024-07-01 11:54:00-04:00,87.16419982910156,87.16419982910156,87.16419982910156,87.16419982910156,1191,0.0,0.0,0.0
2024-07-01 11:56:00-04:00,87.125,87.1364974975586,87.125,87.1364974975586,524,0.0,0.0,0.0
2024-07-01 11:57:00-04:00,87.1500015258789,87.16999816894531,87.1500015258789,87.16999816894531,518,0.0,0.0,0.0
2024-07-01 11:59:00-04:00,87.20999908447266,87.21040344238281,87.20999908447266,87.21040344238281,463,0.0,0.0,0.0
2024-07-01 12:00:00-04:00,87.19999694824219,87.19999694824219,87.19999694824219,87.19999694824219,267,0.0,0.0,0.0
2024-07-01 12:01:00-04:00,87.22000122070312,87.22000122070312,87.19000244140625,87.206298828125,2034,0.0,0.0,0.0
2024-07-01 12:02:00-04:00,87.20500183105469,87.20500183105469,87.16999816894531,87.18990325927734,2335,0.0,0.0,0.0
2024-07-01 12:03:00-04:00,87.16999816894531,87.17980194091797,87.1500015258789,87.1500015258789,10672,0.0,0.0,0.0
2024-07-01 12:04:00-04:00,87.1500015258789,87.15989685058594,87.14459991455078,87.14459991455078,1493,0.0,0.0,0.0
2024-07-01 12:05:00-04:00,87.16000366210938,87.16089630126953,87.16000366210938,87.16089630126953,940,0.0,0.0,0.0
2024-07-01 12:06:00-04:00,87.18340301513672,87.18340301513672,87.18340301513672,87.18340301513672,400,0.0,0.0,0.0
2024-07-01 12:07:00-04:00,87.19999694824219,87.20989990234375,87.19999694824219,87.20989990234375,1874,0.0,0.0,0.0
2024-07-01 12:08:00-04:00,87.2300033569336,87.2499008178711,87.21690368652344,87.2499008178711,11006,0.0,0.0,0.0
2024-07-01 12:10:00-04:00,87.26000213623047,87.26000213623047,87.26000213623047,87.26000213623047,100,0.0,0.0,0.0
2024-07-01 12:11:00-04:00,87.26129913330078,87.26129913330078,87.26000213623047,87.26000213623047,3656,0.0,0.0,0.0
2024-07-01 12:12:00-04:00,87.28900146484375,87.30000305175781,87.28900146484375,87.30000305175781,1904,0.0,0.0,0.0
2024-07-01 12:13:00-04:00,87.30000305175781,87.30000305175781,87.30000305175781,87.30000305175781,245,0.0,0.0,0.0
2024-07-01 12:14:00-04:00,87.28500366210938,87.28500366210938,87.28500366210938,87.28500366210938,178,0.0,0.0,0.0
2024-07-01 12:15:00-04:00,87.27999877929688,87.27999877929688,87.25499725341797,87.25499725341797,1362,0.0,0.0,0.0
2024-07-01 12:16:00-04:00,87.26000213623047,87.26000213623047,87.26000213623047,87.26000213623047,678,0.0,0.0,0.0
2024-07-01 12:17:00-04:00,87.26000213623047,87.27999877929688,87.26000213623047,87.27999877929688,453,0.0,0.0,0.0
2024-07-01 12:18:00-04:00,87.30000305175781,87.30000305175781,87.30000305175781,87.30000305175781,243,0.0,0.0,0.0
2024-07-01 12:19:00-04:00,87.30000305175781,87.30000305175781,87.30000305175781,87.30000305175781,642,0.0,0.0,0.0
2024-07-01 12:20:00-04:00,87.3197021484375,87.3197021484375,87.29740142822266,87.29740142822266,603,0.0,0.0,0.0
2024-07-01 12:21:00-04:00,87.29000091552734,87.29000091552734,87.29000091552734,87.29000091552734,203,0.0,0.0,0.0
2024-07-01 12:22:00-04:00,87.29000091552734,87.29000091552734,87.29000091552734,87.29000091552734,122,0.0,0.0,0.0
2024-07-01 12:23:00-04:00,87.30000305175781,87.30000305175781,87.27999877929688,87.29000091552734,1433,0.0,0.0,0.0
2024-07-01 12:24:00-04:00,87.30000305175781,87.30000305175781,87.30000305175781,87.30000305175781,304,0.0,0.0,0.0
2024-07-01 12:26:00-04:00,87.2938003540039,87.2938003540039,87.2708969116211,87.2708969116211,743,0.0,0.0,0.0
2024-07-01 12:27:00-04:00,87.2699966430664,87.2699966430664,87.2699966430664,87.2699966430664,1769,0.0,0.0,0.0
2024-07-01 12:30:00-04:00,87.27999877929688,87.27999877929688,87.26689910888672,87.26689910888672,453,0.0,0.0,0.0
2024-07-01 12:31:00-04:00,87.2699966430664,87.2699966430664,87.2699966430664,87.2699966430664,229,0.0,0.0,0.0
2024-07-01 12:32:00-04:00,87.22010040283203,87.22010040283203,87.22010040283203,87.22010040283203,7811,0.0,0.0,0.0
2024-07-01 12:33:00-04:00,87.23919677734375,87.23919677734375,87.20999908447266,87.2146987915039,6474,0.0,0.0,0.0
2024-07-01 12:34:00-04:00,87.20999908447266,87.20999908447266,87.20999908447266,87.20999908447266,103,0.0,0.0,0.0
2024-07-01 12:35:00-04:00,87.19000244140625,87.19989776611328,87.17990112304688,87.19750213623047,5259,0.0,0.0,0.0
2024-07-01 12:36:00-04:00,87.21610260009766,87.21610260009766,87.21610260009766,87.21610260009766,375,0.0,0.0,0.0
2024-07-01 12:38:00-04:00,87.1968994140625,87.1968994140625,87.1968994140625,87.1968994140625,579,0.0,0.0,0.0
2024-07-01 12:39:00-04:00,87.22000122070312,87.2300033569336,87.21959686279297,87.2300033569336,13201,0.0,0.0,0.0
2024-07-01 12:40:00-04:00,87.21499633789062,87.21499633789062,87.21499633789062,87.21499633789062,517,0.0,0.0,0.0
2024-07-01 12:41:00-04:00,87.23999786376953,87.24009704589844,87.23999786376953,87.24009704589844,4035,0.0,0.0,0.0
2024-07-01 12:42:00-04:00,87.25499725341797,87.25499725341797,87.25499725341797,87.25499725341797,100,0.0,0.0,0.0
2024-07-01 12:43:00-04:00,87.2500991821289,87.25289916992188,87.2500991821289,87.25289916992188,2410,0.0,0.0,0.0
2024-07-01 12:45:00-04:00,87.27999877929688,87.27999877929688,87.27999877929688,87.27999877929688,390,0.0,0.0,0.0
2024-07-01 12:46:00-04:00,87.30500030517578,87.31580352783203,87.30500030517578,87.31580352783203,1018,0.0,0.0,0.0
2024-07-01 12:47:00-04:00,87.29000091552734,87.29000091552734,87.29000091552734,87.29000091552734,555,0.0,0.0,0.0
2024-07-01 12:48:00-04:00,87.25,87.26000213623047,87.2300033569336,87.23500061035156,548,0.0,0.0,0.0
2024-07-01 12:49:00-04:00,87.2051010131836,87.21990203857422,87.2051010131836,87.21990203857422,800,0.0,0.0,0.0
2024-07-01 12:50:00-04:00,87.19170379638672,87.22000122070312,87.19170379638672,87.22000122070312,2176,0.0,0.0,0.0
2024-07-01 12:51:00-04:00,87.22859954833984,87.22859954833984,87.22859954833984,87.22859954833984,276,0.0,0.0,0.0
2024-07-01 12:52:00-04:00,87.18499755859375,87.19999694824219,87.18499755859375,87.19999694824219,2900,0.0,0.0,0.0
2024-07-01 12:53:00-04:00,87.19010162353516,87.19999694824219,87.19010162353516,87.19999694824219,566,0.0,0.0,0.0
2024-07-01 12:55:00-04:00,87.18000030517578,87.18450164794922,87.18000030517578,87.18450164794922,1105,0.0,0.0,0.0
2024-07-01 12:57:00-04:00,87.16500091552734,87.16909790039062,87.13999938964844,87.15010070800781,23116,0.0,0.0,0.0
2024-07-01 12:58:00-04:00,87.18000030517578,87.19499969482422,87.17350006103516,87.17350006103516,687,0.0,0.0,0.0
2024-07-01 12:59:00-04:00,87.18000030517578,87.18000030517578,87.18000030517578,87.18000030517578,289,0.0,0.0,0.0
2024-07-01 13:03:00-04:00,87.16100311279297,87.16999816894531,87.16000366210938,87.16999816894531,10210,0.0,0.0,0.0
2024-07-01 13:05:00-04:00,87.19999694824219,87.19999694824219,87.19999694824219,87.19999694824219,1774,0.0,0.0,0.0
2024-07-01 13:07:00-04:00,87.22000122070312,87.22010040283203,87.22000122070312,87.22010040283203,1039,0.0,0.0,0.0
2024-07-01 13:13:00-04:00,87.22000122070312,87.23419952392578,87.22000122070312,87.23419952392578,1557,0.0,0.0,0.0
2024-07-01 13:15:00-04:00,87.22000122070312,87.22000122070312,87.22000122070312,87.22000122070312,187,0.0,0.0,0.0
2024-07-01 13:16:00-04:00,87.23999786376953,87.25499725341797,87.23629760742188,87.23629760742188,3022,0.0,0.0,0.0
2024-07-01 13:20:00-04:00,87.24500274658203,87.24500274658203,87.24500274658203,87.24500274658203,458,0.0,0.0,0.0
2024-07-01 13:22:00-04:00,87.26000213623047,87.26000213623047,87.25,87.25,304,0.0,0.0,0.0
2024-07-01 13:23:00-04:00,87.2300033569336,87.2300033569336,87.2300033569336,87.2300033569336,218,0.0,0.0,0.0
2024-07-01 13:24:00-04:00,87.22090148925781,87.22429656982422,87.22090148925781,87.22429656982422,2431,0.0,0.0,0.0
2024-07-01 13:28:00-04:00,87.30000305175781,87.30000305175781,87.30000305175781,87.30000305175781,204,0.0,0.0,0.0
2024-07-01 13:30:00-04:00,87.29000091552734,87.29000091552734,87.29000091552734,87.29000091552734,354,0.0,0.0,0.0
2024-07-01 13:33:00-04:00,87.26499938964844,87.26499938964844,87.26499938964844,87.26499938964844,4077,0.0,0.0,0.0
2024-07-01 13:34:00-04:00,87.2782974243164,87.2782974243164,87.2782974243164,87.2782974243164,654,0.0,0.0,0.0
2024-07-01 13:35:00-04:00,87.27010345458984,87.27010345458984,87.2300033569336,87.2300033569336,3041,0.0,0.0,0.0
2024-07-01 13:36:00-04:00,87.27999877929688,87.27999877929688,87.27999877929688,87.27999877929688,203,0.0,0.0,0.0
2024-07-01 13:37:00-04:00,87.2699966430664,87.2699966430664,87.2699966430664,87.2699966430664,141,0.0,0.0,0.0
2024-07-01 13:39:00-04:00,87.25,87.25,87.25,87.25,184,0.0,0.0,0.0
2024-07-01 13:40:00-04:00,87.2699966430664,87.2699966430664,87.26000213623047,87.26000213623047,431,0.0,0.0,0.0
2024-07-01 13:41:00-04:00,87.24030303955078,87.24030303955078,87.24030303955078,87.24030303955078,183,0.0,0.0,0.0
2024-07-01 13:43:00-04:00,87.25509643554688,87.25509643554688,87.25509643554688,87.25509643554688,195,0.0,0.0,0.0
2024-07-01 13:44:00-04:00,87.2509994506836,87.2699966430664,87.2509994506836,87.2699966430664,850,0.0,0.0,0.0
2024-07-01 13:46:00-04:00,87.2300033569336,87.2300033569336,87.2300033569336,87.2300033569336,404,0.0,0.0,0.0
2024-07-01 13:49:00-04:00,87.23290252685547,87.25,87.23290252685547,87.25,1408,0.0,0.0,0.0
2024-07-01 13:50:00-04:00,87.2300033569336,87.2300033569336,87.2300033569336,87.2300033569336,209,0.0,0.0,0.0
2024-07-01 13:51:00-04:00,87.26000213623047,87.2699966430664,87.26000213623047,87.2699966430664,465,0.0,0.0,0.0
2024-07-01 13:52:00-04:00,87.26010131835938,87.2667007446289,87.26010131835938,87.2667007446289,5231,0.0,0.0,0.0
2024-07-01 13:56:00-04:00,87.2249984741211,87.2249984741211,87.2249984741211,87.2249984741211,119,0.0,0.0,0.0
2024-07-01 14:00:00-04:00,87.22000122070312,87.22000122070312,87.19999694824219,87.19999694824219,220,0.0,0.0,0.0
2024-07-01 14:01:00-04:00,87.2300033569336,87.23999786376953,87.2300033569336,87.23999786376953,1050,0.0,0.0,0.0
2024-07-01 14:03:00-04:00,87.24089813232422,87.24089813232422,87.24089813232422,87.24089813232422,123,0.0,0.0,0.0
2024-07-01 14:04:00-04:00,87.23500061035156,87.23500061035156,87.23500061035156,87.23500061035156,710,0.0,0.0,0.0
2024-07-01 14:08:00-04:00,87.2699966430664,87.2699966430664,87.2699966430664,87.2699966430664,10069,0.0,0.0,0.0
2024-07-01 14:10:00-04:00,87.2699966430664,87.27999877929688,87.25,87.2699966430664,145354,0.0,0.0,0.0
2024-07-01 14:11:00-04:00,87.2699966430664,87.30000305175781,87.2699966430664,87.30000305175781,6715,0.0,0.0,0.0
2024-07-01 14:12:00-04:00,87.29499816894531,87.30999755859375,87.29499816894531,87.30999755859375,668,0.0,0.0,0.0
2024-07-01 14:14:00-04:00,87.2699966430664,87.29000091552734,87.2699966430664,87.29000091552734,3695,0.0,0.0,0.0
2024-07-01 14:16:00-04:00,87.30000305175781,87.33989715576172,87.30000305175781,87.33000183105469,2459,0.0,0.0,0.0
2024-07-01 14:17:00-04:00,87.35800170898438,87.35800170898438,87.31999969482422,87.31999969482422,22329,0.0,0.0,0.0
2024-07-01 14:18:00-04:00,87.34700012207031,87.34700012207031,87.33499908447266,87.33499908447266,858,0.0,0.0,0.0
2024-07-01 14:21:00-04:00,87.35350036621094,87.36000061035156,87.35350036621094,87.35919952392578,925,0.0,0.0,0.0
2024-07-01 14:22:00-04:00,87.33940124511719,87.33999633789062,87.33940124511719,87.33999633789062,828,0.0,0.0,0.0
2024-07-01 14:23:00-04:00,87.33000183105469,87.33940124511719,87.31500244140625,87.31999969482422,1974,0.0,0.0,0.0
2024-07-01 14:24:00-04:00,87.30999755859375,87.30999755859375,87.30999755859375,87.30999755859375,881,0.0,0.0,0.0
2024-07-01 14:26:00-04:00,87.2699966430664,87.2699966430664,87.2300033569336,87.2300033569336,898,0.0,0.0,0.0
2024-07-01 14:27:00-04:00,87.20999908447266,87.2300033569336,87.19999694824219,87.22000122070312,1848,0.0,0.0,0.0
2024-07-01 14:29:00-04:00,87.22090148925781,87.22090148925781,87.22090148925781,87.22090148925781,266,0.0,0.0,0.0
2024-07-01 14:30:00-04:00,87.19999694824219,87.19999694824219,87.19999694824219,87.19999694824219,380,0.0,0.0,0.0
2024-07-01 14:31:00-04:00,87.22579956054688,87.22579956054688,87.22579956054688,87.22579956054688,1589,0.0,0.0,0.0
2024-07-01 14:32:00-04:00,87.2490005493164,87.24980163574219,87.23500061035156,87.23500061035156,608,0.0,0.0,0.0
2024-07-01 14:35:00-04:00,87.2699966430664,87.2699966430664,87.2699966430664,87.2699966430664,182,0.0,0.0,0.0
2024-07-01 14:36:00-04:00,87.2699966430664,87.2699966430664,87.2699966430664,87.2699966430664,1156,0.0,0.0,0.0
2024-07-01 14:38:00-04:00,87.27989959716797,87.27989959716797,87.26499938964844,87.2665023803711,2346,0.0,0.0,0.0
2024-07-01 14:39:00-04:00,87.26000213623047,87.26000213623047,87.26000213623047,87.26000213623047,123,0.0,0.0,0.0
2024-07-01 14:40:00-04:00,87.26499938964844,87.26499938964844,87.26499938964844,87.26499938964844,232,0.0,0.0,0.0
2024-07-01 14:41:00-04:00,87.27989959716797,87.27989959716797,87.27269744873047,87.27269744873047,2105,0.0,0.0,0.0
2024-07-01 14:43:00-04:00,87.27989959716797,87.27989959716797,87.27989959716797,87.27989959716797,140,0.0,0.0,0.0
2024-07-01 14:44:00-04:00,87.28700256347656,87.28700256347656,87.28700256347656,87.28700256347656,236,0.0,0.0,0.0
2024-07-01 14:45:00-04:00,87.27880096435547,87.28990173339844,87.27200317382812,87.28990173339844,9202,0.0,0.0,0.0
2024-07-01 14:46:00-04:00,87.2300033569336,87.2499008178711,87.2300033569336,87.2300033569336,1129,0.0,0.0,0.0
2024-07-01 14:47:00-04:00,87.22000122070312,87.22000122070312,87.20999908447266,87.20999908447266,865,0.0,0.0,0.0
2024-07-01 14:48:00-04:00,87.23660278320312,87.24700164794922,87.23660278320312,87.24700164794922,339,0.0,0.0,0.0
2024-07-01 14:49:00-04:00,87.22000122070312,87.22000122070312,87.22000122070312,87.22000122070312,322,0.0,0.0,0.0
2024-07-01 14:51:00-04:00,87.2791976928711,87.2791976928711,87.2791976928711,87.2791976928711,348,0.0,0.0,0.0
2024-07-01 14:52:00-04:00,87.25,87.26000213623047,87.23999786376953,87.26000213623047,753,0.0,0.0,0.0
2024-07-01 14:54:00-04:00,87.26000213623047,87.26000213623047,87.23979949951172,87.23979949951172,3869,0.0,0.0,0.0
2024-07-01 14:56:00-04:00,87.24569702148438,87.26000213623047,87.24569702148438,87.26000213623047,3551,0.0,0.0,0.0
2024-07-01 14:57:00-04:00,87.2699966430664,87.2699966430664,87.2699966430664,87.2699966430664,310,0.0,0.0,0.0
2024-07-01 14:58:00-04:00,87.2699966430664,87.2699966430664,87.2699966430664,87.2699966430664,442,0.0,0.0,0.0
2024-07-01 15:01:00-04:00,87.25,87.25,87.2300033569336,87.2300033569336,707,0.0,0.0,0.0
2024-07-01 15:02:00-04:00,87.24629974365234,87.24629974365234,87.22000122070312,87.22000122070312,408,0.0,0.0,0.0
2024-07-01 15:03:00-04:00,87.20999908447266,87.23989868164062,87.20999908447266,87.22250366210938,775094,0.0,0.0,0.0
2024-07-01 15:04:00-04:00,87.1968002319336,87.1968002319336,87.1968002319336,87.1968002319336,615,0.0,0.0,0.0
2024-07-01 15:08:00-04:00,87.26499938964844,87.26499938964844,87.23999786376953,87.23999786376953,333288,0.0,0.0,0.0
2024-07-01 15:09:00-04:00,87.2699966430664,87.2699966430664,87.2699966430664,87.2699966430664,226,0.0,0.0,0.0
2024-07-01 15:11:00-04:00,87.23999786376953,87.23999786376953,87.23999786376953,87.23999786376953,82210,0.0,0.0,0.0
2024-07-01 15:12:00-04:00,87.25800323486328,87.25800323486328,87.23490142822266,87.24800109863281,1899,0.0,0.0,0.0
2024-07-01 15:14:00-04:00,87.26000213623047,87.26000213623047,87.26000213623047,87.26000213623047,536,0.0,0.0,0.0
2024-07-01 15:15:00-04:00,87.2300033569336,87.23999786376953,87.20999908447266,87.20999908447266,3471,0.0,0.0,0.0
2024-07-01 15:17:00-04:00,87.20500183105469,87.20500183105469,87.19999694824219,87.19999694824219,2019,0.0,0.0,0.0
2024-07-01 15:18:00-04:00,87.19000244140625,87.19000244140625,87.19000244140625,87.19000244140625,385,0.0,0.0,0.0
2024-07-01 15:19:00-04:00,87.19000244140625,87.19000244140625,87.18000030517578,87.19000244140625,10669,0.0,0.0,0.0
2024-07-01 15:21:00-04:00,87.19999694824219,87.20500183105469,87.19999694824219,87.20500183105469,1139,0.0,0.0,0.0
2024-07-01 15:22:00-04:00,87.20500183105469,87.20500183105469,87.20500183105469,87.20500183105469,210,0.0,0.0,0.0
2024-07-01 15:23:00-04:00,87.21990203857422,87.21990203857422,87.20999908447266,87.20999908447266,1567,0.0,0.0,0.0
2024-07-01 15:25:00-04:00,87.18489837646484,87.19989776611328,87.16000366210938,87.16000366210938,7839,0.0,0.0,0.0
2024-07-01 15:26:00-04:00,87.16000366210938,87.16999816894531,87.13999938964844,87.13999938964844,1058,0.0,0.0,0.0
2024-07-01 15:27:00-04:00,87.0999984741211,87.11000061035156,87.0999984741211,87.11000061035156,516,0.0,0.0,0.0
2024-07-01 15:28:00-04:00,87.12999725341797,87.13999938964844,87.12999725341797,87.13999938964844,303,0.0,0.0,0.0
2024-07-01 15:29:00-04:00,87.12999725341797,87.12999725341797,87.12999725341797,87.12999725341797,109,0.0,0.0,0.0
2024-07-01 15:30:00-04:00,87.16899871826172,87.18000030517578,87.16510009765625,87.18000030517578,745,0.0,0.0,0.0
2024-07-01 15:31:00-04:00,87.18000030517578,87.18000030517578,87.18000030517578,87.18000030517578,214,0.0,0.0,0.0
2024-07-01 15:32:00-04:00,87.19000244140625,87.19999694824219,87.19000244140625,87.19000244140625,749,0.0,0.0,0.0
2024-07-01 15:33:00-04:00,87.19000244140625,87.20999908447266,87.19000244140625,87.20999908447266,1986,0.0,0.0,0.0
2024-07-01 15:35:00-04:00,87.23999786376953,87.23999786376953,87.22000122070312,87.22000122070312,711,0.0,0.0,0.0
2024-07-01 15:36:00-04:00,87.22000122070312,87.22000122070312,87.21990203857422,87.21990203857422,426,0.0,0.0,0.0
2024-07-01 15:37:00-04:00,87.18250274658203,87.18250274658203,87.18250274658203,87.18250274658203,826,0.0,0.0,0.0
2024-07-01 15:39:00-04:00,87.19000244140625,87.19000244140625,87.19000244140625,87.19000244140625,206,0.0,0.0,0.0
2024-07-01 15:40:00-04:00,87.19000244140625,87.19000244140625,87.18000030517578,87.18000030517578,359,0.0,0.0,0.0
2024-07-01 15:41:00-04:00,87.16999816894531,87.16999816894531,87.16999816894531,87.16999816894531,38518,0.0,0.0,0.0
2024-07-01 15:42:00-04:00,87.16999816894531,87.16999816894531,87.16899871826172,87.16899871826172,297,0.0,0.0,0.0
2024-07-01 15:43:00-04:00,87.16629791259766,87.16629791259766,87.16629791259766,87.16629791259766,1023,0.0,0.0,0.0
2024-07-01 15:44:00-04:00,87.17900085449219,87.17900085449219,87.17900085449219,87.17900085449219,189,0.0,0.0,0.0
2024-07-01 15:45:00-04:00,87.16999816894531,87.16999816894531,87.1500015258789,87.16000366210938,2925,0.0,0.0,0.0
2024-07-01 15:47:00-04:00,87.16000366210938,87.17900085449219,87.1500015258789,87.17900085449219,2519,0.0,0.0,0.0
2024-07-01 15:48:00-04:00,87.15899658203125,87.15899658203125,87.14900207519531,87.15899658203125,525,0.0,0.0,0.0
2024-07-01 15:50:00-04:00,87.16000366210938,87.19999694824219,87.16000366210938,87.16570281982422,13678,0.0,0.0,0.0
2024-07-01 15:51:00-04:00,87.20999908447266,87.21499633789062,87.20980072021484,87.20980072021484,2411,0.0,0.0,0.0
2024-07-01 15:52:00-04:00,87.2300033569336,87.24009704589844,87.22209930419922,87.24009704589844,5585,0.0,0.0,0.0
2024-07-01 15:53:00-04:00,87.23500061035156,87.23899841308594,87.22000122070312,87.23899841308594,967,0.0,0.0,0.0
2024-07-01 15:54:00-04:00,87.22899627685547,87.23999786376953,87.22000122070312,87.2300033569336,2306,0.0,0.0,0.0
2024-07-01 15:55:00-04:00,87.19000244140625,87.25,87.19000244140625,87.25,81891,0.0,0.0,0.0
2024-07-01 15:56:00-04:00,87.2249984741211,87.26899719238281,87.22010040283203,87.26899719238281,1167,0.0,0.0,0.0
2024-07-01 15:57:00-04:00,87.25,87.25,87.23999786376953,87.25,1305,0.0,0.0,0.0
2024-07-01 15:58:00-04:00,87.25,87.25,87.22000122070312,87.22000122070312,3343,0.0,0.0,0.0
2024-07-01 15:59:00-04:00,87.18000030517578,87.19000244140625,87.13999938964844,87.13999938964844,2222,0.0,0.0,0.0
2024-07-02 09:30:00-04:00,87.11000061035156,87.11000061035156,87.09500122070312,87.09500122070312,4221,0.0,0.0,0.0
2024-07-02 09:31:00-04:00,87.01000213623047,87.02239990234375,87.01000213623047,87.02239990234375,825,0.0,0.0,0.0
2024-07-02 09:32:00-04:00,87.08000183105469,87.13999938964844,87.05000305175781,87.05999755859375,14563,0.0,0.0,0.0
2024-07-02 09:33:00-04:00,87.08000183105469,87.1500015258789,87.06999969482422,87.1500015258789,1236,0.0,0.0,0.0
2024-07-02 09:34:00-04:00,87.18000030517578,87.18000030517578,87.18000030517578,87.18000030517578,326,0.0,0.0,0.0
2024-07-02 09:35:00-04:00,87.23999786376953,87.26000213623047,87.19000244140625,87.26000213623047,2081,0.0,0.0,0.0
2024-07-02 09:36:00-04:00,87.16000366210938,87.20999908447266,87.16000366210938,87.20999908447266,416,0.0,0.0,0.0
2024-07-02 09:38:00-04:00,87.26000213623047,87.2699966430664,87.26000213623047,87.2699966430664,387,0.0,0.0,0.0
2024-07-02 09:39:00-04:00,87.29920196533203,87.37999725341797,87.29920196533203,87.37000274658203,1693,0.0,0.0,0.0
2024-07-02 09:40:00-04:00,87.4343032836914,87.4343032836914,87.4343032836914,87.4343032836914,231,0.0,0.0,0.0
2024-07-02 09:42:00-04:00,87.41999816894531,87.41999816894531,87.41999816894531,87.41999816894531,293,0.0,0.0,0.0
2024-07-02 09:44:00-04:00,87.26249694824219,87.26249694824219,87.21499633789062,87.22000122070312,1552,0.0,0.0,0.0
2024-07-02 09:45:00-04:00,87.27749633789062,87.33000183105469,87.27749633789062,87.33000183105469,2124,0.0,0.0,0.0
2024-07-02 09:46:00-04:00,87.33000183105469,87.3499984741211,87.30999755859375,87.3499984741211,3219,0.0,0.0,0.0
2024-07-02 09:47:00-04:00,87.3030014038086,87.3030014038086,87.3030014038086,87.3030014038086,383,0.0,0.0,0.0
2024-07-02 09:49:00-04:00,87.33180236816406,87.33180236816406,87.30999755859375,87.30999755859375,836,0.0,0.0,0.0
2024-07-02 09:51:00-04:00,87.2699966430664,87.2699966430664,87.2699966430664,87.2699966430664,1001,0.0,0.0,0.0
2024-07-02 09:52:00-04:00,87.27999877929688,87.30000305175781,87.27999877929688,87.29000091552734,2879,0.0,0.0,0.0
2024-07-02 09:55:00-04:00,87.2699966430664,87.2699966430664,87.25,87.26000213623047,1934,0.0,0.0,0.0
2024-07-02 09:56:00-04:00,87.20999908447266,87.20999908447266,87.20999908447266,87.20999908447266,693,0.0,0.0,0.0
2024-07-02 09:58:00-04:00,87.26000213623047,87.26000213623047,87.26000213623047,87.26000213623047,256,0.0,0.0,0.0
2024-07-02 09:59:00-04:00,87.2300033569336,87.2300033569336,87.2300033569336,87.2300033569336,200,0.0,0.0,0.0
2024-07-02 10:00:00-04:00,87.12000274658203,87.2300033569336,87.12000274658203,87.19000244140625,1839,0.0,0.0,0.0
2024-07-02 10:01:00-04:00,87.19000244140625,87.27999877929688,87.19000244140625,87.2699966430664,1222,0.0,0.0,0.0
2024-07-02 10:04:00-04:00,87.30000305175781,87.30999755859375,87.30000305175781,87.30500030517578,1453,0.0,0.0,0.0
2024-07-02 10:05:00-04:00,87.33999633789062,87.36000061035156,87.33999633789062,87.36000061035156,1123,0.0,0.0,0.0
2024-07-02 10:08:00-04:00,87.25250244140625,87.25250244140625,87.25250244140625,87.25250244140625,291,0.0,0.0,0.0
2024-07-02 10:09:00-04:00,87.27999877929688,87.27999877929688,87.2300033569336,87.2300033569336,365,0.0,0.0,0.0
2024-07-02 10:10:00-04:00,87.21499633789062,87.21499633789062,87.11000061035156,87.11000061035156,1270,0.0,0.0,0.0
2024-07-02 10:11:00-04:00,87.06999969482422,87.06999969482422,87.06999969482422,87.06999969482422,311,0.0,0.0,0.0
2024-07-02 10:12:00-04:00,87.1500015258789,87.1500015258789,87.13999938964844,87.13999938964844,330,0.0,0.0,0.0
2024-07-02 10:13:00-04:00,87.18000030517578,87.19999694824219,87.18000030517578,87.19999694824219,905,0.0,0.0,0.0
2024-07-02 10:14:00-04:00,87.22000122070312,87.22000122070312,87.22000122070312,87.22000122070312,874,0.0,0.0,0.0
2024-07-02 10:15:00-04:00,87.11000061035156,87.12999725341797,87.10990142822266,87.12999725341797,1899,0.0,0.0,0.0
2024-07-02 10:16:00-04:00,87.12999725341797,87.1500015258789,87.12999725341797,87.1449966430664,2888,0.0,0.0,0.0
2024-07-02 10:17:00-04:00,87.16000366210938,87.19000244140625,87.16000366210938,87.19000244140625,3127,0.0,0.0,0.0
2024-07-02 10:18:00-04:00,87.18000030517578,87.18000030517578,87.18000030517578,87.18000030517578,260,0.0,0.0,0.0
2024-07-02 10:19:00-04:00,87.19999694824219,87.19999694824219,87.19110107421875,87.19110107421875,748,0.0,0.0,0.0
2024-07-02 10:20:00-04:00,87.21109771728516,87.21109771728516,87.21109771728516,87.21109771728516,107,0.0,0.0,0.0
2024-07-02 10:21:00-04:00,87.2300033569336,87.2300033569336,87.2300033569336,87.2300033569336,303,0.0,0.0,0.0
2024-07-02 10:23:00-04:00,87.23999786376953,87.23999786376953,87.23999786376953,87.23999786376953,276,0.0,0.0,0.0
2024-07-02 10:24:00-04:00,87.20999908447266,87.20999908447266,87.20999908447266,87.20999908447266,115,0.0,0.0,0.0
2024-07-02 10:25:00-04:00,87.27140045166016,87.27140045166016,87.27140045166016,87.27140045166016,1917,0.0,0.0,0.0
2024-07-02 10:26:00-04:00,87.2334976196289,87.2334976196289,87.2334976196289,87.2334976196289,505,0.0,0.0,0.0
2024-07-02 10:27:00-04:00,87.2300033569336,87.2300033569336,87.22049713134766,87.22049713134766,633,0.0,0.0,0.0
2024-07-02 10:29:00-04:00,87.2699966430664,87.2699966430664,87.2699966430664,87.2699966430664,119,0.0,0.0,0.0
2024-07-02 10:30:00-04:00,87.2791976928711,87.2791976928711,87.26499938964844,87.26499938964844,550,0.0,0.0,0.0
2024-07-02 10:33:00-04:00,87.22000122070312,87.22000122070312,87.22000122070312,87.22000122070312,399,0.0,0.0,0.0
2024-07-02 10:35:00-04:00,87.21029663085938,87.21029663085938,87.21029663085938,87.21029663085938,585,0.0,0.0,0.0
2024-07-02 10:37:00-04:00,87.29000091552734,87.30999755859375,87.29000091552734,87.30999755859375,499,0.0,0.0,0.0
2024-07-02 10:38:00-04:00,87.29000091552734,87.29000091552734,87.29000091552734,87.29000091552734,300,0.0,0.0,0.0
2024-07-02 10:39:00-04:00,87.27999877929688,87.30000305175781,87.2699966430664,87.30000305175781,1616,0.0,0.0,0.0
2024-07-02 10:40:00-04:00,87.29000091552734,87.29000091552734,87.29000091552734,87.29000091552734,165,0.0,0.0,0.0
2024-07-02 10:42:00-04:00,87.2699966430664,87.2699966430664,87.25,87.26950073242188,4656,0.0,0.0,0.0
2024-07-02 10:43:00-04:00,87.19999694824219,87.23999786376953,87.19999694824219,87.19999694824219,359,0.0,0.0,0.0
2024-07-02 10:44:00-04:00,87.16000366210938,87.16000366210938,87.16000366210938,87.16000366210938,248,0.0,0.0,0.0
2024-07-02 10:45:00-04:00,87.13999938964844,87.13999938964844,87.13009643554688,87.13009643554688,884,0.0,0.0,0.0
2024-07-02 10:47:00-04:00,87.14009857177734,87.14009857177734,87.14009857177734,87.14009857177734,875,0.0,0.0,0.0
2024-07-02 10:50:00-04:00,87.18000030517578,87.18000030517578,87.18000030517578,87.18000030517578,32975,0.0,0.0,0.0
2024-07-02 10:52:00-04:00,87.13999938964844,87.13999938964844,87.13999938964844,87.13999938964844,604,0.0,0.0,0.0
2024-07-02 10:53:00-04:00,87.12000274658203,87.12000274658203,87.1104965209961,87.1104965209961,925,0.0,0.0,0.0
2024-07-02 10:54:00-04:00,87.11000061035156,87.16000366210938,87.11000061035156,87.16000366210938,397,0.0,0.0,0.0
2024-07-02 10:55:00-04:00,87.16999816894531,87.16999816894531,87.16999816894531,87.16999816894531,1985,0.0,0.0,0.0
2024-07-02 10:57:00-04:00,87.19999694824219,87.19999694824219,87.19999694824219,87.19999694824219,276,0.0,0.0,0.0
2024-07-02 10:58:00-04:00,87.21080017089844,87.21080017089844,87.21080017089844,87.21080017089844,428,0.0,0.0,0.0
2024-07-02 11:03:00-04:00,87.24500274658203,87.24500274658203,87.24500274658203,87.24500274658203,248,0.0,0.0,0.0
2024-07-02 11:04:00-04:00,87.2249984741211,87.2249984741211,87.2249984741211,87.2249984741211,296,0.0,0.0,0.0
2024-07-02 11:05:00-04:00,87.19999694824219,87.20999908447266,87.19000244140625,87.19999694824219,4019,0.0,0.0,0.0
2024-07-02 11:08:00-04:00,87.20999908447266,87.20999908447266,87.20999908447266,87.20999908447266,152,0.0,0.0,0.0
2024-07-02 11:09:00-04:00,87.20999908447266,87.21199798583984,87.20010375976562,87.21199798583984,1737,0.0,0.0,0.0
2024-07-02 11:12:00-04:00,87.23670196533203,87.23670196533203,87.23670196533203,87.23670196533203,350,0.0,0.0,0.0
2024-07-02 11:14:00-04:00,87.24109649658203,87.24109649658203,87.24109649658203,87.24109649658203,11833,0.0,0.0,0.0
2024-07-02 11:15:00-04:00,87.23999786376953,87.23999786376953,87.23999786376953,87.23999786376953,415,0.0,0.0,0.0
2024-07-02 11:18:00-04:00,87.26490020751953,87.26490020751953,87.26490020751953,87.26490020751953,125,0.0,0.0,0.0
2024-07-02 11:19:00-04:00,87.2750015258789,87.2750015258789,87.2750015258789,87.2750015258789,248,0.0,0.0,0.0
2024-07-02 11:24:00-04:00,87.29000091552734,87.30999755859375,87.27999877929688,87.30999755859375,1881,0.0,0.0,0.0
2024-07-02 11:25:00-04:00,87.33000183105469,87.33000183105469,87.33000183105469,87.33000183105469,428,0.0,0.0,0.0
2024-07-02 11:26:00-04:00,87.33000183105469,87.33000183105469,87.33000183105469,87.33000183105469,413,0.0,0.0,0.0
2024-07-02 11:30:00-04:00,87.36000061035156,87.36000061035156,87.36000061035156,87.36000061035156,107,0.0,0.0,0.0
2024-07-02 11:31:00-04:00,87.375,87.40910339355469,87.375,87.40910339355469,342,0.0,0.0,0.0
2024-07-02 11:35:00-04:00,87.3489990234375,87.3489990234375,87.33999633789062,87.33999633789062,520,0.0,0.0,0.0
2024-07-02 11:39:00-04:00,87.36499786376953,87.36499786376953,87.36499786376953,87.36499786376953,1021,0.0,0.0,0.0
2024-07-02 11:40:00-04:00,87.37329864501953,87.37999725341797,87.37329864501953,87.37999725341797,363,0.0,0.0,0.0
2024-07-02 11:41:00-04:00,87.37899780273438,87.37899780273438,87.37000274658203,87.37000274658203,5657,0.0,0.0,0.0
2024-07-02 11:44:00-04:00,87.37000274658203,87.37000274658203,87.33999633789062,87.37000274658203,9605,0.0,0.0,0.0
2024-07-02 11:45:00-04:00,87.38990020751953,87.38990020751953,87.38990020751953,87.38990020751953,229,0.0,0.0,0.0
2024-07-02 11:46:00-04:00,87.38200378417969,87.38200378417969,87.3552017211914,87.3552017211914,2505,0.0,0.0,0.0
2024-07-02 11:49:00-04:00,87.35359954833984,87.35359954833984,87.35359954833984,87.35359954833984,308,0.0,0.0,0.0
2024-07-02 11:52:00-04:00,87.36499786376953,87.36499786376953,87.36499786376953,87.36499786376953,1064,0.0,0.0,0.0
2024-07-02 11:54:00-04:00,87.36000061035156,87.36000061035156,87.33999633789062,87.33999633789062,2063,0.0,0.0,0.0
2024-07-02 12:01:00-04:00,87.2699966430664,87.2699966430664,87.25,87.26000213623047,3236,0.0,0.0,0.0
2024-07-02 12:02:00-04:00,87.27950286865234,87.27950286865234,87.27950286865234,87.27950286865234,184,0.0,0.0,0.0
2024-07-02 12:03:00-04:00,87.29499816894531,87.29499816894531,87.27999877929688,87.27999877929688,494,0.0,0.0,0.0
2024-07-02 12:04:00-04:00,87.2760009765625,87.2760009765625,87.2760009765625,87.2760009765625,709,0.0,0.0,0.0
2024-07-02 12:12:00-04:00,87.32599639892578,87.32599639892578,87.32599639892578,87.32599639892578,142,0.0,0.0,0.0
2024-07-02 12:13:00-04:00,87.32499694824219,87.32499694824219,87.32499694824219,87.32499694824219,115,0.0,0.0,0.0
2024-07-02 12:14:00-04:00,87.31999969482422,87.31999969482422,87.31999969482422,87.31999969482422,163895,0.0,0.0,0.0
2024-07-02 12:15:00-04:00,87.30970001220703,87.30970001220703,87.30970001220703,87.30970001220703,161,0.0,0.0,0.0
2024-07-02 12:16:00-04:00,87.32990264892578,87.33000183105469,87.31009674072266,87.33000183105469,5014,0.0,0.0,0.0
2024-07-02 12:17:00-04:00,87.31999969482422,87.31999969482422,87.31999969482422,87.31999969482422,643,0.0,0.0,0.0
2024-07-02 12:18:00-04:00,87.28099822998047,87.28099822998047,87.28099822998047,87.28099822998047,120,0.0,0.0,0.0
2024-07-02 12:19:00-04:00,87.27999877929688,87.27999877929688,87.27999877929688,87.27999877929688,232,0.0,0.0,0.0
2024-07-02 12:20:00-04:00,87.30000305175781,87.30000305175781,87.30000305175781,87.30000305175781,436,0.0,0.0,0.0
2024-07-02 12:25:00-04:00,87.30999755859375,87.30999755859375,87.30999755859375,87.30999755859375,130,0.0,0.0,0.0
2024-07-02 12:26:00-04:00,87.31330108642578,87.31330108642578,87.31330108642578,87.31330108642578,503,0.0,0.0,0.0
2024-07-02 12:29:00-04:00,87.33999633789062,87.33999633789062,87.33499908447266,87.33499908447266,689,0.0,0.0,0.0
2024-07-02 12:30:00-04:00,87.31890106201172,87.31999969482422,87.31890106201172,87.31999969482422,447,0.0,0.0,0.0
2024-07-02 12:35:00-04:00,87.29000091552734,87.29000091552734,87.29000091552734,87.29000091552734,699,0.0,0.0,0.0
2024-07-02 12:36:00-04:00,87.29989624023438,87.29989624023438,87.29989624023438,87.29989624023438,577,0.0,0.0,0.0
2024-07-02 12:44:00-04:00,87.23999786376953,87.23999786376953,87.23999786376953,87.23999786376953,1058,0.0,0.0,0.0
2024-07-02 12:49:00-04:00,87.21869659423828,87.21869659423828,87.20670318603516,87.20670318603516,692,0.0,0.0,0.0
2024-07-02 12:51:00-04:00,87.20999908447266,87.22000122070312,87.20999908447266,87.22000122070312,333,0.0,0.0,0.0
2024-07-02 12:54:00-04:00,87.19239807128906,87.20890045166016,87.19239807128906,87.20890045166016,466,0.0,0.0,0.0
2024-07-02 12:57:00-04:00,87.14019775390625,87.1500015258789,87.14019775390625,87.1500015258789,1577,0.0,0.0,0.0
2024-07-02 12:58:00-04:00,87.13999938964844,87.13999938964844,87.13999938964844,87.13999938964844,425,0.0,0.0,0.0
2024-07-02 13:00:00-04:00,87.11000061035156,87.11000061035156,87.11000061035156,87.11000061035156,349,0.0,0.0,0.0
2024-07-02 13:04:00-04:00,87.1500015258789,87.1500015258789,87.14029693603516,87.14029693603516,1662,0.0,0.0,0.0
2024-07-02 13:05:00-04:00,87.13999938964844,87.13999938964844,87.13999938964844,87.13999938964844,178,0.0,0.0,0.0
2024-07-02 13:06:00-04:00,87.16000366210938,87.16000366210938,87.16000366210938,87.16000366210938,496,0.0,0.0,0.0
2024-07-02 13:11:00-04:00,87.21109771728516,87.21109771728516,87.20010375976562,87.20010375976562,1472,0.0,0.0,0.0
2024-07-02 13:12:00-04:00,87.21499633789062,87.21499633789062,87.21499633789062,87.21499633789062,311,0.0,0.0,0.0
2024-07-02 13:13:00-04:00,87.2300033569336,87.2300033569336,87.2300033569336,87.2300033569336,413,0.0,0.0,0.0
2024-07-02 13:15:00-04:00,87.2300033569336,87.2300033569336,87.21009826660156,87.21009826660156,312,0.0,0.0,0.0
2024-07-02 13:16:00-04:00,87.22000122070312,87.22000122070312,87.22000122070312,87.22000122070312,276,0.0,0.0,0.0
2024-07-02 13:20:00-04:00,87.22000122070312,87.22000122070312,87.22000122070312,87.22000122070312,649,0.0,0.0,0.0
2024-07-02 13:22:00-04:00,87.19999694824219,87.19999694824219,87.19999694824219,87.19999694824219,137,0.0,0.0,0.0
2024-07-02 13:23:00-04:00,87.20999908447266,87.20999908447266,87.20999908447266,87.20999908447266,397,0.0,0.0,0.0
2024-07-02 13:24:00-04:00,87.2114028930664,87.2114028930664,87.2114028930664,87.2114028930664,207,0.0,0.0,0.0
2024-07-02 13:25:00-04:00,87.20159912109375,87.20999908447266,87.20159912109375,87.20999908447266,796,0.0,0.0,0.0
2024-07-02 13:27:00-04:00,87.2113037109375,87.2113037109375,87.2113037109375,87.2113037109375,175,0.0,0.0,0.0
2024-07-02 13:28:00-04:00,87.21499633789062,87.21499633789062,87.21489715576172,87.21489715576172,361,0.0,0.0,0.0
2024-07-02 13:29:00-04:00,87.19730377197266,87.19730377197266,87.19730377197266,87.19730377197266,687,0.0,0.0,0.0
2024-07-02 13:30:00-04:00,87.18000030517578,87.18000030517578,87.16999816894531,87.16999816894531,472,0.0,0.0,0.0
2024-07-02 13:33:00-04:00,87.16999816894531,87.16999816894531,87.15070343017578,87.15070343017578,939,0.0,0.0,0.0
2024-07-02 13:37:00-04:00,87.13990020751953,87.13990020751953,87.13990020751953,87.13990020751953,259,0.0,0.0,0.0
2024-07-02 13:39:00-04:00,87.12999725341797,87.12999725341797,87.12999725341797,87.12999725341797,245,0.0,0.0,0.0
2024-07-02 13:40:00-04:00,87.11129760742188,87.11129760742188,87.11129760742188,87.11129760742188,120,0.0,0.0,0.0
2024-07-02 13:41:00-04:00,87.12999725341797,87.12999725341797,87.11000061035156,87.11000061035156,4878,0.0,0.0,0.0
2024-07-02 13:42:00-04:00,87.12899780273438,87.12899780273438,87.1249008178711,87.1249008178711,645,0.0,0.0,0.0
2024-07-02 13:45:00-04:00,87.11000061035156,87.11009979248047,87.11000061035156,87.11009979248047,820,0.0,0.0,0.0
2024-07-02 13:46:00-04:00,87.11009979248047,87.11009979248047,87.11009979248047,87.11009979248047,189,0.0,0.0,0.0
2024-07-02 13:48:00-04:00,87.15850067138672,87.15850067138672,87.15850067138672,87.15850067138672,534,0.0,0.0,0.0
2024-07-02 13:50:00-04:00,87.19000244140625,87.19499969482422,87.19000244140625,87.19499969482422,483,0.0,0.0,0.0
2024-07-02 13:53:00-04:00,87.19490051269531,87.19490051269531,87.19490051269531,87.19490051269531,114,0.0,0.0,0.0
2024-07-02 13:54:00-04:00,87.2051010131836,87.2051010131836,87.20339965820312,87.20339965820312,833,0.0,0.0,0.0
2024-07-02 13:55:00-04:00,87.2300033569336,87.2300033569336,87.2300033569336,87.2300033569336,171,0.0,0.0,0.0
2024-07-02 13:56:00-04:00,87.26000213623047,87.2699966430664,87.22000122070312,87.2300033569336,11137,0.0,0.0,0.0
2024-07-02 13:57:00-04:00,87.23500061035156,87.26000213623047,87.23500061035156,87.26000213623047,1761,0.0,0.0,0.0
2024-07-02 13:58:00-04:00,87.25029754638672,87.25029754638672,87.25029754638672,87.25029754638672,148,0.0,0.0,0.0
2024-07-02 13:59:00-04:00,87.2699966430664,87.2699966430664,87.24939727783203,87.24939727783203,899,0.0,0.0,0.0
2024-07-02 14:00:00-04:00,87.25499725341797,87.25499725341797,87.25499725341797,87.25499725341797,2040,0.0,0.0,0.0
2024-07-02 14:02:00-04:00,87.2979965209961,87.30999755859375,87.2979965209961,87.30899810791016,1906,0.0,0.0,0.0
2024-07-02 14:03:00-04:00,87.30000305175781,87.30000305175781,87.30000305175781,87.30000305175781,345,0.0,0.0,0.0
2024-07-02 14:05:00-04:00,87.30999755859375,87.30999755859375,87.30999755859375,87.30999755859375,158,0.0,0.0,0.0
2024-07-02 14:06:00-04:00,87.30999755859375,87.30999755859375,87.30999755859375,87.30999755859375,595,0.0,0.0,0.0
2024-07-02 14:07:00-04:00,87.31999969482422,87.31999969482422,87.31999969482422,87.31999969482422,153,0.0,0.0,0.0
2024-07-02 14:08:00-04:00,87.33999633789062,87.33999633789062,87.33999633789062,87.33999633789062,345,0.0,0.0,0.0
2024-07-02 14:10:00-04:00,87.375,87.38849639892578,87.375,87.38849639892578,735,0.0,0.0,0.0
2024-07-02 14:11:00-04:00,87.4000015258789,87.4000015258789,87.4000015258789,87.4000015258789,371,0.0,0.0,0.0
2024-07-02 14:12:00-04:00,87.41000366210938,87.41000366210938,87.4000015258789,87.41000366210938,2466,0.0,0.0,0.0
2024-07-02 14:14:00-04:00,87.4197998046875,87.41999816894531,87.38999938964844,87.4011001586914,1849,0.0,0.0,0.0
2024-07-02 14:18:00-04:00,87.38500213623047,87.38999938964844,87.38500213623047,87.38999938964844,211,0.0,0.0,0.0
2024-07-02 14:19:00-04:00,87.37650299072266,87.37650299072266,87.37650299072266,87.37650299072266,418,0.0,0.0,0.0
2024-07-02 14:20:00-04:00,87.3499984741211,87.37999725341797,87.3499984741211,87.37999725341797,1039,0.0,0.0,0.0
2024-07-02 14:21:00-04:00,87.38999938964844,87.39620208740234,87.38999938964844,87.39620208740234,227,0.0,0.0,0.0
2024-07-02 14:22:00-04:00,87.4126968383789,87.4126968383789,87.4000015258789,87.4000015258789,1816,0.0,0.0,0.0
2024-07-02 14:25:00-04:00,87.38999938964844,87.38999938964844,87.38999938964844,87.38999938964844,176,0.0,0.0,0.0
2024-07-02 14:26:00-04:00,87.40899658203125,87.41000366210938,87.38999938964844,87.3949966430664,13921,0.0,0.0,0.0
2024-07-02 14:28:00-04:00,87.38529968261719,87.4000015258789,87.38529968261719,87.4000015258789,1921,0.0,0.0,0.0
2024-07-02 14:30:00-04:00,87.37999725341797,87.37999725341797,87.37999725341797,87.37999725341797,307,0.0,0.0,0.0
2024-07-02 14:31:00-04:00,87.37999725341797,87.37999725341797,87.37999725341797,87.37999725341797,361,0.0,0.0,0.0
2024-07-02 14:34:00-04:00,87.38899993896484,87.38899993896484,87.37670135498047,87.37670135498047,349,0.0,0.0,0.0
2024-07-02 14:35:00-04:00,87.37000274658203,87.37000274658203,87.37000274658203,87.37000274658203,246,0.0,0.0,0.0
2024-07-02 14:36:00-04:00,87.37000274658203,87.37000274658203,87.37000274658203,87.37000274658203,124,0.0,0.0,0.0
2024-07-02 14:37:00-04:00,87.37010192871094,87.37010192871094,87.37010192871094,87.37010192871094,451,0.0,0.0,0.0
2024-07-02 14:42:00-04:00,87.36000061035156,87.36000061035156,87.36000061035156,87.36000061035156,175,0.0,0.0,0.0
2024-07-02 14:43:00-04:00,87.3501968383789,87.3501968383789,87.3501968383789,87.3501968383789,239,0.0,0.0,0.0
2024-07-02 14:44:00-04:00,87.37999725341797,87.37999725341797,87.36499786376953,87.36499786376953,302,0.0,0.0,0.0
2024-07-02 14:46:00-04:00,87.36000061035156,87.36499786376953,87.3550033569336,87.35900115966797,7791,0.0,0.0,0.0
2024-07-02 14:47:00-04:00,87.35489654541016,87.36000061035156,87.33999633789062,87.36000061035156,19533,0.0,0.0,0.0
2024-07-02 14:48:00-04:00,87.36000061035156,87.37000274658203,87.36000061035156,87.37000274658203,1732,0.0,0.0,0.0
2024-07-02 14:49:00-04:00,87.36499786376953,87.36499786376953,87.36499786376953,87.36499786376953,316,0.0,0.0,0.0
2024-07-02 14:50:00-04:00,87.381103515625,87.381103515625,87.37999725341797,87.381103515625,274926,0.0,0.0,0.0
2024-07-02 14:51:00-04:00,87.37999725341797,87.38999938964844,87.37999725341797,87.38999938964844,2271,0.0,0.0,0.0
2024-07-02 14:52:00-04:00,87.38999938964844,87.38999938964844,87.38999938964844,87.38999938964844,706,0.0,0.0,0.0
2024-07-02 14:55:00-04:00,87.38999938964844,87.41000366210938,87.38999938964844,87.41000366210938,2146,0.0,0.0,0.0
2024-07-02 14:56:00-04:00,87.41999816894531,87.41999816894531,87.41999816894531,87.41999816894531,354,0.0,0.0,0.0
2024-07-02 14:57:00-04:00,87.43000030517578,87.43000030517578,87.43000030517578,87.43000030517578,1242,0.0,0.0,0.0
2024-07-02 14:59:00-04:00,87.37999725341797,87.37999725341797,87.37000274658203,87.37000274658203,324,0.0,0.0,0.0
2024-07-02 15:00:00-04:00,87.37999725341797,87.37999725341797,87.37999725341797,87.37999725341797,1202,0.0,0.0,0.0
2024-07-02 15:01:00-04:00,87.37999725341797,87.37999725341797,87.37999725341797,87.37999725341797,133,0.0,0.0,0.0
2024-07-02 15:02:00-04:00,87.37999725341797,87.37999725341797,87.37999725341797,87.37999725341797,301,0.0,0.0,0.0
2024-07-02 15:03:00-04:00,87.36000061035156,87.36900329589844,87.33999633789062,87.3499984741211,2615,0.0,0.0,0.0
2024-07-02 15:04:00-04:00,87.33999633789062,87.34960174560547,87.33000183105469,87.34960174560547,592,0.0,0.0,0.0
2024-07-02 15:05:00-04:00,87.34549713134766,87.34549713134766,87.34549713134766,87.34549713134766,1473,0.0,0.0,0.0
2024-07-02 15:06:00-04:00,87.37259674072266,87.37259674072266,87.35669708251953,87.35669708251953,1511,0.0,0.0,0.0
2024-07-02 15:07:00-04:00,87.35330200195312,87.36009979248047,87.35330200195312,87.36009979248047,450,0.0,0.0,0.0
2024-07-02 15:08:00-04:00,87.36669921875,87.36669921875,87.36669921875,87.36669921875,211,0.0,0.0,0.0
2024-07-02 15:09:00-04:00,87.37000274658203,87.37000274658203,87.37000274658203,87.37000274658203,573,0.0,0.0,0.0
2024-07-02 15:11:00-04:00,87.37999725341797,87.4000015258789,87.37999725341797,87.4000015258789,495,0.0,0.0,0.0
2024-07-02 15:12:00-04:00,87.38999938964844,87.38999938964844,87.38500213623047,87.38999938964844,968,0.0,0.0,0.0
2024-07-02 15:13:00-04:00,87.38999938964844,87.41000366210938,87.38999938964844,87.4000015258789,11640,0.0,0.0,0.0
2024-07-02 15:14:00-04:00,87.41000366210938,87.41999816894531,87.41000366210938,87.41999816894531,1235,0.0,0.0,0.0
2024-07-02 15:15:00-04:00,87.41000366210938,87.41000366210938,87.41000366210938,87.41000366210938,307,0.0,0.0,0.0
2024-07-02 15:16:00-04:00,87.41000366210938,87.41999816894531,87.40640258789062,87.41000366210938,3207,0.0,0.0,0.0
2024-07-02 15:17:00-04:00,87.41000366210938,87.41000366210938,87.41000366210938,87.41000366210938,621,0.0,0.0,0.0
2024-07-02 15:18:00-04:00,87.41500091552734,87.41500091552734,87.41500091552734,87.41500091552734,1031,0.0,0.0,0.0
2024-07-02 15:19:00-04:00,87.4114990234375,87.4114990234375,87.41000366210938,87.41000366210938,641,0.0,0.0,0.0
2024-07-02 15:20:00-04:00,87.42669677734375,87.43000030517578,87.42669677734375,87.43000030517578,557,0.0,0.0,0.0
2024-07-02 15:22:00-04:00,87.44000244140625,87.44000244140625,87.43000030517578,87.43000030517578,2675,0.0,0.0,0.0
2024-07-02 15:23:00-04:00,87.4395980834961,87.44000244140625,87.4395980834961,87.43990325927734,3322,0.0,0.0,0.0
2024-07-02 15:26:00-04:00,87.43499755859375,87.44999694824219,87.43499755859375,87.4489974975586,766,0.0,0.0,0.0
2024-07-02 15:28:00-04:00,87.47000122070312,87.4800033569336,87.47000122070312,87.4800033569336,687,0.0,0.0,0.0
2024-07-02 15:29:00-04:00,87.4574966430664,87.4574966430664,87.4574966430664,87.4574966430664,170,0.0,0.0,0.0
2024-07-02 15:30:00-04:00,87.45500183105469,87.45500183105469,87.45500183105469,87.45500183105469,168,0.0,0.0,0.0
2024-07-02 15:31:00-04:00,87.47000122070312,87.4749984741211,87.47000122070312,87.4749984741211,1028,0.0,0.0,0.0
2024-07-02 15:32:00-04:00,87.44999694824219,87.44999694824219,87.44999694824219,87.44999694824219,369,0.0,0.0,0.0
2024-07-02 15:33:00-04:00,87.45999908447266,87.45999908447266,87.45500183105469,87.45989990234375,1338,0.0,0.0,0.0
2024-07-02 15:34:00-04:00,87.45459747314453,87.45459747314453,87.44999694824219,87.44999694824219,645,0.0,0.0,0.0
2024-07-02 15:35:00-04:00,87.44000244140625,87.44000244140625,87.41999816894531,87.43000030517578,1295,0.0,0.0,0.0
2024-07-02 15:36:00-04:00,87.45999908447266,87.46499633789062,87.45500183105469,87.45500183105469,1414,0.0,0.0,0.0
2024-07-02 15:38:00-04:00,87.41999816894531,87.41999816894531,87.41000366210938,87.41000366210938,330,0.0,0.0,0.0
2024-07-02 15:39:00-04:00,87.41000366210938,87.41000366210938,87.41000366210938,87.41000366210938,265,0.0,0.0,0.0
2024-07-02 15:40:00-04:00,87.41000366210938,87.41999816894531,87.40499877929688,87.4136962890625,1875,0.0,0.0,0.0
2024-07-02 15:41:00-04:00,87.41999816894531,87.41999816894531,87.4104995727539,87.4104995727539,1104,0.0,0.0,0.0
2024-07-02 15:42:00-04:00,87.41000366210938,87.41000366210938,87.41000366210938,87.41000366210938,100,0.0,0.0,0.0
2024-07-02 15:43:00-04:00,87.4000015258789,87.4000015258789,87.39459991455078,87.39459991455078,1604,0.0,0.0,0.0
2024-07-02 15:44:00-04:00,87.38999938964844,87.4000015258789,87.38999938964844,87.4000015258789,400,0.0,0.0,0.0
2024-07-02 15:45:00-04:00,87.4000015258789,87.4000015258789,87.4000015258789,87.4000015258789,13695,0.0,0.0,0.0
2024-07-02 15:46:00-04:00,87.4000015258789,87.4000015258789,87.37000274658203,87.37000274658203,801,0.0,0.0,0.0
2024-07-02 15:47:00-04:00,87.36499786376953,87.37000274658203,87.35230255126953,87.35230255126953,10341,0.0,0.0,0.0
2024-07-02 15:48:00-04:00,87.37799835205078,87.38059997558594,87.37000274658203,87.37000274658203,1263,0.0,0.0,0.0
2024-07-02 15:49:00-04:00,87.37000274658203,87.37000274658203,87.33999633789062,87.33999633789062,2072,0.0,0.0,0.0
2024-07-02 15:50:00-04:00,87.33000183105469,87.36000061035156,87.33000183105469,87.36000061035156,8036,0.0,0.0,0.0
2024-07-02 15:52:00-04:00,87.38999938964844,87.38999938964844,87.38999938964844,87.38999938964844,155,0.0,0.0,0.0
2024-07-02 15:54:00-04:00,87.43000030517578,87.43000030517578,87.43000030517578,87.43000030517578,271,0.0,0.0,0.0
2024-07-02 15:55:00-04:00,87.38999938964844,87.38999938964844,87.38999938964844,87.38999938964844,376,0.0,0.0,0.0
2024-07-02 15:56:00-04:00,87.4000015258789,87.4000015258789,87.4000015258789,87.4000015258789,483,0.0,0.0,0.0
2024-07-02 15:57:00-04:00,87.38999938964844,87.38999938964844,87.38999938964844,87.38999938964844,201,0.0,0.0,0.0
2024-07-02 15:58:00-04:00,87.42250061035156,87.44999694824219,87.42250061035156,87.44999694824219,633,0.0,0.0,0.0
2024-07-02 15:59:00-04:00,87.40660095214844,87.44000244140625,87.40660095214844,87.44000244140625,1587,0.0,0.0,0.0
2024-07-03 09:30:00-04:00,87.68000030517578,87.6884994506836,87.63999938964844,87.68000030517578,8132,0.0,0.0,0.0
2024-07-03 09:32:00-04:00,87.56999969482422,87.61000061035156,87.55000305175781,87.61000061035156,1139,0.0,0.0,0.0
2024-07-03 09:33:00-04:00,87.64009857177734,87.64009857177734,87.64009857177734,87.64009857177734,475,0.0,0.0,0.0
2024-07-03 09:34:00-04:00,87.63629913330078,87.63629913330078,87.6072998046875,87.6072998046875,818,0.0,0.0,0.0
2024-07-03 09:35:00-04:00,87.61000061035156,87.61000061035156,87.61000061035156,87.61000061035156,329,0.0,0.0,0.0
2024-07-03 09:36:00-04:00,87.57150268554688,87.63999938964844,87.55999755859375,87.63999938964844,635,0.0,0.0,0.0
2024-07-03 09:37:00-04:00,87.6500015258789,87.69000244140625,87.6500015258789,87.69000244140625,3607,0.0,0.0,0.0
2024-07-03 09:38:00-04:00,87.66999816894531,87.66999816894531,87.66999816894531,87.66999816894531,405,0.0,0.0,0.0
2024-07-03 09:40:00-04:00,87.58999633789062,87.58999633789062,87.58999633789062,87.58999633789062,302,0.0,0.0,0.0
2024-07-03 09:41:00-04:00,87.55000305175781,87.55000305175781,87.51000213623047,87.51260375976562,1507,0.0,0.0,0.0
2024-07-03 09:42:00-04:00,87.44000244140625,87.44999694824219,87.43000030517578,87.44000244140625,18502,0.0,0.0,0.0
2024-07-03 09:43:00-04:00,87.43000030517578,87.45999908447266,87.43000030517578,87.45999908447266,602,0.0,0.0,0.0
2024-07-03 09:44:00-04:00,87.5,87.53780364990234,87.5,87.5199966430664,5288,0.0,0.0,0.0
2024-07-03 09:45:00-04:00,87.52999877929688,87.55999755859375,87.51000213623047,87.55999755859375,6283,0.0,0.0,0.0
2024-07-03 09:46:00-04:00,87.58000183105469,87.61990356445312,87.58000183105469,87.61990356445312,7102,0.0,0.0,0.0
2024-07-03 09:49:00-04:00,87.69619750976562,87.7300033569336,87.69619750976562,87.72000122070312,1080,0.0,0.0,0.0
2024-07-03 09:52:00-04:00,87.74349975585938,87.74349975585938,87.69010162353516,87.69010162353516,1432,0.0,0.0,0.0
2024-07-03 09:53:00-04:00,87.66999816894531,87.66999816894531,87.66999816894531,87.66999816894531,241,0.0,0.0,0.0
2024-07-03 09:55:00-04:00,87.68000030517578,87.68000030517578,87.68000030517578,87.68000030517578,478,0.0,0.0,0.0
2024-07-03 09:58:00-04:00,87.80000305175781,87.80000305175781,87.80000305175781,87.80000305175781,449,0.0,0.0,0.0
2024-07-03 09:59:00-04:00,87.82460021972656,87.82460021972656,87.82460021972656,87.82460021972656,683,0.0,0.0,0.0
2024-07-03 10:00:00-04:00,87.83000183105469,87.86000061035156,87.83000183105469,87.86000061035156,559,0.0,0.0,0.0
2024-07-03 10:01:00-04:00,87.87000274658203,87.87000274658203,87.87000274658203,87.87000274658203,104,0.0,0.0,0.0
2024-07-03 10:02:00-04:00,87.88999938964844,87.94999694824219,87.88999938964844,87.93000030517578,1513,0.0,0.0,0.0
2024-07-03 10:03:00-04:00,87.87999725341797,87.87999725341797,87.87000274658203,87.87000274658203,449,0.0,0.0,0.0
2024-07-03 10:05:00-04:00,87.94000244140625,87.94000244140625,87.94000244140625,87.94000244140625,297,0.0,0.0,0.0
2024-07-03 10:06:00-04:00,87.97000122070312,88.0,87.97000122070312,88.0,536,0.0,0.0,0.0
2024-07-03 10:07:00-04:00,88.00869750976562,88.02279663085938,88.00869750976562,88.02279663085938,1703,0.0,0.0,0.0
2024-07-03 10:10:00-04:00,88.02999877929688,88.02999877929688,88.02999877929688,88.02999877929688,472,0.0,0.0,0.0
2024-07-03 10:12:00-04:00,87.98999786376953,88.05000305175781,87.98999786376953,88.05000305175781,571,0.0,0.0,0.0
2024-07-03 10:15:00-04:00,88.05000305175781,88.05999755859375,88.05000305175781,88.05000305175781,1335,0.0,0.0,0.0
2024-07-03 10:16:00-04:00,88.07499694824219,88.08000183105469,88.07499694824219,88.08000183105469,812,0.0,0.0,0.0
2024-07-03 10:17:00-04:00,88.05999755859375,88.05999755859375,88.05999755859375,88.05999755859375,495,0.0,0.0,0.0
2024-07-03 10:19:00-04:00,88.0199966430664,88.05000305175781,88.0,88.0,13030,0.0,0.0,0.0
2024-07-03 10:20:00-04:00,88.0199966430664,88.04000091552734,88.0199966430664,88.04000091552734,657,0.0,0.0,0.0
2024-07-03 10:21:00-04:00,88.05359649658203,88.05359649658203,88.0186996459961,88.0186996459961,1638,0.0,0.0,0.0
2024-07-03 10:22:00-04:00,88.05000305175781,88.05000305175781,88.05000305175781,88.05000305175781,294,0.0,0.0,0.0
2024-07-03 10:23:00-04:00,88.04000091552734,88.04000091552734,88.02999877929688,88.02999877929688,869,0.0,0.0,0.0
2024-07-03 10:24:00-04:00,88.05899810791016,88.06900024414062,88.04199981689453,88.05999755859375,10739,0.0,0.0,0.0
2024-07-03 10:25:00-04:00,88.05000305175781,88.08000183105469,88.02010345458984,88.08000183105469,6540,0.0,0.0,0.0
2024-07-03 10:26:00-04:00,88.04499816894531,88.04499816894531,88.04499816894531,88.04499816894531,335,0.0,0.0,0.0
2024-07-03 10:27:00-04:00,87.97000122070312,87.97000122070312,87.97000122070312,87.97000122070312,100,0.0,0.0,0.0
2024-07-03 10:28:00-04:00,87.9800033569336,87.9800033569336,87.9800033569336,87.9800033569336,147,0.0,0.0,0.0
2024-07-03 10:29:00-04:00,87.9800033569336,88.00499725341797,87.9800033569336,88.00499725341797,589,0.0,0.0,0.0
2024-07-03 10:30:00-04:00,87.9845962524414,88.0,87.9845962524414,88.0,536,0.0,0.0,0.0
2024-07-03 10:31:00-04:00,88.01499938964844,88.01499938964844,87.99500274658203,87.99500274658203,602,0.0,0.0,0.0
2024-07-03 10:32:00-04:00,88.04000091552734,88.04000091552734,88.02539825439453,88.03690338134766,1288,0.0,0.0,0.0
2024-07-03 10:33:00-04:00,88.05010223388672,88.05010223388672,88.05010223388672,88.05010223388672,162,0.0,0.0,0.0
2024-07-03 10:34:00-04:00,88.02999877929688,88.02999877929688,88.02999877929688,88.02999877929688,817,0.0,0.0,0.0
2024-07-03 10:38:00-04:00,88.02999877929688,88.05999755859375,88.02999877929688,88.05999755859375,378,0.0,0.0,0.0
2024-07-03 10:39:00-04:00,88.0999984741211,88.0999984741211,88.0281982421875,88.0281982421875,1287,0.0,0.0,0.0
2024-07-03 10:40:00-04:00,87.98500061035156,88.01499938964844,87.98500061035156,88.01499938964844,1153,0.0,0.0,0.0
2024-07-03 10:41:00-04:00,87.94000244140625,87.96900177001953,87.94000244140625,87.96900177001953,10057,0.0,0.0,0.0
2024-07-03 10:42:00-04:00,87.94000244140625,87.94000244140625,87.92479705810547,87.92479705810547,2285,0.0,0.0,0.0
2024-07-03 10:43:00-04:00,87.89510345458984,87.91000366210938,87.88999938964844,87.88999938964844,3213,0.0,0.0,0.0
2024-07-03 10:44:00-04:00,87.87999725341797,87.91000366210938,87.87999725341797,87.91000366210938,1572,0.0,0.0,0.0
2024-07-03 10:45:00-04:00,87.87000274658203,87.87000274658203,87.87000274658203,87.87000274658203,378,0.0,0.0,0.0
2024-07-03 10:48:00-04:00,87.9198989868164,87.9198989868164,87.9198989868164,87.9198989868164,4142,0.0,0.0,0.0
2024-07-03 10:49:00-04:00,87.94950103759766,87.94950103759766,87.91649627685547,87.91649627685547,631,0.0,0.0,0.0
2024-07-03 10:50:00-04:00,87.94000244140625,87.94000244140625,87.94000244140625,87.94000244140625,3174,0.0,0.0,0.0
2024-07-03 10:52:00-04:00,87.91999816894531,87.91999816894531,87.91999816894531,87.91999816894531,100,0.0,0.0,0.0
2024-07-03 10:53:00-04:00,87.94999694824219,87.94999694824219,87.89739990234375,87.89739990234375,421,0.0,0.0,0.0
2024-07-03 10:54:00-04:00,87.91000366210938,87.91000366210938,87.91000366210938,87.91000366210938,446,0.0,0.0,0.0
2024-07-03 10:56:00-04:00,87.91619873046875,87.91619873046875,87.91619873046875,87.91619873046875,0,0.0,0.0,0.0
2024-07-03 10:57:00-04:00,87.88999938964844,87.88999938964844,87.87999725341797,87.87999725341797,123897,0.0,0.0,0.0
2024-07-03 10:59:00-04:00,87.83999633789062,87.86920166015625,87.83999633789062,87.86920166015625,489,0.0,0.0,0.0
2024-07-03 11:00:00-04:00,87.8499984741211,87.8499984741211,87.80500030517578,87.82469940185547,904,0.0,0.0,0.0
2024-07-03 11:01:00-04:00,87.83000183105469,87.83999633789062,87.83000183105469,87.83999633789062,820,0.0,0.0,0.0
2024-07-03 11:02:00-04:00,87.83999633789062,87.83999633789062,87.83999633789062,87.83999633789062,190,0.0,0.0,0.0
2024-07-03 11:03:00-04:00,87.80999755859375,87.83000183105469,87.80999755859375,87.83000183105469,568,0.0,0.0,0.0
2024-07-03 11:05:00-04:00,87.83999633789062,87.83999633789062,87.83000183105469,87.83000183105469,386,0.0,0.0,0.0
2024-07-03 11:06:00-04:00,87.80000305175781,87.80000305175781,87.80000305175781,87.80000305175781,129,0.0,0.0,0.0
2024-07-03 11:07:00-04:00,87.79419708251953,87.79419708251953,87.79419708251953,87.79419708251953,373,0.0,0.0,0.0
2024-07-03 11:09:00-04:00,87.80999755859375,87.80999755859375,87.80999755859375,87.80999755859375,153,0.0,0.0,0.0
2024-07-03 11:10:00-04:00,87.80000305175781,87.80999755859375,87.79000091552734,87.80999755859375,709,0.0,0.0,0.0
2024-07-03 11:11:00-04:00,87.77100372314453,87.79000091552734,87.77100372314453,87.79000091552734,628,0.0,0.0,0.0
2024-07-03 11:12:00-04:00,87.80999755859375,87.80999755859375,87.77999877929688,87.77999877929688,594,0.0,0.0,0.0
2024-07-03 11:13:00-04:00,87.7927017211914,87.7927017211914,87.7927017211914,87.7927017211914,1648,0.0,0.0,0.0
2024-07-03 11:14:00-04:00,87.83000183105469,87.83000183105469,87.81320190429688,87.81320190429688,764,0.0,0.0,0.0
2024-07-03 11:16:00-04:00,87.81999969482422,87.81999969482422,87.77999877929688,87.77999877929688,561,0.0,0.0,0.0
2024-07-03 11:18:00-04:00,87.80000305175781,87.81999969482422,87.80000305175781,87.81999969482422,1531,0.0,0.0,0.0
2024-07-03 11:20:00-04:00,87.86579895019531,87.86579895019531,87.86579895019531,87.86579895019531,272,0.0,0.0,0.0
2024-07-03 11:21:00-04:00,87.875,87.875,87.85289764404297,87.85289764404297,667,0.0,0.0,0.0
2024-07-03 11:22:00-04:00,87.89800262451172,87.89800262451172,87.83999633789062,87.83999633789062,1263,0.0,0.0,0.0
2024-07-03 11:23:00-04:00,87.86000061035156,87.86000061035156,87.83000183105469,87.86000061035156,978,0.0,0.0,0.0
2024-07-03 11:24:00-04:00,87.87000274658203,87.87000274658203,87.87000274658203,87.87000274658203,121,0.0,0.0,0.0
2024-07-03 11:25:00-04:00,87.84010314941406,87.84010314941406,87.84010314941406,87.84010314941406,717,0.0,0.0,0.0
2024-07-03 11:26:00-04:00,87.86000061035156,87.86000061035156,87.86000061035156,87.86000061035156,285,0.0,0.0,0.0
2024-07-03 11:28:00-04:00,87.8499984741211,87.8499984741211,87.8499984741211,87.8499984741211,263,0.0,0.0,0.0
2024-07-03 11:29:00-04:00,87.79000091552734,87.79000091552734,87.79000091552734,87.79000091552734,222,0.0,0.0,0.0
2024-07-03 11:30:00-04:00,87.81500244140625,87.81999969482422,87.80500030517578,87.80500030517578,854,0.0,0.0,0.0
2024-07-03 11:31:00-04:00,87.80999755859375,87.81800079345703,87.80000305175781,87.80000305175781,1179,0.0,0.0,0.0
2024-07-03 11:34:00-04:00,87.80000305175781,87.80000305175781,87.80000305175781,87.80000305175781,236,0.0,0.0,0.0
2024-07-03 11:36:00-04:00,87.79000091552734,87.79000091552734,87.7699966430664,87.78119659423828,3177,0.0,0.0,0.0
2024-07-03 11:38:00-04:00,87.76000213623047,87.76000213623047,87.76000213623047,87.76000213623047,151,0.0,0.0,0.0
2024-07-03 11:39:00-04:00,87.76419830322266,87.76419830322266,87.76419830322266,87.76419830322266,352,0.0,0.0,0.0
2024-07-03 11:40:00-04:00,87.76000213623047,87.76000213623047,87.76000213623047,87.76000213623047,805,0.0,0.0,0.0
2024-07-03 11:41:00-04:00,87.72000122070312,87.72000122070312,87.71990203857422,87.72000122070312,680,0.0,0.0,0.0
2024-07-03 11:42:00-04:00,87.72959899902344,87.72959899902344,87.72959899902344,87.72959899902344,1509,0.0,0.0,0.0
2024-07-03 11:43:00-04:00,87.69000244140625,87.69000244140625,87.69000244140625,87.69000244140625,500,0.0,0.0,0.0
2024-07-03 11:45:00-04:00,87.68119812011719,87.68119812011719,87.68119812011719,87.68119812011719,645,0.0,0.0,0.0
2024-07-03 11:46:00-04:00,87.69999694824219,87.69999694824219,87.69999694824219,87.69999694824219,973,0.0,0.0,0.0
2024-07-03 11:47:00-04:00,87.75,87.75,87.75,87.75,100,0.0,0.0,0.0
2024-07-03 11:48:00-04:00,87.75,87.76000213623047,87.75,87.76000213623047,348,0.0,0.0,0.0
2024-07-03 11:49:00-04:00,87.74150085449219,87.75,87.74150085449219,87.75,530,0.0,0.0,0.0
2024-07-03 11:50:00-04:00,87.76000213623047,87.76000213623047,87.76000213623047,87.76000213623047,696,0.0,0.0,0.0
2024-07-03 11:51:00-04:00,87.79000091552734,87.79000091552734,87.79000091552734,87.79000091552734,100,0.0,0.0,0.0
2024-07-03 11:52:00-04:00,87.77999877929688,87.77999877929688,87.76000213623047,87.76200103759766,715,0.0,0.0,0.0
2024-07-03 11:54:00-04:00,87.77999877929688,87.80000305175781,87.75309753417969,87.75309753417969,1516,0.0,0.0,0.0
2024-07-03 11:55:00-04:00,87.7699966430664,87.7699966430664,87.7699966430664,87.7699966430664,152,0.0,0.0,0.0
2024-07-03 11:56:00-04:00,87.7699966430664,87.77999877929688,87.7699966430664,87.77999877929688,515,0.0,0.0,0.0
2024-07-03 11:57:00-04:00,87.77300262451172,87.77300262451172,87.77300262451172,87.77300262451172,0,0.0,0.0,0.0
2024-07-03 11:59:00-04:00,87.76000213623047,87.77999877929688,87.76000213623047,87.77999877929688,157087,0.0,0.0,0.0
2024-07-03 12:00:00-04:00,87.72000122070312,87.72000122070312,87.72000122070312,87.72000122070312,263,0.0,0.0,0.0
2024-07-03 12:01:00-04:00,87.68000030517578,87.72000122070312,87.68000030517578,87.72000122070312,637,0.0,0.0,0.0
2024-07-03 12:02:00-04:00,87.73999786376953,87.73999786376953,87.73999786376953,87.73999786376953,303,0.0,0.0,0.0
2024-07-03 12:03:00-04:00,87.75,87.75,87.75,87.75,469,0.0,0.0,0.0
2024-07-03 12:04:00-04:00,87.73999786376953,87.75,87.73500061035156,87.73500061035156,639,0.0,0.0,0.0
2024-07-03 12:05:00-04:00,87.73500061035156,87.76000213623047,87.73500061035156,87.75,3487,0.0,0.0,0.0
2024-07-03 12:06:00-04:00,87.76000213623047,87.76000213623047,87.76000213623047,87.76000213623047,267,0.0,0.0,0.0
2024-07-03 12:07:00-04:00,87.7699966430664,87.7699966430664,87.7699966430664,87.7699966430664,145,0.0,0.0,0.0
2024-07-03 12:09:00-04:00,87.80000305175781,87.80000305175781,87.80000305175781,87.80000305175781,486,0.0,0.0,0.0
2024-07-03 12:13:00-04:00,87.77999877929688,87.80000305175781,87.7750015258789,87.80000305175781,832,0.0,0.0,0.0
2024-07-03 12:14:00-04:00,87.779296875,87.79000091552734,87.779296875,87.79000091552734,3267,0.0,0.0,0.0
2024-07-03 12:16:00-04:00,87.80000305175781,87.81999969482422,87.80000305175781,87.81680297851562,1247,0.0,0.0,0.0
2024-07-03 12:18:00-04:00,87.79000091552734,87.79000091552734,87.79000091552734,87.79000091552734,202,0.0,0.0,0.0
2024-07-03 12:19:00-04:00,87.79329681396484,87.79329681396484,87.79329681396484,87.79329681396484,702,0.0,0.0,0.0
2024-07-03 12:21:00-04:00,87.79000091552734,87.79000091552734,87.78500366210938,87.78500366210938,398,0.0,0.0,0.0
2024-07-03 12:22:00-04:00,87.80999755859375,87.8145980834961,87.7699966430664,87.7699966430664,777,0.0,0.0,0.0
2024-07-03 12:24:00-04:00,87.81999969482422,87.81999969482422,87.81999969482422,87.81999969482422,384,0.0,0.0,0.0
2024-07-03 12:25:00-04:00,87.82250213623047,87.82250213623047,87.82250213623047,87.82250213623047,702,0.0,0.0,0.0
2024-07-03 12:27:00-04:00,87.83000183105469,87.8499984741211,87.83000183105469,87.8499984741211,798,0.0,0.0,0.0
2024-07-03 12:28:00-04:00,87.83999633789062,87.83999633789062,87.82379913330078,87.83499908447266,902,0.0,0.0,0.0
2024-07-03 12:29:00-04:00,87.83999633789062,87.83999633789062,87.80999755859375,87.80999755859375,861,0.0,0.0,0.0
2024-07-03 12:31:00-04:00,87.81500244140625,87.81999969482422,87.80999755859375,87.81500244140625,575,0.0,0.0,0.0
2024-07-03 12:32:00-04:00,87.80000305175781,87.80000305175781,87.79499816894531,87.79499816894531,1029,0.0,0.0,0.0
2024-07-03 12:33:00-04:00,87.80000305175781,87.80000305175781,87.80000305175781,87.80000305175781,210,0.0,0.0,0.0
2024-07-03 12:35:00-04:00,87.80999755859375,87.81999969482422,87.80229949951172,87.81999969482422,1092,0.0,0.0,0.0
2024-07-03 12:36:00-04:00,87.80999755859375,87.80999755859375,87.80999755859375,87.80999755859375,605,0.0,0.0,0.0
2024-07-03 12:37:00-04:00,87.83999633789062,87.83999633789062,87.83999633789062,87.83999633789062,145,0.0,0.0,0.0
2024-07-03 12:38:00-04:00,87.8499984741211,87.8499984741211,87.8499984741211,87.8499984741211,718,0.0,0.0,0.0
2024-07-03 12:41:00-04:00,87.83000183105469,87.83000183105469,87.82499694824219,87.82499694824219,613,0.0,0.0,0.0
2024-07-03 12:42:00-04:00,87.83000183105469,87.83000183105469,87.83000183105469,87.83000183105469,353,0.0,0.0,0.0
2024-07-03 12:43:00-04:00,87.83999633789062,87.83999633789062,87.83999633789062,87.83999633789062,138,0.0,0.0,0.0
2024-07-03 12:45:00-04:00,87.81749725341797,87.81749725341797,87.80979919433594,87.80979919433594,343,0.0,0.0,0.0
2024-07-05 09:30:00-04:00,87.83999633789062,87.83999633789062,87.58000183105469,87.63999938964844,7945,0.0,0.0,0.0
2024-07-05 09:31:00-04:00,87.64109802246094,87.6509017944336,87.51000213623047,87.55000305175781,943,0.0,0.0,0.0
2024-07-05 09:33:00-04:00,87.54000091552734,87.54000091552734,87.54000091552734,87.54000091552734,208,0.0,0.0,0.0
2024-07-05 09:34:00-04:00,87.5999984741211,87.62999725341797,87.5999984741211,87.5999984741211,579,0.0,0.0,0.0
2024-07-05 09:35:00-04:00,87.63999938964844,87.63999938964844,87.62999725341797,87.62999725341797,335,0.0,0.0,0.0
2024-07-05 09:36:00-04:00,87.63999938964844,87.6449966430664,87.63999938964844,87.6449966430664,796,0.0,0.0,0.0
2024-07-05 09:37:00-04:00,87.5593032836914,87.5593032836914,87.5593032836914,87.5593032836914,527,0.0,0.0,0.0
2024-07-05 09:38:00-04:00,87.58599853515625,87.58599853515625,87.58599853515625,87.58599853515625,104,0.0,0.0,0.0
2024-07-05 09:39:00-04:00,87.5199966430664,87.55500030517578,87.5199966430664,87.55500030517578,2125,0.0,0.0,0.0
2024-07-05 09:41:00-04:00,87.61000061035156,87.63999938964844,87.58999633789062,87.62999725341797,7403,0.0,0.0,0.0
2024-07-05 09:42:00-04:00,87.7300033569336,87.7300033569336,87.7300033569336,87.7300033569336,180,0.0,0.0,0.0
2024-07-05 09:43:00-04:00,87.63059997558594,87.63059997558594,87.63059997558594,87.63059997558594,2476,0.0,0.0,0.0
2024-07-05 09:45:00-04:00,87.62999725341797,87.62999725341797,87.61100006103516,87.61100006103516,554,0.0,0.0,0.0
2024-07-05 09:46:00-04:00,87.62000274658203,87.62000274658203,87.51010131835938,87.51010131835938,352,0.0,0.0,0.0
2024-07-05 09:48:00-04:00,87.5,87.5,87.5,87.5,24727,0.0,0.0,0.0
2024-07-05 09:49:00-04:00,87.47000122070312,87.47000122070312,87.47000122070312,87.47000122070312,203,0.0,0.0,0.0
2024-07-05 09:50:00-04:00,87.37000274658203,87.37000274658203,87.37000274658203,87.37000274658203,192,0.0,0.0,0.0
2024-07-05 09:52:00-04:00,87.29000091552734,87.34500122070312,87.29000091552734,87.34500122070312,873,0.0,0.0,0.0
2024-07-05 09:58:00-04:00,87.3563003540039,87.3563003540039,87.3563003540039,87.3563003540039,414,0.0,0.0,0.0
2024-07-05 09:59:00-04:00,87.36399841308594,87.36399841308594,87.36399841308594,87.36399841308594,113,0.0,0.0,0.0
2024-07-05 10:00:00-04:00,87.33999633789062,87.33999633789062,87.26229858398438,87.30000305175781,2126,0.0,0.0,0.0
2024-07-05 10:01:00-04:00,87.25,87.2699966430664,87.25,87.2699966430664,905,0.0,0.0,0.0
2024-07-05 10:02:00-04:00,87.2300033569336,87.23819732666016,87.19000244140625,87.19000244140625,31634,0.0,0.0,0.0
2024-07-05 10:04:00-04:00,87.16999816894531,87.19000244140625,87.16999816894531,87.19000244140625,416,0.0,0.0,0.0
2024-07-05 10:06:00-04:00,87.13999938964844,87.13999938964844,87.12999725341797,87.12999725341797,600,0.0,0.0,0.0
2024-07-05 10:07:00-04:00,87.1500015258789,87.1500015258789,87.1500015258789,87.1500015258789,132,0.0,0.0,0.0
2024-07-05 10:08:00-04:00,87.08999633789062,87.12999725341797,87.08999633789062,87.08999633789062,985,0.0,0.0,0.0
2024-07-05 10:09:00-04:00,87.11000061035156,87.11000061035156,87.11000061035156,87.11000061035156,318,0.0,0.0,0.0
2024-07-05 10:10:00-04:00,87.0470962524414,87.0470962524414,87.0470962524414,87.0470962524414,174,0.0,0.0,0.0
2024-07-05 10:11:00-04:00,87.01000213623047,87.01000213623047,87.01000213623047,87.01000213623047,120,0.0,0.0,0.0
2024-07-05 10:12:00-04:00,87.0,87.0,87.0,87.0,35219,0.0,0.0,0.0
2024-07-05 10:13:00-04:00,87.16000366210938,87.16000366210938,87.16000366210938,87.16000366210938,419,0.0,0.0,0.0
2024-07-05 10:14:00-04:00,87.11499786376953,87.16130065917969,87.11499786376953,87.16130065917969,646,0.0,0.0,0.0
2024-07-05 10:15:00-04:00,87.08000183105469,87.08000183105469,87.08000183105469,87.08000183105469,314,0.0,0.0,0.0
2024-07-05 10:18:00-04:00,87.05000305175781,87.05000305175781,87.05000305175781,87.05000305175781,125,0.0,0.0,0.0
2024-07-05 10:19:00-04:00,87.05000305175781,87.05000305175781,87.05000305175781,87.05000305175781,191,0.0,0.0,0.0
2024-07-05 10:20:00-04:00,87.01000213623047,87.01000213623047,87.01000213623047,87.01000213623047,100,0.0,0.0,0.0
2024-07-05 10:21:00-04:00,87.02999877929688,87.02999877929688,87.02999877929688,87.02999877929688,127,0.0,0.0,0.0
2024-07-05 10:22:00-04:00,87.0,87.0,87.0,87.0,188,0.0,0.0,0.0
2024-07-05 10:23:00-04:00,86.95010375976562,86.95010375976562,86.95010375976562,86.95010375976562,254,0.0,0.0,0.0
2024-07-05 10:25:00-04:00,86.95040130615234,86.95040130615234,86.95040130615234,86.95040130615234,153,0.0,0.0,0.0
2024-07-05 10:26:00-04:00,86.9800033569336,86.9800033569336,86.9800033569336,86.9800033569336,248,0.0,0.0,0.0
2024-07-05 10:29:00-04:00,86.91999816894531,86.91999816894531,86.91999816894531,86.91999816894531,265,0.0,0.0,0.0
2024-07-05 10:30:00-04:00,86.87999725341797,86.97000122070312,86.87999725341797,86.97000122070312,309,0.0,0.0,0.0
2024-07-05 10:31:00-04:00,87.01000213623047,87.05000305175781,86.95999908447266,86.98829650878906,3091,0.0,0.0,0.0
2024-07-05 10:34:00-04:00,87.0,87.0199966430664,87.0,87.01000213623047,688,0.0,0.0,0.0
2024-07-05 10:36:00-04:00,87.01000213623047,87.01000213623047,87.01000213623047,87.01000213623047,232,0.0,0.0,0.0
2024-07-05 10:37:00-04:00,86.9800033569336,86.9800033569336,86.9800033569336,86.9800033569336,104,0.0,0.0,0.0
2024-07-05 10:43:00-04:00,87.13999938964844,87.13999938964844,87.10009765625,87.10009765625,383,0.0,0.0,0.0
2024-07-05 10:47:00-04:00,87.1990966796875,87.1990966796875,87.1990966796875,87.1990966796875,233,0.0,0.0,0.0
2024-07-05 10:49:00-04:00,87.19000244140625,87.19000244140625,87.18000030517578,87.18000030517578,864,0.0,0.0,0.0
2024-07-05 10:56:00-04:00,87.17500305175781,87.17500305175781,87.17500305175781,87.17500305175781,1385,0.0,0.0,0.0
2024-07-05 10:58:00-04:00,87.1500015258789,87.1500015258789,87.1500015258789,87.1500015258789,279,0.0,0.0,0.0
2024-07-05 11:00:00-04:00,87.125,87.125,87.125,87.125,378,0.0,0.0,0.0
2024-07-05 11:05:00-04:00,87.13500213623047,87.13500213623047,87.13500213623047,87.13500213623047,252,0.0,0.0,0.0
2024-07-05 11:07:00-04:00,87.18000030517578,87.18000030517578,87.18000030517578,87.18000030517578,131,0.0,0.0,0.0
2024-07-05 11:08:00-04:00,87.17500305175781,87.22000122070312,87.17500305175781,87.22000122070312,522,0.0,0.0,0.0
2024-07-05 11:09:00-04:00,87.19999694824219,87.19999694824219,87.19999694824219,87.19999694824219,101,0.0,0.0,0.0
2024-07-05 11:12:00-04:00,87.18499755859375,87.18499755859375,87.18499755859375,87.18499755859375,333,0.0,0.0,0.0
2024-07-05 11:13:00-04:00,87.20249938964844,87.20249938964844,87.20249938964844,87.20249938964844,3158,0.0,0.0,0.0
2024-07-05 11:14:00-04:00,87.19999694824219,87.19999694824219,87.15499877929688,87.15499877929688,859,0.0,0.0,0.0
2024-07-05 11:16:00-04:00,87.15499877929688,87.15499877929688,87.15499877929688,87.15499877929688,684,0.0,0.0,0.0
2024-07-05 11:20:00-04:00,87.12000274658203,87.12000274658203,87.12000274658203,87.12000274658203,160,0.0,0.0,0.0
2024-07-05 11:21:00-04:00,87.10060119628906,87.10060119628906,87.08000183105469,87.08000183105469,772,0.0,0.0,0.0
2024-07-05 11:22:00-04:00,87.08000183105469,87.08000183105469,87.08000183105469,87.08000183105469,385,0.0,0.0,0.0
2024-07-05 11:29:00-04:00,87.08999633789062,87.08999633789062,87.08999633789062,87.08999633789062,179,0.0,0.0,0.0
2024-07-05 11:31:00-04:00,87.06999969482422,87.06999969482422,87.06999969482422,87.06999969482422,162,0.0,0.0,0.0
2024-07-05 11:32:00-04:00,87.05010223388672,87.05290222167969,87.05010223388672,87.05290222167969,1497,0.0,0.0,0.0
2024-07-05 11:33:00-04:00,87.07499694824219,87.07499694824219,87.07499694824219,87.07499694824219,235,0.0,0.0,0.0
2024-07-05 11:36:00-04:00,87.05500030517578,87.05960083007812,87.05500030517578,87.05960083007812,1005,0.0,0.0,0.0
2024-07-05 11:37:00-04:00,87.08999633789062,87.08999633789062,87.08999633789062,87.08999633789062,188,0.0,0.0,0.0
2024-07-05 11:38:00-04:00,87.06880187988281,87.07599639892578,87.05419921875,87.0718002319336,1307,0.0,0.0,0.0
2024-07-05 11:41:00-04:00,87.06999969482422,87.08499908447266,87.06999969482422,87.08499908447266,355,0.0,0.0,0.0
2024-07-05 11:42:00-04:00,87.08999633789062,87.09919738769531,87.08999633789062,87.09919738769531,336,0.0,0.0,0.0
2024-07-05 11:44:00-04:00,87.06900024414062,87.06900024414062,87.06649780273438,87.06649780273438,2073,0.0,0.0,0.0
2024-07-05 11:45:00-04:00,87.08000183105469,87.08000183105469,87.08000183105469,87.08000183105469,142,0.0,0.0,0.0
2024-07-05 11:47:00-04:00,87.08920288085938,87.08920288085938,87.08920288085938,87.08920288085938,303,0.0,0.0,0.0
2024-07-05 11:50:00-04:00,87.08999633789062,87.08999633789062,87.08999633789062,87.08999633789062,1090,0.0,0.0,0.0
2024-07-05 11:53:00-04:00,87.08000183105469,87.08000183105469,87.08000183105469,87.08000183105469,374,0.0,0.0,0.0
2024-07-05 11:54:00-04:00,87.02999877929688,87.02999877929688,87.02999877929688,87.02999877929688,246,0.0,0.0,0.0
2024-07-05 11:57:00-04:00,87.0199966430664,87.0199966430664,87.0199966430664,87.0199966430664,366,0.0,0.0,0.0
2024-07-05 12:00:00-04:00,87.0199966430664,87.0199966430664,87.0199966430664,87.0199966430664,374,0.0,0.0,0.0
2024-07-05 12:02:00-04:00,87.01000213623047,87.01000213623047,87.00990295410156,87.00990295410156,408,0.0,0.0,0.0
2024-07-05 12:06:00-04:00,87.0,87.0,87.0,87.0,450,0.0,0.0,0.0
2024-07-05 12:07:00-04:00,86.993896484375,86.993896484375,86.993896484375,86.993896484375,196,0.0,0.0,0.0
2024-07-05 12:08:00-04:00,87.0145034790039,87.02069854736328,87.0145034790039,87.02069854736328,1331,0.0,0.0,0.0
2024-07-05 12:28:00-04:00,87.03469848632812,87.03469848632812,87.03469848632812,87.03469848632812,238,0.0,0.0,0.0
2024-07-05 12:30:00-04:00,87.01000213623047,87.01909637451172,87.01000213623047,87.01909637451172,736,0.0,0.0,0.0
2024-07-05 12:35:00-04:00,87.03900146484375,87.03900146484375,87.03900146484375,87.03900146484375,340,0.0,0.0,0.0
2024-07-05 12:36:00-04:00,87.0199966430664,87.0199966430664,87.0199966430664,87.0199966430664,218,0.0,0.0,0.0
2024-07-05 12:37:00-04:00,87.03350067138672,87.03350067138672,87.03350067138672,87.03350067138672,4163,0.0,0.0,0.0
2024-07-05 12:39:00-04:00,87.04609680175781,87.04609680175781,87.04609680175781,87.04609680175781,363,0.0,0.0,0.0
2024-07-05 12:43:00-04:00,87.02010345458984,87.02010345458984,87.02010345458984,87.02010345458984,1657,0.0,0.0,0.0
2024-07-05 12:51:00-04:00,87.05999755859375,87.05999755859375,87.05999755859375,87.05999755859375,393,0.0,0.0,0.0
2024-07-05 12:55:00-04:00,87.11000061035156,87.11000061035156,87.11000061035156,87.11000061035156,204,0.0,0.0,0.0
2024-07-05 13:00:00-04:00,87.12000274658203,87.12000274658203,87.11000061035156,87.11000061035156,737,0.0,0.0,0.0
2024-07-05 13:10:00-04:00,87.11000061035156,87.11000061035156,87.11000061035156,87.11000061035156,827,0.0,0.0,0.0
2024-07-05 13:23:00-04:00,87.05500030517578,87.06990051269531,87.05500030517578,87.06990051269531,345,0.0,0.0,0.0
2024-07-05 13:26:00-04:00,87.0979995727539,87.0979995727539,87.08000183105469,87.08000183105469,1291,0.0,0.0,0.0
2024-07-05 13:29:00-04:00,87.06839752197266,87.06839752197266,87.06839752197266,87.06839752197266,2212,0.0,0.0,0.0
2024-07-05 13:31:00-04:00,87.08000183105469,87.08000183105469,87.08000183105469,87.08000183105469,411,0.0,0.0,0.0
2024-07-05 13:36:00-04:00,87.05899810791016,87.05899810791016,87.05899810791016,87.05899810791016,108,0.0,0.0,0.0
2024-07-05 13:37:00-04:00,87.06999969482422,87.06999969482422,87.06999969482422,87.06999969482422,386,0.0,0.0,0.0
2024-07-05 13:39:00-04:00,87.11499786376953,87.11499786376953,87.11499786376953,87.11499786376953,157,0.0,0.0,0.0
2024-07-05 13:40:00-04:00,87.0999984741211,87.0999984741211,87.0999984741211,87.0999984741211,209,0.0,0.0,0.0
2024-07-05 13:46:00-04:00,87.152099609375,87.152099609375,87.1500015258789,87.1500015258789,204,0.0,0.0,0.0
2024-07-05 13:47:00-04:00,87.154296875,87.154296875,87.154296875,87.154296875,110,0.0,0.0,0.0
2024-07-05 13:48:00-04:00,87.13999938964844,87.13999938964844,87.12000274658203,87.12999725341797,3375,0.0,0.0,0.0
2024-07-05 13:51:00-04:00,87.12999725341797,87.12999725341797,87.12999725341797,87.12999725341797,178,0.0,0.0,0.0
2024-07-05 13:52:00-04:00,87.13999938964844,87.13999938964844,87.13999938964844,87.13999938964844,263,0.0,0.0,0.0
2024-07-05 13:55:00-04:00,87.16999816894531,87.16999816894531,87.16999816894531,87.16999816894531,332,0.0,0.0,0.0
2024-07-05 13:57:00-04:00,87.1343002319336,87.13999938964844,87.1343002319336,87.13999938964844,820,0.0,0.0,0.0
2024-07-05 13:58:00-04:00,87.13999938964844,87.13999938964844,87.13999938964844,87.13999938964844,1036,0.0,0.0,0.0
2024-07-05 14:01:00-04:00,87.12999725341797,87.12999725341797,87.12000274658203,87.12950134277344,1922,0.0,0.0,0.0
2024-07-05 14:03:00-04:00,87.12999725341797,87.12999725341797,87.11000061035156,87.11000061035156,419,0.0,0.0,0.0
2024-07-05 14:08:00-04:00,87.11499786376953,87.11499786376953,87.11499786376953,87.11499786376953,679,0.0,0.0,0.0
2024-07-05 14:09:00-04:00,87.11000061035156,87.12000274658203,87.11000061035156,87.12000274658203,2026,0.0,0.0,0.0
2024-07-05 14:11:00-04:00,87.0999984741211,87.0999984741211,87.0999984741211,87.0999984741211,2242,0.0,0.0,0.0
2024-07-05 14:12:00-04:00,87.08100128173828,87.08100128173828,87.08100128173828,87.08100128173828,500,0.0,0.0,0.0
2024-07-05 14:13:00-04:00,87.0801010131836,87.0801010131836,87.0801010131836,87.0801010131836,261,0.0,0.0,0.0
2024-07-05 14:14:00-04:00,87.11979675292969,87.11979675292969,87.11979675292969,87.11979675292969,4629,0.0,0.0,0.0
2024-07-05 14:15:00-04:00,87.11000061035156,87.11000061035156,87.11000061035156,87.11000061035156,182,0.0,0.0,0.0
2024-07-05 14:18:00-04:00,87.11000061035156,87.11000061035156,87.11000061035156,87.11000061035156,100,0.0,0.0,0.0
2024-07-05 14:19:00-04:00,87.0999984741211,87.0999984741211,87.0999984741211,87.0999984741211,100614,0.0,0.0,0.0
2024-07-05 14:20:00-04:00,87.11499786376953,87.11499786376953,87.11499786376953,87.11499786376953,363,0.0,0.0,0.0
2024-07-05 14:23:00-04:00,87.08999633789062,87.08999633789062,87.08999633789062,87.08999633789062,130,0.0,0.0,0.0
2024-07-05 14:26:00-04:00,87.09919738769531,87.09919738769531,87.09919738769531,87.09919738769531,866,0.0,0.0,0.0
2024-07-05 14:28:00-04:00,87.0999984741211,87.0999984741211,87.0999984741211,87.0999984741211,117,0.0,0.0,0.0
2024-07-05 14:31:00-04:00,87.08000183105469,87.08000183105469,87.08000183105469,87.08000183105469,206,0.0,0.0,0.0
2024-07-05 14:33:00-04:00,87.0781021118164,87.0781021118164,87.0781021118164,87.0781021118164,252,0.0,0.0,0.0
2024-07-05 14:35:00-04:00,87.11000061035156,87.11000061035156,87.11000061035156,87.11000061035156,691,0.0,0.0,0.0
2024-07-05 14:37:00-04:00,87.11000061035156,87.11000061035156,87.11000061035156,87.11000061035156,231,0.0,0.0,0.0
2024-07-05 14:39:00-04:00,87.10980224609375,87.10980224609375,87.10980224609375,87.10980224609375,773,0.0,0.0,0.0
2024-07-05 14:40:00-04:00,87.11000061035156,87.11000061035156,87.11000061035156,87.11000061035156,112,0.0,0.0,0.0
2024-07-05 14:43:00-04:00,87.14920043945312,87.14920043945312,87.12770080566406,87.12770080566406,587,0.0,0.0,0.0
2024-07-05 14:44:00-04:00,87.12999725341797,87.12999725341797,87.12999725341797,87.12999725341797,156,0.0,0.0,0.0
2024-07-05 14:46:00-04:00,87.12460327148438,87.12460327148438,87.12460327148438,87.12460327148438,190,0.0,0.0,0.0
2024-07-05 14:48:00-04:00,87.16200256347656,87.16200256347656,87.16200256347656,87.16200256347656,331,0.0,0.0,0.0
2024-07-05 14:49:00-04:00,87.16000366210938,87.16000366210938,87.16000366210938,87.16000366210938,225,0.0,0.0,0.0
2024-07-05 14:51:00-04:00,87.16000366210938,87.16000366210938,87.15499877929688,87.15499877929688,1386,0.0,0.0,0.0
2024-07-05 14:52:00-04:00,87.18000030517578,87.18000030517578,87.16999816894531,87.18000030517578,883,0.0,0.0,0.0
2024-07-05 14:55:00-04:00,87.15049743652344,87.1592025756836,87.15049743652344,87.1592025756836,428,0.0,0.0,0.0
2024-07-05 14:57:00-04:00,87.16619873046875,87.17919921875,87.16619873046875,87.17919921875,901,0.0,0.0,0.0
2024-07-05 14:59:00-04:00,87.19000244140625,87.19000244140625,87.18499755859375,87.18499755859375,287,0.0,0.0,0.0
2024-07-05 15:01:00-04:00,87.19999694824219,87.19999694824219,87.18499755859375,87.18499755859375,1464,0.0,0.0,0.0
2024-07-05 15:02:00-04:00,87.18000030517578,87.18000030517578,87.18000030517578,87.18000030517578,301,0.0,0.0,0.0
2024-07-05 15:04:00-04:00,87.20999908447266,87.20999908447266,87.20999908447266,87.20999908447266,772,0.0,0.0,0.0
2024-07-05 15:07:00-04:00,87.1760025024414,87.1760025024414,87.16999816894531,87.16999816894531,674,0.0,0.0,0.0
2024-07-05 15:10:00-04:00,87.18000030517578,87.18000030517578,87.1500015258789,87.17990112304688,3395,0.0,0.0,0.0
2024-07-05 15:11:00-04:00,87.16999816894531,87.16999816894531,87.16999816894531,87.16999816894531,299,0.0,0.0,0.0
2024-07-05 15:12:00-04:00,87.18000030517578,87.18000030517578,87.17520141601562,87.17520141601562,293,0.0,0.0,0.0
2024-07-05 15:14:00-04:00,87.18499755859375,87.19000244140625,87.18499755859375,87.19000244140625,956,0.0,0.0,0.0
2024-07-05 15:15:00-04:00,87.19000244140625,87.19000244140625,87.19000244140625,87.19000244140625,130,0.0,0.0,0.0
2024-07-05 15:17:00-04:00,87.19989776611328,87.19989776611328,87.19989776611328,87.19989776611328,748,0.0,0.0,0.0
2024-07-05 15:18:00-04:00,87.19000244140625,87.19000244140625,87.19000244140625,87.19000244140625,352,0.0,0.0,0.0
2024-07-05 15:19:00-04:00,87.19999694824219,87.19999694824219,87.19999694824219,87.19999694824219,361,0.0,0.0,0.0
2024-07-05 15:21:00-04:00,87.19999694824219,87.19999694824219,87.18879699707031,87.18879699707031,335,0.0,0.0,0.0
2024-07-05 15:22:00-04:00,87.19039916992188,87.20999908447266,87.19039916992188,87.20999908447266,1045,0.0,0.0,0.0
2024-07-05 15:23:00-04:00,87.20490264892578,87.20490264892578,87.19129943847656,87.19129943847656,221,0.0,0.0,0.0
2024-07-05 15:24:00-04:00,87.19499969482422,87.19499969482422,87.19020080566406,87.19020080566406,348,0.0,0.0,0.0
2024-07-05 15:25:00-04:00,87.18000030517578,87.18000030517578,87.18000030517578,87.18000030517578,286,0.0,0.0,0.0
2024-07-05 15:26:00-04:00,87.18000030517578,87.18000030517578,87.18000030517578,87.18000030517578,320,0.0,0.0,0.0
2024-07-05 15:27:00-04:00,87.16000366210938,87.16000366210938,87.16000366210938,87.16000366210938,265,0.0,0.0,0.0
2024-07-05 15:29:00-04:00,87.18000030517578,87.18000030517578,87.16999816894531,87.16999816894531,828,0.0,0.0,0.0
2024-07-05 15:30:00-04:00,87.1500015258789,87.1500015258789,87.1500015258789,87.1500015258789,122,0.0,0.0,0.0
2024-07-05 15:31:00-04:00,87.1449966430664,87.1449966430664,87.1449966430664,87.1449966430664,383,0.0,0.0,0.0
2024-07-05 15:34:00-04:00,87.1500015258789,87.1500015258789,87.13999938964844,87.13999938964844,442,0.0,0.0,0.0
2024-07-05 15:36:00-04:00,87.14289855957031,87.14289855957031,87.14289855957031,87.14289855957031,536,0.0,0.0,0.0
2024-07-05 15:37:00-04:00,87.19000244140625,87.19000244140625,87.19000244140625,87.19000244140625,129,0.0,0.0,0.0
2024-07-05 15:38:00-04:00,87.17739868164062,87.17739868164062,87.17739868164062,87.17739868164062,277,0.0,0.0,0.0
2024-07-05 15:40:00-04:00,87.19000244140625,87.19989776611328,87.19000244140625,87.19989776611328,391,0.0,0.0,0.0
2024-07-05 15:42:00-04:00,87.18990325927734,87.18990325927734,87.18990325927734,87.18990325927734,2049,0.0,0.0,0.0
2024-07-05 15:43:00-04:00,87.19000244140625,87.19000244140625,87.19000244140625,87.19000244140625,169,0.0,0.0,0.0
2024-07-05 15:44:00-04:00,87.19999694824219,87.19999694824219,87.19999694824219,87.19999694824219,169,0.0,0.0,0.0
2024-07-05 15:48:00-04:00,87.20999908447266,87.22000122070312,87.20999908447266,87.22000122070312,583,0.0,0.0,0.0
2024-07-05 15:49:00-04:00,87.22599792480469,87.22599792480469,87.22599792480469,87.22599792480469,161,0.0,0.0,0.0
2024-07-05 15:50:00-04:00,87.2300033569336,87.2699966430664,87.2300033569336,87.2699966430664,1011,0.0,0.0,0.0
2024-07-05 15:51:00-04:00,87.35009765625,87.35009765625,87.35009765625,87.35009765625,524,0.0,0.0,0.0
2024-07-05 15:52:00-04:00,87.3499984741211,87.37999725341797,87.33999633789062,87.37999725341797,808,0.0,0.0,0.0
2024-07-05 15:53:00-04:00,87.37000274658203,87.37000274658203,87.36000061035156,87.36000061035156,678,0.0,0.0,0.0
2024-07-05 15:55:00-04:00,87.37000274658203,87.37000274658203,87.33999633789062,87.33999633789062,1016,0.0,0.0,0.0
2024-07-05 15:57:00-04:00,87.32679748535156,87.32679748535156,87.30000305175781,87.30000305175781,527,0.0,0.0,0.0
2024-07-05 15:58:00-04:00,87.29000091552734,87.30999755859375,87.2699966430664,87.2699966430664,1084,0.0,0.0,0.0
2024-07-05 15:59:00-04:00,87.25,87.25,87.23500061035156,87.23500061035156,1093,0.0,0.0,0.0
