Datetime,Open,High,Low,Close,Volume,Dividends,Stock Splits,Capital Gains
2024-07-01 09:30:00-04:00,31.079999923706055,31.079999923706055,31.079999923706055,31.079999923706055,0,0.0,0.0,0.0
2024-07-01 09:31:00-04:00,31.1299991607666,31.1299991607666,31.1299991607666,31.1299991607666,101,0.0,0.0,0.0
2024-07-01 09:36:00-04:00,31.149200439453125,31.149999618530273,31.149200439453125,31.149999618530273,309,0.0,0.0,0.0
2024-07-01 09:39:00-04:00,31.1200008392334,31.1200008392334,31.1200008392334,31.1200008392334,154,0.0,0.0,0.0
2024-07-01 09:43:00-04:00,31.104999542236328,31.104999542236328,31.104999542236328,31.104999542236328,580,0.0,0.0,0.0
2024-07-01 09:48:00-04:00,31.084999084472656,31.084999084472656,31.079999923706055,31.079999923706055,504,0.0,0.0,0.0
2024-07-01 09:53:00-04:00,31.06999969482422,31.06999969482422,31.06999969482422,31.06999969482422,110,0.0,0.0,0.0
2024-07-01 09:56:00-04:00,31.07029914855957,31.07029914855957,31.07029914855957,31.07029914855957,328,0.0,0.0,0.0
2024-07-01 09:57:00-04:00,31.079999923706055,31.079999923706055,31.079999923706055,31.079999923706055,119,0.0,0.0,0.0
2024-07-01 09:58:00-04:00,31.094999313354492,31.100000381469727,31.094999313354492,31.100000381469727,1685,0.0,0.0,0.0
2024-07-01 10:00:00-04:00,31.120100021362305,31.120100021362305,31.120100021362305,31.120100021362305,2001,0.0,0.0,0.0
2024-07-01 10:02:00-04:00,31.110000610351562,31.110000610351562,31.110000610351562,31.110000610351562,6428,0.0,0.0,0.0
2024-07-01 10:04:00-04:00,31.102399826049805,31.102399826049805,31.102399826049805,31.102399826049805,170,0.0,0.0,0.0
2024-07-01 10:07:00-04:00,31.100000381469727,31.100000381469727,31.100000381469727,31.100000381469727,217,0.0,0.0,0.0
2024-07-01 10:10:00-04:00,31.079999923706055,31.079999923706055,31.079999923706055,31.079999923706055,429,0.0,0.0,0.0
2024-07-01 10:11:00-04:00,31.040000915527344,31.040000915527344,31.040000915527344,31.040000915527344,189,0.0,0.0,0.0
2024-07-01 10:19:00-04:00,31.040199279785156,31.040199279785156,31.040199279785156,31.040199279785156,920,0.0,0.0,0.0
2024-07-01 10:22:00-04:00,31.030000686645508,31.030000686645508,31.030000686645508,31.030000686645508,887,0.0,0.0,0.0
2024-07-01 10:27:00-04:00,31.049999237060547,31.049999237060547,31.049999237060547,31.049999237060547,652,0.0,0.0,0.0
2024-07-01 10:31:00-04:00,31.040000915527344,31.040000915527344,31.040000915527344,31.040000915527344,106,0.0,0.0,0.0
2024-07-01 10:32:00-04:00,31.040000915527344,31.040000915527344,31.034400939941406,31.034400939941406,535,0.0,0.0,0.0
2024-07-01 10:35:00-04:00,31.0,31.0,31.0,31.0,192,0.0,0.0,0.0
2024-07-01 10:37:00-04:00,30.999900817871094,30.999900817871094,30.999900817871094,30.999900817871094,3368,0.0,0.0,0.0
2024-07-01 10:41:00-04:00,30.979900360107422,30.979900360107422,30.979900360107422,30.979900360107422,254,0.0,0.0,0.0
2024-07-01 10:42:00-04:00,30.969999313354492,30.975000381469727,30.969999313354492,30.975000381469727,631,0.0,0.0,0.0
2024-07-01 10:43:00-04:00,30.970500946044922,30.970500946044922,30.970500946044922,30.970500946044922,356,0.0,0.0,0.0
2024-07-01 10:44:00-04:00,30.979999542236328,30.979999542236328,30.975000381469727,30.975000381469727,270,0.0,0.0,0.0
2024-07-01 10:50:00-04:00,30.97369956970215,30.97369956970215,30.97369956970215,30.97369956970215,207,0.0,0.0,0.0
2024-07-01 10:52:00-04:00,30.975000381469727,30.975000381469727,30.975000381469727,30.975000381469727,232,0.0,0.0,0.0
2024-07-01 10:53:00-04:00,30.969999313354492,30.969999313354492,30.969999313354492,30.969999313354492,100,0.0,0.0,0.0
2024-07-01 10:54:00-04:00,30.969999313354492,30.969999313354492,30.969900131225586,30.969900131225586,202,0.0,0.0,0.0
2024-07-01 10:55:00-04:00,30.959999084472656,30.959999084472656,30.959999084472656,30.959999084472656,436,0.0,0.0,0.0
2024-07-01 10:57:00-04:00,30.981700897216797,30.981700897216797,30.981700897216797,30.981700897216797,349,0.0,0.0,0.0
2024-07-01 11:01:00-04:00,30.979999542236328,30.979999542236328,30.979999542236328,30.979999542236328,282,0.0,0.0,0.0
2024-07-01 11:10:00-04:00,31.0,31.0,31.0,31.0,104,0.0,0.0,0.0
2024-07-01 11:14:00-04:00,31.010099411010742,31.010099411010742,31.010099411010742,31.010099411010742,171,0.0,0.0,0.0
2024-07-01 11:22:00-04:00,31.010000228881836,31.010000228881836,31.0049991607666,31.0049991607666,210,0.0,0.0,0.0
2024-07-01 11:23:00-04:00,30.989999771118164,30.9950008392334,30.989999771118164,30.989999771118164,1154,0.0,0.0,0.0
2024-07-01 11:24:00-04:00,30.989999771118164,30.989999771118164,30.989999771118164,30.989999771118164,240,0.0,0.0,0.0
2024-07-01 11:25:00-04:00,30.987300872802734,30.987300872802734,30.987300872802734,30.987300872802734,218,0.0,0.0,0.0
2024-07-01 11:26:00-04:00,31.0,31.0,31.0,31.0,278,0.0,0.0,0.0
2024-07-01 11:31:00-04:00,30.9950008392334,30.9950008392334,30.9950008392334,30.9950008392334,215,0.0,0.0,0.0
2024-07-01 11:38:00-04:00,30.989999771118164,30.989999771118164,30.989999771118164,30.989999771118164,120,0.0,0.0,0.0
2024-07-01 11:41:00-04:00,31.010000228881836,31.010000228881836,31.010000228881836,31.010000228881836,531,0.0,0.0,0.0
2024-07-01 11:58:00-04:00,31.010000228881836,31.010000228881836,31.010000228881836,31.010000228881836,131,0.0,0.0,0.0
2024-07-01 11:59:00-04:00,31.014999389648438,31.014999389648438,31.014999389648438,31.014999389648438,632,0.0,0.0,0.0
2024-07-01 12:10:00-04:00,31.03499984741211,31.03499984741211,31.03499984741211,31.03499984741211,201,0.0,0.0,0.0
2024-07-01 12:17:00-04:00,31.045000076293945,31.045000076293945,31.045000076293945,31.045000076293945,420,0.0,0.0,0.0
2024-07-01 12:23:00-04:00,31.045000076293945,31.045000076293945,31.045000076293945,31.045000076293945,100,0.0,0.0,0.0
2024-07-01 12:26:00-04:00,31.049999237060547,31.049999237060547,31.049999237060547,31.049999237060547,180,0.0,0.0,0.0
2024-07-01 12:29:00-04:00,31.05970001220703,31.05970001220703,31.05970001220703,31.05970001220703,1230,0.0,0.0,0.0
2024-07-01 12:31:00-04:00,31.05139923095703,31.05139923095703,31.050100326538086,31.050100326538086,1874,0.0,0.0,0.0
2024-07-01 12:32:00-04:00,31.05620002746582,31.05620002746582,31.05620002746582,31.05620002746582,115,0.0,0.0,0.0
2024-07-01 12:34:00-04:00,31.05500030517578,31.05500030517578,31.05500030517578,31.05500030517578,100,0.0,0.0,0.0
2024-07-01 12:35:00-04:00,31.054899215698242,31.054899215698242,31.054899215698242,31.054899215698242,1040,0.0,0.0,0.0
2024-07-01 12:36:00-04:00,31.059999465942383,31.059999465942383,31.059999465942383,31.059999465942383,100,0.0,0.0,0.0
2024-07-01 12:38:00-04:00,31.05340003967285,31.059999465942383,31.05340003967285,31.059999465942383,945,0.0,0.0,0.0
2024-07-01 12:50:00-04:00,31.05500030517578,31.05500030517578,31.05500030517578,31.05500030517578,100,0.0,0.0,0.0
2024-07-01 12:52:00-04:00,31.049999237060547,31.059999465942383,31.049999237060547,31.059999465942383,16913,0.0,0.0,0.0
2024-07-01 12:57:00-04:00,31.049999237060547,31.049999237060547,31.045000076293945,31.045000076293945,781,0.0,0.0,0.0
2024-07-01 13:02:00-04:00,31.05500030517578,31.05500030517578,31.05500030517578,31.05500030517578,174,0.0,0.0,0.0
2024-07-01 13:03:00-04:00,31.049999237060547,31.049999237060547,31.040000915527344,31.040000915527344,399,0.0,0.0,0.0
2024-07-01 13:05:00-04:00,31.030000686645508,31.030000686645508,31.030000686645508,31.030000686645508,100,0.0,0.0,0.0
2024-07-01 13:06:00-04:00,31.040000915527344,31.040000915527344,31.040000915527344,31.040000915527344,52481,0.0,0.0,0.0
2024-07-01 13:08:00-04:00,31.032499313354492,31.032499313354492,31.032499313354492,31.032499313354492,500,0.0,0.0,0.0
2024-07-01 13:10:00-04:00,31.049999237060547,31.049999237060547,31.04520034790039,31.049999237060547,55050,0.0,0.0,0.0
2024-07-01 13:12:00-04:00,31.05500030517578,31.05500030517578,31.052499771118164,31.052499771118164,1709,0.0,0.0,0.0
2024-07-01 13:13:00-04:00,31.059999465942383,31.059999465942383,31.055200576782227,31.055200576782227,810,0.0,0.0,0.0
2024-07-01 13:14:00-04:00,31.049999237060547,31.049999237060547,31.049999237060547,31.049999237060547,1209,0.0,0.0,0.0
2024-07-01 13:21:00-04:00,31.040000915527344,31.040000915527344,31.040000915527344,31.040000915527344,164,0.0,0.0,0.0
2024-07-01 13:22:00-04:00,31.040000915527344,31.040000915527344,31.040000915527344,31.040000915527344,583,0.0,0.0,0.0
2024-07-01 13:29:00-04:00,31.03499984741211,31.03499984741211,31.03499984741211,31.03499984741211,100,0.0,0.0,0.0
2024-07-01 13:30:00-04:00,31.03499984741211,31.03499984741211,31.03499984741211,31.03499984741211,219,0.0,0.0,0.0
2024-07-01 13:31:00-04:00,31.040000915527344,31.040000915527344,31.03499984741211,31.03499984741211,754,0.0,0.0,0.0
2024-07-01 13:36:00-04:00,31.040000915527344,31.040199279785156,31.040000915527344,31.040199279785156,1079,0.0,0.0,0.0
2024-07-01 13:39:00-04:00,31.046300888061523,31.046300888061523,31.046300888061523,31.046300888061523,790,0.0,0.0,0.0
2024-07-01 13:43:00-04:00,31.049999237060547,31.049999237060547,31.04990005493164,31.04990005493164,2004,0.0,0.0,0.0
2024-07-01 13:44:00-04:00,31.049999237060547,31.049999237060547,31.049999237060547,31.049999237060547,64784,0.0,0.0,0.0
2024-07-01 13:48:00-04:00,31.049999237060547,31.049999237060547,31.04990005493164,31.04990005493164,617,0.0,0.0,0.0
2024-07-01 14:00:00-04:00,31.03499984741211,31.03499984741211,31.03499984741211,31.03499984741211,382,0.0,0.0,0.0
2024-07-01 14:04:00-04:00,31.020000457763672,31.020000457763672,31.020000457763672,31.020000457763672,119,0.0,0.0,0.0
2024-07-01 14:05:00-04:00,31.020000457763672,31.024999618530273,31.020000457763672,31.024999618530273,1813,0.0,0.0,0.0
2024-07-01 14:07:00-04:00,31.02039909362793,31.030000686645508,31.02039909362793,31.029800415039062,2177,0.0,0.0,0.0
2024-07-01 14:13:00-04:00,31.045000076293945,31.045000076293945,31.045000076293945,31.045000076293945,143,0.0,0.0,0.0
2024-07-01 14:16:00-04:00,31.049999237060547,31.059999465942383,31.049999237060547,31.059999465942383,16781,0.0,0.0,0.0
2024-07-01 14:21:00-04:00,31.05500030517578,31.05500030517578,31.05500030517578,31.05500030517578,102,0.0,0.0,0.0
2024-07-01 14:23:00-04:00,31.05500030517578,31.05500030517578,31.05500030517578,31.05500030517578,383,0.0,0.0,0.0
2024-07-01 14:27:00-04:00,31.030000686645508,31.030000686645508,31.030000686645508,31.030000686645508,191,0.0,0.0,0.0
2024-07-01 14:28:00-04:00,31.02989959716797,31.02989959716797,31.02989959716797,31.02989959716797,2380,0.0,0.0,0.0
2024-07-01 14:29:00-04:00,31.030000686645508,31.040000915527344,31.030000686645508,31.030099868774414,30404,0.0,0.0,0.0
2024-07-01 14:30:00-04:00,31.020000457763672,31.020000457763672,31.010000228881836,31.010000228881836,529,0.0,0.0,0.0
2024-07-01 14:31:00-04:00,31.010000228881836,31.010000228881836,31.010000228881836,31.010000228881836,259,0.0,0.0,0.0
2024-07-01 14:32:00-04:00,31.010000228881836,31.010000228881836,31.010000228881836,31.010000228881836,440,0.0,0.0,0.0
2024-07-01 14:34:00-04:00,31.010000228881836,31.010000228881836,31.010000228881836,31.010000228881836,249,0.0,0.0,0.0
2024-07-01 14:44:00-04:00,31.030000686645508,31.030000686645508,31.02989959716797,31.030000686645508,5552,0.0,0.0,0.0
2024-07-01 14:45:00-04:00,31.030000686645508,31.030000686645508,31.030000686645508,31.030000686645508,9815,0.0,0.0,0.0
2024-07-01 14:46:00-04:00,31.030000686645508,31.030000686645508,31.020000457763672,31.020000457763672,824,0.0,0.0,0.0
2024-07-01 14:55:00-04:00,31.020000457763672,31.020000457763672,31.020000457763672,31.020000457763672,305,0.0,0.0,0.0
2024-07-01 15:05:00-04:00,31.020000457763672,31.020000457763672,31.020000457763672,31.020000457763672,1201,0.0,0.0,0.0
2024-07-01 15:08:00-04:00,31.03499984741211,31.040000915527344,31.03499984741211,31.036300659179688,564,0.0,0.0,0.0
2024-07-01 15:09:00-04:00,31.040000915527344,31.040000915527344,31.039899826049805,31.039899826049805,1100,0.0,0.0,0.0
2024-07-01 15:12:00-04:00,31.040000915527344,31.040000915527344,31.040000915527344,31.040000915527344,175,0.0,0.0,0.0
2024-07-01 15:13:00-04:00,31.040000915527344,31.040000915527344,31.040000915527344,31.040000915527344,169,0.0,0.0,0.0
2024-07-01 15:15:00-04:00,31.040000915527344,31.040000915527344,31.040000915527344,31.040000915527344,1783,0.0,0.0,0.0
2024-07-01 15:18:00-04:00,31.03969955444336,31.040000915527344,31.03969955444336,31.0398006439209,1705,0.0,0.0,0.0
2024-07-01 15:20:00-04:00,31.030000686645508,31.030000686645508,31.030000686645508,31.030000686645508,100,0.0,0.0,0.0
2024-07-01 15:21:00-04:00,31.030000686645508,31.030000686645508,31.030000686645508,31.030000686645508,100,0.0,0.0,0.0
2024-07-01 15:24:00-04:00,31.025999069213867,31.025999069213867,31.025999069213867,31.025999069213867,100,0.0,0.0,0.0
2024-07-01 15:25:00-04:00,31.024999618530273,31.024999618530273,31.021699905395508,31.021699905395508,303,0.0,0.0,0.0
2024-07-01 15:26:00-04:00,31.020000457763672,31.020000457763672,30.989999771118164,30.989999771118164,5701,0.0,0.0,0.0
2024-07-01 15:32:00-04:00,31.010000228881836,31.010000228881836,31.001699447631836,31.001699447631836,796,0.0,0.0,0.0
2024-07-01 15:35:00-04:00,31.039899826049805,31.040000915527344,31.039899826049805,31.039899826049805,4264,0.0,0.0,0.0
2024-07-01 15:36:00-04:00,31.030000686645508,31.030000686645508,31.030000686645508,31.030000686645508,409,0.0,0.0,0.0
2024-07-01 15:40:00-04:00,31.030000686645508,31.030000686645508,31.02519989013672,31.02519989013672,699,0.0,0.0,0.0
2024-07-01 15:46:00-04:00,31.030000686645508,31.030000686645508,31.030000686645508,31.030000686645508,287,0.0,0.0,0.0
2024-07-01 15:49:00-04:00,31.039899826049805,31.039899826049805,31.039899826049805,31.039899826049805,418,0.0,0.0,0.0
2024-07-01 15:52:00-04:00,31.06999969482422,31.06999969482422,31.06999969482422,31.06999969482422,581,0.0,0.0,0.0
2024-07-01 15:53:00-04:00,31.075000762939453,31.075000762939453,31.075000762939453,31.075000762939453,289,0.0,0.0,0.0
2024-07-01 15:54:00-04:00,31.079999923706055,31.09000015258789,31.079999923706055,31.08169937133789,2408,0.0,0.0,0.0
2024-07-01 15:55:00-04:00,31.09000015258789,31.100000381469727,31.09000015258789,31.099899291992188,1118,0.0,0.0,0.0
2024-07-01 15:58:00-04:00,31.094999313354492,31.094999313354492,31.09000015258789,31.09000015258789,2680,0.0,0.0,0.0
2024-07-01 15:59:00-04:00,31.09000015258789,31.09000015258789,31.059999465942383,31.079999923706055,3097,0.0,0.0,0.0
2024-07-02 09:30:00-04:00,31.049999237060547,31.049999237060547,30.989999771118164,30.989999771118164,0,0.0,0.0,0.0
2024-07-02 09:31:00-04:00,31.030000686645508,31.030000686645508,31.030000686645508,31.030000686645508,100,0.0,0.0,0.0
2024-07-02 09:32:00-04:00,31.040000915527344,31.040000915527344,31.040000915527344,31.040000915527344,411,0.0,0.0,0.0
2024-07-02 09:34:00-04:00,31.059999465942383,31.059999465942383,31.059999465942383,31.059999465942383,122,0.0,0.0,0.0
2024-07-02 09:35:00-04:00,31.030000686645508,31.030000686645508,31.020000457763672,31.020000457763672,339,0.0,0.0,0.0
2024-07-02 09:37:00-04:00,31.014999389648438,31.014999389648438,31.014999389648438,31.014999389648438,3448,0.0,0.0,0.0
2024-07-02 09:40:00-04:00,31.06999969482422,31.06999969482422,31.06999969482422,31.06999969482422,102,0.0,0.0,0.0
2024-07-02 09:43:00-04:00,31.09000015258789,31.09000015258789,31.09000015258789,31.09000015258789,100,0.0,0.0,0.0
2024-07-02 09:46:00-04:00,31.06999969482422,31.06999969482422,31.06999969482422,31.06999969482422,200,0.0,0.0,0.0
2024-07-02 09:48:00-04:00,31.061199188232422,31.06999969482422,31.061199188232422,31.065500259399414,4149,0.0,0.0,0.0
2024-07-02 09:49:00-04:00,31.065000534057617,31.065000534057617,31.065000534057617,31.065000534057617,100,0.0,0.0,0.0
2024-07-02 09:50:00-04:00,31.059999465942383,31.059999465942383,31.059999465942383,31.059999465942383,105,0.0,0.0,0.0
2024-07-02 09:53:00-04:00,31.059999465942383,31.059999465942383,31.05500030517578,31.059999465942383,4839,0.0,0.0,0.0
2024-07-02 09:57:00-04:00,31.049999237060547,31.049999237060547,31.049999237060547,31.049999237060547,464,0.0,0.0,0.0
2024-07-02 09:59:00-04:00,31.052499771118164,31.052499771118164,31.052499771118164,31.052499771118164,1055,0.0,0.0,0.0
2024-07-02 10:00:00-04:00,31.049999237060547,31.049999237060547,31.049999237060547,31.049999237060547,17094,0.0,0.0,0.0
2024-07-02 10:02:00-04:00,31.050600051879883,31.050600051879883,31.050600051879883,31.050600051879883,175,0.0,0.0,0.0
2024-07-02 10:03:00-04:00,31.06999969482422,31.06999969482422,31.06999969482422,31.06999969482422,256,0.0,0.0,0.0
2024-07-02 10:04:00-04:00,31.06999969482422,31.075000762939453,31.06999969482422,31.075000762939453,300,0.0,0.0,0.0
2024-07-02 10:05:00-04:00,31.075000762939453,31.075000762939453,31.075000762939453,31.075000762939453,110,0.0,0.0,0.0
2024-07-02 10:06:00-04:00,31.06999969482422,31.06999969482422,31.05900001525879,31.059900283813477,1400,0.0,0.0,0.0
2024-07-02 10:07:00-04:00,31.059999465942383,31.059999465942383,31.059999465942383,31.059999465942383,290125,0.0,0.0,0.0
2024-07-02 10:08:00-04:00,31.06999969482422,31.06999969482422,31.06999969482422,31.06999969482422,301,0.0,0.0,0.0
2024-07-02 10:09:00-04:00,31.069900512695312,31.069900512695312,31.069900512695312,31.069900512695312,466,0.0,0.0,0.0
2024-07-02 10:17:00-04:00,31.04210090637207,31.04210090637207,31.04210090637207,31.04210090637207,1533,0.0,0.0,0.0
2024-07-02 10:20:00-04:00,31.04210090637207,31.04210090637207,31.04210090637207,31.04210090637207,450,0.0,0.0,0.0
2024-07-02 10:21:00-04:00,31.033300399780273,31.033300399780273,31.033300399780273,31.033300399780273,902,0.0,0.0,0.0
2024-07-02 10:22:00-04:00,31.045000076293945,31.045000076293945,31.045000076293945,31.045000076293945,106,0.0,0.0,0.0
2024-07-02 10:23:00-04:00,31.040000915527344,31.040000915527344,31.040000915527344,31.040000915527344,400,0.0,0.0,0.0
2024-07-02 10:25:00-04:00,31.03019905090332,31.03019905090332,31.03019905090332,31.03019905090332,431,0.0,0.0,0.0
2024-07-02 10:26:00-04:00,31.059999465942383,31.059999465942383,31.059999465942383,31.059999465942383,100,0.0,0.0,0.0
2024-07-02 10:29:00-04:00,31.059999465942383,31.059999465942383,31.059999465942383,31.059999465942383,136,0.0,0.0,0.0
2024-07-02 10:38:00-04:00,31.100000381469727,31.100000381469727,31.100000381469727,31.100000381469727,554,0.0,0.0,0.0
2024-07-02 10:41:00-04:00,31.106300354003906,31.106300354003906,31.106300354003906,31.106300354003906,938,0.0,0.0,0.0
2024-07-02 10:42:00-04:00,31.100000381469727,31.100000381469727,31.100000381469727,31.100000381469727,347,0.0,0.0,0.0
2024-07-02 10:45:00-04:00,31.06999969482422,31.06999969482422,31.06999969482422,31.06999969482422,3200,0.0,0.0,0.0
2024-07-02 10:46:00-04:00,31.07990074157715,31.07990074157715,31.07990074157715,31.07990074157715,107,0.0,0.0,0.0
2024-07-02 10:47:00-04:00,31.079999923706055,31.079999923706055,31.079999923706055,31.079999923706055,100,0.0,0.0,0.0
2024-07-02 10:48:00-04:00,31.06999969482422,31.06999969482422,31.06999969482422,31.06999969482422,173,0.0,0.0,0.0
2024-07-02 10:49:00-04:00,31.08989906311035,31.09000015258789,31.086599349975586,31.09000015258789,2608,0.0,0.0,0.0
2024-07-02 10:51:00-04:00,31.110000610351562,31.110000610351562,31.109899520874023,31.109899520874023,782,0.0,0.0,0.0
2024-07-02 10:52:00-04:00,31.104999542236328,31.104999542236328,31.104999542236328,31.104999542236328,174,0.0,0.0,0.0
2024-07-02 10:53:00-04:00,31.100000381469727,31.100000381469727,31.100000381469727,31.100000381469727,547,0.0,0.0,0.0
2024-07-02 10:57:00-04:00,31.1200008392334,31.1200008392334,31.1200008392334,31.1200008392334,328,0.0,0.0,0.0
2024-07-02 10:59:00-04:00,31.125,31.125,31.125,31.125,100,0.0,0.0,0.0
2024-07-02 11:00:00-04:00,31.125,31.125,31.1200008392334,31.1200008392334,290,0.0,0.0,0.0
2024-07-02 11:03:00-04:00,31.125,31.125,31.125,31.125,317,0.0,0.0,0.0
2024-07-02 11:06:00-04:00,31.135000228881836,31.135000228881836,31.135000228881836,31.135000228881836,100,0.0,0.0,0.0
2024-07-02 11:07:00-04:00,31.135000228881836,31.135000228881836,31.135000228881836,31.135000228881836,282,0.0,0.0,0.0
2024-07-02 11:14:00-04:00,31.129899978637695,31.129899978637695,31.129899978637695,31.129899978637695,646,0.0,0.0,0.0
2024-07-02 11:15:00-04:00,31.135000228881836,31.135000228881836,31.135000228881836,31.135000228881836,102,0.0,0.0,0.0
2024-07-02 11:17:00-04:00,31.129899978637695,31.129899978637695,31.129899978637695,31.129899978637695,202,0.0,0.0,0.0
2024-07-02 11:18:00-04:00,31.1200008392334,31.1299991607666,31.1200008392334,31.1299991607666,328177,0.0,0.0,0.0
2024-07-02 11:20:00-04:00,31.11440086364746,31.11440086364746,31.11440086364746,31.11440086364746,1002,0.0,0.0,0.0
2024-07-02 11:21:00-04:00,31.114999771118164,31.114999771118164,31.114999771118164,31.114999771118164,101,0.0,0.0,0.0
2024-07-02 11:23:00-04:00,31.114999771118164,31.114999771118164,31.114999771118164,31.114999771118164,103,0.0,0.0,0.0
2024-07-02 11:25:00-04:00,31.139999389648438,31.139999389648438,31.139999389648438,31.139999389648438,671,0.0,0.0,0.0
2024-07-02 11:26:00-04:00,31.14699935913086,31.14699935913086,31.14699935913086,31.14699935913086,965,0.0,0.0,0.0
2024-07-02 11:28:00-04:00,31.139999389648438,31.139999389648438,31.139999389648438,31.139999389648438,271,0.0,0.0,0.0
2024-07-02 11:29:00-04:00,31.149999618530273,31.149999618530273,31.149999618530273,31.149999618530273,209,0.0,0.0,0.0
2024-07-02 11:30:00-04:00,31.149999618530273,31.149999618530273,31.149999618530273,31.149999618530273,224,0.0,0.0,0.0
2024-07-02 11:31:00-04:00,31.155000686645508,31.155000686645508,31.155000686645508,31.155000686645508,178,0.0,0.0,0.0
2024-07-02 11:34:00-04:00,31.155000686645508,31.155000686645508,31.155000686645508,31.155000686645508,100,0.0,0.0,0.0
2024-07-02 11:37:00-04:00,31.155000686645508,31.155000686645508,31.155000686645508,31.155000686645508,100,0.0,0.0,0.0
2024-07-02 11:38:00-04:00,31.15999984741211,31.15999984741211,31.159900665283203,31.159900665283203,200,0.0,0.0,0.0
2024-07-02 11:39:00-04:00,31.155000686645508,31.155000686645508,31.155000686645508,31.155000686645508,100,0.0,0.0,0.0
2024-07-02 11:40:00-04:00,31.150100708007812,31.165000915527344,31.150100708007812,31.165000915527344,903,0.0,0.0,0.0
2024-07-02 11:44:00-04:00,31.155000686645508,31.155000686645508,31.155000686645508,31.155000686645508,100,0.0,0.0,0.0
2024-07-02 11:45:00-04:00,31.150100708007812,31.155000686645508,31.150100708007812,31.150100708007812,611,0.0,0.0,0.0
2024-07-02 11:46:00-04:00,31.15999984741211,31.15999984741211,31.15999984741211,31.15999984741211,108,0.0,0.0,0.0
2024-07-02 11:48:00-04:00,31.165000915527344,31.170000076293945,31.165000915527344,31.16990089416504,3218,0.0,0.0,0.0
2024-07-02 11:54:00-04:00,31.155000686645508,31.155000686645508,31.155000686645508,31.155000686645508,248,0.0,0.0,0.0
2024-07-02 11:55:00-04:00,31.155000686645508,31.155000686645508,31.155000686645508,31.155000686645508,129,0.0,0.0,0.0
2024-07-02 11:56:00-04:00,31.149999618530273,31.149999618530273,31.149999618530273,31.149999618530273,1970,0.0,0.0,0.0
2024-07-02 12:00:00-04:00,31.1200008392334,31.1200008392334,31.11210060119629,31.11210060119629,829,0.0,0.0,0.0
2024-07-02 12:04:00-04:00,31.104999542236328,31.104999542236328,31.104999542236328,31.104999542236328,801,0.0,0.0,0.0
2024-07-02 12:07:00-04:00,31.110000610351562,31.110000610351562,31.109899520874023,31.109899520874023,370,0.0,0.0,0.0
2024-07-02 12:14:00-04:00,31.108999252319336,31.110000610351562,31.108999252319336,31.109899520874023,652,0.0,0.0,0.0
2024-07-02 12:16:00-04:00,31.110000610351562,31.110000610351562,31.104999542236328,31.104999542236328,1412,0.0,0.0,0.0
2024-07-02 12:18:00-04:00,31.11989974975586,31.11989974975586,31.11989974975586,31.11989974975586,338,0.0,0.0,0.0
2024-07-02 12:19:00-04:00,31.11989974975586,31.11989974975586,31.11989974975586,31.11989974975586,1075,0.0,0.0,0.0
2024-07-02 12:20:00-04:00,31.112499237060547,31.112499237060547,31.112499237060547,31.112499237060547,7868,0.0,0.0,0.0
2024-07-02 12:28:00-04:00,31.135000228881836,31.135000228881836,31.135000228881836,31.135000228881836,947,0.0,0.0,0.0
2024-07-02 12:30:00-04:00,31.135000228881836,31.135000228881836,31.1299991607666,31.1299991607666,638,0.0,0.0,0.0
2024-07-02 12:35:00-04:00,31.125,31.125,31.1200008392334,31.1200008392334,444,0.0,0.0,0.0
2024-07-02 12:36:00-04:00,31.1200008392334,31.1200008392334,31.1200008392334,31.1200008392334,300,0.0,0.0,0.0
2024-07-02 12:39:00-04:00,31.125,31.125,31.125,31.125,100,0.0,0.0,0.0
2024-07-02 12:42:00-04:00,31.139999389648438,31.139999389648438,31.139999389648438,31.139999389648438,500,0.0,0.0,0.0
2024-07-02 12:48:00-04:00,31.135000228881836,31.135000228881836,31.135000228881836,31.135000228881836,824,0.0,0.0,0.0
2024-07-02 12:50:00-04:00,31.139999389648438,31.139999389648438,31.13990020751953,31.139999389648438,2778,0.0,0.0,0.0
2024-07-02 12:51:00-04:00,31.139999389648438,31.139999389648438,31.139999389648438,31.139999389648438,500,0.0,0.0,0.0
2024-07-02 12:52:00-04:00,31.139999389648438,31.139999389648438,31.139999389648438,31.139999389648438,653,0.0,0.0,0.0
2024-07-02 12:53:00-04:00,31.139999389648438,31.145000457763672,31.139999389648438,31.145000457763672,300,0.0,0.0,0.0
2024-07-02 12:54:00-04:00,31.139999389648438,31.149999618530273,31.139999389648438,31.149999618530273,310,0.0,0.0,0.0
2024-07-02 12:57:00-04:00,31.139999389648438,31.139999389648438,31.139999389648438,31.139999389648438,108,0.0,0.0,0.0
2024-07-02 12:58:00-04:00,31.139999389648438,31.145000457763672,31.139999389648438,31.145000457763672,841,0.0,0.0,0.0
2024-07-02 13:06:00-04:00,31.170000076293945,31.170000076293945,31.170000076293945,31.170000076293945,152,0.0,0.0,0.0
2024-07-02 13:07:00-04:00,31.165000915527344,31.16659927368164,31.165000915527344,31.16659927368164,936,0.0,0.0,0.0
2024-07-02 13:08:00-04:00,31.179000854492188,31.18000030517578,31.17169952392578,31.176300048828125,1570,0.0,0.0,0.0
2024-07-02 13:09:00-04:00,31.184999465942383,31.18630027770996,31.184999465942383,31.18630027770996,277,0.0,0.0,0.0
2024-07-02 13:10:00-04:00,31.190000534057617,31.190000534057617,31.190000534057617,31.190000534057617,300,0.0,0.0,0.0
2024-07-02 13:11:00-04:00,31.19499969482422,31.19499969482422,31.19499969482422,31.19499969482422,100,0.0,0.0,0.0
2024-07-02 13:12:00-04:00,31.184999465942383,31.184999465942383,31.184999465942383,31.184999465942383,100,0.0,0.0,0.0
2024-07-02 13:13:00-04:00,31.200000762939453,31.200000762939453,31.19499969482422,31.19499969482422,1337,0.0,0.0,0.0
2024-07-02 13:14:00-04:00,31.189899444580078,31.190000534057617,31.186599731445312,31.186599731445312,1310,0.0,0.0,0.0
2024-07-02 13:15:00-04:00,31.19499969482422,31.19499969482422,31.19499969482422,31.19499969482422,322,0.0,0.0,0.0
2024-07-02 13:17:00-04:00,31.190000534057617,31.190000534057617,31.190000534057617,31.190000534057617,200,0.0,0.0,0.0
2024-07-02 13:18:00-04:00,31.186100006103516,31.186100006103516,31.186100006103516,31.186100006103516,4890,0.0,0.0,0.0
2024-07-02 13:19:00-04:00,31.190000534057617,31.19499969482422,31.189899444580078,31.19499969482422,1614,0.0,0.0,0.0
2024-07-02 13:21:00-04:00,31.19499969482422,31.19499969482422,31.190000534057617,31.190000534057617,200,0.0,0.0,0.0
2024-07-02 13:22:00-04:00,31.180099487304688,31.180099487304688,31.180099487304688,31.180099487304688,113,0.0,0.0,0.0
2024-07-02 13:23:00-04:00,31.19499969482422,31.19499969482422,31.19499969482422,31.19499969482422,483,0.0,0.0,0.0
2024-07-02 13:33:00-04:00,31.200000762939453,31.200000762939453,31.200000762939453,31.200000762939453,510,0.0,0.0,0.0
2024-07-02 13:37:00-04:00,31.19499969482422,31.199399948120117,31.19499969482422,31.19499969482422,2019,0.0,0.0,0.0
2024-07-02 13:40:00-04:00,31.200000762939453,31.200000762939453,31.200000762939453,31.200000762939453,222,0.0,0.0,0.0
2024-07-02 13:45:00-04:00,31.204999923706055,31.209999084472656,31.204999923706055,31.209999084472656,993,0.0,0.0,0.0
2024-07-02 13:50:00-04:00,31.219999313354492,31.219999313354492,31.219999313354492,31.219999313354492,1000,0.0,0.0,0.0
2024-07-02 13:57:00-04:00,31.239999771118164,31.239999771118164,31.239999771118164,31.239999771118164,500,0.0,0.0,0.0
2024-07-02 13:59:00-04:00,31.235000610351562,31.235000610351562,31.235000610351562,31.235000610351562,548,0.0,0.0,0.0
2024-07-02 14:02:00-04:00,31.23979949951172,31.23979949951172,31.23979949951172,31.23979949951172,1667,0.0,0.0,0.0
2024-07-02 14:03:00-04:00,31.235000610351562,31.235000610351562,31.235000610351562,31.235000610351562,287,0.0,0.0,0.0
2024-07-02 14:04:00-04:00,31.229999542236328,31.239999771118164,31.229999542236328,31.236299514770508,540,0.0,0.0,0.0
2024-07-02 14:07:00-04:00,31.235000610351562,31.235000610351562,31.235000610351562,31.235000610351562,462,0.0,0.0,0.0
2024-07-02 14:12:00-04:00,31.25,31.25,31.246599197387695,31.246599197387695,1942,0.0,0.0,0.0
2024-07-02 14:15:00-04:00,31.25,31.25,31.239999771118164,31.2450008392334,5528,0.0,0.0,0.0
2024-07-02 14:17:00-04:00,31.239999771118164,31.239999771118164,31.239999771118164,31.239999771118164,599,0.0,0.0,0.0
2024-07-02 14:24:00-04:00,31.239999771118164,31.239999771118164,31.239999771118164,31.239999771118164,124,0.0,0.0,0.0
2024-07-02 14:25:00-04:00,31.239999771118164,31.239999771118164,31.236099243164062,31.236099243164062,827,0.0,0.0,0.0
2024-07-02 14:28:00-04:00,31.239999771118164,31.239999771118164,31.239900588989258,31.239999771118164,1128,0.0,0.0,0.0
2024-07-02 14:29:00-04:00,31.2450008392334,31.2450008392334,31.2450008392334,31.2450008392334,273,0.0,0.0,0.0
2024-07-02 14:30:00-04:00,31.239999771118164,31.239999771118164,31.239999771118164,31.239999771118164,449,0.0,0.0,0.0
2024-07-02 14:33:00-04:00,31.229999542236328,31.229999542236328,31.229999542236328,31.229999542236328,722243,0.0,0.0,0.0
2024-07-02 14:35:00-04:00,31.229900360107422,31.229900360107422,31.229799270629883,31.229799270629883,256,0.0,0.0,0.0
2024-07-02 14:36:00-04:00,31.235000610351562,31.235000610351562,31.235000610351562,31.235000610351562,509,0.0,0.0,0.0
2024-07-02 14:38:00-04:00,31.236000061035156,31.236000061035156,31.236000061035156,31.236000061035156,494,0.0,0.0,0.0
2024-07-02 14:40:00-04:00,31.235000610351562,31.235000610351562,31.235000610351562,31.235000610351562,800,0.0,0.0,0.0
2024-07-02 14:42:00-04:00,31.235000610351562,31.239999771118164,31.229999542236328,31.239999771118164,508,0.0,0.0,0.0
2024-07-02 14:46:00-04:00,31.232099533081055,31.232099533081055,31.232099533081055,31.232099533081055,197,0.0,0.0,0.0
2024-07-02 14:48:00-04:00,31.23979949951172,31.239999771118164,31.235000610351562,31.235000610351562,5637,0.0,0.0,0.0
2024-07-02 14:53:00-04:00,31.25,31.25,31.25,31.25,832,0.0,0.0,0.0
2024-07-02 14:55:00-04:00,31.248699188232422,31.248699188232422,31.248699188232422,31.248699188232422,5166,0.0,0.0,0.0
2024-07-02 14:57:00-04:00,31.2450008392334,31.25,31.2450008392334,31.25,4039,0.0,0.0,0.0
2024-07-02 14:59:00-04:00,31.2450008392334,31.2450008392334,31.239900588989258,31.239900588989258,1619,0.0,0.0,0.0
2024-07-02 15:07:00-04:00,31.229999542236328,31.239999771118164,31.229999542236328,31.239999771118164,13060,0.0,0.0,0.0
2024-07-02 15:08:00-04:00,31.229999542236328,31.229999542236328,31.229999542236328,31.229999542236328,100,0.0,0.0,0.0
2024-07-02 15:09:00-04:00,31.229999542236328,31.235000610351562,31.229999542236328,31.235000610351562,1521,0.0,0.0,0.0
2024-07-02 15:12:00-04:00,31.23150062561035,31.23150062561035,31.23150062561035,31.23150062561035,586,0.0,0.0,0.0
2024-07-02 15:14:00-04:00,31.239999771118164,31.239999771118164,31.239999771118164,31.239999771118164,500,0.0,0.0,0.0
2024-07-02 15:15:00-04:00,31.239900588989258,31.239900588989258,31.238000869750977,31.238000869750977,2341,0.0,0.0,0.0
2024-07-02 15:16:00-04:00,31.235000610351562,31.235000610351562,31.235000610351562,31.235000610351562,508,0.0,0.0,0.0
2024-07-02 15:19:00-04:00,31.232500076293945,31.232500076293945,31.232500076293945,31.232500076293945,1346,0.0,0.0,0.0
2024-07-02 15:22:00-04:00,31.24570083618164,31.24570083618164,31.24570083618164,31.24570083618164,4210,0.0,0.0,0.0
2024-07-02 15:23:00-04:00,31.2450008392334,31.2450008392334,31.2450008392334,31.2450008392334,2530,0.0,0.0,0.0
2024-07-02 15:24:00-04:00,31.25,31.25,31.25,31.25,564,0.0,0.0,0.0
2024-07-02 15:25:00-04:00,31.25,31.25,31.25,31.25,268,0.0,0.0,0.0
2024-07-02 15:28:00-04:00,31.260000228881836,31.260000228881836,31.260000228881836,31.260000228881836,218,0.0,0.0,0.0
2024-07-02 15:29:00-04:00,31.260000228881836,31.260000228881836,31.260000228881836,31.260000228881836,830,0.0,0.0,0.0
2024-07-02 15:30:00-04:00,31.264999389648438,31.264999389648438,31.260000228881836,31.260000228881836,311,0.0,0.0,0.0
2024-07-02 15:31:00-04:00,31.260000228881836,31.260000228881836,31.260000228881836,31.260000228881836,899,0.0,0.0,0.0
2024-07-02 15:32:00-04:00,31.264999389648438,31.264999389648438,31.264999389648438,31.264999389648438,100,0.0,0.0,0.0
2024-07-02 15:34:00-04:00,31.268999099731445,31.268999099731445,31.26799964904785,31.26799964904785,959,0.0,0.0,0.0
2024-07-02 15:35:00-04:00,31.269899368286133,31.269899368286133,31.269899368286133,31.269899368286133,640,0.0,0.0,0.0
2024-07-02 15:36:00-04:00,31.269899368286133,31.269899368286133,31.266300201416016,31.266300201416016,2875,0.0,0.0,0.0
2024-07-02 15:37:00-04:00,31.262500762939453,31.262500762939453,31.262500762939453,31.262500762939453,2012,0.0,0.0,0.0
2024-07-02 15:39:00-04:00,31.270000457763672,31.280000686645508,31.270000457763672,31.280000686645508,844,0.0,0.0,0.0
2024-07-02 15:45:00-04:00,31.26689910888672,31.280000686645508,31.26689910888672,31.270000457763672,13661,0.0,0.0,0.0
2024-07-02 15:47:00-04:00,31.270000457763672,31.270000457763672,31.269899368286133,31.269899368286133,1440,0.0,0.0,0.0
2024-07-02 15:48:00-04:00,31.270000457763672,31.270000457763672,31.270000457763672,31.270000457763672,1034,0.0,0.0,0.0
2024-07-02 15:49:00-04:00,31.260000228881836,31.260000228881836,31.260000228881836,31.260000228881836,400,0.0,0.0,0.0
2024-07-02 15:56:00-04:00,31.285600662231445,31.285600662231445,31.285600662231445,31.285600662231445,471,0.0,0.0,0.0
2024-07-02 15:57:00-04:00,31.290000915527344,31.290000915527344,31.28660011291504,31.28660011291504,2521,0.0,0.0,0.0
2024-07-02 15:58:00-04:00,31.290000915527344,31.290000915527344,31.290000915527344,31.290000915527344,234,0.0,0.0,0.0
2024-07-02 15:59:00-04:00,31.299999237060547,31.309999465942383,31.290000915527344,31.299999237060547,13059,0.0,0.0,0.0
2024-07-03 09:30:00-04:00,31.420000076293945,31.420000076293945,31.420000076293945,31.420000076293945,1764,0.0,0.0,0.0
2024-07-03 09:34:00-04:00,31.350000381469727,31.350000381469727,31.349899291992188,31.349899291992188,439,0.0,0.0,0.0
2024-07-03 09:36:00-04:00,31.329999923706055,31.329999923706055,31.329999923706055,31.329999923706055,786,0.0,0.0,0.0
2024-07-03 09:40:00-04:00,31.309999465942383,31.309999465942383,31.309999465942383,31.309999465942383,5962,0.0,0.0,0.0
2024-07-03 09:41:00-04:00,31.31999969482422,31.31999969482422,31.309999465942383,31.309999465942383,437,0.0,0.0,0.0
2024-07-03 09:45:00-04:00,31.315000534057617,31.315000534057617,31.309999465942383,31.309999465942383,1702,0.0,0.0,0.0
2024-07-03 09:46:00-04:00,31.309999465942383,31.309999465942383,31.309999465942383,31.309999465942383,2010,0.0,0.0,0.0
2024-07-03 09:47:00-04:00,31.309999465942383,31.309999465942383,31.309999465942383,31.309999465942383,21000,0.0,0.0,0.0
2024-07-03 09:48:00-04:00,31.31999969482422,31.325000762939453,31.315000534057617,31.315000534057617,1160,0.0,0.0,0.0
2024-07-03 09:49:00-04:00,31.315000534057617,31.315000534057617,31.309999465942383,31.309999465942383,1460,0.0,0.0,0.0
2024-07-03 09:50:00-04:00,31.315000534057617,31.315000534057617,31.315000534057617,31.315000534057617,604,0.0,0.0,0.0
2024-07-03 09:55:00-04:00,31.300100326538086,31.31999969482422,31.300100326538086,31.31999969482422,1148,0.0,0.0,0.0
2024-07-03 09:56:00-04:00,31.322500228881836,31.322500228881836,31.322500228881836,31.322500228881836,1926,0.0,0.0,0.0
2024-07-03 10:00:00-04:00,31.350000381469727,31.350000381469727,31.299999237060547,31.304000854492188,1371,0.0,0.0,0.0
2024-07-03 10:02:00-04:00,31.309999465942383,31.309999465942383,31.309999465942383,31.309999465942383,134,0.0,0.0,0.0
2024-07-03 10:13:00-04:00,31.299999237060547,31.299999237060547,31.299999237060547,31.299999237060547,847,0.0,0.0,0.0
2024-07-03 10:15:00-04:00,31.30500030517578,31.30500030517578,31.30500030517578,31.30500030517578,255,0.0,0.0,0.0
2024-07-03 10:18:00-04:00,31.309999465942383,31.309999465942383,31.309999465942383,31.309999465942383,200,0.0,0.0,0.0
2024-07-03 10:21:00-04:00,31.299999237060547,31.299999237060547,31.299999237060547,31.299999237060547,115,0.0,0.0,0.0
2024-07-03 10:22:00-04:00,31.299999237060547,31.299999237060547,31.29520034790039,31.29520034790039,400,0.0,0.0,0.0
2024-07-03 10:23:00-04:00,31.299999237060547,31.299999237060547,31.299999237060547,31.299999237060547,1204,0.0,0.0,0.0
2024-07-03 10:25:00-04:00,31.290000915527344,31.290000915527344,31.290000915527344,31.290000915527344,1904,0.0,0.0,0.0
2024-07-03 10:32:00-04:00,31.280000686645508,31.280000686645508,31.280000686645508,31.280000686645508,200,0.0,0.0,0.0
2024-07-03 10:35:00-04:00,31.280000686645508,31.280000686645508,31.280000686645508,31.280000686645508,500,0.0,0.0,0.0
2024-07-03 10:36:00-04:00,31.274999618530273,31.274999618530273,31.274999618530273,31.274999618530273,300,0.0,0.0,0.0
2024-07-03 10:38:00-04:00,31.299999237060547,31.299999237060547,31.299999237060547,31.299999237060547,220,0.0,0.0,0.0
2024-07-03 10:39:00-04:00,31.295000076293945,31.298999786376953,31.295000076293945,31.298999786376953,303,0.0,0.0,0.0
2024-07-03 10:41:00-04:00,31.290000915527344,31.290000915527344,31.280000686645508,31.28499984741211,1884,0.0,0.0,0.0
2024-07-03 10:43:00-04:00,31.280000686645508,31.280000686645508,31.27989959716797,31.27989959716797,317660,0.0,0.0,0.0
2024-07-03 10:45:00-04:00,31.295000076293945,31.299999237060547,31.295000076293945,31.29990005493164,1492,0.0,0.0,0.0
2024-07-03 10:46:00-04:00,31.290000915527344,31.290000915527344,31.290000915527344,31.290000915527344,282,0.0,0.0,0.0
2024-07-03 10:57:00-04:00,31.240299224853516,31.240299224853516,31.240299224853516,31.240299224853516,167,0.0,0.0,0.0
2024-07-03 10:59:00-04:00,31.2549991607666,31.260000228881836,31.250099182128906,31.250099182128906,1370,0.0,0.0,0.0
2024-07-03 11:03:00-04:00,31.252500534057617,31.252500534057617,31.252500534057617,31.252500534057617,1334,0.0,0.0,0.0
2024-07-03 11:09:00-04:00,31.279199600219727,31.279199600219727,31.279199600219727,31.279199600219727,189,0.0,0.0,0.0
2024-07-03 11:10:00-04:00,31.260099411010742,31.260099411010742,31.260099411010742,31.260099411010742,486,0.0,0.0,0.0
2024-07-03 11:14:00-04:00,31.280000686645508,31.280000686645508,31.280000686645508,31.280000686645508,250,0.0,0.0,0.0
2024-07-03 11:15:00-04:00,31.290000915527344,31.290000915527344,31.289899826049805,31.289899826049805,650,0.0,0.0,0.0
2024-07-03 11:18:00-04:00,31.28019905090332,31.28019905090332,31.28019905090332,31.28019905090332,606,0.0,0.0,0.0
2024-07-03 11:20:00-04:00,31.290000915527344,31.290000915527344,31.290000915527344,31.290000915527344,182,0.0,0.0,0.0
2024-07-03 11:23:00-04:00,31.290000915527344,31.290000915527344,31.288999557495117,31.288999557495117,2000,0.0,0.0,0.0
2024-07-03 11:24:00-04:00,31.29210090637207,31.29210090637207,31.29210090637207,31.29210090637207,200,0.0,0.0,0.0
2024-07-03 11:25:00-04:00,31.28969955444336,31.28969955444336,31.28969955444336,31.28969955444336,1580,0.0,0.0,0.0
2024-07-03 11:28:00-04:00,31.290000915527344,31.290000915527344,31.290000915527344,31.290000915527344,101,0.0,0.0,0.0
2024-07-03 11:31:00-04:00,31.280000686645508,31.280000686645508,31.280000686645508,31.280000686645508,300,0.0,0.0,0.0
2024-07-03 11:32:00-04:00,31.280000686645508,31.290000915527344,31.280000686645508,31.280000686645508,2575,0.0,0.0,0.0
2024-07-03 11:35:00-04:00,31.280000686645508,31.280000686645508,31.27519989013672,31.280000686645508,2562,0.0,0.0,0.0
2024-07-03 11:36:00-04:00,31.279600143432617,31.280000686645508,31.279600143432617,31.280000686645508,1100,0.0,0.0,0.0
2024-07-03 11:37:00-04:00,31.270000457763672,31.270000457763672,31.270000457763672,31.270000457763672,842,0.0,0.0,0.0
2024-07-03 11:40:00-04:00,31.270099639892578,31.279800415039062,31.270099639892578,31.274999618530273,2643,0.0,0.0,0.0
2024-07-03 11:41:00-04:00,31.270000457763672,31.270000457763672,31.270000457763672,31.270000457763672,819,0.0,0.0,0.0
2024-07-03 11:44:00-04:00,31.270000457763672,31.270000457763672,31.270000457763672,31.270000457763672,132,0.0,0.0,0.0
2024-07-03 11:45:00-04:00,31.270000457763672,31.270000457763672,31.270000457763672,31.270000457763672,2384,0.0,0.0,0.0
2024-07-03 11:46:00-04:00,31.264999389648438,31.264999389648438,31.264999389648438,31.264999389648438,1033,0.0,0.0,0.0
2024-07-03 11:48:00-04:00,31.260000228881836,31.260000228881836,31.259899139404297,31.260000228881836,1264,0.0,0.0,0.0
2024-07-03 11:51:00-04:00,31.260000228881836,31.260000228881836,31.260000228881836,31.260000228881836,537,0.0,0.0,0.0
2024-07-03 11:52:00-04:00,31.260000228881836,31.260000228881836,31.259899139404297,31.259899139404297,1152,0.0,0.0,0.0
2024-07-03 11:53:00-04:00,31.260000228881836,31.260000228881836,31.260000228881836,31.260000228881836,152,0.0,0.0,0.0
2024-07-03 11:54:00-04:00,31.260000228881836,31.260000228881836,31.260000228881836,31.260000228881836,1571,0.0,0.0,0.0
2024-07-03 11:55:00-04:00,31.264999389648438,31.269899368286133,31.264999389648438,31.264999389648438,1030,0.0,0.0,0.0
2024-07-03 11:58:00-04:00,31.270000457763672,31.270000457763672,31.262500762939453,31.270000457763672,2938,0.0,0.0,0.0
2024-07-03 11:59:00-04:00,31.266300201416016,31.270000457763672,31.26449966430664,31.270000457763672,794,0.0,0.0,0.0
2024-07-03 12:01:00-04:00,31.270000457763672,31.270000457763672,31.269899368286133,31.269899368286133,321,0.0,0.0,0.0
2024-07-03 12:02:00-04:00,31.270000457763672,31.270000457763672,31.270000457763672,31.270000457763672,605,0.0,0.0,0.0
2024-07-03 12:14:00-04:00,31.28499984741211,31.290000915527344,31.28499984741211,31.286699295043945,1804,0.0,0.0,0.0
2024-07-03 12:27:00-04:00,31.309999465942383,31.309999465942383,31.309999465942383,31.309999465942383,300,0.0,0.0,0.0
2024-07-03 12:29:00-04:00,31.309999465942383,31.309999465942383,31.309900283813477,31.309900283813477,400,0.0,0.0,0.0
2024-07-03 12:30:00-04:00,31.309999465942383,31.309999465942383,31.309999465942383,31.309999465942383,406162,0.0,0.0,0.0
2024-07-03 12:31:00-04:00,31.299999237060547,31.299999237060547,31.299999237060547,31.299999237060547,800,0.0,0.0,0.0
2024-07-03 12:32:00-04:00,31.299999237060547,31.299999237060547,31.29560089111328,31.299999237060547,801,0.0,0.0,0.0
2024-07-03 12:33:00-04:00,31.284000396728516,31.2898006439209,31.283199310302734,31.2898006439209,2846,0.0,0.0,0.0
2024-07-03 12:41:00-04:00,31.283100128173828,31.289899826049805,31.283100128173828,31.289899826049805,573,0.0,0.0,0.0
2024-07-03 12:42:00-04:00,31.29010009765625,31.29010009765625,31.29010009765625,31.29010009765625,1255,0.0,0.0,0.0
2024-07-05 09:30:00-04:00,31.329999923706055,31.333999633789062,31.329999923706055,31.333999633789062,1245,0.0,0.0,0.0
2024-07-05 09:40:00-04:00,31.3799991607666,31.389999389648438,31.372299194335938,31.382099151611328,3038,0.0,0.0,0.0
2024-07-05 09:41:00-04:00,31.375,31.389999389648438,31.375,31.38319969177246,4095,0.0,0.0,0.0
2024-07-05 09:46:00-04:00,31.360000610351562,31.360000610351562,31.360000610351562,31.360000610351562,208,0.0,0.0,0.0
2024-07-05 09:51:00-04:00,31.3700008392334,31.3700008392334,31.3700008392334,31.3700008392334,580,0.0,0.0,0.0
2024-07-05 10:00:00-04:00,31.392200469970703,31.392200469970703,31.392200469970703,31.392200469970703,775,0.0,0.0,0.0
2024-07-05 10:01:00-04:00,31.395000457763672,31.395000457763672,31.395000457763672,31.395000457763672,273,0.0,0.0,0.0
2024-07-05 10:03:00-04:00,31.3976993560791,31.3976993560791,31.3976993560791,31.3976993560791,2554,0.0,0.0,0.0
2024-07-05 10:06:00-04:00,31.3799991607666,31.3799991607666,31.3799991607666,31.3799991607666,2804,0.0,0.0,0.0
2024-07-05 10:08:00-04:00,31.350000381469727,31.350000381469727,31.350000381469727,31.350000381469727,1091,0.0,0.0,0.0
2024-07-05 10:14:00-04:00,31.360000610351562,31.360000610351562,31.360000610351562,31.360000610351562,101,0.0,0.0,0.0
2024-07-05 10:17:00-04:00,31.360000610351562,31.368000030517578,31.360000610351562,31.360000610351562,3360,0.0,0.0,0.0
2024-07-05 10:21:00-04:00,31.379499435424805,31.379499435424805,31.375,31.375,1800,0.0,0.0,0.0
2024-07-05 10:26:00-04:00,31.360000610351562,31.3700008392334,31.360000610351562,31.3700008392334,900,0.0,0.0,0.0
2024-07-05 10:28:00-04:00,31.354999542236328,31.354999542236328,31.354999542236328,31.354999542236328,202,0.0,0.0,0.0
2024-07-05 10:29:00-04:00,31.350000381469727,31.350000381469727,31.350000381469727,31.350000381469727,114,0.0,0.0,0.0
2024-07-05 10:32:00-04:00,31.34000015258789,31.344999313354492,31.34000015258789,31.344999313354492,201,0.0,0.0,0.0
2024-07-05 10:35:00-04:00,31.34000015258789,31.34000015258789,31.34000015258789,31.34000015258789,1000,0.0,0.0,0.0
2024-07-05 10:36:00-04:00,31.329999923706055,31.329999923706055,31.329999923706055,31.329999923706055,100,0.0,0.0,0.0
2024-07-05 10:39:00-04:00,31.345199584960938,31.350000381469727,31.345199584960938,31.345199584960938,654,0.0,0.0,0.0
2024-07-05 10:42:00-04:00,31.360000610351562,31.360000610351562,31.360000610351562,31.360000610351562,285,0.0,0.0,0.0
2024-07-05 10:44:00-04:00,31.36440086364746,31.36440086364746,31.360000610351562,31.360000610351562,543,0.0,0.0,0.0
2024-07-05 10:46:00-04:00,31.3700008392334,31.3700008392334,31.3700008392334,31.3700008392334,463,0.0,0.0,0.0
2024-07-05 10:47:00-04:00,31.360000610351562,31.360000610351562,31.360000610351562,31.360000610351562,515,0.0,0.0,0.0
2024-07-05 10:49:00-04:00,31.3700008392334,31.375,31.3700008392334,31.3700008392334,746,0.0,0.0,0.0
2024-07-05 10:54:00-04:00,31.364999771118164,31.3700008392334,31.364999771118164,31.3700008392334,422,0.0,0.0,0.0
2024-07-05 11:02:00-04:00,31.350000381469727,31.350000381469727,31.350000381469727,31.350000381469727,223,0.0,0.0,0.0
2024-07-05 11:12:00-04:00,31.40999984741211,31.40999984741211,31.409900665283203,31.409900665283203,688,0.0,0.0,0.0
2024-07-05 11:13:00-04:00,31.40999984741211,31.420000076293945,31.40999984741211,31.420000076293945,21410,0.0,0.0,0.0
2024-07-05 11:14:00-04:00,31.420000076293945,31.420000076293945,31.420000076293945,31.420000076293945,25543,0.0,0.0,0.0
2024-07-05 11:15:00-04:00,31.40999984741211,31.420000076293945,31.40999984741211,31.420000076293945,97010,0.0,0.0,0.0
2024-07-05 11:16:00-04:00,31.420000076293945,31.420000076293945,31.420000076293945,31.420000076293945,1134,0.0,0.0,0.0
2024-07-05 11:19:00-04:00,31.415000915527344,31.415000915527344,31.415000915527344,31.415000915527344,533,0.0,0.0,0.0
2024-07-05 11:21:00-04:00,31.40999984741211,31.40999984741211,31.40999984741211,31.40999984741211,297,0.0,0.0,0.0
2024-07-05 11:24:00-04:00,31.40999984741211,31.40999984741211,31.405000686645508,31.405000686645508,535,0.0,0.0,0.0
2024-07-05 11:41:00-04:00,31.42289924621582,31.42289924621582,31.42289924621582,31.42289924621582,1965,0.0,0.0,0.0
2024-07-05 11:56:00-04:00,31.450000762939453,31.450000762939453,31.450000762939453,31.450000762939453,246,0.0,0.0,0.0
2024-07-05 12:04:00-04:00,31.439899444580078,31.439899444580078,31.439899444580078,31.439899444580078,100,0.0,0.0,0.0
2024-07-05 12:06:00-04:00,31.434999465942383,31.434999465942383,31.43000030517578,31.43000030517578,418,0.0,0.0,0.0
2024-07-05 12:08:00-04:00,31.425199508666992,31.425199508666992,31.425199508666992,31.425199508666992,414,0.0,0.0,0.0
2024-07-05 12:23:00-04:00,31.440099716186523,31.440099716186523,31.440099716186523,31.440099716186523,301,0.0,0.0,0.0
2024-07-05 12:24:00-04:00,31.44499969482422,31.44499969482422,31.44499969482422,31.44499969482422,200,0.0,0.0,0.0
2024-07-05 12:25:00-04:00,31.44499969482422,31.44659996032715,31.44499969482422,31.44659996032715,874,0.0,0.0,0.0
2024-07-05 12:27:00-04:00,31.430099487304688,31.430099487304688,31.430099487304688,31.430099487304688,160,0.0,0.0,0.0
2024-07-05 12:28:00-04:00,31.434999465942383,31.434999465942383,31.434999465942383,31.434999465942383,159,0.0,0.0,0.0
2024-07-05 12:30:00-04:00,31.439899444580078,31.439899444580078,31.439899444580078,31.439899444580078,100,0.0,0.0,0.0
2024-07-05 12:31:00-04:00,31.434999465942383,31.440000534057617,31.434999465942383,31.439899444580078,600,0.0,0.0,0.0
2024-07-05 12:35:00-04:00,31.4325008392334,31.4325008392334,31.4325008392334,31.4325008392334,795,0.0,0.0,0.0
2024-07-05 12:39:00-04:00,31.435199737548828,31.435199737548828,31.435199737548828,31.435199737548828,257,0.0,0.0,0.0
2024-07-05 12:44:00-04:00,31.429899215698242,31.429899215698242,31.429899215698242,31.429899215698242,2083,0.0,0.0,0.0
2024-07-05 12:47:00-04:00,31.417400360107422,31.417400360107422,31.417400360107422,31.417400360107422,372,0.0,0.0,0.0
2024-07-05 12:52:00-04:00,31.449800491333008,31.449800491333008,31.449800491333008,31.449800491333008,220,0.0,0.0,0.0
2024-07-05 12:57:00-04:00,31.440000534057617,31.440000534057617,31.440000534057617,31.440000534057617,201,0.0,0.0,0.0
2024-07-05 13:07:00-04:00,31.440000534057617,31.440000534057617,31.440000534057617,31.440000534057617,318,0.0,0.0,0.0
2024-07-05 13:12:00-04:00,31.450000762939453,31.450000762939453,31.44499969482422,31.44499969482422,2538,0.0,0.0,0.0
2024-07-05 13:14:00-04:00,31.450000762939453,31.450000762939453,31.450000762939453,31.450000762939453,250,0.0,0.0,0.0
2024-07-05 13:24:00-04:00,31.459999084472656,31.459999084472656,31.45989990234375,31.45989990234375,400,0.0,0.0,0.0
2024-07-05 13:25:00-04:00,31.459999084472656,31.459999084472656,31.459999084472656,31.459999084472656,600,0.0,0.0,0.0
2024-07-05 13:31:00-04:00,31.459999084472656,31.459999084472656,31.459999084472656,31.459999084472656,101,0.0,0.0,0.0
2024-07-05 13:34:00-04:00,31.479999542236328,31.479999542236328,31.479999542236328,31.479999542236328,281,0.0,0.0,0.0
2024-07-05 13:35:00-04:00,31.476299285888672,31.476299285888672,31.476299285888672,31.476299285888672,1220,0.0,0.0,0.0
2024-07-05 13:38:00-04:00,31.479999542236328,31.479999542236328,31.479999542236328,31.479999542236328,467,0.0,0.0,0.0
2024-07-05 13:43:00-04:00,31.488100051879883,31.488100051879883,31.488100051879883,31.488100051879883,614,0.0,0.0,0.0
2024-07-05 13:51:00-04:00,31.5,31.5,31.5,31.5,200,0.0,0.0,0.0
2024-07-05 13:52:00-04:00,31.5,31.5,31.5,31.5,194,0.0,0.0,0.0
2024-07-05 13:55:00-04:00,31.4950008392334,31.4950008392334,31.4950008392334,31.4950008392334,1151,0.0,0.0,0.0
2024-07-05 13:57:00-04:00,31.4950008392334,31.4950008392334,31.489999771118164,31.489999771118164,636,0.0,0.0,0.0
2024-07-05 14:04:00-04:00,31.46980094909668,31.46980094909668,31.46980094909668,31.46980094909668,205,0.0,0.0,0.0
2024-07-05 14:05:00-04:00,31.469999313354492,31.469999313354492,31.469999313354492,31.469999313354492,359,0.0,0.0,0.0
2024-07-05 14:13:00-04:00,31.479999542236328,31.489700317382812,31.479999542236328,31.489700317382812,337,0.0,0.0,0.0
2024-07-05 14:14:00-04:00,31.485000610351562,31.485000610351562,31.485000610351562,31.485000610351562,155,0.0,0.0,0.0
2024-07-05 14:19:00-04:00,31.489999771118164,31.489999771118164,31.489999771118164,31.489999771118164,468,0.0,0.0,0.0
2024-07-05 14:20:00-04:00,31.4950008392334,31.4950008392334,31.4950008392334,31.4950008392334,132,0.0,0.0,0.0
2024-07-05 14:26:00-04:00,31.485000610351562,31.485000610351562,31.485000610351562,31.485000610351562,171,0.0,0.0,0.0
2024-07-05 14:27:00-04:00,31.489900588989258,31.489999771118164,31.489599227905273,31.489700317382812,5124,0.0,0.0,0.0
2024-07-05 14:30:00-04:00,31.489999771118164,31.489999771118164,31.489900588989258,31.489900588989258,346,0.0,0.0,0.0
2024-07-05 14:33:00-04:00,31.479999542236328,31.479999542236328,31.479999542236328,31.479999542236328,242,0.0,0.0,0.0
2024-07-05 14:35:00-04:00,31.489999771118164,31.489999771118164,31.489999771118164,31.489999771118164,408,0.0,0.0,0.0
2024-07-05 14:36:00-04:00,31.489999771118164,31.489999771118164,31.489999771118164,31.489999771118164,100,0.0,0.0,0.0
2024-07-05 14:38:00-04:00,31.489700317382812,31.489700317382812,31.489700317382812,31.489700317382812,3369,0.0,0.0,0.0
2024-07-05 14:47:00-04:00,31.49169921875,31.49169921875,31.49169921875,31.49169921875,249,0.0,0.0,0.0
2024-07-05 14:49:00-04:00,31.5,31.5,31.5,31.5,201,0.0,0.0,0.0
2024-07-05 14:51:00-04:00,31.5049991607666,31.5049991607666,31.5049991607666,31.5049991607666,939,0.0,0.0,0.0
2024-07-05 15:01:00-04:00,31.5049991607666,31.5049991607666,31.500099182128906,31.500099182128906,1870,0.0,0.0,0.0
2024-07-05 15:10:00-04:00,31.50029945373535,31.50029945373535,31.50029945373535,31.50029945373535,4068,0.0,0.0,0.0
2024-07-05 15:11:00-04:00,31.510000228881836,31.510000228881836,31.510000228881836,31.510000228881836,202,0.0,0.0,0.0
2024-07-05 15:18:00-04:00,31.5,31.5,31.5,31.5,145,0.0,0.0,0.0
2024-07-05 15:23:00-04:00,31.500099182128906,31.500099182128906,31.500099182128906,31.500099182128906,279,0.0,0.0,0.0
2024-07-05 15:28:00-04:00,31.512100219726562,31.512100219726562,31.512100219726562,31.512100219726562,100,0.0,0.0,0.0
2024-07-05 15:30:00-04:00,31.5049991607666,31.5049991607666,31.5049991607666,31.5049991607666,1688,0.0,0.0,0.0
2024-07-05 15:33:00-04:00,31.510000228881836,31.510000228881836,31.510000228881836,31.510000228881836,161,0.0,0.0,0.0
2024-07-05 15:39:00-04:00,31.514999389648438,31.514999389648438,31.514999389648438,31.514999389648438,1077,0.0,0.0,0.0
2024-07-05 15:40:00-04:00,31.524999618530273,31.530000686645508,31.524999618530273,31.524999618530273,2932,0.0,0.0,0.0
2024-07-05 15:43:00-04:00,31.524999618530273,31.524999618530273,31.524999618530273,31.524999618530273,100,0.0,0.0,0.0
2024-07-05 15:44:00-04:00,31.52989959716797,31.52989959716797,31.52989959716797,31.52989959716797,5809,0.0,0.0,0.0
2024-07-05 15:48:00-04:00,31.53499984741211,31.53499984741211,31.530000686645508,31.530000686645508,643,0.0,0.0,0.0
2024-07-05 15:51:00-04:00,31.559999465942383,31.559999465942383,31.559900283813477,31.559999465942383,1676,0.0,0.0,0.0
2024-07-05 15:52:00-04:00,31.559999465942383,31.559999465942383,31.55500030517578,31.55500030517578,4760,0.0,0.0,0.0
2024-07-05 15:53:00-04:00,31.552499771118164,31.552499771118164,31.552499771118164,31.552499771118164,1000,0.0,0.0,0.0
2024-07-05 15:54:00-04:00,31.559999465942383,31.559999465942383,31.559999465942383,31.559999465942383,4831,0.0,0.0,0.0
2024-07-05 15:58:00-04:00,31.55500030517578,31.565000534057617,31.55500030517578,31.565000534057617,1300,0.0,0.0,0.0
2024-07-05 15:59:00-04:00,31.551700592041016,31.56999969482422,31.551700592041016,31.559999465942383,8542,0.0,0.0,0.0
