Datetime,Open,High,Low,Close,Volume,Dividends,Stock Splits
2024-08-29 09:00:00+09:00,374.0,374.0,371.0,372.0,38600,0.0,0.0
2024-08-29 09:05:00+09:00,372.0,373.0,372.0,373.0,5800,0.0,0.0
2024-08-29 09:10:00+09:00,374.0,374.0,374.0,374.0,1000,0.0,0.0
2024-08-29 09:20:00+09:00,375.0,375.0,375.0,375.0,700,0.0,0.0
2024-08-29 09:25:00+09:00,374.0,374.0,374.0,374.0,300,0.0,0.0
2024-08-29 09:30:00+09:00,374.0,375.0,373.0,375.0,14500,0.0,0.0
2024-08-29 09:35:00+09:00,376.0,377.0,376.0,377.0,11400,0.0,0.0
2024-08-29 09:40:00+09:00,376.0,376.0,374.0,374.0,13600,0.0,0.0
2024-08-29 09:45:00+09:00,376.0,376.0,376.0,376.0,1200,0.0,0.0
2024-08-29 09:50:00+09:00,377.0,377.0,376.0,376.0,2500,0.0,0.0
2024-08-29 09:55:00+09:00,376.0,376.0,376.0,376.0,900,0.0,0.0
2024-08-29 10:10:00+09:00,377.0,377.0,376.0,377.0,4700,0.0,0.0
2024-08-29 10:30:00+09:00,377.0,377.0,377.0,377.0,200,0.0,0.0
2024-08-29 10:35:00+09:00,377.0,377.0,377.0,377.0,200,0.0,0.0
2024-08-29 10:40:00+09:00,377.0,377.0,377.0,377.0,100,0.0,0.0
2024-08-29 11:00:00+09:00,377.0,377.0,377.0,377.0,200,0.0,0.0
2024-08-29 11:05:00+09:00,377.0,377.0,377.0,377.0,100,0.0,0.0
2024-08-29 11:20:00+09:00,376.0,376.0,376.0,376.0,8600,0.0,0.0
2024-08-29 11:25:00+09:00,375.0,375.0,375.0,375.0,100,0.0,0.0
2024-08-29 11:30:00+09:00,375.0,375.0,375.0,375.0,100,0.0,0.0
2024-08-29 11:35:00+09:00,375.0,375.0,375.0,375.0,0,0.0,0.0
2024-08-29 12:30:00+09:00,375.0,375.0,375.0,375.0,106800,0.0,0.0
2024-08-29 12:35:00+09:00,376.0,376.0,376.0,376.0,100,0.0,0.0
2024-08-29 12:40:00+09:00,376.0,376.0,376.0,376.0,3800,0.0,0.0
2024-08-29 12:50:00+09:00,376.0,376.0,375.0,376.0,2800,0.0,0.0
2024-08-29 13:00:00+09:00,376.0,376.0,376.0,376.0,200,0.0,0.0
2024-08-29 13:10:00+09:00,377.0,377.0,377.0,377.0,1000,0.0,0.0
2024-08-29 13:15:00+09:00,377.0,377.0,377.0,377.0,100,0.0,0.0
2024-08-29 13:25:00+09:00,377.0,377.0,377.0,377.0,100,0.0,0.0
2024-08-29 13:30:00+09:00,377.0,377.0,377.0,377.0,200,0.0,0.0
2024-08-29 13:35:00+09:00,377.0,377.0,377.0,377.0,200,0.0,0.0
2024-08-29 13:45:00+09:00,377.0,377.0,377.0,377.0,100,0.0,0.0
2024-08-29 13:55:00+09:00,376.0,376.0,376.0,376.0,100,0.0,0.0
2024-08-29 14:00:00+09:00,376.0,376.0,376.0,376.0,100,0.0,0.0
2024-08-29 14:10:00+09:00,376.0,376.0,376.0,376.0,1000,0.0,0.0
2024-08-29 14:20:00+09:00,376.0,376.0,376.0,376.0,6900,0.0,0.0
2024-08-29 14:25:00+09:00,376.0,376.0,376.0,376.0,100,0.0,0.0
2024-08-29 14:30:00+09:00,376.0,376.0,376.0,376.0,300,0.0,0.0
2024-08-29 14:35:00+09:00,376.0,376.0,376.0,376.0,100,0.0,0.0
2024-08-29 14:40:00+09:00,375.0,375.0,375.0,375.0,100,0.0,0.0
2024-08-29 14:45:00+09:00,376.0,376.0,376.0,376.0,2700,0.0,0.0
2024-08-29 14:50:00+09:00,376.0,376.0,376.0,376.0,100,0.0,0.0
2024-08-29 14:55:00+09:00,376.0,377.0,376.0,376.0,4400,0.0,0.0
2024-08-30 09:00:00+09:00,377.0,378.0,377.0,378.0,17200,0.0,0.0
2024-08-30 09:05:00+09:00,378.0,378.0,378.0,378.0,300,0.0,0.0
2024-08-30 09:10:00+09:00,378.0,379.0,378.0,378.0,2700,0.0,0.0
2024-08-30 09:15:00+09:00,378.0,378.0,377.0,377.0,500,0.0,0.0
2024-08-30 09:20:00+09:00,377.0,377.0,377.0,377.0,200,0.0,0.0
2024-08-30 09:25:00+09:00,377.0,378.0,377.0,378.0,12200,0.0,0.0
2024-08-30 09:30:00+09:00,378.0,378.0,377.0,378.0,7300,0.0,0.0
2024-08-30 09:35:00+09:00,378.0,378.0,378.0,378.0,100,0.0,0.0
2024-08-30 09:45:00+09:00,379.0,379.0,379.0,379.0,5200,0.0,0.0
2024-08-30 09:55:00+09:00,380.0,381.0,380.0,381.0,6500,0.0,0.0
2024-08-30 10:00:00+09:00,380.0,380.0,379.0,380.0,1400,0.0,0.0
2024-08-30 10:05:00+09:00,380.0,380.0,380.0,380.0,200,0.0,0.0
2024-08-30 10:10:00+09:00,380.0,380.0,380.0,380.0,100,0.0,0.0
2024-08-30 10:20:00+09:00,379.0,379.0,378.0,379.0,4700,0.0,0.0
2024-08-30 10:25:00+09:00,379.0,379.0,379.0,379.0,800,0.0,0.0
2024-08-30 10:30:00+09:00,378.0,378.0,378.0,378.0,1500,0.0,0.0
2024-08-30 10:35:00+09:00,379.0,379.0,379.0,379.0,1100,0.0,0.0
2024-08-30 10:45:00+09:00,379.0,379.0,379.0,379.0,500,0.0,0.0
2024-08-30 10:50:00+09:00,378.0,378.0,375.0,377.0,34700,0.0,0.0
2024-08-30 10:55:00+09:00,377.0,377.0,377.0,377.0,500,0.0,0.0
2024-08-30 11:00:00+09:00,377.0,377.0,377.0,377.0,2900,0.0,0.0
2024-08-30 11:05:00+09:00,378.0,378.0,378.0,378.0,100,0.0,0.0
2024-08-30 11:10:00+09:00,378.0,378.0,378.0,378.0,1400,0.0,0.0
2024-08-30 11:20:00+09:00,378.0,379.0,378.0,379.0,3500,0.0,0.0
2024-08-30 11:25:00+09:00,379.0,379.0,379.0,379.0,300,0.0,0.0
2024-08-30 11:30:00+09:00,379.0,379.0,379.0,379.0,100,0.0,0.0
2024-08-30 11:35:00+09:00,379.0,379.0,379.0,379.0,0,0.0,0.0
2024-08-30 12:30:00+09:00,379.0,379.0,378.0,378.0,108300,0.0,0.0
2024-08-30 12:35:00+09:00,378.0,378.0,378.0,378.0,100,0.0,0.0
2024-08-30 12:40:00+09:00,379.0,379.0,377.0,378.0,7000,0.0,0.0
2024-08-30 12:45:00+09:00,377.0,378.0,377.0,378.0,900,0.0,0.0
2024-08-30 12:50:00+09:00,379.0,380.0,379.0,380.0,16800,0.0,0.0
2024-08-30 13:00:00+09:00,379.0,379.0,379.0,379.0,100,0.0,0.0
2024-08-30 13:05:00+09:00,379.0,379.0,379.0,379.0,1900,0.0,0.0
2024-08-30 13:20:00+09:00,379.0,379.0,379.0,379.0,900,0.0,0.0
2024-08-30 13:25:00+09:00,379.0,379.0,379.0,379.0,100,0.0,0.0
2024-08-30 13:30:00+09:00,378.0,378.0,378.0,378.0,300,0.0,0.0
2024-08-30 13:35:00+09:00,378.0,378.0,376.0,378.0,11500,0.0,0.0
2024-08-30 13:45:00+09:00,378.0,379.0,378.0,379.0,2800,0.0,0.0
2024-08-30 13:50:00+09:00,380.0,380.0,380.0,380.0,33600,0.0,0.0
2024-08-30 13:55:00+09:00,379.0,379.0,379.0,379.0,200,0.0,0.0
2024-08-30 14:00:00+09:00,379.0,379.0,379.0,379.0,4700,0.0,0.0
2024-08-30 14:05:00+09:00,379.0,379.0,379.0,379.0,100,0.0,0.0
2024-08-30 14:10:00+09:00,379.0,379.0,379.0,379.0,100,0.0,0.0
2024-08-30 14:15:00+09:00,379.0,379.0,378.0,378.0,1900,0.0,0.0
2024-08-30 14:30:00+09:00,379.0,379.0,379.0,379.0,2800,0.0,0.0
2024-08-30 14:40:00+09:00,380.0,380.0,380.0,380.0,1500,0.0,0.0
2024-08-30 14:45:00+09:00,380.0,380.0,380.0,380.0,1100,0.0,0.0
2024-08-30 14:50:00+09:00,380.0,380.0,380.0,380.0,1800,0.0,0.0
2024-08-30 14:55:00+09:00,381.0,381.0,380.0,380.0,2600,0.0,0.0
2024-09-02 09:00:00+09:00,385.0,387.0,383.0,386.0,69000,0.0,0.0
2024-09-02 09:05:00+09:00,386.0,386.0,385.0,386.0,1800,0.0,0.0
2024-09-02 09:10:00+09:00,385.0,386.0,385.0,385.0,2100,0.0,0.0
2024-09-02 09:15:00+09:00,386.0,387.0,386.0,386.0,5600,0.0,0.0
2024-09-02 09:20:00+09:00,386.0,386.0,384.0,384.0,9400,0.0,0.0
2024-09-02 09:25:00+09:00,384.0,384.0,384.0,384.0,400,0.0,0.0
2024-09-02 09:30:00+09:00,384.0,385.0,383.0,385.0,11900,0.0,0.0
2024-09-02 09:35:00+09:00,386.0,386.0,384.0,384.0,1000,0.0,0.0
2024-09-02 09:40:00+09:00,385.0,385.0,385.0,385.0,1000,0.0,0.0
2024-09-02 09:45:00+09:00,384.0,384.0,384.0,384.0,500,0.0,0.0
2024-09-02 09:50:00+09:00,385.0,385.0,384.0,384.0,800,0.0,0.0
2024-09-02 09:55:00+09:00,384.0,384.0,384.0,384.0,200,0.0,0.0
2024-09-02 10:00:00+09:00,384.0,384.0,384.0,384.0,100,0.0,0.0
2024-09-02 10:05:00+09:00,384.0,384.0,384.0,384.0,1200,0.0,0.0
2024-09-02 10:10:00+09:00,384.0,384.0,384.0,384.0,200,0.0,0.0
2024-09-02 10:15:00+09:00,384.0,384.0,384.0,384.0,500,0.0,0.0
2024-09-02 10:20:00+09:00,384.0,384.0,384.0,384.0,400,0.0,0.0
2024-09-02 10:25:00+09:00,384.0,384.0,384.0,384.0,800,0.0,0.0
2024-09-02 10:30:00+09:00,384.0,384.0,384.0,384.0,200,0.0,0.0
2024-09-02 10:35:00+09:00,384.0,384.0,384.0,384.0,800,0.0,0.0
2024-09-02 10:40:00+09:00,384.0,386.0,384.0,385.0,13700,0.0,0.0
2024-09-02 10:50:00+09:00,384.0,385.0,384.0,385.0,200,0.0,0.0
2024-09-02 10:55:00+09:00,384.0,385.0,384.0,385.0,2300,0.0,0.0
2024-09-02 11:00:00+09:00,385.0,385.0,385.0,385.0,1000,0.0,0.0
2024-09-02 11:05:00+09:00,384.0,384.0,384.0,384.0,100,0.0,0.0
2024-09-02 11:10:00+09:00,384.0,384.0,384.0,384.0,100,0.0,0.0
2024-09-02 11:15:00+09:00,384.0,384.0,384.0,384.0,4100,0.0,0.0
2024-09-02 11:20:00+09:00,383.0,383.0,383.0,383.0,200,0.0,0.0
2024-09-02 11:25:00+09:00,383.0,383.0,383.0,383.0,200,0.0,0.0
2024-09-02 11:30:00+09:00,384.0,384.0,384.0,384.0,300,0.0,0.0
2024-09-02 11:35:00+09:00,384.0,384.0,384.0,384.0,0,0.0,0.0
2024-09-02 12:30:00+09:00,383.0,383.0,382.0,382.0,135200,0.0,0.0
2024-09-02 12:35:00+09:00,381.0,381.0,381.0,381.0,400,0.0,0.0
2024-09-02 12:40:00+09:00,381.0,382.0,380.0,380.0,7500,0.0,0.0
2024-09-02 12:45:00+09:00,381.0,382.0,381.0,382.0,1300,0.0,0.0
2024-09-02 12:50:00+09:00,382.0,383.0,382.0,382.0,2000,0.0,0.0
2024-09-02 12:55:00+09:00,383.0,383.0,382.0,382.0,200,0.0,0.0
2024-09-02 13:00:00+09:00,383.0,383.0,382.0,383.0,400,0.0,0.0
2024-09-02 13:05:00+09:00,383.0,383.0,383.0,383.0,200,0.0,0.0
2024-09-02 13:10:00+09:00,382.0,382.0,382.0,382.0,1800,0.0,0.0
2024-09-02 13:15:00+09:00,381.0,382.0,381.0,382.0,2000,0.0,0.0
2024-09-02 13:20:00+09:00,381.0,381.0,379.0,380.0,22600,0.0,0.0
2024-09-02 13:25:00+09:00,380.0,380.0,380.0,380.0,100,0.0,0.0
2024-09-02 13:30:00+09:00,380.0,380.0,380.0,380.0,100,0.0,0.0
2024-09-02 13:35:00+09:00,380.0,380.0,380.0,380.0,100,0.0,0.0
2024-09-02 13:40:00+09:00,380.0,380.0,380.0,380.0,100,0.0,0.0
2024-09-02 13:45:00+09:00,381.0,381.0,380.0,380.0,500,0.0,0.0
2024-09-02 13:50:00+09:00,380.0,380.0,380.0,380.0,100,0.0,0.0
2024-09-02 13:55:00+09:00,380.0,381.0,380.0,381.0,300,0.0,0.0
2024-09-02 14:00:00+09:00,380.0,381.0,380.0,381.0,2400,0.0,0.0
2024-09-02 14:05:00+09:00,381.0,381.0,381.0,381.0,100,0.0,0.0
2024-09-02 14:10:00+09:00,381.0,382.0,381.0,382.0,200,0.0,0.0
2024-09-02 14:20:00+09:00,381.0,382.0,381.0,382.0,7700,0.0,0.0
2024-09-02 14:25:00+09:00,383.0,383.0,382.0,382.0,1100,0.0,0.0
2024-09-02 14:30:00+09:00,382.0,382.0,382.0,382.0,400,0.0,0.0
2024-09-02 14:35:00+09:00,382.0,382.0,382.0,382.0,400,0.0,0.0
2024-09-02 14:40:00+09:00,382.0,382.0,382.0,382.0,300,0.0,0.0
2024-09-02 14:45:00+09:00,382.0,382.0,382.0,382.0,200,0.0,0.0
2024-09-02 14:50:00+09:00,382.0,382.0,381.0,381.0,2400,0.0,0.0
2024-09-02 14:55:00+09:00,381.0,381.0,381.0,381.0,3100,0.0,0.0
2024-09-03 09:00:00+09:00,382.0,384.0,382.0,384.0,21500,0.0,0.0
2024-09-03 09:05:00+09:00,384.0,385.0,384.0,385.0,7400,0.0,0.0
2024-09-03 09:10:00+09:00,385.0,386.0,385.0,386.0,2100,0.0,0.0
2024-09-03 09:15:00+09:00,386.0,386.0,386.0,386.0,1600,0.0,0.0
2024-09-03 09:20:00+09:00,386.0,386.0,386.0,386.0,500,0.0,0.0
2024-09-03 09:25:00+09:00,386.0,386.0,385.0,385.0,1400,0.0,0.0
2024-09-03 09:30:00+09:00,385.0,386.0,385.0,385.0,800,0.0,0.0
2024-09-03 09:35:00+09:00,386.0,387.0,386.0,386.0,5800,0.0,0.0
2024-09-03 09:40:00+09:00,386.0,387.0,386.0,386.0,500,0.0,0.0
2024-09-03 09:45:00+09:00,387.0,387.0,386.0,387.0,400,0.0,0.0
2024-09-03 09:50:00+09:00,387.0,387.0,386.0,386.0,500,0.0,0.0
2024-09-03 09:55:00+09:00,387.0,387.0,386.0,386.0,700,0.0,0.0
2024-09-03 10:00:00+09:00,386.0,386.0,386.0,386.0,200,0.0,0.0
2024-09-03 10:05:00+09:00,387.0,387.0,386.0,386.0,500,0.0,0.0
2024-09-03 10:10:00+09:00,387.0,387.0,387.0,387.0,200,0.0,0.0
2024-09-03 10:15:00+09:00,386.0,387.0,386.0,387.0,200,0.0,0.0
2024-09-03 10:20:00+09:00,387.0,387.0,386.0,386.0,200,0.0,0.0
2024-09-03 10:25:00+09:00,387.0,387.0,386.0,386.0,300,0.0,0.0
2024-09-03 10:30:00+09:00,386.0,387.0,386.0,386.0,900,0.0,0.0
2024-09-03 10:35:00+09:00,387.0,387.0,387.0,387.0,200,0.0,0.0
2024-09-03 10:40:00+09:00,386.0,387.0,386.0,387.0,7500,0.0,0.0
2024-09-03 10:45:00+09:00,387.0,387.0,387.0,387.0,900,0.0,0.0
2024-09-03 10:50:00+09:00,387.0,387.0,386.0,386.0,400,0.0,0.0
2024-09-03 10:55:00+09:00,386.0,387.0,386.0,386.0,3000,0.0,0.0
2024-09-03 11:00:00+09:00,386.0,387.0,386.0,387.0,300,0.0,0.0
2024-09-03 11:05:00+09:00,387.0,387.0,386.0,386.0,200,0.0,0.0
2024-09-03 11:10:00+09:00,387.0,387.0,387.0,387.0,100,0.0,0.0
2024-09-03 11:15:00+09:00,386.0,387.0,386.0,387.0,200,0.0,0.0
2024-09-03 11:20:00+09:00,386.0,387.0,386.0,387.0,200,0.0,0.0
2024-09-03 11:25:00+09:00,386.0,386.0,386.0,386.0,400,0.0,0.0
2024-09-03 11:30:00+09:00,387.0,387.0,387.0,387.0,100,0.0,0.0
2024-09-03 11:35:00+09:00,387.0,387.0,387.0,387.0,0,0.0,0.0
2024-09-03 12:30:00+09:00,387.0,387.0,386.0,386.0,62700,0.0,0.0
2024-09-03 12:35:00+09:00,387.0,387.0,387.0,387.0,4500,0.0,0.0
2024-09-03 12:40:00+09:00,387.0,387.0,387.0,387.0,300,0.0,0.0
2024-09-03 12:45:00+09:00,387.0,387.0,387.0,387.0,600,0.0,0.0
2024-09-03 12:50:00+09:00,387.0,387.0,387.0,387.0,200,0.0,0.0
2024-09-03 12:55:00+09:00,387.0,387.0,387.0,387.0,300,0.0,0.0
2024-09-03 13:00:00+09:00,387.0,387.0,386.0,386.0,300,0.0,0.0
2024-09-03 13:05:00+09:00,386.0,387.0,386.0,387.0,200,0.0,0.0
2024-09-03 13:10:00+09:00,387.0,387.0,386.0,386.0,700,0.0,0.0
2024-09-03 13:15:00+09:00,386.0,386.0,386.0,386.0,100,0.0,0.0
2024-09-03 13:20:00+09:00,386.0,386.0,385.0,386.0,300,0.0,0.0
2024-09-03 13:25:00+09:00,386.0,386.0,386.0,386.0,300,0.0,0.0
2024-09-03 13:30:00+09:00,386.0,386.0,385.0,386.0,700,0.0,0.0
2024-09-03 13:35:00+09:00,386.0,386.0,386.0,386.0,700,0.0,0.0
2024-09-03 13:40:00+09:00,386.0,386.0,386.0,386.0,300,0.0,0.0
2024-09-03 13:45:00+09:00,385.0,385.0,385.0,385.0,2100,0.0,0.0
2024-09-03 13:50:00+09:00,386.0,386.0,385.0,386.0,500,0.0,0.0
2024-09-03 13:55:00+09:00,386.0,386.0,386.0,386.0,200,0.0,0.0
2024-09-03 14:00:00+09:00,385.0,385.0,384.0,384.0,4500,0.0,0.0
2024-09-03 14:05:00+09:00,384.0,385.0,384.0,385.0,200,0.0,0.0
2024-09-03 14:10:00+09:00,384.0,385.0,384.0,385.0,1400,0.0,0.0
2024-09-03 14:15:00+09:00,385.0,385.0,384.0,384.0,5400,0.0,0.0
2024-09-03 14:20:00+09:00,384.0,385.0,384.0,384.0,2000,0.0,0.0
2024-09-03 14:25:00+09:00,385.0,385.0,384.0,384.0,900,0.0,0.0
2024-09-03 14:30:00+09:00,384.0,384.0,384.0,384.0,300,0.0,0.0
2024-09-03 14:35:00+09:00,384.0,385.0,384.0,385.0,400,0.0,0.0
2024-09-03 14:40:00+09:00,384.0,385.0,384.0,384.0,500,0.0,0.0
2024-09-03 14:45:00+09:00,385.0,385.0,384.0,384.0,800,0.0,0.0
2024-09-03 14:50:00+09:00,384.0,384.0,383.0,383.0,2900,0.0,0.0
2024-09-03 14:55:00+09:00,384.0,385.0,383.0,383.0,3600,0.0,0.0
2024-09-04 09:00:00+09:00,376.0,379.0,375.0,376.0,43200,0.0,0.0
2024-09-04 09:05:00+09:00,377.0,377.0,375.0,376.0,7200,0.0,0.0
2024-09-04 09:10:00+09:00,376.0,376.0,375.0,375.0,800,0.0,0.0
2024-09-04 09:15:00+09:00,376.0,377.0,376.0,377.0,13100,0.0,0.0
2024-09-04 09:20:00+09:00,377.0,378.0,377.0,378.0,2100,0.0,0.0
2024-09-04 09:25:00+09:00,377.0,377.0,377.0,377.0,1700,0.0,0.0
2024-09-04 09:30:00+09:00,376.0,376.0,376.0,376.0,7300,0.0,0.0
2024-09-04 09:35:00+09:00,375.0,375.0,374.0,374.0,25800,0.0,0.0
2024-09-04 09:40:00+09:00,373.0,373.0,372.0,372.0,23400,0.0,0.0
2024-09-04 09:45:00+09:00,372.0,372.0,371.0,372.0,26400,0.0,0.0
2024-09-04 09:50:00+09:00,372.0,374.0,372.0,374.0,2500,0.0,0.0
2024-09-04 09:55:00+09:00,373.0,373.0,373.0,373.0,100,0.0,0.0
2024-09-04 10:00:00+09:00,372.0,372.0,372.0,372.0,4400,0.0,0.0
2024-09-04 10:05:00+09:00,372.0,372.0,372.0,372.0,300,0.0,0.0
2024-09-04 10:10:00+09:00,371.0,372.0,371.0,372.0,2600,0.0,0.0
2024-09-04 10:15:00+09:00,372.0,372.0,371.0,371.0,3300,0.0,0.0
2024-09-04 10:20:00+09:00,372.0,372.0,372.0,372.0,900,0.0,0.0
2024-09-04 10:25:00+09:00,372.0,373.0,372.0,372.0,3100,0.0,0.0
2024-09-04 10:30:00+09:00,373.0,373.0,373.0,373.0,1600,0.0,0.0
2024-09-04 10:35:00+09:00,373.0,373.0,373.0,373.0,1500,0.0,0.0
2024-09-04 10:40:00+09:00,373.0,373.0,373.0,373.0,100,0.0,0.0
2024-09-04 10:45:00+09:00,373.0,373.0,373.0,373.0,1700,0.0,0.0
2024-09-04 10:50:00+09:00,374.0,374.0,373.0,373.0,1400,0.0,0.0
2024-09-04 10:55:00+09:00,373.0,373.0,373.0,373.0,900,0.0,0.0
2024-09-04 11:00:00+09:00,374.0,374.0,374.0,374.0,100,0.0,0.0
2024-09-04 11:05:00+09:00,373.0,373.0,372.0,372.0,11900,0.0,0.0
2024-09-04 11:10:00+09:00,371.0,371.0,371.0,371.0,1900,0.0,0.0
2024-09-04 11:15:00+09:00,371.0,371.0,371.0,371.0,100,0.0,0.0
2024-09-04 11:20:00+09:00,372.0,373.0,372.0,373.0,12900,0.0,0.0
2024-09-04 11:25:00+09:00,373.0,373.0,373.0,373.0,1900,0.0,0.0
2024-09-04 11:30:00+09:00,372.0,372.0,372.0,372.0,900,0.0,0.0
2024-09-04 11:35:00+09:00,372.0,372.0,372.0,372.0,0,0.0,0.0
2024-09-04 12:30:00+09:00,374.0,374.0,371.0,372.0,220100,0.0,0.0
2024-09-04 12:35:00+09:00,372.0,372.0,371.0,372.0,8000,0.0,0.0
2024-09-04 12:40:00+09:00,372.0,372.0,371.0,372.0,6600,0.0,0.0
2024-09-04 12:45:00+09:00,372.0,372.0,372.0,372.0,5300,0.0,0.0
2024-09-04 12:50:00+09:00,372.0,372.0,372.0,372.0,4900,0.0,0.0
2024-09-04 12:55:00+09:00,371.0,371.0,370.0,371.0,42900,0.0,0.0
2024-09-04 13:00:00+09:00,371.0,371.0,371.0,371.0,800,0.0,0.0
2024-09-04 13:10:00+09:00,371.0,371.0,370.0,371.0,700,0.0,0.0
2024-09-04 13:15:00+09:00,371.0,371.0,371.0,371.0,1200,0.0,0.0
2024-09-04 13:20:00+09:00,371.0,371.0,370.0,370.0,34600,0.0,0.0
2024-09-04 13:25:00+09:00,370.0,373.0,370.0,372.0,20300,0.0,0.0
2024-09-04 13:30:00+09:00,372.0,372.0,371.0,371.0,2600,0.0,0.0
2024-09-04 13:35:00+09:00,372.0,372.0,372.0,372.0,5100,0.0,0.0
2024-09-04 13:45:00+09:00,371.0,372.0,371.0,371.0,5100,0.0,0.0
2024-09-04 13:50:00+09:00,371.0,371.0,371.0,371.0,600,0.0,0.0
2024-09-04 13:55:00+09:00,371.0,371.0,371.0,371.0,3000,0.0,0.0
2024-09-04 14:00:00+09:00,371.0,371.0,371.0,371.0,6400,0.0,0.0
2024-09-04 14:05:00+09:00,370.0,370.0,368.0,368.0,66800,0.0,0.0
2024-09-04 14:10:00+09:00,368.0,369.0,368.0,368.0,21900,0.0,0.0
2024-09-04 14:15:00+09:00,369.0,370.0,368.0,369.0,32200,0.0,0.0
2024-09-04 14:20:00+09:00,369.0,369.0,368.0,369.0,3700,0.0,0.0
2024-09-04 14:25:00+09:00,370.0,370.0,370.0,370.0,6300,0.0,0.0
2024-09-04 14:30:00+09:00,369.0,370.0,369.0,369.0,5000,0.0,0.0
2024-09-04 14:35:00+09:00,369.0,369.0,369.0,369.0,14100,0.0,0.0
2024-09-04 14:40:00+09:00,369.0,369.0,369.0,369.0,3000,0.0,0.0
2024-09-04 14:45:00+09:00,369.0,369.0,369.0,369.0,700,0.0,0.0
2024-09-04 14:50:00+09:00,368.0,369.0,368.0,368.0,8000,0.0,0.0
2024-09-04 14:55:00+09:00,368.0,369.0,368.0,368.0,14900,0.0,0.0
2024-09-05 09:00:00+09:00,364.0,364.0,360.0,362.0,70300,0.0,0.0
2024-09-05 09:05:00+09:00,362.0,363.0,361.0,363.0,12700,0.0,0.0
2024-09-05 09:10:00+09:00,364.0,366.0,364.0,366.0,4700,0.0,0.0
2024-09-05 09:15:00+09:00,366.0,369.0,365.0,369.0,12600,0.0,0.0
2024-09-05 09:20:00+09:00,368.0,370.0,368.0,370.0,2600,0.0,0.0
2024-09-05 09:25:00+09:00,370.0,371.0,370.0,371.0,7800,0.0,0.0
2024-09-05 09:30:00+09:00,370.0,370.0,370.0,370.0,2700,0.0,0.0
2024-09-05 09:35:00+09:00,371.0,372.0,371.0,372.0,34300,0.0,0.0
2024-09-05 09:40:00+09:00,372.0,372.0,372.0,372.0,3000,0.0,0.0
2024-09-05 09:45:00+09:00,372.0,372.0,372.0,372.0,2300,0.0,0.0
2024-09-05 09:50:00+09:00,372.0,372.0,372.0,372.0,700,0.0,0.0
2024-09-05 09:55:00+09:00,372.0,373.0,372.0,373.0,21500,0.0,0.0
2024-09-05 10:00:00+09:00,373.0,373.0,373.0,373.0,100,0.0,0.0
2024-09-05 10:10:00+09:00,374.0,374.0,374.0,374.0,500,0.0,0.0
2024-09-05 10:15:00+09:00,374.0,374.0,374.0,374.0,100,0.0,0.0
2024-09-05 10:20:00+09:00,373.0,373.0,373.0,373.0,17500,0.0,0.0
2024-09-05 10:30:00+09:00,374.0,375.0,374.0,374.0,15700,0.0,0.0
2024-09-05 10:35:00+09:00,375.0,376.0,374.0,376.0,43400,0.0,0.0
2024-09-05 10:40:00+09:00,376.0,376.0,376.0,376.0,1600,0.0,0.0
2024-09-05 10:45:00+09:00,376.0,377.0,375.0,376.0,6400,0.0,0.0
2024-09-05 10:50:00+09:00,375.0,375.0,374.0,374.0,9000,0.0,0.0
2024-09-05 10:55:00+09:00,374.0,374.0,374.0,374.0,2300,0.0,0.0
2024-09-05 11:00:00+09:00,374.0,374.0,374.0,374.0,800,0.0,0.0
2024-09-05 11:05:00+09:00,374.0,374.0,374.0,374.0,300,0.0,0.0
2024-09-05 11:10:00+09:00,374.0,374.0,374.0,374.0,300,0.0,0.0
2024-09-05 11:15:00+09:00,374.0,374.0,373.0,373.0,5700,0.0,0.0
2024-09-05 11:20:00+09:00,374.0,374.0,374.0,374.0,600,0.0,0.0
2024-09-05 11:30:00+09:00,375.0,375.0,375.0,375.0,400,0.0,0.0
2024-09-05 11:35:00+09:00,375.0,375.0,375.0,375.0,0,0.0,0.0
2024-09-05 12:30:00+09:00,375.0,375.0,373.0,373.0,0,0.0,0.0
2024-09-05 12:35:00+09:00,372.0,372.0,372.0,372.0,292100,0.0,0.0
2024-09-05 12:40:00+09:00,371.0,373.0,371.0,373.0,2500,0.0,0.0
2024-09-05 12:45:00+09:00,373.0,373.0,373.0,373.0,4300,0.0,0.0
2024-09-05 12:50:00+09:00,373.0,374.0,373.0,374.0,6800,0.0,0.0
2024-09-05 12:55:00+09:00,374.0,375.0,374.0,374.0,800,0.0,0.0
2024-09-05 13:00:00+09:00,374.0,374.0,374.0,374.0,1400,0.0,0.0
2024-09-05 13:10:00+09:00,373.0,374.0,373.0,374.0,700,0.0,0.0
2024-09-05 13:15:00+09:00,374.0,374.0,374.0,374.0,100,0.0,0.0
2024-09-05 13:20:00+09:00,373.0,373.0,373.0,373.0,5700,0.0,0.0
2024-09-05 13:25:00+09:00,372.0,372.0,372.0,372.0,2300,0.0,0.0
2024-09-05 13:30:00+09:00,372.0,372.0,372.0,372.0,300,0.0,0.0
2024-09-05 13:35:00+09:00,372.0,372.0,372.0,372.0,6900,0.0,0.0
2024-09-05 13:40:00+09:00,372.0,372.0,372.0,372.0,0,0.0,0.0
2024-09-05 13:45:00+09:00,371.0,371.0,369.0,370.0,359700,0.0,0.0
2024-09-05 13:50:00+09:00,370.0,371.0,368.0,371.0,16300,0.0,0.0
2024-09-05 13:55:00+09:00,371.0,371.0,371.0,371.0,1300,0.0,0.0
2024-09-05 14:00:00+09:00,371.0,371.0,371.0,371.0,1000,0.0,0.0
2024-09-05 14:05:00+09:00,371.0,371.0,371.0,371.0,200,0.0,0.0
2024-09-05 14:10:00+09:00,371.0,371.0,371.0,371.0,2600,0.0,0.0
2024-09-05 14:15:00+09:00,371.0,372.0,371.0,371.0,1100,0.0,0.0
2024-09-05 14:20:00+09:00,371.0,371.0,371.0,371.0,800,0.0,0.0
2024-09-05 14:25:00+09:00,371.0,371.0,371.0,371.0,100,0.0,0.0
2024-09-05 14:30:00+09:00,372.0,373.0,372.0,372.0,3700,0.0,0.0
2024-09-05 14:35:00+09:00,373.0,373.0,373.0,373.0,200,0.0,0.0
2024-09-05 14:40:00+09:00,372.0,372.0,372.0,372.0,1900,0.0,0.0
2024-09-05 14:45:00+09:00,372.0,372.0,372.0,372.0,100,0.0,0.0
2024-09-05 14:50:00+09:00,372.0,372.0,371.0,371.0,1000,0.0,0.0
2024-09-05 14:55:00+09:00,371.0,372.0,370.0,372.0,17600,0.0,0.0
2024-09-06 09:00:00+09:00,375.0,375.0,373.0,373.0,14400,0.0,0.0
2024-09-06 09:05:00+09:00,373.0,376.0,373.0,375.0,24200,0.0,0.0
2024-09-06 09:10:00+09:00,375.0,375.0,374.0,374.0,1000,0.0,0.0
2024-09-06 09:15:00+09:00,374.0,375.0,374.0,375.0,1200,0.0,0.0
2024-09-06 09:20:00+09:00,375.0,375.0,372.0,373.0,8400,0.0,0.0
2024-09-06 09:25:00+09:00,373.0,373.0,373.0,373.0,500,0.0,0.0
2024-09-06 09:30:00+09:00,373.0,373.0,373.0,373.0,1000,0.0,0.0
2024-09-06 09:35:00+09:00,372.0,372.0,371.0,371.0,8100,0.0,0.0
2024-09-06 09:40:00+09:00,371.0,372.0,371.0,372.0,2600,0.0,0.0
2024-09-06 09:45:00+09:00,372.0,373.0,372.0,373.0,4400,0.0,0.0
2024-09-06 09:50:00+09:00,373.0,374.0,373.0,374.0,800,0.0,0.0
2024-09-06 09:55:00+09:00,373.0,373.0,373.0,373.0,1100,0.0,0.0
2024-09-06 10:00:00+09:00,373.0,373.0,373.0,373.0,300,0.0,0.0
2024-09-06 10:05:00+09:00,372.0,372.0,371.0,371.0,10900,0.0,0.0
2024-09-06 10:10:00+09:00,371.0,371.0,371.0,371.0,600,0.0,0.0
2024-09-06 10:15:00+09:00,371.0,371.0,371.0,371.0,200,0.0,0.0
2024-09-06 10:20:00+09:00,372.0,372.0,372.0,372.0,700,0.0,0.0
2024-09-06 10:25:00+09:00,373.0,373.0,373.0,373.0,100,0.0,0.0
2024-09-06 10:30:00+09:00,373.0,373.0,372.0,372.0,200,0.0,0.0
2024-09-06 10:35:00+09:00,373.0,374.0,373.0,374.0,2500,0.0,0.0
2024-09-06 10:40:00+09:00,374.0,374.0,374.0,374.0,300,0.0,0.0
2024-09-06 10:45:00+09:00,374.0,374.0,374.0,374.0,700,0.0,0.0
2024-09-06 10:50:00+09:00,374.0,374.0,374.0,374.0,1800,0.0,0.0
2024-09-06 10:55:00+09:00,373.0,373.0,373.0,373.0,2200,0.0,0.0
2024-09-06 11:00:00+09:00,373.0,373.0,373.0,373.0,700,0.0,0.0
2024-09-06 11:05:00+09:00,373.0,373.0,372.0,373.0,2100,0.0,0.0
2024-09-06 11:15:00+09:00,372.0,372.0,372.0,372.0,2300,0.0,0.0
2024-09-06 11:20:00+09:00,371.0,371.0,371.0,371.0,300,0.0,0.0
2024-09-06 11:25:00+09:00,372.0,372.0,371.0,371.0,300,0.0,0.0
2024-09-06 11:30:00+09:00,372.0,372.0,372.0,372.0,300,0.0,0.0
2024-09-06 11:35:00+09:00,372.0,372.0,372.0,372.0,0,0.0,0.0
2024-09-06 12:30:00+09:00,371.0,372.0,371.0,372.0,97800,0.0,0.0
2024-09-06 12:35:00+09:00,371.0,371.0,370.0,371.0,3700,0.0,0.0
2024-09-06 12:40:00+09:00,371.0,371.0,371.0,371.0,1200,0.0,0.0
2024-09-06 12:45:00+09:00,371.0,371.0,371.0,371.0,5400,0.0,0.0
2024-09-06 12:50:00+09:00,371.0,371.0,370.0,370.0,2100,0.0,0.0
2024-09-06 12:55:00+09:00,371.0,372.0,371.0,372.0,3200,0.0,0.0
2024-09-06 13:00:00+09:00,371.0,371.0,371.0,371.0,2000,0.0,0.0
2024-09-06 13:05:00+09:00,371.0,372.0,371.0,372.0,1800,0.0,0.0
2024-09-06 13:10:00+09:00,371.0,371.0,371.0,371.0,100,0.0,0.0
2024-09-06 13:15:00+09:00,372.0,372.0,371.0,371.0,1700,0.0,0.0
2024-09-06 13:25:00+09:00,371.0,371.0,371.0,371.0,200,0.0,0.0
2024-09-06 13:30:00+09:00,371.0,372.0,371.0,372.0,300,0.0,0.0
2024-09-06 13:40:00+09:00,372.0,372.0,372.0,372.0,200,0.0,0.0
2024-09-06 13:45:00+09:00,372.0,372.0,372.0,372.0,4300,0.0,0.0
2024-09-06 13:50:00+09:00,372.0,372.0,372.0,372.0,2700,0.0,0.0
2024-09-06 13:55:00+09:00,373.0,373.0,373.0,373.0,100,0.0,0.0
2024-09-06 14:00:00+09:00,372.0,372.0,372.0,372.0,600,0.0,0.0
2024-09-06 14:05:00+09:00,372.0,372.0,372.0,372.0,100,0.0,0.0
2024-09-06 14:10:00+09:00,372.0,372.0,372.0,372.0,200,0.0,0.0
2024-09-06 14:15:00+09:00,371.0,371.0,370.0,370.0,3000,0.0,0.0
2024-09-06 14:20:00+09:00,371.0,371.0,371.0,371.0,1900,0.0,0.0
2024-09-06 14:25:00+09:00,371.0,371.0,371.0,371.0,500,0.0,0.0
2024-09-06 14:30:00+09:00,371.0,371.0,371.0,371.0,100,0.0,0.0
2024-09-06 14:35:00+09:00,370.0,370.0,368.0,368.0,26800,0.0,0.0
2024-09-06 14:40:00+09:00,369.0,369.0,369.0,369.0,4100,0.0,0.0
2024-09-06 14:45:00+09:00,370.0,370.0,370.0,370.0,2600,0.0,0.0
2024-09-06 14:50:00+09:00,371.0,371.0,371.0,371.0,6300,0.0,0.0
2024-09-06 14:55:00+09:00,371.0,371.0,370.0,371.0,2600,0.0,0.0
2024-09-09 09:00:00+09:00,362.0,364.0,360.0,360.0,60200,0.0,0.0
2024-09-09 09:05:00+09:00,361.0,362.0,358.0,359.0,19700,0.0,0.0
2024-09-09 09:10:00+09:00,359.0,362.0,359.0,362.0,16000,0.0,0.0
2024-09-09 09:15:00+09:00,361.0,361.0,360.0,360.0,12500,0.0,0.0
2024-09-09 09:20:00+09:00,360.0,360.0,359.0,359.0,7600,0.0,0.0
2024-09-09 09:25:00+09:00,360.0,363.0,360.0,362.0,16400,0.0,0.0
2024-09-09 09:30:00+09:00,363.0,363.0,361.0,361.0,3000,0.0,0.0
2024-09-09 09:35:00+09:00,362.0,364.0,361.0,364.0,4000,0.0,0.0
2024-09-09 09:40:00+09:00,364.0,364.0,363.0,363.0,1600,0.0,0.0
2024-09-09 09:45:00+09:00,363.0,363.0,360.0,361.0,17100,0.0,0.0
2024-09-09 09:50:00+09:00,361.0,361.0,360.0,361.0,1600,0.0,0.0
2024-09-09 09:55:00+09:00,361.0,362.0,361.0,361.0,2300,0.0,0.0
2024-09-09 10:00:00+09:00,361.0,362.0,361.0,362.0,1200,0.0,0.0
2024-09-09 10:05:00+09:00,363.0,363.0,362.0,362.0,2900,0.0,0.0
2024-09-09 10:10:00+09:00,362.0,362.0,362.0,362.0,1400,0.0,0.0
2024-09-09 10:15:00+09:00,362.0,362.0,362.0,362.0,400,0.0,0.0
2024-09-09 10:20:00+09:00,362.0,362.0,362.0,362.0,1600,0.0,0.0
2024-09-09 10:25:00+09:00,362.0,362.0,362.0,362.0,500,0.0,0.0
2024-09-09 10:30:00+09:00,363.0,364.0,363.0,364.0,2900,0.0,0.0
2024-09-09 10:35:00+09:00,364.0,364.0,363.0,363.0,700,0.0,0.0
2024-09-09 10:40:00+09:00,363.0,363.0,363.0,363.0,400,0.0,0.0
2024-09-09 10:45:00+09:00,364.0,365.0,363.0,365.0,6000,0.0,0.0
2024-09-09 10:50:00+09:00,366.0,366.0,366.0,366.0,3000,0.0,0.0
2024-09-09 10:55:00+09:00,366.0,366.0,366.0,366.0,900,0.0,0.0
2024-09-09 11:00:00+09:00,366.0,366.0,365.0,365.0,1000,0.0,0.0
2024-09-09 11:05:00+09:00,366.0,367.0,365.0,367.0,4100,0.0,0.0
2024-09-09 11:10:00+09:00,366.0,366.0,366.0,366.0,4500,0.0,0.0
2024-09-09 11:15:00+09:00,366.0,367.0,366.0,366.0,3100,0.0,0.0
2024-09-09 11:20:00+09:00,366.0,366.0,365.0,365.0,3300,0.0,0.0
2024-09-09 11:25:00+09:00,365.0,366.0,365.0,366.0,3000,0.0,0.0
2024-09-09 11:30:00+09:00,367.0,367.0,367.0,367.0,400,0.0,0.0
2024-09-09 11:35:00+09:00,367.0,367.0,367.0,367.0,0,0.0,0.0
2024-09-09 12:30:00+09:00,367.0,367.0,365.0,366.0,207700,0.0,0.0
2024-09-09 12:35:00+09:00,366.0,366.0,366.0,366.0,6300,0.0,0.0
2024-09-09 12:40:00+09:00,366.0,366.0,365.0,366.0,7100,0.0,0.0
2024-09-09 12:45:00+09:00,365.0,365.0,362.0,364.0,42700,0.0,0.0
2024-09-09 12:50:00+09:00,364.0,364.0,364.0,364.0,7000,0.0,0.0
2024-09-09 12:55:00+09:00,365.0,365.0,365.0,365.0,3600,0.0,0.0
2024-09-09 13:00:00+09:00,365.0,365.0,364.0,364.0,1100,0.0,0.0
2024-09-09 13:05:00+09:00,364.0,365.0,364.0,365.0,900,0.0,0.0
2024-09-09 13:10:00+09:00,365.0,366.0,365.0,365.0,1100,0.0,0.0
2024-09-09 13:15:00+09:00,366.0,366.0,366.0,366.0,100,0.0,0.0
2024-09-09 13:20:00+09:00,366.0,366.0,366.0,366.0,500,0.0,0.0
2024-09-09 13:25:00+09:00,366.0,366.0,366.0,366.0,1200,0.0,0.0
2024-09-09 13:30:00+09:00,366.0,366.0,366.0,366.0,900,0.0,0.0
2024-09-09 13:35:00+09:00,366.0,366.0,366.0,366.0,400,0.0,0.0
2024-09-09 13:40:00+09:00,367.0,367.0,367.0,367.0,4000,0.0,0.0
2024-09-09 13:45:00+09:00,367.0,367.0,367.0,367.0,200,0.0,0.0
2024-09-09 13:50:00+09:00,368.0,368.0,368.0,368.0,800,0.0,0.0
2024-09-09 13:55:00+09:00,368.0,368.0,367.0,367.0,800,0.0,0.0
2024-09-09 14:00:00+09:00,367.0,367.0,367.0,367.0,500,0.0,0.0
2024-09-09 14:05:00+09:00,367.0,367.0,367.0,367.0,200,0.0,0.0
2024-09-09 14:10:00+09:00,366.0,367.0,366.0,367.0,3400,0.0,0.0
2024-09-09 14:15:00+09:00,367.0,367.0,367.0,367.0,300,0.0,0.0
2024-09-09 14:20:00+09:00,367.0,367.0,367.0,367.0,200,0.0,0.0
2024-09-09 14:25:00+09:00,367.0,367.0,367.0,367.0,500,0.0,0.0
2024-09-09 14:30:00+09:00,367.0,367.0,367.0,367.0,300,0.0,0.0
2024-09-09 14:35:00+09:00,367.0,367.0,367.0,367.0,700,0.0,0.0
2024-09-09 14:40:00+09:00,367.0,368.0,367.0,367.0,3200,0.0,0.0
2024-09-09 14:45:00+09:00,366.0,366.0,366.0,366.0,1900,0.0,0.0
2024-09-09 14:50:00+09:00,365.0,366.0,365.0,366.0,300,0.0,0.0
2024-09-09 14:55:00+09:00,366.0,367.0,366.0,367.0,2600,0.0,0.0
2024-09-10 09:00:00+09:00,371.0,373.0,371.0,373.0,19400,0.0,0.0
2024-09-10 09:05:00+09:00,372.0,372.0,370.0,371.0,10000,0.0,0.0
2024-09-10 09:10:00+09:00,371.0,371.0,371.0,371.0,4000,0.0,0.0
2024-09-10 09:15:00+09:00,370.0,370.0,369.0,370.0,9100,0.0,0.0
2024-09-10 09:20:00+09:00,370.0,371.0,370.0,371.0,1900,0.0,0.0
2024-09-10 09:25:00+09:00,371.0,372.0,371.0,372.0,1500,0.0,0.0
2024-09-10 09:30:00+09:00,371.0,371.0,371.0,371.0,5800,0.0,0.0
2024-09-10 09:35:00+09:00,371.0,371.0,371.0,371.0,500,0.0,0.0
2024-09-10 09:40:00+09:00,372.0,372.0,372.0,372.0,2000,0.0,0.0
2024-09-10 09:45:00+09:00,372.0,373.0,372.0,372.0,800,0.0,0.0
2024-09-10 09:50:00+09:00,372.0,372.0,372.0,372.0,200,0.0,0.0
2024-09-10 09:55:00+09:00,372.0,372.0,371.0,371.0,900,0.0,0.0
2024-09-10 10:00:00+09:00,371.0,372.0,371.0,371.0,14300,0.0,0.0
2024-09-10 10:05:00+09:00,371.0,371.0,371.0,371.0,1000,0.0,0.0
2024-09-10 10:10:00+09:00,371.0,371.0,371.0,371.0,2800,0.0,0.0
2024-09-10 10:15:00+09:00,371.0,371.0,371.0,371.0,5600,0.0,0.0
2024-09-10 10:20:00+09:00,372.0,372.0,372.0,372.0,100,0.0,0.0
2024-09-10 10:25:00+09:00,372.0,372.0,372.0,372.0,1500,0.0,0.0
2024-09-10 10:35:00+09:00,373.0,373.0,373.0,373.0,100,0.0,0.0
2024-09-10 10:45:00+09:00,372.0,372.0,372.0,372.0,900,0.0,0.0
2024-09-10 11:00:00+09:00,372.0,372.0,371.0,371.0,1500,0.0,0.0
2024-09-10 11:05:00+09:00,371.0,371.0,371.0,371.0,1000,0.0,0.0
2024-09-10 11:15:00+09:00,371.0,371.0,371.0,371.0,100,0.0,0.0
2024-09-10 11:30:00+09:00,372.0,372.0,372.0,372.0,300,0.0,0.0
2024-09-10 11:35:00+09:00,372.0,372.0,372.0,372.0,0,0.0,0.0
2024-09-10 12:30:00+09:00,373.0,374.0,372.0,374.0,96900,0.0,0.0
2024-09-10 12:35:00+09:00,374.0,374.0,373.0,373.0,2500,0.0,0.0
2024-09-10 12:40:00+09:00,372.0,372.0,372.0,372.0,1500,0.0,0.0
2024-09-10 13:00:00+09:00,372.0,372.0,372.0,372.0,100,0.0,0.0
2024-09-10 13:05:00+09:00,372.0,372.0,372.0,372.0,200,0.0,0.0
2024-09-10 13:10:00+09:00,372.0,372.0,372.0,372.0,100,0.0,0.0
2024-09-10 13:15:00+09:00,372.0,372.0,372.0,372.0,1600,0.0,0.0
2024-09-10 13:30:00+09:00,371.0,371.0,371.0,371.0,3500,0.0,0.0
2024-09-10 13:35:00+09:00,370.0,370.0,370.0,370.0,2700,0.0,0.0
2024-09-10 13:40:00+09:00,370.0,370.0,370.0,370.0,2700,0.0,0.0
2024-09-10 13:45:00+09:00,370.0,370.0,370.0,370.0,1100,0.0,0.0
2024-09-10 13:50:00+09:00,370.0,370.0,370.0,370.0,500,0.0,0.0
2024-09-10 14:00:00+09:00,370.0,371.0,370.0,370.0,700,0.0,0.0
2024-09-10 14:05:00+09:00,371.0,371.0,371.0,371.0,3000,0.0,0.0
2024-09-10 14:15:00+09:00,372.0,372.0,371.0,371.0,2600,0.0,0.0
2024-09-10 14:20:00+09:00,371.0,371.0,371.0,371.0,1100,0.0,0.0
2024-09-10 14:30:00+09:00,370.0,371.0,370.0,371.0,1300,0.0,0.0
2024-09-10 14:35:00+09:00,371.0,371.0,371.0,371.0,1100,0.0,0.0
2024-09-10 14:40:00+09:00,371.0,371.0,371.0,371.0,1800,0.0,0.0
2024-09-10 14:45:00+09:00,370.0,370.0,370.0,370.0,100,0.0,0.0
2024-09-10 14:50:00+09:00,370.0,370.0,370.0,370.0,1300,0.0,0.0
2024-09-10 14:55:00+09:00,370.0,371.0,370.0,371.0,1200,0.0,0.0
2024-09-11 09:00:00+09:00,370.0,370.0,367.0,368.0,19800,0.0,0.0
2024-09-11 09:05:00+09:00,367.0,368.0,367.0,368.0,700,0.0,0.0
2024-09-11 09:10:00+09:00,367.0,368.0,367.0,368.0,3700,0.0,0.0
2024-09-11 09:15:00+09:00,368.0,368.0,366.0,366.0,1600,0.0,0.0
2024-09-11 09:20:00+09:00,367.0,368.0,367.0,368.0,1300,0.0,0.0
2024-09-11 09:25:00+09:00,367.0,367.0,367.0,367.0,2400,0.0,0.0
2024-09-11 09:30:00+09:00,367.0,367.0,367.0,367.0,900,0.0,0.0
2024-09-11 09:35:00+09:00,368.0,368.0,368.0,368.0,800,0.0,0.0
2024-09-11 09:40:00+09:00,368.0,368.0,368.0,368.0,1500,0.0,0.0
2024-09-11 09:45:00+09:00,368.0,368.0,368.0,368.0,7600,0.0,0.0
2024-09-11 09:50:00+09:00,369.0,369.0,367.0,368.0,10800,0.0,0.0
2024-09-11 09:55:00+09:00,367.0,368.0,367.0,368.0,200,0.0,0.0
2024-09-11 10:00:00+09:00,367.0,368.0,367.0,368.0,700,0.0,0.0
2024-09-11 10:05:00+09:00,368.0,368.0,368.0,368.0,300,0.0,0.0
2024-09-11 10:10:00+09:00,369.0,369.0,369.0,369.0,200,0.0,0.0
2024-09-11 10:15:00+09:00,369.0,369.0,368.0,368.0,2100,0.0,0.0
2024-09-11 10:20:00+09:00,369.0,369.0,369.0,369.0,100,0.0,0.0
2024-09-11 10:25:00+09:00,368.0,368.0,368.0,368.0,800,0.0,0.0
2024-09-11 10:30:00+09:00,368.0,368.0,366.0,366.0,6000,0.0,0.0
2024-09-11 10:35:00+09:00,366.0,366.0,366.0,366.0,7200,0.0,0.0
2024-09-11 10:40:00+09:00,366.0,367.0,366.0,367.0,1400,0.0,0.0
2024-09-11 10:45:00+09:00,367.0,368.0,367.0,367.0,800,0.0,0.0
2024-09-11 10:50:00+09:00,367.0,367.0,367.0,367.0,200,0.0,0.0
2024-09-11 10:55:00+09:00,367.0,367.0,367.0,367.0,200,0.0,0.0
2024-09-11 11:00:00+09:00,367.0,367.0,366.0,366.0,1900,0.0,0.0
2024-09-11 11:05:00+09:00,366.0,366.0,366.0,366.0,1400,0.0,0.0
2024-09-11 11:10:00+09:00,367.0,367.0,367.0,367.0,100,0.0,0.0
2024-09-11 11:15:00+09:00,367.0,367.0,366.0,366.0,200,0.0,0.0
2024-09-11 11:20:00+09:00,367.0,367.0,367.0,367.0,2000,0.0,0.0
2024-09-11 11:25:00+09:00,367.0,367.0,366.0,366.0,600,0.0,0.0
2024-09-11 11:30:00+09:00,367.0,367.0,367.0,367.0,200,0.0,0.0
2024-09-11 11:35:00+09:00,367.0,367.0,367.0,367.0,0,0.0,0.0
2024-09-11 12:30:00+09:00,367.0,367.0,365.0,365.0,88600,0.0,0.0
2024-09-11 12:35:00+09:00,365.0,365.0,364.0,365.0,6500,0.0,0.0
2024-09-11 12:40:00+09:00,365.0,365.0,364.0,364.0,3600,0.0,0.0
2024-09-11 12:45:00+09:00,364.0,364.0,364.0,364.0,2300,0.0,0.0
2024-09-11 12:50:00+09:00,365.0,365.0,365.0,365.0,300,0.0,0.0
2024-09-11 12:55:00+09:00,365.0,365.0,364.0,365.0,300,0.0,0.0
2024-09-11 13:00:00+09:00,364.0,364.0,364.0,364.0,2000,0.0,0.0
2024-09-11 13:05:00+09:00,363.0,364.0,363.0,363.0,4000,0.0,0.0
2024-09-11 13:10:00+09:00,363.0,363.0,362.0,362.0,200,0.0,0.0
2024-09-11 13:15:00+09:00,363.0,363.0,363.0,363.0,2700,0.0,0.0
2024-09-11 13:20:00+09:00,363.0,363.0,362.0,363.0,1100,0.0,0.0
2024-09-11 13:25:00+09:00,363.0,364.0,363.0,364.0,1100,0.0,0.0
2024-09-11 13:30:00+09:00,364.0,364.0,364.0,364.0,500,0.0,0.0
2024-09-11 13:35:00+09:00,364.0,364.0,363.0,363.0,1100,0.0,0.0
2024-09-11 13:45:00+09:00,364.0,364.0,363.0,363.0,600,0.0,0.0
2024-09-11 13:50:00+09:00,363.0,363.0,362.0,362.0,200,0.0,0.0
2024-09-11 13:55:00+09:00,363.0,363.0,363.0,363.0,300,0.0,0.0
2024-09-11 14:00:00+09:00,363.0,363.0,362.0,362.0,500,0.0,0.0
2024-09-11 14:05:00+09:00,363.0,363.0,363.0,363.0,100,0.0,0.0
2024-09-11 14:10:00+09:00,363.0,363.0,362.0,362.0,8100,0.0,0.0
2024-09-11 14:15:00+09:00,362.0,362.0,362.0,362.0,800,0.0,0.0
2024-09-11 14:20:00+09:00,362.0,362.0,361.0,361.0,3800,0.0,0.0
2024-09-11 14:25:00+09:00,361.0,361.0,360.0,361.0,800,0.0,0.0
2024-09-11 14:30:00+09:00,361.0,362.0,361.0,362.0,7800,0.0,0.0
2024-09-11 14:35:00+09:00,362.0,362.0,362.0,362.0,3000,0.0,0.0
2024-09-11 14:40:00+09:00,362.0,363.0,362.0,363.0,2400,0.0,0.0
2024-09-11 14:45:00+09:00,363.0,364.0,363.0,364.0,5300,0.0,0.0
2024-09-11 14:50:00+09:00,364.0,364.0,364.0,364.0,1100,0.0,0.0
2024-09-11 14:55:00+09:00,363.0,364.0,363.0,363.0,1300,0.0,0.0
2024-09-12 09:00:00+09:00,371.0,372.0,369.0,372.0,35600,0.0,0.0
2024-09-12 09:05:00+09:00,372.0,372.0,370.0,371.0,1900,0.0,0.0
2024-09-12 09:10:00+09:00,372.0,372.0,372.0,372.0,600,0.0,0.0
2024-09-12 09:15:00+09:00,372.0,372.0,372.0,372.0,800,0.0,0.0
2024-09-12 09:20:00+09:00,372.0,373.0,372.0,372.0,600,0.0,0.0
2024-09-12 09:25:00+09:00,373.0,373.0,372.0,372.0,6500,0.0,0.0
2024-09-12 09:30:00+09:00,373.0,373.0,373.0,373.0,7300,0.0,0.0
2024-09-12 09:35:00+09:00,374.0,375.0,374.0,374.0,2900,0.0,0.0
2024-09-12 09:40:00+09:00,374.0,374.0,373.0,374.0,2400,0.0,0.0
2024-09-12 09:45:00+09:00,373.0,374.0,373.0,374.0,500,0.0,0.0
2024-09-12 09:50:00+09:00,374.0,374.0,373.0,373.0,9700,0.0,0.0
2024-09-12 09:55:00+09:00,373.0,373.0,372.0,373.0,300,0.0,0.0
2024-09-12 10:00:00+09:00,372.0,372.0,370.0,371.0,8400,0.0,0.0
2024-09-12 10:05:00+09:00,371.0,372.0,371.0,371.0,1300,0.0,0.0
2024-09-12 10:10:00+09:00,371.0,371.0,371.0,371.0,100,0.0,0.0
2024-09-12 10:15:00+09:00,370.0,371.0,370.0,371.0,200,0.0,0.0
2024-09-12 10:20:00+09:00,371.0,371.0,371.0,371.0,100,0.0,0.0
2024-09-12 10:25:00+09:00,370.0,370.0,369.0,370.0,2300,0.0,0.0
2024-09-12 10:30:00+09:00,370.0,370.0,370.0,370.0,300,0.0,0.0
2024-09-12 10:35:00+09:00,371.0,371.0,371.0,371.0,1400,0.0,0.0
2024-09-12 10:40:00+09:00,371.0,371.0,370.0,370.0,1200,0.0,0.0
2024-09-12 10:45:00+09:00,370.0,370.0,370.0,370.0,200,0.0,0.0
2024-09-12 10:50:00+09:00,370.0,370.0,370.0,370.0,200,0.0,0.0
2024-09-12 10:55:00+09:00,370.0,370.0,369.0,370.0,700,0.0,0.0
2024-09-12 11:00:00+09:00,370.0,370.0,370.0,370.0,200,0.0,0.0
2024-09-12 11:05:00+09:00,370.0,370.0,370.0,370.0,100,0.0,0.0
2024-09-12 11:10:00+09:00,370.0,370.0,370.0,370.0,100,0.0,0.0
2024-09-12 11:15:00+09:00,370.0,370.0,369.0,369.0,600,0.0,0.0
2024-09-12 11:20:00+09:00,370.0,370.0,370.0,370.0,100,0.0,0.0
2024-09-12 11:25:00+09:00,370.0,370.0,369.0,370.0,400,0.0,0.0
2024-09-12 11:30:00+09:00,369.0,369.0,369.0,369.0,500,0.0,0.0
2024-09-12 11:35:00+09:00,369.0,369.0,369.0,369.0,0,0.0,0.0
2024-09-12 12:30:00+09:00,371.0,371.0,370.0,370.0,89300,0.0,0.0
2024-09-12 12:35:00+09:00,370.0,372.0,370.0,372.0,5500,0.0,0.0
2024-09-12 12:40:00+09:00,371.0,371.0,371.0,371.0,800,0.0,0.0
2024-09-12 12:45:00+09:00,371.0,371.0,371.0,371.0,400,0.0,0.0
2024-09-12 12:50:00+09:00,371.0,373.0,371.0,372.0,4100,0.0,0.0
2024-09-12 12:55:00+09:00,372.0,372.0,372.0,372.0,1400,0.0,0.0
2024-09-12 13:00:00+09:00,372.0,372.0,372.0,372.0,200,0.0,0.0
2024-09-12 13:05:00+09:00,372.0,372.0,372.0,372.0,100,0.0,0.0
2024-09-12 13:10:00+09:00,372.0,372.0,372.0,372.0,200,0.0,0.0
2024-09-12 13:15:00+09:00,372.0,372.0,371.0,371.0,4100,0.0,0.0
2024-09-12 13:20:00+09:00,371.0,372.0,371.0,371.0,700,0.0,0.0
2024-09-12 13:25:00+09:00,372.0,372.0,371.0,371.0,800,0.0,0.0
2024-09-12 13:30:00+09:00,371.0,372.0,370.0,370.0,4700,0.0,0.0
2024-09-12 13:35:00+09:00,371.0,371.0,371.0,371.0,600,0.0,0.0
2024-09-12 13:40:00+09:00,371.0,372.0,371.0,372.0,400,0.0,0.0
2024-09-12 13:45:00+09:00,372.0,372.0,371.0,371.0,6800,0.0,0.0
2024-09-12 13:50:00+09:00,371.0,371.0,371.0,371.0,500,0.0,0.0
2024-09-12 13:55:00+09:00,371.0,372.0,371.0,372.0,300,0.0,0.0
2024-09-12 14:00:00+09:00,371.0,372.0,371.0,372.0,400,0.0,0.0
2024-09-12 14:05:00+09:00,371.0,372.0,371.0,372.0,500,0.0,0.0
2024-09-12 14:10:00+09:00,372.0,372.0,370.0,371.0,3500,0.0,0.0
2024-09-12 14:15:00+09:00,371.0,371.0,369.0,370.0,13500,0.0,0.0
2024-09-12 14:20:00+09:00,370.0,371.0,370.0,371.0,1700,0.0,0.0
2024-09-12 14:25:00+09:00,372.0,372.0,371.0,371.0,400,0.0,0.0
2024-09-12 14:30:00+09:00,372.0,373.0,371.0,373.0,2100,0.0,0.0
2024-09-12 14:35:00+09:00,372.0,372.0,371.0,371.0,700,0.0,0.0
2024-09-12 14:40:00+09:00,371.0,373.0,371.0,372.0,4800,0.0,0.0
2024-09-12 14:45:00+09:00,372.0,372.0,372.0,372.0,900,0.0,0.0
2024-09-12 14:50:00+09:00,372.0,372.0,372.0,372.0,800,0.0,0.0
2024-09-12 14:55:00+09:00,372.0,372.0,371.0,371.0,4100,0.0,0.0
2024-09-13 09:00:00+09:00,371.0,372.0,369.0,369.0,15500,0.0,0.0
2024-09-13 09:05:00+09:00,370.0,370.0,370.0,370.0,2100,0.0,0.0
2024-09-13 09:10:00+09:00,370.0,370.0,370.0,370.0,200,0.0,0.0
2024-09-13 09:15:00+09:00,370.0,370.0,368.0,368.0,19500,0.0,0.0
2024-09-13 09:20:00+09:00,368.0,369.0,368.0,369.0,2000,0.0,0.0
2024-09-13 09:25:00+09:00,369.0,370.0,369.0,370.0,200,0.0,0.0
2024-09-13 09:30:00+09:00,370.0,370.0,370.0,370.0,1300,0.0,0.0
2024-09-13 09:35:00+09:00,371.0,371.0,371.0,371.0,100,0.0,0.0
2024-09-13 09:40:00+09:00,370.0,370.0,370.0,370.0,700,0.0,0.0
2024-09-13 09:45:00+09:00,370.0,370.0,370.0,370.0,100,0.0,0.0
2024-09-13 09:50:00+09:00,370.0,370.0,370.0,370.0,300,0.0,0.0
2024-09-13 09:55:00+09:00,370.0,370.0,369.0,369.0,1600,0.0,0.0
2024-09-13 10:05:00+09:00,370.0,370.0,370.0,370.0,400,0.0,0.0
2024-09-13 10:10:00+09:00,370.0,370.0,370.0,370.0,1300,0.0,0.0
2024-09-13 10:20:00+09:00,370.0,370.0,370.0,370.0,900,0.0,0.0
2024-09-13 10:25:00+09:00,370.0,370.0,370.0,370.0,300,0.0,0.0
2024-09-13 10:35:00+09:00,370.0,370.0,370.0,370.0,300,0.0,0.0
2024-09-13 10:40:00+09:00,370.0,370.0,369.0,370.0,2000,0.0,0.0
2024-09-13 10:50:00+09:00,370.0,370.0,369.0,369.0,1400,0.0,0.0
2024-09-13 10:55:00+09:00,369.0,369.0,369.0,369.0,200,0.0,0.0
2024-09-13 11:00:00+09:00,370.0,370.0,370.0,370.0,0,0.0,0.0
2024-09-13 11:05:00+09:00,369.0,369.0,369.0,369.0,50700,0.0,0.0
2024-09-13 11:10:00+09:00,370.0,371.0,370.0,371.0,400,0.0,0.0
2024-09-13 11:15:00+09:00,371.0,371.0,370.0,370.0,2800,0.0,0.0
2024-09-13 11:25:00+09:00,369.0,369.0,369.0,369.0,100,0.0,0.0
2024-09-13 11:30:00+09:00,370.0,370.0,370.0,370.0,200,0.0,0.0
2024-09-13 11:35:00+09:00,370.0,370.0,370.0,370.0,0,0.0,0.0
2024-09-13 12:30:00+09:00,370.0,370.0,368.0,368.0,0,0.0,0.0
2024-09-13 12:35:00+09:00,369.0,370.0,369.0,370.0,61500,0.0,0.0
2024-09-13 12:40:00+09:00,370.0,371.0,370.0,370.0,2100,0.0,0.0
2024-09-13 12:45:00+09:00,371.0,371.0,371.0,371.0,1000,0.0,0.0
2024-09-13 12:50:00+09:00,371.0,371.0,371.0,371.0,200,0.0,0.0
2024-09-13 12:55:00+09:00,371.0,371.0,370.0,370.0,200,0.0,0.0
2024-09-13 13:00:00+09:00,371.0,371.0,371.0,371.0,100,0.0,0.0
2024-09-13 13:15:00+09:00,371.0,371.0,371.0,371.0,100,0.0,0.0
2024-09-13 13:20:00+09:00,370.0,370.0,370.0,370.0,3400,0.0,0.0
2024-09-13 13:30:00+09:00,369.0,369.0,369.0,369.0,100,0.0,0.0
2024-09-13 13:35:00+09:00,370.0,370.0,370.0,370.0,100,0.0,0.0
2024-09-13 13:40:00+09:00,370.0,370.0,370.0,370.0,200,0.0,0.0
2024-09-13 13:45:00+09:00,370.0,370.0,370.0,370.0,2600,0.0,0.0
2024-09-13 13:50:00+09:00,370.0,370.0,370.0,370.0,1100,0.0,0.0
2024-09-13 14:00:00+09:00,370.0,370.0,370.0,370.0,300,0.0,0.0
2024-09-13 14:05:00+09:00,370.0,370.0,370.0,370.0,700,0.0,0.0
2024-09-13 14:10:00+09:00,371.0,371.0,371.0,371.0,100,0.0,0.0
2024-09-13 14:15:00+09:00,371.0,371.0,371.0,371.0,100,0.0,0.0
2024-09-13 14:20:00+09:00,371.0,371.0,371.0,371.0,100,0.0,0.0
2024-09-13 14:25:00+09:00,370.0,370.0,370.0,370.0,1200,0.0,0.0
2024-09-13 14:30:00+09:00,370.0,370.0,370.0,370.0,800,0.0,0.0
2024-09-13 14:35:00+09:00,371.0,371.0,370.0,370.0,700,0.0,0.0
2024-09-13 14:45:00+09:00,371.0,371.0,371.0,371.0,200,0.0,0.0
2024-09-13 14:50:00+09:00,371.0,371.0,370.0,370.0,1600,0.0,0.0
2024-09-13 14:55:00+09:00,371.0,371.0,369.0,370.0,3200,0.0,0.0
2024-09-17 09:00:00+09:00,371.0,371.0,370.0,370.0,12500,0.0,0.0
2024-09-17 09:05:00+09:00,371.0,373.0,371.0,373.0,5600,0.0,0.0
2024-09-17 09:10:00+09:00,371.0,371.0,371.0,371.0,600,0.0,0.0
2024-09-17 09:20:00+09:00,370.0,370.0,370.0,370.0,1000,0.0,0.0
2024-09-17 09:25:00+09:00,369.0,371.0,369.0,371.0,11300,0.0,0.0
2024-09-17 09:35:00+09:00,370.0,370.0,370.0,370.0,200,0.0,0.0
2024-09-17 09:40:00+09:00,370.0,370.0,370.0,370.0,700,0.0,0.0
2024-09-17 09:50:00+09:00,369.0,369.0,369.0,369.0,1700,0.0,0.0
2024-09-17 09:55:00+09:00,369.0,369.0,368.0,368.0,400,0.0,0.0
2024-09-17 10:00:00+09:00,369.0,369.0,369.0,369.0,1500,0.0,0.0
2024-09-17 10:10:00+09:00,369.0,369.0,369.0,369.0,3800,0.0,0.0
2024-09-17 10:15:00+09:00,369.0,369.0,369.0,369.0,900,0.0,0.0
2024-09-17 10:25:00+09:00,368.0,368.0,368.0,368.0,4700,0.0,0.0
2024-09-17 10:30:00+09:00,368.0,368.0,368.0,368.0,200,0.0,0.0
2024-09-17 10:40:00+09:00,369.0,369.0,369.0,369.0,1500,0.0,0.0
2024-09-17 10:50:00+09:00,369.0,369.0,369.0,369.0,1500,0.0,0.0
2024-09-17 10:55:00+09:00,369.0,370.0,369.0,370.0,600,0.0,0.0
2024-09-17 11:10:00+09:00,369.0,369.0,368.0,368.0,600,0.0,0.0
2024-09-17 11:15:00+09:00,368.0,368.0,368.0,368.0,1500,0.0,0.0
2024-09-17 11:20:00+09:00,368.0,368.0,368.0,368.0,400,0.0,0.0
2024-09-17 11:30:00+09:00,368.0,368.0,368.0,368.0,1000,0.0,0.0
2024-09-17 11:35:00+09:00,368.0,368.0,368.0,368.0,0,0.0,0.0
2024-09-17 12:30:00+09:00,368.0,368.0,367.0,367.0,53100,0.0,0.0
2024-09-17 12:35:00+09:00,368.0,368.0,367.0,367.0,9400,0.0,0.0
2024-09-17 12:40:00+09:00,366.0,367.0,366.0,367.0,700,0.0,0.0
2024-09-17 12:45:00+09:00,367.0,367.0,367.0,367.0,5100,0.0,0.0
2024-09-17 12:50:00+09:00,368.0,368.0,368.0,368.0,2600,0.0,0.0
2024-09-17 13:00:00+09:00,367.0,367.0,367.0,367.0,100,0.0,0.0
2024-09-17 13:05:00+09:00,368.0,368.0,368.0,368.0,100,0.0,0.0
2024-09-17 13:10:00+09:00,368.0,368.0,367.0,367.0,4700,0.0,0.0
2024-09-17 13:15:00+09:00,367.0,368.0,367.0,367.0,2900,0.0,0.0
2024-09-17 13:20:00+09:00,367.0,368.0,367.0,367.0,3800,0.0,0.0
2024-09-17 13:25:00+09:00,368.0,368.0,368.0,368.0,100,0.0,0.0
2024-09-17 13:30:00+09:00,368.0,368.0,367.0,367.0,2300,0.0,0.0
2024-09-17 13:35:00+09:00,367.0,367.0,367.0,367.0,2300,0.0,0.0
2024-09-17 13:40:00+09:00,366.0,366.0,366.0,366.0,0,0.0,0.0
2024-09-17 13:45:00+09:00,367.0,367.0,366.0,367.0,89500,0.0,0.0
2024-09-17 13:50:00+09:00,367.0,367.0,367.0,367.0,100,0.0,0.0
2024-09-17 13:55:00+09:00,368.0,368.0,368.0,368.0,100,0.0,0.0
2024-09-17 14:10:00+09:00,368.0,368.0,367.0,367.0,8200,0.0,0.0
2024-09-17 14:20:00+09:00,368.0,368.0,367.0,367.0,700,0.0,0.0
2024-09-17 14:35:00+09:00,368.0,368.0,367.0,368.0,3200,0.0,0.0
2024-09-17 14:40:00+09:00,368.0,368.0,368.0,368.0,1400,0.0,0.0
2024-09-17 14:45:00+09:00,368.0,368.0,368.0,368.0,1200,0.0,0.0
2024-09-17 14:50:00+09:00,368.0,369.0,368.0,369.0,14100,0.0,0.0
2024-09-17 14:55:00+09:00,369.0,370.0,369.0,370.0,4400,0.0,0.0
2024-09-18 09:00:00+09:00,373.0,373.0,371.0,372.0,24200,0.0,0.0
2024-09-18 09:05:00+09:00,372.0,373.0,372.0,373.0,2400,0.0,0.0
2024-09-18 09:10:00+09:00,373.0,373.0,373.0,373.0,300,0.0,0.0
2024-09-18 09:15:00+09:00,374.0,374.0,373.0,374.0,8200,0.0,0.0
2024-09-18 09:20:00+09:00,374.0,374.0,374.0,374.0,3500,0.0,0.0
2024-09-18 09:25:00+09:00,374.0,374.0,374.0,374.0,2500,0.0,0.0
2024-09-18 09:30:00+09:00,374.0,374.0,374.0,374.0,1600,0.0,0.0
2024-09-18 09:35:00+09:00,374.0,374.0,374.0,374.0,1200,0.0,0.0
2024-09-18 09:40:00+09:00,374.0,375.0,374.0,375.0,11200,0.0,0.0
2024-09-18 10:00:00+09:00,375.0,375.0,375.0,375.0,500,0.0,0.0
2024-09-18 10:05:00+09:00,376.0,379.0,376.0,379.0,14200,0.0,0.0
2024-09-18 10:10:00+09:00,378.0,378.0,377.0,377.0,3800,0.0,0.0
2024-09-18 10:15:00+09:00,378.0,378.0,378.0,378.0,100,0.0,0.0
2024-09-18 10:25:00+09:00,377.0,378.0,377.0,378.0,5200,0.0,0.0
2024-09-18 10:40:00+09:00,377.0,378.0,377.0,378.0,2700,0.0,0.0
2024-09-18 10:50:00+09:00,378.0,378.0,377.0,377.0,6600,0.0,0.0
2024-09-18 10:55:00+09:00,376.0,377.0,376.0,377.0,900,0.0,0.0
2024-09-18 11:00:00+09:00,377.0,377.0,377.0,377.0,3700,0.0,0.0
2024-09-18 11:05:00+09:00,377.0,377.0,377.0,377.0,100,0.0,0.0
2024-09-18 11:10:00+09:00,378.0,379.0,378.0,379.0,3100,0.0,0.0
2024-09-18 11:15:00+09:00,378.0,378.0,378.0,378.0,2100,0.0,0.0
2024-09-18 11:25:00+09:00,377.0,378.0,377.0,378.0,300,0.0,0.0
2024-09-18 11:30:00+09:00,378.0,378.0,378.0,378.0,700,0.0,0.0
2024-09-18 11:35:00+09:00,378.0,378.0,378.0,378.0,0,0.0,0.0
2024-09-18 12:30:00+09:00,378.0,378.0,377.0,377.0,103000,0.0,0.0
2024-09-18 12:35:00+09:00,377.0,377.0,376.0,376.0,3600,0.0,0.0
2024-09-18 12:45:00+09:00,376.0,376.0,375.0,375.0,1400,0.0,0.0
2024-09-18 12:50:00+09:00,375.0,375.0,375.0,375.0,100,0.0,0.0
2024-09-18 12:55:00+09:00,375.0,375.0,375.0,375.0,2900,0.0,0.0
2024-09-18 13:00:00+09:00,375.0,375.0,375.0,375.0,200,0.0,0.0
2024-09-18 13:05:00+09:00,375.0,376.0,375.0,376.0,1300,0.0,0.0
2024-09-18 13:10:00+09:00,376.0,376.0,376.0,376.0,200,0.0,0.0
2024-09-18 13:15:00+09:00,375.0,375.0,375.0,375.0,1600,0.0,0.0
2024-09-18 13:20:00+09:00,376.0,376.0,376.0,376.0,1600,0.0,0.0
2024-09-18 13:25:00+09:00,376.0,376.0,376.0,376.0,200,0.0,0.0
2024-09-18 13:40:00+09:00,375.0,375.0,375.0,375.0,100,0.0,0.0
2024-09-18 13:50:00+09:00,375.0,375.0,374.0,374.0,4300,0.0,0.0
2024-09-18 13:55:00+09:00,374.0,374.0,374.0,374.0,2800,0.0,0.0
2024-09-18 14:00:00+09:00,375.0,375.0,375.0,375.0,1700,0.0,0.0
2024-09-18 14:10:00+09:00,375.0,375.0,375.0,375.0,1500,0.0,0.0
2024-09-18 14:15:00+09:00,375.0,375.0,375.0,375.0,200,0.0,0.0
2024-09-18 14:25:00+09:00,376.0,376.0,376.0,376.0,1900,0.0,0.0
2024-09-18 14:30:00+09:00,376.0,376.0,376.0,376.0,900,0.0,0.0
2024-09-18 14:35:00+09:00,376.0,376.0,376.0,376.0,200,0.0,0.0
2024-09-18 14:40:00+09:00,376.0,376.0,376.0,376.0,1600,0.0,0.0
2024-09-18 14:45:00+09:00,376.0,377.0,376.0,376.0,1200,0.0,0.0
2024-09-18 14:50:00+09:00,377.0,377.0,377.0,377.0,3600,0.0,0.0
2024-09-18 14:55:00+09:00,377.0,378.0,377.0,378.0,4200,0.0,0.0
2024-09-19 09:00:00+09:00,379.0,381.0,379.0,381.0,11600,0.0,0.0
2024-09-19 09:05:00+09:00,381.0,381.0,380.0,380.0,2100,0.0,0.0
2024-09-19 09:10:00+09:00,381.0,381.0,381.0,381.0,100,0.0,0.0
2024-09-19 09:15:00+09:00,381.0,382.0,381.0,381.0,4900,0.0,0.0
2024-09-19 09:20:00+09:00,381.0,381.0,381.0,381.0,500,0.0,0.0
2024-09-19 09:25:00+09:00,381.0,381.0,381.0,381.0,1800,0.0,0.0
2024-09-19 09:35:00+09:00,380.0,381.0,380.0,381.0,6700,0.0,0.0
2024-09-19 09:40:00+09:00,381.0,381.0,381.0,381.0,200,0.0,0.0
2024-09-19 09:45:00+09:00,380.0,380.0,380.0,380.0,1300,0.0,0.0
2024-09-19 09:50:00+09:00,380.0,380.0,380.0,380.0,2700,0.0,0.0
2024-09-19 09:55:00+09:00,380.0,380.0,380.0,380.0,0,0.0,0.0
2024-09-19 10:00:00+09:00,380.0,380.0,380.0,380.0,32100,0.0,0.0
2024-09-19 10:10:00+09:00,380.0,380.0,380.0,380.0,1600,0.0,0.0
2024-09-19 10:15:00+09:00,380.0,380.0,380.0,380.0,600,0.0,0.0
2024-09-19 10:20:00+09:00,380.0,380.0,380.0,380.0,500,0.0,0.0
2024-09-19 10:30:00+09:00,380.0,380.0,380.0,380.0,100,0.0,0.0
2024-09-19 10:35:00+09:00,381.0,381.0,381.0,381.0,6000,0.0,0.0
2024-09-19 10:40:00+09:00,381.0,381.0,381.0,381.0,1600,0.0,0.0
2024-09-19 10:45:00+09:00,381.0,381.0,381.0,381.0,300,0.0,0.0
2024-09-19 11:00:00+09:00,381.0,381.0,381.0,381.0,1200,0.0,0.0
2024-09-19 11:15:00+09:00,381.0,381.0,381.0,381.0,700,0.0,0.0
2024-09-19 11:20:00+09:00,381.0,381.0,381.0,381.0,200,0.0,0.0
2024-09-19 11:30:00+09:00,380.0,380.0,380.0,380.0,200,0.0,0.0
2024-09-19 11:35:00+09:00,380.0,380.0,380.0,380.0,0,0.0,0.0
2024-09-19 12:30:00+09:00,380.0,380.0,380.0,380.0,52800,0.0,0.0
2024-09-19 12:35:00+09:00,380.0,380.0,380.0,380.0,200,0.0,0.0
2024-09-19 12:40:00+09:00,380.0,380.0,380.0,380.0,100,0.0,0.0
2024-09-19 12:45:00+09:00,380.0,380.0,380.0,380.0,600,0.0,0.0
2024-09-19 12:50:00+09:00,380.0,380.0,380.0,380.0,200,0.0,0.0
2024-09-19 12:55:00+09:00,380.0,380.0,379.0,379.0,11000,0.0,0.0
2024-09-19 13:00:00+09:00,380.0,381.0,380.0,381.0,3300,0.0,0.0
2024-09-19 13:05:00+09:00,380.0,380.0,380.0,380.0,2200,0.0,0.0
2024-09-19 13:15:00+09:00,381.0,381.0,381.0,381.0,100,0.0,0.0
2024-09-19 13:25:00+09:00,380.0,380.0,380.0,380.0,1200,0.0,0.0
2024-09-19 13:40:00+09:00,380.0,380.0,380.0,380.0,100,0.0,0.0
2024-09-19 13:55:00+09:00,381.0,381.0,381.0,381.0,5700,0.0,0.0
2024-09-19 14:00:00+09:00,381.0,381.0,381.0,381.0,1500,0.0,0.0
2024-09-19 14:15:00+09:00,381.0,381.0,381.0,381.0,100,0.0,0.0
2024-09-19 14:20:00+09:00,381.0,381.0,381.0,381.0,100,0.0,0.0
2024-09-19 14:35:00+09:00,381.0,381.0,381.0,381.0,2300,0.0,0.0
2024-09-19 14:50:00+09:00,380.0,380.0,379.0,379.0,3100,0.0,0.0
2024-09-19 14:55:00+09:00,379.0,379.0,379.0,379.0,500,0.0,0.0
2024-09-20 09:00:00+09:00,382.0,382.0,381.0,381.0,10600,0.0,0.0
2024-09-20 09:05:00+09:00,381.0,381.0,381.0,381.0,500,0.0,0.0
2024-09-20 09:10:00+09:00,380.0,380.0,380.0,380.0,1100,0.0,0.0
2024-09-20 09:15:00+09:00,380.0,380.0,379.0,380.0,1700,0.0,0.0
2024-09-20 09:20:00+09:00,380.0,380.0,380.0,380.0,200,0.0,0.0
2024-09-20 09:25:00+09:00,381.0,381.0,380.0,381.0,5900,0.0,0.0
2024-09-20 09:30:00+09:00,380.0,380.0,380.0,380.0,1000,0.0,0.0
2024-09-20 09:35:00+09:00,381.0,382.0,381.0,382.0,4400,0.0,0.0
2024-09-20 09:45:00+09:00,381.0,381.0,381.0,381.0,100,0.0,0.0
2024-09-20 10:00:00+09:00,381.0,381.0,381.0,381.0,300,0.0,0.0
2024-09-20 10:05:00+09:00,382.0,382.0,382.0,382.0,7400,0.0,0.0
2024-09-20 10:10:00+09:00,382.0,382.0,382.0,382.0,1100,0.0,0.0
2024-09-20 10:15:00+09:00,383.0,384.0,383.0,384.0,17300,0.0,0.0
2024-09-20 10:20:00+09:00,384.0,384.0,384.0,384.0,500,0.0,0.0
2024-09-20 10:25:00+09:00,383.0,383.0,383.0,383.0,200,0.0,0.0
2024-09-20 10:30:00+09:00,384.0,384.0,384.0,384.0,100,0.0,0.0
2024-09-20 10:40:00+09:00,384.0,384.0,384.0,384.0,200,0.0,0.0
2024-09-20 11:00:00+09:00,383.0,384.0,383.0,384.0,42800,0.0,0.0
2024-09-20 11:05:00+09:00,384.0,384.0,384.0,384.0,400,0.0,0.0
2024-09-20 11:10:00+09:00,384.0,384.0,384.0,384.0,2300,0.0,0.0
2024-09-20 11:15:00+09:00,384.0,384.0,384.0,384.0,3300,0.0,0.0
2024-09-20 11:20:00+09:00,383.0,383.0,383.0,383.0,100,0.0,0.0
2024-09-20 11:25:00+09:00,384.0,385.0,383.0,383.0,3300,0.0,0.0
2024-09-20 11:30:00+09:00,383.0,383.0,383.0,383.0,100,0.0,0.0
2024-09-20 11:35:00+09:00,383.0,383.0,383.0,383.0,0,0.0,0.0
2024-09-20 12:30:00+09:00,383.0,384.0,383.0,384.0,123200,0.0,0.0
2024-09-20 12:35:00+09:00,384.0,384.0,383.0,383.0,1700,0.0,0.0
2024-09-20 12:40:00+09:00,384.0,384.0,384.0,384.0,1700,0.0,0.0
2024-09-20 12:45:00+09:00,384.0,384.0,384.0,384.0,2200,0.0,0.0
2024-09-20 12:50:00+09:00,385.0,385.0,385.0,385.0,200,0.0,0.0
2024-09-20 13:00:00+09:00,384.0,384.0,384.0,384.0,2400,0.0,0.0
2024-09-20 13:05:00+09:00,383.0,384.0,383.0,384.0,3600,0.0,0.0
2024-09-20 13:10:00+09:00,384.0,385.0,384.0,385.0,6900,0.0,0.0
2024-09-20 13:15:00+09:00,385.0,385.0,385.0,385.0,500,0.0,0.0
2024-09-20 13:20:00+09:00,384.0,384.0,384.0,384.0,100,0.0,0.0
2024-09-20 13:30:00+09:00,384.0,384.0,384.0,384.0,200,0.0,0.0
2024-09-20 13:50:00+09:00,384.0,384.0,384.0,384.0,800,0.0,0.0
2024-09-20 13:55:00+09:00,384.0,384.0,384.0,384.0,1300,0.0,0.0
2024-09-20 14:00:00+09:00,384.0,384.0,384.0,384.0,800,0.0,0.0
2024-09-20 14:05:00+09:00,384.0,384.0,383.0,383.0,6200,0.0,0.0
2024-09-20 14:15:00+09:00,383.0,383.0,382.0,382.0,7400,0.0,0.0
2024-09-20 14:20:00+09:00,382.0,382.0,382.0,382.0,400,0.0,0.0
2024-09-20 14:25:00+09:00,382.0,382.0,382.0,382.0,400,0.0,0.0
2024-09-20 14:30:00+09:00,382.0,382.0,382.0,382.0,7100,0.0,0.0
2024-09-20 14:35:00+09:00,382.0,382.0,382.0,382.0,1300,0.0,0.0
2024-09-20 14:40:00+09:00,382.0,382.0,382.0,382.0,3000,0.0,0.0
2024-09-20 14:45:00+09:00,382.0,382.0,382.0,382.0,800,0.0,0.0
2024-09-20 14:50:00+09:00,382.0,382.0,382.0,382.0,300,0.0,0.0
2024-09-20 14:55:00+09:00,382.0,382.0,381.0,382.0,7400,0.0,0.0
2024-09-24 09:00:00+09:00,385.0,385.0,384.0,385.0,54800,0.0,0.0
2024-09-24 09:05:00+09:00,385.0,386.0,384.0,386.0,15700,0.0,0.0
2024-09-24 09:15:00+09:00,385.0,385.0,384.0,385.0,2500,0.0,0.0
2024-09-24 09:20:00+09:00,384.0,384.0,384.0,384.0,300,0.0,0.0
2024-09-24 09:25:00+09:00,385.0,385.0,385.0,385.0,1700,0.0,0.0
2024-09-24 09:35:00+09:00,385.0,385.0,384.0,384.0,7900,0.0,0.0
2024-09-24 09:40:00+09:00,383.0,383.0,383.0,383.0,100,0.0,0.0
2024-09-24 09:45:00+09:00,383.0,383.0,383.0,383.0,2900,0.0,0.0
2024-09-24 09:50:00+09:00,383.0,383.0,383.0,383.0,400,0.0,0.0
2024-09-24 09:55:00+09:00,382.0,383.0,382.0,383.0,800,0.0,0.0
2024-09-24 10:05:00+09:00,383.0,383.0,383.0,383.0,600,0.0,0.0
2024-09-24 10:15:00+09:00,384.0,384.0,384.0,384.0,200,0.0,0.0
2024-09-24 10:20:00+09:00,384.0,384.0,384.0,384.0,200,0.0,0.0
2024-09-24 10:25:00+09:00,383.0,383.0,383.0,383.0,100,0.0,0.0
2024-09-24 10:45:00+09:00,384.0,384.0,383.0,383.0,3800,0.0,0.0
2024-09-24 11:05:00+09:00,382.0,382.0,382.0,382.0,1500,0.0,0.0
2024-09-24 11:10:00+09:00,382.0,382.0,382.0,382.0,1100,0.0,0.0
2024-09-24 11:20:00+09:00,382.0,382.0,382.0,382.0,1000,0.0,0.0
2024-09-24 11:30:00+09:00,383.0,383.0,383.0,383.0,200,0.0,0.0
2024-09-24 11:35:00+09:00,383.0,383.0,383.0,383.0,0,0.0,0.0
2024-09-24 12:30:00+09:00,383.0,383.0,382.0,382.0,98000,0.0,0.0
2024-09-24 12:35:00+09:00,382.0,382.0,382.0,382.0,1300,0.0,0.0
2024-09-24 12:55:00+09:00,383.0,383.0,383.0,383.0,100,0.0,0.0
2024-09-24 13:10:00+09:00,383.0,383.0,383.0,383.0,100,0.0,0.0
2024-09-24 13:15:00+09:00,382.0,382.0,381.0,381.0,4600,0.0,0.0
2024-09-24 13:20:00+09:00,381.0,381.0,381.0,381.0,100,0.0,0.0
2024-09-24 13:25:00+09:00,382.0,382.0,382.0,382.0,600,0.0,0.0
2024-09-24 13:35:00+09:00,382.0,382.0,382.0,382.0,500,0.0,0.0
2024-09-24 13:45:00+09:00,382.0,382.0,382.0,382.0,1000,0.0,0.0
2024-09-24 13:50:00+09:00,381.0,381.0,381.0,381.0,4400,0.0,0.0
2024-09-24 13:55:00+09:00,381.0,381.0,381.0,381.0,1900,0.0,0.0
2024-09-24 14:00:00+09:00,381.0,381.0,381.0,381.0,100,0.0,0.0
2024-09-24 14:10:00+09:00,382.0,383.0,382.0,382.0,5500,0.0,0.0
2024-09-24 14:15:00+09:00,382.0,382.0,382.0,382.0,100,0.0,0.0
2024-09-24 14:30:00+09:00,382.0,382.0,382.0,382.0,4100,0.0,0.0
2024-09-24 14:35:00+09:00,383.0,383.0,382.0,382.0,7500,0.0,0.0
2024-09-24 14:40:00+09:00,382.0,382.0,382.0,382.0,800,0.0,0.0
2024-09-24 14:45:00+09:00,382.0,383.0,382.0,383.0,1100,0.0,0.0
2024-09-24 14:50:00+09:00,382.0,382.0,382.0,382.0,3500,0.0,0.0
2024-09-24 14:55:00+09:00,382.0,382.0,381.0,382.0,3000,0.0,0.0
2024-09-25 09:00:00+09:00,382.0,382.0,381.0,381.0,14100,0.0,0.0
2024-09-25 09:05:00+09:00,381.0,382.0,381.0,382.0,900,0.0,0.0
2024-09-25 09:10:00+09:00,382.0,382.0,382.0,382.0,500,0.0,0.0
2024-09-25 09:15:00+09:00,382.0,382.0,382.0,382.0,2800,0.0,0.0
2024-09-25 09:20:00+09:00,382.0,382.0,382.0,382.0,800,0.0,0.0
2024-09-25 09:25:00+09:00,381.0,381.0,381.0,381.0,100,0.0,0.0
2024-09-25 09:30:00+09:00,381.0,382.0,381.0,382.0,7400,0.0,0.0
2024-09-25 09:40:00+09:00,382.0,382.0,382.0,382.0,600,0.0,0.0
2024-09-25 09:45:00+09:00,382.0,382.0,382.0,382.0,200,0.0,0.0
2024-09-25 09:50:00+09:00,382.0,382.0,382.0,382.0,1500,0.0,0.0
2024-09-25 09:55:00+09:00,382.0,383.0,382.0,383.0,500,0.0,0.0
2024-09-25 10:00:00+09:00,382.0,382.0,382.0,382.0,100,0.0,0.0
2024-09-25 10:15:00+09:00,382.0,382.0,381.0,382.0,1700,0.0,0.0
2024-09-25 10:20:00+09:00,382.0,382.0,382.0,382.0,1500,0.0,0.0
2024-09-25 10:30:00+09:00,383.0,384.0,383.0,384.0,6700,0.0,0.0
2024-09-25 10:35:00+09:00,383.0,383.0,383.0,383.0,100,0.0,0.0
2024-09-25 10:50:00+09:00,383.0,383.0,383.0,383.0,100,0.0,0.0
2024-09-25 10:55:00+09:00,384.0,384.0,384.0,384.0,4100,0.0,0.0
2024-09-25 11:00:00+09:00,384.0,384.0,383.0,383.0,8100,0.0,0.0
2024-09-25 11:05:00+09:00,383.0,383.0,383.0,383.0,100,0.0,0.0
2024-09-25 11:10:00+09:00,383.0,383.0,383.0,383.0,800,0.0,0.0
2024-09-25 11:25:00+09:00,384.0,384.0,384.0,384.0,100,0.0,0.0
2024-09-25 11:30:00+09:00,384.0,384.0,384.0,384.0,100,0.0,0.0
2024-09-25 11:35:00+09:00,384.0,384.0,384.0,384.0,0,0.0,0.0
2024-09-25 12:30:00+09:00,384.0,385.0,383.0,384.0,61700,0.0,0.0
2024-09-25 12:45:00+09:00,384.0,384.0,384.0,384.0,600,0.0,0.0
2024-09-25 13:25:00+09:00,383.0,383.0,383.0,383.0,100,0.0,0.0
2024-09-25 13:35:00+09:00,383.0,383.0,383.0,383.0,100,0.0,0.0
2024-09-25 13:40:00+09:00,384.0,384.0,384.0,384.0,600,0.0,0.0
2024-09-25 13:45:00+09:00,384.0,385.0,384.0,385.0,14200,0.0,0.0
2024-09-25 13:55:00+09:00,385.0,385.0,385.0,385.0,3100,0.0,0.0
2024-09-25 14:00:00+09:00,384.0,384.0,384.0,384.0,2000,0.0,0.0
2024-09-25 14:10:00+09:00,385.0,386.0,385.0,385.0,3600,0.0,0.0
2024-09-25 14:20:00+09:00,385.0,385.0,385.0,385.0,200,0.0,0.0
2024-09-25 14:30:00+09:00,385.0,385.0,385.0,385.0,200,0.0,0.0
2024-09-25 14:40:00+09:00,385.0,385.0,384.0,384.0,2100,0.0,0.0
2024-09-25 14:45:00+09:00,384.0,384.0,384.0,384.0,1500,0.0,0.0
2024-09-25 14:50:00+09:00,383.0,384.0,383.0,384.0,1800,0.0,0.0
2024-09-25 14:55:00+09:00,385.0,385.0,383.0,384.0,6900,0.0,0.0
2024-09-26 09:00:00+09:00,386.0,388.0,386.0,387.0,9400,0.0,0.0
2024-09-26 09:05:00+09:00,387.0,387.0,387.0,387.0,1300,0.0,0.0
2024-09-26 09:10:00+09:00,386.0,386.0,386.0,386.0,100,0.0,0.0
2024-09-26 09:15:00+09:00,386.0,386.0,386.0,386.0,400,0.0,0.0
2024-09-26 09:20:00+09:00,386.0,388.0,386.0,387.0,11500,0.0,0.0
2024-09-26 09:25:00+09:00,387.0,388.0,387.0,388.0,2200,0.0,0.0
2024-09-26 09:30:00+09:00,387.0,387.0,387.0,387.0,1200,0.0,0.0
2024-09-26 09:35:00+09:00,387.0,388.0,386.0,386.0,3600,0.0,0.0
2024-09-26 09:45:00+09:00,387.0,387.0,387.0,387.0,1200,0.0,0.0
2024-09-26 09:50:00+09:00,387.0,387.0,387.0,387.0,100,0.0,0.0
2024-09-26 10:00:00+09:00,388.0,388.0,388.0,388.0,5000,0.0,0.0
2024-09-26 10:05:00+09:00,388.0,389.0,388.0,389.0,200,0.0,0.0
2024-09-26 10:10:00+09:00,388.0,388.0,388.0,388.0,600,0.0,0.0
2024-09-26 10:30:00+09:00,388.0,388.0,388.0,388.0,1100,0.0,0.0
2024-09-26 10:40:00+09:00,388.0,388.0,388.0,388.0,100,0.0,0.0
2024-09-26 11:00:00+09:00,388.0,388.0,388.0,388.0,2800,0.0,0.0
2024-09-26 11:05:00+09:00,387.0,387.0,387.0,387.0,300,0.0,0.0
2024-09-26 11:10:00+09:00,388.0,388.0,387.0,388.0,2600,0.0,0.0
2024-09-26 11:15:00+09:00,387.0,388.0,387.0,388.0,3800,0.0,0.0
2024-09-26 11:25:00+09:00,389.0,391.0,389.0,391.0,41800,0.0,0.0
2024-09-26 11:30:00+09:00,390.0,390.0,390.0,390.0,500,0.0,0.0
2024-09-26 11:35:00+09:00,390.0,390.0,390.0,390.0,0,0.0,0.0
2024-09-26 12:30:00+09:00,390.0,392.0,390.0,392.0,104100,0.0,0.0
2024-09-26 12:35:00+09:00,391.0,391.0,390.0,390.0,2100,0.0,0.0
2024-09-26 12:40:00+09:00,390.0,390.0,388.0,388.0,11800,0.0,0.0
2024-09-26 12:45:00+09:00,389.0,389.0,388.0,389.0,1200,0.0,0.0
2024-09-26 12:50:00+09:00,389.0,389.0,388.0,388.0,900,0.0,0.0
2024-09-26 12:55:00+09:00,388.0,388.0,387.0,388.0,3800,0.0,0.0
2024-09-26 13:00:00+09:00,387.0,387.0,386.0,387.0,4300,0.0,0.0
2024-09-26 13:05:00+09:00,387.0,387.0,387.0,387.0,800,0.0,0.0
2024-09-26 13:10:00+09:00,388.0,388.0,387.0,387.0,3000,0.0,0.0
2024-09-26 13:15:00+09:00,387.0,388.0,387.0,388.0,600,0.0,0.0
2024-09-26 13:20:00+09:00,388.0,388.0,387.0,387.0,400,0.0,0.0
2024-09-26 13:40:00+09:00,387.0,387.0,386.0,387.0,3400,0.0,0.0
2024-09-26 13:45:00+09:00,388.0,388.0,388.0,388.0,100,0.0,0.0
2024-09-26 13:50:00+09:00,388.0,388.0,387.0,387.0,500,0.0,0.0
2024-09-26 14:00:00+09:00,387.0,387.0,387.0,387.0,1500,0.0,0.0
2024-09-26 14:05:00+09:00,387.0,388.0,387.0,388.0,2900,0.0,0.0
2024-09-26 14:10:00+09:00,389.0,389.0,388.0,389.0,6600,0.0,0.0
2024-09-26 14:20:00+09:00,389.0,389.0,388.0,388.0,600,0.0,0.0
2024-09-26 14:25:00+09:00,388.0,388.0,388.0,388.0,100,0.0,0.0
2024-09-26 14:45:00+09:00,389.0,390.0,388.0,388.0,8700,0.0,0.0
2024-09-26 14:50:00+09:00,389.0,390.0,388.0,390.0,7500,0.0,0.0
2024-09-26 14:55:00+09:00,390.0,390.0,389.0,389.0,500,0.0,0.0
2024-09-27 09:00:00+09:00,393.0,399.0,387.0,391.0,45300,0.0,0.0
2024-09-27 09:05:00+09:00,390.0,390.0,389.0,389.0,4300,0.0,0.0
2024-09-27 09:10:00+09:00,390.0,390.0,389.0,390.0,1500,0.0,0.0
2024-09-27 09:15:00+09:00,390.0,391.0,390.0,391.0,2900,0.0,0.0
2024-09-27 09:20:00+09:00,391.0,391.0,389.0,389.0,7900,0.0,0.0
2024-09-27 09:25:00+09:00,388.0,388.0,386.0,386.0,14000,0.0,0.0
2024-09-27 09:30:00+09:00,387.0,388.0,386.0,388.0,2200,0.0,0.0
2024-09-27 09:35:00+09:00,389.0,389.0,389.0,389.0,1000,0.0,0.0
2024-09-27 09:45:00+09:00,389.0,389.0,389.0,389.0,100,0.0,0.0
2024-09-27 09:50:00+09:00,388.0,388.0,387.0,387.0,2800,0.0,0.0
2024-09-27 09:55:00+09:00,387.0,387.0,387.0,387.0,100,0.0,0.0
2024-09-27 10:00:00+09:00,388.0,388.0,388.0,388.0,200,0.0,0.0
2024-09-27 10:05:00+09:00,389.0,389.0,389.0,389.0,100,0.0,0.0
2024-09-27 10:10:00+09:00,389.0,389.0,389.0,389.0,2100,0.0,0.0
2024-09-27 10:20:00+09:00,389.0,389.0,389.0,389.0,2100,0.0,0.0
2024-09-27 10:25:00+09:00,388.0,388.0,387.0,387.0,2100,0.0,0.0
2024-09-27 10:30:00+09:00,388.0,388.0,388.0,388.0,300,0.0,0.0
2024-09-27 10:40:00+09:00,387.0,387.0,386.0,386.0,1900,0.0,0.0
2024-09-27 10:50:00+09:00,387.0,387.0,387.0,387.0,900,0.0,0.0
2024-09-27 10:55:00+09:00,387.0,387.0,385.0,385.0,17100,0.0,0.0
2024-09-27 11:00:00+09:00,386.0,386.0,385.0,385.0,5700,0.0,0.0
2024-09-27 11:05:00+09:00,386.0,387.0,386.0,387.0,800,0.0,0.0
2024-09-27 11:10:00+09:00,386.0,386.0,386.0,386.0,2400,0.0,0.0
2024-09-27 11:15:00+09:00,386.0,386.0,386.0,386.0,1500,0.0,0.0
2024-09-27 11:20:00+09:00,385.0,386.0,385.0,386.0,1000,0.0,0.0
2024-09-27 11:35:00+09:00,386.0,386.0,386.0,386.0,0,0.0,0.0
2024-09-27 12:30:00+09:00,387.0,387.0,386.0,387.0,146100,0.0,0.0
2024-09-27 12:35:00+09:00,388.0,389.0,388.0,388.0,1200,0.0,0.0
2024-09-27 12:45:00+09:00,389.0,390.0,389.0,390.0,3700,0.0,0.0
2024-09-27 12:50:00+09:00,390.0,390.0,390.0,390.0,3200,0.0,0.0
2024-09-27 12:55:00+09:00,391.0,391.0,388.0,390.0,10900,0.0,0.0
2024-09-27 13:00:00+09:00,390.0,391.0,390.0,390.0,600,0.0,0.0
2024-09-27 13:05:00+09:00,390.0,390.0,390.0,390.0,1500,0.0,0.0
2024-09-27 13:10:00+09:00,390.0,390.0,390.0,390.0,500,0.0,0.0
2024-09-27 13:15:00+09:00,390.0,390.0,390.0,390.0,400,0.0,0.0
2024-09-27 13:20:00+09:00,390.0,390.0,390.0,390.0,500,0.0,0.0
2024-09-27 13:25:00+09:00,390.0,390.0,388.0,389.0,17400,0.0,0.0
2024-09-27 13:30:00+09:00,389.0,389.0,387.0,389.0,5700,0.0,0.0
2024-09-27 13:35:00+09:00,389.0,389.0,389.0,389.0,1700,0.0,0.0
2024-09-27 13:40:00+09:00,390.0,390.0,389.0,389.0,300,0.0,0.0
2024-09-27 13:45:00+09:00,389.0,389.0,389.0,389.0,300,0.0,0.0
2024-09-27 13:50:00+09:00,390.0,390.0,390.0,390.0,900,0.0,0.0
2024-09-27 13:55:00+09:00,390.0,390.0,390.0,390.0,200,0.0,0.0
2024-09-27 14:00:00+09:00,390.0,390.0,390.0,390.0,2800,0.0,0.0
2024-09-27 14:05:00+09:00,391.0,391.0,391.0,391.0,5200,0.0,0.0
2024-09-27 14:10:00+09:00,391.0,391.0,390.0,391.0,1600,0.0,0.0
2024-09-27 14:20:00+09:00,391.0,391.0,391.0,391.0,500,0.0,0.0
2024-09-27 14:25:00+09:00,391.0,392.0,391.0,392.0,6600,0.0,0.0
2024-09-27 14:30:00+09:00,392.0,392.0,392.0,392.0,100,0.0,0.0
2024-09-27 14:35:00+09:00,391.0,391.0,391.0,391.0,2700,0.0,0.0
2024-09-27 14:40:00+09:00,391.0,391.0,391.0,391.0,4200,0.0,0.0
2024-09-27 14:45:00+09:00,391.0,391.0,391.0,391.0,3200,0.0,0.0
2024-09-27 14:50:00+09:00,391.0,391.0,390.0,390.0,2700,0.0,0.0
2024-09-27 14:55:00+09:00,390.0,391.0,390.0,391.0,5700,0.0,0.0
