Datetime,Open,High,Low,Close,Volume,Dividends,Stock Splits
2024-08-14 09:30:00-04:00,10.699999809265137,10.699999809265137,10.600000381469727,10.619999885559082,0,0.0,0.0
2024-08-14 09:35:00-04:00,10.600000381469727,10.6899995803833,10.600000381469727,10.6899995803833,10686,0.0,0.0
2024-08-14 09:40:00-04:00,10.6850004196167,10.6899995803833,10.670000076293945,10.6899995803833,11666,0.0,0.0
2024-08-14 09:45:00-04:00,10.680000305175781,10.710000038146973,10.680000305175781,10.699999809265137,10853,0.0,0.0
2024-08-14 09:50:00-04:00,10.699999809265137,10.699999809265137,10.630000114440918,10.630000114440918,28252,0.0,0.0
2024-08-14 09:55:00-04:00,10.635000228881836,10.649999618530273,10.609999656677246,10.609999656677246,34450,0.0,0.0
2024-08-14 10:00:00-04:00,10.619999885559082,10.619999885559082,10.585000038146973,10.609999656677246,43367,0.0,0.0
2024-08-14 10:05:00-04:00,10.619999885559082,10.680000305175781,10.614999771118164,10.630000114440918,47966,0.0,0.0
2024-08-14 10:10:00-04:00,10.630000114440918,10.630000114440918,10.585000038146973,10.585000038146973,19671,0.0,0.0
2024-08-14 10:15:00-04:00,10.579999923706055,10.635000228881836,10.579999923706055,10.619999885559082,28603,0.0,0.0
2024-08-14 10:20:00-04:00,10.625,10.645000457763672,10.619999885559082,10.635000228881836,18800,0.0,0.0
2024-08-14 10:25:00-04:00,10.635000228881836,10.645000457763672,10.625,10.630000114440918,21492,0.0,0.0
2024-08-14 10:30:00-04:00,10.630000114440918,10.635000228881836,10.595000267028809,10.595000267028809,28345,0.0,0.0
2024-08-14 10:35:00-04:00,10.595000267028809,10.614999771118164,10.59000015258789,10.595000267028809,25177,0.0,0.0
2024-08-14 10:40:00-04:00,10.595000267028809,10.600000381469727,10.5600004196167,10.5600004196167,30770,0.0,0.0
2024-08-14 10:45:00-04:00,10.560799598693848,10.574999809265137,10.53499984741211,10.539999961853027,21918,0.0,0.0
2024-08-14 10:50:00-04:00,10.545000076293945,10.5649995803833,10.545000076293945,10.5649995803833,20694,0.0,0.0
2024-08-14 10:55:00-04:00,10.569999694824219,10.604999542236328,10.569999694824219,10.59000015258789,21354,0.0,0.0
2024-08-14 11:00:00-04:00,10.600000381469727,10.619999885559082,10.595000267028809,10.614999771118164,15532,0.0,0.0
2024-08-14 11:05:00-04:00,10.614999771118164,10.619999885559082,10.609999656677246,10.609999656677246,16778,0.0,0.0
2024-08-14 11:10:00-04:00,10.609999656677246,10.645000457763672,10.604999542236328,10.635000228881836,43591,0.0,0.0
2024-08-14 11:15:00-04:00,10.630000114440918,10.635000228881836,10.625,10.630000114440918,11032,0.0,0.0
2024-08-14 11:20:00-04:00,10.635000228881836,10.654999732971191,10.635000228881836,10.654999732971191,14868,0.0,0.0
2024-08-14 11:25:00-04:00,10.654999732971191,10.654999732971191,10.640000343322754,10.640000343322754,19794,0.0,0.0
2024-08-14 11:30:00-04:00,10.645000457763672,10.675000190734863,10.640000343322754,10.675000190734863,28416,0.0,0.0
2024-08-14 11:35:00-04:00,10.670000076293945,10.6850004196167,10.670000076293945,10.6850004196167,13952,0.0,0.0
2024-08-14 11:40:00-04:00,10.680000305175781,10.6899995803833,10.670000076293945,10.6850004196167,24938,0.0,0.0
2024-08-14 11:45:00-04:00,10.6850004196167,10.6899995803833,10.680000305175781,10.680000305175781,11144,0.0,0.0
2024-08-14 11:50:00-04:00,10.680000305175781,10.694999694824219,10.680000305175781,10.6850004196167,36246,0.0,0.0
2024-08-14 11:55:00-04:00,10.6850004196167,10.6850004196167,10.680000305175781,10.680000305175781,2351,0.0,0.0
2024-08-14 12:00:00-04:00,10.680000305175781,10.71500015258789,10.680000305175781,10.704999923706055,35870,0.0,0.0
2024-08-14 12:05:00-04:00,10.704999923706055,10.71500015258789,10.704999923706055,10.710000038146973,23366,0.0,0.0
2024-08-14 12:10:00-04:00,10.710000038146973,10.729999542236328,10.710000038146973,10.729999542236328,25401,0.0,0.0
2024-08-14 12:15:00-04:00,10.725000381469727,10.729999542236328,10.699999809265137,10.701399803161621,26590,0.0,0.0
2024-08-14 12:20:00-04:00,10.699999809265137,10.699999809265137,10.619999885559082,10.625,23404,0.0,0.0
2024-08-14 12:25:00-04:00,10.625,10.625,10.609999656677246,10.614999771118164,22775,0.0,0.0
2024-08-14 12:30:00-04:00,10.609999656677246,10.625,10.600000381469727,10.604999542236328,30447,0.0,0.0
2024-08-14 12:35:00-04:00,10.604999542236328,10.614999771118164,10.59000015258789,10.595000267028809,44913,0.0,0.0
2024-08-14 12:40:00-04:00,10.595000267028809,10.600000381469727,10.582500457763672,10.585000038146973,18459,0.0,0.0
2024-08-14 12:45:00-04:00,10.585000038146973,10.604999542236328,10.585000038146973,10.604999542236328,15371,0.0,0.0
2024-08-14 12:50:00-04:00,10.604999542236328,10.625,10.600000381469727,10.625,29724,0.0,0.0
2024-08-14 12:55:00-04:00,10.619999885559082,10.619999885559082,10.600000381469727,10.600000381469727,37240,0.0,0.0
2024-08-14 13:00:00-04:00,10.600000381469727,10.600000381469727,10.5649995803833,10.579999923706055,19787,0.0,0.0
2024-08-14 13:05:00-04:00,10.579999923706055,10.609999656677246,10.579999923706055,10.604999542236328,21500,0.0,0.0
2024-08-14 13:10:00-04:00,10.600000381469727,10.609999656677246,10.591300010681152,10.609999656677246,21031,0.0,0.0
2024-08-14 13:15:00-04:00,10.609999656677246,10.630000114440918,10.604999542236328,10.625,18538,0.0,0.0
2024-08-14 13:20:00-04:00,10.619999885559082,10.649999618530273,10.619999885559082,10.649999618530273,25041,0.0,0.0
2024-08-14 13:25:00-04:00,10.649999618530273,10.670000076293945,10.630000114440918,10.630000114440918,36506,0.0,0.0
2024-08-14 13:30:00-04:00,10.630000114440918,10.635000228881836,10.625,10.630000114440918,12273,0.0,0.0
2024-08-14 13:35:00-04:00,10.635000228881836,10.640000343322754,10.619999885559082,10.625,20709,0.0,0.0
2024-08-14 13:40:00-04:00,10.625,10.630000114440918,10.609999656677246,10.625,19340,0.0,0.0
2024-08-14 13:45:00-04:00,10.625,10.645000457763672,10.619999885559082,10.645000457763672,25565,0.0,0.0
2024-08-14 13:50:00-04:00,10.649999618530273,10.664999961853027,10.645000457763672,10.664999961853027,19389,0.0,0.0
2024-08-14 13:55:00-04:00,10.664999961853027,10.675000190734863,10.65999984741211,10.65999984741211,28130,0.0,0.0
2024-08-14 14:00:00-04:00,10.65999984741211,10.65999984741211,10.625,10.625,25115,0.0,0.0
2024-08-14 14:05:00-04:00,10.619999885559082,10.630000114440918,10.609999656677246,10.609999656677246,24771,0.0,0.0
2024-08-14 14:10:00-04:00,10.604999542236328,10.609999656677246,10.600600242614746,10.604999542236328,7171,0.0,0.0
2024-08-14 14:15:00-04:00,10.604999542236328,10.604999542236328,10.59000015258789,10.59000015258789,16113,0.0,0.0
2024-08-14 14:20:00-04:00,10.59000015258789,10.600000381469727,10.59000015258789,10.59000015258789,10130,0.0,0.0
2024-08-14 14:25:00-04:00,10.595000267028809,10.600000381469727,10.520000457763672,10.539999961853027,57446,0.0,0.0
2024-08-14 14:30:00-04:00,10.53499984741211,10.539999961853027,10.520000457763672,10.529999732971191,37024,0.0,0.0
2024-08-14 14:35:00-04:00,10.524999618530273,10.529999732971191,10.520000457763672,10.524200439453125,6277,0.0,0.0
2024-08-14 14:40:00-04:00,10.520000457763672,10.545000076293945,10.520000457763672,10.539999961853027,51979,0.0,0.0
2024-08-14 14:45:00-04:00,10.539999961853027,10.595000267028809,10.529999732971191,10.59000015258789,59072,0.0,0.0
2024-08-14 14:50:00-04:00,10.595000267028809,10.609999656677246,10.59000015258789,10.59000015258789,79719,0.0,0.0
2024-08-14 14:55:00-04:00,10.59000015258789,10.630000114440918,10.59000015258789,10.625,45891,0.0,0.0
2024-08-14 15:00:00-04:00,10.619999885559082,10.619999885559082,10.600000381469727,10.600000381469727,45783,0.0,0.0
2024-08-14 15:05:00-04:00,10.600000381469727,10.604999542236328,10.579999923706055,10.579999923706055,47991,0.0,0.0
2024-08-14 15:10:00-04:00,10.574999809265137,10.585000038146973,10.569999694824219,10.579999923706055,24210,0.0,0.0
2024-08-14 15:15:00-04:00,10.579999923706055,10.585000038146973,10.579999923706055,10.585000038146973,14045,0.0,0.0
2024-08-14 15:20:00-04:00,10.579999923706055,10.585000038146973,10.545000076293945,10.545000076293945,49489,0.0,0.0
2024-08-14 15:25:00-04:00,10.539999961853027,10.545000076293945,10.529999732971191,10.529999732971191,26416,0.0,0.0
2024-08-14 15:30:00-04:00,10.529999732971191,10.529999732971191,10.489999771118164,10.505000114440918,44527,0.0,0.0
2024-08-14 15:35:00-04:00,10.505000114440918,10.5600004196167,10.505000114440918,10.555000305175781,140977,0.0,0.0
2024-08-14 15:40:00-04:00,10.555000305175781,10.59000015258789,10.550000190734863,10.585000038146973,64612,0.0,0.0
2024-08-14 15:45:00-04:00,10.579999923706055,10.579999923706055,10.489999771118164,10.5,86731,0.0,0.0
2024-08-14 15:50:00-04:00,10.5,10.510000228881836,10.489999771118164,10.5,86215,0.0,0.0
2024-08-14 15:55:00-04:00,10.494999885559082,10.529999732971191,10.489999771118164,10.489999771118164,262286,0.0,0.0
2024-08-15 09:30:00-04:00,10.600000381469727,10.760000228881836,10.600000381469727,10.760000228881836,18238,0.0,0.0
2024-08-15 09:35:00-04:00,10.779999732971191,10.800000190734863,10.739999771118164,10.739999771118164,3872,0.0,0.0
2024-08-15 09:40:00-04:00,10.75,10.75,10.710000038146973,10.710000038146973,5318,0.0,0.0
2024-08-15 09:45:00-04:00,10.720000267028809,10.720000267028809,10.649999618530273,10.675000190734863,7551,0.0,0.0
2024-08-15 09:50:00-04:00,10.680000305175781,10.765000343322754,10.670000076293945,10.729999542236328,80435,0.0,0.0
2024-08-15 09:55:00-04:00,10.729999542236328,10.739899635314941,10.699999809265137,10.739899635314941,6215,0.0,0.0
2024-08-15 10:00:00-04:00,10.720000267028809,10.729999542236328,10.65999984741211,10.664999961853027,17835,0.0,0.0
2024-08-15 10:05:00-04:00,10.663399696350098,10.663399696350098,10.625,10.625,19580,0.0,0.0
2024-08-15 10:10:00-04:00,10.619999885559082,10.645000457763672,10.614999771118164,10.640000343322754,11032,0.0,0.0
2024-08-15 10:15:00-04:00,10.640000343322754,10.649999618530273,10.600000381469727,10.625,25216,0.0,0.0
2024-08-15 10:20:00-04:00,10.630000114440918,10.635000228881836,10.619999885559082,10.625,5777,0.0,0.0
2024-08-15 10:25:00-04:00,10.625,10.649999618530273,10.619999885559082,10.640000343322754,8506,0.0,0.0
2024-08-15 10:30:00-04:00,10.640000343322754,10.649999618530273,10.640000343322754,10.649999618530273,6342,0.0,0.0
2024-08-15 10:35:00-04:00,10.664999961853027,10.680000305175781,10.649999618530273,10.654999732971191,9235,0.0,0.0
2024-08-15 10:40:00-04:00,10.65999984741211,10.680000305175781,10.654999732971191,10.680000305175781,7246,0.0,0.0
2024-08-15 10:45:00-04:00,10.680000305175781,10.6850004196167,10.654999732971191,10.680000305175781,9700,0.0,0.0
2024-08-15 10:50:00-04:00,10.680000305175781,10.680000305175781,10.65999984741211,10.664999961853027,8685,0.0,0.0
2024-08-15 10:55:00-04:00,10.65999984741211,10.680000305175781,10.654999732971191,10.675000190734863,10634,0.0,0.0
2024-08-15 11:00:00-04:00,10.670000076293945,10.71500015258789,10.670000076293945,10.710000038146973,8261,0.0,0.0
2024-08-15 11:05:00-04:00,10.720000267028809,10.729999542236328,10.71500015258789,10.729999542236328,4203,0.0,0.0
2024-08-15 11:10:00-04:00,10.725000381469727,10.725000381469727,10.704999923706055,10.720000267028809,9998,0.0,0.0
2024-08-15 11:15:00-04:00,10.720000267028809,10.729999542236328,10.699999809265137,10.704999923706055,7342,0.0,0.0
2024-08-15 11:20:00-04:00,10.699999809265137,10.71500015258789,10.699999809265137,10.704999923706055,8428,0.0,0.0
2024-08-15 11:25:00-04:00,10.710000038146973,10.710000038146973,10.680000305175781,10.680000305175781,9424,0.0,0.0
2024-08-15 11:30:00-04:00,10.6850004196167,10.694999694824219,10.6850004196167,10.694999694824219,5571,0.0,0.0
2024-08-15 11:35:00-04:00,10.694999694824219,10.720000267028809,10.694999694824219,10.720000267028809,3561,0.0,0.0
2024-08-15 11:40:00-04:00,10.71500015258789,10.739999771118164,10.71500015258789,10.739999771118164,5998,0.0,0.0
2024-08-15 11:45:00-04:00,10.734999656677246,10.734999656677246,10.704999923706055,10.710000038146973,10481,0.0,0.0
2024-08-15 11:50:00-04:00,10.720000267028809,10.720000267028809,10.6899995803833,10.6899995803833,5895,0.0,0.0
2024-08-15 11:55:00-04:00,10.6850004196167,10.6899995803833,10.679900169372559,10.680000305175781,4842,0.0,0.0
2024-08-15 12:00:00-04:00,10.6850004196167,10.6899995803833,10.675000190734863,10.6899995803833,6836,0.0,0.0
2024-08-15 12:05:00-04:00,10.6850004196167,10.6899995803833,10.664999961853027,10.664999961853027,7620,0.0,0.0
2024-08-15 12:10:00-04:00,10.664999961853027,10.680000305175781,10.65999984741211,10.670000076293945,7555,0.0,0.0
2024-08-15 12:15:00-04:00,10.670000076293945,10.6850004196167,10.670000076293945,10.675000190734863,5601,0.0,0.0
2024-08-15 12:20:00-04:00,10.675000190734863,10.6899995803833,10.670000076293945,10.680000305175781,12512,0.0,0.0
2024-08-15 12:25:00-04:00,10.680000305175781,10.680000305175781,10.649999618530273,10.654999732971191,146281,0.0,0.0
2024-08-15 12:30:00-04:00,10.649999618530273,10.654999732971191,10.630000114440918,10.635000228881836,22912,0.0,0.0
2024-08-15 12:35:00-04:00,10.635000228881836,10.637499809265137,10.595000267028809,10.600000381469727,10262,0.0,0.0
2024-08-15 12:40:00-04:00,10.59000015258789,10.59000015258789,10.5600004196167,10.567500114440918,8939,0.0,0.0
2024-08-15 12:45:00-04:00,10.5649995803833,10.5649995803833,10.539999961853027,10.539999961853027,8854,0.0,0.0
2024-08-15 12:50:00-04:00,10.539999961853027,10.5600004196167,10.53499984741211,10.555000305175781,12291,0.0,0.0
2024-08-15 12:55:00-04:00,10.555000305175781,10.5600004196167,10.545000076293945,10.550000190734863,12724,0.0,0.0
2024-08-15 13:00:00-04:00,10.547499656677246,10.547499656677246,10.529999732971191,10.537500381469727,16437,0.0,0.0
2024-08-15 13:05:00-04:00,10.529999732971191,10.53499984741211,10.520000457763672,10.524999618530273,9993,0.0,0.0
2024-08-15 13:10:00-04:00,10.52750015258789,10.600000381469727,10.520000457763672,10.569999694824219,215956,0.0,0.0
2024-08-15 13:15:00-04:00,10.574999809265137,10.609999656677246,10.574999809265137,10.604999542236328,13536,0.0,0.0
2024-08-15 13:20:00-04:00,10.600000381469727,10.614999771118164,10.595000267028809,10.614999771118164,11498,0.0,0.0
2024-08-15 13:25:00-04:00,10.609999656677246,10.617500305175781,10.604999542236328,10.604999542236328,5787,0.0,0.0
2024-08-15 13:30:00-04:00,10.609999656677246,10.609999656677246,10.569999694824219,10.569999694824219,9867,0.0,0.0
2024-08-15 13:35:00-04:00,10.569999694824219,10.579999923706055,10.569999694824219,10.569999694824219,6402,0.0,0.0
2024-08-15 13:40:00-04:00,10.569999694824219,10.585000038146973,10.5649995803833,10.574999809265137,19575,0.0,0.0
2024-08-15 13:45:00-04:00,10.579999923706055,10.59000015258789,10.569999694824219,10.585000038146973,6687,0.0,0.0
2024-08-15 13:50:00-04:00,10.585000038146973,10.600000381469727,10.579999923706055,10.595000267028809,8012,0.0,0.0
2024-08-15 13:55:00-04:00,10.59000015258789,10.60990047454834,10.59000015258789,10.59000015258789,13491,0.0,0.0
2024-08-15 14:00:00-04:00,10.59000015258789,10.609999656677246,10.574999809265137,10.574999809265137,14415,0.0,0.0
2024-08-15 14:05:00-04:00,10.569999694824219,10.619999885559082,10.569999694824219,10.614999771118164,96906,0.0,0.0
2024-08-15 14:10:00-04:00,10.609999656677246,10.670000076293945,10.604999542236328,10.670000076293945,87591,0.0,0.0
2024-08-15 14:15:00-04:00,10.670000076293945,10.670000076293945,10.640000343322754,10.640000343322754,25060,0.0,0.0
2024-08-15 14:20:00-04:00,10.640000343322754,10.645000457763672,10.59000015258789,10.59000015258789,30002,0.0,0.0
2024-08-15 14:25:00-04:00,10.59000015258789,10.600000381469727,10.5600004196167,10.585000038146973,129775,0.0,0.0
2024-08-15 14:30:00-04:00,10.585000038146973,10.59000015258789,10.569999694824219,10.574999809265137,15493,0.0,0.0
2024-08-15 14:35:00-04:00,10.574999809265137,10.595000267028809,10.574999809265137,10.585000038146973,14274,0.0,0.0
2024-08-15 14:40:00-04:00,10.59000015258789,10.604999542236328,10.579999923706055,10.604999542236328,15399,0.0,0.0
2024-08-15 14:45:00-04:00,10.604999542236328,10.609999656677246,10.59000015258789,10.604999542236328,17304,0.0,0.0
2024-08-15 14:50:00-04:00,10.604999542236328,10.625,10.595000267028809,10.619999885559082,32900,0.0,0.0
2024-08-15 14:55:00-04:00,10.619999885559082,10.619999885559082,10.609999656677246,10.614999771118164,5856,0.0,0.0
2024-08-15 15:00:00-04:00,10.614999771118164,10.614999771118164,10.579999923706055,10.600000381469727,19296,0.0,0.0
2024-08-15 15:05:00-04:00,10.600000381469727,10.609999656677246,10.585000038146973,10.585000038146973,8971,0.0,0.0
2024-08-15 15:10:00-04:00,10.579999923706055,10.585000038146973,10.569999694824219,10.574999809265137,8933,0.0,0.0
2024-08-15 15:15:00-04:00,10.574999809265137,10.595000267028809,10.569999694824219,10.59000015258789,19770,0.0,0.0
2024-08-15 15:20:00-04:00,10.59000015258789,10.619999885559082,10.59000015258789,10.609999656677246,19790,0.0,0.0
2024-08-15 15:25:00-04:00,10.614999771118164,10.619999885559082,10.609999656677246,10.614999771118164,18142,0.0,0.0
2024-08-15 15:30:00-04:00,10.614999771118164,10.635000228881836,10.609999656677246,10.614999771118164,27921,0.0,0.0
2024-08-15 15:35:00-04:00,10.609999656677246,10.609999656677246,10.581000328063965,10.595000267028809,25493,0.0,0.0
2024-08-15 15:40:00-04:00,10.595000267028809,10.595000267028809,10.579999923706055,10.585000038146973,22976,0.0,0.0
2024-08-15 15:45:00-04:00,10.579999923706055,10.609999656677246,10.569999694824219,10.604999542236328,63798,0.0,0.0
2024-08-15 15:50:00-04:00,10.609999656677246,10.699999809265137,10.60099983215332,10.694999694824219,121441,0.0,0.0
2024-08-15 15:55:00-04:00,10.694999694824219,10.729999542236328,10.6899995803833,10.729999542236328,204256,0.0,0.0
2024-08-16 09:30:00-04:00,10.699999809265137,10.75,10.640000343322754,10.649999618530273,28244,0.0,0.0
2024-08-16 09:35:00-04:00,10.664999961853027,10.664999961853027,10.630000114440918,10.65999984741211,3675,0.0,0.0
2024-08-16 09:40:00-04:00,10.649999618530273,10.649999618530273,10.619999885559082,10.630000114440918,23319,0.0,0.0
2024-08-16 09:45:00-04:00,10.625,10.635000228881836,10.569999694824219,10.579999923706055,12547,0.0,0.0
2024-08-16 09:50:00-04:00,10.579999923706055,10.630000114440918,10.579999923706055,10.614999771118164,5721,0.0,0.0
2024-08-16 09:55:00-04:00,10.614999771118164,10.645000457763672,10.614999771118164,10.640000343322754,3667,0.0,0.0
2024-08-16 10:00:00-04:00,10.630000114440918,10.699999809265137,10.630000114440918,10.690099716186523,20905,0.0,0.0
2024-08-16 10:05:00-04:00,10.694999694824219,10.720000267028809,10.675000190734863,10.6899995803833,29263,0.0,0.0
2024-08-16 10:10:00-04:00,10.694999694824219,10.699999809265137,10.680000305175781,10.694999694824219,7435,0.0,0.0
2024-08-16 10:15:00-04:00,10.694999694824219,10.699999809265137,10.670000076293945,10.694999694824219,14844,0.0,0.0
2024-08-16 10:20:00-04:00,10.699999809265137,10.71500015258789,10.654999732971191,10.65999984741211,12752,0.0,0.0
2024-08-16 10:25:00-04:00,10.65999984741211,10.662500381469727,10.640000343322754,10.640000343322754,10448,0.0,0.0
2024-08-16 10:30:00-04:00,10.630000114440918,10.630000114440918,10.604999542236328,10.614999771118164,4994,0.0,0.0
2024-08-16 10:35:00-04:00,10.609999656677246,10.625100135803223,10.609999656677246,10.625100135803223,10862,0.0,0.0
2024-08-16 10:40:00-04:00,10.630000114440918,10.664999961853027,10.625,10.654999732971191,23948,0.0,0.0
2024-08-16 10:45:00-04:00,10.654999732971191,10.654999732971191,10.649999618530273,10.649999618530273,7664,0.0,0.0
2024-08-16 10:50:00-04:00,10.654999732971191,10.680000305175781,10.652400016784668,10.675000190734863,21461,0.0,0.0
2024-08-16 10:55:00-04:00,10.6850004196167,10.710000038146973,10.670000076293945,10.704999923706055,230000,0.0,0.0
2024-08-16 11:00:00-04:00,10.710000038146973,10.71500015258789,10.704999923706055,10.71500015258789,6351,0.0,0.0
2024-08-16 11:05:00-04:00,10.720000267028809,10.729999542236328,10.680000305175781,10.680000305175781,14100,0.0,0.0
2024-08-16 11:10:00-04:00,10.6850004196167,10.694999694824219,10.675000190734863,10.6850004196167,25966,0.0,0.0
2024-08-16 11:15:00-04:00,10.6850004196167,10.6850004196167,10.619999885559082,10.625,9788,0.0,0.0
2024-08-16 11:20:00-04:00,10.625,10.680000305175781,10.624699592590332,10.675000190734863,16764,0.0,0.0
2024-08-16 11:25:00-04:00,10.670000076293945,10.670000076293945,10.654999732971191,10.65999984741211,8952,0.0,0.0
2024-08-16 11:30:00-04:00,10.65999984741211,10.65999984741211,10.654999732971191,10.654999732971191,9941,0.0,0.0
2024-08-16 11:35:00-04:00,10.65999984741211,10.664999961853027,10.649999618530273,10.664999961853027,7248,0.0,0.0
2024-08-16 11:40:00-04:00,10.65999984741211,10.664999961853027,10.649999618530273,10.654999732971191,7550,0.0,0.0
2024-08-16 11:45:00-04:00,10.654999732971191,10.65999984741211,10.650099754333496,10.654999732971191,3946,0.0,0.0
2024-08-16 11:50:00-04:00,10.65999984741211,10.670000076293945,10.65999984741211,10.664999961853027,7488,0.0,0.0
2024-08-16 11:55:00-04:00,10.664999961853027,10.670000076293945,10.65999984741211,10.664999961853027,5055,0.0,0.0
2024-08-16 12:00:00-04:00,10.65999984741211,10.664999961853027,10.630000114440918,10.630000114440918,13188,0.0,0.0
2024-08-16 12:05:00-04:00,10.635000228881836,10.64799976348877,10.630000114440918,10.64799976348877,7868,0.0,0.0
2024-08-16 12:10:00-04:00,10.640000343322754,10.645000457763672,10.630000114440918,10.640000343322754,7861,0.0,0.0
2024-08-16 12:15:00-04:00,10.640000343322754,10.645000457763672,10.635000228881836,10.645000457763672,8533,0.0,0.0
2024-08-16 12:20:00-04:00,10.649999618530273,10.649999618530273,10.630000114440918,10.640000343322754,10934,0.0,0.0
2024-08-16 12:25:00-04:00,10.630000114440918,10.630000114440918,10.614999771118164,10.614999771118164,5413,0.0,0.0
2024-08-16 12:30:00-04:00,10.614999771118164,10.640000343322754,10.609999656677246,10.640000343322754,15831,0.0,0.0
2024-08-16 12:35:00-04:00,10.640000343322754,10.649999618530273,10.635000228881836,10.640000343322754,9071,0.0,0.0
2024-08-16 12:40:00-04:00,10.630000114440918,10.630000114440918,10.614999771118164,10.619999885559082,5084,0.0,0.0
2024-08-16 12:45:00-04:00,10.609999656677246,10.609999656677246,10.600000381469727,10.600000381469727,4979,0.0,0.0
2024-08-16 12:50:00-04:00,10.600000381469727,10.619999885559082,10.600000381469727,10.609999656677246,5980,0.0,0.0
2024-08-16 12:55:00-04:00,10.619999885559082,10.640000343322754,10.619999885559082,10.625,9572,0.0,0.0
2024-08-16 13:00:00-04:00,10.625,10.625,10.604999542236328,10.604999542236328,5876,0.0,0.0
2024-08-16 13:05:00-04:00,10.600000381469727,10.609999656677246,10.579999923706055,10.579999923706055,4143,0.0,0.0
2024-08-16 13:10:00-04:00,10.59000015258789,10.600000381469727,10.550000190734863,10.5600004196167,20720,0.0,0.0
2024-08-16 13:15:00-04:00,10.5649995803833,10.5649995803833,10.550000190734863,10.555000305175781,6180,0.0,0.0
2024-08-16 13:20:00-04:00,10.5600004196167,10.569999694824219,10.555000305175781,10.555000305175781,4098,0.0,0.0
2024-08-16 13:25:00-04:00,10.550000190734863,10.555000305175781,10.539999961853027,10.545000076293945,15534,0.0,0.0
2024-08-16 13:30:00-04:00,10.550000190734863,10.585000038146973,10.539999961853027,10.574999809265137,10104,0.0,0.0
2024-08-16 13:35:00-04:00,10.574999809265137,10.585000038146973,10.574999809265137,10.579999923706055,14070,0.0,0.0
2024-08-16 13:40:00-04:00,10.579999923706055,10.579999923706055,10.569999694824219,10.569999694824219,4712,0.0,0.0
2024-08-16 13:45:00-04:00,10.574999809265137,10.579999923706055,10.555000305175781,10.5600004196167,8146,0.0,0.0
2024-08-16 13:50:00-04:00,10.550000190734863,10.5600004196167,10.550000190734863,10.5600004196167,6730,0.0,0.0
2024-08-16 13:55:00-04:00,10.555000305175781,10.569999694824219,10.550000190734863,10.569999694824219,11047,0.0,0.0
2024-08-16 14:00:00-04:00,10.569999694824219,10.579999923706055,10.5649995803833,10.5649995803833,9362,0.0,0.0
2024-08-16 14:05:00-04:00,10.5600004196167,10.5600004196167,10.550000190734863,10.550000190734863,9340,0.0,0.0
2024-08-16 14:10:00-04:00,10.5600004196167,10.5600004196167,10.550000190734863,10.550000190734863,9836,0.0,0.0
2024-08-16 14:15:00-04:00,10.5600004196167,10.579999923706055,10.555000305175781,10.579999923706055,12435,0.0,0.0
2024-08-16 14:20:00-04:00,10.570099830627441,10.579999923706055,10.564299583435059,10.564299583435059,4836,0.0,0.0
2024-08-16 14:25:00-04:00,10.5649995803833,10.579999923706055,10.5649995803833,10.574999809265137,6313,0.0,0.0
2024-08-16 14:30:00-04:00,10.569999694824219,10.59000015258789,10.569999694824219,10.59000015258789,5284,0.0,0.0
2024-08-16 14:35:00-04:00,10.59000015258789,10.609999656677246,10.59000015258789,10.604999542236328,7909,0.0,0.0
2024-08-16 14:40:00-04:00,10.609999656677246,10.609999656677246,10.59000015258789,10.59000015258789,9998,0.0,0.0
2024-08-16 14:45:00-04:00,10.59000015258789,10.59000015258789,10.585000038146973,10.588000297546387,4739,0.0,0.0
2024-08-16 14:50:00-04:00,10.59000015258789,10.619999885559082,10.579999923706055,10.619999885559082,43087,0.0,0.0
2024-08-16 14:55:00-04:00,10.614999771118164,10.625,10.614999771118164,10.619999885559082,7394,0.0,0.0
2024-08-16 15:00:00-04:00,10.619999885559082,10.630000114440918,10.611599922180176,10.619999885559082,11459,0.0,0.0
2024-08-16 15:05:00-04:00,10.619999885559082,10.619999885559082,10.614999771118164,10.614999771118164,6554,0.0,0.0
2024-08-16 15:10:00-04:00,10.614999771118164,10.619999885559082,10.609999656677246,10.609999656677246,5988,0.0,0.0
2024-08-16 15:15:00-04:00,10.614999771118164,10.625,10.600000381469727,10.614999771118164,40312,0.0,0.0
2024-08-16 15:20:00-04:00,10.609999656677246,10.609999656677246,10.600000381469727,10.600000381469727,11388,0.0,0.0
2024-08-16 15:25:00-04:00,10.604999542236328,10.604999542236328,10.59000015258789,10.595000267028809,23836,0.0,0.0
2024-08-16 15:30:00-04:00,10.595000267028809,10.614999771118164,10.579999923706055,10.604999542236328,25116,0.0,0.0
2024-08-16 15:35:00-04:00,10.600000381469727,10.609999656677246,10.595000267028809,10.599499702453613,24936,0.0,0.0
2024-08-16 15:40:00-04:00,10.600000381469727,10.600000381469727,10.59000015258789,10.600000381469727,23532,0.0,0.0
2024-08-16 15:45:00-04:00,10.59000015258789,10.604999542236328,10.59000015258789,10.595000267028809,58192,0.0,0.0
2024-08-16 15:50:00-04:00,10.59000015258789,10.640000343322754,10.59000015258789,10.600000381469727,124730,0.0,0.0
2024-08-16 15:55:00-04:00,10.604999542236328,10.619999885559082,10.59000015258789,10.604999542236328,211208,0.0,0.0
2024-08-19 09:30:00-04:00,10.680000305175781,10.699999809265137,10.680000305175781,10.699999809265137,4517,0.0,0.0
2024-08-19 09:35:00-04:00,10.729999542236328,10.729999542236328,10.710000038146973,10.720000267028809,1104,0.0,0.0
2024-08-19 09:40:00-04:00,10.718999862670898,10.718999862670898,10.6899995803833,10.6899995803833,3042,0.0,0.0
2024-08-19 09:45:00-04:00,10.670000076293945,10.671299934387207,10.654999732971191,10.654999732971191,1424,0.0,0.0
2024-08-19 09:50:00-04:00,10.640000343322754,10.640000343322754,10.59000015258789,10.619999885559082,30650,0.0,0.0
2024-08-19 09:55:00-04:00,10.619999885559082,10.619999885559082,10.585000038146973,10.585000038146973,5550,0.0,0.0
2024-08-19 10:00:00-04:00,10.600000381469727,10.600000381469727,10.569999694824219,10.569999694824219,3724,0.0,0.0
2024-08-19 10:05:00-04:00,10.569999694824219,10.630000114440918,10.569999694824219,10.630000114440918,5994,0.0,0.0
2024-08-19 10:10:00-04:00,10.630000114440918,10.635000228881836,10.579999923706055,10.579999923706055,3219,0.0,0.0
2024-08-19 10:15:00-04:00,10.580100059509277,10.595000267028809,10.539999961853027,10.545000076293945,11968,0.0,0.0
2024-08-19 10:20:00-04:00,10.545000076293945,10.560099601745605,10.545000076293945,10.560099601745605,5265,0.0,0.0
2024-08-19 10:25:00-04:00,10.565799713134766,10.585000038146973,10.5649995803833,10.569999694824219,4556,0.0,0.0
2024-08-19 10:30:00-04:00,10.574999809265137,10.59000015258789,10.569999694824219,10.585000038146973,7019,0.0,0.0
2024-08-19 10:35:00-04:00,10.579999923706055,10.579999923706055,10.5649995803833,10.574999809265137,6007,0.0,0.0
2024-08-19 10:40:00-04:00,10.59000015258789,10.619999885559082,10.59000015258789,10.619999885559082,7039,0.0,0.0
2024-08-19 10:45:00-04:00,10.614999771118164,10.614999771118164,10.609999656677246,10.614999771118164,4827,0.0,0.0
2024-08-19 10:50:00-04:00,10.609999656677246,10.645000457763672,10.609999656677246,10.635000228881836,9281,0.0,0.0
2024-08-19 10:55:00-04:00,10.635000228881836,10.640000343322754,10.630000114440918,10.635000228881836,2539,0.0,0.0
2024-08-19 11:00:00-04:00,10.640000343322754,10.649999618530273,10.63599967956543,10.649999618530273,5171,0.0,0.0
2024-08-19 11:05:00-04:00,10.645000457763672,10.654999732971191,10.630000114440918,10.645000457763672,20781,0.0,0.0
2024-08-19 11:10:00-04:00,10.645000457763672,10.680000305175781,10.640000343322754,10.680000305175781,114972,0.0,0.0
2024-08-19 11:15:00-04:00,10.680000305175781,10.680000305175781,10.649999618530273,10.65999984741211,9518,0.0,0.0
2024-08-19 11:20:00-04:00,10.65999984741211,10.664999961853027,10.654999732971191,10.664999961853027,4692,0.0,0.0
2024-08-19 11:25:00-04:00,10.675000190734863,10.675000190734863,10.670000076293945,10.675000190734863,2792,0.0,0.0
2024-08-19 11:30:00-04:00,10.675000190734863,10.6850004196167,10.670000076293945,10.6850004196167,7248,0.0,0.0
2024-08-19 11:35:00-04:00,10.6899995803833,10.720000267028809,10.680000305175781,10.710000038146973,46895,0.0,0.0
2024-08-19 11:40:00-04:00,10.71500015258789,10.725000381469727,10.699999809265137,10.710000038146973,9947,0.0,0.0
2024-08-19 11:45:00-04:00,10.704999923706055,10.710000038146973,10.680000305175781,10.680000305175781,7881,0.0,0.0
2024-08-19 11:50:00-04:00,10.6850004196167,10.6850004196167,10.65999984741211,10.664999961853027,6739,0.0,0.0
2024-08-19 11:55:00-04:00,10.664999961853027,10.670000076293945,10.640000343322754,10.645000457763672,3423,0.0,0.0
2024-08-19 12:00:00-04:00,10.645000457763672,10.645000457763672,10.614999771118164,10.614999771118164,7968,0.0,0.0
2024-08-19 12:05:00-04:00,10.614999771118164,10.614999771118164,10.604999542236328,10.604999542236328,3886,0.0,0.0
2024-08-19 12:10:00-04:00,10.609999656677246,10.635000228881836,10.609999656677246,10.635000228881836,8693,0.0,0.0
2024-08-19 12:15:00-04:00,10.635000228881836,10.635000228881836,10.600000381469727,10.600000381469727,4297,0.0,0.0
2024-08-19 12:20:00-04:00,10.595000267028809,10.614999771118164,10.595000267028809,10.609999656677246,6714,0.0,0.0
2024-08-19 12:25:00-04:00,10.600000381469727,10.609999656677246,10.595000267028809,10.609999656677246,4221,0.0,0.0
2024-08-19 12:30:00-04:00,10.614999771118164,10.614999771118164,10.604999542236328,10.604999542236328,2601,0.0,0.0
2024-08-19 12:35:00-04:00,10.604999542236328,10.614999771118164,10.604999542236328,10.609999656677246,4126,0.0,0.0
2024-08-19 12:40:00-04:00,10.600000381469727,10.609999656677246,10.600000381469727,10.609999656677246,2207,0.0,0.0
2024-08-19 12:45:00-04:00,10.604999542236328,10.625,10.604999542236328,10.625,3312,0.0,0.0
2024-08-19 12:50:00-04:00,10.630000114440918,10.664999961853027,10.630000114440918,10.65999984741211,11675,0.0,0.0
2024-08-19 12:55:00-04:00,10.664999961853027,10.664999961853027,10.664999961853027,10.664999961853027,824,0.0,0.0
2024-08-19 13:00:00-04:00,10.664999961853027,10.675000190734863,10.65999984741211,10.675000190734863,4401,0.0,0.0
2024-08-19 13:05:00-04:00,10.6850004196167,10.6899995803833,10.6850004196167,10.6899995803833,984,0.0,0.0
2024-08-19 13:10:00-04:00,10.6850004196167,10.6850004196167,10.670000076293945,10.680000305175781,6458,0.0,0.0
2024-08-19 13:15:00-04:00,10.675000190734863,10.680000305175781,10.675000190734863,10.680000305175781,1220,0.0,0.0
2024-08-19 13:20:00-04:00,10.680000305175781,10.680000305175781,10.680000305175781,10.680000305175781,632,0.0,0.0
2024-08-19 13:25:00-04:00,10.675000190734863,10.680000305175781,10.664999961853027,10.670000076293945,4098,0.0,0.0
2024-08-19 13:30:00-04:00,10.680000305175781,10.720000267028809,10.680000305175781,10.720000267028809,6439,0.0,0.0
2024-08-19 13:35:00-04:00,10.720000267028809,10.729999542236328,10.710000038146973,10.720000267028809,5596,0.0,0.0
2024-08-19 13:40:00-04:00,10.720000267028809,10.734999656677246,10.720000267028809,10.734999656677246,2855,0.0,0.0
2024-08-19 13:45:00-04:00,10.739999771118164,10.760000228881836,10.739999771118164,10.755000114440918,55419,0.0,0.0
2024-08-19 13:50:00-04:00,10.760000228881836,10.789999961853027,10.760000228881836,10.78499984741211,37451,0.0,0.0
2024-08-19 13:55:00-04:00,10.789999961853027,10.800000190734863,10.789999961853027,10.795000076293945,7846,0.0,0.0
2024-08-19 14:00:00-04:00,10.795000076293945,10.800000190734863,10.720100402832031,10.755000114440918,21835,0.0,0.0
2024-08-19 14:05:00-04:00,10.755000114440918,10.760000228881836,10.744999885559082,10.744999885559082,4952,0.0,0.0
2024-08-19 14:10:00-04:00,10.744999885559082,10.744999885559082,10.725000381469727,10.725000381469727,5299,0.0,0.0
2024-08-19 14:15:00-04:00,10.72130012512207,10.729999542236328,10.720000267028809,10.720000267028809,5547,0.0,0.0
2024-08-19 14:20:00-04:00,10.725000381469727,10.729999542236328,10.6850004196167,10.694999694824219,19009,0.0,0.0
2024-08-19 14:25:00-04:00,10.699999809265137,10.699999809265137,10.680000305175781,10.6899995803833,5877,0.0,0.0
2024-08-19 14:30:00-04:00,10.6899995803833,10.6899995803833,10.680000305175781,10.680000305175781,3894,0.0,0.0
2024-08-19 14:35:00-04:00,10.6850004196167,10.699999809265137,10.680000305175781,10.699999809265137,8781,0.0,0.0
2024-08-19 14:40:00-04:00,10.694999694824219,10.710000038146973,10.694999694824219,10.704999923706055,10164,0.0,0.0
2024-08-19 14:45:00-04:00,10.704999923706055,10.720000267028809,10.704999923706055,10.704999923706055,13228,0.0,0.0
2024-08-19 14:50:00-04:00,10.710000038146973,10.710000038146973,10.6899995803833,10.694999694824219,8689,0.0,0.0
2024-08-19 14:55:00-04:00,10.699999809265137,10.699999809265137,10.6899995803833,10.6899995803833,8309,0.0,0.0
2024-08-19 15:00:00-04:00,10.694999694824219,10.71500015258789,10.694999694824219,10.71500015258789,33650,0.0,0.0
2024-08-19 15:05:00-04:00,10.71500015258789,10.729999542236328,10.71500015258789,10.71500015258789,38775,0.0,0.0
2024-08-19 15:10:00-04:00,10.71500015258789,10.725000381469727,10.710000038146973,10.71500015258789,119900,0.0,0.0
2024-08-19 15:15:00-04:00,10.710000038146973,10.710000038146973,10.645000457763672,10.65999984741211,26146,0.0,0.0
2024-08-19 15:20:00-04:00,10.664999961853027,10.680000305175781,10.654999732971191,10.675000190734863,10060,0.0,0.0
2024-08-19 15:25:00-04:00,10.680000305175781,10.699999809265137,10.675000190734863,10.694999694824219,19651,0.0,0.0
2024-08-19 15:30:00-04:00,10.694999694824219,10.704999923706055,10.6899995803833,10.694999694824219,25131,0.0,0.0
2024-08-19 15:35:00-04:00,10.694999694824219,10.694999694824219,10.664999961853027,10.675000190734863,19079,0.0,0.0
2024-08-19 15:40:00-04:00,10.675000190734863,10.710000038146973,10.675000190734863,10.710000038146973,30115,0.0,0.0
2024-08-19 15:45:00-04:00,10.704999923706055,10.710000038146973,10.699999809265137,10.704999923706055,29410,0.0,0.0
2024-08-19 15:50:00-04:00,10.699999809265137,10.75,10.6899995803833,10.734999656677246,114180,0.0,0.0
2024-08-19 15:55:00-04:00,10.734999656677246,10.75,10.720000267028809,10.739999771118164,195843,0.0,0.0
2024-08-20 09:30:00-04:00,10.75,10.789999961853027,10.729999542236328,10.75,8016,0.0,0.0
2024-08-20 09:35:00-04:00,10.729999542236328,10.739999771118164,10.6899995803833,10.739999771118164,4153,0.0,0.0
2024-08-20 09:40:00-04:00,10.75,10.75,10.729999542236328,10.729999542236328,2081,0.0,0.0
2024-08-20 09:45:00-04:00,10.739999771118164,10.739999771118164,10.6899995803833,10.729999542236328,6100,0.0,0.0
2024-08-20 09:50:00-04:00,10.739999771118164,10.75,10.720000267028809,10.720000267028809,6304,0.0,0.0
2024-08-20 09:55:00-04:00,10.725000381469727,10.725000381469727,10.699999809265137,10.710000038146973,5014,0.0,0.0
2024-08-20 10:00:00-04:00,10.720000267028809,10.755000114440918,10.710000038146973,10.755000114440918,6046,0.0,0.0
2024-08-20 10:05:00-04:00,10.760000228881836,10.760000228881836,10.729999542236328,10.744999885559082,7358,0.0,0.0
2024-08-20 10:10:00-04:00,10.739999771118164,10.739999771118164,10.6850004196167,10.694999694824219,9540,0.0,0.0
2024-08-20 10:15:00-04:00,10.6899995803833,10.710000038146973,10.65999984741211,10.6899995803833,16748,0.0,0.0
2024-08-20 10:20:00-04:00,10.698800086975098,10.71500015258789,10.6899995803833,10.710000038146973,4358,0.0,0.0
2024-08-20 10:25:00-04:00,10.71500015258789,10.729999542236328,10.699999809265137,10.729999542236328,10094,0.0,0.0
2024-08-20 10:30:00-04:00,10.734999656677246,10.770000457763672,10.720000267028809,10.760000228881836,15639,0.0,0.0
2024-08-20 10:35:00-04:00,10.755000114440918,10.760000228881836,10.744999885559082,10.75,7408,0.0,0.0
2024-08-20 10:40:00-04:00,10.75,10.75,10.720000267028809,10.734999656677246,13468,0.0,0.0
2024-08-20 10:45:00-04:00,10.734999656677246,10.75,10.729999542236328,10.744999885559082,5612,0.0,0.0
2024-08-20 10:50:00-04:00,10.75,10.755000114440918,10.710000038146973,10.71500015258789,19410,0.0,0.0
2024-08-20 10:55:00-04:00,10.710000038146973,10.720000267028809,10.694999694824219,10.720000267028809,9259,0.0,0.0
2024-08-20 11:00:00-04:00,10.710000038146973,10.71500015258789,10.710000038146973,10.71500015258789,4324,0.0,0.0
2024-08-20 11:05:00-04:00,10.710000038146973,10.729999542236328,10.710000038146973,10.725000381469727,6163,0.0,0.0
2024-08-20 11:10:00-04:00,10.720000267028809,10.720000267028809,10.710000038146973,10.710000038146973,5409,0.0,0.0
2024-08-20 11:15:00-04:00,10.71500015258789,10.734999656677246,10.710000038146973,10.729999542236328,8412,0.0,0.0
2024-08-20 11:20:00-04:00,10.734999656677246,10.734999656677246,10.729999542236328,10.734999656677246,3497,0.0,0.0
2024-08-20 11:25:00-04:00,10.734999656677246,10.739999771118164,10.725000381469727,10.734999656677246,28088,0.0,0.0
2024-08-20 11:30:00-04:00,10.734999656677246,10.760000228881836,10.734999656677246,10.755000114440918,8458,0.0,0.0
2024-08-20 11:35:00-04:00,10.755000114440918,10.755000114440918,10.729999542236328,10.734999656677246,14545,0.0,0.0
2024-08-20 11:40:00-04:00,10.73009967803955,10.75,10.73009967803955,10.744999885559082,14734,0.0,0.0
2024-08-20 11:45:00-04:00,10.7475004196167,10.770000457763672,10.744999885559082,10.75,28957,0.0,0.0
2024-08-20 11:50:00-04:00,10.760000228881836,10.765000343322754,10.755000114440918,10.760000228881836,6663,0.0,0.0
2024-08-20 11:55:00-04:00,10.765000343322754,10.774999618530273,10.765000343322754,10.774999618530273,5377,0.0,0.0
2024-08-20 12:00:00-04:00,10.774999618530273,10.78499984741211,10.755000114440918,10.774999618530273,28704,0.0,0.0
2024-08-20 12:05:00-04:00,10.770000457763672,10.795000076293945,10.770000457763672,10.795000076293945,12003,0.0,0.0
2024-08-20 12:10:00-04:00,10.800000190734863,10.805000305175781,10.789999961853027,10.800000190734863,11786,0.0,0.0
2024-08-20 12:15:00-04:00,10.805000305175781,10.8100004196167,10.78499984741211,10.78499984741211,106303,0.0,0.0
2024-08-20 12:20:00-04:00,10.78499984741211,10.8149995803833,10.78499984741211,10.805000305175781,21127,0.0,0.0
2024-08-20 12:25:00-04:00,10.805000305175781,10.805000305175781,10.789999961853027,10.795000076293945,17195,0.0,0.0
2024-08-20 12:30:00-04:00,10.795000076293945,10.8100004196167,10.78499984741211,10.8100004196167,28146,0.0,0.0
2024-08-20 12:35:00-04:00,10.819999694824219,10.84000015258789,10.819999694824219,10.835000038146973,12180,0.0,0.0
2024-08-20 12:40:00-04:00,10.835000038146973,10.859999656677246,10.835000038146973,10.854999542236328,31837,0.0,0.0
2024-08-20 12:45:00-04:00,10.850000381469727,10.859999656677246,10.850000381469727,10.854999542236328,14733,0.0,0.0
2024-08-20 12:50:00-04:00,10.854999542236328,10.854999542236328,10.845000267028809,10.854999542236328,9901,0.0,0.0
2024-08-20 12:55:00-04:00,10.854999542236328,10.864999771118164,10.854999542236328,10.864999771118164,8613,0.0,0.0
2024-08-20 13:00:00-04:00,10.864999771118164,10.869999885559082,10.859999656677246,10.864999771118164,17356,0.0,0.0
2024-08-20 13:05:00-04:00,10.864999771118164,10.890000343322754,10.859999656677246,10.885000228881836,19053,0.0,0.0
2024-08-20 13:10:00-04:00,10.890000343322754,10.890000343322754,10.880000114440918,10.885000228881836,33636,0.0,0.0
2024-08-20 13:15:00-04:00,10.885000228881836,10.885000228881836,10.869999885559082,10.885000228881836,24696,0.0,0.0
2024-08-20 13:20:00-04:00,10.885000228881836,10.885000228881836,10.869999885559082,10.875,20136,0.0,0.0
2024-08-20 13:25:00-04:00,10.870699882507324,10.880000114440918,10.869999885559082,10.875,24491,0.0,0.0
2024-08-20 13:30:00-04:00,10.875,10.90999984741211,10.875,10.904999732971191,22001,0.0,0.0
2024-08-20 13:35:00-04:00,10.904999732971191,10.920000076293945,10.899999618530273,10.920000076293945,7617,0.0,0.0
2024-08-20 13:40:00-04:00,10.920000076293945,10.930000305175781,10.913999557495117,10.930000305175781,11268,0.0,0.0
2024-08-20 13:45:00-04:00,10.925000190734863,10.9399995803833,10.925000190734863,10.9350004196167,9856,0.0,0.0
2024-08-20 13:50:00-04:00,10.9399995803833,10.9399995803833,10.930000305175781,10.9399995803833,6048,0.0,0.0
2024-08-20 13:55:00-04:00,10.9350004196167,10.9399995803833,10.930000305175781,10.9350004196167,7855,0.0,0.0
2024-08-20 14:00:00-04:00,10.9350004196167,10.970000267028809,10.9350004196167,10.970000267028809,28744,0.0,0.0
2024-08-20 14:05:00-04:00,10.96500015258789,10.975000381469727,10.96500015258789,10.975000381469727,12021,0.0,0.0
2024-08-20 14:10:00-04:00,10.975000381469727,10.989999771118164,10.975000381469727,10.984999656677246,18854,0.0,0.0
2024-08-20 14:15:00-04:00,10.989999771118164,11.005000114440918,10.984999656677246,11.005000114440918,8473,0.0,0.0
2024-08-20 14:20:00-04:00,11.005000114440918,11.020000457763672,11.005000114440918,11.019499778747559,8086,0.0,0.0
2024-08-20 14:25:00-04:00,11.020000457763672,11.020000457763672,11.015000343322754,11.020000457763672,7223,0.0,0.0
2024-08-20 14:30:00-04:00,11.017999649047852,11.039999961853027,11.010000228881836,11.020000457763672,29159,0.0,0.0
2024-08-20 14:35:00-04:00,11.020000457763672,11.029999732971191,11.015000343322754,11.029999732971191,8834,0.0,0.0
2024-08-20 14:40:00-04:00,11.029999732971191,11.029999732971191,11.020000457763672,11.024999618530273,8744,0.0,0.0
2024-08-20 14:45:00-04:00,11.022500038146973,11.029999732971191,11.022500038146973,11.029999732971191,9563,0.0,0.0
2024-08-20 14:50:00-04:00,11.029999732971191,11.029999732971191,10.994999885559082,11.010000228881836,24438,0.0,0.0
2024-08-20 14:55:00-04:00,11.010000228881836,11.010000228881836,11.0,11.005000114440918,7176,0.0,0.0
2024-08-20 15:00:00-04:00,11.005000114440918,11.020000457763672,10.994999885559082,11.020000457763672,25081,0.0,0.0
2024-08-20 15:05:00-04:00,11.020000457763672,11.020000457763672,10.960000038146973,10.970000267028809,47633,0.0,0.0
2024-08-20 15:10:00-04:00,10.96500015258789,10.989999771118164,10.96500015258789,10.989999771118164,20207,0.0,0.0
2024-08-20 15:15:00-04:00,10.989999771118164,10.989999771118164,10.980199813842773,10.984999656677246,21067,0.0,0.0
2024-08-20 15:20:00-04:00,10.989999771118164,11.020000457763672,10.984999656677246,11.020000457763672,26106,0.0,0.0
2024-08-20 15:25:00-04:00,11.020000457763672,11.029999732971191,11.015000343322754,11.024999618530273,16458,0.0,0.0
2024-08-20 15:30:00-04:00,11.024999618530273,11.029999732971191,11.010000228881836,11.020000457763672,50563,0.0,0.0
2024-08-20 15:35:00-04:00,11.015000343322754,11.020000457763672,11.010000228881836,11.015000343322754,64819,0.0,0.0
2024-08-20 15:40:00-04:00,11.015000343322754,11.020000457763672,11.0,11.005000114440918,137182,0.0,0.0
2024-08-20 15:45:00-04:00,11.005000114440918,11.010000228881836,10.930000305175781,10.930000305175781,234103,0.0,0.0
2024-08-20 15:50:00-04:00,10.930000305175781,10.930000305175781,10.850000381469727,10.864999771118164,204259,0.0,0.0
2024-08-20 15:55:00-04:00,10.864999771118164,10.899999618530273,10.8100004196167,10.819999694824219,332276,0.0,0.0
2024-08-21 09:30:00-04:00,10.90999984741211,10.9399995803833,10.78499984741211,10.789999961853027,22341,0.0,0.0
2024-08-21 09:35:00-04:00,10.789999961853027,10.859999656677246,10.760000228881836,10.84000015258789,21632,0.0,0.0
2024-08-21 09:40:00-04:00,10.845000267028809,10.850000381469727,10.829999923706055,10.850000381469727,4938,0.0,0.0
2024-08-21 09:45:00-04:00,10.859999656677246,10.869999885559082,10.850000381469727,10.859999656677246,5278,0.0,0.0
2024-08-21 09:50:00-04:00,10.864999771118164,10.920000076293945,10.864999771118164,10.914999961853027,8663,0.0,0.0
2024-08-21 09:55:00-04:00,10.920000076293945,10.930000305175781,10.895000457763672,10.90999984741211,10574,0.0,0.0
2024-08-21 10:00:00-04:00,10.914999961853027,10.930000305175781,10.890000343322754,10.895000457763672,21243,0.0,0.0
2024-08-21 10:05:00-04:00,10.895000457763672,10.904999732971191,10.869999885559082,10.885000228881836,12766,0.0,0.0
2024-08-21 10:10:00-04:00,10.885000228881836,10.914999961853027,10.885000228881836,10.890000343322754,37410,0.0,0.0
2024-08-21 10:15:00-04:00,10.880000114440918,10.885000228881836,10.854999542236328,10.885000228881836,9806,0.0,0.0
2024-08-21 10:20:00-04:00,10.890000343322754,10.895000457763672,10.880000114440918,10.885000228881836,6625,0.0,0.0
2024-08-21 10:25:00-04:00,10.885000228881836,10.914999961853027,10.885000228881836,10.895000457763672,17534,0.0,0.0
2024-08-21 10:30:00-04:00,10.895000457763672,10.904999732971191,10.880000114440918,10.890000343322754,13690,0.0,0.0
2024-08-21 10:35:00-04:00,10.895000457763672,10.90999984741211,10.895000457763672,10.904999732971191,10745,0.0,0.0
2024-08-21 10:40:00-04:00,10.90999984741211,10.9399995803833,10.895000457763672,10.899999618530273,13182,0.0,0.0
2024-08-21 10:45:00-04:00,10.895000457763672,10.904999732971191,10.885000228881836,10.899999618530273,17029,0.0,0.0
2024-08-21 10:50:00-04:00,10.890000343322754,10.925000190734863,10.883199691772461,10.914999961853027,20841,0.0,0.0
2024-08-21 10:55:00-04:00,10.914999961853027,10.925000190734863,10.904999732971191,10.904999732971191,9583,0.0,0.0
2024-08-21 11:00:00-04:00,10.899999618530273,10.9399995803833,10.899999618530273,10.9350004196167,14285,0.0,0.0
2024-08-21 11:05:00-04:00,10.9350004196167,10.9399995803833,10.930000305175781,10.9350004196167,5485,0.0,0.0
2024-08-21 11:10:00-04:00,10.9350004196167,10.949999809265137,10.9350004196167,10.949999809265137,14159,0.0,0.0
2024-08-21 11:15:00-04:00,10.944999694824219,10.949999809265137,10.9399995803833,10.944999694824219,4281,0.0,0.0
2024-08-21 11:20:00-04:00,10.944999694824219,10.960000038146973,10.944999694824219,10.960000038146973,18695,0.0,0.0
2024-08-21 11:25:00-04:00,10.954999923706055,10.960000038146973,10.954999923706055,10.954999923706055,5910,0.0,0.0
2024-08-21 11:30:00-04:00,10.954999923706055,10.989999771118164,10.954999923706055,10.989999771118164,12655,0.0,0.0
2024-08-21 11:35:00-04:00,10.989999771118164,11.010000228881836,10.989999771118164,11.005000114440918,6375,0.0,0.0
2024-08-21 11:40:00-04:00,11.005000114440918,11.010000228881836,10.989999771118164,11.010000228881836,10824,0.0,0.0
2024-08-21 11:45:00-04:00,11.010000228881836,11.010000228881836,10.984999656677246,10.989999771118164,10587,0.0,0.0
2024-08-21 11:50:00-04:00,10.984999656677246,10.989999771118164,10.975000381469727,10.984999656677246,8469,0.0,0.0
2024-08-21 11:55:00-04:00,10.984999656677246,10.984999656677246,10.970000267028809,10.975000381469727,11033,0.0,0.0
2024-08-21 12:00:00-04:00,10.975000381469727,10.989999771118164,10.96500015258789,10.989999771118164,13866,0.0,0.0
2024-08-21 12:05:00-04:00,10.98799991607666,11.0,10.98799991607666,11.0,14487,0.0,0.0
2024-08-21 12:10:00-04:00,11.0,11.010000228881836,10.989999771118164,11.0,35278,0.0,0.0
2024-08-21 12:15:00-04:00,11.0,11.0,10.989999771118164,10.994999885559082,9419,0.0,0.0
2024-08-21 12:20:00-04:00,10.994999885559082,11.010000228881836,10.994999885559082,11.010000228881836,107512,0.0,0.0
2024-08-21 12:25:00-04:00,11.0,11.020000457763672,10.994999885559082,10.994999885559082,25818,0.0,0.0
2024-08-21 12:30:00-04:00,10.994999885559082,11.0,10.989999771118164,10.994999885559082,14784,0.0,0.0
2024-08-21 12:35:00-04:00,11.0,11.0,10.994999885559082,10.994999885559082,5279,0.0,0.0
2024-08-21 12:40:00-04:00,11.0,11.010000228881836,10.994999885559082,11.005000114440918,31899,0.0,0.0
2024-08-21 12:45:00-04:00,11.005000114440918,11.010000228881836,10.994999885559082,10.994999885559082,61402,0.0,0.0
2024-08-21 12:50:00-04:00,10.994999885559082,11.0,10.989999771118164,10.994999885559082,10581,0.0,0.0
2024-08-21 12:55:00-04:00,10.994999885559082,10.998000144958496,10.994999885559082,10.994999885559082,6736,0.0,0.0
2024-08-21 13:00:00-04:00,10.994999885559082,10.995100021362305,10.970000267028809,10.970000267028809,24176,0.0,0.0
2024-08-21 13:05:00-04:00,10.970000267028809,10.975000381469727,10.970000267028809,10.975000381469727,8622,0.0,0.0
2024-08-21 13:10:00-04:00,10.975000381469727,11.0,10.970000267028809,11.0,19837,0.0,0.0
2024-08-21 13:15:00-04:00,11.0,11.0,10.984999656677246,10.989999771118164,14429,0.0,0.0
2024-08-21 13:20:00-04:00,10.989999771118164,10.994999885559082,10.989999771118164,10.994999885559082,4981,0.0,0.0
2024-08-21 13:25:00-04:00,10.994999885559082,10.999899864196777,10.994000434875488,10.994999885559082,4438,0.0,0.0
2024-08-21 13:30:00-04:00,10.994999885559082,11.005000114440918,10.989999771118164,10.994999885559082,84030,0.0,0.0
2024-08-21 13:35:00-04:00,10.994999885559082,10.994999885559082,10.989999771118164,10.994999885559082,10605,0.0,0.0
2024-08-21 13:40:00-04:00,10.994999885559082,10.994999885559082,10.979999542236328,10.994999885559082,62008,0.0,0.0
2024-08-21 13:45:00-04:00,10.994999885559082,11.020000457763672,10.989999771118164,11.010000228881836,21242,0.0,0.0
2024-08-21 13:50:00-04:00,11.013999938964844,11.020000457763672,11.010000228881836,11.015000343322754,13887,0.0,0.0
2024-08-21 13:55:00-04:00,11.015000343322754,11.020000457763672,11.005000114440918,11.015000343322754,14213,0.0,0.0
2024-08-21 14:00:00-04:00,11.015000343322754,11.029999732971191,11.015000343322754,11.020000457763672,57820,0.0,0.0
2024-08-21 14:05:00-04:00,11.024999618530273,11.024999618530273,10.994000434875488,10.994999885559082,17258,0.0,0.0
2024-08-21 14:10:00-04:00,11.0,11.005000114440918,10.994999885559082,11.005000114440918,8424,0.0,0.0
2024-08-21 14:15:00-04:00,11.005000114440918,11.074999809265137,11.0,11.074999809265137,102205,0.0,0.0
2024-08-21 14:20:00-04:00,11.079999923706055,11.09000015258789,11.0649995803833,11.0649995803833,10399,0.0,0.0
2024-08-21 14:25:00-04:00,11.069999694824219,11.095000267028809,11.069999694824219,11.074999809265137,10242,0.0,0.0
2024-08-21 14:30:00-04:00,11.074999809265137,11.109999656677246,11.069999694824219,11.100000381469727,53207,0.0,0.0
2024-08-21 14:35:00-04:00,11.100000381469727,11.109999656677246,11.09000015258789,11.100000381469727,26108,0.0,0.0
2024-08-21 14:40:00-04:00,11.107500076293945,11.10949993133545,11.045000076293945,11.069999694824219,25181,0.0,0.0
2024-08-21 14:45:00-04:00,11.069999694824219,11.079999923706055,11.0649995803833,11.074999809265137,11030,0.0,0.0
2024-08-21 14:50:00-04:00,11.069999694824219,11.09000015258789,11.0600004196167,11.085000038146973,35322,0.0,0.0
2024-08-21 14:55:00-04:00,11.087900161743164,11.09000015258789,11.0649995803833,11.0649995803833,10662,0.0,0.0
2024-08-21 15:00:00-04:00,11.069999694824219,11.069999694824219,11.055000305175781,11.0649995803833,14117,0.0,0.0
2024-08-21 15:05:00-04:00,11.0649995803833,11.079999923706055,11.0649995803833,11.074999809265137,21141,0.0,0.0
2024-08-21 15:10:00-04:00,11.074999809265137,11.100000381469727,11.074999809265137,11.085000038146973,20837,0.0,0.0
2024-08-21 15:15:00-04:00,11.079999923706055,11.100000381469727,11.079999923706055,11.100000381469727,20457,0.0,0.0
2024-08-21 15:20:00-04:00,11.095000267028809,11.114999771118164,11.095000267028809,11.100000381469727,106238,0.0,0.0
2024-08-21 15:25:00-04:00,11.104999542236328,11.130000114440918,11.100000381469727,11.125,28153,0.0,0.0
2024-08-21 15:30:00-04:00,11.125,11.130000114440918,11.109999656677246,11.119999885559082,26274,0.0,0.0
2024-08-21 15:35:00-04:00,11.114999771118164,11.140000343322754,11.114999771118164,11.125,39932,0.0,0.0
2024-08-21 15:40:00-04:00,11.125,11.140000343322754,11.039999961853027,11.039999961853027,79107,0.0,0.0
2024-08-21 15:45:00-04:00,11.03499984741211,11.055000305175781,11.0,11.010000228881836,42189,0.0,0.0
2024-08-21 15:50:00-04:00,11.020000457763672,11.029999732971191,11.005000114440918,11.005000114440918,68738,0.0,0.0
2024-08-21 15:55:00-04:00,11.010000228881836,11.0600004196167,11.001799583435059,11.055000305175781,177108,0.0,0.0
2024-08-22 09:30:00-04:00,11.050000190734863,11.118000030517578,10.979999542236328,11.118000030517578,16598,0.0,0.0
2024-08-22 09:35:00-04:00,11.100000381469727,11.100000381469727,11.039999961853027,11.0600004196167,3285,0.0,0.0
2024-08-22 09:40:00-04:00,11.0600004196167,11.069999694824219,11.0600004196167,11.0600004196167,4807,0.0,0.0
2024-08-22 09:45:00-04:00,11.069999694824219,11.069999694824219,10.960000038146973,10.960000038146973,11971,0.0,0.0
2024-08-22 09:50:00-04:00,10.949999809265137,10.994999885559082,10.90999984741211,10.994999885559082,14857,0.0,0.0
2024-08-22 09:55:00-04:00,11.0,11.0,10.970000267028809,10.984999656677246,5540,0.0,0.0
2024-08-22 10:00:00-04:00,10.979999542236328,11.015000343322754,10.979999542236328,11.0,10720,0.0,0.0
2024-08-22 10:05:00-04:00,11.0,11.005000114440918,10.979999542236328,10.979999542236328,9181,0.0,0.0
2024-08-22 10:10:00-04:00,10.979999542236328,10.989999771118164,10.960000038146973,10.96500015258789,18628,0.0,0.0
2024-08-22 10:15:00-04:00,10.960000038146973,10.960000038146973,10.90999984741211,10.90999984741211,63435,0.0,0.0
2024-08-22 10:20:00-04:00,10.90999984741211,10.920000076293945,10.899999618530273,10.904999732971191,11192,0.0,0.0
2024-08-22 10:25:00-04:00,10.90999984741211,10.925000190734863,10.890000343322754,10.914999961853027,13431,0.0,0.0
2024-08-22 10:30:00-04:00,10.90999984741211,10.949999809265137,10.90999984741211,10.9399995803833,12050,0.0,0.0
2024-08-22 10:35:00-04:00,10.944999694824219,10.949999809265137,10.925000190734863,10.930000305175781,6474,0.0,0.0
2024-08-22 10:40:00-04:00,10.930000305175781,10.949999809265137,10.925000190734863,10.9399995803833,9374,0.0,0.0
2024-08-22 10:45:00-04:00,10.9399995803833,10.949999809265137,10.9399995803833,10.949999809265137,4373,0.0,0.0
2024-08-22 10:50:00-04:00,10.949999809265137,10.949999809265137,10.930000305175781,10.944999694824219,7094,0.0,0.0
2024-08-22 10:55:00-04:00,10.9399995803833,10.9399995803833,10.930000305175781,10.930000305175781,5462,0.0,0.0
2024-08-22 11:00:00-04:00,10.9350004196167,10.944999694824219,10.930000305175781,10.944999694824219,5258,0.0,0.0
2024-08-22 11:05:00-04:00,10.9399995803833,10.984999656677246,10.9399995803833,10.960000038146973,29470,0.0,0.0
2024-08-22 11:10:00-04:00,10.949999809265137,10.984999656677246,10.949999809265137,10.96500015258789,23435,0.0,0.0
2024-08-22 11:15:00-04:00,10.960000038146973,10.96500015258789,10.930000305175781,10.930000305175781,5192,0.0,0.0
2024-08-22 11:20:00-04:00,10.920000076293945,10.920000076293945,10.892000198364258,10.899999618530273,9496,0.0,0.0
2024-08-22 11:25:00-04:00,10.899999618530273,10.9399995803833,10.899999618530273,10.930000305175781,11144,0.0,0.0
2024-08-22 11:30:00-04:00,10.930000305175781,10.9350004196167,10.930000305175781,10.9350004196167,5528,0.0,0.0
2024-08-22 11:35:00-04:00,10.9399995803833,10.949999809265137,10.9399995803833,10.942500114440918,5177,0.0,0.0
2024-08-22 11:40:00-04:00,10.944999694824219,10.954999923706055,10.90999984741211,10.920000076293945,7650,0.0,0.0
2024-08-22 11:45:00-04:00,10.90999984741211,10.9350004196167,10.904999732971191,10.925000190734863,21763,0.0,0.0
2024-08-22 11:50:00-04:00,10.920000076293945,10.930000305175781,10.899999618530273,10.920000076293945,12506,0.0,0.0
2024-08-22 11:55:00-04:00,10.925000190734863,10.925000190734863,10.899999618530273,10.899999618530273,10130,0.0,0.0
2024-08-22 12:00:00-04:00,10.899999618530273,10.9350004196167,10.890000343322754,10.930000305175781,13919,0.0,0.0
2024-08-22 12:05:00-04:00,10.930000305175781,10.9350004196167,10.930000305175781,10.9350004196167,1481,0.0,0.0
2024-08-22 12:10:00-04:00,10.9399995803833,10.944000244140625,10.9350004196167,10.9350004196167,7838,0.0,0.0
2024-08-22 12:15:00-04:00,10.9399995803833,10.944999694824219,10.9399995803833,10.944999694824219,1976,0.0,0.0
2024-08-22 12:20:00-04:00,10.944999694824219,10.960000038146973,10.9399995803833,10.960000038146973,18064,0.0,0.0
2024-08-22 12:25:00-04:00,10.970000267028809,10.975000381469727,10.970000267028809,10.970000267028809,6112,0.0,0.0
2024-08-22 12:30:00-04:00,10.960000038146973,10.970000267028809,10.949999809265137,10.960000038146973,7268,0.0,0.0
2024-08-22 12:35:00-04:00,10.960000038146973,10.96500015258789,10.949999809265137,10.960000038146973,5886,0.0,0.0
2024-08-22 12:40:00-04:00,10.970000267028809,10.984999656677246,10.96500015258789,10.979999542236328,7971,0.0,0.0
2024-08-22 12:45:00-04:00,10.979999542236328,10.979999542236328,10.975000381469727,10.975000381469727,2419,0.0,0.0
2024-08-22 12:50:00-04:00,10.970000267028809,10.970000267028809,10.925000190734863,10.925000190734863,22673,0.0,0.0
2024-08-22 12:55:00-04:00,10.925000190734863,10.949999809265137,10.925000190734863,10.949999809265137,11389,0.0,0.0
2024-08-22 13:00:00-04:00,10.9399995803833,10.949999809265137,10.9375,10.944999694824219,10559,0.0,0.0
2024-08-22 13:05:00-04:00,10.9399995803833,10.954999923706055,10.9399995803833,10.954999923706055,3820,0.0,0.0
2024-08-22 13:10:00-04:00,10.949999809265137,10.96500015258789,10.944999694824219,10.954999923706055,5930,0.0,0.0
2024-08-22 13:15:00-04:00,10.949999809265137,10.949999809265137,10.9399995803833,10.944999694824219,1810,0.0,0.0
2024-08-22 13:20:00-04:00,10.944100379943848,10.944999694824219,10.899999618530273,10.904999732971191,58027,0.0,0.0
2024-08-22 13:25:00-04:00,10.904999732971191,10.90999984741211,10.890000343322754,10.90999984741211,10544,0.0,0.0
2024-08-22 13:30:00-04:00,10.90999984741211,10.90999984741211,10.890000343322754,10.899999618530273,11809,0.0,0.0
2024-08-22 13:35:00-04:00,10.890000343322754,10.904999732971191,10.885000228881836,10.899999618530273,7803,0.0,0.0
2024-08-22 13:40:00-04:00,10.890000343322754,10.899999618530273,10.890000343322754,10.890000343322754,5250,0.0,0.0
2024-08-22 13:45:00-04:00,10.890000343322754,10.890000343322754,10.859999656677246,10.864999771118164,12853,0.0,0.0
2024-08-22 13:50:00-04:00,10.864999771118164,10.880000114440918,10.864999771118164,10.869999885559082,7956,0.0,0.0
2024-08-22 13:55:00-04:00,10.869999885559082,10.890000343322754,10.859999656677246,10.875,27270,0.0,0.0
2024-08-22 14:00:00-04:00,10.875,10.875,10.859999656677246,10.859999656677246,11363,0.0,0.0
2024-08-22 14:05:00-04:00,10.864999771118164,10.887999534606934,10.859999656677246,10.887999534606934,10657,0.0,0.0
2024-08-22 14:10:00-04:00,10.890000343322754,10.890000343322754,10.845000267028809,10.880000114440918,20218,0.0,0.0
2024-08-22 14:15:00-04:00,10.876500129699707,10.890000343322754,10.869999885559082,10.890000343322754,4588,0.0,0.0
2024-08-22 14:20:00-04:00,10.890000343322754,10.890000343322754,10.875,10.875,5215,0.0,0.0
2024-08-22 14:25:00-04:00,10.880000114440918,10.890000343322754,10.880000114440918,10.890000343322754,7980,0.0,0.0
2024-08-22 14:30:00-04:00,10.890000343322754,10.895000457763672,10.880000114440918,10.895000457763672,6146,0.0,0.0
2024-08-22 14:35:00-04:00,10.895000457763672,10.895000457763672,10.885000228881836,10.890000343322754,5481,0.0,0.0
2024-08-22 14:40:00-04:00,10.895000457763672,10.914999961853027,10.895000457763672,10.904999732971191,12270,0.0,0.0
2024-08-22 14:45:00-04:00,10.904999732971191,10.920000076293945,10.899999618530273,10.914999961853027,9834,0.0,0.0
2024-08-22 14:50:00-04:00,10.914999961853027,10.920000076293945,10.880000114440918,10.885000228881836,9490,0.0,0.0
2024-08-22 14:55:00-04:00,10.880000114440918,10.90999984741211,10.875,10.890000343322754,28256,0.0,0.0
2024-08-22 15:00:00-04:00,10.890000343322754,10.904999732971191,10.890000343322754,10.895000457763672,8794,0.0,0.0
2024-08-22 15:05:00-04:00,10.890000343322754,10.899999618530273,10.890000343322754,10.890000343322754,6133,0.0,0.0
2024-08-22 15:10:00-04:00,10.890000343322754,10.899999618530273,10.890000343322754,10.899999618530273,7051,0.0,0.0
2024-08-22 15:15:00-04:00,10.899999618530273,10.90999984741211,10.890000343322754,10.895000457763672,11179,0.0,0.0
2024-08-22 15:20:00-04:00,10.895000457763672,10.904999732971191,10.875,10.904999732971191,19812,0.0,0.0
2024-08-22 15:25:00-04:00,10.899999618530273,10.90999984741211,10.895000457763672,10.904999732971191,9443,0.0,0.0
2024-08-22 15:30:00-04:00,10.899999618530273,10.904999732971191,10.895000457763672,10.895000457763672,10877,0.0,0.0
2024-08-22 15:35:00-04:00,10.895000457763672,10.90999984741211,10.895000457763672,10.904999732971191,9332,0.0,0.0
2024-08-22 15:40:00-04:00,10.899999618530273,10.899999618530273,10.880000114440918,10.885000228881836,22112,0.0,0.0
2024-08-22 15:45:00-04:00,10.885000228881836,10.9350004196167,10.880000114440918,10.9350004196167,42810,0.0,0.0
2024-08-22 15:50:00-04:00,10.9399995803833,10.960000038146973,10.880000114440918,10.885000228881836,77788,0.0,0.0
2024-08-22 15:55:00-04:00,10.885000228881836,10.920000076293945,10.869999885559082,10.920000076293945,186455,0.0,0.0
2024-08-23 09:30:00-04:00,11.010000228881836,11.0600004196167,10.920000076293945,10.920000076293945,13377,0.0,0.0
2024-08-23 09:35:00-04:00,11.020000457763672,11.050000190734863,11.020000457763672,11.050000190734863,2626,0.0,0.0
2024-08-23 09:40:00-04:00,11.039999961853027,11.100000381469727,11.039999961853027,11.079999923706055,4541,0.0,0.0
2024-08-23 09:45:00-04:00,11.09000015258789,11.09000015258789,11.0600004196167,11.0600004196167,3266,0.0,0.0
2024-08-23 09:50:00-04:00,11.0600004196167,11.0600004196167,10.960000038146973,10.970000267028809,8794,0.0,0.0
2024-08-23 09:55:00-04:00,10.979999542236328,10.979999542236328,10.960000038146973,10.960000038146973,2336,0.0,0.0
2024-08-23 10:00:00-04:00,10.954999923706055,11.050000190734863,10.954999923706055,11.029999732971191,18664,0.0,0.0
2024-08-23 10:05:00-04:00,11.039999961853027,11.0600004196167,11.024999618530273,11.0600004196167,10425,0.0,0.0
2024-08-23 10:10:00-04:00,11.069999694824219,11.125,11.069999694824219,11.119999885559082,14449,0.0,0.0
2024-08-23 10:15:00-04:00,11.119999885559082,11.119999885559082,11.039999961853027,11.045000076293945,7432,0.0,0.0
2024-08-23 10:20:00-04:00,11.0600004196167,11.09000015258789,11.0600004196167,11.09000015258789,9757,0.0,0.0
2024-08-23 10:25:00-04:00,11.09000015258789,11.119999885559082,11.085000038146973,11.119999885559082,5192,0.0,0.0
2024-08-23 10:30:00-04:00,11.140000343322754,11.15999984741211,11.140000343322754,11.149999618530273,7566,0.0,0.0
2024-08-23 10:35:00-04:00,11.135000228881836,11.15999984741211,11.135000228881836,11.149999618530273,6646,0.0,0.0
2024-08-23 10:40:00-04:00,11.149999618530273,11.1850004196167,11.135000228881836,11.180000305175781,11599,0.0,0.0
2024-08-23 10:45:00-04:00,11.1899995803833,11.194999694824219,11.140000343322754,11.15999984741211,13564,0.0,0.0
2024-08-23 10:50:00-04:00,11.164999961853027,11.180000305175781,11.135000228881836,11.15999984741211,6949,0.0,0.0
2024-08-23 10:55:00-04:00,11.164999961853027,11.1850004196167,11.164999961853027,11.180000305175781,8497,0.0,0.0
2024-08-23 11:00:00-04:00,11.1850004196167,11.1850004196167,11.15999984741211,11.164999961853027,7184,0.0,0.0
2024-08-23 11:05:00-04:00,11.170000076293945,11.210200309753418,11.170000076293945,11.210200309753418,15307,0.0,0.0
2024-08-23 11:10:00-04:00,11.199999809265137,11.225000381469727,11.194999694824219,11.225000381469727,5808,0.0,0.0
2024-08-23 11:15:00-04:00,11.225000381469727,11.244999885559082,11.225000381469727,11.239999771118164,3778,0.0,0.0
2024-08-23 11:20:00-04:00,11.244999885559082,11.244999885559082,11.239999771118164,11.244999885559082,5461,0.0,0.0
2024-08-23 11:25:00-04:00,11.244999885559082,11.255000114440918,11.234999656677246,11.25,9596,0.0,0.0
2024-08-23 11:30:00-04:00,11.244999885559082,11.255000114440918,11.239999771118164,11.255000114440918,6284,0.0,0.0
2024-08-23 11:35:00-04:00,11.255000114440918,11.274999618530273,11.255000114440918,11.270000457763672,6993,0.0,0.0
2024-08-23 11:40:00-04:00,11.270000457763672,11.274999618530273,11.255000114440918,11.255000114440918,7505,0.0,0.0
2024-08-23 11:45:00-04:00,11.25,11.255000114440918,11.234999656677246,11.255000114440918,7171,0.0,0.0
2024-08-23 11:50:00-04:00,11.25,11.255000114440918,11.239999771118164,11.239999771118164,4669,0.0,0.0
2024-08-23 11:55:00-04:00,11.239999771118164,11.244999885559082,11.225000381469727,11.229999542236328,5721,0.0,0.0
2024-08-23 12:00:00-04:00,11.220000267028809,11.220000267028809,11.184700012207031,11.210000038146973,17675,0.0,0.0
2024-08-23 12:05:00-04:00,11.210000038146973,11.220000267028809,11.199999809265137,11.21500015258789,8083,0.0,0.0
2024-08-23 12:10:00-04:00,11.220000267028809,11.225000381469727,11.204999923706055,11.204999923706055,10287,0.0,0.0
2024-08-23 12:15:00-04:00,11.210000038146973,11.21500015258789,11.180000305175781,11.194999694824219,11403,0.0,0.0
2024-08-23 12:20:00-04:00,11.199999809265137,11.199999809265137,11.175000190734863,11.1850004196167,6803,0.0,0.0
2024-08-23 12:25:00-04:00,11.180000305175781,11.1899995803833,11.180000305175781,11.1899995803833,6733,0.0,0.0
2024-08-23 12:30:00-04:00,11.1899995803833,11.210000038146973,11.1899995803833,11.210000038146973,6359,0.0,0.0
2024-08-23 12:35:00-04:00,11.220000267028809,11.225000381469727,11.204999923706055,11.204999923706055,6227,0.0,0.0
2024-08-23 12:40:00-04:00,11.204999923706055,11.204999923706055,11.15999984741211,11.170000076293945,5806,0.0,0.0
2024-08-23 12:45:00-04:00,11.170000076293945,11.170000076293945,11.149999618530273,11.164999961853027,6447,0.0,0.0
2024-08-23 12:50:00-04:00,11.166000366210938,11.1850004196167,11.15999984741211,11.170000076293945,10446,0.0,0.0
2024-08-23 12:55:00-04:00,11.180000305175781,11.199999809265137,11.180000305175781,11.1899995803833,6009,0.0,0.0
2024-08-23 13:00:00-04:00,11.1899995803833,11.199999809265137,11.1850004196167,11.1850004196167,9996,0.0,0.0
2024-08-23 13:05:00-04:00,11.1850004196167,11.1850004196167,11.170000076293945,11.175000190734863,3284,0.0,0.0
2024-08-23 13:10:00-04:00,11.170000076293945,11.175000190734863,11.15999984741211,11.164999961853027,4744,0.0,0.0
2024-08-23 13:15:00-04:00,11.170000076293945,11.180000305175781,11.164999961853027,11.164999961853027,9102,0.0,0.0
2024-08-23 13:20:00-04:00,11.164999961853027,11.164999961853027,11.15999984741211,11.164999961853027,3351,0.0,0.0
2024-08-23 13:25:00-04:00,11.164999961853027,11.175000190734863,11.154999732971191,11.175000190734863,7151,0.0,0.0
2024-08-23 13:30:00-04:00,11.170000076293945,11.1899995803833,11.170000076293945,11.1850004196167,7191,0.0,0.0
2024-08-23 13:35:00-04:00,11.180000305175781,11.1850004196167,11.170000076293945,11.175000190734863,5818,0.0,0.0
2024-08-23 13:40:00-04:00,11.175000190734863,11.175000190734863,11.175000190734863,11.175000190734863,1843,0.0,0.0
2024-08-23 13:45:00-04:00,11.175000190734863,11.189200401306152,11.175000190734863,11.1850004196167,7436,0.0,0.0
2024-08-23 13:50:00-04:00,11.1850004196167,11.1850004196167,11.180000305175781,11.1850004196167,2490,0.0,0.0
2024-08-23 13:55:00-04:00,11.1850004196167,11.1850004196167,11.180000305175781,11.1850004196167,2385,0.0,0.0
2024-08-23 14:00:00-04:00,11.180000305175781,11.1899995803833,11.180000305175781,11.1899995803833,5303,0.0,0.0
2024-08-23 14:05:00-04:00,11.194999694824219,11.194999694824219,11.1850004196167,11.1899995803833,8282,0.0,0.0
2024-08-23 14:10:00-04:00,11.194999694824219,11.204999923706055,11.1899995803833,11.204999923706055,3167,0.0,0.0
2024-08-23 14:15:00-04:00,11.199999809265137,11.199999809265137,11.180000305175781,11.1850004196167,6402,0.0,0.0
2024-08-23 14:20:00-04:00,11.180000305175781,11.1850004196167,11.154999732971191,11.170000076293945,12275,0.0,0.0
2024-08-23 14:25:00-04:00,11.170000076293945,11.1850004196167,11.170000076293945,11.1850004196167,3761,0.0,0.0
2024-08-23 14:30:00-04:00,11.180000305175781,11.1850004196167,11.170000076293945,11.170000076293945,6051,0.0,0.0
2024-08-23 14:35:00-04:00,11.175000190734863,11.175000190734863,11.170000076293945,11.175000190734863,2278,0.0,0.0
2024-08-23 14:40:00-04:00,11.175000190734863,11.1850004196167,11.170000076293945,11.175000190734863,12712,0.0,0.0
2024-08-23 14:45:00-04:00,11.175000190734863,11.175000190734863,11.164999961853027,11.175000190734863,8694,0.0,0.0
2024-08-23 14:50:00-04:00,11.170000076293945,11.175000190734863,11.164999961853027,11.170000076293945,7682,0.0,0.0
2024-08-23 14:55:00-04:00,11.175000190734863,11.175000190734863,11.145000457763672,11.15999984741211,18926,0.0,0.0
2024-08-23 15:00:00-04:00,11.164999961853027,11.170000076293945,11.149999618530273,11.154999732971191,9184,0.0,0.0
2024-08-23 15:05:00-04:00,11.15999984741211,11.15999984741211,11.149999618530273,11.154999732971191,9232,0.0,0.0
2024-08-23 15:10:00-04:00,11.154999732971191,11.1850004196167,11.154999732971191,11.1850004196167,9651,0.0,0.0
2024-08-23 15:15:00-04:00,11.1850004196167,11.1850004196167,11.175000190734863,11.1850004196167,9315,0.0,0.0
2024-08-23 15:20:00-04:00,11.1850004196167,11.194999694824219,11.180000305175781,11.194999694824219,16506,0.0,0.0
2024-08-23 15:25:00-04:00,11.194999694824219,11.199999809265137,11.170000076293945,11.175000190734863,12941,0.0,0.0
2024-08-23 15:30:00-04:00,11.175000190734863,11.1899995803833,11.154999732971191,11.1850004196167,28765,0.0,0.0
2024-08-23 15:35:00-04:00,11.1850004196167,11.21500015258789,11.180000305175781,11.210000038146973,19469,0.0,0.0
2024-08-23 15:40:00-04:00,11.21500015258789,11.225000381469727,11.210000038146973,11.21500015258789,17461,0.0,0.0
2024-08-23 15:45:00-04:00,11.220000267028809,11.260000228881836,11.212499618530273,11.260000228881836,32401,0.0,0.0
2024-08-23 15:50:00-04:00,11.260000228881836,11.279999732971191,11.244999885559082,11.255000114440918,89167,0.0,0.0
2024-08-23 15:55:00-04:00,11.255000114440918,11.270000457763672,11.25,11.265000343322754,173134,0.0,0.0
2024-08-26 09:30:00-04:00,11.399999618530273,11.399999618530273,11.3100004196167,11.3100004196167,9451,0.0,0.0
2024-08-26 09:35:00-04:00,11.369999885559082,11.390000343322754,11.3100004196167,11.385000228881836,4983,0.0,0.0
2024-08-26 09:40:00-04:00,11.369999885559082,11.369999885559082,11.270000457763672,11.279999732971191,7475,0.0,0.0
2024-08-26 09:45:00-04:00,11.289999961853027,11.3100004196167,11.289999961853027,11.300000190734863,9298,0.0,0.0
2024-08-26 09:50:00-04:00,11.300000190734863,11.34000015258789,11.300000190734863,11.319999694824219,9932,0.0,0.0
2024-08-26 09:55:00-04:00,11.3100004196167,11.329999923706055,11.289999961853027,11.319999694824219,5032,0.0,0.0
2024-08-26 10:00:00-04:00,11.319999694824219,11.354999542236328,11.3100004196167,11.354999542236328,20032,0.0,0.0
2024-08-26 10:05:00-04:00,11.359999656677246,11.40999984741211,11.354999542236328,11.40999984741211,9243,0.0,0.0
2024-08-26 10:10:00-04:00,11.420000076293945,11.430000305175781,11.40999984741211,11.425000190734863,6629,0.0,0.0
2024-08-26 10:15:00-04:00,11.420000076293945,11.444999694824219,11.380000114440918,11.390000343322754,6269,0.0,0.0
2024-08-26 10:20:00-04:00,11.380000114440918,11.380000114440918,11.359999656677246,11.369999885559082,4242,0.0,0.0
2024-08-26 10:25:00-04:00,11.380000114440918,11.414999961853027,11.380000114440918,11.414999961853027,6677,0.0,0.0
2024-08-26 10:30:00-04:00,11.414999961853027,11.420000076293945,11.404999732971191,11.40999984741211,7386,0.0,0.0
2024-08-26 10:35:00-04:00,11.399999618530273,11.404999732971191,11.375,11.375,5135,0.0,0.0
2024-08-26 10:40:00-04:00,11.375,11.390000343322754,11.369999885559082,11.369999885559082,12348,0.0,0.0
2024-08-26 10:45:00-04:00,11.380000114440918,11.395000457763672,11.380000114440918,11.380000114440918,6071,0.0,0.0
2024-08-26 10:50:00-04:00,11.385000228881836,11.390000343322754,11.369999885559082,11.390000343322754,7425,0.0,0.0
2024-08-26 10:55:00-04:00,11.390000343322754,11.390000343322754,11.34000015258789,11.366000175476074,10799,0.0,0.0
2024-08-26 11:00:00-04:00,11.364999771118164,11.385000228881836,11.364999771118164,11.380000114440918,4824,0.0,0.0
2024-08-26 11:05:00-04:00,11.385000228881836,11.385000228881836,11.354999542236328,11.354999542236328,6794,0.0,0.0
2024-08-26 11:10:00-04:00,11.354999542236328,11.35890007019043,11.345000267028809,11.354999542236328,9242,0.0,0.0
2024-08-26 11:15:00-04:00,11.354999542236328,11.364999771118164,11.345000267028809,11.350000381469727,13872,0.0,0.0
2024-08-26 11:20:00-04:00,11.359999656677246,11.359999656677246,11.329999923706055,11.329999923706055,4677,0.0,0.0
2024-08-26 11:25:00-04:00,11.331999778747559,11.332500457763672,11.3149995803833,11.332500457763672,7264,0.0,0.0
2024-08-26 11:30:00-04:00,11.329999923706055,11.329999923706055,11.305000305175781,11.3100004196167,10695,0.0,0.0
2024-08-26 11:35:00-04:00,11.305000305175781,11.305000305175781,11.295000076293945,11.305000305175781,7776,0.0,0.0
2024-08-26 11:40:00-04:00,11.3100004196167,11.324999809265137,11.300000190734863,11.319999694824219,10953,0.0,0.0
2024-08-26 11:45:00-04:00,11.324999809265137,11.324999809265137,11.3100004196167,11.3100004196167,13621,0.0,0.0
2024-08-26 11:50:00-04:00,11.3100004196167,11.324999809265137,11.3100004196167,11.324999809265137,12598,0.0,0.0
2024-08-26 11:55:00-04:00,11.324999809265137,11.329999923706055,11.3149995803833,11.319999694824219,11784,0.0,0.0
2024-08-26 12:00:00-04:00,11.324999809265137,11.329999923706055,11.319999694824219,11.329999923706055,3829,0.0,0.0
2024-08-26 12:05:00-04:00,11.319999694824219,11.319999694824219,11.274999618530273,11.295000076293945,21154,0.0,0.0
2024-08-26 12:10:00-04:00,11.300000190734863,11.348999977111816,11.295000076293945,11.345000267028809,10436,0.0,0.0
2024-08-26 12:15:00-04:00,11.345000267028809,11.368900299072266,11.345000267028809,11.368900299072266,3898,0.0,0.0
2024-08-26 12:20:00-04:00,11.364999771118164,11.369999885559082,11.364999771118164,11.364999771118164,4769,0.0,0.0
2024-08-26 12:25:00-04:00,11.364999771118164,11.369999885559082,11.359999656677246,11.364999771118164,7829,0.0,0.0
2024-08-26 12:30:00-04:00,11.369999885559082,11.369999885559082,11.364999771118164,11.364999771118164,6016,0.0,0.0
2024-08-26 12:35:00-04:00,11.364999771118164,11.395000457763672,11.354999542236328,11.395000457763672,26563,0.0,0.0
2024-08-26 12:40:00-04:00,11.395000457763672,11.404999732971191,11.395000457763672,11.395000457763672,8608,0.0,0.0
2024-08-26 12:45:00-04:00,11.399999618530273,11.40999984741211,11.399999618530273,11.400099754333496,8623,0.0,0.0
2024-08-26 12:50:00-04:00,11.404999732971191,11.420000076293945,11.399999618530273,11.420000076293945,5435,0.0,0.0
2024-08-26 12:55:00-04:00,11.420000076293945,11.454999923706055,11.420000076293945,11.454999923706055,13426,0.0,0.0
2024-08-26 13:00:00-04:00,11.454999923706055,11.46500015258789,11.449999809265137,11.46500015258789,15516,0.0,0.0
2024-08-26 13:05:00-04:00,11.46500015258789,11.46500015258789,11.4399995803833,11.444999694824219,15880,0.0,0.0
2024-08-26 13:10:00-04:00,11.444999694824219,11.448800086975098,11.4399995803833,11.444999694824219,4453,0.0,0.0
2024-08-26 13:15:00-04:00,11.444999694824219,11.449999809265137,11.4399995803833,11.444999694824219,12571,0.0,0.0
2024-08-26 13:20:00-04:00,11.444999694824219,11.444999694824219,11.4399995803833,11.444999694824219,3932,0.0,0.0
2024-08-26 13:25:00-04:00,11.444999694824219,11.449999809265137,11.4399995803833,11.444999694824219,10368,0.0,0.0
2024-08-26 13:30:00-04:00,11.444999694824219,11.444999694824219,11.444999694824219,11.444999694824219,3232,0.0,0.0
2024-08-26 13:35:00-04:00,11.449999809265137,11.449999809265137,11.399999618530273,11.399999618530273,26204,0.0,0.0
2024-08-26 13:40:00-04:00,11.404999732971191,11.420000076293945,11.404999732971191,11.414999961853027,7589,0.0,0.0
2024-08-26 13:45:00-04:00,11.40999984741211,11.40999984741211,11.385000228881836,11.399999618530273,19271,0.0,0.0
2024-08-26 13:50:00-04:00,11.395000457763672,11.395000457763672,11.380000114440918,11.380000114440918,6560,0.0,0.0
2024-08-26 13:55:00-04:00,11.385000228881836,11.395000457763672,11.380000114440918,11.395000457763672,11289,0.0,0.0
2024-08-26 14:00:00-04:00,11.395000457763672,11.395000457763672,11.395000457763672,11.395000457763672,2523,0.0,0.0
2024-08-26 14:05:00-04:00,11.395000457763672,11.399999618530273,11.390000343322754,11.395000457763672,11096,0.0,0.0
2024-08-26 14:10:00-04:00,11.395000457763672,11.430000305175781,11.395000457763672,11.430000305175781,13662,0.0,0.0
2024-08-26 14:15:00-04:00,11.425000190734863,11.4399995803833,11.420000076293945,11.4399995803833,8477,0.0,0.0
2024-08-26 14:20:00-04:00,11.4399995803833,11.4399995803833,11.430000305175781,11.4399995803833,7202,0.0,0.0
2024-08-26 14:25:00-04:00,11.432499885559082,11.4399995803833,11.432499885559082,11.4350004196167,4614,0.0,0.0
2024-08-26 14:30:00-04:00,11.4350004196167,11.470000267028809,11.4350004196167,11.46500015258789,15016,0.0,0.0
2024-08-26 14:35:00-04:00,11.470000267028809,11.489999771118164,11.444999694824219,11.444999694824219,26018,0.0,0.0
2024-08-26 14:40:00-04:00,11.444999694824219,11.449999809265137,11.4399995803833,11.4399995803833,5140,0.0,0.0
2024-08-26 14:45:00-04:00,11.4399995803833,11.444999694824219,11.425000190734863,11.425000190734863,19090,0.0,0.0
2024-08-26 14:50:00-04:00,11.420000076293945,11.420000076293945,11.40999984741211,11.414999961853027,8565,0.0,0.0
2024-08-26 14:55:00-04:00,11.411999702453613,11.4350004196167,11.40999984741211,11.4350004196167,17801,0.0,0.0
2024-08-26 15:00:00-04:00,11.4350004196167,11.4399995803833,11.399999618530273,11.404999732971191,19870,0.0,0.0
2024-08-26 15:05:00-04:00,11.399999618530273,11.420000076293945,11.395000457763672,11.414999961853027,18626,0.0,0.0
2024-08-26 15:10:00-04:00,11.414999961853027,11.46500015258789,11.414999961853027,11.449999809265137,20914,0.0,0.0
2024-08-26 15:15:00-04:00,11.454999923706055,11.454999923706055,11.430000305175781,11.430000305175781,28408,0.0,0.0
2024-08-26 15:20:00-04:00,11.4350004196167,11.4350004196167,11.40999984741211,11.414999961853027,11865,0.0,0.0
2024-08-26 15:25:00-04:00,11.414999961853027,11.420000076293945,11.410099983215332,11.414999961853027,8884,0.0,0.0
2024-08-26 15:30:00-04:00,11.414999961853027,11.430000305175781,11.40999984741211,11.425000190734863,55599,0.0,0.0
2024-08-26 15:35:00-04:00,11.425000190734863,11.4350004196167,11.420000076293945,11.420000076293945,35337,0.0,0.0
2024-08-26 15:40:00-04:00,11.420000076293945,11.430000305175781,11.420000076293945,11.425000190734863,29076,0.0,0.0
2024-08-26 15:45:00-04:00,11.425000190734863,11.430000305175781,11.40999984741211,11.420000076293945,43053,0.0,0.0
2024-08-26 15:50:00-04:00,11.420000076293945,11.430000305175781,11.359999656677246,11.364999771118164,91584,0.0,0.0
2024-08-26 15:55:00-04:00,11.369999885559082,11.375,11.350000381469727,11.369999885559082,253136,0.0,0.0
2024-08-27 09:30:00-04:00,11.289999961853027,11.329999923706055,11.270000457763672,11.270000457763672,7273,0.0,0.0
2024-08-27 09:35:00-04:00,11.270000457763672,11.270000457763672,11.270000457763672,11.270000457763672,349,0.0,0.0
2024-08-27 09:40:00-04:00,11.270000457763672,11.289999961853027,11.250100135803223,11.289999961853027,13708,0.0,0.0
2024-08-27 09:45:00-04:00,11.289999961853027,11.3100004196167,11.289999961853027,11.300000190734863,12139,0.0,0.0
2024-08-27 09:50:00-04:00,11.319999694824219,11.319999694824219,11.279999732971191,11.305000305175781,5618,0.0,0.0
2024-08-27 09:55:00-04:00,11.302499771118164,11.3100004196167,11.259900093078613,11.260000228881836,4798,0.0,0.0
2024-08-27 10:00:00-04:00,11.260000228881836,11.289999961853027,11.260000228881836,11.28499984741211,10909,0.0,0.0
2024-08-27 10:05:00-04:00,11.28499984741211,11.28499984741211,11.244999885559082,11.244999885559082,7875,0.0,0.0
2024-08-27 10:10:00-04:00,11.244999885559082,11.244999885559082,11.210000038146973,11.229999542236328,12400,0.0,0.0
2024-08-27 10:15:00-04:00,11.229999542236328,11.234999656677246,11.170000076293945,11.180000305175781,8312,0.0,0.0
2024-08-27 10:20:00-04:00,11.180000305175781,11.204999923706055,11.175000190734863,11.204999923706055,9378,0.0,0.0
2024-08-27 10:25:00-04:00,11.199999809265137,11.21500015258789,11.175000190734863,11.21500015258789,14199,0.0,0.0
2024-08-27 10:30:00-04:00,11.220000267028809,11.25,11.21500015258789,11.234999656677246,11672,0.0,0.0
2024-08-27 10:35:00-04:00,11.234999656677246,11.239999771118164,11.225000381469727,11.225000381469727,6238,0.0,0.0
2024-08-27 10:40:00-04:00,11.220000267028809,11.265000343322754,11.21500015258789,11.25,11313,0.0,0.0
2024-08-27 10:45:00-04:00,11.25,11.260000228881836,11.244999885559082,11.255000114440918,29517,0.0,0.0
2024-08-27 10:50:00-04:00,11.25,11.255000114440918,11.239999771118164,11.25,13704,0.0,0.0
2024-08-27 10:55:00-04:00,11.260000228881836,11.265000343322754,11.239999771118164,11.25,8303,0.0,0.0
2024-08-27 11:00:00-04:00,11.244999885559082,11.25,11.229999542236328,11.234999656677246,5533,0.0,0.0
2024-08-27 11:05:00-04:00,11.234999656677246,11.239999771118164,11.210000038146973,11.21500015258789,10588,0.0,0.0
2024-08-27 11:10:00-04:00,11.21500015258789,11.225000381469727,11.204999923706055,11.21500015258789,7755,0.0,0.0
2024-08-27 11:15:00-04:00,11.210000038146973,11.21500015258789,11.170000076293945,11.1850004196167,9377,0.0,0.0
2024-08-27 11:20:00-04:00,11.1850004196167,11.199999809265137,11.1850004196167,11.1850004196167,10623,0.0,0.0
2024-08-27 11:25:00-04:00,11.1850004196167,11.1850004196167,11.135000228881836,11.154999732971191,22840,0.0,0.0
2024-08-27 11:30:00-04:00,11.149999618530273,11.154999732971191,11.109999656677246,11.140000343322754,11985,0.0,0.0
2024-08-27 11:35:00-04:00,11.145000457763672,11.164999961853027,11.135000228881836,11.164999961853027,11160,0.0,0.0
2024-08-27 11:40:00-04:00,11.149999618530273,11.154999732971191,11.145000457763672,11.149999618530273,6238,0.0,0.0
2024-08-27 11:45:00-04:00,11.154999732971191,11.154999732971191,11.135000228881836,11.140000343322754,14483,0.0,0.0
2024-08-27 11:50:00-04:00,11.140000343322754,11.145000457763672,11.104999542236328,11.125,28175,0.0,0.0
2024-08-27 11:55:00-04:00,11.125,11.130000114440918,11.119999885559082,11.130000114440918,7182,0.0,0.0
2024-08-27 12:00:00-04:00,11.140000343322754,11.149900436401367,11.135000228881836,11.140000343322754,10425,0.0,0.0
2024-08-27 12:05:00-04:00,11.145000457763672,11.145000457763672,11.114999771118164,11.130000114440918,9936,0.0,0.0
2024-08-27 12:10:00-04:00,11.130000114440918,11.149999618530273,11.130000114440918,11.145000457763672,23959,0.0,0.0
2024-08-27 12:15:00-04:00,11.140000343322754,11.145000457763672,11.130000114440918,11.145000457763672,21862,0.0,0.0
2024-08-27 12:20:00-04:00,11.140000343322754,11.140000343322754,11.114999771118164,11.125,24156,0.0,0.0
2024-08-27 12:25:00-04:00,11.119999885559082,11.125,11.079999923706055,11.100000381469727,17647,0.0,0.0
2024-08-27 12:30:00-04:00,11.09000015258789,11.104999542236328,11.09000015258789,11.095000267028809,11730,0.0,0.0
2024-08-27 12:35:00-04:00,11.100000381469727,11.100000381469727,11.069999694824219,11.079999923706055,13458,0.0,0.0
2024-08-27 12:40:00-04:00,11.079999923706055,11.079999923706055,11.0600004196167,11.069999694824219,13076,0.0,0.0
2024-08-27 12:45:00-04:00,11.0649995803833,11.079999923706055,11.0600004196167,11.074999809265137,20264,0.0,0.0
2024-08-27 12:50:00-04:00,11.074999809265137,11.079999923706055,11.0649995803833,11.0649995803833,8514,0.0,0.0
2024-08-27 12:55:00-04:00,11.0649995803833,11.0649995803833,11.029999732971191,11.039999961853027,11395,0.0,0.0
2024-08-27 13:00:00-04:00,11.03499984741211,11.0600004196167,11.03499984741211,11.045000076293945,14754,0.0,0.0
2024-08-27 13:05:00-04:00,11.045000076293945,11.050000190734863,11.03339958190918,11.03499984741211,10225,0.0,0.0
2024-08-27 13:10:00-04:00,11.03499984741211,11.039999961853027,11.029999732971191,11.029999732971191,10868,0.0,0.0
2024-08-27 13:15:00-04:00,11.029999732971191,11.03499984741211,11.015000343322754,11.015000343322754,10660,0.0,0.0
2024-08-27 13:20:00-04:00,11.015000343322754,11.024999618530273,11.0,11.005000114440918,13087,0.0,0.0
2024-08-27 13:25:00-04:00,11.010000228881836,11.02970027923584,11.005000114440918,11.024999618530273,8728,0.0,0.0
2024-08-27 13:30:00-04:00,11.024999618530273,11.045000076293945,11.024999618530273,11.045000076293945,12797,0.0,0.0
2024-08-27 13:35:00-04:00,11.045000076293945,11.050000190734863,11.03499984741211,11.050000190734863,20342,0.0,0.0
2024-08-27 13:40:00-04:00,11.055000305175781,11.0649995803833,11.050000190734863,11.0649995803833,5514,0.0,0.0
2024-08-27 13:45:00-04:00,11.0649995803833,11.069999694824219,11.050000190734863,11.050000190734863,17238,0.0,0.0
2024-08-27 13:50:00-04:00,11.050000190734863,11.055000305175781,11.045000076293945,11.045000076293945,12165,0.0,0.0
2024-08-27 13:55:00-04:00,11.050000190734863,11.0600004196167,11.03499984741211,11.055000305175781,16474,0.0,0.0
2024-08-27 14:00:00-04:00,11.055000305175781,11.0649995803833,11.050000190734863,11.050000190734863,11560,0.0,0.0
2024-08-27 14:05:00-04:00,11.050000190734863,11.0600004196167,11.045000076293945,11.055000305175781,8784,0.0,0.0
2024-08-27 14:10:00-04:00,11.055000305175781,11.069999694824219,11.050000190734863,11.055000305175781,15206,0.0,0.0
2024-08-27 14:15:00-04:00,11.050000190734863,11.0600004196167,11.045000076293945,11.055000305175781,16199,0.0,0.0
2024-08-27 14:20:00-04:00,11.055000305175781,11.0649995803833,11.055000305175781,11.0649995803833,9258,0.0,0.0
2024-08-27 14:25:00-04:00,11.0649995803833,11.095000267028809,11.0649995803833,11.079999923706055,17088,0.0,0.0
2024-08-27 14:30:00-04:00,11.079999923706055,11.079999923706055,11.0,11.010000228881836,30779,0.0,0.0
2024-08-27 14:35:00-04:00,11.015000343322754,11.020000457763672,11.010000228881836,11.015000343322754,4517,0.0,0.0
2024-08-27 14:40:00-04:00,11.015000343322754,11.024999618530273,11.0,11.024999618530273,20816,0.0,0.0
2024-08-27 14:45:00-04:00,11.024999618530273,11.03499984741211,11.005000114440918,11.024999618530273,27885,0.0,0.0
2024-08-27 14:50:00-04:00,11.020000457763672,11.03499984741211,11.015000343322754,11.029999732971191,14629,0.0,0.0
2024-08-27 14:55:00-04:00,11.03499984741211,11.03499984741211,11.0,11.005000114440918,22170,0.0,0.0
2024-08-27 15:00:00-04:00,11.010000228881836,11.010000228881836,10.989999771118164,10.989999771118164,15038,0.0,0.0
2024-08-27 15:05:00-04:00,10.989999771118164,11.0,10.989999771118164,10.994999885559082,8405,0.0,0.0
2024-08-27 15:10:00-04:00,10.994999885559082,11.005000114440918,10.984999656677246,10.994999885559082,54041,0.0,0.0
2024-08-27 15:15:00-04:00,10.994999885559082,11.0,10.989999771118164,10.994999885559082,14729,0.0,0.0
2024-08-27 15:20:00-04:00,10.994999885559082,11.0,10.989999771118164,10.994999885559082,33441,0.0,0.0
2024-08-27 15:25:00-04:00,10.994999885559082,11.0,10.989999771118164,10.994999885559082,13536,0.0,0.0
2024-08-27 15:30:00-04:00,10.994999885559082,11.045000076293945,10.994999885559082,11.010000228881836,46929,0.0,0.0
2024-08-27 15:35:00-04:00,11.015000343322754,11.029999732971191,10.994999885559082,10.994999885559082,21303,0.0,0.0
2024-08-27 15:40:00-04:00,10.994999885559082,11.020000457763672,10.984999656677246,10.984999656677246,47823,0.0,0.0
2024-08-27 15:45:00-04:00,10.984999656677246,11.005000114440918,10.970000267028809,10.979999542236328,73138,0.0,0.0
2024-08-27 15:50:00-04:00,10.975000381469727,10.984999656677246,10.970000267028809,10.975000381469727,62394,0.0,0.0
2024-08-27 15:55:00-04:00,10.975000381469727,11.005000114440918,10.970000267028809,10.989999771118164,169482,0.0,0.0
2024-08-28 09:30:00-04:00,10.989999771118164,10.989999771118164,10.899999618530273,10.920000076293945,10130,0.0,0.0
2024-08-28 09:35:00-04:00,10.960000038146973,10.970000267028809,10.949999809265137,10.970000267028809,2231,0.0,0.0
2024-08-28 09:40:00-04:00,10.975000381469727,11.029999732971191,10.975000381469727,11.029999732971191,2472,0.0,0.0
2024-08-28 09:45:00-04:00,11.039999961853027,11.0600004196167,10.989999771118164,10.989999771118164,15841,0.0,0.0
2024-08-28 09:50:00-04:00,10.979999542236328,10.990099906921387,10.979999542236328,10.989999771118164,1688,0.0,0.0
2024-08-28 09:55:00-04:00,10.989999771118164,11.010000228881836,10.989999771118164,10.989999771118164,3354,0.0,0.0
2024-08-28 10:00:00-04:00,10.970000267028809,10.970000267028809,10.9399995803833,10.96500015258789,5069,0.0,0.0
2024-08-28 10:05:00-04:00,10.960000038146973,10.989999771118164,10.954999923706055,10.989999771118164,9418,0.0,0.0
2024-08-28 10:10:00-04:00,10.994999885559082,10.994999885559082,10.979999542236328,10.989999771118164,4363,0.0,0.0
2024-08-28 10:15:00-04:00,10.994999885559082,11.020000457763672,10.994999885559082,11.010000228881836,5407,0.0,0.0
2024-08-28 10:20:00-04:00,11.024999618530273,11.029999732971191,11.005000114440918,11.010000228881836,4533,0.0,0.0
2024-08-28 10:25:00-04:00,11.010000228881836,11.010000228881836,10.979999542236328,10.984999656677246,5146,0.0,0.0
2024-08-28 10:30:00-04:00,10.984999656677246,11.029999732971191,10.984999656677246,11.029999732971191,7225,0.0,0.0
2024-08-28 10:35:00-04:00,11.055000305175781,11.074999809265137,11.050000190734863,11.069999694824219,8859,0.0,0.0
2024-08-28 10:40:00-04:00,11.050000190734863,11.050000190734863,11.03499984741211,11.03499984741211,3142,0.0,0.0
2024-08-28 10:45:00-04:00,11.039999961853027,11.050000190734863,11.03499984741211,11.03499984741211,3734,0.0,0.0
2024-08-28 10:50:00-04:00,11.045000076293945,11.085000038146973,11.045000076293945,11.079999923706055,9149,0.0,0.0
2024-08-28 10:55:00-04:00,11.074999809265137,11.09000015258789,11.074999809265137,11.085000038146973,4397,0.0,0.0
2024-08-28 11:00:00-04:00,11.079999923706055,11.085000038146973,11.074999809265137,11.085000038146973,3419,0.0,0.0
2024-08-28 11:05:00-04:00,11.085000038146973,11.100000381469727,11.074999809265137,11.079999923706055,6374,0.0,0.0
2024-08-28 11:10:00-04:00,11.085000038146973,11.085000038146973,11.074999809265137,11.074999809265137,3785,0.0,0.0
2024-08-28 11:15:00-04:00,11.074999809265137,11.074999809265137,11.050000190734863,11.050000190734863,5044,0.0,0.0
2024-08-28 11:20:00-04:00,11.050000190734863,11.0649995803833,11.050000190734863,11.055000305175781,24934,0.0,0.0
2024-08-28 11:25:00-04:00,11.055000305175781,11.055000305175781,11.024999618530273,11.029999732971191,18628,0.0,0.0
2024-08-28 11:30:00-04:00,11.03499984741211,11.03499984741211,10.984999656677246,10.984999656677246,7324,0.0,0.0
2024-08-28 11:35:00-04:00,10.984999656677246,11.005999565124512,10.984999656677246,11.005000114440918,11496,0.0,0.0
2024-08-28 11:40:00-04:00,11.005000114440918,11.005000114440918,10.989999771118164,10.994999885559082,5780,0.0,0.0
2024-08-28 11:45:00-04:00,10.994999885559082,10.994999885559082,10.979999542236328,10.984999656677246,10425,0.0,0.0
2024-08-28 11:50:00-04:00,10.984999656677246,10.989999771118164,10.975000381469727,10.984999656677246,8965,0.0,0.0
2024-08-28 11:55:00-04:00,10.989999771118164,10.989999771118164,10.970000267028809,10.970000267028809,7368,0.0,0.0
2024-08-28 12:00:00-04:00,10.975000381469727,10.975000381469727,10.960000038146973,10.960000038146973,11811,0.0,0.0
2024-08-28 12:05:00-04:00,10.954999923706055,10.96500015258789,10.954999923706055,10.96500015258789,7225,0.0,0.0
2024-08-28 12:10:00-04:00,10.96500015258789,10.975000381469727,10.954999923706055,10.975000381469727,10466,0.0,0.0
2024-08-28 12:15:00-04:00,10.970000267028809,10.975000381469727,10.920000076293945,10.930000305175781,9646,0.0,0.0
2024-08-28 12:20:00-04:00,10.9350004196167,10.9350004196167,10.914999961853027,10.920000076293945,9223,0.0,0.0
2024-08-28 12:25:00-04:00,10.914999961853027,10.930000305175781,10.914999961853027,10.925000190734863,8262,0.0,0.0
2024-08-28 12:30:00-04:00,10.920000076293945,10.9350004196167,10.914999961853027,10.925000190734863,15656,0.0,0.0
2024-08-28 12:35:00-04:00,10.925000190734863,10.925000190734863,10.925000190734863,10.925000190734863,1171,0.0,0.0
2024-08-28 12:40:00-04:00,10.930000305175781,10.9350004196167,10.920000076293945,10.930000305175781,9986,0.0,0.0
2024-08-28 12:45:00-04:00,10.9350004196167,10.944999694824219,10.9350004196167,10.944999694824219,3785,0.0,0.0
2024-08-28 12:50:00-04:00,10.944999694824219,10.954999923706055,10.9399995803833,10.949999809265137,12032,0.0,0.0
2024-08-28 12:55:00-04:00,10.949999809265137,10.96500015258789,10.949999809265137,10.949999809265137,9008,0.0,0.0
2024-08-28 13:00:00-04:00,10.954999923706055,10.960000038146973,10.944999694824219,10.949999809265137,6672,0.0,0.0
2024-08-28 13:05:00-04:00,10.960000038146973,10.961199760437012,10.954999923706055,10.961199760437012,2825,0.0,0.0
2024-08-28 13:10:00-04:00,10.960000038146973,10.96500015258789,10.930000305175781,10.930000305175781,9870,0.0,0.0
2024-08-28 13:15:00-04:00,10.920000076293945,10.944999694824219,10.920000076293945,10.944999694824219,7206,0.0,0.0
2024-08-28 13:20:00-04:00,10.949999809265137,10.954999923706055,10.949999809265137,10.954999923706055,3150,0.0,0.0
2024-08-28 13:25:00-04:00,10.960000038146973,10.960000038146973,10.949999809265137,10.954999923706055,5441,0.0,0.0
2024-08-28 13:30:00-04:00,10.954999923706055,10.970000267028809,10.954999923706055,10.96500015258789,5731,0.0,0.0
2024-08-28 13:35:00-04:00,10.96500015258789,10.96500015258789,10.954999923706055,10.954999923706055,7373,0.0,0.0
2024-08-28 13:40:00-04:00,10.954999923706055,10.954999923706055,10.9350004196167,10.9350004196167,7805,0.0,0.0
2024-08-28 13:45:00-04:00,10.9350004196167,10.935999870300293,10.904999732971191,10.90999984741211,21050,0.0,0.0
2024-08-28 13:50:00-04:00,10.914999961853027,10.920000076293945,10.904999732971191,10.904999732971191,6558,0.0,0.0
2024-08-28 13:55:00-04:00,10.899999618530273,10.920000076293945,10.899999618530273,10.90999984741211,14294,0.0,0.0
2024-08-28 14:00:00-04:00,10.904999732971191,10.90999984741211,10.895000457763672,10.904999732971191,12965,0.0,0.0
2024-08-28 14:05:00-04:00,10.904999732971191,10.920000076293945,10.904999732971191,10.914999961853027,5662,0.0,0.0
2024-08-28 14:10:00-04:00,10.914999961853027,10.920000076293945,10.904999732971191,10.90999984741211,7427,0.0,0.0
2024-08-28 14:15:00-04:00,10.904999732971191,10.90999984741211,10.895000457763672,10.899999618530273,14225,0.0,0.0
2024-08-28 14:20:00-04:00,10.90999984741211,10.914999961853027,10.895000457763672,10.899999618530273,16214,0.0,0.0
2024-08-28 14:25:00-04:00,10.904999732971191,10.904999732971191,10.895000457763672,10.904999732971191,15596,0.0,0.0
2024-08-28 14:30:00-04:00,10.899999618530273,10.904999732971191,10.880000114440918,10.880000114440918,19603,0.0,0.0
2024-08-28 14:35:00-04:00,10.885000228881836,10.890000343322754,10.859999656677246,10.890000343322754,26392,0.0,0.0
2024-08-28 14:40:00-04:00,10.895000457763672,10.895000457763672,10.880000114440918,10.880000114440918,11861,0.0,0.0
2024-08-28 14:45:00-04:00,10.880000114440918,10.890000343322754,10.880000114440918,10.890000343322754,6204,0.0,0.0
2024-08-28 14:50:00-04:00,10.880000114440918,10.9350004196167,10.880000114440918,10.9350004196167,77909,0.0,0.0
2024-08-28 14:55:00-04:00,10.9350004196167,10.944999694824219,10.920000076293945,10.930000305175781,26845,0.0,0.0
2024-08-28 15:00:00-04:00,10.920000076293945,10.9399995803833,10.90999984741211,10.9399995803833,21227,0.0,0.0
2024-08-28 15:05:00-04:00,10.9350004196167,10.9350004196167,10.890000343322754,10.895000457763672,17650,0.0,0.0
2024-08-28 15:10:00-04:00,10.899999618530273,10.899999618530273,10.880000114440918,10.885000228881836,12626,0.0,0.0
2024-08-28 15:15:00-04:00,10.890000343322754,10.895000457763672,10.880000114440918,10.885000228881836,10582,0.0,0.0
2024-08-28 15:20:00-04:00,10.890000343322754,10.90999984741211,10.885000228881836,10.904999732971191,14882,0.0,0.0
2024-08-28 15:25:00-04:00,10.90999984741211,10.920000076293945,10.904999732971191,10.920000076293945,11792,0.0,0.0
2024-08-28 15:30:00-04:00,10.914999961853027,10.920000076293945,10.890000343322754,10.890000343322754,25123,0.0,0.0
2024-08-28 15:35:00-04:00,10.890000343322754,10.890000343322754,10.859999656677246,10.859999656677246,14300,0.0,0.0
2024-08-28 15:40:00-04:00,10.864999771118164,10.867500305175781,10.850000381469727,10.854999542236328,12194,0.0,0.0
2024-08-28 15:45:00-04:00,10.859999656677246,10.90999984741211,10.854999542236328,10.885000228881836,61467,0.0,0.0
2024-08-28 15:50:00-04:00,10.880000114440918,10.899999618530273,10.850000381469727,10.850000381469727,87516,0.0,0.0
2024-08-28 15:55:00-04:00,10.854999542236328,10.859999656677246,10.819999694824219,10.84000015258789,190531,0.0,0.0
2024-08-29 09:30:00-04:00,10.960000038146973,10.960000038146973,10.90999984741211,10.90999984741211,10465,0.0,0.0
2024-08-29 09:35:00-04:00,10.895000457763672,10.90999984741211,10.880000114440918,10.880000114440918,862,0.0,0.0
2024-08-29 09:40:00-04:00,10.880000114440918,10.9399995803833,10.880000114440918,10.930000305175781,17758,0.0,0.0
2024-08-29 09:45:00-04:00,10.930000305175781,10.930000305175781,10.880000114440918,10.895000457763672,18217,0.0,0.0
2024-08-29 09:50:00-04:00,10.895000457763672,10.895000457763672,10.859999656677246,10.859999656677246,13659,0.0,0.0
2024-08-29 09:55:00-04:00,10.859999656677246,10.875,10.852100372314453,10.854999542236328,18251,0.0,0.0
2024-08-29 10:00:00-04:00,10.850000381469727,10.895000457763672,10.850000381469727,10.885000228881836,34101,0.0,0.0
2024-08-29 10:05:00-04:00,10.875,10.895000457763672,10.854999542236328,10.885000228881836,19364,0.0,0.0
2024-08-29 10:10:00-04:00,10.890000343322754,10.899999618530273,10.885000228881836,10.895000457763672,8029,0.0,0.0
2024-08-29 10:15:00-04:00,10.895000457763672,10.90999984741211,10.859999656677246,10.869999885559082,12367,0.0,0.0
2024-08-29 10:20:00-04:00,10.864999771118164,10.864999771118164,10.835000038146973,10.835000038146973,13979,0.0,0.0
2024-08-29 10:25:00-04:00,10.835000038146973,10.869999885559082,10.835000038146973,10.849800109863281,9040,0.0,0.0
2024-08-29 10:30:00-04:00,10.845000267028809,10.875,10.84000015258789,10.845000267028809,13710,0.0,0.0
2024-08-29 10:35:00-04:00,10.850000381469727,10.850000381469727,10.829999923706055,10.829999923706055,5435,0.0,0.0
2024-08-29 10:40:00-04:00,10.829999923706055,10.854999542236328,10.821999549865723,10.850000381469727,9688,0.0,0.0
2024-08-29 10:45:00-04:00,10.854999542236328,10.854999542236328,10.8149995803833,10.824999809265137,9617,0.0,0.0
2024-08-29 10:50:00-04:00,10.824999809265137,10.824999809265137,10.8100004196167,10.8100004196167,2867,0.0,0.0
2024-08-29 10:55:00-04:00,10.8100004196167,10.8100004196167,10.78499984741211,10.789999961853027,6638,0.0,0.0
2024-08-29 11:00:00-04:00,10.789999961853027,10.800000190734863,10.779999732971191,10.78499984741211,10692,0.0,0.0
2024-08-29 11:05:00-04:00,10.789999961853027,10.869999885559082,10.789999961853027,10.854999542236328,15765,0.0,0.0
2024-08-29 11:10:00-04:00,10.859999656677246,10.880000114440918,10.859999656677246,10.864999771118164,8465,0.0,0.0
2024-08-29 11:15:00-04:00,10.869999885559082,10.899999618530273,10.869999885559082,10.875,13209,0.0,0.0
2024-08-29 11:20:00-04:00,10.875,10.895000457763672,10.869999885559082,10.895000457763672,10233,0.0,0.0
2024-08-29 11:25:00-04:00,10.895000457763672,10.899999618530273,10.869999885559082,10.895000457763672,12849,0.0,0.0
2024-08-29 11:30:00-04:00,10.895000457763672,10.949999809265137,10.895000457763672,10.949999809265137,13216,0.0,0.0
2024-08-29 11:35:00-04:00,10.9399995803833,10.954999923706055,10.9350004196167,10.944999694824219,13659,0.0,0.0
2024-08-29 11:40:00-04:00,10.9399995803833,10.9399995803833,10.914999961853027,10.925000190734863,12589,0.0,0.0
2024-08-29 11:45:00-04:00,10.920000076293945,10.920000076293945,10.904999732971191,10.914999961853027,17409,0.0,0.0
2024-08-29 11:50:00-04:00,10.920000076293945,10.954999923706055,10.920000076293945,10.9399995803833,14040,0.0,0.0
2024-08-29 11:55:00-04:00,10.9399995803833,10.970000267028809,10.9399995803833,10.970000267028809,7794,0.0,0.0
2024-08-29 12:00:00-04:00,10.970000267028809,10.994999885559082,10.96500015258789,10.994999885559082,9901,0.0,0.0
2024-08-29 12:05:00-04:00,10.994999885559082,10.994999885559082,10.975000381469727,10.979999542236328,8082,0.0,0.0
2024-08-29 12:10:00-04:00,10.979999542236328,10.979999542236328,10.975000381469727,10.979999542236328,5386,0.0,0.0
2024-08-29 12:15:00-04:00,10.979999542236328,10.989999771118164,10.979999542236328,10.979999542236328,11682,0.0,0.0
2024-08-29 12:20:00-04:00,10.979999542236328,10.989999771118164,10.975000381469727,10.984999656677246,8360,0.0,0.0
2024-08-29 12:25:00-04:00,10.984999656677246,11.0,10.979999542236328,10.994999885559082,8320,0.0,0.0
2024-08-29 12:30:00-04:00,10.994999885559082,11.005000114440918,10.994999885559082,10.994999885559082,9344,0.0,0.0
2024-08-29 12:35:00-04:00,10.994999885559082,11.015000343322754,10.994999885559082,11.015000343322754,10296,0.0,0.0
2024-08-29 12:40:00-04:00,11.015000343322754,11.015000343322754,11.003299713134766,11.010000228881836,9133,0.0,0.0
2024-08-29 12:45:00-04:00,11.010000228881836,11.010000228881836,10.960000038146973,10.960000038146973,16004,0.0,0.0
2024-08-29 12:50:00-04:00,10.954999923706055,10.979999542236328,10.954999923706055,10.975000381469727,10337,0.0,0.0
2024-08-29 12:55:00-04:00,10.975000381469727,10.994999885559082,10.975000381469727,10.994999885559082,8568,0.0,0.0
2024-08-29 13:00:00-04:00,11.0,11.0,10.979999542236328,10.989999771118164,6618,0.0,0.0
2024-08-29 13:05:00-04:00,10.984999656677246,10.989999771118164,10.984999656677246,10.989999771118164,6691,0.0,0.0
2024-08-29 13:10:00-04:00,10.989999771118164,10.994999885559082,10.989999771118164,10.994999885559082,9805,0.0,0.0
2024-08-29 13:15:00-04:00,10.994999885559082,10.994999885559082,10.989999771118164,10.994999885559082,5012,0.0,0.0
2024-08-29 13:20:00-04:00,10.989999771118164,11.0,10.984999656677246,10.989999771118164,12505,0.0,0.0
2024-08-29 13:25:00-04:00,10.994999885559082,11.015000343322754,10.994999885559082,11.015000343322754,11032,0.0,0.0
2024-08-29 13:30:00-04:00,11.015000343322754,11.020000457763672,11.010000228881836,11.020000457763672,12416,0.0,0.0
2024-08-29 13:35:00-04:00,11.020000457763672,11.024999618530273,11.0,11.005000114440918,11647,0.0,0.0
2024-08-29 13:40:00-04:00,11.010000228881836,11.020000457763672,11.005000114440918,11.015000343322754,8238,0.0,0.0
2024-08-29 13:45:00-04:00,11.015000343322754,11.039999961853027,11.015000343322754,11.039999961853027,9191,0.0,0.0
2024-08-29 13:50:00-04:00,11.039999961853027,11.045000076293945,11.029999732971191,11.039999961853027,7713,0.0,0.0
2024-08-29 13:55:00-04:00,11.03499984741211,11.050000190734863,11.029999732971191,11.039999961853027,12587,0.0,0.0
2024-08-29 14:00:00-04:00,11.039999961853027,11.039999961853027,11.024999618530273,11.03499984741211,9732,0.0,0.0
2024-08-29 14:05:00-04:00,11.03499984741211,11.039999961853027,11.029999732971191,11.039999961853027,6753,0.0,0.0
2024-08-29 14:10:00-04:00,11.039999961853027,11.045000076293945,11.024999618530273,11.045000076293945,9672,0.0,0.0
2024-08-29 14:15:00-04:00,11.045000076293945,11.045000076293945,11.029999732971191,11.029999732971191,10274,0.0,0.0
2024-08-29 14:20:00-04:00,11.029999732971191,11.039999961853027,11.024999618530273,11.039999961853027,7723,0.0,0.0
2024-08-29 14:25:00-04:00,11.03499984741211,11.050000190734863,11.015000343322754,11.015000343322754,12740,0.0,0.0
2024-08-29 14:30:00-04:00,11.010000228881836,11.015000343322754,11.0,11.015000343322754,14620,0.0,0.0
2024-08-29 14:35:00-04:00,11.010000228881836,11.010000228881836,10.979999542236328,10.979999542236328,23422,0.0,0.0
2024-08-29 14:40:00-04:00,10.984999656677246,10.984999656677246,10.9399995803833,10.954999923706055,19272,0.0,0.0
2024-08-29 14:45:00-04:00,10.954999923706055,11.020000457763672,10.954999923706055,11.020000457763672,18570,0.0,0.0
2024-08-29 14:50:00-04:00,11.010000228881836,11.015000343322754,11.0,11.010000228881836,13284,0.0,0.0
2024-08-29 14:55:00-04:00,11.010000228881836,11.020000457763672,11.0,11.010000228881836,13252,0.0,0.0
2024-08-29 15:00:00-04:00,11.010000228881836,11.010000228881836,10.979999542236328,10.984999656677246,20050,0.0,0.0
2024-08-29 15:05:00-04:00,10.989999771118164,10.989999771118164,10.9350004196167,10.9350004196167,38452,0.0,0.0
2024-08-29 15:10:00-04:00,10.9399995803833,10.9399995803833,10.920000076293945,10.925000190734863,10839,0.0,0.0
2024-08-29 15:15:00-04:00,10.930000305175781,10.989999771118164,10.920000076293945,10.984999656677246,27794,0.0,0.0
2024-08-29 15:20:00-04:00,10.989999771118164,11.005000114440918,10.989999771118164,11.0,16596,0.0,0.0
2024-08-29 15:25:00-04:00,11.0,11.005000114440918,10.989999771118164,11.0,22318,0.0,0.0
2024-08-29 15:30:00-04:00,10.994999885559082,11.0,10.975000381469727,10.975000381469727,30917,0.0,0.0
2024-08-29 15:35:00-04:00,10.970000267028809,10.994999885559082,10.960000038146973,10.979999542236328,45223,0.0,0.0
2024-08-29 15:40:00-04:00,10.979999542236328,10.979999542236328,10.90999984741211,10.914999961853027,54524,0.0,0.0
2024-08-29 15:45:00-04:00,10.920000076293945,10.920000076293945,10.880000114440918,10.899999618530273,60410,0.0,0.0
2024-08-29 15:50:00-04:00,10.90999984741211,10.920000076293945,10.895000457763672,10.899999618530273,101594,0.0,0.0
2024-08-29 15:55:00-04:00,10.899999618530273,10.930000305175781,10.890000343322754,10.890000343322754,230720,0.0,0.0
2024-08-30 09:30:00-04:00,11.010000228881836,11.015000343322754,10.949999809265137,10.960000038146973,10867,0.0,0.0
2024-08-30 09:35:00-04:00,11.020000457763672,11.020000457763672,10.970000267028809,10.970000267028809,2662,0.0,0.0
2024-08-30 09:40:00-04:00,10.989999771118164,10.989999771118164,10.90999984741211,10.90999984741211,4001,0.0,0.0
2024-08-30 09:45:00-04:00,10.899999618530273,10.920000076293945,10.869999885559082,10.89009952545166,5158,0.0,0.0
2024-08-30 09:50:00-04:00,10.890000343322754,10.920000076293945,10.850000381469727,10.920000076293945,5916,0.0,0.0
2024-08-30 09:55:00-04:00,10.920000076293945,10.920000076293945,10.890000343322754,10.890000343322754,2910,0.0,0.0
2024-08-30 10:00:00-04:00,10.895000457763672,10.920000076293945,10.890000343322754,10.899999618530273,7336,0.0,0.0
2024-08-30 10:05:00-04:00,10.905699729919434,10.90999984741211,10.890000343322754,10.90999984741211,3986,0.0,0.0
2024-08-30 10:10:00-04:00,10.920000076293945,10.920000076293945,10.90999984741211,10.90999984741211,3984,0.0,0.0
2024-08-30 10:15:00-04:00,10.90999984741211,10.9350004196167,10.899999618530273,10.930000305175781,5071,0.0,0.0
2024-08-30 10:20:00-04:00,10.920000076293945,10.920000076293945,10.890000343322754,10.890000343322754,5910,0.0,0.0
2024-08-30 10:25:00-04:00,10.899999618530273,10.925000190734863,10.890000343322754,10.925000190734863,3606,0.0,0.0
2024-08-30 10:30:00-04:00,10.930000305175781,10.944999694824219,10.904999732971191,10.90999984741211,5429,0.0,0.0
2024-08-30 10:35:00-04:00,10.90999984741211,10.920000076293945,10.890000343322754,10.895000457763672,3278,0.0,0.0
2024-08-30 10:40:00-04:00,10.895000457763672,10.904999732971191,10.880000114440918,10.880000114440918,5463,0.0,0.0
2024-08-30 10:45:00-04:00,10.885000228881836,10.890000343322754,10.880000114440918,10.880000114440918,2684,0.0,0.0
2024-08-30 10:50:00-04:00,10.895000457763672,10.895000457763672,10.869999885559082,10.875,5943,0.0,0.0
2024-08-30 10:55:00-04:00,10.880000114440918,10.890000343322754,10.859999656677246,10.864999771118164,5825,0.0,0.0
2024-08-30 11:00:00-04:00,10.859999656677246,10.883600234985352,10.859999656677246,10.875,4629,0.0,0.0
2024-08-30 11:05:00-04:00,10.864999771118164,10.875,10.864999771118164,10.864999771118164,3398,0.0,0.0
2024-08-30 11:10:00-04:00,10.864999771118164,10.880000114440918,10.864999771118164,10.875,7531,0.0,0.0
2024-08-30 11:15:00-04:00,10.880000114440918,10.885000228881836,10.859999656677246,10.859999656677246,14185,0.0,0.0
2024-08-30 11:20:00-04:00,10.850000381469727,10.864999771118164,10.845000267028809,10.850000381469727,11911,0.0,0.0
2024-08-30 11:25:00-04:00,10.854999542236328,10.854999542236328,10.8100004196167,10.8149995803833,6041,0.0,0.0
2024-08-30 11:30:00-04:00,10.8100004196167,10.8149995803833,10.78499984741211,10.805000305175781,7199,0.0,0.0
2024-08-30 11:35:00-04:00,10.800000190734863,10.805000305175781,10.774999618530273,10.78499984741211,13629,0.0,0.0
2024-08-30 11:40:00-04:00,10.779999732971191,10.805000305175781,10.779999732971191,10.789999961853027,7349,0.0,0.0
2024-08-30 11:45:00-04:00,10.795000076293945,10.795000076293945,10.770000457763672,10.774999618530273,9985,0.0,0.0
2024-08-30 11:50:00-04:00,10.774999618530273,10.774999618530273,10.763799667358398,10.765000343322754,7437,0.0,0.0
2024-08-30 11:55:00-04:00,10.760000228881836,10.774999618530273,10.755000114440918,10.765000343322754,7573,0.0,0.0
2024-08-30 12:00:00-04:00,10.760000228881836,10.770000457763672,10.734999656677246,10.770000457763672,10168,0.0,0.0
2024-08-30 12:05:00-04:00,10.779999732971191,10.779999732971191,10.734999656677246,10.774999618530273,12141,0.0,0.0
2024-08-30 12:10:00-04:00,10.765000343322754,10.770000457763672,10.755000114440918,10.770000457763672,8262,0.0,0.0
2024-08-30 12:15:00-04:00,10.770000457763672,10.770000457763672,10.744999885559082,10.765000343322754,8750,0.0,0.0
2024-08-30 12:20:00-04:00,10.760000228881836,10.760000228881836,10.739999771118164,10.739999771118164,5111,0.0,0.0
2024-08-30 12:25:00-04:00,10.744999885559082,10.75,10.725000381469727,10.744999885559082,15826,0.0,0.0
2024-08-30 12:30:00-04:00,10.744999885559082,10.744999885559082,10.71500015258789,10.71500015258789,5821,0.0,0.0
2024-08-30 12:35:00-04:00,10.71500015258789,10.720000267028809,10.704999923706055,10.720000267028809,11547,0.0,0.0
2024-08-30 12:40:00-04:00,10.720000267028809,10.720000267028809,10.710000038146973,10.71500015258789,4436,0.0,0.0
2024-08-30 12:45:00-04:00,10.710000038146973,10.725000381469727,10.704999923706055,10.725000381469727,7375,0.0,0.0
2024-08-30 12:50:00-04:00,10.725000381469727,10.725000381469727,10.720000267028809,10.725000381469727,3057,0.0,0.0
2024-08-30 12:55:00-04:00,10.725000381469727,10.744999885559082,10.725000381469727,10.744999885559082,8013,0.0,0.0
2024-08-30 13:00:00-04:00,10.739999771118164,10.744999885559082,10.734999656677246,10.744999885559082,6633,0.0,0.0
2024-08-30 13:05:00-04:00,10.744999885559082,10.744999885559082,10.734999656677246,10.744999885559082,6717,0.0,0.0
2024-08-30 13:10:00-04:00,10.744999885559082,10.760000228881836,10.744999885559082,10.755000114440918,10543,0.0,0.0
2024-08-30 13:15:00-04:00,10.755000114440918,10.760000228881836,10.75,10.755000114440918,16940,0.0,0.0
2024-08-30 13:20:00-04:00,10.75,10.755000114440918,10.744999885559082,10.755000114440918,14619,0.0,0.0
2024-08-30 13:25:00-04:00,10.760000228881836,10.779999732971191,10.760000228881836,10.774999618530273,8415,0.0,0.0
2024-08-30 13:30:00-04:00,10.774999618530273,10.78499984741211,10.765000343322754,10.78499984741211,6602,0.0,0.0
2024-08-30 13:35:00-04:00,10.779999732971191,10.789999961853027,10.774999618530273,10.779999732971191,3843,0.0,0.0
2024-08-30 13:40:00-04:00,10.779999732971191,10.78499984741211,10.779999732971191,10.779999732971191,6595,0.0,0.0
2024-08-30 13:45:00-04:00,10.779999732971191,10.78499984741211,10.770000457763672,10.783499717712402,10149,0.0,0.0
2024-08-30 13:50:00-04:00,10.779999732971191,10.805000305175781,10.774999618530273,10.800000190734863,11306,0.0,0.0
2024-08-30 13:55:00-04:00,10.805000305175781,10.819999694824219,10.795000076293945,10.819999694824219,13555,0.0,0.0
2024-08-30 14:00:00-04:00,10.824999809265137,10.84000015258789,10.824999809265137,10.835000038146973,6633,0.0,0.0
2024-08-30 14:05:00-04:00,10.835000038146973,10.854999542236328,10.829999923706055,10.854999542236328,12130,0.0,0.0
2024-08-30 14:10:00-04:00,10.854999542236328,10.864999771118164,10.854999542236328,10.864999771118164,7107,0.0,0.0
2024-08-30 14:15:00-04:00,10.864999771118164,10.864999771118164,10.854999542236328,10.854999542236328,12619,0.0,0.0
2024-08-30 14:20:00-04:00,10.854999542236328,10.869999885559082,10.850000381469727,10.869999885559082,7819,0.0,0.0
2024-08-30 14:25:00-04:00,10.864999771118164,10.864999771118164,10.854999542236328,10.854999542236328,3948,0.0,0.0
2024-08-30 14:30:00-04:00,10.854999542236328,10.855999946594238,10.850000381469727,10.854999542236328,8757,0.0,0.0
2024-08-30 14:35:00-04:00,10.859999656677246,10.869999885559082,10.859999656677246,10.864999771118164,4825,0.0,0.0
2024-08-30 14:40:00-04:00,10.864999771118164,10.930000305175781,10.864999771118164,10.930000305175781,21434,0.0,0.0
2024-08-30 14:45:00-04:00,10.925000190734863,10.949999809265137,10.925000190734863,10.944999694824219,10454,0.0,0.0
2024-08-30 14:50:00-04:00,10.944999694824219,10.949999809265137,10.925000190734863,10.925000190734863,20467,0.0,0.0
2024-08-30 14:55:00-04:00,10.925000190734863,10.930000305175781,10.920000076293945,10.925000190734863,9637,0.0,0.0
2024-08-30 15:00:00-04:00,10.925000190734863,10.930000305175781,10.920000076293945,10.925000190734863,12976,0.0,0.0
2024-08-30 15:05:00-04:00,10.925000190734863,10.9399995803833,10.914999961853027,10.914999961853027,17045,0.0,0.0
2024-08-30 15:10:00-04:00,10.914999961853027,10.920000076293945,10.899999618530273,10.904999732971191,14147,0.0,0.0
2024-08-30 15:15:00-04:00,10.904999732971191,10.925000190734863,10.904999732971191,10.914999961853027,18184,0.0,0.0
2024-08-30 15:20:00-04:00,10.914999961853027,10.949999809265137,10.914999961853027,10.9350004196167,15776,0.0,0.0
2024-08-30 15:25:00-04:00,10.9399995803833,10.949999809265137,10.930000305175781,10.944999694824219,9226,0.0,0.0
2024-08-30 15:30:00-04:00,10.944999694824219,10.949999809265137,10.9350004196167,10.944999694824219,14601,0.0,0.0
2024-08-30 15:35:00-04:00,10.9399995803833,10.984999656677246,10.9399995803833,10.979999542236328,27793,0.0,0.0
2024-08-30 15:40:00-04:00,10.989700317382812,10.989999771118164,10.9399995803833,10.949999809265137,30813,0.0,0.0
2024-08-30 15:45:00-04:00,10.949999809265137,10.970000267028809,10.9399995803833,10.96500015258789,33079,0.0,0.0
2024-08-30 15:50:00-04:00,10.970000267028809,10.979999542236328,10.9399995803833,10.944999694824219,72493,0.0,0.0
2024-08-30 15:55:00-04:00,10.9399995803833,11.010000228881836,10.9399995803833,10.989999771118164,195114,0.0,0.0
2024-09-03 09:30:00-04:00,10.899999618530273,10.989999771118164,10.899999618530273,10.989999771118164,16428,0.0,0.0
2024-09-03 09:35:00-04:00,11.0,11.0,10.899999618530273,10.899999618530273,3389,0.0,0.0
2024-09-03 09:40:00-04:00,10.899999618530273,10.920000076293945,10.859999656677246,10.899999618530273,38503,0.0,0.0
2024-09-03 09:45:00-04:00,10.895000457763672,10.90999984741211,10.805000305175781,10.805000305175781,11281,0.0,0.0
2024-09-03 09:50:00-04:00,10.805000305175781,10.824999809265137,10.760000228881836,10.760000228881836,12452,0.0,0.0
2024-09-03 09:55:00-04:00,10.739999771118164,10.770000457763672,10.6899995803833,10.770000457763672,7094,0.0,0.0
2024-09-03 10:00:00-04:00,10.760000228881836,10.770000457763672,10.670000076293945,10.670000076293945,0,0.0,0.0
2024-09-03 10:05:00-04:00,10.670000076293945,10.680000305175781,10.645000457763672,10.654999732971191,121161,0.0,0.0
2024-09-03 10:10:00-04:00,10.649999618530273,10.744999885559082,10.645000457763672,10.744999885559082,25594,0.0,0.0
2024-09-03 10:15:00-04:00,10.739999771118164,10.744999885559082,10.699999809265137,10.729999542236328,20714,0.0,0.0
2024-09-03 10:20:00-04:00,10.734999656677246,10.75,10.710000038146973,10.71500015258789,12379,0.0,0.0
2024-09-03 10:25:00-04:00,10.71500015258789,10.739999771118164,10.694999694824219,10.739999771118164,19207,0.0,0.0
2024-09-03 10:30:00-04:00,10.744999885559082,10.800000190734863,10.739999771118164,10.800000190734863,21563,0.0,0.0
2024-09-03 10:35:00-04:00,10.800000190734863,10.8149995803833,10.774999618530273,10.774999618530273,24613,0.0,0.0
2024-09-03 10:40:00-04:00,10.774999618530273,10.78499984741211,10.760000228881836,10.78499984741211,15639,0.0,0.0
2024-09-03 10:45:00-04:00,10.779999732971191,10.795000076293945,10.765000343322754,10.795000076293945,24960,0.0,0.0
2024-09-03 10:50:00-04:00,10.795000076293945,10.805000305175781,10.795000076293945,10.805000305175781,5019,0.0,0.0
2024-09-03 10:55:00-04:00,10.795000076293945,10.800000190734863,10.78499984741211,10.795000076293945,33367,0.0,0.0
2024-09-03 11:00:00-04:00,10.795000076293945,10.84000015258789,10.789999961853027,10.829999923706055,14476,0.0,0.0
2024-09-03 11:05:00-04:00,10.829999923706055,10.845000267028809,10.8100004196167,10.8100004196167,19220,0.0,0.0
2024-09-03 11:10:00-04:00,10.8149995803833,10.819999694824219,10.789999961853027,10.789999961853027,10654,0.0,0.0
2024-09-03 11:15:00-04:00,10.789999961853027,10.800000190734863,10.78499984741211,10.793600082397461,27548,0.0,0.0
2024-09-03 11:20:00-04:00,10.789999961853027,10.789999961853027,10.760000228881836,10.760000228881836,22936,0.0,0.0
2024-09-03 11:25:00-04:00,10.760000228881836,10.760000228881836,10.75,10.75,40151,0.0,0.0
2024-09-03 11:30:00-04:00,10.75,10.765000343322754,10.739999771118164,10.739999771118164,19914,0.0,0.0
2024-09-03 11:35:00-04:00,10.755000114440918,10.765000343322754,10.75,10.75,13614,0.0,0.0
2024-09-03 11:40:00-04:00,10.755000114440918,10.755000114440918,10.725000381469727,10.725000381469727,16730,0.0,0.0
2024-09-03 11:45:00-04:00,10.725000381469727,10.744999885559082,10.725000381469727,10.725000381469727,18086,0.0,0.0
2024-09-03 11:50:00-04:00,10.725000381469727,10.755000114440918,10.725000381469727,10.755000114440918,18633,0.0,0.0
2024-09-03 11:55:00-04:00,10.755000114440918,10.755000114440918,10.739999771118164,10.744999885559082,21366,0.0,0.0
2024-09-03 12:00:00-04:00,10.744999885559082,10.755000114440918,10.729999542236328,10.729999542236328,18329,0.0,0.0
2024-09-03 12:05:00-04:00,10.734999656677246,10.736000061035156,10.725000381469727,10.729999542236328,32804,0.0,0.0
2024-09-03 12:10:00-04:00,10.734999656677246,10.744999885559082,10.710000038146973,10.744999885559082,101072,0.0,0.0
2024-09-03 12:15:00-04:00,10.739999771118164,10.765000343322754,10.739999771118164,10.760000228881836,33604,0.0,0.0
2024-09-03 12:20:00-04:00,10.760000228881836,10.765000343322754,10.729999542236328,10.729999542236328,54576,0.0,0.0
2024-09-03 12:25:00-04:00,10.729999542236328,10.744999885559082,10.729999542236328,10.744999885559082,33400,0.0,0.0
2024-09-03 12:30:00-04:00,10.739999771118164,10.739999771118164,10.699999809265137,10.725000381469727,29203,0.0,0.0
2024-09-03 12:35:00-04:00,10.725000381469727,10.725000381469727,10.6899995803833,10.6899995803833,15630,0.0,0.0
2024-09-03 12:40:00-04:00,10.6899995803833,10.6899995803833,10.654999732971191,10.664999961853027,14142,0.0,0.0
2024-09-03 12:45:00-04:00,10.664999961853027,10.675000190734863,10.65999984741211,10.664999961853027,11641,0.0,0.0
2024-09-03 12:50:00-04:00,10.664999961853027,10.675000190734863,10.65999984741211,10.65999984741211,16106,0.0,0.0
2024-09-03 12:55:00-04:00,10.664999961853027,10.664999961853027,10.65999984741211,10.65999984741211,7108,0.0,0.0
2024-09-03 13:00:00-04:00,10.65999984741211,10.65999984741211,10.640000343322754,10.640000343322754,11610,0.0,0.0
2024-09-03 13:05:00-04:00,10.640000343322754,10.649999618530273,10.640000343322754,10.645000457763672,7421,0.0,0.0
2024-09-03 13:10:00-04:00,10.645000457763672,10.654999732971191,10.635000228881836,10.654999732971191,36467,0.0,0.0
2024-09-03 13:15:00-04:00,10.654999732971191,10.65999984741211,10.649999618530273,10.654999732971191,8357,0.0,0.0
2024-09-03 13:20:00-04:00,10.654999732971191,10.6850004196167,10.654999732971191,10.6850004196167,11643,0.0,0.0
2024-09-03 13:25:00-04:00,10.6850004196167,10.694999694824219,10.680000305175781,10.694999694824219,17774,0.0,0.0
2024-09-03 13:30:00-04:00,10.694999694824219,10.694999694824219,10.670000076293945,10.6850004196167,24385,0.0,0.0
2024-09-03 13:35:00-04:00,10.6850004196167,10.699999809265137,10.6850004196167,10.694999694824219,14251,0.0,0.0
2024-09-03 13:40:00-04:00,10.694999694824219,10.694999694824219,10.680000305175781,10.6850004196167,15620,0.0,0.0
2024-09-03 13:45:00-04:00,10.6850004196167,10.6850004196167,10.649999618530273,10.654999732971191,9085,0.0,0.0
2024-09-03 13:50:00-04:00,10.654999732971191,10.670000076293945,10.654999732971191,10.664999961853027,20284,0.0,0.0
2024-09-03 13:55:00-04:00,10.664999961853027,10.664999961853027,10.649999618530273,10.649999618530273,12274,0.0,0.0
2024-09-03 14:00:00-04:00,10.649999618530273,10.654999732971191,10.640000343322754,10.645000457763672,10839,0.0,0.0
2024-09-03 14:05:00-04:00,10.645000457763672,10.645000457763672,10.619999885559082,10.625,26710,0.0,0.0
2024-09-03 14:10:00-04:00,10.625,10.625,10.604999542236328,10.625,17672,0.0,0.0
2024-09-03 14:15:00-04:00,10.619999885559082,10.625699996948242,10.619999885559082,10.625,10801,0.0,0.0
2024-09-03 14:20:00-04:00,10.619999885559082,10.635000228881836,10.609999656677246,10.635000228881836,28381,0.0,0.0
2024-09-03 14:25:00-04:00,10.635000228881836,10.635000228881836,10.600000381469727,10.604999542236328,13903,0.0,0.0
2024-09-03 14:30:00-04:00,10.600000381469727,10.604999542236328,10.579999923706055,10.585000038146973,29161,0.0,0.0
2024-09-03 14:35:00-04:00,10.585000038146973,10.59000015258789,10.574999809265137,10.585000038146973,18904,0.0,0.0
2024-09-03 14:40:00-04:00,10.579999923706055,10.585000038146973,10.5600004196167,10.5649995803833,11811,0.0,0.0
2024-09-03 14:45:00-04:00,10.5600004196167,10.569999694824219,10.5600004196167,10.5600004196167,13104,0.0,0.0
2024-09-03 14:50:00-04:00,10.5600004196167,10.567999839782715,10.555000305175781,10.5600004196167,13463,0.0,0.0
2024-09-03 14:55:00-04:00,10.550000190734863,10.5649995803833,10.545000076293945,10.5649995803833,12747,0.0,0.0
2024-09-03 15:00:00-04:00,10.5600004196167,10.595000267028809,10.5600004196167,10.59000015258789,46057,0.0,0.0
2024-09-03 15:05:00-04:00,10.600000381469727,10.604999542236328,10.59000015258789,10.59000015258789,28630,0.0,0.0
2024-09-03 15:10:00-04:00,10.59000015258789,10.630000114440918,10.585000038146973,10.619999885559082,14627,0.0,0.0
2024-09-03 15:15:00-04:00,10.619999885559082,10.619999885559082,10.609999656677246,10.614999771118164,11446,0.0,0.0
2024-09-03 15:20:00-04:00,10.614999771118164,10.635000228881836,10.614999771118164,10.625,18960,0.0,0.0
2024-09-03 15:25:00-04:00,10.630000114440918,10.630000114440918,10.619999885559082,10.625,14567,0.0,0.0
2024-09-03 15:30:00-04:00,10.625,10.630000114440918,10.585000038146973,10.595000267028809,54552,0.0,0.0
2024-09-03 15:35:00-04:00,10.595000267028809,10.595000267028809,10.5600004196167,10.5600004196167,31083,0.0,0.0
2024-09-03 15:40:00-04:00,10.5600004196167,10.595000267028809,10.545000076293945,10.595000267028809,35603,0.0,0.0
2024-09-03 15:45:00-04:00,10.59000015258789,10.640000343322754,10.5649995803833,10.640000343322754,57040,0.0,0.0
2024-09-03 15:50:00-04:00,10.645000457763672,10.645000457763672,10.5600004196167,10.5649995803833,55667,0.0,0.0
2024-09-03 15:55:00-04:00,10.5649995803833,10.600000381469727,10.5649995803833,10.59000015258789,123455,0.0,0.0
2024-09-04 09:30:00-04:00,10.539999961853027,10.569999694824219,10.520000457763672,10.529999732971191,6286,0.0,0.0
2024-09-04 09:35:00-04:00,10.53499984741211,10.539999961853027,10.520000457763672,10.529999732971191,2124,0.0,0.0
2024-09-04 09:40:00-04:00,10.539999961853027,10.5600004196167,10.529999732971191,10.529999732971191,4987,0.0,0.0
2024-09-04 09:45:00-04:00,10.520000457763672,10.539999961853027,10.489999771118164,10.489999771118164,13626,0.0,0.0
2024-09-04 09:50:00-04:00,10.489999771118164,10.529999732971191,10.479999542236328,10.510000228881836,35504,0.0,0.0
2024-09-04 09:55:00-04:00,10.510000228881836,10.550000190734863,10.510000228881836,10.539999961853027,13367,0.0,0.0
2024-09-04 10:00:00-04:00,10.539999961853027,10.539999961853027,10.470000267028809,10.529999732971191,44111,0.0,0.0
2024-09-04 10:05:00-04:00,10.520000457763672,10.539999961853027,10.520000457763672,10.520000457763672,15521,0.0,0.0
2024-09-04 10:10:00-04:00,10.529999732971191,10.539999961853027,10.510000228881836,10.510000228881836,8034,0.0,0.0
2024-09-04 10:15:00-04:00,10.520000457763672,10.539999961853027,10.510000228881836,10.539999961853027,7642,0.0,0.0
2024-09-04 10:20:00-04:00,10.545000076293945,10.569999694824219,10.545000076293945,10.569999694824219,5649,0.0,0.0
2024-09-04 10:25:00-04:00,10.5600004196167,10.5600004196167,10.5,10.510000228881836,8016,0.0,0.0
2024-09-04 10:30:00-04:00,10.515000343322754,10.529999732971191,10.505000114440918,10.510000228881836,9330,0.0,0.0
2024-09-04 10:35:00-04:00,10.529999732971191,10.539999961853027,10.524999618530273,10.539999961853027,4629,0.0,0.0
2024-09-04 10:40:00-04:00,10.545000076293945,10.555000305175781,10.53499984741211,10.555000305175781,10137,0.0,0.0
2024-09-04 10:45:00-04:00,10.5600004196167,10.595000267028809,10.5600004196167,10.595000267028809,52533,0.0,0.0
2024-09-04 10:50:00-04:00,10.59000015258789,10.604999542236328,10.59000015258789,10.604999542236328,15770,0.0,0.0
2024-09-04 10:55:00-04:00,10.604999542236328,10.619999885559082,10.604999542236328,10.609999656677246,23033,0.0,0.0
2024-09-04 11:00:00-04:00,10.614999771118164,10.65999984741211,10.614999771118164,10.649999618530273,49278,0.0,0.0
2024-09-04 11:05:00-04:00,10.640000343322754,10.640000343322754,10.609999656677246,10.609999656677246,5646,0.0,0.0
2024-09-04 11:10:00-04:00,10.59000015258789,10.59000015258789,10.5649995803833,10.5649995803833,12174,0.0,0.0
2024-09-04 11:15:00-04:00,10.5649995803833,10.59000015258789,10.5600004196167,10.574999809265137,14748,0.0,0.0
2024-09-04 11:20:00-04:00,10.574999809265137,10.59000015258789,10.574999809265137,10.59000015258789,6579,0.0,0.0
2024-09-04 11:25:00-04:00,10.600000381469727,10.609999656677246,10.569999694824219,10.569999694824219,23770,0.0,0.0
2024-09-04 11:30:00-04:00,10.574999809265137,10.574999809265137,10.569999694824219,10.574999809265137,6670,0.0,0.0
2024-09-04 11:35:00-04:00,10.574999809265137,10.59000015258789,10.569999694824219,10.574999809265137,12668,0.0,0.0
2024-09-04 11:40:00-04:00,10.569999694824219,10.569999694824219,10.539999961853027,10.545000076293945,16494,0.0,0.0
2024-09-04 11:45:00-04:00,10.539999961853027,10.574999809265137,10.53320026397705,10.569999694824219,28236,0.0,0.0
2024-09-04 11:50:00-04:00,10.569999694824219,10.574999809265137,10.555000305175781,10.574999809265137,10931,0.0,0.0
2024-09-04 11:55:00-04:00,10.574999809265137,10.574999809265137,10.569999694824219,10.574999809265137,7671,0.0,0.0
2024-09-04 12:00:00-04:00,10.574999809265137,10.585000038146973,10.5649995803833,10.5649995803833,23779,0.0,0.0
2024-09-04 12:05:00-04:00,10.5649995803833,10.579999923706055,10.539999961853027,10.550000190734863,17004,0.0,0.0
2024-09-04 12:10:00-04:00,10.555000305175781,10.555000305175781,10.53499984741211,10.53499984741211,8012,0.0,0.0
2024-09-04 12:15:00-04:00,10.539999961853027,10.5649995803833,10.53499984741211,10.5649995803833,15625,0.0,0.0
2024-09-04 12:20:00-04:00,10.5649995803833,10.574999809265137,10.5625,10.574999809265137,26081,0.0,0.0
2024-09-04 12:25:00-04:00,10.574999809265137,10.574999809265137,10.550000190734863,10.550000190734863,17279,0.0,0.0
2024-09-04 12:30:00-04:00,10.545000076293945,10.5600004196167,10.545000076293945,10.5600004196167,5782,0.0,0.0
2024-09-04 12:35:00-04:00,10.5649995803833,10.5649995803833,10.5649995803833,10.5649995803833,2015,0.0,0.0
2024-09-04 12:40:00-04:00,10.5649995803833,10.5649995803833,10.529999732971191,10.529999732971191,9422,0.0,0.0
2024-09-04 12:45:00-04:00,10.53499984741211,10.5600004196167,10.53499984741211,10.5600004196167,25205,0.0,0.0
2024-09-04 12:50:00-04:00,10.5600004196167,10.5649995803833,10.555000305175781,10.5600004196167,6054,0.0,0.0
2024-09-04 12:55:00-04:00,10.5600004196167,10.5600004196167,10.545000076293945,10.545000076293945,15273,0.0,0.0
2024-09-04 13:00:00-04:00,10.545000076293945,10.545999526977539,10.524999618530273,10.53499984741211,18264,0.0,0.0
2024-09-04 13:05:00-04:00,10.53499984741211,10.539999961853027,10.529999732971191,10.53499984741211,5026,0.0,0.0
2024-09-04 13:10:00-04:00,10.53499984741211,10.568300247192383,10.53499984741211,10.5649995803833,26063,0.0,0.0
2024-09-04 13:15:00-04:00,10.5600004196167,10.569999694824219,10.5600004196167,10.569999694824219,11740,0.0,0.0
2024-09-04 13:20:00-04:00,10.5649995803833,10.569999694824219,10.560999870300293,10.560999870300293,2037,0.0,0.0
2024-09-04 13:25:00-04:00,10.5649995803833,10.5649995803833,10.5600004196167,10.5649995803833,1873,0.0,0.0
2024-09-04 13:30:00-04:00,10.5600004196167,10.569999694824219,10.5600004196167,10.5649995803833,12237,0.0,0.0
2024-09-04 13:35:00-04:00,10.5649995803833,10.569999694824219,10.5600004196167,10.569999694824219,2013,0.0,0.0
2024-09-04 13:40:00-04:00,10.5649995803833,10.59000015258789,10.5649995803833,10.585000038146973,22912,0.0,0.0
2024-09-04 13:45:00-04:00,10.579999923706055,10.59000015258789,10.579999923706055,10.585000038146973,8588,0.0,0.0
2024-09-04 13:50:00-04:00,10.579999923706055,10.609999656677246,10.579999923706055,10.609999656677246,23498,0.0,0.0
2024-09-04 13:55:00-04:00,10.609999656677246,10.609999656677246,10.600000381469727,10.600000381469727,9402,0.0,0.0
2024-09-04 14:00:00-04:00,10.600000381469727,10.609999656677246,10.59000015258789,10.595000267028809,14859,0.0,0.0
2024-09-04 14:05:00-04:00,10.595000267028809,10.600000381469727,10.579999923706055,10.59000015258789,16005,0.0,0.0
2024-09-04 14:10:00-04:00,10.595000267028809,10.600000381469727,10.59000015258789,10.600000381469727,9362,0.0,0.0
2024-09-04 14:15:00-04:00,10.600000381469727,10.640000343322754,10.600000381469727,10.614999771118164,27933,0.0,0.0
2024-09-04 14:20:00-04:00,10.619999885559082,10.619999885559082,10.609999656677246,10.609999656677246,8315,0.0,0.0
2024-09-04 14:25:00-04:00,10.614999771118164,10.630000114440918,10.614999771118164,10.619999885559082,11579,0.0,0.0
2024-09-04 14:30:00-04:00,10.619999885559082,10.630000114440918,10.619999885559082,10.619999885559082,11253,0.0,0.0
2024-09-04 14:35:00-04:00,10.619999885559082,10.619999885559082,10.59000015258789,10.600000381469727,19682,0.0,0.0
2024-09-04 14:40:00-04:00,10.59000015258789,10.600000381469727,10.579999923706055,10.59000015258789,17610,0.0,0.0
2024-09-04 14:45:00-04:00,10.579999923706055,10.59000015258789,10.579999923706055,10.585000038146973,9404,0.0,0.0
2024-09-04 14:50:00-04:00,10.585000038146973,10.59000015258789,10.579999923706055,10.59000015258789,6453,0.0,0.0
2024-09-04 14:55:00-04:00,10.579999923706055,10.59000015258789,10.5600004196167,10.5600004196167,22100,0.0,0.0
2024-09-04 15:00:00-04:00,10.5600004196167,10.5600004196167,10.550000190734863,10.550000190734863,17555,0.0,0.0
2024-09-04 15:05:00-04:00,10.555000305175781,10.5600004196167,10.539999961853027,10.539999961853027,20236,0.0,0.0
2024-09-04 15:10:00-04:00,10.545000076293945,10.549799919128418,10.539999961853027,10.549799919128418,7272,0.0,0.0
2024-09-04 15:15:00-04:00,10.545000076293945,10.56980037689209,10.539999961853027,10.56980037689209,27832,0.0,0.0
2024-09-04 15:20:00-04:00,10.5649995803833,10.59000015258789,10.5649995803833,10.585000038146973,34218,0.0,0.0
2024-09-04 15:25:00-04:00,10.585000038146973,10.595000267028809,10.574999809265137,10.585000038146973,43674,0.0,0.0
2024-09-04 15:30:00-04:00,10.579999923706055,10.589799880981445,10.51099967956543,10.520000457763672,39891,0.0,0.0
2024-09-04 15:35:00-04:00,10.520000457763672,10.539999961853027,10.510000228881836,10.524999618530273,45432,0.0,0.0
2024-09-04 15:40:00-04:00,10.524999618530273,10.550000190734863,10.524999618530273,10.545000076293945,23421,0.0,0.0
2024-09-04 15:45:00-04:00,10.545000076293945,10.555000305175781,10.520000457763672,10.520000457763672,61135,0.0,0.0
2024-09-04 15:50:00-04:00,10.529999732971191,10.53499984741211,10.489999771118164,10.489999771118164,41945,0.0,0.0
2024-09-04 15:55:00-04:00,10.494999885559082,10.5,10.470000267028809,10.470000267028809,188474,0.0,0.0
2024-09-05 09:30:00-04:00,10.539999961853027,10.539999961853027,10.449999809265137,10.489999771118164,73397,0.0,0.0
2024-09-05 09:35:00-04:00,10.510000228881836,10.510000228881836,10.470000267028809,10.5,6598,0.0,0.0
2024-09-05 09:40:00-04:00,10.5,10.5,10.460000038146973,10.475000381469727,14104,0.0,0.0
2024-09-05 09:45:00-04:00,10.479999542236328,10.479999542236328,10.4350004196167,10.4399995803833,10979,0.0,0.0
2024-09-05 09:50:00-04:00,10.4399995803833,10.444999694824219,10.40999984741211,10.4350004196167,15904,0.0,0.0
2024-09-05 09:55:00-04:00,10.4350004196167,10.454999923706055,10.430000305175781,10.430000305175781,21003,0.0,0.0
2024-09-05 10:00:00-04:00,10.460000038146973,10.585000038146973,10.460000038146973,10.579999923706055,25999,0.0,0.0
2024-09-05 10:05:00-04:00,10.585000038146973,10.604999542236328,10.585000038146973,10.59000015258789,7371,0.0,0.0
2024-09-05 10:10:00-04:00,10.59000015258789,10.595000267028809,10.524999618530273,10.529999732971191,10517,0.0,0.0
2024-09-05 10:15:00-04:00,10.524999618530273,10.5649995803833,10.515000343322754,10.555000305175781,11180,0.0,0.0
2024-09-05 10:20:00-04:00,10.555000305175781,10.555000305175781,10.529999732971191,10.550000190734863,17717,0.0,0.0
2024-09-05 10:25:00-04:00,10.550000190734863,10.550000190734863,10.489999771118164,10.505000114440918,11803,0.0,0.0
2024-09-05 10:30:00-04:00,10.510000228881836,10.524999618530273,10.5,10.524999618530273,12515,0.0,0.0
2024-09-05 10:35:00-04:00,10.524999618530273,10.529999732971191,10.515000343322754,10.515000343322754,8926,0.0,0.0
2024-09-05 10:40:00-04:00,10.515000343322754,10.53499984741211,10.5,10.505000114440918,15857,0.0,0.0
2024-09-05 10:45:00-04:00,10.5,10.510000228881836,10.5,10.5,3920,0.0,0.0
2024-09-05 10:50:00-04:00,10.5,10.505000114440918,10.489999771118164,10.505000114440918,17870,0.0,0.0
2024-09-05 10:55:00-04:00,10.510000228881836,10.515000343322754,10.5,10.505000114440918,11520,0.0,0.0
2024-09-05 11:00:00-04:00,10.505000114440918,10.505000114440918,10.494999885559082,10.505000114440918,8865,0.0,0.0
2024-09-05 11:05:00-04:00,10.505000114440918,10.510000228881836,10.489999771118164,10.489999771118164,7843,0.0,0.0
2024-09-05 11:10:00-04:00,10.489999771118164,10.494999885559082,10.46500015258789,10.475000381469727,16039,0.0,0.0
2024-09-05 11:15:00-04:00,10.479999542236328,10.494999885559082,10.479999542236328,10.489999771118164,8616,0.0,0.0
2024-09-05 11:20:00-04:00,10.494999885559082,10.494999885559082,10.484999656677246,10.484999656677246,7936,0.0,0.0
2024-09-05 11:25:00-04:00,10.484999656677246,10.484999656677246,10.454999923706055,10.46500015258789,20168,0.0,0.0
2024-09-05 11:30:00-04:00,10.46500015258789,10.470000267028809,10.449999809265137,10.449999809265137,13460,0.0,0.0
2024-09-05 11:35:00-04:00,10.454999923706055,10.470000267028809,10.454999923706055,10.46500015258789,7781,0.0,0.0
2024-09-05 11:40:00-04:00,10.460000038146973,10.46500015258789,10.420000076293945,10.425000190734863,28462,0.0,0.0
2024-09-05 11:45:00-04:00,10.430000305175781,10.444999694824219,10.425000190734863,10.444999694824219,34700,0.0,0.0
2024-09-05 11:50:00-04:00,10.444999694824219,10.444999694824219,10.430000305175781,10.430000305175781,8987,0.0,0.0
2024-09-05 11:55:00-04:00,10.4399995803833,10.444999694824219,10.4350004196167,10.444999694824219,7181,0.0,0.0
2024-09-05 12:00:00-04:00,10.4399995803833,10.5,10.4399995803833,10.470000267028809,24488,0.0,0.0
2024-09-05 12:05:00-04:00,10.475000381469727,10.484999656677246,10.470000267028809,10.475000381469727,13760,0.0,0.0
2024-09-05 12:10:00-04:00,10.470000267028809,10.479999542236328,10.460000038146973,10.460000038146973,15931,0.0,0.0
2024-09-05 12:15:00-04:00,10.46500015258789,10.46500015258789,10.449999809265137,10.454999923706055,4277,0.0,0.0
2024-09-05 12:20:00-04:00,10.454999923706055,10.489999771118164,10.454999923706055,10.489999771118164,14292,0.0,0.0
2024-09-05 12:25:00-04:00,10.494999885559082,10.4975004196167,10.489999771118164,10.489999771118164,6356,0.0,0.0
2024-09-05 12:30:00-04:00,10.489999771118164,10.489999771118164,10.484999656677246,10.484999656677246,7008,0.0,0.0
2024-09-05 12:35:00-04:00,10.484999656677246,10.494999885559082,10.484999656677246,10.484999656677246,11467,0.0,0.0
2024-09-05 12:40:00-04:00,10.494999885559082,10.494999885559082,10.479999542236328,10.479999542236328,5075,0.0,0.0
2024-09-05 12:45:00-04:00,10.479999542236328,10.484999656677246,10.454999923706055,10.46500015258789,15023,0.0,0.0
2024-09-05 12:50:00-04:00,10.460000038146973,10.475000381469727,10.449999809265137,10.46500015258789,16074,0.0,0.0
2024-09-05 12:55:00-04:00,10.470000267028809,10.484999656677246,10.46500015258789,10.484999656677246,11066,0.0,0.0
2024-09-05 13:00:00-04:00,10.479999542236328,10.479999542236328,10.475000381469727,10.475000381469727,8931,0.0,0.0
2024-09-05 13:05:00-04:00,10.470000267028809,10.470000267028809,10.454999923706055,10.460000038146973,10287,0.0,0.0
2024-09-05 13:10:00-04:00,10.470000267028809,10.475000381469727,10.46500015258789,10.475000381469727,4159,0.0,0.0
2024-09-05 13:15:00-04:00,10.475000381469727,10.475000381469727,10.46500015258789,10.470000267028809,9697,0.0,0.0
2024-09-05 13:20:00-04:00,10.475000381469727,10.479999542236328,10.475000381469727,10.475000381469727,2118,0.0,0.0
2024-09-05 13:25:00-04:00,10.470000267028809,10.475000381469727,10.46500015258789,10.470000267028809,13296,0.0,0.0
2024-09-05 13:30:00-04:00,10.46500015258789,10.475000381469727,10.46500015258789,10.470000267028809,8366,0.0,0.0
2024-09-05 13:35:00-04:00,10.475000381469727,10.494999885559082,10.475000381469727,10.494999885559082,13259,0.0,0.0
2024-09-05 13:40:00-04:00,10.494999885559082,10.500100135803223,10.494999885559082,10.5,9463,0.0,0.0
2024-09-05 13:45:00-04:00,10.489999771118164,10.5,10.489999771118164,10.489999771118164,2682,0.0,0.0
2024-09-05 13:50:00-04:00,10.489999771118164,10.494999885559082,10.479999542236328,10.490300178527832,15020,0.0,0.0
2024-09-05 13:55:00-04:00,10.496000289916992,10.496000289916992,10.489999771118164,10.489999771118164,12006,0.0,0.0
2024-09-05 14:00:00-04:00,10.489999771118164,10.490099906921387,10.475000381469727,10.484999656677246,26680,0.0,0.0
2024-09-05 14:05:00-04:00,10.484999656677246,10.489999771118164,10.479999542236328,10.484999656677246,4922,0.0,0.0
2024-09-05 14:10:00-04:00,10.484999656677246,10.484999656677246,10.479999542236328,10.479999542236328,2546,0.0,0.0
2024-09-05 14:15:00-04:00,10.484999656677246,10.520000457763672,10.479999542236328,10.520000457763672,51957,0.0,0.0
2024-09-05 14:20:00-04:00,10.520000457763672,10.529999732971191,10.520000457763672,10.524999618530273,6861,0.0,0.0
2024-09-05 14:25:00-04:00,10.524999618530273,10.524999618530273,10.510000228881836,10.515000343322754,14943,0.0,0.0
2024-09-05 14:30:00-04:00,10.515000343322754,10.529999732971191,10.515000343322754,10.529999732971191,7630,0.0,0.0
2024-09-05 14:35:00-04:00,10.53499984741211,10.53499984741211,10.510000228881836,10.515000343322754,21036,0.0,0.0
2024-09-05 14:40:00-04:00,10.515000343322754,10.524999618530273,10.489999771118164,10.520000457763672,28899,0.0,0.0
2024-09-05 14:45:00-04:00,10.527199745178223,10.529999732971191,10.524999618530273,10.524999618530273,3194,0.0,0.0
2024-09-05 14:50:00-04:00,10.524999618530273,10.545000076293945,10.524999618530273,10.539999961853027,15819,0.0,0.0
2024-09-05 14:55:00-04:00,10.539999961853027,10.545000076293945,10.515000343322754,10.520000457763672,16165,0.0,0.0
2024-09-05 15:00:00-04:00,10.520000457763672,10.524999618530273,10.510000228881836,10.520000457763672,29683,0.0,0.0
2024-09-05 15:05:00-04:00,10.520000457763672,10.524999618530273,10.510000228881836,10.510000228881836,12004,0.0,0.0
2024-09-05 15:10:00-04:00,10.510000228881836,10.510000228881836,10.449999809265137,10.46500015258789,35094,0.0,0.0
2024-09-05 15:15:00-04:00,10.46500015258789,10.46500015258789,10.449999809265137,10.454999923706055,21543,0.0,0.0
2024-09-05 15:20:00-04:00,10.454999923706055,10.457500457763672,10.449999809265137,10.449999809265137,13160,0.0,0.0
2024-09-05 15:25:00-04:00,10.449999809265137,10.470000267028809,10.449999809265137,10.470000267028809,48583,0.0,0.0
2024-09-05 15:30:00-04:00,10.475000381469727,10.475000381469727,10.449999809265137,10.470000267028809,53519,0.0,0.0
2024-09-05 15:35:00-04:00,10.470000267028809,10.484999656677246,10.460000038146973,10.460000038146973,42521,0.0,0.0
2024-09-05 15:40:00-04:00,10.460000038146973,10.46500015258789,10.449999809265137,10.449999809265137,29010,0.0,0.0
2024-09-05 15:45:00-04:00,10.449999809265137,10.46500015258789,10.4350004196167,10.46500015258789,92266,0.0,0.0
2024-09-05 15:50:00-04:00,10.460000038146973,10.460000038146973,10.390000343322754,10.404999732971191,94756,0.0,0.0
2024-09-05 15:55:00-04:00,10.399999618530273,10.40999984741211,10.390000343322754,10.399999618530273,132451,0.0,0.0
2024-09-06 09:30:00-04:00,10.40999984741211,10.460000038146973,10.40999984741211,10.460000038146973,4803,0.0,0.0
2024-09-06 09:35:00-04:00,10.430000305175781,10.430000305175781,10.420000076293945,10.420000076293945,325,0.0,0.0
2024-09-06 09:40:00-04:00,10.470000267028809,10.470000267028809,10.449999809265137,10.449999809265137,2591,0.0,0.0
2024-09-06 09:45:00-04:00,10.4399995803833,10.479999542236328,10.430000305175781,10.449999809265137,12018,0.0,0.0
2024-09-06 09:50:00-04:00,10.460000038146973,10.5,10.460000038146973,10.470000267028809,6083,0.0,0.0
2024-09-06 09:55:00-04:00,10.460000038146973,10.460000038146973,10.430000305175781,10.430000305175781,2965,0.0,0.0
2024-09-06 10:00:00-04:00,10.430000305175781,10.529999732971191,10.430000305175781,10.46500015258789,37679,0.0,0.0
2024-09-06 10:05:00-04:00,10.46500015258789,10.489999771118164,10.46500015258789,10.489999771118164,21326,0.0,0.0
2024-09-06 10:10:00-04:00,10.5,10.53499984741211,10.5,10.529999732971191,65586,0.0,0.0
2024-09-06 10:15:00-04:00,10.53499984741211,10.5600004196167,10.515000343322754,10.5600004196167,15993,0.0,0.0
2024-09-06 10:20:00-04:00,10.5600004196167,10.5649995803833,10.550000190734863,10.5649995803833,4429,0.0,0.0
2024-09-06 10:25:00-04:00,10.5600004196167,10.595000267028809,10.550000190734863,10.579700469970703,71423,0.0,0.0
2024-09-06 10:30:00-04:00,10.579999923706055,10.579999923706055,10.479999542236328,10.479999542236328,21067,0.0,0.0
2024-09-06 10:35:00-04:00,10.46500015258789,10.5,10.454999923706055,10.5,15176,0.0,0.0
2024-09-06 10:40:00-04:00,10.5,10.510000228881836,10.494999885559082,10.505000114440918,7801,0.0,0.0
2024-09-06 10:45:00-04:00,10.505000114440918,10.529999732971191,10.505000114440918,10.524999618530273,19451,0.0,0.0
2024-09-06 10:50:00-04:00,10.529999732971191,10.555000305175781,10.529999732971191,10.539999961853027,58188,0.0,0.0
2024-09-06 10:55:00-04:00,10.539999961853027,10.585000038146973,10.539999961853027,10.574999809265137,22532,0.0,0.0
2024-09-06 11:00:00-04:00,10.574999809265137,10.6899995803833,10.574999809265137,10.645000457763672,114917,0.0,0.0
2024-09-06 11:05:00-04:00,10.649999618530273,10.649999618530273,10.545000076293945,10.5600004196167,124695,0.0,0.0
2024-09-06 11:10:00-04:00,10.5600004196167,10.5649995803833,10.460000038146973,10.470000267028809,26123,0.0,0.0
2024-09-06 11:15:00-04:00,10.479999542236328,10.479999542236328,10.430000305175781,10.4399995803833,21343,0.0,0.0
2024-09-06 11:20:00-04:00,10.4399995803833,10.4399995803833,10.369999885559082,10.390000343322754,10771,0.0,0.0
2024-09-06 11:25:00-04:00,10.380000114440918,10.380000114440918,10.359999656677246,10.359999656677246,4040,0.0,0.0
2024-09-06 11:30:00-04:00,10.369999885559082,10.390000343322754,10.369999885559082,10.369999885559082,9036,0.0,0.0
2024-09-06 11:35:00-04:00,10.345000267028809,10.345000267028809,10.329999923706055,10.34000015258789,3552,0.0,0.0
2024-09-06 11:40:00-04:00,10.345000267028809,10.4399995803833,10.345000267028809,10.430000305175781,50797,0.0,0.0
2024-09-06 11:45:00-04:00,10.430000305175781,10.430000305175781,10.40999984741211,10.414999961853027,14591,0.0,0.0
2024-09-06 11:50:00-04:00,10.40999984741211,10.425000190734863,10.404999732971191,10.404999732971191,28934,0.0,0.0
2024-09-06 11:55:00-04:00,10.40999984741211,10.430000305175781,10.399999618530273,10.404999732971191,14016,0.0,0.0
2024-09-06 12:00:00-04:00,10.399999618530273,10.40999984741211,10.395000457763672,10.399999618530273,5633,0.0,0.0
2024-09-06 12:05:00-04:00,10.404999732971191,10.414999961853027,10.399999618530273,10.40999984741211,13911,0.0,0.0
2024-09-06 12:10:00-04:00,10.40999984741211,10.4399995803833,10.399999618530273,10.430000305175781,25559,0.0,0.0
2024-09-06 12:15:00-04:00,10.420000076293945,10.425000190734863,10.40999984741211,10.425000190734863,8874,0.0,0.0
2024-09-06 12:20:00-04:00,10.425000190734863,10.444999694824219,10.425000190734863,10.444999694824219,37305,0.0,0.0
2024-09-06 12:25:00-04:00,10.444999694824219,10.460000038146973,10.444999694824219,10.449999809265137,20984,0.0,0.0
2024-09-06 12:30:00-04:00,10.454999923706055,10.470000267028809,10.449999809265137,10.46500015258789,13493,0.0,0.0
2024-09-06 12:35:00-04:00,10.470000267028809,10.5,10.460000038146973,10.460000038146973,33459,0.0,0.0
2024-09-06 12:40:00-04:00,10.460000038146973,10.475000381469727,10.454999923706055,10.470000267028809,31930,0.0,0.0
2024-09-06 12:45:00-04:00,10.470000267028809,10.475000381469727,10.430000305175781,10.460000038146973,34345,0.0,0.0
2024-09-06 12:50:00-04:00,10.454999923706055,10.479999542236328,10.449999809265137,10.46500015258789,33035,0.0,0.0
2024-09-06 12:55:00-04:00,10.470000267028809,10.470000267028809,10.449999809265137,10.449999809265137,27220,0.0,0.0
2024-09-06 13:00:00-04:00,10.449999809265137,10.479999542236328,10.449999809265137,10.475000381469727,32160,0.0,0.0
2024-09-06 13:05:00-04:00,10.475000381469727,10.510000228881836,10.470000267028809,10.5,13333,0.0,0.0
2024-09-06 13:10:00-04:00,10.5,10.5,10.489999771118164,10.489999771118164,15206,0.0,0.0
2024-09-06 13:15:00-04:00,10.494999885559082,10.494999885559082,10.460000038146973,10.460000038146973,15945,0.0,0.0
2024-09-06 13:20:00-04:00,10.46500015258789,10.479999542236328,10.460000038146973,10.479999542236328,7423,0.0,0.0
2024-09-06 13:25:00-04:00,10.484999656677246,10.484999656677246,10.475000381469727,10.484999656677246,7458,0.0,0.0
2024-09-06 13:30:00-04:00,10.484999656677246,10.494999885559082,10.479999542236328,10.479999542236328,15064,0.0,0.0
2024-09-06 13:35:00-04:00,10.479999542236328,10.479999542236328,10.449999809265137,10.449999809265137,12152,0.0,0.0
2024-09-06 13:40:00-04:00,10.449999809265137,10.470000267028809,10.449999809265137,10.460000038146973,13203,0.0,0.0
2024-09-06 13:45:00-04:00,10.470000267028809,10.475000381469727,10.454999923706055,10.470000267028809,14123,0.0,0.0
2024-09-06 13:50:00-04:00,10.470000267028809,10.489999771118164,10.470000267028809,10.484999656677246,10764,0.0,0.0
2024-09-06 13:55:00-04:00,10.489999771118164,10.5,10.470000267028809,10.475000381469727,22010,0.0,0.0
2024-09-06 14:00:00-04:00,10.475000381469727,10.479999542236328,10.449999809265137,10.449999809265137,19259,0.0,0.0
2024-09-06 14:05:00-04:00,10.449999809265137,10.454999923706055,10.449999809265137,10.454999923706055,7591,0.0,0.0
2024-09-06 14:10:00-04:00,10.449999809265137,10.46500015258789,10.430000305175781,10.430000305175781,85815,0.0,0.0
2024-09-06 14:15:00-04:00,10.4350004196167,10.4350004196167,10.420000076293945,10.420000076293945,27435,0.0,0.0
2024-09-06 14:20:00-04:00,10.425000190734863,10.430000305175781,10.399999618530273,10.399999618530273,38715,0.0,0.0
2024-09-06 14:25:00-04:00,10.404999732971191,10.430000305175781,10.395000457763672,10.425000190734863,24797,0.0,0.0
2024-09-06 14:30:00-04:00,10.425000190734863,10.430000305175781,10.420000076293945,10.425000190734863,9071,0.0,0.0
2024-09-06 14:35:00-04:00,10.430000305175781,10.430000305175781,10.40999984741211,10.40999984741211,29589,0.0,0.0
2024-09-06 14:40:00-04:00,10.414999961853027,10.414999961853027,10.385000228881836,10.414999961853027,28491,0.0,0.0
2024-09-06 14:45:00-04:00,10.40999984741211,10.414999961853027,10.395000457763672,10.40999984741211,28596,0.0,0.0
2024-09-06 14:50:00-04:00,10.414999961853027,10.420000076293945,10.40999984741211,10.420000076293945,6724,0.0,0.0
2024-09-06 14:55:00-04:00,10.414999961853027,10.414999961853027,10.399999618530273,10.40999984741211,18777,0.0,0.0
2024-09-06 15:00:00-04:00,10.404999732971191,10.414999961853027,10.399999618530273,10.404999732971191,28150,0.0,0.0
2024-09-06 15:05:00-04:00,10.40999984741211,10.430000305175781,10.404999732971191,10.414999961853027,41022,0.0,0.0
2024-09-06 15:10:00-04:00,10.414999961853027,10.414999961853027,10.399999618530273,10.404999732971191,27379,0.0,0.0
2024-09-06 15:15:00-04:00,10.404999732971191,10.404999732971191,10.364999771118164,10.364999771118164,42874,0.0,0.0
2024-09-06 15:20:00-04:00,10.364999771118164,10.380000114440918,10.350000381469727,10.375,23069,0.0,0.0
2024-09-06 15:25:00-04:00,10.375,10.40999984741211,10.375,10.399999618530273,34496,0.0,0.0
2024-09-06 15:30:00-04:00,10.404999732971191,10.404999732971191,10.395000457763672,10.404999732971191,45092,0.0,0.0
2024-09-06 15:35:00-04:00,10.399999618530273,10.40999984741211,10.380000114440918,10.385000228881836,78976,0.0,0.0
2024-09-06 15:40:00-04:00,10.385000228881836,10.389900207519531,10.380000114440918,10.385000228881836,26856,0.0,0.0
2024-09-06 15:45:00-04:00,10.390000343322754,10.414999961853027,10.390000343322754,10.414999961853027,72963,0.0,0.0
2024-09-06 15:50:00-04:00,10.414999961853027,10.414999961853027,10.390000343322754,10.404999732971191,80433,0.0,0.0
2024-09-06 15:55:00-04:00,10.404999732971191,10.4399995803833,10.404999732971191,10.414999961853027,186629,0.0,0.0
2024-09-09 09:30:00-04:00,10.380000114440918,10.470000267028809,10.350000381469727,10.454999923706055,16234,0.0,0.0
2024-09-09 09:35:00-04:00,10.460000038146973,10.515000343322754,10.449999809265137,10.489999771118164,10689,0.0,0.0
2024-09-09 09:40:00-04:00,10.479999542236328,10.529999732971191,10.470000267028809,10.524999618530273,15295,0.0,0.0
2024-09-09 09:45:00-04:00,10.529999732971191,10.539999961853027,10.510000228881836,10.520000457763672,38641,0.0,0.0
2024-09-09 09:50:00-04:00,10.520000457763672,10.520000457763672,10.479999542236328,10.505000114440918,43773,0.0,0.0
2024-09-09 09:55:00-04:00,10.510000228881836,10.520000457763672,10.5,10.510000228881836,8566,0.0,0.0
2024-09-09 10:00:00-04:00,10.529999732971191,10.569999694824219,10.524999618530273,10.569999694824219,18512,0.0,0.0
2024-09-09 10:05:00-04:00,10.569999694824219,10.609999656677246,10.569999694824219,10.609999656677246,17150,0.0,0.0
2024-09-09 10:10:00-04:00,10.609999656677246,10.614999771118164,10.569999694824219,10.585000038146973,93886,0.0,0.0
2024-09-09 10:15:00-04:00,10.585000038146973,10.645000457763672,10.585000038146973,10.619999885559082,37801,0.0,0.0
2024-09-09 10:20:00-04:00,10.609999656677246,10.614999771118164,10.5649995803833,10.5649995803833,8997,0.0,0.0
2024-09-09 10:25:00-04:00,10.569999694824219,10.579999923706055,10.569999694824219,10.569999694824219,17166,0.0,0.0
2024-09-09 10:30:00-04:00,10.5600004196167,10.5600004196167,10.529999732971191,10.539999961853027,16352,0.0,0.0
2024-09-09 10:35:00-04:00,10.529999732971191,10.5649995803833,10.529999732971191,10.539999961853027,34017,0.0,0.0
2024-09-09 10:40:00-04:00,10.539999961853027,10.5600004196167,10.539999961853027,10.545000076293945,12884,0.0,0.0
2024-09-09 10:45:00-04:00,10.545000076293945,10.5649995803833,10.545000076293945,10.5649995803833,21353,0.0,0.0
2024-09-09 10:50:00-04:00,10.545000076293945,10.545000076293945,10.539999961853027,10.545000076293945,11067,0.0,0.0
2024-09-09 10:55:00-04:00,10.550000190734863,10.585000038146973,10.550000190734863,10.585000038146973,20560,0.0,0.0
2024-09-09 11:00:00-04:00,10.579999923706055,10.59000015258789,10.569999694824219,10.585000038146973,27243,0.0,0.0
2024-09-09 11:05:00-04:00,10.585000038146973,10.595000267028809,10.579999923706055,10.595000267028809,11461,0.0,0.0
2024-09-09 11:10:00-04:00,10.595000267028809,10.595000267028809,10.5600004196167,10.569999694824219,18307,0.0,0.0
2024-09-09 11:15:00-04:00,10.569999694824219,10.569999694824219,10.550000190734863,10.5600004196167,14689,0.0,0.0
2024-09-09 11:20:00-04:00,10.5600004196167,10.579999923706055,10.5600004196167,10.5649995803833,18111,0.0,0.0
2024-09-09 11:25:00-04:00,10.5600004196167,10.5649995803833,10.5600004196167,10.5649995803833,7005,0.0,0.0
2024-09-09 11:30:00-04:00,10.5649995803833,10.579999923706055,10.550000190734863,10.550000190734863,24598,0.0,0.0
2024-09-09 11:35:00-04:00,10.550000190734863,10.574999809265137,10.539999961853027,10.5600004196167,33052,0.0,0.0
2024-09-09 11:40:00-04:00,10.5600004196167,10.574999809265137,10.5600004196167,10.574999809265137,11471,0.0,0.0
2024-09-09 11:45:00-04:00,10.569999694824219,10.574999809265137,10.569999694824219,10.574999809265137,6956,0.0,0.0
2024-09-09 11:50:00-04:00,10.574999809265137,10.585000038146973,10.569999694824219,10.585000038146973,14807,0.0,0.0
2024-09-09 11:55:00-04:00,10.585000038146973,10.58549976348877,10.579999923706055,10.579999923706055,6906,0.0,0.0
2024-09-09 12:00:00-04:00,10.59000015258789,10.600000381469727,10.585000038146973,10.600000381469727,23593,0.0,0.0
2024-09-09 12:05:00-04:00,10.59000015258789,10.595000267028809,10.574999809265137,10.585000038146973,21524,0.0,0.0
2024-09-09 12:10:00-04:00,10.585000038146973,10.585000038146973,10.579999923706055,10.585000038146973,6946,0.0,0.0
2024-09-09 12:15:00-04:00,10.585000038146973,10.585000038146973,10.579999923706055,10.579999923706055,7995,0.0,0.0
2024-09-09 12:20:00-04:00,10.585000038146973,10.585000038146973,10.574999809265137,10.574999809265137,24564,0.0,0.0
2024-09-09 12:25:00-04:00,10.569999694824219,10.569999694824219,10.550000190734863,10.550000190734863,19559,0.0,0.0
2024-09-09 12:30:00-04:00,10.550000190734863,10.550000190734863,10.539999961853027,10.539999961853027,13595,0.0,0.0
2024-09-09 12:35:00-04:00,10.539999961853027,10.539999961853027,10.505000114440918,10.510000228881836,24754,0.0,0.0
2024-09-09 12:40:00-04:00,10.515000343322754,10.515000343322754,10.510000228881836,10.515000343322754,4924,0.0,0.0
2024-09-09 12:45:00-04:00,10.515000343322754,10.520000457763672,10.494999885559082,10.494999885559082,31963,0.0,0.0
2024-09-09 12:50:00-04:00,10.5,10.5,10.489999771118164,10.494999885559082,5652,0.0,0.0
2024-09-09 12:55:00-04:00,10.489999771118164,10.494999885559082,10.489999771118164,10.489999771118164,10212,0.0,0.0
2024-09-09 13:00:00-04:00,10.489999771118164,10.489999771118164,10.479999542236328,10.484999656677246,11944,0.0,0.0
2024-09-09 13:05:00-04:00,10.479999542236328,10.479999542236328,10.470000267028809,10.479999542236328,18634,0.0,0.0
2024-09-09 13:10:00-04:00,10.479999542236328,10.479999542236328,10.4399995803833,10.4399995803833,12768,0.0,0.0
2024-09-09 13:15:00-04:00,10.4399995803833,10.449999809265137,10.4350004196167,10.444999694824219,43358,0.0,0.0
2024-09-09 13:20:00-04:00,10.4399995803833,10.4399995803833,10.399999618530273,10.399999618530273,17561,0.0,0.0
2024-09-09 13:25:00-04:00,10.404999732971191,10.40999984741211,10.399999618530273,10.404999732971191,4997,0.0,0.0
2024-09-09 13:30:00-04:00,10.399999618530273,10.404999732971191,10.380000114440918,10.380000114440918,11853,0.0,0.0
2024-09-09 13:35:00-04:00,10.380000114440918,10.385000228881836,10.380000114440918,10.380000114440918,6154,0.0,0.0
2024-09-09 13:40:00-04:00,10.380000114440918,10.385000228881836,10.380000114440918,10.385000228881836,11114,0.0,0.0
2024-09-09 13:45:00-04:00,10.385000228881836,10.395000457763672,10.385000228881836,10.385000228881836,28058,0.0,0.0
2024-09-09 13:50:00-04:00,10.385000228881836,10.385000228881836,10.350000381469727,10.375,40742,0.0,0.0
2024-09-09 13:55:00-04:00,10.375,10.375,10.329999923706055,10.329999923706055,10877,0.0,0.0
2024-09-09 14:00:00-04:00,10.335000038146973,10.345000267028809,10.329999923706055,10.345000267028809,11134,0.0,0.0
2024-09-09 14:05:00-04:00,10.345000267028809,10.345000267028809,10.34000015258789,10.34000015258789,14931,0.0,0.0
2024-09-09 14:10:00-04:00,10.34000015258789,10.354999542236328,10.335000038146973,10.354999542236328,26553,0.0,0.0
2024-09-09 14:15:00-04:00,10.354999542236328,10.359999656677246,10.354999542236328,10.359999656677246,7517,0.0,0.0
2024-09-09 14:20:00-04:00,10.364999771118164,10.374099731445312,10.364999771118164,10.374099731445312,8284,0.0,0.0
2024-09-09 14:25:00-04:00,10.375,10.375,10.369999885559082,10.369999885559082,16349,0.0,0.0
2024-09-09 14:30:00-04:00,10.369999885559082,10.375,10.369999885559082,10.369999885559082,5624,0.0,0.0
2024-09-09 14:35:00-04:00,10.375,10.375,10.345000267028809,10.345000267028809,25563,0.0,0.0
2024-09-09 14:40:00-04:00,10.34000015258789,10.380000114440918,10.34000015258789,10.380000114440918,29797,0.0,0.0
2024-09-09 14:45:00-04:00,10.375,10.375,10.369999885559082,10.369999885559082,12385,0.0,0.0
2024-09-09 14:50:00-04:00,10.375,10.380000114440918,10.369999885559082,10.375,10486,0.0,0.0
2024-09-09 14:55:00-04:00,10.369999885559082,10.375,10.359999656677246,10.359999656677246,24041,0.0,0.0
2024-09-09 15:00:00-04:00,10.359999656677246,10.364999771118164,10.335000038146973,10.354999542236328,48438,0.0,0.0
2024-09-09 15:05:00-04:00,10.354999542236328,10.385000228881836,10.354999542236328,10.385000228881836,17348,0.0,0.0
2024-09-09 15:10:00-04:00,10.385000228881836,10.385000228881836,10.380000114440918,10.385000228881836,14835,0.0,0.0
2024-09-09 15:15:00-04:00,10.385000228881836,10.390000343322754,10.350000381469727,10.350000381469727,11125,0.0,0.0
2024-09-09 15:20:00-04:00,10.350000381469727,10.350000381469727,10.335000038146973,10.350000381469727,22269,0.0,0.0
2024-09-09 15:25:00-04:00,10.350000381469727,10.364999771118164,10.345000267028809,10.364999771118164,23086,0.0,0.0
2024-09-09 15:30:00-04:00,10.359999656677246,10.369999885559082,10.354999542236328,10.364999771118164,95293,0.0,0.0
2024-09-09 15:35:00-04:00,10.364999771118164,10.375,10.329999923706055,10.335000038146973,55579,0.0,0.0
2024-09-09 15:40:00-04:00,10.335000038146973,10.345000267028809,10.295000076293945,10.300000190734863,73222,0.0,0.0
2024-09-09 15:45:00-04:00,10.300000190734863,10.300000190734863,10.279999732971191,10.289999961853027,94996,0.0,0.0
2024-09-09 15:50:00-04:00,10.289999961853027,10.295000076293945,10.229999542236328,10.239999771118164,163173,0.0,0.0
2024-09-09 15:55:00-04:00,10.244999885559082,10.279999732971191,10.21500015258789,10.260000228881836,472793,0.0,0.0
2024-09-10 09:30:00-04:00,10.25,10.25,10.0600004196167,10.079999923706055,32070,0.0,0.0
2024-09-10 09:35:00-04:00,10.079999923706055,10.079999923706055,9.9399995803833,9.960000038146973,27249,0.0,0.0
2024-09-10 09:40:00-04:00,9.949999809265137,9.989999771118164,9.930000305175781,9.93019962310791,12517,0.0,0.0
2024-09-10 09:45:00-04:00,9.920000076293945,9.930000305175781,9.84000015258789,9.84000015258789,21697,0.0,0.0
2024-09-10 09:50:00-04:00,9.84000015258789,9.84000015258789,9.805000305175781,9.805000305175781,18872,0.0,0.0
2024-09-10 09:55:00-04:00,9.800000190734863,9.800000190734863,9.699999809265137,9.720000267028809,27228,0.0,0.0
2024-09-10 10:00:00-04:00,9.710000038146973,9.720000267028809,9.600000381469727,9.619999885559082,36196,0.0,0.0
2024-09-10 10:05:00-04:00,9.609999656677246,9.619999885559082,9.5,9.574999809265137,58742,0.0,0.0
2024-09-10 10:10:00-04:00,9.569999694824219,9.569999694824219,9.484999656677246,9.515000343322754,52188,0.0,0.0
2024-09-10 10:15:00-04:00,9.520000457763672,9.579999923706055,9.515000343322754,9.529999732971191,33757,0.0,0.0
2024-09-10 10:20:00-04:00,9.520000457763672,9.520000457763672,9.444999694824219,9.444999694824219,32904,0.0,0.0
2024-09-10 10:25:00-04:00,9.449999809265137,9.449999809265137,9.390000343322754,9.430000305175781,72215,0.0,0.0
2024-09-10 10:30:00-04:00,9.430000305175781,9.430000305175781,9.3100004196167,9.319999694824219,54907,0.0,0.0
2024-09-10 10:35:00-04:00,9.324999809265137,9.364999771118164,9.324999809265137,9.350000381469727,36320,0.0,0.0
2024-09-10 10:40:00-04:00,9.345000267028809,9.425000190734863,9.319999694824219,9.420000076293945,46261,0.0,0.0
2024-09-10 10:45:00-04:00,9.40999984741211,9.40999984741211,9.34000015258789,9.350000381469727,62655,0.0,0.0
2024-09-10 10:50:00-04:00,9.359999656677246,9.390000343322754,9.3100004196167,9.354999542236328,59377,0.0,0.0
2024-09-10 10:55:00-04:00,9.369999885559082,9.395000457763672,9.364999771118164,9.390000343322754,24137,0.0,0.0
2024-09-10 11:00:00-04:00,9.395000457763672,9.40999984741211,9.354999542236328,9.354999542236328,12224,0.0,0.0
2024-09-10 11:05:00-04:00,9.350000381469727,9.399999618530273,9.319999694824219,9.395000457763672,77417,0.0,0.0
2024-09-10 11:10:00-04:00,9.399999618530273,9.470000267028809,9.395000457763672,9.449999809265137,52992,0.0,0.0
2024-09-10 11:15:00-04:00,9.454999923706055,9.475000381469727,9.399999618530273,9.420000076293945,35506,0.0,0.0
2024-09-10 11:20:00-04:00,9.40999984741211,9.430000305175781,9.380000114440918,9.420000076293945,38085,0.0,0.0
2024-09-10 11:25:00-04:00,9.420000076293945,9.479999542236328,9.40999984741211,9.449999809265137,76296,0.0,0.0
2024-09-10 11:30:00-04:00,9.454999923706055,9.454999923706055,9.300000190734863,9.359999656677246,50286,0.0,0.0
2024-09-10 11:35:00-04:00,9.359999656677246,9.364999771118164,9.300000190734863,9.300000190734863,38590,0.0,0.0
2024-09-10 11:40:00-04:00,9.296799659729004,9.324999809265137,9.296799659729004,9.319999694824219,13983,0.0,0.0
2024-09-10 11:45:00-04:00,9.3100004196167,9.34000015258789,9.300000190734863,9.305000305175781,52821,0.0,0.0
2024-09-10 11:50:00-04:00,9.3100004196167,9.359999656677246,9.289999961853027,9.295000076293945,47499,0.0,0.0
2024-09-10 11:55:00-04:00,9.295000076293945,9.300000190734863,9.265000343322754,9.289999961853027,52100,0.0,0.0
2024-09-10 12:00:00-04:00,9.279999732971191,9.28499984741211,9.25,9.279999732971191,100043,0.0,0.0
2024-09-10 12:05:00-04:00,9.289999961853027,9.329999923706055,9.279999732971191,9.300000190734863,106623,0.0,0.0
2024-09-10 12:10:00-04:00,9.300000190734863,9.319999694824219,9.28499984741211,9.300000190734863,110493,0.0,0.0
2024-09-10 12:15:00-04:00,9.289999961853027,9.295000076293945,9.25,9.279999732971191,116153,0.0,0.0
2024-09-10 12:20:00-04:00,9.274999618530273,9.279999732971191,9.255000114440918,9.260000228881836,18925,0.0,0.0
2024-09-10 12:25:00-04:00,9.255000114440918,9.260000228881836,9.25,9.255000114440918,34140,0.0,0.0
2024-09-10 12:30:00-04:00,9.260000228881836,9.270000457763672,9.25,9.255000114440918,30497,0.0,0.0
2024-09-10 12:35:00-04:00,9.255000114440918,9.260000228881836,9.25,9.260000228881836,35044,0.0,0.0
2024-09-10 12:40:00-04:00,9.260000228881836,9.265000343322754,9.25,9.265000343322754,46561,0.0,0.0
2024-09-10 12:45:00-04:00,9.260000228881836,9.260000228881836,9.220000267028809,9.244999885559082,65298,0.0,0.0
2024-09-10 12:50:00-04:00,9.247400283813477,9.260000228881836,9.21500015258789,9.244999885559082,40847,0.0,0.0
2024-09-10 12:55:00-04:00,9.248200416564941,9.25,9.220100402832031,9.225000381469727,21850,0.0,0.0
2024-09-10 13:00:00-04:00,9.225000381469727,9.285900115966797,9.220000267028809,9.270000457763672,67136,0.0,0.0
2024-09-10 13:05:00-04:00,9.270000457763672,9.324999809265137,9.260000228881836,9.31980037689209,28865,0.0,0.0
2024-09-10 13:10:00-04:00,9.319999694824219,9.34000015258789,9.300000190734863,9.324999809265137,11572,0.0,0.0
2024-09-10 13:15:00-04:00,9.319999694824219,9.354999542236328,9.3100004196167,9.350000381469727,49789,0.0,0.0
2024-09-10 13:20:00-04:00,9.350000381469727,9.359999656677246,9.34000015258789,9.350000381469727,43606,0.0,0.0
2024-09-10 13:25:00-04:00,9.359999656677246,9.387700080871582,9.345000267028809,9.350000381469727,43449,0.0,0.0
2024-09-10 13:30:00-04:00,9.354999542236328,9.404999732971191,9.345000267028809,9.404999732971191,22625,0.0,0.0
2024-09-10 13:35:00-04:00,9.40999984741211,9.429800033569336,9.390000343322754,9.420000076293945,32515,0.0,0.0
2024-09-10 13:40:00-04:00,9.420000076293945,9.4350004196167,9.420000076293945,9.425000190734863,22857,0.0,0.0
2024-09-10 13:45:00-04:00,9.425000190734863,9.449999809265137,9.420000076293945,9.444999694824219,24452,0.0,0.0
2024-09-10 13:50:00-04:00,9.444999694824219,9.470000267028809,9.430000305175781,9.454999923706055,21376,0.0,0.0
2024-09-10 13:55:00-04:00,9.449999809265137,9.46500015258789,9.4399995803833,9.444999694824219,36604,0.0,0.0
2024-09-10 14:00:00-04:00,9.444999694824219,9.46500015258789,9.430000305175781,9.46500015258789,13231,0.0,0.0
2024-09-10 14:05:00-04:00,9.460000038146973,9.475000381469727,9.420000076293945,9.475000381469727,24502,0.0,0.0
2024-09-10 14:10:00-04:00,9.475000381469727,9.5,9.46500015258789,9.494999885559082,22879,0.0,0.0
2024-09-10 14:15:00-04:00,9.489999771118164,9.539999961853027,9.475000381469727,9.539799690246582,31210,0.0,0.0
2024-09-10 14:20:00-04:00,9.53499984741211,9.5600004196167,9.520000457763672,9.5600004196167,41015,0.0,0.0
2024-09-10 14:25:00-04:00,9.5600004196167,9.604999542236328,9.5600004196167,9.604999542236328,33032,0.0,0.0
2024-09-10 14:30:00-04:00,9.604999542236328,9.609999656677246,9.550000190734863,9.559900283813477,38844,0.0,0.0
2024-09-10 14:35:00-04:00,9.555000305175781,9.574999809265137,9.550000190734863,9.574999809265137,35713,0.0,0.0
2024-09-10 14:40:00-04:00,9.574999809265137,9.59000015258789,9.569999694824219,9.574999809265137,16947,0.0,0.0
2024-09-10 14:45:00-04:00,9.574999809265137,9.65999984741211,9.569999694824219,9.654999732971191,37639,0.0,0.0
2024-09-10 14:50:00-04:00,9.654999732971191,9.675000190734863,9.645000457763672,9.654999732971191,65127,0.0,0.0
2024-09-10 14:55:00-04:00,9.654999732971191,9.680000305175781,9.645000457763672,9.664999961853027,43179,0.0,0.0
2024-09-10 15:00:00-04:00,9.664999961853027,9.670000076293945,9.65999984741211,9.664999961853027,19495,0.0,0.0
2024-09-10 15:05:00-04:00,9.664999961853027,9.6899995803833,9.664999961853027,9.680000305175781,56539,0.0,0.0
2024-09-10 15:10:00-04:00,9.6850004196167,9.699999809265137,9.680000305175781,9.6850004196167,47467,0.0,0.0
2024-09-10 15:15:00-04:00,9.6850004196167,9.725000381469727,9.675000190734863,9.675000190734863,68166,0.0,0.0
2024-09-10 15:20:00-04:00,9.670000076293945,9.694999694824219,9.65999984741211,9.6850004196167,43328,0.0,0.0
2024-09-10 15:25:00-04:00,9.6850004196167,9.71500015258789,9.6850004196167,9.710000038146973,26927,0.0,0.0
2024-09-10 15:30:00-04:00,9.699999809265137,9.704999923706055,9.6899995803833,9.704999923706055,60933,0.0,0.0
2024-09-10 15:35:00-04:00,9.704999923706055,9.710000038146973,9.6899995803833,9.694999694824219,70715,0.0,0.0
2024-09-10 15:40:00-04:00,9.694999694824219,9.720000267028809,9.6899995803833,9.704999923706055,124760,0.0,0.0
2024-09-10 15:45:00-04:00,9.704999923706055,9.765000343322754,9.694999694824219,9.765000343322754,166994,0.0,0.0
2024-09-10 15:50:00-04:00,9.76099967956543,9.770000457763672,9.720000267028809,9.734999656677246,149508,0.0,0.0
2024-09-10 15:55:00-04:00,9.734999656677246,9.760000228881836,9.720000267028809,9.734999656677246,431324,0.0,0.0
2024-09-11 09:30:00-04:00,9.779999732971191,9.819999694824219,9.75,9.8100004196167,27087,0.0,0.0
2024-09-11 09:35:00-04:00,9.8149995803833,9.829999923706055,9.760000228881836,9.760000228881836,15216,0.0,0.0
2024-09-11 09:40:00-04:00,9.760000228881836,9.760000228881836,9.69260025024414,9.699999809265137,28447,0.0,0.0
2024-09-11 09:45:00-04:00,9.694999694824219,9.720000267028809,9.680000305175781,9.680000305175781,12633,0.0,0.0
2024-09-11 09:50:00-04:00,9.680000305175781,9.680000305175781,9.640000343322754,9.650199890136719,7743,0.0,0.0
2024-09-11 09:55:00-04:00,9.654999732971191,9.654999732971191,9.640000343322754,9.640000343322754,4794,0.0,0.0
2024-09-11 10:00:00-04:00,9.630000114440918,9.649999618530273,9.625,9.625,13056,0.0,0.0
2024-09-11 10:05:00-04:00,9.619999885559082,9.619999885559082,9.5649995803833,9.585000038146973,21483,0.0,0.0
2024-09-11 10:10:00-04:00,9.585000038146973,9.619999885559082,9.550000190734863,9.550000190734863,19043,0.0,0.0
2024-09-11 10:15:00-04:00,9.529999732971191,9.53499984741211,9.505000114440918,9.515000343322754,12407,0.0,0.0
2024-09-11 10:20:00-04:00,9.515000343322754,9.545000076293945,9.50409984588623,9.53499984741211,8851,0.0,0.0
2024-09-11 10:25:00-04:00,9.539999961853027,9.545000076293945,9.524999618530273,9.545000076293945,8919,0.0,0.0
2024-09-11 10:30:00-04:00,9.539999961853027,9.555000305175781,9.524999618530273,9.555000305175781,15305,0.0,0.0
2024-09-11 10:35:00-04:00,9.555000305175781,9.5600004196167,9.545000076293945,9.5600004196167,7479,0.0,0.0
2024-09-11 10:40:00-04:00,9.5600004196167,9.5600004196167,9.545000076293945,9.555000305175781,9815,0.0,0.0
2024-09-11 10:45:00-04:00,9.5600004196167,9.569999694824219,9.539999961853027,9.550000190734863,21170,0.0,0.0
2024-09-11 10:50:00-04:00,9.545000076293945,9.555000305175781,9.524999618530273,9.524999618530273,20522,0.0,0.0
2024-09-11 10:55:00-04:00,9.524999618530273,9.545000076293945,9.505000114440918,9.539999961853027,18648,0.0,0.0
2024-09-11 11:00:00-04:00,9.53499984741211,9.5600004196167,9.524999618530273,9.5600004196167,16665,0.0,0.0
2024-09-11 11:05:00-04:00,9.555000305175781,9.569999694824219,9.550000190734863,9.555000305175781,12794,0.0,0.0
2024-09-11 11:10:00-04:00,9.555000305175781,9.569999694824219,9.53499984741211,9.569999694824219,18278,0.0,0.0
2024-09-11 11:15:00-04:00,9.5649995803833,9.569999694824219,9.475000381469727,9.489999771118164,46338,0.0,0.0
2024-09-11 11:20:00-04:00,9.489999771118164,9.494999885559082,9.475000381469727,9.475000381469727,10935,0.0,0.0
2024-09-11 11:25:00-04:00,9.475000381469727,9.484999656677246,9.46500015258789,9.46500015258789,21103,0.0,0.0
2024-09-11 11:30:00-04:00,9.46500015258789,9.475000381469727,9.46500015258789,9.475000381469727,8730,0.0,0.0
2024-09-11 11:35:00-04:00,9.475000381469727,9.479999542236328,9.470000267028809,9.475000381469727,5270,0.0,0.0
2024-09-11 11:40:00-04:00,9.475000381469727,9.520000457763672,9.470000267028809,9.520000457763672,22088,0.0,0.0
2024-09-11 11:45:00-04:00,9.515000343322754,9.604999542236328,9.510000228881836,9.604999542236328,42112,0.0,0.0
2024-09-11 11:50:00-04:00,9.600000381469727,9.609999656677246,9.600000381469727,9.600099563598633,7296,0.0,0.0
2024-09-11 11:55:00-04:00,9.600000381469727,9.600000381469727,9.5649995803833,9.579999923706055,25399,0.0,0.0
2024-09-11 12:00:00-04:00,9.574999809265137,9.59000015258789,9.5649995803833,9.59000015258789,11676,0.0,0.0
2024-09-11 12:05:00-04:00,9.600000381469727,9.616000175476074,9.59000015258789,9.59000015258789,16359,0.0,0.0
2024-09-11 12:10:00-04:00,9.585000038146973,9.585000038146973,9.585000038146973,9.585000038146973,3612,0.0,0.0
2024-09-11 12:15:00-04:00,9.585000038146973,9.59000015258789,9.585000038146973,9.585000038146973,3582,0.0,0.0
2024-09-11 12:20:00-04:00,9.585000038146973,9.595000267028809,9.574999809265137,9.585000038146973,31464,0.0,0.0
2024-09-11 12:25:00-04:00,9.585000038146973,9.640000343322754,9.585000038146973,9.640000343322754,14475,0.0,0.0
2024-09-11 12:30:00-04:00,9.640000343322754,9.640000343322754,9.619999885559082,9.625,23729,0.0,0.0
2024-09-11 12:35:00-04:00,9.625,9.630000114440918,9.619999885559082,9.625,8391,0.0,0.0
2024-09-11 12:40:00-04:00,9.619999885559082,9.630000114440918,9.619999885559082,9.625,8371,0.0,0.0
2024-09-11 12:45:00-04:00,9.625,9.635000228881836,9.619999885559082,9.619999885559082,34422,0.0,0.0
2024-09-11 12:50:00-04:00,9.625,9.630000114440918,9.619999885559082,9.625,4376,0.0,0.0
2024-09-11 12:55:00-04:00,9.625,9.630000114440918,9.614999771118164,9.614999771118164,13997,0.0,0.0
2024-09-11 13:00:00-04:00,9.614999771118164,9.640000343322754,9.614999771118164,9.635000228881836,17469,0.0,0.0
2024-09-11 13:05:00-04:00,9.630000114440918,9.640000343322754,9.630000114440918,9.635000228881836,5558,0.0,0.0
2024-09-11 13:10:00-04:00,9.635000228881836,9.699999809265137,9.635000228881836,9.664999961853027,37248,0.0,0.0
2024-09-11 13:15:00-04:00,9.664999961853027,9.704999923706055,9.664999961853027,9.6850004196167,25609,0.0,0.0
2024-09-11 13:20:00-04:00,9.685999870300293,9.685999870300293,9.675000190734863,9.675000190734863,9503,0.0,0.0
2024-09-11 13:25:00-04:00,9.675000190734863,9.680000305175781,9.670000076293945,9.675000190734863,15172,0.0,0.0
2024-09-11 13:30:00-04:00,9.675000190734863,9.675000190734863,9.675000190734863,9.675000190734863,6037,0.0,0.0
2024-09-11 13:35:00-04:00,9.675000190734863,9.680000305175781,9.675000190734863,9.680000305175781,5383,0.0,0.0
2024-09-11 13:40:00-04:00,9.675000190734863,9.680000305175781,9.664999961853027,9.664999961853027,20590,0.0,0.0
2024-09-11 13:45:00-04:00,9.664999961853027,9.710000038146973,9.664999961853027,9.710000038146973,38870,0.0,0.0
2024-09-11 13:50:00-04:00,9.704999923706055,9.71500015258789,9.704999923706055,9.704999923706055,13530,0.0,0.0
2024-09-11 13:55:00-04:00,9.704999923706055,9.709099769592285,9.699999809265137,9.709099769592285,12099,0.0,0.0
2024-09-11 14:00:00-04:00,9.704999923706055,9.704999923706055,9.704999923706055,9.704999923706055,4871,0.0,0.0
2024-09-11 14:05:00-04:00,9.704999923706055,9.739999771118164,9.704999923706055,9.725000381469727,20045,0.0,0.0
2024-09-11 14:10:00-04:00,9.725000381469727,9.725000381469727,9.694999694824219,9.694999694824219,22231,0.0,0.0
2024-09-11 14:15:00-04:00,9.694999694824219,9.694999694824219,9.6850004196167,9.694999694824219,16404,0.0,0.0
2024-09-11 14:20:00-04:00,9.694999694824219,9.720000267028809,9.694999694824219,9.71500015258789,14951,0.0,0.0
2024-09-11 14:25:00-04:00,9.71500015258789,9.71500015258789,9.71500015258789,9.71500015258789,4074,0.0,0.0
2024-09-11 14:30:00-04:00,9.71500015258789,9.725000381469727,9.71500015258789,9.720000267028809,18365,0.0,0.0
2024-09-11 14:35:00-04:00,9.725000381469727,9.75,9.71500015258789,9.734999656677246,43857,0.0,0.0
2024-09-11 14:40:00-04:00,9.739999771118164,9.75,9.725000381469727,9.734999656677246,21863,0.0,0.0
2024-09-11 14:45:00-04:00,9.734999656677246,9.734999656677246,9.71500015258789,9.715999603271484,11477,0.0,0.0
2024-09-11 14:50:00-04:00,9.71500015258789,9.71500015258789,9.699999809265137,9.704999923706055,23840,0.0,0.0
2024-09-11 14:55:00-04:00,9.704999923706055,9.760000228881836,9.704999923706055,9.755000114440918,48207,0.0,0.0
2024-09-11 15:00:00-04:00,9.75,9.770000457763672,9.75,9.765000343322754,25419,0.0,0.0
2024-09-11 15:05:00-04:00,9.765000343322754,9.795000076293945,9.755000114440918,9.795000076293945,23231,0.0,0.0
2024-09-11 15:10:00-04:00,9.800000190734863,9.805000305175781,9.774999618530273,9.779999732971191,32082,0.0,0.0
2024-09-11 15:15:00-04:00,9.770000457763672,9.774999618530273,9.725000381469727,9.725000381469727,18198,0.0,0.0
2024-09-11 15:20:00-04:00,9.725000381469727,9.770000457763672,9.725000381469727,9.760000228881836,61345,0.0,0.0
2024-09-11 15:25:00-04:00,9.755000114440918,9.770000457763672,9.744999885559082,9.744999885559082,30259,0.0,0.0
2024-09-11 15:30:00-04:00,9.75,9.770000457763672,9.739999771118164,9.770000457763672,101681,0.0,0.0
2024-09-11 15:35:00-04:00,9.774999618530273,9.779999732971191,9.744999885559082,9.744999885559082,56559,0.0,0.0
2024-09-11 15:40:00-04:00,9.75,9.75,9.744999885559082,9.75,29988,0.0,0.0
2024-09-11 15:45:00-04:00,9.744999885559082,9.75,9.710000038146973,9.71500015258789,56520,0.0,0.0
2024-09-11 15:50:00-04:00,9.71500015258789,9.729999542236328,9.699999809265137,9.725000381469727,141904,0.0,0.0
2024-09-11 15:55:00-04:00,9.725000381469727,9.760000228881836,9.710000038146973,9.725000381469727,229981,0.0,0.0
2024-09-12 09:30:00-04:00,9.789999961853027,9.789999961853027,9.710000038146973,9.710000038146973,10664,0.0,0.0
2024-09-12 09:35:00-04:00,9.75,9.770000457763672,9.75,9.75,7528,0.0,0.0
2024-09-12 09:40:00-04:00,9.75,9.758899688720703,9.729999542236328,9.730400085449219,3005,0.0,0.0
2024-09-12 09:45:00-04:00,9.739999771118164,9.744999885559082,9.630000114440918,9.630000114440918,19431,0.0,0.0
2024-09-12 09:50:00-04:00,9.619999885559082,9.65999984741211,9.616600036621094,9.649999618530273,8814,0.0,0.0
2024-09-12 09:55:00-04:00,9.649999618530273,9.673299789428711,9.640000343322754,9.670000076293945,10654,0.0,0.0
2024-09-12 10:00:00-04:00,9.65999984741211,9.664999961853027,9.649999618530273,9.664999961853027,11537,0.0,0.0
2024-09-12 10:05:00-04:00,9.670000076293945,9.6850004196167,9.670000076293945,9.6850004196167,9732,0.0,0.0
2024-09-12 10:10:00-04:00,9.6899995803833,9.729999542236328,9.6899995803833,9.729999542236328,6692,0.0,0.0
2024-09-12 10:15:00-04:00,9.725000381469727,9.755000114440918,9.725000381469727,9.75,21383,0.0,0.0
2024-09-12 10:20:00-04:00,9.75,9.78499984741211,9.729999542236328,9.770000457763672,12706,0.0,0.0
2024-09-12 10:25:00-04:00,9.779999732971191,9.800000190734863,9.760000228881836,9.770000457763672,14805,0.0,0.0
2024-09-12 10:30:00-04:00,9.770000457763672,9.84000015258789,9.770000457763672,9.84000015258789,4651,0.0,0.0
2024-09-12 10:35:00-04:00,9.835000038146973,9.869999885559082,9.819999694824219,9.859999656677246,8606,0.0,0.0
2024-09-12 10:40:00-04:00,9.85990047454834,9.869999885559082,9.856100082397461,9.859999656677246,3228,0.0,0.0
2024-09-12 10:45:00-04:00,9.854999542236328,9.859999656677246,9.835000038146973,9.835000038146973,8532,0.0,0.0
2024-09-12 10:50:00-04:00,9.835000038146973,9.850000381469727,9.824999809265137,9.824999809265137,15293,0.0,0.0
2024-09-12 10:55:00-04:00,9.824999809265137,9.824999809265137,9.774999618530273,9.795000076293945,16201,0.0,0.0
2024-09-12 11:00:00-04:00,9.789999961853027,9.789999961853027,9.779999732971191,9.789999961853027,4209,0.0,0.0
2024-09-12 11:05:00-04:00,9.795000076293945,9.800000190734863,9.770000457763672,9.789999961853027,17506,0.0,0.0
2024-09-12 11:10:00-04:00,9.789999961853027,9.795100212097168,9.789999961853027,9.795100212097168,5164,0.0,0.0
2024-09-12 11:15:00-04:00,9.800000190734863,9.8100004196167,9.78499984741211,9.800000190734863,7391,0.0,0.0
2024-09-12 11:20:00-04:00,9.795000076293945,9.800000190734863,9.789999961853027,9.795000076293945,4487,0.0,0.0
2024-09-12 11:25:00-04:00,9.789999961853027,9.789999961853027,9.760000228881836,9.774999618530273,7536,0.0,0.0
2024-09-12 11:30:00-04:00,9.770000457763672,9.779999732971191,9.765000343322754,9.765000343322754,4816,0.0,0.0
2024-09-12 11:35:00-04:00,9.770000457763672,9.770000457763672,9.760000228881836,9.765000343322754,3621,0.0,0.0
2024-09-12 11:40:00-04:00,9.76930046081543,9.779999732971191,9.755000114440918,9.760000228881836,9246,0.0,0.0
2024-09-12 11:45:00-04:00,9.75,9.755000114440918,9.729999542236328,9.734999656677246,6277,0.0,0.0
2024-09-12 11:50:00-04:00,9.729999542236328,9.744999885559082,9.725000381469727,9.734999656677246,9485,0.0,0.0
2024-09-12 11:55:00-04:00,9.739999771118164,9.739999771118164,9.720000267028809,9.720000267028809,10056,0.0,0.0
2024-09-12 12:00:00-04:00,9.725000381469727,9.744999885559082,9.725000381469727,9.739999771118164,9143,0.0,0.0
2024-09-12 12:05:00-04:00,9.739999771118164,9.739999771118164,9.734999656677246,9.734999656677246,1422,0.0,0.0
2024-09-12 12:10:00-04:00,9.739999771118164,9.744999885559082,9.734999656677246,9.734999656677246,10760,0.0,0.0
2024-09-12 12:15:00-04:00,9.739999771118164,9.739999771118164,9.729999542236328,9.734999656677246,5403,0.0,0.0
2024-09-12 12:20:00-04:00,9.734999656677246,9.734999656677246,9.725000381469727,9.725000381469727,4084,0.0,0.0
2024-09-12 12:25:00-04:00,9.725000381469727,9.734999656677246,9.725000381469727,9.725000381469727,5634,0.0,0.0
2024-09-12 12:30:00-04:00,9.725000381469727,9.725000381469727,9.71500015258789,9.720000267028809,4765,0.0,0.0
2024-09-12 12:35:00-04:00,9.719900131225586,9.720000267028809,9.699999809265137,9.704999923706055,6769,0.0,0.0
2024-09-12 12:40:00-04:00,9.704999923706055,9.725000381469727,9.704999923706055,9.725000381469727,4922,0.0,0.0
2024-09-12 12:45:00-04:00,9.725000381469727,9.725000381469727,9.720000267028809,9.725000381469727,4447,0.0,0.0
2024-09-12 12:50:00-04:00,9.729999542236328,9.75,9.729999542236328,9.744999885559082,15013,0.0,0.0
2024-09-12 12:55:00-04:00,9.744999885559082,9.744999885559082,9.729999542236328,9.729999542236328,9149,0.0,0.0
2024-09-12 13:00:00-04:00,9.725000381469727,9.744999885559082,9.725000381469727,9.744999885559082,4350,0.0,0.0
2024-09-12 13:05:00-04:00,9.739999771118164,9.744999885559082,9.734999656677246,9.734999656677246,4311,0.0,0.0
2024-09-12 13:10:00-04:00,9.729999542236328,9.729999542236328,9.699999809265137,9.699999809265137,9221,0.0,0.0
2024-09-12 13:15:00-04:00,9.704999923706055,9.71500015258789,9.704999923706055,9.71500015258789,4264,0.0,0.0
2024-09-12 13:20:00-04:00,9.71500015258789,9.725000381469727,9.710000038146973,9.725000381469727,5765,0.0,0.0
2024-09-12 13:25:00-04:00,9.725000381469727,9.725000381469727,9.710000038146973,9.710000038146973,10209,0.0,0.0
2024-09-12 13:30:00-04:00,9.710000038146973,9.720000267028809,9.704999923706055,9.71500015258789,4565,0.0,0.0
2024-09-12 13:35:00-04:00,9.720000267028809,9.725000381469727,9.710000038146973,9.71500015258789,11371,0.0,0.0
2024-09-12 13:40:00-04:00,9.71500015258789,9.734999656677246,9.71500015258789,9.734999656677246,4233,0.0,0.0
2024-09-12 13:45:00-04:00,9.729999542236328,9.75,9.725000381469727,9.739999771118164,14016,0.0,0.0
2024-09-12 13:50:00-04:00,9.734999656677246,9.744999885559082,9.734999656677246,9.744999885559082,7712,0.0,0.0
2024-09-12 13:55:00-04:00,9.744999885559082,9.75,9.729999542236328,9.729999542236328,26935,0.0,0.0
2024-09-12 14:00:00-04:00,9.729999542236328,9.734999656677246,9.729999542236328,9.73009967803955,9711,0.0,0.0
2024-09-12 14:05:00-04:00,9.734999656677246,9.73900032043457,9.720000267028809,9.725000381469727,16997,0.0,0.0
2024-09-12 14:10:00-04:00,9.725000381469727,9.729999542236328,9.725000381469727,9.725000381469727,3431,0.0,0.0
2024-09-12 14:15:00-04:00,9.725000381469727,9.729999542236328,9.720000267028809,9.729999542236328,13091,0.0,0.0
2024-09-12 14:20:00-04:00,9.729999542236328,9.734999656677246,9.725000381469727,9.734999656677246,11440,0.0,0.0
2024-09-12 14:25:00-04:00,9.734999656677246,9.739999771118164,9.734999656677246,9.739999771118164,1924,0.0,0.0
2024-09-12 14:30:00-04:00,9.734999656677246,9.734999656677246,9.725000381469727,9.725000381469727,11565,0.0,0.0
2024-09-12 14:35:00-04:00,9.725000381469727,9.734999656677246,9.725000381469727,9.729999542236328,10722,0.0,0.0
2024-09-12 14:40:00-04:00,9.729999542236328,9.739999771118164,9.720000267028809,9.730500221252441,5069,0.0,0.0
2024-09-12 14:45:00-04:00,9.734999656677246,9.739999771118164,9.720000267028809,9.720000267028809,18565,0.0,0.0
2024-09-12 14:50:00-04:00,9.71500015258789,9.71500015258789,9.6850004196167,9.6899995803833,15115,0.0,0.0
2024-09-12 14:55:00-04:00,9.699999809265137,9.710000038146973,9.694999694824219,9.694999694824219,9501,0.0,0.0
2024-09-12 15:00:00-04:00,9.694999694824219,9.720000267028809,9.694999694824219,9.720000267028809,19640,0.0,0.0
2024-09-12 15:05:00-04:00,9.725000381469727,9.75,9.725000381469727,9.75,5645,0.0,0.0
2024-09-12 15:10:00-04:00,9.75,9.755000114440918,9.739999771118164,9.75,32598,0.0,0.0
2024-09-12 15:15:00-04:00,9.75,9.755000114440918,9.720000267028809,9.725000381469727,7742,0.0,0.0
2024-09-12 15:20:00-04:00,9.720000267028809,9.725000381469727,9.720000267028809,9.725000381469727,5555,0.0,0.0
2024-09-12 15:25:00-04:00,9.720000267028809,9.734999656677246,9.720000267028809,9.734999656677246,17394,0.0,0.0
2024-09-12 15:30:00-04:00,9.734999656677246,9.739999771118164,9.6850004196167,9.6899995803833,29820,0.0,0.0
2024-09-12 15:35:00-04:00,9.6899995803833,9.6899995803833,9.664999961853027,9.670000076293945,12310,0.0,0.0
2024-09-12 15:40:00-04:00,9.670000076293945,9.670000076293945,9.654999732971191,9.654999732971191,15321,0.0,0.0
2024-09-12 15:45:00-04:00,9.654999732971191,9.65999984741211,9.640000343322754,9.65999984741211,62980,0.0,0.0
2024-09-12 15:50:00-04:00,9.670000076293945,9.680000305175781,9.649999618530273,9.670000076293945,47823,0.0,0.0
2024-09-12 15:55:00-04:00,9.664999961853027,9.720000267028809,9.65999984741211,9.710000038146973,181296,0.0,0.0
2024-09-13 09:30:00-04:00,9.850000381469727,9.899999618530273,9.800000190734863,9.824999809265137,16283,0.0,0.0
2024-09-13 09:35:00-04:00,9.850000381469727,9.850000381469727,9.779999732971191,9.789999961853027,7223,0.0,0.0
2024-09-13 09:40:00-04:00,9.789999961853027,9.829999923706055,9.75,9.829999923706055,26029,0.0,0.0
2024-09-13 09:45:00-04:00,9.819999694824219,9.869999885559082,9.819999694824219,9.869999885559082,16499,0.0,0.0
2024-09-13 09:50:00-04:00,9.899999618530273,9.920000076293945,9.859999656677246,9.859999656677246,11406,0.0,0.0
2024-09-13 09:55:00-04:00,9.869999885559082,9.899999618530273,9.869999885559082,9.880000114440918,13625,0.0,0.0
2024-09-13 10:00:00-04:00,9.885000228881836,9.920000076293945,9.850000381469727,9.920000076293945,24241,0.0,0.0
2024-09-13 10:05:00-04:00,9.930000305175781,9.960000038146973,9.920000076293945,9.954999923706055,9811,0.0,0.0
2024-09-13 10:10:00-04:00,9.960000038146973,9.994999885559082,9.949999809265137,9.979999542236328,30437,0.0,0.0
2024-09-13 10:15:00-04:00,9.98009967803955,9.994999885559082,9.970000267028809,9.994999885559082,11782,0.0,0.0
2024-09-13 10:20:00-04:00,9.989999771118164,10.005000114440918,9.989999771118164,9.999899864196777,16415,0.0,0.0
2024-09-13 10:25:00-04:00,9.994999885559082,10.0,9.984999656677246,9.989999771118164,13046,0.0,0.0
2024-09-13 10:30:00-04:00,9.984999656677246,9.989999771118164,9.975000381469727,9.979999542236328,8738,0.0,0.0
2024-09-13 10:35:00-04:00,9.979999542236328,10.0,9.975000381469727,9.994999885559082,13723,0.0,0.0
2024-09-13 10:40:00-04:00,9.994999885559082,9.994999885559082,9.975000381469727,9.979999542236328,9721,0.0,0.0
2024-09-13 10:45:00-04:00,9.984999656677246,9.990799903869629,9.960000038146973,9.979999542236328,11933,0.0,0.0
2024-09-13 10:50:00-04:00,9.984999656677246,9.989999771118164,9.970000267028809,9.975000381469727,11643,0.0,0.0
2024-09-13 10:55:00-04:00,9.975000381469727,9.994999885559082,9.975000381469727,9.989999771118164,18457,0.0,0.0
2024-09-13 11:00:00-04:00,9.994999885559082,9.994999885559082,9.970000267028809,9.989999771118164,8727,0.0,0.0
2024-09-13 11:05:00-04:00,9.984999656677246,9.984999656677246,9.970000267028809,9.970000267028809,6359,0.0,0.0
2024-09-13 11:10:00-04:00,9.970000267028809,9.984999656677246,9.96500015258789,9.96500015258789,8147,0.0,0.0
2024-09-13 11:15:00-04:00,9.960000038146973,9.96500015258789,9.925000190734863,9.925000190734863,10814,0.0,0.0
2024-09-13 11:20:00-04:00,9.920000076293945,9.920000076293945,9.890000343322754,9.904999732971191,8785,0.0,0.0
2024-09-13 11:25:00-04:00,9.90999984741211,9.90999984741211,9.875,9.885000228881836,17702,0.0,0.0
2024-09-13 11:30:00-04:00,9.885000228881836,9.899999618530273,9.864999771118164,9.864999771118164,14213,0.0,0.0
2024-09-13 11:35:00-04:00,9.869999885559082,9.890000343322754,9.864999771118164,9.875,9487,0.0,0.0
2024-09-13 11:40:00-04:00,9.875,9.899999618530273,9.8725004196167,9.895000457763672,12607,0.0,0.0
2024-09-13 11:45:00-04:00,9.895000457763672,9.904999732971191,9.890000343322754,9.899999618530273,9513,0.0,0.0
2024-09-13 11:50:00-04:00,9.890000343322754,9.904999732971191,9.890000343322754,9.899999618530273,7984,0.0,0.0
2024-09-13 11:55:00-04:00,9.904999732971191,9.904999732971191,9.885000228881836,9.899999618530273,6022,0.0,0.0
2024-09-13 12:00:00-04:00,9.895000457763672,9.899999618530273,9.885000228881836,9.885000228881836,14078,0.0,0.0
2024-09-13 12:05:00-04:00,9.885000228881836,9.899999618530273,9.875,9.890000343322754,13214,0.0,0.0
2024-09-13 12:10:00-04:00,9.895000457763672,9.925000190734863,9.895000457763672,9.925000190734863,16314,0.0,0.0
2024-09-13 12:15:00-04:00,9.930000305175781,9.930000305175781,9.904999732971191,9.925000190734863,27195,0.0,0.0
2024-09-13 12:20:00-04:00,9.930000305175781,9.930000305175781,9.914999961853027,9.914999961853027,10576,0.0,0.0
2024-09-13 12:25:00-04:00,9.920000076293945,9.920000076293945,9.902700424194336,9.914999961853027,6859,0.0,0.0
2024-09-13 12:30:00-04:00,9.914999961853027,9.914999961853027,9.885000228881836,9.904999732971191,8883,0.0,0.0
2024-09-13 12:35:00-04:00,9.904999732971191,9.904999732971191,9.890000343322754,9.890000343322754,4305,0.0,0.0
2024-09-13 12:40:00-04:00,9.885000228881836,9.895000457763672,9.885000228881836,9.885000228881836,5957,0.0,0.0
2024-09-13 12:45:00-04:00,9.880000114440918,9.890000343322754,9.875,9.885000228881836,13028,0.0,0.0
2024-09-13 12:50:00-04:00,9.885000228881836,9.895000457763672,9.880900382995605,9.890000343322754,4532,0.0,0.0
2024-09-13 12:55:00-04:00,9.890000343322754,9.895000457763672,9.880000114440918,9.880000114440918,9551,0.0,0.0
2024-09-13 13:00:00-04:00,9.869999885559082,9.880000114440918,9.869999885559082,9.875,1466,0.0,0.0
2024-09-13 13:05:00-04:00,9.875,9.880000114440918,9.875,9.880000114440918,2664,0.0,0.0
2024-09-13 13:10:00-04:00,9.880000114440918,9.880000114440918,9.864999771118164,9.864999771118164,4110,0.0,0.0
2024-09-13 13:15:00-04:00,9.859999656677246,9.869999885559082,9.859999656677246,9.869999885559082,3095,0.0,0.0
2024-09-13 13:20:00-04:00,9.859999656677246,9.864999771118164,9.845000267028809,9.854999542236328,13280,0.0,0.0
2024-09-13 13:25:00-04:00,9.854999542236328,9.869999885559082,9.854999542236328,9.859999656677246,4765,0.0,0.0
2024-09-13 13:30:00-04:00,9.864999771118164,9.869999885559082,9.845000267028809,9.850000381469727,6477,0.0,0.0
2024-09-13 13:35:00-04:00,9.850000381469727,9.854999542236328,9.84000015258789,9.854999542236328,6699,0.0,0.0
2024-09-13 13:40:00-04:00,9.850000381469727,9.850000381469727,9.845000267028809,9.850000381469727,4643,0.0,0.0
2024-09-13 13:45:00-04:00,9.845000267028809,9.90999984741211,9.84000015258789,9.895000457763672,31194,0.0,0.0
2024-09-13 13:50:00-04:00,9.895000457763672,9.899999618530273,9.864999771118164,9.869999885559082,13723,0.0,0.0
2024-09-13 13:55:00-04:00,9.866000175476074,9.866000175476074,9.835000038146973,9.84000015258789,10236,0.0,0.0
2024-09-13 14:00:00-04:00,9.845000267028809,9.850000381469727,9.835000038146973,9.850000381469727,13586,0.0,0.0
2024-09-13 14:05:00-04:00,9.859999656677246,9.880000114440918,9.859999656677246,9.880000114440918,7618,0.0,0.0
2024-09-13 14:10:00-04:00,9.880000114440918,9.880000114440918,9.864999771118164,9.869999885559082,7350,0.0,0.0
2024-09-13 14:15:00-04:00,9.869999885559082,9.880000114440918,9.869999885559082,9.880000114440918,3454,0.0,0.0
2024-09-13 14:20:00-04:00,9.875,9.880000114440918,9.854999542236328,9.859999656677246,15169,0.0,0.0
2024-09-13 14:25:00-04:00,9.859999656677246,9.859999656677246,9.850000381469727,9.859999656677246,5001,0.0,0.0
2024-09-13 14:30:00-04:00,9.850000381469727,9.859999656677246,9.829999923706055,9.854999542236328,10085,0.0,0.0
2024-09-13 14:35:00-04:00,9.854999542236328,9.854999542236328,9.829999923706055,9.84000015258789,9185,0.0,0.0
2024-09-13 14:40:00-04:00,9.835000038146973,9.84000015258789,9.829999923706055,9.835000038146973,4163,0.0,0.0
2024-09-13 14:45:00-04:00,9.835000038146973,9.84000015258789,9.8149995803833,9.824999809265137,15948,0.0,0.0
2024-09-13 14:50:00-04:00,9.824999809265137,9.824999809265137,9.789999961853027,9.8149995803833,22452,0.0,0.0
2024-09-13 14:55:00-04:00,9.819999694824219,9.829999923706055,9.805000305175781,9.829999923706055,10087,0.0,0.0
2024-09-13 15:00:00-04:00,9.819999694824219,9.819999694824219,9.805000305175781,9.8100004196167,13738,0.0,0.0
2024-09-13 15:05:00-04:00,9.819999694824219,9.84000015258789,9.819999694824219,9.835000038146973,7763,0.0,0.0
2024-09-13 15:10:00-04:00,9.84000015258789,9.84000015258789,9.789999961853027,9.800000190734863,16742,0.0,0.0
2024-09-13 15:15:00-04:00,9.800000190734863,9.819999694824219,9.795000076293945,9.8100004196167,21205,0.0,0.0
2024-09-13 15:20:00-04:00,9.8149995803833,9.8149995803833,9.795000076293945,9.795000076293945,16072,0.0,0.0
2024-09-13 15:25:00-04:00,9.795000076293945,9.805000305175781,9.795000076293945,9.800000190734863,12264,0.0,0.0
2024-09-13 15:30:00-04:00,9.805000305175781,9.864999771118164,9.795000076293945,9.859999656677246,37352,0.0,0.0
2024-09-13 15:35:00-04:00,9.854999542236328,9.859999656677246,9.8100004196167,9.819999694824219,24797,0.0,0.0
2024-09-13 15:40:00-04:00,9.819999694824219,9.824999809265137,9.795000076293945,9.805000305175781,24127,0.0,0.0
2024-09-13 15:45:00-04:00,9.805000305175781,9.819999694824219,9.800000190734863,9.800000190734863,54178,0.0,0.0
2024-09-13 15:50:00-04:00,9.8100004196167,9.819999694824219,9.795000076293945,9.8100004196167,67121,0.0,0.0
2024-09-13 15:55:00-04:00,9.8149995803833,9.869999885559082,9.8149995803833,9.859999656677246,204192,0.0,0.0
