Datetime,Open,High,Low,Close,Volume,Dividends,Stock Splits
2024-08-15 09:30:00-04:00,1.309999942779541,1.3901000022888184,1.309999942779541,1.3901000022888184,0,0.0,0.0
2024-08-15 09:40:00-04:00,1.3600000143051147,1.3600000143051147,1.3600000143051147,1.3600000143051147,701,0.0,0.0
2024-08-15 10:00:00-04:00,1.3899999856948853,1.3899999856948853,1.3899999856948853,1.3899999856948853,721,0.0,0.0
2024-08-15 10:10:00-04:00,1.4149999618530273,1.4149999618530273,1.4149999618530273,1.4149999618530273,200,0.0,0.0
2024-08-15 10:15:00-04:00,1.440000057220459,1.440000057220459,1.4244999885559082,1.4244999885559082,1307,0.0,0.0
2024-08-15 10:25:00-04:00,1.4299999475479126,1.4299999475479126,1.3905999660491943,1.3914999961853027,7065,0.0,0.0
2024-08-15 10:35:00-04:00,1.3899999856948853,1.3899999856948853,1.3899999856948853,1.3899999856948853,748,0.0,0.0
2024-08-15 11:25:00-04:00,1.409999966621399,1.409999966621399,1.409999966621399,1.409999966621399,551,0.0,0.0
2024-08-15 11:30:00-04:00,1.409999966621399,1.409999966621399,1.409999966621399,1.409999966621399,246,0.0,0.0
2024-08-15 11:35:00-04:00,1.4199999570846558,1.4503999948501587,1.4199999570846558,1.4503999948501587,1649,0.0,0.0
2024-08-15 11:40:00-04:00,1.4500000476837158,1.4500000476837158,1.4500000476837158,1.4500000476837158,1222,0.0,0.0
2024-08-15 11:45:00-04:00,1.4800000190734863,1.4800000190734863,1.4800000190734863,1.4800000190734863,541,0.0,0.0
2024-08-15 11:50:00-04:00,1.4800000190734863,1.4800000190734863,1.4800000190734863,1.4800000190734863,1536,0.0,0.0
2024-08-15 12:00:00-04:00,1.4800000190734863,1.4800000190734863,1.4800000190734863,1.4800000190734863,0,0.0,0.0
2024-08-15 12:05:00-04:00,1.4819999933242798,1.4819999933242798,1.4500000476837158,1.4500000476837158,2574,0.0,0.0
2024-08-15 12:35:00-04:00,1.4500000476837158,1.4700000286102295,1.4500000476837158,1.4700000286102295,505,0.0,0.0
2024-08-15 12:55:00-04:00,1.4687999486923218,1.4687999486923218,1.4687999486923218,1.4687999486923218,516,0.0,0.0
2024-08-15 13:20:00-04:00,1.4700000286102295,1.4900000095367432,1.4700000286102295,1.4900000095367432,3968,0.0,0.0
2024-08-15 13:25:00-04:00,1.4900000095367432,1.5,1.4900000095367432,1.4910000562667847,2780,0.0,0.0
2024-08-15 13:30:00-04:00,1.5099999904632568,1.5299999713897705,1.5099999904632568,1.5199999809265137,1453,0.0,0.0
2024-08-15 13:40:00-04:00,1.5099999904632568,1.5099999904632568,1.4800000190734863,1.4800000190734863,853,0.0,0.0
2024-08-15 13:45:00-04:00,1.4900000095367432,1.4900000095367432,1.4900000095367432,1.4900000095367432,356,0.0,0.0
2024-08-15 14:10:00-04:00,1.5099999904632568,1.5099999904632568,1.5099999904632568,1.5099999904632568,1237,0.0,0.0
2024-08-15 14:30:00-04:00,1.4500000476837158,1.4500000476837158,1.4500000476837158,1.4500000476837158,514,0.0,0.0
2024-08-15 14:50:00-04:00,1.5,1.5,1.5,1.5,401,0.0,0.0
2024-08-15 15:00:00-04:00,1.4800000190734863,1.4800000190734863,1.4800000190734863,1.4800000190734863,160,0.0,0.0
2024-08-15 15:15:00-04:00,1.5399999618530273,1.5399999618530273,1.5399999618530273,1.5399999618530273,1206,0.0,0.0
2024-08-15 15:40:00-04:00,1.4700000286102295,1.4700000286102295,1.4700000286102295,1.4700000286102295,676,0.0,0.0
2024-08-15 15:50:00-04:00,1.4609999656677246,1.4637999534606934,1.4500000476837158,1.4637999534606934,1863,0.0,0.0
2024-08-15 15:55:00-04:00,1.4639999866485596,1.4700000286102295,1.4600000381469727,1.4700000286102295,481,0.0,0.0
2024-08-16 09:30:00-04:00,1.4800000190734863,1.4800000190734863,1.4800000190734863,1.4800000190734863,296,0.0,0.0
2024-08-16 09:35:00-04:00,1.5199999809265137,1.5800000429153442,1.5199999809265137,1.5800000429153442,3145,0.0,0.0
2024-08-16 09:40:00-04:00,1.5800000429153442,1.600000023841858,1.5800000429153442,1.600000023841858,1565,0.0,0.0
2024-08-16 09:45:00-04:00,1.559999942779541,1.559999942779541,1.5049999952316284,1.5049999952316284,1356,0.0,0.0
2024-08-16 09:50:00-04:00,1.4600000381469727,1.4600000381469727,1.4600000381469727,1.4600000381469727,688,0.0,0.0
2024-08-16 10:35:00-04:00,1.4652999639511108,1.4652999639511108,1.4652999639511108,1.4652999639511108,1399,0.0,0.0
2024-08-16 12:30:00-04:00,1.5,1.5,1.5,1.5,706,0.0,0.0
2024-08-16 12:40:00-04:00,1.5399999618530273,1.5399999618530273,1.5049999952316284,1.5049999952316284,1002,0.0,0.0
2024-08-16 12:50:00-04:00,1.5390000343322754,1.645300030708313,1.5390000343322754,1.6298999786376953,4276,0.0,0.0
2024-08-16 13:25:00-04:00,1.5477999448776245,1.5499999523162842,1.5477999448776245,1.5499999523162842,3125,0.0,0.0
2024-08-16 13:30:00-04:00,1.5200999975204468,1.5200999975204468,1.5200999975204468,1.5200999975204468,501,0.0,0.0
2024-08-16 13:35:00-04:00,1.5299999713897705,1.5299999713897705,1.5299999713897705,1.5299999713897705,576,0.0,0.0
2024-08-16 14:30:00-04:00,1.5099999904632568,1.5099999904632568,1.5099999904632568,1.5099999904632568,511,0.0,0.0
2024-08-16 14:40:00-04:00,1.5199999809265137,1.5199999809265137,1.5199999809265137,1.5199999809265137,146,0.0,0.0
2024-08-16 14:50:00-04:00,1.5299999713897705,1.5299999713897705,1.5299999713897705,1.5299999713897705,467,0.0,0.0
2024-08-16 15:05:00-04:00,1.4600000381469727,1.4600000381469727,1.4600000381469727,1.4600000381469727,125,0.0,0.0
2024-08-16 15:20:00-04:00,1.5099999904632568,1.5099999904632568,1.5099999904632568,1.5099999904632568,2250,0.0,0.0
2024-08-16 15:55:00-04:00,1.5199999809265137,1.5199999809265137,1.5199999809265137,1.5199999809265137,559,0.0,0.0
2024-08-19 09:30:00-04:00,1.4900000095367432,1.4900000095367432,1.3799999952316284,1.4198999404907227,4321,0.0,0.0
2024-08-19 09:35:00-04:00,1.409999966621399,1.409999966621399,1.409999966621399,1.409999966621399,5500,0.0,0.0
2024-08-19 09:45:00-04:00,1.399999976158142,1.399999976158142,1.399999976158142,1.399999976158142,755,0.0,0.0
2024-08-19 10:00:00-04:00,1.4112000465393066,1.4199999570846558,1.3899999856948853,1.3899999856948853,4884,0.0,0.0
2024-08-19 10:05:00-04:00,1.382200002670288,1.382200002670288,1.382200002670288,1.382200002670288,390,0.0,0.0
2024-08-19 10:10:00-04:00,1.3901000022888184,1.4499000310897827,1.3901000022888184,1.4499000310897827,550,0.0,0.0
2024-08-19 10:15:00-04:00,1.3899999856948853,1.3899999856948853,1.3899999856948853,1.3899999856948853,250,0.0,0.0
2024-08-19 10:20:00-04:00,1.4000999927520752,1.4000999927520752,1.4000999927520752,1.4000999927520752,626,0.0,0.0
2024-08-19 10:30:00-04:00,1.399999976158142,1.4299999475479126,1.399999976158142,1.4299999475479126,202,0.0,0.0
2024-08-19 10:40:00-04:00,1.3899999856948853,1.3899999856948853,1.3899999856948853,1.3899999856948853,111,0.0,0.0
2024-08-19 10:50:00-04:00,1.3899999856948853,1.3899999856948853,1.3700000047683716,1.3700000047683716,2508,0.0,0.0
2024-08-19 10:55:00-04:00,1.3700000047683716,1.3700000047683716,1.3700000047683716,1.3700000047683716,225,0.0,0.0
2024-08-19 11:10:00-04:00,1.3798999786376953,1.3899999856948853,1.3798999786376953,1.3899999856948853,1827,0.0,0.0
2024-08-19 11:25:00-04:00,1.3700000047683716,1.3700000047683716,1.3300000429153442,1.340000033378601,1491,0.0,0.0
2024-08-19 11:35:00-04:00,1.3301000595092773,1.3795000314712524,1.3200000524520874,1.3200000524520874,8078,0.0,0.0
2024-08-19 11:40:00-04:00,1.2899999618530273,1.3183000087738037,1.2799999713897705,1.3183000087738037,7190,0.0,0.0
2024-08-19 11:45:00-04:00,1.4199999570846558,1.4199999570846558,1.4199999570846558,1.4199999570846558,431,0.0,0.0
2024-08-19 11:50:00-04:00,1.3899999856948853,1.3899999856948853,1.3899999856948853,1.3899999856948853,0,0.0,0.0
2024-08-19 12:00:00-04:00,1.3799999952316284,1.3799999952316284,1.3799999952316284,1.3799999952316284,1009,0.0,0.0
2024-08-19 12:30:00-04:00,1.350000023841858,1.399899959564209,1.350000023841858,1.399899959564209,4009,0.0,0.0
2024-08-19 13:15:00-04:00,1.3300000429153442,1.3700000047683716,1.2599999904632568,1.320099949836731,14956,0.0,0.0
2024-08-19 14:35:00-04:00,1.3350000381469727,1.3380000591278076,1.3350000381469727,1.3380000591278076,4525,0.0,0.0
2024-08-19 14:55:00-04:00,1.2843999862670898,1.2843999862670898,1.2843999862670898,1.2843999862670898,2110,0.0,0.0
2024-08-19 15:00:00-04:00,1.284999966621399,1.284999966621399,1.284999966621399,1.284999966621399,307,0.0,0.0
2024-08-19 15:05:00-04:00,1.294800043106079,1.294800043106079,1.294800043106079,1.294800043106079,164,0.0,0.0
2024-08-19 15:10:00-04:00,1.250100016593933,1.3200000524520874,1.250100016593933,1.3200000524520874,1684,0.0,0.0
2024-08-19 15:30:00-04:00,1.3200000524520874,1.3200000524520874,1.3200000524520874,1.3200000524520874,576,0.0,0.0
2024-08-19 15:35:00-04:00,1.3300000429153442,1.3300000429153442,1.3289999961853027,1.3300000429153442,2642,0.0,0.0
2024-08-19 15:40:00-04:00,1.350000023841858,1.350000023841858,1.3200000524520874,1.3200000524520874,1568,0.0,0.0
2024-08-19 15:50:00-04:00,1.3616000413894653,1.3616000413894653,1.3616000413894653,1.3616000413894653,2582,0.0,0.0
2024-08-19 15:55:00-04:00,1.3550000190734863,1.3899999856948853,1.3550000190734863,1.3550000190734863,5842,0.0,0.0
2024-08-20 09:30:00-04:00,1.3600000143051147,1.3799999952316284,1.3202999830245972,1.3202999830245972,8814,0.0,0.0
2024-08-20 09:35:00-04:00,1.342900037765503,1.342900037765503,1.342900037765503,1.342900037765503,0,0.0,0.0
2024-08-20 09:40:00-04:00,1.3492000102996826,1.3492000102996826,1.3460999727249146,1.3460999727249146,614,0.0,0.0
2024-08-20 09:50:00-04:00,1.2803000211715698,1.2803000211715698,1.2803000211715698,1.2803000211715698,7094,0.0,0.0
2024-08-20 09:55:00-04:00,1.350000023841858,1.350000023841858,1.350000023841858,1.350000023841858,1389,0.0,0.0
2024-08-20 10:00:00-04:00,1.3420000076293945,1.3420000076293945,1.3420000076293945,1.3420000076293945,304,0.0,0.0
2024-08-20 10:25:00-04:00,1.3799999952316284,1.3799999952316284,1.3799999952316284,1.3799999952316284,1038,0.0,0.0
2024-08-20 10:35:00-04:00,1.3899999856948853,1.3899999856948853,1.3899999856948853,1.3899999856948853,302,0.0,0.0
2024-08-20 10:45:00-04:00,1.3899999856948853,1.3899999856948853,1.3899999856948853,1.3899999856948853,359,0.0,0.0
2024-08-20 10:55:00-04:00,1.350000023841858,1.350000023841858,1.350000023841858,1.350000023841858,1039,0.0,0.0
2024-08-20 11:20:00-04:00,1.350000023841858,1.350000023841858,1.340000033378601,1.340000033378601,1463,0.0,0.0
2024-08-20 11:35:00-04:00,1.315000057220459,1.3300000429153442,1.281999945640564,1.281999945640564,1607,0.0,0.0
2024-08-20 12:10:00-04:00,1.3300000429153442,1.378000020980835,1.3300000429153442,1.3700000047683716,1755,0.0,0.0
2024-08-20 13:00:00-04:00,1.3600000143051147,1.378000020980835,1.350000023841858,1.350000023841858,2373,0.0,0.0
2024-08-20 13:05:00-04:00,1.3650000095367432,1.399999976158142,1.350100040435791,1.399999976158142,4410,0.0,0.0
2024-08-20 13:15:00-04:00,1.399999976158142,1.4002000093460083,1.399999976158142,1.4002000093460083,400,0.0,0.0
2024-08-20 13:20:00-04:00,1.394700050354004,1.4199999570846558,1.394700050354004,1.399999976158142,7763,0.0,0.0
2024-08-20 13:55:00-04:00,1.3980000019073486,1.399999976158142,1.375,1.375,2157,0.0,0.0
2024-08-20 14:05:00-04:00,1.3583999872207642,1.3583999872207642,1.3583999872207642,1.3583999872207642,960,0.0,0.0
2024-08-20 14:20:00-04:00,1.3600000143051147,1.3600000143051147,1.350000023841858,1.350000023841858,1490,0.0,0.0
2024-08-20 14:55:00-04:00,1.399999976158142,1.399999976158142,1.399999976158142,1.399999976158142,204,0.0,0.0
2024-08-20 15:00:00-04:00,1.4049999713897705,1.4049999713897705,1.4049999713897705,1.4049999713897705,180,0.0,0.0
2024-08-20 15:10:00-04:00,1.4190000295639038,1.4190000295639038,1.4184999465942383,1.4184999465942383,2587,0.0,0.0
2024-08-20 15:35:00-04:00,1.3899999856948853,1.3910000324249268,1.3899999856948853,1.3910000324249268,2583,0.0,0.0
2024-08-20 15:45:00-04:00,1.3899999856948853,1.4182000160217285,1.3899999856948853,1.4182000160217285,2701,0.0,0.0
2024-08-20 15:50:00-04:00,1.3899999856948853,1.3899999856948853,1.3700000047683716,1.3700000047683716,1800,0.0,0.0
2024-08-20 15:55:00-04:00,1.399999976158142,1.399999976158142,1.399999976158142,1.399999976158142,1860,0.0,0.0
2024-08-21 09:30:00-04:00,1.309999942779541,1.3949999809265137,1.309999942779541,1.309999942779541,7653,0.0,0.0
2024-08-21 09:35:00-04:00,1.309999942779541,1.309999942779541,1.2699999809265137,1.2699999809265137,8362,0.0,0.0
2024-08-21 09:40:00-04:00,1.2979999780654907,1.2999999523162842,1.2979999780654907,1.2999999523162842,22108,0.0,0.0
2024-08-21 09:45:00-04:00,1.345900058746338,1.3799999952316284,1.309999942779541,1.3799999952316284,1275,0.0,0.0
2024-08-21 09:50:00-04:00,1.3799999952316284,1.3799999952316284,1.3203999996185303,1.3203999996185303,4476,0.0,0.0
2024-08-21 09:55:00-04:00,1.3278000354766846,1.3278000354766846,1.3278000354766846,1.3278000354766846,1,0.0,0.0
2024-08-21 10:00:00-04:00,1.309999942779541,1.313099980354309,1.309999942779541,1.313099980354309,1202,0.0,0.0
2024-08-21 10:10:00-04:00,1.3300000429153442,1.3300000429153442,1.3299000263214111,1.3299000263214111,300,0.0,0.0
2024-08-21 10:15:00-04:00,1.3284000158309937,1.3289999961853027,1.3284000158309937,1.3289999961853027,729,0.0,0.0
2024-08-21 10:25:00-04:00,1.3350000381469727,1.3350000381469727,1.3177000284194946,1.3177000284194946,2328,0.0,0.0
2024-08-21 10:35:00-04:00,1.3600000143051147,1.3600000143051147,1.3600000143051147,1.3600000143051147,3106,0.0,0.0
2024-08-21 10:40:00-04:00,1.340000033378601,1.3600000143051147,1.340000033378601,1.3598999977111816,1200,0.0,0.0
2024-08-21 10:45:00-04:00,1.3600000143051147,1.3600000143051147,1.3600000143051147,1.3600000143051147,1800,0.0,0.0
2024-08-21 10:50:00-04:00,1.3220000267028809,1.3300000429153442,1.3200000524520874,1.3200000524520874,1218,0.0,0.0
2024-08-21 10:55:00-04:00,1.3200000524520874,1.350000023841858,1.3200000524520874,1.3200000524520874,7036,0.0,0.0
2024-08-21 11:05:00-04:00,1.3301000595092773,1.3377000093460083,1.3301000595092773,1.3377000093460083,3471,0.0,0.0
2024-08-21 11:10:00-04:00,1.3550000190734863,1.3550000190734863,1.3550000190734863,1.3550000190734863,0,0.0,0.0
2024-08-21 11:15:00-04:00,1.378499984741211,1.3798999786376953,1.378499984741211,1.3798999786376953,802,0.0,0.0
2024-08-21 11:20:00-04:00,1.3799999952316284,1.3799999952316284,1.363700032234192,1.363700032234192,4311,0.0,0.0
2024-08-21 12:05:00-04:00,1.429900050163269,1.429900050163269,1.3700000047683716,1.3700000047683716,1280,0.0,0.0
2024-08-21 12:35:00-04:00,1.340000033378601,1.350000023841858,1.2899999618530273,1.2899999618530273,10923,0.0,0.0
2024-08-21 12:40:00-04:00,1.2949999570846558,1.340000033378601,1.2899999618530273,1.2900999784469604,1493,0.0,0.0
2024-08-21 12:45:00-04:00,1.3450000286102295,1.3450000286102295,1.3450000286102295,1.3450000286102295,664,0.0,0.0
2024-08-21 12:50:00-04:00,1.2899999618530273,1.2899999618530273,1.2899999618530273,1.2899999618530273,2182,0.0,0.0
2024-08-21 12:55:00-04:00,1.3775999546051025,1.3775999546051025,1.3775999546051025,1.3775999546051025,750,0.0,0.0
2024-08-21 13:00:00-04:00,1.3300000429153442,1.3300000429153442,1.3300000429153442,1.3300000429153442,2775,0.0,0.0
2024-08-21 13:05:00-04:00,1.2920000553131104,1.2920000553131104,1.159999966621399,1.2515000104904175,43235,0.0,0.0
2024-08-21 13:10:00-04:00,1.2400000095367432,1.2582999467849731,1.1799999475479126,1.2000000476837158,6807,0.0,0.0
2024-08-21 13:15:00-04:00,1.2000000476837158,1.2999999523162842,1.2000000476837158,1.260599970817566,11875,0.0,0.0
2024-08-21 13:20:00-04:00,1.25,1.2699999809265137,1.25,1.2699999809265137,604,0.0,0.0
2024-08-21 13:25:00-04:00,1.2337000370025635,1.2599999904632568,1.2300000190734863,1.2599999904632568,1129,0.0,0.0
2024-08-21 13:30:00-04:00,1.25,1.2699999809265137,1.25,1.2698999643325806,3617,0.0,0.0
2024-08-21 13:35:00-04:00,1.25,1.25,1.2400000095367432,1.25,585,0.0,0.0
2024-08-21 13:40:00-04:00,1.2685999870300293,1.2699999809265137,1.2380000352859497,1.25,3283,0.0,0.0
2024-08-21 13:45:00-04:00,1.2698999643325806,1.2799999713897705,1.2649999856948853,1.2799999713897705,7795,0.0,0.0
2024-08-21 13:50:00-04:00,1.329699993133545,1.329699993133545,1.1820000410079956,1.1820000410079956,16779,0.0,0.0
2024-08-21 13:55:00-04:00,1.2100000381469727,1.2100000381469727,1.2100000381469727,1.2100000381469727,465,0.0,0.0
2024-08-21 14:00:00-04:00,1.2100000381469727,1.2100000381469727,1.2100000381469727,1.2100000381469727,694,0.0,0.0
2024-08-21 14:05:00-04:00,1.2024999856948853,1.2488000392913818,1.2024999856948853,1.2488000392913818,708,0.0,0.0
2024-08-21 14:10:00-04:00,1.246999979019165,1.246999979019165,1.1800999641418457,1.2000000476837158,4221,0.0,0.0
2024-08-21 14:15:00-04:00,1.2000000476837158,1.2000000476837158,1.1100000143051147,1.1100000143051147,15596,0.0,0.0
2024-08-21 14:20:00-04:00,1.1549999713897705,1.1549999713897705,1.0800000429153442,1.0902999639511108,5678,0.0,0.0
2024-08-21 14:30:00-04:00,1.1799999475479126,1.1799999475479126,1.1799999475479126,1.1799999475479126,15553,0.0,0.0
2024-08-21 14:45:00-04:00,1.2031999826431274,1.2100000381469727,1.1799999475479126,1.1799999475479126,5523,0.0,0.0
2024-08-21 14:55:00-04:00,1.184999942779541,1.2199000120162964,1.184999942779541,1.2199000120162964,1902,0.0,0.0
2024-08-21 15:00:00-04:00,1.218999981880188,1.2200000286102295,1.218999981880188,1.2200000286102295,1900,0.0,0.0
2024-08-21 15:05:00-04:00,1.2007999420166016,1.2007999420166016,1.190000057220459,1.190000057220459,1702,0.0,0.0
2024-08-21 15:10:00-04:00,1.190000057220459,1.190000057220459,1.190000057220459,1.190000057220459,1201,0.0,0.0
2024-08-21 15:15:00-04:00,1.1907999515533447,1.1907999515533447,1.1907999515533447,1.1907999515533447,449,0.0,0.0
2024-08-21 15:20:00-04:00,1.2000000476837158,1.2299000024795532,1.2000000476837158,1.229099988937378,9378,0.0,0.0
2024-08-21 15:45:00-04:00,1.215000033378601,1.215000033378601,1.215000033378601,1.215000033378601,2152,0.0,0.0
2024-08-21 15:55:00-04:00,1.2120000123977661,1.2120000123977661,1.2000000476837158,1.2000000476837158,989,0.0,0.0
2024-08-22 09:30:00-04:00,2.910099983215332,3.280100107192993,2.799999952316284,3.069999933242798,21345060,0.0,0.0
2024-08-22 09:35:00-04:00,3.0797998905181885,3.5,3.049999952316284,3.469899892807007,5825683,0.0,0.0
2024-08-22 09:40:00-04:00,3.4500999450683594,4.090000152587891,3.200000047683716,4.090000152587891,5540077,0.0,0.0
2024-08-22 09:45:00-04:00,4.090000152587891,4.090000152587891,4.090000152587891,4.090000152587891,220385,0.0,0.0
2024-08-22 09:50:00-04:00,4.090000152587891,4.179999828338623,3.569999933242798,3.7699999809265137,5869045,0.0,0.0
2024-08-22 09:55:00-04:00,3.750499963760376,4.019999980926514,3.6500000953674316,3.884999990463257,3625531,0.0,0.0
2024-08-22 10:00:00-04:00,3.9000000953674316,4.639999866485596,3.609999895095825,3.8949999809265137,4099626,0.0,0.0
2024-08-22 10:05:00-04:00,3.9000000953674316,3.930000066757202,3.5,3.6301000118255615,1929617,0.0,0.0
2024-08-22 10:10:00-04:00,3.6249001026153564,3.6898999214172363,3.5999999046325684,3.6549999713897705,807374,0.0,0.0
2024-08-22 10:15:00-04:00,3.6798999309539795,3.7200000286102295,3.259999990463257,3.2899999618530273,1372902,0.0,0.0
2024-08-22 10:20:00-04:00,3.289900064468384,3.299499988555908,3.1600000858306885,3.2399001121520996,1473004,0.0,0.0
2024-08-22 10:25:00-04:00,3.2499001026153564,3.3299999237060547,3.195199966430664,3.275399923324585,762354,0.0,0.0
2024-08-22 10:30:00-04:00,3.2699999809265137,3.2899999618530273,3.109999895095825,3.2699999809265137,979314,0.0,0.0
2024-08-22 10:35:00-04:00,3.261199951171875,3.5299999713897705,3.25,3.4800000190734863,1434736,0.0,0.0
2024-08-22 10:40:00-04:00,3.4746999740600586,3.5,3.309999942779541,3.450000047683716,1122437,0.0,0.0
2024-08-22 10:45:00-04:00,3.4519999027252197,3.5,3.2100000381469727,3.255000114440918,1111437,0.0,0.0
2024-08-22 10:50:00-04:00,3.2699999809265137,3.399899959564209,3.2400999069213867,3.330199956893921,326334,0.0,0.0
2024-08-22 10:55:00-04:00,3.3350000381469727,3.609999895095825,3.2750000953674316,3.559999942779541,1163809,0.0,0.0
2024-08-22 11:00:00-04:00,3.549999952316284,3.7799999713897705,3.369999885559082,3.48009991645813,2269102,0.0,0.0
2024-08-22 11:05:00-04:00,3.4976999759674072,3.539900064468384,3.4000000953674316,3.450000047683716,574678,0.0,0.0
2024-08-22 11:10:00-04:00,3.45989990234375,3.4600000381469727,3.4000000953674316,3.4200000762939453,274374,0.0,0.0
2024-08-22 11:15:00-04:00,3.424999952316284,3.569999933242798,3.41759991645813,3.5,470648,0.0,0.0
2024-08-22 11:20:00-04:00,3.519399881362915,3.7100000381469727,3.450000047683716,3.539400100708008,858920,0.0,0.0
2024-08-22 11:25:00-04:00,3.5399999618530273,3.569999933242798,3.5,3.530100107192993,195862,0.0,0.0
2024-08-22 11:30:00-04:00,3.5450000762939453,3.5450000762939453,3.2200000286102295,3.280100107192993,624982,0.0,0.0
2024-08-22 11:35:00-04:00,3.2899999618530273,3.339900016784668,3.240000009536743,3.26200008392334,216374,0.0,0.0
2024-08-22 11:40:00-04:00,3.25,3.3399999141693115,3.25,3.319999933242798,206637,0.0,0.0
2024-08-22 11:45:00-04:00,3.309999942779541,3.319999933242798,3.0199999809265137,3.0201001167297363,322999,0.0,0.0
2024-08-22 11:50:00-04:00,3.0399999618530273,3.289900064468384,2.930000066757202,3.119999885559082,581251,0.0,0.0
2024-08-22 11:55:00-04:00,3.115000009536743,3.3698999881744385,3.0701000690460205,3.240000009536743,227971,0.0,0.0
2024-08-22 12:00:00-04:00,3.25,3.25,3.1600000858306885,3.1698999404907227,100263,0.0,0.0
2024-08-22 12:05:00-04:00,3.1600000858306885,3.2200000286102295,3.0801000595092773,3.2100000381469727,224503,0.0,0.0
2024-08-22 12:10:00-04:00,3.20989990234375,3.319999933242798,3.1500000953674316,3.2000999450683594,260131,0.0,0.0
2024-08-22 12:15:00-04:00,3.2100000381469727,3.2300000190734863,3.1600000858306885,3.200000047683716,91066,0.0,0.0
2024-08-22 12:20:00-04:00,3.194999933242798,3.2750000953674316,3.1600000858306885,3.2750000953674316,187974,0.0,0.0
2024-08-22 12:25:00-04:00,3.2799999713897705,3.5,3.2300000190734863,3.4549999237060547,610945,0.0,0.0
2024-08-22 12:30:00-04:00,3.4539999961853027,3.4800000190734863,3.200000047683716,3.299999952316284,487400,0.0,0.0
2024-08-22 12:35:00-04:00,3.29010009765625,3.4800000190734863,3.29010009765625,3.4200000762939453,340705,0.0,0.0
2024-08-22 12:40:00-04:00,3.380500078201294,3.549999952316284,3.380500078201294,3.507999897003174,748388,0.0,0.0
2024-08-22 12:45:00-04:00,3.490000009536743,3.4976000785827637,3.2699999809265137,3.3499999046325684,364527,0.0,0.0
2024-08-22 12:50:00-04:00,3.309999942779541,3.390000104904175,3.252500057220459,3.2760000228881836,137782,0.0,0.0
2024-08-22 12:55:00-04:00,3.2973999977111816,3.319999933242798,3.190000057220459,3.2701001167297363,183359,0.0,0.0
2024-08-22 13:00:00-04:00,3.2799999713897705,3.319999933242798,3.0999999046325684,3.119999885559082,169868,0.0,0.0
2024-08-22 13:05:00-04:00,3.109999895095825,3.299999952316284,3.109999895095825,3.2699999809265137,156821,0.0,0.0
2024-08-22 13:10:00-04:00,3.289900064468384,3.349900007247925,3.2460999488830566,3.2950000762939453,155473,0.0,0.0
2024-08-22 13:15:00-04:00,3.2950000762939453,3.305000066757202,3.180000066757202,3.23009991645813,109393,0.0,0.0
2024-08-22 13:20:00-04:00,3.25,3.390000104904175,3.200000047683716,3.324399948120117,254807,0.0,0.0
2024-08-22 13:25:00-04:00,3.319200038909912,3.3197999000549316,3.200000047683716,3.2300000190734863,164121,0.0,0.0
2024-08-22 13:30:00-04:00,3.240000009536743,3.25,3.190000057220459,3.200000047683716,119652,0.0,0.0
2024-08-22 13:35:00-04:00,3.1900999546051025,3.2300000190734863,3.109999895095825,3.1988000869750977,175547,0.0,0.0
2024-08-22 13:40:00-04:00,3.1995999813079834,3.2300000190734863,3.1602001190185547,3.1698999404907227,135286,0.0,0.0
2024-08-22 13:45:00-04:00,3.1700000762939453,3.2200000286102295,2.930000066757202,3.090100049972534,344649,0.0,0.0
2024-08-22 13:50:00-04:00,3.092600107192993,3.20989990234375,3.069999933242798,3.150599956512451,111585,0.0,0.0
2024-08-22 13:55:00-04:00,3.1600000858306885,3.1600000858306885,3.0799999237060547,3.090100049972534,62737,0.0,0.0
2024-08-22 14:00:00-04:00,3.090100049972534,3.1103999614715576,3.0299999713897705,3.065000057220459,93996,0.0,0.0
2024-08-22 14:05:00-04:00,3.059999942779541,3.1589999198913574,3.0000998973846436,3.149899959564209,147128,0.0,0.0
2024-08-22 14:10:00-04:00,3.1500000953674316,3.2300000190734863,3.109999895095825,3.1649999618530273,202479,0.0,0.0
2024-08-22 14:15:00-04:00,3.1600000858306885,3.1600000858306885,3.059999942779541,3.065000057220459,91408,0.0,0.0
2024-08-22 14:20:00-04:00,3.0613999366760254,3.069999933242798,3.009999990463257,3.0201001167297363,110374,0.0,0.0
2024-08-22 14:25:00-04:00,3.0299999713897705,3.0899999141693115,3.0199999809265137,3.0896999835968018,64641,0.0,0.0
2024-08-22 14:30:00-04:00,3.0950000286102295,3.1500000953674316,3.059999942779541,3.0850000381469727,124991,0.0,0.0
2024-08-22 14:35:00-04:00,3.069999933242798,3.1700000762939453,3.049999952316284,3.1487998962402344,183677,0.0,0.0
2024-08-22 14:40:00-04:00,3.1426000595092773,3.180000066757202,3.069999933242798,3.1449999809265137,292790,0.0,0.0
2024-08-22 14:45:00-04:00,3.1500000953674316,3.200000047683716,3.0999999046325684,3.129300117492676,127708,0.0,0.0
2024-08-22 14:50:00-04:00,3.119999885559082,3.180000066757202,3.049999952316284,3.109999895095825,143991,0.0,0.0
2024-08-22 14:55:00-04:00,3.1110000610351562,3.200000047683716,2.680000066757202,2.75,916986,0.0,0.0
2024-08-22 15:00:00-04:00,2.750200033187866,2.799999952316284,2.7100000381469727,2.7701001167297363,210413,0.0,0.0
2024-08-22 15:05:00-04:00,2.779900074005127,2.880000114440918,2.759999990463257,2.8598999977111816,166969,0.0,0.0
2024-08-22 15:10:00-04:00,2.859800100326538,2.869999885559082,2.6800999641418457,2.740000009536743,198107,0.0,0.0
2024-08-22 15:15:00-04:00,2.75,2.759999990463257,2.6600000858306885,2.6700000762939453,147670,0.0,0.0
2024-08-22 15:20:00-04:00,2.660099983215332,2.7799999713897705,2.630000114440918,2.75,172309,0.0,0.0
2024-08-22 15:25:00-04:00,2.759700059890747,2.809999942779541,2.740000009536743,2.7850000858306885,127618,0.0,0.0
2024-08-22 15:30:00-04:00,2.7799999713897705,2.8550000190734863,2.7100000381469727,2.8199000358581543,181104,0.0,0.0
2024-08-22 15:35:00-04:00,2.8199000358581543,2.869999885559082,2.7300000190734863,2.8499999046325684,163224,0.0,0.0
2024-08-22 15:40:00-04:00,2.849299907684326,3.0899999141693115,2.849299907684326,2.990000009536743,419708,0.0,0.0
2024-08-22 15:45:00-04:00,2.9899001121520996,3.0299999713897705,2.940000057220459,2.940000057220459,123457,0.0,0.0
2024-08-22 15:50:00-04:00,2.950000047683716,2.9700000286102295,2.9000000953674316,2.940000057220459,192240,0.0,0.0
2024-08-22 15:55:00-04:00,2.930000066757202,3.0899999141693115,2.9000000953674316,2.9600000381469727,421389,0.0,0.0
2024-08-23 09:30:00-04:00,3.0100998878479004,3.0999999046325684,2.880000114440918,2.890000104904175,665728,0.0,0.0
2024-08-23 09:35:00-04:00,2.890000104904175,2.9600000381469727,2.75,2.8450000286102295,105556,0.0,0.0
2024-08-23 09:40:00-04:00,2.819999933242798,2.8798999786376953,2.7100000381469727,2.8299999237060547,66389,0.0,0.0
2024-08-23 09:45:00-04:00,2.7899999618530273,2.9066998958587646,2.7844998836517334,2.9066998958587646,28567,0.0,0.0
2024-08-23 09:50:00-04:00,2.9100000858306885,2.939300060272217,2.8499999046325684,2.859999895095825,19268,0.0,0.0
2024-08-23 09:55:00-04:00,2.8499999046325684,2.859999895095825,2.809999942779541,2.859999895095825,21615,0.0,0.0
2024-08-23 10:00:00-04:00,2.8371999263763428,2.9000000953674316,2.8303000926971436,2.8450000286102295,12316,0.0,0.0
2024-08-23 10:05:00-04:00,2.8399999141693115,2.859999895095825,2.75,2.75,43648,0.0,0.0
2024-08-23 10:10:00-04:00,2.75,2.7899999618530273,2.640000104904175,2.7200000286102295,59327,0.0,0.0
2024-08-23 10:15:00-04:00,2.7200000286102295,2.9200000762939453,2.7000999450683594,2.819999933242798,46494,0.0,0.0
2024-08-23 10:20:00-04:00,2.887500047683716,2.887500047683716,2.859999895095825,2.8635001182556152,7910,0.0,0.0
2024-08-23 10:25:00-04:00,2.880000114440918,2.890000104904175,2.819999933242798,2.8399999141693115,10114,0.0,0.0
2024-08-23 10:30:00-04:00,2.848099946975708,3.0,2.848099946975708,2.8801000118255615,41245,0.0,0.0
2024-08-23 10:35:00-04:00,2.8801000118255615,2.9600000381469727,2.8801000118255615,2.9600000381469727,17034,0.0,0.0
2024-08-23 10:40:00-04:00,2.9200000762939453,2.924999952316284,2.890199899673462,2.890199899673462,5468,0.0,0.0
2024-08-23 10:45:00-04:00,2.9000000953674316,2.9000000953674316,2.8901000022888184,2.899899959564209,7373,0.0,0.0
2024-08-23 10:50:00-04:00,2.8949999809265137,2.9000000953674316,2.8949999809265137,2.8949999809265137,2009,0.0,0.0
2024-08-23 10:55:00-04:00,2.8949999809265137,2.9000000953674316,2.819999933242798,2.8503000736236572,14746,0.0,0.0
2024-08-23 11:00:00-04:00,2.880000114440918,2.9000000953674316,2.859999895095825,2.899899959564209,4160,0.0,0.0
2024-08-23 11:05:00-04:00,2.8801000118255615,2.890000104904175,2.7506000995635986,2.819999933242798,15779,0.0,0.0
2024-08-23 11:10:00-04:00,2.815000057220459,2.890000104904175,2.8036000728607178,2.8499999046325684,8581,0.0,0.0
2024-08-23 11:15:00-04:00,2.840399980545044,2.8499999046325684,2.840100049972534,2.840100049972534,2709,0.0,0.0
2024-08-23 11:20:00-04:00,2.840399980545044,2.890000104904175,2.8399999141693115,2.890000104904175,3411,0.0,0.0
2024-08-23 11:25:00-04:00,2.890000104904175,2.9600000381469727,2.890000104904175,2.949899911880493,15982,0.0,0.0
2024-08-23 11:30:00-04:00,2.9400999546051025,3.0299999713897705,2.940000057220459,2.974600076675415,25001,0.0,0.0
2024-08-23 11:35:00-04:00,2.941999912261963,2.9800000190734863,2.940000057220459,2.940000057220459,4821,0.0,0.0
2024-08-23 11:40:00-04:00,2.9200000762939453,2.9600000381469727,2.869999885559082,2.9000000953674316,7814,0.0,0.0
2024-08-23 11:45:00-04:00,2.8949999809265137,2.9344000816345215,2.790299892425537,2.9344000816345215,17684,0.0,0.0
2024-08-23 11:50:00-04:00,2.9200000762939453,2.9200000762939453,2.880000114440918,2.9200000762939453,3820,0.0,0.0
2024-08-23 11:55:00-04:00,2.9158999919891357,2.9158999919891357,2.881500005722046,2.881500005722046,627,0.0,0.0
2024-08-23 12:00:00-04:00,2.9000000953674316,2.9200000762939453,2.9000000953674316,2.9200000762939453,3235,0.0,0.0
2024-08-23 12:05:00-04:00,2.9149999618530273,2.9200000762939453,2.859999895095825,2.9200000762939453,2633,0.0,0.0
2024-08-23 12:10:00-04:00,2.9000000953674316,2.930000066757202,2.9000000953674316,2.924999952316284,3675,0.0,0.0
2024-08-23 12:15:00-04:00,2.930000066757202,2.930000066757202,2.9200000762939453,2.930000066757202,4437,0.0,0.0
2024-08-23 12:20:00-04:00,2.924999952316284,2.930000066757202,2.859999895095825,2.9298999309539795,4997,0.0,0.0
2024-08-23 12:25:00-04:00,2.9100000858306885,2.9200000762939453,2.9000000953674316,2.900099992752075,5557,0.0,0.0
2024-08-23 12:30:00-04:00,2.9049999713897705,2.9100000858306885,2.900099992752075,2.9100000858306885,2426,0.0,0.0
2024-08-23 12:35:00-04:00,2.9049999713897705,2.9100000858306885,2.9049999713897705,2.9100000858306885,1821,0.0,0.0
2024-08-23 12:40:00-04:00,2.9049999713897705,2.9100000858306885,2.859999895095825,2.869999885559082,5680,0.0,0.0
2024-08-23 12:45:00-04:00,2.865000009536743,2.869999885559082,2.860100030899048,2.869999885559082,9746,0.0,0.0
2024-08-23 12:50:00-04:00,2.869999885559082,2.9000000953674316,2.869999885559082,2.890000104904175,1350,0.0,0.0
2024-08-23 12:55:00-04:00,2.8808000087738037,2.890000104904175,2.869999885559082,2.869999885559082,1937,0.0,0.0
2024-08-23 13:00:00-04:00,2.8601999282836914,2.890000104904175,2.8601999282836914,2.890000104904175,933,0.0,0.0
2024-08-23 13:05:00-04:00,2.875,2.890000104904175,2.8399999141693115,2.8889999389648438,8527,0.0,0.0
2024-08-23 13:10:00-04:00,2.875999927520752,2.880000114440918,2.875999927520752,2.880000114440918,440,0.0,0.0
2024-08-23 13:15:00-04:00,2.875,2.890000104904175,2.869999885559082,2.890000104904175,2894,0.0,0.0
2024-08-23 13:20:00-04:00,2.890000104904175,2.890000104904175,2.8499999046325684,2.8499999046325684,2854,0.0,0.0
2024-08-23 13:25:00-04:00,2.869999885559082,2.869999885559082,2.8499999046325684,2.8499999046325684,3868,0.0,0.0
2024-08-23 13:30:00-04:00,2.850100040435791,2.890000104904175,2.850100040435791,2.890000104904175,1188,0.0,0.0
2024-08-23 13:35:00-04:00,2.8798000812530518,2.880000114440918,2.869999885559082,2.880000114440918,1477,0.0,0.0
2024-08-23 13:40:00-04:00,2.880000114440918,2.880000114440918,2.880000114440918,2.880000114440918,2263,0.0,0.0
2024-08-23 13:45:00-04:00,2.8701999187469482,2.890000104904175,2.8701999187469482,2.889899969100952,4463,0.0,0.0
2024-08-23 13:50:00-04:00,2.890000104904175,2.890000104904175,2.8803000450134277,2.890000104904175,1853,0.0,0.0
2024-08-23 13:55:00-04:00,2.890000104904175,2.9000000953674316,2.8301000595092773,2.869999885559082,12888,0.0,0.0
2024-08-23 14:00:00-04:00,2.869999885559082,2.890000104904175,2.8301000595092773,2.8773000240325928,4558,0.0,0.0
2024-08-23 14:05:00-04:00,2.880000114440918,2.9275999069213867,2.880000114440918,2.919800043106079,3555,0.0,0.0
2024-08-23 14:10:00-04:00,2.9200000762939453,2.9200000762939453,2.8805999755859375,2.8805999755859375,6025,0.0,0.0
2024-08-23 14:15:00-04:00,2.890000104904175,2.9200000762939453,2.869999885559082,2.9200000762939453,3453,0.0,0.0
2024-08-23 14:20:00-04:00,2.9200000762939453,2.9200000762939453,2.890000104904175,2.9200000762939453,1447,0.0,0.0
2024-08-23 14:25:00-04:00,2.8901000022888184,2.9200000762939453,2.8901000022888184,2.9200000762939453,1117,0.0,0.0
2024-08-23 14:30:00-04:00,2.9200000762939453,2.9200000762939453,2.881999969482422,2.9000000953674316,3345,0.0,0.0
2024-08-23 14:35:00-04:00,2.890000104904175,2.890000104904175,2.884999990463257,2.890000104904175,1024,0.0,0.0
2024-08-23 14:40:00-04:00,2.884999990463257,2.890000104904175,2.8499999046325684,2.850100040435791,6460,0.0,0.0
2024-08-23 14:45:00-04:00,2.859999895095825,2.859999895095825,2.791800022125244,2.8101000785827637,19775,0.0,0.0
2024-08-23 14:50:00-04:00,2.819999933242798,2.8399999141693115,2.809999942779541,2.8299999237060547,6760,0.0,0.0
2024-08-23 14:55:00-04:00,2.8101000785827637,2.859999895095825,2.809999942779541,2.859999895095825,8109,0.0,0.0
2024-08-23 15:00:00-04:00,2.858799934387207,2.859999895095825,2.6700000762939453,2.767400026321411,57571,0.0,0.0
2024-08-23 15:05:00-04:00,2.720099925994873,2.7699999809265137,2.720099925994873,2.740000009536743,8234,0.0,0.0
2024-08-23 15:10:00-04:00,2.744999885559082,2.75,2.7302000522613525,2.75,11202,0.0,0.0
2024-08-23 15:15:00-04:00,2.7697999477386475,2.819999933242798,2.7600998878479004,2.799999952316284,8229,0.0,0.0
2024-08-23 15:20:00-04:00,2.799999952316284,2.8499999046325684,2.799999952316284,2.8499999046325684,7397,0.0,0.0
2024-08-23 15:25:00-04:00,2.813800096511841,2.848599910736084,2.809999942779541,2.848400115966797,3755,0.0,0.0
2024-08-23 15:30:00-04:00,2.8499999046325684,2.8499999046325684,2.8399999141693115,2.840100049972534,11246,0.0,0.0
2024-08-23 15:35:00-04:00,2.840100049972534,2.869999885559082,2.840100049972534,2.869999885559082,7737,0.0,0.0
2024-08-23 15:40:00-04:00,2.8801000118255615,2.9000000953674316,2.880000114440918,2.9000000953674316,6526,0.0,0.0
2024-08-23 15:45:00-04:00,2.9000000953674316,2.950000047683716,2.8901000022888184,2.9400999546051025,27394,0.0,0.0
2024-08-23 15:50:00-04:00,2.944999933242798,3.0,2.9300999641418457,2.990000009536743,19268,0.0,0.0
2024-08-23 15:55:00-04:00,2.990000009536743,3.0999999046325684,2.9700000286102295,3.059999942779541,51384,0.0,0.0
2024-08-26 09:30:00-04:00,3.0299999713897705,3.0480000972747803,2.9000000953674316,2.9946999549865723,59286,0.0,0.0
2024-08-26 09:35:00-04:00,2.990000009536743,2.990000009536743,2.9102001190185547,2.930000066757202,8513,0.0,0.0
2024-08-26 09:40:00-04:00,2.930000066757202,3.0632998943328857,2.930000066757202,3.0450000762939453,26950,0.0,0.0
2024-08-26 09:45:00-04:00,3.049999952316284,3.299999952316284,3.0201001167297363,3.247999906539917,99694,0.0,0.0
2024-08-26 09:50:00-04:00,3.247999906539917,3.390000104904175,3.1500000953674316,3.200000047683716,71496,0.0,0.0
2024-08-26 09:55:00-04:00,3.199899911880493,3.2049999237060547,3.1800999641418457,3.199899911880493,10989,0.0,0.0
2024-08-26 10:00:00-04:00,3.2200000286102295,3.327199935913086,3.170099973678589,3.2300000190734863,33101,0.0,0.0
2024-08-26 10:05:00-04:00,3.2302000522613525,3.2302000522613525,3.1895999908447266,3.200000047683716,8946,0.0,0.0
2024-08-26 10:10:00-04:00,3.2149999141693115,3.2149999141693115,3.119999885559082,3.119999885559082,23864,0.0,0.0
2024-08-26 10:15:00-04:00,3.0617001056671143,3.0899999141693115,3.033900022506714,3.049999952316284,26382,0.0,0.0
2024-08-26 10:20:00-04:00,3.0799999237060547,3.1019999980926514,3.069999933242798,3.0999999046325684,9346,0.0,0.0
2024-08-26 10:25:00-04:00,3.101300001144409,3.101300001144409,2.7200000286102295,2.740000009536743,74798,0.0,0.0
2024-08-26 10:30:00-04:00,2.799999952316284,2.799999952316284,2.6500000953674316,2.6600000858306885,40068,0.0,0.0
2024-08-26 10:35:00-04:00,2.6649999618530273,2.7990000247955322,2.6500000953674316,2.75,12307,0.0,0.0
2024-08-26 10:40:00-04:00,2.7511000633239746,2.759999990463257,2.750999927520752,2.7592999935150146,1473,0.0,0.0
2024-08-26 10:45:00-04:00,2.759999990463257,2.759999990463257,2.7200000286102295,2.7200000286102295,2783,0.0,0.0
2024-08-26 10:50:00-04:00,2.7149999141693115,2.759999990463257,2.710099935531616,2.759999990463257,2516,0.0,0.0
2024-08-26 10:55:00-04:00,2.7109999656677246,2.7109999656677246,2.7100000381469727,2.710400104522705,871,0.0,0.0
2024-08-26 11:00:00-04:00,2.710400104522705,2.734999895095825,2.710400104522705,2.723599910736084,5169,0.0,0.0
2024-08-26 11:05:00-04:00,2.7049999237060547,2.7049999237060547,2.6600000858306885,2.6600000858306885,5194,0.0,0.0
2024-08-26 11:10:00-04:00,2.6500000953674316,2.6898999214172363,2.6500000953674316,2.6898999214172363,2727,0.0,0.0
2024-08-26 11:15:00-04:00,2.700500011444092,2.727799892425537,2.700500011444092,2.725399971008301,2263,0.0,0.0
2024-08-26 11:25:00-04:00,2.6600000858306885,2.6937999725341797,2.6500000953674316,2.660099983215332,974,0.0,0.0
2024-08-26 11:30:00-04:00,2.700000047683716,2.700000047683716,2.670300006866455,2.670300006866455,605,0.0,0.0
2024-08-26 11:35:00-04:00,2.680500030517578,2.680500030517578,2.680500030517578,2.680500030517578,719,0.0,0.0
2024-08-26 11:40:00-04:00,2.7149999141693115,2.731600046157837,2.7149999141693115,2.731600046157837,2279,0.0,0.0
2024-08-26 11:45:00-04:00,2.7300000190734863,2.7300000190734863,2.7300000190734863,2.7300000190734863,518,0.0,0.0
2024-08-26 11:55:00-04:00,2.7300000190734863,2.7300000190734863,2.7300000190734863,2.7300000190734863,642,0.0,0.0
2024-08-26 12:00:00-04:00,2.7300000190734863,2.7300000190734863,2.7300000190734863,2.7300000190734863,957,0.0,0.0
2024-08-26 12:05:00-04:00,2.7100000381469727,2.7100000381469727,2.700000047683716,2.700000047683716,2343,0.0,0.0
2024-08-26 12:10:00-04:00,2.759999990463257,2.759999990463257,2.759999990463257,2.759999990463257,1686,0.0,0.0
2024-08-26 12:15:00-04:00,2.7799999713897705,2.859999895095825,2.7799999713897705,2.859999895095825,5000,0.0,0.0
2024-08-26 12:20:00-04:00,2.8299999237060547,2.8499999046325684,2.7699999809265137,2.7699999809265137,3690,0.0,0.0
2024-08-26 12:25:00-04:00,2.7799999713897705,2.7799999713897705,2.7799999713897705,2.7799999713897705,173,0.0,0.0
2024-08-26 12:30:00-04:00,2.7576000690460205,2.7576000690460205,2.7576000690460205,2.7576000690460205,190,0.0,0.0
2024-08-26 12:40:00-04:00,2.7699999809265137,2.7699999809265137,2.7699999809265137,2.7699999809265137,233,0.0,0.0
2024-08-26 12:45:00-04:00,2.779900074005127,2.779900074005127,2.779900074005127,2.779900074005127,247,0.0,0.0
2024-08-26 12:50:00-04:00,2.7599000930786133,2.759999990463257,2.75,2.75,1133,0.0,0.0
2024-08-26 12:55:00-04:00,2.809999942779541,2.809999942779541,2.809999942779541,2.809999942779541,818,0.0,0.0
2024-08-26 13:00:00-04:00,2.7655999660491943,2.7655999660491943,2.7655999660491943,2.7655999660491943,952,0.0,0.0
2024-08-26 13:05:00-04:00,2.7506000995635986,2.7506000995635986,2.7506000995635986,2.7506000995635986,210,0.0,0.0
2024-08-26 13:10:00-04:00,2.7750000953674316,2.7774999141693115,2.7750000953674316,2.7774999141693115,1285,0.0,0.0
2024-08-26 13:20:00-04:00,2.759999990463257,2.7611000537872314,2.710099935531616,2.710099935531616,5253,0.0,0.0
2024-08-26 13:25:00-04:00,2.75,2.75,2.75,2.75,200,0.0,0.0
2024-08-26 13:30:00-04:00,2.7288999557495117,2.7288999557495117,2.7200000286102295,2.7200000286102295,800,0.0,0.0
2024-08-26 13:35:00-04:00,2.7109999656677246,2.7109999656677246,2.7109999656677246,2.7109999656677246,399,0.0,0.0
2024-08-26 13:40:00-04:00,2.7499001026153564,2.7499001026153564,2.7499001026153564,2.7499001026153564,1431,0.0,0.0
2024-08-26 13:45:00-04:00,2.711400032043457,2.711400032043457,2.711400032043457,2.711400032043457,300,0.0,0.0
2024-08-26 13:50:00-04:00,2.7249999046325684,2.7249999046325684,2.7249999046325684,2.7249999046325684,48,0.0,0.0
2024-08-26 13:55:00-04:00,2.72160005569458,2.7251999378204346,2.72160005569458,2.7251999378204346,1105,0.0,0.0
2024-08-26 14:10:00-04:00,2.7249999046325684,2.7249999046325684,2.7249999046325684,2.7249999046325684,1909,0.0,0.0
2024-08-26 14:25:00-04:00,2.7699999809265137,2.7699999809265137,2.7699999809265137,2.7699999809265137,157,0.0,0.0
2024-08-26 14:30:00-04:00,2.76990008354187,2.76990008354187,2.76990008354187,2.76990008354187,396,0.0,0.0
2024-08-26 14:35:00-04:00,2.7572999000549316,2.7699999809265137,2.7572999000549316,2.7699999809265137,1076,0.0,0.0
2024-08-26 14:55:00-04:00,2.7300000190734863,2.73009991645813,2.7300000190734863,2.73009991645813,3327,0.0,0.0
2024-08-26 15:10:00-04:00,2.757999897003174,2.757999897003174,2.757999897003174,2.757999897003174,814,0.0,0.0
2024-08-26 15:15:00-04:00,2.740000009536743,2.75,2.740000009536743,2.75,620,0.0,0.0
2024-08-26 15:20:00-04:00,2.7200000286102295,2.7200000286102295,2.7009999752044678,2.7009999752044678,1531,0.0,0.0
2024-08-26 15:25:00-04:00,2.680000066757202,2.680000066757202,2.680000066757202,2.680000066757202,469,0.0,0.0
2024-08-26 15:30:00-04:00,2.7200000286102295,2.7239999771118164,2.680000066757202,2.7200000286102295,1778,0.0,0.0
2024-08-26 15:35:00-04:00,2.690000057220459,2.690000057220459,2.6810998916625977,2.6810998916625977,1119,0.0,0.0
2024-08-26 15:40:00-04:00,2.693700075149536,2.693700075149536,2.6700000762939453,2.6700000762939453,4629,0.0,0.0
2024-08-26 15:45:00-04:00,2.700000047683716,2.700000047683716,2.690000057220459,2.700000047683716,3787,0.0,0.0
2024-08-26 15:50:00-04:00,2.7100000381469727,2.7100000381469727,2.690000057220459,2.690000057220459,735,0.0,0.0
2024-08-26 15:55:00-04:00,2.7300000190734863,2.7300000190734863,2.690000057220459,2.700000047683716,15661,0.0,0.0
2024-08-27 09:30:00-04:00,2.640000104904175,2.6600000858306885,2.640000104904175,2.650399923324585,11526,0.0,0.0
2024-08-27 09:35:00-04:00,2.651099920272827,2.651099920272827,2.651099920272827,2.651099920272827,1258,0.0,0.0
2024-08-27 09:40:00-04:00,2.6500000953674316,2.659899950027466,2.6500000953674316,2.659899950027466,1308,0.0,0.0
2024-08-27 09:45:00-04:00,2.640000104904175,2.6449999809265137,2.5199999809265137,2.5199999809265137,18462,0.0,0.0
2024-08-27 09:50:00-04:00,2.555000066757202,2.569999933242798,2.5450000762939453,2.569999933242798,5240,0.0,0.0
2024-08-27 09:55:00-04:00,2.5950000286102295,2.639899969100952,2.5508999824523926,2.6191000938415527,9908,0.0,0.0
2024-08-27 10:00:00-04:00,2.5999999046325684,2.609999895095825,2.5799999237060547,2.5799999237060547,17151,0.0,0.0
2024-08-27 10:05:00-04:00,2.609999895095825,2.619999885559082,2.5399999618530273,2.609999895095825,31040,0.0,0.0
2024-08-27 10:10:00-04:00,2.5999999046325684,2.609999895095825,2.5999999046325684,2.609999895095825,20201,0.0,0.0
2024-08-27 10:15:00-04:00,2.549999952316284,2.5510001182556152,2.530400037765503,2.530400037765503,3480,0.0,0.0
2024-08-27 10:20:00-04:00,2.5,2.5,2.4100000858306885,2.444700002670288,3985,0.0,0.0
2024-08-27 10:25:00-04:00,2.440000057220459,2.4635000228881836,2.440000057220459,2.4635000228881836,2407,0.0,0.0
2024-08-27 10:30:00-04:00,2.4800000190734863,2.5,2.4800000190734863,2.4800000190734863,5258,0.0,0.0
2024-08-27 10:35:00-04:00,2.5,2.5,2.490000009536743,2.490000009536743,1428,0.0,0.0
2024-08-27 10:40:00-04:00,2.4809000492095947,2.4809000492095947,2.4809000492095947,2.4809000492095947,991,0.0,0.0
2024-08-27 10:45:00-04:00,2.549999952316284,2.5513999462127686,2.4900999069213867,2.5513999462127686,6399,0.0,0.0
2024-08-27 10:50:00-04:00,2.5799999237060547,2.5799999237060547,2.5799999237060547,2.5799999237060547,320,0.0,0.0
2024-08-27 11:05:00-04:00,2.4900999069213867,2.490999937057495,2.490000009536743,2.490000009536743,3862,0.0,0.0
2024-08-27 11:10:00-04:00,2.4827001094818115,2.4827001094818115,2.4827001094818115,2.4827001094818115,852,0.0,0.0
2024-08-27 11:25:00-04:00,2.5,2.5,2.5,2.5,2238,0.0,0.0
2024-08-27 11:40:00-04:00,2.490000009536743,2.490000009536743,2.490000009536743,2.490000009536743,1185,0.0,0.0
2024-08-27 11:45:00-04:00,2.5399999618530273,2.5399999618530273,2.4900999069213867,2.4900999069213867,597,0.0,0.0
2024-08-27 11:50:00-04:00,2.509999990463257,2.509999990463257,2.509999990463257,2.509999990463257,266,0.0,0.0
2024-08-27 12:05:00-04:00,2.493000030517578,2.493000030517578,2.493000030517578,2.493000030517578,1840,0.0,0.0
2024-08-27 12:10:00-04:00,2.5,2.5,2.5,2.5,398,0.0,0.0
2024-08-27 12:20:00-04:00,2.5,2.5,2.5,2.5,563,0.0,0.0
2024-08-27 12:30:00-04:00,2.5399999618530273,2.5399999618530273,2.5399999618530273,2.5399999618530273,249,0.0,0.0
2024-08-27 12:35:00-04:00,2.521899938583374,2.521899938583374,2.521899938583374,2.521899938583374,455,0.0,0.0
2024-08-27 12:40:00-04:00,2.490000009536743,2.490000009536743,2.490000009536743,2.490000009536743,215,0.0,0.0
2024-08-27 12:45:00-04:00,2.490000009536743,2.490000009536743,2.490000009536743,2.490000009536743,2105,0.0,0.0
2024-08-27 12:55:00-04:00,2.490000009536743,2.5,2.490000009536743,2.5,1228,0.0,0.0
2024-08-27 13:00:00-04:00,2.5250000953674316,2.549999952316284,2.5250000953674316,2.549999952316284,1548,0.0,0.0
2024-08-27 13:05:00-04:00,2.5350000858306885,2.5350000858306885,2.5350000858306885,2.5350000858306885,2024,0.0,0.0
2024-08-27 13:15:00-04:00,2.5299999713897705,2.5299999713897705,2.5299999713897705,2.5299999713897705,666,0.0,0.0
2024-08-27 13:25:00-04:00,2.509999990463257,2.509999990463257,2.509999990463257,2.509999990463257,1662,0.0,0.0
2024-08-27 13:30:00-04:00,2.5199999809265137,2.5199999809265137,2.5199999809265137,2.5199999809265137,300,0.0,0.0
2024-08-27 13:35:00-04:00,2.506700038909912,2.506700038909912,2.4902000427246094,2.4902000427246094,1069,0.0,0.0
2024-08-27 13:40:00-04:00,2.4988999366760254,2.5404999256134033,2.4988999366760254,2.509999990463257,4060,0.0,0.0
2024-08-27 13:45:00-04:00,2.490000009536743,2.5199999809265137,2.4500999450683594,2.4500999450683594,5945,0.0,0.0
2024-08-27 14:00:00-04:00,2.4700000286102295,2.4700000286102295,2.450200080871582,2.450200080871582,832,0.0,0.0
2024-08-27 14:05:00-04:00,2.509999990463257,2.509999990463257,2.509999990463257,2.509999990463257,574,0.0,0.0
2024-08-27 14:10:00-04:00,2.474299907684326,2.474299907684326,2.474299907684326,2.474299907684326,328,0.0,0.0
2024-08-27 14:20:00-04:00,2.5,2.509999990463257,2.5,2.509999990463257,562,0.0,0.0
2024-08-27 14:30:00-04:00,2.460200071334839,2.460200071334839,2.4600000381469727,2.4600000381469727,1406,0.0,0.0
2024-08-27 14:35:00-04:00,2.490000009536743,2.490000009536743,2.490000009536743,2.490000009536743,945,0.0,0.0
2024-08-27 14:40:00-04:00,2.4612998962402344,2.4612998962402344,2.4612998962402344,2.4612998962402344,896,0.0,0.0
2024-08-27 14:50:00-04:00,2.4700000286102295,2.4700000286102295,2.4700000286102295,2.4700000286102295,165,0.0,0.0
2024-08-27 14:55:00-04:00,2.4800000190734863,2.4800000190734863,2.4800000190734863,2.4800000190734863,239,0.0,0.0
2024-08-27 15:00:00-04:00,2.4809999465942383,2.4809999465942383,2.4772000312805176,2.4772000312805176,801,0.0,0.0
2024-08-27 15:10:00-04:00,2.4825000762939453,2.4825000762939453,2.4825000762939453,2.4825000762939453,176,0.0,0.0
2024-08-27 15:20:00-04:00,2.4700000286102295,2.5199999809265137,2.319999933242798,2.5199999809265137,24971,0.0,0.0
2024-08-27 15:25:00-04:00,2.390000104904175,2.509999990463257,2.3666999340057373,2.3666999340057373,2019,0.0,0.0
2024-08-27 15:30:00-04:00,2.369999885559082,2.452399969100952,2.369999885559082,2.452399969100952,991,0.0,0.0
2024-08-27 15:40:00-04:00,2.390000104904175,2.390000104904175,2.390000104904175,2.390000104904175,985,0.0,0.0
2024-08-27 15:45:00-04:00,2.4398999214172363,2.4398999214172363,2.390199899673462,2.390199899673462,6364,0.0,0.0
2024-08-27 15:50:00-04:00,2.4100000858306885,2.4100000858306885,2.3850998878479004,2.3850998878479004,3280,0.0,0.0
2024-08-27 15:55:00-04:00,2.390000104904175,2.419800043106079,2.390000104904175,2.390000104904175,3479,0.0,0.0
2024-08-28 09:30:00-04:00,2.3299999237060547,2.3299999237060547,2.319999933242798,2.3299999237060547,22156,0.0,0.0
2024-08-28 09:35:00-04:00,2.3450000286102295,2.3450000286102295,2.3450000286102295,2.3450000286102295,534,0.0,0.0
2024-08-28 09:40:00-04:00,2.319999933242798,2.338099956512451,2.319999933242798,2.338099956512451,753,0.0,0.0
2024-08-28 09:50:00-04:00,2.319999933242798,2.319999933242798,2.309999942779541,2.319999933242798,5143,0.0,0.0
2024-08-28 09:55:00-04:00,2.315000057220459,2.319999933242798,2.315000057220459,2.319999933242798,503,0.0,0.0
2024-08-28 10:00:00-04:00,2.315000057220459,2.359999895095825,2.315000057220459,2.3499999046325684,7463,0.0,0.0
2024-08-28 10:15:00-04:00,2.325000047683716,2.359999895095825,2.325000047683716,2.3499999046325684,27425,0.0,0.0
2024-08-28 10:20:00-04:00,2.312000036239624,2.359999895095825,2.312000036239624,2.3350000381469727,16914,0.0,0.0
2024-08-28 10:25:00-04:00,2.320199966430664,2.3399999141693115,2.319999933242798,2.3299999237060547,8257,0.0,0.0
2024-08-28 10:30:00-04:00,2.3299999237060547,2.3598999977111816,2.319999933242798,2.3299999237060547,9647,0.0,0.0
2024-08-28 10:35:00-04:00,2.3299999237060547,2.3399999141693115,2.3299999237060547,2.3301000595092773,17251,0.0,0.0
2024-08-28 10:40:00-04:00,2.3350000381469727,2.3350000381469727,2.319999933242798,2.319999933242798,10412,0.0,0.0
2024-08-28 10:45:00-04:00,2.309999942779541,2.309999942779541,2.299999952316284,2.305999994277954,3498,0.0,0.0
2024-08-28 10:50:00-04:00,2.299999952316284,2.299999952316284,2.299999952316284,2.299999952316284,490,0.0,0.0
2024-08-28 10:55:00-04:00,2.302999973297119,2.305000066757202,2.302999973297119,2.305000066757202,855,0.0,0.0
2024-08-28 11:00:00-04:00,2.3099000453948975,2.3099000453948975,2.305000066757202,2.308000087738037,1704,0.0,0.0
2024-08-28 11:10:00-04:00,2.305000066757202,2.305000066757202,2.305000066757202,2.305000066757202,1840,0.0,0.0
2024-08-28 11:20:00-04:00,2.299999952316284,2.299999952316284,2.299999952316284,2.299999952316284,1423,0.0,0.0
2024-08-28 11:25:00-04:00,2.299999952316284,2.299999952316284,2.2799999713897705,2.2799999713897705,3667,0.0,0.0
2024-08-28 11:30:00-04:00,2.2799999713897705,2.2799999713897705,2.2799999713897705,2.2799999713897705,112,0.0,0.0
2024-08-28 11:35:00-04:00,2.2841999530792236,2.2841999530792236,2.2100000381469727,2.240000009536743,3476,0.0,0.0
2024-08-28 11:45:00-04:00,2.240000009536743,2.240000009536743,2.240000009536743,2.240000009536743,616,0.0,0.0
2024-08-28 11:50:00-04:00,2.2100000381469727,2.2399001121520996,2.1800999641418457,2.2399001121520996,4491,0.0,0.0
2024-08-28 12:00:00-04:00,2.2399001121520996,2.2399001121520996,2.2399001121520996,2.2399001121520996,723,0.0,0.0
2024-08-28 12:15:00-04:00,2.200000047683716,2.200000047683716,2.200000047683716,2.200000047683716,532,0.0,0.0
2024-08-28 12:20:00-04:00,2.2149999141693115,2.2149999141693115,2.2149999141693115,2.2149999141693115,1726,0.0,0.0
2024-08-28 12:30:00-04:00,2.2300000190734863,2.2300000190734863,2.2300000190734863,2.2300000190734863,304,0.0,0.0
2024-08-28 12:35:00-04:00,2.240000009536743,2.240000009536743,2.240000009536743,2.240000009536743,2642,0.0,0.0
2024-08-28 12:40:00-04:00,2.2699999809265137,2.2699999809265137,2.25,2.25,549,0.0,0.0
2024-08-28 13:00:00-04:00,2.2599000930786133,2.2599000930786133,2.2599000930786133,2.2599000930786133,1545,0.0,0.0
2024-08-28 13:20:00-04:00,2.234999895095825,2.234999895095825,2.234999895095825,2.234999895095825,643,0.0,0.0
2024-08-28 13:25:00-04:00,2.240000009536743,2.240000009536743,2.240000009536743,2.240000009536743,608,0.0,0.0
2024-08-28 13:30:00-04:00,2.2300000190734863,2.2300000190734863,2.2300000190734863,2.2300000190734863,322,0.0,0.0
2024-08-28 13:35:00-04:00,2.2300000190734863,2.2300000190734863,2.2300000190734863,2.2300000190734863,1098,0.0,0.0
2024-08-28 13:50:00-04:00,2.2200000286102295,2.2200000286102295,2.2200000286102295,2.2200000286102295,4180,0.0,0.0
2024-08-28 14:25:00-04:00,2.2300000190734863,2.2300000190734863,2.2300000190734863,2.2300000190734863,358,0.0,0.0
2024-08-28 14:30:00-04:00,2.234999895095825,2.234999895095825,2.234999895095825,2.234999895095825,1824,0.0,0.0
2024-08-28 14:50:00-04:00,2.2499001026153564,2.2499001026153564,2.2300000190734863,2.2300000190734863,3931,0.0,0.0
2024-08-28 15:40:00-04:00,2.2249999046325684,2.2300000190734863,2.200000047683716,2.200000047683716,16623,0.0,0.0
2024-08-28 15:45:00-04:00,2.2000999450683594,2.200500011444092,2.2000999450683594,2.200500011444092,0,0.0,0.0
2024-08-28 15:50:00-04:00,2.200000047683716,2.200000047683716,2.200000047683716,2.200000047683716,596,0.0,0.0
2024-08-28 15:55:00-04:00,2.2249999046325684,2.240000009536743,2.200000047683716,2.200000047683716,5857,0.0,0.0
2024-08-29 09:30:00-04:00,2.1500000953674316,2.2899999618530273,2.1500000953674316,2.2899999618530273,6933,0.0,0.0
2024-08-29 09:35:00-04:00,2.305000066757202,2.305000066757202,2.305000066757202,2.305000066757202,6039,0.0,0.0
2024-08-29 09:40:00-04:00,2.390000104904175,2.390000104904175,2.390000104904175,2.390000104904175,7716,0.0,0.0
2024-08-29 09:45:00-04:00,2.369999885559082,2.369999885559082,2.299999952316284,2.309999942779541,6004,0.0,0.0
2024-08-29 09:50:00-04:00,2.299999952316284,2.299999952316284,2.299999952316284,2.299999952316284,2275,0.0,0.0
2024-08-29 09:55:00-04:00,2.25,2.25,2.2200000286102295,2.2200000286102295,1982,0.0,0.0
2024-08-29 10:00:00-04:00,2.2990000247955322,2.2990000247955322,2.2990000247955322,2.2990000247955322,407,0.0,0.0
2024-08-29 10:05:00-04:00,2.299999952316284,2.299999952316284,2.2699999809265137,2.2899999618530273,1989,0.0,0.0
2024-08-29 10:10:00-04:00,2.280600070953369,2.280600070953369,2.280600070953369,2.280600070953369,311,0.0,0.0
2024-08-29 10:20:00-04:00,2.259999990463257,2.259999990463257,2.259999990463257,2.259999990463257,1852,0.0,0.0
2024-08-29 10:35:00-04:00,2.25,2.25,2.25,2.25,1999,0.0,0.0
2024-08-29 11:00:00-04:00,2.210099935531616,2.210099935531616,2.210099935531616,2.210099935531616,708,0.0,0.0
2024-08-29 11:15:00-04:00,2.240000009536743,2.240000009536743,2.240000009536743,2.240000009536743,1357,0.0,0.0
2024-08-29 12:25:00-04:00,2.2300000190734863,2.2300000190734863,2.2300000190734863,2.2300000190734863,177,0.0,0.0
2024-08-29 12:30:00-04:00,2.2200000286102295,2.2200000286102295,2.2200000286102295,2.2200000286102295,200,0.0,0.0
2024-08-29 12:45:00-04:00,2.2119998931884766,2.2119998931884766,2.2119998931884766,2.2119998931884766,571,0.0,0.0
2024-08-29 13:20:00-04:00,2.234999895095825,2.234999895095825,2.234999895095825,2.234999895095825,3454,0.0,0.0
2024-08-29 14:45:00-04:00,2.2249999046325684,2.2249999046325684,2.2249999046325684,2.2249999046325684,124,0.0,0.0
2024-08-29 14:50:00-04:00,2.2200000286102295,2.222100019454956,2.2200000286102295,2.222100019454956,3276,0.0,0.0
2024-08-29 14:55:00-04:00,2.2200000286102295,2.2200000286102295,2.2200000286102295,2.2200000286102295,400,0.0,0.0
2024-08-29 15:00:00-04:00,2.2149999141693115,2.2200000286102295,2.2149999141693115,2.2149999141693115,544,0.0,0.0
2024-08-29 15:05:00-04:00,2.2149999141693115,2.2149999141693115,2.2149999141693115,2.2149999141693115,118,0.0,0.0
2024-08-29 15:10:00-04:00,2.2149999141693115,2.2149999141693115,2.2149999141693115,2.2149999141693115,363,0.0,0.0
2024-08-29 15:15:00-04:00,2.2149999141693115,2.2149999141693115,2.2109999656677246,2.2109999656677246,729,0.0,0.0
2024-08-29 15:20:00-04:00,2.2149999141693115,2.3399999141693115,2.2149999141693115,2.2899999618530273,7681,0.0,0.0
2024-08-29 15:30:00-04:00,2.2950000762939453,2.2950000762939453,2.2950000762939453,2.2950000762939453,1980,0.0,0.0
2024-08-29 15:45:00-04:00,2.25,2.25,2.25,2.25,523,0.0,0.0
2024-08-29 15:50:00-04:00,2.299999952316284,2.3096001148223877,2.299999952316284,2.309000015258789,5997,0.0,0.0
2024-08-29 15:55:00-04:00,2.220099925994873,2.3399999141693115,2.220099925994873,2.3399999141693115,3751,0.0,0.0
2024-08-30 09:30:00-04:00,2.2200000286102295,2.2200000286102295,2.1600000858306885,2.1600000858306885,5698,0.0,0.0
2024-08-30 09:35:00-04:00,2.1600000858306885,2.2300000190734863,2.1600000858306885,2.2100000381469727,3724,0.0,0.0
2024-08-30 09:40:00-04:00,2.2100000381469727,2.240000009536743,2.2100000381469727,2.240000009536743,2215,0.0,0.0
2024-08-30 09:45:00-04:00,2.2300000190734863,2.2300000190734863,2.2300000190734863,2.2300000190734863,561,0.0,0.0
2024-08-30 10:10:00-04:00,2.25,2.25,2.25,2.25,1586,0.0,0.0
2024-08-30 10:20:00-04:00,2.2850000858306885,2.2850000858306885,2.2850000858306885,2.2850000858306885,1063,0.0,0.0
2024-08-30 10:25:00-04:00,2.285599946975708,2.285599946975708,2.285599946975708,2.285599946975708,115,0.0,0.0
2024-08-30 10:30:00-04:00,2.25,2.25,2.25,2.25,2173,0.0,0.0
2024-08-30 10:45:00-04:00,2.2400999069213867,2.2400999069213867,2.2400999069213867,2.2400999069213867,319,0.0,0.0
2024-08-30 10:55:00-04:00,2.24180006980896,2.265000104904175,2.24180006980896,2.265000104904175,1044,0.0,0.0
2024-08-30 11:15:00-04:00,2.255000114440918,2.255000114440918,2.2400999069213867,2.255000114440918,1305,0.0,0.0
2024-08-30 11:20:00-04:00,2.255000114440918,2.255000114440918,2.240000009536743,2.255000114440918,1196,0.0,0.0
2024-08-30 11:25:00-04:00,2.255000114440918,2.255000114440918,2.255000114440918,2.255000114440918,323,0.0,0.0
2024-08-30 12:00:00-04:00,2.2894999980926514,2.2894999980926514,2.2894999980926514,2.2894999980926514,406,0.0,0.0
2024-08-30 12:10:00-04:00,2.265000104904175,2.265000104904175,2.265000104904175,2.265000104904175,167,0.0,0.0
2024-08-30 12:25:00-04:00,2.2699999809265137,2.2699999809265137,2.259999990463257,2.259999990463257,2263,0.0,0.0
2024-08-30 12:40:00-04:00,2.2399001121520996,2.2399001121520996,2.2399001121520996,2.2399001121520996,800,0.0,0.0
2024-08-30 12:45:00-04:00,2.2397000789642334,2.2397000789642334,2.2300000190734863,2.2300000190734863,821,0.0,0.0
2024-08-30 13:10:00-04:00,2.240000009536743,2.240000009536743,2.2249999046325684,2.2249999046325684,9561,0.0,0.0
2024-08-30 13:15:00-04:00,2.2397000789642334,2.240000009536743,2.2397000789642334,2.240000009536743,2483,0.0,0.0
2024-08-30 13:20:00-04:00,2.259999990463257,2.259999990463257,2.259999990463257,2.259999990463257,233,0.0,0.0
2024-08-30 13:30:00-04:00,2.259999990463257,2.259999990463257,2.259999990463257,2.259999990463257,400,0.0,0.0
2024-08-30 13:40:00-04:00,2.259999990463257,2.2899999618530273,2.259999990463257,2.2899999618530273,4964,0.0,0.0
2024-08-30 13:55:00-04:00,2.319999933242798,2.3480000495910645,2.319999933242798,2.3480000495910645,854,0.0,0.0
2024-08-30 14:05:00-04:00,2.3399999141693115,2.3399999141693115,2.3399999141693115,2.3399999141693115,101,0.0,0.0
2024-08-30 14:10:00-04:00,2.3399999141693115,2.3399999141693115,2.3399999141693115,2.3399999141693115,700,0.0,0.0
2024-08-30 14:15:00-04:00,2.3399999141693115,2.3399999141693115,2.3399999141693115,2.3399999141693115,248,0.0,0.0
2024-08-30 14:20:00-04:00,2.3399999141693115,2.3499999046325684,2.3399999141693115,2.3499999046325684,172,0.0,0.0
2024-08-30 14:25:00-04:00,2.3499999046325684,2.3499999046325684,2.3499999046325684,2.3499999046325684,302,0.0,0.0
2024-08-30 14:30:00-04:00,2.3299999237060547,2.3499999046325684,2.3299999237060547,2.3499999046325684,1399,0.0,0.0
2024-08-30 14:40:00-04:00,2.375,2.380000114440918,2.375,2.380000114440918,301,0.0,0.0
2024-08-30 14:45:00-04:00,2.3499999046325684,2.380000114440918,2.3499999046325684,2.380000114440918,947,0.0,0.0
2024-08-30 14:50:00-04:00,2.380000114440918,2.380000114440918,2.380000114440918,2.380000114440918,200,0.0,0.0
2024-08-30 14:55:00-04:00,2.380000114440918,2.380000114440918,2.380000114440918,2.380000114440918,506,0.0,0.0
2024-08-30 15:00:00-04:00,2.375,2.380000114440918,2.375,2.375,502,0.0,0.0
2024-08-30 15:05:00-04:00,2.375,2.380000114440918,2.375,2.380000114440918,351,0.0,0.0
2024-08-30 15:10:00-04:00,2.380000114440918,2.380000114440918,2.375,2.3798999786376953,2311,0.0,0.0
2024-08-30 15:15:00-04:00,2.380000114440918,2.380000114440918,2.380000114440918,2.380000114440918,0,0.0,0.0
2024-08-30 15:20:00-04:00,2.380000114440918,2.380000114440918,2.380000114440918,2.380000114440918,301,0.0,0.0
2024-08-30 15:25:00-04:00,2.375,2.380000114440918,2.375,2.380000114440918,703,0.0,0.0
2024-08-30 15:30:00-04:00,2.380000114440918,2.380000114440918,2.366499900817871,2.366499900817871,1740,0.0,0.0
2024-08-30 15:35:00-04:00,2.369999885559082,2.369999885559082,2.369999885559082,2.369999885559082,30,0.0,0.0
2024-08-30 15:40:00-04:00,2.369999885559082,2.369999885559082,2.359999895095825,2.359999895095825,631,0.0,0.0
2024-08-30 15:45:00-04:00,2.3450000286102295,2.3499999046325684,2.309999942779541,2.3499999046325684,1797,0.0,0.0
2024-08-30 15:50:00-04:00,2.3499999046325684,2.359999895095825,2.3499999046325684,2.359999895095825,784,0.0,0.0
2024-08-30 15:55:00-04:00,2.369999885559082,2.380000114440918,2.32069993019104,2.369999885559082,13775,0.0,0.0
2024-09-03 09:30:00-04:00,2.1505000591278076,2.1505000591278076,2.1505000591278076,2.1505000591278076,6009,0.0,0.0
2024-09-03 09:35:00-04:00,2.150099992752075,2.174999952316284,2.150099992752075,2.174999952316284,896,0.0,0.0
2024-09-03 09:40:00-04:00,2.190000057220459,2.190000057220459,2.174999952316284,2.174999952316284,852,0.0,0.0
2024-09-03 09:45:00-04:00,2.2472000122070312,2.2472000122070312,2.2472000122070312,2.2472000122070312,643,0.0,0.0
2024-09-03 10:00:00-04:00,2.1714000701904297,2.1714000701904297,2.1714000701904297,2.1714000701904297,311,0.0,0.0
2024-09-03 10:05:00-04:00,2.184999942779541,2.184999942779541,2.1700000762939453,2.184999942779541,809,0.0,0.0
2024-09-03 10:10:00-04:00,2.161799907684326,2.161799907684326,2.161799907684326,2.161799907684326,300,0.0,0.0
2024-09-03 10:15:00-04:00,2.1874001026153564,2.1874001026153564,2.1700000762939453,2.1700000762939453,169,0.0,0.0
2024-09-03 10:20:00-04:00,2.1700000762939453,2.1700000762939453,2.1700000762939453,2.1700000762939453,156,0.0,0.0
2024-09-03 10:25:00-04:00,2.1700000762939453,2.1700000762939453,2.1700000762939453,2.1700000762939453,1050,0.0,0.0
2024-09-03 10:30:00-04:00,2.1700000762939453,2.1700000762939453,2.1700000762939453,2.1700000762939453,221,0.0,0.0
2024-09-03 10:35:00-04:00,2.171600103378296,2.180000066757202,2.1700000762939453,2.180000066757202,1111,0.0,0.0
2024-09-03 10:40:00-04:00,2.160099983215332,2.200000047683716,2.160099983215332,2.200000047683716,631,0.0,0.0
2024-09-03 10:50:00-04:00,2.170599937438965,2.170599937438965,2.170599937438965,2.170599937438965,1328,0.0,0.0
2024-09-03 11:00:00-04:00,2.2200000286102295,2.25,2.2200000286102295,2.25,904,0.0,0.0
2024-09-03 11:25:00-04:00,2.2100000381469727,2.2100000381469727,2.180000066757202,2.180000066757202,1009,0.0,0.0
2024-09-03 11:30:00-04:00,2.180000066757202,2.180000066757202,2.180000066757202,2.180000066757202,541,0.0,0.0
2024-09-03 12:10:00-04:00,2.190000057220459,2.2100000381469727,2.170099973678589,2.2100000381469727,2648,0.0,0.0
2024-09-03 12:35:00-04:00,2.20770001411438,2.20770001411438,2.20770001411438,2.20770001411438,200,0.0,0.0
2024-09-03 12:40:00-04:00,2.2200000286102295,2.2200000286102295,2.180000066757202,2.180000066757202,1982,0.0,0.0
2024-09-03 13:40:00-04:00,2.20770001411438,2.20770001411438,2.20770001411438,2.20770001411438,295,0.0,0.0
2024-09-03 14:40:00-04:00,2.184999942779541,2.184999942779541,2.184999942779541,2.184999942779541,338,0.0,0.0
2024-09-03 14:45:00-04:00,2.1700000762939453,2.180000066757202,2.1700000762939453,2.180000066757202,4465,0.0,0.0
2024-09-03 15:00:00-04:00,2.1610000133514404,2.1700000762939453,2.1600000858306885,2.1700000762939453,1696,0.0,0.0
2024-09-03 15:05:00-04:00,2.1726999282836914,2.1726999282836914,2.1726999282836914,2.1726999282836914,2141,0.0,0.0
2024-09-03 15:15:00-04:00,2.1700000762939453,2.1700000762939453,2.1700000762939453,2.1700000762939453,183,0.0,0.0
2024-09-03 15:40:00-04:00,2.1689999103546143,2.1689999103546143,2.1689999103546143,2.1689999103546143,1922,0.0,0.0
2024-09-03 15:55:00-04:00,2.140000104904175,2.144200086593628,2.130000114440918,2.144200086593628,988,0.0,0.0
2024-09-04 09:30:00-04:00,2.109999895095825,2.109999895095825,2.109999895095825,2.109999895095825,1678,0.0,0.0
2024-09-04 09:55:00-04:00,2.1600000858306885,2.2100000381469727,2.1540000438690186,2.2100000381469727,3692,0.0,0.0
2024-09-04 10:10:00-04:00,2.180000066757202,2.180000066757202,2.180000066757202,2.180000066757202,225,0.0,0.0
2024-09-04 10:30:00-04:00,2.1108999252319336,2.1108999252319336,2.1108999252319336,2.1108999252319336,214,0.0,0.0
2024-09-04 10:35:00-04:00,2.1410000324249268,2.1410000324249268,2.1410000324249268,2.1410000324249268,545,0.0,0.0
2024-09-04 10:40:00-04:00,2.140000104904175,2.140000104904175,2.140000104904175,2.140000104904175,1116,0.0,0.0
2024-09-04 11:00:00-04:00,2.140000104904175,2.140000104904175,2.140000104904175,2.140000104904175,256,0.0,0.0
2024-09-04 11:05:00-04:00,2.1117000579833984,2.1117000579833984,2.1117000579833984,2.1117000579833984,573,0.0,0.0
2024-09-04 11:30:00-04:00,2.1201000213623047,2.130000114440918,2.1201000213623047,2.130000114440918,255,0.0,0.0
2024-09-04 11:45:00-04:00,2.1301000118255615,2.1301000118255615,2.1301000118255615,2.1301000118255615,5115,0.0,0.0
2024-09-04 12:00:00-04:00,2.130000114440918,2.1500000953674316,2.130000114440918,2.1500000953674316,1079,0.0,0.0
2024-09-04 12:25:00-04:00,2.1600000858306885,2.1600000858306885,2.1600000858306885,2.1600000858306885,346,0.0,0.0
2024-09-04 12:45:00-04:00,2.1600000858306885,2.1600000858306885,2.1600000858306885,2.1600000858306885,537,0.0,0.0
2024-09-04 13:05:00-04:00,2.1700000762939453,2.178999900817871,2.1700000762939453,2.1700000762939453,2019,0.0,0.0
2024-09-04 14:00:00-04:00,2.184999942779541,2.184999942779541,2.184999942779541,2.184999942779541,572,0.0,0.0
2024-09-04 14:45:00-04:00,2.1700000762939453,2.1700000762939453,2.1700000762939453,2.1700000762939453,1666,0.0,0.0
2024-09-04 15:00:00-04:00,2.1800999641418457,2.1800999641418457,2.1800999641418457,2.1800999641418457,106,0.0,0.0
2024-09-04 15:35:00-04:00,2.177299976348877,2.180000066757202,2.1600000858306885,2.180000066757202,3469,0.0,0.0
2024-09-04 15:50:00-04:00,2.1600000858306885,2.1600000858306885,2.109999895095825,2.130000114440918,4175,0.0,0.0
2024-09-05 09:30:00-04:00,2.0199999809265137,2.047300100326538,2.0199999809265137,2.047300100326538,8569,0.0,0.0
2024-09-05 10:10:00-04:00,2.0299999713897705,2.059999942779541,2.0299999713897705,2.059999942779541,6713,0.0,0.0
2024-09-05 10:25:00-04:00,2.119999885559082,2.1700000762939453,2.1019999980926514,2.1414999961853027,16319,0.0,0.0
2024-09-05 10:45:00-04:00,2.109999895095825,2.109999895095825,2.109999895095825,2.109999895095825,5727,0.0,0.0
2024-09-05 10:55:00-04:00,2.119999885559082,2.119999885559082,2.119999885559082,2.119999885559082,192,0.0,0.0
2024-09-05 11:00:00-04:00,2.119999885559082,2.119999885559082,2.0199999809265137,2.0201001167297363,6530,0.0,0.0
2024-09-05 11:05:00-04:00,2.0583999156951904,2.0583999156951904,2.0583999156951904,2.0583999156951904,103,0.0,0.0
2024-09-05 11:10:00-04:00,2.044100046157837,2.044100046157837,2.044100046157837,2.044100046157837,3701,0.0,0.0
2024-09-05 11:25:00-04:00,2.0527000427246094,2.0527000427246094,2.0199999809265137,2.0299999713897705,3352,0.0,0.0
2024-09-05 12:25:00-04:00,2.0399999618530273,2.0399999618530273,2.0399999618530273,2.0399999618530273,249,0.0,0.0
2024-09-05 12:30:00-04:00,2.059999942779541,2.059999942779541,2.059999942779541,2.059999942779541,1279,0.0,0.0
2024-09-05 13:20:00-04:00,2.0250000953674316,2.0250000953674316,2.0250000953674316,2.0250000953674316,400,0.0,0.0
2024-09-05 13:55:00-04:00,2.0,2.0,2.0,2.0,1166,0.0,0.0
2024-09-05 14:00:00-04:00,2.0,2.0000998973846436,1.9900000095367432,1.9900000095367432,5070,0.0,0.0
2024-09-05 14:05:00-04:00,1.9299999475479126,1.9900000095367432,1.9299999475479126,1.9600000381469727,809,0.0,0.0
2024-09-05 14:10:00-04:00,1.9700000286102295,1.9700000286102295,1.909999966621399,1.909999966621399,1219,0.0,0.0
2024-09-05 14:20:00-04:00,1.9342000484466553,1.9800000190734863,1.9271999597549438,1.9600000381469727,1911,0.0,0.0
2024-09-05 14:30:00-04:00,1.979099988937378,1.979099988937378,1.979099988937378,1.979099988937378,574,0.0,0.0
2024-09-05 14:45:00-04:00,1.9421000480651855,1.9421000480651855,1.940000057220459,1.940000057220459,235,0.0,0.0
2024-09-05 14:55:00-04:00,1.9600000381469727,1.9600000381469727,1.9600000381469727,1.9600000381469727,1673,0.0,0.0
2024-09-05 15:15:00-04:00,1.9600000381469727,1.9600000381469727,1.9600000381469727,1.9600000381469727,1523,0.0,0.0
2024-09-05 15:20:00-04:00,1.9850000143051147,1.9850000143051147,1.9746999740600586,1.9746999740600586,300,0.0,0.0
2024-09-05 15:25:00-04:00,1.972100019454956,1.972100019454956,1.972100019454956,1.972100019454956,670,0.0,0.0
2024-09-05 15:35:00-04:00,1.9600000381469727,1.9600000381469727,1.9600000381469727,1.9600000381469727,2661,0.0,0.0
2024-09-05 15:45:00-04:00,1.9600000381469727,1.9600000381469727,1.9600000381469727,1.9600000381469727,1325,0.0,0.0
2024-09-05 15:50:00-04:00,1.9550000429153442,1.9550000429153442,1.9550000429153442,1.9550000429153442,515,0.0,0.0
2024-09-05 15:55:00-04:00,1.940000057220459,1.940000057220459,1.940000057220459,1.940000057220459,907,0.0,0.0
2024-09-06 09:30:00-04:00,1.940000057220459,1.940000057220459,1.940000057220459,1.940000057220459,444,0.0,0.0
2024-09-06 09:35:00-04:00,1.9700000286102295,1.9700000286102295,1.9700000286102295,1.9700000286102295,121,0.0,0.0
2024-09-06 09:40:00-04:00,2.048099994659424,2.048099994659424,2.048099994659424,2.048099994659424,2292,0.0,0.0
2024-09-06 09:45:00-04:00,2.049999952316284,2.049999952316284,2.049999952316284,2.049999952316284,390,0.0,0.0
2024-09-06 10:10:00-04:00,1.9819999933242798,1.9819999933242798,1.9819999933242798,1.9819999933242798,1096,0.0,0.0
2024-09-06 10:20:00-04:00,1.9991999864578247,1.9991999864578247,1.9991999864578247,1.9991999864578247,131,0.0,0.0
2024-09-06 10:25:00-04:00,1.9800000190734863,2.0020999908447266,1.9800000190734863,2.0020999908447266,1746,0.0,0.0
2024-09-06 10:40:00-04:00,1.9900000095367432,1.9900000095367432,1.9900000095367432,1.9900000095367432,2672,0.0,0.0
2024-09-06 10:55:00-04:00,1.9800000190734863,1.9800000190734863,1.9800000190734863,1.9800000190734863,1961,0.0,0.0
2024-09-06 12:00:00-04:00,1.9500000476837158,1.9500000476837158,1.9500000476837158,1.9500000476837158,2081,0.0,0.0
2024-09-06 12:10:00-04:00,1.9450000524520874,1.9450000524520874,1.9450000524520874,1.9450000524520874,4819,0.0,0.0
2024-09-06 12:15:00-04:00,1.9500000476837158,1.9500000476837158,1.9500000476837158,1.9500000476837158,3191,0.0,0.0
2024-09-06 12:40:00-04:00,1.9600000381469727,1.9600000381469727,1.9500000476837158,1.9500000476837158,10352,0.0,0.0
2024-09-06 13:35:00-04:00,1.965000033378601,1.965000033378601,1.965000033378601,1.965000033378601,228,0.0,0.0
2024-09-06 14:15:00-04:00,1.9600000381469727,1.9600000381469727,1.9600000381469727,1.9600000381469727,1901,0.0,0.0
2024-09-06 15:15:00-04:00,1.9500000476837158,1.9500000476837158,1.940000057220459,1.9500000476837158,1911,0.0,0.0
2024-09-06 15:50:00-04:00,1.940000057220459,1.940000057220459,1.940000057220459,1.940000057220459,210,0.0,0.0
2024-09-06 15:55:00-04:00,1.940000057220459,1.940000057220459,1.940000057220459,1.940000057220459,2069,0.0,0.0
2024-09-09 09:30:00-04:00,1.9600000381469727,1.9600000381469727,1.9600000381469727,1.9600000381469727,2688,0.0,0.0
2024-09-09 09:45:00-04:00,1.899999976158142,1.899999976158142,1.899999976158142,1.899999976158142,417,0.0,0.0
2024-09-09 10:05:00-04:00,1.899999976158142,1.899999976158142,1.899999976158142,1.899999976158142,375,0.0,0.0
2024-09-09 10:10:00-04:00,1.8799999952316284,1.8799999952316284,1.8799999952316284,1.8799999952316284,610,0.0,0.0
2024-09-09 10:15:00-04:00,1.8801000118255615,1.8801000118255615,1.8801000118255615,1.8801000118255615,305,0.0,0.0
2024-09-09 10:30:00-04:00,1.8801000118255615,1.8801000118255615,1.8801000118255615,1.8801000118255615,258,0.0,0.0
2024-09-09 11:00:00-04:00,1.8899999856948853,1.8899999856948853,1.8899999856948853,1.8899999856948853,212,0.0,0.0
2024-09-09 11:20:00-04:00,1.8650000095367432,1.8650000095367432,1.8650000095367432,1.8650000095367432,297,0.0,0.0
2024-09-09 12:05:00-04:00,1.850000023841858,1.850100040435791,1.850000023841858,1.850100040435791,2498,0.0,0.0
2024-09-09 12:15:00-04:00,1.8473999500274658,1.8473999500274658,1.8473999500274658,1.8473999500274658,390,0.0,0.0
2024-09-09 12:20:00-04:00,1.8450000286102295,1.8450000286102295,1.8450000286102295,1.8450000286102295,320,0.0,0.0
2024-09-09 12:35:00-04:00,1.8515000343322754,1.8515000343322754,1.8515000343322754,1.8515000343322754,480,0.0,0.0
2024-09-09 12:55:00-04:00,1.8798999786376953,1.8798999786376953,1.8798999786376953,1.8798999786376953,401,0.0,0.0
2024-09-09 13:20:00-04:00,1.8515000343322754,1.8515000343322754,1.8515000343322754,1.8515000343322754,367,0.0,0.0
2024-09-09 14:35:00-04:00,1.8698999881744385,1.8698999881744385,1.8698999881744385,1.8698999881744385,360,0.0,0.0
2024-09-09 14:40:00-04:00,1.8660000562667847,1.8660000562667847,1.8660000562667847,1.8660000562667847,199,0.0,0.0
2024-09-09 14:50:00-04:00,1.847499966621399,1.847499966621399,1.847499966621399,1.847499966621399,274,0.0,0.0
2024-09-09 15:25:00-04:00,1.8450000286102295,1.850000023841858,1.8450000286102295,1.850000023841858,336,0.0,0.0
2024-09-09 15:55:00-04:00,1.840000033378601,1.8700000047683716,1.840000033378601,1.8700000047683716,851,0.0,0.0
2024-09-10 09:50:00-04:00,1.9199999570846558,1.9199999570846558,1.8899999856948853,1.9093999862670898,27363,0.0,0.0
2024-09-10 09:55:00-04:00,1.9199999570846558,1.9850000143051147,1.8871999979019165,1.909999966621399,62453,0.0,0.0
2024-09-10 10:00:00-04:00,1.909999966621399,1.9149999618530273,1.8799999952316284,1.8799999952316284,3078,0.0,0.0
2024-09-10 10:15:00-04:00,1.8200000524520874,1.8200000524520874,1.7300000190734863,1.7400000095367432,10398,0.0,0.0
2024-09-10 10:30:00-04:00,1.75,1.75,1.7265000343322754,1.749899983406067,1584,0.0,0.0
2024-09-10 10:40:00-04:00,1.7100000381469727,1.7100000381469727,1.6252000331878662,1.649999976158142,13173,0.0,0.0
2024-09-10 10:45:00-04:00,1.6496000289916992,1.649999976158142,1.6496000289916992,1.649999976158142,2145,0.0,0.0
2024-09-10 10:50:00-04:00,1.6799999475479126,1.6799999475479126,1.6051000356674194,1.6051000356674194,5407,0.0,0.0
2024-09-10 10:55:00-04:00,1.6299999952316284,1.6299999952316284,1.6299999952316284,1.6299999952316284,662,0.0,0.0
2024-09-10 11:00:00-04:00,1.6200000047683716,1.6299999952316284,1.5800000429153442,1.5800000429153442,2264,0.0,0.0
2024-09-10 11:05:00-04:00,1.6399999856948853,1.6490000486373901,1.5800000429153442,1.5800000429153442,8825,0.0,0.0
2024-09-10 11:10:00-04:00,1.649999976158142,1.649999976158142,1.649999976158142,1.649999976158142,0,0.0,0.0
2024-09-10 11:15:00-04:00,1.649999976158142,1.6899000406265259,1.649999976158142,1.659999966621399,7567,0.0,0.0
2024-09-10 11:30:00-04:00,1.590000033378601,1.590000033378601,1.590000033378601,1.590000033378601,106,0.0,0.0
2024-09-10 11:40:00-04:00,1.690000057220459,1.690000057220459,1.690000057220459,1.690000057220459,134,0.0,0.0
2024-09-10 12:15:00-04:00,1.600000023841858,1.6100000143051147,1.565000057220459,1.565000057220459,4577,0.0,0.0
2024-09-10 12:20:00-04:00,1.5700000524520874,1.5700000524520874,1.5700000524520874,1.5700000524520874,310,0.0,0.0
2024-09-10 12:25:00-04:00,1.5700000524520874,1.5700000524520874,1.5700000524520874,1.5700000524520874,300,0.0,0.0
2024-09-10 12:30:00-04:00,1.5640000104904175,1.5700000524520874,1.5640000104904175,1.5699000358581543,1691,0.0,0.0
2024-09-10 12:35:00-04:00,1.559999942779541,1.5700000524520874,1.559999942779541,1.5700000524520874,642,0.0,0.0
2024-09-10 12:45:00-04:00,1.559999942779541,1.559999942779541,1.559999942779541,1.559999942779541,282,0.0,0.0
2024-09-10 12:50:00-04:00,1.5700000524520874,1.5700000524520874,1.559999942779541,1.559999942779541,724,0.0,0.0
2024-09-10 12:55:00-04:00,1.559999942779541,1.559999942779541,1.559999942779541,1.559999942779541,366,0.0,0.0
2024-09-10 13:30:00-04:00,1.559999942779541,1.559999942779541,1.559999942779541,1.559999942779541,685,0.0,0.0
2024-09-10 13:50:00-04:00,1.5700000524520874,1.5700000524520874,1.5700000524520874,1.5700000524520874,200,0.0,0.0
2024-09-10 14:00:00-04:00,1.600000023841858,1.600000023841858,1.600000023841858,1.600000023841858,522,0.0,0.0
2024-09-10 14:10:00-04:00,1.600000023841858,1.600000023841858,1.600000023841858,1.600000023841858,234,0.0,0.0
2024-09-10 14:20:00-04:00,1.600000023841858,1.600000023841858,1.600000023841858,1.600000023841858,301,0.0,0.0
2024-09-10 14:25:00-04:00,1.6100000143051147,1.6100000143051147,1.6100000143051147,1.6100000143051147,451,0.0,0.0
2024-09-10 14:40:00-04:00,1.600000023841858,1.600000023841858,1.600000023841858,1.600000023841858,501,0.0,0.0
2024-09-10 14:45:00-04:00,1.600000023841858,1.600000023841858,1.600000023841858,1.600000023841858,200,0.0,0.0
2024-09-10 14:50:00-04:00,1.600000023841858,1.600000023841858,1.600000023841858,1.600000023841858,100,0.0,0.0
2024-09-10 14:55:00-04:00,1.600000023841858,1.600000023841858,1.600000023841858,1.600000023841858,1909,0.0,0.0
2024-09-10 15:50:00-04:00,1.600000023841858,1.600000023841858,1.600000023841858,1.600000023841858,2582,0.0,0.0
2024-09-10 15:55:00-04:00,1.5980000495910645,1.6200000047683716,1.5980000495910645,1.600000023841858,1303,0.0,0.0
2024-09-11 09:30:00-04:00,1.5499999523162842,1.5499999523162842,1.5499999523162842,1.5499999523162842,2193,0.0,0.0
2024-09-11 09:40:00-04:00,1.6100000143051147,1.6399999856948853,1.6100000143051147,1.6100000143051147,10276,0.0,0.0
2024-09-11 09:50:00-04:00,1.590000033378601,1.6200000047683716,1.590000033378601,1.6200000047683716,4390,0.0,0.0
2024-09-11 10:05:00-04:00,1.559999942779541,1.573699951171875,1.559999942779541,1.573699951171875,1930,0.0,0.0
2024-09-11 10:15:00-04:00,1.6299999952316284,1.6399999856948853,1.6299999952316284,1.6399999856948853,3709,0.0,0.0
2024-09-11 10:25:00-04:00,1.6200000047683716,1.6299999952316284,1.6200000047683716,1.6299999952316284,7405,0.0,0.0
2024-09-11 10:30:00-04:00,1.6299999952316284,1.7100000381469727,1.6299999952316284,1.7100000381469727,7630,0.0,0.0
2024-09-11 10:35:00-04:00,1.6799999475479126,1.6799999475479126,1.6699999570846558,1.6710000038146973,7744,0.0,0.0
2024-09-11 10:50:00-04:00,1.7100000381469727,1.7100000381469727,1.5500999689102173,1.5500999689102173,8985,0.0,0.0
2024-09-11 11:20:00-04:00,1.6399999856948853,1.6399999856948853,1.6305999755859375,1.6305999755859375,406,0.0,0.0
2024-09-11 11:30:00-04:00,1.6299999952316284,1.6299999952316284,1.534999966621399,1.534999966621399,4679,0.0,0.0
2024-09-11 11:40:00-04:00,1.5499999523162842,1.5499999523162842,1.5499999523162842,1.5499999523162842,250,0.0,0.0
2024-09-11 11:45:00-04:00,1.5491000413894653,1.5491000413894653,1.5491000413894653,1.5491000413894653,754,0.0,0.0
2024-09-11 11:55:00-04:00,1.5400999784469604,1.5499999523162842,1.5400999784469604,1.5499999523162842,1201,0.0,0.0
2024-09-11 12:00:00-04:00,1.5499999523162842,1.6050000190734863,1.5399999618530273,1.6050000190734863,4240,0.0,0.0
2024-09-11 12:05:00-04:00,1.590000033378601,1.590000033378601,1.590000033378601,1.590000033378601,82,0.0,0.0
2024-09-11 12:20:00-04:00,1.5399999618530273,1.5429999828338623,1.5399999618530273,1.5429999828338623,621,0.0,0.0
2024-09-11 12:25:00-04:00,1.5499999523162842,1.5499999523162842,1.5499999523162842,1.5499999523162842,500,0.0,0.0
2024-09-11 12:30:00-04:00,1.5700000524520874,1.5700000524520874,1.5700000524520874,1.5700000524520874,434,0.0,0.0
2024-09-11 12:50:00-04:00,1.5444999933242798,1.5444999933242798,1.5444999933242798,1.5444999933242798,3214,0.0,0.0
2024-09-11 12:55:00-04:00,1.5399999618530273,1.5399999618530273,1.5399999618530273,1.5399999618530273,0,0.0,0.0
2024-09-11 13:10:00-04:00,1.5200999975204468,1.5200999975204468,1.5200999975204468,1.5200999975204468,522,0.0,0.0
2024-09-11 13:25:00-04:00,1.5199999809265137,1.5199999809265137,1.5199999809265137,1.5199999809265137,35,0.0,0.0
2024-09-11 14:00:00-04:00,1.5599000453948975,1.5599000453948975,1.5599000453948975,1.5599000453948975,816,0.0,0.0
2024-09-11 14:20:00-04:00,1.5499000549316406,1.5499000549316406,1.5499000549316406,1.5499000549316406,1400,0.0,0.0
2024-09-11 14:25:00-04:00,1.5199999809265137,1.5199999809265137,1.5199999809265137,1.5199999809265137,0,0.0,0.0
2024-09-11 14:30:00-04:00,1.5099999904632568,1.5199999809265137,1.5099999904632568,1.5199999809265137,756,0.0,0.0
2024-09-11 14:35:00-04:00,1.516700029373169,1.516700029373169,1.516700029373169,1.516700029373169,200,0.0,0.0
2024-09-11 14:40:00-04:00,1.5149999856948853,1.5149999856948853,1.5,1.5,2944,0.0,0.0
2024-09-11 14:45:00-04:00,1.5049999952316284,1.5099999904632568,1.5,1.5099999904632568,18015,0.0,0.0
2024-09-11 14:50:00-04:00,1.5199999809265137,1.5199999809265137,1.4800000190734863,1.4800000190734863,2525,0.0,0.0
2024-09-11 14:55:00-04:00,1.4600000381469727,1.4600000381469727,1.4600000381469727,1.4600000381469727,615,0.0,0.0
2024-09-11 15:50:00-04:00,1.475000023841858,1.475000023841858,1.475000023841858,1.475000023841858,1969,0.0,0.0
2024-09-11 15:55:00-04:00,1.4800000190734863,1.4800000190734863,1.4700000286102295,1.4700000286102295,2140,0.0,0.0
2024-09-12 09:30:00-04:00,1.4600000381469727,1.5,1.4600000381469727,1.499899983406067,3942,0.0,0.0
2024-09-12 09:40:00-04:00,1.4980000257492065,1.4980000257492065,1.4980000257492065,1.4980000257492065,1159,0.0,0.0
2024-09-12 09:50:00-04:00,1.5199999809265137,1.687999963760376,1.5199999809265137,1.687999963760376,15183,0.0,0.0
2024-09-12 09:55:00-04:00,1.5980000495910645,1.6749999523162842,1.5099999904632568,1.5700000524520874,7347,0.0,0.0
2024-09-12 10:00:00-04:00,1.579300045967102,1.579300045967102,1.5499999523162842,1.5499999523162842,360,0.0,0.0
2024-09-12 10:05:00-04:00,1.5800000429153442,1.5800000429153442,1.5800000429153442,1.5800000429153442,3593,0.0,0.0
2024-09-12 10:10:00-04:00,1.544100046157837,1.544100046157837,1.5099999904632568,1.5099999904632568,1210,0.0,0.0
2024-09-12 10:15:00-04:00,1.5099999904632568,1.559999942779541,1.4800000190734863,1.559999942779541,14391,0.0,0.0
2024-09-12 10:25:00-04:00,1.5420000553131104,1.5420000553131104,1.5420000553131104,1.5420000553131104,180,0.0,0.0
2024-09-12 10:35:00-04:00,1.5866999626159668,1.5866999626159668,1.5300999879837036,1.5300999879837036,1298,0.0,0.0
2024-09-12 10:40:00-04:00,1.5299999713897705,1.5299999713897705,1.4800000190734863,1.5098999738693237,9038,0.0,0.0
2024-09-12 10:50:00-04:00,1.4900000095367432,1.5084999799728394,1.4900000095367432,1.5084999799728394,486,0.0,0.0
2024-09-12 10:55:00-04:00,1.4900000095367432,1.4900000095367432,1.4900000095367432,1.4900000095367432,922,0.0,0.0
2024-09-12 11:00:00-04:00,1.4800000190734863,1.4800000190734863,1.4800000190734863,1.4800000190734863,933,0.0,0.0
2024-09-12 11:05:00-04:00,1.4800000190734863,1.4900000095367432,1.4700000286102295,1.4700000286102295,12411,0.0,0.0
2024-09-12 11:30:00-04:00,1.4700000286102295,1.4700000286102295,1.4700000286102295,1.4700000286102295,4455,0.0,0.0
2024-09-12 11:40:00-04:00,1.4799000024795532,1.4799000024795532,1.4799000024795532,1.4799000024795532,200,0.0,0.0
2024-09-12 11:55:00-04:00,1.4522000551223755,1.4522000551223755,1.4522000551223755,1.4522000551223755,4937,0.0,0.0
2024-09-12 12:05:00-04:00,1.4601000547409058,1.4601000547409058,1.4601000547409058,1.4601000547409058,322,0.0,0.0
2024-09-12 12:10:00-04:00,1.4694000482559204,1.4694000482559204,1.4694000482559204,1.4694000482559204,2702,0.0,0.0
2024-09-12 12:15:00-04:00,1.4800000190734863,1.4800000190734863,1.4799000024795532,1.4799000024795532,5751,0.0,0.0
2024-09-12 12:20:00-04:00,1.4500000476837158,1.4500000476837158,1.4500000476837158,1.4500000476837158,0,0.0,0.0
2024-09-12 12:35:00-04:00,1.4795000553131104,1.4795000553131104,1.4795000553131104,1.4795000553131104,1000,0.0,0.0
2024-09-12 12:40:00-04:00,1.4500000476837158,1.4500000476837158,1.4500000476837158,1.4500000476837158,0,0.0,0.0
2024-09-12 12:45:00-04:00,1.4759000539779663,1.5198999643325806,1.4600000381469727,1.4800000190734863,11357,0.0,0.0
2024-09-12 12:50:00-04:00,1.4800000190734863,1.5299999713897705,1.475000023841858,1.475000023841858,36675,0.0,0.0
2024-09-12 12:55:00-04:00,1.475000023841858,1.475000023841858,1.4700000286102295,1.4700000286102295,3392,0.0,0.0
2024-09-12 13:20:00-04:00,1.4800000190734863,1.4800000190734863,1.4800000190734863,1.4800000190734863,528,0.0,0.0
2024-09-12 13:45:00-04:00,1.4799000024795532,1.4799000024795532,1.4799000024795532,1.4799000024795532,3169,0.0,0.0
2024-09-12 13:55:00-04:00,1.4500000476837158,1.4500000476837158,1.3200000524520874,1.4199999570846558,23726,0.0,0.0
2024-09-12 14:00:00-04:00,1.3799999952316284,1.3799999952316284,1.3799999952316284,1.3799999952316284,117,0.0,0.0
2024-09-12 14:05:00-04:00,1.3819999694824219,1.3819999694824219,1.3799999952316284,1.3799999952316284,202,0.0,0.0
2024-09-12 14:10:00-04:00,1.3799999952316284,1.3819999694824219,1.3799999952316284,1.3819999694824219,205,0.0,0.0
2024-09-12 14:15:00-04:00,1.3799999952316284,1.3819999694824219,1.3799999952316284,1.3819999694824219,201,0.0,0.0
2024-09-12 14:20:00-04:00,1.3919999599456787,1.3919999599456787,1.3919999599456787,1.3919999599456787,522,0.0,0.0
2024-09-12 14:30:00-04:00,1.4283000230789185,1.4499000310897827,1.399999976158142,1.4499000310897827,1250,0.0,0.0
2024-09-12 14:35:00-04:00,1.399999976158142,1.399999976158142,1.399999976158142,1.399999976158142,111,0.0,0.0
2024-09-12 14:40:00-04:00,1.4249999523162842,1.440000057220459,1.4249999523162842,1.440000057220459,500,0.0,0.0
2024-09-12 14:45:00-04:00,1.409999966621399,1.4462000131607056,1.4012999534606934,1.4012999534606934,1751,0.0,0.0
2024-09-12 14:50:00-04:00,1.403499960899353,1.409999966621399,1.403499960899353,1.409999966621399,203,0.0,0.0
2024-09-12 14:55:00-04:00,1.4019999504089355,1.409999966621399,1.4019999504089355,1.409999966621399,202,0.0,0.0
2024-09-12 15:00:00-04:00,1.403499960899353,1.409999966621399,1.403499960899353,1.409999966621399,217,0.0,0.0
2024-09-12 15:05:00-04:00,1.409999966621399,1.409999966621399,1.4019999504089355,1.4019999504089355,300,0.0,0.0
2024-09-12 15:10:00-04:00,1.4019999504089355,1.4019999504089355,1.4019999504089355,1.4019999504089355,204,0.0,0.0
2024-09-12 15:20:00-04:00,1.399999976158142,1.399999976158142,1.399999976158142,1.399999976158142,403,0.0,0.0
2024-09-12 15:25:00-04:00,1.399999976158142,1.399999976158142,1.399999976158142,1.399999976158142,301,0.0,0.0
2024-09-12 15:30:00-04:00,1.399999976158142,1.4199999570846558,1.399999976158142,1.399999976158142,2375,0.0,0.0
2024-09-12 15:40:00-04:00,1.409999966621399,1.440000057220459,1.409999966621399,1.440000057220459,2024,0.0,0.0
2024-09-12 15:45:00-04:00,1.409999966621399,1.409999966621399,1.409999966621399,1.409999966621399,0,0.0,0.0
2024-09-12 15:50:00-04:00,1.409999966621399,1.409999966621399,1.409999966621399,1.409999966621399,400,0.0,0.0
2024-09-12 15:55:00-04:00,1.409999966621399,1.409999966621399,1.399999976158142,1.399999976158142,4309,0.0,0.0
2024-09-13 09:30:00-04:00,1.4600000381469727,1.4600000381469727,1.4600000381469727,1.4600000381469727,498,0.0,0.0
2024-09-13 09:35:00-04:00,1.4199999570846558,1.4199999570846558,1.4199999570846558,1.4199999570846558,135,0.0,0.0
2024-09-13 09:40:00-04:00,1.4110000133514404,1.4110000133514404,1.3801000118255615,1.399999976158142,11120,0.0,0.0
2024-09-13 09:45:00-04:00,1.399999976158142,1.399999976158142,1.3700000047683716,1.3899999856948853,18799,0.0,0.0
2024-09-13 09:50:00-04:00,1.4214999675750732,1.4214999675750732,1.3503999710083008,1.3503999710083008,10561,0.0,0.0
2024-09-13 09:55:00-04:00,1.4194999933242798,1.4194999933242798,1.4194999933242798,1.4194999933242798,2524,0.0,0.0
2024-09-13 10:05:00-04:00,1.4600000381469727,1.4800000190734863,1.4600000381469727,1.4700000286102295,4565,0.0,0.0
2024-09-13 10:10:00-04:00,1.440000057220459,1.4500000476837158,1.4199999570846558,1.4500000476837158,11405,0.0,0.0
2024-09-13 10:20:00-04:00,1.4800000190734863,1.4800000190734863,1.4800000190734863,1.4800000190734863,3808,0.0,0.0
2024-09-13 10:35:00-04:00,1.4850000143051147,1.5378999710083008,1.4850000143051147,1.5378999710083008,2212,0.0,0.0
2024-09-13 10:45:00-04:00,1.4600000381469727,1.5049999952316284,1.4500000476837158,1.5049999952316284,2965,0.0,0.0
2024-09-13 11:00:00-04:00,1.481600046157837,1.481600046157837,1.481600046157837,1.481600046157837,862,0.0,0.0
2024-09-13 11:05:00-04:00,1.4601000547409058,1.4605000019073486,1.4600000381469727,1.4605000019073486,5049,0.0,0.0
2024-09-13 11:15:00-04:00,1.4642000198364258,1.4642000198364258,1.4642000198364258,1.4642000198364258,191,0.0,0.0
2024-09-13 11:40:00-04:00,1.4601000547409058,1.4601000547409058,1.4601000547409058,1.4601000547409058,1255,0.0,0.0
2024-09-13 12:20:00-04:00,1.4422999620437622,1.4500000476837158,1.434999942779541,1.4417999982833862,1050,0.0,0.0
2024-09-13 12:30:00-04:00,1.4594000577926636,1.4594000577926636,1.440000057220459,1.4594000577926636,3930,0.0,0.0
2024-09-13 13:00:00-04:00,1.4500000476837158,1.4500000476837158,1.4500000476837158,1.4500000476837158,1384,0.0,0.0
2024-09-13 13:05:00-04:00,1.4599000215530396,1.4599000215530396,1.4599000215530396,1.4599000215530396,1473,0.0,0.0
2024-09-13 14:10:00-04:00,1.4299999475479126,1.4299999475479126,1.4299999475479126,1.4299999475479126,332,0.0,0.0
2024-09-13 14:50:00-04:00,1.4297000169754028,1.4297000169754028,1.4297000169754028,1.4297000169754028,196,0.0,0.0
2024-09-13 14:55:00-04:00,1.419100046157837,1.419100046157837,1.419100046157837,1.419100046157837,380,0.0,0.0
2024-09-13 15:20:00-04:00,1.4199999570846558,1.4299999475479126,1.4199999570846558,1.4299999475479126,6335,0.0,0.0
2024-09-13 15:25:00-04:00,1.440000057220459,1.4799000024795532,1.4330999851226807,1.4799000024795532,8485,0.0,0.0
2024-09-13 15:35:00-04:00,1.4700000286102295,1.5199999809265137,1.4700000286102295,1.5199999809265137,13896,0.0,0.0
2024-09-13 15:40:00-04:00,1.5099999904632568,1.5099999904632568,1.4950000047683716,1.4950000047683716,1274,0.0,0.0
2024-09-13 15:45:00-04:00,1.5,1.5399999618530273,1.5,1.5398999452590942,7226,0.0,0.0
2024-09-13 15:50:00-04:00,1.5489000082015991,1.5781999826431274,1.5399999618530273,1.5399999618530273,4265,0.0,0.0
2024-09-13 15:55:00-04:00,1.5700000524520874,1.5700000524520874,1.5300999879837036,1.559999942779541,2137,0.0,0.0
