Datetime,Open,High,Low,Close,Volume,Dividends,Stock Splits
2024-06-17 09:00:00+09:00,4230.0,4230.0,4225.0,4225.0,0,0.0,0.0
2024-06-17 09:01:00+09:00,4210.0,4220.0,4205.0,4220.0,823,0.0,0.0
2024-06-17 09:02:00+09:00,4220.0,4240.0,4220.0,4240.0,615,0.0,0.0
2024-06-17 09:03:00+09:00,4240.0,4250.0,4240.0,4250.0,1595,0.0,0.0
2024-06-17 09:04:00+09:00,4245.0,4260.0,4235.0,4260.0,2666,0.0,0.0
2024-06-17 09:05:00+09:00,4260.0,4300.0,4240.0,4300.0,3395,0.0,0.0
2024-06-17 09:06:00+09:00,4275.0,4275.0,4250.0,4260.0,771,0.0,0.0
2024-06-17 09:07:00+09:00,4260.0,4260.0,4260.0,4260.0,3645,0.0,0.0
2024-06-17 09:08:00+09:00,4260.0,4260.0,4250.0,4250.0,0,0.0,0.0
2024-06-17 09:09:00+09:00,4245.0,4255.0,4245.0,4255.0,1085,0.0,0.0
2024-06-17 09:10:00+09:00,4260.0,4260.0,4245.0,4245.0,90,0.0,0.0
2024-06-17 09:11:00+09:00,4245.0,4245.0,4245.0,4245.0,1,0.0,0.0
2024-06-17 09:12:00+09:00,4250.0,4250.0,4250.0,4250.0,1,0.0,0.0
2024-06-17 09:13:00+09:00,4260.0,4260.0,4250.0,4250.0,1998,0.0,0.0
2024-06-17 09:14:00+09:00,4250.0,4260.0,4240.0,4260.0,538,0.0,0.0
2024-06-17 09:15:00+09:00,4260.0,4265.0,4260.0,4260.0,2506,0.0,0.0
2024-06-17 09:16:00+09:00,4265.0,4265.0,4245.0,4245.0,379,0.0,0.0
2024-06-17 09:17:00+09:00,4270.0,4270.0,4245.0,4245.0,1391,0.0,0.0
2024-06-17 09:18:00+09:00,4250.0,4250.0,4250.0,4250.0,61,0.0,0.0
2024-06-17 09:19:00+09:00,4250.0,4270.0,4250.0,4270.0,1309,0.0,0.0
2024-06-17 09:20:00+09:00,4275.0,4280.0,4270.0,4270.0,104,0.0,0.0
2024-06-17 09:21:00+09:00,4270.0,4285.0,4265.0,4265.0,779,0.0,0.0
2024-06-17 09:22:00+09:00,4275.0,4295.0,4275.0,4275.0,1784,0.0,0.0
2024-06-17 09:23:00+09:00,4275.0,4275.0,4270.0,4270.0,1615,0.0,0.0
2024-06-17 09:24:00+09:00,4270.0,4280.0,4265.0,4280.0,0,0.0,0.0
2024-06-17 09:25:00+09:00,4280.0,4300.0,4280.0,4300.0,7796,0.0,0.0
2024-06-17 09:26:00+09:00,4300.0,4300.0,4280.0,4295.0,631,0.0,0.0
2024-06-17 09:27:00+09:00,4300.0,4305.0,4300.0,4305.0,668,0.0,0.0
2024-06-17 09:28:00+09:00,4300.0,4320.0,4295.0,4310.0,3615,0.0,0.0
2024-06-17 09:29:00+09:00,4320.0,4330.0,4320.0,4320.0,1747,0.0,0.0
2024-06-17 09:30:00+09:00,4315.0,4320.0,4310.0,4310.0,976,0.0,0.0
2024-06-17 09:31:00+09:00,4310.0,4315.0,4310.0,4310.0,1116,0.0,0.0
2024-06-17 09:32:00+09:00,4310.0,4315.0,4300.0,4310.0,3063,0.0,0.0
2024-06-17 09:33:00+09:00,4310.0,4345.0,4310.0,4345.0,11367,0.0,0.0
2024-06-17 09:34:00+09:00,4345.0,4370.0,4335.0,4350.0,21504,0.0,0.0
2024-06-17 09:35:00+09:00,4350.0,4355.0,4315.0,4345.0,9578,0.0,0.0
2024-06-17 09:36:00+09:00,4345.0,4345.0,4320.0,4335.0,4556,0.0,0.0
2024-06-17 09:37:00+09:00,4335.0,4345.0,4320.0,4340.0,10414,0.0,0.0
2024-06-17 09:38:00+09:00,4340.0,4370.0,4340.0,4370.0,3543,0.0,0.0
2024-06-17 09:39:00+09:00,4370.0,4370.0,4355.0,4360.0,1823,0.0,0.0
2024-06-17 09:40:00+09:00,4355.0,4365.0,4355.0,4365.0,6483,0.0,0.0
2024-06-17 09:41:00+09:00,4365.0,4365.0,4360.0,4360.0,2276,0.0,0.0
2024-06-17 09:42:00+09:00,4360.0,4365.0,4360.0,4360.0,1377,0.0,0.0
2024-06-17 09:43:00+09:00,4360.0,4360.0,4355.0,4360.0,163,0.0,0.0
2024-06-17 09:44:00+09:00,4360.0,4360.0,4350.0,4355.0,3770,0.0,0.0
2024-06-17 09:45:00+09:00,4355.0,4360.0,4345.0,4360.0,2348,0.0,0.0
2024-06-17 09:46:00+09:00,4360.0,4365.0,4355.0,4365.0,903,0.0,0.0
2024-06-17 09:47:00+09:00,4355.0,4365.0,4355.0,4360.0,595,0.0,0.0
2024-06-17 09:48:00+09:00,4360.0,4365.0,4355.0,4360.0,791,0.0,0.0
2024-06-17 09:49:00+09:00,4360.0,4360.0,4355.0,4355.0,1669,0.0,0.0
2024-06-17 09:50:00+09:00,4360.0,4365.0,4360.0,4360.0,333,0.0,0.0
2024-06-17 09:51:00+09:00,4360.0,4360.0,4360.0,4360.0,173,0.0,0.0
2024-06-17 09:52:00+09:00,4360.0,4360.0,4360.0,4360.0,655,0.0,0.0
2024-06-17 09:53:00+09:00,4360.0,4360.0,4355.0,4355.0,2671,0.0,0.0
2024-06-17 09:54:00+09:00,4355.0,4365.0,4355.0,4365.0,1624,0.0,0.0
2024-06-17 09:55:00+09:00,4365.0,4380.0,4365.0,4365.0,7592,0.0,0.0
2024-06-17 09:56:00+09:00,4375.0,4390.0,4375.0,4390.0,4580,0.0,0.0
2024-06-17 09:57:00+09:00,4390.0,4390.0,4380.0,4380.0,1014,0.0,0.0
2024-06-17 09:58:00+09:00,4380.0,4385.0,4380.0,4380.0,4026,0.0,0.0
2024-06-17 09:59:00+09:00,4380.0,4380.0,4375.0,4380.0,2267,0.0,0.0
2024-06-17 10:00:00+09:00,4380.0,4400.0,4375.0,4395.0,14705,0.0,0.0
2024-06-17 10:01:00+09:00,4395.0,4400.0,4390.0,4400.0,3057,0.0,0.0
2024-06-17 10:02:00+09:00,4395.0,4400.0,4390.0,4395.0,1845,0.0,0.0
2024-06-17 10:03:00+09:00,4395.0,4400.0,4390.0,4395.0,5488,0.0,0.0
2024-06-17 10:04:00+09:00,4400.0,4400.0,4395.0,4395.0,2061,0.0,0.0
2024-06-17 10:05:00+09:00,4395.0,4400.0,4390.0,4395.0,5593,0.0,0.0
2024-06-17 10:06:00+09:00,4395.0,4395.0,4395.0,4395.0,0,0.0,0.0
2024-06-17 10:07:00+09:00,4395.0,4395.0,4395.0,4395.0,355,0.0,0.0
2024-06-17 10:08:00+09:00,4390.0,4390.0,4390.0,4390.0,0,0.0,0.0
2024-06-17 10:09:00+09:00,4400.0,4400.0,4400.0,4400.0,4423,0.0,0.0
2024-06-17 10:10:00+09:00,4395.0,4395.0,4390.0,4390.0,1271,0.0,0.0
2024-06-17 10:11:00+09:00,4385.0,4390.0,4370.0,4370.0,4689,0.0,0.0
2024-06-17 10:12:00+09:00,4380.0,4390.0,4370.0,4390.0,1434,0.0,0.0
2024-06-17 10:13:00+09:00,4385.0,4390.0,4385.0,4385.0,52,0.0,0.0
2024-06-17 10:14:00+09:00,4385.0,4385.0,4380.0,4380.0,255,0.0,0.0
2024-06-17 10:15:00+09:00,4375.0,4385.0,4365.0,4385.0,317,0.0,0.0
2024-06-17 10:16:00+09:00,4385.0,4385.0,4380.0,4380.0,41,0.0,0.0
2024-06-17 10:17:00+09:00,4380.0,4380.0,4380.0,4380.0,11,0.0,0.0
2024-06-17 10:18:00+09:00,4380.0,4380.0,4375.0,4375.0,1495,0.0,0.0
2024-06-17 10:19:00+09:00,4370.0,4370.0,4370.0,4370.0,0,0.0,0.0
2024-06-17 10:20:00+09:00,4370.0,4375.0,4370.0,4375.0,4002,0.0,0.0
2024-06-17 10:21:00+09:00,4375.0,4375.0,4365.0,4365.0,667,0.0,0.0
2024-06-17 10:22:00+09:00,4370.0,4370.0,4370.0,4370.0,0,0.0,0.0
2024-06-17 10:23:00+09:00,4370.0,4370.0,4370.0,4370.0,0,0.0,0.0
2024-06-17 10:24:00+09:00,4370.0,4370.0,4370.0,4370.0,44,0.0,0.0
2024-06-17 10:25:00+09:00,4370.0,4375.0,4370.0,4375.0,0,0.0,0.0
2024-06-17 10:26:00+09:00,4375.0,4375.0,4375.0,4375.0,553,0.0,0.0
2024-06-17 10:27:00+09:00,4380.0,4395.0,4375.0,4375.0,8375,0.0,0.0
2024-06-17 10:28:00+09:00,4385.0,4385.0,4385.0,4385.0,0,0.0,0.0
2024-06-17 10:29:00+09:00,4385.0,4390.0,4380.0,4390.0,210,0.0,0.0
2024-06-17 10:30:00+09:00,4390.0,4395.0,4390.0,4395.0,1084,0.0,0.0
2024-06-17 10:31:00+09:00,4400.0,4410.0,4390.0,4410.0,5738,0.0,0.0
2024-06-17 10:32:00+09:00,4400.0,4400.0,4390.0,4390.0,65,0.0,0.0
2024-06-17 10:33:00+09:00,4390.0,4400.0,4390.0,4400.0,279,0.0,0.0
2024-06-17 10:34:00+09:00,4400.0,4400.0,4395.0,4400.0,1411,0.0,0.0
2024-06-17 10:35:00+09:00,4405.0,4405.0,4395.0,4395.0,1030,0.0,0.0
2024-06-17 10:36:00+09:00,4395.0,4395.0,4395.0,4395.0,82,0.0,0.0
2024-06-17 10:37:00+09:00,4395.0,4395.0,4390.0,4390.0,289,0.0,0.0
2024-06-17 10:38:00+09:00,4385.0,4385.0,4375.0,4375.0,836,0.0,0.0
2024-06-17 10:39:00+09:00,4375.0,4375.0,4375.0,4375.0,457,0.0,0.0
2024-06-17 10:40:00+09:00,4375.0,4375.0,4375.0,4375.0,0,0.0,0.0
2024-06-17 10:42:00+09:00,4375.0,4375.0,4375.0,4375.0,233,0.0,0.0
2024-06-17 10:43:00+09:00,4375.0,4380.0,4375.0,4380.0,8,0.0,0.0
2024-06-17 10:44:00+09:00,4380.0,4380.0,4380.0,4380.0,420,0.0,0.0
2024-06-17 10:45:00+09:00,4380.0,4380.0,4380.0,4380.0,39,0.0,0.0
2024-06-17 10:46:00+09:00,4380.0,4380.0,4380.0,4380.0,176,0.0,0.0
2024-06-17 10:47:00+09:00,4380.0,4380.0,4375.0,4375.0,232,0.0,0.0
2024-06-17 10:48:00+09:00,4375.0,4375.0,4375.0,4375.0,1040,0.0,0.0
2024-06-17 10:49:00+09:00,4375.0,4375.0,4375.0,4375.0,10,0.0,0.0
2024-06-17 10:50:00+09:00,4380.0,4380.0,4365.0,4370.0,1604,0.0,0.0
2024-06-17 10:51:00+09:00,4370.0,4370.0,4365.0,4365.0,1026,0.0,0.0
2024-06-17 10:52:00+09:00,4365.0,4365.0,4365.0,4365.0,1200,0.0,0.0
2024-06-17 10:53:00+09:00,4360.0,4365.0,4360.0,4360.0,1159,0.0,0.0
2024-06-17 10:54:00+09:00,4370.0,4370.0,4370.0,4370.0,118,0.0,0.0
2024-06-17 10:55:00+09:00,4365.0,4365.0,4365.0,4365.0,31,0.0,0.0
2024-06-17 10:56:00+09:00,4365.0,4370.0,4365.0,4370.0,42,0.0,0.0
2024-06-17 10:57:00+09:00,4365.0,4365.0,4365.0,4365.0,97,0.0,0.0
2024-06-17 10:58:00+09:00,4370.0,4370.0,4365.0,4370.0,69,0.0,0.0
2024-06-17 10:59:00+09:00,4370.0,4370.0,4365.0,4365.0,40,0.0,0.0
2024-06-17 11:02:00+09:00,4370.0,4370.0,4370.0,4370.0,10,0.0,0.0
2024-06-17 11:03:00+09:00,4370.0,4370.0,4370.0,4370.0,200,0.0,0.0
2024-06-17 11:04:00+09:00,4365.0,4365.0,4365.0,4365.0,0,0.0,0.0
2024-06-17 11:05:00+09:00,4370.0,4370.0,4370.0,4370.0,57,0.0,0.0
2024-06-17 11:06:00+09:00,4370.0,4370.0,4370.0,4370.0,0,0.0,0.0
2024-06-17 11:08:00+09:00,4370.0,4370.0,4365.0,4365.0,48,0.0,0.0
2024-06-17 11:09:00+09:00,4365.0,4365.0,4365.0,4365.0,22,0.0,0.0
2024-06-17 11:10:00+09:00,4365.0,4375.0,4365.0,4375.0,122,0.0,0.0
2024-06-17 11:11:00+09:00,4375.0,4375.0,4370.0,4370.0,192,0.0,0.0
2024-06-17 11:12:00+09:00,4370.0,4370.0,4365.0,4365.0,0,0.0,0.0
2024-06-17 11:14:00+09:00,4370.0,4370.0,4370.0,4370.0,6,0.0,0.0
2024-06-17 11:15:00+09:00,4370.0,4370.0,4370.0,4370.0,97,0.0,0.0
2024-06-17 11:16:00+09:00,4375.0,4375.0,4370.0,4370.0,9,0.0,0.0
2024-06-17 11:17:00+09:00,4365.0,4370.0,4365.0,4370.0,1,0.0,0.0
2024-06-17 11:18:00+09:00,4365.0,4365.0,4360.0,4365.0,610,0.0,0.0
2024-06-17 11:20:00+09:00,4370.0,4370.0,4370.0,4370.0,0,0.0,0.0
2024-06-17 11:22:00+09:00,4365.0,4365.0,4365.0,4365.0,260,0.0,0.0
2024-06-17 11:23:00+09:00,4370.0,4370.0,4365.0,4370.0,0,0.0,0.0
2024-06-17 11:24:00+09:00,4370.0,4370.0,4370.0,4370.0,335,0.0,0.0
2024-06-17 11:25:00+09:00,4370.0,4380.0,4370.0,4380.0,337,0.0,0.0
2024-06-17 11:26:00+09:00,4375.0,4380.0,4375.0,4380.0,1132,0.0,0.0
2024-06-17 11:27:00+09:00,4380.0,4380.0,4375.0,4375.0,265,0.0,0.0
2024-06-17 11:28:00+09:00,4380.0,4380.0,4380.0,4380.0,52,0.0,0.0
2024-06-17 11:29:00+09:00,4370.0,4375.0,4370.0,4375.0,8,0.0,0.0
2024-06-17 11:31:00+09:00,4375.0,4375.0,4375.0,4375.0,400,0.0,0.0
2024-06-17 11:32:00+09:00,4370.0,4370.0,4365.0,4370.0,523,0.0,0.0
2024-06-17 11:33:00+09:00,4365.0,4365.0,4350.0,4350.0,4165,0.0,0.0
2024-06-17 11:34:00+09:00,4355.0,4355.0,4350.0,4350.0,34,0.0,0.0
2024-06-17 11:35:00+09:00,4355.0,4355.0,4350.0,4355.0,1146,0.0,0.0
2024-06-17 11:36:00+09:00,4355.0,4355.0,4355.0,4355.0,283,0.0,0.0
2024-06-17 11:37:00+09:00,4355.0,4355.0,4355.0,4355.0,154,0.0,0.0
2024-06-17 11:38:00+09:00,4360.0,4365.0,4355.0,4365.0,3,0.0,0.0
2024-06-17 11:42:00+09:00,4365.0,4365.0,4350.0,4350.0,2435,0.0,0.0
2024-06-17 11:43:00+09:00,4350.0,4360.0,4350.0,4360.0,2076,0.0,0.0
2024-06-17 11:44:00+09:00,4350.0,4365.0,4345.0,4365.0,1184,0.0,0.0
2024-06-17 11:45:00+09:00,4350.0,4350.0,4340.0,4340.0,2219,0.0,0.0
2024-06-17 11:46:00+09:00,4365.0,4365.0,4365.0,4365.0,0,0.0,0.0
2024-06-17 11:48:00+09:00,4350.0,4350.0,4350.0,4350.0,8,0.0,0.0
2024-06-17 11:51:00+09:00,4350.0,4350.0,4340.0,4340.0,270,0.0,0.0
2024-06-17 11:52:00+09:00,4345.0,4345.0,4340.0,4345.0,7,0.0,0.0
2024-06-17 11:53:00+09:00,4345.0,4345.0,4345.0,4345.0,58,0.0,0.0
2024-06-17 11:54:00+09:00,4350.0,4350.0,4345.0,4345.0,911,0.0,0.0
2024-06-17 11:55:00+09:00,4345.0,4345.0,4345.0,4345.0,0,0.0,0.0
2024-06-17 11:57:00+09:00,4350.0,4350.0,4350.0,4350.0,3,0.0,0.0
2024-06-17 11:58:00+09:00,4345.0,4345.0,4345.0,4345.0,13,0.0,0.0
2024-06-17 11:59:00+09:00,4345.0,4345.0,4340.0,4340.0,445,0.0,0.0
2024-06-17 12:00:00+09:00,4350.0,4350.0,4340.0,4340.0,18,0.0,0.0
2024-06-17 12:02:00+09:00,4345.0,4345.0,4340.0,4340.0,411,0.0,0.0
2024-06-17 12:03:00+09:00,4340.0,4345.0,4340.0,4340.0,327,0.0,0.0
2024-06-17 12:04:00+09:00,4340.0,4340.0,4340.0,4340.0,958,0.0,0.0
2024-06-17 12:06:00+09:00,4345.0,4345.0,4345.0,4345.0,0,0.0,0.0
2024-06-17 12:07:00+09:00,4345.0,4345.0,4340.0,4340.0,1203,0.0,0.0
2024-06-17 12:08:00+09:00,4340.0,4345.0,4340.0,4345.0,18,0.0,0.0
2024-06-17 12:09:00+09:00,4345.0,4345.0,4335.0,4345.0,2735,0.0,0.0
2024-06-17 12:10:00+09:00,4345.0,4345.0,4345.0,4345.0,459,0.0,0.0
2024-06-17 12:12:00+09:00,4345.0,4345.0,4340.0,4340.0,0,0.0,0.0
2024-06-17 12:13:00+09:00,4345.0,4345.0,4345.0,4345.0,17,0.0,0.0
2024-06-17 12:15:00+09:00,4345.0,4345.0,4345.0,4345.0,0,0.0,0.0
2024-06-17 12:16:00+09:00,4340.0,4340.0,4340.0,4340.0,192,0.0,0.0
2024-06-17 12:17:00+09:00,4340.0,4340.0,4340.0,4340.0,0,0.0,0.0
2024-06-17 12:18:00+09:00,4345.0,4345.0,4345.0,4345.0,8,0.0,0.0
2024-06-17 12:19:00+09:00,4345.0,4345.0,4345.0,4345.0,1,0.0,0.0
2024-06-17 12:21:00+09:00,4345.0,4345.0,4345.0,4345.0,33,0.0,0.0
2024-06-17 12:22:00+09:00,4345.0,4345.0,4345.0,4345.0,1,0.0,0.0
2024-06-17 12:24:00+09:00,4345.0,4345.0,4345.0,4345.0,5,0.0,0.0
2024-06-17 12:26:00+09:00,4345.0,4345.0,4345.0,4345.0,17,0.0,0.0
2024-06-17 12:27:00+09:00,4345.0,4345.0,4345.0,4345.0,13,0.0,0.0
2024-06-17 12:28:00+09:00,4345.0,4345.0,4340.0,4340.0,24,0.0,0.0
2024-06-17 12:29:00+09:00,4345.0,4350.0,4345.0,4345.0,60,0.0,0.0
2024-06-17 12:30:00+09:00,4360.0,4360.0,4360.0,4360.0,1,0.0,0.0
2024-06-17 12:31:00+09:00,4355.0,4360.0,4355.0,4360.0,171,0.0,0.0
2024-06-17 12:32:00+09:00,4350.0,4350.0,4350.0,4350.0,618,0.0,0.0
2024-06-17 12:33:00+09:00,4355.0,4355.0,4355.0,4355.0,33,0.0,0.0
2024-06-17 12:35:00+09:00,4355.0,4355.0,4345.0,4345.0,287,0.0,0.0
2024-06-17 12:37:00+09:00,4345.0,4350.0,4345.0,4350.0,6,0.0,0.0
2024-06-17 12:38:00+09:00,4345.0,4345.0,4345.0,4345.0,3,0.0,0.0
2024-06-17 12:40:00+09:00,4345.0,4345.0,4345.0,4345.0,22,0.0,0.0
2024-06-17 12:41:00+09:00,4345.0,4345.0,4345.0,4345.0,626,0.0,0.0
2024-06-17 12:42:00+09:00,4345.0,4345.0,4345.0,4345.0,0,0.0,0.0
2024-06-17 12:43:00+09:00,4345.0,4345.0,4345.0,4345.0,196,0.0,0.0
2024-06-17 12:46:00+09:00,4350.0,4350.0,4350.0,4350.0,0,0.0,0.0
2024-06-17 12:47:00+09:00,4350.0,4350.0,4350.0,4350.0,0,0.0,0.0
2024-06-17 12:49:00+09:00,4350.0,4350.0,4350.0,4350.0,112,0.0,0.0
2024-06-17 12:50:00+09:00,4345.0,4350.0,4335.0,4350.0,1893,0.0,0.0
2024-06-17 12:52:00+09:00,4340.0,4340.0,4335.0,4335.0,24,0.0,0.0
2024-06-17 12:55:00+09:00,4340.0,4340.0,4330.0,4330.0,4891,0.0,0.0
2024-06-17 12:57:00+09:00,4330.0,4330.0,4325.0,4325.0,126,0.0,0.0
2024-06-17 12:59:00+09:00,4330.0,4330.0,4330.0,4330.0,1,0.0,0.0
2024-06-17 13:00:00+09:00,4330.0,4330.0,4330.0,4330.0,216,0.0,0.0
2024-06-17 13:04:00+09:00,4340.0,4340.0,4340.0,4340.0,108,0.0,0.0
2024-06-17 13:06:00+09:00,4335.0,4335.0,4330.0,4330.0,250,0.0,0.0
2024-06-17 13:09:00+09:00,4335.0,4335.0,4330.0,4330.0,395,0.0,0.0
2024-06-17 13:10:00+09:00,4330.0,4330.0,4330.0,4330.0,0,0.0,0.0
2024-06-17 13:12:00+09:00,4325.0,4325.0,4325.0,4325.0,198,0.0,0.0
2024-06-17 13:13:00+09:00,4330.0,4330.0,4330.0,4330.0,0,0.0,0.0
2024-06-17 13:14:00+09:00,4330.0,4340.0,4330.0,4340.0,472,0.0,0.0
2024-06-17 13:15:00+09:00,4340.0,4340.0,4340.0,4340.0,666,0.0,0.0
2024-06-17 13:16:00+09:00,4345.0,4345.0,4345.0,4345.0,0,0.0,0.0
2024-06-17 13:19:00+09:00,4345.0,4345.0,4345.0,4345.0,8,0.0,0.0
2024-06-17 13:20:00+09:00,4345.0,4345.0,4345.0,4345.0,183,0.0,0.0
2024-06-17 13:22:00+09:00,4340.0,4345.0,4340.0,4345.0,138,0.0,0.0
2024-06-17 13:23:00+09:00,4340.0,4340.0,4340.0,4340.0,98,0.0,0.0
2024-06-17 13:25:00+09:00,4345.0,4345.0,4345.0,4345.0,0,0.0,0.0
2024-06-17 13:26:00+09:00,4340.0,4340.0,4340.0,4340.0,154,0.0,0.0
2024-06-17 13:29:00+09:00,4345.0,4345.0,4345.0,4345.0,5,0.0,0.0
2024-06-17 13:30:00+09:00,4345.0,4345.0,4345.0,4345.0,135,0.0,0.0
2024-06-17 13:31:00+09:00,4345.0,4345.0,4345.0,4345.0,79,0.0,0.0
2024-06-17 13:32:00+09:00,4345.0,4350.0,4345.0,4350.0,172,0.0,0.0
2024-06-17 13:33:00+09:00,4350.0,4350.0,4340.0,4340.0,176,0.0,0.0
2024-06-17 13:35:00+09:00,4350.0,4360.0,4350.0,4360.0,263,0.0,0.0
2024-06-17 13:37:00+09:00,4345.0,4345.0,4335.0,4335.0,1458,0.0,0.0
2024-06-17 13:38:00+09:00,4335.0,4335.0,4330.0,4330.0,2365,0.0,0.0
2024-06-17 13:39:00+09:00,4330.0,4330.0,4330.0,4330.0,0,0.0,0.0
2024-06-17 13:40:00+09:00,4330.0,4330.0,4330.0,4330.0,0,0.0,0.0
2024-06-17 13:41:00+09:00,4335.0,4335.0,4335.0,4335.0,0,0.0,0.0
2024-06-17 13:42:00+09:00,4335.0,4335.0,4335.0,4335.0,0,0.0,0.0
2024-06-17 13:43:00+09:00,4335.0,4335.0,4335.0,4335.0,175,0.0,0.0
2024-06-17 13:44:00+09:00,4335.0,4335.0,4335.0,4335.0,722,0.0,0.0
2024-06-17 13:46:00+09:00,4340.0,4350.0,4340.0,4350.0,466,0.0,0.0
2024-06-17 13:47:00+09:00,4345.0,4345.0,4345.0,4345.0,0,0.0,0.0
2024-06-17 13:49:00+09:00,4340.0,4340.0,4340.0,4340.0,132,0.0,0.0
2024-06-17 13:50:00+09:00,4345.0,4345.0,4345.0,4345.0,0,0.0,0.0
2024-06-17 13:51:00+09:00,4345.0,4345.0,4345.0,4345.0,0,0.0,0.0
2024-06-17 13:52:00+09:00,4350.0,4350.0,4350.0,4350.0,399,0.0,0.0
2024-06-17 13:53:00+09:00,4350.0,4350.0,4350.0,4350.0,0,0.0,0.0
2024-06-17 13:54:00+09:00,4350.0,4350.0,4350.0,4350.0,135,0.0,0.0
2024-06-17 13:56:00+09:00,4355.0,4355.0,4350.0,4350.0,0,0.0,0.0
2024-06-17 13:58:00+09:00,4350.0,4350.0,4350.0,4350.0,196,0.0,0.0
2024-06-17 14:01:00+09:00,4345.0,4345.0,4345.0,4345.0,0,0.0,0.0
2024-06-17 14:02:00+09:00,4345.0,4350.0,4345.0,4350.0,145,0.0,0.0
2024-06-17 14:03:00+09:00,4350.0,4350.0,4345.0,4345.0,752,0.0,0.0
2024-06-17 14:04:00+09:00,4350.0,4350.0,4345.0,4345.0,9,0.0,0.0
2024-06-17 14:06:00+09:00,4345.0,4345.0,4340.0,4340.0,18,0.0,0.0
2024-06-17 14:10:00+09:00,4345.0,4355.0,4345.0,4355.0,462,0.0,0.0
2024-06-17 14:12:00+09:00,4350.0,4355.0,4345.0,4355.0,162,0.0,0.0
2024-06-17 14:13:00+09:00,4345.0,4345.0,4345.0,4345.0,21,0.0,0.0
2024-06-17 14:14:00+09:00,4355.0,4355.0,4350.0,4350.0,0,0.0,0.0
2024-06-17 14:15:00+09:00,4355.0,4355.0,4355.0,4355.0,96,0.0,0.0
2024-06-17 14:16:00+09:00,4355.0,4355.0,4355.0,4355.0,275,0.0,0.0
2024-06-17 14:17:00+09:00,4350.0,4350.0,4350.0,4350.0,58,0.0,0.0
2024-06-17 14:18:00+09:00,4350.0,4355.0,4345.0,4345.0,59,0.0,0.0
2024-06-17 14:19:00+09:00,4345.0,4345.0,4345.0,4345.0,14,0.0,0.0
2024-06-17 14:20:00+09:00,4355.0,4355.0,4345.0,4350.0,4,0.0,0.0
2024-06-17 14:21:00+09:00,4345.0,4345.0,4335.0,4335.0,746,0.0,0.0
2024-06-17 14:22:00+09:00,4335.0,4335.0,4335.0,4335.0,2000,0.0,0.0
2024-06-17 14:23:00+09:00,4335.0,4335.0,4335.0,4335.0,0,0.0,0.0
2024-06-17 14:24:00+09:00,4340.0,4340.0,4340.0,4340.0,1,0.0,0.0
2024-06-17 14:27:00+09:00,4345.0,4345.0,4345.0,4345.0,5,0.0,0.0
2024-06-17 14:28:00+09:00,4345.0,4345.0,4345.0,4345.0,88,0.0,0.0
2024-06-17 14:30:00+09:00,4345.0,4345.0,4345.0,4345.0,0,0.0,0.0
2024-06-17 14:31:00+09:00,4345.0,4345.0,4345.0,4345.0,609,0.0,0.0
2024-06-17 14:32:00+09:00,4340.0,4350.0,4340.0,4350.0,0,0.0,0.0
2024-06-17 14:33:00+09:00,4350.0,4350.0,4345.0,4345.0,872,0.0,0.0
2024-06-17 14:34:00+09:00,4350.0,4350.0,4350.0,4350.0,0,0.0,0.0
2024-06-17 14:35:00+09:00,4345.0,4350.0,4345.0,4350.0,14,0.0,0.0
2024-06-17 14:36:00+09:00,4345.0,4350.0,4345.0,4350.0,10,0.0,0.0
2024-06-17 14:37:00+09:00,4340.0,4345.0,4340.0,4345.0,780,0.0,0.0
2024-06-17 14:38:00+09:00,4345.0,4345.0,4340.0,4345.0,108,0.0,0.0
2024-06-17 14:39:00+09:00,4335.0,4340.0,4330.0,4340.0,3209,0.0,0.0
2024-06-17 14:40:00+09:00,4340.0,4340.0,4335.0,4340.0,11,0.0,0.0
2024-06-17 14:41:00+09:00,4330.0,4335.0,4330.0,4335.0,23,0.0,0.0
2024-06-17 14:42:00+09:00,4335.0,4335.0,4335.0,4335.0,18,0.0,0.0
2024-06-17 14:43:00+09:00,4335.0,4335.0,4335.0,4335.0,14,0.0,0.0
2024-06-17 14:44:00+09:00,4335.0,4335.0,4335.0,4335.0,14,0.0,0.0
2024-06-17 14:45:00+09:00,4335.0,4335.0,4335.0,4335.0,18,0.0,0.0
2024-06-17 14:46:00+09:00,4335.0,4340.0,4335.0,4340.0,472,0.0,0.0
2024-06-17 14:47:00+09:00,4340.0,4340.0,4340.0,4340.0,27,0.0,0.0
2024-06-17 14:48:00+09:00,4335.0,4340.0,4335.0,4340.0,34,0.0,0.0
2024-06-17 14:49:00+09:00,4340.0,4340.0,4340.0,4340.0,14,0.0,0.0
2024-06-17 14:50:00+09:00,4335.0,4340.0,4330.0,4340.0,125,0.0,0.0
2024-06-17 14:51:00+09:00,4340.0,4345.0,4340.0,4345.0,516,0.0,0.0
2024-06-17 14:52:00+09:00,4345.0,4350.0,4345.0,4350.0,193,0.0,0.0
2024-06-17 14:53:00+09:00,4345.0,4350.0,4345.0,4350.0,27,0.0,0.0
2024-06-17 14:54:00+09:00,4345.0,4350.0,4345.0,4350.0,15,0.0,0.0
2024-06-17 14:55:00+09:00,4350.0,4355.0,4345.0,4355.0,911,0.0,0.0
2024-06-17 14:57:00+09:00,4350.0,4350.0,4345.0,4345.0,105,0.0,0.0
2024-06-17 14:58:00+09:00,4350.0,4350.0,4350.0,4350.0,41,0.0,0.0
2024-06-17 14:59:00+09:00,4350.0,4350.0,4345.0,4345.0,0,0.0,0.0
2024-06-18 09:00:00+09:00,4350.0,4360.0,4350.0,4360.0,822,0.0,0.0
2024-06-18 09:01:00+09:00,4360.0,4360.0,4325.0,4325.0,2108,0.0,0.0
2024-06-18 09:02:00+09:00,4320.0,4325.0,4315.0,4325.0,2653,0.0,0.0
2024-06-18 09:03:00+09:00,4320.0,4325.0,4310.0,4315.0,1165,0.0,0.0
2024-06-18 09:04:00+09:00,4315.0,4320.0,4315.0,4320.0,22,0.0,0.0
2024-06-18 09:05:00+09:00,4325.0,4325.0,4325.0,4325.0,461,0.0,0.0
2024-06-18 09:06:00+09:00,4325.0,4325.0,4325.0,4325.0,1414,0.0,0.0
2024-06-18 09:07:00+09:00,4320.0,4325.0,4320.0,4325.0,1188,0.0,0.0
2024-06-18 09:08:00+09:00,4320.0,4325.0,4320.0,4325.0,310,0.0,0.0
2024-06-18 09:09:00+09:00,4325.0,4330.0,4325.0,4325.0,1654,0.0,0.0
2024-06-18 09:10:00+09:00,4345.0,4350.0,4335.0,4335.0,0,0.0,0.0
2024-06-18 09:11:00+09:00,4335.0,4345.0,4335.0,4345.0,0,0.0,0.0
2024-06-18 09:12:00+09:00,4340.0,4355.0,4340.0,4350.0,318,0.0,0.0
2024-06-18 09:13:00+09:00,4350.0,4355.0,4345.0,4355.0,273,0.0,0.0
2024-06-18 09:14:00+09:00,4355.0,4355.0,4355.0,4355.0,20,0.0,0.0
2024-06-18 09:15:00+09:00,4350.0,4355.0,4350.0,4350.0,978,0.0,0.0
2024-06-18 09:16:00+09:00,4335.0,4335.0,4335.0,4335.0,209,0.0,0.0
2024-06-18 09:17:00+09:00,4335.0,4345.0,4335.0,4335.0,2794,0.0,0.0
2024-06-18 09:18:00+09:00,4345.0,4345.0,4345.0,4345.0,43,0.0,0.0
2024-06-18 09:19:00+09:00,4345.0,4345.0,4335.0,4340.0,172,0.0,0.0
2024-06-18 09:20:00+09:00,4340.0,4340.0,4340.0,4340.0,17,0.0,0.0
2024-06-18 09:21:00+09:00,4340.0,4340.0,4335.0,4335.0,1227,0.0,0.0
2024-06-18 09:22:00+09:00,4340.0,4340.0,4325.0,4325.0,2267,0.0,0.0
2024-06-18 09:23:00+09:00,4325.0,4340.0,4325.0,4340.0,417,0.0,0.0
2024-06-18 09:24:00+09:00,4340.0,4340.0,4340.0,4340.0,5,0.0,0.0
2024-06-18 09:27:00+09:00,4335.0,4335.0,4325.0,4325.0,378,0.0,0.0
2024-06-18 09:28:00+09:00,4320.0,4320.0,4320.0,4320.0,3463,0.0,0.0
2024-06-18 09:29:00+09:00,4325.0,4325.0,4325.0,4325.0,0,0.0,0.0
2024-06-18 09:30:00+09:00,4320.0,4320.0,4310.0,4310.0,4683,0.0,0.0
2024-06-18 09:31:00+09:00,4305.0,4315.0,4305.0,4315.0,1084,0.0,0.0
2024-06-18 09:32:00+09:00,4315.0,4315.0,4315.0,4315.0,53,0.0,0.0
2024-06-18 09:33:00+09:00,4315.0,4315.0,4315.0,4315.0,14,0.0,0.0
2024-06-18 09:34:00+09:00,4315.0,4315.0,4315.0,4315.0,64,0.0,0.0
2024-06-18 09:35:00+09:00,4310.0,4315.0,4295.0,4315.0,6488,0.0,0.0
2024-06-18 09:36:00+09:00,4315.0,4315.0,4315.0,4315.0,0,0.0,0.0
2024-06-18 09:37:00+09:00,4315.0,4325.0,4310.0,4325.0,573,0.0,0.0
2024-06-18 09:38:00+09:00,4310.0,4310.0,4305.0,4305.0,56,0.0,0.0
2024-06-18 09:39:00+09:00,4310.0,4310.0,4310.0,4310.0,1,0.0,0.0
2024-06-18 09:40:00+09:00,4310.0,4310.0,4310.0,4310.0,97,0.0,0.0
2024-06-18 09:41:00+09:00,4305.0,4310.0,4300.0,4300.0,1050,0.0,0.0
2024-06-18 09:42:00+09:00,4300.0,4300.0,4295.0,4295.0,178,0.0,0.0
2024-06-18 09:43:00+09:00,4295.0,4300.0,4295.0,4300.0,1196,0.0,0.0
2024-06-18 09:44:00+09:00,4300.0,4300.0,4280.0,4285.0,7267,0.0,0.0
2024-06-18 09:45:00+09:00,4285.0,4285.0,4270.0,4270.0,1909,0.0,0.0
2024-06-18 09:46:00+09:00,4270.0,4285.0,4265.0,4285.0,979,0.0,0.0
2024-06-18 09:47:00+09:00,4280.0,4280.0,4270.0,4270.0,1184,0.0,0.0
2024-06-18 09:48:00+09:00,4265.0,4275.0,4265.0,4275.0,1221,0.0,0.0
2024-06-18 09:49:00+09:00,4275.0,4275.0,4270.0,4270.0,460,0.0,0.0
2024-06-18 09:50:00+09:00,4275.0,4300.0,4270.0,4300.0,494,0.0,0.0
2024-06-18 09:51:00+09:00,4300.0,4300.0,4300.0,4300.0,0,0.0,0.0
2024-06-18 09:52:00+09:00,4300.0,4300.0,4300.0,4300.0,6,0.0,0.0
2024-06-18 09:53:00+09:00,4270.0,4270.0,4270.0,4270.0,1,0.0,0.0
2024-06-18 09:54:00+09:00,4300.0,4300.0,4300.0,4300.0,122,0.0,0.0
2024-06-18 09:56:00+09:00,4290.0,4290.0,4285.0,4290.0,561,0.0,0.0
2024-06-18 09:57:00+09:00,4290.0,4290.0,4290.0,4290.0,9,0.0,0.0
2024-06-18 09:58:00+09:00,4290.0,4290.0,4285.0,4285.0,1482,0.0,0.0
2024-06-18 09:59:00+09:00,4280.0,4280.0,4280.0,4280.0,1840,0.0,0.0
2024-06-18 10:01:00+09:00,4285.0,4295.0,4285.0,4295.0,0,0.0,0.0
2024-06-18 10:03:00+09:00,4295.0,4295.0,4295.0,4295.0,4,0.0,0.0
2024-06-18 10:04:00+09:00,4295.0,4295.0,4295.0,4295.0,198,0.0,0.0
2024-06-18 10:05:00+09:00,4290.0,4290.0,4290.0,4290.0,0,0.0,0.0
2024-06-18 10:06:00+09:00,4295.0,4295.0,4290.0,4290.0,22,0.0,0.0
2024-06-18 10:08:00+09:00,4295.0,4295.0,4295.0,4295.0,6,0.0,0.0
2024-06-18 10:10:00+09:00,4295.0,4295.0,4290.0,4295.0,74,0.0,0.0
2024-06-18 10:12:00+09:00,4295.0,4295.0,4295.0,4295.0,163,0.0,0.0
2024-06-18 10:13:00+09:00,4300.0,4300.0,4300.0,4300.0,0,0.0,0.0
2024-06-18 10:15:00+09:00,4300.0,4340.0,4300.0,4335.0,5109,0.0,0.0
2024-06-18 10:16:00+09:00,4335.0,4385.0,4320.0,4320.0,12678,0.0,0.0
2024-06-18 10:17:00+09:00,4310.0,4325.0,4295.0,4325.0,2423,0.0,0.0
2024-06-18 10:18:00+09:00,4320.0,4320.0,4320.0,4320.0,41,0.0,0.0
2024-06-18 10:19:00+09:00,4320.0,4320.0,4300.0,4300.0,607,0.0,0.0
2024-06-18 10:20:00+09:00,4300.0,4365.0,4300.0,4360.0,3068,0.0,0.0
2024-06-18 10:21:00+09:00,4360.0,4395.0,4350.0,4350.0,14218,0.0,0.0
2024-06-18 10:22:00+09:00,4435.0,4435.0,4370.0,4415.0,12142,0.0,0.0
2024-06-18 10:23:00+09:00,4385.0,4455.0,4360.0,4455.0,19057,0.0,0.0
2024-06-18 10:24:00+09:00,4405.0,4455.0,4400.0,4455.0,14226,0.0,0.0
2024-06-18 10:25:00+09:00,4445.0,4455.0,4410.0,4440.0,5864,0.0,0.0
2024-06-18 10:26:00+09:00,4415.0,4445.0,4395.0,4440.0,9694,0.0,0.0
2024-06-18 10:27:00+09:00,4440.0,4520.0,4440.0,4520.0,12889,0.0,0.0
2024-06-18 10:28:00+09:00,4520.0,4605.0,4500.0,4555.0,40183,0.0,0.0
2024-06-18 10:29:00+09:00,4580.0,4630.0,4490.0,4495.0,22465,0.0,0.0
2024-06-18 10:30:00+09:00,4500.0,4500.0,4465.0,4480.0,5348,0.0,0.0
2024-06-18 10:31:00+09:00,4480.0,4480.0,4455.0,4455.0,6186,0.0,0.0
2024-06-18 10:32:00+09:00,4455.0,4485.0,4455.0,4485.0,3818,0.0,0.0
2024-06-18 10:33:00+09:00,4465.0,4490.0,4460.0,4460.0,3629,0.0,0.0
2024-06-18 10:34:00+09:00,4460.0,4490.0,4435.0,4490.0,7656,0.0,0.0
2024-06-18 10:35:00+09:00,4465.0,4510.0,4455.0,4505.0,7189,0.0,0.0
2024-06-18 10:36:00+09:00,4500.0,4505.0,4465.0,4480.0,5770,0.0,0.0
2024-06-18 10:37:00+09:00,4460.0,4475.0,4415.0,4445.0,6124,0.0,0.0
2024-06-18 10:38:00+09:00,4470.0,4475.0,4445.0,4475.0,1632,0.0,0.0
2024-06-18 10:39:00+09:00,4450.0,4450.0,4440.0,4440.0,4166,0.0,0.0
2024-06-18 10:40:00+09:00,4465.0,4560.0,4440.0,4560.0,24536,0.0,0.0
2024-06-18 10:41:00+09:00,4560.0,4565.0,4490.0,4520.0,11266,0.0,0.0
2024-06-18 10:42:00+09:00,4495.0,4545.0,4495.0,4495.0,3695,0.0,0.0
2024-06-18 10:43:00+09:00,4505.0,4555.0,4505.0,4515.0,19718,0.0,0.0
2024-06-18 10:44:00+09:00,4540.0,4555.0,4535.0,4555.0,981,0.0,0.0
2024-06-18 10:45:00+09:00,4545.0,4575.0,4545.0,4575.0,7447,0.0,0.0
2024-06-18 10:46:00+09:00,4570.0,4645.0,4570.0,4630.0,58877,0.0,0.0
2024-06-18 10:47:00+09:00,4605.0,4625.0,4565.0,4565.0,11252,0.0,0.0
2024-06-18 10:48:00+09:00,4565.0,4595.0,4565.0,4580.0,7808,0.0,0.0
2024-06-18 10:49:00+09:00,4585.0,4625.0,4575.0,4625.0,32927,0.0,0.0
2024-06-18 10:50:00+09:00,4625.0,4630.0,4585.0,4585.0,12972,0.0,0.0
2024-06-18 10:51:00+09:00,4585.0,4605.0,4555.0,4590.0,7025,0.0,0.0
2024-06-18 10:52:00+09:00,4585.0,4585.0,4520.0,4575.0,16054,0.0,0.0
2024-06-18 10:53:00+09:00,4525.0,4575.0,4520.0,4535.0,3017,0.0,0.0
2024-06-18 10:54:00+09:00,4550.0,4625.0,4495.0,4620.0,30018,0.0,0.0
2024-06-18 10:55:00+09:00,4615.0,4615.0,4260.0,4260.0,167117,0.0,0.0
2024-06-18 10:56:00+09:00,4265.0,4310.0,4255.0,4295.0,56215,0.0,0.0
2024-06-18 10:57:00+09:00,4295.0,4330.0,4290.0,4300.0,15952,0.0,0.0
2024-06-18 10:58:00+09:00,4300.0,4325.0,4295.0,4320.0,6989,0.0,0.0
2024-06-18 10:59:00+09:00,4320.0,4330.0,4305.0,4320.0,9940,0.0,0.0
2024-06-18 11:00:00+09:00,4325.0,4330.0,4310.0,4330.0,5518,0.0,0.0
2024-06-18 11:01:00+09:00,4330.0,4335.0,4305.0,4305.0,6091,0.0,0.0
2024-06-18 11:02:00+09:00,4315.0,4330.0,4305.0,4325.0,3790,0.0,0.0
2024-06-18 11:03:00+09:00,4325.0,4325.0,4305.0,4320.0,1832,0.0,0.0
2024-06-18 11:04:00+09:00,4320.0,4320.0,4280.0,4295.0,18385,0.0,0.0
2024-06-18 11:05:00+09:00,4295.0,4310.0,4295.0,4305.0,7009,0.0,0.0
2024-06-18 11:06:00+09:00,4310.0,4315.0,4310.0,4310.0,353,0.0,0.0
2024-06-18 11:07:00+09:00,4315.0,4325.0,4315.0,4325.0,4976,0.0,0.0
2024-06-18 11:08:00+09:00,4325.0,4345.0,4325.0,4340.0,2264,0.0,0.0
2024-06-18 11:09:00+09:00,4340.0,4340.0,4315.0,4325.0,1172,0.0,0.0
2024-06-18 11:10:00+09:00,4335.0,4340.0,4335.0,4335.0,2937,0.0,0.0
2024-06-18 11:11:00+09:00,4340.0,4370.0,4340.0,4360.0,4783,0.0,0.0
2024-06-18 11:12:00+09:00,4350.0,4355.0,4330.0,4335.0,3264,0.0,0.0
2024-06-18 11:13:00+09:00,4330.0,4335.0,4330.0,4335.0,935,0.0,0.0
2024-06-18 11:14:00+09:00,4340.0,4340.0,4335.0,4335.0,310,0.0,0.0
2024-06-18 11:15:00+09:00,4335.0,4335.0,4305.0,4305.0,2294,0.0,0.0
2024-06-18 11:16:00+09:00,4310.0,4320.0,4305.0,4305.0,1218,0.0,0.0
2024-06-18 11:17:00+09:00,4315.0,4315.0,4300.0,4310.0,241,0.0,0.0
2024-06-18 11:18:00+09:00,4315.0,4335.0,4315.0,4335.0,1958,0.0,0.0
2024-06-18 11:19:00+09:00,4335.0,4335.0,4315.0,4320.0,491,0.0,0.0
2024-06-18 11:20:00+09:00,4315.0,4335.0,4315.0,4335.0,302,0.0,0.0
2024-06-18 11:21:00+09:00,4315.0,4340.0,4315.0,4340.0,111,0.0,0.0
2024-06-18 11:22:00+09:00,4320.0,4320.0,4315.0,4315.0,862,0.0,0.0
2024-06-18 11:23:00+09:00,4315.0,4315.0,4310.0,4315.0,752,0.0,0.0
2024-06-18 11:24:00+09:00,4315.0,4345.0,4315.0,4345.0,1195,0.0,0.0
2024-06-18 11:26:00+09:00,4320.0,4340.0,4315.0,4340.0,274,0.0,0.0
2024-06-18 11:28:00+09:00,4330.0,4330.0,4330.0,4330.0,23,0.0,0.0
2024-06-18 11:29:00+09:00,4345.0,4355.0,4320.0,4320.0,1993,0.0,0.0
2024-06-18 11:30:00+09:00,4335.0,4335.0,4335.0,4335.0,162,0.0,0.0
2024-06-18 11:31:00+09:00,4335.0,4335.0,4335.0,4335.0,0,0.0,0.0
2024-06-18 11:32:00+09:00,4330.0,4330.0,4325.0,4325.0,117,0.0,0.0
2024-06-18 11:33:00+09:00,4320.0,4325.0,4305.0,4325.0,5630,0.0,0.0
2024-06-18 11:34:00+09:00,4305.0,4305.0,4300.0,4300.0,1192,0.0,0.0
2024-06-18 11:35:00+09:00,4300.0,4305.0,4300.0,4305.0,1145,0.0,0.0
2024-06-18 11:36:00+09:00,4320.0,4320.0,4295.0,4295.0,2827,0.0,0.0
2024-06-18 11:38:00+09:00,4310.0,4325.0,4310.0,4325.0,0,0.0,0.0
2024-06-18 11:40:00+09:00,4310.0,4310.0,4310.0,4310.0,78,0.0,0.0
2024-06-18 11:41:00+09:00,4320.0,4320.0,4320.0,4320.0,0,0.0,0.0
2024-06-18 11:42:00+09:00,4320.0,4320.0,4320.0,4320.0,0,0.0,0.0
2024-06-18 11:43:00+09:00,4320.0,4320.0,4315.0,4315.0,4,0.0,0.0
2024-06-18 11:44:00+09:00,4315.0,4315.0,4300.0,4300.0,853,0.0,0.0
2024-06-18 11:45:00+09:00,4305.0,4320.0,4300.0,4320.0,151,0.0,0.0
2024-06-18 11:46:00+09:00,4320.0,4320.0,4320.0,4320.0,1,0.0,0.0
2024-06-18 11:48:00+09:00,4320.0,4320.0,4320.0,4320.0,5,0.0,0.0
2024-06-18 11:49:00+09:00,4320.0,4320.0,4320.0,4320.0,4,0.0,0.0
2024-06-18 11:50:00+09:00,4305.0,4320.0,4305.0,4320.0,2679,0.0,0.0
2024-06-18 11:51:00+09:00,4325.0,4325.0,4300.0,4300.0,0,0.0,0.0
2024-06-18 11:53:00+09:00,4320.0,4320.0,4315.0,4315.0,103,0.0,0.0
2024-06-18 11:54:00+09:00,4305.0,4305.0,4305.0,4305.0,126,0.0,0.0
2024-06-18 11:55:00+09:00,4305.0,4305.0,4305.0,4305.0,273,0.0,0.0
2024-06-18 11:56:00+09:00,4305.0,4310.0,4305.0,4310.0,2073,0.0,0.0
2024-06-18 11:57:00+09:00,4310.0,4310.0,4305.0,4305.0,764,0.0,0.0
2024-06-18 11:58:00+09:00,4310.0,4310.0,4310.0,4310.0,7,0.0,0.0
2024-06-18 12:00:00+09:00,4305.0,4305.0,4305.0,4305.0,1807,0.0,0.0
2024-06-18 12:01:00+09:00,4305.0,4305.0,4305.0,4305.0,731,0.0,0.0
2024-06-18 12:02:00+09:00,4305.0,4305.0,4305.0,4305.0,0,0.0,0.0
2024-06-18 12:03:00+09:00,4310.0,4310.0,4310.0,4310.0,106,0.0,0.0
2024-06-18 12:05:00+09:00,4315.0,4315.0,4315.0,4315.0,0,0.0,0.0
2024-06-18 12:06:00+09:00,4315.0,4315.0,4315.0,4315.0,0,0.0,0.0
2024-06-18 12:07:00+09:00,4315.0,4315.0,4315.0,4315.0,12,0.0,0.0
2024-06-18 12:08:00+09:00,4320.0,4320.0,4320.0,4320.0,114,0.0,0.0
2024-06-18 12:09:00+09:00,4315.0,4315.0,4315.0,4315.0,35,0.0,0.0
2024-06-18 12:10:00+09:00,4320.0,4320.0,4315.0,4315.0,156,0.0,0.0
2024-06-18 12:12:00+09:00,4315.0,4315.0,4315.0,4315.0,44,0.0,0.0
2024-06-18 12:13:00+09:00,4310.0,4310.0,4310.0,4310.0,17,0.0,0.0
2024-06-18 12:14:00+09:00,4310.0,4310.0,4305.0,4305.0,1783,0.0,0.0
2024-06-18 12:15:00+09:00,4315.0,4315.0,4315.0,4315.0,0,0.0,0.0
2024-06-18 12:16:00+09:00,4315.0,4315.0,4305.0,4305.0,108,0.0,0.0
2024-06-18 12:17:00+09:00,4310.0,4310.0,4310.0,4310.0,2,0.0,0.0
2024-06-18 12:21:00+09:00,4315.0,4315.0,4315.0,4315.0,22,0.0,0.0
2024-06-18 12:22:00+09:00,4310.0,4315.0,4305.0,4315.0,377,0.0,0.0
2024-06-18 12:23:00+09:00,4315.0,4315.0,4315.0,4315.0,397,0.0,0.0
2024-06-18 12:25:00+09:00,4315.0,4315.0,4310.0,4310.0,0,0.0,0.0
2024-06-18 12:26:00+09:00,4310.0,4310.0,4285.0,4285.0,7506,0.0,0.0
2024-06-18 12:27:00+09:00,4290.0,4295.0,4290.0,4295.0,0,0.0,0.0
2024-06-18 12:28:00+09:00,4295.0,4295.0,4295.0,4295.0,1309,0.0,0.0
2024-06-18 12:29:00+09:00,4295.0,4295.0,4295.0,4295.0,0,0.0,0.0
2024-06-18 12:30:00+09:00,4305.0,4305.0,4300.0,4305.0,769,0.0,0.0
2024-06-18 12:32:00+09:00,4305.0,4305.0,4305.0,4305.0,9,0.0,0.0
2024-06-18 12:34:00+09:00,4305.0,4305.0,4305.0,4305.0,10,0.0,0.0
2024-06-18 12:35:00+09:00,4305.0,4305.0,4305.0,4305.0,3,0.0,0.0
2024-06-18 12:36:00+09:00,4305.0,4305.0,4305.0,4305.0,5,0.0,0.0
2024-06-18 12:37:00+09:00,4305.0,4305.0,4300.0,4300.0,139,0.0,0.0
2024-06-18 12:38:00+09:00,4300.0,4300.0,4300.0,4300.0,1,0.0,0.0
2024-06-18 12:39:00+09:00,4305.0,4305.0,4305.0,4305.0,5,0.0,0.0
2024-06-18 12:41:00+09:00,4305.0,4305.0,4305.0,4305.0,77,0.0,0.0
2024-06-18 12:42:00+09:00,4305.0,4305.0,4305.0,4305.0,0,0.0,0.0
2024-06-18 12:43:00+09:00,4300.0,4300.0,4300.0,4300.0,165,0.0,0.0
2024-06-18 12:44:00+09:00,4305.0,4305.0,4305.0,4305.0,0,0.0,0.0
2024-06-18 12:45:00+09:00,4300.0,4300.0,4295.0,4295.0,561,0.0,0.0
2024-06-18 12:46:00+09:00,4295.0,4295.0,4290.0,4290.0,3333,0.0,0.0
2024-06-18 12:47:00+09:00,4305.0,4305.0,4305.0,4305.0,0,0.0,0.0
2024-06-18 12:48:00+09:00,4285.0,4285.0,4285.0,4285.0,2,0.0,0.0
2024-06-18 12:49:00+09:00,4290.0,4305.0,4290.0,4305.0,86,0.0,0.0
2024-06-18 12:51:00+09:00,4305.0,4305.0,4305.0,4305.0,997,0.0,0.0
2024-06-18 12:52:00+09:00,4305.0,4305.0,4305.0,4305.0,203,0.0,0.0
2024-06-18 12:54:00+09:00,4300.0,4305.0,4300.0,4305.0,470,0.0,0.0
2024-06-18 12:55:00+09:00,4305.0,4305.0,4305.0,4305.0,398,0.0,0.0
2024-06-18 12:56:00+09:00,4305.0,4305.0,4305.0,4305.0,0,0.0,0.0
2024-06-18 12:57:00+09:00,4305.0,4305.0,4305.0,4305.0,32,0.0,0.0
2024-06-18 12:58:00+09:00,4305.0,4305.0,4300.0,4300.0,724,0.0,0.0
2024-06-18 12:59:00+09:00,4320.0,4320.0,4320.0,4320.0,0,0.0,0.0
2024-06-18 13:01:00+09:00,4310.0,4320.0,4310.0,4320.0,54,0.0,0.0
2024-06-18 13:02:00+09:00,4310.0,4310.0,4310.0,4310.0,7,0.0,0.0
2024-06-18 13:04:00+09:00,4315.0,4315.0,4315.0,4315.0,4,0.0,0.0
2024-06-18 13:05:00+09:00,4315.0,4315.0,4315.0,4315.0,720,0.0,0.0
2024-06-18 13:06:00+09:00,4315.0,4315.0,4315.0,4315.0,16,0.0,0.0
2024-06-18 13:09:00+09:00,4315.0,4315.0,4305.0,4305.0,1149,0.0,0.0
2024-06-18 13:11:00+09:00,4315.0,4315.0,4315.0,4315.0,0,0.0,0.0
2024-06-18 13:13:00+09:00,4315.0,4315.0,4315.0,4315.0,999,0.0,0.0
2024-06-18 13:14:00+09:00,4315.0,4315.0,4305.0,4305.0,0,0.0,0.0
2024-06-18 13:15:00+09:00,4310.0,4310.0,4305.0,4305.0,1084,0.0,0.0
2024-06-18 13:16:00+09:00,4315.0,4315.0,4315.0,4315.0,0,0.0,0.0
2024-06-18 13:17:00+09:00,4310.0,4310.0,4310.0,4310.0,324,0.0,0.0
2024-06-18 13:18:00+09:00,4310.0,4310.0,4305.0,4310.0,0,0.0,0.0
2024-06-18 13:19:00+09:00,4310.0,4310.0,4305.0,4305.0,126,0.0,0.0
2024-06-18 13:21:00+09:00,4310.0,4310.0,4310.0,4310.0,0,0.0,0.0
2024-06-18 13:22:00+09:00,4310.0,4310.0,4310.0,4310.0,6,0.0,0.0
2024-06-18 13:23:00+09:00,4310.0,4310.0,4310.0,4310.0,23,0.0,0.0
2024-06-18 13:24:00+09:00,4310.0,4310.0,4305.0,4310.0,6,0.0,0.0
2024-06-18 13:26:00+09:00,4310.0,4310.0,4310.0,4310.0,4,0.0,0.0
2024-06-18 13:27:00+09:00,4305.0,4305.0,4305.0,4305.0,199,0.0,0.0
2024-06-18 13:28:00+09:00,4305.0,4310.0,4305.0,4310.0,166,0.0,0.0
2024-06-18 13:29:00+09:00,4310.0,4310.0,4310.0,4310.0,620,0.0,0.0
2024-06-18 13:31:00+09:00,4315.0,4315.0,4310.0,4310.0,1702,0.0,0.0
2024-06-18 13:32:00+09:00,4310.0,4310.0,4310.0,4310.0,0,0.0,0.0
2024-06-18 13:33:00+09:00,4315.0,4315.0,4315.0,4315.0,4,0.0,0.0
2024-06-18 13:34:00+09:00,4315.0,4315.0,4315.0,4315.0,0,0.0,0.0
2024-06-18 13:35:00+09:00,4315.0,4315.0,4315.0,4315.0,3,0.0,0.0
2024-06-18 13:37:00+09:00,4315.0,4320.0,4315.0,4320.0,2143,0.0,0.0
2024-06-18 13:38:00+09:00,4320.0,4320.0,4320.0,4320.0,156,0.0,0.0
2024-06-18 13:39:00+09:00,4320.0,4320.0,4310.0,4310.0,1727,0.0,0.0
2024-06-18 13:40:00+09:00,4320.0,4320.0,4320.0,4320.0,0,0.0,0.0
2024-06-18 13:41:00+09:00,4320.0,4325.0,4320.0,4325.0,135,0.0,0.0
2024-06-18 13:42:00+09:00,4325.0,4325.0,4325.0,4325.0,145,0.0,0.0
2024-06-18 13:43:00+09:00,4325.0,4325.0,4320.0,4320.0,1419,0.0,0.0
2024-06-18 13:45:00+09:00,4320.0,4320.0,4320.0,4320.0,0,0.0,0.0
2024-06-18 13:46:00+09:00,4320.0,4320.0,4320.0,4320.0,42,0.0,0.0
2024-06-18 13:47:00+09:00,4320.0,4320.0,4315.0,4315.0,46,0.0,0.0
2024-06-18 13:48:00+09:00,4320.0,4320.0,4315.0,4315.0,45,0.0,0.0
2024-06-18 13:50:00+09:00,4315.0,4315.0,4315.0,4315.0,404,0.0,0.0
2024-06-18 13:51:00+09:00,4310.0,4310.0,4310.0,4310.0,197,0.0,0.0
2024-06-18 13:53:00+09:00,4315.0,4315.0,4315.0,4315.0,730,0.0,0.0
2024-06-18 13:55:00+09:00,4315.0,4315.0,4315.0,4315.0,0,0.0,0.0
2024-06-18 13:57:00+09:00,4315.0,4315.0,4310.0,4310.0,72,0.0,0.0
2024-06-18 13:59:00+09:00,4315.0,4315.0,4315.0,4315.0,76,0.0,0.0
2024-06-18 14:00:00+09:00,4320.0,4320.0,4320.0,4320.0,0,0.0,0.0
2024-06-18 14:01:00+09:00,4320.0,4320.0,4320.0,4320.0,53,0.0,0.0
2024-06-18 14:02:00+09:00,4320.0,4325.0,4320.0,4325.0,1579,0.0,0.0
2024-06-18 14:04:00+09:00,4320.0,4330.0,4320.0,4330.0,1574,0.0,0.0
2024-06-18 14:05:00+09:00,4330.0,4330.0,4330.0,4330.0,0,0.0,0.0
2024-06-18 14:07:00+09:00,4330.0,4330.0,4330.0,4330.0,5,0.0,0.0
2024-06-18 14:08:00+09:00,4330.0,4330.0,4330.0,4330.0,53,0.0,0.0
2024-06-18 14:09:00+09:00,4330.0,4330.0,4330.0,4330.0,15,0.0,0.0
2024-06-18 14:10:00+09:00,4330.0,4330.0,4330.0,4330.0,0,0.0,0.0
2024-06-18 14:12:00+09:00,4330.0,4335.0,4330.0,4330.0,552,0.0,0.0
2024-06-18 14:15:00+09:00,4335.0,4335.0,4335.0,4335.0,5,0.0,0.0
2024-06-18 14:16:00+09:00,4335.0,4335.0,4335.0,4335.0,3,0.0,0.0
2024-06-18 14:17:00+09:00,4335.0,4335.0,4335.0,4335.0,35,0.0,0.0
2024-06-18 14:18:00+09:00,4335.0,4335.0,4330.0,4335.0,462,0.0,0.0
2024-06-18 14:19:00+09:00,4335.0,4335.0,4335.0,4335.0,0,0.0,0.0
2024-06-18 14:20:00+09:00,4330.0,4330.0,4330.0,4330.0,297,0.0,0.0
2024-06-18 14:22:00+09:00,4330.0,4335.0,4330.0,4335.0,1800,0.0,0.0
2024-06-18 14:23:00+09:00,4335.0,4335.0,4335.0,4335.0,0,0.0,0.0
2024-06-18 14:24:00+09:00,4330.0,4335.0,4330.0,4335.0,53,0.0,0.0
2024-06-18 14:26:00+09:00,4335.0,4335.0,4335.0,4335.0,712,0.0,0.0
2024-06-18 14:27:00+09:00,4335.0,4340.0,4335.0,4340.0,245,0.0,0.0
2024-06-18 14:29:00+09:00,4340.0,4340.0,4340.0,4340.0,601,0.0,0.0
2024-06-18 14:30:00+09:00,4345.0,4345.0,4340.0,4340.0,3672,0.0,0.0
2024-06-18 14:31:00+09:00,4335.0,4335.0,4335.0,4335.0,641,0.0,0.0
2024-06-18 14:32:00+09:00,4340.0,4340.0,4340.0,4340.0,0,0.0,0.0
2024-06-18 14:33:00+09:00,4335.0,4340.0,4335.0,4335.0,2208,0.0,0.0
2024-06-18 14:34:00+09:00,4335.0,4335.0,4330.0,4330.0,479,0.0,0.0
2024-06-18 14:35:00+09:00,4335.0,4335.0,4335.0,4335.0,221,0.0,0.0
2024-06-18 14:36:00+09:00,4335.0,4335.0,4335.0,4335.0,424,0.0,0.0
2024-06-18 14:39:00+09:00,4335.0,4335.0,4335.0,4335.0,1,0.0,0.0
2024-06-18 14:40:00+09:00,4330.0,4330.0,4325.0,4325.0,250,0.0,0.0
2024-06-18 14:41:00+09:00,4325.0,4325.0,4325.0,4325.0,0,0.0,0.0
2024-06-18 14:43:00+09:00,4325.0,4325.0,4325.0,4325.0,279,0.0,0.0
2024-06-18 14:44:00+09:00,4330.0,4330.0,4330.0,4330.0,0,0.0,0.0
2024-06-18 14:45:00+09:00,4330.0,4335.0,4325.0,4325.0,228,0.0,0.0
2024-06-18 14:46:00+09:00,4335.0,4335.0,4335.0,4335.0,0,0.0,0.0
2024-06-18 14:48:00+09:00,4325.0,4325.0,4315.0,4315.0,1727,0.0,0.0
2024-06-18 14:49:00+09:00,4330.0,4330.0,4330.0,4330.0,0,0.0,0.0
2024-06-18 14:51:00+09:00,4325.0,4330.0,4320.0,4330.0,451,0.0,0.0
2024-06-18 14:54:00+09:00,4330.0,4330.0,4330.0,4330.0,0,0.0,0.0
2024-06-18 14:55:00+09:00,4325.0,4325.0,4325.0,4325.0,20,0.0,0.0
2024-06-18 14:56:00+09:00,4325.0,4325.0,4325.0,4325.0,264,0.0,0.0
2024-06-18 14:57:00+09:00,4325.0,4325.0,4325.0,4325.0,0,0.0,0.0
2024-06-18 14:58:00+09:00,4325.0,4325.0,4325.0,4325.0,15,0.0,0.0
2024-06-18 14:59:00+09:00,4325.0,4325.0,4320.0,4320.0,709,0.0,0.0
2024-06-19 09:00:00+09:00,4350.0,4350.0,4300.0,4300.0,3438,0.0,0.0
2024-06-19 09:01:00+09:00,4300.0,4305.0,4300.0,4300.0,1006,0.0,0.0
2024-06-19 09:02:00+09:00,4330.0,4330.0,4330.0,4330.0,0,0.0,0.0
2024-06-19 09:03:00+09:00,4300.0,4300.0,4300.0,4300.0,109,0.0,0.0
2024-06-19 09:04:00+09:00,4300.0,4300.0,4300.0,4300.0,1608,0.0,0.0
2024-06-19 09:05:00+09:00,4325.0,4325.0,4305.0,4305.0,853,0.0,0.0
2024-06-19 09:07:00+09:00,4305.0,4305.0,4305.0,4305.0,426,0.0,0.0
2024-06-19 09:08:00+09:00,4305.0,4305.0,4305.0,4305.0,2234,0.0,0.0
2024-06-19 09:09:00+09:00,4305.0,4305.0,4300.0,4300.0,2120,0.0,0.0
2024-06-19 09:10:00+09:00,4300.0,4320.0,4300.0,4320.0,0,0.0,0.0
2024-06-19 09:11:00+09:00,4320.0,4320.0,4320.0,4320.0,1680,0.0,0.0
2024-06-19 09:12:00+09:00,4305.0,4305.0,4300.0,4300.0,1023,0.0,0.0
2024-06-19 09:13:00+09:00,4300.0,4305.0,4300.0,4305.0,1029,0.0,0.0
2024-06-19 09:14:00+09:00,4315.0,4330.0,4315.0,4330.0,416,0.0,0.0
2024-06-19 09:15:00+09:00,4325.0,4325.0,4325.0,4325.0,37,0.0,0.0
2024-06-19 09:16:00+09:00,4330.0,4380.0,4330.0,4380.0,4120,0.0,0.0
2024-06-19 09:17:00+09:00,4375.0,4375.0,4375.0,4375.0,0,0.0,0.0
2024-06-19 09:18:00+09:00,4365.0,4365.0,4365.0,4365.0,944,0.0,0.0
2024-06-19 09:19:00+09:00,4345.0,4345.0,4325.0,4325.0,6667,0.0,0.0
2024-06-19 09:20:00+09:00,4325.0,4325.0,4325.0,4325.0,351,0.0,0.0
2024-06-19 09:21:00+09:00,4325.0,4325.0,4325.0,4325.0,0,0.0,0.0
2024-06-19 09:25:00+09:00,4340.0,4340.0,4340.0,4340.0,591,0.0,0.0
2024-06-19 09:27:00+09:00,4345.0,4345.0,4345.0,4345.0,0,0.0,0.0
2024-06-19 09:28:00+09:00,4345.0,4345.0,4345.0,4345.0,191,0.0,0.0
2024-06-19 09:29:00+09:00,4340.0,4340.0,4320.0,4320.0,942,0.0,0.0
2024-06-19 09:31:00+09:00,4325.0,4325.0,4325.0,4325.0,0,0.0,0.0
2024-06-19 09:34:00+09:00,4345.0,4355.0,4345.0,4355.0,698,0.0,0.0
2024-06-19 09:35:00+09:00,4345.0,4355.0,4340.0,4340.0,888,0.0,0.0
2024-06-19 09:36:00+09:00,4345.0,4355.0,4330.0,4355.0,1037,0.0,0.0
2024-06-19 09:37:00+09:00,4365.0,4365.0,4365.0,4365.0,1,0.0,0.0
2024-06-19 09:39:00+09:00,4330.0,4330.0,4330.0,4330.0,299,0.0,0.0
2024-06-19 09:40:00+09:00,4360.0,4360.0,4360.0,4360.0,0,0.0,0.0
2024-06-19 09:41:00+09:00,4350.0,4350.0,4350.0,4350.0,1,0.0,0.0
2024-06-19 09:42:00+09:00,4335.0,4335.0,4335.0,4335.0,203,0.0,0.0
2024-06-19 09:45:00+09:00,4350.0,4350.0,4350.0,4350.0,301,0.0,0.0
2024-06-19 09:48:00+09:00,4350.0,4350.0,4350.0,4350.0,467,0.0,0.0
2024-06-19 09:50:00+09:00,4350.0,4350.0,4350.0,4350.0,18,0.0,0.0
2024-06-19 09:52:00+09:00,4345.0,4345.0,4345.0,4345.0,8,0.0,0.0
2024-06-19 09:53:00+09:00,4345.0,4345.0,4345.0,4345.0,48,0.0,0.0
2024-06-19 09:54:00+09:00,4345.0,4345.0,4345.0,4345.0,410,0.0,0.0
2024-06-19 09:55:00+09:00,4345.0,4350.0,4345.0,4350.0,0,0.0,0.0
2024-06-19 09:57:00+09:00,4350.0,4350.0,4350.0,4350.0,3,0.0,0.0
2024-06-19 09:59:00+09:00,4345.0,4350.0,4345.0,4350.0,546,0.0,0.0
2024-06-19 10:00:00+09:00,4340.0,4340.0,4340.0,4340.0,100,0.0,0.0
2024-06-19 10:01:00+09:00,4340.0,4340.0,4340.0,4340.0,0,0.0,0.0
2024-06-19 10:02:00+09:00,4345.0,4345.0,4345.0,4345.0,0,0.0,0.0
2024-06-19 10:03:00+09:00,4345.0,4350.0,4345.0,4350.0,243,0.0,0.0
2024-06-19 10:04:00+09:00,4340.0,4340.0,4340.0,4340.0,0,0.0,0.0
2024-06-19 10:07:00+09:00,4340.0,4340.0,4340.0,4340.0,648,0.0,0.0
2024-06-19 10:11:00+09:00,4335.0,4335.0,4325.0,4325.0,4886,0.0,0.0
2024-06-19 10:13:00+09:00,4340.0,4340.0,4340.0,4340.0,0,0.0,0.0
2024-06-19 10:15:00+09:00,4325.0,4340.0,4310.0,4340.0,2463,0.0,0.0
2024-06-19 10:16:00+09:00,4340.0,4340.0,4340.0,4340.0,0,0.0,0.0
2024-06-19 10:17:00+09:00,4330.0,4330.0,4330.0,4330.0,438,0.0,0.0
2024-06-19 10:18:00+09:00,4330.0,4330.0,4330.0,4330.0,0,0.0,0.0
2024-06-19 10:23:00+09:00,4330.0,4330.0,4330.0,4330.0,2,0.0,0.0
2024-06-19 10:24:00+09:00,4325.0,4325.0,4310.0,4310.0,495,0.0,0.0
2024-06-19 10:26:00+09:00,4325.0,4330.0,4325.0,4330.0,320,0.0,0.0
2024-06-19 10:28:00+09:00,4310.0,4310.0,4310.0,4310.0,0,0.0,0.0
2024-06-19 10:32:00+09:00,4330.0,4330.0,4330.0,4330.0,50,0.0,0.0
2024-06-19 10:34:00+09:00,4325.0,4325.0,4320.0,4325.0,30,0.0,0.0
2024-06-19 10:35:00+09:00,4325.0,4330.0,4325.0,4330.0,2995,0.0,0.0
2024-06-19 10:37:00+09:00,4315.0,4315.0,4310.0,4310.0,1246,0.0,0.0
2024-06-19 10:38:00+09:00,4315.0,4315.0,4315.0,4315.0,0,0.0,0.0
2024-06-19 10:40:00+09:00,4315.0,4315.0,4315.0,4315.0,205,0.0,0.0
2024-06-19 10:42:00+09:00,4315.0,4315.0,4315.0,4315.0,317,0.0,0.0
2024-06-19 10:43:00+09:00,4315.0,4315.0,4315.0,4315.0,42,0.0,0.0
2024-06-19 10:45:00+09:00,4315.0,4315.0,4315.0,4315.0,224,0.0,0.0
2024-06-19 10:46:00+09:00,4315.0,4315.0,4315.0,4315.0,0,0.0,0.0
2024-06-19 10:47:00+09:00,4315.0,4315.0,4315.0,4315.0,1,0.0,0.0
2024-06-19 10:48:00+09:00,4310.0,4310.0,4310.0,4310.0,2000,0.0,0.0
2024-06-19 10:49:00+09:00,4315.0,4315.0,4315.0,4315.0,0,0.0,0.0
2024-06-19 10:50:00+09:00,4310.0,4315.0,4310.0,4315.0,561,0.0,0.0
2024-06-19 10:51:00+09:00,4325.0,4325.0,4325.0,4325.0,357,0.0,0.0
2024-06-19 10:53:00+09:00,4325.0,4325.0,4310.0,4310.0,443,0.0,0.0
2024-06-19 10:55:00+09:00,4325.0,4325.0,4325.0,4325.0,0,0.0,0.0
2024-06-19 10:57:00+09:00,4325.0,4325.0,4325.0,4325.0,200,0.0,0.0
2024-06-19 10:58:00+09:00,4325.0,4325.0,4325.0,4325.0,60,0.0,0.0
2024-06-19 11:01:00+09:00,4310.0,4310.0,4310.0,4310.0,10,0.0,0.0
2024-06-19 11:03:00+09:00,4310.0,4310.0,4310.0,4310.0,170,0.0,0.0
2024-06-19 11:04:00+09:00,4310.0,4310.0,4310.0,4310.0,369,0.0,0.0
2024-06-19 11:05:00+09:00,4315.0,4315.0,4315.0,4315.0,9,0.0,0.0
2024-06-19 11:07:00+09:00,4315.0,4315.0,4315.0,4315.0,200,0.0,0.0
2024-06-19 11:11:00+09:00,4310.0,4310.0,4310.0,4310.0,0,0.0,0.0
2024-06-19 11:12:00+09:00,4310.0,4310.0,4310.0,4310.0,32,0.0,0.0
2024-06-19 11:14:00+09:00,4310.0,4310.0,4310.0,4310.0,0,0.0,0.0
2024-06-19 11:16:00+09:00,4320.0,4320.0,4310.0,4310.0,13,0.0,0.0
2024-06-19 11:18:00+09:00,4315.0,4315.0,4315.0,4315.0,138,0.0,0.0
2024-06-19 11:21:00+09:00,4310.0,4310.0,4310.0,4310.0,1533,0.0,0.0
2024-06-19 11:26:00+09:00,4310.0,4310.0,4310.0,4310.0,0,0.0,0.0
2024-06-19 11:33:00+09:00,4315.0,4315.0,4315.0,4315.0,700,0.0,0.0
2024-06-19 11:35:00+09:00,4320.0,4320.0,4320.0,4320.0,0,0.0,0.0
2024-06-19 11:37:00+09:00,4320.0,4320.0,4310.0,4310.0,1134,0.0,0.0
2024-06-19 11:38:00+09:00,4310.0,4310.0,4310.0,4310.0,0,0.0,0.0
2024-06-19 11:39:00+09:00,4310.0,4320.0,4310.0,4320.0,1141,0.0,0.0
2024-06-19 11:44:00+09:00,4310.0,4310.0,4305.0,4305.0,1274,0.0,0.0
2024-06-19 11:45:00+09:00,4305.0,4305.0,4305.0,4305.0,4,0.0,0.0
2024-06-19 11:48:00+09:00,4310.0,4310.0,4310.0,4310.0,292,0.0,0.0
2024-06-19 11:51:00+09:00,4310.0,4310.0,4310.0,4310.0,190,0.0,0.0
2024-06-19 11:55:00+09:00,4320.0,4320.0,4320.0,4320.0,36,0.0,0.0
2024-06-19 11:59:00+09:00,4310.0,4310.0,4310.0,4310.0,1745,0.0,0.0
2024-06-19 12:03:00+09:00,4320.0,4320.0,4320.0,4320.0,118,0.0,0.0
2024-06-19 12:05:00+09:00,4320.0,4320.0,4305.0,4305.0,1084,0.0,0.0
2024-06-19 12:08:00+09:00,4320.0,4320.0,4320.0,4320.0,118,0.0,0.0
2024-06-19 12:09:00+09:00,4310.0,4310.0,4310.0,4310.0,941,0.0,0.0
2024-06-19 12:12:00+09:00,4305.0,4305.0,4305.0,4305.0,0,0.0,0.0
2024-06-19 12:13:00+09:00,4305.0,4305.0,4305.0,4305.0,0,0.0,0.0
2024-06-19 12:16:00+09:00,4310.0,4315.0,4300.0,4315.0,3958,0.0,0.0
2024-06-19 12:17:00+09:00,4315.0,4315.0,4300.0,4315.0,12,0.0,0.0
2024-06-19 12:18:00+09:00,4305.0,4305.0,4300.0,4300.0,948,0.0,0.0
2024-06-19 12:20:00+09:00,4300.0,4300.0,4300.0,4300.0,0,0.0,0.0
2024-06-19 12:23:00+09:00,4300.0,4300.0,4300.0,4300.0,63767,0.0,0.0
2024-06-19 12:24:00+09:00,4295.0,4295.0,4290.0,4290.0,1143,0.0,0.0
2024-06-19 12:26:00+09:00,4290.0,4290.0,4290.0,4290.0,397,0.0,0.0
2024-06-19 12:27:00+09:00,4290.0,4290.0,4290.0,4290.0,247,0.0,0.0
2024-06-19 12:29:00+09:00,4300.0,4300.0,4290.0,4290.0,626,0.0,0.0
2024-06-19 12:32:00+09:00,4300.0,4300.0,4300.0,4300.0,0,0.0,0.0
2024-06-19 12:34:00+09:00,4300.0,4300.0,4300.0,4300.0,140,0.0,0.0
2024-06-19 12:41:00+09:00,4310.0,4310.0,4310.0,4310.0,0,0.0,0.0
2024-06-19 12:45:00+09:00,4310.0,4310.0,4310.0,4310.0,28,0.0,0.0
2024-06-19 12:48:00+09:00,4300.0,4300.0,4300.0,4300.0,472,0.0,0.0
2024-06-19 12:49:00+09:00,4310.0,4310.0,4310.0,4310.0,0,0.0,0.0
2024-06-19 12:50:00+09:00,4310.0,4310.0,4310.0,4310.0,84,0.0,0.0
2024-06-19 12:52:00+09:00,4310.0,4310.0,4310.0,4310.0,8,0.0,0.0
2024-06-19 12:54:00+09:00,4310.0,4310.0,4310.0,4310.0,96,0.0,0.0
2024-06-19 12:55:00+09:00,4315.0,4315.0,4315.0,4315.0,150,0.0,0.0
2024-06-19 13:01:00+09:00,4315.0,4315.0,4315.0,4315.0,0,0.0,0.0
2024-06-19 13:02:00+09:00,4310.0,4310.0,4295.0,4295.0,70,0.0,0.0
2024-06-19 13:08:00+09:00,4300.0,4300.0,4295.0,4295.0,598,0.0,0.0
2024-06-19 13:10:00+09:00,4315.0,4315.0,4315.0,4315.0,408,0.0,0.0
2024-06-19 13:15:00+09:00,4300.0,4300.0,4300.0,4300.0,0,0.0,0.0
2024-06-19 13:20:00+09:00,4295.0,4295.0,4295.0,4295.0,168,0.0,0.0
2024-06-19 13:21:00+09:00,4300.0,4300.0,4300.0,4300.0,191,0.0,0.0
2024-06-19 13:24:00+09:00,4295.0,4295.0,4295.0,4295.0,1600,0.0,0.0
2024-06-19 13:26:00+09:00,4295.0,4295.0,4295.0,4295.0,0,0.0,0.0
2024-06-19 13:28:00+09:00,4295.0,4295.0,4295.0,4295.0,0,0.0,0.0
2024-06-19 13:31:00+09:00,4295.0,4295.0,4290.0,4290.0,1239,0.0,0.0
2024-06-19 13:32:00+09:00,4290.0,4290.0,4290.0,4290.0,20,0.0,0.0
2024-06-19 13:33:00+09:00,4290.0,4300.0,4290.0,4300.0,42,0.0,0.0
2024-06-19 13:35:00+09:00,4300.0,4300.0,4300.0,4300.0,121,0.0,0.0
2024-06-19 13:36:00+09:00,4300.0,4300.0,4300.0,4300.0,32,0.0,0.0
2024-06-19 13:42:00+09:00,4300.0,4300.0,4300.0,4300.0,444,0.0,0.0
2024-06-19 13:43:00+09:00,4300.0,4300.0,4300.0,4300.0,770,0.0,0.0
2024-06-19 13:44:00+09:00,4295.0,4295.0,4290.0,4290.0,1137,0.0,0.0
2024-06-19 13:47:00+09:00,4295.0,4295.0,4295.0,4295.0,8,0.0,0.0
2024-06-19 13:48:00+09:00,4295.0,4300.0,4295.0,4300.0,994,0.0,0.0
2024-06-19 13:49:00+09:00,4295.0,4300.0,4295.0,4300.0,1929,0.0,0.0
2024-06-19 13:50:00+09:00,4295.0,4295.0,4295.0,4295.0,0,0.0,0.0
2024-06-19 13:55:00+09:00,4295.0,4300.0,4295.0,4300.0,1262,0.0,0.0
2024-06-19 13:57:00+09:00,4300.0,4300.0,4300.0,4300.0,0,0.0,0.0
2024-06-19 14:00:00+09:00,4300.0,4300.0,4300.0,4300.0,98,0.0,0.0
2024-06-19 14:01:00+09:00,4300.0,4300.0,4300.0,4300.0,42,0.0,0.0
2024-06-19 14:04:00+09:00,4300.0,4300.0,4300.0,4300.0,302,0.0,0.0
2024-06-19 14:08:00+09:00,4300.0,4300.0,4300.0,4300.0,260,0.0,0.0
2024-06-19 14:10:00+09:00,4295.0,4295.0,4295.0,4295.0,4100,0.0,0.0
2024-06-19 14:11:00+09:00,4295.0,4295.0,4295.0,4295.0,0,0.0,0.0
2024-06-19 14:15:00+09:00,4295.0,4295.0,4295.0,4295.0,0,0.0,0.0
2024-06-19 14:16:00+09:00,4295.0,4295.0,4295.0,4295.0,261,0.0,0.0
2024-06-19 14:21:00+09:00,4310.0,4310.0,4310.0,4310.0,1,0.0,0.0
2024-06-19 14:24:00+09:00,4300.0,4300.0,4295.0,4295.0,2216,0.0,0.0
2024-06-19 14:29:00+09:00,4310.0,4310.0,4285.0,4285.0,6246,0.0,0.0
2024-06-19 14:30:00+09:00,4290.0,4290.0,4290.0,4290.0,0,0.0,0.0
2024-06-19 14:35:00+09:00,4305.0,4305.0,4290.0,4290.0,101,0.0,0.0
2024-06-19 14:36:00+09:00,4295.0,4295.0,4295.0,4295.0,694,0.0,0.0
2024-06-19 14:39:00+09:00,4305.0,4305.0,4305.0,4305.0,0,0.0,0.0
2024-06-19 14:40:00+09:00,4305.0,4305.0,4305.0,4305.0,1780,0.0,0.0
2024-06-19 14:41:00+09:00,4300.0,4300.0,4300.0,4300.0,0,0.0,0.0
2024-06-19 14:42:00+09:00,4300.0,4300.0,4300.0,4300.0,388,0.0,0.0
2024-06-19 14:45:00+09:00,4310.0,4310.0,4310.0,4310.0,2260,0.0,0.0
2024-06-19 14:46:00+09:00,4300.0,4300.0,4300.0,4300.0,0,0.0,0.0
2024-06-19 14:47:00+09:00,4315.0,4315.0,4315.0,4315.0,254,0.0,0.0
2024-06-19 14:48:00+09:00,4315.0,4315.0,4300.0,4315.0,1032,0.0,0.0
2024-06-19 14:49:00+09:00,4320.0,4325.0,4320.0,4325.0,1229,0.0,0.0
2024-06-19 14:50:00+09:00,4325.0,4325.0,4305.0,4305.0,9,0.0,0.0
2024-06-19 14:51:00+09:00,4320.0,4325.0,4320.0,4325.0,1207,0.0,0.0
2024-06-19 14:52:00+09:00,4325.0,4325.0,4325.0,4325.0,0,0.0,0.0
2024-06-19 14:53:00+09:00,4320.0,4320.0,4320.0,4320.0,894,0.0,0.0
2024-06-19 14:54:00+09:00,4325.0,4325.0,4310.0,4310.0,806,0.0,0.0
2024-06-19 14:56:00+09:00,4310.0,4310.0,4305.0,4305.0,657,0.0,0.0
2024-06-19 14:58:00+09:00,4305.0,4305.0,4305.0,4305.0,546,0.0,0.0
2024-06-20 09:00:00+09:00,4295.0,4300.0,4295.0,4300.0,79,0.0,0.0
2024-06-20 09:01:00+09:00,4305.0,4320.0,4305.0,4320.0,32,0.0,0.0
2024-06-20 09:02:00+09:00,4325.0,4325.0,4325.0,4325.0,579,0.0,0.0
2024-06-20 09:03:00+09:00,4330.0,4340.0,4325.0,4340.0,2766,0.0,0.0
2024-06-20 09:04:00+09:00,4345.0,4350.0,4345.0,4350.0,561,0.0,0.0
2024-06-20 09:05:00+09:00,4350.0,4370.0,4350.0,4360.0,1779,0.0,0.0
2024-06-20 09:06:00+09:00,4360.0,4365.0,4360.0,4360.0,503,0.0,0.0
2024-06-20 09:07:00+09:00,4360.0,4370.0,4360.0,4365.0,2965,0.0,0.0
2024-06-20 09:08:00+09:00,4365.0,4390.0,4365.0,4375.0,2666,0.0,0.0
2024-06-20 09:09:00+09:00,4375.0,4375.0,4365.0,4365.0,1846,0.0,0.0
2024-06-20 09:10:00+09:00,4370.0,4375.0,4365.0,4370.0,433,0.0,0.0
2024-06-20 09:11:00+09:00,4370.0,4370.0,4370.0,4370.0,37,0.0,0.0
2024-06-20 09:12:00+09:00,4370.0,4375.0,4370.0,4375.0,784,0.0,0.0
2024-06-20 09:13:00+09:00,4375.0,4375.0,4375.0,4375.0,198,0.0,0.0
2024-06-20 09:14:00+09:00,4380.0,4380.0,4375.0,4375.0,517,0.0,0.0
2024-06-20 09:15:00+09:00,4380.0,4380.0,4375.0,4375.0,1059,0.0,0.0
2024-06-20 09:16:00+09:00,4375.0,4385.0,4370.0,4370.0,458,0.0,0.0
2024-06-20 09:17:00+09:00,4370.0,4370.0,4370.0,4370.0,150,0.0,0.0
2024-06-20 09:18:00+09:00,4370.0,4370.0,4365.0,4365.0,1186,0.0,0.0
2024-06-20 09:19:00+09:00,4365.0,4365.0,4350.0,4350.0,3653,0.0,0.0
2024-06-20 09:21:00+09:00,4350.0,4350.0,4345.0,4345.0,156,0.0,0.0
2024-06-20 09:22:00+09:00,4340.0,4340.0,4340.0,4340.0,0,0.0,0.0
2024-06-20 09:24:00+09:00,4340.0,4340.0,4340.0,4340.0,54,0.0,0.0
2024-06-20 09:25:00+09:00,4350.0,4355.0,4350.0,4355.0,67,0.0,0.0
2024-06-20 09:26:00+09:00,4355.0,4355.0,4350.0,4355.0,6,0.0,0.0
2024-06-20 09:27:00+09:00,4355.0,4355.0,4355.0,4355.0,39,0.0,0.0
2024-06-20 09:28:00+09:00,4355.0,4355.0,4350.0,4350.0,361,0.0,0.0
2024-06-20 09:29:00+09:00,4360.0,4360.0,4350.0,4350.0,326,0.0,0.0
2024-06-20 09:31:00+09:00,4360.0,4360.0,4360.0,4360.0,478,0.0,0.0
2024-06-20 09:32:00+09:00,4360.0,4370.0,4360.0,4360.0,2912,0.0,0.0
2024-06-20 09:33:00+09:00,4360.0,4360.0,4360.0,4360.0,338,0.0,0.0
2024-06-20 09:34:00+09:00,4365.0,4370.0,4365.0,4370.0,190,0.0,0.0
2024-06-20 09:35:00+09:00,4370.0,4370.0,4370.0,4370.0,35,0.0,0.0
2024-06-20 09:36:00+09:00,4365.0,4365.0,4365.0,4365.0,0,0.0,0.0
2024-06-20 09:39:00+09:00,4365.0,4365.0,4365.0,4365.0,1598,0.0,0.0
2024-06-20 09:41:00+09:00,4365.0,4365.0,4365.0,4365.0,39,0.0,0.0
2024-06-20 09:42:00+09:00,4360.0,4365.0,4360.0,4365.0,0,0.0,0.0
2024-06-20 09:43:00+09:00,4365.0,4365.0,4365.0,4365.0,0,0.0,0.0
2024-06-20 09:47:00+09:00,4370.0,4375.0,4370.0,4375.0,4537,0.0,0.0
2024-06-20 09:48:00+09:00,4375.0,4405.0,4375.0,4400.0,6075,0.0,0.0
2024-06-20 09:49:00+09:00,4400.0,4400.0,4395.0,4400.0,180,0.0,0.0
2024-06-20 09:50:00+09:00,4400.0,4405.0,4395.0,4400.0,2568,0.0,0.0
2024-06-20 09:51:00+09:00,4400.0,4400.0,4395.0,4395.0,134,0.0,0.0
2024-06-20 09:52:00+09:00,4405.0,4410.0,4400.0,4410.0,602,0.0,0.0
2024-06-20 09:53:00+09:00,4410.0,4425.0,4410.0,4420.0,2899,0.0,0.0
2024-06-20 09:54:00+09:00,4440.0,4475.0,4440.0,4475.0,11345,0.0,0.0
2024-06-20 09:55:00+09:00,4475.0,4480.0,4445.0,4475.0,3240,0.0,0.0
2024-06-20 09:56:00+09:00,4455.0,4465.0,4430.0,4455.0,1147,0.0,0.0
2024-06-20 09:57:00+09:00,4455.0,4455.0,4430.0,4430.0,502,0.0,0.0
2024-06-20 09:58:00+09:00,4440.0,4455.0,4430.0,4445.0,3441,0.0,0.0
2024-06-20 09:59:00+09:00,4445.0,4455.0,4440.0,4440.0,765,0.0,0.0
2024-06-20 10:00:00+09:00,4440.0,4455.0,4440.0,4455.0,1640,0.0,0.0
2024-06-20 10:01:00+09:00,4455.0,4460.0,4445.0,4460.0,862,0.0,0.0
2024-06-20 10:02:00+09:00,4455.0,4455.0,4435.0,4435.0,435,0.0,0.0
2024-06-20 10:03:00+09:00,4435.0,4450.0,4435.0,4450.0,449,0.0,0.0
2024-06-20 10:04:00+09:00,4440.0,4445.0,4440.0,4445.0,403,0.0,0.0
2024-06-20 10:05:00+09:00,4445.0,4445.0,4445.0,4445.0,144,0.0,0.0
2024-06-20 10:06:00+09:00,4445.0,4445.0,4430.0,4440.0,1029,0.0,0.0
2024-06-20 10:08:00+09:00,4445.0,4445.0,4445.0,4445.0,0,0.0,0.0
2024-06-20 10:09:00+09:00,4440.0,4445.0,4440.0,4440.0,984,0.0,0.0
2024-06-20 10:10:00+09:00,4440.0,4450.0,4440.0,4445.0,436,0.0,0.0
2024-06-20 10:11:00+09:00,4450.0,4450.0,4435.0,4435.0,193,0.0,0.0
2024-06-20 10:12:00+09:00,4445.0,4445.0,4445.0,4445.0,229,0.0,0.0
2024-06-20 10:13:00+09:00,4445.0,4450.0,4445.0,4450.0,238,0.0,0.0
2024-06-20 10:14:00+09:00,4450.0,4450.0,4450.0,4450.0,2578,0.0,0.0
2024-06-20 10:16:00+09:00,4420.0,4420.0,4420.0,4420.0,455,0.0,0.0
2024-06-20 10:17:00+09:00,4420.0,4420.0,4420.0,4420.0,200,0.0,0.0
2024-06-20 10:18:00+09:00,4445.0,4445.0,4445.0,4445.0,795,0.0,0.0
2024-06-20 10:19:00+09:00,4435.0,4435.0,4435.0,4435.0,0,0.0,0.0
2024-06-20 10:20:00+09:00,4435.0,4435.0,4430.0,4430.0,40,0.0,0.0
2024-06-20 10:21:00+09:00,4430.0,4430.0,4430.0,4430.0,42,0.0,0.0
2024-06-20 10:22:00+09:00,4430.0,4430.0,4430.0,4430.0,506,0.0,0.0
2024-06-20 10:23:00+09:00,4425.0,4430.0,4425.0,4430.0,0,0.0,0.0
2024-06-20 10:24:00+09:00,4430.0,4430.0,4430.0,4430.0,367,0.0,0.0
2024-06-20 10:25:00+09:00,4430.0,4430.0,4430.0,4430.0,0,0.0,0.0
2024-06-20 10:26:00+09:00,4430.0,4430.0,4430.0,4430.0,191,0.0,0.0
2024-06-20 10:27:00+09:00,4430.0,4430.0,4430.0,4430.0,164,0.0,0.0
2024-06-20 10:28:00+09:00,4440.0,4440.0,4440.0,4440.0,1000,0.0,0.0
2024-06-20 10:30:00+09:00,4440.0,4440.0,4440.0,4440.0,0,0.0,0.0
2024-06-20 10:31:00+09:00,4435.0,4440.0,4435.0,4440.0,21,0.0,0.0
2024-06-20 10:33:00+09:00,4440.0,4440.0,4440.0,4440.0,2,0.0,0.0
2024-06-20 10:34:00+09:00,4440.0,4440.0,4430.0,4430.0,146,0.0,0.0
2024-06-20 10:35:00+09:00,4435.0,4435.0,4435.0,4435.0,6,0.0,0.0
2024-06-20 10:36:00+09:00,4430.0,4430.0,4420.0,4420.0,509,0.0,0.0
2024-06-20 10:37:00+09:00,4420.0,4420.0,4420.0,4420.0,200,0.0,0.0
2024-06-20 10:38:00+09:00,4420.0,4420.0,4420.0,4420.0,0,0.0,0.0
2024-06-20 10:39:00+09:00,4420.0,4420.0,4420.0,4420.0,569,0.0,0.0
2024-06-20 10:42:00+09:00,4420.0,4420.0,4420.0,4420.0,588,0.0,0.0
2024-06-20 10:44:00+09:00,4415.0,4415.0,4415.0,4415.0,433,0.0,0.0
2024-06-20 10:46:00+09:00,4410.0,4410.0,4405.0,4405.0,1100,0.0,0.0
2024-06-20 10:47:00+09:00,4405.0,4405.0,4405.0,4405.0,1458,0.0,0.0
2024-06-20 10:48:00+09:00,4405.0,4420.0,4405.0,4420.0,783,0.0,0.0
2024-06-20 10:49:00+09:00,4420.0,4420.0,4420.0,4420.0,163,0.0,0.0
2024-06-20 10:50:00+09:00,4420.0,4420.0,4420.0,4420.0,0,0.0,0.0
2024-06-20 10:51:00+09:00,4420.0,4420.0,4420.0,4420.0,200,0.0,0.0
2024-06-20 10:52:00+09:00,4420.0,4420.0,4420.0,4420.0,0,0.0,0.0
2024-06-20 10:53:00+09:00,4430.0,4430.0,4430.0,4430.0,58,0.0,0.0
2024-06-20 10:54:00+09:00,4430.0,4430.0,4430.0,4430.0,56,0.0,0.0
2024-06-20 10:55:00+09:00,4410.0,4410.0,4410.0,4410.0,155,0.0,0.0
2024-06-20 10:56:00+09:00,4430.0,4430.0,4425.0,4425.0,321,0.0,0.0
2024-06-20 10:57:00+09:00,4425.0,4425.0,4420.0,4420.0,215,0.0,0.0
2024-06-20 10:59:00+09:00,4420.0,4420.0,4420.0,4420.0,436,0.0,0.0
2024-06-20 11:01:00+09:00,4430.0,4430.0,4430.0,4430.0,0,0.0,0.0
2024-06-20 11:04:00+09:00,4430.0,4430.0,4430.0,4430.0,336,0.0,0.0
2024-06-20 11:10:00+09:00,4425.0,4425.0,4425.0,4425.0,20,0.0,0.0
2024-06-20 11:11:00+09:00,4425.0,4425.0,4420.0,4420.0,1020,0.0,0.0
2024-06-20 11:12:00+09:00,4420.0,4420.0,4420.0,4420.0,3542,0.0,0.0
2024-06-20 11:13:00+09:00,4420.0,4420.0,4420.0,4420.0,1038,0.0,0.0
2024-06-20 11:14:00+09:00,4420.0,4420.0,4420.0,4420.0,0,0.0,0.0
2024-06-20 11:15:00+09:00,4425.0,4425.0,4425.0,4425.0,0,0.0,0.0
2024-06-20 11:16:00+09:00,4420.0,4430.0,4420.0,4430.0,907,0.0,0.0
2024-06-20 11:17:00+09:00,4430.0,4430.0,4430.0,4430.0,1068,0.0,0.0
2024-06-20 11:18:00+09:00,4430.0,4430.0,4430.0,4430.0,0,0.0,0.0
2024-06-20 11:19:00+09:00,4430.0,4430.0,4425.0,4425.0,583,0.0,0.0
2024-06-20 11:20:00+09:00,4435.0,4435.0,4435.0,4435.0,11,0.0,0.0
2024-06-20 11:23:00+09:00,4425.0,4425.0,4425.0,4425.0,200,0.0,0.0
2024-06-20 11:24:00+09:00,4425.0,4425.0,4425.0,4425.0,0,0.0,0.0
2024-06-20 11:25:00+09:00,4425.0,4425.0,4425.0,4425.0,0,0.0,0.0
2024-06-20 11:26:00+09:00,4425.0,4425.0,4425.0,4425.0,1,0.0,0.0
2024-06-20 11:27:00+09:00,4425.0,4425.0,4425.0,4425.0,218,0.0,0.0
2024-06-20 11:29:00+09:00,4425.0,4425.0,4420.0,4420.0,0,0.0,0.0
2024-06-20 11:30:00+09:00,4420.0,4420.0,4410.0,4410.0,1111,0.0,0.0
2024-06-20 11:31:00+09:00,4410.0,4425.0,4405.0,4425.0,959,0.0,0.0
2024-06-20 11:33:00+09:00,4425.0,4425.0,4425.0,4425.0,12,0.0,0.0
2024-06-20 11:35:00+09:00,4425.0,4425.0,4425.0,4425.0,88,0.0,0.0
2024-06-20 11:38:00+09:00,4405.0,4425.0,4405.0,4425.0,844,0.0,0.0
2024-06-20 11:39:00+09:00,4430.0,4430.0,4430.0,4430.0,406,0.0,0.0
2024-06-20 11:40:00+09:00,4430.0,4430.0,4430.0,4430.0,0,0.0,0.0
2024-06-20 11:42:00+09:00,4405.0,4405.0,4405.0,4405.0,36,0.0,0.0
2024-06-20 11:44:00+09:00,4430.0,4430.0,4430.0,4430.0,0,0.0,0.0
2024-06-20 11:45:00+09:00,4430.0,4430.0,4430.0,4430.0,527,0.0,0.0
2024-06-20 11:47:00+09:00,4420.0,4420.0,4420.0,4420.0,2,0.0,0.0
2024-06-20 11:48:00+09:00,4420.0,4420.0,4420.0,4420.0,13,0.0,0.0
2024-06-20 11:49:00+09:00,4430.0,4430.0,4430.0,4430.0,1595,0.0,0.0
2024-06-20 11:50:00+09:00,4430.0,4430.0,4430.0,4430.0,0,0.0,0.0
2024-06-20 11:51:00+09:00,4435.0,4435.0,4435.0,4435.0,3,0.0,0.0
2024-06-20 11:52:00+09:00,4435.0,4435.0,4415.0,4415.0,1079,0.0,0.0
2024-06-20 11:53:00+09:00,4415.0,4415.0,4415.0,4415.0,0,0.0,0.0
2024-06-20 11:58:00+09:00,4415.0,4430.0,4410.0,4430.0,1971,0.0,0.0
2024-06-20 11:59:00+09:00,4425.0,4430.0,4425.0,4430.0,9,0.0,0.0
2024-06-20 12:01:00+09:00,4430.0,4430.0,4430.0,4430.0,0,0.0,0.0
2024-06-20 12:03:00+09:00,4430.0,4430.0,4430.0,4430.0,156,0.0,0.0
2024-06-20 12:04:00+09:00,4430.0,4430.0,4430.0,4430.0,146,0.0,0.0
2024-06-20 12:05:00+09:00,4430.0,4430.0,4430.0,4430.0,593,0.0,0.0
2024-06-20 12:06:00+09:00,4430.0,4430.0,4410.0,4410.0,353,0.0,0.0
2024-06-20 12:08:00+09:00,4430.0,4430.0,4430.0,4430.0,110,0.0,0.0
2024-06-20 12:09:00+09:00,4430.0,4430.0,4430.0,4430.0,0,0.0,0.0
2024-06-20 12:10:00+09:00,4410.0,4410.0,4410.0,4410.0,1478,0.0,0.0
2024-06-20 12:11:00+09:00,4430.0,4430.0,4430.0,4430.0,321,0.0,0.0
2024-06-20 12:13:00+09:00,4435.0,4600.0,4435.0,4505.0,56997,0.0,0.0
2024-06-20 12:14:00+09:00,4505.0,4535.0,4425.0,4465.0,13143,0.0,0.0
2024-06-20 12:15:00+09:00,4435.0,4620.0,4435.0,4580.0,32504,0.0,0.0
2024-06-20 12:16:00+09:00,4575.0,4650.0,4520.0,4625.0,62871,0.0,0.0
2024-06-20 12:17:00+09:00,4625.0,4625.0,4550.0,4600.0,26931,0.0,0.0
2024-06-20 12:18:00+09:00,4595.0,4600.0,4500.0,4515.0,15143,0.0,0.0
2024-06-20 12:19:00+09:00,4525.0,4575.0,4515.0,4515.0,5131,0.0,0.0
2024-06-20 12:20:00+09:00,4515.0,4575.0,4510.0,4535.0,5589,0.0,0.0
2024-06-20 12:21:00+09:00,4535.0,4535.0,4485.0,4495.0,13138,0.0,0.0
2024-06-20 12:22:00+09:00,4515.0,4540.0,4495.0,4500.0,2376,0.0,0.0
2024-06-20 12:23:00+09:00,4510.0,4525.0,4500.0,4510.0,323,0.0,0.0
2024-06-20 12:24:00+09:00,4505.0,4525.0,4505.0,4520.0,3461,0.0,0.0
2024-06-20 12:25:00+09:00,4520.0,4535.0,4515.0,4525.0,972,0.0,0.0
2024-06-20 12:26:00+09:00,4520.0,4520.0,4485.0,4500.0,5889,0.0,0.0
2024-06-20 12:27:00+09:00,4500.0,4510.0,4475.0,4475.0,2744,0.0,0.0
2024-06-20 12:28:00+09:00,4475.0,4485.0,4465.0,4485.0,2616,0.0,0.0
2024-06-20 12:29:00+09:00,4470.0,4485.0,4455.0,4455.0,1625,0.0,0.0
2024-06-20 12:30:00+09:00,4455.0,4485.0,4455.0,4480.0,706,0.0,0.0
2024-06-20 12:31:00+09:00,4480.0,4480.0,4445.0,4445.0,1435,0.0,0.0
2024-06-20 12:32:00+09:00,4475.0,4480.0,4450.0,4475.0,617,0.0,0.0
2024-06-20 12:33:00+09:00,4470.0,4475.0,4445.0,4465.0,587,0.0,0.0
2024-06-20 12:34:00+09:00,4450.0,4465.0,4445.0,4445.0,1905,0.0,0.0
2024-06-20 12:35:00+09:00,4465.0,4465.0,4460.0,4465.0,980,0.0,0.0
2024-06-20 12:36:00+09:00,4445.0,4460.0,4430.0,4430.0,5369,0.0,0.0
2024-06-20 12:37:00+09:00,4430.0,4450.0,4410.0,4420.0,7292,0.0,0.0
2024-06-20 12:38:00+09:00,4415.0,4445.0,4405.0,4420.0,3763,0.0,0.0
2024-06-20 12:39:00+09:00,4450.0,4460.0,4450.0,4460.0,1963,0.0,0.0
2024-06-20 12:40:00+09:00,4440.0,4440.0,4440.0,4440.0,242,0.0,0.0
2024-06-20 12:42:00+09:00,4440.0,4440.0,4440.0,4440.0,416,0.0,0.0
2024-06-20 12:43:00+09:00,4440.0,4460.0,4425.0,4460.0,384,0.0,0.0
2024-06-20 12:44:00+09:00,4425.0,4455.0,4425.0,4445.0,383,0.0,0.0
2024-06-20 12:45:00+09:00,4445.0,4455.0,4445.0,4455.0,50,0.0,0.0
2024-06-20 12:46:00+09:00,4450.0,4450.0,4440.0,4440.0,124,0.0,0.0
2024-06-20 12:47:00+09:00,4435.0,4445.0,4420.0,4440.0,1101,0.0,0.0
2024-06-20 12:48:00+09:00,4420.0,4445.0,4410.0,4430.0,3015,0.0,0.0
2024-06-20 12:49:00+09:00,4445.0,4450.0,4425.0,4450.0,24,0.0,0.0
2024-06-20 12:50:00+09:00,4420.0,4445.0,4420.0,4445.0,100,0.0,0.0
2024-06-20 12:51:00+09:00,4445.0,4445.0,4420.0,4440.0,470,0.0,0.0
2024-06-20 12:52:00+09:00,4440.0,4445.0,4440.0,4445.0,88,0.0,0.0
2024-06-20 12:53:00+09:00,4445.0,4450.0,4445.0,4450.0,382,0.0,0.0
2024-06-20 12:54:00+09:00,4455.0,4455.0,4450.0,4450.0,118,0.0,0.0
2024-06-20 12:55:00+09:00,4450.0,4450.0,4450.0,4450.0,339,0.0,0.0
2024-06-20 12:56:00+09:00,4435.0,4445.0,4435.0,4435.0,490,0.0,0.0
2024-06-20 12:57:00+09:00,4450.0,4460.0,4450.0,4460.0,2811,0.0,0.0
2024-06-20 12:58:00+09:00,4460.0,4470.0,4460.0,4470.0,0,0.0,0.0
2024-06-20 12:59:00+09:00,4465.0,4465.0,4460.0,4465.0,32,0.0,0.0
2024-06-20 13:00:00+09:00,4455.0,4460.0,4420.0,4460.0,789,0.0,0.0
2024-06-20 13:01:00+09:00,4455.0,4455.0,4445.0,4445.0,63,0.0,0.0
2024-06-20 13:02:00+09:00,4445.0,4445.0,4435.0,4435.0,78,0.0,0.0
2024-06-20 13:03:00+09:00,4430.0,4435.0,4430.0,4435.0,356,0.0,0.0
2024-06-20 13:04:00+09:00,4430.0,4430.0,4430.0,4430.0,0,0.0,0.0
2024-06-20 13:05:00+09:00,4430.0,4430.0,4430.0,4430.0,487,0.0,0.0
2024-06-20 13:06:00+09:00,4430.0,4445.0,4410.0,4445.0,2912,0.0,0.0
2024-06-20 13:07:00+09:00,4415.0,4440.0,4415.0,4415.0,187,0.0,0.0
2024-06-20 13:08:00+09:00,4415.0,4435.0,4410.0,4435.0,854,0.0,0.0
2024-06-20 13:11:00+09:00,4410.0,4410.0,4410.0,4410.0,0,0.0,0.0
2024-06-20 13:12:00+09:00,4415.0,4420.0,4415.0,4420.0,22,0.0,0.0
2024-06-20 13:13:00+09:00,4420.0,4420.0,4420.0,4420.0,2,0.0,0.0
2024-06-20 13:14:00+09:00,4420.0,4420.0,4415.0,4415.0,612,0.0,0.0
2024-06-20 13:16:00+09:00,4420.0,4420.0,4420.0,4420.0,4,0.0,0.0
2024-06-20 13:17:00+09:00,4420.0,4420.0,4420.0,4420.0,1072,0.0,0.0
2024-06-20 13:18:00+09:00,4420.0,4440.0,4420.0,4440.0,892,0.0,0.0
2024-06-20 13:19:00+09:00,4440.0,4445.0,4440.0,4445.0,0,0.0,0.0
2024-06-20 13:20:00+09:00,4445.0,4445.0,4445.0,4445.0,1,0.0,0.0
2024-06-20 13:21:00+09:00,4440.0,4445.0,4440.0,4445.0,230,0.0,0.0
2024-06-20 13:22:00+09:00,4440.0,4440.0,4440.0,4440.0,0,0.0,0.0
2024-06-20 13:23:00+09:00,4440.0,4440.0,4440.0,4440.0,124,0.0,0.0
2024-06-20 13:24:00+09:00,4440.0,4440.0,4440.0,4440.0,0,0.0,0.0
2024-06-20 13:26:00+09:00,4435.0,4435.0,4365.0,4430.0,15382,0.0,0.0
2024-06-20 13:29:00+09:00,4425.0,4425.0,4420.0,4425.0,178,0.0,0.0
2024-06-20 13:30:00+09:00,4410.0,4410.0,4410.0,4410.0,894,0.0,0.0
2024-06-20 13:31:00+09:00,4410.0,4430.0,4410.0,4430.0,0,0.0,0.0
2024-06-20 13:32:00+09:00,4435.0,4440.0,4435.0,4440.0,179,0.0,0.0
2024-06-20 13:33:00+09:00,4435.0,4435.0,4435.0,4435.0,1066,0.0,0.0
2024-06-20 13:37:00+09:00,4440.0,4440.0,4440.0,4440.0,45,0.0,0.0
2024-06-20 13:39:00+09:00,4435.0,4435.0,4435.0,4435.0,83,0.0,0.0
2024-06-20 13:40:00+09:00,4435.0,4435.0,4430.0,4430.0,146,0.0,0.0
2024-06-20 13:41:00+09:00,4430.0,4435.0,4405.0,4435.0,92,0.0,0.0
2024-06-20 13:44:00+09:00,4420.0,4435.0,4420.0,4435.0,112,0.0,0.0
2024-06-20 13:45:00+09:00,4420.0,4420.0,4420.0,4420.0,579,0.0,0.0
2024-06-20 13:46:00+09:00,4420.0,4420.0,4420.0,4420.0,39,0.0,0.0
2024-06-20 13:47:00+09:00,4415.0,4435.0,4415.0,4435.0,276,0.0,0.0
2024-06-20 13:48:00+09:00,4435.0,4440.0,4415.0,4415.0,508,0.0,0.0
2024-06-20 13:49:00+09:00,4415.0,4415.0,4415.0,4415.0,2151,0.0,0.0
2024-06-20 13:50:00+09:00,4415.0,4415.0,4415.0,4415.0,0,0.0,0.0
2024-06-20 13:51:00+09:00,4415.0,4415.0,4415.0,4415.0,0,0.0,0.0
2024-06-20 13:52:00+09:00,4435.0,4440.0,4435.0,4440.0,517,0.0,0.0
2024-06-20 13:54:00+09:00,4435.0,4435.0,4435.0,4435.0,0,0.0,0.0
2024-06-20 13:55:00+09:00,4435.0,4435.0,4435.0,4435.0,9,0.0,0.0
2024-06-20 13:57:00+09:00,4435.0,4435.0,4410.0,4410.0,3304,0.0,0.0
2024-06-20 13:58:00+09:00,4440.0,4440.0,4440.0,4440.0,0,0.0,0.0
2024-06-20 13:59:00+09:00,4435.0,4435.0,4435.0,4435.0,1,0.0,0.0
2024-06-20 14:00:00+09:00,4435.0,4440.0,4425.0,4425.0,362,0.0,0.0
2024-06-20 14:01:00+09:00,4425.0,4425.0,4425.0,4425.0,500,0.0,0.0
2024-06-20 14:02:00+09:00,4425.0,4440.0,4415.0,4440.0,382,0.0,0.0
2024-06-20 14:03:00+09:00,4440.0,4440.0,4415.0,4440.0,313,0.0,0.0
2024-06-20 14:04:00+09:00,4440.0,4440.0,4415.0,4440.0,1111,0.0,0.0
2024-06-20 14:05:00+09:00,4440.0,4440.0,4440.0,4440.0,0,0.0,0.0
2024-06-20 14:06:00+09:00,4445.0,4445.0,4440.0,4440.0,381,0.0,0.0
2024-06-20 14:09:00+09:00,4445.0,4455.0,4440.0,4455.0,157,0.0,0.0
2024-06-20 14:10:00+09:00,4455.0,4455.0,4455.0,4455.0,0,0.0,0.0
2024-06-20 14:11:00+09:00,4455.0,4465.0,4455.0,4460.0,125,0.0,0.0
2024-06-20 14:12:00+09:00,4460.0,4460.0,4455.0,4455.0,227,0.0,0.0
2024-06-20 14:13:00+09:00,4460.0,4460.0,4450.0,4450.0,0,0.0,0.0
2024-06-20 14:14:00+09:00,4450.0,4460.0,4445.0,4455.0,233,0.0,0.0
2024-06-20 14:15:00+09:00,4455.0,4465.0,4455.0,4465.0,89,0.0,0.0
2024-06-20 14:16:00+09:00,4465.0,4475.0,4450.0,4450.0,203,0.0,0.0
2024-06-20 14:17:00+09:00,4450.0,4475.0,4450.0,4475.0,167,0.0,0.0
2024-06-20 14:18:00+09:00,4475.0,4475.0,4460.0,4460.0,254,0.0,0.0
2024-06-20 14:19:00+09:00,4460.0,4460.0,4460.0,4460.0,45,0.0,0.0
2024-06-20 14:20:00+09:00,4470.0,4470.0,4450.0,4450.0,825,0.0,0.0
2024-06-20 14:22:00+09:00,4455.0,4455.0,4455.0,4455.0,595,0.0,0.0
2024-06-20 14:23:00+09:00,4455.0,4455.0,4455.0,4455.0,170,0.0,0.0
2024-06-20 14:24:00+09:00,4455.0,4455.0,4450.0,4450.0,77,0.0,0.0
2024-06-20 14:25:00+09:00,4450.0,4450.0,4450.0,4450.0,121,0.0,0.0
2024-06-20 14:26:00+09:00,4450.0,4450.0,4450.0,4450.0,5,0.0,0.0
2024-06-20 14:27:00+09:00,4455.0,4460.0,4450.0,4450.0,124,0.0,0.0
2024-06-20 14:28:00+09:00,4460.0,4460.0,4460.0,4460.0,267,0.0,0.0
2024-06-20 14:29:00+09:00,4460.0,4470.0,4460.0,4470.0,944,0.0,0.0
2024-06-20 14:30:00+09:00,4470.0,4470.0,4460.0,4470.0,0,0.0,0.0
2024-06-20 14:31:00+09:00,4470.0,4470.0,4470.0,4470.0,0,0.0,0.0
2024-06-20 14:32:00+09:00,4465.0,4465.0,4460.0,4460.0,45,0.0,0.0
2024-06-20 14:33:00+09:00,4460.0,4460.0,4450.0,4455.0,211,0.0,0.0
2024-06-20 14:35:00+09:00,4450.0,4450.0,4450.0,4450.0,19,0.0,0.0
2024-06-20 14:36:00+09:00,4450.0,4455.0,4450.0,4455.0,1065,0.0,0.0
2024-06-20 14:37:00+09:00,4455.0,4455.0,4455.0,4455.0,0,0.0,0.0
2024-06-20 14:38:00+09:00,4455.0,4455.0,4455.0,4455.0,57,0.0,0.0
2024-06-20 14:39:00+09:00,4455.0,4455.0,4455.0,4455.0,0,0.0,0.0
2024-06-20 14:40:00+09:00,4455.0,4455.0,4455.0,4455.0,1,0.0,0.0
2024-06-20 14:41:00+09:00,4450.0,4455.0,4450.0,4455.0,311,0.0,0.0
2024-06-20 14:42:00+09:00,4455.0,4455.0,4450.0,4450.0,679,0.0,0.0
2024-06-20 14:43:00+09:00,4450.0,4450.0,4440.0,4450.0,1579,0.0,0.0
2024-06-20 14:44:00+09:00,4450.0,4450.0,4450.0,4450.0,1,0.0,0.0
2024-06-20 14:45:00+09:00,4455.0,4455.0,4455.0,4455.0,651,0.0,0.0
2024-06-20 14:46:00+09:00,4455.0,4455.0,4455.0,4455.0,0,0.0,0.0
2024-06-20 14:47:00+09:00,4455.0,4455.0,4445.0,4455.0,5,0.0,0.0
2024-06-20 14:48:00+09:00,4455.0,4455.0,4455.0,4455.0,3,0.0,0.0
2024-06-20 14:49:00+09:00,4455.0,4455.0,4455.0,4455.0,0,0.0,0.0
2024-06-20 14:50:00+09:00,4445.0,4455.0,4445.0,4455.0,215,0.0,0.0
2024-06-20 14:51:00+09:00,4455.0,4455.0,4445.0,4445.0,107,0.0,0.0
2024-06-20 14:52:00+09:00,4445.0,4445.0,4445.0,4445.0,457,0.0,0.0
2024-06-20 14:54:00+09:00,4440.0,4440.0,4430.0,4430.0,604,0.0,0.0
2024-06-20 14:55:00+09:00,4450.0,4450.0,4450.0,4450.0,0,0.0,0.0
2024-06-20 14:59:00+09:00,4430.0,4455.0,4430.0,4455.0,2598,0.0,0.0
2024-06-21 09:00:00+09:00,4455.0,4510.0,4450.0,4510.0,4009,0.0,0.0
2024-06-21 09:01:00+09:00,4450.0,4505.0,4450.0,4500.0,451,0.0,0.0
2024-06-21 09:02:00+09:00,4470.0,4470.0,4445.0,4445.0,2889,0.0,0.0
2024-06-21 09:03:00+09:00,4435.0,4445.0,4410.0,4435.0,756,0.0,0.0
2024-06-21 09:05:00+09:00,4430.0,4430.0,4390.0,4415.0,2059,0.0,0.0
2024-06-21 09:06:00+09:00,4415.0,4415.0,4415.0,4415.0,1826,0.0,0.0
2024-06-21 09:07:00+09:00,4400.0,4430.0,4400.0,4430.0,559,0.0,0.0
2024-06-21 09:08:00+09:00,4435.0,4445.0,4435.0,4440.0,162,0.0,0.0
2024-06-21 09:09:00+09:00,4415.0,4415.0,4415.0,4415.0,599,0.0,0.0
2024-06-21 09:10:00+09:00,4430.0,4450.0,4430.0,4450.0,2645,0.0,0.0
2024-06-21 09:11:00+09:00,4450.0,4455.0,4450.0,4455.0,0,0.0,0.0
2024-06-21 09:12:00+09:00,4450.0,4455.0,4445.0,4455.0,2047,0.0,0.0
2024-06-21 09:13:00+09:00,4450.0,4460.0,4450.0,4460.0,598,0.0,0.0
2024-06-21 09:14:00+09:00,4470.0,4470.0,4470.0,4470.0,65,0.0,0.0
2024-06-21 09:15:00+09:00,4470.0,4470.0,4470.0,4470.0,753,0.0,0.0
2024-06-21 09:16:00+09:00,4470.0,4470.0,4470.0,4470.0,134,0.0,0.0
2024-06-21 09:17:00+09:00,4470.0,4470.0,4470.0,4470.0,69,0.0,0.0
2024-06-21 09:18:00+09:00,4470.0,4475.0,4470.0,4475.0,1846,0.0,0.0
2024-06-21 09:19:00+09:00,4475.0,4475.0,4455.0,4455.0,926,0.0,0.0
2024-06-21 09:20:00+09:00,4465.0,4465.0,4450.0,4460.0,1852,0.0,0.0
2024-06-21 09:21:00+09:00,4445.0,4455.0,4435.0,4450.0,1077,0.0,0.0
2024-06-21 09:22:00+09:00,4435.0,4435.0,4425.0,4425.0,633,0.0,0.0
2024-06-21 09:23:00+09:00,4420.0,4440.0,4420.0,4425.0,577,0.0,0.0
2024-06-21 09:24:00+09:00,4440.0,4440.0,4435.0,4435.0,0,0.0,0.0
2024-06-21 09:25:00+09:00,4435.0,4435.0,4435.0,4435.0,0,0.0,0.0
2024-06-21 09:26:00+09:00,4425.0,4440.0,4425.0,4440.0,1780,0.0,0.0
2024-06-21 09:27:00+09:00,4440.0,4450.0,4435.0,4450.0,979,0.0,0.0
2024-06-21 09:28:00+09:00,4450.0,4450.0,4440.0,4450.0,114,0.0,0.0
2024-06-21 09:30:00+09:00,4450.0,4450.0,4440.0,4450.0,623,0.0,0.0
2024-06-21 09:31:00+09:00,4445.0,4445.0,4445.0,4445.0,1,0.0,0.0
2024-06-21 09:32:00+09:00,4440.0,4445.0,4435.0,4445.0,55,0.0,0.0
2024-06-21 09:34:00+09:00,4430.0,4445.0,4425.0,4445.0,613,0.0,0.0
2024-06-21 09:35:00+09:00,4420.0,4445.0,4420.0,4440.0,669,0.0,0.0
2024-06-21 09:36:00+09:00,4415.0,4440.0,4415.0,4440.0,389,0.0,0.0
2024-06-21 09:38:00+09:00,4430.0,4430.0,4430.0,4430.0,1,0.0,0.0
2024-06-21 09:39:00+09:00,4425.0,4425.0,4400.0,4425.0,1650,0.0,0.0
2024-06-21 09:40:00+09:00,4400.0,4400.0,4400.0,4400.0,706,0.0,0.0
2024-06-21 09:41:00+09:00,4395.0,4395.0,4390.0,4390.0,638,0.0,0.0
2024-06-21 09:42:00+09:00,4395.0,4425.0,4395.0,4425.0,4550,0.0,0.0
2024-06-21 09:45:00+09:00,4390.0,4390.0,4390.0,4390.0,323,0.0,0.0
2024-06-21 09:46:00+09:00,4390.0,4410.0,4385.0,4410.0,11434,0.0,0.0
2024-06-21 09:47:00+09:00,4420.0,4420.0,4420.0,4420.0,0,0.0,0.0
2024-06-21 09:48:00+09:00,4415.0,4415.0,4415.0,4415.0,40,0.0,0.0
2024-06-21 09:49:00+09:00,4395.0,4415.0,4395.0,4415.0,1641,0.0,0.0
2024-06-21 09:50:00+09:00,4420.0,4420.0,4395.0,4420.0,0,0.0,0.0
2024-06-21 09:51:00+09:00,4420.0,4425.0,4420.0,4425.0,1394,0.0,0.0
2024-06-21 09:52:00+09:00,4425.0,4425.0,4425.0,4425.0,15,0.0,0.0
2024-06-21 09:59:00+09:00,4425.0,4425.0,4425.0,4425.0,33,0.0,0.0
2024-06-21 10:00:00+09:00,4425.0,4425.0,4395.0,4395.0,4,0.0,0.0
2024-06-21 10:01:00+09:00,4400.0,4400.0,4395.0,4395.0,2,0.0,0.0
2024-06-21 10:03:00+09:00,4420.0,4420.0,4420.0,4420.0,7,0.0,0.0
2024-06-21 10:05:00+09:00,4415.0,4415.0,4405.0,4405.0,537,0.0,0.0
2024-06-21 10:06:00+09:00,4400.0,4400.0,4390.0,4390.0,361,0.0,0.0
2024-06-21 10:07:00+09:00,4390.0,4390.0,4390.0,4390.0,99,0.0,0.0
2024-06-21 10:08:00+09:00,4385.0,4385.0,4385.0,4385.0,450,0.0,0.0
2024-06-21 10:09:00+09:00,4380.0,4380.0,4380.0,4380.0,0,0.0,0.0
2024-06-21 10:10:00+09:00,4385.0,4385.0,4385.0,4385.0,52728,0.0,0.0
2024-06-21 10:11:00+09:00,4380.0,4380.0,4370.0,4370.0,1833,0.0,0.0
2024-06-21 10:13:00+09:00,4375.0,4375.0,4360.0,4360.0,3806,0.0,0.0
2024-06-21 10:14:00+09:00,4365.0,4365.0,4365.0,4365.0,0,0.0,0.0
2024-06-21 10:15:00+09:00,4370.0,4370.0,4365.0,4370.0,98,0.0,0.0
2024-06-21 10:17:00+09:00,4375.0,4380.0,4370.0,4380.0,3798,0.0,0.0
2024-06-21 10:18:00+09:00,4365.0,4395.0,4365.0,4395.0,130,0.0,0.0
2024-06-21 10:19:00+09:00,4375.0,4375.0,4375.0,4375.0,1,0.0,0.0
2024-06-21 10:20:00+09:00,4375.0,4385.0,4365.0,4385.0,1468,0.0,0.0
2024-06-21 10:22:00+09:00,4365.0,4365.0,4365.0,4365.0,100,0.0,0.0
2024-06-21 10:23:00+09:00,4365.0,4365.0,4365.0,4365.0,30,0.0,0.0
2024-06-21 10:24:00+09:00,4370.0,4370.0,4365.0,4365.0,0,0.0,0.0
2024-06-21 10:26:00+09:00,4380.0,4385.0,4380.0,4385.0,313,0.0,0.0
2024-06-21 10:27:00+09:00,4385.0,4390.0,4385.0,4390.0,322,0.0,0.0
2024-06-21 10:28:00+09:00,4395.0,4400.0,4395.0,4400.0,462,0.0,0.0
2024-06-21 10:29:00+09:00,4400.0,4400.0,4400.0,4400.0,4,0.0,0.0
2024-06-21 10:30:00+09:00,4400.0,4400.0,4400.0,4400.0,256,0.0,0.0
2024-06-21 10:35:00+09:00,4400.0,4415.0,4400.0,4415.0,809,0.0,0.0
2024-06-21 10:36:00+09:00,4415.0,4420.0,4415.0,4420.0,1600,0.0,0.0
2024-06-21 10:37:00+09:00,4420.0,4420.0,4420.0,4420.0,0,0.0,0.0
2024-06-21 10:38:00+09:00,4420.0,4420.0,4400.0,4400.0,793,0.0,0.0
2024-06-21 10:42:00+09:00,4400.0,4400.0,4400.0,4400.0,0,0.0,0.0
2024-06-21 10:43:00+09:00,4405.0,4405.0,4405.0,4405.0,100,0.0,0.0
2024-06-21 10:51:00+09:00,4410.0,4410.0,4410.0,4410.0,50,0.0,0.0
2024-06-21 10:53:00+09:00,4405.0,4425.0,4395.0,4425.0,2303,0.0,0.0
2024-06-21 10:54:00+09:00,4420.0,4420.0,4395.0,4395.0,203,0.0,0.0
2024-06-21 10:55:00+09:00,4395.0,4395.0,4395.0,4395.0,0,0.0,0.0
2024-06-21 10:56:00+09:00,4395.0,4395.0,4395.0,4395.0,151,0.0,0.0
2024-06-21 10:57:00+09:00,4395.0,4395.0,4395.0,4395.0,0,0.0,0.0
2024-06-21 10:59:00+09:00,4395.0,4400.0,4380.0,4380.0,798,0.0,0.0
2024-06-21 11:03:00+09:00,4385.0,4385.0,4385.0,4385.0,1,0.0,0.0
2024-06-21 11:07:00+09:00,4390.0,4415.0,4390.0,4415.0,3,0.0,0.0
2024-06-21 11:08:00+09:00,4390.0,4390.0,4380.0,4380.0,730,0.0,0.0
2024-06-21 11:11:00+09:00,4380.0,4380.0,4380.0,4380.0,0,0.0,0.0
2024-06-21 11:12:00+09:00,4410.0,4415.0,4410.0,4415.0,0,0.0,0.0
2024-06-21 11:16:00+09:00,4415.0,4415.0,4415.0,4415.0,4,0.0,0.0
2024-06-21 11:23:00+09:00,4415.0,4415.0,4415.0,4415.0,9,0.0,0.0
2024-06-21 11:24:00+09:00,4415.0,4415.0,4385.0,4415.0,380,0.0,0.0
2024-06-21 11:26:00+09:00,4390.0,4390.0,4390.0,4390.0,248,0.0,0.0
2024-06-21 11:27:00+09:00,4390.0,4390.0,4390.0,4390.0,0,0.0,0.0
2024-06-21 11:28:00+09:00,4415.0,4415.0,4385.0,4385.0,1773,0.0,0.0
2024-06-21 11:33:00+09:00,4415.0,4415.0,4415.0,4415.0,2,0.0,0.0
2024-06-21 11:34:00+09:00,4395.0,4395.0,4395.0,4395.0,1999,0.0,0.0
2024-06-21 11:35:00+09:00,4415.0,4415.0,4380.0,4380.0,4001,0.0,0.0
2024-06-21 11:36:00+09:00,4380.0,4380.0,4380.0,4380.0,4358,0.0,0.0
2024-06-21 11:37:00+09:00,4380.0,4415.0,4380.0,4415.0,0,0.0,0.0
2024-06-21 11:41:00+09:00,4410.0,4415.0,4410.0,4415.0,189,0.0,0.0
2024-06-21 11:44:00+09:00,4415.0,4415.0,4415.0,4415.0,0,0.0,0.0
2024-06-21 11:50:00+09:00,4410.0,4415.0,4410.0,4415.0,6,0.0,0.0
2024-06-21 11:52:00+09:00,4410.0,4415.0,4410.0,4415.0,1319,0.0,0.0
2024-06-21 11:54:00+09:00,4415.0,4415.0,4415.0,4415.0,0,0.0,0.0
2024-06-21 11:55:00+09:00,4420.0,4420.0,4420.0,4420.0,0,0.0,0.0
2024-06-21 11:58:00+09:00,4405.0,4405.0,4405.0,4405.0,7,0.0,0.0
2024-06-21 11:59:00+09:00,4420.0,4420.0,4420.0,4420.0,0,0.0,0.0
2024-06-21 12:00:00+09:00,4420.0,4420.0,4420.0,4420.0,179,0.0,0.0
2024-06-21 12:01:00+09:00,4415.0,4415.0,4400.0,4400.0,1059,0.0,0.0
2024-06-21 12:03:00+09:00,4400.0,4415.0,4400.0,4415.0,115,0.0,0.0
2024-06-21 12:04:00+09:00,4400.0,4400.0,4400.0,4400.0,0,0.0,0.0
2024-06-21 12:06:00+09:00,4415.0,4415.0,4415.0,4415.0,2,0.0,0.0
2024-06-21 12:08:00+09:00,4415.0,4415.0,4415.0,4415.0,216,0.0,0.0
2024-06-21 12:11:00+09:00,4415.0,4415.0,4415.0,4415.0,0,0.0,0.0
2024-06-21 12:12:00+09:00,4415.0,4415.0,4415.0,4415.0,42,0.0,0.0
2024-06-21 12:13:00+09:00,4420.0,4420.0,4420.0,4420.0,0,0.0,0.0
2024-06-21 12:20:00+09:00,4420.0,4420.0,4420.0,4420.0,160,0.0,0.0
2024-06-21 12:22:00+09:00,4420.0,4425.0,4420.0,4425.0,3056,0.0,0.0
2024-06-21 12:23:00+09:00,4425.0,4425.0,4425.0,4425.0,1605,0.0,0.0
2024-06-21 12:24:00+09:00,4430.0,4430.0,4430.0,4430.0,0,0.0,0.0
2024-06-21 12:25:00+09:00,4430.0,4430.0,4430.0,4430.0,0,0.0,0.0
2024-06-21 12:31:00+09:00,4405.0,4430.0,4405.0,4430.0,0,0.0,0.0
2024-06-21 12:37:00+09:00,4425.0,4425.0,4425.0,4425.0,19,0.0,0.0
2024-06-21 12:38:00+09:00,4425.0,4425.0,4425.0,4425.0,22,0.0,0.0
2024-06-21 12:40:00+09:00,4425.0,4425.0,4425.0,4425.0,140,0.0,0.0
2024-06-21 12:41:00+09:00,4425.0,4425.0,4425.0,4425.0,0,0.0,0.0
2024-06-21 12:43:00+09:00,4425.0,4425.0,4425.0,4425.0,797,0.0,0.0
2024-06-21 12:44:00+09:00,4425.0,4425.0,4425.0,4425.0,0,0.0,0.0
2024-06-21 12:45:00+09:00,4425.0,4430.0,4425.0,4430.0,0,0.0,0.0
2024-06-21 12:46:00+09:00,4430.0,4430.0,4430.0,4430.0,4,0.0,0.0
2024-06-21 12:47:00+09:00,4430.0,4430.0,4430.0,4430.0,946,0.0,0.0
2024-06-21 12:48:00+09:00,4430.0,4430.0,4430.0,4430.0,0,0.0,0.0
2024-06-21 12:49:00+09:00,4430.0,4430.0,4430.0,4430.0,21,0.0,0.0
2024-06-21 12:51:00+09:00,4430.0,4430.0,4430.0,4430.0,1407,0.0,0.0
2024-06-21 12:52:00+09:00,4435.0,4435.0,4435.0,4435.0,0,0.0,0.0
2024-06-21 12:54:00+09:00,4440.0,4440.0,4440.0,4440.0,887,0.0,0.0
2024-06-21 12:56:00+09:00,4445.0,4445.0,4445.0,4445.0,60,0.0,0.0
2024-06-21 13:00:00+09:00,4445.0,4445.0,4445.0,4445.0,0,0.0,0.0
2024-06-21 13:02:00+09:00,4445.0,4445.0,4445.0,4445.0,46,0.0,0.0
2024-06-21 13:03:00+09:00,4445.0,4445.0,4435.0,4435.0,864,0.0,0.0
2024-06-21 13:05:00+09:00,4440.0,4440.0,4440.0,4440.0,0,0.0,0.0
2024-06-21 13:09:00+09:00,4440.0,4450.0,4440.0,4450.0,983,0.0,0.0
2024-06-21 13:11:00+09:00,4445.0,4450.0,4445.0,4450.0,892,0.0,0.0
2024-06-21 13:14:00+09:00,4435.0,4435.0,4435.0,4435.0,0,0.0,0.0
2024-06-21 13:15:00+09:00,4435.0,4435.0,4435.0,4435.0,1514,0.0,0.0
2024-06-21 13:16:00+09:00,4440.0,4440.0,4440.0,4440.0,0,0.0,0.0
2024-06-21 13:18:00+09:00,4440.0,4440.0,4430.0,4440.0,1102,0.0,0.0
2024-06-21 13:19:00+09:00,4440.0,4440.0,4440.0,4440.0,3,0.0,0.0
2024-06-21 13:20:00+09:00,4440.0,4440.0,4440.0,4440.0,1,0.0,0.0
2024-06-21 13:21:00+09:00,4440.0,4440.0,4440.0,4440.0,10,0.0,0.0
2024-06-21 13:22:00+09:00,4440.0,4440.0,4440.0,4440.0,0,0.0,0.0
2024-06-21 13:23:00+09:00,4430.0,4430.0,4430.0,4430.0,256,0.0,0.0
2024-06-21 13:24:00+09:00,4440.0,4440.0,4425.0,4425.0,64,0.0,0.0
2024-06-21 13:25:00+09:00,4425.0,4425.0,4425.0,4425.0,0,0.0,0.0
2024-06-21 13:28:00+09:00,4440.0,4440.0,4440.0,4440.0,0,0.0,0.0
2024-06-21 13:32:00+09:00,4425.0,4425.0,4425.0,4425.0,6,0.0,0.0
2024-06-21 13:33:00+09:00,4425.0,4425.0,4425.0,4425.0,0,0.0,0.0
2024-06-21 13:34:00+09:00,4440.0,4440.0,4440.0,4440.0,1,0.0,0.0
2024-06-21 13:36:00+09:00,4395.0,4395.0,4395.0,4395.0,2499,0.0,0.0
2024-06-21 13:37:00+09:00,4430.0,4430.0,4430.0,4430.0,0,0.0,0.0
2024-06-21 13:38:00+09:00,4400.0,4400.0,4400.0,4400.0,599,0.0,0.0
2024-06-21 13:40:00+09:00,4420.0,4420.0,4420.0,4420.0,0,0.0,0.0
2024-06-21 13:44:00+09:00,4420.0,4420.0,4420.0,4420.0,74,0.0,0.0
2024-06-21 13:49:00+09:00,4405.0,4405.0,4405.0,4405.0,160,0.0,0.0
2024-06-21 13:50:00+09:00,4405.0,4425.0,4405.0,4425.0,21,0.0,0.0
2024-06-21 13:53:00+09:00,4415.0,4415.0,4415.0,4415.0,80,0.0,0.0
2024-06-21 13:55:00+09:00,4410.0,4410.0,4410.0,4410.0,160,0.0,0.0
2024-06-21 13:56:00+09:00,4420.0,4420.0,4420.0,4420.0,0,0.0,0.0
2024-06-21 13:57:00+09:00,4410.0,4410.0,4410.0,4410.0,7,0.0,0.0
2024-06-21 13:58:00+09:00,4420.0,4425.0,4420.0,4425.0,990,0.0,0.0
2024-06-21 14:01:00+09:00,4430.0,4430.0,4430.0,4430.0,0,0.0,0.0
2024-06-21 14:03:00+09:00,4430.0,4430.0,4425.0,4425.0,108,0.0,0.0
2024-06-21 14:04:00+09:00,4430.0,4430.0,4430.0,4430.0,175,0.0,0.0
2024-06-21 14:05:00+09:00,4435.0,4435.0,4435.0,4435.0,0,0.0,0.0
2024-06-21 14:06:00+09:00,4430.0,4430.0,4430.0,4430.0,28,0.0,0.0
2024-06-21 14:07:00+09:00,4425.0,4425.0,4420.0,4420.0,380,0.0,0.0
2024-06-21 14:08:00+09:00,4430.0,4430.0,4430.0,4430.0,590,0.0,0.0
2024-06-21 14:16:00+09:00,4415.0,4415.0,4415.0,4415.0,0,0.0,0.0
2024-06-21 14:17:00+09:00,4415.0,4415.0,4415.0,4415.0,54,0.0,0.0
2024-06-21 14:18:00+09:00,4415.0,4415.0,4415.0,4415.0,1,0.0,0.0
2024-06-21 14:25:00+09:00,4415.0,4420.0,4410.0,4420.0,254,0.0,0.0
2024-06-21 14:29:00+09:00,4410.0,4410.0,4410.0,4410.0,3,0.0,0.0
2024-06-21 14:33:00+09:00,4420.0,4425.0,4420.0,4425.0,908,0.0,0.0
2024-06-21 14:34:00+09:00,4420.0,4420.0,4420.0,4420.0,0,0.0,0.0
2024-06-21 14:35:00+09:00,4430.0,4430.0,4430.0,4430.0,0,0.0,0.0
2024-06-21 14:38:00+09:00,4430.0,4430.0,4430.0,4430.0,2,0.0,0.0
2024-06-21 14:42:00+09:00,4420.0,4420.0,4420.0,4420.0,7,0.0,0.0
2024-06-21 14:45:00+09:00,4420.0,4430.0,4420.0,4430.0,168,0.0,0.0
2024-06-21 14:46:00+09:00,4415.0,4415.0,4415.0,4415.0,1553,0.0,0.0
2024-06-21 14:47:00+09:00,4415.0,4415.0,4415.0,4415.0,0,0.0,0.0
2024-06-21 14:48:00+09:00,4430.0,4430.0,4430.0,4430.0,2,0.0,0.0
2024-06-21 14:49:00+09:00,4415.0,4415.0,4410.0,4410.0,573,0.0,0.0
2024-06-21 14:50:00+09:00,4410.0,4410.0,4400.0,4400.0,1451,0.0,0.0
2024-06-21 14:52:00+09:00,4400.0,4400.0,4400.0,4400.0,322,0.0,0.0
2024-06-21 14:53:00+09:00,4395.0,4395.0,4395.0,4395.0,16,0.0,0.0
2024-06-21 14:54:00+09:00,4390.0,4415.0,4390.0,4415.0,714,0.0,0.0
2024-06-21 14:57:00+09:00,4415.0,4415.0,4415.0,4415.0,0,0.0,0.0
2024-06-21 14:58:00+09:00,4400.0,4400.0,4400.0,4400.0,3,0.0,0.0
