Datetime,Open,High,Low,Close,Volume,Dividends,Stock Splits
2024-06-17 09:00:00+09:00,24650.0,24700.0,24450.0,24500.0,0,0.0,0.0
2024-06-17 09:01:00+09:00,24500.0,24750.0,24500.0,24750.0,1119,0.0,0.0
2024-06-17 09:02:00+09:00,24650.0,24700.0,24500.0,24650.0,1635,0.0,0.0
2024-06-17 09:03:00+09:00,24650.0,24750.0,24600.0,24750.0,2079,0.0,0.0
2024-06-17 09:04:00+09:00,24700.0,24750.0,24550.0,24700.0,1536,0.0,0.0
2024-06-17 09:05:00+09:00,24650.0,24700.0,24250.0,24600.0,3651,0.0,0.0
2024-06-17 09:06:00+09:00,24350.0,24400.0,24000.0,24000.0,3527,0.0,0.0
2024-06-17 09:07:00+09:00,24000.0,24100.0,23900.0,23950.0,2865,0.0,0.0
2024-06-17 09:08:00+09:00,23950.0,24100.0,23950.0,24100.0,972,0.0,0.0
2024-06-17 09:09:00+09:00,24100.0,24250.0,24100.0,24250.0,870,0.0,0.0
2024-06-17 09:10:00+09:00,24300.0,24450.0,24250.0,24300.0,1485,0.0,0.0
2024-06-17 09:11:00+09:00,24300.0,24400.0,24250.0,24400.0,1463,0.0,0.0
2024-06-17 09:12:00+09:00,24250.0,24400.0,24200.0,24400.0,384,0.0,0.0
2024-06-17 09:13:00+09:00,24450.0,24500.0,24400.0,24400.0,1164,0.0,0.0
2024-06-17 09:14:00+09:00,24400.0,24500.0,24400.0,24400.0,548,0.0,0.0
2024-06-17 09:15:00+09:00,24400.0,24550.0,24350.0,24550.0,201,0.0,0.0
2024-06-17 09:16:00+09:00,24450.0,24550.0,24450.0,24500.0,618,0.0,0.0
2024-06-17 09:17:00+09:00,24500.0,24500.0,24400.0,24400.0,471,0.0,0.0
2024-06-17 09:18:00+09:00,24350.0,24450.0,24350.0,24350.0,58,0.0,0.0
2024-06-17 09:19:00+09:00,24350.0,24450.0,24350.0,24400.0,192,0.0,0.0
2024-06-17 09:20:00+09:00,24500.0,24650.0,24450.0,24650.0,740,0.0,0.0
2024-06-17 09:21:00+09:00,24650.0,24650.0,24500.0,24650.0,1106,0.0,0.0
2024-06-17 09:22:00+09:00,24650.0,24650.0,24550.0,24650.0,2418,0.0,0.0
2024-06-17 09:23:00+09:00,24650.0,24650.0,24600.0,24600.0,325,0.0,0.0
2024-06-17 09:24:00+09:00,24600.0,24650.0,24600.0,24650.0,351,0.0,0.0
2024-06-17 09:25:00+09:00,24650.0,24650.0,24600.0,24650.0,349,0.0,0.0
2024-06-17 09:26:00+09:00,24650.0,24650.0,24500.0,24600.0,1842,0.0,0.0
2024-06-17 09:27:00+09:00,24550.0,24600.0,24550.0,24550.0,288,0.0,0.0
2024-06-17 09:28:00+09:00,24550.0,24650.0,24500.0,24650.0,914,0.0,0.0
2024-06-17 09:29:00+09:00,24650.0,24700.0,24600.0,24600.0,176,0.0,0.0
2024-06-17 09:30:00+09:00,24700.0,24750.0,24600.0,24750.0,455,0.0,0.0
2024-06-17 09:31:00+09:00,24750.0,24800.0,24600.0,24600.0,1922,0.0,0.0
2024-06-17 09:32:00+09:00,24600.0,24700.0,24450.0,24550.0,1421,0.0,0.0
2024-06-17 09:33:00+09:00,24550.0,24550.0,24550.0,24550.0,178,0.0,0.0
2024-06-17 09:34:00+09:00,24600.0,24650.0,24600.0,24600.0,0,0.0,0.0
2024-06-17 09:35:00+09:00,24600.0,24650.0,24600.0,24650.0,211,0.0,0.0
2024-06-17 09:36:00+09:00,24650.0,24650.0,24600.0,24600.0,145,0.0,0.0
2024-06-17 09:37:00+09:00,24600.0,24650.0,24600.0,24600.0,623,0.0,0.0
2024-06-17 09:38:00+09:00,24600.0,24600.0,24550.0,24550.0,972,0.0,0.0
2024-06-17 09:39:00+09:00,24550.0,24600.0,24550.0,24600.0,109,0.0,0.0
2024-06-17 09:40:00+09:00,24600.0,24650.0,24600.0,24650.0,133,0.0,0.0
2024-06-17 09:41:00+09:00,24600.0,24650.0,24600.0,24650.0,303,0.0,0.0
2024-06-17 09:42:00+09:00,24700.0,24800.0,24650.0,24800.0,445,0.0,0.0
2024-06-17 09:43:00+09:00,24800.0,24800.0,24750.0,24800.0,334,0.0,0.0
2024-06-17 09:44:00+09:00,24800.0,25150.0,24800.0,25100.0,3114,0.0,0.0
2024-06-17 09:45:00+09:00,25100.0,25200.0,24850.0,25200.0,4010,0.0,0.0
2024-06-17 09:46:00+09:00,25200.0,25400.0,25150.0,25300.0,5534,0.0,0.0
2024-06-17 09:47:00+09:00,25300.0,25350.0,25200.0,25250.0,2950,0.0,0.0
2024-06-17 09:48:00+09:00,25250.0,25250.0,25150.0,25150.0,2333,0.0,0.0
2024-06-17 09:49:00+09:00,25150.0,25200.0,25150.0,25150.0,809,0.0,0.0
2024-06-17 09:50:00+09:00,25150.0,25150.0,25050.0,25050.0,1331,0.0,0.0
2024-06-17 09:51:00+09:00,25050.0,25100.0,25050.0,25100.0,494,0.0,0.0
2024-06-17 09:52:00+09:00,25050.0,25050.0,25050.0,25050.0,301,0.0,0.0
2024-06-17 09:53:00+09:00,25050.0,25100.0,25050.0,25100.0,301,0.0,0.0
2024-06-17 09:54:00+09:00,25100.0,25150.0,25050.0,25150.0,1713,0.0,0.0
2024-06-17 09:55:00+09:00,25150.0,25350.0,25150.0,25200.0,1506,0.0,0.0
2024-06-17 09:56:00+09:00,25300.0,25350.0,25250.0,25300.0,650,0.0,0.0
2024-06-17 09:57:00+09:00,25300.0,25300.0,25200.0,25200.0,641,0.0,0.0
2024-06-17 09:58:00+09:00,25200.0,25200.0,25150.0,25150.0,724,0.0,0.0
2024-06-17 09:59:00+09:00,25150.0,25150.0,25100.0,25100.0,496,0.0,0.0
2024-06-17 10:00:00+09:00,25100.0,25100.0,25050.0,25050.0,458,0.0,0.0
2024-06-17 10:01:00+09:00,25050.0,25050.0,24950.0,24950.0,3775,0.0,0.0
2024-06-17 10:02:00+09:00,24950.0,25000.0,24850.0,24850.0,587,0.0,0.0
2024-06-17 10:03:00+09:00,24850.0,24900.0,24800.0,24800.0,2244,0.0,0.0
2024-06-17 10:04:00+09:00,24800.0,24850.0,24750.0,24850.0,1380,0.0,0.0
2024-06-17 10:05:00+09:00,24850.0,24850.0,24750.0,24750.0,2566,0.0,0.0
2024-06-17 10:06:00+09:00,24800.0,24850.0,24800.0,24850.0,0,0.0,0.0
2024-06-17 10:07:00+09:00,24850.0,24850.0,24800.0,24850.0,504,0.0,0.0
2024-06-17 10:08:00+09:00,24800.0,24850.0,24800.0,24800.0,0,0.0,0.0
2024-06-17 10:10:00+09:00,24850.0,24850.0,24800.0,24800.0,440,0.0,0.0
2024-06-17 10:11:00+09:00,24800.0,24850.0,24800.0,24800.0,441,0.0,0.0
2024-06-17 10:12:00+09:00,24800.0,24800.0,24800.0,24800.0,130,0.0,0.0
2024-06-17 10:13:00+09:00,24850.0,24850.0,24800.0,24800.0,458,0.0,0.0
2024-06-17 10:14:00+09:00,24800.0,24800.0,24700.0,24700.0,641,0.0,0.0
2024-06-17 10:15:00+09:00,24700.0,24700.0,24650.0,24650.0,503,0.0,0.0
2024-06-17 10:16:00+09:00,24650.0,24750.0,24650.0,24700.0,335,0.0,0.0
2024-06-17 10:17:00+09:00,24700.0,24800.0,24700.0,24700.0,246,0.0,0.0
2024-06-17 10:18:00+09:00,24700.0,24750.0,24700.0,24750.0,1025,0.0,0.0
2024-06-17 10:19:00+09:00,24700.0,24750.0,24700.0,24750.0,0,0.0,0.0
2024-06-17 10:20:00+09:00,24700.0,24700.0,24550.0,24700.0,1847,0.0,0.0
2024-06-17 10:21:00+09:00,24700.0,24700.0,24500.0,24500.0,731,0.0,0.0
2024-06-17 10:22:00+09:00,24500.0,24600.0,24500.0,24600.0,409,0.0,0.0
2024-06-17 10:23:00+09:00,24650.0,24800.0,24600.0,24800.0,65,0.0,0.0
2024-06-17 10:24:00+09:00,24700.0,24700.0,24700.0,24700.0,12,0.0,0.0
2024-06-17 10:25:00+09:00,24700.0,25000.0,24700.0,25000.0,398,0.0,0.0
2024-06-17 10:26:00+09:00,24700.0,25000.0,24700.0,24900.0,26,0.0,0.0
2024-06-17 10:27:00+09:00,24900.0,24900.0,24750.0,24750.0,422,0.0,0.0
2024-06-17 10:28:00+09:00,24750.0,24750.0,24700.0,24750.0,161,0.0,0.0
2024-06-17 10:29:00+09:00,24750.0,24750.0,24750.0,24750.0,0,0.0,0.0
2024-06-17 10:30:00+09:00,24800.0,24800.0,24800.0,24800.0,59,0.0,0.0
2024-06-17 10:31:00+09:00,24800.0,24800.0,24800.0,24800.0,126,0.0,0.0
2024-06-17 10:32:00+09:00,24800.0,24850.0,24800.0,24850.0,118,0.0,0.0
2024-06-17 10:33:00+09:00,24850.0,24850.0,24800.0,24800.0,16,0.0,0.0
2024-06-17 10:34:00+09:00,24800.0,24800.0,24800.0,24800.0,97,0.0,0.0
2024-06-17 10:35:00+09:00,24800.0,24850.0,24800.0,24850.0,133,0.0,0.0
2024-06-17 10:36:00+09:00,24800.0,24800.0,24800.0,24800.0,22,0.0,0.0
2024-06-17 10:37:00+09:00,24800.0,24800.0,24800.0,24800.0,20,0.0,0.0
2024-06-17 10:38:00+09:00,24800.0,24800.0,24800.0,24800.0,6,0.0,0.0
2024-06-17 10:39:00+09:00,24800.0,24800.0,24800.0,24800.0,78,0.0,0.0
2024-06-17 10:40:00+09:00,24800.0,24800.0,24750.0,24800.0,230,0.0,0.0
2024-06-17 10:41:00+09:00,24750.0,24750.0,24750.0,24750.0,0,0.0,0.0
2024-06-17 10:42:00+09:00,24750.0,24750.0,24650.0,24650.0,408,0.0,0.0
2024-06-17 10:43:00+09:00,24650.0,24650.0,24650.0,24650.0,88,0.0,0.0
2024-06-17 10:44:00+09:00,24650.0,24650.0,24600.0,24600.0,99,0.0,0.0
2024-06-17 10:45:00+09:00,24550.0,24550.0,24500.0,24500.0,3741,0.0,0.0
2024-06-17 10:46:00+09:00,24500.0,24600.0,24500.0,24600.0,0,0.0,0.0
2024-06-17 10:47:00+09:00,24550.0,24650.0,24550.0,24550.0,232,0.0,0.0
2024-06-17 10:48:00+09:00,24550.0,24550.0,24550.0,24550.0,46,0.0,0.0
2024-06-17 10:49:00+09:00,24550.0,24600.0,24550.0,24600.0,4,0.0,0.0
2024-06-17 10:50:00+09:00,24750.0,24750.0,24700.0,24700.0,49,0.0,0.0
2024-06-17 10:51:00+09:00,24700.0,24700.0,24700.0,24700.0,35,0.0,0.0
2024-06-17 10:52:00+09:00,24650.0,24650.0,24650.0,24650.0,162,0.0,0.0
2024-06-17 10:53:00+09:00,24650.0,24650.0,24550.0,24600.0,181,0.0,0.0
2024-06-17 10:54:00+09:00,24550.0,24650.0,24550.0,24650.0,176,0.0,0.0
2024-06-17 10:55:00+09:00,24650.0,24650.0,24600.0,24650.0,353,0.0,0.0
2024-06-17 10:56:00+09:00,24650.0,24650.0,24650.0,24650.0,0,0.0,0.0
2024-06-17 10:57:00+09:00,24650.0,24650.0,24650.0,24650.0,285,0.0,0.0
2024-06-17 10:58:00+09:00,24650.0,24650.0,24650.0,24650.0,21,0.0,0.0
2024-06-17 10:59:00+09:00,24600.0,24600.0,24550.0,24550.0,270,0.0,0.0
2024-06-17 11:00:00+09:00,24550.0,24550.0,24550.0,24550.0,125,0.0,0.0
2024-06-17 11:01:00+09:00,24550.0,24600.0,24550.0,24600.0,539,0.0,0.0
2024-06-17 11:03:00+09:00,24600.0,24600.0,24550.0,24550.0,218,0.0,0.0
2024-06-17 11:04:00+09:00,24500.0,24550.0,24500.0,24500.0,296,0.0,0.0
2024-06-17 11:05:00+09:00,24500.0,24550.0,24500.0,24550.0,32,0.0,0.0
2024-06-17 11:06:00+09:00,24500.0,24500.0,24500.0,24500.0,14,0.0,0.0
2024-06-17 11:07:00+09:00,24500.0,24500.0,24500.0,24500.0,81,0.0,0.0
2024-06-17 11:08:00+09:00,24500.0,24500.0,24450.0,24450.0,356,0.0,0.0
2024-06-17 11:09:00+09:00,24450.0,24450.0,24400.0,24400.0,654,0.0,0.0
2024-06-17 11:10:00+09:00,24400.0,24400.0,24400.0,24400.0,573,0.0,0.0
2024-06-17 11:11:00+09:00,24400.0,24400.0,24350.0,24350.0,556,0.0,0.0
2024-06-17 11:12:00+09:00,24350.0,24350.0,24250.0,24250.0,829,0.0,0.0
2024-06-17 11:13:00+09:00,24250.0,24350.0,24200.0,24350.0,270,0.0,0.0
2024-06-17 11:14:00+09:00,24250.0,24300.0,24200.0,24250.0,1088,0.0,0.0
2024-06-17 11:15:00+09:00,24250.0,24250.0,24200.0,24200.0,897,0.0,0.0
2024-06-17 11:16:00+09:00,24200.0,24200.0,24150.0,24150.0,517,0.0,0.0
2024-06-17 11:17:00+09:00,24150.0,24150.0,24100.0,24100.0,556,0.0,0.0
2024-06-17 11:18:00+09:00,24100.0,24200.0,24050.0,24200.0,1034,0.0,0.0
2024-06-17 11:19:00+09:00,24050.0,24100.0,24000.0,24000.0,1989,0.0,0.0
2024-06-17 11:20:00+09:00,24050.0,24150.0,24000.0,24000.0,620,0.0,0.0
2024-06-17 11:21:00+09:00,24050.0,24050.0,24000.0,24000.0,407,0.0,0.0
2024-06-17 11:22:00+09:00,24000.0,24200.0,24000.0,24200.0,67,0.0,0.0
2024-06-17 11:23:00+09:00,24200.0,24250.0,24150.0,24250.0,94,0.0,0.0
2024-06-17 11:24:00+09:00,24250.0,24250.0,24050.0,24200.0,255,0.0,0.0
2024-06-17 11:25:00+09:00,24200.0,24200.0,24100.0,24100.0,75,0.0,0.0
2024-06-17 11:26:00+09:00,24100.0,24100.0,24100.0,24100.0,1,0.0,0.0
2024-06-17 11:27:00+09:00,24050.0,24150.0,24050.0,24150.0,68,0.0,0.0
2024-06-17 11:28:00+09:00,24150.0,24150.0,24050.0,24050.0,38,0.0,0.0
2024-06-17 11:29:00+09:00,24100.0,24100.0,24050.0,24100.0,655,0.0,0.0
2024-06-17 11:30:00+09:00,24100.0,24100.0,24000.0,24000.0,159,0.0,0.0
2024-06-17 11:31:00+09:00,24050.0,24050.0,24000.0,24000.0,115,0.0,0.0
2024-06-17 11:32:00+09:00,24050.0,24100.0,24000.0,24100.0,419,0.0,0.0
2024-06-17 11:33:00+09:00,24050.0,24100.0,24050.0,24100.0,321,0.0,0.0
2024-06-17 11:34:00+09:00,24050.0,24100.0,24050.0,24050.0,47,0.0,0.0
2024-06-17 11:35:00+09:00,24100.0,24100.0,24000.0,24050.0,2576,0.0,0.0
2024-06-17 11:36:00+09:00,24050.0,24050.0,24050.0,24050.0,612,0.0,0.0
2024-06-17 11:37:00+09:00,24050.0,24050.0,24000.0,24000.0,3031,0.0,0.0
2024-06-17 11:38:00+09:00,24000.0,24050.0,24000.0,24050.0,1230,0.0,0.0
2024-06-17 11:39:00+09:00,24050.0,24050.0,24050.0,24050.0,198,0.0,0.0
2024-06-17 11:40:00+09:00,24050.0,24100.0,24000.0,24000.0,281,0.0,0.0
2024-06-17 11:41:00+09:00,24000.0,24000.0,24000.0,24000.0,80,0.0,0.0
2024-06-17 11:42:00+09:00,24000.0,24000.0,24000.0,24000.0,10,0.0,0.0
2024-06-17 11:43:00+09:00,24000.0,24000.0,24000.0,24000.0,671,0.0,0.0
2024-06-17 11:44:00+09:00,24050.0,24100.0,24050.0,24050.0,80,0.0,0.0
2024-06-17 11:45:00+09:00,24100.0,24100.0,24050.0,24100.0,30,0.0,0.0
2024-06-17 11:46:00+09:00,24100.0,24100.0,24100.0,24100.0,40,0.0,0.0
2024-06-17 11:47:00+09:00,24100.0,24100.0,24050.0,24100.0,218,0.0,0.0
2024-06-17 11:50:00+09:00,24100.0,24100.0,24100.0,24100.0,83,0.0,0.0
2024-06-17 11:51:00+09:00,24100.0,24150.0,24100.0,24150.0,4,0.0,0.0
2024-06-17 11:52:00+09:00,24150.0,24150.0,24100.0,24150.0,6,0.0,0.0
2024-06-17 11:53:00+09:00,24150.0,24150.0,24100.0,24100.0,52,0.0,0.0
2024-06-17 11:54:00+09:00,24150.0,24150.0,24150.0,24150.0,73,0.0,0.0
2024-06-17 11:55:00+09:00,24150.0,24150.0,24100.0,24150.0,47,0.0,0.0
2024-06-17 11:56:00+09:00,24150.0,24250.0,24150.0,24200.0,645,0.0,0.0
2024-06-17 11:57:00+09:00,24250.0,24250.0,24250.0,24250.0,0,0.0,0.0
2024-06-17 11:58:00+09:00,24250.0,24300.0,24200.0,24200.0,225,0.0,0.0
2024-06-17 12:00:00+09:00,24250.0,24250.0,24050.0,24050.0,1947,0.0,0.0
2024-06-17 12:01:00+09:00,24100.0,24100.0,24100.0,24100.0,0,0.0,0.0
2024-06-17 12:02:00+09:00,24100.0,24150.0,24100.0,24150.0,6,0.0,0.0
2024-06-17 12:04:00+09:00,24150.0,24150.0,24150.0,24150.0,213,0.0,0.0
2024-06-17 12:05:00+09:00,24150.0,24150.0,24150.0,24150.0,0,0.0,0.0
2024-06-17 12:06:00+09:00,24150.0,24150.0,24100.0,24100.0,388,0.0,0.0
2024-06-17 12:07:00+09:00,24100.0,24100.0,24100.0,24100.0,0,0.0,0.0
2024-06-17 12:08:00+09:00,24150.0,24150.0,24150.0,24150.0,8,0.0,0.0
2024-06-17 12:09:00+09:00,24200.0,24200.0,24200.0,24200.0,0,0.0,0.0
2024-06-17 12:10:00+09:00,24200.0,24250.0,24200.0,24200.0,255,0.0,0.0
2024-06-17 12:11:00+09:00,24200.0,24250.0,24200.0,24250.0,341,0.0,0.0
2024-06-17 12:12:00+09:00,24250.0,24300.0,24250.0,24300.0,69,0.0,0.0
2024-06-17 12:13:00+09:00,24300.0,24300.0,24300.0,24300.0,5,0.0,0.0
2024-06-17 12:14:00+09:00,24300.0,24350.0,24300.0,24350.0,64,0.0,0.0
2024-06-17 12:15:00+09:00,24250.0,24250.0,24250.0,24250.0,1,0.0,0.0
2024-06-17 12:17:00+09:00,24300.0,24300.0,24300.0,24300.0,0,0.0,0.0
2024-06-17 12:18:00+09:00,24250.0,24250.0,24250.0,24250.0,3,0.0,0.0
2024-06-17 12:19:00+09:00,24250.0,24250.0,24250.0,24250.0,183,0.0,0.0
2024-06-17 12:20:00+09:00,24250.0,24250.0,24250.0,24250.0,42,0.0,0.0
2024-06-17 12:22:00+09:00,24250.0,24250.0,24200.0,24200.0,212,0.0,0.0
2024-06-17 12:23:00+09:00,24250.0,24250.0,24250.0,24250.0,146,0.0,0.0
2024-06-17 12:24:00+09:00,24250.0,24300.0,24250.0,24300.0,213,0.0,0.0
2024-06-17 12:25:00+09:00,24300.0,24300.0,24300.0,24300.0,6,0.0,0.0
2024-06-17 12:26:00+09:00,24300.0,24350.0,24300.0,24300.0,144,0.0,0.0
2024-06-17 12:27:00+09:00,24300.0,24300.0,24300.0,24300.0,0,0.0,0.0
2024-06-17 12:28:00+09:00,24300.0,24300.0,24300.0,24300.0,204,0.0,0.0
2024-06-17 12:29:00+09:00,24300.0,24350.0,24300.0,24300.0,10,0.0,0.0
2024-06-17 12:30:00+09:00,24250.0,24250.0,24200.0,24200.0,256,0.0,0.0
2024-06-17 12:31:00+09:00,24250.0,24250.0,24250.0,24250.0,36,0.0,0.0
2024-06-17 12:32:00+09:00,24300.0,24300.0,24300.0,24300.0,239,0.0,0.0
2024-06-17 12:33:00+09:00,24300.0,24300.0,24300.0,24300.0,31,0.0,0.0
2024-06-17 12:34:00+09:00,24300.0,24300.0,24300.0,24300.0,76,0.0,0.0
2024-06-17 12:35:00+09:00,24300.0,24300.0,24300.0,24300.0,0,0.0,0.0
2024-06-17 12:36:00+09:00,24300.0,24350.0,24300.0,24350.0,98,0.0,0.0
2024-06-17 12:37:00+09:00,24350.0,24350.0,24350.0,24350.0,30,0.0,0.0
2024-06-17 12:38:00+09:00,24350.0,24350.0,24350.0,24350.0,402,0.0,0.0
2024-06-17 12:39:00+09:00,24350.0,24400.0,24350.0,24400.0,432,0.0,0.0
2024-06-17 12:40:00+09:00,24450.0,24450.0,24450.0,24450.0,548,0.0,0.0
2024-06-17 12:41:00+09:00,24450.0,24450.0,24400.0,24400.0,0,0.0,0.0
2024-06-17 12:42:00+09:00,24400.0,24400.0,24400.0,24400.0,0,0.0,0.0
2024-06-17 12:43:00+09:00,24400.0,24400.0,24350.0,24350.0,40,0.0,0.0
2024-06-17 12:44:00+09:00,24350.0,24350.0,24350.0,24350.0,298,0.0,0.0
2024-06-17 12:45:00+09:00,24300.0,24300.0,24300.0,24300.0,5,0.0,0.0
2024-06-17 12:46:00+09:00,24250.0,24300.0,24250.0,24300.0,150,0.0,0.0
2024-06-17 12:47:00+09:00,24300.0,24300.0,24250.0,24250.0,127,0.0,0.0
2024-06-17 12:48:00+09:00,24250.0,24250.0,24250.0,24250.0,0,0.0,0.0
2024-06-17 12:50:00+09:00,24250.0,24250.0,24200.0,24200.0,552,0.0,0.0
2024-06-17 12:51:00+09:00,24200.0,24200.0,24200.0,24200.0,20,0.0,0.0
2024-06-17 12:52:00+09:00,24200.0,24200.0,24200.0,24200.0,8,0.0,0.0
2024-06-17 12:53:00+09:00,24200.0,24200.0,24200.0,24200.0,141,0.0,0.0
2024-06-17 12:54:00+09:00,24200.0,24200.0,24000.0,24050.0,4058,0.0,0.0
2024-06-17 12:55:00+09:00,24050.0,24100.0,24000.0,24000.0,641,0.0,0.0
2024-06-17 12:56:00+09:00,24000.0,24050.0,24000.0,24000.0,723,0.0,0.0
2024-06-17 12:57:00+09:00,23950.0,24000.0,23950.0,23950.0,1672,0.0,0.0
2024-06-17 12:58:00+09:00,23950.0,23950.0,23950.0,23950.0,152,0.0,0.0
2024-06-17 12:59:00+09:00,23950.0,24000.0,23950.0,24000.0,123,0.0,0.0
2024-06-17 13:00:00+09:00,24000.0,24000.0,23950.0,24000.0,392,0.0,0.0
2024-06-17 13:01:00+09:00,24000.0,24000.0,24000.0,24000.0,1,0.0,0.0
2024-06-17 13:02:00+09:00,24000.0,24000.0,23950.0,24000.0,304,0.0,0.0
2024-06-17 13:03:00+09:00,24000.0,24000.0,24000.0,24000.0,26,0.0,0.0
2024-06-17 13:04:00+09:00,23950.0,23950.0,23950.0,23950.0,423,0.0,0.0
2024-06-17 13:05:00+09:00,23950.0,24000.0,23800.0,24000.0,2979,0.0,0.0
2024-06-17 13:06:00+09:00,23850.0,23850.0,23850.0,23850.0,150,0.0,0.0
2024-06-17 13:07:00+09:00,23850.0,23950.0,23850.0,23950.0,143,0.0,0.0
2024-06-17 13:08:00+09:00,23950.0,23950.0,23950.0,23950.0,10,0.0,0.0
2024-06-17 13:09:00+09:00,23950.0,23950.0,23950.0,23950.0,59,0.0,0.0
2024-06-17 13:10:00+09:00,23950.0,23950.0,23800.0,23950.0,1191,0.0,0.0
2024-06-17 13:11:00+09:00,23900.0,23900.0,23850.0,23900.0,239,0.0,0.0
2024-06-17 13:12:00+09:00,23900.0,23900.0,23850.0,23850.0,595,0.0,0.0
2024-06-17 13:13:00+09:00,23900.0,23900.0,23850.0,23850.0,272,0.0,0.0
2024-06-17 13:14:00+09:00,23850.0,23850.0,23750.0,23750.0,1355,0.0,0.0
2024-06-17 13:15:00+09:00,23800.0,23850.0,23800.0,23800.0,319,0.0,0.0
2024-06-17 13:16:00+09:00,23750.0,23900.0,23750.0,23800.0,730,0.0,0.0
2024-06-17 13:17:00+09:00,23800.0,23800.0,23750.0,23800.0,192,0.0,0.0
2024-06-17 13:18:00+09:00,23850.0,23850.0,23800.0,23800.0,575,0.0,0.0
2024-06-17 13:19:00+09:00,23850.0,23850.0,23800.0,23800.0,427,0.0,0.0
2024-06-17 13:20:00+09:00,23800.0,23800.0,23800.0,23800.0,248,0.0,0.0
2024-06-17 13:21:00+09:00,23800.0,23850.0,23750.0,23850.0,397,0.0,0.0
2024-06-17 13:22:00+09:00,23900.0,23900.0,23850.0,23900.0,145,0.0,0.0
2024-06-17 13:23:00+09:00,23850.0,23850.0,23850.0,23850.0,3,0.0,0.0
2024-06-17 13:24:00+09:00,23850.0,23850.0,23800.0,23800.0,67,0.0,0.0
2024-06-17 13:25:00+09:00,23850.0,23850.0,23850.0,23850.0,29,0.0,0.0
2024-06-17 13:26:00+09:00,23800.0,23850.0,23750.0,23850.0,461,0.0,0.0
2024-06-17 13:27:00+09:00,23850.0,23850.0,23850.0,23850.0,99,0.0,0.0
2024-06-17 13:28:00+09:00,23850.0,23850.0,23750.0,23750.0,487,0.0,0.0
2024-06-17 13:30:00+09:00,23750.0,23750.0,23750.0,23750.0,490,0.0,0.0
2024-06-17 13:31:00+09:00,23750.0,23750.0,23750.0,23750.0,139,0.0,0.0
2024-06-17 13:32:00+09:00,23750.0,23850.0,23750.0,23850.0,30,0.0,0.0
2024-06-17 13:34:00+09:00,23800.0,23800.0,23650.0,23650.0,2091,0.0,0.0
2024-06-17 13:35:00+09:00,23650.0,23700.0,23650.0,23650.0,625,0.0,0.0
2024-06-17 13:36:00+09:00,23650.0,23700.0,23650.0,23700.0,127,0.0,0.0
2024-06-17 13:37:00+09:00,23700.0,23700.0,23700.0,23700.0,182,0.0,0.0
2024-06-17 13:38:00+09:00,23700.0,23800.0,23700.0,23800.0,0,0.0,0.0
2024-06-17 13:39:00+09:00,23800.0,23800.0,23800.0,23800.0,118,0.0,0.0
2024-06-17 13:40:00+09:00,23800.0,23800.0,23750.0,23750.0,63,0.0,0.0
2024-06-17 13:41:00+09:00,23750.0,23750.0,23750.0,23750.0,6,0.0,0.0
2024-06-17 13:42:00+09:00,23750.0,23750.0,23750.0,23750.0,0,0.0,0.0
2024-06-17 13:43:00+09:00,23750.0,23750.0,23700.0,23700.0,62,0.0,0.0
2024-06-17 13:44:00+09:00,23700.0,23750.0,23650.0,23750.0,655,0.0,0.0
2024-06-17 13:45:00+09:00,23750.0,23800.0,23750.0,23800.0,0,0.0,0.0
2024-06-17 13:46:00+09:00,23800.0,23800.0,23800.0,23800.0,27,0.0,0.0
2024-06-17 13:47:00+09:00,23800.0,23850.0,23800.0,23850.0,938,0.0,0.0
2024-06-17 13:48:00+09:00,23850.0,23900.0,23850.0,23900.0,178,0.0,0.0
2024-06-17 13:49:00+09:00,23850.0,23900.0,23850.0,23850.0,184,0.0,0.0
2024-06-17 13:50:00+09:00,23850.0,23900.0,23850.0,23900.0,96,0.0,0.0
2024-06-17 13:51:00+09:00,23900.0,23900.0,23800.0,23800.0,243,0.0,0.0
2024-06-17 13:52:00+09:00,23850.0,23850.0,23850.0,23850.0,0,0.0,0.0
2024-06-17 13:53:00+09:00,23900.0,23900.0,23900.0,23900.0,8,0.0,0.0
2024-06-17 13:54:00+09:00,23850.0,23850.0,23850.0,23850.0,79,0.0,0.0
2024-06-17 13:55:00+09:00,23850.0,23850.0,23850.0,23850.0,708,0.0,0.0
2024-06-17 13:56:00+09:00,23850.0,23850.0,23850.0,23850.0,0,0.0,0.0
2024-06-17 13:57:00+09:00,23850.0,23900.0,23850.0,23900.0,4,0.0,0.0
2024-06-17 13:58:00+09:00,23900.0,23900.0,23900.0,23900.0,40,0.0,0.0
2024-06-17 13:59:00+09:00,23900.0,23900.0,23900.0,23900.0,35,0.0,0.0
2024-06-17 14:00:00+09:00,23900.0,23900.0,23850.0,23850.0,42,0.0,0.0
2024-06-17 14:01:00+09:00,23850.0,23850.0,23850.0,23850.0,304,0.0,0.0
2024-06-17 14:02:00+09:00,23850.0,23950.0,23850.0,23950.0,425,0.0,0.0
2024-06-17 14:03:00+09:00,23950.0,23950.0,23900.0,23900.0,0,0.0,0.0
2024-06-17 14:04:00+09:00,23900.0,23950.0,23900.0,23900.0,3,0.0,0.0
2024-06-17 14:05:00+09:00,23900.0,23900.0,23900.0,23900.0,76,0.0,0.0
2024-06-17 14:06:00+09:00,23950.0,23950.0,23900.0,23900.0,8,0.0,0.0
2024-06-17 14:07:00+09:00,23900.0,23900.0,23850.0,23900.0,16,0.0,0.0
2024-06-17 14:08:00+09:00,23900.0,23900.0,23900.0,23900.0,9,0.0,0.0
2024-06-17 14:09:00+09:00,23850.0,23900.0,23850.0,23900.0,8,0.0,0.0
2024-06-17 14:10:00+09:00,23850.0,23850.0,23850.0,23850.0,141,0.0,0.0
2024-06-17 14:11:00+09:00,23850.0,23900.0,23850.0,23900.0,238,0.0,0.0
2024-06-17 14:12:00+09:00,23900.0,23900.0,23900.0,23900.0,0,0.0,0.0
2024-06-17 14:13:00+09:00,23900.0,24000.0,23850.0,23850.0,1067,0.0,0.0
2024-06-17 14:14:00+09:00,23850.0,24000.0,23850.0,24000.0,0,0.0,0.0
2024-06-17 14:15:00+09:00,23900.0,24000.0,23900.0,24000.0,13,0.0,0.0
2024-06-17 14:16:00+09:00,24000.0,24100.0,24000.0,24100.0,412,0.0,0.0
2024-06-17 14:17:00+09:00,24100.0,24450.0,24100.0,24300.0,636,0.0,0.0
2024-06-17 14:18:00+09:00,24150.0,24150.0,24000.0,24150.0,731,0.0,0.0
2024-06-17 14:19:00+09:00,24150.0,24150.0,24000.0,24000.0,0,0.0,0.0
2024-06-17 14:20:00+09:00,24000.0,24050.0,24000.0,24050.0,136,0.0,0.0
2024-06-17 14:21:00+09:00,24050.0,24050.0,24050.0,24050.0,14,0.0,0.0
2024-06-17 14:22:00+09:00,24100.0,24100.0,24100.0,24100.0,77,0.0,0.0
2024-06-17 14:23:00+09:00,24100.0,24150.0,24100.0,24100.0,3,0.0,0.0
2024-06-17 14:24:00+09:00,24100.0,24100.0,24100.0,24100.0,9,0.0,0.0
2024-06-17 14:25:00+09:00,24100.0,24100.0,24000.0,24000.0,137,0.0,0.0
2024-06-17 14:26:00+09:00,24000.0,24000.0,24000.0,24000.0,25,0.0,0.0
2024-06-17 14:27:00+09:00,24000.0,24000.0,23900.0,23900.0,163,0.0,0.0
2024-06-17 14:28:00+09:00,24000.0,24000.0,23900.0,23950.0,277,0.0,0.0
2024-06-17 14:29:00+09:00,23900.0,23950.0,23850.0,23850.0,133,0.0,0.0
2024-06-17 14:30:00+09:00,23850.0,23850.0,23850.0,23850.0,435,0.0,0.0
2024-06-17 14:31:00+09:00,23900.0,23900.0,23850.0,23850.0,412,0.0,0.0
2024-06-17 14:32:00+09:00,23900.0,23900.0,23850.0,23850.0,0,0.0,0.0
2024-06-17 14:33:00+09:00,23900.0,23900.0,23850.0,23900.0,54,0.0,0.0
2024-06-17 14:36:00+09:00,23900.0,23900.0,23900.0,23900.0,298,0.0,0.0
2024-06-17 14:37:00+09:00,24000.0,24000.0,24000.0,24000.0,178,0.0,0.0
2024-06-17 14:38:00+09:00,24000.0,24000.0,24000.0,24000.0,0,0.0,0.0
2024-06-17 14:39:00+09:00,23950.0,23950.0,23900.0,23900.0,174,0.0,0.0
2024-06-17 14:40:00+09:00,23900.0,23900.0,23900.0,23900.0,103,0.0,0.0
2024-06-17 14:41:00+09:00,23900.0,23900.0,23900.0,23900.0,4,0.0,0.0
2024-06-17 14:42:00+09:00,23850.0,23850.0,23850.0,23850.0,199,0.0,0.0
2024-06-17 14:43:00+09:00,23900.0,23900.0,23850.0,23850.0,0,0.0,0.0
2024-06-17 14:44:00+09:00,23850.0,23850.0,23850.0,23850.0,271,0.0,0.0
2024-06-17 14:45:00+09:00,23850.0,23900.0,23850.0,23900.0,74,0.0,0.0
2024-06-17 14:46:00+09:00,23900.0,23900.0,23900.0,23900.0,12,0.0,0.0
2024-06-17 14:47:00+09:00,23900.0,23900.0,23900.0,23900.0,16,0.0,0.0
2024-06-17 14:48:00+09:00,23900.0,24000.0,23900.0,24000.0,50,0.0,0.0
2024-06-17 14:49:00+09:00,23950.0,23950.0,23900.0,23900.0,388,0.0,0.0
2024-06-17 14:50:00+09:00,23850.0,23850.0,23850.0,23850.0,737,0.0,0.0
2024-06-17 14:51:00+09:00,23850.0,23900.0,23850.0,23900.0,200,0.0,0.0
2024-06-17 14:52:00+09:00,23850.0,23950.0,23850.0,23950.0,64,0.0,0.0
2024-06-17 14:53:00+09:00,23900.0,23900.0,23900.0,23900.0,1,0.0,0.0
2024-06-17 14:54:00+09:00,23950.0,23950.0,23900.0,23950.0,177,0.0,0.0
2024-06-17 14:55:00+09:00,24000.0,24050.0,24000.0,24050.0,372,0.0,0.0
2024-06-17 14:56:00+09:00,24050.0,24050.0,23950.0,23950.0,159,0.0,0.0
2024-06-17 14:57:00+09:00,23950.0,23950.0,23850.0,23850.0,198,0.0,0.0
2024-06-17 14:58:00+09:00,23850.0,23900.0,23850.0,23850.0,132,0.0,0.0
2024-06-17 14:59:00+09:00,23850.0,23900.0,23850.0,23900.0,104,0.0,0.0
2024-06-18 09:00:00+09:00,24600.0,24750.0,24550.0,24550.0,5712,0.0,0.0
2024-06-18 09:01:00+09:00,24600.0,24650.0,24550.0,24550.0,3267,0.0,0.0
2024-06-18 09:02:00+09:00,24500.0,24500.0,24200.0,24200.0,2775,0.0,0.0
2024-06-18 09:03:00+09:00,24150.0,24200.0,24100.0,24200.0,1452,0.0,0.0
2024-06-18 09:04:00+09:00,24150.0,24200.0,24150.0,24150.0,1279,0.0,0.0
2024-06-18 09:05:00+09:00,24150.0,24150.0,24050.0,24050.0,1042,0.0,0.0
2024-06-18 09:06:00+09:00,24050.0,24050.0,23900.0,23900.0,1818,0.0,0.0
2024-06-18 09:07:00+09:00,23950.0,23950.0,23900.0,23950.0,1106,0.0,0.0
2024-06-18 09:08:00+09:00,23950.0,23950.0,23900.0,23950.0,488,0.0,0.0
2024-06-18 09:09:00+09:00,23950.0,23950.0,23850.0,23850.0,1275,0.0,0.0
2024-06-18 09:10:00+09:00,23850.0,23850.0,23800.0,23800.0,569,0.0,0.0
2024-06-18 09:11:00+09:00,23800.0,23850.0,23750.0,23850.0,833,0.0,0.0
2024-06-18 09:12:00+09:00,23850.0,23850.0,23800.0,23850.0,1010,0.0,0.0
2024-06-18 09:13:00+09:00,23850.0,23900.0,23850.0,23900.0,487,0.0,0.0
2024-06-18 09:14:00+09:00,23900.0,23950.0,23850.0,23950.0,496,0.0,0.0
2024-06-18 09:15:00+09:00,23950.0,23950.0,23900.0,23900.0,139,0.0,0.0
2024-06-18 09:16:00+09:00,24000.0,24050.0,24000.0,24050.0,51,0.0,0.0
2024-06-18 09:17:00+09:00,24100.0,24200.0,24100.0,24200.0,728,0.0,0.0
2024-06-18 09:18:00+09:00,24250.0,24300.0,24100.0,24300.0,261,0.0,0.0
2024-06-18 09:19:00+09:00,24300.0,24400.0,24300.0,24350.0,1224,0.0,0.0
2024-06-18 09:20:00+09:00,24400.0,24450.0,24350.0,24350.0,1374,0.0,0.0
2024-06-18 09:21:00+09:00,24350.0,24450.0,24300.0,24300.0,490,0.0,0.0
2024-06-18 09:22:00+09:00,24250.0,24300.0,24200.0,24200.0,55,0.0,0.0
2024-06-18 09:23:00+09:00,24200.0,24200.0,24000.0,24000.0,1559,0.0,0.0
2024-06-18 09:24:00+09:00,24000.0,24050.0,24000.0,24000.0,6,0.0,0.0
2024-06-18 09:25:00+09:00,24050.0,24050.0,24000.0,24000.0,214,0.0,0.0
2024-06-18 09:26:00+09:00,24050.0,24050.0,24000.0,24000.0,573,0.0,0.0
2024-06-18 09:27:00+09:00,24000.0,24000.0,23950.0,24000.0,429,0.0,0.0
2024-06-18 09:28:00+09:00,24000.0,24100.0,24000.0,24000.0,153,0.0,0.0
2024-06-18 09:29:00+09:00,24000.0,24150.0,24000.0,24150.0,61,0.0,0.0
2024-06-18 09:30:00+09:00,24150.0,24200.0,24150.0,24200.0,276,0.0,0.0
2024-06-18 09:31:00+09:00,24200.0,24200.0,24050.0,24150.0,368,0.0,0.0
2024-06-18 09:32:00+09:00,24150.0,24150.0,24050.0,24050.0,115,0.0,0.0
2024-06-18 09:33:00+09:00,24050.0,24050.0,24000.0,24000.0,177,0.0,0.0
2024-06-18 09:34:00+09:00,24050.0,24050.0,24000.0,24000.0,32,0.0,0.0
2024-06-18 09:35:00+09:00,24000.0,24000.0,24000.0,24000.0,0,0.0,0.0
2024-06-18 09:36:00+09:00,24050.0,24100.0,24050.0,24050.0,38,0.0,0.0
2024-06-18 09:37:00+09:00,24050.0,24050.0,24000.0,24000.0,714,0.0,0.0
2024-06-18 09:38:00+09:00,24000.0,24050.0,24000.0,24000.0,140,0.0,0.0
2024-06-18 09:39:00+09:00,24000.0,24050.0,24000.0,24050.0,208,0.0,0.0
2024-06-18 09:40:00+09:00,24050.0,24050.0,24000.0,24000.0,47,0.0,0.0
2024-06-18 09:41:00+09:00,24000.0,24000.0,24000.0,24000.0,219,0.0,0.0
2024-06-18 09:42:00+09:00,24050.0,24200.0,24000.0,24200.0,541,0.0,0.0
2024-06-18 09:43:00+09:00,24250.0,24300.0,24150.0,24200.0,137,0.0,0.0
2024-06-18 09:44:00+09:00,24200.0,24200.0,24050.0,24050.0,200,0.0,0.0
2024-06-18 09:45:00+09:00,24050.0,24050.0,24050.0,24050.0,102,0.0,0.0
2024-06-18 09:46:00+09:00,24050.0,24050.0,24000.0,24000.0,371,0.0,0.0
2024-06-18 09:47:00+09:00,24000.0,24050.0,24000.0,24000.0,361,0.0,0.0
2024-06-18 09:48:00+09:00,23950.0,23950.0,23900.0,23900.0,417,0.0,0.0
2024-06-18 09:49:00+09:00,23900.0,24000.0,23900.0,24000.0,42,0.0,0.0
2024-06-18 09:50:00+09:00,24000.0,24000.0,23950.0,23950.0,43,0.0,0.0
2024-06-18 09:51:00+09:00,23950.0,23950.0,23900.0,23900.0,300,0.0,0.0
2024-06-18 09:52:00+09:00,23900.0,23950.0,23900.0,23950.0,256,0.0,0.0
2024-06-18 09:53:00+09:00,23950.0,23950.0,23950.0,23950.0,82,0.0,0.0
2024-06-18 09:54:00+09:00,23900.0,23950.0,23900.0,23900.0,252,0.0,0.0
2024-06-18 09:56:00+09:00,23900.0,23900.0,23850.0,23850.0,2135,0.0,0.0
2024-06-18 09:58:00+09:00,23850.0,24150.0,23850.0,24150.0,1048,0.0,0.0
2024-06-18 09:59:00+09:00,24100.0,24100.0,24100.0,24100.0,28,0.0,0.0
2024-06-18 10:00:00+09:00,24100.0,24250.0,24100.0,24250.0,704,0.0,0.0
2024-06-18 10:01:00+09:00,24250.0,24350.0,24200.0,24250.0,1714,0.0,0.0
2024-06-18 10:02:00+09:00,24250.0,24250.0,24250.0,24250.0,7,0.0,0.0
2024-06-18 10:03:00+09:00,24250.0,24250.0,24250.0,24250.0,149,0.0,0.0
2024-06-18 10:04:00+09:00,24200.0,24250.0,24200.0,24250.0,423,0.0,0.0
2024-06-18 10:05:00+09:00,24250.0,24250.0,24150.0,24150.0,739,0.0,0.0
2024-06-18 10:06:00+09:00,24150.0,24200.0,24150.0,24200.0,0,0.0,0.0
2024-06-18 10:07:00+09:00,24100.0,24100.0,24100.0,24100.0,51,0.0,0.0
2024-06-18 10:08:00+09:00,24100.0,24100.0,24100.0,24100.0,491,0.0,0.0
2024-06-18 10:09:00+09:00,24050.0,24100.0,24050.0,24050.0,114,0.0,0.0
2024-06-18 10:10:00+09:00,24000.0,24050.0,24000.0,24050.0,25,0.0,0.0
2024-06-18 10:12:00+09:00,24050.0,24050.0,24050.0,24050.0,8,0.0,0.0
2024-06-18 10:13:00+09:00,24050.0,24050.0,24050.0,24050.0,88,0.0,0.0
2024-06-18 10:14:00+09:00,24100.0,24100.0,24050.0,24050.0,63,0.0,0.0
2024-06-18 10:15:00+09:00,24050.0,24050.0,24000.0,24000.0,945,0.0,0.0
2024-06-18 10:16:00+09:00,24000.0,24000.0,24000.0,24000.0,1,0.0,0.0
2024-06-18 10:17:00+09:00,24000.0,24000.0,23950.0,23950.0,734,0.0,0.0
2024-06-18 10:18:00+09:00,23950.0,23950.0,23950.0,23950.0,0,0.0,0.0
2024-06-18 10:19:00+09:00,23950.0,23950.0,23950.0,23950.0,0,0.0,0.0
2024-06-18 10:20:00+09:00,23950.0,23950.0,23950.0,23950.0,375,0.0,0.0
2024-06-18 10:21:00+09:00,23950.0,23950.0,23950.0,23950.0,0,0.0,0.0
2024-06-18 10:22:00+09:00,23950.0,23950.0,23950.0,23950.0,46126,0.0,0.0
2024-06-18 10:23:00+09:00,23950.0,23950.0,23950.0,23950.0,0,0.0,0.0
2024-06-18 10:24:00+09:00,23950.0,23950.0,23900.0,23900.0,106,0.0,0.0
2024-06-18 10:25:00+09:00,23950.0,23950.0,23950.0,23950.0,53,0.0,0.0
2024-06-18 10:26:00+09:00,23950.0,23950.0,23950.0,23950.0,525,0.0,0.0
2024-06-18 10:27:00+09:00,23950.0,23950.0,23850.0,23850.0,592,0.0,0.0
2024-06-18 10:28:00+09:00,23850.0,23850.0,23850.0,23850.0,311,0.0,0.0
2024-06-18 10:29:00+09:00,23850.0,23850.0,23850.0,23850.0,1082,0.0,0.0
2024-06-18 10:30:00+09:00,23950.0,24000.0,23850.0,24000.0,20,0.0,0.0
2024-06-18 10:32:00+09:00,23850.0,23850.0,23850.0,23850.0,499,0.0,0.0
2024-06-18 10:33:00+09:00,23850.0,23850.0,23800.0,23800.0,117,0.0,0.0
2024-06-18 10:34:00+09:00,23850.0,23850.0,23850.0,23850.0,43,0.0,0.0
2024-06-18 10:35:00+09:00,23850.0,23850.0,23850.0,23850.0,13,0.0,0.0
2024-06-18 10:36:00+09:00,23850.0,23850.0,23850.0,23850.0,272,0.0,0.0
2024-06-18 10:37:00+09:00,23850.0,23850.0,23850.0,23850.0,106,0.0,0.0
2024-06-18 10:38:00+09:00,23800.0,23850.0,23800.0,23850.0,408,0.0,0.0
2024-06-18 10:39:00+09:00,23850.0,23850.0,23850.0,23850.0,100,0.0,0.0
2024-06-18 10:40:00+09:00,23850.0,23850.0,23850.0,23850.0,82,0.0,0.0
2024-06-18 10:41:00+09:00,23850.0,23850.0,23850.0,23850.0,93,0.0,0.0
2024-06-18 10:42:00+09:00,23850.0,23850.0,23750.0,23750.0,2473,0.0,0.0
2024-06-18 10:43:00+09:00,23800.0,23800.0,23750.0,23750.0,664,0.0,0.0
2024-06-18 10:44:00+09:00,23750.0,23800.0,23600.0,23800.0,1495,0.0,0.0
2024-06-18 10:45:00+09:00,23750.0,23750.0,23600.0,23650.0,332,0.0,0.0
2024-06-18 10:46:00+09:00,23650.0,23650.0,23650.0,23650.0,330,0.0,0.0
2024-06-18 10:47:00+09:00,23750.0,23750.0,23750.0,23750.0,75,0.0,0.0
2024-06-18 10:48:00+09:00,23700.0,23700.0,23700.0,23700.0,0,0.0,0.0
2024-06-18 10:49:00+09:00,23700.0,23700.0,23700.0,23700.0,172,0.0,0.0
2024-06-18 10:50:00+09:00,23700.0,23700.0,23650.0,23700.0,697,0.0,0.0
2024-06-18 10:51:00+09:00,23700.0,23700.0,23700.0,23700.0,53,0.0,0.0
2024-06-18 10:52:00+09:00,23700.0,23750.0,23650.0,23750.0,127,0.0,0.0
2024-06-18 10:53:00+09:00,23750.0,23750.0,23750.0,23750.0,0,0.0,0.0
2024-06-18 10:54:00+09:00,23750.0,23750.0,23650.0,23650.0,435,0.0,0.0
2024-06-18 10:55:00+09:00,23650.0,23650.0,23550.0,23550.0,2042,0.0,0.0
2024-06-18 10:56:00+09:00,23550.0,23550.0,23500.0,23550.0,827,0.0,0.0
2024-06-18 10:57:00+09:00,23550.0,23550.0,23500.0,23550.0,57,0.0,0.0
2024-06-18 10:58:00+09:00,23550.0,23550.0,23450.0,23550.0,800,0.0,0.0
2024-06-18 10:59:00+09:00,23550.0,23550.0,23550.0,23550.0,91,0.0,0.0
2024-06-18 11:00:00+09:00,23550.0,23550.0,23550.0,23550.0,159,0.0,0.0
2024-06-18 11:01:00+09:00,23600.0,23600.0,23500.0,23550.0,256,0.0,0.0
2024-06-18 11:02:00+09:00,23550.0,23550.0,23500.0,23550.0,22,0.0,0.0
2024-06-18 11:03:00+09:00,23500.0,23550.0,23450.0,23450.0,270,0.0,0.0
2024-06-18 11:04:00+09:00,23500.0,23500.0,23500.0,23500.0,0,0.0,0.0
2024-06-18 11:05:00+09:00,23500.0,23500.0,23450.0,23450.0,78,0.0,0.0
2024-06-18 11:06:00+09:00,23450.0,23500.0,23450.0,23500.0,229,0.0,0.0
2024-06-18 11:07:00+09:00,23500.0,23500.0,23500.0,23500.0,199,0.0,0.0
2024-06-18 11:08:00+09:00,23500.0,23500.0,23500.0,23500.0,146,0.0,0.0
2024-06-18 11:09:00+09:00,23500.0,23500.0,23500.0,23500.0,70,0.0,0.0
2024-06-18 11:10:00+09:00,23500.0,23500.0,23500.0,23500.0,99,0.0,0.0
2024-06-18 11:11:00+09:00,23500.0,23500.0,23500.0,23500.0,42,0.0,0.0
2024-06-18 11:12:00+09:00,23550.0,23550.0,23500.0,23550.0,218,0.0,0.0
2024-06-18 11:13:00+09:00,23550.0,23600.0,23550.0,23600.0,190,0.0,0.0
2024-06-18 11:14:00+09:00,23600.0,23650.0,23600.0,23650.0,5,0.0,0.0
2024-06-18 11:15:00+09:00,23650.0,23650.0,23650.0,23650.0,20,0.0,0.0
2024-06-18 11:16:00+09:00,23700.0,23700.0,23700.0,23700.0,137,0.0,0.0
2024-06-18 11:17:00+09:00,23700.0,23750.0,23700.0,23750.0,54,0.0,0.0
2024-06-18 11:18:00+09:00,23750.0,23800.0,23700.0,23800.0,331,0.0,0.0
2024-06-18 11:19:00+09:00,23800.0,23800.0,23750.0,23750.0,108,0.0,0.0
2024-06-18 11:20:00+09:00,23750.0,23800.0,23750.0,23750.0,86,0.0,0.0
2024-06-18 11:21:00+09:00,23800.0,23800.0,23800.0,23800.0,104,0.0,0.0
2024-06-18 11:22:00+09:00,23800.0,24100.0,23800.0,24100.0,2110,0.0,0.0
2024-06-18 11:23:00+09:00,24100.0,24450.0,24100.0,24350.0,4838,0.0,0.0
2024-06-18 11:24:00+09:00,24350.0,24500.0,24350.0,24400.0,2726,0.0,0.0
2024-06-18 11:25:00+09:00,24400.0,24400.0,24050.0,24050.0,1231,0.0,0.0
2024-06-18 11:26:00+09:00,24100.0,24350.0,24100.0,24350.0,435,0.0,0.0
2024-06-18 11:27:00+09:00,24300.0,24700.0,24300.0,24600.0,4554,0.0,0.0
2024-06-18 11:28:00+09:00,24550.0,24550.0,24400.0,24500.0,1576,0.0,0.0
2024-06-18 11:29:00+09:00,24450.0,24700.0,24450.0,24700.0,2506,0.0,0.0
2024-06-18 11:30:00+09:00,24550.0,24600.0,24400.0,24450.0,2017,0.0,0.0
2024-06-18 11:31:00+09:00,24450.0,24450.0,24350.0,24400.0,995,0.0,0.0
2024-06-18 11:32:00+09:00,24400.0,24400.0,24200.0,24200.0,1040,0.0,0.0
2024-06-18 11:33:00+09:00,24200.0,24350.0,24200.0,24350.0,530,0.0,0.0
2024-06-18 11:34:00+09:00,24350.0,24350.0,24300.0,24300.0,376,0.0,0.0
2024-06-18 11:35:00+09:00,24350.0,24400.0,24250.0,24400.0,1153,0.0,0.0
2024-06-18 11:36:00+09:00,24350.0,24350.0,24250.0,24250.0,433,0.0,0.0
2024-06-18 11:37:00+09:00,24250.0,24250.0,24100.0,24100.0,623,0.0,0.0
2024-06-18 11:38:00+09:00,24050.0,24100.0,23950.0,23950.0,1011,0.0,0.0
2024-06-18 11:39:00+09:00,24150.0,24150.0,23950.0,24100.0,26,0.0,0.0
2024-06-18 11:40:00+09:00,24050.0,24150.0,24050.0,24050.0,28,0.0,0.0
2024-06-18 11:41:00+09:00,24050.0,24050.0,23800.0,23950.0,1918,0.0,0.0
2024-06-18 11:42:00+09:00,23950.0,24000.0,23850.0,24000.0,0,0.0,0.0
2024-06-18 11:43:00+09:00,23900.0,24000.0,23900.0,24000.0,130,0.0,0.0
2024-06-18 11:44:00+09:00,24000.0,24050.0,24000.0,24000.0,516,0.0,0.0
2024-06-18 11:45:00+09:00,24050.0,24050.0,24000.0,24000.0,0,0.0,0.0
2024-06-18 11:46:00+09:00,24000.0,24100.0,23950.0,24100.0,407,0.0,0.0
2024-06-18 11:47:00+09:00,24000.0,24100.0,23950.0,24100.0,68,0.0,0.0
2024-06-18 11:48:00+09:00,24100.0,24100.0,24100.0,24100.0,0,0.0,0.0
2024-06-18 11:49:00+09:00,24100.0,24100.0,24100.0,24100.0,134,0.0,0.0
2024-06-18 11:50:00+09:00,24100.0,24200.0,24100.0,24200.0,466,0.0,0.0
2024-06-18 11:51:00+09:00,24200.0,24350.0,24150.0,24300.0,860,0.0,0.0
2024-06-18 11:52:00+09:00,24300.0,24300.0,24300.0,24300.0,259,0.0,0.0
2024-06-18 11:53:00+09:00,24250.0,24300.0,24200.0,24200.0,215,0.0,0.0
2024-06-18 11:54:00+09:00,24300.0,24300.0,24200.0,24300.0,74,0.0,0.0
2024-06-18 11:55:00+09:00,24300.0,24350.0,24300.0,24350.0,946,0.0,0.0
2024-06-18 11:56:00+09:00,24350.0,24350.0,24300.0,24350.0,0,0.0,0.0
2024-06-18 11:57:00+09:00,24350.0,24400.0,24350.0,24400.0,217,0.0,0.0
2024-06-18 11:58:00+09:00,24400.0,24400.0,24400.0,24400.0,8,0.0,0.0
2024-06-18 11:59:00+09:00,24400.0,24400.0,24350.0,24400.0,278,0.0,0.0
2024-06-18 12:00:00+09:00,24400.0,24400.0,24400.0,24400.0,533,0.0,0.0
2024-06-18 12:01:00+09:00,24400.0,24400.0,24300.0,24300.0,150,0.0,0.0
2024-06-18 12:02:00+09:00,24350.0,24450.0,24350.0,24400.0,121,0.0,0.0
2024-06-18 12:03:00+09:00,24400.0,24500.0,24400.0,24500.0,624,0.0,0.0
2024-06-18 12:04:00+09:00,24500.0,24600.0,24500.0,24600.0,867,0.0,0.0
2024-06-18 12:05:00+09:00,24550.0,24600.0,24550.0,24600.0,884,0.0,0.0
2024-06-18 12:06:00+09:00,24550.0,24550.0,24450.0,24500.0,1228,0.0,0.0
2024-06-18 12:07:00+09:00,24550.0,24600.0,24550.0,24600.0,152,0.0,0.0
2024-06-18 12:08:00+09:00,24600.0,24600.0,24500.0,24500.0,689,0.0,0.0
2024-06-18 12:09:00+09:00,24500.0,24550.0,24500.0,24550.0,26,0.0,0.0
2024-06-18 12:10:00+09:00,24550.0,24600.0,24500.0,24600.0,114,0.0,0.0
2024-06-18 12:11:00+09:00,24600.0,24600.0,24500.0,24550.0,385,0.0,0.0
2024-06-18 12:12:00+09:00,24500.0,24550.0,24500.0,24550.0,148,0.0,0.0
2024-06-18 12:13:00+09:00,24550.0,24550.0,24450.0,24450.0,244,0.0,0.0
2024-06-18 12:14:00+09:00,24500.0,24550.0,24500.0,24500.0,398,0.0,0.0
2024-06-18 12:15:00+09:00,24500.0,24500.0,24400.0,24450.0,209,0.0,0.0
2024-06-18 12:16:00+09:00,24450.0,24450.0,24400.0,24400.0,124,0.0,0.0
2024-06-18 12:17:00+09:00,24400.0,24400.0,24350.0,24400.0,122,0.0,0.0
2024-06-18 12:18:00+09:00,24350.0,24350.0,24350.0,24350.0,26,0.0,0.0
2024-06-18 12:20:00+09:00,24450.0,24500.0,24450.0,24500.0,328,0.0,0.0
2024-06-18 12:21:00+09:00,24500.0,24550.0,24500.0,24550.0,627,0.0,0.0
2024-06-18 12:22:00+09:00,24550.0,24550.0,24500.0,24500.0,567,0.0,0.0
2024-06-18 12:23:00+09:00,24550.0,24850.0,24550.0,24850.0,8536,0.0,0.0
2024-06-18 12:24:00+09:00,24850.0,24850.0,24750.0,24850.0,1153,0.0,0.0
2024-06-18 12:25:00+09:00,24800.0,24800.0,24750.0,24800.0,995,0.0,0.0
2024-06-18 12:26:00+09:00,24800.0,24850.0,24750.0,24800.0,701,0.0,0.0
2024-06-18 12:27:00+09:00,24800.0,24850.0,24700.0,24800.0,969,0.0,0.0
2024-06-18 12:28:00+09:00,24750.0,24750.0,24600.0,24700.0,385,0.0,0.0
2024-06-18 12:29:00+09:00,24600.0,24600.0,24550.0,24550.0,567,0.0,0.0
2024-06-18 12:30:00+09:00,24550.0,24550.0,24500.0,24550.0,18,0.0,0.0
2024-06-18 12:31:00+09:00,24500.0,24550.0,24400.0,24400.0,304,0.0,0.0
2024-06-18 12:32:00+09:00,24450.0,24550.0,24400.0,24550.0,117,0.0,0.0
2024-06-18 12:33:00+09:00,24500.0,24500.0,24500.0,24500.0,1,0.0,0.0
2024-06-18 12:34:00+09:00,24500.0,24500.0,24500.0,24500.0,6,0.0,0.0
2024-06-18 12:35:00+09:00,24500.0,24500.0,24450.0,24450.0,97,0.0,0.0
2024-06-18 12:36:00+09:00,24500.0,24500.0,24500.0,24500.0,25,0.0,0.0
2024-06-18 12:37:00+09:00,24500.0,24500.0,24450.0,24450.0,225,0.0,0.0
2024-06-18 12:38:00+09:00,24450.0,24500.0,24450.0,24500.0,125,0.0,0.0
2024-06-18 12:39:00+09:00,24500.0,24500.0,24500.0,24500.0,154,0.0,0.0
2024-06-18 12:40:00+09:00,24550.0,24550.0,24450.0,24550.0,371,0.0,0.0
2024-06-18 12:41:00+09:00,24550.0,24550.0,24450.0,24500.0,44,0.0,0.0
2024-06-18 12:42:00+09:00,24500.0,24550.0,24350.0,24550.0,864,0.0,0.0
2024-06-18 12:44:00+09:00,24500.0,24500.0,24350.0,24350.0,79,0.0,0.0
2024-06-18 12:45:00+09:00,24350.0,24350.0,24350.0,24350.0,140,0.0,0.0
2024-06-18 12:46:00+09:00,24350.0,24400.0,24300.0,24400.0,507,0.0,0.0
2024-06-18 12:47:00+09:00,24350.0,24450.0,24350.0,24450.0,28,0.0,0.0
2024-06-18 12:48:00+09:00,24350.0,24350.0,24300.0,24300.0,172,0.0,0.0
2024-06-18 12:49:00+09:00,24350.0,24350.0,24300.0,24300.0,287,0.0,0.0
2024-06-18 12:50:00+09:00,24350.0,24350.0,24350.0,24350.0,6,0.0,0.0
2024-06-18 12:51:00+09:00,24400.0,24400.0,24400.0,24400.0,27,0.0,0.0
2024-06-18 12:52:00+09:00,24350.0,24400.0,24350.0,24350.0,94,0.0,0.0
2024-06-18 12:53:00+09:00,24350.0,24400.0,24350.0,24400.0,233,0.0,0.0
2024-06-18 12:54:00+09:00,24400.0,24400.0,24400.0,24400.0,0,0.0,0.0
2024-06-18 12:55:00+09:00,24350.0,24350.0,24350.0,24350.0,528,0.0,0.0
2024-06-18 12:56:00+09:00,24300.0,24300.0,24200.0,24200.0,1201,0.0,0.0
2024-06-18 12:57:00+09:00,24350.0,24400.0,24350.0,24400.0,0,0.0,0.0
2024-06-18 12:58:00+09:00,24400.0,24450.0,24350.0,24450.0,144,0.0,0.0
2024-06-18 12:59:00+09:00,24450.0,24450.0,24400.0,24400.0,0,0.0,0.0
2024-06-18 13:00:00+09:00,24400.0,24400.0,24400.0,24400.0,17,0.0,0.0
2024-06-18 13:01:00+09:00,24350.0,24400.0,24250.0,24400.0,2983,0.0,0.0
2024-06-18 13:02:00+09:00,24400.0,24400.0,24250.0,24400.0,141,0.0,0.0
2024-06-18 13:03:00+09:00,24400.0,24400.0,24350.0,24350.0,124,0.0,0.0
2024-06-18 13:04:00+09:00,24350.0,24350.0,24350.0,24350.0,16,0.0,0.0
2024-06-18 13:05:00+09:00,24400.0,24450.0,24350.0,24450.0,67,0.0,0.0
2024-06-18 13:06:00+09:00,24450.0,24450.0,24450.0,24450.0,54,0.0,0.0
2024-06-18 13:07:00+09:00,24450.0,24450.0,24450.0,24450.0,69,0.0,0.0
2024-06-18 13:08:00+09:00,24450.0,24450.0,24350.0,24450.0,73,0.0,0.0
2024-06-18 13:09:00+09:00,24450.0,24450.0,24350.0,24400.0,331,0.0,0.0
2024-06-18 13:11:00+09:00,24300.0,24300.0,24300.0,24300.0,45,0.0,0.0
2024-06-18 13:12:00+09:00,24400.0,24400.0,24300.0,24300.0,177,0.0,0.0
2024-06-18 13:13:00+09:00,24350.0,24350.0,24300.0,24300.0,0,0.0,0.0
2024-06-18 13:14:00+09:00,24300.0,24400.0,24250.0,24400.0,23,0.0,0.0
2024-06-18 13:16:00+09:00,24300.0,24300.0,24250.0,24250.0,153,0.0,0.0
2024-06-18 13:17:00+09:00,24250.0,24350.0,24250.0,24350.0,10,0.0,0.0
2024-06-18 13:18:00+09:00,24350.0,24350.0,24300.0,24300.0,174,0.0,0.0
2024-06-18 13:19:00+09:00,24300.0,24300.0,24250.0,24250.0,0,0.0,0.0
2024-06-18 13:20:00+09:00,24300.0,24300.0,24250.0,24300.0,34,0.0,0.0
2024-06-18 13:21:00+09:00,24300.0,24300.0,24300.0,24300.0,340,0.0,0.0
2024-06-18 13:22:00+09:00,24300.0,24300.0,24300.0,24300.0,88,0.0,0.0
2024-06-18 13:23:00+09:00,24350.0,24350.0,24350.0,24350.0,47,0.0,0.0
2024-06-18 13:24:00+09:00,24350.0,24350.0,24350.0,24350.0,90,0.0,0.0
2024-06-18 13:25:00+09:00,24350.0,24400.0,24350.0,24400.0,4,0.0,0.0
2024-06-18 13:26:00+09:00,24400.0,24400.0,24350.0,24350.0,28,0.0,0.0
2024-06-18 13:27:00+09:00,24400.0,24400.0,24350.0,24350.0,21,0.0,0.0
2024-06-18 13:28:00+09:00,24350.0,24350.0,24350.0,24350.0,101,0.0,0.0
2024-06-18 13:29:00+09:00,24400.0,24400.0,24350.0,24400.0,0,0.0,0.0
2024-06-18 13:30:00+09:00,24350.0,24400.0,24350.0,24350.0,349,0.0,0.0
2024-06-18 13:31:00+09:00,24400.0,24550.0,24400.0,24550.0,4425,0.0,0.0
2024-06-18 13:32:00+09:00,24450.0,24450.0,24450.0,24450.0,182,0.0,0.0
2024-06-18 13:33:00+09:00,24450.0,24450.0,24450.0,24450.0,3,0.0,0.0
2024-06-18 13:34:00+09:00,24400.0,24400.0,24400.0,24400.0,183,0.0,0.0
2024-06-18 13:35:00+09:00,24400.0,24500.0,24350.0,24500.0,523,0.0,0.0
2024-06-18 13:36:00+09:00,24550.0,24550.0,24500.0,24550.0,459,0.0,0.0
2024-06-18 13:37:00+09:00,24550.0,24550.0,24550.0,24550.0,88,0.0,0.0
2024-06-18 13:39:00+09:00,24500.0,24550.0,24450.0,24450.0,77,0.0,0.0
2024-06-18 13:40:00+09:00,24450.0,24550.0,24450.0,24500.0,131,0.0,0.0
2024-06-18 13:41:00+09:00,24450.0,24500.0,24450.0,24500.0,55,0.0,0.0
2024-06-18 13:42:00+09:00,24450.0,24500.0,24400.0,24400.0,255,0.0,0.0
2024-06-18 13:43:00+09:00,24400.0,24500.0,24400.0,24500.0,0,0.0,0.0
2024-06-18 13:44:00+09:00,24500.0,24550.0,24500.0,24550.0,442,0.0,0.0
2024-06-18 13:45:00+09:00,24500.0,24500.0,24500.0,24500.0,0,0.0,0.0
2024-06-18 13:46:00+09:00,24500.0,24550.0,24500.0,24550.0,166,0.0,0.0
2024-06-18 13:47:00+09:00,24550.0,24550.0,24550.0,24550.0,639,0.0,0.0
2024-06-18 13:48:00+09:00,24550.0,24600.0,24550.0,24600.0,352,0.0,0.0
2024-06-18 13:49:00+09:00,24550.0,24600.0,24500.0,24600.0,84,0.0,0.0
2024-06-18 13:50:00+09:00,24600.0,24600.0,24450.0,24450.0,338,0.0,0.0
2024-06-18 13:51:00+09:00,24450.0,24450.0,24400.0,24450.0,777,0.0,0.0
2024-06-18 13:52:00+09:00,24450.0,24450.0,24350.0,24350.0,1521,0.0,0.0
2024-06-18 13:53:00+09:00,24450.0,24450.0,24400.0,24400.0,22,0.0,0.0
2024-06-18 13:54:00+09:00,24400.0,24400.0,24300.0,24300.0,398,0.0,0.0
2024-06-18 13:55:00+09:00,24400.0,24400.0,24400.0,24400.0,5,0.0,0.0
2024-06-18 13:56:00+09:00,24350.0,24350.0,24350.0,24350.0,0,0.0,0.0
2024-06-18 13:57:00+09:00,24400.0,24500.0,24350.0,24500.0,142445,0.0,0.0
2024-06-18 13:58:00+09:00,24450.0,24500.0,24400.0,24500.0,161,0.0,0.0
2024-06-18 13:59:00+09:00,24500.0,24500.0,24250.0,24250.0,844,0.0,0.0
2024-06-18 14:00:00+09:00,24450.0,24450.0,24250.0,24250.0,155,0.0,0.0
2024-06-18 14:01:00+09:00,24250.0,24400.0,24250.0,24300.0,306,0.0,0.0
2024-06-18 14:02:00+09:00,24250.0,24400.0,24250.0,24400.0,113,0.0,0.0
2024-06-18 14:03:00+09:00,24400.0,24400.0,24350.0,24350.0,13,0.0,0.0
2024-06-18 14:04:00+09:00,24400.0,24400.0,24400.0,24400.0,30,0.0,0.0
2024-06-18 14:05:00+09:00,24400.0,24450.0,24300.0,24300.0,434,0.0,0.0
2024-06-18 14:06:00+09:00,24400.0,24400.0,24250.0,24250.0,316,0.0,0.0
2024-06-18 14:07:00+09:00,24250.0,24400.0,24250.0,24400.0,353,0.0,0.0
2024-06-18 14:08:00+09:00,24400.0,24400.0,24250.0,24300.0,77,0.0,0.0
2024-06-18 14:09:00+09:00,24300.0,24400.0,24200.0,24200.0,603,0.0,0.0
2024-06-18 14:10:00+09:00,24200.0,24400.0,24150.0,24300.0,1457,0.0,0.0
2024-06-18 14:11:00+09:00,24300.0,24300.0,24300.0,24300.0,0,0.0,0.0
2024-06-18 14:12:00+09:00,24300.0,24400.0,24300.0,24400.0,0,0.0,0.0
2024-06-18 14:13:00+09:00,24300.0,24400.0,24300.0,24300.0,109,0.0,0.0
2024-06-18 14:14:00+09:00,24350.0,24350.0,24350.0,24350.0,88,0.0,0.0
2024-06-18 14:15:00+09:00,24350.0,24350.0,24300.0,24350.0,21,0.0,0.0
2024-06-18 14:16:00+09:00,24300.0,24300.0,24300.0,24300.0,436,0.0,0.0
2024-06-18 14:17:00+09:00,24300.0,24300.0,24250.0,24300.0,370,0.0,0.0
2024-06-18 14:18:00+09:00,24300.0,24300.0,24300.0,24300.0,86,0.0,0.0
2024-06-18 14:19:00+09:00,24300.0,24350.0,24300.0,24350.0,1374,0.0,0.0
2024-06-18 14:20:00+09:00,24350.0,24400.0,24350.0,24350.0,195,0.0,0.0
2024-06-18 14:21:00+09:00,24300.0,24350.0,24250.0,24350.0,310,0.0,0.0
2024-06-18 14:22:00+09:00,24350.0,24350.0,24250.0,24350.0,81,0.0,0.0
2024-06-18 14:23:00+09:00,24350.0,24400.0,24350.0,24400.0,299,0.0,0.0
2024-06-18 14:24:00+09:00,24450.0,24450.0,24400.0,24400.0,253,0.0,0.0
2024-06-18 14:25:00+09:00,24450.0,24600.0,24400.0,24600.0,957,0.0,0.0
2024-06-18 14:26:00+09:00,24600.0,24600.0,24550.0,24600.0,33,0.0,0.0
2024-06-18 14:27:00+09:00,24550.0,24550.0,24500.0,24500.0,112,0.0,0.0
2024-06-18 14:28:00+09:00,24500.0,24600.0,24500.0,24600.0,716,0.0,0.0
2024-06-18 14:29:00+09:00,24650.0,24700.0,24650.0,24700.0,979,0.0,0.0
2024-06-18 14:30:00+09:00,24700.0,24700.0,24650.0,24650.0,276,0.0,0.0
2024-06-18 14:31:00+09:00,24650.0,24700.0,24650.0,24650.0,630,0.0,0.0
2024-06-18 14:32:00+09:00,24650.0,24650.0,24600.0,24600.0,181,0.0,0.0
2024-06-18 14:33:00+09:00,24650.0,24650.0,24500.0,24500.0,982,0.0,0.0
2024-06-18 14:34:00+09:00,24500.0,24600.0,24500.0,24600.0,173,0.0,0.0
2024-06-18 14:35:00+09:00,24500.0,24500.0,24500.0,24500.0,397,0.0,0.0
2024-06-18 14:36:00+09:00,24550.0,24650.0,24550.0,24650.0,73,0.0,0.0
2024-06-18 14:37:00+09:00,24650.0,24650.0,24600.0,24600.0,13,0.0,0.0
2024-06-18 14:38:00+09:00,24650.0,24650.0,24600.0,24600.0,29,0.0,0.0
2024-06-18 14:39:00+09:00,24600.0,24700.0,24600.0,24650.0,416,0.0,0.0
2024-06-18 14:40:00+09:00,24650.0,24650.0,24650.0,24650.0,88,0.0,0.0
2024-06-18 14:41:00+09:00,24600.0,24600.0,24600.0,24600.0,142,0.0,0.0
2024-06-18 14:42:00+09:00,24600.0,24600.0,24600.0,24600.0,47,0.0,0.0
2024-06-18 14:43:00+09:00,24550.0,24550.0,24400.0,24400.0,893,0.0,0.0
2024-06-18 14:44:00+09:00,24400.0,24450.0,24400.0,24450.0,445,0.0,0.0
2024-06-18 14:45:00+09:00,24400.0,24400.0,24350.0,24350.0,223,0.0,0.0
2024-06-18 14:46:00+09:00,24400.0,24400.0,24350.0,24350.0,303,0.0,0.0
2024-06-18 14:47:00+09:00,24350.0,24400.0,24350.0,24400.0,0,0.0,0.0
2024-06-18 14:48:00+09:00,24400.0,24400.0,24350.0,24400.0,88,0.0,0.0
2024-06-18 14:49:00+09:00,24300.0,24300.0,24300.0,24300.0,745,0.0,0.0
2024-06-18 14:50:00+09:00,24350.0,24400.0,24300.0,24300.0,472,0.0,0.0
2024-06-18 14:51:00+09:00,24300.0,24300.0,24250.0,24250.0,603,0.0,0.0
2024-06-18 14:52:00+09:00,24300.0,24300.0,24250.0,24250.0,101,0.0,0.0
2024-06-18 14:53:00+09:00,24250.0,24300.0,24250.0,24300.0,42,0.0,0.0
2024-06-18 14:54:00+09:00,24350.0,24400.0,24350.0,24400.0,78,0.0,0.0
2024-06-18 14:55:00+09:00,24400.0,24400.0,24400.0,24400.0,86,0.0,0.0
2024-06-18 14:56:00+09:00,24300.0,24300.0,24300.0,24300.0,159,0.0,0.0
2024-06-18 14:57:00+09:00,24300.0,24350.0,24300.0,24300.0,361,0.0,0.0
2024-06-18 14:58:00+09:00,24350.0,24350.0,24250.0,24250.0,283,0.0,0.0
2024-06-18 14:59:00+09:00,24300.0,24300.0,24250.0,24250.0,41,0.0,0.0
2024-06-19 09:00:00+09:00,24450.0,24500.0,23750.0,23900.0,3482,0.0,0.0
2024-06-19 09:01:00+09:00,23900.0,24200.0,23900.0,24050.0,4308,0.0,0.0
2024-06-19 09:02:00+09:00,24050.0,24300.0,24050.0,24100.0,1035,0.0,0.0
2024-06-19 09:03:00+09:00,24150.0,24150.0,23500.0,23500.0,5343,0.0,0.0
2024-06-19 09:04:00+09:00,23500.0,23950.0,23500.0,23700.0,983,0.0,0.0
2024-06-19 09:05:00+09:00,23750.0,23800.0,23650.0,23750.0,1559,0.0,0.0
2024-06-19 09:06:00+09:00,23750.0,23750.0,23700.0,23700.0,704,0.0,0.0
2024-06-19 09:07:00+09:00,23700.0,23750.0,23700.0,23700.0,892,0.0,0.0
2024-06-19 09:08:00+09:00,23750.0,23800.0,23700.0,23800.0,1099,0.0,0.0
2024-06-19 09:09:00+09:00,23850.0,23900.0,23600.0,23600.0,3261,0.0,0.0
2024-06-19 09:10:00+09:00,23600.0,23700.0,23600.0,23700.0,669,0.0,0.0
2024-06-19 09:11:00+09:00,23700.0,23700.0,23500.0,23500.0,1141,0.0,0.0
2024-06-19 09:12:00+09:00,23550.0,23700.0,23550.0,23600.0,664,0.0,0.0
2024-06-19 09:13:00+09:00,23750.0,23750.0,23600.0,23650.0,140,0.0,0.0
2024-06-19 09:14:00+09:00,23650.0,23650.0,23200.0,23200.0,9206,0.0,0.0
2024-06-19 09:15:00+09:00,23250.0,23450.0,23100.0,23350.0,2193,0.0,0.0
2024-06-19 09:16:00+09:00,23350.0,23550.0,23350.0,23550.0,1020,0.0,0.0
2024-06-19 09:17:00+09:00,23550.0,23600.0,23450.0,23500.0,1019,0.0,0.0
2024-06-19 09:18:00+09:00,23500.0,23500.0,23400.0,23400.0,692,0.0,0.0
2024-06-19 09:19:00+09:00,23450.0,23600.0,23450.0,23600.0,787,0.0,0.0
2024-06-19 09:20:00+09:00,23600.0,23700.0,23600.0,23700.0,867,0.0,0.0
2024-06-19 09:21:00+09:00,23750.0,23750.0,23700.0,23750.0,304,0.0,0.0
2024-06-19 09:22:00+09:00,23750.0,23750.0,23650.0,23650.0,1035,0.0,0.0
2024-06-19 09:23:00+09:00,23650.0,23700.0,23650.0,23700.0,219,0.0,0.0
2024-06-19 09:24:00+09:00,23700.0,23700.0,23650.0,23700.0,184,0.0,0.0
2024-06-19 09:25:00+09:00,23700.0,23800.0,23650.0,23800.0,564,0.0,0.0
2024-06-19 09:26:00+09:00,23800.0,23800.0,23750.0,23800.0,1299,0.0,0.0
2024-06-19 09:27:00+09:00,23800.0,23800.0,23750.0,23800.0,743,0.0,0.0
2024-06-19 09:28:00+09:00,23800.0,23950.0,23800.0,23950.0,187,0.0,0.0
2024-06-19 09:29:00+09:00,23900.0,24000.0,23900.0,23950.0,1353,0.0,0.0
2024-06-19 09:30:00+09:00,23950.0,24000.0,23900.0,24000.0,1013,0.0,0.0
2024-06-19 09:31:00+09:00,24050.0,24150.0,24050.0,24050.0,934,0.0,0.0
2024-06-19 09:32:00+09:00,24150.0,24200.0,24050.0,24100.0,843,0.0,0.0
2024-06-19 09:33:00+09:00,24100.0,24100.0,24000.0,24000.0,527,0.0,0.0
2024-06-19 09:34:00+09:00,24000.0,24050.0,24000.0,24000.0,776,0.0,0.0
2024-06-19 09:35:00+09:00,24000.0,24050.0,23900.0,24050.0,1074,0.0,0.0
2024-06-19 09:36:00+09:00,24000.0,24050.0,24000.0,24000.0,67,0.0,0.0
2024-06-19 09:37:00+09:00,24000.0,24000.0,24000.0,24000.0,241,0.0,0.0
2024-06-19 09:38:00+09:00,24000.0,24200.0,24000.0,24100.0,1436,0.0,0.0
2024-06-19 09:39:00+09:00,24100.0,24100.0,24000.0,24000.0,85,0.0,0.0
2024-06-19 09:40:00+09:00,24100.0,24200.0,24000.0,24200.0,919,0.0,0.0
2024-06-19 09:41:00+09:00,24250.0,24350.0,24200.0,24350.0,1729,0.0,0.0
2024-06-19 09:42:00+09:00,24400.0,24450.0,24400.0,24400.0,2286,0.0,0.0
2024-06-19 09:44:00+09:00,24350.0,24350.0,24200.0,24300.0,2198,0.0,0.0
2024-06-19 09:45:00+09:00,24300.0,24300.0,24300.0,24300.0,521,0.0,0.0
2024-06-19 09:46:00+09:00,24300.0,24300.0,24150.0,24150.0,645,0.0,0.0
2024-06-19 09:47:00+09:00,24150.0,24150.0,24100.0,24150.0,1051,0.0,0.0
2024-06-19 09:48:00+09:00,24150.0,24150.0,24100.0,24100.0,247,0.0,0.0
2024-06-19 09:49:00+09:00,24100.0,24100.0,24100.0,24100.0,206,0.0,0.0
2024-06-19 09:50:00+09:00,24050.0,24050.0,24000.0,24050.0,1407,0.0,0.0
2024-06-19 09:51:00+09:00,24000.0,24000.0,23900.0,23900.0,395,0.0,0.0
2024-06-19 09:52:00+09:00,23900.0,24050.0,23900.0,24000.0,115,0.0,0.0
2024-06-19 09:53:00+09:00,24000.0,24000.0,23900.0,24000.0,95,0.0,0.0
2024-06-19 09:54:00+09:00,23950.0,24000.0,23900.0,24000.0,670,0.0,0.0
2024-06-19 09:55:00+09:00,24000.0,24000.0,23950.0,23950.0,238,0.0,0.0
2024-06-19 09:56:00+09:00,23950.0,24000.0,23950.0,24000.0,238,0.0,0.0
2024-06-19 09:58:00+09:00,24000.0,24000.0,24000.0,24000.0,461,0.0,0.0
2024-06-19 09:59:00+09:00,24100.0,24100.0,24050.0,24050.0,19,0.0,0.0
2024-06-19 10:00:00+09:00,24050.0,24100.0,24050.0,24100.0,1087,0.0,0.0
2024-06-19 10:01:00+09:00,24100.0,24150.0,24100.0,24150.0,173,0.0,0.0
2024-06-19 10:02:00+09:00,24150.0,24150.0,24100.0,24150.0,238,0.0,0.0
2024-06-19 10:03:00+09:00,24100.0,24100.0,24100.0,24100.0,104,0.0,0.0
2024-06-19 10:04:00+09:00,24150.0,24150.0,24100.0,24100.0,113,0.0,0.0
2024-06-19 10:05:00+09:00,24100.0,24100.0,24050.0,24050.0,142,0.0,0.0
2024-06-19 10:06:00+09:00,24100.0,24100.0,24050.0,24050.0,181,0.0,0.0
2024-06-19 10:07:00+09:00,24050.0,24050.0,24050.0,24050.0,10,0.0,0.0
2024-06-19 10:08:00+09:00,24050.0,24050.0,24050.0,24050.0,595,0.0,0.0
2024-06-19 10:09:00+09:00,23950.0,23950.0,23950.0,23950.0,1671,0.0,0.0
2024-06-19 10:10:00+09:00,23950.0,24000.0,23950.0,24000.0,55,0.0,0.0
2024-06-19 10:11:00+09:00,24000.0,24000.0,24000.0,24000.0,134,0.0,0.0
2024-06-19 10:12:00+09:00,24000.0,24100.0,24000.0,24100.0,205,0.0,0.0
2024-06-19 10:14:00+09:00,24000.0,24000.0,24000.0,24000.0,117,0.0,0.0
2024-06-19 10:15:00+09:00,24000.0,24000.0,24000.0,24000.0,78,0.0,0.0
2024-06-19 10:16:00+09:00,23950.0,23950.0,23950.0,23950.0,101,0.0,0.0
2024-06-19 10:17:00+09:00,23950.0,23950.0,23950.0,23950.0,0,0.0,0.0
2024-06-19 10:18:00+09:00,24000.0,24100.0,24000.0,24100.0,407,0.0,0.0
2024-06-19 10:19:00+09:00,24150.0,24200.0,24150.0,24200.0,353,0.0,0.0
2024-06-19 10:20:00+09:00,24200.0,24200.0,24150.0,24200.0,110,0.0,0.0
2024-06-19 10:21:00+09:00,24200.0,24200.0,24200.0,24200.0,327,0.0,0.0
2024-06-19 10:22:00+09:00,24100.0,24100.0,24100.0,24100.0,241,0.0,0.0
2024-06-19 10:23:00+09:00,24100.0,24100.0,24000.0,24000.0,0,0.0,0.0
2024-06-19 10:24:00+09:00,24000.0,24000.0,24000.0,24000.0,16,0.0,0.0
2024-06-19 10:25:00+09:00,24050.0,24050.0,24000.0,24000.0,220,0.0,0.0
2024-06-19 10:26:00+09:00,24000.0,24000.0,23900.0,23900.0,3133,0.0,0.0
2024-06-19 10:27:00+09:00,23900.0,23900.0,23900.0,23900.0,68,0.0,0.0
2024-06-19 10:28:00+09:00,23900.0,23900.0,23900.0,23900.0,281,0.0,0.0
2024-06-19 10:29:00+09:00,23900.0,24000.0,23900.0,24000.0,976,0.0,0.0
2024-06-19 10:31:00+09:00,23900.0,24000.0,23900.0,24000.0,0,0.0,0.0
2024-06-19 10:34:00+09:00,23950.0,23950.0,23950.0,23950.0,4,0.0,0.0
2024-06-19 10:35:00+09:00,23900.0,23950.0,23900.0,23950.0,100,0.0,0.0
2024-06-19 10:36:00+09:00,23900.0,23900.0,23850.0,23850.0,896,0.0,0.0
2024-06-19 10:37:00+09:00,23850.0,23850.0,23800.0,23800.0,402,0.0,0.0
2024-06-19 10:38:00+09:00,23850.0,23850.0,23800.0,23800.0,652,0.0,0.0
2024-06-19 10:39:00+09:00,23800.0,23800.0,23800.0,23800.0,0,0.0,0.0
2024-06-19 10:40:00+09:00,23800.0,23850.0,23800.0,23800.0,150,0.0,0.0
2024-06-19 10:41:00+09:00,23800.0,23850.0,23800.0,23850.0,429,0.0,0.0
2024-06-19 10:42:00+09:00,23850.0,23850.0,23800.0,23800.0,60,0.0,0.0
2024-06-19 10:43:00+09:00,23800.0,23800.0,23750.0,23750.0,321,0.0,0.0
2024-06-19 10:44:00+09:00,23800.0,23800.0,23800.0,23800.0,66,0.0,0.0
2024-06-19 10:45:00+09:00,23800.0,23800.0,23800.0,23800.0,85,0.0,0.0
2024-06-19 10:46:00+09:00,23800.0,23800.0,23750.0,23750.0,1552,0.0,0.0
2024-06-19 10:47:00+09:00,23850.0,23850.0,23750.0,23750.0,0,0.0,0.0
2024-06-19 10:48:00+09:00,23750.0,23750.0,23750.0,23750.0,687,0.0,0.0
2024-06-19 10:49:00+09:00,23750.0,23750.0,23700.0,23750.0,72,0.0,0.0
2024-06-19 10:50:00+09:00,23700.0,23700.0,23700.0,23700.0,658,0.0,0.0
2024-06-19 10:51:00+09:00,23700.0,23700.0,23650.0,23700.0,996,0.0,0.0
2024-06-19 10:52:00+09:00,23700.0,23750.0,23700.0,23700.0,177,0.0,0.0
2024-06-19 10:53:00+09:00,23750.0,23900.0,23750.0,23800.0,916,0.0,0.0
2024-06-19 10:54:00+09:00,23700.0,23700.0,23650.0,23700.0,309,0.0,0.0
2024-06-19 10:55:00+09:00,23700.0,23750.0,23700.0,23700.0,96,0.0,0.0
2024-06-19 10:57:00+09:00,23750.0,23750.0,23700.0,23700.0,518,0.0,0.0
2024-06-19 10:58:00+09:00,23700.0,23700.0,23700.0,23700.0,0,0.0,0.0
2024-06-19 10:59:00+09:00,23700.0,23700.0,23700.0,23700.0,1,0.0,0.0
2024-06-19 11:00:00+09:00,23700.0,23750.0,23700.0,23700.0,647,0.0,0.0
2024-06-19 11:02:00+09:00,23700.0,23700.0,23650.0,23650.0,0,0.0,0.0
2024-06-19 11:03:00+09:00,23700.0,23800.0,23650.0,23800.0,1291,0.0,0.0
2024-06-19 11:04:00+09:00,23800.0,23800.0,23800.0,23800.0,0,0.0,0.0
2024-06-19 11:05:00+09:00,23800.0,23800.0,23750.0,23800.0,46,0.0,0.0
2024-06-19 11:06:00+09:00,23800.0,23800.0,23700.0,23700.0,258,0.0,0.0
2024-06-19 11:07:00+09:00,23700.0,23700.0,23700.0,23700.0,125,0.0,0.0
2024-06-19 11:09:00+09:00,23750.0,23750.0,23700.0,23700.0,1091,0.0,0.0
2024-06-19 11:10:00+09:00,23800.0,23800.0,23800.0,23800.0,366,0.0,0.0
2024-06-19 11:11:00+09:00,23900.0,23900.0,23750.0,23750.0,0,0.0,0.0
2024-06-19 11:12:00+09:00,23750.0,23750.0,23750.0,23750.0,64,0.0,0.0
2024-06-19 11:14:00+09:00,23750.0,23750.0,23750.0,23750.0,129,0.0,0.0
2024-06-19 11:15:00+09:00,23750.0,23750.0,23750.0,23750.0,0,0.0,0.0
2024-06-19 11:16:00+09:00,23750.0,23750.0,23700.0,23700.0,123,0.0,0.0
2024-06-19 11:17:00+09:00,23700.0,23700.0,23650.0,23650.0,479,0.0,0.0
2024-06-19 11:18:00+09:00,23650.0,23650.0,23650.0,23650.0,816,0.0,0.0
2024-06-19 11:19:00+09:00,23600.0,23650.0,23600.0,23650.0,928,0.0,0.0
2024-06-19 11:20:00+09:00,23600.0,23600.0,23500.0,23500.0,1729,0.0,0.0
2024-06-19 11:21:00+09:00,23550.0,23550.0,23500.0,23500.0,69,0.0,0.0
2024-06-19 11:22:00+09:00,23550.0,23550.0,23550.0,23550.0,227,0.0,0.0
2024-06-19 11:23:00+09:00,23550.0,23550.0,23500.0,23500.0,1,0.0,0.0
2024-06-19 11:24:00+09:00,23500.0,23550.0,23500.0,23500.0,1139,0.0,0.0
2024-06-19 11:25:00+09:00,23500.0,23500.0,23500.0,23500.0,2256,0.0,0.0
2024-06-19 11:26:00+09:00,23500.0,23500.0,23500.0,23500.0,0,0.0,0.0
2024-06-19 11:27:00+09:00,23500.0,23500.0,23500.0,23500.0,90,0.0,0.0
2024-06-19 11:28:00+09:00,23500.0,23500.0,23500.0,23500.0,0,0.0,0.0
2024-06-19 11:29:00+09:00,23550.0,23550.0,23450.0,23450.0,2294,0.0,0.0
2024-06-19 11:30:00+09:00,23450.0,23450.0,23450.0,23450.0,40,0.0,0.0
2024-06-19 11:31:00+09:00,23450.0,23450.0,23350.0,23350.0,2088,0.0,0.0
2024-06-19 11:32:00+09:00,23350.0,23350.0,23300.0,23350.0,335,0.0,0.0
2024-06-19 11:33:00+09:00,23300.0,23350.0,23300.0,23350.0,147,0.0,0.0
2024-06-19 11:34:00+09:00,23300.0,23350.0,23300.0,23350.0,381,0.0,0.0
2024-06-19 11:35:00+09:00,23300.0,23300.0,23300.0,23300.0,0,0.0,0.0
2024-06-19 11:36:00+09:00,23300.0,23300.0,23300.0,23300.0,0,0.0,0.0
2024-06-19 11:37:00+09:00,23300.0,23300.0,23300.0,23300.0,620,0.0,0.0
2024-06-19 11:38:00+09:00,23350.0,23350.0,23300.0,23300.0,986,0.0,0.0
2024-06-19 11:39:00+09:00,23250.0,23250.0,23200.0,23200.0,1650,0.0,0.0
2024-06-19 11:40:00+09:00,23200.0,23300.0,23200.0,23200.0,102,0.0,0.0
2024-06-19 11:41:00+09:00,23300.0,23300.0,23300.0,23300.0,100,0.0,0.0
2024-06-19 11:42:00+09:00,23300.0,23300.0,23300.0,23300.0,210,0.0,0.0
2024-06-19 11:43:00+09:00,23300.0,23300.0,23300.0,23300.0,50,0.0,0.0
2024-06-19 11:44:00+09:00,23300.0,23300.0,23200.0,23200.0,388,0.0,0.0
2024-06-19 11:45:00+09:00,23200.0,23200.0,23200.0,23200.0,0,0.0,0.0
2024-06-19 11:46:00+09:00,23200.0,23250.0,23200.0,23250.0,77,0.0,0.0
2024-06-19 11:47:00+09:00,23200.0,23200.0,23100.0,23150.0,1663,0.0,0.0
2024-06-19 11:48:00+09:00,23150.0,23150.0,23100.0,23150.0,296,0.0,0.0
2024-06-19 11:49:00+09:00,23150.0,23150.0,23150.0,23150.0,190,0.0,0.0
2024-06-19 11:50:00+09:00,23150.0,23150.0,23150.0,23150.0,232,0.0,0.0
2024-06-19 11:52:00+09:00,23150.0,23150.0,23150.0,23150.0,1043,0.0,0.0
2024-06-19 11:53:00+09:00,23150.0,23250.0,23150.0,23250.0,0,0.0,0.0
2024-06-19 11:54:00+09:00,23250.0,23300.0,23250.0,23300.0,137,0.0,0.0
2024-06-19 11:55:00+09:00,23300.0,23400.0,23300.0,23400.0,823,0.0,0.0
2024-06-19 11:56:00+09:00,23400.0,23400.0,23400.0,23400.0,675,0.0,0.0
2024-06-19 11:57:00+09:00,23400.0,23400.0,23400.0,23400.0,371,0.0,0.0
2024-06-19 11:58:00+09:00,23400.0,23400.0,23350.0,23350.0,26,0.0,0.0
2024-06-19 11:59:00+09:00,23300.0,23300.0,23300.0,23300.0,415,0.0,0.0
2024-06-19 12:00:00+09:00,23300.0,23400.0,23300.0,23400.0,77,0.0,0.0
2024-06-19 12:01:00+09:00,23400.0,23400.0,23400.0,23400.0,194,0.0,0.0
2024-06-19 12:02:00+09:00,23400.0,23400.0,23400.0,23400.0,25,0.0,0.0
2024-06-19 12:03:00+09:00,23400.0,23400.0,23350.0,23350.0,140,0.0,0.0
2024-06-19 12:04:00+09:00,23400.0,23400.0,23400.0,23400.0,0,0.0,0.0
2024-06-19 12:05:00+09:00,23400.0,23400.0,23400.0,23400.0,9,0.0,0.0
2024-06-19 12:06:00+09:00,23400.0,23400.0,23400.0,23400.0,124,0.0,0.0
2024-06-19 12:07:00+09:00,23400.0,23450.0,23250.0,23250.0,407,0.0,0.0
2024-06-19 12:09:00+09:00,23200.0,23200.0,23150.0,23150.0,383,0.0,0.0
2024-06-19 12:10:00+09:00,23300.0,23300.0,23300.0,23300.0,0,0.0,0.0
2024-06-19 12:12:00+09:00,23250.0,23250.0,23150.0,23150.0,713,0.0,0.0
2024-06-19 12:13:00+09:00,23200.0,23200.0,23150.0,23150.0,0,0.0,0.0
2024-06-19 12:14:00+09:00,23200.0,23200.0,23150.0,23200.0,0,0.0,0.0
2024-06-19 12:15:00+09:00,23150.0,23150.0,23150.0,23150.0,18,0.0,0.0
2024-06-19 12:16:00+09:00,23150.0,23150.0,23150.0,23150.0,423,0.0,0.0
2024-06-19 12:17:00+09:00,23150.0,23150.0,23100.0,23100.0,165,0.0,0.0
2024-06-19 12:18:00+09:00,23100.0,23150.0,23100.0,23100.0,263,0.0,0.0
2024-06-19 12:20:00+09:00,23100.0,23100.0,23100.0,23100.0,575,0.0,0.0
2024-06-19 12:21:00+09:00,23150.0,23150.0,23100.0,23150.0,57,0.0,0.0
2024-06-19 12:22:00+09:00,23150.0,23150.0,23100.0,23150.0,418,0.0,0.0
2024-06-19 12:23:00+09:00,23150.0,23150.0,23150.0,23150.0,16,0.0,0.0
2024-06-19 12:24:00+09:00,23150.0,23200.0,23150.0,23200.0,17,0.0,0.0
2024-06-19 12:25:00+09:00,23200.0,23300.0,23200.0,23200.0,179,0.0,0.0
2024-06-19 12:26:00+09:00,23250.0,23250.0,23250.0,23250.0,2,0.0,0.0
2024-06-19 12:28:00+09:00,23250.0,23250.0,23250.0,23250.0,0,0.0,0.0
2024-06-19 12:29:00+09:00,23200.0,23250.0,23150.0,23200.0,367,0.0,0.0
2024-06-19 12:30:00+09:00,23200.0,23200.0,23200.0,23200.0,21,0.0,0.0
2024-06-19 12:31:00+09:00,23200.0,23200.0,23200.0,23200.0,20,0.0,0.0
2024-06-19 12:32:00+09:00,23200.0,23200.0,23100.0,23100.0,754,0.0,0.0
2024-06-19 12:33:00+09:00,23100.0,23100.0,23100.0,23100.0,0,0.0,0.0
2024-06-19 12:34:00+09:00,23100.0,23200.0,23100.0,23200.0,99,0.0,0.0
2024-06-19 12:37:00+09:00,23200.0,23200.0,23150.0,23200.0,219,0.0,0.0
2024-06-19 12:38:00+09:00,23200.0,23200.0,23200.0,23200.0,12,0.0,0.0
2024-06-19 12:39:00+09:00,23200.0,23200.0,23150.0,23200.0,224,0.0,0.0
2024-06-19 12:40:00+09:00,23300.0,23300.0,23300.0,23300.0,9,0.0,0.0
2024-06-19 12:41:00+09:00,23300.0,23300.0,23200.0,23200.0,28,0.0,0.0
2024-06-19 12:42:00+09:00,23200.0,23200.0,23200.0,23200.0,19,0.0,0.0
2024-06-19 12:43:00+09:00,23300.0,23300.0,23250.0,23250.0,69,0.0,0.0
2024-06-19 12:44:00+09:00,23250.0,23250.0,23250.0,23250.0,159,0.0,0.0
2024-06-19 12:45:00+09:00,23250.0,23250.0,23250.0,23250.0,18,0.0,0.0
2024-06-19 12:46:00+09:00,23200.0,23250.0,23200.0,23250.0,201,0.0,0.0
2024-06-19 12:47:00+09:00,23200.0,23200.0,23150.0,23200.0,318,0.0,0.0
2024-06-19 12:48:00+09:00,23200.0,23200.0,23200.0,23200.0,243,0.0,0.0
2024-06-19 12:49:00+09:00,23150.0,23150.0,23150.0,23150.0,950,0.0,0.0
2024-06-19 12:50:00+09:00,23150.0,23150.0,23100.0,23100.0,2994,0.0,0.0
2024-06-19 12:51:00+09:00,23150.0,23150.0,23050.0,23050.0,947,0.0,0.0
2024-06-19 12:52:00+09:00,23100.0,23100.0,23050.0,23100.0,447,0.0,0.0
2024-06-19 12:53:00+09:00,23050.0,23050.0,23050.0,23050.0,0,0.0,0.0
2024-06-19 12:55:00+09:00,23050.0,23100.0,23050.0,23100.0,75,0.0,0.0
2024-06-19 12:56:00+09:00,23100.0,23100.0,23050.0,23050.0,182,0.0,0.0
2024-06-19 12:57:00+09:00,23100.0,23100.0,23050.0,23050.0,121,0.0,0.0
2024-06-19 12:58:00+09:00,23050.0,23050.0,23000.0,23050.0,565,0.0,0.0
2024-06-19 12:59:00+09:00,23050.0,23050.0,23050.0,23050.0,351,0.0,0.0
2024-06-19 13:00:00+09:00,23050.0,23050.0,23000.0,23050.0,252,0.0,0.0
2024-06-19 13:01:00+09:00,23000.0,23050.0,23000.0,23050.0,86,0.0,0.0
2024-06-19 13:02:00+09:00,23000.0,23050.0,23000.0,23000.0,26,0.0,0.0
2024-06-19 13:03:00+09:00,23000.0,23050.0,23000.0,23050.0,2857,0.0,0.0
2024-06-19 13:04:00+09:00,23050.0,23050.0,23000.0,23000.0,64,0.0,0.0
2024-06-19 13:05:00+09:00,23000.0,23050.0,23000.0,23050.0,736,0.0,0.0
2024-06-19 13:06:00+09:00,23050.0,23100.0,23050.0,23100.0,617,0.0,0.0
2024-06-19 13:07:00+09:00,23100.0,23100.0,23100.0,23100.0,0,0.0,0.0
2024-06-19 13:08:00+09:00,23100.0,23100.0,23100.0,23100.0,60,0.0,0.0
2024-06-19 13:09:00+09:00,23050.0,23100.0,23050.0,23100.0,162,0.0,0.0
2024-06-19 13:10:00+09:00,23150.0,23150.0,23150.0,23150.0,148,0.0,0.0
2024-06-19 13:11:00+09:00,23150.0,23150.0,23150.0,23150.0,64,0.0,0.0
2024-06-19 13:12:00+09:00,23150.0,23150.0,23150.0,23150.0,62,0.0,0.0
2024-06-19 13:13:00+09:00,23100.0,23100.0,23050.0,23050.0,66,0.0,0.0
2024-06-19 13:14:00+09:00,23100.0,23150.0,23100.0,23100.0,16,0.0,0.0
2024-06-19 13:15:00+09:00,23100.0,23100.0,23100.0,23100.0,3,0.0,0.0
2024-06-19 13:16:00+09:00,23100.0,23100.0,23100.0,23100.0,10,0.0,0.0
2024-06-19 13:17:00+09:00,23100.0,23100.0,23100.0,23100.0,197,0.0,0.0
2024-06-19 13:18:00+09:00,23100.0,23200.0,23100.0,23200.0,267,0.0,0.0
2024-06-19 13:21:00+09:00,23250.0,23250.0,23250.0,23250.0,78,0.0,0.0
2024-06-19 13:22:00+09:00,23250.0,23250.0,23250.0,23250.0,20,0.0,0.0
2024-06-19 13:23:00+09:00,23300.0,23350.0,23300.0,23300.0,556,0.0,0.0
2024-06-19 13:24:00+09:00,23250.0,23250.0,23200.0,23200.0,841,0.0,0.0
2024-06-19 13:25:00+09:00,23200.0,23200.0,23200.0,23200.0,40,0.0,0.0
2024-06-19 13:28:00+09:00,23250.0,23250.0,23200.0,23200.0,233,0.0,0.0
2024-06-19 13:29:00+09:00,23150.0,23150.0,23150.0,23150.0,120,0.0,0.0
2024-06-19 13:30:00+09:00,23200.0,23200.0,23150.0,23150.0,762,0.0,0.0
2024-06-19 13:31:00+09:00,23150.0,23200.0,23100.0,23100.0,520,0.0,0.0
2024-06-19 13:32:00+09:00,23200.0,23200.0,23200.0,23200.0,225,0.0,0.0
2024-06-19 13:33:00+09:00,23250.0,23250.0,23250.0,23250.0,103,0.0,0.0
2024-06-19 13:35:00+09:00,23250.0,23250.0,23250.0,23250.0,10,0.0,0.0
2024-06-19 13:36:00+09:00,23250.0,23250.0,23250.0,23250.0,36,0.0,0.0
2024-06-19 13:37:00+09:00,23250.0,23250.0,23250.0,23250.0,42,0.0,0.0
2024-06-19 13:38:00+09:00,23250.0,23250.0,23250.0,23250.0,10,0.0,0.0
2024-06-19 13:39:00+09:00,23200.0,23250.0,23200.0,23200.0,289,0.0,0.0
2024-06-19 13:40:00+09:00,23250.0,23350.0,23250.0,23300.0,203,0.0,0.0
2024-06-19 13:41:00+09:00,23200.0,23200.0,23150.0,23150.0,81,0.0,0.0
2024-06-19 13:42:00+09:00,23250.0,23250.0,23200.0,23200.0,0,0.0,0.0
2024-06-19 13:44:00+09:00,23250.0,23300.0,23250.0,23300.0,111,0.0,0.0
2024-06-19 13:45:00+09:00,23300.0,23300.0,23200.0,23300.0,764,0.0,0.0
2024-06-19 13:46:00+09:00,23250.0,23250.0,23250.0,23250.0,194,0.0,0.0
2024-06-19 13:47:00+09:00,23350.0,23350.0,23250.0,23250.0,110,0.0,0.0
2024-06-19 13:48:00+09:00,23250.0,23350.0,23250.0,23350.0,0,0.0,0.0
2024-06-19 13:49:00+09:00,23350.0,23350.0,23350.0,23350.0,310,0.0,0.0
2024-06-19 13:50:00+09:00,23300.0,23300.0,23300.0,23300.0,90,0.0,0.0
2024-06-19 13:52:00+09:00,23300.0,23300.0,23250.0,23250.0,504,0.0,0.0
2024-06-19 13:53:00+09:00,23350.0,23350.0,23300.0,23300.0,560,0.0,0.0
2024-06-19 13:54:00+09:00,23300.0,23300.0,23250.0,23250.0,1111,0.0,0.0
2024-06-19 13:55:00+09:00,23250.0,23250.0,23250.0,23250.0,0,0.0,0.0
2024-06-19 13:56:00+09:00,23250.0,23250.0,23250.0,23250.0,8,0.0,0.0
2024-06-19 13:58:00+09:00,23250.0,23250.0,23250.0,23250.0,196,0.0,0.0
2024-06-19 13:59:00+09:00,23200.0,23200.0,23200.0,23200.0,112,0.0,0.0
2024-06-19 14:00:00+09:00,23250.0,23250.0,23200.0,23200.0,35,0.0,0.0
2024-06-19 14:01:00+09:00,23200.0,23200.0,23200.0,23200.0,0,0.0,0.0
2024-06-19 14:02:00+09:00,23200.0,23200.0,23200.0,23200.0,10,0.0,0.0
2024-06-19 14:03:00+09:00,23150.0,23200.0,23150.0,23200.0,70,0.0,0.0
2024-06-19 14:04:00+09:00,23150.0,23150.0,23150.0,23150.0,0,0.0,0.0
2024-06-19 14:05:00+09:00,23150.0,23150.0,23150.0,23150.0,48,0.0,0.0
2024-06-19 14:07:00+09:00,23150.0,23150.0,23150.0,23150.0,930,0.0,0.0
2024-06-19 14:08:00+09:00,23150.0,23150.0,23150.0,23150.0,0,0.0,0.0
2024-06-19 14:09:00+09:00,23150.0,23150.0,23150.0,23150.0,110,0.0,0.0
2024-06-19 14:10:00+09:00,23150.0,23150.0,23150.0,23150.0,64,0.0,0.0
2024-06-19 14:12:00+09:00,23150.0,23150.0,23150.0,23150.0,127,0.0,0.0
2024-06-19 14:13:00+09:00,23150.0,23150.0,23150.0,23150.0,0,0.0,0.0
2024-06-19 14:14:00+09:00,23150.0,23150.0,23150.0,23150.0,20,0.0,0.0
2024-06-19 14:15:00+09:00,23150.0,23150.0,23100.0,23150.0,436,0.0,0.0
2024-06-19 14:16:00+09:00,23150.0,23150.0,23150.0,23150.0,97,0.0,0.0
2024-06-19 14:17:00+09:00,23100.0,23100.0,23100.0,23100.0,321,0.0,0.0
2024-06-19 14:18:00+09:00,23100.0,23100.0,23100.0,23100.0,0,0.0,0.0
2024-06-19 14:19:00+09:00,23150.0,23150.0,23150.0,23150.0,2,0.0,0.0
2024-06-19 14:20:00+09:00,23150.0,23150.0,23100.0,23150.0,1005,0.0,0.0
2024-06-19 14:21:00+09:00,23150.0,23150.0,23150.0,23150.0,29,0.0,0.0
2024-06-19 14:23:00+09:00,23100.0,23100.0,23050.0,23050.0,1726,0.0,0.0
2024-06-19 14:24:00+09:00,23000.0,23050.0,23000.0,23050.0,645,0.0,0.0
2024-06-19 14:25:00+09:00,23100.0,23200.0,23100.0,23200.0,0,0.0,0.0
2024-06-19 14:26:00+09:00,23200.0,23200.0,23200.0,23200.0,339,0.0,0.0
2024-06-19 14:27:00+09:00,23200.0,23200.0,23200.0,23200.0,166,0.0,0.0
2024-06-19 14:28:00+09:00,23200.0,23200.0,23200.0,23200.0,101,0.0,0.0
2024-06-19 14:30:00+09:00,23150.0,23200.0,23150.0,23200.0,154,0.0,0.0
2024-06-19 14:31:00+09:00,23200.0,23200.0,23200.0,23200.0,0,0.0,0.0
2024-06-19 14:32:00+09:00,23200.0,23200.0,23200.0,23200.0,34,0.0,0.0
2024-06-19 14:33:00+09:00,23200.0,23200.0,23200.0,23200.0,64,0.0,0.0
2024-06-19 14:35:00+09:00,23200.0,23200.0,23200.0,23200.0,121,0.0,0.0
2024-06-19 14:36:00+09:00,23250.0,23250.0,23200.0,23250.0,232,0.0,0.0
2024-06-19 14:37:00+09:00,23250.0,23250.0,23250.0,23250.0,327,0.0,0.0
2024-06-19 14:39:00+09:00,23250.0,23250.0,23250.0,23250.0,48,0.0,0.0
2024-06-19 14:41:00+09:00,23250.0,23250.0,23250.0,23250.0,83,0.0,0.0
2024-06-19 14:42:00+09:00,23200.0,23200.0,23200.0,23200.0,280,0.0,0.0
2024-06-19 14:43:00+09:00,23200.0,23200.0,23150.0,23200.0,10,0.0,0.0
2024-06-19 14:45:00+09:00,23150.0,23150.0,23150.0,23150.0,107,0.0,0.0
2024-06-19 14:46:00+09:00,23200.0,23200.0,23200.0,23200.0,23,0.0,0.0
2024-06-19 14:47:00+09:00,23200.0,23200.0,23200.0,23200.0,38,0.0,0.0
2024-06-19 14:48:00+09:00,23200.0,23200.0,23200.0,23200.0,28,0.0,0.0
2024-06-19 14:49:00+09:00,23200.0,23200.0,23200.0,23200.0,172,0.0,0.0
2024-06-19 14:50:00+09:00,23200.0,23200.0,23050.0,23050.0,934,0.0,0.0
2024-06-19 14:53:00+09:00,23100.0,23100.0,23100.0,23100.0,10,0.0,0.0
2024-06-19 14:54:00+09:00,23100.0,23100.0,23100.0,23100.0,36,0.0,0.0
2024-06-19 14:55:00+09:00,23150.0,23150.0,23150.0,23150.0,0,0.0,0.0
2024-06-19 14:56:00+09:00,23100.0,23100.0,23100.0,23100.0,1,0.0,0.0
2024-06-19 14:57:00+09:00,23100.0,23100.0,23100.0,23100.0,112,0.0,0.0
2024-06-19 14:58:00+09:00,23100.0,23100.0,23050.0,23100.0,23,0.0,0.0
2024-06-19 14:59:00+09:00,23100.0,23100.0,23050.0,23050.0,166,0.0,0.0
2024-06-20 09:00:00+09:00,23450.0,23600.0,23350.0,23600.0,2274,0.0,0.0
2024-06-20 09:01:00+09:00,23500.0,23600.0,23500.0,23550.0,2894,0.0,0.0
2024-06-20 09:02:00+09:00,23500.0,23500.0,23300.0,23300.0,110,0.0,0.0
2024-06-20 09:03:00+09:00,23300.0,23400.0,23250.0,23250.0,1980,0.0,0.0
2024-06-20 09:04:00+09:00,23250.0,23300.0,23250.0,23300.0,1086,0.0,0.0
2024-06-20 09:05:00+09:00,23250.0,23400.0,23250.0,23350.0,458,0.0,0.0
2024-06-20 09:06:00+09:00,23350.0,23400.0,23300.0,23400.0,118,0.0,0.0
2024-06-20 09:07:00+09:00,23400.0,23450.0,23400.0,23450.0,202,0.0,0.0
2024-06-20 09:08:00+09:00,23400.0,23500.0,23400.0,23500.0,483,0.0,0.0
2024-06-20 09:09:00+09:00,23500.0,23600.0,23500.0,23500.0,1009,0.0,0.0
2024-06-20 09:10:00+09:00,23500.0,23550.0,23500.0,23550.0,248,0.0,0.0
2024-06-20 09:11:00+09:00,23550.0,23550.0,23500.0,23500.0,257,0.0,0.0
2024-06-20 09:12:00+09:00,23500.0,23550.0,23500.0,23500.0,518,0.0,0.0
2024-06-20 09:13:00+09:00,23500.0,23550.0,23500.0,23500.0,135,0.0,0.0
2024-06-20 09:14:00+09:00,23500.0,23500.0,23500.0,23500.0,140,0.0,0.0
2024-06-20 09:15:00+09:00,23500.0,23500.0,23450.0,23450.0,77,0.0,0.0
2024-06-20 09:16:00+09:00,23450.0,23450.0,23300.0,23300.0,943,0.0,0.0
2024-06-20 09:17:00+09:00,23300.0,23300.0,23200.0,23200.0,994,0.0,0.0
2024-06-20 09:18:00+09:00,23300.0,23300.0,23300.0,23300.0,1,0.0,0.0
2024-06-20 09:19:00+09:00,23300.0,23300.0,23250.0,23250.0,91,0.0,0.0
2024-06-20 09:20:00+09:00,23250.0,23250.0,23200.0,23200.0,394,0.0,0.0
2024-06-20 09:21:00+09:00,23200.0,23300.0,23200.0,23300.0,1020,0.0,0.0
2024-06-20 09:22:00+09:00,23300.0,23350.0,23300.0,23350.0,0,0.0,0.0
2024-06-20 09:23:00+09:00,23400.0,23400.0,23350.0,23350.0,376,0.0,0.0
2024-06-20 09:24:00+09:00,23500.0,23500.0,23500.0,23500.0,0,0.0,0.0
2024-06-20 09:25:00+09:00,23500.0,23500.0,23300.0,23500.0,421,0.0,0.0
2024-06-20 09:26:00+09:00,23500.0,23500.0,23300.0,23300.0,112,0.0,0.0
2024-06-20 09:27:00+09:00,23300.0,23300.0,23250.0,23250.0,305,0.0,0.0
2024-06-20 09:28:00+09:00,23250.0,23300.0,23250.0,23300.0,55,0.0,0.0
2024-06-20 09:29:00+09:00,23250.0,23300.0,23250.0,23300.0,46,0.0,0.0
2024-06-20 09:30:00+09:00,23250.0,23250.0,23250.0,23250.0,274,0.0,0.0
2024-06-20 09:31:00+09:00,23250.0,23250.0,23200.0,23200.0,950,0.0,0.0
2024-06-20 09:32:00+09:00,23200.0,23250.0,23200.0,23200.0,0,0.0,0.0
2024-06-20 09:33:00+09:00,23200.0,23200.0,23200.0,23200.0,277,0.0,0.0
2024-06-20 09:34:00+09:00,23200.0,23250.0,23200.0,23250.0,583,0.0,0.0
2024-06-20 09:35:00+09:00,23250.0,23250.0,23200.0,23200.0,199,0.0,0.0
2024-06-20 09:36:00+09:00,23200.0,23200.0,23200.0,23200.0,676,0.0,0.0
2024-06-20 09:37:00+09:00,23200.0,23200.0,23150.0,23200.0,367,0.0,0.0
2024-06-20 09:38:00+09:00,23150.0,23150.0,23150.0,23150.0,44,0.0,0.0
2024-06-20 09:39:00+09:00,23150.0,23200.0,23100.0,23200.0,262,0.0,0.0
2024-06-20 09:40:00+09:00,23200.0,23200.0,23150.0,23150.0,0,0.0,0.0
2024-06-20 09:41:00+09:00,23150.0,23150.0,23050.0,23050.0,1802,0.0,0.0
2024-06-20 09:42:00+09:00,23050.0,23050.0,23050.0,23050.0,30,0.0,0.0
2024-06-20 09:43:00+09:00,23050.0,23050.0,23000.0,23000.0,379,0.0,0.0
2024-06-20 09:44:00+09:00,23000.0,23000.0,23000.0,23000.0,322,0.0,0.0
2024-06-20 09:45:00+09:00,23000.0,23000.0,22900.0,23000.0,1492,0.0,0.0
2024-06-20 09:46:00+09:00,22900.0,22950.0,22900.0,22950.0,277,0.0,0.0
2024-06-20 09:47:00+09:00,22950.0,23000.0,22900.0,22950.0,1196,0.0,0.0
2024-06-20 09:48:00+09:00,22900.0,22950.0,22900.0,22950.0,96,0.0,0.0
2024-06-20 09:49:00+09:00,22900.0,22950.0,22900.0,22950.0,133,0.0,0.0
2024-06-20 09:50:00+09:00,22950.0,22950.0,22950.0,22950.0,78,0.0,0.0
2024-06-20 09:51:00+09:00,23000.0,23000.0,23000.0,23000.0,454,0.0,0.0
2024-06-20 09:52:00+09:00,23000.0,23000.0,23000.0,23000.0,0,0.0,0.0
2024-06-20 09:53:00+09:00,23050.0,23050.0,22900.0,23050.0,630,0.0,0.0
2024-06-20 09:54:00+09:00,22900.0,22900.0,22900.0,22900.0,0,0.0,0.0
2024-06-20 09:55:00+09:00,22900.0,22900.0,22900.0,22900.0,27418,0.0,0.0
2024-06-20 09:56:00+09:00,23050.0,23050.0,23050.0,23050.0,206,0.0,0.0
2024-06-20 09:58:00+09:00,23050.0,23050.0,23050.0,23050.0,41,0.0,0.0
2024-06-20 09:59:00+09:00,23050.0,23050.0,23050.0,23050.0,169,0.0,0.0
2024-06-20 10:00:00+09:00,23050.0,23050.0,23000.0,23050.0,313,0.0,0.0
2024-06-20 10:01:00+09:00,23000.0,23050.0,23000.0,23050.0,126,0.0,0.0
2024-06-20 10:02:00+09:00,23050.0,23050.0,23050.0,23050.0,0,0.0,0.0
2024-06-20 10:03:00+09:00,23050.0,23050.0,23050.0,23050.0,2,0.0,0.0
2024-06-20 10:04:00+09:00,23050.0,23050.0,23050.0,23050.0,205,0.0,0.0
2024-06-20 10:05:00+09:00,23050.0,23150.0,23050.0,23150.0,158,0.0,0.0
2024-06-20 10:07:00+09:00,23100.0,23100.0,23000.0,23000.0,543,0.0,0.0
2024-06-20 10:09:00+09:00,22950.0,22950.0,22950.0,22950.0,496,0.0,0.0
2024-06-20 10:10:00+09:00,23000.0,23050.0,23000.0,23050.0,23,0.0,0.0
2024-06-20 10:11:00+09:00,23100.0,23100.0,23100.0,23100.0,55,0.0,0.0
2024-06-20 10:12:00+09:00,23050.0,23050.0,23050.0,23050.0,209,0.0,0.0
2024-06-20 10:13:00+09:00,23050.0,23050.0,23050.0,23050.0,0,0.0,0.0
2024-06-20 10:15:00+09:00,23050.0,23050.0,23000.0,23000.0,474,0.0,0.0
2024-06-20 10:16:00+09:00,23000.0,23000.0,23000.0,23000.0,0,0.0,0.0
2024-06-20 10:17:00+09:00,23050.0,23050.0,23050.0,23050.0,92,0.0,0.0
2024-06-20 10:18:00+09:00,23100.0,23100.0,23100.0,23100.0,108,0.0,0.0
2024-06-20 10:19:00+09:00,23050.0,23050.0,23050.0,23050.0,34,0.0,0.0
2024-06-20 10:21:00+09:00,23050.0,23050.0,23050.0,23050.0,10,0.0,0.0
2024-06-20 10:24:00+09:00,23050.0,23050.0,23000.0,23000.0,298,0.0,0.0
2024-06-20 10:25:00+09:00,23000.0,23150.0,23000.0,23150.0,370,0.0,0.0
2024-06-20 10:26:00+09:00,23000.0,23000.0,23000.0,23000.0,0,0.0,0.0
2024-06-20 10:28:00+09:00,23000.0,23050.0,22950.0,22950.0,337,0.0,0.0
2024-06-20 10:29:00+09:00,22950.0,22950.0,22950.0,22950.0,233,0.0,0.0
2024-06-20 10:30:00+09:00,22950.0,22950.0,22950.0,22950.0,111,0.0,0.0
2024-06-20 10:31:00+09:00,22950.0,22950.0,22950.0,22950.0,8,0.0,0.0
2024-06-20 10:32:00+09:00,22950.0,22950.0,22950.0,22950.0,0,0.0,0.0
2024-06-20 10:33:00+09:00,22950.0,22950.0,22900.0,22900.0,688,0.0,0.0
2024-06-20 10:34:00+09:00,22900.0,22900.0,22900.0,22900.0,345,0.0,0.0
2024-06-20 10:35:00+09:00,22900.0,22900.0,22900.0,22900.0,1,0.0,0.0
2024-06-20 10:36:00+09:00,23000.0,23000.0,23000.0,23000.0,32,0.0,0.0
2024-06-20 10:38:00+09:00,23000.0,23000.0,22900.0,22900.0,122,0.0,0.0
2024-06-20 10:39:00+09:00,22900.0,22900.0,22900.0,22900.0,0,0.0,0.0
2024-06-20 10:40:00+09:00,22900.0,22900.0,22900.0,22900.0,3,0.0,0.0
2024-06-20 10:41:00+09:00,22900.0,22900.0,22900.0,22900.0,55,0.0,0.0
2024-06-20 10:44:00+09:00,22900.0,22900.0,22900.0,22900.0,82,0.0,0.0
2024-06-20 10:45:00+09:00,22900.0,22900.0,22900.0,22900.0,589,0.0,0.0
2024-06-20 10:46:00+09:00,22850.0,22850.0,22850.0,22850.0,252,0.0,0.0
2024-06-20 10:47:00+09:00,22850.0,22850.0,22850.0,22850.0,227,0.0,0.0
2024-06-20 10:48:00+09:00,22850.0,23000.0,22800.0,22900.0,1398,0.0,0.0
2024-06-20 10:49:00+09:00,22900.0,22900.0,22900.0,22900.0,4,0.0,0.0
2024-06-20 10:50:00+09:00,22900.0,22900.0,22900.0,22900.0,21,0.0,0.0
2024-06-20 10:51:00+09:00,22950.0,22950.0,22950.0,22950.0,0,0.0,0.0
2024-06-20 10:52:00+09:00,23000.0,23000.0,23000.0,23000.0,36093,0.0,0.0
2024-06-20 10:53:00+09:00,23000.0,23000.0,23000.0,23000.0,800,0.0,0.0
2024-06-20 10:55:00+09:00,22900.0,22900.0,22900.0,22900.0,0,0.0,0.0
2024-06-20 10:56:00+09:00,22900.0,22900.0,22900.0,22900.0,194,0.0,0.0
2024-06-20 10:57:00+09:00,22950.0,22950.0,22950.0,22950.0,0,0.0,0.0
2024-06-20 10:58:00+09:00,22950.0,22950.0,22950.0,22950.0,110,0.0,0.0
2024-06-20 10:59:00+09:00,22950.0,22950.0,22950.0,22950.0,0,0.0,0.0
2024-06-20 11:00:00+09:00,22950.0,22950.0,22900.0,22900.0,6,0.0,0.0
2024-06-20 11:01:00+09:00,22900.0,22950.0,22900.0,22950.0,166,0.0,0.0
2024-06-20 11:02:00+09:00,22900.0,22900.0,22850.0,22850.0,108,0.0,0.0
2024-06-20 11:03:00+09:00,22850.0,22850.0,22850.0,22850.0,161,0.0,0.0
2024-06-20 11:04:00+09:00,22900.0,22900.0,22900.0,22900.0,0,0.0,0.0
2024-06-20 11:05:00+09:00,22900.0,22900.0,22850.0,22850.0,74,0.0,0.0
2024-06-20 11:06:00+09:00,22850.0,22850.0,22850.0,22850.0,0,0.0,0.0
2024-06-20 11:07:00+09:00,22900.0,22900.0,22900.0,22900.0,6,0.0,0.0
2024-06-20 11:08:00+09:00,22900.0,22900.0,22850.0,22850.0,855,0.0,0.0
2024-06-20 11:09:00+09:00,22850.0,22950.0,22850.0,22950.0,0,0.0,0.0
2024-06-20 11:10:00+09:00,22950.0,22950.0,22950.0,22950.0,1,0.0,0.0
2024-06-20 11:11:00+09:00,22950.0,22950.0,22950.0,22950.0,0,0.0,0.0
2024-06-20 11:12:00+09:00,22950.0,22950.0,22850.0,22850.0,16,0.0,0.0
2024-06-20 11:13:00+09:00,22850.0,22900.0,22850.0,22900.0,47,0.0,0.0
2024-06-20 11:14:00+09:00,22850.0,22850.0,22850.0,22850.0,0,0.0,0.0
2024-06-20 11:15:00+09:00,22900.0,22900.0,22900.0,22900.0,7,0.0,0.0
2024-06-20 11:16:00+09:00,22900.0,22900.0,22850.0,22900.0,47,0.0,0.0
2024-06-20 11:17:00+09:00,22850.0,22900.0,22850.0,22900.0,6,0.0,0.0
2024-06-20 11:19:00+09:00,22900.0,22900.0,22900.0,22900.0,67,0.0,0.0
2024-06-20 11:20:00+09:00,22900.0,22900.0,22850.0,22850.0,15,0.0,0.0
2024-06-20 11:21:00+09:00,22850.0,22850.0,22850.0,22850.0,4,0.0,0.0
2024-06-20 11:22:00+09:00,22850.0,22850.0,22850.0,22850.0,226,0.0,0.0
2024-06-20 11:25:00+09:00,22850.0,22850.0,22700.0,22700.0,1679,0.0,0.0
2024-06-20 11:26:00+09:00,22750.0,22750.0,22700.0,22700.0,78,0.0,0.0
2024-06-20 11:27:00+09:00,22750.0,22750.0,22700.0,22700.0,93,0.0,0.0
2024-06-20 11:28:00+09:00,22750.0,22750.0,22750.0,22750.0,0,0.0,0.0
2024-06-20 11:29:00+09:00,22900.0,22900.0,22900.0,22900.0,99,0.0,0.0
2024-06-20 11:30:00+09:00,22750.0,22750.0,22750.0,22750.0,3,0.0,0.0
2024-06-20 11:33:00+09:00,22750.0,22750.0,22750.0,22750.0,51,0.0,0.0
2024-06-20 11:35:00+09:00,22750.0,22750.0,22750.0,22750.0,20,0.0,0.0
2024-06-20 11:37:00+09:00,22750.0,22750.0,22750.0,22750.0,2,0.0,0.0
2024-06-20 11:38:00+09:00,22750.0,22750.0,22750.0,22750.0,91,0.0,0.0
2024-06-20 11:39:00+09:00,22750.0,22750.0,22750.0,22750.0,0,0.0,0.0
2024-06-20 11:41:00+09:00,22750.0,22750.0,22750.0,22750.0,0,0.0,0.0
2024-06-20 11:42:00+09:00,22750.0,22750.0,22750.0,22750.0,72,0.0,0.0
2024-06-20 11:43:00+09:00,22750.0,22800.0,22750.0,22800.0,25,0.0,0.0
2024-06-20 11:45:00+09:00,22750.0,22750.0,22700.0,22700.0,127,0.0,0.0
2024-06-20 11:46:00+09:00,22700.0,22700.0,22700.0,22700.0,45,0.0,0.0
2024-06-20 11:47:00+09:00,22700.0,22700.0,22700.0,22700.0,164,0.0,0.0
2024-06-20 11:48:00+09:00,22700.0,22700.0,22700.0,22700.0,306,0.0,0.0
2024-06-20 11:49:00+09:00,22700.0,22700.0,22650.0,22650.0,276,0.0,0.0
2024-06-20 11:50:00+09:00,22700.0,22700.0,22700.0,22700.0,2,0.0,0.0
2024-06-20 11:51:00+09:00,22700.0,22700.0,22700.0,22700.0,2,0.0,0.0
2024-06-20 11:52:00+09:00,22650.0,22650.0,22650.0,22650.0,14,0.0,0.0
2024-06-20 11:53:00+09:00,22650.0,22650.0,22650.0,22650.0,47,0.0,0.0
2024-06-20 11:54:00+09:00,22650.0,22650.0,22650.0,22650.0,790,0.0,0.0
2024-06-20 11:55:00+09:00,22650.0,22650.0,22600.0,22600.0,682,0.0,0.0
2024-06-20 11:56:00+09:00,22600.0,22600.0,22600.0,22600.0,0,0.0,0.0
2024-06-20 11:57:00+09:00,22600.0,22600.0,22600.0,22600.0,120,0.0,0.0
2024-06-20 11:58:00+09:00,22600.0,22600.0,22600.0,22600.0,50,0.0,0.0
2024-06-20 11:59:00+09:00,22600.0,22600.0,22600.0,22600.0,0,0.0,0.0
2024-06-20 12:00:00+09:00,22600.0,22600.0,22600.0,22600.0,7,0.0,0.0
2024-06-20 12:01:00+09:00,22600.0,22700.0,22600.0,22700.0,71,0.0,0.0
2024-06-20 12:03:00+09:00,22700.0,22700.0,22700.0,22700.0,0,0.0,0.0
2024-06-20 12:04:00+09:00,22700.0,22700.0,22700.0,22700.0,104,0.0,0.0
2024-06-20 12:05:00+09:00,22650.0,22650.0,22650.0,22650.0,66,0.0,0.0
2024-06-20 12:06:00+09:00,22650.0,22650.0,22600.0,22600.0,130,0.0,0.0
2024-06-20 12:07:00+09:00,22600.0,22600.0,22600.0,22600.0,243,0.0,0.0
2024-06-20 12:09:00+09:00,22700.0,22700.0,22700.0,22700.0,128,0.0,0.0
2024-06-20 12:11:00+09:00,22650.0,22650.0,22650.0,22650.0,0,0.0,0.0
2024-06-20 12:12:00+09:00,22600.0,22600.0,22600.0,22600.0,163,0.0,0.0
2024-06-20 12:13:00+09:00,22600.0,22600.0,22600.0,22600.0,252,0.0,0.0
2024-06-20 12:14:00+09:00,22600.0,22600.0,22600.0,22600.0,0,0.0,0.0
2024-06-20 12:16:00+09:00,22600.0,22650.0,22600.0,22650.0,1762,0.0,0.0
2024-06-20 12:17:00+09:00,22650.0,22650.0,22650.0,22650.0,0,0.0,0.0
2024-06-20 12:18:00+09:00,22650.0,22650.0,22650.0,22650.0,0,0.0,0.0
2024-06-20 12:20:00+09:00,22700.0,22700.0,22700.0,22700.0,17,0.0,0.0
2024-06-20 12:23:00+09:00,22700.0,22800.0,22700.0,22800.0,3,0.0,0.0
2024-06-20 12:24:00+09:00,22800.0,22800.0,22800.0,22800.0,44,0.0,0.0
2024-06-20 12:25:00+09:00,22800.0,22800.0,22800.0,22800.0,6,0.0,0.0
2024-06-20 12:26:00+09:00,22700.0,22700.0,22700.0,22700.0,235,0.0,0.0
2024-06-20 12:27:00+09:00,22700.0,22700.0,22700.0,22700.0,0,0.0,0.0
2024-06-20 12:29:00+09:00,22700.0,22700.0,22650.0,22650.0,523,0.0,0.0
2024-06-20 12:30:00+09:00,22650.0,22650.0,22650.0,22650.0,0,0.0,0.0
2024-06-20 12:31:00+09:00,22650.0,22650.0,22600.0,22650.0,422,0.0,0.0
2024-06-20 12:32:00+09:00,22650.0,22650.0,22650.0,22650.0,200,0.0,0.0
2024-06-20 12:33:00+09:00,22650.0,22650.0,22650.0,22650.0,0,0.0,0.0
2024-06-20 12:35:00+09:00,22700.0,22700.0,22700.0,22700.0,8,0.0,0.0
2024-06-20 12:37:00+09:00,22700.0,22700.0,22700.0,22700.0,52,0.0,0.0
2024-06-20 12:38:00+09:00,22700.0,22700.0,22700.0,22700.0,137,0.0,0.0
2024-06-20 12:39:00+09:00,22650.0,22650.0,22600.0,22600.0,944,0.0,0.0
2024-06-20 12:41:00+09:00,22600.0,22600.0,22550.0,22550.0,0,0.0,0.0
2024-06-20 12:42:00+09:00,22600.0,22600.0,22550.0,22550.0,592,0.0,0.0
2024-06-20 12:44:00+09:00,22550.0,22550.0,22550.0,22550.0,65,0.0,0.0
2024-06-20 12:46:00+09:00,22550.0,22700.0,22550.0,22700.0,97,0.0,0.0
2024-06-20 12:48:00+09:00,22550.0,22550.0,22550.0,22550.0,323,0.0,0.0
2024-06-20 12:52:00+09:00,22550.0,22550.0,22550.0,22550.0,0,0.0,0.0
2024-06-20 12:53:00+09:00,22600.0,22600.0,22550.0,22550.0,189,0.0,0.0
2024-06-20 12:55:00+09:00,22550.0,22550.0,22550.0,22550.0,543,0.0,0.0
2024-06-20 12:56:00+09:00,22550.0,22550.0,22550.0,22550.0,555,0.0,0.0
2024-06-20 12:57:00+09:00,22550.0,22550.0,22550.0,22550.0,265,0.0,0.0
2024-06-20 12:58:00+09:00,22550.0,22550.0,22500.0,22500.0,2530,0.0,0.0
2024-06-20 12:59:00+09:00,22500.0,22500.0,22500.0,22500.0,16,0.0,0.0
2024-06-20 13:00:00+09:00,22500.0,22600.0,22500.0,22500.0,0,0.0,0.0
2024-06-20 13:01:00+09:00,22500.0,22500.0,22500.0,22500.0,57,0.0,0.0
2024-06-20 13:02:00+09:00,22500.0,22500.0,22500.0,22500.0,97,0.0,0.0
2024-06-20 13:03:00+09:00,22500.0,22500.0,22500.0,22500.0,690,0.0,0.0
2024-06-20 13:04:00+09:00,22450.0,22500.0,22450.0,22450.0,424,0.0,0.0
2024-06-20 13:05:00+09:00,22450.0,22450.0,22450.0,22450.0,219,0.0,0.0
2024-06-20 13:06:00+09:00,22450.0,22450.0,22450.0,22450.0,300,0.0,0.0
2024-06-20 13:07:00+09:00,22450.0,22450.0,22450.0,22450.0,22,0.0,0.0
2024-06-20 13:08:00+09:00,22450.0,22450.0,22350.0,22350.0,1916,0.0,0.0
2024-06-20 13:09:00+09:00,22350.0,22350.0,22350.0,22350.0,257,0.0,0.0
2024-06-20 13:11:00+09:00,22300.0,22300.0,22300.0,22300.0,0,0.0,0.0
2024-06-20 13:12:00+09:00,22300.0,22350.0,22300.0,22300.0,621,0.0,0.0
2024-06-20 13:13:00+09:00,22300.0,22300.0,22300.0,22300.0,0,0.0,0.0
2024-06-20 13:14:00+09:00,22300.0,22300.0,22300.0,22300.0,304,0.0,0.0
2024-06-20 13:15:00+09:00,22300.0,22300.0,22250.0,22250.0,411,0.0,0.0
2024-06-20 13:16:00+09:00,22250.0,22450.0,22250.0,22450.0,428,0.0,0.0
2024-06-20 13:17:00+09:00,22400.0,22400.0,22400.0,22400.0,65,0.0,0.0
2024-06-20 13:18:00+09:00,22400.0,22400.0,22350.0,22350.0,474,0.0,0.0
2024-06-20 13:19:00+09:00,22350.0,22450.0,22350.0,22450.0,96,0.0,0.0
2024-06-20 13:20:00+09:00,22450.0,22450.0,22400.0,22400.0,8,0.0,0.0
2024-06-20 13:21:00+09:00,22350.0,22350.0,22300.0,22300.0,82,0.0,0.0
2024-06-20 13:23:00+09:00,22350.0,22350.0,22350.0,22350.0,0,0.0,0.0
2024-06-20 13:24:00+09:00,22400.0,22400.0,22400.0,22400.0,1,0.0,0.0
2024-06-20 13:25:00+09:00,22400.0,22400.0,22400.0,22400.0,15,0.0,0.0
2024-06-20 13:26:00+09:00,22400.0,22400.0,22400.0,22400.0,52,0.0,0.0
2024-06-20 13:27:00+09:00,22400.0,22400.0,22400.0,22400.0,10,0.0,0.0
2024-06-20 13:28:00+09:00,22350.0,22350.0,22350.0,22350.0,19,0.0,0.0
2024-06-20 13:29:00+09:00,22350.0,22400.0,22350.0,22400.0,259,0.0,0.0
2024-06-20 13:31:00+09:00,22400.0,22400.0,22400.0,22400.0,0,0.0,0.0
2024-06-20 13:34:00+09:00,22400.0,22400.0,22400.0,22400.0,38,0.0,0.0
2024-06-20 13:35:00+09:00,22450.0,22450.0,22450.0,22450.0,288,0.0,0.0
2024-06-20 13:36:00+09:00,22450.0,22450.0,22450.0,22450.0,0,0.0,0.0
2024-06-20 13:38:00+09:00,22450.0,22450.0,22450.0,22450.0,2,0.0,0.0
2024-06-20 13:39:00+09:00,22450.0,22450.0,22400.0,22400.0,205,0.0,0.0
2024-06-20 13:41:00+09:00,22400.0,22400.0,22400.0,22400.0,0,0.0,0.0
2024-06-20 13:42:00+09:00,22400.0,22400.0,22400.0,22400.0,126,0.0,0.0
2024-06-20 13:44:00+09:00,22450.0,22450.0,22450.0,22450.0,1398,0.0,0.0
2024-06-20 13:45:00+09:00,22450.0,22450.0,22450.0,22450.0,0,0.0,0.0
2024-06-20 13:46:00+09:00,22500.0,22500.0,22500.0,22500.0,410,0.0,0.0
2024-06-20 13:48:00+09:00,22600.0,22600.0,22600.0,22600.0,0,0.0,0.0
2024-06-20 13:49:00+09:00,22600.0,22600.0,22600.0,22600.0,344,0.0,0.0
2024-06-20 13:50:00+09:00,22700.0,22700.0,22600.0,22600.0,0,0.0,0.0
2024-06-20 13:52:00+09:00,22600.0,22600.0,22500.0,22500.0,988,0.0,0.0
2024-06-20 13:53:00+09:00,22500.0,22500.0,22500.0,22500.0,86,0.0,0.0
2024-06-20 13:54:00+09:00,22500.0,22500.0,22450.0,22450.0,300,0.0,0.0
2024-06-20 13:55:00+09:00,22450.0,22450.0,22400.0,22400.0,247,0.0,0.0
2024-06-20 13:56:00+09:00,22400.0,22450.0,22400.0,22450.0,53,0.0,0.0
2024-06-20 13:57:00+09:00,22400.0,22400.0,22400.0,22400.0,278,0.0,0.0
2024-06-20 13:58:00+09:00,22400.0,22400.0,22350.0,22350.0,133,0.0,0.0
2024-06-20 13:59:00+09:00,22400.0,22400.0,22400.0,22400.0,0,0.0,0.0
2024-06-20 14:00:00+09:00,22400.0,22400.0,22400.0,22400.0,8,0.0,0.0
2024-06-20 14:01:00+09:00,22350.0,22400.0,22350.0,22400.0,5,0.0,0.0
2024-06-20 14:02:00+09:00,22350.0,22400.0,22350.0,22400.0,299,0.0,0.0
2024-06-20 14:03:00+09:00,22400.0,22400.0,22350.0,22400.0,109,0.0,0.0
2024-06-20 14:04:00+09:00,22350.0,22350.0,22350.0,22350.0,6,0.0,0.0
2024-06-20 14:05:00+09:00,22300.0,22300.0,22300.0,22300.0,184,0.0,0.0
2024-06-20 14:06:00+09:00,22300.0,22300.0,22300.0,22300.0,1222,0.0,0.0
2024-06-20 14:07:00+09:00,22300.0,22300.0,22300.0,22300.0,0,0.0,0.0
2024-06-20 14:08:00+09:00,22300.0,22300.0,22250.0,22300.0,171,0.0,0.0
2024-06-20 14:09:00+09:00,22400.0,22400.0,22250.0,22250.0,384,0.0,0.0
2024-06-20 14:10:00+09:00,22250.0,22250.0,22200.0,22200.0,1447,0.0,0.0
2024-06-20 14:11:00+09:00,22200.0,22250.0,22150.0,22250.0,502,0.0,0.0
2024-06-20 14:12:00+09:00,22200.0,22250.0,22200.0,22250.0,276,0.0,0.0
2024-06-20 14:13:00+09:00,22200.0,22200.0,22200.0,22200.0,503,0.0,0.0
2024-06-20 14:14:00+09:00,22200.0,22200.0,22150.0,22150.0,567,0.0,0.0
2024-06-20 14:15:00+09:00,22150.0,22150.0,22100.0,22100.0,781,0.0,0.0
2024-06-20 14:16:00+09:00,22100.0,22150.0,22100.0,22150.0,485,0.0,0.0
2024-06-20 14:17:00+09:00,22150.0,22150.0,22100.0,22100.0,564,0.0,0.0
2024-06-20 14:18:00+09:00,22050.0,22100.0,22050.0,22100.0,739,0.0,0.0
2024-06-20 14:19:00+09:00,22100.0,22100.0,22050.0,22050.0,110,0.0,0.0
2024-06-20 14:20:00+09:00,22050.0,22050.0,22000.0,22050.0,924,0.0,0.0
2024-06-20 14:21:00+09:00,22050.0,22150.0,22000.0,22150.0,877,0.0,0.0
2024-06-20 14:22:00+09:00,22150.0,22150.0,22100.0,22100.0,205,0.0,0.0
2024-06-20 14:23:00+09:00,22100.0,22100.0,22100.0,22100.0,68,0.0,0.0
2024-06-20 14:24:00+09:00,22050.0,22050.0,22050.0,22050.0,491,0.0,0.0
2024-06-20 14:25:00+09:00,22050.0,22100.0,22050.0,22100.0,0,0.0,0.0
2024-06-20 14:26:00+09:00,22100.0,22100.0,22050.0,22100.0,199,0.0,0.0
2024-06-20 14:27:00+09:00,22100.0,22100.0,22050.0,22050.0,123,0.0,0.0
2024-06-20 14:28:00+09:00,22050.0,22050.0,22050.0,22050.0,19,0.0,0.0
2024-06-20 14:29:00+09:00,22050.0,22100.0,22050.0,22050.0,132,0.0,0.0
2024-06-20 14:30:00+09:00,22100.0,22100.0,22050.0,22100.0,111,0.0,0.0
2024-06-20 14:31:00+09:00,22050.0,22050.0,22050.0,22050.0,19,0.0,0.0
2024-06-20 14:32:00+09:00,22050.0,22100.0,22050.0,22050.0,188,0.0,0.0
2024-06-20 14:33:00+09:00,22050.0,22050.0,22050.0,22050.0,30,0.0,0.0
2024-06-20 14:34:00+09:00,22050.0,22050.0,22050.0,22050.0,288,0.0,0.0
2024-06-20 14:35:00+09:00,22050.0,22050.0,22000.0,22050.0,1628,0.0,0.0
2024-06-20 14:36:00+09:00,22050.0,22100.0,22000.0,22100.0,394,0.0,0.0
2024-06-20 14:37:00+09:00,22100.0,22150.0,22100.0,22150.0,139,0.0,0.0
2024-06-20 14:38:00+09:00,22150.0,22150.0,22100.0,22100.0,52,0.0,0.0
2024-06-20 14:39:00+09:00,22100.0,22100.0,22100.0,22100.0,5,0.0,0.0
2024-06-20 14:40:00+09:00,22150.0,22150.0,22150.0,22150.0,121,0.0,0.0
2024-06-20 14:41:00+09:00,22150.0,22150.0,22100.0,22100.0,433,0.0,0.0
2024-06-20 14:42:00+09:00,22100.0,22100.0,22050.0,22050.0,484,0.0,0.0
2024-06-20 14:43:00+09:00,22100.0,22100.0,22100.0,22100.0,0,0.0,0.0
2024-06-20 14:44:00+09:00,22100.0,22100.0,22100.0,22100.0,29,0.0,0.0
2024-06-20 14:45:00+09:00,22100.0,22150.0,22100.0,22100.0,315,0.0,0.0
2024-06-20 14:46:00+09:00,22100.0,22100.0,22100.0,22100.0,303,0.0,0.0
2024-06-20 14:47:00+09:00,22200.0,22200.0,22200.0,22200.0,136,0.0,0.0
2024-06-20 14:48:00+09:00,22200.0,22250.0,22150.0,22250.0,31,0.0,0.0
2024-06-20 14:49:00+09:00,22200.0,22250.0,22200.0,22200.0,357,0.0,0.0
2024-06-20 14:50:00+09:00,22200.0,22200.0,22200.0,22200.0,33,0.0,0.0
2024-06-20 14:51:00+09:00,22200.0,22250.0,22100.0,22200.0,625,0.0,0.0
2024-06-20 14:52:00+09:00,22200.0,22200.0,22200.0,22200.0,44,0.0,0.0
2024-06-20 14:53:00+09:00,22200.0,22200.0,22200.0,22200.0,134,0.0,0.0
2024-06-20 14:54:00+09:00,22200.0,22200.0,22200.0,22200.0,42,0.0,0.0
2024-06-20 14:55:00+09:00,22200.0,22200.0,22200.0,22200.0,14,0.0,0.0
2024-06-20 14:56:00+09:00,22200.0,22200.0,22200.0,22200.0,344,0.0,0.0
2024-06-20 14:57:00+09:00,22200.0,22200.0,22150.0,22200.0,43,0.0,0.0
2024-06-20 14:58:00+09:00,22150.0,22200.0,22150.0,22200.0,354,0.0,0.0
2024-06-20 14:59:00+09:00,22150.0,22250.0,22150.0,22150.0,293,0.0,0.0
2024-06-21 09:00:00+09:00,21700.0,21800.0,21550.0,21600.0,6450,0.0,0.0
2024-06-21 09:01:00+09:00,21600.0,21650.0,21550.0,21550.0,1978,0.0,0.0
2024-06-21 09:02:00+09:00,21600.0,21600.0,21550.0,21550.0,0,0.0,0.0
2024-06-21 09:03:00+09:00,21550.0,21650.0,21400.0,21600.0,1337,0.0,0.0
2024-06-21 09:04:00+09:00,21550.0,21550.0,21300.0,21300.0,5533,0.0,0.0
2024-06-21 09:05:00+09:00,21350.0,21450.0,21200.0,21400.0,631,0.0,0.0
2024-06-21 09:06:00+09:00,21400.0,21450.0,21300.0,21300.0,626,0.0,0.0
2024-06-21 09:07:00+09:00,21300.0,21350.0,21200.0,21350.0,1415,0.0,0.0
2024-06-21 09:08:00+09:00,21300.0,21350.0,21200.0,21250.0,1277,0.0,0.0
2024-06-21 09:09:00+09:00,21200.0,21200.0,20900.0,20950.0,5192,0.0,0.0
2024-06-21 09:10:00+09:00,21000.0,21000.0,20800.0,20950.0,2068,0.0,0.0
2024-06-21 09:11:00+09:00,20900.0,20950.0,20850.0,20850.0,1996,0.0,0.0
2024-06-21 09:12:00+09:00,20850.0,21000.0,20850.0,20950.0,1348,0.0,0.0
2024-06-21 09:13:00+09:00,20950.0,20950.0,20850.0,20850.0,1564,0.0,0.0
2024-06-21 09:14:00+09:00,20850.0,20900.0,20850.0,20850.0,1683,0.0,0.0
2024-06-21 09:15:00+09:00,20900.0,20900.0,20850.0,20850.0,208,0.0,0.0
2024-06-21 09:16:00+09:00,20900.0,20950.0,20850.0,20950.0,1561,0.0,0.0
2024-06-21 09:17:00+09:00,20950.0,21000.0,20950.0,21000.0,378,0.0,0.0
2024-06-21 09:18:00+09:00,21000.0,21000.0,20900.0,20900.0,403,0.0,0.0
2024-06-21 09:19:00+09:00,20900.0,20900.0,20850.0,20900.0,797,0.0,0.0
2024-06-21 09:20:00+09:00,20900.0,20900.0,20850.0,20850.0,1846,0.0,0.0
2024-06-21 09:21:00+09:00,20850.0,20950.0,20700.0,20750.0,3732,0.0,0.0
2024-06-21 09:22:00+09:00,20700.0,20800.0,20700.0,20750.0,1636,0.0,0.0
2024-06-21 09:23:00+09:00,20850.0,20850.0,20850.0,20850.0,412,0.0,0.0
2024-06-21 09:24:00+09:00,20850.0,20850.0,20800.0,20800.0,261,0.0,0.0
2024-06-21 09:25:00+09:00,20800.0,20800.0,20750.0,20750.0,93,0.0,0.0
2024-06-21 09:26:00+09:00,20750.0,20750.0,20750.0,20750.0,936,0.0,0.0
2024-06-21 09:27:00+09:00,20750.0,20800.0,20700.0,20700.0,875,0.0,0.0
2024-06-21 09:28:00+09:00,20750.0,20750.0,20700.0,20750.0,633,0.0,0.0
2024-06-21 09:29:00+09:00,20700.0,20850.0,20700.0,20850.0,566,0.0,0.0
2024-06-21 09:30:00+09:00,20750.0,20850.0,20750.0,20800.0,251,0.0,0.0
2024-06-21 09:31:00+09:00,20850.0,20850.0,20850.0,20850.0,0,0.0,0.0
2024-06-21 09:32:00+09:00,20950.0,21200.0,20950.0,21050.0,2678,0.0,0.0
2024-06-21 09:33:00+09:00,21150.0,21250.0,21150.0,21150.0,2616,0.0,0.0
2024-06-21 09:34:00+09:00,21100.0,21100.0,21000.0,21050.0,238,0.0,0.0
2024-06-21 09:35:00+09:00,21050.0,21150.0,21050.0,21150.0,1056,0.0,0.0
2024-06-21 09:36:00+09:00,21200.0,21200.0,21150.0,21200.0,190,0.0,0.0
2024-06-21 09:37:00+09:00,21200.0,21250.0,21200.0,21200.0,1807,0.0,0.0
2024-06-21 09:38:00+09:00,21200.0,21250.0,21200.0,21200.0,1075,0.0,0.0
2024-06-21 09:39:00+09:00,21300.0,21600.0,21300.0,21600.0,2224,0.0,0.0
2024-06-21 09:40:00+09:00,21650.0,21650.0,21350.0,21350.0,847,0.0,0.0
2024-06-21 09:41:00+09:00,21350.0,21400.0,21350.0,21400.0,194,0.0,0.0
2024-06-21 09:42:00+09:00,21400.0,21450.0,21400.0,21450.0,469,0.0,0.0
2024-06-21 09:43:00+09:00,21550.0,21600.0,21500.0,21500.0,1579,0.0,0.0
2024-06-21 09:44:00+09:00,21500.0,21700.0,21500.0,21650.0,1308,0.0,0.0
2024-06-21 09:45:00+09:00,21650.0,21950.0,21600.0,21800.0,2162,0.0,0.0
2024-06-21 09:46:00+09:00,21700.0,21800.0,21700.0,21800.0,995,0.0,0.0
2024-06-21 09:47:00+09:00,21800.0,21850.0,21700.0,21750.0,1200,0.0,0.0
2024-06-21 09:48:00+09:00,21750.0,21800.0,21700.0,21700.0,604,0.0,0.0
2024-06-21 09:49:00+09:00,21700.0,22050.0,21600.0,21950.0,2419,0.0,0.0
2024-06-21 09:50:00+09:00,21950.0,22000.0,21750.0,21750.0,1867,0.0,0.0
2024-06-21 09:51:00+09:00,21850.0,21900.0,21700.0,21750.0,2404,0.0,0.0
2024-06-21 09:52:00+09:00,21800.0,21850.0,21700.0,21850.0,1730,0.0,0.0
2024-06-21 09:53:00+09:00,21800.0,21850.0,21750.0,21850.0,0,0.0,0.0
2024-06-21 09:54:00+09:00,21850.0,21850.0,21850.0,21850.0,427,0.0,0.0
2024-06-21 09:55:00+09:00,21850.0,21950.0,21850.0,21850.0,907,0.0,0.0
2024-06-21 09:56:00+09:00,21900.0,21900.0,21800.0,21900.0,341,0.0,0.0
2024-06-21 09:57:00+09:00,21900.0,21900.0,21800.0,21800.0,606,0.0,0.0
2024-06-21 09:58:00+09:00,21800.0,21950.0,21800.0,21800.0,266,0.0,0.0
2024-06-21 09:59:00+09:00,21800.0,21800.0,21800.0,21800.0,24,0.0,0.0
2024-06-21 10:00:00+09:00,21750.0,21850.0,21750.0,21750.0,372,0.0,0.0
2024-06-21 10:01:00+09:00,21750.0,21800.0,21700.0,21700.0,1072,0.0,0.0
2024-06-21 10:02:00+09:00,21750.0,21750.0,21750.0,21750.0,432,0.0,0.0
2024-06-21 10:03:00+09:00,21600.0,21600.0,21600.0,21600.0,1040,0.0,0.0
2024-06-21 10:04:00+09:00,21600.0,21650.0,21600.0,21600.0,628,0.0,0.0
2024-06-21 10:05:00+09:00,21650.0,21700.0,21600.0,21700.0,204,0.0,0.0
2024-06-21 10:06:00+09:00,21650.0,21700.0,21650.0,21700.0,372,0.0,0.0
2024-06-21 10:07:00+09:00,21700.0,21800.0,21700.0,21800.0,0,0.0,0.0
2024-06-21 10:08:00+09:00,21800.0,21850.0,21800.0,21850.0,455,0.0,0.0
2024-06-21 10:09:00+09:00,21900.0,22000.0,21900.0,21950.0,2474,0.0,0.0
2024-06-21 10:10:00+09:00,21950.0,21950.0,21900.0,21950.0,28,0.0,0.0
2024-06-21 10:11:00+09:00,21950.0,21950.0,21950.0,21950.0,794,0.0,0.0
2024-06-21 10:12:00+09:00,21950.0,22000.0,21950.0,22000.0,549,0.0,0.0
2024-06-21 10:13:00+09:00,22000.0,22100.0,22000.0,22000.0,1101,0.0,0.0
2024-06-21 10:14:00+09:00,22100.0,22100.0,22050.0,22100.0,1032,0.0,0.0
2024-06-21 10:15:00+09:00,22150.0,22350.0,22150.0,22250.0,2033,0.0,0.0
2024-06-21 10:16:00+09:00,22200.0,22300.0,22150.0,22150.0,821,0.0,0.0
2024-06-21 10:17:00+09:00,22200.0,22200.0,22100.0,22150.0,588,0.0,0.0
2024-06-21 10:18:00+09:00,22150.0,22150.0,22100.0,22150.0,118,0.0,0.0
2024-06-21 10:19:00+09:00,22200.0,22200.0,22150.0,22150.0,192,0.0,0.0
2024-06-21 10:20:00+09:00,22200.0,22200.0,22150.0,22200.0,1043,0.0,0.0
2024-06-21 10:21:00+09:00,22200.0,22400.0,22200.0,22400.0,2027,0.0,0.0
2024-06-21 10:22:00+09:00,22400.0,22400.0,22300.0,22300.0,866,0.0,0.0
2024-06-21 10:23:00+09:00,22300.0,22300.0,22050.0,22200.0,2524,0.0,0.0
2024-06-21 10:24:00+09:00,22050.0,22150.0,22050.0,22150.0,37,0.0,0.0
2024-06-21 10:25:00+09:00,22100.0,22100.0,22100.0,22100.0,466,0.0,0.0
2024-06-21 10:26:00+09:00,22050.0,22100.0,22050.0,22100.0,741,0.0,0.0
2024-06-21 10:27:00+09:00,22100.0,22150.0,22100.0,22100.0,351,0.0,0.0
2024-06-21 10:28:00+09:00,22100.0,22100.0,22100.0,22100.0,0,0.0,0.0
2024-06-21 10:29:00+09:00,22000.0,22050.0,21950.0,21950.0,901,0.0,0.0
2024-06-21 10:30:00+09:00,21950.0,22000.0,21950.0,22000.0,413,0.0,0.0
2024-06-21 10:31:00+09:00,21950.0,22000.0,21950.0,22000.0,178,0.0,0.0
2024-06-21 10:32:00+09:00,22000.0,22100.0,22000.0,22000.0,615,0.0,0.0
2024-06-21 10:33:00+09:00,22050.0,22050.0,21950.0,22050.0,570,0.0,0.0
2024-06-21 10:34:00+09:00,22050.0,22100.0,22050.0,22100.0,258,0.0,0.0
2024-06-21 10:35:00+09:00,22100.0,22100.0,22050.0,22100.0,142,0.0,0.0
2024-06-21 10:36:00+09:00,22050.0,22050.0,21950.0,22000.0,256,0.0,0.0
2024-06-21 10:37:00+09:00,22000.0,22100.0,22000.0,22100.0,701,0.0,0.0
2024-06-21 10:38:00+09:00,22150.0,22300.0,22150.0,22250.0,801,0.0,0.0
2024-06-21 10:39:00+09:00,22300.0,22400.0,22300.0,22300.0,1157,0.0,0.0
2024-06-21 10:40:00+09:00,22350.0,22400.0,22300.0,22350.0,1127,0.0,0.0
2024-06-21 10:41:00+09:00,22350.0,22350.0,22150.0,22200.0,802,0.0,0.0
2024-06-21 10:42:00+09:00,22200.0,22200.0,22100.0,22200.0,631,0.0,0.0
2024-06-21 10:43:00+09:00,22300.0,22450.0,22250.0,22350.0,2062,0.0,0.0
2024-06-21 10:44:00+09:00,22350.0,22450.0,22300.0,22450.0,1061,0.0,0.0
2024-06-21 10:45:00+09:00,22350.0,22400.0,22250.0,22250.0,629,0.0,0.0
2024-06-21 10:46:00+09:00,22200.0,22400.0,22150.0,22200.0,1366,0.0,0.0
2024-06-21 10:47:00+09:00,22150.0,22350.0,22150.0,22200.0,1031,0.0,0.0
2024-06-21 10:48:00+09:00,22150.0,22300.0,22150.0,22200.0,289,0.0,0.0
2024-06-21 10:49:00+09:00,22200.0,22200.0,22050.0,22050.0,2096,0.0,0.0
2024-06-21 10:50:00+09:00,22050.0,22250.0,22050.0,22250.0,609,0.0,0.0
2024-06-21 10:51:00+09:00,22150.0,22250.0,22150.0,22250.0,206,0.0,0.0
2024-06-21 10:52:00+09:00,22300.0,22350.0,22300.0,22300.0,1034,0.0,0.0
2024-06-21 10:53:00+09:00,22300.0,22300.0,22200.0,22200.0,141,0.0,0.0
2024-06-21 10:54:00+09:00,22150.0,22200.0,22150.0,22200.0,164,0.0,0.0
2024-06-21 10:55:00+09:00,22200.0,22200.0,22100.0,22100.0,144,0.0,0.0
2024-06-21 10:56:00+09:00,22100.0,22100.0,22100.0,22100.0,242,0.0,0.0
2024-06-21 10:57:00+09:00,22100.0,22100.0,22100.0,22100.0,253,0.0,0.0
2024-06-21 10:58:00+09:00,22150.0,22150.0,22100.0,22100.0,0,0.0,0.0
2024-06-21 11:00:00+09:00,22100.0,22150.0,22100.0,22150.0,542,0.0,0.0
2024-06-21 11:01:00+09:00,22150.0,22150.0,22100.0,22100.0,340,0.0,0.0
2024-06-21 11:02:00+09:00,22100.0,22100.0,22100.0,22100.0,126,0.0,0.0
2024-06-21 11:03:00+09:00,22100.0,22100.0,22100.0,22100.0,914,0.0,0.0
2024-06-21 11:04:00+09:00,22100.0,22100.0,22100.0,22100.0,0,0.0,0.0
2024-06-21 11:06:00+09:00,22100.0,22200.0,22100.0,22200.0,268,0.0,0.0
2024-06-21 11:07:00+09:00,22150.0,22200.0,22150.0,22150.0,21,0.0,0.0
2024-06-21 11:08:00+09:00,22150.0,22150.0,22100.0,22150.0,25,0.0,0.0
2024-06-21 11:09:00+09:00,22150.0,22200.0,22100.0,22100.0,230,0.0,0.0
2024-06-21 11:10:00+09:00,22100.0,22100.0,22100.0,22100.0,488,0.0,0.0
2024-06-21 11:12:00+09:00,22100.0,22150.0,22100.0,22150.0,0,0.0,0.0
2024-06-21 11:13:00+09:00,22150.0,22150.0,22100.0,22100.0,40,0.0,0.0
2024-06-21 11:14:00+09:00,22150.0,22150.0,22150.0,22150.0,97,0.0,0.0
2024-06-21 11:15:00+09:00,22150.0,22150.0,22050.0,22050.0,1226,0.0,0.0
2024-06-21 11:16:00+09:00,22100.0,22100.0,22100.0,22100.0,0,0.0,0.0
2024-06-21 11:17:00+09:00,22100.0,22100.0,22100.0,22100.0,124,0.0,0.0
2024-06-21 11:18:00+09:00,22100.0,22200.0,22100.0,22200.0,677,0.0,0.0
2024-06-21 11:19:00+09:00,22200.0,22350.0,22200.0,22350.0,1514,0.0,0.0
2024-06-21 11:20:00+09:00,22350.0,22350.0,22350.0,22350.0,409,0.0,0.0
2024-06-21 11:21:00+09:00,22350.0,22550.0,22300.0,22400.0,4441,0.0,0.0
2024-06-21 11:22:00+09:00,22400.0,22400.0,22350.0,22350.0,210,0.0,0.0
2024-06-21 11:23:00+09:00,22300.0,22350.0,22250.0,22350.0,416,0.0,0.0
2024-06-21 11:24:00+09:00,22300.0,22400.0,22300.0,22400.0,837,0.0,0.0
2024-06-21 11:25:00+09:00,22400.0,22600.0,22400.0,22500.0,2194,0.0,0.0
2024-06-21 11:26:00+09:00,22500.0,22550.0,22400.0,22500.0,1228,0.0,0.0
2024-06-21 11:27:00+09:00,22500.0,22550.0,22300.0,22450.0,3057,0.0,0.0
2024-06-21 11:28:00+09:00,22450.0,22450.0,22300.0,22450.0,396,0.0,0.0
2024-06-21 11:29:00+09:00,22400.0,22400.0,22400.0,22400.0,0,0.0,0.0
2024-06-21 11:30:00+09:00,22400.0,22450.0,22400.0,22450.0,116,0.0,0.0
2024-06-21 11:31:00+09:00,22450.0,22450.0,22350.0,22350.0,449,0.0,0.0
2024-06-21 11:32:00+09:00,22350.0,22500.0,22350.0,22400.0,518,0.0,0.0
2024-06-21 11:33:00+09:00,22400.0,22450.0,22400.0,22450.0,128,0.0,0.0
2024-06-21 11:34:00+09:00,22400.0,22550.0,22400.0,22550.0,948,0.0,0.0
2024-06-21 11:35:00+09:00,22550.0,22550.0,22300.0,22450.0,929,0.0,0.0
2024-06-21 11:36:00+09:00,22450.0,22450.0,22450.0,22450.0,559,0.0,0.0
2024-06-21 11:37:00+09:00,22450.0,22500.0,22450.0,22450.0,0,0.0,0.0
2024-06-21 11:38:00+09:00,22450.0,22450.0,22400.0,22400.0,135,0.0,0.0
2024-06-21 11:39:00+09:00,22350.0,22350.0,22250.0,22300.0,650,0.0,0.0
2024-06-21 11:40:00+09:00,22250.0,22350.0,22250.0,22350.0,380,0.0,0.0
2024-06-21 11:41:00+09:00,22300.0,22300.0,22200.0,22200.0,1054,0.0,0.0
2024-06-21 11:42:00+09:00,22250.0,22250.0,22200.0,22250.0,0,0.0,0.0
2024-06-21 11:43:00+09:00,22250.0,22250.0,22250.0,22250.0,0,0.0,0.0
2024-06-21 11:44:00+09:00,22250.0,22400.0,22250.0,22400.0,209,0.0,0.0
2024-06-21 11:45:00+09:00,22350.0,22450.0,22200.0,22400.0,782,0.0,0.0
2024-06-21 11:46:00+09:00,22400.0,22400.0,22400.0,22400.0,19,0.0,0.0
2024-06-21 11:47:00+09:00,22400.0,22400.0,22200.0,22200.0,86,0.0,0.0
2024-06-21 11:49:00+09:00,22250.0,22300.0,22200.0,22200.0,286,0.0,0.0
2024-06-21 11:50:00+09:00,22200.0,22200.0,22150.0,22150.0,553,0.0,0.0
2024-06-21 11:51:00+09:00,22150.0,22350.0,22150.0,22350.0,0,0.0,0.0
2024-06-21 11:52:00+09:00,22250.0,22250.0,22250.0,22250.0,119,0.0,0.0
2024-06-21 11:53:00+09:00,22250.0,22250.0,22200.0,22200.0,72,0.0,0.0
2024-06-21 11:54:00+09:00,22200.0,22200.0,22150.0,22150.0,63,0.0,0.0
2024-06-21 11:55:00+09:00,22150.0,22150.0,22150.0,22150.0,281,0.0,0.0
2024-06-21 11:56:00+09:00,22200.0,22200.0,22150.0,22150.0,169,0.0,0.0
2024-06-21 11:57:00+09:00,22200.0,22300.0,22200.0,22200.0,44,0.0,0.0
2024-06-21 11:58:00+09:00,22350.0,22350.0,22350.0,22350.0,129,0.0,0.0
2024-06-21 11:59:00+09:00,22300.0,22300.0,22300.0,22300.0,0,0.0,0.0
2024-06-21 12:03:00+09:00,22250.0,22250.0,22250.0,22250.0,9,0.0,0.0
2024-06-21 12:04:00+09:00,22250.0,22250.0,22250.0,22250.0,94,0.0,0.0
2024-06-21 12:05:00+09:00,22250.0,22250.0,22250.0,22250.0,29,0.0,0.0
2024-06-21 12:06:00+09:00,22250.0,22300.0,22150.0,22200.0,160,0.0,0.0
2024-06-21 12:07:00+09:00,22200.0,22300.0,22200.0,22300.0,58,0.0,0.0
2024-06-21 12:08:00+09:00,22200.0,22300.0,22200.0,22250.0,70,0.0,0.0
2024-06-21 12:09:00+09:00,22250.0,22300.0,22250.0,22300.0,418,0.0,0.0
2024-06-21 12:10:00+09:00,22300.0,22300.0,22100.0,22100.0,1466,0.0,0.0
2024-06-21 12:11:00+09:00,22100.0,22100.0,22050.0,22050.0,437,0.0,0.0
2024-06-21 12:12:00+09:00,22100.0,22100.0,22100.0,22100.0,48,0.0,0.0
2024-06-21 12:13:00+09:00,22200.0,22200.0,22200.0,22200.0,10,0.0,0.0
2024-06-21 12:14:00+09:00,22150.0,22150.0,22050.0,22050.0,1111,0.0,0.0
2024-06-21 12:15:00+09:00,22050.0,22150.0,22050.0,22150.0,268,0.0,0.0
2024-06-21 12:16:00+09:00,22100.0,22100.0,22100.0,22100.0,148,0.0,0.0
2024-06-21 12:17:00+09:00,22100.0,22150.0,22100.0,22150.0,86,0.0,0.0
2024-06-21 12:18:00+09:00,22100.0,22100.0,22100.0,22100.0,34,0.0,0.0
2024-06-21 12:19:00+09:00,22100.0,22150.0,22100.0,22150.0,192,0.0,0.0
2024-06-21 12:20:00+09:00,22150.0,22150.0,22150.0,22150.0,94,0.0,0.0
2024-06-21 12:22:00+09:00,22150.0,22150.0,22100.0,22100.0,525,0.0,0.0
2024-06-21 12:23:00+09:00,22100.0,22100.0,22100.0,22100.0,0,0.0,0.0
2024-06-21 12:24:00+09:00,22100.0,22100.0,22050.0,22050.0,815,0.0,0.0
2024-06-21 12:25:00+09:00,22050.0,22100.0,22050.0,22050.0,117,0.0,0.0
2024-06-21 12:26:00+09:00,22100.0,22100.0,22050.0,22050.0,90,0.0,0.0
2024-06-21 12:28:00+09:00,22050.0,22050.0,22050.0,22050.0,206,0.0,0.0
2024-06-21 12:29:00+09:00,22050.0,22050.0,22050.0,22050.0,153,0.0,0.0
2024-06-21 12:30:00+09:00,22050.0,22150.0,22000.0,22150.0,605,0.0,0.0
2024-06-21 12:31:00+09:00,22150.0,22150.0,22150.0,22150.0,0,0.0,0.0
2024-06-21 12:32:00+09:00,22100.0,22150.0,22050.0,22050.0,443,0.0,0.0
2024-06-21 12:33:00+09:00,22200.0,22200.0,22200.0,22200.0,123,0.0,0.0
2024-06-21 12:34:00+09:00,22200.0,22200.0,22150.0,22200.0,0,0.0,0.0
2024-06-21 12:35:00+09:00,22150.0,22200.0,22150.0,22200.0,258,0.0,0.0
2024-06-21 12:36:00+09:00,22150.0,22150.0,22100.0,22100.0,0,0.0,0.0
2024-06-21 12:37:00+09:00,22100.0,22150.0,22100.0,22100.0,64,0.0,0.0
2024-06-21 12:38:00+09:00,22100.0,22100.0,22050.0,22050.0,922,0.0,0.0
2024-06-21 12:39:00+09:00,22150.0,22150.0,22100.0,22100.0,0,0.0,0.0
2024-06-21 12:40:00+09:00,22150.0,22150.0,22150.0,22150.0,0,0.0,0.0
2024-06-21 12:41:00+09:00,22200.0,22250.0,22100.0,22250.0,362,0.0,0.0
2024-06-21 12:42:00+09:00,22250.0,22250.0,22200.0,22250.0,55,0.0,0.0
2024-06-21 12:44:00+09:00,22200.0,22200.0,22150.0,22150.0,78,0.0,0.0
2024-06-21 12:45:00+09:00,22150.0,22150.0,22150.0,22150.0,80,0.0,0.0
2024-06-21 12:46:00+09:00,22150.0,22150.0,22150.0,22150.0,5,0.0,0.0
2024-06-21 12:47:00+09:00,22150.0,22150.0,22100.0,22100.0,11,0.0,0.0
2024-06-21 12:48:00+09:00,22100.0,22150.0,22100.0,22150.0,18,0.0,0.0
2024-06-21 12:49:00+09:00,22150.0,22150.0,22150.0,22150.0,11,0.0,0.0
2024-06-21 12:51:00+09:00,22150.0,22150.0,22150.0,22150.0,7,0.0,0.0
2024-06-21 12:52:00+09:00,22150.0,22150.0,22150.0,22150.0,5,0.0,0.0
2024-06-21 12:53:00+09:00,22150.0,22150.0,22150.0,22150.0,30,0.0,0.0
2024-06-21 12:54:00+09:00,22200.0,22200.0,22200.0,22200.0,71,0.0,0.0
2024-06-21 12:55:00+09:00,22200.0,22200.0,22200.0,22200.0,0,0.0,0.0
2024-06-21 12:56:00+09:00,22250.0,22250.0,22250.0,22250.0,160,0.0,0.0
2024-06-21 12:57:00+09:00,22200.0,22250.0,22150.0,22150.0,481,0.0,0.0
2024-06-21 12:58:00+09:00,22150.0,22150.0,22150.0,22150.0,0,0.0,0.0
2024-06-21 12:59:00+09:00,22150.0,22150.0,22150.0,22150.0,87,0.0,0.0
2024-06-21 13:00:00+09:00,22150.0,22150.0,22150.0,22150.0,97,0.0,0.0
2024-06-21 13:01:00+09:00,22150.0,22150.0,22150.0,22150.0,0,0.0,0.0
2024-06-21 13:02:00+09:00,22150.0,22150.0,22100.0,22100.0,324,0.0,0.0
2024-06-21 13:03:00+09:00,22100.0,22100.0,22100.0,22100.0,65,0.0,0.0
2024-06-21 13:04:00+09:00,22100.0,22100.0,22100.0,22100.0,122,0.0,0.0
2024-06-21 13:05:00+09:00,22050.0,22100.0,22050.0,22100.0,150,0.0,0.0
2024-06-21 13:06:00+09:00,22100.0,22100.0,22100.0,22100.0,50,0.0,0.0
2024-06-21 13:08:00+09:00,22100.0,22100.0,22100.0,22100.0,75,0.0,0.0
2024-06-21 13:09:00+09:00,22050.0,22050.0,22050.0,22050.0,168,0.0,0.0
2024-06-21 13:10:00+09:00,22050.0,22050.0,22050.0,22050.0,0,0.0,0.0
2024-06-21 13:11:00+09:00,22050.0,22050.0,22050.0,22050.0,409,0.0,0.0
2024-06-21 13:12:00+09:00,22050.0,22050.0,22050.0,22050.0,0,0.0,0.0
2024-06-21 13:13:00+09:00,22050.0,22050.0,22000.0,22000.0,84,0.0,0.0
2024-06-21 13:14:00+09:00,22000.0,22100.0,22000.0,22100.0,1009,0.0,0.0
2024-06-21 13:15:00+09:00,22050.0,22050.0,22050.0,22050.0,168,0.0,0.0
2024-06-21 13:16:00+09:00,22050.0,22050.0,22050.0,22050.0,88,0.0,0.0
2024-06-21 13:18:00+09:00,22050.0,22100.0,22050.0,22100.0,84,0.0,0.0
2024-06-21 13:19:00+09:00,22100.0,22100.0,22100.0,22100.0,140,0.0,0.0
2024-06-21 13:20:00+09:00,22100.0,22100.0,22050.0,22050.0,0,0.0,0.0
2024-06-21 13:21:00+09:00,22050.0,22050.0,22050.0,22050.0,23,0.0,0.0
2024-06-21 13:22:00+09:00,22050.0,22050.0,22050.0,22050.0,37,0.0,0.0
2024-06-21 13:23:00+09:00,22050.0,22050.0,22050.0,22050.0,40,0.0,0.0
2024-06-21 13:24:00+09:00,22050.0,22050.0,22050.0,22050.0,13,0.0,0.0
2024-06-21 13:25:00+09:00,22100.0,22100.0,22100.0,22100.0,0,0.0,0.0
2024-06-21 13:27:00+09:00,22100.0,22100.0,22100.0,22100.0,39,0.0,0.0
2024-06-21 13:28:00+09:00,22100.0,22100.0,22050.0,22050.0,167,0.0,0.0
2024-06-21 13:29:00+09:00,22050.0,22050.0,22050.0,22050.0,369,0.0,0.0
2024-06-21 13:30:00+09:00,22050.0,22100.0,22050.0,22100.0,121,0.0,0.0
2024-06-21 13:31:00+09:00,22050.0,22050.0,22050.0,22050.0,436,0.0,0.0
2024-06-21 13:32:00+09:00,22000.0,22100.0,22000.0,22000.0,425,0.0,0.0
2024-06-21 13:33:00+09:00,22000.0,22000.0,22000.0,22000.0,31,0.0,0.0
2024-06-21 13:34:00+09:00,22100.0,22100.0,22100.0,22100.0,33,0.0,0.0
2024-06-21 13:36:00+09:00,22050.0,22050.0,22050.0,22050.0,68,0.0,0.0
2024-06-21 13:37:00+09:00,22050.0,22050.0,22050.0,22050.0,190,0.0,0.0
2024-06-21 13:38:00+09:00,22050.0,22050.0,22050.0,22050.0,11,0.0,0.0
2024-06-21 13:39:00+09:00,22050.0,22050.0,22050.0,22050.0,159,0.0,0.0
2024-06-21 13:40:00+09:00,22050.0,22050.0,22000.0,22000.0,45,0.0,0.0
2024-06-21 13:41:00+09:00,22000.0,22000.0,22000.0,22000.0,193,0.0,0.0
2024-06-21 13:42:00+09:00,22000.0,22000.0,22000.0,22000.0,0,0.0,0.0
2024-06-21 13:43:00+09:00,22100.0,22100.0,22100.0,22100.0,4,0.0,0.0
2024-06-21 13:47:00+09:00,22050.0,22050.0,22000.0,22000.0,34,0.0,0.0
2024-06-21 13:48:00+09:00,22000.0,22000.0,22000.0,22000.0,0,0.0,0.0
2024-06-21 13:49:00+09:00,22000.0,22000.0,22000.0,22000.0,272,0.0,0.0
2024-06-21 13:50:00+09:00,22000.0,22000.0,22000.0,22000.0,323,0.0,0.0
2024-06-21 13:51:00+09:00,22000.0,22000.0,22000.0,22000.0,0,0.0,0.0
2024-06-21 13:52:00+09:00,22000.0,22000.0,21850.0,21850.0,967,0.0,0.0
2024-06-21 13:53:00+09:00,22100.0,22100.0,22100.0,22100.0,0,0.0,0.0
2024-06-21 13:54:00+09:00,22050.0,22050.0,22050.0,22050.0,1,0.0,0.0
2024-06-21 13:55:00+09:00,22050.0,22050.0,22050.0,22050.0,6,0.0,0.0
2024-06-21 13:57:00+09:00,21900.0,22050.0,21850.0,22050.0,227,0.0,0.0
2024-06-21 13:58:00+09:00,22000.0,22000.0,21950.0,21950.0,0,0.0,0.0
2024-06-21 13:59:00+09:00,21900.0,21900.0,21900.0,21900.0,388,0.0,0.0
2024-06-21 14:00:00+09:00,21900.0,21900.0,21900.0,21900.0,196,0.0,0.0
2024-06-21 14:01:00+09:00,22050.0,22050.0,22050.0,22050.0,0,0.0,0.0
2024-06-21 14:03:00+09:00,22050.0,22050.0,22050.0,22050.0,964,0.0,0.0
2024-06-21 14:04:00+09:00,21900.0,21900.0,21900.0,21900.0,0,0.0,0.0
2024-06-21 14:05:00+09:00,21900.0,21900.0,21900.0,21900.0,153,0.0,0.0
2024-06-21 14:06:00+09:00,21900.0,21900.0,21850.0,21850.0,294,0.0,0.0
2024-06-21 14:07:00+09:00,21900.0,21900.0,21800.0,21800.0,238,0.0,0.0
2024-06-21 14:08:00+09:00,21850.0,21850.0,21750.0,21750.0,1287,0.0,0.0
2024-06-21 14:09:00+09:00,21750.0,21750.0,21650.0,21650.0,1186,0.0,0.0
2024-06-21 14:10:00+09:00,21650.0,21650.0,21600.0,21600.0,314,0.0,0.0
2024-06-21 14:11:00+09:00,21600.0,21600.0,21600.0,21600.0,1226,0.0,0.0
2024-06-21 14:12:00+09:00,21600.0,21600.0,21600.0,21600.0,201,0.0,0.0
2024-06-21 14:13:00+09:00,21650.0,21650.0,21600.0,21600.0,1238,0.0,0.0
2024-06-21 14:14:00+09:00,21600.0,21700.0,21600.0,21700.0,0,0.0,0.0
2024-06-21 14:15:00+09:00,21650.0,21650.0,21600.0,21600.0,162,0.0,0.0
2024-06-21 14:16:00+09:00,21600.0,21650.0,21600.0,21650.0,18,0.0,0.0
2024-06-21 14:17:00+09:00,21650.0,21700.0,21600.0,21700.0,352,0.0,0.0
2024-06-21 14:18:00+09:00,21700.0,21700.0,21650.0,21650.0,189,0.0,0.0
2024-06-21 14:19:00+09:00,21700.0,21700.0,21700.0,21700.0,4,0.0,0.0
2024-06-21 14:20:00+09:00,21650.0,21650.0,21650.0,21650.0,203,0.0,0.0
2024-06-21 14:21:00+09:00,21650.0,21650.0,21650.0,21650.0,335,0.0,0.0
2024-06-21 14:22:00+09:00,21600.0,21600.0,21600.0,21600.0,0,0.0,0.0
2024-06-21 14:23:00+09:00,21600.0,21700.0,21600.0,21700.0,223,0.0,0.0
2024-06-21 14:24:00+09:00,21600.0,21650.0,21600.0,21600.0,22,0.0,0.0
2024-06-21 14:25:00+09:00,21600.0,21700.0,21600.0,21700.0,266,0.0,0.0
2024-06-21 14:26:00+09:00,21700.0,21700.0,21650.0,21650.0,0,0.0,0.0
2024-06-21 14:27:00+09:00,21650.0,21650.0,21650.0,21650.0,534,0.0,0.0
2024-06-21 14:29:00+09:00,21650.0,21650.0,21600.0,21600.0,768,0.0,0.0
2024-06-21 14:31:00+09:00,21600.0,21600.0,21600.0,21600.0,0,0.0,0.0
2024-06-21 14:33:00+09:00,21600.0,21600.0,21600.0,21600.0,0,0.0,0.0
2024-06-21 14:34:00+09:00,21600.0,21700.0,21600.0,21700.0,183,0.0,0.0
2024-06-21 14:35:00+09:00,21700.0,21700.0,21600.0,21600.0,167,0.0,0.0
2024-06-21 14:36:00+09:00,21700.0,21750.0,21700.0,21750.0,224,0.0,0.0
2024-06-21 14:37:00+09:00,21750.0,21750.0,21750.0,21750.0,0,0.0,0.0
2024-06-21 14:39:00+09:00,21750.0,21750.0,21750.0,21750.0,1,0.0,0.0
2024-06-21 14:40:00+09:00,21750.0,21750.0,21750.0,21750.0,458,0.0,0.0
2024-06-21 14:42:00+09:00,21750.0,21750.0,21750.0,21750.0,37,0.0,0.0
2024-06-21 14:44:00+09:00,21750.0,21750.0,21750.0,21750.0,0,0.0,0.0
2024-06-21 14:45:00+09:00,21750.0,21800.0,21750.0,21800.0,177520,0.0,0.0
2024-06-21 14:46:00+09:00,21800.0,21850.0,21750.0,21850.0,151,0.0,0.0
2024-06-21 14:47:00+09:00,21900.0,21900.0,21900.0,21900.0,19,0.0,0.0
2024-06-21 14:48:00+09:00,21900.0,21900.0,21800.0,21800.0,191,0.0,0.0
2024-06-21 14:49:00+09:00,21850.0,21900.0,21850.0,21900.0,0,0.0,0.0
2024-06-21 14:50:00+09:00,21800.0,21800.0,21800.0,21800.0,66,0.0,0.0
2024-06-21 14:51:00+09:00,21850.0,21850.0,21850.0,21850.0,147,0.0,0.0
2024-06-21 14:52:00+09:00,21850.0,21850.0,21850.0,21850.0,40,0.0,0.0
2024-06-21 14:53:00+09:00,21850.0,21850.0,21800.0,21850.0,330,0.0,0.0
2024-06-21 14:54:00+09:00,21900.0,22100.0,21900.0,22050.0,537,0.0,0.0
2024-06-21 14:55:00+09:00,21950.0,22000.0,21950.0,22000.0,112,0.0,0.0
2024-06-21 14:56:00+09:00,22000.0,22000.0,22000.0,22000.0,202,0.0,0.0
2024-06-21 14:57:00+09:00,21900.0,21900.0,21850.0,21850.0,119,0.0,0.0
2024-06-21 14:58:00+09:00,22000.0,22000.0,21800.0,21800.0,418,0.0,0.0
2024-06-21 14:59:00+09:00,22000.0,22000.0,21800.0,21800.0,341,0.0,0.0
