Datetime,Open,High,Low,Close,Volume,Dividends,Stock Splits
2022-09-23 10:00:00+08:00,0.2199999988079071,0.22499999403953552,0.2199999988079071,0.2199999988079071,0,0.0,0.0
2022-09-23 11:00:00+08:00,0.22499999403953552,0.22499999403953552,0.22499999403953552,0.22499999403953552,51000,0.0,0.0
2022-09-23 16:00:00+08:00,0.22499999403953552,0.22499999403953552,0.2199999988079071,0.2199999988079071,27000,0.0,0.0
2022-09-26 15:00:00+08:00,0.2199999988079071,0.2199999988079071,0.2199999988079071,0.2199999988079071,7000,0.0,0.0
2022-09-27 14:00:00+08:00,0.2199999988079071,0.2199999988079071,0.2199999988079071,0.2199999988079071,42200,0.0,0.0
2022-09-28 11:00:00+08:00,0.2199999988079071,0.22499999403953552,0.2199999988079071,0.22499999403953552,0,0.0,0.0
2022-09-28 13:00:00+08:00,0.22499999403953552,0.22499999403953552,0.2199999988079071,0.2199999988079071,5200,0.0,0.0
2022-09-28 15:00:00+08:00,0.2199999988079071,0.2199999988079071,0.2150000035762787,0.2150000035762787,9000,0.0,0.0
2022-09-28 16:00:00+08:00,0.2150000035762787,0.2199999988079071,0.2150000035762787,0.2199999988079071,1000,0.0,0.0
2022-09-29 09:00:00+08:00,0.2199999988079071,0.2199999988079071,0.2199999988079071,0.2199999988079071,0,0.0,0.0
2022-09-29 10:00:00+08:00,0.2199999988079071,0.2199999988079071,0.2199999988079071,0.2199999988079071,49800,0.0,0.0
2022-09-29 11:00:00+08:00,0.2199999988079071,0.2199999988079071,0.2199999988079071,0.2199999988079071,25200,0.0,0.0
2022-09-30 09:00:00+08:00,0.2199999988079071,0.2199999988079071,0.2199999988079071,0.2199999988079071,0,0.0,0.0
2022-09-30 11:00:00+08:00,0.2199999988079071,0.2199999988079071,0.2199999988079071,0.2199999988079071,9700,0.0,0.0
2022-10-03 16:00:00+08:00,0.2150000035762787,0.2150000035762787,0.2150000035762787,0.2150000035762787,0,0.0,0.0
2022-10-05 12:00:00+08:00,0.2150000035762787,0.2199999988079071,0.2150000035762787,0.2199999988079071,35000,0.0,0.0
2022-10-05 13:00:00+08:00,0.2199999988079071,0.2199999988079071,0.2199999988079071,0.2199999988079071,20000,0.0,0.0
2022-10-06 10:00:00+08:00,0.2199999988079071,0.2199999988079071,0.2199999988079071,0.2199999988079071,0,0.0,0.0
2022-10-06 11:00:00+08:00,0.2199999988079071,0.2199999988079071,0.2199999988079071,0.2199999988079071,35000,0.0,0.0
2022-10-07 09:00:00+08:00,0.23000000417232513,0.23000000417232513,0.23000000417232513,0.23000000417232513,0,0.0,0.0
2022-10-07 11:00:00+08:00,0.23000000417232513,0.23000000417232513,0.23000000417232513,0.23000000417232513,33700,0.0,0.0
2022-10-07 13:00:00+08:00,0.23000000417232513,0.23000000417232513,0.22499999403953552,0.22499999403953552,24900,0.0,0.0
2022-10-07 14:00:00+08:00,0.23000000417232513,0.23000000417232513,0.22499999403953552,0.23000000417232513,40000,0.0,0.0
2022-10-07 16:00:00+08:00,0.23000000417232513,0.23000000417232513,0.23000000417232513,0.23000000417232513,22200,0.0,0.0
2022-10-10 15:00:00+08:00,0.22499999403953552,0.22499999403953552,0.22499999403953552,0.22499999403953552,0,0.0,0.0
2022-10-12 16:00:00+08:00,0.22499999403953552,0.22499999403953552,0.22499999403953552,0.22499999403953552,0,0.0,0.0
2022-10-13 10:00:00+08:00,0.22499999403953552,0.22499999403953552,0.2150000035762787,0.2199999988079071,29000,0.0,0.0
2022-10-13 13:00:00+08:00,0.2199999988079071,0.2199999988079071,0.2199999988079071,0.2199999988079071,45000,0.0,0.0
2022-10-13 14:00:00+08:00,0.2199999988079071,0.2199999988079071,0.2150000035762787,0.2150000035762787,18100,0.0,0.0
2022-10-13 16:00:00+08:00,0.2150000035762787,0.2199999988079071,0.2150000035762787,0.2199999988079071,19000,0.0,0.0
2022-10-17 09:00:00+08:00,0.2199999988079071,0.2199999988079071,0.2150000035762787,0.2150000035762787,0,0.0,0.0
2022-10-17 10:00:00+08:00,0.2150000035762787,0.2199999988079071,0.20999999344348907,0.2199999988079071,55000,0.0,0.0
2022-10-17 14:00:00+08:00,0.2199999988079071,0.2199999988079071,0.2150000035762787,0.2150000035762787,3000,0.0,0.0
2022-10-17 15:00:00+08:00,0.2150000035762787,0.2150000035762787,0.2150000035762787,0.2150000035762787,3000,0.0,0.0
2022-10-17 16:00:00+08:00,0.2150000035762787,0.2150000035762787,0.2150000035762787,0.2150000035762787,107000,0.0,0.0
2022-10-18 09:00:00+08:00,0.2150000035762787,0.2199999988079071,0.2150000035762787,0.2199999988079071,0,0.0,0.0
2022-10-18 13:00:00+08:00,0.2199999988079071,0.2199999988079071,0.2199999988079071,0.2199999988079071,5000,0.0,0.0
2022-10-18 16:00:00+08:00,0.2199999988079071,0.2199999988079071,0.2199999988079071,0.2199999988079071,25000,0.0,0.0
2022-10-19 14:00:00+08:00,0.2199999988079071,0.2199999988079071,0.2199999988079071,0.2199999988079071,0,0.0,0.0
2022-10-19 16:00:00+08:00,0.2199999988079071,0.2199999988079071,0.2150000035762787,0.2150000035762787,12000,0.0,0.0
2022-10-25 14:00:00+08:00,0.2199999988079071,0.22499999403953552,0.2199999988079071,0.22499999403953552,100,0.0,0.0
2022-10-26 16:00:00+08:00,0.2150000035762787,0.2199999988079071,0.20999999344348907,0.2199999988079071,44300,0.0,0.0
2022-10-27 10:00:00+08:00,0.2150000035762787,0.2150000035762787,0.2150000035762787,0.2150000035762787,19700,0.0,0.0
2022-10-27 11:00:00+08:00,0.2150000035762787,0.2199999988079071,0.2150000035762787,0.2150000035762787,300,0.0,0.0
2022-10-27 16:00:00+08:00,0.2199999988079071,0.2199999988079071,0.2199999988079071,0.2199999988079071,0,0.0,0.0
2022-10-28 15:00:00+08:00,0.2199999988079071,0.2199999988079071,0.2199999988079071,0.2199999988079071,0,0.0,0.0
2022-11-01 09:00:00+08:00,0.22499999403953552,0.22499999403953552,0.2199999988079071,0.2199999988079071,3800,0.0,0.0
2022-11-01 14:00:00+08:00,0.2199999988079071,0.2199999988079071,0.20999999344348907,0.20999999344348907,13000,0.0,0.0
2022-11-01 15:00:00+08:00,0.2199999988079071,0.2199999988079071,0.20999999344348907,0.20999999344348907,100000,0.0,0.0
2022-11-02 09:00:00+08:00,0.20999999344348907,0.20999999344348907,0.20999999344348907,0.20999999344348907,0,0.0,0.0
2022-11-02 10:00:00+08:00,0.20999999344348907,0.20999999344348907,0.20000000298023224,0.20000000298023224,1000,0.0,0.0
2022-11-02 11:00:00+08:00,0.20000000298023224,0.20999999344348907,0.20000000298023224,0.20999999344348907,20000,0.0,0.0
2022-11-02 16:00:00+08:00,0.20999999344348907,0.20999999344348907,0.20999999344348907,0.20999999344348907,20000,0.0,0.0
2022-11-03 10:00:00+08:00,0.20999999344348907,0.20999999344348907,0.20999999344348907,0.20999999344348907,10000,0.0,0.0
2022-11-03 13:00:00+08:00,0.20999999344348907,0.20999999344348907,0.20999999344348907,0.20999999344348907,16200,0.0,0.0
2022-11-04 10:00:00+08:00,0.20499999821186066,0.20499999821186066,0.20499999821186066,0.20499999821186066,0,0.0,0.0
2022-11-04 14:00:00+08:00,0.20499999821186066,0.20499999821186066,0.20499999821186066,0.20499999821186066,25100,0.0,0.0
2022-11-04 15:00:00+08:00,0.20999999344348907,0.20999999344348907,0.20000000298023224,0.20000000298023224,5300,0.0,0.0
2022-11-07 09:00:00+08:00,0.20000000298023224,0.20499999821186066,0.20000000298023224,0.20499999821186066,0,0.0,0.0
2022-11-07 10:00:00+08:00,0.20499999821186066,0.20999999344348907,0.20499999821186066,0.20999999344348907,10000,0.0,0.0
2022-11-07 11:00:00+08:00,0.20999999344348907,0.20999999344348907,0.20999999344348907,0.20999999344348907,10000,0.0,0.0
2022-11-08 09:00:00+08:00,0.20999999344348907,0.20999999344348907,0.20999999344348907,0.20999999344348907,13000,0.0,0.0
2022-11-08 10:00:00+08:00,0.20999999344348907,0.20999999344348907,0.20999999344348907,0.20999999344348907,10000,0.0,0.0
2022-11-08 11:00:00+08:00,0.20999999344348907,0.20999999344348907,0.20999999344348907,0.20999999344348907,30000,0.0,0.0
2022-11-10 09:00:00+08:00,0.20999999344348907,0.20999999344348907,0.20999999344348907,0.20999999344348907,0,0.0,0.0
2022-11-10 14:00:00+08:00,0.20999999344348907,0.20999999344348907,0.20999999344348907,0.20999999344348907,15000,0.0,0.0
2022-11-14 09:00:00+08:00,0.20499999821186066,0.20499999821186066,0.20499999821186066,0.20499999821186066,5000,0.0,0.0
2022-11-14 14:00:00+08:00,0.20499999821186066,0.20499999821186066,0.20000000298023224,0.20000000298023224,5000,0.0,0.0
2022-11-15 12:00:00+08:00,0.20999999344348907,0.20999999344348907,0.20999999344348907,0.20999999344348907,58700,0.0,0.0
2022-11-15 14:00:00+08:00,0.20999999344348907,0.20999999344348907,0.20999999344348907,0.20999999344348907,55000,0.0,0.0
2022-11-16 10:00:00+08:00,0.20999999344348907,0.20999999344348907,0.20999999344348907,0.20999999344348907,0,0.0,0.0
2022-11-16 16:00:00+08:00,0.20999999344348907,0.20999999344348907,0.20999999344348907,0.20999999344348907,10000,0.0,0.0
2022-11-21 16:00:00+08:00,0.20499999821186066,0.20499999821186066,0.20499999821186066,0.20499999821186066,5000,0.0,0.0
2022-11-22 10:00:00+08:00,0.20499999821186066,0.20499999821186066,0.20499999821186066,0.20499999821186066,32500,0.0,0.0
2022-11-22 11:00:00+08:00,0.20499999821186066,0.20499999821186066,0.20499999821186066,0.20499999821186066,30000,0.0,0.0
2022-11-22 12:00:00+08:00,0.20499999821186066,0.20499999821186066,0.20499999821186066,0.20499999821186066,10000,0.0,0.0
2022-11-22 13:00:00+08:00,0.20499999821186066,0.20499999821186066,0.20499999821186066,0.20499999821186066,12300,0.0,0.0
2022-11-22 14:00:00+08:00,0.20499999821186066,0.20499999821186066,0.20000000298023224,0.20000000298023224,15000,0.0,0.0
2022-11-22 15:00:00+08:00,0.20499999821186066,0.20499999821186066,0.20000000298023224,0.20499999821186066,50000,0.0,0.0
2022-11-22 16:00:00+08:00,0.20499999821186066,0.20999999344348907,0.20499999821186066,0.20999999344348907,10100,0.0,0.0
2022-11-23 11:00:00+08:00,0.20499999821186066,0.20499999821186066,0.20499999821186066,0.20499999821186066,0,0.0,0.0
2022-11-23 13:00:00+08:00,0.20499999821186066,0.20999999344348907,0.20499999821186066,0.20999999344348907,3000,0.0,0.0
2022-11-23 15:00:00+08:00,0.20999999344348907,0.2150000035762787,0.20999999344348907,0.2150000035762787,14000,0.0,0.0
2022-11-28 15:00:00+08:00,0.20999999344348907,0.20999999344348907,0.20499999821186066,0.20499999821186066,0,0.0,0.0
2022-11-28 16:00:00+08:00,0.20499999821186066,0.20499999821186066,0.20499999821186066,0.20499999821186066,10000,0.0,0.0
2022-11-29 12:00:00+08:00,0.20499999821186066,0.20499999821186066,0.20499999821186066,0.20499999821186066,0,0.0,0.0
2022-11-29 16:00:00+08:00,0.20499999821186066,0.20499999821186066,0.20499999821186066,0.20499999821186066,10000,0.0,0.0
2022-12-01 11:00:00+08:00,0.20499999821186066,0.20499999821186066,0.20000000298023224,0.20000000298023224,0,0.0,0.0
2022-12-01 13:00:00+08:00,0.20499999821186066,0.20499999821186066,0.20000000298023224,0.20499999821186066,130000,0.0,0.0
2022-12-01 14:00:00+08:00,0.20499999821186066,0.20999999344348907,0.20499999821186066,0.20999999344348907,62100,0.0,0.0
2022-12-01 15:00:00+08:00,0.20999999344348907,0.20999999344348907,0.20499999821186066,0.20999999344348907,50000,0.0,0.0
2022-12-01 16:00:00+08:00,0.20999999344348907,0.20999999344348907,0.20999999344348907,0.20999999344348907,7200,0.0,0.0
2022-12-05 10:00:00+08:00,0.20000000298023224,0.20499999821186066,0.20000000298023224,0.20499999821186066,0,0.0,0.0
2022-12-05 11:00:00+08:00,0.20499999821186066,0.20499999821186066,0.20499999821186066,0.20499999821186066,20000,0.0,0.0
2022-12-05 16:00:00+08:00,0.20499999821186066,0.20499999821186066,0.20000000298023224,0.20000000298023224,10000,0.0,0.0
2022-12-07 16:00:00+08:00,0.20000000298023224,0.20000000298023224,0.20000000298023224,0.20000000298023224,0,0.0,0.0
2022-12-08 10:00:00+08:00,0.20000000298023224,0.20999999344348907,0.20000000298023224,0.20999999344348907,20000,0.0,0.0
2022-12-08 16:00:00+08:00,0.20999999344348907,0.20999999344348907,0.20999999344348907,0.20999999344348907,30300,0.0,0.0
2022-12-13 10:00:00+08:00,0.20499999821186066,0.20499999821186066,0.20499999821186066,0.20499999821186066,0,0.0,0.0
2022-12-13 11:00:00+08:00,0.20499999821186066,0.20499999821186066,0.20499999821186066,0.20499999821186066,20600,0.0,0.0
2022-12-13 14:00:00+08:00,0.20499999821186066,0.20499999821186066,0.20499999821186066,0.20499999821186066,400,0.0,0.0
2022-12-14 10:00:00+08:00,0.20000000298023224,0.20000000298023224,0.20000000298023224,0.20000000298023224,0,0.0,0.0
2022-12-15 14:00:00+08:00,0.20499999821186066,0.20499999821186066,0.20499999821186066,0.20499999821186066,23400,0.0,0.0
2022-12-15 15:00:00+08:00,0.20499999821186066,0.20499999821186066,0.20499999821186066,0.20499999821186066,600,0.0,0.0
2022-12-20 14:00:00+08:00,0.20499999821186066,0.20499999821186066,0.20000000298023224,0.20000000298023224,0,0.0,0.0
2022-12-21 10:00:00+08:00,0.20999999344348907,0.20999999344348907,0.20999999344348907,0.20999999344348907,57500,0.0,0.0
2022-12-21 12:00:00+08:00,0.20999999344348907,0.20999999344348907,0.20999999344348907,0.20999999344348907,27000,0.0,0.0
2022-12-21 13:00:00+08:00,0.20999999344348907,0.2150000035762787,0.20999999344348907,0.2150000035762787,118300,0.0,0.0
2022-12-22 10:00:00+08:00,0.2150000035762787,0.2150000035762787,0.2150000035762787,0.2150000035762787,0,0.0,0.0
2022-12-22 11:00:00+08:00,0.2150000035762787,0.2150000035762787,0.2150000035762787,0.2150000035762787,15100,0.0,0.0
2022-12-23 09:00:00+08:00,0.2150000035762787,0.2150000035762787,0.2150000035762787,0.2150000035762787,0,0.0,0.0
2022-12-23 11:00:00+08:00,0.2150000035762787,0.2150000035762787,0.2150000035762787,0.2150000035762787,40000,0.0,0.0
2022-12-23 13:00:00+08:00,0.2150000035762787,0.2150000035762787,0.2150000035762787,0.2150000035762787,89000,0.0,0.0
2022-12-23 15:00:00+08:00,0.2150000035762787,0.2150000035762787,0.2150000035762787,0.2150000035762787,35000,0.0,0.0
2022-12-27 09:00:00+08:00,0.2150000035762787,0.2199999988079071,0.2150000035762787,0.2199999988079071,139600,0.0,0.0
2022-12-27 11:00:00+08:00,0.2199999988079071,0.2199999988079071,0.2150000035762787,0.2199999988079071,20000,0.0,0.0
2022-12-27 16:00:00+08:00,0.2150000035762787,0.2150000035762787,0.2150000035762787,0.2150000035762787,3000,0.0,0.0
2022-12-28 09:00:00+08:00,0.2199999988079071,0.2199999988079071,0.2199999988079071,0.2199999988079071,0,0.0,0.0
2022-12-28 10:00:00+08:00,0.2199999988079071,0.2199999988079071,0.2199999988079071,0.2199999988079071,110000,0.0,0.0
2022-12-28 11:00:00+08:00,0.2199999988079071,0.2199999988079071,0.2150000035762787,0.2150000035762787,25000,0.0,0.0
2022-12-28 13:00:00+08:00,0.2150000035762787,0.2199999988079071,0.2150000035762787,0.2150000035762787,10000,0.0,0.0
2022-12-28 15:00:00+08:00,0.2199999988079071,0.2199999988079071,0.2199999988079071,0.2199999988079071,10000,0.0,0.0
2022-12-28 16:00:00+08:00,0.2199999988079071,0.2199999988079071,0.2199999988079071,0.2199999988079071,5000,0.0,0.0
2022-12-29 09:00:00+08:00,0.2199999988079071,0.2199999988079071,0.2199999988079071,0.2199999988079071,0,0.0,0.0
2022-12-29 10:00:00+08:00,0.2199999988079071,0.2199999988079071,0.2199999988079071,0.2199999988079071,137500,0.0,0.0
2022-12-29 11:00:00+08:00,0.2199999988079071,0.2199999988079071,0.2199999988079071,0.2199999988079071,315500,0.0,0.0
2022-12-29 12:00:00+08:00,0.2199999988079071,0.2199999988079071,0.2199999988079071,0.2199999988079071,20000,0.0,0.0
2022-12-29 14:00:00+08:00,0.2199999988079071,0.2199999988079071,0.2199999988079071,0.2199999988079071,35000,0.0,0.0
2022-12-29 15:00:00+08:00,0.2199999988079071,0.2199999988079071,0.2199999988079071,0.2199999988079071,44000,0.0,0.0
2022-12-29 16:00:00+08:00,0.2199999988079071,0.2199999988079071,0.2199999988079071,0.2199999988079071,12000,0.0,0.0
2022-12-30 10:00:00+08:00,0.2199999988079071,0.2199999988079071,0.2199999988079071,0.2199999988079071,0,0.0,0.0
2022-12-30 14:00:00+08:00,0.2199999988079071,0.2199999988079071,0.2199999988079071,0.2199999988079071,5000,0.0,0.0
2023-01-03 09:00:00+08:00,0.2199999988079071,0.2199999988079071,0.2199999988079071,0.2199999988079071,19900,0.0,0.0
2023-01-03 10:00:00+08:00,0.2199999988079071,0.2199999988079071,0.2199999988079071,0.2199999988079071,5000,0.0,0.0
2023-01-03 13:00:00+08:00,0.2199999988079071,0.2199999988079071,0.2199999988079071,0.2199999988079071,40000,0.0,0.0
2023-01-04 09:00:00+08:00,0.2199999988079071,0.2199999988079071,0.2199999988079071,0.2199999988079071,0,0.0,0.0
2023-01-04 11:00:00+08:00,0.2199999988079071,0.2199999988079071,0.2199999988079071,0.2199999988079071,50000,0.0,0.0
2023-01-04 13:00:00+08:00,0.2199999988079071,0.2199999988079071,0.2199999988079071,0.2199999988079071,200000,0.0,0.0
2023-01-05 11:00:00+08:00,0.2199999988079071,0.2199999988079071,0.2199999988079071,0.2199999988079071,0,0.0,0.0
2023-01-05 15:00:00+08:00,0.2199999988079071,0.2199999988079071,0.2199999988079071,0.2199999988079071,7000,0.0,0.0
2023-01-05 16:00:00+08:00,0.2199999988079071,0.2199999988079071,0.2199999988079071,0.2199999988079071,25000,0.0,0.0
2023-01-06 09:00:00+08:00,0.2199999988079071,0.2199999988079071,0.2199999988079071,0.2199999988079071,0,0.0,0.0
2023-01-06 14:00:00+08:00,0.2199999988079071,0.22499999403953552,0.2199999988079071,0.22499999403953552,80100,0.0,0.0
2023-01-06 16:00:00+08:00,0.22499999403953552,0.22499999403953552,0.2199999988079071,0.2199999988079071,50000,0.0,0.0
2023-01-09 09:00:00+08:00,0.2199999988079071,0.2199999988079071,0.2199999988079071,0.2199999988079071,0,0.0,0.0
2023-01-09 10:00:00+08:00,0.2199999988079071,0.2199999988079071,0.2199999988079071,0.2199999988079071,5000,0.0,0.0
2023-01-09 16:00:00+08:00,0.2199999988079071,0.2199999988079071,0.2199999988079071,0.2199999988079071,40000,0.0,0.0
2023-01-10 14:00:00+08:00,0.2199999988079071,0.2199999988079071,0.2199999988079071,0.2199999988079071,0,0.0,0.0
2023-01-12 11:00:00+08:00,0.2150000035762787,0.2150000035762787,0.2150000035762787,0.2150000035762787,20000,0.0,0.0
2023-01-12 12:00:00+08:00,0.2150000035762787,0.2199999988079071,0.2150000035762787,0.2199999988079071,10000,0.0,0.0
2023-01-12 13:00:00+08:00,0.2199999988079071,0.2199999988079071,0.2199999988079071,0.2199999988079071,60000,0.0,0.0
2023-01-12 16:00:00+08:00,0.2199999988079071,0.2199999988079071,0.2199999988079071,0.2199999988079071,20000,0.0,0.0
2023-01-13 09:00:00+08:00,0.2199999988079071,0.2199999988079071,0.2199999988079071,0.2199999988079071,66000,0.0,0.0
2023-01-13 13:00:00+08:00,0.2199999988079071,0.2199999988079071,0.2199999988079071,0.2199999988079071,20000,0.0,0.0
2023-01-16 09:00:00+08:00,0.2199999988079071,0.2199999988079071,0.2150000035762787,0.2150000035762787,0,0.0,0.0
2023-01-16 11:00:00+08:00,0.2150000035762787,0.2150000035762787,0.2150000035762787,0.2150000035762787,5000,0.0,0.0
2023-01-17 10:00:00+08:00,0.2199999988079071,0.2199999988079071,0.2199999988079071,0.2199999988079071,0,0.0,0.0
2023-01-20 10:00:00+08:00,0.2199999988079071,0.2199999988079071,0.2199999988079071,0.2199999988079071,0,0.0,0.0
2023-01-25 09:00:00+08:00,0.2199999988079071,0.2199999988079071,0.2199999988079071,0.2199999988079071,10000,0.0,0.0
2023-01-25 11:00:00+08:00,0.2199999988079071,0.2199999988079071,0.2199999988079071,0.2199999988079071,48400,0.0,0.0
2023-01-26 14:00:00+08:00,0.2199999988079071,0.2199999988079071,0.2199999988079071,0.2199999988079071,5000,0.0,0.0
2023-01-27 10:00:00+08:00,0.2199999988079071,0.2199999988079071,0.2150000035762787,0.2150000035762787,0,0.0,0.0
2023-01-27 11:00:00+08:00,0.2150000035762787,0.2150000035762787,0.2150000035762787,0.2150000035762787,19300,0.0,0.0
2023-01-30 11:00:00+08:00,0.2199999988079071,0.2199999988079071,0.2199999988079071,0.2199999988079071,0,0.0,0.0
2023-01-30 14:00:00+08:00,0.2199999988079071,0.2199999988079071,0.2199999988079071,0.2199999988079071,5700,0.0,0.0
2023-01-30 15:00:00+08:00,0.2199999988079071,0.2199999988079071,0.2199999988079071,0.2199999988079071,45000,0.0,0.0
2023-01-31 09:00:00+08:00,0.2199999988079071,0.2199999988079071,0.2199999988079071,0.2199999988079071,25000,0.0,0.0
2023-01-31 11:00:00+08:00,0.2199999988079071,0.2199999988079071,0.2199999988079071,0.2199999988079071,5000,0.0,0.0
2023-01-31 13:00:00+08:00,0.2199999988079071,0.2199999988079071,0.2199999988079071,0.2199999988079071,10000,0.0,0.0
2023-02-01 16:00:00+08:00,0.22499999403953552,0.22499999403953552,0.22499999403953552,0.22499999403953552,0,0.0,0.0
2023-02-03 10:00:00+08:00,0.2199999988079071,0.2199999988079071,0.2150000035762787,0.2150000035762787,0,0.0,0.0
2023-02-03 15:00:00+08:00,0.2150000035762787,0.2199999988079071,0.2150000035762787,0.2199999988079071,60000,0.0,0.0
2023-02-03 16:00:00+08:00,0.2199999988079071,0.2199999988079071,0.2199999988079071,0.2199999988079071,10000,0.0,0.0
2023-02-06 09:00:00+08:00,0.2199999988079071,0.2199999988079071,0.2199999988079071,0.2199999988079071,10700,0.0,0.0
2023-02-06 10:00:00+08:00,0.2199999988079071,0.2199999988079071,0.2199999988079071,0.2199999988079071,5300,0.0,0.0
2023-02-06 16:00:00+08:00,0.2199999988079071,0.2199999988079071,0.2199999988079071,0.2199999988079071,11300,0.0,0.0
2023-02-07 10:00:00+08:00,0.2199999988079071,0.2199999988079071,0.2199999988079071,0.2199999988079071,2100,0.0,0.0
2023-02-08 09:00:00+08:00,0.2199999988079071,0.2199999988079071,0.2199999988079071,0.2199999988079071,3200,0.0,0.0
2023-02-08 10:00:00+08:00,0.2199999988079071,0.2199999988079071,0.2199999988079071,0.2199999988079071,40900,0.0,0.0
2023-02-08 11:00:00+08:00,0.2199999988079071,0.2199999988079071,0.2199999988079071,0.2199999988079071,1300,0.0,0.0
2023-02-09 15:00:00+08:00,0.2199999988079071,0.2199999988079071,0.2199999988079071,0.2199999988079071,16200,0.0,0.0
2023-02-10 11:00:00+08:00,0.2199999988079071,0.2199999988079071,0.2199999988079071,0.2199999988079071,0,0.0,0.0
2023-02-10 13:00:00+08:00,0.2199999988079071,0.2199999988079071,0.2199999988079071,0.2199999988079071,300,0.0,0.0
2023-02-13 10:00:00+08:00,0.2199999988079071,0.2199999988079071,0.2199999988079071,0.2199999988079071,44700,0.0,0.0
2023-02-13 13:00:00+08:00,0.2199999988079071,0.2199999988079071,0.2199999988079071,0.2199999988079071,10000,0.0,0.0
2023-02-15 09:00:00+08:00,0.2199999988079071,0.2199999988079071,0.2199999988079071,0.2199999988079071,0,0.0,0.0
2023-02-16 13:00:00+08:00,0.2150000035762787,0.2199999988079071,0.20999999344348907,0.2199999988079071,184300,0.0,0.0
2023-02-16 15:00:00+08:00,0.2199999988079071,0.2199999988079071,0.2199999988079071,0.2199999988079071,13700,0.0,0.0
2023-02-17 13:00:00+08:00,0.2150000035762787,0.2150000035762787,0.20999999344348907,0.20999999344348907,10000,0.0,0.0
2023-02-20 10:00:00+08:00,0.2150000035762787,0.2150000035762787,0.2150000035762787,0.2150000035762787,15000,0.0,0.0
2023-02-20 12:00:00+08:00,0.2150000035762787,0.2150000035762787,0.2150000035762787,0.2150000035762787,10000,0.0,0.0
2023-02-21 09:00:00+08:00,0.2150000035762787,0.2199999988079071,0.2150000035762787,0.2150000035762787,0,0.0,0.0
2023-02-21 15:00:00+08:00,0.2199999988079071,0.2199999988079071,0.2199999988079071,0.2199999988079071,32000,0.0,0.0
2023-02-22 10:00:00+08:00,0.2199999988079071,0.2199999988079071,0.2199999988079071,0.2199999988079071,0,0.0,0.0
2023-02-23 11:00:00+08:00,0.2199999988079071,0.2199999988079071,0.2150000035762787,0.2150000035762787,900,0.0,0.0
2023-02-23 16:00:00+08:00,0.2150000035762787,0.2150000035762787,0.2150000035762787,0.2150000035762787,3400,0.0,0.0
2023-02-24 09:00:00+08:00,0.2199999988079071,0.2199999988079071,0.2199999988079071,0.2199999988079071,13500,0.0,0.0
2023-02-24 10:00:00+08:00,0.2199999988079071,0.2199999988079071,0.2150000035762787,0.2150000035762787,0,0.0,0.0
2023-02-24 13:00:00+08:00,0.2150000035762787,0.2150000035762787,0.2150000035762787,0.2150000035762787,50600,0.0,0.0
2023-02-27 10:00:00+08:00,0.2199999988079071,0.2199999988079071,0.2199999988079071,0.2199999988079071,14400,0.0,0.0
2023-02-27 15:00:00+08:00,0.2199999988079071,0.2199999988079071,0.2199999988079071,0.2199999988079071,500,0.0,0.0
2023-03-03 11:00:00+08:00,0.2199999988079071,0.2199999988079071,0.2199999988079071,0.2199999988079071,0,0.0,0.0
2023-03-03 13:00:00+08:00,0.2199999988079071,0.2199999988079071,0.20999999344348907,0.20999999344348907,30000,0.0,0.0
2023-03-06 09:00:00+08:00,0.2150000035762787,0.2150000035762787,0.2150000035762787,0.2150000035762787,20000,0.0,0.0
2023-03-07 09:00:00+08:00,0.20999999344348907,0.2199999988079071,0.20999999344348907,0.2199999988079071,0,0.0,0.0
2023-03-07 11:00:00+08:00,0.2199999988079071,0.2199999988079071,0.2199999988079071,0.2199999988079071,10000,0.0,0.0
2023-03-07 13:00:00+08:00,0.2199999988079071,0.2199999988079071,0.2199999988079071,0.2199999988079071,25000,0.0,0.0
2023-03-08 11:00:00+08:00,0.20999999344348907,0.20999999344348907,0.20999999344348907,0.20999999344348907,0,0.0,0.0
2023-03-08 14:00:00+08:00,0.20999999344348907,0.20999999344348907,0.20999999344348907,0.20999999344348907,10000,0.0,0.0
2023-03-09 11:00:00+08:00,0.2150000035762787,0.2150000035762787,0.2150000035762787,0.2150000035762787,0,0.0,0.0
2023-03-10 09:00:00+08:00,0.2150000035762787,0.2150000035762787,0.20999999344348907,0.20999999344348907,0,0.0,0.0
2023-03-10 11:00:00+08:00,0.20999999344348907,0.2150000035762787,0.20999999344348907,0.2150000035762787,40000,0.0,0.0
2023-03-13 09:00:00+08:00,0.20499999821186066,0.20999999344348907,0.20499999821186066,0.20999999344348907,9900,0.0,0.0
2023-03-13 11:00:00+08:00,0.20499999821186066,0.20999999344348907,0.20000000298023224,0.20000000298023224,180000,0.0,0.0
2023-03-13 14:00:00+08:00,0.20999999344348907,0.20999999344348907,0.20499999821186066,0.20499999821186066,51000,0.0,0.0
2023-03-13 15:00:00+08:00,0.20499999821186066,0.20999999344348907,0.20499999821186066,0.20499999821186066,10000,0.0,0.0
2023-03-13 16:00:00+08:00,0.20999999344348907,0.20999999344348907,0.20999999344348907,0.20999999344348907,10000,0.0,0.0
2023-03-14 13:00:00+08:00,0.20499999821186066,0.20499999821186066,0.20499999821186066,0.20499999821186066,0,0.0,0.0
2023-03-16 15:00:00+08:00,0.20499999821186066,0.20499999821186066,0.20000000298023224,0.20000000298023224,149000,0.0,0.0
2023-03-16 16:00:00+08:00,0.20000000298023224,0.20000000298023224,0.20000000298023224,0.20000000298023224,50000,0.0,0.0
2023-03-17 09:00:00+08:00,0.20000000298023224,0.20499999821186066,0.20000000298023224,0.20000000298023224,13200,0.0,0.0
2023-03-17 10:00:00+08:00,0.20499999821186066,0.20499999821186066,0.20499999821186066,0.20499999821186066,10000,0.0,0.0
2023-03-17 13:00:00+08:00,0.20499999821186066,0.20499999821186066,0.20000000298023224,0.20000000298023224,51000,0.0,0.0
2023-03-17 14:00:00+08:00,0.20000000298023224,0.20499999821186066,0.20000000298023224,0.20499999821186066,20000,0.0,0.0
2023-03-17 15:00:00+08:00,0.20499999821186066,0.20499999821186066,0.20499999821186066,0.20499999821186066,5000,0.0,0.0
2023-03-20 10:00:00+08:00,0.20499999821186066,0.20499999821186066,0.20499999821186066,0.20499999821186066,0,0.0,0.0
2023-03-20 15:00:00+08:00,0.20499999821186066,0.20499999821186066,0.20499999821186066,0.20499999821186066,20000,0.0,0.0
2023-03-22 09:00:00+08:00,0.20499999821186066,0.20499999821186066,0.20499999821186066,0.20499999821186066,0,0.0,0.0
2023-03-22 15:00:00+08:00,0.20999999344348907,0.20999999344348907,0.20999999344348907,0.20999999344348907,0,0.0,0.0
2023-03-23 09:00:00+08:00,0.2150000035762787,0.2150000035762787,0.2150000035762787,0.2150000035762787,0,0.0,0.0
2023-03-23 15:00:00+08:00,0.2150000035762787,0.2150000035762787,0.2150000035762787,0.2150000035762787,59000,0.0,0.0
2023-03-24 14:00:00+08:00,0.20999999344348907,0.20999999344348907,0.20999999344348907,0.20999999344348907,0,0.0,0.0
2023-03-27 09:00:00+08:00,0.20999999344348907,0.20999999344348907,0.20499999821186066,0.20499999821186066,0,0.0,0.0
2023-03-27 10:00:00+08:00,0.20999999344348907,0.20999999344348907,0.20499999821186066,0.20499999821186066,5000,0.0,0.0
2023-03-27 11:00:00+08:00,0.20499999821186066,0.20499999821186066,0.20499999821186066,0.20499999821186066,20000,0.0,0.0
2023-03-28 11:00:00+08:00,0.20499999821186066,0.20499999821186066,0.20000000298023224,0.20000000298023224,0,0.0,0.0
2023-03-28 13:00:00+08:00,0.20499999821186066,0.20499999821186066,0.20000000298023224,0.20000000298023224,15000,0.0,0.0
2023-03-30 09:00:00+08:00,0.20499999821186066,0.20499999821186066,0.20499999821186066,0.20499999821186066,600,0.0,0.0
2023-04-03 09:00:00+08:00,0.20999999344348907,0.20999999344348907,0.20499999821186066,0.20499999821186066,0,0.0,0.0
2023-04-03 10:00:00+08:00,0.20499999821186066,0.20499999821186066,0.20000000298023224,0.20000000298023224,19700,0.0,0.0
2023-04-03 12:00:00+08:00,0.20000000298023224,0.20000000298023224,0.20000000298023224,0.20000000298023224,50000,0.0,0.0
2023-04-03 13:00:00+08:00,0.20000000298023224,0.20499999821186066,0.20000000298023224,0.20000000298023224,150000,0.0,0.0
2023-04-03 14:00:00+08:00,0.20499999821186066,0.20499999821186066,0.20499999821186066,0.20499999821186066,55000,0.0,0.0
2023-04-03 16:00:00+08:00,0.20499999821186066,0.20499999821186066,0.20499999821186066,0.20499999821186066,50000,0.0,0.0
2023-04-04 10:00:00+08:00,0.20999999344348907,0.20999999344348907,0.20499999821186066,0.20499999821186066,10000,0.0,0.0
2023-04-04 16:00:00+08:00,0.20499999821186066,0.20499999821186066,0.20499999821186066,0.20499999821186066,5000,0.0,0.0
2023-04-05 10:00:00+08:00,0.20499999821186066,0.20499999821186066,0.20499999821186066,0.20499999821186066,0,0.0,0.0
2023-04-05 13:00:00+08:00,0.20499999821186066,0.20499999821186066,0.20499999821186066,0.20499999821186066,25000,0.0,0.0
2023-04-06 09:00:00+08:00,0.20499999821186066,0.20999999344348907,0.20499999821186066,0.20999999344348907,0,0.0,0.0
2023-04-06 16:00:00+08:00,0.20999999344348907,0.20999999344348907,0.20999999344348907,0.20999999344348907,28000,0.0,0.0
2023-04-10 09:00:00+08:00,0.20499999821186066,0.20499999821186066,0.20499999821186066,0.20499999821186066,0,0.0,0.0
2023-04-10 10:00:00+08:00,0.20499999821186066,0.20499999821186066,0.20499999821186066,0.20499999821186066,255000,0.0,0.0
2023-04-10 13:00:00+08:00,0.20499999821186066,0.20499999821186066,0.20499999821186066,0.20499999821186066,10000,0.0,0.0
2023-04-11 11:00:00+08:00,0.20000000298023224,0.20000000298023224,0.20000000298023224,0.20000000298023224,30000,0.0,0.0
2023-04-12 10:00:00+08:00,0.20499999821186066,0.20499999821186066,0.20499999821186066,0.20499999821186066,0,0.0,0.0
2023-04-12 11:00:00+08:00,0.20499999821186066,0.20499999821186066,0.20499999821186066,0.20499999821186066,5000,0.0,0.0
2023-04-12 13:00:00+08:00,0.20499999821186066,0.20499999821186066,0.20000000298023224,0.20000000298023224,83000,0.0,0.0
2023-04-12 14:00:00+08:00,0.20000000298023224,0.20000000298023224,0.20000000298023224,0.20000000298023224,162000,0.0,0.0
2023-04-12 15:00:00+08:00,0.20000000298023224,0.20499999821186066,0.20000000298023224,0.20499999821186066,15000,0.0,0.0
2023-04-12 16:00:00+08:00,0.20499999821186066,0.20499999821186066,0.20499999821186066,0.20499999821186066,77000,0.0,0.0
2023-04-13 09:00:00+08:00,0.20499999821186066,0.20499999821186066,0.20000000298023224,0.20000000298023224,0,0.0,0.0
2023-04-13 11:00:00+08:00,0.20000000298023224,0.20000000298023224,0.20000000298023224,0.20000000298023224,40000,0.0,0.0
2023-04-13 14:00:00+08:00,0.20000000298023224,0.20000000298023224,0.20000000298023224,0.20000000298023224,10000,0.0,0.0
2023-04-14 14:00:00+08:00,0.20000000298023224,0.20000000298023224,0.20000000298023224,0.20000000298023224,160000,0.0,0.0
2023-04-14 15:00:00+08:00,0.20000000298023224,0.20000000298023224,0.20000000298023224,0.20000000298023224,5000,0.0,0.0
2023-04-17 09:00:00+08:00,0.19900000095367432,0.20499999821186066,0.19900000095367432,0.20499999821186066,0,0.0,0.0
2023-04-17 10:00:00+08:00,0.20499999821186066,0.20499999821186066,0.20000000298023224,0.20000000298023224,55700,0.0,0.0
2023-04-17 13:00:00+08:00,0.20000000298023224,0.20000000298023224,0.20000000298023224,0.20000000298023224,127000,0.0,0.0
2023-04-17 15:00:00+08:00,0.20000000298023224,0.20000000298023224,0.1979999989271164,0.1979999989271164,3000,0.0,0.0
2023-04-18 14:00:00+08:00,0.1979999989271164,0.1979999989271164,0.1979999989271164,0.1979999989271164,0,0.0,0.0
2023-04-19 09:00:00+08:00,0.1979999989271164,0.1979999989271164,0.1979999989271164,0.1979999989271164,18000,0.0,0.0
2023-04-19 10:00:00+08:00,0.1979999989271164,0.20000000298023224,0.1979999989271164,0.20000000298023224,48000,0.0,0.0
2023-04-19 16:00:00+08:00,0.20000000298023224,0.20000000298023224,0.20000000298023224,0.20000000298023224,0,0.0,0.0
2023-04-20 10:00:00+08:00,0.1979999989271164,0.19900000095367432,0.1979999989271164,0.19900000095367432,60000,0.0,0.0
2023-04-20 14:00:00+08:00,0.19900000095367432,0.20000000298023224,0.19900000095367432,0.20000000298023224,100,0.0,0.0
2023-04-20 16:00:00+08:00,0.20000000298023224,0.20499999821186066,0.20000000298023224,0.20499999821186066,9900,0.0,0.0
2023-04-21 15:00:00+08:00,0.20000000298023224,0.20000000298023224,0.20000000298023224,0.20000000298023224,20000,0.0,0.0
2023-04-24 09:00:00+08:00,0.19900000095367432,0.20000000298023224,0.19900000095367432,0.20000000298023224,0,0.0,0.0
2023-04-24 11:00:00+08:00,0.19900000095367432,0.19900000095367432,0.1979999989271164,0.19900000095367432,100,0.0,0.0
2023-04-24 12:00:00+08:00,0.1979999989271164,0.1979999989271164,0.1979999989271164,0.1979999989271164,10000,0.0,0.0
2023-04-24 13:00:00+08:00,0.1979999989271164,0.20000000298023224,0.1979999989271164,0.20000000298023224,94200,0.0,0.0
2023-04-25 11:00:00+08:00,0.1899999976158142,0.19200000166893005,0.1899999976158142,0.1899999976158142,0,0.0,0.0
2023-04-25 16:00:00+08:00,0.19200000166893005,0.19200000166893005,0.19200000166893005,0.19200000166893005,2000,0.0,0.0
2023-04-27 10:00:00+08:00,0.19699999690055847,0.19699999690055847,0.19499999284744263,0.19699999690055847,1000,0.0,0.0
2023-04-27 15:00:00+08:00,0.19499999284744263,0.19499999284744263,0.19499999284744263,0.19499999284744263,0,0.0,0.0
2023-05-02 16:00:00+08:00,0.19499999284744263,0.19499999284744263,0.19499999284744263,0.19499999284744263,10000,0.0,0.0
2023-05-03 14:00:00+08:00,0.19499999284744263,0.19499999284744263,0.19499999284744263,0.19499999284744263,0,0.0,0.0
2023-05-04 10:00:00+08:00,0.19499999284744263,0.20000000298023224,0.19499999284744263,0.20000000298023224,0,0.0,0.0
2023-05-04 16:00:00+08:00,0.20000000298023224,0.20000000298023224,0.20000000298023224,0.20000000298023224,6200,0.0,0.0
2023-05-08 12:00:00+08:00,0.20000000298023224,0.20000000298023224,0.20000000298023224,0.20000000298023224,2300,0.0,0.0
2023-05-09 09:00:00+08:00,0.20000000298023224,0.20000000298023224,0.20000000298023224,0.20000000298023224,55500,0.0,0.0
2023-05-09 10:00:00+08:00,0.20000000298023224,0.20000000298023224,0.20000000298023224,0.20000000298023224,0,0.0,0.0
2023-05-09 13:00:00+08:00,0.20000000298023224,0.20000000298023224,0.19499999284744263,0.19499999284744263,105700,0.0,0.0
2023-05-09 16:00:00+08:00,0.19499999284744263,0.19499999284744263,0.19499999284744263,0.19499999284744263,0,0.0,0.0
2023-05-10 09:00:00+08:00,0.1940000057220459,0.20000000298023224,0.1940000057220459,0.20000000298023224,5300,0.0,0.0
2023-05-10 16:00:00+08:00,0.20000000298023224,0.20000000298023224,0.20000000298023224,0.20000000298023224,0,0.0,0.0
2023-05-12 09:00:00+08:00,0.19699999690055847,0.20000000298023224,0.19699999690055847,0.20000000298023224,0,0.0,0.0
2023-05-12 10:00:00+08:00,0.20000000298023224,0.20000000298023224,0.20000000298023224,0.20000000298023224,5300,0.0,0.0
2023-05-15 13:00:00+08:00,0.20000000298023224,0.20000000298023224,0.19499999284744263,0.19499999284744263,144700,0.0,0.0
2023-05-15 16:00:00+08:00,0.19499999284744263,0.19499999284744263,0.18000000715255737,0.18000000715255737,0,0.0,0.0
2023-05-16 13:00:00+08:00,0.1850000023841858,0.18799999356269836,0.18400000035762787,0.18799999356269836,15100,0.0,0.0
2023-05-16 14:00:00+08:00,0.18799999356269836,0.19499999284744263,0.18799999356269836,0.18799999356269836,4900,0.0,0.0
2023-05-16 16:00:00+08:00,0.1940000057220459,0.19499999284744263,0.1940000057220459,0.19499999284744263,19800,0.0,0.0
2023-05-17 16:00:00+08:00,0.1899999976158142,0.1899999976158142,0.1899999976158142,0.1899999976158142,30000,0.0,0.0
2023-05-18 09:00:00+08:00,0.19699999690055847,0.19699999690055847,0.1899999976158142,0.1899999976158142,0,0.0,0.0
2023-05-18 10:00:00+08:00,0.1899999976158142,0.1899999976158142,0.1899999976158142,0.1899999976158142,0,0.0,0.0
2023-05-18 16:00:00+08:00,0.1899999976158142,0.1899999976158142,0.1860000044107437,0.1860000044107437,0,0.0,0.0
2023-05-22 10:00:00+08:00,0.1899999976158142,0.19200000166893005,0.18000000715255737,0.19200000166893005,250000,0.0,0.0
2023-05-22 11:00:00+08:00,0.19200000166893005,0.19300000369548798,0.19200000166893005,0.19300000369548798,5000,0.0,0.0
2023-05-22 13:00:00+08:00,0.19300000369548798,0.19300000369548798,0.19099999964237213,0.19099999964237213,39000,0.0,0.0
2023-05-22 15:00:00+08:00,0.19099999964237213,0.19099999964237213,0.19099999964237213,0.19099999964237213,300,0.0,0.0
2023-05-23 12:00:00+08:00,0.19099999964237213,0.19099999964237213,0.19099999964237213,0.19099999964237213,0,0.0,0.0
2023-05-24 13:00:00+08:00,0.19099999964237213,0.19099999964237213,0.19099999964237213,0.19099999964237213,0,0.0,0.0
2023-05-25 09:00:00+08:00,0.1889999955892563,0.19099999964237213,0.1889999955892563,0.19099999964237213,200,0.0,0.0
2023-05-25 10:00:00+08:00,0.19099999964237213,0.19099999964237213,0.19099999964237213,0.19099999964237213,100000,0.0,0.0
2023-05-25 15:00:00+08:00,0.19099999964237213,0.19099999964237213,0.1889999955892563,0.1889999955892563,2400,0.0,0.0
2023-05-25 16:00:00+08:00,0.1889999955892563,0.1889999955892563,0.1889999955892563,0.1889999955892563,0,0.0,0.0
2023-05-29 09:00:00+08:00,0.18700000643730164,0.1899999976158142,0.18700000643730164,0.1899999976158142,20000,0.0,0.0
2023-05-29 13:00:00+08:00,0.1899999976158142,0.1899999976158142,0.18799999356269836,0.18799999356269836,21600,0.0,0.0
2023-05-29 14:00:00+08:00,0.18799999356269836,0.18799999356269836,0.18700000643730164,0.18700000643730164,0,0.0,0.0
2023-05-29 15:00:00+08:00,0.18700000643730164,0.18799999356269836,0.18700000643730164,0.18799999356269836,125200,0.0,0.0
2023-05-29 16:00:00+08:00,0.18799999356269836,0.18799999356269836,0.18799999356269836,0.18799999356269836,24000,0.0,0.0
2023-05-30 10:00:00+08:00,0.1899999976158142,0.1899999976158142,0.1889999955892563,0.1889999955892563,0,0.0,0.0
2023-05-30 13:00:00+08:00,0.1889999955892563,0.1899999976158142,0.1889999955892563,0.1899999976158142,2000,0.0,0.0
2023-05-30 16:00:00+08:00,0.1889999955892563,0.1899999976158142,0.1889999955892563,0.1889999955892563,0,0.0,0.0
2023-05-31 10:00:00+08:00,0.1889999955892563,0.1889999955892563,0.1889999955892563,0.1889999955892563,2000,0.0,0.0
2023-05-31 13:00:00+08:00,0.1889999955892563,0.1889999955892563,0.18799999356269836,0.18799999356269836,2000,0.0,0.0
2023-05-31 14:00:00+08:00,0.18799999356269836,0.18799999356269836,0.18299999833106995,0.18299999833106995,3000,0.0,0.0
2023-05-31 15:00:00+08:00,0.18299999833106995,0.18299999833106995,0.18299999833106995,0.18299999833106995,5000,0.0,0.0
2023-06-01 10:00:00+08:00,0.18799999356269836,0.19099999964237213,0.18799999356269836,0.19099999964237213,23000,0.0,0.0
2023-06-01 13:00:00+08:00,0.19099999964237213,0.19099999964237213,0.19099999964237213,0.19099999964237213,5000,0.0,0.0
2023-06-05 10:00:00+08:00,0.1899999976158142,0.1899999976158142,0.18700000643730164,0.18700000643730164,0,0.0,0.0
2023-06-05 14:00:00+08:00,0.18700000643730164,0.18700000643730164,0.1860000044107437,0.1860000044107437,8000,0.0,0.0
2023-06-05 16:00:00+08:00,0.1860000044107437,0.1860000044107437,0.1860000044107437,0.1860000044107437,1300,0.0,0.0
2023-06-06 09:00:00+08:00,0.1860000044107437,0.1860000044107437,0.1860000044107437,0.1860000044107437,700,0.0,0.0
2023-06-06 11:00:00+08:00,0.1860000044107437,0.1860000044107437,0.1860000044107437,0.1860000044107437,10000,0.0,0.0
2023-06-06 14:00:00+08:00,0.1860000044107437,0.1899999976158142,0.1860000044107437,0.1899999976158142,25100,0.0,0.0
2023-06-06 15:00:00+08:00,0.1899999976158142,0.1899999976158142,0.1899999976158142,0.1899999976158142,0,0.0,0.0
2023-06-07 14:00:00+08:00,0.1850000023841858,0.1850000023841858,0.18299999833106995,0.1850000023841858,5000,0.0,0.0
2023-06-07 16:00:00+08:00,0.18299999833106995,0.18299999833106995,0.18299999833106995,0.18299999833106995,10000,0.0,0.0
2023-06-08 10:00:00+08:00,0.18199999630451202,0.18199999630451202,0.18199999630451202,0.18199999630451202,27000,0.0,0.0
2023-06-12 11:00:00+08:00,0.18299999833106995,0.1889999955892563,0.18299999833106995,0.1889999955892563,0,0.0,0.0
2023-06-12 16:00:00+08:00,0.1889999955892563,0.1889999955892563,0.1889999955892563,0.1889999955892563,0,0.0,0.0
2023-06-13 16:00:00+08:00,0.18400000035762787,0.18400000035762787,0.18400000035762787,0.18400000035762787,2100,0.0,0.0
2023-06-15 09:00:00+08:00,0.18000000715255737,0.1809999942779541,0.18000000715255737,0.1809999942779541,2900,0.0,0.0
2023-06-15 13:00:00+08:00,0.1809999942779541,0.18299999833106995,0.1809999942779541,0.18299999833106995,10000,0.0,0.0
2023-06-15 15:00:00+08:00,0.18299999833106995,0.18299999833106995,0.18299999833106995,0.18299999833106995,10000,0.0,0.0
2023-06-15 16:00:00+08:00,0.18299999833106995,0.18299999833106995,0.18299999833106995,0.18299999833106995,10000,0.0,0.0
2023-06-19 10:00:00+08:00,0.18299999833106995,0.18299999833106995,0.18199999630451202,0.18199999630451202,40700,0.0,0.0
2023-06-19 11:00:00+08:00,0.18199999630451202,0.18299999833106995,0.18199999630451202,0.18299999833106995,305300,0.0,0.0
2023-06-19 12:00:00+08:00,0.18299999833106995,0.18299999833106995,0.18299999833106995,0.18299999833106995,60000,0.0,0.0
2023-06-19 13:00:00+08:00,0.18299999833106995,0.18299999833106995,0.18299999833106995,0.18299999833106995,60000,0.0,0.0
2023-06-19 14:00:00+08:00,0.18299999833106995,0.18299999833106995,0.18299999833106995,0.18299999833106995,93000,0.0,0.0
2023-06-19 15:00:00+08:00,0.18299999833106995,0.18299999833106995,0.18299999833106995,0.18299999833106995,75000,0.0,0.0
2023-06-19 16:00:00+08:00,0.18299999833106995,0.18299999833106995,0.18299999833106995,0.18299999833106995,62000,0.0,0.0
2023-06-20 09:00:00+08:00,0.18299999833106995,0.18299999833106995,0.18299999833106995,0.18299999833106995,0,0.0,0.0
2023-06-20 13:00:00+08:00,0.18199999630451202,0.18199999630451202,0.18199999630451202,0.18199999630451202,6800,0.0,0.0
2023-06-20 14:00:00+08:00,0.18199999630451202,0.18299999833106995,0.18199999630451202,0.18299999833106995,83000,0.0,0.0
2023-06-20 15:00:00+08:00,0.18299999833106995,0.18299999833106995,0.18299999833106995,0.18299999833106995,30000,0.0,0.0
2023-06-21 09:00:00+08:00,0.18199999630451202,0.18199999630451202,0.18199999630451202,0.18199999630451202,0,0.0,0.0
2023-06-21 11:00:00+08:00,0.18199999630451202,0.18299999833106995,0.18199999630451202,0.18199999630451202,66000,0.0,0.0
2023-06-21 12:00:00+08:00,0.18199999630451202,0.18199999630451202,0.18199999630451202,0.18199999630451202,700,0.0,0.0
2023-06-21 13:00:00+08:00,0.18199999630451202,0.18299999833106995,0.18199999630451202,0.18299999833106995,0,0.0,0.0
2023-06-22 09:00:00+08:00,0.18199999630451202,0.18199999630451202,0.18000000715255737,0.18000000715255737,1000,0.0,0.0
2023-06-22 11:00:00+08:00,0.18000000715255737,0.18199999630451202,0.18000000715255737,0.18199999630451202,15000,0.0,0.0
2023-06-22 14:00:00+08:00,0.18199999630451202,0.18199999630451202,0.18199999630451202,0.18199999630451202,20000,0.0,0.0
2023-06-22 15:00:00+08:00,0.18199999630451202,0.18199999630451202,0.18199999630451202,0.18199999630451202,0,0.0,0.0
2023-06-23 11:00:00+08:00,0.1850000023841858,0.1850000023841858,0.1850000023841858,0.1850000023841858,20000,0.0,0.0
2023-06-26 13:00:00+08:00,0.1809999942779541,0.1809999942779541,0.16099999845027924,0.17299999296665192,114900,0.0,0.0
2023-06-26 16:00:00+08:00,0.17299999296665192,0.17299999296665192,0.17299999296665192,0.17299999296665192,0,0.0,0.0
2023-06-27 10:00:00+08:00,0.18299999833106995,0.18400000035762787,0.18299999833106995,0.18400000035762787,13900,0.0,0.0
2023-06-27 14:00:00+08:00,0.18400000035762787,0.18400000035762787,0.18299999833106995,0.18299999833106995,10000,0.0,0.0
2023-06-27 16:00:00+08:00,0.18299999833106995,0.18700000643730164,0.18299999833106995,0.18700000643730164,0,0.0,0.0
2023-06-28 09:00:00+08:00,0.18700000643730164,0.18700000643730164,0.18400000035762787,0.18700000643730164,3000,0.0,0.0
2023-06-28 13:00:00+08:00,0.18400000035762787,0.1850000023841858,0.18400000035762787,0.1850000023841858,88300,0.0,0.0
2023-06-28 16:00:00+08:00,0.1850000023841858,0.1850000023841858,0.1850000023841858,0.1850000023841858,0,0.0,0.0
2023-06-30 09:00:00+08:00,0.18299999833106995,0.1850000023841858,0.18299999833106995,0.1850000023841858,0,0.0,0.0
2023-06-30 14:00:00+08:00,0.1850000023841858,0.1850000023841858,0.1809999942779541,0.18199999630451202,140000,0.0,0.0
2023-06-30 15:00:00+08:00,0.18199999630451202,0.18199999630451202,0.18199999630451202,0.18199999630451202,80000,0.0,0.0
2023-06-30 16:00:00+08:00,0.18199999630451202,0.18199999630451202,0.18199999630451202,0.18199999630451202,9000,0.0,0.0
2023-07-03 10:00:00+08:00,0.18400000035762787,0.18400000035762787,0.18400000035762787,0.18400000035762787,0,0.0,0.0
2023-07-04 11:00:00+08:00,0.18299999833106995,0.1899999976158142,0.18299999833106995,0.1860000044107437,180000,0.0,0.0
2023-07-04 16:00:00+08:00,0.1860000044107437,0.1860000044107437,0.1860000044107437,0.1860000044107437,10000,0.0,0.0
2023-07-05 09:00:00+08:00,0.1850000023841858,0.1850000023841858,0.1850000023841858,0.1850000023841858,0,0.0,0.0
2023-07-06 11:00:00+08:00,0.1860000044107437,0.1860000044107437,0.1860000044107437,0.1860000044107437,0,0.0,0.0
2023-07-07 09:00:00+08:00,0.1860000044107437,0.1860000044107437,0.1860000044107437,0.1860000044107437,50000,0.0,0.0
2023-07-07 15:00:00+08:00,0.1860000044107437,0.1860000044107437,0.18400000035762787,0.18400000035762787,48000,0.0,0.0
2023-07-10 09:00:00+08:00,0.17599999904632568,0.17900000512599945,0.17499999701976776,0.17900000512599945,0,0.0,0.0
2023-07-10 13:00:00+08:00,0.17900000512599945,0.17900000512599945,0.17900000512599945,0.17900000512599945,0,0.0,0.0
2023-07-11 10:00:00+08:00,0.17599999904632568,0.17599999904632568,0.17599999904632568,0.17599999904632568,2000,0.0,0.0
2023-07-12 12:00:00+08:00,0.17800000309944153,0.17800000309944153,0.17800000309944153,0.17800000309944153,3000,0.0,0.0
2023-07-12 14:00:00+08:00,0.17800000309944153,0.17800000309944153,0.17800000309944153,0.17800000309944153,5000,0.0,0.0
2023-07-12 15:00:00+08:00,0.17800000309944153,0.17800000309944153,0.17800000309944153,0.17800000309944153,25000,0.0,0.0
2023-07-13 12:00:00+08:00,0.18299999833106995,0.18299999833106995,0.18299999833106995,0.18299999833106995,3000,0.0,0.0
2023-07-14 11:00:00+08:00,0.18199999630451202,0.18199999630451202,0.1809999942779541,0.18199999630451202,30400,0.0,0.0
2023-07-14 14:00:00+08:00,0.1809999942779541,0.18199999630451202,0.1809999942779541,0.18199999630451202,0,0.0,0.0
2023-07-14 15:00:00+08:00,0.18199999630451202,0.1850000023841858,0.18199999630451202,0.1850000023841858,109000,0.0,0.0
2023-07-14 16:00:00+08:00,0.1850000023841858,0.1850000023841858,0.1850000023841858,0.1850000023841858,50000,0.0,0.0
2023-07-17 14:00:00+08:00,0.18299999833106995,0.18299999833106995,0.18299999833106995,0.18299999833106995,60000,0.0,0.0
2023-07-18 11:00:00+08:00,0.18000000715255737,0.18000000715255737,0.18000000715255737,0.18000000715255737,0,0.0,0.0
2023-07-18 15:00:00+08:00,0.18000000715255737,0.18000000715255737,0.18000000715255737,0.18000000715255737,55000,0.0,0.0
2023-07-18 16:00:00+08:00,0.18000000715255737,0.18000000715255737,0.18000000715255737,0.18000000715255737,5000,0.0,0.0
2023-07-19 16:00:00+08:00,0.1860000044107437,0.1860000044107437,0.1860000044107437,0.1860000044107437,37000,0.0,0.0
2023-07-20 13:00:00+08:00,0.1850000023841858,0.1850000023841858,0.1850000023841858,0.1850000023841858,10000,0.0,0.0
2023-07-21 09:00:00+08:00,0.18400000035762787,0.18400000035762787,0.18000000715255737,0.18400000035762787,12000,0.0,0.0
2023-07-21 10:00:00+08:00,0.18000000715255737,0.18400000035762787,0.18000000715255737,0.18400000035762787,33000,0.0,0.0
2023-07-21 12:00:00+08:00,0.18000000715255737,0.18400000035762787,0.18000000715255737,0.18400000035762787,5000,0.0,0.0
2023-07-21 13:00:00+08:00,0.18400000035762787,0.18400000035762787,0.18400000035762787,0.18400000035762787,100,0.0,0.0
2023-07-21 14:00:00+08:00,0.18400000035762787,0.18400000035762787,0.18400000035762787,0.18400000035762787,4700,0.0,0.0
2023-07-21 15:00:00+08:00,0.18400000035762787,0.1850000023841858,0.18400000035762787,0.1850000023841858,15200,0.0,0.0
2023-07-21 16:00:00+08:00,0.1850000023841858,0.1850000023841858,0.1850000023841858,0.1850000023841858,100,0.0,0.0
2023-07-24 09:00:00+08:00,0.18000000715255737,0.18000000715255737,0.18000000715255737,0.18000000715255737,0,0.0,0.0
2023-07-24 12:00:00+08:00,0.1850000023841858,0.1850000023841858,0.1850000023841858,0.1850000023841858,10000,0.0,0.0
2023-07-25 09:00:00+08:00,0.1860000044107437,0.18700000643730164,0.1860000044107437,0.18700000643730164,85900,0.0,0.0
2023-07-26 14:00:00+08:00,0.18000000715255737,0.18000000715255737,0.18000000715255737,0.18000000715255737,55000,0.0,0.0
2023-07-27 10:00:00+08:00,0.18299999833106995,0.18299999833106995,0.18299999833106995,0.18299999833106995,10000,0.0,0.0
2023-07-28 13:00:00+08:00,0.18799999356269836,0.18799999356269836,0.18400000035762787,0.18400000035762787,3000,0.0,0.0
2023-07-28 14:00:00+08:00,0.18400000035762787,0.18400000035762787,0.18400000035762787,0.18400000035762787,10000,0.0,0.0
2023-07-31 16:00:00+08:00,0.1850000023841858,0.1850000023841858,0.1770000010728836,0.1770000010728836,10000,0.0,0.0
2023-08-01 11:00:00+08:00,0.18000000715255737,0.18000000715255737,0.18000000715255737,0.18000000715255737,63000,0.0,0.0
2023-08-02 13:00:00+08:00,0.1809999942779541,0.1809999942779541,0.18000000715255737,0.18000000715255737,0,0.0,0.0
2023-08-02 14:00:00+08:00,0.18000000715255737,0.18000000715255737,0.18000000715255737,0.18000000715255737,10000,0.0,0.0
2023-08-02 15:00:00+08:00,0.18000000715255737,0.18000000715255737,0.18000000715255737,0.18000000715255737,12000,0.0,0.0
2023-08-08 09:00:00+08:00,0.18700000643730164,0.18700000643730164,0.18299999833106995,0.18299999833106995,50600,0.0,0.0
2023-08-08 13:00:00+08:00,0.18299999833106995,0.18299999833106995,0.18299999833106995,0.18299999833106995,30000,0.0,0.0
2023-08-10 09:00:00+08:00,0.18000000715255737,0.18000000715255737,0.17800000309944153,0.17800000309944153,7500,0.0,0.0
2023-08-10 10:00:00+08:00,0.17800000309944153,0.18000000715255737,0.17800000309944153,0.18000000715255737,21700,0.0,0.0
2023-08-10 13:00:00+08:00,0.18000000715255737,0.18000000715255737,0.18000000715255737,0.18000000715255737,2000,0.0,0.0
2023-08-10 16:00:00+08:00,0.18000000715255737,0.18000000715255737,0.17800000309944153,0.17800000309944153,30000,0.0,0.0
2023-08-11 09:00:00+08:00,0.18000000715255737,0.18199999630451202,0.18000000715255737,0.18000000715255737,0,0.0,0.0
2023-08-11 15:00:00+08:00,0.18199999630451202,0.18199999630451202,0.18000000715255737,0.18199999630451202,25000,0.0,0.0
2023-08-16 16:00:00+08:00,0.18000000715255737,0.18000000715255737,0.18000000715255737,0.18000000715255737,13800,0.0,0.0
2023-08-17 13:00:00+08:00,0.17599999904632568,0.17599999904632568,0.17599999904632568,0.17599999904632568,10000,0.0,0.0
2023-08-18 15:00:00+08:00,0.17800000309944153,0.17800000309944153,0.17800000309944153,0.17800000309944153,0,0.0,0.0
2023-08-18 16:00:00+08:00,0.17800000309944153,0.17800000309944153,0.17800000309944153,0.17800000309944153,62800,0.0,0.0
2023-08-21 11:00:00+08:00,0.17900000512599945,0.17900000512599945,0.17900000512599945,0.17900000512599945,0,0.0,0.0
2023-08-21 12:00:00+08:00,0.17599999904632568,0.17599999904632568,0.17599999904632568,0.17599999904632568,4900,0.0,0.0
2023-08-21 14:00:00+08:00,0.17599999904632568,0.17599999904632568,0.17599999904632568,0.17599999904632568,5000,0.0,0.0
2023-08-23 10:00:00+08:00,0.1809999942779541,0.18299999833106995,0.17599999904632568,0.18299999833106995,2400,0.0,0.0
2023-08-23 11:00:00+08:00,0.18299999833106995,0.18400000035762787,0.18299999833106995,0.18400000035762787,1000,0.0,0.0
2023-08-23 13:00:00+08:00,0.18400000035762787,0.18400000035762787,0.18000000715255737,0.1809999942779541,5100,0.0,0.0
2023-08-23 16:00:00+08:00,0.1809999942779541,0.1809999942779541,0.1809999942779541,0.1809999942779541,1000,0.0,0.0
2023-08-24 10:00:00+08:00,0.18400000035762787,0.18400000035762787,0.18199999630451202,0.18199999630451202,9800,0.0,0.0
2023-08-24 15:00:00+08:00,0.18199999630451202,0.18199999630451202,0.18199999630451202,0.18199999630451202,200,0.0,0.0
2023-08-25 15:00:00+08:00,0.18400000035762787,0.1850000023841858,0.18299999833106995,0.1850000023841858,112200,0.0,0.0
2023-08-28 09:00:00+08:00,0.18400000035762787,0.1850000023841858,0.18400000035762787,0.1850000023841858,0,0.0,0.0
2023-08-28 11:00:00+08:00,0.1850000023841858,0.1850000023841858,0.1850000023841858,0.1850000023841858,75000,0.0,0.0
2023-08-28 12:00:00+08:00,0.1850000023841858,0.1860000044107437,0.1850000023841858,0.1860000044107437,20000,0.0,0.0
2023-08-28 13:00:00+08:00,0.1850000023841858,0.1860000044107437,0.1850000023841858,0.1860000044107437,0,0.0,0.0
2023-08-29 09:00:00+08:00,0.1860000044107437,0.1860000044107437,0.18299999833106995,0.1860000044107437,85000,0.0,0.0
2023-08-29 10:00:00+08:00,0.1860000044107437,0.1860000044107437,0.1850000023841858,0.1850000023841858,0,0.0,0.0
2023-08-29 13:00:00+08:00,0.1850000023841858,0.1850000023841858,0.1850000023841858,0.1850000023841858,167600,0.0,0.0
2023-08-29 15:00:00+08:00,0.1850000023841858,0.1850000023841858,0.1850000023841858,0.1850000023841858,25000,0.0,0.0
2023-08-29 16:00:00+08:00,0.1850000023841858,0.1850000023841858,0.1850000023841858,0.1850000023841858,30000,0.0,0.0
2023-08-30 11:00:00+08:00,0.18400000035762787,0.1850000023841858,0.18400000035762787,0.1850000023841858,0,0.0,0.0
2023-08-30 14:00:00+08:00,0.1850000023841858,0.1850000023841858,0.1850000023841858,0.1850000023841858,200,0.0,0.0
2023-08-30 16:00:00+08:00,0.1850000023841858,0.1860000044107437,0.1850000023841858,0.1860000044107437,26000,0.0,0.0
2023-08-31 09:00:00+08:00,0.1850000023841858,0.1850000023841858,0.1850000023841858,0.1850000023841858,20000,0.0,0.0
2023-08-31 10:00:00+08:00,0.1850000023841858,0.1860000044107437,0.1850000023841858,0.1860000044107437,52500,0.0,0.0
2023-08-31 11:00:00+08:00,0.1860000044107437,0.1860000044107437,0.1860000044107437,0.1860000044107437,60000,0.0,0.0
2023-08-31 12:00:00+08:00,0.1860000044107437,0.1860000044107437,0.1850000023841858,0.1850000023841858,6500,0.0,0.0
2023-08-31 13:00:00+08:00,0.1850000023841858,0.1850000023841858,0.18400000035762787,0.18400000035762787,100000,0.0,0.0
2023-08-31 15:00:00+08:00,0.18400000035762787,0.18400000035762787,0.18400000035762787,0.18400000035762787,7500,0.0,0.0
2023-09-04 09:00:00+08:00,0.18400000035762787,0.18400000035762787,0.18400000035762787,0.18400000035762787,0,0.0,0.0
2023-09-04 12:00:00+08:00,0.18199999630451202,0.18199999630451202,0.18199999630451202,0.18199999630451202,35000,0.0,0.0
2023-09-04 15:00:00+08:00,0.18199999630451202,0.18199999630451202,0.18199999630451202,0.18199999630451202,10000,0.0,0.0
2023-09-05 14:00:00+08:00,0.18400000035762787,0.18700000643730164,0.18400000035762787,0.18700000643730164,13500,0.0,0.0
2023-09-05 15:00:00+08:00,0.18700000643730164,0.18700000643730164,0.18199999630451202,0.18199999630451202,35000,0.0,0.0
2023-09-06 10:00:00+08:00,0.1860000044107437,0.1860000044107437,0.1860000044107437,0.1860000044107437,93400,0.0,0.0
2023-09-06 11:00:00+08:00,0.1860000044107437,0.1860000044107437,0.1860000044107437,0.1860000044107437,160900,0.0,0.0
2023-09-06 14:00:00+08:00,0.1860000044107437,0.1860000044107437,0.1860000044107437,0.1860000044107437,163900,0.0,0.0
2023-09-06 15:00:00+08:00,0.1860000044107437,0.1860000044107437,0.1860000044107437,0.1860000044107437,88700,0.0,0.0
2023-09-06 16:00:00+08:00,0.1860000044107437,0.1860000044107437,0.1860000044107437,0.1860000044107437,20000,0.0,0.0
2023-09-07 10:00:00+08:00,0.1860000044107437,0.1860000044107437,0.1860000044107437,0.1860000044107437,95800,0.0,0.0
2023-09-07 11:00:00+08:00,0.1860000044107437,0.1860000044107437,0.1860000044107437,0.1860000044107437,4200,0.0,0.0
2023-09-07 13:00:00+08:00,0.1860000044107437,0.18700000643730164,0.1860000044107437,0.18700000643730164,40000,0.0,0.0
2023-09-07 14:00:00+08:00,0.18700000643730164,0.18700000643730164,0.1860000044107437,0.1860000044107437,0,0.0,0.0
2023-09-08 09:00:00+08:00,0.1860000044107437,0.18799999356269836,0.1860000044107437,0.18799999356269836,93000,0.0,0.0
2023-09-08 10:00:00+08:00,0.18799999356269836,0.18799999356269836,0.18799999356269836,0.18799999356269836,44400,0.0,0.0
2023-09-08 13:00:00+08:00,0.18799999356269836,0.1899999976158142,0.18799999356269836,0.1899999976158142,5600,0.0,0.0
2023-09-08 15:00:00+08:00,0.18799999356269836,0.1899999976158142,0.18799999356269836,0.1899999976158142,25400,0.0,0.0
2023-09-08 16:00:00+08:00,0.1899999976158142,0.1899999976158142,0.1860000044107437,0.18700000643730164,851600,0.0,0.0
2023-09-11 09:00:00+08:00,0.18799999356269836,0.18799999356269836,0.18799999356269836,0.18799999356269836,2000,0.0,0.0
2023-09-11 10:00:00+08:00,0.18799999356269836,0.18799999356269836,0.18799999356269836,0.18799999356269836,10000,0.0,0.0
2023-09-11 13:00:00+08:00,0.18799999356269836,0.18799999356269836,0.18799999356269836,0.18799999356269836,10000,0.0,0.0
2023-09-11 15:00:00+08:00,0.18799999356269836,0.18799999356269836,0.18799999356269836,0.18799999356269836,10000,0.0,0.0
2023-09-12 09:00:00+08:00,0.1899999976158142,0.19099999964237213,0.1850000023841858,0.1850000023841858,116700,0.0,0.0
2023-09-12 13:00:00+08:00,0.1850000023841858,0.1850000023841858,0.1850000023841858,0.1850000023841858,5000,0.0,0.0
2023-09-12 14:00:00+08:00,0.1850000023841858,0.1850000023841858,0.1850000023841858,0.1850000023841858,0,0.0,0.0
2023-09-12 16:00:00+08:00,0.1850000023841858,0.1850000023841858,0.1850000023841858,0.1850000023841858,149100,0.0,0.0
2023-09-13 12:00:00+08:00,0.18700000643730164,0.18700000643730164,0.18700000643730164,0.18700000643730164,0,0.0,0.0
2023-09-13 13:00:00+08:00,0.18700000643730164,0.18700000643730164,0.1860000044107437,0.1860000044107437,15000,0.0,0.0
2023-09-13 15:00:00+08:00,0.1860000044107437,0.1860000044107437,0.1860000044107437,0.1860000044107437,50000,0.0,0.0
2023-09-13 16:00:00+08:00,0.1860000044107437,0.1860000044107437,0.1860000044107437,0.1860000044107437,49100,0.0,0.0
2023-09-14 15:00:00+08:00,0.1850000023841858,0.1850000023841858,0.1850000023841858,0.1850000023841858,0,0.0,0.0
2023-09-18 10:00:00+08:00,0.18299999833106995,0.1860000044107437,0.18299999833106995,0.1860000044107437,5000,0.0,0.0
2023-09-18 13:00:00+08:00,0.1860000044107437,0.1860000044107437,0.1860000044107437,0.1860000044107437,112300,0.0,0.0
2023-09-19 14:00:00+08:00,0.1860000044107437,0.1860000044107437,0.1860000044107437,0.1860000044107437,0,0.0,0.0
2023-09-19 16:00:00+08:00,0.1860000044107437,0.1860000044107437,0.1860000044107437,0.1860000044107437,5000,0.0,0.0
2023-09-20 16:00:00+08:00,0.18799999356269836,0.18799999356269836,0.18799999356269836,0.18799999356269836,0,0.0,0.0
2023-09-21 09:00:00+08:00,0.18799999356269836,0.1889999955892563,0.18799999356269836,0.18799999356269836,7300,0.0,0.0
2023-09-21 11:00:00+08:00,0.18799999356269836,0.18799999356269836,0.18799999356269836,0.18799999356269836,13000,0.0,0.0
2023-09-21 12:00:00+08:00,0.1889999955892563,0.1899999976158142,0.1889999955892563,0.1899999976158142,14700,0.0,0.0
2023-09-21 13:00:00+08:00,0.1899999976158142,0.1899999976158142,0.1899999976158142,0.1899999976158142,5000,0.0,0.0
2023-09-21 16:00:00+08:00,0.1899999976158142,0.1899999976158142,0.1899999976158142,0.1899999976158142,12000,0.0,0.0
2023-09-25 11:00:00+08:00,0.18799999356269836,0.20499999821186066,0.18799999356269836,0.20499999821186066,0,0.0,0.0
2023-09-25 14:00:00+08:00,0.20499999821186066,0.20499999821186066,0.18799999356269836,0.18799999356269836,10000,0.0,0.0
2023-09-25 16:00:00+08:00,0.18799999356269836,0.18799999356269836,0.18799999356269836,0.18799999356269836,6000,0.0,0.0
2023-09-26 10:00:00+08:00,0.1899999976158142,0.20000000298023224,0.1899999976158142,0.20000000298023224,25000,0.0,0.0
2023-09-26 13:00:00+08:00,0.20000000298023224,0.20000000298023224,0.20000000298023224,0.20000000298023224,50000,0.0,0.0
2023-09-26 15:00:00+08:00,0.20000000298023224,0.20000000298023224,0.20000000298023224,0.20000000298023224,21000,0.0,0.0
2023-10-03 09:00:00+08:00,0.19499999284744263,0.20000000298023224,0.19499999284744263,0.19499999284744263,0,0.0,0.0
2023-10-03 11:00:00+08:00,0.19499999284744263,0.19499999284744263,0.19499999284744263,0.19499999284744263,20000,0.0,0.0
2023-10-04 13:00:00+08:00,0.20000000298023224,0.20000000298023224,0.20000000298023224,0.20000000298023224,0,0.0,0.0
2023-10-04 14:00:00+08:00,0.20000000298023224,0.20000000298023224,0.19599999487400055,0.20000000298023224,70000,0.0,0.0
2023-10-05 09:00:00+08:00,0.20499999821186066,0.20499999821186066,0.20000000298023224,0.20499999821186066,0,0.0,0.0
2023-10-05 11:00:00+08:00,0.20000000298023224,0.20000000298023224,0.20000000298023224,0.20000000298023224,15000,0.0,0.0
2023-10-05 15:00:00+08:00,0.20000000298023224,0.20000000298023224,0.20000000298023224,0.20000000298023224,10000,0.0,0.0
2023-10-06 09:00:00+08:00,0.20499999821186066,0.20499999821186066,0.20000000298023224,0.20000000298023224,8000,0.0,0.0
2023-10-06 13:00:00+08:00,0.20000000298023224,0.20000000298023224,0.20000000298023224,0.20000000298023224,10000,0.0,0.0
2023-10-09 11:00:00+08:00,0.20000000298023224,0.20000000298023224,0.19499999284744263,0.19499999284744263,0,0.0,0.0
2023-10-09 16:00:00+08:00,0.19499999284744263,0.19499999284744263,0.19499999284744263,0.19499999284744263,4800,0.0,0.0
2023-10-11 09:00:00+08:00,0.20000000298023224,0.20000000298023224,0.20000000298023224,0.20000000298023224,9000,0.0,0.0
2023-10-11 13:00:00+08:00,0.20000000298023224,0.20000000298023224,0.1899999976158142,0.19200000166893005,30000,0.0,0.0
2023-10-11 16:00:00+08:00,0.19200000166893005,0.19200000166893005,0.19200000166893005,0.19200000166893005,17800,0.0,0.0
2023-10-12 16:00:00+08:00,0.20000000298023224,0.20499999821186066,0.20000000298023224,0.20499999821186066,0,0.0,0.0
2023-10-13 09:00:00+08:00,0.20499999821186066,0.20499999821186066,0.19300000369548798,0.19300000369548798,100,0.0,0.0
2023-10-13 10:00:00+08:00,0.20000000298023224,0.20000000298023224,0.19300000369548798,0.19499999284744263,30000,0.0,0.0
2023-10-13 16:00:00+08:00,0.19499999284744263,0.19499999284744263,0.19499999284744263,0.19499999284744263,2000,0.0,0.0
2023-10-16 14:00:00+08:00,0.20499999821186066,0.20499999821186066,0.20499999821186066,0.20499999821186066,20900,0.0,0.0
2023-10-16 15:00:00+08:00,0.20499999821186066,0.20499999821186066,0.20499999821186066,0.20499999821186066,42000,0.0,0.0
2023-10-17 09:00:00+08:00,0.20499999821186066,0.20499999821186066,0.20499999821186066,0.20499999821186066,0,0.0,0.0
2023-10-17 10:00:00+08:00,0.20499999821186066,0.20499999821186066,0.20000000298023224,0.20000000298023224,10000,0.0,0.0
2023-10-17 14:00:00+08:00,0.20000000298023224,0.20000000298023224,0.20000000298023224,0.20000000298023224,0,0.0,0.0
2023-10-17 16:00:00+08:00,0.20000000298023224,0.20000000298023224,0.20000000298023224,0.20000000298023224,47000,0.0,0.0
2023-10-18 09:00:00+08:00,0.20000000298023224,0.20000000298023224,0.20000000298023224,0.20000000298023224,0,0.0,0.0
2023-10-18 14:00:00+08:00,0.20000000298023224,0.20000000298023224,0.20000000298023224,0.20000000298023224,20000,0.0,0.0
2023-10-18 15:00:00+08:00,0.20000000298023224,0.20000000298023224,0.20000000298023224,0.20000000298023224,54900,0.0,0.0
2023-10-18 16:00:00+08:00,0.20000000298023224,0.20000000298023224,0.20000000298023224,0.20000000298023224,20200,0.0,0.0
2023-10-19 13:00:00+08:00,0.20000000298023224,0.20000000298023224,0.1979999989271164,0.1979999989271164,20000,0.0,0.0
2023-10-20 10:00:00+08:00,0.20000000298023224,0.20000000298023224,0.20000000298023224,0.20000000298023224,3000,0.0,0.0
2023-10-20 13:00:00+08:00,0.20000000298023224,0.20000000298023224,0.20000000298023224,0.20000000298023224,15000,0.0,0.0
2023-10-20 15:00:00+08:00,0.20000000298023224,0.20000000298023224,0.20000000298023224,0.20000000298023224,10000,0.0,0.0
2023-10-20 16:00:00+08:00,0.20000000298023224,0.20000000298023224,0.20000000298023224,0.20000000298023224,7200,0.0,0.0
2023-10-23 12:00:00+08:00,0.20000000298023224,0.20000000298023224,0.20000000298023224,0.20000000298023224,200,0.0,0.0
2023-10-24 10:00:00+08:00,0.20000000298023224,0.20000000298023224,0.20000000298023224,0.20000000298023224,6600,0.0,0.0
2023-10-24 14:00:00+08:00,0.20000000298023224,0.20000000298023224,0.20000000298023224,0.20000000298023224,6000,0.0,0.0
2023-10-24 16:00:00+08:00,0.20000000298023224,0.20000000298023224,0.20000000298023224,0.20000000298023224,25100,0.0,0.0
2023-10-25 13:00:00+08:00,0.1940000057220459,0.1940000057220459,0.1940000057220459,0.1940000057220459,38700,0.0,0.0
2023-10-25 14:00:00+08:00,0.1940000057220459,0.1940000057220459,0.1940000057220459,0.1940000057220459,44800,0.0,0.0
2023-10-25 15:00:00+08:00,0.1940000057220459,0.1940000057220459,0.1940000057220459,0.1940000057220459,61000,0.0,0.0
2023-10-26 14:00:00+08:00,0.1940000057220459,0.19699999690055847,0.1940000057220459,0.19699999690055847,0,0.0,0.0
2023-10-26 16:00:00+08:00,0.19699999690055847,0.19699999690055847,0.19699999690055847,0.19699999690055847,5000,0.0,0.0
2023-10-27 13:00:00+08:00,0.19200000166893005,0.1940000057220459,0.19200000166893005,0.1940000057220459,141000,0.0,0.0
2023-10-27 14:00:00+08:00,0.1940000057220459,0.1940000057220459,0.19200000166893005,0.19200000166893005,5000,0.0,0.0
2023-10-27 15:00:00+08:00,0.19200000166893005,0.19200000166893005,0.19200000166893005,0.19200000166893005,20000,0.0,0.0
2023-10-27 16:00:00+08:00,0.19200000166893005,0.19200000166893005,0.19200000166893005,0.19200000166893005,5000,0.0,0.0
2023-10-30 09:00:00+08:00,0.1899999976158142,0.1899999976158142,0.1899999976158142,0.1899999976158142,0,0.0,0.0
2023-10-30 12:00:00+08:00,0.19599999487400055,0.19599999487400055,0.19599999487400055,0.19599999487400055,5000,0.0,0.0
2023-10-30 13:00:00+08:00,0.19599999487400055,0.20000000298023224,0.19599999487400055,0.20000000298023224,15000,0.0,0.0
2023-10-30 15:00:00+08:00,0.20000000298023224,0.20000000298023224,0.20000000298023224,0.20000000298023224,100,0.0,0.0
2023-10-31 09:00:00+08:00,0.20000000298023224,0.20000000298023224,0.1899999976158142,0.1899999976158142,0,0.0,0.0
2023-11-01 09:00:00+08:00,0.1809999942779541,0.1809999942779541,0.1809999942779541,0.1809999942779541,400,0.0,0.0
2023-11-01 11:00:00+08:00,0.1899999976158142,0.19499999284744263,0.1899999976158142,0.19499999284744263,21900,0.0,0.0
2023-11-02 09:00:00+08:00,0.19499999284744263,0.19499999284744263,0.19499999284744263,0.19499999284744263,0,0.0,0.0
2023-11-03 13:00:00+08:00,0.1860000044107437,0.1860000044107437,0.1850000023841858,0.1860000044107437,30000,0.0,0.0
2023-11-03 15:00:00+08:00,0.1860000044107437,0.1889999955892563,0.1860000044107437,0.1889999955892563,2300,0.0,0.0
2023-11-03 16:00:00+08:00,0.1889999955892563,0.20000000298023224,0.1889999955892563,0.20000000298023224,124200,0.0,0.0
2023-11-06 11:00:00+08:00,0.19900000095367432,0.19900000095367432,0.19900000095367432,0.19900000095367432,0,0.0,0.0
2023-11-07 13:00:00+08:00,0.1899999976158142,0.1899999976158142,0.18299999833106995,0.1889999955892563,7800,0.0,0.0
2023-11-07 16:00:00+08:00,0.1889999955892563,0.1889999955892563,0.1889999955892563,0.1889999955892563,2000,0.0,0.0
2023-11-09 11:00:00+08:00,0.18199999630451202,0.18400000035762787,0.18199999630451202,0.18400000035762787,0,0.0,0.0
2023-11-09 14:00:00+08:00,0.18400000035762787,0.18400000035762787,0.18400000035762787,0.18400000035762787,3000,0.0,0.0
2023-11-10 13:00:00+08:00,0.1809999942779541,0.18199999630451202,0.18000000715255737,0.18199999630451202,0,0.0,0.0
2023-11-14 09:00:00+08:00,0.18199999630451202,0.1860000044107437,0.18199999630451202,0.1860000044107437,1000,0.0,0.0
2023-11-14 11:00:00+08:00,0.1860000044107437,0.18700000643730164,0.1860000044107437,0.18700000643730164,300,0.0,0.0
2023-11-14 13:00:00+08:00,0.18700000643730164,0.18700000643730164,0.18700000643730164,0.18700000643730164,11000,0.0,0.0
2023-11-15 10:00:00+08:00,0.1860000044107437,0.1889999955892563,0.1860000044107437,0.1889999955892563,0,0.0,0.0
2023-11-15 13:00:00+08:00,0.1889999955892563,0.1889999955892563,0.1889999955892563,0.1889999955892563,100,0.0,0.0
2023-11-15 14:00:00+08:00,0.1889999955892563,0.1889999955892563,0.1889999955892563,0.1889999955892563,19900,0.0,0.0
2023-11-16 09:00:00+08:00,0.19499999284744263,0.19499999284744263,0.19499999284744263,0.19499999284744263,0,0.0,0.0
2023-11-20 11:00:00+08:00,0.1899999976158142,0.19200000166893005,0.1899999976158142,0.19200000166893005,0,0.0,0.0
2023-11-20 16:00:00+08:00,0.19200000166893005,0.19200000166893005,0.19200000166893005,0.19200000166893005,5000,0.0,0.0
2023-11-21 14:00:00+08:00,0.19200000166893005,0.19200000166893005,0.18400000035762787,0.18400000035762787,0,0.0,0.0
2023-11-21 16:00:00+08:00,0.18799999356269836,0.1899999976158142,0.18400000035762787,0.1899999976158142,16000,0.0,0.0
2023-11-22 13:00:00+08:00,0.19300000369548798,0.19300000369548798,0.17499999701976776,0.18000000715255737,300,0.0,0.0
2023-11-22 14:00:00+08:00,0.18000000715255737,0.18799999356269836,0.18000000715255737,0.18799999356269836,4500,0.0,0.0
2023-11-22 15:00:00+08:00,0.18799999356269836,0.18799999356269836,0.18299999833106995,0.18299999833106995,400,0.0,0.0
2023-11-22 16:00:00+08:00,0.18299999833106995,0.18299999833106995,0.18299999833106995,0.18299999833106995,100,0.0,0.0
2023-11-23 13:00:00+08:00,0.18400000035762787,0.1850000023841858,0.18299999833106995,0.18299999833106995,7000,0.0,0.0
2023-11-24 09:00:00+08:00,0.18400000035762787,0.1850000023841858,0.17499999701976776,0.18299999833106995,13000,0.0,0.0
2023-11-24 10:00:00+08:00,0.18299999833106995,0.18400000035762787,0.18299999833106995,0.18299999833106995,14300,0.0,0.0
2023-11-24 11:00:00+08:00,0.18299999833106995,0.18299999833106995,0.18299999833106995,0.18299999833106995,800,0.0,0.0
2023-11-24 13:00:00+08:00,0.18299999833106995,0.18299999833106995,0.18299999833106995,0.18299999833106995,4000,0.0,0.0
2023-11-24 15:00:00+08:00,0.18299999833106995,0.18299999833106995,0.18299999833106995,0.18299999833106995,3000,0.0,0.0
2023-11-28 10:00:00+08:00,0.18199999630451202,0.18199999630451202,0.18000000715255737,0.1809999942779541,1000,0.0,0.0
2023-11-28 14:00:00+08:00,0.18199999630451202,0.18199999630451202,0.1809999942779541,0.1809999942779541,0,0.0,0.0
2023-11-28 15:00:00+08:00,0.1809999942779541,0.1809999942779541,0.1809999942779541,0.1809999942779541,10000,0.0,0.0
2023-11-29 11:00:00+08:00,0.1770000010728836,0.1770000010728836,0.1770000010728836,0.1770000010728836,0,0.0,0.0
2023-11-30 14:00:00+08:00,0.17900000512599945,0.18000000715255737,0.17800000309944153,0.18000000715255737,1200,0.0,0.0
2023-11-30 16:00:00+08:00,0.18000000715255737,0.18000000715255737,0.18000000715255737,0.18000000715255737,2100,0.0,0.0
2023-12-01 09:00:00+08:00,0.1889999955892563,0.19300000369548798,0.1889999955892563,0.19300000369548798,0,0.0,0.0
2023-12-04 09:00:00+08:00,0.19200000166893005,0.19200000166893005,0.19200000166893005,0.19200000166893005,100,0.0,0.0
2023-12-06 09:00:00+08:00,0.1940000057220459,0.1940000057220459,0.18799999356269836,0.18799999356269836,5300,0.0,0.0
2023-12-07 11:00:00+08:00,0.1889999955892563,0.1889999955892563,0.1889999955892563,0.1889999955892563,0,0.0,0.0
2023-12-08 11:00:00+08:00,0.1889999955892563,0.1889999955892563,0.1889999955892563,0.1889999955892563,400,0.0,0.0
2023-12-12 15:00:00+08:00,0.18799999356269836,0.18799999356269836,0.1809999942779541,0.1809999942779541,25000,0.0,0.0
2023-12-12 16:00:00+08:00,0.1809999942779541,0.1809999942779541,0.1809999942779541,0.1809999942779541,20000,0.0,0.0
2023-12-14 10:00:00+08:00,0.1850000023841858,0.1860000044107437,0.18000000715255737,0.1860000044107437,0,0.0,0.0
2023-12-14 11:00:00+08:00,0.1860000044107437,0.1860000044107437,0.18000000715255737,0.18000000715255737,100,0.0,0.0
2023-12-14 13:00:00+08:00,0.18000000715255737,0.18000000715255737,0.18000000715255737,0.18000000715255737,4900,0.0,0.0
2023-12-14 16:00:00+08:00,0.18000000715255737,0.18000000715255737,0.18000000715255737,0.18000000715255737,5000,0.0,0.0
2023-12-15 09:00:00+08:00,0.1809999942779541,0.1809999942779541,0.1809999942779541,0.1809999942779541,200,0.0,0.0
2023-12-15 11:00:00+08:00,0.1809999942779541,0.1809999942779541,0.18000000715255737,0.18000000715255737,31000,0.0,0.0
2023-12-15 16:00:00+08:00,0.18000000715255737,0.18000000715255737,0.18000000715255737,0.18000000715255737,10000,0.0,0.0
2023-12-19 09:00:00+08:00,0.18199999630451202,0.1850000023841858,0.18199999630451202,0.1850000023841858,15800,0.0,0.0
2023-12-20 10:00:00+08:00,0.1860000044107437,0.1860000044107437,0.1850000023841858,0.1850000023841858,10000,0.0,0.0
2023-12-20 11:00:00+08:00,0.1850000023841858,0.1850000023841858,0.18000000715255737,0.18000000715255737,40800,0.0,0.0
2023-12-20 13:00:00+08:00,0.18000000715255737,0.18000000715255737,0.16899999976158142,0.17100000381469727,370200,0.0,0.0
2023-12-20 14:00:00+08:00,0.17100000381469727,0.17900000512599945,0.16899999976158142,0.17499999701976776,354700,0.0,0.0
2023-12-20 15:00:00+08:00,0.17499999701976776,0.1770000010728836,0.17499999701976776,0.1770000010728836,33000,0.0,0.0
2023-12-20 16:00:00+08:00,0.17599999904632568,0.1770000010728836,0.17000000178813934,0.17000000178813934,10300,0.0,0.0
2023-12-21 10:00:00+08:00,0.17100000381469727,0.1720000058412552,0.17100000381469727,0.1720000058412552,0,0.0,0.0
2023-12-21 12:00:00+08:00,0.17100000381469727,0.17100000381469727,0.17000000178813934,0.17000000178813934,11500,0.0,0.0
2023-12-21 13:00:00+08:00,0.17000000178813934,0.17100000381469727,0.17000000178813934,0.17100000381469727,10200,0.0,0.0
2023-12-22 11:00:00+08:00,0.17000000178813934,0.17000000178813934,0.1679999977350235,0.1679999977350235,41900,0.0,0.0
2023-12-22 12:00:00+08:00,0.17000000178813934,0.18299999833106995,0.17000000178813934,0.18299999833106995,9100,0.0,0.0
2023-12-22 15:00:00+08:00,0.18299999833106995,0.19599999487400055,0.17100000381469727,0.17100000381469727,53200,0.0,0.0
2023-12-22 16:00:00+08:00,0.17100000381469727,0.17100000381469727,0.17100000381469727,0.17100000381469727,20000,0.0,0.0
2023-12-26 15:00:00+08:00,0.17399999499320984,0.17399999499320984,0.17399999499320984,0.17399999499320984,0,0.0,0.0
2023-12-27 10:00:00+08:00,0.17299999296665192,0.17399999499320984,0.17299999296665192,0.17299999296665192,0,0.0,0.0
2023-12-27 13:00:00+08:00,0.17399999499320984,0.17399999499320984,0.17299999296665192,0.17299999296665192,20000,0.0,0.0
2023-12-28 10:00:00+08:00,0.17299999296665192,0.17299999296665192,0.17299999296665192,0.17299999296665192,3200,0.0,0.0
2023-12-28 15:00:00+08:00,0.17299999296665192,0.17299999296665192,0.17299999296665192,0.17299999296665192,10000,0.0,0.0
2024-01-03 10:00:00+08:00,0.17900000512599945,0.18000000715255737,0.17900000512599945,0.18000000715255737,50000,0.0,0.0
2024-01-03 11:00:00+08:00,0.18000000715255737,0.1809999942779541,0.18000000715255737,0.1809999942779541,0,0.0,0.0
2024-01-03 16:00:00+08:00,0.1809999942779541,0.1809999942779541,0.1809999942779541,0.1809999942779541,150900,0.0,0.0
2024-01-04 09:00:00+08:00,0.18000000715255737,0.1979999989271164,0.18000000715255737,0.1979999989271164,41400,0.0,0.0
2024-01-04 10:00:00+08:00,0.1899999976158142,0.1979999989271164,0.18299999833106995,0.18299999833106995,50000,0.0,0.0
2024-01-04 11:00:00+08:00,0.18299999833106995,0.18299999833106995,0.18299999833106995,0.18299999833106995,78300,0.0,0.0
2024-01-05 11:00:00+08:00,0.1809999942779541,0.1809999942779541,0.1809999942779541,0.1809999942779541,20000,0.0,0.0
2024-01-05 12:00:00+08:00,0.18199999630451202,0.18299999833106995,0.18199999630451202,0.18299999833106995,37100,0.0,0.0
2024-01-05 13:00:00+08:00,0.18299999833106995,0.18299999833106995,0.18299999833106995,0.18299999833106995,1700,0.0,0.0
2024-01-05 14:00:00+08:00,0.18299999833106995,0.18299999833106995,0.18299999833106995,0.18299999833106995,4000,0.0,0.0
2024-01-08 11:00:00+08:00,0.1809999942779541,0.1809999942779541,0.17299999296665192,0.17599999904632568,0,0.0,0.0
2024-01-08 13:00:00+08:00,0.17599999904632568,0.17599999904632568,0.17399999499320984,0.17399999499320984,7600,0.0,0.0
2024-01-08 14:00:00+08:00,0.17399999499320984,0.17399999499320984,0.17000000178813934,0.17000000178813934,262700,0.0,0.0
2024-01-08 15:00:00+08:00,0.17000000178813934,0.1770000010728836,0.16899999976158142,0.1770000010728836,117000,0.0,0.0
2024-01-08 16:00:00+08:00,0.1770000010728836,0.1770000010728836,0.17599999904632568,0.17599999904632568,65000,0.0,0.0
2024-01-09 09:00:00+08:00,0.17100000381469727,0.17399999499320984,0.17100000381469727,0.17399999499320984,200,0.0,0.0
2024-01-09 10:00:00+08:00,0.17399999499320984,0.17399999499320984,0.17399999499320984,0.17399999499320984,3600,0.0,0.0
2024-01-09 11:00:00+08:00,0.17399999499320984,0.17599999904632568,0.17399999499320984,0.17599999904632568,2000,0.0,0.0
2024-01-09 13:00:00+08:00,0.17599999904632568,0.17599999904632568,0.17299999296665192,0.17299999296665192,4100,0.0,0.0
2024-01-09 14:00:00+08:00,0.17299999296665192,0.17499999701976776,0.17299999296665192,0.17499999701976776,10000,0.0,0.0
2024-01-10 09:00:00+08:00,0.17299999296665192,0.17299999296665192,0.1720000058412552,0.1720000058412552,10000,0.0,0.0
2024-01-10 11:00:00+08:00,0.1720000058412552,0.1720000058412552,0.1720000058412552,0.1720000058412552,4700,0.0,0.0
2024-01-10 13:00:00+08:00,0.1720000058412552,0.1720000058412552,0.1720000058412552,0.1720000058412552,12000,0.0,0.0
2024-01-12 10:00:00+08:00,0.17299999296665192,0.17299999296665192,0.17299999296665192,0.17299999296665192,46100,0.0,0.0
2024-01-12 11:00:00+08:00,0.17299999296665192,0.17299999296665192,0.17299999296665192,0.17299999296665192,10000,0.0,0.0
2024-01-12 13:00:00+08:00,0.17299999296665192,0.17299999296665192,0.17299999296665192,0.17299999296665192,10000,0.0,0.0
2024-01-15 10:00:00+08:00,0.17299999296665192,0.17299999296665192,0.17299999296665192,0.17299999296665192,15100,0.0,0.0
2024-01-15 12:00:00+08:00,0.17299999296665192,0.17299999296665192,0.17299999296665192,0.17299999296665192,1100,0.0,0.0
2024-01-15 13:00:00+08:00,0.17299999296665192,0.17299999296665192,0.17299999296665192,0.17299999296665192,18900,0.0,0.0
2024-01-15 15:00:00+08:00,0.17299999296665192,0.17299999296665192,0.17299999296665192,0.17299999296665192,12000,0.0,0.0
2024-01-16 11:00:00+08:00,0.1720000058412552,0.1720000058412552,0.16899999976158142,0.16899999976158142,0,0.0,0.0
2024-01-16 15:00:00+08:00,0.1720000058412552,0.1720000058412552,0.16899999976158142,0.16899999976158142,100000,0.0,0.0
2024-01-17 16:00:00+08:00,0.17000000178813934,0.17000000178813934,0.17000000178813934,0.17000000178813934,0,0.0,0.0
2024-01-18 10:00:00+08:00,0.16300000250339508,0.17499999701976776,0.1599999964237213,0.16899999976158142,117500,0.0,0.0
2024-01-18 13:00:00+08:00,0.16899999976158142,0.17000000178813934,0.16899999976158142,0.17000000178813934,15000,0.0,0.0
2024-01-18 15:00:00+08:00,0.17000000178813934,0.17000000178813934,0.17000000178813934,0.17000000178813934,46200,0.0,0.0
2024-01-18 16:00:00+08:00,0.17000000178813934,0.17000000178813934,0.17000000178813934,0.17000000178813934,7500,0.0,0.0
2024-01-19 09:00:00+08:00,0.1679999977350235,0.1679999977350235,0.1679999977350235,0.1679999977350235,0,0.0,0.0
2024-01-19 10:00:00+08:00,0.1679999977350235,0.1679999977350235,0.1679999977350235,0.1679999977350235,147700,0.0,0.0
2024-01-19 11:00:00+08:00,0.1679999977350235,0.1679999977350235,0.16699999570846558,0.16699999570846558,14800,0.0,0.0
2024-01-19 16:00:00+08:00,0.1679999977350235,0.16899999976158142,0.16699999570846558,0.16899999976158142,27500,0.0,0.0
2024-01-22 09:00:00+08:00,0.1679999977350235,0.1679999977350235,0.16200000047683716,0.16200000047683716,54900,0.0,0.0
2024-01-22 10:00:00+08:00,0.16200000047683716,0.16200000047683716,0.16200000047683716,0.16200000047683716,5000,0.0,0.0
2024-01-22 14:00:00+08:00,0.16300000250339508,0.16300000250339508,0.16300000250339508,0.16300000250339508,20000,0.0,0.0
2024-01-23 09:00:00+08:00,0.16699999570846558,0.16699999570846558,0.16699999570846558,0.16699999570846558,0,0.0,0.0
2024-01-23 10:00:00+08:00,0.16699999570846558,0.16699999570846558,0.16699999570846558,0.16699999570846558,0,0.0,0.0
2024-01-23 11:00:00+08:00,0.16699999570846558,0.16699999570846558,0.16699999570846558,0.16699999570846558,47000,0.0,0.0
2024-01-23 14:00:00+08:00,0.16699999570846558,0.16699999570846558,0.16699999570846558,0.16699999570846558,22500,0.0,0.0
2024-01-23 16:00:00+08:00,0.16699999570846558,0.16699999570846558,0.16699999570846558,0.16699999570846558,37700,0.0,0.0
2024-01-24 09:00:00+08:00,0.16599999368190765,0.16699999570846558,0.16599999368190765,0.16699999570846558,0,0.0,0.0
2024-01-24 11:00:00+08:00,0.16699999570846558,0.16699999570846558,0.16500000655651093,0.16500000655651093,51600,0.0,0.0
2024-01-24 15:00:00+08:00,0.16500000655651093,0.16500000655651093,0.16500000655651093,0.16500000655651093,5000,0.0,0.0
2024-01-25 14:00:00+08:00,0.1679999977350235,0.1679999977350235,0.16500000655651093,0.16500000655651093,0,0.0,0.0
2024-01-25 16:00:00+08:00,0.16500000655651093,0.16699999570846558,0.16500000655651093,0.16699999570846558,40000,0.0,0.0
2024-01-26 15:00:00+08:00,0.16300000250339508,0.16699999570846558,0.16200000047683716,0.16200000047683716,0,0.0,0.0
2024-01-26 16:00:00+08:00,0.16699999570846558,0.16699999570846558,0.16699999570846558,0.16699999570846558,10000,0.0,0.0
2024-01-29 09:00:00+08:00,0.16500000655651093,0.16500000655651093,0.16500000655651093,0.16500000655651093,0,0.0,0.0
2024-01-29 11:00:00+08:00,0.16500000655651093,0.16599999368190765,0.16500000655651093,0.16599999368190765,21500,0.0,0.0
2024-01-29 13:00:00+08:00,0.16599999368190765,0.16599999368190765,0.16500000655651093,0.16500000655651093,10000,0.0,0.0
2024-01-29 14:00:00+08:00,0.16500000655651093,0.16599999368190765,0.16500000655651093,0.16599999368190765,42500,0.0,0.0
2024-01-30 09:00:00+08:00,0.16300000250339508,0.16300000250339508,0.16300000250339508,0.16300000250339508,0,0.0,0.0
2024-02-06 15:00:00+08:00,0.16500000655651093,0.16500000655651093,0.16300000250339508,0.16300000250339508,0,0.0,0.0
2024-02-06 16:00:00+08:00,0.16300000250339508,0.16300000250339508,0.16300000250339508,0.16300000250339508,2000,0.0,0.0
2024-02-08 13:00:00+08:00,0.16899999976158142,0.16899999976158142,0.16699999570846558,0.16699999570846558,0,0.0,0.0
2024-02-13 09:00:00+08:00,0.17100000381469727,0.17100000381469727,0.1679999977350235,0.16899999976158142,0,0.0,0.0
2024-02-13 16:00:00+08:00,0.16899999976158142,0.16899999976158142,0.16899999976158142,0.16899999976158142,300,0.0,0.0
2024-02-15 13:00:00+08:00,0.17100000381469727,0.17100000381469727,0.16200000047683716,0.16200000047683716,4000,0.0,0.0
2024-02-15 16:00:00+08:00,0.16599999368190765,0.16599999368190765,0.16599999368190765,0.16599999368190765,10000,0.0,0.0
2024-02-19 09:00:00+08:00,0.16899999976158142,0.16899999976158142,0.16599999368190765,0.16599999368190765,0,0.0,0.0
2024-02-19 14:00:00+08:00,0.16599999368190765,0.16599999368190765,0.16200000047683716,0.164000004529953,18300,0.0,0.0
2024-02-21 09:00:00+08:00,0.16599999368190765,0.16599999368190765,0.164000004529953,0.164000004529953,0,0.0,0.0
2024-02-22 09:00:00+08:00,0.164000004529953,0.164000004529953,0.16200000047683716,0.164000004529953,8900,0.0,0.0
2024-02-22 11:00:00+08:00,0.164000004529953,0.164000004529953,0.164000004529953,0.164000004529953,6600,0.0,0.0
2024-02-22 13:00:00+08:00,0.164000004529953,0.164000004529953,0.164000004529953,0.164000004529953,1400,0.0,0.0
2024-02-23 13:00:00+08:00,0.16500000655651093,0.16500000655651093,0.16500000655651093,0.16500000655651093,5800,0.0,0.0
2024-02-23 14:00:00+08:00,0.16500000655651093,0.16500000655651093,0.15700000524520874,0.15700000524520874,400,0.0,0.0
2024-02-26 10:00:00+08:00,0.1589999943971634,0.1589999943971634,0.15800000727176666,0.15800000727176666,3700,0.0,0.0
2024-02-26 15:00:00+08:00,0.1589999943971634,0.1589999943971634,0.15800000727176666,0.15800000727176666,10000,0.0,0.0
2024-02-27 09:00:00+08:00,0.17000000178813934,0.17399999499320984,0.17000000178813934,0.17000000178813934,0,0.0,0.0
2024-02-27 10:00:00+08:00,0.17000000178813934,0.17100000381469727,0.17000000178813934,0.17100000381469727,37700,0.0,0.0
2024-02-27 11:00:00+08:00,0.17100000381469727,0.17100000381469727,0.17000000178813934,0.17000000178813934,26800,0.0,0.0
2024-02-27 12:00:00+08:00,0.17000000178813934,0.17000000178813934,0.17000000178813934,0.17000000178813934,59200,0.0,0.0
2024-02-27 13:00:00+08:00,0.17000000178813934,0.17000000178813934,0.17000000178813934,0.17000000178813934,112100,0.0,0.0
2024-02-27 14:00:00+08:00,0.17000000178813934,0.17100000381469727,0.17000000178813934,0.17100000381469727,309300,0.0,0.0
2024-02-27 16:00:00+08:00,0.17100000381469727,0.17100000381469727,0.17000000178813934,0.17000000178813934,10000,0.0,0.0
2024-02-28 13:00:00+08:00,0.17100000381469727,0.17100000381469727,0.17000000178813934,0.17000000178813934,0,0.0,0.0
2024-02-28 15:00:00+08:00,0.17000000178813934,0.17000000178813934,0.17000000178813934,0.17000000178813934,5000,0.0,0.0
2024-02-29 15:00:00+08:00,0.17000000178813934,0.17000000178813934,0.17000000178813934,0.17000000178813934,172900,0.0,0.0
2024-02-29 16:00:00+08:00,0.17000000178813934,0.17000000178813934,0.17000000178813934,0.17000000178813934,4700,0.0,0.0
2024-03-01 13:00:00+08:00,0.17100000381469727,0.17100000381469727,0.1420000046491623,0.1420000046491623,0,0.0,0.0
2024-03-01 15:00:00+08:00,0.17000000178813934,0.17100000381469727,0.1420000046491623,0.17100000381469727,101000,0.0,0.0
2024-03-01 16:00:00+08:00,0.17100000381469727,0.17100000381469727,0.17000000178813934,0.17000000178813934,22000,0.0,0.0
2024-03-04 10:00:00+08:00,0.16699999570846558,0.17000000178813934,0.16699999570846558,0.17000000178813934,21900,0.0,0.0
2024-03-05 11:00:00+08:00,0.17000000178813934,0.17000000178813934,0.17000000178813934,0.17000000178813934,0,0.0,0.0
2024-03-06 09:00:00+08:00,0.17000000178813934,0.17399999499320984,0.17000000178813934,0.17399999499320984,100000,0.0,0.0
2024-03-06 10:00:00+08:00,0.17399999499320984,0.17399999499320984,0.17399999499320984,0.17399999499320984,18200,0.0,0.0
2024-03-06 11:00:00+08:00,0.17399999499320984,0.17399999499320984,0.17399999499320984,0.17399999499320984,8000,0.0,0.0
2024-03-06 13:00:00+08:00,0.17399999499320984,0.17399999499320984,0.17299999296665192,0.17299999296665192,30000,0.0,0.0
2024-03-06 16:00:00+08:00,0.17299999296665192,0.17299999296665192,0.17299999296665192,0.17299999296665192,40000,0.0,0.0
2024-03-07 09:00:00+08:00,0.17499999701976776,0.17499999701976776,0.17499999701976776,0.17499999701976776,0,0.0,0.0
2024-03-07 10:00:00+08:00,0.17499999701976776,0.17499999701976776,0.17399999499320984,0.17499999701976776,96300,0.0,0.0
2024-03-07 11:00:00+08:00,0.17499999701976776,0.17499999701976776,0.17499999701976776,0.17499999701976776,10000,0.0,0.0
2024-03-07 12:00:00+08:00,0.17499999701976776,0.17499999701976776,0.17499999701976776,0.17499999701976776,10000,0.0,0.0
2024-03-07 13:00:00+08:00,0.17499999701976776,0.17499999701976776,0.17499999701976776,0.17499999701976776,65000,0.0,0.0
2024-03-07 15:00:00+08:00,0.17499999701976776,0.17499999701976776,0.17399999499320984,0.17499999701976776,121300,0.0,0.0
2024-03-07 16:00:00+08:00,0.17499999701976776,0.17499999701976776,0.17499999701976776,0.17499999701976776,30000,0.0,0.0
2024-03-08 12:00:00+08:00,0.17499999701976776,0.17499999701976776,0.17499999701976776,0.17499999701976776,2200,0.0,0.0
2024-03-08 14:00:00+08:00,0.17499999701976776,0.17499999701976776,0.17499999701976776,0.17499999701976776,97500,0.0,0.0
2024-03-08 15:00:00+08:00,0.17499999701976776,0.17599999904632568,0.17499999701976776,0.17599999904632568,1570900,0.0,0.0
2024-03-11 09:00:00+08:00,0.17000000178813934,0.17499999701976776,0.17000000178813934,0.17499999701976776,0,0.0,0.0
2024-03-11 10:00:00+08:00,0.17499999701976776,0.17599999904632568,0.17499999701976776,0.17499999701976776,100200,0.0,0.0
2024-03-11 16:00:00+08:00,0.17499999701976776,0.17499999701976776,0.17499999701976776,0.17499999701976776,20000,0.0,0.0
2024-03-12 10:00:00+08:00,0.17499999701976776,0.17599999904632568,0.17499999701976776,0.17599999904632568,6400,0.0,0.0
2024-03-12 11:00:00+08:00,0.17599999904632568,0.17599999904632568,0.17499999701976776,0.17499999701976776,3900,0.0,0.0
2024-03-12 13:00:00+08:00,0.17499999701976776,0.17499999701976776,0.17499999701976776,0.17499999701976776,85400,0.0,0.0
2024-03-13 11:00:00+08:00,0.17499999701976776,0.17499999701976776,0.17499999701976776,0.17499999701976776,0,0.0,0.0
2024-03-13 14:00:00+08:00,0.17499999701976776,0.17499999701976776,0.17499999701976776,0.17499999701976776,35000,0.0,0.0
2024-03-14 10:00:00+08:00,0.17499999701976776,0.17599999904632568,0.17499999701976776,0.17599999904632568,168200,0.0,0.0
2024-03-15 10:00:00+08:00,0.17599999904632568,0.1770000010728836,0.17599999904632568,0.17599999904632568,121300,0.0,0.0
2024-03-15 11:00:00+08:00,0.17599999904632568,0.1770000010728836,0.17599999904632568,0.1770000010728836,60000,0.0,0.0
2024-03-15 16:00:00+08:00,0.1770000010728836,0.1770000010728836,0.1770000010728836,0.1770000010728836,108700,0.0,0.0
2024-03-18 09:00:00+08:00,0.17599999904632568,0.17599999904632568,0.17599999904632568,0.17599999904632568,0,0.0,0.0
2024-03-18 16:00:00+08:00,0.17599999904632568,0.17599999904632568,0.17599999904632568,0.17599999904632568,5000,0.0,0.0
2024-03-19 09:00:00+08:00,0.1770000010728836,0.1770000010728836,0.1770000010728836,0.1770000010728836,0,0.0,0.0
2024-03-19 10:00:00+08:00,0.1770000010728836,0.1770000010728836,0.1770000010728836,0.1770000010728836,2100,0.0,0.0
2024-03-21 13:00:00+08:00,0.17599999904632568,0.17900000512599945,0.17599999904632568,0.17900000512599945,103600,0.0,0.0
2024-03-21 15:00:00+08:00,0.17900000512599945,0.17900000512599945,0.17900000512599945,0.17900000512599945,45400,0.0,0.0
2024-03-22 13:00:00+08:00,0.17900000512599945,0.17900000512599945,0.1770000010728836,0.1770000010728836,0,0.0,0.0
2024-03-22 14:00:00+08:00,0.1770000010728836,0.1770000010728836,0.1770000010728836,0.1770000010728836,20000,0.0,0.0
2024-03-25 10:00:00+08:00,0.17800000309944153,0.17800000309944153,0.1770000010728836,0.1770000010728836,0,0.0,0.0
2024-03-25 14:00:00+08:00,0.1770000010728836,0.1770000010728836,0.1770000010728836,0.1770000010728836,5000,0.0,0.0
2024-03-26 09:00:00+08:00,0.17599999904632568,0.17599999904632568,0.17599999904632568,0.17599999904632568,200,0.0,0.0
2024-03-26 12:00:00+08:00,0.18000000715255737,0.1809999942779541,0.18000000715255737,0.1809999942779541,20400,0.0,0.0
2024-03-26 13:00:00+08:00,0.1809999942779541,0.1809999942779541,0.18000000715255737,0.18000000715255737,16400,0.0,0.0
2024-03-26 14:00:00+08:00,0.18000000715255737,0.18000000715255737,0.18000000715255737,0.18000000715255737,20600,0.0,0.0
2024-03-26 15:00:00+08:00,0.18000000715255737,0.18000000715255737,0.18000000715255737,0.18000000715255737,20000,0.0,0.0
2024-03-27 10:00:00+08:00,0.18000000715255737,0.18000000715255737,0.18000000715255737,0.18000000715255737,10000,0.0,0.0
2024-03-27 11:00:00+08:00,0.18000000715255737,0.18000000715255737,0.18000000715255737,0.18000000715255737,1000,0.0,0.0
2024-03-27 15:00:00+08:00,0.18000000715255737,0.18000000715255737,0.18000000715255737,0.18000000715255737,2000,0.0,0.0
2024-03-28 09:00:00+08:00,0.1809999942779541,0.1809999942779541,0.1720000058412552,0.17800000309944153,0,0.0,0.0
2024-03-28 14:00:00+08:00,0.17800000309944153,0.17800000309944153,0.1770000010728836,0.1770000010728836,5000,0.0,0.0
2024-03-28 16:00:00+08:00,0.1770000010728836,0.1850000023841858,0.1770000010728836,0.1850000023841858,20000,0.0,0.0
2024-04-01 10:00:00+08:00,0.17800000309944153,0.17800000309944153,0.17599999904632568,0.17599999904632568,15000,0.0,0.0
2024-04-02 09:00:00+08:00,0.17399999499320984,0.17399999499320984,0.17399999499320984,0.17399999499320984,0,0.0,0.0
2024-04-02 11:00:00+08:00,0.17399999499320984,0.17399999499320984,0.17399999499320984,0.17399999499320984,2100,0.0,0.0
2024-04-03 14:00:00+08:00,0.1720000058412552,0.18000000715255737,0.17000000178813934,0.18000000715255737,10000,0.0,0.0
2024-04-03 15:00:00+08:00,0.17800000309944153,0.18000000715255737,0.17800000309944153,0.18000000715255737,72400,0.0,0.0
2024-04-03 16:00:00+08:00,0.18000000715255737,0.18000000715255737,0.18000000715255737,0.18000000715255737,19600,0.0,0.0
2024-04-04 09:00:00+08:00,0.18000000715255737,0.18000000715255737,0.18000000715255737,0.18000000715255737,0,0.0,0.0
2024-04-04 10:00:00+08:00,0.18000000715255737,0.18000000715255737,0.18000000715255737,0.18000000715255737,91100,0.0,0.0
2024-04-04 14:00:00+08:00,0.18000000715255737,0.18000000715255737,0.18000000715255737,0.18000000715255737,50000,0.0,0.0
2024-04-05 14:00:00+08:00,0.1809999942779541,0.1860000044107437,0.18000000715255737,0.1860000044107437,0,0.0,0.0
2024-04-05 15:00:00+08:00,0.18199999630451202,0.1860000044107437,0.18199999630451202,0.1860000044107437,20000,0.0,0.0
2024-04-08 14:00:00+08:00,0.18400000035762787,0.18400000035762787,0.18400000035762787,0.18400000035762787,0,0.0,0.0
2024-04-09 16:00:00+08:00,0.18000000715255737,0.18000000715255737,0.18000000715255737,0.18000000715255737,25000,0.0,0.0
2024-04-11 09:00:00+08:00,0.18000000715255737,0.18000000715255737,0.17399999499320984,0.17499999701976776,0,0.0,0.0
2024-04-11 16:00:00+08:00,0.17499999701976776,0.17499999701976776,0.17499999701976776,0.17499999701976776,16000,0.0,0.0
2024-04-12 15:00:00+08:00,0.17599999904632568,0.17599999904632568,0.17399999499320984,0.17399999499320984,4900,0.0,0.0
2024-04-12 16:00:00+08:00,0.17599999904632568,0.17599999904632568,0.17399999499320984,0.17399999499320984,30000,0.0,0.0
2024-04-15 10:00:00+08:00,0.17299999296665192,0.17299999296665192,0.1720000058412552,0.1720000058412552,0,0.0,0.0
2024-04-15 11:00:00+08:00,0.1720000058412552,0.17499999701976776,0.1720000058412552,0.17499999701976776,40100,0.0,0.0
2024-04-15 13:00:00+08:00,0.1720000058412552,0.17499999701976776,0.1720000058412552,0.17499999701976776,30000,0.0,0.0
2024-04-16 10:00:00+08:00,0.17499999701976776,0.17499999701976776,0.17499999701976776,0.17499999701976776,0,0.0,0.0
2024-04-16 11:00:00+08:00,0.17499999701976776,0.17499999701976776,0.17499999701976776,0.17499999701976776,104000,0.0,0.0
2024-04-17 12:00:00+08:00,0.17499999701976776,0.18000000715255737,0.17499999701976776,0.18000000715255737,0,0.0,0.0
2024-04-17 16:00:00+08:00,0.18000000715255737,0.1809999942779541,0.18000000715255737,0.1809999942779541,12700,0.0,0.0
2024-04-18 15:00:00+08:00,0.18000000715255737,0.1809999942779541,0.18000000715255737,0.1809999942779541,0,0.0,0.0
2024-04-18 16:00:00+08:00,0.1809999942779541,0.1809999942779541,0.17299999296665192,0.17299999296665192,7100,0.0,0.0
2024-04-19 09:00:00+08:00,0.17900000512599945,0.17900000512599945,0.17399999499320984,0.17399999499320984,0,0.0,0.0
2024-04-19 12:00:00+08:00,0.17499999701976776,0.17499999701976776,0.17499999701976776,0.17499999701976776,40000,0.0,0.0
2024-04-22 15:00:00+08:00,0.17900000512599945,0.18199999630451202,0.17900000512599945,0.18199999630451202,0,0.0,0.0
2024-04-22 16:00:00+08:00,0.18199999630451202,0.18199999630451202,0.18199999630451202,0.18199999630451202,1000,0.0,0.0
2024-04-23 09:00:00+08:00,0.18199999630451202,0.18199999630451202,0.18199999630451202,0.18199999630451202,0,0.0,0.0
2024-04-23 14:00:00+08:00,0.18199999630451202,0.18199999630451202,0.17900000512599945,0.17900000512599945,12500,0.0,0.0
2024-04-23 15:00:00+08:00,0.17900000512599945,0.17900000512599945,0.17900000512599945,0.17900000512599945,9000,0.0,0.0
2024-04-24 10:00:00+08:00,0.1809999942779541,0.1809999942779541,0.18000000715255737,0.18000000715255737,5000,0.0,0.0
2024-04-24 13:00:00+08:00,0.18000000715255737,0.18000000715255737,0.17800000309944153,0.17800000309944153,28900,0.0,0.0
2024-04-24 14:00:00+08:00,0.17800000309944153,0.17800000309944153,0.17399999499320984,0.17399999499320984,199500,0.0,0.0
2024-04-24 15:00:00+08:00,0.17499999701976776,0.17499999701976776,0.17399999499320984,0.17399999499320984,136400,0.0,0.0
2024-04-24 16:00:00+08:00,0.17399999499320984,0.17399999499320984,0.17100000381469727,0.17100000381469727,197000,0.0,0.0
2024-04-25 15:00:00+08:00,0.17399999499320984,0.17399999499320984,0.17399999499320984,0.17399999499320984,10000,0.0,0.0
2024-04-25 16:00:00+08:00,0.17399999499320984,0.17399999499320984,0.17399999499320984,0.17399999499320984,40000,0.0,0.0
2024-04-29 09:00:00+08:00,0.1770000010728836,0.1770000010728836,0.17599999904632568,0.17599999904632568,0,0.0,0.0
2024-04-29 12:00:00+08:00,0.17599999904632568,0.17599999904632568,0.17100000381469727,0.17100000381469727,100,0.0,0.0
2024-04-29 14:00:00+08:00,0.17100000381469727,0.17599999904632568,0.17100000381469727,0.17599999904632568,9900,0.0,0.0
2024-04-29 15:00:00+08:00,0.17599999904632568,0.17599999904632568,0.17599999904632568,0.17599999904632568,100,0.0,0.0
2024-04-30 12:00:00+08:00,0.17000000178813934,0.17100000381469727,0.17000000178813934,0.17100000381469727,0,0.0,0.0
2024-04-30 14:00:00+08:00,0.17100000381469727,0.1770000010728836,0.17000000178813934,0.1770000010728836,10000,0.0,0.0
2024-04-30 16:00:00+08:00,0.1770000010728836,0.1770000010728836,0.1720000058412552,0.1720000058412552,4000,0.0,0.0
2024-05-02 09:00:00+08:00,0.17299999296665192,0.17299999296665192,0.1720000058412552,0.1720000058412552,0,0.0,0.0
2024-05-02 10:00:00+08:00,0.1720000058412552,0.1720000058412552,0.16899999976158142,0.16899999976158142,5000,0.0,0.0
2024-05-02 11:00:00+08:00,0.1720000058412552,0.17599999904632568,0.16899999976158142,0.17599999904632568,64500,0.0,0.0
2024-05-02 14:00:00+08:00,0.17599999904632568,0.17599999904632568,0.17499999701976776,0.17499999701976776,29900,0.0,0.0
2024-05-02 16:00:00+08:00,0.17499999701976776,0.17499999701976776,0.17499999701976776,0.17499999701976776,33500,0.0,0.0
2024-05-03 09:00:00+08:00,0.1770000010728836,0.1770000010728836,0.1770000010728836,0.1770000010728836,0,0.0,0.0
2024-05-03 10:00:00+08:00,0.1770000010728836,0.1770000010728836,0.1770000010728836,0.1770000010728836,20000,0.0,0.0
2024-05-03 11:00:00+08:00,0.1770000010728836,0.17800000309944153,0.1770000010728836,0.17800000309944153,12000,0.0,0.0
2024-05-03 12:00:00+08:00,0.1770000010728836,0.1770000010728836,0.1770000010728836,0.1770000010728836,8000,0.0,0.0
2024-05-03 13:00:00+08:00,0.1770000010728836,0.1770000010728836,0.1770000010728836,0.1770000010728836,25000,0.0,0.0
2024-05-03 15:00:00+08:00,0.1770000010728836,0.1770000010728836,0.1770000010728836,0.1770000010728836,30000,0.0,0.0
2024-05-06 11:00:00+08:00,0.1770000010728836,0.1770000010728836,0.1770000010728836,0.1770000010728836,0,0.0,0.0
2024-05-06 15:00:00+08:00,0.1770000010728836,0.17800000309944153,0.1770000010728836,0.17800000309944153,5000,0.0,0.0
2024-05-06 16:00:00+08:00,0.17800000309944153,0.17800000309944153,0.17800000309944153,0.17800000309944153,2200,0.0,0.0
2024-05-07 16:00:00+08:00,0.1770000010728836,0.1770000010728836,0.1770000010728836,0.1770000010728836,0,0.0,0.0
2024-05-08 09:00:00+08:00,0.18000000715255737,0.18000000715255737,0.17800000309944153,0.18000000715255737,149000,0.0,0.0
2024-05-08 10:00:00+08:00,0.18000000715255737,0.18000000715255737,0.18000000715255737,0.18000000715255737,325300,0.0,0.0
2024-05-08 11:00:00+08:00,0.18000000715255737,0.18000000715255737,0.18000000715255737,0.18000000715255737,2200,0.0,0.0
2024-05-08 14:00:00+08:00,0.18000000715255737,0.18000000715255737,0.18000000715255737,0.18000000715255737,64000,0.0,0.0
2024-05-08 15:00:00+08:00,0.18000000715255737,0.1809999942779541,0.18000000715255737,0.1809999942779541,120000,0.0,0.0
2024-05-08 16:00:00+08:00,0.1809999942779541,0.1809999942779541,0.1809999942779541,0.1809999942779541,5000,0.0,0.0
2024-05-09 09:00:00+08:00,0.17499999701976776,0.1809999942779541,0.17499999701976776,0.1809999942779541,0,0.0,0.0
2024-05-09 11:00:00+08:00,0.1809999942779541,0.1809999942779541,0.18000000715255737,0.18000000715255737,30400,0.0,0.0
2024-05-09 13:00:00+08:00,0.18000000715255737,0.1809999942779541,0.18000000715255737,0.18000000715255737,21600,0.0,0.0
2024-05-09 14:00:00+08:00,0.18000000715255737,0.18000000715255737,0.18000000715255737,0.18000000715255737,10000,0.0,0.0
2024-05-09 15:00:00+08:00,0.18000000715255737,0.18000000715255737,0.18000000715255737,0.18000000715255737,10000,0.0,0.0
2024-05-09 16:00:00+08:00,0.18000000715255737,0.18000000715255737,0.18000000715255737,0.18000000715255737,10000,0.0,0.0
2024-05-10 09:00:00+08:00,0.1809999942779541,0.1809999942779541,0.18000000715255737,0.18000000715255737,5300,0.0,0.0
2024-05-10 10:00:00+08:00,0.18000000715255737,0.1809999942779541,0.17599999904632568,0.1809999942779541,348000,0.0,0.0
2024-05-10 11:00:00+08:00,0.1809999942779541,0.1809999942779541,0.18000000715255737,0.18000000715255737,40000,0.0,0.0
2024-05-10 14:00:00+08:00,0.18000000715255737,0.18000000715255737,0.17900000512599945,0.18000000715255737,100600,0.0,0.0
2024-05-10 15:00:00+08:00,0.18000000715255737,0.18199999630451202,0.18000000715255737,0.18199999630451202,185800,0.0,0.0
2024-05-10 16:00:00+08:00,0.18199999630451202,0.18199999630451202,0.18199999630451202,0.18199999630451202,100000,0.0,0.0
2024-05-13 09:00:00+08:00,0.18199999630451202,0.18400000035762787,0.18199999630451202,0.18400000035762787,0,0.0,0.0
2024-05-13 13:00:00+08:00,0.18400000035762787,0.18400000035762787,0.18400000035762787,0.18400000035762787,20000,0.0,0.0
2024-05-13 15:00:00+08:00,0.18400000035762787,0.18400000035762787,0.18199999630451202,0.18199999630451202,15000,0.0,0.0
2024-05-15 14:00:00+08:00,0.18400000035762787,0.1850000023841858,0.1809999942779541,0.1809999942779541,0,0.0,0.0
2024-05-15 15:00:00+08:00,0.1809999942779541,0.1850000023841858,0.1809999942779541,0.1809999942779541,30000,0.0,0.0
2024-05-16 09:00:00+08:00,0.1850000023841858,0.1860000044107437,0.1850000023841858,0.1860000044107437,0,0.0,0.0
2024-05-17 09:00:00+08:00,0.18799999356269836,0.18799999356269836,0.1860000044107437,0.1860000044107437,0,0.0,0.0
2024-05-17 16:00:00+08:00,0.1860000044107437,0.1860000044107437,0.1860000044107437,0.1860000044107437,10000,0.0,0.0
2024-05-20 15:00:00+08:00,0.18299999833106995,0.18299999833106995,0.18199999630451202,0.18199999630451202,0,0.0,0.0
2024-05-20 16:00:00+08:00,0.18199999630451202,0.18400000035762787,0.18199999630451202,0.18299999833106995,59200,0.0,0.0
2024-05-21 13:00:00+08:00,0.18199999630451202,0.18199999630451202,0.18199999630451202,0.18199999630451202,0,0.0,0.0
2024-05-23 09:00:00+08:00,0.1809999942779541,0.1809999942779541,0.1809999942779541,0.1809999942779541,0,0.0,0.0
2024-05-23 10:00:00+08:00,0.1809999942779541,0.1809999942779541,0.18000000715255737,0.18000000715255737,1000,0.0,0.0
2024-05-23 16:00:00+08:00,0.1809999942779541,0.1809999942779541,0.18000000715255737,0.18000000715255737,0,0.0,0.0
2024-05-24 10:00:00+08:00,0.18000000715255737,0.18000000715255737,0.18000000715255737,0.18000000715255737,38100,0.0,0.0
2024-05-24 14:00:00+08:00,0.18000000715255737,0.18000000715255737,0.18000000715255737,0.18000000715255737,50400,0.0,0.0
2024-05-24 15:00:00+08:00,0.18000000715255737,0.18000000715255737,0.18000000715255737,0.18000000715255737,61500,0.0,0.0
2024-05-27 15:00:00+08:00,0.18000000715255737,0.18000000715255737,0.17499999701976776,0.17499999701976776,0,0.0,0.0
2024-05-27 16:00:00+08:00,0.18000000715255737,0.18000000715255737,0.17499999701976776,0.17499999701976776,48000,0.0,0.0
2024-05-28 11:00:00+08:00,0.18000000715255737,0.18000000715255737,0.18000000715255737,0.18000000715255737,0,0.0,0.0
2024-05-28 14:00:00+08:00,0.18000000715255737,0.18000000715255737,0.18000000715255737,0.18000000715255737,30000,0.0,0.0
2024-05-30 09:00:00+08:00,0.17900000512599945,0.18199999630451202,0.17900000512599945,0.1809999942779541,0,0.0,0.0
2024-05-30 16:00:00+08:00,0.1809999942779541,0.1809999942779541,0.1809999942779541,0.1809999942779541,5200,0.0,0.0
2024-05-31 11:00:00+08:00,0.17599999904632568,0.17599999904632568,0.17599999904632568,0.17599999904632568,3000,0.0,0.0
2024-06-04 10:00:00+08:00,0.17900000512599945,0.17900000512599945,0.17900000512599945,0.17900000512599945,3000,0.0,0.0
2024-06-04 13:00:00+08:00,0.17800000309944153,0.17800000309944153,0.17800000309944153,0.17800000309944153,0,0.0,0.0
2024-06-04 16:00:00+08:00,0.17800000309944153,0.17800000309944153,0.17800000309944153,0.17800000309944153,30000,0.0,0.0
2024-06-05 13:00:00+08:00,0.17900000512599945,0.1809999942779541,0.17800000309944153,0.17800000309944153,15000,0.0,0.0
2024-06-05 14:00:00+08:00,0.17800000309944153,0.17900000512599945,0.17800000309944153,0.17900000512599945,55700,0.0,0.0
2024-06-06 09:00:00+08:00,0.17900000512599945,0.1809999942779541,0.17900000512599945,0.1809999942779541,0,0.0,0.0
2024-06-06 10:00:00+08:00,0.1809999942779541,0.1809999942779541,0.17800000309944153,0.17800000309944153,20000,0.0,0.0
2024-06-06 15:00:00+08:00,0.17800000309944153,0.17800000309944153,0.17800000309944153,0.17800000309944153,30000,0.0,0.0
2024-06-07 11:00:00+08:00,0.1770000010728836,0.17800000309944153,0.1770000010728836,0.1770000010728836,8800,0.0,0.0
2024-06-07 13:00:00+08:00,0.1770000010728836,0.1770000010728836,0.17499999701976776,0.1770000010728836,24500,0.0,0.0
2024-06-07 15:00:00+08:00,0.1770000010728836,0.1770000010728836,0.17499999701976776,0.1770000010728836,41000,0.0,0.0
2024-06-07 16:00:00+08:00,0.1770000010728836,0.1770000010728836,0.1770000010728836,0.1770000010728836,4800,0.0,0.0
2024-06-10 12:00:00+08:00,0.17399999499320984,0.1770000010728836,0.17399999499320984,0.1770000010728836,0,0.0,0.0
2024-06-10 13:00:00+08:00,0.1770000010728836,0.1770000010728836,0.17399999499320984,0.17399999499320984,30000,0.0,0.0
2024-06-10 14:00:00+08:00,0.17399999499320984,0.17399999499320984,0.17399999499320984,0.17399999499320984,900,0.0,0.0
2024-06-10 16:00:00+08:00,0.17399999499320984,0.17399999499320984,0.17399999499320984,0.17399999499320984,10000,0.0,0.0
2024-06-11 09:00:00+08:00,0.17399999499320984,0.17499999701976776,0.17399999499320984,0.17499999701976776,0,0.0,0.0
2024-06-11 15:00:00+08:00,0.17499999701976776,0.17599999904632568,0.17499999701976776,0.17599999904632568,10000,0.0,0.0
2024-06-11 16:00:00+08:00,0.17599999904632568,0.17599999904632568,0.17599999904632568,0.17599999904632568,9000,0.0,0.0
2024-06-12 11:00:00+08:00,0.17399999499320984,0.17499999701976776,0.17399999499320984,0.17499999701976776,0,0.0,0.0
2024-06-12 16:00:00+08:00,0.17499999701976776,0.17499999701976776,0.17399999499320984,0.17399999499320984,6000,0.0,0.0
2024-06-13 14:00:00+08:00,0.17399999499320984,0.17399999499320984,0.17399999499320984,0.17399999499320984,0,0.0,0.0
2024-06-14 10:00:00+08:00,0.17299999296665192,0.17299999296665192,0.17299999296665192,0.17299999296665192,100100,0.0,0.0
2024-06-14 11:00:00+08:00,0.1720000058412552,0.1720000058412552,0.1720000058412552,0.1720000058412552,0,0.0,0.0
2024-06-14 13:00:00+08:00,0.17299999296665192,0.17299999296665192,0.1720000058412552,0.1720000058412552,256000,0.0,0.0
2024-06-18 09:00:00+08:00,0.17100000381469727,0.17299999296665192,0.17100000381469727,0.17299999296665192,0,0.0,0.0
2024-06-18 11:00:00+08:00,0.17299999296665192,0.17299999296665192,0.17299999296665192,0.17299999296665192,93900,0.0,0.0
2024-06-18 13:00:00+08:00,0.17299999296665192,0.17299999296665192,0.1720000058412552,0.1720000058412552,16100,0.0,0.0
2024-06-18 14:00:00+08:00,0.1720000058412552,0.1720000058412552,0.1720000058412552,0.1720000058412552,18900,0.0,0.0
2024-06-18 16:00:00+08:00,0.1720000058412552,0.1720000058412552,0.1720000058412552,0.1720000058412552,35800,0.0,0.0
2024-06-19 09:00:00+08:00,0.17100000381469727,0.17100000381469727,0.17100000381469727,0.17100000381469727,0,0.0,0.0
2024-06-19 14:00:00+08:00,0.17100000381469727,0.17399999499320984,0.17100000381469727,0.1720000058412552,28900,0.0,0.0
2024-06-19 15:00:00+08:00,0.1720000058412552,0.1720000058412552,0.1720000058412552,0.1720000058412552,10000,0.0,0.0
2024-06-20 10:00:00+08:00,0.17100000381469727,0.17100000381469727,0.17100000381469727,0.17100000381469727,0,0.0,0.0
2024-06-20 15:00:00+08:00,0.17100000381469727,0.17100000381469727,0.17000000178813934,0.17000000178813934,200,0.0,0.0
2024-06-20 16:00:00+08:00,0.17100000381469727,0.17100000381469727,0.17000000178813934,0.17000000178813934,30000,0.0,0.0
2024-06-21 09:00:00+08:00,0.1720000058412552,0.1720000058412552,0.17000000178813934,0.17000000178813934,19700,0.0,0.0
2024-06-21 10:00:00+08:00,0.17100000381469727,0.17100000381469727,0.17000000178813934,0.17000000178813934,30000,0.0,0.0
2024-06-24 09:00:00+08:00,0.17100000381469727,0.17100000381469727,0.17100000381469727,0.17100000381469727,10000,0.0,0.0
2024-06-24 10:00:00+08:00,0.17100000381469727,0.17100000381469727,0.17000000178813934,0.17100000381469727,20700,0.0,0.0
2024-06-24 11:00:00+08:00,0.17000000178813934,0.17100000381469727,0.17000000178813934,0.17100000381469727,28100,0.0,0.0
2024-06-24 13:00:00+08:00,0.17100000381469727,0.17299999296665192,0.17100000381469727,0.17299999296665192,12700,0.0,0.0
2024-06-24 14:00:00+08:00,0.17299999296665192,0.17299999296665192,0.1720000058412552,0.1720000058412552,10200,0.0,0.0
2024-06-24 15:00:00+08:00,0.1720000058412552,0.1720000058412552,0.1720000058412552,0.1720000058412552,3000,0.0,0.0
2024-06-25 11:00:00+08:00,0.17100000381469727,0.17100000381469727,0.17000000178813934,0.17000000178813934,0,0.0,0.0
2024-06-25 13:00:00+08:00,0.17000000178813934,0.17000000178813934,0.17000000178813934,0.17000000178813934,11000,0.0,0.0
2024-06-27 09:00:00+08:00,0.17000000178813934,0.1720000058412552,0.17000000178813934,0.1720000058412552,27800,0.0,0.0
2024-06-27 11:00:00+08:00,0.1720000058412552,0.1720000058412552,0.17100000381469727,0.17100000381469727,20000,0.0,0.0
2024-06-27 14:00:00+08:00,0.17100000381469727,0.17100000381469727,0.17000000178813934,0.17000000178813934,27700,0.0,0.0
2024-06-27 15:00:00+08:00,0.17000000178813934,0.17000000178813934,0.16899999976158142,0.16899999976158142,49500,0.0,0.0
2024-06-27 16:00:00+08:00,0.16899999976158142,0.16899999976158142,0.16899999976158142,0.16899999976158142,40000,0.0,0.0
2024-06-28 09:00:00+08:00,0.16200000047683716,0.164000004529953,0.16200000047683716,0.164000004529953,0,0.0,0.0
2024-06-28 13:00:00+08:00,0.164000004529953,0.164000004529953,0.164000004529953,0.164000004529953,12900,0.0,0.0
2024-06-28 14:00:00+08:00,0.164000004529953,0.16699999570846558,0.164000004529953,0.16699999570846558,67500,0.0,0.0
2024-06-28 15:00:00+08:00,0.16699999570846558,0.1679999977350235,0.16699999570846558,0.1679999977350235,51000,0.0,0.0
2024-07-01 10:00:00+08:00,0.16699999570846558,0.16699999570846558,0.16699999570846558,0.16699999570846558,0,0.0,0.0
2024-07-01 15:00:00+08:00,0.16699999570846558,0.16699999570846558,0.16699999570846558,0.16699999570846558,37000,0.0,0.0
2024-07-01 16:00:00+08:00,0.16699999570846558,0.16699999570846558,0.16699999570846558,0.16699999570846558,90100,0.0,0.0
2024-07-02 09:00:00+08:00,0.164000004529953,0.164000004529953,0.164000004529953,0.164000004529953,0,0.0,0.0
2024-07-03 09:00:00+08:00,0.164000004529953,0.164000004529953,0.164000004529953,0.164000004529953,0,0.0,0.0
2024-07-03 11:00:00+08:00,0.164000004529953,0.164000004529953,0.164000004529953,0.164000004529953,5000,0.0,0.0
2024-07-04 09:00:00+08:00,0.16500000655651093,0.16699999570846558,0.16500000655651093,0.16699999570846558,56200,0.0,0.0
2024-07-04 11:00:00+08:00,0.16699999570846558,0.16699999570846558,0.16500000655651093,0.16500000655651093,58100,0.0,0.0
2024-07-04 12:00:00+08:00,0.1679999977350235,0.1679999977350235,0.1679999977350235,0.1679999977350235,49900,0.0,0.0
2024-07-04 16:00:00+08:00,0.1679999977350235,0.1679999977350235,0.1679999977350235,0.1679999977350235,30000,0.0,0.0
2024-07-05 10:00:00+08:00,0.16599999368190765,0.16599999368190765,0.16599999368190765,0.16599999368190765,0,0.0,0.0
2024-07-05 12:00:00+08:00,0.16599999368190765,0.16699999570846558,0.16599999368190765,0.16699999570846558,200,0.0,0.0
2024-07-05 13:00:00+08:00,0.16699999570846558,0.16699999570846558,0.16699999570846558,0.16699999570846558,9800,0.0,0.0
2024-07-08 09:00:00+08:00,0.16599999368190765,0.1679999977350235,0.16599999368190765,0.1679999977350235,0,0.0,0.0
2024-07-08 16:00:00+08:00,0.1679999977350235,0.1679999977350235,0.1679999977350235,0.1679999977350235,30000,0.0,0.0
2024-07-09 09:00:00+08:00,0.16500000655651093,0.16500000655651093,0.16500000655651093,0.16500000655651093,0,0.0,0.0
2024-07-10 16:00:00+08:00,0.16500000655651093,0.16500000655651093,0.16500000655651093,0.16500000655651093,45000,0.0,0.0
2024-07-15 13:00:00+08:00,0.16899999976158142,0.16899999976158142,0.164000004529953,0.16699999570846558,47700,0.0,0.0
2024-07-15 14:00:00+08:00,0.16699999570846558,0.16699999570846558,0.16699999570846558,0.16699999570846558,30000,0.0,0.0
2024-07-15 15:00:00+08:00,0.16699999570846558,0.16699999570846558,0.16599999368190765,0.16599999368190765,42800,0.0,0.0
2024-07-15 16:00:00+08:00,0.16599999368190765,0.16599999368190765,0.16599999368190765,0.16599999368190765,12600,0.0,0.0
2024-07-16 11:00:00+08:00,0.16899999976158142,0.17000000178813934,0.16899999976158142,0.16899999976158142,0,0.0,0.0
2024-07-16 13:00:00+08:00,0.16899999976158142,0.16899999976158142,0.16899999976158142,0.16899999976158142,600,0.0,0.0
2024-07-17 09:00:00+08:00,0.1679999977350235,0.1679999977350235,0.1679999977350235,0.1679999977350235,79400,0.0,0.0
2024-07-17 10:00:00+08:00,0.1679999977350235,0.1679999977350235,0.16699999570846558,0.16699999570846558,50000,0.0,0.0
2024-07-17 16:00:00+08:00,0.16699999570846558,0.1679999977350235,0.16599999368190765,0.16599999368190765,31900,0.0,0.0
2024-07-18 10:00:00+08:00,0.16599999368190765,0.16599999368190765,0.16599999368190765,0.16599999368190765,0,0.0,0.0
2024-07-18 14:00:00+08:00,0.16599999368190765,0.16599999368190765,0.16599999368190765,0.16599999368190765,20000,0.0,0.0
2024-07-18 16:00:00+08:00,0.16599999368190765,0.16599999368190765,0.16599999368190765,0.16599999368190765,16000,0.0,0.0
2024-07-19 09:00:00+08:00,0.1720000058412552,0.1720000058412552,0.1720000058412552,0.1720000058412552,0,0.0,0.0
2024-07-19 14:00:00+08:00,0.17000000178813934,0.17000000178813934,0.16899999976158142,0.16899999976158142,0,0.0,0.0
2024-07-19 15:00:00+08:00,0.16899999976158142,0.17000000178813934,0.16899999976158142,0.17000000178813934,19200,0.0,0.0
2024-07-22 16:00:00+08:00,0.16500000655651093,0.16500000655651093,0.164000004529953,0.164000004529953,5800,0.0,0.0
2024-07-23 09:00:00+08:00,0.16599999368190765,0.16899999976158142,0.16599999368190765,0.16699999570846558,0,0.0,0.0
2024-07-23 15:00:00+08:00,0.16699999570846558,0.16699999570846558,0.16699999570846558,0.16699999570846558,5000,0.0,0.0
2024-07-24 09:00:00+08:00,0.16599999368190765,0.16599999368190765,0.16599999368190765,0.16599999368190765,0,0.0,0.0
2024-07-24 11:00:00+08:00,0.16599999368190765,0.16599999368190765,0.164000004529953,0.16500000655651093,60600,0.0,0.0
2024-07-24 16:00:00+08:00,0.16500000655651093,0.16500000655651093,0.16500000655651093,0.16500000655651093,10000,0.0,0.0
2024-07-25 15:00:00+08:00,0.16699999570846558,0.16699999570846558,0.16699999570846558,0.16699999570846558,5000,0.0,0.0
2024-07-26 11:00:00+08:00,0.1679999977350235,0.17000000178813934,0.1679999977350235,0.17000000178813934,5000,0.0,0.0
2024-07-26 14:00:00+08:00,0.17000000178813934,0.17000000178813934,0.17000000178813934,0.17000000178813934,13500,0.0,0.0
2024-07-26 15:00:00+08:00,0.17000000178813934,0.17000000178813934,0.17000000178813934,0.17000000178813934,0,0.0,0.0
2024-07-26 16:00:00+08:00,0.17000000178813934,0.17000000178813934,0.17000000178813934,0.17000000178813934,95000,0.0,0.0
2024-07-30 15:00:00+08:00,0.17000000178813934,0.17000000178813934,0.17000000178813934,0.17000000178813934,0,0.0,0.0
2024-07-30 16:00:00+08:00,0.17000000178813934,0.17000000178813934,0.17000000178813934,0.17000000178813934,24500,0.0,0.0
2024-07-31 09:00:00+08:00,0.1679999977350235,0.1679999977350235,0.1679999977350235,0.1679999977350235,0,0.0,0.0
2024-07-31 14:00:00+08:00,0.1679999977350235,0.1679999977350235,0.1679999977350235,0.1679999977350235,30000,0.0,0.0
2024-07-31 16:00:00+08:00,0.1679999977350235,0.1679999977350235,0.1679999977350235,0.1679999977350235,50000,0.0,0.0
2024-08-01 11:00:00+08:00,0.1679999977350235,0.1679999977350235,0.1679999977350235,0.1679999977350235,0,0.0,0.0
2024-08-01 15:00:00+08:00,0.1679999977350235,0.1679999977350235,0.1679999977350235,0.1679999977350235,75000,0.0,0.0
2024-08-02 11:00:00+08:00,0.16599999368190765,0.16599999368190765,0.16500000655651093,0.16500000655651093,0,0.0,0.0
2024-08-02 13:00:00+08:00,0.16500000655651093,0.16500000655651093,0.164000004529953,0.164000004529953,20000,0.0,0.0
2024-08-02 14:00:00+08:00,0.164000004529953,0.164000004529953,0.164000004529953,0.164000004529953,65000,0.0,0.0
2024-08-02 15:00:00+08:00,0.164000004529953,0.16699999570846558,0.164000004529953,0.16699999570846558,119100,0.0,0.0
2024-08-02 16:00:00+08:00,0.16699999570846558,0.16699999570846558,0.16699999570846558,0.16699999570846558,10000,0.0,0.0
2024-08-05 16:00:00+08:00,0.164000004529953,0.164000004529953,0.164000004529953,0.164000004529953,0,0.0,0.0
2024-08-06 09:00:00+08:00,0.164000004529953,0.164000004529953,0.164000004529953,0.164000004529953,24200,0.0,0.0
2024-08-06 10:00:00+08:00,0.164000004529953,0.164000004529953,0.16300000250339508,0.16300000250339508,150000,0.0,0.0
2024-08-06 11:00:00+08:00,0.16300000250339508,0.16300000250339508,0.16300000250339508,0.16300000250339508,25000,0.0,0.0
2024-08-06 14:00:00+08:00,0.16300000250339508,0.16300000250339508,0.16300000250339508,0.16300000250339508,25000,0.0,0.0
2024-08-06 15:00:00+08:00,0.16300000250339508,0.16300000250339508,0.16300000250339508,0.16300000250339508,10000,0.0,0.0
2024-08-06 16:00:00+08:00,0.16300000250339508,0.16300000250339508,0.16300000250339508,0.16300000250339508,1100,0.0,0.0
2024-08-07 09:00:00+08:00,0.16300000250339508,0.16300000250339508,0.16300000250339508,0.16300000250339508,0,0.0,0.0
2024-08-07 12:00:00+08:00,0.164000004529953,0.164000004529953,0.164000004529953,0.164000004529953,50000,0.0,0.0
2024-08-07 14:00:00+08:00,0.164000004529953,0.164000004529953,0.164000004529953,0.164000004529953,40000,0.0,0.0
2024-08-07 15:00:00+08:00,0.164000004529953,0.164000004529953,0.164000004529953,0.164000004529953,100000,0.0,0.0
2024-08-07 16:00:00+08:00,0.164000004529953,0.164000004529953,0.164000004529953,0.164000004529953,100000,0.0,0.0
2024-08-08 09:00:00+08:00,0.16300000250339508,0.16300000250339508,0.16300000250339508,0.16300000250339508,0,0.0,0.0
2024-08-08 10:00:00+08:00,0.16300000250339508,0.164000004529953,0.16300000250339508,0.164000004529953,20000,0.0,0.0
2024-08-08 15:00:00+08:00,0.164000004529953,0.164000004529953,0.164000004529953,0.164000004529953,50000,0.0,0.0
2024-08-12 10:00:00+08:00,0.164000004529953,0.164000004529953,0.164000004529953,0.164000004529953,10000,0.0,0.0
2024-08-12 13:00:00+08:00,0.164000004529953,0.164000004529953,0.164000004529953,0.164000004529953,52600,0.0,0.0
2024-08-12 15:00:00+08:00,0.164000004529953,0.164000004529953,0.164000004529953,0.164000004529953,129000,0.0,0.0
2024-08-12 16:00:00+08:00,0.164000004529953,0.164000004529953,0.164000004529953,0.164000004529953,47000,0.0,0.0
2024-08-13 09:00:00+08:00,0.164000004529953,0.164000004529953,0.164000004529953,0.164000004529953,0,0.0,0.0
2024-08-13 12:00:00+08:00,0.16300000250339508,0.16300000250339508,0.16300000250339508,0.16300000250339508,10000,0.0,0.0
2024-08-13 14:00:00+08:00,0.16300000250339508,0.16300000250339508,0.16300000250339508,0.16300000250339508,5000,0.0,0.0
2024-08-19 11:00:00+08:00,0.16599999368190765,0.16599999368190765,0.164000004529953,0.16500000655651093,0,0.0,0.0
2024-08-19 15:00:00+08:00,0.16500000655651093,0.16500000655651093,0.164000004529953,0.164000004529953,18700,0.0,0.0
2024-08-19 16:00:00+08:00,0.16500000655651093,0.16500000655651093,0.164000004529953,0.164000004529953,8200,0.0,0.0
2024-08-20 10:00:00+08:00,0.164000004529953,0.16500000655651093,0.164000004529953,0.16500000655651093,0,0.0,0.0
2024-08-20 14:00:00+08:00,0.16500000655651093,0.1679999977350235,0.164000004529953,0.1679999977350235,25000,0.0,0.0
2024-08-20 16:00:00+08:00,0.1679999977350235,0.1679999977350235,0.1679999977350235,0.1679999977350235,400,0.0,0.0
2024-08-21 10:00:00+08:00,0.1679999977350235,0.1679999977350235,0.16200000047683716,0.16200000047683716,0,0.0,0.0
2024-08-21 15:00:00+08:00,0.164000004529953,0.164000004529953,0.16200000047683716,0.16300000250339508,55000,0.0,0.0
2024-08-21 16:00:00+08:00,0.16300000250339508,0.16300000250339508,0.16300000250339508,0.16300000250339508,30000,0.0,0.0
2024-08-22 13:00:00+08:00,0.16699999570846558,0.16699999570846558,0.16699999570846558,0.16699999570846558,0,0.0,0.0
2024-08-22 14:00:00+08:00,0.16699999570846558,0.16699999570846558,0.16699999570846558,0.16699999570846558,18400,0.0,0.0
2024-08-23 09:00:00+08:00,0.16699999570846558,0.16699999570846558,0.16200000047683716,0.16599999368190765,0,0.0,0.0
2024-08-23 16:00:00+08:00,0.16599999368190765,0.16599999368190765,0.16599999368190765,0.16599999368190765,20000,0.0,0.0
2024-08-26 09:00:00+08:00,0.16599999368190765,0.16599999368190765,0.16599999368190765,0.16599999368190765,20000,0.0,0.0
2024-08-26 11:00:00+08:00,0.16599999368190765,0.16699999570846558,0.16599999368190765,0.16599999368190765,33000,0.0,0.0
2024-08-26 13:00:00+08:00,0.16699999570846558,0.16699999570846558,0.16300000250339508,0.16300000250339508,30000,0.0,0.0
2024-08-27 09:00:00+08:00,0.16500000655651093,0.17000000178813934,0.16500000655651093,0.17000000178813934,101900,0.0,0.0
2024-08-27 13:00:00+08:00,0.16899999976158142,0.17000000178813934,0.16899999976158142,0.17000000178813934,25100,0.0,0.0
2024-08-28 09:00:00+08:00,0.17000000178813934,0.17100000381469727,0.164000004529953,0.164000004529953,0,0.0,0.0
2024-08-28 10:00:00+08:00,0.16599999368190765,0.16599999368190765,0.164000004529953,0.164000004529953,100000,0.0,0.0
2024-08-29 14:00:00+08:00,0.16599999368190765,0.16699999570846558,0.16500000655651093,0.16500000655651093,27600,0.0,0.0
2024-08-30 15:00:00+08:00,0.16599999368190765,0.16599999368190765,0.16599999368190765,0.16599999368190765,0,0.0,0.0
2024-08-30 16:00:00+08:00,0.16599999368190765,0.16599999368190765,0.16599999368190765,0.16599999368190765,10000,0.0,0.0
2024-09-02 10:00:00+08:00,0.16599999368190765,0.16699999570846558,0.16599999368190765,0.16599999368190765,0,0.0,0.0
2024-09-02 13:00:00+08:00,0.16699999570846558,0.16699999570846558,0.16599999368190765,0.16599999368190765,0,0.0,0.0
2024-09-02 14:00:00+08:00,0.16599999368190765,0.16699999570846558,0.16599999368190765,0.16599999368190765,27200,0.0,0.0
2024-09-02 15:00:00+08:00,0.16699999570846558,0.16699999570846558,0.16699999570846558,0.16699999570846558,27000,0.0,0.0
2024-09-03 10:00:00+08:00,0.1679999977350235,0.1679999977350235,0.164000004529953,0.164000004529953,0,0.0,0.0
2024-09-04 09:00:00+08:00,0.164000004529953,0.164000004529953,0.164000004529953,0.164000004529953,1600,0.0,0.0
2024-09-04 11:00:00+08:00,0.164000004529953,0.164000004529953,0.164000004529953,0.164000004529953,3200,0.0,0.0
2024-09-04 14:00:00+08:00,0.164000004529953,0.164000004529953,0.16099999845027924,0.16099999845027924,5000,0.0,0.0
2024-09-04 15:00:00+08:00,0.164000004529953,0.164000004529953,0.16099999845027924,0.16099999845027924,10000,0.0,0.0
2024-09-06 09:00:00+08:00,0.16500000655651093,0.16500000655651093,0.16500000655651093,0.16500000655651093,0,0.0,0.0
2024-09-06 11:00:00+08:00,0.16500000655651093,0.16500000655651093,0.16500000655651093,0.16500000655651093,10000,0.0,0.0
2024-09-09 10:00:00+08:00,0.16599999368190765,0.16599999368190765,0.16599999368190765,0.16599999368190765,3800,0.0,0.0
2024-09-09 11:00:00+08:00,0.16599999368190765,0.1679999977350235,0.16599999368190765,0.1679999977350235,31000,0.0,0.0
2024-09-09 14:00:00+08:00,0.1679999977350235,0.1679999977350235,0.1679999977350235,0.1679999977350235,3200,0.0,0.0
2024-09-09 16:00:00+08:00,0.1679999977350235,0.1679999977350235,0.1679999977350235,0.1679999977350235,46000,0.0,0.0
2024-09-10 09:00:00+08:00,0.16699999570846558,0.1679999977350235,0.16699999570846558,0.1679999977350235,13000,0.0,0.0
2024-09-10 13:00:00+08:00,0.1679999977350235,0.1679999977350235,0.1679999977350235,0.1679999977350235,57300,0.0,0.0
2024-09-10 14:00:00+08:00,0.1679999977350235,0.1679999977350235,0.1679999977350235,0.1679999977350235,0,0.0,0.0
2024-09-10 16:00:00+08:00,0.1679999977350235,0.1679999977350235,0.1679999977350235,0.1679999977350235,82700,0.0,0.0
2024-09-11 10:00:00+08:00,0.1679999977350235,0.1679999977350235,0.1679999977350235,0.1679999977350235,3000,0.0,0.0
2024-09-11 14:00:00+08:00,0.1599999964237213,0.1679999977350235,0.1599999964237213,0.1599999964237213,7000,0.0,0.0
2024-09-11 15:00:00+08:00,0.16500000655651093,0.16500000655651093,0.1589999943971634,0.164000004529953,176900,0.0,0.0
2024-09-11 16:00:00+08:00,0.164000004529953,0.164000004529953,0.16200000047683716,0.16200000047683716,12000,0.0,0.0
2024-09-12 10:00:00+08:00,0.16599999368190765,0.16599999368190765,0.16599999368190765,0.16599999368190765,60200,0.0,0.0
2024-09-12 11:00:00+08:00,0.16599999368190765,0.16599999368190765,0.16300000250339508,0.16300000250339508,20000,0.0,0.0
2024-09-12 14:00:00+08:00,0.16300000250339508,0.16300000250339508,0.16200000047683716,0.16200000047683716,11000,0.0,0.0
2024-09-12 15:00:00+08:00,0.16300000250339508,0.1679999977350235,0.16200000047683716,0.1679999977350235,18000,0.0,0.0
2024-09-12 16:00:00+08:00,0.1679999977350235,0.1679999977350235,0.1679999977350235,0.1679999977350235,6800,0.0,0.0
2024-09-13 11:00:00+08:00,0.16500000655651093,0.16500000655651093,0.16500000655651093,0.16500000655651093,0,0.0,0.0
2024-09-13 14:00:00+08:00,0.16500000655651093,0.16500000655651093,0.164000004529953,0.16500000655651093,7600,0.0,0.0
2024-09-13 15:00:00+08:00,0.164000004529953,0.16699999570846558,0.164000004529953,0.16599999368190765,85300,0.0,0.0
2024-09-16 13:00:00+08:00,0.16599999368190765,0.16599999368190765,0.16500000655651093,0.16599999368190765,10000,0.0,0.0
2024-09-16 14:00:00+08:00,0.16500000655651093,0.1679999977350235,0.164000004529953,0.1679999977350235,87000,0.0,0.0
2024-09-16 15:00:00+08:00,0.1679999977350235,0.1679999977350235,0.1679999977350235,0.1679999977350235,20000,0.0,0.0
2024-09-17 09:00:00+08:00,0.16500000655651093,0.16699999570846558,0.16500000655651093,0.16699999570846558,0,0.0,0.0
2024-09-17 10:00:00+08:00,0.16699999570846558,0.16699999570846558,0.16699999570846558,0.16699999570846558,0,0.0,0.0
2024-09-17 13:00:00+08:00,0.16699999570846558,0.16699999570846558,0.16699999570846558,0.16699999570846558,23500,0.0,0.0
2024-09-17 14:00:00+08:00,0.16699999570846558,0.16699999570846558,0.16699999570846558,0.16699999570846558,10000,0.0,0.0
2024-09-18 11:00:00+08:00,0.16699999570846558,0.1679999977350235,0.16500000655651093,0.1679999977350235,0,0.0,0.0
2024-09-18 13:00:00+08:00,0.16699999570846558,0.16899999976158142,0.164000004529953,0.16599999368190765,234700,0.0,0.0
2024-09-18 14:00:00+08:00,0.16599999368190765,0.16599999368190765,0.16599999368190765,0.16599999368190765,37400,0.0,0.0
2024-09-18 16:00:00+08:00,0.16599999368190765,0.16599999368190765,0.16500000655651093,0.16500000655651093,44400,0.0,0.0
2024-09-19 10:00:00+08:00,0.16699999570846558,0.16699999570846558,0.16699999570846558,0.16699999570846558,0,0.0,0.0
2024-09-19 13:00:00+08:00,0.16699999570846558,0.16699999570846558,0.16599999368190765,0.16599999368190765,2200,0.0,0.0
2024-09-19 14:00:00+08:00,0.16599999368190765,0.16599999368190765,0.16599999368190765,0.16599999368190765,5500,0.0,0.0
2024-09-19 15:00:00+08:00,0.16599999368190765,0.1679999977350235,0.16599999368190765,0.1679999977350235,40800,0.0,0.0
2024-09-19 16:00:00+08:00,0.1679999977350235,0.1679999977350235,0.1679999977350235,0.1679999977350235,81600,0.0,0.0
2024-09-20 13:00:00+08:00,0.16599999368190765,0.16599999368190765,0.16500000655651093,0.16500000655651093,0,0.0,0.0
