Datetime,Open,High,Low,Close,Volume,Dividends,Stock Splits
2024-06-24 09:00:00+09:00,11420.0,11420.0,11300.0,11300.0,0,0.0,0.0
2024-06-24 09:01:00+09:00,11300.0,11300.0,11190.0,11210.0,4025,0.0,0.0
2024-06-24 09:02:00+09:00,11210.0,11300.0,11200.0,11300.0,233,0.0,0.0
2024-06-24 09:03:00+09:00,11250.0,11250.0,11250.0,11250.0,131,0.0,0.0
2024-06-24 09:04:00+09:00,11250.0,11250.0,11230.0,11240.0,965,0.0,0.0
2024-06-24 09:05:00+09:00,11240.0,11240.0,11240.0,11240.0,274,0.0,0.0
2024-06-24 09:06:00+09:00,11240.0,11240.0,11240.0,11240.0,256,0.0,0.0
2024-06-24 09:07:00+09:00,11240.0,11240.0,11240.0,11240.0,389,0.0,0.0
2024-06-24 09:08:00+09:00,11240.0,11240.0,11240.0,11240.0,223,0.0,0.0
2024-06-24 09:10:00+09:00,11250.0,11250.0,11230.0,11230.0,442,0.0,0.0
2024-06-24 09:11:00+09:00,11230.0,11230.0,11170.0,11170.0,2920,0.0,0.0
2024-06-24 09:12:00+09:00,11190.0,11190.0,11190.0,11190.0,0,0.0,0.0
2024-06-24 09:13:00+09:00,11180.0,11190.0,11170.0,11170.0,104,0.0,0.0
2024-06-24 09:14:00+09:00,11170.0,11200.0,11170.0,11200.0,650,0.0,0.0
2024-06-24 09:15:00+09:00,11200.0,11200.0,11200.0,11200.0,72,0.0,0.0
2024-06-24 09:16:00+09:00,11170.0,11170.0,11170.0,11170.0,133,0.0,0.0
2024-06-24 09:17:00+09:00,11170.0,11170.0,11170.0,11170.0,710,0.0,0.0
2024-06-24 09:18:00+09:00,11160.0,11200.0,11160.0,11200.0,0,0.0,0.0
2024-06-24 09:19:00+09:00,11170.0,11170.0,11170.0,11170.0,179,0.0,0.0
2024-06-24 09:20:00+09:00,11170.0,11170.0,11170.0,11170.0,0,0.0,0.0
2024-06-24 09:21:00+09:00,11190.0,11190.0,11180.0,11190.0,3,0.0,0.0
2024-06-24 09:22:00+09:00,11190.0,11190.0,11180.0,11180.0,57,0.0,0.0
2024-06-24 09:23:00+09:00,11180.0,11180.0,11170.0,11180.0,946,0.0,0.0
2024-06-24 09:24:00+09:00,11180.0,11180.0,11180.0,11180.0,0,0.0,0.0
2024-06-24 09:25:00+09:00,11180.0,11180.0,11180.0,11180.0,0,0.0,0.0
2024-06-24 09:26:00+09:00,11180.0,11180.0,11170.0,11180.0,333,0.0,0.0
2024-06-24 09:27:00+09:00,11180.0,11180.0,11180.0,11180.0,0,0.0,0.0
2024-06-24 09:28:00+09:00,11180.0,11180.0,11170.0,11180.0,225,0.0,0.0
2024-06-24 09:29:00+09:00,11180.0,11190.0,11180.0,11190.0,14,0.0,0.0
2024-06-24 09:30:00+09:00,11180.0,11180.0,11180.0,11180.0,119,0.0,0.0
2024-06-24 09:31:00+09:00,11180.0,11180.0,11170.0,11170.0,32,0.0,0.0
2024-06-24 09:32:00+09:00,11170.0,11170.0,11170.0,11170.0,430,0.0,0.0
2024-06-24 09:34:00+09:00,11170.0,11170.0,11170.0,11170.0,0,0.0,0.0
2024-06-24 09:35:00+09:00,11170.0,11170.0,11120.0,11120.0,3688,0.0,0.0
2024-06-24 09:37:00+09:00,11150.0,11170.0,11150.0,11170.0,0,0.0,0.0
2024-06-24 09:38:00+09:00,11160.0,11160.0,11150.0,11150.0,16,0.0,0.0
2024-06-24 09:39:00+09:00,11150.0,11150.0,11120.0,11120.0,1014,0.0,0.0
2024-06-24 09:40:00+09:00,11120.0,11160.0,11120.0,11130.0,0,0.0,0.0
2024-06-24 09:41:00+09:00,11130.0,11130.0,11130.0,11130.0,48,0.0,0.0
2024-06-24 09:42:00+09:00,11140.0,11140.0,11140.0,11140.0,97,0.0,0.0
2024-06-24 09:43:00+09:00,11140.0,11160.0,11140.0,11160.0,61,0.0,0.0
2024-06-24 09:44:00+09:00,11160.0,11160.0,11130.0,11130.0,344,0.0,0.0
2024-06-24 09:45:00+09:00,11130.0,11170.0,11130.0,11170.0,0,0.0,0.0
2024-06-24 09:47:00+09:00,11140.0,11140.0,11140.0,11140.0,2,0.0,0.0
2024-06-24 09:48:00+09:00,11140.0,11140.0,11140.0,11140.0,34,0.0,0.0
2024-06-24 09:49:00+09:00,11150.0,11150.0,11140.0,11140.0,86,0.0,0.0
2024-06-24 09:50:00+09:00,11140.0,11140.0,11120.0,11120.0,1034,0.0,0.0
2024-06-24 09:51:00+09:00,11110.0,11110.0,11100.0,11100.0,979,0.0,0.0
2024-06-24 09:52:00+09:00,11100.0,11110.0,11100.0,11100.0,363,0.0,0.0
2024-06-24 09:53:00+09:00,11100.0,11110.0,11090.0,11110.0,644,0.0,0.0
2024-06-24 09:55:00+09:00,11120.0,11120.0,11120.0,11120.0,0,0.0,0.0
2024-06-24 09:56:00+09:00,11140.0,11190.0,11140.0,11190.0,649,0.0,0.0
2024-06-24 09:57:00+09:00,11200.0,11240.0,11200.0,11240.0,69,0.0,0.0
2024-06-24 09:58:00+09:00,11250.0,11260.0,11250.0,11260.0,113,0.0,0.0
2024-06-24 09:59:00+09:00,11270.0,11270.0,11250.0,11250.0,895,0.0,0.0
2024-06-24 10:00:00+09:00,11250.0,11280.0,11250.0,11280.0,0,0.0,0.0
2024-06-24 10:01:00+09:00,11250.0,11270.0,11240.0,11250.0,688,0.0,0.0
2024-06-24 10:02:00+09:00,11260.0,11270.0,11260.0,11270.0,39,0.0,0.0
2024-06-24 10:03:00+09:00,11280.0,11280.0,11280.0,11280.0,0,0.0,0.0
2024-06-24 10:04:00+09:00,11280.0,11290.0,11280.0,11290.0,845,0.0,0.0
2024-06-24 10:05:00+09:00,11290.0,11300.0,11290.0,11300.0,461,0.0,0.0
2024-06-24 10:06:00+09:00,11300.0,11300.0,11300.0,11300.0,0,0.0,0.0
2024-06-24 10:07:00+09:00,11300.0,11300.0,11300.0,11300.0,10,0.0,0.0
2024-06-24 10:08:00+09:00,11280.0,11280.0,11280.0,11280.0,399,0.0,0.0
2024-06-24 10:09:00+09:00,11300.0,11310.0,11280.0,11280.0,0,0.0,0.0
2024-06-24 10:10:00+09:00,11310.0,11310.0,11310.0,11310.0,21,0.0,0.0
2024-06-24 10:11:00+09:00,11320.0,11320.0,11320.0,11320.0,971,0.0,0.0
2024-06-24 10:12:00+09:00,11340.0,11340.0,11340.0,11340.0,0,0.0,0.0
2024-06-24 10:13:00+09:00,11340.0,11350.0,11340.0,11350.0,25,0.0,0.0
2024-06-24 10:14:00+09:00,11350.0,11400.0,11350.0,11400.0,5053,0.0,0.0
2024-06-24 10:15:00+09:00,11390.0,11390.0,11390.0,11390.0,1,0.0,0.0
2024-06-24 10:16:00+09:00,11350.0,11350.0,11320.0,11320.0,294,0.0,0.0
2024-06-24 10:17:00+09:00,11380.0,11380.0,11310.0,11310.0,10,0.0,0.0
2024-06-24 10:18:00+09:00,11380.0,11380.0,11380.0,11380.0,0,0.0,0.0
2024-06-24 10:19:00+09:00,11320.0,11320.0,11300.0,11320.0,170,0.0,0.0
2024-06-24 10:20:00+09:00,11290.0,11290.0,11270.0,11280.0,2788,0.0,0.0
2024-06-24 10:21:00+09:00,11280.0,11290.0,11280.0,11280.0,1360,0.0,0.0
2024-06-24 10:22:00+09:00,11290.0,11290.0,11290.0,11290.0,40,0.0,0.0
2024-06-24 10:25:00+09:00,11290.0,11290.0,11280.0,11280.0,780,0.0,0.0
2024-06-24 10:26:00+09:00,11290.0,11290.0,11280.0,11280.0,510,0.0,0.0
2024-06-24 10:27:00+09:00,11280.0,11280.0,11280.0,11280.0,0,0.0,0.0
2024-06-24 10:28:00+09:00,11280.0,11280.0,11280.0,11280.0,7,0.0,0.0
2024-06-24 10:29:00+09:00,11250.0,11250.0,11250.0,11250.0,576,0.0,0.0
2024-06-24 10:30:00+09:00,11250.0,11250.0,11220.0,11220.0,0,0.0,0.0
2024-06-24 10:31:00+09:00,11230.0,11230.0,11230.0,11230.0,120,0.0,0.0
2024-06-24 10:32:00+09:00,11230.0,11230.0,11220.0,11220.0,0,0.0,0.0
2024-06-24 10:35:00+09:00,11270.0,11270.0,11220.0,11220.0,35,0.0,0.0
2024-06-24 10:39:00+09:00,11270.0,11270.0,11270.0,11270.0,0,0.0,0.0
2024-06-24 10:40:00+09:00,11270.0,11270.0,11240.0,11240.0,565,0.0,0.0
2024-06-24 10:41:00+09:00,11240.0,11240.0,11240.0,11240.0,0,0.0,0.0
2024-06-24 10:42:00+09:00,11260.0,11260.0,11260.0,11260.0,93,0.0,0.0
2024-06-24 10:43:00+09:00,11260.0,11260.0,11240.0,11250.0,148,0.0,0.0
2024-06-24 10:44:00+09:00,11250.0,11260.0,11250.0,11250.0,656,0.0,0.0
2024-06-24 10:45:00+09:00,11250.0,11250.0,11240.0,11240.0,298,0.0,0.0
2024-06-24 10:46:00+09:00,11240.0,11260.0,11240.0,11260.0,121,0.0,0.0
2024-06-24 10:47:00+09:00,11260.0,11260.0,11250.0,11250.0,119,0.0,0.0
2024-06-24 10:48:00+09:00,11260.0,11260.0,11260.0,11260.0,1116,0.0,0.0
2024-06-24 10:49:00+09:00,11250.0,11250.0,11250.0,11250.0,30,0.0,0.0
2024-06-24 10:50:00+09:00,11250.0,11250.0,11250.0,11250.0,0,0.0,0.0
2024-06-24 10:51:00+09:00,11260.0,11260.0,11250.0,11250.0,54,0.0,0.0
2024-06-24 10:52:00+09:00,11250.0,11270.0,11250.0,11270.0,69,0.0,0.0
2024-06-24 10:53:00+09:00,11250.0,11250.0,11250.0,11250.0,0,0.0,0.0
2024-06-24 10:54:00+09:00,11270.0,11270.0,11270.0,11270.0,17,0.0,0.0
2024-06-24 10:55:00+09:00,11250.0,11250.0,11250.0,11250.0,938,0.0,0.0
2024-06-24 10:57:00+09:00,11270.0,11270.0,11270.0,11270.0,0,0.0,0.0
2024-06-24 10:58:00+09:00,11270.0,11270.0,11270.0,11270.0,607,0.0,0.0
2024-06-24 11:00:00+09:00,11270.0,11270.0,11270.0,11270.0,0,0.0,0.0
2024-06-24 11:01:00+09:00,11260.0,11260.0,11250.0,11250.0,14,0.0,0.0
2024-06-24 11:02:00+09:00,11250.0,11280.0,11250.0,11280.0,2,0.0,0.0
2024-06-24 11:03:00+09:00,11250.0,11250.0,11250.0,11250.0,239,0.0,0.0
2024-06-24 11:04:00+09:00,11250.0,11250.0,11250.0,11250.0,0,0.0,0.0
2024-06-24 11:05:00+09:00,11250.0,11250.0,11250.0,11250.0,109,0.0,0.0
2024-06-24 11:07:00+09:00,11250.0,11250.0,11250.0,11250.0,0,0.0,0.0
2024-06-24 11:08:00+09:00,11250.0,11250.0,11220.0,11220.0,12,0.0,0.0
2024-06-24 11:09:00+09:00,11220.0,11220.0,11220.0,11220.0,0,0.0,0.0
2024-06-24 11:10:00+09:00,11220.0,11220.0,11220.0,11220.0,100,0.0,0.0
2024-06-24 11:12:00+09:00,11220.0,11220.0,11220.0,11220.0,350,0.0,0.0
2024-06-24 11:13:00+09:00,11230.0,11230.0,11230.0,11230.0,0,0.0,0.0
2024-06-24 11:15:00+09:00,11220.0,11220.0,11220.0,11220.0,203,0.0,0.0
2024-06-24 11:16:00+09:00,11220.0,11230.0,11220.0,11220.0,3958,0.0,0.0
2024-06-24 11:17:00+09:00,11220.0,11220.0,11210.0,11210.0,109,0.0,0.0
2024-06-24 11:18:00+09:00,11230.0,11230.0,11230.0,11230.0,84,0.0,0.0
2024-06-24 11:20:00+09:00,11210.0,11210.0,11190.0,11190.0,151,0.0,0.0
2024-06-24 11:21:00+09:00,11190.0,11190.0,11180.0,11180.0,114,0.0,0.0
2024-06-24 11:25:00+09:00,11180.0,11180.0,11150.0,11150.0,305,0.0,0.0
2024-06-24 11:26:00+09:00,11160.0,11160.0,11160.0,11160.0,0,0.0,0.0
2024-06-24 11:29:00+09:00,11160.0,11160.0,11160.0,11160.0,0,0.0,0.0
2024-06-24 11:30:00+09:00,11160.0,11160.0,11160.0,11160.0,14,0.0,0.0
2024-06-24 11:31:00+09:00,11160.0,11160.0,11150.0,11150.0,18,0.0,0.0
2024-06-24 11:32:00+09:00,11160.0,11160.0,11160.0,11160.0,25,0.0,0.0
2024-06-24 11:33:00+09:00,11160.0,11160.0,11160.0,11160.0,10,0.0,0.0
2024-06-24 11:35:00+09:00,11150.0,11150.0,11150.0,11150.0,101,0.0,0.0
2024-06-24 11:37:00+09:00,11140.0,11140.0,11140.0,11140.0,19,0.0,0.0
2024-06-24 11:39:00+09:00,11150.0,11150.0,11150.0,11150.0,43,0.0,0.0
2024-06-24 11:42:00+09:00,11150.0,11150.0,11140.0,11140.0,496,0.0,0.0
2024-06-24 11:43:00+09:00,11140.0,11140.0,11140.0,11140.0,0,0.0,0.0
2024-06-24 11:44:00+09:00,11140.0,11180.0,11140.0,11180.0,156,0.0,0.0
2024-06-24 11:45:00+09:00,11180.0,11180.0,11180.0,11180.0,105,0.0,0.0
2024-06-24 11:46:00+09:00,11180.0,11180.0,11180.0,11180.0,160,0.0,0.0
2024-06-24 11:48:00+09:00,11190.0,11220.0,11190.0,11220.0,0,0.0,0.0
2024-06-24 11:50:00+09:00,11220.0,11220.0,11220.0,11220.0,0,0.0,0.0
2024-06-24 11:51:00+09:00,11220.0,11220.0,11220.0,11220.0,55,0.0,0.0
2024-06-24 11:55:00+09:00,11210.0,11210.0,11170.0,11170.0,0,0.0,0.0
2024-06-24 11:56:00+09:00,11170.0,11170.0,11170.0,11170.0,99,0.0,0.0
2024-06-24 11:57:00+09:00,11170.0,11170.0,11170.0,11170.0,42,0.0,0.0
2024-06-24 11:58:00+09:00,11170.0,11170.0,11160.0,11160.0,0,0.0,0.0
2024-06-24 11:59:00+09:00,11160.0,11160.0,11160.0,11160.0,181,0.0,0.0
2024-06-24 12:00:00+09:00,11160.0,11160.0,11150.0,11150.0,141,0.0,0.0
2024-06-24 12:01:00+09:00,11210.0,11210.0,11210.0,11210.0,4,0.0,0.0
2024-06-24 12:02:00+09:00,11150.0,11150.0,11150.0,11150.0,0,0.0,0.0
2024-06-24 12:04:00+09:00,11150.0,11150.0,11150.0,11150.0,54,0.0,0.0
2024-06-24 12:11:00+09:00,11190.0,11190.0,11190.0,11190.0,0,0.0,0.0
2024-06-24 12:13:00+09:00,11180.0,11180.0,11170.0,11170.0,83,0.0,0.0
2024-06-24 12:14:00+09:00,11170.0,11170.0,11170.0,11170.0,0,0.0,0.0
2024-06-24 12:15:00+09:00,11170.0,11190.0,11170.0,11190.0,4,0.0,0.0
2024-06-24 12:17:00+09:00,11190.0,11190.0,11190.0,11190.0,6,0.0,0.0
2024-06-24 12:19:00+09:00,11190.0,11190.0,11190.0,11190.0,2,0.0,0.0
2024-06-24 12:20:00+09:00,11190.0,11190.0,11190.0,11190.0,0,0.0,0.0
2024-06-24 12:22:00+09:00,11170.0,11170.0,11150.0,11150.0,543,0.0,0.0
2024-06-24 12:23:00+09:00,11150.0,11150.0,11140.0,11140.0,105,0.0,0.0
2024-06-24 12:29:00+09:00,11140.0,11140.0,11140.0,11140.0,0,0.0,0.0
2024-06-24 12:31:00+09:00,11140.0,11140.0,11120.0,11120.0,1622,0.0,0.0
2024-06-24 12:34:00+09:00,11120.0,11120.0,11120.0,11120.0,243,0.0,0.0
2024-06-24 12:37:00+09:00,11120.0,11120.0,11110.0,11110.0,647,0.0,0.0
2024-06-24 12:38:00+09:00,11110.0,11110.0,11110.0,11110.0,1926,0.0,0.0
2024-06-24 12:39:00+09:00,11160.0,11190.0,11160.0,11190.0,0,0.0,0.0
2024-06-24 12:40:00+09:00,11190.0,11190.0,11190.0,11190.0,15,0.0,0.0
2024-06-24 12:43:00+09:00,11160.0,11160.0,11160.0,11160.0,107,0.0,0.0
2024-06-24 12:45:00+09:00,11160.0,11160.0,11160.0,11160.0,343,0.0,0.0
2024-06-24 12:46:00+09:00,11140.0,11140.0,11110.0,11110.0,479,0.0,0.0
2024-06-24 12:47:00+09:00,11110.0,11110.0,11110.0,11110.0,719,0.0,0.0
2024-06-24 12:49:00+09:00,11110.0,11110.0,11110.0,11110.0,327,0.0,0.0
2024-06-24 12:50:00+09:00,11110.0,11110.0,11110.0,11110.0,0,0.0,0.0
2024-06-24 12:53:00+09:00,11110.0,11110.0,11110.0,11110.0,983,0.0,0.0
2024-06-24 12:54:00+09:00,11110.0,11160.0,11110.0,11160.0,0,0.0,0.0
2024-06-24 12:55:00+09:00,11110.0,11110.0,11110.0,11110.0,632,0.0,0.0
2024-06-24 12:56:00+09:00,11100.0,11100.0,11100.0,11100.0,1365,0.0,0.0
2024-06-24 12:57:00+09:00,11100.0,11100.0,11100.0,11100.0,0,0.0,0.0
2024-06-24 12:58:00+09:00,11100.0,11130.0,11100.0,11120.0,105,0.0,0.0
2024-06-24 12:59:00+09:00,11110.0,11110.0,11090.0,11090.0,458,0.0,0.0
2024-06-24 13:00:00+09:00,11090.0,11090.0,11090.0,11090.0,1028,0.0,0.0
2024-06-24 13:01:00+09:00,11090.0,11100.0,11090.0,11100.0,252,0.0,0.0
2024-06-24 13:02:00+09:00,11100.0,11100.0,11100.0,11100.0,141,0.0,0.0
2024-06-24 13:03:00+09:00,11100.0,11100.0,11100.0,11100.0,0,0.0,0.0
2024-06-24 13:04:00+09:00,11100.0,11100.0,11100.0,11100.0,48,0.0,0.0
2024-06-24 13:05:00+09:00,11100.0,11100.0,11100.0,11100.0,146,0.0,0.0
2024-06-24 13:06:00+09:00,11100.0,11100.0,11100.0,11100.0,253,0.0,0.0
2024-06-24 13:08:00+09:00,11120.0,11120.0,11120.0,11120.0,164,0.0,0.0
2024-06-24 13:11:00+09:00,11100.0,11100.0,11100.0,11100.0,0,0.0,0.0
2024-06-24 13:14:00+09:00,11100.0,11100.0,11100.0,11100.0,50,0.0,0.0
2024-06-24 13:15:00+09:00,11100.0,11100.0,11100.0,11100.0,37,0.0,0.0
2024-06-24 13:16:00+09:00,11100.0,11100.0,11100.0,11100.0,211,0.0,0.0
2024-06-24 13:17:00+09:00,11090.0,11090.0,11090.0,11090.0,0,0.0,0.0
2024-06-24 13:18:00+09:00,11100.0,11100.0,11090.0,11090.0,30,0.0,0.0
2024-06-24 13:21:00+09:00,11100.0,11100.0,11090.0,11090.0,87,0.0,0.0
2024-06-24 13:22:00+09:00,11090.0,11090.0,11090.0,11090.0,800,0.0,0.0
2024-06-24 13:23:00+09:00,11090.0,11090.0,11080.0,11080.0,1563,0.0,0.0
2024-06-24 13:25:00+09:00,11080.0,11090.0,11080.0,11090.0,600,0.0,0.0
2024-06-24 13:26:00+09:00,11090.0,11090.0,11090.0,11090.0,204,0.0,0.0
2024-06-24 13:27:00+09:00,11100.0,11100.0,11090.0,11100.0,37,0.0,0.0
2024-06-24 13:28:00+09:00,11100.0,11100.0,11100.0,11100.0,14,0.0,0.0
2024-06-24 13:29:00+09:00,11090.0,11090.0,11090.0,11090.0,91,0.0,0.0
2024-06-24 13:30:00+09:00,11090.0,11090.0,11090.0,11090.0,0,0.0,0.0
2024-06-24 13:31:00+09:00,11070.0,11100.0,11070.0,11100.0,27,0.0,0.0
2024-06-24 13:33:00+09:00,11100.0,11100.0,11100.0,11100.0,196,0.0,0.0
2024-06-24 13:34:00+09:00,11090.0,11090.0,11090.0,11090.0,0,0.0,0.0
2024-06-24 13:36:00+09:00,11080.0,11080.0,11080.0,11080.0,128,0.0,0.0
2024-06-24 13:37:00+09:00,11080.0,11080.0,11080.0,11080.0,0,0.0,0.0
2024-06-24 13:38:00+09:00,11080.0,11080.0,11080.0,11080.0,195,0.0,0.0
2024-06-24 13:39:00+09:00,11080.0,11080.0,11060.0,11060.0,886,0.0,0.0
2024-06-24 13:40:00+09:00,11060.0,11060.0,11040.0,11050.0,1045,0.0,0.0
2024-06-24 13:41:00+09:00,11050.0,11050.0,11050.0,11050.0,267,0.0,0.0
2024-06-24 13:42:00+09:00,11050.0,11050.0,11050.0,11050.0,20,0.0,0.0
2024-06-24 13:43:00+09:00,11040.0,11050.0,11040.0,11050.0,531,0.0,0.0
2024-06-24 13:45:00+09:00,11050.0,11050.0,11050.0,11050.0,193,0.0,0.0
2024-06-24 13:46:00+09:00,11050.0,11050.0,11040.0,11040.0,0,0.0,0.0
2024-06-24 13:47:00+09:00,11040.0,11040.0,11040.0,11040.0,435,0.0,0.0
2024-06-24 13:48:00+09:00,11040.0,11040.0,11040.0,11040.0,118,0.0,0.0
2024-06-24 13:49:00+09:00,11040.0,11040.0,11040.0,11040.0,0,0.0,0.0
2024-06-24 13:50:00+09:00,11030.0,11030.0,11020.0,11020.0,923,0.0,0.0
2024-06-24 13:51:00+09:00,11020.0,11050.0,11000.0,11050.0,2540,0.0,0.0
2024-06-24 13:52:00+09:00,11010.0,11010.0,11000.0,11000.0,372,0.0,0.0
2024-06-24 13:53:00+09:00,11050.0,11050.0,11050.0,11050.0,0,0.0,0.0
2024-06-24 13:56:00+09:00,11050.0,11060.0,11040.0,11060.0,169,0.0,0.0
2024-06-24 13:58:00+09:00,11090.0,11090.0,11090.0,11090.0,5,0.0,0.0
2024-06-24 13:59:00+09:00,11050.0,11090.0,11050.0,11090.0,7,0.0,0.0
2024-06-24 14:00:00+09:00,11070.0,11070.0,11070.0,11070.0,1,0.0,0.0
2024-06-24 14:01:00+09:00,11080.0,11080.0,11080.0,11080.0,17,0.0,0.0
2024-06-24 14:03:00+09:00,11050.0,11050.0,11040.0,11040.0,6,0.0,0.0
2024-06-24 14:06:00+09:00,11050.0,11050.0,11050.0,11050.0,115,0.0,0.0
2024-06-24 14:07:00+09:00,11050.0,11070.0,11050.0,11070.0,63,0.0,0.0
2024-06-24 14:10:00+09:00,11070.0,11070.0,11070.0,11070.0,20,0.0,0.0
2024-06-24 14:11:00+09:00,11050.0,11050.0,11050.0,11050.0,24,0.0,0.0
2024-06-24 14:13:00+09:00,11040.0,11040.0,11030.0,11040.0,481,0.0,0.0
2024-06-24 14:14:00+09:00,11040.0,11040.0,11020.0,11020.0,441,0.0,0.0
2024-06-24 14:15:00+09:00,11040.0,11040.0,11040.0,11040.0,549,0.0,0.0
2024-06-24 14:16:00+09:00,11040.0,11040.0,11040.0,11040.0,34,0.0,0.0
2024-06-24 14:17:00+09:00,11030.0,11030.0,11030.0,11030.0,126,0.0,0.0
2024-06-24 14:18:00+09:00,11030.0,11030.0,11030.0,11030.0,140,0.0,0.0
2024-06-24 14:19:00+09:00,11030.0,11030.0,11030.0,11030.0,60,0.0,0.0
2024-06-24 14:20:00+09:00,11040.0,11040.0,11040.0,11040.0,175,0.0,0.0
2024-06-24 14:21:00+09:00,11040.0,11040.0,11040.0,11040.0,0,0.0,0.0
2024-06-24 14:22:00+09:00,11030.0,11030.0,11030.0,11030.0,213,0.0,0.0
2024-06-24 14:23:00+09:00,11030.0,11030.0,11030.0,11030.0,621,0.0,0.0
2024-06-24 14:24:00+09:00,11030.0,11030.0,11020.0,11020.0,18,0.0,0.0
2024-06-24 14:25:00+09:00,11020.0,11020.0,11020.0,11020.0,121,0.0,0.0
2024-06-24 14:27:00+09:00,11020.0,11020.0,11020.0,11020.0,0,0.0,0.0
2024-06-24 14:28:00+09:00,11020.0,11020.0,11020.0,11020.0,366,0.0,0.0
2024-06-24 14:29:00+09:00,11020.0,11020.0,11010.0,11010.0,1282,0.0,0.0
2024-06-24 14:30:00+09:00,11010.0,11010.0,11010.0,11010.0,67,0.0,0.0
2024-06-24 14:31:00+09:00,11010.0,11010.0,11010.0,11010.0,126,0.0,0.0
2024-06-24 14:32:00+09:00,11010.0,11010.0,11010.0,11010.0,252,0.0,0.0
2024-06-24 14:33:00+09:00,11030.0,11030.0,11030.0,11030.0,0,0.0,0.0
2024-06-24 14:34:00+09:00,11020.0,11020.0,11020.0,11020.0,145,0.0,0.0
2024-06-24 14:35:00+09:00,11020.0,11020.0,11020.0,11020.0,33,0.0,0.0
2024-06-24 14:37:00+09:00,11010.0,11010.0,11010.0,11010.0,0,0.0,0.0
2024-06-24 14:38:00+09:00,11020.0,11020.0,11020.0,11020.0,0,0.0,0.0
2024-06-24 14:39:00+09:00,11020.0,11020.0,11020.0,11020.0,44,0.0,0.0
2024-06-24 14:40:00+09:00,11020.0,11020.0,11020.0,11020.0,0,0.0,0.0
2024-06-24 14:41:00+09:00,11020.0,11020.0,11020.0,11020.0,68,0.0,0.0
2024-06-24 14:42:00+09:00,11010.0,11020.0,11010.0,11020.0,200,0.0,0.0
2024-06-24 14:43:00+09:00,11020.0,11020.0,11010.0,11020.0,0,0.0,0.0
2024-06-24 14:44:00+09:00,11030.0,11040.0,11030.0,11040.0,0,0.0,0.0
2024-06-24 14:45:00+09:00,11040.0,11040.0,11040.0,11040.0,192,0.0,0.0
2024-06-24 14:49:00+09:00,11040.0,11040.0,11040.0,11040.0,555,0.0,0.0
2024-06-24 14:50:00+09:00,11070.0,11070.0,11070.0,11070.0,0,0.0,0.0
2024-06-24 14:51:00+09:00,11070.0,11070.0,11070.0,11070.0,61,0.0,0.0
2024-06-24 14:52:00+09:00,11080.0,11080.0,11080.0,11080.0,14,0.0,0.0
2024-06-24 14:53:00+09:00,11080.0,11080.0,11080.0,11080.0,23,0.0,0.0
2024-06-24 14:54:00+09:00,11070.0,11070.0,11050.0,11050.0,440,0.0,0.0
2024-06-24 14:55:00+09:00,11040.0,11040.0,11020.0,11020.0,410,0.0,0.0
2024-06-24 14:56:00+09:00,11020.0,11020.0,11010.0,11020.0,385,0.0,0.0
2024-06-24 14:57:00+09:00,11010.0,11010.0,11010.0,11010.0,244,0.0,0.0
2024-06-24 14:58:00+09:00,11000.0,11020.0,11000.0,11020.0,0,0.0,0.0
2024-06-24 14:59:00+09:00,11020.0,11020.0,11010.0,11010.0,108,0.0,0.0
2024-06-25 09:00:00+09:00,11010.0,11010.0,10930.0,10960.0,1436,0.0,0.0
2024-06-25 09:01:00+09:00,10960.0,10960.0,10960.0,10960.0,567,0.0,0.0
2024-06-25 09:02:00+09:00,10950.0,10950.0,10800.0,10820.0,1176,0.0,0.0
2024-06-25 09:03:00+09:00,10870.0,10870.0,10830.0,10870.0,476,0.0,0.0
2024-06-25 09:04:00+09:00,10930.0,10930.0,10850.0,10920.0,881,0.0,0.0
2024-06-25 09:05:00+09:00,10930.0,10930.0,10850.0,10850.0,517,0.0,0.0
2024-06-25 09:06:00+09:00,10840.0,10840.0,10800.0,10800.0,423,0.0,0.0
2024-06-25 09:07:00+09:00,10820.0,10820.0,10770.0,10770.0,827,0.0,0.0
2024-06-25 09:08:00+09:00,10790.0,10790.0,10780.0,10780.0,0,0.0,0.0
2024-06-25 09:09:00+09:00,10780.0,10780.0,10770.0,10770.0,736,0.0,0.0
2024-06-25 09:10:00+09:00,10770.0,10810.0,10770.0,10810.0,246,0.0,0.0
2024-06-25 09:11:00+09:00,10810.0,10810.0,10810.0,10810.0,461,0.0,0.0
2024-06-25 09:12:00+09:00,10800.0,10800.0,10800.0,10800.0,0,0.0,0.0
2024-06-25 09:13:00+09:00,10800.0,10800.0,10770.0,10770.0,418,0.0,0.0
2024-06-25 09:14:00+09:00,10770.0,10810.0,10770.0,10810.0,1075,0.0,0.0
2024-06-25 09:15:00+09:00,10820.0,10820.0,10810.0,10810.0,591,0.0,0.0
2024-06-25 09:16:00+09:00,10810.0,10810.0,10800.0,10800.0,326,0.0,0.0
2024-06-25 09:17:00+09:00,10800.0,10800.0,10800.0,10800.0,358,0.0,0.0
2024-06-25 09:18:00+09:00,10800.0,10800.0,10800.0,10800.0,13,0.0,0.0
2024-06-25 09:19:00+09:00,10800.0,10820.0,10780.0,10820.0,69,0.0,0.0
2024-06-25 09:20:00+09:00,10830.0,10830.0,10820.0,10830.0,129,0.0,0.0
2024-06-25 09:21:00+09:00,10830.0,10850.0,10830.0,10850.0,5,0.0,0.0
2024-06-25 09:22:00+09:00,10850.0,10850.0,10830.0,10830.0,104,0.0,0.0
2024-06-25 09:23:00+09:00,10820.0,10820.0,10790.0,10820.0,71,0.0,0.0
2024-06-25 09:24:00+09:00,10830.0,10850.0,10820.0,10850.0,153,0.0,0.0
2024-06-25 09:25:00+09:00,10850.0,10850.0,10820.0,10820.0,0,0.0,0.0
2024-06-25 09:26:00+09:00,10820.0,10820.0,10800.0,10800.0,205,0.0,0.0
2024-06-25 09:27:00+09:00,10790.0,10800.0,10790.0,10800.0,263,0.0,0.0
2024-06-25 09:28:00+09:00,10800.0,10800.0,10800.0,10800.0,54,0.0,0.0
2024-06-25 09:30:00+09:00,10800.0,10800.0,10800.0,10800.0,24,0.0,0.0
2024-06-25 09:31:00+09:00,10790.0,10790.0,10770.0,10770.0,1401,0.0,0.0
2024-06-25 09:32:00+09:00,10770.0,10770.0,10770.0,10770.0,346,0.0,0.0
2024-06-25 09:33:00+09:00,10780.0,10780.0,10770.0,10770.0,504,0.0,0.0
2024-06-25 09:34:00+09:00,10770.0,10790.0,10760.0,10790.0,489,0.0,0.0
2024-06-25 09:35:00+09:00,10780.0,10790.0,10740.0,10740.0,526,0.0,0.0
2024-06-25 09:36:00+09:00,10740.0,10790.0,10720.0,10720.0,586,0.0,0.0
2024-06-25 09:37:00+09:00,10720.0,10720.0,10710.0,10720.0,590,0.0,0.0
2024-06-25 09:38:00+09:00,10720.0,10720.0,10720.0,10720.0,0,0.0,0.0
2024-06-25 09:39:00+09:00,10720.0,10720.0,10720.0,10720.0,383,0.0,0.0
2024-06-25 09:40:00+09:00,10760.0,10800.0,10760.0,10800.0,1246,0.0,0.0
2024-06-25 09:41:00+09:00,10800.0,10800.0,10790.0,10790.0,1097,0.0,0.0
2024-06-25 09:42:00+09:00,10800.0,10800.0,10800.0,10800.0,1398,0.0,0.0
2024-06-25 09:43:00+09:00,10870.0,10870.0,10870.0,10870.0,1066,0.0,0.0
2024-06-25 09:44:00+09:00,10870.0,10910.0,10870.0,10910.0,631,0.0,0.0
2024-06-25 09:45:00+09:00,10910.0,10940.0,10910.0,10940.0,652,0.0,0.0
2024-06-25 09:46:00+09:00,10940.0,10940.0,10930.0,10930.0,439,0.0,0.0
2024-06-25 09:47:00+09:00,10940.0,10960.0,10940.0,10960.0,328,0.0,0.0
2024-06-25 09:48:00+09:00,10960.0,10960.0,10950.0,10960.0,1015,0.0,0.0
2024-06-25 09:49:00+09:00,10960.0,10980.0,10960.0,10980.0,240,0.0,0.0
2024-06-25 09:50:00+09:00,10980.0,10990.0,10980.0,10980.0,0,0.0,0.0
2024-06-25 09:51:00+09:00,10980.0,11000.0,10980.0,10980.0,324,0.0,0.0
2024-06-25 09:52:00+09:00,10990.0,11070.0,10990.0,11000.0,1554,0.0,0.0
2024-06-25 09:53:00+09:00,11010.0,11010.0,11000.0,11000.0,203,0.0,0.0
2024-06-25 09:54:00+09:00,11000.0,11000.0,10860.0,10860.0,360,0.0,0.0
2024-06-25 09:55:00+09:00,10850.0,10850.0,10840.0,10840.0,430,0.0,0.0
2024-06-25 09:56:00+09:00,10810.0,10810.0,10800.0,10800.0,1256,0.0,0.0
2024-06-25 09:58:00+09:00,10850.0,10860.0,10850.0,10860.0,0,0.0,0.0
2024-06-25 09:59:00+09:00,10860.0,10860.0,10860.0,10860.0,4,0.0,0.0
2024-06-25 10:00:00+09:00,10850.0,10850.0,10850.0,10850.0,171,0.0,0.0
2024-06-25 10:01:00+09:00,10840.0,10840.0,10840.0,10840.0,0,0.0,0.0
2024-06-25 10:02:00+09:00,10810.0,10810.0,10810.0,10810.0,1,0.0,0.0
2024-06-25 10:03:00+09:00,10800.0,10810.0,10800.0,10810.0,149,0.0,0.0
2024-06-25 10:04:00+09:00,10810.0,10810.0,10790.0,10790.0,409,0.0,0.0
2024-06-25 10:05:00+09:00,10800.0,10840.0,10790.0,10840.0,11,0.0,0.0
2024-06-25 10:06:00+09:00,10840.0,10840.0,10790.0,10790.0,1,0.0,0.0
2024-06-25 10:07:00+09:00,10790.0,10840.0,10710.0,10840.0,1104,0.0,0.0
2024-06-25 10:08:00+09:00,10830.0,10830.0,10800.0,10800.0,2,0.0,0.0
2024-06-25 10:10:00+09:00,10760.0,10760.0,10760.0,10760.0,46,0.0,0.0
2024-06-25 10:11:00+09:00,10760.0,10810.0,10760.0,10810.0,206,0.0,0.0
2024-06-25 10:12:00+09:00,10810.0,10810.0,10810.0,10810.0,309,0.0,0.0
2024-06-25 10:14:00+09:00,10820.0,10820.0,10820.0,10820.0,46,0.0,0.0
2024-06-25 10:15:00+09:00,10820.0,10830.0,10820.0,10830.0,26,0.0,0.0
2024-06-25 10:17:00+09:00,10830.0,10830.0,10830.0,10830.0,37,0.0,0.0
2024-06-25 10:18:00+09:00,10830.0,10830.0,10820.0,10820.0,104,0.0,0.0
2024-06-25 10:19:00+09:00,10820.0,10820.0,10820.0,10820.0,0,0.0,0.0
2024-06-25 10:20:00+09:00,10820.0,10820.0,10820.0,10820.0,29,0.0,0.0
2024-06-25 10:21:00+09:00,10820.0,10820.0,10820.0,10820.0,2,0.0,0.0
2024-06-25 10:22:00+09:00,10830.0,10830.0,10830.0,10830.0,66,0.0,0.0
2024-06-25 10:24:00+09:00,10840.0,10840.0,10840.0,10840.0,0,0.0,0.0
2024-06-25 10:25:00+09:00,10840.0,10840.0,10810.0,10810.0,206,0.0,0.0
2024-06-25 10:26:00+09:00,10810.0,10840.0,10810.0,10840.0,88,0.0,0.0
2024-06-25 10:27:00+09:00,10840.0,10850.0,10840.0,10850.0,30,0.0,0.0
2024-06-25 10:28:00+09:00,10850.0,10850.0,10850.0,10850.0,3,0.0,0.0
2024-06-25 10:30:00+09:00,10820.0,10840.0,10820.0,10840.0,2,0.0,0.0
2024-06-25 10:31:00+09:00,10820.0,10820.0,10820.0,10820.0,129,0.0,0.0
2024-06-25 10:32:00+09:00,10820.0,10820.0,10820.0,10820.0,66,0.0,0.0
2024-06-25 10:33:00+09:00,10820.0,10820.0,10820.0,10820.0,267,0.0,0.0
2024-06-25 10:34:00+09:00,10820.0,10820.0,10800.0,10800.0,706,0.0,0.0
2024-06-25 10:35:00+09:00,10800.0,10800.0,10800.0,10800.0,241,0.0,0.0
2024-06-25 10:36:00+09:00,10800.0,10800.0,10800.0,10800.0,21,0.0,0.0
2024-06-25 10:38:00+09:00,10800.0,10800.0,10800.0,10800.0,0,0.0,0.0
2024-06-25 10:39:00+09:00,10810.0,10810.0,10810.0,10810.0,7,0.0,0.0
2024-06-25 10:40:00+09:00,10810.0,10810.0,10800.0,10800.0,560,0.0,0.0
2024-06-25 10:41:00+09:00,10800.0,10800.0,10800.0,10800.0,0,0.0,0.0
2024-06-25 10:42:00+09:00,10820.0,10820.0,10820.0,10820.0,0,0.0,0.0
2024-06-25 10:43:00+09:00,10820.0,10820.0,10820.0,10820.0,16,0.0,0.0
2024-06-25 10:44:00+09:00,10810.0,10810.0,10810.0,10810.0,0,0.0,0.0
2024-06-25 10:46:00+09:00,10810.0,10810.0,10810.0,10810.0,34,0.0,0.0
2024-06-25 10:47:00+09:00,10800.0,10800.0,10800.0,10800.0,86,0.0,0.0
2024-06-25 10:48:00+09:00,10800.0,10800.0,10800.0,10800.0,0,0.0,0.0
2024-06-25 10:52:00+09:00,10800.0,10800.0,10800.0,10800.0,103,0.0,0.0
2024-06-25 10:53:00+09:00,10810.0,10830.0,10810.0,10830.0,258,0.0,0.0
2024-06-25 10:54:00+09:00,10810.0,10810.0,10810.0,10810.0,0,0.0,0.0
2024-06-25 10:55:00+09:00,10810.0,10810.0,10810.0,10810.0,26,0.0,0.0
2024-06-25 10:56:00+09:00,10810.0,10810.0,10800.0,10800.0,383,0.0,0.0
2024-06-25 10:57:00+09:00,10800.0,10800.0,10800.0,10800.0,0,0.0,0.0
2024-06-25 10:59:00+09:00,10800.0,10800.0,10800.0,10800.0,130,0.0,0.0
2024-06-25 11:00:00+09:00,10780.0,10780.0,10770.0,10770.0,130,0.0,0.0
2024-06-25 11:01:00+09:00,10780.0,10780.0,10770.0,10770.0,29,0.0,0.0
2024-06-25 11:02:00+09:00,10770.0,10770.0,10770.0,10770.0,225,0.0,0.0
2024-06-25 11:03:00+09:00,10780.0,10800.0,10770.0,10800.0,109,0.0,0.0
2024-06-25 11:05:00+09:00,10800.0,10800.0,10800.0,10800.0,0,0.0,0.0
2024-06-25 11:06:00+09:00,10800.0,10800.0,10800.0,10800.0,811,0.0,0.0
2024-06-25 11:07:00+09:00,10800.0,10800.0,10800.0,10800.0,38,0.0,0.0
2024-06-25 11:09:00+09:00,10790.0,10800.0,10770.0,10770.0,316,0.0,0.0
2024-06-25 11:10:00+09:00,10780.0,10780.0,10760.0,10760.0,274,0.0,0.0
2024-06-25 11:11:00+09:00,10760.0,10760.0,10750.0,10750.0,187,0.0,0.0
2024-06-25 11:12:00+09:00,10750.0,10750.0,10750.0,10750.0,151,0.0,0.0
2024-06-25 11:13:00+09:00,10740.0,10740.0,10730.0,10730.0,376,0.0,0.0
2024-06-25 11:15:00+09:00,10740.0,10740.0,10740.0,10740.0,0,0.0,0.0
2024-06-25 11:17:00+09:00,10740.0,10740.0,10710.0,10720.0,218,0.0,0.0
2024-06-25 11:18:00+09:00,10720.0,10720.0,10710.0,10710.0,343,0.0,0.0
2024-06-25 11:19:00+09:00,10710.0,10710.0,10710.0,10710.0,1118,0.0,0.0
2024-06-25 11:22:00+09:00,10710.0,10720.0,10710.0,10710.0,0,0.0,0.0
2024-06-25 11:23:00+09:00,10710.0,10710.0,10710.0,10710.0,592,0.0,0.0
2024-06-25 11:24:00+09:00,10710.0,10710.0,10680.0,10680.0,1697,0.0,0.0
2024-06-25 11:25:00+09:00,10680.0,10700.0,10650.0,10690.0,1272,0.0,0.0
2024-06-25 11:28:00+09:00,10690.0,10690.0,10680.0,10680.0,189,0.0,0.0
2024-06-25 11:29:00+09:00,10680.0,10680.0,10680.0,10680.0,0,0.0,0.0
2024-06-25 11:30:00+09:00,10680.0,10680.0,10660.0,10660.0,276,0.0,0.0
2024-06-25 11:31:00+09:00,10650.0,10660.0,10650.0,10660.0,181,0.0,0.0
2024-06-25 11:32:00+09:00,10660.0,10660.0,10610.0,10610.0,1519,0.0,0.0
2024-06-25 11:33:00+09:00,10650.0,10650.0,10600.0,10600.0,806,0.0,0.0
2024-06-25 11:34:00+09:00,10600.0,10600.0,10600.0,10600.0,195,0.0,0.0
2024-06-25 11:35:00+09:00,10600.0,10600.0,10590.0,10590.0,549,0.0,0.0
2024-06-25 11:36:00+09:00,10580.0,10580.0,10550.0,10550.0,1827,0.0,0.0
2024-06-25 11:37:00+09:00,10560.0,10590.0,10550.0,10590.0,199,0.0,0.0
2024-06-25 11:38:00+09:00,10600.0,10610.0,10600.0,10610.0,924,0.0,0.0
2024-06-25 11:39:00+09:00,10640.0,10640.0,10640.0,10640.0,0,0.0,0.0
2024-06-25 11:40:00+09:00,10640.0,10640.0,10640.0,10640.0,54,0.0,0.0
2024-06-25 11:41:00+09:00,10640.0,10640.0,10640.0,10640.0,578,0.0,0.0
2024-06-25 11:42:00+09:00,10650.0,10660.0,10650.0,10650.0,0,0.0,0.0
2024-06-25 11:43:00+09:00,10630.0,10630.0,10620.0,10620.0,25,0.0,0.0
2024-06-25 11:45:00+09:00,10640.0,10640.0,10640.0,10640.0,0,0.0,0.0
2024-06-25 11:47:00+09:00,10640.0,10650.0,10640.0,10650.0,766,0.0,0.0
2024-06-25 11:48:00+09:00,10650.0,10650.0,10650.0,10650.0,2,0.0,0.0
2024-06-25 11:49:00+09:00,10660.0,10660.0,10650.0,10650.0,20,0.0,0.0
2024-06-25 11:50:00+09:00,10650.0,10700.0,10570.0,10570.0,3924,0.0,0.0
2024-06-25 11:51:00+09:00,10630.0,10630.0,10620.0,10620.0,174,0.0,0.0
2024-06-25 11:52:00+09:00,10620.0,10700.0,10620.0,10700.0,829,0.0,0.0
2024-06-25 11:54:00+09:00,10680.0,10680.0,10680.0,10680.0,0,0.0,0.0
2024-06-25 11:57:00+09:00,10680.0,10680.0,10680.0,10680.0,1,0.0,0.0
2024-06-25 11:58:00+09:00,10680.0,10680.0,10640.0,10640.0,118,0.0,0.0
2024-06-25 12:00:00+09:00,10680.0,10680.0,10680.0,10680.0,2,0.0,0.0
2024-06-25 12:01:00+09:00,10650.0,10650.0,10630.0,10630.0,1087,0.0,0.0
2024-06-25 12:03:00+09:00,10630.0,10630.0,10610.0,10610.0,0,0.0,0.0
2024-06-25 12:05:00+09:00,10620.0,10620.0,10620.0,10620.0,790,0.0,0.0
2024-06-25 12:08:00+09:00,10630.0,10630.0,10630.0,10630.0,0,0.0,0.0
2024-06-25 12:09:00+09:00,10630.0,10630.0,10620.0,10620.0,0,0.0,0.0
2024-06-25 12:12:00+09:00,10620.0,10620.0,10620.0,10620.0,99,0.0,0.0
2024-06-25 12:13:00+09:00,10620.0,10620.0,10620.0,10620.0,150,0.0,0.0
2024-06-25 12:14:00+09:00,10610.0,10620.0,10610.0,10620.0,1024,0.0,0.0
2024-06-25 12:15:00+09:00,10620.0,10620.0,10620.0,10620.0,0,0.0,0.0
2024-06-25 12:16:00+09:00,10620.0,10620.0,10620.0,10620.0,797,0.0,0.0
2024-06-25 12:18:00+09:00,10610.0,10610.0,10570.0,10570.0,669,0.0,0.0
2024-06-25 12:19:00+09:00,10580.0,10580.0,10580.0,10580.0,239,0.0,0.0
2024-06-25 12:20:00+09:00,10590.0,10630.0,10580.0,10630.0,851,0.0,0.0
2024-06-25 12:21:00+09:00,10630.0,10630.0,10630.0,10630.0,317,0.0,0.0
2024-06-25 12:23:00+09:00,10650.0,10650.0,10650.0,10650.0,0,0.0,0.0
2024-06-25 12:24:00+09:00,10650.0,10650.0,10650.0,10650.0,26,0.0,0.0
2024-06-25 12:25:00+09:00,10650.0,10650.0,10650.0,10650.0,5,0.0,0.0
2024-06-25 12:26:00+09:00,10660.0,10660.0,10660.0,10660.0,3,0.0,0.0
2024-06-25 12:27:00+09:00,10660.0,10720.0,10660.0,10710.0,524,0.0,0.0
2024-06-25 12:28:00+09:00,10710.0,10710.0,10710.0,10710.0,424,0.0,0.0
2024-06-25 12:29:00+09:00,10710.0,10710.0,10710.0,10710.0,836,0.0,0.0
2024-06-25 12:30:00+09:00,10710.0,10720.0,10710.0,10720.0,1481,0.0,0.0
2024-06-25 12:31:00+09:00,10720.0,10750.0,10720.0,10730.0,0,0.0,0.0
2024-06-25 12:32:00+09:00,10750.0,10800.0,10750.0,10750.0,303,0.0,0.0
2024-06-25 12:33:00+09:00,10750.0,10800.0,10750.0,10750.0,137,0.0,0.0
2024-06-25 12:35:00+09:00,10750.0,10750.0,10720.0,10750.0,524,0.0,0.0
2024-06-25 12:36:00+09:00,10750.0,10750.0,10710.0,10710.0,0,0.0,0.0
2024-06-25 12:37:00+09:00,10710.0,10710.0,10710.0,10710.0,48,0.0,0.0
2024-06-25 12:39:00+09:00,10710.0,10780.0,10710.0,10780.0,184,0.0,0.0
2024-06-25 12:44:00+09:00,10770.0,10800.0,10770.0,10800.0,97,0.0,0.0
2024-06-25 12:45:00+09:00,10720.0,10720.0,10710.0,10720.0,444,0.0,0.0
2024-06-25 12:46:00+09:00,10780.0,10780.0,10780.0,10780.0,0,0.0,0.0
2024-06-25 12:47:00+09:00,10780.0,10800.0,10780.0,10800.0,91,0.0,0.0
2024-06-25 12:48:00+09:00,10780.0,10780.0,10780.0,10780.0,53,0.0,0.0
2024-06-25 12:49:00+09:00,10790.0,10800.0,10790.0,10800.0,670,0.0,0.0
2024-06-25 12:50:00+09:00,10800.0,10800.0,10800.0,10800.0,299,0.0,0.0
2024-06-25 12:51:00+09:00,10800.0,10800.0,10800.0,10800.0,93,0.0,0.0
2024-06-25 12:53:00+09:00,10780.0,10780.0,10780.0,10780.0,0,0.0,0.0
2024-06-25 12:54:00+09:00,10780.0,10800.0,10780.0,10800.0,267,0.0,0.0
2024-06-25 12:55:00+09:00,10810.0,10810.0,10810.0,10810.0,19,0.0,0.0
2024-06-25 12:56:00+09:00,10820.0,10820.0,10810.0,10810.0,0,0.0,0.0
2024-06-25 12:57:00+09:00,10810.0,10820.0,10810.0,10820.0,465,0.0,0.0
2024-06-25 12:58:00+09:00,10830.0,10830.0,10830.0,10830.0,0,0.0,0.0
2024-06-25 12:59:00+09:00,10830.0,10830.0,10770.0,10770.0,290,0.0,0.0
2024-06-25 13:00:00+09:00,10770.0,10770.0,10760.0,10760.0,394,0.0,0.0
2024-06-25 13:01:00+09:00,10800.0,10800.0,10760.0,10800.0,0,0.0,0.0
2024-06-25 13:03:00+09:00,10810.0,10840.0,10810.0,10840.0,297,0.0,0.0
2024-06-25 13:04:00+09:00,10840.0,10840.0,10840.0,10840.0,232,0.0,0.0
2024-06-25 13:05:00+09:00,10840.0,10840.0,10840.0,10840.0,182,0.0,0.0
2024-06-25 13:06:00+09:00,10850.0,10870.0,10850.0,10870.0,1449,0.0,0.0
2024-06-25 13:07:00+09:00,10870.0,10880.0,10870.0,10880.0,213,0.0,0.0
2024-06-25 13:08:00+09:00,10860.0,10900.0,10860.0,10890.0,68,0.0,0.0
2024-06-25 13:10:00+09:00,10880.0,10880.0,10850.0,10850.0,30,0.0,0.0
2024-06-25 13:11:00+09:00,10840.0,10840.0,10820.0,10820.0,311,0.0,0.0
2024-06-25 13:12:00+09:00,10820.0,10850.0,10810.0,10810.0,0,0.0,0.0
2024-06-25 13:13:00+09:00,10810.0,10810.0,10810.0,10810.0,10,0.0,0.0
2024-06-25 13:14:00+09:00,10810.0,10810.0,10810.0,10810.0,126,0.0,0.0
2024-06-25 13:15:00+09:00,10810.0,10810.0,10810.0,10810.0,0,0.0,0.0
2024-06-25 13:17:00+09:00,10870.0,10870.0,10780.0,10780.0,46,0.0,0.0
2024-06-25 13:18:00+09:00,10780.0,10780.0,10780.0,10780.0,0,0.0,0.0
2024-06-25 13:21:00+09:00,10800.0,10800.0,10800.0,10800.0,1311,0.0,0.0
2024-06-25 13:22:00+09:00,10800.0,10800.0,10800.0,10800.0,0,0.0,0.0
2024-06-25 13:23:00+09:00,10800.0,10800.0,10800.0,10800.0,1,0.0,0.0
2024-06-25 13:24:00+09:00,10800.0,10800.0,10780.0,10800.0,66,0.0,0.0
2024-06-25 13:25:00+09:00,10830.0,10860.0,10830.0,10860.0,32,0.0,0.0
2024-06-25 13:26:00+09:00,10870.0,10870.0,10870.0,10870.0,31,0.0,0.0
2024-06-25 13:27:00+09:00,10840.0,10840.0,10840.0,10840.0,10,0.0,0.0
2024-06-25 13:28:00+09:00,10830.0,10830.0,10800.0,10800.0,131,0.0,0.0
2024-06-25 13:31:00+09:00,10800.0,10800.0,10800.0,10800.0,0,0.0,0.0
2024-06-25 13:33:00+09:00,10810.0,10810.0,10810.0,10810.0,1,0.0,0.0
2024-06-25 13:34:00+09:00,10830.0,10860.0,10830.0,10830.0,89,0.0,0.0
2024-06-25 13:36:00+09:00,10820.0,10820.0,10780.0,10780.0,283,0.0,0.0
2024-06-25 13:37:00+09:00,10770.0,10770.0,10770.0,10770.0,44,0.0,0.0
2024-06-25 13:38:00+09:00,10760.0,10760.0,10750.0,10750.0,35,0.0,0.0
2024-06-25 13:39:00+09:00,10740.0,10740.0,10740.0,10740.0,23,0.0,0.0
2024-06-25 13:42:00+09:00,10730.0,10730.0,10730.0,10730.0,168,0.0,0.0
2024-06-25 13:43:00+09:00,10720.0,10720.0,10720.0,10720.0,0,0.0,0.0
2024-06-25 13:44:00+09:00,10720.0,10720.0,10710.0,10720.0,18,0.0,0.0
2024-06-25 13:45:00+09:00,10720.0,10720.0,10720.0,10720.0,3,0.0,0.0
2024-06-25 13:46:00+09:00,10700.0,10700.0,10700.0,10700.0,55,0.0,0.0
2024-06-25 13:47:00+09:00,10700.0,10700.0,10700.0,10700.0,938,0.0,0.0
2024-06-25 13:48:00+09:00,10690.0,10690.0,10690.0,10690.0,0,0.0,0.0
2024-06-25 13:50:00+09:00,10690.0,10690.0,10690.0,10690.0,0,0.0,0.0
2024-06-25 13:51:00+09:00,10700.0,10740.0,10700.0,10740.0,289,0.0,0.0
2024-06-25 13:52:00+09:00,10750.0,10800.0,10750.0,10800.0,82,0.0,0.0
2024-06-25 14:00:00+09:00,10780.0,10780.0,10780.0,10780.0,125,0.0,0.0
2024-06-25 14:03:00+09:00,10720.0,10720.0,10720.0,10720.0,0,0.0,0.0
2024-06-25 14:05:00+09:00,10770.0,10770.0,10770.0,10770.0,366,0.0,0.0
2024-06-25 14:06:00+09:00,10780.0,10780.0,10780.0,10780.0,5,0.0,0.0
2024-06-25 14:09:00+09:00,10750.0,10750.0,10750.0,10750.0,4,0.0,0.0
2024-06-25 14:12:00+09:00,10750.0,10750.0,10730.0,10730.0,161,0.0,0.0
2024-06-25 14:14:00+09:00,10730.0,10730.0,10730.0,10730.0,109,0.0,0.0
2024-06-25 14:15:00+09:00,10730.0,10730.0,10730.0,10730.0,0,0.0,0.0
2024-06-25 14:16:00+09:00,10730.0,10730.0,10730.0,10730.0,183,0.0,0.0
2024-06-25 14:17:00+09:00,10730.0,10730.0,10730.0,10730.0,6,0.0,0.0
2024-06-25 14:18:00+09:00,10730.0,10730.0,10730.0,10730.0,173,0.0,0.0
2024-06-25 14:19:00+09:00,10730.0,10730.0,10720.0,10720.0,551,0.0,0.0
2024-06-25 14:20:00+09:00,10730.0,10730.0,10730.0,10730.0,0,0.0,0.0
2024-06-25 14:21:00+09:00,10730.0,10730.0,10730.0,10730.0,25,0.0,0.0
2024-06-25 14:22:00+09:00,10730.0,10730.0,10730.0,10730.0,329,0.0,0.0
2024-06-25 14:23:00+09:00,10720.0,10720.0,10720.0,10720.0,173,0.0,0.0
2024-06-25 14:24:00+09:00,10720.0,10720.0,10690.0,10690.0,230,0.0,0.0
2024-06-25 14:25:00+09:00,10690.0,10690.0,10680.0,10680.0,160,0.0,0.0
2024-06-25 14:26:00+09:00,10680.0,10720.0,10680.0,10720.0,551,0.0,0.0
2024-06-25 14:28:00+09:00,10720.0,10720.0,10680.0,10680.0,863,0.0,0.0
2024-06-25 14:29:00+09:00,10670.0,10670.0,10670.0,10670.0,0,0.0,0.0
2024-06-25 14:30:00+09:00,10680.0,10680.0,10660.0,10660.0,985,0.0,0.0
2024-06-25 14:32:00+09:00,10680.0,10720.0,10670.0,10720.0,144,0.0,0.0
2024-06-25 14:34:00+09:00,10670.0,10670.0,10670.0,10670.0,3,0.0,0.0
2024-06-25 14:35:00+09:00,10680.0,10680.0,10630.0,10630.0,2485,0.0,0.0
2024-06-25 14:36:00+09:00,10650.0,10700.0,10650.0,10670.0,0,0.0,0.0
2024-06-25 14:37:00+09:00,10710.0,10710.0,10660.0,10660.0,13,0.0,0.0
2024-06-25 14:39:00+09:00,10670.0,10670.0,10660.0,10660.0,36,0.0,0.0
2024-06-25 14:40:00+09:00,10660.0,10720.0,10660.0,10720.0,140,0.0,0.0
2024-06-25 14:42:00+09:00,10710.0,10720.0,10710.0,10720.0,200,0.0,0.0
2024-06-25 14:43:00+09:00,10720.0,10720.0,10720.0,10720.0,659,0.0,0.0
2024-06-25 14:44:00+09:00,10720.0,10720.0,10720.0,10720.0,182,0.0,0.0
2024-06-25 14:45:00+09:00,10720.0,10730.0,10720.0,10730.0,4,0.0,0.0
2024-06-25 14:46:00+09:00,10730.0,10730.0,10720.0,10720.0,148,0.0,0.0
2024-06-25 14:47:00+09:00,10720.0,10740.0,10720.0,10740.0,105,0.0,0.0
2024-06-25 14:48:00+09:00,10760.0,10820.0,10760.0,10820.0,660,0.0,0.0
2024-06-25 14:49:00+09:00,10820.0,10820.0,10810.0,10810.0,122,0.0,0.0
2024-06-25 14:51:00+09:00,10790.0,10790.0,10790.0,10790.0,0,0.0,0.0
2024-06-25 14:52:00+09:00,10800.0,10800.0,10750.0,10750.0,600,0.0,0.0
2024-06-25 14:53:00+09:00,10800.0,10800.0,10790.0,10790.0,0,0.0,0.0
2024-06-25 14:55:00+09:00,10790.0,10790.0,10790.0,10790.0,79,0.0,0.0
2024-06-25 14:56:00+09:00,10760.0,10800.0,10760.0,10800.0,856,0.0,0.0
2024-06-25 14:57:00+09:00,10800.0,10800.0,10800.0,10800.0,0,0.0,0.0
2024-06-25 14:58:00+09:00,10800.0,10800.0,10790.0,10790.0,6,0.0,0.0
2024-06-25 14:59:00+09:00,10760.0,10760.0,10760.0,10760.0,79,0.0,0.0
2024-06-26 09:00:00+09:00,10930.0,10930.0,10800.0,10800.0,622,0.0,0.0
2024-06-26 09:01:00+09:00,10750.0,10810.0,10750.0,10810.0,124,0.0,0.0
2024-06-26 09:02:00+09:00,10850.0,10890.0,10850.0,10890.0,815,0.0,0.0
2024-06-26 09:03:00+09:00,10740.0,10740.0,10740.0,10740.0,0,0.0,0.0
2024-06-26 09:04:00+09:00,10760.0,10760.0,10730.0,10730.0,899,0.0,0.0
2024-06-26 09:05:00+09:00,10730.0,10730.0,10730.0,10730.0,112,0.0,0.0
2024-06-26 09:06:00+09:00,10730.0,10730.0,10720.0,10730.0,1340,0.0,0.0
2024-06-26 09:07:00+09:00,10710.0,10710.0,10710.0,10710.0,434,0.0,0.0
2024-06-26 09:08:00+09:00,10750.0,10790.0,10750.0,10750.0,45,0.0,0.0
2024-06-26 09:09:00+09:00,10740.0,10750.0,10730.0,10730.0,627,0.0,0.0
2024-06-26 09:10:00+09:00,10750.0,10750.0,10710.0,10710.0,2348,0.0,0.0
2024-06-26 09:11:00+09:00,10710.0,10770.0,10690.0,10770.0,0,0.0,0.0
2024-06-26 09:12:00+09:00,10750.0,10790.0,10750.0,10790.0,290,0.0,0.0
2024-06-26 09:14:00+09:00,10760.0,10760.0,10730.0,10730.0,0,0.0,0.0
2024-06-26 09:16:00+09:00,10730.0,10730.0,10710.0,10710.0,1005,0.0,0.0
2024-06-26 09:17:00+09:00,10710.0,10710.0,10710.0,10710.0,0,0.0,0.0
2024-06-26 09:18:00+09:00,10710.0,10710.0,10700.0,10710.0,944,0.0,0.0
2024-06-26 09:19:00+09:00,10710.0,10710.0,10710.0,10710.0,0,0.0,0.0
2024-06-26 09:20:00+09:00,10710.0,10710.0,10710.0,10710.0,161,0.0,0.0
2024-06-26 09:21:00+09:00,10710.0,10710.0,10710.0,10710.0,104,0.0,0.0
2024-06-26 09:22:00+09:00,10720.0,10720.0,10710.0,10710.0,34,0.0,0.0
2024-06-26 09:23:00+09:00,10720.0,10720.0,10720.0,10720.0,0,0.0,0.0
2024-06-26 09:24:00+09:00,10710.0,10710.0,10670.0,10680.0,2341,0.0,0.0
2024-06-26 09:25:00+09:00,10680.0,10680.0,10680.0,10680.0,0,0.0,0.0
2024-06-26 09:26:00+09:00,10680.0,10680.0,10670.0,10680.0,730,0.0,0.0
2024-06-26 09:27:00+09:00,10680.0,10700.0,10680.0,10680.0,144,0.0,0.0
2024-06-26 09:28:00+09:00,10680.0,10680.0,10680.0,10680.0,25,0.0,0.0
2024-06-26 09:29:00+09:00,10680.0,10680.0,10680.0,10680.0,52,0.0,0.0
2024-06-26 09:30:00+09:00,10680.0,10680.0,10680.0,10680.0,0,0.0,0.0
2024-06-26 09:32:00+09:00,10680.0,10680.0,10680.0,10680.0,99,0.0,0.0
2024-06-26 09:33:00+09:00,10680.0,10680.0,10680.0,10680.0,10,0.0,0.0
2024-06-26 09:35:00+09:00,10680.0,10680.0,10680.0,10680.0,206,0.0,0.0
2024-06-26 09:38:00+09:00,10680.0,10690.0,10670.0,10680.0,0,0.0,0.0
2024-06-26 09:39:00+09:00,10670.0,10680.0,10670.0,10680.0,43,0.0,0.0
2024-06-26 09:40:00+09:00,10670.0,10670.0,10670.0,10670.0,122,0.0,0.0
2024-06-26 09:41:00+09:00,10670.0,10680.0,10670.0,10680.0,11,0.0,0.0
2024-06-26 09:42:00+09:00,10670.0,10670.0,10670.0,10670.0,20,0.0,0.0
2024-06-26 09:43:00+09:00,10680.0,10700.0,10680.0,10700.0,8,0.0,0.0
2024-06-26 09:44:00+09:00,10700.0,10700.0,10700.0,10700.0,23,0.0,0.0
2024-06-26 09:45:00+09:00,10680.0,10690.0,10680.0,10690.0,18,0.0,0.0
2024-06-26 09:46:00+09:00,10690.0,10690.0,10690.0,10690.0,18,0.0,0.0
2024-06-26 09:47:00+09:00,10680.0,10680.0,10670.0,10670.0,264,0.0,0.0
2024-06-26 09:48:00+09:00,10670.0,10670.0,10640.0,10640.0,2048,0.0,0.0
2024-06-26 09:49:00+09:00,10640.0,10640.0,10610.0,10610.0,607,0.0,0.0
2024-06-26 09:50:00+09:00,10620.0,10620.0,10610.0,10610.0,238,0.0,0.0
2024-06-26 09:51:00+09:00,10610.0,10610.0,10610.0,10610.0,0,0.0,0.0
2024-06-26 09:52:00+09:00,10610.0,10620.0,10600.0,10610.0,494,0.0,0.0
2024-06-26 09:53:00+09:00,10610.0,10610.0,10610.0,10610.0,0,0.0,0.0
2024-06-26 09:54:00+09:00,10650.0,10650.0,10650.0,10650.0,0,0.0,0.0
2024-06-26 09:56:00+09:00,10650.0,10650.0,10650.0,10650.0,16791,0.0,0.0
2024-06-26 09:58:00+09:00,10650.0,10650.0,10650.0,10650.0,37,0.0,0.0
2024-06-26 09:59:00+09:00,10640.0,10640.0,10620.0,10620.0,698,0.0,0.0
2024-06-26 10:00:00+09:00,10650.0,10650.0,10650.0,10650.0,0,0.0,0.0
2024-06-26 10:01:00+09:00,10640.0,10640.0,10640.0,10640.0,6,0.0,0.0
2024-06-26 10:02:00+09:00,10630.0,10640.0,10610.0,10630.0,34,0.0,0.0
2024-06-26 10:03:00+09:00,10630.0,10640.0,10600.0,10640.0,1702,0.0,0.0
2024-06-26 10:04:00+09:00,10640.0,10640.0,10600.0,10640.0,38,0.0,0.0
2024-06-26 10:05:00+09:00,10640.0,10640.0,10600.0,10600.0,892,0.0,0.0
2024-06-26 10:06:00+09:00,10600.0,10600.0,10600.0,10600.0,0,0.0,0.0
2024-06-26 10:07:00+09:00,10600.0,10600.0,10600.0,10600.0,531,0.0,0.0
2024-06-26 10:08:00+09:00,10640.0,10640.0,10640.0,10640.0,0,0.0,0.0
2024-06-26 10:10:00+09:00,10610.0,10610.0,10600.0,10600.0,446,0.0,0.0
2024-06-26 10:11:00+09:00,10610.0,10610.0,10500.0,10610.0,2889,0.0,0.0
2024-06-26 10:12:00+09:00,10590.0,10610.0,10590.0,10610.0,3,0.0,0.0
2024-06-26 10:14:00+09:00,10550.0,10550.0,10520.0,10520.0,170,0.0,0.0
2024-06-26 10:15:00+09:00,10530.0,10530.0,10530.0,10530.0,871,0.0,0.0
2024-06-26 10:16:00+09:00,10530.0,10530.0,10520.0,10530.0,951,0.0,0.0
2024-06-26 10:17:00+09:00,10530.0,10530.0,10530.0,10530.0,0,0.0,0.0
2024-06-26 10:18:00+09:00,10560.0,10560.0,10530.0,10530.0,127,0.0,0.0
2024-06-26 10:19:00+09:00,10550.0,10550.0,10530.0,10530.0,58,0.0,0.0
2024-06-26 10:20:00+09:00,10540.0,10570.0,10540.0,10570.0,12,0.0,0.0
2024-06-26 10:21:00+09:00,10570.0,10570.0,10570.0,10570.0,980,0.0,0.0
2024-06-26 10:22:00+09:00,10550.0,10560.0,10500.0,10550.0,4327,0.0,0.0
2024-06-26 10:23:00+09:00,10530.0,10550.0,10530.0,10550.0,223,0.0,0.0
2024-06-26 10:24:00+09:00,10550.0,10550.0,10550.0,10550.0,11,0.0,0.0
2024-06-26 10:27:00+09:00,10550.0,10550.0,10520.0,10520.0,777,0.0,0.0
2024-06-26 10:28:00+09:00,10530.0,10530.0,10520.0,10520.0,548,0.0,0.0
2024-06-26 10:29:00+09:00,10520.0,10520.0,10510.0,10520.0,2210,0.0,0.0
2024-06-26 10:30:00+09:00,10520.0,10520.0,10520.0,10520.0,525,0.0,0.0
2024-06-26 10:31:00+09:00,10520.0,10530.0,10510.0,10530.0,588,0.0,0.0
2024-06-26 10:32:00+09:00,10510.0,10510.0,10510.0,10510.0,20,0.0,0.0
2024-06-26 10:33:00+09:00,10530.0,10530.0,10530.0,10530.0,3,0.0,0.0
2024-06-26 10:34:00+09:00,10530.0,10530.0,10530.0,10530.0,82,0.0,0.0
2024-06-26 10:36:00+09:00,10530.0,10530.0,10530.0,10530.0,658,0.0,0.0
2024-06-26 10:37:00+09:00,10530.0,10530.0,10530.0,10530.0,0,0.0,0.0
2024-06-26 10:38:00+09:00,10530.0,10530.0,10530.0,10530.0,0,0.0,0.0
2024-06-26 10:40:00+09:00,10530.0,10530.0,10530.0,10530.0,56,0.0,0.0
2024-06-26 10:41:00+09:00,10540.0,10540.0,10540.0,10540.0,0,0.0,0.0
2024-06-26 10:42:00+09:00,10540.0,10540.0,10540.0,10540.0,39,0.0,0.0
2024-06-26 10:43:00+09:00,10530.0,10530.0,10530.0,10530.0,122,0.0,0.0
2024-06-26 10:44:00+09:00,10540.0,10540.0,10540.0,10540.0,0,0.0,0.0
2024-06-26 10:45:00+09:00,10540.0,10540.0,10540.0,10540.0,200,0.0,0.0
2024-06-26 10:46:00+09:00,10540.0,10540.0,10540.0,10540.0,10,0.0,0.0
2024-06-26 10:47:00+09:00,10540.0,10550.0,10540.0,10550.0,719,0.0,0.0
2024-06-26 10:48:00+09:00,10600.0,10600.0,10600.0,10600.0,0,0.0,0.0
2024-06-26 10:51:00+09:00,10600.0,10600.0,10600.0,10600.0,10,0.0,0.0
2024-06-26 10:52:00+09:00,10600.0,10600.0,10600.0,10600.0,2,0.0,0.0
2024-06-26 10:53:00+09:00,10590.0,10590.0,10590.0,10590.0,106,0.0,0.0
2024-06-26 10:54:00+09:00,10600.0,10610.0,10600.0,10610.0,286,0.0,0.0
2024-06-26 10:56:00+09:00,10600.0,10600.0,10600.0,10600.0,0,0.0,0.0
2024-06-26 10:57:00+09:00,10600.0,10610.0,10600.0,10610.0,355,0.0,0.0
2024-06-26 10:58:00+09:00,10610.0,10610.0,10610.0,10610.0,0,0.0,0.0
2024-06-26 10:59:00+09:00,10610.0,10610.0,10610.0,10610.0,2,0.0,0.0
2024-06-26 11:01:00+09:00,10600.0,10600.0,10600.0,10600.0,25,0.0,0.0
2024-06-26 11:02:00+09:00,10600.0,10600.0,10600.0,10600.0,7,0.0,0.0
2024-06-26 11:03:00+09:00,10600.0,10600.0,10600.0,10600.0,0,0.0,0.0
2024-06-26 11:04:00+09:00,10600.0,10600.0,10600.0,10600.0,3,0.0,0.0
2024-06-26 11:06:00+09:00,10600.0,10600.0,10600.0,10600.0,10,0.0,0.0
2024-06-26 11:07:00+09:00,10600.0,10600.0,10570.0,10570.0,30,0.0,0.0
2024-06-26 11:08:00+09:00,10590.0,10590.0,10590.0,10590.0,0,0.0,0.0
2024-06-26 11:09:00+09:00,10590.0,10590.0,10590.0,10590.0,19,0.0,0.0
2024-06-26 11:10:00+09:00,10570.0,10570.0,10570.0,10570.0,56,0.0,0.0
2024-06-26 11:11:00+09:00,10570.0,10570.0,10570.0,10570.0,0,0.0,0.0
2024-06-26 11:12:00+09:00,10570.0,10570.0,10550.0,10550.0,704,0.0,0.0
2024-06-26 11:13:00+09:00,10540.0,10540.0,10530.0,10530.0,945,0.0,0.0
2024-06-26 11:14:00+09:00,10540.0,10540.0,10540.0,10540.0,0,0.0,0.0
2024-06-26 11:15:00+09:00,10540.0,10540.0,10530.0,10530.0,780,0.0,0.0
2024-06-26 11:16:00+09:00,10530.0,10530.0,10530.0,10530.0,24,0.0,0.0
2024-06-26 11:17:00+09:00,10530.0,10530.0,10520.0,10520.0,755,0.0,0.0
2024-06-26 11:18:00+09:00,10520.0,10520.0,10520.0,10520.0,438,0.0,0.0
2024-06-26 11:19:00+09:00,10510.0,10510.0,10510.0,10510.0,59,0.0,0.0
2024-06-26 11:20:00+09:00,10510.0,10510.0,10510.0,10510.0,0,0.0,0.0
2024-06-26 11:21:00+09:00,10510.0,10520.0,10510.0,10520.0,50,0.0,0.0
2024-06-26 11:22:00+09:00,10520.0,10520.0,10520.0,10520.0,77,0.0,0.0
2024-06-26 11:23:00+09:00,10540.0,10540.0,10540.0,10540.0,0,0.0,0.0
2024-06-26 11:24:00+09:00,10530.0,10540.0,10530.0,10540.0,8,0.0,0.0
2024-06-26 11:26:00+09:00,10530.0,10540.0,10530.0,10540.0,336,0.0,0.0
2024-06-26 11:28:00+09:00,10520.0,10520.0,10520.0,10520.0,0,0.0,0.0
2024-06-26 11:29:00+09:00,10510.0,10510.0,10510.0,10510.0,1399,0.0,0.0
2024-06-26 11:31:00+09:00,10510.0,10540.0,10500.0,10540.0,834,0.0,0.0
2024-06-26 11:33:00+09:00,10530.0,10530.0,10530.0,10530.0,5,0.0,0.0
2024-06-26 11:34:00+09:00,10520.0,10520.0,10520.0,10520.0,9,0.0,0.0
2024-06-26 11:35:00+09:00,10530.0,10530.0,10530.0,10530.0,16,0.0,0.0
2024-06-26 11:36:00+09:00,10530.0,10530.0,10530.0,10530.0,5,0.0,0.0
2024-06-26 11:37:00+09:00,10530.0,10530.0,10530.0,10530.0,1,0.0,0.0
2024-06-26 11:38:00+09:00,10520.0,10520.0,10500.0,10500.0,926,0.0,0.0
2024-06-26 11:39:00+09:00,10500.0,10510.0,10500.0,10510.0,0,0.0,0.0
2024-06-26 11:41:00+09:00,10520.0,10520.0,10500.0,10500.0,453,0.0,0.0
2024-06-26 11:42:00+09:00,10500.0,10500.0,10500.0,10500.0,496,0.0,0.0
2024-06-26 11:44:00+09:00,10500.0,11400.0,10500.0,11290.0,37030,0.0,0.0
2024-06-26 11:45:00+09:00,11290.0,11390.0,10850.0,10950.0,16217,0.0,0.0
2024-06-26 11:46:00+09:00,10870.0,10910.0,10670.0,10690.0,12122,0.0,0.0
2024-06-26 11:47:00+09:00,10680.0,10880.0,10640.0,10780.0,7027,0.0,0.0
2024-06-26 11:48:00+09:00,10780.0,10780.0,10680.0,10680.0,2079,0.0,0.0
2024-06-26 11:49:00+09:00,10680.0,10680.0,10660.0,10660.0,1088,0.0,0.0
2024-06-26 11:50:00+09:00,10660.0,10700.0,10660.0,10670.0,405,0.0,0.0
2024-06-26 11:51:00+09:00,10670.0,10700.0,10600.0,10610.0,4617,0.0,0.0
2024-06-26 11:52:00+09:00,10620.0,10680.0,10610.0,10680.0,319,0.0,0.0
2024-06-26 11:53:00+09:00,10650.0,10680.0,10610.0,10610.0,902,0.0,0.0
2024-06-26 11:54:00+09:00,10610.0,10610.0,10600.0,10610.0,1001,0.0,0.0
2024-06-26 11:55:00+09:00,10620.0,10750.0,10620.0,10740.0,1052,0.0,0.0
2024-06-26 11:56:00+09:00,10650.0,10700.0,10650.0,10700.0,780,0.0,0.0
2024-06-26 11:57:00+09:00,10720.0,10740.0,10660.0,10740.0,651,0.0,0.0
2024-06-26 11:58:00+09:00,10680.0,10690.0,10680.0,10680.0,2270,0.0,0.0
2024-06-26 11:59:00+09:00,10680.0,10680.0,10680.0,10680.0,0,0.0,0.0
2024-06-26 12:00:00+09:00,10690.0,10700.0,10680.0,10700.0,470,0.0,0.0
2024-06-26 12:01:00+09:00,10700.0,10700.0,10700.0,10700.0,1138,0.0,0.0
2024-06-26 12:02:00+09:00,10700.0,10700.0,10700.0,10700.0,181,0.0,0.0
2024-06-26 12:03:00+09:00,10730.0,10730.0,10730.0,10730.0,221,0.0,0.0
2024-06-26 12:04:00+09:00,10730.0,10730.0,10680.0,10730.0,927,0.0,0.0
2024-06-26 12:05:00+09:00,10720.0,10740.0,10720.0,10740.0,161,0.0,0.0
2024-06-26 12:06:00+09:00,10740.0,10740.0,10680.0,10720.0,113,0.0,0.0
2024-06-26 12:07:00+09:00,10720.0,10720.0,10720.0,10720.0,35,0.0,0.0
2024-06-26 12:08:00+09:00,10730.0,10730.0,10720.0,10720.0,46,0.0,0.0
2024-06-26 12:09:00+09:00,10710.0,10710.0,10690.0,10690.0,206,0.0,0.0
2024-06-26 12:10:00+09:00,10690.0,10690.0,10670.0,10670.0,1601,0.0,0.0
2024-06-26 12:11:00+09:00,10670.0,10670.0,10670.0,10670.0,0,0.0,0.0
2024-06-26 12:12:00+09:00,10690.0,10690.0,10670.0,10670.0,317,0.0,0.0
2024-06-26 12:13:00+09:00,10700.0,10700.0,10670.0,10670.0,184,0.0,0.0
2024-06-26 12:14:00+09:00,10680.0,10680.0,10670.0,10670.0,922,0.0,0.0
2024-06-26 12:15:00+09:00,10700.0,10720.0,10700.0,10720.0,0,0.0,0.0
2024-06-26 12:16:00+09:00,10690.0,10710.0,10660.0,10690.0,311,0.0,0.0
2024-06-26 12:17:00+09:00,10690.0,10690.0,10690.0,10690.0,320,0.0,0.0
2024-06-26 12:18:00+09:00,10670.0,10670.0,10660.0,10660.0,478,0.0,0.0
2024-06-26 12:19:00+09:00,10660.0,10670.0,10660.0,10670.0,0,0.0,0.0
2024-06-26 12:20:00+09:00,10700.0,10700.0,10660.0,10660.0,124,0.0,0.0
2024-06-26 12:21:00+09:00,10660.0,10660.0,10480.0,10550.0,14050,0.0,0.0
2024-06-26 12:22:00+09:00,10550.0,10590.0,10520.0,10590.0,1749,0.0,0.0
2024-06-26 12:23:00+09:00,10540.0,10550.0,10540.0,10540.0,0,0.0,0.0
2024-06-26 12:24:00+09:00,10540.0,10550.0,10540.0,10540.0,954,0.0,0.0
2024-06-26 12:25:00+09:00,10550.0,10550.0,10550.0,10550.0,0,0.0,0.0
2024-06-26 12:26:00+09:00,10550.0,10550.0,10550.0,10550.0,11,0.0,0.0
2024-06-26 12:27:00+09:00,10560.0,10560.0,10560.0,10560.0,6,0.0,0.0
2024-06-26 12:28:00+09:00,10560.0,10560.0,10550.0,10550.0,321,0.0,0.0
2024-06-26 12:29:00+09:00,10550.0,10550.0,10550.0,10550.0,0,0.0,0.0
2024-06-26 12:31:00+09:00,10580.0,10580.0,10570.0,10570.0,0,0.0,0.0
2024-06-26 12:32:00+09:00,10580.0,10600.0,10580.0,10600.0,508,0.0,0.0
2024-06-26 12:33:00+09:00,10580.0,10580.0,10570.0,10580.0,598,0.0,0.0
2024-06-26 12:34:00+09:00,10580.0,10580.0,10580.0,10580.0,215,0.0,0.0
2024-06-26 12:35:00+09:00,10610.0,10610.0,10580.0,10580.0,3,0.0,0.0
2024-06-26 12:36:00+09:00,10580.0,10580.0,10580.0,10580.0,48,0.0,0.0
2024-06-26 12:38:00+09:00,10570.0,10570.0,10570.0,10570.0,4,0.0,0.0
2024-06-26 12:39:00+09:00,10570.0,10570.0,10530.0,10530.0,1271,0.0,0.0
2024-06-26 12:40:00+09:00,10530.0,10530.0,10530.0,10530.0,62,0.0,0.0
2024-06-26 12:41:00+09:00,10530.0,10530.0,10530.0,10530.0,236,0.0,0.0
2024-06-26 12:45:00+09:00,10550.0,10600.0,10550.0,10600.0,0,0.0,0.0
2024-06-26 12:46:00+09:00,10600.0,10600.0,10570.0,10570.0,370,0.0,0.0
2024-06-26 12:47:00+09:00,10570.0,10570.0,10570.0,10570.0,0,0.0,0.0
2024-06-26 12:56:00+09:00,10570.0,10570.0,10570.0,10570.0,736,0.0,0.0
2024-06-26 13:09:00+09:00,10580.0,10580.0,10580.0,10580.0,647,0.0,0.0
2024-06-26 13:10:00+09:00,10580.0,10590.0,10580.0,10590.0,215,0.0,0.0
2024-06-26 13:11:00+09:00,10600.0,10640.0,10600.0,10640.0,848,0.0,0.0
2024-06-26 13:12:00+09:00,10640.0,10650.0,10640.0,10650.0,299,0.0,0.0
2024-06-26 13:13:00+09:00,10650.0,10650.0,10650.0,10650.0,267,0.0,0.0
2024-06-26 13:14:00+09:00,10640.0,10640.0,10640.0,10640.0,0,0.0,0.0
2024-06-26 13:15:00+09:00,10640.0,10640.0,10640.0,10640.0,0,0.0,0.0
2024-06-26 13:16:00+09:00,10640.0,10640.0,10640.0,10640.0,32,0.0,0.0
2024-06-26 13:17:00+09:00,10640.0,10640.0,10640.0,10640.0,33,0.0,0.0
2024-06-26 13:18:00+09:00,10640.0,10640.0,10640.0,10640.0,0,0.0,0.0
2024-06-26 13:19:00+09:00,10640.0,10640.0,10640.0,10640.0,14,0.0,0.0
2024-06-26 13:21:00+09:00,10630.0,10630.0,10630.0,10630.0,22,0.0,0.0
2024-06-26 13:24:00+09:00,10610.0,10610.0,10600.0,10600.0,87,0.0,0.0
2024-06-26 13:25:00+09:00,10600.0,10600.0,10590.0,10590.0,132,0.0,0.0
2024-06-26 13:27:00+09:00,10590.0,10620.0,10590.0,10620.0,275,0.0,0.0
2024-06-26 13:28:00+09:00,10620.0,10620.0,10620.0,10620.0,1,0.0,0.0
2024-06-26 13:29:00+09:00,10590.0,10590.0,10590.0,10590.0,3,0.0,0.0
2024-06-26 13:30:00+09:00,10590.0,10590.0,10590.0,10590.0,3,0.0,0.0
2024-06-26 13:31:00+09:00,10580.0,10590.0,10380.0,10470.0,7511,0.0,0.0
2024-06-26 13:32:00+09:00,10480.0,10490.0,10480.0,10490.0,100,0.0,0.0
2024-06-26 13:34:00+09:00,10530.0,10530.0,10490.0,10490.0,188,0.0,0.0
2024-06-26 13:36:00+09:00,10500.0,10500.0,10490.0,10490.0,119,0.0,0.0
2024-06-26 13:37:00+09:00,10500.0,10520.0,10490.0,10520.0,654,0.0,0.0
2024-06-26 13:39:00+09:00,10520.0,10520.0,10510.0,10520.0,28,0.0,0.0
2024-06-26 13:40:00+09:00,10520.0,10520.0,10520.0,10520.0,0,0.0,0.0
2024-06-26 13:41:00+09:00,10520.0,10520.0,10520.0,10520.0,11,0.0,0.0
2024-06-26 13:42:00+09:00,10590.0,10830.0,10590.0,10670.0,8049,0.0,0.0
2024-06-26 13:43:00+09:00,10630.0,10660.0,10570.0,10570.0,920,0.0,0.0
2024-06-26 13:44:00+09:00,10560.0,10580.0,10490.0,10580.0,2710,0.0,0.0
2024-06-26 13:45:00+09:00,10570.0,10570.0,10550.0,10550.0,4,0.0,0.0
2024-06-26 13:47:00+09:00,10520.0,10520.0,10520.0,10520.0,13,0.0,0.0
2024-06-26 13:48:00+09:00,10520.0,10540.0,10520.0,10540.0,189,0.0,0.0
2024-06-26 13:49:00+09:00,10540.0,10540.0,10540.0,10540.0,2,0.0,0.0
2024-06-26 13:50:00+09:00,10550.0,10550.0,10550.0,10550.0,143,0.0,0.0
2024-06-26 13:51:00+09:00,10550.0,10550.0,10550.0,10550.0,5,0.0,0.0
2024-06-26 13:52:00+09:00,10550.0,10550.0,10540.0,10540.0,1031,0.0,0.0
2024-06-26 13:53:00+09:00,10540.0,10540.0,10470.0,10470.0,832,0.0,0.0
2024-06-26 13:54:00+09:00,10470.0,10530.0,10470.0,10530.0,36,0.0,0.0
2024-06-26 13:55:00+09:00,10530.0,10530.0,10480.0,10480.0,97,0.0,0.0
2024-06-26 13:56:00+09:00,10500.0,10500.0,10500.0,10500.0,17,0.0,0.0
2024-06-26 13:57:00+09:00,10530.0,10550.0,10530.0,10550.0,182,0.0,0.0
2024-06-26 13:58:00+09:00,10540.0,10550.0,10540.0,10550.0,434,0.0,0.0
2024-06-26 13:59:00+09:00,10550.0,10560.0,10550.0,10560.0,603,0.0,0.0
2024-06-26 14:00:00+09:00,10550.0,10550.0,10550.0,10550.0,444,0.0,0.0
2024-06-26 14:03:00+09:00,10540.0,10540.0,10540.0,10540.0,90,0.0,0.0
2024-06-26 14:04:00+09:00,10540.0,10540.0,10520.0,10520.0,0,0.0,0.0
2024-06-26 14:05:00+09:00,10510.0,10510.0,10510.0,10510.0,0,0.0,0.0
2024-06-26 14:06:00+09:00,10510.0,10510.0,10500.0,10500.0,30,0.0,0.0
2024-06-26 14:07:00+09:00,10500.0,10500.0,10500.0,10500.0,9,0.0,0.0
2024-06-26 14:08:00+09:00,10500.0,10500.0,10500.0,10500.0,82,0.0,0.0
2024-06-26 14:09:00+09:00,10500.0,10500.0,10500.0,10500.0,106,0.0,0.0
2024-06-26 14:10:00+09:00,10500.0,10500.0,10500.0,10500.0,22,0.0,0.0
2024-06-26 14:11:00+09:00,10500.0,10500.0,10500.0,10500.0,0,0.0,0.0
2024-06-26 14:12:00+09:00,10490.0,10500.0,10460.0,10470.0,3777,0.0,0.0
2024-06-26 14:13:00+09:00,10470.0,10470.0,10460.0,10460.0,1231,0.0,0.0
2024-06-26 14:14:00+09:00,10460.0,10470.0,10440.0,10440.0,2487,0.0,0.0
2024-06-26 14:15:00+09:00,10450.0,10450.0,10420.0,10450.0,1441,0.0,0.0
2024-06-26 14:16:00+09:00,10450.0,10470.0,10420.0,10470.0,246,0.0,0.0
2024-06-26 14:17:00+09:00,10470.0,10470.0,10460.0,10460.0,6,0.0,0.0
2024-06-26 14:18:00+09:00,10460.0,10460.0,10460.0,10460.0,109,0.0,0.0
2024-06-26 14:21:00+09:00,10450.0,10450.0,10450.0,10450.0,13,0.0,0.0
2024-06-26 14:22:00+09:00,10450.0,10450.0,10450.0,10450.0,159,0.0,0.0
2024-06-26 14:23:00+09:00,10440.0,10470.0,10440.0,10470.0,128,0.0,0.0
2024-06-26 14:24:00+09:00,10450.0,10450.0,10450.0,10450.0,89,0.0,0.0
2024-06-26 14:27:00+09:00,10450.0,10450.0,10450.0,10450.0,6,0.0,0.0
2024-06-26 14:29:00+09:00,10450.0,10450.0,10450.0,10450.0,308,0.0,0.0
2024-06-26 14:30:00+09:00,10450.0,10450.0,10450.0,10450.0,272,0.0,0.0
2024-06-26 14:31:00+09:00,10450.0,10450.0,10450.0,10450.0,1188,0.0,0.0
2024-06-26 14:32:00+09:00,10460.0,10460.0,10460.0,10460.0,0,0.0,0.0
2024-06-26 14:33:00+09:00,10450.0,10460.0,10450.0,10450.0,288,0.0,0.0
2024-06-26 14:35:00+09:00,10460.0,10460.0,10460.0,10460.0,9,0.0,0.0
2024-06-26 14:36:00+09:00,10460.0,10460.0,10460.0,10460.0,493,0.0,0.0
2024-06-26 14:37:00+09:00,10460.0,10460.0,10460.0,10460.0,0,0.0,0.0
2024-06-26 14:38:00+09:00,10470.0,10470.0,10470.0,10470.0,927,0.0,0.0
2024-06-26 14:39:00+09:00,10520.0,10530.0,10520.0,10530.0,360,0.0,0.0
2024-06-26 14:40:00+09:00,10530.0,10530.0,10530.0,10530.0,0,0.0,0.0
2024-06-26 14:41:00+09:00,10480.0,10520.0,10480.0,10520.0,13,0.0,0.0
2024-06-26 14:42:00+09:00,10530.0,10530.0,10530.0,10530.0,0,0.0,0.0
2024-06-26 14:43:00+09:00,10520.0,10520.0,10520.0,10520.0,109,0.0,0.0
2024-06-26 14:46:00+09:00,10480.0,10480.0,10480.0,10480.0,150,0.0,0.0
2024-06-26 14:50:00+09:00,10480.0,10480.0,10450.0,10450.0,1500,0.0,0.0
2024-06-26 14:51:00+09:00,10460.0,10460.0,10450.0,10450.0,110,0.0,0.0
2024-06-26 14:52:00+09:00,10450.0,10450.0,10400.0,10400.0,3518,0.0,0.0
2024-06-26 14:53:00+09:00,10410.0,10460.0,10400.0,10400.0,453,0.0,0.0
2024-06-26 14:54:00+09:00,10440.0,10440.0,10400.0,10440.0,1059,0.0,0.0
2024-06-26 14:55:00+09:00,10440.0,10440.0,10440.0,10440.0,0,0.0,0.0
2024-06-26 14:56:00+09:00,10410.0,10410.0,10400.0,10400.0,1331,0.0,0.0
2024-06-26 14:57:00+09:00,10430.0,10430.0,10430.0,10430.0,0,0.0,0.0
2024-06-26 14:58:00+09:00,10440.0,10450.0,10440.0,10450.0,153,0.0,0.0
2024-06-26 14:59:00+09:00,10450.0,10450.0,10450.0,10450.0,10,0.0,0.0
2024-06-27 09:00:00+09:00,10570.0,10570.0,10560.0,10560.0,1274,0.0,0.0
2024-06-27 09:01:00+09:00,10540.0,10560.0,10470.0,10560.0,1452,0.0,0.0
2024-06-27 09:02:00+09:00,10500.0,10500.0,10450.0,10450.0,60,0.0,0.0
2024-06-27 09:03:00+09:00,10450.0,10450.0,10440.0,10450.0,105,0.0,0.0
2024-06-27 09:04:00+09:00,10440.0,10480.0,10440.0,10480.0,289,0.0,0.0
2024-06-27 09:05:00+09:00,10480.0,10550.0,10470.0,10470.0,1182,0.0,0.0
2024-06-27 09:06:00+09:00,10490.0,10500.0,10490.0,10500.0,81,0.0,0.0
2024-06-27 09:08:00+09:00,10550.0,10550.0,10520.0,10520.0,230,0.0,0.0
2024-06-27 09:09:00+09:00,10520.0,10520.0,10520.0,10520.0,0,0.0,0.0
2024-06-27 09:10:00+09:00,10520.0,10520.0,10520.0,10520.0,39,0.0,0.0
2024-06-27 09:11:00+09:00,10520.0,10540.0,10520.0,10530.0,46,0.0,0.0
2024-06-27 09:12:00+09:00,10520.0,10520.0,10490.0,10490.0,243,0.0,0.0
2024-06-27 09:13:00+09:00,10490.0,10490.0,10470.0,10470.0,443,0.0,0.0
2024-06-27 09:14:00+09:00,10470.0,10470.0,10470.0,10470.0,180,0.0,0.0
2024-06-27 09:15:00+09:00,10470.0,10470.0,10470.0,10470.0,0,0.0,0.0
2024-06-27 09:17:00+09:00,10520.0,10520.0,10520.0,10520.0,0,0.0,0.0
2024-06-27 09:18:00+09:00,10520.0,10520.0,10520.0,10520.0,24,0.0,0.0
2024-06-27 09:20:00+09:00,10490.0,10490.0,10480.0,10480.0,149,0.0,0.0
2024-06-27 09:22:00+09:00,10520.0,10520.0,10520.0,10520.0,0,0.0,0.0
2024-06-27 09:23:00+09:00,10480.0,10480.0,10470.0,10470.0,324,0.0,0.0
2024-06-27 09:24:00+09:00,10460.0,10510.0,10450.0,10510.0,255,0.0,0.0
2024-06-27 09:25:00+09:00,10450.0,10510.0,10430.0,10510.0,1531,0.0,0.0
2024-06-27 09:26:00+09:00,10430.0,10510.0,10420.0,10460.0,520,0.0,0.0
2024-06-27 09:27:00+09:00,10460.0,10460.0,10460.0,10460.0,70,0.0,0.0
2024-06-27 09:28:00+09:00,10430.0,10460.0,10430.0,10430.0,729,0.0,0.0
2024-06-27 09:29:00+09:00,10460.0,10460.0,10430.0,10460.0,838,0.0,0.0
2024-06-27 09:30:00+09:00,10430.0,10430.0,10430.0,10430.0,234,0.0,0.0
2024-06-27 09:31:00+09:00,10420.0,10460.0,10410.0,10410.0,1198,0.0,0.0
2024-06-27 09:32:00+09:00,10410.0,10410.0,10410.0,10410.0,223,0.0,0.0
2024-06-27 09:33:00+09:00,10410.0,10410.0,10410.0,10410.0,257,0.0,0.0
2024-06-27 09:34:00+09:00,10410.0,10410.0,10390.0,10390.0,2900,0.0,0.0
2024-06-27 09:35:00+09:00,10390.0,10390.0,10380.0,10380.0,1523,0.0,0.0
2024-06-27 09:36:00+09:00,10430.0,10430.0,10430.0,10430.0,46,0.0,0.0
2024-06-27 09:37:00+09:00,10390.0,10390.0,10380.0,10380.0,246,0.0,0.0
2024-06-27 09:38:00+09:00,10380.0,10380.0,10380.0,10380.0,9,0.0,0.0
2024-06-27 09:39:00+09:00,10420.0,10420.0,10420.0,10420.0,4,0.0,0.0
2024-06-27 09:40:00+09:00,10420.0,10420.0,10410.0,10410.0,27,0.0,0.0
2024-06-27 09:41:00+09:00,10400.0,10420.0,10400.0,10420.0,104,0.0,0.0
2024-06-27 09:42:00+09:00,10420.0,10420.0,10420.0,10420.0,17,0.0,0.0
2024-06-27 09:43:00+09:00,10420.0,10430.0,10420.0,10430.0,144,0.0,0.0
2024-06-27 09:44:00+09:00,10430.0,10430.0,10400.0,10400.0,272,0.0,0.0
2024-06-27 09:45:00+09:00,10430.0,10430.0,10420.0,10420.0,0,0.0,0.0
2024-06-27 09:46:00+09:00,10420.0,10420.0,10420.0,10420.0,227,0.0,0.0
2024-06-27 09:47:00+09:00,10420.0,10430.0,10420.0,10430.0,0,0.0,0.0
2024-06-27 09:49:00+09:00,10420.0,10430.0,10410.0,10430.0,1032,0.0,0.0
2024-06-27 09:50:00+09:00,10430.0,10430.0,10430.0,10430.0,288,0.0,0.0
2024-06-27 09:51:00+09:00,10440.0,10440.0,10400.0,10400.0,0,0.0,0.0
2024-06-27 09:52:00+09:00,10400.0,10440.0,10400.0,10400.0,332,0.0,0.0
2024-06-27 09:53:00+09:00,10400.0,10400.0,10400.0,10400.0,143,0.0,0.0
2024-06-27 09:54:00+09:00,10400.0,10400.0,10400.0,10400.0,0,0.0,0.0
2024-06-27 09:55:00+09:00,10400.0,10440.0,10400.0,10440.0,0,0.0,0.0
2024-06-27 09:56:00+09:00,10400.0,10400.0,10400.0,10400.0,35,0.0,0.0
2024-06-27 09:57:00+09:00,10410.0,10410.0,10410.0,10410.0,42,0.0,0.0
2024-06-27 09:58:00+09:00,10440.0,10440.0,10420.0,10420.0,68,0.0,0.0
2024-06-27 09:59:00+09:00,10440.0,10440.0,10420.0,10420.0,160,0.0,0.0
2024-06-27 10:00:00+09:00,10420.0,10420.0,10420.0,10420.0,0,0.0,0.0
2024-06-27 10:01:00+09:00,10420.0,10420.0,10410.0,10410.0,803,0.0,0.0
2024-06-27 10:02:00+09:00,10410.0,10410.0,10410.0,10410.0,0,0.0,0.0
2024-06-27 10:03:00+09:00,10430.0,10430.0,10430.0,10430.0,0,0.0,0.0
2024-06-27 10:04:00+09:00,10440.0,10440.0,10410.0,10410.0,21,0.0,0.0
2024-06-27 10:05:00+09:00,10410.0,10420.0,10410.0,10410.0,759,0.0,0.0
2024-06-27 10:07:00+09:00,10430.0,10430.0,10430.0,10430.0,0,0.0,0.0
2024-06-27 10:10:00+09:00,10410.0,10410.0,10410.0,10410.0,238,0.0,0.0
2024-06-27 10:11:00+09:00,10410.0,10430.0,10410.0,10420.0,72,0.0,0.0
2024-06-27 10:12:00+09:00,10410.0,10410.0,10410.0,10410.0,9,0.0,0.0
2024-06-27 10:14:00+09:00,10410.0,10410.0,10410.0,10410.0,43,0.0,0.0
2024-06-27 10:15:00+09:00,10420.0,10420.0,10410.0,10410.0,0,0.0,0.0
2024-06-27 10:16:00+09:00,10410.0,10410.0,10410.0,10410.0,1,0.0,0.0
2024-06-27 10:18:00+09:00,10420.0,10420.0,10420.0,10420.0,230,0.0,0.0
2024-06-27 10:20:00+09:00,10420.0,10420.0,10420.0,10420.0,0,0.0,0.0
2024-06-27 10:21:00+09:00,10420.0,10420.0,10420.0,10420.0,128,0.0,0.0
2024-06-27 10:22:00+09:00,10420.0,10420.0,10420.0,10420.0,12,0.0,0.0
2024-06-27 10:23:00+09:00,10410.0,10420.0,10410.0,10420.0,205,0.0,0.0
2024-06-27 10:24:00+09:00,10410.0,10420.0,10410.0,10420.0,16,0.0,0.0
2024-06-27 10:25:00+09:00,10420.0,10420.0,10420.0,10420.0,0,0.0,0.0
2024-06-27 10:26:00+09:00,10420.0,10420.0,10420.0,10420.0,792,0.0,0.0
2024-06-27 10:29:00+09:00,10430.0,10430.0,10430.0,10430.0,0,0.0,0.0
2024-06-27 10:30:00+09:00,10430.0,10430.0,10420.0,10430.0,0,0.0,0.0
2024-06-27 10:31:00+09:00,10430.0,10430.0,10420.0,10420.0,16,0.0,0.0
2024-06-27 10:32:00+09:00,10430.0,10430.0,10430.0,10430.0,99,0.0,0.0
2024-06-27 10:33:00+09:00,10430.0,10430.0,10420.0,10420.0,100,0.0,0.0
2024-06-27 10:34:00+09:00,10420.0,10420.0,10420.0,10420.0,30,0.0,0.0
2024-06-27 10:35:00+09:00,10430.0,10430.0,10420.0,10430.0,28,0.0,0.0
2024-06-27 10:36:00+09:00,10430.0,10430.0,10430.0,10430.0,0,0.0,0.0
2024-06-27 10:37:00+09:00,10440.0,10440.0,10440.0,10440.0,41,0.0,0.0
2024-06-27 10:39:00+09:00,10440.0,10440.0,10440.0,10440.0,353,0.0,0.0
2024-06-27 10:40:00+09:00,10440.0,10440.0,10440.0,10440.0,54,0.0,0.0
2024-06-27 10:41:00+09:00,10440.0,10440.0,10430.0,10430.0,133,0.0,0.0
2024-06-27 10:42:00+09:00,10430.0,10440.0,10410.0,10430.0,426,0.0,0.0
2024-06-27 10:43:00+09:00,10430.0,10430.0,10430.0,10430.0,102,0.0,0.0
2024-06-27 10:44:00+09:00,10430.0,10430.0,10410.0,10410.0,150,0.0,0.0
2024-06-27 10:45:00+09:00,10410.0,10410.0,10410.0,10410.0,150,0.0,0.0
2024-06-27 10:46:00+09:00,10410.0,10410.0,10410.0,10410.0,140,0.0,0.0
2024-06-27 10:47:00+09:00,10410.0,10410.0,10410.0,10410.0,5,0.0,0.0
2024-06-27 10:48:00+09:00,10410.0,10410.0,10390.0,10390.0,3581,0.0,0.0
2024-06-27 10:49:00+09:00,10390.0,10390.0,10390.0,10390.0,67,0.0,0.0
2024-06-27 10:52:00+09:00,10390.0,10390.0,10390.0,10390.0,362,0.0,0.0
2024-06-27 10:53:00+09:00,10390.0,10390.0,10390.0,10390.0,140,0.0,0.0
2024-06-27 10:54:00+09:00,10390.0,10400.0,10390.0,10400.0,104,0.0,0.0
2024-06-27 10:56:00+09:00,10400.0,10400.0,10400.0,10400.0,89,0.0,0.0
2024-06-27 10:58:00+09:00,10420.0,10450.0,10420.0,10450.0,71,0.0,0.0
2024-06-27 11:00:00+09:00,10450.0,10450.0,10450.0,10450.0,16,0.0,0.0
2024-06-27 11:01:00+09:00,10450.0,10450.0,10450.0,10450.0,138,0.0,0.0
2024-06-27 11:02:00+09:00,10400.0,10450.0,10400.0,10400.0,326,0.0,0.0
2024-06-27 11:03:00+09:00,10400.0,10400.0,10400.0,10400.0,145,0.0,0.0
2024-06-27 11:04:00+09:00,10410.0,10410.0,10410.0,10410.0,0,0.0,0.0
2024-06-27 11:05:00+09:00,10450.0,10450.0,10450.0,10450.0,1,0.0,0.0
2024-06-27 11:06:00+09:00,10410.0,10410.0,10400.0,10400.0,17,0.0,0.0
2024-06-27 11:07:00+09:00,10400.0,10400.0,10400.0,10400.0,82,0.0,0.0
2024-06-27 11:08:00+09:00,10400.0,10400.0,10400.0,10400.0,50,0.0,0.0
2024-06-27 11:09:00+09:00,10400.0,10400.0,10390.0,10390.0,469,0.0,0.0
2024-06-27 11:11:00+09:00,10390.0,10390.0,10390.0,10390.0,0,0.0,0.0
2024-06-27 11:13:00+09:00,10400.0,10400.0,10400.0,10400.0,1197,0.0,0.0
2024-06-27 11:14:00+09:00,10400.0,10400.0,10400.0,10400.0,0,0.0,0.0
2024-06-27 11:15:00+09:00,10390.0,10390.0,10390.0,10390.0,29,0.0,0.0
2024-06-27 11:16:00+09:00,10400.0,10510.0,10400.0,10510.0,218,0.0,0.0
2024-06-27 11:17:00+09:00,10500.0,10500.0,10420.0,10420.0,76,0.0,0.0
2024-06-27 11:18:00+09:00,10410.0,10410.0,10400.0,10400.0,7,0.0,0.0
2024-06-27 11:19:00+09:00,10400.0,10400.0,10400.0,10400.0,1,0.0,0.0
2024-06-27 11:20:00+09:00,10400.0,10400.0,10400.0,10400.0,19,0.0,0.0
2024-06-27 11:21:00+09:00,10400.0,10400.0,10400.0,10400.0,22,0.0,0.0
2024-06-27 11:22:00+09:00,10390.0,10390.0,10390.0,10390.0,724,0.0,0.0
2024-06-27 11:23:00+09:00,10390.0,10390.0,10390.0,10390.0,0,0.0,0.0
2024-06-27 11:24:00+09:00,10390.0,10390.0,10390.0,10390.0,0,0.0,0.0
2024-06-27 11:25:00+09:00,10390.0,10390.0,10390.0,10390.0,481,0.0,0.0
2024-06-27 11:26:00+09:00,10390.0,10390.0,10390.0,10390.0,546,0.0,0.0
2024-06-27 11:27:00+09:00,10390.0,10390.0,10390.0,10390.0,0,0.0,0.0
2024-06-27 11:28:00+09:00,10390.0,10390.0,10380.0,10380.0,181,0.0,0.0
2024-06-27 11:29:00+09:00,10380.0,10380.0,10380.0,10380.0,738,0.0,0.0
2024-06-27 11:30:00+09:00,10390.0,10390.0,10390.0,10390.0,0,0.0,0.0
2024-06-27 11:33:00+09:00,10400.0,10400.0,10390.0,10390.0,84,0.0,0.0
2024-06-27 11:34:00+09:00,10390.0,10390.0,10380.0,10380.0,77,0.0,0.0
2024-06-27 11:36:00+09:00,10380.0,10380.0,10380.0,10380.0,69,0.0,0.0
2024-06-27 11:38:00+09:00,10380.0,10380.0,10380.0,10380.0,2,0.0,0.0
2024-06-27 11:39:00+09:00,10390.0,10390.0,10390.0,10390.0,2,0.0,0.0
2024-06-27 11:40:00+09:00,10390.0,10390.0,10390.0,10390.0,77,0.0,0.0
2024-06-27 11:41:00+09:00,10380.0,10380.0,10380.0,10380.0,617,0.0,0.0
2024-06-27 11:42:00+09:00,10380.0,10380.0,10380.0,10380.0,0,0.0,0.0
2024-06-27 11:43:00+09:00,10370.0,10400.0,10370.0,10400.0,293,0.0,0.0
2024-06-27 11:44:00+09:00,10400.0,10400.0,10400.0,10400.0,0,0.0,0.0
2024-06-27 11:47:00+09:00,10390.0,10390.0,10370.0,10370.0,199,0.0,0.0
2024-06-27 11:48:00+09:00,10370.0,10370.0,10370.0,10370.0,0,0.0,0.0
2024-06-27 11:52:00+09:00,10370.0,10370.0,10370.0,10370.0,40,0.0,0.0
2024-06-27 11:54:00+09:00,10370.0,10370.0,10370.0,10370.0,220,0.0,0.0
2024-06-27 11:56:00+09:00,10370.0,10370.0,10360.0,10370.0,737,0.0,0.0
2024-06-27 11:57:00+09:00,10370.0,10370.0,10370.0,10370.0,12,0.0,0.0
2024-06-27 11:58:00+09:00,10370.0,10370.0,10350.0,10350.0,634,0.0,0.0
2024-06-27 12:00:00+09:00,10370.0,10370.0,10360.0,10360.0,859,0.0,0.0
2024-06-27 12:02:00+09:00,10380.0,10380.0,10380.0,10380.0,0,0.0,0.0
2024-06-27 12:03:00+09:00,10360.0,10390.0,10360.0,10360.0,27,0.0,0.0
2024-06-27 12:09:00+09:00,10360.0,10360.0,10360.0,10360.0,498,0.0,0.0
2024-06-27 12:13:00+09:00,10370.0,10370.0,10360.0,10360.0,544,0.0,0.0
2024-06-27 12:14:00+09:00,10360.0,10360.0,10360.0,10360.0,0,0.0,0.0
2024-06-27 12:15:00+09:00,10390.0,10390.0,10390.0,10390.0,0,0.0,0.0
2024-06-27 12:16:00+09:00,10370.0,10370.0,10370.0,10370.0,78,0.0,0.0
2024-06-27 12:21:00+09:00,10380.0,10380.0,10370.0,10370.0,220,0.0,0.0
2024-06-27 12:22:00+09:00,10360.0,10360.0,10350.0,10350.0,432,0.0,0.0
2024-06-27 12:28:00+09:00,10380.0,10380.0,10380.0,10380.0,0,0.0,0.0
2024-06-27 12:30:00+09:00,10380.0,10380.0,10380.0,10380.0,17,0.0,0.0
2024-06-27 12:31:00+09:00,10380.0,10380.0,10360.0,10360.0,571,0.0,0.0
2024-06-27 12:32:00+09:00,10370.0,10370.0,10370.0,10370.0,0,0.0,0.0
2024-06-27 12:37:00+09:00,10380.0,10380.0,10380.0,10380.0,209,0.0,0.0
2024-06-27 12:38:00+09:00,10380.0,10380.0,10380.0,10380.0,0,0.0,0.0
2024-06-27 12:39:00+09:00,10370.0,10380.0,10370.0,10380.0,1,0.0,0.0
2024-06-27 12:40:00+09:00,10380.0,10380.0,10370.0,10380.0,11,0.0,0.0
2024-06-27 12:41:00+09:00,10380.0,10380.0,10380.0,10380.0,95,0.0,0.0
2024-06-27 12:43:00+09:00,10380.0,10380.0,10380.0,10380.0,56,0.0,0.0
2024-06-27 12:46:00+09:00,10380.0,10380.0,10380.0,10380.0,195,0.0,0.0
2024-06-27 12:48:00+09:00,10380.0,10380.0,10380.0,10380.0,0,0.0,0.0
2024-06-27 12:51:00+09:00,10380.0,10380.0,10380.0,10380.0,1,0.0,0.0
2024-06-27 12:53:00+09:00,10380.0,10390.0,10380.0,10390.0,204,0.0,0.0
2024-06-27 12:54:00+09:00,10390.0,10390.0,10390.0,10390.0,4,0.0,0.0
2024-06-27 12:55:00+09:00,10390.0,10390.0,10380.0,10380.0,112,0.0,0.0
2024-06-27 12:56:00+09:00,10380.0,10400.0,10380.0,10400.0,22,0.0,0.0
2024-06-27 12:59:00+09:00,10370.0,10370.0,10370.0,10370.0,3,0.0,0.0
2024-06-27 13:02:00+09:00,10370.0,10370.0,10370.0,10370.0,644,0.0,0.0
2024-06-27 13:03:00+09:00,10360.0,10360.0,10350.0,10350.0,1059,0.0,0.0
2024-06-27 13:04:00+09:00,10350.0,10350.0,10350.0,10350.0,67,0.0,0.0
2024-06-27 13:05:00+09:00,10390.0,10390.0,10390.0,10390.0,0,0.0,0.0
2024-06-27 13:06:00+09:00,10350.0,10350.0,10350.0,10350.0,73,0.0,0.0
2024-06-27 13:07:00+09:00,10390.0,10390.0,10390.0,10390.0,0,0.0,0.0
2024-06-27 13:10:00+09:00,10390.0,10390.0,10390.0,10390.0,99,0.0,0.0
2024-06-27 13:12:00+09:00,10360.0,10360.0,10350.0,10350.0,67,0.0,0.0
2024-06-27 13:13:00+09:00,10350.0,10350.0,10350.0,10350.0,1035,0.0,0.0
2024-06-27 13:15:00+09:00,10350.0,10350.0,10350.0,10350.0,203,0.0,0.0
2024-06-27 13:19:00+09:00,10360.0,10360.0,10360.0,10360.0,0,0.0,0.0
2024-06-27 13:20:00+09:00,10360.0,10360.0,10360.0,10360.0,0,0.0,0.0
2024-06-27 13:23:00+09:00,10360.0,10380.0,10360.0,10380.0,33,0.0,0.0
2024-06-27 13:24:00+09:00,10380.0,10400.0,10380.0,10400.0,501,0.0,0.0
2024-06-27 13:25:00+09:00,10400.0,10400.0,10400.0,10400.0,27,0.0,0.0
2024-06-27 13:26:00+09:00,10400.0,10400.0,10400.0,10400.0,0,0.0,0.0
2024-06-27 13:28:00+09:00,10400.0,10400.0,10400.0,10400.0,2,0.0,0.0
2024-06-27 13:29:00+09:00,10400.0,10400.0,10400.0,10400.0,18,0.0,0.0
2024-06-27 13:31:00+09:00,10380.0,10380.0,10380.0,10380.0,0,0.0,0.0
2024-06-27 13:32:00+09:00,10370.0,10370.0,10370.0,10370.0,165,0.0,0.0
2024-06-27 13:33:00+09:00,10390.0,10400.0,10390.0,10400.0,151,0.0,0.0
2024-06-27 13:35:00+09:00,10370.0,10370.0,10370.0,10370.0,118,0.0,0.0
2024-06-27 13:36:00+09:00,10370.0,10370.0,10360.0,10360.0,21,0.0,0.0
2024-06-27 13:37:00+09:00,10370.0,10370.0,10370.0,10370.0,0,0.0,0.0
2024-06-27 13:38:00+09:00,10370.0,10370.0,10360.0,10360.0,55,0.0,0.0
2024-06-27 13:39:00+09:00,10360.0,10360.0,10360.0,10360.0,70,0.0,0.0
2024-06-27 13:40:00+09:00,10360.0,10360.0,10360.0,10360.0,23,0.0,0.0
2024-06-27 13:44:00+09:00,10360.0,10360.0,10360.0,10360.0,244,0.0,0.0
2024-06-27 13:45:00+09:00,10360.0,10360.0,10360.0,10360.0,90,0.0,0.0
2024-06-27 13:46:00+09:00,10360.0,10360.0,10360.0,10360.0,237,0.0,0.0
2024-06-27 13:47:00+09:00,10350.0,10350.0,10350.0,10350.0,1979,0.0,0.0
2024-06-27 13:48:00+09:00,10400.0,10440.0,10400.0,10440.0,0,0.0,0.0
2024-06-27 13:56:00+09:00,10410.0,10410.0,10390.0,10390.0,0,0.0,0.0
2024-06-27 13:58:00+09:00,10400.0,10400.0,10400.0,10400.0,140,0.0,0.0
2024-06-27 14:00:00+09:00,10400.0,10400.0,10380.0,10380.0,278,0.0,0.0
2024-06-27 14:02:00+09:00,10400.0,10430.0,10400.0,10430.0,0,0.0,0.0
2024-06-27 14:03:00+09:00,10400.0,10400.0,10390.0,10390.0,188,0.0,0.0
2024-06-27 14:05:00+09:00,10400.0,10400.0,10400.0,10400.0,0,0.0,0.0
2024-06-27 14:06:00+09:00,10400.0,10400.0,10390.0,10390.0,2,0.0,0.0
2024-06-27 14:07:00+09:00,10400.0,10400.0,10390.0,10390.0,3,0.0,0.0
2024-06-27 14:08:00+09:00,10390.0,10390.0,10380.0,10380.0,285,0.0,0.0
2024-06-27 14:09:00+09:00,10380.0,10380.0,10380.0,10380.0,0,0.0,0.0
2024-06-27 14:13:00+09:00,10380.0,10380.0,10380.0,10380.0,0,0.0,0.0
2024-06-27 14:14:00+09:00,10380.0,10380.0,10380.0,10380.0,166,0.0,0.0
2024-06-27 14:15:00+09:00,10380.0,10380.0,10380.0,10380.0,0,0.0,0.0
2024-06-27 14:18:00+09:00,10380.0,10380.0,10380.0,10380.0,233,0.0,0.0
2024-06-27 14:19:00+09:00,10370.0,10380.0,10370.0,10380.0,156,0.0,0.0
2024-06-27 14:23:00+09:00,10380.0,10380.0,10370.0,10370.0,69,0.0,0.0
2024-06-27 14:25:00+09:00,10410.0,10410.0,10410.0,10410.0,191,0.0,0.0
2024-06-27 14:27:00+09:00,10380.0,10380.0,10380.0,10380.0,794,0.0,0.0
2024-06-27 14:29:00+09:00,10410.0,10410.0,10410.0,10410.0,0,0.0,0.0
2024-06-27 14:32:00+09:00,10380.0,10380.0,10380.0,10380.0,0,0.0,0.0
2024-06-27 14:33:00+09:00,10380.0,10430.0,10380.0,10390.0,230,0.0,0.0
2024-06-27 14:34:00+09:00,10390.0,10390.0,10380.0,10380.0,86,0.0,0.0
2024-06-27 14:35:00+09:00,10430.0,10430.0,10430.0,10430.0,0,0.0,0.0
2024-06-27 14:36:00+09:00,10430.0,10430.0,10430.0,10430.0,7,0.0,0.0
2024-06-27 14:39:00+09:00,10380.0,10380.0,10370.0,10370.0,1281,0.0,0.0
2024-06-27 14:40:00+09:00,10430.0,10440.0,10420.0,10440.0,0,0.0,0.0
2024-06-27 14:41:00+09:00,10440.0,10440.0,10440.0,10440.0,0,0.0,0.0
2024-06-27 14:42:00+09:00,10440.0,10470.0,10440.0,10470.0,40,0.0,0.0
2024-06-27 14:43:00+09:00,10470.0,10470.0,10440.0,10440.0,154,0.0,0.0
2024-06-27 14:46:00+09:00,10440.0,10440.0,10440.0,10440.0,48,0.0,0.0
2024-06-27 14:48:00+09:00,10440.0,10460.0,10440.0,10460.0,0,0.0,0.0
2024-06-27 14:49:00+09:00,10460.0,10460.0,10460.0,10460.0,399,0.0,0.0
2024-06-27 14:55:00+09:00,10450.0,10450.0,10450.0,10450.0,0,0.0,0.0
2024-06-27 14:57:00+09:00,10420.0,10420.0,10410.0,10410.0,0,0.0,0.0
2024-06-27 14:58:00+09:00,10410.0,10410.0,10410.0,10410.0,85,0.0,0.0
2024-06-27 14:59:00+09:00,10410.0,10440.0,10410.0,10410.0,7,0.0,0.0
2024-06-28 09:00:00+09:00,10420.0,10420.0,10340.0,10340.0,900,0.0,0.0
2024-06-28 09:02:00+09:00,10420.0,10420.0,10420.0,10420.0,106,0.0,0.0
2024-06-28 09:03:00+09:00,10370.0,10370.0,10350.0,10350.0,280,0.0,0.0
2024-06-28 09:04:00+09:00,10340.0,10340.0,10340.0,10340.0,0,0.0,0.0
2024-06-28 09:05:00+09:00,10340.0,10360.0,10340.0,10350.0,656,0.0,0.0
2024-06-28 09:06:00+09:00,10350.0,10350.0,10300.0,10300.0,1615,0.0,0.0
2024-06-28 09:07:00+09:00,10300.0,10300.0,10290.0,10290.0,1644,0.0,0.0
2024-06-28 09:08:00+09:00,10270.0,10270.0,10270.0,10270.0,1033,0.0,0.0
2024-06-28 09:09:00+09:00,10270.0,10270.0,10270.0,10270.0,0,0.0,0.0
2024-06-28 09:10:00+09:00,10270.0,10280.0,10260.0,10280.0,1961,0.0,0.0
2024-06-28 09:11:00+09:00,10280.0,10290.0,10260.0,10280.0,1812,0.0,0.0
2024-06-28 09:12:00+09:00,10280.0,10280.0,10270.0,10280.0,1582,0.0,0.0
2024-06-28 09:13:00+09:00,10280.0,10280.0,10250.0,10280.0,1062,0.0,0.0
2024-06-28 09:14:00+09:00,10250.0,10280.0,10250.0,10280.0,140,0.0,0.0
2024-06-28 09:15:00+09:00,10280.0,10280.0,10280.0,10280.0,68,0.0,0.0
2024-06-28 09:16:00+09:00,10280.0,10290.0,10270.0,10290.0,2635,0.0,0.0
2024-06-28 09:17:00+09:00,10290.0,10290.0,10270.0,10270.0,601,0.0,0.0
2024-06-28 09:18:00+09:00,10260.0,10280.0,10250.0,10280.0,1214,0.0,0.0
2024-06-28 09:19:00+09:00,10270.0,10270.0,10270.0,10270.0,461,0.0,0.0
2024-06-28 09:20:00+09:00,10270.0,10280.0,10260.0,10280.0,410,0.0,0.0
2024-06-28 09:21:00+09:00,10280.0,10280.0,10280.0,10280.0,30,0.0,0.0
2024-06-28 09:22:00+09:00,10280.0,10280.0,10260.0,10280.0,20,0.0,0.0
2024-06-28 09:23:00+09:00,10280.0,10280.0,10280.0,10280.0,1,0.0,0.0
2024-06-28 09:24:00+09:00,10270.0,10280.0,10260.0,10260.0,470,0.0,0.0
2024-06-28 09:25:00+09:00,10260.0,10270.0,10260.0,10270.0,0,0.0,0.0
2024-06-28 09:26:00+09:00,10260.0,10270.0,10240.0,10240.0,1148,0.0,0.0
2024-06-28 09:27:00+09:00,10240.0,10270.0,10240.0,10270.0,109,0.0,0.0
2024-06-28 09:29:00+09:00,10250.0,10260.0,10230.0,10260.0,387,0.0,0.0
2024-06-28 09:30:00+09:00,10260.0,10270.0,10260.0,10270.0,554,0.0,0.0
2024-06-28 09:31:00+09:00,10270.0,10270.0,10240.0,10240.0,20,0.0,0.0
2024-06-28 09:32:00+09:00,10240.0,10240.0,10230.0,10240.0,269,0.0,0.0
2024-06-28 09:33:00+09:00,10240.0,10250.0,10200.0,10240.0,2466,0.0,0.0
2024-06-28 09:34:00+09:00,10200.0,10250.0,10200.0,10250.0,0,0.0,0.0
2024-06-28 09:35:00+09:00,10220.0,10240.0,10210.0,10210.0,495,0.0,0.0
2024-06-28 09:36:00+09:00,10200.0,10240.0,10180.0,10240.0,870,0.0,0.0
2024-06-28 09:38:00+09:00,10190.0,10190.0,10180.0,10180.0,631,0.0,0.0
2024-06-28 09:39:00+09:00,10190.0,10240.0,10180.0,10240.0,194,0.0,0.0
2024-06-28 09:40:00+09:00,10190.0,10240.0,10100.0,10240.0,9012,0.0,0.0
2024-06-28 09:41:00+09:00,10200.0,10200.0,10170.0,10170.0,596,0.0,0.0
2024-06-28 09:42:00+09:00,10160.0,10160.0,10140.0,10150.0,290,0.0,0.0
2024-06-28 09:43:00+09:00,10150.0,10180.0,10100.0,10180.0,5754,0.0,0.0
2024-06-28 09:44:00+09:00,10110.0,10170.0,10100.0,10170.0,1636,0.0,0.0
2024-06-28 09:45:00+09:00,10120.0,10120.0,10110.0,10110.0,198,0.0,0.0
2024-06-28 09:46:00+09:00,10170.0,10170.0,10170.0,10170.0,282,0.0,0.0
2024-06-28 09:47:00+09:00,10160.0,10170.0,10160.0,10170.0,0,0.0,0.0
2024-06-28 09:48:00+09:00,10170.0,10180.0,10170.0,10170.0,1660,0.0,0.0
2024-06-28 09:49:00+09:00,10180.0,10220.0,10180.0,10220.0,335,0.0,0.0
2024-06-28 09:50:00+09:00,10220.0,10220.0,10210.0,10210.0,0,0.0,0.0
2024-06-28 09:51:00+09:00,10210.0,10210.0,10180.0,10180.0,88,0.0,0.0
2024-06-28 09:52:00+09:00,10170.0,10180.0,10170.0,10170.0,64,0.0,0.0
2024-06-28 09:53:00+09:00,10160.0,10160.0,10150.0,10150.0,14,0.0,0.0
2024-06-28 09:55:00+09:00,10180.0,10180.0,10180.0,10180.0,19,0.0,0.0
2024-06-28 09:56:00+09:00,10160.0,10200.0,10160.0,10200.0,0,0.0,0.0
2024-06-28 09:57:00+09:00,10160.0,10160.0,10160.0,10160.0,849,0.0,0.0
2024-06-28 09:58:00+09:00,10160.0,10160.0,10160.0,10160.0,0,0.0,0.0
2024-06-28 09:59:00+09:00,10170.0,10170.0,10160.0,10160.0,12,0.0,0.0
2024-06-28 10:00:00+09:00,10200.0,10200.0,10200.0,10200.0,0,0.0,0.0
2024-06-28 10:01:00+09:00,10160.0,10160.0,10160.0,10160.0,1,0.0,0.0
2024-06-28 10:02:00+09:00,10160.0,10160.0,10160.0,10160.0,13,0.0,0.0
2024-06-28 10:03:00+09:00,10200.0,10200.0,10200.0,10200.0,6,0.0,0.0
2024-06-28 10:04:00+09:00,10200.0,10200.0,10200.0,10200.0,8,0.0,0.0
2024-06-28 10:05:00+09:00,10200.0,10200.0,10180.0,10180.0,126,0.0,0.0
2024-06-28 10:06:00+09:00,10180.0,10190.0,10180.0,10180.0,103,0.0,0.0
2024-06-28 10:07:00+09:00,10180.0,10180.0,10180.0,10180.0,307,0.0,0.0
2024-06-28 10:08:00+09:00,10180.0,10180.0,10180.0,10180.0,380,0.0,0.0
2024-06-28 10:09:00+09:00,10190.0,10190.0,10180.0,10180.0,131,0.0,0.0
2024-06-28 10:11:00+09:00,10180.0,10180.0,10150.0,10150.0,195,0.0,0.0
2024-06-28 10:12:00+09:00,10150.0,10150.0,10150.0,10150.0,586,0.0,0.0
2024-06-28 10:13:00+09:00,10150.0,10150.0,10140.0,10150.0,1439,0.0,0.0
2024-06-28 10:14:00+09:00,10140.0,10140.0,10140.0,10140.0,47,0.0,0.0
2024-06-28 10:15:00+09:00,10140.0,10140.0,10140.0,10140.0,192,0.0,0.0
2024-06-28 10:16:00+09:00,10130.0,10150.0,10130.0,10150.0,717,0.0,0.0
2024-06-28 10:18:00+09:00,10140.0,10150.0,10140.0,10150.0,153,0.0,0.0
2024-06-28 10:19:00+09:00,10150.0,10150.0,10150.0,10150.0,0,0.0,0.0
2024-06-28 10:20:00+09:00,10150.0,10150.0,10150.0,10150.0,186,0.0,0.0
2024-06-28 10:21:00+09:00,10170.0,10180.0,10170.0,10180.0,1199,0.0,0.0
2024-06-28 10:22:00+09:00,10190.0,10190.0,10190.0,10190.0,316,0.0,0.0
2024-06-28 10:23:00+09:00,10190.0,10190.0,10190.0,10190.0,0,0.0,0.0
2024-06-28 10:24:00+09:00,10200.0,10200.0,10200.0,10200.0,0,0.0,0.0
2024-06-28 10:25:00+09:00,10200.0,10200.0,10200.0,10200.0,21,0.0,0.0
2024-06-28 10:28:00+09:00,10180.0,10180.0,10180.0,10180.0,84,0.0,0.0
2024-06-28 10:29:00+09:00,10180.0,10180.0,10180.0,10180.0,71,0.0,0.0
2024-06-28 10:31:00+09:00,10180.0,10180.0,10170.0,10170.0,28,0.0,0.0
2024-06-28 10:32:00+09:00,10170.0,10170.0,10160.0,10160.0,194,0.0,0.0
2024-06-28 10:33:00+09:00,10170.0,10170.0,10170.0,10170.0,428,0.0,0.0
2024-06-28 10:34:00+09:00,10170.0,10170.0,10170.0,10170.0,0,0.0,0.0
2024-06-28 10:35:00+09:00,10170.0,10170.0,10170.0,10170.0,147,0.0,0.0
2024-06-28 10:36:00+09:00,10170.0,10170.0,10130.0,10130.0,854,0.0,0.0
2024-06-28 10:37:00+09:00,10180.0,10190.0,10180.0,10180.0,95,0.0,0.0
2024-06-28 10:38:00+09:00,10180.0,10190.0,10180.0,10190.0,334,0.0,0.0
2024-06-28 10:39:00+09:00,10190.0,10190.0,10190.0,10190.0,19,0.0,0.0
2024-06-28 10:41:00+09:00,10160.0,10190.0,10130.0,10190.0,1020,0.0,0.0
2024-06-28 10:42:00+09:00,10190.0,10190.0,10190.0,10190.0,3,0.0,0.0
2024-06-28 10:43:00+09:00,10190.0,10190.0,10190.0,10190.0,1,0.0,0.0
2024-06-28 10:44:00+09:00,10180.0,10180.0,10140.0,10140.0,829,0.0,0.0
2024-06-28 10:45:00+09:00,10180.0,10180.0,10180.0,10180.0,0,0.0,0.0
2024-06-28 10:47:00+09:00,10160.0,10160.0,10140.0,10140.0,405,0.0,0.0
2024-06-28 10:48:00+09:00,10150.0,10170.0,10150.0,10170.0,0,0.0,0.0
2024-06-28 10:49:00+09:00,10180.0,10210.0,10170.0,10210.0,807,0.0,0.0
2024-06-28 10:50:00+09:00,10200.0,10200.0,10200.0,10200.0,21,0.0,0.0
2024-06-28 10:51:00+09:00,10200.0,10200.0,10200.0,10200.0,0,0.0,0.0
2024-06-28 10:52:00+09:00,10200.0,10200.0,10170.0,10200.0,2236,0.0,0.0
2024-06-28 10:53:00+09:00,10210.0,10220.0,10200.0,10220.0,2400,0.0,0.0
2024-06-28 10:55:00+09:00,10220.0,10220.0,10220.0,10220.0,69,0.0,0.0
2024-06-28 10:56:00+09:00,10220.0,10220.0,10220.0,10220.0,223,0.0,0.0
2024-06-28 10:57:00+09:00,10230.0,10240.0,10210.0,10240.0,114,0.0,0.0
2024-06-28 10:58:00+09:00,10240.0,10240.0,10240.0,10240.0,2,0.0,0.0
2024-06-28 10:59:00+09:00,10240.0,10250.0,10240.0,10240.0,802,0.0,0.0
2024-06-28 11:00:00+09:00,10210.0,10210.0,10210.0,10210.0,5,0.0,0.0
2024-06-28 11:01:00+09:00,10210.0,10210.0,10210.0,10210.0,0,0.0,0.0
2024-06-28 11:02:00+09:00,10210.0,10210.0,10210.0,10210.0,374,0.0,0.0
2024-06-28 11:03:00+09:00,10220.0,10220.0,10220.0,10220.0,149,0.0,0.0
2024-06-28 11:05:00+09:00,10220.0,10220.0,10220.0,10220.0,0,0.0,0.0
2024-06-28 11:07:00+09:00,10230.0,10230.0,10230.0,10230.0,0,0.0,0.0
2024-06-28 11:08:00+09:00,10230.0,10250.0,10200.0,10250.0,1282,0.0,0.0
2024-06-28 11:10:00+09:00,10250.0,10250.0,10250.0,10250.0,1,0.0,0.0
2024-06-28 11:11:00+09:00,10250.0,10250.0,10250.0,10250.0,1,0.0,0.0
2024-06-28 11:12:00+09:00,10240.0,10240.0,10240.0,10240.0,79,0.0,0.0
2024-06-28 11:14:00+09:00,10240.0,10240.0,10240.0,10240.0,0,0.0,0.0
2024-06-28 11:16:00+09:00,10230.0,10260.0,10230.0,10260.0,191,0.0,0.0
2024-06-28 11:19:00+09:00,10250.0,10300.0,10250.0,10300.0,2630,0.0,0.0
2024-06-28 11:20:00+09:00,10300.0,10310.0,10300.0,10310.0,48,0.0,0.0
2024-06-28 11:21:00+09:00,10310.0,10330.0,10310.0,10330.0,10,0.0,0.0
2024-06-28 11:22:00+09:00,10320.0,10320.0,10320.0,10320.0,1,0.0,0.0
2024-06-28 11:23:00+09:00,10320.0,10320.0,10320.0,10320.0,1,0.0,0.0
2024-06-28 11:24:00+09:00,10320.0,10320.0,10320.0,10320.0,27,0.0,0.0
2024-06-28 11:25:00+09:00,10310.0,10310.0,10300.0,10300.0,0,0.0,0.0
2024-06-28 11:26:00+09:00,10290.0,10290.0,10290.0,10290.0,17,0.0,0.0
2024-06-28 11:27:00+09:00,10290.0,10290.0,10290.0,10290.0,7,0.0,0.0
2024-06-28 11:30:00+09:00,10300.0,10320.0,10300.0,10320.0,268,0.0,0.0
2024-06-28 11:31:00+09:00,10320.0,10340.0,10320.0,10340.0,204,0.0,0.0
2024-06-28 11:32:00+09:00,10350.0,10350.0,10340.0,10350.0,322,0.0,0.0
2024-06-28 11:33:00+09:00,10340.0,10340.0,10320.0,10320.0,386,0.0,0.0
2024-06-28 11:34:00+09:00,10320.0,10320.0,10320.0,10320.0,24,0.0,0.0
2024-06-28 11:35:00+09:00,10320.0,10320.0,10320.0,10320.0,0,0.0,0.0
2024-06-28 11:36:00+09:00,10330.0,10330.0,10320.0,10320.0,2,0.0,0.0
2024-06-28 11:37:00+09:00,10310.0,10310.0,10310.0,10310.0,98,0.0,0.0
2024-06-28 11:39:00+09:00,10320.0,10320.0,10310.0,10310.0,291,0.0,0.0
2024-06-28 11:40:00+09:00,10330.0,10330.0,10330.0,10330.0,0,0.0,0.0
2024-06-28 11:41:00+09:00,10330.0,10330.0,10300.0,10300.0,931,0.0,0.0
2024-06-28 11:42:00+09:00,10290.0,10290.0,10290.0,10290.0,327,0.0,0.0
2024-06-28 11:44:00+09:00,10280.0,10280.0,10260.0,10260.0,1097,0.0,0.0
2024-06-28 11:49:00+09:00,10260.0,10270.0,10260.0,10260.0,133,0.0,0.0
2024-06-28 11:50:00+09:00,10260.0,10260.0,10250.0,10250.0,324,0.0,0.0
2024-06-28 11:51:00+09:00,10260.0,10280.0,10260.0,10280.0,162,0.0,0.0
2024-06-28 11:53:00+09:00,10270.0,10270.0,10270.0,10270.0,100,0.0,0.0
2024-06-28 11:54:00+09:00,10270.0,10270.0,10260.0,10260.0,10,0.0,0.0
2024-06-28 11:55:00+09:00,10260.0,10280.0,10260.0,10260.0,132,0.0,0.0
2024-06-28 11:57:00+09:00,10260.0,10260.0,10260.0,10260.0,397,0.0,0.0
2024-06-28 11:58:00+09:00,10270.0,10270.0,10270.0,10270.0,0,0.0,0.0
2024-06-28 12:00:00+09:00,10290.0,10300.0,10290.0,10300.0,159,0.0,0.0
2024-06-28 12:01:00+09:00,10300.0,10300.0,10300.0,10300.0,0,0.0,0.0
2024-06-28 12:04:00+09:00,10300.0,10300.0,10300.0,10300.0,26,0.0,0.0
2024-06-28 12:05:00+09:00,10300.0,10300.0,10300.0,10300.0,7,0.0,0.0
2024-06-28 12:06:00+09:00,10300.0,10300.0,10300.0,10300.0,0,0.0,0.0
2024-06-28 12:09:00+09:00,10300.0,10300.0,10300.0,10300.0,60,0.0,0.0
2024-06-28 12:10:00+09:00,10330.0,10330.0,10290.0,10290.0,258,0.0,0.0
2024-06-28 12:11:00+09:00,10290.0,10290.0,10290.0,10290.0,0,0.0,0.0
2024-06-28 12:13:00+09:00,10290.0,10290.0,10270.0,10270.0,73170,0.0,0.0
2024-06-28 12:15:00+09:00,10280.0,10280.0,10280.0,10280.0,20,0.0,0.0
2024-06-28 12:16:00+09:00,10280.0,10280.0,10270.0,10270.0,2,0.0,0.0
2024-06-28 12:18:00+09:00,10270.0,10270.0,10270.0,10270.0,127,0.0,0.0
2024-06-28 12:21:00+09:00,10250.0,10250.0,10240.0,10240.0,299,0.0,0.0
2024-06-28 12:22:00+09:00,10250.0,10250.0,10250.0,10250.0,108,0.0,0.0
2024-06-28 12:23:00+09:00,10270.0,10270.0,10270.0,10270.0,0,0.0,0.0
2024-06-28 12:25:00+09:00,10250.0,10270.0,10250.0,10270.0,206,0.0,0.0
2024-06-28 12:27:00+09:00,10260.0,10260.0,10250.0,10250.0,160,0.0,0.0
2024-06-28 12:28:00+09:00,10250.0,10250.0,10250.0,10250.0,334,0.0,0.0
2024-06-28 12:29:00+09:00,10250.0,10250.0,10240.0,10240.0,85,0.0,0.0
2024-06-28 12:31:00+09:00,10240.0,10240.0,10240.0,10240.0,24,0.0,0.0
2024-06-28 12:32:00+09:00,10240.0,10240.0,10240.0,10240.0,1,0.0,0.0
2024-06-28 12:34:00+09:00,10210.0,10210.0,10200.0,10200.0,631,0.0,0.0
2024-06-28 12:35:00+09:00,10200.0,10200.0,10200.0,10200.0,422,0.0,0.0
2024-06-28 12:36:00+09:00,10200.0,10200.0,10200.0,10200.0,0,0.0,0.0
2024-06-28 12:38:00+09:00,10200.0,10200.0,10200.0,10200.0,57,0.0,0.0
2024-06-28 12:41:00+09:00,10200.0,10200.0,10200.0,10200.0,11,0.0,0.0
2024-06-28 12:43:00+09:00,10200.0,10200.0,10200.0,10200.0,191,0.0,0.0
2024-06-28 12:45:00+09:00,10230.0,10230.0,10230.0,10230.0,0,0.0,0.0
2024-06-28 12:46:00+09:00,10230.0,10250.0,10230.0,10250.0,499,0.0,0.0
2024-06-28 12:47:00+09:00,10270.0,10280.0,10270.0,10270.0,0,0.0,0.0
2024-06-28 12:48:00+09:00,10270.0,10290.0,10240.0,10290.0,166,0.0,0.0
2024-06-28 12:49:00+09:00,10290.0,10290.0,10290.0,10290.0,16,0.0,0.0
2024-06-28 12:55:00+09:00,10290.0,10290.0,10290.0,10290.0,0,0.0,0.0
2024-06-28 12:56:00+09:00,10290.0,10290.0,10240.0,10240.0,208,0.0,0.0
2024-06-28 13:00:00+09:00,10290.0,10290.0,10290.0,10290.0,0,0.0,0.0
2024-06-28 13:02:00+09:00,10290.0,10290.0,10250.0,10250.0,5,0.0,0.0
2024-06-28 13:03:00+09:00,10250.0,10250.0,10250.0,10250.0,0,0.0,0.0
2024-06-28 13:04:00+09:00,10290.0,10290.0,10290.0,10290.0,101,0.0,0.0
2024-06-28 13:05:00+09:00,10280.0,10280.0,10280.0,10280.0,0,0.0,0.0
2024-06-28 13:07:00+09:00,10290.0,10290.0,10280.0,10280.0,25,0.0,0.0
2024-06-28 13:08:00+09:00,10290.0,10290.0,10290.0,10290.0,97,0.0,0.0
2024-06-28 13:09:00+09:00,10290.0,10290.0,10270.0,10270.0,1080,0.0,0.0
2024-06-28 13:10:00+09:00,10270.0,10310.0,10270.0,10310.0,0,0.0,0.0
2024-06-28 13:11:00+09:00,10300.0,10300.0,10300.0,10300.0,0,0.0,0.0
2024-06-28 13:12:00+09:00,10290.0,10290.0,10290.0,10290.0,27,0.0,0.0
2024-06-28 13:13:00+09:00,10280.0,10280.0,10280.0,10280.0,0,0.0,0.0
2024-06-28 13:14:00+09:00,10280.0,10280.0,10280.0,10280.0,209,0.0,0.0
2024-06-28 13:15:00+09:00,10300.0,10300.0,10300.0,10300.0,0,0.0,0.0
2024-06-28 13:17:00+09:00,10300.0,10300.0,10300.0,10300.0,2,0.0,0.0
2024-06-28 13:21:00+09:00,10300.0,10300.0,10300.0,10300.0,243,0.0,0.0
2024-06-28 13:22:00+09:00,10300.0,10310.0,10300.0,10310.0,0,0.0,0.0
2024-06-28 13:23:00+09:00,10310.0,10320.0,10310.0,10320.0,149,0.0,0.0
2024-06-28 13:25:00+09:00,10320.0,10320.0,10320.0,10320.0,19,0.0,0.0
2024-06-28 13:26:00+09:00,10320.0,10320.0,10320.0,10320.0,66,0.0,0.0
2024-06-28 13:27:00+09:00,10320.0,10330.0,10320.0,10330.0,92,0.0,0.0
2024-06-28 13:28:00+09:00,10300.0,10300.0,10300.0,10300.0,15,0.0,0.0
2024-06-28 13:29:00+09:00,10300.0,10300.0,10290.0,10290.0,851,0.0,0.0
2024-06-28 13:30:00+09:00,10290.0,10290.0,10290.0,10290.0,0,0.0,0.0
2024-06-28 13:31:00+09:00,10310.0,10320.0,10280.0,10280.0,0,0.0,0.0
2024-06-28 13:32:00+09:00,10290.0,10290.0,10290.0,10290.0,57,0.0,0.0
2024-06-28 13:38:00+09:00,10300.0,10300.0,10300.0,10300.0,28,0.0,0.0
2024-06-28 13:39:00+09:00,10300.0,10320.0,10290.0,10320.0,32,0.0,0.0
2024-06-28 13:40:00+09:00,10270.0,10320.0,10270.0,10320.0,1,0.0,0.0
2024-06-28 13:42:00+09:00,10320.0,10320.0,10320.0,10320.0,40,0.0,0.0
2024-06-28 13:46:00+09:00,10300.0,10300.0,10210.0,10210.0,377,0.0,0.0
2024-06-28 13:47:00+09:00,10290.0,10290.0,10230.0,10230.0,0,0.0,0.0
2024-06-28 13:48:00+09:00,10230.0,10230.0,10230.0,10230.0,182,0.0,0.0
2024-06-28 13:49:00+09:00,10230.0,10230.0,10230.0,10230.0,0,0.0,0.0
2024-06-28 13:54:00+09:00,10220.0,10230.0,10210.0,10230.0,164,0.0,0.0
2024-06-28 13:55:00+09:00,10230.0,10230.0,10230.0,10230.0,457,0.0,0.0
2024-06-28 13:56:00+09:00,10230.0,10230.0,10230.0,10230.0,0,0.0,0.0
2024-06-28 13:57:00+09:00,10230.0,10230.0,10230.0,10230.0,223,0.0,0.0
2024-06-28 13:58:00+09:00,10230.0,10230.0,10230.0,10230.0,0,0.0,0.0
2024-06-28 13:59:00+09:00,10220.0,10270.0,10220.0,10270.0,562,0.0,0.0
2024-06-28 14:00:00+09:00,10220.0,10280.0,10220.0,10280.0,0,0.0,0.0
2024-06-28 14:02:00+09:00,10230.0,10230.0,10230.0,10230.0,1,0.0,0.0
2024-06-28 14:03:00+09:00,10230.0,10230.0,10230.0,10230.0,7,0.0,0.0
2024-06-28 14:04:00+09:00,10220.0,10260.0,10210.0,10260.0,253,0.0,0.0
2024-06-28 14:05:00+09:00,10260.0,10260.0,10260.0,10260.0,889,0.0,0.0
2024-06-28 14:06:00+09:00,10220.0,10220.0,10210.0,10210.0,0,0.0,0.0
2024-06-28 14:07:00+09:00,10210.0,10210.0,10210.0,10210.0,0,0.0,0.0
2024-06-28 14:08:00+09:00,10210.0,10210.0,10180.0,10190.0,575,0.0,0.0
2024-06-28 14:09:00+09:00,10210.0,10210.0,10210.0,10210.0,2917,0.0,0.0
2024-06-28 14:10:00+09:00,10210.0,10210.0,10180.0,10180.0,0,0.0,0.0
2024-06-28 14:12:00+09:00,10200.0,10240.0,10180.0,10240.0,0,0.0,0.0
2024-06-28 14:14:00+09:00,10200.0,10200.0,10200.0,10200.0,600,0.0,0.0
2024-06-28 14:16:00+09:00,10200.0,10230.0,10200.0,10230.0,0,0.0,0.0
2024-06-28 14:17:00+09:00,10230.0,10230.0,10230.0,10230.0,49,0.0,0.0
2024-06-28 14:18:00+09:00,10230.0,10230.0,10230.0,10230.0,22,0.0,0.0
2024-06-28 14:20:00+09:00,10230.0,10230.0,10220.0,10220.0,60,0.0,0.0
2024-06-28 14:21:00+09:00,10230.0,10300.0,10230.0,10300.0,247,0.0,0.0
2024-06-28 14:22:00+09:00,10250.0,10250.0,10250.0,10250.0,1,0.0,0.0
2024-06-28 14:23:00+09:00,10240.0,10280.0,10240.0,10280.0,46,0.0,0.0
2024-06-28 14:27:00+09:00,10270.0,10290.0,10270.0,10290.0,52,0.0,0.0
2024-06-28 14:32:00+09:00,10280.0,10280.0,10280.0,10280.0,0,0.0,0.0
2024-06-28 14:34:00+09:00,10270.0,10290.0,10270.0,10290.0,371,0.0,0.0
2024-06-28 14:35:00+09:00,10280.0,10290.0,10280.0,10290.0,3752,0.0,0.0
2024-06-28 14:36:00+09:00,10240.0,10300.0,10240.0,10250.0,0,0.0,0.0
2024-06-28 14:37:00+09:00,10250.0,10290.0,10250.0,10290.0,11,0.0,0.0
2024-06-28 14:39:00+09:00,10250.0,10250.0,10220.0,10220.0,394,0.0,0.0
2024-06-28 14:41:00+09:00,10220.0,10220.0,10220.0,10220.0,0,0.0,0.0
2024-06-28 14:42:00+09:00,10210.0,10210.0,10210.0,10210.0,0,0.0,0.0
2024-06-28 14:43:00+09:00,10210.0,10210.0,10210.0,10210.0,266,0.0,0.0
2024-06-28 14:44:00+09:00,10220.0,10280.0,10220.0,10250.0,552,0.0,0.0
2024-06-28 14:45:00+09:00,10260.0,10280.0,10240.0,10280.0,577,0.0,0.0
2024-06-28 14:46:00+09:00,10270.0,10270.0,10270.0,10270.0,60,0.0,0.0
2024-06-28 14:47:00+09:00,10270.0,10270.0,10270.0,10270.0,20,0.0,0.0
2024-06-28 14:48:00+09:00,10270.0,10280.0,10270.0,10280.0,519,0.0,0.0
2024-06-28 14:49:00+09:00,10270.0,10270.0,10270.0,10270.0,0,0.0,0.0
2024-06-28 14:52:00+09:00,10250.0,10250.0,10240.0,10240.0,0,0.0,0.0
2024-06-28 14:55:00+09:00,10240.0,10240.0,10240.0,10240.0,18,0.0,0.0
2024-06-28 14:56:00+09:00,10240.0,10270.0,10240.0,10270.0,122,0.0,0.0
2024-06-28 14:57:00+09:00,10260.0,10260.0,10260.0,10260.0,403,0.0,0.0
2024-06-28 14:58:00+09:00,10260.0,10260.0,10260.0,10260.0,1,0.0,0.0
2024-06-28 14:59:00+09:00,10250.0,10260.0,10230.0,10230.0,146,0.0,0.0
