Datetime,Open,High,Low,Close,Volume,Dividends,Stock Splits
2024-09-20 09:00:00+09:00,3235.0,3236.0,3188.0,3190.0,24600,0.0,0.0
2024-09-20 09:05:00+09:00,3191.0,3196.0,3187.0,3187.0,2200,0.0,0.0
2024-09-20 09:10:00+09:00,3188.0,3191.0,3183.0,3190.0,2000,0.0,0.0
2024-09-20 09:15:00+09:00,3190.0,3196.0,3188.0,3196.0,1700,0.0,0.0
2024-09-20 09:20:00+09:00,3197.0,3202.0,3195.0,3200.0,1900,0.0,0.0
2024-09-20 09:25:00+09:00,3204.0,3204.0,3194.0,3194.0,8200,0.0,0.0
2024-09-20 09:30:00+09:00,3192.0,3197.0,3191.0,3197.0,1700,0.0,0.0
2024-09-20 09:35:00+09:00,3197.0,3197.0,3195.0,3195.0,1000,0.0,0.0
2024-09-20 09:40:00+09:00,3194.0,3194.0,3191.0,3191.0,800,0.0,0.0
2024-09-20 09:45:00+09:00,3191.0,3194.0,3191.0,3193.0,1500,0.0,0.0
2024-09-20 09:50:00+09:00,3194.0,3197.0,3193.0,3197.0,1300,0.0,0.0
2024-09-20 09:55:00+09:00,3197.0,3199.0,3194.0,3194.0,3500,0.0,0.0
2024-09-20 10:00:00+09:00,3193.0,3197.0,3191.0,3194.0,2300,0.0,0.0
2024-09-20 10:05:00+09:00,3194.0,3205.0,3194.0,3203.0,7900,0.0,0.0
2024-09-20 10:10:00+09:00,3202.0,3204.0,3200.0,3203.0,2200,0.0,0.0
2024-09-20 10:15:00+09:00,3203.0,3205.0,3201.0,3205.0,1300,0.0,0.0
2024-09-20 10:20:00+09:00,3206.0,3209.0,3206.0,3206.0,1100,0.0,0.0
2024-09-20 10:25:00+09:00,3207.0,3207.0,3205.0,3205.0,1900,0.0,0.0
2024-09-20 10:30:00+09:00,3205.0,3205.0,3203.0,3204.0,1000,0.0,0.0
2024-09-20 10:35:00+09:00,3203.0,3204.0,3199.0,3202.0,1900,0.0,0.0
2024-09-20 10:40:00+09:00,3205.0,3207.0,3205.0,3205.0,500,0.0,0.0
2024-09-20 10:45:00+09:00,3207.0,3209.0,3206.0,3206.0,1000,0.0,0.0
2024-09-20 10:50:00+09:00,3205.0,3205.0,3203.0,3204.0,3300,0.0,0.0
2024-09-20 10:55:00+09:00,3203.0,3204.0,3203.0,3204.0,500,0.0,0.0
2024-09-20 11:00:00+09:00,3203.0,3204.0,3202.0,3203.0,1000,0.0,0.0
2024-09-20 11:05:00+09:00,3203.0,3206.0,3199.0,3199.0,3700,0.0,0.0
2024-09-20 11:10:00+09:00,3202.0,3202.0,3200.0,3200.0,800,0.0,0.0
2024-09-20 11:15:00+09:00,3199.0,3202.0,3194.0,3194.0,5700,0.0,0.0
2024-09-20 11:20:00+09:00,3192.0,3197.0,3192.0,3197.0,1500,0.0,0.0
2024-09-20 11:25:00+09:00,3196.0,3199.0,3195.0,3195.0,1100,0.0,0.0
2024-09-20 11:30:00+09:00,3200.0,3200.0,3200.0,3200.0,700,0.0,0.0
2024-09-20 11:35:00+09:00,3200.0,3200.0,3200.0,3200.0,0,0.0,0.0
2024-09-20 12:30:00+09:00,3179.0,3192.0,3179.0,3187.0,105500,0.0,0.0
2024-09-20 12:35:00+09:00,3186.0,3191.0,3186.0,3190.0,1600,0.0,0.0
2024-09-20 12:40:00+09:00,3190.0,3191.0,3188.0,3188.0,500,0.0,0.0
2024-09-20 12:45:00+09:00,3189.0,3193.0,3188.0,3190.0,2100,0.0,0.0
2024-09-20 12:50:00+09:00,3189.0,3189.0,3188.0,3188.0,500,0.0,0.0
2024-09-20 12:55:00+09:00,3187.0,3192.0,3187.0,3192.0,2200,0.0,0.0
2024-09-20 13:00:00+09:00,3191.0,3191.0,3186.0,3186.0,1800,0.0,0.0
2024-09-20 13:05:00+09:00,3185.0,3187.0,3180.0,3187.0,2200,0.0,0.0
2024-09-20 13:10:00+09:00,3186.0,3188.0,3185.0,3186.0,800,0.0,0.0
2024-09-20 13:15:00+09:00,3184.0,3186.0,3182.0,3186.0,1100,0.0,0.0
2024-09-20 13:20:00+09:00,3185.0,3186.0,3183.0,3184.0,1400,0.0,0.0
2024-09-20 13:25:00+09:00,3182.0,3184.0,3182.0,3184.0,500,0.0,0.0
2024-09-20 13:30:00+09:00,3184.0,3188.0,3184.0,3188.0,1600,0.0,0.0
2024-09-20 13:35:00+09:00,3186.0,3187.0,3185.0,3185.0,500,0.0,0.0
2024-09-20 13:40:00+09:00,3184.0,3184.0,3182.0,3182.0,1200,0.0,0.0
2024-09-20 13:45:00+09:00,3181.0,3195.0,3181.0,3190.0,7600,0.0,0.0
2024-09-20 13:50:00+09:00,3190.0,3190.0,3187.0,3187.0,900,0.0,0.0
2024-09-20 13:55:00+09:00,3188.0,3189.0,3187.0,3187.0,2000,0.0,0.0
2024-09-20 14:00:00+09:00,3186.0,3186.0,3183.0,3183.0,1500,0.0,0.0
2024-09-20 14:05:00+09:00,3181.0,3181.0,3180.0,3180.0,800,0.0,0.0
2024-09-20 14:10:00+09:00,3180.0,3183.0,3180.0,3181.0,4000,0.0,0.0
2024-09-20 14:15:00+09:00,3181.0,3181.0,3174.0,3175.0,2100,0.0,0.0
2024-09-20 14:20:00+09:00,3175.0,3176.0,3174.0,3174.0,2200,0.0,0.0
2024-09-20 14:25:00+09:00,3174.0,3174.0,3171.0,3172.0,4000,0.0,0.0
2024-09-20 14:30:00+09:00,3170.0,3171.0,3166.0,3171.0,2800,0.0,0.0
2024-09-20 14:35:00+09:00,3171.0,3171.0,3165.0,3167.0,2500,0.0,0.0
2024-09-20 14:40:00+09:00,3168.0,3174.0,3168.0,3173.0,4300,0.0,0.0
2024-09-20 14:45:00+09:00,3172.0,3179.0,3169.0,3179.0,7800,0.0,0.0
2024-09-20 14:50:00+09:00,3177.0,3185.0,3176.0,3178.0,11400,0.0,0.0
2024-09-20 14:55:00+09:00,3178.0,3183.0,3173.0,3173.0,19000,0.0,0.0
2024-09-24 09:00:00+09:00,3217.0,3235.0,3189.0,3226.0,27500,0.0,0.0
2024-09-24 09:05:00+09:00,3224.0,3227.0,3215.0,3220.0,5100,0.0,0.0
2024-09-24 09:10:00+09:00,3218.0,3227.0,3216.0,3222.0,4300,0.0,0.0
2024-09-24 09:15:00+09:00,3222.0,3222.0,3209.0,3214.0,3600,0.0,0.0
2024-09-24 09:20:00+09:00,3211.0,3217.0,3211.0,3217.0,2800,0.0,0.0
2024-09-24 09:25:00+09:00,3219.0,3226.0,3218.0,3226.0,3500,0.0,0.0
2024-09-24 09:30:00+09:00,3224.0,3225.0,3222.0,3223.0,3900,0.0,0.0
2024-09-24 09:35:00+09:00,3223.0,3225.0,3221.0,3223.0,3000,0.0,0.0
2024-09-24 09:40:00+09:00,3223.0,3223.0,3216.0,3221.0,0,0.0,0.0
2024-09-24 09:45:00+09:00,3220.0,3223.0,3219.0,3220.0,62500,0.0,0.0
2024-09-24 09:50:00+09:00,3222.0,3222.0,3217.0,3220.0,3800,0.0,0.0
2024-09-24 09:55:00+09:00,3220.0,3221.0,3218.0,3219.0,2800,0.0,0.0
2024-09-24 10:00:00+09:00,3218.0,3226.0,3218.0,3226.0,4800,0.0,0.0
2024-09-24 10:05:00+09:00,3224.0,3230.0,3224.0,3229.0,2800,0.0,0.0
2024-09-24 10:10:00+09:00,3230.0,3234.0,3228.0,3232.0,3700,0.0,0.0
2024-09-24 10:15:00+09:00,3234.0,3236.0,3233.0,3236.0,1800,0.0,0.0
2024-09-24 10:20:00+09:00,3234.0,3238.0,3233.0,3238.0,3400,0.0,0.0
2024-09-24 10:25:00+09:00,3237.0,3241.0,3235.0,3235.0,6500,0.0,0.0
2024-09-24 10:30:00+09:00,3236.0,3236.0,3231.0,3232.0,3200,0.0,0.0
2024-09-24 10:35:00+09:00,3231.0,3231.0,3228.0,3228.0,2200,0.0,0.0
2024-09-24 10:40:00+09:00,3228.0,3232.0,3226.0,3228.0,3700,0.0,0.0
2024-09-24 10:45:00+09:00,3231.0,3232.0,3228.0,3228.0,2500,0.0,0.0
2024-09-24 10:50:00+09:00,3226.0,3226.0,3224.0,3226.0,1500,0.0,0.0
2024-09-24 10:55:00+09:00,3227.0,3230.0,3226.0,3226.0,3300,0.0,0.0
2024-09-24 11:00:00+09:00,3225.0,3225.0,3217.0,3217.0,3200,0.0,0.0
2024-09-24 11:05:00+09:00,3217.0,3217.0,3215.0,3215.0,1900,0.0,0.0
2024-09-24 11:10:00+09:00,3216.0,3217.0,3215.0,3215.0,2100,0.0,0.0
2024-09-24 11:15:00+09:00,3214.0,3214.0,3211.0,3213.0,2600,0.0,0.0
2024-09-24 11:20:00+09:00,3213.0,3215.0,3202.0,3205.0,3600,0.0,0.0
2024-09-24 11:25:00+09:00,3206.0,3208.0,3206.0,3206.0,1500,0.0,0.0
2024-09-24 11:30:00+09:00,3209.0,3209.0,3209.0,3209.0,600,0.0,0.0
2024-09-24 11:35:00+09:00,3209.0,3209.0,3209.0,3209.0,0,0.0,0.0
2024-09-24 12:30:00+09:00,3207.0,3211.0,3207.0,3207.0,131300,0.0,0.0
2024-09-24 12:35:00+09:00,3205.0,3207.0,3203.0,3206.0,2500,0.0,0.0
2024-09-24 12:40:00+09:00,3206.0,3209.0,3206.0,3209.0,1600,0.0,0.0
2024-09-24 12:45:00+09:00,3207.0,3213.0,3207.0,3211.0,4100,0.0,0.0
2024-09-24 12:50:00+09:00,3210.0,3211.0,3209.0,3209.0,2100,0.0,0.0
2024-09-24 12:55:00+09:00,3209.0,3209.0,3204.0,3205.0,2700,0.0,0.0
2024-09-24 13:00:00+09:00,3204.0,3205.0,3204.0,3204.0,2100,0.0,0.0
2024-09-24 13:05:00+09:00,3204.0,3207.0,3204.0,3207.0,2600,0.0,0.0
2024-09-24 13:10:00+09:00,3207.0,3211.0,3207.0,3209.0,3400,0.0,0.0
2024-09-24 13:15:00+09:00,3208.0,3208.0,3202.0,3202.0,1800,0.0,0.0
2024-09-24 13:20:00+09:00,3204.0,3208.0,3203.0,3208.0,2800,0.0,0.0
2024-09-24 13:25:00+09:00,3210.0,3215.0,3210.0,3215.0,5800,0.0,0.0
2024-09-24 13:30:00+09:00,3214.0,3215.0,3212.0,3213.0,2600,0.0,0.0
2024-09-24 13:35:00+09:00,3213.0,3214.0,3209.0,3212.0,3300,0.0,0.0
2024-09-24 13:40:00+09:00,3212.0,3214.0,3212.0,3213.0,3100,0.0,0.0
2024-09-24 13:45:00+09:00,3213.0,3214.0,3209.0,3209.0,2500,0.0,0.0
2024-09-24 13:50:00+09:00,3208.0,3209.0,3207.0,3207.0,2400,0.0,0.0
2024-09-24 13:55:00+09:00,3207.0,3207.0,3203.0,3203.0,2700,0.0,0.0
2024-09-24 14:00:00+09:00,3203.0,3207.0,3203.0,3207.0,3200,0.0,0.0
2024-09-24 14:05:00+09:00,3206.0,3210.0,3206.0,3209.0,3000,0.0,0.0
2024-09-24 14:10:00+09:00,3208.0,3211.0,3208.0,3208.0,3600,0.0,0.0
2024-09-24 14:15:00+09:00,3207.0,3210.0,3207.0,3210.0,1800,0.0,0.0
2024-09-24 14:20:00+09:00,3209.0,3215.0,3208.0,3210.0,10800,0.0,0.0
2024-09-24 14:25:00+09:00,3209.0,3209.0,3207.0,3207.0,2400,0.0,0.0
2024-09-24 14:30:00+09:00,3207.0,3210.0,3206.0,3210.0,3500,0.0,0.0
2024-09-24 14:35:00+09:00,3211.0,3211.0,3208.0,3209.0,3600,0.0,0.0
2024-09-24 14:40:00+09:00,3209.0,3210.0,3206.0,3206.0,6900,0.0,0.0
2024-09-24 14:45:00+09:00,3205.0,3210.0,3205.0,3207.0,6000,0.0,0.0
2024-09-24 14:50:00+09:00,3205.0,3206.0,3201.0,3205.0,6900,0.0,0.0
2024-09-24 14:55:00+09:00,3205.0,3205.0,3194.0,3194.0,14600,0.0,0.0
2024-09-25 09:00:00+09:00,3161.0,3176.0,3160.0,3163.0,24000,0.0,0.0
2024-09-25 09:05:00+09:00,3162.0,3174.0,3162.0,3172.0,4800,0.0,0.0
2024-09-25 09:10:00+09:00,3171.0,3176.0,3159.0,3162.0,4600,0.0,0.0
2024-09-25 09:15:00+09:00,3160.0,3163.0,3154.0,3154.0,2800,0.0,0.0
2024-09-25 09:20:00+09:00,3152.0,3155.0,3148.0,3151.0,4000,0.0,0.0
2024-09-25 09:25:00+09:00,3150.0,3150.0,3139.0,3141.0,3300,0.0,0.0
2024-09-25 09:30:00+09:00,3141.0,3142.0,3134.0,3138.0,2700,0.0,0.0
2024-09-25 09:35:00+09:00,3139.0,3139.0,3132.0,3139.0,3800,0.0,0.0
2024-09-25 09:40:00+09:00,3140.0,3141.0,3135.0,3140.0,3100,0.0,0.0
2024-09-25 09:45:00+09:00,3139.0,3145.0,3139.0,3142.0,2700,0.0,0.0
2024-09-25 09:50:00+09:00,3143.0,3149.0,3141.0,3149.0,2900,0.0,0.0
2024-09-25 09:55:00+09:00,3149.0,3149.0,3147.0,3147.0,1000,0.0,0.0
2024-09-25 10:00:00+09:00,3149.0,3151.0,3145.0,3148.0,2200,0.0,0.0
2024-09-25 10:05:00+09:00,3151.0,3153.0,3147.0,3147.0,2200,0.0,0.0
2024-09-25 10:10:00+09:00,3145.0,3150.0,3145.0,3149.0,2000,0.0,0.0
2024-09-25 10:15:00+09:00,3147.0,3147.0,3143.0,3145.0,1700,0.0,0.0
2024-09-25 10:20:00+09:00,3146.0,3148.0,3146.0,3148.0,1100,0.0,0.0
2024-09-25 10:25:00+09:00,3149.0,3155.0,3149.0,3154.0,2400,0.0,0.0
2024-09-25 10:30:00+09:00,3155.0,3156.0,3154.0,3156.0,1100,0.0,0.0
2024-09-25 10:35:00+09:00,3157.0,3158.0,3154.0,3154.0,2600,0.0,0.0
2024-09-25 10:40:00+09:00,3153.0,3153.0,3153.0,3153.0,500,0.0,0.0
2024-09-25 10:45:00+09:00,3153.0,3153.0,3153.0,3153.0,900,0.0,0.0
2024-09-25 10:50:00+09:00,3153.0,3156.0,3152.0,3152.0,2600,0.0,0.0
2024-09-25 10:55:00+09:00,3151.0,3155.0,3151.0,3155.0,1200,0.0,0.0
2024-09-25 11:00:00+09:00,3157.0,3157.0,3152.0,3155.0,2200,0.0,0.0
2024-09-25 11:05:00+09:00,3156.0,3164.0,3155.0,3164.0,2000,0.0,0.0
2024-09-25 11:10:00+09:00,3165.0,3166.0,3163.0,3166.0,1600,0.0,0.0
2024-09-25 11:15:00+09:00,3166.0,3169.0,3164.0,3165.0,2600,0.0,0.0
2024-09-25 11:20:00+09:00,3166.0,3167.0,3164.0,3164.0,900,0.0,0.0
2024-09-25 11:25:00+09:00,3164.0,3165.0,3161.0,3162.0,1800,0.0,0.0
2024-09-25 11:30:00+09:00,3161.0,3161.0,3161.0,3161.0,300,0.0,0.0
2024-09-25 11:35:00+09:00,3161.0,3161.0,3161.0,3161.0,0,0.0,0.0
2024-09-25 12:30:00+09:00,3155.0,3164.0,3151.0,3162.0,100300,0.0,0.0
2024-09-25 12:35:00+09:00,3163.0,3163.0,3159.0,3160.0,1600,0.0,0.0
2024-09-25 12:40:00+09:00,3159.0,3159.0,3154.0,3155.0,1700,0.0,0.0
2024-09-25 12:45:00+09:00,3153.0,3155.0,3153.0,3155.0,1000,0.0,0.0
2024-09-25 12:50:00+09:00,3154.0,3157.0,3153.0,3157.0,2500,0.0,0.0
2024-09-25 12:55:00+09:00,3157.0,3160.0,3157.0,3160.0,1000,0.0,0.0
2024-09-25 13:00:00+09:00,3160.0,3161.0,3159.0,3159.0,3200,0.0,0.0
2024-09-25 13:05:00+09:00,3160.0,3162.0,3159.0,3162.0,1500,0.0,0.0
2024-09-25 13:10:00+09:00,3162.0,3162.0,3161.0,3161.0,2200,0.0,0.0
2024-09-25 13:15:00+09:00,3160.0,3160.0,3155.0,3155.0,3100,0.0,0.0
2024-09-25 13:20:00+09:00,3155.0,3159.0,3153.0,3159.0,1000,0.0,0.0
2024-09-25 13:25:00+09:00,3158.0,3160.0,3157.0,3157.0,1700,0.0,0.0
2024-09-25 13:30:00+09:00,3156.0,3160.0,3156.0,3160.0,1200,0.0,0.0
2024-09-25 13:35:00+09:00,3158.0,3160.0,3156.0,3159.0,4400,0.0,0.0
2024-09-25 13:40:00+09:00,3161.0,3163.0,3159.0,3161.0,2400,0.0,0.0
2024-09-25 13:45:00+09:00,3162.0,3165.0,3162.0,3165.0,1400,0.0,0.0
2024-09-25 13:50:00+09:00,3163.0,3163.0,3162.0,3163.0,400,0.0,0.0
2024-09-25 13:55:00+09:00,3162.0,3162.0,3161.0,3162.0,1700,0.0,0.0
2024-09-25 14:00:00+09:00,3162.0,3162.0,3161.0,3161.0,1600,0.0,0.0
2024-09-25 14:05:00+09:00,3162.0,3164.0,3162.0,3164.0,1500,0.0,0.0
2024-09-25 14:10:00+09:00,3164.0,3164.0,3163.0,3163.0,3200,0.0,0.0
2024-09-25 14:15:00+09:00,3162.0,3164.0,3162.0,3164.0,1500,0.0,0.0
2024-09-25 14:20:00+09:00,3163.0,3165.0,3162.0,3165.0,2900,0.0,0.0
2024-09-25 14:25:00+09:00,3165.0,3168.0,3165.0,3168.0,2300,0.0,0.0
2024-09-25 14:30:00+09:00,3168.0,3168.0,3166.0,3168.0,5500,0.0,0.0
2024-09-25 14:35:00+09:00,3169.0,3169.0,3166.0,3166.0,3600,0.0,0.0
2024-09-25 14:40:00+09:00,3165.0,3175.0,3162.0,3170.0,24500,0.0,0.0
2024-09-25 14:45:00+09:00,3169.0,3169.0,3160.0,3162.0,3300,0.0,0.0
2024-09-25 14:50:00+09:00,3162.0,3167.0,3162.0,3167.0,8000,0.0,0.0
2024-09-25 14:55:00+09:00,3166.0,3176.0,3160.0,3173.0,34200,0.0,0.0
2024-09-26 09:00:00+09:00,3199.0,3211.0,3173.0,3196.0,26800,0.0,0.0
2024-09-26 09:05:00+09:00,3199.0,3204.0,3195.0,3203.0,4900,0.0,0.0
2024-09-26 09:10:00+09:00,3206.0,3208.0,3200.0,3201.0,2000,0.0,0.0
2024-09-26 09:15:00+09:00,3198.0,3203.0,3198.0,3203.0,900,0.0,0.0
2024-09-26 09:20:00+09:00,3205.0,3210.0,3203.0,3203.0,3600,0.0,0.0
2024-09-26 09:25:00+09:00,3204.0,3204.0,3201.0,3203.0,1100,0.0,0.0
2024-09-26 09:30:00+09:00,3204.0,3205.0,3197.0,3197.0,3100,0.0,0.0
2024-09-26 09:35:00+09:00,3196.0,3196.0,3193.0,3193.0,1000,0.0,0.0
2024-09-26 09:40:00+09:00,3192.0,3192.0,3188.0,3189.0,2500,0.0,0.0
2024-09-26 09:45:00+09:00,3185.0,3187.0,3185.0,3187.0,400,0.0,0.0
2024-09-26 09:50:00+09:00,3187.0,3188.0,3183.0,3187.0,3100,0.0,0.0
2024-09-26 09:55:00+09:00,3188.0,3196.0,3188.0,3196.0,1900,0.0,0.0
2024-09-26 10:00:00+09:00,3196.0,3197.0,3192.0,3192.0,2000,0.0,0.0
2024-09-26 10:05:00+09:00,3191.0,3192.0,3189.0,3190.0,1100,0.0,0.0
2024-09-26 10:10:00+09:00,3192.0,3193.0,3192.0,3192.0,1500,0.0,0.0
2024-09-26 10:15:00+09:00,3191.0,3194.0,3191.0,3193.0,1300,0.0,0.0
2024-09-26 10:20:00+09:00,3193.0,3199.0,3193.0,3197.0,3800,0.0,0.0
2024-09-26 10:25:00+09:00,3198.0,3199.0,3194.0,3194.0,3300,0.0,0.0
2024-09-26 10:30:00+09:00,3195.0,3197.0,3194.0,3197.0,3000,0.0,0.0
2024-09-26 10:35:00+09:00,3195.0,3195.0,3189.0,3193.0,3600,0.0,0.0
2024-09-26 10:40:00+09:00,3194.0,3198.0,3194.0,3198.0,2200,0.0,0.0
2024-09-26 10:45:00+09:00,3199.0,3201.0,3197.0,3201.0,2000,0.0,0.0
2024-09-26 10:50:00+09:00,3202.0,3203.0,3202.0,3203.0,400,0.0,0.0
2024-09-26 10:55:00+09:00,3204.0,3204.0,3199.0,3199.0,2000,0.0,0.0
2024-09-26 11:00:00+09:00,3200.0,3204.0,3199.0,3199.0,3700,0.0,0.0
2024-09-26 11:05:00+09:00,3199.0,3201.0,3199.0,3200.0,1700,0.0,0.0
2024-09-26 11:10:00+09:00,3199.0,3204.0,3199.0,3203.0,2600,0.0,0.0
2024-09-26 11:15:00+09:00,3202.0,3209.0,3201.0,3209.0,2700,0.0,0.0
2024-09-26 11:20:00+09:00,3210.0,3212.0,3206.0,3206.0,4500,0.0,0.0
2024-09-26 11:25:00+09:00,3205.0,3213.0,3205.0,3210.0,3100,0.0,0.0
2024-09-26 11:30:00+09:00,3214.0,3214.0,3214.0,3214.0,300,0.0,0.0
2024-09-26 11:35:00+09:00,3214.0,3214.0,3214.0,3214.0,0,0.0,0.0
2024-09-26 12:30:00+09:00,3210.0,3210.0,3205.0,3208.0,107500,0.0,0.0
2024-09-26 12:35:00+09:00,3208.0,3210.0,3207.0,3210.0,3600,0.0,0.0
2024-09-26 12:40:00+09:00,3210.0,3210.0,3208.0,3210.0,2400,0.0,0.0
2024-09-26 12:45:00+09:00,3210.0,3213.0,3210.0,3213.0,2900,0.0,0.0
2024-09-26 12:50:00+09:00,3214.0,3216.0,3210.0,3215.0,4600,0.0,0.0
2024-09-26 12:55:00+09:00,3215.0,3224.0,3214.0,3218.0,5200,0.0,0.0
2024-09-26 13:00:00+09:00,3216.0,3216.0,3209.0,3209.0,2600,0.0,0.0
2024-09-26 13:05:00+09:00,3207.0,3212.0,3207.0,3210.0,2700,0.0,0.0
2024-09-26 13:10:00+09:00,3209.0,3211.0,3208.0,3210.0,2100,0.0,0.0
2024-09-26 13:15:00+09:00,3210.0,3210.0,3208.0,3208.0,1800,0.0,0.0
2024-09-26 13:20:00+09:00,3207.0,3216.0,3206.0,3216.0,5100,0.0,0.0
2024-09-26 13:25:00+09:00,3216.0,3218.0,3215.0,3218.0,2600,0.0,0.0
2024-09-26 13:30:00+09:00,3217.0,3220.0,3214.0,3214.0,3000,0.0,0.0
2024-09-26 13:35:00+09:00,3214.0,3214.0,3212.0,3212.0,1600,0.0,0.0
2024-09-26 13:40:00+09:00,3212.0,3213.0,3210.0,3212.0,4100,0.0,0.0
2024-09-26 13:45:00+09:00,3211.0,3228.0,3210.0,3226.0,14500,0.0,0.0
2024-09-26 13:50:00+09:00,3226.0,3228.0,3223.0,3224.0,3800,0.0,0.0
2024-09-26 13:55:00+09:00,3224.0,3225.0,3216.0,3220.0,4900,0.0,0.0
2024-09-26 14:00:00+09:00,3221.0,3224.0,3217.0,3224.0,4500,0.0,0.0
2024-09-26 14:05:00+09:00,3223.0,3224.0,3223.0,3224.0,2700,0.0,0.0
2024-09-26 14:10:00+09:00,3224.0,3226.0,3224.0,3226.0,4700,0.0,0.0
2024-09-26 14:15:00+09:00,3226.0,3232.0,3226.0,3232.0,6200,0.0,0.0
2024-09-26 14:20:00+09:00,3233.0,3234.0,3233.0,3233.0,1900,0.0,0.0
2024-09-26 14:25:00+09:00,3232.0,3232.0,3228.0,3229.0,7100,0.0,0.0
2024-09-26 14:30:00+09:00,3228.0,3236.0,3228.0,3234.0,6100,0.0,0.0
2024-09-26 14:35:00+09:00,3235.0,3235.0,3228.0,3231.0,4500,0.0,0.0
2024-09-26 14:40:00+09:00,3230.0,3234.0,3229.0,3232.0,7500,0.0,0.0
2024-09-26 14:45:00+09:00,3233.0,3250.0,3228.0,3236.0,27300,0.0,0.0
2024-09-26 14:50:00+09:00,3233.0,3241.0,3232.0,3241.0,11900,0.0,0.0
2024-09-26 14:55:00+09:00,3240.0,3242.0,3228.0,3228.0,14300,0.0,0.0
2024-09-27 09:00:00+09:00,3229.0,3238.0,3185.0,3202.0,44500,0.0,0.0
2024-09-27 09:05:00+09:00,3205.0,3218.0,3205.0,3207.0,3000,0.0,0.0
2024-09-27 09:10:00+09:00,3210.0,3215.0,3210.0,3212.0,2500,0.0,0.0
2024-09-27 09:15:00+09:00,3214.0,3216.0,3209.0,3209.0,2900,0.0,0.0
2024-09-27 09:20:00+09:00,3208.0,3208.0,3200.0,3200.0,2000,0.0,0.0
2024-09-27 09:25:00+09:00,3198.0,3198.0,3195.0,3197.0,2700,0.0,0.0
2024-09-27 09:30:00+09:00,3197.0,3206.0,3197.0,3203.0,3000,0.0,0.0
2024-09-27 09:35:00+09:00,3205.0,3206.0,3203.0,3205.0,1300,0.0,0.0
2024-09-27 09:40:00+09:00,3206.0,3206.0,3200.0,3203.0,2100,0.0,0.0
2024-09-27 09:45:00+09:00,3205.0,3205.0,3196.0,3198.0,2400,0.0,0.0
2024-09-27 09:50:00+09:00,3197.0,3200.0,3196.0,3196.0,2000,0.0,0.0
2024-09-27 09:55:00+09:00,3194.0,3196.0,3194.0,3194.0,600,0.0,0.0
2024-09-27 10:00:00+09:00,3196.0,3198.0,3196.0,3198.0,0,0.0,0.0
2024-09-27 10:05:00+09:00,3200.0,3204.0,3199.0,3202.0,75500,0.0,0.0
2024-09-27 10:10:00+09:00,3201.0,3202.0,3200.0,3200.0,2000,0.0,0.0
2024-09-27 10:15:00+09:00,3199.0,3205.0,3199.0,3202.0,3900,0.0,0.0
2024-09-27 10:20:00+09:00,3202.0,3205.0,3201.0,3205.0,1500,0.0,0.0
2024-09-27 10:25:00+09:00,3205.0,3208.0,3201.0,3204.0,2900,0.0,0.0
2024-09-27 10:30:00+09:00,3205.0,3211.0,3205.0,3207.0,3200,0.0,0.0
2024-09-27 10:35:00+09:00,3207.0,3208.0,3204.0,3205.0,1400,0.0,0.0
2024-09-27 10:40:00+09:00,3204.0,3206.0,3200.0,3200.0,2600,0.0,0.0
2024-09-27 10:45:00+09:00,3200.0,3200.0,3199.0,3199.0,900,0.0,0.0
2024-09-27 10:50:00+09:00,3199.0,3204.0,3198.0,3203.0,3100,0.0,0.0
2024-09-27 10:55:00+09:00,3203.0,3203.0,3192.0,3192.0,3700,0.0,0.0
2024-09-27 11:00:00+09:00,3191.0,3193.0,3187.0,3187.0,3800,0.0,0.0
2024-09-27 11:05:00+09:00,3187.0,3188.0,3185.0,3186.0,2100,0.0,0.0
2024-09-27 11:10:00+09:00,3185.0,3188.0,3182.0,3187.0,3800,0.0,0.0
2024-09-27 11:15:00+09:00,3188.0,3190.0,3185.0,3185.0,2300,0.0,0.0
2024-09-27 11:20:00+09:00,3185.0,3189.0,3183.0,3188.0,4600,0.0,0.0
2024-09-27 11:25:00+09:00,3188.0,3188.0,3185.0,3188.0,1100,0.0,0.0
2024-09-27 11:30:00+09:00,3191.0,3191.0,3191.0,3191.0,300,0.0,0.0
2024-09-27 11:35:00+09:00,3191.0,3191.0,3191.0,3191.0,0,0.0,0.0
2024-09-27 12:30:00+09:00,3193.0,3193.0,3183.0,3190.0,130100,0.0,0.0
2024-09-27 12:35:00+09:00,3191.0,3194.0,3191.0,3193.0,2800,0.0,0.0
2024-09-27 12:40:00+09:00,3192.0,3196.0,3190.0,3194.0,3300,0.0,0.0
2024-09-27 12:45:00+09:00,3195.0,3198.0,3192.0,3192.0,2700,0.0,0.0
2024-09-27 12:50:00+09:00,3193.0,3195.0,3192.0,3192.0,1600,0.0,0.0
2024-09-27 12:55:00+09:00,3194.0,3199.0,3194.0,3196.0,4000,0.0,0.0
2024-09-27 13:00:00+09:00,3197.0,3206.0,3196.0,3202.0,4500,0.0,0.0
2024-09-27 13:05:00+09:00,3203.0,3208.0,3203.0,3206.0,1000,0.0,0.0
2024-09-27 13:10:00+09:00,3208.0,3209.0,3205.0,3206.0,2400,0.0,0.0
2024-09-27 13:15:00+09:00,3204.0,3206.0,3202.0,3202.0,1600,0.0,0.0
2024-09-27 13:20:00+09:00,3204.0,3205.0,3204.0,3204.0,800,0.0,0.0
2024-09-27 13:25:00+09:00,3205.0,3209.0,3205.0,3208.0,1900,0.0,0.0
2024-09-27 13:30:00+09:00,3208.0,3209.0,3206.0,3208.0,2700,0.0,0.0
2024-09-27 13:35:00+09:00,3210.0,3213.0,3209.0,3211.0,2300,0.0,0.0
2024-09-27 13:40:00+09:00,3213.0,3216.0,3209.0,3209.0,6500,0.0,0.0
2024-09-27 13:45:00+09:00,3210.0,3212.0,3208.0,3209.0,1700,0.0,0.0
2024-09-27 13:50:00+09:00,3208.0,3218.0,3208.0,3218.0,3700,0.0,0.0
2024-09-27 13:55:00+09:00,3217.0,3217.0,3213.0,3213.0,1900,0.0,0.0
2024-09-27 14:00:00+09:00,3213.0,3213.0,3208.0,3209.0,2600,0.0,0.0
2024-09-27 14:05:00+09:00,3210.0,3220.0,3210.0,3214.0,3200,0.0,0.0
2024-09-27 14:10:00+09:00,3213.0,3217.0,3206.0,3212.0,4000,0.0,0.0
2024-09-27 14:15:00+09:00,3208.0,3216.0,3208.0,3216.0,2900,0.0,0.0
2024-09-27 14:20:00+09:00,3215.0,3228.0,3215.0,3228.0,4100,0.0,0.0
2024-09-27 14:25:00+09:00,3227.0,3227.0,3212.0,3215.0,6400,0.0,0.0
2024-09-27 14:30:00+09:00,3215.0,3215.0,3211.0,3212.0,2400,0.0,0.0
2024-09-27 14:35:00+09:00,3211.0,3219.0,3211.0,3216.0,3400,0.0,0.0
2024-09-27 14:40:00+09:00,3216.0,3221.0,3216.0,3221.0,6100,0.0,0.0
2024-09-27 14:45:00+09:00,3221.0,3222.0,3216.0,3218.0,5100,0.0,0.0
2024-09-27 14:50:00+09:00,3220.0,3221.0,3210.0,3210.0,7600,0.0,0.0
2024-09-27 14:55:00+09:00,3211.0,3226.0,3211.0,3226.0,16200,0.0,0.0
2024-09-30 09:05:00+09:00,3076.0,3115.0,3076.0,3113.0,47700,0.0,0.0
2024-09-30 09:10:00+09:00,3115.0,3119.0,3103.0,3103.0,12600,0.0,0.0
2024-09-30 09:15:00+09:00,3102.0,3128.0,3102.0,3119.0,14500,0.0,0.0
2024-09-30 09:20:00+09:00,3119.0,3122.0,3113.0,3116.0,3100,0.0,0.0
2024-09-30 09:25:00+09:00,3115.0,3120.0,3108.0,3108.0,3400,0.0,0.0
2024-09-30 09:30:00+09:00,3115.0,3127.0,3112.0,3124.0,2000,0.0,0.0
2024-09-30 09:35:00+09:00,3126.0,3140.0,3126.0,3137.0,6000,0.0,0.0
2024-09-30 09:40:00+09:00,3134.0,3137.0,3127.0,3128.0,3200,0.0,0.0
2024-09-30 09:45:00+09:00,3125.0,3125.0,3114.0,3115.0,2500,0.0,0.0
2024-09-30 09:50:00+09:00,3113.0,3119.0,3109.0,3115.0,3200,0.0,0.0
2024-09-30 09:55:00+09:00,3116.0,3123.0,3116.0,3123.0,3000,0.0,0.0
2024-09-30 10:00:00+09:00,3130.0,3135.0,3127.0,3133.0,1700,0.0,0.0
2024-09-30 10:05:00+09:00,3138.0,3140.0,3135.0,3138.0,1900,0.0,0.0
2024-09-30 10:10:00+09:00,3143.0,3149.0,3143.0,3144.0,1700,0.0,0.0
2024-09-30 10:15:00+09:00,3144.0,3151.0,3143.0,3150.0,1700,0.0,0.0
2024-09-30 10:20:00+09:00,3149.0,3149.0,3145.0,3145.0,1700,0.0,0.0
2024-09-30 10:25:00+09:00,3144.0,3158.0,3142.0,3155.0,2100,0.0,0.0
2024-09-30 10:30:00+09:00,3158.0,3159.0,3154.0,3156.0,2200,0.0,0.0
2024-09-30 10:35:00+09:00,3153.0,3156.0,3152.0,3153.0,2100,0.0,0.0
2024-09-30 10:40:00+09:00,3156.0,3161.0,3156.0,3156.0,2300,0.0,0.0
2024-09-30 10:45:00+09:00,3161.0,3165.0,3154.0,3161.0,2100,0.0,0.0
2024-09-30 10:50:00+09:00,3162.0,3165.0,3159.0,3165.0,1300,0.0,0.0
2024-09-30 10:55:00+09:00,3167.0,3167.0,3162.0,3162.0,900,0.0,0.0
2024-09-30 11:00:00+09:00,3161.0,3161.0,3156.0,3157.0,1700,0.0,0.0
2024-09-30 11:05:00+09:00,3156.0,3157.0,3155.0,3155.0,1900,0.0,0.0
2024-09-30 11:10:00+09:00,3153.0,3153.0,3149.0,3152.0,1100,0.0,0.0
2024-09-30 11:15:00+09:00,3154.0,3154.0,3151.0,3151.0,1000,0.0,0.0
2024-09-30 11:20:00+09:00,3149.0,3155.0,3149.0,3155.0,700,0.0,0.0
2024-09-30 11:25:00+09:00,3156.0,3164.0,3150.0,3156.0,1900,0.0,0.0
2024-09-30 11:30:00+09:00,3153.0,3153.0,3153.0,3153.0,400,0.0,0.0
2024-09-30 11:35:00+09:00,3153.0,3153.0,3153.0,3153.0,0,0.0,0.0
2024-09-30 12:30:00+09:00,3145.0,3150.0,3142.0,3144.0,141400,0.0,0.0
2024-09-30 12:35:00+09:00,3142.0,3144.0,3140.0,3142.0,3300,0.0,0.0
2024-09-30 12:40:00+09:00,3143.0,3150.0,3143.0,3144.0,3800,0.0,0.0
2024-09-30 12:45:00+09:00,3144.0,3144.0,3141.0,3142.0,1100,0.0,0.0
2024-09-30 12:50:00+09:00,3141.0,3145.0,3140.0,3143.0,1900,0.0,0.0
2024-09-30 12:55:00+09:00,3145.0,3152.0,3145.0,3148.0,3400,0.0,0.0
2024-09-30 13:00:00+09:00,3147.0,3148.0,3145.0,3146.0,1700,0.0,0.0
2024-09-30 13:05:00+09:00,3148.0,3148.0,3143.0,3143.0,1300,0.0,0.0
2024-09-30 13:10:00+09:00,3142.0,3143.0,3138.0,3139.0,2900,0.0,0.0
2024-09-30 13:15:00+09:00,3138.0,3139.0,3135.0,3139.0,2000,0.0,0.0
2024-09-30 13:20:00+09:00,3137.0,3137.0,3134.0,3136.0,1300,0.0,0.0
2024-09-30 13:25:00+09:00,3134.0,3137.0,3133.0,3137.0,1500,0.0,0.0
2024-09-30 13:30:00+09:00,3138.0,3141.0,3138.0,3141.0,1000,0.0,0.0
2024-09-30 13:35:00+09:00,3142.0,3145.0,3140.0,3144.0,2000,0.0,0.0
2024-09-30 13:40:00+09:00,3143.0,3143.0,3139.0,3140.0,2700,0.0,0.0
2024-09-30 13:45:00+09:00,3141.0,3142.0,3139.0,3139.0,2100,0.0,0.0
2024-09-30 13:50:00+09:00,3139.0,3143.0,3139.0,3141.0,2600,0.0,0.0
2024-09-30 13:55:00+09:00,3142.0,3143.0,3140.0,3140.0,1400,0.0,0.0
2024-09-30 14:00:00+09:00,3140.0,3140.0,3134.0,3136.0,2100,0.0,0.0
2024-09-30 14:05:00+09:00,3136.0,3139.0,3133.0,3139.0,2700,0.0,0.0
2024-09-30 14:10:00+09:00,3139.0,3139.0,3133.0,3133.0,2300,0.0,0.0
2024-09-30 14:15:00+09:00,3130.0,3131.0,3127.0,3128.0,2100,0.0,0.0
2024-09-30 14:20:00+09:00,3125.0,3129.0,3125.0,3127.0,1500,0.0,0.0
2024-09-30 14:25:00+09:00,3128.0,3131.0,3128.0,3130.0,2800,0.0,0.0
2024-09-30 14:30:00+09:00,3130.0,3130.0,3125.0,3125.0,3600,0.0,0.0
2024-09-30 14:35:00+09:00,3123.0,3123.0,3116.0,3116.0,2800,0.0,0.0
2024-09-30 14:40:00+09:00,3115.0,3122.0,3113.0,3116.0,7600,0.0,0.0
2024-09-30 14:45:00+09:00,3114.0,3121.0,3114.0,3119.0,5300,0.0,0.0
2024-09-30 14:50:00+09:00,3120.0,3120.0,3109.0,3111.0,11600,0.0,0.0
2024-09-30 14:55:00+09:00,3110.0,3122.0,3107.0,3122.0,22200,0.0,0.0
2024-10-01 09:00:00+09:00,3143.0,3151.0,3120.0,3120.0,21500,0.0,0.0
2024-10-01 09:05:00+09:00,3123.0,3133.0,3122.0,3132.0,1800,0.0,0.0
2024-10-01 09:10:00+09:00,3131.0,3131.0,3114.0,3119.0,2600,0.0,0.0
2024-10-01 09:15:00+09:00,3117.0,3117.0,3115.0,3115.0,900,0.0,0.0
2024-10-01 09:20:00+09:00,3115.0,3116.0,3113.0,3116.0,800,0.0,0.0
2024-10-01 09:25:00+09:00,3114.0,3118.0,3114.0,3115.0,1500,0.0,0.0
2024-10-01 09:30:00+09:00,3116.0,3123.0,3116.0,3122.0,1400,0.0,0.0
2024-10-01 09:35:00+09:00,3125.0,3126.0,3118.0,3124.0,2200,0.0,0.0
2024-10-01 09:40:00+09:00,3126.0,3135.0,3126.0,3130.0,4000,0.0,0.0
2024-10-01 09:45:00+09:00,3132.0,3137.0,3132.0,3134.0,1200,0.0,0.0
2024-10-01 09:50:00+09:00,3134.0,3134.0,3131.0,3132.0,1200,0.0,0.0
2024-10-01 09:55:00+09:00,3132.0,3132.0,3125.0,3126.0,1900,0.0,0.0
2024-10-01 10:00:00+09:00,3125.0,3125.0,3122.0,3122.0,1000,0.0,0.0
2024-10-01 10:05:00+09:00,3123.0,3125.0,3119.0,3124.0,1800,0.0,0.0
2024-10-01 10:10:00+09:00,3125.0,3130.0,3125.0,3130.0,1400,0.0,0.0
2024-10-01 10:15:00+09:00,3127.0,3129.0,3127.0,3129.0,300,0.0,0.0
2024-10-01 10:20:00+09:00,3127.0,3127.0,3123.0,3123.0,800,0.0,0.0
2024-10-01 10:25:00+09:00,3127.0,3129.0,3127.0,3127.0,700,0.0,0.0
2024-10-01 10:30:00+09:00,3129.0,3130.0,3123.0,3123.0,1600,0.0,0.0
2024-10-01 10:35:00+09:00,3125.0,3125.0,3124.0,3124.0,500,0.0,0.0
2024-10-01 10:40:00+09:00,3124.0,3126.0,3124.0,3126.0,500,0.0,0.0
2024-10-01 10:45:00+09:00,3124.0,3126.0,3122.0,3122.0,1700,0.0,0.0
2024-10-01 10:50:00+09:00,3121.0,3121.0,3116.0,3116.0,1700,0.0,0.0
2024-10-01 10:55:00+09:00,3118.0,3120.0,3113.0,3115.0,3300,0.0,0.0
2024-10-01 11:00:00+09:00,3113.0,3113.0,3109.0,3113.0,3300,0.0,0.0
2024-10-01 11:05:00+09:00,3112.0,3114.0,3109.0,3113.0,3500,0.0,0.0
2024-10-01 11:10:00+09:00,3114.0,3114.0,3106.0,3113.0,5900,0.0,0.0
2024-10-01 11:15:00+09:00,3112.0,3122.0,3112.0,3120.0,1600,0.0,0.0
2024-10-01 11:20:00+09:00,3119.0,3123.0,3118.0,3123.0,1400,0.0,0.0
2024-10-01 11:25:00+09:00,3126.0,3126.0,3123.0,3123.0,1400,0.0,0.0
2024-10-01 11:30:00+09:00,3127.0,3127.0,3127.0,3127.0,300,0.0,0.0
2024-10-01 11:35:00+09:00,3127.0,3127.0,3127.0,3127.0,0,0.0,0.0
2024-10-01 12:30:00+09:00,3123.0,3133.0,3123.0,3133.0,79100,0.0,0.0
2024-10-01 12:35:00+09:00,3131.0,3134.0,3128.0,3128.0,3800,0.0,0.0
2024-10-01 12:40:00+09:00,3127.0,3127.0,3124.0,3127.0,2200,0.0,0.0
2024-10-01 12:45:00+09:00,3128.0,3132.0,3128.0,3130.0,1400,0.0,0.0
2024-10-01 12:50:00+09:00,3130.0,3132.0,3128.0,3128.0,2300,0.0,0.0
2024-10-01 12:55:00+09:00,3127.0,3129.0,3126.0,3128.0,1600,0.0,0.0
2024-10-01 13:00:00+09:00,3129.0,3129.0,3126.0,3127.0,1900,0.0,0.0
2024-10-01 13:05:00+09:00,3126.0,3132.0,3125.0,3132.0,2200,0.0,0.0
2024-10-01 13:10:00+09:00,3133.0,3133.0,3126.0,3129.0,3500,0.0,0.0
2024-10-01 13:15:00+09:00,3127.0,3128.0,3125.0,3127.0,900,0.0,0.0
2024-10-01 13:20:00+09:00,3125.0,3125.0,3125.0,3125.0,900,0.0,0.0
2024-10-01 13:25:00+09:00,3125.0,3127.0,3125.0,3127.0,1100,0.0,0.0
2024-10-01 13:30:00+09:00,3126.0,3128.0,3125.0,3127.0,1600,0.0,0.0
2024-10-01 13:35:00+09:00,3128.0,3129.0,3124.0,3127.0,2700,0.0,0.0
2024-10-01 13:40:00+09:00,3128.0,3130.0,3128.0,3130.0,1200,0.0,0.0
2024-10-01 13:45:00+09:00,3132.0,3134.0,3131.0,3134.0,1900,0.0,0.0
2024-10-01 13:50:00+09:00,3135.0,3135.0,3129.0,3130.0,3900,0.0,0.0
2024-10-01 13:55:00+09:00,3130.0,3130.0,3126.0,3128.0,2300,0.0,0.0
2024-10-01 14:00:00+09:00,3127.0,3132.0,3127.0,3132.0,1400,0.0,0.0
2024-10-01 14:05:00+09:00,3130.0,3130.0,3129.0,3130.0,500,0.0,0.0
2024-10-01 14:10:00+09:00,3132.0,3132.0,3130.0,3132.0,2700,0.0,0.0
2024-10-01 14:15:00+09:00,3131.0,3133.0,3130.0,3133.0,2200,0.0,0.0
2024-10-01 14:20:00+09:00,3132.0,3132.0,3129.0,3130.0,2400,0.0,0.0
2024-10-01 14:25:00+09:00,3131.0,3133.0,3131.0,3132.0,1500,0.0,0.0
2024-10-01 14:30:00+09:00,3131.0,3131.0,3129.0,3129.0,5900,0.0,0.0
2024-10-01 14:35:00+09:00,3130.0,3130.0,3124.0,3127.0,4700,0.0,0.0
2024-10-01 14:40:00+09:00,3126.0,3126.0,3121.0,3122.0,5000,0.0,0.0
2024-10-01 14:45:00+09:00,3122.0,3122.0,3118.0,3120.0,4100,0.0,0.0
2024-10-01 14:50:00+09:00,3120.0,3129.0,3120.0,3129.0,6000,0.0,0.0
2024-10-01 14:55:00+09:00,3128.0,3128.0,3120.0,3127.0,14500,0.0,0.0
2024-10-02 09:00:00+09:00,3118.0,3130.0,3110.0,3130.0,14400,0.0,0.0
2024-10-02 09:05:00+09:00,3129.0,3142.0,3128.0,3142.0,3600,0.0,0.0
2024-10-02 09:10:00+09:00,3142.0,3146.0,3139.0,3146.0,3600,0.0,0.0
2024-10-02 09:15:00+09:00,3148.0,3148.0,3142.0,3144.0,1700,0.0,0.0
2024-10-02 09:20:00+09:00,3141.0,3141.0,3139.0,3139.0,1100,0.0,0.0
2024-10-02 09:25:00+09:00,3137.0,3141.0,3137.0,3137.0,800,0.0,0.0
2024-10-02 09:30:00+09:00,3139.0,3139.0,3133.0,3137.0,1900,0.0,0.0
2024-10-02 09:35:00+09:00,3137.0,3138.0,3135.0,3135.0,700,0.0,0.0
2024-10-02 09:40:00+09:00,3135.0,3141.0,3134.0,3141.0,1500,0.0,0.0
2024-10-02 09:45:00+09:00,3139.0,3139.0,3133.0,3134.0,1500,0.0,0.0
2024-10-02 09:50:00+09:00,3133.0,3133.0,3131.0,3132.0,1000,0.0,0.0
2024-10-02 09:55:00+09:00,3132.0,3134.0,3131.0,3131.0,800,0.0,0.0
2024-10-02 10:00:00+09:00,3132.0,3132.0,3126.0,3126.0,1100,0.0,0.0
2024-10-02 10:05:00+09:00,3126.0,3126.0,3123.0,3123.0,500,0.0,0.0
2024-10-02 10:10:00+09:00,3124.0,3124.0,3118.0,3118.0,1400,0.0,0.0
2024-10-02 10:15:00+09:00,3117.0,3119.0,3116.0,3116.0,1100,0.0,0.0
2024-10-02 10:20:00+09:00,3116.0,3121.0,3116.0,3121.0,2900,0.0,0.0
2024-10-02 10:25:00+09:00,3122.0,3122.0,3117.0,3118.0,2300,0.0,0.0
2024-10-02 10:30:00+09:00,3120.0,3124.0,3119.0,3124.0,500,0.0,0.0
2024-10-02 10:35:00+09:00,3124.0,3124.0,3122.0,3123.0,700,0.0,0.0
2024-10-02 10:40:00+09:00,3121.0,3124.0,3121.0,3124.0,200,0.0,0.0
2024-10-02 10:45:00+09:00,3123.0,3123.0,3123.0,3123.0,300,0.0,0.0
2024-10-02 10:50:00+09:00,3122.0,3122.0,3118.0,3119.0,1100,0.0,0.0
2024-10-02 10:55:00+09:00,3118.0,3123.0,3118.0,3120.0,1000,0.0,0.0
2024-10-02 11:00:00+09:00,3120.0,3120.0,3117.0,3119.0,2100,0.0,0.0
2024-10-02 11:05:00+09:00,3121.0,3125.0,3121.0,3123.0,400,0.0,0.0
2024-10-02 11:10:00+09:00,3122.0,3122.0,3119.0,3119.0,1200,0.0,0.0
2024-10-02 11:15:00+09:00,3120.0,3120.0,3118.0,3119.0,800,0.0,0.0
2024-10-02 11:20:00+09:00,3119.0,3123.0,3119.0,3123.0,700,0.0,0.0
2024-10-02 11:25:00+09:00,3123.0,3123.0,3119.0,3122.0,2400,0.0,0.0
2024-10-02 11:30:00+09:00,3127.0,3127.0,3127.0,3127.0,400,0.0,0.0
2024-10-02 11:35:00+09:00,3127.0,3127.0,3127.0,3127.0,0,0.0,0.0
2024-10-02 12:30:00+09:00,3117.0,3130.0,3117.0,3120.0,66400,0.0,0.0
2024-10-02 12:35:00+09:00,3120.0,3125.0,3119.0,3125.0,3600,0.0,0.0
2024-10-02 12:40:00+09:00,3125.0,3125.0,3117.0,3117.0,1600,0.0,0.0
2024-10-02 12:45:00+09:00,3117.0,3121.0,3117.0,3119.0,1500,0.0,0.0
2024-10-02 12:50:00+09:00,3119.0,3119.0,3117.0,3119.0,1100,0.0,0.0
2024-10-02 12:55:00+09:00,3118.0,3118.0,3112.0,3112.0,2100,0.0,0.0
2024-10-02 13:00:00+09:00,3111.0,3114.0,3110.0,3113.0,3800,0.0,0.0
2024-10-02 13:05:00+09:00,3111.0,3113.0,3111.0,3113.0,500,0.0,0.0
2024-10-02 13:10:00+09:00,3113.0,3117.0,3113.0,3115.0,900,0.0,0.0
2024-10-02 13:15:00+09:00,3117.0,3122.0,3117.0,3122.0,1000,0.0,0.0
2024-10-02 13:20:00+09:00,3121.0,3121.0,3117.0,3117.0,1200,0.0,0.0
2024-10-02 13:25:00+09:00,3117.0,3118.0,3116.0,3116.0,1400,0.0,0.0
2024-10-02 13:30:00+09:00,3116.0,3116.0,3103.0,3108.0,4700,0.0,0.0
2024-10-02 13:35:00+09:00,3109.0,3109.0,3105.0,3105.0,1600,0.0,0.0
2024-10-02 13:40:00+09:00,3109.0,3110.0,3107.0,3108.0,1300,0.0,0.0
2024-10-02 13:45:00+09:00,3109.0,3115.0,3109.0,3115.0,1500,0.0,0.0
2024-10-02 13:50:00+09:00,3114.0,3115.0,3113.0,3113.0,800,0.0,0.0
2024-10-02 13:55:00+09:00,3113.0,3113.0,3107.0,3107.0,6100,0.0,0.0
2024-10-02 14:00:00+09:00,3107.0,3112.0,3107.0,3112.0,1800,0.0,0.0
2024-10-02 14:05:00+09:00,3112.0,3114.0,3111.0,3113.0,1100,0.0,0.0
2024-10-02 14:10:00+09:00,3114.0,3115.0,3112.0,3113.0,2800,0.0,0.0
2024-10-02 14:15:00+09:00,3115.0,3118.0,3115.0,3116.0,800,0.0,0.0
2024-10-02 14:20:00+09:00,3116.0,3116.0,3110.0,3112.0,2300,0.0,0.0
2024-10-02 14:25:00+09:00,3109.0,3109.0,3106.0,3108.0,3300,0.0,0.0
2024-10-02 14:30:00+09:00,3109.0,3109.0,3102.0,3104.0,6600,0.0,0.0
2024-10-02 14:35:00+09:00,3103.0,3105.0,3101.0,3105.0,1400,0.0,0.0
2024-10-02 14:40:00+09:00,3106.0,3108.0,3103.0,3108.0,3600,0.0,0.0
2024-10-02 14:45:00+09:00,3107.0,3108.0,3103.0,3103.0,4000,0.0,0.0
2024-10-02 14:50:00+09:00,3104.0,3109.0,3102.0,3102.0,8700,0.0,0.0
2024-10-02 14:55:00+09:00,3101.0,3120.0,3099.0,3113.0,22400,0.0,0.0
2024-10-03 09:00:00+09:00,3184.0,3193.0,3173.0,3173.0,28800,0.0,0.0
2024-10-03 09:05:00+09:00,3173.0,3173.0,3159.0,3166.0,3900,0.0,0.0
2024-10-03 09:10:00+09:00,3164.0,3166.0,3155.0,3155.0,2200,0.0,0.0
2024-10-03 09:15:00+09:00,3154.0,3155.0,3143.0,3143.0,2100,0.0,0.0
2024-10-03 09:20:00+09:00,3146.0,3148.0,3142.0,3145.0,1700,0.0,0.0
2024-10-03 09:25:00+09:00,3147.0,3151.0,3143.0,3145.0,1900,0.0,0.0
2024-10-03 09:30:00+09:00,3147.0,3153.0,3147.0,3151.0,1000,0.0,0.0
2024-10-03 09:35:00+09:00,3150.0,3150.0,3146.0,3146.0,800,0.0,0.0
2024-10-03 09:40:00+09:00,3146.0,3146.0,3141.0,3143.0,1600,0.0,0.0
2024-10-03 09:45:00+09:00,3144.0,3144.0,3140.0,3140.0,700,0.0,0.0
2024-10-03 09:50:00+09:00,3140.0,3145.0,3139.0,3145.0,2200,0.0,0.0
2024-10-03 09:55:00+09:00,3146.0,3151.0,3146.0,3149.0,2400,0.0,0.0
2024-10-03 10:00:00+09:00,3149.0,3152.0,3148.0,3152.0,2000,0.0,0.0
2024-10-03 10:05:00+09:00,3153.0,3157.0,3152.0,3153.0,1100,0.0,0.0
2024-10-03 10:10:00+09:00,3155.0,3158.0,3153.0,3158.0,800,0.0,0.0
2024-10-03 10:15:00+09:00,3157.0,3158.0,3154.0,3157.0,2800,0.0,0.0
2024-10-03 10:20:00+09:00,3157.0,3161.0,3154.0,3161.0,2400,0.0,0.0
2024-10-03 10:25:00+09:00,3164.0,3164.0,3157.0,3157.0,1500,0.0,0.0
2024-10-03 10:30:00+09:00,3156.0,3156.0,3151.0,3154.0,2300,0.0,0.0
2024-10-03 10:35:00+09:00,3153.0,3153.0,3151.0,3153.0,600,0.0,0.0
2024-10-03 10:40:00+09:00,3151.0,3153.0,3150.0,3153.0,1700,0.0,0.0
2024-10-03 10:45:00+09:00,3151.0,3153.0,3151.0,3152.0,800,0.0,0.0
2024-10-03 10:50:00+09:00,3152.0,3156.0,3152.0,3156.0,900,0.0,0.0
2024-10-03 10:55:00+09:00,3158.0,3158.0,3156.0,3156.0,700,0.0,0.0
2024-10-03 11:00:00+09:00,3156.0,3156.0,3151.0,3152.0,1700,0.0,0.0
2024-10-03 11:05:00+09:00,3152.0,3152.0,3149.0,3149.0,1400,0.0,0.0
2024-10-03 11:10:00+09:00,3150.0,3151.0,3147.0,3150.0,2000,0.0,0.0
2024-10-03 11:15:00+09:00,3150.0,3154.0,3150.0,3154.0,2100,0.0,0.0
2024-10-03 11:20:00+09:00,3156.0,3161.0,3156.0,3156.0,1600,0.0,0.0
2024-10-03 11:25:00+09:00,3156.0,3158.0,3155.0,3158.0,2600,0.0,0.0
2024-10-03 11:30:00+09:00,3158.0,3158.0,3158.0,3158.0,600,0.0,0.0
2024-10-03 11:35:00+09:00,3158.0,3158.0,3158.0,3158.0,0,0.0,0.0
2024-10-03 12:30:00+09:00,3158.0,3158.0,3150.0,3150.0,85700,0.0,0.0
2024-10-03 12:35:00+09:00,3150.0,3150.0,3142.0,3142.0,2700,0.0,0.0
2024-10-03 12:40:00+09:00,3142.0,3142.0,3136.0,3138.0,1300,0.0,0.0
2024-10-03 12:45:00+09:00,3138.0,3141.0,3137.0,3141.0,2300,0.0,0.0
2024-10-03 12:50:00+09:00,3140.0,3140.0,3136.0,3136.0,900,0.0,0.0
2024-10-03 12:55:00+09:00,3138.0,3138.0,3131.0,3136.0,2600,0.0,0.0
2024-10-03 13:00:00+09:00,3137.0,3138.0,3136.0,3136.0,1300,0.0,0.0
2024-10-03 13:05:00+09:00,3136.0,3139.0,3136.0,3137.0,1400,0.0,0.0
2024-10-03 13:10:00+09:00,3138.0,3138.0,3137.0,3137.0,1800,0.0,0.0
2024-10-03 13:15:00+09:00,3136.0,3136.0,3136.0,3136.0,600,0.0,0.0
2024-10-03 13:20:00+09:00,3137.0,3138.0,3134.0,3136.0,2900,0.0,0.0
2024-10-03 13:25:00+09:00,3135.0,3135.0,3133.0,3135.0,1000,0.0,0.0
2024-10-03 13:30:00+09:00,3136.0,3136.0,3136.0,3136.0,500,0.0,0.0
2024-10-03 13:35:00+09:00,3137.0,3137.0,3129.0,3130.0,2200,0.0,0.0
2024-10-03 13:40:00+09:00,3131.0,3132.0,3131.0,3132.0,1400,0.0,0.0
2024-10-03 13:45:00+09:00,3131.0,3131.0,3129.0,3129.0,1600,0.0,0.0
2024-10-03 13:50:00+09:00,3128.0,3128.0,3124.0,3127.0,2400,0.0,0.0
2024-10-03 13:55:00+09:00,3128.0,3131.0,3128.0,3131.0,900,0.0,0.0
2024-10-03 14:00:00+09:00,3132.0,3132.0,3126.0,3126.0,3200,0.0,0.0
2024-10-03 14:05:00+09:00,3124.0,3127.0,3124.0,3126.0,1600,0.0,0.0
2024-10-03 14:10:00+09:00,3127.0,3128.0,3126.0,3128.0,1300,0.0,0.0
2024-10-03 14:15:00+09:00,3129.0,3130.0,3128.0,3129.0,1400,0.0,0.0
2024-10-03 14:20:00+09:00,3130.0,3132.0,3130.0,3130.0,1400,0.0,0.0
2024-10-03 14:25:00+09:00,3129.0,3130.0,3127.0,3129.0,2900,0.0,0.0
2024-10-03 14:30:00+09:00,3129.0,3129.0,3127.0,3128.0,0,0.0,0.0
2024-10-03 14:35:00+09:00,3130.0,3132.0,3130.0,3132.0,132300,0.0,0.0
2024-10-03 14:40:00+09:00,3132.0,3136.0,3130.0,3130.0,3500,0.0,0.0
2024-10-03 14:45:00+09:00,3131.0,3131.0,3127.0,3129.0,3200,0.0,0.0
2024-10-03 14:50:00+09:00,3129.0,3131.0,3126.0,3126.0,5700,0.0,0.0
2024-10-03 14:55:00+09:00,3126.0,3129.0,3124.0,3125.0,10800,0.0,0.0
2024-10-04 09:00:00+09:00,3113.0,3131.0,3113.0,3122.0,18800,0.0,0.0
2024-10-04 09:05:00+09:00,3121.0,3123.0,3113.0,3113.0,2800,0.0,0.0
2024-10-04 09:10:00+09:00,3112.0,3116.0,3110.0,3110.0,2300,0.0,0.0
2024-10-04 09:15:00+09:00,3112.0,3116.0,3111.0,3115.0,3500,0.0,0.0
2024-10-04 09:20:00+09:00,3115.0,3117.0,3114.0,3114.0,500,0.0,0.0
2024-10-04 09:25:00+09:00,3115.0,3116.0,3113.0,3115.0,1800,0.0,0.0
2024-10-04 09:30:00+09:00,3117.0,3121.0,3117.0,3120.0,3300,0.0,0.0
2024-10-04 09:35:00+09:00,3118.0,3118.0,3110.0,3115.0,6900,0.0,0.0
2024-10-04 09:40:00+09:00,3116.0,3117.0,3116.0,3117.0,800,0.0,0.0
2024-10-04 09:45:00+09:00,3117.0,3119.0,3117.0,3118.0,2200,0.0,0.0
2024-10-04 09:50:00+09:00,3118.0,3118.0,3116.0,3116.0,1700,0.0,0.0
2024-10-04 09:55:00+09:00,3116.0,3116.0,3115.0,3115.0,900,0.0,0.0
2024-10-04 10:00:00+09:00,3116.0,3117.0,3114.0,3117.0,1700,0.0,0.0
2024-10-04 10:05:00+09:00,3117.0,3117.0,3116.0,3117.0,900,0.0,0.0
2024-10-04 10:10:00+09:00,3118.0,3118.0,3113.0,3117.0,3700,0.0,0.0
2024-10-04 10:15:00+09:00,3118.0,3122.0,3118.0,3122.0,1900,0.0,0.0
2024-10-04 10:20:00+09:00,3122.0,3124.0,3120.0,3120.0,3000,0.0,0.0
2024-10-04 10:25:00+09:00,3119.0,3119.0,3117.0,3118.0,1500,0.0,0.0
2024-10-04 10:30:00+09:00,3117.0,3118.0,3115.0,3115.0,1500,0.0,0.0
2024-10-04 10:35:00+09:00,3115.0,3118.0,3115.0,3117.0,1200,0.0,0.0
2024-10-04 10:40:00+09:00,3116.0,3120.0,3115.0,3120.0,1400,0.0,0.0
2024-10-04 10:45:00+09:00,3121.0,3123.0,3121.0,3123.0,1600,0.0,0.0
2024-10-04 10:50:00+09:00,3123.0,3124.0,3123.0,3123.0,2500,0.0,0.0
2024-10-04 10:55:00+09:00,3123.0,3124.0,3123.0,3124.0,1600,0.0,0.0
2024-10-04 11:00:00+09:00,3123.0,3128.0,3122.0,3123.0,4500,0.0,0.0
2024-10-04 11:05:00+09:00,3124.0,3124.0,3122.0,3122.0,1200,0.0,0.0
2024-10-04 11:10:00+09:00,3123.0,3123.0,3123.0,3123.0,1000,0.0,0.0
2024-10-04 11:15:00+09:00,3123.0,3127.0,3123.0,3127.0,1300,0.0,0.0
2024-10-04 11:20:00+09:00,3127.0,3130.0,3127.0,3127.0,3100,0.0,0.0
2024-10-04 11:25:00+09:00,3128.0,3130.0,3128.0,3130.0,1500,0.0,0.0
2024-10-04 11:30:00+09:00,3132.0,3132.0,3132.0,3132.0,400,0.0,0.0
2024-10-04 11:35:00+09:00,3132.0,3132.0,3132.0,3132.0,0,0.0,0.0
2024-10-04 12:30:00+09:00,3117.0,3127.0,3115.0,3116.0,0,0.0,0.0
2024-10-04 12:35:00+09:00,3116.0,3117.0,3114.0,3117.0,93000,0.0,0.0
2024-10-04 12:40:00+09:00,3116.0,3118.0,3113.0,3113.0,5200,0.0,0.0
2024-10-04 12:45:00+09:00,3112.0,3115.0,3111.0,3115.0,2700,0.0,0.0
2024-10-04 12:50:00+09:00,3115.0,3115.0,3115.0,3115.0,1300,0.0,0.0
2024-10-04 12:55:00+09:00,3115.0,3117.0,3115.0,3116.0,1900,0.0,0.0
2024-10-04 13:00:00+09:00,3116.0,3116.0,3115.0,3116.0,1400,0.0,0.0
2024-10-04 13:05:00+09:00,3117.0,3120.0,3117.0,3120.0,1600,0.0,0.0
2024-10-04 13:10:00+09:00,3120.0,3123.0,3120.0,3123.0,2000,0.0,0.0
2024-10-04 13:15:00+09:00,3122.0,3122.0,3120.0,3121.0,3700,0.0,0.0
2024-10-04 13:20:00+09:00,3120.0,3121.0,3120.0,3121.0,500,0.0,0.0
2024-10-04 13:25:00+09:00,3122.0,3128.0,3122.0,3127.0,2900,0.0,0.0
2024-10-04 13:30:00+09:00,3125.0,3127.0,3124.0,3126.0,2300,0.0,0.0
2024-10-04 13:35:00+09:00,3128.0,3128.0,3127.0,3128.0,1100,0.0,0.0
2024-10-04 13:40:00+09:00,3128.0,3128.0,3126.0,3126.0,1800,0.0,0.0
2024-10-04 13:45:00+09:00,3125.0,3125.0,3124.0,3125.0,1700,0.0,0.0
2024-10-04 13:50:00+09:00,3126.0,3128.0,3126.0,3128.0,1200,0.0,0.0
2024-10-04 13:55:00+09:00,3129.0,3129.0,3128.0,3128.0,2200,0.0,0.0
2024-10-04 14:00:00+09:00,3127.0,3127.0,3125.0,3127.0,3200,0.0,0.0
2024-10-04 14:05:00+09:00,3128.0,3130.0,3128.0,3130.0,1300,0.0,0.0
2024-10-04 14:10:00+09:00,3130.0,3132.0,3130.0,3131.0,1800,0.0,0.0
2024-10-04 14:15:00+09:00,3133.0,3135.0,3133.0,3133.0,2400,0.0,0.0
2024-10-04 14:20:00+09:00,3133.0,3133.0,3132.0,3133.0,700,0.0,0.0
2024-10-04 14:25:00+09:00,3132.0,3133.0,3132.0,3133.0,3200,0.0,0.0
2024-10-04 14:30:00+09:00,3133.0,3133.0,3128.0,3129.0,5500,0.0,0.0
2024-10-04 14:35:00+09:00,3128.0,3129.0,3127.0,3128.0,1900,0.0,0.0
2024-10-04 14:40:00+09:00,3128.0,3132.0,3128.0,3132.0,3800,0.0,0.0
2024-10-04 14:45:00+09:00,3131.0,3132.0,3131.0,3132.0,4800,0.0,0.0
2024-10-04 14:50:00+09:00,3132.0,3132.0,3129.0,3130.0,6900,0.0,0.0
2024-10-04 14:55:00+09:00,3131.0,3137.0,3131.0,3132.0,17000,0.0,0.0
2024-10-07 09:00:00+09:00,3190.0,3196.0,3146.0,3164.0,21000,0.0,0.0
2024-10-07 09:05:00+09:00,3161.0,3161.0,3149.0,3149.0,3200,0.0,0.0
2024-10-07 09:10:00+09:00,3154.0,3158.0,3147.0,3152.0,4300,0.0,0.0
2024-10-07 09:15:00+09:00,3151.0,3160.0,3151.0,3160.0,1900,0.0,0.0
2024-10-07 09:20:00+09:00,3157.0,3159.0,3148.0,3148.0,1600,0.0,0.0
2024-10-07 09:25:00+09:00,3151.0,3154.0,3151.0,3154.0,1000,0.0,0.0
2024-10-07 09:30:00+09:00,3154.0,3161.0,3154.0,3161.0,2400,0.0,0.0
2024-10-07 09:35:00+09:00,3159.0,3162.0,3158.0,3161.0,2300,0.0,0.0
2024-10-07 09:40:00+09:00,3162.0,3163.0,3153.0,3156.0,7400,0.0,0.0
2024-10-07 09:45:00+09:00,3154.0,3154.0,3145.0,3145.0,3100,0.0,0.0
2024-10-07 09:50:00+09:00,3145.0,3146.0,3143.0,3144.0,1500,0.0,0.0
2024-10-07 09:55:00+09:00,3143.0,3144.0,3141.0,3144.0,1000,0.0,0.0
2024-10-07 10:00:00+09:00,3144.0,3146.0,3142.0,3142.0,2200,0.0,0.0
2024-10-07 10:05:00+09:00,3143.0,3147.0,3142.0,3147.0,1900,0.0,0.0
2024-10-07 10:10:00+09:00,3147.0,3148.0,3147.0,3148.0,1600,0.0,0.0
2024-10-07 10:15:00+09:00,3150.0,3152.0,3147.0,3148.0,3400,0.0,0.0
2024-10-07 10:20:00+09:00,3149.0,3152.0,3149.0,3149.0,1200,0.0,0.0
2024-10-07 10:25:00+09:00,3148.0,3148.0,3143.0,3147.0,1600,0.0,0.0
2024-10-07 10:30:00+09:00,3146.0,3151.0,3146.0,3151.0,1300,0.0,0.0
2024-10-07 10:35:00+09:00,3151.0,3152.0,3146.0,3146.0,1800,0.0,0.0
2024-10-07 10:40:00+09:00,3146.0,3148.0,3145.0,3147.0,1100,0.0,0.0
2024-10-07 10:45:00+09:00,3147.0,3148.0,3146.0,3146.0,1000,0.0,0.0
2024-10-07 10:50:00+09:00,3145.0,3148.0,3145.0,3148.0,900,0.0,0.0
2024-10-07 10:55:00+09:00,3148.0,3150.0,3148.0,3148.0,900,0.0,0.0
2024-10-07 11:00:00+09:00,3148.0,3151.0,3148.0,3151.0,500,0.0,0.0
2024-10-07 11:05:00+09:00,3149.0,3154.0,3149.0,3152.0,2500,0.0,0.0
2024-10-07 11:10:00+09:00,3153.0,3154.0,3147.0,3148.0,3200,0.0,0.0
2024-10-07 11:15:00+09:00,3148.0,3148.0,3145.0,3145.0,1000,0.0,0.0
2024-10-07 11:20:00+09:00,3149.0,3151.0,3149.0,3150.0,1100,0.0,0.0
2024-10-07 11:25:00+09:00,3150.0,3150.0,3148.0,3150.0,800,0.0,0.0
2024-10-07 11:30:00+09:00,3153.0,3153.0,3153.0,3153.0,400,0.0,0.0
2024-10-07 11:35:00+09:00,3153.0,3153.0,3153.0,3153.0,0,0.0,0.0
2024-10-07 12:30:00+09:00,3160.0,3161.0,3153.0,3160.0,104000,0.0,0.0
2024-10-07 12:35:00+09:00,3161.0,3161.0,3153.0,3155.0,3600,0.0,0.0
2024-10-07 12:40:00+09:00,3156.0,3160.0,3156.0,3160.0,2000,0.0,0.0
2024-10-07 12:45:00+09:00,3161.0,3162.0,3159.0,3160.0,2700,0.0,0.0
2024-10-07 12:50:00+09:00,3163.0,3163.0,3150.0,3158.0,13500,0.0,0.0
2024-10-07 12:55:00+09:00,3160.0,3164.0,3159.0,3159.0,2000,0.0,0.0
2024-10-07 13:00:00+09:00,3158.0,3159.0,3157.0,3159.0,1900,0.0,0.0
2024-10-07 13:05:00+09:00,3159.0,3159.0,3157.0,3157.0,1500,0.0,0.0
2024-10-07 13:10:00+09:00,3156.0,3156.0,3154.0,3154.0,1100,0.0,0.0
2024-10-07 13:15:00+09:00,3155.0,3159.0,3155.0,3159.0,1800,0.0,0.0
2024-10-07 13:20:00+09:00,3158.0,3162.0,3158.0,3161.0,1600,0.0,0.0
2024-10-07 13:25:00+09:00,3162.0,3162.0,3158.0,3158.0,1700,0.0,0.0
2024-10-07 13:30:00+09:00,3158.0,3161.0,3158.0,3161.0,2000,0.0,0.0
2024-10-07 13:35:00+09:00,3160.0,3161.0,3159.0,3159.0,1400,0.0,0.0
2024-10-07 13:40:00+09:00,3158.0,3158.0,3157.0,3158.0,1400,0.0,0.0
2024-10-07 13:45:00+09:00,3159.0,3159.0,3159.0,3159.0,1500,0.0,0.0
2024-10-07 13:50:00+09:00,3158.0,3158.0,3154.0,3156.0,2300,0.0,0.0
2024-10-07 13:55:00+09:00,3157.0,3157.0,3156.0,3156.0,700,0.0,0.0
2024-10-07 14:00:00+09:00,3156.0,3156.0,3155.0,3156.0,2400,0.0,0.0
2024-10-07 14:05:00+09:00,3156.0,3158.0,3155.0,3158.0,1200,0.0,0.0
2024-10-07 14:10:00+09:00,3157.0,3157.0,3156.0,3157.0,900,0.0,0.0
2024-10-07 14:15:00+09:00,3157.0,3158.0,3155.0,3158.0,1800,0.0,0.0
2024-10-07 14:20:00+09:00,3157.0,3159.0,3157.0,3158.0,2600,0.0,0.0
2024-10-07 14:25:00+09:00,3159.0,3164.0,3159.0,3161.0,3500,0.0,0.0
2024-10-07 14:30:00+09:00,3160.0,3165.0,3158.0,3158.0,4800,0.0,0.0
2024-10-07 14:35:00+09:00,3157.0,3162.0,3157.0,3162.0,1900,0.0,0.0
2024-10-07 14:40:00+09:00,3162.0,3166.0,3160.0,3161.0,5700,0.0,0.0
2024-10-07 14:45:00+09:00,3162.0,3162.0,3155.0,3155.0,5500,0.0,0.0
2024-10-07 14:50:00+09:00,3156.0,3157.0,3149.0,3149.0,5000,0.0,0.0
2024-10-07 14:55:00+09:00,3149.0,3154.0,3145.0,3154.0,12200,0.0,0.0
2024-10-08 09:00:00+09:00,3138.0,3170.0,3135.0,3155.0,35200,0.0,0.0
2024-10-08 09:05:00+09:00,3159.0,3166.0,3157.0,3159.0,6400,0.0,0.0
2024-10-08 09:10:00+09:00,3158.0,3168.0,3156.0,3166.0,5100,0.0,0.0
2024-10-08 09:15:00+09:00,3168.0,3171.0,3167.0,3170.0,3700,0.0,0.0
2024-10-08 09:20:00+09:00,3170.0,3171.0,3163.0,3165.0,2400,0.0,0.0
2024-10-08 09:25:00+09:00,3166.0,3169.0,3164.0,3169.0,2800,0.0,0.0
2024-10-08 09:30:00+09:00,3170.0,3171.0,3168.0,3169.0,2500,0.0,0.0
2024-10-08 09:35:00+09:00,3169.0,3169.0,3166.0,3168.0,2400,0.0,0.0
2024-10-08 09:40:00+09:00,3168.0,3168.0,3161.0,3161.0,2500,0.0,0.0
2024-10-08 09:45:00+09:00,3160.0,3163.0,3160.0,3162.0,2000,0.0,0.0
2024-10-08 09:50:00+09:00,3163.0,3164.0,3155.0,3155.0,4000,0.0,0.0
2024-10-08 09:55:00+09:00,3158.0,3161.0,3158.0,3159.0,1800,0.0,0.0
2024-10-08 10:00:00+09:00,3158.0,3159.0,3156.0,3159.0,2300,0.0,0.0
2024-10-08 10:05:00+09:00,3160.0,3162.0,3158.0,3162.0,2000,0.0,0.0
2024-10-08 10:10:00+09:00,3162.0,3164.0,3162.0,3162.0,2200,0.0,0.0
2024-10-08 10:15:00+09:00,3162.0,3163.0,3161.0,3163.0,2300,0.0,0.0
2024-10-08 10:20:00+09:00,3163.0,3165.0,3162.0,3165.0,1600,0.0,0.0
2024-10-08 10:25:00+09:00,3165.0,3165.0,3163.0,3163.0,2900,0.0,0.0
2024-10-08 10:30:00+09:00,3162.0,3162.0,3156.0,3156.0,3400,0.0,0.0
2024-10-08 10:35:00+09:00,3157.0,3163.0,3156.0,3161.0,2300,0.0,0.0
2024-10-08 10:40:00+09:00,3158.0,3158.0,3155.0,3156.0,1800,0.0,0.0
2024-10-08 10:45:00+09:00,3155.0,3161.0,3155.0,3161.0,2100,0.0,0.0
2024-10-08 10:50:00+09:00,3161.0,3162.0,3161.0,3162.0,2500,0.0,0.0
2024-10-08 10:55:00+09:00,3161.0,3162.0,3157.0,3160.0,2900,0.0,0.0
2024-10-08 11:00:00+09:00,3160.0,3162.0,3158.0,3159.0,1700,0.0,0.0
2024-10-08 11:05:00+09:00,3159.0,3159.0,3156.0,3157.0,2100,0.0,0.0
2024-10-08 11:10:00+09:00,3157.0,3158.0,3152.0,3152.0,3100,0.0,0.0
2024-10-08 11:15:00+09:00,3151.0,3155.0,3151.0,3155.0,1800,0.0,0.0
2024-10-08 11:20:00+09:00,3156.0,3157.0,3152.0,3156.0,3400,0.0,0.0
2024-10-08 11:25:00+09:00,3156.0,3158.0,3154.0,3155.0,3400,0.0,0.0
2024-10-08 11:30:00+09:00,3155.0,3155.0,3155.0,3155.0,500,0.0,0.0
2024-10-08 11:35:00+09:00,3155.0,3155.0,3155.0,3155.0,0,0.0,0.0
2024-10-08 12:30:00+09:00,3148.0,3153.0,3142.0,3142.0,123400,0.0,0.0
2024-10-08 12:35:00+09:00,3142.0,3142.0,3140.0,3140.0,2600,0.0,0.0
2024-10-08 12:40:00+09:00,3140.0,3141.0,3140.0,3141.0,2600,0.0,0.0
2024-10-08 12:45:00+09:00,3142.0,3142.0,3140.0,3140.0,2800,0.0,0.0
2024-10-08 12:50:00+09:00,3139.0,3139.0,3135.0,3136.0,1400,0.0,0.0
2024-10-08 12:55:00+09:00,3137.0,3138.0,3137.0,3138.0,2200,0.0,0.0
2024-10-08 13:00:00+09:00,3139.0,3139.0,3137.0,3137.0,2500,0.0,0.0
2024-10-08 13:05:00+09:00,3136.0,3138.0,3136.0,3136.0,1700,0.0,0.0
2024-10-08 13:10:00+09:00,3135.0,3138.0,3135.0,3137.0,1600,0.0,0.0
2024-10-08 13:15:00+09:00,3136.0,3140.0,3136.0,3140.0,1200,0.0,0.0
2024-10-08 13:20:00+09:00,3140.0,3142.0,3139.0,3141.0,2200,0.0,0.0
2024-10-08 13:25:00+09:00,3142.0,3143.0,3140.0,3140.0,2900,0.0,0.0
2024-10-08 13:30:00+09:00,3138.0,3138.0,3137.0,3137.0,1300,0.0,0.0
2024-10-08 13:35:00+09:00,3137.0,3139.0,3137.0,3137.0,1900,0.0,0.0
2024-10-08 13:40:00+09:00,3138.0,3140.0,3138.0,3140.0,1700,0.0,0.0
2024-10-08 13:45:00+09:00,3139.0,3144.0,3139.0,3144.0,2900,0.0,0.0
2024-10-08 13:50:00+09:00,3144.0,3144.0,3141.0,3143.0,2200,0.0,0.0
2024-10-08 13:55:00+09:00,3143.0,3143.0,3140.0,3142.0,2500,0.0,0.0
2024-10-08 14:00:00+09:00,3142.0,3144.0,3140.0,3144.0,1600,0.0,0.0
2024-10-08 14:05:00+09:00,3143.0,3143.0,3139.0,3139.0,2100,0.0,0.0
2024-10-08 14:10:00+09:00,3138.0,3139.0,3138.0,3138.0,2600,0.0,0.0
2024-10-08 14:15:00+09:00,3138.0,3139.0,3138.0,3139.0,1700,0.0,0.0
2024-10-08 14:20:00+09:00,3138.0,3138.0,3136.0,3136.0,2500,0.0,0.0
2024-10-08 14:25:00+09:00,3135.0,3135.0,3130.0,3130.0,5100,0.0,0.0
2024-10-08 14:30:00+09:00,3129.0,3130.0,3127.0,3130.0,5100,0.0,0.0
2024-10-08 14:35:00+09:00,3130.0,3131.0,3123.0,3123.0,4700,0.0,0.0
2024-10-08 14:40:00+09:00,3123.0,3132.0,3123.0,3132.0,6600,0.0,0.0
2024-10-08 14:45:00+09:00,3133.0,3133.0,3129.0,3129.0,4900,0.0,0.0
2024-10-08 14:50:00+09:00,3128.0,3128.0,3120.0,3120.0,7300,0.0,0.0
2024-10-08 14:55:00+09:00,3120.0,3126.0,3120.0,3122.0,15100,0.0,0.0
2024-10-09 09:00:00+09:00,3140.0,3159.0,3129.0,3155.0,15600,0.0,0.0
2024-10-09 09:05:00+09:00,3159.0,3163.0,3140.0,3140.0,3600,0.0,0.0
2024-10-09 09:10:00+09:00,3140.0,3141.0,3136.0,3136.0,2100,0.0,0.0
2024-10-09 09:15:00+09:00,3138.0,3138.0,3133.0,3136.0,2400,0.0,0.0
2024-10-09 09:20:00+09:00,3134.0,3134.0,3130.0,3131.0,1200,0.0,0.0
2024-10-09 09:25:00+09:00,3129.0,3133.0,3129.0,3131.0,1200,0.0,0.0
2024-10-09 09:30:00+09:00,3132.0,3133.0,3128.0,3133.0,2000,0.0,0.0
2024-10-09 09:35:00+09:00,3130.0,3131.0,3129.0,3129.0,2800,0.0,0.0
2024-10-09 09:40:00+09:00,3129.0,3130.0,3129.0,3129.0,600,0.0,0.0
2024-10-09 09:45:00+09:00,3129.0,3129.0,3125.0,3126.0,2800,0.0,0.0
2024-10-09 09:50:00+09:00,3126.0,3127.0,3122.0,3123.0,2500,0.0,0.0
2024-10-09 09:55:00+09:00,3124.0,3127.0,3124.0,3127.0,1000,0.0,0.0
2024-10-09 10:00:00+09:00,3127.0,3131.0,3127.0,3131.0,1600,0.0,0.0
2024-10-09 10:05:00+09:00,3132.0,3134.0,3131.0,3133.0,2200,0.0,0.0
2024-10-09 10:10:00+09:00,3132.0,3133.0,3130.0,3133.0,1900,0.0,0.0
2024-10-09 10:15:00+09:00,3133.0,3133.0,3129.0,3132.0,2300,0.0,0.0
2024-10-09 10:20:00+09:00,3130.0,3130.0,3127.0,3127.0,900,0.0,0.0
2024-10-09 10:25:00+09:00,3127.0,3131.0,3126.0,3130.0,3100,0.0,0.0
2024-10-09 10:30:00+09:00,3129.0,3129.0,3128.0,3129.0,1400,0.0,0.0
2024-10-09 10:35:00+09:00,3129.0,3129.0,3127.0,3127.0,1400,0.0,0.0
2024-10-09 10:40:00+09:00,3126.0,3129.0,3126.0,3128.0,1300,0.0,0.0
2024-10-09 10:45:00+09:00,3130.0,3133.0,3129.0,3132.0,2000,0.0,0.0
2024-10-09 10:50:00+09:00,3131.0,3131.0,3128.0,3128.0,1000,0.0,0.0
2024-10-09 10:55:00+09:00,3127.0,3127.0,3123.0,3123.0,2700,0.0,0.0
2024-10-09 11:00:00+09:00,3122.0,3122.0,3113.0,3113.0,3500,0.0,0.0
2024-10-09 11:05:00+09:00,3113.0,3116.0,3112.0,3112.0,4300,0.0,0.0
2024-10-09 11:10:00+09:00,3113.0,3115.0,3112.0,3113.0,1500,0.0,0.0
2024-10-09 11:15:00+09:00,3114.0,3116.0,3113.0,3114.0,2700,0.0,0.0
2024-10-09 11:20:00+09:00,3116.0,3116.0,3114.0,3116.0,900,0.0,0.0
2024-10-09 11:25:00+09:00,3117.0,3117.0,3115.0,3115.0,2200,0.0,0.0
2024-10-09 11:30:00+09:00,3115.0,3115.0,3113.0,3113.0,1100,0.0,0.0
2024-10-09 11:35:00+09:00,3113.0,3113.0,3113.0,3113.0,0,0.0,0.0
2024-10-09 12:30:00+09:00,3109.0,3118.0,3109.0,3115.0,85900,0.0,0.0
2024-10-09 12:35:00+09:00,3113.0,3114.0,3112.0,3113.0,3300,0.0,0.0
2024-10-09 12:40:00+09:00,3114.0,3116.0,3114.0,3115.0,3200,0.0,0.0
2024-10-09 12:45:00+09:00,3116.0,3117.0,3114.0,3114.0,2400,0.0,0.0
2024-10-09 12:50:00+09:00,3114.0,3119.0,3114.0,3119.0,2900,0.0,0.0
2024-10-09 12:55:00+09:00,3118.0,3118.0,3117.0,3118.0,2000,0.0,0.0
2024-10-09 13:00:00+09:00,3117.0,3119.0,3116.0,3119.0,3300,0.0,0.0
2024-10-09 13:05:00+09:00,3119.0,3120.0,3119.0,3120.0,900,0.0,0.0
2024-10-09 13:10:00+09:00,3120.0,3120.0,3119.0,3120.0,2800,0.0,0.0
2024-10-09 13:15:00+09:00,3120.0,3128.0,3120.0,3128.0,4600,0.0,0.0
2024-10-09 13:20:00+09:00,3128.0,3129.0,3126.0,3127.0,1300,0.0,0.0
2024-10-09 13:25:00+09:00,3126.0,3129.0,3126.0,3128.0,2800,0.0,0.0
2024-10-09 13:30:00+09:00,3127.0,3130.0,3127.0,3130.0,3500,0.0,0.0
2024-10-09 13:35:00+09:00,3129.0,3129.0,3128.0,3128.0,1300,0.0,0.0
2024-10-09 13:40:00+09:00,3127.0,3131.0,3125.0,3131.0,3200,0.0,0.0
2024-10-09 13:45:00+09:00,3129.0,3129.0,3127.0,3127.0,1400,0.0,0.0
2024-10-09 13:50:00+09:00,3127.0,3128.0,3126.0,3128.0,3000,0.0,0.0
2024-10-09 13:55:00+09:00,3128.0,3130.0,3127.0,3129.0,2500,0.0,0.0
2024-10-09 14:00:00+09:00,3130.0,3130.0,3126.0,3127.0,4100,0.0,0.0
2024-10-09 14:05:00+09:00,3130.0,3130.0,3124.0,3126.0,2600,0.0,0.0
2024-10-09 14:10:00+09:00,3127.0,3127.0,3124.0,3124.0,1800,0.0,0.0
2024-10-09 14:15:00+09:00,3123.0,3127.0,3122.0,3125.0,3200,0.0,0.0
2024-10-09 14:20:00+09:00,3124.0,3126.0,3124.0,3124.0,2100,0.0,0.0
2024-10-09 14:25:00+09:00,3123.0,3123.0,3121.0,3121.0,3500,0.0,0.0
2024-10-09 14:30:00+09:00,3121.0,3124.0,3121.0,3122.0,4500,0.0,0.0
2024-10-09 14:35:00+09:00,3124.0,3129.0,3124.0,3128.0,6100,0.0,0.0
2024-10-09 14:40:00+09:00,3129.0,3131.0,3128.0,3130.0,3800,0.0,0.0
2024-10-09 14:45:00+09:00,3129.0,3132.0,3129.0,3132.0,7200,0.0,0.0
2024-10-09 14:50:00+09:00,3131.0,3132.0,3127.0,3127.0,6200,0.0,0.0
2024-10-09 14:55:00+09:00,3127.0,3131.0,3126.0,3131.0,19200,0.0,0.0
2024-10-10 09:00:00+09:00,3137.0,3137.0,3119.0,3131.0,12500,0.0,0.0
2024-10-10 09:05:00+09:00,3135.0,3138.0,3125.0,3125.0,2000,0.0,0.0
2024-10-10 09:10:00+09:00,3124.0,3130.0,3124.0,3126.0,1600,0.0,0.0
2024-10-10 09:15:00+09:00,3129.0,3134.0,3128.0,3131.0,2300,0.0,0.0
2024-10-10 09:20:00+09:00,3129.0,3132.0,3128.0,3131.0,1200,0.0,0.0
2024-10-10 09:25:00+09:00,3129.0,3135.0,3129.0,3135.0,1800,0.0,0.0
2024-10-10 09:30:00+09:00,3133.0,3136.0,3133.0,3135.0,1900,0.0,0.0
2024-10-10 09:35:00+09:00,3135.0,3137.0,3132.0,3132.0,1000,0.0,0.0
2024-10-10 09:40:00+09:00,3131.0,3135.0,3131.0,3134.0,1100,0.0,0.0
2024-10-10 09:45:00+09:00,3134.0,3137.0,3134.0,3137.0,1500,0.0,0.0
2024-10-10 09:50:00+09:00,3135.0,3136.0,3132.0,3132.0,1300,0.0,0.0
2024-10-10 09:55:00+09:00,3131.0,3134.0,3131.0,3133.0,1300,0.0,0.0
2024-10-10 10:00:00+09:00,3132.0,3132.0,3130.0,3131.0,1300,0.0,0.0
2024-10-10 10:05:00+09:00,3133.0,3134.0,3131.0,3133.0,1200,0.0,0.0
2024-10-10 10:10:00+09:00,3132.0,3133.0,3130.0,3130.0,2200,0.0,0.0
2024-10-10 10:15:00+09:00,3129.0,3133.0,3129.0,3133.0,1600,0.0,0.0
2024-10-10 10:20:00+09:00,3133.0,3133.0,3131.0,3132.0,500,0.0,0.0
2024-10-10 10:25:00+09:00,3132.0,3135.0,3132.0,3134.0,1400,0.0,0.0
2024-10-10 10:30:00+09:00,3133.0,3133.0,3129.0,3132.0,1500,0.0,0.0
2024-10-10 10:35:00+09:00,3128.0,3130.0,3127.0,3130.0,600,0.0,0.0
2024-10-10 10:40:00+09:00,3130.0,3131.0,3128.0,3128.0,1000,0.0,0.0
2024-10-10 10:45:00+09:00,3128.0,3128.0,3126.0,3126.0,1300,0.0,0.0
2024-10-10 10:50:00+09:00,3128.0,3130.0,3128.0,3128.0,1600,0.0,0.0
2024-10-10 10:55:00+09:00,3128.0,3128.0,3127.0,3127.0,300,0.0,0.0
2024-10-10 11:00:00+09:00,3127.0,3127.0,3126.0,3127.0,1400,0.0,0.0
2024-10-10 11:05:00+09:00,3128.0,3128.0,3127.0,3127.0,400,0.0,0.0
2024-10-10 11:10:00+09:00,3126.0,3127.0,3125.0,3125.0,1200,0.0,0.0
2024-10-10 11:15:00+09:00,3125.0,3125.0,3124.0,3125.0,600,0.0,0.0
2024-10-10 11:20:00+09:00,3126.0,3128.0,3126.0,3128.0,1500,0.0,0.0
2024-10-10 11:25:00+09:00,3129.0,3129.0,3127.0,3129.0,1700,0.0,0.0
2024-10-10 11:30:00+09:00,3130.0,3130.0,3130.0,3130.0,200,0.0,0.0
2024-10-10 11:35:00+09:00,3130.0,3130.0,3130.0,3130.0,0,0.0,0.0
2024-10-10 12:30:00+09:00,3122.0,3133.0,3122.0,3130.0,57400,0.0,0.0
2024-10-10 12:35:00+09:00,3129.0,3132.0,3126.0,3126.0,3100,0.0,0.0
2024-10-10 12:40:00+09:00,3126.0,3129.0,3126.0,3129.0,1500,0.0,0.0
2024-10-10 12:45:00+09:00,3130.0,3132.0,3129.0,3132.0,2100,0.0,0.0
2024-10-10 12:50:00+09:00,3131.0,3131.0,3128.0,3128.0,1900,0.0,0.0
2024-10-10 12:55:00+09:00,3128.0,3128.0,3125.0,3125.0,1200,0.0,0.0
2024-10-10 13:00:00+09:00,3126.0,3128.0,3126.0,3128.0,1100,0.0,0.0
2024-10-10 13:05:00+09:00,3128.0,3128.0,3127.0,3127.0,800,0.0,0.0
2024-10-10 13:10:00+09:00,3126.0,3127.0,3126.0,3126.0,900,0.0,0.0
2024-10-10 13:15:00+09:00,3126.0,3128.0,3126.0,3127.0,700,0.0,0.0
2024-10-10 13:20:00+09:00,3128.0,3129.0,3128.0,3129.0,900,0.0,0.0
2024-10-10 13:25:00+09:00,3129.0,3129.0,3129.0,3129.0,1100,0.0,0.0
2024-10-10 13:30:00+09:00,3129.0,3132.0,3127.0,3128.0,4100,0.0,0.0
2024-10-10 13:35:00+09:00,3129.0,3129.0,3125.0,3126.0,800,0.0,0.0
2024-10-10 13:40:00+09:00,3127.0,3129.0,3126.0,3126.0,800,0.0,0.0
2024-10-10 13:45:00+09:00,3125.0,3126.0,3124.0,3126.0,2400,0.0,0.0
2024-10-10 13:50:00+09:00,3126.0,3126.0,3126.0,3126.0,300,0.0,0.0
2024-10-10 13:55:00+09:00,3124.0,3124.0,3123.0,3123.0,1600,0.0,0.0
2024-10-10 14:00:00+09:00,3124.0,3129.0,3124.0,3127.0,4000,0.0,0.0
2024-10-10 14:05:00+09:00,3128.0,3131.0,3128.0,3131.0,1400,0.0,0.0
2024-10-10 14:10:00+09:00,3130.0,3130.0,3127.0,3129.0,2700,0.0,0.0
2024-10-10 14:15:00+09:00,3129.0,3131.0,3129.0,3129.0,1600,0.0,0.0
2024-10-10 14:20:00+09:00,3128.0,3128.0,3127.0,3127.0,700,0.0,0.0
2024-10-10 14:25:00+09:00,3126.0,3126.0,3124.0,3126.0,3000,0.0,0.0
2024-10-10 14:30:00+09:00,3127.0,3128.0,3125.0,3126.0,3400,0.0,0.0
2024-10-10 14:35:00+09:00,3127.0,3128.0,3127.0,3128.0,1200,0.0,0.0
2024-10-10 14:40:00+09:00,3128.0,3128.0,3126.0,3127.0,3100,0.0,0.0
2024-10-10 14:45:00+09:00,3128.0,3131.0,3128.0,3130.0,4100,0.0,0.0
2024-10-10 14:50:00+09:00,3129.0,3131.0,3128.0,3131.0,4600,0.0,0.0
2024-10-10 14:55:00+09:00,3130.0,3130.0,3124.0,3124.0,15100,0.0,0.0
2024-10-11 09:00:00+09:00,3120.0,3120.0,3088.0,3106.0,178100,0.0,0.0
2024-10-11 09:05:00+09:00,3107.0,3116.0,3107.0,3113.0,2400,0.0,0.0
2024-10-11 09:10:00+09:00,3115.0,3116.0,3104.0,3104.0,3300,0.0,0.0
2024-10-11 09:15:00+09:00,3103.0,3103.0,3100.0,3103.0,2100,0.0,0.0
2024-10-11 09:20:00+09:00,3100.0,3104.0,3100.0,3103.0,1700,0.0,0.0
2024-10-11 09:25:00+09:00,3100.0,3111.0,3097.0,3097.0,10300,0.0,0.0
2024-10-11 09:30:00+09:00,3098.0,3104.0,3098.0,3104.0,2400,0.0,0.0
2024-10-11 09:35:00+09:00,3104.0,3109.0,3104.0,3109.0,1100,0.0,0.0
2024-10-11 09:40:00+09:00,3110.0,3112.0,3107.0,3108.0,2900,0.0,0.0
2024-10-11 09:45:00+09:00,3108.0,3108.0,3105.0,3107.0,2300,0.0,0.0
2024-10-11 09:50:00+09:00,3110.0,3110.0,3107.0,3107.0,6300,0.0,0.0
2024-10-11 09:55:00+09:00,3108.0,3113.0,3106.0,3113.0,4300,0.0,0.0
2024-10-11 10:00:00+09:00,3114.0,3117.0,3114.0,3115.0,6700,0.0,0.0
2024-10-11 10:05:00+09:00,3118.0,3122.0,3115.0,3122.0,2800,0.0,0.0
2024-10-11 10:10:00+09:00,3121.0,3126.0,3120.0,3122.0,3600,0.0,0.0
2024-10-11 10:15:00+09:00,3122.0,3124.0,3121.0,3124.0,1100,0.0,0.0
2024-10-11 10:20:00+09:00,3124.0,3128.0,3123.0,3127.0,4100,0.0,0.0
2024-10-11 10:25:00+09:00,3127.0,3130.0,3126.0,3126.0,2900,0.0,0.0
2024-10-11 10:30:00+09:00,3125.0,3125.0,3123.0,3125.0,1400,0.0,0.0
2024-10-11 10:35:00+09:00,3125.0,3128.0,3124.0,3124.0,3500,0.0,0.0
2024-10-11 10:40:00+09:00,3125.0,3126.0,3124.0,3126.0,1400,0.0,0.0
2024-10-11 10:45:00+09:00,3125.0,3128.0,3125.0,3127.0,1700,0.0,0.0
2024-10-11 10:50:00+09:00,3126.0,3130.0,3125.0,3130.0,2100,0.0,0.0
2024-10-11 10:55:00+09:00,3131.0,3132.0,3130.0,3131.0,2300,0.0,0.0
2024-10-11 11:00:00+09:00,3130.0,3133.0,3130.0,3130.0,2700,0.0,0.0
2024-10-11 11:05:00+09:00,3130.0,3130.0,3127.0,3128.0,800,0.0,0.0
2024-10-11 11:10:00+09:00,3127.0,3127.0,3123.0,3126.0,1000,0.0,0.0
2024-10-11 11:15:00+09:00,3125.0,3125.0,3122.0,3124.0,2300,0.0,0.0
2024-10-11 11:20:00+09:00,3124.0,3129.0,3124.0,3125.0,5700,0.0,0.0
2024-10-11 11:25:00+09:00,3127.0,3129.0,3124.0,3129.0,4400,0.0,0.0
2024-10-11 11:30:00+09:00,3126.0,3126.0,3125.0,3125.0,400,0.0,0.0
2024-10-11 11:35:00+09:00,3125.0,3125.0,3125.0,3125.0,0,0.0,0.0
2024-10-11 12:30:00+09:00,3116.0,3119.0,3114.0,3117.0,277600,0.0,0.0
2024-10-11 12:35:00+09:00,3119.0,3119.0,3116.0,3116.0,1300,0.0,0.0
2024-10-11 12:40:00+09:00,3115.0,3116.0,3112.0,3112.0,1100,0.0,0.0
2024-10-11 12:45:00+09:00,3113.0,3116.0,3113.0,3114.0,1500,0.0,0.0
2024-10-11 12:50:00+09:00,3113.0,3115.0,3112.0,3114.0,1900,0.0,0.0
2024-10-11 12:55:00+09:00,3115.0,3115.0,3113.0,3113.0,1300,0.0,0.0
2024-10-11 13:00:00+09:00,3111.0,3111.0,3110.0,3110.0,1500,0.0,0.0
2024-10-11 13:05:00+09:00,3110.0,3111.0,3109.0,3110.0,1400,0.0,0.0
2024-10-11 13:10:00+09:00,3111.0,3113.0,3111.0,3112.0,2300,0.0,0.0
2024-10-11 13:15:00+09:00,3111.0,3111.0,3109.0,3109.0,2300,0.0,0.0
2024-10-11 13:20:00+09:00,3108.0,3108.0,3105.0,3105.0,1200,0.0,0.0
2024-10-11 13:25:00+09:00,3105.0,3106.0,3105.0,3105.0,1400,0.0,0.0
2024-10-11 13:30:00+09:00,3106.0,3106.0,3103.0,3105.0,3000,0.0,0.0
2024-10-11 13:35:00+09:00,3106.0,3109.0,3106.0,3109.0,4600,0.0,0.0
2024-10-11 13:40:00+09:00,3110.0,3110.0,3103.0,3105.0,3200,0.0,0.0
2024-10-11 13:45:00+09:00,3106.0,3107.0,3106.0,3106.0,1400,0.0,0.0
2024-10-11 13:50:00+09:00,3106.0,3109.0,3106.0,3108.0,2300,0.0,0.0
2024-10-11 13:55:00+09:00,3108.0,3108.0,3108.0,3108.0,1000,0.0,0.0
2024-10-11 14:00:00+09:00,3108.0,3109.0,3106.0,3106.0,3200,0.0,0.0
2024-10-11 14:05:00+09:00,3106.0,3108.0,3106.0,3108.0,1300,0.0,0.0
2024-10-11 14:10:00+09:00,3109.0,3110.0,3108.0,3110.0,1000,0.0,0.0
2024-10-11 14:15:00+09:00,3110.0,3116.0,3110.0,3116.0,3600,0.0,0.0
2024-10-11 14:20:00+09:00,3116.0,3116.0,3112.0,3112.0,2200,0.0,0.0
2024-10-11 14:25:00+09:00,3112.0,3116.0,3109.0,3116.0,3900,0.0,0.0
2024-10-11 14:30:00+09:00,3116.0,3119.0,3116.0,3118.0,3900,0.0,0.0
2024-10-11 14:35:00+09:00,3119.0,3119.0,3117.0,3117.0,3700,0.0,0.0
2024-10-11 14:40:00+09:00,3116.0,3123.0,3116.0,3123.0,4500,0.0,0.0
2024-10-11 14:45:00+09:00,3121.0,3127.0,3121.0,3125.0,9200,0.0,0.0
2024-10-11 14:50:00+09:00,3124.0,3124.0,3121.0,3122.0,7600,0.0,0.0
2024-10-11 14:55:00+09:00,3122.0,3137.0,3117.0,3117.0,28000,0.0,0.0
2024-10-15 09:00:00+09:00,3131.0,3133.0,3112.0,3121.0,28200,0.0,0.0
2024-10-15 09:05:00+09:00,3122.0,3134.0,3121.0,3131.0,3300,0.0,0.0
2024-10-15 09:10:00+09:00,3130.0,3141.0,3128.0,3140.0,3900,0.0,0.0
2024-10-15 09:15:00+09:00,3140.0,3143.0,3140.0,3142.0,1400,0.0,0.0
2024-10-15 09:20:00+09:00,3144.0,3144.0,3140.0,3142.0,1800,0.0,0.0
2024-10-15 09:25:00+09:00,3142.0,3142.0,3136.0,3138.0,2600,0.0,0.0
2024-10-15 09:30:00+09:00,3140.0,3146.0,3140.0,3146.0,2300,0.0,0.0
2024-10-15 09:35:00+09:00,3147.0,3148.0,3142.0,3146.0,3500,0.0,0.0
2024-10-15 09:40:00+09:00,3148.0,3148.0,3142.0,3145.0,1800,0.0,0.0
2024-10-15 09:45:00+09:00,3144.0,3144.0,3139.0,3143.0,1600,0.0,0.0
2024-10-15 09:50:00+09:00,3143.0,3146.0,3143.0,3145.0,1700,0.0,0.0
2024-10-15 09:55:00+09:00,3145.0,3145.0,3138.0,3138.0,2200,0.0,0.0
2024-10-15 10:00:00+09:00,3139.0,3139.0,3136.0,3136.0,900,0.0,0.0
2024-10-15 10:05:00+09:00,3138.0,3138.0,3134.0,3136.0,1600,0.0,0.0
2024-10-15 10:10:00+09:00,3134.0,3137.0,3134.0,3137.0,1500,0.0,0.0
2024-10-15 10:15:00+09:00,3137.0,3140.0,3133.0,3140.0,3000,0.0,0.0
2024-10-15 10:20:00+09:00,3139.0,3139.0,3135.0,3135.0,1100,0.0,0.0
2024-10-15 10:25:00+09:00,3136.0,3137.0,3136.0,3137.0,1000,0.0,0.0
2024-10-15 10:30:00+09:00,3138.0,3141.0,3138.0,3138.0,1800,0.0,0.0
2024-10-15 10:35:00+09:00,3141.0,3144.0,3141.0,3144.0,1200,0.0,0.0
2024-10-15 10:40:00+09:00,3143.0,3143.0,3141.0,3141.0,600,0.0,0.0
2024-10-15 10:45:00+09:00,3142.0,3145.0,3140.0,3145.0,1200,0.0,0.0
2024-10-15 10:50:00+09:00,3146.0,3150.0,3145.0,3149.0,4500,0.0,0.0
2024-10-15 10:55:00+09:00,3148.0,3148.0,3144.0,3144.0,1200,0.0,0.0
2024-10-15 11:00:00+09:00,3144.0,3150.0,3144.0,3150.0,3400,0.0,0.0
2024-10-15 11:05:00+09:00,3150.0,3151.0,3147.0,3147.0,4000,0.0,0.0
2024-10-15 11:10:00+09:00,3146.0,3150.0,3146.0,3149.0,0,0.0,0.0
2024-10-15 11:15:00+09:00,3150.0,3150.0,3148.0,3148.0,83600,0.0,0.0
2024-10-15 11:20:00+09:00,3149.0,3150.0,3146.0,3148.0,3000,0.0,0.0
2024-10-15 11:25:00+09:00,3147.0,3149.0,3145.0,3148.0,1900,0.0,0.0
2024-10-15 11:30:00+09:00,3150.0,3150.0,3150.0,3150.0,300,0.0,0.0
2024-10-15 11:35:00+09:00,3150.0,3150.0,3150.0,3150.0,0,0.0,0.0
2024-10-15 12:30:00+09:00,3143.0,3149.0,3142.0,3147.0,95000,0.0,0.0
2024-10-15 12:35:00+09:00,3148.0,3148.0,3143.0,3145.0,2800,0.0,0.0
2024-10-15 12:40:00+09:00,3147.0,3147.0,3146.0,3147.0,600,0.0,0.0
2024-10-15 12:45:00+09:00,3147.0,3147.0,3143.0,3144.0,1500,0.0,0.0
2024-10-15 12:50:00+09:00,3144.0,3144.0,3137.0,3139.0,3100,0.0,0.0
2024-10-15 12:55:00+09:00,3139.0,3140.0,3139.0,3140.0,300,0.0,0.0
2024-10-15 13:00:00+09:00,3140.0,3140.0,3138.0,3139.0,1300,0.0,0.0
2024-10-15 13:05:00+09:00,3139.0,3139.0,3139.0,3139.0,800,0.0,0.0
2024-10-15 13:10:00+09:00,3140.0,3140.0,3139.0,3140.0,1000,0.0,0.0
2024-10-15 13:15:00+09:00,3140.0,3140.0,3139.0,3140.0,1600,0.0,0.0
2024-10-15 13:20:00+09:00,3141.0,3142.0,3141.0,3141.0,1500,0.0,0.0
2024-10-15 13:25:00+09:00,3141.0,3142.0,3137.0,3137.0,1900,0.0,0.0
2024-10-15 13:30:00+09:00,3139.0,3141.0,3139.0,3140.0,1200,0.0,0.0
2024-10-15 13:35:00+09:00,3142.0,3143.0,3137.0,3137.0,2600,0.0,0.0
2024-10-15 13:40:00+09:00,3136.0,3139.0,3135.0,3139.0,1200,0.0,0.0
2024-10-15 13:45:00+09:00,3138.0,3141.0,3137.0,3140.0,1300,0.0,0.0
2024-10-15 13:50:00+09:00,3139.0,3140.0,3136.0,3138.0,0,0.0,0.0
2024-10-15 13:55:00+09:00,3137.0,3140.0,3137.0,3140.0,122900,0.0,0.0
2024-10-15 14:00:00+09:00,3141.0,3143.0,3139.0,3140.0,2500,0.0,0.0
2024-10-15 14:05:00+09:00,3141.0,3143.0,3139.0,3141.0,3000,0.0,0.0
2024-10-15 14:10:00+09:00,3142.0,3143.0,3140.0,3140.0,2500,0.0,0.0
2024-10-15 14:15:00+09:00,3142.0,3143.0,3142.0,3143.0,1800,0.0,0.0
2024-10-15 14:20:00+09:00,3143.0,3146.0,3143.0,3146.0,4400,0.0,0.0
2024-10-15 14:25:00+09:00,3146.0,3151.0,3144.0,3150.0,6600,0.0,0.0
2024-10-15 14:30:00+09:00,3150.0,3150.0,3144.0,3145.0,5300,0.0,0.0
2024-10-15 14:35:00+09:00,3145.0,3153.0,3145.0,3153.0,3300,0.0,0.0
2024-10-15 14:40:00+09:00,3154.0,3162.0,3154.0,3159.0,4100,0.0,0.0
2024-10-15 14:45:00+09:00,3160.0,3167.0,3160.0,3167.0,5200,0.0,0.0
2024-10-15 14:50:00+09:00,3168.0,3173.0,3168.0,3169.0,10500,0.0,0.0
2024-10-15 14:55:00+09:00,3169.0,3172.0,3166.0,3169.0,17000,0.0,0.0
2024-10-16 09:00:00+09:00,3141.0,3141.0,3122.0,3140.0,16400,0.0,0.0
2024-10-16 09:05:00+09:00,3137.0,3157.0,3137.0,3154.0,7100,0.0,0.0
2024-10-16 09:10:00+09:00,3151.0,3152.0,3136.0,3137.0,3500,0.0,0.0
2024-10-16 09:15:00+09:00,3141.0,3149.0,3141.0,3144.0,3900,0.0,0.0
2024-10-16 09:20:00+09:00,3144.0,3160.0,3143.0,3160.0,4100,0.0,0.0
2024-10-16 09:25:00+09:00,3156.0,3159.0,3154.0,3156.0,5000,0.0,0.0
2024-10-16 09:30:00+09:00,3158.0,3164.0,3157.0,3157.0,4200,0.0,0.0
2024-10-16 09:35:00+09:00,3160.0,3169.0,3160.0,3169.0,1500,0.0,0.0
2024-10-16 09:40:00+09:00,3168.0,3173.0,3166.0,3173.0,6100,0.0,0.0
2024-10-16 09:45:00+09:00,3174.0,3175.0,3171.0,3171.0,2800,0.0,0.0
2024-10-16 09:50:00+09:00,3172.0,3175.0,3170.0,3175.0,3300,0.0,0.0
2024-10-16 09:55:00+09:00,3176.0,3181.0,3175.0,3178.0,5100,0.0,0.0
2024-10-16 10:00:00+09:00,3178.0,3179.0,3173.0,3175.0,4100,0.0,0.0
2024-10-16 10:05:00+09:00,3173.0,3173.0,3168.0,3168.0,3300,0.0,0.0
2024-10-16 10:10:00+09:00,3173.0,3175.0,3169.0,3173.0,5600,0.0,0.0
2024-10-16 10:15:00+09:00,3172.0,3176.0,3171.0,3173.0,3500,0.0,0.0
2024-10-16 10:20:00+09:00,3173.0,3175.0,3172.0,3175.0,3400,0.0,0.0
2024-10-16 10:25:00+09:00,3174.0,3174.0,3160.0,3167.0,15400,0.0,0.0
2024-10-16 10:30:00+09:00,3166.0,3166.0,3158.0,3162.0,3300,0.0,0.0
2024-10-16 10:35:00+09:00,3161.0,3164.0,3157.0,3157.0,2300,0.0,0.0
2024-10-16 10:40:00+09:00,3156.0,3156.0,3153.0,3156.0,1600,0.0,0.0
2024-10-16 10:45:00+09:00,3155.0,3159.0,3155.0,3157.0,0,0.0,0.0
2024-10-16 10:50:00+09:00,3155.0,3157.0,3155.0,3157.0,0,0.0,0.0
2024-10-16 10:55:00+09:00,3156.0,3159.0,3152.0,3159.0,111800,0.0,0.0
2024-10-16 11:00:00+09:00,3157.0,3159.0,3156.0,3157.0,2000,0.0,0.0
2024-10-16 11:05:00+09:00,3156.0,3156.0,3154.0,3154.0,1400,0.0,0.0
2024-10-16 11:10:00+09:00,3153.0,3153.0,3131.0,3149.0,43200,0.0,0.0
2024-10-16 11:15:00+09:00,3148.0,3154.0,3144.0,3154.0,5000,0.0,0.0
2024-10-16 11:20:00+09:00,3153.0,3153.0,3148.0,3151.0,2700,0.0,0.0
2024-10-16 11:25:00+09:00,3151.0,3153.0,3148.0,3148.0,1800,0.0,0.0
2024-10-16 11:30:00+09:00,3147.0,3147.0,3146.0,3146.0,1200,0.0,0.0
2024-10-16 11:35:00+09:00,3146.0,3146.0,3146.0,3146.0,0,0.0,0.0
2024-10-16 12:30:00+09:00,3151.0,3151.0,3144.0,3146.0,177600,0.0,0.0
2024-10-16 12:35:00+09:00,3144.0,3144.0,3141.0,3141.0,2300,0.0,0.0
2024-10-16 12:40:00+09:00,3144.0,3151.0,3144.0,3150.0,3200,0.0,0.0
2024-10-16 12:45:00+09:00,3150.0,3151.0,3148.0,3150.0,2800,0.0,0.0
2024-10-16 12:50:00+09:00,3149.0,3149.0,3147.0,3148.0,1400,0.0,0.0
2024-10-16 12:55:00+09:00,3148.0,3150.0,3147.0,3150.0,2400,0.0,0.0
2024-10-16 13:00:00+09:00,3150.0,3151.0,3150.0,3150.0,2200,0.0,0.0
2024-10-16 13:05:00+09:00,3151.0,3151.0,3149.0,3149.0,2400,0.0,0.0
2024-10-16 13:10:00+09:00,3148.0,3150.0,3148.0,3150.0,500,0.0,0.0
2024-10-16 13:15:00+09:00,3150.0,3150.0,3149.0,3150.0,800,0.0,0.0
2024-10-16 13:20:00+09:00,3149.0,3150.0,3147.0,3147.0,2600,0.0,0.0
2024-10-16 13:25:00+09:00,3148.0,3149.0,3147.0,3147.0,1700,0.0,0.0
2024-10-16 13:30:00+09:00,3147.0,3148.0,3147.0,3148.0,3100,0.0,0.0
2024-10-16 13:35:00+09:00,3148.0,3149.0,3147.0,3149.0,2500,0.0,0.0
2024-10-16 13:40:00+09:00,3148.0,3149.0,3147.0,3149.0,2500,0.0,0.0
2024-10-16 13:45:00+09:00,3149.0,3152.0,3149.0,3150.0,2100,0.0,0.0
2024-10-16 13:50:00+09:00,3150.0,3150.0,3148.0,3148.0,2400,0.0,0.0
2024-10-16 13:55:00+09:00,3147.0,3151.0,3147.0,3151.0,1100,0.0,0.0
2024-10-16 14:00:00+09:00,3151.0,3151.0,3148.0,3149.0,4000,0.0,0.0
2024-10-16 14:05:00+09:00,3149.0,3149.0,3143.0,3143.0,3400,0.0,0.0
2024-10-16 14:10:00+09:00,3145.0,3146.0,3143.0,3144.0,4300,0.0,0.0
2024-10-16 14:15:00+09:00,3143.0,3145.0,3142.0,3145.0,3700,0.0,0.0
2024-10-16 14:20:00+09:00,3145.0,3148.0,3143.0,3147.0,3900,0.0,0.0
2024-10-16 14:25:00+09:00,3148.0,3149.0,3148.0,3149.0,1800,0.0,0.0
2024-10-16 14:30:00+09:00,3149.0,3152.0,3148.0,3152.0,6100,0.0,0.0
2024-10-16 14:35:00+09:00,3153.0,3157.0,3153.0,3156.0,2400,0.0,0.0
2024-10-16 14:40:00+09:00,3157.0,3163.0,3157.0,3160.0,7700,0.0,0.0
2024-10-16 14:45:00+09:00,3160.0,3165.0,3159.0,3163.0,4900,0.0,0.0
2024-10-16 14:50:00+09:00,3162.0,3165.0,3162.0,3163.0,8400,0.0,0.0
2024-10-16 14:55:00+09:00,3164.0,3165.0,3158.0,3162.0,15000,0.0,0.0
2024-10-17 09:00:00+09:00,3185.0,3185.0,3172.0,3185.0,15600,0.0,0.0
2024-10-17 09:05:00+09:00,3183.0,3186.0,3174.0,3174.0,2600,0.0,0.0
2024-10-17 09:10:00+09:00,3174.0,3179.0,3173.0,3173.0,3100,0.0,0.0
2024-10-17 09:15:00+09:00,3176.0,3177.0,3170.0,3174.0,1400,0.0,0.0
2024-10-17 09:20:00+09:00,3173.0,3173.0,3171.0,3173.0,2300,0.0,0.0
2024-10-17 09:25:00+09:00,3171.0,3173.0,3168.0,3172.0,2000,0.0,0.0
2024-10-17 09:30:00+09:00,3173.0,3176.0,3171.0,3174.0,2000,0.0,0.0
2024-10-17 09:35:00+09:00,3175.0,3175.0,3168.0,3168.0,1300,0.0,0.0
2024-10-17 09:40:00+09:00,3171.0,3177.0,3171.0,3175.0,2900,0.0,0.0
2024-10-17 09:45:00+09:00,3174.0,3179.0,3174.0,3177.0,1200,0.0,0.0
2024-10-17 09:50:00+09:00,3178.0,3179.0,3176.0,3179.0,1300,0.0,0.0
2024-10-17 09:55:00+09:00,3179.0,3180.0,3179.0,3179.0,300,0.0,0.0
2024-10-17 10:00:00+09:00,3179.0,3179.0,3175.0,3176.0,900,0.0,0.0
2024-10-17 10:05:00+09:00,3174.0,3177.0,3173.0,3175.0,900,0.0,0.0
2024-10-17 10:10:00+09:00,3174.0,3174.0,3171.0,3171.0,1200,0.0,0.0
2024-10-17 10:15:00+09:00,3169.0,3169.0,3164.0,3164.0,1600,0.0,0.0
2024-10-17 10:20:00+09:00,3162.0,3165.0,3161.0,3165.0,1000,0.0,0.0
2024-10-17 10:25:00+09:00,3167.0,3167.0,3165.0,3165.0,1200,0.0,0.0
2024-10-17 10:30:00+09:00,3164.0,3164.0,3161.0,3163.0,1500,0.0,0.0
2024-10-17 10:35:00+09:00,3164.0,3165.0,3163.0,3163.0,1000,0.0,0.0
2024-10-17 10:40:00+09:00,3162.0,3162.0,3160.0,3160.0,400,0.0,0.0
2024-10-17 10:45:00+09:00,3158.0,3158.0,3157.0,3157.0,800,0.0,0.0
2024-10-17 10:50:00+09:00,3157.0,3158.0,3157.0,3158.0,600,0.0,0.0
2024-10-17 10:55:00+09:00,3156.0,3156.0,3156.0,3156.0,400,0.0,0.0
2024-10-17 11:00:00+09:00,3154.0,3154.0,3152.0,3153.0,2000,0.0,0.0
2024-10-17 11:05:00+09:00,3152.0,3156.0,3152.0,3156.0,700,0.0,0.0
2024-10-17 11:10:00+09:00,3156.0,3156.0,3152.0,3154.0,1200,0.0,0.0
2024-10-17 11:15:00+09:00,3154.0,3157.0,3153.0,3157.0,2300,0.0,0.0
2024-10-17 11:20:00+09:00,3157.0,3157.0,3156.0,3156.0,300,0.0,0.0
2024-10-17 11:25:00+09:00,3154.0,3155.0,3153.0,3154.0,800,0.0,0.0
2024-10-17 11:30:00+09:00,3156.0,3156.0,3156.0,3156.0,400,0.0,0.0
2024-10-17 11:35:00+09:00,3156.0,3156.0,3156.0,3156.0,0,0.0,0.0
2024-10-17 12:30:00+09:00,3158.0,3158.0,3154.0,3155.0,59600,0.0,0.0
2024-10-17 12:35:00+09:00,3157.0,3157.0,3155.0,3155.0,1000,0.0,0.0
2024-10-17 12:40:00+09:00,3156.0,3156.0,3156.0,3156.0,300,0.0,0.0
2024-10-17 12:45:00+09:00,3156.0,3157.0,3155.0,3156.0,500,0.0,0.0
2024-10-17 12:50:00+09:00,3155.0,3155.0,3153.0,3153.0,1100,0.0,0.0
2024-10-17 12:55:00+09:00,3153.0,3153.0,3152.0,3152.0,500,0.0,0.0
2024-10-17 13:00:00+09:00,3152.0,3152.0,3150.0,3150.0,600,0.0,0.0
2024-10-17 13:05:00+09:00,3150.0,3152.0,3150.0,3150.0,1700,0.0,0.0
2024-10-17 13:10:00+09:00,3149.0,3149.0,3148.0,3148.0,300,0.0,0.0
2024-10-17 13:15:00+09:00,3147.0,3149.0,3146.0,3146.0,2100,0.0,0.0
2024-10-17 13:20:00+09:00,3146.0,3146.0,3144.0,3144.0,500,0.0,0.0
2024-10-17 13:25:00+09:00,3144.0,3145.0,3144.0,3144.0,600,0.0,0.0
2024-10-17 13:30:00+09:00,3144.0,3144.0,3141.0,3142.0,1700,0.0,0.0
2024-10-17 13:35:00+09:00,3143.0,3144.0,3142.0,3142.0,1500,0.0,0.0
2024-10-17 13:40:00+09:00,3143.0,3146.0,3139.0,3146.0,3400,0.0,0.0
2024-10-17 13:45:00+09:00,3146.0,3149.0,3146.0,3149.0,1200,0.0,0.0
2024-10-17 13:50:00+09:00,3148.0,3149.0,3148.0,3149.0,1200,0.0,0.0
2024-10-17 13:55:00+09:00,3148.0,3149.0,3148.0,3148.0,1300,0.0,0.0
2024-10-17 14:00:00+09:00,3149.0,3149.0,3149.0,3149.0,200,0.0,0.0
2024-10-17 14:05:00+09:00,3150.0,3150.0,3150.0,3150.0,200,0.0,0.0
2024-10-17 14:10:00+09:00,3150.0,3152.0,3149.0,3150.0,1900,0.0,0.0
2024-10-17 14:15:00+09:00,3150.0,3153.0,3150.0,3153.0,2400,0.0,0.0
2024-10-17 14:20:00+09:00,3152.0,3152.0,3152.0,3152.0,700,0.0,0.0
2024-10-17 14:25:00+09:00,3151.0,3151.0,3150.0,3150.0,1000,0.0,0.0
2024-10-17 14:30:00+09:00,3151.0,3155.0,3151.0,3155.0,2200,0.0,0.0
2024-10-17 14:35:00+09:00,3155.0,3159.0,3155.0,3157.0,2700,0.0,0.0
2024-10-17 14:40:00+09:00,3157.0,3157.0,3154.0,3156.0,2100,0.0,0.0
2024-10-17 14:45:00+09:00,3157.0,3157.0,3155.0,3155.0,2700,0.0,0.0
2024-10-17 14:50:00+09:00,3156.0,3160.0,3154.0,3159.0,5100,0.0,0.0
2024-10-17 14:55:00+09:00,3160.0,3163.0,3148.0,3148.0,18900,0.0,0.0
2024-10-18 09:00:00+09:00,3162.0,3175.0,3155.0,3157.0,15600,0.0,0.0
2024-10-18 09:05:00+09:00,3159.0,3171.0,3159.0,3170.0,2700,0.0,0.0
2024-10-18 09:10:00+09:00,3169.0,3176.0,3168.0,3171.0,3100,0.0,0.0
2024-10-18 09:15:00+09:00,3172.0,3175.0,3172.0,3175.0,1900,0.0,0.0
2024-10-18 09:20:00+09:00,3173.0,3177.0,3169.0,3172.0,7300,0.0,0.0
2024-10-18 09:25:00+09:00,3174.0,3175.0,3168.0,3170.0,2200,0.0,0.0
2024-10-18 09:30:00+09:00,3170.0,3175.0,3169.0,3175.0,2100,0.0,0.0
2024-10-18 09:35:00+09:00,3175.0,3176.0,3173.0,3174.0,2500,0.0,0.0
2024-10-18 09:40:00+09:00,3173.0,3176.0,3172.0,3172.0,2900,0.0,0.0
2024-10-18 09:45:00+09:00,3171.0,3173.0,3169.0,3169.0,1300,0.0,0.0
2024-10-18 09:50:00+09:00,3170.0,3173.0,3168.0,3171.0,3900,0.0,0.0
2024-10-18 09:55:00+09:00,3168.0,3169.0,3166.0,3166.0,1100,0.0,0.0
2024-10-18 10:00:00+09:00,3167.0,3167.0,3157.0,3161.0,2700,0.0,0.0
2024-10-18 10:05:00+09:00,3160.0,3163.0,3159.0,3161.0,2300,0.0,0.0
2024-10-18 10:10:00+09:00,3162.0,3162.0,3156.0,3156.0,3000,0.0,0.0
2024-10-18 10:15:00+09:00,3156.0,3156.0,3152.0,3156.0,1400,0.0,0.0
2024-10-18 10:20:00+09:00,3157.0,3159.0,3155.0,3155.0,2400,0.0,0.0
2024-10-18 10:25:00+09:00,3154.0,3157.0,3154.0,3157.0,1600,0.0,0.0
2024-10-18 10:30:00+09:00,3157.0,3160.0,3156.0,3159.0,5100,0.0,0.0
2024-10-18 10:35:00+09:00,3158.0,3164.0,3158.0,3163.0,1900,0.0,0.0
2024-10-18 10:40:00+09:00,3164.0,3167.0,3163.0,3167.0,2000,0.0,0.0
2024-10-18 10:45:00+09:00,3165.0,3165.0,3164.0,3164.0,2300,0.0,0.0
2024-10-18 10:50:00+09:00,3163.0,3165.0,3163.0,3165.0,1400,0.0,0.0
2024-10-18 10:55:00+09:00,3166.0,3168.0,3165.0,3168.0,1600,0.0,0.0
2024-10-18 11:00:00+09:00,3165.0,3167.0,3165.0,3166.0,2600,0.0,0.0
2024-10-18 11:05:00+09:00,3165.0,3165.0,3163.0,3163.0,1600,0.0,0.0
2024-10-18 11:10:00+09:00,3164.0,3166.0,3163.0,3164.0,2600,0.0,0.0
2024-10-18 11:15:00+09:00,3162.0,3162.0,3160.0,3162.0,1800,0.0,0.0
2024-10-18 11:20:00+09:00,3162.0,3163.0,3162.0,3163.0,1800,0.0,0.0
2024-10-18 11:25:00+09:00,3161.0,3163.0,3160.0,3162.0,600,0.0,0.0
2024-10-18 11:30:00+09:00,3162.0,3162.0,3162.0,3162.0,300,0.0,0.0
2024-10-18 11:35:00+09:00,3162.0,3162.0,3162.0,3162.0,0,0.0,0.0
2024-10-18 12:30:00+09:00,3154.0,3167.0,3154.0,3163.0,100200,0.0,0.0
2024-10-18 12:35:00+09:00,3163.0,3168.0,3161.0,3161.0,3500,0.0,0.0
2024-10-18 12:40:00+09:00,3161.0,3161.0,3156.0,3156.0,2100,0.0,0.0
2024-10-18 12:45:00+09:00,3154.0,3156.0,3154.0,3155.0,1300,0.0,0.0
2024-10-18 12:50:00+09:00,3154.0,3156.0,3150.0,3151.0,1700,0.0,0.0
2024-10-18 12:55:00+09:00,3150.0,3158.0,3150.0,3158.0,6500,0.0,0.0
2024-10-18 13:00:00+09:00,3158.0,3158.0,3154.0,3156.0,2700,0.0,0.0
2024-10-18 13:05:00+09:00,3156.0,3156.0,3155.0,3156.0,600,0.0,0.0
2024-10-18 13:10:00+09:00,3155.0,3157.0,3155.0,3156.0,2000,0.0,0.0
2024-10-18 13:15:00+09:00,3156.0,3156.0,3156.0,3156.0,600,0.0,0.0
2024-10-18 13:20:00+09:00,3155.0,3157.0,3155.0,3156.0,1500,0.0,0.0
2024-10-18 13:25:00+09:00,3156.0,3156.0,3154.0,3154.0,1600,0.0,0.0
2024-10-18 13:30:00+09:00,3155.0,3156.0,3154.0,3156.0,1600,0.0,0.0
2024-10-18 13:35:00+09:00,3157.0,3157.0,3155.0,3155.0,1400,0.0,0.0
2024-10-18 13:40:00+09:00,3154.0,3155.0,3154.0,3154.0,1300,0.0,0.0
2024-10-18 13:45:00+09:00,3154.0,3156.0,3154.0,3156.0,1200,0.0,0.0
2024-10-18 13:50:00+09:00,3155.0,3155.0,3153.0,3153.0,1400,0.0,0.0
2024-10-18 13:55:00+09:00,3154.0,3156.0,3152.0,3156.0,4900,0.0,0.0
2024-10-18 14:00:00+09:00,3156.0,3156.0,3153.0,3153.0,2100,0.0,0.0
2024-10-18 14:05:00+09:00,3153.0,3154.0,3153.0,3154.0,1400,0.0,0.0
2024-10-18 14:10:00+09:00,3154.0,3155.0,3154.0,3155.0,2600,0.0,0.0
2024-10-18 14:15:00+09:00,3155.0,3156.0,3155.0,3155.0,2800,0.0,0.0
2024-10-18 14:20:00+09:00,3155.0,3155.0,3154.0,3155.0,2000,0.0,0.0
2024-10-18 14:25:00+09:00,3154.0,3156.0,3154.0,3155.0,2000,0.0,0.0
2024-10-18 14:30:00+09:00,3154.0,3156.0,3152.0,3155.0,5300,0.0,0.0
2024-10-18 14:35:00+09:00,3157.0,3160.0,3157.0,3159.0,2600,0.0,0.0
2024-10-18 14:40:00+09:00,3159.0,3163.0,3159.0,3160.0,6400,0.0,0.0
2024-10-18 14:45:00+09:00,3161.0,3161.0,3159.0,3160.0,3200,0.0,0.0
2024-10-18 14:50:00+09:00,3159.0,3164.0,3159.0,3161.0,10300,0.0,0.0
2024-10-18 14:55:00+09:00,3162.0,3162.0,3155.0,3155.0,9100,0.0,0.0
