Datetime,Open,High,Low,Close,Volume,Dividends,Stock Splits
2024-09-20 09:00:00+09:00,932.0999755859375,936.0,930.4000244140625,932.2999877929688,118000,0.0,0.0
2024-09-20 09:05:00+09:00,932.2999877929688,934.9000244140625,927.0,927.9000244140625,38200,0.0,0.0
2024-09-20 09:10:00+09:00,928.0,930.4000244140625,927.5999755859375,929.2999877929688,18600,0.0,0.0
2024-09-20 09:15:00+09:00,929.2000122070312,929.4000244140625,926.4000244140625,928.9000244140625,22500,0.0,0.0
2024-09-20 09:20:00+09:00,929.2999877929688,929.4000244140625,926.9000244140625,928.2000122070312,9000,0.0,0.0
2024-09-20 09:25:00+09:00,928.2000122070312,929.4000244140625,928.0,929.4000244140625,11800,0.0,0.0
2024-09-20 09:30:00+09:00,928.9000244140625,931.2000122070312,928.5,931.2000122070312,12300,0.0,0.0
2024-09-20 09:35:00+09:00,931.7000122070312,931.9000244140625,930.5999755859375,930.9000244140625,6600,0.0,0.0
2024-09-20 09:40:00+09:00,930.9000244140625,932.9000244140625,930.5,932.5,15700,0.0,0.0
2024-09-20 09:45:00+09:00,932.7000122070312,933.4000244140625,932.2000122070312,932.7000122070312,10400,0.0,0.0
2024-09-20 09:50:00+09:00,932.5,933.0,930.9000244140625,931.7999877929688,11900,0.0,0.0
2024-09-20 09:55:00+09:00,931.5999755859375,931.7999877929688,930.5,930.5,7400,0.0,0.0
2024-09-20 10:00:00+09:00,930.2000122070312,930.7000122070312,929.5,930.2000122070312,8900,0.0,0.0
2024-09-20 10:05:00+09:00,930.5,931.4000244140625,930.5,931.0,11700,0.0,0.0
2024-09-20 10:10:00+09:00,930.9000244140625,931.2999877929688,930.4000244140625,931.2999877929688,6000,0.0,0.0
2024-09-20 10:15:00+09:00,931.4000244140625,932.2000122070312,931.0,932.0999755859375,5300,0.0,0.0
2024-09-20 10:20:00+09:00,932.4000244140625,932.5999755859375,930.9000244140625,931.5999755859375,7300,0.0,0.0
2024-09-20 10:25:00+09:00,931.5,932.2000122070312,931.0,932.0999755859375,10400,0.0,0.0
2024-09-20 10:30:00+09:00,932.0,932.0,929.9000244140625,930.0,8800,0.0,0.0
2024-09-20 10:35:00+09:00,930.0,930.7000122070312,929.9000244140625,930.4000244140625,4700,0.0,0.0
2024-09-20 10:40:00+09:00,930.7000122070312,931.2000122070312,930.5,930.7000122070312,4600,0.0,0.0
2024-09-20 10:45:00+09:00,930.5999755859375,932.0,930.5999755859375,930.7999877929688,13400,0.0,0.0
2024-09-20 10:50:00+09:00,930.9000244140625,931.0999755859375,930.0,930.0,9400,0.0,0.0
2024-09-20 10:55:00+09:00,930.0,930.7999877929688,930.0,930.7000122070312,4200,0.0,0.0
2024-09-20 11:00:00+09:00,930.7999877929688,930.9000244140625,929.7000122070312,930.0,5600,0.0,0.0
2024-09-20 11:05:00+09:00,930.2000122070312,931.0,929.7000122070312,929.7000122070312,7800,0.0,0.0
2024-09-20 11:10:00+09:00,929.7000122070312,930.0,929.4000244140625,930.0,9300,0.0,0.0
2024-09-20 11:15:00+09:00,929.5,930.0,928.0,928.0,16400,0.0,0.0
2024-09-20 11:20:00+09:00,928.0,928.7000122070312,927.5,928.7000122070312,8000,0.0,0.0
2024-09-20 11:25:00+09:00,928.4000244140625,930.9000244140625,928.4000244140625,930.9000244140625,16100,0.0,0.0
2024-09-20 11:30:00+09:00,931.4000244140625,931.4000244140625,931.4000244140625,931.4000244140625,2200,0.0,0.0
2024-09-20 11:35:00+09:00,931.4000244140625,931.4000244140625,931.4000244140625,931.4000244140625,0,0.0,0.0
2024-09-20 12:30:00+09:00,928.0,929.5999755859375,927.2999877929688,927.2999877929688,484600,0.0,0.0
2024-09-20 12:35:00+09:00,927.5,927.5999755859375,926.2999877929688,927.4000244140625,14300,0.0,0.0
2024-09-20 12:40:00+09:00,927.7000122070312,928.0,926.7999877929688,927.4000244140625,10100,0.0,0.0
2024-09-20 12:45:00+09:00,927.5999755859375,928.2000122070312,927.0,927.4000244140625,11200,0.0,0.0
2024-09-20 12:50:00+09:00,927.2000122070312,927.5999755859375,926.2000122070312,926.5999755859375,8600,0.0,0.0
2024-09-20 12:55:00+09:00,926.7000122070312,926.7999877929688,925.5,926.0,21500,0.0,0.0
2024-09-20 13:00:00+09:00,925.9000244140625,926.5999755859375,924.0,924.7999877929688,29900,0.0,0.0
2024-09-20 13:05:00+09:00,924.7999877929688,925.2000122070312,923.0999755859375,924.4000244140625,11900,0.0,0.0
2024-09-20 13:10:00+09:00,924.2999877929688,924.4000244140625,923.2000122070312,923.5999755859375,8800,0.0,0.0
2024-09-20 13:15:00+09:00,923.7000122070312,924.2000122070312,923.0999755859375,924.2000122070312,6200,0.0,0.0
2024-09-20 13:20:00+09:00,924.0999755859375,925.0,924.0999755859375,924.2000122070312,8900,0.0,0.0
2024-09-20 13:25:00+09:00,924.2000122070312,924.9000244140625,924.0999755859375,924.9000244140625,4200,0.0,0.0
2024-09-20 13:30:00+09:00,925.0,926.2999877929688,924.7999877929688,925.0999755859375,17600,0.0,0.0
2024-09-20 13:35:00+09:00,925.2999877929688,926.0999755859375,925.0999755859375,925.9000244140625,20300,0.0,0.0
2024-09-20 13:40:00+09:00,925.7999877929688,925.9000244140625,925.2000122070312,925.2000122070312,8100,0.0,0.0
2024-09-20 13:45:00+09:00,925.0999755859375,925.2999877929688,924.7000122070312,925.0,8300,0.0,0.0
2024-09-20 13:50:00+09:00,925.0,925.4000244140625,923.7999877929688,923.7999877929688,14500,0.0,0.0
2024-09-20 13:55:00+09:00,923.7000122070312,924.7000122070312,923.5,924.7000122070312,7200,0.0,0.0
2024-09-20 14:00:00+09:00,924.5999755859375,924.7999877929688,924.0999755859375,924.0999755859375,6700,0.0,0.0
2024-09-20 14:05:00+09:00,924.2999877929688,924.4000244140625,922.2999877929688,922.2999877929688,12700,0.0,0.0
2024-09-20 14:10:00+09:00,922.2000122070312,922.9000244140625,921.5,922.2000122070312,17300,0.0,0.0
2024-09-20 14:15:00+09:00,922.5,922.5,920.2000122070312,920.5999755859375,15800,0.0,0.0
2024-09-20 14:20:00+09:00,920.5999755859375,921.2999877929688,920.0,920.9000244140625,13800,0.0,0.0
2024-09-20 14:25:00+09:00,921.0,921.2999877929688,920.2999877929688,920.2999877929688,10500,0.0,0.0
2024-09-20 14:30:00+09:00,920.2000122070312,920.5,919.5,920.2000122070312,39300,0.0,0.0
2024-09-20 14:35:00+09:00,920.4000244140625,920.9000244140625,918.7000122070312,919.4000244140625,19600,0.0,0.0
2024-09-20 14:40:00+09:00,919.7000122070312,921.0999755859375,919.7000122070312,920.2999877929688,17500,0.0,0.0
2024-09-20 14:45:00+09:00,920.0,921.7999877929688,918.2000122070312,921.0999755859375,28100,0.0,0.0
2024-09-20 14:50:00+09:00,921.2000122070312,921.5,918.7000122070312,918.7000122070312,29200,0.0,0.0
2024-09-20 14:55:00+09:00,918.7000122070312,920.0,918.7000122070312,919.5,43000,0.0,0.0
2024-09-24 09:00:00+09:00,924.5,932.0,923.0,932.0,74100,0.0,0.0
2024-09-24 09:05:00+09:00,932.4000244140625,932.4000244140625,928.2999877929688,931.0,28100,0.0,0.0
2024-09-24 09:10:00+09:00,930.4000244140625,931.5,929.2000122070312,929.4000244140625,11800,0.0,0.0
2024-09-24 09:15:00+09:00,929.7999877929688,930.0999755859375,927.2000122070312,928.7000122070312,18200,0.0,0.0
2024-09-24 09:20:00+09:00,928.5,931.7000122070312,928.5,931.7000122070312,17900,0.0,0.0
2024-09-24 09:25:00+09:00,931.2999877929688,932.5999755859375,931.2999877929688,932.0999755859375,15800,0.0,0.0
2024-09-24 09:30:00+09:00,932.0,932.0999755859375,930.4000244140625,931.2999877929688,15800,0.0,0.0
2024-09-24 09:35:00+09:00,931.2999877929688,931.2999877929688,926.0,929.2000122070312,23000,0.0,0.0
2024-09-24 09:40:00+09:00,929.0999755859375,930.0,928.4000244140625,929.2000122070312,9400,0.0,0.0
2024-09-24 09:45:00+09:00,929.5,929.7000122070312,928.0999755859375,928.0999755859375,8100,0.0,0.0
2024-09-24 09:50:00+09:00,928.0,929.0,927.7999877929688,928.7000122070312,9500,0.0,0.0
2024-09-24 09:55:00+09:00,928.5999755859375,929.7000122070312,928.2999877929688,929.5,11100,0.0,0.0
2024-09-24 10:00:00+09:00,929.5,930.2999877929688,928.9000244140625,929.9000244140625,27500,0.0,0.0
2024-09-24 10:05:00+09:00,930.0,931.4000244140625,929.2999877929688,931.2999877929688,13200,0.0,0.0
2024-09-24 10:10:00+09:00,931.4000244140625,931.5,929.5999755859375,929.7000122070312,8900,0.0,0.0
2024-09-24 10:15:00+09:00,929.9000244140625,931.0,929.5999755859375,930.9000244140625,15700,0.0,0.0
2024-09-24 10:20:00+09:00,930.9000244140625,931.2999877929688,929.9000244140625,930.0999755859375,9200,0.0,0.0
2024-09-24 10:25:00+09:00,930.0999755859375,930.0999755859375,928.5999755859375,928.9000244140625,12900,0.0,0.0
2024-09-24 10:30:00+09:00,929.0,929.4000244140625,927.2999877929688,927.7000122070312,9100,0.0,0.0
2024-09-24 10:35:00+09:00,927.5999755859375,927.5999755859375,926.4000244140625,926.5999755859375,19300,0.0,0.0
2024-09-24 10:40:00+09:00,926.5,926.5,925.4000244140625,926.2999877929688,23200,0.0,0.0
2024-09-24 10:45:00+09:00,926.0,927.7000122070312,926.0,926.7000122070312,12700,0.0,0.0
2024-09-24 10:50:00+09:00,926.4000244140625,927.4000244140625,925.4000244140625,927.4000244140625,9900,0.0,0.0
2024-09-24 10:55:00+09:00,927.2999877929688,927.7000122070312,926.9000244140625,927.2000122070312,6900,0.0,0.0
2024-09-24 11:00:00+09:00,927.2000122070312,927.7000122070312,924.9000244140625,925.0,14000,0.0,0.0
2024-09-24 11:05:00+09:00,925.0,925.0999755859375,921.4000244140625,922.0999755859375,19200,0.0,0.0
2024-09-24 11:10:00+09:00,921.5999755859375,923.4000244140625,921.2000122070312,921.9000244140625,18400,0.0,0.0
2024-09-24 11:15:00+09:00,922.0999755859375,922.5999755859375,921.2999877929688,922.5,13600,0.0,0.0
2024-09-24 11:20:00+09:00,922.4000244140625,923.4000244140625,920.7999877929688,921.4000244140625,25000,0.0,0.0
2024-09-24 11:25:00+09:00,921.2999877929688,921.9000244140625,920.4000244140625,920.7999877929688,11900,0.0,0.0
2024-09-24 11:30:00+09:00,920.5,920.5,920.4000244140625,920.4000244140625,5200,0.0,0.0
2024-09-24 11:35:00+09:00,920.4000244140625,920.4000244140625,920.4000244140625,920.4000244140625,0,0.0,0.0
2024-09-24 12:30:00+09:00,919.0999755859375,920.5,917.5,918.5,578100,0.0,0.0
2024-09-24 12:35:00+09:00,918.2999877929688,919.2000122070312,917.5,918.0999755859375,23300,0.0,0.0
2024-09-24 12:40:00+09:00,918.0999755859375,918.5,915.7999877929688,918.2000122070312,47400,0.0,0.0
2024-09-24 12:45:00+09:00,918.0999755859375,919.5,917.7000122070312,917.7999877929688,19900,0.0,0.0
2024-09-24 12:50:00+09:00,917.9000244140625,917.9000244140625,915.2999877929688,915.5999755859375,28300,0.0,0.0
2024-09-24 12:55:00+09:00,915.7000122070312,916.2999877929688,915.2000122070312,916.0999755859375,35800,0.0,0.0
2024-09-24 13:00:00+09:00,916.0999755859375,916.0999755859375,914.5,915.5999755859375,21600,0.0,0.0
2024-09-24 13:05:00+09:00,915.5999755859375,917.9000244140625,915.4000244140625,917.7000122070312,16100,0.0,0.0
2024-09-24 13:10:00+09:00,917.9000244140625,918.4000244140625,917.2999877929688,917.5,22100,0.0,0.0
2024-09-24 13:15:00+09:00,917.9000244140625,917.9000244140625,916.2999877929688,916.5999755859375,12200,0.0,0.0
2024-09-24 13:20:00+09:00,916.5999755859375,918.2000122070312,916.2999877929688,917.0999755859375,32600,0.0,0.0
2024-09-24 13:25:00+09:00,916.7999877929688,918.4000244140625,916.7999877929688,917.4000244140625,31800,0.0,0.0
2024-09-24 13:30:00+09:00,917.9000244140625,919.4000244140625,917.0,917.2999877929688,37700,0.0,0.0
2024-09-24 13:35:00+09:00,917.4000244140625,917.4000244140625,915.5,915.9000244140625,21400,0.0,0.0
2024-09-24 13:40:00+09:00,915.7999877929688,916.7000122070312,915.5,916.0,35100,0.0,0.0
2024-09-24 13:45:00+09:00,916.0,916.2999877929688,915.7999877929688,916.2999877929688,13900,0.0,0.0
2024-09-24 13:50:00+09:00,916.2000122070312,916.2000122070312,914.5999755859375,914.5999755859375,33600,0.0,0.0
2024-09-24 13:55:00+09:00,914.9000244140625,915.7999877929688,914.4000244140625,915.7999877929688,14200,0.0,0.0
2024-09-24 14:00:00+09:00,915.9000244140625,916.2999877929688,915.5,916.2999877929688,8000,0.0,0.0
2024-09-24 14:05:00+09:00,916.2999877929688,917.7999877929688,916.2999877929688,917.7999877929688,8900,0.0,0.0
2024-09-24 14:10:00+09:00,917.9000244140625,919.7999877929688,917.7999877929688,918.0999755859375,40200,0.0,0.0
2024-09-24 14:15:00+09:00,918.0999755859375,918.0999755859375,917.5,917.5,8100,0.0,0.0
2024-09-24 14:20:00+09:00,917.5999755859375,917.7999877929688,916.2999877929688,916.7000122070312,12500,0.0,0.0
2024-09-24 14:25:00+09:00,916.9000244140625,919.7999877929688,916.4000244140625,919.5999755859375,19300,0.0,0.0
2024-09-24 14:30:00+09:00,919.7999877929688,920.0999755859375,919.0,919.5,11900,0.0,0.0
2024-09-24 14:35:00+09:00,919.2999877929688,919.7000122070312,918.5,919.0,24100,0.0,0.0
2024-09-24 14:40:00+09:00,919.0999755859375,920.2999877929688,918.5999755859375,919.4000244140625,36900,0.0,0.0
2024-09-24 14:45:00+09:00,919.4000244140625,919.7000122070312,918.7000122070312,919.5,38100,0.0,0.0
2024-09-24 14:50:00+09:00,919.5,919.5,916.0,916.9000244140625,32800,0.0,0.0
2024-09-24 14:55:00+09:00,917.0999755859375,917.9000244140625,915.0,915.7000122070312,50100,0.0,0.0
2024-09-25 09:00:00+09:00,909.7999877929688,917.2000122070312,902.0,902.9000244140625,119000,0.0,0.0
2024-09-25 09:05:00+09:00,902.0999755859375,904.2000122070312,899.0999755859375,899.2999877929688,49000,0.0,0.0
2024-09-25 09:10:00+09:00,899.9000244140625,903.0,899.4000244140625,901.0,37000,0.0,0.0
2024-09-25 09:15:00+09:00,901.2000122070312,905.0,901.0999755859375,902.7999877929688,40600,0.0,0.0
2024-09-25 09:20:00+09:00,902.5999755859375,903.5999755859375,902.2000122070312,902.2000122070312,15000,0.0,0.0
2024-09-25 09:25:00+09:00,902.0999755859375,903.0999755859375,901.2999877929688,901.7999877929688,33600,0.0,0.0
2024-09-25 09:30:00+09:00,902.0999755859375,903.2000122070312,901.5,901.7999877929688,17700,0.0,0.0
2024-09-25 09:35:00+09:00,901.2999877929688,902.0999755859375,900.2999877929688,900.5999755859375,26800,0.0,0.0
2024-09-25 09:40:00+09:00,900.2999877929688,902.4000244140625,899.0,901.4000244140625,28000,0.0,0.0
2024-09-25 09:45:00+09:00,901.4000244140625,901.4000244140625,898.7000122070312,900.0999755859375,34800,0.0,0.0
2024-09-25 09:50:00+09:00,899.9000244140625,901.0,899.2000122070312,900.0,19400,0.0,0.0
2024-09-25 09:55:00+09:00,899.7000122070312,902.0999755859375,899.5999755859375,901.9000244140625,13000,0.0,0.0
2024-09-25 10:00:00+09:00,901.7999877929688,901.7999877929688,900.0,900.9000244140625,19200,0.0,0.0
2024-09-25 10:05:00+09:00,900.5999755859375,902.7000122070312,900.5,902.0,26400,0.0,0.0
2024-09-25 10:10:00+09:00,902.2999877929688,902.4000244140625,899.0,899.0,65300,0.0,0.0
2024-09-25 10:15:00+09:00,899.2000122070312,899.4000244140625,895.2999877929688,895.7000122070312,25400,0.0,0.0
2024-09-25 10:20:00+09:00,895.0999755859375,897.5,895.0999755859375,897.5,27800,0.0,0.0
2024-09-25 10:25:00+09:00,897.0,897.2000122070312,895.5999755859375,896.7000122070312,19900,0.0,0.0
2024-09-25 10:30:00+09:00,896.5,898.4000244140625,896.0,898.0999755859375,20000,0.0,0.0
2024-09-25 10:35:00+09:00,898.2999877929688,904.2999877929688,897.5999755859375,903.5999755859375,47200,0.0,0.0
2024-09-25 10:40:00+09:00,903.2999877929688,906.7999877929688,902.9000244140625,906.7999877929688,31300,0.0,0.0
2024-09-25 10:45:00+09:00,906.7999877929688,906.7999877929688,904.5999755859375,905.0,24700,0.0,0.0
2024-09-25 10:50:00+09:00,905.2000122070312,907.0,905.2000122070312,906.2999877929688,36200,0.0,0.0
2024-09-25 10:55:00+09:00,906.0999755859375,908.7000122070312,905.4000244140625,908.7000122070312,30200,0.0,0.0
2024-09-25 11:00:00+09:00,908.5999755859375,909.2999877929688,907.4000244140625,908.0,25200,0.0,0.0
2024-09-25 11:05:00+09:00,908.2000122070312,912.0999755859375,908.0999755859375,910.2000122070312,57700,0.0,0.0
2024-09-25 11:10:00+09:00,910.2000122070312,911.2999877929688,909.0,911.2999877929688,19300,0.0,0.0
2024-09-25 11:15:00+09:00,911.0999755859375,911.2000122070312,909.5999755859375,909.5999755859375,11700,0.0,0.0
2024-09-25 11:20:00+09:00,910.0,910.7000122070312,908.5,909.2000122070312,26400,0.0,0.0
2024-09-25 11:25:00+09:00,909.0999755859375,909.7000122070312,908.7000122070312,909.2999877929688,11700,0.0,0.0
2024-09-25 11:30:00+09:00,910.0,910.0,910.0,910.0,1600,0.0,0.0
2024-09-25 11:35:00+09:00,910.0,910.0,910.0,910.0,0,0.0,0.0
2024-09-25 12:30:00+09:00,910.7000122070312,911.5,909.0,910.2999877929688,1017900,0.0,0.0
2024-09-25 12:35:00+09:00,910.4000244140625,910.9000244140625,909.0999755859375,909.0999755859375,27200,0.0,0.0
2024-09-25 12:40:00+09:00,909.0999755859375,909.9000244140625,908.0,908.4000244140625,29800,0.0,0.0
2024-09-25 12:45:00+09:00,908.2999877929688,910.5999755859375,908.2000122070312,910.5999755859375,29200,0.0,0.0
2024-09-25 12:50:00+09:00,910.9000244140625,912.5,909.7000122070312,909.7000122070312,55600,0.0,0.0
2024-09-25 12:55:00+09:00,909.7000122070312,911.4000244140625,909.5999755859375,910.7999877929688,20600,0.0,0.0
2024-09-25 13:00:00+09:00,911.5,911.5,909.5999755859375,910.0,16400,0.0,0.0
2024-09-25 13:05:00+09:00,910.2999877929688,911.7000122070312,910.2000122070312,911.2999877929688,24700,0.0,0.0
2024-09-25 13:10:00+09:00,911.2999877929688,912.2000122070312,911.0,911.0999755859375,34400,0.0,0.0
2024-09-25 13:15:00+09:00,911.0999755859375,911.2000122070312,909.0,909.0999755859375,23000,0.0,0.0
2024-09-25 13:20:00+09:00,909.0,909.5999755859375,908.4000244140625,908.7000122070312,18400,0.0,0.0
2024-09-25 13:25:00+09:00,908.7000122070312,909.0,908.4000244140625,908.7000122070312,10000,0.0,0.0
2024-09-25 13:30:00+09:00,909.0999755859375,909.5999755859375,908.9000244140625,909.5999755859375,13600,0.0,0.0
2024-09-25 13:35:00+09:00,909.2999877929688,910.2000122070312,909.0999755859375,909.0999755859375,14300,0.0,0.0
2024-09-25 13:40:00+09:00,909.0999755859375,909.7999877929688,909.0999755859375,909.5,13300,0.0,0.0
2024-09-25 13:45:00+09:00,909.5,910.9000244140625,909.0999755859375,910.7999877929688,27400,0.0,0.0
2024-09-25 13:50:00+09:00,910.7999877929688,911.0,910.4000244140625,910.7000122070312,10500,0.0,0.0
2024-09-25 13:55:00+09:00,910.9000244140625,910.9000244140625,909.5,910.0999755859375,18400,0.0,0.0
2024-09-25 14:00:00+09:00,910.0999755859375,910.0999755859375,909.0999755859375,909.9000244140625,15600,0.0,0.0
2024-09-25 14:05:00+09:00,909.7999877929688,910.2000122070312,909.5999755859375,909.7999877929688,8700,0.0,0.0
2024-09-25 14:10:00+09:00,909.7000122070312,911.5,909.4000244140625,910.4000244140625,21300,0.0,0.0
2024-09-25 14:15:00+09:00,910.2000122070312,911.0999755859375,910.2000122070312,910.7999877929688,13700,0.0,0.0
2024-09-25 14:20:00+09:00,910.7000122070312,910.7000122070312,909.7999877929688,910.2999877929688,13500,0.0,0.0
2024-09-25 14:25:00+09:00,910.2999877929688,911.7000122070312,910.0999755859375,911.2999877929688,19000,0.0,0.0
2024-09-25 14:30:00+09:00,911.5999755859375,911.7000122070312,911.2000122070312,911.5999755859375,18400,0.0,0.0
2024-09-25 14:35:00+09:00,911.5,911.5999755859375,909.5999755859375,909.9000244140625,33400,0.0,0.0
2024-09-25 14:40:00+09:00,910.0,910.0999755859375,908.2000122070312,908.2999877929688,32400,0.0,0.0
2024-09-25 14:45:00+09:00,908.2000122070312,908.2000122070312,905.9000244140625,906.0999755859375,40500,0.0,0.0
2024-09-25 14:50:00+09:00,906.0,907.2000122070312,906.0,906.7000122070312,53100,0.0,0.0
2024-09-25 14:55:00+09:00,906.9000244140625,907.0,904.0,904.2999877929688,66700,0.0,0.0
2024-09-26 09:00:00+09:00,917.2000122070312,921.4000244140625,916.4000244140625,919.5,134500,0.0,0.0
2024-09-26 09:05:00+09:00,920.2000122070312,921.5999755859375,918.4000244140625,920.5,28900,0.0,0.0
2024-09-26 09:10:00+09:00,919.7000122070312,919.7999877929688,917.7999877929688,918.4000244140625,14700,0.0,0.0
2024-09-26 09:15:00+09:00,918.5,918.5,916.7000122070312,917.5,21900,0.0,0.0
2024-09-26 09:20:00+09:00,916.9000244140625,918.7999877929688,914.7999877929688,915.0,29300,0.0,0.0
2024-09-26 09:25:00+09:00,915.7000122070312,917.0,915.2000122070312,915.2000122070312,11100,0.0,0.0
2024-09-26 09:30:00+09:00,915.5999755859375,916.0,912.9000244140625,912.9000244140625,12500,0.0,0.0
2024-09-26 09:35:00+09:00,912.7000122070312,915.0,911.5,911.5,28800,0.0,0.0
2024-09-26 09:40:00+09:00,911.5,914.0,911.0,911.9000244140625,15500,0.0,0.0
2024-09-26 09:45:00+09:00,911.9000244140625,913.5,911.0,913.5,15000,0.0,0.0
2024-09-26 09:50:00+09:00,913.2999877929688,915.4000244140625,912.7999877929688,914.7000122070312,23900,0.0,0.0
2024-09-26 09:55:00+09:00,914.7999877929688,916.9000244140625,913.9000244140625,915.7999877929688,28000,0.0,0.0
2024-09-26 10:00:00+09:00,915.9000244140625,917.5,914.5,916.9000244140625,15100,0.0,0.0
2024-09-26 10:05:00+09:00,917.4000244140625,917.7000122070312,916.0999755859375,917.2999877929688,11300,0.0,0.0
2024-09-26 10:10:00+09:00,917.4000244140625,918.7999877929688,916.7000122070312,918.0,8800,0.0,0.0
2024-09-26 10:15:00+09:00,918.0,919.4000244140625,917.5999755859375,919.4000244140625,7200,0.0,0.0
2024-09-26 10:20:00+09:00,919.0999755859375,919.7000122070312,918.5,918.5999755859375,10600,0.0,0.0
2024-09-26 10:25:00+09:00,918.4000244140625,918.5,917.0,918.4000244140625,17700,0.0,0.0
2024-09-26 10:30:00+09:00,918.5999755859375,919.4000244140625,918.0,919.0999755859375,9600,0.0,0.0
2024-09-26 10:35:00+09:00,919.2000122070312,919.5,918.5999755859375,919.2999877929688,9100,0.0,0.0
2024-09-26 10:40:00+09:00,919.4000244140625,920.4000244140625,916.7999877929688,917.2999877929688,37100,0.0,0.0
2024-09-26 10:45:00+09:00,917.2000122070312,918.4000244140625,917.2000122070312,918.0999755859375,12600,0.0,0.0
2024-09-26 10:50:00+09:00,918.2999877929688,919.2000122070312,918.0999755859375,919.2000122070312,7000,0.0,0.0
2024-09-26 10:55:00+09:00,919.0,919.5999755859375,918.5999755859375,919.2999877929688,9500,0.0,0.0
2024-09-26 11:00:00+09:00,919.2999877929688,920.4000244140625,918.5999755859375,919.7000122070312,14800,0.0,0.0
2024-09-26 11:05:00+09:00,919.9000244140625,921.9000244140625,919.9000244140625,921.9000244140625,25200,0.0,0.0
2024-09-26 11:10:00+09:00,921.2999877929688,922.2000122070312,921.2000122070312,921.2000122070312,17300,0.0,0.0
2024-09-26 11:15:00+09:00,921.2999877929688,921.7999877929688,920.7000122070312,921.0,12500,0.0,0.0
2024-09-26 11:20:00+09:00,921.0,922.5,921.0,922.4000244140625,19500,0.0,0.0
2024-09-26 11:25:00+09:00,922.7999877929688,923.7999877929688,922.0999755859375,923.2000122070312,18900,0.0,0.0
2024-09-26 11:30:00+09:00,923.0999755859375,923.0999755859375,922.9000244140625,922.9000244140625,1100,0.0,0.0
2024-09-26 11:35:00+09:00,922.9000244140625,922.9000244140625,922.9000244140625,922.9000244140625,0,0.0,0.0
2024-09-26 12:30:00+09:00,921.0,923.0,920.5,922.5,674400,0.0,0.0
2024-09-26 12:35:00+09:00,922.9000244140625,923.4000244140625,922.9000244140625,923.2000122070312,11700,0.0,0.0
2024-09-26 12:40:00+09:00,923.0,923.7999877929688,922.7000122070312,923.7999877929688,9800,0.0,0.0
2024-09-26 12:45:00+09:00,923.9000244140625,923.9000244140625,922.2000122070312,922.2000122070312,26000,0.0,0.0
2024-09-26 12:50:00+09:00,922.0,922.4000244140625,919.0,919.2999877929688,35100,0.0,0.0
2024-09-26 12:55:00+09:00,919.0,919.2000122070312,917.2999877929688,918.0,18200,0.0,0.0
2024-09-26 13:00:00+09:00,917.7999877929688,918.2999877929688,916.0,916.2000122070312,40000,0.0,0.0
2024-09-26 13:05:00+09:00,916.0999755859375,916.4000244140625,915.2000122070312,915.5,15900,0.0,0.0
2024-09-26 13:10:00+09:00,915.5,916.4000244140625,915.5,915.7999877929688,16200,0.0,0.0
2024-09-26 13:15:00+09:00,915.7000122070312,915.7000122070312,915.0,915.5,15700,0.0,0.0
2024-09-26 13:20:00+09:00,915.5999755859375,917.0999755859375,915.5,916.9000244140625,18200,0.0,0.0
2024-09-26 13:25:00+09:00,916.7000122070312,918.0,916.4000244140625,916.7999877929688,22400,0.0,0.0
2024-09-26 13:30:00+09:00,916.7000122070312,918.0,916.5999755859375,917.0,8200,0.0,0.0
2024-09-26 13:35:00+09:00,916.7999877929688,916.7999877929688,915.7999877929688,916.4000244140625,13400,0.0,0.0
2024-09-26 13:40:00+09:00,916.4000244140625,918.7999877929688,916.2000122070312,918.7000122070312,17200,0.0,0.0
2024-09-26 13:45:00+09:00,918.4000244140625,918.5,917.0999755859375,917.2999877929688,6500,0.0,0.0
2024-09-26 13:50:00+09:00,917.2999877929688,917.5,915.5999755859375,915.5999755859375,14300,0.0,0.0
2024-09-26 13:55:00+09:00,915.4000244140625,916.4000244140625,915.4000244140625,916.2000122070312,9500,0.0,0.0
2024-09-26 14:00:00+09:00,916.2000122070312,916.2999877929688,915.9000244140625,916.0,8200,0.0,0.0
2024-09-26 14:05:00+09:00,916.0,918.7999877929688,916.0,918.5,19800,0.0,0.0
2024-09-26 14:10:00+09:00,918.5999755859375,919.4000244140625,918.5,919.2000122070312,11700,0.0,0.0
2024-09-26 14:15:00+09:00,919.0999755859375,919.0999755859375,917.7000122070312,917.7999877929688,15300,0.0,0.0
2024-09-26 14:20:00+09:00,917.9000244140625,919.4000244140625,917.9000244140625,918.7000122070312,16500,0.0,0.0
2024-09-26 14:25:00+09:00,919.0999755859375,919.0999755859375,918.4000244140625,918.5999755859375,12600,0.0,0.0
2024-09-26 14:30:00+09:00,918.5999755859375,919.2000122070312,917.7999877929688,919.0999755859375,22600,0.0,0.0
2024-09-26 14:35:00+09:00,919.0,919.0999755859375,918.2999877929688,918.9000244140625,19000,0.0,0.0
2024-09-26 14:40:00+09:00,919.0,922.0,919.0,922.0,49700,0.0,0.0
2024-09-26 14:45:00+09:00,921.7999877929688,922.2999877929688,921.2000122070312,921.7999877929688,29900,0.0,0.0
2024-09-26 14:50:00+09:00,921.7999877929688,924.4000244140625,921.4000244140625,924.4000244140625,51400,0.0,0.0
2024-09-26 14:55:00+09:00,924.2999877929688,928.0,923.2999877929688,928.0,78500,0.0,0.0
2024-09-27 09:00:00+09:00,936.5,937.0,923.0,925.7000122070312,118200,0.0,0.0
2024-09-27 09:05:00+09:00,925.9000244140625,932.0,925.9000244140625,929.2000122070312,23100,0.0,0.0
2024-09-27 09:10:00+09:00,929.0999755859375,929.5,927.2000122070312,929.0999755859375,14300,0.0,0.0
2024-09-27 09:15:00+09:00,929.7000122070312,931.2000122070312,927.7999877929688,931.2000122070312,20000,0.0,0.0
2024-09-27 09:20:00+09:00,931.0,932.0,928.7999877929688,929.7000122070312,17800,0.0,0.0
2024-09-27 09:25:00+09:00,930.0,932.5,929.7000122070312,931.5,36800,0.0,0.0
2024-09-27 09:30:00+09:00,931.7000122070312,933.9000244140625,930.5,932.5999755859375,31300,0.0,0.0
2024-09-27 09:35:00+09:00,933.2999877929688,933.7000122070312,930.7999877929688,932.0999755859375,51800,0.0,0.0
2024-09-27 09:40:00+09:00,931.7999877929688,934.7999877929688,931.5,934.2999877929688,20400,0.0,0.0
2024-09-27 09:45:00+09:00,934.2999877929688,936.7999877929688,934.0,935.2000122070312,23800,0.0,0.0
2024-09-27 09:50:00+09:00,935.7000122070312,937.0,934.5,936.7999877929688,18200,0.0,0.0
2024-09-27 09:55:00+09:00,936.7999877929688,938.4000244140625,936.2999877929688,937.5,35400,0.0,0.0
2024-09-27 10:00:00+09:00,937.4000244140625,940.0,937.0999755859375,939.7999877929688,34900,0.0,0.0
2024-09-27 10:05:00+09:00,939.7999877929688,941.2000122070312,939.0999755859375,939.5999755859375,47400,0.0,0.0
2024-09-27 10:10:00+09:00,939.7000122070312,940.5,938.2000122070312,938.7999877929688,15600,0.0,0.0
2024-09-27 10:15:00+09:00,939.0,939.2999877929688,936.5999755859375,936.5999755859375,19400,0.0,0.0
2024-09-27 10:20:00+09:00,936.7000122070312,936.7999877929688,933.7000122070312,934.7000122070312,26400,0.0,0.0
2024-09-27 10:25:00+09:00,934.2999877929688,935.0999755859375,932.4000244140625,934.4000244140625,27700,0.0,0.0
2024-09-27 10:30:00+09:00,934.4000244140625,934.5999755859375,932.4000244140625,933.4000244140625,12000,0.0,0.0
2024-09-27 10:35:00+09:00,933.7000122070312,934.4000244140625,933.4000244140625,933.9000244140625,14500,0.0,0.0
2024-09-27 10:40:00+09:00,933.7999877929688,934.0,931.4000244140625,933.4000244140625,31500,0.0,0.0
2024-09-27 10:45:00+09:00,933.7000122070312,934.0999755859375,932.4000244140625,933.5999755859375,9500,0.0,0.0
2024-09-27 10:50:00+09:00,933.5,933.7000122070312,932.5,933.7000122070312,15900,0.0,0.0
2024-09-27 10:55:00+09:00,933.7999877929688,934.2000122070312,931.4000244140625,931.4000244140625,16500,0.0,0.0
2024-09-27 11:00:00+09:00,931.5999755859375,933.7999877929688,931.2999877929688,932.2000122070312,17800,0.0,0.0
2024-09-27 11:05:00+09:00,932.4000244140625,933.2000122070312,931.7000122070312,933.0999755859375,12300,0.0,0.0
2024-09-27 11:10:00+09:00,933.0999755859375,934.4000244140625,932.0999755859375,934.2000122070312,16000,0.0,0.0
2024-09-27 11:15:00+09:00,934.2000122070312,937.0,933.9000244140625,936.4000244140625,33200,0.0,0.0
2024-09-27 11:20:00+09:00,936.2999877929688,938.4000244140625,935.2999877929688,938.4000244140625,33100,0.0,0.0
2024-09-27 11:25:00+09:00,938.4000244140625,938.4000244140625,934.0999755859375,934.5999755859375,9500,0.0,0.0
2024-09-27 11:30:00+09:00,934.7000122070312,934.7000122070312,934.7000122070312,934.7000122070312,1100,0.0,0.0
2024-09-27 11:35:00+09:00,934.7000122070312,934.7000122070312,934.7000122070312,934.7000122070312,0,0.0,0.0
2024-09-27 12:30:00+09:00,934.0,939.0999755859375,931.5999755859375,939.0,862100,0.0,0.0
2024-09-27 12:35:00+09:00,938.7999877929688,940.2999877929688,938.0999755859375,940.0,31700,0.0,0.0
2024-09-27 12:40:00+09:00,939.7999877929688,939.7999877929688,937.5,938.0,29000,0.0,0.0
2024-09-27 12:45:00+09:00,937.9000244140625,944.5999755859375,937.7999877929688,944.5999755859375,63400,0.0,0.0
2024-09-27 12:50:00+09:00,944.9000244140625,948.7000122070312,944.2000122070312,946.7999877929688,95300,0.0,0.0
2024-09-27 12:55:00+09:00,947.0999755859375,948.7999877929688,945.2000122070312,947.5999755859375,38900,0.0,0.0
2024-09-27 13:00:00+09:00,947.7000122070312,950.0,947.2999877929688,947.5999755859375,65300,0.0,0.0
2024-09-27 13:05:00+09:00,947.4000244140625,949.4000244140625,947.2999877929688,948.7000122070312,39900,0.0,0.0
2024-09-27 13:10:00+09:00,948.7000122070312,949.0,947.2000122070312,948.2999877929688,37400,0.0,0.0
2024-09-27 13:15:00+09:00,948.5,948.5999755859375,946.5999755859375,947.0,22900,0.0,0.0
2024-09-27 13:20:00+09:00,947.2000122070312,949.0,947.2000122070312,948.0,23900,0.0,0.0
2024-09-27 13:25:00+09:00,948.4000244140625,948.5,946.9000244140625,947.7000122070312,12900,0.0,0.0
2024-09-27 13:30:00+09:00,947.5999755859375,948.7999877929688,947.4000244140625,948.5999755859375,22900,0.0,0.0
2024-09-27 13:35:00+09:00,948.5,949.2000122070312,948.0,948.2999877929688,39300,0.0,0.0
2024-09-27 13:40:00+09:00,948.5,949.2000122070312,947.5,948.0,37200,0.0,0.0
2024-09-27 13:45:00+09:00,948.2000122070312,948.5999755859375,946.0,946.7999877929688,28900,0.0,0.0
2024-09-27 13:50:00+09:00,946.7000122070312,949.9000244140625,946.5,949.0999755859375,49900,0.0,0.0
2024-09-27 13:55:00+09:00,949.0,949.7999877929688,948.7000122070312,949.2000122070312,19000,0.0,0.0
2024-09-27 14:00:00+09:00,949.0999755859375,950.5,947.7000122070312,948.7999877929688,102300,0.0,0.0
2024-09-27 14:05:00+09:00,948.9000244140625,952.7999877929688,948.9000244140625,951.0,38600,0.0,0.0
2024-09-27 14:10:00+09:00,951.0999755859375,952.7000122070312,948.0,952.2999877929688,25300,0.0,0.0
2024-09-27 14:15:00+09:00,952.2999877929688,953.7999877929688,951.5,953.0999755859375,22500,0.0,0.0
2024-09-27 14:20:00+09:00,953.0999755859375,954.7999877929688,952.9000244140625,954.4000244140625,32900,0.0,0.0
2024-09-27 14:25:00+09:00,954.7999877929688,954.7999877929688,951.5999755859375,953.0,36700,0.0,0.0
2024-09-27 14:30:00+09:00,953.0,953.0,951.0999755859375,951.7000122070312,25500,0.0,0.0
2024-09-27 14:35:00+09:00,951.7000122070312,954.2000122070312,951.7000122070312,953.4000244140625,50000,0.0,0.0
2024-09-27 14:40:00+09:00,953.7000122070312,955.7999877929688,953.5,955.2000122070312,164300,0.0,0.0
2024-09-27 14:45:00+09:00,955.5999755859375,956.4000244140625,953.5999755859375,954.5999755859375,47900,0.0,0.0
2024-09-27 14:50:00+09:00,954.7999877929688,956.2000122070312,951.7000122070312,953.2000122070312,57800,0.0,0.0
2024-09-27 14:55:00+09:00,953.2000122070312,968.0,953.0,968.0,182200,0.0,0.0
2024-09-30 09:05:00+09:00,922.0,947.7999877929688,922.0,944.4000244140625,267600,0.0,0.0
2024-09-30 09:10:00+09:00,944.2999877929688,951.4000244140625,943.2000122070312,944.9000244140625,75400,0.0,0.0
2024-09-30 09:15:00+09:00,945.0,947.2000122070312,943.0999755859375,943.0999755859375,45600,0.0,0.0
2024-09-30 09:20:00+09:00,943.7999877929688,944.5,940.2000122070312,940.2000122070312,41500,0.0,0.0
2024-09-30 09:25:00+09:00,940.2000122070312,941.7000122070312,938.4000244140625,940.4000244140625,36700,0.0,0.0
2024-09-30 09:30:00+09:00,940.0999755859375,947.0,940.0999755859375,944.7999877929688,34700,0.0,0.0
2024-09-30 09:35:00+09:00,944.5,946.9000244140625,941.9000244140625,941.9000244140625,25800,0.0,0.0
2024-09-30 09:40:00+09:00,941.7000122070312,942.4000244140625,939.5999755859375,940.2000122070312,27800,0.0,0.0
2024-09-30 09:45:00+09:00,940.2999877929688,941.9000244140625,938.4000244140625,940.5999755859375,42800,0.0,0.0
2024-09-30 09:50:00+09:00,940.4000244140625,940.4000244140625,934.2000122070312,935.2000122070312,44500,0.0,0.0
2024-09-30 09:55:00+09:00,935.2999877929688,936.4000244140625,933.4000244140625,935.0,17400,0.0,0.0
2024-09-30 10:00:00+09:00,934.9000244140625,939.7000122070312,933.2999877929688,938.0,42000,0.0,0.0
2024-09-30 10:05:00+09:00,938.2999877929688,939.2999877929688,937.7000122070312,937.7000122070312,9200,0.0,0.0
2024-09-30 10:10:00+09:00,937.5999755859375,939.0,936.2999877929688,936.5999755859375,9700,0.0,0.0
2024-09-30 10:15:00+09:00,936.7999877929688,938.2000122070312,935.4000244140625,938.0999755859375,28000,0.0,0.0
2024-09-30 10:20:00+09:00,937.7999877929688,938.7000122070312,937.2000122070312,937.2000122070312,10100,0.0,0.0
2024-09-30 10:25:00+09:00,937.4000244140625,939.2999877929688,937.2999877929688,938.7999877929688,12400,0.0,0.0
2024-09-30 10:30:00+09:00,939.2000122070312,941.2999877929688,938.7999877929688,941.0,26000,0.0,0.0
2024-09-30 10:35:00+09:00,940.7000122070312,942.7000122070312,940.0,941.7999877929688,11500,0.0,0.0
2024-09-30 10:40:00+09:00,942.0999755859375,942.5999755859375,940.7999877929688,941.7000122070312,11600,0.0,0.0
2024-09-30 10:45:00+09:00,941.7000122070312,942.5,941.0,942.5,13600,0.0,0.0
2024-09-30 10:50:00+09:00,942.2999877929688,943.5,941.7000122070312,943.0999755859375,12500,0.0,0.0
2024-09-30 10:55:00+09:00,942.7999877929688,943.9000244140625,942.7000122070312,943.4000244140625,14300,0.0,0.0
2024-09-30 11:00:00+09:00,943.2000122070312,943.2999877929688,941.2000122070312,942.2999877929688,30300,0.0,0.0
2024-09-30 11:05:00+09:00,942.5999755859375,945.2999877929688,942.5,944.0,28700,0.0,0.0
2024-09-30 11:10:00+09:00,943.9000244140625,944.5,941.2000122070312,942.5,18200,0.0,0.0
2024-09-30 11:15:00+09:00,942.2000122070312,944.0999755859375,941.7999877929688,943.7000122070312,12700,0.0,0.0
2024-09-30 11:20:00+09:00,943.7000122070312,946.2000122070312,942.9000244140625,946.0999755859375,22900,0.0,0.0
2024-09-30 11:25:00+09:00,946.2999877929688,947.0,944.5,946.2999877929688,10800,0.0,0.0
2024-09-30 11:30:00+09:00,945.7999877929688,945.7999877929688,945.4000244140625,945.4000244140625,1900,0.0,0.0
2024-09-30 11:35:00+09:00,945.4000244140625,945.4000244140625,945.4000244140625,945.4000244140625,0,0.0,0.0
2024-09-30 12:30:00+09:00,943.0,946.0,942.0,944.7999877929688,1061400,0.0,0.0
2024-09-30 12:35:00+09:00,945.0999755859375,947.7999877929688,944.0999755859375,947.7999877929688,19000,0.0,0.0
2024-09-30 12:40:00+09:00,947.7999877929688,950.0,947.5,949.0999755859375,30100,0.0,0.0
2024-09-30 12:45:00+09:00,949.0,949.5,948.0,948.7999877929688,15100,0.0,0.0
2024-09-30 12:50:00+09:00,948.5,949.7000122070312,948.2999877929688,948.7999877929688,13200,0.0,0.0
2024-09-30 12:55:00+09:00,949.2000122070312,951.0999755859375,948.9000244140625,950.2999877929688,18400,0.0,0.0
2024-09-30 13:00:00+09:00,950.2999877929688,951.7999877929688,950.0999755859375,950.7999877929688,15000,0.0,0.0
2024-09-30 13:05:00+09:00,950.7000122070312,952.0,950.4000244140625,950.7999877929688,21800,0.0,0.0
2024-09-30 13:10:00+09:00,950.7999877929688,950.9000244140625,947.5,947.7999877929688,31000,0.0,0.0
2024-09-30 13:15:00+09:00,947.7000122070312,947.9000244140625,944.4000244140625,945.9000244140625,22600,0.0,0.0
2024-09-30 13:20:00+09:00,945.5,947.0999755859375,945.2999877929688,945.9000244140625,13200,0.0,0.0
2024-09-30 13:25:00+09:00,946.0,948.9000244140625,945.2000122070312,948.7999877929688,23400,0.0,0.0
2024-09-30 13:30:00+09:00,949.0999755859375,950.0999755859375,948.7000122070312,948.9000244140625,10700,0.0,0.0
2024-09-30 13:35:00+09:00,949.0999755859375,950.5,949.0,950.5,19800,0.0,0.0
2024-09-30 13:40:00+09:00,950.5,950.5,949.0,950.2999877929688,13400,0.0,0.0
2024-09-30 13:45:00+09:00,950.0999755859375,950.4000244140625,948.7000122070312,949.2000122070312,18500,0.0,0.0
2024-09-30 13:50:00+09:00,948.9000244140625,949.7999877929688,948.2999877929688,949.4000244140625,14100,0.0,0.0
2024-09-30 13:55:00+09:00,949.5999755859375,950.0,946.5,947.2999877929688,34300,0.0,0.0
2024-09-30 14:00:00+09:00,947.2000122070312,947.4000244140625,945.0999755859375,946.0999755859375,28300,0.0,0.0
2024-09-30 14:05:00+09:00,946.2000122070312,947.9000244140625,945.2999877929688,947.7000122070312,20400,0.0,0.0
2024-09-30 14:10:00+09:00,948.0,948.4000244140625,947.2000122070312,947.2999877929688,16000,0.0,0.0
2024-09-30 14:15:00+09:00,947.2999877929688,950.0999755859375,947.2000122070312,948.7999877929688,38900,0.0,0.0
2024-09-30 14:20:00+09:00,948.7999877929688,949.5999755859375,948.0999755859375,948.9000244140625,23800,0.0,0.0
2024-09-30 14:25:00+09:00,949.0999755859375,951.4000244140625,949.0999755859375,950.0,23400,0.0,0.0
2024-09-30 14:30:00+09:00,950.0,950.7999877929688,947.7000122070312,947.7000122070312,29400,0.0,0.0
2024-09-30 14:35:00+09:00,947.5,948.2999877929688,945.2999877929688,947.0,66700,0.0,0.0
2024-09-30 14:40:00+09:00,947.0999755859375,948.2999877929688,945.0999755859375,945.5,34800,0.0,0.0
2024-09-30 14:45:00+09:00,945.5999755859375,948.2000122070312,945.5999755859375,947.4000244140625,29400,0.0,0.0
2024-09-30 14:50:00+09:00,947.7000122070312,949.0,947.2999877929688,948.2999877929688,44400,0.0,0.0
2024-09-30 14:55:00+09:00,948.0999755859375,949.2999877929688,945.7000122070312,947.9000244140625,105500,0.0,0.0
2024-10-01 09:00:00+09:00,955.0,962.9000244140625,954.7999877929688,957.2000122070312,87900,0.0,0.0
2024-10-01 09:05:00+09:00,957.2999877929688,963.7999877929688,957.2999877929688,963.5,34400,0.0,0.0
2024-10-01 09:10:00+09:00,963.2000122070312,964.9000244140625,962.4000244140625,964.7000122070312,22200,0.0,0.0
2024-10-01 09:15:00+09:00,964.7000122070312,970.5,964.7000122070312,970.0,84700,0.0,0.0
2024-10-01 09:20:00+09:00,969.9000244140625,971.7000122070312,967.2000122070312,968.0999755859375,47100,0.0,0.0
2024-10-01 09:25:00+09:00,968.2000122070312,970.5999755859375,967.2000122070312,967.2999877929688,19900,0.0,0.0
2024-10-01 09:30:00+09:00,967.0999755859375,967.4000244140625,961.0,967.4000244140625,29500,0.0,0.0
2024-10-01 09:35:00+09:00,967.2000122070312,969.4000244140625,966.7000122070312,967.5999755859375,27700,0.0,0.0
2024-10-01 09:40:00+09:00,967.9000244140625,969.5999755859375,967.7999877929688,968.2999877929688,11400,0.0,0.0
2024-10-01 09:45:00+09:00,968.2999877929688,969.7000122070312,967.7000122070312,968.7000122070312,11700,0.0,0.0
2024-10-01 09:50:00+09:00,968.7999877929688,968.7999877929688,967.2000122070312,967.9000244140625,12100,0.0,0.0
2024-10-01 09:55:00+09:00,967.7999877929688,967.7999877929688,966.0,966.5,15400,0.0,0.0
2024-10-01 10:00:00+09:00,966.5,968.2000122070312,966.0,968.0,12700,0.0,0.0
2024-10-01 10:05:00+09:00,968.0,969.7000122070312,968.0,969.7000122070312,18900,0.0,0.0
2024-10-01 10:10:00+09:00,969.5999755859375,970.0,968.0999755859375,968.0999755859375,16300,0.0,0.0
2024-10-01 10:15:00+09:00,968.2999877929688,970.9000244140625,967.9000244140625,970.0,65500,0.0,0.0
2024-10-01 10:20:00+09:00,970.4000244140625,970.4000244140625,967.7000122070312,968.5999755859375,25900,0.0,0.0
2024-10-01 10:25:00+09:00,968.4000244140625,968.5999755859375,967.0999755859375,967.5,20100,0.0,0.0
2024-10-01 10:30:00+09:00,967.7000122070312,968.9000244140625,966.5,966.5,22700,0.0,0.0
2024-10-01 10:35:00+09:00,966.2000122070312,967.5,964.2999877929688,965.2000122070312,18800,0.0,0.0
2024-10-01 10:40:00+09:00,965.0999755859375,967.7000122070312,965.0,967.2000122070312,12100,0.0,0.0
2024-10-01 10:45:00+09:00,967.2999877929688,969.2999877929688,967.2999877929688,969.0,22500,0.0,0.0
2024-10-01 10:50:00+09:00,969.0,969.0,966.5,967.4000244140625,17200,0.0,0.0
2024-10-01 10:55:00+09:00,968.2000122070312,968.2000122070312,965.4000244140625,966.7000122070312,12900,0.0,0.0
2024-10-01 11:00:00+09:00,966.7999877929688,966.7999877929688,964.4000244140625,965.0,19200,0.0,0.0
2024-10-01 11:05:00+09:00,965.0999755859375,965.7999877929688,963.2999877929688,965.4000244140625,18400,0.0,0.0
2024-10-01 11:10:00+09:00,965.5,965.5,963.5999755859375,963.5999755859375,13800,0.0,0.0
2024-10-01 11:15:00+09:00,963.7000122070312,964.7999877929688,962.9000244140625,964.0999755859375,17200,0.0,0.0
2024-10-01 11:20:00+09:00,964.2000122070312,965.5999755859375,963.9000244140625,965.0,21800,0.0,0.0
2024-10-01 11:25:00+09:00,964.7999877929688,966.2999877929688,964.7000122070312,965.5999755859375,10700,0.0,0.0
2024-10-01 11:30:00+09:00,965.0999755859375,965.0999755859375,965.0,965.0,1500,0.0,0.0
2024-10-01 11:35:00+09:00,965.0,965.0,965.0,965.0,0,0.0,0.0
2024-10-01 12:30:00+09:00,965.0,968.9000244140625,964.2999877929688,966.5,816900,0.0,0.0
2024-10-01 12:35:00+09:00,966.4000244140625,968.5,965.9000244140625,968.5,10400,0.0,0.0
2024-10-01 12:40:00+09:00,968.5,969.4000244140625,967.7999877929688,969.4000244140625,19900,0.0,0.0
2024-10-01 12:45:00+09:00,969.0,969.7999877929688,968.0,968.2999877929688,19400,0.0,0.0
2024-10-01 12:50:00+09:00,968.2999877929688,969.2000122070312,967.7999877929688,968.5999755859375,15200,0.0,0.0
2024-10-01 12:55:00+09:00,968.5999755859375,970.0999755859375,968.5,970.0999755859375,20300,0.0,0.0
2024-10-01 13:00:00+09:00,970.0999755859375,970.2999877929688,968.2999877929688,968.5,25200,0.0,0.0
2024-10-01 13:05:00+09:00,968.5999755859375,969.0,966.9000244140625,968.2999877929688,27400,0.0,0.0
2024-10-01 13:10:00+09:00,968.5999755859375,969.2999877929688,968.5999755859375,968.5999755859375,17800,0.0,0.0
2024-10-01 13:15:00+09:00,968.5999755859375,969.5,968.4000244140625,969.4000244140625,22300,0.0,0.0
2024-10-01 13:20:00+09:00,969.4000244140625,969.9000244140625,969.2000122070312,969.2999877929688,11400,0.0,0.0
2024-10-01 13:25:00+09:00,969.5,970.7999877929688,969.2999877929688,970.5,30800,0.0,0.0
2024-10-01 13:30:00+09:00,970.4000244140625,971.5999755859375,970.2000122070312,971.5999755859375,23000,0.0,0.0
2024-10-01 13:35:00+09:00,971.5999755859375,972.9000244140625,971.2000122070312,972.2999877929688,34600,0.0,0.0
2024-10-01 13:40:00+09:00,972.5,973.0,971.7000122070312,972.5,17100,0.0,0.0
2024-10-01 13:45:00+09:00,972.5999755859375,972.9000244140625,972.0,972.0999755859375,15100,0.0,0.0
2024-10-01 13:50:00+09:00,972.2000122070312,972.5,970.7999877929688,970.9000244140625,20200,0.0,0.0
2024-10-01 13:55:00+09:00,970.7999877929688,971.5,970.4000244140625,970.4000244140625,17700,0.0,0.0
2024-10-01 14:00:00+09:00,970.2999877929688,971.5,969.7999877929688,971.5,13800,0.0,0.0
2024-10-01 14:05:00+09:00,971.2999877929688,971.5999755859375,970.7000122070312,970.7999877929688,20100,0.0,0.0
2024-10-01 14:10:00+09:00,970.7999877929688,971.7999877929688,970.5,971.2999877929688,15900,0.0,0.0
2024-10-01 14:15:00+09:00,971.2999877929688,971.2999877929688,969.7999877929688,970.0999755859375,31500,0.0,0.0
2024-10-01 14:20:00+09:00,970.0999755859375,970.2000122070312,969.0,969.5999755859375,18500,0.0,0.0
2024-10-01 14:25:00+09:00,969.5,969.7999877929688,969.0999755859375,969.0999755859375,15900,0.0,0.0
2024-10-01 14:30:00+09:00,969.0999755859375,969.0999755859375,967.2000122070312,967.4000244140625,35200,0.0,0.0
2024-10-01 14:35:00+09:00,967.5999755859375,970.2000122070312,967.5999755859375,970.0999755859375,30500,0.0,0.0
2024-10-01 14:40:00+09:00,970.0,971.5,969.7000122070312,971.5,42600,0.0,0.0
2024-10-01 14:45:00+09:00,971.5,971.9000244140625,968.7999877929688,969.4000244140625,30300,0.0,0.0
2024-10-01 14:50:00+09:00,969.4000244140625,970.7000122070312,969.2000122070312,970.2999877929688,37800,0.0,0.0
2024-10-01 14:55:00+09:00,970.2000122070312,973.0,969.0999755859375,971.7000122070312,121400,0.0,0.0
2024-10-02 09:00:00+09:00,956.0,968.7000122070312,956.0,967.0999755859375,80400,0.0,0.0
2024-10-02 09:05:00+09:00,966.2000122070312,967.5,963.7999877929688,965.2000122070312,18200,0.0,0.0
2024-10-02 09:10:00+09:00,966.0,966.2999877929688,963.7000122070312,964.0,12500,0.0,0.0
2024-10-02 09:15:00+09:00,963.7000122070312,964.0,962.0,962.2000122070312,11400,0.0,0.0
2024-10-02 09:20:00+09:00,962.5999755859375,964.0999755859375,961.4000244140625,962.0,9800,0.0,0.0
2024-10-02 09:25:00+09:00,962.0,963.2999877929688,961.4000244140625,961.7999877929688,12400,0.0,0.0
2024-10-02 09:30:00+09:00,961.4000244140625,961.7000122070312,959.5,961.4000244140625,23100,0.0,0.0
2024-10-02 09:35:00+09:00,961.9000244140625,965.0,961.9000244140625,964.7000122070312,16000,0.0,0.0
2024-10-02 09:40:00+09:00,965.0,966.4000244140625,964.5,965.0999755859375,17000,0.0,0.0
2024-10-02 09:45:00+09:00,965.0999755859375,966.2000122070312,964.0999755859375,965.2000122070312,10300,0.0,0.0
2024-10-02 09:50:00+09:00,965.2999877929688,965.5999755859375,964.2999877929688,964.9000244140625,8300,0.0,0.0
2024-10-02 09:55:00+09:00,964.4000244140625,965.7999877929688,964.2000122070312,965.4000244140625,11500,0.0,0.0
2024-10-02 10:00:00+09:00,965.2999877929688,966.7000122070312,965.2000122070312,966.2999877929688,14000,0.0,0.0
2024-10-02 10:05:00+09:00,966.0999755859375,966.5,963.5,963.5999755859375,17600,0.0,0.0
2024-10-02 10:10:00+09:00,963.5,966.0,963.2000122070312,964.7000122070312,15900,0.0,0.0
2024-10-02 10:15:00+09:00,964.7000122070312,965.7999877929688,964.5,965.5,12700,0.0,0.0
2024-10-02 10:20:00+09:00,965.4000244140625,966.5999755859375,965.2999877929688,966.0999755859375,12000,0.0,0.0
2024-10-02 10:25:00+09:00,966.0999755859375,966.0999755859375,964.5999755859375,964.7999877929688,10600,0.0,0.0
2024-10-02 10:30:00+09:00,965.0,965.0,963.7000122070312,964.4000244140625,16400,0.0,0.0
2024-10-02 10:35:00+09:00,964.2999877929688,964.4000244140625,963.2000122070312,964.2000122070312,6400,0.0,0.0
2024-10-02 10:40:00+09:00,964.4000244140625,966.7000122070312,964.0999755859375,965.5999755859375,26800,0.0,0.0
2024-10-02 10:45:00+09:00,966.0,967.2999877929688,965.5,966.0,18100,0.0,0.0
2024-10-02 10:50:00+09:00,966.0,966.2000122070312,964.7999877929688,965.0999755859375,22600,0.0,0.0
2024-10-02 10:55:00+09:00,964.7000122070312,965.9000244140625,964.7000122070312,965.9000244140625,6900,0.0,0.0
2024-10-02 11:00:00+09:00,965.9000244140625,966.7000122070312,965.7000122070312,966.0999755859375,9000,0.0,0.0
2024-10-02 11:05:00+09:00,966.0999755859375,967.9000244140625,966.0,966.7000122070312,21600,0.0,0.0
2024-10-02 11:10:00+09:00,966.9000244140625,967.0,966.0,967.0,8700,0.0,0.0
2024-10-02 11:15:00+09:00,966.7000122070312,968.5,966.2999877929688,967.7999877929688,18600,0.0,0.0
2024-10-02 11:20:00+09:00,967.7999877929688,968.9000244140625,967.2000122070312,968.9000244140625,13200,0.0,0.0
2024-10-02 11:25:00+09:00,968.7000122070312,968.9000244140625,966.9000244140625,967.2000122070312,10600,0.0,0.0
2024-10-02 11:30:00+09:00,966.7999877929688,966.7999877929688,966.7999877929688,966.7999877929688,6400,0.0,0.0
2024-10-02 11:35:00+09:00,966.7999877929688,966.7999877929688,966.7999877929688,966.7999877929688,0,0.0,0.0
2024-10-02 12:30:00+09:00,967.0,968.7000122070312,966.5,967.2000122070312,537500,0.0,0.0
2024-10-02 12:35:00+09:00,967.2999877929688,969.7000122070312,967.0999755859375,969.5,23400,0.0,0.0
2024-10-02 12:40:00+09:00,969.5999755859375,969.7000122070312,968.4000244140625,969.0999755859375,14900,0.0,0.0
2024-10-02 12:45:00+09:00,969.0,969.4000244140625,968.2999877929688,968.2999877929688,12600,0.0,0.0
2024-10-02 12:50:00+09:00,968.2999877929688,969.2999877929688,968.0,968.9000244140625,13900,0.0,0.0
2024-10-02 12:55:00+09:00,968.9000244140625,969.4000244140625,968.5999755859375,968.7999877929688,15000,0.0,0.0
2024-10-02 13:00:00+09:00,968.9000244140625,969.9000244140625,968.9000244140625,969.2000122070312,20500,0.0,0.0
2024-10-02 13:05:00+09:00,969.2000122070312,969.7000122070312,968.5999755859375,969.5999755859375,16900,0.0,0.0
2024-10-02 13:10:00+09:00,969.5999755859375,969.5999755859375,968.7999877929688,969.2000122070312,16100,0.0,0.0
2024-10-02 13:15:00+09:00,969.2999877929688,970.7000122070312,969.2999877929688,969.9000244140625,29500,0.0,0.0
2024-10-02 13:20:00+09:00,970.0,970.5,969.7000122070312,970.4000244140625,11400,0.0,0.0
2024-10-02 13:25:00+09:00,970.2999877929688,970.5,968.7000122070312,968.9000244140625,14900,0.0,0.0
2024-10-02 13:30:00+09:00,968.7999877929688,969.7999877929688,965.9000244140625,966.7000122070312,38400,0.0,0.0
2024-10-02 13:35:00+09:00,966.9000244140625,967.9000244140625,966.2999877929688,966.4000244140625,15100,0.0,0.0
2024-10-02 13:40:00+09:00,966.7999877929688,967.2000122070312,965.7999877929688,966.9000244140625,12800,0.0,0.0
2024-10-02 13:45:00+09:00,967.0,967.7000122070312,966.2000122070312,967.4000244140625,17100,0.0,0.0
2024-10-02 13:50:00+09:00,967.5999755859375,968.4000244140625,966.9000244140625,968.0,20000,0.0,0.0
2024-10-02 13:55:00+09:00,968.2000122070312,968.5999755859375,963.7000122070312,964.0,41700,0.0,0.0
2024-10-02 14:00:00+09:00,963.7000122070312,965.0999755859375,963.5999755859375,964.7999877929688,16800,0.0,0.0
2024-10-02 14:05:00+09:00,964.7999877929688,965.0,962.7000122070312,963.0,28100,0.0,0.0
2024-10-02 14:10:00+09:00,963.5,964.2999877929688,963.2999877929688,963.4000244140625,10600,0.0,0.0
2024-10-02 14:15:00+09:00,963.9000244140625,963.9000244140625,963.0,963.5,13600,0.0,0.0
2024-10-02 14:20:00+09:00,963.0999755859375,963.0999755859375,961.2999877929688,961.2999877929688,21600,0.0,0.0
2024-10-02 14:25:00+09:00,961.2000122070312,961.5,960.0,961.4000244140625,17700,0.0,0.0
2024-10-02 14:30:00+09:00,961.2000122070312,961.7000122070312,959.9000244140625,960.5999755859375,20000,0.0,0.0
2024-10-02 14:35:00+09:00,960.7000122070312,960.9000244140625,957.5999755859375,957.5999755859375,25600,0.0,0.0
2024-10-02 14:40:00+09:00,957.7000122070312,958.0,955.7000122070312,956.2999877929688,56300,0.0,0.0
2024-10-02 14:45:00+09:00,956.0999755859375,957.7999877929688,952.5999755859375,953.0,72500,0.0,0.0
2024-10-02 14:50:00+09:00,953.2000122070312,954.0,951.0,951.2999877929688,53800,0.0,0.0
2024-10-02 14:55:00+09:00,951.0,955.9000244140625,950.5999755859375,953.0999755859375,69300,0.0,0.0
2024-10-03 09:00:00+09:00,975.0,975.5,971.2999877929688,974.5999755859375,90700,0.0,0.0
2024-10-03 09:05:00+09:00,974.5,979.0,973.7000122070312,976.4000244140625,38700,0.0,0.0
2024-10-03 09:10:00+09:00,976.5,977.0,970.7000122070312,971.7999877929688,23700,0.0,0.0
2024-10-03 09:15:00+09:00,971.7999877929688,971.7999877929688,967.9000244140625,969.5,16900,0.0,0.0
2024-10-03 09:20:00+09:00,969.5,970.5,967.7000122070312,968.7000122070312,15000,0.0,0.0
2024-10-03 09:25:00+09:00,968.5999755859375,969.9000244140625,968.2000122070312,969.9000244140625,5600,0.0,0.0
2024-10-03 09:30:00+09:00,969.5999755859375,973.7000122070312,969.4000244140625,973.7000122070312,15800,0.0,0.0
2024-10-03 09:35:00+09:00,973.7999877929688,974.2000122070312,969.0999755859375,970.0,16000,0.0,0.0
2024-10-03 09:40:00+09:00,969.5,970.0999755859375,968.7999877929688,969.7000122070312,7800,0.0,0.0
2024-10-03 09:45:00+09:00,969.5,970.4000244140625,969.0,969.7000122070312,8400,0.0,0.0
2024-10-03 09:50:00+09:00,969.9000244140625,970.5,968.5,969.4000244140625,19400,0.0,0.0
2024-10-03 09:55:00+09:00,969.5999755859375,970.5,969.5999755859375,970.0999755859375,12300,0.0,0.0
2024-10-03 10:00:00+09:00,970.0999755859375,972.4000244140625,969.9000244140625,971.5999755859375,30900,0.0,0.0
2024-10-03 10:05:00+09:00,971.7999877929688,972.7999877929688,970.7999877929688,971.0,28400,0.0,0.0
2024-10-03 10:10:00+09:00,970.9000244140625,971.0,969.7000122070312,970.0999755859375,26000,0.0,0.0
2024-10-03 10:15:00+09:00,970.0999755859375,970.9000244140625,969.9000244140625,970.7999877929688,16000,0.0,0.0
2024-10-03 10:20:00+09:00,970.5,972.5,970.4000244140625,971.0999755859375,38400,0.0,0.0
2024-10-03 10:25:00+09:00,971.0999755859375,976.7999877929688,970.4000244140625,976.5999755859375,51900,0.0,0.0
2024-10-03 10:30:00+09:00,976.9000244140625,977.7000122070312,975.7000122070312,976.2000122070312,24500,0.0,0.0
2024-10-03 10:35:00+09:00,976.0999755859375,976.5,975.0,976.0999755859375,9300,0.0,0.0
2024-10-03 10:40:00+09:00,975.7999877929688,975.7999877929688,973.5999755859375,975.0999755859375,32200,0.0,0.0
2024-10-03 10:45:00+09:00,974.5999755859375,974.9000244140625,974.2000122070312,974.5999755859375,5600,0.0,0.0
2024-10-03 10:50:00+09:00,974.5999755859375,974.9000244140625,973.7000122070312,974.9000244140625,17500,0.0,0.0
2024-10-03 10:55:00+09:00,976.0,976.0,975.0,975.2999877929688,11500,0.0,0.0
2024-10-03 11:00:00+09:00,975.0999755859375,975.4000244140625,974.7000122070312,975.0999755859375,6700,0.0,0.0
2024-10-03 11:05:00+09:00,975.2000122070312,975.7000122070312,975.0,975.5999755859375,4200,0.0,0.0
2024-10-03 11:10:00+09:00,975.5,975.7000122070312,975.2000122070312,975.2999877929688,4000,0.0,0.0
2024-10-03 11:15:00+09:00,975.2999877929688,978.0,975.0999755859375,977.5,50500,0.0,0.0
2024-10-03 11:20:00+09:00,977.7000122070312,978.2999877929688,976.0,976.0999755859375,10000,0.0,0.0
2024-10-03 11:25:00+09:00,975.5999755859375,978.0,975.5999755859375,977.2999877929688,7000,0.0,0.0
2024-10-03 11:30:00+09:00,977.0,977.0,977.0,977.0,2800,0.0,0.0
2024-10-03 11:35:00+09:00,977.0,977.0,977.0,977.0,0,0.0,0.0
2024-10-03 12:30:00+09:00,977.0,977.0,974.4000244140625,975.0,684500,0.0,0.0
2024-10-03 12:35:00+09:00,975.2000122070312,975.9000244140625,973.5,974.5999755859375,29900,0.0,0.0
2024-10-03 12:40:00+09:00,974.5999755859375,974.7999877929688,972.9000244140625,973.2000122070312,22300,0.0,0.0
2024-10-03 12:45:00+09:00,973.5,975.5999755859375,973.5,975.0,29400,0.0,0.0
2024-10-03 12:50:00+09:00,975.2000122070312,975.7000122070312,974.4000244140625,975.0999755859375,12200,0.0,0.0
2024-10-03 12:55:00+09:00,975.0999755859375,975.7999877929688,974.7000122070312,975.7999877929688,10800,0.0,0.0
2024-10-03 13:00:00+09:00,975.7999877929688,976.4000244140625,974.4000244140625,975.9000244140625,28100,0.0,0.0
2024-10-03 13:05:00+09:00,975.9000244140625,977.5999755859375,975.9000244140625,976.4000244140625,26700,0.0,0.0
2024-10-03 13:10:00+09:00,976.2999877929688,976.2999877929688,975.4000244140625,975.4000244140625,11700,0.0,0.0
2024-10-03 13:15:00+09:00,975.5999755859375,976.4000244140625,975.0,975.0999755859375,12200,0.0,0.0
2024-10-03 13:20:00+09:00,975.2000122070312,977.2999877929688,975.2000122070312,976.7999877929688,12000,0.0,0.0
2024-10-03 13:25:00+09:00,976.7000122070312,978.2999877929688,976.4000244140625,977.9000244140625,12700,0.0,0.0
2024-10-03 13:30:00+09:00,978.0999755859375,979.9000244140625,977.7999877929688,979.2000122070312,39700,0.0,0.0
2024-10-03 13:35:00+09:00,979.2000122070312,979.2999877929688,978.0,979.0999755859375,13200,0.0,0.0
2024-10-03 13:40:00+09:00,979.0999755859375,979.7000122070312,978.9000244140625,979.4000244140625,9000,0.0,0.0
2024-10-03 13:45:00+09:00,979.4000244140625,979.5,977.5999755859375,977.9000244140625,18600,0.0,0.0
2024-10-03 13:50:00+09:00,977.7999877929688,978.7999877929688,977.7999877929688,978.7999877929688,18300,0.0,0.0
2024-10-03 13:55:00+09:00,978.9000244140625,981.5999755859375,978.7999877929688,980.2999877929688,112000,0.0,0.0
2024-10-03 14:00:00+09:00,980.7000122070312,980.7999877929688,976.7000122070312,977.5999755859375,42100,0.0,0.0
2024-10-03 14:05:00+09:00,977.5999755859375,977.7000122070312,976.0,976.4000244140625,21200,0.0,0.0
2024-10-03 14:10:00+09:00,976.5,976.9000244140625,975.7999877929688,975.7999877929688,30600,0.0,0.0
2024-10-03 14:15:00+09:00,975.9000244140625,976.2999877929688,974.2000122070312,974.7000122070312,38600,0.0,0.0
2024-10-03 14:20:00+09:00,974.7000122070312,976.2000122070312,974.7000122070312,975.0999755859375,56500,0.0,0.0
2024-10-03 14:25:00+09:00,975.2999877929688,975.7000122070312,974.0999755859375,975.2000122070312,59800,0.0,0.0
2024-10-03 14:30:00+09:00,975.4000244140625,976.9000244140625,975.2000122070312,976.5999755859375,20300,0.0,0.0
2024-10-03 14:35:00+09:00,976.7000122070312,978.0,976.2000122070312,977.9000244140625,25200,0.0,0.0
2024-10-03 14:40:00+09:00,977.7999877929688,980.0,977.7999877929688,978.4000244140625,32600,0.0,0.0
2024-10-03 14:45:00+09:00,978.4000244140625,979.0,976.7000122070312,977.9000244140625,36600,0.0,0.0
2024-10-03 14:50:00+09:00,978.0999755859375,978.9000244140625,977.0999755859375,978.0999755859375,43800,0.0,0.0
2024-10-03 14:55:00+09:00,978.0999755859375,982.5999755859375,977.7000122070312,982.4000244140625,128300,0.0,0.0
2024-10-04 09:00:00+09:00,981.0999755859375,994.7999877929688,980.7999877929688,990.4000244140625,187100,0.0,0.0
2024-10-04 09:05:00+09:00,989.7000122070312,990.0,985.5,986.9000244140625,38800,0.0,0.0
2024-10-04 09:10:00+09:00,986.9000244140625,991.5,986.2999877929688,991.5,20700,0.0,0.0
2024-10-04 09:15:00+09:00,990.9000244140625,993.9000244140625,990.5,992.7999877929688,33300,0.0,0.0
2024-10-04 09:20:00+09:00,992.5999755859375,994.0999755859375,992.0999755859375,993.0999755859375,26300,0.0,0.0
2024-10-04 09:25:00+09:00,993.2000122070312,994.9000244140625,991.5,994.5999755859375,50900,0.0,0.0
2024-10-04 09:30:00+09:00,994.5999755859375,996.7999877929688,994.2999877929688,995.2000122070312,69200,0.0,0.0
2024-10-04 09:35:00+09:00,995.4000244140625,996.0999755859375,994.2999877929688,995.2000122070312,36500,0.0,0.0
2024-10-04 09:40:00+09:00,995.0999755859375,996.5999755859375,994.2000122070312,996.5999755859375,44400,0.0,0.0
2024-10-04 09:45:00+09:00,996.7000122070312,999.0,996.2999877929688,998.0,50700,0.0,0.0
2024-10-04 09:50:00+09:00,998.4000244140625,999.0,995.7999877929688,997.0,42400,0.0,0.0
2024-10-04 09:55:00+09:00,997.5999755859375,998.5,994.9000244140625,996.5999755859375,77600,0.0,0.0
2024-10-04 10:00:00+09:00,996.5999755859375,996.5999755859375,993.9000244140625,996.0999755859375,41100,0.0,0.0
2024-10-04 10:05:00+09:00,996.4000244140625,998.0999755859375,995.4000244140625,997.7000122070312,35300,0.0,0.0
2024-10-04 10:10:00+09:00,997.2000122070312,997.9000244140625,995.0,995.5,27600,0.0,0.0
2024-10-04 10:15:00+09:00,995.9000244140625,998.5,995.0,997.7999877929688,95200,0.0,0.0
2024-10-04 10:20:00+09:00,997.7000122070312,999.5,997.2999877929688,998.2000122070312,79600,0.0,0.0
2024-10-04 10:25:00+09:00,998.5999755859375,999.7000122070312,997.9000244140625,997.9000244140625,25300,0.0,0.0
2024-10-04 10:30:00+09:00,998.2999877929688,999.7000122070312,997.4000244140625,998.5,19300,0.0,0.0
2024-10-04 10:35:00+09:00,998.2000122070312,998.4000244140625,996.5,996.5,18700,0.0,0.0
2024-10-04 10:40:00+09:00,996.4000244140625,998.0,996.0999755859375,997.5999755859375,21000,0.0,0.0
2024-10-04 10:45:00+09:00,998.0,999.0,997.7000122070312,998.5,13600,0.0,0.0
2024-10-04 10:50:00+09:00,998.4000244140625,999.4000244140625,998.2999877929688,998.7999877929688,29300,0.0,0.0
2024-10-04 10:55:00+09:00,998.7000122070312,999.7000122070312,998.5999755859375,999.2999877929688,20600,0.0,0.0
2024-10-04 11:00:00+09:00,999.2000122070312,1006.5,999.0,1003.0,274600,0.0,0.0
2024-10-04 11:05:00+09:00,1003.0,1006.5,1001.5,1005.0,50600,0.0,0.0
2024-10-04 11:10:00+09:00,1004.5,1010.0,1004.5,1008.5,141100,0.0,0.0
2024-10-04 11:15:00+09:00,1008.0,1010.0,1007.5,1008.0,33100,0.0,0.0
2024-10-04 11:20:00+09:00,1008.0,1008.0,1006.0,1006.0,15400,0.0,0.0
2024-10-04 11:25:00+09:00,1007.0,1009.0,1006.0,1008.5,33900,0.0,0.0
2024-10-04 11:30:00+09:00,1007.5,1007.5,1003.0,1003.0,65000,0.0,0.0
2024-10-04 11:35:00+09:00,1003.0,1003.0,1003.0,1003.0,0,0.0,0.0
2024-10-04 12:30:00+09:00,1006.0,1012.5,1006.0,1011.0,1910300,0.0,0.0
2024-10-04 12:35:00+09:00,1010.0,1011.5,1008.0,1010.5,37000,0.0,0.0
2024-10-04 12:40:00+09:00,1010.0,1010.5,1009.0,1010.0,30200,0.0,0.0
2024-10-04 12:45:00+09:00,1010.0,1012.0,1009.5,1011.5,79200,0.0,0.0
2024-10-04 12:50:00+09:00,1012.0,1014.0,1011.5,1012.5,56000,0.0,0.0
2024-10-04 12:55:00+09:00,1012.5,1013.5,1012.5,1013.5,12500,0.0,0.0
2024-10-04 13:00:00+09:00,1013.5,1014.0,1012.0,1012.5,24500,0.0,0.0
2024-10-04 13:05:00+09:00,1012.5,1013.5,1011.0,1012.5,30800,0.0,0.0
2024-10-04 13:10:00+09:00,1013.0,1013.5,1012.5,1013.0,13600,0.0,0.0
2024-10-04 13:15:00+09:00,1013.0,1013.5,1012.0,1012.0,15800,0.0,0.0
2024-10-04 13:20:00+09:00,1012.5,1012.5,1012.0,1012.5,10500,0.0,0.0
2024-10-04 13:25:00+09:00,1012.5,1013.0,1012.0,1012.5,31400,0.0,0.0
2024-10-04 13:30:00+09:00,1012.5,1013.0,1012.0,1012.0,16400,0.0,0.0
2024-10-04 13:35:00+09:00,1012.0,1013.0,1012.0,1012.5,9300,0.0,0.0
2024-10-04 13:40:00+09:00,1012.5,1014.0,1010.5,1010.5,55400,0.0,0.0
2024-10-04 13:45:00+09:00,1010.5,1011.5,1008.0,1011.5,32100,0.0,0.0
2024-10-04 13:50:00+09:00,1011.5,1014.0,1011.5,1012.5,28300,0.0,0.0
2024-10-04 13:55:00+09:00,1012.5,1013.0,1010.5,1010.5,21400,0.0,0.0
2024-10-04 14:00:00+09:00,1010.5,1011.5,1010.5,1011.5,11500,0.0,0.0
2024-10-04 14:05:00+09:00,1011.0,1011.0,1009.0,1009.5,36000,0.0,0.0
2024-10-04 14:10:00+09:00,1010.0,1014.5,1010.0,1012.5,87300,0.0,0.0
2024-10-04 14:15:00+09:00,1013.0,1013.5,1012.5,1013.0,12000,0.0,0.0
2024-10-04 14:20:00+09:00,1013.0,1013.5,1012.0,1012.5,14900,0.0,0.0
2024-10-04 14:25:00+09:00,1012.0,1012.0,1010.5,1010.5,13300,0.0,0.0
2024-10-04 14:30:00+09:00,1011.0,1011.5,1010.5,1010.5,33300,0.0,0.0
2024-10-04 14:35:00+09:00,1011.0,1014.0,1011.0,1014.0,62000,0.0,0.0
2024-10-04 14:40:00+09:00,1014.0,1014.5,1013.0,1013.5,36000,0.0,0.0
2024-10-04 14:45:00+09:00,1013.0,1015.0,1012.0,1012.0,60600,0.0,0.0
2024-10-04 14:50:00+09:00,1011.5,1014.0,1011.0,1013.5,26300,0.0,0.0
2024-10-04 14:55:00+09:00,1013.5,1015.0,1013.0,1014.0,145900,0.0,0.0
2024-10-07 09:00:00+09:00,1011.5,1020.0,1010.5,1012.5,227100,0.0,0.0
2024-10-07 09:05:00+09:00,1012.5,1017.0,1010.5,1016.5,41000,0.0,0.0
2024-10-07 09:10:00+09:00,1016.5,1018.0,1015.5,1015.5,37000,0.0,0.0
2024-10-07 09:15:00+09:00,1016.0,1019.5,1016.0,1017.5,78800,0.0,0.0
2024-10-07 09:20:00+09:00,1017.5,1019.5,1016.5,1018.5,19000,0.0,0.0
2024-10-07 09:25:00+09:00,1018.5,1023.0,1018.5,1018.5,146500,0.0,0.0
2024-10-07 09:30:00+09:00,1018.5,1020.5,1016.0,1020.0,55400,0.0,0.0
2024-10-07 09:35:00+09:00,1020.0,1020.5,1018.0,1018.5,23700,0.0,0.0
2024-10-07 09:40:00+09:00,1018.5,1019.5,1016.5,1017.0,26500,0.0,0.0
2024-10-07 09:45:00+09:00,1017.0,1017.0,1012.5,1013.5,34800,0.0,0.0
2024-10-07 09:50:00+09:00,1013.5,1014.0,1010.5,1010.5,28400,0.0,0.0
2024-10-07 09:55:00+09:00,1011.0,1011.5,1010.0,1010.5,29800,0.0,0.0
2024-10-07 10:00:00+09:00,1010.0,1011.5,1009.0,1009.5,45400,0.0,0.0
2024-10-07 10:05:00+09:00,1009.5,1010.0,1009.0,1009.5,9100,0.0,0.0
2024-10-07 10:10:00+09:00,1010.0,1012.5,1009.5,1012.5,40400,0.0,0.0
2024-10-07 10:15:00+09:00,1012.5,1013.5,1010.0,1010.0,20400,0.0,0.0
2024-10-07 10:20:00+09:00,1010.5,1014.0,1010.5,1012.0,36000,0.0,0.0
2024-10-07 10:25:00+09:00,1012.0,1012.5,1011.5,1012.5,14400,0.0,0.0
2024-10-07 10:30:00+09:00,1012.5,1014.5,1012.0,1014.0,26800,0.0,0.0
2024-10-07 10:35:00+09:00,1014.0,1016.5,1014.0,1016.5,38700,0.0,0.0
2024-10-07 10:40:00+09:00,1016.0,1017.0,1016.0,1016.0,12900,0.0,0.0
2024-10-07 10:45:00+09:00,1016.0,1016.0,1013.5,1013.5,22200,0.0,0.0
2024-10-07 10:50:00+09:00,1013.0,1014.5,1011.5,1014.5,34300,0.0,0.0
2024-10-07 10:55:00+09:00,1014.5,1016.5,1014.0,1014.5,20300,0.0,0.0
2024-10-07 11:00:00+09:00,1014.0,1015.5,1014.0,1015.0,11500,0.0,0.0
2024-10-07 11:05:00+09:00,1014.5,1016.5,1014.0,1016.0,22500,0.0,0.0
2024-10-07 11:10:00+09:00,1016.0,1020.0,1016.0,1018.5,62000,0.0,0.0
2024-10-07 11:15:00+09:00,1018.5,1019.0,1017.0,1017.5,15900,0.0,0.0
2024-10-07 11:20:00+09:00,1017.5,1018.0,1017.0,1018.0,8800,0.0,0.0
2024-10-07 11:25:00+09:00,1018.0,1018.5,1017.0,1018.0,18400,0.0,0.0
2024-10-07 11:30:00+09:00,1017.5,1017.5,1017.5,1017.5,3900,0.0,0.0
2024-10-07 11:35:00+09:00,1017.5,1017.5,1017.5,1017.5,0,0.0,0.0
2024-10-07 12:30:00+09:00,1019.5,1021.5,1016.5,1018.0,1349900,0.0,0.0
2024-10-07 12:35:00+09:00,1017.5,1017.5,1016.0,1017.0,16200,0.0,0.0
2024-10-07 12:40:00+09:00,1017.0,1019.5,1016.5,1019.0,23600,0.0,0.0
2024-10-07 12:45:00+09:00,1019.0,1019.5,1016.5,1016.5,24700,0.0,0.0
2024-10-07 12:50:00+09:00,1017.0,1018.0,1017.0,1017.5,14000,0.0,0.0
2024-10-07 12:55:00+09:00,1017.5,1019.5,1017.5,1019.0,28200,0.0,0.0
2024-10-07 13:00:00+09:00,1019.0,1019.5,1018.5,1019.0,11200,0.0,0.0
2024-10-07 13:05:00+09:00,1018.5,1018.5,1017.5,1017.5,13100,0.0,0.0
2024-10-07 13:10:00+09:00,1017.5,1017.5,1016.5,1017.0,26500,0.0,0.0
2024-10-07 13:15:00+09:00,1017.0,1017.5,1016.0,1017.5,15400,0.0,0.0
2024-10-07 13:20:00+09:00,1017.5,1019.0,1017.5,1018.5,16400,0.0,0.0
2024-10-07 13:25:00+09:00,1018.5,1021.5,1018.5,1021.0,46000,0.0,0.0
2024-10-07 13:30:00+09:00,1021.0,1021.5,1020.5,1021.0,17900,0.0,0.0
2024-10-07 13:35:00+09:00,1021.0,1021.5,1021.0,1021.0,5400,0.0,0.0
2024-10-07 13:40:00+09:00,1021.0,1021.5,1020.5,1021.0,11100,0.0,0.0
2024-10-07 13:45:00+09:00,1020.5,1022.0,1020.0,1021.5,23200,0.0,0.0
2024-10-07 13:50:00+09:00,1021.5,1024.0,1021.5,1022.0,58300,0.0,0.0
2024-10-07 13:55:00+09:00,1022.5,1022.5,1021.5,1022.5,10000,0.0,0.0
2024-10-07 14:00:00+09:00,1022.0,1022.5,1021.0,1022.0,10600,0.0,0.0
2024-10-07 14:05:00+09:00,1021.5,1022.0,1021.0,1021.5,8100,0.0,0.0
2024-10-07 14:10:00+09:00,1021.5,1022.0,1019.0,1019.0,38800,0.0,0.0
2024-10-07 14:15:00+09:00,1019.0,1020.0,1019.0,1019.5,11500,0.0,0.0
2024-10-07 14:20:00+09:00,1019.5,1019.5,1019.0,1019.5,9000,0.0,0.0
2024-10-07 14:25:00+09:00,1019.5,1020.0,1018.5,1018.5,52800,0.0,0.0
2024-10-07 14:30:00+09:00,1018.5,1019.0,1017.0,1017.0,22800,0.0,0.0
2024-10-07 14:35:00+09:00,1017.0,1018.0,1017.0,1017.5,19700,0.0,0.0
2024-10-07 14:40:00+09:00,1018.0,1020.0,1018.0,1019.0,27500,0.0,0.0
2024-10-07 14:45:00+09:00,1019.0,1019.0,1017.0,1017.0,36800,0.0,0.0
2024-10-07 14:50:00+09:00,1017.5,1018.0,1016.0,1017.0,33900,0.0,0.0
2024-10-07 14:55:00+09:00,1017.0,1020.0,1016.5,1019.0,65500,0.0,0.0
2024-10-08 09:00:00+09:00,1010.0,1014.5,1006.5,1009.0,83500,0.0,0.0
2024-10-08 09:05:00+09:00,1009.5,1012.5,1008.5,1009.5,22800,0.0,0.0
2024-10-08 09:10:00+09:00,1009.0,1012.0,1009.0,1012.0,18900,0.0,0.0
2024-10-08 09:15:00+09:00,1012.0,1013.0,1010.0,1011.0,26800,0.0,0.0
2024-10-08 09:20:00+09:00,1011.0,1012.5,1011.0,1011.0,15300,0.0,0.0
2024-10-08 09:25:00+09:00,1011.5,1014.5,1010.0,1013.0,15500,0.0,0.0
2024-10-08 09:30:00+09:00,1013.5,1015.0,1013.0,1014.0,14300,0.0,0.0
2024-10-08 09:35:00+09:00,1014.0,1015.0,1013.5,1014.0,14100,0.0,0.0
2024-10-08 09:40:00+09:00,1014.5,1015.0,1012.0,1012.0,18800,0.0,0.0
2024-10-08 09:45:00+09:00,1012.5,1013.0,1011.0,1011.0,9600,0.0,0.0
2024-10-08 09:50:00+09:00,1011.5,1011.5,1009.0,1009.0,24400,0.0,0.0
2024-10-08 09:55:00+09:00,1009.0,1010.5,1009.0,1009.5,18000,0.0,0.0
2024-10-08 10:00:00+09:00,1009.5,1009.5,1008.0,1008.5,11000,0.0,0.0
2024-10-08 10:05:00+09:00,1009.0,1012.5,1009.0,1012.0,22500,0.0,0.0
2024-10-08 10:10:00+09:00,1012.0,1016.0,1012.0,1014.0,24100,0.0,0.0
2024-10-08 10:15:00+09:00,1014.0,1016.5,1013.0,1013.5,22400,0.0,0.0
2024-10-08 10:20:00+09:00,1014.0,1014.5,1013.0,1013.5,6600,0.0,0.0
2024-10-08 10:25:00+09:00,1014.0,1014.0,1013.5,1013.5,2200,0.0,0.0
2024-10-08 10:30:00+09:00,1013.5,1013.5,1012.0,1012.5,13100,0.0,0.0
2024-10-08 10:35:00+09:00,1012.0,1013.0,1012.0,1012.5,24900,0.0,0.0
2024-10-08 10:40:00+09:00,1011.5,1012.0,1009.5,1009.5,12200,0.0,0.0
2024-10-08 10:45:00+09:00,1009.5,1010.0,1005.5,1006.0,38900,0.0,0.0
2024-10-08 10:50:00+09:00,1005.5,1006.0,1005.5,1006.0,8300,0.0,0.0
2024-10-08 10:55:00+09:00,1005.5,1007.0,1005.5,1007.0,6900,0.0,0.0
2024-10-08 11:00:00+09:00,1006.5,1006.5,1004.5,1005.5,22200,0.0,0.0
2024-10-08 11:05:00+09:00,1005.5,1006.5,1005.0,1005.0,10400,0.0,0.0
2024-10-08 11:10:00+09:00,1004.5,1005.5,1003.5,1003.5,17500,0.0,0.0
2024-10-08 11:15:00+09:00,1003.5,1006.0,1003.5,1006.0,12600,0.0,0.0
2024-10-08 11:20:00+09:00,1006.0,1006.0,1004.0,1004.0,10200,0.0,0.0
2024-10-08 11:25:00+09:00,1005.0,1005.0,1004.0,1004.0,11200,0.0,0.0
2024-10-08 11:30:00+09:00,1004.0,1004.0,1004.0,1004.0,400,0.0,0.0
2024-10-08 11:35:00+09:00,1004.0,1004.0,1004.0,1004.0,0,0.0,0.0
2024-10-08 12:30:00+09:00,1003.5,1006.0,995.0,995.5,656700,0.0,0.0
2024-10-08 12:35:00+09:00,995.4000244140625,995.4000244140625,993.5999755859375,995.0999755859375,28800,0.0,0.0
2024-10-08 12:40:00+09:00,995.5,996.2999877929688,995.0999755859375,996.0,29700,0.0,0.0
2024-10-08 12:45:00+09:00,996.0,996.7000122070312,995.0,996.7000122070312,22500,0.0,0.0
2024-10-08 12:50:00+09:00,996.2000122070312,999.7000122070312,995.9000244140625,999.4000244140625,24000,0.0,0.0
2024-10-08 12:55:00+09:00,999.2999877929688,1002.5,999.2999877929688,1002.5,28600,0.0,0.0
2024-10-08 13:00:00+09:00,1002.5,1003.5,1001.5,1002.0,19700,0.0,0.0
2024-10-08 13:05:00+09:00,1001.5,1001.5,997.7000122070312,998.0999755859375,61200,0.0,0.0
2024-10-08 13:10:00+09:00,998.2999877929688,998.9000244140625,997.4000244140625,998.2999877929688,11000,0.0,0.0
2024-10-08 13:15:00+09:00,998.2000122070312,998.2000122070312,996.7999877929688,997.0,20100,0.0,0.0
2024-10-08 13:20:00+09:00,997.0,997.0,995.5999755859375,996.4000244140625,22000,0.0,0.0
2024-10-08 13:25:00+09:00,996.4000244140625,997.5999755859375,995.9000244140625,995.9000244140625,35300,0.0,0.0
2024-10-08 13:30:00+09:00,995.9000244140625,997.7000122070312,995.5999755859375,997.7000122070312,13900,0.0,0.0
2024-10-08 13:35:00+09:00,997.5,998.7999877929688,997.2000122070312,998.2000122070312,15800,0.0,0.0
2024-10-08 13:40:00+09:00,998.4000244140625,998.5,997.5999755859375,998.2000122070312,9500,0.0,0.0
2024-10-08 13:45:00+09:00,998.5999755859375,998.7999877929688,998.2999877929688,998.5999755859375,9200,0.0,0.0
2024-10-08 13:50:00+09:00,998.7999877929688,1000.5,998.7999877929688,998.9000244140625,38000,0.0,0.0
2024-10-08 13:55:00+09:00,999.4000244140625,999.5,998.4000244140625,998.9000244140625,13900,0.0,0.0
2024-10-08 14:00:00+09:00,998.7999877929688,999.2999877929688,998.5,998.9000244140625,13000,0.0,0.0
2024-10-08 14:05:00+09:00,998.5999755859375,999.0,997.7000122070312,998.7000122070312,18900,0.0,0.0
2024-10-08 14:10:00+09:00,998.7000122070312,999.2000122070312,997.9000244140625,997.9000244140625,9900,0.0,0.0
2024-10-08 14:15:00+09:00,998.0999755859375,998.0999755859375,997.0999755859375,997.7999877929688,25100,0.0,0.0
2024-10-08 14:20:00+09:00,997.5999755859375,997.7000122070312,995.7999877929688,995.7999877929688,26800,0.0,0.0
2024-10-08 14:25:00+09:00,995.7999877929688,996.5999755859375,995.5999755859375,996.4000244140625,41200,0.0,0.0
2024-10-08 14:30:00+09:00,996.2999877929688,997.4000244140625,995.7000122070312,996.5,29700,0.0,0.0
2024-10-08 14:35:00+09:00,996.5999755859375,997.4000244140625,995.9000244140625,996.0,24500,0.0,0.0
2024-10-08 14:40:00+09:00,996.0,997.5,995.2999877929688,997.2999877929688,49900,0.0,0.0
2024-10-08 14:45:00+09:00,997.2000122070312,997.4000244140625,995.7999877929688,996.0999755859375,36300,0.0,0.0
2024-10-08 14:50:00+09:00,996.0,996.5,995.0,995.7000122070312,46100,0.0,0.0
2024-10-08 14:55:00+09:00,996.0,996.7999877929688,995.2000122070312,996.7999877929688,46100,0.0,0.0
2024-10-09 09:00:00+09:00,1012.0,1014.5,1008.5,1009.5,105500,0.0,0.0
2024-10-09 09:05:00+09:00,1009.5,1014.0,1009.0,1012.5,27900,0.0,0.0
2024-10-09 09:10:00+09:00,1013.0,1013.5,1007.5,1007.5,37100,0.0,0.0
2024-10-09 09:15:00+09:00,1008.0,1009.5,1006.0,1007.0,24900,0.0,0.0
2024-10-09 09:20:00+09:00,1007.0,1007.0,1004.5,1005.0,21800,0.0,0.0
2024-10-09 09:25:00+09:00,1005.0,1008.0,1004.0,1008.0,22700,0.0,0.0
2024-10-09 09:30:00+09:00,1007.5,1008.0,1006.0,1007.0,16500,0.0,0.0
2024-10-09 09:35:00+09:00,1007.5,1008.0,1006.5,1007.0,11000,0.0,0.0
2024-10-09 09:40:00+09:00,1007.0,1007.0,1005.5,1006.0,18500,0.0,0.0
2024-10-09 09:45:00+09:00,1006.0,1006.0,1004.5,1005.5,12100,0.0,0.0
2024-10-09 09:50:00+09:00,1006.0,1006.5,1004.0,1005.0,18400,0.0,0.0
2024-10-09 09:55:00+09:00,1005.0,1006.5,1004.5,1005.0,8300,0.0,0.0
2024-10-09 10:00:00+09:00,1005.0,1006.5,1005.0,1006.5,8400,0.0,0.0
2024-10-09 10:05:00+09:00,1007.0,1008.0,1006.5,1006.5,18500,0.0,0.0
2024-10-09 10:10:00+09:00,1006.5,1007.5,1006.5,1007.0,6300,0.0,0.0
2024-10-09 10:15:00+09:00,1007.0,1007.5,1006.0,1006.5,9600,0.0,0.0
2024-10-09 10:20:00+09:00,1006.5,1007.0,1006.0,1007.0,8200,0.0,0.0
2024-10-09 10:25:00+09:00,1007.0,1007.0,1005.0,1005.5,18100,0.0,0.0
2024-10-09 10:30:00+09:00,1006.0,1006.0,1005.0,1006.0,10600,0.0,0.0
2024-10-09 10:35:00+09:00,1006.0,1006.5,1003.0,1003.0,19500,0.0,0.0
2024-10-09 10:40:00+09:00,1003.0,1004.0,1002.0,1003.5,11800,0.0,0.0
2024-10-09 10:45:00+09:00,1004.0,1004.5,1003.0,1004.5,6400,0.0,0.0
2024-10-09 10:50:00+09:00,1005.0,1005.0,1003.5,1003.5,6600,0.0,0.0
2024-10-09 10:55:00+09:00,1003.5,1004.5,1003.0,1004.0,17700,0.0,0.0
2024-10-09 11:00:00+09:00,1004.0,1004.0,999.5999755859375,1000.5,53800,0.0,0.0
2024-10-09 11:05:00+09:00,999.5999755859375,1000.0,997.4000244140625,997.4000244140625,34000,0.0,0.0
2024-10-09 11:10:00+09:00,997.7999877929688,999.7999877929688,997.5999755859375,999.5,11900,0.0,0.0
2024-10-09 11:15:00+09:00,999.5999755859375,1000.0,998.2999877929688,999.2000122070312,13300,0.0,0.0
2024-10-09 11:20:00+09:00,999.5999755859375,1000.0,999.0,999.0,12900,0.0,0.0
2024-10-09 11:25:00+09:00,998.7000122070312,998.7000122070312,997.7999877929688,998.0999755859375,7100,0.0,0.0
2024-10-09 11:30:00+09:00,998.0999755859375,998.0999755859375,998.0999755859375,998.0999755859375,6300,0.0,0.0
2024-10-09 11:35:00+09:00,998.0999755859375,998.0999755859375,998.0999755859375,998.0999755859375,0,0.0,0.0
2024-10-09 12:30:00+09:00,1000.0,1002.0,997.5,997.5999755859375,655200,0.0,0.0
2024-10-09 12:35:00+09:00,997.5999755859375,999.9000244140625,997.5,999.9000244140625,19900,0.0,0.0
2024-10-09 12:40:00+09:00,999.4000244140625,999.5,998.2999877929688,998.2999877929688,10300,0.0,0.0
2024-10-09 12:45:00+09:00,998.4000244140625,998.7000122070312,997.4000244140625,997.7000122070312,15900,0.0,0.0
2024-10-09 12:50:00+09:00,997.5999755859375,997.7000122070312,996.5,996.7000122070312,17900,0.0,0.0
2024-10-09 12:55:00+09:00,996.5999755859375,998.0,996.4000244140625,997.0,14900,0.0,0.0
2024-10-09 13:00:00+09:00,997.0,998.0,996.5,997.7000122070312,13600,0.0,0.0
2024-10-09 13:05:00+09:00,997.5,999.7000122070312,997.2000122070312,999.7000122070312,20100,0.0,0.0
2024-10-09 13:10:00+09:00,999.7000122070312,1000.0,998.9000244140625,999.7000122070312,12700,0.0,0.0
2024-10-09 13:15:00+09:00,999.7999877929688,999.9000244140625,998.9000244140625,999.2000122070312,10000,0.0,0.0
2024-10-09 13:20:00+09:00,999.2999877929688,1000.5,998.0,998.5999755859375,29600,0.0,0.0
2024-10-09 13:25:00+09:00,998.7000122070312,998.7999877929688,998.2000122070312,998.4000244140625,5100,0.0,0.0
2024-10-09 13:30:00+09:00,998.0999755859375,998.4000244140625,997.2999877929688,998.4000244140625,22400,0.0,0.0
2024-10-09 13:35:00+09:00,998.5,998.5,997.2999877929688,998.0999755859375,13500,0.0,0.0
2024-10-09 13:40:00+09:00,998.2999877929688,998.2999877929688,997.7999877929688,998.0,8200,0.0,0.0
2024-10-09 13:45:00+09:00,998.0999755859375,1000.5,998.0999755859375,1000.0,37800,0.0,0.0
2024-10-09 13:50:00+09:00,999.9000244140625,1000.0,998.7000122070312,999.5,16500,0.0,0.0
2024-10-09 13:55:00+09:00,999.5999755859375,1001.5,999.5999755859375,1001.5,7300,0.0,0.0
2024-10-09 14:00:00+09:00,1001.5,1004.0,1001.5,1003.0,15100,0.0,0.0
2024-10-09 14:05:00+09:00,1003.5,1004.0,1002.0,1003.0,15100,0.0,0.0
2024-10-09 14:10:00+09:00,1003.5,1003.5,1001.5,1001.5,10800,0.0,0.0
2024-10-09 14:15:00+09:00,1001.0,1002.0,1000.5,1000.5,13000,0.0,0.0
2024-10-09 14:20:00+09:00,1001.0,1001.0,1000.5,1000.5,7300,0.0,0.0
2024-10-09 14:25:00+09:00,1001.0,1001.0,999.5,999.5,21000,0.0,0.0
2024-10-09 14:30:00+09:00,999.5999755859375,1002.5,999.5999755859375,1001.5,26200,0.0,0.0
2024-10-09 14:35:00+09:00,1002.5,1003.0,1001.5,1002.5,18200,0.0,0.0
2024-10-09 14:40:00+09:00,1002.0,1002.0,1001.0,1001.0,17200,0.0,0.0
2024-10-09 14:45:00+09:00,1001.0,1001.0,998.2999877929688,998.7000122070312,47200,0.0,0.0
2024-10-09 14:50:00+09:00,998.2999877929688,1000.0,998.2999877929688,998.7999877929688,32000,0.0,0.0
2024-10-09 14:55:00+09:00,998.9000244140625,999.7000122070312,998.5999755859375,999.0999755859375,36000,0.0,0.0
2024-10-10 09:00:00+09:00,1000.0,1000.5,992.0,992.9000244140625,104700,0.0,0.0
2024-10-10 09:05:00+09:00,992.5999755859375,993.5999755859375,986.7999877929688,987.2999877929688,74200,0.0,0.0
2024-10-10 09:10:00+09:00,987.4000244140625,989.5,985.5,989.5,18700,0.0,0.0
2024-10-10 09:15:00+09:00,990.2999877929688,991.9000244140625,988.2000122070312,990.4000244140625,31700,0.0,0.0
2024-10-10 09:20:00+09:00,990.0,991.9000244140625,988.5,989.7999877929688,42100,0.0,0.0
2024-10-10 09:25:00+09:00,989.7000122070312,990.0,987.7000122070312,989.7000122070312,14400,0.0,0.0
2024-10-10 09:30:00+09:00,989.7999877929688,991.7999877929688,989.2999877929688,990.9000244140625,7300,0.0,0.0
2024-10-10 09:35:00+09:00,991.0999755859375,991.4000244140625,989.5,991.4000244140625,18000,0.0,0.0
2024-10-10 09:40:00+09:00,991.4000244140625,992.9000244140625,990.9000244140625,992.0,7600,0.0,0.0
2024-10-10 09:45:00+09:00,992.2000122070312,993.0,990.9000244140625,992.7000122070312,20800,0.0,0.0
2024-10-10 09:50:00+09:00,991.9000244140625,993.7000122070312,991.7000122070312,993.7000122070312,5900,0.0,0.0
2024-10-10 09:55:00+09:00,993.5,993.5,992.0999755859375,993.0999755859375,6900,0.0,0.0
2024-10-10 10:00:00+09:00,993.2000122070312,993.2999877929688,991.9000244140625,991.9000244140625,14700,0.0,0.0
2024-10-10 10:05:00+09:00,992.5,993.2999877929688,992.0,993.2000122070312,4800,0.0,0.0
2024-10-10 10:10:00+09:00,993.0999755859375,993.2000122070312,991.2999877929688,991.2999877929688,6100,0.0,0.0
2024-10-10 10:15:00+09:00,991.4000244140625,991.9000244140625,991.0,991.0,9900,0.0,0.0
2024-10-10 10:20:00+09:00,991.0999755859375,993.5999755859375,991.0999755859375,993.5999755859375,10900,0.0,0.0
2024-10-10 10:25:00+09:00,993.7000122070312,993.7000122070312,991.5999755859375,991.5999755859375,7500,0.0,0.0
2024-10-10 10:30:00+09:00,991.7999877929688,992.4000244140625,991.5,992.0999755859375,8600,0.0,0.0
2024-10-10 10:35:00+09:00,992.0,992.7000122070312,991.0999755859375,992.5,11200,0.0,0.0
2024-10-10 10:40:00+09:00,992.9000244140625,993.5,992.2999877929688,992.5999755859375,7500,0.0,0.0
2024-10-10 10:45:00+09:00,992.5,993.0,992.0,993.0,10600,0.0,0.0
2024-10-10 10:50:00+09:00,992.9000244140625,994.0999755859375,992.7999877929688,993.2000122070312,9300,0.0,0.0
2024-10-10 10:55:00+09:00,993.2999877929688,994.4000244140625,993.2999877929688,993.2999877929688,7200,0.0,0.0
2024-10-10 11:00:00+09:00,993.4000244140625,994.0,992.7999877929688,993.2999877929688,24600,0.0,0.0
2024-10-10 11:05:00+09:00,993.5999755859375,993.9000244140625,992.7999877929688,993.2999877929688,7300,0.0,0.0
2024-10-10 11:10:00+09:00,992.9000244140625,992.9000244140625,991.0,991.4000244140625,12700,0.0,0.0
2024-10-10 11:15:00+09:00,991.4000244140625,992.0999755859375,991.2999877929688,992.0999755859375,4800,0.0,0.0
2024-10-10 11:20:00+09:00,992.0,992.2000122070312,990.7999877929688,991.2000122070312,14100,0.0,0.0
2024-10-10 11:25:00+09:00,991.0999755859375,991.2000122070312,990.2999877929688,991.2000122070312,8600,0.0,0.0
2024-10-10 11:30:00+09:00,991.5,991.5,991.5,991.5,600,0.0,0.0
2024-10-10 11:35:00+09:00,991.5,991.5,991.5,991.5,0,0.0,0.0
2024-10-10 12:30:00+09:00,990.2000122070312,991.4000244140625,988.2999877929688,989.0,555200,0.0,0.0
2024-10-10 12:35:00+09:00,988.9000244140625,989.7000122070312,988.5,988.7000122070312,21100,0.0,0.0
2024-10-10 12:40:00+09:00,988.9000244140625,989.0,988.0999755859375,988.4000244140625,5000,0.0,0.0
2024-10-10 12:45:00+09:00,988.4000244140625,990.7999877929688,988.4000244140625,990.7999877929688,11600,0.0,0.0
2024-10-10 12:50:00+09:00,990.5999755859375,991.2999877929688,989.9000244140625,990.0,11500,0.0,0.0
2024-10-10 12:55:00+09:00,990.0999755859375,990.2000122070312,989.5,990.0999755859375,5900,0.0,0.0
2024-10-10 13:00:00+09:00,989.7000122070312,990.7000122070312,989.2999877929688,989.7000122070312,8200,0.0,0.0
2024-10-10 13:05:00+09:00,989.5999755859375,989.7999877929688,988.0,988.5,9300,0.0,0.0
2024-10-10 13:10:00+09:00,988.5,989.0,988.0,988.2999877929688,6300,0.0,0.0
2024-10-10 13:15:00+09:00,988.2000122070312,988.7000122070312,988.0999755859375,988.0999755859375,5600,0.0,0.0
2024-10-10 13:20:00+09:00,988.2000122070312,988.7999877929688,988.0999755859375,988.7999877929688,12800,0.0,0.0
2024-10-10 13:25:00+09:00,988.5,988.7999877929688,987.5,988.5999755859375,32300,0.0,0.0
2024-10-10 13:30:00+09:00,988.9000244140625,990.0,988.9000244140625,989.5999755859375,24400,0.0,0.0
2024-10-10 13:35:00+09:00,989.5,989.7000122070312,989.4000244140625,989.4000244140625,6900,0.0,0.0
2024-10-10 13:40:00+09:00,989.5999755859375,989.9000244140625,988.7000122070312,989.4000244140625,11600,0.0,0.0
2024-10-10 13:45:00+09:00,989.5,989.7999877929688,989.0999755859375,989.4000244140625,4900,0.0,0.0
2024-10-10 13:50:00+09:00,989.2999877929688,990.0,988.7000122070312,988.9000244140625,8500,0.0,0.0
2024-10-10 13:55:00+09:00,989.0,989.9000244140625,988.7000122070312,989.5,9900,0.0,0.0
2024-10-10 14:00:00+09:00,989.5999755859375,990.4000244140625,989.5999755859375,990.2999877929688,5300,0.0,0.0
2024-10-10 14:05:00+09:00,990.2000122070312,991.0999755859375,990.0999755859375,990.7000122070312,9900,0.0,0.0
2024-10-10 14:10:00+09:00,990.5,990.7000122070312,990.2000122070312,990.5999755859375,4100,0.0,0.0
2024-10-10 14:15:00+09:00,990.5,990.9000244140625,990.0999755859375,990.0999755859375,9000,0.0,0.0
2024-10-10 14:20:00+09:00,990.4000244140625,990.4000244140625,989.4000244140625,990.0,9600,0.0,0.0
2024-10-10 14:25:00+09:00,989.5999755859375,990.2999877929688,989.5,990.2000122070312,10100,0.0,0.0
2024-10-10 14:30:00+09:00,990.2999877929688,990.5,989.9000244140625,990.0999755859375,7700,0.0,0.0
2024-10-10 14:35:00+09:00,990.0999755859375,991.0,989.2999877929688,989.2999877929688,27400,0.0,0.0
2024-10-10 14:40:00+09:00,989.2999877929688,989.5,988.0,988.0,17800,0.0,0.0
2024-10-10 14:45:00+09:00,988.4000244140625,989.4000244140625,988.4000244140625,988.7999877929688,15500,0.0,0.0
2024-10-10 14:50:00+09:00,988.5999755859375,988.7999877929688,988.0,988.0999755859375,19300,0.0,0.0
2024-10-10 14:55:00+09:00,988.0999755859375,995.0,987.4000244140625,995.0,128800,0.0,0.0
2024-10-11 09:00:00+09:00,988.4000244140625,992.0,982.0,991.2000122070312,270500,0.0,0.0
2024-10-11 09:05:00+09:00,991.9000244140625,997.7999877929688,991.0999755859375,997.7000122070312,18100,0.0,0.0
2024-10-11 09:10:00+09:00,997.7000122070312,999.0,993.5,996.2000122070312,31700,0.0,0.0
2024-10-11 09:15:00+09:00,995.5,996.2000122070312,992.5,993.2000122070312,7100,0.0,0.0
2024-10-11 09:20:00+09:00,993.2000122070312,993.7999877929688,991.7000122070312,992.0,7200,0.0,0.0
2024-10-11 09:25:00+09:00,992.7000122070312,993.0,991.5999755859375,992.5,8300,0.0,0.0
2024-10-11 09:30:00+09:00,992.2000122070312,994.2999877929688,991.7000122070312,993.5999755859375,9000,0.0,0.0
2024-10-11 09:35:00+09:00,994.0,995.7999877929688,993.5,994.7999877929688,25600,0.0,0.0
2024-10-11 09:40:00+09:00,995.0,995.0999755859375,993.7000122070312,994.5,3300,0.0,0.0
2024-10-11 09:45:00+09:00,994.7000122070312,994.9000244140625,992.9000244140625,993.5,10200,0.0,0.0
2024-10-11 09:50:00+09:00,993.5999755859375,994.0,992.0999755859375,993.2999877929688,8600,0.0,0.0
2024-10-11 09:55:00+09:00,992.5,992.5,990.7000122070312,991.4000244140625,20400,0.0,0.0
2024-10-11 10:00:00+09:00,991.5999755859375,992.7000122070312,990.7999877929688,991.0999755859375,10300,0.0,0.0
2024-10-11 10:05:00+09:00,991.2000122070312,991.7999877929688,990.4000244140625,991.2999877929688,4800,0.0,0.0
2024-10-11 10:10:00+09:00,991.2000122070312,991.2000122070312,989.5999755859375,990.2000122070312,16800,0.0,0.0
2024-10-11 10:15:00+09:00,990.2999877929688,991.7999877929688,989.9000244140625,990.2999877929688,13000,0.0,0.0
2024-10-11 10:20:00+09:00,990.7999877929688,992.4000244140625,990.7999877929688,992.4000244140625,8000,0.0,0.0
2024-10-11 10:25:00+09:00,992.4000244140625,992.5,991.5999755859375,992.0,8400,0.0,0.0
2024-10-11 10:30:00+09:00,992.0999755859375,993.0,991.5999755859375,992.2000122070312,12600,0.0,0.0
2024-10-11 10:35:00+09:00,991.7999877929688,992.5,991.2000122070312,991.4000244140625,4200,0.0,0.0
2024-10-11 10:40:00+09:00,991.5,991.9000244140625,991.4000244140625,991.7000122070312,4800,0.0,0.0
2024-10-11 10:45:00+09:00,991.9000244140625,992.7000122070312,991.7000122070312,991.7000122070312,6600,0.0,0.0
2024-10-11 10:50:00+09:00,991.5,991.9000244140625,990.4000244140625,991.2999877929688,7400,0.0,0.0
2024-10-11 10:55:00+09:00,991.7999877929688,991.7999877929688,990.4000244140625,990.7999877929688,2700,0.0,0.0
2024-10-11 11:00:00+09:00,990.5,990.5,988.7999877929688,989.2000122070312,14100,0.0,0.0
2024-10-11 11:05:00+09:00,988.7999877929688,989.0999755859375,988.0,988.0999755859375,15200,0.0,0.0
2024-10-11 11:10:00+09:00,988.2999877929688,988.4000244140625,986.5999755859375,987.9000244140625,11500,0.0,0.0
2024-10-11 11:15:00+09:00,987.9000244140625,988.4000244140625,987.2999877929688,987.5999755859375,11400,0.0,0.0
2024-10-11 11:20:00+09:00,987.4000244140625,988.4000244140625,986.7000122070312,988.2999877929688,7600,0.0,0.0
2024-10-11 11:25:00+09:00,988.4000244140625,988.5,987.9000244140625,988.5,4600,0.0,0.0
2024-10-11 11:30:00+09:00,988.5,988.5,988.5,988.5,1300,0.0,0.0
2024-10-11 11:35:00+09:00,988.5,988.5,988.5,988.5,0,0.0,0.0
2024-10-11 12:30:00+09:00,988.5,989.0999755859375,987.0,989.0,620800,0.0,0.0
2024-10-11 12:35:00+09:00,988.7000122070312,990.5,988.2000122070312,988.5999755859375,18200,0.0,0.0
2024-10-11 12:40:00+09:00,988.7000122070312,989.2000122070312,988.0999755859375,989.0999755859375,17800,0.0,0.0
2024-10-11 12:45:00+09:00,988.5999755859375,989.9000244140625,988.5999755859375,989.7000122070312,5500,0.0,0.0
2024-10-11 12:50:00+09:00,989.7000122070312,989.7999877929688,988.5999755859375,988.9000244140625,7200,0.0,0.0
2024-10-11 12:55:00+09:00,988.7000122070312,989.5,988.5,988.7000122070312,4000,0.0,0.0
2024-10-11 13:00:00+09:00,989.0,989.9000244140625,988.4000244140625,989.5999755859375,6400,0.0,0.0
2024-10-11 13:05:00+09:00,989.5999755859375,991.5,988.5999755859375,991.2000122070312,17300,0.0,0.0
2024-10-11 13:10:00+09:00,990.9000244140625,992.0,990.9000244140625,992.0,7500,0.0,0.0
2024-10-11 13:15:00+09:00,992.0,992.0999755859375,991.7999877929688,991.7999877929688,4100,0.0,0.0
2024-10-11 13:20:00+09:00,992.0,992.9000244140625,990.7000122070312,991.0,16000,0.0,0.0
2024-10-11 13:25:00+09:00,990.7999877929688,991.0999755859375,990.0,990.0,7100,0.0,0.0
2024-10-11 13:30:00+09:00,990.0999755859375,990.0999755859375,988.7000122070312,988.7000122070312,4100,0.0,0.0
2024-10-11 13:35:00+09:00,989.0999755859375,989.0999755859375,986.7999877929688,987.2000122070312,9900,0.0,0.0
2024-10-11 13:40:00+09:00,987.2999877929688,987.2999877929688,984.7999877929688,985.0,20700,0.0,0.0
2024-10-11 13:45:00+09:00,985.0999755859375,985.9000244140625,984.2000122070312,985.0,10900,0.0,0.0
2024-10-11 13:50:00+09:00,984.4000244140625,990.5,984.0999755859375,986.7999877929688,98600,0.0,0.0
2024-10-11 13:55:00+09:00,986.7000122070312,987.2000122070312,986.2000122070312,986.4000244140625,4600,0.0,0.0
2024-10-11 14:00:00+09:00,986.0999755859375,986.5,985.0,985.2000122070312,5200,0.0,0.0
2024-10-11 14:05:00+09:00,985.2000122070312,985.2999877929688,983.9000244140625,984.2000122070312,12800,0.0,0.0
2024-10-11 14:10:00+09:00,984.0999755859375,985.5,983.7000122070312,984.4000244140625,15700,0.0,0.0
2024-10-11 14:15:00+09:00,984.2000122070312,984.2999877929688,983.5999755859375,983.7999877929688,3900,0.0,0.0
2024-10-11 14:20:00+09:00,983.7999877929688,984.5,983.2000122070312,983.4000244140625,8400,0.0,0.0
2024-10-11 14:25:00+09:00,983.4000244140625,983.4000244140625,982.0999755859375,982.5999755859375,14100,0.0,0.0
2024-10-11 14:30:00+09:00,982.2999877929688,982.2999877929688,980.9000244140625,982.0,15500,0.0,0.0
2024-10-11 14:35:00+09:00,981.4000244140625,982.0999755859375,980.4000244140625,980.4000244140625,19900,0.0,0.0
2024-10-11 14:40:00+09:00,980.7000122070312,980.7000122070312,979.5,980.2000122070312,32300,0.0,0.0
2024-10-11 14:45:00+09:00,979.9000244140625,980.2000122070312,977.9000244140625,978.0,24700,0.0,0.0
2024-10-11 14:50:00+09:00,978.0999755859375,978.0999755859375,975.9000244140625,976.9000244140625,36300,0.0,0.0
2024-10-11 14:55:00+09:00,976.7000122070312,979.2000122070312,976.2999877929688,978.2000122070312,30900,0.0,0.0
2024-10-15 09:00:00+09:00,980.0999755859375,985.9000244140625,977.7000122070312,982.9000244140625,82600,0.0,0.0
2024-10-15 09:05:00+09:00,984.0999755859375,987.7999877929688,983.5999755859375,984.5,21700,0.0,0.0
2024-10-15 09:10:00+09:00,984.5,984.9000244140625,982.9000244140625,983.4000244140625,9800,0.0,0.0
2024-10-15 09:15:00+09:00,984.0999755859375,984.5,982.0,982.5,11600,0.0,0.0
2024-10-15 09:20:00+09:00,982.2999877929688,984.5,982.0999755859375,982.7000122070312,13600,0.0,0.0
2024-10-15 09:25:00+09:00,982.7000122070312,982.7999877929688,980.9000244140625,982.0999755859375,13900,0.0,0.0
2024-10-15 09:30:00+09:00,982.5,982.7000122070312,981.5,982.5,7300,0.0,0.0
2024-10-15 09:35:00+09:00,982.9000244140625,985.0,981.7999877929688,984.0,17700,0.0,0.0
2024-10-15 09:40:00+09:00,983.7999877929688,985.2999877929688,983.5999755859375,984.2000122070312,18100,0.0,0.0
2024-10-15 09:45:00+09:00,984.0,984.5999755859375,983.0999755859375,983.9000244140625,7100,0.0,0.0
2024-10-15 09:50:00+09:00,984.0,984.9000244140625,983.5,984.9000244140625,5700,0.0,0.0
2024-10-15 09:55:00+09:00,984.9000244140625,985.0,984.0,984.2999877929688,8400,0.0,0.0
2024-10-15 10:00:00+09:00,984.5999755859375,993.7000122070312,984.5999755859375,991.2000122070312,127500,0.0,0.0
2024-10-15 10:05:00+09:00,991.2999877929688,993.2999877929688,990.7999877929688,991.4000244140625,24600,0.0,0.0
2024-10-15 10:10:00+09:00,991.7999877929688,994.0999755859375,991.2999877929688,993.5999755859375,20500,0.0,0.0
2024-10-15 10:15:00+09:00,993.5,994.5999755859375,992.4000244140625,994.5999755859375,14800,0.0,0.0
2024-10-15 10:20:00+09:00,994.5999755859375,994.5999755859375,991.2999877929688,991.2999877929688,14200,0.0,0.0
2024-10-15 10:25:00+09:00,991.2000122070312,991.2000122070312,989.2000122070312,990.5,14400,0.0,0.0
2024-10-15 10:30:00+09:00,990.2000122070312,993.2999877929688,990.2000122070312,993.2999877929688,11200,0.0,0.0
2024-10-15 10:35:00+09:00,993.0999755859375,994.7999877929688,992.5999755859375,994.5,8200,0.0,0.0
2024-10-15 10:40:00+09:00,994.5,996.7000122070312,994.5,995.0999755859375,42400,0.0,0.0
2024-10-15 10:45:00+09:00,995.2000122070312,996.5999755859375,994.4000244140625,995.7999877929688,10600,0.0,0.0
2024-10-15 10:50:00+09:00,995.7999877929688,996.0999755859375,995.2999877929688,995.5,12700,0.0,0.0
2024-10-15 10:55:00+09:00,995.5999755859375,995.5999755859375,994.2000122070312,994.2000122070312,6200,0.0,0.0
2024-10-15 11:00:00+09:00,994.0999755859375,996.7000122070312,994.0,996.7000122070312,12900,0.0,0.0
2024-10-15 11:05:00+09:00,996.5999755859375,996.7999877929688,995.5,995.5,11000,0.0,0.0
2024-10-15 11:10:00+09:00,995.4000244140625,995.5,994.7000122070312,995.4000244140625,0,0.0,0.0
2024-10-15 11:15:00+09:00,995.4000244140625,995.5999755859375,994.5,994.7999877929688,565200,0.0,0.0
2024-10-15 11:20:00+09:00,995.0,995.7999877929688,994.9000244140625,994.9000244140625,6900,0.0,0.0
2024-10-15 11:25:00+09:00,995.0999755859375,996.9000244140625,995.0,996.9000244140625,8500,0.0,0.0
2024-10-15 11:30:00+09:00,996.5,996.5,996.0999755859375,996.0999755859375,4200,0.0,0.0
2024-10-15 11:35:00+09:00,996.0999755859375,996.0999755859375,996.0999755859375,996.0999755859375,0,0.0,0.0
2024-10-15 12:30:00+09:00,995.9000244140625,997.7000122070312,995.4000244140625,997.2000122070312,624600,0.0,0.0
2024-10-15 12:35:00+09:00,997.0999755859375,997.0999755859375,993.9000244140625,995.4000244140625,13500,0.0,0.0
2024-10-15 12:40:00+09:00,995.5,995.9000244140625,995.0,995.4000244140625,11100,0.0,0.0
2024-10-15 12:45:00+09:00,995.2999877929688,996.0,995.2999877929688,995.4000244140625,12100,0.0,0.0
2024-10-15 12:50:00+09:00,995.5999755859375,997.0,995.2999877929688,997.0,16300,0.0,0.0
2024-10-15 12:55:00+09:00,997.0,997.0,995.7999877929688,995.7999877929688,7800,0.0,0.0
2024-10-15 13:00:00+09:00,996.0,997.9000244140625,995.5999755859375,997.9000244140625,17500,0.0,0.0
2024-10-15 13:05:00+09:00,997.7999877929688,998.0999755859375,997.2999877929688,997.9000244140625,17700,0.0,0.0
2024-10-15 13:10:00+09:00,997.7999877929688,998.7000122070312,997.4000244140625,997.5,10900,0.0,0.0
2024-10-15 13:15:00+09:00,997.5,998.0,997.4000244140625,997.9000244140625,7100,0.0,0.0
2024-10-15 13:20:00+09:00,998.0,998.5999755859375,997.9000244140625,998.5,9000,0.0,0.0
2024-10-15 13:25:00+09:00,998.4000244140625,999.0,998.0,998.4000244140625,16700,0.0,0.0
2024-10-15 13:30:00+09:00,998.4000244140625,999.0,997.9000244140625,998.9000244140625,12700,0.0,0.0
2024-10-15 13:35:00+09:00,998.9000244140625,998.9000244140625,997.5999755859375,997.5999755859375,7300,0.0,0.0
2024-10-15 13:40:00+09:00,998.0,998.0,996.7000122070312,997.9000244140625,7700,0.0,0.0
2024-10-15 13:45:00+09:00,997.9000244140625,998.5,997.5999755859375,998.5,18200,0.0,0.0
2024-10-15 13:50:00+09:00,998.7000122070312,1001.5,998.0999755859375,998.4000244140625,111000,0.0,0.0
2024-10-15 13:55:00+09:00,998.7999877929688,999.7999877929688,997.9000244140625,998.9000244140625,18800,0.0,0.0
2024-10-15 14:00:00+09:00,998.9000244140625,999.2999877929688,996.9000244140625,997.2000122070312,21600,0.0,0.0
2024-10-15 14:05:00+09:00,997.4000244140625,998.2999877929688,997.2000122070312,998.0999755859375,9000,0.0,0.0
2024-10-15 14:10:00+09:00,997.9000244140625,998.7999877929688,997.4000244140625,998.2999877929688,11600,0.0,0.0
2024-10-15 14:15:00+09:00,998.4000244140625,999.9000244140625,998.2000122070312,999.2999877929688,18100,0.0,0.0
2024-10-15 14:20:00+09:00,999.5,1000.5,997.9000244140625,999.0,47200,0.0,0.0
2024-10-15 14:25:00+09:00,999.0999755859375,999.5999755859375,997.2999877929688,997.4000244140625,21400,0.0,0.0
2024-10-15 14:30:00+09:00,997.4000244140625,997.7999877929688,995.7999877929688,996.9000244140625,19700,0.0,0.0
2024-10-15 14:35:00+09:00,996.9000244140625,999.5999755859375,996.7000122070312,999.5999755859375,41900,0.0,0.0
2024-10-15 14:40:00+09:00,999.7000122070312,1000.0,998.9000244140625,999.2000122070312,27600,0.0,0.0
2024-10-15 14:45:00+09:00,999.2000122070312,1000.0,998.4000244140625,999.5,28300,0.0,0.0
2024-10-15 14:50:00+09:00,999.5,999.9000244140625,999.0999755859375,999.2000122070312,32600,0.0,0.0
2024-10-15 14:55:00+09:00,999.4000244140625,1000.0,998.5999755859375,999.7999877929688,46300,0.0,0.0
2024-10-16 09:00:00+09:00,984.0999755859375,984.2000122070312,976.7999877929688,976.9000244140625,184500,0.0,0.0
2024-10-16 09:05:00+09:00,976.7999877929688,981.2000122070312,976.5999755859375,981.0999755859375,29700,0.0,0.0
2024-10-16 09:10:00+09:00,981.5,981.9000244140625,979.2999877929688,979.7000122070312,20700,0.0,0.0
2024-10-16 09:15:00+09:00,979.7999877929688,984.0999755859375,979.7999877929688,982.4000244140625,35000,0.0,0.0
2024-10-16 09:20:00+09:00,982.4000244140625,987.4000244140625,982.2999877929688,986.0999755859375,30600,0.0,0.0
2024-10-16 09:25:00+09:00,985.5999755859375,985.5999755859375,984.5,985.5,10300,0.0,0.0
2024-10-16 09:30:00+09:00,985.5,990.7999877929688,985.0999755859375,988.2999877929688,30600,0.0,0.0
2024-10-16 09:35:00+09:00,988.2999877929688,990.5,988.0,989.5999755859375,33600,0.0,0.0
2024-10-16 09:40:00+09:00,989.4000244140625,990.7000122070312,988.9000244140625,989.5999755859375,14300,0.0,0.0
2024-10-16 09:45:00+09:00,989.5999755859375,991.2000122070312,988.9000244140625,990.2999877929688,14600,0.0,0.0
2024-10-16 09:50:00+09:00,990.0,990.0,988.5,989.2999877929688,10600,0.0,0.0
2024-10-16 09:55:00+09:00,989.5,990.2999877929688,988.9000244140625,990.2999877929688,13900,0.0,0.0
2024-10-16 10:00:00+09:00,989.5999755859375,990.7999877929688,989.4000244140625,990.7999877929688,9600,0.0,0.0
2024-10-16 10:05:00+09:00,990.5,990.5,988.4000244140625,988.7000122070312,11300,0.0,0.0
2024-10-16 10:10:00+09:00,988.5,991.5,988.4000244140625,991.0999755859375,15600,0.0,0.0
2024-10-16 10:15:00+09:00,991.0999755859375,991.0999755859375,990.2000122070312,990.7000122070312,9100,0.0,0.0
2024-10-16 10:20:00+09:00,990.5999755859375,990.5999755859375,989.2999877929688,989.4000244140625,12200,0.0,0.0
2024-10-16 10:25:00+09:00,989.2999877929688,989.7999877929688,988.2999877929688,989.5,9000,0.0,0.0
2024-10-16 10:30:00+09:00,989.4000244140625,989.7999877929688,988.7000122070312,989.5,13900,0.0,0.0
2024-10-16 10:35:00+09:00,989.5999755859375,990.9000244140625,989.2999877929688,990.5,8200,0.0,0.0
2024-10-16 10:40:00+09:00,990.7000122070312,990.7999877929688,989.7000122070312,990.4000244140625,5300,0.0,0.0
2024-10-16 10:45:00+09:00,990.2999877929688,990.7999877929688,989.9000244140625,990.0,5600,0.0,0.0
2024-10-16 10:50:00+09:00,989.4000244140625,990.0,989.2000122070312,989.5999755859375,7500,0.0,0.0
2024-10-16 10:55:00+09:00,989.5,989.5,988.0999755859375,989.5,23000,0.0,0.0
2024-10-16 11:00:00+09:00,989.5999755859375,989.9000244140625,988.7000122070312,988.7000122070312,9000,0.0,0.0
2024-10-16 11:05:00+09:00,988.5,990.0,988.2000122070312,989.5999755859375,7800,0.0,0.0
2024-10-16 11:10:00+09:00,989.5,990.0999755859375,989.0999755859375,989.2999877929688,7900,0.0,0.0
2024-10-16 11:15:00+09:00,989.2000122070312,989.7999877929688,989.0,989.4000244140625,7300,0.0,0.0
2024-10-16 11:20:00+09:00,989.5,989.5999755859375,988.5999755859375,989.0,7900,0.0,0.0
2024-10-16 11:25:00+09:00,988.7999877929688,989.0,985.7000122070312,985.7000122070312,27400,0.0,0.0
2024-10-16 11:30:00+09:00,985.5,985.5,985.0,985.0,13400,0.0,0.0
2024-10-16 11:35:00+09:00,985.0,985.0,985.0,985.0,0,0.0,0.0
2024-10-16 12:30:00+09:00,986.0,986.5,983.0,983.2000122070312,687300,0.0,0.0
2024-10-16 12:35:00+09:00,983.0,985.0999755859375,982.0999755859375,984.4000244140625,19000,0.0,0.0
2024-10-16 12:40:00+09:00,984.7000122070312,986.0,984.2999877929688,985.5999755859375,10000,0.0,0.0
2024-10-16 12:45:00+09:00,986.0,986.0999755859375,984.5999755859375,986.0,10100,0.0,0.0
2024-10-16 12:50:00+09:00,985.9000244140625,986.5,985.5,985.7999877929688,13400,0.0,0.0
2024-10-16 12:55:00+09:00,985.9000244140625,987.5,985.5,986.9000244140625,16200,0.0,0.0
2024-10-16 13:00:00+09:00,986.7999877929688,987.5999755859375,986.5,987.2000122070312,9300,0.0,0.0
2024-10-16 13:05:00+09:00,987.0999755859375,987.2999877929688,985.5,986.0999755859375,7700,0.0,0.0
2024-10-16 13:10:00+09:00,986.0,986.7000122070312,985.7000122070312,985.7000122070312,6800,0.0,0.0
2024-10-16 13:15:00+09:00,985.7999877929688,985.9000244140625,984.2999877929688,984.4000244140625,16500,0.0,0.0
2024-10-16 13:20:00+09:00,984.2999877929688,984.2999877929688,983.4000244140625,983.5,7100,0.0,0.0
2024-10-16 13:25:00+09:00,983.5,983.9000244140625,983.0999755859375,983.0999755859375,8300,0.0,0.0
2024-10-16 13:30:00+09:00,983.0999755859375,983.0999755859375,982.2000122070312,982.2000122070312,5500,0.0,0.0
2024-10-16 13:35:00+09:00,982.0,982.2999877929688,980.7999877929688,980.7999877929688,10700,0.0,0.0
2024-10-16 13:40:00+09:00,981.0999755859375,981.4000244140625,980.7000122070312,981.4000244140625,11500,0.0,0.0
2024-10-16 13:45:00+09:00,981.7000122070312,983.5,981.5999755859375,983.2000122070312,9800,0.0,0.0
2024-10-16 13:50:00+09:00,983.0999755859375,986.4000244140625,983.0999755859375,986.2999877929688,19700,0.0,0.0
2024-10-16 13:55:00+09:00,986.2000122070312,986.5999755859375,985.5,985.5999755859375,11100,0.0,0.0
2024-10-16 14:00:00+09:00,985.5,985.7999877929688,983.7999877929688,983.7999877929688,10500,0.0,0.0
2024-10-16 14:05:00+09:00,983.7999877929688,984.7999877929688,983.0,983.0,14600,0.0,0.0
2024-10-16 14:10:00+09:00,983.2000122070312,984.4000244140625,983.2000122070312,984.0,8100,0.0,0.0
2024-10-16 14:15:00+09:00,984.0,984.4000244140625,983.0,984.0999755859375,17100,0.0,0.0
2024-10-16 14:20:00+09:00,984.2000122070312,984.2999877929688,983.2000122070312,983.5,9200,0.0,0.0
2024-10-16 14:25:00+09:00,983.4000244140625,983.9000244140625,982.4000244140625,982.7999877929688,18200,0.0,0.0
2024-10-16 14:30:00+09:00,982.7999877929688,983.9000244140625,982.7000122070312,983.5,16800,0.0,0.0
2024-10-16 14:35:00+09:00,983.4000244140625,984.2999877929688,983.2000122070312,983.4000244140625,16600,0.0,0.0
2024-10-16 14:40:00+09:00,983.2000122070312,984.2999877929688,982.7999877929688,983.4000244140625,22500,0.0,0.0
2024-10-16 14:45:00+09:00,983.2999877929688,984.4000244140625,983.2999877929688,984.4000244140625,16100,0.0,0.0
2024-10-16 14:50:00+09:00,985.0,986.0999755859375,984.9000244140625,985.0999755859375,33100,0.0,0.0
2024-10-16 14:55:00+09:00,985.4000244140625,985.5,983.4000244140625,984.5,33100,0.0,0.0
2024-10-17 09:00:00+09:00,984.0999755859375,984.7999877929688,979.7000122070312,982.9000244140625,42000,0.0,0.0
2024-10-17 09:05:00+09:00,982.9000244140625,989.0,982.9000244140625,988.7999877929688,14500,0.0,0.0
2024-10-17 09:10:00+09:00,987.5999755859375,989.7000122070312,987.5,988.7000122070312,13100,0.0,0.0
2024-10-17 09:15:00+09:00,988.9000244140625,989.5999755859375,988.0,989.0,13400,0.0,0.0
2024-10-17 09:20:00+09:00,989.5,989.5,987.4000244140625,987.9000244140625,4700,0.0,0.0
2024-10-17 09:25:00+09:00,987.9000244140625,988.9000244140625,987.4000244140625,988.4000244140625,9100,0.0,0.0
2024-10-17 09:30:00+09:00,988.2999877929688,989.2000122070312,986.9000244140625,989.0,22800,0.0,0.0
2024-10-17 09:35:00+09:00,988.5,988.5,987.5,988.0,5500,0.0,0.0
2024-10-17 09:40:00+09:00,988.2999877929688,991.2999877929688,987.7000122070312,991.2000122070312,19100,0.0,0.0
2024-10-17 09:45:00+09:00,991.2000122070312,992.7999877929688,990.5999755859375,992.4000244140625,34800,0.0,0.0
2024-10-17 09:50:00+09:00,993.0,995.7000122070312,993.0,994.7999877929688,31900,0.0,0.0
2024-10-17 09:55:00+09:00,994.4000244140625,995.0999755859375,993.9000244140625,994.0999755859375,9900,0.0,0.0
2024-10-17 10:00:00+09:00,993.7999877929688,993.7999877929688,992.2000122070312,993.2000122070312,12800,0.0,0.0
2024-10-17 10:05:00+09:00,993.2000122070312,993.7999877929688,992.2999877929688,993.5999755859375,8200,0.0,0.0
2024-10-17 10:10:00+09:00,993.5,995.4000244140625,993.0,993.0,11600,0.0,0.0
2024-10-17 10:15:00+09:00,993.2000122070312,993.2000122070312,990.9000244140625,991.0,15400,0.0,0.0
2024-10-17 10:20:00+09:00,991.0,992.5999755859375,990.7000122070312,992.0,25900,0.0,0.0
2024-10-17 10:25:00+09:00,992.0999755859375,992.7999877929688,991.4000244140625,991.7000122070312,13000,0.0,0.0
2024-10-17 10:30:00+09:00,991.5999755859375,992.0,990.0999755859375,990.2000122070312,12300,0.0,0.0
2024-10-17 10:35:00+09:00,990.2000122070312,990.2999877929688,989.0999755859375,989.7000122070312,5600,0.0,0.0
2024-10-17 10:40:00+09:00,989.5,989.5,988.2000122070312,988.2000122070312,8500,0.0,0.0
2024-10-17 10:45:00+09:00,988.2000122070312,988.7000122070312,988.0,988.5,12600,0.0,0.0
2024-10-17 10:50:00+09:00,988.7000122070312,990.0,988.7000122070312,989.2000122070312,5200,0.0,0.0
2024-10-17 10:55:00+09:00,989.2000122070312,989.5999755859375,989.0999755859375,989.0999755859375,3400,0.0,0.0
2024-10-17 11:00:00+09:00,988.7999877929688,989.0999755859375,986.4000244140625,986.9000244140625,9300,0.0,0.0
2024-10-17 11:05:00+09:00,986.9000244140625,988.0,986.5,988.0,5100,0.0,0.0
2024-10-17 11:10:00+09:00,987.9000244140625,988.4000244140625,986.5,986.7999877929688,12500,0.0,0.0
2024-10-17 11:15:00+09:00,986.7000122070312,987.5999755859375,986.2000122070312,987.4000244140625,8400,0.0,0.0
2024-10-17 11:20:00+09:00,987.2999877929688,987.2999877929688,985.5,985.7000122070312,9900,0.0,0.0
2024-10-17 11:25:00+09:00,985.5999755859375,985.9000244140625,985.0999755859375,985.2999877929688,16000,0.0,0.0
2024-10-17 11:30:00+09:00,985.2999877929688,985.2999877929688,985.0,985.0,14900,0.0,0.0
2024-10-17 11:35:00+09:00,985.0,985.0,985.0,985.0,0,0.0,0.0
2024-10-17 12:30:00+09:00,981.5999755859375,984.7000122070312,981.5999755859375,982.9000244140625,473700,0.0,0.0
2024-10-17 12:35:00+09:00,982.7999877929688,983.4000244140625,982.5999755859375,982.7000122070312,9900,0.0,0.0
2024-10-17 12:40:00+09:00,983.0,983.9000244140625,982.9000244140625,983.7999877929688,5400,0.0,0.0
2024-10-17 12:45:00+09:00,983.7999877929688,984.0999755859375,983.5,983.5,7300,0.0,0.0
2024-10-17 12:50:00+09:00,983.2999877929688,985.0,982.9000244140625,984.4000244140625,12600,0.0,0.0
2024-10-17 12:55:00+09:00,984.7000122070312,984.9000244140625,984.0,984.4000244140625,6300,0.0,0.0
2024-10-17 13:00:00+09:00,984.2000122070312,984.4000244140625,983.2999877929688,984.4000244140625,8800,0.0,0.0
2024-10-17 13:05:00+09:00,984.2999877929688,984.9000244140625,983.7999877929688,984.0999755859375,20200,0.0,0.0
2024-10-17 13:10:00+09:00,984.0999755859375,984.5,983.5,984.4000244140625,10100,0.0,0.0
2024-10-17 13:15:00+09:00,984.2999877929688,984.9000244140625,983.7000122070312,984.5999755859375,8100,0.0,0.0
2024-10-17 13:20:00+09:00,984.5999755859375,986.0,984.5,985.5999755859375,6500,0.0,0.0
2024-10-17 13:25:00+09:00,985.5999755859375,985.7999877929688,984.7999877929688,985.4000244140625,4500,0.0,0.0
2024-10-17 13:30:00+09:00,985.4000244140625,986.5999755859375,985.4000244140625,985.9000244140625,8100,0.0,0.0
2024-10-17 13:35:00+09:00,985.7000122070312,986.2000122070312,985.0,985.5,8700,0.0,0.0
2024-10-17 13:40:00+09:00,985.0999755859375,987.5999755859375,985.0999755859375,987.5,7500,0.0,0.0
2024-10-17 13:45:00+09:00,987.5,988.7000122070312,987.5,987.7999877929688,9000,0.0,0.0
2024-10-17 13:50:00+09:00,987.5999755859375,988.0999755859375,987.0999755859375,988.0999755859375,10500,0.0,0.0
2024-10-17 13:55:00+09:00,988.0999755859375,988.2999877929688,987.2999877929688,987.5999755859375,4600,0.0,0.0
2024-10-17 14:00:00+09:00,987.0999755859375,987.2999877929688,986.2999877929688,986.5999755859375,4600,0.0,0.0
2024-10-17 14:05:00+09:00,986.5999755859375,987.7000122070312,986.2999877929688,987.5,6300,0.0,0.0
2024-10-17 14:10:00+09:00,987.5,987.5999755859375,986.7999877929688,987.0999755859375,6300,0.0,0.0
2024-10-17 14:15:00+09:00,987.0999755859375,989.0999755859375,987.0999755859375,988.5,12900,0.0,0.0
2024-10-17 14:20:00+09:00,988.5999755859375,989.2000122070312,988.5999755859375,988.5999755859375,5800,0.0,0.0
2024-10-17 14:25:00+09:00,988.7000122070312,988.7999877929688,987.7000122070312,987.7999877929688,13100,0.0,0.0
2024-10-17 14:30:00+09:00,987.9000244140625,988.4000244140625,987.2999877929688,987.7999877929688,14100,0.0,0.0
2024-10-17 14:35:00+09:00,987.7999877929688,990.2999877929688,987.7999877929688,990.2999877929688,31800,0.0,0.0
2024-10-17 14:40:00+09:00,989.9000244140625,989.9000244140625,988.0,988.0,22200,0.0,0.0
2024-10-17 14:45:00+09:00,988.2999877929688,988.7999877929688,987.7000122070312,988.0,17000,0.0,0.0
2024-10-17 14:50:00+09:00,987.9000244140625,987.9000244140625,986.0,986.5,23000,0.0,0.0
2024-10-17 14:55:00+09:00,986.5,986.5,982.5,982.5,48500,0.0,0.0
2024-10-18 09:00:00+09:00,985.5999755859375,985.5999755859375,977.7999877929688,977.7999877929688,69100,0.0,0.0
2024-10-18 09:05:00+09:00,977.2999877929688,981.5999755859375,977.2000122070312,981.2000122070312,10700,0.0,0.0
2024-10-18 09:10:00+09:00,980.9000244140625,983.0,980.7000122070312,982.0,16600,0.0,0.0
2024-10-18 09:15:00+09:00,982.0,983.0,980.4000244140625,980.9000244140625,18200,0.0,0.0
2024-10-18 09:20:00+09:00,980.5,980.5,979.0999755859375,979.2000122070312,5900,0.0,0.0
2024-10-18 09:25:00+09:00,979.2999877929688,979.5,976.2000122070312,977.0,51000,0.0,0.0
2024-10-18 09:30:00+09:00,976.7000122070312,977.7999877929688,974.5999755859375,977.4000244140625,30400,0.0,0.0
2024-10-18 09:35:00+09:00,977.5,978.7000122070312,976.7999877929688,978.7000122070312,12100,0.0,0.0
2024-10-18 09:40:00+09:00,979.0999755859375,980.5999755859375,979.0999755859375,979.7000122070312,7000,0.0,0.0
2024-10-18 09:45:00+09:00,979.7000122070312,979.7000122070312,978.4000244140625,978.4000244140625,5500,0.0,0.0
2024-10-18 09:50:00+09:00,978.7999877929688,979.9000244140625,978.2000122070312,979.4000244140625,8700,0.0,0.0
2024-10-18 09:55:00+09:00,979.0999755859375,979.5,978.5,978.5999755859375,3500,0.0,0.0
2024-10-18 10:00:00+09:00,978.5,979.5,978.2999877929688,978.2999877929688,7100,0.0,0.0
2024-10-18 10:05:00+09:00,978.2999877929688,979.2000122070312,978.2999877929688,979.2000122070312,6100,0.0,0.0
2024-10-18 10:10:00+09:00,979.9000244140625,979.9000244140625,978.7000122070312,979.2000122070312,4400,0.0,0.0
2024-10-18 10:15:00+09:00,979.2999877929688,980.4000244140625,979.0,980.2000122070312,9800,0.0,0.0
2024-10-18 10:20:00+09:00,980.0,980.0,978.5999755859375,978.5999755859375,14100,0.0,0.0
2024-10-18 10:25:00+09:00,978.5,979.2000122070312,978.0999755859375,978.7999877929688,5800,0.0,0.0
2024-10-18 10:30:00+09:00,979.0,979.0,977.5,978.2000122070312,8900,0.0,0.0
2024-10-18 10:35:00+09:00,978.4000244140625,979.5,978.4000244140625,979.5,3200,0.0,0.0
2024-10-18 10:40:00+09:00,979.0999755859375,979.2999877929688,978.5999755859375,979.0,3300,0.0,0.0
2024-10-18 10:45:00+09:00,978.7999877929688,979.7000122070312,978.5,979.7000122070312,4900,0.0,0.0
2024-10-18 10:50:00+09:00,979.5999755859375,979.5999755859375,977.7999877929688,978.0,8200,0.0,0.0
2024-10-18 10:55:00+09:00,977.9000244140625,978.5999755859375,977.4000244140625,978.5999755859375,7000,0.0,0.0
2024-10-18 11:00:00+09:00,978.5,978.9000244140625,977.7999877929688,977.7999877929688,6600,0.0,0.0
2024-10-18 11:05:00+09:00,977.7999877929688,978.0,977.0999755859375,977.7999877929688,4800,0.0,0.0
2024-10-18 11:10:00+09:00,977.7999877929688,977.9000244140625,977.0,977.2999877929688,9300,0.0,0.0
2024-10-18 11:15:00+09:00,977.4000244140625,977.4000244140625,976.0999755859375,976.5,5800,0.0,0.0
2024-10-18 11:20:00+09:00,976.5,977.2000122070312,976.0999755859375,976.5999755859375,4100,0.0,0.0
2024-10-18 11:25:00+09:00,976.7999877929688,977.0,976.0,976.7999877929688,6800,0.0,0.0
2024-10-18 11:30:00+09:00,977.5,977.5,977.5,977.5,900,0.0,0.0
2024-10-18 11:35:00+09:00,977.5,977.5,977.5,977.5,0,0.0,0.0
2024-10-18 12:30:00+09:00,975.4000244140625,978.4000244140625,975.4000244140625,978.2000122070312,378500,0.0,0.0
2024-10-18 12:35:00+09:00,978.2999877929688,978.2999877929688,976.5999755859375,977.2000122070312,14700,0.0,0.0
2024-10-18 12:40:00+09:00,977.4000244140625,977.5,976.7000122070312,977.0999755859375,7500,0.0,0.0
2024-10-18 12:45:00+09:00,977.0,978.0,976.7999877929688,978.0,9500,0.0,0.0
2024-10-18 12:50:00+09:00,977.9000244140625,977.9000244140625,977.0,977.0,3400,0.0,0.0
2024-10-18 12:55:00+09:00,977.0,977.9000244140625,976.9000244140625,977.2000122070312,6500,0.0,0.0
2024-10-18 13:00:00+09:00,977.5999755859375,977.5999755859375,977.0,977.2000122070312,3100,0.0,0.0
2024-10-18 13:05:00+09:00,977.0,979.7999877929688,976.5,979.5999755859375,13300,0.0,0.0
2024-10-18 13:10:00+09:00,979.5999755859375,979.5999755859375,978.7999877929688,979.2000122070312,2600,0.0,0.0
2024-10-18 13:15:00+09:00,979.2000122070312,980.0999755859375,979.2000122070312,979.4000244140625,21600,0.0,0.0
2024-10-18 13:20:00+09:00,979.4000244140625,979.9000244140625,979.2999877929688,979.2999877929688,3700,0.0,0.0
2024-10-18 13:25:00+09:00,979.2999877929688,979.5999755859375,978.5,978.7999877929688,9600,0.0,0.0
2024-10-18 13:30:00+09:00,978.7000122070312,979.5,978.7000122070312,979.5,2400,0.0,0.0
2024-10-18 13:35:00+09:00,979.0999755859375,979.2999877929688,978.7999877929688,979.2000122070312,2600,0.0,0.0
2024-10-18 13:40:00+09:00,979.0999755859375,979.0999755859375,978.2000122070312,978.2000122070312,4300,0.0,0.0
2024-10-18 13:45:00+09:00,978.2999877929688,979.0,978.2999877929688,979.0,4100,0.0,0.0
2024-10-18 13:50:00+09:00,979.2000122070312,979.5999755859375,979.0,979.5999755859375,2700,0.0,0.0
2024-10-18 13:55:00+09:00,979.5999755859375,979.5999755859375,978.7999877929688,979.2000122070312,2700,0.0,0.0
2024-10-18 14:00:00+09:00,979.0999755859375,979.2000122070312,978.5999755859375,978.7999877929688,2400,0.0,0.0
2024-10-18 14:05:00+09:00,978.7999877929688,979.5999755859375,978.2999877929688,979.4000244140625,7100,0.0,0.0
2024-10-18 14:10:00+09:00,979.7000122070312,980.7000122070312,979.4000244140625,980.7000122070312,6300,0.0,0.0
2024-10-18 14:15:00+09:00,980.7000122070312,980.7000122070312,980.0,980.0,3500,0.0,0.0
2024-10-18 14:20:00+09:00,980.2000122070312,980.2000122070312,979.5,980.0,6100,0.0,0.0
2024-10-18 14:25:00+09:00,980.0999755859375,980.0999755859375,979.5,979.7999877929688,5200,0.0,0.0
2024-10-18 14:30:00+09:00,979.7000122070312,980.4000244140625,979.5999755859375,980.4000244140625,6900,0.0,0.0
2024-10-18 14:35:00+09:00,980.4000244140625,980.4000244140625,979.4000244140625,979.7000122070312,8700,0.0,0.0
2024-10-18 14:40:00+09:00,979.5999755859375,979.7000122070312,978.7000122070312,979.0999755859375,17800,0.0,0.0
2024-10-18 14:45:00+09:00,979.2000122070312,979.5999755859375,978.5999755859375,978.5999755859375,6200,0.0,0.0
2024-10-18 14:50:00+09:00,978.5,978.5,977.2000122070312,977.7000122070312,8300,0.0,0.0
2024-10-18 14:55:00+09:00,977.7999877929688,979.2000122070312,977.0999755859375,978.0,44200,0.0,0.0
