Datetime,Open,High,Low,Close,Volume,Dividends,Stock Splits
2024-09-20 09:00:00+09:00,2368.0,2378.0,2368.0,2370.0,80500,0.0,0.0
2024-09-20 09:05:00+09:00,2368.0,2374.0,2368.0,2374.0,1800,0.0,0.0
2024-09-20 09:10:00+09:00,2372.0,2373.0,2372.0,2372.0,3600,0.0,0.0
2024-09-20 09:15:00+09:00,2370.0,2370.0,2368.0,2368.0,1000,0.0,0.0
2024-09-20 09:20:00+09:00,2370.0,2371.0,2367.0,2369.0,700,0.0,0.0
2024-09-20 09:25:00+09:00,2368.0,2368.0,2364.0,2364.0,1300,0.0,0.0
2024-09-20 09:30:00+09:00,2364.0,2366.0,2362.0,2366.0,2500,0.0,0.0
2024-09-20 09:35:00+09:00,2367.0,2367.0,2367.0,2367.0,300,0.0,0.0
2024-09-20 09:45:00+09:00,2369.0,2369.0,2369.0,2369.0,100,0.0,0.0
2024-09-20 09:50:00+09:00,2369.0,2369.0,2369.0,2369.0,100,0.0,0.0
2024-09-20 09:55:00+09:00,2371.0,2371.0,2370.0,2371.0,1300,0.0,0.0
2024-09-20 10:00:00+09:00,2370.0,2370.0,2369.0,2369.0,600,0.0,0.0
2024-09-20 10:05:00+09:00,2368.0,2368.0,2368.0,2368.0,500,0.0,0.0
2024-09-20 10:10:00+09:00,2370.0,2372.0,2370.0,2372.0,1800,0.0,0.0
2024-09-20 10:15:00+09:00,2374.0,2376.0,2374.0,2376.0,1000,0.0,0.0
2024-09-20 10:20:00+09:00,2378.0,2378.0,2372.0,2372.0,1600,0.0,0.0
2024-09-20 10:25:00+09:00,2373.0,2373.0,2373.0,2373.0,100,0.0,0.0
2024-09-20 10:30:00+09:00,2371.0,2371.0,2371.0,2371.0,100,0.0,0.0
2024-09-20 10:35:00+09:00,2373.0,2376.0,2373.0,2376.0,200,0.0,0.0
2024-09-20 10:40:00+09:00,2376.0,2376.0,2375.0,2376.0,900,0.0,0.0
2024-09-20 10:45:00+09:00,2376.0,2376.0,2376.0,2376.0,600,0.0,0.0
2024-09-20 10:50:00+09:00,2380.0,2380.0,2380.0,2380.0,0,0.0,0.0
2024-09-20 10:55:00+09:00,2378.0,2384.0,2378.0,2384.0,104300,0.0,0.0
2024-09-20 11:05:00+09:00,2378.0,2378.0,2376.0,2376.0,700,0.0,0.0
2024-09-20 11:10:00+09:00,2376.0,2376.0,2376.0,2376.0,200,0.0,0.0
2024-09-20 11:15:00+09:00,2377.0,2377.0,2376.0,2376.0,800,0.0,0.0
2024-09-20 11:20:00+09:00,2378.0,2378.0,2378.0,2378.0,500,0.0,0.0
2024-09-20 11:25:00+09:00,2379.0,2379.0,2377.0,2377.0,600,0.0,0.0
2024-09-20 11:30:00+09:00,2380.0,2380.0,2380.0,2380.0,8100,0.0,0.0
2024-09-20 11:35:00+09:00,2380.0,2380.0,2380.0,2380.0,0,0.0,0.0
2024-09-20 12:30:00+09:00,2380.0,2388.0,2379.0,2388.0,121200,0.0,0.0
2024-09-20 12:35:00+09:00,2384.0,2384.0,2383.0,2383.0,500,0.0,0.0
2024-09-20 12:40:00+09:00,2385.0,2387.0,2383.0,2387.0,2100,0.0,0.0
2024-09-20 12:45:00+09:00,2388.0,2388.0,2386.0,2386.0,1000,0.0,0.0
2024-09-20 12:50:00+09:00,2386.0,2387.0,2386.0,2387.0,300,0.0,0.0
2024-09-20 12:55:00+09:00,2388.0,2388.0,2388.0,2388.0,3300,0.0,0.0
2024-09-20 13:00:00+09:00,2387.0,2388.0,2387.0,2387.0,1300,0.0,0.0
2024-09-20 13:05:00+09:00,2387.0,2387.0,2386.0,2386.0,1300,0.0,0.0
2024-09-20 13:10:00+09:00,2387.0,2388.0,2387.0,2388.0,1500,0.0,0.0
2024-09-20 13:15:00+09:00,2386.0,2386.0,2386.0,2386.0,100,0.0,0.0
2024-09-20 13:20:00+09:00,2388.0,2388.0,2385.0,2385.0,700,0.0,0.0
2024-09-20 13:25:00+09:00,2385.0,2385.0,2384.0,2384.0,2500,0.0,0.0
2024-09-20 13:30:00+09:00,2383.0,2385.0,2383.0,2385.0,800,0.0,0.0
2024-09-20 13:35:00+09:00,2385.0,2388.0,2385.0,2387.0,1300,0.0,0.0
2024-09-20 13:40:00+09:00,2387.0,2387.0,2382.0,2385.0,2500,0.0,0.0
2024-09-20 13:45:00+09:00,2382.0,2382.0,2382.0,2382.0,100,0.0,0.0
2024-09-20 13:50:00+09:00,2384.0,2384.0,2383.0,2383.0,600,0.0,0.0
2024-09-20 13:55:00+09:00,2383.0,2383.0,2383.0,2383.0,200,0.0,0.0
2024-09-20 14:00:00+09:00,2383.0,2383.0,2380.0,2380.0,2800,0.0,0.0
2024-09-20 14:05:00+09:00,2379.0,2380.0,2379.0,2380.0,400,0.0,0.0
2024-09-20 14:10:00+09:00,2380.0,2382.0,2380.0,2382.0,2400,0.0,0.0
2024-09-20 14:15:00+09:00,2383.0,2383.0,2381.0,2381.0,700,0.0,0.0
2024-09-20 14:20:00+09:00,2382.0,2382.0,2381.0,2381.0,600,0.0,0.0
2024-09-20 14:25:00+09:00,2382.0,2382.0,2381.0,2381.0,400,0.0,0.0
2024-09-20 14:30:00+09:00,2381.0,2381.0,2380.0,2380.0,1500,0.0,0.0
2024-09-20 14:35:00+09:00,2381.0,2381.0,2380.0,2381.0,1700,0.0,0.0
2024-09-20 14:40:00+09:00,2381.0,2381.0,2380.0,2380.0,700,0.0,0.0
2024-09-20 14:45:00+09:00,2380.0,2383.0,2380.0,2383.0,1600,0.0,0.0
2024-09-20 14:50:00+09:00,2383.0,2383.0,2383.0,2383.0,200,0.0,0.0
2024-09-20 14:55:00+09:00,2382.0,2384.0,2381.0,2381.0,2500,0.0,0.0
2024-09-24 09:00:00+09:00,2384.0,2390.0,2379.0,2384.0,45400,0.0,0.0
2024-09-24 09:05:00+09:00,2379.0,2383.0,2358.0,2362.0,13000,0.0,0.0
2024-09-24 09:10:00+09:00,2362.0,2369.0,2359.0,2359.0,6900,0.0,0.0
2024-09-24 09:15:00+09:00,2359.0,2368.0,2359.0,2368.0,2400,0.0,0.0
2024-09-24 09:20:00+09:00,2367.0,2367.0,2365.0,2366.0,1600,0.0,0.0
2024-09-24 09:25:00+09:00,2366.0,2367.0,2365.0,2367.0,1000,0.0,0.0
2024-09-24 09:30:00+09:00,2366.0,2367.0,2362.0,2367.0,3900,0.0,0.0
2024-09-24 09:35:00+09:00,2364.0,2366.0,2362.0,2366.0,2000,0.0,0.0
2024-09-24 09:40:00+09:00,2368.0,2368.0,2364.0,2367.0,600,0.0,0.0
2024-09-24 09:45:00+09:00,2364.0,2367.0,2364.0,2367.0,1600,0.0,0.0
2024-09-24 09:50:00+09:00,2363.0,2371.0,2363.0,2369.0,1800,0.0,0.0
2024-09-24 09:55:00+09:00,2368.0,2369.0,2368.0,2368.0,600,0.0,0.0
2024-09-24 10:00:00+09:00,2369.0,2369.0,2367.0,2367.0,900,0.0,0.0
2024-09-24 10:05:00+09:00,2367.0,2368.0,2365.0,2367.0,1000,0.0,0.0
2024-09-24 10:10:00+09:00,2366.0,2369.0,2366.0,2369.0,700,0.0,0.0
2024-09-24 10:15:00+09:00,2369.0,2369.0,2369.0,2369.0,200,0.0,0.0
2024-09-24 10:20:00+09:00,2369.0,2372.0,2369.0,2372.0,1300,0.0,0.0
2024-09-24 10:25:00+09:00,2373.0,2373.0,2370.0,2370.0,1000,0.0,0.0
2024-09-24 10:30:00+09:00,2369.0,2371.0,2368.0,2371.0,1200,0.0,0.0
2024-09-24 10:35:00+09:00,2368.0,2368.0,2364.0,2364.0,2900,0.0,0.0
2024-09-24 10:40:00+09:00,2365.0,2366.0,2364.0,2364.0,700,0.0,0.0
2024-09-24 10:45:00+09:00,2365.0,2365.0,2364.0,2364.0,700,0.0,0.0
2024-09-24 10:50:00+09:00,2363.0,2363.0,2362.0,2362.0,1000,0.0,0.0
2024-09-24 10:55:00+09:00,2362.0,2362.0,2362.0,2362.0,100,0.0,0.0
2024-09-24 11:00:00+09:00,2363.0,2364.0,2363.0,2363.0,500,0.0,0.0
2024-09-24 11:05:00+09:00,2363.0,2363.0,2362.0,2362.0,400,0.0,0.0
2024-09-24 11:10:00+09:00,2362.0,2362.0,2361.0,2361.0,700,0.0,0.0
2024-09-24 11:15:00+09:00,2363.0,2363.0,2363.0,2363.0,900,0.0,0.0
2024-09-24 11:20:00+09:00,2364.0,2364.0,2362.0,2364.0,400,0.0,0.0
2024-09-24 11:25:00+09:00,2363.0,2368.0,2363.0,2368.0,1400,0.0,0.0
2024-09-24 11:30:00+09:00,2363.0,2363.0,2363.0,2363.0,2500,0.0,0.0
2024-09-24 11:35:00+09:00,2363.0,2363.0,2363.0,2363.0,0,0.0,0.0
2024-09-24 12:30:00+09:00,2366.0,2371.0,2366.0,2371.0,107500,0.0,0.0
2024-09-24 12:35:00+09:00,2369.0,2369.0,2367.0,2367.0,400,0.0,0.0
2024-09-24 12:40:00+09:00,2372.0,2375.0,2370.0,2374.0,1300,0.0,0.0
2024-09-24 12:45:00+09:00,2374.0,2377.0,2371.0,2377.0,900,0.0,0.0
2024-09-24 12:50:00+09:00,2373.0,2373.0,2370.0,2370.0,400,0.0,0.0
2024-09-24 12:55:00+09:00,2370.0,2370.0,2370.0,2370.0,200,0.0,0.0
2024-09-24 13:00:00+09:00,2370.0,2372.0,2370.0,2372.0,300,0.0,0.0
2024-09-24 13:05:00+09:00,2369.0,2369.0,2369.0,2369.0,400,0.0,0.0
2024-09-24 13:10:00+09:00,2368.0,2372.0,2368.0,2370.0,2600,0.0,0.0
2024-09-24 13:15:00+09:00,2370.0,2370.0,2370.0,2370.0,100,0.0,0.0
2024-09-24 13:20:00+09:00,2371.0,2372.0,2371.0,2372.0,300,0.0,0.0
2024-09-24 13:25:00+09:00,2373.0,2374.0,2373.0,2374.0,500,0.0,0.0
2024-09-24 13:30:00+09:00,2373.0,2373.0,2373.0,2373.0,300,0.0,0.0
2024-09-24 13:35:00+09:00,2373.0,2374.0,2372.0,2372.0,1400,0.0,0.0
2024-09-24 13:40:00+09:00,2373.0,2376.0,2371.0,2371.0,1400,0.0,0.0
2024-09-24 13:45:00+09:00,2370.0,2370.0,2369.0,2369.0,2500,0.0,0.0
2024-09-24 13:50:00+09:00,2370.0,2370.0,2370.0,2370.0,300,0.0,0.0
2024-09-24 13:55:00+09:00,2371.0,2371.0,2369.0,2370.0,2100,0.0,0.0
2024-09-24 14:00:00+09:00,2368.0,2369.0,2368.0,2369.0,1900,0.0,0.0
2024-09-24 14:05:00+09:00,2368.0,2372.0,2368.0,2372.0,1300,0.0,0.0
2024-09-24 14:10:00+09:00,2372.0,2376.0,2372.0,2376.0,600,0.0,0.0
2024-09-24 14:15:00+09:00,2375.0,2375.0,2375.0,2375.0,100,0.0,0.0
2024-09-24 14:20:00+09:00,2376.0,2376.0,2374.0,2374.0,3500,0.0,0.0
2024-09-24 14:25:00+09:00,2375.0,2375.0,2374.0,2374.0,500,0.0,0.0
2024-09-24 14:30:00+09:00,2374.0,2375.0,2373.0,2373.0,600,0.0,0.0
2024-09-24 14:35:00+09:00,2374.0,2375.0,2373.0,2375.0,1200,0.0,0.0
2024-09-24 14:40:00+09:00,2373.0,2375.0,2373.0,2375.0,1800,0.0,0.0
2024-09-24 14:45:00+09:00,2375.0,2375.0,2375.0,2375.0,2500,0.0,0.0
2024-09-24 14:50:00+09:00,2376.0,2377.0,2375.0,2376.0,3300,0.0,0.0
2024-09-24 14:55:00+09:00,2375.0,2383.0,2374.0,2383.0,3700,0.0,0.0
2024-09-25 09:00:00+09:00,2380.0,2390.0,2380.0,2385.0,31700,0.0,0.0
2024-09-25 09:05:00+09:00,2385.0,2395.0,2385.0,2393.0,2600,0.0,0.0
2024-09-25 09:10:00+09:00,2391.0,2391.0,2386.0,2388.0,1200,0.0,0.0
2024-09-25 09:15:00+09:00,2387.0,2389.0,2385.0,2389.0,2400,0.0,0.0
2024-09-25 09:20:00+09:00,2387.0,2387.0,2387.0,2387.0,100,0.0,0.0
2024-09-25 09:25:00+09:00,2389.0,2390.0,2389.0,2390.0,1900,0.0,0.0
2024-09-25 09:30:00+09:00,2389.0,2391.0,2389.0,2391.0,700,0.0,0.0
2024-09-25 09:35:00+09:00,2391.0,2393.0,2390.0,2393.0,1200,0.0,0.0
2024-09-25 09:40:00+09:00,2392.0,2392.0,2388.0,2388.0,1200,0.0,0.0
2024-09-25 09:45:00+09:00,2388.0,2391.0,2388.0,2391.0,200,0.0,0.0
2024-09-25 09:50:00+09:00,2390.0,2393.0,2390.0,2393.0,900,0.0,0.0
2024-09-25 09:55:00+09:00,2392.0,2395.0,2392.0,2395.0,2100,0.0,0.0
2024-09-25 10:00:00+09:00,2394.0,2394.0,2394.0,2394.0,300,0.0,0.0
2024-09-25 10:05:00+09:00,2395.0,2396.0,2393.0,2393.0,1700,0.0,0.0
2024-09-25 10:10:00+09:00,2395.0,2396.0,2395.0,2395.0,800,0.0,0.0
2024-09-25 10:15:00+09:00,2395.0,2396.0,2395.0,2396.0,200,0.0,0.0
2024-09-25 10:20:00+09:00,2396.0,2397.0,2396.0,2397.0,800,0.0,0.0
2024-09-25 10:25:00+09:00,2397.0,2398.0,2396.0,2396.0,800,0.0,0.0
2024-09-25 10:30:00+09:00,2396.0,2397.0,2396.0,2397.0,200,0.0,0.0
2024-09-25 10:40:00+09:00,2398.0,2401.0,2398.0,2401.0,5500,0.0,0.0
2024-09-25 10:45:00+09:00,2400.0,2402.0,2400.0,2402.0,1900,0.0,0.0
2024-09-25 10:50:00+09:00,2401.0,2401.0,2401.0,2401.0,600,0.0,0.0
2024-09-25 10:55:00+09:00,2400.0,2400.0,2400.0,2400.0,100,0.0,0.0
2024-09-25 11:00:00+09:00,2401.0,2403.0,2401.0,2403.0,800,0.0,0.0
2024-09-25 11:05:00+09:00,2403.0,2404.0,2403.0,2403.0,500,0.0,0.0
2024-09-25 11:10:00+09:00,2403.0,2404.0,2403.0,2404.0,500,0.0,0.0
2024-09-25 11:15:00+09:00,2403.0,2404.0,2403.0,2403.0,1200,0.0,0.0
2024-09-25 11:20:00+09:00,2404.0,2408.0,2404.0,2408.0,4200,0.0,0.0
2024-09-25 11:25:00+09:00,2407.0,2409.0,2407.0,2409.0,600,0.0,0.0
2024-09-25 11:30:00+09:00,2404.0,2404.0,2404.0,2404.0,2300,0.0,0.0
2024-09-25 11:35:00+09:00,2404.0,2404.0,2404.0,2404.0,0,0.0,0.0
2024-09-25 12:30:00+09:00,2410.0,2410.0,2401.0,2401.0,96600,0.0,0.0
2024-09-25 12:40:00+09:00,2402.0,2403.0,2397.0,2397.0,3600,0.0,0.0
2024-09-25 12:45:00+09:00,2397.0,2401.0,2397.0,2401.0,1600,0.0,0.0
2024-09-25 12:50:00+09:00,2401.0,2402.0,2400.0,2402.0,2500,0.0,0.0
2024-09-25 12:55:00+09:00,2397.0,2402.0,2397.0,2402.0,300,0.0,0.0
2024-09-25 13:00:00+09:00,2399.0,2399.0,2396.0,2396.0,300,0.0,0.0
2024-09-25 13:05:00+09:00,2398.0,2398.0,2398.0,2398.0,200,0.0,0.0
2024-09-25 13:15:00+09:00,2398.0,2399.0,2398.0,2399.0,200,0.0,0.0
2024-09-25 13:20:00+09:00,2398.0,2398.0,2398.0,2398.0,500,0.0,0.0
2024-09-25 13:25:00+09:00,2397.0,2398.0,2397.0,2398.0,500,0.0,0.0
2024-09-25 13:30:00+09:00,2398.0,2399.0,2397.0,2397.0,2700,0.0,0.0
2024-09-25 13:35:00+09:00,2398.0,2398.0,2396.0,2396.0,900,0.0,0.0
2024-09-25 13:45:00+09:00,2394.0,2394.0,2391.0,2391.0,2200,0.0,0.0
2024-09-25 13:50:00+09:00,2393.0,2393.0,2393.0,2393.0,100,0.0,0.0
2024-09-25 13:55:00+09:00,2395.0,2395.0,2395.0,2395.0,100,0.0,0.0
2024-09-25 14:05:00+09:00,2395.0,2395.0,2395.0,2395.0,600,0.0,0.0
2024-09-25 14:10:00+09:00,2395.0,2397.0,2395.0,2397.0,2500,0.0,0.0
2024-09-25 14:15:00+09:00,2394.0,2399.0,2394.0,2399.0,1900,0.0,0.0
2024-09-25 14:20:00+09:00,2399.0,2399.0,2399.0,2399.0,100,0.0,0.0
2024-09-25 14:25:00+09:00,2398.0,2400.0,2398.0,2399.0,1300,0.0,0.0
2024-09-25 14:30:00+09:00,2399.0,2400.0,2399.0,2400.0,700,0.0,0.0
2024-09-25 14:35:00+09:00,2400.0,2404.0,2400.0,2404.0,3800,0.0,0.0
2024-09-25 14:40:00+09:00,2403.0,2404.0,2400.0,2404.0,1400,0.0,0.0
2024-09-25 14:45:00+09:00,2404.0,2405.0,2401.0,2404.0,3000,0.0,0.0
2024-09-25 14:50:00+09:00,2402.0,2402.0,2401.0,2402.0,1500,0.0,0.0
2024-09-25 14:55:00+09:00,2402.0,2405.0,2400.0,2403.0,2700,0.0,0.0
2024-09-26 09:00:00+09:00,2409.0,2419.0,2409.0,2418.0,502700,0.0,0.0
2024-09-26 09:05:00+09:00,2418.0,2422.0,2415.0,2420.0,14900,0.0,0.0
2024-09-26 09:10:00+09:00,2420.0,2422.0,2413.0,2414.0,6200,0.0,0.0
2024-09-26 09:15:00+09:00,2414.0,2414.0,2409.0,2411.0,11100,0.0,0.0
2024-09-26 09:20:00+09:00,2414.0,2414.0,2411.0,2411.0,1200,0.0,0.0
2024-09-26 09:25:00+09:00,2410.0,2410.0,2406.0,2409.0,2900,0.0,0.0
2024-09-26 09:30:00+09:00,2408.0,2414.0,2408.0,2409.0,4200,0.0,0.0
2024-09-26 09:35:00+09:00,2409.0,2414.0,2405.0,2408.0,2400,0.0,0.0
2024-09-26 09:40:00+09:00,2409.0,2412.0,2406.0,2406.0,600,0.0,0.0
2024-09-26 09:45:00+09:00,2412.0,2414.0,2412.0,2412.0,1500,0.0,0.0
2024-09-26 09:50:00+09:00,2411.0,2413.0,2410.0,2410.0,2300,0.0,0.0
2024-09-26 09:55:00+09:00,2410.0,2411.0,2410.0,2411.0,2400,0.0,0.0
2024-09-26 10:00:00+09:00,2409.0,2412.0,2408.0,2409.0,2200,0.0,0.0
2024-09-26 10:05:00+09:00,2411.0,2414.0,2411.0,2413.0,3400,0.0,0.0
2024-09-26 10:10:00+09:00,2413.0,2414.0,2412.0,2412.0,3600,0.0,0.0
2024-09-26 10:15:00+09:00,2414.0,2415.0,2414.0,2415.0,600,0.0,0.0
2024-09-26 10:20:00+09:00,2413.0,2415.0,2412.0,2415.0,2400,0.0,0.0
2024-09-26 10:25:00+09:00,2413.0,2413.0,2413.0,2413.0,100,0.0,0.0
2024-09-26 10:30:00+09:00,2414.0,2416.0,2413.0,2413.0,3400,0.0,0.0
2024-09-26 10:35:00+09:00,2415.0,2415.0,2415.0,2415.0,600,0.0,0.0
2024-09-26 10:40:00+09:00,2416.0,2418.0,2415.0,2418.0,2700,0.0,0.0
2024-09-26 10:45:00+09:00,2418.0,2418.0,2416.0,2416.0,1200,0.0,0.0
2024-09-26 10:50:00+09:00,2417.0,2419.0,2417.0,2418.0,900,0.0,0.0
2024-09-26 10:55:00+09:00,2418.0,2419.0,2416.0,2416.0,3100,0.0,0.0
2024-09-26 11:00:00+09:00,2416.0,2416.0,2416.0,2416.0,500,0.0,0.0
2024-09-26 11:05:00+09:00,2415.0,2416.0,2415.0,2416.0,900,0.0,0.0
2024-09-26 11:10:00+09:00,2416.0,2416.0,2416.0,2416.0,100,0.0,0.0
2024-09-26 11:15:00+09:00,2415.0,2418.0,2415.0,2417.0,2300,0.0,0.0
2024-09-26 11:20:00+09:00,2415.0,2415.0,2415.0,2415.0,700,0.0,0.0
2024-09-26 11:25:00+09:00,2416.0,2418.0,2416.0,2416.0,2800,0.0,0.0
2024-09-26 11:30:00+09:00,2416.0,2416.0,2416.0,2416.0,47500,0.0,0.0
2024-09-26 11:35:00+09:00,2416.0,2416.0,2416.0,2416.0,0,0.0,0.0
2024-09-26 12:30:00+09:00,2418.0,2420.0,2416.0,2420.0,753100,0.0,0.0
2024-09-26 12:35:00+09:00,2418.0,2420.0,2418.0,2420.0,500,0.0,0.0
2024-09-26 12:40:00+09:00,2419.0,2419.0,2413.0,2416.0,6800,0.0,0.0
2024-09-26 12:45:00+09:00,2417.0,2420.0,2417.0,2420.0,1900,0.0,0.0
2024-09-26 12:50:00+09:00,2418.0,2419.0,2418.0,2419.0,900,0.0,0.0
2024-09-26 12:55:00+09:00,2419.0,2419.0,2419.0,2419.0,1500,0.0,0.0
2024-09-26 13:00:00+09:00,2420.0,2420.0,2415.0,2415.0,3600,0.0,0.0
2024-09-26 13:05:00+09:00,2416.0,2418.0,2416.0,2418.0,1300,0.0,0.0
2024-09-26 13:10:00+09:00,2418.0,2418.0,2417.0,2417.0,400,0.0,0.0
2024-09-26 13:15:00+09:00,2417.0,2420.0,2417.0,2420.0,4400,0.0,0.0
2024-09-26 13:20:00+09:00,2420.0,2420.0,2418.0,2420.0,1500,0.0,0.0
2024-09-26 13:25:00+09:00,2420.0,2422.0,2420.0,2421.0,1500,0.0,0.0
2024-09-26 13:30:00+09:00,2421.0,2421.0,2419.0,2419.0,3200,0.0,0.0
2024-09-26 13:35:00+09:00,2418.0,2419.0,2416.0,2417.0,3100,0.0,0.0
2024-09-26 13:40:00+09:00,2417.0,2420.0,2417.0,2420.0,1500,0.0,0.0
2024-09-26 13:45:00+09:00,2420.0,2420.0,2415.0,2415.0,3900,0.0,0.0
2024-09-26 13:50:00+09:00,2417.0,2421.0,2415.0,2417.0,3600,0.0,0.0
2024-09-26 13:55:00+09:00,2418.0,2419.0,2418.0,2419.0,1800,0.0,0.0
2024-09-26 14:00:00+09:00,2419.0,2419.0,2417.0,2419.0,2000,0.0,0.0
2024-09-26 14:05:00+09:00,2419.0,2422.0,2419.0,2422.0,2300,0.0,0.0
2024-09-26 14:10:00+09:00,2422.0,2427.0,2422.0,2426.0,7800,0.0,0.0
2024-09-26 14:15:00+09:00,2426.0,2427.0,2419.0,2419.0,6000,0.0,0.0
2024-09-26 14:20:00+09:00,2422.0,2423.0,2420.0,2420.0,900,0.0,0.0
2024-09-26 14:25:00+09:00,2421.0,2421.0,2420.0,2421.0,2400,0.0,0.0
2024-09-26 14:30:00+09:00,2421.0,2421.0,2419.0,2420.0,3000,0.0,0.0
2024-09-26 14:35:00+09:00,2421.0,2421.0,2419.0,2420.0,2600,0.0,0.0
2024-09-26 14:40:00+09:00,2419.0,2421.0,2419.0,2420.0,1500,0.0,0.0
2024-09-26 14:45:00+09:00,2420.0,2422.0,2419.0,2421.0,7300,0.0,0.0
2024-09-26 14:50:00+09:00,2421.0,2425.0,2419.0,2425.0,9100,0.0,0.0
2024-09-26 14:55:00+09:00,2426.0,2428.0,2421.0,2422.0,11100,0.0,0.0
2024-09-27 09:00:00+09:00,2396.0,2408.0,2392.0,2400.0,493400,0.0,0.0
2024-09-27 09:05:00+09:00,2400.0,2411.0,2399.0,2405.0,5400,0.0,0.0
2024-09-27 09:10:00+09:00,2409.0,2415.0,2406.0,2410.0,7900,0.0,0.0
2024-09-27 09:15:00+09:00,2414.0,2416.0,2413.0,2416.0,5700,0.0,0.0
2024-09-27 09:20:00+09:00,2416.0,2422.0,2415.0,2416.0,13900,0.0,0.0
2024-09-27 09:25:00+09:00,2416.0,2418.0,2416.0,2418.0,600,0.0,0.0
2024-09-27 09:30:00+09:00,2417.0,2430.0,2416.0,2427.0,14200,0.0,0.0
2024-09-27 09:35:00+09:00,2428.0,2435.0,2425.0,2435.0,6900,0.0,0.0
2024-09-27 09:40:00+09:00,2436.0,2438.0,2430.0,2436.0,2800,0.0,0.0
2024-09-27 09:45:00+09:00,2435.0,2436.0,2430.0,2434.0,4300,0.0,0.0
2024-09-27 09:50:00+09:00,2432.0,2436.0,2428.0,2428.0,5200,0.0,0.0
2024-09-27 09:55:00+09:00,2427.0,2427.0,2420.0,2421.0,4300,0.0,0.0
2024-09-27 10:00:00+09:00,2424.0,2425.0,2414.0,2420.0,5600,0.0,0.0
2024-09-27 10:05:00+09:00,2420.0,2422.0,2420.0,2422.0,600,0.0,0.0
2024-09-27 10:10:00+09:00,2421.0,2421.0,2419.0,2419.0,500,0.0,0.0
2024-09-27 10:15:00+09:00,2420.0,2423.0,2420.0,2423.0,500,0.0,0.0
2024-09-27 10:20:00+09:00,2422.0,2422.0,2418.0,2418.0,2500,0.0,0.0
2024-09-27 10:25:00+09:00,2417.0,2418.0,2414.0,2414.0,4200,0.0,0.0
2024-09-27 10:30:00+09:00,2414.0,2417.0,2413.0,2417.0,3300,0.0,0.0
2024-09-27 10:40:00+09:00,2419.0,2422.0,2419.0,2422.0,1200,0.0,0.0
2024-09-27 10:45:00+09:00,2418.0,2421.0,2415.0,2421.0,1800,0.0,0.0
2024-09-27 10:50:00+09:00,2418.0,2418.0,2417.0,2417.0,500,0.0,0.0
2024-09-27 10:55:00+09:00,2422.0,2423.0,2422.0,2423.0,1300,0.0,0.0
2024-09-27 11:00:00+09:00,2419.0,2422.0,2418.0,2418.0,900,0.0,0.0
2024-09-27 11:05:00+09:00,2418.0,2418.0,2415.0,2415.0,1500,0.0,0.0
2024-09-27 11:15:00+09:00,2420.0,2422.0,2420.0,2422.0,700,0.0,0.0
2024-09-27 11:20:00+09:00,2415.0,2415.0,2410.0,2413.0,4300,0.0,0.0
2024-09-27 11:25:00+09:00,2413.0,2415.0,2412.0,2412.0,800,0.0,0.0
2024-09-27 11:30:00+09:00,2415.0,2415.0,2415.0,2415.0,7300,0.0,0.0
2024-09-27 11:35:00+09:00,2415.0,2415.0,2415.0,2415.0,0,0.0,0.0
2024-09-27 12:30:00+09:00,2411.0,2411.0,2408.0,2411.0,617000,0.0,0.0
2024-09-27 12:35:00+09:00,2413.0,2414.0,2412.0,2413.0,900,0.0,0.0
2024-09-27 12:40:00+09:00,2412.0,2417.0,2412.0,2417.0,2000,0.0,0.0
2024-09-27 12:45:00+09:00,2418.0,2420.0,2414.0,2414.0,1700,0.0,0.0
2024-09-27 12:50:00+09:00,2414.0,2414.0,2414.0,2414.0,100,0.0,0.0
2024-09-27 12:55:00+09:00,2415.0,2415.0,2415.0,2415.0,100,0.0,0.0
2024-09-27 13:00:00+09:00,2416.0,2422.0,2416.0,2420.0,1700,0.0,0.0
2024-09-27 13:05:00+09:00,2419.0,2419.0,2418.0,2419.0,1300,0.0,0.0
2024-09-27 13:10:00+09:00,2418.0,2418.0,2414.0,2414.0,1900,0.0,0.0
2024-09-27 13:15:00+09:00,2415.0,2415.0,2415.0,2415.0,800,0.0,0.0
2024-09-27 13:20:00+09:00,2414.0,2414.0,2414.0,2414.0,200,0.0,0.0
2024-09-27 13:25:00+09:00,2414.0,2424.0,2414.0,2421.0,5400,0.0,0.0
2024-09-27 13:30:00+09:00,2422.0,2422.0,2422.0,2422.0,500,0.0,0.0
2024-09-27 13:35:00+09:00,2424.0,2425.0,2424.0,2425.0,500,0.0,0.0
2024-09-27 13:40:00+09:00,2423.0,2425.0,2421.0,2423.0,1100,0.0,0.0
2024-09-27 13:45:00+09:00,2424.0,2426.0,2422.0,2422.0,1400,0.0,0.0
2024-09-27 13:50:00+09:00,2426.0,2427.0,2424.0,2424.0,1800,0.0,0.0
2024-09-27 13:55:00+09:00,2424.0,2424.0,2422.0,2422.0,600,0.0,0.0
2024-09-27 14:00:00+09:00,2421.0,2421.0,2421.0,2421.0,800,0.0,0.0
2024-09-27 14:05:00+09:00,2423.0,2423.0,2423.0,2423.0,300,0.0,0.0
2024-09-27 14:10:00+09:00,2420.0,2420.0,2416.0,2416.0,1700,0.0,0.0
2024-09-27 14:15:00+09:00,2415.0,2415.0,2413.0,2413.0,500,0.0,0.0
2024-09-27 14:20:00+09:00,2414.0,2414.0,2414.0,2414.0,800,0.0,0.0
2024-09-27 14:25:00+09:00,2413.0,2413.0,2410.0,2412.0,1900,0.0,0.0
2024-09-27 14:30:00+09:00,2413.0,2418.0,2412.0,2412.0,3100,0.0,0.0
2024-09-27 14:35:00+09:00,2414.0,2415.0,2412.0,2413.0,2700,0.0,0.0
2024-09-27 14:40:00+09:00,2415.0,2415.0,2415.0,2415.0,300,0.0,0.0
2024-09-27 14:45:00+09:00,2413.0,2413.0,2410.0,2412.0,2300,0.0,0.0
2024-09-27 14:50:00+09:00,2410.0,2410.0,2409.0,2409.0,2000,0.0,0.0
2024-09-27 14:55:00+09:00,2409.0,2414.0,2409.0,2414.0,3500,0.0,0.0
2024-09-30 09:00:00+09:00,2391.0,2393.0,2380.0,2390.0,22100,0.0,0.0
2024-09-30 09:05:00+09:00,2386.0,2397.0,2386.0,2397.0,3300,0.0,0.0
2024-09-30 09:10:00+09:00,2391.0,2397.0,2390.0,2390.0,400,0.0,0.0
2024-09-30 09:15:00+09:00,2396.0,2397.0,2393.0,2397.0,800,0.0,0.0
2024-09-30 09:20:00+09:00,2393.0,2396.0,2389.0,2396.0,1600,0.0,0.0
2024-09-30 09:25:00+09:00,2390.0,2390.0,2386.0,2388.0,2800,0.0,0.0
2024-09-30 09:30:00+09:00,2385.0,2385.0,2381.0,2381.0,1700,0.0,0.0
2024-09-30 09:35:00+09:00,2382.0,2382.0,2373.0,2379.0,10700,0.0,0.0
2024-09-30 09:40:00+09:00,2379.0,2379.0,2374.0,2374.0,700,0.0,0.0
2024-09-30 09:45:00+09:00,2374.0,2376.0,2370.0,2374.0,2600,0.0,0.0
2024-09-30 09:50:00+09:00,2371.0,2371.0,2370.0,2370.0,500,0.0,0.0
2024-09-30 09:55:00+09:00,2369.0,2376.0,2369.0,2371.0,1600,0.0,0.0
2024-09-30 10:00:00+09:00,2371.0,2373.0,2371.0,2373.0,600,0.0,0.0
2024-09-30 10:05:00+09:00,2374.0,2377.0,2374.0,2377.0,1300,0.0,0.0
2024-09-30 10:10:00+09:00,2380.0,2384.0,2377.0,2384.0,1100,0.0,0.0
2024-09-30 10:15:00+09:00,2384.0,2384.0,2384.0,2384.0,100,0.0,0.0
2024-09-30 10:20:00+09:00,2384.0,2391.0,2382.0,2391.0,3000,0.0,0.0
2024-09-30 10:25:00+09:00,2390.0,2390.0,2388.0,2388.0,200,0.0,0.0
2024-09-30 10:30:00+09:00,2391.0,2395.0,2387.0,2388.0,1500,0.0,0.0
2024-09-30 10:35:00+09:00,2394.0,2394.0,2389.0,2389.0,300,0.0,0.0
2024-09-30 10:40:00+09:00,2389.0,2393.0,2389.0,2393.0,600,0.0,0.0
2024-09-30 10:45:00+09:00,2393.0,2393.0,2393.0,2393.0,300,0.0,0.0
2024-09-30 10:50:00+09:00,2396.0,2412.0,2395.0,2412.0,4200,0.0,0.0
2024-09-30 10:55:00+09:00,2409.0,2409.0,2408.0,2408.0,400,0.0,0.0
2024-09-30 11:00:00+09:00,2407.0,2407.0,2407.0,2407.0,200,0.0,0.0
2024-09-30 11:05:00+09:00,2406.0,2406.0,2406.0,2406.0,100,0.0,0.0
2024-09-30 11:10:00+09:00,2408.0,2411.0,2408.0,2410.0,700,0.0,0.0
2024-09-30 11:15:00+09:00,2407.0,2411.0,2406.0,2406.0,1000,0.0,0.0
2024-09-30 11:25:00+09:00,2405.0,2408.0,2405.0,2408.0,300,0.0,0.0
2024-09-30 11:30:00+09:00,2410.0,2410.0,2410.0,2410.0,1200,0.0,0.0
2024-09-30 11:35:00+09:00,2410.0,2410.0,2410.0,2410.0,0,0.0,0.0
2024-09-30 12:30:00+09:00,2406.0,2409.0,2390.0,2391.0,70800,0.0,0.0
2024-09-30 12:35:00+09:00,2393.0,2395.0,2393.0,2395.0,300,0.0,0.0
2024-09-30 12:40:00+09:00,2395.0,2404.0,2395.0,2404.0,1600,0.0,0.0
2024-09-30 12:45:00+09:00,2402.0,2402.0,2397.0,2398.0,500,0.0,0.0
2024-09-30 12:50:00+09:00,2400.0,2400.0,2400.0,2400.0,100,0.0,0.0
2024-09-30 12:55:00+09:00,2401.0,2403.0,2401.0,2403.0,500,0.0,0.0
2024-09-30 13:00:00+09:00,2403.0,2404.0,2402.0,2402.0,700,0.0,0.0
2024-09-30 13:05:00+09:00,2402.0,2402.0,2402.0,2402.0,100,0.0,0.0
2024-09-30 13:10:00+09:00,2404.0,2404.0,2400.0,2400.0,1000,0.0,0.0
2024-09-30 13:15:00+09:00,2401.0,2404.0,2401.0,2403.0,5000,0.0,0.0
2024-09-30 13:20:00+09:00,2400.0,2400.0,2400.0,2400.0,200,0.0,0.0
2024-09-30 13:25:00+09:00,2399.0,2400.0,2399.0,2399.0,300,0.0,0.0
2024-09-30 13:30:00+09:00,2401.0,2401.0,2401.0,2401.0,100,0.0,0.0
2024-09-30 13:35:00+09:00,2401.0,2403.0,2401.0,2403.0,300,0.0,0.0
2024-09-30 13:40:00+09:00,2403.0,2405.0,2402.0,2405.0,700,0.0,0.0
2024-09-30 13:45:00+09:00,2402.0,2402.0,2396.0,2397.0,3900,0.0,0.0
2024-09-30 13:50:00+09:00,2395.0,2399.0,2392.0,2399.0,1300,0.0,0.0
2024-09-30 13:55:00+09:00,2399.0,2399.0,2394.0,2394.0,600,0.0,0.0
2024-09-30 14:00:00+09:00,2395.0,2395.0,2393.0,2393.0,400,0.0,0.0
2024-09-30 14:05:00+09:00,2390.0,2390.0,2388.0,2388.0,600,0.0,0.0
2024-09-30 14:10:00+09:00,2393.0,2394.0,2392.0,2392.0,1900,0.0,0.0
2024-09-30 14:15:00+09:00,2391.0,2393.0,2390.0,2393.0,1300,0.0,0.0
2024-09-30 14:20:00+09:00,2391.0,2395.0,2391.0,2393.0,800,0.0,0.0
2024-09-30 14:25:00+09:00,2395.0,2396.0,2395.0,2395.0,900,0.0,0.0
2024-09-30 14:30:00+09:00,2397.0,2400.0,2396.0,2400.0,2200,0.0,0.0
2024-09-30 14:35:00+09:00,2399.0,2399.0,2398.0,2398.0,1000,0.0,0.0
2024-09-30 14:40:00+09:00,2399.0,2403.0,2399.0,2403.0,2200,0.0,0.0
2024-09-30 14:45:00+09:00,2402.0,2402.0,2396.0,2396.0,1300,0.0,0.0
2024-09-30 14:50:00+09:00,2398.0,2399.0,2396.0,2399.0,2300,0.0,0.0
2024-09-30 14:55:00+09:00,2401.0,2403.0,2398.0,2398.0,3100,0.0,0.0
2024-10-01 09:00:00+09:00,2400.0,2412.0,2397.0,2397.0,6400,0.0,0.0
2024-10-01 09:05:00+09:00,2400.0,2401.0,2397.0,2401.0,800,0.0,0.0
2024-10-01 09:10:00+09:00,2396.0,2399.0,2392.0,2399.0,1800,0.0,0.0
2024-10-01 09:15:00+09:00,2396.0,2403.0,2394.0,2403.0,1400,0.0,0.0
2024-10-01 09:20:00+09:00,2404.0,2407.0,2404.0,2407.0,700,0.0,0.0
2024-10-01 09:25:00+09:00,2401.0,2408.0,2401.0,2408.0,1400,0.0,0.0
2024-10-01 09:30:00+09:00,2407.0,2411.0,2402.0,2411.0,2400,0.0,0.0
2024-10-01 09:35:00+09:00,2407.0,2414.0,2405.0,2413.0,1800,0.0,0.0
2024-10-01 09:40:00+09:00,2410.0,2410.0,2406.0,2406.0,700,0.0,0.0
2024-10-01 09:45:00+09:00,2407.0,2413.0,2406.0,2413.0,1000,0.0,0.0
2024-10-01 09:50:00+09:00,2408.0,2408.0,2406.0,2406.0,300,0.0,0.0
2024-10-01 09:55:00+09:00,2409.0,2412.0,2408.0,2412.0,400,0.0,0.0
2024-10-01 10:00:00+09:00,2408.0,2408.0,2408.0,2408.0,400,0.0,0.0
2024-10-01 10:05:00+09:00,2407.0,2409.0,2407.0,2409.0,600,0.0,0.0
2024-10-01 10:10:00+09:00,2408.0,2408.0,2408.0,2408.0,100,0.0,0.0
2024-10-01 10:20:00+09:00,2406.0,2407.0,2403.0,2407.0,400,0.0,0.0
2024-10-01 10:25:00+09:00,2407.0,2410.0,2405.0,2405.0,1300,0.0,0.0
2024-10-01 10:30:00+09:00,2408.0,2411.0,2408.0,2411.0,1500,0.0,0.0
2024-10-01 10:35:00+09:00,2410.0,2410.0,2410.0,2410.0,100,0.0,0.0
2024-10-01 10:40:00+09:00,2410.0,2414.0,2410.0,2414.0,3600,0.0,0.0
2024-10-01 10:45:00+09:00,2413.0,2415.0,2412.0,2415.0,1100,0.0,0.0
2024-10-01 10:50:00+09:00,2413.0,2413.0,2411.0,2411.0,800,0.0,0.0
2024-10-01 10:55:00+09:00,2410.0,2410.0,2410.0,2410.0,800,0.0,0.0
2024-10-01 11:00:00+09:00,2410.0,2411.0,2408.0,2408.0,700,0.0,0.0
2024-10-01 11:15:00+09:00,2408.0,2410.0,2408.0,2410.0,500,0.0,0.0
2024-10-01 11:20:00+09:00,2410.0,2414.0,2410.0,2411.0,800,0.0,0.0
2024-10-01 11:25:00+09:00,2413.0,2413.0,2411.0,2413.0,700,0.0,0.0
2024-10-01 11:30:00+09:00,2413.0,2413.0,2413.0,2413.0,800,0.0,0.0
2024-10-01 11:35:00+09:00,2413.0,2413.0,2413.0,2413.0,0,0.0,0.0
2024-10-01 12:30:00+09:00,2415.0,2428.0,2415.0,2428.0,45400,0.0,0.0
2024-10-01 12:35:00+09:00,2425.0,2430.0,2425.0,2428.0,1800,0.0,0.0
2024-10-01 12:40:00+09:00,2429.0,2429.0,2426.0,2426.0,2600,0.0,0.0
2024-10-01 12:45:00+09:00,2426.0,2432.0,2426.0,2432.0,3500,0.0,0.0
2024-10-01 12:50:00+09:00,2430.0,2433.0,2429.0,2433.0,1500,0.0,0.0
2024-10-01 12:55:00+09:00,2433.0,2433.0,2432.0,2432.0,1400,0.0,0.0
2024-10-01 13:00:00+09:00,2432.0,2432.0,2431.0,2432.0,1600,0.0,0.0
2024-10-01 13:10:00+09:00,2430.0,2430.0,2430.0,2430.0,100,0.0,0.0
2024-10-01 13:15:00+09:00,2431.0,2433.0,2431.0,2433.0,1400,0.0,0.0
2024-10-01 13:20:00+09:00,2434.0,2434.0,2433.0,2433.0,600,0.0,0.0
2024-10-01 13:25:00+09:00,2432.0,2433.0,2431.0,2433.0,1700,0.0,0.0
2024-10-01 13:30:00+09:00,2432.0,2432.0,2431.0,2431.0,500,0.0,0.0
2024-10-01 13:35:00+09:00,2431.0,2431.0,2430.0,2431.0,500,0.0,0.0
2024-10-01 13:40:00+09:00,2430.0,2430.0,2428.0,2430.0,900,0.0,0.0
2024-10-01 13:50:00+09:00,2429.0,2429.0,2426.0,2429.0,1300,0.0,0.0
2024-10-01 13:55:00+09:00,2429.0,2429.0,2427.0,2427.0,200,0.0,0.0
2024-10-01 14:00:00+09:00,2427.0,2429.0,2427.0,2429.0,1800,0.0,0.0
2024-10-01 14:05:00+09:00,2427.0,2430.0,2427.0,2430.0,600,0.0,0.0
2024-10-01 14:15:00+09:00,2429.0,2429.0,2428.0,2428.0,500,0.0,0.0
2024-10-01 14:20:00+09:00,2428.0,2429.0,2425.0,2425.0,1300,0.0,0.0
2024-10-01 14:25:00+09:00,2426.0,2426.0,2424.0,2425.0,500,0.0,0.0
2024-10-01 14:30:00+09:00,2426.0,2429.0,2423.0,2428.0,2500,0.0,0.0
2024-10-01 14:35:00+09:00,2427.0,2429.0,2425.0,2425.0,1300,0.0,0.0
2024-10-01 14:40:00+09:00,2422.0,2424.0,2422.0,2422.0,600,0.0,0.0
2024-10-01 14:45:00+09:00,2422.0,2424.0,2419.0,2420.0,1400,0.0,0.0
2024-10-01 14:50:00+09:00,2420.0,2422.0,2419.0,2421.0,2100,0.0,0.0
2024-10-01 14:55:00+09:00,2421.0,2421.0,2417.0,2420.0,1900,0.0,0.0
2024-10-02 09:00:00+09:00,2417.0,2438.0,2417.0,2438.0,10700,0.0,0.0
2024-10-02 09:05:00+09:00,2438.0,2442.0,2438.0,2438.0,6800,0.0,0.0
2024-10-02 09:10:00+09:00,2437.0,2440.0,2432.0,2435.0,3500,0.0,0.0
2024-10-02 09:15:00+09:00,2435.0,2439.0,2430.0,2439.0,3200,0.0,0.0
2024-10-02 09:20:00+09:00,2435.0,2435.0,2423.0,2424.0,2100,0.0,0.0
2024-10-02 09:25:00+09:00,2426.0,2426.0,2415.0,2415.0,3000,0.0,0.0
2024-10-02 09:30:00+09:00,2413.0,2414.0,2408.0,2411.0,1700,0.0,0.0
2024-10-02 09:35:00+09:00,2414.0,2414.0,2412.0,2413.0,1100,0.0,0.0
2024-10-02 09:40:00+09:00,2414.0,2419.0,2414.0,2419.0,500,0.0,0.0
2024-10-02 09:45:00+09:00,2422.0,2422.0,2422.0,2422.0,100,0.0,0.0
2024-10-02 09:50:00+09:00,2420.0,2422.0,2420.0,2422.0,300,0.0,0.0
2024-10-02 09:55:00+09:00,2423.0,2423.0,2420.0,2422.0,1300,0.0,0.0
2024-10-02 10:00:00+09:00,2420.0,2420.0,2418.0,2418.0,900,0.0,0.0
2024-10-02 10:05:00+09:00,2419.0,2419.0,2417.0,2417.0,200,0.0,0.0
2024-10-02 10:10:00+09:00,2416.0,2416.0,2404.0,2404.0,3900,0.0,0.0
2024-10-02 10:15:00+09:00,2404.0,2408.0,2404.0,2404.0,1900,0.0,0.0
2024-10-02 10:20:00+09:00,2404.0,2404.0,2398.0,2400.0,2100,0.0,0.0
2024-10-02 10:25:00+09:00,2398.0,2399.0,2395.0,2397.0,4700,0.0,0.0
2024-10-02 10:30:00+09:00,2399.0,2403.0,2399.0,2403.0,1200,0.0,0.0
2024-10-02 10:35:00+09:00,2402.0,2402.0,2401.0,2402.0,600,0.0,0.0
2024-10-02 10:40:00+09:00,2400.0,2400.0,2398.0,2399.0,1100,0.0,0.0
2024-10-02 10:45:00+09:00,2401.0,2401.0,2400.0,2401.0,500,0.0,0.0
2024-10-02 10:50:00+09:00,2403.0,2403.0,2403.0,2403.0,100,0.0,0.0
2024-10-02 10:55:00+09:00,2404.0,2404.0,2404.0,2404.0,100,0.0,0.0
2024-10-02 11:00:00+09:00,2403.0,2403.0,2403.0,2403.0,300,0.0,0.0
2024-10-02 11:05:00+09:00,2402.0,2405.0,2402.0,2405.0,800,0.0,0.0
2024-10-02 11:15:00+09:00,2406.0,2408.0,2406.0,2408.0,600,0.0,0.0
2024-10-02 11:20:00+09:00,2407.0,2408.0,2406.0,2407.0,600,0.0,0.0
2024-10-02 11:25:00+09:00,2406.0,2406.0,2405.0,2405.0,300,0.0,0.0
2024-10-02 11:30:00+09:00,2406.0,2406.0,2406.0,2406.0,100,0.0,0.0
2024-10-02 11:35:00+09:00,2406.0,2406.0,2406.0,2406.0,0,0.0,0.0
2024-10-02 12:30:00+09:00,2400.0,2401.0,2400.0,2401.0,57500,0.0,0.0
2024-10-02 12:35:00+09:00,2400.0,2404.0,2400.0,2404.0,800,0.0,0.0
2024-10-02 12:40:00+09:00,2405.0,2405.0,2398.0,2398.0,3600,0.0,0.0
2024-10-02 12:45:00+09:00,2397.0,2400.0,2396.0,2400.0,1200,0.0,0.0
2024-10-02 12:50:00+09:00,2400.0,2400.0,2399.0,2399.0,1300,0.0,0.0
2024-10-02 12:55:00+09:00,2397.0,2398.0,2397.0,2398.0,400,0.0,0.0
2024-10-02 13:00:00+09:00,2397.0,2399.0,2395.0,2396.0,3400,0.0,0.0
2024-10-02 13:05:00+09:00,2394.0,2394.0,2391.0,2394.0,2700,0.0,0.0
2024-10-02 13:10:00+09:00,2394.0,2394.0,2393.0,2393.0,300,0.0,0.0
2024-10-02 13:15:00+09:00,2392.0,2392.0,2391.0,2391.0,400,0.0,0.0
2024-10-02 13:20:00+09:00,2391.0,2394.0,2389.0,2389.0,4000,0.0,0.0
2024-10-02 13:25:00+09:00,2391.0,2391.0,2388.0,2388.0,500,0.0,0.0
2024-10-02 13:30:00+09:00,2389.0,2389.0,2382.0,2382.0,4300,0.0,0.0
2024-10-02 13:35:00+09:00,2381.0,2381.0,2377.0,2377.0,3300,0.0,0.0
2024-10-02 13:40:00+09:00,2377.0,2380.0,2377.0,2379.0,2100,0.0,0.0
2024-10-02 13:45:00+09:00,2380.0,2381.0,2380.0,2381.0,700,0.0,0.0
2024-10-02 13:50:00+09:00,2382.0,2382.0,2382.0,2382.0,900,0.0,0.0
2024-10-02 13:55:00+09:00,2380.0,2380.0,2377.0,2377.0,1200,0.0,0.0
2024-10-02 14:00:00+09:00,2378.0,2379.0,2378.0,2379.0,1600,0.0,0.0
2024-10-02 14:05:00+09:00,2377.0,2377.0,2377.0,2377.0,700,0.0,0.0
2024-10-02 14:10:00+09:00,2377.0,2377.0,2375.0,2376.0,2400,0.0,0.0
2024-10-02 14:15:00+09:00,2376.0,2376.0,2376.0,2376.0,500,0.0,0.0
2024-10-02 14:20:00+09:00,2375.0,2376.0,2371.0,2371.0,1900,0.0,0.0
2024-10-02 14:25:00+09:00,2370.0,2370.0,2366.0,2366.0,4200,0.0,0.0
2024-10-02 14:30:00+09:00,2367.0,2367.0,2362.0,2364.0,1900,0.0,0.0
2024-10-02 14:35:00+09:00,2363.0,2363.0,2358.0,2363.0,7900,0.0,0.0
2024-10-02 14:40:00+09:00,2363.0,2363.0,2357.0,2360.0,6600,0.0,0.0
2024-10-02 14:45:00+09:00,2361.0,2361.0,2356.0,2356.0,2200,0.0,0.0
2024-10-02 14:50:00+09:00,2355.0,2356.0,2352.0,2352.0,4700,0.0,0.0
2024-10-02 14:55:00+09:00,2352.0,2358.0,2351.0,2356.0,5900,0.0,0.0
2024-10-03 09:00:00+09:00,2390.0,2408.0,2372.0,2380.0,9500,0.0,0.0
2024-10-03 09:05:00+09:00,2379.0,2385.0,2370.0,2378.0,3300,0.0,0.0
2024-10-03 09:10:00+09:00,2378.0,2379.0,2369.0,2369.0,2200,0.0,0.0
2024-10-03 09:15:00+09:00,2370.0,2374.0,2365.0,2365.0,1600,0.0,0.0
2024-10-03 09:20:00+09:00,2367.0,2370.0,2366.0,2366.0,2100,0.0,0.0
2024-10-03 09:25:00+09:00,2363.0,2368.0,2359.0,2359.0,1800,0.0,0.0
2024-10-03 09:30:00+09:00,2362.0,2364.0,2355.0,2356.0,3400,0.0,0.0
2024-10-03 09:35:00+09:00,2356.0,2360.0,2356.0,2357.0,1800,0.0,0.0
2024-10-03 09:40:00+09:00,2358.0,2365.0,2357.0,2365.0,1900,0.0,0.0
2024-10-03 09:45:00+09:00,2360.0,2365.0,2359.0,2359.0,1000,0.0,0.0
2024-10-03 09:50:00+09:00,2363.0,2363.0,2359.0,2360.0,1700,0.0,0.0
2024-10-03 10:00:00+09:00,2366.0,2366.0,2366.0,2366.0,0,0.0,0.0
2024-10-03 10:05:00+09:00,2371.0,2371.0,2370.0,2370.0,31700,0.0,0.0
2024-10-03 10:15:00+09:00,2371.0,2371.0,2369.0,2369.0,500,0.0,0.0
2024-10-03 10:20:00+09:00,2368.0,2370.0,2368.0,2370.0,1000,0.0,0.0
2024-10-03 10:30:00+09:00,2371.0,2371.0,2370.0,2370.0,600,0.0,0.0
2024-10-03 10:40:00+09:00,2372.0,2372.0,2370.0,2370.0,500,0.0,0.0
2024-10-03 10:45:00+09:00,2373.0,2378.0,2372.0,2378.0,1300,0.0,0.0
2024-10-03 10:50:00+09:00,2382.0,2382.0,2382.0,2382.0,0,0.0,0.0
2024-10-03 11:00:00+09:00,2380.0,2383.0,2378.0,2378.0,36500,0.0,0.0
2024-10-03 11:05:00+09:00,2379.0,2379.0,2376.0,2376.0,300,0.0,0.0
2024-10-03 11:10:00+09:00,2373.0,2379.0,2372.0,2379.0,300,0.0,0.0
2024-10-03 11:25:00+09:00,2374.0,2374.0,2372.0,2372.0,300,0.0,0.0
2024-10-03 11:35:00+09:00,2372.0,2372.0,2372.0,2372.0,0,0.0,0.0
2024-10-03 12:30:00+09:00,2378.0,2378.0,2378.0,2378.0,40100,0.0,0.0
2024-10-03 12:35:00+09:00,2381.0,2384.0,2379.0,2379.0,900,0.0,0.0
2024-10-03 12:40:00+09:00,2377.0,2378.0,2375.0,2378.0,500,0.0,0.0
2024-10-03 12:45:00+09:00,2378.0,2378.0,2373.0,2373.0,2100,0.0,0.0
2024-10-03 12:55:00+09:00,2372.0,2376.0,2372.0,2372.0,300,0.0,0.0
2024-10-03 13:00:00+09:00,2372.0,2374.0,2372.0,2374.0,700,0.0,0.0
2024-10-03 13:05:00+09:00,2374.0,2376.0,2372.0,2376.0,700,0.0,0.0
2024-10-03 13:15:00+09:00,2375.0,2375.0,2364.0,2368.0,5400,0.0,0.0
2024-10-03 13:20:00+09:00,2364.0,2364.0,2364.0,2364.0,100,0.0,0.0
2024-10-03 13:25:00+09:00,2364.0,2366.0,2355.0,2361.0,7100,0.0,0.0
2024-10-03 13:30:00+09:00,2357.0,2363.0,2357.0,2362.0,1900,0.0,0.0
2024-10-03 13:35:00+09:00,2361.0,2363.0,2361.0,2363.0,200,0.0,0.0
2024-10-03 13:40:00+09:00,2363.0,2363.0,2363.0,2363.0,300,0.0,0.0
2024-10-03 13:45:00+09:00,2363.0,2363.0,2360.0,2360.0,400,0.0,0.0
2024-10-03 13:50:00+09:00,2363.0,2363.0,2360.0,2360.0,800,0.0,0.0
2024-10-03 13:55:00+09:00,2362.0,2364.0,2362.0,2364.0,500,0.0,0.0
2024-10-03 14:00:00+09:00,2364.0,2365.0,2362.0,2364.0,900,0.0,0.0
2024-10-03 14:05:00+09:00,2364.0,2364.0,2363.0,2363.0,200,0.0,0.0
2024-10-03 14:10:00+09:00,2363.0,2365.0,2361.0,2364.0,1600,0.0,0.0
2024-10-03 14:15:00+09:00,2363.0,2366.0,2362.0,2362.0,3100,0.0,0.0
2024-10-03 14:20:00+09:00,2362.0,2364.0,2362.0,2363.0,400,0.0,0.0
2024-10-03 14:25:00+09:00,2361.0,2364.0,2360.0,2360.0,1200,0.0,0.0
2024-10-03 14:30:00+09:00,2363.0,2363.0,2360.0,2360.0,0,0.0,0.0
2024-10-03 14:35:00+09:00,2361.0,2363.0,2361.0,2361.0,71800,0.0,0.0
2024-10-03 14:40:00+09:00,2363.0,2365.0,2363.0,2363.0,1700,0.0,0.0
2024-10-03 14:45:00+09:00,2363.0,2365.0,2361.0,2361.0,3300,0.0,0.0
2024-10-03 14:50:00+09:00,2360.0,2361.0,2358.0,2358.0,1000,0.0,0.0
2024-10-03 14:55:00+09:00,2360.0,2366.0,2357.0,2366.0,3700,0.0,0.0
2024-10-04 09:00:00+09:00,2369.0,2382.0,2352.0,2382.0,12900,0.0,0.0
2024-10-04 09:05:00+09:00,2378.0,2384.0,2370.0,2370.0,1400,0.0,0.0
2024-10-04 09:10:00+09:00,2373.0,2378.0,2373.0,2378.0,600,0.0,0.0
2024-10-04 09:15:00+09:00,2378.0,2382.0,2378.0,2382.0,300,0.0,0.0
2024-10-04 09:20:00+09:00,2380.0,2380.0,2380.0,2380.0,100,0.0,0.0
2024-10-04 09:25:00+09:00,2380.0,2382.0,2380.0,2382.0,800,0.0,0.0
2024-10-04 09:30:00+09:00,2379.0,2384.0,2379.0,2384.0,200,0.0,0.0
2024-10-04 09:35:00+09:00,2384.0,2385.0,2384.0,2384.0,300,0.0,0.0
2024-10-04 09:40:00+09:00,2382.0,2382.0,2379.0,2379.0,1000,0.0,0.0
2024-10-04 09:45:00+09:00,2381.0,2381.0,2381.0,2381.0,100,0.0,0.0
2024-10-04 09:55:00+09:00,2381.0,2385.0,2381.0,2385.0,1100,0.0,0.0
2024-10-04 10:00:00+09:00,2385.0,2385.0,2378.0,2378.0,1500,0.0,0.0
2024-10-04 10:05:00+09:00,2377.0,2377.0,2377.0,2377.0,400,0.0,0.0
2024-10-04 10:10:00+09:00,2377.0,2378.0,2377.0,2377.0,600,0.0,0.0
2024-10-04 10:15:00+09:00,2379.0,2380.0,2378.0,2378.0,1800,0.0,0.0
2024-10-04 10:20:00+09:00,2380.0,2380.0,2380.0,2380.0,400,0.0,0.0
2024-10-04 10:30:00+09:00,2378.0,2378.0,2376.0,2377.0,600,0.0,0.0
2024-10-04 10:35:00+09:00,2378.0,2378.0,2372.0,2373.0,2000,0.0,0.0
2024-10-04 10:40:00+09:00,2372.0,2372.0,2372.0,2372.0,100,0.0,0.0
2024-10-04 10:45:00+09:00,2375.0,2376.0,2375.0,2376.0,200,0.0,0.0
2024-10-04 10:50:00+09:00,2375.0,2379.0,2375.0,2379.0,200,0.0,0.0
2024-10-04 11:00:00+09:00,2379.0,2379.0,2378.0,2378.0,700,0.0,0.0
2024-10-04 11:10:00+09:00,2375.0,2375.0,2373.0,2373.0,1300,0.0,0.0
2024-10-04 11:15:00+09:00,2373.0,2374.0,2373.0,2374.0,600,0.0,0.0
2024-10-04 11:25:00+09:00,2374.0,2374.0,2374.0,2374.0,100,0.0,0.0
2024-10-04 11:35:00+09:00,2374.0,2374.0,2374.0,2374.0,0,0.0,0.0
2024-10-04 12:30:00+09:00,2374.0,2374.0,2369.0,2369.0,32500,0.0,0.0
2024-10-04 12:35:00+09:00,2370.0,2370.0,2370.0,2370.0,100,0.0,0.0
2024-10-04 12:40:00+09:00,2368.0,2370.0,2368.0,2369.0,700,0.0,0.0
2024-10-04 12:45:00+09:00,2370.0,2371.0,2370.0,2371.0,500,0.0,0.0
2024-10-04 12:55:00+09:00,2371.0,2372.0,2371.0,2372.0,700,0.0,0.0
2024-10-04 13:05:00+09:00,2373.0,2373.0,2373.0,2373.0,800,0.0,0.0
2024-10-04 13:10:00+09:00,2375.0,2375.0,2374.0,2374.0,300,0.0,0.0
2024-10-04 13:20:00+09:00,2373.0,2373.0,2372.0,2372.0,1000,0.0,0.0
2024-10-04 13:30:00+09:00,2374.0,2374.0,2373.0,2373.0,600,0.0,0.0
2024-10-04 13:35:00+09:00,2374.0,2374.0,2373.0,2373.0,1100,0.0,0.0
2024-10-04 13:40:00+09:00,2372.0,2372.0,2360.0,2360.0,6600,0.0,0.0
2024-10-04 13:45:00+09:00,2360.0,2360.0,2355.0,2357.0,3000,0.0,0.0
2024-10-04 13:50:00+09:00,2360.0,2363.0,2360.0,2363.0,1400,0.0,0.0
2024-10-04 14:00:00+09:00,2364.0,2364.0,2364.0,2364.0,800,0.0,0.0
2024-10-04 14:05:00+09:00,2364.0,2364.0,2364.0,2364.0,400,0.0,0.0
2024-10-04 14:10:00+09:00,2364.0,2364.0,2363.0,2363.0,400,0.0,0.0
2024-10-04 14:15:00+09:00,2364.0,2365.0,2364.0,2364.0,300,0.0,0.0
2024-10-04 14:20:00+09:00,2364.0,2366.0,2363.0,2366.0,1800,0.0,0.0
2024-10-04 14:25:00+09:00,2366.0,2366.0,2366.0,2366.0,200,0.0,0.0
2024-10-04 14:35:00+09:00,2364.0,2365.0,2364.0,2365.0,500,0.0,0.0
2024-10-04 14:40:00+09:00,2366.0,2366.0,2365.0,2366.0,700,0.0,0.0
2024-10-04 14:45:00+09:00,2364.0,2366.0,2364.0,2364.0,600,0.0,0.0
2024-10-04 14:50:00+09:00,2364.0,2364.0,2363.0,2364.0,1600,0.0,0.0
2024-10-04 14:55:00+09:00,2367.0,2372.0,2365.0,2368.0,2400,0.0,0.0
2024-10-07 09:00:00+09:00,2386.0,2386.0,2375.0,2375.0,4900,0.0,0.0
2024-10-07 09:05:00+09:00,2375.0,2385.0,2375.0,2379.0,1400,0.0,0.0
2024-10-07 09:10:00+09:00,2374.0,2374.0,2371.0,2371.0,700,0.0,0.0
2024-10-07 09:15:00+09:00,2373.0,2379.0,2371.0,2376.0,2400,0.0,0.0
2024-10-07 09:20:00+09:00,2372.0,2379.0,2370.0,2379.0,600,0.0,0.0
2024-10-07 09:25:00+09:00,2382.0,2382.0,2382.0,2382.0,100,0.0,0.0
2024-10-07 09:30:00+09:00,2380.0,2385.0,2380.0,2385.0,1400,0.0,0.0
2024-10-07 09:35:00+09:00,2382.0,2385.0,2382.0,2385.0,1600,0.0,0.0
2024-10-07 09:40:00+09:00,2385.0,2386.0,2385.0,2386.0,200,0.0,0.0
2024-10-07 09:45:00+09:00,2381.0,2381.0,2381.0,2381.0,900,0.0,0.0
2024-10-07 10:00:00+09:00,2383.0,2383.0,2381.0,2381.0,200,0.0,0.0
2024-10-07 10:05:00+09:00,2381.0,2384.0,2381.0,2384.0,400,0.0,0.0
2024-10-07 10:10:00+09:00,2384.0,2384.0,2384.0,2384.0,100,0.0,0.0
2024-10-07 10:15:00+09:00,2384.0,2387.0,2384.0,2387.0,2100,0.0,0.0
2024-10-07 10:20:00+09:00,2385.0,2387.0,2383.0,2383.0,800,0.0,0.0
2024-10-07 10:30:00+09:00,2382.0,2384.0,2382.0,2384.0,300,0.0,0.0
2024-10-07 10:35:00+09:00,2385.0,2385.0,2383.0,2383.0,700,0.0,0.0
2024-10-07 10:45:00+09:00,2383.0,2383.0,2383.0,2383.0,200,0.0,0.0
2024-10-07 10:50:00+09:00,2385.0,2389.0,2385.0,2389.0,1800,0.0,0.0
2024-10-07 10:55:00+09:00,2385.0,2385.0,2385.0,2385.0,900,0.0,0.0
2024-10-07 11:00:00+09:00,2385.0,2388.0,2385.0,2388.0,200,0.0,0.0
2024-10-07 11:05:00+09:00,2385.0,2385.0,2385.0,2385.0,100,0.0,0.0
2024-10-07 11:10:00+09:00,2388.0,2388.0,2385.0,2388.0,300,0.0,0.0
2024-10-07 11:15:00+09:00,2385.0,2385.0,2385.0,2385.0,400,0.0,0.0
2024-10-07 11:20:00+09:00,2384.0,2384.0,2383.0,2383.0,400,0.0,0.0
2024-10-07 11:30:00+09:00,2383.0,2383.0,2383.0,2383.0,100,0.0,0.0
2024-10-07 11:35:00+09:00,2383.0,2383.0,2383.0,2383.0,0,0.0,0.0
2024-10-07 12:30:00+09:00,2387.0,2389.0,2381.0,2389.0,0,0.0,0.0
2024-10-07 12:35:00+09:00,2389.0,2389.0,2387.0,2387.0,26100,0.0,0.0
2024-10-07 12:40:00+09:00,2387.0,2389.0,2385.0,2385.0,3600,0.0,0.0
2024-10-07 12:45:00+09:00,2384.0,2384.0,2383.0,2383.0,300,0.0,0.0
2024-10-07 12:55:00+09:00,2386.0,2388.0,2386.0,2388.0,1100,0.0,0.0
2024-10-07 13:00:00+09:00,2389.0,2389.0,2386.0,2386.0,500,0.0,0.0
2024-10-07 13:05:00+09:00,2388.0,2388.0,2386.0,2386.0,500,0.0,0.0
2024-10-07 13:10:00+09:00,2387.0,2387.0,2387.0,2387.0,100,0.0,0.0
2024-10-07 13:15:00+09:00,2386.0,2388.0,2386.0,2386.0,300,0.0,0.0
2024-10-07 13:20:00+09:00,2388.0,2388.0,2388.0,2388.0,800,0.0,0.0
2024-10-07 13:25:00+09:00,2390.0,2390.0,2389.0,2390.0,300,0.0,0.0
2024-10-07 13:30:00+09:00,2390.0,2392.0,2390.0,2392.0,1300,0.0,0.0
2024-10-07 13:35:00+09:00,2392.0,2392.0,2392.0,2392.0,100,0.0,0.0
2024-10-07 13:40:00+09:00,2392.0,2394.0,2391.0,2391.0,2800,0.0,0.0
2024-10-07 13:45:00+09:00,2392.0,2392.0,2392.0,2392.0,100,0.0,0.0
2024-10-07 13:50:00+09:00,2393.0,2393.0,2393.0,2393.0,200,0.0,0.0
2024-10-07 13:55:00+09:00,2393.0,2393.0,2392.0,2392.0,1400,0.0,0.0
2024-10-07 14:00:00+09:00,2392.0,2393.0,2392.0,2393.0,700,0.0,0.0
2024-10-07 14:05:00+09:00,2392.0,2393.0,2392.0,2393.0,1500,0.0,0.0
2024-10-07 14:10:00+09:00,2394.0,2395.0,2394.0,2395.0,700,0.0,0.0
2024-10-07 14:15:00+09:00,2394.0,2394.0,2393.0,2393.0,1700,0.0,0.0
2024-10-07 14:20:00+09:00,2393.0,2393.0,2392.0,2392.0,400,0.0,0.0
2024-10-07 14:25:00+09:00,2392.0,2392.0,2392.0,2392.0,200,0.0,0.0
2024-10-07 14:30:00+09:00,2393.0,2394.0,2392.0,2392.0,3000,0.0,0.0
2024-10-07 14:35:00+09:00,2389.0,2391.0,2389.0,2391.0,300,0.0,0.0
2024-10-07 14:40:00+09:00,2392.0,2395.0,2392.0,2395.0,1200,0.0,0.0
2024-10-07 14:45:00+09:00,2393.0,2393.0,2391.0,2391.0,1800,0.0,0.0
2024-10-07 14:50:00+09:00,2390.0,2391.0,2390.0,2391.0,700,0.0,0.0
2024-10-07 14:55:00+09:00,2389.0,2391.0,2388.0,2388.0,1300,0.0,0.0
2024-10-08 09:00:00+09:00,2382.0,2382.0,2371.0,2371.0,4200,0.0,0.0
2024-10-08 09:05:00+09:00,2377.0,2377.0,2377.0,2377.0,900,0.0,0.0
2024-10-08 09:10:00+09:00,2376.0,2376.0,2375.0,2375.0,500,0.0,0.0
2024-10-08 09:15:00+09:00,2379.0,2379.0,2379.0,2379.0,400,0.0,0.0
2024-10-08 09:20:00+09:00,2382.0,2385.0,2380.0,2381.0,1200,0.0,0.0
2024-10-08 09:30:00+09:00,2379.0,2383.0,2379.0,2379.0,600,0.0,0.0
2024-10-08 09:40:00+09:00,2380.0,2380.0,2379.0,2379.0,1200,0.0,0.0
2024-10-08 09:45:00+09:00,2378.0,2378.0,2378.0,2378.0,700,0.0,0.0
2024-10-08 09:50:00+09:00,2382.0,2385.0,2382.0,2385.0,1400,0.0,0.0
2024-10-08 09:55:00+09:00,2382.0,2385.0,2382.0,2385.0,200,0.0,0.0
2024-10-08 10:00:00+09:00,2382.0,2386.0,2381.0,2381.0,600,0.0,0.0
2024-10-08 10:05:00+09:00,2382.0,2384.0,2382.0,2384.0,200,0.0,0.0
2024-10-08 10:10:00+09:00,2385.0,2388.0,2385.0,2388.0,600,0.0,0.0
2024-10-08 10:15:00+09:00,2385.0,2385.0,2382.0,2382.0,1100,0.0,0.0
2024-10-08 10:20:00+09:00,2384.0,2384.0,2384.0,2384.0,100,0.0,0.0
2024-10-08 10:25:00+09:00,2382.0,2382.0,2382.0,2382.0,100,0.0,0.0
2024-10-08 10:30:00+09:00,2381.0,2383.0,2379.0,2379.0,1000,0.0,0.0
2024-10-08 10:35:00+09:00,2377.0,2381.0,2375.0,2381.0,1800,0.0,0.0
2024-10-08 10:55:00+09:00,2377.0,2377.0,2375.0,2375.0,900,0.0,0.0
2024-10-08 11:00:00+09:00,2374.0,2374.0,2373.0,2373.0,600,0.0,0.0
2024-10-08 11:10:00+09:00,2373.0,2376.0,2373.0,2376.0,200,0.0,0.0
2024-10-08 11:15:00+09:00,2376.0,2376.0,2376.0,2376.0,300,0.0,0.0
2024-10-08 11:20:00+09:00,2376.0,2376.0,2376.0,2376.0,200,0.0,0.0
2024-10-08 11:25:00+09:00,2376.0,2376.0,2376.0,2376.0,200,0.0,0.0
2024-10-08 11:30:00+09:00,2373.0,2373.0,2373.0,2373.0,200,0.0,0.0
2024-10-08 11:35:00+09:00,2373.0,2373.0,2373.0,2373.0,0,0.0,0.0
2024-10-08 12:30:00+09:00,2375.0,2375.0,2368.0,2368.0,22200,0.0,0.0
2024-10-08 12:35:00+09:00,2367.0,2367.0,2367.0,2367.0,0,0.0,0.0
2024-10-08 12:40:00+09:00,2369.0,2369.0,2369.0,2369.0,23700,0.0,0.0
2024-10-08 12:45:00+09:00,2370.0,2370.0,2370.0,2370.0,300,0.0,0.0
2024-10-08 12:50:00+09:00,2369.0,2369.0,2369.0,2369.0,300,0.0,0.0
2024-10-08 13:00:00+09:00,2370.0,2374.0,2370.0,2373.0,1400,0.0,0.0
2024-10-08 13:05:00+09:00,2373.0,2375.0,2373.0,2375.0,1200,0.0,0.0
2024-10-08 13:10:00+09:00,2373.0,2373.0,2373.0,2373.0,100,0.0,0.0
2024-10-08 13:15:00+09:00,2373.0,2374.0,2373.0,2374.0,200,0.0,0.0
2024-10-08 13:20:00+09:00,2374.0,2374.0,2374.0,2374.0,100,0.0,0.0
2024-10-08 13:25:00+09:00,2375.0,2375.0,2373.0,2373.0,600,0.0,0.0
2024-10-08 13:30:00+09:00,2373.0,2373.0,2373.0,2373.0,100,0.0,0.0
2024-10-08 13:35:00+09:00,2374.0,2374.0,2372.0,2372.0,300,0.0,0.0
2024-10-08 13:40:00+09:00,2372.0,2372.0,2371.0,2371.0,300,0.0,0.0
2024-10-08 13:45:00+09:00,2371.0,2371.0,2370.0,2370.0,200,0.0,0.0
2024-10-08 13:50:00+09:00,2371.0,2371.0,2371.0,2371.0,200,0.0,0.0
2024-10-08 13:55:00+09:00,2370.0,2370.0,2370.0,2370.0,100,0.0,0.0
2024-10-08 14:00:00+09:00,2372.0,2372.0,2371.0,2371.0,300,0.0,0.0
2024-10-08 14:05:00+09:00,2371.0,2371.0,2370.0,2370.0,400,0.0,0.0
2024-10-08 14:10:00+09:00,2370.0,2370.0,2370.0,2370.0,100,0.0,0.0
2024-10-08 14:15:00+09:00,2370.0,2370.0,2370.0,2370.0,100,0.0,0.0
2024-10-08 14:20:00+09:00,2370.0,2371.0,2370.0,2371.0,300,0.0,0.0
2024-10-08 14:25:00+09:00,2370.0,2370.0,2369.0,2369.0,600,0.0,0.0
2024-10-08 14:30:00+09:00,2370.0,2371.0,2370.0,2371.0,700,0.0,0.0
2024-10-08 14:35:00+09:00,2372.0,2375.0,2372.0,2373.0,3500,0.0,0.0
2024-10-08 14:40:00+09:00,2373.0,2373.0,2373.0,2373.0,100,0.0,0.0
2024-10-08 14:45:00+09:00,2374.0,2374.0,2373.0,2373.0,300,0.0,0.0
2024-10-08 14:50:00+09:00,2372.0,2372.0,2370.0,2370.0,700,0.0,0.0
2024-10-08 14:55:00+09:00,2369.0,2371.0,2368.0,2371.0,2700,0.0,0.0
2024-10-09 09:00:00+09:00,2377.0,2396.0,2377.0,2396.0,7000,0.0,0.0
2024-10-09 09:05:00+09:00,2395.0,2395.0,2386.0,2386.0,600,0.0,0.0
2024-10-09 09:10:00+09:00,2386.0,2394.0,2386.0,2394.0,1100,0.0,0.0
2024-10-09 09:15:00+09:00,2394.0,2400.0,2392.0,2400.0,4500,0.0,0.0
2024-10-09 09:20:00+09:00,2395.0,2395.0,2390.0,2390.0,1000,0.0,0.0
2024-10-09 09:25:00+09:00,2389.0,2392.0,2389.0,2392.0,400,0.0,0.0
2024-10-09 09:30:00+09:00,2392.0,2392.0,2392.0,2392.0,100,0.0,0.0
2024-10-09 09:40:00+09:00,2393.0,2393.0,2391.0,2393.0,900,0.0,0.0
2024-10-09 09:45:00+09:00,2395.0,2395.0,2393.0,2395.0,500,0.0,0.0
2024-10-09 09:55:00+09:00,2393.0,2403.0,2393.0,2403.0,8700,0.0,0.0
2024-10-09 10:00:00+09:00,2404.0,2407.0,2401.0,2405.0,1100,0.0,0.0
2024-10-09 10:05:00+09:00,2408.0,2409.0,2401.0,2401.0,1300,0.0,0.0
2024-10-09 10:10:00+09:00,2403.0,2403.0,2399.0,2399.0,1300,0.0,0.0
2024-10-09 10:15:00+09:00,2403.0,2403.0,2403.0,2403.0,100,0.0,0.0
2024-10-09 10:20:00+09:00,2399.0,2402.0,2397.0,2402.0,1000,0.0,0.0
2024-10-09 10:25:00+09:00,2402.0,2402.0,2402.0,2402.0,200,0.0,0.0
2024-10-09 10:30:00+09:00,2405.0,2408.0,2405.0,2408.0,1400,0.0,0.0
2024-10-09 10:35:00+09:00,2407.0,2409.0,2406.0,2406.0,1900,0.0,0.0
2024-10-09 10:40:00+09:00,2405.0,2409.0,2405.0,2409.0,200,0.0,0.0
2024-10-09 10:45:00+09:00,2405.0,2405.0,2403.0,2403.0,700,0.0,0.0
2024-10-09 10:50:00+09:00,2400.0,2400.0,2400.0,2400.0,0,0.0,0.0
2024-10-09 10:55:00+09:00,2401.0,2401.0,2395.0,2398.0,36900,0.0,0.0
2024-10-09 11:05:00+09:00,2396.0,2397.0,2395.0,2395.0,400,0.0,0.0
2024-10-09 11:15:00+09:00,2395.0,2395.0,2393.0,2393.0,400,0.0,0.0
2024-10-09 11:20:00+09:00,2395.0,2395.0,2395.0,2395.0,100,0.0,0.0
2024-10-09 11:25:00+09:00,2395.0,2395.0,2395.0,2395.0,300,0.0,0.0
2024-10-09 11:35:00+09:00,2395.0,2395.0,2395.0,2395.0,0,0.0,0.0
2024-10-09 12:30:00+09:00,2387.0,2390.0,2387.0,2389.0,40400,0.0,0.0
2024-10-09 12:35:00+09:00,2388.0,2390.0,2387.0,2387.0,800,0.0,0.0
2024-10-09 12:40:00+09:00,2385.0,2385.0,2385.0,2385.0,100,0.0,0.0
2024-10-09 12:45:00+09:00,2385.0,2387.0,2383.0,2383.0,400,0.0,0.0
2024-10-09 12:50:00+09:00,2386.0,2388.0,2385.0,2385.0,900,0.0,0.0
2024-10-09 12:55:00+09:00,2389.0,2390.0,2388.0,2388.0,1300,0.0,0.0
2024-10-09 13:00:00+09:00,2385.0,2385.0,2380.0,2380.0,200,0.0,0.0
2024-10-09 13:05:00+09:00,2379.0,2383.0,2377.0,2383.0,2100,0.0,0.0
2024-10-09 13:10:00+09:00,2384.0,2384.0,2384.0,2384.0,500,0.0,0.0
2024-10-09 13:15:00+09:00,2385.0,2387.0,2385.0,2387.0,1000,0.0,0.0
2024-10-09 13:20:00+09:00,2384.0,2384.0,2384.0,2384.0,100,0.0,0.0
2024-10-09 13:25:00+09:00,2381.0,2384.0,2381.0,2383.0,800,0.0,0.0
2024-10-09 13:30:00+09:00,2383.0,2383.0,2381.0,2381.0,400,0.0,0.0
2024-10-09 13:35:00+09:00,2381.0,2382.0,2380.0,2382.0,700,0.0,0.0
2024-10-09 13:40:00+09:00,2380.0,2380.0,2380.0,2380.0,200,0.0,0.0
2024-10-09 13:45:00+09:00,2381.0,2381.0,2379.0,2379.0,400,0.0,0.0
2024-10-09 13:50:00+09:00,2379.0,2379.0,2375.0,2375.0,1200,0.0,0.0
2024-10-09 13:55:00+09:00,2376.0,2380.0,2376.0,2380.0,1600,0.0,0.0
2024-10-09 14:00:00+09:00,2381.0,2381.0,2377.0,2379.0,1000,0.0,0.0
2024-10-09 14:05:00+09:00,2379.0,2380.0,2377.0,2377.0,1000,0.0,0.0
2024-10-09 14:10:00+09:00,2377.0,2377.0,2375.0,2375.0,1300,0.0,0.0
2024-10-09 14:15:00+09:00,2373.0,2373.0,2371.0,2371.0,800,0.0,0.0
2024-10-09 14:20:00+09:00,2370.0,2374.0,2370.0,2371.0,800,0.0,0.0
2024-10-09 14:25:00+09:00,2370.0,2372.0,2370.0,2372.0,500,0.0,0.0
2024-10-09 14:30:00+09:00,2370.0,2371.0,2369.0,2369.0,1500,0.0,0.0
2024-10-09 14:35:00+09:00,2372.0,2373.0,2372.0,2373.0,900,0.0,0.0
2024-10-09 14:40:00+09:00,2372.0,2372.0,2372.0,2372.0,200,0.0,0.0
2024-10-09 14:45:00+09:00,2372.0,2372.0,2369.0,2370.0,2000,0.0,0.0
2024-10-09 14:50:00+09:00,2368.0,2372.0,2368.0,2372.0,4100,0.0,0.0
2024-10-09 14:55:00+09:00,2373.0,2375.0,2371.0,2375.0,2000,0.0,0.0
2024-10-10 09:00:00+09:00,2371.0,2373.0,2370.0,2373.0,6200,0.0,0.0
2024-10-10 09:05:00+09:00,2375.0,2376.0,2375.0,2376.0,1300,0.0,0.0
2024-10-10 09:10:00+09:00,2373.0,2377.0,2373.0,2377.0,400,0.0,0.0
2024-10-10 09:15:00+09:00,2383.0,2384.0,2380.0,2384.0,900,0.0,0.0
2024-10-10 09:20:00+09:00,2386.0,2386.0,2386.0,2386.0,100,0.0,0.0
2024-10-10 09:25:00+09:00,2380.0,2382.0,2380.0,2382.0,300,0.0,0.0
2024-10-10 09:30:00+09:00,2383.0,2383.0,2383.0,2383.0,100,0.0,0.0
2024-10-10 09:40:00+09:00,2385.0,2385.0,2382.0,2383.0,300,0.0,0.0
2024-10-10 09:45:00+09:00,2382.0,2382.0,2377.0,2379.0,1500,0.0,0.0
2024-10-10 09:55:00+09:00,2375.0,2377.0,2375.0,2377.0,600,0.0,0.0
2024-10-10 10:05:00+09:00,2378.0,2381.0,2371.0,2371.0,3200,0.0,0.0
2024-10-10 10:10:00+09:00,2370.0,2371.0,2369.0,2371.0,4300,0.0,0.0
2024-10-10 10:15:00+09:00,2368.0,2368.0,2367.0,2367.0,900,0.0,0.0
2024-10-10 10:20:00+09:00,2366.0,2366.0,2366.0,2366.0,100,0.0,0.0
2024-10-10 10:25:00+09:00,2366.0,2366.0,2366.0,2366.0,800,0.0,0.0
2024-10-10 10:30:00+09:00,2365.0,2365.0,2362.0,2362.0,1700,0.0,0.0
2024-10-10 10:35:00+09:00,2362.0,2363.0,2361.0,2361.0,700,0.0,0.0
2024-10-10 10:40:00+09:00,2362.0,2362.0,2359.0,2359.0,1800,0.0,0.0
2024-10-10 10:45:00+09:00,2359.0,2359.0,2358.0,2359.0,700,0.0,0.0
2024-10-10 10:50:00+09:00,2358.0,2358.0,2356.0,2356.0,1500,0.0,0.0
2024-10-10 10:55:00+09:00,2356.0,2356.0,2354.0,2356.0,3200,0.0,0.0
2024-10-10 11:00:00+09:00,2354.0,2354.0,2354.0,2354.0,400,0.0,0.0
2024-10-10 11:05:00+09:00,2354.0,2356.0,2354.0,2355.0,700,0.0,0.0
2024-10-10 11:10:00+09:00,2355.0,2355.0,2355.0,2355.0,600,0.0,0.0
2024-10-10 11:15:00+09:00,2356.0,2356.0,2352.0,2355.0,1700,0.0,0.0
2024-10-10 11:20:00+09:00,2356.0,2356.0,2352.0,2353.0,800,0.0,0.0
2024-10-10 11:25:00+09:00,2352.0,2352.0,2351.0,2351.0,2300,0.0,0.0
2024-10-10 11:30:00+09:00,2350.0,2350.0,2350.0,2350.0,800,0.0,0.0
2024-10-10 11:35:00+09:00,2350.0,2350.0,2350.0,2350.0,0,0.0,0.0
2024-10-10 12:30:00+09:00,2353.0,2357.0,2353.0,2357.0,40700,0.0,0.0
2024-10-10 12:35:00+09:00,2354.0,2354.0,2352.0,2354.0,500,0.0,0.0
2024-10-10 12:40:00+09:00,2354.0,2354.0,2353.0,2353.0,400,0.0,0.0
2024-10-10 12:50:00+09:00,2354.0,2356.0,2354.0,2356.0,600,0.0,0.0
2024-10-10 12:55:00+09:00,2358.0,2358.0,2358.0,2358.0,700,0.0,0.0
2024-10-10 13:05:00+09:00,2357.0,2357.0,2357.0,2357.0,900,0.0,0.0
2024-10-10 13:10:00+09:00,2356.0,2358.0,2356.0,2358.0,1300,0.0,0.0
2024-10-10 13:15:00+09:00,2358.0,2360.0,2358.0,2360.0,700,0.0,0.0
2024-10-10 13:20:00+09:00,2359.0,2359.0,2359.0,2359.0,100,0.0,0.0
2024-10-10 13:25:00+09:00,2357.0,2357.0,2357.0,2357.0,100,0.0,0.0
2024-10-10 13:30:00+09:00,2358.0,2359.0,2355.0,2355.0,1200,0.0,0.0
2024-10-10 13:35:00+09:00,2355.0,2355.0,2351.0,2351.0,0,0.0,0.0
2024-10-10 13:40:00+09:00,2351.0,2351.0,2347.0,2347.0,63900,0.0,0.0
2024-10-10 13:45:00+09:00,2346.0,2352.0,2346.0,2352.0,3300,0.0,0.0
2024-10-10 13:50:00+09:00,2352.0,2354.0,2352.0,2354.0,900,0.0,0.0
2024-10-10 13:55:00+09:00,2353.0,2353.0,2353.0,2353.0,500,0.0,0.0
2024-10-10 14:00:00+09:00,2353.0,2354.0,2353.0,2354.0,600,0.0,0.0
2024-10-10 14:05:00+09:00,2354.0,2354.0,2354.0,2354.0,200,0.0,0.0
2024-10-10 14:10:00+09:00,2354.0,2354.0,2353.0,2353.0,600,0.0,0.0
2024-10-10 14:15:00+09:00,2354.0,2354.0,2353.0,2354.0,500,0.0,0.0
2024-10-10 14:20:00+09:00,2354.0,2354.0,2354.0,2354.0,300,0.0,0.0
2024-10-10 14:25:00+09:00,2354.0,2354.0,2354.0,2354.0,600,0.0,0.0
2024-10-10 14:30:00+09:00,2354.0,2355.0,2354.0,2355.0,1800,0.0,0.0
2024-10-10 14:35:00+09:00,2356.0,2357.0,2356.0,2356.0,1200,0.0,0.0
2024-10-10 14:40:00+09:00,2355.0,2356.0,2353.0,2356.0,2700,0.0,0.0
2024-10-10 14:45:00+09:00,2357.0,2357.0,2354.0,2355.0,1800,0.0,0.0
2024-10-10 14:50:00+09:00,2355.0,2355.0,2353.0,2353.0,1100,0.0,0.0
2024-10-10 14:55:00+09:00,2353.0,2354.0,2351.0,2353.0,2900,0.0,0.0
2024-10-11 09:00:00+09:00,2350.0,2357.0,2350.0,2356.0,8600,0.0,0.0
2024-10-11 09:05:00+09:00,2357.0,2362.0,2357.0,2357.0,600,0.0,0.0
2024-10-11 09:10:00+09:00,2356.0,2356.0,2352.0,2352.0,300,0.0,0.0
2024-10-11 09:15:00+09:00,2352.0,2352.0,2351.0,2351.0,400,0.0,0.0
2024-10-11 09:25:00+09:00,2354.0,2354.0,2348.0,2353.0,2600,0.0,0.0
2024-10-11 09:30:00+09:00,2356.0,2356.0,2356.0,2356.0,100,0.0,0.0
2024-10-11 09:35:00+09:00,2358.0,2358.0,2354.0,2354.0,300,0.0,0.0
2024-10-11 09:45:00+09:00,2357.0,2357.0,2357.0,2357.0,100,0.0,0.0
2024-10-11 09:50:00+09:00,2355.0,2355.0,2351.0,2351.0,1700,0.0,0.0
2024-10-11 09:55:00+09:00,2350.0,2350.0,2349.0,2349.0,400,0.0,0.0
2024-10-11 10:00:00+09:00,2350.0,2350.0,2350.0,2350.0,700,0.0,0.0
2024-10-11 10:10:00+09:00,2350.0,2350.0,2347.0,2347.0,1600,0.0,0.0
2024-10-11 10:15:00+09:00,2349.0,2349.0,2349.0,2349.0,200,0.0,0.0
2024-10-11 10:20:00+09:00,2347.0,2347.0,2347.0,2347.0,200,0.0,0.0
2024-10-11 10:25:00+09:00,2347.0,2348.0,2347.0,2348.0,300,0.0,0.0
2024-10-11 10:30:00+09:00,2348.0,2349.0,2348.0,2349.0,800,0.0,0.0
2024-10-11 10:45:00+09:00,2350.0,2352.0,2350.0,2352.0,500,0.0,0.0
2024-10-11 10:50:00+09:00,2350.0,2350.0,2350.0,2350.0,100,0.0,0.0
2024-10-11 10:55:00+09:00,2348.0,2351.0,2348.0,2351.0,800,0.0,0.0
2024-10-11 11:00:00+09:00,2353.0,2354.0,2353.0,2354.0,500,0.0,0.0
2024-10-11 11:10:00+09:00,2354.0,2354.0,2353.0,2353.0,300,0.0,0.0
2024-10-11 11:15:00+09:00,2352.0,2352.0,2351.0,2351.0,900,0.0,0.0
2024-10-11 11:20:00+09:00,2353.0,2353.0,2351.0,2351.0,300,0.0,0.0
2024-10-11 11:25:00+09:00,2350.0,2350.0,2350.0,2350.0,100,0.0,0.0
2024-10-11 11:35:00+09:00,2350.0,2350.0,2350.0,2350.0,0,0.0,0.0
2024-10-11 12:30:00+09:00,2350.0,2350.0,2348.0,2350.0,25100,0.0,0.0
2024-10-11 12:35:00+09:00,2350.0,2351.0,2349.0,2349.0,1600,0.0,0.0
2024-10-11 12:40:00+09:00,2351.0,2351.0,2351.0,2351.0,200,0.0,0.0
2024-10-11 12:45:00+09:00,2350.0,2350.0,2350.0,2350.0,400,0.0,0.0
2024-10-11 12:50:00+09:00,2350.0,2350.0,2350.0,2350.0,500,0.0,0.0
2024-10-11 12:55:00+09:00,2350.0,2350.0,2350.0,2350.0,200,0.0,0.0
2024-10-11 13:00:00+09:00,2350.0,2354.0,2350.0,2354.0,2700,0.0,0.0
2024-10-11 13:05:00+09:00,2355.0,2356.0,2355.0,2355.0,1600,0.0,0.0
2024-10-11 13:10:00+09:00,2355.0,2355.0,2355.0,2355.0,100,0.0,0.0
2024-10-11 13:15:00+09:00,2355.0,2355.0,2355.0,2355.0,300,0.0,0.0
2024-10-11 13:20:00+09:00,2354.0,2354.0,2352.0,2352.0,1100,0.0,0.0
2024-10-11 13:25:00+09:00,2352.0,2352.0,2352.0,2352.0,300,0.0,0.0
2024-10-11 13:30:00+09:00,2354.0,2354.0,2354.0,2354.0,100,0.0,0.0
2024-10-11 13:35:00+09:00,2352.0,2352.0,2352.0,2352.0,200,0.0,0.0
2024-10-11 13:40:00+09:00,2352.0,2354.0,2352.0,2354.0,1400,0.0,0.0
2024-10-11 13:45:00+09:00,2352.0,2352.0,2352.0,2352.0,300,0.0,0.0
2024-10-11 13:50:00+09:00,2352.0,2352.0,2351.0,2352.0,600,0.0,0.0
2024-10-11 13:55:00+09:00,2352.0,2352.0,2351.0,2351.0,400,0.0,0.0
2024-10-11 14:00:00+09:00,2352.0,2352.0,2352.0,2352.0,700,0.0,0.0
2024-10-11 14:05:00+09:00,2352.0,2352.0,2351.0,2351.0,400,0.0,0.0
2024-10-11 14:10:00+09:00,2351.0,2351.0,2349.0,2350.0,2100,0.0,0.0
2024-10-11 14:15:00+09:00,2349.0,2349.0,2349.0,2349.0,400,0.0,0.0
2024-10-11 14:20:00+09:00,2350.0,2350.0,2348.0,2348.0,1500,0.0,0.0
2024-10-11 14:25:00+09:00,2348.0,2348.0,2348.0,2348.0,4900,0.0,0.0
2024-10-11 14:30:00+09:00,2347.0,2347.0,2347.0,2347.0,1200,0.0,0.0
2024-10-11 14:35:00+09:00,2346.0,2346.0,2346.0,2346.0,100,0.0,0.0
2024-10-11 14:40:00+09:00,2346.0,2347.0,2346.0,2347.0,500,0.0,0.0
2024-10-11 14:45:00+09:00,2348.0,2349.0,2347.0,2349.0,3500,0.0,0.0
2024-10-11 14:50:00+09:00,2347.0,2347.0,2346.0,2347.0,400,0.0,0.0
2024-10-11 14:55:00+09:00,2347.0,2353.0,2347.0,2348.0,3100,0.0,0.0
2024-10-15 09:00:00+09:00,2356.0,2365.0,2356.0,2365.0,3700,0.0,0.0
2024-10-15 09:05:00+09:00,2365.0,2365.0,2353.0,2353.0,1500,0.0,0.0
2024-10-15 09:10:00+09:00,2351.0,2351.0,2348.0,2350.0,6200,0.0,0.0
2024-10-15 09:15:00+09:00,2353.0,2356.0,2353.0,2356.0,500,0.0,0.0
2024-10-15 09:20:00+09:00,2354.0,2359.0,2354.0,2359.0,200,0.0,0.0
2024-10-15 09:25:00+09:00,2356.0,2356.0,2356.0,2356.0,200,0.0,0.0
2024-10-15 09:30:00+09:00,2357.0,2362.0,2357.0,2362.0,1400,0.0,0.0
2024-10-15 09:35:00+09:00,2364.0,2366.0,2364.0,2366.0,500,0.0,0.0
2024-10-15 09:40:00+09:00,2363.0,2369.0,2363.0,2367.0,2400,0.0,0.0
2024-10-15 09:45:00+09:00,2367.0,2375.0,2367.0,2375.0,2700,0.0,0.0
2024-10-15 09:50:00+09:00,2372.0,2372.0,2370.0,2370.0,700,0.0,0.0
2024-10-15 09:55:00+09:00,2370.0,2370.0,2367.0,2367.0,900,0.0,0.0
2024-10-15 10:00:00+09:00,2369.0,2374.0,2369.0,2372.0,2900,0.0,0.0
2024-10-15 10:05:00+09:00,2373.0,2373.0,2373.0,2373.0,200,0.0,0.0
2024-10-15 10:10:00+09:00,2374.0,2374.0,2374.0,2374.0,300,0.0,0.0
2024-10-15 10:15:00+09:00,2372.0,2375.0,2372.0,2375.0,600,0.0,0.0
2024-10-15 10:20:00+09:00,2372.0,2372.0,2372.0,2372.0,400,0.0,0.0
2024-10-15 10:25:00+09:00,2371.0,2371.0,2370.0,2370.0,200,0.0,0.0
2024-10-15 10:30:00+09:00,2371.0,2373.0,2371.0,2371.0,1000,0.0,0.0
2024-10-15 10:35:00+09:00,2373.0,2375.0,2373.0,2373.0,3700,0.0,0.0
2024-10-15 10:50:00+09:00,2373.0,2373.0,2373.0,2373.0,200,0.0,0.0
2024-10-15 10:55:00+09:00,2373.0,2373.0,2372.0,2373.0,400,0.0,0.0
2024-10-15 11:00:00+09:00,2373.0,2375.0,2373.0,2373.0,2200,0.0,0.0
2024-10-15 11:05:00+09:00,2373.0,2373.0,2373.0,2373.0,200,0.0,0.0
2024-10-15 11:15:00+09:00,2373.0,2373.0,2373.0,2373.0,600,0.0,0.0
2024-10-15 11:20:00+09:00,2374.0,2375.0,2373.0,2375.0,2200,0.0,0.0
2024-10-15 11:25:00+09:00,2374.0,2374.0,2372.0,2372.0,600,0.0,0.0
2024-10-15 11:35:00+09:00,2372.0,2372.0,2372.0,2372.0,0,0.0,0.0
2024-10-15 12:30:00+09:00,2373.0,2374.0,2369.0,2370.0,41400,0.0,0.0
2024-10-15 12:35:00+09:00,2369.0,2369.0,2367.0,2367.0,400,0.0,0.0
2024-10-15 12:40:00+09:00,2367.0,2371.0,2367.0,2369.0,1600,0.0,0.0
2024-10-15 12:45:00+09:00,2370.0,2372.0,2369.0,2372.0,800,0.0,0.0
2024-10-15 12:50:00+09:00,2371.0,2371.0,2371.0,2371.0,1400,0.0,0.0
2024-10-15 12:55:00+09:00,2371.0,2372.0,2371.0,2372.0,900,0.0,0.0
2024-10-15 13:00:00+09:00,2372.0,2373.0,2371.0,2371.0,800,0.0,0.0
2024-10-15 13:10:00+09:00,2371.0,2371.0,2369.0,2369.0,800,0.0,0.0
2024-10-15 13:15:00+09:00,2369.0,2371.0,2369.0,2371.0,1400,0.0,0.0
2024-10-15 13:20:00+09:00,2372.0,2374.0,2372.0,2374.0,1400,0.0,0.0
2024-10-15 13:25:00+09:00,2373.0,2374.0,2373.0,2374.0,800,0.0,0.0
2024-10-15 13:30:00+09:00,2374.0,2374.0,2372.0,2372.0,2100,0.0,0.0
2024-10-15 13:35:00+09:00,2371.0,2371.0,2369.0,2371.0,900,0.0,0.0
2024-10-15 13:45:00+09:00,2372.0,2373.0,2372.0,2373.0,1100,0.0,0.0
2024-10-15 13:50:00+09:00,2374.0,2374.0,2373.0,2373.0,300,0.0,0.0
2024-10-15 13:55:00+09:00,2373.0,2374.0,2373.0,2374.0,400,0.0,0.0
2024-10-15 14:00:00+09:00,2373.0,2373.0,2372.0,2372.0,1200,0.0,0.0
2024-10-15 14:05:00+09:00,2373.0,2373.0,2372.0,2372.0,500,0.0,0.0
2024-10-15 14:10:00+09:00,2372.0,2372.0,2372.0,2372.0,200,0.0,0.0
2024-10-15 14:15:00+09:00,2373.0,2374.0,2372.0,2374.0,2000,0.0,0.0
2024-10-15 14:20:00+09:00,2374.0,2376.0,2374.0,2374.0,4500,0.0,0.0
2024-10-15 14:25:00+09:00,2374.0,2374.0,2373.0,2373.0,800,0.0,0.0
2024-10-15 14:30:00+09:00,2373.0,2374.0,2373.0,2374.0,1700,0.0,0.0
2024-10-15 14:35:00+09:00,2373.0,2373.0,2372.0,2372.0,300,0.0,0.0
2024-10-15 14:40:00+09:00,2374.0,2375.0,2374.0,2375.0,600,0.0,0.0
2024-10-15 14:45:00+09:00,2375.0,2377.0,2374.0,2377.0,2900,0.0,0.0
2024-10-15 14:50:00+09:00,2377.0,2378.0,2375.0,2378.0,800,0.0,0.0
2024-10-15 14:55:00+09:00,2376.0,2376.0,2372.0,2372.0,1900,0.0,0.0
2024-10-16 09:00:00+09:00,2360.0,2367.0,2352.0,2367.0,5900,0.0,0.0
2024-10-16 09:05:00+09:00,2366.0,2371.0,2366.0,2371.0,1500,0.0,0.0
2024-10-16 09:10:00+09:00,2372.0,2373.0,2372.0,2373.0,200,0.0,0.0
2024-10-16 09:15:00+09:00,2374.0,2376.0,2371.0,2371.0,1400,0.0,0.0
2024-10-16 09:20:00+09:00,2372.0,2372.0,2372.0,2372.0,200,0.0,0.0
2024-10-16 09:25:00+09:00,2369.0,2372.0,2364.0,2364.0,1600,0.0,0.0
2024-10-16 09:30:00+09:00,2364.0,2364.0,2357.0,2358.0,600,0.0,0.0
2024-10-16 09:35:00+09:00,2360.0,2361.0,2360.0,2361.0,800,0.0,0.0
2024-10-16 09:40:00+09:00,2362.0,2362.0,2360.0,2360.0,300,0.0,0.0
2024-10-16 09:45:00+09:00,2360.0,2363.0,2359.0,2363.0,1400,0.0,0.0
2024-10-16 09:55:00+09:00,2362.0,2362.0,2362.0,2362.0,100,0.0,0.0
2024-10-16 10:00:00+09:00,2361.0,2361.0,2360.0,2361.0,1600,0.0,0.0
2024-10-16 10:05:00+09:00,2361.0,2361.0,2359.0,2359.0,400,0.0,0.0
2024-10-16 10:10:00+09:00,2359.0,2365.0,2358.0,2365.0,2400,0.0,0.0
2024-10-16 10:20:00+09:00,2366.0,2366.0,2365.0,2365.0,500,0.0,0.0
2024-10-16 10:25:00+09:00,2363.0,2363.0,2363.0,2363.0,100,0.0,0.0
2024-10-16 10:35:00+09:00,2360.0,2360.0,2360.0,2360.0,100,0.0,0.0
2024-10-16 10:40:00+09:00,2358.0,2360.0,2358.0,2359.0,400,0.0,0.0
2024-10-16 10:45:00+09:00,2358.0,2358.0,2347.0,2347.0,10900,0.0,0.0
2024-10-16 10:50:00+09:00,2342.0,2344.0,2341.0,2342.0,8100,0.0,0.0
2024-10-16 10:55:00+09:00,2342.0,2342.0,2340.0,2342.0,2300,0.0,0.0
2024-10-16 11:00:00+09:00,2342.0,2342.0,2338.0,2339.0,2500,0.0,0.0
2024-10-16 11:05:00+09:00,2338.0,2341.0,2338.0,2341.0,900,0.0,0.0
2024-10-16 11:10:00+09:00,2339.0,2339.0,2335.0,2335.0,3400,0.0,0.0
2024-10-16 11:15:00+09:00,2335.0,2335.0,2331.0,2331.0,1800,0.0,0.0
2024-10-16 11:20:00+09:00,2330.0,2331.0,2327.0,2330.0,5400,0.0,0.0
2024-10-16 11:25:00+09:00,2329.0,2329.0,2327.0,2328.0,600,0.0,0.0
2024-10-16 11:30:00+09:00,2328.0,2328.0,2328.0,2328.0,100,0.0,0.0
2024-10-16 11:35:00+09:00,2328.0,2328.0,2328.0,2328.0,0,0.0,0.0
2024-10-16 12:30:00+09:00,2328.0,2329.0,2316.0,2318.0,66900,0.0,0.0
2024-10-16 12:35:00+09:00,2318.0,2319.0,2311.0,2311.0,8400,0.0,0.0
2024-10-16 12:40:00+09:00,2311.0,2313.0,2307.0,2313.0,4900,0.0,0.0
2024-10-16 12:45:00+09:00,2310.0,2310.0,2294.0,2298.0,16200,0.0,0.0
2024-10-16 12:50:00+09:00,2298.0,2298.0,2290.0,2296.0,5500,0.0,0.0
2024-10-16 12:55:00+09:00,2293.0,2294.0,2287.0,2287.0,6900,0.0,0.0
2024-10-16 13:00:00+09:00,2289.0,2289.0,2283.0,2283.0,4900,0.0,0.0
2024-10-16 13:05:00+09:00,2284.0,2284.0,2275.0,2275.0,10600,0.0,0.0
2024-10-16 13:10:00+09:00,2275.0,2277.0,2271.0,2277.0,4700,0.0,0.0
2024-10-16 13:15:00+09:00,2276.0,2290.0,2271.0,2290.0,3800,0.0,0.0
2024-10-16 13:20:00+09:00,2288.0,2288.0,2285.0,2288.0,2200,0.0,0.0
2024-10-16 13:25:00+09:00,2289.0,2289.0,2281.0,2282.0,2500,0.0,0.0
2024-10-16 13:30:00+09:00,2283.0,2285.0,2283.0,2284.0,1300,0.0,0.0
2024-10-16 13:35:00+09:00,2285.0,2287.0,2284.0,2284.0,1300,0.0,0.0
2024-10-16 13:40:00+09:00,2285.0,2290.0,2285.0,2287.0,2100,0.0,0.0
2024-10-16 13:45:00+09:00,2287.0,2287.0,2280.0,2280.0,3000,0.0,0.0
2024-10-16 13:50:00+09:00,2279.0,2280.0,2276.0,2277.0,3500,0.0,0.0
2024-10-16 13:55:00+09:00,2276.0,2279.0,2276.0,2278.0,1700,0.0,0.0
2024-10-16 14:00:00+09:00,2278.0,2284.0,2277.0,2279.0,3200,0.0,0.0
2024-10-16 14:05:00+09:00,2278.0,2279.0,2275.0,2276.0,4700,0.0,0.0
2024-10-16 14:10:00+09:00,2276.0,2278.0,2276.0,2278.0,1000,0.0,0.0
2024-10-16 14:15:00+09:00,2277.0,2278.0,2274.0,2276.0,6600,0.0,0.0
2024-10-16 14:20:00+09:00,2278.0,2279.0,2277.0,2279.0,1600,0.0,0.0
2024-10-16 14:25:00+09:00,2279.0,2281.0,2277.0,2280.0,1800,0.0,0.0
2024-10-16 14:30:00+09:00,2278.0,2279.0,2276.0,2276.0,1800,0.0,0.0
2024-10-16 14:35:00+09:00,2275.0,2276.0,2275.0,2275.0,1900,0.0,0.0
2024-10-16 14:40:00+09:00,2275.0,2278.0,2275.0,2277.0,1800,0.0,0.0
2024-10-16 14:45:00+09:00,2276.0,2277.0,2276.0,2276.0,2000,0.0,0.0
2024-10-16 14:50:00+09:00,2278.0,2283.0,2278.0,2283.0,3800,0.0,0.0
2024-10-16 14:55:00+09:00,2284.0,2284.0,2281.0,2283.0,2000,0.0,0.0
2024-10-17 09:00:00+09:00,2280.0,2292.0,2280.0,2287.0,14100,0.0,0.0
2024-10-17 09:05:00+09:00,2286.0,2286.0,2267.0,2269.0,19300,0.0,0.0
2024-10-17 09:10:00+09:00,2266.0,2270.0,2261.0,2270.0,3600,0.0,0.0
2024-10-17 09:15:00+09:00,2273.0,2273.0,2264.0,2266.0,1300,0.0,0.0
2024-10-17 09:20:00+09:00,2267.0,2269.0,2265.0,2267.0,1300,0.0,0.0
2024-10-17 09:25:00+09:00,2267.0,2269.0,2258.0,2260.0,4500,0.0,0.0
2024-10-17 09:30:00+09:00,2260.0,2262.0,2258.0,2262.0,2300,0.0,0.0
2024-10-17 09:35:00+09:00,2265.0,2265.0,2261.0,2264.0,3100,0.0,0.0
2024-10-17 09:40:00+09:00,2265.0,2277.0,2265.0,2273.0,1900,0.0,0.0
2024-10-17 09:45:00+09:00,2271.0,2271.0,2270.0,2270.0,400,0.0,0.0
2024-10-17 09:50:00+09:00,2273.0,2275.0,2273.0,2275.0,500,0.0,0.0
2024-10-17 09:55:00+09:00,2274.0,2274.0,2270.0,2271.0,1600,0.0,0.0
2024-10-17 10:00:00+09:00,2270.0,2272.0,2270.0,2272.0,700,0.0,0.0
2024-10-17 10:05:00+09:00,2271.0,2271.0,2270.0,2270.0,1500,0.0,0.0
2024-10-17 10:10:00+09:00,2270.0,2270.0,2269.0,2270.0,700,0.0,0.0
2024-10-17 10:15:00+09:00,2269.0,2269.0,2269.0,2269.0,100,0.0,0.0
2024-10-17 10:20:00+09:00,2268.0,2270.0,2267.0,2270.0,3300,0.0,0.0
2024-10-17 10:25:00+09:00,2272.0,2272.0,2272.0,2272.0,500,0.0,0.0
2024-10-17 10:30:00+09:00,2271.0,2272.0,2270.0,2272.0,500,0.0,0.0
2024-10-17 10:35:00+09:00,2272.0,2272.0,2272.0,2272.0,600,0.0,0.0
2024-10-17 10:40:00+09:00,2273.0,2274.0,2273.0,2274.0,1200,0.0,0.0
2024-10-17 10:45:00+09:00,2276.0,2276.0,2276.0,2276.0,200,0.0,0.0
2024-10-17 10:50:00+09:00,2275.0,2275.0,2273.0,2273.0,1200,0.0,0.0
2024-10-17 10:55:00+09:00,2273.0,2274.0,2270.0,2270.0,1000,0.0,0.0
2024-10-17 11:00:00+09:00,2268.0,2268.0,2268.0,2268.0,400,0.0,0.0
2024-10-17 11:05:00+09:00,2267.0,2267.0,2266.0,2266.0,900,0.0,0.0
2024-10-17 11:10:00+09:00,2267.0,2267.0,2266.0,2266.0,300,0.0,0.0
2024-10-17 11:15:00+09:00,2267.0,2267.0,2265.0,2265.0,1200,0.0,0.0
2024-10-17 11:20:00+09:00,2265.0,2267.0,2265.0,2267.0,1400,0.0,0.0
2024-10-17 11:25:00+09:00,2267.0,2267.0,2267.0,2267.0,400,0.0,0.0
2024-10-17 11:30:00+09:00,2265.0,2265.0,2265.0,2265.0,1200,0.0,0.0
2024-10-17 11:35:00+09:00,2265.0,2265.0,2265.0,2265.0,0,0.0,0.0
2024-10-17 12:30:00+09:00,2264.0,2274.0,2261.0,2271.0,78100,0.0,0.0
2024-10-17 12:35:00+09:00,2268.0,2269.0,2266.0,2269.0,300,0.0,0.0
2024-10-17 12:40:00+09:00,2266.0,2270.0,2266.0,2270.0,800,0.0,0.0
2024-10-17 12:45:00+09:00,2269.0,2269.0,2269.0,2269.0,200,0.0,0.0
2024-10-17 12:50:00+09:00,2267.0,2271.0,2267.0,2271.0,2200,0.0,0.0
2024-10-17 12:55:00+09:00,2271.0,2271.0,2270.0,2270.0,900,0.0,0.0
2024-10-17 13:00:00+09:00,2271.0,2272.0,2271.0,2271.0,1600,0.0,0.0
2024-10-17 13:05:00+09:00,2270.0,2270.0,2266.0,2266.0,3500,0.0,0.0
2024-10-17 13:10:00+09:00,2266.0,2268.0,2266.0,2268.0,500,0.0,0.0
2024-10-17 13:15:00+09:00,2268.0,2272.0,2268.0,2272.0,700,0.0,0.0
2024-10-17 13:20:00+09:00,2272.0,2273.0,2272.0,2273.0,1400,0.0,0.0
2024-10-17 13:25:00+09:00,2273.0,2274.0,2272.0,2273.0,1000,0.0,0.0
2024-10-17 13:30:00+09:00,2274.0,2274.0,2274.0,2274.0,1000,0.0,0.0
2024-10-17 13:35:00+09:00,2273.0,2274.0,2273.0,2274.0,500,0.0,0.0
2024-10-17 13:40:00+09:00,2272.0,2282.0,2271.0,2282.0,4400,0.0,0.0
2024-10-17 13:45:00+09:00,2282.0,2285.0,2275.0,2275.0,2200,0.0,0.0
2024-10-17 13:50:00+09:00,2274.0,2278.0,2274.0,2278.0,2000,0.0,0.0
2024-10-17 13:55:00+09:00,2277.0,2277.0,2273.0,2273.0,1700,0.0,0.0
2024-10-17 14:00:00+09:00,2273.0,2273.0,2273.0,2273.0,300,0.0,0.0
2024-10-17 14:05:00+09:00,2271.0,2273.0,2271.0,2272.0,700,0.0,0.0
2024-10-17 14:10:00+09:00,2271.0,2272.0,2270.0,2270.0,1400,0.0,0.0
2024-10-17 14:15:00+09:00,2270.0,2270.0,2269.0,2270.0,600,0.0,0.0
2024-10-17 14:20:00+09:00,2271.0,2271.0,2270.0,2270.0,1300,0.0,0.0
2024-10-17 14:25:00+09:00,2269.0,2269.0,2268.0,2268.0,1700,0.0,0.0
2024-10-17 14:30:00+09:00,2267.0,2267.0,2267.0,2267.0,200,0.0,0.0
2024-10-17 14:35:00+09:00,2268.0,2270.0,2268.0,2269.0,2700,0.0,0.0
2024-10-17 14:40:00+09:00,2269.0,2270.0,2269.0,2270.0,900,0.0,0.0
2024-10-17 14:45:00+09:00,2270.0,2270.0,2269.0,2270.0,1100,0.0,0.0
2024-10-17 14:50:00+09:00,2267.0,2270.0,2267.0,2270.0,1500,0.0,0.0
2024-10-17 14:55:00+09:00,2270.0,2277.0,2267.0,2272.0,6200,0.0,0.0
2024-10-18 09:00:00+09:00,2277.0,2297.0,2277.0,2284.0,12200,0.0,0.0
2024-10-18 09:05:00+09:00,2280.0,2284.0,2280.0,2284.0,500,0.0,0.0
2024-10-18 09:10:00+09:00,2284.0,2285.0,2284.0,2285.0,300,0.0,0.0
2024-10-18 09:15:00+09:00,2285.0,2291.0,2282.0,2291.0,1300,0.0,0.0
2024-10-18 09:20:00+09:00,2292.0,2292.0,2287.0,2287.0,1200,0.0,0.0
2024-10-18 09:30:00+09:00,2285.0,2285.0,2283.0,2283.0,200,0.0,0.0
2024-10-18 09:45:00+09:00,2285.0,2286.0,2284.0,2285.0,1800,0.0,0.0
2024-10-18 09:50:00+09:00,2283.0,2283.0,2283.0,2283.0,300,0.0,0.0
2024-10-18 09:55:00+09:00,2281.0,2281.0,2281.0,2281.0,0,0.0,0.0
2024-10-18 10:05:00+09:00,2285.0,2285.0,2285.0,2285.0,18900,0.0,0.0
2024-10-18 10:15:00+09:00,2281.0,2282.0,2280.0,2280.0,400,0.0,0.0
2024-10-18 10:20:00+09:00,2280.0,2280.0,2280.0,2280.0,200,0.0,0.0
2024-10-18 10:30:00+09:00,2282.0,2282.0,2276.0,2276.0,5300,0.0,0.0
2024-10-18 10:35:00+09:00,2279.0,2284.0,2277.0,2284.0,800,0.0,0.0
2024-10-18 10:45:00+09:00,2284.0,2287.0,2282.0,2283.0,2300,0.0,0.0
2024-10-18 10:50:00+09:00,2282.0,2283.0,2279.0,2279.0,600,0.0,0.0
2024-10-18 10:55:00+09:00,2280.0,2281.0,2279.0,2279.0,700,0.0,0.0
2024-10-18 11:00:00+09:00,2279.0,2279.0,2279.0,2279.0,0,0.0,0.0
2024-10-18 11:15:00+09:00,2278.0,2278.0,2277.0,2277.0,29900,0.0,0.0
2024-10-18 11:20:00+09:00,2276.0,2276.0,2275.0,2275.0,1000,0.0,0.0
2024-10-18 11:25:00+09:00,2275.0,2275.0,2275.0,2275.0,300,0.0,0.0
2024-10-18 11:30:00+09:00,2275.0,2275.0,2275.0,2275.0,500,0.0,0.0
2024-10-18 11:35:00+09:00,2275.0,2275.0,2275.0,2275.0,0,0.0,0.0
2024-10-18 12:30:00+09:00,2275.0,2278.0,2271.0,2275.0,38400,0.0,0.0
2024-10-18 12:35:00+09:00,2276.0,2276.0,2275.0,2275.0,200,0.0,0.0
2024-10-18 12:40:00+09:00,2277.0,2278.0,2275.0,2278.0,2900,0.0,0.0
2024-10-18 12:45:00+09:00,2275.0,2277.0,2274.0,2277.0,500,0.0,0.0
2024-10-18 12:50:00+09:00,2277.0,2278.0,2276.0,2276.0,800,0.0,0.0
2024-10-18 12:55:00+09:00,2277.0,2278.0,2276.0,2278.0,1000,0.0,0.0
2024-10-18 13:00:00+09:00,2278.0,2278.0,2273.0,2273.0,1300,0.0,0.0
2024-10-18 13:05:00+09:00,2273.0,2273.0,2273.0,2273.0,100,0.0,0.0
2024-10-18 13:10:00+09:00,2273.0,2275.0,2273.0,2274.0,1100,0.0,0.0
2024-10-18 13:15:00+09:00,2276.0,2277.0,2276.0,2276.0,900,0.0,0.0
2024-10-18 13:20:00+09:00,2277.0,2278.0,2277.0,2278.0,600,0.0,0.0
2024-10-18 13:25:00+09:00,2278.0,2278.0,2278.0,2278.0,400,0.0,0.0
2024-10-18 13:30:00+09:00,2278.0,2279.0,2277.0,2278.0,1000,0.0,0.0
2024-10-18 13:35:00+09:00,2279.0,2280.0,2278.0,2278.0,700,0.0,0.0
2024-10-18 13:40:00+09:00,2277.0,2278.0,2277.0,2277.0,600,0.0,0.0
2024-10-18 13:55:00+09:00,2276.0,2276.0,2276.0,2276.0,100,0.0,0.0
2024-10-18 14:00:00+09:00,2276.0,2276.0,2274.0,2275.0,1500,0.0,0.0
2024-10-18 14:05:00+09:00,2275.0,2279.0,2275.0,2278.0,3100,0.0,0.0
2024-10-18 14:10:00+09:00,2280.0,2283.0,2280.0,2283.0,3000,0.0,0.0
2024-10-18 14:15:00+09:00,2282.0,2284.0,2282.0,2284.0,1200,0.0,0.0
2024-10-18 14:20:00+09:00,2285.0,2285.0,2283.0,2283.0,800,0.0,0.0
2024-10-18 14:25:00+09:00,2282.0,2282.0,2280.0,2280.0,700,0.0,0.0
2024-10-18 14:30:00+09:00,2281.0,2283.0,2281.0,2283.0,300,0.0,0.0
2024-10-18 14:35:00+09:00,2283.0,2285.0,2283.0,2284.0,2500,0.0,0.0
2024-10-18 14:40:00+09:00,2285.0,2285.0,2284.0,2285.0,1700,0.0,0.0
2024-10-18 14:45:00+09:00,2284.0,2284.0,2283.0,2283.0,400,0.0,0.0
2024-10-18 14:50:00+09:00,2282.0,2283.0,2279.0,2281.0,800,0.0,0.0
2024-10-18 14:55:00+09:00,2279.0,2281.0,2278.0,2281.0,2800,0.0,0.0
