Datetime,Open,High,Low,Close,Volume,Dividends,Stock Splits
2024-05-28 09:30:00-04:00,68.33999633789062,68.33999633789062,68.33999633789062,68.33999633789062,2246,0.0,0.0
2024-05-28 09:38:00-04:00,68.43109893798828,68.43109893798828,68.43109893798828,68.43109893798828,262,0.0,0.0
2024-05-28 09:40:00-04:00,68.33000183105469,68.42500305175781,68.33000183105469,68.33000183105469,989,0.0,0.0
2024-05-28 09:43:00-04:00,68.5,68.54000091552734,68.37999725341797,68.37999725341797,1529,0.0,0.0
2024-05-28 09:44:00-04:00,68.45999908447266,68.5,68.45999908447266,68.5,576,0.0,0.0
2024-05-28 09:46:00-04:00,68.42310333251953,68.42310333251953,68.42310333251953,68.42310333251953,275,0.0,0.0
2024-05-28 09:51:00-04:00,68.4000015258789,68.4000015258789,68.4000015258789,68.4000015258789,340,0.0,0.0
2024-05-28 09:53:00-04:00,68.44999694824219,68.44999694824219,68.44999694824219,68.44999694824219,288,0.0,0.0
2024-05-28 09:54:00-04:00,68.4219970703125,68.4219970703125,68.41500091552734,68.41500091552734,781,0.0,0.0
2024-05-28 09:56:00-04:00,68.37000274658203,68.37000274658203,68.3499984741211,68.3499984741211,499,0.0,0.0
2024-05-28 09:58:00-04:00,68.33999633789062,68.33999633789062,68.33999633789062,68.33999633789062,303,0.0,0.0
2024-05-28 09:59:00-04:00,68.30000305175781,68.51499938964844,68.30000305175781,68.51499938964844,6030,0.0,0.0
2024-05-28 10:00:00-04:00,68.50499725341797,68.50499725341797,68.50499725341797,68.50499725341797,106,0.0,0.0
2024-05-28 10:04:00-04:00,68.44499969482422,68.44499969482422,68.33999633789062,68.33999633789062,1749,0.0,0.0
2024-05-28 10:05:00-04:00,68.33999633789062,68.33999633789062,68.33999633789062,68.33999633789062,424,0.0,0.0
2024-05-28 10:06:00-04:00,68.30999755859375,68.32499694824219,68.26000213623047,68.31500244140625,2279,0.0,0.0
2024-05-28 10:07:00-04:00,68.26000213623047,68.29499816894531,68.26000213623047,68.28500366210938,583,0.0,0.0
2024-05-28 10:09:00-04:00,68.31999969482422,68.33000183105469,68.31999969482422,68.31999969482422,969,0.0,0.0
2024-05-28 10:13:00-04:00,68.36000061035156,68.36000061035156,68.36000061035156,68.36000061035156,1276,0.0,0.0
2024-05-28 10:15:00-04:00,68.44000244140625,68.44000244140625,68.44000244140625,68.44000244140625,211,0.0,0.0
2024-05-28 10:17:00-04:00,68.45999908447266,68.45999908447266,68.42749786376953,68.42749786376953,968,0.0,0.0
2024-05-28 10:20:00-04:00,68.41000366210938,68.41000366210938,68.41000366210938,68.41000366210938,294,0.0,0.0
2024-05-28 10:21:00-04:00,68.37000274658203,68.37000274658203,68.37000274658203,68.37000274658203,669,0.0,0.0
2024-05-28 10:24:00-04:00,68.38809967041016,68.38999938964844,68.37999725341797,68.37999725341797,2400,0.0,0.0
2024-05-28 10:25:00-04:00,68.33999633789062,68.33999633789062,68.27999877929688,68.27999877929688,1165,0.0,0.0
2024-05-28 10:26:00-04:00,68.29000091552734,68.29499816894531,68.29000091552734,68.29499816894531,289,0.0,0.0
2024-05-28 10:27:00-04:00,68.33000183105469,68.33000183105469,68.33000183105469,68.33000183105469,203,0.0,0.0
2024-05-28 10:29:00-04:00,68.2750015258789,68.2750015258789,68.2750015258789,68.2750015258789,120,0.0,0.0
2024-05-28 10:30:00-04:00,68.31999969482422,68.31999969482422,68.30500030517578,68.30500030517578,608,0.0,0.0
2024-05-28 10:32:00-04:00,68.36000061035156,68.36000061035156,68.3499984741211,68.3499984741211,1726,0.0,0.0
2024-05-28 10:37:00-04:00,68.27999877929688,68.32499694824219,68.23999786376953,68.30500030517578,4403,0.0,0.0
2024-05-28 10:38:00-04:00,68.30000305175781,68.30000305175781,68.30000305175781,68.30000305175781,619,0.0,0.0
2024-05-28 10:40:00-04:00,68.30999755859375,68.30999755859375,68.29149627685547,68.30999755859375,2086,0.0,0.0
2024-05-28 10:41:00-04:00,68.23999786376953,68.23999786376953,68.23999786376953,68.23999786376953,233,0.0,0.0
2024-05-28 10:43:00-04:00,68.23999786376953,68.2750015258789,68.23999786376953,68.2750015258789,522,0.0,0.0
2024-05-28 10:45:00-04:00,68.30999755859375,68.36499786376953,68.30999755859375,68.36499786376953,1075,0.0,0.0
2024-05-28 10:47:00-04:00,68.33000183105469,68.36000061035156,68.33000183105469,68.36000061035156,482,0.0,0.0
2024-05-28 10:48:00-04:00,68.30999755859375,68.30999755859375,68.30999755859375,68.30999755859375,464,0.0,0.0
2024-05-28 10:49:00-04:00,68.23999786376953,68.31500244140625,68.22000122070312,68.28250122070312,2440,0.0,0.0
2024-05-28 10:50:00-04:00,68.2699966430664,68.2699966430664,68.2699966430664,68.2699966430664,1208,0.0,0.0
2024-05-28 10:55:00-04:00,68.11000061035156,68.17500305175781,68.11000061035156,68.17500305175781,625,0.0,0.0
2024-05-28 10:56:00-04:00,68.19999694824219,68.28500366210938,68.19999694824219,68.25,2122,0.0,0.0
2024-05-28 10:57:00-04:00,68.28500366210938,68.29000091552734,68.13999938964844,68.2074966430664,3875,0.0,0.0
2024-05-28 10:58:00-04:00,68.19000244140625,68.19000244140625,68.19000244140625,68.19000244140625,615,0.0,0.0
2024-05-28 10:59:00-04:00,68.11000061035156,68.18499755859375,68.11000061035156,68.18499755859375,349,0.0,0.0
2024-05-28 11:01:00-04:00,68.12999725341797,68.12999725341797,67.83000183105469,67.83000183105469,2334,0.0,0.0
2024-05-28 11:03:00-04:00,67.91999816894531,67.91999816894531,67.91999816894531,67.91999816894531,426,0.0,0.0
2024-05-28 11:05:00-04:00,67.81999969482422,67.81999969482422,67.80000305175781,67.80000305175781,544,0.0,0.0
2024-05-28 11:06:00-04:00,67.75,67.75,67.75,67.75,179,0.0,0.0
2024-05-28 11:08:00-04:00,67.68000030517578,67.68000030517578,67.68000030517578,67.68000030517578,201,0.0,0.0
2024-05-28 11:09:00-04:00,67.7249984741211,67.7249984741211,67.7249984741211,67.7249984741211,1377,0.0,0.0
2024-05-28 11:10:00-04:00,67.79000091552734,67.79000091552734,67.79000091552734,67.79000091552734,834,0.0,0.0
2024-05-28 11:14:00-04:00,67.7750015258789,67.7750015258789,67.7750015258789,67.7750015258789,101,0.0,0.0
2024-05-28 11:15:00-04:00,67.80999755859375,67.80999755859375,67.69000244140625,67.69000244140625,1792,0.0,0.0
2024-05-28 11:17:00-04:00,67.66000366210938,67.66999816894531,67.66000366210938,67.66999816894531,293,0.0,0.0
2024-05-28 11:19:00-04:00,67.66500091552734,67.66500091552734,67.66500091552734,67.66500091552734,142,0.0,0.0
2024-05-28 11:21:00-04:00,67.66999816894531,67.66999816894531,67.66999816894531,67.66999816894531,253,0.0,0.0
2024-05-28 11:23:00-04:00,67.56500244140625,67.56500244140625,67.5,67.5,458,0.0,0.0
2024-05-28 11:30:00-04:00,67.5,67.58000183105469,67.5,67.55999755859375,1863,0.0,0.0
2024-05-28 11:34:00-04:00,67.5,67.52999877929688,67.48999786376953,67.48999786376953,719,0.0,0.0
2024-05-28 11:36:00-04:00,67.47000122070312,67.47000122070312,67.46499633789062,67.46499633789062,350,0.0,0.0
2024-05-28 11:37:00-04:00,67.48500061035156,67.48500061035156,67.4800033569336,67.48249816894531,623,0.0,0.0
2024-05-28 11:38:00-04:00,67.48500061035156,67.72000122070312,67.4800033569336,67.72000122070312,4944,0.0,0.0
2024-05-28 11:39:00-04:00,67.7300033569336,67.7300033569336,67.7300033569336,67.7300033569336,658,0.0,0.0
2024-05-28 11:40:00-04:00,67.77999877929688,67.87999725341797,67.77999877929688,67.87999725341797,927,0.0,0.0
2024-05-28 11:44:00-04:00,67.77999877929688,67.77999877929688,67.77999877929688,67.77999877929688,113,0.0,0.0
2024-05-28 11:45:00-04:00,67.74500274658203,67.74500274658203,67.74500274658203,67.74500274658203,385,0.0,0.0
2024-05-28 11:49:00-04:00,67.73999786376953,67.75499725341797,67.73999786376953,67.75499725341797,479,0.0,0.0
2024-05-28 11:51:00-04:00,67.68000030517578,67.68000030517578,67.68000030517578,67.68000030517578,135,0.0,0.0
2024-05-28 11:52:00-04:00,67.74500274658203,67.74500274658203,67.74500274658203,67.74500274658203,588,0.0,0.0
2024-05-28 11:54:00-04:00,67.80999755859375,67.80999755859375,67.80999755859375,67.80999755859375,987,0.0,0.0
2024-05-28 11:59:00-04:00,67.7750015258789,67.7750015258789,67.7750015258789,67.7750015258789,190,0.0,0.0
2024-05-28 12:00:00-04:00,67.84839630126953,67.8499984741211,67.84839630126953,67.8499984741211,2444,0.0,0.0
2024-05-28 12:02:00-04:00,67.86000061035156,67.86000061035156,67.86000061035156,67.86000061035156,160,0.0,0.0
2024-05-28 12:05:00-04:00,67.7300033569336,67.7699966430664,67.68000030517578,67.68000030517578,1830,0.0,0.0
2024-05-28 12:06:00-04:00,67.61000061035156,67.65499877929688,67.61000061035156,67.65499877929688,228,0.0,0.0
2024-05-28 12:07:00-04:00,67.61000061035156,67.61000061035156,67.61000061035156,67.61000061035156,686,0.0,0.0
2024-05-28 12:11:00-04:00,67.6500015258789,67.83999633789062,67.6500015258789,67.83999633789062,4358,0.0,0.0
2024-05-28 12:14:00-04:00,67.94999694824219,67.94999694824219,67.94999694824219,67.94999694824219,417,0.0,0.0
2024-05-28 12:15:00-04:00,67.9800033569336,67.9800033569336,67.9800033569336,67.9800033569336,379,0.0,0.0
2024-05-28 12:18:00-04:00,67.94000244140625,67.94000244140625,67.94000244140625,67.94000244140625,609,0.0,0.0
2024-05-28 12:19:00-04:00,67.88999938964844,67.88999938964844,67.88999938964844,67.88999938964844,590,0.0,0.0
2024-05-28 12:25:00-04:00,67.79000091552734,67.79000091552734,67.7699966430664,67.7699966430664,416,0.0,0.0
2024-05-28 12:29:00-04:00,67.79000091552734,67.79000091552734,67.79000091552734,67.79000091552734,460,0.0,0.0
2024-05-28 12:31:00-04:00,67.79000091552734,67.79000091552734,67.79000091552734,67.79000091552734,128,0.0,0.0
2024-05-28 12:32:00-04:00,67.79000091552734,67.79000091552734,67.79000091552734,67.79000091552734,117,0.0,0.0
2024-05-28 12:33:00-04:00,67.79000091552734,67.87999725341797,67.79000091552734,67.875,1748,0.0,0.0
2024-05-28 12:39:00-04:00,67.85600280761719,67.85600280761719,67.85600280761719,67.85600280761719,451,0.0,0.0
2024-05-28 12:41:00-04:00,67.76000213623047,67.76000213623047,67.76000213623047,67.76000213623047,280,0.0,0.0
2024-05-28 12:44:00-04:00,67.83499908447266,67.83499908447266,67.77999877929688,67.77999877929688,642,0.0,0.0
2024-05-28 12:49:00-04:00,67.80999755859375,67.80999755859375,67.76139831542969,67.7666015625,726,0.0,0.0
2024-05-28 12:51:00-04:00,67.76000213623047,67.79000091552734,67.76000213623047,67.79000091552734,593,0.0,0.0
2024-05-28 12:53:00-04:00,67.75,67.75,67.75,67.75,538,0.0,0.0
2024-05-28 12:55:00-04:00,67.73999786376953,67.73999786376953,67.73999786376953,67.73999786376953,121,0.0,0.0
2024-05-28 12:56:00-04:00,67.75749969482422,67.75749969482422,67.75749969482422,67.75749969482422,140,0.0,0.0
2024-05-28 12:57:00-04:00,67.80000305175781,67.83999633789062,67.80000305175781,67.83999633789062,2554,0.0,0.0
2024-05-28 12:59:00-04:00,67.83000183105469,67.87000274658203,67.83000183105469,67.87000274658203,848,0.0,0.0
2024-05-28 13:00:00-04:00,67.79000091552734,67.79000091552734,67.71530151367188,67.71530151367188,336,0.0,0.0
2024-05-28 13:01:00-04:00,67.7750015258789,67.7750015258789,67.7750015258789,67.7750015258789,614,0.0,0.0
2024-05-28 13:05:00-04:00,67.7699966430664,67.7699966430664,67.7699966430664,67.7699966430664,329,0.0,0.0
2024-05-28 13:09:00-04:00,67.75,67.75,67.75,67.75,625,0.0,0.0
2024-05-28 13:12:00-04:00,67.75,67.75,67.75,67.75,189,0.0,0.0
2024-05-28 13:14:00-04:00,67.75,67.75,67.75,67.75,326,0.0,0.0
2024-05-28 13:16:00-04:00,67.75,67.75,67.75,67.75,130,0.0,0.0
2024-05-28 13:17:00-04:00,67.70999908447266,67.70999908447266,67.70999908447266,67.70999908447266,424,0.0,0.0
2024-05-28 13:20:00-04:00,67.75,67.75,67.75,67.75,350,0.0,0.0
2024-05-28 13:21:00-04:00,67.77999877929688,67.81999969482422,67.77999877929688,67.80999755859375,2634,0.0,0.0
2024-05-28 13:25:00-04:00,67.7300033569336,67.7300033569336,67.7300033569336,67.7300033569336,517,0.0,0.0
2024-05-28 13:30:00-04:00,67.78500366210938,67.78500366210938,67.78500366210938,67.78500366210938,148,0.0,0.0
2024-05-28 13:31:00-04:00,67.75,67.81999969482422,67.75,67.81999969482422,403,0.0,0.0
2024-05-28 13:32:00-04:00,67.80999755859375,67.80999755859375,67.80999755859375,67.80999755859375,833,0.0,0.0
2024-05-28 13:36:00-04:00,67.78500366210938,67.78500366210938,67.78500366210938,67.78500366210938,227,0.0,0.0
2024-05-28 13:40:00-04:00,67.7750015258789,67.7750015258789,67.7750015258789,67.7750015258789,122,0.0,0.0
2024-05-28 13:41:00-04:00,67.7750015258789,67.7750015258789,67.7750015258789,67.7750015258789,158,0.0,0.0
2024-05-28 13:42:00-04:00,67.7699966430664,67.7699966430664,67.7699966430664,67.7699966430664,458,0.0,0.0
2024-05-28 13:45:00-04:00,67.76000213623047,67.76000213623047,67.70999908447266,67.70999908447266,848,0.0,0.0
2024-05-28 13:46:00-04:00,67.73500061035156,67.75,67.7249984741211,67.75,1858,0.0,0.0
2024-05-28 13:47:00-04:00,67.79000091552734,67.80000305175781,67.79000091552734,67.80000305175781,1264,0.0,0.0
2024-05-28 13:49:00-04:00,67.79000091552734,67.79000091552734,67.7699966430664,67.7699966430664,444,0.0,0.0
2024-05-28 13:51:00-04:00,67.74500274658203,67.74500274658203,67.74500274658203,67.74500274658203,490,0.0,0.0
2024-05-28 13:53:00-04:00,67.76000213623047,67.79000091552734,67.76000213623047,67.79000091552734,1153,0.0,0.0
2024-05-28 13:56:00-04:00,67.79000091552734,67.79000091552734,67.7699966430664,67.79000091552734,939,0.0,0.0
2024-05-28 14:04:00-04:00,67.80999755859375,67.80999755859375,67.80999755859375,67.80999755859375,169,0.0,0.0
2024-05-28 14:05:00-04:00,67.80500030517578,67.80500030517578,67.80500030517578,67.80500030517578,221,0.0,0.0
2024-05-28 14:06:00-04:00,67.80500030517578,67.80500030517578,67.79499816894531,67.79499816894531,519,0.0,0.0
2024-05-28 14:08:00-04:00,67.79000091552734,67.79000091552734,67.7699966430664,67.7699966430664,999,0.0,0.0
2024-05-28 14:14:00-04:00,67.83000183105469,67.83000183105469,67.80000305175781,67.80000305175781,918,0.0,0.0
2024-05-28 14:17:00-04:00,67.7699966430664,67.7699966430664,67.7699966430664,67.7699966430664,552,0.0,0.0
2024-05-28 14:20:00-04:00,67.79000091552734,67.9000015258789,67.7699966430664,67.9000015258789,3999,0.0,0.0
2024-05-28 14:25:00-04:00,67.9000015258789,68.03500366210938,67.9000015258789,68.02999877929688,3567,0.0,0.0
2024-05-28 14:27:00-04:00,68.08000183105469,68.19000244140625,68.08000183105469,68.19000244140625,1396,0.0,0.0
2024-05-28 14:28:00-04:00,68.0999984741211,68.16000366210938,68.0999984741211,68.1500015258789,1687,0.0,0.0
2024-05-28 14:29:00-04:00,68.19000244140625,68.19000244140625,68.0999984741211,68.0999984741211,966,0.0,0.0
2024-05-28 14:30:00-04:00,68.0199966430664,68.0199966430664,68.0199966430664,68.0199966430664,436,0.0,0.0
2024-05-28 14:31:00-04:00,67.90499877929688,67.90499877929688,67.90499877929688,67.90499877929688,217,0.0,0.0
2024-05-28 14:34:00-04:00,68.02999877929688,68.02999877929688,67.88999938964844,67.88999938964844,1844,0.0,0.0
2024-05-28 14:36:00-04:00,67.93499755859375,67.93499755859375,67.93499755859375,67.93499755859375,113,0.0,0.0
2024-05-28 14:37:00-04:00,67.92500305175781,67.92500305175781,67.92500305175781,67.92500305175781,192,0.0,0.0
2024-05-28 14:39:00-04:00,67.88999938964844,67.88999938964844,67.8499984741211,67.8499984741211,555,0.0,0.0
2024-05-28 14:40:00-04:00,67.87999725341797,67.87999725341797,67.87999725341797,67.87999725341797,302,0.0,0.0
2024-05-28 14:43:00-04:00,67.8949966430664,67.8949966430664,67.83999633789062,67.83999633789062,410,0.0,0.0
2024-05-28 14:45:00-04:00,67.8949966430664,67.8949966430664,67.8949966430664,67.8949966430664,297,0.0,0.0
2024-05-28 14:46:00-04:00,67.86000061035156,67.86000061035156,67.86000061035156,67.86000061035156,487,0.0,0.0
2024-05-28 14:47:00-04:00,67.87999725341797,67.94000244140625,67.87999725341797,67.94000244140625,2547,0.0,0.0
2024-05-28 14:48:00-04:00,67.95999908447266,67.95999908447266,67.92500305175781,67.92500305175781,2023,0.0,0.0
2024-05-28 14:52:00-04:00,67.8499984741211,67.8499984741211,67.73999786376953,67.83000183105469,3909,0.0,0.0
2024-05-28 14:53:00-04:00,67.83000183105469,67.87000274658203,67.83000183105469,67.87000274658203,1641,0.0,0.0
2024-05-28 14:54:00-04:00,67.87999725341797,67.87999725341797,67.83000183105469,67.83000183105469,649,0.0,0.0
2024-05-28 14:56:00-04:00,67.87999725341797,67.87999725341797,67.87999725341797,67.87999725341797,1442,0.0,0.0
2024-05-28 14:57:00-04:00,67.87999725341797,67.97000122070312,67.87999725341797,67.97000122070312,1992,0.0,0.0
2024-05-28 14:58:00-04:00,67.98999786376953,67.98999786376953,67.91000366210938,67.91000366210938,1539,0.0,0.0
2024-05-28 14:59:00-04:00,67.90499877929688,67.90499877929688,67.90499877929688,67.90499877929688,400,0.0,0.0
2024-05-28 15:02:00-04:00,67.94999694824219,67.97000122070312,67.91500091552734,67.97000122070312,1968,0.0,0.0
2024-05-28 15:03:00-04:00,68.02999877929688,68.02999877929688,68.02999877929688,68.02999877929688,513,0.0,0.0
2024-05-28 15:04:00-04:00,68.0,68.0,68.0,68.0,363,0.0,0.0
2024-05-28 15:07:00-04:00,67.9749984741211,67.9800033569336,67.96489715576172,67.96489715576172,976,0.0,0.0
2024-05-28 15:08:00-04:00,67.91999816894531,68.0,67.91000366210938,67.95500183105469,1296,0.0,0.0
2024-05-28 15:10:00-04:00,67.95500183105469,67.95500183105469,67.95500183105469,67.95500183105469,219,0.0,0.0
2024-05-28 15:12:00-04:00,67.91000366210938,67.91000366210938,67.91000366210938,67.91000366210938,294,0.0,0.0
2024-05-28 15:13:00-04:00,67.95500183105469,67.95500183105469,67.91000366210938,67.94499969482422,1094,0.0,0.0
2024-05-28 15:15:00-04:00,67.94499969482422,67.97000122070312,67.93000030517578,67.93000030517578,1296,0.0,0.0
2024-05-28 15:16:00-04:00,67.92250061035156,68.0999984741211,67.92250061035156,68.0999984741211,3820,0.0,0.0
2024-05-28 15:20:00-04:00,68.13999938964844,68.1500015258789,68.13999938964844,68.1500015258789,1246,0.0,0.0
2024-05-28 15:21:00-04:00,68.1449966430664,68.1449966430664,68.1449966430664,68.1449966430664,441,0.0,0.0
2024-05-28 15:23:00-04:00,68.11000061035156,68.1449966430664,68.11000061035156,68.1449966430664,744,0.0,0.0
2024-05-28 15:24:00-04:00,68.11499786376953,68.11499786376953,68.11499786376953,68.11499786376953,394,0.0,0.0
2024-05-28 15:27:00-04:00,68.06999969482422,68.1500015258789,68.06999969482422,68.11000061035156,1181,0.0,0.0
2024-05-28 15:28:00-04:00,68.06999969482422,68.06999969482422,68.01000213623047,68.0199966430664,2675,0.0,0.0
2024-05-28 15:29:00-04:00,67.97000122070312,67.97000122070312,67.97000122070312,67.97000122070312,162,0.0,0.0
2024-05-28 15:30:00-04:00,67.97000122070312,67.97000122070312,67.97000122070312,67.97000122070312,282,0.0,0.0
2024-05-28 15:31:00-04:00,68.01000213623047,68.01000213623047,68.01000213623047,68.01000213623047,163,0.0,0.0
2024-05-28 15:32:00-04:00,68.04000091552734,68.04000091552734,68.02999877929688,68.02999877929688,1286,0.0,0.0
2024-05-28 15:33:00-04:00,68.05000305175781,68.08000183105469,68.05000305175781,68.08000183105469,1360,0.0,0.0
2024-05-28 15:34:00-04:00,68.06999969482422,68.0999984741211,68.06999969482422,68.0999984741211,782,0.0,0.0
2024-05-28 15:35:00-04:00,68.07499694824219,68.11000061035156,68.07499694824219,68.0999984741211,1709,0.0,0.0
2024-05-28 15:37:00-04:00,68.12000274658203,68.12999725341797,68.12000274658203,68.12999725341797,357,0.0,0.0
2024-05-28 15:39:00-04:00,68.1050033569336,68.12999725341797,68.1050033569336,68.12999725341797,1246,0.0,0.0
2024-05-28 15:41:00-04:00,68.0999984741211,68.26499938964844,68.06999969482422,68.26499938964844,6303,0.0,0.0
2024-05-28 15:42:00-04:00,68.29000091552734,68.29000091552734,68.13999938964844,68.13999938964844,4559,0.0,0.0
2024-05-28 15:43:00-04:00,68.13999938964844,68.13999938964844,68.13999938964844,68.13999938964844,172,0.0,0.0
2024-05-28 15:45:00-04:00,68.19999694824219,68.19999694824219,68.15499877929688,68.19000244140625,1674,0.0,0.0
2024-05-28 15:46:00-04:00,68.19999694824219,68.22000122070312,68.16000366210938,68.18499755859375,2399,0.0,0.0
2024-05-28 15:47:00-04:00,68.18000030517578,68.18000030517578,68.15499877929688,68.15499877929688,1071,0.0,0.0
2024-05-28 15:48:00-04:00,68.1500015258789,68.18000030517578,68.1500015258789,68.18000030517578,1649,0.0,0.0
2024-05-28 15:49:00-04:00,68.22000122070312,68.22000122070312,68.22000122070312,68.22000122070312,634,0.0,0.0
2024-05-28 15:50:00-04:00,68.23500061035156,68.30500030517578,68.23500061035156,68.30500030517578,2456,0.0,0.0
2024-05-28 15:51:00-04:00,68.30500030517578,68.3499984741211,68.30000305175781,68.3499984741211,2665,0.0,0.0
2024-05-28 15:52:00-04:00,68.36000061035156,68.36000061035156,68.36000061035156,68.36000061035156,758,0.0,0.0
2024-05-28 15:53:00-04:00,68.36000061035156,68.37999725341797,68.30000305175781,68.30000305175781,6461,0.0,0.0
2024-05-28 15:54:00-04:00,68.25,68.26000213623047,68.19999694824219,68.19999694824219,3258,0.0,0.0
2024-05-28 15:55:00-04:00,68.26000213623047,68.4000015258789,68.2300033569336,68.37999725341797,6717,0.0,0.0
2024-05-28 15:56:00-04:00,68.38500213623047,68.38500213623047,68.31999969482422,68.36000061035156,4398,0.0,0.0
2024-05-28 15:57:00-04:00,68.35990142822266,68.35990142822266,68.22000122070312,68.25,5367,0.0,0.0
2024-05-28 15:58:00-04:00,68.25,68.29000091552734,68.25,68.25959777832031,9043,0.0,0.0
2024-05-28 15:59:00-04:00,68.25,68.31999969482422,68.23999786376953,68.31999969482422,14060,0.0,0.0
2024-05-29 09:30:00-04:00,67.62999725341797,67.81999969482422,67.62999725341797,67.81999969482422,3747,0.0,0.0
2024-05-29 09:31:00-04:00,67.82649993896484,67.82649993896484,67.82649993896484,67.82649993896484,135,0.0,0.0
2024-05-29 09:32:00-04:00,67.82499694824219,67.82499694824219,67.81999969482422,67.81999969482422,344,0.0,0.0
2024-05-29 09:35:00-04:00,67.81999969482422,67.8499984741211,67.61000061035156,67.8499984741211,462,0.0,0.0
2024-05-29 09:36:00-04:00,67.81999969482422,67.81999969482422,67.61000061035156,67.61000061035156,204,0.0,0.0
2024-05-29 09:37:00-04:00,67.61000061035156,67.61000061035156,67.61000061035156,67.61000061035156,495,0.0,0.0
2024-05-29 09:39:00-04:00,67.6500015258789,67.6500015258789,67.44999694824219,67.44999694824219,1942,0.0,0.0
2024-05-29 09:40:00-04:00,67.37999725341797,67.37999725341797,67.37999725341797,67.37999725341797,132,0.0,0.0
2024-05-29 09:41:00-04:00,67.37999725341797,67.37999725341797,67.1500015258789,67.1500015258789,3582,0.0,0.0
2024-05-29 09:42:00-04:00,67.0199966430664,67.0199966430664,67.0,67.0,463,0.0,0.0
2024-05-29 09:43:00-04:00,67.03500366210938,67.03500366210938,67.01000213623047,67.01000213623047,314,0.0,0.0
2024-05-29 09:44:00-04:00,67.33499908447266,67.33499908447266,67.0199966430664,67.0199966430664,364,0.0,0.0
2024-05-29 09:45:00-04:00,66.68499755859375,66.68499755859375,66.68499755859375,66.68499755859375,1722,0.0,0.0
2024-05-29 09:48:00-04:00,66.80000305175781,66.80000305175781,66.56999969482422,66.56999969482422,1194,0.0,0.0
2024-05-29 09:49:00-04:00,66.5999984741211,66.5999984741211,66.58000183105469,66.58000183105469,385,0.0,0.0
2024-05-29 09:50:00-04:00,66.95999908447266,67.06999969482422,66.69999694824219,66.8499984741211,2575,0.0,0.0
2024-05-29 09:51:00-04:00,67.08000183105469,67.12999725341797,66.9000015258789,67.12999725341797,1422,0.0,0.0
2024-05-29 09:54:00-04:00,66.7300033569336,66.7300033569336,66.7300033569336,66.7300033569336,207,0.0,0.0
2024-05-29 09:55:00-04:00,66.77999877929688,66.91500091552734,66.77999877929688,66.91500091552734,394,0.0,0.0
2024-05-29 09:56:00-04:00,66.73999786376953,66.73999786376953,66.73999786376953,66.73999786376953,345,0.0,0.0
2024-05-29 09:57:00-04:00,66.66000366210938,66.66000366210938,66.52999877929688,66.52999877929688,206,0.0,0.0
2024-05-29 09:58:00-04:00,66.52999877929688,66.52999877929688,66.52999877929688,66.52999877929688,202,0.0,0.0
2024-05-29 09:59:00-04:00,66.66999816894531,66.87999725341797,66.66999816894531,66.79000091552734,1049,0.0,0.0
2024-05-29 10:00:00-04:00,66.72000122070312,66.72000122070312,66.58000183105469,66.58000183105469,355,0.0,0.0
2024-05-29 10:01:00-04:00,66.55999755859375,66.87999725341797,66.55999755859375,66.87999725341797,520,0.0,0.0
2024-05-29 10:02:00-04:00,66.7249984741211,66.7249984741211,66.62999725341797,66.62999725341797,241,0.0,0.0
2024-05-29 10:03:00-04:00,66.58999633789062,66.58999633789062,66.58999633789062,66.58999633789062,386,0.0,0.0
2024-05-29 10:04:00-04:00,66.87999725341797,66.9000015258789,66.7249984741211,66.88999938964844,1222,0.0,0.0
2024-05-29 10:05:00-04:00,66.64420318603516,66.72000122070312,66.62999725341797,66.72000122070312,1919,0.0,0.0
2024-05-29 10:06:00-04:00,66.81999969482422,66.91000366210938,66.81999969482422,66.84500122070312,916,0.0,0.0
2024-05-29 10:07:00-04:00,66.8949966430664,67.04000091552734,66.8949966430664,66.97000122070312,2930,0.0,0.0
2024-05-29 10:08:00-04:00,67.06500244140625,67.11000061035156,67.06500244140625,67.11000061035156,710,0.0,0.0
2024-05-29 10:09:00-04:00,67.08999633789062,67.08999633789062,67.08999633789062,67.08999633789062,306,0.0,0.0
2024-05-29 10:10:00-04:00,66.96009826660156,67.06500244140625,66.96009826660156,67.06500244140625,566,0.0,0.0
2024-05-29 10:11:00-04:00,66.91999816894531,66.91999816894531,66.91999816894531,66.91999816894531,285,0.0,0.0
2024-05-29 10:12:00-04:00,67.16000366210938,67.16000366210938,67.16000366210938,67.16000366210938,100,0.0,0.0
2024-05-29 10:13:00-04:00,67.04190063476562,67.04190063476562,66.8499984741211,66.8499984741211,584,0.0,0.0
2024-05-29 10:14:00-04:00,66.80999755859375,66.9749984741211,66.80999755859375,66.80999755859375,824,0.0,0.0
2024-05-29 10:15:00-04:00,66.79000091552734,66.81990051269531,66.71499633789062,66.71499633789062,1480,0.0,0.0
2024-05-29 10:16:00-04:00,66.52999877929688,66.68000030517578,66.52999877929688,66.63500213623047,2854,0.0,0.0
2024-05-29 10:17:00-04:00,66.58999633789062,66.62999725341797,66.52999877929688,66.58000183105469,1144,0.0,0.0
2024-05-29 10:18:00-04:00,66.52999877929688,66.52999877929688,66.5,66.5,744,0.0,0.0
2024-05-29 10:19:00-04:00,66.37999725341797,66.48999786376953,66.36000061035156,66.48999786376953,1094,0.0,0.0
2024-05-29 10:20:00-04:00,66.36000061035156,66.4000015258789,66.36000061035156,66.4000015258789,453,0.0,0.0
2024-05-29 10:21:00-04:00,66.41999816894531,66.5,66.37000274658203,66.5,6514,0.0,0.0
2024-05-29 10:23:00-04:00,66.44499969482422,66.44499969482422,66.44499969482422,66.44499969482422,479,0.0,0.0
2024-05-29 10:24:00-04:00,66.55999755859375,66.55999755859375,66.44000244140625,66.44000244140625,4170,0.0,0.0
2024-05-29 10:26:00-04:00,66.44499969482422,66.44499969482422,66.44499969482422,66.44499969482422,193,0.0,0.0
2024-05-29 10:27:00-04:00,66.44499969482422,66.44499969482422,66.44499969482422,66.44499969482422,777,0.0,0.0
2024-05-29 10:29:00-04:00,66.29000091552734,66.31999969482422,66.29000091552734,66.31999969482422,1010,0.0,0.0
2024-05-29 10:30:00-04:00,66.38999938964844,66.38999938964844,66.38999938964844,66.38999938964844,119,0.0,0.0
2024-05-29 10:31:00-04:00,66.29000091552734,66.48999786376953,66.29000091552734,66.37000274658203,2866,0.0,0.0
2024-05-29 10:32:00-04:00,66.4000015258789,66.42500305175781,66.3499984741211,66.42500305175781,1292,0.0,0.0
2024-05-29 10:33:00-04:00,66.38999938964844,66.52999877929688,66.38999938964844,66.4800033569336,3876,0.0,0.0
2024-05-29 10:34:00-04:00,66.42500305175781,66.58999633789062,66.42500305175781,66.58999633789062,31399,0.0,0.0
2024-05-29 10:35:00-04:00,66.50499725341797,66.62999725341797,66.50499725341797,66.62999725341797,808,0.0,0.0
2024-05-29 10:36:00-04:00,66.56500244140625,66.56500244140625,66.55000305175781,66.55000305175781,484,0.0,0.0
2024-05-29 10:38:00-04:00,66.62000274658203,66.6500015258789,66.62000274658203,66.6500015258789,208,0.0,0.0
2024-05-29 10:39:00-04:00,66.55000305175781,66.62999725341797,66.55000305175781,66.62999725341797,25295,0.0,0.0
2024-05-29 10:40:00-04:00,66.56999969482422,66.56999969482422,66.37999725341797,66.37999725341797,1884,0.0,0.0
2024-05-29 10:41:00-04:00,66.45999908447266,66.45999908447266,66.19999694824219,66.30000305175781,4085,0.0,0.0
2024-05-29 10:42:00-04:00,66.2750015258789,66.2750015258789,66.2750015258789,66.2750015258789,747,0.0,0.0
2024-05-29 10:45:00-04:00,66.2699966430664,66.30999755859375,66.2699966430664,66.30999755859375,228,0.0,0.0
2024-05-29 10:46:00-04:00,66.2699966430664,66.4800033569336,66.2699966430664,66.4800033569336,4168,0.0,0.0
2024-05-29 10:47:00-04:00,66.54000091552734,66.61000061035156,66.54000091552734,66.54000091552734,1141,0.0,0.0
2024-05-29 10:49:00-04:00,66.62999725341797,66.63999938964844,66.62999725341797,66.63999938964844,444,0.0,0.0
2024-05-29 10:50:00-04:00,66.6449966430664,66.72000122070312,66.61000061035156,66.61000061035156,1344,0.0,0.0
2024-05-29 10:51:00-04:00,66.56999969482422,66.56999969482422,66.56999969482422,66.56999969482422,347,0.0,0.0
2024-05-29 10:52:00-04:00,66.54000091552734,66.56500244140625,66.54000091552734,66.56500244140625,1022,0.0,0.0
2024-05-29 10:55:00-04:00,66.52999877929688,66.52999877929688,66.52999877929688,66.52999877929688,102,0.0,0.0
2024-05-29 10:56:00-04:00,66.45999908447266,66.45999908447266,66.45999908447266,66.45999908447266,261,0.0,0.0
2024-05-29 10:57:00-04:00,66.45999908447266,66.45999908447266,66.45999908447266,66.45999908447266,108,0.0,0.0
2024-05-29 10:58:00-04:00,66.45999908447266,66.47000122070312,66.45999908447266,66.47000122070312,801,0.0,0.0
2024-05-29 10:59:00-04:00,66.47000122070312,66.48500061035156,66.34500122070312,66.37999725341797,561,0.0,0.0
2024-05-29 11:00:00-04:00,66.5,66.66999816894531,66.5,66.66999816894531,2201,0.0,0.0
2024-05-29 11:01:00-04:00,66.66999816894531,66.72000122070312,66.62999725341797,66.62999725341797,1823,0.0,0.0
2024-05-29 11:05:00-04:00,66.63999938964844,66.63999938964844,66.63999938964844,66.63999938964844,593,0.0,0.0
2024-05-29 11:06:00-04:00,66.69499969482422,66.69499969482422,66.69499969482422,66.69499969482422,188,0.0,0.0
2024-05-29 11:07:00-04:00,66.739501953125,66.739501953125,66.63999938964844,66.63999938964844,775,0.0,0.0
2024-05-29 11:08:00-04:00,66.58999633789062,66.69000244140625,66.58999633789062,66.5999984741211,2356,0.0,0.0
2024-05-29 11:11:00-04:00,66.6500015258789,66.6500015258789,66.6500015258789,66.6500015258789,344,0.0,0.0
2024-05-29 11:13:00-04:00,66.56999969482422,66.63500213623047,66.56999969482422,66.56999969482422,1100,0.0,0.0
2024-05-29 11:15:00-04:00,66.5,66.5,66.48999786376953,66.48999786376953,753,0.0,0.0
2024-05-29 11:16:00-04:00,66.48999786376953,66.5,66.33999633789062,66.33999633789062,17745,0.0,0.0
2024-05-29 11:17:00-04:00,66.30000305175781,66.36000061035156,66.2300033569336,66.30999755859375,3085,0.0,0.0
2024-05-29 11:18:00-04:00,66.25,66.30999755859375,66.25,66.30999755859375,785,0.0,0.0
2024-05-29 11:19:00-04:00,66.30999755859375,66.30999755859375,66.25,66.25,640,0.0,0.0
2024-05-29 11:20:00-04:00,66.19000244140625,66.19000244140625,66.19000244140625,66.19000244140625,1057,0.0,0.0
2024-05-29 11:21:00-04:00,66.20999908447266,66.27999877929688,66.20999908447266,66.23999786376953,1860,0.0,0.0
2024-05-29 11:22:00-04:00,66.24500274658203,66.29000091552734,66.24500274658203,66.29000091552734,443,0.0,0.0
2024-05-29 11:23:00-04:00,66.25499725341797,66.25499725341797,66.25499725341797,66.25499725341797,633,0.0,0.0
2024-05-29 11:24:00-04:00,66.29000091552734,66.29000091552734,66.29000091552734,66.29000091552734,123,0.0,0.0
2024-05-29 11:25:00-04:00,66.29499816894531,66.29499816894531,66.29499816894531,66.29499816894531,218,0.0,0.0
2024-05-29 11:26:00-04:00,66.28500366210938,66.29499816894531,66.22000122070312,66.22000122070312,2310,0.0,0.0
2024-05-29 11:27:00-04:00,66.22000122070312,66.22000122070312,66.22000122070312,66.22000122070312,280,0.0,0.0
2024-05-29 11:28:00-04:00,66.23500061035156,66.23500061035156,66.23500061035156,66.23500061035156,196,0.0,0.0
2024-05-29 11:29:00-04:00,66.23500061035156,66.23500061035156,66.23500061035156,66.23500061035156,331,0.0,0.0
2024-05-29 11:30:00-04:00,66.23500061035156,66.23500061035156,66.23500061035156,66.23500061035156,767,0.0,0.0
2024-05-29 11:31:00-04:00,66.25499725341797,66.25499725341797,66.25499725341797,66.25499725341797,1697,0.0,0.0
2024-05-29 11:33:00-04:00,66.25499725341797,66.26000213623047,66.19999694824219,66.26000213623047,3852,0.0,0.0
2024-05-29 11:34:00-04:00,66.16000366210938,66.16000366210938,65.91000366210938,66.05000305175781,3695,0.0,0.0
2024-05-29 11:35:00-04:00,66.0199966430664,66.0199966430664,66.0199966430664,66.0199966430664,155,0.0,0.0
2024-05-29 11:36:00-04:00,66.0199966430664,66.0199966430664,66.0199966430664,66.0199966430664,256,0.0,0.0
2024-05-29 11:37:00-04:00,66.01499938964844,66.01499938964844,66.01499938964844,66.01499938964844,786,0.0,0.0
2024-05-29 11:38:00-04:00,65.94999694824219,66.05000305175781,65.94000244140625,66.00499725341797,1596,0.0,0.0
2024-05-29 11:39:00-04:00,65.97000122070312,66.12000274658203,65.97000122070312,66.1050033569336,2423,0.0,0.0
2024-05-29 11:40:00-04:00,66.1050033569336,66.1050033569336,66.1050033569336,66.1050033569336,360,0.0,0.0
2024-05-29 11:41:00-04:00,66.125,66.125,66.125,66.125,732,0.0,0.0
2024-05-29 11:42:00-04:00,66.05000305175781,66.12879943847656,66.05000305175781,66.12879943847656,706,0.0,0.0
2024-05-29 11:43:00-04:00,66.11000061035156,66.11000061035156,66.11000061035156,66.11000061035156,141,0.0,0.0
2024-05-29 11:44:00-04:00,66.12000274658203,66.12000274658203,66.11499786376953,66.11499786376953,229,0.0,0.0
2024-05-29 11:45:00-04:00,66.11499786376953,66.20999908447266,66.11499786376953,66.20999908447266,1941,0.0,0.0
2024-05-29 11:47:00-04:00,66.16999816894531,66.16999816894531,66.16999816894531,66.16999816894531,154,0.0,0.0
2024-05-29 11:49:00-04:00,66.18499755859375,66.30000305175781,66.18499755859375,66.30000305175781,1687,0.0,0.0
2024-05-29 11:50:00-04:00,66.36000061035156,66.36000061035156,66.28500366210938,66.28500366210938,1527,0.0,0.0
2024-05-29 11:52:00-04:00,66.16000366210938,66.16000366210938,66.16000366210938,66.16000366210938,533,0.0,0.0
2024-05-29 11:54:00-04:00,66.08999633789062,66.16000366210938,66.08999633789062,66.16000366210938,867,0.0,0.0
2024-05-29 11:55:00-04:00,66.22000122070312,66.22000122070312,66.22000122070312,66.22000122070312,110,0.0,0.0
2024-05-29 11:56:00-04:00,66.13999938964844,66.13999938964844,66.13999938964844,66.13999938964844,563,0.0,0.0
2024-05-29 11:57:00-04:00,66.16000366210938,66.16000366210938,66.13999938964844,66.13999938964844,526,0.0,0.0
2024-05-29 11:58:00-04:00,66.16000366210938,66.16000366210938,66.16000366210938,66.16000366210938,1134,0.0,0.0
2024-05-29 11:59:00-04:00,66.08000183105469,66.16000366210938,66.08000183105469,66.16000366210938,515,0.0,0.0
2024-05-29 12:00:00-04:00,66.19999694824219,66.19999694824219,66.08000183105469,66.16000366210938,765,0.0,0.0
2024-05-29 12:03:00-04:00,66.13999938964844,66.13999938964844,66.13999938964844,66.13999938964844,559,0.0,0.0
2024-05-29 12:04:00-04:00,66.13999938964844,66.13999938964844,66.08000183105469,66.08000183105469,264,0.0,0.0
2024-05-29 12:05:00-04:00,66.19999694824219,66.23999786376953,66.17250061035156,66.18000030517578,1745,0.0,0.0
2024-05-29 12:06:00-04:00,66.2300033569336,66.2300033569336,66.2300033569336,66.2300033569336,339,0.0,0.0
2024-05-29 12:07:00-04:00,66.16500091552734,66.16500091552734,66.16500091552734,66.16500091552734,167,0.0,0.0
2024-05-29 12:09:00-04:00,66.22000122070312,66.22000122070312,66.16500091552734,66.16500091552734,375,0.0,0.0
2024-05-29 12:10:00-04:00,66.16500091552734,66.16500091552734,66.16500091552734,66.16500091552734,429,0.0,0.0
2024-05-29 12:12:00-04:00,66.13999938964844,66.19000244140625,66.08999633789062,66.1449966430664,2138,0.0,0.0
2024-05-29 12:13:00-04:00,66.1449966430664,66.1449966430664,66.05000305175781,66.05000305175781,1087,0.0,0.0
2024-05-29 12:14:00-04:00,66.0199966430664,66.0199966430664,65.9800033569336,65.9800033569336,833,0.0,0.0
2024-05-29 12:16:00-04:00,66.0199966430664,66.0199966430664,66.0199966430664,66.0199966430664,216,0.0,0.0
2024-05-29 12:17:00-04:00,66.0199966430664,66.12999725341797,66.0199966430664,66.11000061035156,1669,0.0,0.0
2024-05-29 12:18:00-04:00,66.19000244140625,66.19000244140625,66.18000030517578,66.19000244140625,2081,0.0,0.0
2024-05-29 12:19:00-04:00,66.22000122070312,66.23999786376953,66.22000122070312,66.23999786376953,818,0.0,0.0
2024-05-29 12:21:00-04:00,66.29499816894531,66.29499816894531,66.29499816894531,66.29499816894531,735,0.0,0.0
2024-05-29 12:25:00-04:00,66.33999633789062,66.43000030517578,66.33999633789062,66.43000030517578,1365,0.0,0.0
2024-05-29 12:26:00-04:00,66.41000366210938,66.41000366210938,66.41000366210938,66.41000366210938,311,0.0,0.0
2024-05-29 12:28:00-04:00,66.44309997558594,66.44309997558594,66.44309997558594,66.44309997558594,141,0.0,0.0
2024-05-29 12:29:00-04:00,66.5199966430664,66.52999877929688,66.5199966430664,66.52999877929688,423,0.0,0.0
2024-05-29 12:31:00-04:00,66.54000091552734,66.6500015258789,66.44750213623047,66.63999938964844,4448,0.0,0.0
2024-05-29 12:32:00-04:00,66.69000244140625,66.69000244140625,66.69000244140625,66.69000244140625,728,0.0,0.0
2024-05-29 12:37:00-04:00,66.625,66.625,66.625,66.625,305,0.0,0.0
2024-05-29 12:39:00-04:00,66.55000305175781,66.55000305175781,66.54499816894531,66.54499816894531,747,0.0,0.0
2024-05-29 12:41:00-04:00,66.44999694824219,66.44999694824219,66.44999694824219,66.44999694824219,797,0.0,0.0
2024-05-29 12:43:00-04:00,66.44999694824219,66.44999694824219,66.44999694824219,66.44999694824219,119,0.0,0.0
2024-05-29 12:44:00-04:00,66.45500183105469,66.45500183105469,66.45500183105469,66.45500183105469,124,0.0,0.0
2024-05-29 12:45:00-04:00,66.45999908447266,66.45999908447266,66.45999908447266,66.45999908447266,286,0.0,0.0
2024-05-29 12:46:00-04:00,66.4749984741211,66.4749984741211,66.4749984741211,66.4749984741211,100,0.0,0.0
2024-05-29 12:47:00-04:00,66.4800033569336,66.4800033569336,66.4800033569336,66.4800033569336,279,0.0,0.0
2024-05-29 12:49:00-04:00,66.44499969482422,66.44499969482422,66.44499969482422,66.44499969482422,252,0.0,0.0
2024-05-29 12:50:00-04:00,66.44499969482422,66.44499969482422,66.44499969482422,66.44499969482422,321,0.0,0.0
2024-05-29 12:52:00-04:00,66.4800033569336,66.4800033569336,66.4800033569336,66.4800033569336,147,0.0,0.0
2024-05-29 12:53:00-04:00,66.5,66.5999984741211,66.5,66.5999984741211,1674,0.0,0.0
2024-05-29 12:56:00-04:00,66.55000305175781,66.55000305175781,66.55000305175781,66.55000305175781,202,0.0,0.0
2024-05-29 12:57:00-04:00,66.61270141601562,66.61270141601562,66.56999969482422,66.57869720458984,718,0.0,0.0
2024-05-29 12:58:00-04:00,66.56999969482422,66.58999633789062,66.5199966430664,66.57959747314453,2606,0.0,0.0
2024-05-29 12:59:00-04:00,66.5199966430664,66.6156005859375,66.5199966430664,66.6156005859375,632,0.0,0.0
2024-05-29 13:00:00-04:00,66.61759948730469,66.61759948730469,66.53730010986328,66.55999755859375,1031,0.0,0.0
2024-05-29 13:01:00-04:00,66.55999755859375,66.63770294189453,66.4800033569336,66.5199966430664,1126,0.0,0.0
2024-05-29 13:02:00-04:00,66.5250015258789,66.61360168457031,66.5250015258789,66.61360168457031,534,0.0,0.0
2024-05-29 13:03:00-04:00,66.53260040283203,66.53260040283203,66.53260040283203,66.53260040283203,330,0.0,0.0
2024-05-29 13:04:00-04:00,66.58000183105469,66.58000183105469,66.58000183105469,66.58000183105469,302,0.0,0.0
2024-05-29 13:05:00-04:00,66.5250015258789,66.60489654541016,66.5250015258789,66.60489654541016,703,0.0,0.0
2024-05-29 13:07:00-04:00,66.53500366210938,66.61840057373047,66.53500366210938,66.54810333251953,2911,0.0,0.0
2024-05-29 13:08:00-04:00,66.61000061035156,66.61000061035156,66.54499816894531,66.54499816894531,1487,0.0,0.0
2024-05-29 13:10:00-04:00,66.51000213623047,66.51000213623047,66.51000213623047,66.51000213623047,364,0.0,0.0
2024-05-29 13:13:00-04:00,66.48999786376953,66.48999786376953,66.48999786376953,66.48999786376953,276,0.0,0.0
2024-05-29 13:14:00-04:00,66.56999969482422,66.56999969482422,66.56999969482422,66.56999969482422,239,0.0,0.0
2024-05-29 13:15:00-04:00,66.56999969482422,66.56999969482422,66.56999969482422,66.56999969482422,182,0.0,0.0
2024-05-29 13:17:00-04:00,66.48999786376953,66.48999786376953,66.48999786376953,66.48999786376953,185,0.0,0.0
2024-05-29 13:18:00-04:00,66.48999786376953,66.48999786376953,66.48999786376953,66.48999786376953,138,0.0,0.0
2024-05-29 13:19:00-04:00,66.48999786376953,66.48999786376953,66.48999786376953,66.48999786376953,309,0.0,0.0
2024-05-29 13:20:00-04:00,66.48999786376953,66.48999786376953,66.48999786376953,66.48999786376953,309,0.0,0.0
2024-05-29 13:21:00-04:00,66.47000122070312,66.56999969482422,66.47000122070312,66.56999969482422,849,0.0,0.0
2024-05-29 13:22:00-04:00,66.56999969482422,66.62000274658203,66.55000305175781,66.55000305175781,2832,0.0,0.0
2024-05-29 13:23:00-04:00,66.55000305175781,66.55000305175781,66.55000305175781,66.55000305175781,799,0.0,0.0
2024-05-29 13:26:00-04:00,66.45999908447266,66.45999908447266,66.38999938964844,66.38999938964844,215,0.0,0.0
2024-05-29 13:27:00-04:00,66.45500183105469,66.45500183105469,66.45500183105469,66.45500183105469,271,0.0,0.0
2024-05-29 13:29:00-04:00,66.48500061035156,66.48500061035156,66.48500061035156,66.48500061035156,812,0.0,0.0
2024-05-29 13:35:00-04:00,66.44000244140625,66.44000244140625,66.44000244140625,66.44000244140625,200,0.0,0.0
2024-05-29 13:36:00-04:00,66.44000244140625,66.45500183105469,66.43000030517578,66.45500183105469,1341,0.0,0.0
2024-05-29 13:38:00-04:00,66.45500183105469,66.45500183105469,66.45500183105469,66.45500183105469,242,0.0,0.0
2024-05-29 13:40:00-04:00,66.45999908447266,66.45999908447266,66.45999908447266,66.45999908447266,120,0.0,0.0
2024-05-29 13:41:00-04:00,66.41999816894531,66.41999816894531,66.41999816894531,66.41999816894531,194,0.0,0.0
2024-05-29 13:43:00-04:00,66.45500183105469,66.45500183105469,66.45500183105469,66.45500183105469,414,0.0,0.0
2024-05-29 13:44:00-04:00,66.45500183105469,66.45500183105469,66.45500183105469,66.45500183105469,317,0.0,0.0
2024-05-29 13:45:00-04:00,66.45999908447266,66.45999908447266,66.45999908447266,66.45999908447266,256,0.0,0.0
2024-05-29 13:47:00-04:00,66.46499633789062,66.46499633789062,66.45999908447266,66.45999908447266,561,0.0,0.0
2024-05-29 13:49:00-04:00,66.46499633789062,66.46499633789062,66.46499633789062,66.46499633789062,252,0.0,0.0
2024-05-29 13:52:00-04:00,66.4749984741211,66.4749984741211,66.4749984741211,66.4749984741211,208,0.0,0.0
2024-05-29 13:54:00-04:00,66.44000244140625,66.44000244140625,66.44000244140625,66.44000244140625,216,0.0,0.0
2024-05-29 13:55:00-04:00,66.4749984741211,66.4749984741211,66.4749984741211,66.4749984741211,335,0.0,0.0
2024-05-29 13:56:00-04:00,66.5,66.5199966430664,66.5,66.5199966430664,2552,0.0,0.0
2024-05-29 13:58:00-04:00,66.5199966430664,66.54000091552734,66.51000213623047,66.51000213623047,1628,0.0,0.0
2024-05-29 14:00:00-04:00,66.41000366210938,66.44999694824219,66.41000366210938,66.44999694824219,307,0.0,0.0
2024-05-29 14:01:00-04:00,66.44999694824219,66.44999694824219,66.44999694824219,66.44999694824219,229,0.0,0.0
2024-05-29 14:03:00-04:00,66.44499969482422,66.44499969482422,66.44499969482422,66.44499969482422,283,0.0,0.0
2024-05-29 14:07:00-04:00,66.43499755859375,66.43499755859375,66.43499755859375,66.43499755859375,203,0.0,0.0
2024-05-29 14:10:00-04:00,66.45500183105469,66.45500183105469,66.45500183105469,66.45500183105469,237,0.0,0.0
2024-05-29 14:11:00-04:00,66.45500183105469,66.45500183105469,66.45500183105469,66.45500183105469,109,0.0,0.0
2024-05-29 14:12:00-04:00,66.45999908447266,66.45999908447266,66.41999816894531,66.41999816894531,569,0.0,0.0
2024-05-29 14:13:00-04:00,66.3949966430664,66.3949966430664,66.3949966430664,66.3949966430664,136,0.0,0.0
2024-05-29 14:14:00-04:00,66.39749908447266,66.39749908447266,66.39749908447266,66.39749908447266,184,0.0,0.0
2024-05-29 14:15:00-04:00,66.43000030517578,66.43000030517578,66.43000030517578,66.43000030517578,193,0.0,0.0
2024-05-29 14:16:00-04:00,66.45999908447266,66.45999908447266,66.45999908447266,66.45999908447266,1317,0.0,0.0
2024-05-29 14:20:00-04:00,66.5,66.5,66.5,66.5,865,0.0,0.0
2024-05-29 14:22:00-04:00,66.48999786376953,66.48999786376953,66.48999786376953,66.48999786376953,746,0.0,0.0
2024-05-29 14:26:00-04:00,66.48500061035156,66.48500061035156,66.48500061035156,66.48500061035156,692,0.0,0.0
2024-05-29 14:28:00-04:00,66.48500061035156,66.48500061035156,66.48500061035156,66.48500061035156,102,0.0,0.0
2024-05-29 14:29:00-04:00,66.48500061035156,66.48500061035156,66.48500061035156,66.48500061035156,312,0.0,0.0
2024-05-29 14:30:00-04:00,66.48500061035156,66.48500061035156,66.48500061035156,66.48500061035156,236,0.0,0.0
2024-05-29 14:31:00-04:00,66.48500061035156,66.48500061035156,66.48500061035156,66.48500061035156,293,0.0,0.0
2024-05-29 14:32:00-04:00,66.48500061035156,66.48500061035156,66.48500061035156,66.48500061035156,352,0.0,0.0
2024-05-29 14:34:00-04:00,66.47000122070312,66.47000122070312,66.47000122070312,66.47000122070312,426,0.0,0.0
2024-05-29 14:35:00-04:00,66.45999908447266,66.45999908447266,66.44999694824219,66.44999694824219,1201,0.0,0.0
2024-05-29 14:36:00-04:00,66.44999694824219,66.44999694824219,66.44999694824219,66.44999694824219,282,0.0,0.0
2024-05-29 14:37:00-04:00,66.44999694824219,66.44999694824219,66.44999694824219,66.44999694824219,125,0.0,0.0
2024-05-29 14:38:00-04:00,66.44999694824219,66.45500183105469,66.44999694824219,66.45500183105469,574,0.0,0.0
2024-05-29 14:39:00-04:00,66.41999816894531,66.41999816894531,66.41999816894531,66.41999816894531,237,0.0,0.0
2024-05-29 14:40:00-04:00,66.41999816894531,66.43000030517578,66.29000091552734,66.29000091552734,1722,0.0,0.0
2024-05-29 14:42:00-04:00,66.29000091552734,66.29000091552734,66.20999908447266,66.20999908447266,441,0.0,0.0
2024-05-29 14:43:00-04:00,66.2300033569336,66.2300033569336,66.19000244140625,66.20999908447266,953,0.0,0.0
2024-05-29 14:45:00-04:00,66.19499969482422,66.19499969482422,66.19499969482422,66.19499969482422,644,0.0,0.0
2024-05-29 14:47:00-04:00,65.9800033569336,65.9800033569336,65.9800033569336,65.9800033569336,189,0.0,0.0
2024-05-29 14:48:00-04:00,65.98999786376953,66.06500244140625,65.98999786376953,66.06500244140625,275,0.0,0.0
2024-05-29 14:49:00-04:00,66.06500244140625,66.06500244140625,66.01000213623047,66.01000213623047,719,0.0,0.0
2024-05-29 14:51:00-04:00,66.06500244140625,66.06500244140625,66.06500244140625,66.06500244140625,142,0.0,0.0
2024-05-29 14:52:00-04:00,66.04000091552734,66.06500244140625,66.04000091552734,66.06500244140625,379,0.0,0.0
2024-05-29 14:53:00-04:00,65.9800033569336,65.9800033569336,65.9800033569336,65.9800033569336,279,0.0,0.0
2024-05-29 14:54:00-04:00,65.9800033569336,66.08499908447266,65.9800033569336,66.08499908447266,292,0.0,0.0
2024-05-29 14:55:00-04:00,66.1500015258789,66.27999877929688,66.13999938964844,66.27999877929688,5180,0.0,0.0
2024-05-29 14:56:00-04:00,66.22000122070312,66.24500274658203,66.20999908447266,66.23999786376953,1098,0.0,0.0
2024-05-29 14:59:00-04:00,66.25,66.25499725341797,66.25,66.25499725341797,899,0.0,0.0
2024-05-29 15:01:00-04:00,66.30999755859375,66.30999755859375,66.30999755859375,66.30999755859375,464,0.0,0.0
2024-05-29 15:02:00-04:00,66.37000274658203,66.37000274658203,66.37000274658203,66.37000274658203,236,0.0,0.0
2024-05-29 15:03:00-04:00,66.37000274658203,66.37000274658203,66.37000274658203,66.37000274658203,352,0.0,0.0
2024-05-29 15:04:00-04:00,66.36000061035156,66.36000061035156,66.36000061035156,66.36000061035156,195,0.0,0.0
2024-05-29 15:05:00-04:00,66.36000061035156,66.36000061035156,66.36000061035156,66.36000061035156,310,0.0,0.0
2024-05-29 15:06:00-04:00,66.3905029296875,66.3905029296875,66.31999969482422,66.34500122070312,1094,0.0,0.0
2024-05-29 15:09:00-04:00,66.30999755859375,66.34500122070312,66.30000305175781,66.30000305175781,598,0.0,0.0
2024-05-29 15:10:00-04:00,66.33999633789062,66.33999633789062,66.33999633789062,66.33999633789062,100,0.0,0.0
2024-05-29 15:11:00-04:00,66.34500122070312,66.34500122070312,66.34500122070312,66.34500122070312,268,0.0,0.0
2024-05-29 15:12:00-04:00,66.34500122070312,66.34500122070312,66.34500122070312,66.34500122070312,352,0.0,0.0
2024-05-29 15:13:00-04:00,66.3499984741211,66.3499984741211,66.3499984741211,66.3499984741211,484,0.0,0.0
2024-05-29 15:14:00-04:00,66.3550033569336,66.3550033569336,66.3550033569336,66.3550033569336,106,0.0,0.0
2024-05-29 15:15:00-04:00,66.33999633789062,66.33999633789062,66.33999633789062,66.33999633789062,663,0.0,0.0
2024-05-29 15:17:00-04:00,66.36499786376953,66.38999938964844,66.36499786376953,66.38999938964844,1898,0.0,0.0
2024-05-29 15:18:00-04:00,66.41999816894531,66.58999633789062,66.41999816894531,66.52999877929688,3754,0.0,0.0
2024-05-29 15:20:00-04:00,66.51000213623047,66.51000213623047,66.4800033569336,66.4800033569336,1020,0.0,0.0
2024-05-29 15:21:00-04:00,66.44999694824219,66.4749984741211,66.44999694824219,66.4749984741211,989,0.0,0.0
2024-05-29 15:23:00-04:00,66.4800033569336,66.4800033569336,66.4800033569336,66.4800033569336,158,0.0,0.0
2024-05-29 15:24:00-04:00,66.4800033569336,66.4800033569336,66.43000030517578,66.43000030517578,1065,0.0,0.0
2024-05-29 15:25:00-04:00,66.3949966430664,66.4000015258789,66.3949966430664,66.4000015258789,792,0.0,0.0
2024-05-29 15:26:00-04:00,66.41500091552734,66.41500091552734,66.37999725341797,66.37999725341797,256,0.0,0.0
2024-05-29 15:27:00-04:00,66.41500091552734,66.41500091552734,66.41500091552734,66.41500091552734,343,0.0,0.0
2024-05-29 15:28:00-04:00,66.41999816894531,66.41999816894531,66.38999938964844,66.38999938964844,333,0.0,0.0
2024-05-29 15:29:00-04:00,66.38999938964844,66.48999786376953,66.37000274658203,66.48999786376953,3622,0.0,0.0
2024-05-29 15:34:00-04:00,66.4749984741211,66.4800033569336,66.4749984741211,66.4800033569336,429,0.0,0.0
2024-05-29 15:35:00-04:00,66.48500061035156,66.48500061035156,66.44000244140625,66.44000244140625,1518,0.0,0.0
2024-05-29 15:36:00-04:00,66.44999694824219,66.44999694824219,66.44499969482422,66.44499969482422,698,0.0,0.0
2024-05-29 15:37:00-04:00,66.44499969482422,66.44499969482422,66.44499969482422,66.44499969482422,840,0.0,0.0
2024-05-29 15:38:00-04:00,66.41999816894531,66.42500305175781,66.41999816894531,66.42500305175781,485,0.0,0.0
2024-05-29 15:39:00-04:00,66.42500305175781,66.42500305175781,66.42500305175781,66.42500305175781,318,0.0,0.0
2024-05-29 15:40:00-04:00,66.43000030517578,66.43000030517578,66.37000274658203,66.38999938964844,620,0.0,0.0
2024-05-29 15:41:00-04:00,66.43000030517578,66.43000030517578,66.42500305175781,66.42500305175781,1074,0.0,0.0
2024-05-29 15:42:00-04:00,66.42500305175781,66.42500305175781,66.42500305175781,66.42500305175781,914,0.0,0.0
2024-05-29 15:43:00-04:00,66.38999938964844,66.38999938964844,66.27999877929688,66.27999877929688,3286,0.0,0.0
2024-05-29 15:44:00-04:00,66.25499725341797,66.2699966430664,66.23500061035156,66.23999786376953,1050,0.0,0.0
2024-05-29 15:45:00-04:00,66.23999786376953,66.23999786376953,66.23999786376953,66.23999786376953,506,0.0,0.0
2024-05-29 15:46:00-04:00,66.23500061035156,66.2699966430664,66.2300033569336,66.26000213623047,3856,0.0,0.0
2024-05-29 15:47:00-04:00,66.2300033569336,66.2300033569336,66.06999969482422,66.11000061035156,3464,0.0,0.0
2024-05-29 15:48:00-04:00,66.0999984741211,66.16999816894531,66.0999984741211,66.13999938964844,4468,0.0,0.0
2024-05-29 15:49:00-04:00,66.12000274658203,66.12000274658203,66.02999877929688,66.04000091552734,1425,0.0,0.0
2024-05-29 15:50:00-04:00,66.02999877929688,66.06999969482422,66.01000213623047,66.04000091552734,1610,0.0,0.0
2024-05-29 15:51:00-04:00,66.05000305175781,66.08999633789062,65.97000122070312,66.0,6539,0.0,0.0
2024-05-29 15:52:00-04:00,66.11000061035156,66.11000061035156,66.0999984741211,66.0999984741211,2008,0.0,0.0
2024-05-29 15:53:00-04:00,66.08999633789062,66.08999633789062,66.04000091552734,66.05999755859375,2137,0.0,0.0
2024-05-29 15:54:00-04:00,66.01000213623047,66.07499694824219,66.01000213623047,66.07499694824219,5097,0.0,0.0
2024-05-29 15:55:00-04:00,66.05000305175781,66.13999938964844,66.0250015258789,66.13999938964844,6251,0.0,0.0
2024-05-29 15:56:00-04:00,66.12999725341797,66.12999725341797,66.05000305175781,66.05000305175781,1793,0.0,0.0
2024-05-29 15:57:00-04:00,66.06500244140625,66.06500244140625,66.0199966430664,66.04000091552734,2018,0.0,0.0
2024-05-29 15:58:00-04:00,66.03500366210938,66.05000305175781,66.0,66.0250015258789,8640,0.0,0.0
2024-05-29 15:59:00-04:00,66.0199966430664,66.19999694824219,65.98999786376953,66.19999694824219,12301,0.0,0.0
2024-05-30 09:30:00-04:00,66.19000244140625,66.19000244140625,66.19000244140625,66.19000244140625,2456,0.0,0.0
2024-05-30 09:35:00-04:00,66.83999633789062,66.83999633789062,66.83999633789062,66.83999633789062,564,0.0,0.0
2024-05-30 09:36:00-04:00,66.69999694824219,66.70999908447266,66.69999694824219,66.70999908447266,786,0.0,0.0
2024-05-30 09:37:00-04:00,66.7699966430664,66.7699966430664,66.7699966430664,66.7699966430664,103,0.0,0.0
2024-05-30 09:38:00-04:00,66.70999908447266,66.70999908447266,66.70999908447266,66.70999908447266,358,0.0,0.0
2024-05-30 09:39:00-04:00,66.6500015258789,66.6500015258789,66.6500015258789,66.6500015258789,574,0.0,0.0
2024-05-30 09:40:00-04:00,66.52999877929688,66.52999877929688,66.52999877929688,66.52999877929688,410,0.0,0.0
2024-05-30 09:42:00-04:00,66.48999786376953,66.5,66.48999786376953,66.5,621,0.0,0.0
2024-05-30 09:44:00-04:00,66.33000183105469,66.33000183105469,66.19000244140625,66.31500244140625,11472,0.0,0.0
2024-05-30 09:45:00-04:00,66.31999969482422,66.31999969482422,66.31999969482422,66.31999969482422,228,0.0,0.0
2024-05-30 09:46:00-04:00,66.31999969482422,66.31999969482422,66.31999969482422,66.31999969482422,800,0.0,0.0
2024-05-30 09:47:00-04:00,66.29499816894531,66.29499816894531,66.29499816894531,66.29499816894531,120,0.0,0.0
2024-05-30 09:48:00-04:00,66.4000015258789,66.4000015258789,66.4000015258789,66.4000015258789,261,0.0,0.0
2024-05-30 09:49:00-04:00,66.375,66.375,66.375,66.375,316,0.0,0.0
2024-05-30 09:50:00-04:00,66.4800033569336,66.84249877929688,66.45999908447266,66.84249877929688,2673,0.0,0.0
2024-05-30 09:54:00-04:00,66.75,66.75,66.7300033569336,66.7300033569336,714,0.0,0.0
2024-05-30 09:58:00-04:00,66.63999938964844,66.63999938964844,66.63999938964844,66.63999938964844,1462,0.0,0.0
2024-05-30 10:12:00-04:00,66.66000366210938,66.66000366210938,66.5999984741211,66.5999984741211,1573,0.0,0.0
2024-05-30 10:13:00-04:00,66.4800033569336,66.4800033569336,66.4800033569336,66.4800033569336,200,0.0,0.0
2024-05-30 10:14:00-04:00,66.44999694824219,66.44999694824219,66.44999694824219,66.44999694824219,483,0.0,0.0
2024-05-30 10:15:00-04:00,66.44999694824219,66.44999694824219,66.44999694824219,66.44999694824219,555,0.0,0.0
2024-05-30 10:21:00-04:00,66.42500305175781,66.56999969482422,66.42500305175781,66.55999755859375,2141,0.0,0.0
2024-05-30 10:22:00-04:00,66.66999816894531,66.68000030517578,66.63249969482422,66.63249969482422,510,0.0,0.0
2024-05-30 10:23:00-04:00,66.80999755859375,66.80999755859375,66.79499816894531,66.79499816894531,202,0.0,0.0
2024-05-30 10:24:00-04:00,66.80999755859375,66.82499694824219,66.80999755859375,66.82499694824219,976,0.0,0.0
2024-05-30 10:27:00-04:00,66.72000122070312,66.72000122070312,66.72000122070312,66.72000122070312,259,0.0,0.0
2024-05-30 10:30:00-04:00,66.80500030517578,66.80500030517578,66.80500030517578,66.80500030517578,235,0.0,0.0
2024-05-30 10:32:00-04:00,66.71499633789062,66.71499633789062,66.51000213623047,66.58999633789062,2929,0.0,0.0
2024-05-30 10:33:00-04:00,66.53500366210938,66.53500366210938,66.43000030517578,66.51000213623047,9007,0.0,0.0
2024-05-30 10:34:00-04:00,66.41500091552734,66.5,66.33999633789062,66.41000366210938,2438,0.0,0.0
2024-05-30 10:35:00-04:00,66.41500091552734,66.41500091552734,66.41500091552734,66.41500091552734,834,0.0,0.0
2024-05-30 10:39:00-04:00,66.5,66.52999877929688,66.48999786376953,66.50499725341797,11487,0.0,0.0
2024-05-30 10:40:00-04:00,66.56999969482422,66.56999969482422,66.56999969482422,66.56999969482422,382,0.0,0.0
2024-05-30 10:43:00-04:00,66.55999755859375,66.55999755859375,66.50499725341797,66.50499725341797,504,0.0,0.0
2024-05-30 10:44:00-04:00,66.47000122070312,66.52999877929688,66.47000122070312,66.52999877929688,1812,0.0,0.0
2024-05-30 10:48:00-04:00,66.45999908447266,66.55999755859375,66.45999908447266,66.55999755859375,1408,0.0,0.0
2024-05-30 10:49:00-04:00,66.55500030517578,66.56439971923828,66.55500030517578,66.56439971923828,1274,0.0,0.0
2024-05-30 10:56:00-04:00,66.5999984741211,66.5999984741211,66.5999984741211,66.5999984741211,540,0.0,0.0
2024-05-30 10:57:00-04:00,66.61000061035156,66.63999938964844,66.61000061035156,66.63999938964844,1564,0.0,0.0
2024-05-30 10:59:00-04:00,66.5999984741211,66.5999984741211,66.5999984741211,66.5999984741211,196,0.0,0.0
2024-05-30 11:00:00-04:00,66.6500015258789,66.6500015258789,66.56999969482422,66.56999969482422,1099,0.0,0.0
2024-05-30 11:01:00-04:00,66.58000183105469,66.58000183105469,66.58000183105469,66.58000183105469,124,0.0,0.0
2024-05-30 11:02:00-04:00,66.56999969482422,66.56999969482422,66.56999969482422,66.56999969482422,304,0.0,0.0
2024-05-30 11:04:00-04:00,66.6332015991211,66.6332015991211,66.6332015991211,66.6332015991211,421,0.0,0.0
2024-05-30 11:05:00-04:00,66.55500030517578,66.55500030517578,66.55500030517578,66.55500030517578,331,0.0,0.0
2024-05-30 11:08:00-04:00,66.44999694824219,66.44999694824219,66.42500305175781,66.42500305175781,1219,0.0,0.0
2024-05-30 11:09:00-04:00,66.42500305175781,66.42500305175781,66.42500305175781,66.42500305175781,168,0.0,0.0
2024-05-30 11:10:00-04:00,66.42500305175781,66.42500305175781,66.42500305175781,66.42500305175781,109,0.0,0.0
2024-05-30 11:12:00-04:00,66.44499969482422,66.44499969482422,66.44000244140625,66.44000244140625,358,0.0,0.0
2024-05-30 11:13:00-04:00,66.45500183105469,66.45500183105469,66.45500183105469,66.45500183105469,394,0.0,0.0
2024-05-30 11:18:00-04:00,66.44999694824219,66.50499725341797,66.44999694824219,66.44999694824219,1611,0.0,0.0
2024-05-30 11:20:00-04:00,66.44999694824219,66.44999694824219,66.44999694824219,66.44999694824219,826,0.0,0.0
2024-05-30 11:22:00-04:00,66.44999694824219,66.44999694824219,66.44999694824219,66.44999694824219,144,0.0,0.0
2024-05-30 11:23:00-04:00,66.41999816894531,66.44000244140625,66.41999816894531,66.44000244140625,1640,0.0,0.0
2024-05-30 11:25:00-04:00,66.4000015258789,66.41999816894531,66.1500015258789,66.25,5591,0.0,0.0
2024-05-30 11:27:00-04:00,66.36000061035156,66.36000061035156,66.36000061035156,66.36000061035156,126,0.0,0.0
2024-05-30 11:30:00-04:00,66.4000015258789,66.4000015258789,66.4000015258789,66.4000015258789,366,0.0,0.0
2024-05-30 11:31:00-04:00,66.35749816894531,66.35749816894531,66.35749816894531,66.35749816894531,186,0.0,0.0
2024-05-30 11:33:00-04:00,66.44999694824219,66.44999694824219,66.44999694824219,66.44999694824219,616,0.0,0.0
2024-05-30 11:34:00-04:00,66.50499725341797,66.50499725341797,66.37999725341797,66.45999908447266,7845,0.0,0.0
2024-05-30 11:39:00-04:00,66.47000122070312,66.47000122070312,66.41999816894531,66.44000244140625,2233,0.0,0.0
2024-05-30 11:40:00-04:00,66.38999938964844,66.45369720458984,66.38999938964844,66.45369720458984,615,0.0,0.0
2024-05-30 11:42:00-04:00,66.41999816894531,66.41999816894531,66.41999816894531,66.41999816894531,289,0.0,0.0
2024-05-30 11:43:00-04:00,66.4000015258789,66.4000015258789,66.4000015258789,66.4000015258789,630,0.0,0.0
2024-05-30 11:51:00-04:00,66.3499984741211,66.4000015258789,66.3499984741211,66.4000015258789,579,0.0,0.0
2024-05-30 11:52:00-04:00,66.44999694824219,66.44999694824219,66.44999694824219,66.44999694824219,190,0.0,0.0
2024-05-30 11:53:00-04:00,66.3949966430664,66.3949966430664,66.3949966430664,66.3949966430664,172,0.0,0.0
2024-05-30 11:54:00-04:00,66.3550033569336,66.37000274658203,66.3550033569336,66.37000274658203,565,0.0,0.0
2024-05-30 11:55:00-04:00,66.30999755859375,66.30999755859375,66.30999755859375,66.30999755859375,290,0.0,0.0
2024-05-30 11:57:00-04:00,66.37000274658203,66.41500091552734,66.36000061035156,66.41500091552734,1853,0.0,0.0
2024-05-30 11:58:00-04:00,66.3949966430664,66.3949966430664,66.3949966430664,66.3949966430664,547,0.0,0.0
2024-05-30 12:04:00-04:00,66.45999908447266,66.45999908447266,66.45999908447266,66.45999908447266,357,0.0,0.0
2024-05-30 12:05:00-04:00,66.45999908447266,66.45999908447266,66.45999908447266,66.45999908447266,573,0.0,0.0
2024-05-30 12:08:00-04:00,66.5,66.51000213623047,66.44000244140625,66.48999786376953,3715,0.0,0.0
2024-05-30 12:09:00-04:00,66.48999786376953,66.48999786376953,66.48999786376953,66.48999786376953,227,0.0,0.0
2024-05-30 12:12:00-04:00,66.44999694824219,66.44999694824219,66.44999694824219,66.44999694824219,221,0.0,0.0
2024-05-30 12:14:00-04:00,66.44999694824219,66.44999694824219,66.44999694824219,66.44999694824219,299,0.0,0.0
2024-05-30 12:16:00-04:00,66.54000091552734,66.56999969482422,66.54000091552734,66.56999969482422,1226,0.0,0.0
2024-05-30 12:21:00-04:00,66.6449966430664,66.6449966430664,66.6449966430664,66.6449966430664,286,0.0,0.0
2024-05-30 12:22:00-04:00,66.69499969482422,66.69499969482422,66.69499969482422,66.69499969482422,110,0.0,0.0
2024-05-30 12:23:00-04:00,66.68000030517578,66.69000244140625,66.68000030517578,66.69000244140625,458,0.0,0.0
2024-05-30 12:25:00-04:00,66.70999908447266,66.70999908447266,66.70999908447266,66.70999908447266,363,0.0,0.0
2024-05-30 12:26:00-04:00,66.72000122070312,66.72000122070312,66.72000122070312,66.72000122070312,399,0.0,0.0
2024-05-30 12:31:00-04:00,66.70500183105469,66.70500183105469,66.70500183105469,66.70500183105469,811,0.0,0.0
2024-05-30 12:42:00-04:00,66.75,66.76000213623047,66.75,66.76000213623047,1146,0.0,0.0
2024-05-30 12:49:00-04:00,66.82499694824219,66.82499694824219,66.79000091552734,66.79000091552734,702,0.0,0.0
2024-05-30 12:54:00-04:00,66.80999755859375,66.83000183105469,66.80999755859375,66.83000183105469,325,0.0,0.0
2024-05-30 12:56:00-04:00,66.79010009765625,66.79010009765625,66.79010009765625,66.79010009765625,448,0.0,0.0
2024-05-30 13:01:00-04:00,66.86000061035156,66.86000061035156,66.83499908447266,66.83499908447266,279,0.0,0.0
2024-05-30 13:04:00-04:00,66.8375015258789,66.86000061035156,66.8375015258789,66.86000061035156,930,0.0,0.0
2024-05-30 13:06:00-04:00,66.83999633789062,66.83999633789062,66.80999755859375,66.80999755859375,1008,0.0,0.0
2024-05-30 13:07:00-04:00,66.83000183105469,66.83000183105469,66.83000183105469,66.83000183105469,765,0.0,0.0
2024-05-30 13:13:00-04:00,66.83499908447266,66.83499908447266,66.83499908447266,66.83499908447266,568,0.0,0.0
2024-05-30 13:15:00-04:00,66.86000061035156,66.94000244140625,66.86000061035156,66.94000244140625,1423,0.0,0.0
2024-05-30 13:16:00-04:00,66.9000015258789,66.91000366210938,66.88999938964844,66.91000366210938,1353,0.0,0.0
2024-05-30 13:17:00-04:00,66.87999725341797,66.87999725341797,66.87999725341797,66.87999725341797,123,0.0,0.0
2024-05-30 13:19:00-04:00,66.90499877929688,66.90499877929688,66.90499877929688,66.90499877929688,234,0.0,0.0
2024-05-30 13:20:00-04:00,66.87000274658203,66.87000274658203,66.8499984741211,66.8499984741211,1052,0.0,0.0
2024-05-30 13:29:00-04:00,66.875,66.875,66.875,66.875,174,0.0,0.0
2024-05-30 13:30:00-04:00,66.83999633789062,66.83999633789062,66.83999633789062,66.83999633789062,295,0.0,0.0
2024-05-30 13:32:00-04:00,66.88500213623047,66.88500213623047,66.88500213623047,66.88500213623047,227,0.0,0.0
2024-05-30 13:36:00-04:00,66.88500213623047,66.88500213623047,66.88500213623047,66.88500213623047,177,0.0,0.0
2024-05-30 13:38:00-04:00,66.87000274658203,66.87000274658203,66.76000213623047,66.81999969482422,2900,0.0,0.0
2024-05-30 13:39:00-04:00,66.75,66.75,66.75,66.75,578,0.0,0.0
2024-05-30 13:40:00-04:00,66.82929992675781,66.82929992675781,66.82929992675781,66.82929992675781,574,0.0,0.0
2024-05-30 13:41:00-04:00,66.80000305175781,66.80000305175781,66.77999877929688,66.77999877929688,709,0.0,0.0
2024-05-30 13:44:00-04:00,66.72000122070312,66.72000122070312,66.72000122070312,66.72000122070312,152,0.0,0.0
2024-05-30 13:45:00-04:00,66.76499938964844,66.76499938964844,66.76499938964844,66.76499938964844,650,0.0,0.0
2024-05-30 13:47:00-04:00,66.70999908447266,66.70999908447266,66.70999908447266,66.70999908447266,203,0.0,0.0
2024-05-30 13:48:00-04:00,66.69999694824219,66.70999908447266,66.69999694824219,66.70999908447266,209,0.0,0.0
2024-05-30 13:49:00-04:00,66.66500091552734,66.70999908447266,66.66000366210938,66.66000366210938,426,0.0,0.0
2024-05-30 13:51:00-04:00,66.69499969482422,66.69999694824219,66.69499969482422,66.69499969482422,1016,0.0,0.0
2024-05-30 13:52:00-04:00,66.7300033569336,66.7300033569336,66.7300033569336,66.7300033569336,554,0.0,0.0
2024-05-30 13:53:00-04:00,66.72000122070312,66.72000122070312,66.72000122070312,66.72000122070312,100,0.0,0.0
2024-05-30 13:54:00-04:00,66.77999877929688,66.77999877929688,66.77999877929688,66.77999877929688,267,0.0,0.0
2024-05-30 13:56:00-04:00,66.77999877929688,66.77999877929688,66.77999877929688,66.77999877929688,722,0.0,0.0
2024-05-30 13:58:00-04:00,66.79000091552734,66.79000091552734,66.79000091552734,66.79000091552734,573,0.0,0.0
2024-05-30 13:59:00-04:00,66.79000091552734,66.79000091552734,66.79000091552734,66.79000091552734,109,0.0,0.0
2024-05-30 14:00:00-04:00,66.79000091552734,66.81999969482422,66.79000091552734,66.81999969482422,427,0.0,0.0
2024-05-30 14:02:00-04:00,66.7699966430664,66.7699966430664,66.7699966430664,66.7699966430664,301,0.0,0.0
2024-05-30 14:03:00-04:00,66.7699966430664,66.7699966430664,66.7699966430664,66.7699966430664,524,0.0,0.0
2024-05-30 14:04:00-04:00,66.75,66.75,66.75,66.75,270,0.0,0.0
2024-05-30 14:05:00-04:00,66.75,66.75,66.68000030517578,66.68000030517578,1000,0.0,0.0
2024-05-30 14:06:00-04:00,66.68499755859375,66.68499755859375,66.68499755859375,66.68499755859375,244,0.0,0.0
2024-05-30 14:07:00-04:00,66.75990295410156,66.76000213623047,66.56999969482422,66.63999938964844,9968,0.0,0.0
2024-05-30 14:09:00-04:00,66.44999694824219,66.61170196533203,66.44999694824219,66.61170196533203,505,0.0,0.0
2024-05-30 14:10:00-04:00,66.5999984741211,66.5999984741211,66.5999984741211,66.5999984741211,525,0.0,0.0
2024-05-30 14:11:00-04:00,66.51000213623047,66.51000213623047,66.51000213623047,66.51000213623047,496,0.0,0.0
2024-05-30 14:12:00-04:00,66.51499938964844,66.51499938964844,66.51499938964844,66.51499938964844,547,0.0,0.0
2024-05-30 14:14:00-04:00,66.5999984741211,66.5999984741211,66.55999755859375,66.55999755859375,412,0.0,0.0
2024-05-30 14:17:00-04:00,66.58999633789062,66.58999633789062,66.58999633789062,66.58999633789062,292,0.0,0.0
2024-05-30 14:19:00-04:00,66.58000183105469,66.61000061035156,66.58000183105469,66.6050033569336,994,0.0,0.0
2024-05-30 14:20:00-04:00,66.58499908447266,66.58499908447266,66.58499908447266,66.58499908447266,392,0.0,0.0
2024-05-30 14:21:00-04:00,66.66999816894531,66.66999816894531,66.66999816894531,66.66999816894531,377,0.0,0.0
2024-05-30 14:23:00-04:00,66.66999816894531,66.66999816894531,66.66999816894531,66.66999816894531,477,0.0,0.0
2024-05-30 14:26:00-04:00,66.72000122070312,66.72000122070312,66.72000122070312,66.72000122070312,151,0.0,0.0
2024-05-30 14:27:00-04:00,66.63500213623047,66.63500213623047,66.63500213623047,66.63500213623047,316,0.0,0.0
2024-05-30 14:28:00-04:00,66.66999816894531,66.66999816894531,66.66999816894531,66.66999816894531,1416,0.0,0.0
2024-05-30 14:31:00-04:00,66.71749877929688,66.73999786376953,66.71749877929688,66.73999786376953,393,0.0,0.0
2024-05-30 14:32:00-04:00,66.78500366210938,66.81999969482422,66.78500366210938,66.81999969482422,1638,0.0,0.0
2024-05-30 14:33:00-04:00,66.81999969482422,66.81999969482422,66.81999969482422,66.81999969482422,301,0.0,0.0
2024-05-30 14:34:00-04:00,66.8187026977539,66.8187026977539,66.8187026977539,66.8187026977539,493,0.0,0.0
2024-05-30 14:35:00-04:00,66.77079772949219,66.77079772949219,66.7699966430664,66.7699966430664,952,0.0,0.0
2024-05-30 14:39:00-04:00,66.76000213623047,66.76000213623047,66.76000213623047,66.76000213623047,276,0.0,0.0
2024-05-30 14:41:00-04:00,66.77999877929688,66.77999877929688,66.6500015258789,66.6500015258789,1440,0.0,0.0
2024-05-30 14:42:00-04:00,66.6500015258789,66.6500015258789,66.6500015258789,66.6500015258789,838,0.0,0.0
2024-05-30 14:49:00-04:00,66.63999938964844,66.63999938964844,66.63999938964844,66.63999938964844,37590,0.0,0.0
2024-05-30 14:50:00-04:00,66.66999816894531,66.68499755859375,66.66999816894531,66.68499755859375,1380,0.0,0.0
2024-05-30 14:51:00-04:00,66.81999969482422,66.81999969482422,66.80500030517578,66.80500030517578,716,0.0,0.0
2024-05-30 14:52:00-04:00,66.80999755859375,66.80999755859375,66.80999755859375,66.80999755859375,52383,0.0,0.0
2024-05-30 14:53:00-04:00,66.87999725341797,66.87999725341797,66.84500122070312,66.84500122070312,498,0.0,0.0
2024-05-30 14:54:00-04:00,66.9800033569336,66.9800033569336,66.9800033569336,66.9800033569336,397,0.0,0.0
2024-05-30 14:55:00-04:00,66.91000366210938,66.93499755859375,66.88999938964844,66.93499755859375,1557,0.0,0.0
2024-05-30 14:57:00-04:00,66.93000030517578,67.00499725341797,66.93000030517578,67.00499725341797,1265,0.0,0.0
2024-05-30 14:58:00-04:00,67.04000091552734,67.04000091552734,67.04000091552734,67.04000091552734,301,0.0,0.0
2024-05-30 14:59:00-04:00,67.04499816894531,67.04499816894531,66.97000122070312,66.97000122070312,926,0.0,0.0
2024-05-30 15:00:00-04:00,67.02999877929688,67.02999877929688,67.02999877929688,67.02999877929688,147,0.0,0.0
2024-05-30 15:01:00-04:00,67.03500366210938,67.03500366210938,67.03500366210938,67.03500366210938,112,0.0,0.0
2024-05-30 15:02:00-04:00,67.07499694824219,67.09500122070312,67.07499694824219,67.09500122070312,364,0.0,0.0
2024-05-30 15:04:00-04:00,67.04499816894531,67.04499816894531,67.04499816894531,67.04499816894531,117,0.0,0.0
2024-05-30 15:05:00-04:00,67.05000305175781,67.08000183105469,67.05000305175781,67.08000183105469,1470,0.0,0.0
2024-05-30 15:08:00-04:00,67.18000030517578,67.18000030517578,67.05999755859375,67.05999755859375,476,0.0,0.0
2024-05-30 15:11:00-04:00,67.16999816894531,67.16999816894531,67.16999816894531,67.16999816894531,350,0.0,0.0
2024-05-30 15:12:00-04:00,67.08999633789062,67.08999633789062,67.02999877929688,67.02999877929688,1447,0.0,0.0
2024-05-30 15:13:00-04:00,67.0199966430664,67.0199966430664,67.0199966430664,67.0199966430664,123,0.0,0.0
2024-05-30 15:15:00-04:00,66.97000122070312,66.97000122070312,66.97000122070312,66.97000122070312,200,0.0,0.0
2024-05-30 15:16:00-04:00,67.0,67.0,67.0,67.0,696,0.0,0.0
2024-05-30 15:19:00-04:00,66.9800033569336,67.0999984741211,66.9800033569336,67.0999984741211,3776,0.0,0.0
2024-05-30 15:23:00-04:00,67.0199966430664,67.0199966430664,67.0199966430664,67.0199966430664,563,0.0,0.0
2024-05-30 15:24:00-04:00,66.9800033569336,66.9800033569336,66.95999908447266,66.95999908447266,1306,0.0,0.0
2024-05-30 15:27:00-04:00,66.94999694824219,66.97000122070312,66.94999694824219,66.97000122070312,1476,0.0,0.0
2024-05-30 15:29:00-04:00,67.0199966430664,67.08999633789062,67.0199966430664,67.08999633789062,1333,0.0,0.0
2024-05-30 15:30:00-04:00,67.04000091552734,67.04000091552734,67.04000091552734,67.04000091552734,866,0.0,0.0
2024-05-30 15:32:00-04:00,67.06999969482422,67.08000183105469,67.05500030517578,67.05500030517578,1305,0.0,0.0
2024-05-30 15:34:00-04:00,66.98500061035156,67.01000213623047,66.98500061035156,67.00499725341797,1636,0.0,0.0
2024-05-30 15:36:00-04:00,67.01000213623047,67.01000213623047,67.0,67.0,594,0.0,0.0
2024-05-30 15:37:00-04:00,66.99500274658203,66.99500274658203,66.94999694824219,66.94999694824219,1795,0.0,0.0
2024-05-30 15:38:00-04:00,66.9800033569336,66.98500061035156,66.9800033569336,66.98500061035156,919,0.0,0.0
2024-05-30 15:40:00-04:00,67.0199966430664,67.0199966430664,67.0,67.01000213623047,1695,0.0,0.0
2024-05-30 15:41:00-04:00,67.00499725341797,67.00499725341797,66.94999694824219,66.97000122070312,2973,0.0,0.0
2024-05-30 15:42:00-04:00,66.94000244140625,66.94000244140625,66.94000244140625,66.94000244140625,198,0.0,0.0
2024-05-30 15:43:00-04:00,66.97000122070312,67.0199966430664,66.97000122070312,66.9800033569336,2643,0.0,0.0
2024-05-30 15:44:00-04:00,66.98999786376953,66.98999786376953,66.98999786376953,66.98999786376953,216,0.0,0.0
2024-05-30 15:45:00-04:00,66.94999694824219,66.94999694824219,66.94999694824219,66.94999694824219,687,0.0,0.0
2024-05-30 15:46:00-04:00,66.9749984741211,66.9749984741211,66.94999694824219,66.94999694824219,937,0.0,0.0
2024-05-30 15:47:00-04:00,66.9749984741211,67.0,66.9749984741211,67.0,2527,0.0,0.0
2024-05-30 15:48:00-04:00,66.97000122070312,66.97000122070312,66.94000244140625,66.94000244140625,2824,0.0,0.0
2024-05-30 15:49:00-04:00,66.87999725341797,66.91000366210938,66.87999725341797,66.9000015258789,1676,0.0,0.0
2024-05-30 15:50:00-04:00,66.9000015258789,66.93000030517578,66.9000015258789,66.91500091552734,2582,0.0,0.0
2024-05-30 15:51:00-04:00,66.94000244140625,67.05999755859375,66.91999816894531,67.05999755859375,3734,0.0,0.0
2024-05-30 15:52:00-04:00,67.08000183105469,67.12999725341797,67.08000183105469,67.12000274658203,2129,0.0,0.0
2024-05-30 15:53:00-04:00,67.12000274658203,67.1500015258789,67.11000061035156,67.1500015258789,3289,0.0,0.0
2024-05-30 15:54:00-04:00,67.12999725341797,67.19000244140625,67.12000274658203,67.16999816894531,3655,0.0,0.0
2024-05-30 15:55:00-04:00,67.19000244140625,67.19999694824219,67.11000061035156,67.19999694824219,4893,0.0,0.0
2024-05-30 15:56:00-04:00,67.22000122070312,67.29000091552734,67.22000122070312,67.29000091552734,3972,0.0,0.0
2024-05-30 15:57:00-04:00,67.25,67.29000091552734,67.25,67.27999877929688,3764,0.0,0.0
2024-05-30 15:58:00-04:00,67.30999755859375,67.31999969482422,67.27999877929688,67.31999969482422,5590,0.0,0.0
2024-05-30 15:59:00-04:00,67.33000183105469,67.4000015258789,67.33000183105469,67.38999938964844,9382,0.0,0.0
2024-05-31 09:30:00-04:00,67.54000091552734,68.11000061035156,67.54000091552734,67.95999908447266,997,0.0,0.0
2024-05-31 09:36:00-04:00,68.0,68.0,67.99500274658203,67.99500274658203,770,0.0,0.0
2024-05-31 09:43:00-04:00,68.08000183105469,68.09500122070312,68.08000183105469,68.08000183105469,311,0.0,0.0
2024-05-31 09:44:00-04:00,68.08000183105469,68.0999984741211,68.05000305175781,68.05000305175781,1822,0.0,0.0
2024-05-31 09:52:00-04:00,67.98500061035156,67.98500061035156,67.98500061035156,67.98500061035156,321,0.0,0.0
2024-05-31 09:56:00-04:00,68.0999984741211,68.0999984741211,68.0999984741211,68.0999984741211,178,0.0,0.0
2024-05-31 09:57:00-04:00,68.06099700927734,68.06099700927734,68.06099700927734,68.06099700927734,317,0.0,0.0
2024-05-31 09:59:00-04:00,68.04000091552734,68.08999633789062,68.04000091552734,68.08999633789062,675,0.0,0.0
2024-05-31 10:04:00-04:00,68.01000213623047,68.01000213623047,68.0,68.0,1136,0.0,0.0
2024-05-31 10:05:00-04:00,68.00499725341797,68.00499725341797,67.95999908447266,67.95999908447266,208,0.0,0.0
2024-05-31 10:06:00-04:00,68.02999877929688,68.02999877929688,68.02999877929688,68.02999877929688,218,0.0,0.0
2024-05-31 10:12:00-04:00,67.98500061035156,67.98500061035156,67.98500061035156,67.98500061035156,107,0.0,0.0
2024-05-31 10:13:00-04:00,67.93000030517578,67.93000030517578,67.79499816894531,67.79499816894531,564,0.0,0.0
2024-05-31 10:17:00-04:00,67.9800033569336,67.9800033569336,67.9800033569336,67.9800033569336,161,0.0,0.0
2024-05-31 10:18:00-04:00,67.86000061035156,67.86000061035156,67.86000061035156,67.86000061035156,157,0.0,0.0
2024-05-31 10:21:00-04:00,67.86000061035156,67.9749984741211,67.86000061035156,67.9749984741211,284,0.0,0.0
2024-05-31 10:22:00-04:00,67.98999786376953,67.98999786376953,67.98999786376953,67.98999786376953,863,0.0,0.0
2024-05-31 10:29:00-04:00,68.05999755859375,68.05999755859375,68.05999755859375,68.05999755859375,663,0.0,0.0
2024-05-31 10:35:00-04:00,68.00900268554688,68.00900268554688,68.00900268554688,68.00900268554688,145,0.0,0.0
2024-05-31 10:36:00-04:00,67.92500305175781,67.92500305175781,67.77999877929688,67.78500366210938,1343,0.0,0.0
2024-05-31 10:38:00-04:00,67.62000274658203,67.7249984741211,67.62000274658203,67.70500183105469,1483,0.0,0.0
2024-05-31 10:48:00-04:00,67.63999938964844,67.63999938964844,67.63999938964844,67.63999938964844,260,0.0,0.0
2024-05-31 10:52:00-04:00,67.58000183105469,67.58000183105469,67.5,67.5,1928,0.0,0.0
2024-05-31 10:53:00-04:00,67.46499633789062,67.46499633789062,67.46499633789062,67.46499633789062,317,0.0,0.0
2024-05-31 10:57:00-04:00,67.49320220947266,67.49320220947266,67.49320220947266,67.49320220947266,304,0.0,0.0
2024-05-31 10:58:00-04:00,67.4800033569336,67.4800033569336,67.4800033569336,67.4800033569336,384,0.0,0.0
2024-05-31 10:59:00-04:00,67.41000366210938,67.41000366210938,67.41000366210938,67.41000366210938,265,0.0,0.0
2024-05-31 11:00:00-04:00,67.52999877929688,67.52999877929688,67.52999877929688,67.52999877929688,156,0.0,0.0
2024-05-31 11:01:00-04:00,67.52999877929688,67.52999877929688,67.5,67.5,497,0.0,0.0
2024-05-31 11:03:00-04:00,67.48999786376953,67.48999786376953,67.48999786376953,67.48999786376953,138,0.0,0.0
2024-05-31 11:04:00-04:00,67.4800033569336,67.48500061035156,67.4800033569336,67.48500061035156,246,0.0,0.0
2024-05-31 11:08:00-04:00,67.48500061035156,67.48500061035156,67.48500061035156,67.48500061035156,235,0.0,0.0
2024-05-31 11:10:00-04:00,67.54000091552734,67.55500030517578,67.49749755859375,67.55500030517578,1778,0.0,0.0
2024-05-31 11:11:00-04:00,67.5,67.54499816894531,67.5,67.54499816894531,311,0.0,0.0
2024-05-31 11:12:00-04:00,67.54499816894531,67.54499816894531,67.54499816894531,67.54499816894531,182,0.0,0.0
2024-05-31 11:13:00-04:00,67.55500030517578,67.55500030517578,67.48999786376953,67.48999786376953,218,0.0,0.0
2024-05-31 11:14:00-04:00,67.55999755859375,67.56500244140625,67.49500274658203,67.49500274658203,2573,0.0,0.0
2024-05-31 11:15:00-04:00,67.56999969482422,67.56999969482422,67.56500244140625,67.56500244140625,236,0.0,0.0
2024-05-31 11:16:00-04:00,67.55500030517578,67.55500030517578,67.55500030517578,67.55500030517578,100,0.0,0.0
2024-05-31 11:17:00-04:00,67.54499816894531,67.57499694824219,67.54499816894531,67.57499694824219,521,0.0,0.0
2024-05-31 11:18:00-04:00,67.57499694824219,67.57499694824219,67.57499694824219,67.57499694824219,120,0.0,0.0
2024-05-31 11:19:00-04:00,67.57499694824219,67.57499694824219,67.57499694824219,67.57499694824219,824,0.0,0.0
2024-05-31 11:21:00-04:00,67.49500274658203,67.49500274658203,67.49500274658203,67.49500274658203,596,0.0,0.0
2024-05-31 11:29:00-04:00,67.58000183105469,67.58000183105469,67.58000183105469,67.58000183105469,294,0.0,0.0
2024-05-31 11:31:00-04:00,67.5,67.5,67.5,67.5,666,0.0,0.0
2024-05-31 11:33:00-04:00,67.5,67.5,67.5,67.5,1157,0.0,0.0
2024-05-31 11:34:00-04:00,67.5,67.5,67.5,67.5,454,0.0,0.0
2024-05-31 11:36:00-04:00,67.5,67.5,67.5,67.5,121,0.0,0.0
2024-05-31 11:37:00-04:00,67.5,67.5,67.5,67.5,207,0.0,0.0
2024-05-31 11:38:00-04:00,67.5,67.5,67.5,67.5,133,0.0,0.0
2024-05-31 11:39:00-04:00,67.5,67.5,67.5,67.5,809,0.0,0.0
2024-05-31 11:47:00-04:00,67.56999969482422,67.61000061035156,67.55500030517578,67.55500030517578,1392,0.0,0.0
2024-05-31 11:48:00-04:00,67.73999786376953,67.76280212402344,67.73999786376953,67.76280212402344,636,0.0,0.0
2024-05-31 11:54:00-04:00,67.76000213623047,67.76000213623047,67.76000213623047,67.76000213623047,100,0.0,0.0
2024-05-31 11:55:00-04:00,67.75499725341797,67.75499725341797,67.75499725341797,67.75499725341797,245,0.0,0.0
2024-05-31 11:59:00-04:00,67.7699966430664,67.7699966430664,67.37000274658203,67.45999908447266,7180,0.0,0.0
2024-05-31 12:03:00-04:00,67.45500183105469,67.45500183105469,67.45500183105469,67.45500183105469,163,0.0,0.0
2024-05-31 12:04:00-04:00,67.4000015258789,67.45500183105469,67.37000274658203,67.45500183105469,948,0.0,0.0
2024-05-31 12:05:00-04:00,67.4000015258789,67.4000015258789,67.4000015258789,67.4000015258789,243,0.0,0.0
2024-05-31 12:07:00-04:00,67.43499755859375,67.44000244140625,67.43499755859375,67.44000244140625,819,0.0,0.0
2024-05-31 12:08:00-04:00,67.40499877929688,67.40499877929688,67.40499877929688,67.40499877929688,416,0.0,0.0
2024-05-31 12:11:00-04:00,67.40499877929688,67.40499877929688,67.40499877929688,67.40499877929688,494,0.0,0.0
2024-05-31 12:14:00-04:00,67.3949966430664,67.4000015258789,67.3949966430664,67.4000015258789,324,0.0,0.0
2024-05-31 12:15:00-04:00,67.44000244140625,67.51000213623047,67.44000244140625,67.4749984741211,1636,0.0,0.0
2024-05-31 12:17:00-04:00,67.5250015258789,67.5250015258789,67.5250015258789,67.5250015258789,157,0.0,0.0
2024-05-31 12:18:00-04:00,67.5199966430664,67.5199966430664,67.5199966430664,67.5199966430664,382,0.0,0.0
2024-05-31 12:19:00-04:00,67.60600280761719,67.60600280761719,67.60600280761719,67.60600280761719,114,0.0,0.0
2024-05-31 12:21:00-04:00,67.58000183105469,67.59500122070312,67.58000183105469,67.59500122070312,687,0.0,0.0
2024-05-31 12:25:00-04:00,67.62999725341797,67.62999725341797,67.5199966430664,67.58499908447266,1448,0.0,0.0
2024-05-31 12:34:00-04:00,67.64600372314453,67.64600372314453,67.64600372314453,67.64600372314453,297,0.0,0.0
2024-05-31 12:35:00-04:00,67.62999725341797,67.62999725341797,67.62999725341797,67.62999725341797,443,0.0,0.0
2024-05-31 12:37:00-04:00,67.52870178222656,67.56999969482422,67.52870178222656,67.56999969482422,1920,0.0,0.0
2024-05-31 12:41:00-04:00,67.5999984741211,67.62000274658203,67.5999984741211,67.62000274658203,1557,0.0,0.0
2024-05-31 12:43:00-04:00,67.76599884033203,67.76599884033203,67.76599884033203,67.76599884033203,965,0.0,0.0
2024-05-31 12:49:00-04:00,67.81999969482422,67.81999969482422,67.81999969482422,67.81999969482422,476,0.0,0.0
2024-05-31 12:50:00-04:00,67.72000122070312,67.74500274658203,67.72000122070312,67.74500274658203,2847,0.0,0.0
2024-05-31 12:56:00-04:00,67.66999816894531,67.66999816894531,67.6500015258789,67.6500015258789,327,0.0,0.0
2024-05-31 12:57:00-04:00,67.70999908447266,67.70999908447266,67.70999908447266,67.70999908447266,125,0.0,0.0
2024-05-31 12:58:00-04:00,67.69000244140625,67.69000244140625,67.69000244140625,67.69000244140625,354,0.0,0.0
2024-05-31 12:59:00-04:00,67.6500015258789,67.68499755859375,67.6500015258789,67.68499755859375,313,0.0,0.0
2024-05-31 13:01:00-04:00,67.7300033569336,67.7300033569336,67.72000122070312,67.72000122070312,1143,0.0,0.0
2024-05-31 13:06:00-04:00,67.77999877929688,67.88999938964844,67.77999877929688,67.88500213623047,1531,0.0,0.0
2024-05-31 13:09:00-04:00,67.9000015258789,67.9000015258789,67.9000015258789,67.9000015258789,387,0.0,0.0
2024-05-31 13:14:00-04:00,67.91999816894531,67.91999816894531,67.91999816894531,67.91999816894531,156,0.0,0.0
2024-05-31 13:15:00-04:00,67.94000244140625,67.94000244140625,67.94000244140625,67.94000244140625,205,0.0,0.0
2024-05-31 13:17:00-04:00,68.00599670410156,68.00599670410156,68.00599670410156,68.00599670410156,237,0.0,0.0
2024-05-31 13:19:00-04:00,68.0,68.0,68.0,68.0,289,0.0,0.0
2024-05-31 13:20:00-04:00,67.8301010131836,67.8301010131836,67.8301010131836,67.8301010131836,638,0.0,0.0
2024-05-31 13:23:00-04:00,68.0260009765625,68.0260009765625,68.0260009765625,68.0260009765625,686,0.0,0.0
2024-05-31 13:26:00-04:00,67.9800033569336,67.9800033569336,67.9800033569336,67.9800033569336,136,0.0,0.0
2024-05-31 13:28:00-04:00,67.98999786376953,68.0198974609375,67.98999786376953,68.0198974609375,339,0.0,0.0
2024-05-31 13:29:00-04:00,68.01000213623047,68.01000213623047,68.01000213623047,68.01000213623047,698,0.0,0.0
2024-05-31 13:33:00-04:00,67.88999938964844,67.91999816894531,67.76000213623047,67.76000213623047,4528,0.0,0.0
2024-05-31 13:34:00-04:00,67.85659790039062,67.85659790039062,67.85659790039062,67.85659790039062,226,0.0,0.0
2024-05-31 13:35:00-04:00,67.76000213623047,67.76000213623047,67.76000213623047,67.76000213623047,578,0.0,0.0
2024-05-31 13:36:00-04:00,67.8499984741211,67.8499984741211,67.8499984741211,67.8499984741211,137,0.0,0.0
2024-05-31 13:38:00-04:00,67.77639770507812,67.91999816894531,67.77639770507812,67.91999816894531,1600,0.0,0.0
2024-05-31 13:39:00-04:00,67.79000091552734,67.79000091552734,67.79000091552734,67.79000091552734,371,0.0,0.0
2024-05-31 13:44:00-04:00,67.87000274658203,67.87000274658203,67.74500274658203,67.78500366210938,1993,0.0,0.0
2024-05-31 13:48:00-04:00,67.75,67.75,67.75,67.75,384,0.0,0.0
2024-05-31 13:49:00-04:00,67.70999908447266,67.70999908447266,67.69999694824219,67.69999694824219,809,0.0,0.0
2024-05-31 13:51:00-04:00,67.77999877929688,67.80000305175781,67.7750015258789,67.7750015258789,695,0.0,0.0
2024-05-31 13:52:00-04:00,67.69000244140625,67.69000244140625,67.69000244140625,67.69000244140625,1456,0.0,0.0
2024-05-31 13:54:00-04:00,67.6957015991211,67.6957015991211,67.6957015991211,67.6957015991211,3118,0.0,0.0
2024-05-31 13:57:00-04:00,67.7699966430664,67.7699966430664,67.76499938964844,67.76499938964844,791,0.0,0.0
2024-05-31 13:58:00-04:00,67.8499984741211,67.8499984741211,67.8499984741211,67.8499984741211,627,0.0,0.0
2024-05-31 14:00:00-04:00,67.76000213623047,67.77999877929688,67.58999633789062,67.625,17667,0.0,0.0
2024-05-31 14:01:00-04:00,67.58999633789062,67.58999633789062,67.58999633789062,67.58999633789062,349,0.0,0.0
2024-05-31 14:04:00-04:00,67.61499786376953,67.61499786376953,67.61499786376953,67.61499786376953,164,0.0,0.0
2024-05-31 14:05:00-04:00,67.64869689941406,67.64869689941406,67.64869689941406,67.64869689941406,114,0.0,0.0
2024-05-31 14:06:00-04:00,67.5999984741211,67.5999984741211,67.48999786376953,67.48999786376953,553,0.0,0.0
2024-05-31 14:08:00-04:00,67.51000213623047,67.51000213623047,67.47000122070312,67.47000122070312,771,0.0,0.0
2024-05-31 14:10:00-04:00,67.53500366210938,67.53500366210938,67.53500366210938,67.53500366210938,426,0.0,0.0
2024-05-31 14:12:00-04:00,67.53500366210938,67.5999984741211,67.53500366210938,67.55999755859375,1248,0.0,0.0
2024-05-31 14:13:00-04:00,67.6500015258789,67.6500015258789,67.5199966430664,67.5199966430664,1435,0.0,0.0
2024-05-31 14:21:00-04:00,67.6500015258789,67.6500015258789,67.6500015258789,67.6500015258789,992,0.0,0.0
2024-05-31 14:24:00-04:00,67.69000244140625,67.69000244140625,67.69000244140625,67.69000244140625,488,0.0,0.0
2024-05-31 14:25:00-04:00,67.70999908447266,67.79499816894531,67.70999908447266,67.75,2205,0.0,0.0
2024-05-31 14:27:00-04:00,67.80500030517578,67.80500030517578,67.7300033569336,67.7300033569336,1995,0.0,0.0
2024-05-31 14:28:00-04:00,67.7300033569336,67.7300033569336,67.7300033569336,67.7300033569336,542,0.0,0.0
2024-05-31 14:37:00-04:00,67.75499725341797,67.75499725341797,67.75499725341797,67.75499725341797,327,0.0,0.0
2024-05-31 14:38:00-04:00,67.75499725341797,67.75499725341797,67.75499725341797,67.75499725341797,393,0.0,0.0
2024-05-31 14:41:00-04:00,67.75499725341797,67.75499725341797,67.75499725341797,67.75499725341797,323,0.0,0.0
2024-05-31 14:43:00-04:00,67.69999694824219,67.69999694824219,67.69999694824219,67.69999694824219,227,0.0,0.0
2024-05-31 14:44:00-04:00,67.7300033569336,67.73999786376953,67.7300033569336,67.73999786376953,923,0.0,0.0
2024-05-31 14:46:00-04:00,67.80000305175781,67.80000305175781,67.80000305175781,67.80000305175781,514,0.0,0.0
2024-05-31 14:47:00-04:00,67.80999755859375,67.8499984741211,67.80999755859375,67.8499984741211,830,0.0,0.0
2024-05-31 14:49:00-04:00,67.83999633789062,67.83999633789062,67.83999633789062,67.83999633789062,384,0.0,0.0
2024-05-31 14:50:00-04:00,67.8949966430664,67.95999908447266,67.8949966430664,67.95999908447266,393,0.0,0.0
2024-05-31 14:53:00-04:00,67.99600219726562,67.99600219726562,67.88200378417969,67.88200378417969,893,0.0,0.0
2024-05-31 14:55:00-04:00,67.97000122070312,67.97000122070312,67.86000061035156,67.87999725341797,1863,0.0,0.0
2024-05-31 14:58:00-04:00,67.91000366210938,67.9800033569336,67.91000366210938,67.95500183105469,1561,0.0,0.0
2024-05-31 15:00:00-04:00,67.95500183105469,67.95500183105469,67.95500183105469,67.95500183105469,204,0.0,0.0
2024-05-31 15:02:00-04:00,68.0,68.0,68.0,68.0,396,0.0,0.0
2024-05-31 15:05:00-04:00,67.98999786376953,68.00599670410156,67.98999786376953,68.00599670410156,590,0.0,0.0
2024-05-31 15:06:00-04:00,68.0199966430664,68.0199966430664,68.0199966430664,68.0199966430664,1168,0.0,0.0
2024-05-31 15:13:00-04:00,68.0999984741211,68.12000274658203,68.05999755859375,68.05999755859375,793,0.0,0.0
2024-05-31 15:16:00-04:00,68.08999633789062,68.08999633789062,68.08999633789062,68.08999633789062,381,0.0,0.0
2024-05-31 15:18:00-04:00,68.08599853515625,68.08599853515625,68.02999877929688,68.04000091552734,1340,0.0,0.0
2024-05-31 15:20:00-04:00,68.02999877929688,68.02999877929688,67.9800033569336,67.9800033569336,2036,0.0,0.0
2024-05-31 15:22:00-04:00,67.95500183105469,67.95500183105469,67.95500183105469,67.95500183105469,229,0.0,0.0
2024-05-31 15:23:00-04:00,67.95500183105469,67.95500183105469,67.95500183105469,67.95500183105469,101,0.0,0.0
2024-05-31 15:24:00-04:00,67.97000122070312,67.97000122070312,67.95500183105469,67.95500183105469,467,0.0,0.0
2024-05-31 15:25:00-04:00,67.91000366210938,67.95999908447266,67.91000366210938,67.94499969482422,1358,0.0,0.0
2024-05-31 15:26:00-04:00,67.91000366210938,67.91000366210938,67.91000366210938,67.91000366210938,235,0.0,0.0
2024-05-31 15:28:00-04:00,67.93499755859375,67.93499755859375,67.93499755859375,67.93499755859375,316,0.0,0.0
2024-05-31 15:29:00-04:00,67.93499755859375,67.93499755859375,67.93499755859375,67.93499755859375,379,0.0,0.0
2024-05-31 15:30:00-04:00,67.95999908447266,67.95999908447266,67.95999908447266,67.95999908447266,1398,0.0,0.0
2024-05-31 15:32:00-04:00,67.98999786376953,67.99500274658203,67.95500183105469,67.95500183105469,2638,0.0,0.0
2024-05-31 15:37:00-04:00,67.9800033569336,67.9800033569336,67.9800033569336,67.9800033569336,965,0.0,0.0
2024-05-31 15:38:00-04:00,67.91000366210938,67.91000366210938,67.8499984741211,67.86000061035156,2433,0.0,0.0
2024-05-31 15:40:00-04:00,67.87000274658203,68.01000213623047,67.87000274658203,68.01000213623047,2841,0.0,0.0
2024-05-31 15:41:00-04:00,68.04000091552734,68.04000091552734,68.04000091552734,68.04000091552734,549,0.0,0.0
2024-05-31 15:42:00-04:00,68.06500244140625,68.06500244140625,68.04000091552734,68.04000091552734,1169,0.0,0.0
2024-05-31 15:44:00-04:00,68.08999633789062,68.08999633789062,68.08999633789062,68.08999633789062,315,0.0,0.0
2024-05-31 15:45:00-04:00,68.13999938964844,68.1500015258789,68.12999725341797,68.1449966430664,2875,0.0,0.0
2024-05-31 15:46:00-04:00,68.12999725341797,68.12999725341797,68.12999725341797,68.12999725341797,146,0.0,0.0
2024-05-31 15:47:00-04:00,68.16999816894531,68.16999816894531,68.16999816894531,68.16999816894531,299,0.0,0.0
2024-05-31 15:48:00-04:00,68.16000366210938,68.18000030517578,68.16000366210938,68.18000030517578,647,0.0,0.0
2024-05-31 15:49:00-04:00,68.19999694824219,68.20999908447266,68.16999816894531,68.18000030517578,2047,0.0,0.0
2024-05-31 15:50:00-04:00,68.19000244140625,68.33999633789062,68.19000244140625,68.32499694824219,5198,0.0,0.0
2024-05-31 15:51:00-04:00,68.36000061035156,68.4800033569336,68.36000061035156,68.47000122070312,3135,0.0,0.0
2024-05-31 15:52:00-04:00,68.45999908447266,68.45999908447266,68.4000015258789,68.41999816894531,3012,0.0,0.0
2024-05-31 15:53:00-04:00,68.40499877929688,68.48999786376953,68.40499877929688,68.47000122070312,2380,0.0,0.0
2024-05-31 15:54:00-04:00,68.44999694824219,68.50599670410156,68.44999694824219,68.50599670410156,827,0.0,0.0
2024-05-31 15:55:00-04:00,68.51000213623047,68.7334976196289,68.50499725341797,68.70999908447266,10382,0.0,0.0
2024-05-31 15:56:00-04:00,68.69999694824219,68.69999694824219,68.49500274658203,68.49500274658203,4212,0.0,0.0
2024-05-31 15:57:00-04:00,68.5199966430664,68.63999938964844,68.5199966430664,68.62000274658203,4616,0.0,0.0
2024-05-31 15:58:00-04:00,68.62999725341797,68.62999725341797,68.51000213623047,68.52999877929688,8920,0.0,0.0
2024-05-31 15:59:00-04:00,68.52999877929688,68.55000305175781,68.31999969482422,68.31999969482422,19952,0.0,0.0
