Datetime,Open,High,Low,Close,Volume,Dividends,Stock Splits
2024-05-28 09:30:00-04:00,131.00999450683594,131.00999450683594,130.75,130.75,15352,0.0,0.0
2024-05-28 09:31:00-04:00,130.64999389648438,130.71499633789062,130.5,130.71499633789062,1619,0.0,0.0
2024-05-28 09:32:00-04:00,130.7100067138672,130.7100067138672,130.4600067138672,130.5,2390,0.0,0.0
2024-05-28 09:33:00-04:00,130.36000061035156,130.5,130.36000061035156,130.4949951171875,816,0.0,0.0
2024-05-28 09:34:00-04:00,130.52999877929688,130.52999877929688,130.4199981689453,130.4949951171875,3107,0.0,0.0
2024-05-28 09:35:00-04:00,130.46499633789062,130.6199951171875,130.36000061035156,130.5749969482422,3526,0.0,0.0
2024-05-28 09:36:00-04:00,130.625,130.7100067138672,130.42999267578125,130.7100067138672,5570,0.0,0.0
2024-05-28 09:37:00-04:00,130.74000549316406,131.09500122070312,130.73989868164062,131.09500122070312,3191,0.0,0.0
2024-05-28 09:38:00-04:00,131.10000610351562,131.10000610351562,131.10000610351562,131.10000610351562,315,0.0,0.0
2024-05-28 09:39:00-04:00,131.11500549316406,131.11500549316406,130.9600067138672,131.05999755859375,1541,0.0,0.0
2024-05-28 09:40:00-04:00,130.9600067138672,131.02000427246094,130.77999877929688,130.89500427246094,3250,0.0,0.0
2024-05-28 09:41:00-04:00,130.89500427246094,130.89500427246094,130.89500427246094,130.89500427246094,271,0.0,0.0
2024-05-28 09:42:00-04:00,130.99000549316406,131.05999755859375,130.91000366210938,131.05999755859375,1361,0.0,0.0
2024-05-28 09:43:00-04:00,131.05999755859375,131.15899658203125,131.02000427246094,131.15899658203125,1310,0.0,0.0
2024-05-28 09:44:00-04:00,131.16000366210938,131.35549926757812,131.16000366210938,131.35549926757812,1338,0.0,0.0
2024-05-28 09:45:00-04:00,131.24000549316406,131.24000549316406,131.16749572753906,131.16749572753906,1363,0.0,0.0
2024-05-28 09:46:00-04:00,131.22000122070312,131.38999938964844,131.2100067138672,131.3800048828125,2318,0.0,0.0
2024-05-28 09:47:00-04:00,131.39999389648438,131.5,131.33999633789062,131.36000061035156,3647,0.0,0.0
2024-05-28 09:48:00-04:00,131.39999389648438,131.39999389648438,131.25999450683594,131.25999450683594,1743,0.0,0.0
2024-05-28 09:49:00-04:00,131.20950317382812,131.25,131.1300048828125,131.25,1244,0.0,0.0
2024-05-28 09:50:00-04:00,131.2550048828125,131.3125,131.25,131.3125,1101,0.0,0.0
2024-05-28 09:51:00-04:00,131.26800537109375,131.26800537109375,131.0800018310547,131.1199951171875,5294,0.0,0.0
2024-05-28 09:52:00-04:00,131.1199951171875,131.25999450683594,131.0800018310547,131.19500732421875,12989,0.0,0.0
2024-05-28 09:53:00-04:00,131.1699981689453,131.1999969482422,131.11000061035156,131.15499877929688,5317,0.0,0.0
2024-05-28 09:54:00-04:00,131.0500030517578,131.0500030517578,131.0500030517578,131.0500030517578,499,0.0,0.0
2024-05-28 09:55:00-04:00,130.8699951171875,130.9398956298828,130.86000061035156,130.9398956298828,965,0.0,0.0
2024-05-28 09:56:00-04:00,130.72000122070312,130.72999572753906,130.72000122070312,130.72999572753906,803,0.0,0.0
2024-05-28 09:57:00-04:00,130.58999633789062,130.58999633789062,130.55499267578125,130.55499267578125,623,0.0,0.0
2024-05-28 09:58:00-04:00,130.52999877929688,130.55499267578125,130.52999877929688,130.55499267578125,878,0.0,0.0
2024-05-28 09:59:00-04:00,130.55499267578125,130.57000732421875,130.47000122070312,130.55999755859375,3936,0.0,0.0
2024-05-28 10:00:00-04:00,130.55999755859375,130.6300048828125,130.49000549316406,130.49000549316406,2453,0.0,0.0
2024-05-28 10:01:00-04:00,130.5399932861328,130.5399932861328,130.38999938964844,130.43499755859375,2185,0.0,0.0
2024-05-28 10:02:00-04:00,130.45919799804688,130.4600067138672,130.38999938964844,130.4600067138672,995,0.0,0.0
2024-05-28 10:03:00-04:00,130.44500732421875,130.44500732421875,130.44500732421875,130.44500732421875,144,0.0,0.0
2024-05-28 10:04:00-04:00,130.38999938964844,130.38999938964844,130.38999938964844,130.38999938964844,265,0.0,0.0
2024-05-28 10:05:00-04:00,130.3800048828125,130.3800048828125,130.3699951171875,130.3699951171875,1448,0.0,0.0
2024-05-28 10:06:00-04:00,130.3000030517578,130.3000030517578,130.0500030517578,130.0500030517578,2316,0.0,0.0
2024-05-28 10:07:00-04:00,130.0800018310547,130.19500732421875,130.0800018310547,130.13009643554688,1494,0.0,0.0
2024-05-28 10:08:00-04:00,130.1781005859375,130.25999450683594,130.0,130.05999755859375,7032,0.0,0.0
2024-05-28 10:09:00-04:00,129.9499969482422,130.00999450683594,129.89999389648438,129.91000366210938,994,0.0,0.0
2024-05-28 10:10:00-04:00,130.00999450683594,130.02000427246094,129.785400390625,129.785400390625,3994,0.0,0.0
2024-05-28 10:11:00-04:00,129.85499572753906,129.85499572753906,129.8249969482422,129.8249969482422,903,0.0,0.0
2024-05-28 10:12:00-04:00,129.8800048828125,129.8800048828125,129.79330444335938,129.8350067138672,1093,0.0,0.0
2024-05-28 10:13:00-04:00,129.8000030517578,129.8000030517578,129.8000030517578,129.8000030517578,529,0.0,0.0
2024-05-28 10:14:00-04:00,129.88999938964844,130.0500030517578,129.8350067138672,130.0,3367,0.0,0.0
2024-05-28 10:15:00-04:00,129.96510314941406,129.96510314941406,129.96510314941406,129.96510314941406,351,0.0,0.0
2024-05-28 10:16:00-04:00,129.97000122070312,129.97000122070312,129.83999633789062,129.84500122070312,3185,0.0,0.0
2024-05-28 10:17:00-04:00,129.8699951171875,129.91000366210938,129.86000061035156,129.91000366210938,2476,0.0,0.0
2024-05-28 10:18:00-04:00,129.91000366210938,129.91000366210938,129.91000366210938,129.91000366210938,1241,0.0,0.0
2024-05-28 10:19:00-04:00,129.8455047607422,129.8455047607422,129.7899932861328,129.84500122070312,1467,0.0,0.0
2024-05-28 10:20:00-04:00,129.77999877929688,129.7949981689453,129.75999450683594,129.7949981689453,1673,0.0,0.0
2024-05-28 10:21:00-04:00,129.80499267578125,129.8699951171875,129.64010620117188,129.72000122070312,4153,0.0,0.0
2024-05-28 10:22:00-04:00,129.72000122070312,129.72000122070312,129.72000122070312,129.72000122070312,474,0.0,0.0
2024-05-28 10:23:00-04:00,129.63999938964844,129.63999938964844,129.5500030517578,129.5500030517578,1942,0.0,0.0
2024-05-28 10:24:00-04:00,129.5500030517578,129.66000366210938,129.5500030517578,129.66000366210938,1961,0.0,0.0
2024-05-28 10:25:00-04:00,129.66000366210938,129.66000366210938,129.58999633789062,129.58999633789062,1159,0.0,0.0
2024-05-28 10:26:00-04:00,129.52000427246094,129.52000427246094,129.49000549316406,129.49000549316406,669,0.0,0.0
2024-05-28 10:27:00-04:00,129.47999572753906,129.50999450683594,129.35000610351562,129.36000061035156,3626,0.0,0.0
2024-05-28 10:28:00-04:00,129.30499267578125,129.30499267578125,129.1999969482422,129.1999969482422,1237,0.0,0.0
2024-05-28 10:29:00-04:00,129.22000122070312,129.27999877929688,129.1999969482422,129.27999877929688,3465,0.0,0.0
2024-05-28 10:30:00-04:00,129.2550048828125,129.3000030517578,129.22000122070312,129.22000122070312,2363,0.0,0.0
2024-05-28 10:31:00-04:00,129.1999969482422,129.1999969482422,129.1300048828125,129.1300048828125,674,0.0,0.0
2024-05-28 10:32:00-04:00,129.2050018310547,129.32000732421875,129.1199951171875,129.1699981689453,3414,0.0,0.0
2024-05-28 10:33:00-04:00,129.1699981689453,129.1699981689453,129.05999755859375,129.05999755859375,5059,0.0,0.0
2024-05-28 10:34:00-04:00,129.0749969482422,129.08590698242188,129.02999877929688,129.05499267578125,1570,0.0,0.0
2024-05-28 10:35:00-04:00,129.0500030517578,129.0500030517578,128.9499969482422,128.98500061035156,3661,0.0,0.0
2024-05-28 10:36:00-04:00,128.94000244140625,128.9600067138672,128.9250030517578,128.9600067138672,1332,0.0,0.0
2024-05-28 10:37:00-04:00,128.9600067138672,128.9600067138672,128.88319396972656,128.8975067138672,1476,0.0,0.0
2024-05-28 10:38:00-04:00,128.89999389648438,129.02000427246094,128.8800048828125,128.9199981689453,5787,0.0,0.0
2024-05-28 10:39:00-04:00,128.94000244140625,129.02000427246094,128.91000366210938,128.94000244140625,2293,0.0,0.0
2024-05-28 10:40:00-04:00,128.94290161132812,128.94290161132812,128.89999389648438,128.89999389648438,1274,0.0,0.0
2024-05-28 10:41:00-04:00,128.9199981689453,128.9199981689453,128.89999389648438,128.89999389648438,488,0.0,0.0
2024-05-28 10:42:00-04:00,128.8800048828125,128.8800048828125,128.8800048828125,128.8800048828125,1705,0.0,0.0
2024-05-28 10:43:00-04:00,128.8699951171875,128.8800048828125,128.8699951171875,128.8800048828125,716,0.0,0.0
2024-05-28 10:44:00-04:00,128.8699951171875,128.88999938964844,128.83999633789062,128.83999633789062,2602,0.0,0.0
2024-05-28 10:45:00-04:00,128.91000366210938,128.9949951171875,128.875,128.9949951171875,4015,0.0,0.0
2024-05-28 10:46:00-04:00,128.94000244140625,128.97999572753906,128.92999267578125,128.97999572753906,1583,0.0,0.0
2024-05-28 10:47:00-04:00,128.9499969482422,128.9499969482422,128.9499969482422,128.9499969482422,874,0.0,0.0
2024-05-28 10:48:00-04:00,128.9199981689453,128.9949951171875,128.9199981689453,128.97999572753906,2522,0.0,0.0
2024-05-28 10:49:00-04:00,128.97999572753906,128.97999572753906,128.92999267578125,128.92999267578125,975,0.0,0.0
2024-05-28 10:50:00-04:00,128.9199981689453,128.93499755859375,128.89999389648438,128.89999389648438,2111,0.0,0.0
2024-05-28 10:51:00-04:00,128.93499755859375,128.93499755859375,128.93499755859375,128.93499755859375,2071,0.0,0.0
2024-05-28 10:52:00-04:00,128.91000366210938,129.0500030517578,128.91000366210938,129.00999450683594,3370,0.0,0.0
2024-05-28 10:54:00-04:00,128.94000244140625,128.96499633789062,128.91000366210938,128.9199981689453,1277,0.0,0.0
2024-05-28 10:55:00-04:00,128.89999389648438,128.92999267578125,128.83999633789062,128.83999633789062,4823,0.0,0.0
2024-05-28 10:56:00-04:00,128.8699951171875,128.8699951171875,128.75,128.75999450683594,3562,0.0,0.0
2024-05-28 10:57:00-04:00,128.78579711914062,128.8000030517578,128.77000427246094,128.77999877929688,1847,0.0,0.0
2024-05-28 10:58:00-04:00,128.82000732421875,128.82000732421875,128.63999938964844,128.69000244140625,8815,0.0,0.0
2024-05-28 10:59:00-04:00,128.69000244140625,128.75999450683594,128.68499755859375,128.72999572753906,2785,0.0,0.0
2024-05-28 11:00:00-04:00,128.73500061035156,128.8300018310547,128.73500061035156,128.8175048828125,2335,0.0,0.0
2024-05-28 11:01:00-04:00,128.8800048828125,128.88499450683594,128.8699951171875,128.88499450683594,639,0.0,0.0
2024-05-28 11:02:00-04:00,128.8542938232422,128.8542938232422,128.77999877929688,128.77999877929688,1212,0.0,0.0
2024-05-28 11:03:00-04:00,128.72999572753906,128.7873992919922,128.7100067138672,128.7873992919922,709,0.0,0.0
2024-05-28 11:04:00-04:00,128.7899932861328,128.7899932861328,128.7899932861328,128.7899932861328,555,0.0,0.0
2024-05-28 11:05:00-04:00,128.74000549316406,128.80999755859375,128.74000549316406,128.80999755859375,623,0.0,0.0
2024-05-28 11:06:00-04:00,128.76499938964844,128.97500610351562,128.72999572753906,128.91000366210938,10411,0.0,0.0
2024-05-28 11:07:00-04:00,128.89999389648438,128.96119689941406,128.88999938964844,128.88999938964844,2726,0.0,0.0
2024-05-28 11:08:00-04:00,128.8800048828125,128.8800048828125,128.77000427246094,128.77000427246094,1702,0.0,0.0
2024-05-28 11:09:00-04:00,128.72000122070312,128.72000122070312,128.72000122070312,128.72000122070312,336,0.0,0.0
2024-05-28 11:10:00-04:00,128.74000549316406,128.7949981689453,128.74000549316406,128.7550048828125,1186,0.0,0.0
2024-05-28 11:11:00-04:00,128.75,128.77000427246094,128.75,128.75999450683594,1033,0.0,0.0
2024-05-28 11:12:00-04:00,128.77999877929688,128.77999877929688,128.77999877929688,128.77999877929688,139,0.0,0.0
2024-05-28 11:13:00-04:00,128.77999877929688,128.77999877929688,128.75,128.75999450683594,1384,0.0,0.0
2024-05-28 11:14:00-04:00,128.7949981689453,128.85000610351562,128.7949981689453,128.82000732421875,2181,0.0,0.0
2024-05-28 11:15:00-04:00,128.82000732421875,128.82000732421875,128.75999450683594,128.75999450683594,1037,0.0,0.0
2024-05-28 11:16:00-04:00,128.75,128.75,128.74000549316406,128.75,1102,0.0,0.0
2024-05-28 11:17:00-04:00,128.75,128.77499389648438,128.58999633789062,128.64500427246094,12115,0.0,0.0
2024-05-28 11:18:00-04:00,128.6999969482422,128.72000122070312,128.69000244140625,128.6999969482422,2308,0.0,0.0
2024-05-28 11:19:00-04:00,128.7100067138672,128.80999755859375,128.66000366210938,128.74000549316406,9411,0.0,0.0
2024-05-28 11:20:00-04:00,128.6999969482422,128.8300018310547,128.6999969482422,128.78500366210938,6264,0.0,0.0
2024-05-28 11:21:00-04:00,128.75,128.75999450683594,128.75,128.75999450683594,503,0.0,0.0
2024-05-28 11:22:00-04:00,128.7949981689453,128.85000610351562,128.77999877929688,128.85000610351562,2493,0.0,0.0
2024-05-28 11:23:00-04:00,128.77000427246094,128.77000427246094,128.77000427246094,128.77000427246094,1025,0.0,0.0
2024-05-28 11:24:00-04:00,128.77999877929688,128.86749267578125,128.75,128.86749267578125,2768,0.0,0.0
2024-05-28 11:25:00-04:00,128.8699951171875,128.8699951171875,128.83999633789062,128.83999633789062,446,0.0,0.0
2024-05-28 11:26:00-04:00,128.8300018310547,128.8300018310547,128.8000030517578,128.8000030517578,1863,0.0,0.0
2024-05-28 11:27:00-04:00,128.75,128.75,128.75,128.75,546,0.0,0.0
2024-05-28 11:28:00-04:00,128.75,128.8000030517578,128.75,128.77999877929688,4608,0.0,0.0
2024-05-28 11:29:00-04:00,128.806396484375,128.806396484375,128.806396484375,128.806396484375,1234,0.0,0.0
2024-05-28 11:30:00-04:00,128.77999877929688,128.77999877929688,128.77999877929688,128.77999877929688,152,0.0,0.0
2024-05-28 11:31:00-04:00,128.74000549316406,128.82000732421875,128.74000549316406,128.75,979,0.0,0.0
2024-05-28 11:32:00-04:00,128.77000427246094,128.77000427246094,128.6999969482422,128.73500061035156,2842,0.0,0.0
2024-05-28 11:33:00-04:00,128.71749877929688,128.8000030517578,128.71749877929688,128.8000030517578,2555,0.0,0.0
2024-05-28 11:34:00-04:00,128.8000030517578,128.8000030517578,128.5800018310547,128.61000061035156,5822,0.0,0.0
2024-05-28 11:35:00-04:00,128.5800018310547,128.67999267578125,128.5800018310547,128.67999267578125,3403,0.0,0.0
2024-05-28 11:36:00-04:00,128.6199951171875,128.66000366210938,128.60000610351562,128.66000366210938,2415,0.0,0.0
2024-05-28 11:37:00-04:00,128.72999572753906,128.75,128.72999572753906,128.75,617,0.0,0.0
2024-05-28 11:38:00-04:00,128.75,128.8000030517578,128.75,128.76499938964844,6636,0.0,0.0
2024-05-28 11:39:00-04:00,128.7899932861328,128.99000549316406,128.7899932861328,128.97500610351562,5329,0.0,0.0
2024-05-28 11:40:00-04:00,129.0399932861328,129.0399932861328,128.92999267578125,128.99000549316406,2567,0.0,0.0
2024-05-28 11:41:00-04:00,129.02999877929688,129.1199951171875,129.01190185546875,129.06919860839844,3389,0.0,0.0
2024-05-28 11:42:00-04:00,129.0500030517578,129.0500030517578,129.0500030517578,129.0500030517578,757,0.0,0.0
2024-05-28 11:43:00-04:00,129.07000732421875,129.08999633789062,129.00999450683594,129.00999450683594,3532,0.0,0.0
2024-05-28 11:44:00-04:00,129.02999877929688,129.05999755859375,129.02999877929688,129.05999755859375,785,0.0,0.0
2024-05-28 11:45:00-04:00,129.11000061035156,129.11000061035156,129.06500244140625,129.11000061035156,1191,0.0,0.0
2024-05-28 11:46:00-04:00,129.07000732421875,129.07000732421875,129.02000427246094,129.02000427246094,1620,0.0,0.0
2024-05-28 11:47:00-04:00,129.0,129.0,129.0,129.0,328,0.0,0.0
2024-05-28 11:48:00-04:00,129.02999877929688,129.02999877929688,129.02000427246094,129.02000427246094,848,0.0,0.0
2024-05-28 11:49:00-04:00,128.99000549316406,128.99000549316406,128.97999572753906,128.97999572753906,964,0.0,0.0
2024-05-28 11:50:00-04:00,129.02999877929688,129.1300048828125,129.02999877929688,129.1300048828125,2587,0.0,0.0
2024-05-28 11:51:00-04:00,129.1300048828125,129.1699981689453,129.1132049560547,129.1132049560547,1407,0.0,0.0
2024-05-28 11:52:00-04:00,129.11000061035156,129.1699981689453,129.11000061035156,129.1699981689453,852,0.0,0.0
2024-05-28 11:53:00-04:00,129.16000366210938,129.1999969482422,129.14500427246094,129.1699981689453,1679,0.0,0.0
2024-05-28 11:54:00-04:00,129.17999267578125,129.24000549316406,129.17999267578125,129.24000549316406,1246,0.0,0.0
2024-05-28 11:55:00-04:00,129.24000549316406,129.24000549316406,129.22000122070312,129.22000122070312,490,0.0,0.0
2024-05-28 11:56:00-04:00,129.22000122070312,129.22000122070312,129.22000122070312,129.22000122070312,447,0.0,0.0
2024-05-28 11:57:00-04:00,129.17999267578125,129.17999267578125,129.1750030517578,129.1750030517578,545,0.0,0.0
2024-05-28 11:58:00-04:00,129.13999938964844,129.1999969482422,129.13999938964844,129.1999969482422,1682,0.0,0.0
2024-05-28 11:59:00-04:00,129.25,129.33999633789062,129.25,129.33999633789062,1009,0.0,0.0
2024-05-28 12:00:00-04:00,129.28030395507812,129.28030395507812,129.28030395507812,129.28030395507812,577,0.0,0.0
2024-05-28 12:02:00-04:00,129.3000030517578,129.3000030517578,129.3000030517578,129.3000030517578,289,0.0,0.0
2024-05-28 12:03:00-04:00,129.27830505371094,129.27830505371094,129.27830505371094,129.27830505371094,355,0.0,0.0
2024-05-28 12:04:00-04:00,129.3300018310547,129.35000610351562,129.3300018310547,129.35000610351562,921,0.0,0.0
2024-05-28 12:05:00-04:00,129.35000610351562,129.36000061035156,129.3303985595703,129.33999633789062,1665,0.0,0.0
2024-05-28 12:06:00-04:00,129.35000610351562,129.35000610351562,129.2899932861328,129.3249969482422,3749,0.0,0.0
2024-05-28 12:07:00-04:00,129.3300018310547,129.3699951171875,129.3300018310547,129.3699951171875,1767,0.0,0.0
2024-05-28 12:08:00-04:00,129.375,129.49000549316406,129.375,129.46499633789062,1791,0.0,0.0
2024-05-28 12:09:00-04:00,129.4199981689453,129.4199981689453,129.17999267578125,129.17999267578125,5587,0.0,0.0
2024-05-28 12:10:00-04:00,129.1999969482422,129.27000427246094,129.19000244140625,129.22999572753906,2052,0.0,0.0
2024-05-28 12:12:00-04:00,129.23680114746094,129.2899932861328,129.19000244140625,129.19000244140625,13330,0.0,0.0
2024-05-28 12:13:00-04:00,129.1300048828125,129.1300048828125,129.05999755859375,129.10000610351562,1009,0.0,0.0
2024-05-28 12:14:00-04:00,129.08279418945312,129.09500122070312,129.04010009765625,129.04010009765625,744,0.0,0.0
2024-05-28 12:15:00-04:00,129.05999755859375,129.05999755859375,129.0399932861328,129.0500030517578,592,0.0,0.0
2024-05-28 12:16:00-04:00,129.0399932861328,129.0500030517578,128.97999572753906,128.97999572753906,1281,0.0,0.0
2024-05-28 12:17:00-04:00,129.02000427246094,129.02000427246094,128.99000549316406,129.02000427246094,1015,0.0,0.0
2024-05-28 12:18:00-04:00,128.97999572753906,129.0399932861328,128.97999572753906,129.02000427246094,2130,0.0,0.0
2024-05-28 12:19:00-04:00,129.0399932861328,129.0500030517578,129.03500366210938,129.03500366210938,1130,0.0,0.0
2024-05-28 12:20:00-04:00,129.0,129.0,128.9499969482422,128.9709930419922,1481,0.0,0.0
2024-05-28 12:21:00-04:00,128.97999572753906,128.97999572753906,128.96389770507812,128.96389770507812,423,0.0,0.0
2024-05-28 12:22:00-04:00,128.9600067138672,129.00999450683594,128.9499969482422,128.9499969482422,3088,0.0,0.0
2024-05-28 12:23:00-04:00,128.9499969482422,129.0,128.9499969482422,128.97999572753906,1674,0.0,0.0
2024-05-28 12:25:00-04:00,128.99000549316406,129.0,128.9600067138672,128.9949951171875,3988,0.0,0.0
2024-05-28 12:26:00-04:00,129.0500030517578,129.07000732421875,129.02999877929688,129.05999755859375,1941,0.0,0.0
2024-05-28 12:27:00-04:00,129.09500122070312,129.09500122070312,129.09500122070312,129.09500122070312,317,0.0,0.0
2024-05-28 12:28:00-04:00,129.16000366210938,129.16000366210938,129.1199951171875,129.13499450683594,1591,0.0,0.0
2024-05-28 12:29:00-04:00,129.1699981689453,129.22999572753906,129.16000366210938,129.2299041748047,2985,0.0,0.0
2024-05-28 12:30:00-04:00,129.1824951171875,129.1824951171875,129.1824951171875,129.1824951171875,505,0.0,0.0
2024-05-28 12:31:00-04:00,129.22999572753906,129.30999755859375,129.1999969482422,129.2449951171875,3492,0.0,0.0
2024-05-28 12:32:00-04:00,129.17999267578125,129.1999969482422,129.1699981689453,129.19500732421875,1909,0.0,0.0
2024-05-28 12:33:00-04:00,129.22669982910156,129.25,129.1999969482422,129.1999969482422,1124,0.0,0.0
2024-05-28 12:34:00-04:00,129.19810485839844,129.19810485839844,129.17999267578125,129.17999267578125,999,0.0,0.0
2024-05-28 12:37:00-04:00,129.18499755859375,129.25,129.10000610351562,129.10000610351562,6235,0.0,0.0
2024-05-28 12:38:00-04:00,129.14999389648438,129.22999572753906,129.14999389648438,129.15199279785156,2967,0.0,0.0
2024-05-28 12:39:00-04:00,129.13999938964844,129.27000427246094,129.13999938964844,129.27000427246094,2583,0.0,0.0
2024-05-28 12:40:00-04:00,129.2949981689453,129.33999633789062,129.25999450683594,129.32000732421875,3268,0.0,0.0
2024-05-28 12:41:00-04:00,129.3800048828125,129.3800048828125,129.32000732421875,129.32000732421875,2177,0.0,0.0
2024-05-28 12:42:00-04:00,129.30999755859375,129.30999755859375,129.30999755859375,129.30999755859375,462,0.0,0.0
2024-05-28 12:43:00-04:00,129.25999450683594,129.25999450683594,129.1699981689453,129.1699981689453,1067,0.0,0.0
2024-05-28 12:44:00-04:00,129.11000061035156,129.11000061035156,129.11000061035156,129.11000061035156,840,0.0,0.0
2024-05-28 12:46:00-04:00,129.15499877929688,129.15499877929688,129.1300048828125,129.1300048828125,2878,0.0,0.0
2024-05-28 12:47:00-04:00,129.10000610351562,129.11000061035156,129.10000610351562,129.11000061035156,516,0.0,0.0
2024-05-28 12:48:00-04:00,129.05990600585938,129.05990600585938,129.05990600585938,129.05990600585938,291,0.0,0.0
2024-05-28 12:49:00-04:00,129.02999877929688,129.0399932861328,129.02999877929688,129.0399932861328,967,0.0,0.0
2024-05-28 12:51:00-04:00,129.05999755859375,129.05999755859375,129.00999450683594,129.00999450683594,932,0.0,0.0
2024-05-28 12:52:00-04:00,128.99000549316406,128.99000549316406,128.9600067138672,128.9600067138672,576,0.0,0.0
2024-05-28 12:53:00-04:00,129.0,129.0,128.9676971435547,128.9676971435547,681,0.0,0.0
2024-05-28 12:54:00-04:00,129.00999450683594,129.02000427246094,129.0,129.00999450683594,1587,0.0,0.0
2024-05-28 12:55:00-04:00,128.9600067138672,128.9600067138672,128.9600067138672,128.9600067138672,831,0.0,0.0
2024-05-28 12:56:00-04:00,128.9499969482422,128.9499969482422,128.94000244140625,128.94000244140625,1149,0.0,0.0
2024-05-28 12:57:00-04:00,128.9499969482422,128.9499969482422,128.88999938964844,128.88999938964844,1187,0.0,0.0
2024-05-28 12:58:00-04:00,128.9199981689453,128.92999267578125,128.89999389648438,128.89999389648438,1820,0.0,0.0
2024-05-28 12:59:00-04:00,128.89500427246094,128.89500427246094,128.89500427246094,128.89500427246094,181,0.0,0.0
2024-05-28 13:00:00-04:00,128.85000610351562,128.85000610351562,128.80999755859375,128.8300018310547,4120,0.0,0.0
2024-05-28 13:01:00-04:00,128.7899932861328,128.7899932861328,128.7899932861328,128.7899932861328,693,0.0,0.0
2024-05-28 13:02:00-04:00,128.7899932861328,128.86000061035156,128.7899932861328,128.86000061035156,3146,0.0,0.0
2024-05-28 13:03:00-04:00,128.8800048828125,128.8800048828125,128.8800048828125,128.8800048828125,502,0.0,0.0
2024-05-28 13:04:00-04:00,128.8699951171875,128.8699951171875,128.8699951171875,128.8699951171875,939,0.0,0.0
2024-05-28 13:06:00-04:00,128.88999938964844,128.9600067138672,128.88999938964844,128.9499969482422,1243,0.0,0.0
2024-05-28 13:07:00-04:00,128.9600067138672,128.9600067138672,128.9600067138672,128.9600067138672,342,0.0,0.0
2024-05-28 13:08:00-04:00,128.92999267578125,128.92999267578125,128.92999267578125,128.92999267578125,278,0.0,0.0
2024-05-28 13:09:00-04:00,128.9600067138672,128.97999572753906,128.92999267578125,128.97500610351562,1461,0.0,0.0
2024-05-28 13:10:00-04:00,128.97000122070312,128.97000122070312,128.9600067138672,128.9600067138672,1005,0.0,0.0
2024-05-28 13:11:00-04:00,129.00999450683594,129.03900146484375,129.0050048828125,129.0050048828125,2644,0.0,0.0
2024-05-28 13:12:00-04:00,128.99000549316406,128.99000549316406,128.9600067138672,128.9600067138672,1806,0.0,0.0
2024-05-28 13:13:00-04:00,128.91000366210938,128.91000366210938,128.91000366210938,128.91000366210938,301,0.0,0.0
2024-05-28 13:14:00-04:00,128.89999389648438,128.89999389648438,128.89500427246094,128.89500427246094,368,0.0,0.0
2024-05-28 13:15:00-04:00,128.9499053955078,128.97000122070312,128.90499877929688,128.97000122070312,1895,0.0,0.0
2024-05-28 13:16:00-04:00,128.93629455566406,128.93629455566406,128.91009521484375,128.91009521484375,914,0.0,0.0
2024-05-28 13:17:00-04:00,128.97999572753906,128.97999572753906,128.88099670410156,128.88099670410156,1023,0.0,0.0
2024-05-28 13:19:00-04:00,128.8699951171875,128.8699951171875,128.84500122070312,128.84500122070312,811,0.0,0.0
2024-05-28 13:20:00-04:00,128.83999633789062,128.89999389648438,128.8300018310547,128.88999938964844,5305,0.0,0.0
2024-05-28 13:21:00-04:00,128.85000610351562,128.85000610351562,128.80999755859375,128.80999755859375,976,0.0,0.0
2024-05-28 13:22:00-04:00,128.85000610351562,128.86000061035156,128.82000732421875,128.86000061035156,1314,0.0,0.0
2024-05-28 13:23:00-04:00,128.8249969482422,128.8249969482422,128.8249969482422,128.8249969482422,927,0.0,0.0
2024-05-28 13:25:00-04:00,128.8267059326172,128.8350067138672,128.8267059326172,128.8350067138672,925,0.0,0.0
2024-05-28 13:26:00-04:00,128.8000030517578,128.8000030517578,128.7263946533203,128.7263946533203,3360,0.0,0.0
2024-05-28 13:28:00-04:00,128.7550048828125,128.7550048828125,128.72000122070312,128.72000122070312,1219,0.0,0.0
2024-05-28 13:29:00-04:00,128.6999969482422,128.72000122070312,128.6909942626953,128.72000122070312,3103,0.0,0.0
2024-05-28 13:31:00-04:00,128.66000366210938,128.66000366210938,128.64010620117188,128.64010620117188,535,0.0,0.0
2024-05-28 13:32:00-04:00,128.6999969482422,128.7100067138672,128.6999969482422,128.7100067138672,1957,0.0,0.0
2024-05-28 13:33:00-04:00,128.69000244140625,128.6999969482422,128.6894073486328,128.6999969482422,925,0.0,0.0
2024-05-28 13:34:00-04:00,128.72999572753906,128.72999572753906,128.72999572753906,128.72999572753906,1075,0.0,0.0
2024-05-28 13:35:00-04:00,128.72000122070312,128.72999572753906,128.72000122070312,128.72999572753906,539,0.0,0.0
2024-05-28 13:36:00-04:00,128.74000549316406,128.74000549316406,128.67999267578125,128.69000244140625,2852,0.0,0.0
2024-05-28 13:37:00-04:00,128.66000366210938,128.6649932861328,128.625,128.625,3212,0.0,0.0
2024-05-28 13:40:00-04:00,128.6199951171875,128.85000610351562,128.6199951171875,128.80499267578125,10800,0.0,0.0
2024-05-28 13:41:00-04:00,128.83999633789062,128.83999633789062,128.72000122070312,128.72999572753906,2436,0.0,0.0
2024-05-28 13:42:00-04:00,128.7100067138672,128.78500366210938,128.69000244140625,128.75999450683594,5278,0.0,0.0
2024-05-28 13:43:00-04:00,128.77130126953125,128.77130126953125,128.77000427246094,128.77000427246094,807,0.0,0.0
2024-05-28 13:46:00-04:00,128.69000244140625,128.7100067138672,128.64999389648438,128.69000244140625,3756,0.0,0.0
2024-05-28 13:47:00-04:00,128.69000244140625,128.74000549316406,128.69000244140625,128.74000549316406,1053,0.0,0.0
2024-05-28 13:48:00-04:00,128.77999877929688,128.77999877929688,128.75,128.75,734,0.0,0.0
2024-05-28 13:49:00-04:00,128.74000549316406,128.77999877929688,128.74000549316406,128.77000427246094,1778,0.0,0.0
2024-05-28 13:50:00-04:00,128.76800537109375,128.77000427246094,128.69000244140625,128.69000244140625,3321,0.0,0.0
2024-05-28 13:51:00-04:00,128.6699981689453,128.6999969482422,128.63160705566406,128.67999267578125,3184,0.0,0.0
2024-05-28 13:52:00-04:00,128.72000122070312,128.72000122070312,128.72000122070312,128.72000122070312,350,0.0,0.0
2024-05-28 13:53:00-04:00,128.72000122070312,128.77999877929688,128.72000122070312,128.77999877929688,3153,0.0,0.0
2024-05-28 13:57:00-04:00,128.76870727539062,128.77999877929688,128.72000122070312,128.72999572753906,3516,0.0,0.0
2024-05-28 13:58:00-04:00,128.72000122070312,128.72000122070312,128.72000122070312,128.72000122070312,402,0.0,0.0
2024-05-28 13:59:00-04:00,128.74000549316406,128.74000549316406,128.7100067138672,128.7100067138672,1325,0.0,0.0
2024-05-28 14:00:00-04:00,128.6999969482422,128.6999969482422,128.69000244140625,128.69000244140625,1414,0.0,0.0
2024-05-28 14:01:00-04:00,128.7100067138672,128.7100067138672,128.6699981689453,128.70120239257812,548,0.0,0.0
2024-05-28 14:02:00-04:00,128.66000366210938,128.7198944091797,128.66000366210938,128.6699981689453,1233,0.0,0.0
2024-05-28 14:03:00-04:00,128.68499755859375,128.75,128.68499755859375,128.74000549316406,3581,0.0,0.0
2024-05-28 14:04:00-04:00,128.72999572753906,128.72999572753906,128.72999572753906,128.72999572753906,553,0.0,0.0
2024-05-28 14:05:00-04:00,128.73500061035156,128.77000427246094,128.72999572753906,128.77000427246094,2104,0.0,0.0
2024-05-28 14:07:00-04:00,128.75999450683594,128.80999755859375,128.75999450683594,128.77999877929688,2971,0.0,0.0
2024-05-28 14:08:00-04:00,128.77000427246094,128.77000427246094,128.77000427246094,128.77000427246094,633,0.0,0.0
2024-05-28 14:09:00-04:00,128.80999755859375,128.80999755859375,128.80999755859375,128.80999755859375,868,0.0,0.0
2024-05-28 14:10:00-04:00,128.85000610351562,128.85000610351562,128.80999755859375,128.80999755859375,2029,0.0,0.0
2024-05-28 14:11:00-04:00,128.82000732421875,128.9199981689453,128.80999755859375,128.8699951171875,4563,0.0,0.0
2024-05-28 14:12:00-04:00,128.8699951171875,128.8699951171875,128.8000030517578,128.82000732421875,2446,0.0,0.0
2024-05-28 14:13:00-04:00,128.77499389648438,128.80999755859375,128.7467041015625,128.75999450683594,1906,0.0,0.0
2024-05-28 14:14:00-04:00,128.77999877929688,128.82000732421875,128.77999877929688,128.82000732421875,1704,0.0,0.0
2024-05-28 14:15:00-04:00,128.83990478515625,128.83999633789062,128.8300018310547,128.8350067138672,1006,0.0,0.0
2024-05-28 14:16:00-04:00,128.85000610351562,128.91000366210938,128.85000610351562,128.91000366210938,1654,0.0,0.0
2024-05-28 14:17:00-04:00,128.88999938964844,128.88999938964844,128.88999938964844,128.88999938964844,942,0.0,0.0
2024-05-28 14:19:00-04:00,128.9499969482422,128.9600067138672,128.9499969482422,128.9499969482422,2186,0.0,0.0
2024-05-28 14:21:00-04:00,128.89999389648438,128.93499755859375,128.88999938964844,128.93499755859375,2822,0.0,0.0
2024-05-28 14:22:00-04:00,128.88999938964844,128.91000366210938,128.88999938964844,128.91000366210938,2943,0.0,0.0
2024-05-28 14:24:00-04:00,128.92999267578125,128.92999267578125,128.92999267578125,128.92999267578125,215,0.0,0.0
2024-05-28 14:25:00-04:00,128.92999267578125,128.92999267578125,128.86099243164062,128.87899780273438,2897,0.0,0.0
2024-05-28 14:26:00-04:00,128.84500122070312,128.85000610351562,128.84500122070312,128.85000610351562,574,0.0,0.0
2024-05-28 14:27:00-04:00,128.80999755859375,128.80999755859375,128.75,128.75,2621,0.0,0.0
2024-05-28 14:29:00-04:00,128.72999572753906,128.77000427246094,128.70570373535156,128.7550048828125,2230,0.0,0.0
2024-05-28 14:30:00-04:00,128.72000122070312,128.7324981689453,128.6999969482422,128.6999969482422,932,0.0,0.0
2024-05-28 14:31:00-04:00,128.75,128.77000427246094,128.75,128.75999450683594,1587,0.0,0.0
2024-05-28 14:32:00-04:00,128.75100708007812,128.75100708007812,128.75,128.75,693,0.0,0.0
2024-05-28 14:33:00-04:00,128.72999572753906,128.72999572753906,128.72999572753906,128.72999572753906,516,0.0,0.0
2024-05-28 14:34:00-04:00,128.71499633789062,128.8000030517578,128.71499633789062,128.7899932861328,3435,0.0,0.0
2024-05-28 14:35:00-04:00,128.7779998779297,128.7779998779297,128.7779998779297,128.7779998779297,412,0.0,0.0
2024-05-28 14:36:00-04:00,128.7154998779297,128.7154998779297,128.71290588378906,128.71290588378906,836,0.0,0.0
2024-05-28 14:37:00-04:00,128.72650146484375,128.72650146484375,128.64100646972656,128.64100646972656,1178,0.0,0.0
2024-05-28 14:39:00-04:00,128.67999267578125,128.67999267578125,128.64999389648438,128.64999389648438,712,0.0,0.0
2024-05-28 14:40:00-04:00,128.67999267578125,128.77000427246094,128.67999267578125,128.77000427246094,1705,0.0,0.0
2024-05-28 14:41:00-04:00,128.80999755859375,128.80999755859375,128.7899932861328,128.7899932861328,1097,0.0,0.0
2024-05-28 14:43:00-04:00,128.7899932861328,128.82000732421875,128.7899932861328,128.80999755859375,1675,0.0,0.0
2024-05-28 14:45:00-04:00,128.82000732421875,128.84500122070312,128.80999755859375,128.80999755859375,2289,0.0,0.0
2024-05-28 14:46:00-04:00,128.77999877929688,128.8000030517578,128.7550048828125,128.7550048828125,2106,0.0,0.0
2024-05-28 14:47:00-04:00,128.72500610351562,128.77000427246094,128.72500610351562,128.77000427246094,1606,0.0,0.0
2024-05-28 14:48:00-04:00,128.75999450683594,128.8000030517578,128.75999450683594,128.76499938964844,2532,0.0,0.0
2024-05-28 14:49:00-04:00,128.75160217285156,128.76499938964844,128.75160217285156,128.76499938964844,399,0.0,0.0
2024-05-28 14:50:00-04:00,128.76499938964844,128.76499938964844,128.6999969482422,128.6999969482422,1026,0.0,0.0
2024-05-28 14:51:00-04:00,128.72000122070312,128.72000122070312,128.6999969482422,128.6999969482422,2282,0.0,0.0
2024-05-28 14:52:00-04:00,128.75,128.75,128.7449951171875,128.7449951171875,569,0.0,0.0
2024-05-28 14:53:00-04:00,128.7550048828125,128.79800415039062,128.7550048828125,128.79800415039062,967,0.0,0.0
2024-05-28 14:54:00-04:00,128.75,128.7550048828125,128.72999572753906,128.72999572753906,1608,0.0,0.0
2024-05-28 14:55:00-04:00,128.72999572753906,128.75,128.72999572753906,128.74000549316406,991,0.0,0.0
2024-05-28 14:56:00-04:00,128.7303924560547,128.77999877929688,128.72000122070312,128.77999877929688,3483,0.0,0.0
2024-05-28 14:57:00-04:00,128.77999877929688,128.77999877929688,128.77000427246094,128.77000427246094,895,0.0,0.0
2024-05-28 14:58:00-04:00,128.7899932861328,128.7899932861328,128.78500366210938,128.78500366210938,851,0.0,0.0
2024-05-28 14:59:00-04:00,128.7899932861328,128.85000610351562,128.77000427246094,128.8300018310547,11337,0.0,0.0
2024-05-28 15:00:00-04:00,128.86000061035156,128.86000061035156,128.70669555664062,128.70669555664062,4920,0.0,0.0
2024-05-28 15:01:00-04:00,128.7100067138672,128.7100067138672,128.67999267578125,128.67999267578125,1204,0.0,0.0
2024-05-28 15:03:00-04:00,128.69000244140625,128.69000244140625,128.5500030517578,128.6658935546875,4385,0.0,0.0
2024-05-28 15:04:00-04:00,128.59500122070312,128.6199951171875,128.57000732421875,128.57000732421875,2804,0.0,0.0
2024-05-28 15:05:00-04:00,128.5659942626953,128.5800018310547,128.55999755859375,128.5749969482422,1807,0.0,0.0
2024-05-28 15:06:00-04:00,128.60000610351562,128.63999938964844,128.58999633789062,128.63999938964844,2417,0.0,0.0
2024-05-28 15:07:00-04:00,128.64190673828125,128.6999969482422,128.63999938964844,128.6999969482422,1616,0.0,0.0
2024-05-28 15:08:00-04:00,128.7100067138672,128.77999877929688,128.7100067138672,128.77999877929688,2272,0.0,0.0
2024-05-28 15:09:00-04:00,128.77000427246094,128.8000030517578,128.77000427246094,128.7899932861328,1216,0.0,0.0
2024-05-28 15:10:00-04:00,128.7899932861328,128.8699951171875,128.7899932861328,128.8699951171875,1850,0.0,0.0
2024-05-28 15:11:00-04:00,128.85000610351562,128.8800048828125,128.84500122070312,128.8800048828125,1555,0.0,0.0
2024-05-28 15:12:00-04:00,128.8800048828125,128.89999389648438,128.85000610351562,128.88499450683594,3221,0.0,0.0
2024-05-28 15:13:00-04:00,128.84869384765625,128.84869384765625,128.84869384765625,128.84869384765625,581,0.0,0.0
2024-05-28 15:14:00-04:00,128.88999938964844,128.9199981689453,128.88999938964844,128.9199981689453,1860,0.0,0.0
2024-05-28 15:15:00-04:00,128.89999389648438,128.89999389648438,128.89999389648438,128.89999389648438,205,0.0,0.0
2024-05-28 15:16:00-04:00,128.8800048828125,128.8800048828125,128.8300018310547,128.8300018310547,3746,0.0,0.0
2024-05-28 15:17:00-04:00,128.8000030517578,128.8300018310547,128.77999877929688,128.7899932861328,3553,0.0,0.0
2024-05-28 15:18:00-04:00,128.8000030517578,128.8000030517578,128.8000030517578,128.8000030517578,889,0.0,0.0
2024-05-28 15:19:00-04:00,128.8000030517578,128.82000732421875,128.8000030517578,128.80999755859375,1098,0.0,0.0
2024-05-28 15:20:00-04:00,128.7899932861328,128.83999633789062,128.7899932861328,128.8350067138672,3224,0.0,0.0
2024-05-28 15:21:00-04:00,128.85000610351562,128.86000061035156,128.82000732421875,128.83999633789062,5679,0.0,0.0
2024-05-28 15:22:00-04:00,128.82000732421875,128.85000610351562,128.82000732421875,128.83999633789062,1620,0.0,0.0
2024-05-28 15:23:00-04:00,128.83999633789062,128.83999633789062,128.83999633789062,128.83999633789062,505,0.0,0.0
2024-05-28 15:24:00-04:00,128.83999633789062,128.85000610351562,128.80999755859375,128.81500244140625,2985,0.0,0.0
2024-05-28 15:25:00-04:00,128.8300018310547,128.85000610351562,128.8300018310547,128.84500122070312,3583,0.0,0.0
2024-05-28 15:26:00-04:00,128.86000061035156,128.86000061035156,128.86000061035156,128.86000061035156,180,0.0,0.0
2024-05-28 15:27:00-04:00,128.86000061035156,128.97999572753906,128.86000061035156,128.97999572753906,3792,0.0,0.0
2024-05-28 15:28:00-04:00,128.9499969482422,128.9499969482422,128.88999938964844,128.89999389648438,2184,0.0,0.0
2024-05-28 15:29:00-04:00,128.88999938964844,128.88999938964844,128.8300018310547,128.83999633789062,3440,0.0,0.0
2024-05-28 15:30:00-04:00,128.80999755859375,128.85499572753906,128.80999755859375,128.85499572753906,1026,0.0,0.0
2024-05-28 15:31:00-04:00,128.77999877929688,128.7899932861328,128.75999450683594,128.75999450683594,859,0.0,0.0
2024-05-28 15:32:00-04:00,128.8000030517578,128.8800048828125,128.7949981689453,128.8350067138672,6476,0.0,0.0
2024-05-28 15:33:00-04:00,128.83999633789062,128.83999633789062,128.8300018310547,128.8300018310547,377,0.0,0.0
2024-05-28 15:34:00-04:00,128.82000732421875,128.82000732421875,128.75,128.8000030517578,3939,0.0,0.0
2024-05-28 15:35:00-04:00,128.75999450683594,128.75999450683594,128.69000244140625,128.69000244140625,4662,0.0,0.0
2024-05-28 15:36:00-04:00,128.7100067138672,128.7899932861328,128.7100067138672,128.7899932861328,2933,0.0,0.0
2024-05-28 15:37:00-04:00,128.82000732421875,128.83999633789062,128.7801055908203,128.7801055908203,4843,0.0,0.0
2024-05-28 15:38:00-04:00,128.8000030517578,128.8000030517578,128.77999877929688,128.77999877929688,4857,0.0,0.0
2024-05-28 15:39:00-04:00,128.8000030517578,128.82000732421875,128.77999877929688,128.77999877929688,4616,0.0,0.0
2024-05-28 15:40:00-04:00,128.7899932861328,128.86000061035156,128.75999450683594,128.86000061035156,2296,0.0,0.0
2024-05-28 15:41:00-04:00,128.86000061035156,128.86000061035156,128.83999633789062,128.83999633789062,1597,0.0,0.0
2024-05-28 15:42:00-04:00,128.8699951171875,128.97000122070312,128.8699951171875,128.97000122070312,1997,0.0,0.0
2024-05-28 15:43:00-04:00,129.02000427246094,129.10000610351562,129.02000427246094,129.10000610351562,2410,0.0,0.0
2024-05-28 15:44:00-04:00,129.0800018310547,129.0800018310547,129.05999755859375,129.0800018310547,4306,0.0,0.0
2024-05-28 15:45:00-04:00,129.10000610351562,129.16000366210938,128.9600067138672,128.9600067138672,11766,0.0,0.0
2024-05-28 15:46:00-04:00,128.94000244140625,128.99000549316406,128.92999267578125,128.99000549316406,5335,0.0,0.0
2024-05-28 15:47:00-04:00,128.99000549316406,129.02000427246094,128.9600067138672,128.98500061035156,11122,0.0,0.0
2024-05-28 15:48:00-04:00,128.97999572753906,129.07870483398438,128.97999572753906,129.02999877929688,6545,0.0,0.0
2024-05-28 15:49:00-04:00,129.0399932861328,129.0399932861328,128.9600067138672,128.97000122070312,4831,0.0,0.0
2024-05-28 15:50:00-04:00,128.9199981689453,128.96499633789062,128.88999938964844,128.92999267578125,9893,0.0,0.0
2024-05-28 15:51:00-04:00,128.9199981689453,128.92999267578125,128.8699951171875,128.88999938964844,8988,0.0,0.0
2024-05-28 15:52:00-04:00,128.88999938964844,128.92999267578125,128.8699951171875,128.92999267578125,6188,0.0,0.0
2024-05-28 15:53:00-04:00,128.9250030517578,129.07000732421875,128.9250030517578,129.07000732421875,10312,0.0,0.0
2024-05-28 15:54:00-04:00,129.06500244140625,129.06500244140625,128.97000122070312,129.0,7641,0.0,0.0
2024-05-28 15:55:00-04:00,129.0,129.1300048828125,128.9199981689453,128.9199981689453,18043,0.0,0.0
2024-05-28 15:56:00-04:00,128.91000366210938,128.92999267578125,128.77000427246094,128.77000427246094,25698,0.0,0.0
2024-05-28 15:57:00-04:00,128.76499938964844,128.80999755859375,128.74000549316406,128.75999450683594,22710,0.0,0.0
2024-05-28 15:58:00-04:00,128.77000427246094,128.86500549316406,128.74000549316406,128.85000610351562,29081,0.0,0.0
2024-05-28 15:59:00-04:00,128.8699951171875,128.91000366210938,128.78500366210938,128.89999389648438,67478,0.0,0.0
2024-05-29 09:30:00-04:00,128.3300018310547,128.63999938964844,128.1300048828125,128.1300048828125,14768,0.0,0.0
2024-05-29 09:31:00-04:00,128.13999938964844,128.3699951171875,128.13999938964844,128.24020385742188,889,0.0,0.0
2024-05-29 09:32:00-04:00,128.1300048828125,128.19000244140625,127.83000183105469,127.91500091552734,6703,0.0,0.0
2024-05-29 09:34:00-04:00,127.81849670410156,127.8499984741211,127.79000091552734,127.8499984741211,1448,0.0,0.0
2024-05-29 09:35:00-04:00,127.76000213623047,128.02090454101562,127.76000213623047,128.02090454101562,1385,0.0,0.0
2024-05-29 09:36:00-04:00,128.11990356445312,128.11990356445312,127.87999725341797,127.93499755859375,5047,0.0,0.0
2024-05-29 09:37:00-04:00,127.90499877929688,127.90499877929688,127.90499877929688,127.90499877929688,596,0.0,0.0
2024-05-29 09:39:00-04:00,127.87000274658203,128.10769653320312,127.87000274658203,128.10769653320312,2493,0.0,0.0
2024-05-29 09:40:00-04:00,128.10000610351562,128.10499572753906,127.99019622802734,128.10499572753906,2654,0.0,0.0
2024-05-29 09:41:00-04:00,128.06500244140625,128.0749969482422,128.06500244140625,128.0749969482422,1045,0.0,0.0
2024-05-29 09:42:00-04:00,127.98999786376953,128.33999633789062,127.98999786376953,128.33999633789062,2114,0.0,0.0
2024-05-29 09:43:00-04:00,128.3699951171875,128.63999938964844,128.3699951171875,128.5850067138672,1578,0.0,0.0
2024-05-29 09:44:00-04:00,128.5,128.5,128.47999572753906,128.47999572753906,609,0.0,0.0
2024-05-29 09:45:00-04:00,128.3699951171875,128.47999572753906,128.36000061035156,128.47999572753906,1019,0.0,0.0
2024-05-29 09:46:00-04:00,128.46499633789062,128.46499633789062,128.46499633789062,128.46499633789062,407,0.0,0.0
2024-05-29 09:47:00-04:00,128.36000061035156,128.36000061035156,128.33999633789062,128.33999633789062,750,0.0,0.0
2024-05-29 09:48:00-04:00,128.41000366210938,128.41000366210938,128.25999450683594,128.30999755859375,1581,0.0,0.0
2024-05-29 09:49:00-04:00,128.27999877929688,128.35000610351562,128.27499389648438,128.27499389648438,1094,0.0,0.0
2024-05-29 09:50:00-04:00,128.17999267578125,128.17999267578125,128.1750030517578,128.1750030517578,649,0.0,0.0
2024-05-29 09:51:00-04:00,128.08999633789062,128.11500549316406,128.0500030517578,128.0500030517578,706,0.0,0.0
2024-05-29 09:52:00-04:00,128.0399932861328,128.0399932861328,128.0399932861328,128.0399932861328,116,0.0,0.0
2024-05-29 09:53:00-04:00,128.0050048828125,128.0050048828125,128.0050048828125,128.0050048828125,552,0.0,0.0
2024-05-29 09:55:00-04:00,127.88999938964844,127.88999938964844,127.8499984741211,127.8499984741211,784,0.0,0.0
2024-05-29 09:56:00-04:00,127.83000183105469,128.00999450683594,127.83000183105469,128.00999450683594,1614,0.0,0.0
2024-05-29 09:57:00-04:00,127.91020202636719,127.9749984741211,127.91020202636719,127.9749984741211,1260,0.0,0.0
2024-05-29 09:58:00-04:00,127.9749984741211,127.9749984741211,127.88999938964844,127.97000122070312,926,0.0,0.0
2024-05-29 09:59:00-04:00,127.91999816894531,127.91999816894531,127.91999816894531,127.91999816894531,602,0.0,0.0
2024-05-29 10:00:00-04:00,127.9800033569336,128.0500030517578,127.9800033569336,128.0500030517578,974,0.0,0.0
2024-05-29 10:01:00-04:00,128.10000610351562,128.1656951904297,128.10000610351562,128.1656951904297,1046,0.0,0.0
2024-05-29 10:02:00-04:00,128.3249969482422,128.4149932861328,128.3249969482422,128.4149932861328,448,0.0,0.0
2024-05-29 10:03:00-04:00,128.4149932861328,128.4149932861328,128.4149932861328,128.4149932861328,419,0.0,0.0
2024-05-29 10:04:00-04:00,128.4199981689453,128.4199981689453,128.3572998046875,128.39500427246094,2096,0.0,0.0
2024-05-29 10:05:00-04:00,128.33999633789062,128.33999633789062,128.27000427246094,128.27000427246094,1519,0.0,0.0
2024-05-29 10:06:00-04:00,128.3350067138672,128.3350067138672,128.3350067138672,128.3350067138672,752,0.0,0.0
2024-05-29 10:07:00-04:00,128.3000030517578,128.3800048828125,128.3000030517578,128.30499267578125,1303,0.0,0.0
2024-05-29 10:08:00-04:00,128.25,128.25,128.25,128.25,234,0.0,0.0
2024-05-29 10:09:00-04:00,128.17999267578125,128.17999267578125,128.17999267578125,128.17999267578125,900,0.0,0.0
2024-05-29 10:11:00-04:00,128.1699981689453,128.1699981689453,128.1199951171875,128.1199951171875,467,0.0,0.0
2024-05-29 10:12:00-04:00,128.0500030517578,128.06500244140625,128.0500030517578,128.06500244140625,612,0.0,0.0
2024-05-29 10:13:00-04:00,127.98999786376953,127.98999786376953,127.91999816894531,127.91999816894531,780,0.0,0.0
2024-05-29 10:14:00-04:00,127.95999908447266,127.9800033569336,127.91000366210938,127.94000244140625,2008,0.0,0.0
2024-05-29 10:15:00-04:00,127.9800033569336,127.9800033569336,127.9800033569336,127.9800033569336,321,0.0,0.0
2024-05-29 10:16:00-04:00,128.0,128.0,127.91999816894531,127.91999816894531,1024,0.0,0.0
2024-05-29 10:17:00-04:00,127.91999816894531,127.91999816894531,127.7699966430664,127.7699966430664,1872,0.0,0.0
2024-05-29 10:18:00-04:00,127.76000213623047,127.8197021484375,127.7249984741211,127.78500366210938,8772,0.0,0.0
2024-05-29 10:19:00-04:00,127.78500366210938,127.81999969482422,127.69999694824219,127.69999694824219,3825,0.0,0.0
2024-05-29 10:20:00-04:00,127.65119934082031,127.90499877929688,127.65119934082031,127.90499877929688,1903,0.0,0.0
2024-05-29 10:21:00-04:00,127.93000030517578,127.9800033569336,127.87000274658203,127.9800033569336,1835,0.0,0.0
2024-05-29 10:22:00-04:00,127.9800033569336,128.0050048828125,127.91999816894531,127.95500183105469,2749,0.0,0.0
2024-05-29 10:23:00-04:00,127.86000061035156,127.88500213623047,127.86000061035156,127.88500213623047,675,0.0,0.0
2024-05-29 10:24:00-04:00,127.875,127.94999694824219,127.875,127.94999694824219,729,0.0,0.0
2024-05-29 10:25:00-04:00,127.87999725341797,127.9000015258789,127.83999633789062,127.9000015258789,1890,0.0,0.0
2024-05-29 10:26:00-04:00,127.91000366210938,127.91500091552734,127.9000015258789,127.9000015258789,344,0.0,0.0
2024-05-29 10:27:00-04:00,127.91000366210938,127.98999786376953,127.91000366210938,127.98999786376953,1067,0.0,0.0
2024-05-29 10:28:00-04:00,127.98500061035156,128.07000732421875,127.98500061035156,128.0500030517578,1545,0.0,0.0
2024-05-29 10:29:00-04:00,128.1699981689453,128.24000549316406,128.1699981689453,128.24000549316406,1287,0.0,0.0
2024-05-29 10:30:00-04:00,128.25999450683594,128.25999450683594,128.25,128.25,740,0.0,0.0
2024-05-29 10:31:00-04:00,128.17999267578125,128.19000244140625,128.17999267578125,128.19000244140625,513,0.0,0.0
2024-05-29 10:32:00-04:00,128.25,128.27999877929688,128.1678009033203,128.27999877929688,1910,0.0,0.0
2024-05-29 10:33:00-04:00,128.27999877929688,128.30499267578125,128.27999877929688,128.30499267578125,1267,0.0,0.0
2024-05-29 10:34:00-04:00,128.24000549316406,128.2899932861328,128.24000549316406,128.2899932861328,1082,0.0,0.0
2024-05-29 10:35:00-04:00,128.27999877929688,128.39999389648438,128.27999877929688,128.36000061035156,3014,0.0,0.0
2024-05-29 10:36:00-04:00,128.30999755859375,128.30999755859375,128.27999877929688,128.27999877929688,862,0.0,0.0
2024-05-29 10:37:00-04:00,128.27999877929688,128.27999877929688,128.2100067138672,128.2100067138672,2364,0.0,0.0
2024-05-29 10:38:00-04:00,128.17999267578125,128.17999267578125,128.14999389648438,128.14999389648438,597,0.0,0.0
2024-05-29 10:39:00-04:00,128.14999389648438,128.25999450683594,128.14999389648438,128.25999450683594,1689,0.0,0.0
2024-05-29 10:40:00-04:00,128.30999755859375,128.30999755859375,128.30999755859375,128.30999755859375,1126,0.0,0.0
2024-05-29 10:41:00-04:00,128.30999755859375,128.35000610351562,128.30999755859375,128.35000610351562,1278,0.0,0.0
2024-05-29 10:42:00-04:00,128.36000061035156,128.40499877929688,128.36000061035156,128.40499877929688,1633,0.0,0.0
2024-05-29 10:43:00-04:00,128.35000610351562,128.38999938964844,128.3300018310547,128.38999938964844,2083,0.0,0.0
2024-05-29 10:44:00-04:00,128.3300018310547,128.33999633789062,128.30999755859375,128.30999755859375,1373,0.0,0.0
2024-05-29 10:45:00-04:00,128.39349365234375,128.39349365234375,128.39349365234375,128.39349365234375,398,0.0,0.0
2024-05-29 10:46:00-04:00,128.33999633789062,128.33999633789062,128.24000549316406,128.24000549316406,3160,0.0,0.0
2024-05-29 10:49:00-04:00,128.24000549316406,128.24000549316406,128.24000549316406,128.24000549316406,140,0.0,0.0
2024-05-29 10:50:00-04:00,128.2550048828125,128.2550048828125,128.19000244140625,128.19000244140625,1308,0.0,0.0
2024-05-29 10:51:00-04:00,128.16000366210938,128.1649932861328,128.1300048828125,128.1300048828125,1016,0.0,0.0
2024-05-29 10:52:00-04:00,128.1024932861328,128.125,128.10000610351562,128.11500549316406,628,0.0,0.0
2024-05-29 10:53:00-04:00,128.16000366210938,128.1999969482422,128.1300048828125,128.1649932861328,5640,0.0,0.0
2024-05-29 10:55:00-04:00,128.11000061035156,128.1999969482422,128.11000061035156,128.1999969482422,1225,0.0,0.0
2024-05-29 10:56:00-04:00,128.1999969482422,128.1999969482422,128.1999969482422,128.1999969482422,1338,0.0,0.0
2024-05-29 10:57:00-04:00,128.23899841308594,128.23899841308594,128.16009521484375,128.16009521484375,775,0.0,0.0
2024-05-29 10:58:00-04:00,128.24000549316406,128.27999877929688,128.19000244140625,128.27999877929688,2184,0.0,0.0
2024-05-29 10:59:00-04:00,128.2899932861328,128.2899932861328,128.24000549316406,128.24000549316406,882,0.0,0.0
2024-05-29 11:00:00-04:00,128.27499389648438,128.27499389648438,128.1699981689453,128.1699981689453,2896,0.0,0.0
2024-05-29 11:01:00-04:00,128.21499633789062,128.21499633789062,128.1999969482422,128.1999969482422,388,0.0,0.0
2024-05-29 11:02:00-04:00,128.1999969482422,128.22000122070312,128.1999969482422,128.22000122070312,1080,0.0,0.0
2024-05-29 11:03:00-04:00,128.22999572753906,128.22999572753906,128.22999572753906,128.22999572753906,341,0.0,0.0
2024-05-29 11:04:00-04:00,128.22999572753906,128.25,128.22000122070312,128.25,462,0.0,0.0
2024-05-29 11:05:00-04:00,128.23500061035156,128.23500061035156,128.23500061035156,128.23500061035156,246,0.0,0.0
2024-05-29 11:06:00-04:00,128.19000244140625,128.39500427246094,128.19000244140625,128.3300018310547,3182,0.0,0.0
2024-05-29 11:07:00-04:00,128.34469604492188,128.34469604492188,128.34469604492188,128.34469604492188,285,0.0,0.0
2024-05-29 11:08:00-04:00,128.29660034179688,128.3300018310547,128.29660034179688,128.3300018310547,353,0.0,0.0
2024-05-29 11:09:00-04:00,128.2899932861328,128.2899932861328,128.25,128.25,1430,0.0,0.0
2024-05-29 11:10:00-04:00,128.27000427246094,128.27999877929688,128.17999267578125,128.23500061035156,3454,0.0,0.0
2024-05-29 11:12:00-04:00,128.25,128.25,128.1999969482422,128.2001953125,750,0.0,0.0
2024-05-29 11:13:00-04:00,128.2449951171875,128.2449951171875,128.2375946044922,128.2375946044922,610,0.0,0.0
2024-05-29 11:14:00-04:00,128.25,128.25,128.25,128.25,419,0.0,0.0
2024-05-29 11:15:00-04:00,128.22250366210938,128.22500610351562,128.19000244140625,128.22500610351562,1251,0.0,0.0
2024-05-29 11:16:00-04:00,128.14999389648438,128.15499877929688,128.14999389648438,128.15499877929688,414,0.0,0.0
2024-05-29 11:17:00-04:00,128.16000366210938,128.19500732421875,128.16000366210938,128.19500732421875,791,0.0,0.0
2024-05-29 11:18:00-04:00,128.22000122070312,128.22000122070312,128.22000122070312,128.22000122070312,465,0.0,0.0
2024-05-29 11:19:00-04:00,128.21279907226562,128.21279907226562,128.19500732421875,128.19500732421875,924,0.0,0.0
2024-05-29 11:20:00-04:00,128.22999572753906,128.28289794921875,128.22999572753906,128.28289794921875,1807,0.0,0.0
2024-05-29 11:21:00-04:00,128.25999450683594,128.3090057373047,128.25999450683594,128.3090057373047,952,0.0,0.0
2024-05-29 11:22:00-04:00,128.3000030517578,128.3300018310547,128.3000030517578,128.3300018310547,672,0.0,0.0
2024-05-29 11:23:00-04:00,128.3249969482422,128.3249969482422,128.2362060546875,128.2362060546875,1593,0.0,0.0
2024-05-29 11:24:00-04:00,128.25650024414062,128.26499938964844,128.22999572753906,128.22999572753906,1571,0.0,0.0
2024-05-29 11:26:00-04:00,128.25999450683594,128.27999877929688,128.24000549316406,128.24000549316406,1682,0.0,0.0
2024-05-29 11:27:00-04:00,128.2100067138672,128.2100067138672,128.17999267578125,128.2100067138672,1892,0.0,0.0
2024-05-29 11:28:00-04:00,128.21499633789062,128.21499633789062,128.08250427246094,128.08250427246094,2432,0.0,0.0
2024-05-29 11:29:00-04:00,128.0800018310547,128.0800018310547,128.0500030517578,128.0800018310547,1966,0.0,0.0
2024-05-29 11:30:00-04:00,128.08999633789062,128.11000061035156,128.0800018310547,128.11000061035156,1369,0.0,0.0
2024-05-29 11:31:00-04:00,128.11500549316406,128.13999938964844,128.11500549316406,128.13999938964844,1113,0.0,0.0
2024-05-29 11:32:00-04:00,128.10000610351562,128.17999267578125,128.10000610351562,128.17999267578125,1993,0.0,0.0
2024-05-29 11:33:00-04:00,128.25999450683594,128.27999877929688,128.19000244140625,128.19000244140625,3272,0.0,0.0
2024-05-29 11:34:00-04:00,128.14999389648438,128.1699981689453,128.14999389648438,128.1699981689453,392,0.0,0.0
2024-05-29 11:35:00-04:00,128.13490295410156,128.1750030517578,128.13490295410156,128.1750030517578,2342,0.0,0.0
2024-05-29 11:36:00-04:00,128.22000122070312,128.24000549316406,128.08250427246094,128.1199951171875,8764,0.0,0.0
2024-05-29 11:37:00-04:00,128.1199951171875,128.16000366210938,128.1199951171875,128.13499450683594,2736,0.0,0.0
2024-05-29 11:38:00-04:00,128.16000366210938,128.16000366210938,128.13499450683594,128.13499450683594,1520,0.0,0.0
2024-05-29 11:40:00-04:00,128.13999938964844,128.13999938964844,128.10000610351562,128.11000061035156,1002,0.0,0.0
2024-05-29 11:41:00-04:00,128.0800018310547,128.0800018310547,127.98999786376953,128.02999877929688,3189,0.0,0.0
2024-05-29 11:42:00-04:00,128.02000427246094,128.02000427246094,127.98400115966797,128.02000427246094,1103,0.0,0.0
2024-05-29 11:43:00-04:00,128.00999450683594,128.00999450683594,128.00999450683594,128.00999450683594,558,0.0,0.0
2024-05-29 11:44:00-04:00,127.9800033569336,127.9800033569336,127.93000030517578,127.93000030517578,1764,0.0,0.0
2024-05-29 11:45:00-04:00,127.8917007446289,127.8917007446289,127.88999938964844,127.88999938964844,824,0.0,0.0
2024-05-29 11:46:00-04:00,127.86499786376953,127.87000274658203,127.86499786376953,127.87000274658203,455,0.0,0.0
2024-05-29 11:47:00-04:00,127.87000274658203,127.87000274658203,127.86000061035156,127.86000061035156,675,0.0,0.0
2024-05-29 11:48:00-04:00,127.86499786376953,127.86499786376953,127.86499786376953,127.86499786376953,266,0.0,0.0
2024-05-29 11:49:00-04:00,127.83999633789062,127.86000061035156,127.83999633789062,127.86000061035156,1264,0.0,0.0
2024-05-29 11:50:00-04:00,127.86499786376953,128.0,127.8499984741211,127.98999786376953,9178,0.0,0.0
2024-05-29 11:51:00-04:00,127.94499969482422,128.0,127.94499969482422,128.0,933,0.0,0.0
2024-05-29 11:52:00-04:00,127.99500274658203,128.00830078125,127.99500274658203,127.99500274658203,378,0.0,0.0
2024-05-29 11:53:00-04:00,127.9645004272461,128.00999450683594,127.9645004272461,128.00999450683594,1216,0.0,0.0
2024-05-29 11:54:00-04:00,128.08999633789062,128.08999633789062,128.08999633789062,128.08999633789062,411,0.0,0.0
2024-05-29 11:55:00-04:00,128.0124969482422,128.0124969482422,128.0124969482422,128.0124969482422,396,0.0,0.0
2024-05-29 11:56:00-04:00,128.0319061279297,128.0319061279297,128.00999450683594,128.00999450683594,1842,0.0,0.0
2024-05-29 11:58:00-04:00,127.9800033569336,128.00120544433594,127.96009826660156,127.96009826660156,1141,0.0,0.0
2024-05-29 11:59:00-04:00,128.00999450683594,128.0800018310547,128.0,128.07000732421875,3162,0.0,0.0
2024-05-29 12:00:00-04:00,128.02999877929688,128.02999877929688,127.91999816894531,127.91999816894531,1965,0.0,0.0
2024-05-29 12:01:00-04:00,127.91000366210938,127.92500305175781,127.9000015258789,127.92500305175781,847,0.0,0.0
2024-05-29 12:03:00-04:00,127.88089752197266,127.88089752197266,127.8499984741211,127.87000274658203,1612,0.0,0.0
2024-05-29 12:04:00-04:00,127.86979675292969,127.86979675292969,127.76000213623047,127.76000213623047,925,0.0,0.0
2024-05-29 12:05:00-04:00,127.76499938964844,127.7699966430664,127.68499755859375,127.69000244140625,3823,0.0,0.0
2024-05-29 12:06:00-04:00,127.69529724121094,127.72000122070312,127.69529724121094,127.71499633789062,903,0.0,0.0
2024-05-29 12:07:00-04:00,127.68000030517578,127.68000030517578,127.62000274658203,127.63500213623047,1428,0.0,0.0
2024-05-29 12:08:00-04:00,127.62120056152344,127.62120056152344,127.5999984741211,127.61000061035156,1951,0.0,0.0
2024-05-29 12:09:00-04:00,127.6449966430664,127.66500091552734,127.63069915771484,127.65899658203125,1784,0.0,0.0
2024-05-29 12:10:00-04:00,127.65499877929688,127.66000366210938,127.65499877929688,127.66000366210938,654,0.0,0.0
2024-05-29 12:11:00-04:00,127.6511001586914,127.65499877929688,127.63469696044922,127.65499877929688,2234,0.0,0.0
2024-05-29 12:12:00-04:00,127.6500015258789,127.65499877929688,127.62999725341797,127.62999725341797,796,0.0,0.0
2024-05-29 12:14:00-04:00,127.62000274658203,127.63999938964844,127.61000061035156,127.63999938964844,3540,0.0,0.0
2024-05-29 12:15:00-04:00,127.61209869384766,127.7249984741211,127.61209869384766,127.69000244140625,16152,0.0,0.0
2024-05-29 12:16:00-04:00,127.7300033569336,127.7300033569336,127.7300033569336,127.7300033569336,641,0.0,0.0
2024-05-29 12:17:00-04:00,127.74369812011719,127.74369812011719,127.72319793701172,127.7300033569336,1083,0.0,0.0
2024-05-29 12:18:00-04:00,127.7300033569336,127.7300033569336,127.7300033569336,127.7300033569336,507,0.0,0.0
2024-05-29 12:19:00-04:00,127.7300033569336,127.75,127.7300033569336,127.7300033569336,1269,0.0,0.0
2024-05-29 12:20:00-04:00,127.73500061035156,127.75499725341797,127.7300033569336,127.7300033569336,1514,0.0,0.0
2024-05-29 12:21:00-04:00,127.75,127.75,127.73889923095703,127.73889923095703,493,0.0,0.0
2024-05-29 12:22:00-04:00,127.80999755859375,127.80999755859375,127.80999755859375,127.80999755859375,170,0.0,0.0
2024-05-29 12:23:00-04:00,127.79000091552734,127.79000091552734,127.74610137939453,127.75,1704,0.0,0.0
2024-05-29 12:24:00-04:00,127.7300033569336,127.74649810791016,127.7300033569336,127.74500274658203,553,0.0,0.0
2024-05-29 12:25:00-04:00,127.73560333251953,127.77140045166016,127.73560333251953,127.77140045166016,1264,0.0,0.0
2024-05-29 12:26:00-04:00,127.76000213623047,127.76000213623047,127.73899841308594,127.73899841308594,629,0.0,0.0
2024-05-29 12:27:00-04:00,127.76000213623047,127.83999633789062,127.76000213623047,127.83999633789062,1742,0.0,0.0
2024-05-29 12:28:00-04:00,127.84500122070312,127.84500122070312,127.84500122070312,127.84500122070312,351,0.0,0.0
2024-05-29 12:29:00-04:00,127.83899688720703,127.83899688720703,127.83899688720703,127.83899688720703,114,0.0,0.0
2024-05-29 12:30:00-04:00,127.84500122070312,127.84500122070312,127.80999755859375,127.80999755859375,1381,0.0,0.0
2024-05-29 12:31:00-04:00,127.81999969482422,127.81999969482422,127.81999969482422,127.81999969482422,267,0.0,0.0
2024-05-29 12:32:00-04:00,127.83000183105469,127.87000274658203,127.81999969482422,127.81999969482422,1217,0.0,0.0
2024-05-29 12:33:00-04:00,127.83000183105469,127.87999725341797,127.83000183105469,127.86000061035156,1653,0.0,0.0
2024-05-29 12:34:00-04:00,127.87000274658203,127.87000274658203,127.87000274658203,127.87000274658203,712,0.0,0.0
2024-05-29 12:35:00-04:00,127.83999633789062,127.83999633789062,127.81999969482422,127.83670043945312,329,0.0,0.0
2024-05-29 12:36:00-04:00,127.81999969482422,127.83670043945312,127.7699966430664,127.79000091552734,2711,0.0,0.0
2024-05-29 12:37:00-04:00,127.79149627685547,127.80000305175781,127.77999877929688,127.77999877929688,1298,0.0,0.0
2024-05-29 12:38:00-04:00,127.79129791259766,127.79129791259766,127.7699966430664,127.7699966430664,1269,0.0,0.0
2024-05-29 12:39:00-04:00,127.80069732666016,127.80069732666016,127.69999694824219,127.7300033569336,1588,0.0,0.0
2024-05-29 12:40:00-04:00,127.70220184326172,127.70220184326172,127.70220184326172,127.70220184326172,284,0.0,0.0
2024-05-29 12:41:00-04:00,127.73500061035156,127.73500061035156,127.73500061035156,127.73500061035156,302,0.0,0.0
2024-05-29 12:42:00-04:00,127.7300033569336,127.73500061035156,127.7300033569336,127.73500061035156,773,0.0,0.0
2024-05-29 12:43:00-04:00,127.7300033569336,127.7300033569336,127.70999908447266,127.70999908447266,992,0.0,0.0
2024-05-29 12:44:00-04:00,127.71499633789062,127.7300033569336,127.71499633789062,127.7300033569336,639,0.0,0.0
2024-05-29 12:45:00-04:00,127.73999786376953,127.74500274658203,127.73999786376953,127.74500274658203,1760,0.0,0.0
2024-05-29 12:46:00-04:00,127.73829650878906,127.73870086669922,127.72000122070312,127.7249984741211,716,0.0,0.0
2024-05-29 12:47:00-04:00,127.7249984741211,127.75,127.72370147705078,127.73500061035156,2048,0.0,0.0
2024-05-29 12:48:00-04:00,127.75250244140625,127.76000213623047,127.75250244140625,127.76000213623047,713,0.0,0.0
2024-05-29 12:49:00-04:00,127.76499938964844,127.76499938964844,127.76499938964844,127.76499938964844,518,0.0,0.0
2024-05-29 12:50:00-04:00,127.76000213623047,127.76000213623047,127.75959777832031,127.75959777832031,311,0.0,0.0
2024-05-29 12:51:00-04:00,127.76000213623047,127.79000091552734,127.76000213623047,127.79000091552734,1161,0.0,0.0
2024-05-29 12:52:00-04:00,127.80000305175781,127.80000305175781,127.80000305175781,127.80000305175781,327,0.0,0.0
2024-05-29 12:53:00-04:00,127.7699966430664,127.79000091552734,127.75,127.75,2425,0.0,0.0
2024-05-29 12:54:00-04:00,127.76499938964844,127.77999877929688,127.7300033569336,127.75,3240,0.0,0.0
2024-05-29 12:56:00-04:00,127.76000213623047,127.93000030517578,127.76000213623047,127.93000030517578,6570,0.0,0.0
2024-05-29 12:57:00-04:00,127.8499984741211,127.87000274658203,127.83999633789062,127.87000274658203,1302,0.0,0.0
2024-05-29 12:58:00-04:00,127.87999725341797,127.88999938964844,127.8550033569336,127.8550033569336,650,0.0,0.0
2024-05-29 12:59:00-04:00,127.86000061035156,127.86000061035156,127.79000091552734,127.79000091552734,598,0.0,0.0
2024-05-29 13:00:00-04:00,127.81999969482422,127.8499984741211,127.80999755859375,127.80999755859375,1983,0.0,0.0
2024-05-29 13:01:00-04:00,127.8197021484375,127.8197021484375,127.72000122070312,127.72000122070312,811,0.0,0.0
2024-05-29 13:02:00-04:00,127.76499938964844,127.79000091552734,127.75,127.76000213623047,1128,0.0,0.0
2024-05-29 13:03:00-04:00,127.7699966430664,127.7699966430664,127.75,127.75,764,0.0,0.0
2024-05-29 13:04:00-04:00,127.76000213623047,127.76000213623047,127.7300033569336,127.7300033569336,512,0.0,0.0
2024-05-29 13:05:00-04:00,127.79000091552734,127.79000091552734,127.76499938964844,127.79000091552734,1962,0.0,0.0
2024-05-29 13:06:00-04:00,127.79000091552734,127.79000091552734,127.75,127.75,511,0.0,0.0
2024-05-29 13:07:00-04:00,127.73999786376953,127.75,127.73999786376953,127.75,298,0.0,0.0
2024-05-29 13:08:00-04:00,127.7699966430664,127.7699966430664,127.75150299072266,127.75150299072266,900,0.0,0.0
2024-05-29 13:10:00-04:00,127.73999786376953,127.80000305175781,127.73750305175781,127.76750183105469,2021,0.0,0.0
2024-05-29 13:11:00-04:00,127.79789733886719,127.81999969482422,127.79000091552734,127.81999969482422,1291,0.0,0.0
2024-05-29 13:12:00-04:00,127.78500366210938,127.79239654541016,127.78500366210938,127.79239654541016,658,0.0,0.0
2024-05-29 13:13:00-04:00,127.7500991821289,127.81999969482422,127.7500991821289,127.81999969482422,486,0.0,0.0
2024-05-29 13:14:00-04:00,127.7833023071289,127.83000183105469,127.7833023071289,127.83000183105469,1091,0.0,0.0
2024-05-29 13:15:00-04:00,127.80500030517578,127.81999969482422,127.73999786376953,127.73999786376953,1103,0.0,0.0
2024-05-29 13:16:00-04:00,127.77999877929688,127.77999877929688,127.7300033569336,127.74500274658203,4127,0.0,0.0
2024-05-29 13:17:00-04:00,127.74500274658203,127.74500274658203,127.70999908447266,127.70999908447266,946,0.0,0.0
2024-05-29 13:18:00-04:00,127.7300033569336,127.73500061035156,127.7300033569336,127.73500061035156,776,0.0,0.0
2024-05-29 13:19:00-04:00,127.7300033569336,127.80500030517578,127.7300033569336,127.79499816894531,2244,0.0,0.0
2024-05-29 13:21:00-04:00,127.83000183105469,127.96499633789062,127.78500366210938,127.95500183105469,2400,0.0,0.0
2024-05-29 13:22:00-04:00,127.9800033569336,128.0500030517578,127.9749984741211,128.0500030517578,3018,0.0,0.0
2024-05-29 13:23:00-04:00,128.0800018310547,128.14500427246094,128.0800018310547,128.14500427246094,1567,0.0,0.0
2024-05-29 13:24:00-04:00,128.1199951171875,128.1199951171875,128.05999755859375,128.10000610351562,1261,0.0,0.0
2024-05-29 13:25:00-04:00,128.10000610351562,128.13999938964844,128.05999755859375,128.1199951171875,3525,0.0,0.0
2024-05-29 13:26:00-04:00,128.0800018310547,128.0800018310547,128.0800018310547,128.0800018310547,890,0.0,0.0
2024-05-29 13:28:00-04:00,128.14999389648438,128.14999389648438,128.14999389648438,128.14999389648438,457,0.0,0.0
2024-05-29 13:29:00-04:00,128.17999267578125,128.19500732421875,128.17999267578125,128.19500732421875,753,0.0,0.0
2024-05-29 13:30:00-04:00,128.16000366210938,128.19000244140625,128.14999389648438,128.19000244140625,3913,0.0,0.0
2024-05-29 13:31:00-04:00,128.25,128.25,128.2100067138672,128.22999572753906,1240,0.0,0.0
2024-05-29 13:32:00-04:00,128.19580078125,128.19580078125,128.19580078125,128.19580078125,213,0.0,0.0
2024-05-29 13:33:00-04:00,128.17999267578125,128.23500061035156,128.1699981689453,128.23500061035156,2589,0.0,0.0
2024-05-29 13:34:00-04:00,128.21499633789062,128.25999450683594,128.21499633789062,128.25999450683594,646,0.0,0.0
2024-05-29 13:35:00-04:00,128.1999969482422,128.21499633789062,128.1699981689453,128.17999267578125,3481,0.0,0.0
2024-05-29 13:36:00-04:00,128.14999389648438,128.2050018310547,128.14999389648438,128.2050018310547,1017,0.0,0.0
2024-05-29 13:37:00-04:00,128.25999450683594,128.2899932861328,128.25999450683594,128.26499938964844,2012,0.0,0.0
2024-05-29 13:39:00-04:00,128.27000427246094,128.27000427246094,128.22000122070312,128.22000122070312,1970,0.0,0.0
2024-05-29 13:40:00-04:00,128.19000244140625,128.19000244140625,128.19000244140625,128.19000244140625,865,0.0,0.0
2024-05-29 13:41:00-04:00,128.19500732421875,128.22000122070312,128.19500732421875,128.22000122070312,1037,0.0,0.0
2024-05-29 13:42:00-04:00,128.25,128.25999450683594,128.14999389648438,128.16000366210938,2539,0.0,0.0
2024-05-29 13:43:00-04:00,128.14999389648438,128.16000366210938,128.13900756835938,128.13900756835938,899,0.0,0.0
2024-05-29 13:45:00-04:00,128.13999938964844,128.1699981689453,128.13999938964844,128.1699981689453,1222,0.0,0.0
2024-05-29 13:46:00-04:00,128.25,128.25,128.25,128.25,322,0.0,0.0
2024-05-29 13:47:00-04:00,128.25999450683594,128.25999450683594,128.1999969482422,128.2100067138672,1263,0.0,0.0
2024-05-29 13:48:00-04:00,128.19000244140625,128.21600341796875,128.19000244140625,128.21600341796875,802,0.0,0.0
2024-05-29 13:49:00-04:00,128.22999572753906,128.27000427246094,128.22999572753906,128.24000549316406,1083,0.0,0.0
2024-05-29 13:50:00-04:00,128.25999450683594,128.3000030517578,128.25,128.3000030517578,2141,0.0,0.0
2024-05-29 13:51:00-04:00,128.22999572753906,128.25,128.22999572753906,128.25,1172,0.0,0.0
2024-05-29 13:52:00-04:00,128.2899932861328,128.2899932861328,128.2899932861328,128.2899932861328,449,0.0,0.0
2024-05-29 13:53:00-04:00,128.3300018310547,128.3300018310547,128.3300018310547,128.3300018310547,720,0.0,0.0
2024-05-29 13:54:00-04:00,128.35499572753906,128.35499572753906,128.35499572753906,128.35499572753906,579,0.0,0.0
2024-05-29 13:55:00-04:00,128.36000061035156,128.36000061035156,128.36000061035156,128.36000061035156,1185,0.0,0.0
2024-05-29 13:56:00-04:00,128.39500427246094,128.47000122070312,128.38999938964844,128.47000122070312,1301,0.0,0.0
2024-05-29 13:57:00-04:00,128.47000122070312,128.47000122070312,128.47000122070312,128.47000122070312,402,0.0,0.0
2024-05-29 13:58:00-04:00,128.42999267578125,128.42999267578125,128.42999267578125,128.42999267578125,482,0.0,0.0
2024-05-29 13:59:00-04:00,128.4600067138672,128.4600067138672,128.38999938964844,128.41000366210938,1761,0.0,0.0
2024-05-29 14:00:00-04:00,128.36000061035156,128.38999938964844,128.36000061035156,128.38999938964844,562,0.0,0.0
2024-05-29 14:01:00-04:00,128.36500549316406,128.36500549316406,128.30999755859375,128.30999755859375,1604,0.0,0.0
2024-05-29 14:02:00-04:00,128.3000030517578,128.3000030517578,128.27999877929688,128.2899932861328,1410,0.0,0.0
2024-05-29 14:03:00-04:00,128.2949981689453,128.30999755859375,128.2949981689453,128.30999755859375,872,0.0,0.0
2024-05-29 14:04:00-04:00,128.27090454101562,128.27090454101562,128.2449951171875,128.2449951171875,752,0.0,0.0
2024-05-29 14:05:00-04:00,128.22999572753906,128.22999572753906,128.2100067138672,128.2100067138672,400,0.0,0.0
2024-05-29 14:06:00-04:00,128.22999572753906,128.22999572753906,128.1999969482422,128.1999969482422,1375,0.0,0.0
2024-05-29 14:07:00-04:00,128.17999267578125,128.17999267578125,128.13499450683594,128.13499450683594,741,0.0,0.0
2024-05-29 14:08:00-04:00,128.13499450683594,128.13499450683594,128.05999755859375,128.05999755859375,1919,0.0,0.0
2024-05-29 14:09:00-04:00,128.08999633789062,128.08999633789062,128.05999755859375,128.05999755859375,1032,0.0,0.0
2024-05-29 14:10:00-04:00,128.11000061035156,128.11000061035156,128.11000061035156,128.11000061035156,1322,0.0,0.0
2024-05-29 14:11:00-04:00,128.0800018310547,128.0800018310547,128.05999755859375,128.05999755859375,1082,0.0,0.0
2024-05-29 14:12:00-04:00,128.05499267578125,128.05499267578125,128.05499267578125,128.05499267578125,328,0.0,0.0
2024-05-29 14:13:00-04:00,128.02999877929688,128.06900024414062,128.02850341796875,128.0449981689453,3395,0.0,0.0
2024-05-29 14:14:00-04:00,128.02999877929688,128.0399932861328,128.02000427246094,128.0399932861328,1191,0.0,0.0
2024-05-29 14:15:00-04:00,128.02999877929688,128.0500030517578,128.02999877929688,128.0500030517578,1044,0.0,0.0
2024-05-29 14:16:00-04:00,128.0449981689453,128.16000366210938,128.0399932861328,128.16000366210938,2680,0.0,0.0
2024-05-29 14:17:00-04:00,128.14500427246094,128.14500427246094,128.14500427246094,128.14500427246094,620,0.0,0.0
2024-05-29 14:18:00-04:00,128.11500549316406,128.14500427246094,128.11500549316406,128.14500427246094,853,0.0,0.0
2024-05-29 14:19:00-04:00,128.09640502929688,128.09640502929688,128.09640502929688,128.09640502929688,438,0.0,0.0
2024-05-29 14:20:00-04:00,128.1092071533203,128.1092071533203,128.1092071533203,128.1092071533203,110,0.0,0.0
2024-05-29 14:21:00-04:00,128.1300048828125,128.1699981689453,128.1300048828125,128.14999389648438,2053,0.0,0.0
2024-05-29 14:22:00-04:00,128.2050018310547,128.2050018310547,128.14999389648438,128.14999389648438,826,0.0,0.0
2024-05-29 14:23:00-04:00,128.1199951171875,128.1199951171875,128.09500122070312,128.09500122070312,2509,0.0,0.0
2024-05-29 14:25:00-04:00,128.13380432128906,128.13380432128906,128.13380432128906,128.13380432128906,387,0.0,0.0
2024-05-29 14:26:00-04:00,128.1300048828125,128.1300048828125,128.1300048828125,128.1300048828125,220,0.0,0.0
2024-05-29 14:27:00-04:00,128.1300048828125,128.1300048828125,128.1300048828125,128.1300048828125,1081,0.0,0.0
2024-05-29 14:28:00-04:00,128.1300048828125,128.16000366210938,128.1300048828125,128.16000366210938,705,0.0,0.0
2024-05-29 14:29:00-04:00,128.14500427246094,128.14500427246094,128.14500427246094,128.14500427246094,333,0.0,0.0
2024-05-29 14:30:00-04:00,128.1300048828125,128.13999938964844,128.11000061035156,128.11000061035156,1166,0.0,0.0
2024-05-29 14:31:00-04:00,128.1300048828125,128.15499877929688,128.1300048828125,128.15499877929688,2605,0.0,0.0
2024-05-29 14:32:00-04:00,128.13999938964844,128.1699981689453,128.13999938964844,128.1699981689453,1084,0.0,0.0
2024-05-29 14:33:00-04:00,128.14630126953125,128.1649932861328,128.1219940185547,128.1649932861328,2273,0.0,0.0
2024-05-29 14:34:00-04:00,128.16000366210938,128.18499755859375,128.16000366210938,128.18499755859375,1342,0.0,0.0
2024-05-29 14:35:00-04:00,128.17999267578125,128.17999267578125,128.17999267578125,128.17999267578125,733,0.0,0.0
2024-05-29 14:36:00-04:00,128.17999267578125,128.17999267578125,128.1300048828125,128.1699981689453,3189,0.0,0.0
2024-05-29 14:37:00-04:00,128.19000244140625,128.19000244140625,128.19000244140625,128.19000244140625,617,0.0,0.0
2024-05-29 14:38:00-04:00,128.16000366210938,128.1999969482422,128.16000366210938,128.1999969482422,1457,0.0,0.0
2024-05-29 14:39:00-04:00,128.17999267578125,128.17999267578125,128.14999389648438,128.14999389648438,2933,0.0,0.0
2024-05-29 14:41:00-04:00,128.1999969482422,128.1999969482422,128.1300048828125,128.1300048828125,3018,0.0,0.0
2024-05-29 14:42:00-04:00,128.15499877929688,128.1999969482422,128.15499877929688,128.1999969482422,1552,0.0,0.0
2024-05-29 14:44:00-04:00,128.19000244140625,128.1999969482422,128.17999267578125,128.1999969482422,2708,0.0,0.0
2024-05-29 14:45:00-04:00,128.19500732421875,128.19500732421875,128.02499389648438,128.0426025390625,4032,0.0,0.0
2024-05-29 14:46:00-04:00,128.03500366210938,128.03500366210938,128.03500366210938,128.03500366210938,466,0.0,0.0
2024-05-29 14:47:00-04:00,128.02650451660156,128.0449981689453,128.00999450683594,128.02049255371094,3701,0.0,0.0
2024-05-29 14:48:00-04:00,128.02499389648438,128.02499389648438,128.02499389648438,128.02499389648438,343,0.0,0.0
2024-05-29 14:49:00-04:00,128.02499389648438,128.07000732421875,128.02499389648438,128.07000732421875,1478,0.0,0.0
2024-05-29 14:50:00-04:00,128.10000610351562,128.13999938964844,128.10000610351562,128.125,2270,0.0,0.0
2024-05-29 14:51:00-04:00,128.1300048828125,128.14999389648438,128.1300048828125,128.14999389648438,1443,0.0,0.0
2024-05-29 14:52:00-04:00,128.1300048828125,128.1999969482422,128.1300048828125,128.1999969482422,2367,0.0,0.0
2024-05-29 14:53:00-04:00,128.18499755859375,128.18499755859375,128.17579650878906,128.17999267578125,1045,0.0,0.0
2024-05-29 14:54:00-04:00,128.2100067138672,128.2100067138672,128.17999267578125,128.17999267578125,2377,0.0,0.0
2024-05-29 14:55:00-04:00,128.19000244140625,128.22000122070312,128.19000244140625,128.22000122070312,768,0.0,0.0
2024-05-29 14:56:00-04:00,128.23500061035156,128.23500061035156,128.2100067138672,128.2100067138672,531,0.0,0.0
2024-05-29 14:57:00-04:00,128.22000122070312,128.24929809570312,128.22000122070312,128.22999572753906,1422,0.0,0.0
2024-05-29 14:58:00-04:00,128.25,128.25,128.25,128.25,532,0.0,0.0
2024-05-29 14:59:00-04:00,128.2310028076172,128.25999450683594,128.22500610351562,128.25999450683594,716,0.0,0.0
2024-05-29 15:00:00-04:00,128.25999450683594,128.2899932861328,128.25999450683594,128.2899932861328,1080,0.0,0.0
2024-05-29 15:01:00-04:00,128.22999572753906,128.23500061035156,128.1840057373047,128.1840057373047,2239,0.0,0.0
2024-05-29 15:02:00-04:00,128.1999969482422,128.1999969482422,128.1999969482422,128.1999969482422,574,0.0,0.0
2024-05-29 15:04:00-04:00,128.2050018310547,128.2299041748047,128.1699981689453,128.18499755859375,2322,0.0,0.0
2024-05-29 15:05:00-04:00,128.17909240722656,128.19500732421875,128.17909240722656,128.19500732421875,829,0.0,0.0
2024-05-29 15:06:00-04:00,128.17999267578125,128.17999267578125,128.17999267578125,128.17999267578125,463,0.0,0.0
2024-05-29 15:07:00-04:00,128.2100067138672,128.35000610351562,128.1999969482422,128.35000610351562,2432,0.0,0.0
2024-05-29 15:08:00-04:00,128.2899932861328,128.31500244140625,128.2899932861328,128.3000030517578,1327,0.0,0.0
2024-05-29 15:09:00-04:00,128.30999755859375,128.33999633789062,128.2899932861328,128.33999633789062,3272,0.0,0.0
2024-05-29 15:10:00-04:00,128.33999633789062,128.33999633789062,128.30999755859375,128.3350067138672,1647,0.0,0.0
2024-05-29 15:11:00-04:00,128.30999755859375,128.30999755859375,128.3000030517578,128.3000030517578,721,0.0,0.0
2024-05-29 15:12:00-04:00,128.3000030517578,128.35000610351562,128.3000030517578,128.35000610351562,4153,0.0,0.0
2024-05-29 15:13:00-04:00,128.3206024169922,128.36000061035156,128.3206024169922,128.36000061035156,1102,0.0,0.0
2024-05-29 15:14:00-04:00,128.3800048828125,128.39999389648438,128.3699951171875,128.38499450683594,1978,0.0,0.0
2024-05-29 15:15:00-04:00,128.35000610351562,128.375,128.35000610351562,128.35499572753906,755,0.0,0.0
2024-05-29 15:16:00-04:00,128.35499572753906,128.36000061035156,128.30999755859375,128.30999755859375,3442,0.0,0.0
2024-05-29 15:17:00-04:00,128.27999877929688,128.27999877929688,128.2100067138672,128.22999572753906,3411,0.0,0.0
2024-05-29 15:18:00-04:00,128.2449951171875,128.25999450683594,128.2449951171875,128.2550048828125,2247,0.0,0.0
2024-05-29 15:19:00-04:00,128.30999755859375,128.30999755859375,128.30999755859375,128.30999755859375,657,0.0,0.0
2024-05-29 15:20:00-04:00,128.33999633789062,128.33999633789062,128.33999633789062,128.33999633789062,678,0.0,0.0
2024-05-29 15:21:00-04:00,128.33999633789062,128.3699951171875,128.33999633789062,128.3699951171875,970,0.0,0.0
2024-05-29 15:22:00-04:00,128.3699951171875,128.3800048828125,128.3699951171875,128.3800048828125,2235,0.0,0.0
2024-05-29 15:23:00-04:00,128.42999267578125,128.43499755859375,128.42010498046875,128.42010498046875,1318,0.0,0.0
2024-05-29 15:24:00-04:00,128.4199981689453,128.4499969482422,128.4199981689453,128.44000244140625,2685,0.0,0.0
2024-05-29 15:25:00-04:00,128.43499755859375,128.43499755859375,128.4199981689453,128.4250030517578,1894,0.0,0.0
2024-05-29 15:26:00-04:00,128.4499969482422,128.5,128.4499969482422,128.47000122070312,1432,0.0,0.0
2024-05-29 15:27:00-04:00,128.44000244140625,128.44000244140625,128.41799926757812,128.41799926757812,2276,0.0,0.0
2024-05-29 15:28:00-04:00,128.4600067138672,128.5,128.4499969482422,128.4499969482422,3077,0.0,0.0
2024-05-29 15:29:00-04:00,128.48500061035156,128.48500061035156,128.4199981689453,128.4199981689453,3187,0.0,0.0
2024-05-29 15:30:00-04:00,128.42999267578125,128.42999267578125,128.39500427246094,128.39999389648438,1434,0.0,0.0
2024-05-29 15:31:00-04:00,128.3800048828125,128.42999267578125,128.3800048828125,128.42999267578125,1857,0.0,0.0
2024-05-29 15:32:00-04:00,128.42999267578125,128.44000244140625,128.42999267578125,128.43499755859375,1248,0.0,0.0
2024-05-29 15:33:00-04:00,128.44000244140625,128.44000244140625,128.4199981689453,128.42100524902344,2840,0.0,0.0
2024-05-29 15:34:00-04:00,128.4499969482422,128.49000549316406,128.44000244140625,128.49000549316406,5456,0.0,0.0
2024-05-29 15:35:00-04:00,128.4499969482422,128.4499969482422,128.44000244140625,128.44000244140625,1399,0.0,0.0
2024-05-29 15:36:00-04:00,128.47000122070312,128.5,128.47000122070312,128.5,2329,0.0,0.0
2024-05-29 15:37:00-04:00,128.5,128.52000427246094,128.47999572753906,128.5050048828125,2679,0.0,0.0
2024-05-29 15:38:00-04:00,128.52000427246094,128.57000732421875,128.52000427246094,128.57000732421875,2949,0.0,0.0
2024-05-29 15:39:00-04:00,128.58900451660156,128.61000061035156,128.58009338378906,128.61000061035156,2678,0.0,0.0
2024-05-29 15:40:00-04:00,128.6199951171875,128.63999938964844,128.60000610351562,128.63999938964844,2562,0.0,0.0
2024-05-29 15:41:00-04:00,128.60000610351562,128.64999389648438,128.60000610351562,128.6199951171875,5717,0.0,0.0
2024-05-29 15:42:00-04:00,128.60000610351562,128.60000610351562,128.5800018310547,128.60000610351562,3009,0.0,0.0
2024-05-29 15:43:00-04:00,128.6199951171875,128.74000549316406,128.6199951171875,128.74000549316406,3771,0.0,0.0
2024-05-29 15:44:00-04:00,128.72000122070312,128.72000122070312,128.6999969482422,128.72000122070312,3374,0.0,0.0
2024-05-29 15:45:00-04:00,128.70799255371094,128.72000122070312,128.61000061035156,128.61000061035156,9141,0.0,0.0
2024-05-29 15:46:00-04:00,128.61300659179688,128.61300659179688,128.5800018310547,128.58999633789062,1638,0.0,0.0
2024-05-29 15:47:00-04:00,128.55999755859375,128.55999755859375,128.52999877929688,128.5500030517578,3812,0.0,0.0
2024-05-29 15:48:00-04:00,128.5449981689453,128.60499572753906,128.5449981689453,128.60000610351562,4058,0.0,0.0
2024-05-29 15:49:00-04:00,128.61500549316406,128.65249633789062,128.6020050048828,128.65249633789062,4429,0.0,0.0
2024-05-29 15:50:00-04:00,128.64999389648438,128.64999389648438,128.46499633789062,128.50999450683594,11825,0.0,0.0
2024-05-29 15:51:00-04:00,128.49000549316406,128.57000732421875,128.49000549316406,128.57000732421875,7671,0.0,0.0
2024-05-29 15:52:00-04:00,128.57000732421875,128.5800018310547,128.5399932861328,128.57000732421875,5503,0.0,0.0
2024-05-29 15:53:00-04:00,128.5800018310547,128.60000610351562,128.55999755859375,128.5800018310547,6589,0.0,0.0
2024-05-29 15:54:00-04:00,128.57000732421875,128.57000732421875,128.47000122070312,128.51499938964844,12018,0.0,0.0
2024-05-29 15:55:00-04:00,128.52000427246094,128.52000427246094,128.41000366210938,128.4199981689453,14991,0.0,0.0
2024-05-29 15:56:00-04:00,128.41000366210938,128.41000366210938,128.19000244140625,128.2100067138672,16045,0.0,0.0
2024-05-29 15:57:00-04:00,128.2100067138672,128.27000427246094,128.17999267578125,128.2100067138672,37888,0.0,0.0
2024-05-29 15:58:00-04:00,128.2100067138672,128.2899932861328,128.2100067138672,128.25,21736,0.0,0.0
2024-05-29 15:59:00-04:00,128.25,128.46499633789062,128.17999267578125,128.22999572753906,93481,0.0,0.0
2024-05-30 09:30:00-04:00,128.3000030517578,128.3000030517578,128.3000030517578,128.3000030517578,9322,0.0,0.0
2024-05-30 09:31:00-04:00,128.63999938964844,128.63999938964844,128.63999938964844,128.63999938964844,558,0.0,0.0
2024-05-30 09:32:00-04:00,128.66000366210938,128.66000366210938,128.22000122070312,128.3699951171875,1992,0.0,0.0
2024-05-30 09:34:00-04:00,128.49000549316406,128.68600463867188,128.47000122070312,128.47000122070312,327,0.0,0.0
2024-05-30 09:35:00-04:00,128.5,128.50999450683594,128.27000427246094,128.27000427246094,1311,0.0,0.0
2024-05-30 09:36:00-04:00,128.40499877929688,128.40499877929688,128.40499877929688,128.40499877929688,477,0.0,0.0
2024-05-30 09:37:00-04:00,128.1999969482422,128.1999969482422,127.95999908447266,128.11000061035156,2378,0.0,0.0
2024-05-30 09:38:00-04:00,127.93000030517578,127.99500274658203,127.76499938964844,127.76750183105469,2417,0.0,0.0
2024-05-30 09:39:00-04:00,127.80000305175781,127.95999908447266,127.80000305175781,127.95999908447266,1826,0.0,0.0
2024-05-30 09:40:00-04:00,128.07000732421875,128.1199951171875,127.9375,128.1199951171875,1124,0.0,0.0
2024-05-30 09:41:00-04:00,128.10000610351562,128.10000610351562,128.10000610351562,128.10000610351562,648,0.0,0.0
2024-05-30 09:42:00-04:00,128.19000244140625,128.25,128.14500427246094,128.25,1254,0.0,0.0
2024-05-30 09:43:00-04:00,128.22000122070312,128.25,128.1199951171875,128.16000366210938,2316,0.0,0.0
2024-05-30 09:44:00-04:00,128.10960388183594,128.2100067138672,128.10960388183594,128.13999938964844,2055,0.0,0.0
2024-05-30 09:45:00-04:00,128.11500549316406,128.24000549316406,128.11500549316406,128.24000549316406,1974,0.0,0.0
2024-05-30 09:46:00-04:00,128.27000427246094,128.27000427246094,128.27000427246094,128.27000427246094,123,0.0,0.0
2024-05-30 09:47:00-04:00,128.26499938964844,128.26499938964844,128.26499938964844,128.26499938964844,160,0.0,0.0
2024-05-30 09:48:00-04:00,128.27499389648438,128.27499389648438,128.27499389648438,128.27499389648438,559,0.0,0.0
2024-05-30 09:50:00-04:00,128.2949981689453,128.2949981689453,128.2886962890625,128.2886962890625,701,0.0,0.0
2024-05-30 09:51:00-04:00,128.39999389648438,128.4250030517578,128.39999389648438,128.4250030517578,516,0.0,0.0
2024-05-30 09:52:00-04:00,128.52499389648438,128.69000244140625,128.52000427246094,128.5800018310547,851,0.0,0.0
2024-05-30 09:53:00-04:00,128.58749389648438,128.65499877929688,128.58749389648438,128.65499877929688,970,0.0,0.0
2024-05-30 09:55:00-04:00,128.74000549316406,128.74000549316406,128.61000061035156,128.61500549316406,592,0.0,0.0
2024-05-30 09:56:00-04:00,128.69000244140625,128.74000549316406,128.60000610351562,128.74000549316406,716,0.0,0.0
2024-05-30 09:58:00-04:00,128.64500427246094,128.75,128.64500427246094,128.75,751,0.0,0.0
2024-05-30 09:59:00-04:00,128.8350067138672,128.97999572753906,128.8350067138672,128.97999572753906,1528,0.0,0.0
2024-05-30 10:00:00-04:00,128.80999755859375,128.81500244140625,128.77000427246094,128.77999877929688,1923,0.0,0.0
2024-05-30 10:01:00-04:00,128.77000427246094,128.77000427246094,128.72000122070312,128.72000122070312,1050,0.0,0.0
2024-05-30 10:02:00-04:00,128.77499389648438,128.77499389648438,128.77499389648438,128.77499389648438,245,0.0,0.0
2024-05-30 10:03:00-04:00,128.75,128.75,128.639404296875,128.69000244140625,2024,0.0,0.0
2024-05-30 10:04:00-04:00,128.66000366210938,128.75999450683594,128.66000366210938,128.75999450683594,1425,0.0,0.0
2024-05-30 10:05:00-04:00,128.72500610351562,128.72500610351562,128.63119506835938,128.63119506835938,590,0.0,0.0
2024-05-30 10:06:00-04:00,128.72000122070312,128.72000122070312,128.69000244140625,128.69000244140625,645,0.0,0.0
2024-05-30 10:07:00-04:00,128.7100067138672,128.72999572753906,128.6300048828125,128.67999267578125,2483,0.0,0.0
2024-05-30 10:08:00-04:00,128.6300048828125,128.74000549316406,128.58999633789062,128.65499877929688,3073,0.0,0.0
2024-05-30 10:09:00-04:00,128.63999938964844,128.63999938964844,128.58999633789062,128.58999633789062,527,0.0,0.0
2024-05-30 10:10:00-04:00,128.58999633789062,128.58999633789062,128.40049743652344,128.40049743652344,2700,0.0,0.0
2024-05-30 10:11:00-04:00,128.42999267578125,128.58999633789062,128.42999267578125,128.58999633789062,2579,0.0,0.0
2024-05-30 10:12:00-04:00,128.60000610351562,128.60000610351562,128.52999877929688,128.52999877929688,773,0.0,0.0
2024-05-30 10:13:00-04:00,128.55999755859375,128.58999633789062,128.47999572753906,128.47999572753906,1230,0.0,0.0
2024-05-30 10:14:00-04:00,128.5800018310547,128.5800018310547,128.36000061035156,128.36000061035156,1092,0.0,0.0
2024-05-30 10:15:00-04:00,128.35499572753906,128.38499450683594,128.2899932861328,128.2899932861328,2111,0.0,0.0
2024-05-30 10:16:00-04:00,128.2899932861328,128.3300018310547,128.25999450683594,128.3249969482422,1890,0.0,0.0
2024-05-30 10:17:00-04:00,128.27999877929688,128.27999877929688,128.14999389648438,128.21499633789062,1631,0.0,0.0
2024-05-30 10:18:00-04:00,128.27000427246094,128.32000732421875,128.25,128.25999450683594,1744,0.0,0.0
2024-05-30 10:19:00-04:00,128.1699981689453,128.2449951171875,128.1699981689453,128.2449951171875,428,0.0,0.0
2024-05-30 10:20:00-04:00,128.14999389648438,128.24000549316406,128.14999389648438,128.24000549316406,421,0.0,0.0
2024-05-30 10:21:00-04:00,128.22500610351562,128.36000061035156,128.22500610351562,128.24000549316406,4491,0.0,0.0
2024-05-30 10:22:00-04:00,128.3699951171875,128.4550018310547,128.3699951171875,128.4550018310547,1757,0.0,0.0
2024-05-30 10:23:00-04:00,128.55499267578125,128.55499267578125,128.55499267578125,128.55499267578125,557,0.0,0.0
2024-05-30 10:24:00-04:00,128.60499572753906,128.60499572753906,128.50999450683594,128.5399932861328,1510,0.0,0.0
2024-05-30 10:25:00-04:00,128.5399932861328,128.5399932861328,128.5399932861328,128.5399932861328,833,0.0,0.0
2024-05-30 10:26:00-04:00,128.61000061035156,128.61000061035156,128.5399932861328,128.58999633789062,1048,0.0,0.0
2024-05-30 10:27:00-04:00,128.52000427246094,128.5800018310547,128.52000427246094,128.57000732421875,2065,0.0,0.0
2024-05-30 10:28:00-04:00,128.51499938964844,128.51499938964844,128.51499938964844,128.51499938964844,243,0.0,0.0
2024-05-30 10:29:00-04:00,128.52000427246094,128.5399932861328,128.44000244140625,128.52000427246094,2373,0.0,0.0
2024-05-30 10:30:00-04:00,128.5,128.5,128.5,128.5,624,0.0,0.0
2024-05-30 10:31:00-04:00,128.44000244140625,128.5050048828125,128.44000244140625,128.5050048828125,946,0.0,0.0
2024-05-30 10:32:00-04:00,128.5,128.5,128.27999877929688,128.27999877929688,5483,0.0,0.0
2024-05-30 10:33:00-04:00,128.36000061035156,128.47000122070312,128.35000610351562,128.3699951171875,2076,0.0,0.0
2024-05-30 10:34:00-04:00,128.39500427246094,128.52999877929688,128.39500427246094,128.52999877929688,1852,0.0,0.0
2024-05-30 10:35:00-04:00,128.5050048828125,128.5050048828125,128.5050048828125,128.5050048828125,550,0.0,0.0
2024-05-30 10:36:00-04:00,128.5,128.6199951171875,128.5,128.60499572753906,1825,0.0,0.0
2024-05-30 10:38:00-04:00,128.55999755859375,128.55999755859375,128.55999755859375,128.55999755859375,658,0.0,0.0
2024-05-30 10:39:00-04:00,128.52999877929688,128.5570068359375,128.50999450683594,128.5570068359375,1324,0.0,0.0
2024-05-30 10:40:00-04:00,128.4600067138672,128.49000549316406,128.4600067138672,128.49000549316406,340,0.0,0.0
2024-05-30 10:41:00-04:00,128.4949951171875,128.54989624023438,128.4949951171875,128.4949951171875,807,0.0,0.0
2024-05-30 10:42:00-04:00,128.42999267578125,128.42999267578125,128.42999267578125,128.42999267578125,601,0.0,0.0
2024-05-30 10:43:00-04:00,128.4199981689453,128.48080444335938,128.4199981689453,128.48080444335938,700,0.0,0.0
2024-05-30 10:44:00-04:00,128.4550018310547,128.49000549316406,128.4550018310547,128.4550018310547,1297,0.0,0.0
2024-05-30 10:45:00-04:00,128.49000549316406,128.5,128.38999938964844,128.38999938964844,2528,0.0,0.0
2024-05-30 10:46:00-04:00,128.35000610351562,128.41000366210938,128.17999267578125,128.17999267578125,1925,0.0,0.0
2024-05-30 10:47:00-04:00,128.16000366210938,128.25999450683594,128.16000366210938,128.2100067138672,2482,0.0,0.0
2024-05-30 10:48:00-04:00,128.14999389648438,128.30999755859375,128.14999389648438,128.30999755859375,1042,0.0,0.0
2024-05-30 10:49:00-04:00,128.30999755859375,128.36500549316406,128.2899932861328,128.36500549316406,1463,0.0,0.0
2024-05-30 10:50:00-04:00,128.375,128.375,128.375,128.375,1080,0.0,0.0
2024-05-30 10:51:00-04:00,128.30999755859375,128.36000061035156,128.30999755859375,128.36000061035156,878,0.0,0.0
2024-05-30 10:52:00-04:00,128.38499450683594,128.4199981689453,128.38499450683594,128.4199981689453,347,0.0,0.0
2024-05-30 10:53:00-04:00,128.39500427246094,128.39500427246094,128.27999877929688,128.3000030517578,2958,0.0,0.0
2024-05-30 10:54:00-04:00,128.33999633789062,128.38999938964844,128.3300018310547,128.3300018310547,1777,0.0,0.0
2024-05-30 10:55:00-04:00,128.3300018310547,128.3300018310547,128.22000122070312,128.22000122070312,767,0.0,0.0
2024-05-30 10:56:00-04:00,128.2050018310547,128.2050018310547,128.19000244140625,128.19000244140625,775,0.0,0.0
2024-05-30 10:57:00-04:00,128.21499633789062,128.21499633789062,128.17999267578125,128.17999267578125,1498,0.0,0.0
2024-05-30 10:59:00-04:00,128.22500610351562,128.27000427246094,128.1699981689453,128.2550048828125,1435,0.0,0.0
2024-05-30 11:00:00-04:00,128.2550048828125,128.2550048828125,128.1999969482422,128.25,1001,0.0,0.0
2024-05-30 11:01:00-04:00,128.3000030517578,128.36000061035156,128.3000030517578,128.34249877929688,1848,0.0,0.0
2024-05-30 11:02:00-04:00,128.34500122070312,128.34500122070312,128.25999450683594,128.25999450683594,3457,0.0,0.0
2024-05-30 11:03:00-04:00,128.3350067138672,128.3350067138672,128.22000122070312,128.22000122070312,1701,0.0,0.0
2024-05-30 11:04:00-04:00,128.22000122070312,128.30999755859375,128.22000122070312,128.30999755859375,2478,0.0,0.0
2024-05-30 11:05:00-04:00,128.24850463867188,128.24850463867188,128.24850463867188,128.24850463867188,667,0.0,0.0
2024-05-30 11:06:00-04:00,128.25,128.25,128.25,128.25,461,0.0,0.0
2024-05-30 11:07:00-04:00,128.25,128.33999633789062,128.25,128.27999877929688,1751,0.0,0.0
2024-05-30 11:08:00-04:00,128.25,128.34500122070312,128.25,128.34500122070312,664,0.0,0.0
2024-05-30 11:09:00-04:00,128.39500427246094,128.39500427246094,128.39500427246094,128.39500427246094,132,0.0,0.0
2024-05-30 11:10:00-04:00,128.38999938964844,128.4499969482422,128.375,128.4499969482422,3390,0.0,0.0
2024-05-30 11:13:00-04:00,128.50900268554688,128.50999450683594,128.4499969482422,128.4499969482422,1302,0.0,0.0
2024-05-30 11:15:00-04:00,128.44000244140625,128.44000244140625,128.35000610351562,128.39999389648438,4582,0.0,0.0
2024-05-30 11:17:00-04:00,128.41000366210938,128.41000366210938,128.36000061035156,128.3699951171875,1353,0.0,0.0
2024-05-30 11:18:00-04:00,128.4199981689453,128.48500061035156,128.41000366210938,128.48500061035156,1363,0.0,0.0
2024-05-30 11:20:00-04:00,128.39999389648438,128.39999389648438,128.39999389648438,128.39999389648438,1584,0.0,0.0
2024-05-30 11:21:00-04:00,128.38999938964844,128.38999938964844,128.38999938964844,128.38999938964844,156,0.0,0.0
2024-05-30 11:22:00-04:00,128.43499755859375,128.43499755859375,128.24000549316406,128.24000549316406,1580,0.0,0.0
2024-05-30 11:23:00-04:00,128.18499755859375,128.2100067138672,128.0950927734375,128.0950927734375,1198,0.0,0.0
2024-05-30 11:24:00-04:00,128.17999267578125,128.30999755859375,128.17999267578125,128.28500366210938,2733,0.0,0.0
2024-05-30 11:25:00-04:00,128.27999877929688,128.33999633789062,128.27999877929688,128.33999633789062,975,0.0,0.0
2024-05-30 11:26:00-04:00,128.3300018310547,128.38999938964844,128.3300018310547,128.38999938964844,764,0.0,0.0
2024-05-30 11:27:00-04:00,128.39999389648438,128.47999572753906,128.39999389648438,128.47999572753906,573,0.0,0.0
2024-05-30 11:28:00-04:00,128.42999267578125,128.42999267578125,128.42999267578125,128.42999267578125,662,0.0,0.0
2024-05-30 11:29:00-04:00,128.4199981689453,128.44000244140625,128.38099670410156,128.38099670410156,1101,0.0,0.0
2024-05-30 11:30:00-04:00,128.42999267578125,128.42999267578125,128.26499938964844,128.31900024414062,3199,0.0,0.0
2024-05-30 11:31:00-04:00,128.3300018310547,128.3300018310547,128.2949981689453,128.3000030517578,814,0.0,0.0
2024-05-30 11:32:00-04:00,128.25,128.3800048828125,128.25,128.3800048828125,1240,0.0,0.0
2024-05-30 11:33:00-04:00,128.38499450683594,128.4199981689453,128.38499450683594,128.4199981689453,451,0.0,0.0
2024-05-30 11:34:00-04:00,128.4499969482422,128.4499969482422,128.35000610351562,128.35000610351562,711,0.0,0.0
2024-05-30 11:35:00-04:00,128.40499877929688,128.4600067138672,128.40499877929688,128.4600067138672,1608,0.0,0.0
2024-05-30 11:36:00-04:00,128.38999938964844,128.38999938964844,128.38999938964844,128.38999938964844,367,0.0,0.0
2024-05-30 11:37:00-04:00,128.4499969482422,128.52000427246094,128.4499969482422,128.52000427246094,1832,0.0,0.0
2024-05-30 11:38:00-04:00,128.44000244140625,128.44000244140625,128.44000244140625,128.44000244140625,364,0.0,0.0
2024-05-30 11:39:00-04:00,128.4600067138672,128.5449981689453,128.44000244140625,128.51499938964844,2224,0.0,0.0
2024-05-30 11:40:00-04:00,128.4801025390625,128.5399932861328,128.47000122070312,128.47000122070312,978,0.0,0.0
2024-05-30 11:41:00-04:00,128.47999572753906,128.5399932861328,128.4300994873047,128.49000549316406,2447,0.0,0.0
2024-05-30 11:42:00-04:00,128.52999877929688,128.58999633789062,128.50999450683594,128.52999877929688,3385,0.0,0.0
2024-05-30 11:43:00-04:00,128.5500030517578,128.60000610351562,128.5500030517578,128.60000610351562,1454,0.0,0.0
2024-05-30 11:44:00-04:00,128.6300048828125,128.6300048828125,128.58999633789062,128.58999633789062,793,0.0,0.0
2024-05-30 11:45:00-04:00,128.57850646972656,128.6199951171875,128.5500030517578,128.5500946044922,651,0.0,0.0
2024-05-30 11:46:00-04:00,128.6300048828125,128.6999969482422,128.59500122070312,128.59500122070312,1992,0.0,0.0
2024-05-30 11:47:00-04:00,128.59500122070312,128.6300048828125,128.5800018310547,128.5800018310547,1881,0.0,0.0
2024-05-30 11:48:00-04:00,128.64999389648438,128.75,128.64999389648438,128.72000122070312,1325,0.0,0.0
2024-05-30 11:50:00-04:00,128.75999450683594,128.8800048828125,128.75999450683594,128.8800048828125,4135,0.0,0.0
2024-05-30 11:51:00-04:00,128.8524932861328,128.89999389648438,128.8524932861328,128.8699951171875,1579,0.0,0.0
2024-05-30 11:52:00-04:00,128.83999633789062,128.83999633789062,128.7899932861328,128.7899932861328,1329,0.0,0.0
2024-05-30 11:53:00-04:00,128.83999633789062,128.83999633789062,128.83999633789062,128.83999633789062,1750,0.0,0.0
2024-05-30 11:54:00-04:00,128.87989807128906,128.87989807128906,128.87989807128906,128.87989807128906,134,0.0,0.0
2024-05-30 11:55:00-04:00,128.7899932861328,128.8350067138672,128.7899932861328,128.8350067138672,455,0.0,0.0
2024-05-30 11:56:00-04:00,128.82000732421875,128.8300018310547,128.7888946533203,128.7888946533203,1262,0.0,0.0
2024-05-30 11:57:00-04:00,128.86000061035156,128.86000061035156,128.85000610351562,128.86000061035156,604,0.0,0.0
2024-05-30 11:58:00-04:00,128.77999877929688,128.8000030517578,128.74000549316406,128.8000030517578,1442,0.0,0.0
2024-05-30 11:59:00-04:00,128.8000030517578,128.8000030517578,128.77999877929688,128.77999877929688,837,0.0,0.0
2024-05-30 12:00:00-04:00,128.72999572753906,128.72999572753906,128.69000244140625,128.72999572753906,1317,0.0,0.0
2024-05-30 12:01:00-04:00,128.64999389648438,128.67999267578125,128.64999389648438,128.67999267578125,2294,0.0,0.0
2024-05-30 12:02:00-04:00,128.66000366210938,128.6649932861328,128.5800018310547,128.58999633789062,1362,0.0,0.0
2024-05-30 12:03:00-04:00,128.55499267578125,128.61000061035156,128.55499267578125,128.5850067138672,2008,0.0,0.0
2024-05-30 12:04:00-04:00,128.5800018310547,128.6199951171875,128.5500030517578,128.6199951171875,988,0.0,0.0
2024-05-30 12:05:00-04:00,128.6300048828125,128.6300048828125,128.47999572753906,128.47999572753906,4649,0.0,0.0
2024-05-30 12:06:00-04:00,128.50999450683594,128.52000427246094,128.47999572753906,128.47999572753906,1119,0.0,0.0
2024-05-30 12:07:00-04:00,128.5,128.5500030517578,128.5,128.5500030517578,1152,0.0,0.0
2024-05-30 12:08:00-04:00,128.4969940185547,128.4969940185547,128.4969940185547,128.4969940185547,660,0.0,0.0
2024-05-30 12:09:00-04:00,128.47999572753906,128.47999572753906,128.41000366210938,128.41000366210938,1537,0.0,0.0
2024-05-30 12:10:00-04:00,128.39999389648438,128.39999389648438,128.39999389648438,128.39999389648438,312,0.0,0.0
2024-05-30 12:11:00-04:00,128.35000610351562,128.42999267578125,128.35000610351562,128.42999267578125,3873,0.0,0.0
2024-05-30 12:12:00-04:00,128.44140625,128.48899841308594,128.4199981689453,128.44149780273438,1404,0.0,0.0
2024-05-30 12:13:00-04:00,128.47000122070312,128.52999877929688,128.47000122070312,128.52999877929688,822,0.0,0.0
2024-05-30 12:14:00-04:00,128.57000732421875,128.57000732421875,128.57000732421875,128.57000732421875,197,0.0,0.0
2024-05-30 12:15:00-04:00,128.51499938964844,128.51499938964844,128.51499938964844,128.51499938964844,913,0.0,0.0
2024-05-30 12:16:00-04:00,128.57000732421875,128.64999389648438,128.57000732421875,128.64999389648438,1495,0.0,0.0
2024-05-30 12:17:00-04:00,128.66000366210938,128.67999267578125,128.6300048828125,128.63999938964844,1721,0.0,0.0
2024-05-30 12:18:00-04:00,128.69000244140625,128.6999969482422,128.69000244140625,128.6999969482422,480,0.0,0.0
2024-05-30 12:19:00-04:00,128.66000366210938,128.66000366210938,128.64999389648438,128.64999389648438,713,0.0,0.0
2024-05-30 12:20:00-04:00,128.64999389648438,128.69000244140625,128.6300048828125,128.65499877929688,2087,0.0,0.0
2024-05-30 12:22:00-04:00,128.61000061035156,128.6199951171875,128.5800018310547,128.5800018310547,852,0.0,0.0
2024-05-30 12:23:00-04:00,128.63999938964844,128.66000366210938,128.63999938964844,128.64500427246094,811,0.0,0.0
2024-05-30 12:24:00-04:00,128.64999389648438,128.69000244140625,128.64999389648438,128.67999267578125,1491,0.0,0.0
2024-05-30 12:26:00-04:00,128.6999053955078,128.71499633789062,128.67999267578125,128.71499633789062,1370,0.0,0.0
2024-05-30 12:27:00-04:00,128.75,128.75,128.72250366210938,128.73500061035156,947,0.0,0.0
2024-05-30 12:28:00-04:00,128.74000549316406,128.74000549316406,128.74000549316406,128.74000549316406,812,0.0,0.0
2024-05-30 12:29:00-04:00,128.75999450683594,128.7736053466797,128.72500610351562,128.75,1759,0.0,0.0
2024-05-30 12:30:00-04:00,128.82000732421875,128.82000732421875,128.7449951171875,128.77000427246094,1009,0.0,0.0
2024-05-30 12:31:00-04:00,128.77999877929688,128.77999877929688,128.77999877929688,128.77999877929688,745,0.0,0.0
2024-05-30 12:33:00-04:00,128.73500061035156,128.73500061035156,128.73500061035156,128.73500061035156,299,0.0,0.0
2024-05-30 12:34:00-04:00,128.7100067138672,128.8000030517578,128.69000244140625,128.77000427246094,1971,0.0,0.0
2024-05-30 12:37:00-04:00,128.72999572753906,128.81500244140625,128.72999572753906,128.81500244140625,1004,0.0,0.0
2024-05-30 12:38:00-04:00,128.82000732421875,128.82000732421875,128.77000427246094,128.78160095214844,1232,0.0,0.0
2024-05-30 12:41:00-04:00,128.80499267578125,128.80499267578125,128.75999450683594,128.75999450683594,2549,0.0,0.0
2024-05-30 12:42:00-04:00,128.75999450683594,128.7899932861328,128.75,128.75999450683594,1995,0.0,0.0
2024-05-30 12:43:00-04:00,128.7100067138672,128.7100067138672,128.7100067138672,128.7100067138672,147,0.0,0.0
2024-05-30 12:44:00-04:00,128.72999572753906,128.74000549316406,128.72999572753906,128.74000549316406,836,0.0,0.0
2024-05-30 12:45:00-04:00,128.7449951171875,128.7449951171875,128.7449951171875,128.7449951171875,145,0.0,0.0
2024-05-30 12:46:00-04:00,128.72999572753906,128.77999877929688,128.72999572753906,128.77000427246094,1426,0.0,0.0
2024-05-30 12:50:00-04:00,128.8300018310547,128.85499572753906,128.8300018310547,128.85499572753906,1503,0.0,0.0
2024-05-30 12:51:00-04:00,128.85899353027344,128.86000061035156,128.85899353027344,128.86000061035156,646,0.0,0.0
2024-05-30 12:53:00-04:00,128.8300018310547,128.88499450683594,128.8300018310547,128.8699951171875,2353,0.0,0.0
2024-05-30 12:54:00-04:00,128.88999938964844,128.88999938964844,128.88999938964844,128.88999938964844,410,0.0,0.0
2024-05-30 12:55:00-04:00,128.86309814453125,128.88999938964844,128.86309814453125,128.8699951171875,3227,0.0,0.0
2024-05-30 12:56:00-04:00,128.8300018310547,128.8350067138672,128.80999755859375,128.82000732421875,2152,0.0,0.0
2024-05-30 12:57:00-04:00,128.8350067138672,128.8350067138672,128.75999450683594,128.77999877929688,3219,0.0,0.0
2024-05-30 13:00:00-04:00,128.75999450683594,128.75999450683594,128.72000122070312,128.72000122070312,607,0.0,0.0
2024-05-30 13:01:00-04:00,128.75999450683594,128.77000427246094,128.75999450683594,128.77000427246094,851,0.0,0.0
2024-05-30 13:02:00-04:00,128.77000427246094,128.77000427246094,128.75999450683594,128.75999450683594,747,0.0,0.0
2024-05-30 13:03:00-04:00,128.80999755859375,128.80999755859375,128.80999755859375,128.80999755859375,414,0.0,0.0
2024-05-30 13:04:00-04:00,128.72000122070312,128.74000549316406,128.72000122070312,128.74000549316406,719,0.0,0.0
2024-05-30 13:05:00-04:00,128.75999450683594,128.77000427246094,128.75999450683594,128.77000427246094,645,0.0,0.0
2024-05-30 13:06:00-04:00,128.77499389648438,128.77499389648438,128.77499389648438,128.77499389648438,218,0.0,0.0
2024-05-30 13:07:00-04:00,128.79580688476562,128.79580688476562,128.75,128.77999877929688,773,0.0,0.0
2024-05-30 13:08:00-04:00,128.77000427246094,128.77999877929688,128.77000427246094,128.77000427246094,860,0.0,0.0
2024-05-30 13:09:00-04:00,128.72999572753906,128.72999572753906,128.69000244140625,128.69000244140625,791,0.0,0.0
2024-05-30 13:10:00-04:00,128.69500732421875,128.69500732421875,128.6699981689453,128.6699981689453,708,0.0,0.0
2024-05-30 13:11:00-04:00,128.67999267578125,128.74000549316406,128.67999267578125,128.74000549316406,931,0.0,0.0
2024-05-30 13:12:00-04:00,128.75729370117188,128.75729370117188,128.7449951171875,128.7449951171875,2119,0.0,0.0
2024-05-30 13:13:00-04:00,128.66000366210938,128.66000366210938,128.66000366210938,128.66000366210938,525,0.0,0.0
2024-05-30 13:15:00-04:00,128.6199951171875,128.63499450683594,128.6199951171875,128.63499450683594,482,0.0,0.0
2024-05-30 13:16:00-04:00,128.66000366210938,128.66000366210938,128.6300048828125,128.6300048828125,506,0.0,0.0
2024-05-30 13:17:00-04:00,128.6103973388672,128.6103973388672,128.6103973388672,128.6103973388672,475,0.0,0.0
2024-05-30 13:18:00-04:00,128.61500549316406,128.64999389648438,128.58999633789062,128.64999389648438,865,0.0,0.0
2024-05-30 13:19:00-04:00,128.6300048828125,128.6300048828125,128.60000610351562,128.60000610351562,788,0.0,0.0
2024-05-30 13:20:00-04:00,128.58999633789062,128.6300048828125,128.58999633789062,128.6300048828125,1091,0.0,0.0
2024-05-30 13:21:00-04:00,128.63499450683594,128.6699981689453,128.63499450683594,128.6699981689453,865,0.0,0.0
2024-05-30 13:22:00-04:00,128.6999969482422,128.71499633789062,128.6999969482422,128.71499633789062,754,0.0,0.0
2024-05-30 13:23:00-04:00,128.69000244140625,128.7100067138672,128.69000244140625,128.6999969482422,1178,0.0,0.0
2024-05-30 13:24:00-04:00,128.66920471191406,128.7100067138672,128.66920471191406,128.7100067138672,650,0.0,0.0
2024-05-30 13:25:00-04:00,128.66000366210938,128.6699981689453,128.6300048828125,128.64999389648438,2628,0.0,0.0
2024-05-30 13:26:00-04:00,128.74000549316406,128.74000549316406,128.7283935546875,128.7283935546875,445,0.0,0.0
2024-05-30 13:28:00-04:00,128.69619750976562,128.72999572753906,128.69619750976562,128.72999572753906,1330,0.0,0.0
2024-05-30 13:29:00-04:00,128.6999969482422,128.6999969482422,128.64999389648438,128.6699981689453,2250,0.0,0.0
2024-05-30 13:30:00-04:00,128.72999572753906,128.75999450683594,128.72999572753906,128.7449951171875,2249,0.0,0.0
2024-05-30 13:31:00-04:00,128.6999969482422,128.6999969482422,128.69000244140625,128.69000244140625,764,0.0,0.0
2024-05-30 13:32:00-04:00,128.72000122070312,128.77000427246094,128.6699981689453,128.72000122070312,4074,0.0,0.0
2024-05-30 13:33:00-04:00,128.74000549316406,128.7550048828125,128.74000549316406,128.75,1926,0.0,0.0
2024-05-30 13:34:00-04:00,128.72000122070312,128.72000122070312,128.72000122070312,128.72000122070312,118,0.0,0.0
2024-05-30 13:35:00-04:00,128.7050018310547,128.7050018310547,128.7050018310547,128.7050018310547,169,0.0,0.0
2024-05-30 13:36:00-04:00,128.72999572753906,128.72999572753906,128.72999572753906,128.72999572753906,970,0.0,0.0
2024-05-30 13:37:00-04:00,128.72999572753906,128.75,128.7100067138672,128.75,1063,0.0,0.0
2024-05-30 13:38:00-04:00,128.8000030517578,128.8000030517578,128.72999572753906,128.72999572753906,2280,0.0,0.0
2024-05-30 13:39:00-04:00,128.71249389648438,128.74000549316406,128.71249389648438,128.74000549316406,851,0.0,0.0
2024-05-30 13:40:00-04:00,128.7805938720703,128.78399658203125,128.77000427246094,128.78399658203125,1632,0.0,0.0
2024-05-30 13:43:00-04:00,128.76499938964844,128.76499938964844,128.76499938964844,128.76499938964844,450,0.0,0.0
2024-05-30 13:45:00-04:00,128.77999877929688,128.7899932861328,128.77000427246094,128.77000427246094,832,0.0,0.0
2024-05-30 13:46:00-04:00,128.78900146484375,128.8249969482422,128.77000427246094,128.80499267578125,3502,0.0,0.0
2024-05-30 13:47:00-04:00,128.77999877929688,128.77999877929688,128.77499389648438,128.77499389648438,461,0.0,0.0
2024-05-30 13:48:00-04:00,128.79949951171875,128.79949951171875,128.77499389648438,128.77499389648438,1930,0.0,0.0
2024-05-30 13:50:00-04:00,128.72999572753906,128.72999572753906,128.6999969482422,128.6999969482422,1104,0.0,0.0
2024-05-30 13:51:00-04:00,128.72000122070312,128.72000122070312,128.72000122070312,128.72000122070312,963,0.0,0.0
2024-05-30 13:52:00-04:00,128.70899963378906,128.71499633789062,128.70899963378906,128.71499633789062,1284,0.0,0.0
2024-05-30 13:53:00-04:00,128.72000122070312,128.75999450683594,128.72000122070312,128.75999450683594,1244,0.0,0.0
2024-05-30 13:54:00-04:00,128.74000549316406,128.77000427246094,128.74000549316406,128.76499938964844,1121,0.0,0.0
2024-05-30 13:55:00-04:00,128.75999450683594,128.75999450683594,128.7100067138672,128.7100067138672,2145,0.0,0.0
2024-05-30 13:56:00-04:00,128.7100067138672,128.7100067138672,128.7100067138672,128.7100067138672,345,0.0,0.0
2024-05-30 13:58:00-04:00,128.73500061035156,128.75,128.72999572753906,128.7449951171875,1956,0.0,0.0
2024-05-30 13:59:00-04:00,128.75999450683594,128.77000427246094,128.75999450683594,128.77000427246094,798,0.0,0.0
2024-05-30 14:00:00-04:00,128.75999450683594,128.77999877929688,128.6999969482422,128.6999969482422,3756,0.0,0.0
2024-05-30 14:01:00-04:00,128.7100067138672,128.72999572753906,128.7100067138672,128.72999572753906,642,0.0,0.0
2024-05-30 14:02:00-04:00,128.71710205078125,128.71710205078125,128.71710205078125,128.71710205078125,269,0.0,0.0
2024-05-30 14:03:00-04:00,128.6999969482422,128.6999969482422,128.67999267578125,128.6992950439453,491,0.0,0.0
2024-05-30 14:04:00-04:00,128.6999969482422,128.6999969482422,128.63999938964844,128.63999938964844,1449,0.0,0.0
2024-05-30 14:05:00-04:00,128.5500030517578,128.5500030517578,128.5500030517578,128.5500030517578,392,0.0,0.0
2024-05-30 14:06:00-04:00,128.5800018310547,128.61500549316406,128.5800018310547,128.61500549316406,1640,0.0,0.0
2024-05-30 14:08:00-04:00,128.60000610351562,128.6699981689453,128.60000610351562,128.6699981689453,791,0.0,0.0
2024-05-30 14:09:00-04:00,128.6699981689453,128.6699981689453,128.63400268554688,128.64999389648438,883,0.0,0.0
2024-05-30 14:10:00-04:00,128.69000244140625,128.69000244140625,128.68499755859375,128.68499755859375,1393,0.0,0.0
2024-05-30 14:11:00-04:00,128.67999267578125,128.67999267578125,128.65139770507812,128.65139770507812,680,0.0,0.0
2024-05-30 14:12:00-04:00,128.6699981689453,128.6699981689453,128.63999938964844,128.6439971923828,2765,0.0,0.0
2024-05-30 14:13:00-04:00,128.6199951171875,128.66000366210938,128.5800018310547,128.6269989013672,3665,0.0,0.0
2024-05-30 14:14:00-04:00,128.66000366210938,128.66000366210938,128.65499877929688,128.66000366210938,653,0.0,0.0
2024-05-30 14:15:00-04:00,128.6699981689453,128.6699981689453,128.64999389648438,128.64999389648438,1091,0.0,0.0
2024-05-30 14:16:00-04:00,128.63999938964844,128.63999938964844,128.55999755859375,128.60000610351562,2144,0.0,0.0
2024-05-30 14:17:00-04:00,128.61000061035156,128.6300048828125,128.61000061035156,128.6300048828125,548,0.0,0.0
2024-05-30 14:18:00-04:00,128.63999938964844,128.63999938964844,128.63999938964844,128.63999938964844,452,0.0,0.0
2024-05-30 14:19:00-04:00,128.61500549316406,128.61500549316406,128.61500549316406,128.61500549316406,412,0.0,0.0
2024-05-30 14:20:00-04:00,128.64999389648438,128.64999389648438,128.6199951171875,128.6199951171875,540,0.0,0.0
2024-05-30 14:21:00-04:00,128.61000061035156,128.64999389648438,128.61000061035156,128.64999389648438,2019,0.0,0.0
2024-05-30 14:22:00-04:00,128.64999389648438,128.67999267578125,128.63609313964844,128.67999267578125,1273,0.0,0.0
2024-05-30 14:23:00-04:00,128.69000244140625,128.7050018310547,128.69000244140625,128.7050018310547,882,0.0,0.0
2024-05-30 14:24:00-04:00,128.72000122070312,128.8000030517578,128.72000122070312,128.8000030517578,2319,0.0,0.0
2024-05-30 14:25:00-04:00,128.83999633789062,128.9199981689453,128.83999633789062,128.85000610351562,3597,0.0,0.0
2024-05-30 14:26:00-04:00,128.86000061035156,128.9600067138672,128.86000061035156,128.9600067138672,2404,0.0,0.0
2024-05-30 14:27:00-04:00,128.97900390625,128.99000549316406,128.97500610351562,128.97500610351562,867,0.0,0.0
2024-05-30 14:28:00-04:00,129.0,129.02000427246094,128.97999572753906,129.00999450683594,4714,0.0,0.0
2024-05-30 14:29:00-04:00,129.02000427246094,129.02999877929688,128.97999572753906,128.9801025390625,3330,0.0,0.0
2024-05-30 14:30:00-04:00,129.00999450683594,129.02999877929688,128.9239959716797,128.9239959716797,3104,0.0,0.0
2024-05-30 14:31:00-04:00,129.0399932861328,129.08999633789062,129.0399932861328,129.08999633789062,920,0.0,0.0
2024-05-30 14:32:00-04:00,129.0399932861328,129.07000732421875,129.02999877929688,129.07000732421875,1162,0.0,0.0
2024-05-30 14:33:00-04:00,129.05999755859375,129.0800018310547,129.05999755859375,129.0800018310547,1221,0.0,0.0
2024-05-30 14:34:00-04:00,129.07339477539062,129.0800018310547,129.05999755859375,129.0800018310547,885,0.0,0.0
2024-05-30 14:35:00-04:00,129.05999755859375,129.0760955810547,129.0,129.02499389648438,3092,0.0,0.0
2024-05-30 14:36:00-04:00,129.00999450683594,129.00999450683594,128.99000549316406,129.0050048828125,1632,0.0,0.0
2024-05-30 14:37:00-04:00,128.99000549316406,129.0500030517578,128.99000549316406,129.0500030517578,1512,0.0,0.0
2024-05-30 14:38:00-04:00,129.03500366210938,129.03500366210938,129.03500366210938,129.03500366210938,457,0.0,0.0
2024-05-30 14:39:00-04:00,129.00999450683594,129.05999755859375,129.0,129.0500030517578,12362,0.0,0.0
2024-05-30 14:40:00-04:00,129.0449981689453,129.0449981689453,128.97000122070312,128.97000122070312,2055,0.0,0.0
2024-05-30 14:41:00-04:00,129.0126953125,129.0126953125,128.97999572753906,128.97999572753906,710,0.0,0.0
2024-05-30 14:42:00-04:00,129.0,129.0800018310547,129.0,129.0800018310547,2822,0.0,0.0
2024-05-30 14:43:00-04:00,129.0500030517578,129.0500030517578,129.02000427246094,129.0449981689453,1929,0.0,0.0
2024-05-30 14:44:00-04:00,129.07000732421875,129.10000610351562,129.07000732421875,129.10000610351562,2087,0.0,0.0
2024-05-30 14:45:00-04:00,129.11900329589844,129.11900329589844,129.00999450683594,129.00999450683594,2820,0.0,0.0
2024-05-30 14:46:00-04:00,129.0449981689453,129.10000610351562,129.0449981689453,129.07000732421875,1654,0.0,0.0
2024-05-30 14:47:00-04:00,129.06500244140625,129.0800018310547,129.0,129.02999877929688,4836,0.0,0.0
2024-05-30 14:48:00-04:00,129.02999877929688,129.02999877929688,128.97000122070312,128.97500610351562,2850,0.0,0.0
2024-05-30 14:49:00-04:00,129.0050048828125,129.02000427246094,129.0050048828125,129.02000427246094,1037,0.0,0.0
2024-05-30 14:50:00-04:00,129.0301971435547,129.0399932861328,129.00999450683594,129.00999450683594,2249,0.0,0.0
2024-05-30 14:51:00-04:00,129.00999450683594,129.0399932861328,128.8699951171875,128.8699951171875,5747,0.0,0.0
2024-05-30 14:52:00-04:00,128.93499755859375,128.9499969482422,128.92999267578125,128.94000244140625,2259,0.0,0.0
2024-05-30 14:53:00-04:00,128.94000244140625,128.97999572753906,128.92999267578125,128.9600067138672,3684,0.0,0.0
2024-05-30 14:54:00-04:00,128.92340087890625,128.92340087890625,128.8800048828125,128.8800048828125,488,0.0,0.0
2024-05-30 14:55:00-04:00,128.94000244140625,129.00999450683594,128.94000244140625,129.00999450683594,1800,0.0,0.0
2024-05-30 14:56:00-04:00,129.10000610351562,129.10000610351562,129.10000610351562,129.10000610351562,433,0.0,0.0
2024-05-30 14:57:00-04:00,129.05999755859375,129.08999633789062,129.0399932861328,129.0428009033203,4095,0.0,0.0
2024-05-30 14:58:00-04:00,129.02000427246094,129.02999877929688,128.9958953857422,129.02999877929688,1610,0.0,0.0
2024-05-30 14:59:00-04:00,129.07000732421875,129.1300048828125,129.07000732421875,129.125,2681,0.0,0.0
2024-05-30 15:00:00-04:00,129.1199951171875,129.1199951171875,129.11000061035156,129.11000061035156,459,0.0,0.0
2024-05-30 15:01:00-04:00,129.1300048828125,129.15899658203125,129.08999633789062,129.10499572753906,3989,0.0,0.0
2024-05-30 15:02:00-04:00,129.13999938964844,129.16000366210938,129.13999938964844,129.15499877929688,1793,0.0,0.0
2024-05-30 15:03:00-04:00,129.17999267578125,129.19000244140625,129.0800018310547,129.1284942626953,4845,0.0,0.0
2024-05-30 15:04:00-04:00,129.1300048828125,129.1300048828125,129.1300048828125,129.1300048828125,1591,0.0,0.0
2024-05-30 15:05:00-04:00,129.0800018310547,129.17999267578125,129.0800018310547,129.17999267578125,2918,0.0,0.0
2024-05-30 15:06:00-04:00,129.16000366210938,129.16000366210938,129.16000366210938,129.16000366210938,771,0.0,0.0
2024-05-30 15:07:00-04:00,129.1750030517578,129.1750030517578,129.1300048828125,129.1300048828125,2744,0.0,0.0
2024-05-30 15:08:00-04:00,129.1300048828125,129.13499450683594,129.11000061035156,129.11000061035156,1186,0.0,0.0
2024-05-30 15:09:00-04:00,129.08999633789062,129.08999633789062,129.0399932861328,129.0399932861328,1858,0.0,0.0
2024-05-30 15:10:00-04:00,129.0399932861328,129.0399932861328,128.97999572753906,128.97999572753906,3832,0.0,0.0
2024-05-30 15:11:00-04:00,128.9499969482422,128.9499969482422,128.88999938964844,128.9250030517578,1453,0.0,0.0
2024-05-30 15:12:00-04:00,128.92999267578125,128.94000244140625,128.8800048828125,128.8800048828125,2753,0.0,0.0
2024-05-30 15:13:00-04:00,128.8800048828125,128.8800048828125,128.83999633789062,128.83999633789062,2788,0.0,0.0
2024-05-30 15:14:00-04:00,128.84500122070312,128.8800048828125,128.83999633789062,128.875,3397,0.0,0.0
2024-05-30 15:15:00-04:00,128.875,128.875,128.8300018310547,128.8300018310547,1175,0.0,0.0
2024-05-30 15:16:00-04:00,128.85000610351562,128.85000610351562,128.8300018310547,128.8300018310547,1271,0.0,0.0
2024-05-30 15:17:00-04:00,128.8350067138672,128.85000610351562,128.8249969482422,128.8470001220703,1141,0.0,0.0
2024-05-30 15:18:00-04:00,128.8350067138672,128.83999633789062,128.74000549316406,128.74000549316406,3182,0.0,0.0
2024-05-30 15:19:00-04:00,128.73500061035156,128.74000549316406,128.67999267578125,128.69000244140625,3001,0.0,0.0
2024-05-30 15:20:00-04:00,128.6750030517578,128.75,128.6699981689453,128.67999267578125,4994,0.0,0.0
2024-05-30 15:21:00-04:00,128.69500732421875,128.6999969482422,128.64999389648438,128.64999389648438,1606,0.0,0.0
2024-05-30 15:22:00-04:00,128.66000366210938,128.7100067138672,128.66000366210938,128.7030029296875,2992,0.0,0.0
2024-05-30 15:23:00-04:00,128.71499633789062,128.73500061035156,128.6999969482422,128.73500061035156,1696,0.0,0.0
2024-05-30 15:24:00-04:00,128.73500061035156,128.73500061035156,128.65989685058594,128.6999969482422,4051,0.0,0.0
2024-05-30 15:25:00-04:00,128.69000244140625,128.75999450683594,128.69000244140625,128.72000122070312,1718,0.0,0.0
2024-05-30 15:26:00-04:00,128.7100067138672,128.74000549316406,128.7100067138672,128.74000549316406,1867,0.0,0.0
2024-05-30 15:27:00-04:00,128.77000427246094,128.80999755859375,128.75,128.80999755859375,2100,0.0,0.0
2024-05-30 15:28:00-04:00,128.82000732421875,128.85000610351562,128.77000427246094,128.77000427246094,3870,0.0,0.0
2024-05-30 15:29:00-04:00,128.74000549316406,128.77000427246094,128.74000549316406,128.77000427246094,1850,0.0,0.0
2024-05-30 15:30:00-04:00,128.77999877929688,128.80999755859375,128.75,128.75,2832,0.0,0.0
2024-05-30 15:31:00-04:00,128.75999450683594,128.7899932861328,128.75999450683594,128.76499938964844,2086,0.0,0.0
2024-05-30 15:32:00-04:00,128.76499938964844,128.76499938964844,128.72999572753906,128.72999572753906,2346,0.0,0.0
2024-05-30 15:33:00-04:00,128.74000549316406,128.77499389648438,128.74000549316406,128.76499938964844,2641,0.0,0.0
2024-05-30 15:34:00-04:00,128.77999877929688,128.81500244140625,128.77999877929688,128.77999877929688,1950,0.0,0.0
2024-05-30 15:35:00-04:00,128.82000732421875,128.82000732421875,128.77999877929688,128.77999877929688,4494,0.0,0.0
2024-05-30 15:36:00-04:00,128.77000427246094,128.77000427246094,128.72999572753906,128.72999572753906,2353,0.0,0.0
2024-05-30 15:37:00-04:00,128.7100067138672,128.8000030517578,128.7100067138672,128.8000030517578,3371,0.0,0.0
2024-05-30 15:38:00-04:00,128.8000030517578,128.80999755859375,128.7899932861328,128.80999755859375,1794,0.0,0.0
2024-05-30 15:39:00-04:00,128.7899932861328,128.7899932861328,128.75,128.75999450683594,1699,0.0,0.0
2024-05-30 15:40:00-04:00,128.77999877929688,128.8300018310547,128.77999877929688,128.81500244140625,2757,0.0,0.0
2024-05-30 15:41:00-04:00,128.8000030517578,128.82000732421875,128.8000030517578,128.80499267578125,1944,0.0,0.0
2024-05-30 15:42:00-04:00,128.82000732421875,128.86900329589844,128.82000732421875,128.85000610351562,3530,0.0,0.0
2024-05-30 15:43:00-04:00,128.86000061035156,128.8699951171875,128.83999633789062,128.85000610351562,4983,0.0,0.0
2024-05-30 15:44:00-04:00,128.8300018310547,128.8300018310547,128.8000030517578,128.80999755859375,2229,0.0,0.0
2024-05-30 15:45:00-04:00,128.80999755859375,128.80999755859375,128.75,128.77000427246094,4080,0.0,0.0
2024-05-30 15:46:00-04:00,128.75999450683594,128.75999450683594,128.6999969482422,128.7100067138672,4746,0.0,0.0
2024-05-30 15:47:00-04:00,128.72999572753906,128.80999755859375,128.72999572753906,128.7899932861328,7098,0.0,0.0
2024-05-30 15:48:00-04:00,128.75999450683594,128.7899932861328,128.75,128.77999877929688,2448,0.0,0.0
2024-05-30 15:49:00-04:00,128.77000427246094,128.77999877929688,128.69000244140625,128.7100067138672,5096,0.0,0.0
2024-05-30 15:50:00-04:00,128.69000244140625,128.82000732421875,128.67999267578125,128.7949981689453,10457,0.0,0.0
2024-05-30 15:51:00-04:00,128.8000030517578,128.89999389648438,128.8000030517578,128.89999389648438,6200,0.0,0.0
2024-05-30 15:52:00-04:00,128.88999938964844,128.94500732421875,128.8800048828125,128.94500732421875,9710,0.0,0.0
2024-05-30 15:53:00-04:00,128.9949951171875,129.00999450683594,128.92999267578125,128.92999267578125,5955,0.0,0.0
2024-05-30 15:54:00-04:00,128.92999267578125,128.99000549316406,128.89999389648438,128.97000122070312,12734,0.0,0.0
2024-05-30 15:55:00-04:00,128.97999572753906,129.0399932861328,128.94000244140625,129.0,15420,0.0,0.0
2024-05-30 15:56:00-04:00,129.00999450683594,129.00999450683594,128.9499969482422,128.9499969482422,20138,0.0,0.0
2024-05-30 15:57:00-04:00,128.9429931640625,129.01499938964844,128.91000366210938,128.9199981689453,12529,0.0,0.0
2024-05-30 15:58:00-04:00,128.9199981689453,128.97999572753906,128.89999389648438,128.97999572753906,25301,0.0,0.0
2024-05-30 15:59:00-04:00,128.97999572753906,129.08999633789062,128.97999572753906,129.00999450683594,42124,0.0,0.0
2024-05-31 09:30:00-04:00,129.0800018310547,129.22000122070312,128.7899932861328,129.0800018310547,18025,0.0,0.0
2024-05-31 09:31:00-04:00,129.25,129.39500427246094,129.25,129.39500427246094,2080,0.0,0.0
2024-05-31 09:32:00-04:00,129.36000061035156,129.36000061035156,128.9499969482422,128.9600067138672,2643,0.0,0.0
2024-05-31 09:33:00-04:00,129.08999633789062,129.24000549316406,129.0399932861328,129.0399932861328,927,0.0,0.0
2024-05-31 09:34:00-04:00,129.23500061035156,129.5594940185547,129.23500061035156,129.4600067138672,1899,0.0,0.0
2024-05-31 09:35:00-04:00,129.49000549316406,129.5449981689453,129.49000549316406,129.5449981689453,264,0.0,0.0
2024-05-31 09:36:00-04:00,129.58999633789062,129.75,129.5,129.75,1334,0.0,0.0
2024-05-31 09:37:00-04:00,129.8000030517578,129.9499969482422,129.74000549316406,129.74000549316406,1137,0.0,0.0
2024-05-31 09:38:00-04:00,129.5500030517578,129.5500030517578,129.50999450683594,129.50999450683594,492,0.0,0.0
2024-05-31 09:39:00-04:00,129.5157012939453,129.5157012939453,129.4949951171875,129.4949951171875,1744,0.0,0.0
2024-05-31 09:40:00-04:00,129.47999572753906,129.5449981689453,129.47999572753906,129.51499938964844,1073,0.0,0.0
2024-05-31 09:41:00-04:00,129.5399932861328,129.6999969482422,129.52999877929688,129.6699981689453,1366,0.0,0.0
2024-05-31 09:42:00-04:00,129.6199951171875,129.6199951171875,129.55999755859375,129.55999755859375,882,0.0,0.0
2024-05-31 09:43:00-04:00,129.55999755859375,129.55999755859375,129.3000030517578,129.3000030517578,1056,0.0,0.0
2024-05-31 09:44:00-04:00,129.4499969482422,129.4499969482422,129.4499969482422,129.4499969482422,488,0.0,0.0
2024-05-31 09:45:00-04:00,129.55999755859375,129.55999755859375,129.55999755859375,129.55999755859375,395,0.0,0.0
2024-05-31 09:46:00-04:00,129.5399932861328,129.5399932861328,129.52000427246094,129.52000427246094,586,0.0,0.0
2024-05-31 09:47:00-04:00,129.3699951171875,129.42999267578125,129.3699951171875,129.42999267578125,667,0.0,0.0
2024-05-31 09:48:00-04:00,129.24000549316406,129.24000549316406,129.24000549316406,129.24000549316406,226,0.0,0.0
2024-05-31 09:49:00-04:00,129.2050018310547,129.24000549316406,129.16000366210938,129.24000549316406,1889,0.0,0.0
2024-05-31 09:50:00-04:00,129.2783966064453,129.2783966064453,129.2783966064453,129.2783966064453,547,0.0,0.0
2024-05-31 09:52:00-04:00,129.16000366210938,129.16000366210938,129.16000366210938,129.16000366210938,382,0.0,0.0
2024-05-31 09:53:00-04:00,129.22000122070312,129.22000122070312,129.08999633789062,129.08999633789062,2243,0.0,0.0
2024-05-31 09:55:00-04:00,129.00999450683594,129.00999450683594,128.9199981689453,129.00999450683594,2493,0.0,0.0
2024-05-31 09:56:00-04:00,129.08999633789062,129.08999633789062,129.08999633789062,129.08999633789062,823,0.0,0.0
2024-05-31 09:59:00-04:00,129.1125030517578,129.27999877929688,129.1125030517578,129.27999877929688,2150,0.0,0.0
2024-05-31 10:00:00-04:00,129.27999877929688,129.27999877929688,129.27999877929688,129.27999877929688,521,0.0,0.0
2024-05-31 10:01:00-04:00,129.22999572753906,129.22999572753906,129.22999572753906,129.22999572753906,404,0.0,0.0
2024-05-31 10:02:00-04:00,129.27999877929688,129.27999877929688,129.25,129.25,719,0.0,0.0
2024-05-31 10:03:00-04:00,129.39500427246094,129.4499969482422,129.375,129.44000244140625,1857,0.0,0.0
2024-05-31 10:04:00-04:00,129.51499938964844,129.52000427246094,129.51499938964844,129.52000427246094,747,0.0,0.0
2024-05-31 10:05:00-04:00,129.4600067138672,129.4600067138672,129.3800048828125,129.3800048828125,1667,0.0,0.0
2024-05-31 10:07:00-04:00,129.25999450683594,129.25999450683594,129.19500732421875,129.1999969482422,1165,0.0,0.0
2024-05-31 10:09:00-04:00,129.09500122070312,129.10499572753906,128.97999572753906,129.02000427246094,7280,0.0,0.0
2024-05-31 10:10:00-04:00,129.00650024414062,129.00650024414062,128.9600067138672,128.9600067138672,790,0.0,0.0
2024-05-31 10:11:00-04:00,128.97999572753906,129.00999450683594,128.94500732421875,128.97999572753906,2300,0.0,0.0
2024-05-31 10:12:00-04:00,129.10499572753906,129.10499572753906,129.10499572753906,129.10499572753906,713,0.0,0.0
2024-05-31 10:14:00-04:00,129.0800018310547,129.11680603027344,129.07000732421875,129.11680603027344,697,0.0,0.0
2024-05-31 10:15:00-04:00,129.1199951171875,129.1699981689453,129.1199951171875,129.1699981689453,721,0.0,0.0
2024-05-31 10:16:00-04:00,129.22500610351562,129.27499389648438,129.22500610351562,129.27499389648438,920,0.0,0.0
2024-05-31 10:17:00-04:00,129.3300018310547,129.3300018310547,129.3300018310547,129.3300018310547,666,0.0,0.0
2024-05-31 10:18:00-04:00,129.41000366210938,129.41000366210938,129.41000366210938,129.41000366210938,186,0.0,0.0
2024-05-31 10:19:00-04:00,129.35009765625,129.52999877929688,129.35009765625,129.52999877929688,1335,0.0,0.0
2024-05-31 10:20:00-04:00,129.61000061035156,129.61000061035156,129.61000061035156,129.61000061035156,151,0.0,0.0
2024-05-31 10:21:00-04:00,129.61000061035156,129.6199951171875,129.5,129.55999755859375,3429,0.0,0.0
2024-05-31 10:22:00-04:00,129.50999450683594,129.55499267578125,129.50999450683594,129.55499267578125,1141,0.0,0.0
2024-05-31 10:23:00-04:00,129.60000610351562,129.75999450683594,129.60000610351562,129.67999267578125,2454,0.0,0.0
2024-05-31 10:24:00-04:00,129.68499755859375,129.97000122070312,129.68499755859375,129.8000030517578,6603,0.0,0.0
2024-05-31 10:25:00-04:00,129.7895050048828,129.8300018310547,129.75,129.8300018310547,1352,0.0,0.0
2024-05-31 10:26:00-04:00,129.83999633789062,129.9199981689453,129.8300018310547,129.9199981689453,3052,0.0,0.0
2024-05-31 10:28:00-04:00,129.94000244140625,129.9674072265625,129.88999938964844,129.94000244140625,2242,0.0,0.0
2024-05-31 10:29:00-04:00,129.94000244140625,130.0,129.55999755859375,129.67999267578125,29618,0.0,0.0
2024-05-31 10:30:00-04:00,129.6999969482422,129.71499633789062,129.5399932861328,129.61000061035156,3464,0.0,0.0
2024-05-31 10:31:00-04:00,129.66270446777344,129.7100067138672,129.58999633789062,129.60000610351562,3970,0.0,0.0
2024-05-31 10:32:00-04:00,129.66000366210938,129.72999572753906,129.66000366210938,129.72999572753906,1999,0.0,0.0
2024-05-31 10:33:00-04:00,129.74000549316406,129.75,129.74000549316406,129.75,964,0.0,0.0
2024-05-31 10:34:00-04:00,129.75,129.7899932861328,129.75,129.7899932861328,997,0.0,0.0
2024-05-31 10:35:00-04:00,129.78500366210938,129.78500366210938,129.67999267578125,129.67999267578125,1368,0.0,0.0
2024-05-31 10:36:00-04:00,129.6199951171875,129.625,129.5449981689453,129.5449981689453,1251,0.0,0.0
2024-05-31 10:37:00-04:00,129.61000061035156,129.6699981689453,129.5800018310547,129.6699981689453,3889,0.0,0.0
2024-05-31 10:38:00-04:00,129.66000366210938,129.66000366210938,129.61500549316406,129.61500549316406,2836,0.0,0.0
2024-05-31 10:40:00-04:00,129.7899932861328,129.7899932861328,129.5800018310547,129.58999633789062,1525,0.0,0.0
2024-05-31 10:41:00-04:00,129.5500030517578,129.61000061035156,129.5500030517578,129.61000061035156,2097,0.0,0.0
2024-05-31 10:42:00-04:00,129.6300048828125,129.6300048828125,129.6300048828125,129.6300048828125,176,0.0,0.0
2024-05-31 10:43:00-04:00,129.60629272460938,129.60629272460938,129.60629272460938,129.60629272460938,708,0.0,0.0
2024-05-31 10:44:00-04:00,129.63999938964844,129.63999938964844,129.57000732421875,129.57000732421875,1100,0.0,0.0
2024-05-31 10:45:00-04:00,129.58999633789062,129.63999938964844,129.58999633789062,129.63999938964844,1785,0.0,0.0
2024-05-31 10:46:00-04:00,129.74000549316406,129.74000549316406,129.72500610351562,129.72500610351562,532,0.0,0.0
2024-05-31 10:47:00-04:00,129.72000122070312,129.80499267578125,129.72000122070312,129.80499267578125,1302,0.0,0.0
2024-05-31 10:48:00-04:00,129.7899932861328,129.7899932861328,129.75999450683594,129.7899932861328,1011,0.0,0.0
2024-05-31 10:49:00-04:00,129.8000030517578,129.8000030517578,129.77999877929688,129.77999877929688,1291,0.0,0.0
2024-05-31 10:50:00-04:00,129.77999877929688,129.83999633789062,129.75,129.83999633789062,2337,0.0,0.0
2024-05-31 10:51:00-04:00,129.83999633789062,129.9199981689453,129.83999633789062,129.9199981689453,1098,0.0,0.0
2024-05-31 10:52:00-04:00,129.88999938964844,129.90499877929688,129.86000061035156,129.90499877929688,1021,0.0,0.0
2024-05-31 10:53:00-04:00,129.89999389648438,129.9279022216797,129.89999389648438,129.9279022216797,638,0.0,0.0
2024-05-31 10:54:00-04:00,129.89999389648438,130.00999450683594,129.83999633789062,129.8800048828125,7224,0.0,0.0
2024-05-31 10:55:00-04:00,130.02999877929688,130.07000732421875,130.02499389648438,130.02499389648438,1666,0.0,0.0
2024-05-31 10:56:00-04:00,130.0800018310547,130.0800018310547,129.97000122070312,129.97000122070312,784,0.0,0.0
2024-05-31 10:57:00-04:00,129.9499969482422,129.9499969482422,129.8800048828125,129.9149932861328,1176,0.0,0.0
2024-05-31 10:58:00-04:00,129.9149932861328,129.9149932861328,129.82000732421875,129.8699951171875,4203,0.0,0.0
2024-05-31 10:59:00-04:00,129.86000061035156,129.9499969482422,129.7899932861328,129.9499969482422,2130,0.0,0.0
2024-05-31 11:00:00-04:00,129.91000366210938,129.9499969482422,129.91000366210938,129.9499969482422,1936,0.0,0.0
2024-05-31 11:01:00-04:00,129.89500427246094,129.89500427246094,129.89500427246094,129.89500427246094,205,0.0,0.0
2024-05-31 11:02:00-04:00,129.91000366210938,130.0,129.91000366210938,129.9499969482422,1254,0.0,0.0
2024-05-31 11:03:00-04:00,129.82000732421875,129.85000610351562,129.77999877929688,129.83999633789062,2131,0.0,0.0
2024-05-31 11:04:00-04:00,129.83999633789062,129.86000061035156,129.7899932861328,129.8249969482422,2279,0.0,0.0
2024-05-31 11:05:00-04:00,129.8699951171875,129.97000122070312,129.86419677734375,129.9499969482422,3011,0.0,0.0
2024-05-31 11:06:00-04:00,129.99000549316406,129.99000549316406,129.92999267578125,129.92999267578125,586,0.0,0.0
2024-05-31 11:07:00-04:00,130.0,130.0,130.0,130.0,215,0.0,0.0
2024-05-31 11:08:00-04:00,129.9199981689453,129.99000549316406,129.9199981689453,129.99000549316406,1306,0.0,0.0
2024-05-31 11:09:00-04:00,129.9499969482422,130.0399932861328,129.92999267578125,130.0399932861328,2868,0.0,0.0
2024-05-31 11:10:00-04:00,129.9499969482422,130.08999633789062,129.9499969482422,130.0800018310547,5214,0.0,0.0
2024-05-31 11:11:00-04:00,130.06500244140625,130.1199951171875,130.06500244140625,130.08999633789062,1240,0.0,0.0
2024-05-31 11:12:00-04:00,130.08999633789062,130.08999633789062,129.94500732421875,130.00999450683594,5782,0.0,0.0
2024-05-31 11:13:00-04:00,130.10000610351562,130.13999938964844,130.10000610351562,130.13999938964844,1123,0.0,0.0
2024-05-31 11:14:00-04:00,130.1199951171875,130.1199951171875,130.1199951171875,130.1199951171875,446,0.0,0.0
2024-05-31 11:15:00-04:00,130.1300048828125,130.1300048828125,130.02999877929688,130.02999877929688,5087,0.0,0.0
2024-05-31 11:16:00-04:00,130.052001953125,130.052001953125,129.91000366210938,129.94000244140625,3053,0.0,0.0
2024-05-31 11:17:00-04:00,129.89999389648438,129.89999389648438,129.7899932861328,129.8000030517578,1930,0.0,0.0
2024-05-31 11:18:00-04:00,129.85000610351562,129.85000610351562,129.7550048828125,129.7550048828125,389,0.0,0.0
2024-05-31 11:19:00-04:00,129.79640197753906,129.79640197753906,129.72000122070312,129.72000122070312,2764,0.0,0.0
2024-05-31 11:21:00-04:00,129.75999450683594,129.75999450683594,129.7100067138672,129.7449951171875,919,0.0,0.0
2024-05-31 11:22:00-04:00,129.75,129.77000427246094,129.75,129.77000427246094,384,0.0,0.0
2024-05-31 11:23:00-04:00,129.77999877929688,129.85000610351562,129.74000549316406,129.85000610351562,2020,0.0,0.0
2024-05-31 11:24:00-04:00,129.75999450683594,129.75999450683594,129.75999450683594,129.75999450683594,574,0.0,0.0
2024-05-31 11:25:00-04:00,129.67999267578125,129.68499755859375,129.66000366210938,129.66000366210938,657,0.0,0.0
2024-05-31 11:26:00-04:00,129.69000244140625,129.77000427246094,129.69000244140625,129.77000427246094,1714,0.0,0.0
2024-05-31 11:27:00-04:00,129.77000427246094,129.89999389648438,129.75999450683594,129.89999389648438,1454,0.0,0.0
2024-05-31 11:28:00-04:00,129.91000366210938,129.91000366210938,129.89999389648438,129.89999389648438,336,0.0,0.0
2024-05-31 11:29:00-04:00,129.97999572753906,130.00999450683594,129.9499969482422,130.0,2200,0.0,0.0
2024-05-31 11:30:00-04:00,129.9499969482422,130.0399932861328,129.9499969482422,130.0399932861328,2661,0.0,0.0
2024-05-31 11:31:00-04:00,129.94000244140625,129.94500732421875,129.93499755859375,129.93499755859375,812,0.0,0.0
2024-05-31 11:32:00-04:00,129.88999938964844,129.89999389648438,129.88999938964844,129.89999389648438,956,0.0,0.0
2024-05-31 11:33:00-04:00,129.875,129.92990112304688,129.80999755859375,129.86500549316406,2619,0.0,0.0
2024-05-31 11:34:00-04:00,129.89999389648438,129.9499969482422,129.89999389648438,129.9499969482422,1329,0.0,0.0
2024-05-31 11:35:00-04:00,129.960205078125,129.960205078125,129.94500732421875,129.9499969482422,628,0.0,0.0
2024-05-31 11:36:00-04:00,129.9499969482422,129.9499969482422,129.82000732421875,129.82000732421875,2469,0.0,0.0
2024-05-31 11:37:00-04:00,129.8000030517578,129.8000030517578,129.6999969482422,129.6999969482422,2739,0.0,0.0
2024-05-31 11:38:00-04:00,129.75,129.75,129.75,129.75,742,0.0,0.0
2024-05-31 11:39:00-04:00,129.8000030517578,129.88999938964844,129.8000030517578,129.88999938964844,1305,0.0,0.0
2024-05-31 11:40:00-04:00,129.9199981689453,129.9199981689453,129.9199981689453,129.9199981689453,101,0.0,0.0
2024-05-31 11:41:00-04:00,129.90499877929688,129.91000366210938,129.8699951171875,129.91000366210938,1592,0.0,0.0
2024-05-31 11:42:00-04:00,129.89999389648438,129.89999389648438,129.86000061035156,129.86000061035156,729,0.0,0.0
2024-05-31 11:43:00-04:00,129.8699951171875,129.94500732421875,129.8699951171875,129.94500732421875,812,0.0,0.0
2024-05-31 11:44:00-04:00,129.9600067138672,129.9600067138672,129.9600067138672,129.9600067138672,565,0.0,0.0
2024-05-31 11:45:00-04:00,129.97500610351562,130.02000427246094,129.97500610351562,130.02000427246094,457,0.0,0.0
2024-05-31 11:46:00-04:00,129.97999572753906,129.97999572753906,129.93499755859375,129.9600067138672,1552,0.0,0.0
2024-05-31 11:47:00-04:00,129.92999267578125,129.92999267578125,129.92999267578125,129.92999267578125,719,0.0,0.0
2024-05-31 11:49:00-04:00,129.89500427246094,129.9199981689453,129.89500427246094,129.9199981689453,2099,0.0,0.0
2024-05-31 11:50:00-04:00,129.9499969482422,129.97999572753906,129.9499969482422,129.9550018310547,1894,0.0,0.0
2024-05-31 11:51:00-04:00,129.9600067138672,129.9600067138672,129.9499969482422,129.9499969482422,625,0.0,0.0
2024-05-31 11:52:00-04:00,129.9600067138672,129.9600067138672,129.9600067138672,129.9600067138672,743,0.0,0.0
2024-05-31 11:53:00-04:00,129.88999938964844,129.9199981689453,129.88999938964844,129.9199981689453,1195,0.0,0.0
2024-05-31 11:54:00-04:00,129.85000610351562,129.9600067138672,129.85000610351562,129.87030029296875,1492,0.0,0.0
2024-05-31 11:55:00-04:00,129.85000610351562,129.85000610351562,129.77000427246094,129.77000427246094,775,0.0,0.0
2024-05-31 11:57:00-04:00,129.76499938964844,129.77999877929688,129.72000122070312,129.77000427246094,1870,0.0,0.0
2024-05-31 11:58:00-04:00,129.80999755859375,129.89999389648438,129.80999755859375,129.8699951171875,3623,0.0,0.0
2024-05-31 11:59:00-04:00,129.86500549316406,129.94000244140625,129.86399841308594,129.94000244140625,2021,0.0,0.0
2024-05-31 12:00:00-04:00,129.88999938964844,129.88999938964844,129.8800048828125,129.8800048828125,748,0.0,0.0
2024-05-31 12:01:00-04:00,129.84500122070312,129.8699951171875,129.8350067138672,129.8699951171875,1556,0.0,0.0
2024-05-31 12:02:00-04:00,129.85000610351562,129.8800048828125,129.83999633789062,129.8699951171875,1234,0.0,0.0
2024-05-31 12:03:00-04:00,129.875,129.875,129.86000061035156,129.86000061035156,798,0.0,0.0
2024-05-31 12:04:00-04:00,129.89999389648438,129.9199981689453,129.8800048828125,129.88999938964844,4910,0.0,0.0
2024-05-31 12:05:00-04:00,129.88999938964844,129.88999938964844,129.86000061035156,129.86000061035156,1512,0.0,0.0
2024-05-31 12:06:00-04:00,129.86000061035156,129.91000366210938,129.86000061035156,129.89999389648438,1567,0.0,0.0
2024-05-31 12:07:00-04:00,129.92999267578125,129.92999267578125,129.91000366210938,129.91000366210938,1270,0.0,0.0
2024-05-31 12:08:00-04:00,129.97000122070312,130.02000427246094,129.9300994873047,130.00999450683594,5551,0.0,0.0
2024-05-31 12:09:00-04:00,130.01499938964844,130.0399932861328,129.97999572753906,130.0399932861328,573,0.0,0.0
2024-05-31 12:10:00-04:00,130.0,130.0,129.97000122070312,129.97000122070312,1822,0.0,0.0
2024-05-31 12:11:00-04:00,129.9499969482422,130.02000427246094,129.9499969482422,130.0,2067,0.0,0.0
2024-05-31 12:12:00-04:00,129.98500061035156,130.01260375976562,129.98500061035156,130.0,1411,0.0,0.0
2024-05-31 12:13:00-04:00,129.97999572753906,129.97999572753906,129.89999389648438,129.89999389648438,3053,0.0,0.0
2024-05-31 12:14:00-04:00,129.89999389648438,129.89999389648438,129.89999389648438,129.89999389648438,573,0.0,0.0
2024-05-31 12:15:00-04:00,129.85000610351562,129.86000061035156,129.81500244140625,129.81500244140625,1689,0.0,0.0
2024-05-31 12:16:00-04:00,129.8249969482422,129.8300018310547,129.7899932861328,129.8000030517578,3083,0.0,0.0
2024-05-31 12:17:00-04:00,129.75999450683594,129.77499389648438,129.75,129.7550048828125,661,0.0,0.0
2024-05-31 12:18:00-04:00,129.7574005126953,129.8000030517578,129.73019409179688,129.8000030517578,785,0.0,0.0
2024-05-31 12:19:00-04:00,129.8249969482422,129.90989685058594,129.8249969482422,129.90989685058594,1128,0.0,0.0
2024-05-31 12:20:00-04:00,129.88499450683594,129.93499755859375,129.8800048828125,129.93499755859375,1899,0.0,0.0
2024-05-31 12:21:00-04:00,129.9250030517578,129.98500061035156,129.9250030517578,129.97000122070312,663,0.0,0.0
2024-05-31 12:22:00-04:00,129.92999267578125,129.9600067138672,129.92999267578125,129.9600067138672,595,0.0,0.0
2024-05-31 12:23:00-04:00,129.97000122070312,129.97000122070312,129.9250030517578,129.94000244140625,1612,0.0,0.0
2024-05-31 12:24:00-04:00,129.95989990234375,129.97999572753906,129.94000244140625,129.94000244140625,1370,0.0,0.0
2024-05-31 12:25:00-04:00,129.94000244140625,130.0,129.92999267578125,129.9949951171875,2817,0.0,0.0
2024-05-31 12:27:00-04:00,129.97000122070312,130.00999450683594,129.97000122070312,129.97999572753906,717,0.0,0.0
2024-05-31 12:28:00-04:00,130.0050048828125,130.0500030517578,130.0,130.02000427246094,1650,0.0,0.0
2024-05-31 12:29:00-04:00,130.00999450683594,130.02999877929688,130.00999450683594,130.00999450683594,1477,0.0,0.0
2024-05-31 12:30:00-04:00,130.0,130.0399932861328,130.0,130.00999450683594,774,0.0,0.0
2024-05-31 12:31:00-04:00,130.00999450683594,130.05999755859375,130.00999450683594,130.03500366210938,2437,0.0,0.0
2024-05-31 12:32:00-04:00,130.02000427246094,130.02000427246094,129.97999572753906,129.97999572753906,968,0.0,0.0
2024-05-31 12:33:00-04:00,129.97999572753906,129.97999572753906,129.9600067138672,129.9600067138672,423,0.0,0.0
2024-05-31 12:34:00-04:00,129.97000122070312,130.0399932861328,129.97000122070312,130.0399932861328,2078,0.0,0.0
2024-05-31 12:35:00-04:00,130.00999450683594,130.05999755859375,130.00999450683594,130.02999877929688,747,0.0,0.0
2024-05-31 12:36:00-04:00,130.02999877929688,130.02999877929688,129.97999572753906,129.97999572753906,1926,0.0,0.0
2024-05-31 12:37:00-04:00,129.99000549316406,129.99000549316406,129.97999572753906,129.97999572753906,327,0.0,0.0
2024-05-31 12:38:00-04:00,129.97000122070312,129.97999572753906,129.9499969482422,129.9600067138672,1956,0.0,0.0
2024-05-31 12:39:00-04:00,129.94000244140625,129.94500732421875,129.94000244140625,129.94500732421875,872,0.0,0.0
2024-05-31 12:40:00-04:00,129.9499969482422,130.0050048828125,129.9499969482422,129.968994140625,2130,0.0,0.0
2024-05-31 12:41:00-04:00,129.9499969482422,129.9499969482422,129.74000549316406,129.8300018310547,6234,0.0,0.0
2024-05-31 12:42:00-04:00,129.8300018310547,129.8300018310547,129.75999450683594,129.75999450683594,1324,0.0,0.0
2024-05-31 12:43:00-04:00,129.67999267578125,129.67999267578125,129.6300048828125,129.6300048828125,655,0.0,0.0
2024-05-31 12:44:00-04:00,129.6300048828125,129.63999938964844,129.60000610351562,129.61500549316406,1917,0.0,0.0
2024-05-31 12:45:00-04:00,129.6199951171875,129.64999389648438,129.6199951171875,129.64999389648438,1294,0.0,0.0
2024-05-31 12:46:00-04:00,129.6999969482422,129.6999969482422,129.6999969482422,129.6999969482422,174,0.0,0.0
2024-05-31 12:47:00-04:00,129.71499633789062,129.75,129.6699981689453,129.6699981689453,2473,0.0,0.0
2024-05-31 12:48:00-04:00,129.69000244140625,129.69000244140625,129.6699981689453,129.6699981689453,1820,0.0,0.0
2024-05-31 12:49:00-04:00,129.7100067138672,129.8000030517578,129.7100067138672,129.8000030517578,2449,0.0,0.0
2024-05-31 12:50:00-04:00,129.8000030517578,129.8000030517578,129.75999450683594,129.77000427246094,2208,0.0,0.0
2024-05-31 12:51:00-04:00,129.7899932861328,129.7899932861328,129.72000122070312,129.72000122070312,1447,0.0,0.0
2024-05-31 12:52:00-04:00,129.75,129.77999877929688,129.75,129.75999450683594,1423,0.0,0.0
2024-05-31 12:55:00-04:00,129.72000122070312,129.80499267578125,129.72000122070312,129.7899932861328,1961,0.0,0.0
2024-05-31 12:56:00-04:00,129.6999969482422,129.72000122070312,129.67999267578125,129.67999267578125,1537,0.0,0.0
2024-05-31 12:57:00-04:00,129.6999969482422,129.7100067138672,129.6750030517578,129.6750030517578,1178,0.0,0.0
2024-05-31 12:58:00-04:00,129.69000244140625,129.69000244140625,129.66000366210938,129.66000366210938,1666,0.0,0.0
2024-05-31 12:59:00-04:00,129.6699981689453,129.6699981689453,129.64500427246094,129.64500427246094,400,0.0,0.0
2024-05-31 13:00:00-04:00,129.6699981689453,129.72000122070312,129.6699981689453,129.72000122070312,1599,0.0,0.0
2024-05-31 13:01:00-04:00,129.74569702148438,129.74569702148438,129.74569702148438,129.74569702148438,895,0.0,0.0
2024-05-31 13:02:00-04:00,129.6999969482422,129.72000122070312,129.66000366210938,129.66000366210938,1358,0.0,0.0
2024-05-31 13:03:00-04:00,129.64999389648438,129.64999389648438,129.6199951171875,129.6199951171875,1195,0.0,0.0
2024-05-31 13:04:00-04:00,129.63999938964844,129.63999938964844,129.6300048828125,129.6300048828125,1100,0.0,0.0
2024-05-31 13:05:00-04:00,129.60000610351562,129.6199951171875,129.57000732421875,129.57000732421875,963,0.0,0.0
2024-05-31 13:06:00-04:00,129.58999633789062,129.58999633789062,129.5749969482422,129.58999633789062,1571,0.0,0.0
2024-05-31 13:07:00-04:00,129.6300048828125,129.64999389648438,129.6199951171875,129.64999389648438,709,0.0,0.0
2024-05-31 13:08:00-04:00,129.65499877929688,129.71359252929688,129.65499877929688,129.6999969482422,923,0.0,0.0
2024-05-31 13:09:00-04:00,129.67999267578125,129.67999267578125,129.64500427246094,129.64500427246094,949,0.0,0.0
2024-05-31 13:10:00-04:00,129.63760375976562,129.7100067138672,129.63760375976562,129.7100067138672,2292,0.0,0.0
2024-05-31 13:11:00-04:00,129.7100067138672,129.7100067138672,129.7100067138672,129.7100067138672,1167,0.0,0.0
2024-05-31 13:12:00-04:00,129.63999938964844,129.69000244140625,129.6215057373047,129.69000244140625,1669,0.0,0.0
2024-05-31 13:13:00-04:00,129.7100067138672,129.72000122070312,129.69500732421875,129.72000122070312,1330,0.0,0.0
2024-05-31 13:14:00-04:00,129.74000549316406,129.77999877929688,129.74000549316406,129.77999877929688,2509,0.0,0.0
2024-05-31 13:15:00-04:00,129.8300018310547,129.83999633789062,129.8300018310547,129.8350067138672,839,0.0,0.0
2024-05-31 13:16:00-04:00,129.80999755859375,129.89999389648438,129.77999877929688,129.875,3673,0.0,0.0
2024-05-31 13:17:00-04:00,129.85000610351562,129.8699951171875,129.85000610351562,129.8699951171875,2032,0.0,0.0
2024-05-31 13:18:00-04:00,129.85000610351562,129.86000061035156,129.8000030517578,129.8000030517578,1206,0.0,0.0
2024-05-31 13:19:00-04:00,129.83999633789062,129.83999633789062,129.8000030517578,129.8000030517578,2614,0.0,0.0
2024-05-31 13:20:00-04:00,129.81500244140625,129.82000732421875,129.8000030517578,129.82000732421875,1458,0.0,0.0
2024-05-31 13:21:00-04:00,129.8000030517578,129.80999755859375,129.8000030517578,129.80999755859375,1170,0.0,0.0
2024-05-31 13:22:00-04:00,129.77000427246094,129.77000427246094,129.75999450683594,129.75999450683594,709,0.0,0.0
2024-05-31 13:23:00-04:00,129.75840759277344,129.80999755859375,129.75840759277344,129.8000030517578,1442,0.0,0.0
2024-05-31 13:24:00-04:00,129.75,129.75,129.7050018310547,129.72000122070312,2831,0.0,0.0
2024-05-31 13:25:00-04:00,129.75999450683594,129.75999450683594,129.75999450683594,129.75999450683594,736,0.0,0.0
2024-05-31 13:27:00-04:00,129.8000030517578,129.94000244140625,129.8000030517578,129.94000244140625,2786,0.0,0.0
2024-05-31 13:29:00-04:00,129.9600067138672,130.0,129.9499969482422,130.0,1376,0.0,0.0
2024-05-31 13:31:00-04:00,130.02000427246094,130.02499389648438,130.0,130.02499389648438,1230,0.0,0.0
2024-05-31 13:32:00-04:00,130.0399932861328,130.0399932861328,130.0399932861328,130.0399932861328,271,0.0,0.0
2024-05-31 13:33:00-04:00,130.02000427246094,130.03500366210938,130.02000427246094,130.03500366210938,289,0.0,0.0
2024-05-31 13:34:00-04:00,130.02000427246094,130.02000427246094,130.02000427246094,130.02000427246094,310,0.0,0.0
2024-05-31 13:35:00-04:00,130.01499938964844,130.01499938964844,130.01499938964844,130.01499938964844,303,0.0,0.0
2024-05-31 13:36:00-04:00,130.01499938964844,130.0500030517578,129.97999572753906,129.97999572753906,2683,0.0,0.0
2024-05-31 13:37:00-04:00,129.97000122070312,129.97000122070312,129.9199981689453,129.9199981689453,2818,0.0,0.0
2024-05-31 13:38:00-04:00,129.89999389648438,129.91000366210938,129.89999389648438,129.91000366210938,766,0.0,0.0
2024-05-31 13:39:00-04:00,129.94000244140625,129.94000244140625,129.94000244140625,129.94000244140625,1256,0.0,0.0
2024-05-31 13:40:00-04:00,129.83999633789062,129.83999633789062,129.81500244140625,129.81500244140625,1482,0.0,0.0
2024-05-31 13:41:00-04:00,129.80499267578125,129.80499267578125,129.80499267578125,129.80499267578125,567,0.0,0.0
2024-05-31 13:42:00-04:00,129.80999755859375,129.85000610351562,129.80999755859375,129.85000610351562,843,0.0,0.0
2024-05-31 13:43:00-04:00,129.86000061035156,129.86000061035156,129.8249969482422,129.8249969482422,1199,0.0,0.0
2024-05-31 13:44:00-04:00,129.83999633789062,129.83999633789062,129.83999633789062,129.83999633789062,263,0.0,0.0
2024-05-31 13:45:00-04:00,129.83999633789062,129.89999389648438,129.83999633789062,129.89999389648438,1955,0.0,0.0
2024-05-31 13:46:00-04:00,129.88999938964844,129.9199981689453,129.88999938964844,129.89999389648438,1738,0.0,0.0
2024-05-31 13:47:00-04:00,129.8699951171875,129.8699951171875,129.8699951171875,129.8699951171875,440,0.0,0.0
2024-05-31 13:48:00-04:00,129.84500122070312,129.85000610351562,129.84500122070312,129.85000610351562,1277,0.0,0.0
2024-05-31 13:49:00-04:00,129.8699951171875,129.8699951171875,129.83999633789062,129.83999633789062,1979,0.0,0.0
2024-05-31 13:50:00-04:00,129.8000030517578,129.8350067138672,129.8000030517578,129.8350067138672,1018,0.0,0.0
2024-05-31 13:51:00-04:00,129.86000061035156,129.86000061035156,129.86000061035156,129.86000061035156,758,0.0,0.0
2024-05-31 13:52:00-04:00,129.83999633789062,129.86000061035156,129.82000732421875,129.86000061035156,2316,0.0,0.0
2024-05-31 13:53:00-04:00,129.82000732421875,129.82000732421875,129.82000732421875,129.82000732421875,131,0.0,0.0
2024-05-31 13:54:00-04:00,129.82000732421875,129.82000732421875,129.82000732421875,129.82000732421875,568,0.0,0.0
2024-05-31 13:55:00-04:00,129.7949981689453,129.7949981689453,129.77999877929688,129.77999877929688,1018,0.0,0.0
2024-05-31 13:56:00-04:00,129.82000732421875,129.85000610351562,129.7899932861328,129.85000610351562,3309,0.0,0.0
2024-05-31 13:57:00-04:00,129.86000061035156,129.92999267578125,129.86000061035156,129.92999267578125,1565,0.0,0.0
2024-05-31 13:58:00-04:00,129.94000244140625,129.9600067138672,129.94000244140625,129.9600067138672,612,0.0,0.0
2024-05-31 13:59:00-04:00,129.9199981689453,129.97999572753906,129.9199981689453,129.97999572753906,2375,0.0,0.0
2024-05-31 14:01:00-04:00,129.94000244140625,129.97000122070312,129.94000244140625,129.9499969482422,3498,0.0,0.0
2024-05-31 14:02:00-04:00,129.97000122070312,129.97000122070312,129.9600067138672,129.9600067138672,935,0.0,0.0
2024-05-31 14:03:00-04:00,129.92999267578125,129.9499969482422,129.92999267578125,129.9499969482422,1878,0.0,0.0
2024-05-31 14:04:00-04:00,129.97999572753906,130.02499389648438,129.9499969482422,130.0,2204,0.0,0.0
2024-05-31 14:05:00-04:00,129.9600067138672,129.9600067138672,129.9600067138672,129.9600067138672,109,0.0,0.0
2024-05-31 14:06:00-04:00,129.99000549316406,130.02999877929688,129.98500061035156,130.02999877929688,1336,0.0,0.0
2024-05-31 14:07:00-04:00,130.0,130.0,129.99000549316406,129.99000549316406,614,0.0,0.0
2024-05-31 14:08:00-04:00,129.97999572753906,130.00999450683594,129.97999572753906,129.99000549316406,1847,0.0,0.0
2024-05-31 14:09:00-04:00,129.97999572753906,129.97999572753906,129.97000122070312,129.97000122070312,433,0.0,0.0
2024-05-31 14:10:00-04:00,130.0,130.0,129.8699951171875,129.88999938964844,4305,0.0,0.0
2024-05-31 14:11:00-04:00,129.8800048828125,129.91000366210938,129.72500610351562,129.77999877929688,4873,0.0,0.0
2024-05-31 14:12:00-04:00,129.74000549316406,129.8000030517578,129.7100067138672,129.7100067138672,1820,0.0,0.0
2024-05-31 14:13:00-04:00,129.72999572753906,129.80999755859375,129.69000244140625,129.75999450683594,3711,0.0,0.0
2024-05-31 14:14:00-04:00,129.75,129.8800048828125,129.75,129.8800048828125,2488,0.0,0.0
2024-05-31 14:15:00-04:00,129.87010192871094,129.87010192871094,129.84500122070312,129.84500122070312,1187,0.0,0.0
2024-05-31 14:16:00-04:00,129.86000061035156,129.86000061035156,129.7449951171875,129.7449951171875,4184,0.0,0.0
2024-05-31 14:17:00-04:00,129.75999450683594,129.8000030517578,129.72999572753906,129.7449951171875,4430,0.0,0.0
2024-05-31 14:18:00-04:00,129.75999450683594,129.8000030517578,129.72999572753906,129.77999877929688,1860,0.0,0.0
2024-05-31 14:19:00-04:00,129.7899932861328,129.8300018310547,129.77000427246094,129.8300018310547,1864,0.0,0.0
2024-05-31 14:20:00-04:00,129.8300018310547,129.8300018310547,129.8300018310547,129.8300018310547,535,0.0,0.0
2024-05-31 14:21:00-04:00,129.8300018310547,129.85000610351562,129.8000030517578,129.8000030517578,3900,0.0,0.0
2024-05-31 14:22:00-04:00,129.8300018310547,129.8800048828125,129.82000732421875,129.8800048828125,1275,0.0,0.0
2024-05-31 14:23:00-04:00,129.88999938964844,129.89999389648438,129.8699951171875,129.89999389648438,1068,0.0,0.0
2024-05-31 14:24:00-04:00,129.8800048828125,129.89999389648438,129.8699951171875,129.8800048828125,3086,0.0,0.0
2024-05-31 14:25:00-04:00,129.8300018310547,129.8300018310547,129.8300018310547,129.8300018310547,643,0.0,0.0
2024-05-31 14:26:00-04:00,129.7899932861328,129.80999755859375,129.77000427246094,129.77999877929688,2434,0.0,0.0
2024-05-31 14:27:00-04:00,129.7899932861328,129.8300018310547,129.74000549316406,129.8300018310547,3726,0.0,0.0
2024-05-31 14:28:00-04:00,129.85499572753906,129.85499572753906,129.8300018310547,129.8300018310547,734,0.0,0.0
2024-05-31 14:29:00-04:00,129.8000030517578,129.8000030517578,129.7899932861328,129.8000030517578,1422,0.0,0.0
2024-05-31 14:30:00-04:00,129.86500549316406,129.94000244140625,129.86500549316406,129.94000244140625,1877,0.0,0.0
2024-05-31 14:31:00-04:00,129.97000122070312,129.97999572753906,129.97000122070312,129.97999572753906,1285,0.0,0.0
2024-05-31 14:32:00-04:00,129.97999572753906,129.97999572753906,129.9499969482422,129.9499969482422,228,0.0,0.0
2024-05-31 14:33:00-04:00,129.9499969482422,129.97000122070312,129.89999389648438,129.9499969482422,3766,0.0,0.0
2024-05-31 14:34:00-04:00,130.0,130.05499267578125,129.99000549316406,129.99000549316406,2013,0.0,0.0
2024-05-31 14:35:00-04:00,130.0050048828125,130.0500030517578,130.0,130.0500030517578,2413,0.0,0.0
2024-05-31 14:36:00-04:00,130.05999755859375,130.10000610351562,130.0500030517578,130.07000732421875,1693,0.0,0.0
2024-05-31 14:37:00-04:00,130.0800018310547,130.11000061035156,130.0780029296875,130.0780029296875,2912,0.0,0.0
2024-05-31 14:38:00-04:00,130.08999633789062,130.1300048828125,130.08999633789062,130.11000061035156,2863,0.0,0.0
2024-05-31 14:39:00-04:00,130.11000061035156,130.11000061035156,130.08999633789062,130.08999633789062,1039,0.0,0.0
2024-05-31 14:40:00-04:00,130.1199951171875,130.1300048828125,130.1199951171875,130.1300048828125,1031,0.0,0.0
2024-05-31 14:41:00-04:00,130.1302947998047,130.14500427246094,130.1302947998047,130.14500427246094,780,0.0,0.0
2024-05-31 14:42:00-04:00,130.14500427246094,130.1750030517578,130.1199951171875,130.1199951171875,3017,0.0,0.0
2024-05-31 14:43:00-04:00,130.13999938964844,130.15139770507812,130.1300048828125,130.1300048828125,1942,0.0,0.0
2024-05-31 14:44:00-04:00,130.10000610351562,130.16000366210938,130.10000610351562,130.16000366210938,1390,0.0,0.0
2024-05-31 14:45:00-04:00,130.1699981689453,130.1999969482422,130.1699981689453,130.1999969482422,2222,0.0,0.0
2024-05-31 14:46:00-04:00,130.2050018310547,130.2050018310547,130.19000244140625,130.19000244140625,1571,0.0,0.0
2024-05-31 14:47:00-04:00,130.22999572753906,130.25,130.21499633789062,130.22999572753906,2446,0.0,0.0
2024-05-31 14:48:00-04:00,130.22500610351562,130.22500610351562,130.13999938964844,130.13999938964844,3167,0.0,0.0
2024-05-31 14:49:00-04:00,130.13499450683594,130.13499450683594,130.10000610351562,130.1199951171875,1457,0.0,0.0
2024-05-31 14:50:00-04:00,130.13999938964844,130.14999389648438,130.13999938964844,130.14999389648438,571,0.0,0.0
2024-05-31 14:51:00-04:00,130.1199951171875,130.15499877929688,130.1199951171875,130.15499877929688,1329,0.0,0.0
2024-05-31 14:52:00-04:00,130.16000366210938,130.23500061035156,130.16000366210938,130.1999969482422,1996,0.0,0.0
2024-05-31 14:53:00-04:00,130.24000549316406,130.24000549316406,130.24000549316406,130.24000549316406,307,0.0,0.0
2024-05-31 14:54:00-04:00,130.2100067138672,130.22000122070312,130.2100067138672,130.21499633789062,2218,0.0,0.0
2024-05-31 14:55:00-04:00,130.2100067138672,130.27000427246094,130.2100067138672,130.27000427246094,1534,0.0,0.0
2024-05-31 14:56:00-04:00,130.22999572753906,130.22999572753906,130.2100067138672,130.2100067138672,1134,0.0,0.0
2024-05-31 14:57:00-04:00,130.22000122070312,130.2449951171875,130.19000244140625,130.22000122070312,3932,0.0,0.0
2024-05-31 14:58:00-04:00,130.21499633789062,130.2899932861328,130.21499633789062,130.2899932861328,1417,0.0,0.0
2024-05-31 14:59:00-04:00,130.26080322265625,130.26080322265625,130.24000549316406,130.24000549316406,2358,0.0,0.0
2024-05-31 15:00:00-04:00,130.24000549316406,130.26499938964844,130.1999969482422,130.26499938964844,2562,0.0,0.0
2024-05-31 15:01:00-04:00,130.24000549316406,130.27499389648438,130.1999969482422,130.1999969482422,4568,0.0,0.0
2024-05-31 15:02:00-04:00,130.1999969482422,130.22999572753906,130.1999969482422,130.22999572753906,2164,0.0,0.0
2024-05-31 15:03:00-04:00,130.19000244140625,130.25,130.18499755859375,130.25,1882,0.0,0.0
2024-05-31 15:04:00-04:00,130.22999572753906,130.3000030517578,130.22999572753906,130.25999450683594,1775,0.0,0.0
2024-05-31 15:05:00-04:00,130.2899932861328,130.3000030517578,130.2606964111328,130.27999877929688,1051,0.0,0.0
2024-05-31 15:06:00-04:00,130.25999450683594,130.25999450683594,130.2100067138672,130.22999572753906,4550,0.0,0.0
2024-05-31 15:07:00-04:00,130.22000122070312,130.30999755859375,130.22000122070312,130.30999755859375,2215,0.0,0.0
2024-05-31 15:08:00-04:00,130.3699951171875,130.39999389648438,130.3699951171875,130.39999389648438,1049,0.0,0.0
2024-05-31 15:09:00-04:00,130.38999938964844,130.38999938964844,130.3800048828125,130.3800048828125,1119,0.0,0.0
2024-05-31 15:10:00-04:00,130.33689880371094,130.36000061035156,130.33689880371094,130.36000061035156,752,0.0,0.0
2024-05-31 15:11:00-04:00,130.35499572753906,130.36000061035156,130.2624969482422,130.2624969482422,3267,0.0,0.0
2024-05-31 15:12:00-04:00,130.25999450683594,130.3197021484375,130.24000549316406,130.3000030517578,1840,0.0,0.0
2024-05-31 15:13:00-04:00,130.3300018310547,130.3800048828125,130.31500244140625,130.31500244140625,2439,0.0,0.0
2024-05-31 15:14:00-04:00,130.3300018310547,130.3300018310547,130.30999755859375,130.3249969482422,690,0.0,0.0
2024-05-31 15:15:00-04:00,130.3300018310547,130.3350067138672,130.3300018310547,130.3300018310547,1087,0.0,0.0
2024-05-31 15:16:00-04:00,130.35000610351562,130.3800048828125,130.3000030517578,130.3000030517578,1986,0.0,0.0
2024-05-31 15:17:00-04:00,130.3000030517578,130.3699951171875,130.3000030517578,130.3699951171875,1700,0.0,0.0
2024-05-31 15:18:00-04:00,130.32000732421875,130.35000610351562,130.32000732421875,130.3249969482422,997,0.0,0.0
2024-05-31 15:19:00-04:00,130.33999633789062,130.34500122070312,130.32000732421875,130.32000732421875,866,0.0,0.0
2024-05-31 15:20:00-04:00,130.3300018310547,130.3699951171875,130.32000732421875,130.36500549316406,2682,0.0,0.0
2024-05-31 15:21:00-04:00,130.36000061035156,130.375,130.35000610351562,130.35000610351562,1766,0.0,0.0
2024-05-31 15:22:00-04:00,130.35000610351562,130.38999938964844,130.3350067138672,130.38999938964844,5269,0.0,0.0
2024-05-31 15:23:00-04:00,130.3780059814453,130.3780059814453,130.36000061035156,130.36000061035156,1480,0.0,0.0
2024-05-31 15:24:00-04:00,130.35499572753906,130.4199981689453,130.35499572753906,130.4199981689453,3964,0.0,0.0
2024-05-31 15:25:00-04:00,130.42999267578125,130.5,130.4199981689453,130.5,3146,0.0,0.0
2024-05-31 15:26:00-04:00,130.5,130.52999877929688,130.49749755859375,130.52999877929688,1740,0.0,0.0
2024-05-31 15:27:00-04:00,130.5,130.5,130.42999267578125,130.42999267578125,2633,0.0,0.0
2024-05-31 15:28:00-04:00,130.42999267578125,130.4499969482422,130.4199981689453,130.44009399414062,1346,0.0,0.0
2024-05-31 15:29:00-04:00,130.44000244140625,130.44000244140625,130.39999389648438,130.41000366210938,3720,0.0,0.0
2024-05-31 15:30:00-04:00,130.38999938964844,130.44000244140625,130.38999938964844,130.43499755859375,1894,0.0,0.0
2024-05-31 15:31:00-04:00,130.39999389648438,130.39999389648438,130.3699951171875,130.38999938964844,4570,0.0,0.0
2024-05-31 15:32:00-04:00,130.38999938964844,130.38999938964844,130.35000610351562,130.3699951171875,4297,0.0,0.0
2024-05-31 15:33:00-04:00,130.3699951171875,130.4600067138672,130.33999633789062,130.4600067138672,6369,0.0,0.0
2024-05-31 15:34:00-04:00,130.52000427246094,130.52000427246094,130.4199981689453,130.4199981689453,2613,0.0,0.0
2024-05-31 15:35:00-04:00,130.4199981689453,130.61000061035156,130.4199981689453,130.61000061035156,3173,0.0,0.0
2024-05-31 15:36:00-04:00,130.63999938964844,130.63999938964844,130.5800018310547,130.5800018310547,4568,0.0,0.0
2024-05-31 15:37:00-04:00,130.64999389648438,130.67999267578125,130.63999938964844,130.67999267578125,1305,0.0,0.0
2024-05-31 15:38:00-04:00,130.67999267578125,130.75,130.6699981689453,130.72470092773438,3134,0.0,0.0
2024-05-31 15:39:00-04:00,130.72000122070312,130.7899932861328,130.72000122070312,130.7550048828125,4479,0.0,0.0
2024-05-31 15:40:00-04:00,130.75999450683594,130.9499969482422,130.75999450683594,130.75999450683594,17566,0.0,0.0
2024-05-31 15:41:00-04:00,130.80999755859375,130.86000061035156,130.80999755859375,130.86000061035156,3151,0.0,0.0
2024-05-31 15:42:00-04:00,130.8509979248047,130.91000366210938,130.85000610351562,130.86000061035156,5945,0.0,0.0
2024-05-31 15:43:00-04:00,130.89999389648438,130.9199981689453,130.8699951171875,130.88999938964844,2976,0.0,0.0
2024-05-31 15:44:00-04:00,130.9149932861328,131.02000427246094,130.9149932861328,131.0,4846,0.0,0.0
2024-05-31 15:45:00-04:00,130.9949951171875,131.0050048828125,130.9199981689453,130.97999572753906,4435,0.0,0.0
2024-05-31 15:46:00-04:00,131.0,131.0399932861328,131.0,131.0399932861328,8009,0.0,0.0
2024-05-31 15:47:00-04:00,131.05999755859375,131.10000610351562,131.0500030517578,131.08999633789062,8243,0.0,0.0
2024-05-31 15:48:00-04:00,131.1199951171875,131.1199951171875,131.0500030517578,131.0500030517578,4656,0.0,0.0
2024-05-31 15:49:00-04:00,131.05999755859375,131.05999755859375,130.9550018310547,131.00999450683594,9024,0.0,0.0
2024-05-31 15:50:00-04:00,130.99000549316406,131.15499877929688,130.9250030517578,131.00999450683594,37817,0.0,0.0
2024-05-31 15:51:00-04:00,130.9600067138672,131.07000732421875,130.91000366210938,131.02999877929688,6014,0.0,0.0
2024-05-31 15:52:00-04:00,131.02499389648438,131.0500030517578,130.99000549316406,131.0500030517578,10092,0.0,0.0
2024-05-31 15:53:00-04:00,131.0500030517578,131.19000244140625,131.0500030517578,131.1649932861328,11261,0.0,0.0
2024-05-31 15:54:00-04:00,131.14999389648438,131.17999267578125,131.0500030517578,131.0800018310547,12182,0.0,0.0
2024-05-31 15:55:00-04:00,131.10000610351562,131.4199981689453,131.10000610351562,131.39999389648438,19914,0.0,0.0
2024-05-31 15:56:00-04:00,131.38999938964844,131.4199981689453,131.36000061035156,131.4199981689453,15821,0.0,0.0
2024-05-31 15:57:00-04:00,131.41000366210938,131.42999267578125,131.3800048828125,131.38999938964844,16831,0.0,0.0
2024-05-31 15:58:00-04:00,131.3699951171875,131.41000366210938,131.35000610351562,131.38999938964844,20292,0.0,0.0
2024-05-31 15:59:00-04:00,131.39999389648438,131.6300048828125,131.35000610351562,131.5800018310547,75033,0.0,0.0
