Datetime,Open,High,Low,Close,Volume,Dividends,Stock Splits
2024-05-28 09:30:00-04:00,6.059999942779541,6.079999923706055,6.0,6.0,784531,0.0,0.0
2024-05-28 09:31:00-04:00,6.005000114440918,6.010000228881836,5.970099925994873,5.994999885559082,119609,0.0,0.0
2024-05-28 09:32:00-04:00,5.994999885559082,6.0,5.929999828338623,5.980000019073486,329717,0.0,0.0
2024-05-28 09:33:00-04:00,5.970099925994873,6.0,5.96999979019165,5.994999885559082,67576,0.0,0.0
2024-05-28 09:34:00-04:00,5.989999771118164,6.010000228881836,5.945000171661377,5.945000171661377,101942,0.0,0.0
2024-05-28 09:35:00-04:00,5.949999809265137,5.96999979019165,5.945000171661377,5.949999809265137,45497,0.0,0.0
2024-05-28 09:36:00-04:00,5.949999809265137,5.960000038146973,5.929999828338623,5.929999828338623,72748,0.0,0.0
2024-05-28 09:37:00-04:00,5.920000076293945,5.925000190734863,5.909999847412109,5.920000076293945,22279,0.0,0.0
2024-05-28 09:38:00-04:00,5.929900169372559,5.960000038146973,5.925000190734863,5.940000057220459,57188,0.0,0.0
2024-05-28 09:39:00-04:00,5.940000057220459,5.940000057220459,5.914999961853027,5.934999942779541,64701,0.0,0.0
2024-05-28 09:40:00-04:00,5.934999942779541,5.960000038146973,5.934999942779541,5.949999809265137,43639,0.0,0.0
2024-05-28 09:41:00-04:00,5.945000171661377,5.96999979019165,5.942399978637695,5.965000152587891,20764,0.0,0.0
2024-05-28 09:42:00-04:00,5.96999979019165,5.989999771118164,5.960000038146973,5.9899001121521,55654,0.0,0.0
2024-05-28 09:43:00-04:00,5.989999771118164,6.010000228881836,5.989999771118164,5.9994001388549805,110824,0.0,0.0
2024-05-28 09:44:00-04:00,5.994999885559082,6.03000020980835,5.989999771118164,5.999599933624268,79831,0.0,0.0
2024-05-28 09:45:00-04:00,5.989999771118164,5.994999885559082,5.96999979019165,5.974999904632568,46365,0.0,0.0
2024-05-28 09:46:00-04:00,5.980000019073486,5.980000019073486,5.960000038146973,5.965000152587891,32565,0.0,0.0
2024-05-28 09:47:00-04:00,5.96999979019165,5.96999979019165,5.960000038146973,5.965000152587891,13621,0.0,0.0
2024-05-28 09:48:00-04:00,5.969900131225586,5.969900131225586,5.940000057220459,5.945000171661377,84533,0.0,0.0
2024-05-28 09:49:00-04:00,5.945000171661377,5.949999809265137,5.930500030517578,5.934999942779541,18157,0.0,0.0
2024-05-28 09:50:00-04:00,5.934999942779541,5.960000038146973,5.934999942779541,5.949999809265137,22994,0.0,0.0
2024-05-28 09:51:00-04:00,5.954999923706055,5.980000019073486,5.940000057220459,5.980000019073486,60091,0.0,0.0
2024-05-28 09:52:00-04:00,5.980000019073486,5.989999771118164,5.96999979019165,5.980000019073486,65903,0.0,0.0
2024-05-28 09:53:00-04:00,5.989299774169922,5.994999885559082,5.980000019073486,5.980100154876709,21582,0.0,0.0
2024-05-28 09:54:00-04:00,5.980100154876709,5.980100154876709,5.960000038146973,5.96999979019165,37227,0.0,0.0
2024-05-28 09:55:00-04:00,5.96999979019165,5.979499816894531,5.960000038146973,5.96999979019165,29254,0.0,0.0
2024-05-28 09:56:00-04:00,5.96999979019165,5.96999979019165,5.935500144958496,5.935500144958496,47624,0.0,0.0
2024-05-28 09:57:00-04:00,5.940000057220459,5.949999809265137,5.920000076293945,5.929900169372559,49723,0.0,0.0
2024-05-28 09:58:00-04:00,5.925000190734863,5.934999942779541,5.920000076293945,5.925000190734863,19489,0.0,0.0
2024-05-28 09:59:00-04:00,5.929999828338623,5.940000057220459,5.920000076293945,5.940000057220459,31215,0.0,0.0
2024-05-28 10:00:00-04:00,5.938000202178955,5.940000057220459,5.889999866485596,5.900000095367432,60653,0.0,0.0
2024-05-28 10:01:00-04:00,5.894999980926514,5.920000076293945,5.894999980926514,5.909999847412109,62301,0.0,0.0
2024-05-28 10:02:00-04:00,5.910099983215332,5.910099983215332,5.889999866485596,5.900000095367432,21601,0.0,0.0
2024-05-28 10:03:00-04:00,5.900000095367432,5.900000095367432,5.880000114440918,5.900000095367432,34441,0.0,0.0
2024-05-28 10:04:00-04:00,5.894999980926514,5.894999980926514,5.869999885559082,5.879899978637695,45528,0.0,0.0
2024-05-28 10:05:00-04:00,5.869999885559082,5.878499984741211,5.840000152587891,5.8470001220703125,40881,0.0,0.0
2024-05-28 10:06:00-04:00,5.840000152587891,5.864999771118164,5.840000152587891,5.860000133514404,43424,0.0,0.0
2024-05-28 10:07:00-04:00,5.860000133514404,5.880000114440918,5.859899997711182,5.860000133514404,38976,0.0,0.0
2024-05-28 10:08:00-04:00,5.860000133514404,5.880000114440918,5.855000019073486,5.864999771118164,82337,0.0,0.0
2024-05-28 10:09:00-04:00,5.864999771118164,5.875,5.849999904632568,5.849999904632568,32514,0.0,0.0
2024-05-28 10:10:00-04:00,5.849999904632568,5.869900226593018,5.835000038146973,5.860000133514404,42098,0.0,0.0
2024-05-28 10:11:00-04:00,5.860000133514404,5.869999885559082,5.84499979019165,5.84499979019165,22860,0.0,0.0
2024-05-28 10:12:00-04:00,5.842800140380859,5.860000133514404,5.842800140380859,5.860000133514404,40554,0.0,0.0
2024-05-28 10:13:00-04:00,5.869900226593018,5.869999885559082,5.855000019073486,5.855000019073486,25204,0.0,0.0
2024-05-28 10:14:00-04:00,5.855000019073486,5.860000133514404,5.849999904632568,5.859899997711182,26047,0.0,0.0
2024-05-28 10:15:00-04:00,5.857100009918213,5.875,5.855000019073486,5.869999885559082,30440,0.0,0.0
2024-05-28 10:16:00-04:00,5.869999885559082,5.869999885559082,5.860000133514404,5.869999885559082,20300,0.0,0.0
2024-05-28 10:17:00-04:00,5.869999885559082,5.869999885559082,5.855000019073486,5.858799934387207,108732,0.0,0.0
2024-05-28 10:18:00-04:00,5.860000133514404,5.880000114440918,5.860000133514404,5.875,39066,0.0,0.0
2024-05-28 10:19:00-04:00,5.880000114440918,5.885000228881836,5.864999771118164,5.864999771118164,120441,0.0,0.0
2024-05-28 10:20:00-04:00,5.864999771118164,5.869999885559082,5.849999904632568,5.849999904632568,12731,0.0,0.0
2024-05-28 10:21:00-04:00,5.855000019073486,5.860000133514404,5.840000152587891,5.840000152587891,38286,0.0,0.0
2024-05-28 10:22:00-04:00,5.840000152587891,5.855000019073486,5.830100059509277,5.855000019073486,39501,0.0,0.0
2024-05-28 10:23:00-04:00,5.855000019073486,5.869999885559082,5.855000019073486,5.860000133514404,33546,0.0,0.0
2024-05-28 10:24:00-04:00,5.869999885559082,5.869999885559082,5.855000019073486,5.864999771118164,14935,0.0,0.0
2024-05-28 10:25:00-04:00,5.864999771118164,5.880000114440918,5.864999771118164,5.875,25447,0.0,0.0
2024-05-28 10:26:00-04:00,5.869999885559082,5.880000114440918,5.869999885559082,5.880000114440918,4465,0.0,0.0
2024-05-28 10:27:00-04:00,5.874899864196777,5.889999866485596,5.874899864196777,5.880000114440918,24089,0.0,0.0
2024-05-28 10:28:00-04:00,5.875,5.889900207519531,5.872499942779541,5.880000114440918,21380,0.0,0.0
2024-05-28 10:29:00-04:00,5.880000114440918,5.899499893188477,5.880000114440918,5.889999866485596,41721,0.0,0.0
2024-05-28 10:30:00-04:00,5.885000228881836,5.885000228881836,5.860000133514404,5.860000133514404,39890,0.0,0.0
2024-05-28 10:31:00-04:00,5.855000019073486,5.885000228881836,5.855000019073486,5.880000114440918,46805,0.0,0.0
2024-05-28 10:32:00-04:00,5.880000114440918,5.880000114440918,5.869999885559082,5.869999885559082,4911,0.0,0.0
2024-05-28 10:33:00-04:00,5.875,5.875,5.864999771118164,5.869999885559082,11810,0.0,0.0
2024-05-28 10:34:00-04:00,5.864999771118164,5.869999885559082,5.860000133514404,5.869999885559082,27232,0.0,0.0
2024-05-28 10:35:00-04:00,5.869999885559082,5.880000114440918,5.869999885559082,5.875,17311,0.0,0.0
2024-05-28 10:36:00-04:00,5.875,5.875,5.860099792480469,5.870100021362305,26268,0.0,0.0
2024-05-28 10:37:00-04:00,5.869999885559082,5.869999885559082,5.860000133514404,5.869999885559082,12037,0.0,0.0
2024-05-28 10:38:00-04:00,5.869999885559082,5.875,5.864999771118164,5.869999885559082,21466,0.0,0.0
2024-05-28 10:39:00-04:00,5.869999885559082,5.869999885559082,5.860000133514404,5.864999771118164,13217,0.0,0.0
2024-05-28 10:40:00-04:00,5.860000133514404,5.869999885559082,5.860000133514404,5.864999771118164,3187,0.0,0.0
2024-05-28 10:41:00-04:00,5.864999771118164,5.880000114440918,5.864999771118164,5.880000114440918,45361,0.0,0.0
2024-05-28 10:42:00-04:00,5.885000228881836,5.889999866485596,5.881199836730957,5.885000228881836,10652,0.0,0.0
2024-05-28 10:43:00-04:00,5.889900207519531,5.900000095367432,5.889800071716309,5.894999980926514,20729,0.0,0.0
2024-05-28 10:44:00-04:00,5.894999980926514,5.900000095367432,5.889999866485596,5.894999980926514,8308,0.0,0.0
2024-05-28 10:45:00-04:00,5.900000095367432,5.900000095367432,5.894999980926514,5.898799896240234,15348,0.0,0.0
2024-05-28 10:46:00-04:00,5.894999980926514,5.90500020980835,5.889999866485596,5.889999866485596,26123,0.0,0.0
2024-05-28 10:47:00-04:00,5.894999980926514,5.900000095367432,5.889999866485596,5.894999980926514,5586,0.0,0.0
2024-05-28 10:48:00-04:00,5.889999866485596,5.90500020980835,5.889999866485596,5.90500020980835,20011,0.0,0.0
2024-05-28 10:49:00-04:00,5.90500020980835,5.909999847412109,5.899799823760986,5.902500152587891,28790,0.0,0.0
2024-05-28 10:50:00-04:00,5.900599956512451,5.909999847412109,5.900000095367432,5.909900188446045,2789,0.0,0.0
2024-05-28 10:51:00-04:00,5.909999847412109,5.916999816894531,5.909999847412109,5.916999816894531,42521,0.0,0.0
2024-05-28 10:52:00-04:00,5.910699844360352,5.920000076293945,5.910699844360352,5.914999961853027,6984,0.0,0.0
2024-05-28 10:53:00-04:00,5.919899940490723,5.929999828338623,5.919899940490723,5.925000190734863,21082,0.0,0.0
2024-05-28 10:54:00-04:00,5.928800106048584,5.929999828338623,5.920000076293945,5.925000190734863,7524,0.0,0.0
2024-05-28 10:55:00-04:00,5.929999828338623,5.940000057220459,5.925000190734863,5.939899921417236,20996,0.0,0.0
2024-05-28 10:56:00-04:00,5.934999942779541,5.940000057220459,5.929999828338623,5.940000057220459,34983,0.0,0.0
2024-05-28 10:57:00-04:00,5.949999809265137,5.960000038146973,5.941199779510498,5.9552001953125,32973,0.0,0.0
2024-05-28 10:58:00-04:00,5.954999923706055,5.954999923706055,5.941199779510498,5.949999809265137,47476,0.0,0.0
2024-05-28 10:59:00-04:00,5.949999809265137,5.960000038146973,5.945000171661377,5.954999923706055,19879,0.0,0.0
2024-05-28 11:00:00-04:00,5.958600044250488,5.958600044250488,5.933700084686279,5.934999942779541,19960,0.0,0.0
2024-05-28 11:01:00-04:00,5.934999942779541,5.940000057220459,5.920000076293945,5.929999828338623,35065,0.0,0.0
2024-05-28 11:02:00-04:00,5.920100212097168,5.929999828338623,5.920000076293945,5.925000190734863,11280,0.0,0.0
2024-05-28 11:03:00-04:00,5.920000076293945,5.929900169372559,5.909999847412109,5.914999961853027,10112,0.0,0.0
2024-05-28 11:04:00-04:00,5.909999847412109,5.920000076293945,5.909999847412109,5.920000076293945,4724,0.0,0.0
2024-05-28 11:05:00-04:00,5.914999961853027,5.919899940490723,5.90500020980835,5.914999961853027,27455,0.0,0.0
2024-05-28 11:06:00-04:00,5.914999961853027,5.914999961853027,5.909999847412109,5.914999961853027,3336,0.0,0.0
2024-05-28 11:07:00-04:00,5.916800022125244,5.919899940490723,5.913000106811523,5.919899940490723,3808,0.0,0.0
2024-05-28 11:08:00-04:00,5.914999961853027,5.920000076293945,5.914999961853027,5.920000076293945,11841,0.0,0.0
2024-05-28 11:09:00-04:00,5.914999961853027,5.920000076293945,5.909999847412109,5.909999847412109,3333,0.0,0.0
2024-05-28 11:10:00-04:00,5.914999961853027,5.920000076293945,5.909999847412109,5.914999961853027,18847,0.0,0.0
2024-05-28 11:11:00-04:00,5.910099983215332,5.925000190734863,5.910099983215332,5.925000190734863,26802,0.0,0.0
2024-05-28 11:12:00-04:00,5.925000190734863,5.925000190734863,5.911200046539307,5.920000076293945,39217,0.0,0.0
2024-05-28 11:13:00-04:00,5.920000076293945,5.929999828338623,5.920000076293945,5.929999828338623,15113,0.0,0.0
2024-05-28 11:14:00-04:00,5.925000190734863,5.925000190734863,5.920000076293945,5.925000190734863,1600,0.0,0.0
2024-05-28 11:15:00-04:00,5.925000190734863,5.929900169372559,5.92110013961792,5.925000190734863,20501,0.0,0.0
2024-05-28 11:16:00-04:00,5.925000190734863,5.925000190734863,5.914999961853027,5.914999961853027,23787,0.0,0.0
2024-05-28 11:17:00-04:00,5.914999961853027,5.929999828338623,5.914999961853027,5.925000190734863,17809,0.0,0.0
2024-05-28 11:18:00-04:00,5.929999828338623,5.929999828338623,5.922100067138672,5.929999828338623,7352,0.0,0.0
2024-05-28 11:19:00-04:00,5.925000190734863,5.945000171661377,5.925000190734863,5.940000057220459,28990,0.0,0.0
2024-05-28 11:20:00-04:00,5.940000057220459,5.947299957275391,5.929999828338623,5.929999828338623,19276,0.0,0.0
2024-05-28 11:21:00-04:00,5.940000057220459,5.940000057220459,5.929999828338623,5.929999828338623,12738,0.0,0.0
2024-05-28 11:22:00-04:00,5.929999828338623,5.934999942779541,5.925000190734863,5.929999828338623,11088,0.0,0.0
2024-05-28 11:23:00-04:00,5.932499885559082,5.940000057220459,5.932499885559082,5.934999942779541,7961,0.0,0.0
2024-05-28 11:24:00-04:00,5.940000057220459,5.945000171661377,5.939899921417236,5.941999912261963,29130,0.0,0.0
2024-05-28 11:25:00-04:00,5.940100193023682,5.949900150299072,5.940000057220459,5.940199851989746,7452,0.0,0.0
2024-05-28 11:26:00-04:00,5.949999809265137,5.949999809265137,5.940000057220459,5.949999809265137,4784,0.0,0.0
2024-05-28 11:27:00-04:00,5.949900150299072,5.949999809265137,5.945000171661377,5.947199821472168,3524,0.0,0.0
2024-05-28 11:28:00-04:00,5.949999809265137,5.949999809265137,5.940000057220459,5.940000057220459,5882,0.0,0.0
2024-05-28 11:29:00-04:00,5.947999954223633,5.949999809265137,5.945000171661377,5.945000171661377,2111,0.0,0.0
2024-05-28 11:30:00-04:00,5.945000171661377,5.949999809265137,5.940000057220459,5.945000171661377,25065,0.0,0.0
2024-05-28 11:31:00-04:00,5.945000171661377,5.974999904632568,5.945000171661377,5.949999809265137,121071,0.0,0.0
2024-05-28 11:32:00-04:00,5.949999809265137,5.960000038146973,5.945000171661377,5.954999923706055,30779,0.0,0.0
2024-05-28 11:33:00-04:00,5.954999923706055,5.960000038146973,5.949999809265137,5.9552998542785645,11006,0.0,0.0
2024-05-28 11:34:00-04:00,5.954999923706055,5.960000038146973,5.954999923706055,5.954999923706055,6435,0.0,0.0
2024-05-28 11:35:00-04:00,5.954999923706055,5.965000152587891,5.949999809265137,5.960000038146973,18428,0.0,0.0
2024-05-28 11:36:00-04:00,5.960000038146973,5.969900131225586,5.960000038146973,5.968999862670898,11319,0.0,0.0
2024-05-28 11:37:00-04:00,5.96019983291626,5.96999979019165,5.96019983291626,5.969200134277344,3127,0.0,0.0
2024-05-28 11:38:00-04:00,5.96999979019165,5.989999771118164,5.967700004577637,5.989999771118164,30654,0.0,0.0
2024-05-28 11:39:00-04:00,5.985000133514404,5.989999771118164,5.985000133514404,5.989799976348877,6899,0.0,0.0
2024-05-28 11:40:00-04:00,5.9899001121521,6.0,5.985000133514404,5.989999771118164,16384,0.0,0.0
2024-05-28 11:41:00-04:00,5.994999885559082,6.0,5.989999771118164,5.994999885559082,3413,0.0,0.0
2024-05-28 11:42:00-04:00,5.994999885559082,6.0,5.994999885559082,6.0,6758,0.0,0.0
2024-05-28 11:43:00-04:00,6.0,6.005000114440918,5.991199970245361,6.0,39459,0.0,0.0
2024-05-28 11:44:00-04:00,5.999199867248535,6.0,5.994999885559082,6.0,6290,0.0,0.0
2024-05-28 11:45:00-04:00,5.994999885559082,6.0,5.994999885559082,5.998799800872803,966,0.0,0.0
2024-05-28 11:46:00-04:00,5.994999885559082,6.0,5.989999771118164,5.991799831390381,12999,0.0,0.0
2024-05-28 11:47:00-04:00,6.0,6.0,5.974999904632568,5.980000019073486,85877,0.0,0.0
2024-05-28 11:48:00-04:00,5.974999904632568,5.985000133514404,5.974999904632568,5.985000133514404,19850,0.0,0.0
2024-05-28 11:49:00-04:00,5.989999771118164,5.989999771118164,5.974999904632568,5.974999904632568,69050,0.0,0.0
2024-05-28 11:50:00-04:00,5.980000019073486,5.980000019073486,5.970099925994873,5.980000019073486,4662,0.0,0.0
2024-05-28 11:51:00-04:00,5.980000019073486,5.989999771118164,5.980000019073486,5.9899001121521,8092,0.0,0.0
2024-05-28 11:52:00-04:00,5.985000133514404,5.989999771118164,5.980000019073486,5.985000133514404,718,0.0,0.0
2024-05-28 11:53:00-04:00,5.985000133514404,5.985000133514404,5.974999904632568,5.974999904632568,18718,0.0,0.0
2024-05-28 11:54:00-04:00,5.980000019073486,5.980000019073486,5.974999904632568,5.979800224304199,9525,0.0,0.0
2024-05-28 11:55:00-04:00,5.974999904632568,5.974999904632568,5.965000152587891,5.969699859619141,18727,0.0,0.0
2024-05-28 11:56:00-04:00,5.96999979019165,5.980000019073486,5.96999979019165,5.980000019073486,20163,0.0,0.0
2024-05-28 11:57:00-04:00,5.974999904632568,5.980000019073486,5.974999904632568,5.980000019073486,1347,0.0,0.0
2024-05-28 11:58:00-04:00,5.974999904632568,5.980000019073486,5.974999904632568,5.974999904632568,4537,0.0,0.0
2024-05-28 11:59:00-04:00,5.980000019073486,5.980000019073486,5.960000038146973,5.960000038146973,38911,0.0,0.0
2024-05-28 12:00:00-04:00,5.960000038146973,5.96999979019165,5.960000038146973,5.965000152587891,2309,0.0,0.0
2024-05-28 12:01:00-04:00,5.967199802398682,5.96999979019165,5.960000038146973,5.960000038146973,4334,0.0,0.0
2024-05-28 12:02:00-04:00,5.965000152587891,5.980000019073486,5.965000152587891,5.980000019073486,22812,0.0,0.0
2024-05-28 12:03:00-04:00,5.974999904632568,5.974999904632568,5.96999979019165,5.974999904632568,4126,0.0,0.0
2024-05-28 12:04:00-04:00,5.974999904632568,5.978799819946289,5.96999979019165,5.974999904632568,2181,0.0,0.0
2024-05-28 12:05:00-04:00,5.96999979019165,5.980000019073486,5.96999979019165,5.974999904632568,5983,0.0,0.0
2024-05-28 12:06:00-04:00,5.978499889373779,5.978499889373779,5.978499889373779,5.978499889373779,1081,0.0,0.0
2024-05-28 12:07:00-04:00,5.96999979019165,5.974999904632568,5.96999979019165,5.974999904632568,1627,0.0,0.0
2024-05-28 12:08:00-04:00,5.980000019073486,5.980000019073486,5.96999979019165,5.96999979019165,5013,0.0,0.0
2024-05-28 12:09:00-04:00,5.980000019073486,5.980000019073486,5.96999979019165,5.980000019073486,6854,0.0,0.0
2024-05-28 12:10:00-04:00,5.979899883270264,5.980000019073486,5.979899883270264,5.980000019073486,2211,0.0,0.0
2024-05-28 12:11:00-04:00,5.980000019073486,5.980000019073486,5.96999979019165,5.974999904632568,26037,0.0,0.0
2024-05-28 12:12:00-04:00,5.974999904632568,5.989999771118164,5.96999979019165,5.985000133514404,38092,0.0,0.0
2024-05-28 12:13:00-04:00,5.985000133514404,5.989999771118164,5.980000019073486,5.985000133514404,18354,0.0,0.0
2024-05-28 12:14:00-04:00,5.980000019073486,5.985000133514404,5.980000019073486,5.985000133514404,6938,0.0,0.0
2024-05-28 12:15:00-04:00,5.982800006866455,5.988500118255615,5.974999904632568,5.979899883270264,19940,0.0,0.0
2024-05-28 12:16:00-04:00,5.979300022125244,5.980000019073486,5.974999904632568,5.980000019073486,7113,0.0,0.0
2024-05-28 12:17:00-04:00,5.980000019073486,5.980000019073486,5.974999904632568,5.974999904632568,1155,0.0,0.0
2024-05-28 12:18:00-04:00,5.979100227355957,5.980000019073486,5.96999979019165,5.96999979019165,14585,0.0,0.0
2024-05-28 12:19:00-04:00,5.978700160980225,5.979899883270264,5.96999979019165,5.96999979019165,11186,0.0,0.0
2024-05-28 12:20:00-04:00,5.96999979019165,5.96999979019165,5.965000152587891,5.96999979019165,25163,0.0,0.0
2024-05-28 12:21:00-04:00,5.96999979019165,5.96999979019165,5.965000152587891,5.965000152587891,1875,0.0,0.0
2024-05-28 12:22:00-04:00,5.96999979019165,5.96999979019165,5.960000038146973,5.960000038146973,13936,0.0,0.0
2024-05-28 12:23:00-04:00,5.960000038146973,5.96999979019165,5.960000038146973,5.965000152587891,11401,0.0,0.0
2024-05-28 12:24:00-04:00,5.96999979019165,5.96999979019165,5.960000038146973,5.960000038146973,17827,0.0,0.0
2024-05-28 12:25:00-04:00,5.965000152587891,5.969900131225586,5.960000038146973,5.960000038146973,4670,0.0,0.0
2024-05-28 12:26:00-04:00,5.960000038146973,5.960000038146973,5.949999809265137,5.949999809265137,15390,0.0,0.0
2024-05-28 12:27:00-04:00,5.958799839019775,5.960000038146973,5.949999809265137,5.949999809265137,3129,0.0,0.0
2024-05-28 12:28:00-04:00,5.949999809265137,5.958700180053711,5.945000171661377,5.949999809265137,14279,0.0,0.0
2024-05-28 12:29:00-04:00,5.940000057220459,5.949999809265137,5.940000057220459,5.949999809265137,17407,0.0,0.0
2024-05-28 12:30:00-04:00,5.940000057220459,5.949999809265137,5.940000057220459,5.949999809265137,11593,0.0,0.0
2024-05-28 12:31:00-04:00,5.940000057220459,5.949999809265137,5.940000057220459,5.945000171661377,8096,0.0,0.0
2024-05-28 12:32:00-04:00,5.940000057220459,5.942999839782715,5.929999828338623,5.929999828338623,20056,0.0,0.0
2024-05-28 12:33:00-04:00,5.929999828338623,5.940000057220459,5.929999828338623,5.929999828338623,14228,0.0,0.0
2024-05-28 12:34:00-04:00,5.934999942779541,5.940000057220459,5.929999828338623,5.940000057220459,23074,0.0,0.0
2024-05-28 12:35:00-04:00,5.934999942779541,5.940000057220459,5.934999942779541,5.939199924468994,2601,0.0,0.0
2024-05-28 12:36:00-04:00,5.929999828338623,5.940000057220459,5.929999828338623,5.929999828338623,7395,0.0,0.0
2024-05-28 12:37:00-04:00,5.929999828338623,5.934999942779541,5.929999828338623,5.934999942779541,8558,0.0,0.0
2024-05-28 12:38:00-04:00,5.929999828338623,5.949999809265137,5.929999828338623,5.940100193023682,27225,0.0,0.0
2024-05-28 12:39:00-04:00,5.940000057220459,5.945000171661377,5.940000057220459,5.940000057220459,2674,0.0,0.0
2024-05-28 12:40:00-04:00,5.945000171661377,5.949999809265137,5.940000057220459,5.945700168609619,10736,0.0,0.0
2024-05-28 12:41:00-04:00,5.94890022277832,5.949999809265137,5.945000171661377,5.949999809265137,4696,0.0,0.0
2024-05-28 12:42:00-04:00,5.945000171661377,5.949999809265137,5.934999942779541,5.934999942779541,24200,0.0,0.0
2024-05-28 12:43:00-04:00,5.929999828338623,5.940000057220459,5.929999828338623,5.940000057220459,60077,0.0,0.0
2024-05-28 12:44:00-04:00,5.929999828338623,5.934999942779541,5.929999828338623,5.929999828338623,7441,0.0,0.0
2024-05-28 12:45:00-04:00,5.929999828338623,5.929999828338623,5.929999828338623,5.929999828338623,530,0.0,0.0
2024-05-28 12:46:00-04:00,5.929999828338623,5.934999942779541,5.920000076293945,5.920000076293945,57374,0.0,0.0
2024-05-28 12:47:00-04:00,5.921999931335449,5.929999828338623,5.920000076293945,5.920000076293945,5095,0.0,0.0
2024-05-28 12:48:00-04:00,5.920000076293945,5.929999828338623,5.920000076293945,5.925000190734863,8048,0.0,0.0
2024-05-28 12:49:00-04:00,5.925000190734863,5.929999828338623,5.920000076293945,5.925000190734863,20478,0.0,0.0
2024-05-28 12:50:00-04:00,5.925000190734863,5.925000190734863,5.920000076293945,5.920000076293945,2074,0.0,0.0
2024-05-28 12:51:00-04:00,5.920000076293945,5.920000076293945,5.914999961853027,5.914999961853027,21081,0.0,0.0
2024-05-28 12:52:00-04:00,5.920000076293945,5.920000076293945,5.914999961853027,5.918499946594238,2696,0.0,0.0
2024-05-28 12:53:00-04:00,5.914999961853027,5.920000076293945,5.914999961853027,5.920000076293945,729,0.0,0.0
2024-05-28 12:54:00-04:00,5.911799907684326,5.920000076293945,5.909999847412109,5.914999961853027,8079,0.0,0.0
2024-05-28 12:55:00-04:00,5.909999847412109,5.920000076293945,5.909999847412109,5.909999847412109,3922,0.0,0.0
2024-05-28 12:56:00-04:00,5.909999847412109,5.920000076293945,5.909999847412109,5.914999961853027,3886,0.0,0.0
2024-05-28 12:57:00-04:00,5.919899940490723,5.919899940490723,5.914999961853027,5.914999961853027,5580,0.0,0.0
2024-05-28 12:58:00-04:00,5.914999961853027,5.920000076293945,5.900000095367432,5.900000095367432,69477,0.0,0.0
2024-05-28 12:59:00-04:00,5.900000095367432,5.900000095367432,5.894999980926514,5.900000095367432,11081,0.0,0.0
2024-05-28 13:00:00-04:00,5.894999980926514,5.909999847412109,5.894999980926514,5.90500020980835,19198,0.0,0.0
2024-05-28 13:01:00-04:00,5.902900218963623,5.905600070953369,5.889999866485596,5.89169979095459,9290,0.0,0.0
2024-05-28 13:02:00-04:00,5.889999866485596,5.894999980926514,5.885000228881836,5.885000228881836,18938,0.0,0.0
2024-05-28 13:03:00-04:00,5.880099773406982,5.889999866485596,5.880000114440918,5.88730001449585,3744,0.0,0.0
2024-05-28 13:04:00-04:00,5.889200210571289,5.889200210571289,5.880000114440918,5.885000228881836,14957,0.0,0.0
2024-05-28 13:05:00-04:00,5.885000228881836,5.885000228881836,5.869999885559082,5.875,22708,0.0,0.0
2024-05-28 13:06:00-04:00,5.875,5.880000114440918,5.870999813079834,5.880000114440918,21270,0.0,0.0
2024-05-28 13:07:00-04:00,5.879899978637695,5.880000114440918,5.875,5.875,4626,0.0,0.0
2024-05-28 13:08:00-04:00,5.880000114440918,5.889999866485596,5.880000114440918,5.889999866485596,12124,0.0,0.0
2024-05-28 13:09:00-04:00,5.885000228881836,5.889999866485596,5.880000114440918,5.888500213623047,13178,0.0,0.0
2024-05-28 13:10:00-04:00,5.880000114440918,5.880000114440918,5.869999885559082,5.880000114440918,43785,0.0,0.0
2024-05-28 13:11:00-04:00,5.880000114440918,5.880000114440918,5.870999813079834,5.875999927520752,8333,0.0,0.0
2024-05-28 13:12:00-04:00,5.880000114440918,5.885000228881836,5.880000114440918,5.885000228881836,11798,0.0,0.0
2024-05-28 13:13:00-04:00,5.880000114440918,5.880000114440918,5.875,5.880000114440918,33177,0.0,0.0
2024-05-28 13:14:00-04:00,5.879499912261963,5.885000228881836,5.869999885559082,5.869999885559082,37094,0.0,0.0
2024-05-28 13:15:00-04:00,5.864999771118164,5.869999885559082,5.860000133514404,5.860000133514404,14537,0.0,0.0
2024-05-28 13:16:00-04:00,5.869999885559082,5.869999885559082,5.860000133514404,5.860000133514404,22522,0.0,0.0
2024-05-28 13:17:00-04:00,5.855000019073486,5.855000019073486,5.840000152587891,5.849999904632568,24494,0.0,0.0
2024-05-28 13:18:00-04:00,5.849999904632568,5.860000133514404,5.849999904632568,5.849999904632568,20210,0.0,0.0
2024-05-28 13:19:00-04:00,5.855000019073486,5.860000133514404,5.855000019073486,5.85890007019043,4196,0.0,0.0
2024-05-28 13:20:00-04:00,5.860000133514404,5.860000133514404,5.849999904632568,5.849999904632568,9558,0.0,0.0
2024-05-28 13:21:00-04:00,5.859899997711182,5.859899997711182,5.84499979019165,5.84499979019165,20407,0.0,0.0
2024-05-28 13:22:00-04:00,5.849999904632568,5.849999904632568,5.842199802398682,5.84499979019165,8754,0.0,0.0
2024-05-28 13:23:00-04:00,5.849999904632568,5.849999904632568,5.841300010681152,5.841300010681152,1025,0.0,0.0
2024-05-28 13:24:00-04:00,5.849999904632568,5.849999904632568,5.84499979019165,5.849999904632568,2955,0.0,0.0
2024-05-28 13:25:00-04:00,5.849999904632568,5.855000019073486,5.84499979019165,5.849999904632568,15526,0.0,0.0
2024-05-28 13:26:00-04:00,5.855000019073486,5.855000019073486,5.84499979019165,5.84499979019165,16445,0.0,0.0
2024-05-28 13:27:00-04:00,5.849999904632568,5.849999904632568,5.840000152587891,5.849999904632568,30789,0.0,0.0
2024-05-28 13:28:00-04:00,5.849999904632568,5.858699798583984,5.8495001792907715,5.855000019073486,20492,0.0,0.0
2024-05-28 13:29:00-04:00,5.855000019073486,5.855000019073486,5.849999904632568,5.849999904632568,535,0.0,0.0
2024-05-28 13:30:00-04:00,5.849999904632568,5.855000019073486,5.840000152587891,5.848899841308594,19174,0.0,0.0
2024-05-28 13:31:00-04:00,5.849999904632568,5.849999904632568,5.84499979019165,5.84499979019165,2214,0.0,0.0
2024-05-28 13:32:00-04:00,5.840000152587891,5.855000019073486,5.840000152587891,5.855000019073486,16352,0.0,0.0
2024-05-28 13:33:00-04:00,5.849999904632568,5.860000133514404,5.849999904632568,5.855199813842773,7844,0.0,0.0
2024-05-28 13:34:00-04:00,5.859899997711182,5.860000133514404,5.855000019073486,5.859899997711182,11252,0.0,0.0
2024-05-28 13:35:00-04:00,5.855000019073486,5.859099864959717,5.855000019073486,5.85890007019043,1519,0.0,0.0
2024-05-28 13:36:00-04:00,5.860000133514404,5.889900207519531,5.860000133514404,5.885000228881836,57786,0.0,0.0
2024-05-28 13:37:00-04:00,5.885000228881836,5.889999866485596,5.885000228881836,5.889999866485596,4142,0.0,0.0
2024-05-28 13:38:00-04:00,5.885000228881836,5.889999866485596,5.885000228881836,5.889999866485596,14854,0.0,0.0
2024-05-28 13:39:00-04:00,5.889999866485596,5.900000095367432,5.889999866485596,5.894999980926514,13765,0.0,0.0
2024-05-28 13:40:00-04:00,5.899899959564209,5.899899959564209,5.885000228881836,5.889999866485596,23962,0.0,0.0
2024-05-28 13:41:00-04:00,5.889999866485596,5.889999866485596,5.880099773406982,5.889999866485596,6822,0.0,0.0
2024-05-28 13:42:00-04:00,5.889999866485596,5.894999980926514,5.889999866485596,5.889999866485596,23498,0.0,0.0
2024-05-28 13:43:00-04:00,5.889999866485596,5.889999866485596,5.880000114440918,5.881899833679199,24473,0.0,0.0
2024-05-28 13:44:00-04:00,5.880000114440918,5.889999866485596,5.880000114440918,5.889999866485596,773,0.0,0.0
2024-05-28 13:45:00-04:00,5.880000114440918,5.880000114440918,5.880000114440918,5.880000114440918,1974,0.0,0.0
2024-05-28 13:46:00-04:00,5.880000114440918,5.880000114440918,5.869999885559082,5.875,20748,0.0,0.0
2024-05-28 13:47:00-04:00,5.878699779510498,5.880000114440918,5.875,5.880000114440918,6003,0.0,0.0
2024-05-28 13:48:00-04:00,5.880000114440918,5.880000114440918,5.875,5.875,2565,0.0,0.0
2024-05-28 13:49:00-04:00,5.875,5.875,5.864999771118164,5.869999885559082,30135,0.0,0.0
2024-05-28 13:50:00-04:00,5.869999885559082,5.878699779510498,5.869999885559082,5.869999885559082,2373,0.0,0.0
2024-05-28 13:51:00-04:00,5.869999885559082,5.875,5.860000133514404,5.869999885559082,43670,0.0,0.0
2024-05-28 13:52:00-04:00,5.869999885559082,5.869999885559082,5.860000133514404,5.860000133514404,25867,0.0,0.0
2024-05-28 13:53:00-04:00,5.869999885559082,5.869999885559082,5.864999771118164,5.864999771118164,1018,0.0,0.0
2024-05-28 13:54:00-04:00,5.868500232696533,5.869999885559082,5.864999771118164,5.864999771118164,2011,0.0,0.0
2024-05-28 13:55:00-04:00,5.869999885559082,5.869999885559082,5.860000133514404,5.860000133514404,2111,0.0,0.0
2024-05-28 13:56:00-04:00,5.864999771118164,5.869999885559082,5.864999771118164,5.869999885559082,1378,0.0,0.0
2024-05-28 13:57:00-04:00,5.869999885559082,5.885000228881836,5.869999885559082,5.880000114440918,41348,0.0,0.0
2024-05-28 13:58:00-04:00,5.888599872589111,5.889999866485596,5.885000228881836,5.889999866485596,4163,0.0,0.0
2024-05-28 13:59:00-04:00,5.889999866485596,5.889999866485596,5.885000228881836,5.885000228881836,769,0.0,0.0
2024-05-28 14:00:00-04:00,5.885000228881836,5.885000228881836,5.880000114440918,5.880000114440918,9476,0.0,0.0
2024-05-28 14:01:00-04:00,5.885000228881836,5.885000228881836,5.880000114440918,5.880000114440918,28610,0.0,0.0
2024-05-28 14:02:00-04:00,5.880000114440918,5.880000114440918,5.875,5.879899978637695,6470,0.0,0.0
2024-05-28 14:03:00-04:00,5.875,5.888999938964844,5.875,5.885000228881836,13879,0.0,0.0
2024-05-28 14:04:00-04:00,5.889999866485596,5.900000095367432,5.885000228881836,5.900000095367432,29247,0.0,0.0
2024-05-28 14:05:00-04:00,5.899099826812744,5.899099826812744,5.889999866485596,5.894999980926514,6202,0.0,0.0
2024-05-28 14:06:00-04:00,5.900000095367432,5.900000095367432,5.894999980926514,5.894999980926514,1110,0.0,0.0
2024-05-28 14:07:00-04:00,5.894999980926514,5.909999847412109,5.890100002288818,5.909999847412109,45690,0.0,0.0
2024-05-28 14:08:00-04:00,5.90500020980835,5.909999847412109,5.889999866485596,5.900000095367432,14374,0.0,0.0
2024-05-28 14:09:00-04:00,5.894999980926514,5.908699989318848,5.894999980926514,5.908699989318848,19173,0.0,0.0
2024-05-28 14:10:00-04:00,5.900000095367432,5.909999847412109,5.900000095367432,5.900000095367432,5681,0.0,0.0
2024-05-28 14:11:00-04:00,5.900000095367432,5.900000095367432,5.889999866485596,5.900000095367432,21190,0.0,0.0
2024-05-28 14:12:00-04:00,5.90500020980835,5.90500020980835,5.900000095367432,5.900000095367432,3045,0.0,0.0
2024-05-28 14:13:00-04:00,5.900000095367432,5.90500020980835,5.900000095367432,5.900000095367432,7689,0.0,0.0
2024-05-28 14:14:00-04:00,5.90500020980835,5.909999847412109,5.90500020980835,5.90500020980835,13791,0.0,0.0
2024-05-28 14:15:00-04:00,5.909999847412109,5.909999847412109,5.900000095367432,5.908100128173828,18173,0.0,0.0
2024-05-28 14:16:00-04:00,5.900100231170654,5.909999847412109,5.900000095367432,5.909999847412109,10675,0.0,0.0
2024-05-28 14:17:00-04:00,5.909999847412109,5.909999847412109,5.90500020980835,5.909999847412109,1364,0.0,0.0
2024-05-28 14:18:00-04:00,5.900000095367432,5.906400203704834,5.900000095367432,5.906400203704834,8248,0.0,0.0
2024-05-28 14:19:00-04:00,5.905399799346924,5.909999847412109,5.900000095367432,5.90500020980835,3887,0.0,0.0
2024-05-28 14:20:00-04:00,5.90500020980835,5.909999847412109,5.900000095367432,5.90500020980835,6322,0.0,0.0
2024-05-28 14:21:00-04:00,5.900000095367432,5.909999847412109,5.900000095367432,5.90500020980835,19038,0.0,0.0
2024-05-28 14:22:00-04:00,5.90500020980835,5.909999847412109,5.889999866485596,5.889999866485596,41655,0.0,0.0
2024-05-28 14:23:00-04:00,5.889999866485596,5.900000095367432,5.885000228881836,5.894999980926514,35633,0.0,0.0
2024-05-28 14:24:00-04:00,5.898499965667725,5.898499965667725,5.889999866485596,5.889999866485596,1138,0.0,0.0
2024-05-28 14:25:00-04:00,5.889999866485596,5.900000095367432,5.880000114440918,5.885000228881836,19790,0.0,0.0
2024-05-28 14:26:00-04:00,5.889999866485596,5.900000095367432,5.885000228881836,5.899899959564209,17832,0.0,0.0
2024-05-28 14:27:00-04:00,5.889999866485596,5.900000095367432,5.889999866485596,5.894999980926514,2314,0.0,0.0
2024-05-28 14:28:00-04:00,5.889999866485596,5.889999866485596,5.880000114440918,5.885000228881836,23245,0.0,0.0
2024-05-28 14:29:00-04:00,5.885000228881836,5.888999938964844,5.880000114440918,5.880000114440918,29698,0.0,0.0
2024-05-28 14:30:00-04:00,5.880000114440918,5.889999866485596,5.880000114440918,5.88539981842041,8297,0.0,0.0
2024-05-28 14:31:00-04:00,5.885000228881836,5.885000228881836,5.885000228881836,5.885000228881836,6450,0.0,0.0
2024-05-28 14:32:00-04:00,5.885000228881836,5.885000228881836,5.869999885559082,5.875,24120,0.0,0.0
2024-05-28 14:33:00-04:00,5.875,5.875,5.869999885559082,5.875,8956,0.0,0.0
2024-05-28 14:34:00-04:00,5.875,5.880000114440918,5.869999885559082,5.880000114440918,14205,0.0,0.0
2024-05-28 14:35:00-04:00,5.875,5.880000114440918,5.875,5.880000114440918,2838,0.0,0.0
2024-05-28 14:36:00-04:00,5.875,5.879499912261963,5.869999885559082,5.875,7922,0.0,0.0
2024-05-28 14:37:00-04:00,5.875,5.875,5.860000133514404,5.869900226593018,23024,0.0,0.0
2024-05-28 14:38:00-04:00,5.869999885559082,5.869999885559082,5.864999771118164,5.869900226593018,4246,0.0,0.0
2024-05-28 14:39:00-04:00,5.869999885559082,5.869999885559082,5.864999771118164,5.864999771118164,16527,0.0,0.0
2024-05-28 14:40:00-04:00,5.860000133514404,5.869999885559082,5.860000133514404,5.869999885559082,6816,0.0,0.0
2024-05-28 14:41:00-04:00,5.869999885559082,5.869999885559082,5.8649001121521,5.869999885559082,7717,0.0,0.0
2024-05-28 14:42:00-04:00,5.869699954986572,5.880000114440918,5.864999771118164,5.869999885559082,28159,0.0,0.0
2024-05-28 14:43:00-04:00,5.878499984741211,5.878499984741211,5.860000133514404,5.860000133514404,12553,0.0,0.0
2024-05-28 14:44:00-04:00,5.860000133514404,5.864999771118164,5.860000133514404,5.864999771118164,2111,0.0,0.0
2024-05-28 14:45:00-04:00,5.864999771118164,5.875,5.864999771118164,5.875,21299,0.0,0.0
2024-05-28 14:46:00-04:00,5.869999885559082,5.880000114440918,5.869999885559082,5.869999885559082,6404,0.0,0.0
2024-05-28 14:47:00-04:00,5.869999885559082,5.869999885559082,5.860000133514404,5.869200229644775,38951,0.0,0.0
2024-05-28 14:48:00-04:00,5.869999885559082,5.880000114440918,5.864999771118164,5.8734002113342285,25530,0.0,0.0
2024-05-28 14:49:00-04:00,5.875,5.880000114440918,5.870100021362305,5.875,3972,0.0,0.0
2024-05-28 14:50:00-04:00,5.869999885559082,5.875,5.864999771118164,5.868899822235107,18614,0.0,0.0
2024-05-28 14:51:00-04:00,5.864999771118164,5.869999885559082,5.864999771118164,5.869999885559082,6695,0.0,0.0
2024-05-28 14:52:00-04:00,5.864999771118164,5.869999885559082,5.864999771118164,5.869999885559082,12829,0.0,0.0
2024-05-28 14:53:00-04:00,5.864999771118164,5.869999885559082,5.864099979400635,5.864999771118164,3792,0.0,0.0
2024-05-28 14:54:00-04:00,5.86899995803833,5.875,5.864999771118164,5.875,16190,0.0,0.0
2024-05-28 14:55:00-04:00,5.875,5.880000114440918,5.874199867248535,5.880000114440918,30598,0.0,0.0
2024-05-28 14:56:00-04:00,5.880000114440918,5.880000114440918,5.875,5.880000114440918,1444,0.0,0.0
2024-05-28 14:57:00-04:00,5.880000114440918,5.894999980926514,5.880000114440918,5.889999866485596,60573,0.0,0.0
2024-05-28 14:58:00-04:00,5.889999866485596,5.894999980926514,5.889999866485596,5.894999980926514,7702,0.0,0.0
2024-05-28 14:59:00-04:00,5.894999980926514,5.909900188446045,5.894999980926514,5.909900188446045,24668,0.0,0.0
2024-05-28 15:00:00-04:00,5.90500020980835,5.909999847412109,5.900000095367432,5.90500020980835,10525,0.0,0.0
2024-05-28 15:01:00-04:00,5.909999847412109,5.920000076293945,5.90500020980835,5.914999961853027,15624,0.0,0.0
2024-05-28 15:02:00-04:00,5.914999961853027,5.920000076293945,5.909999847412109,5.920000076293945,7469,0.0,0.0
2024-05-28 15:03:00-04:00,5.918000221252441,5.920000076293945,5.909999847412109,5.914999961853027,7475,0.0,0.0
2024-05-28 15:04:00-04:00,5.920000076293945,5.920000076293945,5.914999961853027,5.914999961853027,3689,0.0,0.0
2024-05-28 15:05:00-04:00,5.914999961853027,5.920000076293945,5.914999961853027,5.914999961853027,8011,0.0,0.0
2024-05-28 15:06:00-04:00,5.918099880218506,5.929999828338623,5.910099983215332,5.929999828338623,18866,0.0,0.0
2024-05-28 15:07:00-04:00,5.925000190734863,5.929999828338623,5.920000076293945,5.925000190734863,25597,0.0,0.0
2024-05-28 15:08:00-04:00,5.925000190734863,5.927999973297119,5.920000076293945,5.923600196838379,16734,0.0,0.0
2024-05-28 15:09:00-04:00,5.925000190734863,5.928500175476074,5.925000190734863,5.925000190734863,4791,0.0,0.0
2024-05-28 15:10:00-04:00,5.925000190734863,5.929999828338623,5.920000076293945,5.920000076293945,4847,0.0,0.0
2024-05-28 15:11:00-04:00,5.925000190734863,5.928599834442139,5.920000076293945,5.928599834442139,11907,0.0,0.0
2024-05-28 15:12:00-04:00,5.920000076293945,5.920000076293945,5.909999847412109,5.919899940490723,31621,0.0,0.0
2024-05-28 15:13:00-04:00,5.920000076293945,5.920000076293945,5.909999847412109,5.920000076293945,36279,0.0,0.0
2024-05-28 15:14:00-04:00,5.9197001457214355,5.925000190734863,5.909999847412109,5.915599822998047,40560,0.0,0.0
2024-05-28 15:15:00-04:00,5.914999961853027,5.914999961853027,5.909999847412109,5.914999961853027,8464,0.0,0.0
2024-05-28 15:16:00-04:00,5.918700218200684,5.918700218200684,5.909999847412109,5.909999847412109,6225,0.0,0.0
2024-05-28 15:17:00-04:00,5.909999847412109,5.920000076293945,5.909999847412109,5.914999961853027,11329,0.0,0.0
2024-05-28 15:18:00-04:00,5.914999961853027,5.920000076293945,5.909999847412109,5.920000076293945,1602,0.0,0.0
2024-05-28 15:19:00-04:00,5.920000076293945,5.920000076293945,5.909999847412109,5.909999847412109,2650,0.0,0.0
2024-05-28 15:20:00-04:00,5.914999961853027,5.915299892425537,5.90500020980835,5.90500020980835,21949,0.0,0.0
2024-05-28 15:21:00-04:00,5.90500020980835,5.908699989318848,5.900000095367432,5.900000095367432,4352,0.0,0.0
2024-05-28 15:22:00-04:00,5.90500020980835,5.920000076293945,5.90500020980835,5.919899940490723,134664,0.0,0.0
2024-05-28 15:23:00-04:00,5.920000076293945,5.920000076293945,5.914999961853027,5.920000076293945,1518,0.0,0.0
2024-05-28 15:24:00-04:00,5.920000076293945,5.929999828338623,5.914999961853027,5.929999828338623,29233,0.0,0.0
2024-05-28 15:25:00-04:00,5.928800106048584,5.929999828338623,5.922500133514404,5.929999828338623,13294,0.0,0.0
2024-05-28 15:26:00-04:00,5.925000190734863,5.929999828338623,5.920100212097168,5.929999828338623,11912,0.0,0.0
2024-05-28 15:27:00-04:00,5.925000190734863,5.929999828338623,5.920000076293945,5.920000076293945,21999,0.0,0.0
2024-05-28 15:28:00-04:00,5.925000190734863,5.929999828338623,5.920000076293945,5.925000190734863,2152,0.0,0.0
2024-05-28 15:29:00-04:00,5.925000190734863,5.929999828338623,5.920000076293945,5.920000076293945,13720,0.0,0.0
2024-05-28 15:30:00-04:00,5.920000076293945,5.929999828338623,5.920000076293945,5.925000190734863,2705,0.0,0.0
2024-05-28 15:31:00-04:00,5.925000190734863,5.929999828338623,5.920000076293945,5.925000190734863,23263,0.0,0.0
2024-05-28 15:32:00-04:00,5.925000190734863,5.929999828338623,5.920000076293945,5.929999828338623,17604,0.0,0.0
2024-05-28 15:33:00-04:00,5.925000190734863,5.934999942779541,5.920000076293945,5.929999828338623,43648,0.0,0.0
2024-05-28 15:34:00-04:00,5.934999942779541,5.934999942779541,5.929999828338623,5.929999828338623,12122,0.0,0.0
2024-05-28 15:35:00-04:00,5.929999828338623,5.934999942779541,5.920000076293945,5.925000190734863,22573,0.0,0.0
2024-05-28 15:36:00-04:00,5.929900169372559,5.929999828338623,5.922500133514404,5.929999828338623,45690,0.0,0.0
2024-05-28 15:37:00-04:00,5.929999828338623,5.940000057220459,5.929999828338623,5.940000057220459,19135,0.0,0.0
2024-05-28 15:38:00-04:00,5.934999942779541,5.940000057220459,5.934999942779541,5.934999942779541,3049,0.0,0.0
2024-05-28 15:39:00-04:00,5.934999942779541,5.940000057220459,5.929999828338623,5.934999942779541,5044,0.0,0.0
2024-05-28 15:40:00-04:00,5.934999942779541,5.949999809265137,5.934999942779541,5.947999954223633,47345,0.0,0.0
2024-05-28 15:41:00-04:00,5.940100193023682,5.949900150299072,5.934999942779541,5.934999942779541,73914,0.0,0.0
2024-05-28 15:42:00-04:00,5.934999942779541,5.940000057220459,5.934999942779541,5.934999942779541,2978,0.0,0.0
2024-05-28 15:43:00-04:00,5.934999942779541,5.940000057220459,5.934999942779541,5.934999942779541,27119,0.0,0.0
2024-05-28 15:44:00-04:00,5.940000057220459,5.940000057220459,5.934999942779541,5.934999942779541,7400,0.0,0.0
2024-05-28 15:45:00-04:00,5.940000057220459,5.940000057220459,5.929999828338623,5.934999942779541,19410,0.0,0.0
2024-05-28 15:46:00-04:00,5.940000057220459,5.949999809265137,5.934999942779541,5.945000171661377,84005,0.0,0.0
2024-05-28 15:47:00-04:00,5.945000171661377,5.949999809265137,5.940000057220459,5.945000171661377,22156,0.0,0.0
2024-05-28 15:48:00-04:00,5.945000171661377,5.949999809265137,5.940000057220459,5.945000171661377,21582,0.0,0.0
2024-05-28 15:49:00-04:00,5.945000171661377,5.949999809265137,5.940000057220459,5.940000057220459,13831,0.0,0.0
2024-05-28 15:50:00-04:00,5.949999809265137,5.949999809265137,5.940000057220459,5.945000171661377,15560,0.0,0.0
2024-05-28 15:51:00-04:00,5.945000171661377,5.949999809265137,5.940000057220459,5.949999809265137,31718,0.0,0.0
2024-05-28 15:52:00-04:00,5.949999809265137,5.960000038146973,5.940000057220459,5.945000171661377,340165,0.0,0.0
2024-05-28 15:53:00-04:00,5.949999809265137,5.949999809265137,5.945000171661377,5.945000171661377,39022,0.0,0.0
2024-05-28 15:54:00-04:00,5.945000171661377,5.949999809265137,5.929999828338623,5.929999828338623,150784,0.0,0.0
2024-05-28 15:55:00-04:00,5.934999942779541,5.940000057220459,5.929999828338623,5.940000057220459,49850,0.0,0.0
2024-05-28 15:56:00-04:00,5.934999942779541,5.940000057220459,5.929999828338623,5.934999942779541,44517,0.0,0.0
2024-05-28 15:57:00-04:00,5.934999942779541,5.940000057220459,5.920000076293945,5.934999942779541,329031,0.0,0.0
2024-05-28 15:58:00-04:00,5.934999942779541,5.940000057220459,5.929999828338623,5.929999828338623,59774,0.0,0.0
2024-05-28 15:59:00-04:00,5.929999828338623,5.940000057220459,5.929999828338623,5.929999828338623,187494,0.0,0.0
2024-05-29 09:30:00-04:00,5.820000171661377,5.860000133514404,5.78000020980835,5.860000133514404,337742,0.0,0.0
2024-05-29 09:31:00-04:00,5.860000133514404,5.929999828338623,5.849999904632568,5.920000076293945,143506,0.0,0.0
2024-05-29 09:32:00-04:00,5.919600009918213,5.9293999671936035,5.860000133514404,5.864999771118164,24207,0.0,0.0
2024-05-29 09:33:00-04:00,5.864999771118164,5.869999885559082,5.84499979019165,5.849999904632568,20097,0.0,0.0
2024-05-29 09:34:00-04:00,5.849999904632568,5.849999904632568,5.829999923706055,5.849899768829346,10535,0.0,0.0
2024-05-29 09:35:00-04:00,5.840000152587891,5.840000152587891,5.820000171661377,5.824999809265137,13542,0.0,0.0
2024-05-29 09:36:00-04:00,5.820000171661377,5.829999923706055,5.809999942779541,5.815000057220459,65384,0.0,0.0
2024-05-29 09:37:00-04:00,5.811699867248535,5.824999809265137,5.809999942779541,5.820499897003174,25010,0.0,0.0
2024-05-29 09:38:00-04:00,5.824999809265137,5.84499979019165,5.804999828338623,5.84499979019165,38683,0.0,0.0
2024-05-29 09:39:00-04:00,5.840000152587891,5.849999904632568,5.840000152587891,5.840000152587891,24562,0.0,0.0
2024-05-29 09:40:00-04:00,5.840000152587891,5.849999904632568,5.809999942779541,5.809999942779541,44297,0.0,0.0
2024-05-29 09:41:00-04:00,5.809999942779541,5.809999942779541,5.789999961853027,5.789999961853027,28463,0.0,0.0
2024-05-29 09:42:00-04:00,5.78000020980835,5.789999961853027,5.78000020980835,5.784999847412109,18492,0.0,0.0
2024-05-29 09:43:00-04:00,5.789400100708008,5.800000190734863,5.78000020980835,5.795000076293945,28028,0.0,0.0
2024-05-29 09:44:00-04:00,5.795000076293945,5.809999942779541,5.795000076293945,5.804999828338623,7759,0.0,0.0
2024-05-29 09:45:00-04:00,5.800000190734863,5.815000057220459,5.795000076293945,5.809999942779541,98441,0.0,0.0
2024-05-29 09:46:00-04:00,5.799300193786621,5.800000190734863,5.795000076293945,5.799900054931641,17955,0.0,0.0
2024-05-29 09:47:00-04:00,5.800000190734863,5.809999942779541,5.789999961853027,5.80019998550415,17537,0.0,0.0
2024-05-29 09:48:00-04:00,5.809999942779541,5.809999942779541,5.795000076293945,5.800000190734863,11809,0.0,0.0
2024-05-29 09:49:00-04:00,5.800000190734863,5.824999809265137,5.800000190734863,5.824999809265137,16291,0.0,0.0
2024-05-29 09:50:00-04:00,5.829999923706055,5.840000152587891,5.829999923706055,5.835000038146973,9027,0.0,0.0
2024-05-29 09:51:00-04:00,5.840000152587891,5.840000152587891,5.820000171661377,5.829899787902832,23211,0.0,0.0
2024-05-29 09:52:00-04:00,5.829999923706055,5.835000038146973,5.820000171661377,5.827499866485596,55645,0.0,0.0
2024-05-29 09:53:00-04:00,5.824999809265137,5.840000152587891,5.824999809265137,5.840000152587891,7360,0.0,0.0
2024-05-29 09:54:00-04:00,5.840000152587891,5.840000152587891,5.829999923706055,5.835000038146973,4362,0.0,0.0
2024-05-29 09:55:00-04:00,5.835000038146973,5.849999904632568,5.835000038146973,5.840000152587891,61462,0.0,0.0
2024-05-29 09:56:00-04:00,5.84499979019165,5.849999904632568,5.829999923706055,5.829999923706055,31107,0.0,0.0
2024-05-29 09:57:00-04:00,5.830100059509277,5.860000133514404,5.829999923706055,5.860000133514404,28623,0.0,0.0
2024-05-29 09:58:00-04:00,5.858399868011475,5.880000114440918,5.858399868011475,5.879899978637695,20296,0.0,0.0
2024-05-29 09:59:00-04:00,5.869999885559082,5.875,5.860000133514404,5.869900226593018,21747,0.0,0.0
2024-05-29 10:00:00-04:00,5.864999771118164,5.880000114440918,5.8607001304626465,5.875,41114,0.0,0.0
2024-05-29 10:01:00-04:00,5.869999885559082,5.889999866485596,5.869999885559082,5.889999866485596,78183,0.0,0.0
2024-05-29 10:02:00-04:00,5.880000114440918,5.900000095367432,5.880000114440918,5.900000095367432,32362,0.0,0.0
2024-05-29 10:03:00-04:00,5.899899959564209,5.900000095367432,5.880000114440918,5.880000114440918,30276,0.0,0.0
2024-05-29 10:04:00-04:00,5.889999866485596,5.894999980926514,5.885000228881836,5.889999866485596,15697,0.0,0.0
2024-05-29 10:05:00-04:00,5.889999866485596,5.889999866485596,5.880000114440918,5.889999866485596,23407,0.0,0.0
2024-05-29 10:06:00-04:00,5.889999866485596,5.889999866485596,5.869999885559082,5.880000114440918,50513,0.0,0.0
2024-05-29 10:07:00-04:00,5.875,5.880000114440918,5.869999885559082,5.875,17933,0.0,0.0
2024-05-29 10:08:00-04:00,5.880000114440918,5.900000095367432,5.875,5.899199962615967,51656,0.0,0.0
2024-05-29 10:09:00-04:00,5.8958001136779785,5.900000095367432,5.889999866485596,5.900000095367432,4602,0.0,0.0
2024-05-29 10:10:00-04:00,5.900000095367432,5.900000095367432,5.889999866485596,5.894999980926514,5624,0.0,0.0
2024-05-29 10:11:00-04:00,5.900000095367432,5.900000095367432,5.894999980926514,5.894999980926514,4631,0.0,0.0
2024-05-29 10:12:00-04:00,5.894999980926514,5.894999980926514,5.889999866485596,5.889999866485596,9505,0.0,0.0
2024-05-29 10:13:00-04:00,5.889999866485596,5.900000095367432,5.889999866485596,5.894999980926514,22640,0.0,0.0
2024-05-29 10:14:00-04:00,5.900000095367432,5.920000076293945,5.900000095367432,5.909999847412109,38122,0.0,0.0
2024-05-29 10:15:00-04:00,5.909999847412109,5.920000076293945,5.909999847412109,5.909999847412109,22916,0.0,0.0
2024-05-29 10:16:00-04:00,5.914999961853027,5.920000076293945,5.909999847412109,5.914999961853027,7508,0.0,0.0
2024-05-29 10:17:00-04:00,5.914999961853027,5.920000076293945,5.909999847412109,5.920000076293945,40007,0.0,0.0
2024-05-29 10:18:00-04:00,5.914999961853027,5.920000076293945,5.900000095367432,5.90500020980835,33122,0.0,0.0
2024-05-29 10:19:00-04:00,5.90500020980835,5.90500020980835,5.889999866485596,5.889999866485596,7151,0.0,0.0
2024-05-29 10:20:00-04:00,5.885000228881836,5.889999866485596,5.880000114440918,5.885000228881836,18450,0.0,0.0
2024-05-29 10:21:00-04:00,5.885000228881836,5.889999866485596,5.869999885559082,5.875,14108,0.0,0.0
2024-05-29 10:22:00-04:00,5.875,5.880000114440918,5.875,5.875,5803,0.0,0.0
2024-05-29 10:23:00-04:00,5.870500087738037,5.888999938964844,5.870500087738037,5.87939977645874,19955,0.0,0.0
2024-05-29 10:24:00-04:00,5.880000114440918,5.889999866485596,5.875,5.885000228881836,5606,0.0,0.0
2024-05-29 10:25:00-04:00,5.885000228881836,5.885000228881836,5.880000114440918,5.880000114440918,18373,0.0,0.0
2024-05-29 10:26:00-04:00,5.875,5.880000114440918,5.869999885559082,5.875,6074,0.0,0.0
2024-05-29 10:27:00-04:00,5.875,5.875,5.860000133514404,5.860000133514404,15629,0.0,0.0
2024-05-29 10:28:00-04:00,5.859899997711182,5.869999885559082,5.859899997711182,5.869999885559082,9701,0.0,0.0
2024-05-29 10:29:00-04:00,5.867599964141846,5.869999885559082,5.860000133514404,5.860000133514404,2459,0.0,0.0
2024-05-29 10:30:00-04:00,5.864999771118164,5.869999885559082,5.860000133514404,5.860000133514404,3459,0.0,0.0
2024-05-29 10:31:00-04:00,5.8607001304626465,5.8607001304626465,5.835000038146973,5.840000152587891,25411,0.0,0.0
2024-05-29 10:32:00-04:00,5.835000038146973,5.840000152587891,5.829999923706055,5.840000152587891,10354,0.0,0.0
2024-05-29 10:33:00-04:00,5.835000038146973,5.84499979019165,5.829999923706055,5.835000038146973,23797,0.0,0.0
2024-05-29 10:34:00-04:00,5.835000038146973,5.840000152587891,5.829999923706055,5.840000152587891,12933,0.0,0.0
2024-05-29 10:35:00-04:00,5.84499979019165,5.855000019073486,5.840000152587891,5.855000019073486,11614,0.0,0.0
2024-05-29 10:36:00-04:00,5.855000019073486,5.864999771118164,5.855000019073486,5.855000019073486,15771,0.0,0.0
2024-05-29 10:37:00-04:00,5.859899997711182,5.860000133514404,5.854700088500977,5.855000019073486,4144,0.0,0.0
2024-05-29 10:38:00-04:00,5.849999904632568,5.855000019073486,5.849999904632568,5.849999904632568,4227,0.0,0.0
2024-05-29 10:39:00-04:00,5.855000019073486,5.864999771118164,5.849999904632568,5.860000133514404,27900,0.0,0.0
2024-05-29 10:40:00-04:00,5.860000133514404,5.869999885559082,5.860000133514404,5.869999885559082,37604,0.0,0.0
2024-05-29 10:41:00-04:00,5.869900226593018,5.869999885559082,5.860000133514404,5.864999771118164,3422,0.0,0.0
2024-05-29 10:42:00-04:00,5.860199928283691,5.869999885559082,5.855000019073486,5.860000133514404,92979,0.0,0.0
2024-05-29 10:43:00-04:00,5.864999771118164,5.864999771118164,5.860000133514404,5.864999771118164,1692,0.0,0.0
2024-05-29 10:44:00-04:00,5.864999771118164,5.869999885559082,5.860000133514404,5.860000133514404,5206,0.0,0.0
2024-05-29 10:45:00-04:00,5.864999771118164,5.864999771118164,5.84499979019165,5.84499979019165,42070,0.0,0.0
2024-05-29 10:46:00-04:00,5.84499979019165,5.849999904632568,5.84499979019165,5.849999904632568,3406,0.0,0.0
2024-05-29 10:47:00-04:00,5.84499979019165,5.855000019073486,5.84499979019165,5.84499979019165,11786,0.0,0.0
2024-05-29 10:48:00-04:00,5.84499979019165,5.849999904632568,5.840000152587891,5.84499979019165,9283,0.0,0.0
2024-05-29 10:49:00-04:00,5.849299907684326,5.849999904632568,5.84499979019165,5.84499979019165,8666,0.0,0.0
2024-05-29 10:50:00-04:00,5.849999904632568,5.849999904632568,5.824999809265137,5.829999923706055,33329,0.0,0.0
2024-05-29 10:51:00-04:00,5.829999923706055,5.840000152587891,5.829999923706055,5.835000038146973,38051,0.0,0.0
2024-05-29 10:52:00-04:00,5.835000038146973,5.835000038146973,5.824999809265137,5.824999809265137,18677,0.0,0.0
2024-05-29 10:53:00-04:00,5.824999809265137,5.829999923706055,5.820000171661377,5.8292999267578125,54178,0.0,0.0
2024-05-29 10:54:00-04:00,5.824999809265137,5.829899787902832,5.820000171661377,5.829899787902832,7534,0.0,0.0
2024-05-29 10:55:00-04:00,5.820000171661377,5.820000171661377,5.815000057220459,5.815000057220459,13021,0.0,0.0
2024-05-29 10:56:00-04:00,5.815000057220459,5.819900035858154,5.809999942779541,5.815000057220459,12043,0.0,0.0
2024-05-29 10:57:00-04:00,5.815000057220459,5.81879997253418,5.809999942779541,5.809999942779541,8728,0.0,0.0
2024-05-29 10:58:00-04:00,5.815000057220459,5.815000057220459,5.809999942779541,5.809999942779541,20961,0.0,0.0
2024-05-29 10:59:00-04:00,5.809999942779541,5.820000171661377,5.809999942779541,5.815000057220459,5834,0.0,0.0
2024-05-29 11:00:00-04:00,5.815000057220459,5.829999923706055,5.815000057220459,5.820000171661377,27885,0.0,0.0
2024-05-29 11:01:00-04:00,5.829999923706055,5.829999923706055,5.824999809265137,5.829999923706055,14673,0.0,0.0
2024-05-29 11:02:00-04:00,5.820000171661377,5.829999923706055,5.820000171661377,5.824999809265137,3375,0.0,0.0
2024-05-29 11:03:00-04:00,5.829999923706055,5.829999923706055,5.820000171661377,5.824999809265137,6703,0.0,0.0
2024-05-29 11:04:00-04:00,5.824999809265137,5.824999809265137,5.820000171661377,5.820000171661377,1762,0.0,0.0
2024-05-29 11:05:00-04:00,5.820000171661377,5.820000171661377,5.809999942779541,5.809999942779541,17792,0.0,0.0
2024-05-29 11:06:00-04:00,5.809999942779541,5.81879997253418,5.800000190734863,5.809999942779541,12055,0.0,0.0
2024-05-29 11:07:00-04:00,5.804999828338623,5.809999942779541,5.800000190734863,5.809800148010254,2532,0.0,0.0
2024-05-29 11:08:00-04:00,5.804999828338623,5.809999942779541,5.804999828338623,5.809899806976318,8410,0.0,0.0
2024-05-29 11:09:00-04:00,5.8094000816345215,5.809999942779541,5.804999828338623,5.809999942779541,10435,0.0,0.0
2024-05-29 11:10:00-04:00,5.810100078582764,5.815000057220459,5.809999942779541,5.815000057220459,11510,0.0,0.0
2024-05-29 11:11:00-04:00,5.815000057220459,5.820000171661377,5.815000057220459,5.815000057220459,6011,0.0,0.0
2024-05-29 11:12:00-04:00,5.815000057220459,5.820000171661377,5.815000057220459,5.819900035858154,6378,0.0,0.0
2024-05-29 11:13:00-04:00,5.815000057220459,5.81790018081665,5.815000057220459,5.815000057220459,3282,0.0,0.0
2024-05-29 11:14:00-04:00,5.820000171661377,5.820000171661377,5.809999942779541,5.815000057220459,5129,0.0,0.0
2024-05-29 11:15:00-04:00,5.815000057220459,5.837100028991699,5.815000057220459,5.835000038146973,40019,0.0,0.0
2024-05-29 11:16:00-04:00,5.840000152587891,5.840000152587891,5.829999923706055,5.829999923706055,2726,0.0,0.0
2024-05-29 11:17:00-04:00,5.829999923706055,5.835000038146973,5.824999809265137,5.835000038146973,29935,0.0,0.0
2024-05-29 11:18:00-04:00,5.837500095367432,5.837500095367432,5.824999809265137,5.835000038146973,26622,0.0,0.0
2024-05-29 11:19:00-04:00,5.830999851226807,5.835000038146973,5.825900077819824,5.825900077819824,10850,0.0,0.0
2024-05-29 11:21:00-04:00,5.820000171661377,5.820000171661377,5.815000057220459,5.81820011138916,13875,0.0,0.0
2024-05-29 11:22:00-04:00,5.820000171661377,5.820000171661377,5.820000171661377,5.820000171661377,513,0.0,0.0
2024-05-29 11:23:00-04:00,5.815000057220459,5.835000038146973,5.815000057220459,5.835000038146973,26008,0.0,0.0
2024-05-29 11:24:00-04:00,5.835000038146973,5.835000038146973,5.835000038146973,5.835000038146973,493,0.0,0.0
2024-05-29 11:25:00-04:00,5.835000038146973,5.838799953460693,5.829999923706055,5.835000038146973,7337,0.0,0.0
2024-05-29 11:26:00-04:00,5.839099884033203,5.839099884033203,5.835000038146973,5.835000038146973,35444,0.0,0.0
2024-05-29 11:27:00-04:00,5.829999923706055,5.838900089263916,5.829999923706055,5.835000038146973,9311,0.0,0.0
2024-05-29 11:28:00-04:00,5.839200019836426,5.839200019836426,5.839200019836426,5.839200019836426,11020,0.0,0.0
2024-05-29 11:29:00-04:00,5.835000038146973,5.835000038146973,5.820000171661377,5.820000171661377,15564,0.0,0.0
2024-05-29 11:30:00-04:00,5.820000171661377,5.824999809265137,5.820000171661377,5.820000171661377,5878,0.0,0.0
2024-05-29 11:31:00-04:00,5.820000171661377,5.820000171661377,5.809999942779541,5.820000171661377,35813,0.0,0.0
2024-05-29 11:32:00-04:00,5.815000057220459,5.820000171661377,5.815000057220459,5.820000171661377,3185,0.0,0.0
2024-05-29 11:33:00-04:00,5.820000171661377,5.820000171661377,5.815000057220459,5.815000057220459,2019,0.0,0.0
2024-05-29 11:34:00-04:00,5.809999942779541,5.815000057220459,5.800000190734863,5.800000190734863,12012,0.0,0.0
2024-05-29 11:35:00-04:00,5.808899879455566,5.809999942779541,5.804500102996826,5.809999942779541,8983,0.0,0.0
2024-05-29 11:36:00-04:00,5.809999942779541,5.815000057220459,5.809999942779541,5.809999942779541,11440,0.0,0.0
2024-05-29 11:37:00-04:00,5.815000057220459,5.820000171661377,5.809999942779541,5.820000171661377,22285,0.0,0.0
2024-05-29 11:38:00-04:00,5.820000171661377,5.820000171661377,5.815000057220459,5.820000171661377,3653,0.0,0.0
2024-05-29 11:39:00-04:00,5.815000057220459,5.815000057220459,5.815000057220459,5.815000057220459,3808,0.0,0.0
2024-05-29 11:40:00-04:00,5.815000057220459,5.815000057220459,5.815000057220459,5.815000057220459,1100,0.0,0.0
2024-05-29 11:41:00-04:00,5.815000057220459,5.815000057220459,5.815000057220459,5.815000057220459,2490,0.0,0.0
2024-05-29 11:42:00-04:00,5.809999942779541,5.809999942779541,5.804999828338623,5.804999828338623,9150,0.0,0.0
2024-05-29 11:43:00-04:00,5.804999828338623,5.820000171661377,5.804999828338623,5.815000057220459,25520,0.0,0.0
2024-05-29 11:44:00-04:00,5.815000057220459,5.819900035858154,5.815000057220459,5.815000057220459,5240,0.0,0.0
2024-05-29 11:45:00-04:00,5.815000057220459,5.820000171661377,5.815000057220459,5.820000171661377,3570,0.0,0.0
2024-05-29 11:46:00-04:00,5.820000171661377,5.820000171661377,5.820000171661377,5.820000171661377,1661,0.0,0.0
2024-05-29 11:47:00-04:00,5.820000171661377,5.829999923706055,5.820000171661377,5.829999923706055,44946,0.0,0.0
2024-05-29 11:48:00-04:00,5.828499794006348,5.829800128936768,5.824999809265137,5.829800128936768,2454,0.0,0.0
2024-05-29 11:49:00-04:00,5.829999923706055,5.829999923706055,5.820000171661377,5.820000171661377,2854,0.0,0.0
2024-05-29 11:50:00-04:00,5.8292999267578125,5.835000038146973,5.824999809265137,5.829999923706055,69512,0.0,0.0
2024-05-29 11:51:00-04:00,5.824999809265137,5.829899787902832,5.824999809265137,5.829899787902832,1145,0.0,0.0
2024-05-29 11:52:00-04:00,5.828800201416016,5.829999923706055,5.820000171661377,5.824999809265137,5168,0.0,0.0
2024-05-29 11:53:00-04:00,5.827499866485596,5.827499866485596,5.824999809265137,5.825500011444092,1611,0.0,0.0
2024-05-29 11:54:00-04:00,5.82859992980957,5.829999923706055,5.824999809265137,5.824999809265137,3773,0.0,0.0
2024-05-29 11:55:00-04:00,5.824999809265137,5.829999923706055,5.820000171661377,5.820000171661377,8883,0.0,0.0
2024-05-29 11:56:00-04:00,5.820000171661377,5.820000171661377,5.809999942779541,5.809999942779541,11587,0.0,0.0
2024-05-29 11:57:00-04:00,5.809999942779541,5.818999767303467,5.804999828338623,5.815000057220459,36955,0.0,0.0
2024-05-29 11:58:00-04:00,5.815000057220459,5.819900035858154,5.815000057220459,5.815000057220459,1757,0.0,0.0
2024-05-29 11:59:00-04:00,5.810100078582764,5.820000171661377,5.809999942779541,5.809999942779541,3018,0.0,0.0
2024-05-29 12:00:00-04:00,5.809999942779541,5.81820011138916,5.809999942779541,5.815000057220459,4640,0.0,0.0
2024-05-29 12:01:00-04:00,5.809999942779541,5.820000171661377,5.809999942779541,5.820000171661377,22465,0.0,0.0
2024-05-29 12:02:00-04:00,5.820000171661377,5.820000171661377,5.815000057220459,5.815000057220459,669,0.0,0.0
2024-05-29 12:03:00-04:00,5.820000171661377,5.820000171661377,5.815000057220459,5.820000171661377,2628,0.0,0.0
2024-05-29 12:04:00-04:00,5.820000171661377,5.820000171661377,5.815000057220459,5.815000057220459,3442,0.0,0.0
2024-05-29 12:05:00-04:00,5.815000057220459,5.819900035858154,5.810100078582764,5.810100078582764,6724,0.0,0.0
2024-05-29 12:06:00-04:00,5.815000057220459,5.820000171661377,5.815000057220459,5.815000057220459,3484,0.0,0.0
2024-05-29 12:07:00-04:00,5.815000057220459,5.817500114440918,5.809999942779541,5.809999942779541,8943,0.0,0.0
2024-05-29 12:08:00-04:00,5.815000057220459,5.819900035858154,5.809999942779541,5.819900035858154,3990,0.0,0.0
2024-05-29 12:09:00-04:00,5.809999942779541,5.817500114440918,5.809999942779541,5.809999942779541,2760,0.0,0.0
2024-05-29 12:10:00-04:00,5.815000057220459,5.820000171661377,5.804999828338623,5.809999942779541,63694,0.0,0.0
2024-05-29 12:11:00-04:00,5.809999942779541,5.815000057220459,5.809999942779541,5.809999942779541,1617,0.0,0.0
2024-05-29 12:12:00-04:00,5.815000057220459,5.815000057220459,5.795000076293945,5.795000076293945,18226,0.0,0.0
2024-05-29 12:13:00-04:00,5.795000076293945,5.799900054931641,5.789999961853027,5.795000076293945,1815,0.0,0.0
2024-05-29 12:14:00-04:00,5.789999961853027,5.800000190734863,5.789999961853027,5.789999961853027,5995,0.0,0.0
2024-05-29 12:15:00-04:00,5.789999961853027,5.795000076293945,5.789999961853027,5.795000076293945,4159,0.0,0.0
2024-05-29 12:16:00-04:00,5.795000076293945,5.795000076293945,5.789999961853027,5.789999961853027,2565,0.0,0.0
2024-05-29 12:17:00-04:00,5.789999961853027,5.798600196838379,5.789999961853027,5.789999961853027,14264,0.0,0.0
2024-05-29 12:18:00-04:00,5.789999961853027,5.800000190734863,5.789999961853027,5.798900127410889,14985,0.0,0.0
2024-05-29 12:19:00-04:00,5.795000076293945,5.800000190734863,5.795000076293945,5.795000076293945,6242,0.0,0.0
2024-05-29 12:20:00-04:00,5.799900054931641,5.809999942779541,5.795000076293945,5.804999828338623,21098,0.0,0.0
2024-05-29 12:21:00-04:00,5.809999942779541,5.809999942779541,5.804999828338623,5.804999828338623,2941,0.0,0.0
2024-05-29 12:22:00-04:00,5.804999828338623,5.809999942779541,5.804999828338623,5.804999828338623,1456,0.0,0.0
2024-05-29 12:23:00-04:00,5.804999828338623,5.804999828338623,5.800000190734863,5.800000190734863,4187,0.0,0.0
2024-05-29 12:24:00-04:00,5.804999828338623,5.809999942779541,5.804999828338623,5.804999828338623,995,0.0,0.0
2024-05-29 12:25:00-04:00,5.804999828338623,5.809999942779541,5.804999828338623,5.804999828338623,5801,0.0,0.0
2024-05-29 12:26:00-04:00,5.804999828338623,5.804999828338623,5.80019998550415,5.804999828338623,9172,0.0,0.0
2024-05-29 12:27:00-04:00,5.804999828338623,5.809999942779541,5.804999828338623,5.804999828338623,1546,0.0,0.0
2024-05-29 12:28:00-04:00,5.800000190734863,5.809999942779541,5.800000190734863,5.804999828338623,28574,0.0,0.0
2024-05-29 12:29:00-04:00,5.804999828338623,5.809999942779541,5.804999828338623,5.804999828338623,629,0.0,0.0
2024-05-29 12:30:00-04:00,5.808800220489502,5.809999942779541,5.800000190734863,5.804999828338623,5696,0.0,0.0
2024-05-29 12:31:00-04:00,5.804999828338623,5.809999942779541,5.800000190734863,5.809999942779541,7023,0.0,0.0
2024-05-29 12:32:00-04:00,5.804999828338623,5.808800220489502,5.800000190734863,5.804999828338623,9798,0.0,0.0
2024-05-29 12:33:00-04:00,5.800000190734863,5.809999942779541,5.800000190734863,5.800000190734863,2153,0.0,0.0
2024-05-29 12:34:00-04:00,5.804999828338623,5.809899806976318,5.800000190734863,5.800000190734863,2243,0.0,0.0
2024-05-29 12:35:00-04:00,5.800000190734863,5.809999942779541,5.800000190734863,5.804999828338623,22123,0.0,0.0
2024-05-29 12:36:00-04:00,5.804999828338623,5.804999828338623,5.800000190734863,5.804999828338623,20289,0.0,0.0
2024-05-29 12:37:00-04:00,5.804999828338623,5.804999828338623,5.804999828338623,5.804999828338623,566,0.0,0.0
2024-05-29 12:38:00-04:00,5.804999828338623,5.809999942779541,5.804999828338623,5.804999828338623,6748,0.0,0.0
2024-05-29 12:39:00-04:00,5.804999828338623,5.809999942779541,5.804999828338623,5.809999942779541,4162,0.0,0.0
2024-05-29 12:40:00-04:00,5.809999942779541,5.809999942779541,5.800000190734863,5.800000190734863,4529,0.0,0.0
2024-05-29 12:41:00-04:00,5.804999828338623,5.804999828338623,5.804999828338623,5.804999828338623,2240,0.0,0.0
2024-05-29 12:42:00-04:00,5.804999828338623,5.804999828338623,5.795000076293945,5.795000076293945,28518,0.0,0.0
2024-05-29 12:43:00-04:00,5.795000076293945,5.800000190734863,5.789999961853027,5.789999961853027,5656,0.0,0.0
2024-05-29 12:44:00-04:00,5.797500133514404,5.797500133514404,5.789999961853027,5.795000076293945,1756,0.0,0.0
2024-05-29 12:45:00-04:00,5.789999961853027,5.799900054931641,5.789999961853027,5.795000076293945,5737,0.0,0.0
2024-05-29 12:46:00-04:00,5.795000076293945,5.804999828338623,5.795000076293945,5.804999828338623,15171,0.0,0.0
2024-05-29 12:47:00-04:00,5.804999828338623,5.804999828338623,5.800000190734863,5.804999828338623,3408,0.0,0.0
2024-05-29 12:48:00-04:00,5.807499885559082,5.807499885559082,5.804999828338623,5.804999828338623,893,0.0,0.0
2024-05-29 12:49:00-04:00,5.804999828338623,5.804999828338623,5.800000190734863,5.800000190734863,1183,0.0,0.0
2024-05-29 12:50:00-04:00,5.804999828338623,5.809999942779541,5.804999828338623,5.809999942779541,5289,0.0,0.0
2024-05-29 12:51:00-04:00,5.804999828338623,5.81279993057251,5.804999828338623,5.81279993057251,19923,0.0,0.0
2024-05-29 12:52:00-04:00,5.815000057220459,5.815000057220459,5.815000057220459,5.815000057220459,2052,0.0,0.0
2024-05-29 12:53:00-04:00,5.818900108337402,5.818999767303467,5.815000057220459,5.815000057220459,5511,0.0,0.0
2024-05-29 12:54:00-04:00,5.815000057220459,5.818600177764893,5.809999942779541,5.815000057220459,4351,0.0,0.0
2024-05-29 12:55:00-04:00,5.810100078582764,5.815000057220459,5.810100078582764,5.815000057220459,2539,0.0,0.0
2024-05-29 12:56:00-04:00,5.817999839782715,5.817999839782715,5.815000057220459,5.815000057220459,4014,0.0,0.0
2024-05-29 12:57:00-04:00,5.809999942779541,5.819900035858154,5.809999942779541,5.809999942779541,9040,0.0,0.0
2024-05-29 12:58:00-04:00,5.815000057220459,5.819900035858154,5.809999942779541,5.815000057220459,8321,0.0,0.0
2024-05-29 12:59:00-04:00,5.815000057220459,5.820000171661377,5.809999942779541,5.815000057220459,1763,0.0,0.0
2024-05-29 13:00:00-04:00,5.815000057220459,5.829999923706055,5.809999942779541,5.820000171661377,46025,0.0,0.0
2024-05-29 13:01:00-04:00,5.820000171661377,5.829899787902832,5.804999828338623,5.804999828338623,19280,0.0,0.0
2024-05-29 13:02:00-04:00,5.800000190734863,5.809999942779541,5.800000190734863,5.804999828338623,3174,0.0,0.0
2024-05-29 13:03:00-04:00,5.809999942779541,5.815000057220459,5.804999828338623,5.804999828338623,11519,0.0,0.0
2024-05-29 13:04:00-04:00,5.800000190734863,5.809999942779541,5.800000190734863,5.800099849700928,14728,0.0,0.0
2024-05-29 13:05:00-04:00,5.804999828338623,5.809999942779541,5.804999828338623,5.809999942779541,4949,0.0,0.0
2024-05-29 13:06:00-04:00,5.809899806976318,5.809899806976318,5.800000190734863,5.804999828338623,2734,0.0,0.0
2024-05-29 13:07:00-04:00,5.804999828338623,5.804999828338623,5.804999828338623,5.804999828338623,2128,0.0,0.0
2024-05-29 13:08:00-04:00,5.804999828338623,5.804999828338623,5.800000190734863,5.804999828338623,4040,0.0,0.0
2024-05-29 13:09:00-04:00,5.804999828338623,5.809000015258789,5.804999828338623,5.804999828338623,1101,0.0,0.0
2024-05-29 13:10:00-04:00,5.804999828338623,5.809999942779541,5.804999828338623,5.804999828338623,812,0.0,0.0
2024-05-29 13:11:00-04:00,5.804999828338623,5.809100151062012,5.800000190734863,5.804999828338623,3449,0.0,0.0
2024-05-29 13:12:00-04:00,5.800000190734863,5.809999942779541,5.800000190734863,5.804999828338623,9460,0.0,0.0
2024-05-29 13:13:00-04:00,5.800000190734863,5.809999942779541,5.800000190734863,5.804999828338623,7790,0.0,0.0
2024-05-29 13:14:00-04:00,5.800000190734863,5.804999828338623,5.800000190734863,5.804999828338623,2930,0.0,0.0
2024-05-29 13:15:00-04:00,5.804999828338623,5.804999828338623,5.800000190734863,5.800000190734863,3928,0.0,0.0
2024-05-29 13:16:00-04:00,5.800000190734863,5.809899806976318,5.800000190734863,5.800000190734863,5168,0.0,0.0
2024-05-29 13:17:00-04:00,5.804999828338623,5.809999942779541,5.800000190734863,5.800000190734863,8343,0.0,0.0
2024-05-29 13:18:00-04:00,5.800000190734863,5.809999942779541,5.800000190734863,5.809999942779541,1028,0.0,0.0
2024-05-29 13:19:00-04:00,5.800000190734863,5.80709981918335,5.800000190734863,5.804999828338623,2255,0.0,0.0
2024-05-29 13:20:00-04:00,5.809999942779541,5.809999942779541,5.800000190734863,5.804999828338623,5362,0.0,0.0
2024-05-29 13:21:00-04:00,5.804999828338623,5.804999828338623,5.800000190734863,5.800000190734863,1100,0.0,0.0
2024-05-29 13:22:00-04:00,5.800000190734863,5.820000171661377,5.800000190734863,5.815000057220459,28496,0.0,0.0
2024-05-29 13:23:00-04:00,5.819499969482422,5.819499969482422,5.804999828338623,5.804999828338623,12592,0.0,0.0
2024-05-29 13:24:00-04:00,5.804999828338623,5.809999942779541,5.804999828338623,5.809999942779541,1403,0.0,0.0
2024-05-29 13:25:00-04:00,5.804999828338623,5.804999828338623,5.804999828338623,5.804999828338623,584,0.0,0.0
2024-05-29 13:26:00-04:00,5.804999828338623,5.804999828338623,5.804999828338623,5.804999828338623,1183,0.0,0.0
2024-05-29 13:27:00-04:00,5.804999828338623,5.804999828338623,5.801000118255615,5.801000118255615,1735,0.0,0.0
2024-05-29 13:28:00-04:00,5.800000190734863,5.804999828338623,5.800000190734863,5.804999828338623,920,0.0,0.0
2024-05-29 13:29:00-04:00,5.800000190734863,5.809999942779541,5.800000190734863,5.807400226593018,4783,0.0,0.0
2024-05-29 13:30:00-04:00,5.804999828338623,5.809899806976318,5.804999828338623,5.809899806976318,1884,0.0,0.0
2024-05-29 13:31:00-04:00,5.804999828338623,5.809999942779541,5.804999828338623,5.804999828338623,6738,0.0,0.0
2024-05-29 13:32:00-04:00,5.809000015258789,5.809999942779541,5.804999828338623,5.804999828338623,7006,0.0,0.0
2024-05-29 13:33:00-04:00,5.804999828338623,5.809999942779541,5.804999828338623,5.804999828338623,6843,0.0,0.0
2024-05-29 13:34:00-04:00,5.804999828338623,5.804999828338623,5.804999828338623,5.804999828338623,872,0.0,0.0
2024-05-29 13:35:00-04:00,5.809999942779541,5.809999942779541,5.804999828338623,5.804999828338623,4287,0.0,0.0
2024-05-29 13:36:00-04:00,5.804999828338623,5.809999942779541,5.804999828338623,5.804999828338623,667,0.0,0.0
2024-05-29 13:37:00-04:00,5.807499885559082,5.809899806976318,5.800000190734863,5.804999828338623,3180,0.0,0.0
2024-05-29 13:38:00-04:00,5.804999828338623,5.809999942779541,5.804999828338623,5.804999828338623,1959,0.0,0.0
2024-05-29 13:39:00-04:00,5.807499885559082,5.807499885559082,5.804999828338623,5.804999828338623,1287,0.0,0.0
2024-05-29 13:40:00-04:00,5.804999828338623,5.820000171661377,5.804999828338623,5.809999942779541,39452,0.0,0.0
2024-05-29 13:41:00-04:00,5.809999942779541,5.809999942779541,5.804999828338623,5.804999828338623,3402,0.0,0.0
2024-05-29 13:42:00-04:00,5.804999828338623,5.804999828338623,5.800000190734863,5.804999828338623,2389,0.0,0.0
2024-05-29 13:43:00-04:00,5.804999828338623,5.804999828338623,5.800000190734863,5.800000190734863,1512,0.0,0.0
2024-05-29 13:44:00-04:00,5.804999828338623,5.809899806976318,5.804999828338623,5.809899806976318,3233,0.0,0.0
2024-05-29 13:45:00-04:00,5.800000190734863,5.804999828338623,5.800000190734863,5.804999828338623,983,0.0,0.0
2024-05-29 13:46:00-04:00,5.804999828338623,5.820000171661377,5.804999828338623,5.815000057220459,22089,0.0,0.0
2024-05-29 13:47:00-04:00,5.815000057220459,5.824999809265137,5.815000057220459,5.820000171661377,21167,0.0,0.0
2024-05-29 13:48:00-04:00,5.820000171661377,5.820000171661377,5.815000057220459,5.815000057220459,4861,0.0,0.0
2024-05-29 13:49:00-04:00,5.815000057220459,5.817999839782715,5.815000057220459,5.815000057220459,3625,0.0,0.0
2024-05-29 13:50:00-04:00,5.820000171661377,5.824999809265137,5.810100078582764,5.824999809265137,16658,0.0,0.0
2024-05-29 13:51:00-04:00,5.824999809265137,5.824999809265137,5.820000171661377,5.824999809265137,4789,0.0,0.0
2024-05-29 13:52:00-04:00,5.824999809265137,5.829400062561035,5.820000171661377,5.824999809265137,18242,0.0,0.0
2024-05-29 13:53:00-04:00,5.820000171661377,5.820000171661377,5.820000171661377,5.820000171661377,833,0.0,0.0
2024-05-29 13:54:00-04:00,5.824999809265137,5.824999809265137,5.824999809265137,5.824999809265137,858,0.0,0.0
2024-05-29 13:55:00-04:00,5.824999809265137,5.829899787902832,5.820000171661377,5.824999809265137,7467,0.0,0.0
2024-05-29 13:56:00-04:00,5.820000171661377,5.824999809265137,5.815000057220459,5.815000057220459,32400,0.0,0.0
2024-05-29 13:57:00-04:00,5.815000057220459,5.820000171661377,5.809999942779541,5.815000057220459,2056,0.0,0.0
2024-05-29 13:58:00-04:00,5.818699836730957,5.818699836730957,5.815000057220459,5.815000057220459,1942,0.0,0.0
2024-05-29 13:59:00-04:00,5.815000057220459,5.815000057220459,5.809999942779541,5.8125,4908,0.0,0.0
2024-05-29 14:00:00-04:00,5.815000057220459,5.819699764251709,5.800000190734863,5.800000190734863,17455,0.0,0.0
2024-05-29 14:01:00-04:00,5.809899806976318,5.809999942779541,5.804999828338623,5.809999942779541,11132,0.0,0.0
2024-05-29 14:02:00-04:00,5.804999828338623,5.809999942779541,5.800000190734863,5.809899806976318,15020,0.0,0.0
2024-05-29 14:03:00-04:00,5.800000190734863,5.809999942779541,5.800000190734863,5.800000190734863,4818,0.0,0.0
2024-05-29 14:04:00-04:00,5.804999828338623,5.809899806976318,5.800000190734863,5.800000190734863,3043,0.0,0.0
2024-05-29 14:05:00-04:00,5.800000190734863,5.804999828338623,5.800000190734863,5.804999828338623,781,0.0,0.0
2024-05-29 14:06:00-04:00,5.804999828338623,5.804999828338623,5.800000190734863,5.800000190734863,1281,0.0,0.0
2024-05-29 14:07:00-04:00,5.800000190734863,5.804999828338623,5.800000190734863,5.800000190734863,3448,0.0,0.0
2024-05-29 14:08:00-04:00,5.800000190734863,5.809999942779541,5.800000190734863,5.800000190734863,1336,0.0,0.0
2024-05-29 14:09:00-04:00,5.800000190734863,5.809999942779541,5.800000190734863,5.800000190734863,4100,0.0,0.0
2024-05-29 14:10:00-04:00,5.800000190734863,5.800000190734863,5.800000190734863,5.800000190734863,1982,0.0,0.0
2024-05-29 14:11:00-04:00,5.800000190734863,5.800000190734863,5.795000076293945,5.795000076293945,12433,0.0,0.0
2024-05-29 14:12:00-04:00,5.789999961853027,5.800000190734863,5.789999961853027,5.795000076293945,30693,0.0,0.0
2024-05-29 14:13:00-04:00,5.795000076293945,5.804999828338623,5.795000076293945,5.795000076293945,21932,0.0,0.0
2024-05-29 14:14:00-04:00,5.795000076293945,5.800000190734863,5.795000076293945,5.800000190734863,11805,0.0,0.0
2024-05-29 14:15:00-04:00,5.800000190734863,5.800000190734863,5.795000076293945,5.800000190734863,2641,0.0,0.0
2024-05-29 14:16:00-04:00,5.800000190734863,5.800000190734863,5.795000076293945,5.795000076293945,2785,0.0,0.0
2024-05-29 14:17:00-04:00,5.789999961853027,5.795000076293945,5.789999961853027,5.795000076293945,6139,0.0,0.0
2024-05-29 14:18:00-04:00,5.795000076293945,5.795000076293945,5.78000020980835,5.78000020980835,31047,0.0,0.0
2024-05-29 14:19:00-04:00,5.780300140380859,5.784999847412109,5.78000020980835,5.78000020980835,34823,0.0,0.0
2024-05-29 14:20:00-04:00,5.78000020980835,5.784999847412109,5.78000020980835,5.78000020980835,2490,0.0,0.0
2024-05-29 14:21:00-04:00,5.78000020980835,5.788599967956543,5.78000020980835,5.78000020980835,2545,0.0,0.0
2024-05-29 14:22:00-04:00,5.78000020980835,5.789999961853027,5.78000020980835,5.78000020980835,5148,0.0,0.0
2024-05-29 14:23:00-04:00,5.789899826049805,5.789899826049805,5.78000020980835,5.78000020980835,4494,0.0,0.0
2024-05-29 14:24:00-04:00,5.78000020980835,5.784999847412109,5.78000020980835,5.78000020980835,5339,0.0,0.0
2024-05-29 14:25:00-04:00,5.78000020980835,5.785999774932861,5.78000020980835,5.78000020980835,5290,0.0,0.0
2024-05-29 14:26:00-04:00,5.78000020980835,5.784999847412109,5.78000020980835,5.78000020980835,1799,0.0,0.0
2024-05-29 14:27:00-04:00,5.78000020980835,5.784999847412109,5.78000020980835,5.784999847412109,5038,0.0,0.0
2024-05-29 14:28:00-04:00,5.784999847412109,5.784999847412109,5.78000020980835,5.78000020980835,1495,0.0,0.0
2024-05-29 14:29:00-04:00,5.78000020980835,5.789999961853027,5.78000020980835,5.78000020980835,1999,0.0,0.0
2024-05-29 14:30:00-04:00,5.78000020980835,5.784999847412109,5.78000020980835,5.78000020980835,2796,0.0,0.0
2024-05-29 14:31:00-04:00,5.78000020980835,5.789999961853027,5.78000020980835,5.78000020980835,3524,0.0,0.0
2024-05-29 14:32:00-04:00,5.78000020980835,5.789999961853027,5.78000020980835,5.784999847412109,2615,0.0,0.0
2024-05-29 14:33:00-04:00,5.78000020980835,5.784999847412109,5.769999980926514,5.775000095367432,28753,0.0,0.0
2024-05-29 14:34:00-04:00,5.775000095367432,5.789999961853027,5.769999980926514,5.789999961853027,37500,0.0,0.0
2024-05-29 14:35:00-04:00,5.784999847412109,5.784999847412109,5.775000095367432,5.775000095367432,13261,0.0,0.0
2024-05-29 14:37:00-04:00,5.775000095367432,5.775000095367432,5.775000095367432,5.775000095367432,207,0.0,0.0
2024-05-29 14:38:00-04:00,5.775000095367432,5.779900074005127,5.769999980926514,5.769999980926514,1721,0.0,0.0
2024-05-29 14:39:00-04:00,5.775000095367432,5.775000095367432,5.769999980926514,5.769999980926514,405,0.0,0.0
2024-05-29 14:40:00-04:00,5.775000095367432,5.775000095367432,5.760000228881836,5.764999866485596,26598,0.0,0.0
2024-05-29 14:41:00-04:00,5.769999980926514,5.775000095367432,5.767099857330322,5.769899845123291,33380,0.0,0.0
2024-05-29 14:42:00-04:00,5.769999980926514,5.770100116729736,5.769999980926514,5.770100116729736,4431,0.0,0.0
2024-05-29 14:43:00-04:00,5.7778000831604,5.7778000831604,5.770299911499023,5.770299911499023,1388,0.0,0.0
2024-05-29 14:44:00-04:00,5.775000095367432,5.78000020980835,5.775000095367432,5.778800010681152,29092,0.0,0.0
2024-05-29 14:45:00-04:00,5.775000095367432,5.775000095367432,5.764800071716309,5.764800071716309,25469,0.0,0.0
2024-05-29 14:46:00-04:00,5.769999980926514,5.769999980926514,5.763999938964844,5.769999980926514,3896,0.0,0.0
2024-05-29 14:47:00-04:00,5.769199848175049,5.769999980926514,5.764999866485596,5.764999866485596,2391,0.0,0.0
2024-05-29 14:48:00-04:00,5.764999866485596,5.768899917602539,5.764999866485596,5.768899917602539,681,0.0,0.0
2024-05-29 14:49:00-04:00,5.764999866485596,5.769999980926514,5.760000228881836,5.764999866485596,2543,0.0,0.0
2024-05-29 14:50:00-04:00,5.764999866485596,5.769999980926514,5.760000228881836,5.764999866485596,3704,0.0,0.0
2024-05-29 14:51:00-04:00,5.769999980926514,5.769999980926514,5.760000228881836,5.764999866485596,2481,0.0,0.0
2024-05-29 14:52:00-04:00,5.764999866485596,5.769899845123291,5.760000228881836,5.764999866485596,2598,0.0,0.0
2024-05-29 14:53:00-04:00,5.764999866485596,5.769899845123291,5.760000228881836,5.764999866485596,14345,0.0,0.0
2024-05-29 14:54:00-04:00,5.764999866485596,5.769999980926514,5.760000228881836,5.760000228881836,7647,0.0,0.0
2024-05-29 14:55:00-04:00,5.764999866485596,5.769999980926514,5.764999866485596,5.764999866485596,5136,0.0,0.0
2024-05-29 14:56:00-04:00,5.764999866485596,5.765600204467773,5.760000228881836,5.764999866485596,6582,0.0,0.0
2024-05-29 14:57:00-04:00,5.769999980926514,5.769999980926514,5.760000228881836,5.764999866485596,4696,0.0,0.0
2024-05-29 14:58:00-04:00,5.764999866485596,5.769999980926514,5.764999866485596,5.769999980926514,6007,0.0,0.0
2024-05-29 14:59:00-04:00,5.764999866485596,5.769999980926514,5.764999866485596,5.764999866485596,20951,0.0,0.0
2024-05-29 15:00:00-04:00,5.764999866485596,5.769999980926514,5.764999866485596,5.769000053405762,13093,0.0,0.0
2024-05-29 15:01:00-04:00,5.769899845123291,5.769999980926514,5.764999866485596,5.769999980926514,4913,0.0,0.0
2024-05-29 15:02:00-04:00,5.760000228881836,5.769999980926514,5.760000228881836,5.769899845123291,6790,0.0,0.0
2024-05-29 15:03:00-04:00,5.764999866485596,5.769999980926514,5.760499954223633,5.769999980926514,5724,0.0,0.0
2024-05-29 15:04:00-04:00,5.769999980926514,5.78000020980835,5.760000228881836,5.769999980926514,42469,0.0,0.0
2024-05-29 15:05:00-04:00,5.770199775695801,5.775100231170654,5.760000228881836,5.760000228881836,23862,0.0,0.0
2024-05-29 15:06:00-04:00,5.769899845123291,5.769999980926514,5.764999866485596,5.764999866485596,5685,0.0,0.0
2024-05-29 15:07:00-04:00,5.764999866485596,5.769999980926514,5.764999866485596,5.769999980926514,1485,0.0,0.0
2024-05-29 15:08:00-04:00,5.764999866485596,5.7677998542785645,5.760000228881836,5.764999866485596,2694,0.0,0.0
2024-05-29 15:09:00-04:00,5.7677998542785645,5.769999980926514,5.760000228881836,5.764999866485596,8069,0.0,0.0
2024-05-29 15:10:00-04:00,5.764999866485596,5.769999980926514,5.760000228881836,5.764999866485596,2904,0.0,0.0
2024-05-29 15:11:00-04:00,5.764999866485596,5.764999866485596,5.760000228881836,5.764999866485596,9309,0.0,0.0
2024-05-29 15:12:00-04:00,5.764999866485596,5.768700122833252,5.760000228881836,5.764999866485596,3032,0.0,0.0
2024-05-29 15:13:00-04:00,5.764999866485596,5.764999866485596,5.760000228881836,5.764999866485596,1911,0.0,0.0
2024-05-29 15:14:00-04:00,5.764999866485596,5.769999980926514,5.760000228881836,5.764999866485596,2697,0.0,0.0
2024-05-29 15:15:00-04:00,5.764999866485596,5.769999980926514,5.760000228881836,5.764999866485596,7484,0.0,0.0
2024-05-29 15:16:00-04:00,5.760000228881836,5.764999866485596,5.760000228881836,5.764999866485596,5124,0.0,0.0
2024-05-29 15:17:00-04:00,5.760000228881836,5.764999866485596,5.760000228881836,5.764999866485596,4616,0.0,0.0
2024-05-29 15:18:00-04:00,5.764999866485596,5.764999866485596,5.760000228881836,5.760000228881836,2953,0.0,0.0
2024-05-29 15:19:00-04:00,5.764999866485596,5.764999866485596,5.760000228881836,5.760000228881836,1196,0.0,0.0
2024-05-29 15:20:00-04:00,5.764999866485596,5.769999980926514,5.760000228881836,5.760000228881836,2749,0.0,0.0
2024-05-29 15:21:00-04:00,5.760000228881836,5.769999980926514,5.760000228881836,5.760000228881836,6274,0.0,0.0
2024-05-29 15:22:00-04:00,5.764999866485596,5.769999980926514,5.760000228881836,5.760000228881836,2540,0.0,0.0
2024-05-29 15:23:00-04:00,5.769999980926514,5.769999980926514,5.760000228881836,5.760000228881836,6850,0.0,0.0
2024-05-29 15:24:00-04:00,5.764999866485596,5.769999980926514,5.760000228881836,5.760000228881836,1548,0.0,0.0
2024-05-29 15:25:00-04:00,5.760000228881836,5.769999980926514,5.760000228881836,5.764999866485596,3712,0.0,0.0
2024-05-29 15:26:00-04:00,5.764999866485596,5.769999980926514,5.760000228881836,5.760000228881836,17186,0.0,0.0
2024-05-29 15:27:00-04:00,5.760000228881836,5.764999866485596,5.75,5.75,24039,0.0,0.0
2024-05-29 15:28:00-04:00,5.75,5.75,5.744999885559082,5.744999885559082,21948,0.0,0.0
2024-05-29 15:29:00-04:00,5.744999885559082,5.75,5.739999771118164,5.745999813079834,6389,0.0,0.0
2024-05-29 15:30:00-04:00,5.749899864196777,5.75,5.744999885559082,5.749899864196777,25760,0.0,0.0
2024-05-29 15:31:00-04:00,5.75,5.75,5.739999771118164,5.740099906921387,16159,0.0,0.0
2024-05-29 15:32:00-04:00,5.744999885559082,5.744999885559082,5.739999771118164,5.739999771118164,9900,0.0,0.0
2024-05-29 15:33:00-04:00,5.744999885559082,5.75,5.739999771118164,5.744999885559082,1415,0.0,0.0
2024-05-29 15:34:00-04:00,5.744999885559082,5.748799800872803,5.739999771118164,5.739999771118164,9980,0.0,0.0
2024-05-29 15:35:00-04:00,5.739999771118164,5.755000114440918,5.730000019073486,5.75,132261,0.0,0.0
2024-05-29 15:36:00-04:00,5.75,5.760000228881836,5.75,5.755000114440918,7339,0.0,0.0
2024-05-29 15:37:00-04:00,5.759900093078613,5.759900093078613,5.75,5.75,12595,0.0,0.0
2024-05-29 15:38:00-04:00,5.755000114440918,5.755000114440918,5.739999771118164,5.744999885559082,37929,0.0,0.0
2024-05-29 15:39:00-04:00,5.75,5.75,5.744999885559082,5.75,5586,0.0,0.0
2024-05-29 15:40:00-04:00,5.75,5.75,5.739999771118164,5.75,15594,0.0,0.0
2024-05-29 15:41:00-04:00,5.744999885559082,5.75,5.739999771118164,5.744999885559082,20460,0.0,0.0
2024-05-29 15:42:00-04:00,5.744999885559082,5.75,5.739999771118164,5.75,6457,0.0,0.0
2024-05-29 15:43:00-04:00,5.75,5.75,5.740099906921387,5.744999885559082,9527,0.0,0.0
2024-05-29 15:44:00-04:00,5.744999885559082,5.75,5.739999771118164,5.748600006103516,42453,0.0,0.0
2024-05-29 15:45:00-04:00,5.739999771118164,5.749000072479248,5.730000019073486,5.730000019073486,59749,0.0,0.0
2024-05-29 15:46:00-04:00,5.735000133514404,5.7399001121521,5.730000019073486,5.730000019073486,19749,0.0,0.0
2024-05-29 15:47:00-04:00,5.730000019073486,5.738399982452393,5.730000019073486,5.730000019073486,27310,0.0,0.0
2024-05-29 15:48:00-04:00,5.735000133514404,5.735000133514404,5.730000019073486,5.735000133514404,7188,0.0,0.0
2024-05-29 15:49:00-04:00,5.730000019073486,5.737800121307373,5.730000019073486,5.730000019073486,15022,0.0,0.0
2024-05-29 15:50:00-04:00,5.735000133514404,5.769999980926514,5.730000019073486,5.760000228881836,273175,0.0,0.0
2024-05-29 15:51:00-04:00,5.760000228881836,5.769899845123291,5.75,5.755000114440918,50421,0.0,0.0
2024-05-29 15:52:00-04:00,5.75,5.755000114440918,5.75,5.755000114440918,14602,0.0,0.0
2024-05-29 15:53:00-04:00,5.755000114440918,5.769999980926514,5.75,5.760000228881836,129577,0.0,0.0
2024-05-29 15:54:00-04:00,5.764999866485596,5.764999866485596,5.75,5.755000114440918,64522,0.0,0.0
2024-05-29 15:55:00-04:00,5.75,5.760000228881836,5.75,5.755000114440918,39931,0.0,0.0
2024-05-29 15:56:00-04:00,5.755000114440918,5.760000228881836,5.75,5.755000114440918,51584,0.0,0.0
2024-05-29 15:57:00-04:00,5.75,5.760000228881836,5.75,5.755000114440918,40974,0.0,0.0
2024-05-29 15:58:00-04:00,5.755000114440918,5.760000228881836,5.75,5.75,212418,0.0,0.0
2024-05-29 15:59:00-04:00,5.755000114440918,5.769999980926514,5.75,5.760000228881836,280627,0.0,0.0
2024-05-30 09:30:00-04:00,5.84499979019165,5.84499979019165,5.840000152587891,5.840000152587891,235322,0.0,0.0
2024-05-30 09:31:00-04:00,5.815000057220459,5.829999923706055,5.815000057220459,5.828000068664551,23867,0.0,0.0
2024-05-30 09:32:00-04:00,5.829999923706055,5.835000038146973,5.809999942779541,5.829999923706055,22780,0.0,0.0
2024-05-30 09:33:00-04:00,5.824999809265137,5.869999885559082,5.824999809265137,5.860000133514404,57834,0.0,0.0
2024-05-30 09:34:00-04:00,5.860000133514404,5.869999885559082,5.849999904632568,5.869999885559082,14850,0.0,0.0
2024-05-30 09:35:00-04:00,5.875,5.894999980926514,5.870100021362305,5.875,43790,0.0,0.0
2024-05-30 09:36:00-04:00,5.875,5.889999866485596,5.869999885559082,5.885000228881836,31664,0.0,0.0
2024-05-30 09:37:00-04:00,5.885000228881836,5.894999980926514,5.875,5.875,12865,0.0,0.0
2024-05-30 09:38:00-04:00,5.869999885559082,5.885000228881836,5.849999904632568,5.849999904632568,24549,0.0,0.0
2024-05-30 09:39:00-04:00,5.860000133514404,5.860000133514404,5.840000152587891,5.849999904632568,14723,0.0,0.0
2024-05-30 09:40:00-04:00,5.840000152587891,5.880000114440918,5.829999923706055,5.875,17752,0.0,0.0
2024-05-30 09:41:00-04:00,5.880000114440918,5.889999866485596,5.875,5.885000228881836,16021,0.0,0.0
2024-05-30 09:42:00-04:00,5.885000228881836,5.914999961853027,5.880000114440918,5.90500020980835,26910,0.0,0.0
2024-05-30 09:43:00-04:00,5.90880012512207,5.909999847412109,5.900599956512451,5.90500020980835,23874,0.0,0.0
2024-05-30 09:44:00-04:00,5.900000095367432,5.920000076293945,5.900000095367432,5.909999847412109,16950,0.0,0.0
2024-05-30 09:45:00-04:00,5.920000076293945,5.929999828338623,5.908999919891357,5.914999961853027,32293,0.0,0.0
2024-05-30 09:46:00-04:00,5.909999847412109,5.920000076293945,5.90500020980835,5.909999847412109,16658,0.0,0.0
2024-05-30 09:47:00-04:00,5.914999961853027,5.940000057220459,5.909999847412109,5.929999828338623,71908,0.0,0.0
2024-05-30 09:48:00-04:00,5.929999828338623,5.948500156402588,5.925000190734863,5.939899921417236,39282,0.0,0.0
2024-05-30 09:49:00-04:00,5.929999828338623,5.940000057220459,5.929999828338623,5.934999942779541,10574,0.0,0.0
2024-05-30 09:50:00-04:00,5.934999942779541,5.934999942779541,5.909999847412109,5.925000190734863,18240,0.0,0.0
2024-05-30 09:51:00-04:00,5.925000190734863,5.940000057220459,5.909999847412109,5.914999961853027,29899,0.0,0.0
2024-05-30 09:52:00-04:00,5.909999847412109,5.934999942779541,5.909999847412109,5.929999828338623,19889,0.0,0.0
2024-05-30 09:53:00-04:00,5.929999828338623,5.949900150299072,5.920000076293945,5.949900150299072,27647,0.0,0.0
2024-05-30 09:54:00-04:00,5.945000171661377,5.965000152587891,5.945000171661377,5.960000038146973,39540,0.0,0.0
2024-05-30 09:55:00-04:00,5.960000038146973,5.960000038146973,5.944399833679199,5.944399833679199,26135,0.0,0.0
2024-05-30 09:56:00-04:00,5.945300102233887,5.949999809265137,5.940000057220459,5.948599815368652,29850,0.0,0.0
2024-05-30 09:57:00-04:00,5.949999809265137,5.960000038146973,5.949999809265137,5.949999809265137,79967,0.0,0.0
2024-05-30 09:58:00-04:00,5.954999923706055,5.960000038146973,5.949999809265137,5.949999809265137,16286,0.0,0.0
2024-05-30 09:59:00-04:00,5.954999923706055,5.960000038146973,5.945000171661377,5.960000038146973,22516,0.0,0.0
2024-05-30 10:00:00-04:00,5.949999809265137,5.954999923706055,5.940000057220459,5.945000171661377,38361,0.0,0.0
2024-05-30 10:01:00-04:00,5.945000171661377,5.960000038146973,5.940000057220459,5.945000171661377,16054,0.0,0.0
2024-05-30 10:02:00-04:00,5.945000171661377,5.945000171661377,5.925000190734863,5.929699897766113,28791,0.0,0.0
2024-05-30 10:03:00-04:00,5.929999828338623,5.929999828338623,5.925000190734863,5.925000190734863,3438,0.0,0.0
2024-05-30 10:04:00-04:00,5.929999828338623,5.940000057220459,5.925000190734863,5.940000057220459,3825,0.0,0.0
2024-05-30 10:05:00-04:00,5.929999828338623,5.940000057220459,5.929999828338623,5.929999828338623,15408,0.0,0.0
2024-05-30 10:06:00-04:00,5.934999942779541,5.949999809265137,5.929999828338623,5.949999809265137,7522,0.0,0.0
2024-05-30 10:07:00-04:00,5.949999809265137,5.949999809265137,5.945000171661377,5.945000171661377,2064,0.0,0.0
2024-05-30 10:08:00-04:00,5.949999809265137,5.960000038146973,5.949999809265137,5.950200080871582,13462,0.0,0.0
2024-05-30 10:09:00-04:00,5.949999809265137,5.96999979019165,5.940000057220459,5.945000171661377,101991,0.0,0.0
2024-05-30 10:10:00-04:00,5.945000171661377,5.945000171661377,5.929999828338623,5.945000171661377,12877,0.0,0.0
2024-05-30 10:11:00-04:00,5.945000171661377,5.948200225830078,5.934999942779541,5.934999942779541,19930,0.0,0.0
2024-05-30 10:12:00-04:00,5.934999942779541,5.934999942779541,5.920000076293945,5.920100212097168,25375,0.0,0.0
2024-05-30 10:13:00-04:00,5.925000190734863,5.929999828338623,5.925000190734863,5.929999828338623,32700,0.0,0.0
2024-05-30 10:14:00-04:00,5.925000190734863,5.940000057220459,5.920000076293945,5.934999942779541,9904,0.0,0.0
2024-05-30 10:15:00-04:00,5.934999942779541,5.940000057220459,5.920000076293945,5.930200099945068,99102,0.0,0.0
2024-05-30 10:16:00-04:00,5.940000057220459,5.945000171661377,5.920000076293945,5.920000076293945,92603,0.0,0.0
2024-05-30 10:17:00-04:00,5.925000190734863,5.929999828338623,5.90500020980835,5.90500020980835,18869,0.0,0.0
2024-05-30 10:18:00-04:00,5.90500020980835,5.920000076293945,5.900000095367432,5.914999961853027,12422,0.0,0.0
2024-05-30 10:19:00-04:00,5.914999961853027,5.934999942779541,5.914999961853027,5.934999942779541,18012,0.0,0.0
2024-05-30 10:20:00-04:00,5.934999942779541,5.940000057220459,5.929999828338623,5.934999942779541,4293,0.0,0.0
2024-05-30 10:21:00-04:00,5.934999942779541,5.939899921417236,5.914999961853027,5.914999961853027,31383,0.0,0.0
2024-05-30 10:22:00-04:00,5.920000076293945,5.920000076293945,5.914999961853027,5.914999961853027,7528,0.0,0.0
2024-05-30 10:23:00-04:00,5.914999961853027,5.920000076293945,5.909999847412109,5.920000076293945,5986,0.0,0.0
2024-05-30 10:24:00-04:00,5.914999961853027,5.920000076293945,5.909999847412109,5.914999961853027,4626,0.0,0.0
2024-05-30 10:25:00-04:00,5.920000076293945,5.920000076293945,5.909999847412109,5.920000076293945,11045,0.0,0.0
2024-05-30 10:26:00-04:00,5.919000148773193,5.920000076293945,5.909999847412109,5.920000076293945,4915,0.0,0.0
2024-05-30 10:27:00-04:00,5.920000076293945,5.929999828338623,5.914999961853027,5.914999961853027,19271,0.0,0.0
2024-05-30 10:28:00-04:00,5.914999961853027,5.920000076293945,5.914999961853027,5.914999961853027,3225,0.0,0.0
2024-05-30 10:29:00-04:00,5.914999961853027,5.925000190734863,5.914999961853027,5.920000076293945,9353,0.0,0.0
2024-05-30 10:30:00-04:00,5.920000076293945,5.920000076293945,5.900100231170654,5.900100231170654,24972,0.0,0.0
2024-05-30 10:31:00-04:00,5.90500020980835,5.909999847412109,5.894999980926514,5.900000095367432,44253,0.0,0.0
2024-05-30 10:32:00-04:00,5.891200065612793,5.900000095367432,5.891200065612793,5.900000095367432,6456,0.0,0.0
2024-05-30 10:33:00-04:00,5.900000095367432,5.90500020980835,5.894999980926514,5.90500020980835,6513,0.0,0.0
2024-05-30 10:34:00-04:00,5.90500020980835,5.909999847412109,5.90500020980835,5.90500020980835,4896,0.0,0.0
2024-05-30 10:35:00-04:00,5.90500020980835,5.909900188446045,5.894999980926514,5.900000095367432,13288,0.0,0.0
2024-05-30 10:36:00-04:00,5.900000095367432,5.900000095367432,5.889999866485596,5.894999980926514,4703,0.0,0.0
2024-05-30 10:37:00-04:00,5.889999866485596,5.914999961853027,5.889999866485596,5.914999961853027,12473,0.0,0.0
2024-05-30 10:38:00-04:00,5.914999961853027,5.914999961853027,5.909999847412109,5.914999961853027,28075,0.0,0.0
2024-05-30 10:39:00-04:00,5.909999847412109,5.925000190734863,5.909999847412109,5.925000190734863,20072,0.0,0.0
2024-05-30 10:40:00-04:00,5.925000190734863,5.929999828338623,5.914999961853027,5.914999961853027,16933,0.0,0.0
2024-05-30 10:41:00-04:00,5.914999961853027,5.920000076293945,5.909999847412109,5.914999961853027,1539,0.0,0.0
2024-05-30 10:42:00-04:00,5.914999961853027,5.914999961853027,5.900000095367432,5.90500020980835,21426,0.0,0.0
2024-05-30 10:43:00-04:00,5.900000095367432,5.920000076293945,5.900000095367432,5.914999961853027,5895,0.0,0.0
2024-05-30 10:44:00-04:00,5.920000076293945,5.920000076293945,5.909999847412109,5.914999961853027,8250,0.0,0.0
2024-05-30 10:45:00-04:00,5.914999961853027,5.920000076293945,5.909999847412109,5.920000076293945,12908,0.0,0.0
2024-05-30 10:46:00-04:00,5.920000076293945,5.920000076293945,5.909999847412109,5.914999961853027,18423,0.0,0.0
2024-05-30 10:47:00-04:00,5.909999847412109,5.914999961853027,5.909999847412109,5.914999961853027,6774,0.0,0.0
2024-05-30 10:48:00-04:00,5.920000076293945,5.940000057220459,5.920000076293945,5.929999828338623,30628,0.0,0.0
2024-05-30 10:49:00-04:00,5.929999828338623,5.929999828338623,5.920000076293945,5.920000076293945,19579,0.0,0.0
2024-05-30 10:50:00-04:00,5.914999961853027,5.914999961853027,5.90500020980835,5.90500020980835,9301,0.0,0.0
2024-05-30 10:51:00-04:00,5.90500020980835,5.920000076293945,5.90500020980835,5.914999961853027,7554,0.0,0.0
2024-05-30 10:52:00-04:00,5.909999847412109,5.914999961853027,5.909999847412109,5.914999961853027,8966,0.0,0.0
2024-05-30 10:53:00-04:00,5.914999961853027,5.914999961853027,5.900000095367432,5.90500020980835,10079,0.0,0.0
2024-05-30 10:54:00-04:00,5.909999847412109,5.909999847412109,5.900000095367432,5.90500020980835,16368,0.0,0.0
2024-05-30 10:55:00-04:00,5.909999847412109,5.920000076293945,5.900100231170654,5.913599967956543,15199,0.0,0.0
2024-05-30 10:56:00-04:00,5.909999847412109,5.914999961853027,5.909999847412109,5.914999961853027,13220,0.0,0.0
2024-05-30 10:57:00-04:00,5.909999847412109,5.918499946594238,5.909999847412109,5.909999847412109,17074,0.0,0.0
2024-05-30 10:58:00-04:00,5.909999847412109,5.909999847412109,5.900000095367432,5.90500020980835,27907,0.0,0.0
2024-05-30 10:59:00-04:00,5.90500020980835,5.909999847412109,5.90500020980835,5.90500020980835,6306,0.0,0.0
2024-05-30 11:00:00-04:00,5.909999847412109,5.914999961853027,5.909999847412109,5.914999961853027,9846,0.0,0.0
2024-05-30 11:01:00-04:00,5.914999961853027,5.914999961853027,5.909999847412109,5.909999847412109,3883,0.0,0.0
2024-05-30 11:02:00-04:00,5.914999961853027,5.914999961853027,5.90500020980835,5.914999961853027,31364,0.0,0.0
2024-05-30 11:03:00-04:00,5.914999961853027,5.920000076293945,5.909999847412109,5.914999961853027,5030,0.0,0.0
2024-05-30 11:04:00-04:00,5.914999961853027,5.914999961853027,5.894999980926514,5.900000095367432,21055,0.0,0.0
2024-05-30 11:05:00-04:00,5.900000095367432,5.900000095367432,5.889999866485596,5.900000095367432,9579,0.0,0.0
2024-05-30 11:06:00-04:00,5.900000095367432,5.90500020980835,5.900000095367432,5.90500020980835,8613,0.0,0.0
2024-05-30 11:07:00-04:00,5.90500020980835,5.90500020980835,5.894999980926514,5.900000095367432,7762,0.0,0.0
2024-05-30 11:08:00-04:00,5.894999980926514,5.898499965667725,5.894999980926514,5.894999980926514,4594,0.0,0.0
2024-05-30 11:09:00-04:00,5.894999980926514,5.900000095367432,5.894999980926514,5.894999980926514,3221,0.0,0.0
2024-05-30 11:10:00-04:00,5.894999980926514,5.90500020980835,5.894999980926514,5.90500020980835,6726,0.0,0.0
2024-05-30 11:11:00-04:00,5.90500020980835,5.909999847412109,5.900000095367432,5.909999847412109,9191,0.0,0.0
2024-05-30 11:12:00-04:00,5.909999847412109,5.914999961853027,5.900000095367432,5.909999847412109,29642,0.0,0.0
2024-05-30 11:13:00-04:00,5.909999847412109,5.914999961853027,5.909999847412109,5.914999961853027,4452,0.0,0.0
2024-05-30 11:14:00-04:00,5.914999961853027,5.920000076293945,5.909999847412109,5.914999961853027,3414,0.0,0.0
2024-05-30 11:15:00-04:00,5.914999961853027,5.920000076293945,5.909999847412109,5.920000076293945,2711,0.0,0.0
2024-05-30 11:16:00-04:00,5.920000076293945,5.920000076293945,5.914999961853027,5.914999961853027,2315,0.0,0.0
2024-05-30 11:17:00-04:00,5.909999847412109,5.914999961853027,5.900000095367432,5.900100231170654,24868,0.0,0.0
2024-05-30 11:18:00-04:00,5.90500020980835,5.90500020980835,5.900000095367432,5.900000095367432,16252,0.0,0.0
2024-05-30 11:20:00-04:00,5.90749979019165,5.90749979019165,5.90749979019165,5.90749979019165,9262,0.0,0.0
2024-05-30 11:21:00-04:00,5.900000095367432,5.90500020980835,5.894999980926514,5.899199962615967,12541,0.0,0.0
2024-05-30 11:22:00-04:00,5.899199962615967,5.909999847412109,5.899199962615967,5.909999847412109,7658,0.0,0.0
2024-05-30 11:23:00-04:00,5.9096999168396,5.9096999168396,5.90500020980835,5.90880012512207,923,0.0,0.0
2024-05-30 11:24:00-04:00,5.90500020980835,5.90500020980835,5.902400016784668,5.90500020980835,909,0.0,0.0
2024-05-30 11:25:00-04:00,5.909999847412109,5.909999847412109,5.909900188446045,5.909999847412109,2243,0.0,0.0
2024-05-30 11:26:00-04:00,5.902100086212158,5.909999847412109,5.902100086212158,5.90500020980835,1710,0.0,0.0
2024-05-30 11:27:00-04:00,5.909999847412109,5.9182000160217285,5.909999847412109,5.914999961853027,8163,0.0,0.0
2024-05-30 11:28:00-04:00,5.914999961853027,5.920000076293945,5.909999847412109,5.914999961853027,2386,0.0,0.0
2024-05-30 11:29:00-04:00,5.914999961853027,5.920000076293945,5.911499977111816,5.914999961853027,2359,0.0,0.0
2024-05-30 11:30:00-04:00,5.914999961853027,5.920000076293945,5.909999847412109,5.920000076293945,8190,0.0,0.0
2024-05-30 11:31:00-04:00,5.920000076293945,5.929999828338623,5.914999961853027,5.920000076293945,30647,0.0,0.0
2024-05-30 11:32:00-04:00,5.920000076293945,5.920000076293945,5.909999847412109,5.914999961853027,4627,0.0,0.0
2024-05-30 11:33:00-04:00,5.914999961853027,5.920000076293945,5.910099983215332,5.910099983215332,13742,0.0,0.0
2024-05-30 11:34:00-04:00,5.914999961853027,5.920000076293945,5.914999961853027,5.920000076293945,817,0.0,0.0
2024-05-30 11:35:00-04:00,5.914999961853027,5.920000076293945,5.909999847412109,5.914999961853027,4690,0.0,0.0
2024-05-30 11:36:00-04:00,5.914999961853027,5.914999961853027,5.900000095367432,5.90500020980835,11059,0.0,0.0
2024-05-30 11:37:00-04:00,5.90500020980835,5.907899856567383,5.894999980926514,5.894999980926514,5634,0.0,0.0
2024-05-30 11:38:00-04:00,5.899899959564209,5.899899959564209,5.889999866485596,5.898799896240234,11841,0.0,0.0
2024-05-30 11:39:00-04:00,5.889999866485596,5.894999980926514,5.889999866485596,5.894999980926514,1026,0.0,0.0
2024-05-30 11:40:00-04:00,5.889999866485596,5.8979997634887695,5.889999866485596,5.889999866485596,4621,0.0,0.0
2024-05-30 11:41:00-04:00,5.890100002288818,5.898499965667725,5.889999866485596,5.894999980926514,4754,0.0,0.0
2024-05-30 11:42:00-04:00,5.889999866485596,5.898399829864502,5.889999866485596,5.889999866485596,2374,0.0,0.0
2024-05-30 11:43:00-04:00,5.894999980926514,5.899899959564209,5.885000228881836,5.885000228881836,9966,0.0,0.0
2024-05-30 11:44:00-04:00,5.885000228881836,5.889999866485596,5.880000114440918,5.889999866485596,6411,0.0,0.0
2024-05-30 11:45:00-04:00,5.8871002197265625,5.900000095367432,5.885000228881836,5.894999980926514,18096,0.0,0.0
2024-05-30 11:46:00-04:00,5.894999980926514,5.900000095367432,5.880099773406982,5.880099773406982,37874,0.0,0.0
2024-05-30 11:47:00-04:00,5.889999866485596,5.900000095367432,5.889999866485596,5.900000095367432,13957,0.0,0.0
2024-05-30 11:48:00-04:00,5.8979997634887695,5.900000095367432,5.892399787902832,5.900000095367432,2915,0.0,0.0
2024-05-30 11:49:00-04:00,5.894999980926514,5.894999980926514,5.894999980926514,5.894999980926514,906,0.0,0.0
2024-05-30 11:50:00-04:00,5.889999866485596,5.889999866485596,5.885000228881836,5.885000228881836,9885,0.0,0.0
2024-05-30 11:51:00-04:00,5.889999866485596,5.900000095367432,5.889999866485596,5.894999980926514,15549,0.0,0.0
2024-05-30 11:52:00-04:00,5.900000095367432,5.900000095367432,5.894999980926514,5.894999980926514,1046,0.0,0.0
2024-05-30 11:53:00-04:00,5.899199962615967,5.899199962615967,5.899199962615967,5.899199962615967,795,0.0,0.0
2024-05-30 11:54:00-04:00,5.900000095367432,5.900000095367432,5.894999980926514,5.898600101470947,12882,0.0,0.0
2024-05-30 11:55:00-04:00,5.894999980926514,5.900000095367432,5.889999866485596,5.894999980926514,3345,0.0,0.0
2024-05-30 11:56:00-04:00,5.900000095367432,5.900000095367432,5.8902997970581055,5.894999980926514,8680,0.0,0.0
2024-05-30 11:57:00-04:00,5.894999980926514,5.899899959564209,5.894999980926514,5.894999980926514,3838,0.0,0.0
2024-05-30 11:58:00-04:00,5.894999980926514,5.900000095367432,5.894999980926514,5.894999980926514,10016,0.0,0.0
2024-05-30 11:59:00-04:00,5.900000095367432,5.900000095367432,5.889999866485596,5.894999980926514,5006,0.0,0.0
2024-05-30 12:00:00-04:00,5.894999980926514,5.900000095367432,5.892499923706055,5.900000095367432,18040,0.0,0.0
2024-05-30 12:01:00-04:00,5.90500020980835,5.909999847412109,5.898600101470947,5.898600101470947,22482,0.0,0.0
2024-05-30 12:02:00-04:00,5.900000095367432,5.900000095367432,5.894999980926514,5.894999980926514,1319,0.0,0.0
2024-05-30 12:03:00-04:00,5.900000095367432,5.900000095367432,5.894999980926514,5.894999980926514,10388,0.0,0.0
2024-05-30 12:04:00-04:00,5.889999866485596,5.900000095367432,5.889999866485596,5.889999866485596,6358,0.0,0.0
2024-05-30 12:05:00-04:00,5.889999866485596,5.900000095367432,5.889999866485596,5.900000095367432,3323,0.0,0.0
2024-05-30 12:06:00-04:00,5.900000095367432,5.900000095367432,5.894999980926514,5.900000095367432,3787,0.0,0.0
2024-05-30 12:07:00-04:00,5.894499778747559,5.894999980926514,5.889999866485596,5.889999866485596,1876,0.0,0.0
2024-05-30 12:08:00-04:00,5.894999980926514,5.900000095367432,5.889999866485596,5.894999980926514,4332,0.0,0.0
2024-05-30 12:09:00-04:00,5.889999866485596,5.897500038146973,5.889999866485596,5.889999866485596,3301,0.0,0.0
2024-05-30 12:10:00-04:00,5.889999866485596,5.889999866485596,5.885000228881836,5.885000228881836,10191,0.0,0.0
2024-05-30 12:11:00-04:00,5.880099773406982,5.88700008392334,5.880099773406982,5.885000228881836,10711,0.0,0.0
2024-05-30 12:12:00-04:00,5.885000228881836,5.888800144195557,5.885000228881836,5.885000228881836,3340,0.0,0.0
2024-05-30 12:13:00-04:00,5.885000228881836,5.889999866485596,5.8815999031066895,5.887700080871582,6255,0.0,0.0
2024-05-30 12:14:00-04:00,5.885000228881836,5.889999866485596,5.880000114440918,5.880099773406982,1503,0.0,0.0
2024-05-30 12:15:00-04:00,5.889999866485596,5.889999866485596,5.880000114440918,5.885000228881836,1458,0.0,0.0
2024-05-30 12:16:00-04:00,5.885000228881836,5.889999866485596,5.885000228881836,5.889999866485596,2829,0.0,0.0
2024-05-30 12:17:00-04:00,5.885000228881836,5.889999866485596,5.885000228881836,5.889999866485596,1206,0.0,0.0
2024-05-30 12:18:00-04:00,5.889999866485596,5.889999866485596,5.885000228881836,5.885000228881836,1839,0.0,0.0
2024-05-30 12:19:00-04:00,5.889999866485596,5.889999866485596,5.885000228881836,5.888199806213379,2189,0.0,0.0
2024-05-30 12:20:00-04:00,5.885000228881836,5.889999866485596,5.885000228881836,5.889999866485596,911,0.0,0.0
2024-05-30 12:21:00-04:00,5.889999866485596,5.900000095367432,5.885000228881836,5.894999980926514,19974,0.0,0.0
2024-05-30 12:22:00-04:00,5.894999980926514,5.900000095367432,5.889999866485596,5.894999980926514,8335,0.0,0.0
2024-05-30 12:23:00-04:00,5.889999866485596,5.900000095367432,5.889999866485596,5.900000095367432,3349,0.0,0.0
2024-05-30 12:24:00-04:00,5.894999980926514,5.900000095367432,5.894999980926514,5.900000095367432,2466,0.0,0.0
2024-05-30 12:25:00-04:00,5.894999980926514,5.894999980926514,5.880000114440918,5.885000228881836,19993,0.0,0.0
2024-05-30 12:26:00-04:00,5.885000228881836,5.889999866485596,5.885000228881836,5.885000228881836,2111,0.0,0.0
2024-05-30 12:27:00-04:00,5.889999866485596,5.889999866485596,5.885000228881836,5.885000228881836,1331,0.0,0.0
2024-05-30 12:28:00-04:00,5.885000228881836,5.885000228881836,5.885000228881836,5.885000228881836,1381,0.0,0.0
2024-05-30 12:29:00-04:00,5.885000228881836,5.885000228881836,5.880000114440918,5.885000228881836,3572,0.0,0.0
2024-05-30 12:30:00-04:00,5.885000228881836,5.889999866485596,5.880000114440918,5.880000114440918,12386,0.0,0.0
2024-05-30 12:31:00-04:00,5.885000228881836,5.894999980926514,5.880000114440918,5.889999866485596,42683,0.0,0.0
2024-05-30 12:32:00-04:00,5.889900207519531,5.889999866485596,5.885000228881836,5.885000228881836,2620,0.0,0.0
2024-05-30 12:33:00-04:00,5.889999866485596,5.889999866485596,5.889999866485596,5.889999866485596,1944,0.0,0.0
2024-05-30 12:34:00-04:00,5.885000228881836,5.889999866485596,5.885000228881836,5.889999866485596,1001,0.0,0.0
2024-05-30 12:35:00-04:00,5.889999866485596,5.889999866485596,5.885000228881836,5.885000228881836,2434,0.0,0.0
2024-05-30 12:36:00-04:00,5.885000228881836,5.889999866485596,5.885000228881836,5.885000228881836,1087,0.0,0.0
2024-05-30 12:37:00-04:00,5.885000228881836,5.889999866485596,5.885000228881836,5.889999866485596,527,0.0,0.0
2024-05-30 12:38:00-04:00,5.889100074768066,5.900000095367432,5.889100074768066,5.900000095367432,8421,0.0,0.0
2024-05-30 12:39:00-04:00,5.900000095367432,5.900000095367432,5.894999980926514,5.900000095367432,14908,0.0,0.0
2024-05-30 12:40:00-04:00,5.900000095367432,5.900000095367432,5.894999980926514,5.894999980926514,934,0.0,0.0
2024-05-30 12:41:00-04:00,5.894999980926514,5.894999980926514,5.894999980926514,5.894999980926514,1738,0.0,0.0
2024-05-30 12:42:00-04:00,5.894899845123291,5.900000095367432,5.889999866485596,5.894999980926514,5911,0.0,0.0
2024-05-30 12:43:00-04:00,5.894999980926514,5.900000095367432,5.889999866485596,5.894999980926514,3571,0.0,0.0
2024-05-30 12:44:00-04:00,5.894999980926514,5.900000095367432,5.894999980926514,5.894999980926514,4506,0.0,0.0
2024-05-30 12:45:00-04:00,5.894999980926514,5.898499965667725,5.894999980926514,5.894999980926514,2711,0.0,0.0
2024-05-30 12:46:00-04:00,5.894999980926514,5.900000095367432,5.894999980926514,5.900000095367432,1515,0.0,0.0
2024-05-30 12:47:00-04:00,5.900000095367432,5.900000095367432,5.889999866485596,5.894999980926514,1472,0.0,0.0
2024-05-30 12:48:00-04:00,5.894999980926514,5.900000095367432,5.889999866485596,5.889999866485596,1100,0.0,0.0
2024-05-30 12:49:00-04:00,5.900000095367432,5.900000095367432,5.889999866485596,5.894999980926514,4142,0.0,0.0
2024-05-30 12:50:00-04:00,5.894999980926514,5.909999847412109,5.894999980926514,5.90500020980835,32932,0.0,0.0
2024-05-30 12:51:00-04:00,5.909999847412109,5.909999847412109,5.909999847412109,5.909999847412109,742,0.0,0.0
2024-05-30 12:52:00-04:00,5.909999847412109,5.909999847412109,5.900100231170654,5.9096999168396,973,0.0,0.0
2024-05-30 12:53:00-04:00,5.90500020980835,5.909999847412109,5.90500020980835,5.909999847412109,1883,0.0,0.0
2024-05-30 12:54:00-04:00,5.909999847412109,5.909999847412109,5.90500020980835,5.909999847412109,1556,0.0,0.0
2024-05-30 12:55:00-04:00,5.90500020980835,5.909999847412109,5.90500020980835,5.909999847412109,798,0.0,0.0
2024-05-30 12:56:00-04:00,5.909900188446045,5.909999847412109,5.900000095367432,5.900000095367432,10258,0.0,0.0
2024-05-30 12:57:00-04:00,5.900000095367432,5.909999847412109,5.900000095367432,5.908999919891357,804,0.0,0.0
2024-05-30 12:58:00-04:00,5.909999847412109,5.920000076293945,5.90500020980835,5.920000076293945,20333,0.0,0.0
2024-05-30 12:59:00-04:00,5.920000076293945,5.920000076293945,5.910799980163574,5.919000148773193,3714,0.0,0.0
2024-05-30 13:00:00-04:00,5.914999961853027,5.920000076293945,5.910099983215332,5.920000076293945,3363,0.0,0.0
2024-05-30 13:01:00-04:00,5.920000076293945,5.940000057220459,5.920000076293945,5.940000057220459,36758,0.0,0.0
2024-05-30 13:02:00-04:00,5.934999942779541,5.949999809265137,5.934999942779541,5.945000171661377,24424,0.0,0.0
2024-05-30 13:03:00-04:00,5.949999809265137,5.949999809265137,5.940100193023682,5.945000171661377,5216,0.0,0.0
2024-05-30 13:04:00-04:00,5.945000171661377,5.949999809265137,5.945000171661377,5.949999809265137,1550,0.0,0.0
2024-05-30 13:05:00-04:00,5.949999809265137,5.949999809265137,5.940499782562256,5.949999809265137,5749,0.0,0.0
2024-05-30 13:06:00-04:00,5.945000171661377,5.949999809265137,5.945000171661377,5.949999809265137,1256,0.0,0.0
2024-05-30 13:07:00-04:00,5.949999809265137,5.949999809265137,5.940000057220459,5.94789981842041,2332,0.0,0.0
2024-05-30 13:08:00-04:00,5.949999809265137,5.949999809265137,5.945000171661377,5.945000171661377,881,0.0,0.0
2024-05-30 13:09:00-04:00,5.945000171661377,5.949999809265137,5.945000171661377,5.945000171661377,1649,0.0,0.0
2024-05-30 13:10:00-04:00,5.945000171661377,5.949999809265137,5.945000171661377,5.945000171661377,19146,0.0,0.0
2024-05-30 13:11:00-04:00,5.949999809265137,5.949999809265137,5.929999828338623,5.929999828338623,43516,0.0,0.0
2024-05-30 13:12:00-04:00,5.930099964141846,5.937399864196777,5.930099964141846,5.934999942779541,1625,0.0,0.0
2024-05-30 13:13:00-04:00,5.934999942779541,5.934999942779541,5.934999942779541,5.934999942779541,2929,0.0,0.0
2024-05-30 13:14:00-04:00,5.934999942779541,5.940000057220459,5.934999942779541,5.934999942779541,1910,0.0,0.0
2024-05-30 13:15:00-04:00,5.929999828338623,5.934999942779541,5.929999828338623,5.929999828338623,1491,0.0,0.0
2024-05-30 13:16:00-04:00,5.932300090789795,5.934999942779541,5.932300090789795,5.934999942779541,2705,0.0,0.0
2024-05-30 13:17:00-04:00,5.929999828338623,5.934999942779541,5.929999828338623,5.934999942779541,4029,0.0,0.0
2024-05-30 13:18:00-04:00,5.929999828338623,5.934999942779541,5.929999828338623,5.929999828338623,376,0.0,0.0
2024-05-30 13:19:00-04:00,5.929999828338623,5.934999942779541,5.929999828338623,5.934999942779541,1510,0.0,0.0
2024-05-30 13:20:00-04:00,5.929999828338623,5.939899921417236,5.929999828338623,5.934999942779541,2930,0.0,0.0
2024-05-30 13:21:00-04:00,5.934999942779541,5.940000057220459,5.934999942779541,5.934999942779541,9476,0.0,0.0
2024-05-30 13:22:00-04:00,5.934999942779541,5.940000057220459,5.934999942779541,5.940000057220459,2000,0.0,0.0
2024-05-30 13:23:00-04:00,5.934000015258789,5.937699794769287,5.934000015258789,5.934999942779541,2920,0.0,0.0
2024-05-30 13:24:00-04:00,5.934999942779541,5.940000057220459,5.934999942779541,5.934999942779541,14801,0.0,0.0
2024-05-30 13:25:00-04:00,5.934999942779541,5.940000057220459,5.934999942779541,5.940000057220459,9737,0.0,0.0
2024-05-30 13:26:00-04:00,5.934999942779541,5.940000057220459,5.929999828338623,5.934999942779541,801,0.0,0.0
2024-05-30 13:27:00-04:00,5.934999942779541,5.940000057220459,5.930099964141846,5.934999942779541,6310,0.0,0.0
2024-05-30 13:28:00-04:00,5.934999942779541,5.940000057220459,5.929999828338623,5.934999942779541,17263,0.0,0.0
2024-05-30 13:29:00-04:00,5.929999828338623,5.934999942779541,5.929999828338623,5.929999828338623,2630,0.0,0.0
2024-05-30 13:30:00-04:00,5.929999828338623,5.934999942779541,5.929999828338623,5.934999942779541,7171,0.0,0.0
2024-05-30 13:31:00-04:00,5.934999942779541,5.940000057220459,5.934999942779541,5.934999942779541,7284,0.0,0.0
2024-05-30 13:32:00-04:00,5.934999942779541,5.940000057220459,5.934999942779541,5.940000057220459,3656,0.0,0.0
2024-05-30 13:33:00-04:00,5.939899921417236,5.940000057220459,5.929999828338623,5.935999870300293,4666,0.0,0.0
2024-05-30 13:34:00-04:00,5.936299800872803,5.936299800872803,5.929999828338623,5.934999942779541,10977,0.0,0.0
2024-05-30 13:35:00-04:00,5.929999828338623,5.934999942779541,5.920000076293945,5.934999942779541,34320,0.0,0.0
2024-05-30 13:36:00-04:00,5.934999942779541,5.934999942779541,5.934999942779541,5.934999942779541,100,0.0,0.0
2024-05-30 13:37:00-04:00,5.940000057220459,5.945000171661377,5.929999828338623,5.934999942779541,110834,0.0,0.0
2024-05-30 13:38:00-04:00,5.929999828338623,5.9375,5.925000190734863,5.925000190734863,41598,0.0,0.0
2024-05-30 13:39:00-04:00,5.925000190734863,5.934999942779541,5.925000190734863,5.929999828338623,31645,0.0,0.0
2024-05-30 13:40:00-04:00,5.929999828338623,5.934999942779541,5.929999828338623,5.930099964141846,6037,0.0,0.0
2024-05-30 13:41:00-04:00,5.932799816131592,5.934999942779541,5.929999828338623,5.929999828338623,3066,0.0,0.0
2024-05-30 13:42:00-04:00,5.929999828338623,5.929999828338623,5.925000190734863,5.929999828338623,25150,0.0,0.0
2024-05-30 13:43:00-04:00,5.920100212097168,5.929999828338623,5.920100212097168,5.929999828338623,5109,0.0,0.0
2024-05-30 13:44:00-04:00,5.925000190734863,5.929999828338623,5.925000190734863,5.929699897766113,2310,0.0,0.0
2024-05-30 13:45:00-04:00,5.928800106048584,5.934999942779541,5.925000190734863,5.934999942779541,10788,0.0,0.0
2024-05-30 13:46:00-04:00,5.934999942779541,5.940000057220459,5.934999942779541,5.940000057220459,2351,0.0,0.0
2024-05-30 13:47:00-04:00,5.930099964141846,5.940000057220459,5.930099964141846,5.931399822235107,7809,0.0,0.0
2024-05-30 13:48:00-04:00,5.934999942779541,5.934999942779541,5.930099964141846,5.934999942779541,2538,0.0,0.0
2024-05-30 13:49:00-04:00,5.929999828338623,5.939899921417236,5.929999828338623,5.934999942779541,2749,0.0,0.0
2024-05-30 13:50:00-04:00,5.929999828338623,5.934999942779541,5.929999828338623,5.934999942779541,1701,0.0,0.0
2024-05-30 13:51:00-04:00,5.934999942779541,5.940000057220459,5.929999828338623,5.940000057220459,2183,0.0,0.0
2024-05-30 13:52:00-04:00,5.934999942779541,5.940000057220459,5.934999942779541,5.940000057220459,4570,0.0,0.0
2024-05-30 13:53:00-04:00,5.934999942779541,5.940000057220459,5.934999942779541,5.934999942779541,1730,0.0,0.0
2024-05-30 13:54:00-04:00,5.940000057220459,5.940000057220459,5.940000057220459,5.940000057220459,2525,0.0,0.0
2024-05-30 13:55:00-04:00,5.934999942779541,5.940000057220459,5.934999942779541,5.934999942779541,2174,0.0,0.0
2024-05-30 13:56:00-04:00,5.940000057220459,5.940000057220459,5.934999942779541,5.940000057220459,437,0.0,0.0
2024-05-30 13:57:00-04:00,5.940000057220459,5.940000057220459,5.934999942779541,5.934999942779541,3763,0.0,0.0
2024-05-30 13:58:00-04:00,5.939899921417236,5.940000057220459,5.929999828338623,5.940000057220459,6475,0.0,0.0
2024-05-30 13:59:00-04:00,5.940000057220459,5.940000057220459,5.929999828338623,5.934999942779541,4587,0.0,0.0
2024-05-30 14:00:00-04:00,5.929999828338623,5.940000057220459,5.929999828338623,5.934999942779541,11241,0.0,0.0
2024-05-30 14:01:00-04:00,5.934999942779541,5.940000057220459,5.930099964141846,5.934999942779541,4712,0.0,0.0
2024-05-30 14:02:00-04:00,5.940000057220459,5.940000057220459,5.914999961853027,5.920000076293945,80758,0.0,0.0
2024-05-30 14:03:00-04:00,5.914999961853027,5.920000076293945,5.914999961853027,5.920000076293945,9039,0.0,0.0
2024-05-30 14:04:00-04:00,5.914999961853027,5.914999961853027,5.909999847412109,5.914999961853027,2081,0.0,0.0
2024-05-30 14:05:00-04:00,5.914999961853027,5.914999961853027,5.90500020980835,5.909999847412109,18323,0.0,0.0
2024-05-30 14:06:00-04:00,5.90500020980835,5.90500020980835,5.900000095367432,5.90500020980835,402,0.0,0.0
2024-05-30 14:07:00-04:00,5.90500020980835,5.90500020980835,5.900000095367432,5.900000095367432,1891,0.0,0.0
2024-05-30 14:08:00-04:00,5.90500020980835,5.909999847412109,5.900000095367432,5.90500020980835,1649,0.0,0.0
2024-05-30 14:09:00-04:00,5.900100231170654,5.909999847412109,5.900000095367432,5.90500020980835,4045,0.0,0.0
2024-05-30 14:10:00-04:00,5.909999847412109,5.909999847412109,5.880000114440918,5.889999866485596,49210,0.0,0.0
2024-05-30 14:11:00-04:00,5.885000228881836,5.894999980926514,5.885000228881836,5.894999980926514,42752,0.0,0.0
2024-05-30 14:12:00-04:00,5.889999866485596,5.894999980926514,5.889999866485596,5.889999866485596,25526,0.0,0.0
2024-05-30 14:13:00-04:00,5.889999866485596,5.900000095367432,5.889999866485596,5.894999980926514,24942,0.0,0.0
2024-05-30 14:14:00-04:00,5.900000095367432,5.900000095367432,5.894999980926514,5.894999980926514,3876,0.0,0.0
2024-05-30 14:15:00-04:00,5.894999980926514,5.896399974822998,5.889999866485596,5.889999866485596,6602,0.0,0.0
2024-05-30 14:16:00-04:00,5.894999980926514,5.895599842071533,5.885000228881836,5.888500213623047,72179,0.0,0.0
2024-05-30 14:17:00-04:00,5.888199806213379,5.889999866485596,5.885000228881836,5.889999866485596,9312,0.0,0.0
2024-05-30 14:18:00-04:00,5.889999866485596,5.894999980926514,5.885000228881836,5.894999980926514,13999,0.0,0.0
2024-05-30 14:19:00-04:00,5.894999980926514,5.894999980926514,5.894999980926514,5.894999980926514,5795,0.0,0.0
2024-05-30 14:20:00-04:00,5.894999980926514,5.900000095367432,5.894999980926514,5.894999980926514,1722,0.0,0.0
2024-05-30 14:21:00-04:00,5.894999980926514,5.900000095367432,5.889999866485596,5.889999866485596,3009,0.0,0.0
2024-05-30 14:22:00-04:00,5.894999980926514,5.894999980926514,5.889999866485596,5.894999980926514,4427,0.0,0.0
2024-05-30 14:23:00-04:00,5.889999866485596,5.894999980926514,5.889999866485596,5.894999980926514,1306,0.0,0.0
2024-05-30 14:24:00-04:00,5.894999980926514,5.900000095367432,5.889999866485596,5.900000095367432,2430,0.0,0.0
2024-05-30 14:25:00-04:00,5.900000095367432,5.900000095367432,5.894999980926514,5.894999980926514,2517,0.0,0.0
2024-05-30 14:26:00-04:00,5.894999980926514,5.900000095367432,5.894999980926514,5.894999980926514,3569,0.0,0.0
2024-05-30 14:27:00-04:00,5.900000095367432,5.900000095367432,5.894999980926514,5.900000095367432,4988,0.0,0.0
2024-05-30 14:28:00-04:00,5.894999980926514,5.900000095367432,5.889999866485596,5.894999980926514,2041,0.0,0.0
2024-05-30 14:29:00-04:00,5.900000095367432,5.900000095367432,5.889999866485596,5.889999866485596,1339,0.0,0.0
2024-05-30 14:30:00-04:00,5.889999866485596,5.90500020980835,5.889999866485596,5.894999980926514,49450,0.0,0.0
2024-05-30 14:31:00-04:00,5.894999980926514,5.898499965667725,5.894999980926514,5.894999980926514,2507,0.0,0.0
2024-05-30 14:32:00-04:00,5.900000095367432,5.900000095367432,5.894999980926514,5.894999980926514,2216,0.0,0.0
2024-05-30 14:33:00-04:00,5.894999980926514,5.900000095367432,5.894999980926514,5.894999980926514,1957,0.0,0.0
2024-05-30 14:34:00-04:00,5.894999980926514,5.894999980926514,5.889999866485596,5.894999980926514,1387,0.0,0.0
2024-05-30 14:35:00-04:00,5.894999980926514,5.894999980926514,5.889999866485596,5.889999866485596,2467,0.0,0.0
2024-05-30 14:36:00-04:00,5.889999866485596,5.889999866485596,5.880000114440918,5.880000114440918,7065,0.0,0.0
2024-05-30 14:37:00-04:00,5.885000228881836,5.889999866485596,5.885000228881836,5.885000228881836,4199,0.0,0.0
2024-05-30 14:38:00-04:00,5.885000228881836,5.885000228881836,5.885000228881836,5.885000228881836,733,0.0,0.0
2024-05-30 14:39:00-04:00,5.885000228881836,5.889999866485596,5.885000228881836,5.885000228881836,13059,0.0,0.0
2024-05-30 14:40:00-04:00,5.885000228881836,5.889999866485596,5.880099773406982,5.889999866485596,10124,0.0,0.0
2024-05-30 14:41:00-04:00,5.889900207519531,5.889999866485596,5.880000114440918,5.885000228881836,6877,0.0,0.0
2024-05-30 14:42:00-04:00,5.885000228881836,5.885000228881836,5.880000114440918,5.885000228881836,1071,0.0,0.0
2024-05-30 14:43:00-04:00,5.880000114440918,5.889999866485596,5.880000114440918,5.880000114440918,1819,0.0,0.0
2024-05-30 14:44:00-04:00,5.880000114440918,5.885000228881836,5.880000114440918,5.880000114440918,948,0.0,0.0
2024-05-30 14:45:00-04:00,5.885000228881836,5.889999866485596,5.880000114440918,5.880000114440918,2060,0.0,0.0
2024-05-30 14:46:00-04:00,5.880000114440918,5.889999866485596,5.880000114440918,5.889999866485596,4037,0.0,0.0
2024-05-30 14:47:00-04:00,5.882500171661377,5.889999866485596,5.880000114440918,5.880000114440918,6991,0.0,0.0
2024-05-30 14:48:00-04:00,5.8821001052856445,5.889999866485596,5.880000114440918,5.888800144195557,2245,0.0,0.0
2024-05-30 14:49:00-04:00,5.889900207519531,5.889999866485596,5.889900207519531,5.889999866485596,4561,0.0,0.0
2024-05-30 14:50:00-04:00,5.885000228881836,5.894999980926514,5.885000228881836,5.894999980926514,13427,0.0,0.0
2024-05-30 14:51:00-04:00,5.894999980926514,5.894999980926514,5.889999866485596,5.894999980926514,3265,0.0,0.0
2024-05-30 14:52:00-04:00,5.894999980926514,5.900000095367432,5.894999980926514,5.900000095367432,2354,0.0,0.0
2024-05-30 14:53:00-04:00,5.894999980926514,5.894999980926514,5.894999980926514,5.894999980926514,1375,0.0,0.0
2024-05-30 14:54:00-04:00,5.900000095367432,5.900000095367432,5.900000095367432,5.900000095367432,1668,0.0,0.0
2024-05-30 14:55:00-04:00,5.894999980926514,5.900000095367432,5.894999980926514,5.900000095367432,964,0.0,0.0
2024-05-30 14:56:00-04:00,5.900000095367432,5.900000095367432,5.889999866485596,5.900000095367432,2996,0.0,0.0
2024-05-30 14:57:00-04:00,5.900000095367432,5.900000095367432,5.889999866485596,5.889999866485596,1666,0.0,0.0
2024-05-30 14:58:00-04:00,5.900000095367432,5.900000095367432,5.889999866485596,5.900000095367432,1427,0.0,0.0
2024-05-30 14:59:00-04:00,5.889999866485596,5.900000095367432,5.889999866485596,5.900000095367432,2181,0.0,0.0
2024-05-30 15:00:00-04:00,5.900000095367432,5.900000095367432,5.89870023727417,5.900000095367432,1208,0.0,0.0
2024-05-30 15:01:00-04:00,5.894999980926514,5.900000095367432,5.889999866485596,5.900000095367432,6214,0.0,0.0
2024-05-30 15:02:00-04:00,5.894999980926514,5.894999980926514,5.875,5.875,92387,0.0,0.0
2024-05-30 15:03:00-04:00,5.880000114440918,5.880000114440918,5.869999885559082,5.875,24446,0.0,0.0
2024-05-30 15:04:00-04:00,5.869999885559082,5.875,5.869999885559082,5.875,5109,0.0,0.0
2024-05-30 15:05:00-04:00,5.875,5.889999866485596,5.875,5.889999866485596,43959,0.0,0.0
2024-05-30 15:06:00-04:00,5.885000228881836,5.889999866485596,5.880000114440918,5.885000228881836,1002,0.0,0.0
2024-05-30 15:07:00-04:00,5.885000228881836,5.889999866485596,5.880099773406982,5.880099773406982,2163,0.0,0.0
2024-05-30 15:08:00-04:00,5.885000228881836,5.889999866485596,5.885000228881836,5.8867998123168945,1058,0.0,0.0
2024-05-30 15:09:00-04:00,5.885000228881836,5.889999866485596,5.880199909210205,5.889999866485596,3427,0.0,0.0
2024-05-30 15:10:00-04:00,5.885000228881836,5.889999866485596,5.8821001052856445,5.885000228881836,9341,0.0,0.0
2024-05-30 15:11:00-04:00,5.889999866485596,5.889999866485596,5.885000228881836,5.889999866485596,3995,0.0,0.0
2024-05-30 15:12:00-04:00,5.889999866485596,5.889999866485596,5.885000228881836,5.889999866485596,1733,0.0,0.0
2024-05-30 15:13:00-04:00,5.889999866485596,5.889999866485596,5.885000228881836,5.885000228881836,2927,0.0,0.0
2024-05-30 15:14:00-04:00,5.889999866485596,5.889999866485596,5.880000114440918,5.889999866485596,6108,0.0,0.0
2024-05-30 15:15:00-04:00,5.885000228881836,5.889999866485596,5.885000228881836,5.885000228881836,3983,0.0,0.0
2024-05-30 15:16:00-04:00,5.889999866485596,5.889999866485596,5.885000228881836,5.888700008392334,2395,0.0,0.0
2024-05-30 15:17:00-04:00,5.885000228881836,5.889999866485596,5.885000228881836,5.885000228881836,2462,0.0,0.0
2024-05-30 15:18:00-04:00,5.889900207519531,5.889999866485596,5.884900093078613,5.885000228881836,4042,0.0,0.0
2024-05-30 15:19:00-04:00,5.885000228881836,5.889999866485596,5.885000228881836,5.889999866485596,4600,0.0,0.0
2024-05-30 15:20:00-04:00,5.885000228881836,5.885000228881836,5.880000114440918,5.885000228881836,9548,0.0,0.0
2024-05-30 15:21:00-04:00,5.885000228881836,5.889999866485596,5.885000228881836,5.885000228881836,3207,0.0,0.0
2024-05-30 15:22:00-04:00,5.885000228881836,5.889999866485596,5.880000114440918,5.885000228881836,2195,0.0,0.0
2024-05-30 15:23:00-04:00,5.889999866485596,5.889999866485596,5.885000228881836,5.885000228881836,3070,0.0,0.0
2024-05-30 15:24:00-04:00,5.880000114440918,5.889999866485596,5.869999885559082,5.875,37923,0.0,0.0
2024-05-30 15:25:00-04:00,5.875,5.875,5.869999885559082,5.875,133375,0.0,0.0
2024-05-30 15:26:00-04:00,5.875,5.875,5.864999771118164,5.864999771118164,103656,0.0,0.0
2024-05-30 15:27:00-04:00,5.864999771118164,5.864999771118164,5.849999904632568,5.855000019073486,56732,0.0,0.0
2024-05-30 15:28:00-04:00,5.849999904632568,5.860000133514404,5.849999904632568,5.859899997711182,10351,0.0,0.0
2024-05-30 15:29:00-04:00,5.854100227355957,5.859899997711182,5.854100227355957,5.855000019073486,1449,0.0,0.0
2024-05-30 15:30:00-04:00,5.860000133514404,5.860000133514404,5.855000019073486,5.860000133514404,8132,0.0,0.0
2024-05-30 15:31:00-04:00,5.860000133514404,5.860000133514404,5.849999904632568,5.855000019073486,6349,0.0,0.0
2024-05-30 15:32:00-04:00,5.860000133514404,5.864999771118164,5.855000019073486,5.864999771118164,40951,0.0,0.0
2024-05-30 15:33:00-04:00,5.864999771118164,5.864999771118164,5.860000133514404,5.860000133514404,21128,0.0,0.0
2024-05-30 15:34:00-04:00,5.860000133514404,5.868800163269043,5.860000133514404,5.864999771118164,9352,0.0,0.0
2024-05-30 15:35:00-04:00,5.860000133514404,5.864999771118164,5.860000133514404,5.860099792480469,12473,0.0,0.0
2024-05-30 15:36:00-04:00,5.864999771118164,5.864999771118164,5.860000133514404,5.864999771118164,8515,0.0,0.0
2024-05-30 15:37:00-04:00,5.860000133514404,5.864999771118164,5.860000133514404,5.864999771118164,21664,0.0,0.0
2024-05-30 15:38:00-04:00,5.864999771118164,5.869999885559082,5.855000019073486,5.864999771118164,68292,0.0,0.0
2024-05-30 15:39:00-04:00,5.864999771118164,5.869999885559082,5.864999771118164,5.869900226593018,8959,0.0,0.0
2024-05-30 15:40:00-04:00,5.866300106048584,5.869999885559082,5.861499786376953,5.861499786376953,5035,0.0,0.0
2024-05-30 15:41:00-04:00,5.864999771118164,5.868500232696533,5.864999771118164,5.868500232696533,1800,0.0,0.0
2024-05-30 15:42:00-04:00,5.864999771118164,5.869999885559082,5.864999771118164,5.865499973297119,10139,0.0,0.0
2024-05-30 15:43:00-04:00,5.864999771118164,5.869999885559082,5.864999771118164,5.869999885559082,661,0.0,0.0
2024-05-30 15:44:00-04:00,5.864999771118164,5.869999885559082,5.864999771118164,5.864999771118164,6620,0.0,0.0
2024-05-30 15:45:00-04:00,5.864999771118164,5.869999885559082,5.855000019073486,5.860000133514404,104142,0.0,0.0
2024-05-30 15:46:00-04:00,5.860000133514404,5.860000133514404,5.854000091552734,5.855000019073486,11380,0.0,0.0
2024-05-30 15:47:00-04:00,5.851399898529053,5.855000019073486,5.849999904632568,5.855000019073486,106402,0.0,0.0
2024-05-30 15:48:00-04:00,5.849999904632568,5.858500003814697,5.84499979019165,5.84499979019165,76277,0.0,0.0
2024-05-30 15:49:00-04:00,5.84499979019165,5.849999904632568,5.840000152587891,5.84499979019165,17216,0.0,0.0
2024-05-30 15:50:00-04:00,5.84499979019165,5.849999904632568,5.84499979019165,5.84499979019165,23160,0.0,0.0
2024-05-30 15:51:00-04:00,5.849999904632568,5.849999904632568,5.840000152587891,5.849999904632568,3992,0.0,0.0
2024-05-30 15:52:00-04:00,5.849999904632568,5.855000019073486,5.849999904632568,5.855000019073486,67893,0.0,0.0
2024-05-30 15:53:00-04:00,5.855000019073486,5.855000019073486,5.849999904632568,5.855000019073486,8549,0.0,0.0
2024-05-30 15:54:00-04:00,5.855000019073486,5.860000133514404,5.849999904632568,5.855000019073486,17076,0.0,0.0
2024-05-30 15:55:00-04:00,5.855000019073486,5.860000133514404,5.855000019073486,5.855000019073486,28031,0.0,0.0
2024-05-30 15:56:00-04:00,5.855000019073486,5.860000133514404,5.849999904632568,5.860000133514404,40182,0.0,0.0
2024-05-30 15:57:00-04:00,5.855000019073486,5.860000133514404,5.849999904632568,5.849999904632568,53798,0.0,0.0
2024-05-30 15:58:00-04:00,5.855000019073486,5.860000133514404,5.849999904632568,5.855000019073486,45576,0.0,0.0
2024-05-30 15:59:00-04:00,5.849999904632568,5.859899997711182,5.840000152587891,5.84499979019165,178118,0.0,0.0
2024-05-31 09:30:00-04:00,5.929999828338623,5.960000038146973,5.909999847412109,5.949999809265137,168467,0.0,0.0
2024-05-31 09:31:00-04:00,5.940000057220459,5.940000057220459,5.920000076293945,5.929900169372559,22094,0.0,0.0
2024-05-31 09:32:00-04:00,5.925000190734863,5.929900169372559,5.909999847412109,5.914999961853027,8194,0.0,0.0
2024-05-31 09:33:00-04:00,5.920000076293945,5.940000057220459,5.920000076293945,5.929999828338623,12426,0.0,0.0
2024-05-31 09:34:00-04:00,5.940000057220459,5.940000057220459,5.929999828338623,5.929999828338623,6702,0.0,0.0
2024-05-31 09:35:00-04:00,5.930500030517578,5.940000057220459,5.925000190734863,5.929999828338623,15257,0.0,0.0
2024-05-31 09:36:00-04:00,5.940000057220459,5.949999809265137,5.940000057220459,5.945000171661377,9789,0.0,0.0
2024-05-31 09:37:00-04:00,5.949999809265137,5.95989990234375,5.940000057220459,5.940000057220459,17325,0.0,0.0
2024-05-31 09:38:00-04:00,5.929999828338623,5.949999809265137,5.929999828338623,5.940000057220459,6404,0.0,0.0
2024-05-31 09:39:00-04:00,5.945000171661377,5.949999809265137,5.940000057220459,5.949999809265137,3561,0.0,0.0
2024-05-31 09:40:00-04:00,5.954999923706055,5.980000019073486,5.949999809265137,5.980000019073486,28598,0.0,0.0
2024-05-31 09:41:00-04:00,5.979899883270264,5.980000019073486,5.96999979019165,5.978799819946289,11349,0.0,0.0
2024-05-31 09:42:00-04:00,5.980000019073486,5.989999771118164,5.96999979019165,5.985000133514404,18355,0.0,0.0
2024-05-31 09:43:00-04:00,5.98859977722168,5.989999771118164,5.980000019073486,5.980000019073486,8553,0.0,0.0
2024-05-31 09:44:00-04:00,5.985000133514404,5.989999771118164,5.96999979019165,5.96999979019165,28287,0.0,0.0
2024-05-31 09:45:00-04:00,5.974999904632568,5.989999771118164,5.960000038146973,5.960000038146973,15953,0.0,0.0
2024-05-31 09:46:00-04:00,5.960000038146973,5.994999885559082,5.95989990234375,5.989999771118164,58054,0.0,0.0
2024-05-31 09:47:00-04:00,5.989999771118164,6.014999866485596,5.980000019073486,6.014999866485596,31252,0.0,0.0
2024-05-31 09:48:00-04:00,6.014999866485596,6.014999866485596,6.0,6.005000114440918,23086,0.0,0.0
2024-05-31 09:49:00-04:00,6.000100135803223,6.009900093078613,6.0,6.0,7246,0.0,0.0
2024-05-31 09:50:00-04:00,5.989999771118164,5.989999771118164,5.980000019073486,5.989999771118164,10450,0.0,0.0
2024-05-31 09:51:00-04:00,5.9899001121521,6.005000114440918,5.9816999435424805,5.989999771118164,80096,0.0,0.0
2024-05-31 09:52:00-04:00,5.989999771118164,5.989999771118164,5.96999979019165,5.974999904632568,15777,0.0,0.0
2024-05-31 09:53:00-04:00,5.974999904632568,5.974999904632568,5.960000038146973,5.960000038146973,16793,0.0,0.0
2024-05-31 09:54:00-04:00,5.954999923706055,5.960000038146973,5.940000057220459,5.949999809265137,42257,0.0,0.0
2024-05-31 09:55:00-04:00,5.940000057220459,5.949999809265137,5.934999942779541,5.934999942779541,30469,0.0,0.0
2024-05-31 09:56:00-04:00,5.934999942779541,5.940000057220459,5.929999828338623,5.940000057220459,27376,0.0,0.0
2024-05-31 09:57:00-04:00,5.940000057220459,5.940000057220459,5.929999828338623,5.940000057220459,20357,0.0,0.0
2024-05-31 09:58:00-04:00,5.940000057220459,5.949999809265137,5.934999942779541,5.945000171661377,49206,0.0,0.0
2024-05-31 09:59:00-04:00,5.945000171661377,5.949999809265137,5.940000057220459,5.940000057220459,5742,0.0,0.0
2024-05-31 10:00:00-04:00,5.949999809265137,5.960000038146973,5.929999828338623,5.934999942779541,39140,0.0,0.0
2024-05-31 10:01:00-04:00,5.940000057220459,5.949999809265137,5.936600208282471,5.949999809265137,8007,0.0,0.0
2024-05-31 10:02:00-04:00,5.945000171661377,5.960000038146973,5.940000057220459,5.949999809265137,26085,0.0,0.0
2024-05-31 10:03:00-04:00,5.949999809265137,5.960000038146973,5.949999809265137,5.960000038146973,2970,0.0,0.0
2024-05-31 10:04:00-04:00,5.960000038146973,5.96999979019165,5.951399803161621,5.951399803161621,18665,0.0,0.0
2024-05-31 10:05:00-04:00,5.949999809265137,5.954999923706055,5.940000057220459,5.949999809265137,8640,0.0,0.0
2024-05-31 10:06:00-04:00,5.949999809265137,5.95989990234375,5.949999809265137,5.949999809265137,27024,0.0,0.0
2024-05-31 10:07:00-04:00,5.949999809265137,5.960000038146973,5.949999809265137,5.949999809265137,6303,0.0,0.0
2024-05-31 10:08:00-04:00,5.949999809265137,5.960000038146973,5.945000171661377,5.960000038146973,27289,0.0,0.0
2024-05-31 10:09:00-04:00,5.960000038146973,5.960000038146973,5.949999809265137,5.949999809265137,20728,0.0,0.0
2024-05-31 10:10:00-04:00,5.954999923706055,5.960000038146973,5.946400165557861,5.946400165557861,18511,0.0,0.0
2024-05-31 10:11:00-04:00,5.945000171661377,5.945000171661377,5.929999828338623,5.929999828338623,33884,0.0,0.0
2024-05-31 10:12:00-04:00,5.929999828338623,5.929999828338623,5.90500020980835,5.90500020980835,100916,0.0,0.0
2024-05-31 10:13:00-04:00,5.904900074005127,5.9085001945495605,5.889999866485596,5.894999980926514,38191,0.0,0.0
2024-05-31 10:14:00-04:00,5.894999980926514,5.900000095367432,5.889999866485596,5.900000095367432,17872,0.0,0.0
2024-05-31 10:15:00-04:00,5.889999866485596,5.909999847412109,5.889999866485596,5.90500020980835,37530,0.0,0.0
2024-05-31 10:16:00-04:00,5.90500020980835,5.920000076293945,5.894999980926514,5.900000095367432,58368,0.0,0.0
2024-05-31 10:17:00-04:00,5.889999866485596,5.899899959564209,5.889999866485596,5.899899959564209,97401,0.0,0.0
2024-05-31 10:18:00-04:00,5.894999980926514,5.914999961853027,5.889999866485596,5.914999961853027,16137,0.0,0.0
2024-05-31 10:19:00-04:00,5.914999961853027,5.920000076293945,5.909999847412109,5.914999961853027,8547,0.0,0.0
2024-05-31 10:20:00-04:00,5.914999961853027,5.929999828338623,5.909999847412109,5.929999828338623,8620,0.0,0.0
2024-05-31 10:21:00-04:00,5.920000076293945,5.925000190734863,5.920000076293945,5.925000190734863,14076,0.0,0.0
2024-05-31 10:22:00-04:00,5.920000076293945,5.929699897766113,5.909999847412109,5.909999847412109,19821,0.0,0.0
2024-05-31 10:23:00-04:00,5.909999847412109,5.920000076293945,5.909999847412109,5.914999961853027,13838,0.0,0.0
2024-05-31 10:24:00-04:00,5.914999961853027,5.914999961853027,5.900000095367432,5.900000095367432,23225,0.0,0.0
2024-05-31 10:25:00-04:00,5.90880012512207,5.90880012512207,5.889999866485596,5.90500020980835,45674,0.0,0.0
2024-05-31 10:26:00-04:00,5.900000095367432,5.909999847412109,5.900000095367432,5.909999847412109,11518,0.0,0.0
2024-05-31 10:27:00-04:00,5.909999847412109,5.920000076293945,5.909999847412109,5.914999961853027,11800,0.0,0.0
2024-05-31 10:28:00-04:00,5.909999847412109,5.920000076293945,5.909999847412109,5.914999961853027,2226,0.0,0.0
2024-05-31 10:29:00-04:00,5.909999847412109,5.920000076293945,5.909999847412109,5.914999961853027,5903,0.0,0.0
2024-05-31 10:30:00-04:00,5.909999847412109,5.909999847412109,5.889999866485596,5.894999980926514,22260,0.0,0.0
2024-05-31 10:31:00-04:00,5.900000095367432,5.909999847412109,5.900000095367432,5.900000095367432,24318,0.0,0.0
2024-05-31 10:32:00-04:00,5.900000095367432,5.900000095367432,5.889999866485596,5.894999980926514,9876,0.0,0.0
2024-05-31 10:33:00-04:00,5.900000095367432,5.900000095367432,5.889999866485596,5.889999866485596,8807,0.0,0.0
2024-05-31 10:34:00-04:00,5.889999866485596,5.900000095367432,5.881499767303467,5.900000095367432,44229,0.0,0.0
2024-05-31 10:35:00-04:00,5.894999980926514,5.894999980926514,5.880000114440918,5.880000114440918,10835,0.0,0.0
2024-05-31 10:36:00-04:00,5.885000228881836,5.900000095367432,5.885000228881836,5.894999980926514,14404,0.0,0.0
2024-05-31 10:37:00-04:00,5.889999866485596,5.900000095367432,5.889999866485596,5.900000095367432,10900,0.0,0.0
2024-05-31 10:38:00-04:00,5.894999980926514,5.909999847412109,5.889999866485596,5.900199890136719,15223,0.0,0.0
2024-05-31 10:39:00-04:00,5.909999847412109,5.909999847412109,5.894999980926514,5.894999980926514,6993,0.0,0.0
2024-05-31 10:40:00-04:00,5.889999866485596,5.900000095367432,5.889999866485596,5.890100002288818,5565,0.0,0.0
2024-05-31 10:41:00-04:00,5.889999866485596,5.900000095367432,5.880000114440918,5.889900207519531,8665,0.0,0.0
2024-05-31 10:42:00-04:00,5.889999866485596,5.894999980926514,5.880000114440918,5.894999980926514,20603,0.0,0.0
2024-05-31 10:43:00-04:00,5.894999980926514,5.900000095367432,5.885000228881836,5.889999866485596,13814,0.0,0.0
2024-05-31 10:44:00-04:00,5.885000228881836,5.889999866485596,5.875,5.880000114440918,10822,0.0,0.0
2024-05-31 10:45:00-04:00,5.880000114440918,5.899099826812744,5.880000114440918,5.894999980926514,25896,0.0,0.0
2024-05-31 10:46:00-04:00,5.894999980926514,5.894999980926514,5.889999866485596,5.894999980926514,27339,0.0,0.0
2024-05-31 10:47:00-04:00,5.889999866485596,5.889999866485596,5.885000228881836,5.889999866485596,10718,0.0,0.0
2024-05-31 10:48:00-04:00,5.889999866485596,5.889999866485596,5.880000114440918,5.885000228881836,16731,0.0,0.0
2024-05-31 10:49:00-04:00,5.885000228881836,5.889999866485596,5.880000114440918,5.885000228881836,5299,0.0,0.0
2024-05-31 10:50:00-04:00,5.889999866485596,5.894999980926514,5.889999866485596,5.889999866485596,19436,0.0,0.0
2024-05-31 10:51:00-04:00,5.889999866485596,5.894999980926514,5.889999866485596,5.894999980926514,1825,0.0,0.0
2024-05-31 10:52:00-04:00,5.889999866485596,5.900000095367432,5.889999866485596,5.889999866485596,22738,0.0,0.0
2024-05-31 10:53:00-04:00,5.900000095367432,5.900000095367432,5.885000228881836,5.889999866485596,7701,0.0,0.0
2024-05-31 10:54:00-04:00,5.885000228881836,5.889999866485596,5.880000114440918,5.889900207519531,15536,0.0,0.0
2024-05-31 10:55:00-04:00,5.889999866485596,5.90500020980835,5.885000228881836,5.90500020980835,16473,0.0,0.0
2024-05-31 10:56:00-04:00,5.909999847412109,5.909999847412109,5.900000095367432,5.90500020980835,3993,0.0,0.0
2024-05-31 10:57:00-04:00,5.90500020980835,5.909999847412109,5.90500020980835,5.909999847412109,5849,0.0,0.0
2024-05-31 10:58:00-04:00,5.900000095367432,5.90500020980835,5.894999980926514,5.894999980926514,28397,0.0,0.0
2024-05-31 10:59:00-04:00,5.900000095367432,5.900000095367432,5.889999866485596,5.889999866485596,1525,0.0,0.0
2024-05-31 11:00:00-04:00,5.894999980926514,5.894999980926514,5.880000114440918,5.894999980926514,14209,0.0,0.0
2024-05-31 11:01:00-04:00,5.894999980926514,5.900000095367432,5.894999980926514,5.900000095367432,1229,0.0,0.0
2024-05-31 11:02:00-04:00,5.894999980926514,5.894999980926514,5.885000228881836,5.885000228881836,16868,0.0,0.0
2024-05-31 11:03:00-04:00,5.885000228881836,5.894999980926514,5.885000228881836,5.889999866485596,15473,0.0,0.0
2024-05-31 11:04:00-04:00,5.894999980926514,5.894999980926514,5.885000228881836,5.889999866485596,20521,0.0,0.0
2024-05-31 11:05:00-04:00,5.889999866485596,5.895100116729736,5.889999866485596,5.895100116729736,11652,0.0,0.0
2024-05-31 11:06:00-04:00,5.894999980926514,5.894999980926514,5.894999980926514,5.894999980926514,1316,0.0,0.0
2024-05-31 11:07:00-04:00,5.894999980926514,5.900000095367432,5.889999866485596,5.894999980926514,8129,0.0,0.0
2024-05-31 11:08:00-04:00,5.889999866485596,5.889999866485596,5.885000228881836,5.889999866485596,10071,0.0,0.0
2024-05-31 11:09:00-04:00,5.889999866485596,5.894999980926514,5.885000228881836,5.894999980926514,13453,0.0,0.0
2024-05-31 11:10:00-04:00,5.894999980926514,5.900000095367432,5.889999866485596,5.889999866485596,10266,0.0,0.0
2024-05-31 11:11:00-04:00,5.894999980926514,5.894999980926514,5.889999866485596,5.889999866485596,3763,0.0,0.0
2024-05-31 11:12:00-04:00,5.889999866485596,5.900000095367432,5.889999866485596,5.890100002288818,19537,0.0,0.0
2024-05-31 11:13:00-04:00,5.889999866485596,5.894999980926514,5.880000114440918,5.880000114440918,14130,0.0,0.0
2024-05-31 11:14:00-04:00,5.880000114440918,5.889999866485596,5.869999885559082,5.880000114440918,65884,0.0,0.0
2024-05-31 11:15:00-04:00,5.875,5.885000228881836,5.875,5.885000228881836,23515,0.0,0.0
2024-05-31 11:16:00-04:00,5.880000114440918,5.885000228881836,5.871300220489502,5.871300220489502,20152,0.0,0.0
2024-05-31 11:17:00-04:00,5.878499984741211,5.885000228881836,5.875,5.885000228881836,10025,0.0,0.0
2024-05-31 11:18:00-04:00,5.885000228881836,5.889999866485596,5.881199836730957,5.889999866485596,4226,0.0,0.0
2024-05-31 11:19:00-04:00,5.885000228881836,5.900000095367432,5.875,5.880000114440918,114401,0.0,0.0
2024-05-31 11:20:00-04:00,5.880000114440918,5.880000114440918,5.861100196838379,5.861100196838379,53370,0.0,0.0
2024-05-31 11:21:00-04:00,5.861499786376953,5.875,5.860000133514404,5.860000133514404,42321,0.0,0.0
2024-05-31 11:22:00-04:00,5.864999771118164,5.864999771118164,5.860000133514404,5.860000133514404,3275,0.0,0.0
2024-05-31 11:23:00-04:00,5.864999771118164,5.864999771118164,5.855000019073486,5.860000133514404,9054,0.0,0.0
2024-05-31 11:24:00-04:00,5.860000133514404,5.864999771118164,5.851500034332275,5.864999771118164,50907,0.0,0.0
2024-05-31 11:25:00-04:00,5.860000133514404,5.860000133514404,5.84499979019165,5.849800109863281,39765,0.0,0.0
2024-05-31 11:26:00-04:00,5.849999904632568,5.849999904632568,5.835000038146973,5.835700035095215,31074,0.0,0.0
2024-05-31 11:27:00-04:00,5.829999923706055,5.839900016784668,5.829999923706055,5.835000038146973,13024,0.0,0.0
2024-05-31 11:28:00-04:00,5.829999923706055,5.840000152587891,5.829999923706055,5.835000038146973,63320,0.0,0.0
2024-05-31 11:29:00-04:00,5.835000038146973,5.840000152587891,5.831299781799316,5.839900016784668,7065,0.0,0.0
2024-05-31 11:30:00-04:00,5.835000038146973,5.835000038146973,5.815000057220459,5.815000057220459,49986,0.0,0.0
2024-05-31 11:31:00-04:00,5.820000171661377,5.829999923706055,5.815000057220459,5.820000171661377,28741,0.0,0.0
2024-05-31 11:32:00-04:00,5.820000171661377,5.824999809265137,5.809999942779541,5.809999942779541,25140,0.0,0.0
2024-05-31 11:33:00-04:00,5.809999942779541,5.815000057220459,5.800000190734863,5.800000190734863,24140,0.0,0.0
2024-05-31 11:34:00-04:00,5.800000190734863,5.804999828338623,5.789999961853027,5.804999828338623,42102,0.0,0.0
2024-05-31 11:35:00-04:00,5.801000118255615,5.820000171661377,5.800000190734863,5.815000057220459,45233,0.0,0.0
2024-05-31 11:36:00-04:00,5.809999942779541,5.815000057220459,5.800000190734863,5.800000190734863,78012,0.0,0.0
2024-05-31 11:37:00-04:00,5.804999828338623,5.809999942779541,5.789999961853027,5.795000076293945,107023,0.0,0.0
2024-05-31 11:38:00-04:00,5.795000076293945,5.809999942779541,5.795000076293945,5.804999828338623,28722,0.0,0.0
2024-05-31 11:39:00-04:00,5.804999828338623,5.809999942779541,5.800000190734863,5.800000190734863,17468,0.0,0.0
2024-05-31 11:40:00-04:00,5.804999828338623,5.809999942779541,5.800000190734863,5.804999828338623,16468,0.0,0.0
2024-05-31 11:41:00-04:00,5.808800220489502,5.820000171661377,5.804999828338623,5.809999942779541,86983,0.0,0.0
2024-05-31 11:42:00-04:00,5.800099849700928,5.820000171661377,5.800099849700928,5.815000057220459,23088,0.0,0.0
2024-05-31 11:43:00-04:00,5.819900035858154,5.829999923706055,5.815000057220459,5.829999923706055,74535,0.0,0.0
2024-05-31 11:44:00-04:00,5.829999923706055,5.829999923706055,5.809999942779541,5.820000171661377,48024,0.0,0.0
2024-05-31 11:45:00-04:00,5.820000171661377,5.824999809265137,5.809999942779541,5.815000057220459,43769,0.0,0.0
2024-05-31 11:46:00-04:00,5.815000057220459,5.829999923706055,5.815000057220459,5.829999923706055,24701,0.0,0.0
2024-05-31 11:47:00-04:00,5.829999923706055,5.840000152587891,5.829999923706055,5.835000038146973,15702,0.0,0.0
2024-05-31 11:48:00-04:00,5.829999923706055,5.84499979019165,5.829999923706055,5.840000152587891,10586,0.0,0.0
2024-05-31 11:49:00-04:00,5.84499979019165,5.84499979019165,5.840000152587891,5.84499979019165,4323,0.0,0.0
2024-05-31 11:50:00-04:00,5.84499979019165,5.860000133514404,5.84499979019165,5.855000019073486,36075,0.0,0.0
2024-05-31 11:51:00-04:00,5.860000133514404,5.860000133514404,5.855000019073486,5.855000019073486,5978,0.0,0.0
2024-05-31 11:52:00-04:00,5.859600067138672,5.860000133514404,5.855000019073486,5.859899997711182,6106,0.0,0.0
2024-05-31 11:53:00-04:00,5.855000019073486,5.860000133514404,5.849999904632568,5.860000133514404,15078,0.0,0.0
2024-05-31 11:54:00-04:00,5.855000019073486,5.860000133514404,5.849999904632568,5.855000019073486,4615,0.0,0.0
2024-05-31 11:55:00-04:00,5.855000019073486,5.855000019073486,5.849999904632568,5.855000019073486,4536,0.0,0.0
2024-05-31 11:56:00-04:00,5.855000019073486,5.855000019073486,5.835000038146973,5.849999904632568,112890,0.0,0.0
2024-05-31 11:57:00-04:00,5.849999904632568,5.849999904632568,5.835000038146973,5.835000038146973,26666,0.0,0.0
2024-05-31 11:58:00-04:00,5.829999923706055,5.835000038146973,5.829999923706055,5.829999923706055,499,0.0,0.0
2024-05-31 11:59:00-04:00,5.835000038146973,5.835000038146973,5.829999923706055,5.829999923706055,4004,0.0,0.0
2024-05-31 12:00:00-04:00,5.835000038146973,5.835000038146973,5.824999809265137,5.835000038146973,20638,0.0,0.0
2024-05-31 12:01:00-04:00,5.838099956512451,5.840000152587891,5.829999923706055,5.835000038146973,19169,0.0,0.0
2024-05-31 12:02:00-04:00,5.829999923706055,5.838099956512451,5.829999923706055,5.838099956512451,2599,0.0,0.0
2024-05-31 12:03:00-04:00,5.839900016784668,5.840000152587891,5.835000038146973,5.840000152587891,10045,0.0,0.0
2024-05-31 12:04:00-04:00,5.835000038146973,5.840000152587891,5.829999923706055,5.833899974822998,7865,0.0,0.0
2024-05-31 12:05:00-04:00,5.835000038146973,5.840000152587891,5.829999923706055,5.83459997177124,12615,0.0,0.0
2024-05-31 12:06:00-04:00,5.835000038146973,5.840000152587891,5.829999923706055,5.829999923706055,12560,0.0,0.0
2024-05-31 12:07:00-04:00,5.824999809265137,5.835000038146973,5.824999809265137,5.829999923706055,7994,0.0,0.0
2024-05-31 12:08:00-04:00,5.835000038146973,5.835000038146973,5.829999923706055,5.835000038146973,6876,0.0,0.0
2024-05-31 12:09:00-04:00,5.838500022888184,5.840000152587891,5.829999923706055,5.829999923706055,7439,0.0,0.0
2024-05-31 12:10:00-04:00,5.830100059509277,5.849999904632568,5.824999809265137,5.849999904632568,63645,0.0,0.0
2024-05-31 12:11:00-04:00,5.844600200653076,5.84499979019165,5.840000152587891,5.840000152587891,8551,0.0,0.0
2024-05-31 12:12:00-04:00,5.84499979019165,5.84499979019165,5.829999923706055,5.829999923706055,22873,0.0,0.0
2024-05-31 12:13:00-04:00,5.839900016784668,5.849999904632568,5.835000038146973,5.84499979019165,15252,0.0,0.0
2024-05-31 12:14:00-04:00,5.84499979019165,5.848800182342529,5.84499979019165,5.84499979019165,1583,0.0,0.0
2024-05-31 12:15:00-04:00,5.849999904632568,5.855000019073486,5.849999904632568,5.855000019073486,14605,0.0,0.0
2024-05-31 12:16:00-04:00,5.860000133514404,5.860000133514404,5.849999904632568,5.857399940490723,9424,0.0,0.0
2024-05-31 12:17:00-04:00,5.851900100708008,5.860000133514404,5.851900100708008,5.860000133514404,10067,0.0,0.0
2024-05-31 12:18:00-04:00,5.855000019073486,5.864999771118164,5.849999904632568,5.855000019073486,102433,0.0,0.0
2024-05-31 12:19:00-04:00,5.860000133514404,5.860000133514404,5.854000091552734,5.859899997711182,6070,0.0,0.0
2024-05-31 12:20:00-04:00,5.860000133514404,5.860000133514404,5.855000019073486,5.855000019073486,2680,0.0,0.0
2024-05-31 12:21:00-04:00,5.849999904632568,5.855000019073486,5.840000152587891,5.840000152587891,36915,0.0,0.0
2024-05-31 12:22:00-04:00,5.84499979019165,5.84499979019165,5.835000038146973,5.835000038146973,7002,0.0,0.0
2024-05-31 12:23:00-04:00,5.829999923706055,5.835000038146973,5.829999923706055,5.835000038146973,3579,0.0,0.0
2024-05-31 12:24:00-04:00,5.840000152587891,5.840000152587891,5.835000038146973,5.835000038146973,6340,0.0,0.0
2024-05-31 12:25:00-04:00,5.835000038146973,5.835000038146973,5.820000171661377,5.820000171661377,160382,0.0,0.0
2024-05-31 12:26:00-04:00,5.824999809265137,5.829999923706055,5.820000171661377,5.824999809265137,4535,0.0,0.0
2024-05-31 12:27:00-04:00,5.829999923706055,5.829999923706055,5.824999809265137,5.824999809265137,4672,0.0,0.0
2024-05-31 12:28:00-04:00,5.820000171661377,5.829999923706055,5.820000171661377,5.824999809265137,27575,0.0,0.0
2024-05-31 12:29:00-04:00,5.821000099182129,5.829999923706055,5.821000099182129,5.824999809265137,4670,0.0,0.0
2024-05-31 12:30:00-04:00,5.824999809265137,5.829999923706055,5.824999809265137,5.824999809265137,9681,0.0,0.0
2024-05-31 12:31:00-04:00,5.829999923706055,5.829999923706055,5.820099830627441,5.820099830627441,11709,0.0,0.0
2024-05-31 12:32:00-04:00,5.829599857330322,5.829999923706055,5.815000057220459,5.829999923706055,88825,0.0,0.0
2024-05-31 12:33:00-04:00,5.824999809265137,5.829999923706055,5.824999809265137,5.824999809265137,2604,0.0,0.0
2024-05-31 12:34:00-04:00,5.824999809265137,5.824999809265137,5.809999942779541,5.809999942779541,84991,0.0,0.0
2024-05-31 12:35:00-04:00,5.815000057220459,5.815000057220459,5.815000057220459,5.815000057220459,5960,0.0,0.0
2024-05-31 12:36:00-04:00,5.815000057220459,5.820000171661377,5.809999942779541,5.820000171661377,20257,0.0,0.0
2024-05-31 12:37:00-04:00,5.824999809265137,5.827899932861328,5.820000171661377,5.824999809265137,32485,0.0,0.0
2024-05-31 12:38:00-04:00,5.824999809265137,5.855000019073486,5.824999809265137,5.855000019073486,42461,0.0,0.0
2024-05-31 12:39:00-04:00,5.85890007019043,5.864999771118164,5.855000019073486,5.864699840545654,18577,0.0,0.0
2024-05-31 12:40:00-04:00,5.860000133514404,5.864999771118164,5.860000133514404,5.860000133514404,5039,0.0,0.0
2024-05-31 12:41:00-04:00,5.864999771118164,5.864999771118164,5.860099792480469,5.860099792480469,6618,0.0,0.0
2024-05-31 12:42:00-04:00,5.864999771118164,5.869999885559082,5.860000133514404,5.869999885559082,4327,0.0,0.0
2024-05-31 12:43:00-04:00,5.869999885559082,5.869999885559082,5.864999771118164,5.868000030517578,7461,0.0,0.0
2024-05-31 12:44:00-04:00,5.860000133514404,5.869999885559082,5.860000133514404,5.869999885559082,6890,0.0,0.0
2024-05-31 12:45:00-04:00,5.869999885559082,5.869999885559082,5.860000133514404,5.860000133514404,4537,0.0,0.0
2024-05-31 12:46:00-04:00,5.864999771118164,5.869999885559082,5.864999771118164,5.86929988861084,3896,0.0,0.0
2024-05-31 12:47:00-04:00,5.864999771118164,5.869999885559082,5.860000133514404,5.864999771118164,8825,0.0,0.0
2024-05-31 12:48:00-04:00,5.869999885559082,5.869999885559082,5.864999771118164,5.869999885559082,7834,0.0,0.0
2024-05-31 12:49:00-04:00,5.875,5.877999782562256,5.864999771118164,5.864999771118164,42582,0.0,0.0
2024-05-31 12:50:00-04:00,5.869999885559082,5.869999885559082,5.860000133514404,5.869999885559082,7246,0.0,0.0
2024-05-31 12:51:00-04:00,5.864999771118164,5.869999885559082,5.864999771118164,5.865900039672852,2976,0.0,0.0
2024-05-31 12:52:00-04:00,5.869999885559082,5.869999885559082,5.860000133514404,5.860000133514404,18457,0.0,0.0
2024-05-31 12:53:00-04:00,5.864999771118164,5.869800090789795,5.860000133514404,5.864999771118164,10814,0.0,0.0
2024-05-31 12:54:00-04:00,5.860000133514404,5.864999771118164,5.860000133514404,5.860000133514404,6019,0.0,0.0
2024-05-31 12:55:00-04:00,5.864999771118164,5.868000030517578,5.855000019073486,5.860000133514404,12609,0.0,0.0
2024-05-31 12:56:00-04:00,5.854499816894531,5.860000133514404,5.854499816894531,5.860000133514404,1230,0.0,0.0
2024-05-31 12:57:00-04:00,5.855000019073486,5.860000133514404,5.849999904632568,5.855000019073486,48143,0.0,0.0
2024-05-31 12:58:00-04:00,5.855000019073486,5.855000019073486,5.849999904632568,5.849999904632568,12632,0.0,0.0
2024-05-31 12:59:00-04:00,5.849999904632568,5.860000133514404,5.849999904632568,5.855000019073486,4999,0.0,0.0
2024-05-31 13:00:00-04:00,5.855000019073486,5.860000133514404,5.855000019073486,5.860000133514404,2653,0.0,0.0
2024-05-31 13:01:00-04:00,5.860000133514404,5.864999771118164,5.850299835205078,5.850299835205078,58945,0.0,0.0
2024-05-31 13:02:00-04:00,5.85860013961792,5.875,5.849999904632568,5.875,53766,0.0,0.0
2024-05-31 13:03:00-04:00,5.869999885559082,5.875,5.860000133514404,5.869999885559082,49255,0.0,0.0
2024-05-31 13:04:00-04:00,5.869999885559082,5.869999885559082,5.860000133514404,5.864999771118164,9189,0.0,0.0
2024-05-31 13:05:00-04:00,5.868899822235107,5.868899822235107,5.864999771118164,5.864999771118164,1417,0.0,0.0
2024-05-31 13:06:00-04:00,5.869999885559082,5.880000114440918,5.864999771118164,5.880000114440918,22616,0.0,0.0
2024-05-31 13:07:00-04:00,5.875,5.880000114440918,5.875,5.880000114440918,750,0.0,0.0
2024-05-31 13:08:00-04:00,5.875,5.875,5.8730998039245605,5.875,4575,0.0,0.0
2024-05-31 13:09:00-04:00,5.875,5.878499984741211,5.875,5.878499984741211,614,0.0,0.0
2024-05-31 13:10:00-04:00,5.875,5.877999782562256,5.875,5.877999782562256,1075,0.0,0.0
2024-05-31 13:11:00-04:00,5.875,5.880000114440918,5.875,5.875,2362,0.0,0.0
2024-05-31 13:12:00-04:00,5.875,5.875,5.869999885559082,5.875,16269,0.0,0.0
2024-05-31 13:13:00-04:00,5.880000114440918,5.885000228881836,5.875,5.885000228881836,25689,0.0,0.0
2024-05-31 13:14:00-04:00,5.885000228881836,5.889999866485596,5.885000228881836,5.889999866485596,2330,0.0,0.0
2024-05-31 13:15:00-04:00,5.889999866485596,5.889999866485596,5.885000228881836,5.889999866485596,5943,0.0,0.0
2024-05-31 13:16:00-04:00,5.885000228881836,5.900000095367432,5.885000228881836,5.900000095367432,44696,0.0,0.0
2024-05-31 13:17:00-04:00,5.894999980926514,5.894999980926514,5.894999980926514,5.894999980926514,347,0.0,0.0
2024-05-31 13:18:00-04:00,5.894999980926514,5.900000095367432,5.894999980926514,5.894999980926514,7585,0.0,0.0
2024-05-31 13:19:00-04:00,5.894999980926514,5.900000095367432,5.894999980926514,5.894999980926514,4941,0.0,0.0
2024-05-31 13:20:00-04:00,5.894999980926514,5.900000095367432,5.885000228881836,5.889999866485596,121075,0.0,0.0
2024-05-31 13:21:00-04:00,5.889999866485596,5.889999866485596,5.880000114440918,5.885000228881836,17248,0.0,0.0
2024-05-31 13:22:00-04:00,5.880000114440918,5.885000228881836,5.880000114440918,5.880000114440918,7895,0.0,0.0
2024-05-31 13:23:00-04:00,5.885000228881836,5.885000228881836,5.880000114440918,5.880000114440918,3149,0.0,0.0
2024-05-31 13:24:00-04:00,5.880000114440918,5.880000114440918,5.875,5.880000114440918,33020,0.0,0.0
2024-05-31 13:25:00-04:00,5.877999782562256,5.880000114440918,5.869999885559082,5.875,4349,0.0,0.0
2024-05-31 13:26:00-04:00,5.880000114440918,5.880000114440918,5.869999885559082,5.875,5395,0.0,0.0
2024-05-31 13:27:00-04:00,5.875,5.878200054168701,5.869999885559082,5.869999885559082,6773,0.0,0.0
2024-05-31 13:28:00-04:00,5.872099876403809,5.872099876403809,5.869999885559082,5.869999885559082,4906,0.0,0.0
2024-05-31 13:29:00-04:00,5.875,5.875,5.869999885559082,5.869999885559082,1333,0.0,0.0
2024-05-31 13:30:00-04:00,5.870100021362305,5.870100021362305,5.864999771118164,5.864999771118164,27653,0.0,0.0
2024-05-31 13:31:00-04:00,5.869999885559082,5.869999885559082,5.860000133514404,5.864999771118164,6920,0.0,0.0
2024-05-31 13:32:00-04:00,5.860099792480469,5.864999771118164,5.860099792480469,5.864999771118164,9173,0.0,0.0
2024-05-31 13:33:00-04:00,5.869999885559082,5.869999885559082,5.864999771118164,5.869999885559082,5185,0.0,0.0
2024-05-31 13:34:00-04:00,5.869999885559082,5.869999885559082,5.864999771118164,5.869999885559082,1694,0.0,0.0
2024-05-31 13:35:00-04:00,5.869999885559082,5.869999885559082,5.864999771118164,5.869999885559082,3016,0.0,0.0
2024-05-31 13:36:00-04:00,5.869999885559082,5.875,5.864999771118164,5.864999771118164,42520,0.0,0.0
2024-05-31 13:37:00-04:00,5.864999771118164,5.869999885559082,5.864999771118164,5.869900226593018,12719,0.0,0.0
2024-05-31 13:38:00-04:00,5.864999771118164,5.869999885559082,5.864999771118164,5.869999885559082,15968,0.0,0.0
2024-05-31 13:39:00-04:00,5.869999885559082,5.869999885559082,5.864999771118164,5.864999771118164,1257,0.0,0.0
2024-05-31 13:40:00-04:00,5.864999771118164,5.869999885559082,5.864999771118164,5.864999771118164,1654,0.0,0.0
2024-05-31 13:41:00-04:00,5.864999771118164,5.869999885559082,5.864999771118164,5.869999885559082,1380,0.0,0.0
2024-05-31 13:42:00-04:00,5.864999771118164,5.869999885559082,5.864999771118164,5.869999885559082,993,0.0,0.0
2024-05-31 13:43:00-04:00,5.869999885559082,5.869999885559082,5.864999771118164,5.869999885559082,2895,0.0,0.0
2024-05-31 13:44:00-04:00,5.864999771118164,5.869999885559082,5.864999771118164,5.869999885559082,2101,0.0,0.0
2024-05-31 13:45:00-04:00,5.869999885559082,5.869999885559082,5.864999771118164,5.864999771118164,8659,0.0,0.0
2024-05-31 13:46:00-04:00,5.869699954986572,5.869999885559082,5.864999771118164,5.867400169372559,14039,0.0,0.0
2024-05-31 13:47:00-04:00,5.864999771118164,5.869999885559082,5.861000061035156,5.869999885559082,1987,0.0,0.0
2024-05-31 13:48:00-04:00,5.864999771118164,5.869999885559082,5.864999771118164,5.869999885559082,2689,0.0,0.0
2024-05-31 13:49:00-04:00,5.864999771118164,5.889999866485596,5.864999771118164,5.885000228881836,49022,0.0,0.0
2024-05-31 13:50:00-04:00,5.885000228881836,5.885000228881836,5.885000228881836,5.885000228881836,1175,0.0,0.0
2024-05-31 13:51:00-04:00,5.889999866485596,5.889999866485596,5.880000114440918,5.880000114440918,2806,0.0,0.0
2024-05-31 13:52:00-04:00,5.885000228881836,5.889999866485596,5.875,5.875,26998,0.0,0.0
2024-05-31 13:53:00-04:00,5.880000114440918,5.880000114440918,5.875,5.875,3192,0.0,0.0
2024-05-31 13:54:00-04:00,5.874300003051758,5.874300003051758,5.874300003051758,5.874300003051758,692,0.0,0.0
2024-05-31 13:55:00-04:00,5.875,5.875,5.875,5.875,697,0.0,0.0
2024-05-31 13:56:00-04:00,5.875,5.875100135803223,5.875,5.875100135803223,1887,0.0,0.0
2024-05-31 13:57:00-04:00,5.875,5.875,5.869999885559082,5.875,2381,0.0,0.0
2024-05-31 13:58:00-04:00,5.875,5.875,5.869999885559082,5.873799800872803,5946,0.0,0.0
2024-05-31 13:59:00-04:00,5.869999885559082,5.875,5.869999885559082,5.869999885559082,1586,0.0,0.0
2024-05-31 14:00:00-04:00,5.869999885559082,5.869999885559082,5.860000133514404,5.864999771118164,28642,0.0,0.0
2024-05-31 14:01:00-04:00,5.864999771118164,5.864999771118164,5.864999771118164,5.864999771118164,1621,0.0,0.0
2024-05-31 14:02:00-04:00,5.860000133514404,5.868000030517578,5.860000133514404,5.868000030517578,3277,0.0,0.0
2024-05-31 14:03:00-04:00,5.860099792480469,5.864999771118164,5.860000133514404,5.864999771118164,801,0.0,0.0
2024-05-31 14:04:00-04:00,5.860000133514404,5.864999771118164,5.860000133514404,5.864999771118164,595,0.0,0.0
2024-05-31 14:05:00-04:00,5.865699768066406,5.865699768066406,5.855000019073486,5.855899810791016,36083,0.0,0.0
2024-05-31 14:06:00-04:00,5.855000019073486,5.860000133514404,5.849999904632568,5.849999904632568,7977,0.0,0.0
2024-05-31 14:07:00-04:00,5.855000019073486,5.855000019073486,5.855000019073486,5.855000019073486,424,0.0,0.0
2024-05-31 14:08:00-04:00,5.855000019073486,5.855000019073486,5.849999904632568,5.855000019073486,4605,0.0,0.0
2024-05-31 14:09:00-04:00,5.849999904632568,5.849999904632568,5.849999904632568,5.849999904632568,975,0.0,0.0
2024-05-31 14:10:00-04:00,5.849999904632568,5.855000019073486,5.849999904632568,5.849999904632568,4781,0.0,0.0
2024-05-31 14:11:00-04:00,5.860000133514404,5.860000133514404,5.849999904632568,5.849999904632568,6809,0.0,0.0
2024-05-31 14:12:00-04:00,5.855000019073486,5.860000133514404,5.849999904632568,5.860000133514404,7762,0.0,0.0
2024-05-31 14:13:00-04:00,5.855000019073486,5.869999885559082,5.855000019073486,5.863500118255615,41580,0.0,0.0
2024-05-31 14:14:00-04:00,5.869999885559082,5.869999885559082,5.860000133514404,5.860000133514404,6186,0.0,0.0
2024-05-31 14:15:00-04:00,5.860000133514404,5.864999771118164,5.855000019073486,5.860000133514404,26386,0.0,0.0
2024-05-31 14:16:00-04:00,5.860000133514404,5.869999885559082,5.860000133514404,5.860000133514404,15275,0.0,0.0
2024-05-31 14:17:00-04:00,5.869999885559082,5.869999885559082,5.860000133514404,5.864999771118164,2324,0.0,0.0
2024-05-31 14:18:00-04:00,5.869999885559082,5.869999885559082,5.860000133514404,5.860000133514404,2832,0.0,0.0
2024-05-31 14:19:00-04:00,5.864999771118164,5.869999885559082,5.860000133514404,5.869999885559082,3911,0.0,0.0
2024-05-31 14:20:00-04:00,5.864999771118164,5.869999885559082,5.864999771118164,5.869999885559082,3074,0.0,0.0
2024-05-31 14:21:00-04:00,5.864999771118164,5.869999885559082,5.860000133514404,5.860000133514404,4188,0.0,0.0
2024-05-31 14:22:00-04:00,5.869999885559082,5.869999885559082,5.860000133514404,5.860000133514404,1497,0.0,0.0
2024-05-31 14:23:00-04:00,5.864999771118164,5.869999885559082,5.864999771118164,5.864999771118164,2028,0.0,0.0
2024-05-31 14:24:00-04:00,5.869900226593018,5.869999885559082,5.864999771118164,5.864999771118164,2770,0.0,0.0
2024-05-31 14:25:00-04:00,5.864999771118164,5.880000114440918,5.864999771118164,5.879899978637695,61690,0.0,0.0
2024-05-31 14:26:00-04:00,5.875,5.880000114440918,5.869999885559082,5.880000114440918,2019,0.0,0.0
2024-05-31 14:27:00-04:00,5.880000114440918,5.880000114440918,5.875,5.875,4013,0.0,0.0
2024-05-31 14:28:00-04:00,5.880000114440918,5.880000114440918,5.869999885559082,5.875,1199,0.0,0.0
2024-05-31 14:29:00-04:00,5.880000114440918,5.880000114440918,5.874899864196777,5.880000114440918,814,0.0,0.0
2024-05-31 14:30:00-04:00,5.880000114440918,5.880000114440918,5.875,5.875,3069,0.0,0.0
2024-05-31 14:31:00-04:00,5.869999885559082,5.880000114440918,5.869999885559082,5.880000114440918,5453,0.0,0.0
2024-05-31 14:32:00-04:00,5.875,5.880000114440918,5.869999885559082,5.875,6230,0.0,0.0
2024-05-31 14:33:00-04:00,5.875,5.880000114440918,5.875,5.880000114440918,360,0.0,0.0
2024-05-31 14:34:00-04:00,5.880000114440918,5.880000114440918,5.875,5.880000114440918,9149,0.0,0.0
2024-05-31 14:35:00-04:00,5.880000114440918,5.880000114440918,5.875,5.880000114440918,2366,0.0,0.0
2024-05-31 14:36:00-04:00,5.870500087738037,5.880000114440918,5.869999885559082,5.875,2072,0.0,0.0
2024-05-31 14:37:00-04:00,5.869999885559082,5.880000114440918,5.869999885559082,5.869999885559082,16349,0.0,0.0
2024-05-31 14:38:00-04:00,5.869999885559082,5.880000114440918,5.869999885559082,5.875,4272,0.0,0.0
2024-05-31 14:39:00-04:00,5.880000114440918,5.880000114440918,5.869999885559082,5.869999885559082,2702,0.0,0.0
2024-05-31 14:40:00-04:00,5.875,5.875,5.869999885559082,5.869999885559082,1169,0.0,0.0
2024-05-31 14:41:00-04:00,5.869999885559082,5.875,5.869999885559082,5.869999885559082,2018,0.0,0.0
2024-05-31 14:42:00-04:00,5.869999885559082,5.875,5.869999885559082,5.869999885559082,3398,0.0,0.0
2024-05-31 14:43:00-04:00,5.869999885559082,5.880000114440918,5.869999885559082,5.869999885559082,2143,0.0,0.0
2024-05-31 14:44:00-04:00,5.875,5.880000114440918,5.869999885559082,5.869999885559082,1287,0.0,0.0
2024-05-31 14:45:00-04:00,5.869999885559082,5.880000114440918,5.869999885559082,5.880000114440918,1447,0.0,0.0
2024-05-31 14:46:00-04:00,5.870100021362305,5.880000114440918,5.869999885559082,5.875,25492,0.0,0.0
2024-05-31 14:47:00-04:00,5.869999885559082,5.875,5.860000133514404,5.860000133514404,54071,0.0,0.0
2024-05-31 14:48:00-04:00,5.860000133514404,5.869999885559082,5.849999904632568,5.855000019073486,36428,0.0,0.0
2024-05-31 14:49:00-04:00,5.855000019073486,5.860000133514404,5.849999904632568,5.860000133514404,14030,0.0,0.0
2024-05-31 14:50:00-04:00,5.855000019073486,5.860000133514404,5.849999904632568,5.860000133514404,5426,0.0,0.0
2024-05-31 14:51:00-04:00,5.855000019073486,5.860000133514404,5.855000019073486,5.855000019073486,2484,0.0,0.0
2024-05-31 14:52:00-04:00,5.855000019073486,5.855000019073486,5.84499979019165,5.84499979019165,34239,0.0,0.0
2024-05-31 14:53:00-04:00,5.849999904632568,5.849999904632568,5.840000152587891,5.849999904632568,8701,0.0,0.0
2024-05-31 14:54:00-04:00,5.849999904632568,5.849999904632568,5.840000152587891,5.849999904632568,2230,0.0,0.0
2024-05-31 14:55:00-04:00,5.849999904632568,5.860000133514404,5.84499979019165,5.860000133514404,14708,0.0,0.0
2024-05-31 14:56:00-04:00,5.855000019073486,5.860000133514404,5.849999904632568,5.855000019073486,4283,0.0,0.0
2024-05-31 14:57:00-04:00,5.855000019073486,5.855000019073486,5.849999904632568,5.849999904632568,1646,0.0,0.0
2024-05-31 14:58:00-04:00,5.849999904632568,5.849999904632568,5.849999904632568,5.849999904632568,1095,0.0,0.0
2024-05-31 14:59:00-04:00,5.860000133514404,5.860000133514404,5.849999904632568,5.849999904632568,7330,0.0,0.0
2024-05-31 15:00:00-04:00,5.855000019073486,5.855000019073486,5.849999904632568,5.855000019073486,7918,0.0,0.0
2024-05-31 15:01:00-04:00,5.855000019073486,5.860000133514404,5.855000019073486,5.855000019073486,3142,0.0,0.0
2024-05-31 15:02:00-04:00,5.855000019073486,5.860000133514404,5.849999904632568,5.849999904632568,3359,0.0,0.0
2024-05-31 15:03:00-04:00,5.849999904632568,5.855000019073486,5.840000152587891,5.855000019073486,58785,0.0,0.0
2024-05-31 15:04:00-04:00,5.859899997711182,5.860000133514404,5.849999904632568,5.855000019073486,11805,0.0,0.0
2024-05-31 15:05:00-04:00,5.855000019073486,5.860000133514404,5.855000019073486,5.855000019073486,9867,0.0,0.0
2024-05-31 15:06:00-04:00,5.855000019073486,5.860000133514404,5.849999904632568,5.855000019073486,2356,0.0,0.0
2024-05-31 15:07:00-04:00,5.855000019073486,5.855000019073486,5.849999904632568,5.855000019073486,2006,0.0,0.0
2024-05-31 15:08:00-04:00,5.855000019073486,5.860000133514404,5.840000152587891,5.849999904632568,95707,0.0,0.0
2024-05-31 15:09:00-04:00,5.849999904632568,5.849999904632568,5.84499979019165,5.84499979019165,4117,0.0,0.0
2024-05-31 15:10:00-04:00,5.849999904632568,5.849999904632568,5.840000152587891,5.849999904632568,16354,0.0,0.0
2024-05-31 15:11:00-04:00,5.84499979019165,5.849999904632568,5.840000152587891,5.84499979019165,11372,0.0,0.0
2024-05-31 15:12:00-04:00,5.84499979019165,5.875,5.840000152587891,5.875,105886,0.0,0.0
2024-05-31 15:13:00-04:00,5.875,5.875,5.869999885559082,5.869999885559082,20884,0.0,0.0
2024-05-31 15:14:00-04:00,5.875,5.875,5.864999771118164,5.864999771118164,15452,0.0,0.0
2024-05-31 15:15:00-04:00,5.860000133514404,5.864999771118164,5.860000133514404,5.864999771118164,3930,0.0,0.0
2024-05-31 15:16:00-04:00,5.869999885559082,5.869999885559082,5.860000133514404,5.864999771118164,21006,0.0,0.0
2024-05-31 15:17:00-04:00,5.864999771118164,5.864999771118164,5.860000133514404,5.860000133514404,1948,0.0,0.0
2024-05-31 15:18:00-04:00,5.864999771118164,5.864999771118164,5.860000133514404,5.864999771118164,822,0.0,0.0
2024-05-31 15:19:00-04:00,5.864999771118164,5.864999771118164,5.860000133514404,5.860000133514404,959,0.0,0.0
2024-05-31 15:20:00-04:00,5.869999885559082,5.869999885559082,5.860000133514404,5.860000133514404,1354,0.0,0.0
2024-05-31 15:21:00-04:00,5.860000133514404,5.869999885559082,5.860000133514404,5.860000133514404,6674,0.0,0.0
2024-05-31 15:22:00-04:00,5.860000133514404,5.869999885559082,5.849999904632568,5.855000019073486,28712,0.0,0.0
2024-05-31 15:23:00-04:00,5.853400230407715,5.860000133514404,5.849999904632568,5.849999904632568,31508,0.0,0.0
2024-05-31 15:24:00-04:00,5.860000133514404,5.860000133514404,5.855000019073486,5.860000133514404,7851,0.0,0.0
2024-05-31 15:25:00-04:00,5.855000019073486,5.860000133514404,5.849999904632568,5.855000019073486,5007,0.0,0.0
2024-05-31 15:26:00-04:00,5.860000133514404,5.860000133514404,5.849999904632568,5.849999904632568,18835,0.0,0.0
2024-05-31 15:27:00-04:00,5.860000133514404,5.860000133514404,5.849999904632568,5.860000133514404,4174,0.0,0.0
2024-05-31 15:28:00-04:00,5.855000019073486,5.860000133514404,5.849999904632568,5.855000019073486,5041,0.0,0.0
2024-05-31 15:29:00-04:00,5.855000019073486,5.860000133514404,5.849999904632568,5.855000019073486,6788,0.0,0.0
2024-05-31 15:30:00-04:00,5.855000019073486,5.855000019073486,5.849999904632568,5.855000019073486,69166,0.0,0.0
2024-05-31 15:31:00-04:00,5.855000019073486,5.860000133514404,5.849999904632568,5.849999904632568,7234,0.0,0.0
2024-05-31 15:32:00-04:00,5.855000019073486,5.860000133514404,5.849999904632568,5.860000133514404,59156,0.0,0.0
2024-05-31 15:33:00-04:00,5.849999904632568,5.860000133514404,5.849999904632568,5.855000019073486,44501,0.0,0.0
2024-05-31 15:34:00-04:00,5.855000019073486,5.864999771118164,5.849999904632568,5.855000019073486,222231,0.0,0.0
2024-05-31 15:35:00-04:00,5.855000019073486,5.855000019073486,5.849999904632568,5.855000019073486,7989,0.0,0.0
2024-05-31 15:36:00-04:00,5.860000133514404,5.860000133514404,5.855000019073486,5.855000019073486,4679,0.0,0.0
2024-05-31 15:37:00-04:00,5.855000019073486,5.860000133514404,5.849999904632568,5.855000019073486,26468,0.0,0.0
2024-05-31 15:38:00-04:00,5.850100040435791,5.860000133514404,5.849999904632568,5.855000019073486,23614,0.0,0.0
2024-05-31 15:39:00-04:00,5.855000019073486,5.855000019073486,5.849999904632568,5.855000019073486,5986,0.0,0.0
2024-05-31 15:40:00-04:00,5.849999904632568,5.860000133514404,5.849999904632568,5.859899997711182,4302,0.0,0.0
2024-05-31 15:41:00-04:00,5.855000019073486,5.880000114440918,5.855000019073486,5.875,110903,0.0,0.0
2024-05-31 15:42:00-04:00,5.875,5.875,5.869999885559082,5.869999885559082,43317,0.0,0.0
2024-05-31 15:43:00-04:00,5.869999885559082,5.885000228881836,5.869999885559082,5.885000228881836,54208,0.0,0.0
2024-05-31 15:44:00-04:00,5.885000228881836,5.889999866485596,5.880000114440918,5.889900207519531,12462,0.0,0.0
2024-05-31 15:45:00-04:00,5.889999866485596,5.889999866485596,5.880000114440918,5.885000228881836,55317,0.0,0.0
2024-05-31 15:46:00-04:00,5.885000228881836,5.889999866485596,5.880000114440918,5.885000228881836,54398,0.0,0.0
2024-05-31 15:47:00-04:00,5.889999866485596,5.889999866485596,5.880000114440918,5.885000228881836,28880,0.0,0.0
2024-05-31 15:48:00-04:00,5.889999866485596,5.900000095367432,5.885000228881836,5.900000095367432,120473,0.0,0.0
2024-05-31 15:49:00-04:00,5.900000095367432,5.909999847412109,5.900000095367432,5.909999847412109,82838,0.0,0.0
2024-05-31 15:50:00-04:00,5.909999847412109,5.929999828338623,5.90500020980835,5.914999961853027,217829,0.0,0.0
2024-05-31 15:51:00-04:00,5.914999961853027,5.920000076293945,5.914999961853027,5.914999961853027,18901,0.0,0.0
2024-05-31 15:52:00-04:00,5.914999961853027,5.920000076293945,5.909999847412109,5.920000076293945,17333,0.0,0.0
2024-05-31 15:53:00-04:00,5.914999961853027,5.929999828338623,5.909999847412109,5.918499946594238,188021,0.0,0.0
2024-05-31 15:54:00-04:00,5.909999847412109,5.918600082397461,5.900000095367432,5.900000095367432,69194,0.0,0.0
2024-05-31 15:55:00-04:00,5.90500020980835,5.909999847412109,5.900000095367432,5.900000095367432,140952,0.0,0.0
2024-05-31 15:56:00-04:00,5.900000095367432,5.909999847412109,5.900000095367432,5.900000095367432,97094,0.0,0.0
2024-05-31 15:57:00-04:00,5.900000095367432,5.909999847412109,5.900000095367432,5.900000095367432,23134,0.0,0.0
2024-05-31 15:58:00-04:00,5.900000095367432,5.909999847412109,5.900000095367432,5.900000095367432,61377,0.0,0.0
2024-05-31 15:59:00-04:00,5.90500020980835,5.909999847412109,5.889999866485596,5.889999866485596,466333,0.0,0.0
