Datetime,Open,High,Low,Close,Volume,Dividends,Stock Splits
2024-05-28 09:30:00-04:00,349.260009765625,349.4700012207031,348.0,349.4700012207031,13523,0.0,0.0
2024-05-28 09:31:00-04:00,348.7449951171875,349.3699951171875,348.57000732421875,348.75,484,0.0,0.0
2024-05-28 09:32:00-04:00,349.4700012207031,349.4700012207031,348.1400146484375,348.760009765625,538,0.0,0.0
2024-05-28 09:33:00-04:00,348.7650146484375,349.45001220703125,348.7650146484375,349.45001220703125,342,0.0,0.0
2024-05-28 09:34:00-04:00,348.30999755859375,348.8999938964844,348.30999755859375,348.8999938964844,2171,0.0,0.0
2024-05-28 09:35:00-04:00,348.8999938964844,348.8999938964844,348.239990234375,348.239990234375,602,0.0,0.0
2024-05-28 09:36:00-04:00,348.0299987792969,348.4800109863281,348.0299987792969,348.2200012207031,806,0.0,0.0
2024-05-28 09:37:00-04:00,348.2850036621094,348.6700134277344,348.1796875,348.6700134277344,1450,0.0,0.0
2024-05-28 09:38:00-04:00,348.1719970703125,348.1719970703125,348.1719970703125,348.1719970703125,1173,0.0,0.0
2024-05-28 09:39:00-04:00,348.3900146484375,349.010009765625,348.1400146484375,348.7749938964844,12265,0.0,0.0
2024-05-28 09:40:00-04:00,348.7300109863281,348.7300109863281,348.3999938964844,348.56500244140625,3478,0.0,0.0
2024-05-28 09:41:00-04:00,348.6400146484375,349.6300048828125,348.6400146484375,349.6300048828125,16472,0.0,0.0
2024-05-28 09:42:00-04:00,349.760009765625,350.3948059082031,349.760009765625,350.1499938964844,8510,0.0,0.0
2024-05-28 09:43:00-04:00,349.8699951171875,349.8699951171875,349.45001220703125,349.45001220703125,953,0.0,0.0
2024-05-28 09:44:00-04:00,349.3800048828125,349.3800048828125,349.3800048828125,349.3800048828125,765,0.0,0.0
2024-05-28 09:45:00-04:00,349.79998779296875,349.79998779296875,349.79998779296875,349.79998779296875,322,0.0,0.0
2024-05-28 09:46:00-04:00,349.9100036621094,350.2049865722656,349.9100036621094,350.2049865722656,1367,0.0,0.0
2024-05-28 09:48:00-04:00,350.0899963378906,350.0899963378906,349.6499938964844,349.6499938964844,828,0.0,0.0
2024-05-28 09:51:00-04:00,349.7699890136719,349.989990234375,349.7099914550781,349.8399963378906,2354,0.0,0.0
2024-05-28 09:53:00-04:00,349.7749938964844,349.7749938964844,349.5400085449219,349.5400085449219,1455,0.0,0.0
2024-05-28 09:54:00-04:00,349.4855041503906,349.4855041503906,349.4855041503906,349.4855041503906,605,0.0,0.0
2024-05-28 09:55:00-04:00,349.3999938964844,349.5,349.3999938964844,349.5,1274,0.0,0.0
2024-05-28 09:56:00-04:00,349.3999938964844,349.5199890136719,349.3999938964844,349.5199890136719,962,0.0,0.0
2024-05-28 09:57:00-04:00,349.3999938964844,349.5150146484375,349.1700134277344,349.3500061035156,8131,0.0,0.0
2024-05-28 09:58:00-04:00,349.31500244140625,349.6000061035156,349.31500244140625,349.6000061035156,2299,0.0,0.0
2024-05-28 09:59:00-04:00,349.69989013671875,349.69989013671875,349.3500061035156,349.6600036621094,9964,0.0,0.0
2024-05-28 10:00:00-04:00,349.3999938964844,349.6300048828125,349.3500061035156,349.44500732421875,5070,0.0,0.0
2024-05-28 10:01:00-04:00,349.3900146484375,349.5400085449219,349.3800964355469,349.5150146484375,2981,0.0,0.0
2024-05-28 10:02:00-04:00,349.5899963378906,349.760009765625,349.5899963378906,349.6199951171875,1232,0.0,0.0
2024-05-28 10:03:00-04:00,349.6000061035156,349.6000061035156,349.3500061035156,349.3500061035156,2344,0.0,0.0
2024-05-28 10:04:00-04:00,349.5899963378906,349.67498779296875,349.5899963378906,349.67498779296875,965,0.0,0.0
2024-05-28 10:05:00-04:00,349.82000732421875,349.9100036621094,349.82000732421875,349.9100036621094,516,0.0,0.0
2024-05-28 10:06:00-04:00,349.7749938964844,349.7950134277344,349.7300109863281,349.7950134277344,1190,0.0,0.0
2024-05-28 10:07:00-04:00,349.8999938964844,350.010009765625,349.8999938964844,349.94000244140625,1938,0.0,0.0
2024-05-28 10:08:00-04:00,349.9200134277344,349.92498779296875,349.8399963378906,349.8399963378906,1077,0.0,0.0
2024-05-28 10:09:00-04:00,349.8500061035156,349.8500061035156,349.67999267578125,349.760009765625,1701,0.0,0.0
2024-05-28 10:10:00-04:00,349.8699951171875,349.8699951171875,349.7799987792969,349.82501220703125,982,0.0,0.0
2024-05-28 10:11:00-04:00,349.57000732421875,349.57000732421875,349.57000732421875,349.57000732421875,538,0.0,0.0
2024-05-28 10:12:00-04:00,349.57501220703125,349.57501220703125,349.57501220703125,349.57501220703125,798,0.0,0.0
2024-05-28 10:13:00-04:00,349.6700134277344,349.739990234375,349.6700134277344,349.739990234375,1162,0.0,0.0
2024-05-28 10:14:00-04:00,349.8699951171875,349.8699951171875,349.8699951171875,349.8699951171875,367,0.0,0.0
2024-05-28 10:15:00-04:00,349.79998779296875,349.8399963378906,349.79998779296875,349.8299865722656,1121,0.0,0.0
2024-05-28 10:16:00-04:00,349.79998779296875,350.0899963378906,349.79998779296875,350.05999755859375,2763,0.0,0.0
2024-05-28 10:17:00-04:00,349.8500061035156,349.8599853515625,349.8500061035156,349.8599853515625,250,0.0,0.0
2024-05-28 10:18:00-04:00,349.94000244140625,350.1199951171875,349.94000244140625,350.1199951171875,1101,0.0,0.0
2024-05-28 10:19:00-04:00,349.93499755859375,349.93499755859375,349.93499755859375,349.93499755859375,284,0.0,0.0
2024-05-28 10:20:00-04:00,349.8500061035156,350.20001220703125,349.75,350.17999267578125,5132,0.0,0.0
2024-05-28 10:21:00-04:00,350.1199951171875,350.489990234375,350.1199951171875,350.489990234375,2236,0.0,0.0
2024-05-28 10:22:00-04:00,350.54998779296875,350.5799865722656,350.5450134277344,350.5799865722656,513,0.0,0.0
2024-05-28 10:23:00-04:00,350.510009765625,350.510009765625,350.04998779296875,350.04998779296875,1073,0.0,0.0
2024-05-28 10:25:00-04:00,349.79998779296875,349.94000244140625,349.75,349.80999755859375,3224,0.0,0.0
2024-05-28 10:26:00-04:00,349.9100036621094,349.9100036621094,349.7799987792969,349.9049987792969,915,0.0,0.0
2024-05-28 10:27:00-04:00,349.78009033203125,349.885009765625,349.78009033203125,349.8450012207031,2041,0.0,0.0
2024-05-28 10:28:00-04:00,349.75,349.75,349.18499755859375,349.2699890136719,7349,0.0,0.0
2024-05-28 10:29:00-04:00,349.0199890136719,349.1199951171875,348.8450012207031,348.8450012207031,3631,0.0,0.0
2024-05-28 10:30:00-04:00,348.8999938964844,348.8999938964844,348.2699890136719,348.2699890136719,1597,0.0,0.0
2024-05-28 10:31:00-04:00,348.3500061035156,348.3500061035156,348.3500061035156,348.3500061035156,655,0.0,0.0
2024-05-28 10:32:00-04:00,348.3699951171875,348.6099853515625,348.3699951171875,348.5299987792969,2092,0.0,0.0
2024-05-28 10:33:00-04:00,348.51910400390625,348.51910400390625,348.17010498046875,348.2300109863281,3193,0.0,0.0
2024-05-28 10:34:00-04:00,348.1300048828125,348.1300048828125,347.8500061035156,347.8500061035156,2952,0.0,0.0
2024-05-28 10:35:00-04:00,348.1300048828125,348.1300048828125,347.8599853515625,348.010009765625,4362,0.0,0.0
2024-05-28 10:36:00-04:00,348.010009765625,348.1300048828125,347.9700012207031,347.9700012207031,2441,0.0,0.0
2024-05-28 10:37:00-04:00,347.9649963378906,348.3900146484375,347.7799987792969,348.1449890136719,7518,0.0,0.0
2024-05-28 10:38:00-04:00,348.1700134277344,348.17498779296875,348.1700134277344,348.17498779296875,386,0.0,0.0
2024-05-28 10:39:00-04:00,348.1400146484375,348.1449890136719,348.135009765625,348.1449890136719,434,0.0,0.0
2024-05-28 10:40:00-04:00,348.1499938964844,348.1499938964844,348.1499938964844,348.1499938964844,556,0.0,0.0
2024-05-28 10:42:00-04:00,348.0,348.0,347.8900146484375,347.8900146484375,638,0.0,0.0
2024-05-28 10:43:00-04:00,347.9150085449219,348.19500732421875,347.9150085449219,348.19000244140625,2342,0.0,0.0
2024-05-28 10:44:00-04:00,348.19000244140625,348.19000244140625,348.1499938964844,348.1499938964844,3356,0.0,0.0
2024-05-28 10:45:00-04:00,348.1400146484375,348.30999755859375,348.1400146484375,348.239990234375,1644,0.0,0.0
2024-05-28 10:46:00-04:00,348.3599853515625,348.4949951171875,348.25,348.4949951171875,1564,0.0,0.0
2024-05-28 10:47:00-04:00,348.6000061035156,348.6000061035156,348.6000061035156,348.6000061035156,741,0.0,0.0
2024-05-28 10:48:00-04:00,348.7250061035156,348.7250061035156,348.7250061035156,348.7250061035156,635,0.0,0.0
2024-05-28 10:49:00-04:00,348.6499938964844,348.69000244140625,348.6499938964844,348.69000244140625,692,0.0,0.0
2024-05-28 10:50:00-04:00,348.69000244140625,348.69000244140625,348.69000244140625,348.69000244140625,363,0.0,0.0
2024-05-28 10:51:00-04:00,348.5799865722656,348.5799865722656,348.5799865722656,348.5799865722656,2304,0.0,0.0
2024-05-28 10:52:00-04:00,348.67498779296875,349.1000061035156,348.67498779296875,349.1000061035156,5422,0.0,0.0
2024-05-28 10:53:00-04:00,349.1099853515625,349.1099853515625,349.1099853515625,349.1099853515625,902,0.0,0.0
2024-05-28 10:54:00-04:00,349.07000732421875,349.07000732421875,348.8699951171875,348.92999267578125,2875,0.0,0.0
2024-05-28 10:55:00-04:00,348.80999755859375,348.81500244140625,348.80999755859375,348.81500244140625,796,0.0,0.0
2024-05-28 10:56:00-04:00,348.6700134277344,348.7650146484375,348.6199951171875,348.7250061035156,2425,0.0,0.0
2024-05-28 10:57:00-04:00,348.6199951171875,348.739990234375,348.57000732421875,348.57000732421875,4709,0.0,0.0
2024-05-28 10:58:00-04:00,348.625,348.6700134277344,348.3599853515625,348.4700012207031,7529,0.0,0.0
2024-05-28 10:59:00-04:00,348.4700012207031,348.6000061035156,348.4700012207031,348.57501220703125,1213,0.0,0.0
2024-05-28 11:00:00-04:00,348.6700134277344,348.8900146484375,348.6700134277344,348.8900146484375,1599,0.0,0.0
2024-05-28 11:01:00-04:00,348.94000244140625,349.0,348.94000244140625,349.0,410,0.0,0.0
2024-05-28 11:02:00-04:00,349.0,349.30499267578125,348.8503112792969,349.2449951171875,2531,0.0,0.0
2024-05-28 11:03:00-04:00,349.260009765625,349.4200134277344,349.260009765625,349.4200134277344,1540,0.0,0.0
2024-05-28 11:04:00-04:00,349.239990234375,349.3550109863281,349.2200012207031,349.2950134277344,799,0.0,0.0
2024-05-28 11:05:00-04:00,349.2950134277344,349.2950134277344,349.2950134277344,349.2950134277344,683,0.0,0.0
2024-05-28 11:06:00-04:00,349.32000732421875,349.32000732421875,349.32000732421875,349.32000732421875,113,0.0,0.0
2024-05-28 11:07:00-04:00,349.2001037597656,349.32000732421875,349.2001037597656,349.32000732421875,711,0.0,0.0
2024-05-28 11:08:00-04:00,349.32000732421875,349.4849853515625,349.32000732421875,349.4849853515625,1780,0.0,0.0
2024-05-28 11:09:00-04:00,349.45001220703125,349.45001220703125,349.45001220703125,349.45001220703125,140,0.0,0.0
2024-05-28 11:10:00-04:00,349.44500732421875,349.44500732421875,349.44500732421875,349.44500732421875,390,0.0,0.0
2024-05-28 11:11:00-04:00,349.3900146484375,349.5,349.3900146484375,349.5,796,0.0,0.0
2024-05-28 11:12:00-04:00,349.3374938964844,349.55499267578125,349.3374938964844,349.55499267578125,2539,0.0,0.0
2024-05-28 11:13:00-04:00,349.489990234375,349.5,349.489990234375,349.5,293,0.0,0.0
2024-05-28 11:14:00-04:00,349.5,349.5,349.4849853515625,349.5,3009,0.0,0.0
2024-05-28 11:15:00-04:00,349.5,349.5,349.0,349.0899963378906,17030,0.0,0.0
2024-05-28 11:16:00-04:00,349.0899963378906,349.0950012207031,349.0899963378906,349.0950012207031,821,0.0,0.0
2024-05-28 11:17:00-04:00,349.0,349.17999267578125,349.0,349.17999267578125,2781,0.0,0.0
2024-05-28 11:18:00-04:00,349.07501220703125,349.2099914550781,349.07501220703125,349.1499938964844,3406,0.0,0.0
2024-05-28 11:19:00-04:00,349.2900085449219,349.2900085449219,349.2799987792969,349.2799987792969,478,0.0,0.0
2024-05-28 11:20:00-04:00,349.0799865722656,349.0799865722656,348.57000732421875,348.6650085449219,3323,0.0,0.0
2024-05-28 11:21:00-04:00,348.4649963378906,348.4649963378906,348.4330139160156,348.4330139160156,415,0.0,0.0
2024-05-28 11:22:00-04:00,348.4150085449219,348.45001220703125,348.4150085449219,348.44000244140625,787,0.0,0.0
2024-05-28 11:23:00-04:00,348.3900146484375,349.1400146484375,348.3900146484375,349.1400146484375,12480,0.0,0.0
2024-05-28 11:24:00-04:00,349.135009765625,349.1748046875,348.9150085449219,349.1300048828125,6453,0.0,0.0
2024-05-28 11:25:00-04:00,349.0899963378906,349.1199951171875,349.0899963378906,349.1199951171875,315,0.0,0.0
2024-05-28 11:26:00-04:00,349.125,349.135009765625,349.0,349.135009765625,3481,0.0,0.0
2024-05-28 11:28:00-04:00,349.125,349.1600036621094,349.1000061035156,349.1000061035156,456,0.0,0.0
2024-05-28 11:29:00-04:00,349.0899963378906,349.0899963378906,348.9849853515625,348.9849853515625,552,0.0,0.0
2024-05-28 11:30:00-04:00,349.0,349.04998779296875,348.9750061035156,349.04998779296875,960,0.0,0.0
2024-05-28 11:31:00-04:00,349.0,349.0,349.0,349.0,243,0.0,0.0
2024-05-28 11:32:00-04:00,349.0799865722656,349.0799865722656,349.0799865722656,349.0799865722656,518,0.0,0.0
2024-05-28 11:33:00-04:00,349.0,349.06500244140625,348.9775085449219,349.06500244140625,1013,0.0,0.0
2024-05-28 11:34:00-04:00,349.0,349.0,349.0,349.0,753,0.0,0.0
2024-05-28 11:35:00-04:00,349.0,349.0400085449219,348.989990234375,349.0400085449219,655,0.0,0.0
2024-05-28 11:36:00-04:00,349.04998779296875,349.1499938964844,348.9700012207031,349.1499938964844,2399,0.0,0.0
2024-05-28 11:37:00-04:00,349.17999267578125,349.2749938964844,349.17999267578125,349.2749938964844,881,0.0,0.0
2024-05-28 11:40:00-04:00,349.2850036621094,349.3599853515625,349.19000244140625,349.3599853515625,1958,0.0,0.0
2024-05-28 11:42:00-04:00,349.2650146484375,349.3999938964844,349.2650146484375,349.3900146484375,846,0.0,0.0
2024-05-28 11:43:00-04:00,349.1470031738281,349.1470031738281,349.1470031738281,349.1470031738281,332,0.0,0.0
2024-05-28 11:45:00-04:00,349.2099914550781,349.2099914550781,349.1246032714844,349.1246032714844,1020,0.0,0.0
2024-05-28 11:46:00-04:00,349.1300048828125,349.29998779296875,349.1300048828125,349.29998779296875,1241,0.0,0.0
2024-05-28 11:48:00-04:00,349.0899963378906,349.1600036621094,349.0,349.04998779296875,3593,0.0,0.0
2024-05-28 11:49:00-04:00,349.04998779296875,349.04998779296875,349.04998779296875,349.04998779296875,685,0.0,0.0
2024-05-28 11:52:00-04:00,349.0,349.1000061035156,348.989990234375,349.010009765625,2379,0.0,0.0
2024-05-28 11:53:00-04:00,349.0,349.0400085449219,348.9100036621094,349.010009765625,12297,0.0,0.0
2024-05-28 11:54:00-04:00,349.0,349.1000061035156,348.9700012207031,349.07501220703125,5427,0.0,0.0
2024-05-28 11:57:00-04:00,349.0299987792969,349.0299987792969,349.0,349.0,695,0.0,0.0
2024-05-28 11:58:00-04:00,349.0,349.0,349.0,349.0,1806,0.0,0.0
2024-05-28 11:59:00-04:00,348.9599914550781,349.1099853515625,348.9599914550781,349.0,2802,0.0,0.0
2024-05-28 12:00:00-04:00,349.1400146484375,349.1400146484375,349.0950012207031,349.0950012207031,733,0.0,0.0
2024-05-28 12:02:00-04:00,349.0,349.114990234375,348.9949951171875,349.0899963378906,1569,0.0,0.0
2024-05-28 12:03:00-04:00,349.0950012207031,349.0950012207031,349.0,349.0,681,0.0,0.0
2024-05-28 12:04:00-04:00,349.0,349.0,348.9750061035156,349.0,1677,0.0,0.0
2024-05-28 12:06:00-04:00,349.05499267578125,349.1499938964844,348.9849853515625,348.9849853515625,5167,0.0,0.0
2024-05-28 12:07:00-04:00,349.0,349.0,349.0,349.0,1548,0.0,0.0
2024-05-28 12:08:00-04:00,349.0400085449219,349.0400085449219,349.0299987792969,349.0299987792969,379,0.0,0.0
2024-05-28 12:09:00-04:00,349.0,349.0,349.0,349.0,191,0.0,0.0
2024-05-28 12:10:00-04:00,349.0,349.0249938964844,348.25,348.385009765625,36575,0.0,0.0
2024-05-28 12:11:00-04:00,348.3500061035156,348.3500061035156,348.25,348.25,730,0.0,0.0
2024-05-28 12:12:00-04:00,348.2699890136719,348.55999755859375,348.2699890136719,348.4700012207031,2601,0.0,0.0
2024-05-28 12:14:00-04:00,348.5050048828125,348.5050048828125,348.5050048828125,348.5050048828125,219,0.0,0.0
2024-05-28 12:15:00-04:00,348.5050048828125,348.5050048828125,348.5050048828125,348.5050048828125,209,0.0,0.0
2024-05-28 12:16:00-04:00,348.260009765625,348.260009765625,348.260009765625,348.260009765625,187,0.0,0.0
2024-05-28 12:17:00-04:00,348.25,348.25,348.25,348.25,515,0.0,0.0
2024-05-28 12:18:00-04:00,348.25,348.25,348.25,348.25,845,0.0,0.0
2024-05-28 12:19:00-04:00,348.2950134277344,348.489990234375,348.2950134277344,348.489990234375,1492,0.0,0.0
2024-05-28 12:20:00-04:00,348.32000732421875,348.32000732421875,348.32000732421875,348.32000732421875,504,0.0,0.0
2024-05-28 12:21:00-04:00,348.385009765625,348.385009765625,348.3800048828125,348.3800048828125,723,0.0,0.0
2024-05-28 12:22:00-04:00,348.375,348.375,348.3699951171875,348.3699951171875,348,0.0,0.0
2024-05-28 12:23:00-04:00,348.364990234375,348.364990234375,348.364990234375,348.364990234375,126,0.0,0.0
2024-05-28 12:24:00-04:00,348.4700012207031,349.0,348.2300109863281,348.2300109863281,28657,0.0,0.0
2024-05-28 12:25:00-04:00,348.2449951171875,348.260009765625,348.2449951171875,348.260009765625,322,0.0,0.0
2024-05-28 12:26:00-04:00,348.2550048828125,348.3599853515625,348.25,348.3599853515625,1231,0.0,0.0
2024-05-28 12:27:00-04:00,348.2550048828125,348.2550048828125,348.2550048828125,348.2550048828125,348,0.0,0.0
2024-05-28 12:28:00-04:00,348.25,348.25,348.25,348.25,996,0.0,0.0
2024-05-28 12:31:00-04:00,348.25,348.25,348.25,348.25,489,0.0,0.0
2024-05-28 12:33:00-04:00,348.2976989746094,348.2976989746094,348.2976989746094,348.2976989746094,248,0.0,0.0
2024-05-28 12:34:00-04:00,348.25,348.2900085449219,348.25,348.2699890136719,1017,0.0,0.0
2024-05-28 12:35:00-04:00,348.25,348.25,348.25,348.25,1143,0.0,0.0
2024-05-28 12:36:00-04:00,348.2500915527344,348.2500915527344,348.25,348.25,1318,0.0,0.0
2024-05-28 12:37:00-04:00,348.2300109863281,348.2300109863281,348.2300109863281,348.2300109863281,543,0.0,0.0
2024-05-28 12:38:00-04:00,348.25,348.3699951171875,348.25,348.3699951171875,3030,0.0,0.0
2024-05-28 12:41:00-04:00,348.260009765625,348.260009765625,348.260009765625,348.260009765625,117,0.0,0.0
2024-05-28 12:42:00-04:00,348.25,348.25,348.25,348.25,743,0.0,0.0
2024-05-28 12:43:00-04:00,348.25,348.25,348.25,348.25,383,0.0,0.0
2024-05-28 12:45:00-04:00,348.2355041503906,348.25,348.2355041503906,348.25,974,0.0,0.0
2024-05-28 12:46:00-04:00,348.2200927734375,348.3500061035156,348.2200012207031,348.2699890136719,1370,0.0,0.0
2024-05-28 12:47:00-04:00,348.25,348.25,348.25,348.25,311,0.0,0.0
2024-05-28 12:48:00-04:00,348.25,348.2699890136719,348.2300109863281,348.25,1284,0.0,0.0
2024-05-28 12:49:00-04:00,348.2900085449219,348.2900085449219,347.8599853515625,347.9800109863281,4333,0.0,0.0
2024-05-28 12:50:00-04:00,347.8999938964844,348.0199890136719,347.8999938964844,347.94000244140625,930,0.0,0.0
2024-05-28 12:52:00-04:00,347.9049987792969,347.9049987792969,347.9049987792969,347.9049987792969,592,0.0,0.0
2024-05-28 12:55:00-04:00,347.6300048828125,347.6300048828125,347.625,347.625,816,0.0,0.0
2024-05-28 12:56:00-04:00,347.44000244140625,347.4599914550781,347.44000244140625,347.4599914550781,652,0.0,0.0
2024-05-28 12:57:00-04:00,346.989990234375,347.0899963378906,346.80999755859375,346.80999755859375,1076,0.0,0.0
2024-05-28 12:58:00-04:00,346.70001220703125,346.70001220703125,346.70001220703125,346.70001220703125,579,0.0,0.0
2024-05-28 13:01:00-04:00,346.4100036621094,346.6199951171875,346.3500061035156,346.614990234375,3991,0.0,0.0
2024-05-28 13:02:00-04:00,346.5,346.6199951171875,346.5,346.6199951171875,3169,0.0,0.0
2024-05-28 13:03:00-04:00,346.5,346.5,346.5,346.5,597,0.0,0.0
2024-05-28 13:04:00-04:00,346.5262145996094,346.5262145996094,346.5262145996094,346.5262145996094,253,0.0,0.0
2024-05-28 13:05:00-04:00,346.6000061035156,346.69000244140625,346.57000732421875,346.69000244140625,1677,0.0,0.0
2024-05-28 13:06:00-04:00,346.5899963378906,346.5899963378906,346.5899963378906,346.5899963378906,384,0.0,0.0
2024-05-28 13:08:00-04:00,346.6099853515625,346.6099853515625,346.6099853515625,346.6099853515625,876,0.0,0.0
2024-05-28 13:09:00-04:00,346.6099853515625,347.0400085449219,346.45001220703125,346.8800048828125,64893,0.0,0.0
2024-05-28 13:10:00-04:00,347.0199890136719,347.19000244140625,347.0199890136719,347.19000244140625,1303,0.0,0.0
2024-05-28 13:12:00-04:00,346.9649963378906,348.05999755859375,346.9649963378906,347.864990234375,9068,0.0,0.0
2024-05-28 13:13:00-04:00,347.6400146484375,348.0,347.6400146484375,347.760009765625,4632,0.0,0.0
2024-05-28 13:14:00-04:00,347.4700012207031,347.625,347.4700012207031,347.625,580,0.0,0.0
2024-05-28 13:15:00-04:00,347.54998779296875,348.1700134277344,347.54998779296875,348.1499938964844,11193,0.0,0.0
2024-05-28 13:16:00-04:00,348.0,348.1300048828125,347.79998779296875,348.0252990722656,3927,0.0,0.0
2024-05-28 13:17:00-04:00,348.1300048828125,348.2799987792969,348.1300048828125,348.2799987792969,751,0.0,0.0
2024-05-28 13:18:00-04:00,348.1499938964844,348.17999267578125,348.1499938964844,348.17999267578125,833,0.0,0.0
2024-05-28 13:19:00-04:00,348.1099853515625,348.29998779296875,348.1099853515625,348.1099853515625,2994,0.0,0.0
2024-05-28 13:20:00-04:00,348.1650085449219,348.1650085449219,348.1650085449219,348.1650085449219,338,0.0,0.0
2024-05-28 13:21:00-04:00,348.1400146484375,348.6700134277344,348.1400146484375,348.6499938964844,5158,0.0,0.0
2024-05-28 13:22:00-04:00,348.67999267578125,348.69000244140625,348.6400146484375,348.6400146484375,1205,0.0,0.0
2024-05-28 13:24:00-04:00,348.44000244140625,348.44000244140625,348.42999267578125,348.42999267578125,822,0.0,0.0
2024-05-28 13:25:00-04:00,348.4307861328125,348.4307861328125,348.4307861328125,348.4307861328125,501,0.0,0.0
2024-05-28 13:26:00-04:00,348.42999267578125,349.0,348.42999267578125,348.8547058105469,6686,0.0,0.0
2024-05-28 13:27:00-04:00,349.0,349.4100036621094,348.8450012207031,349.1300048828125,6346,0.0,0.0
2024-05-28 13:29:00-04:00,349.1700134277344,349.3900146484375,349.1700134277344,349.3900146484375,5497,0.0,0.0
2024-05-28 13:30:00-04:00,349.3999938964844,349.4200134277344,349.1099853515625,349.25,4118,0.0,0.0
2024-05-28 13:33:00-04:00,349.5199890136719,349.6300048828125,349.43499755859375,349.5,3765,0.0,0.0
2024-05-28 13:34:00-04:00,349.32000732421875,349.32000732421875,349.32000732421875,349.32000732421875,161,0.0,0.0
2024-05-28 13:35:00-04:00,349.375,349.375,349.1000061035156,349.260009765625,2241,0.0,0.0
2024-05-28 13:37:00-04:00,349.1199951171875,349.1199951171875,349.1199951171875,349.1199951171875,248,0.0,0.0
2024-05-28 13:38:00-04:00,349.04998779296875,349.44000244140625,349.04998779296875,349.44000244140625,7529,0.0,0.0
2024-05-28 13:40:00-04:00,349.3450012207031,349.3450012207031,349.3450012207031,349.3450012207031,338,0.0,0.0
2024-05-28 13:41:00-04:00,349.44000244140625,349.5150146484375,349.3900146484375,349.3900146484375,3472,0.0,0.0
2024-05-28 13:42:00-04:00,349.3699951171875,349.54998779296875,349.3699951171875,349.5150146484375,1486,0.0,0.0
2024-05-28 13:43:00-04:00,349.5849914550781,349.70001220703125,349.5400085449219,349.610107421875,2424,0.0,0.0
2024-05-28 13:45:00-04:00,349.69000244140625,349.9599914550781,349.69000244140625,349.7699890136719,3689,0.0,0.0
2024-05-28 13:46:00-04:00,349.7799987792969,349.7799987792969,349.6499938964844,349.6499938964844,1249,0.0,0.0
2024-05-28 13:48:00-04:00,349.8500061035156,349.9599914550781,349.83349609375,349.9599914550781,2603,0.0,0.0
2024-05-28 13:49:00-04:00,349.7301025390625,349.7900085449219,349.7301025390625,349.7900085449219,779,0.0,0.0
2024-05-28 13:50:00-04:00,349.8699951171875,350.1300048828125,349.8699951171875,350.0899963378906,2904,0.0,0.0
2024-05-28 13:51:00-04:00,350.0899963378906,350.1199951171875,350.0899963378906,350.1199951171875,1264,0.0,0.0
2024-05-28 13:52:00-04:00,350.1199951171875,350.1199951171875,350.07000732421875,350.07000732421875,555,0.0,0.0
2024-05-28 13:53:00-04:00,350.05999755859375,350.05999755859375,350.05999755859375,350.05999755859375,276,0.0,0.0
2024-05-28 13:54:00-04:00,349.989990234375,349.989990234375,349.8500061035156,349.8500061035156,983,0.0,0.0
2024-05-28 13:56:00-04:00,349.67498779296875,349.82000732421875,349.67498779296875,349.82000732421875,823,0.0,0.0
2024-05-28 13:57:00-04:00,349.9200134277344,349.9800109863281,349.8999938964844,349.9800109863281,2509,0.0,0.0
2024-05-28 13:59:00-04:00,350.0899963378906,350.2099914550781,350.0899963378906,350.2099914550781,2059,0.0,0.0
2024-05-28 14:00:00-04:00,350.1650085449219,350.1650085449219,350.0899963378906,350.0899963378906,681,0.0,0.0
2024-05-28 14:01:00-04:00,349.8699951171875,349.8800048828125,349.8500061035156,349.8500061035156,573,0.0,0.0
2024-05-28 14:02:00-04:00,349.82000732421875,349.9800109863281,349.7699890136719,349.7699890136719,761,0.0,0.0
2024-05-28 14:03:00-04:00,349.739990234375,349.8800048828125,349.590087890625,349.8800048828125,1953,0.0,0.0
2024-05-28 14:04:00-04:00,349.9800109863281,349.9800109863281,349.94000244140625,349.94000244140625,1622,0.0,0.0
2024-05-28 14:05:00-04:00,349.9549865722656,349.9549865722656,349.94000244140625,349.94000244140625,949,0.0,0.0
2024-05-28 14:06:00-04:00,349.9649963378906,349.9649963378906,349.8699951171875,349.8699951171875,426,0.0,0.0
2024-05-28 14:07:00-04:00,349.9649963378906,349.9649963378906,349.8699951171875,349.8699951171875,466,0.0,0.0
2024-05-28 14:08:00-04:00,350.0,350.0199890136719,350.0,350.0199890136719,408,0.0,0.0
2024-05-28 14:09:00-04:00,349.8800048828125,349.8800048828125,349.79998779296875,349.79998779296875,1158,0.0,0.0
2024-05-28 14:11:00-04:00,349.68499755859375,349.75,349.19000244140625,349.3900146484375,11306,0.0,0.0
2024-05-28 14:12:00-04:00,349.5050048828125,349.82000732421875,349.5050048828125,349.82000732421875,4526,0.0,0.0
2024-05-28 14:13:00-04:00,349.739990234375,349.9100036621094,349.6000061035156,349.6700134277344,2287,0.0,0.0
2024-05-28 14:14:00-04:00,349.67498779296875,349.67498779296875,349.5899963378906,349.5899963378906,798,0.0,0.0
2024-05-28 14:15:00-04:00,349.5899963378906,349.6300048828125,349.489990234375,349.6050109863281,2615,0.0,0.0
2024-05-28 14:16:00-04:00,349.6600036621094,349.6600036621094,349.54998779296875,349.54998779296875,1236,0.0,0.0
2024-05-28 14:17:00-04:00,349.5,349.6000061035156,349.32000732421875,349.32000732421875,1195,0.0,0.0
2024-05-28 14:18:00-04:00,349.42999267578125,349.5,349.42999267578125,349.5,2021,0.0,0.0
2024-05-28 14:19:00-04:00,349.6000061035156,349.70001220703125,349.4700012207031,349.57501220703125,2295,0.0,0.0
2024-05-28 14:20:00-04:00,349.3999938964844,349.5,349.3900146484375,349.5,1239,0.0,0.0
2024-05-28 14:21:00-04:00,349.5,349.6499938964844,349.4700012207031,349.54998779296875,10037,0.0,0.0
2024-05-28 14:22:00-04:00,349.55499267578125,350.04998779296875,349.4049987792969,349.67498779296875,47809,0.0,0.0
2024-05-28 14:23:00-04:00,349.45001220703125,349.5,349.45001220703125,349.5,751,0.0,0.0
2024-05-28 14:24:00-04:00,349.6600036621094,349.760009765625,349.6600036621094,349.760009765625,1183,0.0,0.0
2024-05-28 14:25:00-04:00,349.42498779296875,349.6499938964844,349.4150085449219,349.510009765625,4729,0.0,0.0
2024-05-28 14:26:00-04:00,349.4100036621094,349.5350036621094,349.30499267578125,349.5,6363,0.0,0.0
2024-05-28 14:27:00-04:00,349.5,350.04998779296875,349.5,350.0,4044,0.0,0.0
2024-05-28 14:28:00-04:00,350.0150146484375,350.0150146484375,350.0150146484375,350.0150146484375,532,0.0,0.0
2024-05-28 14:29:00-04:00,350.0150146484375,350.0419921875,350.0150146484375,350.0419921875,1510,0.0,0.0
2024-05-28 14:30:00-04:00,349.8800048828125,350.20001220703125,349.8800048828125,350.0841979980469,3373,0.0,0.0
2024-05-28 14:31:00-04:00,350.20001220703125,350.30999755859375,350.20001220703125,350.29998779296875,2745,0.0,0.0
2024-05-28 14:32:00-04:00,350.29998779296875,350.29998779296875,350.25,350.2650146484375,1644,0.0,0.0
2024-05-28 14:33:00-04:00,350.2650146484375,350.2650146484375,350.2650146484375,350.2650146484375,329,0.0,0.0
2024-05-28 14:34:00-04:00,350.17999267578125,350.2650146484375,350.1400146484375,350.2149963378906,1993,0.0,0.0
2024-05-28 14:35:00-04:00,350.2149963378906,350.2699890136719,350.1400146484375,350.2120056152344,3293,0.0,0.0
2024-05-28 14:36:00-04:00,350.1400146484375,350.1499938964844,350.1099853515625,350.1099853515625,3765,0.0,0.0
2024-05-28 14:37:00-04:00,350.0799865722656,350.0799865722656,349.8999938964844,349.8999938964844,4176,0.0,0.0
2024-05-28 14:38:00-04:00,349.57000732421875,349.739990234375,349.57000732421875,349.6000061035156,1280,0.0,0.0
2024-05-28 14:39:00-04:00,349.739990234375,349.75,349.6700134277344,349.67999267578125,1462,0.0,0.0
2024-05-28 14:40:00-04:00,349.75,349.75,349.6000061035156,349.6650085449219,3583,0.0,0.0
2024-05-28 14:41:00-04:00,349.6099853515625,349.6099853515625,349.6000061035156,349.6000061035156,646,0.0,0.0
2024-05-28 14:42:00-04:00,349.5899963378906,349.5899963378906,349.5899963378906,349.5899963378906,742,0.0,0.0
2024-05-28 14:43:00-04:00,349.6400146484375,349.7674865722656,349.6400146484375,349.7674865722656,3895,0.0,0.0
2024-05-28 14:44:00-04:00,349.68499755859375,349.7200012207031,349.6600036621094,349.67999267578125,4763,0.0,0.0
2024-05-28 14:45:00-04:00,349.70001220703125,349.7799987792969,349.69000244140625,349.69000244140625,3694,0.0,0.0
2024-05-28 14:46:00-04:00,349.7749938964844,349.7749938964844,349.6700134277344,349.6700134277344,1739,0.0,0.0
2024-05-28 14:47:00-04:00,349.70001220703125,349.70001220703125,349.70001220703125,349.70001220703125,253,0.0,0.0
2024-05-28 14:48:00-04:00,349.70001220703125,349.70001220703125,349.70001220703125,349.70001220703125,452,0.0,0.0
2024-05-28 14:49:00-04:00,349.7900085449219,350.20001220703125,349.7699890136719,350.1400146484375,6925,0.0,0.0
2024-05-28 14:50:00-04:00,350.1199951171875,350.1199951171875,349.95001220703125,350.07501220703125,7361,0.0,0.0
2024-05-28 14:51:00-04:00,350.0,350.07000732421875,350.0,350.0,647,0.0,0.0
2024-05-28 14:52:00-04:00,349.95001220703125,350.20001220703125,349.95001220703125,350.20001220703125,1149,0.0,0.0
2024-05-28 14:53:00-04:00,350.1300048828125,350.2200012207031,350.1300048828125,350.17498779296875,2173,0.0,0.0
2024-05-28 14:54:00-04:00,349.9800109863281,350.0,349.9800109863281,350.0,1416,0.0,0.0
2024-05-28 14:55:00-04:00,349.9200134277344,349.989990234375,349.885009765625,349.9800109863281,1755,0.0,0.0
2024-05-28 14:56:00-04:00,349.8900146484375,350.0,349.8900146484375,349.989990234375,3307,0.0,0.0
2024-05-28 14:57:00-04:00,350.0,350.1300048828125,349.9200134277344,349.9700012207031,3766,0.0,0.0
2024-05-28 14:58:00-04:00,350.1499938964844,350.29998779296875,350.07000732421875,350.07000732421875,11970,0.0,0.0
2024-05-28 14:59:00-04:00,350.1050109863281,350.2149963378906,349.9700012207031,349.9700012207031,2813,0.0,0.0
2024-05-28 15:00:00-04:00,349.92999267578125,349.94000244140625,349.4800109863281,349.54998779296875,4028,0.0,0.0
2024-05-28 15:01:00-04:00,349.55499267578125,349.55499267578125,349.3999938964844,349.3999938964844,2701,0.0,0.0
2024-05-28 15:02:00-04:00,349.32000732421875,349.32000732421875,349.25,349.30999755859375,2815,0.0,0.0
2024-05-28 15:03:00-04:00,349.3900146484375,349.3900146484375,349.1199951171875,349.1199951171875,1249,0.0,0.0
2024-05-28 15:04:00-04:00,349.1199951171875,349.1199951171875,349.0849914550781,349.0849914550781,687,0.0,0.0
2024-05-28 15:05:00-04:00,348.9700012207031,349.1549987792969,348.9599914550781,349.1549987792969,4179,0.0,0.0
2024-05-28 15:06:00-04:00,349.2099914550781,349.3699951171875,349.2099914550781,349.3299865722656,1394,0.0,0.0
2024-05-28 15:07:00-04:00,349.3349914550781,349.3349914550781,349.239990234375,349.25,1840,0.0,0.0
2024-05-28 15:08:00-04:00,349.3299865722656,349.3349914550781,349.3299865722656,349.3349914550781,1050,0.0,0.0
2024-05-28 15:09:00-04:00,349.3349914550781,349.3349914550781,349.260009765625,349.3299865722656,2132,0.0,0.0
2024-05-28 15:10:00-04:00,349.3299865722656,349.3299865722656,349.2699890136719,349.2699890136719,941,0.0,0.0
2024-05-28 15:11:00-04:00,349.3299865722656,349.4549865722656,349.3299865722656,349.4549865722656,3220,0.0,0.0
2024-05-28 15:12:00-04:00,349.44000244140625,349.44000244140625,349.44000244140625,349.44000244140625,325,0.0,0.0
2024-05-28 15:13:00-04:00,349.43499755859375,349.43499755859375,349.42999267578125,349.42999267578125,590,0.0,0.0
2024-05-28 15:14:00-04:00,349.4049987792969,349.4049987792969,349.2699890136719,349.3349914550781,3164,0.0,0.0
2024-05-28 15:15:00-04:00,349.3299865722656,349.3299865722656,348.70001220703125,348.70001220703125,6787,0.0,0.0
2024-05-28 15:16:00-04:00,348.7799987792969,348.7799987792969,348.6700134277344,348.6700134277344,878,0.0,0.0
2024-05-28 15:17:00-04:00,348.739990234375,348.8500061035156,348.7300109863281,348.82501220703125,1715,0.0,0.0
2024-05-28 15:18:00-04:00,348.8500061035156,348.8500061035156,348.760009765625,348.760009765625,1577,0.0,0.0
2024-05-28 15:19:00-04:00,348.739990234375,348.739990234375,348.6700134277344,348.67999267578125,3622,0.0,0.0
2024-05-28 15:20:00-04:00,348.5,348.6199951171875,348.5,348.5899963378906,3715,0.0,0.0
2024-05-28 15:21:00-04:00,348.5899963378906,348.7300109863281,348.57000732421875,348.7300109863281,2377,0.0,0.0
2024-05-28 15:22:00-04:00,348.75,348.7850036621094,348.7200012207031,348.7850036621094,1564,0.0,0.0
2024-05-28 15:23:00-04:00,348.7099914550781,348.7099914550781,348.6400146484375,348.6400146484375,1771,0.0,0.0
2024-05-28 15:24:00-04:00,348.59979248046875,348.59979248046875,348.54998779296875,348.54998779296875,1442,0.0,0.0
2024-05-28 15:25:00-04:00,348.6000061035156,348.69000244140625,348.6000061035156,348.6549987792969,3044,0.0,0.0
2024-05-28 15:26:00-04:00,348.6549987792969,348.739990234375,348.6499938964844,348.6700134277344,2534,0.0,0.0
2024-05-28 15:27:00-04:00,348.7049865722656,348.7049865722656,348.7049865722656,348.7049865722656,265,0.0,0.0
2024-05-28 15:28:00-04:00,348.69500732421875,348.69500732421875,348.6000061035156,348.6499938964844,4940,0.0,0.0
2024-05-28 15:29:00-04:00,348.6499938964844,348.760009765625,348.6499938964844,348.760009765625,3293,0.0,0.0
2024-05-28 15:30:00-04:00,348.7237854003906,348.80999755859375,348.69000244140625,348.760009765625,2552,0.0,0.0
2024-05-28 15:31:00-04:00,348.8500061035156,348.8500061035156,348.8500061035156,348.8500061035156,713,0.0,0.0
2024-05-28 15:32:00-04:00,348.8500061035156,348.8699951171875,348.7699890136719,348.8399963378906,3920,0.0,0.0
2024-05-28 15:33:00-04:00,348.8999938964844,348.989990234375,348.75,348.75,10452,0.0,0.0
2024-05-28 15:34:00-04:00,348.8500061035156,348.8500061035156,348.5,348.5,3445,0.0,0.0
2024-05-28 15:35:00-04:00,348.4200134277344,348.4200134277344,348.1099853515625,348.2650146484375,3897,0.0,0.0
2024-05-28 15:36:00-04:00,348.20001220703125,348.260009765625,348.19000244140625,348.260009765625,1265,0.0,0.0
2024-05-28 15:37:00-04:00,348.2349853515625,348.6499938964844,348.2349853515625,348.6499938964844,8728,0.0,0.0
2024-05-28 15:38:00-04:00,348.6449890136719,348.6549987792969,348.625,348.625,1865,0.0,0.0
2024-05-28 15:39:00-04:00,348.614990234375,348.69000244140625,348.614990234375,348.6549987792969,1755,0.0,0.0
2024-05-28 15:40:00-04:00,348.6400146484375,348.6400146484375,348.6400146484375,348.6400146484375,534,0.0,0.0
2024-05-28 15:41:00-04:00,348.6300048828125,348.6300048828125,348.54998779296875,348.54998779296875,967,0.0,0.0
2024-05-28 15:42:00-04:00,348.54998779296875,348.6000061035156,348.44000244140625,348.5350036621094,5439,0.0,0.0
2024-05-28 15:43:00-04:00,348.5199890136719,348.6199951171875,348.510009765625,348.6199951171875,4949,0.0,0.0
2024-05-28 15:44:00-04:00,348.5899963378906,348.6600036621094,348.29998779296875,348.6300048828125,15379,0.0,0.0
2024-05-28 15:45:00-04:00,348.67999267578125,348.75,348.6549987792969,348.7200012207031,4560,0.0,0.0
2024-05-28 15:46:00-04:00,348.7250061035156,348.80999755859375,348.6700134277344,348.7349853515625,8416,0.0,0.0
2024-05-28 15:47:00-04:00,348.7349853515625,349.0899963378906,348.7300109863281,348.9949951171875,6786,0.0,0.0
2024-05-28 15:48:00-04:00,348.9100036621094,349.1300048828125,348.7200012207031,349.1300048828125,7972,0.0,0.0
2024-05-28 15:49:00-04:00,349.0400085449219,349.3399963378906,348.9533996582031,349.3299865722656,10129,0.0,0.0
2024-05-28 15:50:00-04:00,349.2799987792969,349.3599853515625,349.1499938964844,349.30499267578125,9436,0.0,0.0
2024-05-28 15:51:00-04:00,349.364990234375,349.3999938964844,349.05999755859375,349.05999755859375,6086,0.0,0.0
2024-05-28 15:52:00-04:00,348.8999938964844,348.9750061035156,348.6700134277344,348.6700134277344,2881,0.0,0.0
2024-05-28 15:53:00-04:00,348.6499938964844,348.7300109863281,348.44000244140625,348.45001220703125,5184,0.0,0.0
2024-05-28 15:54:00-04:00,348.44000244140625,348.44000244140625,348.0799865722656,348.1449890136719,5676,0.0,0.0
2024-05-28 15:55:00-04:00,348.2200012207031,348.2300109863281,347.93499755859375,347.93499755859375,7332,0.0,0.0
2024-05-28 15:56:00-04:00,348.0400085449219,348.2799987792969,348.0249938964844,348.1400146484375,10359,0.0,0.0
2024-05-28 15:57:00-04:00,348.1499938964844,348.1499938964844,347.67999267578125,347.7699890136719,11908,0.0,0.0
2024-05-28 15:58:00-04:00,347.79998779296875,348.75,347.75,348.4649963378906,39971,0.0,0.0
2024-05-28 15:59:00-04:00,348.4649963378906,349.2200012207031,348.4649963378906,349.19000244140625,67495,0.0,0.0
2024-05-29 09:30:00-04:00,345.9599914550781,346.0,344.04998779296875,344.8900146484375,15003,0.0,0.0
2024-05-29 09:31:00-04:00,344.0199890136719,344.0199890136719,342.70001220703125,343.19500732421875,10995,0.0,0.0
2024-05-29 09:32:00-04:00,343.1700134277344,343.1700134277344,339.5,340.55499267578125,20530,0.0,0.0
2024-05-29 09:33:00-04:00,340.55499267578125,340.760009765625,337.8299865722656,338.3949890136719,23507,0.0,0.0
2024-05-29 09:34:00-04:00,338.3949890136719,338.3999938964844,335.010009765625,335.4599914550781,33248,0.0,0.0
2024-05-29 09:35:00-04:00,335.5799865722656,336.510009765625,334.2200012207031,336.0849914550781,10530,0.0,0.0
2024-05-29 09:36:00-04:00,336.07598876953125,336.8399963378906,333.92999267578125,334.5199890136719,22196,0.0,0.0
2024-05-29 09:37:00-04:00,334.4049987792969,335.1549987792969,332.7900085449219,332.7900085449219,12802,0.0,0.0
2024-05-29 09:38:00-04:00,332.7650146484375,333.2300109863281,330.9800109863281,331.3349914550781,11999,0.0,0.0
2024-05-29 09:39:00-04:00,330.9700012207031,334.3599853515625,330.5899963378906,332.96990966796875,18323,0.0,0.0
2024-05-29 09:40:00-04:00,332.4100036621094,332.4100036621094,330.57000732421875,330.7550048828125,5062,0.0,0.0
2024-05-29 09:41:00-04:00,330.8800048828125,331.3299865722656,329.760009765625,331.3299865722656,12055,0.0,0.0
2024-05-29 09:42:00-04:00,331.4750061035156,332.8500061035156,331.4750061035156,332.2099914550781,6271,0.0,0.0
2024-05-29 09:43:00-04:00,332.6199951171875,334.19000244140625,332.5199890136719,333.7950134277344,6333,0.0,0.0
2024-05-29 09:44:00-04:00,333.9375,334.864990234375,333.5799865722656,334.0400085449219,10366,0.0,0.0
2024-05-29 09:45:00-04:00,334.1650085449219,334.94000244140625,333.29998779296875,333.8699951171875,10491,0.0,0.0
2024-05-29 09:46:00-04:00,334.69000244140625,334.69000244140625,333.82000732421875,334.0,6273,0.0,0.0
2024-05-29 09:47:00-04:00,333.92498779296875,333.92498779296875,331.0199890136719,331.0199890136719,6602,0.0,0.0
2024-05-29 09:48:00-04:00,330.8299865722656,332.510009765625,330.8299865722656,332.510009765625,4069,0.0,0.0
2024-05-29 09:49:00-04:00,332.4200134277344,332.4200134277344,331.0,331.010009765625,3650,0.0,0.0
2024-05-29 09:50:00-04:00,330.9549865722656,331.6050109863281,330.42999267578125,330.42999267578125,2749,0.0,0.0
2024-05-29 09:51:00-04:00,330.45001220703125,330.45001220703125,328.95001220703125,328.95001220703125,9885,0.0,0.0
2024-05-29 09:52:00-04:00,328.17498779296875,328.9599914550781,328.1000061035156,328.6099853515625,7900,0.0,0.0
2024-05-29 09:53:00-04:00,328.8699951171875,328.8699951171875,328.0899963378906,328.4100036621094,2370,0.0,0.0
2024-05-29 09:54:00-04:00,328.3507995605469,329.80999755859375,328.1700134277344,329.80999755859375,11880,0.0,0.0
2024-05-29 09:55:00-04:00,329.5799865722656,330.4800109863281,329.5799865722656,330.4800109863281,4761,0.0,0.0
2024-05-29 09:56:00-04:00,330.25,331.989990234375,330.25,331.8599853515625,7307,0.0,0.0
2024-05-29 09:57:00-04:00,331.80999755859375,332.6050109863281,331.0,332.6000061035156,25976,0.0,0.0
2024-05-29 09:58:00-04:00,332.6000061035156,333.29998779296875,332.55999755859375,333.010009765625,10433,0.0,0.0
2024-05-29 09:59:00-04:00,332.6099853515625,332.6099853515625,332.6099853515625,332.6099853515625,407,0.0,0.0
2024-05-29 10:00:00-04:00,332.74468994140625,332.8399963378906,331.0299987792969,331.1549987792969,4911,0.0,0.0
2024-05-29 10:01:00-04:00,331.4100036621094,332.5,331.4100036621094,332.4800109863281,3560,0.0,0.0
2024-05-29 10:02:00-04:00,331.9599914550781,333.29998779296875,331.9599914550781,333.1650085449219,6816,0.0,0.0
2024-05-29 10:03:00-04:00,332.62908935546875,335.07000732421875,332.62908935546875,333.5950012207031,10307,0.0,0.0
2024-05-29 10:04:00-04:00,333.4750061035156,334.7699890136719,333.364990234375,334.7449951171875,6126,0.0,0.0
2024-05-29 10:05:00-04:00,334.7449951171875,335.3399963378906,334.30999755859375,334.5911865234375,11088,0.0,0.0
2024-05-29 10:06:00-04:00,335.2799987792969,337.07000732421875,335.2300109863281,337.07000732421875,5687,0.0,0.0
2024-05-29 10:07:00-04:00,337.0899963378906,337.635009765625,337.0,337.635009765625,2214,0.0,0.0
2024-05-29 10:08:00-04:00,337.67498779296875,338.55999755859375,337.2200012207031,338.23748779296875,5458,0.0,0.0
2024-05-29 10:09:00-04:00,338.4599914550781,339.79998779296875,338.4599914550781,339.6099853515625,14844,0.0,0.0
2024-05-29 10:10:00-04:00,339.9200134277344,340.3500061035156,339.6199951171875,340.3500061035156,1806,0.0,0.0
2024-05-29 10:11:00-04:00,339.81500244140625,340.3299865722656,338.6650085449219,338.6650085449219,4606,0.0,0.0
2024-05-29 10:12:00-04:00,338.7950134277344,338.7950134277344,337.5899963378906,337.5899963378906,3562,0.0,0.0
2024-05-29 10:13:00-04:00,337.1700134277344,337.1700134277344,336.84698486328125,336.84698486328125,2927,0.0,0.0
2024-05-29 10:14:00-04:00,336.8175048828125,336.8900146484375,336.2099914550781,336.8399963378906,6123,0.0,0.0
2024-05-29 10:15:00-04:00,337.55999755859375,337.55999755859375,336.9849853515625,337.3500061035156,1986,0.0,0.0
2024-05-29 10:16:00-04:00,337.3699951171875,338.2799987792969,337.1499938964844,337.2300109863281,12385,0.0,0.0
2024-05-29 10:17:00-04:00,337.2300109863281,337.7300109863281,336.92999267578125,337.2300109863281,6692,0.0,0.0
2024-05-29 10:18:00-04:00,337.30499267578125,337.31500244140625,337.30499267578125,337.31500244140625,1798,0.0,0.0
2024-05-29 10:19:00-04:00,337.2900085449219,337.4200134277344,336.8599853515625,337.239990234375,2588,0.0,0.0
2024-05-29 10:20:00-04:00,337.2349853515625,337.2349853515625,337.20001220703125,337.2300109863281,1854,0.0,0.0
2024-05-29 10:21:00-04:00,337.2200012207031,337.2200012207031,336.5299987792969,336.8599853515625,5237,0.0,0.0
2024-05-29 10:22:00-04:00,336.94000244140625,336.94000244140625,334.9700012207031,334.9700012207031,9843,0.0,0.0
2024-05-29 10:23:00-04:00,334.75,334.7950134277344,333.6199951171875,334.0400085449219,24397,0.0,0.0
2024-05-29 10:24:00-04:00,333.8450012207031,335.57000732421875,333.8450012207031,335.2699890136719,11466,0.0,0.0
2024-05-29 10:25:00-04:00,334.989990234375,335.30499267578125,334.989990234375,335.06500244140625,689,0.0,0.0
2024-05-29 10:26:00-04:00,335.4100036621094,336.6499938964844,335.17999267578125,336.6050109863281,3572,0.0,0.0
2024-05-29 10:27:00-04:00,336.2900085449219,336.3299865722656,336.04998779296875,336.04998779296875,2290,0.0,0.0
2024-05-29 10:28:00-04:00,335.9100036621094,335.9100036621094,335.9100036621094,335.9100036621094,708,0.0,0.0
2024-05-29 10:29:00-04:00,336.1199951171875,336.7799987792969,336.1199951171875,336.739990234375,1962,0.0,0.0
2024-05-29 10:30:00-04:00,336.7300109863281,337.29998779296875,336.4800109863281,336.4800109863281,3112,0.0,0.0
2024-05-29 10:31:00-04:00,336.2550048828125,336.3599853515625,336.0299987792969,336.06500244140625,2091,0.0,0.0
2024-05-29 10:32:00-04:00,336.05499267578125,336.30999755859375,336.0350036621094,336.239990234375,1799,0.0,0.0
2024-05-29 10:33:00-04:00,336.55999755859375,336.760009765625,336.4800109863281,336.760009765625,1340,0.0,0.0
2024-05-29 10:34:00-04:00,336.80999755859375,336.82000732421875,336.5199890136719,336.82000732421875,449,0.0,0.0
2024-05-29 10:35:00-04:00,336.82501220703125,337.75,336.82501220703125,337.75,2469,0.0,0.0
2024-05-29 10:36:00-04:00,337.625,337.67999267578125,337.3800048828125,337.55999755859375,2834,0.0,0.0
2024-05-29 10:37:00-04:00,337.8900146484375,338.2099914550781,337.5899963378906,337.80999755859375,3328,0.0,0.0
2024-05-29 10:38:00-04:00,338.0,338.19000244140625,337.9200134277344,338.1300048828125,5450,0.0,0.0
2024-05-29 10:39:00-04:00,337.885009765625,338.1099853515625,337.885009765625,338.1099853515625,1436,0.0,0.0
2024-05-29 10:40:00-04:00,338.04998779296875,338.04998779296875,337.44000244140625,337.6400146484375,4377,0.0,0.0
2024-05-29 10:41:00-04:00,337.7250061035156,338.2099914550781,337.7250061035156,337.9825134277344,2372,0.0,0.0
2024-05-29 10:42:00-04:00,337.7546081542969,337.7546081542969,337.1499938964844,337.1499938964844,2342,0.0,0.0
2024-05-29 10:43:00-04:00,337.1199951171875,337.1199951171875,336.510009765625,336.510009765625,4722,0.0,0.0
2024-05-29 10:44:00-04:00,336.3800048828125,336.7699890136719,336.3800048828125,336.67999267578125,1253,0.0,0.0
2024-05-29 10:45:00-04:00,336.69000244140625,336.69000244140625,336.69000244140625,336.69000244140625,650,0.0,0.0
2024-05-29 10:46:00-04:00,336.9049987792969,337.19000244140625,336.9049987792969,337.0899963378906,1370,0.0,0.0
2024-05-29 10:47:00-04:00,336.8399963378906,336.9599914550781,336.73040771484375,336.73040771484375,2367,0.0,0.0
2024-05-29 10:49:00-04:00,336.70001220703125,336.70001220703125,336.67999267578125,336.67999267578125,827,0.0,0.0
2024-05-29 10:50:00-04:00,337.07000732421875,337.17999267578125,336.3999938964844,336.5,2863,0.0,0.0
2024-05-29 10:51:00-04:00,336.25,336.2799987792969,335.9599914550781,335.9599914550781,2463,0.0,0.0
2024-05-29 10:52:00-04:00,335.8999938964844,335.8999938964844,335.3699951171875,335.3699951171875,1799,0.0,0.0
2024-05-29 10:53:00-04:00,335.489990234375,335.5199890136719,335.239990234375,335.239990234375,2938,0.0,0.0
2024-05-29 10:54:00-04:00,335.3299865722656,335.3299865722656,335.0,335.0,1235,0.0,0.0
2024-05-29 10:55:00-04:00,335.1600036621094,335.1600036621094,335.1600036621094,335.1600036621094,1179,0.0,0.0
2024-05-29 10:56:00-04:00,335.3900146484375,335.5799865722656,335.3800048828125,335.4100036621094,1925,0.0,0.0
2024-05-29 10:57:00-04:00,335.5799865722656,335.5799865722656,335.32000732421875,335.32000732421875,565,0.0,0.0
2024-05-29 10:58:00-04:00,335.42999267578125,335.6600036621094,335.42999267578125,335.6600036621094,1520,0.0,0.0
2024-05-29 10:59:00-04:00,335.7300109863281,335.7300109863281,335.55999755859375,335.55999755859375,577,0.0,0.0
2024-05-29 11:00:00-04:00,335.70001220703125,335.80999755859375,335.70001220703125,335.80999755859375,582,0.0,0.0
2024-05-29 11:01:00-04:00,335.8800048828125,335.8800048828125,335.8800048828125,335.8800048828125,1879,0.0,0.0
2024-05-29 11:02:00-04:00,336.20001220703125,336.44500732421875,336.1499938964844,336.27850341796875,1845,0.0,0.0
2024-05-29 11:03:00-04:00,336.45001220703125,338.70001220703125,336.45001220703125,338.04998779296875,26412,0.0,0.0
2024-05-29 11:04:00-04:00,338.1600036621094,338.4800109863281,338.1549987792969,338.1549987792969,496,0.0,0.0
2024-05-29 11:05:00-04:00,337.8500061035156,337.8500061035156,337.7699890136719,337.7699890136719,1213,0.0,0.0
2024-05-29 11:06:00-04:00,337.7799987792969,337.9200134277344,337.760009765625,337.7799987792969,2001,0.0,0.0
2024-05-29 11:07:00-04:00,337.79998779296875,337.9599914550781,337.79998779296875,337.9599914550781,1727,0.0,0.0
2024-05-29 11:08:00-04:00,338.0799865722656,338.0799865722656,337.8599853515625,337.8599853515625,228,0.0,0.0
2024-05-29 11:09:00-04:00,337.7950134277344,337.7950134277344,337.30999755859375,337.30999755859375,1577,0.0,0.0
2024-05-29 11:10:00-04:00,337.3299865722656,337.3299865722656,336.9599914550781,337.0350036621094,1380,0.0,0.0
2024-05-29 11:11:00-04:00,337.2300109863281,337.6099853515625,337.2200012207031,337.5899963378906,5420,0.0,0.0
2024-05-29 11:12:00-04:00,337.5400085449219,337.7900085449219,337.5199890136719,337.5350036621094,2438,0.0,0.0
2024-05-29 11:13:00-04:00,337.70001220703125,337.7149963378906,337.260009765625,337.5899963378906,4587,0.0,0.0
2024-05-29 11:14:00-04:00,337.5799865722656,337.80499267578125,336.9599914550781,337.80499267578125,11225,0.0,0.0
2024-05-29 11:15:00-04:00,338.0899963378906,338.0899963378906,338.0400085449219,338.0400085449219,2187,0.0,0.0
2024-05-29 11:16:00-04:00,338.0799865722656,338.1000061035156,337.7699890136719,338.1000061035156,1318,0.0,0.0
2024-05-29 11:17:00-04:00,337.8999938964844,338.135009765625,337.7799987792969,338.1199951171875,1491,0.0,0.0
2024-05-29 11:18:00-04:00,337.6400146484375,337.6400146484375,337.32000732421875,337.32000732421875,876,0.0,0.0
2024-05-29 11:19:00-04:00,337.5,337.5,337.5,337.5,458,0.0,0.0
2024-05-29 11:20:00-04:00,337.7900085449219,337.7900085449219,337.7900085449219,337.7900085449219,2307,0.0,0.0
2024-05-29 11:22:00-04:00,337.739990234375,337.9200134277344,337.6700134277344,337.6700134277344,979,0.0,0.0
2024-05-29 11:24:00-04:00,337.8800048828125,338.8299865722656,337.6051025390625,338.8299865722656,3891,0.0,0.0
2024-05-29 11:25:00-04:00,338.4224853515625,338.5924987792969,338.4224853515625,338.5924987792969,801,0.0,0.0
2024-05-29 11:26:00-04:00,338.82000732421875,338.8599853515625,338.7799987792969,338.8599853515625,1089,0.0,0.0
2024-05-29 11:27:00-04:00,338.80499267578125,338.95001220703125,338.80499267578125,338.9100036621094,1468,0.0,0.0
2024-05-29 11:28:00-04:00,338.95001220703125,339.4100036621094,338.95001220703125,339.125,4446,0.0,0.0
2024-05-29 11:29:00-04:00,339.0950012207031,339.1199951171875,339.0950012207031,339.1000061035156,957,0.0,0.0
2024-05-29 11:30:00-04:00,339.4100036621094,339.67999267578125,339.0799865722656,339.1300048828125,1672,0.0,0.0
2024-05-29 11:31:00-04:00,338.9599914550781,339.489990234375,338.9599914550781,339.489990234375,4819,0.0,0.0
2024-05-29 11:32:00-04:00,339.4599914550781,339.79998779296875,339.3999938964844,339.4100036621094,2159,0.0,0.0
2024-05-29 11:33:00-04:00,339.6400146484375,340.3500061035156,339.47698974609375,340.3500061035156,9962,0.0,0.0
2024-05-29 11:34:00-04:00,340.5350036621094,340.5350036621094,340.2099914550781,340.2749938964844,2735,0.0,0.0
2024-05-29 11:35:00-04:00,340.20001220703125,340.42999267578125,339.94000244140625,339.94000244140625,2468,0.0,0.0
2024-05-29 11:36:00-04:00,340.07000732421875,340.2099914550781,339.94000244140625,340.20001220703125,1881,0.0,0.0
2024-05-29 11:37:00-04:00,340.2099914550781,340.2449951171875,340.2099914550781,340.239990234375,2280,0.0,0.0
2024-05-29 11:38:00-04:00,340.2774963378906,340.2774963378906,339.739990234375,339.82000732421875,3253,0.0,0.0
2024-05-29 11:39:00-04:00,339.739990234375,339.8299865722656,339.739990234375,339.8299865722656,413,0.0,0.0
2024-05-29 11:40:00-04:00,339.79998779296875,339.79998779296875,339.6099853515625,339.7449951171875,1645,0.0,0.0
2024-05-29 11:41:00-04:00,339.7550048828125,339.7550048828125,339.68499755859375,339.68499755859375,482,0.0,0.0
2024-05-29 11:42:00-04:00,339.7300109863281,339.7300109863281,339.4007873535156,339.6700134277344,3677,0.0,0.0
2024-05-29 11:43:00-04:00,339.8599853515625,339.8699951171875,339.8599853515625,339.8699951171875,421,0.0,0.0
2024-05-29 11:44:00-04:00,339.8349914550781,339.8399963378906,339.5799865722656,339.7449951171875,3131,0.0,0.0
2024-05-29 11:45:00-04:00,339.739990234375,339.739990234375,339.69500732421875,339.69500732421875,850,0.0,0.0
2024-05-29 11:46:00-04:00,339.44000244140625,339.6449890136719,339.3900146484375,339.6199951171875,1222,0.0,0.0
2024-05-29 11:47:00-04:00,339.5950012207031,339.7699890136719,339.4200134277344,339.56500244140625,1729,0.0,0.0
2024-05-29 11:48:00-04:00,339.55499267578125,339.8599853515625,339.3900146484375,339.8599853515625,3915,0.0,0.0
2024-05-29 11:49:00-04:00,339.6700134277344,339.8900146484375,339.6700134277344,339.8900146484375,2697,0.0,0.0
2024-05-29 11:50:00-04:00,339.739990234375,339.739990234375,339.4700012207031,339.4700012207031,1793,0.0,0.0
2024-05-29 11:51:00-04:00,339.29998779296875,339.4549865722656,339.19000244140625,339.19000244140625,1927,0.0,0.0
2024-05-29 11:52:00-04:00,339.1600036621094,339.29998779296875,338.95001220703125,339.1199951171875,7836,0.0,0.0
2024-05-29 11:53:00-04:00,338.989990234375,339.1099853515625,338.989990234375,339.1099853515625,835,0.0,0.0
2024-05-29 11:54:00-04:00,339.12139892578125,339.20001220703125,338.9800109863281,339.20001220703125,2764,0.0,0.0
2024-05-29 11:55:00-04:00,339.2349853515625,339.3299865722656,339.1000061035156,339.3299865722656,3087,0.0,0.0
2024-05-29 11:56:00-04:00,339.3900146484375,339.3900146484375,339.3699951171875,339.3800048828125,1243,0.0,0.0
2024-05-29 11:57:00-04:00,339.2749938964844,339.44000244140625,339.2749938964844,339.44000244140625,1477,0.0,0.0
2024-05-29 11:59:00-04:00,339.2900085449219,339.3999938964844,339.25,339.25,1019,0.0,0.0
2024-05-29 12:00:00-04:00,339.32501220703125,339.32501220703125,339.0,339.0,1962,0.0,0.0
2024-05-29 12:01:00-04:00,339.0400085449219,339.0400085449219,338.9100036621094,338.9150085449219,2747,0.0,0.0
2024-05-29 12:02:00-04:00,338.7950134277344,338.7950134277344,338.7449951171875,338.7449951171875,983,0.0,0.0
2024-05-29 12:03:00-04:00,338.9200134277344,338.94000244140625,338.8299865722656,338.94000244140625,1456,0.0,0.0
2024-05-29 12:04:00-04:00,338.7099914550781,338.82501220703125,338.19500732421875,338.19500732421875,3400,0.0,0.0
2024-05-29 12:05:00-04:00,338.1300048828125,338.1300048828125,337.94500732421875,337.94500732421875,1311,0.0,0.0
2024-05-29 12:06:00-04:00,337.8699951171875,337.8699951171875,337.625,337.7099914550781,2330,0.0,0.0
2024-05-29 12:07:00-04:00,337.7099914550781,337.8999938964844,337.3599853515625,337.6300048828125,1803,0.0,0.0
2024-05-29 12:08:00-04:00,337.8299865722656,338.2099914550781,337.82000732421875,338.2099914550781,4268,0.0,0.0
2024-05-29 12:09:00-04:00,337.9750061035156,337.9750061035156,337.7799987792969,337.92999267578125,1368,0.0,0.0
2024-05-29 12:10:00-04:00,337.9150085449219,338.2950134277344,337.9150085449219,338.260009765625,3358,0.0,0.0
2024-05-29 12:11:00-04:00,338.260009765625,338.260009765625,338.04998779296875,338.20001220703125,1503,0.0,0.0
2024-05-29 12:12:00-04:00,338.0,338.0,337.9800109863281,337.9800109863281,820,0.0,0.0
2024-05-29 12:13:00-04:00,337.7200012207031,337.8450012207031,337.6856994628906,337.6856994628906,832,0.0,0.0
2024-05-29 12:14:00-04:00,337.7550048828125,338.3299865722656,337.5400085449219,338.3299865722656,4997,0.0,0.0
2024-05-29 12:15:00-04:00,338.3399963378906,338.3399963378906,338.1700134277344,338.1700134277344,909,0.0,0.0
2024-05-29 12:16:00-04:00,337.95001220703125,338.3399963378906,337.95001220703125,338.3399963378906,525,0.0,0.0
2024-05-29 12:17:00-04:00,338.3900146484375,338.80999755859375,338.3699951171875,338.80999755859375,5994,0.0,0.0
2024-05-29 12:18:00-04:00,338.6300048828125,338.9200134277344,338.6000061035156,338.7149963378906,1044,0.0,0.0
2024-05-29 12:19:00-04:00,338.5,338.625,338.5,338.625,656,0.0,0.0
2024-05-29 12:20:00-04:00,338.5,338.6300048828125,338.4700012207031,338.6300048828125,1203,0.0,0.0
2024-05-29 12:21:00-04:00,338.42999267578125,338.6199951171875,338.0400085449219,338.489990234375,12397,0.0,0.0
2024-05-29 12:22:00-04:00,338.3949890136719,338.3949890136719,338.3949890136719,338.3949890136719,411,0.0,0.0
2024-05-29 12:23:00-04:00,338.364990234375,338.4049987792969,338.364990234375,338.4049987792969,703,0.0,0.0
2024-05-29 12:24:00-04:00,338.3399963378906,338.5799865722656,338.3399963378906,338.510009765625,2449,0.0,0.0
2024-05-29 12:26:00-04:00,338.45001220703125,338.7200012207031,338.44500732421875,338.5899963378906,2624,0.0,0.0
2024-05-29 12:27:00-04:00,338.8500061035156,338.8500061035156,338.6549987792969,338.6549987792969,513,0.0,0.0
2024-05-29 12:28:00-04:00,338.6099853515625,338.79998779296875,338.6000061035156,338.6000061035156,428,0.0,0.0
2024-05-29 12:29:00-04:00,338.5899963378906,338.5899963378906,338.5899963378906,338.5899963378906,616,0.0,0.0
2024-05-29 12:30:00-04:00,338.57501220703125,338.57501220703125,338.57000732421875,338.57000732421875,377,0.0,0.0
2024-05-29 12:31:00-04:00,338.55999755859375,338.55999755859375,338.5450134277344,338.5450134277344,611,0.0,0.0
2024-05-29 12:32:00-04:00,338.6700134277344,338.80499267578125,338.6700134277344,338.7950134277344,1962,0.0,0.0
2024-05-29 12:33:00-04:00,338.79998779296875,339.0,338.79998779296875,338.95001220703125,1866,0.0,0.0
2024-05-29 12:34:00-04:00,339.0899963378906,339.0899963378906,338.9200134277344,339.07000732421875,571,0.0,0.0
2024-05-29 12:35:00-04:00,339.07000732421875,339.07000732421875,339.07000732421875,339.07000732421875,489,0.0,0.0
2024-05-29 12:36:00-04:00,338.8699951171875,339.2300109863281,338.80999755859375,338.80999755859375,1875,0.0,0.0
2024-05-29 12:37:00-04:00,338.7900085449219,338.7900085449219,338.7900085449219,338.7900085449219,682,0.0,0.0
2024-05-29 12:38:00-04:00,338.2900085449219,338.45001220703125,338.1499938964844,338.1499938964844,1343,0.0,0.0
2024-05-29 12:39:00-04:00,338.4100036621094,338.5,338.30499267578125,338.4700012207031,2704,0.0,0.0
2024-05-29 12:40:00-04:00,338.3299865722656,338.4657897949219,338.3299865722656,338.4657897949219,853,0.0,0.0
2024-05-29 12:41:00-04:00,338.4599914550781,338.4599914550781,338.2950134277344,338.2950134277344,1364,0.0,0.0
2024-05-29 12:42:00-04:00,338.0,338.30999755859375,338.0,338.1700134277344,838,0.0,0.0
2024-05-29 12:43:00-04:00,338.1700134277344,338.1700134277344,337.9800109863281,338.0,2453,0.0,0.0
2024-05-29 12:44:00-04:00,337.8599853515625,338.0199890136719,337.8599853515625,337.9599914550781,963,0.0,0.0
2024-05-29 12:45:00-04:00,338.1400146484375,348.0199890136719,338.1400146484375,340.79998779296875,101351,0.0,0.0
2024-05-29 12:46:00-04:00,340.95001220703125,340.95001220703125,340.0350036621094,340.135009765625,2466,0.0,0.0
2024-05-29 12:47:00-04:00,340.2900085449219,340.44000244140625,339.5899963378906,340.44000244140625,6158,0.0,0.0
2024-05-29 12:48:00-04:00,340.010009765625,340.1600036621094,340.010009765625,340.1600036621094,1067,0.0,0.0
2024-05-29 12:49:00-04:00,339.4700012207031,340.0199890136719,339.45001220703125,339.69000244140625,1749,0.0,0.0
2024-05-29 12:50:00-04:00,339.489990234375,340.19000244140625,339.489990234375,340.0050048828125,4291,0.0,0.0
2024-05-29 12:51:00-04:00,340.2749938964844,340.3800048828125,339.7699890136719,340.1300048828125,2030,0.0,0.0
2024-05-29 12:52:00-04:00,340.1199951171875,340.3900146484375,340.0,340.07000732421875,2412,0.0,0.0
2024-05-29 12:53:00-04:00,339.7349853515625,340.2300109863281,339.70001220703125,340.1499938964844,3730,0.0,0.0
2024-05-29 12:54:00-04:00,340.1199951171875,340.1199951171875,340.1199951171875,340.1199951171875,626,0.0,0.0
2024-05-29 12:55:00-04:00,340.010009765625,340.010009765625,339.7850036621094,339.7850036621094,536,0.0,0.0
2024-05-29 12:56:00-04:00,340.3399963378906,340.3399963378906,339.4200134277344,339.4200134277344,2319,0.0,0.0
2024-05-29 12:57:00-04:00,339.43499755859375,339.6000061035156,339.43499755859375,339.6000061035156,1042,0.0,0.0
2024-05-29 12:58:00-04:00,339.3299865722656,339.3999938964844,339.3299865722656,339.3999938964844,1746,0.0,0.0
2024-05-29 13:00:00-04:00,339.32000732421875,339.32000732421875,338.8500061035156,338.8500061035156,2708,0.0,0.0
2024-05-29 13:01:00-04:00,339.010009765625,339.0199890136719,338.82000732421875,338.82000732421875,1564,0.0,0.0
2024-05-29 13:02:00-04:00,338.69000244140625,339.82501220703125,338.69000244140625,339.70001220703125,18806,0.0,0.0
2024-05-29 13:03:00-04:00,339.70001220703125,339.8800048828125,339.70001220703125,339.81500244140625,9108,0.0,0.0
2024-05-29 13:04:00-04:00,339.70001220703125,339.8299865722656,339.70001220703125,339.8299865722656,7344,0.0,0.0
2024-05-29 13:05:00-04:00,339.70001220703125,340.0450134277344,339.70001220703125,339.70001220703125,5704,0.0,0.0
2024-05-29 13:06:00-04:00,339.70001220703125,339.70001220703125,339.70001220703125,339.70001220703125,553,0.0,0.0
2024-05-29 13:07:00-04:00,340.0799865722656,340.1400146484375,340.0,340.0,1134,0.0,0.0
2024-05-29 13:08:00-04:00,339.739990234375,339.9949951171875,339.739990234375,339.9949951171875,799,0.0,0.0
2024-05-29 13:09:00-04:00,339.7300109863281,339.7300109863281,339.7099914550781,339.7099914550781,446,0.0,0.0
2024-05-29 13:10:00-04:00,339.7699890136719,339.8900146484375,339.7699890136719,339.7699890136719,1266,0.0,0.0
2024-05-29 13:11:00-04:00,339.7699890136719,340.2799987792969,339.7699890136719,340.05999755859375,8267,0.0,0.0
2024-05-29 13:12:00-04:00,340.0,340.1600036621094,339.8900146484375,339.8900146484375,3930,0.0,0.0
2024-05-29 13:13:00-04:00,340.1285095214844,340.1285095214844,340.1285095214844,340.1285095214844,489,0.0,0.0
2024-05-29 13:14:00-04:00,340.04998779296875,340.4800109863281,340.04998779296875,340.45001220703125,2035,0.0,0.0
2024-05-29 13:15:00-04:00,340.7799987792969,340.864990234375,340.6099853515625,340.6099853515625,902,0.0,0.0
2024-05-29 13:16:00-04:00,340.6300048828125,340.6300048828125,340.5799865722656,340.5799865722656,482,0.0,0.0
2024-05-29 13:17:00-04:00,340.6000061035156,340.6000061035156,340.57000732421875,340.57000732421875,924,0.0,0.0
2024-05-29 13:18:00-04:00,340.3900146484375,340.7099914550781,340.3900146484375,340.6050109863281,1290,0.0,0.0
2024-05-29 13:19:00-04:00,340.3399963378906,340.5950012207031,340.3299865722656,340.3299865722656,1529,0.0,0.0
2024-05-29 13:20:00-04:00,340.2900085449219,340.2900085449219,339.989990234375,340.19000244140625,1804,0.0,0.0
2024-05-29 13:22:00-04:00,340.0,340.0,339.8299865722656,339.8299865722656,1076,0.0,0.0
2024-05-29 13:23:00-04:00,339.8299865722656,339.8399963378906,339.5050048828125,339.5050048828125,4408,0.0,0.0
2024-05-29 13:24:00-04:00,339.489990234375,339.5899963378906,339.489990234375,339.5899963378906,812,0.0,0.0
2024-05-29 13:25:00-04:00,339.5849914550781,339.6199951171875,339.4800109863281,339.4800109863281,1043,0.0,0.0
2024-05-29 13:27:00-04:00,339.6000061035156,339.9100036621094,339.4549865722656,339.8949890136719,4271,0.0,0.0
2024-05-29 13:28:00-04:00,339.7900085449219,339.8800048828125,339.7900085449219,339.86590576171875,4577,0.0,0.0
2024-05-29 13:29:00-04:00,339.8699951171875,340.0199890136719,339.8699951171875,340.0199890136719,2378,0.0,0.0
2024-05-29 13:30:00-04:00,339.8599853515625,340.0400085449219,339.8599853515625,340.0400085449219,487,0.0,0.0
2024-05-29 13:31:00-04:00,339.9100036621094,339.9100036621094,339.9100036621094,339.9100036621094,288,0.0,0.0
2024-05-29 13:32:00-04:00,339.92498779296875,339.94000244140625,339.9100036621094,339.9247131347656,956,0.0,0.0
2024-05-29 13:33:00-04:00,339.6400146484375,339.6400146484375,339.6400146484375,339.6400146484375,925,0.0,0.0
2024-05-29 13:34:00-04:00,339.07000732421875,339.2650146484375,339.07000732421875,339.2650146484375,679,0.0,0.0
2024-05-29 13:35:00-04:00,339.05999755859375,339.07501220703125,339.05999755859375,339.07501220703125,575,0.0,0.0
2024-05-29 13:36:00-04:00,338.8800048828125,339.3500061035156,338.8800048828125,339.2300109863281,3281,0.0,0.0
2024-05-29 13:37:00-04:00,339.3500061035156,339.510009765625,339.2200012207031,339.3800048828125,3789,0.0,0.0
2024-05-29 13:38:00-04:00,339.3299865722656,339.3299865722656,338.7074890136719,338.94000244140625,6048,0.0,0.0
2024-05-29 13:39:00-04:00,339.0299987792969,339.1700134277344,338.5199890136719,338.6099853515625,2854,0.0,0.0
2024-05-29 13:40:00-04:00,338.5799865722656,338.6199951171875,338.5799865722656,338.5950012207031,834,0.0,0.0
2024-05-29 13:41:00-04:00,338.4200134277344,339.989990234375,338.3900146484375,339.760009765625,30826,0.0,0.0
2024-05-29 13:42:00-04:00,339.760009765625,339.8450012207031,339.760009765625,339.8450012207031,5652,0.0,0.0
2024-05-29 13:44:00-04:00,339.3599853515625,339.4779968261719,339.3599853515625,339.4779968261719,836,0.0,0.0
2024-05-29 13:45:00-04:00,339.1700134277344,339.6000061035156,339.1700134277344,339.31500244140625,3224,0.0,0.0
2024-05-29 13:47:00-04:00,339.2699890136719,339.2699890136719,339.2699890136719,339.2699890136719,399,0.0,0.0
2024-05-29 13:48:00-04:00,339.2099914550781,339.2099914550781,339.2099914550781,339.2099914550781,749,0.0,0.0
2024-05-29 13:49:00-04:00,338.9599914550781,339.30999755859375,338.92010498046875,338.92010498046875,2421,0.0,0.0
2024-05-29 13:50:00-04:00,339.2167053222656,339.2900085449219,338.8699951171875,338.9599914550781,2195,0.0,0.0
2024-05-29 13:51:00-04:00,339.3399963378906,340.0,339.3399963378906,339.8418884277344,7166,0.0,0.0
2024-05-29 13:52:00-04:00,339.8800048828125,340.0,339.8800048828125,339.9549865722656,1070,0.0,0.0
2024-05-29 13:54:00-04:00,339.79998779296875,340.2349853515625,339.79998779296875,340.2349853515625,3791,0.0,0.0
2024-05-29 13:56:00-04:00,339.8599853515625,340.20001220703125,339.8599853515625,339.8699951171875,3053,0.0,0.0
2024-05-29 13:58:00-04:00,340.07000732421875,340.07000732421875,339.8299865722656,339.8999938964844,1845,0.0,0.0
2024-05-29 13:59:00-04:00,339.760009765625,339.7699890136719,339.6300048828125,339.7699890136719,414,0.0,0.0
2024-05-29 14:00:00-04:00,339.70001220703125,339.70001220703125,339.44000244140625,339.44000244140625,441,0.0,0.0
2024-05-29 14:01:00-04:00,339.54998779296875,339.6400146484375,339.25,339.6199951171875,2092,0.0,0.0
2024-05-29 14:02:00-04:00,339.6199951171875,340.7300109863281,339.6199951171875,340.3900146484375,11774,0.0,0.0
2024-05-29 14:03:00-04:00,340.385009765625,340.6639099121094,340.385009765625,340.6639099121094,392,0.0,0.0
2024-05-29 14:04:00-04:00,340.364990234375,340.364990234375,340.04998779296875,340.04998779296875,980,0.0,0.0
2024-05-29 14:05:00-04:00,339.94000244140625,339.94000244140625,339.75,339.75,659,0.0,0.0
2024-05-29 14:06:00-04:00,339.75,340.0400085449219,339.54998779296875,340.0400085449219,3676,0.0,0.0
2024-05-29 14:08:00-04:00,339.7250061035156,339.7250061035156,339.7250061035156,339.7250061035156,182,0.0,0.0
2024-05-29 14:09:00-04:00,339.7200012207031,339.7300109863281,339.7200012207031,339.7300109863281,883,0.0,0.0
2024-05-29 14:10:00-04:00,339.57000732421875,339.57000732421875,339.57000732421875,339.57000732421875,208,0.0,0.0
2024-05-29 14:11:00-04:00,339.54998779296875,339.54998779296875,339.4100036621094,339.4100036621094,1515,0.0,0.0
2024-05-29 14:12:00-04:00,339.1050109863281,339.239990234375,339.1050109863281,339.2250061035156,948,0.0,0.0
2024-05-29 14:13:00-04:00,339.0400085449219,339.05999755859375,339.0299987792969,339.05999755859375,702,0.0,0.0
2024-05-29 14:14:00-04:00,339.1050109863281,339.9200134277344,339.1050109863281,339.5,9220,0.0,0.0
2024-05-29 14:15:00-04:00,339.75,339.82000732421875,339.75,339.75,3816,0.0,0.0
2024-05-29 14:16:00-04:00,339.75,339.92999267578125,339.7099914550781,339.92999267578125,6586,0.0,0.0
2024-05-29 14:17:00-04:00,339.8699951171875,340.010009765625,339.8699951171875,340.010009765625,2216,0.0,0.0
2024-05-29 14:18:00-04:00,339.9049987792969,339.9049987792969,339.8800048828125,339.8800048828125,631,0.0,0.0
2024-05-29 14:19:00-04:00,340.0199890136719,340.04998779296875,340.0199890136719,340.04998779296875,652,0.0,0.0
2024-05-29 14:20:00-04:00,339.9549865722656,339.9549865722656,339.93499755859375,339.93499755859375,990,0.0,0.0
2024-05-29 14:21:00-04:00,339.93499755859375,340.1000061035156,339.93499755859375,340.0,1712,0.0,0.0
2024-05-29 14:22:00-04:00,340.0,340.3500061035156,340.0,340.2200012207031,3472,0.0,0.0
2024-05-29 14:23:00-04:00,340.1600036621094,340.25,340.1499938964844,340.25,3441,0.0,0.0
2024-05-29 14:24:00-04:00,340.25,340.3500061035156,340.1499938964844,340.1600036621094,7147,0.0,0.0
2024-05-29 14:25:00-04:00,340.3399963378906,340.3999938964844,340.19000244140625,340.3999938964844,1790,0.0,0.0
2024-05-29 14:26:00-04:00,340.3999938964844,340.44000244140625,340.2655944824219,340.2655944824219,2355,0.0,0.0
2024-05-29 14:27:00-04:00,340.3800048828125,340.3800048828125,340.3399963378906,340.3800048828125,1360,0.0,0.0
2024-05-29 14:28:00-04:00,340.1050109863281,340.1050109863281,340.1050109863281,340.1050109863281,762,0.0,0.0
2024-05-29 14:30:00-04:00,340.1199951171875,340.489990234375,340.1199951171875,340.4700012207031,2709,0.0,0.0
2024-05-29 14:31:00-04:00,340.57000732421875,340.57501220703125,340.30999755859375,340.3299865722656,2390,0.0,0.0
2024-05-29 14:32:00-04:00,340.5199890136719,340.5199890136719,340.3699951171875,340.3699951171875,679,0.0,0.0
2024-05-29 14:33:00-04:00,340.43829345703125,340.44000244140625,340.3349914550781,340.44000244140625,1078,0.0,0.0
2024-05-29 14:34:00-04:00,340.29998779296875,340.30999755859375,340.1199951171875,340.230712890625,11976,0.0,0.0
2024-05-29 14:35:00-04:00,340.1549987792969,340.19000244140625,339.8800048828125,340.07501220703125,9662,0.0,0.0
2024-05-29 14:36:00-04:00,339.9800109863281,339.9800109863281,339.9800109863281,339.9800109863281,768,0.0,0.0
2024-05-29 14:37:00-04:00,339.9700012207031,340.0199890136719,339.8999938964844,340.0199890136719,13621,0.0,0.0
2024-05-29 14:38:00-04:00,339.8999938964844,340.010009765625,339.8999938964844,339.9200134277344,1144,0.0,0.0
2024-05-29 14:39:00-04:00,339.9100036621094,340.1300048828125,339.8999938964844,340.1050109863281,3177,0.0,0.0
2024-05-29 14:40:00-04:00,340.0799865722656,340.19000244140625,339.79998779296875,340.0799865722656,59782,0.0,0.0
2024-05-29 14:41:00-04:00,339.9649963378906,339.9849853515625,339.9649963378906,339.9849853515625,355,0.0,0.0
2024-05-29 14:42:00-04:00,339.94000244140625,340.135009765625,339.9049987792969,339.9049987792969,2798,0.0,0.0
2024-05-29 14:43:00-04:00,339.6000061035156,339.6099853515625,339.6000061035156,339.6000061035156,1321,0.0,0.0
2024-05-29 14:44:00-04:00,339.7699890136719,339.7699890136719,339.7650146484375,339.7650146484375,1302,0.0,0.0
2024-05-29 14:45:00-04:00,339.6000061035156,339.6099853515625,339.6000061035156,339.6000061035156,2638,0.0,0.0
2024-05-29 14:46:00-04:00,339.65460205078125,339.6600036621094,339.5199890136719,339.625,10529,0.0,0.0
2024-05-29 14:47:00-04:00,339.6000061035156,339.6499938964844,339.54998779296875,339.54998779296875,944,0.0,0.0
2024-05-29 14:48:00-04:00,339.6000061035156,339.6400146484375,339.0,339.0,7720,0.0,0.0
2024-05-29 14:49:00-04:00,339.1400146484375,339.9800109863281,339.0899963378906,339.9800109863281,23064,0.0,0.0
2024-05-29 14:50:00-04:00,340.0,340.0,339.7099914550781,340.0,4308,0.0,0.0
2024-05-29 14:52:00-04:00,340.0799865722656,340.0799865722656,339.9200134277344,339.94000244140625,3379,0.0,0.0
2024-05-29 14:53:00-04:00,339.94500732421875,339.94500732421875,339.94500732421875,339.94500732421875,655,0.0,0.0
2024-05-29 14:54:00-04:00,339.94500732421875,340.1700134277344,339.90289306640625,340.0400085449219,2664,0.0,0.0
2024-05-29 14:55:00-04:00,340.0450134277344,340.3900146484375,340.0450134277344,340.3599853515625,3960,0.0,0.0
2024-05-29 14:56:00-04:00,340.20001220703125,340.3599853515625,340.19000244140625,340.20001220703125,4333,0.0,0.0
2024-05-29 14:57:00-04:00,340.20001220703125,340.20001220703125,340.1600036621094,340.1600036621094,2140,0.0,0.0
2024-05-29 14:58:00-04:00,340.29998779296875,340.29998779296875,340.29998779296875,340.29998779296875,375,0.0,0.0
2024-05-29 14:59:00-04:00,340.20001220703125,340.42999267578125,340.05999755859375,340.42999267578125,2366,0.0,0.0
2024-05-29 15:00:00-04:00,340.70001220703125,340.7300109863281,340.69000244140625,340.7300109863281,892,0.0,0.0
2024-05-29 15:01:00-04:00,340.6199951171875,340.989990234375,340.6199951171875,340.989990234375,2072,0.0,0.0
2024-05-29 15:02:00-04:00,341.07000732421875,341.07000732421875,341.07000732421875,341.07000732421875,763,0.0,0.0
2024-05-29 15:03:00-04:00,341.2099914550781,341.2099914550781,341.2099914550781,341.2099914550781,355,0.0,0.0
2024-05-29 15:04:00-04:00,341.0799865722656,341.42999267578125,341.0799865722656,341.2200012207031,7188,0.0,0.0
2024-05-29 15:05:00-04:00,341.4200134277344,342.0350036621094,341.4200134277344,342.0350036621094,2724,0.0,0.0
2024-05-29 15:06:00-04:00,341.9200134277344,342.2099914550781,341.8299865722656,341.8599853515625,9211,0.0,0.0
2024-05-29 15:07:00-04:00,341.80499267578125,341.9849853515625,341.80499267578125,341.95001220703125,815,0.0,0.0
2024-05-29 15:08:00-04:00,341.94000244140625,342.25,341.94000244140625,342.0899963378906,5704,0.0,0.0
2024-05-29 15:09:00-04:00,342.0950012207031,342.80999755859375,342.0950012207031,342.5899963378906,6960,0.0,0.0
2024-05-29 15:10:00-04:00,342.5299987792969,342.5299987792969,342.5,342.5,409,0.0,0.0
2024-05-29 15:11:00-04:00,342.5,342.75,342.32000732421875,342.6600036621094,5806,0.0,0.0
2024-05-29 15:12:00-04:00,342.75,342.875,342.70001220703125,342.760009765625,2817,0.0,0.0
2024-05-29 15:13:00-04:00,342.6549987792969,342.8399963378906,342.543701171875,342.8399963378906,2629,0.0,0.0
2024-05-29 15:14:00-04:00,342.8550109863281,342.8904113769531,342.8500061035156,342.8904113769531,2211,0.0,0.0
2024-05-29 15:15:00-04:00,342.7799987792969,342.79998779296875,342.489990234375,342.489990234375,3755,0.0,0.0
2024-05-29 15:16:00-04:00,342.43499755859375,342.55999755859375,342.43499755859375,342.5,1796,0.0,0.0
2024-05-29 15:17:00-04:00,342.42999267578125,342.4700012207031,342.2699890136719,342.43499755859375,1467,0.0,0.0
2024-05-29 15:18:00-04:00,342.4200134277344,342.5299987792969,342.4200134277344,342.44500732421875,2621,0.0,0.0
2024-05-29 15:19:00-04:00,342.3599853515625,342.44000244140625,341.9700012207031,342.1600036621094,12714,0.0,0.0
2024-05-29 15:20:00-04:00,342.07000732421875,342.20001220703125,342.07000732421875,342.20001220703125,1308,0.0,0.0
2024-05-29 15:21:00-04:00,342.18499755859375,342.6700134277344,342.1824951171875,342.5,5421,0.0,0.0
2024-05-29 15:22:00-04:00,342.5,342.5899963378906,342.5,342.5450134277344,1792,0.0,0.0
2024-05-29 15:23:00-04:00,342.5350036621094,342.54998779296875,342.5,342.5249938964844,2523,0.0,0.0
2024-05-29 15:24:00-04:00,342.5249938964844,342.6199951171875,342.42999267578125,342.56500244140625,4476,0.0,0.0
2024-05-29 15:25:00-04:00,342.5450134277344,342.5450134277344,342.5299987792969,342.5299987792969,1106,0.0,0.0
2024-05-29 15:26:00-04:00,342.6199951171875,342.7300109863281,342.6199951171875,342.7099914550781,3224,0.0,0.0
2024-05-29 15:27:00-04:00,342.6700134277344,342.9100036621094,342.6650085449219,342.9100036621094,2510,0.0,0.0
2024-05-29 15:28:00-04:00,342.9599914550781,343.07000732421875,342.9599914550781,342.9649963378906,1662,0.0,0.0
2024-05-29 15:29:00-04:00,342.9649963378906,343.19000244140625,342.94500732421875,343.19000244140625,4956,0.0,0.0
2024-05-29 15:30:00-04:00,343.1600036621094,343.1600036621094,343.0799865722656,343.0799865722656,2063,0.0,0.0
2024-05-29 15:31:00-04:00,343.1099853515625,343.1400146484375,342.9949951171875,343.0799865722656,5430,0.0,0.0
2024-05-29 15:32:00-04:00,343.07000732421875,343.07000732421875,342.8399963378906,342.9750061035156,5866,0.0,0.0
2024-05-29 15:33:00-04:00,342.92999267578125,342.92999267578125,342.8599853515625,342.8599853515625,706,0.0,0.0
2024-05-29 15:34:00-04:00,342.8599853515625,343.239990234375,342.8599853515625,343.0799865722656,8602,0.0,0.0
2024-05-29 15:35:00-04:00,343.0,343.4750061035156,343.0,343.45001220703125,6365,0.0,0.0
2024-05-29 15:36:00-04:00,343.4549865722656,343.5880126953125,343.4549865722656,343.5880126953125,727,0.0,0.0
2024-05-29 15:37:00-04:00,343.5899963378906,343.7149963378906,343.489990234375,343.625,9238,0.0,0.0
2024-05-29 15:38:00-04:00,343.760009765625,343.760009765625,343.5,343.5,3929,0.0,0.0
2024-05-29 15:39:00-04:00,343.5899963378906,343.92999267578125,343.5899963378906,343.80999755859375,8392,0.0,0.0
2024-05-29 15:40:00-04:00,343.8699951171875,343.94000244140625,343.70001220703125,343.7850036621094,8472,0.0,0.0
2024-05-29 15:41:00-04:00,343.7799987792969,343.7799987792969,343.3599853515625,343.63751220703125,14748,0.0,0.0
2024-05-29 15:42:00-04:00,343.5899963378906,343.7799987792969,343.5899963378906,343.739990234375,3722,0.0,0.0
2024-05-29 15:43:00-04:00,343.7349853515625,343.739990234375,343.7300109863281,343.739990234375,1417,0.0,0.0
2024-05-29 15:44:00-04:00,343.6675109863281,344.25,343.6675109863281,344.1600036621094,13268,0.0,0.0
2024-05-29 15:45:00-04:00,343.9599914550781,344.2699890136719,343.9599914550781,344.20001220703125,2671,0.0,0.0
2024-05-29 15:46:00-04:00,344.1700134277344,344.67999267578125,344.1700134277344,344.67999267578125,9915,0.0,0.0
2024-05-29 15:47:00-04:00,344.57501220703125,345.07000732421875,344.4700012207031,345.0400085449219,13330,0.0,0.0
2024-05-29 15:48:00-04:00,344.9849853515625,345.3500061035156,344.9849853515625,345.17999267578125,7631,0.0,0.0
2024-05-29 15:49:00-04:00,345.17999267578125,345.81500244140625,344.9700012207031,345.6549987792969,14490,0.0,0.0
2024-05-29 15:50:00-04:00,345.5,346.0,345.489990234375,346.0,11631,0.0,0.0
2024-05-29 15:51:00-04:00,346.0050048828125,346.68499755859375,345.9200134277344,346.54998779296875,20191,0.0,0.0
2024-05-29 15:52:00-04:00,346.54998779296875,346.67999267578125,346.29998779296875,346.67999267578125,15396,0.0,0.0
2024-05-29 15:53:00-04:00,346.6700134277344,346.9599914550781,346.6400146484375,346.82501220703125,12293,0.0,0.0
2024-05-29 15:54:00-04:00,346.8299865722656,347.0799865722656,346.5201110839844,347.07501220703125,14061,0.0,0.0
2024-05-29 15:55:00-04:00,347.114990234375,347.2900085449219,346.5799865722656,346.5799865722656,19479,0.0,0.0
2024-05-29 15:56:00-04:00,346.5799865722656,346.7099914550781,346.19000244140625,346.239990234375,18387,0.0,0.0
2024-05-29 15:57:00-04:00,346.25,346.7300109863281,346.25,346.6099853515625,16133,0.0,0.0
2024-05-29 15:58:00-04:00,346.57000732421875,346.6400146484375,346.1600036621094,346.2749938964844,22856,0.0,0.0
2024-05-29 15:59:00-04:00,346.19000244140625,346.239990234375,345.1600036621094,345.3699951171875,68681,0.0,0.0
2024-05-30 09:30:00-04:00,345.0400085449219,345.0400085449219,345.0400085449219,345.0400085449219,9666,0.0,0.0
2024-05-30 09:31:00-04:00,344.5899963378906,344.5899963378906,344.5899963378906,344.5899963378906,20955,0.0,0.0
2024-05-30 09:32:00-04:00,344.614990234375,346.6899108886719,344.614990234375,346.07501220703125,6059,0.0,0.0
2024-05-30 09:33:00-04:00,346.010009765625,346.7200012207031,345.4200134277344,345.4200134277344,2021,0.0,0.0
2024-05-30 09:34:00-04:00,345.0,347.44000244140625,344.8599853515625,346.45001220703125,11180,0.0,0.0
2024-05-30 09:35:00-04:00,345.94000244140625,345.94000244140625,344.55999755859375,344.7510070800781,1213,0.0,0.0
2024-05-30 09:36:00-04:00,345.0,345.0,343.7799987792969,343.7799987792969,1201,0.0,0.0
2024-05-30 09:37:00-04:00,343.4800109863281,345.1099853515625,343.4800109863281,345.0474853515625,12023,0.0,0.0
2024-05-30 09:38:00-04:00,345.1099853515625,345.1099853515625,345.1099853515625,345.1099853515625,116,0.0,0.0
2024-05-30 09:39:00-04:00,345.8399963378906,345.8399963378906,344.3599853515625,345.1099853515625,5374,0.0,0.0
2024-05-30 09:40:00-04:00,345.1099853515625,345.1099853515625,344.7699890136719,345.1099853515625,1386,0.0,0.0
2024-05-30 09:41:00-04:00,345.19000244140625,345.19000244140625,344.9599914550781,345.010009765625,3067,0.0,0.0
2024-05-30 09:42:00-04:00,345.0553894042969,345.2749938964844,345.04998779296875,345.2749938964844,873,0.0,0.0
2024-05-30 09:43:00-04:00,345.04998779296875,345.2699890136719,343.8699951171875,343.8699951171875,3424,0.0,0.0
2024-05-30 09:44:00-04:00,343.2699890136719,345.1199951171875,343.260009765625,345.1099853515625,30527,0.0,0.0
2024-05-30 09:45:00-04:00,345.1099853515625,345.19000244140625,344.79998779296875,345.1099853515625,21896,0.0,0.0
2024-05-30 09:46:00-04:00,345.1099853515625,345.20001220703125,343.3900146484375,344.760009765625,22933,0.0,0.0
2024-05-30 09:47:00-04:00,345.0199890136719,345.1099853515625,344.6600036621094,344.989990234375,3551,0.0,0.0
2024-05-30 09:48:00-04:00,345.3500061035156,345.3500061035156,344.9599914550781,345.0,2723,0.0,0.0
2024-05-30 09:49:00-04:00,345.239990234375,345.239990234375,345.239990234375,345.239990234375,286,0.0,0.0
2024-05-30 09:50:00-04:00,345.0950012207031,345.0950012207031,345.0950012207031,345.0950012207031,110,0.0,0.0
2024-05-30 09:51:00-04:00,345.1449890136719,345.6099853515625,345.1449890136719,345.5150146484375,3433,0.0,0.0
2024-05-30 09:52:00-04:00,345.5150146484375,345.5150146484375,345.5150146484375,345.5150146484375,1021,0.0,0.0
2024-05-30 09:53:00-04:00,346.010009765625,346.010009765625,345.9150085449219,345.9150085449219,423,0.0,0.0
2024-05-30 09:54:00-04:00,346.17999267578125,346.17999267578125,346.17999267578125,346.17999267578125,884,0.0,0.0
2024-05-30 09:55:00-04:00,346.42999267578125,346.42999267578125,346.42999267578125,346.42999267578125,285,0.0,0.0
2024-05-30 09:56:00-04:00,346.510009765625,346.6700134277344,346.510009765625,346.6700134277344,842,0.0,0.0
2024-05-30 09:57:00-04:00,347.125,347.125,347.125,347.125,256,0.0,0.0
2024-05-30 09:58:00-04:00,347.0267028808594,347.1400146484375,346.82000732421875,347.1400146484375,1390,0.0,0.0
2024-05-30 09:59:00-04:00,347.07000732421875,347.5799865722656,347.0299987792969,347.5799865722656,2072,0.0,0.0
2024-05-30 10:00:00-04:00,347.739990234375,347.739990234375,347.3599853515625,347.57000732421875,4149,0.0,0.0
2024-05-30 10:01:00-04:00,348.1099853515625,348.3299865722656,347.94500732421875,348.1600036621094,1842,0.0,0.0
2024-05-30 10:02:00-04:00,347.8900146484375,348.32000732421875,347.8900146484375,348.05999755859375,5493,0.0,0.0
2024-05-30 10:03:00-04:00,348.1700134277344,348.5400085449219,348.1700134277344,348.5199890136719,1483,0.0,0.0
2024-05-30 10:04:00-04:00,348.260009765625,349.0199890136719,348.260009765625,348.7650146484375,3977,0.0,0.0
2024-05-30 10:05:00-04:00,349.1400146484375,349.42999267578125,348.93499755859375,349.42999267578125,2634,0.0,0.0
2024-05-30 10:06:00-04:00,349.04998779296875,349.1099853515625,348.6700134277344,349.1099853515625,5408,0.0,0.0
2024-05-30 10:07:00-04:00,348.8949890136719,348.8949890136719,348.43499755859375,348.5299987792969,2671,0.0,0.0
2024-05-30 10:08:00-04:00,348.1000061035156,348.1549987792969,347.760009765625,347.8900146484375,1845,0.0,0.0
2024-05-30 10:09:00-04:00,347.760009765625,347.92999267578125,347.57000732421875,347.6199951171875,3661,0.0,0.0
2024-05-30 10:10:00-04:00,347.8599853515625,347.94500732421875,347.19000244140625,347.19000244140625,5962,0.0,0.0
2024-05-30 10:11:00-04:00,347.04998779296875,347.20001220703125,346.4800109863281,347.0,3463,0.0,0.0
2024-05-30 10:12:00-04:00,346.739990234375,346.8900146484375,346.739990234375,346.8900146484375,900,0.0,0.0
2024-05-30 10:13:00-04:00,346.6571960449219,346.9849853515625,345.9800109863281,346.04998779296875,4214,0.0,0.0
2024-05-30 10:14:00-04:00,345.95001220703125,346.20001220703125,345.79998779296875,345.94000244140625,4989,0.0,0.0
2024-05-30 10:15:00-04:00,345.94000244140625,346.30999755859375,345.92999267578125,346.30999755859375,2564,0.0,0.0
2024-05-30 10:16:00-04:00,346.6400146484375,346.8299865722656,346.55999755859375,346.55999755859375,1555,0.0,0.0
2024-05-30 10:17:00-04:00,346.55999755859375,347.1099853515625,346.5400085449219,346.7950134277344,4808,0.0,0.0
2024-05-30 10:18:00-04:00,346.9599914550781,347.3999938964844,346.9200134277344,347.3999938964844,2729,0.0,0.0
2024-05-30 10:19:00-04:00,347.3999938964844,347.5199890136719,347.3999938964844,347.4150085449219,1058,0.0,0.0
2024-05-30 10:20:00-04:00,347.510009765625,347.510009765625,347.4200134277344,347.5,1123,0.0,0.0
2024-05-30 10:21:00-04:00,347.19000244140625,347.2900085449219,347.19000244140625,347.2900085449219,1369,0.0,0.0
2024-05-30 10:22:00-04:00,347.2799987792969,348.1700134277344,347.2799987792969,348.1400146484375,3024,0.0,0.0
2024-05-30 10:23:00-04:00,348.04998779296875,348.17999267578125,347.8900146484375,347.9200134277344,2471,0.0,0.0
2024-05-30 10:24:00-04:00,347.9200134277344,347.9849853515625,347.80999755859375,347.80999755859375,1253,0.0,0.0
2024-05-30 10:25:00-04:00,347.82000732421875,348.25,347.80999755859375,348.1300048828125,6870,0.0,0.0
2024-05-30 10:26:00-04:00,348.2099914550781,348.2099914550781,347.9549865722656,347.9700012207031,3766,0.0,0.0
2024-05-30 10:27:00-04:00,348.1300048828125,348.30999755859375,348.1199951171875,348.2799987792969,1640,0.0,0.0
2024-05-30 10:28:00-04:00,348.0299987792969,348.2099914550781,348.0199890136719,348.0199890136719,2030,0.0,0.0
2024-05-30 10:29:00-04:00,348.0,348.19500732421875,347.94000244140625,348.19500732421875,1957,0.0,0.0
2024-05-30 10:30:00-04:00,348.4200134277344,348.4200134277344,348.1499938964844,348.20001220703125,3399,0.0,0.0
2024-05-30 10:32:00-04:00,348.2774963378906,348.2774963378906,347.7699890136719,347.9100036621094,4303,0.0,0.0
2024-05-30 10:33:00-04:00,348.0400085449219,348.0400085449219,348.0400085449219,348.0400085449219,211,0.0,0.0
2024-05-30 10:34:00-04:00,348.0400085449219,348.1600036621094,347.7200012207031,348.0899963378906,4075,0.0,0.0
2024-05-30 10:35:00-04:00,348.0299987792969,348.260009765625,348.0299987792969,348.16900634765625,1175,0.0,0.0
2024-05-30 10:36:00-04:00,348.20001220703125,348.20001220703125,348.20001220703125,348.20001220703125,1083,0.0,0.0
2024-05-30 10:37:00-04:00,348.13250732421875,348.2950134277344,348.1300048828125,348.2950134277344,1106,0.0,0.0
2024-05-30 10:38:00-04:00,348.1600036621094,348.29998779296875,347.9200134277344,348.260009765625,5882,0.0,0.0
2024-05-30 10:39:00-04:00,348.4599914550781,348.4599914550781,348.3699951171875,348.3699951171875,902,0.0,0.0
2024-05-30 10:41:00-04:00,348.625,348.7200012207031,348.489990234375,348.70001220703125,2708,0.0,0.0
2024-05-30 10:42:00-04:00,348.5400085449219,348.6300048828125,348.5400085449219,348.6300048828125,2522,0.0,0.0
2024-05-30 10:43:00-04:00,348.6499938964844,348.6549987792969,348.6499938964844,348.6549987792969,343,0.0,0.0
2024-05-30 10:44:00-04:00,348.6600036621094,348.6600036621094,348.489990234375,348.5299987792969,2011,0.0,0.0
2024-05-30 10:45:00-04:00,348.3800048828125,348.3800048828125,348.239990234375,348.239990234375,460,0.0,0.0
2024-05-30 10:46:00-04:00,348.29998779296875,348.3399963378906,348.19000244140625,348.19000244140625,1081,0.0,0.0
2024-05-30 10:47:00-04:00,348.31500244140625,348.3299865722656,348.31500244140625,348.3299865722656,914,0.0,0.0
2024-05-30 10:48:00-04:00,348.5,348.6400146484375,348.5,348.54998779296875,1113,0.0,0.0
2024-05-30 10:49:00-04:00,348.6300048828125,348.8500061035156,348.4400939941406,348.760009765625,3654,0.0,0.0
2024-05-30 10:51:00-04:00,348.94000244140625,349.25,348.94000244140625,349.1000061035156,2597,0.0,0.0
2024-05-30 10:52:00-04:00,349.05999755859375,349.1050109863281,349.05999755859375,349.1050109863281,862,0.0,0.0
2024-05-30 10:53:00-04:00,348.94000244140625,349.0199890136719,348.9100036621094,349.010009765625,1353,0.0,0.0
2024-05-30 10:55:00-04:00,349.2699890136719,349.4200134277344,349.239990234375,349.32501220703125,4909,0.0,0.0
2024-05-30 10:56:00-04:00,349.1099853515625,349.1099853515625,349.1000061035156,349.1000061035156,878,0.0,0.0
2024-05-30 10:57:00-04:00,349.0950012207031,349.4800109863281,349.0616149902344,349.3800048828125,2295,0.0,0.0
2024-05-30 10:58:00-04:00,349.32000732421875,349.32000732421875,349.1300048828125,349.30999755859375,2785,0.0,0.0
2024-05-30 10:59:00-04:00,349.1499938964844,349.30999755859375,348.9599914550781,349.0400085449219,2223,0.0,0.0
2024-05-30 11:00:00-04:00,348.8299865722656,349.29998779296875,348.760009765625,349.29998779296875,2783,0.0,0.0
2024-05-30 11:01:00-04:00,349.260009765625,349.30999755859375,349.260009765625,349.29998779296875,1516,0.0,0.0
2024-05-30 11:02:00-04:00,349.4649963378906,349.6700134277344,349.4649963378906,349.6700134277344,1412,0.0,0.0
2024-05-30 11:03:00-04:00,349.7699890136719,349.7699890136719,349.7699890136719,349.7699890136719,436,0.0,0.0
2024-05-30 11:05:00-04:00,349.760009765625,349.8389892578125,349.73748779296875,349.7900085449219,2261,0.0,0.0
2024-05-30 11:07:00-04:00,349.7449951171875,350.25,349.6300048828125,349.9849853515625,8484,0.0,0.0
2024-05-30 11:08:00-04:00,349.7204895019531,350.32000732421875,349.7204895019531,350.1700134277344,2189,0.0,0.0
2024-05-30 11:09:00-04:00,350.32000732421875,350.5,350.1000061035156,350.1000061035156,6637,0.0,0.0
2024-05-30 11:10:00-04:00,349.8999938964844,349.8999938964844,349.6400146484375,349.739990234375,2597,0.0,0.0
2024-05-30 11:11:00-04:00,349.3826904296875,349.3826904296875,349.3826904296875,349.3826904296875,193,0.0,0.0
2024-05-30 11:12:00-04:00,349.5400085449219,349.57000732421875,349.4700012207031,349.4700012207031,872,0.0,0.0
2024-05-30 11:13:00-04:00,349.3399963378906,349.4549865722656,349.2200927734375,349.4549865722656,2058,0.0,0.0
2024-05-30 11:14:00-04:00,349.69000244140625,350.17999267578125,349.6499938964844,350.0299987792969,4509,0.0,0.0
2024-05-30 11:15:00-04:00,350.1600036621094,350.17999267578125,350.0299987792969,350.0299987792969,991,0.0,0.0
2024-05-30 11:16:00-04:00,350.0299987792969,350.3999938964844,349.8800048828125,350.2900085449219,3001,0.0,0.0
2024-05-30 11:17:00-04:00,350.4100036621094,350.6000061035156,350.4100036621094,350.6000061035156,698,0.0,0.0
2024-05-30 11:18:00-04:00,350.510009765625,350.55999755859375,350.45001220703125,350.45001220703125,670,0.0,0.0
2024-05-30 11:20:00-04:00,350.6499938964844,350.6499938964844,350.42999267578125,350.42999267578125,4331,0.0,0.0
2024-05-30 11:21:00-04:00,350.56500244140625,350.56500244140625,350.2900085449219,350.4150085449219,2326,0.0,0.0
2024-05-30 11:22:00-04:00,350.54998779296875,350.54998779296875,350.2799987792969,350.4599914550781,1356,0.0,0.0
2024-05-30 11:23:00-04:00,350.4700012207031,350.4700012207031,350.4700012207031,350.4700012207031,447,0.0,0.0
2024-05-30 11:24:00-04:00,350.2799987792969,350.5950012207031,350.19000244140625,350.5950012207031,1845,0.0,0.0
2024-05-30 11:25:00-04:00,350.7900085449219,351.17999267578125,350.69500732421875,351.1600036621094,3201,0.0,0.0
2024-05-30 11:26:00-04:00,351.3500061035156,351.4800109863281,351.1600036621094,351.4200134277344,3901,0.0,0.0
2024-05-30 11:27:00-04:00,351.79998779296875,351.79998779296875,351.7200012207031,351.79998779296875,1873,0.0,0.0
2024-05-30 11:28:00-04:00,351.67999267578125,351.67999267578125,351.67999267578125,351.67999267578125,184,0.0,0.0
2024-05-30 11:29:00-04:00,351.8800048828125,352.0,351.69000244140625,351.7449951171875,2002,0.0,0.0
2024-05-30 11:30:00-04:00,351.739990234375,351.739990234375,351.4418029785156,351.6400146484375,1878,0.0,0.0
2024-05-30 11:31:00-04:00,351.6700134277344,351.7900085449219,351.5067138671875,351.510009765625,2625,0.0,0.0
2024-05-30 11:32:00-04:00,351.7149963378906,351.7900085449219,351.5199890136719,351.6099853515625,929,0.0,0.0
2024-05-30 11:33:00-04:00,351.95001220703125,352.510009765625,351.94000244140625,352.4549865722656,5517,0.0,0.0
2024-05-30 11:34:00-04:00,352.4549865722656,352.4549865722656,352.4549865722656,352.4549865722656,573,0.0,0.0
2024-05-30 11:36:00-04:00,352.2265930175781,352.44500732421875,352.2265930175781,352.44500732421875,4705,0.0,0.0
2024-05-30 11:37:00-04:00,352.45001220703125,352.45001220703125,352.1400146484375,352.3699951171875,4752,0.0,0.0
2024-05-30 11:38:00-04:00,352.3900146484375,352.3999938964844,351.79998779296875,352.0899963378906,8056,0.0,0.0
2024-05-30 11:39:00-04:00,351.9100036621094,352.0,351.7200012207031,351.7200012207031,1162,0.0,0.0
2024-05-30 11:41:00-04:00,351.7799987792969,351.92999267578125,351.0,351.07000732421875,19067,0.0,0.0
2024-05-30 11:42:00-04:00,351.1199951171875,351.1499938964844,350.67999267578125,350.7099914550781,2321,0.0,0.0
2024-05-30 11:43:00-04:00,350.8399963378906,351.1700134277344,350.8399963378906,350.9800109863281,3048,0.0,0.0
2024-05-30 11:44:00-04:00,350.7900085449219,350.7900085449219,350.6700134277344,350.6700134277344,1124,0.0,0.0
2024-05-30 11:45:00-04:00,350.4599914550781,350.55999755859375,350.3999938964844,350.3999938964844,713,0.0,0.0
2024-05-30 11:46:00-04:00,350.8399963378906,351.0400085449219,350.55999755859375,351.0400085449219,2283,0.0,0.0
2024-05-30 11:47:00-04:00,350.7749938964844,350.7749938964844,350.7699890136719,350.7699890136719,1441,0.0,0.0
2024-05-30 11:48:00-04:00,350.94500732421875,350.9700012207031,350.57000732421875,350.9700012207031,5534,0.0,0.0
2024-05-30 11:49:00-04:00,350.8999938964844,350.92498779296875,350.70001220703125,350.92498779296875,1812,0.0,0.0
2024-05-30 11:50:00-04:00,351.0899963378906,351.17498779296875,350.9649963378906,351.1600036621094,3515,0.0,0.0
2024-05-30 11:51:00-04:00,351.2799987792969,351.4700012207031,351.17498779296875,351.3550109863281,3424,0.0,0.0
2024-05-30 11:52:00-04:00,351.20001220703125,351.32000732421875,351.0799865722656,351.30499267578125,911,0.0,0.0
2024-05-30 11:53:00-04:00,351.2449951171875,351.2449951171875,351.2449951171875,351.2449951171875,663,0.0,0.0
2024-05-30 11:54:00-04:00,351.2449951171875,351.4599914550781,351.0799865722656,351.20001220703125,6929,0.0,0.0
2024-05-30 11:55:00-04:00,351.25,351.5299987792969,351.25,351.4200134277344,5988,0.0,0.0
2024-05-30 11:56:00-04:00,351.2699890136719,351.3349914550781,351.260009765625,351.3349914550781,1150,0.0,0.0
2024-05-30 11:57:00-04:00,351.1499938964844,351.4599914550781,351.0400085449219,351.2850036621094,5780,0.0,0.0
2024-05-30 11:58:00-04:00,351.2850036621094,351.4599914550781,351.2099914550781,351.2099914550781,869,0.0,0.0
2024-05-30 11:59:00-04:00,351.2799987792969,351.2850036621094,351.2749938964844,351.2850036621094,575,0.0,0.0
2024-05-30 12:00:00-04:00,351.1499938964844,351.29998779296875,351.1499938964844,351.29998779296875,267,0.0,0.0
2024-05-30 12:01:00-04:00,351.2900085449219,351.2900085449219,351.2900085449219,351.2900085449219,655,0.0,0.0
2024-05-30 12:02:00-04:00,351.2900085449219,351.2900085449219,351.1099853515625,351.2900085449219,2579,0.0,0.0
2024-05-30 12:03:00-04:00,351.2749938964844,351.30999755859375,351.2749938964844,351.2749938964844,591,0.0,0.0
2024-05-30 12:04:00-04:00,351.1199951171875,351.2699890136719,350.9700012207031,350.9700012207031,3593,0.0,0.0
2024-05-30 12:05:00-04:00,350.9700012207031,351.94989013671875,350.9700012207031,351.94989013671875,3847,0.0,0.0
2024-05-30 12:06:00-04:00,351.6600036621094,351.6600036621094,351.6600036621094,351.6600036621094,594,0.0,0.0
2024-05-30 12:07:00-04:00,351.7130126953125,351.7130126953125,351.42999267578125,351.614990234375,2993,0.0,0.0
2024-05-30 12:08:00-04:00,351.5899963378906,351.6099853515625,351.489990234375,351.6099853515625,1290,0.0,0.0
2024-05-30 12:09:00-04:00,351.5799865722656,351.68499755859375,351.5,351.6199951171875,3312,0.0,0.0
2024-05-30 12:10:00-04:00,351.614990234375,351.614990234375,351.260009765625,351.260009765625,3238,0.0,0.0
2024-05-30 12:11:00-04:00,351.3299865722656,351.5,351.2799987792969,351.3399963378906,3162,0.0,0.0
2024-05-30 12:12:00-04:00,351.1700134277344,351.25,351.1700134277344,351.25,778,0.0,0.0
2024-05-30 12:13:00-04:00,351.385009765625,351.385009765625,351.385009765625,351.385009765625,671,0.0,0.0
2024-05-30 12:14:00-04:00,351.3800048828125,351.42999267578125,351.30999755859375,351.30999755859375,1473,0.0,0.0
2024-05-30 12:15:00-04:00,351.3800048828125,351.3800048828125,351.3800048828125,351.3800048828125,112,0.0,0.0
2024-05-30 12:16:00-04:00,351.25,351.2950134277344,351.07000732421875,351.135009765625,2892,0.0,0.0
2024-05-30 12:17:00-04:00,351.135009765625,351.135009765625,350.70001220703125,350.70001220703125,3556,0.0,0.0
2024-05-30 12:18:00-04:00,350.81500244140625,350.9700012207031,350.81500244140625,350.81500244140625,1489,0.0,0.0
2024-05-30 12:19:00-04:00,350.80499267578125,351.2699890136719,350.80499267578125,351.2449951171875,4129,0.0,0.0
2024-05-30 12:20:00-04:00,351.5,351.6099853515625,351.5,351.6099853515625,777,0.0,0.0
2024-05-30 12:21:00-04:00,351.5849914550781,351.5849914550781,351.3599853515625,351.5849914550781,1212,0.0,0.0
2024-05-30 12:22:00-04:00,351.57000732421875,351.57000732421875,351.57000732421875,351.57000732421875,423,0.0,0.0
2024-05-30 12:23:00-04:00,351.4100036621094,351.4949951171875,351.3599853515625,351.4949951171875,1237,0.0,0.0
2024-05-30 12:24:00-04:00,351.4949951171875,351.5050048828125,351.239990234375,351.3399963378906,7842,0.0,0.0
2024-05-30 12:25:00-04:00,351.3399963378906,351.3399963378906,351.3399963378906,351.3399963378906,525,0.0,0.0
2024-05-30 12:26:00-04:00,351.3349914550781,351.5,351.0799865722656,351.0799865722656,2273,0.0,0.0
2024-05-30 12:27:00-04:00,351.2699890136719,351.2699890136719,351.2699890136719,351.2699890136719,250,0.0,0.0
2024-05-30 12:28:00-04:00,351.2699890136719,351.2799987792969,351.0799865722656,351.2349853515625,2429,0.0,0.0
2024-05-30 12:29:00-04:00,351.1499938964844,351.2466125488281,351.0799865722656,351.2300109863281,2062,0.0,0.0
2024-05-30 12:30:00-04:00,351.3598937988281,351.3598937988281,351.1000061035156,351.2250061035156,1718,0.0,0.0
2024-05-30 12:31:00-04:00,351.1700134277344,351.1700134277344,350.864990234375,350.875,3918,0.0,0.0
2024-05-30 12:32:00-04:00,350.8550109863281,350.8550109863281,350.8550109863281,350.8550109863281,351,0.0,0.0
2024-05-30 12:33:00-04:00,350.8450012207031,350.9200134277344,350.7699890136719,350.7699890136719,679,0.0,0.0
2024-05-30 12:34:00-04:00,350.8999938964844,351.20001220703125,350.8900146484375,351.1700134277344,2643,0.0,0.0
2024-05-30 12:35:00-04:00,351.20001220703125,351.3299865722656,351.20001220703125,351.3299865722656,943,0.0,0.0
2024-05-30 12:36:00-04:00,351.25,351.3800048828125,351.25,351.3800048828125,810,0.0,0.0
2024-05-30 12:37:00-04:00,351.2401123046875,351.510009765625,351.2401123046875,351.42999267578125,986,0.0,0.0
2024-05-30 12:39:00-04:00,351.4100036621094,351.5150146484375,351.4100036621094,351.4599914550781,553,0.0,0.0
2024-05-30 12:40:00-04:00,351.5199890136719,351.7099914550781,351.5199890136719,351.57501220703125,3033,0.0,0.0
2024-05-30 12:41:00-04:00,351.5249938964844,351.5249938964844,351.5,351.5,505,0.0,0.0
2024-05-30 12:42:00-04:00,351.3599853515625,351.6300048828125,351.3500061035156,351.5199890136719,4199,0.0,0.0
2024-05-30 12:43:00-04:00,351.5150146484375,351.6600036621094,351.5150146484375,351.54998779296875,1719,0.0,0.0
2024-05-30 12:44:00-04:00,351.42999267578125,351.7200012207031,351.42999267578125,351.4800109863281,4246,0.0,0.0
2024-05-30 12:45:00-04:00,351.4800109863281,351.4800109863281,351.4800109863281,351.4800109863281,734,0.0,0.0
2024-05-30 12:46:00-04:00,351.3699951171875,351.3699951171875,351.0,351.0400085449219,1919,0.0,0.0
2024-05-30 12:48:00-04:00,351.0299987792969,351.0299987792969,350.7900085449219,350.7900085449219,823,0.0,0.0
2024-05-30 12:49:00-04:00,350.7200012207031,350.760009765625,350.7200012207031,350.7550048828125,1083,0.0,0.0
2024-05-30 12:50:00-04:00,350.7550048828125,350.9100036621094,350.7550048828125,350.8399963378906,1205,0.0,0.0
2024-05-30 12:51:00-04:00,350.7099914550781,350.9700012207031,350.7099914550781,350.8900146484375,3972,0.0,0.0
2024-05-30 12:52:00-04:00,351.0799865722656,351.0799865722656,350.7300109863281,350.79998779296875,3126,0.0,0.0
2024-05-30 12:53:00-04:00,350.79998779296875,350.79998779296875,350.6199951171875,350.7843933105469,661,0.0,0.0
2024-05-30 12:54:00-04:00,350.8800048828125,350.95001220703125,350.80499267578125,350.80499267578125,869,0.0,0.0
2024-05-30 12:55:00-04:00,350.7950134277344,350.7950134277344,350.7900085449219,350.7900085449219,823,0.0,0.0
2024-05-30 12:56:00-04:00,350.7900085449219,351.32000732421875,350.7900085449219,351.2049865722656,4270,0.0,0.0
2024-05-30 12:58:00-04:00,351.18499755859375,351.2200012207031,351.18499755859375,351.2200012207031,1197,0.0,0.0
2024-05-30 12:59:00-04:00,351.2200012207031,351.2200012207031,351.010009765625,351.010009765625,1316,0.0,0.0
2024-05-30 13:00:00-04:00,351.010009765625,351.1400146484375,351.010009765625,351.1400146484375,776,0.0,0.0
2024-05-30 13:01:00-04:00,351.07000732421875,351.135009765625,350.989990234375,351.010009765625,948,0.0,0.0
2024-05-30 13:02:00-04:00,351.1700134277344,351.1700134277344,351.1700134277344,351.1700134277344,295,0.0,0.0
2024-05-30 13:04:00-04:00,351.010009765625,351.1600036621094,351.010009765625,351.1600036621094,584,0.0,0.0
2024-05-30 13:05:00-04:00,351.1549987792969,351.3500061035156,351.010009765625,351.20001220703125,3386,0.0,0.0
2024-05-30 13:06:00-04:00,351.20001220703125,351.3500061035156,351.1300048828125,351.2550048828125,2382,0.0,0.0
2024-05-30 13:07:00-04:00,351.3500061035156,351.3500061035156,351.1600036621094,351.2300109863281,2161,0.0,0.0
2024-05-30 13:08:00-04:00,351.4100036621094,351.4549865722656,351.3299865722656,351.4549865722656,2389,0.0,0.0
2024-05-30 13:09:00-04:00,351.54998779296875,351.54998779296875,351.5,351.5,1298,0.0,0.0
2024-05-30 13:11:00-04:00,351.69000244140625,351.7250061035156,351.69000244140625,351.7250061035156,1439,0.0,0.0
2024-05-30 13:12:00-04:00,351.82000732421875,351.8500061035156,351.75,351.79998779296875,1620,0.0,0.0
2024-05-30 13:13:00-04:00,351.7300109863281,351.79998779296875,351.7200012207031,351.7200012207031,1594,0.0,0.0
2024-05-30 13:14:00-04:00,351.739990234375,351.739990234375,351.5799865722656,351.6400146484375,2983,0.0,0.0
2024-05-30 13:15:00-04:00,351.6650085449219,352.1050109863281,351.6650085449219,352.0299987792969,3953,0.0,0.0
2024-05-30 13:16:00-04:00,352.0799865722656,352.0799865722656,352.0799865722656,352.0799865722656,481,0.0,0.0
2024-05-30 13:17:00-04:00,351.989990234375,352.2349853515625,351.9800109863281,352.2349853515625,1948,0.0,0.0
2024-05-30 13:18:00-04:00,352.20001220703125,352.2099914550781,351.6700134277344,351.739990234375,3267,0.0,0.0
2024-05-30 13:19:00-04:00,351.7799987792969,351.8299865722656,351.7799987792969,351.8299865722656,407,0.0,0.0
2024-05-30 13:20:00-04:00,351.7799987792969,352.0050048828125,351.7799987792969,352.0050048828125,1909,0.0,0.0
2024-05-30 13:21:00-04:00,352.32000732421875,352.3999938964844,352.32000732421875,352.3999938964844,881,0.0,0.0
2024-05-30 13:22:00-04:00,352.4100036621094,352.4750061035156,352.3800048828125,352.4750061035156,2366,0.0,0.0
2024-05-30 13:23:00-04:00,352.4599914550781,352.4599914550781,352.4599914550781,352.4599914550781,639,0.0,0.0
2024-05-30 13:24:00-04:00,352.4599914550781,352.4599914550781,352.364990234375,352.364990234375,1540,0.0,0.0
2024-05-30 13:25:00-04:00,352.4599914550781,352.4599914550781,352.2749938964844,352.4150085449219,1666,0.0,0.0
2024-05-30 13:26:00-04:00,352.57000732421875,352.5899963378906,352.4200134277344,352.4200134277344,2228,0.0,0.0
2024-05-30 13:27:00-04:00,352.4599914550781,352.4599914550781,352.3299865722656,352.3299865722656,649,0.0,0.0
2024-05-30 13:28:00-04:00,352.4200134277344,352.489990234375,352.30999755859375,352.3299865722656,1616,0.0,0.0
2024-05-30 13:29:00-04:00,352.44000244140625,352.44000244140625,352.260009765625,352.260009765625,1646,0.0,0.0
2024-05-30 13:30:00-04:00,352.260009765625,352.260009765625,352.05999755859375,352.1199951171875,2620,0.0,0.0
2024-05-30 13:31:00-04:00,352.1600036621094,352.1600036621094,351.8800048828125,352.114990234375,949,0.0,0.0
2024-05-30 13:32:00-04:00,352.114990234375,352.114990234375,351.80999755859375,351.80999755859375,3881,0.0,0.0
2024-05-30 13:33:00-04:00,352.05999755859375,352.1499938964844,352.0,352.0400085449219,3664,0.0,0.0
2024-05-30 13:34:00-04:00,351.8699951171875,351.8699951171875,351.69000244140625,351.8550109863281,1696,0.0,0.0
2024-05-30 13:35:00-04:00,351.6900939941406,351.8599853515625,351.69000244140625,351.8550109863281,1710,0.0,0.0
2024-05-30 13:36:00-04:00,351.82501220703125,351.82501220703125,351.82501220703125,351.82501220703125,471,0.0,0.0
2024-05-30 13:37:00-04:00,351.92498779296875,351.92498779296875,351.92498779296875,351.92498779296875,298,0.0,0.0
2024-05-30 13:38:00-04:00,351.92498779296875,352.04998779296875,351.69000244140625,351.69000244140625,3114,0.0,0.0
2024-05-30 13:39:00-04:00,351.7950134277344,351.7950134277344,351.69000244140625,351.69000244140625,451,0.0,0.0
2024-05-30 13:40:00-04:00,351.64959716796875,351.64959716796875,351.375,351.375,2531,0.0,0.0
2024-05-30 13:41:00-04:00,351.3399963378906,351.43499755859375,351.2300109863281,351.2300109863281,1762,0.0,0.0
2024-05-30 13:42:00-04:00,351.19000244140625,351.3399963378906,351.1300048828125,351.2200012207031,1857,0.0,0.0
2024-05-30 13:43:00-04:00,351.0799865722656,351.17999267578125,351.0799865722656,351.1400146484375,536,0.0,0.0
2024-05-30 13:44:00-04:00,351.1650085449219,351.489990234375,351.1650085449219,351.489990234375,2937,0.0,0.0
2024-05-30 13:46:00-04:00,351.3299865722656,351.5,351.3299865722656,351.375,1099,0.0,0.0
2024-05-30 13:47:00-04:00,351.55999755859375,351.55999755859375,351.5,351.5,2721,0.0,0.0
2024-05-30 13:48:00-04:00,351.45001220703125,351.45001220703125,351.45001220703125,351.45001220703125,239,0.0,0.0
2024-05-30 13:49:00-04:00,351.6099853515625,351.6099853515625,351.45001220703125,351.45001220703125,441,0.0,0.0
2024-05-30 13:50:00-04:00,351.2900085449219,351.30999755859375,351.1199951171875,351.2699890136719,1494,0.0,0.0
2024-05-30 13:51:00-04:00,351.1199951171875,351.1549987792969,351.1199951171875,351.1549987792969,1084,0.0,0.0
2024-05-30 13:52:00-04:00,351.04998779296875,351.07818603515625,351.04998779296875,351.07818603515625,854,0.0,0.0
2024-05-30 13:53:00-04:00,350.9100036621094,350.9100036621094,350.9100036621094,350.9100036621094,144,0.0,0.0
2024-05-30 13:54:00-04:00,351.0450134277344,351.17999267578125,351.0450134277344,351.05499267578125,2239,0.0,0.0
2024-05-30 13:55:00-04:00,351.0950012207031,351.0950012207031,350.8800048828125,350.92999267578125,1771,0.0,0.0
2024-05-30 13:56:00-04:00,350.760009765625,350.989990234375,350.760009765625,350.885009765625,1694,0.0,0.0
2024-05-30 13:57:00-04:00,350.885009765625,350.885009765625,350.7799987792969,350.7799987792969,451,0.0,0.0
2024-05-30 13:58:00-04:00,350.885009765625,350.885009765625,350.8800048828125,350.8800048828125,1225,0.0,0.0
2024-05-30 13:59:00-04:00,350.8599853515625,350.885009765625,350.739990234375,350.739990234375,1541,0.0,0.0
2024-05-30 14:00:00-04:00,350.739990234375,350.82000732421875,350.6600036621094,350.6600036621094,1263,0.0,0.0
2024-05-30 14:01:00-04:00,350.760009765625,350.8999938964844,350.760009765625,350.8399963378906,1729,0.0,0.0
2024-05-30 14:02:00-04:00,350.8349914550781,350.8349914550781,350.8349914550781,350.8349914550781,888,0.0,0.0
2024-05-30 14:03:00-04:00,350.6600036621094,350.67999267578125,350.6099853515625,350.6099853515625,708,0.0,0.0
2024-05-30 14:04:00-04:00,350.6199951171875,350.7300109863281,350.6199951171875,350.7300109863281,769,0.0,0.0
2024-05-30 14:05:00-04:00,350.7300109863281,350.7300109863281,350.6199951171875,350.7300109863281,541,0.0,0.0
2024-05-30 14:06:00-04:00,350.6099853515625,350.75,350.6099853515625,350.75,1776,0.0,0.0
2024-05-30 14:07:00-04:00,350.7349853515625,350.8399963378906,350.7349853515625,350.75,1921,0.0,0.0
2024-05-30 14:08:00-04:00,350.75,350.75,350.6099853515625,350.6499938964844,2846,0.0,0.0
2024-05-30 14:09:00-04:00,350.69500732421875,350.69500732421875,350.69500732421875,350.69500732421875,524,0.0,0.0
2024-05-30 14:10:00-04:00,350.69500732421875,350.69500732421875,350.69500732421875,350.69500732421875,327,0.0,0.0
2024-05-30 14:11:00-04:00,350.69000244140625,350.69500732421875,350.55999755859375,350.69500732421875,1638,0.0,0.0
2024-05-30 14:13:00-04:00,350.55999755859375,350.6549987792969,350.5199890136719,350.54998779296875,1889,0.0,0.0
2024-05-30 14:14:00-04:00,350.54998779296875,350.6000061035156,350.3299865722656,350.3299865722656,1184,0.0,0.0
2024-05-30 14:15:00-04:00,350.3299865722656,350.3949890136719,350.239990234375,350.364990234375,1515,0.0,0.0
2024-05-30 14:16:00-04:00,350.364990234375,350.364990234375,350.1700134277344,350.1700134277344,5352,0.0,0.0
2024-05-30 14:17:00-04:00,350.04998779296875,350.25,350.0299987792969,350.1700134277344,4535,0.0,0.0
2024-05-30 14:18:00-04:00,350.30999755859375,350.3450012207031,350.30999755859375,350.3450012207031,1303,0.0,0.0
2024-05-30 14:19:00-04:00,350.3349914550781,350.3349914550781,350.3349914550781,350.3349914550781,569,0.0,0.0
2024-05-30 14:20:00-04:00,350.20001220703125,350.20001220703125,350.0199890136719,350.0199890136719,2035,0.0,0.0
2024-05-30 14:21:00-04:00,350.0899963378906,350.135009765625,350.0899963378906,350.135009765625,336,0.0,0.0
2024-05-30 14:22:00-04:00,350.0199890136719,350.2300109863281,350.0199890136719,350.1300048828125,1008,0.0,0.0
2024-05-30 14:23:00-04:00,350.19000244140625,350.19000244140625,350.19000244140625,350.19000244140625,192,0.0,0.0
2024-05-30 14:24:00-04:00,350.05999755859375,350.2799987792969,350.05999755859375,350.19000244140625,1962,0.0,0.0
2024-05-30 14:25:00-04:00,350.05999755859375,350.17498779296875,349.95001220703125,349.95001220703125,2078,0.0,0.0
2024-05-30 14:26:00-04:00,350.05999755859375,350.45001220703125,349.95001220703125,350.3800048828125,4414,0.0,0.0
2024-05-30 14:27:00-04:00,350.27801513671875,350.4100036621094,350.27801513671875,350.4100036621094,1430,0.0,0.0
2024-05-30 14:28:00-04:00,350.4100036621094,350.56500244140625,350.4100036621094,350.56500244140625,1477,0.0,0.0
2024-05-30 14:29:00-04:00,350.3900146484375,350.5450134277344,350.3800048828125,350.5450134277344,793,0.0,0.0
2024-05-30 14:30:00-04:00,350.5450134277344,350.5450134277344,350.5450134277344,350.5450134277344,271,0.0,0.0
2024-05-30 14:31:00-04:00,350.3800048828125,350.3800048828125,350.2300109863281,350.2300109863281,1520,0.0,0.0
2024-05-30 14:32:00-04:00,350.0899963378906,350.0899963378906,350.0899963378906,350.0899963378906,475,0.0,0.0
2024-05-30 14:33:00-04:00,350.1000061035156,350.125,350.1000061035156,350.125,683,0.0,0.0
2024-05-30 14:34:00-04:00,350.1000061035156,350.2799987792969,350.0299987792969,350.1650085449219,1097,0.0,0.0
2024-05-30 14:35:00-04:00,350.1650085449219,350.1650085449219,349.94000244140625,349.94000244140625,1475,0.0,0.0
2024-05-30 14:36:00-04:00,349.8349914550781,349.8349914550781,349.6199951171875,349.6199951171875,781,0.0,0.0
2024-05-30 14:37:00-04:00,349.6199951171875,349.6199951171875,349.6199951171875,349.6199951171875,325,0.0,0.0
2024-05-30 14:38:00-04:00,349.6600036621094,349.67498779296875,349.6600036621094,349.67498779296875,922,0.0,0.0
2024-05-30 14:39:00-04:00,349.67498779296875,349.67498779296875,349.67498779296875,349.67498779296875,213,0.0,0.0
2024-05-30 14:40:00-04:00,349.6600036621094,349.6600036621094,349.4700012207031,349.5050048828125,1599,0.0,0.0
2024-05-30 14:41:00-04:00,349.4649963378906,349.4649963378906,349.4649963378906,349.4649963378906,375,0.0,0.0
2024-05-30 14:42:00-04:00,349.5199890136719,349.5199890136719,349.3800048828125,349.3800048828125,1356,0.0,0.0
2024-05-30 14:43:00-04:00,349.44500732421875,349.4949951171875,349.44500732421875,349.4949951171875,2200,0.0,0.0
2024-05-30 14:44:00-04:00,349.4949951171875,349.5350036621094,349.4599914550781,349.5350036621094,1202,0.0,0.0
2024-05-30 14:45:00-04:00,349.6199951171875,349.67999267578125,349.6199951171875,349.6700134277344,1547,0.0,0.0
2024-05-30 14:46:00-04:00,349.6300048828125,349.6300048828125,349.6199951171875,349.6199951171875,586,0.0,0.0
2024-05-30 14:47:00-04:00,349.69000244140625,349.7900085449219,349.69000244140625,349.7300109863281,705,0.0,0.0
2024-05-30 14:48:00-04:00,349.7300109863281,350.0400085449219,349.7300109863281,350.0050048828125,1598,0.0,0.0
2024-05-30 14:49:00-04:00,349.9949951171875,350.0498962402344,349.9949951171875,350.0498962402344,780,0.0,0.0
2024-05-30 14:50:00-04:00,350.04998779296875,350.04998779296875,350.0,350.0,1594,0.0,0.0
2024-05-30 14:51:00-04:00,350.1199951171875,350.1499938964844,350.114990234375,350.1449890136719,1752,0.0,0.0
2024-05-30 14:52:00-04:00,350.04998779296875,350.17999267578125,350.0400085449219,350.06500244140625,3894,0.0,0.0
2024-05-30 14:54:00-04:00,350.1400146484375,350.1600036621094,350.1300048828125,350.1600036621094,817,0.0,0.0
2024-05-30 14:55:00-04:00,350.1600036621094,350.1600036621094,349.9100036621094,350.05499267578125,1541,0.0,0.0
2024-05-30 14:56:00-04:00,349.93798828125,349.93798828125,349.93798828125,349.93798828125,165,0.0,0.0
2024-05-30 14:57:00-04:00,350.0299987792969,350.0299987792969,349.9599914550781,350.0299987792969,1493,0.0,0.0
2024-05-30 14:58:00-04:00,349.9100036621094,349.94000244140625,349.7099914550781,349.7099914550781,2189,0.0,0.0
2024-05-30 14:59:00-04:00,349.7799987792969,349.8299865722656,349.6650085449219,349.7349853515625,1734,0.0,0.0
2024-05-30 15:00:00-04:00,349.69000244140625,349.7250061035156,349.69000244140625,349.7250061035156,567,0.0,0.0
2024-05-30 15:01:00-04:00,349.7650146484375,349.7749938964844,349.7650146484375,349.7749938964844,463,0.0,0.0
2024-05-30 15:02:00-04:00,349.9200134277344,349.9898986816406,349.80499267578125,349.9898986816406,1494,0.0,0.0
2024-05-30 15:03:00-04:00,349.79998779296875,349.8699951171875,349.79998779296875,349.8699951171875,537,0.0,0.0
2024-05-30 15:04:00-04:00,349.8800048828125,349.8800048828125,349.75,349.75,1099,0.0,0.0
2024-05-30 15:05:00-04:00,349.80999755859375,349.82501220703125,349.80499267578125,349.82501220703125,668,0.0,0.0
2024-05-30 15:06:00-04:00,349.8550109863281,349.8550109863281,349.8450012207031,349.8450012207031,467,0.0,0.0
2024-05-30 15:07:00-04:00,349.8450012207031,349.9700012207031,349.8450012207031,349.8800048828125,2490,0.0,0.0
2024-05-30 15:08:00-04:00,349.8599853515625,349.8599853515625,349.6199951171875,349.7149963378906,2166,0.0,0.0
2024-05-30 15:09:00-04:00,349.6600036621094,349.6600036621094,349.44000244140625,349.44000244140625,2143,0.0,0.0
2024-05-30 15:10:00-04:00,349.4150085449219,349.5199890136719,349.4100036621094,349.5199890136719,456,0.0,0.0
2024-05-30 15:11:00-04:00,349.42999267578125,349.5400085449219,349.4100036621094,349.5400085449219,1695,0.0,0.0
2024-05-30 15:12:00-04:00,349.5150146484375,349.6199951171875,349.5150146484375,349.6199951171875,728,0.0,0.0
2024-05-30 15:13:00-04:00,349.5249938964844,349.7099914550781,349.5249938964844,349.6499938964844,2999,0.0,0.0
2024-05-30 15:14:00-04:00,349.8699951171875,350.0,349.8699951171875,350.0,1036,0.0,0.0
2024-05-30 15:15:00-04:00,349.82501220703125,349.8699951171875,349.82501220703125,349.8699951171875,507,0.0,0.0
2024-05-30 15:16:00-04:00,349.989990234375,350.010009765625,349.95001220703125,350.010009765625,1423,0.0,0.0
2024-05-30 15:17:00-04:00,350.0400085449219,350.0400085449219,349.95721435546875,349.9960021972656,753,0.0,0.0
2024-05-30 15:18:00-04:00,350.1499938964844,350.2250061035156,350.0849914550781,350.0849914550781,1785,0.0,0.0
2024-05-30 15:19:00-04:00,350.0849914550781,350.0899963378906,349.8599853515625,349.9100036621094,7655,0.0,0.0
2024-05-30 15:20:00-04:00,349.9150085449219,349.9150085449219,349.885009765625,349.885009765625,433,0.0,0.0
2024-05-30 15:21:00-04:00,349.7699890136719,349.9700012207031,349.760009765625,349.9700012207031,3385,0.0,0.0
2024-05-30 15:22:00-04:00,349.8500061035156,349.9700012207031,349.4700012207031,349.4700012207031,6340,0.0,0.0
2024-05-30 15:23:00-04:00,349.6600036621094,349.8500061035156,349.6600036621094,349.8500061035156,2441,0.0,0.0
2024-05-30 15:24:00-04:00,349.94000244140625,349.94000244140625,349.7101135253906,349.8500061035156,1043,0.0,0.0
2024-05-30 15:25:00-04:00,349.8500061035156,349.8500061035156,349.8500061035156,349.8500061035156,348,0.0,0.0
2024-05-30 15:26:00-04:00,349.9700012207031,350.2200012207031,349.9700012207031,350.2200012207031,2206,0.0,0.0
2024-05-30 15:27:00-04:00,350.0799865722656,350.18499755859375,350.0400085449219,350.18499755859375,1377,0.0,0.0
2024-05-30 15:28:00-04:00,350.010009765625,350.139404296875,349.92999267578125,350.07989501953125,5227,0.0,0.0
2024-05-30 15:29:00-04:00,350.0350036621094,350.1400146484375,349.92999267578125,349.989990234375,1558,0.0,0.0
2024-05-30 15:30:00-04:00,350.0249938964844,350.0299987792969,349.8800048828125,350.0249938964844,1311,0.0,0.0
2024-05-30 15:31:00-04:00,349.8500061035156,350.0,349.82000732421875,349.82000732421875,2998,0.0,0.0
2024-05-30 15:32:00-04:00,349.875,349.875,349.7300109863281,349.7850036621094,1716,0.0,0.0
2024-05-30 15:33:00-04:00,349.7850036621094,349.8429870605469,349.6700134277344,349.7200012207031,3261,0.0,0.0
2024-05-30 15:34:00-04:00,349.7200012207031,349.79998779296875,349.55999755859375,349.68499755859375,8304,0.0,0.0
2024-05-30 15:35:00-04:00,349.79998779296875,349.8900146484375,349.760009765625,349.760009765625,2959,0.0,0.0
2024-05-30 15:36:00-04:00,349.6499938964844,349.7200012207031,349.5299987792969,349.5299987792969,2521,0.0,0.0
2024-05-30 15:37:00-04:00,349.489990234375,349.5050048828125,349.3599853515625,349.3599853515625,2420,0.0,0.0
2024-05-30 15:38:00-04:00,349.3599853515625,349.3599853515625,349.1199951171875,349.239990234375,2044,0.0,0.0
2024-05-30 15:39:00-04:00,348.9700012207031,348.9700012207031,348.6099853515625,348.7250061035156,3811,0.0,0.0
2024-05-30 15:40:00-04:00,348.68499755859375,348.70001220703125,348.4200134277344,348.4200134277344,1699,0.0,0.0
2024-05-30 15:41:00-04:00,348.489990234375,348.5199890136719,348.2799987792969,348.375,5726,0.0,0.0
2024-05-30 15:42:00-04:00,348.2699890136719,348.45001220703125,348.20001220703125,348.30499267578125,3226,0.0,0.0
2024-05-30 15:43:00-04:00,348.30499267578125,348.30499267578125,348.1600036621094,348.1600036621094,928,0.0,0.0
2024-05-30 15:44:00-04:00,348.0,348.510009765625,348.0,348.4649963378906,6305,0.0,0.0
2024-05-30 15:45:00-04:00,348.5,348.5,348.3241882324219,348.4949951171875,1429,0.0,0.0
2024-05-30 15:46:00-04:00,348.489990234375,348.489990234375,348.1099853515625,348.4100036621094,3929,0.0,0.0
2024-05-30 15:47:00-04:00,348.30499267578125,348.5199890136719,348.20001220703125,348.4100036621094,4882,0.0,0.0
2024-05-30 15:48:00-04:00,348.3699951171875,348.3699951171875,348.2099914550781,348.29998779296875,3828,0.0,0.0
2024-05-30 15:49:00-04:00,348.19500732421875,348.3500061035156,347.8399963378906,347.875,8784,0.0,0.0
2024-05-30 15:50:00-04:00,347.8900146484375,347.9200134277344,347.760009765625,347.760009765625,4283,0.0,0.0
2024-05-30 15:51:00-04:00,347.54998779296875,347.6700134277344,347.29998779296875,347.30499267578125,9042,0.0,0.0
2024-05-30 15:52:00-04:00,347.239990234375,347.4049987792969,347.2049865722656,347.2799987792969,9560,0.0,0.0
2024-05-30 15:53:00-04:00,347.3299865722656,347.6199951171875,347.3299865722656,347.45001220703125,7559,0.0,0.0
2024-05-30 15:54:00-04:00,347.5199890136719,347.614990234375,347.1600036621094,347.3949890136719,14397,0.0,0.0
2024-05-30 15:55:00-04:00,347.44000244140625,347.5299987792969,347.0299987792969,347.30999755859375,17630,0.0,0.0
2024-05-30 15:56:00-04:00,347.375,347.739990234375,347.375,347.4800109863281,14741,0.0,0.0
2024-05-30 15:57:00-04:00,347.4750061035156,347.7900085449219,347.4200134277344,347.5299987792969,41752,0.0,0.0
2024-05-30 15:58:00-04:00,347.5299987792969,347.7300109863281,347.2200012207031,347.3800048828125,27004,0.0,0.0
2024-05-30 15:59:00-04:00,347.4100036621094,347.69000244140625,347.29998779296875,347.3699951171875,47820,0.0,0.0
2024-05-31 09:30:00-04:00,350.1499938964844,350.5400085449219,348.9649963378906,350.5400085449219,9744,0.0,0.0
2024-05-31 09:31:00-04:00,350.8699951171875,351.2799987792969,349.8699951171875,350.7799987792969,3102,0.0,0.0
2024-05-31 09:32:00-04:00,350.2799987792969,350.2799987792969,350.2799987792969,350.2799987792969,212,0.0,0.0
2024-05-31 09:33:00-04:00,350.2799987792969,351.0,350.2799987792969,351.0,2778,0.0,0.0
2024-05-31 09:34:00-04:00,352.3299865722656,352.3299865722656,352.32000732421875,352.3299865722656,492,0.0,0.0
2024-05-31 09:35:00-04:00,352.3299865722656,352.8900146484375,351.7550048828125,351.7799987792969,1135,0.0,0.0
2024-05-31 09:36:00-04:00,352.7200012207031,352.7200012207031,351.7850036621094,351.7850036621094,1300,0.0,0.0
2024-05-31 09:37:00-04:00,351.7300109863281,352.30999755859375,351.20001220703125,351.20001220703125,4971,0.0,0.0
2024-05-31 09:38:00-04:00,351.8800048828125,351.8800048828125,351.80999755859375,351.80999755859375,979,0.0,0.0
2024-05-31 09:39:00-04:00,351.7998962402344,352.2900085449219,351.54998779296875,351.54998779296875,2586,0.0,0.0
2024-05-31 09:40:00-04:00,352.0150146484375,352.0150146484375,351.5350036621094,351.92498779296875,850,0.0,0.0
2024-05-31 09:41:00-04:00,351.93499755859375,352.30999755859375,351.4200134277344,351.8800048828125,6572,0.0,0.0
2024-05-31 09:42:00-04:00,352.30999755859375,353.1300048828125,352.30999755859375,352.54998779296875,5331,0.0,0.0
2024-05-31 09:43:00-04:00,352.94000244140625,353.5199890136719,352.9049987792969,353.45001220703125,5738,0.0,0.0
2024-05-31 09:44:00-04:00,353.45001220703125,353.4949951171875,353.17999267578125,353.4700012207031,2208,0.0,0.0
2024-05-31 09:45:00-04:00,353.4700012207031,353.80999755859375,353.20001220703125,353.625,4420,0.0,0.0
2024-05-31 09:46:00-04:00,353.45001220703125,353.45001220703125,352.44000244140625,352.44000244140625,3662,0.0,0.0
2024-05-31 09:47:00-04:00,352.385009765625,352.385009765625,351.8599853515625,351.8599853515625,1004,0.0,0.0
2024-05-31 09:48:00-04:00,351.8599853515625,352.04998779296875,351.5199890136719,352.0350036621094,1349,0.0,0.0
2024-05-31 09:49:00-04:00,352.0350036621094,352.0350036621094,351.5199890136719,351.5199890136719,1644,0.0,0.0
2024-05-31 09:50:00-04:00,351.2349853515625,351.2349853515625,350.6600036621094,351.20001220703125,1477,0.0,0.0
2024-05-31 09:51:00-04:00,350.79998779296875,351.1000061035156,350.79998779296875,351.1000061035156,846,0.0,0.0
2024-05-31 09:52:00-04:00,351.3800048828125,351.3900146484375,351.0450134277344,351.239990234375,1608,0.0,0.0
2024-05-31 09:53:00-04:00,351.25,351.25,350.75,350.8500061035156,1901,0.0,0.0
2024-05-31 09:54:00-04:00,350.8900146484375,350.8900146484375,350.6300048828125,350.864990234375,1592,0.0,0.0
2024-05-31 09:55:00-04:00,350.93499755859375,351.2300109863281,350.93499755859375,351.1050109863281,1533,0.0,0.0
2024-05-31 09:56:00-04:00,351.1099853515625,351.3299865722656,350.8699951171875,351.010009765625,1057,0.0,0.0
2024-05-31 09:57:00-04:00,350.760009765625,351.19000244140625,350.760009765625,350.9200134277344,3068,0.0,0.0
2024-05-31 09:58:00-04:00,350.9200134277344,351.32000732421875,350.9200134277344,351.260009765625,1314,0.0,0.0
2024-05-31 09:59:00-04:00,351.4599914550781,351.739990234375,351.1400146484375,351.43499755859375,2968,0.0,0.0
2024-05-31 10:00:00-04:00,351.6099853515625,352.2200012207031,351.6099853515625,352.2200012207031,1220,0.0,0.0
2024-05-31 10:02:00-04:00,351.8599853515625,352.2799987792969,351.8599853515625,352.0249938964844,3321,0.0,0.0
2024-05-31 10:03:00-04:00,351.814697265625,351.9100036621094,351.7300109863281,351.7349853515625,3381,0.0,0.0
2024-05-31 10:04:00-04:00,351.7349853515625,351.8800048828125,351.7250061035156,351.8800048828125,1125,0.0,0.0
2024-05-31 10:05:00-04:00,351.8800048828125,352.2799987792969,351.8800048828125,352.06500244140625,2299,0.0,0.0
2024-05-31 10:06:00-04:00,352.0,352.0849914550781,352.0,352.0849914550781,870,0.0,0.0
2024-05-31 10:07:00-04:00,351.8599853515625,351.8599853515625,351.5400085449219,351.5400085449219,1390,0.0,0.0
2024-05-31 10:08:00-04:00,351.6650085449219,351.6650085449219,350.7799987792969,350.7799987792969,2091,0.0,0.0
2024-05-31 10:09:00-04:00,351.3599853515625,351.510009765625,351.2250061035156,351.2250061035156,2469,0.0,0.0
2024-05-31 10:10:00-04:00,351.2250061035156,351.2250061035156,350.7200012207031,350.92999267578125,2107,0.0,0.0
2024-05-31 10:11:00-04:00,350.57000732421875,350.6549987792969,350.43499755859375,350.43499755859375,645,0.0,0.0
2024-05-31 10:12:00-04:00,350.6499938964844,350.79998779296875,350.6499938964844,350.79998779296875,452,0.0,0.0
2024-05-31 10:13:00-04:00,350.4200134277344,350.42999267578125,350.2200012207031,350.3949890136719,1366,0.0,0.0
2024-05-31 10:14:00-04:00,350.05999755859375,350.135009765625,350.0350036621094,350.0350036621094,624,0.0,0.0
2024-05-31 10:15:00-04:00,350.1199951171875,350.42999267578125,350.1199951171875,350.42999267578125,1812,0.0,0.0
2024-05-31 10:16:00-04:00,350.4800109863281,350.4800109863281,350.4049987792969,350.4049987792969,1095,0.0,0.0
2024-05-31 10:17:00-04:00,350.6700134277344,350.8699951171875,350.57000732421875,350.8699951171875,3975,0.0,0.0
2024-05-31 10:18:00-04:00,350.7749938964844,350.7749938964844,350.5899963378906,350.5899963378906,995,0.0,0.0
2024-05-31 10:19:00-04:00,350.635009765625,350.635009765625,350.635009765625,350.635009765625,722,0.0,0.0
2024-05-31 10:20:00-04:00,350.6000061035156,350.6000061035156,350.6000061035156,350.6000061035156,440,0.0,0.0
2024-05-31 10:21:00-04:00,350.8349914550781,350.92999267578125,350.7049865722656,350.7049865722656,1748,0.0,0.0
2024-05-31 10:22:00-04:00,351.1400146484375,351.635009765625,351.1400146484375,351.6300048828125,2163,0.0,0.0
2024-05-31 10:23:00-04:00,351.5,351.82000732421875,351.2349853515625,351.2349853515625,2595,0.0,0.0
2024-05-31 10:24:00-04:00,351.239990234375,351.3399963378906,350.70001220703125,350.70001220703125,2786,0.0,0.0
2024-05-31 10:25:00-04:00,351.1600036621094,351.3900146484375,351.010009765625,351.1413879394531,1812,0.0,0.0
2024-05-31 10:26:00-04:00,351.6000061035156,351.739990234375,351.5299987792969,351.5299987792969,1255,0.0,0.0
2024-05-31 10:27:00-04:00,351.5249938964844,351.5249938964844,351.5150146484375,351.5150146484375,652,0.0,0.0
2024-05-31 10:28:00-04:00,351.5400085449219,351.8399963378906,351.4599914550781,351.4599914550781,6657,0.0,0.0
2024-05-31 10:29:00-04:00,351.6650085449219,351.8399963378906,351.3299865722656,351.3299865722656,3073,0.0,0.0
2024-05-31 10:30:00-04:00,351.2799987792969,351.2799987792969,351.2799987792969,351.2799987792969,438,0.0,0.0
2024-05-31 10:31:00-04:00,351.18499755859375,351.6600036621094,351.18499755859375,351.57000732421875,6956,0.0,0.0
2024-05-31 10:32:00-04:00,351.75,352.5,351.635009765625,352.5,3992,0.0,0.0
2024-05-31 10:33:00-04:00,352.6300048828125,352.80999755859375,352.6300048828125,352.80999755859375,484,0.0,0.0
2024-05-31 10:34:00-04:00,351.9949951171875,352.0199890136719,351.82501220703125,351.8301086425781,1436,0.0,0.0
2024-05-31 10:35:00-04:00,351.95001220703125,352.0199890136719,351.95001220703125,352.0199890136719,702,0.0,0.0
2024-05-31 10:36:00-04:00,351.9150085449219,352.0299987792969,351.9150085449219,351.9200134277344,806,0.0,0.0
2024-05-31 10:37:00-04:00,352.07000732421875,352.8599853515625,352.07000732421875,352.8599853515625,3205,0.0,0.0
2024-05-31 10:38:00-04:00,352.9150085449219,353.3800048828125,352.9150085449219,353.3800048828125,638,0.0,0.0
2024-05-31 10:39:00-04:00,353.4100036621094,353.6400146484375,353.3699951171875,353.3699951171875,1225,0.0,0.0
2024-05-31 10:40:00-04:00,353.5799865722656,353.6000061035156,353.19000244140625,353.19000244140625,2893,0.0,0.0
2024-05-31 10:41:00-04:00,353.4649963378906,353.4649963378906,353.4649963378906,353.4649963378906,259,0.0,0.0
2024-05-31 10:42:00-04:00,353.25,353.25,353.1400146484375,353.1600036621094,1374,0.0,0.0
2024-05-31 10:43:00-04:00,353.3900146484375,353.7099914550781,353.3900146484375,353.4649963378906,1211,0.0,0.0
2024-05-31 10:44:00-04:00,353.7300109863281,353.8599853515625,353.7300109863281,353.8599853515625,781,0.0,0.0
2024-05-31 10:45:00-04:00,354.1099853515625,354.1099853515625,354.1099853515625,354.1099853515625,294,0.0,0.0
2024-05-31 10:46:00-04:00,353.7349853515625,354.1300048828125,353.7349853515625,354.1300048828125,825,0.0,0.0
2024-05-31 10:47:00-04:00,353.95001220703125,354.17498779296875,353.95001220703125,354.1400146484375,1056,0.0,0.0
2024-05-31 10:48:00-04:00,354.20001220703125,354.2900085449219,353.8999938964844,353.8999938964844,2620,0.0,0.0
2024-05-31 10:49:00-04:00,353.9800109863281,353.9800109863281,353.5299987792969,353.6199951171875,2219,0.0,0.0
2024-05-31 10:50:00-04:00,353.5299987792969,353.7300109863281,353.510009765625,353.510009765625,2003,0.0,0.0
2024-05-31 10:51:00-04:00,353.29998779296875,353.32000732421875,353.25,353.25,1070,0.0,0.0
2024-05-31 10:52:00-04:00,353.239990234375,353.4049987792969,353.239990234375,353.2699890136719,1014,0.0,0.0
2024-05-31 10:54:00-04:00,353.260009765625,353.5899963378906,353.260009765625,353.44000244140625,3591,0.0,0.0
2024-05-31 10:55:00-04:00,353.0799865722656,353.1300048828125,352.9599914550781,353.1300048828125,1197,0.0,0.0
2024-05-31 10:57:00-04:00,353.0950012207031,353.0950012207031,352.614990234375,352.614990234375,280,0.0,0.0
2024-05-31 10:58:00-04:00,352.7950134277344,353.05999755859375,352.7950134277344,353.05999755859375,1471,0.0,0.0
2024-05-31 10:59:00-04:00,352.8919982910156,353.3900146484375,352.8919982910156,352.9649963378906,3631,0.0,0.0
2024-05-31 11:00:00-04:00,353.2099914550781,353.32000732421875,353.2099914550781,353.32000732421875,583,0.0,0.0
2024-05-31 11:02:00-04:00,353.4100036621094,353.42999267578125,353.2900085449219,353.2900085449219,1218,0.0,0.0
2024-05-31 11:03:00-04:00,353.0199890136719,353.07501220703125,350.989990234375,351.7950134277344,70012,0.0,0.0
2024-05-31 11:04:00-04:00,351.81500244140625,352.2449951171875,351.81500244140625,352.2449951171875,2715,0.0,0.0
2024-05-31 11:05:00-04:00,352.30499267578125,352.6300048828125,352.0801086425781,352.2550048828125,4126,0.0,0.0
2024-05-31 11:06:00-04:00,352.2300109863281,352.2300109863281,352.1549987792969,352.1549987792969,433,0.0,0.0
2024-05-31 11:07:00-04:00,352.1549987792969,352.1549987792969,352.0400085449219,352.05999755859375,1161,0.0,0.0
2024-05-31 11:08:00-04:00,352.0799865722656,352.0799865722656,352.0799865722656,352.0799865722656,202,0.0,0.0
2024-05-31 11:09:00-04:00,352.0950012207031,352.0950012207031,352.0950012207031,352.0950012207031,365,0.0,0.0
2024-05-31 11:10:00-04:00,352.1000061035156,352.1000061035156,351.510009765625,351.6199951171875,5036,0.0,0.0
2024-05-31 11:11:00-04:00,351.3699951171875,351.92999267578125,351.3699951171875,351.69000244140625,2688,0.0,0.0
2024-05-31 11:12:00-04:00,351.7900085449219,351.7900085449219,351.7900085449219,351.7900085449219,575,0.0,0.0
2024-05-31 11:14:00-04:00,351.7900085449219,351.94000244140625,351.69500732421875,351.94000244140625,910,0.0,0.0
2024-05-31 11:15:00-04:00,351.8450012207031,351.8450012207031,351.67999267578125,351.8450012207031,635,0.0,0.0
2024-05-31 11:16:00-04:00,351.82501220703125,351.82501220703125,351.54998779296875,351.54998779296875,1598,0.0,0.0
2024-05-31 11:17:00-04:00,351.0299987792969,351.30999755859375,351.0299987792969,351.30999755859375,410,0.0,0.0
2024-05-31 11:18:00-04:00,351.30999755859375,351.30999755859375,350.70001220703125,350.875,2693,0.0,0.0
2024-05-31 11:19:00-04:00,350.9599914550781,350.989990234375,350.739990234375,350.739990234375,2041,0.0,0.0
2024-05-31 11:20:00-04:00,350.7449951171875,350.7449951171875,350.7449951171875,350.7449951171875,203,0.0,0.0
2024-05-31 11:21:00-04:00,350.75,351.0299987792969,350.57000732421875,350.57000732421875,2929,0.0,0.0
2024-05-31 11:23:00-04:00,350.7300109863281,350.760009765625,350.6650085449219,350.760009765625,607,0.0,0.0
2024-05-31 11:24:00-04:00,350.7900085449219,350.95001220703125,350.7900085449219,350.95001220703125,1436,0.0,0.0
2024-05-31 11:25:00-04:00,350.80499267578125,350.989990234375,350.80499267578125,350.989990234375,552,0.0,0.0
2024-05-31 11:26:00-04:00,351.0,351.0050048828125,351.0,351.0050048828125,727,0.0,0.0
2024-05-31 11:27:00-04:00,350.8399963378906,350.8399963378906,350.6600036621094,350.6600036621094,896,0.0,0.0
2024-05-31 11:28:00-04:00,350.70001220703125,350.70001220703125,350.70001220703125,350.70001220703125,354,0.0,0.0
2024-05-31 11:29:00-04:00,350.4800109863281,350.7799987792969,350.4800109863281,350.7799987792969,1024,0.0,0.0
2024-05-31 11:30:00-04:00,350.69000244140625,350.9200134277344,350.6600036621094,350.6600036621094,1507,0.0,0.0
2024-05-31 11:31:00-04:00,350.81500244140625,350.81500244140625,350.81500244140625,350.81500244140625,308,0.0,0.0
2024-05-31 11:33:00-04:00,350.92999267578125,351.0400085449219,350.6700134277344,350.6700134277344,1544,0.0,0.0
2024-05-31 11:34:00-04:00,350.82000732421875,351.0299987792969,350.82000732421875,350.989990234375,994,0.0,0.0
2024-05-31 11:35:00-04:00,350.94000244140625,351.0199890136719,350.94000244140625,351.0150146484375,963,0.0,0.0
2024-05-31 11:36:00-04:00,351.0150146484375,351.0150146484375,350.6499938964844,350.7250061035156,2853,0.0,0.0
2024-05-31 11:37:00-04:00,350.6400146484375,350.6400146484375,350.625,350.625,284,0.0,0.0
2024-05-31 11:38:00-04:00,350.7099914550781,350.7099914550781,350.625,350.625,392,0.0,0.0
2024-05-31 11:39:00-04:00,350.489990234375,350.489990234375,350.489990234375,350.489990234375,808,0.0,0.0
2024-05-31 11:40:00-04:00,350.7300109863281,350.7300109863281,350.7300109863281,350.7300109863281,184,0.0,0.0
2024-05-31 11:41:00-04:00,350.8299865722656,350.8299865722656,350.2799987792969,350.2799987792969,2804,0.0,0.0
2024-05-31 11:42:00-04:00,350.4100036621094,350.4599914550781,350.3399963378906,350.3399963378906,2163,0.0,0.0
2024-05-31 11:43:00-04:00,350.2449951171875,350.2449951171875,350.2449951171875,350.2449951171875,342,0.0,0.0
2024-05-31 11:44:00-04:00,350.2799987792969,350.2799987792969,350.0199890136719,350.0199890136719,901,0.0,0.0
2024-05-31 11:45:00-04:00,350.1199951171875,350.17999267578125,350.1199951171875,350.17999267578125,365,0.0,0.0
2024-05-31 11:46:00-04:00,349.93719482421875,350.1499938964844,349.93719482421875,350.1499938964844,422,0.0,0.0
2024-05-31 11:47:00-04:00,349.9599914550781,350.0,349.9599914550781,350.0,665,0.0,0.0
2024-05-31 11:48:00-04:00,350.2699890136719,350.2699890136719,350.1300048828125,350.1300048828125,1141,0.0,0.0
2024-05-31 11:49:00-04:00,350.1499938964844,350.1499938964844,350.0950012207031,350.0950012207031,803,0.0,0.0
2024-05-31 11:50:00-04:00,350.2099914550781,350.2900085449219,350.2099914550781,350.2900085449219,448,0.0,0.0
2024-05-31 11:51:00-04:00,350.2449951171875,350.25,350.2449951171875,350.25,709,0.0,0.0
2024-05-31 11:52:00-04:00,350.3599853515625,350.3599853515625,350.1400146484375,350.29998779296875,1416,0.0,0.0
2024-05-31 11:53:00-04:00,350.2900085449219,350.2900085449219,350.1650085449219,350.1650085449219,618,0.0,0.0
2024-05-31 11:54:00-04:00,350.2900085449219,350.2900085449219,350.2900085449219,350.2900085449219,442,0.0,0.0
2024-05-31 11:55:00-04:00,350.239990234375,350.239990234375,349.8999938964844,349.9100036621094,1421,0.0,0.0
2024-05-31 11:56:00-04:00,350.0400085449219,350.0400085449219,349.760009765625,349.989990234375,2428,0.0,0.0
2024-05-31 11:57:00-04:00,349.8900146484375,350.07000732421875,349.8800048828125,350.07000732421875,1494,0.0,0.0
2024-05-31 11:58:00-04:00,350.19000244140625,350.19500732421875,350.17999267578125,350.19500732421875,981,0.0,0.0
2024-05-31 11:59:00-04:00,350.125,350.125,349.90618896484375,350.05999755859375,859,0.0,0.0
2024-05-31 12:00:00-04:00,350.07000732421875,350.07000732421875,349.95001220703125,349.95001220703125,370,0.0,0.0
2024-05-31 12:01:00-04:00,349.9100036621094,349.9100036621094,349.5799865722656,349.5799865722656,1757,0.0,0.0
2024-05-31 12:02:00-04:00,349.75,349.75,349.5799865722656,349.5799865722656,1988,0.0,0.0
2024-05-31 12:03:00-04:00,349.5199890136719,349.8299865722656,349.5199890136719,349.8299865722656,868,0.0,0.0
2024-05-31 12:04:00-04:00,349.7699890136719,349.7699890136719,349.7699890136719,349.7699890136719,618,0.0,0.0
2024-05-31 12:06:00-04:00,349.8399963378906,349.8399963378906,349.8399963378906,349.8399963378906,501,0.0,0.0
2024-05-31 12:07:00-04:00,349.9800109863281,350.0799865722656,349.95001220703125,350.05499267578125,1781,0.0,0.0
2024-05-31 12:08:00-04:00,350.17498779296875,350.2300109863281,350.0299987792969,350.0299987792969,2700,0.0,0.0
2024-05-31 12:09:00-04:00,350.04998779296875,350.04998779296875,350.04998779296875,350.04998779296875,269,0.0,0.0
2024-05-31 12:10:00-04:00,350.0,350.0,350.0,350.0,535,0.0,0.0
2024-05-31 12:11:00-04:00,350.0249938964844,350.0249938964844,349.9017028808594,349.9017028808594,1020,0.0,0.0
2024-05-31 12:12:00-04:00,349.9700012207031,350.07000732421875,349.9200134277344,350.04998779296875,2491,0.0,0.0
2024-05-31 12:13:00-04:00,350.1300048828125,350.1300048828125,350.1300048828125,350.1300048828125,201,0.0,0.0
2024-05-31 12:14:00-04:00,350.010009765625,350.1000061035156,349.95001220703125,350.0,1903,0.0,0.0
2024-05-31 12:15:00-04:00,350.0899963378906,350.0899963378906,350.0899963378906,350.0899963378906,505,0.0,0.0
2024-05-31 12:17:00-04:00,349.7699890136719,349.9100036621094,349.6499938964844,349.6499938964844,3010,0.0,0.0
2024-05-31 12:18:00-04:00,349.6499938964844,349.7099914550781,349.5299987792969,349.5299987792969,1477,0.0,0.0
2024-05-31 12:19:00-04:00,349.5199890136719,349.57000732421875,349.5199890136719,349.5199890136719,650,0.0,0.0
2024-05-31 12:20:00-04:00,349.6400146484375,349.6400146484375,349.5199890136719,349.5199890136719,736,0.0,0.0
2024-05-31 12:21:00-04:00,349.5199890136719,349.69000244140625,349.5,349.69000244140625,1556,0.0,0.0
2024-05-31 12:22:00-04:00,349.82000732421875,349.82000732421875,349.82000732421875,349.82000732421875,250,0.0,0.0
2024-05-31 12:23:00-04:00,349.7799987792969,349.8399963378906,349.7099914550781,349.8399963378906,1136,0.0,0.0
2024-05-31 12:24:00-04:00,349.7799987792969,350.510009765625,349.7799987792969,350.510009765625,32929,0.0,0.0
2024-05-31 12:25:00-04:00,350.510009765625,351.1000061035156,350.3999938964844,350.9800109863281,2849,0.0,0.0
2024-05-31 12:26:00-04:00,350.8500061035156,351.0899963378906,350.8500061035156,351.0899963378906,1883,0.0,0.0
2024-05-31 12:27:00-04:00,351.0899963378906,351.1499938964844,351.0299987792969,351.1499938964844,3133,0.0,0.0
2024-05-31 12:28:00-04:00,351.1449890136719,351.17999267578125,351.1449890136719,351.17999267578125,2895,0.0,0.0
2024-05-31 12:30:00-04:00,351.2900085449219,351.5,351.2900085449219,351.4750061035156,2805,0.0,0.0
2024-05-31 12:31:00-04:00,351.5150146484375,351.5150146484375,351.5150146484375,351.5150146484375,907,0.0,0.0
2024-05-31 12:32:00-04:00,351.67999267578125,351.68499755859375,351.67999267578125,351.68499755859375,223,0.0,0.0
2024-05-31 12:33:00-04:00,351.8800048828125,351.8800048828125,351.5849914550781,351.739990234375,1900,0.0,0.0
2024-05-31 12:34:00-04:00,351.8299865722656,351.95001220703125,351.760009765625,351.760009765625,714,0.0,0.0
2024-05-31 12:35:00-04:00,351.8299865722656,352.0,351.69500732421875,351.9800109863281,2175,0.0,0.0
2024-05-31 12:36:00-04:00,351.8500061035156,351.9750061035156,351.8500061035156,351.9750061035156,551,0.0,0.0
2024-05-31 12:37:00-04:00,352.0849914550781,352.0899963378906,352.05999755859375,352.05999755859375,652,0.0,0.0
2024-05-31 12:38:00-04:00,352.1099853515625,352.2300109863281,352.0199890136719,352.0199890136719,2119,0.0,0.0
2024-05-31 12:39:00-04:00,352.0400085449219,352.0400085449219,351.8500061035156,351.9100036621094,2992,0.0,0.0
2024-05-31 12:40:00-04:00,351.864990234375,351.864990234375,351.82501220703125,351.82501220703125,1012,0.0,0.0
2024-05-31 12:41:00-04:00,351.82501220703125,351.9100036621094,351.82501220703125,351.9100036621094,1407,0.0,0.0
2024-05-31 12:42:00-04:00,351.7200012207031,351.7200012207031,351.7200012207031,351.7200012207031,590,0.0,0.0
2024-05-31 12:44:00-04:00,351.8349914550781,351.989990234375,351.6400146484375,351.830810546875,3634,0.0,0.0
2024-05-31 12:45:00-04:00,351.8599853515625,351.989990234375,351.6600036621094,351.989990234375,3434,0.0,0.0
2024-05-31 12:46:00-04:00,352.0400085449219,352.1600036621094,352.0299987792969,352.1600036621094,559,0.0,0.0
2024-05-31 12:48:00-04:00,351.9599914550781,352.0899963378906,351.9599914550781,352.0199890136719,574,0.0,0.0
2024-05-31 12:49:00-04:00,351.8699951171875,351.9949951171875,351.8599853515625,351.9949951171875,1609,0.0,0.0
2024-05-31 12:50:00-04:00,351.9700927734375,351.9700927734375,351.6700134277344,351.6700134277344,895,0.0,0.0
2024-05-31 12:51:00-04:00,351.6400146484375,351.9700012207031,351.6400146484375,351.75,2839,0.0,0.0
2024-05-31 12:52:00-04:00,351.94000244140625,351.94000244140625,351.94000244140625,351.94000244140625,326,0.0,0.0
2024-05-31 12:53:00-04:00,351.7699890136719,351.7699890136719,351.7550048828125,351.7550048828125,704,0.0,0.0
2024-05-31 12:54:00-04:00,351.8949890136719,352.1400146484375,351.8949890136719,352.1400146484375,1061,0.0,0.0
2024-05-31 12:55:00-04:00,352.0400085449219,352.2099914550781,352.0400085449219,352.2049865722656,1436,0.0,0.0
2024-05-31 12:56:00-04:00,352.1400146484375,352.2300109863281,352.1000061035156,352.1000061035156,1936,0.0,0.0
2024-05-31 12:57:00-04:00,352.20001220703125,352.29998779296875,352.20001220703125,352.29998779296875,420,0.0,0.0
2024-05-31 12:58:00-04:00,352.2200012207031,352.2200012207031,352.2200012207031,352.2200012207031,138,0.0,0.0
2024-05-31 12:59:00-04:00,352.1600036621094,352.1600036621094,351.8900146484375,351.8900146484375,2727,0.0,0.0
2024-05-31 13:01:00-04:00,351.9700012207031,352.04998779296875,351.92999267578125,352.04998779296875,1015,0.0,0.0
2024-05-31 13:02:00-04:00,351.9200134277344,351.9800109863281,351.8399963378906,351.8399963378906,1434,0.0,0.0
2024-05-31 13:03:00-04:00,352.0,352.1499938964844,352.0,352.1499938964844,823,0.0,0.0
2024-05-31 13:04:00-04:00,351.9949951171875,351.9949951171875,351.9949951171875,351.9949951171875,440,0.0,0.0
2024-05-31 13:05:00-04:00,351.9949951171875,351.9949951171875,351.9949951171875,351.9949951171875,918,0.0,0.0
2024-05-31 13:07:00-04:00,352.0530090332031,352.25,352.0530090332031,352.25,1133,0.0,0.0
2024-05-31 13:08:00-04:00,352.239990234375,352.4150085449219,352.1099853515625,352.4150085449219,1605,0.0,0.0
2024-05-31 13:09:00-04:00,352.4142150878906,352.42999267578125,352.4142150878906,352.42999267578125,1223,0.0,0.0
2024-05-31 13:10:00-04:00,352.3399963378906,352.3500061035156,352.29998779296875,352.29998779296875,1111,0.0,0.0
2024-05-31 13:11:00-04:00,352.5398864746094,352.5398864746094,352.19000244140625,352.2799987792969,871,0.0,0.0
2024-05-31 13:12:00-04:00,352.489990234375,352.489990234375,352.489990234375,352.489990234375,454,0.0,0.0
2024-05-31 13:13:00-04:00,352.0899963378906,352.0899963378906,352.0899963378906,352.0899963378906,203,0.0,0.0
2024-05-31 13:14:00-04:00,352.2900085449219,352.4100036621094,352.2900085449219,352.4100036621094,1102,0.0,0.0
2024-05-31 13:15:00-04:00,352.3299865722656,352.5199890136719,352.3299865722656,352.5199890136719,762,0.0,0.0
2024-05-31 13:16:00-04:00,352.5899963378906,352.625,352.3500061035156,352.3500061035156,1293,0.0,0.0
2024-05-31 13:18:00-04:00,352.6400146484375,352.6400146484375,352.6400146484375,352.6400146484375,369,0.0,0.0
2024-05-31 13:19:00-04:00,352.7650146484375,352.7650146484375,352.57000732421875,352.57000732421875,1596,0.0,0.0
2024-05-31 13:21:00-04:00,352.54998779296875,352.70001220703125,352.54998779296875,352.54998779296875,562,0.0,0.0
2024-05-31 13:22:00-04:00,352.5050048828125,352.5050048828125,352.4200134277344,352.4200134277344,868,0.0,0.0
2024-05-31 13:24:00-04:00,352.4599914550781,352.4599914550781,352.4599914550781,352.4599914550781,134,0.0,0.0
2024-05-31 13:25:00-04:00,352.4100036621094,352.4549865722656,352.3999938964844,352.4549865722656,431,0.0,0.0
2024-05-31 13:27:00-04:00,352.42498779296875,352.42498779296875,352.42498779296875,352.42498779296875,286,0.0,0.0
2024-05-31 13:28:00-04:00,352.3500061035156,352.55999755859375,352.3500061035156,352.5,1731,0.0,0.0
2024-05-31 13:29:00-04:00,352.57000732421875,352.6579895019531,352.57000732421875,352.6579895019531,893,0.0,0.0
2024-05-31 13:30:00-04:00,352.4849853515625,352.4849853515625,352.4849853515625,352.4849853515625,154,0.0,0.0
2024-05-31 13:31:00-04:00,352.4800109863281,352.5,352.4100036621094,352.4599914550781,2350,0.0,0.0
2024-05-31 13:32:00-04:00,352.57000732421875,352.6099853515625,352.5299987792969,352.57000732421875,1162,0.0,0.0
2024-05-31 13:33:00-04:00,352.45001220703125,352.45001220703125,352.3900146484375,352.3900146484375,360,0.0,0.0
2024-05-31 13:34:00-04:00,352.4599914550781,352.4599914550781,352.3900146484375,352.3900146484375,369,0.0,0.0
2024-05-31 13:35:00-04:00,352.29998779296875,352.29998779296875,352.29998779296875,352.29998779296875,827,0.0,0.0
2024-05-31 13:36:00-04:00,352.2200012207031,352.2200012207031,352.2200012207031,352.2200012207031,539,0.0,0.0
2024-05-31 13:38:00-04:00,352.17999267578125,352.17999267578125,352.07000732421875,352.07000732421875,536,0.0,0.0
2024-05-31 13:39:00-04:00,352.07000732421875,352.07000732421875,352.07000732421875,352.07000732421875,209,0.0,0.0
2024-05-31 13:40:00-04:00,352.07000732421875,352.19000244140625,352.07000732421875,352.19000244140625,1014,0.0,0.0
2024-05-31 13:41:00-04:00,352.2900085449219,352.2900085449219,352.2900085449219,352.2900085449219,480,0.0,0.0
2024-05-31 13:42:00-04:00,352.260009765625,352.260009765625,352.239990234375,352.239990234375,278,0.0,0.0
2024-05-31 13:43:00-04:00,352.30999755859375,352.30999755859375,352.30999755859375,352.30999755859375,197,0.0,0.0
2024-05-31 13:44:00-04:00,352.44000244140625,352.510009765625,352.4200134277344,352.45001220703125,1597,0.0,0.0
2024-05-31 13:45:00-04:00,352.4649963378906,352.5400085449219,352.4649963378906,352.5400085449219,2106,0.0,0.0
2024-05-31 13:46:00-04:00,352.42010498046875,352.42010498046875,352.42010498046875,352.42010498046875,553,0.0,0.0
2024-05-31 13:47:00-04:00,352.6099853515625,352.6099853515625,352.6099853515625,352.6099853515625,266,0.0,0.0
2024-05-31 13:48:00-04:00,352.42999267578125,352.54669189453125,352.42999267578125,352.54669189453125,589,0.0,0.0
2024-05-31 13:49:00-04:00,352.42999267578125,352.42999267578125,352.42999267578125,352.42999267578125,535,0.0,0.0
2024-05-31 13:50:00-04:00,352.6499938964844,352.9599914550781,352.6199951171875,352.83648681640625,1896,0.0,0.0
2024-05-31 13:51:00-04:00,352.6700134277344,352.6700134277344,352.6700134277344,352.6700134277344,298,0.0,0.0
2024-05-31 13:52:00-04:00,352.70001220703125,352.7149963378906,352.385009765625,352.385009765625,3014,0.0,0.0
2024-05-31 13:53:00-04:00,352.3900146484375,352.3949890136719,352.239990234375,352.3949890136719,1359,0.0,0.0
2024-05-31 13:54:00-04:00,352.5899963378906,352.6650085449219,352.5299987792969,352.6650085449219,1042,0.0,0.0
2024-05-31 13:55:00-04:00,352.6700134277344,352.6700134277344,352.6499938964844,352.6499938964844,372,0.0,0.0
2024-05-31 13:56:00-04:00,352.6499938964844,352.7850036621094,352.5199890136719,352.5199890136719,824,0.0,0.0
2024-05-31 13:57:00-04:00,352.80999755859375,352.80999755859375,352.80999755859375,352.80999755859375,261,0.0,0.0
2024-05-31 13:59:00-04:00,352.7300109863281,352.8999938964844,352.6600036621094,352.8999938964844,1947,0.0,0.0
2024-05-31 14:00:00-04:00,352.9200134277344,352.9200134277344,352.7950134277344,352.7950134277344,445,0.0,0.0
2024-05-31 14:01:00-04:00,352.94000244140625,352.94000244140625,352.94000244140625,352.94000244140625,323,0.0,0.0
2024-05-31 14:02:00-04:00,352.82000732421875,352.94000244140625,352.82000732421875,352.9100036621094,1366,0.0,0.0
2024-05-31 14:03:00-04:00,352.989990234375,352.989990234375,352.989990234375,352.989990234375,488,0.0,0.0
2024-05-31 14:04:00-04:00,352.8999938964844,352.8999938964844,352.8999938964844,352.8999938964844,449,0.0,0.0
2024-05-31 14:05:00-04:00,352.8634948730469,352.8800048828125,352.69000244140625,352.69000244140625,3105,0.0,0.0
2024-05-31 14:06:00-04:00,352.6700134277344,352.82000732421875,352.6499938964844,352.67498779296875,5023,0.0,0.0
2024-05-31 14:07:00-04:00,352.6300048828125,352.82000732421875,352.6300048828125,352.7850036621094,2097,0.0,0.0
2024-05-31 14:08:00-04:00,352.7099914550781,352.9800109863281,352.7099914550781,352.8999938964844,1916,0.0,0.0
2024-05-31 14:09:00-04:00,352.92999267578125,352.92999267578125,352.92999267578125,352.92999267578125,305,0.0,0.0
2024-05-31 14:10:00-04:00,352.8999938964844,352.8999938964844,352.8999938964844,352.8999938964844,424,0.0,0.0
2024-05-31 14:11:00-04:00,352.8800048828125,353.0,352.8299865722656,353.0,1273,0.0,0.0
2024-05-31 14:12:00-04:00,353.07000732421875,353.19000244140625,353.0199890136719,353.1499938964844,1661,0.0,0.0
2024-05-31 14:14:00-04:00,353.2049865722656,353.30999755859375,353.1600036621094,353.25,1600,0.0,0.0
2024-05-31 14:15:00-04:00,353.32000732421875,353.32000732421875,353.1099853515625,353.25,4892,0.0,0.0
2024-05-31 14:16:00-04:00,353.07000732421875,353.2200012207031,353.010009765625,353.010009765625,5601,0.0,0.0
2024-05-31 14:17:00-04:00,353.1499938964844,353.1499938964844,353.1499938964844,353.1499938964844,219,0.0,0.0
2024-05-31 14:18:00-04:00,353.1549987792969,353.1549987792969,353.1549987792969,353.1549987792969,702,0.0,0.0
2024-05-31 14:19:00-04:00,353.260009765625,353.32501220703125,353.19500732421875,353.32501220703125,1677,0.0,0.0
2024-05-31 14:20:00-04:00,353.3599853515625,353.4200134277344,353.2749938964844,353.4200134277344,981,0.0,0.0
2024-05-31 14:21:00-04:00,353.5199890136719,353.5199890136719,353.5,353.5,497,0.0,0.0
2024-05-31 14:22:00-04:00,353.5,353.5199890136719,353.3800048828125,353.5050048828125,3251,0.0,0.0
2024-05-31 14:23:00-04:00,353.5150146484375,353.6400146484375,353.5150146484375,353.6400146484375,851,0.0,0.0
2024-05-31 14:24:00-04:00,353.54998779296875,353.7650146484375,353.54998779296875,353.7650146484375,1254,0.0,0.0
2024-05-31 14:25:00-04:00,353.7799987792969,353.7799987792969,353.6600036621094,353.7149963378906,1161,0.0,0.0
2024-05-31 14:26:00-04:00,353.6199951171875,353.67498779296875,353.3500061035156,353.44500732421875,2704,0.0,0.0
2024-05-31 14:27:00-04:00,353.4200134277344,353.4200134277344,353.17999267578125,353.2799987792969,3703,0.0,0.0
2024-05-31 14:28:00-04:00,353.3800048828125,353.510009765625,353.3699951171875,353.3699951171875,2244,0.0,0.0
2024-05-31 14:29:00-04:00,353.54998779296875,353.54998779296875,353.3999938964844,353.3999938964844,3097,0.0,0.0
2024-05-31 14:30:00-04:00,353.32000732421875,353.3299865722656,353.2699890136719,353.3299865722656,720,0.0,0.0
2024-05-31 14:31:00-04:00,353.30999755859375,353.42999267578125,353.239990234375,353.42999267578125,1154,0.0,0.0
2024-05-31 14:32:00-04:00,353.3900146484375,353.3900146484375,353.3900146484375,353.3900146484375,163,0.0,0.0
2024-05-31 14:33:00-04:00,353.385009765625,353.385009765625,353.385009765625,353.385009765625,396,0.0,0.0
2024-05-31 14:34:00-04:00,353.3699951171875,353.3900146484375,353.3699951171875,353.3900146484375,611,0.0,0.0
2024-05-31 14:35:00-04:00,353.375,353.4800109863281,353.3699951171875,353.4549865722656,1430,0.0,0.0
2024-05-31 14:36:00-04:00,353.3999938964844,353.3999938964844,353.3500061035156,353.3500061035156,356,0.0,0.0
2024-05-31 14:37:00-04:00,353.29998779296875,353.3500061035156,353.25,353.25,2382,0.0,0.0
2024-05-31 14:38:00-04:00,353.29998779296875,353.3900146484375,353.29998779296875,353.3900146484375,574,0.0,0.0
2024-05-31 14:39:00-04:00,353.4700012207031,353.4700012207031,353.3699951171875,353.43499755859375,1175,0.0,0.0
2024-05-31 14:40:00-04:00,353.510009765625,353.7699890136719,353.510009765625,353.7699890136719,2095,0.0,0.0
2024-05-31 14:41:00-04:00,353.7049865722656,353.7049865722656,353.3599853515625,353.6000061035156,12055,0.0,0.0
2024-05-31 14:42:00-04:00,353.3599853515625,353.3599853515625,353.1700134277344,353.1700134277344,1729,0.0,0.0
2024-05-31 14:43:00-04:00,353.30999755859375,353.4700012207031,353.30999755859375,353.4700012207031,1652,0.0,0.0
2024-05-31 14:44:00-04:00,353.3900146484375,353.3900146484375,353.3900146484375,353.3900146484375,244,0.0,0.0
2024-05-31 14:45:00-04:00,353.55999755859375,353.5950012207031,353.30999755859375,353.55999755859375,991,0.0,0.0
2024-05-31 14:46:00-04:00,353.55999755859375,353.55999755859375,353.4200134277344,353.45001220703125,648,0.0,0.0
2024-05-31 14:47:00-04:00,353.55999755859375,353.6300048828125,353.489990234375,353.6300048828125,778,0.0,0.0
2024-05-31 14:48:00-04:00,353.69500732421875,353.69500732421875,353.5150146484375,353.6499938964844,1619,0.0,0.0
2024-05-31 14:49:00-04:00,353.6700134277344,353.6700134277344,353.6700134277344,353.6700134277344,420,0.0,0.0
2024-05-31 14:50:00-04:00,353.6700134277344,353.67498779296875,353.6700134277344,353.67498779296875,1052,0.0,0.0
2024-05-31 14:51:00-04:00,353.5299987792969,353.9100036621094,353.5299987792969,353.9100036621094,7858,0.0,0.0
2024-05-31 14:52:00-04:00,353.9949951171875,354.0,353.7900085449219,354.0,5082,0.0,0.0
2024-05-31 14:54:00-04:00,354.0299987792969,354.1400146484375,353.80999755859375,353.94000244140625,4842,0.0,0.0
2024-05-31 14:55:00-04:00,353.92999267578125,353.92999267578125,353.92999267578125,353.92999267578125,909,0.0,0.0
2024-05-31 14:56:00-04:00,354.0199890136719,354.1000061035156,353.8995056152344,354.1000061035156,1581,0.0,0.0
2024-05-31 14:57:00-04:00,354.0199890136719,354.2900085449219,354.0199890136719,354.2900085449219,1847,0.0,0.0
2024-05-31 14:58:00-04:00,354.30499267578125,354.3500061035156,354.260009765625,354.260009765625,2103,0.0,0.0
2024-05-31 14:59:00-04:00,354.32501220703125,354.32501220703125,354.17999267578125,354.17999267578125,4385,0.0,0.0
2024-05-31 15:00:00-04:00,354.31500244140625,354.32501220703125,354.31500244140625,354.32501220703125,1510,0.0,0.0
2024-05-31 15:01:00-04:00,354.32501220703125,354.32501220703125,354.31500244140625,354.31500244140625,901,0.0,0.0
2024-05-31 15:02:00-04:00,354.2799987792969,354.2799987792969,354.0849914550781,354.0849914550781,4056,0.0,0.0
2024-05-31 15:03:00-04:00,354.0849914550781,354.0849914550781,353.8399963378906,353.8500061035156,2642,0.0,0.0
2024-05-31 15:04:00-04:00,353.7099914550781,353.7300109863281,353.55999755859375,353.55999755859375,3259,0.0,0.0
2024-05-31 15:05:00-04:00,353.54998779296875,353.760009765625,353.4700012207031,353.760009765625,2481,0.0,0.0
2024-05-31 15:06:00-04:00,353.760009765625,353.8599853515625,353.760009765625,353.8599853515625,905,0.0,0.0
2024-05-31 15:07:00-04:00,353.95001220703125,353.95001220703125,353.9049987792969,353.9049987792969,509,0.0,0.0
2024-05-31 15:08:00-04:00,353.8550109863281,353.8599853515625,353.739990234375,353.739990234375,1084,0.0,0.0
2024-05-31 15:09:00-04:00,353.9599914550781,353.9599914550781,353.7850036621094,353.80999755859375,2510,0.0,0.0
2024-05-31 15:10:00-04:00,353.7099914550781,353.7099914550781,353.4800109863281,353.4800109863281,3480,0.0,0.0
2024-05-31 15:11:00-04:00,353.5,353.57000732421875,353.42999267578125,353.57000732421875,867,0.0,0.0
2024-05-31 15:12:00-04:00,353.57000732421875,353.5799865722656,353.43499755859375,353.57000732421875,1037,0.0,0.0
2024-05-31 15:13:00-04:00,353.5350036621094,353.5350036621094,353.5150146484375,353.5199890136719,968,0.0,0.0
2024-05-31 15:14:00-04:00,353.5249938964844,353.68499755859375,353.45001220703125,353.68499755859375,1946,0.0,0.0
2024-05-31 15:15:00-04:00,353.57000732421875,353.57000732421875,353.4800109863281,353.57000732421875,1004,0.0,0.0
2024-05-31 15:16:00-04:00,353.57000732421875,353.5950012207031,353.43499755859375,353.43499755859375,1851,0.0,0.0
2024-05-31 15:17:00-04:00,353.3324890136719,353.4549865722656,353.3324890136719,353.3500061035156,902,0.0,0.0
2024-05-31 15:18:00-04:00,353.3500061035156,353.3500061035156,353.3399963378906,353.3399963378906,623,0.0,0.0
2024-05-31 15:19:00-04:00,353.3500061035156,353.3500061035156,353.2300109863281,353.2300109863281,805,0.0,0.0
2024-05-31 15:20:00-04:00,353.2799987792969,353.4700012207031,353.2799987792969,353.45001220703125,2703,0.0,0.0
2024-05-31 15:21:00-04:00,353.57000732421875,353.7099914550781,353.5249938964844,353.69500732421875,3263,0.0,0.0
2024-05-31 15:22:00-04:00,353.69500732421875,353.760009765625,353.69000244140625,353.69000244140625,2540,0.0,0.0
2024-05-31 15:23:00-04:00,353.7699890136719,353.82501220703125,353.7349853515625,353.82501220703125,892,0.0,0.0
2024-05-31 15:24:00-04:00,353.7799987792969,353.8500061035156,353.7699890136719,353.82501220703125,1254,0.0,0.0
2024-05-31 15:25:00-04:00,353.760009765625,353.760009765625,353.5400085449219,353.5400085449219,4306,0.0,0.0
2024-05-31 15:27:00-04:00,353.5899963378906,353.67999267578125,353.4599914550781,353.4599914550781,1592,0.0,0.0
2024-05-31 15:28:00-04:00,353.5299987792969,353.5950012207031,353.3999938964844,353.3999938964844,1449,0.0,0.0
2024-05-31 15:29:00-04:00,353.4750061035156,353.5199890136719,353.4700012207031,353.5199890136719,961,0.0,0.0
2024-05-31 15:30:00-04:00,353.4649963378906,353.6300048828125,353.4649963378906,353.5899963378906,1829,0.0,0.0
2024-05-31 15:31:00-04:00,353.6050109863281,353.6050109863281,353.3699951171875,353.489990234375,2860,0.0,0.0
2024-05-31 15:32:00-04:00,353.57000732421875,353.57000732421875,353.5400085449219,353.5400085449219,645,0.0,0.0
2024-05-31 15:33:00-04:00,353.54998779296875,353.54998779296875,353.42498779296875,353.5,1333,0.0,0.0
2024-05-31 15:34:00-04:00,353.489990234375,353.489990234375,353.4100036621094,353.4100036621094,2147,0.0,0.0
2024-05-31 15:35:00-04:00,353.3500061035156,353.4800109863281,353.3500061035156,353.4800109863281,2531,0.0,0.0
2024-05-31 15:36:00-04:00,353.45001220703125,353.45001220703125,353.29998779296875,353.29998779296875,3746,0.0,0.0
2024-05-31 15:37:00-04:00,353.2650146484375,353.43499755859375,353.2650146484375,353.43499755859375,2634,0.0,0.0
2024-05-31 15:38:00-04:00,353.3800048828125,353.4200134277344,353.3599853515625,353.4200134277344,1046,0.0,0.0
2024-05-31 15:39:00-04:00,353.4200134277344,353.4800109863281,353.4200134277344,353.4700012207031,3216,0.0,0.0
2024-05-31 15:40:00-04:00,353.5400085449219,353.625,353.5350036621094,353.5450134277344,1933,0.0,0.0
2024-05-31 15:41:00-04:00,353.5799865722656,353.9100036621094,353.5799865722656,353.9100036621094,3298,0.0,0.0
2024-05-31 15:42:00-04:00,353.9200134277344,354.0150146484375,353.7300109863281,353.8299865722656,6680,0.0,0.0
2024-05-31 15:43:00-04:00,353.8399963378906,354.0,353.69000244140625,353.9100036621094,7897,0.0,0.0
2024-05-31 15:44:00-04:00,353.989990234375,354.3699951171875,353.9200134277344,354.260009765625,11055,0.0,0.0
2024-05-31 15:45:00-04:00,354.2250061035156,354.3299865722656,354.19000244140625,354.2799987792969,3700,0.0,0.0
2024-05-31 15:46:00-04:00,354.239990234375,354.42999267578125,354.1300048828125,354.3999938964844,8649,0.0,0.0
2024-05-31 15:47:00-04:00,354.3699951171875,354.6400146484375,354.3699951171875,354.6099853515625,4319,0.0,0.0
2024-05-31 15:48:00-04:00,354.69000244140625,354.69000244140625,354.3500061035156,354.385009765625,6377,0.0,0.0
2024-05-31 15:49:00-04:00,354.4200134277344,354.6600036621094,354.3399963378906,354.57000732421875,6215,0.0,0.0
2024-05-31 15:50:00-04:00,354.42999267578125,355.239990234375,354.42999267578125,355.239990234375,8783,0.0,0.0
2024-05-31 15:51:00-04:00,355.239990234375,355.239990234375,354.9049987792969,355.0,6823,0.0,0.0
2024-05-31 15:52:00-04:00,355.0299987792969,355.1199951171875,354.8550109863281,355.1199951171875,6488,0.0,0.0
2024-05-31 15:53:00-04:00,355.1300048828125,355.75,355.07000732421875,355.67999267578125,11839,0.0,0.0
2024-05-31 15:54:00-04:00,355.635009765625,355.7200012207031,355.4800109863281,355.6000061035156,8396,0.0,0.0
2024-05-31 15:55:00-04:00,355.6600036621094,356.82000732421875,355.6499938964844,356.82000732421875,27673,0.0,0.0
2024-05-31 15:56:00-04:00,356.8999938964844,357.4100036621094,356.81500244140625,357.2799987792969,25618,0.0,0.0
2024-05-31 15:57:00-04:00,357.364990234375,357.9200134277344,357.30999755859375,357.82000732421875,39840,0.0,0.0
2024-05-31 15:58:00-04:00,357.760009765625,357.8900146484375,357.3900146484375,357.5299987792969,46953,0.0,0.0
2024-05-31 15:59:00-04:00,357.4800109863281,358.3299865722656,357.44000244140625,358.3299865722656,106546,0.0,0.0
