Datetime,Open,High,Low,Close,Volume,Dividends,Stock Splits
2024-05-28 09:30:00-04:00,88.61000061035156,88.61000061035156,88.28500366210938,88.28500366210938,5324,0.0,0.0
2024-05-28 09:31:00-04:00,87.94999694824219,87.94999694824219,87.94999694824219,87.94999694824219,792,0.0,0.0
2024-05-28 09:32:00-04:00,88.45999908447266,88.47000122070312,88.33999633789062,88.33999633789062,405,0.0,0.0
2024-05-28 09:33:00-04:00,88.33999633789062,88.33999633789062,88.29499816894531,88.29499816894531,926,0.0,0.0
2024-05-28 09:34:00-04:00,88.29499816894531,88.5,88.29499816894531,88.44000244140625,1200,0.0,0.0
2024-05-28 09:35:00-04:00,88.40499877929688,88.52989959716797,88.22000122070312,88.25,3672,0.0,0.0
2024-05-28 09:37:00-04:00,87.94999694824219,88.03500366210938,87.8499984741211,87.86000061035156,415,0.0,0.0
2024-05-28 09:38:00-04:00,87.86000061035156,87.94999694824219,87.7699966430664,87.87999725341797,590,0.0,0.0
2024-05-28 09:39:00-04:00,87.88999938964844,87.88999938964844,87.87000274658203,87.87000274658203,504,0.0,0.0
2024-05-28 09:40:00-04:00,87.87000274658203,88.08000183105469,87.87000274658203,88.08000183105469,838,0.0,0.0
2024-05-28 09:41:00-04:00,88.1500015258789,88.30000305175781,88.12000274658203,88.2699966430664,1570,0.0,0.0
2024-05-28 09:42:00-04:00,88.4800033569336,88.48999786376953,88.36000061035156,88.36000061035156,2889,0.0,0.0
2024-05-28 09:43:00-04:00,88.61000061035156,88.62999725341797,88.61000061035156,88.62999725341797,1562,0.0,0.0
2024-05-28 09:44:00-04:00,88.79000091552734,88.83999633789062,88.79000091552734,88.83999633789062,966,0.0,0.0
2024-05-28 09:46:00-04:00,88.57499694824219,88.57499694824219,88.5625,88.5625,311,0.0,0.0
2024-05-28 09:47:00-04:00,88.58000183105469,88.58000183105469,88.58000183105469,88.58000183105469,248,0.0,0.0
2024-05-28 09:49:00-04:00,88.54000091552734,88.54000091552734,88.54000091552734,88.54000091552734,320,0.0,0.0
2024-05-28 09:50:00-04:00,88.4000015258789,88.51000213623047,88.30500030517578,88.30500030517578,6619,0.0,0.0
2024-05-28 09:51:00-04:00,88.29499816894531,88.38999938964844,88.2699966430664,88.38999938964844,1127,0.0,0.0
2024-05-28 09:52:00-04:00,88.12999725341797,88.12999725341797,88.0999984741211,88.0999984741211,1324,0.0,0.0
2024-05-28 09:53:00-04:00,88.05000305175781,88.31999969482422,88.05000305175781,88.31999969482422,4449,0.0,0.0
2024-05-28 09:55:00-04:00,88.27999877929688,88.27999877929688,88.27999877929688,88.27999877929688,258,0.0,0.0
2024-05-28 09:56:00-04:00,88.0999984741211,88.0999984741211,88.05999755859375,88.05999755859375,666,0.0,0.0
2024-05-28 09:57:00-04:00,88.08999633789062,88.08999633789062,88.08999633789062,88.08999633789062,151,0.0,0.0
2024-05-28 09:59:00-04:00,88.11000061035156,88.11000061035156,88.11000061035156,88.11000061035156,685,0.0,0.0
2024-05-28 10:00:00-04:00,88.0999984741211,88.16000366210938,88.08000183105469,88.08000183105469,1249,0.0,0.0
2024-05-28 10:01:00-04:00,87.98999786376953,87.98999786376953,87.98999786376953,87.98999786376953,415,0.0,0.0
2024-05-28 10:02:00-04:00,87.98999786376953,88.12000274658203,87.98999786376953,88.12000274658203,724,0.0,0.0
2024-05-28 10:03:00-04:00,88.12000274658203,88.12000274658203,88.12000274658203,88.12000274658203,249,0.0,0.0
2024-05-28 10:04:00-04:00,88.11000061035156,88.33499908447266,88.11000061035156,88.19999694824219,2877,0.0,0.0
2024-05-28 10:05:00-04:00,88.19999694824219,88.30139923095703,88.02999877929688,88.02999877929688,1658,0.0,0.0
2024-05-28 10:10:00-04:00,88.12000274658203,88.12000274658203,88.12000274658203,88.12000274658203,540,0.0,0.0
2024-05-28 10:14:00-04:00,87.99500274658203,87.99500274658203,87.98999786376953,87.98999786376953,656,0.0,0.0
2024-05-28 10:16:00-04:00,88.12999725341797,88.34500122070312,88.11000061035156,88.34500122070312,2353,0.0,0.0
2024-05-28 10:17:00-04:00,88.36000061035156,88.54000091552734,88.36000061035156,88.54000091552734,742,0.0,0.0
2024-05-28 10:19:00-04:00,88.58999633789062,88.58999633789062,88.58999633789062,88.58999633789062,119,0.0,0.0
2024-05-28 10:20:00-04:00,88.61000061035156,88.61000061035156,88.61000061035156,88.61000061035156,143,0.0,0.0
2024-05-28 10:21:00-04:00,88.4800033569336,88.61000061035156,88.4800033569336,88.61000061035156,308,0.0,0.0
2024-05-28 10:22:00-04:00,88.50499725341797,88.51000213623047,88.50499725341797,88.51000213623047,484,0.0,0.0
2024-05-28 10:23:00-04:00,88.5199966430664,88.5199966430664,88.5199966430664,88.5199966430664,189,0.0,0.0
2024-05-28 10:24:00-04:00,88.61000061035156,88.61000061035156,88.61000061035156,88.61000061035156,244,0.0,0.0
2024-05-28 10:25:00-04:00,88.5199966430664,88.53500366210938,88.47000122070312,88.53500366210938,1086,0.0,0.0
2024-05-28 10:27:00-04:00,88.56999969482422,88.56999969482422,88.54000091552734,88.56999969482422,525,0.0,0.0
2024-05-28 10:28:00-04:00,88.56999969482422,88.56999969482422,88.54000091552734,88.54000091552734,309,0.0,0.0
2024-05-28 10:29:00-04:00,88.56999969482422,88.61000061035156,88.56999969482422,88.61000061035156,476,0.0,0.0
2024-05-28 10:30:00-04:00,88.47000122070312,88.47000122070312,88.44000244140625,88.44000244140625,475,0.0,0.0
2024-05-28 10:31:00-04:00,88.47859954833984,88.47859954833984,88.47859954833984,88.47859954833984,228,0.0,0.0
2024-05-28 10:32:00-04:00,88.38999938964844,88.38999938964844,88.36000061035156,88.38999938964844,1194,0.0,0.0
2024-05-28 10:33:00-04:00,88.38999938964844,88.48999786376953,88.38999938964844,88.38999938964844,1386,0.0,0.0
2024-05-28 10:37:00-04:00,88.38999938964844,88.5,88.33180236816406,88.5,2970,0.0,0.0
2024-05-28 10:38:00-04:00,88.41000366210938,88.5,88.41000366210938,88.5,1094,0.0,0.0
2024-05-28 10:39:00-04:00,88.41000366210938,88.41000366210938,88.31999969482422,88.31999969482422,537,0.0,0.0
2024-05-28 10:41:00-04:00,88.38500213623047,88.38500213623047,88.38500213623047,88.38500213623047,145,0.0,0.0
2024-05-28 10:42:00-04:00,88.33000183105469,88.3550033569336,88.14199829101562,88.18499755859375,3306,0.0,0.0
2024-05-28 10:44:00-04:00,88.33000183105469,88.37999725341797,88.30999755859375,88.33999633789062,2743,0.0,0.0
2024-05-28 10:47:00-04:00,88.41999816894531,88.44999694824219,88.36000061035156,88.44999694824219,805,0.0,0.0
2024-05-28 10:48:00-04:00,88.44999694824219,88.44999694824219,88.44999694824219,88.44999694824219,135,0.0,0.0
2024-05-28 10:49:00-04:00,88.58000183105469,88.58000183105469,88.58000183105469,88.58000183105469,110,0.0,0.0
2024-05-28 10:51:00-04:00,88.49500274658203,88.49500274658203,88.49500274658203,88.49500274658203,531,0.0,0.0
2024-05-28 10:52:00-04:00,88.5,88.5,88.49500274658203,88.49500274658203,346,0.0,0.0
2024-05-28 10:54:00-04:00,88.52999877929688,88.52999877929688,88.52999877929688,88.52999877929688,310,0.0,0.0
2024-05-28 10:56:00-04:00,88.44999694824219,88.44999694824219,88.44999694824219,88.44999694824219,102,0.0,0.0
2024-05-28 10:57:00-04:00,88.44999694824219,88.44999694824219,88.44999694824219,88.44999694824219,1444,0.0,0.0
2024-05-28 10:58:00-04:00,88.41999816894531,88.42500305175781,88.41999816894531,88.42500305175781,949,0.0,0.0
2024-05-28 10:59:00-04:00,88.41999816894531,88.41999816894531,88.38500213623047,88.38500213623047,943,0.0,0.0
2024-05-28 11:01:00-04:00,88.37999725341797,88.37999725341797,88.23999786376953,88.2699966430664,1033,0.0,0.0
2024-05-28 11:02:00-04:00,88.22000122070312,88.22000122070312,88.22000122070312,88.22000122070312,1330,0.0,0.0
2024-05-28 11:03:00-04:00,88.30000305175781,88.37000274658203,88.29000091552734,88.37000274658203,1756,0.0,0.0
2024-05-28 11:06:00-04:00,88.31500244140625,88.375,88.30500030517578,88.30500030517578,483,0.0,0.0
2024-05-28 11:08:00-04:00,88.36000061035156,88.4000015258789,88.30500030517578,88.4000015258789,1270,0.0,0.0
2024-05-28 11:09:00-04:00,88.29499816894531,88.33000183105469,88.29499816894531,88.30500030517578,859,0.0,0.0
2024-05-28 11:10:00-04:00,88.4000015258789,88.4000015258789,88.4000015258789,88.4000015258789,283,0.0,0.0
2024-05-28 11:11:00-04:00,88.41000366210938,88.41000366210938,88.41000366210938,88.41000366210938,475,0.0,0.0
2024-05-28 11:12:00-04:00,88.36250305175781,88.36499786376953,88.36250305175781,88.36499786376953,443,0.0,0.0
2024-05-28 11:13:00-04:00,88.37000274658203,88.37000274658203,88.37000274658203,88.37000274658203,165,0.0,0.0
2024-05-28 11:14:00-04:00,88.4000015258789,88.41000366210938,88.34500122070312,88.34500122070312,922,0.0,0.0
2024-05-28 11:15:00-04:00,88.33499908447266,88.33499908447266,88.3324966430664,88.33499908447266,485,0.0,0.0
2024-05-28 11:16:00-04:00,88.375,88.38999938964844,88.375,88.38999938964844,970,0.0,0.0
2024-05-28 11:19:00-04:00,88.4000015258789,88.4000015258789,88.4000015258789,88.4000015258789,236,0.0,0.0
2024-05-28 11:20:00-04:00,88.33999633789062,88.33999633789062,88.33999633789062,88.33999633789062,355,0.0,0.0
2024-05-28 11:21:00-04:00,88.33499908447266,88.33499908447266,88.25,88.32499694824219,1184,0.0,0.0
2024-05-28 11:22:00-04:00,88.31999969482422,88.31999969482422,88.31999969482422,88.31999969482422,234,0.0,0.0
2024-05-28 11:23:00-04:00,88.25,88.25,88.25,88.25,1041,0.0,0.0
2024-05-28 11:26:00-04:00,88.24500274658203,88.24500274658203,88.24500274658203,88.24500274658203,394,0.0,0.0
2024-05-28 11:27:00-04:00,88.18000030517578,88.18000030517578,88.18000030517578,88.18000030517578,380,0.0,0.0
2024-05-28 11:28:00-04:00,88.18000030517578,88.19000244140625,88.18000030517578,88.19000244140625,717,0.0,0.0
2024-05-28 11:29:00-04:00,88.13999938964844,88.19000244140625,88.13999938964844,88.18000030517578,1140,0.0,0.0
2024-05-28 11:30:00-04:00,88.16999816894531,88.16999816894531,88.0999984741211,88.12999725341797,470,0.0,0.0
2024-05-28 11:32:00-04:00,88.15750122070312,88.15750122070312,88.13999938964844,88.13999938964844,423,0.0,0.0
2024-05-28 11:33:00-04:00,88.11000061035156,88.11499786376953,88.06500244140625,88.06500244140625,1184,0.0,0.0
2024-05-28 11:35:00-04:00,88.06500244140625,88.06500244140625,88.05999755859375,88.05999755859375,214,0.0,0.0
2024-05-28 11:36:00-04:00,88.05999755859375,88.05999755859375,88.05999755859375,88.05999755859375,133,0.0,0.0
2024-05-28 11:37:00-04:00,88.13999938964844,88.16000366210938,88.13999938964844,88.16000366210938,1800,0.0,0.0
2024-05-28 11:40:00-04:00,88.05000305175781,88.16000366210938,88.05000305175781,88.16000366210938,225,0.0,0.0
2024-05-28 11:41:00-04:00,88.18000030517578,88.18000030517578,88.06999969482422,88.06999969482422,293,0.0,0.0
2024-05-28 11:43:00-04:00,88.06999969482422,88.06999969482422,88.06999969482422,88.06999969482422,179,0.0,0.0
2024-05-28 11:44:00-04:00,88.13089752197266,88.13089752197266,88.06999969482422,88.06999969482422,255,0.0,0.0
2024-05-28 11:45:00-04:00,88.1500015258789,88.1500015258789,88.1500015258789,88.1500015258789,320,0.0,0.0
2024-05-28 11:46:00-04:00,88.1449966430664,88.1449966430664,88.1449966430664,88.1449966430664,100,0.0,0.0
2024-05-28 11:47:00-04:00,88.12000274658203,88.1449966430664,88.0999984741211,88.1449966430664,999,0.0,0.0
2024-05-28 11:49:00-04:00,88.13500213623047,88.13500213623047,88.08999633789062,88.12000274658203,810,0.0,0.0
2024-05-28 11:51:00-04:00,88.16999816894531,88.16999816894531,88.16000366210938,88.16000366210938,2086,0.0,0.0
2024-05-28 11:54:00-04:00,88.12999725341797,88.13999938964844,88.12999725341797,88.13999938964844,454,0.0,0.0
2024-05-28 11:56:00-04:00,88.125,88.125,88.125,88.125,248,0.0,0.0
2024-05-28 11:57:00-04:00,88.125,88.125,88.10710144042969,88.10710144042969,488,0.0,0.0
2024-05-28 11:58:00-04:00,88.125,88.16999816894531,88.08000183105469,88.16999816894531,1438,0.0,0.0
2024-05-28 12:02:00-04:00,88.08999633789062,88.125,88.02999877929688,88.08999633789062,2601,0.0,0.0
2024-05-28 12:03:00-04:00,88.05000305175781,88.06999969482422,88.05000305175781,88.06999969482422,475,0.0,0.0
2024-05-28 12:04:00-04:00,88.0,88.03500366210938,87.94999694824219,87.94999694824219,1243,0.0,0.0
2024-05-28 12:05:00-04:00,87.9000015258789,88.01000213623047,87.9000015258789,88.01000213623047,792,0.0,0.0
2024-05-28 12:07:00-04:00,87.94999694824219,87.94999694824219,87.94999694824219,87.94999694824219,553,0.0,0.0
2024-05-28 12:11:00-04:00,88.00499725341797,88.00499725341797,88.00499725341797,88.00499725341797,163,0.0,0.0
2024-05-28 12:12:00-04:00,88.01499938964844,88.0199966430664,88.01499938964844,88.0199966430664,378,0.0,0.0
2024-05-28 12:13:00-04:00,87.95999908447266,88.00499725341797,87.95999908447266,88.00499725341797,463,0.0,0.0
2024-05-28 12:14:00-04:00,88.02410125732422,88.02410125732422,87.93000030517578,87.95999908447266,804,0.0,0.0
2024-05-28 12:16:00-04:00,87.9000015258789,87.93499755859375,87.88999938964844,87.88999938964844,910,0.0,0.0
2024-05-28 12:19:00-04:00,87.79499816894531,87.79499816894531,87.79499816894531,87.79499816894531,496,0.0,0.0
2024-05-28 12:20:00-04:00,87.76399993896484,87.80999755859375,87.76399993896484,87.80999755859375,412,0.0,0.0
2024-05-28 12:21:00-04:00,87.76000213623047,87.76000213623047,87.76000213623047,87.76000213623047,138,0.0,0.0
2024-05-28 12:22:00-04:00,87.82499694824219,87.82499694824219,87.70099639892578,87.78500366210938,1201,0.0,0.0
2024-05-28 12:23:00-04:00,87.78500366210938,87.78500366210938,87.78500366210938,87.78500366210938,967,0.0,0.0
2024-05-28 12:25:00-04:00,87.73999786376953,87.75,87.73500061035156,87.75,408,0.0,0.0
2024-05-28 12:26:00-04:00,87.7300033569336,87.7300033569336,87.7300033569336,87.7300033569336,393,0.0,0.0
2024-05-28 12:27:00-04:00,87.67500305175781,87.67500305175781,87.67500305175781,87.67500305175781,303,0.0,0.0
2024-05-28 12:28:00-04:00,87.72000122070312,87.72000122070312,87.72000122070312,87.72000122070312,838,0.0,0.0
2024-05-28 12:29:00-04:00,87.66999816894531,87.79499816894531,87.66999816894531,87.79499816894531,1617,0.0,0.0
2024-05-28 12:30:00-04:00,87.66999816894531,87.66999816894531,87.66999816894531,87.66999816894531,150,0.0,0.0
2024-05-28 12:31:00-04:00,87.7249984741211,87.7249984741211,87.7249984741211,87.7249984741211,169,0.0,0.0
2024-05-28 12:32:00-04:00,87.69000244140625,87.69000244140625,87.69000244140625,87.69000244140625,351,0.0,0.0
2024-05-28 12:34:00-04:00,87.74500274658203,87.74500274658203,87.74500274658203,87.74500274658203,351,0.0,0.0
2024-05-28 12:35:00-04:00,87.76640319824219,87.76640319824219,87.76640319824219,87.76640319824219,309,0.0,0.0
2024-05-28 12:36:00-04:00,87.79499816894531,87.91999816894531,87.79499816894531,87.91999816894531,3009,0.0,0.0
2024-05-28 12:37:00-04:00,87.91999816894531,87.94999694824219,87.91999816894531,87.94999694824219,764,0.0,0.0
2024-05-28 12:38:00-04:00,87.9800033569336,87.9800033569336,87.9800033569336,87.9800033569336,466,0.0,0.0
2024-05-28 12:40:00-04:00,87.97339630126953,87.97339630126953,87.87999725341797,87.87999725341797,1799,0.0,0.0
2024-05-28 12:44:00-04:00,87.875,87.875,87.875,87.875,403,0.0,0.0
2024-05-28 12:47:00-04:00,87.94000244140625,87.94000244140625,87.94000244140625,87.94000244140625,510,0.0,0.0
2024-05-28 12:49:00-04:00,87.81999969482422,87.8550033569336,87.81999969482422,87.8499984741211,605,0.0,0.0
2024-05-28 12:50:00-04:00,87.8550033569336,87.8550033569336,87.8550033569336,87.8550033569336,242,0.0,0.0
2024-05-28 12:51:00-04:00,87.8550033569336,87.91000366210938,87.8550033569336,87.91000366210938,568,0.0,0.0
2024-05-28 12:55:00-04:00,87.80000305175781,87.87000274658203,87.77999877929688,87.77999877929688,1139,0.0,0.0
2024-05-28 12:56:00-04:00,87.76000213623047,87.76499938964844,87.76000213623047,87.76499938964844,787,0.0,0.0
2024-05-28 12:57:00-04:00,87.7249984741211,87.7249984741211,87.7249984741211,87.7249984741211,110,0.0,0.0
2024-05-28 12:58:00-04:00,87.7750015258789,87.7750015258789,87.7750015258789,87.7750015258789,685,0.0,0.0
2024-05-28 12:59:00-04:00,87.7750015258789,87.77999877929688,87.7750015258789,87.77999877929688,377,0.0,0.0
2024-05-28 13:00:00-04:00,87.78500366210938,87.78500366210938,87.75,87.75,797,0.0,0.0
2024-05-28 13:01:00-04:00,87.78500366210938,87.79000091552734,87.78500366210938,87.78500366210938,632,0.0,0.0
2024-05-28 13:02:00-04:00,87.7300033569336,87.73999786376953,87.72000122070312,87.72000122070312,1002,0.0,0.0
2024-05-28 13:03:00-04:00,87.72000122070312,87.72000122070312,87.72000122070312,87.72000122070312,350,0.0,0.0
2024-05-28 13:04:00-04:00,87.69000244140625,87.69000244140625,87.62999725341797,87.62999725341797,1096,0.0,0.0
2024-05-28 13:06:00-04:00,87.63999938964844,87.63999938964844,87.63999938964844,87.63999938964844,316,0.0,0.0
2024-05-28 13:07:00-04:00,87.75,87.7699966430664,87.73999786376953,87.75,2274,0.0,0.0
2024-05-28 13:08:00-04:00,87.79000091552734,87.80999755859375,87.79000091552734,87.80000305175781,1569,0.0,0.0
2024-05-28 13:10:00-04:00,87.83999633789062,87.83999633789062,87.79000091552734,87.79000091552734,374,0.0,0.0
2024-05-28 13:11:00-04:00,87.77999877929688,87.77999877929688,87.77999877929688,87.77999877929688,168,0.0,0.0
2024-05-28 13:12:00-04:00,87.83999633789062,87.83999633789062,87.83999633789062,87.83999633789062,574,0.0,0.0
2024-05-28 13:14:00-04:00,87.83999633789062,87.83999633789062,87.83999633789062,87.83999633789062,795,0.0,0.0
2024-05-28 13:15:00-04:00,87.80500030517578,87.83000183105469,87.80500030517578,87.83000183105469,292,0.0,0.0
2024-05-28 13:16:00-04:00,87.8499984741211,87.8499984741211,87.75,87.77999877929688,1598,0.0,0.0
2024-05-28 13:17:00-04:00,87.75,87.75,87.75,87.75,675,0.0,0.0
2024-05-28 13:20:00-04:00,87.74500274658203,87.74500274658203,87.74500274658203,87.74500274658203,345,0.0,0.0
2024-05-28 13:21:00-04:00,87.69000244140625,87.69000244140625,87.68000030517578,87.69000244140625,730,0.0,0.0
2024-05-28 13:22:00-04:00,87.66500091552734,87.66500091552734,87.66500091552734,87.66500091552734,219,0.0,0.0
2024-05-28 13:24:00-04:00,87.77999877929688,87.81999969482422,87.77999877929688,87.81999969482422,2208,0.0,0.0
2024-05-28 13:28:00-04:00,87.7300033569336,87.77999877929688,87.7300033569336,87.77999877929688,608,0.0,0.0
2024-05-28 13:29:00-04:00,87.77999877929688,87.83499908447266,87.77999877929688,87.83499908447266,674,0.0,0.0
2024-05-28 13:30:00-04:00,87.73999786376953,87.75499725341797,87.73999786376953,87.75499725341797,776,0.0,0.0
2024-05-28 13:32:00-04:00,87.77999877929688,87.77999877929688,87.77999877929688,87.77999877929688,386,0.0,0.0
2024-05-28 13:34:00-04:00,87.83999633789062,87.9000015258789,87.83999633789062,87.9000015258789,1624,0.0,0.0
2024-05-28 13:35:00-04:00,87.91000366210938,87.91999816894531,87.86499786376953,87.86499786376953,772,0.0,0.0
2024-05-28 13:36:00-04:00,87.91500091552734,87.91500091552734,87.91500091552734,87.91500091552734,330,0.0,0.0
2024-05-28 13:38:00-04:00,87.86499786376953,87.86499786376953,87.86499786376953,87.86499786376953,548,0.0,0.0
2024-05-28 13:39:00-04:00,87.86499786376953,87.86499786376953,87.86499786376953,87.86499786376953,273,0.0,0.0
2024-05-28 13:40:00-04:00,87.81999969482422,87.86000061035156,87.81999969482422,87.86000061035156,964,0.0,0.0
2024-05-28 13:43:00-04:00,87.81999969482422,87.81999969482422,87.81999969482422,87.81999969482422,154,0.0,0.0
2024-05-28 13:44:00-04:00,87.75499725341797,87.76000213623047,87.74500274658203,87.76000213623047,873,0.0,0.0
2024-05-28 13:45:00-04:00,87.62999725341797,87.77999877929688,87.62999725341797,87.77999877929688,502,0.0,0.0
2024-05-28 13:46:00-04:00,87.70500183105469,87.70500183105469,87.66500091552734,87.66500091552734,566,0.0,0.0
2024-05-28 13:47:00-04:00,87.58999633789062,87.58999633789062,87.58999633789062,87.58999633789062,315,0.0,0.0
2024-05-28 13:48:00-04:00,87.63999938964844,87.63999938964844,87.58999633789062,87.58999633789062,1456,0.0,0.0
2024-05-28 13:49:00-04:00,87.56999969482422,87.56999969482422,87.56999969482422,87.56999969482422,568,0.0,0.0
2024-05-28 13:50:00-04:00,87.5,87.53500366210938,87.5,87.53500366210938,708,0.0,0.0
2024-05-28 13:52:00-04:00,87.4000015258789,87.42500305175781,87.3550033569336,87.3550033569336,857,0.0,0.0
2024-05-28 13:53:00-04:00,87.43000030517578,87.48999786376953,87.43000030517578,87.45500183105469,3610,0.0,0.0
2024-05-28 13:56:00-04:00,87.43000030517578,87.43000030517578,87.3499984741211,87.41999816894531,1060,0.0,0.0
2024-05-28 13:58:00-04:00,87.54000091552734,87.55000305175781,87.52999877929688,87.55000305175781,1450,0.0,0.0
2024-05-28 14:00:00-04:00,87.5250015258789,87.5250015258789,87.5250015258789,87.5250015258789,605,0.0,0.0
2024-05-28 14:02:00-04:00,87.50499725341797,87.50499725341797,87.41999816894531,87.41999816894531,478,0.0,0.0
2024-05-28 14:03:00-04:00,87.48500061035156,87.48500061035156,87.48500061035156,87.48500061035156,614,0.0,0.0
2024-05-28 14:06:00-04:00,87.5,87.5,87.5,87.5,454,0.0,0.0
2024-05-28 14:08:00-04:00,87.58999633789062,87.58999633789062,87.58999633789062,87.58999633789062,1952,0.0,0.0
2024-05-28 14:14:00-04:00,87.61000061035156,87.625,87.61000061035156,87.625,1101,0.0,0.0
2024-05-28 14:15:00-04:00,87.56999969482422,87.56999969482422,87.4800033569336,87.5,3590,0.0,0.0
2024-05-28 14:17:00-04:00,87.43000030517578,87.43000030517578,87.43000030517578,87.43000030517578,327,0.0,0.0
2024-05-28 14:19:00-04:00,87.3499984741211,87.3499984741211,87.3499984741211,87.3499984741211,232,0.0,0.0
2024-05-28 14:21:00-04:00,87.31999969482422,87.31999969482422,87.30999755859375,87.30999755859375,469,0.0,0.0
2024-05-28 14:22:00-04:00,87.4000015258789,87.4000015258789,87.4000015258789,87.4000015258789,121,0.0,0.0
2024-05-28 14:23:00-04:00,87.29000091552734,87.29000091552734,87.29000091552734,87.29000091552734,280,0.0,0.0
2024-05-28 14:24:00-04:00,87.19000244140625,87.19000244140625,87.19000244140625,87.19000244140625,575,0.0,0.0
2024-05-28 14:25:00-04:00,87.19000244140625,87.23500061035156,87.1449966430664,87.1449966430664,1031,0.0,0.0
2024-05-28 14:26:00-04:00,87.20999908447266,87.20999908447266,87.20999908447266,87.20999908447266,163,0.0,0.0
2024-05-28 14:28:00-04:00,87.06999969482422,87.06999969482422,87.05999755859375,87.05999755859375,275,0.0,0.0
2024-05-28 14:29:00-04:00,87.16000366210938,87.16000366210938,87.0199966430664,87.06999969482422,1046,0.0,0.0
2024-05-28 14:30:00-04:00,87.0199966430664,87.0199966430664,87.0199966430664,87.0199966430664,519,0.0,0.0
2024-05-28 14:32:00-04:00,86.80999755859375,86.92500305175781,86.80999755859375,86.80999755859375,1015,0.0,0.0
2024-05-28 14:33:00-04:00,86.83499908447266,86.83499908447266,86.83499908447266,86.83499908447266,515,0.0,0.0
2024-05-28 14:34:00-04:00,86.83999633789062,86.83999633789062,86.7300033569336,86.7750015258789,1224,0.0,0.0
2024-05-28 14:35:00-04:00,86.69000244140625,86.69000244140625,86.69000244140625,86.69000244140625,109,0.0,0.0
2024-05-28 14:36:00-04:00,86.73999786376953,86.79000091552734,86.62999725341797,86.62999725341797,1959,0.0,0.0
2024-05-28 14:37:00-04:00,86.63999938964844,86.68000030517578,86.63999938964844,86.68000030517578,1041,0.0,0.0
2024-05-28 14:38:00-04:00,86.68000030517578,86.68000030517578,86.68000030517578,86.68000030517578,434,0.0,0.0
2024-05-28 14:40:00-04:00,86.73999786376953,86.79000091552734,86.73999786376953,86.79000091552734,4045,0.0,0.0
2024-05-28 14:42:00-04:00,86.7300033569336,86.7300033569336,86.69999694824219,86.69999694824219,480,0.0,0.0
2024-05-28 14:43:00-04:00,86.69999694824219,86.69999694824219,86.68000030517578,86.68000030517578,1089,0.0,0.0
2024-05-28 14:44:00-04:00,86.66999816894531,86.7699966430664,86.66999816894531,86.7699966430664,3801,0.0,0.0
2024-05-28 14:45:00-04:00,86.7300033569336,86.7300033569336,86.7300033569336,86.7300033569336,480,0.0,0.0
2024-05-28 14:46:00-04:00,86.69999694824219,86.69999694824219,86.69999694824219,86.69999694824219,853,0.0,0.0
2024-05-28 14:47:00-04:00,86.7699966430664,86.7699966430664,86.7699966430664,86.7699966430664,575,0.0,0.0
2024-05-28 14:50:00-04:00,86.69000244140625,86.7300033569336,86.68000030517578,86.68000030517578,1844,0.0,0.0
2024-05-28 14:51:00-04:00,86.69999694824219,86.69999694824219,86.69999694824219,86.69999694824219,159,0.0,0.0
2024-05-28 14:52:00-04:00,86.66999816894531,86.66999816894531,86.66999816894531,86.66999816894531,107,0.0,0.0
2024-05-28 14:53:00-04:00,86.73999786376953,86.73999786376953,86.70999908447266,86.70999908447266,1490,0.0,0.0
2024-05-28 14:54:00-04:00,86.69000244140625,86.69000244140625,86.66000366210938,86.66000366210938,417,0.0,0.0
2024-05-28 14:55:00-04:00,86.72000122070312,86.80000305175781,86.72000122070312,86.80000305175781,2598,0.0,0.0
2024-05-28 14:56:00-04:00,86.76499938964844,86.76499938964844,86.76499938964844,86.76499938964844,335,0.0,0.0
2024-05-28 14:57:00-04:00,86.80000305175781,86.86000061035156,86.80000305175781,86.83000183105469,2811,0.0,0.0
2024-05-28 14:59:00-04:00,86.83000183105469,86.83000183105469,86.83000183105469,86.83000183105469,461,0.0,0.0
2024-05-28 15:00:00-04:00,86.83999633789062,86.94999694824219,86.83999633789062,86.88999938964844,3972,0.0,0.0
2024-05-28 15:03:00-04:00,86.97000122070312,86.97000122070312,86.91000366210938,86.91000366210938,1157,0.0,0.0
2024-05-28 15:05:00-04:00,86.80999755859375,86.80999755859375,86.80999755859375,86.80999755859375,194,0.0,0.0
2024-05-28 15:06:00-04:00,86.88999938964844,86.9000015258789,86.87000274658203,86.88999938964844,2029,0.0,0.0
2024-05-28 15:07:00-04:00,86.86000061035156,86.86000061035156,86.86000061035156,86.86000061035156,1344,0.0,0.0
2024-05-28 15:08:00-04:00,86.83000183105469,86.83000183105469,86.83000183105469,86.83000183105469,303,0.0,0.0
2024-05-28 15:10:00-04:00,86.8499984741211,86.91000366210938,86.8499984741211,86.8550033569336,1780,0.0,0.0
2024-05-28 15:11:00-04:00,86.80000305175781,86.80000305175781,86.80000305175781,86.80000305175781,438,0.0,0.0
2024-05-28 15:12:00-04:00,86.77999877929688,86.77999877929688,86.73999786376953,86.75,695,0.0,0.0
2024-05-28 15:13:00-04:00,86.73500061035156,86.73500061035156,86.73500061035156,86.73500061035156,212,0.0,0.0
2024-05-28 15:14:00-04:00,86.79000091552734,86.81999969482422,86.76499938964844,86.81999969482422,2380,0.0,0.0
2024-05-28 15:15:00-04:00,86.77999877929688,86.77999877929688,86.7300033569336,86.7300033569336,868,0.0,0.0
2024-05-28 15:18:00-04:00,86.7300033569336,86.79000091552734,86.7300033569336,86.79000091552734,1601,0.0,0.0
2024-05-28 15:19:00-04:00,86.83000183105469,86.83000183105469,86.81500244140625,86.81500244140625,1103,0.0,0.0
2024-05-28 15:21:00-04:00,86.8499984741211,86.8499984741211,86.79000091552734,86.79000091552734,1647,0.0,0.0
2024-05-28 15:22:00-04:00,86.76000213623047,86.7699966430664,86.75,86.75,639,0.0,0.0
2024-05-28 15:24:00-04:00,86.75,86.76000213623047,86.75,86.76000213623047,2513,0.0,0.0
2024-05-28 15:25:00-04:00,86.80000305175781,86.88999938964844,86.80000305175781,86.80999755859375,2364,0.0,0.0
2024-05-28 15:26:00-04:00,86.80500030517578,86.80500030517578,86.77999877929688,86.77999877929688,590,0.0,0.0
2024-05-28 15:28:00-04:00,86.80000305175781,86.80999755859375,86.80000305175781,86.80999755859375,1549,0.0,0.0
2024-05-28 15:29:00-04:00,86.75,86.75,86.75,86.75,825,0.0,0.0
2024-05-28 15:31:00-04:00,86.7750015258789,86.7750015258789,86.7750015258789,86.7750015258789,337,0.0,0.0
2024-05-28 15:32:00-04:00,86.80000305175781,86.81999969482422,86.80000305175781,86.81999969482422,1530,0.0,0.0
2024-05-28 15:33:00-04:00,86.80999755859375,86.83000183105469,86.80999755859375,86.83000183105469,2676,0.0,0.0
2024-05-28 15:34:00-04:00,86.8499984741211,86.8499984741211,86.76000213623047,86.76000213623047,2074,0.0,0.0
2024-05-28 15:35:00-04:00,86.75,86.75,86.66000366210938,86.69499969482422,1615,0.0,0.0
2024-05-28 15:36:00-04:00,86.70500183105469,86.70500183105469,86.68000030517578,86.68000030517578,415,0.0,0.0
2024-05-28 15:37:00-04:00,86.69999694824219,86.73999786376953,86.69999694824219,86.7300033569336,1821,0.0,0.0
2024-05-28 15:38:00-04:00,86.70999908447266,86.70999908447266,86.69999694824219,86.69999694824219,708,0.0,0.0
2024-05-28 15:39:00-04:00,86.70500183105469,86.70999908447266,86.70500183105469,86.70500183105469,1034,0.0,0.0
2024-05-28 15:40:00-04:00,86.70999908447266,86.75,86.70999908447266,86.75,3056,0.0,0.0
2024-05-28 15:41:00-04:00,86.75,86.75,86.68000030517578,86.68000030517578,3693,0.0,0.0
2024-05-28 15:42:00-04:00,86.70950317382812,86.72000122070312,86.69999694824219,86.69999694824219,4038,0.0,0.0
2024-05-28 15:43:00-04:00,86.68000030517578,86.68000030517578,86.63999938964844,86.66000366210938,2296,0.0,0.0
2024-05-28 15:44:00-04:00,86.67500305175781,86.67500305175781,86.62000274658203,86.62000274658203,670,0.0,0.0
2024-05-28 15:45:00-04:00,86.59500122070312,86.69000244140625,86.59500122070312,86.68000030517578,4547,0.0,0.0
2024-05-28 15:46:00-04:00,86.69999694824219,86.75,86.68499755859375,86.72000122070312,2467,0.0,0.0
2024-05-28 15:47:00-04:00,86.72000122070312,86.72000122070312,86.66000366210938,86.66000366210938,3063,0.0,0.0
2024-05-28 15:48:00-04:00,86.5999984741211,86.63999938964844,86.5999984741211,86.62999725341797,2657,0.0,0.0
2024-05-28 15:49:00-04:00,86.625,86.69499969482422,86.625,86.69499969482422,5516,0.0,0.0
2024-05-28 15:50:00-04:00,86.66000366210938,86.70999908447266,86.58999633789062,86.69499969482422,6721,0.0,0.0
2024-05-28 15:51:00-04:00,86.69000244140625,86.80000305175781,86.66999816894531,86.76499938964844,5647,0.0,0.0
2024-05-28 15:52:00-04:00,86.77999877929688,86.875,86.76499938964844,86.875,3176,0.0,0.0
2024-05-28 15:53:00-04:00,86.88999938964844,86.88999938964844,86.86000061035156,86.87999725341797,4108,0.0,0.0
2024-05-28 15:54:00-04:00,86.88999938964844,86.91000366210938,86.86000061035156,86.87999725341797,6019,0.0,0.0
2024-05-28 15:55:00-04:00,86.86000061035156,86.86000061035156,86.70999908447266,86.77999877929688,8561,0.0,0.0
2024-05-28 15:56:00-04:00,86.79000091552734,86.83999633789062,86.77999877929688,86.80000305175781,7679,0.0,0.0
2024-05-28 15:57:00-04:00,86.79000091552734,86.79000091552734,86.72000122070312,86.72000122070312,6177,0.0,0.0
2024-05-28 15:58:00-04:00,86.73999786376953,86.73999786376953,86.62000274658203,86.62999725341797,17593,0.0,0.0
2024-05-28 15:59:00-04:00,86.63999938964844,86.70999908447266,86.61000061035156,86.69400024414062,43908,0.0,0.0
2024-05-29 09:30:00-04:00,85.62999725341797,85.7699966430664,85.13999938964844,85.34770202636719,5455,0.0,0.0
2024-05-29 09:31:00-04:00,85.68910217285156,85.68910217285156,85.2699966430664,85.2699966430664,372,0.0,0.0
2024-05-29 09:32:00-04:00,85.41999816894531,85.41999816894531,85.41999816894531,85.41999816894531,292,0.0,0.0
2024-05-29 09:35:00-04:00,85.69999694824219,85.8499984741211,85.68000030517578,85.80999755859375,2379,0.0,0.0
2024-05-29 09:38:00-04:00,85.86000061035156,85.86000061035156,85.86000061035156,85.86000061035156,291,0.0,0.0
2024-05-29 09:41:00-04:00,85.77999877929688,85.77999877929688,85.77999877929688,85.77999877929688,357,0.0,0.0
2024-05-29 09:42:00-04:00,85.75,85.75,85.75,85.75,702,0.0,0.0
2024-05-29 09:44:00-04:00,85.7699966430664,85.7699966430664,85.7699966430664,85.7699966430664,623,0.0,0.0
2024-05-29 09:47:00-04:00,85.56999969482422,85.76000213623047,85.56999969482422,85.76000213623047,628,0.0,0.0
2024-05-29 09:49:00-04:00,85.76499938964844,85.76499938964844,85.76499938964844,85.76499938964844,706,0.0,0.0
2024-05-29 09:51:00-04:00,85.79499816894531,85.82499694824219,85.79499816894531,85.82499694824219,297,0.0,0.0
2024-05-29 09:52:00-04:00,85.98999786376953,86.06500244140625,85.98999786376953,86.06500244140625,1408,0.0,0.0
2024-05-29 09:54:00-04:00,86.0,86.00499725341797,86.0,86.00499725341797,389,0.0,0.0
2024-05-29 09:56:00-04:00,85.98500061035156,85.98500061035156,85.98500061035156,85.98500061035156,169,0.0,0.0
2024-05-29 09:57:00-04:00,86.09770202636719,86.0999984741211,86.09770202636719,86.0999984741211,768,0.0,0.0
2024-05-29 09:58:00-04:00,86.125,86.125,86.125,86.125,581,0.0,0.0
2024-05-29 10:00:00-04:00,86.18000030517578,86.2699966430664,86.0,86.03260040283203,1635,0.0,0.0
2024-05-29 10:01:00-04:00,86.2699966430664,86.32499694824219,86.2699966430664,86.32499694824219,771,0.0,0.0
2024-05-29 10:02:00-04:00,86.1449966430664,86.1449966430664,86.1449966430664,86.1449966430664,136,0.0,0.0
2024-05-29 10:03:00-04:00,86.11000061035156,86.11000061035156,85.89299774169922,85.89299774169922,1956,0.0,0.0
2024-05-29 10:04:00-04:00,85.94999694824219,85.94999694824219,85.94999694824219,85.94999694824219,103,0.0,0.0
2024-05-29 10:05:00-04:00,85.98999786376953,85.98999786376953,85.9000015258789,85.9000015258789,308,0.0,0.0
2024-05-29 10:06:00-04:00,85.86000061035156,85.86000061035156,85.86000061035156,85.86000061035156,727,0.0,0.0
2024-05-29 10:07:00-04:00,85.8499984741211,85.8499984741211,85.8499984741211,85.8499984741211,682,0.0,0.0
2024-05-29 10:08:00-04:00,85.81999969482422,85.8499984741211,85.81999969482422,85.8499984741211,1657,0.0,0.0
2024-05-29 10:10:00-04:00,85.88500213623047,85.88500213623047,85.88500213623047,85.88500213623047,188,0.0,0.0
2024-05-29 10:11:00-04:00,85.93000030517578,86.0199966430664,85.88999938964844,86.0199966430664,2063,0.0,0.0
2024-05-29 10:12:00-04:00,86.05000305175781,86.05000305175781,86.05000305175781,86.05000305175781,247,0.0,0.0
2024-05-29 10:13:00-04:00,86.20999908447266,86.20999908447266,86.20999908447266,86.20999908447266,703,0.0,0.0
2024-05-29 10:17:00-04:00,85.86000061035156,85.87999725341797,85.86000061035156,85.87999725341797,428,0.0,0.0
2024-05-29 10:19:00-04:00,85.80000305175781,85.8499984741211,85.80000305175781,85.8499984741211,250,0.0,0.0
2024-05-29 10:20:00-04:00,85.875,85.875,85.875,85.875,926,0.0,0.0
2024-05-29 10:24:00-04:00,86.05999755859375,86.11000061035156,86.05999755859375,86.11000061035156,790,0.0,0.0
2024-05-29 10:25:00-04:00,86.11000061035156,86.20500183105469,86.11000061035156,86.20500183105469,1312,0.0,0.0
2024-05-29 10:26:00-04:00,86.08000183105469,86.08000183105469,86.08000183105469,86.08000183105469,336,0.0,0.0
2024-05-29 10:28:00-04:00,86.2300033569336,86.2300033569336,86.2300033569336,86.2300033569336,271,0.0,0.0
2024-05-29 10:29:00-04:00,86.0999984741211,86.17500305175781,86.08000183105469,86.17500305175781,1667,0.0,0.0
2024-05-29 10:33:00-04:00,86.30000305175781,86.45999908447266,86.30000305175781,86.41999816894531,1550,0.0,0.0
2024-05-29 10:34:00-04:00,86.375,86.41000366210938,86.375,86.41000366210938,756,0.0,0.0
2024-05-29 10:35:00-04:00,86.44999694824219,86.5199966430664,86.44999694824219,86.5199966430664,822,0.0,0.0
2024-05-29 10:36:00-04:00,86.5199966430664,86.58000183105469,86.5199966430664,86.58000183105469,428,0.0,0.0
2024-05-29 10:37:00-04:00,86.58999633789062,86.58999633789062,86.48999786376953,86.48999786376953,879,0.0,0.0
2024-05-29 10:38:00-04:00,86.58000183105469,86.58000183105469,86.51000213623047,86.51000213623047,832,0.0,0.0
2024-05-29 10:39:00-04:00,86.53710174560547,86.53710174560547,86.45999908447266,86.51000213623047,2158,0.0,0.0
2024-05-29 10:40:00-04:00,86.45999908447266,86.51000213623047,86.41500091552734,86.41500091552734,1080,0.0,0.0
2024-05-29 10:41:00-04:00,86.55999755859375,86.55999755859375,86.55999755859375,86.55999755859375,919,0.0,0.0
2024-05-29 10:42:00-04:00,86.37000274658203,86.37000274658203,86.29000091552734,86.29000091552734,1329,0.0,0.0
2024-05-29 10:48:00-04:00,86.13999938964844,86.13999938964844,86.13999938964844,86.13999938964844,252,0.0,0.0
2024-05-29 10:49:00-04:00,86.01000213623047,86.04499816894531,86.01000213623047,86.04499816894531,1205,0.0,0.0
2024-05-29 10:51:00-04:00,86.0199966430664,86.0199966430664,86.0199966430664,86.0199966430664,479,0.0,0.0
2024-05-29 10:52:00-04:00,86.06999969482422,86.06999969482422,86.06999969482422,86.06999969482422,1531,0.0,0.0
2024-05-29 10:57:00-04:00,85.95500183105469,86.11000061035156,85.95500183105469,86.11000061035156,271,0.0,0.0
2024-05-29 10:58:00-04:00,86.0199966430664,86.0199966430664,86.0199966430664,86.0199966430664,244,0.0,0.0
2024-05-29 10:59:00-04:00,86.01499938964844,86.01499938964844,85.9800033569336,85.9800033569336,612,0.0,0.0
2024-05-29 11:01:00-04:00,86.00499725341797,86.00499725341797,86.00499725341797,86.00499725341797,492,0.0,0.0
2024-05-29 11:02:00-04:00,85.94000244140625,85.94000244140625,85.94000244140625,85.94000244140625,272,0.0,0.0
2024-05-29 11:03:00-04:00,86.01499938964844,86.01499938964844,85.94999694824219,85.94999694824219,303,0.0,0.0
2024-05-29 11:04:00-04:00,86.05999755859375,86.05999755859375,86.05999755859375,86.05999755859375,211,0.0,0.0
2024-05-29 11:05:00-04:00,86.01499938964844,86.05999755859375,86.01499938964844,86.05999755859375,389,0.0,0.0
2024-05-29 11:06:00-04:00,85.97000122070312,86.01000213623047,85.88999938964844,85.92749786376953,4244,0.0,0.0
2024-05-29 11:07:00-04:00,86.08999633789062,86.08999633789062,86.0199966430664,86.0250015258789,746,0.0,0.0
2024-05-29 11:09:00-04:00,85.9800033569336,85.9800033569336,85.9800033569336,85.9800033569336,632,0.0,0.0
2024-05-29 11:10:00-04:00,85.94000244140625,85.9800033569336,85.88999938964844,85.9800033569336,1543,0.0,0.0
2024-05-29 11:11:00-04:00,86.05000305175781,86.05000305175781,86.04000091552734,86.05000305175781,1436,0.0,0.0
2024-05-29 11:12:00-04:00,86.05000305175781,86.05000305175781,86.05000305175781,86.05000305175781,426,0.0,0.0
2024-05-29 11:14:00-04:00,85.95999908447266,85.95999908447266,85.80000305175781,85.80000305175781,1373,0.0,0.0
2024-05-29 11:17:00-04:00,85.77909851074219,85.80000305175781,85.73999786376953,85.80000305175781,2112,0.0,0.0
2024-05-29 11:18:00-04:00,85.6500015258789,85.6500015258789,85.6500015258789,85.6500015258789,112,0.0,0.0
2024-05-29 11:19:00-04:00,85.58999633789062,85.71499633789062,85.58999633789062,85.62000274658203,2548,0.0,0.0
2024-05-29 11:20:00-04:00,85.69999694824219,85.69999694824219,85.69999694824219,85.69999694824219,558,0.0,0.0
2024-05-29 11:23:00-04:00,85.63999938964844,85.63999938964844,85.63999938964844,85.63999938964844,284,0.0,0.0
2024-05-29 11:24:00-04:00,85.70999908447266,85.70999908447266,85.70999908447266,85.70999908447266,918,0.0,0.0
2024-05-29 11:26:00-04:00,85.6500015258789,85.6500015258789,85.61000061035156,85.61000061035156,1305,0.0,0.0
2024-05-29 11:28:00-04:00,85.4800033569336,85.48999786376953,85.43000030517578,85.48500061035156,928,0.0,0.0
2024-05-29 11:29:00-04:00,85.43000030517578,85.45999908447266,85.37000274658203,85.37000274658203,2189,0.0,0.0
2024-05-29 11:30:00-04:00,85.3499984741211,85.3499984741211,85.20899963378906,85.20899963378906,1831,0.0,0.0
2024-05-29 11:32:00-04:00,85.21499633789062,85.25,85.1760025024414,85.18399810791016,1319,0.0,0.0
2024-05-29 11:33:00-04:00,85.18299865722656,85.19999694824219,85.16999816894531,85.16999816894531,635,0.0,0.0
2024-05-29 11:34:00-04:00,85.25,85.25,85.19599914550781,85.19599914550781,1135,0.0,0.0
2024-05-29 11:36:00-04:00,85.24500274658203,85.37000274658203,85.16999816894531,85.29000091552734,5838,0.0,0.0
2024-05-29 11:37:00-04:00,85.26000213623047,85.33000183105469,85.18000030517578,85.2750015258789,8067,0.0,0.0
2024-05-29 11:40:00-04:00,85.25,85.27999877929688,85.25,85.27999877929688,956,0.0,0.0
2024-05-29 11:42:00-04:00,85.31500244140625,85.31500244140625,85.2699966430664,85.2699966430664,404,0.0,0.0
2024-05-29 11:43:00-04:00,85.37000274658203,85.37000274658203,85.27999877929688,85.27999877929688,3391,0.0,0.0
2024-05-29 11:44:00-04:00,85.33499908447266,85.33499908447266,85.23999786376953,85.23999786376953,1743,0.0,0.0
2024-05-29 11:45:00-04:00,85.30500030517578,85.30999755859375,85.25,85.25,567,0.0,0.0
2024-05-29 11:46:00-04:00,85.26000213623047,85.26000213623047,85.26000213623047,85.26000213623047,286,0.0,0.0
2024-05-29 11:47:00-04:00,85.25,85.25,85.23999786376953,85.23999786376953,507,0.0,0.0
2024-05-29 11:48:00-04:00,85.27999877929688,85.30999755859375,85.27999877929688,85.30999755859375,621,0.0,0.0
2024-05-29 11:50:00-04:00,85.31999969482422,85.45999908447266,85.24700164794922,85.45999908447266,5030,0.0,0.0
2024-05-29 11:52:00-04:00,85.45500183105469,85.45500183105469,85.44000244140625,85.44000244140625,764,0.0,0.0
2024-05-29 11:54:00-04:00,85.5,85.63999938964844,85.5,85.63999938964844,2093,0.0,0.0
2024-05-29 11:55:00-04:00,85.63999938964844,85.66000366210938,85.60540008544922,85.66000366210938,986,0.0,0.0
2024-05-29 11:57:00-04:00,85.5999984741211,85.61000061035156,85.5999984741211,85.5999984741211,1363,0.0,0.0
2024-05-29 11:58:00-04:00,85.61000061035156,85.61000061035156,85.51000213623047,85.51000213623047,2077,0.0,0.0
2024-05-29 12:00:00-04:00,85.45999908447266,85.45999908447266,85.38999938964844,85.38999938964844,2496,0.0,0.0
2024-05-29 12:03:00-04:00,85.31999969482422,85.31999969482422,85.31999969482422,85.31999969482422,1724,0.0,0.0
2024-05-29 12:07:00-04:00,85.3499984741211,85.3499984741211,85.3499984741211,85.3499984741211,445,0.0,0.0
2024-05-29 12:08:00-04:00,85.38040161132812,85.38040161132812,85.38040161132812,85.38040161132812,339,0.0,0.0
2024-05-29 12:09:00-04:00,85.42500305175781,85.42500305175781,85.42500305175781,85.42500305175781,528,0.0,0.0
2024-05-29 12:10:00-04:00,85.33999633789062,85.33999633789062,85.31999969482422,85.31999969482422,622,0.0,0.0
2024-05-29 12:11:00-04:00,85.38999938964844,85.47000122070312,85.38999938964844,85.47000122070312,1005,0.0,0.0
2024-05-29 12:13:00-04:00,85.30999755859375,85.30999755859375,85.30999755859375,85.30999755859375,850,0.0,0.0
2024-05-29 12:16:00-04:00,85.27999877929688,85.27999877929688,85.27999877929688,85.27999877929688,745,0.0,0.0
2024-05-29 12:18:00-04:00,85.31500244140625,85.31500244140625,85.31500244140625,85.31500244140625,231,0.0,0.0
2024-05-29 12:19:00-04:00,85.37000274658203,85.41999816894531,85.37000274658203,85.37999725341797,3320,0.0,0.0
2024-05-29 12:20:00-04:00,85.43000030517578,85.44000244140625,85.43000030517578,85.44000244140625,434,0.0,0.0
2024-05-29 12:21:00-04:00,85.38999938964844,85.44999694824219,85.38999938964844,85.44999694824219,599,0.0,0.0
2024-05-29 12:22:00-04:00,85.41999816894531,85.45999908447266,85.41999816894531,85.45999908447266,872,0.0,0.0
2024-05-29 12:25:00-04:00,85.51000213623047,85.51000213623047,85.5,85.5,619,0.0,0.0
2024-05-29 12:27:00-04:00,85.50499725341797,85.50499725341797,85.50499725341797,85.50499725341797,1085,0.0,0.0
2024-05-29 12:29:00-04:00,85.47000122070312,85.47000122070312,85.45999908447266,85.45999908447266,1125,0.0,0.0
2024-05-29 12:30:00-04:00,85.44999694824219,85.44999694824219,85.3949966430664,85.3949966430664,1805,0.0,0.0
2024-05-29 12:31:00-04:00,85.43499755859375,85.43499755859375,85.43499755859375,85.43499755859375,422,0.0,0.0
2024-05-29 12:32:00-04:00,85.45999908447266,85.45999908447266,85.45999908447266,85.45999908447266,1718,0.0,0.0
2024-05-29 12:34:00-04:00,85.48999786376953,85.48999786376953,85.48999786376953,85.48999786376953,1452,0.0,0.0
2024-05-29 12:39:00-04:00,85.50499725341797,85.50499725341797,85.4000015258789,85.4000015258789,1493,0.0,0.0
2024-05-29 12:40:00-04:00,85.4000015258789,85.4000015258789,85.3949966430664,85.3949966430664,497,0.0,0.0
2024-05-29 12:41:00-04:00,85.3499984741211,85.3499984741211,85.3499984741211,85.3499984741211,1013,0.0,0.0
2024-05-29 12:44:00-04:00,85.23999786376953,85.23999786376953,85.23999786376953,85.23999786376953,563,0.0,0.0
2024-05-29 12:45:00-04:00,85.19000244140625,85.37000274658203,85.19000244140625,85.3550033569336,4183,0.0,0.0
2024-05-29 12:46:00-04:00,85.41000366210938,85.44000244140625,85.41000366210938,85.44000244140625,988,0.0,0.0
2024-05-29 12:47:00-04:00,85.37000274658203,85.44000244140625,85.37000274658203,85.44000244140625,1377,0.0,0.0
2024-05-29 12:48:00-04:00,85.5,85.52999877929688,85.45999908447266,85.52999877929688,1136,0.0,0.0
2024-05-29 12:50:00-04:00,85.45999908447266,85.45999908447266,85.45999908447266,85.45999908447266,716,0.0,0.0
2024-05-29 12:51:00-04:00,85.41000366210938,85.41000366210938,85.41000366210938,85.41000366210938,294,0.0,0.0
2024-05-29 12:52:00-04:00,85.4800033569336,85.4800033569336,85.4800033569336,85.4800033569336,430,0.0,0.0
2024-05-29 12:54:00-04:00,85.5198974609375,85.5198974609375,85.5198974609375,85.5198974609375,1770,0.0,0.0
2024-05-29 12:59:00-04:00,85.45999908447266,85.45999908447266,85.41000366210938,85.41000366210938,440,0.0,0.0
2024-05-29 13:00:00-04:00,85.38999938964844,85.4000015258789,85.18569946289062,85.18569946289062,2866,0.0,0.0
2024-05-29 13:01:00-04:00,85.31999969482422,85.31999969482422,85.16999816894531,85.16999816894531,1767,0.0,0.0
2024-05-29 13:05:00-04:00,85.19999694824219,85.22000122070312,85.19999694824219,85.22000122070312,2362,0.0,0.0
2024-05-29 13:07:00-04:00,85.12000274658203,85.12000274658203,85.12000274658203,85.12000274658203,195,0.0,0.0
2024-05-29 13:09:00-04:00,85.23999786376953,85.23999786376953,85.18499755859375,85.18499755859375,553,0.0,0.0
2024-05-29 13:10:00-04:00,85.23999786376953,85.26000213623047,85.2239990234375,85.2239990234375,2359,0.0,0.0
2024-05-29 13:11:00-04:00,85.18000030517578,85.18000030517578,85.18000030517578,85.18000030517578,303,0.0,0.0
2024-05-29 13:12:00-04:00,85.25,85.25,85.16999816894531,85.18000030517578,2315,0.0,0.0
2024-05-29 13:15:00-04:00,85.16999816894531,85.16999816894531,85.1500015258789,85.1500015258789,1231,0.0,0.0
2024-05-29 13:16:00-04:00,85.12000274658203,85.12999725341797,85.12000274658203,85.12999725341797,777,0.0,0.0
2024-05-29 13:17:00-04:00,85.1449966430664,85.1449966430664,84.98999786376953,85.0,5010,0.0,0.0
2024-05-29 13:18:00-04:00,85.01000213623047,85.01000213623047,85.01000213623047,85.01000213623047,849,0.0,0.0
2024-05-29 13:20:00-04:00,85.0199966430664,85.13999938964844,85.0199966430664,85.05999755859375,4419,0.0,0.0
2024-05-29 13:21:00-04:00,85.13999938964844,85.1500015258789,85.13999938964844,85.1500015258789,1345,0.0,0.0
2024-05-29 13:22:00-04:00,85.1449966430664,85.1449966430664,85.1449966430664,85.1449966430664,1366,0.0,0.0
2024-05-29 13:23:00-04:00,85.16999816894531,85.16999816894531,85.16999816894531,85.16999816894531,253,0.0,0.0
2024-05-29 13:24:00-04:00,85.19999694824219,85.25,85.18499755859375,85.25,1991,0.0,0.0
2024-05-29 13:25:00-04:00,85.19000244140625,85.19000244140625,85.0999984741211,85.0999984741211,1681,0.0,0.0
2024-05-29 13:26:00-04:00,85.0999984741211,85.0999984741211,85.00499725341797,85.00499725341797,2998,0.0,0.0
2024-05-29 13:28:00-04:00,85.13999938964844,85.16999816894531,85.04499816894531,85.11000061035156,3320,0.0,0.0
2024-05-29 13:30:00-04:00,85.0999984741211,85.0999984741211,85.0999984741211,85.0999984741211,1177,0.0,0.0
2024-05-29 13:34:00-04:00,85.13999938964844,85.13999938964844,85.13999938964844,85.13999938964844,817,0.0,0.0
2024-05-29 13:35:00-04:00,85.07499694824219,85.07499694824219,85.05999755859375,85.05999755859375,361,0.0,0.0
2024-05-29 13:36:00-04:00,85.06999969482422,85.06999969482422,85.05999755859375,85.05999755859375,2337,0.0,0.0
2024-05-29 13:39:00-04:00,85.12999725341797,85.13999938964844,85.12999725341797,85.13999938964844,616,0.0,0.0
2024-05-29 13:40:00-04:00,85.06999969482422,85.06999969482422,85.06999969482422,85.06999969482422,538,0.0,0.0
2024-05-29 13:41:00-04:00,85.02999877929688,85.04000091552734,85.02999877929688,85.04000091552734,659,0.0,0.0
2024-05-29 13:42:00-04:00,85.02999877929688,85.06999969482422,85.02999877929688,85.06999969482422,753,0.0,0.0
2024-05-29 13:43:00-04:00,85.06999969482422,85.18000030517578,85.06999969482422,85.13999938964844,2771,0.0,0.0
2024-05-29 13:44:00-04:00,85.12999725341797,85.16999816894531,85.12999725341797,85.16999816894531,328,0.0,0.0
2024-05-29 13:45:00-04:00,85.125,85.19999694824219,85.125,85.19999694824219,1774,0.0,0.0
2024-05-29 13:46:00-04:00,85.17500305175781,85.20999908447266,85.17500305175781,85.20999908447266,1444,0.0,0.0
2024-05-29 13:47:00-04:00,85.19499969482422,85.19499969482422,85.19499969482422,85.19499969482422,389,0.0,0.0
2024-05-29 13:48:00-04:00,85.19999694824219,85.19999694824219,85.19999694824219,85.19999694824219,619,0.0,0.0
2024-05-29 13:49:00-04:00,85.22000122070312,85.23999786376953,85.22000122070312,85.2249984741211,1198,0.0,0.0
2024-05-29 13:50:00-04:00,85.25,85.31999969482422,85.2300033569336,85.30500030517578,2141,0.0,0.0
2024-05-29 13:51:00-04:00,85.2699966430664,85.2699966430664,85.25,85.26000213623047,1244,0.0,0.0
2024-05-29 13:52:00-04:00,85.31890106201172,85.37999725341797,85.30500030517578,85.37999725341797,2185,0.0,0.0
2024-05-29 13:56:00-04:00,85.33999633789062,85.33999633789062,85.33999633789062,85.33999633789062,980,0.0,0.0
2024-05-29 13:57:00-04:00,85.38999938964844,85.38999938964844,85.38999938964844,85.38999938964844,704,0.0,0.0
2024-05-29 13:58:00-04:00,85.41000366210938,85.44000244140625,85.41000366210938,85.44000244140625,1454,0.0,0.0
2024-05-29 13:59:00-04:00,85.44000244140625,85.44000244140625,85.4000015258789,85.4000015258789,1447,0.0,0.0
2024-05-29 14:00:00-04:00,85.43499755859375,85.43499755859375,85.38999938964844,85.38999938964844,1325,0.0,0.0
2024-05-29 14:02:00-04:00,85.38999938964844,85.38999938964844,85.36000061035156,85.36000061035156,1661,0.0,0.0
2024-05-29 14:05:00-04:00,85.4000015258789,85.4000015258789,85.4000015258789,85.4000015258789,571,0.0,0.0
2024-05-29 14:06:00-04:00,85.4000015258789,85.43000030517578,85.4000015258789,85.43000030517578,992,0.0,0.0
2024-05-29 14:07:00-04:00,85.41999816894531,85.41999816894531,85.41999816894531,85.41999816894531,242,0.0,0.0
2024-05-29 14:08:00-04:00,85.41500091552734,85.44000244140625,85.41500091552734,85.44000244140625,549,0.0,0.0
2024-05-29 14:09:00-04:00,85.47000122070312,85.47000122070312,85.47000122070312,85.47000122070312,1944,0.0,0.0
2024-05-29 14:10:00-04:00,85.47000122070312,85.4800033569336,85.47000122070312,85.4800033569336,1220,0.0,0.0
2024-05-29 14:13:00-04:00,85.43000030517578,85.5,85.43000030517578,85.5,1096,0.0,0.0
2024-05-29 14:14:00-04:00,85.54000091552734,85.55000305175781,85.54000091552734,85.55000305175781,1000,0.0,0.0
2024-05-29 14:16:00-04:00,85.50499725341797,85.50499725341797,85.45999908447266,85.45999908447266,804,0.0,0.0
2024-05-29 14:18:00-04:00,85.51499938964844,85.51499938964844,85.51499938964844,85.51499938964844,622,0.0,0.0
2024-05-29 14:19:00-04:00,85.54000091552734,85.54000091552734,85.54000091552734,85.54000091552734,513,0.0,0.0
2024-05-29 14:20:00-04:00,85.54989624023438,85.58999633789062,85.54989624023438,85.58999633789062,2458,0.0,0.0
2024-05-29 14:21:00-04:00,85.5999984741211,85.5999984741211,85.5999984741211,85.5999984741211,265,0.0,0.0
2024-05-29 14:22:00-04:00,85.56999969482422,85.56999969482422,85.55000305175781,85.56999969482422,3550,0.0,0.0
2024-05-29 14:24:00-04:00,85.4800033569336,85.4800033569336,85.47000122070312,85.47000122070312,627,0.0,0.0
2024-05-29 14:27:00-04:00,85.45999908447266,85.45999908447266,85.33999633789062,85.36000061035156,1861,0.0,0.0
2024-05-29 14:28:00-04:00,85.44000244140625,85.44000244140625,85.41000366210938,85.41000366210938,533,0.0,0.0
2024-05-29 14:29:00-04:00,85.41000366210938,85.41000366210938,85.31999969482422,85.31999969482422,1372,0.0,0.0
2024-05-29 14:30:00-04:00,85.36000061035156,85.36000061035156,85.36000061035156,85.36000061035156,691,0.0,0.0
2024-05-29 14:33:00-04:00,85.30999755859375,85.3499984741211,85.27999877929688,85.27999877929688,1148,0.0,0.0
2024-05-29 14:34:00-04:00,85.3125,85.31999969482422,85.3125,85.31999969482422,492,0.0,0.0
2024-05-29 14:35:00-04:00,85.37999725341797,85.38999938964844,85.37000274658203,85.38999938964844,4119,0.0,0.0
2024-05-29 14:36:00-04:00,85.4000015258789,85.4000015258789,85.4000015258789,85.4000015258789,435,0.0,0.0
2024-05-29 14:38:00-04:00,85.41999816894531,85.41999816894531,85.41999816894531,85.41999816894531,503,0.0,0.0
2024-05-29 14:39:00-04:00,85.37000274658203,85.37000274658203,85.37000274658203,85.37000274658203,748,0.0,0.0
2024-05-29 14:40:00-04:00,85.37000274658203,85.37000274658203,85.36000061035156,85.37000274658203,976,0.0,0.0
2024-05-29 14:41:00-04:00,85.40499877929688,85.47000122070312,85.40499877929688,85.45999908447266,2743,0.0,0.0
2024-05-29 14:42:00-04:00,85.4800033569336,85.51000213623047,85.4800033569336,85.51000213623047,1129,0.0,0.0
2024-05-29 14:43:00-04:00,85.49500274658203,85.5199966430664,85.49500274658203,85.5199966430664,1081,0.0,0.0
2024-05-29 14:45:00-04:00,85.45999908447266,85.45999908447266,85.44499969482422,85.44499969482422,1932,0.0,0.0
2024-05-29 14:46:00-04:00,85.41999816894531,85.41999816894531,85.41999816894531,85.41999816894531,1187,0.0,0.0
2024-05-29 14:50:00-04:00,85.41999816894531,85.41999816894531,85.41999816894531,85.41999816894531,1285,0.0,0.0
2024-05-29 14:53:00-04:00,85.3499984741211,85.3499984741211,85.3499984741211,85.3499984741211,1541,0.0,0.0
2024-05-29 14:56:00-04:00,85.41999816894531,85.41999816894531,85.40499877929688,85.41500091552734,2963,0.0,0.0
2024-05-29 14:58:00-04:00,85.41999816894531,85.43000030517578,85.41999816894531,85.43000030517578,1050,0.0,0.0
2024-05-29 14:59:00-04:00,85.4000015258789,85.4000015258789,85.37999725341797,85.37999725341797,1019,0.0,0.0
2024-05-29 15:00:00-04:00,85.36000061035156,85.36000061035156,85.3499984741211,85.3499984741211,1093,0.0,0.0
2024-05-29 15:01:00-04:00,85.43000030517578,85.43000030517578,85.43000030517578,85.43000030517578,579,0.0,0.0
2024-05-29 15:02:00-04:00,85.4000015258789,85.44000244140625,85.4000015258789,85.44000244140625,1669,0.0,0.0
2024-05-29 15:03:00-04:00,85.45999908447266,85.48999786376953,85.45999908447266,85.48999786376953,1541,0.0,0.0
2024-05-29 15:04:00-04:00,85.44000244140625,85.44000244140625,85.44000244140625,85.44000244140625,951,0.0,0.0
2024-05-29 15:05:00-04:00,85.43000030517578,85.43000030517578,85.41999816894531,85.41999816894531,883,0.0,0.0
2024-05-29 15:06:00-04:00,85.41000366210938,85.41000366210938,85.38999938964844,85.4000015258789,1836,0.0,0.0
2024-05-29 15:07:00-04:00,85.32499694824219,85.32499694824219,85.32499694824219,85.32499694824219,250,0.0,0.0
2024-05-29 15:08:00-04:00,85.30999755859375,85.33270263671875,85.30999755859375,85.33270263671875,2173,0.0,0.0
2024-05-29 15:12:00-04:00,85.31999969482422,85.31999969482422,85.31999969482422,85.31999969482422,567,0.0,0.0
2024-05-29 15:13:00-04:00,85.36000061035156,85.36000061035156,85.36000061035156,85.36000061035156,2146,0.0,0.0
2024-05-29 15:14:00-04:00,85.37000274658203,85.37999725341797,85.25499725341797,85.30000305175781,5050,0.0,0.0
2024-05-29 15:15:00-04:00,85.33999633789062,85.33999633789062,85.33999633789062,85.33999633789062,560,0.0,0.0
2024-05-29 15:16:00-04:00,85.3499984741211,85.3499984741211,85.3499984741211,85.3499984741211,210,0.0,0.0
2024-05-29 15:17:00-04:00,85.37000274658203,85.41999816894531,85.37000274658203,85.41000366210938,1247,0.0,0.0
2024-05-29 15:18:00-04:00,85.45999908447266,85.5199966430664,85.45999908447266,85.5199966430664,1441,0.0,0.0
2024-05-29 15:20:00-04:00,85.5199966430664,85.5199966430664,85.5199966430664,85.5199966430664,176,0.0,0.0
2024-05-29 15:21:00-04:00,85.48999786376953,85.48999786376953,85.48999786376953,85.48999786376953,805,0.0,0.0
2024-05-29 15:23:00-04:00,85.52999877929688,85.52999877929688,85.49500274658203,85.5,615,0.0,0.0
2024-05-29 15:24:00-04:00,85.49500274658203,85.49500274658203,85.49500274658203,85.49500274658203,694,0.0,0.0
2024-05-29 15:25:00-04:00,85.52999877929688,85.58999633789062,85.52999877929688,85.58000183105469,2270,0.0,0.0
2024-05-29 15:26:00-04:00,85.55000305175781,85.55999755859375,85.54000091552734,85.54000091552734,1637,0.0,0.0
2024-05-29 15:27:00-04:00,85.52999877929688,85.54000091552734,85.51000213623047,85.51000213623047,2009,0.0,0.0
2024-05-29 15:28:00-04:00,85.55000305175781,85.62000274658203,85.55000305175781,85.62000274658203,3112,0.0,0.0
2024-05-29 15:29:00-04:00,85.56999969482422,85.56999969482422,85.5199966430664,85.5199966430664,1341,0.0,0.0
2024-05-29 15:31:00-04:00,85.47000122070312,85.47000122070312,85.47000122070312,85.47000122070312,839,0.0,0.0
2024-05-29 15:33:00-04:00,85.5199966430664,85.5199966430664,85.5199966430664,85.5199966430664,1378,0.0,0.0
2024-05-29 15:35:00-04:00,85.54000091552734,85.55999755859375,85.54000091552734,85.55999755859375,1763,0.0,0.0
2024-05-29 15:36:00-04:00,85.53500366210938,85.53500366210938,85.53500366210938,85.53500366210938,273,0.0,0.0
2024-05-29 15:37:00-04:00,85.54000091552734,85.55999755859375,85.54000091552734,85.55999755859375,1592,0.0,0.0
2024-05-29 15:39:00-04:00,85.56500244140625,85.56500244140625,85.56500244140625,85.56500244140625,226,0.0,0.0
2024-05-29 15:40:00-04:00,85.58999633789062,85.58999633789062,85.52999877929688,85.55999755859375,4532,0.0,0.0
2024-05-29 15:41:00-04:00,85.58999633789062,85.66500091552734,85.58999633789062,85.61000061035156,2890,0.0,0.0
2024-05-29 15:42:00-04:00,85.61499786376953,85.66999816894531,85.61499786376953,85.66999816894531,2151,0.0,0.0
2024-05-29 15:43:00-04:00,85.66999816894531,85.66999816894531,85.66999816894531,85.66999816894531,156,0.0,0.0
2024-05-29 15:44:00-04:00,85.68000030517578,85.68000030517578,85.58999633789062,85.58999633789062,2747,0.0,0.0
2024-05-29 15:45:00-04:00,85.63999938964844,85.6500015258789,85.61000061035156,85.61000061035156,2647,0.0,0.0
2024-05-29 15:46:00-04:00,85.62000274658203,85.68000030517578,85.56999969482422,85.68000030517578,3598,0.0,0.0
2024-05-29 15:47:00-04:00,85.70999908447266,85.76499938964844,85.68900299072266,85.76499938964844,2320,0.0,0.0
2024-05-29 15:48:00-04:00,85.79000091552734,85.80000305175781,85.79000091552734,85.80000305175781,906,0.0,0.0
2024-05-29 15:49:00-04:00,85.78500366210938,85.80999755859375,85.69999694824219,85.72000122070312,6366,0.0,0.0
2024-05-29 15:50:00-04:00,85.7300033569336,85.84190368652344,85.66000366210938,85.80000305175781,9297,0.0,0.0
2024-05-29 15:51:00-04:00,85.80000305175781,85.83000183105469,85.76000213623047,85.83000183105469,5929,0.0,0.0
2024-05-29 15:52:00-04:00,85.8499984741211,85.88999938964844,85.7300033569336,85.7300033569336,6015,0.0,0.0
2024-05-29 15:53:00-04:00,85.76000213623047,85.77999877929688,85.68000030517578,85.69999694824219,3388,0.0,0.0
2024-05-29 15:54:00-04:00,85.69000244140625,85.70999908447266,85.625,85.69999694824219,6028,0.0,0.0
2024-05-29 15:55:00-04:00,85.66999816894531,85.66999816894531,85.5,85.52999877929688,7524,0.0,0.0
2024-05-29 15:56:00-04:00,85.48249816894531,85.57779693603516,85.48249816894531,85.5199966430664,9973,0.0,0.0
2024-05-29 15:57:00-04:00,85.51000213623047,85.5199966430664,85.45999908447266,85.47000122070312,9568,0.0,0.0
2024-05-29 15:58:00-04:00,85.4800033569336,85.51000213623047,85.44999694824219,85.45999908447266,10196,0.0,0.0
2024-05-29 15:59:00-04:00,85.47000122070312,85.4800033569336,85.3499984741211,85.36000061035156,19230,0.0,0.0
2024-05-30 09:30:00-04:00,85.93000030517578,85.93000030517578,85.93000030517578,85.93000030517578,2206,0.0,0.0
2024-05-30 09:33:00-04:00,85.92500305175781,86.01499938964844,85.92500305175781,86.01499938964844,1365,0.0,0.0
2024-05-30 09:34:00-04:00,86.02999877929688,86.02999877929688,86.02999877929688,86.02999877929688,393,0.0,0.0
2024-05-30 09:36:00-04:00,85.83000183105469,85.83000183105469,85.83000183105469,85.83000183105469,389,0.0,0.0
2024-05-30 09:38:00-04:00,85.80000305175781,85.80000305175781,85.80000305175781,85.80000305175781,437,0.0,0.0
2024-05-30 09:40:00-04:00,85.69000244140625,85.69000244140625,85.6500015258789,85.6500015258789,673,0.0,0.0
2024-05-30 09:45:00-04:00,85.87999725341797,85.87999725341797,85.76000213623047,85.7750015258789,626,0.0,0.0
2024-05-30 09:46:00-04:00,85.68499755859375,85.68499755859375,85.56999969482422,85.58999633789062,1629,0.0,0.0
2024-05-30 09:47:00-04:00,85.73999786376953,85.73999786376953,85.56999969482422,85.56999969482422,900,0.0,0.0
2024-05-30 09:48:00-04:00,85.68499755859375,85.79000091552734,85.56999969482422,85.56999969482422,814,0.0,0.0
2024-05-30 09:49:00-04:00,85.56999969482422,85.65499877929688,85.55999755859375,85.65499877929688,608,0.0,0.0
2024-05-30 09:50:00-04:00,85.67500305175781,85.67500305175781,85.67500305175781,85.67500305175781,154,0.0,0.0
2024-05-30 09:51:00-04:00,85.55999755859375,85.66000366210938,85.55999755859375,85.66000366210938,471,0.0,0.0
2024-05-30 09:52:00-04:00,85.66500091552734,85.9000015258789,85.66500091552734,85.83000183105469,1811,0.0,0.0
2024-05-30 09:53:00-04:00,85.95999908447266,85.95999908447266,85.80000305175781,85.80999755859375,1135,0.0,0.0
2024-05-30 09:54:00-04:00,85.7699966430664,85.9800033569336,85.75,85.75,2060,0.0,0.0
2024-05-30 09:55:00-04:00,85.8550033569336,85.95999908447266,85.8550033569336,85.95999908447266,555,0.0,0.0
2024-05-30 09:56:00-04:00,85.94999694824219,86.01000213623047,85.94499969482422,85.94499969482422,1351,0.0,0.0
2024-05-30 09:57:00-04:00,86.05000305175781,86.23999786376953,86.05000305175781,86.23999786376953,1953,0.0,0.0
2024-05-30 09:58:00-04:00,86.26000213623047,86.36000061035156,86.13999938964844,86.24749755859375,2071,0.0,0.0
2024-05-30 09:59:00-04:00,86.30000305175781,86.62999725341797,86.30000305175781,86.62999725341797,3940,0.0,0.0
2024-05-30 10:00:00-04:00,86.38999938964844,86.51000213623047,86.20999908447266,86.20999908447266,2205,0.0,0.0
2024-05-30 10:01:00-04:00,86.12000274658203,86.13500213623047,86.08999633789062,86.13500213623047,1519,0.0,0.0
2024-05-30 10:03:00-04:00,86.05000305175781,86.05999755859375,86.0199966430664,86.05999755859375,777,0.0,0.0
2024-05-30 10:05:00-04:00,86.16999816894531,86.16999816894531,86.16999816894531,86.16999816894531,549,0.0,0.0
2024-05-30 10:08:00-04:00,86.2249984741211,86.2249984741211,86.2249984741211,86.2249984741211,207,0.0,0.0
2024-05-30 10:09:00-04:00,86.17500305175781,86.24839782714844,86.0999984741211,86.24839782714844,1614,0.0,0.0
2024-05-30 10:11:00-04:00,86.05000305175781,86.08999633789062,86.05000305175781,86.07749938964844,604,0.0,0.0
2024-05-30 10:12:00-04:00,85.95999908447266,85.95999908447266,85.91000366210938,85.91000366210938,507,0.0,0.0
2024-05-30 10:15:00-04:00,85.9000015258789,86.05000305175781,85.9000015258789,86.05000305175781,1240,0.0,0.0
2024-05-30 10:16:00-04:00,86.02999877929688,86.12000274658203,86.02999877929688,86.12000274658203,847,0.0,0.0
2024-05-30 10:17:00-04:00,86.05000305175781,86.05000305175781,86.04499816894531,86.04499816894531,1084,0.0,0.0
2024-05-30 10:22:00-04:00,86.02999877929688,86.1500015258789,86.02999877929688,86.12000274658203,1591,0.0,0.0
2024-05-30 10:23:00-04:00,86.05010223388672,86.16000366210938,86.05010223388672,86.16000366210938,795,0.0,0.0
2024-05-30 10:25:00-04:00,86.11000061035156,86.16000366210938,86.11000061035156,86.11000061035156,354,0.0,0.0
2024-05-30 10:26:00-04:00,86.08000183105469,86.0999984741211,86.02999877929688,86.09500122070312,3121,0.0,0.0
2024-05-30 10:27:00-04:00,86.09500122070312,86.2699966430664,86.09500122070312,86.25,3921,0.0,0.0
2024-05-30 10:28:00-04:00,86.26000213623047,86.26000213623047,86.19000244140625,86.19000244140625,368,0.0,0.0
2024-05-30 10:29:00-04:00,86.27999877929688,86.3499984741211,86.27999877929688,86.3499984741211,852,0.0,0.0
2024-05-30 10:30:00-04:00,86.29000091552734,86.29000091552734,86.29000091552734,86.29000091552734,264,0.0,0.0
2024-05-30 10:31:00-04:00,86.30999755859375,86.37999725341797,86.19999694824219,86.19999694824219,1834,0.0,0.0
2024-05-30 10:32:00-04:00,86.24500274658203,86.24500274658203,86.24500274658203,86.24500274658203,171,0.0,0.0
2024-05-30 10:33:00-04:00,86.33000183105469,86.33000183105469,86.16999816894531,86.28199768066406,662,0.0,0.0
2024-05-30 10:34:00-04:00,86.29000091552734,86.30000305175781,86.08999633789062,86.08999633789062,924,0.0,0.0
2024-05-30 10:35:00-04:00,86.08000183105469,86.18000030517578,86.05999755859375,86.05999755859375,799,0.0,0.0
2024-05-30 10:36:00-04:00,86.2300033569336,86.2300033569336,86.2300033569336,86.2300033569336,352,0.0,0.0
2024-05-30 10:39:00-04:00,86.16999816894531,86.16999816894531,86.16999816894531,86.16999816894531,624,0.0,0.0
2024-05-30 10:40:00-04:00,86.2699966430664,86.2699966430664,86.2699966430664,86.2699966430664,1076,0.0,0.0
2024-05-30 10:42:00-04:00,86.25,86.25,86.25,86.25,1063,0.0,0.0
2024-05-30 10:45:00-04:00,86.41999816894531,86.48999786376953,86.41999816894531,86.48999786376953,457,0.0,0.0
2024-05-30 10:46:00-04:00,86.51499938964844,86.51499938964844,86.4800033569336,86.4800033569336,1608,0.0,0.0
2024-05-30 10:47:00-04:00,86.51000213623047,86.5199966430664,86.46499633789062,86.4800033569336,1044,0.0,0.0
2024-05-30 10:48:00-04:00,86.4800033569336,86.4800033569336,86.4800033569336,86.4800033569336,125,0.0,0.0
2024-05-30 10:49:00-04:00,86.4800033569336,86.4800033569336,86.4800033569336,86.4800033569336,914,0.0,0.0
2024-05-30 10:52:00-04:00,86.38999938964844,86.38999938964844,86.37000274658203,86.37000274658203,463,0.0,0.0
2024-05-30 10:53:00-04:00,86.37000274658203,86.37000274658203,86.36000061035156,86.36000061035156,459,0.0,0.0
2024-05-30 10:55:00-04:00,86.44999694824219,86.44999694824219,86.44999694824219,86.44999694824219,231,0.0,0.0
2024-05-30 10:56:00-04:00,86.44999694824219,86.44999694824219,86.44999694824219,86.44999694824219,225,0.0,0.0
2024-05-30 10:58:00-04:00,86.36000061035156,86.37999725341797,86.31999969482422,86.36499786376953,1927,0.0,0.0
2024-05-30 10:59:00-04:00,86.36499786376953,86.37999725341797,86.36499786376953,86.37999725341797,626,0.0,0.0
2024-05-30 11:01:00-04:00,86.41999816894531,86.41999816894531,86.4000015258789,86.41000366210938,861,0.0,0.0
2024-05-30 11:03:00-04:00,86.30999755859375,86.30999755859375,86.27999877929688,86.27999877929688,920,0.0,0.0
2024-05-30 11:04:00-04:00,86.19000244140625,86.19000244140625,86.13999938964844,86.13999938964844,996,0.0,0.0
2024-05-30 11:05:00-04:00,86.13999938964844,86.13999938964844,86.04000091552734,86.12000274658203,2150,0.0,0.0
2024-05-30 11:06:00-04:00,86.18000030517578,86.20999908447266,86.18000030517578,86.20999908447266,527,0.0,0.0
2024-05-30 11:08:00-04:00,86.23999786376953,86.30999755859375,86.23999786376953,86.30999755859375,672,0.0,0.0
2024-05-30 11:09:00-04:00,86.33999633789062,86.33999633789062,86.33999633789062,86.33999633789062,240,0.0,0.0
2024-05-30 11:10:00-04:00,86.31500244140625,86.31500244140625,86.31500244140625,86.31500244140625,732,0.0,0.0
2024-05-30 11:18:00-04:00,86.36000061035156,86.36000061035156,86.3499984741211,86.3499984741211,423,0.0,0.0
2024-05-30 11:21:00-04:00,86.43000030517578,86.43000030517578,86.43000030517578,86.43000030517578,705,0.0,0.0
2024-05-30 11:22:00-04:00,86.43499755859375,86.43499755859375,86.43499755859375,86.43499755859375,1064,0.0,0.0
2024-05-30 11:28:00-04:00,86.51000213623047,86.51000213623047,86.51000213623047,86.51000213623047,1012,0.0,0.0
2024-05-30 11:29:00-04:00,86.49500274658203,86.49500274658203,86.49500274658203,86.49500274658203,439,0.0,0.0
2024-05-30 11:30:00-04:00,86.55000305175781,86.62000274658203,86.55000305175781,86.59709930419922,1322,0.0,0.0
2024-05-30 11:32:00-04:00,86.5999984741211,86.5999984741211,86.5999984741211,86.5999984741211,139,0.0,0.0
2024-05-30 11:33:00-04:00,86.5999984741211,86.5999984741211,86.5199966430664,86.5199966430664,2356,0.0,0.0
2024-05-30 11:37:00-04:00,86.45999908447266,86.47000122070312,86.37999725341797,86.47000122070312,971,0.0,0.0
2024-05-30 11:38:00-04:00,86.51000213623047,86.51000213623047,86.37999725341797,86.37999725341797,1063,0.0,0.0
2024-05-30 11:39:00-04:00,86.37000274658203,86.37000274658203,86.37000274658203,86.37000274658203,473,0.0,0.0
2024-05-30 11:41:00-04:00,86.43000030517578,86.43000030517578,86.37000274658203,86.37000274658203,1363,0.0,0.0
2024-05-30 11:42:00-04:00,86.48999786376953,86.62999725341797,86.48999786376953,86.62999725341797,2495,0.0,0.0
2024-05-30 11:43:00-04:00,86.57499694824219,86.57499694824219,86.57499694824219,86.57499694824219,1349,0.0,0.0
2024-05-30 11:44:00-04:00,86.5199966430664,86.62999725341797,86.5,86.54499816894531,854,0.0,0.0
2024-05-30 11:46:00-04:00,86.52999877929688,86.52999877929688,86.52999877929688,86.52999877929688,409,0.0,0.0
2024-05-30 11:49:00-04:00,86.43000030517578,86.43000030517578,86.43000030517578,86.43000030517578,953,0.0,0.0
2024-05-30 11:52:00-04:00,86.41000366210938,86.41000366210938,86.41000366210938,86.41000366210938,265,0.0,0.0
2024-05-30 11:53:00-04:00,86.33999633789062,86.33999633789062,86.33999633789062,86.33999633789062,2783,0.0,0.0
2024-05-30 11:55:00-04:00,86.30999755859375,86.36499786376953,86.30999755859375,86.36499786376953,701,0.0,0.0
2024-05-30 11:57:00-04:00,86.4198989868164,86.43000030517578,86.4198989868164,86.43000030517578,859,0.0,0.0
2024-05-30 11:59:00-04:00,86.33999633789062,86.33999633789062,86.33000183105469,86.33999633789062,664,0.0,0.0
2024-05-30 12:01:00-04:00,86.36499786376953,86.36499786376953,86.36499786376953,86.36499786376953,235,0.0,0.0
2024-05-30 12:03:00-04:00,86.38999938964844,86.38999938964844,86.38999938964844,86.38999938964844,263,0.0,0.0
2024-05-30 12:04:00-04:00,86.45999908447266,86.48999786376953,86.45999908447266,86.48999786376953,791,0.0,0.0
2024-05-30 12:05:00-04:00,86.5199966430664,86.55000305175781,86.5199966430664,86.55000305175781,607,0.0,0.0
2024-05-30 12:07:00-04:00,86.53500366210938,86.53500366210938,86.53500366210938,86.53500366210938,150,0.0,0.0
2024-05-30 12:08:00-04:00,86.5,86.5,86.48999786376953,86.48999786376953,218,0.0,0.0
2024-05-30 12:09:00-04:00,86.48999786376953,86.48999786376953,86.48999786376953,86.48999786376953,546,0.0,0.0
2024-05-30 12:12:00-04:00,86.45999908447266,86.51499938964844,86.45999908447266,86.51499938964844,781,0.0,0.0
2024-05-30 12:15:00-04:00,86.51499938964844,86.51499938964844,86.51499938964844,86.51499938964844,215,0.0,0.0
2024-05-30 12:17:00-04:00,86.5,86.5,86.5,86.5,501,0.0,0.0
2024-05-30 12:18:00-04:00,86.47000122070312,86.47000122070312,86.44999694824219,86.45999908447266,663,0.0,0.0
2024-05-30 12:19:00-04:00,86.44999694824219,86.44999694824219,86.44999694824219,86.44999694824219,346,0.0,0.0
2024-05-30 12:20:00-04:00,86.4800033569336,86.51499938964844,86.4800033569336,86.51499938964844,391,0.0,0.0
2024-05-30 12:22:00-04:00,86.51499938964844,86.51499938964844,86.51499938964844,86.51499938964844,1198,0.0,0.0
2024-05-30 12:23:00-04:00,86.43000030517578,86.47940063476562,86.41999816894531,86.41999816894531,399,0.0,0.0
2024-05-30 12:24:00-04:00,86.44999694824219,86.44999694824219,86.44999694824219,86.44999694824219,201,0.0,0.0
2024-05-30 12:25:00-04:00,86.51000213623047,86.55999755859375,86.4800033569336,86.4800033569336,1319,0.0,0.0
2024-05-30 12:26:00-04:00,86.43000030517578,86.43000030517578,86.41999816894531,86.41999816894531,910,0.0,0.0
2024-05-30 12:29:00-04:00,86.33999633789062,86.33999633789062,86.27999877929688,86.27999877929688,915,0.0,0.0
2024-05-30 12:30:00-04:00,86.38999938964844,86.38999938964844,86.30999755859375,86.30999755859375,487,0.0,0.0
2024-05-30 12:31:00-04:00,86.2699966430664,86.30999755859375,86.2699966430664,86.30999755859375,568,0.0,0.0
2024-05-30 12:32:00-04:00,86.33000183105469,86.33999633789062,86.33000183105469,86.33000183105469,899,0.0,0.0
2024-05-30 12:33:00-04:00,86.30999755859375,86.38999938964844,86.30999755859375,86.38999938964844,910,0.0,0.0
2024-05-30 12:36:00-04:00,86.3949966430664,86.3949966430664,86.3949966430664,86.3949966430664,724,0.0,0.0
2024-05-30 12:39:00-04:00,86.37999725341797,86.42500305175781,86.37000274658203,86.37000274658203,1423,0.0,0.0
2024-05-30 12:44:00-04:00,86.37999725341797,86.37999725341797,86.37999725341797,86.37999725341797,275,0.0,0.0
2024-05-30 12:46:00-04:00,86.43000030517578,86.43000030517578,86.43000030517578,86.43000030517578,531,0.0,0.0
2024-05-30 12:47:00-04:00,86.4800033569336,86.5,86.4800033569336,86.5,754,0.0,0.0
2024-05-30 12:48:00-04:00,86.44000244140625,86.44000244140625,86.43499755859375,86.43499755859375,1601,0.0,0.0
2024-05-30 12:49:00-04:00,86.4000015258789,86.4000015258789,86.4000015258789,86.4000015258789,311,0.0,0.0
2024-05-30 12:53:00-04:00,86.47000122070312,86.47000122070312,86.47000122070312,86.47000122070312,842,0.0,0.0
2024-05-30 12:54:00-04:00,86.45999908447266,86.47000122070312,86.44999694824219,86.47000122070312,1196,0.0,0.0
2024-05-30 12:56:00-04:00,86.43000030517578,86.43000030517578,86.43000030517578,86.43000030517578,119,0.0,0.0
2024-05-30 12:57:00-04:00,86.41999816894531,86.41999816894531,86.38999938964844,86.38999938964844,420,0.0,0.0
2024-05-30 12:58:00-04:00,86.38999938964844,86.44499969482422,86.38999938964844,86.44499969482422,519,0.0,0.0
2024-05-30 12:59:00-04:00,86.43499755859375,86.43499755859375,86.43499755859375,86.43499755859375,128,0.0,0.0
2024-05-30 13:00:00-04:00,86.48999786376953,86.48999786376953,86.43000030517578,86.43000030517578,460,0.0,0.0
2024-05-30 13:01:00-04:00,86.48999786376953,86.58999633789062,86.48999786376953,86.5,2962,0.0,0.0
2024-05-30 13:02:00-04:00,86.42500305175781,86.42500305175781,86.42500305175781,86.42500305175781,1295,0.0,0.0
2024-05-30 13:12:00-04:00,86.3499984741211,86.3499984741211,86.3499984741211,86.3499984741211,538,0.0,0.0
2024-05-30 13:16:00-04:00,86.33000183105469,86.33000183105469,86.30999755859375,86.30999755859375,693,0.0,0.0
2024-05-30 13:17:00-04:00,86.2699966430664,86.29499816894531,86.22000122070312,86.22000122070312,1259,0.0,0.0
2024-05-30 13:21:00-04:00,86.2614974975586,86.2614974975586,86.2614974975586,86.2614974975586,341,0.0,0.0
2024-05-30 13:23:00-04:00,86.2699966430664,86.28990173339844,86.2699966430664,86.28990173339844,794,0.0,0.0
2024-05-30 13:24:00-04:00,86.23999786376953,86.23999786376953,86.22000122070312,86.23999786376953,577,0.0,0.0
2024-05-30 13:26:00-04:00,86.23919677734375,86.23919677734375,86.23919677734375,86.23919677734375,500,0.0,0.0
2024-05-30 13:28:00-04:00,86.19999694824219,86.19999694824219,86.18000030517578,86.18000030517578,959,0.0,0.0
2024-05-30 13:29:00-04:00,86.19999694824219,86.2699966430664,86.19999694824219,86.23999786376953,2570,0.0,0.0
2024-05-30 13:30:00-04:00,86.22000122070312,86.24500274658203,86.22000122070312,86.24500274658203,538,0.0,0.0
2024-05-30 13:31:00-04:00,86.29000091552734,86.31999969482422,86.29000091552734,86.31999969482422,1153,0.0,0.0
2024-05-30 13:32:00-04:00,86.3499984741211,86.4000015258789,86.31999969482422,86.37000274658203,2708,0.0,0.0
2024-05-30 13:33:00-04:00,86.31999969482422,86.33000183105469,86.29000091552734,86.29000091552734,2138,0.0,0.0
2024-05-30 13:34:00-04:00,86.2300033569336,86.26499938964844,86.2300033569336,86.26499938964844,677,0.0,0.0
2024-05-30 13:37:00-04:00,86.31999969482422,86.31999969482422,86.30000305175781,86.30000305175781,852,0.0,0.0
2024-05-30 13:38:00-04:00,86.30500030517578,86.30500030517578,86.30500030517578,86.30500030517578,278,0.0,0.0
2024-05-30 13:40:00-04:00,86.3499984741211,86.37999725341797,86.29019927978516,86.31999969482422,4739,0.0,0.0
2024-05-30 13:42:00-04:00,86.37000274658203,86.37000274658203,86.31999969482422,86.31999969482422,376,0.0,0.0
2024-05-30 13:43:00-04:00,86.30000305175781,86.30000305175781,86.25,86.25,612,0.0,0.0
2024-05-30 13:45:00-04:00,86.25,86.26000213623047,86.23999786376953,86.25,1127,0.0,0.0
2024-05-30 13:46:00-04:00,86.2300033569336,86.2300033569336,86.20999908447266,86.20999908447266,358,0.0,0.0
2024-05-30 13:47:00-04:00,86.18000030517578,86.18000030517578,86.18000030517578,86.18000030517578,175,0.0,0.0
2024-05-30 13:48:00-04:00,86.18000030517578,86.19999694824219,86.12999725341797,86.12999725341797,600,0.0,0.0
2024-05-30 13:49:00-04:00,86.25,86.25,86.13999938964844,86.13999938964844,797,0.0,0.0
2024-05-30 13:50:00-04:00,86.08999633789062,86.13500213623047,86.06999969482422,86.13500213623047,1879,0.0,0.0
2024-05-30 13:55:00-04:00,86.07499694824219,86.07499694824219,86.01000213623047,86.0199966430664,896,0.0,0.0
2024-05-30 13:56:00-04:00,86.0199966430664,86.07499694824219,86.01000213623047,86.01000213623047,926,0.0,0.0
2024-05-30 13:57:00-04:00,86.03500366210938,86.08999633789062,86.03500366210938,86.08999633789062,1173,0.0,0.0
2024-05-30 13:59:00-04:00,86.11000061035156,86.12000274658203,86.09500122070312,86.09500122070312,639,0.0,0.0
2024-05-30 14:00:00-04:00,86.04000091552734,86.08000183105469,86.04000091552734,86.08000183105469,1212,0.0,0.0
2024-05-30 14:02:00-04:00,86.02999877929688,86.02999877929688,86.0199966430664,86.0199966430664,618,0.0,0.0
2024-05-30 14:03:00-04:00,86.05000305175781,86.05000305175781,85.98999786376953,86.01000213623047,1621,0.0,0.0
2024-05-30 14:05:00-04:00,85.93000030517578,85.99500274658203,85.93000030517578,85.99500274658203,593,0.0,0.0
2024-05-30 14:07:00-04:00,85.94000244140625,85.94000244140625,85.94000244140625,85.94000244140625,236,0.0,0.0
2024-05-30 14:09:00-04:00,85.93000030517578,85.93499755859375,85.93000030517578,85.93499755859375,591,0.0,0.0
2024-05-30 14:10:00-04:00,85.91000366210938,85.91000366210938,85.88999938964844,85.9000015258789,524,0.0,0.0
2024-05-30 14:11:00-04:00,85.8499984741211,85.89129638671875,85.8499984741211,85.89129638671875,582,0.0,0.0
2024-05-30 14:12:00-04:00,85.88999938964844,85.88999938964844,85.87000274658203,85.87000274658203,470,0.0,0.0
2024-05-30 14:13:00-04:00,85.87000274658203,85.87000274658203,85.87000274658203,85.87000274658203,335,0.0,0.0
2024-05-30 14:14:00-04:00,85.93000030517578,85.93000030517578,85.93000030517578,85.93000030517578,585,0.0,0.0
2024-05-30 14:15:00-04:00,85.87000274658203,85.8949966430664,85.87000274658203,85.8949966430664,962,0.0,0.0
2024-05-30 14:16:00-04:00,85.7300033569336,85.81999969482422,85.7300033569336,85.81999969482422,1172,0.0,0.0
2024-05-30 14:17:00-04:00,85.8499984741211,85.87999725341797,85.8499984741211,85.87999725341797,749,0.0,0.0
2024-05-30 14:18:00-04:00,85.91000366210938,85.91000366210938,85.91000366210938,85.91000366210938,285,0.0,0.0
2024-05-30 14:19:00-04:00,85.94000244140625,85.94000244140625,85.94000244140625,85.94000244140625,508,0.0,0.0
2024-05-30 14:21:00-04:00,85.91000366210938,85.91000366210938,85.91000366210938,85.91000366210938,484,0.0,0.0
2024-05-30 14:22:00-04:00,85.9000015258789,85.9000015258789,85.9000015258789,85.9000015258789,1184,0.0,0.0
2024-05-30 14:24:00-04:00,85.88999938964844,85.88999938964844,85.88999938964844,85.88999938964844,546,0.0,0.0
2024-05-30 14:27:00-04:00,85.93000030517578,85.93000030517578,85.93000030517578,85.93000030517578,464,0.0,0.0
2024-05-30 14:29:00-04:00,85.97000122070312,86.0199966430664,85.97000122070312,86.0199966430664,1077,0.0,0.0
2024-05-30 14:30:00-04:00,86.00499725341797,86.00499725341797,86.00499725341797,86.00499725341797,684,0.0,0.0
2024-05-30 14:31:00-04:00,86.01499938964844,86.01499938964844,86.01499938964844,86.01499938964844,323,0.0,0.0
2024-05-30 14:32:00-04:00,86.04000091552734,86.04000091552734,86.04000091552734,86.04000091552734,236,0.0,0.0
2024-05-30 14:33:00-04:00,85.98999786376953,86.01499938964844,85.9800033569336,85.9800033569336,948,0.0,0.0
2024-05-30 14:34:00-04:00,86.01499938964844,86.01499938964844,86.01499938964844,86.01499938964844,331,0.0,0.0
2024-05-30 14:35:00-04:00,86.0,86.0,85.98999786376953,85.98999786376953,953,0.0,0.0
2024-05-30 14:39:00-04:00,85.91999816894531,85.97000122070312,85.7300033569336,85.7300033569336,17244,0.0,0.0
2024-05-30 14:40:00-04:00,85.81999969482422,85.8499984741211,85.7699966430664,85.8499984741211,1711,0.0,0.0
2024-05-30 14:42:00-04:00,85.93000030517578,85.94000244140625,85.93000030517578,85.94000244140625,527,0.0,0.0
2024-05-30 14:43:00-04:00,85.95939636230469,85.95939636230469,85.91999816894531,85.91999816894531,1044,0.0,0.0
2024-05-30 14:44:00-04:00,85.95999908447266,85.9800033569336,85.95999908447266,85.9800033569336,635,0.0,0.0
2024-05-30 14:45:00-04:00,85.91999816894531,85.94999694824219,85.86370086669922,85.94999694824219,1835,0.0,0.0
2024-05-30 14:46:00-04:00,85.83999633789062,85.83999633789062,85.83999633789062,85.83999633789062,380,0.0,0.0
2024-05-30 14:48:00-04:00,85.83000183105469,85.86499786376953,85.80729675292969,85.80729675292969,726,0.0,0.0
2024-05-30 14:49:00-04:00,85.81310272216797,85.81310272216797,85.81310272216797,85.81310272216797,422,0.0,0.0
2024-05-30 14:50:00-04:00,85.80000305175781,85.80000305175781,85.79000091552734,85.79000091552734,368,0.0,0.0
2024-05-30 14:51:00-04:00,85.8499984741211,85.8499984741211,85.8499984741211,85.8499984741211,575,0.0,0.0
2024-05-30 14:52:00-04:00,85.81999969482422,85.81999969482422,85.81999969482422,85.81999969482422,415,0.0,0.0
2024-05-30 14:53:00-04:00,85.81999969482422,85.81999969482422,85.81999969482422,85.81999969482422,362,0.0,0.0
2024-05-30 14:54:00-04:00,85.77999877929688,85.77999877929688,85.70999908447266,85.70999908447266,527,0.0,0.0
2024-05-30 14:55:00-04:00,85.73999786376953,85.73999786376953,85.73999786376953,85.73999786376953,241,0.0,0.0
2024-05-30 14:56:00-04:00,85.7114028930664,85.75499725341797,85.7114028930664,85.75499725341797,427,0.0,0.0
2024-05-30 14:57:00-04:00,85.70999908447266,85.70999908447266,85.70999908447266,85.70999908447266,1093,0.0,0.0
2024-05-30 14:59:00-04:00,85.69999694824219,85.75,85.69999694824219,85.75,503,0.0,0.0
2024-05-30 15:00:00-04:00,85.7699966430664,85.7699966430664,85.66999816894531,85.66999816894531,2851,0.0,0.0
2024-05-30 15:01:00-04:00,85.66500091552734,85.72000122070312,85.66500091552734,85.71499633789062,1097,0.0,0.0
2024-05-30 15:02:00-04:00,85.68000030517578,85.68000030517578,85.58000183105469,85.58000183105469,1210,0.0,0.0
2024-05-30 15:04:00-04:00,85.6050033569336,85.70999908447266,85.6050033569336,85.70999908447266,1564,0.0,0.0
2024-05-30 15:05:00-04:00,85.7300033569336,85.75,85.7300033569336,85.75,617,0.0,0.0
2024-05-30 15:06:00-04:00,85.7699966430664,85.7699966430664,85.73500061035156,85.7699966430664,557,0.0,0.0
2024-05-30 15:07:00-04:00,85.74500274658203,85.77999877929688,85.74500274658203,85.77999877929688,865,0.0,0.0
2024-05-30 15:10:00-04:00,85.80000305175781,85.83000183105469,85.80000305175781,85.83000183105469,1404,0.0,0.0
2024-05-30 15:11:00-04:00,85.8499984741211,85.86000061035156,85.83000183105469,85.83000183105469,2105,0.0,0.0
2024-05-30 15:12:00-04:00,85.83000183105469,85.83000183105469,85.79499816894531,85.79499816894531,1066,0.0,0.0
2024-05-30 15:14:00-04:00,85.86000061035156,85.88999938964844,85.82499694824219,85.88999938964844,2319,0.0,0.0
2024-05-30 15:15:00-04:00,85.8499984741211,85.86170196533203,85.8499984741211,85.86170196533203,995,0.0,0.0
2024-05-30 15:17:00-04:00,85.83999633789062,85.88030242919922,85.83999633789062,85.84500122070312,1402,0.0,0.0
2024-05-30 15:18:00-04:00,85.8499984741211,85.88999938964844,85.8499984741211,85.88999938964844,754,0.0,0.0
2024-05-30 15:19:00-04:00,85.88500213623047,85.88999938964844,85.87220001220703,85.87220001220703,969,0.0,0.0
2024-05-30 15:20:00-04:00,85.8499984741211,85.8499984741211,85.83000183105469,85.83000183105469,1241,0.0,0.0
2024-05-30 15:21:00-04:00,85.88999938964844,85.88999938964844,85.88999938964844,85.88999938964844,495,0.0,0.0
2024-05-30 15:23:00-04:00,85.91500091552734,85.91500091552734,85.86000061035156,85.86000061035156,1498,0.0,0.0
2024-05-30 15:24:00-04:00,85.76000213623047,85.76000213623047,85.70500183105469,85.70500183105469,1156,0.0,0.0
2024-05-30 15:25:00-04:00,85.76000213623047,85.77120208740234,85.70999908447266,85.77120208740234,1570,0.0,0.0
2024-05-30 15:26:00-04:00,85.7249984741211,85.7249984741211,85.7249984741211,85.7249984741211,401,0.0,0.0
2024-05-30 15:28:00-04:00,85.71499633789062,85.82499694824219,85.71499633789062,85.82499694824219,2233,0.0,0.0
2024-05-30 15:29:00-04:00,85.83000183105469,85.83000183105469,85.82499694824219,85.83000183105469,651,0.0,0.0
2024-05-30 15:30:00-04:00,85.83999633789062,85.87999725341797,85.80000305175781,85.80000305175781,2689,0.0,0.0
2024-05-30 15:31:00-04:00,85.81900024414062,85.81900024414062,85.69999694824219,85.69999694824219,874,0.0,0.0
2024-05-30 15:32:00-04:00,85.73999786376953,85.76000213623047,85.7249984741211,85.73999786376953,1869,0.0,0.0
2024-05-30 15:33:00-04:00,85.70999908447266,85.73609924316406,85.69000244140625,85.73609924316406,576,0.0,0.0
2024-05-30 15:34:00-04:00,85.68000030517578,85.69000244140625,85.68000030517578,85.68499755859375,588,0.0,0.0
2024-05-30 15:35:00-04:00,85.69499969482422,85.72899627685547,85.69499969482422,85.72899627685547,530,0.0,0.0
2024-05-30 15:36:00-04:00,85.66999816894531,85.7300033569336,85.56999969482422,85.7300033569336,2901,0.0,0.0
2024-05-30 15:37:00-04:00,85.70999908447266,85.73999786376953,85.70999908447266,85.73999786376953,1373,0.0,0.0
2024-05-30 15:39:00-04:00,85.70999908447266,85.7300033569336,85.68000030517578,85.7300033569336,1650,0.0,0.0
2024-05-30 15:40:00-04:00,85.72000122070312,85.72000122070312,85.72000122070312,85.72000122070312,708,0.0,0.0
2024-05-30 15:41:00-04:00,85.75,85.81999969482422,85.75,85.81999969482422,1846,0.0,0.0
2024-05-30 15:42:00-04:00,85.80000305175781,85.85399627685547,85.76000213623047,85.80000305175781,3811,0.0,0.0
2024-05-30 15:44:00-04:00,85.86000061035156,85.86000061035156,85.80000305175781,85.80000305175781,3071,0.0,0.0
2024-05-30 15:45:00-04:00,85.75,85.76000213623047,85.73999786376953,85.76000213623047,1630,0.0,0.0
2024-05-30 15:46:00-04:00,85.73999786376953,85.73999786376953,85.65499877929688,85.69000244140625,2788,0.0,0.0
2024-05-30 15:47:00-04:00,85.68599700927734,85.68599700927734,85.5999984741211,85.5999984741211,2173,0.0,0.0
2024-05-30 15:48:00-04:00,85.59500122070312,85.66999816894531,85.58999633789062,85.58999633789062,3519,0.0,0.0
2024-05-30 15:49:00-04:00,85.58999633789062,85.58999633789062,85.48999786376953,85.48999786376953,3429,0.0,0.0
2024-05-30 15:50:00-04:00,85.47000122070312,85.56999969482422,85.47000122070312,85.54499816894531,3313,0.0,0.0
2024-05-30 15:51:00-04:00,85.58999633789062,85.70999908447266,85.58999633789062,85.70999908447266,3535,0.0,0.0
2024-05-30 15:52:00-04:00,85.72000122070312,85.83999633789062,85.72000122070312,85.80999755859375,3895,0.0,0.0
2024-05-30 15:53:00-04:00,85.81999969482422,85.97000122070312,85.80999755859375,85.91999816894531,5505,0.0,0.0
2024-05-30 15:54:00-04:00,85.95999908447266,86.05000305175781,85.95999908447266,86.0250015258789,2602,0.0,0.0
2024-05-30 15:55:00-04:00,86.08999633789062,86.08999633789062,86.02999877929688,86.06999969482422,4294,0.0,0.0
2024-05-30 15:56:00-04:00,86.05999755859375,86.11000061035156,86.01000213623047,86.11000061035156,9990,0.0,0.0
2024-05-30 15:57:00-04:00,86.11000061035156,86.16000366210938,86.0199966430664,86.0199966430664,10533,0.0,0.0
2024-05-30 15:58:00-04:00,86.01000213623047,86.0425033569336,85.9229965209961,85.9229965209961,13737,0.0,0.0
2024-05-30 15:59:00-04:00,85.94999694824219,85.98999786376953,85.91999816894531,85.93000030517578,21347,0.0,0.0
2024-05-31 09:30:00-04:00,86.02999877929688,86.33999633789062,85.87999725341797,85.87999725341797,19270,0.0,0.0
2024-05-31 09:31:00-04:00,85.9749984741211,85.9749984741211,85.9749984741211,85.9749984741211,209,0.0,0.0
2024-05-31 09:32:00-04:00,85.9000015258789,85.9000015258789,85.5999984741211,85.5999984741211,1016,0.0,0.0
2024-05-31 09:33:00-04:00,86.37000274658203,86.44000244140625,86.23999786376953,86.23999786376953,950,0.0,0.0
2024-05-31 09:34:00-04:00,86.25499725341797,86.43000030517578,86.16999816894531,86.30000305175781,1368,0.0,0.0
2024-05-31 09:35:00-04:00,86.08000183105469,86.08000183105469,86.08000183105469,86.08000183105469,811,0.0,0.0
2024-05-31 09:36:00-04:00,86.05999755859375,86.2249984741211,86.05999755859375,86.2249984741211,536,0.0,0.0
2024-05-31 09:37:00-04:00,86.43000030517578,86.43000030517578,86.23999786376953,86.23999786376953,643,0.0,0.0
2024-05-31 09:38:00-04:00,86.44000244140625,86.44000244140625,86.44000244140625,86.44000244140625,380,0.0,0.0
2024-05-31 09:43:00-04:00,86.5199966430664,86.5250015258789,86.33000183105469,86.33000183105469,993,0.0,0.0
2024-05-31 09:45:00-04:00,86.31999969482422,86.33000183105469,86.31999969482422,86.33000183105469,755,0.0,0.0
2024-05-31 09:46:00-04:00,86.25,86.25,86.02999877929688,86.02999877929688,622,0.0,0.0
2024-05-31 09:48:00-04:00,86.02999877929688,86.37999725341797,86.02999877929688,86.37999725341797,1567,0.0,0.0
2024-05-31 09:49:00-04:00,86.05000305175781,86.08000183105469,86.05000305175781,86.08000183105469,561,0.0,0.0
2024-05-31 09:50:00-04:00,86.12000274658203,86.12000274658203,86.12000274658203,86.12000274658203,501,0.0,0.0
2024-05-31 09:51:00-04:00,86.20500183105469,86.20999908447266,86.11000061035156,86.20999908447266,663,0.0,0.0
2024-05-31 09:52:00-04:00,86.20999908447266,86.20999908447266,86.0999984741211,86.0999984741211,2538,0.0,0.0
2024-05-31 09:53:00-04:00,85.87999725341797,85.87999725341797,85.87999725341797,85.87999725341797,410,0.0,0.0
2024-05-31 09:54:00-04:00,85.87999725341797,85.9000015258789,85.87999725341797,85.9000015258789,1070,0.0,0.0
2024-05-31 09:55:00-04:00,85.83000183105469,85.83000183105469,85.80000305175781,85.80000305175781,304,0.0,0.0
2024-05-31 09:56:00-04:00,85.83000183105469,85.83000183105469,85.78500366210938,85.78500366210938,1468,0.0,0.0
2024-05-31 09:57:00-04:00,85.78500366210938,85.79000091552734,85.72000122070312,85.79000091552734,1500,0.0,0.0
2024-05-31 09:58:00-04:00,85.79499816894531,85.79499816894531,85.56999969482422,85.56999969482422,641,0.0,0.0
2024-05-31 09:59:00-04:00,85.62999725341797,85.86000061035156,85.62999725341797,85.80000305175781,1448,0.0,0.0
2024-05-31 10:00:00-04:00,85.73999786376953,85.73999786376953,85.72000122070312,85.72000122070312,1687,0.0,0.0
2024-05-31 10:02:00-04:00,85.63500213623047,85.6449966430664,85.5199966430664,85.6449966430664,1014,0.0,0.0
2024-05-31 10:03:00-04:00,85.75,85.76000213623047,85.6500015258789,85.6500015258789,2173,0.0,0.0
2024-05-31 10:04:00-04:00,85.64839935302734,85.83999633789062,85.64839935302734,85.83999633789062,776,0.0,0.0
2024-05-31 10:05:00-04:00,85.72000122070312,85.72000122070312,85.58000183105469,85.58000183105469,979,0.0,0.0
2024-05-31 10:06:00-04:00,85.56999969482422,85.58000183105469,85.56999969482422,85.58000183105469,430,0.0,0.0
2024-05-31 10:07:00-04:00,85.61499786376953,85.61499786376953,85.61499786376953,85.61499786376953,222,0.0,0.0
2024-05-31 10:08:00-04:00,85.62000274658203,85.87999725341797,85.58999633789062,85.87000274658203,3832,0.0,0.0
2024-05-31 10:09:00-04:00,85.875,85.94999694824219,85.875,85.8949966430664,2314,0.0,0.0
2024-05-31 10:10:00-04:00,85.83000183105469,85.83000183105469,85.66999816894531,85.66999816894531,1751,0.0,0.0
2024-05-31 10:13:00-04:00,85.62000274658203,85.62000274658203,85.5,85.5,562,0.0,0.0
2024-05-31 10:14:00-04:00,85.58999633789062,85.5999984741211,85.58999633789062,85.5999984741211,806,0.0,0.0
2024-05-31 10:15:00-04:00,85.54000091552734,85.54000091552734,85.47000122070312,85.47000122070312,1204,0.0,0.0
2024-05-31 10:16:00-04:00,85.47000122070312,85.61000061035156,85.47000122070312,85.55000305175781,1754,0.0,0.0
2024-05-31 10:17:00-04:00,85.48999786376953,85.52999877929688,85.44999694824219,85.44999694824219,1838,0.0,0.0
2024-05-31 10:18:00-04:00,85.41999816894531,85.41999816894531,85.37999725341797,85.38999938964844,1038,0.0,0.0
2024-05-31 10:19:00-04:00,85.3499984741211,85.3499984741211,85.3499984741211,85.3499984741211,230,0.0,0.0
2024-05-31 10:20:00-04:00,85.3499984741211,85.3499984741211,85.31999969482422,85.31999969482422,747,0.0,0.0
2024-05-31 10:21:00-04:00,85.3550033569336,85.3550033569336,85.3550033569336,85.3550033569336,510,0.0,0.0
2024-05-31 10:22:00-04:00,85.30000305175781,85.30000305175781,85.30000305175781,85.30000305175781,165,0.0,0.0
2024-05-31 10:23:00-04:00,85.27999877929688,85.27999877929688,85.27999877929688,85.27999877929688,557,0.0,0.0
2024-05-31 10:24:00-04:00,85.23999786376953,85.3499984741211,85.11000061035156,85.11000061035156,2284,0.0,0.0
2024-05-31 10:26:00-04:00,84.9800033569336,85.0250015258789,84.8949966430664,84.8949966430664,976,0.0,0.0
2024-05-31 10:27:00-04:00,84.8949966430664,85.04000091552734,84.8949966430664,85.04000091552734,2887,0.0,0.0
2024-05-31 10:28:00-04:00,85.08000183105469,85.08000183105469,84.95999908447266,84.95999908447266,484,0.0,0.0
2024-05-31 10:29:00-04:00,84.95999908447266,85.0199966430664,84.91999816894531,84.94000244140625,1800,0.0,0.0
2024-05-31 10:31:00-04:00,84.94999694824219,84.94999694824219,84.94999694824219,84.94999694824219,249,0.0,0.0
2024-05-31 10:32:00-04:00,84.95999908447266,84.9800033569336,84.94000244140625,84.94000244140625,553,0.0,0.0
2024-05-31 10:33:00-04:00,84.87999725341797,84.87999725341797,84.87999725341797,84.87999725341797,252,0.0,0.0
2024-05-31 10:34:00-04:00,84.9749984741211,85.01300048828125,84.9749984741211,85.01300048828125,468,0.0,0.0
2024-05-31 10:35:00-04:00,84.9000015258789,84.9000015258789,84.88999938964844,84.88999938964844,950,0.0,0.0
2024-05-31 10:36:00-04:00,84.83000183105469,84.83000183105469,84.73999786376953,84.73999786376953,775,0.0,0.0
2024-05-31 10:38:00-04:00,84.76110076904297,84.95500183105469,84.76110076904297,84.95500183105469,1920,0.0,0.0
2024-05-31 10:40:00-04:00,84.98999786376953,84.98999786376953,84.97000122070312,84.97000122070312,1378,0.0,0.0
2024-05-31 10:42:00-04:00,84.9800033569336,85.02999877929688,84.91999816894531,84.91999816894531,2039,0.0,0.0
2024-05-31 10:43:00-04:00,85.0250015258789,85.0250015258789,85.0250015258789,85.0250015258789,233,0.0,0.0
2024-05-31 10:44:00-04:00,85.0199966430664,85.0199966430664,85.0199966430664,85.0199966430664,111,0.0,0.0
2024-05-31 10:45:00-04:00,85.02999877929688,85.02999877929688,85.0199966430664,85.0199966430664,357,0.0,0.0
2024-05-31 10:46:00-04:00,85.0199966430664,85.0199966430664,84.94999694824219,84.94999694824219,16123,0.0,0.0
2024-05-31 10:47:00-04:00,84.91999816894531,84.95999908447266,84.9000015258789,84.95999908447266,658,0.0,0.0
2024-05-31 10:49:00-04:00,85.04000091552734,85.08999633789062,84.95999908447266,85.03500366210938,2485,0.0,0.0
2024-05-31 10:50:00-04:00,84.97000122070312,84.97000122070312,84.94999694824219,84.94999694824219,514,0.0,0.0
2024-05-31 10:51:00-04:00,84.94999694824219,84.94999694824219,84.8949966430664,84.8949966430664,2141,0.0,0.0
2024-05-31 10:52:00-04:00,84.83999633789062,84.83999633789062,84.83999633789062,84.83999633789062,503,0.0,0.0
2024-05-31 10:54:00-04:00,84.8550033569336,84.8550033569336,84.8550033569336,84.8550033569336,176,0.0,0.0
2024-05-31 10:55:00-04:00,84.93000030517578,84.95999908447266,84.8550033569336,84.94999694824219,3351,0.0,0.0
2024-05-31 10:56:00-04:00,84.95999908447266,85.02999877929688,84.95999908447266,85.02999877929688,1478,0.0,0.0
2024-05-31 10:58:00-04:00,85.02999877929688,85.02999877929688,85.02999877929688,85.02999877929688,176,0.0,0.0
2024-05-31 10:59:00-04:00,85.02999877929688,85.02999877929688,85.02999877929688,85.02999877929688,614,0.0,0.0
2024-05-31 11:01:00-04:00,84.97000122070312,84.97000122070312,84.95999908447266,84.95999908447266,454,0.0,0.0
2024-05-31 11:02:00-04:00,84.99500274658203,84.99500274658203,84.9000015258789,84.9000015258789,1505,0.0,0.0
2024-05-31 11:06:00-04:00,84.95500183105469,84.95500183105469,84.95500183105469,84.95500183105469,169,0.0,0.0
2024-05-31 11:07:00-04:00,84.95999908447266,84.95999908447266,84.95999908447266,84.95999908447266,109,0.0,0.0
2024-05-31 11:08:00-04:00,85.0199966430664,85.0199966430664,84.96499633789062,84.96499633789062,428,0.0,0.0
2024-05-31 11:09:00-04:00,84.96499633789062,85.05999755859375,84.96499633789062,85.05999755859375,2987,0.0,0.0
2024-05-31 11:11:00-04:00,85.12999725341797,85.19000244140625,85.12999725341797,85.12999725341797,566,0.0,0.0
2024-05-31 11:13:00-04:00,85.13999938964844,85.16999816894531,85.06999969482422,85.06999969482422,3279,0.0,0.0
2024-05-31 11:14:00-04:00,85.08000183105469,85.08000183105469,85.06999969482422,85.08000183105469,1067,0.0,0.0
2024-05-31 11:15:00-04:00,85.08000183105469,85.11000061035156,85.06999969482422,85.06999969482422,937,0.0,0.0
2024-05-31 11:16:00-04:00,85.06999969482422,85.1500015258789,85.06999969482422,85.07499694824219,1492,0.0,0.0
2024-05-31 11:17:00-04:00,85.08000183105469,85.08499908447266,85.0250015258789,85.08499908447266,1428,0.0,0.0
2024-05-31 11:18:00-04:00,85.02999877929688,85.02999877929688,84.98999786376953,85.00499725341797,3669,0.0,0.0
2024-05-31 11:19:00-04:00,85.00499725341797,85.06999969482422,85.00499725341797,85.01000213623047,2399,0.0,0.0
2024-05-31 11:21:00-04:00,85.06999969482422,85.06999969482422,85.06999969482422,85.06999969482422,120,0.0,0.0
2024-05-31 11:22:00-04:00,85.05000305175781,85.05000305175781,85.00499725341797,85.00499725341797,1204,0.0,0.0
2024-05-31 11:24:00-04:00,85.19000244140625,85.30999755859375,85.19000244140625,85.2699966430664,1980,0.0,0.0
2024-05-31 11:25:00-04:00,85.2699966430664,85.2699966430664,85.16999816894531,85.19000244140625,1357,0.0,0.0
2024-05-31 11:26:00-04:00,85.12999725341797,85.18000030517578,85.0,85.05500030517578,1852,0.0,0.0
2024-05-31 11:28:00-04:00,85.12999725341797,85.12999725341797,85.08999633789062,85.08999633789062,781,0.0,0.0
2024-05-31 11:29:00-04:00,85.0,85.0,85.0,85.0,196,0.0,0.0
2024-05-31 11:30:00-04:00,85.05999755859375,85.05999755859375,84.9800033569336,84.9800033569336,735,0.0,0.0
2024-05-31 11:31:00-04:00,84.88999938964844,84.94000244140625,84.88999938964844,84.93000030517578,888,0.0,0.0
2024-05-31 11:32:00-04:00,84.87000274658203,84.87000274658203,84.87000274658203,84.87000274658203,189,0.0,0.0
2024-05-31 11:34:00-04:00,84.86499786376953,84.87000274658203,84.86499786376953,84.87000274658203,1583,0.0,0.0
2024-05-31 11:35:00-04:00,84.93000030517578,84.94000244140625,84.91500091552734,84.91500091552734,494,0.0,0.0
2024-05-31 11:36:00-04:00,84.91000366210938,84.91000366210938,84.91000366210938,84.91000366210938,159,0.0,0.0
2024-05-31 11:37:00-04:00,84.91000366210938,84.91500091552734,84.91000366210938,84.91500091552734,329,0.0,0.0
2024-05-31 11:38:00-04:00,84.91999816894531,84.91999816894531,84.83000183105469,84.83000183105469,466,0.0,0.0
2024-05-31 11:39:00-04:00,84.9000015258789,84.9000015258789,84.83000183105469,84.83000183105469,738,0.0,0.0
2024-05-31 11:40:00-04:00,84.86000061035156,84.86000061035156,84.86000061035156,84.86000061035156,226,0.0,0.0
2024-05-31 11:41:00-04:00,84.86000061035156,84.875,84.86000061035156,84.875,306,0.0,0.0
2024-05-31 11:42:00-04:00,84.87999725341797,84.87999725341797,84.87999725341797,84.87999725341797,530,0.0,0.0
2024-05-31 11:43:00-04:00,84.87999725341797,84.87999725341797,84.87999725341797,84.87999725341797,213,0.0,0.0
2024-05-31 11:44:00-04:00,84.94000244140625,85.0,84.94000244140625,85.0,1642,0.0,0.0
2024-05-31 11:47:00-04:00,85.0199966430664,85.0199966430664,85.0199966430664,85.0199966430664,288,0.0,0.0
2024-05-31 11:49:00-04:00,85.08999633789062,85.08999633789062,85.08999633789062,85.08999633789062,408,0.0,0.0
2024-05-31 11:50:00-04:00,85.12999725341797,85.13500213623047,85.12999725341797,85.13500213623047,638,0.0,0.0
2024-05-31 11:51:00-04:00,85.06999969482422,85.06999969482422,85.06999969482422,85.06999969482422,707,0.0,0.0
2024-05-31 11:53:00-04:00,85.06999969482422,85.07499694824219,85.05000305175781,85.07499694824219,833,0.0,0.0
2024-05-31 11:58:00-04:00,85.01000213623047,85.0199966430664,84.97000122070312,84.97000122070312,751,0.0,0.0
2024-05-31 11:59:00-04:00,85.0199966430664,85.0199966430664,85.0199966430664,85.0199966430664,218,0.0,0.0
2024-05-31 12:00:00-04:00,84.97000122070312,84.97000122070312,84.93000030517578,84.93000030517578,1565,0.0,0.0
2024-05-31 12:01:00-04:00,84.92500305175781,84.92500305175781,84.92500305175781,84.92500305175781,571,0.0,0.0
2024-05-31 12:04:00-04:00,84.87999725341797,84.88999938964844,84.87999725341797,84.88999938964844,1079,0.0,0.0
2024-05-31 12:05:00-04:00,84.94999694824219,84.95999908447266,84.92500305175781,84.92500305175781,642,0.0,0.0
2024-05-31 12:06:00-04:00,84.87999725341797,84.8949966430664,84.87999725341797,84.8949966430664,751,0.0,0.0
2024-05-31 12:10:00-04:00,84.8510971069336,84.8510971069336,84.8510971069336,84.8510971069336,286,0.0,0.0
2024-05-31 12:12:00-04:00,84.83000183105469,84.83000183105469,84.83000183105469,84.83000183105469,511,0.0,0.0
2024-05-31 12:13:00-04:00,84.95999908447266,84.95999908447266,84.94999694824219,84.95999908447266,1080,0.0,0.0
2024-05-31 12:16:00-04:00,84.91500091552734,84.92109680175781,84.87000274658203,84.91999816894531,1529,0.0,0.0
2024-05-31 12:18:00-04:00,84.92500305175781,84.92500305175781,84.87999725341797,84.91999816894531,596,0.0,0.0
2024-05-31 12:19:00-04:00,84.88749694824219,84.94999694824219,84.88749694824219,84.94999694824219,897,0.0,0.0
2024-05-31 12:22:00-04:00,84.96990203857422,84.96990203857422,84.84500122070312,84.84500122070312,2356,0.0,0.0
2024-05-31 12:23:00-04:00,84.84750366210938,84.84750366210938,84.84750366210938,84.84750366210938,101,0.0,0.0
2024-05-31 12:24:00-04:00,84.83599853515625,84.97000122070312,84.83599853515625,84.97000122070312,1873,0.0,0.0
2024-05-31 12:25:00-04:00,84.87999725341797,84.87999725341797,84.76000213623047,84.80999755859375,4147,0.0,0.0
2024-05-31 12:29:00-04:00,84.91999816894531,84.91999816894531,84.91999816894531,84.91999816894531,665,0.0,0.0
2024-05-31 12:30:00-04:00,84.97000122070312,84.97000122070312,84.91000366210938,84.91500091552734,948,0.0,0.0
2024-05-31 12:31:00-04:00,84.91500091552734,84.91500091552734,84.91500091552734,84.91500091552734,565,0.0,0.0
2024-05-31 12:34:00-04:00,84.91000366210938,84.95999908447266,84.87000274658203,84.87000274658203,1173,0.0,0.0
2024-05-31 12:35:00-04:00,84.87000274658203,84.87000274658203,84.87000274658203,84.87000274658203,460,0.0,0.0
2024-05-31 12:36:00-04:00,84.87000274658203,84.91999816894531,84.87000274658203,84.87000274658203,1254,0.0,0.0
2024-05-31 12:39:00-04:00,84.81999969482422,84.84100341796875,84.79000091552734,84.84100341796875,1850,0.0,0.0
2024-05-31 12:40:00-04:00,84.7699966430664,84.82499694824219,84.7699966430664,84.82499694824219,388,0.0,0.0
2024-05-31 12:41:00-04:00,84.87999725341797,84.98999786376953,84.87999725341797,84.94499969482422,2482,0.0,0.0
2024-05-31 12:42:00-04:00,84.95999908447266,85.0199966430664,84.95999908447266,85.0199966430664,343,0.0,0.0
2024-05-31 12:43:00-04:00,85.02449798583984,85.02449798583984,85.02449798583984,85.02449798583984,824,0.0,0.0
2024-05-31 12:44:00-04:00,85.0199966430664,85.0199966430664,85.0199966430664,85.0199966430664,164,0.0,0.0
2024-05-31 12:45:00-04:00,85.06999969482422,85.12999725341797,85.06999969482422,85.12999725341797,313,0.0,0.0
2024-05-31 12:46:00-04:00,85.11000061035156,85.11000061035156,85.11000061035156,85.11000061035156,671,0.0,0.0
2024-05-31 12:49:00-04:00,85.05999755859375,85.05999755859375,85.05999755859375,85.05999755859375,589,0.0,0.0
2024-05-31 12:53:00-04:00,85.12000274658203,85.12000274658203,85.12000274658203,85.12000274658203,1228,0.0,0.0
2024-05-31 12:54:00-04:00,85.12000274658203,85.12000274658203,85.12000274658203,85.12000274658203,227,0.0,0.0
2024-05-31 12:55:00-04:00,85.08000183105469,85.08000183105469,85.04000091552734,85.04000091552734,2018,0.0,0.0
2024-05-31 12:56:00-04:00,85.02999877929688,85.02999877929688,85.02999877929688,85.02999877929688,299,0.0,0.0
2024-05-31 12:59:00-04:00,85.08999633789062,85.08999633789062,85.08999633789062,85.08999633789062,242,0.0,0.0
2024-05-31 13:00:00-04:00,85.12999725341797,85.18000030517578,85.12999725341797,85.18000030517578,1995,0.0,0.0
2024-05-31 13:01:00-04:00,85.20999908447266,85.20999908447266,85.1500015258789,85.1500015258789,552,0.0,0.0
2024-05-31 13:02:00-04:00,85.28250122070312,85.3499984741211,85.28250122070312,85.32499694824219,1573,0.0,0.0
2024-05-31 13:03:00-04:00,85.38999938964844,85.38999938964844,85.38999938964844,85.38999938964844,333,0.0,0.0
2024-05-31 13:04:00-04:00,85.43000030517578,85.4749984741211,85.3499984741211,85.3499984741211,2937,0.0,0.0
2024-05-31 13:05:00-04:00,85.4000015258789,85.4000015258789,85.4000015258789,85.4000015258789,155,0.0,0.0
2024-05-31 13:07:00-04:00,85.38999938964844,85.41999816894531,85.36000061035156,85.41999816894531,996,0.0,0.0
2024-05-31 13:10:00-04:00,85.3270034790039,85.43499755859375,85.30999755859375,85.37000274658203,3247,0.0,0.0
2024-05-31 13:11:00-04:00,85.3949966430664,85.3949966430664,85.3949966430664,85.3949966430664,378,0.0,0.0
2024-05-31 13:14:00-04:00,85.39340209960938,85.44999694824219,85.3499984741211,85.41000366210938,1991,0.0,0.0
2024-05-31 13:18:00-04:00,85.37999725341797,85.37999725341797,85.37999725341797,85.37999725341797,174,0.0,0.0
2024-05-31 13:19:00-04:00,85.41999816894531,85.4800033569336,85.41999816894531,85.43000030517578,15556,0.0,0.0
2024-05-31 13:20:00-04:00,85.44000244140625,85.44000244140625,85.44000244140625,85.44000244140625,291,0.0,0.0
2024-05-31 13:21:00-04:00,85.37999725341797,85.37999725341797,85.37999725341797,85.37999725341797,584,0.0,0.0
2024-05-31 13:22:00-04:00,85.43499755859375,85.43499755859375,85.43499755859375,85.43499755859375,272,0.0,0.0
2024-05-31 13:23:00-04:00,85.44000244140625,85.44000244140625,85.44000244140625,85.44000244140625,125,0.0,0.0
2024-05-31 13:24:00-04:00,85.44499969482422,85.44499969482422,85.44499969482422,85.44499969482422,161,0.0,0.0
2024-05-31 13:25:00-04:00,85.44499969482422,85.44499969482422,85.44499969482422,85.44499969482422,325,0.0,0.0
2024-05-31 13:26:00-04:00,85.44999694824219,85.5,85.44499969482422,85.4800033569336,3074,0.0,0.0
2024-05-31 13:27:00-04:00,85.51000213623047,85.51000213623047,85.47000122070312,85.47000122070312,1713,0.0,0.0
2024-05-31 13:28:00-04:00,85.54000091552734,85.66999816894531,85.54000091552734,85.66999816894531,1121,0.0,0.0
2024-05-31 13:31:00-04:00,85.71499633789062,85.72000122070312,85.63999938964844,85.66000366210938,1500,0.0,0.0
2024-05-31 13:32:00-04:00,85.70500183105469,85.70500183105469,85.62000274658203,85.62000274658203,1093,0.0,0.0
2024-05-31 13:33:00-04:00,85.67500305175781,85.67500305175781,85.54000091552734,85.54000091552734,997,0.0,0.0
2024-05-31 13:34:00-04:00,85.54000091552734,85.56999969482422,85.54000091552734,85.56999969482422,533,0.0,0.0
2024-05-31 13:35:00-04:00,85.55000305175781,85.55000305175781,85.55000305175781,85.55000305175781,282,0.0,0.0
2024-05-31 13:36:00-04:00,85.55999755859375,85.55999755859375,85.52999877929688,85.52999877929688,329,0.0,0.0
2024-05-31 13:39:00-04:00,85.56500244140625,85.56500244140625,85.43000030517578,85.43000030517578,2055,0.0,0.0
2024-05-31 13:41:00-04:00,85.41999816894531,85.41999816894531,85.41999816894531,85.41999816894531,202,0.0,0.0
2024-05-31 13:42:00-04:00,85.41999816894531,85.41999816894531,85.40499877929688,85.40499877929688,475,0.0,0.0
2024-05-31 13:43:00-04:00,85.4000015258789,85.43000030517578,85.4000015258789,85.41999816894531,1666,0.0,0.0
2024-05-31 13:44:00-04:00,85.43000030517578,85.47000122070312,85.43000030517578,85.44000244140625,1523,0.0,0.0
2024-05-31 13:46:00-04:00,85.44000244140625,85.44000244140625,85.44000244140625,85.44000244140625,218,0.0,0.0
2024-05-31 13:47:00-04:00,85.44999694824219,85.44999694824219,85.44000244140625,85.44000244140625,298,0.0,0.0
2024-05-31 13:48:00-04:00,85.44000244140625,85.55000305175781,85.44000244140625,85.4800033569336,2370,0.0,0.0
2024-05-31 13:49:00-04:00,85.54000091552734,85.58999633789062,85.54000091552734,85.58999633789062,232,0.0,0.0
2024-05-31 13:50:00-04:00,85.5999984741211,85.5999984741211,85.55500030517578,85.55500030517578,349,0.0,0.0
2024-05-31 13:51:00-04:00,85.55999755859375,85.55999755859375,85.55999755859375,85.55999755859375,498,0.0,0.0
2024-05-31 13:52:00-04:00,85.5199966430664,85.5199966430664,85.47000122070312,85.47000122070312,2186,0.0,0.0
2024-05-31 13:54:00-04:00,85.5,85.5,85.5,85.5,199,0.0,0.0
2024-05-31 13:55:00-04:00,85.51000213623047,85.51000213623047,85.51000213623047,85.51000213623047,176,0.0,0.0
2024-05-31 13:56:00-04:00,85.52999877929688,85.52999877929688,85.52999877929688,85.52999877929688,577,0.0,0.0
2024-05-31 13:58:00-04:00,85.52999877929688,85.52999877929688,85.52999877929688,85.52999877929688,233,0.0,0.0
2024-05-31 13:59:00-04:00,85.54000091552734,85.5999984741211,85.54000091552734,85.58499908447266,3192,0.0,0.0
2024-05-31 14:00:00-04:00,85.59500122070312,85.59500122070312,85.59500122070312,85.59500122070312,143,0.0,0.0
2024-05-31 14:01:00-04:00,85.55000305175781,85.6500015258789,85.51000213623047,85.58999633789062,10178,0.0,0.0
2024-05-31 14:02:00-04:00,85.5199966430664,85.5199966430664,85.5199966430664,85.5199966430664,149,0.0,0.0
2024-05-31 14:03:00-04:00,85.58000183105469,85.58000183105469,85.58000183105469,85.58000183105469,652,0.0,0.0
2024-05-31 14:06:00-04:00,85.63999938964844,85.63999938964844,85.63999938964844,85.63999938964844,176,0.0,0.0
2024-05-31 14:07:00-04:00,85.58999633789062,85.58999633789062,85.58999633789062,85.58999633789062,686,0.0,0.0
2024-05-31 14:08:00-04:00,85.66999816894531,85.66999816894531,85.66999816894531,85.66999816894531,355,0.0,0.0
2024-05-31 14:09:00-04:00,85.62999725341797,85.62999725341797,85.62999725341797,85.62999725341797,103,0.0,0.0
2024-05-31 14:10:00-04:00,85.63999938964844,85.63999938964844,85.56999969482422,85.56999969482422,2320,0.0,0.0
2024-05-31 14:12:00-04:00,85.66999816894531,85.69000244140625,85.66999816894531,85.66999816894531,1126,0.0,0.0
2024-05-31 14:14:00-04:00,85.68000030517578,85.68000030517578,85.62000274658203,85.62000274658203,1320,0.0,0.0
2024-05-31 14:17:00-04:00,85.66500091552734,85.66500091552734,85.66500091552734,85.66500091552734,303,0.0,0.0
2024-05-31 14:18:00-04:00,85.66999816894531,85.69000244140625,85.66999816894531,85.69000244140625,205,0.0,0.0
2024-05-31 14:19:00-04:00,85.69000244140625,85.73999786376953,85.69000244140625,85.73999786376953,1590,0.0,0.0
2024-05-31 14:20:00-04:00,85.72000122070312,85.72000122070312,85.69000244140625,85.69000244140625,761,0.0,0.0
2024-05-31 14:21:00-04:00,85.66999816894531,85.66999816894531,85.5999984741211,85.5999984741211,1352,0.0,0.0
2024-05-31 14:22:00-04:00,85.6050033569336,85.6050033569336,85.6050033569336,85.6050033569336,361,0.0,0.0
2024-05-31 14:24:00-04:00,85.56999969482422,85.56999969482422,85.56999969482422,85.56999969482422,571,0.0,0.0
2024-05-31 14:25:00-04:00,85.56999969482422,85.56999969482422,85.56999969482422,85.56999969482422,440,0.0,0.0
2024-05-31 14:26:00-04:00,85.55000305175781,85.55000305175781,85.55000305175781,85.55000305175781,951,0.0,0.0
2024-05-31 14:32:00-04:00,85.48500061035156,85.48500061035156,85.41999816894531,85.41999816894531,666,0.0,0.0
2024-05-31 14:34:00-04:00,85.44000244140625,85.44000244140625,85.4000015258789,85.41000366210938,1515,0.0,0.0
2024-05-31 14:35:00-04:00,85.38500213623047,85.38500213623047,85.38500213623047,85.38500213623047,271,0.0,0.0
2024-05-31 14:36:00-04:00,85.43499755859375,85.43499755859375,85.43499755859375,85.43499755859375,104,0.0,0.0
2024-05-31 14:37:00-04:00,85.45999908447266,85.47000122070312,85.45999908447266,85.47000122070312,1347,0.0,0.0
2024-05-31 14:38:00-04:00,85.47000122070312,85.49500274658203,85.45999908447266,85.49500274658203,1711,0.0,0.0
2024-05-31 14:39:00-04:00,85.5,85.50499725341797,85.5,85.50499725341797,286,0.0,0.0
2024-05-31 14:40:00-04:00,85.50499725341797,85.58999633789062,85.50499725341797,85.55999755859375,2186,0.0,0.0
2024-05-31 14:41:00-04:00,85.55999755859375,85.55999755859375,85.55999755859375,85.55999755859375,1068,0.0,0.0
2024-05-31 14:42:00-04:00,85.5,85.5,85.48999786376953,85.48999786376953,470,0.0,0.0
2024-05-31 14:43:00-04:00,85.5250015258789,85.54000091552734,85.5250015258789,85.52999877929688,901,0.0,0.0
2024-05-31 14:44:00-04:00,85.44999694824219,85.47000122070312,85.33000183105469,85.37000274658203,4934,0.0,0.0
2024-05-31 14:46:00-04:00,85.36000061035156,85.36000061035156,85.36000061035156,85.36000061035156,102,0.0,0.0
2024-05-31 14:47:00-04:00,85.37000274658203,85.375,85.37000274658203,85.375,698,0.0,0.0
2024-05-31 14:48:00-04:00,85.33000183105469,85.33000183105469,85.31999969482422,85.31999969482422,952,0.0,0.0
2024-05-31 14:51:00-04:00,85.36000061035156,85.36000061035156,85.3499984741211,85.3499984741211,1302,0.0,0.0
2024-05-31 14:53:00-04:00,85.33000183105469,85.33000183105469,85.33000183105469,85.33000183105469,1091,0.0,0.0
2024-05-31 14:54:00-04:00,85.3499984741211,85.36000061035156,85.30999755859375,85.33499908447266,2191,0.0,0.0
2024-05-31 14:55:00-04:00,85.33499908447266,85.33499908447266,85.33499908447266,85.33499908447266,339,0.0,0.0
2024-05-31 14:56:00-04:00,85.33499908447266,85.41999816894531,85.33499908447266,85.38999938964844,2758,0.0,0.0
2024-05-31 14:57:00-04:00,85.38500213623047,85.38500213623047,85.38500213623047,85.38500213623047,362,0.0,0.0
2024-05-31 14:59:00-04:00,85.35659790039062,85.35659790039062,85.35659790039062,85.35659790039062,611,0.0,0.0
2024-05-31 15:00:00-04:00,85.3499984741211,85.48999786376953,85.33999633789062,85.48999786376953,3361,0.0,0.0
2024-05-31 15:01:00-04:00,85.47000122070312,85.47000122070312,85.45999908447266,85.45999908447266,659,0.0,0.0
2024-05-31 15:02:00-04:00,85.4800033569336,85.4800033569336,85.44000244140625,85.44999694824219,1723,0.0,0.0
2024-05-31 15:03:00-04:00,85.45999908447266,85.45999908447266,85.45999908447266,85.45999908447266,473,0.0,0.0
2024-05-31 15:04:00-04:00,85.4800033569336,85.4800033569336,85.47000122070312,85.47000122070312,490,0.0,0.0
2024-05-31 15:05:00-04:00,85.51000213623047,85.51000213623047,85.4749984741211,85.48500061035156,1381,0.0,0.0
2024-05-31 15:06:00-04:00,85.4800033569336,85.58000183105469,85.4800033569336,85.58000183105469,1794,0.0,0.0
2024-05-31 15:07:00-04:00,85.6500015258789,85.6500015258789,85.6500015258789,85.6500015258789,381,0.0,0.0
2024-05-31 15:08:00-04:00,85.66000366210938,85.73999786376953,85.66000366210938,85.73999786376953,1078,0.0,0.0
2024-05-31 15:09:00-04:00,85.70999908447266,85.70999908447266,85.69999694824219,85.69999694824219,1329,0.0,0.0
2024-05-31 15:10:00-04:00,85.68000030517578,85.68000030517578,85.68000030517578,85.68000030517578,522,0.0,0.0
2024-05-31 15:11:00-04:00,85.71499633789062,85.74500274658203,85.71499633789062,85.74500274658203,839,0.0,0.0
2024-05-31 15:12:00-04:00,85.80999755859375,85.83999633789062,85.80999755859375,85.83999633789062,523,0.0,0.0
2024-05-31 15:13:00-04:00,85.75019836425781,85.75019836425781,85.75019836425781,85.75019836425781,660,0.0,0.0
2024-05-31 15:15:00-04:00,85.80000305175781,85.86000061035156,85.80000305175781,85.86000061035156,864,0.0,0.0
2024-05-31 15:16:00-04:00,85.81999969482422,85.81999969482422,85.81999969482422,85.81999969482422,383,0.0,0.0
2024-05-31 15:17:00-04:00,85.81999969482422,85.81999969482422,85.77999877929688,85.77999877929688,1509,0.0,0.0
2024-05-31 15:18:00-04:00,85.80000305175781,85.80000305175781,85.80000305175781,85.80000305175781,273,0.0,0.0
2024-05-31 15:20:00-04:00,85.80000305175781,85.80000305175781,85.75,85.7699966430664,1208,0.0,0.0
2024-05-31 15:21:00-04:00,85.76499938964844,85.80999755859375,85.76499938964844,85.80000305175781,1425,0.0,0.0
2024-05-31 15:22:00-04:00,85.80999755859375,85.9000015258789,85.80999755859375,85.86000061035156,2139,0.0,0.0
2024-05-31 15:23:00-04:00,85.91000366210938,85.91000366210938,85.88500213623047,85.88500213623047,376,0.0,0.0
2024-05-31 15:24:00-04:00,85.8949966430664,85.94000244140625,85.8949966430664,85.94000244140625,377,0.0,0.0
2024-05-31 15:25:00-04:00,85.94999694824219,85.94999694824219,85.94999694824219,85.94999694824219,385,0.0,0.0
2024-05-31 15:26:00-04:00,85.93000030517578,85.95999908447266,85.93000030517578,85.93000030517578,758,0.0,0.0
2024-05-31 15:27:00-04:00,85.9000015258789,85.91000366210938,85.9000015258789,85.91000366210938,1563,0.0,0.0
2024-05-31 15:29:00-04:00,85.87999725341797,85.87999725341797,85.80500030517578,85.80500030517578,2058,0.0,0.0
2024-05-31 15:30:00-04:00,85.7699966430664,85.79499816894531,85.7699966430664,85.79499816894531,217,0.0,0.0
2024-05-31 15:31:00-04:00,85.76000213623047,85.76000213623047,85.68499755859375,85.7300033569336,3533,0.0,0.0
2024-05-31 15:32:00-04:00,85.7699966430664,85.7699966430664,85.7699966430664,85.7699966430664,1205,0.0,0.0
2024-05-31 15:33:00-04:00,85.81500244140625,85.81500244140625,85.81500244140625,85.81500244140625,698,0.0,0.0
2024-05-31 15:35:00-04:00,85.87000274658203,85.87000274658203,85.83999633789062,85.83999633789062,592,0.0,0.0
2024-05-31 15:36:00-04:00,85.83499908447266,85.83499908447266,85.79000091552734,85.80000305175781,2109,0.0,0.0
2024-05-31 15:37:00-04:00,85.80000305175781,85.80000305175781,85.75,85.75,2537,0.0,0.0
2024-05-31 15:38:00-04:00,85.72000122070312,85.73999786376953,85.70500183105469,85.7300033569336,5368,0.0,0.0
2024-05-31 15:39:00-04:00,85.7300033569336,85.7300033569336,85.68000030517578,85.70500183105469,3616,0.0,0.0
2024-05-31 15:40:00-04:00,85.7300033569336,85.83999633789062,85.69999694824219,85.81500244140625,7676,0.0,0.0
2024-05-31 15:41:00-04:00,85.8499984741211,85.91000366210938,85.81500244140625,85.88999938964844,2492,0.0,0.0
2024-05-31 15:42:00-04:00,85.8499984741211,85.8499984741211,85.73999786376953,85.83499908447266,5467,0.0,0.0
2024-05-31 15:43:00-04:00,85.83499908447266,85.93000030517578,85.83499908447266,85.9000015258789,4859,0.0,0.0
2024-05-31 15:44:00-04:00,85.91500091552734,85.97000122070312,85.91500091552734,85.94999694824219,4275,0.0,0.0
2024-05-31 15:45:00-04:00,85.95500183105469,86.02999877929688,85.95500183105469,86.02999877929688,1877,0.0,0.0
2024-05-31 15:46:00-04:00,86.05000305175781,86.08999633789062,85.98999786376953,85.98999786376953,4056,0.0,0.0
2024-05-31 15:47:00-04:00,86.01000213623047,86.05000305175781,85.9000015258789,86.0199966430664,6960,0.0,0.0
2024-05-31 15:48:00-04:00,86.0,86.02999877929688,85.95999908447266,86.01000213623047,5451,0.0,0.0
2024-05-31 15:49:00-04:00,86.0199966430664,86.05000305175781,85.94000244140625,85.94000244140625,6331,0.0,0.0
2024-05-31 15:50:00-04:00,85.98999786376953,86.19999694824219,85.95999908447266,86.0199966430664,23523,0.0,0.0
2024-05-31 15:51:00-04:00,86.05999755859375,86.12999725341797,86.0,86.12000274658203,13011,0.0,0.0
2024-05-31 15:52:00-04:00,86.18000030517578,86.19499969482422,86.05999755859375,86.19499969482422,14151,0.0,0.0
2024-05-31 15:53:00-04:00,86.18000030517578,86.26499938964844,86.18000030517578,86.19999694824219,10660,0.0,0.0
2024-05-31 15:54:00-04:00,86.2300033569336,86.23999786376953,86.06999969482422,86.08999633789062,8288,0.0,0.0
2024-05-31 15:55:00-04:00,86.11499786376953,86.33000183105469,86.1050033569336,86.29000091552734,25401,0.0,0.0
2024-05-31 15:56:00-04:00,86.30000305175781,86.45999908447266,86.26000213623047,86.45999908447266,11573,0.0,0.0
2024-05-31 15:57:00-04:00,86.44999694824219,86.44999694824219,86.31999969482422,86.43000030517578,15696,0.0,0.0
2024-05-31 15:58:00-04:00,86.4000015258789,86.45999908447266,86.37000274658203,86.38999938964844,16745,0.0,0.0
2024-05-31 15:59:00-04:00,86.41000366210938,86.5199966430664,86.36000061035156,86.4800033569336,35743,0.0,0.0
