Datetime,Open,High,Low,Close,Volume,Dividends,Stock Splits
2024-05-28 09:30:00-04:00,21.690000534057617,21.690000534057617,21.65999984741211,21.690000534057617,11279,0.0,0.0
2024-05-28 09:31:00-04:00,21.65999984741211,21.665000915527344,21.639999389648438,21.665000915527344,637,0.0,0.0
2024-05-28 09:32:00-04:00,21.62980079650879,21.639999389648438,21.6200008392334,21.6200008392334,466,0.0,0.0
2024-05-28 09:33:00-04:00,21.6200008392334,21.6299991607666,21.6200008392334,21.6200008392334,902,0.0,0.0
2024-05-28 09:34:00-04:00,21.655000686645508,21.684499740600586,21.6200008392334,21.6200008392334,586,0.0,0.0
2024-05-28 09:35:00-04:00,21.6299991607666,21.634700775146484,21.6299991607666,21.6299991607666,2572,0.0,0.0
2024-05-28 09:36:00-04:00,21.65999984741211,21.65999984741211,21.600000381469727,21.610000610351562,2616,0.0,0.0
2024-05-28 09:37:00-04:00,21.6299991607666,21.670000076293945,21.6299991607666,21.665000915527344,2799,0.0,0.0
2024-05-28 09:38:00-04:00,21.665000915527344,21.665000915527344,21.645000457763672,21.649999618530273,1299,0.0,0.0
2024-05-28 09:39:00-04:00,21.649999618530273,21.649999618530273,21.649999618530273,21.649999618530273,746,0.0,0.0
2024-05-28 09:40:00-04:00,21.645000457763672,21.645000457763672,21.645000457763672,21.645000457763672,654,0.0,0.0
2024-05-28 09:41:00-04:00,21.610000610351562,21.610000610351562,21.610000610351562,21.610000610351562,116,0.0,0.0
2024-05-28 09:42:00-04:00,21.61009979248047,21.614999771118164,21.565000534057617,21.56999969482422,23337,0.0,0.0
2024-05-28 09:43:00-04:00,21.575000762939453,21.600000381469727,21.56999969482422,21.600000381469727,7639,0.0,0.0
2024-05-28 09:44:00-04:00,21.610000610351562,21.610000610351562,21.604999542236328,21.604999542236328,640,0.0,0.0
2024-05-28 09:45:00-04:00,21.600000381469727,21.604999542236328,21.600000381469727,21.604999542236328,267,0.0,0.0
2024-05-28 09:46:00-04:00,21.59000015258789,21.6200008392334,21.59000015258789,21.600000381469727,626,0.0,0.0
2024-05-28 09:47:00-04:00,21.610000610351562,21.610000610351562,21.610000610351562,21.610000610351562,366,0.0,0.0
2024-05-28 09:49:00-04:00,21.6299991607666,21.6299991607666,21.604999542236328,21.6200008392334,9112,0.0,0.0
2024-05-28 09:51:00-04:00,21.625,21.625,21.610000610351562,21.614999771118164,858,0.0,0.0
2024-05-28 09:52:00-04:00,21.6200008392334,21.6200008392334,21.6200008392334,21.6200008392334,343,0.0,0.0
2024-05-28 09:53:00-04:00,21.639999389648438,21.649999618530273,21.635000228881836,21.635000228881836,843,0.0,0.0
2024-05-28 09:54:00-04:00,21.630699157714844,21.635000228881836,21.630699157714844,21.635000228881836,843,0.0,0.0
2024-05-28 09:55:00-04:00,21.655000686645508,21.655000686645508,21.645000457763672,21.649599075317383,1300,0.0,0.0
2024-05-28 09:56:00-04:00,21.639999389648438,21.649999618530273,21.6299991607666,21.649999618530273,3781,0.0,0.0
2024-05-28 09:57:00-04:00,21.649999618530273,21.649999618530273,21.649999618530273,21.649999618530273,269,0.0,0.0
2024-05-28 09:58:00-04:00,21.649999618530273,21.649999618530273,21.649999618530273,21.649999618530273,402,0.0,0.0
2024-05-28 10:00:00-04:00,21.674999237060547,21.679899215698242,21.674999237060547,21.679899215698242,300,0.0,0.0
2024-05-28 10:01:00-04:00,21.67060089111328,21.674999237060547,21.67060089111328,21.674999237060547,928,0.0,0.0
2024-05-28 10:02:00-04:00,21.655000686645508,21.65999984741211,21.655000686645508,21.65999984741211,1299,0.0,0.0
2024-05-28 10:03:00-04:00,21.665000915527344,21.666000366210938,21.665000915527344,21.666000366210938,559,0.0,0.0
2024-05-28 10:04:00-04:00,21.665000915527344,21.665000915527344,21.65999984741211,21.65999984741211,281,0.0,0.0
2024-05-28 10:05:00-04:00,21.670000076293945,21.684999465942383,21.670000076293945,21.684999465942383,438,0.0,0.0
2024-05-28 10:06:00-04:00,21.68000030517578,21.68000030517578,21.661699295043945,21.665000915527344,1761,0.0,0.0
2024-05-28 10:07:00-04:00,21.65999984741211,21.65999984741211,21.65999984741211,21.65999984741211,296,0.0,0.0
2024-05-28 10:10:00-04:00,21.665000915527344,21.665000915527344,21.665000915527344,21.665000915527344,101,0.0,0.0
2024-05-28 10:11:00-04:00,21.665000915527344,21.665000915527344,21.665000915527344,21.665000915527344,175,0.0,0.0
2024-05-28 10:12:00-04:00,21.665000915527344,21.665000915527344,21.665000915527344,21.665000915527344,205,0.0,0.0
2024-05-28 10:13:00-04:00,21.670000076293945,21.670000076293945,21.670000076293945,21.670000076293945,147,0.0,0.0
2024-05-28 10:14:00-04:00,21.665000915527344,21.665000915527344,21.665000915527344,21.665000915527344,292,0.0,0.0
2024-05-28 10:16:00-04:00,21.679899215698242,21.679899215698242,21.674999237060547,21.674999237060547,479,0.0,0.0
2024-05-28 10:17:00-04:00,21.690000534057617,21.690000534057617,21.690000534057617,21.690000534057617,543,0.0,0.0
2024-05-28 10:18:00-04:00,21.690000534057617,21.69499969482422,21.690000534057617,21.69499969482422,551,0.0,0.0
2024-05-28 10:19:00-04:00,21.69499969482422,21.69499969482422,21.69499969482422,21.69499969482422,172,0.0,0.0
2024-05-28 10:20:00-04:00,21.69499969482422,21.69499969482422,21.690000534057617,21.690000534057617,971,0.0,0.0
2024-05-28 10:21:00-04:00,21.684999465942383,21.684999465942383,21.68000030517578,21.68000030517578,781,0.0,0.0
2024-05-28 10:23:00-04:00,21.690000534057617,21.690000534057617,21.690000534057617,21.690000534057617,105,0.0,0.0
2024-05-28 10:24:00-04:00,21.700000762939453,21.700000762939453,21.690000534057617,21.690000534057617,354,0.0,0.0
2024-05-28 10:26:00-04:00,21.69099998474121,21.69099998474121,21.69099998474121,21.69099998474121,420,0.0,0.0
2024-05-28 10:29:00-04:00,21.700000762939453,21.729999542236328,21.698299407958984,21.729999542236328,19643,0.0,0.0
2024-05-28 10:30:00-04:00,21.739999771118164,21.739999771118164,21.739999771118164,21.739999771118164,359,0.0,0.0
2024-05-28 10:31:00-04:00,21.729999542236328,21.729999542236328,21.725000381469727,21.725000381469727,550,0.0,0.0
2024-05-28 10:32:00-04:00,21.719999313354492,21.719999313354492,21.719999313354492,21.719999313354492,605,0.0,0.0
2024-05-28 10:35:00-04:00,21.719999313354492,21.739999771118164,21.719999313354492,21.739999771118164,1321,0.0,0.0
2024-05-28 10:36:00-04:00,21.739999771118164,21.770000457763672,21.739900588989258,21.770000457763672,5958,0.0,0.0
2024-05-28 10:39:00-04:00,21.759899139404297,21.759899139404297,21.759899139404297,21.759899139404297,928,0.0,0.0
2024-05-28 10:40:00-04:00,21.764999389648438,21.764999389648438,21.764999389648438,21.764999389648438,421,0.0,0.0
2024-05-28 10:42:00-04:00,21.760000228881836,21.760000228881836,21.760000228881836,21.760000228881836,381,0.0,0.0
2024-05-28 10:45:00-04:00,21.769899368286133,21.780000686645508,21.769899368286133,21.780000686645508,3304,0.0,0.0
2024-05-28 10:46:00-04:00,21.795000076293945,21.795000076293945,21.795000076293945,21.795000076293945,250,0.0,0.0
2024-05-28 10:47:00-04:00,21.795000076293945,21.80500030517578,21.790000915527344,21.790000915527344,5286,0.0,0.0
2024-05-28 10:48:00-04:00,21.790000915527344,21.80500030517578,21.790000915527344,21.80500030517578,1169,0.0,0.0
2024-05-28 10:49:00-04:00,21.799999237060547,21.799999237060547,21.799999237060547,21.799999237060547,715,0.0,0.0
2024-05-28 10:50:00-04:00,21.809999465942383,21.809999465942383,21.809999465942383,21.809999465942383,1176,0.0,0.0
2024-05-28 10:52:00-04:00,21.799999237060547,21.799999237060547,21.799999237060547,21.799999237060547,606,0.0,0.0
2024-05-28 10:53:00-04:00,21.809999465942383,21.809999465942383,21.809999465942383,21.809999465942383,221,0.0,0.0
2024-05-28 10:54:00-04:00,21.807899475097656,21.807899475097656,21.807899475097656,21.807899475097656,373,0.0,0.0
2024-05-28 10:55:00-04:00,21.799999237060547,21.799999237060547,21.799999237060547,21.799999237060547,511,0.0,0.0
2024-05-28 10:56:00-04:00,21.809999465942383,21.809999465942383,21.809999465942383,21.809999465942383,368,0.0,0.0
2024-05-28 10:58:00-04:00,21.795000076293945,21.795000076293945,21.790000915527344,21.790000915527344,291,0.0,0.0
2024-05-28 10:59:00-04:00,21.795000076293945,21.795000076293945,21.795000076293945,21.795000076293945,436,0.0,0.0
2024-05-28 11:01:00-04:00,21.795000076293945,21.795000076293945,21.795000076293945,21.795000076293945,664,0.0,0.0
2024-05-28 11:02:00-04:00,21.795000076293945,21.795000076293945,21.795000076293945,21.795000076293945,1360,0.0,0.0
2024-05-28 11:04:00-04:00,21.795000076293945,21.795000076293945,21.795000076293945,21.795000076293945,586,0.0,0.0
2024-05-28 11:10:00-04:00,21.795000076293945,21.795000076293945,21.790000915527344,21.795000076293945,538,0.0,0.0
2024-05-28 11:13:00-04:00,21.795000076293945,21.795000076293945,21.795000076293945,21.795000076293945,345,0.0,0.0
2024-05-28 11:14:00-04:00,21.795000076293945,21.795000076293945,21.795000076293945,21.795000076293945,225,0.0,0.0
2024-05-28 11:17:00-04:00,21.790599822998047,21.790599822998047,21.790599822998047,21.790599822998047,617,0.0,0.0
2024-05-28 11:20:00-04:00,21.798500061035156,21.798500061035156,21.798500061035156,21.798500061035156,271,0.0,0.0
2024-05-28 11:21:00-04:00,21.799999237060547,21.799999237060547,21.795000076293945,21.795000076293945,547,0.0,0.0
2024-05-28 11:26:00-04:00,21.790000915527344,21.795000076293945,21.78499984741211,21.795000076293945,957,0.0,0.0
2024-05-28 11:27:00-04:00,21.790000915527344,21.790000915527344,21.790000915527344,21.790000915527344,100,0.0,0.0
2024-05-28 11:28:00-04:00,21.795000076293945,21.795000076293945,21.795000076293945,21.795000076293945,152,0.0,0.0
2024-05-28 11:29:00-04:00,21.795000076293945,21.795000076293945,21.795000076293945,21.795000076293945,101,0.0,0.0
2024-05-28 11:30:00-04:00,21.799999237060547,21.799999237060547,21.790000915527344,21.790000915527344,943,0.0,0.0
2024-05-28 11:36:00-04:00,21.78499984741211,21.78499984741211,21.78499984741211,21.78499984741211,227,0.0,0.0
2024-05-28 11:37:00-04:00,21.789899826049805,21.789899826049805,21.789899826049805,21.789899826049805,118,0.0,0.0
2024-05-28 11:38:00-04:00,21.790000915527344,21.790000915527344,21.790000915527344,21.790000915527344,428,0.0,0.0
2024-05-28 11:39:00-04:00,21.795000076293945,21.795000076293945,21.795000076293945,21.795000076293945,230,0.0,0.0
2024-05-28 11:42:00-04:00,21.795000076293945,21.795000076293945,21.795000076293945,21.795000076293945,199,0.0,0.0
2024-05-28 11:44:00-04:00,21.795000076293945,21.795000076293945,21.795000076293945,21.795000076293945,121,0.0,0.0
2024-05-28 11:46:00-04:00,21.790000915527344,21.790000915527344,21.790000915527344,21.790000915527344,376,0.0,0.0
2024-05-28 11:49:00-04:00,21.788000106811523,21.788000106811523,21.788000106811523,21.788000106811523,188,0.0,0.0
2024-05-28 11:50:00-04:00,21.790000915527344,21.790000915527344,21.790000915527344,21.790000915527344,317,0.0,0.0
2024-05-28 11:52:00-04:00,21.784500122070312,21.784500122070312,21.784500122070312,21.784500122070312,256,0.0,0.0
2024-05-28 11:55:00-04:00,21.783000946044922,21.783000946044922,21.783000946044922,21.783000946044922,437,0.0,0.0
2024-05-28 11:59:00-04:00,21.780000686645508,21.780000686645508,21.780000686645508,21.780000686645508,118,0.0,0.0
2024-05-28 12:02:00-04:00,21.78070068359375,21.78499984741211,21.78070068359375,21.78499984741211,1046,0.0,0.0
2024-05-28 12:04:00-04:00,21.780000686645508,21.780000686645508,21.780000686645508,21.780000686645508,134,0.0,0.0
2024-05-28 12:05:00-04:00,21.78499984741211,21.789899826049805,21.78499984741211,21.789899826049805,3186,0.0,0.0
2024-05-28 12:08:00-04:00,21.774999618530273,21.774999618530273,21.774999618530273,21.774999618530273,207,0.0,0.0
2024-05-28 12:10:00-04:00,21.770000457763672,21.770000457763672,21.75,21.75,1926,0.0,0.0
2024-05-28 12:13:00-04:00,21.760000228881836,21.764999389648438,21.760000228881836,21.764999389648438,715,0.0,0.0
2024-05-28 12:14:00-04:00,21.76020050048828,21.76020050048828,21.76020050048828,21.76020050048828,254,0.0,0.0
2024-05-28 12:15:00-04:00,21.764999389648438,21.764999389648438,21.764999389648438,21.764999389648438,109,0.0,0.0
2024-05-28 12:18:00-04:00,21.764999389648438,21.764999389648438,21.764999389648438,21.764999389648438,1298,0.0,0.0
2024-05-28 12:19:00-04:00,21.76059913635254,21.764999389648438,21.76059913635254,21.764999389648438,405,0.0,0.0
2024-05-28 12:21:00-04:00,21.764999389648438,21.780000686645508,21.7450008392334,21.75,35973,0.0,0.0
2024-05-28 12:25:00-04:00,21.75,21.75,21.75,21.75,102,0.0,0.0
2024-05-28 12:26:00-04:00,21.7450008392334,21.7450008392334,21.740800857543945,21.7450008392334,1073,0.0,0.0
2024-05-28 12:27:00-04:00,21.739999771118164,21.739999771118164,21.719999313354492,21.719999313354492,5289,0.0,0.0
2024-05-28 12:28:00-04:00,21.725000381469727,21.725000381469727,21.725000381469727,21.725000381469727,663,0.0,0.0
2024-05-28 12:29:00-04:00,21.725000381469727,21.725000381469727,21.725000381469727,21.725000381469727,140,0.0,0.0
2024-05-28 12:30:00-04:00,21.719999313354492,21.719999313354492,21.719999313354492,21.719999313354492,816,0.0,0.0
2024-05-28 12:31:00-04:00,21.719999313354492,21.719999313354492,21.709999084472656,21.709999084472656,1323,0.0,0.0
2024-05-28 12:32:00-04:00,21.715200424194336,21.715200424194336,21.700000762939453,21.700000762939453,2796,0.0,0.0
2024-05-28 12:34:00-04:00,21.69499969482422,21.700000762939453,21.69499969482422,21.700000762939453,670,0.0,0.0
2024-05-28 12:35:00-04:00,21.69499969482422,21.699199676513672,21.69499969482422,21.699199676513672,1283,0.0,0.0
2024-05-28 12:36:00-04:00,21.69499969482422,21.69499969482422,21.69499969482422,21.69499969482422,5308,0.0,0.0
2024-05-28 12:38:00-04:00,21.700000762939453,21.700000762939453,21.700000762939453,21.700000762939453,723,0.0,0.0
2024-05-28 12:39:00-04:00,21.704999923706055,21.704999923706055,21.704999923706055,21.704999923706055,274,0.0,0.0
2024-05-28 12:41:00-04:00,21.709999084472656,21.709999084472656,21.709999084472656,21.709999084472656,113,0.0,0.0
2024-05-28 12:42:00-04:00,21.704999923706055,21.735000610351562,21.700000762939453,21.735000610351562,4486,0.0,0.0
2024-05-28 12:43:00-04:00,21.735000610351562,21.735000610351562,21.735000610351562,21.735000610351562,197,0.0,0.0
2024-05-28 12:44:00-04:00,21.729999542236328,21.729999542236328,21.729999542236328,21.729999542236328,212,0.0,0.0
2024-05-28 12:45:00-04:00,21.73200035095215,21.73200035095215,21.729999542236328,21.729999542236328,2068,0.0,0.0
2024-05-28 12:47:00-04:00,21.735000610351562,21.735000610351562,21.735000610351562,21.735000610351562,380,0.0,0.0
2024-05-28 12:52:00-04:00,21.730100631713867,21.730100631713867,21.719999313354492,21.719999313354492,1647,0.0,0.0
2024-05-28 12:54:00-04:00,21.71500015258789,21.71500015258789,21.71500015258789,21.71500015258789,125,0.0,0.0
2024-05-28 12:55:00-04:00,21.71500015258789,21.71500015258789,21.71500015258789,21.71500015258789,204,0.0,0.0
2024-05-28 12:57:00-04:00,21.719999313354492,21.719999313354492,21.71500015258789,21.71500015258789,492,0.0,0.0
2024-05-28 12:58:00-04:00,21.71500015258789,21.71500015258789,21.71500015258789,21.71500015258789,114,0.0,0.0
2024-05-28 12:59:00-04:00,21.709999084472656,21.709999084472656,21.69499969482422,21.69499969482422,1786,0.0,0.0
2024-05-28 13:02:00-04:00,21.690000534057617,21.690000534057617,21.690000534057617,21.690000534057617,681,0.0,0.0
2024-05-28 13:03:00-04:00,21.690000534057617,21.69499969482422,21.690000534057617,21.69499969482422,415,0.0,0.0
2024-05-28 13:04:00-04:00,21.69099998474121,21.69499969482422,21.69099998474121,21.69499969482422,459,0.0,0.0
2024-05-28 13:05:00-04:00,21.69499969482422,21.69499969482422,21.69499969482422,21.69499969482422,124,0.0,0.0
2024-05-28 13:07:00-04:00,21.700000762939453,21.709999084472656,21.700000762939453,21.709999084472656,708,0.0,0.0
2024-05-28 13:10:00-04:00,21.703100204467773,21.703100204467773,21.703100204467773,21.703100204467773,221,0.0,0.0
2024-05-28 13:14:00-04:00,21.700000762939453,21.700000762939453,21.700000762939453,21.700000762939453,143,0.0,0.0
2024-05-28 13:16:00-04:00,21.690099716186523,21.690099716186523,21.690000534057617,21.690000534057617,647,0.0,0.0
2024-05-28 13:20:00-04:00,21.68470001220703,21.68470001220703,21.68470001220703,21.68470001220703,122,0.0,0.0
2024-05-28 13:21:00-04:00,21.686500549316406,21.686500549316406,21.686500549316406,21.686500549316406,516,0.0,0.0
2024-05-28 13:23:00-04:00,21.684999465942383,21.684999465942383,21.684999465942383,21.684999465942383,237,0.0,0.0
2024-05-28 13:26:00-04:00,21.68000030517578,21.68000030517578,21.68000030517578,21.68000030517578,101,0.0,0.0
2024-05-28 13:27:00-04:00,21.686599731445312,21.686599731445312,21.686599731445312,21.686599731445312,309,0.0,0.0
2024-05-28 13:29:00-04:00,21.686199188232422,21.686199188232422,21.686199188232422,21.686199188232422,219,0.0,0.0
2024-05-28 13:30:00-04:00,21.68000030517578,21.68000030517578,21.670000076293945,21.674999237060547,2339,0.0,0.0
2024-05-28 13:31:00-04:00,21.665000915527344,21.670000076293945,21.665000915527344,21.670000076293945,1888,0.0,0.0
2024-05-28 13:32:00-04:00,21.676000595092773,21.676000595092773,21.676000595092773,21.676000595092773,231,0.0,0.0
2024-05-28 13:34:00-04:00,21.670000076293945,21.670000076293945,21.670000076293945,21.670000076293945,379,0.0,0.0
2024-05-28 13:36:00-04:00,21.674999237060547,21.674999237060547,21.674999237060547,21.674999237060547,806,0.0,0.0
2024-05-28 13:37:00-04:00,21.67930030822754,21.67930030822754,21.674999237060547,21.674999237060547,1200,0.0,0.0
2024-05-28 13:38:00-04:00,21.68000030517578,21.68000030517578,21.68000030517578,21.68000030517578,207,0.0,0.0
2024-05-28 13:40:00-04:00,21.670000076293945,21.670000076293945,21.665000915527344,21.665000915527344,695,0.0,0.0
2024-05-28 13:41:00-04:00,21.663799285888672,21.669300079345703,21.663799285888672,21.665000915527344,680,0.0,0.0
2024-05-28 13:46:00-04:00,21.65999984741211,21.65999984741211,21.65999984741211,21.65999984741211,728,0.0,0.0
2024-05-28 13:50:00-04:00,21.655000686645508,21.655000686645508,21.655000686645508,21.655000686645508,357,0.0,0.0
2024-05-28 13:52:00-04:00,21.655000686645508,21.655000686645508,21.639999389648438,21.645000457763672,1240,0.0,0.0
2024-05-28 13:53:00-04:00,21.649999618530273,21.649999618530273,21.649999618530273,21.649999618530273,1422,0.0,0.0
2024-05-28 13:55:00-04:00,21.655000686645508,21.655000686645508,21.655000686645508,21.655000686645508,213,0.0,0.0
2024-05-28 13:56:00-04:00,21.655000686645508,21.65999984741211,21.655000686645508,21.65999984741211,1250,0.0,0.0
2024-05-28 13:57:00-04:00,21.665000915527344,21.670000076293945,21.665000915527344,21.665000915527344,801,0.0,0.0
2024-05-28 13:58:00-04:00,21.672000885009766,21.672000885009766,21.672000885009766,21.672000885009766,123,0.0,0.0
2024-05-28 14:00:00-04:00,21.65999984741211,21.65999984741211,21.65999984741211,21.65999984741211,333,0.0,0.0
2024-05-28 14:01:00-04:00,21.665000915527344,21.665000915527344,21.665000915527344,21.665000915527344,208,0.0,0.0
2024-05-28 14:03:00-04:00,21.667400360107422,21.670000076293945,21.667400360107422,21.670000076293945,1303,0.0,0.0
2024-05-28 14:05:00-04:00,21.674999237060547,21.674999237060547,21.674999237060547,21.674999237060547,233,0.0,0.0
2024-05-28 14:06:00-04:00,21.68000030517578,21.68000030517578,21.68000030517578,21.68000030517578,177,0.0,0.0
2024-05-28 14:07:00-04:00,21.67970085144043,21.67970085144043,21.67970085144043,21.67970085144043,145,0.0,0.0
2024-05-28 14:11:00-04:00,21.675500869750977,21.675500869750977,21.675500869750977,21.675500869750977,686,0.0,0.0
2024-05-28 14:12:00-04:00,21.674999237060547,21.674999237060547,21.674999237060547,21.674999237060547,132,0.0,0.0
2024-05-28 14:16:00-04:00,21.670000076293945,21.670000076293945,21.670000076293945,21.670000076293945,357,0.0,0.0
2024-05-28 14:22:00-04:00,21.674999237060547,21.67930030822754,21.670000076293945,21.67930030822754,821,0.0,0.0
2024-05-28 14:23:00-04:00,21.670000076293945,21.670000076293945,21.665000915527344,21.665000915527344,997,0.0,0.0
2024-05-28 14:24:00-04:00,21.665000915527344,21.665000915527344,21.665000915527344,21.665000915527344,201,0.0,0.0
2024-05-28 14:25:00-04:00,21.65999984741211,21.65999984741211,21.655000686645508,21.655000686645508,1029,0.0,0.0
2024-05-28 14:27:00-04:00,21.65999984741211,21.670000076293945,21.65999984741211,21.670000076293945,2060,0.0,0.0
2024-05-28 14:28:00-04:00,21.665000915527344,21.665000915527344,21.665000915527344,21.665000915527344,311,0.0,0.0
2024-05-28 14:30:00-04:00,21.65999984741211,21.65999984741211,21.655000686645508,21.655000686645508,348,0.0,0.0
2024-05-28 14:31:00-04:00,21.65999984741211,21.65999984741211,21.65999984741211,21.65999984741211,239,0.0,0.0
2024-05-28 14:32:00-04:00,21.655000686645508,21.655000686645508,21.655000686645508,21.655000686645508,200,0.0,0.0
2024-05-28 14:33:00-04:00,21.649999618530273,21.649999618530273,21.649999618530273,21.649999618530273,381,0.0,0.0
2024-05-28 14:36:00-04:00,21.639999389648438,21.639999389648438,21.639999389648438,21.639999389648438,402,0.0,0.0
2024-05-28 14:37:00-04:00,21.6299991607666,21.6299991607666,21.6299991607666,21.6299991607666,546,0.0,0.0
2024-05-28 14:40:00-04:00,21.6299991607666,21.6299991607666,21.6299991607666,21.6299991607666,877,0.0,0.0
2024-05-28 14:41:00-04:00,21.63010025024414,21.639999389648438,21.63010025024414,21.635000228881836,5511,0.0,0.0
2024-05-28 14:42:00-04:00,21.635000228881836,21.635000228881836,21.635000228881836,21.635000228881836,159,0.0,0.0
2024-05-28 14:43:00-04:00,21.639999389648438,21.639999389648438,21.639999389648438,21.639999389648438,104,0.0,0.0
2024-05-28 14:44:00-04:00,21.635000228881836,21.639999389648438,21.635000228881836,21.639999389648438,712,0.0,0.0
2024-05-28 14:47:00-04:00,21.639999389648438,21.639999389648438,21.639999389648438,21.639999389648438,217,0.0,0.0
2024-05-28 14:52:00-04:00,21.635000228881836,21.635000228881836,21.635000228881836,21.635000228881836,478,0.0,0.0
2024-05-28 14:57:00-04:00,21.639999389648438,21.639999389648438,21.639999389648438,21.639999389648438,688,0.0,0.0
2024-05-28 14:59:00-04:00,21.639999389648438,21.639999389648438,21.639999389648438,21.639999389648438,611,0.0,0.0
2024-05-28 15:05:00-04:00,21.645000457763672,21.649900436401367,21.645000457763672,21.649499893188477,567,0.0,0.0
2024-05-28 15:06:00-04:00,21.649999618530273,21.649999618530273,21.649999618530273,21.649999618530273,382,0.0,0.0
2024-05-28 15:07:00-04:00,21.655000686645508,21.655000686645508,21.655000686645508,21.655000686645508,133,0.0,0.0
2024-05-28 15:08:00-04:00,21.655000686645508,21.655000686645508,21.655000686645508,21.655000686645508,238,0.0,0.0
2024-05-28 15:09:00-04:00,21.65999984741211,21.65999984741211,21.65999984741211,21.65999984741211,315,0.0,0.0
2024-05-28 15:14:00-04:00,21.659099578857422,21.659099578857422,21.655000686645508,21.655000686645508,705,0.0,0.0
2024-05-28 15:17:00-04:00,21.65999984741211,21.65999984741211,21.65999984741211,21.65999984741211,100,0.0,0.0
2024-05-28 15:18:00-04:00,21.655000686645508,21.65999984741211,21.655000686645508,21.65999984741211,323,0.0,0.0
2024-05-28 15:21:00-04:00,21.65999984741211,21.65999984741211,21.655000686645508,21.655000686645508,476,0.0,0.0
2024-05-28 15:22:00-04:00,21.653799057006836,21.655000686645508,21.653799057006836,21.655000686645508,715,0.0,0.0
2024-05-28 15:24:00-04:00,21.649999618530273,21.650299072265625,21.630199432373047,21.630199432373047,11701,0.0,0.0
2024-05-28 15:25:00-04:00,21.639999389648438,21.650400161743164,21.6299991607666,21.6299991607666,8902,0.0,0.0
2024-05-28 15:26:00-04:00,21.6299991607666,21.645000457763672,21.6299991607666,21.645000457763672,3070,0.0,0.0
2024-05-28 15:28:00-04:00,21.63010025024414,21.63010025024414,21.625,21.625,5263,0.0,0.0
2024-05-28 15:29:00-04:00,21.625,21.625,21.614999771118164,21.614999771118164,5462,0.0,0.0
2024-05-28 15:30:00-04:00,21.614999771118164,21.6299991607666,21.614999771118164,21.6299991607666,1410,0.0,0.0
2024-05-28 15:31:00-04:00,21.625,21.625,21.6200008392334,21.6200008392334,5817,0.0,0.0
2024-05-28 15:32:00-04:00,21.610000610351562,21.610000610351562,21.600000381469727,21.600000381469727,2843,0.0,0.0
2024-05-28 15:33:00-04:00,21.600000381469727,21.604999542236328,21.600000381469727,21.600000381469727,7188,0.0,0.0
2024-05-28 15:34:00-04:00,21.600000381469727,21.600000381469727,21.59000015258789,21.59000015258789,1080,0.0,0.0
2024-05-28 15:35:00-04:00,21.59000015258789,21.59000015258789,21.59000015258789,21.59000015258789,443,0.0,0.0
2024-05-28 15:36:00-04:00,21.59000015258789,21.59000015258789,21.59000015258789,21.59000015258789,701,0.0,0.0
2024-05-28 15:37:00-04:00,21.600000381469727,21.600000381469727,21.59000015258789,21.59000015258789,2128,0.0,0.0
2024-05-28 15:38:00-04:00,21.600000381469727,21.600000381469727,21.600000381469727,21.600000381469727,100,0.0,0.0
2024-05-28 15:39:00-04:00,21.600000381469727,21.604999542236328,21.600000381469727,21.604999542236328,2762,0.0,0.0
2024-05-28 15:40:00-04:00,21.600000381469727,21.604999542236328,21.600000381469727,21.604999542236328,1851,0.0,0.0
2024-05-28 15:41:00-04:00,21.600000381469727,21.600000381469727,21.599899291992188,21.600000381469727,5207,0.0,0.0
2024-05-28 15:42:00-04:00,21.594999313354492,21.594999313354492,21.59000015258789,21.594999313354492,334,0.0,0.0
2024-05-28 15:43:00-04:00,21.59000015258789,21.594999313354492,21.59000015258789,21.59000015258789,840,0.0,0.0
2024-05-28 15:44:00-04:00,21.59000015258789,21.59000015258789,21.584999084472656,21.584999084472656,1661,0.0,0.0
2024-05-28 15:45:00-04:00,21.59000015258789,21.604999542236328,21.59000015258789,21.600000381469727,1996,0.0,0.0
2024-05-28 15:46:00-04:00,21.594999313354492,21.594999313354492,21.584999084472656,21.59000015258789,5465,0.0,0.0
2024-05-28 15:47:00-04:00,21.58989906311035,21.594999313354492,21.58989906311035,21.59000015258789,2035,0.0,0.0
2024-05-28 15:48:00-04:00,21.599899291992188,21.604999542236328,21.59000015258789,21.604999542236328,2003,0.0,0.0
2024-05-28 15:49:00-04:00,21.604999542236328,21.604999542236328,21.600000381469727,21.600000381469727,898,0.0,0.0
2024-05-28 15:50:00-04:00,21.600000381469727,21.604999542236328,21.59000015258789,21.59000015258789,2999,0.0,0.0
2024-05-28 15:51:00-04:00,21.59000015258789,21.604999542236328,21.59000015258789,21.604999542236328,1443,0.0,0.0
2024-05-28 15:52:00-04:00,21.600000381469727,21.610000610351562,21.600000381469727,21.600000381469727,844,0.0,0.0
2024-05-28 15:53:00-04:00,21.604999542236328,21.604999542236328,21.600000381469727,21.600000381469727,1412,0.0,0.0
2024-05-28 15:54:00-04:00,21.600000381469727,21.600000381469727,21.59000015258789,21.594999313354492,2845,0.0,0.0
2024-05-28 15:55:00-04:00,21.59000015258789,21.594999313354492,21.584999084472656,21.584999084472656,3677,0.0,0.0
2024-05-28 15:56:00-04:00,21.579999923706055,21.584999084472656,21.579999923706055,21.579999923706055,3529,0.0,0.0
2024-05-28 15:57:00-04:00,21.579999923706055,21.579999923706055,21.56999969482422,21.56999969482422,2856,0.0,0.0
2024-05-28 15:58:00-04:00,21.56999969482422,21.575000762939453,21.56999969482422,21.56999969482422,5429,0.0,0.0
2024-05-28 15:59:00-04:00,21.575000762939453,21.607500076293945,21.56999969482422,21.600000381469727,9266,0.0,0.0
2024-05-29 09:30:00-04:00,21.510000228881836,21.510000228881836,21.5,21.5,6866,0.0,0.0
2024-05-29 09:33:00-04:00,21.450000762939453,21.450000762939453,21.450000762939453,21.450000762939453,144,0.0,0.0
2024-05-29 09:34:00-04:00,21.44499969482422,21.44499969482422,21.44499969482422,21.44499969482422,352,0.0,0.0
2024-05-29 09:35:00-04:00,21.440000534057617,21.440000534057617,21.42060089111328,21.42060089111328,3073,0.0,0.0
2024-05-29 09:36:00-04:00,21.469999313354492,21.510000228881836,21.469999313354492,21.510000228881836,1109,0.0,0.0
2024-05-29 09:37:00-04:00,21.510000228881836,21.510000228881836,21.5,21.5,201,0.0,0.0
2024-05-29 09:38:00-04:00,21.489999771118164,21.489999771118164,21.469999313354492,21.469999313354492,651,0.0,0.0
2024-05-29 09:39:00-04:00,21.469999313354492,21.489999771118164,21.469999313354492,21.489999771118164,539,0.0,0.0
2024-05-29 09:40:00-04:00,21.489999771118164,21.5,21.489999771118164,21.5,1719,0.0,0.0
2024-05-29 09:41:00-04:00,21.489999771118164,21.5049991607666,21.489999771118164,21.5049991607666,233,0.0,0.0
2024-05-29 09:42:00-04:00,21.5,21.510000228881836,21.5,21.510000228881836,316,0.0,0.0
2024-05-29 09:44:00-04:00,21.489999771118164,21.489999771118164,21.489999771118164,21.489999771118164,303,0.0,0.0
2024-05-29 09:46:00-04:00,21.510000228881836,21.510000228881836,21.510000228881836,21.510000228881836,5012,0.0,0.0
2024-05-29 09:47:00-04:00,21.520000457763672,21.520000457763672,21.510000228881836,21.520000457763672,1771,0.0,0.0
2024-05-29 09:48:00-04:00,21.530000686645508,21.530000686645508,21.520000457763672,21.520000457763672,9215,0.0,0.0
2024-05-29 09:49:00-04:00,21.524999618530273,21.524999618530273,21.524999618530273,21.524999618530273,102,0.0,0.0
2024-05-29 09:50:00-04:00,21.520000457763672,21.520000457763672,21.520000457763672,21.520000457763672,356,0.0,0.0
2024-05-29 09:51:00-04:00,21.514999389648438,21.514999389648438,21.4950008392334,21.4950008392334,647,0.0,0.0
2024-05-29 09:52:00-04:00,21.485000610351562,21.489999771118164,21.485000610351562,21.489999771118164,549,0.0,0.0
2024-05-29 09:53:00-04:00,21.479999542236328,21.479999542236328,21.479999542236328,21.479999542236328,454,0.0,0.0
2024-05-29 09:54:00-04:00,21.475000381469727,21.475000381469727,21.475000381469727,21.475000381469727,2517,0.0,0.0
2024-05-29 09:55:00-04:00,21.479999542236328,21.479999542236328,21.475000381469727,21.475000381469727,425,0.0,0.0
2024-05-29 09:56:00-04:00,21.475000381469727,21.479999542236328,21.475000381469727,21.479999542236328,334,0.0,0.0
2024-05-29 09:58:00-04:00,21.489999771118164,21.489999771118164,21.469999313354492,21.469999313354492,518,0.0,0.0
2024-05-29 09:59:00-04:00,21.475000381469727,21.475000381469727,21.469999313354492,21.469999313354492,322,0.0,0.0
2024-05-29 10:00:00-04:00,21.479999542236328,21.489999771118164,21.479999542236328,21.485000610351562,2393,0.0,0.0
2024-05-29 10:01:00-04:00,21.489999771118164,21.510000228881836,21.489999771118164,21.510000228881836,456,0.0,0.0
2024-05-29 10:02:00-04:00,21.510900497436523,21.510900497436523,21.50830078125,21.50830078125,1265,0.0,0.0
2024-05-29 10:03:00-04:00,21.510000228881836,21.514999389648438,21.507699966430664,21.514999389648438,1601,0.0,0.0
2024-05-29 10:04:00-04:00,21.5393009185791,21.5393009185791,21.5393009185791,21.5393009185791,227,0.0,0.0
2024-05-29 10:05:00-04:00,21.529800415039062,21.529800415039062,21.529800415039062,21.529800415039062,129,0.0,0.0
2024-05-29 10:07:00-04:00,21.530000686645508,21.539899826049805,21.51930046081543,21.51930046081543,1932,0.0,0.0
2024-05-29 10:08:00-04:00,21.512500762939453,21.520000457763672,21.5,21.520000457763672,1941,0.0,0.0
2024-05-29 10:10:00-04:00,21.520000457763672,21.530000686645508,21.520000457763672,21.530000686645508,1179,0.0,0.0
2024-05-29 10:11:00-04:00,21.514999389648438,21.514999389648438,21.510900497436523,21.510900497436523,2014,0.0,0.0
2024-05-29 10:12:00-04:00,21.5,21.5,21.5,21.5,257,0.0,0.0
2024-05-29 10:13:00-04:00,21.505300521850586,21.505300521850586,21.505300521850586,21.505300521850586,818,0.0,0.0
2024-05-29 10:14:00-04:00,21.5049991607666,21.520000457763672,21.5049991607666,21.520000457763672,858,0.0,0.0
2024-05-29 10:17:00-04:00,21.518999099731445,21.518999099731445,21.518999099731445,21.518999099731445,143,0.0,0.0
2024-05-29 10:18:00-04:00,21.510000228881836,21.510000228881836,21.510000228881836,21.510000228881836,207,0.0,0.0
2024-05-29 10:19:00-04:00,21.510000228881836,21.510000228881836,21.510000228881836,21.510000228881836,623,0.0,0.0
2024-05-29 10:22:00-04:00,21.4950008392334,21.4950008392334,21.4950008392334,21.4950008392334,247,0.0,0.0
2024-05-29 10:23:00-04:00,21.4950008392334,21.4950008392334,21.4950008392334,21.4950008392334,249,0.0,0.0
2024-05-29 10:25:00-04:00,21.5,21.5,21.489999771118164,21.489999771118164,1475,0.0,0.0
2024-05-29 10:26:00-04:00,21.489999771118164,21.489999771118164,21.47920036315918,21.47920036315918,316,0.0,0.0
2024-05-29 10:27:00-04:00,21.485000610351562,21.485000610351562,21.485000610351562,21.485000610351562,252,0.0,0.0
2024-05-29 10:28:00-04:00,21.489999771118164,21.489999771118164,21.469999313354492,21.469999313354492,760,0.0,0.0
2024-05-29 10:30:00-04:00,21.469999313354492,21.469999313354492,21.469999313354492,21.469999313354492,288,0.0,0.0
2024-05-29 10:32:00-04:00,21.469999313354492,21.469999313354492,21.46500015258789,21.46500015258789,363,0.0,0.0
2024-05-29 10:33:00-04:00,21.469999313354492,21.475000381469727,21.469999313354492,21.475000381469727,1125,0.0,0.0
2024-05-29 10:40:00-04:00,21.489999771118164,21.510000228881836,21.489999771118164,21.510000228881836,1486,0.0,0.0
2024-05-29 10:43:00-04:00,21.514999389648438,21.520000457763672,21.514999389648438,21.520000457763672,237,0.0,0.0
2024-05-29 10:44:00-04:00,21.510000228881836,21.510000228881836,21.510000228881836,21.510000228881836,288,0.0,0.0
2024-05-29 10:45:00-04:00,21.507699966430664,21.514999389648438,21.507699966430664,21.514999389648438,1728,0.0,0.0
2024-05-29 10:47:00-04:00,21.514999389648438,21.514999389648438,21.514999389648438,21.514999389648438,100,0.0,0.0
2024-05-29 10:48:00-04:00,21.519899368286133,21.519899368286133,21.519899368286133,21.519899368286133,433,0.0,0.0
2024-05-29 10:50:00-04:00,21.540000915527344,21.540000915527344,21.524999618530273,21.524999618530273,596,0.0,0.0
2024-05-29 10:52:00-04:00,21.5049991607666,21.5049991607666,21.5049991607666,21.5049991607666,182,0.0,0.0
2024-05-29 10:53:00-04:00,21.5,21.5,21.5,21.5,144,0.0,0.0
2024-05-29 10:56:00-04:00,21.50629997253418,21.50629997253418,21.50629997253418,21.50629997253418,663,0.0,0.0
2024-05-29 11:01:00-04:00,21.510000228881836,21.510000228881836,21.510000228881836,21.510000228881836,1171,0.0,0.0
2024-05-29 11:03:00-04:00,21.514999389648438,21.514999389648438,21.514999389648438,21.514999389648438,100,0.0,0.0
2024-05-29 11:04:00-04:00,21.517099380493164,21.517099380493164,21.514999389648438,21.514999389648438,435,0.0,0.0
2024-05-29 11:07:00-04:00,21.510000228881836,21.520000457763672,21.5049991607666,21.520000457763672,3751,0.0,0.0
2024-05-29 11:10:00-04:00,21.520000457763672,21.520000457763672,21.520000457763672,21.520000457763672,236,0.0,0.0
2024-05-29 11:11:00-04:00,21.514999389648438,21.514999389648438,21.514999389648438,21.514999389648438,495,0.0,0.0
2024-05-29 11:14:00-04:00,21.524099349975586,21.524099349975586,21.524099349975586,21.524099349975586,143,0.0,0.0
2024-05-29 11:16:00-04:00,21.527000427246094,21.527000427246094,21.525800704956055,21.525800704956055,823,0.0,0.0
2024-05-29 11:20:00-04:00,21.520099639892578,21.520099639892578,21.520099639892578,21.520099639892578,899,0.0,0.0
2024-05-29 11:22:00-04:00,21.524999618530273,21.524999618530273,21.524999618530273,21.524999618530273,292,0.0,0.0
2024-05-29 11:23:00-04:00,21.52899932861328,21.530000686645508,21.524999618530273,21.530000686645508,552,0.0,0.0
2024-05-29 11:24:00-04:00,21.535499572753906,21.535499572753906,21.535499572753906,21.535499572753906,151,0.0,0.0
2024-05-29 11:25:00-04:00,21.530000686645508,21.530000686645508,21.530000686645508,21.530000686645508,516,0.0,0.0
2024-05-29 11:29:00-04:00,21.539899826049805,21.539899826049805,21.539899826049805,21.539899826049805,373,0.0,0.0
2024-05-29 11:31:00-04:00,21.538999557495117,21.538999557495117,21.530000686645508,21.530000686645508,530,0.0,0.0
2024-05-29 11:33:00-04:00,21.53499984741211,21.53499984741211,21.53499984741211,21.53499984741211,367,0.0,0.0
2024-05-29 11:35:00-04:00,21.530000686645508,21.530000686645508,21.530000686645508,21.530000686645508,234,0.0,0.0
2024-05-29 11:36:00-04:00,21.540000915527344,21.545000076293945,21.540000915527344,21.545000076293945,736,0.0,0.0
2024-05-29 11:38:00-04:00,21.559999465942383,21.559999465942383,21.55929946899414,21.55929946899414,1096,0.0,0.0
2024-05-29 11:39:00-04:00,21.549999237060547,21.565000534057617,21.549999237060547,21.565000534057617,1362,0.0,0.0
2024-05-29 11:40:00-04:00,21.565000534057617,21.565000534057617,21.559999465942383,21.564300537109375,541,0.0,0.0
2024-05-29 11:41:00-04:00,21.565000534057617,21.565000534057617,21.565000534057617,21.565000534057617,1196,0.0,0.0
2024-05-29 11:42:00-04:00,21.56999969482422,21.579999923706055,21.56999969482422,21.579999923706055,2233,0.0,0.0
2024-05-29 11:44:00-04:00,21.56999969482422,21.56999969482422,21.56999969482422,21.56999969482422,115,0.0,0.0
2024-05-29 11:45:00-04:00,21.57990074157715,21.57990074157715,21.56999969482422,21.56999969482422,455,0.0,0.0
2024-05-29 11:46:00-04:00,21.557899475097656,21.565000534057617,21.557899475097656,21.560100555419922,7569,0.0,0.0
2024-05-29 11:51:00-04:00,21.569299697875977,21.569299697875977,21.569299697875977,21.569299697875977,152,0.0,0.0
2024-05-29 11:56:00-04:00,21.565000534057617,21.565000534057617,21.565000534057617,21.565000534057617,105,0.0,0.0
2024-05-29 11:58:00-04:00,21.569700241088867,21.569700241088867,21.565000534057617,21.565000534057617,1159,0.0,0.0
2024-05-29 12:00:00-04:00,21.559999465942383,21.565000534057617,21.559999465942383,21.565000534057617,978,0.0,0.0
2024-05-29 12:07:00-04:00,21.559999465942383,21.559999465942383,21.559999465942383,21.559999465942383,436,0.0,0.0
2024-05-29 12:08:00-04:00,21.559999465942383,21.559999465942383,21.559999465942383,21.559999465942383,520,0.0,0.0
2024-05-29 12:09:00-04:00,21.55500030517578,21.559999465942383,21.549999237060547,21.559999465942383,4353,0.0,0.0
2024-05-29 12:10:00-04:00,21.56999969482422,21.56999969482422,21.565000534057617,21.56999969482422,6319,0.0,0.0
2024-05-29 12:11:00-04:00,21.56999969482422,21.56999969482422,21.559999465942383,21.559999465942383,1115,0.0,0.0
2024-05-29 12:12:00-04:00,21.560699462890625,21.560699462890625,21.560699462890625,21.560699462890625,400,0.0,0.0
2024-05-29 12:15:00-04:00,21.56999969482422,21.56999969482422,21.565000534057617,21.56999969482422,607,0.0,0.0
2024-05-29 12:17:00-04:00,21.56999969482422,21.56999969482422,21.565000534057617,21.565000534057617,456,0.0,0.0
2024-05-29 12:18:00-04:00,21.56999969482422,21.56999969482422,21.56999969482422,21.56999969482422,237,0.0,0.0
2024-05-29 12:20:00-04:00,21.579999923706055,21.579999923706055,21.575000762939453,21.575000762939453,206,0.0,0.0
2024-05-29 12:22:00-04:00,21.579999923706055,21.59000015258789,21.579999923706055,21.59000015258789,1081,0.0,0.0
2024-05-29 12:24:00-04:00,21.594999313354492,21.594999313354492,21.59000015258789,21.59000015258789,546,0.0,0.0
2024-05-29 12:25:00-04:00,21.600000381469727,21.604999542236328,21.600000381469727,21.600000381469727,5408,0.0,0.0
2024-05-29 12:27:00-04:00,21.610000610351562,21.610000610351562,21.610000610351562,21.610000610351562,100,0.0,0.0
2024-05-29 12:28:00-04:00,21.604999542236328,21.604999542236328,21.604999542236328,21.604999542236328,107,0.0,0.0
2024-05-29 12:29:00-04:00,21.600000381469727,21.6200008392334,21.594999313354492,21.6200008392334,1801,0.0,0.0
2024-05-29 12:38:00-04:00,21.610000610351562,21.610000610351562,21.604999542236328,21.610000610351562,685,0.0,0.0
2024-05-29 12:40:00-04:00,21.610000610351562,21.610000610351562,21.610000610351562,21.610000610351562,121,0.0,0.0
2024-05-29 12:43:00-04:00,21.600900650024414,21.610000610351562,21.600900650024414,21.610000610351562,744,0.0,0.0
2024-05-29 12:44:00-04:00,21.610000610351562,21.610000610351562,21.610000610351562,21.610000610351562,276,0.0,0.0
2024-05-29 12:45:00-04:00,21.6200008392334,21.6200008392334,21.61989974975586,21.6200008392334,1658,0.0,0.0
2024-05-29 12:46:00-04:00,21.6200008392334,21.6200008392334,21.6200008392334,21.6200008392334,107,0.0,0.0
2024-05-29 12:47:00-04:00,21.6200008392334,21.6200008392334,21.6200008392334,21.6200008392334,811,0.0,0.0
2024-05-29 12:48:00-04:00,21.616300582885742,21.616300582885742,21.616300582885742,21.616300582885742,265,0.0,0.0
2024-05-29 12:52:00-04:00,21.620100021362305,21.6299991607666,21.620100021362305,21.6299991607666,1701,0.0,0.0
2024-05-29 12:54:00-04:00,21.627500534057617,21.627500534057617,21.627500534057617,21.627500534057617,104,0.0,0.0
2024-05-29 12:57:00-04:00,21.6299991607666,21.6299991607666,21.6299991607666,21.6299991607666,201,0.0,0.0
2024-05-29 12:58:00-04:00,21.637500762939453,21.637500762939453,21.637500762939453,21.637500762939453,105,0.0,0.0
2024-05-29 12:59:00-04:00,21.6299991607666,21.6299991607666,21.6299991607666,21.6299991607666,231,0.0,0.0
2024-05-29 13:01:00-04:00,21.6299991607666,21.6299991607666,21.6200008392334,21.6200008392334,457,0.0,0.0
2024-05-29 13:02:00-04:00,21.6200008392334,21.6200008392334,21.6200008392334,21.6200008392334,780,0.0,0.0
2024-05-29 13:06:00-04:00,21.610000610351562,21.610000610351562,21.610000610351562,21.610000610351562,102,0.0,0.0
2024-05-29 13:07:00-04:00,21.61870002746582,21.61870002746582,21.61870002746582,21.61870002746582,336,0.0,0.0
2024-05-29 13:10:00-04:00,21.604999542236328,21.6200008392334,21.604999542236328,21.6200008392334,1967,0.0,0.0
2024-05-29 13:11:00-04:00,21.6299991607666,21.6299991607666,21.6299991607666,21.6299991607666,290,0.0,0.0
2024-05-29 13:12:00-04:00,21.6299991607666,21.6299991607666,21.6299991607666,21.6299991607666,107,0.0,0.0
2024-05-29 13:13:00-04:00,21.6200008392334,21.6200008392334,21.6200008392334,21.6200008392334,850,0.0,0.0
2024-05-29 13:18:00-04:00,21.6200008392334,21.6200008392334,21.6200008392334,21.6200008392334,183,0.0,0.0
2024-05-29 13:20:00-04:00,21.614999771118164,21.619199752807617,21.614999771118164,21.619199752807617,365,0.0,0.0
2024-05-29 13:24:00-04:00,21.6299991607666,21.6299991607666,21.625,21.625,240,0.0,0.0
2024-05-29 13:25:00-04:00,21.6200008392334,21.6200008392334,21.6200008392334,21.6200008392334,353,0.0,0.0
2024-05-29 13:27:00-04:00,21.6299991607666,21.639999389648438,21.6299991607666,21.639999389648438,1400,0.0,0.0
2024-05-29 13:29:00-04:00,21.649900436401367,21.65999984741211,21.649900436401367,21.65999984741211,5521,0.0,0.0
2024-05-29 13:30:00-04:00,21.659900665283203,21.690000534057617,21.659900665283203,21.665000915527344,8394,0.0,0.0
2024-05-29 13:31:00-04:00,21.665000915527344,21.665000915527344,21.665000915527344,21.665000915527344,1626,0.0,0.0
2024-05-29 13:32:00-04:00,21.65999984741211,21.65999984741211,21.65999984741211,21.65999984741211,750,0.0,0.0
2024-05-29 13:35:00-04:00,21.65999984741211,21.65999984741211,21.65999984741211,21.65999984741211,144,0.0,0.0
2024-05-29 13:36:00-04:00,21.65999984741211,21.65999984741211,21.65999984741211,21.65999984741211,192,0.0,0.0
2024-05-29 13:37:00-04:00,21.65999984741211,21.65999984741211,21.65999984741211,21.65999984741211,321,0.0,0.0
2024-05-29 13:38:00-04:00,21.65999984741211,21.68000030517578,21.65999984741211,21.68000030517578,5209,0.0,0.0
2024-05-29 13:39:00-04:00,21.670000076293945,21.670000076293945,21.670000076293945,21.670000076293945,480,0.0,0.0
2024-05-29 13:40:00-04:00,21.665000915527344,21.665000915527344,21.665000915527344,21.665000915527344,175,0.0,0.0
2024-05-29 13:42:00-04:00,21.667400360107422,21.670000076293945,21.667400360107422,21.670000076293945,3260,0.0,0.0
2024-05-29 13:43:00-04:00,21.68000030517578,21.68000030517578,21.674999237060547,21.68000030517578,2410,0.0,0.0
2024-05-29 13:44:00-04:00,21.670000076293945,21.670000076293945,21.670000076293945,21.670000076293945,242,0.0,0.0
2024-05-29 13:45:00-04:00,21.670000076293945,21.670000076293945,21.670000076293945,21.670000076293945,640,0.0,0.0
2024-05-29 13:47:00-04:00,21.65999984741211,21.670000076293945,21.65999984741211,21.670000076293945,423,0.0,0.0
2024-05-29 13:51:00-04:00,21.66790008544922,21.674999237060547,21.66790008544922,21.674999237060547,668,0.0,0.0
2024-05-29 13:52:00-04:00,21.670000076293945,21.670000076293945,21.670000076293945,21.670000076293945,100,0.0,0.0
2024-05-29 13:53:00-04:00,21.68000030517578,21.68000030517578,21.68000030517578,21.68000030517578,126,0.0,0.0
2024-05-29 13:55:00-04:00,21.684999465942383,21.684999465942383,21.684999465942383,21.684999465942383,101,0.0,0.0
2024-05-29 13:58:00-04:00,21.684999465942383,21.690000534057617,21.68199920654297,21.690000534057617,2309,0.0,0.0
2024-05-29 14:00:00-04:00,21.684999465942383,21.684999465942383,21.68000030517578,21.68000030517578,325,0.0,0.0
2024-05-29 14:02:00-04:00,21.684999465942383,21.684999465942383,21.6825008392334,21.684999465942383,872,0.0,0.0
2024-05-29 14:03:00-04:00,21.68000030517578,21.68000030517578,21.670000076293945,21.670000076293945,1799,0.0,0.0
2024-05-29 14:05:00-04:00,21.670000076293945,21.68000030517578,21.670000076293945,21.670000076293945,936,0.0,0.0
2024-05-29 14:10:00-04:00,21.690000534057617,21.690000534057617,21.684999465942383,21.684999465942383,1412,0.0,0.0
2024-05-29 14:11:00-04:00,21.690000534057617,21.690000534057617,21.690000534057617,21.690000534057617,285,0.0,0.0
2024-05-29 14:16:00-04:00,21.68000030517578,21.68000030517578,21.68000030517578,21.68000030517578,484,0.0,0.0
2024-05-29 14:17:00-04:00,21.68000030517578,21.684999465942383,21.68000030517578,21.684999465942383,2572,0.0,0.0
2024-05-29 14:22:00-04:00,21.68910026550293,21.690000534057617,21.68910026550293,21.690000534057617,356,0.0,0.0
2024-05-29 14:23:00-04:00,21.684999465942383,21.684999465942383,21.684999465942383,21.684999465942383,201,0.0,0.0
2024-05-29 14:25:00-04:00,21.690000534057617,21.700000762939453,21.690000534057617,21.700000762939453,1115,0.0,0.0
2024-05-29 14:27:00-04:00,21.700000762939453,21.700000762939453,21.69499969482422,21.69499969482422,928,0.0,0.0
2024-05-29 14:29:00-04:00,21.700000762939453,21.700000762939453,21.700000762939453,21.700000762939453,153,0.0,0.0
2024-05-29 14:30:00-04:00,21.7091007232666,21.7091007232666,21.7091007232666,21.7091007232666,293,0.0,0.0
2024-05-29 14:31:00-04:00,21.700000762939453,21.700000762939453,21.690000534057617,21.69499969482422,5926,0.0,0.0
2024-05-29 14:32:00-04:00,21.690000534057617,21.690000534057617,21.690000534057617,21.690000534057617,324,0.0,0.0
2024-05-29 14:33:00-04:00,21.68000030517578,21.68000030517578,21.670000076293945,21.670000076293945,7511,0.0,0.0
2024-05-29 14:37:00-04:00,21.674999237060547,21.674999237060547,21.670000076293945,21.670000076293945,2449,0.0,0.0
2024-05-29 14:38:00-04:00,21.674999237060547,21.674999237060547,21.665000915527344,21.665000915527344,1576,0.0,0.0
2024-05-29 14:41:00-04:00,21.65999984741211,21.65999984741211,21.65999984741211,21.65999984741211,130,0.0,0.0
2024-05-29 14:43:00-04:00,21.660999298095703,21.670000076293945,21.655000686645508,21.655000686645508,6734,0.0,0.0
2024-05-29 14:45:00-04:00,21.660200119018555,21.660200119018555,21.660200119018555,21.660200119018555,192,0.0,0.0
2024-05-29 14:47:00-04:00,21.665000915527344,21.665000915527344,21.665000915527344,21.665000915527344,288,0.0,0.0
2024-05-29 14:49:00-04:00,21.65999984741211,21.65999984741211,21.65999984741211,21.65999984741211,446,0.0,0.0
2024-05-29 14:52:00-04:00,21.65019989013672,21.655000686645508,21.65019989013672,21.655000686645508,2705,0.0,0.0
2024-05-29 14:55:00-04:00,21.65999984741211,21.665000915527344,21.65999984741211,21.665000915527344,714,0.0,0.0
2024-05-29 14:56:00-04:00,21.667499542236328,21.667499542236328,21.667499542236328,21.667499542236328,102,0.0,0.0
2024-05-29 14:57:00-04:00,21.65999984741211,21.65999984741211,21.649999618530273,21.649999618530273,1217,0.0,0.0
2024-05-29 14:58:00-04:00,21.652000427246094,21.655000686645508,21.649999618530273,21.655000686645508,4283,0.0,0.0
2024-05-29 14:59:00-04:00,21.649999618530273,21.649999618530273,21.649999618530273,21.649999618530273,311,0.0,0.0
2024-05-29 15:00:00-04:00,21.649999618530273,21.649999618530273,21.649999618530273,21.649999618530273,1313,0.0,0.0
2024-05-29 15:01:00-04:00,21.649999618530273,21.649999618530273,21.649999618530273,21.649999618530273,110,0.0,0.0
2024-05-29 15:02:00-04:00,21.649999618530273,21.649999618530273,21.649999618530273,21.649999618530273,1215,0.0,0.0
2024-05-29 15:03:00-04:00,21.659299850463867,21.659299850463867,21.659299850463867,21.659299850463867,965,0.0,0.0
2024-05-29 15:05:00-04:00,21.65999984741211,21.665000915527344,21.65999984741211,21.65999984741211,599,0.0,0.0
2024-05-29 15:06:00-04:00,21.655000686645508,21.655000686645508,21.655000686645508,21.655000686645508,105,0.0,0.0
2024-05-29 15:08:00-04:00,21.655000686645508,21.670000076293945,21.655000686645508,21.670000076293945,7566,0.0,0.0
2024-05-29 15:11:00-04:00,21.670000076293945,21.670000076293945,21.670000076293945,21.670000076293945,167,0.0,0.0
2024-05-29 15:13:00-04:00,21.665000915527344,21.665000915527344,21.665000915527344,21.665000915527344,509,0.0,0.0
2024-05-29 15:14:00-04:00,21.670000076293945,21.674999237060547,21.670000076293945,21.670000076293945,957,0.0,0.0
2024-05-29 15:17:00-04:00,21.670000076293945,21.670000076293945,21.670000076293945,21.670000076293945,192,0.0,0.0
2024-05-29 15:20:00-04:00,21.669700622558594,21.670000076293945,21.669700622558594,21.670000076293945,934,0.0,0.0
2024-05-29 15:21:00-04:00,21.65999984741211,21.665000915527344,21.65999984741211,21.665000915527344,2445,0.0,0.0
2024-05-29 15:22:00-04:00,21.6697998046875,21.6697998046875,21.6697998046875,21.6697998046875,402,0.0,0.0
2024-05-29 15:23:00-04:00,21.670000076293945,21.670000076293945,21.670000076293945,21.670000076293945,224,0.0,0.0
2024-05-29 15:25:00-04:00,21.66029930114746,21.66029930114746,21.66029930114746,21.66029930114746,1454,0.0,0.0
2024-05-29 15:26:00-04:00,21.667499542236328,21.667499542236328,21.667499542236328,21.667499542236328,153,0.0,0.0
2024-05-29 15:27:00-04:00,21.665000915527344,21.665000915527344,21.665000915527344,21.665000915527344,128,0.0,0.0
2024-05-29 15:28:00-04:00,21.665000915527344,21.665000915527344,21.665000915527344,21.665000915527344,125,0.0,0.0
2024-05-29 15:29:00-04:00,21.665000915527344,21.665000915527344,21.65999984741211,21.65999984741211,1431,0.0,0.0
2024-05-29 15:30:00-04:00,21.655000686645508,21.655000686645508,21.649999618530273,21.649999618530273,1183,0.0,0.0
2024-05-29 15:31:00-04:00,21.645000457763672,21.645000457763672,21.645000457763672,21.645000457763672,188,0.0,0.0
2024-05-29 15:32:00-04:00,21.649999618530273,21.649999618530273,21.649999618530273,21.649999618530273,471,0.0,0.0
2024-05-29 15:33:00-04:00,21.640100479125977,21.640100479125977,21.640100479125977,21.640100479125977,540,0.0,0.0
2024-05-29 15:38:00-04:00,21.649999618530273,21.649999618530273,21.649900436401367,21.649900436401367,919,0.0,0.0
2024-05-29 15:40:00-04:00,21.645000457763672,21.645000457763672,21.645000457763672,21.645000457763672,126,0.0,0.0
2024-05-29 15:41:00-04:00,21.64889907836914,21.64889907836914,21.64889907836914,21.64889907836914,276,0.0,0.0
2024-05-29 15:42:00-04:00,21.645000457763672,21.65999984741211,21.645000457763672,21.655000686645508,6381,0.0,0.0
2024-05-29 15:43:00-04:00,21.65999984741211,21.65999984741211,21.655000686645508,21.655000686645508,237,0.0,0.0
2024-05-29 15:44:00-04:00,21.65999984741211,21.665000915527344,21.65999984741211,21.65999984741211,1963,0.0,0.0
2024-05-29 15:45:00-04:00,21.65999984741211,21.65999984741211,21.65999984741211,21.65999984741211,550,0.0,0.0
2024-05-29 15:47:00-04:00,21.65880012512207,21.65880012512207,21.65880012512207,21.65880012512207,278,0.0,0.0
2024-05-29 15:48:00-04:00,21.655000686645508,21.655000686645508,21.649999618530273,21.649999618530273,387,0.0,0.0
2024-05-29 15:49:00-04:00,21.655000686645508,21.655000686645508,21.649999618530273,21.649999618530273,731,0.0,0.0
2024-05-29 15:50:00-04:00,21.655000686645508,21.655000686645508,21.649999618530273,21.655000686645508,1705,0.0,0.0
2024-05-29 15:51:00-04:00,21.649999618530273,21.649999618530273,21.639999389648438,21.639999389648438,784,0.0,0.0
2024-05-29 15:52:00-04:00,21.639999389648438,21.649799346923828,21.639999389648438,21.639999389648438,967,0.0,0.0
2024-05-29 15:53:00-04:00,21.639999389648438,21.639999389648438,21.639999389648438,21.639999389648438,601,0.0,0.0
2024-05-29 15:54:00-04:00,21.639999389648438,21.645000457763672,21.635000228881836,21.635000228881836,5338,0.0,0.0
2024-05-29 15:55:00-04:00,21.635000228881836,21.635000228881836,21.635000228881836,21.635000228881836,301,0.0,0.0
2024-05-29 15:56:00-04:00,21.6299991607666,21.6299991607666,21.6200008392334,21.6200008392334,2000,0.0,0.0
2024-05-29 15:57:00-04:00,21.6200008392334,21.625,21.6200008392334,21.625,6366,0.0,0.0
2024-05-29 15:58:00-04:00,21.6200008392334,21.6200008392334,21.6200008392334,21.6200008392334,1055,0.0,0.0
2024-05-29 15:59:00-04:00,21.6200008392334,21.625,21.610000610351562,21.610000610351562,5204,0.0,0.0
2024-05-30 09:31:00-04:00,21.674999237060547,21.674999237060547,21.674999237060547,21.674999237060547,7847,0.0,0.0
2024-05-30 09:33:00-04:00,21.719999313354492,21.75,21.719999313354492,21.75,691,0.0,0.0
2024-05-30 09:34:00-04:00,21.729999542236328,21.729999542236328,21.729999542236328,21.729999542236328,234,0.0,0.0
2024-05-30 09:35:00-04:00,21.729999542236328,21.758100509643555,21.729999542236328,21.75,413,0.0,0.0
2024-05-30 09:36:00-04:00,21.719999313354492,21.729999542236328,21.719999313354492,21.729999542236328,405,0.0,0.0
2024-05-30 09:37:00-04:00,21.709999084472656,21.719999313354492,21.709999084472656,21.719999313354492,664,0.0,0.0
2024-05-30 09:38:00-04:00,21.700000762939453,21.700000762939453,21.690000534057617,21.690000534057617,840,0.0,0.0
2024-05-30 09:39:00-04:00,21.68000030517578,21.68000030517578,21.68000030517578,21.68000030517578,227,0.0,0.0
2024-05-30 09:40:00-04:00,21.690000534057617,21.690000534057617,21.690000534057617,21.690000534057617,103,0.0,0.0
2024-05-30 09:41:00-04:00,21.700000762939453,21.709999084472656,21.700000762939453,21.700000762939453,1395,0.0,0.0
2024-05-30 09:42:00-04:00,21.719999313354492,21.719999313354492,21.719999313354492,21.719999313354492,189,0.0,0.0
2024-05-30 09:43:00-04:00,21.709999084472656,21.709999084472656,21.709999084472656,21.709999084472656,174,0.0,0.0
2024-05-30 09:44:00-04:00,21.709999084472656,21.71500015258789,21.709999084472656,21.709999084472656,573,0.0,0.0
2024-05-30 09:45:00-04:00,21.709999084472656,21.71500015258789,21.709999084472656,21.71500015258789,273,0.0,0.0
2024-05-30 09:46:00-04:00,21.719999313354492,21.719999313354492,21.711700439453125,21.711700439453125,350,0.0,0.0
2024-05-30 09:47:00-04:00,21.719999313354492,21.719999313354492,21.719999313354492,21.719999313354492,268,0.0,0.0
2024-05-30 09:48:00-04:00,21.719999313354492,21.719999313354492,21.709999084472656,21.709999084472656,823,0.0,0.0
2024-05-30 09:50:00-04:00,21.700000762939453,21.700000762939453,21.700000762939453,21.700000762939453,228,0.0,0.0
2024-05-30 09:51:00-04:00,21.709999084472656,21.709999084472656,21.709999084472656,21.709999084472656,442,0.0,0.0
2024-05-30 09:53:00-04:00,21.709999084472656,21.709999084472656,21.709999084472656,21.709999084472656,100,0.0,0.0
2024-05-30 09:54:00-04:00,21.719999313354492,21.719999313354492,21.719999313354492,21.719999313354492,220,0.0,0.0
2024-05-30 09:55:00-04:00,21.710100173950195,21.710100173950195,21.710100173950195,21.710100173950195,128,0.0,0.0
2024-05-30 09:56:00-04:00,21.709999084472656,21.709999084472656,21.709999084472656,21.709999084472656,500,0.0,0.0
2024-05-30 09:57:00-04:00,21.719999313354492,21.729999542236328,21.719999313354492,21.729999542236328,1257,0.0,0.0
2024-05-30 09:58:00-04:00,21.725900650024414,21.725900650024414,21.725900650024414,21.725900650024414,170,0.0,0.0
2024-05-30 09:59:00-04:00,21.729999542236328,21.729999542236328,21.729999542236328,21.729999542236328,140,0.0,0.0
2024-05-30 10:00:00-04:00,21.729999542236328,21.75,21.729999542236328,21.7450008392334,3016,0.0,0.0
2024-05-30 10:01:00-04:00,21.7549991607666,21.760000228881836,21.75,21.760000228881836,805,0.0,0.0
2024-05-30 10:02:00-04:00,21.75659942626953,21.760000228881836,21.7450008392334,21.7450008392334,4319,0.0,0.0
2024-05-30 10:03:00-04:00,21.750099182128906,21.760000228881836,21.75,21.75,871,0.0,0.0
2024-05-30 10:04:00-04:00,21.75,21.760000228881836,21.739999771118164,21.75,1377,0.0,0.0
2024-05-30 10:05:00-04:00,21.75,21.75,21.75,21.75,908,0.0,0.0
2024-05-30 10:06:00-04:00,21.760000228881836,21.760000228881836,21.760000228881836,21.760000228881836,128,0.0,0.0
2024-05-30 10:07:00-04:00,21.770000457763672,21.770000457763672,21.770000457763672,21.770000457763672,130,0.0,0.0
2024-05-30 10:09:00-04:00,21.760000228881836,21.760000228881836,21.7450008392334,21.7450008392334,3670,0.0,0.0
2024-05-30 10:10:00-04:00,21.7450008392334,21.75,21.7450008392334,21.75,745,0.0,0.0
2024-05-30 10:12:00-04:00,21.75,21.760000228881836,21.749900817871094,21.760000228881836,1935,0.0,0.0
2024-05-30 10:13:00-04:00,21.760000228881836,21.760000228881836,21.760000228881836,21.760000228881836,141,0.0,0.0
2024-05-30 10:15:00-04:00,21.7549991607666,21.760000228881836,21.75,21.760000228881836,859,0.0,0.0
2024-05-30 10:16:00-04:00,21.770000457763672,21.770000457763672,21.770000457763672,21.770000457763672,169,0.0,0.0
2024-05-30 10:17:00-04:00,21.760000228881836,21.764999389648438,21.760000228881836,21.764999389648438,201,0.0,0.0
2024-05-30 10:18:00-04:00,21.770000457763672,21.770000457763672,21.764999389648438,21.764999389648438,371,0.0,0.0
2024-05-30 10:21:00-04:00,21.770000457763672,21.770000457763672,21.770000457763672,21.770000457763672,140,0.0,0.0
2024-05-30 10:23:00-04:00,21.778900146484375,21.778900146484375,21.778900146484375,21.778900146484375,127,0.0,0.0
2024-05-30 10:24:00-04:00,21.770000457763672,21.780000686645508,21.770000457763672,21.779499053955078,1083,0.0,0.0
2024-05-30 10:25:00-04:00,21.770000457763672,21.770000457763672,21.770000457763672,21.770000457763672,416,0.0,0.0
2024-05-30 10:27:00-04:00,21.770000457763672,21.770000457763672,21.770000457763672,21.770000457763672,113,0.0,0.0
2024-05-30 10:28:00-04:00,21.764999389648438,21.764999389648438,21.764999389648438,21.764999389648438,210,0.0,0.0
2024-05-30 10:29:00-04:00,21.760000228881836,21.770000457763672,21.760000228881836,21.770000457763672,904,0.0,0.0
2024-05-30 10:30:00-04:00,21.770000457763672,21.770000457763672,21.770000457763672,21.770000457763672,243,0.0,0.0
2024-05-30 10:31:00-04:00,21.760099411010742,21.764999389648438,21.760099411010742,21.764999389648438,760,0.0,0.0
2024-05-30 10:33:00-04:00,21.764999389648438,21.764999389648438,21.764999389648438,21.764999389648438,234,0.0,0.0
2024-05-30 10:36:00-04:00,21.770000457763672,21.770000457763672,21.770000457763672,21.770000457763672,940,0.0,0.0
2024-05-30 10:37:00-04:00,21.760000228881836,21.760000228881836,21.760000228881836,21.760000228881836,646,0.0,0.0
2024-05-30 10:38:00-04:00,21.757200241088867,21.757200241088867,21.757200241088867,21.757200241088867,289,0.0,0.0
2024-05-30 10:39:00-04:00,21.759000778198242,21.760000228881836,21.759000778198242,21.760000228881836,593,0.0,0.0
2024-05-30 10:41:00-04:00,21.760299682617188,21.770000457763672,21.760299682617188,21.770000457763672,501,0.0,0.0
2024-05-30 10:43:00-04:00,21.770000457763672,21.770000457763672,21.770000457763672,21.770000457763672,1222,0.0,0.0
2024-05-30 10:45:00-04:00,21.770099639892578,21.770099639892578,21.760000228881836,21.760000228881836,780,0.0,0.0
2024-05-30 10:46:00-04:00,21.764999389648438,21.770000457763672,21.764999389648438,21.770000457763672,1626,0.0,0.0
2024-05-30 10:47:00-04:00,21.770000457763672,21.780000686645508,21.770000457763672,21.780000686645508,654,0.0,0.0
2024-05-30 10:48:00-04:00,21.780000686645508,21.780000686645508,21.780000686645508,21.780000686645508,170,0.0,0.0
2024-05-30 10:49:00-04:00,21.780000686645508,21.780000686645508,21.780000686645508,21.780000686645508,101,0.0,0.0
2024-05-30 10:52:00-04:00,21.780000686645508,21.790000915527344,21.780000686645508,21.790000915527344,459,0.0,0.0
2024-05-30 10:53:00-04:00,21.78499984741211,21.78499984741211,21.78499984741211,21.78499984741211,265,0.0,0.0
2024-05-30 10:54:00-04:00,21.770200729370117,21.770200729370117,21.770200729370117,21.770200729370117,1006,0.0,0.0
2024-05-30 10:55:00-04:00,21.780000686645508,21.780000686645508,21.780000686645508,21.780000686645508,684,0.0,0.0
2024-05-30 10:56:00-04:00,21.790000915527344,21.790000915527344,21.790000915527344,21.790000915527344,111,0.0,0.0
2024-05-30 10:57:00-04:00,21.790000915527344,21.790000915527344,21.790000915527344,21.790000915527344,260,0.0,0.0
2024-05-30 10:58:00-04:00,21.790000915527344,21.790000915527344,21.790000915527344,21.790000915527344,110,0.0,0.0
2024-05-30 10:59:00-04:00,21.780000686645508,21.790000915527344,21.780000686645508,21.790000915527344,774,0.0,0.0
2024-05-30 11:00:00-04:00,21.799999237060547,21.799999237060547,21.799999237060547,21.799999237060547,182,0.0,0.0
2024-05-30 11:02:00-04:00,21.795000076293945,21.795000076293945,21.794099807739258,21.794099807739258,322,0.0,0.0
2024-05-30 11:04:00-04:00,21.799999237060547,21.81999969482422,21.799999237060547,21.799999237060547,2787,0.0,0.0
2024-05-30 11:05:00-04:00,21.788999557495117,21.788999557495117,21.788999557495117,21.788999557495117,298,0.0,0.0
2024-05-30 11:07:00-04:00,21.795000076293945,21.795000076293945,21.795000076293945,21.795000076293945,201,0.0,0.0
2024-05-30 11:09:00-04:00,21.795000076293945,21.795000076293945,21.795000076293945,21.795000076293945,213,0.0,0.0
2024-05-30 11:13:00-04:00,21.809999465942383,21.809999465942383,21.809999465942383,21.809999465942383,405,0.0,0.0
2024-05-30 11:14:00-04:00,21.804100036621094,21.804100036621094,21.804100036621094,21.804100036621094,610,0.0,0.0
2024-05-30 11:15:00-04:00,21.809999465942383,21.809999465942383,21.80500030517578,21.80500030517578,524,0.0,0.0
2024-05-30 11:17:00-04:00,21.787399291992188,21.790000915527344,21.787399291992188,21.790000915527344,1113,0.0,0.0
2024-05-30 11:18:00-04:00,21.790000915527344,21.790000915527344,21.790000915527344,21.790000915527344,174,0.0,0.0
2024-05-30 11:20:00-04:00,21.799999237060547,21.799999237060547,21.799999237060547,21.799999237060547,1299,0.0,0.0
2024-05-30 11:21:00-04:00,21.799999237060547,21.799999237060547,21.795000076293945,21.795000076293945,853,0.0,0.0
2024-05-30 11:22:00-04:00,21.795499801635742,21.799999237060547,21.795000076293945,21.799999237060547,813,0.0,0.0
2024-05-30 11:23:00-04:00,21.795000076293945,21.799999237060547,21.795000076293945,21.799999237060547,1146,0.0,0.0
2024-05-30 11:24:00-04:00,21.796199798583984,21.796199798583984,21.796199798583984,21.796199798583984,144,0.0,0.0
2024-05-30 11:26:00-04:00,21.809999465942383,21.809999465942383,21.809900283813477,21.809999465942383,1223,0.0,0.0
2024-05-30 11:27:00-04:00,21.80500030517578,21.80500030517578,21.799999237060547,21.799999237060547,610,0.0,0.0
2024-05-30 11:28:00-04:00,21.809200286865234,21.809999465942383,21.809200286865234,21.809999465942383,481,0.0,0.0
2024-05-30 11:30:00-04:00,21.80500030517578,21.80500030517578,21.80500030517578,21.80500030517578,261,0.0,0.0
2024-05-30 11:31:00-04:00,21.809999465942383,21.81999969482422,21.80900001525879,21.81999969482422,1192,0.0,0.0
2024-05-30 11:35:00-04:00,21.809999465942383,21.81999969482422,21.805200576782227,21.81999969482422,961,0.0,0.0
2024-05-30 11:36:00-04:00,21.81920051574707,21.81920051574707,21.81920051574707,21.81920051574707,717,0.0,0.0
2024-05-30 11:37:00-04:00,21.809999465942383,21.809999465942383,21.809999465942383,21.809999465942383,205,0.0,0.0
2024-05-30 11:38:00-04:00,21.805599212646484,21.805599212646484,21.805599212646484,21.805599212646484,823,0.0,0.0
2024-05-30 11:39:00-04:00,21.80900001525879,21.809999465942383,21.80900001525879,21.809999465942383,361,0.0,0.0
2024-05-30 11:40:00-04:00,21.809999465942383,21.809999465942383,21.809999465942383,21.809999465942383,383,0.0,0.0
2024-05-30 11:41:00-04:00,21.799999237060547,21.799999237060547,21.790000915527344,21.790000915527344,1048,0.0,0.0
2024-05-30 11:44:00-04:00,21.78499984741211,21.78499984741211,21.78499984741211,21.78499984741211,100,0.0,0.0
2024-05-30 11:45:00-04:00,21.78499984741211,21.790000915527344,21.78499984741211,21.790000915527344,845,0.0,0.0
2024-05-30 11:46:00-04:00,21.780000686645508,21.780000686645508,21.760000228881836,21.770000457763672,673,0.0,0.0
2024-05-30 11:47:00-04:00,21.769899368286133,21.7893009185791,21.769899368286133,21.7893009185791,2879,0.0,0.0
2024-05-30 11:48:00-04:00,21.790000915527344,21.790000915527344,21.790000915527344,21.790000915527344,100,0.0,0.0
2024-05-30 11:49:00-04:00,21.780000686645508,21.780000686645508,21.760000228881836,21.760000228881836,2103,0.0,0.0
2024-05-30 11:51:00-04:00,21.770000457763672,21.780000686645508,21.770000457763672,21.778900146484375,561,0.0,0.0
2024-05-30 11:52:00-04:00,21.780000686645508,21.780000686645508,21.774999618530273,21.774999618530273,401,0.0,0.0
2024-05-30 11:53:00-04:00,21.780000686645508,21.790000915527344,21.780000686645508,21.790000915527344,511,0.0,0.0
2024-05-30 11:54:00-04:00,21.780000686645508,21.780000686645508,21.780000686645508,21.780000686645508,891,0.0,0.0
2024-05-30 11:55:00-04:00,21.790000915527344,21.790000915527344,21.790000915527344,21.790000915527344,609,0.0,0.0
2024-05-30 12:00:00-04:00,21.79599952697754,21.799999237060547,21.79599952697754,21.799999237060547,722,0.0,0.0
2024-05-30 12:02:00-04:00,21.80500030517578,21.80500030517578,21.80500030517578,21.80500030517578,100,0.0,0.0
2024-05-30 12:03:00-04:00,21.80500030517578,21.80500030517578,21.80500030517578,21.80500030517578,336,0.0,0.0
2024-05-30 12:06:00-04:00,21.809999465942383,21.81999969482422,21.809999465942383,21.81999969482422,484,0.0,0.0
2024-05-30 12:09:00-04:00,21.81999969482422,21.81999969482422,21.81999969482422,21.81999969482422,415,0.0,0.0
2024-05-30 12:12:00-04:00,21.824600219726562,21.829999923706055,21.824600219726562,21.829999923706055,729,0.0,0.0
2024-05-30 12:15:00-04:00,21.829999923706055,21.84000015258789,21.829999923706055,21.84000015258789,1639,0.0,0.0
2024-05-30 12:18:00-04:00,21.84000015258789,21.84000015258789,21.84000015258789,21.84000015258789,568,0.0,0.0
2024-05-30 12:19:00-04:00,21.84000015258789,21.84000015258789,21.84000015258789,21.84000015258789,355,0.0,0.0
2024-05-30 12:20:00-04:00,21.850000381469727,21.850000381469727,21.84000015258789,21.84000015258789,640,0.0,0.0
2024-05-30 12:21:00-04:00,21.84000015258789,21.84000015258789,21.834999084472656,21.834999084472656,310,0.0,0.0
2024-05-30 12:22:00-04:00,21.84000015258789,21.84000015258789,21.84000015258789,21.84000015258789,110,0.0,0.0
2024-05-30 12:23:00-04:00,21.83009910583496,21.84000015258789,21.83009910583496,21.84000015258789,782,0.0,0.0
2024-05-30 12:24:00-04:00,21.84000015258789,21.850000381469727,21.834999084472656,21.850000381469727,554,0.0,0.0
2024-05-30 12:25:00-04:00,21.844999313354492,21.844999313354492,21.844999313354492,21.844999313354492,183,0.0,0.0
2024-05-30 12:26:00-04:00,21.840099334716797,21.850000381469727,21.840099334716797,21.844999313354492,1685,0.0,0.0
2024-05-30 12:27:00-04:00,21.844999313354492,21.850000381469727,21.84000015258789,21.850000381469727,1314,0.0,0.0
2024-05-30 12:28:00-04:00,21.844999313354492,21.844999313354492,21.84000015258789,21.84000015258789,680,0.0,0.0
2024-05-30 12:29:00-04:00,21.834999084472656,21.834999084472656,21.829999923706055,21.829999923706055,606,0.0,0.0
2024-05-30 12:33:00-04:00,21.829999923706055,21.829999923706055,21.81999969482422,21.825000762939453,539,0.0,0.0
2024-05-30 12:37:00-04:00,21.81999969482422,21.81999969482422,21.81999969482422,21.81999969482422,806,0.0,0.0
2024-05-30 12:42:00-04:00,21.815000534057617,21.815000534057617,21.815000534057617,21.815000534057617,143,0.0,0.0
2024-05-30 12:43:00-04:00,21.815000534057617,21.81999969482422,21.810100555419922,21.81999969482422,1391,0.0,0.0
2024-05-30 12:44:00-04:00,21.81999969482422,21.829999923706055,21.81999969482422,21.829999923706055,1223,0.0,0.0
2024-05-30 12:47:00-04:00,21.825000762939453,21.829999923706055,21.825000762939453,21.829999923706055,756,0.0,0.0
2024-05-30 12:50:00-04:00,21.825000762939453,21.825000762939453,21.825000762939453,21.825000762939453,110,0.0,0.0
2024-05-30 12:51:00-04:00,21.820100784301758,21.829999923706055,21.820100784301758,21.829999923706055,618,0.0,0.0
2024-05-30 12:53:00-04:00,21.825000762939453,21.825000762939453,21.825000762939453,21.825000762939453,407,0.0,0.0
2024-05-30 12:56:00-04:00,21.829999923706055,21.829999923706055,21.829999923706055,21.829999923706055,158,0.0,0.0
2024-05-30 12:57:00-04:00,21.820100784301758,21.820100784301758,21.820100784301758,21.820100784301758,151,0.0,0.0
2024-05-30 12:58:00-04:00,21.825000762939453,21.829999923706055,21.825000762939453,21.829999923706055,679,0.0,0.0
2024-05-30 13:01:00-04:00,21.829999923706055,21.84000015258789,21.829999923706055,21.84000015258789,2646,0.0,0.0
2024-05-30 13:02:00-04:00,21.834999084472656,21.834999084472656,21.834999084472656,21.834999084472656,495,0.0,0.0
2024-05-30 13:03:00-04:00,21.829999923706055,21.829999923706055,21.829999923706055,21.829999923706055,478,0.0,0.0
2024-05-30 13:07:00-04:00,21.829099655151367,21.829999923706055,21.829099655151367,21.829999923706055,309,0.0,0.0
2024-05-30 13:09:00-04:00,21.825000762939453,21.825000762939453,21.825000762939453,21.825000762939453,227,0.0,0.0
2024-05-30 13:12:00-04:00,21.825000762939453,21.825000762939453,21.825000762939453,21.825000762939453,370,0.0,0.0
2024-05-30 13:13:00-04:00,21.81999969482422,21.81999969482422,21.81999969482422,21.81999969482422,222,0.0,0.0
2024-05-30 13:15:00-04:00,21.81999969482422,21.81999969482422,21.815000534057617,21.81999969482422,974,0.0,0.0
2024-05-30 13:16:00-04:00,21.81999969482422,21.81999969482422,21.81999969482422,21.81999969482422,324,0.0,0.0
2024-05-30 13:18:00-04:00,21.81999969482422,21.81999969482422,21.81999969482422,21.81999969482422,360,0.0,0.0
2024-05-30 13:19:00-04:00,21.81999969482422,21.81999969482422,21.809999465942383,21.81999969482422,412,0.0,0.0
2024-05-30 13:20:00-04:00,21.815000534057617,21.815000534057617,21.809999465942383,21.809999465942383,455,0.0,0.0
2024-05-30 13:21:00-04:00,21.80500030517578,21.809999465942383,21.80500030517578,21.809999465942383,339,0.0,0.0
2024-05-30 13:22:00-04:00,21.799999237060547,21.799999237060547,21.78499984741211,21.78499984741211,2630,0.0,0.0
2024-05-30 13:23:00-04:00,21.7810001373291,21.7810001373291,21.7810001373291,21.7810001373291,181,0.0,0.0
2024-05-30 13:24:00-04:00,21.788999557495117,21.790000915527344,21.788999557495117,21.790000915527344,578,0.0,0.0
2024-05-30 13:25:00-04:00,21.78499984741211,21.78499984741211,21.78499984741211,21.78499984741211,253,0.0,0.0
2024-05-30 13:27:00-04:00,21.790000915527344,21.790000915527344,21.790000915527344,21.790000915527344,120,0.0,0.0
2024-05-30 13:28:00-04:00,21.790000915527344,21.790000915527344,21.790000915527344,21.790000915527344,197,0.0,0.0
2024-05-30 13:29:00-04:00,21.790000915527344,21.790000915527344,21.790000915527344,21.790000915527344,418,0.0,0.0
2024-05-30 13:32:00-04:00,21.790000915527344,21.799999237060547,21.790000915527344,21.799999237060547,1319,0.0,0.0
2024-05-30 13:36:00-04:00,21.809999465942383,21.809999465942383,21.809999465942383,21.809999465942383,492,0.0,0.0
2024-05-30 13:37:00-04:00,21.795000076293945,21.795000076293945,21.795000076293945,21.795000076293945,102,0.0,0.0
2024-05-30 13:39:00-04:00,21.79319953918457,21.79319953918457,21.790000915527344,21.790000915527344,3464,0.0,0.0
2024-05-30 13:40:00-04:00,21.790000915527344,21.790000915527344,21.790000915527344,21.790000915527344,200,0.0,0.0
2024-05-30 13:41:00-04:00,21.790000915527344,21.799999237060547,21.790000915527344,21.799999237060547,528,0.0,0.0
2024-05-30 13:43:00-04:00,21.799999237060547,21.799999237060547,21.795000076293945,21.795000076293945,211,0.0,0.0
2024-05-30 13:47:00-04:00,21.795000076293945,21.799999237060547,21.795000076293945,21.795000076293945,547,0.0,0.0
2024-05-30 13:48:00-04:00,21.799999237060547,21.799999237060547,21.799999237060547,21.799999237060547,110,0.0,0.0
2024-05-30 13:50:00-04:00,21.799999237060547,21.799999237060547,21.795000076293945,21.795000076293945,546,0.0,0.0
2024-05-30 13:52:00-04:00,21.795000076293945,21.795000076293945,21.795000076293945,21.795000076293945,190,0.0,0.0
2024-05-30 13:53:00-04:00,21.799999237060547,21.809999465942383,21.799999237060547,21.80500030517578,1104,0.0,0.0
2024-05-30 13:54:00-04:00,21.809099197387695,21.809099197387695,21.809099197387695,21.809099197387695,166,0.0,0.0
2024-05-30 13:55:00-04:00,21.80500030517578,21.809999465942383,21.80500030517578,21.809999465942383,513,0.0,0.0
2024-05-30 13:56:00-04:00,21.809999465942383,21.809999465942383,21.809999465942383,21.809999465942383,464,0.0,0.0
2024-05-30 13:58:00-04:00,21.81999969482422,21.81999969482422,21.81999969482422,21.81999969482422,101,0.0,0.0
2024-05-30 13:59:00-04:00,21.81999969482422,21.81999969482422,21.81999969482422,21.81999969482422,353,0.0,0.0
2024-05-30 14:00:00-04:00,21.829999923706055,21.829999923706055,21.829999923706055,21.829999923706055,349,0.0,0.0
2024-05-30 14:02:00-04:00,21.825000762939453,21.825000762939453,21.825000762939453,21.825000762939453,100,0.0,0.0
2024-05-30 14:03:00-04:00,21.829999923706055,21.829999923706055,21.81999969482422,21.81999969482422,1026,0.0,0.0
2024-05-30 14:05:00-04:00,21.829999923706055,21.829999923706055,21.829999923706055,21.829999923706055,150,0.0,0.0
2024-05-30 14:06:00-04:00,21.829999923706055,21.829999923706055,21.829999923706055,21.829999923706055,309,0.0,0.0
2024-05-30 14:08:00-04:00,21.81999969482422,21.81999969482422,21.81999969482422,21.81999969482422,170,0.0,0.0
2024-05-30 14:09:00-04:00,21.81999969482422,21.81999969482422,21.81999969482422,21.81999969482422,200,0.0,0.0
2024-05-30 14:10:00-04:00,21.81999969482422,21.81999969482422,21.81999969482422,21.81999969482422,249,0.0,0.0
2024-05-30 14:11:00-04:00,21.829999923706055,21.829999923706055,21.829999923706055,21.829999923706055,220,0.0,0.0
2024-05-30 14:12:00-04:00,21.809999465942383,21.829999923706055,21.809999465942383,21.825000762939453,1355,0.0,0.0
2024-05-30 14:13:00-04:00,21.825000762939453,21.825000762939453,21.825000762939453,21.825000762939453,133,0.0,0.0
2024-05-30 14:14:00-04:00,21.825000762939453,21.825000762939453,21.825000762939453,21.825000762939453,492,0.0,0.0
2024-05-30 14:18:00-04:00,21.81999969482422,21.81999969482422,21.81999969482422,21.81999969482422,618,0.0,0.0
2024-05-30 14:21:00-04:00,21.815000534057617,21.815000534057617,21.815000534057617,21.815000534057617,336,0.0,0.0
2024-05-30 14:22:00-04:00,21.815000534057617,21.815000534057617,21.815000534057617,21.815000534057617,388,0.0,0.0
2024-05-30 14:23:00-04:00,21.815000534057617,21.815000534057617,21.815000534057617,21.815000534057617,603,0.0,0.0
2024-05-30 14:24:00-04:00,21.815000534057617,21.818899154663086,21.815000534057617,21.818899154663086,431,0.0,0.0
2024-05-30 14:27:00-04:00,21.815000534057617,21.815000534057617,21.809999465942383,21.809999465942383,721,0.0,0.0
2024-05-30 14:30:00-04:00,21.819900512695312,21.81999969482422,21.819900512695312,21.81999969482422,1478,0.0,0.0
2024-05-30 14:31:00-04:00,21.819700241088867,21.84000015258789,21.819700241088867,21.829999923706055,1696,0.0,0.0
2024-05-30 14:32:00-04:00,21.834999084472656,21.84000015258789,21.834999084472656,21.834999084472656,400,0.0,0.0
2024-05-30 14:33:00-04:00,21.834999084472656,21.834999084472656,21.829999923706055,21.829999923706055,1939,0.0,0.0
2024-05-30 14:34:00-04:00,21.829999923706055,21.829999923706055,21.829999923706055,21.829999923706055,477,0.0,0.0
2024-05-30 14:36:00-04:00,21.829999923706055,21.829999923706055,21.829999923706055,21.829999923706055,213,0.0,0.0
2024-05-30 14:37:00-04:00,21.829999923706055,21.829999923706055,21.829999923706055,21.829999923706055,140,0.0,0.0
2024-05-30 14:39:00-04:00,21.829999923706055,21.829999923706055,21.825000762939453,21.825000762939453,300,0.0,0.0
2024-05-30 14:40:00-04:00,21.829999923706055,21.829999923706055,21.825000762939453,21.829999923706055,604,0.0,0.0
2024-05-30 14:41:00-04:00,21.81999969482422,21.81999969482422,21.81999969482422,21.81999969482422,158,0.0,0.0
2024-05-30 14:43:00-04:00,21.825000762939453,21.825000762939453,21.825000762939453,21.825000762939453,262,0.0,0.0
2024-05-30 14:44:00-04:00,21.829999923706055,21.829999923706055,21.829999923706055,21.829999923706055,984,0.0,0.0
2024-05-30 14:47:00-04:00,21.825000762939453,21.825000762939453,21.825000762939453,21.825000762939453,110,0.0,0.0
2024-05-30 14:48:00-04:00,21.81999969482422,21.829099655151367,21.81999969482422,21.825000762939453,738,0.0,0.0
2024-05-30 14:49:00-04:00,21.829999923706055,21.829999923706055,21.829999923706055,21.829999923706055,266,0.0,0.0
2024-05-30 14:50:00-04:00,21.829999923706055,21.834999084472656,21.829999923706055,21.834999084472656,1154,0.0,0.0
2024-05-30 14:51:00-04:00,21.83989906311035,21.84000015258789,21.83989906311035,21.84000015258789,1334,0.0,0.0
2024-05-30 14:52:00-04:00,21.84000015258789,21.84000015258789,21.84000015258789,21.84000015258789,920,0.0,0.0
2024-05-30 14:53:00-04:00,21.850000381469727,21.850000381469727,21.850000381469727,21.850000381469727,310,0.0,0.0
2024-05-30 14:54:00-04:00,21.850000381469727,21.850000381469727,21.850000381469727,21.850000381469727,110,0.0,0.0
2024-05-30 14:55:00-04:00,21.844999313354492,21.844999313354492,21.84000015258789,21.84000015258789,763,0.0,0.0
2024-05-30 14:56:00-04:00,21.834999084472656,21.84000015258789,21.830699920654297,21.84000015258789,1129,0.0,0.0
2024-05-30 14:58:00-04:00,21.84000015258789,21.850000381469727,21.829999923706055,21.850000381469727,6204,0.0,0.0
2024-05-30 14:59:00-04:00,21.850000381469727,21.850000381469727,21.84000015258789,21.84000015258789,604,0.0,0.0
2024-05-30 15:00:00-04:00,21.84000015258789,21.84000015258789,21.829999923706055,21.834999084472656,2652,0.0,0.0
2024-05-30 15:02:00-04:00,21.820100784301758,21.820100784301758,21.820100784301758,21.820100784301758,240,0.0,0.0
2024-05-30 15:03:00-04:00,21.829999923706055,21.84000015258789,21.825000762939453,21.84000015258789,885,0.0,0.0
2024-05-30 15:04:00-04:00,21.834999084472656,21.834999084472656,21.834999084472656,21.834999084472656,100,0.0,0.0
2024-05-30 15:05:00-04:00,21.834999084472656,21.84000015258789,21.829999923706055,21.84000015258789,1718,0.0,0.0
2024-05-30 15:06:00-04:00,21.834999084472656,21.834999084472656,21.834999084472656,21.834999084472656,491,0.0,0.0
2024-05-30 15:07:00-04:00,21.834999084472656,21.834999084472656,21.834999084472656,21.834999084472656,140,0.0,0.0
2024-05-30 15:08:00-04:00,21.829999923706055,21.829999923706055,21.829999923706055,21.829999923706055,220,0.0,0.0
2024-05-30 15:10:00-04:00,21.84000015258789,21.84000015258789,21.84000015258789,21.84000015258789,230,0.0,0.0
2024-05-30 15:11:00-04:00,21.84000015258789,21.850000381469727,21.84000015258789,21.850000381469727,6575,0.0,0.0
2024-05-30 15:12:00-04:00,21.843399047851562,21.843399047851562,21.84000015258789,21.84000015258789,1558,0.0,0.0
2024-05-30 15:13:00-04:00,21.849300384521484,21.849300384521484,21.849300384521484,21.849300384521484,110,0.0,0.0
2024-05-30 15:14:00-04:00,21.850000381469727,21.850000381469727,21.850000381469727,21.850000381469727,380,0.0,0.0
2024-05-30 15:15:00-04:00,21.84000015258789,21.84000015258789,21.84000015258789,21.84000015258789,3611,0.0,0.0
2024-05-30 15:16:00-04:00,21.860000610351562,21.860000610351562,21.860000610351562,21.860000610351562,225,0.0,0.0
2024-05-30 15:17:00-04:00,21.864999771118164,21.864999771118164,21.860000610351562,21.860000610351562,846,0.0,0.0
2024-05-30 15:18:00-04:00,21.860000610351562,21.860000610351562,21.860000610351562,21.860000610351562,527,0.0,0.0
2024-05-30 15:19:00-04:00,21.860000610351562,21.860000610351562,21.860000610351562,21.860000610351562,317,0.0,0.0
2024-05-30 15:20:00-04:00,21.860000610351562,21.860000610351562,21.860000610351562,21.860000610351562,273,0.0,0.0
2024-05-30 15:21:00-04:00,21.854999542236328,21.854999542236328,21.854999542236328,21.854999542236328,636,0.0,0.0
2024-05-30 15:22:00-04:00,21.8700008392334,21.8700008392334,21.86520004272461,21.86520004272461,326,0.0,0.0
2024-05-30 15:23:00-04:00,21.8700008392334,21.8700008392334,21.860000610351562,21.860000610351562,959,0.0,0.0
2024-05-30 15:24:00-04:00,21.860000610351562,21.860000610351562,21.854999542236328,21.854999542236328,370,0.0,0.0
2024-05-30 15:25:00-04:00,21.860000610351562,21.860000610351562,21.857999801635742,21.857999801635742,454,0.0,0.0
2024-05-30 15:26:00-04:00,21.860000610351562,21.860000610351562,21.860000610351562,21.860000610351562,392,0.0,0.0
2024-05-30 15:27:00-04:00,21.860000610351562,21.860000610351562,21.860000610351562,21.860000610351562,289,0.0,0.0
2024-05-30 15:28:00-04:00,21.860000610351562,21.860000610351562,21.854999542236328,21.860000610351562,601,0.0,0.0
2024-05-30 15:29:00-04:00,21.850000381469727,21.854999542236328,21.841999053955078,21.841999053955078,1041,0.0,0.0
2024-05-30 15:30:00-04:00,21.850000381469727,21.854999542236328,21.850000381469727,21.854999542236328,1195,0.0,0.0
2024-05-30 15:31:00-04:00,21.85930061340332,21.860000610351562,21.85930061340332,21.860000610351562,820,0.0,0.0
2024-05-30 15:32:00-04:00,21.860000610351562,21.860000610351562,21.854999542236328,21.854999542236328,689,0.0,0.0
2024-05-30 15:33:00-04:00,21.859600067138672,21.860000610351562,21.859600067138672,21.860000610351562,2051,0.0,0.0
2024-05-30 15:34:00-04:00,21.860000610351562,21.864999771118164,21.860000610351562,21.864999771118164,1963,0.0,0.0
2024-05-30 15:35:00-04:00,21.8700008392334,21.8700008392334,21.8700008392334,21.8700008392334,315,0.0,0.0
2024-05-30 15:36:00-04:00,21.860000610351562,21.860000610351562,21.856000900268555,21.856000900268555,528,0.0,0.0
2024-05-30 15:37:00-04:00,21.854999542236328,21.854999542236328,21.854999542236328,21.854999542236328,141,0.0,0.0
2024-05-30 15:38:00-04:00,21.854999542236328,21.854999542236328,21.85070037841797,21.85070037841797,1270,0.0,0.0
2024-05-30 15:39:00-04:00,21.854999542236328,21.854999542236328,21.854999542236328,21.854999542236328,406,0.0,0.0
2024-05-30 15:41:00-04:00,21.854999542236328,21.860000610351562,21.854999542236328,21.854999542236328,803,0.0,0.0
2024-05-30 15:43:00-04:00,21.850000381469727,21.850000381469727,21.844999313354492,21.844999313354492,1210,0.0,0.0
2024-05-30 15:44:00-04:00,21.844999313354492,21.844999313354492,21.844999313354492,21.844999313354492,100,0.0,0.0
2024-05-30 15:45:00-04:00,21.844999313354492,21.844999313354492,21.844999313354492,21.844999313354492,667,0.0,0.0
2024-05-30 15:46:00-04:00,21.842899322509766,21.850000381469727,21.842899322509766,21.844999313354492,3573,0.0,0.0
2024-05-30 15:47:00-04:00,21.844999313354492,21.844999313354492,21.844999313354492,21.844999313354492,305,0.0,0.0
2024-05-30 15:48:00-04:00,21.844999313354492,21.844999313354492,21.825000762939453,21.825000762939453,1722,0.0,0.0
2024-05-30 15:49:00-04:00,21.81999969482422,21.81999969482422,21.81999969482422,21.81999969482422,629,0.0,0.0
2024-05-30 15:50:00-04:00,21.815000534057617,21.829999923706055,21.815000534057617,21.829999923706055,1506,0.0,0.0
2024-05-30 15:51:00-04:00,21.829999923706055,21.834999084472656,21.829999923706055,21.834999084472656,1489,0.0,0.0
2024-05-30 15:53:00-04:00,21.834999084472656,21.834999084472656,21.829999923706055,21.829999923706055,495,0.0,0.0
2024-05-30 15:54:00-04:00,21.834999084472656,21.84000015258789,21.829999923706055,21.84000015258789,6204,0.0,0.0
2024-05-30 15:55:00-04:00,21.84000015258789,21.850000381469727,21.829999923706055,21.850000381469727,1475,0.0,0.0
2024-05-30 15:56:00-04:00,21.84000015258789,21.844999313354492,21.84000015258789,21.844999313354492,2444,0.0,0.0
2024-05-30 15:57:00-04:00,21.84000015258789,21.84000015258789,21.825000762939453,21.825899124145508,6851,0.0,0.0
2024-05-30 15:59:00-04:00,21.825000762939453,21.850000381469727,21.81999969482422,21.850000381469727,14165,0.0,0.0
2024-05-31 09:30:00-04:00,21.829999923706055,21.850000381469727,21.81999969482422,21.829999923706055,5678,0.0,0.0
2024-05-31 09:31:00-04:00,21.785999298095703,21.785999298095703,21.785999298095703,21.785999298095703,820,0.0,0.0
2024-05-31 09:37:00-04:00,21.8799991607666,21.8799991607666,21.8799991607666,21.8799991607666,177,0.0,0.0
2024-05-31 09:38:00-04:00,21.850000381469727,21.8799991607666,21.850000381469727,21.8799991607666,7061,0.0,0.0
2024-05-31 09:39:00-04:00,21.860000610351562,21.860000610351562,21.860000610351562,21.860000610351562,467,0.0,0.0
2024-05-31 09:40:00-04:00,21.8799991607666,21.8799991607666,21.8799991607666,21.8799991607666,139,0.0,0.0
2024-05-31 09:41:00-04:00,21.8799991607666,21.899999618530273,21.8799991607666,21.899999618530273,3056,0.0,0.0
2024-05-31 09:43:00-04:00,21.893199920654297,21.90999984741211,21.893199920654297,21.90999984741211,414,0.0,0.0
2024-05-31 09:44:00-04:00,21.895000457763672,21.895000457763672,21.895000457763672,21.895000457763672,538,0.0,0.0
2024-05-31 09:45:00-04:00,21.8799991607666,21.8799991607666,21.8799991607666,21.8799991607666,102,0.0,0.0
2024-05-31 09:46:00-04:00,21.8799991607666,21.8799991607666,21.8799991607666,21.8799991607666,478,0.0,0.0
2024-05-31 09:47:00-04:00,21.87980079650879,21.87980079650879,21.87339973449707,21.87339973449707,1586,0.0,0.0
2024-05-31 09:50:00-04:00,21.889999389648438,21.90999984741211,21.889999389648438,21.899999618530273,686,0.0,0.0
2024-05-31 09:52:00-04:00,21.905000686645508,21.905000686645508,21.905000686645508,21.905000686645508,350,0.0,0.0
2024-05-31 09:54:00-04:00,21.90999984741211,21.90999984741211,21.90999984741211,21.90999984741211,5028,0.0,0.0
2024-05-31 09:55:00-04:00,21.920000076293945,21.920000076293945,21.90999984741211,21.90999984741211,455,0.0,0.0
2024-05-31 09:57:00-04:00,21.91010093688965,21.91010093688965,21.91010093688965,21.91010093688965,2621,0.0,0.0
2024-05-31 10:00:00-04:00,21.909700393676758,21.909700393676758,21.909700393676758,21.909700393676758,223,0.0,0.0
2024-05-31 10:01:00-04:00,21.90999984741211,21.913000106811523,21.90999984741211,21.913000106811523,412,0.0,0.0
2024-05-31 10:02:00-04:00,21.915000915527344,21.920000076293945,21.915000915527344,21.920000076293945,327,0.0,0.0
2024-05-31 10:03:00-04:00,21.91990089416504,21.91990089416504,21.91990089416504,21.91990089416504,157,0.0,0.0
2024-05-31 10:05:00-04:00,21.915000915527344,21.915000915527344,21.915000915527344,21.915000915527344,102,0.0,0.0
2024-05-31 10:06:00-04:00,21.905000686645508,21.920000076293945,21.905000686645508,21.920000076293945,901,0.0,0.0
2024-05-31 10:07:00-04:00,21.924999237060547,21.924999237060547,21.924999237060547,21.924999237060547,920,0.0,0.0
2024-05-31 10:11:00-04:00,21.90999984741211,21.90999984741211,21.90999984741211,21.90999984741211,299,0.0,0.0
2024-05-31 10:13:00-04:00,21.920000076293945,21.93000030517578,21.90999984741211,21.93000030517578,1034,0.0,0.0
2024-05-31 10:14:00-04:00,21.924999237060547,21.924999237060547,21.920000076293945,21.920000076293945,5177,0.0,0.0
2024-05-31 10:18:00-04:00,21.920000076293945,21.920000076293945,21.920000076293945,21.920000076293945,140,0.0,0.0
2024-05-31 10:20:00-04:00,21.915000915527344,21.915000915527344,21.915000915527344,21.915000915527344,1772,0.0,0.0
2024-05-31 10:21:00-04:00,21.91659927368164,21.920000076293945,21.915000915527344,21.920000076293945,1361,0.0,0.0
2024-05-31 10:22:00-04:00,21.933399200439453,21.940000534057617,21.933399200439453,21.940000534057617,400,0.0,0.0
2024-05-31 10:24:00-04:00,21.940000534057617,21.950000762939453,21.940000534057617,21.94499969482422,1012,0.0,0.0
2024-05-31 10:25:00-04:00,21.950000762939453,21.969999313354492,21.950000762939453,21.969999313354492,2353,0.0,0.0
2024-05-31 10:26:00-04:00,21.960100173950195,21.969999313354492,21.960100173950195,21.96500015258789,2217,0.0,0.0
2024-05-31 10:28:00-04:00,21.96500015258789,21.969999313354492,21.96500015258789,21.969999313354492,724,0.0,0.0
2024-05-31 10:29:00-04:00,21.959999084472656,21.959999084472656,21.959999084472656,21.959999084472656,566,0.0,0.0
2024-05-31 10:31:00-04:00,21.9591007232666,21.9591007232666,21.9591007232666,21.9591007232666,272,0.0,0.0
2024-05-31 10:32:00-04:00,21.950000762939453,21.950000762939453,21.940000534057617,21.940000534057617,1145,0.0,0.0
2024-05-31 10:33:00-04:00,21.948999404907227,21.948999404907227,21.94499969482422,21.94499969482422,836,0.0,0.0
2024-05-31 10:34:00-04:00,21.94499969482422,21.969999313354492,21.940000534057617,21.969999313354492,3812,0.0,0.0
2024-05-31 10:35:00-04:00,21.96500015258789,21.979999542236328,21.96500015258789,21.979999542236328,1100,0.0,0.0
2024-05-31 10:36:00-04:00,21.975000381469727,21.975000381469727,21.975000381469727,21.975000381469727,241,0.0,0.0
2024-05-31 10:37:00-04:00,21.969999313354492,21.969999313354492,21.969999313354492,21.969999313354492,478,0.0,0.0
2024-05-31 10:38:00-04:00,21.96470069885254,21.96470069885254,21.96470069885254,21.96470069885254,366,0.0,0.0
2024-05-31 10:39:00-04:00,21.96500015258789,21.969999313354492,21.960100173950195,21.969999313354492,1503,0.0,0.0
2024-05-31 10:40:00-04:00,21.959999084472656,21.959999084472656,21.959999084472656,21.959999084472656,361,0.0,0.0
2024-05-31 10:41:00-04:00,21.954999923706055,21.9591007232666,21.954999923706055,21.9591007232666,394,0.0,0.0
2024-05-31 10:42:00-04:00,21.950000762939453,21.950000762939453,21.940000534057617,21.950000762939453,2712,0.0,0.0
2024-05-31 10:48:00-04:00,21.96500015258789,21.96500015258789,21.96500015258789,21.96500015258789,176,0.0,0.0
2024-05-31 10:50:00-04:00,21.959999084472656,21.959999084472656,21.959999084472656,21.959999084472656,828,0.0,0.0
2024-05-31 10:51:00-04:00,21.965599060058594,21.965599060058594,21.965599060058594,21.965599060058594,254,0.0,0.0
2024-05-31 10:52:00-04:00,21.959999084472656,21.959999084472656,21.959999084472656,21.959999084472656,830,0.0,0.0
2024-05-31 10:56:00-04:00,21.959999084472656,21.979999542236328,21.959999084472656,21.979999542236328,937,0.0,0.0
2024-05-31 10:59:00-04:00,21.969999313354492,21.969999313354492,21.969999313354492,21.969999313354492,347,0.0,0.0
2024-05-31 11:00:00-04:00,21.96500015258789,21.979999542236328,21.96500015258789,21.969999313354492,1681,0.0,0.0
2024-05-31 11:01:00-04:00,21.975000381469727,21.979900360107422,21.975000381469727,21.979900360107422,1254,0.0,0.0
2024-05-31 11:03:00-04:00,21.969999313354492,21.969999313354492,21.969999313354492,21.969999313354492,497,0.0,0.0
2024-05-31 11:04:00-04:00,21.954999923706055,21.954999923706055,21.954999923706055,21.954999923706055,217,0.0,0.0
2024-05-31 11:05:00-04:00,21.959999084472656,21.959999084472656,21.959999084472656,21.959999084472656,780,0.0,0.0
2024-05-31 11:06:00-04:00,21.95009994506836,21.959999084472656,21.95009994506836,21.959999084472656,1138,0.0,0.0
2024-05-31 11:12:00-04:00,21.959999084472656,21.969999313354492,21.959999084472656,21.969999313354492,263,0.0,0.0
2024-05-31 11:13:00-04:00,21.96500015258789,21.96500015258789,21.96500015258789,21.96500015258789,103,0.0,0.0
2024-05-31 11:14:00-04:00,21.96500015258789,21.96500015258789,21.96500015258789,21.96500015258789,472,0.0,0.0
2024-05-31 11:16:00-04:00,21.950000762939453,21.959999084472656,21.950000762939453,21.959999084472656,417,0.0,0.0
2024-05-31 11:18:00-04:00,21.959999084472656,21.969999313354492,21.959999084472656,21.969999313354492,896,0.0,0.0
2024-05-31 11:19:00-04:00,21.969999313354492,21.979999542236328,21.96500015258789,21.969999313354492,855,0.0,0.0
2024-05-31 11:20:00-04:00,21.969999313354492,21.969999313354492,21.969999313354492,21.969999313354492,489,0.0,0.0
2024-05-31 11:24:00-04:00,21.96500015258789,21.96500015258789,21.96500015258789,21.96500015258789,233,0.0,0.0
2024-05-31 11:25:00-04:00,21.969100952148438,21.969100952148438,21.969100952148438,21.969100952148438,423,0.0,0.0
2024-05-31 11:28:00-04:00,21.96500015258789,21.96500015258789,21.96500015258789,21.96500015258789,214,0.0,0.0
2024-05-31 11:30:00-04:00,21.969999313354492,21.979999542236328,21.969999313354492,21.979999542236328,600,0.0,0.0
2024-05-31 11:31:00-04:00,21.979999542236328,21.979999542236328,21.979999542236328,21.979999542236328,103,0.0,0.0
2024-05-31 11:32:00-04:00,21.975000381469727,21.975000381469727,21.975000381469727,21.975000381469727,109,0.0,0.0
2024-05-31 11:34:00-04:00,21.975000381469727,21.975000381469727,21.975000381469727,21.975000381469727,271,0.0,0.0
2024-05-31 11:35:00-04:00,21.979999542236328,21.989999771118164,21.979999542236328,21.989999771118164,609,0.0,0.0
2024-05-31 11:36:00-04:00,21.989999771118164,21.989999771118164,21.985200881958008,21.989999771118164,1370,0.0,0.0
2024-05-31 11:37:00-04:00,21.980100631713867,21.980100631713867,21.969999313354492,21.969999313354492,777,0.0,0.0
2024-05-31 11:46:00-04:00,21.969999313354492,21.969999313354492,21.969999313354492,21.969999313354492,220,0.0,0.0
2024-05-31 11:49:00-04:00,21.976299285888672,21.976299285888672,21.975000381469727,21.975000381469727,628,0.0,0.0
2024-05-31 11:50:00-04:00,21.979999542236328,22.0,21.979999542236328,22.0,3378,0.0,0.0
2024-05-31 11:52:00-04:00,21.9950008392334,21.9950008392334,21.9950008392334,21.9950008392334,315,0.0,0.0
2024-05-31 11:53:00-04:00,21.979999542236328,21.979999542236328,21.979999542236328,21.979999542236328,109,0.0,0.0
2024-05-31 11:55:00-04:00,21.975000381469727,21.975000381469727,21.975000381469727,21.975000381469727,104,0.0,0.0
2024-05-31 11:56:00-04:00,21.975000381469727,21.975000381469727,21.975000381469727,21.975000381469727,163,0.0,0.0
2024-05-31 11:57:00-04:00,21.979999542236328,21.989999771118164,21.979999542236328,21.989999771118164,658,0.0,0.0
2024-05-31 11:59:00-04:00,21.985000610351562,21.985000610351562,21.985000610351562,21.985000610351562,204,0.0,0.0
2024-05-31 12:00:00-04:00,21.979999542236328,21.979999542236328,21.979999542236328,21.979999542236328,612,0.0,0.0
2024-05-31 12:02:00-04:00,21.975000381469727,21.975000381469727,21.975000381469727,21.975000381469727,135,0.0,0.0
2024-05-31 12:04:00-04:00,21.969999313354492,21.979999542236328,21.969999313354492,21.979999542236328,347,0.0,0.0
2024-05-31 12:05:00-04:00,21.969999313354492,21.969999313354492,21.969999313354492,21.969999313354492,255,0.0,0.0
2024-05-31 12:07:00-04:00,21.969999313354492,21.969999313354492,21.969999313354492,21.969999313354492,1038,0.0,0.0
2024-05-31 12:09:00-04:00,21.96500015258789,21.96500015258789,21.96500015258789,21.96500015258789,126,0.0,0.0
2024-05-31 12:11:00-04:00,21.96500015258789,21.989999771118164,21.96500015258789,21.989999771118164,2003,0.0,0.0
2024-05-31 12:13:00-04:00,21.98349952697754,21.985000610351562,21.98349952697754,21.985000610351562,212,0.0,0.0
2024-05-31 12:14:00-04:00,21.979999542236328,21.985000610351562,21.979999542236328,21.985000610351562,1209,0.0,0.0
2024-05-31 12:16:00-04:00,21.985000610351562,21.985000610351562,21.985000610351562,21.985000610351562,573,0.0,0.0
2024-05-31 12:17:00-04:00,21.979999542236328,21.979999542236328,21.979999542236328,21.979999542236328,187,0.0,0.0
2024-05-31 12:23:00-04:00,21.969999313354492,21.969999313354492,21.969999313354492,21.969999313354492,229,0.0,0.0
2024-05-31 12:25:00-04:00,21.96500015258789,21.96500015258789,21.96500015258789,21.96500015258789,128,0.0,0.0
2024-05-31 12:27:00-04:00,21.959999084472656,21.969999313354492,21.959999084472656,21.969999313354492,319,0.0,0.0
2024-05-31 12:29:00-04:00,21.969999313354492,21.969999313354492,21.96500015258789,21.96500015258789,766,0.0,0.0
2024-05-31 12:30:00-04:00,21.969999313354492,21.969999313354492,21.96500015258789,21.96500015258789,305,0.0,0.0
2024-05-31 12:31:00-04:00,21.96500015258789,21.969999313354492,21.96500015258789,21.96500015258789,1229,0.0,0.0
2024-05-31 12:32:00-04:00,21.959999084472656,21.959999084472656,21.959999084472656,21.959999084472656,675,0.0,0.0
2024-05-31 12:35:00-04:00,21.958900451660156,21.958900451660156,21.958900451660156,21.958900451660156,280,0.0,0.0
2024-05-31 12:37:00-04:00,21.950000762939453,21.959999084472656,21.950000762939453,21.959999084472656,218,0.0,0.0
2024-05-31 12:40:00-04:00,21.95009994506836,21.959999084472656,21.95009994506836,21.954999923706055,905,0.0,0.0
2024-05-31 12:41:00-04:00,21.950000762939453,21.950000762939453,21.940000534057617,21.94499969482422,742,0.0,0.0
2024-05-31 12:42:00-04:00,21.940000534057617,21.940000534057617,21.940000534057617,21.940000534057617,124,0.0,0.0
2024-05-31 12:43:00-04:00,21.93000030517578,21.93000030517578,21.920000076293945,21.924999237060547,2352,0.0,0.0
2024-05-31 12:44:00-04:00,21.922500610351562,21.922500610351562,21.922500610351562,21.922500610351562,233,0.0,0.0
2024-05-31 12:45:00-04:00,21.924999237060547,21.924999237060547,21.924999237060547,21.924999237060547,162,0.0,0.0
2024-05-31 12:47:00-04:00,21.924999237060547,21.924999237060547,21.924999237060547,21.924999237060547,112,0.0,0.0
2024-05-31 12:48:00-04:00,21.920000076293945,21.93000030517578,21.920000076293945,21.93000030517578,299,0.0,0.0
2024-05-31 12:52:00-04:00,21.9143009185791,21.915000915527344,21.9143009185791,21.915000915527344,453,0.0,0.0
2024-05-31 12:53:00-04:00,21.915000915527344,21.920000076293945,21.915000915527344,21.915000915527344,963,0.0,0.0
2024-05-31 12:56:00-04:00,21.924999237060547,21.93000030517578,21.924999237060547,21.93000030517578,937,0.0,0.0
2024-05-31 12:59:00-04:00,21.93000030517578,21.940000534057617,21.924999237060547,21.940000534057617,1278,0.0,0.0
2024-05-31 13:00:00-04:00,21.950000762939453,21.959999084472656,21.950000762939453,21.959999084472656,1352,0.0,0.0
2024-05-31 13:02:00-04:00,21.959999084472656,21.959999084472656,21.959999084472656,21.959999084472656,103,0.0,0.0
2024-05-31 13:04:00-04:00,21.959999084472656,21.959999084472656,21.959999084472656,21.959999084472656,575,0.0,0.0
2024-05-31 13:06:00-04:00,21.967500686645508,21.969999313354492,21.96500015258789,21.96500015258789,2839,0.0,0.0
2024-05-31 13:11:00-04:00,21.975000381469727,21.979999542236328,21.975000381469727,21.979999542236328,1202,0.0,0.0
2024-05-31 13:12:00-04:00,21.975000381469727,21.975000381469727,21.975000381469727,21.975000381469727,151,0.0,0.0
2024-05-31 13:13:00-04:00,21.979299545288086,21.979999542236328,21.975000381469727,21.975000381469727,904,0.0,0.0
2024-05-31 13:15:00-04:00,21.975000381469727,21.975000381469727,21.975000381469727,21.975000381469727,629,0.0,0.0
2024-05-31 13:18:00-04:00,21.97249984741211,21.97249984741211,21.97249984741211,21.97249984741211,116,0.0,0.0
2024-05-31 13:19:00-04:00,21.974000930786133,22.0,21.974000930786133,21.975000381469727,11058,0.0,0.0
2024-05-31 13:20:00-04:00,21.969999313354492,21.969999313354492,21.969999313354492,21.969999313354492,259,0.0,0.0
2024-05-31 13:23:00-04:00,21.963699340820312,21.963699340820312,21.963699340820312,21.963699340820312,127,0.0,0.0
2024-05-31 13:24:00-04:00,21.969999313354492,21.969999313354492,21.969999313354492,21.969999313354492,229,0.0,0.0
2024-05-31 13:25:00-04:00,21.96500015258789,21.96500015258789,21.96500015258789,21.96500015258789,205,0.0,0.0
2024-05-31 13:30:00-04:00,21.959999084472656,21.959999084472656,21.959999084472656,21.959999084472656,210,0.0,0.0
2024-05-31 13:36:00-04:00,21.954999923706055,21.954999923706055,21.954999923706055,21.954999923706055,204,0.0,0.0
2024-05-31 13:38:00-04:00,21.954999923706055,21.954999923706055,21.954999923706055,21.954999923706055,102,0.0,0.0
2024-05-31 13:39:00-04:00,21.954999923706055,21.969999313354492,21.954999923706055,21.964000701904297,1655,0.0,0.0
2024-05-31 13:41:00-04:00,21.969999313354492,21.969999313354492,21.969999313354492,21.969999313354492,164,0.0,0.0
2024-05-31 13:44:00-04:00,21.9601993560791,21.969999313354492,21.950000762939453,21.96500015258789,8435,0.0,0.0
2024-05-31 13:45:00-04:00,21.969999313354492,21.969999313354492,21.959999084472656,21.969999313354492,913,0.0,0.0
2024-05-31 13:46:00-04:00,21.969999313354492,21.969999313354492,21.96500015258789,21.96500015258789,477,0.0,0.0
2024-05-31 13:51:00-04:00,21.96500015258789,21.96500015258789,21.96500015258789,21.96500015258789,353,0.0,0.0
2024-05-31 13:53:00-04:00,21.969999313354492,21.969999313354492,21.969999313354492,21.969999313354492,154,0.0,0.0
2024-05-31 13:57:00-04:00,21.969900131225586,21.969900131225586,21.969900131225586,21.969900131225586,233,0.0,0.0
2024-05-31 13:59:00-04:00,21.96500015258789,21.96500015258789,21.96500015258789,21.96500015258789,202,0.0,0.0
2024-05-31 14:00:00-04:00,21.959999084472656,21.959999084472656,21.959999084472656,21.959999084472656,202,0.0,0.0
2024-05-31 14:01:00-04:00,21.96500015258789,21.96500015258789,21.96500015258789,21.96500015258789,103,0.0,0.0
2024-05-31 14:02:00-04:00,21.96500015258789,21.96500015258789,21.96500015258789,21.96500015258789,150,0.0,0.0
2024-05-31 14:06:00-04:00,21.96500015258789,21.96500015258789,21.96500015258789,21.96500015258789,434,0.0,0.0
2024-05-31 14:07:00-04:00,21.96500015258789,21.969999313354492,21.96500015258789,21.96500015258789,3602,0.0,0.0
2024-05-31 14:08:00-04:00,21.969999313354492,21.969999313354492,21.969999313354492,21.969999313354492,463,0.0,0.0
2024-05-31 14:12:00-04:00,21.979999542236328,21.979999542236328,21.979999542236328,21.979999542236328,338,0.0,0.0
2024-05-31 14:14:00-04:00,21.979999542236328,21.979999542236328,21.975000381469727,21.979999542236328,911,0.0,0.0
2024-05-31 14:15:00-04:00,21.979999542236328,21.979999542236328,21.979999542236328,21.979999542236328,490,0.0,0.0
2024-05-31 14:17:00-04:00,21.979999542236328,21.989999771118164,21.979999542236328,21.989999771118164,828,0.0,0.0
2024-05-31 14:19:00-04:00,21.989999771118164,21.989999771118164,21.989999771118164,21.989999771118164,752,0.0,0.0
2024-05-31 14:30:00-04:00,22.0,22.0,22.0,22.0,331,0.0,0.0
2024-05-31 14:32:00-04:00,22.0,22.0,21.9950008392334,21.9950008392334,714,0.0,0.0
2024-05-31 14:33:00-04:00,22.0,22.0,21.9950008392334,21.9950008392334,406,0.0,0.0
2024-05-31 14:34:00-04:00,21.9950008392334,21.9950008392334,21.9950008392334,21.9950008392334,209,0.0,0.0
2024-05-31 14:35:00-04:00,21.989999771118164,21.9950008392334,21.989999771118164,21.9950008392334,677,0.0,0.0
2024-05-31 14:36:00-04:00,21.989999771118164,21.989999771118164,21.989999771118164,21.989999771118164,169,0.0,0.0
2024-05-31 14:38:00-04:00,21.985000610351562,21.989999771118164,21.985000610351562,21.989999771118164,396,0.0,0.0
2024-05-31 14:39:00-04:00,21.989999771118164,21.989999771118164,21.985000610351562,21.985000610351562,409,0.0,0.0
2024-05-31 14:41:00-04:00,21.989999771118164,21.989999771118164,21.989999771118164,21.989999771118164,467,0.0,0.0
2024-05-31 14:42:00-04:00,21.989999771118164,21.989999771118164,21.989999771118164,21.989999771118164,203,0.0,0.0
2024-05-31 14:43:00-04:00,21.989999771118164,21.9950008392334,21.989999771118164,21.9950008392334,1166,0.0,0.0
2024-05-31 14:44:00-04:00,21.9950008392334,21.9950008392334,21.9950008392334,21.9950008392334,221,0.0,0.0
2024-05-31 14:45:00-04:00,21.99250030517578,21.99250030517578,21.99250030517578,21.99250030517578,322,0.0,0.0
2024-05-31 14:46:00-04:00,21.9950008392334,21.9950008392334,21.9950008392334,21.9950008392334,104,0.0,0.0
2024-05-31 14:47:00-04:00,22.0,22.0,22.0,22.0,202,0.0,0.0
2024-05-31 14:48:00-04:00,22.0,22.0,21.999099731445312,22.0,410,0.0,0.0
2024-05-31 14:49:00-04:00,21.9950008392334,22.0,21.9950008392334,22.0,302,0.0,0.0
2024-05-31 14:50:00-04:00,21.9950008392334,21.9950008392334,21.9950008392334,21.9950008392334,177,0.0,0.0
2024-05-31 14:51:00-04:00,22.0,22.0,21.9950008392334,21.9950008392334,304,0.0,0.0
2024-05-31 14:52:00-04:00,22.0,22.0,21.9950008392334,21.9950008392334,214,0.0,0.0
2024-05-31 14:53:00-04:00,22.0,22.0,22.0,22.0,126,0.0,0.0
2024-05-31 14:54:00-04:00,21.9950008392334,22.0,21.9950008392334,22.0,509,0.0,0.0
2024-05-31 14:55:00-04:00,21.9950008392334,22.0,21.9950008392334,22.0,441,0.0,0.0
2024-05-31 14:56:00-04:00,21.9950008392334,21.9950008392334,21.9950008392334,21.9950008392334,101,0.0,0.0
2024-05-31 14:57:00-04:00,22.0,22.0,21.99250030517578,21.99250030517578,305,0.0,0.0
2024-05-31 14:58:00-04:00,22.0,22.0,21.9950008392334,21.9950008392334,412,0.0,0.0
2024-05-31 14:59:00-04:00,21.9950008392334,22.0,21.9950008392334,22.0,1621,0.0,0.0
2024-05-31 15:00:00-04:00,22.0,22.0,22.0,22.0,3596,0.0,0.0
2024-05-31 15:01:00-04:00,22.0,22.0,22.0,22.0,370,0.0,0.0
2024-05-31 15:02:00-04:00,22.0,22.0,22.0,22.0,1007,0.0,0.0
2024-05-31 15:03:00-04:00,22.0,22.0,22.0,22.0,204,0.0,0.0
2024-05-31 15:04:00-04:00,22.0,22.0,22.0,22.0,380,0.0,0.0
2024-05-31 15:05:00-04:00,22.0,22.0,22.0,22.0,253,0.0,0.0
2024-05-31 15:06:00-04:00,21.9950008392334,22.0,21.9950008392334,21.9950008392334,802,0.0,0.0
2024-05-31 15:07:00-04:00,22.0,22.0,21.99720001220703,21.99720001220703,986,0.0,0.0
2024-05-31 15:08:00-04:00,21.9950008392334,22.0,21.9950008392334,22.0,404,0.0,0.0
2024-05-31 15:09:00-04:00,21.9950008392334,22.0,21.9950008392334,22.0,302,0.0,0.0
2024-05-31 15:10:00-04:00,22.0,22.030000686645508,22.0,22.020000457763672,5435,0.0,0.0
2024-05-31 15:12:00-04:00,22.020000457763672,22.020000457763672,22.019800186157227,22.019800186157227,678,0.0,0.0
2024-05-31 15:13:00-04:00,22.020000457763672,22.020000457763672,22.020000457763672,22.020000457763672,518,0.0,0.0
2024-05-31 15:14:00-04:00,22.020000457763672,22.020000457763672,22.020000457763672,22.020000457763672,301,0.0,0.0
2024-05-31 15:15:00-04:00,22.020000457763672,22.030000686645508,22.020000457763672,22.030000686645508,953,0.0,0.0
2024-05-31 15:16:00-04:00,22.029800415039062,22.029800415039062,22.029800415039062,22.029800415039062,2502,0.0,0.0
2024-05-31 15:17:00-04:00,22.024999618530273,22.030000686645508,22.024999618530273,22.030000686645508,604,0.0,0.0
2024-05-31 15:18:00-04:00,22.030000686645508,22.030000686645508,22.030000686645508,22.030000686645508,122,0.0,0.0
2024-05-31 15:19:00-04:00,22.024999618530273,22.030000686645508,22.020000457763672,22.020000457763672,1267,0.0,0.0
2024-05-31 15:20:00-04:00,22.024999618530273,22.024999618530273,22.024999618530273,22.024999618530273,202,0.0,0.0
2024-05-31 15:21:00-04:00,22.024999618530273,22.024999618530273,22.024999618530273,22.024999618530273,452,0.0,0.0
2024-05-31 15:22:00-04:00,22.024999618530273,22.024999618530273,22.024999618530273,22.024999618530273,223,0.0,0.0
2024-05-31 15:23:00-04:00,22.028900146484375,22.028900146484375,22.024999618530273,22.024999618530273,935,0.0,0.0
2024-05-31 15:24:00-04:00,22.030000686645508,22.030000686645508,22.024999618530273,22.024999618530273,933,0.0,0.0
2024-05-31 15:25:00-04:00,22.030000686645508,22.030000686645508,22.024999618530273,22.024999618530273,614,0.0,0.0
2024-05-31 15:26:00-04:00,22.024999618530273,22.024999618530273,22.024999618530273,22.024999618530273,300,0.0,0.0
2024-05-31 15:27:00-04:00,22.024999618530273,22.024999618530273,22.024999618530273,22.024999618530273,678,0.0,0.0
2024-05-31 15:28:00-04:00,22.020000457763672,22.020000457763672,22.0049991607666,22.0049991607666,2324,0.0,0.0
2024-05-31 15:29:00-04:00,22.0049991607666,22.0049991607666,22.0049991607666,22.0049991607666,305,0.0,0.0
2024-05-31 15:30:00-04:00,22.0049991607666,22.010000228881836,22.0,22.0049991607666,762,0.0,0.0
2024-05-31 15:31:00-04:00,22.0049991607666,22.010000228881836,22.0049991607666,22.0049991607666,1469,0.0,0.0
2024-05-31 15:32:00-04:00,22.0049991607666,22.0049991607666,22.0049991607666,22.0049991607666,357,0.0,0.0
2024-05-31 15:33:00-04:00,22.0049991607666,22.010000228881836,22.0049991607666,22.0049991607666,802,0.0,0.0
2024-05-31 15:34:00-04:00,22.0049991607666,22.010000228881836,22.0049991607666,22.010000228881836,541,0.0,0.0
2024-05-31 15:35:00-04:00,22.010000228881836,22.010000228881836,22.010000228881836,22.010000228881836,1778,0.0,0.0
2024-05-31 15:36:00-04:00,22.010000228881836,22.010000228881836,22.010000228881836,22.010000228881836,618,0.0,0.0
2024-05-31 15:37:00-04:00,22.010000228881836,22.010000228881836,22.010000228881836,22.010000228881836,283,0.0,0.0
2024-05-31 15:38:00-04:00,22.010000228881836,22.020000457763672,22.010000228881836,22.020000457763672,1231,0.0,0.0
2024-05-31 15:39:00-04:00,22.020000457763672,22.020000457763672,22.020000457763672,22.020000457763672,407,0.0,0.0
2024-05-31 15:40:00-04:00,22.020000457763672,22.020000457763672,22.014999389648438,22.014999389648438,1187,0.0,0.0
2024-05-31 15:41:00-04:00,22.014999389648438,22.030000686645508,22.014999389648438,22.030000686645508,1373,0.0,0.0
2024-05-31 15:42:00-04:00,22.030000686645508,22.045000076293945,22.030000686645508,22.045000076293945,1314,0.0,0.0
2024-05-31 15:43:00-04:00,22.040000915527344,22.040000915527344,22.03499984741211,22.03499984741211,1335,0.0,0.0
2024-05-31 15:44:00-04:00,22.040000915527344,22.045000076293945,22.040000915527344,22.045000076293945,837,0.0,0.0
2024-05-31 15:45:00-04:00,22.040000915527344,22.040000915527344,22.030000686645508,22.030000686645508,1483,0.0,0.0
2024-05-31 15:46:00-04:00,22.024999618530273,22.030000686645508,22.024999618530273,22.024999618530273,597,0.0,0.0
2024-05-31 15:47:00-04:00,22.024999618530273,22.024999618530273,22.010000228881836,22.010000228881836,1095,0.0,0.0
2024-05-31 15:48:00-04:00,22.010000228881836,22.010000228881836,22.0049991607666,22.010000228881836,562,0.0,0.0
2024-05-31 15:49:00-04:00,22.014999389648438,22.014999389648438,22.010000228881836,22.010000228881836,420,0.0,0.0
2024-05-31 15:50:00-04:00,22.010000228881836,22.010000228881836,21.969999313354492,21.979999542236328,6823,0.0,0.0
2024-05-31 15:51:00-04:00,21.969999313354492,21.979999542236328,21.96500015258789,21.979999542236328,3655,0.0,0.0
2024-05-31 15:52:00-04:00,21.979999542236328,21.979999542236328,21.969999313354492,21.969999313354492,756,0.0,0.0
2024-05-31 15:53:00-04:00,21.979999542236328,21.989999771118164,21.979999542236328,21.985000610351562,3897,0.0,0.0
2024-05-31 15:54:00-04:00,21.979999542236328,21.985000610351562,21.975000381469727,21.979999542236328,2268,0.0,0.0
2024-05-31 15:55:00-04:00,21.979999542236328,21.985000610351562,21.969999313354492,21.969999313354492,2773,0.0,0.0
2024-05-31 15:56:00-04:00,21.969999313354492,21.975000381469727,21.969999313354492,21.969999313354492,2338,0.0,0.0
2024-05-31 15:57:00-04:00,21.969999313354492,21.979999542236328,21.96969985961914,21.969999313354492,6157,0.0,0.0
2024-05-31 15:58:00-04:00,21.96500015258789,21.975000381469727,21.96500015258789,21.975000381469727,3561,0.0,0.0
2024-05-31 15:59:00-04:00,21.979999542236328,21.985000610351562,21.959999084472656,21.985000610351562,6754,0.0,0.0
