Datetime,Open,High,Low,Close,Volume,Dividends,Stock Splits
2024-10-28 09:00:00+09:00,978.9000244140625,979.0,970.5999755859375,972.0,0,0.0,0.0
2024-10-28 09:01:00+09:00,971.2000122070312,971.5,967.0,967.0,17300,0.0,0.0
2024-10-28 09:03:00+09:00,968.5,972.5999755859375,967.7999877929688,972.5999755859375,50500,0.0,0.0
2024-10-28 09:04:00+09:00,972.5999755859375,972.5999755859375,969.2000122070312,971.2000122070312,5900,0.0,0.0
2024-10-28 09:05:00+09:00,970.2000122070312,971.4000244140625,969.0,971.0999755859375,21900,0.0,0.0
2024-10-28 09:06:00+09:00,970.4000244140625,972.7000122070312,969.7000122070312,972.2000122070312,10200,0.0,0.0
2024-10-28 09:07:00+09:00,971.7000122070312,976.7000122070312,971.7000122070312,975.4000244140625,12200,0.0,0.0
2024-10-28 09:08:00+09:00,975.5,975.7000122070312,974.2999877929688,975.5999755859375,7500,0.0,0.0
2024-10-28 09:09:00+09:00,975.4000244140625,978.2999877929688,974.7999877929688,976.0,16700,0.0,0.0
2024-10-28 09:10:00+09:00,976.0,976.0999755859375,975.2000122070312,975.2000122070312,4700,0.0,0.0
2024-10-28 09:11:00+09:00,975.0999755859375,976.0999755859375,974.5,975.7000122070312,12100,0.0,0.0
2024-10-28 09:12:00+09:00,976.2000122070312,978.7000122070312,976.0,978.7000122070312,11500,0.0,0.0
2024-10-28 09:13:00+09:00,978.0,980.2999877929688,977.7999877929688,979.0999755859375,9600,0.0,0.0
2024-10-28 09:14:00+09:00,979.0999755859375,979.2000122070312,977.5,979.2000122070312,3400,0.0,0.0
2024-10-28 09:15:00+09:00,979.2000122070312,980.7999877929688,979.2000122070312,980.0999755859375,4400,0.0,0.0
2024-10-28 09:16:00+09:00,980.2000122070312,982.0,979.9000244140625,982.0,11200,0.0,0.0
2024-10-28 09:17:00+09:00,981.5,983.0999755859375,981.2999877929688,981.2999877929688,12500,0.0,0.0
2024-10-28 09:18:00+09:00,981.7000122070312,982.0,979.2000122070312,979.2999877929688,4600,0.0,0.0
2024-10-28 09:19:00+09:00,980.0,980.5999755859375,979.5,979.9000244140625,3300,0.0,0.0
2024-10-28 09:20:00+09:00,979.4000244140625,981.7000122070312,979.0,981.2000122070312,16600,0.0,0.0
2024-10-28 09:21:00+09:00,980.5999755859375,982.2000122070312,980.5999755859375,981.5999755859375,9500,0.0,0.0
2024-10-28 09:22:00+09:00,981.2000122070312,981.7000122070312,980.0999755859375,980.4000244140625,2600,0.0,0.0
2024-10-28 09:23:00+09:00,980.5999755859375,980.7999877929688,980.0,980.7000122070312,2700,0.0,0.0
2024-10-28 09:24:00+09:00,980.7000122070312,982.0,980.7000122070312,982.0,5100,0.0,0.0
2024-10-28 09:25:00+09:00,981.9000244140625,981.9000244140625,980.4000244140625,981.5,4600,0.0,0.0
2024-10-28 09:26:00+09:00,981.5999755859375,981.9000244140625,980.9000244140625,980.9000244140625,4100,0.0,0.0
2024-10-28 09:27:00+09:00,981.0,981.4000244140625,980.7999877929688,981.4000244140625,3300,0.0,0.0
2024-10-28 09:28:00+09:00,981.4000244140625,981.5999755859375,980.7999877929688,981.5999755859375,5800,0.0,0.0
2024-10-28 09:29:00+09:00,981.7000122070312,981.9000244140625,980.7000122070312,980.7000122070312,2500,0.0,0.0
2024-10-28 09:30:00+09:00,980.9000244140625,981.7000122070312,979.5,979.7999877929688,8000,0.0,0.0
2024-10-28 09:31:00+09:00,979.5999755859375,980.0,979.2999877929688,979.4000244140625,3800,0.0,0.0
2024-10-28 09:32:00+09:00,979.7999877929688,981.2999877929688,979.7999877929688,980.5,4700,0.0,0.0
2024-10-28 09:33:00+09:00,980.0999755859375,980.7000122070312,979.9000244140625,979.9000244140625,6700,0.0,0.0
2024-10-28 09:34:00+09:00,979.9000244140625,980.2000122070312,979.0999755859375,979.5999755859375,7400,0.0,0.0
2024-10-28 09:35:00+09:00,979.4000244140625,979.4000244140625,977.9000244140625,977.9000244140625,4900,0.0,0.0
2024-10-28 09:36:00+09:00,977.9000244140625,978.2999877929688,977.7999877929688,977.9000244140625,2000,0.0,0.0
2024-10-28 09:37:00+09:00,978.0,978.5,977.9000244140625,978.2999877929688,6100,0.0,0.0
2024-10-28 09:38:00+09:00,978.0,979.0,977.7999877929688,978.7000122070312,11600,0.0,0.0
2024-10-28 09:39:00+09:00,978.5999755859375,978.5999755859375,977.5999755859375,978.0,3500,0.0,0.0
2024-10-28 09:40:00+09:00,977.7000122070312,977.7000122070312,976.5,976.5,13000,0.0,0.0
2024-10-28 09:41:00+09:00,976.2999877929688,976.2999877929688,975.2000122070312,975.7999877929688,6200,0.0,0.0
2024-10-28 09:42:00+09:00,975.7999877929688,976.0,975.5,976.0,2700,0.0,0.0
2024-10-28 09:43:00+09:00,975.5999755859375,976.2999877929688,975.5999755859375,976.2999877929688,1700,0.0,0.0
2024-10-28 09:44:00+09:00,975.7000122070312,975.7000122070312,974.5,974.5,4700,0.0,0.0
2024-10-28 09:45:00+09:00,974.9000244140625,975.5,974.9000244140625,975.2000122070312,4200,0.0,0.0
2024-10-28 09:46:00+09:00,974.9000244140625,975.0,974.2999877929688,974.5,7500,0.0,0.0
2024-10-28 09:47:00+09:00,974.5,974.7000122070312,973.7000122070312,974.7000122070312,12500,0.0,0.0
2024-10-28 09:48:00+09:00,974.9000244140625,976.7000122070312,974.9000244140625,976.2000122070312,9100,0.0,0.0
2024-10-28 09:49:00+09:00,976.7999877929688,977.2000122070312,976.7000122070312,977.2000122070312,1300,0.0,0.0
2024-10-28 09:50:00+09:00,976.9000244140625,976.9000244140625,976.7999877929688,976.7999877929688,1100,0.0,0.0
2024-10-28 09:51:00+09:00,976.7000122070312,977.2000122070312,976.4000244140625,976.7999877929688,5400,0.0,0.0
2024-10-28 09:52:00+09:00,976.5999755859375,976.7999877929688,976.5,976.5999755859375,3700,0.0,0.0
2024-10-28 09:53:00+09:00,976.4000244140625,978.2000122070312,976.4000244140625,978.0999755859375,4100,0.0,0.0
2024-10-28 09:54:00+09:00,978.2000122070312,979.0999755859375,978.0,978.2000122070312,7900,0.0,0.0
2024-10-28 09:55:00+09:00,978.4000244140625,978.4000244140625,977.7999877929688,978.2000122070312,1300,0.0,0.0
2024-10-28 09:56:00+09:00,977.7999877929688,977.7999877929688,977.0,977.2000122070312,1300,0.0,0.0
2024-10-28 09:57:00+09:00,976.7999877929688,976.7999877929688,976.5,976.5,800,0.0,0.0
2024-10-28 09:58:00+09:00,976.7999877929688,977.2000122070312,976.4000244140625,976.9000244140625,5300,0.0,0.0
2024-10-28 09:59:00+09:00,977.0,977.0,976.7000122070312,977.0,1000,0.0,0.0
2024-10-28 10:00:00+09:00,976.7999877929688,976.9000244140625,976.7999877929688,976.9000244140625,200,0.0,0.0
2024-10-28 10:01:00+09:00,976.5,977.9000244140625,976.2999877929688,977.7000122070312,15100,0.0,0.0
2024-10-28 10:02:00+09:00,977.5,977.7999877929688,977.4000244140625,977.7999877929688,1500,0.0,0.0
2024-10-28 10:03:00+09:00,977.4000244140625,977.9000244140625,977.2999877929688,977.2999877929688,2900,0.0,0.0
2024-10-28 10:04:00+09:00,977.5999755859375,977.5999755859375,977.0,977.0999755859375,2600,0.0,0.0
2024-10-28 10:05:00+09:00,976.9000244140625,977.2000122070312,976.7999877929688,977.2000122070312,2300,0.0,0.0
2024-10-28 10:06:00+09:00,977.2000122070312,977.5999755859375,977.0,977.2000122070312,5600,0.0,0.0
2024-10-28 10:07:00+09:00,977.2000122070312,977.2000122070312,976.7999877929688,976.7999877929688,1500,0.0,0.0
2024-10-28 10:08:00+09:00,976.7999877929688,976.7999877929688,975.5,975.7000122070312,3000,0.0,0.0
2024-10-28 10:10:00+09:00,975.2999877929688,975.2999877929688,975.0,975.0,3900,0.0,0.0
2024-10-28 10:11:00+09:00,975.2000122070312,975.2000122070312,974.5999755859375,975.0,6000,0.0,0.0
2024-10-28 10:12:00+09:00,974.7000122070312,975.0,974.7000122070312,974.9000244140625,1300,0.0,0.0
2024-10-28 10:13:00+09:00,974.7000122070312,975.4000244140625,974.7000122070312,975.4000244140625,5600,0.0,0.0
2024-10-28 10:14:00+09:00,975.5,975.5999755859375,975.0999755859375,975.0999755859375,1500,0.0,0.0
2024-10-28 10:15:00+09:00,975.0999755859375,975.2999877929688,974.5999755859375,974.5999755859375,2600,0.0,0.0
2024-10-28 10:16:00+09:00,974.9000244140625,975.0,974.9000244140625,974.9000244140625,700,0.0,0.0
2024-10-28 10:17:00+09:00,974.7999877929688,974.7999877929688,974.7000122070312,974.7000122070312,300,0.0,0.0
2024-10-28 10:18:00+09:00,974.5999755859375,975.2999877929688,974.4000244140625,975.2999877929688,10000,0.0,0.0
2024-10-28 10:19:00+09:00,975.2999877929688,975.7999877929688,975.0999755859375,975.7999877929688,2900,0.0,0.0
2024-10-28 10:20:00+09:00,975.9000244140625,976.0999755859375,975.5,976.0,4900,0.0,0.0
2024-10-28 10:21:00+09:00,975.7999877929688,975.7999877929688,975.7999877929688,975.7999877929688,200,0.0,0.0
2024-10-28 10:22:00+09:00,975.7999877929688,976.0,975.7999877929688,975.9000244140625,600,0.0,0.0
2024-10-28 10:23:00+09:00,975.7000122070312,976.0,975.7000122070312,975.7999877929688,1400,0.0,0.0
2024-10-28 10:24:00+09:00,976.0,976.0999755859375,976.0,976.0999755859375,1500,0.0,0.0
2024-10-28 10:25:00+09:00,976.2000122070312,976.5999755859375,976.0,976.5,5900,0.0,0.0
2024-10-28 10:26:00+09:00,976.2000122070312,976.2000122070312,976.0,976.0,700,0.0,0.0
2024-10-28 10:27:00+09:00,975.9000244140625,976.0,975.7000122070312,975.7999877929688,1600,0.0,0.0
2024-10-28 10:28:00+09:00,976.0999755859375,976.0999755859375,975.7000122070312,975.7000122070312,700,0.0,0.0
2024-10-28 10:29:00+09:00,975.9000244140625,975.9000244140625,975.2999877929688,975.2999877929688,800,0.0,0.0
2024-10-28 10:30:00+09:00,975.7000122070312,975.7000122070312,975.2000122070312,975.5999755859375,7600,0.0,0.0
2024-10-28 10:31:00+09:00,975.7000122070312,976.0,975.0,975.5,8100,0.0,0.0
2024-10-28 10:32:00+09:00,975.5,975.5,975.0999755859375,975.5,1900,0.0,0.0
2024-10-28 10:33:00+09:00,975.5,975.7000122070312,975.5,975.5999755859375,1700,0.0,0.0
2024-10-28 10:34:00+09:00,975.5,975.7000122070312,975.0,975.5,3900,0.0,0.0
2024-10-28 10:35:00+09:00,975.5,975.5999755859375,975.2000122070312,975.2000122070312,1900,0.0,0.0
2024-10-28 10:36:00+09:00,975.2000122070312,975.5,974.7999877929688,974.9000244140625,3000,0.0,0.0
2024-10-28 10:37:00+09:00,975.0,975.7000122070312,975.0,975.7000122070312,6100,0.0,0.0
2024-10-28 10:38:00+09:00,975.7000122070312,976.0,975.7000122070312,976.0,3500,0.0,0.0
2024-10-28 10:39:00+09:00,976.0,976.2999877929688,976.0,976.2999877929688,1500,0.0,0.0
2024-10-28 10:40:00+09:00,976.2999877929688,976.4000244140625,976.2000122070312,976.2000122070312,2400,0.0,0.0
2024-10-28 10:41:00+09:00,976.2000122070312,976.2999877929688,975.9000244140625,975.9000244140625,5000,0.0,0.0
2024-10-28 10:42:00+09:00,975.7000122070312,975.7999877929688,975.7000122070312,975.7000122070312,800,0.0,0.0
2024-10-28 10:43:00+09:00,975.5999755859375,975.5999755859375,975.0,975.2999877929688,2700,0.0,0.0
2024-10-28 10:44:00+09:00,975.4000244140625,975.5,975.2000122070312,975.2999877929688,3000,0.0,0.0
2024-10-28 10:45:00+09:00,975.2999877929688,975.9000244140625,975.2000122070312,975.7000122070312,6100,0.0,0.0
2024-10-28 10:46:00+09:00,975.7999877929688,976.0,975.5999755859375,975.9000244140625,900,0.0,0.0
2024-10-28 10:47:00+09:00,975.9000244140625,975.9000244140625,975.5999755859375,975.9000244140625,1400,0.0,0.0
2024-10-28 10:48:00+09:00,975.9000244140625,976.0,975.7999877929688,976.0,3300,0.0,0.0
2024-10-28 10:49:00+09:00,976.0,976.7000122070312,976.0,976.2000122070312,9600,0.0,0.0
2024-10-28 10:50:00+09:00,976.0999755859375,976.2999877929688,975.9000244140625,976.2999877929688,4800,0.0,0.0
2024-10-28 10:51:00+09:00,976.4000244140625,976.4000244140625,976.0,976.0,2100,0.0,0.0
2024-10-28 10:52:00+09:00,975.9000244140625,976.2000122070312,975.9000244140625,976.0999755859375,900,0.0,0.0
2024-10-28 10:53:00+09:00,975.7999877929688,976.0999755859375,975.7999877929688,976.0999755859375,300,0.0,0.0
2024-10-28 10:54:00+09:00,976.0,976.0,975.7999877929688,975.7999877929688,1200,0.0,0.0
2024-10-28 10:55:00+09:00,975.9000244140625,975.9000244140625,975.2999877929688,975.2999877929688,1000,0.0,0.0
2024-10-28 10:56:00+09:00,975.5,975.5,975.0999755859375,975.0999755859375,2000,0.0,0.0
2024-10-28 10:57:00+09:00,975.2999877929688,975.4000244140625,975.2999877929688,975.4000244140625,200,0.0,0.0
2024-10-28 10:58:00+09:00,975.0,975.0,975.0,975.0,300,0.0,0.0
2024-10-28 10:59:00+09:00,975.0,975.2000122070312,975.0,975.2000122070312,200,0.0,0.0
2024-10-28 11:00:00+09:00,974.9000244140625,976.0,974.9000244140625,975.7999877929688,15200,0.0,0.0
2024-10-28 11:01:00+09:00,975.7999877929688,975.9000244140625,975.5999755859375,975.5999755859375,2500,0.0,0.0
2024-10-28 11:02:00+09:00,975.5,975.5,975.0999755859375,975.2999877929688,1200,0.0,0.0
2024-10-28 11:03:00+09:00,975.2000122070312,975.4000244140625,974.5999755859375,974.7999877929688,8600,0.0,0.0
2024-10-28 11:04:00+09:00,975.0999755859375,975.4000244140625,975.0,975.0,3000,0.0,0.0
2024-10-28 11:05:00+09:00,974.9000244140625,975.0999755859375,974.7999877929688,975.0999755859375,1400,0.0,0.0
2024-10-28 11:06:00+09:00,974.9000244140625,975.0999755859375,974.4000244140625,974.5999755859375,7100,0.0,0.0
2024-10-28 11:07:00+09:00,974.5,974.5,973.9000244140625,974.0,2600,0.0,0.0
2024-10-28 11:08:00+09:00,973.7999877929688,974.2999877929688,973.5999755859375,974.2999877929688,5100,0.0,0.0
2024-10-28 11:09:00+09:00,974.2999877929688,974.4000244140625,973.9000244140625,974.2999877929688,2700,0.0,0.0
2024-10-28 11:10:00+09:00,974.2999877929688,974.2999877929688,973.9000244140625,974.2999877929688,1800,0.0,0.0
2024-10-28 11:11:00+09:00,974.7000122070312,974.7000122070312,974.7000122070312,974.7000122070312,1700,0.0,0.0
2024-10-28 11:12:00+09:00,974.5,974.7000122070312,974.5,974.7000122070312,500,0.0,0.0
2024-10-28 11:13:00+09:00,974.7000122070312,974.7000122070312,974.2999877929688,974.5,700,0.0,0.0
2024-10-28 11:14:00+09:00,974.2000122070312,974.5,974.2000122070312,974.5,700,0.0,0.0
2024-10-28 11:16:00+09:00,975.5,975.7000122070312,975.4000244140625,975.7000122070312,9400,0.0,0.0
2024-10-28 11:17:00+09:00,975.7000122070312,975.7000122070312,975.4000244140625,975.4000244140625,1400,0.0,0.0
2024-10-28 11:18:00+09:00,975.5,975.5999755859375,975.2999877929688,975.5999755859375,1600,0.0,0.0
2024-10-28 11:19:00+09:00,975.4000244140625,975.7999877929688,975.2999877929688,975.7999877929688,2600,0.0,0.0
2024-10-28 11:20:00+09:00,975.9000244140625,976.0999755859375,975.7000122070312,976.0,3700,0.0,0.0
2024-10-28 11:21:00+09:00,975.7000122070312,976.0,975.7000122070312,976.0,200,0.0,0.0
2024-10-28 11:22:00+09:00,975.7999877929688,976.0999755859375,975.7999877929688,976.0,800,0.0,0.0
2024-10-28 11:23:00+09:00,976.0,976.0999755859375,975.7000122070312,976.0999755859375,4600,0.0,0.0
2024-10-28 11:24:00+09:00,976.0,976.0999755859375,975.9000244140625,976.0999755859375,4300,0.0,0.0
2024-10-28 11:25:00+09:00,975.9000244140625,976.0999755859375,975.7999877929688,975.7999877929688,1500,0.0,0.0
2024-10-28 11:26:00+09:00,975.7999877929688,975.9000244140625,975.7000122070312,975.9000244140625,1400,0.0,0.0
2024-10-28 11:27:00+09:00,975.9000244140625,975.9000244140625,975.2999877929688,975.5999755859375,1800,0.0,0.0
2024-10-28 11:28:00+09:00,975.2999877929688,975.5,974.0999755859375,974.2999877929688,6600,0.0,0.0
2024-10-28 11:29:00+09:00,974.0,974.5,974.0,974.5,1200,0.0,0.0
2024-10-28 11:30:00+09:00,974.0,974.0,974.0,974.0,900,0.0,0.0
2024-10-28 11:35:00+09:00,974.0,974.0,974.0,974.0,0,0.0,0.0
2024-10-28 12:30:00+09:00,977.7000122070312,977.7000122070312,972.5999755859375,973.4000244140625,820900,0.0,0.0
2024-10-28 12:31:00+09:00,973.5999755859375,974.7000122070312,973.5999755859375,974.7000122070312,6700,0.0,0.0
2024-10-28 12:32:00+09:00,974.7000122070312,976.0,974.7000122070312,976.0,6000,0.0,0.0
2024-10-28 12:33:00+09:00,976.0999755859375,976.0999755859375,975.7999877929688,975.7999877929688,700,0.0,0.0
2024-10-28 12:34:00+09:00,975.5,975.9000244140625,975.2000122070312,975.9000244140625,5200,0.0,0.0
2024-10-28 12:35:00+09:00,975.7999877929688,976.0,975.5999755859375,975.7000122070312,1400,0.0,0.0
2024-10-28 12:36:00+09:00,975.5,975.7999877929688,975.5,975.7999877929688,1100,0.0,0.0
2024-10-28 12:37:00+09:00,975.5,975.5,974.5,974.9000244140625,1800,0.0,0.0
2024-10-28 12:38:00+09:00,974.5,975.2000122070312,974.2000122070312,974.5,6700,0.0,0.0
2024-10-28 12:39:00+09:00,974.7000122070312,975.2999877929688,974.7000122070312,975.2999877929688,2300,0.0,0.0
2024-10-28 12:40:00+09:00,975.2999877929688,975.7000122070312,975.2000122070312,975.2000122070312,1400,0.0,0.0
2024-10-28 12:41:00+09:00,975.2999877929688,975.2999877929688,975.0999755859375,975.2999877929688,1900,0.0,0.0
2024-10-28 12:42:00+09:00,975.0999755859375,975.2000122070312,975.0,975.2000122070312,1400,0.0,0.0
2024-10-28 12:43:00+09:00,975.0,975.0,974.5999755859375,974.9000244140625,3200,0.0,0.0
2024-10-28 12:44:00+09:00,975.0,975.4000244140625,974.7999877929688,975.4000244140625,4500,0.0,0.0
2024-10-28 12:45:00+09:00,975.4000244140625,975.5999755859375,975.4000244140625,975.5999755859375,2000,0.0,0.0
2024-10-28 12:46:00+09:00,975.4000244140625,975.4000244140625,975.2000122070312,975.2000122070312,500,0.0,0.0
2024-10-28 12:47:00+09:00,975.4000244140625,975.5,975.2999877929688,975.2999877929688,1400,0.0,0.0
2024-10-28 12:49:00+09:00,975.4000244140625,975.4000244140625,975.0999755859375,975.0999755859375,1600,0.0,0.0
2024-10-28 12:50:00+09:00,975.2999877929688,975.9000244140625,975.2999877929688,975.9000244140625,4700,0.0,0.0
2024-10-28 12:51:00+09:00,976.0,976.0,975.7000122070312,975.7000122070312,1600,0.0,0.0
2024-10-28 12:52:00+09:00,975.7999877929688,976.4000244140625,975.7999877929688,976.4000244140625,10200,0.0,0.0
2024-10-28 12:53:00+09:00,976.2999877929688,976.2999877929688,976.2000122070312,976.2000122070312,1000,0.0,0.0
2024-10-28 12:54:00+09:00,976.0999755859375,976.2000122070312,975.9000244140625,975.9000244140625,3600,0.0,0.0
2024-10-28 12:55:00+09:00,975.7999877929688,976.0,975.7999877929688,976.0,1300,0.0,0.0
2024-10-28 12:56:00+09:00,976.0,976.2999877929688,976.0,976.2000122070312,3000,0.0,0.0
2024-10-28 12:57:00+09:00,976.2999877929688,976.2999877929688,976.0,976.2999877929688,4700,0.0,0.0
2024-10-28 12:58:00+09:00,976.0999755859375,976.2000122070312,975.9000244140625,976.2000122070312,3300,0.0,0.0
2024-10-28 12:59:00+09:00,976.2000122070312,976.5,976.2000122070312,976.5,4600,0.0,0.0
2024-10-28 13:00:00+09:00,976.4000244140625,976.4000244140625,976.0,976.0,2100,0.0,0.0
2024-10-28 13:01:00+09:00,976.0,976.0,975.7999877929688,975.7999877929688,400,0.0,0.0
2024-10-28 13:02:00+09:00,975.7000122070312,975.9000244140625,975.7000122070312,975.9000244140625,3000,0.0,0.0
2024-10-28 13:03:00+09:00,976.0,976.2000122070312,975.7999877929688,976.0999755859375,3500,0.0,0.0
2024-10-28 13:04:00+09:00,976.0,976.0,975.5,975.7999877929688,2100,0.0,0.0
2024-10-28 13:05:00+09:00,975.5999755859375,975.5999755859375,975.4000244140625,975.4000244140625,3000,0.0,0.0
2024-10-28 13:06:00+09:00,975.5999755859375,975.5999755859375,974.7000122070312,975.2000122070312,19300,0.0,0.0
2024-10-28 13:07:00+09:00,975.2000122070312,975.5,975.0999755859375,975.2999877929688,4900,0.0,0.0
2024-10-28 13:08:00+09:00,975.5999755859375,976.0999755859375,975.5999755859375,975.7000122070312,5900,0.0,0.0
2024-10-28 13:09:00+09:00,975.9000244140625,976.0999755859375,975.7999877929688,976.0999755859375,2100,0.0,0.0
2024-10-28 13:10:00+09:00,976.0999755859375,976.2000122070312,976.0,976.0999755859375,2400,0.0,0.0
2024-10-28 13:11:00+09:00,976.0,976.0,976.0,976.0,300,0.0,0.0
2024-10-28 13:12:00+09:00,976.0,976.0999755859375,976.0,976.0999755859375,300,0.0,0.0
2024-10-28 13:13:00+09:00,976.0999755859375,976.2999877929688,975.9000244140625,976.2999877929688,8300,0.0,0.0
2024-10-28 13:14:00+09:00,976.4000244140625,976.4000244140625,976.2000122070312,976.2000122070312,1700,0.0,0.0
2024-10-28 13:15:00+09:00,976.2000122070312,976.2000122070312,976.0999755859375,976.2000122070312,600,0.0,0.0
2024-10-28 13:16:00+09:00,976.0999755859375,976.4000244140625,976.0999755859375,976.4000244140625,3200,0.0,0.0
2024-10-28 13:17:00+09:00,976.4000244140625,976.5999755859375,976.4000244140625,976.5999755859375,1900,0.0,0.0
2024-10-28 13:18:00+09:00,976.4000244140625,976.5,976.2999877929688,976.2999877929688,1100,0.0,0.0
2024-10-28 13:19:00+09:00,976.2999877929688,976.2999877929688,975.9000244140625,976.0999755859375,3200,0.0,0.0
2024-10-28 13:20:00+09:00,976.0999755859375,976.2000122070312,976.0,976.0999755859375,7300,0.0,0.0
2024-10-28 13:21:00+09:00,976.0999755859375,976.2000122070312,975.9000244140625,975.9000244140625,3100,0.0,0.0
2024-10-28 13:22:00+09:00,976.0999755859375,976.7999877929688,976.0999755859375,976.7999877929688,5400,0.0,0.0
2024-10-28 13:23:00+09:00,976.7000122070312,976.7999877929688,976.5,976.7999877929688,4000,0.0,0.0
2024-10-28 13:24:00+09:00,976.7000122070312,977.2999877929688,976.5999755859375,977.2999877929688,10500,0.0,0.0
2024-10-28 13:25:00+09:00,977.2000122070312,977.2000122070312,976.7999877929688,976.9000244140625,2500,0.0,0.0
2024-10-28 13:26:00+09:00,976.7999877929688,976.7999877929688,976.7000122070312,976.7000122070312,1100,0.0,0.0
2024-10-28 13:27:00+09:00,976.5999755859375,976.5999755859375,976.5999755859375,976.5999755859375,700,0.0,0.0
2024-10-28 13:28:00+09:00,976.7000122070312,976.7000122070312,976.5,976.5,2700,0.0,0.0
2024-10-28 13:29:00+09:00,976.5999755859375,976.5999755859375,975.9000244140625,975.9000244140625,2500,0.0,0.0
2024-10-28 13:30:00+09:00,976.0,976.7000122070312,975.7999877929688,976.7000122070312,11500,0.0,0.0
2024-10-28 13:31:00+09:00,976.7999877929688,976.9000244140625,976.5,976.5,2900,0.0,0.0
2024-10-28 13:32:00+09:00,976.5999755859375,977.2000122070312,976.5,977.2000122070312,8400,0.0,0.0
2024-10-28 13:33:00+09:00,977.0,977.2000122070312,977.0,977.2000122070312,1900,0.0,0.0
2024-10-28 13:34:00+09:00,977.0,977.0,976.7999877929688,976.9000244140625,800,0.0,0.0
2024-10-28 13:35:00+09:00,977.0,977.0,976.9000244140625,976.9000244140625,2200,0.0,0.0
2024-10-28 13:36:00+09:00,976.9000244140625,977.0,976.7999877929688,976.7999877929688,1900,0.0,0.0
2024-10-28 13:37:00+09:00,976.7999877929688,976.9000244140625,976.7999877929688,976.9000244140625,1900,0.0,0.0
2024-10-28 13:38:00+09:00,976.7999877929688,976.7999877929688,976.0,976.2000122070312,11200,0.0,0.0
2024-10-28 13:39:00+09:00,976.2999877929688,976.2999877929688,976.2000122070312,976.2999877929688,2500,0.0,0.0
2024-10-28 13:40:00+09:00,976.0999755859375,976.2000122070312,975.7999877929688,975.9000244140625,11200,0.0,0.0
2024-10-28 13:41:00+09:00,975.7999877929688,976.0,975.7000122070312,976.0,2300,0.0,0.0
2024-10-28 13:42:00+09:00,975.9000244140625,975.9000244140625,975.5,975.5999755859375,8900,0.0,0.0
2024-10-28 13:43:00+09:00,975.5,977.2999877929688,975.5,977.0,22600,0.0,0.0
2024-10-28 13:44:00+09:00,977.2000122070312,977.5,977.0999755859375,977.2999877929688,5000,0.0,0.0
2024-10-28 13:45:00+09:00,977.4000244140625,977.5,977.2999877929688,977.5,7100,0.0,0.0
2024-10-28 13:46:00+09:00,977.2000122070312,978.4000244140625,977.2000122070312,978.4000244140625,9000,0.0,0.0
2024-10-28 13:47:00+09:00,978.0999755859375,978.2000122070312,978.0,978.0,2300,0.0,0.0
2024-10-28 13:48:00+09:00,978.2000122070312,978.5999755859375,977.9000244140625,978.5999755859375,7300,0.0,0.0
2024-10-28 13:49:00+09:00,978.7000122070312,978.7000122070312,978.0999755859375,978.2000122070312,3800,0.0,0.0
2024-10-28 13:50:00+09:00,978.2999877929688,978.5,978.2999877929688,978.5,2100,0.0,0.0
2024-10-28 13:51:00+09:00,978.5999755859375,978.5999755859375,978.4000244140625,978.4000244140625,2100,0.0,0.0
2024-10-28 13:52:00+09:00,978.2999877929688,978.5,978.2000122070312,978.4000244140625,3400,0.0,0.0
2024-10-28 13:53:00+09:00,978.4000244140625,978.5,978.2999877929688,978.2999877929688,1900,0.0,0.0
2024-10-28 13:54:00+09:00,978.2999877929688,978.4000244140625,977.7999877929688,978.0,13700,0.0,0.0
2024-10-28 13:55:00+09:00,977.9000244140625,978.4000244140625,977.9000244140625,978.0999755859375,8200,0.0,0.0
2024-10-28 13:57:00+09:00,978.7999877929688,979.0,978.7999877929688,979.0,25600,0.0,0.0
2024-10-28 13:58:00+09:00,979.0999755859375,979.4000244140625,979.0999755859375,979.2000122070312,2500,0.0,0.0
2024-10-28 14:00:00+09:00,979.5,979.5999755859375,979.5,979.5999755859375,4900,0.0,0.0
2024-10-28 14:01:00+09:00,979.7000122070312,979.7000122070312,979.4000244140625,979.5,3900,0.0,0.0
2024-10-28 14:02:00+09:00,979.5,979.5999755859375,979.2999877929688,979.5999755859375,5000,0.0,0.0
2024-10-28 14:05:00+09:00,980.7999877929688,981.7000122070312,980.7999877929688,981.5,20700,0.0,0.0
2024-10-28 14:06:00+09:00,981.5,981.7000122070312,981.4000244140625,981.5999755859375,4600,0.0,0.0
2024-10-28 14:07:00+09:00,981.4000244140625,981.5,981.4000244140625,981.5,400,0.0,0.0
2024-10-28 14:08:00+09:00,981.4000244140625,981.4000244140625,980.7999877929688,980.7999877929688,10400,0.0,0.0
2024-10-28 14:09:00+09:00,980.7999877929688,980.9000244140625,980.5999755859375,980.5999755859375,4000,0.0,0.0
2024-10-28 14:10:00+09:00,980.0,980.0,980.0,980.0,0,0.0,0.0
2024-10-28 14:11:00+09:00,980.2000122070312,980.4000244140625,980.2000122070312,980.4000244140625,1265000,0.0,0.0
2024-10-28 14:12:00+09:00,980.4000244140625,980.4000244140625,980.2999877929688,980.4000244140625,1100,0.0,0.0
2024-10-28 14:13:00+09:00,980.4000244140625,980.5,980.2000122070312,980.2000122070312,4400,0.0,0.0
2024-10-28 14:14:00+09:00,980.2999877929688,980.5,980.2999877929688,980.5,1500,0.0,0.0
2024-10-28 14:15:00+09:00,980.5,980.7999877929688,980.4000244140625,980.7999877929688,3300,0.0,0.0
2024-10-28 14:16:00+09:00,980.5999755859375,980.7000122070312,980.4000244140625,980.4000244140625,2000,0.0,0.0
2024-10-28 14:17:00+09:00,980.2999877929688,980.2999877929688,979.5999755859375,979.5999755859375,5000,0.0,0.0
2024-10-28 14:18:00+09:00,979.7999877929688,980.2000122070312,979.7999877929688,980.2000122070312,6500,0.0,0.0
2024-10-28 14:19:00+09:00,980.0,980.0999755859375,979.9000244140625,980.0999755859375,1800,0.0,0.0
2024-10-28 14:20:00+09:00,980.0999755859375,980.7999877929688,980.0999755859375,980.7999877929688,6000,0.0,0.0
2024-10-28 14:21:00+09:00,980.7999877929688,981.2000122070312,980.7999877929688,981.2000122070312,4100,0.0,0.0
2024-10-28 14:22:00+09:00,981.0999755859375,981.0999755859375,980.9000244140625,980.9000244140625,1800,0.0,0.0
2024-10-28 14:23:00+09:00,980.9000244140625,981.0,980.7999877929688,980.9000244140625,2300,0.0,0.0
2024-10-28 14:24:00+09:00,980.7000122070312,980.7999877929688,980.7000122070312,980.7000122070312,1700,0.0,0.0
2024-10-28 14:25:00+09:00,980.7000122070312,981.0999755859375,980.5999755859375,980.9000244140625,9100,0.0,0.0
2024-10-28 14:26:00+09:00,980.5,980.7000122070312,980.2999877929688,980.2999877929688,1300,0.0,0.0
2024-10-28 14:27:00+09:00,980.2999877929688,980.5,980.2999877929688,980.5,1000,0.0,0.0
2024-10-28 14:28:00+09:00,980.4000244140625,980.4000244140625,980.2000122070312,980.2000122070312,1000,0.0,0.0
2024-10-28 14:29:00+09:00,980.2999877929688,980.4000244140625,980.2999877929688,980.4000244140625,4200,0.0,0.0
2024-10-28 14:30:00+09:00,980.2000122070312,980.2000122070312,980.0999755859375,980.0999755859375,2100,0.0,0.0
2024-10-28 14:31:00+09:00,980.0999755859375,980.0999755859375,980.0999755859375,980.0999755859375,1800,0.0,0.0
2024-10-28 14:32:00+09:00,980.0,980.0999755859375,979.9000244140625,980.0999755859375,8000,0.0,0.0
2024-10-28 14:33:00+09:00,980.2000122070312,980.4000244140625,979.9000244140625,980.4000244140625,7200,0.0,0.0
2024-10-28 14:34:00+09:00,980.4000244140625,980.7999877929688,980.4000244140625,980.7999877929688,3900,0.0,0.0
2024-10-28 14:35:00+09:00,980.5999755859375,980.5999755859375,980.4000244140625,980.5999755859375,3300,0.0,0.0
2024-10-28 14:36:00+09:00,980.5,980.7000122070312,980.2999877929688,980.7000122070312,3700,0.0,0.0
2024-10-28 14:37:00+09:00,980.7000122070312,980.7000122070312,980.2000122070312,980.2000122070312,3700,0.0,0.0
2024-10-28 14:38:00+09:00,980.4000244140625,980.4000244140625,980.0,980.2000122070312,2900,0.0,0.0
2024-10-28 14:39:00+09:00,980.0,980.0,979.9000244140625,979.9000244140625,200,0.0,0.0
2024-10-28 14:40:00+09:00,980.0999755859375,980.2000122070312,979.4000244140625,979.4000244140625,16800,0.0,0.0
2024-10-28 14:41:00+09:00,979.4000244140625,979.5,979.0,979.2000122070312,6400,0.0,0.0
2024-10-28 14:42:00+09:00,979.2000122070312,979.5,978.9000244140625,979.5,15800,0.0,0.0
2024-10-28 14:43:00+09:00,979.5999755859375,979.9000244140625,979.5,979.7999877929688,4200,0.0,0.0
2024-10-28 14:44:00+09:00,979.7999877929688,980.2000122070312,979.7000122070312,980.2000122070312,6400,0.0,0.0
2024-10-28 14:45:00+09:00,979.9000244140625,979.9000244140625,979.0999755859375,979.0999755859375,7700,0.0,0.0
2024-10-28 14:46:00+09:00,979.0999755859375,979.2000122070312,979.0999755859375,979.2000122070312,2700,0.0,0.0
2024-10-28 14:47:00+09:00,979.2000122070312,980.0,979.2000122070312,980.0,10500,0.0,0.0
2024-10-28 14:48:00+09:00,979.9000244140625,980.0999755859375,979.5999755859375,980.0999755859375,10000,0.0,0.0
2024-10-28 14:49:00+09:00,980.0999755859375,980.2999877929688,979.9000244140625,980.0,9000,0.0,0.0
2024-10-28 14:50:00+09:00,979.7999877929688,979.9000244140625,979.0,979.9000244140625,10200,0.0,0.0
2024-10-28 14:51:00+09:00,979.9000244140625,980.2000122070312,979.9000244140625,980.0999755859375,4300,0.0,0.0
2024-10-28 14:52:00+09:00,980.0,980.2000122070312,979.7999877929688,980.0,11200,0.0,0.0
2024-10-28 14:53:00+09:00,980.2000122070312,980.7000122070312,980.2000122070312,980.7000122070312,15300,0.0,0.0
2024-10-28 14:54:00+09:00,980.7999877929688,980.7999877929688,980.7999877929688,980.7999877929688,100,0.0,0.0
2024-10-28 14:56:00+09:00,979.9000244140625,979.9000244140625,979.9000244140625,979.9000244140625,25800,0.0,0.0
2024-10-28 14:57:00+09:00,979.9000244140625,980.0999755859375,979.7000122070312,980.0999755859375,21200,0.0,0.0
2024-10-28 14:58:00+09:00,980.2000122070312,980.2000122070312,979.5999755859375,979.7000122070312,13200,0.0,0.0
2024-10-28 14:59:00+09:00,979.7000122070312,980.0,978.4000244140625,979.2999877929688,20300,0.0,0.0
2024-10-29 09:00:00+09:00,985.7000122070312,987.5,982.5999755859375,982.5999755859375,124100,0.0,0.0
2024-10-29 09:01:00+09:00,982.0999755859375,991.9000244140625,982.0999755859375,989.7000122070312,87100,0.0,0.0
2024-10-29 09:02:00+09:00,990.0999755859375,990.0999755859375,987.4000244140625,988.0,14900,0.0,0.0
2024-10-29 09:03:00+09:00,986.5,989.7999877929688,986.5,989.7999877929688,15800,0.0,0.0
2024-10-29 09:04:00+09:00,989.9000244140625,991.0,988.0,988.0,7300,0.0,0.0
2024-10-29 09:05:00+09:00,987.4000244140625,988.0999755859375,986.4000244140625,987.5999755859375,20200,0.0,0.0
2024-10-29 09:06:00+09:00,987.9000244140625,989.7000122070312,987.5999755859375,987.9000244140625,41500,0.0,0.0
2024-10-29 09:07:00+09:00,988.0,989.0,987.4000244140625,987.9000244140625,25300,0.0,0.0
2024-10-29 09:08:00+09:00,987.7000122070312,987.7000122070312,986.0,986.5,11200,0.0,0.0
2024-10-29 09:09:00+09:00,986.2000122070312,986.2000122070312,984.0,985.0,14700,0.0,0.0
2024-10-29 09:10:00+09:00,985.0,986.5999755859375,985.0,986.5999755859375,6500,0.0,0.0
2024-10-29 09:11:00+09:00,986.7000122070312,991.0,986.5999755859375,990.2999877929688,108300,0.0,0.0
2024-10-29 09:12:00+09:00,990.2000122070312,990.2000122070312,989.2999877929688,989.4000244140625,2000,0.0,0.0
2024-10-29 09:13:00+09:00,987.7999877929688,988.2000122070312,987.7999877929688,988.2000122070312,800,0.0,0.0
2024-10-29 09:14:00+09:00,987.2000122070312,988.7999877929688,987.2000122070312,988.7999877929688,1900,0.0,0.0
2024-10-29 09:15:00+09:00,988.2000122070312,988.7000122070312,988.0999755859375,988.0999755859375,1600,0.0,0.0
2024-10-29 09:16:00+09:00,987.7000122070312,987.7000122070312,987.2000122070312,987.5999755859375,900,0.0,0.0
2024-10-29 09:17:00+09:00,987.2999877929688,988.4000244140625,987.2000122070312,987.2000122070312,5100,0.0,0.0
2024-10-29 09:18:00+09:00,987.4000244140625,987.7999877929688,987.4000244140625,987.7999877929688,1600,0.0,0.0
2024-10-29 09:19:00+09:00,987.9000244140625,988.9000244140625,987.7999877929688,988.7999877929688,3700,0.0,0.0
2024-10-29 09:20:00+09:00,989.0,989.0,988.2999877929688,988.5999755859375,1300,0.0,0.0
2024-10-29 09:21:00+09:00,987.7000122070312,987.9000244140625,986.5,986.9000244140625,3400,0.0,0.0
2024-10-29 09:22:00+09:00,986.9000244140625,986.9000244140625,985.7000122070312,985.7000122070312,3800,0.0,0.0
2024-10-29 09:23:00+09:00,986.0999755859375,986.0999755859375,985.7999877929688,985.7999877929688,400,0.0,0.0
2024-10-29 09:24:00+09:00,985.9000244140625,986.0,985.7999877929688,985.9000244140625,2200,0.0,0.0
2024-10-29 09:25:00+09:00,985.5,985.5,984.7000122070312,985.5,4000,0.0,0.0
2024-10-29 09:26:00+09:00,985.5,985.5,985.5,985.5,100,0.0,0.0
2024-10-29 09:27:00+09:00,985.5,986.0999755859375,985.5,985.5999755859375,9400,0.0,0.0
2024-10-29 09:28:00+09:00,985.5999755859375,986.2000122070312,985.5,986.2000122070312,5900,0.0,0.0
2024-10-29 09:29:00+09:00,986.2000122070312,986.2000122070312,986.0,986.0999755859375,1800,0.0,0.0
2024-10-29 09:30:00+09:00,985.4000244140625,985.5,984.7999877929688,985.2999877929688,5700,0.0,0.0
2024-10-29 09:31:00+09:00,985.5,985.5,985.2999877929688,985.2999877929688,1200,0.0,0.0
2024-10-29 09:32:00+09:00,985.2999877929688,985.5,984.7000122070312,984.7000122070312,2000,0.0,0.0
2024-10-29 09:33:00+09:00,984.7000122070312,985.9000244140625,984.4000244140625,985.5,12100,0.0,0.0
2024-10-29 09:34:00+09:00,985.0,985.4000244140625,984.5,985.4000244140625,5100,0.0,0.0
2024-10-29 09:35:00+09:00,985.5,986.9000244140625,985.2999877929688,986.7999877929688,11500,0.0,0.0
2024-10-29 09:36:00+09:00,986.5999755859375,987.2000122070312,986.5999755859375,987.0,3700,0.0,0.0
2024-10-29 09:37:00+09:00,986.7000122070312,987.2999877929688,986.2999877929688,986.7999877929688,6300,0.0,0.0
2024-10-29 09:38:00+09:00,986.9000244140625,986.9000244140625,986.2000122070312,986.7999877929688,8500,0.0,0.0
2024-10-29 09:39:00+09:00,986.5,987.7000122070312,986.5,987.2999877929688,10000,0.0,0.0
2024-10-29 09:40:00+09:00,987.0999755859375,987.0999755859375,987.0999755859375,987.0999755859375,100,0.0,0.0
2024-10-29 09:41:00+09:00,986.7000122070312,987.2999877929688,986.7000122070312,987.2999877929688,1400,0.0,0.0
2024-10-29 09:42:00+09:00,987.4000244140625,987.4000244140625,987.4000244140625,987.4000244140625,100,0.0,0.0
2024-10-29 09:43:00+09:00,987.0,987.0,987.0,987.0,900,0.0,0.0
2024-10-29 09:44:00+09:00,987.0,987.0,987.0,987.0,0,0.0,0.0
2024-10-29 09:45:00+09:00,987.0999755859375,987.2000122070312,986.5,986.9000244140625,603800,0.0,0.0
2024-10-29 09:46:00+09:00,986.7000122070312,987.0999755859375,986.5999755859375,986.7999877929688,9600,0.0,0.0
2024-10-29 09:47:00+09:00,986.5999755859375,986.7000122070312,986.4000244140625,986.7000122070312,9000,0.0,0.0
2024-10-29 09:48:00+09:00,986.7999877929688,987.4000244140625,986.7999877929688,987.4000244140625,11200,0.0,0.0
2024-10-29 09:49:00+09:00,987.5,988.5,987.5,988.5,22100,0.0,0.0
2024-10-29 09:50:00+09:00,988.2999877929688,988.7000122070312,988.0,988.0999755859375,4600,0.0,0.0
2024-10-29 09:51:00+09:00,988.2000122070312,988.5999755859375,988.2000122070312,988.5999755859375,2100,0.0,0.0
2024-10-29 09:52:00+09:00,988.5,989.2000122070312,988.5,989.0999755859375,11200,0.0,0.0
2024-10-29 09:53:00+09:00,989.2000122070312,990.5,989.0999755859375,990.2999877929688,29300,0.0,0.0
2024-10-29 09:54:00+09:00,990.0,990.0999755859375,990.0,990.0999755859375,600,0.0,0.0
2024-10-29 09:55:00+09:00,990.0999755859375,990.0999755859375,990.0,990.0,500,0.0,0.0
2024-10-29 09:56:00+09:00,989.9000244140625,990.5999755859375,989.9000244140625,990.5999755859375,5500,0.0,0.0
2024-10-29 09:58:00+09:00,990.5999755859375,990.5999755859375,990.5999755859375,990.5999755859375,0,0.0,0.0
2024-10-29 09:59:00+09:00,989.9000244140625,990.5999755859375,989.9000244140625,990.4000244140625,714800,0.0,0.0
2024-10-29 10:00:00+09:00,990.0,990.4000244140625,990.0,990.4000244140625,400,0.0,0.0
2024-10-29 10:02:00+09:00,991.7999877929688,992.0,991.5,991.5,16300,0.0,0.0
2024-10-29 10:03:00+09:00,991.4000244140625,991.9000244140625,991.2999877929688,991.7999877929688,6600,0.0,0.0
2024-10-29 10:04:00+09:00,991.5,991.7999877929688,991.5,991.5999755859375,3900,0.0,0.0
2024-10-29 10:05:00+09:00,991.2999877929688,991.5999755859375,991.2000122070312,991.4000244140625,6900,0.0,0.0
2024-10-29 10:06:00+09:00,991.2999877929688,991.4000244140625,990.7000122070312,991.2000122070312,13500,0.0,0.0
2024-10-29 10:08:00+09:00,990.5,991.4000244140625,990.4000244140625,991.2999877929688,6500,0.0,0.0
2024-10-29 10:10:00+09:00,991.2999877929688,991.4000244140625,991.0,991.4000244140625,5900,0.0,0.0
2024-10-29 10:11:00+09:00,991.4000244140625,991.5999755859375,991.4000244140625,991.4000244140625,1400,0.0,0.0
2024-10-29 10:12:00+09:00,991.0,991.0999755859375,989.7000122070312,990.5,14200,0.0,0.0
2024-10-29 10:13:00+09:00,990.2999877929688,990.7999877929688,989.7000122070312,989.9000244140625,6600,0.0,0.0
2024-10-29 10:14:00+09:00,990.4000244140625,991.0999755859375,990.2000122070312,990.9000244140625,6200,0.0,0.0
2024-10-29 10:15:00+09:00,990.4000244140625,990.5999755859375,990.2999877929688,990.5,2900,0.0,0.0
2024-10-29 10:16:00+09:00,989.9000244140625,989.9000244140625,989.7999877929688,989.7999877929688,200,0.0,0.0
2024-10-29 10:17:00+09:00,989.7000122070312,990.5,989.7000122070312,990.0,6800,0.0,0.0
2024-10-29 10:18:00+09:00,990.2999877929688,990.5,989.9000244140625,990.0999755859375,6100,0.0,0.0
2024-10-29 10:19:00+09:00,990.2999877929688,990.4000244140625,990.0,990.4000244140625,3500,0.0,0.0
2024-10-29 10:20:00+09:00,990.5,991.0,990.2000122070312,990.9000244140625,11600,0.0,0.0
2024-10-29 10:21:00+09:00,991.0,991.2000122070312,990.4000244140625,991.2000122070312,8700,0.0,0.0
2024-10-29 10:22:00+09:00,990.7000122070312,990.7999877929688,990.5,990.5,5800,0.0,0.0
2024-10-29 10:23:00+09:00,990.5999755859375,991.5,990.5999755859375,991.2000122070312,7500,0.0,0.0
2024-10-29 10:24:00+09:00,991.0,992.2000122070312,991.0,992.2000122070312,11800,0.0,0.0
2024-10-29 10:25:00+09:00,992.2000122070312,992.2999877929688,991.9000244140625,992.0999755859375,2600,0.0,0.0
2024-10-29 10:26:00+09:00,992.2999877929688,993.2999877929688,992.2999877929688,993.2999877929688,7700,0.0,0.0
2024-10-29 10:27:00+09:00,993.2000122070312,994.0999755859375,993.0999755859375,994.0999755859375,2000,0.0,0.0
2024-10-29 10:28:00+09:00,994.0999755859375,995.9000244140625,994.0999755859375,995.7000122070312,12400,0.0,0.0
2024-10-29 10:29:00+09:00,995.5,997.5999755859375,995.4000244140625,997.5999755859375,18300,0.0,0.0
2024-10-29 10:30:00+09:00,997.4000244140625,997.5,996.4000244140625,996.5999755859375,2900,0.0,0.0
2024-10-29 10:31:00+09:00,996.4000244140625,996.4000244140625,995.9000244140625,995.9000244140625,1800,0.0,0.0
2024-10-29 10:32:00+09:00,995.5999755859375,996.2000122070312,995.5999755859375,995.9000244140625,3800,0.0,0.0
2024-10-29 10:33:00+09:00,996.0,996.0,995.5,995.5,1400,0.0,0.0
2024-10-29 10:34:00+09:00,995.0,995.2000122070312,994.7000122070312,995.2000122070312,3100,0.0,0.0
2024-10-29 10:35:00+09:00,995.2000122070312,995.2999877929688,994.7999877929688,995.0999755859375,1300,0.0,0.0
2024-10-29 10:36:00+09:00,995.2000122070312,995.7000122070312,995.0999755859375,995.7000122070312,7600,0.0,0.0
2024-10-29 10:37:00+09:00,995.5,995.5,995.2000122070312,995.2999877929688,600,0.0,0.0
2024-10-29 10:38:00+09:00,995.0999755859375,995.5,994.7999877929688,995.5,7600,0.0,0.0
2024-10-29 10:39:00+09:00,995.2000122070312,995.7999877929688,995.2000122070312,995.5999755859375,2800,0.0,0.0
2024-10-29 10:40:00+09:00,995.4000244140625,995.9000244140625,995.4000244140625,995.7000122070312,3300,0.0,0.0
2024-10-29 10:41:00+09:00,995.5999755859375,996.5999755859375,995.5999755859375,996.0999755859375,22700,0.0,0.0
2024-10-29 10:42:00+09:00,995.9000244140625,995.9000244140625,995.2999877929688,995.4000244140625,1700,0.0,0.0
2024-10-29 10:43:00+09:00,995.0,995.2999877929688,994.5,995.2999877929688,3900,0.0,0.0
2024-10-29 10:44:00+09:00,994.7000122070312,994.7000122070312,994.7000122070312,994.7000122070312,200,0.0,0.0
2024-10-29 10:45:00+09:00,994.7999877929688,995.0999755859375,994.7999877929688,994.9000244140625,5000,0.0,0.0
2024-10-29 10:46:00+09:00,994.5,994.7000122070312,994.4000244140625,994.7000122070312,2000,0.0,0.0
2024-10-29 10:47:00+09:00,994.2999877929688,994.9000244140625,994.2000122070312,994.5999755859375,5500,0.0,0.0
2024-10-29 10:48:00+09:00,994.5999755859375,994.5999755859375,994.2999877929688,994.2999877929688,900,0.0,0.0
2024-10-29 10:49:00+09:00,994.5,994.7000122070312,994.4000244140625,994.5999755859375,6500,0.0,0.0
2024-10-29 10:50:00+09:00,994.5,995.0,994.2999877929688,994.9000244140625,7100,0.0,0.0
2024-10-29 10:51:00+09:00,994.0999755859375,994.0999755859375,994.0999755859375,994.0999755859375,16900,0.0,0.0
2024-10-29 10:52:00+09:00,993.9000244140625,993.9000244140625,993.7000122070312,993.7999877929688,1200,0.0,0.0
2024-10-29 10:53:00+09:00,993.4000244140625,993.5999755859375,993.0,993.4000244140625,10200,0.0,0.0
2024-10-29 10:54:00+09:00,993.4000244140625,993.5999755859375,993.4000244140625,993.5,2000,0.0,0.0
2024-10-29 10:55:00+09:00,993.5,994.2000122070312,993.5,994.2000122070312,3900,0.0,0.0
2024-10-29 10:56:00+09:00,994.0,994.2000122070312,994.0,994.0,2500,0.0,0.0
2024-10-29 10:57:00+09:00,994.0,994.0,993.7999877929688,994.0,2000,0.0,0.0
2024-10-29 10:58:00+09:00,994.0,994.2999877929688,993.7000122070312,994.2000122070312,5400,0.0,0.0
2024-10-29 10:59:00+09:00,994.0999755859375,994.0999755859375,994.0999755859375,994.0999755859375,200,0.0,0.0
2024-10-29 11:00:00+09:00,993.9000244140625,994.4000244140625,992.9000244140625,994.2000122070312,9000,0.0,0.0
2024-10-29 11:01:00+09:00,994.0,994.0,993.7000122070312,994.0,1600,0.0,0.0
2024-10-29 11:02:00+09:00,993.7999877929688,993.9000244140625,993.7999877929688,993.9000244140625,1200,0.0,0.0
2024-10-29 11:03:00+09:00,993.7000122070312,993.7999877929688,993.7000122070312,993.7000122070312,1900,0.0,0.0
2024-10-29 11:04:00+09:00,993.5999755859375,994.4000244140625,993.5999755859375,994.4000244140625,6200,0.0,0.0
2024-10-29 11:05:00+09:00,994.2000122070312,994.2999877929688,994.2000122070312,994.2999877929688,1100,0.0,0.0
2024-10-29 11:06:00+09:00,994.4000244140625,994.9000244140625,994.4000244140625,994.7999877929688,6000,0.0,0.0
2024-10-29 11:08:00+09:00,994.7000122070312,996.0,994.7000122070312,995.5,37300,0.0,0.0
2024-10-29 11:09:00+09:00,995.5,997.0,995.5,996.7999877929688,19800,0.0,0.0
2024-10-29 11:10:00+09:00,996.9000244140625,996.9000244140625,996.4000244140625,996.4000244140625,6000,0.0,0.0
2024-10-29 11:11:00+09:00,996.4000244140625,996.5,996.4000244140625,996.5,600,0.0,0.0
2024-10-29 11:12:00+09:00,995.7999877929688,996.2000122070312,995.4000244140625,996.2000122070312,4700,0.0,0.0
2024-10-29 11:13:00+09:00,996.2999877929688,996.2999877929688,995.5999755859375,995.5999755859375,300,0.0,0.0
2024-10-29 11:14:00+09:00,995.5999755859375,995.5999755859375,995.5999755859375,995.5999755859375,100,0.0,0.0
2024-10-29 11:15:00+09:00,995.5999755859375,996.2000122070312,995.5,995.5,11500,0.0,0.0
2024-10-29 11:16:00+09:00,995.5,995.7000122070312,995.5,995.7000122070312,4400,0.0,0.0
2024-10-29 11:17:00+09:00,995.7000122070312,995.7000122070312,995.5999755859375,995.5999755859375,3300,0.0,0.0
2024-10-29 11:18:00+09:00,995.5999755859375,995.9000244140625,995.4000244140625,995.9000244140625,9500,0.0,0.0
2024-10-29 11:19:00+09:00,995.7000122070312,995.7999877929688,995.7000122070312,995.7000122070312,1600,0.0,0.0
2024-10-29 11:20:00+09:00,995.9000244140625,996.0999755859375,995.7000122070312,996.0999755859375,7800,0.0,0.0
2024-10-29 11:21:00+09:00,995.5999755859375,995.9000244140625,995.2000122070312,995.7000122070312,8600,0.0,0.0
2024-10-29 11:22:00+09:00,995.4000244140625,995.5999755859375,995.2999877929688,995.2999877929688,6400,0.0,0.0
2024-10-29 11:23:00+09:00,995.2999877929688,995.2999877929688,994.5999755859375,994.7999877929688,9000,0.0,0.0
2024-10-29 11:24:00+09:00,994.5999755859375,994.7999877929688,994.5999755859375,994.7000122070312,3000,0.0,0.0
2024-10-29 11:25:00+09:00,994.7000122070312,994.7999877929688,994.4000244140625,994.7000122070312,8200,0.0,0.0
2024-10-29 11:26:00+09:00,994.7000122070312,994.9000244140625,994.5,994.7000122070312,6600,0.0,0.0
2024-10-29 11:27:00+09:00,994.7000122070312,994.9000244140625,994.5999755859375,994.5999755859375,1600,0.0,0.0
2024-10-29 11:28:00+09:00,994.5999755859375,994.7999877929688,994.5999755859375,994.5999755859375,2700,0.0,0.0
2024-10-29 11:29:00+09:00,994.5999755859375,995.0999755859375,994.2000122070312,994.5999755859375,5100,0.0,0.0
2024-10-29 11:30:00+09:00,994.5999755859375,994.5999755859375,994.5999755859375,994.5999755859375,800,0.0,0.0
2024-10-29 11:35:00+09:00,994.5999755859375,994.5999755859375,994.5999755859375,994.5999755859375,0,0.0,0.0
2024-10-29 12:30:00+09:00,992.9000244140625,996.9000244140625,992.9000244140625,996.9000244140625,1283800,0.0,0.0
2024-10-29 12:31:00+09:00,996.5,996.7999877929688,996.0999755859375,996.7999877929688,4800,0.0,0.0
2024-10-29 12:32:00+09:00,996.5,997.5,995.9000244140625,997.5,28600,0.0,0.0
2024-10-29 12:33:00+09:00,997.0999755859375,997.2000122070312,996.7000122070312,996.7000122070312,900,0.0,0.0
2024-10-29 12:34:00+09:00,996.9000244140625,999.0,996.9000244140625,998.5999755859375,46100,0.0,0.0
2024-10-29 12:36:00+09:00,998.0999755859375,998.2999877929688,998.0,998.0999755859375,14300,0.0,0.0
2024-10-29 12:37:00+09:00,998.0,998.0,997.7000122070312,997.9000244140625,900,0.0,0.0
2024-10-29 12:38:00+09:00,998.0999755859375,998.5999755859375,998.0999755859375,998.2999877929688,6900,0.0,0.0
2024-10-29 12:39:00+09:00,997.9000244140625,998.5,997.2000122070312,998.5,8300,0.0,0.0
2024-10-29 12:40:00+09:00,998.5,999.5,998.5,999.4000244140625,8300,0.0,0.0
2024-10-29 12:41:00+09:00,999.0999755859375,999.0999755859375,997.5999755859375,997.5999755859375,2700,0.0,0.0
2024-10-29 12:42:00+09:00,998.0,998.2999877929688,996.9000244140625,998.2999877929688,7300,0.0,0.0
2024-10-29 12:43:00+09:00,998.2000122070312,998.2000122070312,997.5999755859375,997.9000244140625,900,0.0,0.0
2024-10-29 12:44:00+09:00,998.0,998.0,997.2999877929688,997.9000244140625,3400,0.0,0.0
2024-10-29 12:45:00+09:00,998.0,998.4000244140625,998.0,998.2000122070312,6300,0.0,0.0
2024-10-29 12:46:00+09:00,998.0,998.2000122070312,997.7000122070312,997.7000122070312,6400,0.0,0.0
2024-10-29 12:47:00+09:00,997.9000244140625,997.9000244140625,997.4000244140625,997.4000244140625,600,0.0,0.0
2024-10-29 12:48:00+09:00,997.7999877929688,997.9000244140625,996.7999877929688,996.9000244140625,12200,0.0,0.0
2024-10-29 12:49:00+09:00,997.0999755859375,997.2999877929688,997.0999755859375,997.2999877929688,1100,0.0,0.0
2024-10-29 12:50:00+09:00,996.9000244140625,997.2000122070312,996.7999877929688,996.7999877929688,2200,0.0,0.0
2024-10-29 12:51:00+09:00,996.7999877929688,997.4000244140625,996.7000122070312,996.7000122070312,5600,0.0,0.0
2024-10-29 12:52:00+09:00,996.7000122070312,997.0999755859375,996.7000122070312,997.0,3200,0.0,0.0
2024-10-29 12:53:00+09:00,997.0,997.0999755859375,996.5,996.5,5100,0.0,0.0
2024-10-29 12:54:00+09:00,996.5999755859375,996.9000244140625,996.4000244140625,996.7999877929688,7400,0.0,0.0
2024-10-29 12:55:00+09:00,996.7999877929688,996.7999877929688,996.4000244140625,996.4000244140625,800,0.0,0.0
2024-10-29 12:56:00+09:00,996.4000244140625,996.5999755859375,996.4000244140625,996.5,4600,0.0,0.0
2024-10-29 12:57:00+09:00,996.2999877929688,996.4000244140625,996.2000122070312,996.4000244140625,6500,0.0,0.0
2024-10-29 12:58:00+09:00,996.2000122070312,996.2999877929688,995.2999877929688,995.7000122070312,17300,0.0,0.0
2024-10-29 12:59:00+09:00,995.7999877929688,996.0,995.7999877929688,996.0,6500,0.0,0.0
2024-10-29 13:00:00+09:00,996.0,996.0999755859375,995.9000244140625,996.0,11700,0.0,0.0
2024-10-29 13:01:00+09:00,996.0,996.2999877929688,996.0,996.2999877929688,5700,0.0,0.0
2024-10-29 13:02:00+09:00,996.2000122070312,996.2999877929688,996.2000122070312,996.2000122070312,2100,0.0,0.0
2024-10-29 13:03:00+09:00,996.2000122070312,996.2999877929688,996.2000122070312,996.2000122070312,5800,0.0,0.0
2024-10-29 13:04:00+09:00,996.0999755859375,996.2999877929688,996.0,996.2000122070312,8500,0.0,0.0
2024-10-29 13:05:00+09:00,996.2000122070312,996.2999877929688,996.0,996.0,12800,0.0,0.0
2024-10-29 13:06:00+09:00,996.0,996.4000244140625,995.7999877929688,996.2999877929688,11700,0.0,0.0
2024-10-29 13:07:00+09:00,996.4000244140625,996.5,994.5999755859375,995.2000122070312,27500,0.0,0.0
2024-10-29 13:08:00+09:00,995.0999755859375,995.2999877929688,994.4000244140625,994.5999755859375,7700,0.0,0.0
2024-10-29 13:09:00+09:00,994.5999755859375,994.5999755859375,994.2000122070312,994.5,4200,0.0,0.0
2024-10-29 13:10:00+09:00,994.0999755859375,995.7999877929688,993.0,995.5,14600,0.0,0.0
2024-10-29 13:11:00+09:00,995.7999877929688,995.7999877929688,995.4000244140625,995.4000244140625,400,0.0,0.0
2024-10-29 13:12:00+09:00,995.0,995.5999755859375,994.9000244140625,995.2000122070312,18100,0.0,0.0
2024-10-29 13:13:00+09:00,994.7999877929688,994.9000244140625,994.2999877929688,994.2999877929688,700,0.0,0.0
2024-10-29 13:14:00+09:00,993.7000122070312,994.2000122070312,993.2000122070312,993.2000122070312,6300,0.0,0.0
2024-10-29 13:15:00+09:00,993.2000122070312,994.7000122070312,993.2000122070312,994.7000122070312,8900,0.0,0.0
2024-10-29 13:16:00+09:00,994.5999755859375,995.0,994.2000122070312,995.0,5500,0.0,0.0
2024-10-29 13:17:00+09:00,994.7000122070312,994.9000244140625,994.7000122070312,994.7000122070312,1700,0.0,0.0
2024-10-29 13:18:00+09:00,994.7000122070312,995.2000122070312,994.2000122070312,994.2000122070312,5500,0.0,0.0
2024-10-29 13:19:00+09:00,994.2000122070312,995.0,994.0999755859375,994.7000122070312,3600,0.0,0.0
2024-10-29 13:20:00+09:00,994.5999755859375,994.7999877929688,994.0999755859375,994.0999755859375,6900,0.0,0.0
2024-10-29 13:21:00+09:00,994.0999755859375,995.0,994.0999755859375,994.9000244140625,4700,0.0,0.0
2024-10-29 13:22:00+09:00,994.4000244140625,994.5,994.0999755859375,994.5,3000,0.0,0.0
2024-10-29 13:23:00+09:00,994.4000244140625,994.5,994.0,994.0,2400,0.0,0.0
2024-10-29 13:24:00+09:00,994.0,994.5,994.0,994.2000122070312,4700,0.0,0.0
2024-10-29 13:25:00+09:00,994.0,994.5,994.0,994.0,4800,0.0,0.0
2024-10-29 13:26:00+09:00,994.0,994.5999755859375,994.0,994.5,6000,0.0,0.0
2024-10-29 13:27:00+09:00,994.5,994.7000122070312,994.4000244140625,994.7000122070312,3800,0.0,0.0
2024-10-29 13:28:00+09:00,994.4000244140625,994.4000244140625,993.0,993.5999755859375,10000,0.0,0.0
2024-10-29 13:29:00+09:00,993.7000122070312,994.2999877929688,993.5999755859375,994.0999755859375,8600,0.0,0.0
2024-10-29 13:30:00+09:00,994.0,994.0,993.5,993.5,1300,0.0,0.0
2024-10-29 13:31:00+09:00,993.5999755859375,994.2999877929688,993.5999755859375,994.2999877929688,5400,0.0,0.0
2024-10-29 13:32:00+09:00,993.7999877929688,994.7000122070312,993.7999877929688,994.5999755859375,8200,0.0,0.0
2024-10-29 13:33:00+09:00,994.4000244140625,994.7999877929688,994.4000244140625,994.7999877929688,1700,0.0,0.0
2024-10-29 13:34:00+09:00,994.7000122070312,994.7000122070312,993.7999877929688,994.5999755859375,8000,0.0,0.0
2024-10-29 13:35:00+09:00,994.7000122070312,994.7000122070312,994.2999877929688,994.2999877929688,1500,0.0,0.0
2024-10-29 13:36:00+09:00,994.2999877929688,994.7000122070312,994.2999877929688,994.5999755859375,4500,0.0,0.0
2024-10-29 13:37:00+09:00,994.5,994.5,993.5,993.5,1000,0.0,0.0
2024-10-29 13:38:00+09:00,993.5,994.2000122070312,993.5,993.9000244140625,7200,0.0,0.0
2024-10-29 13:39:00+09:00,993.4000244140625,994.4000244140625,993.4000244140625,994.2999877929688,4000,0.0,0.0
2024-10-29 13:40:00+09:00,994.2999877929688,994.4000244140625,993.5,994.0999755859375,7400,0.0,0.0
2024-10-29 13:41:00+09:00,994.0,994.0999755859375,994.0,994.0999755859375,3000,0.0,0.0
2024-10-29 13:42:00+09:00,993.5999755859375,994.2999877929688,993.5,994.0999755859375,6500,0.0,0.0
2024-10-29 13:43:00+09:00,994.0,994.0,993.2999877929688,993.2999877929688,1800,0.0,0.0
2024-10-29 13:44:00+09:00,993.0,993.0999755859375,992.5,993.0999755859375,6800,0.0,0.0
2024-10-29 13:45:00+09:00,992.7999877929688,993.2000122070312,992.4000244140625,993.0,5800,0.0,0.0
2024-10-29 13:46:00+09:00,993.0,993.0,992.5999755859375,992.9000244140625,3900,0.0,0.0
2024-10-29 13:47:00+09:00,992.4000244140625,993.2000122070312,992.4000244140625,993.0999755859375,4700,0.0,0.0
2024-10-29 13:48:00+09:00,993.0999755859375,993.4000244140625,993.0999755859375,993.0999755859375,5300,0.0,0.0
2024-10-29 13:49:00+09:00,992.5999755859375,993.5999755859375,992.5999755859375,993.5999755859375,6000,0.0,0.0
2024-10-29 13:50:00+09:00,993.5999755859375,993.5999755859375,992.9000244140625,993.4000244140625,3400,0.0,0.0
2024-10-29 13:51:00+09:00,993.2999877929688,993.5,993.0999755859375,993.2999877929688,3200,0.0,0.0
2024-10-29 13:52:00+09:00,993.2999877929688,993.5,993.2999877929688,993.2999877929688,3600,0.0,0.0
2024-10-29 13:53:00+09:00,993.0,993.2999877929688,992.7999877929688,992.7999877929688,4100,0.0,0.0
2024-10-29 13:54:00+09:00,992.7999877929688,993.0999755859375,992.7999877929688,992.7999877929688,4600,0.0,0.0
2024-10-29 13:55:00+09:00,992.5999755859375,992.9000244140625,992.2999877929688,992.7999877929688,6200,0.0,0.0
2024-10-29 13:56:00+09:00,992.2999877929688,992.2999877929688,991.5,991.7000122070312,11000,0.0,0.0
2024-10-29 13:57:00+09:00,991.7000122070312,992.0999755859375,991.5999755859375,991.7999877929688,3200,0.0,0.0
2024-10-29 13:58:00+09:00,991.2000122070312,991.4000244140625,991.0,991.0,1000,0.0,0.0
2024-10-29 13:59:00+09:00,991.0,991.0,990.2999877929688,990.4000244140625,9900,0.0,0.0
2024-10-29 14:00:00+09:00,990.2999877929688,991.5999755859375,990.2999877929688,991.5999755859375,10600,0.0,0.0
2024-10-29 14:01:00+09:00,991.7000122070312,992.5,991.7000122070312,992.5,4900,0.0,0.0
2024-10-29 14:02:00+09:00,992.5,992.9000244140625,992.2999877929688,992.5999755859375,6100,0.0,0.0
2024-10-29 14:03:00+09:00,992.7000122070312,992.7000122070312,992.0,992.0999755859375,2800,0.0,0.0
2024-10-29 14:04:00+09:00,991.9000244140625,992.2999877929688,991.9000244140625,992.2000122070312,3800,0.0,0.0
2024-10-29 14:05:00+09:00,992.2000122070312,992.4000244140625,991.5999755859375,992.2000122070312,6000,0.0,0.0
2024-10-29 14:06:00+09:00,992.2000122070312,992.4000244140625,991.9000244140625,992.4000244140625,2900,0.0,0.0
2024-10-29 14:07:00+09:00,992.4000244140625,992.5999755859375,992.2000122070312,992.5,3900,0.0,0.0
2024-10-29 14:08:00+09:00,992.5,992.5,992.5,992.5,100,0.0,0.0
2024-10-29 14:09:00+09:00,992.5,992.5,991.7999877929688,991.7999877929688,2700,0.0,0.0
2024-10-29 14:10:00+09:00,991.7000122070312,991.7999877929688,991.5999755859375,991.7999877929688,1200,0.0,0.0
2024-10-29 14:11:00+09:00,991.2999877929688,992.0,991.2999877929688,991.9000244140625,6600,0.0,0.0
2024-10-29 14:12:00+09:00,992.0,992.7000122070312,992.0,992.4000244140625,5300,0.0,0.0
2024-10-29 14:13:00+09:00,992.4000244140625,992.7000122070312,992.2999877929688,992.5999755859375,2500,0.0,0.0
2024-10-29 14:14:00+09:00,992.7000122070312,992.9000244140625,992.7000122070312,992.9000244140625,3900,0.0,0.0
2024-10-29 14:15:00+09:00,992.9000244140625,993.9000244140625,992.7000122070312,993.4000244140625,12600,0.0,0.0
2024-10-29 14:16:00+09:00,993.2999877929688,993.7999877929688,993.2999877929688,993.7999877929688,3200,0.0,0.0
2024-10-29 14:17:00+09:00,993.5,993.5,992.7999877929688,992.9000244140625,2000,0.0,0.0
2024-10-29 14:18:00+09:00,992.7000122070312,993.0,991.7999877929688,992.7000122070312,5200,0.0,0.0
2024-10-29 14:19:00+09:00,992.7999877929688,992.7999877929688,992.7000122070312,992.7000122070312,300,0.0,0.0
2024-10-29 14:20:00+09:00,992.2999877929688,992.9000244140625,992.2999877929688,992.5999755859375,8700,0.0,0.0
2024-10-29 14:21:00+09:00,992.7999877929688,992.7999877929688,992.0,992.0,2700,0.0,0.0
2024-10-29 14:22:00+09:00,992.2999877929688,992.4000244140625,992.0,992.0,1600,0.0,0.0
2024-10-29 14:23:00+09:00,992.4000244140625,992.4000244140625,991.9000244140625,991.9000244140625,1000,0.0,0.0
2024-10-29 14:24:00+09:00,991.9000244140625,993.0,991.9000244140625,993.0,9600,0.0,0.0
2024-10-29 14:25:00+09:00,992.9000244140625,993.0,992.7000122070312,993.0,2900,0.0,0.0
2024-10-29 14:26:00+09:00,993.0,993.5,993.0,993.5,4700,0.0,0.0
2024-10-29 14:27:00+09:00,993.4000244140625,993.7000122070312,993.2000122070312,993.4000244140625,3200,0.0,0.0
2024-10-29 14:28:00+09:00,993.2999877929688,993.2999877929688,992.5999755859375,992.7999877929688,2600,0.0,0.0
2024-10-29 14:29:00+09:00,992.9000244140625,993.0,992.7000122070312,993.0,3800,0.0,0.0
2024-10-29 14:30:00+09:00,992.7999877929688,992.7999877929688,992.5999755859375,992.5999755859375,1000,0.0,0.0
2024-10-29 14:31:00+09:00,992.5999755859375,992.7999877929688,992.5,992.5999755859375,5100,0.0,0.0
2024-10-29 14:32:00+09:00,992.7999877929688,992.7999877929688,992.0999755859375,992.0999755859375,1400,0.0,0.0
2024-10-29 14:33:00+09:00,992.0,992.5999755859375,991.9000244140625,992.5,7600,0.0,0.0
2024-10-29 14:34:00+09:00,992.5,992.9000244140625,992.4000244140625,992.9000244140625,6300,0.0,0.0
2024-10-29 14:35:00+09:00,993.0,993.0,992.5,992.7000122070312,3700,0.0,0.0
2024-10-29 14:36:00+09:00,992.7000122070312,992.7000122070312,992.2000122070312,992.2000122070312,2700,0.0,0.0
2024-10-29 14:37:00+09:00,992.2000122070312,992.7000122070312,992.0999755859375,992.5,6600,0.0,0.0
2024-10-29 14:38:00+09:00,992.4000244140625,992.7000122070312,992.2999877929688,992.5,5100,0.0,0.0
2024-10-29 14:39:00+09:00,992.5,992.7000122070312,992.5,992.5999755859375,4000,0.0,0.0
2024-10-29 14:40:00+09:00,992.7000122070312,992.7999877929688,992.4000244140625,992.5999755859375,8300,0.0,0.0
2024-10-29 14:41:00+09:00,992.5,992.7000122070312,992.0999755859375,992.2000122070312,6600,0.0,0.0
2024-10-29 14:42:00+09:00,992.0,992.5,991.5,992.5,13500,0.0,0.0
2024-10-29 14:43:00+09:00,992.2000122070312,992.4000244140625,991.7000122070312,992.2000122070312,7600,0.0,0.0
2024-10-29 14:44:00+09:00,992.2999877929688,992.2999877929688,992.0,992.2000122070312,1700,0.0,0.0
2024-10-29 14:45:00+09:00,992.0999755859375,993.7000122070312,992.0999755859375,993.5,19200,0.0,0.0
2024-10-29 14:46:00+09:00,993.5999755859375,994.5,993.2000122070312,994.2000122070312,18300,0.0,0.0
2024-10-29 14:47:00+09:00,994.0999755859375,994.2000122070312,993.4000244140625,993.5999755859375,4800,0.0,0.0
2024-10-29 14:48:00+09:00,993.2999877929688,993.7999877929688,993.2999877929688,993.4000244140625,7400,0.0,0.0
2024-10-29 14:49:00+09:00,993.4000244140625,994.0,993.2999877929688,993.7000122070312,6000,0.0,0.0
2024-10-29 14:50:00+09:00,993.5999755859375,993.9000244140625,993.2000122070312,993.4000244140625,5000,0.0,0.0
2024-10-29 14:51:00+09:00,993.4000244140625,993.7000122070312,993.0999755859375,993.4000244140625,5500,0.0,0.0
2024-10-29 14:52:00+09:00,993.2000122070312,993.7000122070312,993.0999755859375,993.2999877929688,10500,0.0,0.0
2024-10-29 14:53:00+09:00,993.4000244140625,993.5,993.0999755859375,993.5,7800,0.0,0.0
2024-10-29 14:54:00+09:00,993.4000244140625,994.2000122070312,993.4000244140625,994.2000122070312,9300,0.0,0.0
2024-10-29 14:55:00+09:00,994.2000122070312,994.2999877929688,993.9000244140625,994.2999877929688,10500,0.0,0.0
2024-10-29 14:56:00+09:00,994.2000122070312,994.2000122070312,993.2999877929688,993.2999877929688,5100,0.0,0.0
2024-10-29 14:57:00+09:00,993.5,994.4000244140625,993.5,994.2999877929688,16800,0.0,0.0
2024-10-29 14:58:00+09:00,994.2999877929688,994.4000244140625,994.2000122070312,994.2000122070312,600,0.0,0.0
2024-10-29 14:59:00+09:00,994.0999755859375,994.5999755859375,993.5,994.2999877929688,29600,0.0,0.0
2024-10-30 09:00:00+09:00,1005.0,1009.0,1001.5,1007.0,143500,0.0,0.0
2024-10-30 09:01:00+09:00,1006.5,1006.5,1002.5,1002.5,4700,0.0,0.0
2024-10-30 09:02:00+09:00,1004.0,1006.5,1002.5,1006.0,14400,0.0,0.0
2024-10-30 09:03:00+09:00,1005.5,1007.0,1005.5,1006.5,6900,0.0,0.0
2024-10-30 09:04:00+09:00,1007.0,1007.0,1006.0,1006.0,5000,0.0,0.0
2024-10-30 09:05:00+09:00,1005.0,1006.0,1004.5,1006.0,7300,0.0,0.0
2024-10-30 09:06:00+09:00,1006.5,1007.0,1003.5,1005.0,21500,0.0,0.0
2024-10-30 09:07:00+09:00,1004.0,1004.0,999.7000122070312,1001.5,25000,0.0,0.0
2024-10-30 09:08:00+09:00,1002.5,1002.5,998.7000122070312,998.7000122070312,5800,0.0,0.0
2024-10-30 09:09:00+09:00,998.7000122070312,1004.0,998.7000122070312,1003.5,66200,0.0,0.0
2024-10-30 09:10:00+09:00,1003.5,1005.0,1002.5,1005.0,23000,0.0,0.0
2024-10-30 09:11:00+09:00,1005.0,1006.0,1005.0,1005.5,13800,0.0,0.0
2024-10-30 09:12:00+09:00,1005.0,1005.5,1004.5,1004.5,2800,0.0,0.0
2024-10-30 09:13:00+09:00,1004.0,1006.5,1003.5,1006.0,40400,0.0,0.0
2024-10-30 09:14:00+09:00,1005.5,1005.5,1003.5,1003.5,1400,0.0,0.0
2024-10-30 09:15:00+09:00,1003.0,1003.5,1001.5,1002.0,9600,0.0,0.0
2024-10-30 09:16:00+09:00,1002.0,1004.0,1002.0,1003.0,8400,0.0,0.0
2024-10-30 09:17:00+09:00,1003.0,1003.0,1001.0,1001.5,3100,0.0,0.0
2024-10-30 09:18:00+09:00,1001.5,1002.0,1001.0,1001.0,9400,0.0,0.0
2024-10-30 09:19:00+09:00,1000.5,1001.0,1000.5,1001.0,2600,0.0,0.0
2024-10-30 09:20:00+09:00,1000.5,1001.5,999.7999877929688,1001.5,9700,0.0,0.0
2024-10-30 09:21:00+09:00,1001.5,1002.5,1001.5,1002.5,1500,0.0,0.0
2024-10-30 09:22:00+09:00,1002.0,1002.5,1002.0,1002.5,700,0.0,0.0
2024-10-30 09:23:00+09:00,1002.5,1004.5,1002.5,1004.5,3200,0.0,0.0
2024-10-30 09:24:00+09:00,1004.0,1004.0,1002.5,1003.0,1200,0.0,0.0
2024-10-30 09:25:00+09:00,1003.0,1003.0,1002.5,1003.0,4600,0.0,0.0
2024-10-30 09:26:00+09:00,1003.0,1003.5,1003.0,1003.0,900,0.0,0.0
2024-10-30 09:27:00+09:00,1003.0,1004.0,1003.0,1004.0,3200,0.0,0.0
2024-10-30 09:28:00+09:00,1004.5,1004.5,1004.0,1004.0,2800,0.0,0.0
2024-10-30 09:29:00+09:00,1004.5,1006.0,1004.5,1006.0,14000,0.0,0.0
2024-10-30 09:30:00+09:00,1006.0,1006.0,1005.0,1005.5,3700,0.0,0.0
2024-10-30 09:31:00+09:00,1005.0,1005.0,1005.0,1005.0,1100,0.0,0.0
2024-10-30 09:32:00+09:00,1004.5,1005.0,1004.5,1005.0,1600,0.0,0.0
2024-10-30 09:33:00+09:00,1005.0,1005.0,1004.5,1004.5,4400,0.0,0.0
2024-10-30 09:34:00+09:00,1004.5,1008.0,1004.5,1008.0,40600,0.0,0.0
2024-10-30 09:35:00+09:00,1008.0,1009.0,1008.0,1008.0,8300,0.0,0.0
2024-10-30 09:36:00+09:00,1007.5,1009.0,1007.0,1008.5,11600,0.0,0.0
2024-10-30 09:37:00+09:00,1008.5,1008.5,1008.0,1008.0,2800,0.0,0.0
2024-10-30 09:38:00+09:00,1007.5,1007.5,1006.5,1006.5,1300,0.0,0.0
2024-10-30 09:39:00+09:00,1005.5,1005.5,1004.5,1004.5,600,0.0,0.0
2024-10-30 09:40:00+09:00,1003.5,1004.5,1003.5,1004.5,4100,0.0,0.0
2024-10-30 09:41:00+09:00,1004.0,1005.0,1004.0,1004.5,5300,0.0,0.0
2024-10-30 09:42:00+09:00,1004.0,1004.0,1003.5,1004.0,6900,0.0,0.0
2024-10-30 09:43:00+09:00,1003.0,1003.0,1003.0,1003.0,7500,0.0,0.0
2024-10-30 09:44:00+09:00,1002.5,1002.5,1002.0,1002.0,5800,0.0,0.0
2024-10-30 09:45:00+09:00,1001.5,1002.5,1001.5,1002.5,4000,0.0,0.0
2024-10-30 09:46:00+09:00,1002.5,1002.5,1002.5,1002.5,800,0.0,0.0
2024-10-30 09:47:00+09:00,1002.0,1002.5,1001.5,1002.0,3400,0.0,0.0
2024-10-30 09:48:00+09:00,1002.5,1002.5,1002.0,1002.0,400,0.0,0.0
2024-10-30 09:49:00+09:00,1002.5,1002.5,1002.5,1002.5,1900,0.0,0.0
2024-10-30 09:50:00+09:00,1002.0,1002.0,1002.0,1002.0,300,0.0,0.0
2024-10-30 09:51:00+09:00,1002.5,1003.0,1002.0,1002.5,3800,0.0,0.0
2024-10-30 09:52:00+09:00,1003.0,1003.5,1003.0,1003.0,6100,0.0,0.0
2024-10-30 09:53:00+09:00,1003.0,1003.0,1002.5,1002.5,500,0.0,0.0
2024-10-30 09:54:00+09:00,1002.5,1002.5,1002.5,1002.5,700,0.0,0.0
2024-10-30 09:55:00+09:00,1002.0,1002.0,1001.0,1001.5,1600,0.0,0.0
2024-10-30 09:57:00+09:00,1000.5,1000.5,1000.5,1000.5,11900,0.0,0.0
2024-10-30 09:58:00+09:00,1000.5,1000.5,1000.5,1000.5,300,0.0,0.0
2024-10-30 09:59:00+09:00,1000.5,1000.5,1000.5,1000.5,100,0.0,0.0
2024-10-30 10:01:00+09:00,1001.0,1001.5,1001.0,1001.5,8200,0.0,0.0
2024-10-30 10:02:00+09:00,1001.5,1001.5,1001.0,1001.0,700,0.0,0.0
2024-10-30 10:03:00+09:00,1001.5,1001.5,1001.0,1001.0,400,0.0,0.0
2024-10-30 10:04:00+09:00,1001.0,1001.0,1001.0,1001.0,800,0.0,0.0
2024-10-30 10:05:00+09:00,1001.0,1001.0,1000.5,1001.0,500,0.0,0.0
2024-10-30 10:06:00+09:00,1001.0,1001.5,1001.0,1001.5,1100,0.0,0.0
2024-10-30 10:07:00+09:00,1001.0,1002.5,1001.0,1002.5,2900,0.0,0.0
2024-10-30 10:08:00+09:00,1002.5,1002.5,1002.5,1002.5,2000,0.0,0.0
2024-10-30 10:10:00+09:00,1001.5,1002.5,1001.5,1002.0,2400,0.0,0.0
2024-10-30 10:11:00+09:00,1002.5,1004.0,1002.5,1003.5,7200,0.0,0.0
2024-10-30 10:12:00+09:00,1003.0,1003.0,1003.0,1003.0,300,0.0,0.0
2024-10-30 10:13:00+09:00,1003.0,1003.0,1002.5,1003.0,700,0.0,0.0
2024-10-30 10:14:00+09:00,1003.0,1003.0,1003.0,1003.0,800,0.0,0.0
2024-10-30 10:15:00+09:00,1003.0,1004.0,1003.0,1003.5,3700,0.0,0.0
2024-10-30 10:16:00+09:00,1003.5,1003.5,1003.5,1003.5,100,0.0,0.0
2024-10-30 10:17:00+09:00,1003.5,1003.5,1003.0,1003.0,200,0.0,0.0
2024-10-30 10:18:00+09:00,1003.5,1003.5,1003.0,1003.5,2300,0.0,0.0
2024-10-30 10:19:00+09:00,1003.5,1003.5,1003.5,1003.5,1100,0.0,0.0
2024-10-30 10:20:00+09:00,1003.0,1003.0,1003.0,1003.0,1200,0.0,0.0
2024-10-30 10:21:00+09:00,1003.0,1003.0,1003.0,1003.0,200,0.0,0.0
2024-10-30 10:22:00+09:00,1003.5,1003.5,1003.0,1003.0,1800,0.0,0.0
2024-10-30 10:23:00+09:00,1004.0,1004.0,1003.5,1003.5,800,0.0,0.0
2024-10-30 10:24:00+09:00,1004.0,1004.0,1003.5,1003.5,500,0.0,0.0
2024-10-30 10:25:00+09:00,1003.5,1004.0,1003.5,1004.0,1700,0.0,0.0
2024-10-30 10:26:00+09:00,1003.5,1004.0,1003.5,1004.0,2400,0.0,0.0
2024-10-30 10:27:00+09:00,1004.0,1004.0,1003.0,1003.5,2600,0.0,0.0
2024-10-30 10:28:00+09:00,1003.5,1003.5,1003.5,1003.5,200,0.0,0.0
2024-10-30 10:29:00+09:00,1003.5,1003.5,1003.0,1003.0,400,0.0,0.0
2024-10-30 10:30:00+09:00,1003.0,1004.0,1003.0,1003.5,23800,0.0,0.0
2024-10-30 10:31:00+09:00,1004.0,1004.0,1004.0,1004.0,2800,0.0,0.0
2024-10-30 10:32:00+09:00,1004.0,1004.0,1004.0,1004.0,400,0.0,0.0
2024-10-30 10:34:00+09:00,1003.5,1005.0,1003.5,1005.0,4600,0.0,0.0
2024-10-30 10:35:00+09:00,1005.0,1005.5,1005.0,1005.0,12000,0.0,0.0
2024-10-30 10:36:00+09:00,1005.0,1006.0,1005.0,1006.0,8100,0.0,0.0
2024-10-30 10:37:00+09:00,1006.0,1006.0,1006.0,1006.0,1000,0.0,0.0
2024-10-30 10:38:00+09:00,1006.0,1006.0,1006.0,1006.0,500,0.0,0.0
2024-10-30 10:39:00+09:00,1006.0,1006.5,1006.0,1006.0,29900,0.0,0.0
2024-10-30 10:40:00+09:00,1005.5,1006.0,1005.5,1005.5,1600,0.0,0.0
2024-10-30 10:41:00+09:00,1006.0,1006.0,1006.0,1006.0,200,0.0,0.0
2024-10-30 10:42:00+09:00,1006.0,1006.0,1006.0,1006.0,200,0.0,0.0
2024-10-30 10:43:00+09:00,1006.0,1006.0,1006.0,1006.0,800,0.0,0.0
2024-10-30 10:44:00+09:00,1006.0,1006.0,1005.5,1006.0,600,0.0,0.0
2024-10-30 10:45:00+09:00,1006.0,1006.0,1006.0,1006.0,200,0.0,0.0
2024-10-30 10:46:00+09:00,1006.0,1008.0,1006.0,1008.0,46500,0.0,0.0
2024-10-30 10:47:00+09:00,1007.5,1008.0,1006.5,1008.0,18300,0.0,0.0
2024-10-30 10:48:00+09:00,1008.0,1010.0,1008.0,1008.5,135500,0.0,0.0
2024-10-30 10:49:00+09:00,1008.5,1009.0,1007.0,1008.0,12200,0.0,0.0
2024-10-30 10:50:00+09:00,1008.5,1008.5,1007.5,1008.5,4800,0.0,0.0
2024-10-30 10:51:00+09:00,1008.5,1008.5,1008.5,1008.5,1700,0.0,0.0
2024-10-30 10:52:00+09:00,1008.0,1008.0,1007.0,1008.0,12500,0.0,0.0
2024-10-30 10:53:00+09:00,1008.5,1008.5,1008.5,1008.5,6500,0.0,0.0
2024-10-30 10:54:00+09:00,1008.0,1008.5,1008.0,1008.5,1200,0.0,0.0
2024-10-30 10:55:00+09:00,1008.5,1008.5,1008.0,1008.0,1000,0.0,0.0
2024-10-30 10:56:00+09:00,1008.0,1008.0,1008.0,1008.0,400,0.0,0.0
2024-10-30 10:57:00+09:00,1007.5,1007.5,1006.5,1006.5,1900,0.0,0.0
2024-10-30 10:58:00+09:00,1006.5,1006.5,1005.5,1006.5,16300,0.0,0.0
2024-10-30 10:59:00+09:00,1006.5,1006.5,1006.0,1006.0,3900,0.0,0.0
2024-10-30 11:00:00+09:00,1006.0,1006.5,1005.0,1006.0,13500,0.0,0.0
2024-10-30 11:01:00+09:00,1005.5,1005.5,1005.0,1005.5,1500,0.0,0.0
2024-10-30 11:02:00+09:00,1005.5,1006.0,1005.5,1006.0,4700,0.0,0.0
2024-10-30 11:03:00+09:00,1005.5,1006.5,1005.5,1006.5,6900,0.0,0.0
2024-10-30 11:04:00+09:00,1006.5,1007.5,1006.5,1007.5,4800,0.0,0.0
2024-10-30 11:05:00+09:00,1007.0,1007.0,1007.0,1007.0,400,0.0,0.0
2024-10-30 11:06:00+09:00,1007.0,1008.0,1007.0,1008.0,2400,0.0,0.0
2024-10-30 11:07:00+09:00,1007.5,1008.0,1007.5,1008.0,900,0.0,0.0
2024-10-30 11:08:00+09:00,1008.0,1008.0,1007.5,1007.5,300,0.0,0.0
2024-10-30 11:09:00+09:00,1007.5,1008.5,1007.5,1008.0,15200,0.0,0.0
2024-10-30 11:10:00+09:00,1008.0,1009.0,1007.5,1009.0,27100,0.0,0.0
2024-10-30 11:11:00+09:00,1009.0,1009.0,1009.0,1009.0,2800,0.0,0.0
2024-10-30 11:12:00+09:00,1008.5,1009.0,1008.5,1009.0,700,0.0,0.0
2024-10-30 11:14:00+09:00,1009.0,1009.0,1009.0,1009.0,300,0.0,0.0
2024-10-30 11:15:00+09:00,1009.0,1009.0,1009.0,1009.0,1400,0.0,0.0
2024-10-30 11:16:00+09:00,1009.0,1009.5,1009.0,1009.5,2600,0.0,0.0
2024-10-30 11:17:00+09:00,1009.5,1009.5,1008.0,1008.5,4400,0.0,0.0
2024-10-30 11:18:00+09:00,1008.0,1008.0,1007.0,1008.0,6800,0.0,0.0
2024-10-30 11:19:00+09:00,1007.5,1007.5,1007.5,1007.5,3000,0.0,0.0
2024-10-30 11:20:00+09:00,1008.0,1008.0,1007.5,1007.5,1600,0.0,0.0
2024-10-30 11:21:00+09:00,1008.0,1008.0,1008.0,1008.0,200,0.0,0.0
2024-10-30 11:22:00+09:00,1008.0,1008.5,1008.0,1008.5,4100,0.0,0.0
2024-10-30 11:23:00+09:00,1008.5,1009.0,1008.5,1009.0,1600,0.0,0.0
2024-10-30 11:25:00+09:00,1009.0,1009.5,1008.5,1009.5,7500,0.0,0.0
2024-10-30 11:26:00+09:00,1009.0,1009.0,1009.0,1009.0,100,0.0,0.0
2024-10-30 11:27:00+09:00,1009.5,1009.5,1007.5,1008.5,6900,0.0,0.0
2024-10-30 11:28:00+09:00,1008.5,1010.0,1008.5,1010.0,7600,0.0,0.0
2024-10-30 11:29:00+09:00,1009.5,1010.0,1009.0,1009.5,3000,0.0,0.0
2024-10-30 11:30:00+09:00,1010.0,1010.0,1010.0,1010.0,1400,0.0,0.0
2024-10-30 11:35:00+09:00,1010.0,1010.0,1010.0,1010.0,0,0.0,0.0
2024-10-30 12:30:00+09:00,1010.0,1013.0,1009.5,1011.0,1214900,0.0,0.0
2024-10-30 12:31:00+09:00,1010.5,1010.5,1009.0,1010.0,7700,0.0,0.0
2024-10-30 12:32:00+09:00,1009.5,1009.5,1009.5,1009.5,100,0.0,0.0
2024-10-30 12:34:00+09:00,1010.5,1011.0,1008.5,1011.0,11100,0.0,0.0
2024-10-30 12:35:00+09:00,1010.5,1012.5,1010.5,1012.0,5200,0.0,0.0
2024-10-30 12:36:00+09:00,1012.0,1012.0,1010.5,1011.5,5400,0.0,0.0
2024-10-30 12:37:00+09:00,1011.0,1012.0,1010.0,1011.5,6500,0.0,0.0
2024-10-30 12:38:00+09:00,1011.0,1012.0,1010.0,1011.5,13800,0.0,0.0
2024-10-30 12:39:00+09:00,1011.0,1011.0,1009.5,1011.0,13200,0.0,0.0
2024-10-30 12:40:00+09:00,1011.0,1011.0,1011.0,1011.0,2300,0.0,0.0
2024-10-30 12:41:00+09:00,1011.0,1011.0,1010.0,1010.0,1200,0.0,0.0
2024-10-30 12:42:00+09:00,1009.5,1010.0,1009.5,1010.0,2300,0.0,0.0
2024-10-30 12:43:00+09:00,1009.5,1010.5,1009.0,1009.5,9400,0.0,0.0
2024-10-30 12:44:00+09:00,1009.0,1009.5,1007.5,1008.0,15500,0.0,0.0
2024-10-30 12:45:00+09:00,1007.5,1009.0,1007.5,1008.5,3400,0.0,0.0
2024-10-30 12:46:00+09:00,1008.5,1008.5,1008.0,1008.0,2100,0.0,0.0
2024-10-30 12:47:00+09:00,1008.0,1008.5,1008.0,1008.5,500,0.0,0.0
2024-10-30 12:48:00+09:00,1008.5,1009.0,1008.0,1009.0,1600,0.0,0.0
2024-10-30 12:49:00+09:00,1009.0,1009.5,1008.5,1009.5,6100,0.0,0.0
2024-10-30 12:50:00+09:00,1009.5,1010.0,1009.5,1010.0,2500,0.0,0.0
2024-10-30 12:51:00+09:00,1009.5,1010.5,1009.5,1010.0,3500,0.0,0.0
2024-10-30 12:52:00+09:00,1010.0,1010.5,1010.0,1010.5,1200,0.0,0.0
2024-10-30 12:53:00+09:00,1011.0,1011.0,1010.5,1010.5,300,0.0,0.0
2024-10-30 12:54:00+09:00,1010.5,1010.5,1010.0,1010.5,1000,0.0,0.0
2024-10-30 12:55:00+09:00,1011.0,1012.0,1011.0,1012.0,9500,0.0,0.0
2024-10-30 12:56:00+09:00,1011.5,1011.5,1011.0,1011.0,800,0.0,0.0
2024-10-30 12:57:00+09:00,1011.0,1012.0,1011.0,1012.0,1800,0.0,0.0
2024-10-30 12:58:00+09:00,1011.5,1011.5,1009.5,1010.5,13300,0.0,0.0
2024-10-30 12:59:00+09:00,1010.5,1011.0,1008.5,1011.0,12300,0.0,0.0
2024-10-30 13:00:00+09:00,1010.0,1010.0,1010.0,1010.0,600,0.0,0.0
2024-10-30 13:01:00+09:00,1010.0,1010.5,1009.5,1010.5,2700,0.0,0.0
2024-10-30 13:02:00+09:00,1010.0,1010.0,1010.0,1010.0,1900,0.0,0.0
2024-10-30 13:03:00+09:00,1010.0,1010.0,1010.0,1010.0,1100,0.0,0.0
2024-10-30 13:04:00+09:00,1009.5,1010.5,1009.5,1009.5,2600,0.0,0.0
2024-10-30 13:05:00+09:00,1009.5,1009.5,1009.0,1009.0,600,0.0,0.0
2024-10-30 13:06:00+09:00,1009.0,1009.5,1009.0,1009.0,1800,0.0,0.0
2024-10-30 13:07:00+09:00,1008.5,1009.0,1008.5,1009.0,4400,0.0,0.0
2024-10-30 13:08:00+09:00,1009.0,1009.5,1009.0,1009.5,2800,0.0,0.0
2024-10-30 13:09:00+09:00,1009.0,1009.0,1009.0,1009.0,800,0.0,0.0
2024-10-30 13:10:00+09:00,1009.0,1009.0,1009.0,1009.0,1200,0.0,0.0
2024-10-30 13:12:00+09:00,1008.5,1009.5,1008.5,1009.0,2800,0.0,0.0
2024-10-30 13:13:00+09:00,1009.5,1010.0,1009.5,1010.0,7900,0.0,0.0
2024-10-30 13:14:00+09:00,1010.0,1010.0,1010.0,1010.0,700,0.0,0.0
2024-10-30 13:15:00+09:00,1010.0,1010.0,1009.5,1009.5,1300,0.0,0.0
2024-10-30 13:16:00+09:00,1009.5,1009.5,1009.5,1009.5,400,0.0,0.0
2024-10-30 13:17:00+09:00,1009.5,1009.5,1009.5,1009.5,1900,0.0,0.0
2024-10-30 13:18:00+09:00,1009.0,1009.0,1009.0,1009.0,500,0.0,0.0
2024-10-30 13:19:00+09:00,1009.0,1009.5,1009.0,1009.5,200,0.0,0.0
2024-10-30 13:20:00+09:00,1009.5,1010.0,1009.5,1009.5,4100,0.0,0.0
2024-10-30 13:21:00+09:00,1010.0,1010.0,1010.0,1010.0,200,0.0,0.0
2024-10-30 13:22:00+09:00,1009.5,1010.5,1009.5,1010.0,2500,0.0,0.0
2024-10-30 13:23:00+09:00,1010.0,1010.5,1010.0,1010.0,700,0.0,0.0
2024-10-30 13:24:00+09:00,1010.0,1010.5,1010.0,1010.0,1200,0.0,0.0
2024-10-30 13:25:00+09:00,1010.0,1010.5,1010.0,1010.5,700,0.0,0.0
2024-10-30 13:26:00+09:00,1010.0,1010.0,1010.0,1010.0,400,0.0,0.0
2024-10-30 13:27:00+09:00,1009.5,1009.5,1009.5,1009.5,1600,0.0,0.0
2024-10-30 13:28:00+09:00,1009.5,1010.0,1009.0,1010.0,4300,0.0,0.0
2024-10-30 13:29:00+09:00,1009.5,1009.5,1009.5,1009.5,400,0.0,0.0
2024-10-30 13:30:00+09:00,1010.0,1011.0,1010.0,1011.0,3000,0.0,0.0
2024-10-30 13:31:00+09:00,1010.5,1010.5,1008.5,1010.0,10800,0.0,0.0
2024-10-30 13:32:00+09:00,1008.5,1008.5,1008.0,1008.5,4600,0.0,0.0
2024-10-30 13:33:00+09:00,1008.5,1008.5,1008.5,1008.5,2300,0.0,0.0
2024-10-30 13:34:00+09:00,1008.5,1009.0,1008.5,1009.0,2700,0.0,0.0
2024-10-30 13:35:00+09:00,1009.0,1009.0,1009.0,1009.0,1200,0.0,0.0
2024-10-30 13:36:00+09:00,1009.0,1009.0,1009.0,1009.0,200,0.0,0.0
2024-10-30 13:37:00+09:00,1008.5,1009.0,1008.5,1009.0,400,0.0,0.0
2024-10-30 13:38:00+09:00,1009.0,1009.0,1009.0,1009.0,1600,0.0,0.0
2024-10-30 13:39:00+09:00,1009.0,1009.0,1009.0,1009.0,900,0.0,0.0
2024-10-30 13:40:00+09:00,1008.5,1008.5,1008.0,1008.0,1500,0.0,0.0
2024-10-30 13:42:00+09:00,1007.0,1007.0,1007.0,1007.0,1500,0.0,0.0
2024-10-30 13:43:00+09:00,1007.0,1007.0,1006.5,1006.5,3500,0.0,0.0
2024-10-30 13:44:00+09:00,1006.5,1007.5,1006.5,1006.5,4400,0.0,0.0
2024-10-30 13:45:00+09:00,1007.5,1008.0,1007.5,1007.5,3800,0.0,0.0
2024-10-30 13:46:00+09:00,1007.0,1007.0,1007.0,1007.0,100,0.0,0.0
2024-10-30 13:47:00+09:00,1007.0,1007.5,1007.0,1007.5,2900,0.0,0.0
2024-10-30 13:48:00+09:00,1007.0,1007.0,1006.5,1006.5,7200,0.0,0.0
2024-10-30 13:49:00+09:00,1006.0,1006.0,1005.0,1005.0,19200,0.0,0.0
2024-10-30 13:50:00+09:00,1004.5,1005.5,1004.5,1005.5,5100,0.0,0.0
2024-10-30 13:51:00+09:00,1005.0,1005.0,1005.0,1005.0,600,0.0,0.0
2024-10-30 13:52:00+09:00,1005.0,1005.5,1005.0,1005.5,3700,0.0,0.0
2024-10-30 13:53:00+09:00,1005.0,1005.5,1005.0,1005.5,1300,0.0,0.0
2024-10-30 13:54:00+09:00,1005.5,1005.5,1005.0,1005.0,400,0.0,0.0
2024-10-30 13:55:00+09:00,1005.5,1006.0,1005.5,1005.5,3500,0.0,0.0
2024-10-30 13:56:00+09:00,1005.5,1006.0,1005.5,1006.0,2400,0.0,0.0
2024-10-30 13:57:00+09:00,1005.5,1006.0,1005.5,1006.0,1200,0.0,0.0
2024-10-30 13:58:00+09:00,1006.0,1006.5,1006.0,1006.0,2200,0.0,0.0
2024-10-30 13:59:00+09:00,1006.5,1006.5,1006.0,1006.5,700,0.0,0.0
2024-10-30 14:00:00+09:00,1006.5,1006.5,1006.5,1006.5,3300,0.0,0.0
2024-10-30 14:01:00+09:00,1006.5,1006.5,1006.0,1006.5,500,0.0,0.0
2024-10-30 14:02:00+09:00,1006.5,1006.5,1006.5,1006.5,300,0.0,0.0
2024-10-30 14:03:00+09:00,1006.0,1006.5,1006.0,1006.5,4700,0.0,0.0
2024-10-30 14:04:00+09:00,1006.5,1006.5,1006.5,1006.5,1200,0.0,0.0
2024-10-30 14:05:00+09:00,1006.5,1006.5,1006.5,1006.5,2100,0.0,0.0
2024-10-30 14:06:00+09:00,1006.5,1006.5,1006.0,1006.5,700,0.0,0.0
2024-10-30 14:07:00+09:00,1006.5,1007.5,1006.5,1007.0,6100,0.0,0.0
2024-10-30 14:08:00+09:00,1007.0,1007.5,1007.0,1007.5,1300,0.0,0.0
2024-10-30 14:09:00+09:00,1007.5,1008.0,1007.5,1008.0,2900,0.0,0.0
2024-10-30 14:10:00+09:00,1008.0,1009.0,1007.5,1008.0,9300,0.0,0.0
2024-10-30 14:11:00+09:00,1008.0,1008.0,1007.0,1007.5,4900,0.0,0.0
2024-10-30 14:12:00+09:00,1007.5,1007.5,1007.5,1007.5,200,0.0,0.0
2024-10-30 14:13:00+09:00,1007.0,1007.5,1007.0,1007.5,1700,0.0,0.0
2024-10-30 14:14:00+09:00,1007.5,1007.5,1007.5,1007.5,100,0.0,0.0
2024-10-30 14:15:00+09:00,1007.5,1007.5,1007.0,1007.5,2000,0.0,0.0
2024-10-30 14:19:00+09:00,1007.0,1007.0,1007.0,1007.0,900,0.0,0.0
2024-10-30 14:20:00+09:00,1007.0,1007.0,1007.0,1007.0,200,0.0,0.0
2024-10-30 14:21:00+09:00,1007.0,1007.0,1007.0,1007.0,100,0.0,0.0
2024-10-30 14:22:00+09:00,1007.0,1007.0,1007.0,1007.0,100,0.0,0.0
2024-10-30 14:23:00+09:00,1007.5,1007.5,1007.5,1007.5,100,0.0,0.0
2024-10-30 14:24:00+09:00,1007.0,1007.5,1007.0,1007.5,1900,0.0,0.0
2024-10-30 14:25:00+09:00,1007.5,1007.5,1007.5,1007.5,400,0.0,0.0
2024-10-30 14:26:00+09:00,1007.0,1007.0,1006.5,1006.5,5400,0.0,0.0
2024-10-30 14:27:00+09:00,1006.5,1006.5,1006.5,1006.5,2000,0.0,0.0
2024-10-30 14:28:00+09:00,1006.5,1006.5,1006.5,1006.5,100,0.0,0.0
2024-10-30 14:29:00+09:00,1006.5,1006.5,1006.5,1006.5,100,0.0,0.0
2024-10-30 14:30:00+09:00,1006.5,1006.5,1006.0,1006.0,4200,0.0,0.0
2024-10-30 14:32:00+09:00,1006.0,1006.5,1005.0,1006.0,6600,0.0,0.0
2024-10-30 14:33:00+09:00,1006.0,1007.0,1006.0,1007.0,6100,0.0,0.0
2024-10-30 14:34:00+09:00,1007.0,1007.0,1007.0,1007.0,600,0.0,0.0
2024-10-30 14:35:00+09:00,1007.5,1007.5,1007.5,1007.5,3600,0.0,0.0
2024-10-30 14:36:00+09:00,1007.5,1007.5,1005.5,1006.0,12600,0.0,0.0
2024-10-30 14:37:00+09:00,1006.5,1006.5,1006.0,1006.0,500,0.0,0.0
2024-10-30 14:38:00+09:00,1006.0,1006.5,1006.0,1006.5,2000,0.0,0.0
2024-10-30 14:39:00+09:00,1006.0,1006.0,1006.0,1006.0,1400,0.0,0.0
2024-10-30 14:40:00+09:00,1006.0,1006.0,1006.0,1006.0,200,0.0,0.0
2024-10-30 14:41:00+09:00,1006.0,1006.0,1005.5,1005.5,4400,0.0,0.0
2024-10-30 14:42:00+09:00,1005.5,1005.5,1005.0,1005.0,2100,0.0,0.0
2024-10-30 14:43:00+09:00,1005.0,1006.0,1005.0,1005.5,11600,0.0,0.0
2024-10-30 14:44:00+09:00,1006.0,1006.5,1006.0,1006.0,3100,0.0,0.0
2024-10-30 14:45:00+09:00,1006.5,1006.5,1006.5,1006.5,2700,0.0,0.0
2024-10-30 14:46:00+09:00,1006.5,1006.5,1006.5,1006.5,500,0.0,0.0
2024-10-30 14:47:00+09:00,1006.5,1006.5,1006.5,1006.5,100,0.0,0.0
2024-10-30 14:48:00+09:00,1006.5,1006.5,1006.5,1006.5,5000,0.0,0.0
2024-10-30 14:51:00+09:00,1004.5,1004.5,1004.5,1004.5,12100,0.0,0.0
2024-10-30 14:52:00+09:00,1004.5,1006.0,1003.5,1005.5,36300,0.0,0.0
2024-10-30 14:53:00+09:00,1005.5,1005.5,1005.5,1005.5,0,0.0,0.0
2024-10-30 14:54:00+09:00,1005.5,1006.0,1005.5,1005.5,1686200,0.0,0.0
2024-10-30 14:55:00+09:00,1005.5,1007.0,1005.5,1006.5,13300,0.0,0.0
2024-10-30 14:56:00+09:00,1006.5,1006.5,1006.0,1006.0,6600,0.0,0.0
2024-10-30 14:57:00+09:00,1006.5,1006.5,1006.5,1006.5,2900,0.0,0.0
2024-10-30 14:58:00+09:00,1007.0,1007.5,1005.5,1007.5,16200,0.0,0.0
2024-10-30 14:59:00+09:00,1007.0,1009.0,1006.0,1008.5,31700,0.0,0.0
2024-10-31 09:00:00+09:00,1011.5,1013.5,1010.0,1011.0,73800,0.0,0.0
2024-10-31 09:01:00+09:00,1010.0,1010.0,1007.5,1009.0,7300,0.0,0.0
2024-10-31 09:02:00+09:00,1008.0,1010.0,1007.5,1010.0,7100,0.0,0.0
2024-10-31 09:03:00+09:00,1010.0,1013.0,1010.0,1013.0,7500,0.0,0.0
2024-10-31 09:04:00+09:00,1013.5,1016.0,1013.0,1015.0,94400,0.0,0.0
2024-10-31 09:05:00+09:00,1015.0,1015.5,1015.0,1015.5,4900,0.0,0.0
2024-10-31 09:06:00+09:00,1015.5,1016.0,1015.0,1015.5,11800,0.0,0.0
2024-10-31 09:07:00+09:00,1015.5,1015.5,1014.5,1015.5,6700,0.0,0.0
2024-10-31 09:08:00+09:00,1015.5,1015.5,1015.0,1015.0,5600,0.0,0.0
2024-10-31 09:09:00+09:00,1014.5,1014.5,1012.5,1014.5,8600,0.0,0.0
2024-10-31 09:10:00+09:00,1014.0,1014.0,1013.5,1014.0,1000,0.0,0.0
2024-10-31 09:11:00+09:00,1013.5,1013.5,1013.5,1013.5,500,0.0,0.0
2024-10-31 09:12:00+09:00,1013.5,1014.5,1013.5,1014.0,15500,0.0,0.0
2024-10-31 09:13:00+09:00,1014.5,1014.5,1013.5,1013.5,2200,0.0,0.0
2024-10-31 09:14:00+09:00,1013.0,1015.0,1013.0,1014.5,5100,0.0,0.0
2024-10-31 09:15:00+09:00,1014.5,1014.5,1013.5,1013.5,6700,0.0,0.0
2024-10-31 09:16:00+09:00,1014.0,1014.0,1013.0,1013.5,3600,0.0,0.0
2024-10-31 09:17:00+09:00,1012.5,1013.0,1012.5,1012.5,4800,0.0,0.0
2024-10-31 09:18:00+09:00,1012.5,1012.5,1011.5,1011.5,13800,0.0,0.0
2024-10-31 09:19:00+09:00,1011.5,1011.5,1011.5,1011.5,2900,0.0,0.0
2024-10-31 09:20:00+09:00,1011.5,1012.0,1011.0,1011.5,16700,0.0,0.0
2024-10-31 09:21:00+09:00,1011.0,1011.5,1010.5,1011.0,10400,0.0,0.0
2024-10-31 09:22:00+09:00,1011.0,1012.0,1010.5,1012.0,5500,0.0,0.0
2024-10-31 09:23:00+09:00,1012.5,1013.5,1012.5,1013.5,2300,0.0,0.0
2024-10-31 09:24:00+09:00,1013.5,1014.0,1013.5,1014.0,2700,0.0,0.0
2024-10-31 09:25:00+09:00,1013.5,1017.5,1013.5,1017.0,34400,0.0,0.0
2024-10-31 09:26:00+09:00,1017.5,1017.5,1017.0,1017.0,1100,0.0,0.0
2024-10-31 09:27:00+09:00,1017.0,1018.0,1016.0,1016.5,7500,0.0,0.0
2024-10-31 09:28:00+09:00,1016.0,1016.0,1015.0,1015.5,5800,0.0,0.0
2024-10-31 09:29:00+09:00,1015.5,1016.5,1015.5,1016.5,5500,0.0,0.0
2024-10-31 09:30:00+09:00,1016.0,1016.5,1016.0,1016.0,1500,0.0,0.0
2024-10-31 09:31:00+09:00,1015.5,1016.5,1015.0,1016.5,11900,0.0,0.0
2024-10-31 09:32:00+09:00,1016.0,1016.0,1015.5,1015.5,1400,0.0,0.0
2024-10-31 09:33:00+09:00,1015.0,1015.5,1015.0,1015.5,3900,0.0,0.0
2024-10-31 09:34:00+09:00,1015.5,1016.0,1015.5,1015.5,6600,0.0,0.0
2024-10-31 09:35:00+09:00,1016.0,1016.5,1015.5,1016.5,2800,0.0,0.0
2024-10-31 09:36:00+09:00,1016.5,1016.5,1016.5,1016.5,400,0.0,0.0
2024-10-31 09:37:00+09:00,1016.5,1016.5,1016.0,1016.0,300,0.0,0.0
2024-10-31 09:38:00+09:00,1016.0,1016.5,1015.0,1015.0,6600,0.0,0.0
2024-10-31 09:39:00+09:00,1015.0,1015.0,1015.0,1015.0,5400,0.0,0.0
2024-10-31 09:40:00+09:00,1015.0,1015.0,1014.0,1014.5,6400,0.0,0.0
2024-10-31 09:41:00+09:00,1014.5,1014.5,1013.5,1014.0,8800,0.0,0.0
2024-10-31 09:42:00+09:00,1014.0,1016.5,1014.0,1016.0,33500,0.0,0.0
2024-10-31 09:43:00+09:00,1016.0,1016.0,1015.0,1015.5,3500,0.0,0.0
2024-10-31 09:44:00+09:00,1015.0,1015.0,1014.5,1014.5,3500,0.0,0.0
2024-10-31 09:45:00+09:00,1014.0,1014.5,1014.0,1014.0,5900,0.0,0.0
2024-10-31 09:46:00+09:00,1014.0,1014.0,1014.0,1014.0,1900,0.0,0.0
2024-10-31 09:47:00+09:00,1014.0,1014.0,1012.0,1012.0,16800,0.0,0.0
2024-10-31 09:48:00+09:00,1011.5,1012.0,1011.0,1011.0,5600,0.0,0.0
2024-10-31 09:49:00+09:00,1011.0,1011.0,1010.5,1010.5,13900,0.0,0.0
2024-10-31 09:50:00+09:00,1011.0,1011.0,1010.0,1010.0,4200,0.0,0.0
2024-10-31 09:51:00+09:00,1010.0,1010.5,1008.5,1008.5,15600,0.0,0.0
2024-10-31 09:52:00+09:00,1008.5,1009.0,1007.5,1007.5,16900,0.0,0.0
2024-10-31 09:53:00+09:00,1007.5,1008.0,1007.5,1008.0,7300,0.0,0.0
2024-10-31 09:54:00+09:00,1007.5,1008.0,1007.0,1007.0,9300,0.0,0.0
2024-10-31 09:55:00+09:00,1006.5,1007.0,1006.5,1006.5,4200,0.0,0.0
2024-10-31 09:56:00+09:00,1006.0,1006.5,1006.0,1006.5,9300,0.0,0.0
2024-10-31 09:57:00+09:00,1007.0,1009.0,1007.0,1009.0,8400,0.0,0.0
2024-10-31 09:58:00+09:00,1008.5,1009.5,1008.5,1009.5,5600,0.0,0.0
2024-10-31 09:59:00+09:00,1009.5,1009.5,1008.0,1009.0,9900,0.0,0.0
2024-10-31 10:00:00+09:00,1009.5,1009.5,1009.5,1009.5,1100,0.0,0.0
2024-10-31 10:01:00+09:00,1010.0,1011.0,1010.0,1010.5,6500,0.0,0.0
2024-10-31 10:02:00+09:00,1011.0,1011.0,1011.0,1011.0,200,0.0,0.0
2024-10-31 10:03:00+09:00,1011.0,1011.5,1011.0,1011.5,2900,0.0,0.0
2024-10-31 10:04:00+09:00,1011.0,1011.5,1011.0,1011.5,600,0.0,0.0
2024-10-31 10:05:00+09:00,1011.5,1011.5,1011.5,1011.5,2000,0.0,0.0
2024-10-31 10:06:00+09:00,1011.0,1011.0,1010.0,1010.0,8000,0.0,0.0
2024-10-31 10:08:00+09:00,1009.5,1009.5,1009.5,1009.5,3400,0.0,0.0
2024-10-31 10:09:00+09:00,1009.5,1009.5,1009.5,1009.5,3700,0.0,0.0
2024-10-31 10:10:00+09:00,1010.0,1011.0,1010.0,1011.0,8700,0.0,0.0
2024-10-31 10:12:00+09:00,1011.0,1011.5,1011.0,1011.5,2100,0.0,0.0
2024-10-31 10:13:00+09:00,1011.0,1011.5,1011.0,1011.5,1200,0.0,0.0
2024-10-31 10:14:00+09:00,1011.0,1011.0,1011.0,1011.0,700,0.0,0.0
2024-10-31 10:15:00+09:00,1010.5,1010.5,1010.5,1010.5,1000,0.0,0.0
2024-10-31 10:16:00+09:00,1010.0,1010.5,1009.5,1009.5,9900,0.0,0.0
2024-10-31 10:17:00+09:00,1009.5,1009.5,1009.5,1009.5,2900,0.0,0.0
2024-10-31 10:18:00+09:00,1009.5,1010.0,1009.5,1009.5,7700,0.0,0.0
2024-10-31 10:19:00+09:00,1009.5,1009.5,1009.5,1009.5,100,0.0,0.0
2024-10-31 10:20:00+09:00,1009.5,1009.5,1009.0,1009.5,4500,0.0,0.0
2024-10-31 10:21:00+09:00,1009.0,1009.5,1009.0,1009.0,13300,0.0,0.0
2024-10-31 10:22:00+09:00,1008.5,1009.5,1008.5,1009.5,8100,0.0,0.0
2024-10-31 10:23:00+09:00,1009.5,1009.5,1009.5,1009.5,400,0.0,0.0
2024-10-31 10:26:00+09:00,1009.5,1011.5,1009.5,1011.5,18400,0.0,0.0
2024-10-31 10:27:00+09:00,1011.0,1011.0,1011.0,1011.0,6600,0.0,0.0
2024-10-31 10:30:00+09:00,1010.5,1011.0,1009.5,1010.0,11000,0.0,0.0
2024-10-31 10:31:00+09:00,1009.5,1009.5,1009.5,1009.5,100,0.0,0.0
2024-10-31 10:32:00+09:00,1009.5,1010.5,1009.0,1010.5,8100,0.0,0.0
2024-10-31 10:33:00+09:00,1011.0,1012.0,1011.0,1012.0,3600,0.0,0.0
2024-10-31 10:34:00+09:00,1012.0,1012.0,1012.0,1012.0,14400,0.0,0.0
2024-10-31 10:35:00+09:00,1012.5,1012.5,1012.5,1012.5,4900,0.0,0.0
2024-10-31 10:36:00+09:00,1013.0,1013.0,1012.5,1013.0,700,0.0,0.0
2024-10-31 10:38:00+09:00,1012.5,1012.5,1012.0,1012.5,10600,0.0,0.0
2024-10-31 10:39:00+09:00,1012.5,1012.5,1012.5,1012.5,2500,0.0,0.0
2024-10-31 10:40:00+09:00,1012.5,1012.5,1012.0,1012.0,6900,0.0,0.0
2024-10-31 10:41:00+09:00,1012.0,1012.0,1012.0,1012.0,500,0.0,0.0
2024-10-31 10:43:00+09:00,1012.0,1012.0,1011.5,1011.5,600,0.0,0.0
2024-10-31 10:44:00+09:00,1012.0,1012.0,1011.0,1011.5,7000,0.0,0.0
2024-10-31 10:45:00+09:00,1012.0,1012.0,1011.5,1011.5,500,0.0,0.0
2024-10-31 10:46:00+09:00,1012.0,1012.0,1012.0,1012.0,3200,0.0,0.0
2024-10-31 10:47:00+09:00,1012.0,1014.0,1012.0,1013.5,4500,0.0,0.0
2024-10-31 10:48:00+09:00,1013.5,1013.5,1013.5,1013.5,5000,0.0,0.0
2024-10-31 10:49:00+09:00,1013.0,1013.0,1013.0,1013.0,100,0.0,0.0
2024-10-31 10:50:00+09:00,1013.0,1013.0,1012.0,1012.5,3200,0.0,0.0
2024-10-31 10:51:00+09:00,1012.0,1012.5,1012.0,1012.0,1000,0.0,0.0
2024-10-31 10:52:00+09:00,1012.0,1012.0,1011.5,1012.0,900,0.0,0.0
2024-10-31 10:53:00+09:00,1011.5,1012.0,1011.0,1011.5,4500,0.0,0.0
2024-10-31 10:54:00+09:00,1012.0,1013.0,1012.0,1013.0,6000,0.0,0.0
2024-10-31 10:55:00+09:00,1013.5,1014.0,1013.5,1014.0,5700,0.0,0.0
2024-10-31 10:56:00+09:00,1013.5,1014.0,1013.5,1014.0,600,0.0,0.0
2024-10-31 10:57:00+09:00,1014.0,1014.5,1013.5,1014.0,2400,0.0,0.0
2024-10-31 10:58:00+09:00,1014.0,1014.0,1013.5,1014.0,8100,0.0,0.0
2024-10-31 10:59:00+09:00,1014.0,1014.0,1013.5,1013.5,1700,0.0,0.0
2024-10-31 11:00:00+09:00,1014.0,1014.0,1013.5,1013.5,300,0.0,0.0
2024-10-31 11:01:00+09:00,1013.5,1013.5,1013.5,1013.5,400,0.0,0.0
2024-10-31 11:02:00+09:00,1013.5,1013.5,1013.5,1013.5,200,0.0,0.0
2024-10-31 11:03:00+09:00,1014.0,1016.5,1014.0,1016.5,21800,0.0,0.0
2024-10-31 11:04:00+09:00,1016.0,1017.5,1015.5,1017.5,11200,0.0,0.0
2024-10-31 11:05:00+09:00,1017.0,1018.5,1017.0,1018.5,12100,0.0,0.0
2024-10-31 11:06:00+09:00,1018.5,1018.5,1017.0,1017.0,15200,0.0,0.0
2024-10-31 11:07:00+09:00,1016.5,1017.0,1016.0,1016.0,3600,0.0,0.0
2024-10-31 11:08:00+09:00,1017.0,1017.0,1017.0,1017.0,6200,0.0,0.0
2024-10-31 11:09:00+09:00,1017.0,1017.0,1017.0,1017.0,200,0.0,0.0
2024-10-31 11:10:00+09:00,1017.0,1017.0,1016.5,1017.0,3500,0.0,0.0
2024-10-31 11:11:00+09:00,1016.5,1016.5,1016.0,1016.5,4900,0.0,0.0
2024-10-31 11:12:00+09:00,1016.0,1016.5,1014.5,1015.5,15200,0.0,0.0
2024-10-31 11:13:00+09:00,1015.5,1015.5,1015.0,1015.0,200,0.0,0.0
2024-10-31 11:14:00+09:00,1015.0,1015.5,1014.5,1015.0,2200,0.0,0.0
2024-10-31 11:15:00+09:00,1015.0,1015.5,1015.0,1015.0,300,0.0,0.0
2024-10-31 11:16:00+09:00,1015.0,1015.5,1014.5,1015.0,12300,0.0,0.0
2024-10-31 11:17:00+09:00,1015.0,1016.0,1015.0,1015.0,12300,0.0,0.0
2024-10-31 11:18:00+09:00,1014.5,1015.5,1014.5,1015.5,6500,0.0,0.0
2024-10-31 11:19:00+09:00,1015.0,1015.0,1014.0,1014.0,30800,0.0,0.0
2024-10-31 11:20:00+09:00,1013.5,1013.5,1012.5,1012.5,11600,0.0,0.0
2024-10-31 11:21:00+09:00,1012.5,1013.0,1012.0,1013.0,9900,0.0,0.0
2024-10-31 11:22:00+09:00,1012.5,1012.5,1012.5,1012.5,300,0.0,0.0
2024-10-31 11:23:00+09:00,1012.5,1013.5,1012.5,1013.5,9500,0.0,0.0
2024-10-31 11:24:00+09:00,1013.5,1014.0,1013.5,1014.0,8700,0.0,0.0
2024-10-31 11:25:00+09:00,1014.0,1014.0,1013.0,1014.0,7700,0.0,0.0
2024-10-31 11:26:00+09:00,1013.5,1013.5,1012.5,1013.0,5000,0.0,0.0
2024-10-31 11:27:00+09:00,1012.5,1012.5,1012.5,1012.5,700,0.0,0.0
2024-10-31 11:28:00+09:00,1012.5,1013.0,1012.0,1013.0,2100,0.0,0.0
2024-10-31 11:29:00+09:00,1013.0,1013.0,1012.5,1012.5,800,0.0,0.0
2024-10-31 11:30:00+09:00,1012.5,1012.5,1012.0,1012.0,2600,0.0,0.0
2024-10-31 11:35:00+09:00,1012.0,1012.0,1012.0,1012.0,0,0.0,0.0
2024-10-31 12:30:00+09:00,1013.0,1014.5,1012.5,1014.0,1088300,0.0,0.0
2024-10-31 12:31:00+09:00,1014.5,1016.0,1014.5,1016.0,16900,0.0,0.0
2024-10-31 12:32:00+09:00,1016.0,1016.0,1015.5,1016.0,4500,0.0,0.0
2024-10-31 12:33:00+09:00,1016.0,1016.5,1014.5,1014.5,15700,0.0,0.0
2024-10-31 12:34:00+09:00,1015.5,1015.5,1015.5,1015.5,4800,0.0,0.0
2024-10-31 12:35:00+09:00,1016.0,1016.0,1015.5,1016.0,3500,0.0,0.0
2024-10-31 12:36:00+09:00,1016.5,1017.0,1016.0,1017.0,14900,0.0,0.0
2024-10-31 12:37:00+09:00,1017.0,1019.0,1017.0,1018.5,25900,0.0,0.0
2024-10-31 12:38:00+09:00,1018.5,1018.5,1016.5,1017.0,11000,0.0,0.0
2024-10-31 12:39:00+09:00,1017.0,1018.0,1016.5,1018.0,19700,0.0,0.0
2024-10-31 12:40:00+09:00,1017.5,1018.0,1017.5,1017.5,8700,0.0,0.0
2024-10-31 12:41:00+09:00,1017.0,1017.0,1016.5,1016.5,3700,0.0,0.0
2024-10-31 12:42:00+09:00,1017.0,1017.0,1017.0,1017.0,3400,0.0,0.0
2024-10-31 12:43:00+09:00,1017.0,1017.0,1016.5,1016.5,1500,0.0,0.0
2024-10-31 12:44:00+09:00,1016.5,1016.5,1016.5,1016.5,2000,0.0,0.0
2024-10-31 12:45:00+09:00,1016.5,1017.0,1016.5,1016.5,800,0.0,0.0
2024-10-31 12:46:00+09:00,1016.5,1017.0,1016.5,1017.0,900,0.0,0.0
2024-10-31 12:47:00+09:00,1017.0,1017.0,1015.5,1017.0,14700,0.0,0.0
2024-10-31 12:48:00+09:00,1017.0,1017.0,1015.5,1017.0,12700,0.0,0.0
2024-10-31 12:49:00+09:00,1017.0,1017.0,1016.5,1016.5,4800,0.0,0.0
2024-10-31 12:50:00+09:00,1016.5,1017.0,1016.5,1016.5,4100,0.0,0.0
2024-10-31 12:51:00+09:00,1016.5,1016.5,1016.5,1016.5,700,0.0,0.0
2024-10-31 12:52:00+09:00,1016.0,1016.0,1015.0,1016.0,13100,0.0,0.0
2024-10-31 12:53:00+09:00,1016.0,1016.0,1015.5,1015.5,2700,0.0,0.0
2024-10-31 12:54:00+09:00,1015.5,1015.5,1014.5,1014.5,18600,0.0,0.0
2024-10-31 12:55:00+09:00,1014.5,1015.0,1014.5,1014.5,7700,0.0,0.0
2024-10-31 12:56:00+09:00,1015.0,1015.5,1015.0,1015.5,5100,0.0,0.0
2024-10-31 12:57:00+09:00,1015.5,1016.0,1015.5,1016.0,4200,0.0,0.0
2024-10-31 12:58:00+09:00,1016.0,1016.0,1016.0,1016.0,800,0.0,0.0
2024-10-31 12:59:00+09:00,1016.0,1017.5,1016.0,1017.5,6300,0.0,0.0
2024-10-31 13:00:00+09:00,1017.0,1017.5,1017.0,1017.0,2900,0.0,0.0
2024-10-31 13:01:00+09:00,1017.5,1017.5,1016.5,1017.0,10300,0.0,0.0
2024-10-31 13:02:00+09:00,1017.0,1017.0,1017.0,1017.0,100,0.0,0.0
2024-10-31 13:03:00+09:00,1016.5,1016.5,1016.5,1016.5,4600,0.0,0.0
2024-10-31 13:04:00+09:00,1016.5,1016.5,1015.5,1015.5,4500,0.0,0.0
2024-10-31 13:05:00+09:00,1015.5,1015.5,1015.0,1015.0,2300,0.0,0.0
2024-10-31 13:06:00+09:00,1015.5,1016.0,1015.5,1016.0,3500,0.0,0.0
2024-10-31 13:07:00+09:00,1016.0,1016.5,1016.0,1016.0,4400,0.0,0.0
2024-10-31 13:08:00+09:00,1016.0,1016.5,1015.5,1016.5,2000,0.0,0.0
2024-10-31 13:09:00+09:00,1016.0,1016.0,1016.0,1016.0,1000,0.0,0.0
2024-10-31 13:10:00+09:00,1016.0,1016.0,1016.0,1016.0,1200,0.0,0.0
2024-10-31 13:11:00+09:00,1016.0,1016.0,1014.0,1015.5,16800,0.0,0.0
2024-10-31 13:12:00+09:00,1015.0,1015.0,1014.0,1014.0,6200,0.0,0.0
2024-10-31 13:13:00+09:00,1014.5,1014.5,1014.0,1014.0,600,0.0,0.0
2024-10-31 13:14:00+09:00,1014.0,1014.0,1014.0,1014.0,2700,0.0,0.0
2024-10-31 13:15:00+09:00,1014.5,1015.0,1013.5,1014.5,6800,0.0,0.0
2024-10-31 13:16:00+09:00,1014.5,1014.5,1014.5,1014.5,500,0.0,0.0
2024-10-31 13:17:00+09:00,1014.5,1014.5,1014.5,1014.5,2100,0.0,0.0
2024-10-31 13:18:00+09:00,1014.5,1014.5,1014.5,1014.5,1900,0.0,0.0
2024-10-31 13:19:00+09:00,1014.5,1014.5,1014.0,1014.0,5300,0.0,0.0
2024-10-31 13:20:00+09:00,1014.0,1014.0,1013.0,1013.0,14700,0.0,0.0
2024-10-31 13:21:00+09:00,1013.0,1013.0,1013.0,1013.0,400,0.0,0.0
2024-10-31 13:22:00+09:00,1012.5,1013.0,1012.5,1012.5,1500,0.0,0.0
2024-10-31 13:23:00+09:00,1012.5,1013.0,1012.5,1013.0,800,0.0,0.0
2024-10-31 13:24:00+09:00,1013.0,1013.0,1013.0,1013.0,1300,0.0,0.0
2024-10-31 13:25:00+09:00,1013.0,1013.0,1013.0,1013.0,2300,0.0,0.0
2024-10-31 13:26:00+09:00,1013.0,1013.0,1013.0,1013.0,1600,0.0,0.0
2024-10-31 13:27:00+09:00,1013.0,1013.0,1012.0,1012.5,4900,0.0,0.0
2024-10-31 13:28:00+09:00,1012.5,1012.5,1012.0,1012.0,5500,0.0,0.0
2024-10-31 13:30:00+09:00,1012.0,1013.5,1012.0,1013.5,4900,0.0,0.0
2024-10-31 13:31:00+09:00,1013.0,1013.0,1012.5,1012.5,2800,0.0,0.0
2024-10-31 13:32:00+09:00,1013.0,1013.0,1012.5,1013.0,3300,0.0,0.0
2024-10-31 13:33:00+09:00,1012.5,1013.0,1012.5,1013.0,3100,0.0,0.0
2024-10-31 13:34:00+09:00,1013.0,1013.5,1013.0,1013.5,1900,0.0,0.0
2024-10-31 13:35:00+09:00,1013.5,1013.5,1013.5,1013.5,1200,0.0,0.0
2024-10-31 13:36:00+09:00,1013.5,1014.0,1013.0,1013.0,6300,0.0,0.0
2024-10-31 13:37:00+09:00,1013.5,1013.5,1013.5,1013.5,100,0.0,0.0
2024-10-31 13:38:00+09:00,1013.0,1013.5,1013.0,1013.5,1800,0.0,0.0
2024-10-31 13:39:00+09:00,1013.5,1014.5,1013.0,1014.5,2000,0.0,0.0
2024-10-31 13:40:00+09:00,1014.5,1014.5,1014.0,1014.5,1100,0.0,0.0
2024-10-31 13:41:00+09:00,1014.5,1014.5,1014.5,1014.5,1500,0.0,0.0
2024-10-31 13:42:00+09:00,1014.5,1014.5,1012.0,1013.0,18800,0.0,0.0
2024-10-31 13:43:00+09:00,1012.5,1012.5,1012.5,1012.5,1400,0.0,0.0
2024-10-31 13:44:00+09:00,1012.5,1012.5,1012.5,1012.5,100,0.0,0.0
2024-10-31 13:45:00+09:00,1013.0,1013.0,1013.0,1013.0,1100,0.0,0.0
2024-10-31 13:46:00+09:00,1013.0,1013.0,1012.5,1013.0,1400,0.0,0.0
2024-10-31 13:47:00+09:00,1013.0,1013.0,1013.0,1013.0,2300,0.0,0.0
2024-10-31 13:48:00+09:00,1013.0,1013.0,1012.5,1013.0,2300,0.0,0.0
2024-10-31 13:49:00+09:00,1012.5,1014.0,1012.5,1014.0,14700,0.0,0.0
2024-10-31 13:50:00+09:00,1013.5,1013.5,1012.5,1013.0,900,0.0,0.0
2024-10-31 13:51:00+09:00,1013.0,1013.5,1013.0,1013.0,3700,0.0,0.0
2024-10-31 13:52:00+09:00,1013.0,1014.5,1013.0,1014.5,10000,0.0,0.0
2024-10-31 13:53:00+09:00,1014.0,1014.0,1014.0,1014.0,300,0.0,0.0
2024-10-31 13:54:00+09:00,1014.0,1014.0,1014.0,1014.0,1100,0.0,0.0
2024-10-31 13:55:00+09:00,1014.5,1014.5,1013.5,1013.5,7000,0.0,0.0
2024-10-31 13:56:00+09:00,1013.5,1013.5,1013.0,1013.0,1900,0.0,0.0
2024-10-31 13:57:00+09:00,1013.5,1014.0,1013.5,1014.0,1400,0.0,0.0
2024-10-31 13:58:00+09:00,1014.5,1015.0,1014.5,1014.5,2900,0.0,0.0
2024-10-31 13:59:00+09:00,1014.0,1014.5,1014.0,1014.0,400,0.0,0.0
2024-10-31 14:00:00+09:00,1014.5,1015.0,1013.0,1014.5,16200,0.0,0.0
2024-10-31 14:01:00+09:00,1014.0,1014.5,1013.0,1014.5,6300,0.0,0.0
2024-10-31 14:02:00+09:00,1014.5,1014.5,1014.5,1014.5,1200,0.0,0.0
2024-10-31 14:03:00+09:00,1015.0,1015.0,1015.0,1015.0,6000,0.0,0.0
2024-10-31 14:05:00+09:00,1015.0,1015.5,1015.0,1015.5,1100,0.0,0.0
2024-10-31 14:06:00+09:00,1015.0,1015.0,1014.0,1015.0,15500,0.0,0.0
2024-10-31 14:07:00+09:00,1014.5,1015.0,1014.5,1014.5,2400,0.0,0.0
2024-10-31 14:08:00+09:00,1015.0,1015.0,1015.0,1015.0,3000,0.0,0.0
2024-10-31 14:09:00+09:00,1015.0,1015.5,1015.0,1015.0,3700,0.0,0.0
2024-10-31 14:10:00+09:00,1015.5,1018.0,1015.5,1018.0,30900,0.0,0.0
2024-10-31 14:11:00+09:00,1018.0,1018.0,1017.5,1017.5,3400,0.0,0.0
2024-10-31 14:12:00+09:00,1018.0,1018.0,1018.0,1018.0,10000,0.0,0.0
2024-10-31 14:13:00+09:00,1017.5,1018.0,1017.0,1017.0,4100,0.0,0.0
2024-10-31 14:14:00+09:00,1017.5,1019.0,1017.0,1018.5,16600,0.0,0.0
2024-10-31 14:15:00+09:00,1018.5,1022.5,1018.5,1022.5,99200,0.0,0.0
2024-10-31 14:16:00+09:00,1022.5,1023.0,1022.0,1022.5,4000,0.0,0.0
2024-10-31 14:17:00+09:00,1022.0,1022.5,1022.0,1022.5,7300,0.0,0.0
2024-10-31 14:18:00+09:00,1022.5,1022.5,1022.0,1022.0,3700,0.0,0.0
2024-10-31 14:19:00+09:00,1022.5,1022.5,1022.0,1022.0,2300,0.0,0.0
2024-10-31 14:20:00+09:00,1022.0,1022.5,1021.5,1022.0,9500,0.0,0.0
2024-10-31 14:21:00+09:00,1021.5,1021.5,1021.5,1021.5,300,0.0,0.0
2024-10-31 14:22:00+09:00,1021.5,1021.5,1021.0,1021.0,2400,0.0,0.0
2024-10-31 14:23:00+09:00,1021.0,1021.0,1021.0,1021.0,100,0.0,0.0
2024-10-31 14:24:00+09:00,1021.0,1021.5,1020.5,1020.5,7300,0.0,0.0
2024-10-31 14:25:00+09:00,1020.0,1020.5,1019.5,1020.0,12300,0.0,0.0
2024-10-31 14:26:00+09:00,1020.0,1020.0,1020.0,1020.0,1600,0.0,0.0
2024-10-31 14:27:00+09:00,1020.0,1020.0,1019.5,1020.0,5500,0.0,0.0
2024-10-31 14:28:00+09:00,1020.0,1020.5,1020.0,1020.5,2800,0.0,0.0
2024-10-31 14:29:00+09:00,1020.5,1021.0,1020.0,1020.0,8400,0.0,0.0
2024-10-31 14:30:00+09:00,1020.5,1021.0,1020.5,1021.0,3600,0.0,0.0
2024-10-31 14:31:00+09:00,1021.5,1022.5,1021.5,1022.5,4300,0.0,0.0
2024-10-31 14:32:00+09:00,1022.0,1023.0,1022.0,1023.0,23800,0.0,0.0
2024-10-31 14:33:00+09:00,1023.0,1023.0,1022.0,1022.5,3900,0.0,0.0
2024-10-31 14:34:00+09:00,1022.5,1024.0,1022.5,1023.5,15800,0.0,0.0
2024-10-31 14:35:00+09:00,1024.0,1024.0,1023.5,1023.5,2300,0.0,0.0
2024-10-31 14:36:00+09:00,1023.0,1023.5,1023.0,1023.5,3600,0.0,0.0
2024-10-31 14:37:00+09:00,1022.5,1023.5,1022.0,1022.5,14100,0.0,0.0
2024-10-31 14:38:00+09:00,1022.5,1023.0,1022.5,1022.5,6200,0.0,0.0
2024-10-31 14:39:00+09:00,1023.0,1023.0,1022.5,1022.5,7700,0.0,0.0
2024-10-31 14:40:00+09:00,1023.0,1023.5,1022.0,1022.5,19000,0.0,0.0
2024-10-31 14:41:00+09:00,1022.0,1023.0,1022.0,1023.0,3700,0.0,0.0
2024-10-31 14:42:00+09:00,1022.0,1022.5,1021.5,1022.0,9000,0.0,0.0
2024-10-31 14:43:00+09:00,1022.0,1023.0,1021.5,1023.0,16000,0.0,0.0
2024-10-31 14:44:00+09:00,1023.0,1023.0,1021.0,1021.0,3700,0.0,0.0
2024-10-31 14:45:00+09:00,1021.0,1022.5,1021.0,1022.0,8800,0.0,0.0
2024-10-31 14:46:00+09:00,1022.5,1022.5,1021.0,1022.0,8900,0.0,0.0
2024-10-31 14:47:00+09:00,1022.0,1023.5,1021.5,1023.0,17400,0.0,0.0
2024-10-31 14:48:00+09:00,1023.0,1023.0,1022.5,1023.0,1400,0.0,0.0
2024-10-31 14:49:00+09:00,1022.5,1023.0,1022.0,1022.5,11900,0.0,0.0
2024-10-31 14:50:00+09:00,1023.0,1023.5,1022.0,1023.0,12700,0.0,0.0
2024-10-31 14:51:00+09:00,1022.5,1022.5,1022.0,1022.5,4000,0.0,0.0
2024-10-31 14:52:00+09:00,1022.5,1022.5,1022.0,1022.0,5100,0.0,0.0
2024-10-31 14:53:00+09:00,1022.5,1023.0,1021.0,1022.5,39500,0.0,0.0
2024-10-31 14:54:00+09:00,1021.5,1022.0,1021.5,1022.0,200,0.0,0.0
2024-10-31 14:55:00+09:00,1022.0,1022.0,1021.0,1021.5,13400,0.0,0.0
2024-10-31 14:56:00+09:00,1021.5,1021.5,1020.5,1020.5,4400,0.0,0.0
2024-10-31 14:57:00+09:00,1020.5,1021.5,1020.5,1021.0,5200,0.0,0.0
2024-10-31 14:59:00+09:00,1021.5,1022.0,1020.5,1021.5,44000,0.0,0.0
2024-11-01 09:00:00+09:00,1006.0,1009.0,999.5,1000.5,89700,0.0,0.0
2024-11-01 09:01:00+09:00,1001.0,1003.0,1000.0,1002.5,19400,0.0,0.0
2024-11-01 09:02:00+09:00,1003.0,1003.0,999.0,999.0,9800,0.0,0.0
2024-11-01 09:03:00+09:00,998.5999755859375,999.0,995.5999755859375,997.5,16000,0.0,0.0
2024-11-01 09:06:00+09:00,1001.5,1002.5,1001.0,1002.5,21700,0.0,0.0
2024-11-01 09:07:00+09:00,1001.5,1004.0,1001.5,1004.0,6900,0.0,0.0
2024-11-01 09:08:00+09:00,1004.0,1005.0,1003.0,1004.0,6000,0.0,0.0
2024-11-01 09:09:00+09:00,1004.0,1004.0,1003.0,1004.0,6100,0.0,0.0
2024-11-01 09:10:00+09:00,1004.5,1004.5,1003.5,1004.5,700,0.0,0.0
2024-11-01 09:11:00+09:00,1004.5,1007.0,1004.0,1006.5,11100,0.0,0.0
2024-11-01 09:12:00+09:00,1007.0,1007.0,1005.5,1005.5,6500,0.0,0.0
2024-11-01 09:13:00+09:00,1006.0,1007.0,1005.0,1006.5,7000,0.0,0.0
2024-11-01 09:14:00+09:00,1007.5,1007.5,1006.5,1007.5,600,0.0,0.0
2024-11-01 09:15:00+09:00,1006.5,1007.5,1005.0,1006.0,4500,0.0,0.0
2024-11-01 09:16:00+09:00,1005.0,1005.0,1004.0,1004.0,2100,0.0,0.0
2024-11-01 09:17:00+09:00,1003.5,1003.5,1002.0,1002.5,3900,0.0,0.0
2024-11-01 09:18:00+09:00,1002.5,1003.5,1002.5,1003.5,4000,0.0,0.0
2024-11-01 09:19:00+09:00,1004.0,1004.0,1003.5,1004.0,700,0.0,0.0
2024-11-01 09:20:00+09:00,1004.0,1005.0,1003.5,1005.0,6000,0.0,0.0
2024-11-01 09:21:00+09:00,1005.0,1007.0,1005.0,1006.0,14100,0.0,0.0
2024-11-01 09:22:00+09:00,1007.0,1008.0,1007.0,1008.0,18700,0.0,0.0
2024-11-01 09:23:00+09:00,1008.5,1010.0,1007.0,1008.0,12900,0.0,0.0
2024-11-01 09:24:00+09:00,1008.5,1008.5,1007.5,1008.5,7700,0.0,0.0
2024-11-01 09:25:00+09:00,1007.5,1008.0,1005.5,1006.0,4400,0.0,0.0
2024-11-01 09:26:00+09:00,1006.0,1006.5,1005.5,1005.5,1900,0.0,0.0
2024-11-01 09:27:00+09:00,1005.5,1005.5,1005.0,1005.5,12600,0.0,0.0
2024-11-01 09:28:00+09:00,1005.5,1005.5,1005.0,1005.0,6000,0.0,0.0
2024-11-01 09:29:00+09:00,1005.0,1005.5,1005.0,1005.5,800,0.0,0.0
2024-11-01 09:30:00+09:00,1005.0,1005.0,1003.5,1003.5,2300,0.0,0.0
2024-11-01 09:31:00+09:00,1004.0,1005.0,1004.0,1004.0,6300,0.0,0.0
2024-11-01 09:32:00+09:00,1004.0,1005.0,1004.0,1005.0,4000,0.0,0.0
2024-11-01 09:33:00+09:00,1005.0,1005.0,1005.0,1005.0,100,0.0,0.0
2024-11-01 09:34:00+09:00,1005.0,1005.5,1004.0,1005.0,8500,0.0,0.0
2024-11-01 09:35:00+09:00,1005.5,1005.5,1005.5,1005.5,1200,0.0,0.0
2024-11-01 09:36:00+09:00,1005.5,1006.0,1005.0,1005.0,1800,0.0,0.0
2024-11-01 09:37:00+09:00,1005.0,1005.5,1005.0,1005.0,600,0.0,0.0
2024-11-01 09:38:00+09:00,1006.0,1006.0,1005.0,1005.5,1000,0.0,0.0
2024-11-01 09:39:00+09:00,1005.5,1005.5,1005.0,1005.5,1300,0.0,0.0
2024-11-01 09:40:00+09:00,1005.0,1005.5,1005.0,1005.5,1000,0.0,0.0
2024-11-01 09:41:00+09:00,1005.5,1006.0,1005.5,1006.0,4000,0.0,0.0
2024-11-01 09:42:00+09:00,1006.5,1007.5,1006.5,1007.0,3200,0.0,0.0
2024-11-01 09:43:00+09:00,1006.5,1006.5,1006.0,1006.0,3100,0.0,0.0
2024-11-01 09:44:00+09:00,1006.5,1006.5,1006.0,1006.0,1400,0.0,0.0
2024-11-01 09:45:00+09:00,1005.5,1005.5,1005.5,1005.5,600,0.0,0.0
2024-11-01 09:46:00+09:00,1005.5,1005.5,1005.0,1005.5,3000,0.0,0.0
2024-11-01 09:47:00+09:00,1005.5,1006.0,1005.0,1005.0,2900,0.0,0.0
2024-11-01 09:48:00+09:00,1006.0,1006.0,1004.5,1005.0,9400,0.0,0.0
2024-11-01 09:49:00+09:00,1005.0,1005.5,1004.5,1005.5,7200,0.0,0.0
2024-11-01 09:50:00+09:00,1006.0,1006.5,1006.0,1006.0,3300,0.0,0.0
2024-11-01 09:51:00+09:00,1005.5,1005.5,1004.5,1005.0,4900,0.0,0.0
2024-11-01 09:52:00+09:00,1004.5,1005.5,1004.5,1004.5,700,0.0,0.0
2024-11-01 09:53:00+09:00,1004.5,1004.5,1004.0,1004.0,4500,0.0,0.0
2024-11-01 09:54:00+09:00,1004.0,1004.0,1003.5,1004.0,8100,0.0,0.0
2024-11-01 09:55:00+09:00,1003.5,1004.0,1003.5,1004.0,1500,0.0,0.0
2024-11-01 09:56:00+09:00,1004.0,1004.0,1004.0,1004.0,6500,0.0,0.0
2024-11-01 09:57:00+09:00,1004.0,1004.0,1003.5,1004.0,900,0.0,0.0
2024-11-01 09:58:00+09:00,1004.5,1004.5,1002.5,1002.5,10500,0.0,0.0
2024-11-01 09:59:00+09:00,1002.5,1003.0,1002.5,1003.0,2500,0.0,0.0
2024-11-01 10:00:00+09:00,1003.0,1003.0,1002.5,1002.5,1700,0.0,0.0
2024-11-01 10:01:00+09:00,1002.5,1002.5,1001.0,1001.0,5700,0.0,0.0
2024-11-01 10:02:00+09:00,1002.0,1002.0,1002.0,1002.0,2900,0.0,0.0
2024-11-01 10:03:00+09:00,1001.5,1001.5,1001.5,1001.5,300,0.0,0.0
2024-11-01 10:04:00+09:00,1002.0,1002.0,1001.5,1001.5,6100,0.0,0.0
2024-11-01 10:05:00+09:00,1001.0,1001.0,1001.0,1001.0,300,0.0,0.0
2024-11-01 10:06:00+09:00,1001.0,1001.5,1001.0,1001.5,4900,0.0,0.0
2024-11-01 10:07:00+09:00,1001.5,1001.5,1001.5,1001.5,2200,0.0,0.0
2024-11-01 10:08:00+09:00,1001.0,1001.0,1000.5,1000.5,4600,0.0,0.0
2024-11-01 10:09:00+09:00,1000.0,1001.0,999.9000244140625,1001.0,13100,0.0,0.0
2024-11-01 10:10:00+09:00,1000.0,1000.5,1000.0,1000.5,300,0.0,0.0
2024-11-01 10:11:00+09:00,998.7999877929688,999.4000244140625,998.7999877929688,999.4000244140625,15400,0.0,0.0
2024-11-01 10:12:00+09:00,999.5,999.7000122070312,999.2000122070312,999.2000122070312,3900,0.0,0.0
2024-11-01 10:13:00+09:00,999.7999877929688,999.7999877929688,998.9000244140625,999.2999877929688,5100,0.0,0.0
2024-11-01 10:14:00+09:00,999.2999877929688,999.5999755859375,999.2999877929688,999.5999755859375,2100,0.0,0.0
2024-11-01 10:15:00+09:00,999.4000244140625,999.4000244140625,999.0,999.0,3900,0.0,0.0
2024-11-01 10:16:00+09:00,999.2000122070312,999.7999877929688,999.2000122070312,999.7999877929688,3000,0.0,0.0
2024-11-01 10:17:00+09:00,999.5999755859375,999.5999755859375,998.5999755859375,998.5999755859375,8100,0.0,0.0
2024-11-01 10:18:00+09:00,998.5,998.5,998.0,998.0,4700,0.0,0.0
2024-11-01 10:19:00+09:00,997.7999877929688,999.0999755859375,997.7999877929688,999.0999755859375,7200,0.0,0.0
2024-11-01 10:20:00+09:00,999.0999755859375,1000.0,999.0999755859375,1000.0,4900,0.0,0.0
2024-11-01 10:21:00+09:00,1000.0,1000.5,1000.0,1000.5,200,0.0,0.0
2024-11-01 10:22:00+09:00,1000.0,1001.0,999.9000244140625,1001.0,3000,0.0,0.0
2024-11-01 10:23:00+09:00,1000.0,1001.0,999.7000122070312,1000.0,3900,0.0,0.0
2024-11-01 10:24:00+09:00,1000.5,1000.5,1000.0,1000.5,3200,0.0,0.0
2024-11-01 10:25:00+09:00,1000.0,1000.5,1000.0,1000.0,1900,0.0,0.0
2024-11-01 10:26:00+09:00,1000.0,1000.0,1000.0,1000.0,200,0.0,0.0
2024-11-01 10:27:00+09:00,1000.0,1000.0,999.4000244140625,999.7999877929688,5800,0.0,0.0
2024-11-01 10:28:00+09:00,999.9000244140625,1000.0,999.7000122070312,999.7999877929688,1800,0.0,0.0
2024-11-01 10:29:00+09:00,1000.5,1000.5,1000.5,1000.5,200,0.0,0.0
2024-11-01 10:30:00+09:00,1000.0,1000.5,999.7000122070312,999.7000122070312,2400,0.0,0.0
2024-11-01 10:31:00+09:00,999.4000244140625,999.7000122070312,998.2999877929688,999.5999755859375,21800,0.0,0.0
2024-11-01 10:32:00+09:00,999.4000244140625,1000.5,999.4000244140625,1000.5,5300,0.0,0.0
2024-11-01 10:33:00+09:00,1000.0,1000.5,999.2999877929688,999.5,5400,0.0,0.0
2024-11-01 10:34:00+09:00,998.7999877929688,999.0999755859375,998.4000244140625,998.7000122070312,5900,0.0,0.0
2024-11-01 10:35:00+09:00,998.4000244140625,998.7000122070312,998.0,998.5999755859375,3200,0.0,0.0
2024-11-01 10:36:00+09:00,998.5,999.0,998.0,999.0,4700,0.0,0.0
2024-11-01 10:37:00+09:00,999.0,1000.0,999.0,1000.0,2700,0.0,0.0
2024-11-01 10:38:00+09:00,1000.0,1001.0,999.5999755859375,1000.5,8400,0.0,0.0
2024-11-01 10:39:00+09:00,1000.0,1000.0,1000.0,1000.0,500,0.0,0.0
2024-11-01 10:40:00+09:00,1000.0,1000.5,1000.0,1000.0,2000,0.0,0.0
2024-11-01 10:41:00+09:00,1000.0,1000.0,999.7999877929688,999.7999877929688,2000,0.0,0.0
2024-11-01 10:42:00+09:00,999.7000122070312,1000.5,999.5999755859375,1000.5,7600,0.0,0.0
2024-11-01 10:43:00+09:00,1000.0,1000.5,1000.0,1000.5,1900,0.0,0.0
2024-11-01 10:44:00+09:00,1000.0,1000.5,1000.0,1000.5,1000,0.0,0.0
2024-11-01 10:45:00+09:00,1000.0,1001.0,1000.0,1001.0,5700,0.0,0.0
2024-11-01 10:46:00+09:00,1001.0,1001.0,1000.0,1000.0,1300,0.0,0.0
2024-11-01 10:47:00+09:00,1000.0,1000.5,1000.0,1000.5,400,0.0,0.0
2024-11-01 10:48:00+09:00,1000.0,1000.5,998.7999877929688,998.7999877929688,6700,0.0,0.0
2024-11-01 10:49:00+09:00,999.2000122070312,999.7999877929688,999.2000122070312,999.5999755859375,2200,0.0,0.0
2024-11-01 10:50:00+09:00,999.7999877929688,1000.0,999.5,999.5999755859375,3800,0.0,0.0
2024-11-01 10:52:00+09:00,1000.5,1000.5,1000.0,1000.0,6500,0.0,0.0
2024-11-01 10:54:00+09:00,1001.0,1001.5,1001.0,1001.5,31800,0.0,0.0
2024-11-01 10:55:00+09:00,1001.0,1001.0,1000.5,1000.5,2900,0.0,0.0
2024-11-01 10:56:00+09:00,1000.5,1000.5,1000.5,1000.5,1100,0.0,0.0
2024-11-01 10:58:00+09:00,1001.0,1001.5,1001.0,1001.0,6200,0.0,0.0
2024-11-01 11:00:00+09:00,1001.0,1001.0,1001.0,1001.0,100,0.0,0.0
2024-11-01 11:01:00+09:00,1001.0,1001.5,1001.0,1001.5,2500,0.0,0.0
2024-11-01 11:02:00+09:00,1001.0,1001.0,1000.5,1000.5,5900,0.0,0.0
2024-11-01 11:03:00+09:00,1000.5,1000.5,1000.0,1000.0,200,0.0,0.0
2024-11-01 11:04:00+09:00,1000.0,1000.5,999.7999877929688,1000.0,5700,0.0,0.0
2024-11-01 11:05:00+09:00,1000.0,1000.5,1000.0,1000.0,1500,0.0,0.0
2024-11-01 11:06:00+09:00,1000.5,1001.0,1000.5,1000.5,6400,0.0,0.0
2024-11-01 11:07:00+09:00,1001.0,1001.0,1000.5,1000.5,300,0.0,0.0
2024-11-01 11:08:00+09:00,1000.5,1001.0,1000.5,1000.5,1100,0.0,0.0
2024-11-01 11:09:00+09:00,1001.0,1002.5,1001.0,1002.0,10100,0.0,0.0
2024-11-01 11:10:00+09:00,1001.5,1001.5,1001.5,1001.5,1300,0.0,0.0
2024-11-01 11:11:00+09:00,1001.0,1001.5,1001.0,1001.5,300,0.0,0.0
2024-11-01 11:12:00+09:00,1001.0,1001.5,1001.0,1001.5,6500,0.0,0.0
2024-11-01 11:13:00+09:00,1001.0,1001.0,1000.5,1001.0,3200,0.0,0.0
2024-11-01 11:14:00+09:00,1000.5,1001.0,1000.5,1000.5,4100,0.0,0.0
2024-11-01 11:15:00+09:00,1001.0,1001.0,1000.5,1001.0,5600,0.0,0.0
2024-11-01 11:16:00+09:00,1001.0,1001.5,1001.0,1001.5,700,0.0,0.0
2024-11-01 11:17:00+09:00,1001.0,1001.0,1000.5,1000.5,1200,0.0,0.0
2024-11-01 11:18:00+09:00,1000.5,1000.5,1000.5,1000.5,3100,0.0,0.0
2024-11-01 11:19:00+09:00,1000.5,1001.0,1000.5,1001.0,400,0.0,0.0
2024-11-01 11:20:00+09:00,1001.0,1001.0,1000.5,1000.5,3900,0.0,0.0
2024-11-01 11:22:00+09:00,1000.5,1000.5,1000.5,1000.5,2800,0.0,0.0
2024-11-01 11:23:00+09:00,1001.0,1001.5,1001.0,1001.0,6000,0.0,0.0
2024-11-01 11:24:00+09:00,1001.5,1001.5,1001.0,1001.0,1700,0.0,0.0
2024-11-01 11:25:00+09:00,1000.5,1000.5,1000.5,1000.5,200,0.0,0.0
2024-11-01 11:26:00+09:00,1000.5,1001.0,1000.5,1001.0,2100,0.0,0.0
2024-11-01 11:27:00+09:00,1001.0,1001.5,1001.0,1001.0,500,0.0,0.0
2024-11-01 11:28:00+09:00,1001.0,1001.0,1001.0,1001.0,200,0.0,0.0
2024-11-01 11:29:00+09:00,1001.0,1001.5,1001.0,1001.0,1800,0.0,0.0
2024-11-01 11:30:00+09:00,1000.5,1000.5,1000.5,1000.5,1500,0.0,0.0
2024-11-01 11:35:00+09:00,1000.5,1000.5,1000.5,1000.5,0,0.0,0.0
2024-11-01 12:30:00+09:00,999.2999877929688,1001.0,999.2999877929688,1001.0,778900,0.0,0.0
2024-11-01 12:32:00+09:00,1002.0,1002.0,1001.0,1001.0,8800,0.0,0.0
2024-11-01 12:33:00+09:00,1001.0,1001.0,1001.0,1001.0,1300,0.0,0.0
2024-11-01 12:34:00+09:00,1002.0,1003.0,1002.0,1003.0,9800,0.0,0.0
2024-11-01 12:35:00+09:00,1002.5,1003.0,1002.5,1003.0,5100,0.0,0.0
2024-11-01 12:36:00+09:00,1002.5,1002.5,1002.5,1002.5,2700,0.0,0.0
2024-11-01 12:37:00+09:00,1002.5,1003.5,1002.5,1003.5,11200,0.0,0.0
2024-11-01 12:38:00+09:00,1003.0,1003.0,1003.0,1003.0,1400,0.0,0.0
2024-11-01 12:39:00+09:00,1003.0,1003.5,1003.0,1003.0,8800,0.0,0.0
2024-11-01 12:40:00+09:00,1003.5,1003.5,1003.0,1003.0,3200,0.0,0.0
2024-11-01 12:41:00+09:00,1003.5,1004.0,1003.0,1003.0,8800,0.0,0.0
2024-11-01 12:42:00+09:00,1003.5,1003.5,1003.0,1003.0,900,0.0,0.0
2024-11-01 12:44:00+09:00,1003.0,1003.0,1003.0,1003.0,400,0.0,0.0
2024-11-01 12:45:00+09:00,1003.0,1004.0,1003.0,1003.5,18300,0.0,0.0
2024-11-01 12:46:00+09:00,1003.5,1004.0,1003.5,1004.0,900,0.0,0.0
2024-11-01 12:47:00+09:00,1003.5,1004.0,1003.5,1003.5,2100,0.0,0.0
2024-11-01 12:48:00+09:00,1003.5,1004.0,1003.5,1003.5,1300,0.0,0.0
2024-11-01 12:49:00+09:00,1003.5,1003.5,1003.5,1003.5,1100,0.0,0.0
2024-11-01 12:50:00+09:00,1003.5,1003.5,1003.5,1003.5,500,0.0,0.0
2024-11-01 12:51:00+09:00,1003.5,1004.0,1003.5,1003.5,800,0.0,0.0
2024-11-01 12:52:00+09:00,1003.5,1003.5,1003.0,1003.0,1400,0.0,0.0
2024-11-01 12:53:00+09:00,1003.0,1003.0,1003.0,1003.0,2800,0.0,0.0
2024-11-01 12:54:00+09:00,1003.0,1003.5,1003.0,1003.0,8400,0.0,0.0
2024-11-01 12:55:00+09:00,1003.0,1003.0,1002.5,1002.5,1100,0.0,0.0
2024-11-01 12:56:00+09:00,1002.5,1002.5,1002.5,1002.5,600,0.0,0.0
2024-11-01 12:57:00+09:00,1002.5,1002.5,1002.0,1002.0,4300,0.0,0.0
2024-11-01 12:58:00+09:00,1002.5,1002.5,1001.5,1001.5,1900,0.0,0.0
2024-11-01 12:59:00+09:00,1002.0,1002.0,1002.0,1002.0,4300,0.0,0.0
2024-11-01 13:00:00+09:00,1002.0,1002.5,1002.0,1002.5,3800,0.0,0.0
2024-11-01 13:01:00+09:00,1003.0,1003.0,1002.5,1003.0,300,0.0,0.0
2024-11-01 13:02:00+09:00,1002.5,1003.0,1002.5,1003.0,4300,0.0,0.0
2024-11-01 13:03:00+09:00,1003.5,1003.5,1003.5,1003.5,100,0.0,0.0
2024-11-01 13:04:00+09:00,1003.5,1003.5,1003.0,1003.0,1500,0.0,0.0
2024-11-01 13:05:00+09:00,1003.0,1003.0,1002.5,1002.5,900,0.0,0.0
2024-11-01 13:06:00+09:00,1003.0,1003.0,1002.5,1002.5,300,0.0,0.0
2024-11-01 13:07:00+09:00,1003.0,1003.0,1003.0,1003.0,3200,0.0,0.0
2024-11-01 13:08:00+09:00,1003.0,1003.0,1003.0,1003.0,100,0.0,0.0
2024-11-01 13:09:00+09:00,1002.5,1002.5,1002.5,1002.5,1000,0.0,0.0
2024-11-01 13:10:00+09:00,1003.0,1003.0,1003.0,1003.0,100,0.0,0.0
2024-11-01 13:11:00+09:00,1002.5,1002.5,1002.5,1002.5,3800,0.0,0.0
2024-11-01 13:12:00+09:00,1002.0,1002.0,1002.0,1002.0,100,0.0,0.0
2024-11-01 13:13:00+09:00,1002.0,1002.0,1002.0,1002.0,13300,0.0,0.0
2024-11-01 13:14:00+09:00,1002.5,1002.5,1002.0,1002.0,200,0.0,0.0
2024-11-01 13:15:00+09:00,1002.5,1002.5,1002.5,1002.5,4300,0.0,0.0
2024-11-01 13:16:00+09:00,1002.5,1002.5,1002.5,1002.5,200,0.0,0.0
2024-11-01 13:17:00+09:00,1002.0,1002.0,1002.0,1002.0,1100,0.0,0.0
2024-11-01 13:18:00+09:00,1002.0,1002.0,1001.5,1002.0,1800,0.0,0.0
2024-11-01 13:20:00+09:00,1001.5,1002.0,1001.5,1002.0,6200,0.0,0.0
2024-11-01 13:21:00+09:00,1002.0,1002.0,1002.0,1002.0,200,0.0,0.0
2024-11-01 13:22:00+09:00,1002.0,1002.0,1001.5,1001.5,600,0.0,0.0
2024-11-01 13:23:00+09:00,1001.5,1001.5,1001.5,1001.5,2200,0.0,0.0
2024-11-01 13:24:00+09:00,1002.0,1002.0,1001.5,1001.5,200,0.0,0.0
2024-11-01 13:25:00+09:00,1001.5,1002.0,1001.5,1001.5,2800,0.0,0.0
2024-11-01 13:26:00+09:00,1001.5,1002.0,1001.5,1001.5,300,0.0,0.0
2024-11-01 13:27:00+09:00,1002.0,1002.0,1002.0,1002.0,4900,0.0,0.0
2024-11-01 13:28:00+09:00,1002.5,1003.0,1002.5,1003.0,3000,0.0,0.0
2024-11-01 13:29:00+09:00,1003.0,1004.0,1003.0,1003.5,9100,0.0,0.0
2024-11-01 13:30:00+09:00,1003.5,1004.0,1003.0,1003.5,4900,0.0,0.0
2024-11-01 13:31:00+09:00,1003.5,1005.0,1003.5,1005.0,22000,0.0,0.0
2024-11-01 13:32:00+09:00,1005.0,1005.5,1005.0,1005.5,3300,0.0,0.0
2024-11-01 13:33:00+09:00,1005.0,1006.0,1005.0,1005.5,2600,0.0,0.0
2024-11-01 13:36:00+09:00,1005.0,1005.0,1005.0,1005.0,100,0.0,0.0
2024-11-01 13:37:00+09:00,1005.0,1005.0,1005.0,1005.0,100,0.0,0.0
2024-11-01 13:38:00+09:00,1005.5,1005.5,1005.5,1005.5,1000,0.0,0.0
2024-11-01 13:39:00+09:00,1005.5,1005.5,1005.5,1005.5,100,0.0,0.0
2024-11-01 13:40:00+09:00,1005.5,1005.5,1005.0,1005.5,9700,0.0,0.0
2024-11-01 13:41:00+09:00,1005.0,1005.0,1005.0,1005.0,100,0.0,0.0
2024-11-01 13:42:00+09:00,1004.5,1004.5,1004.5,1004.5,3100,0.0,0.0
2024-11-01 13:43:00+09:00,1004.5,1004.5,1004.0,1004.0,2600,0.0,0.0
2024-11-01 13:45:00+09:00,1004.0,1004.0,1003.5,1003.5,3300,0.0,0.0
2024-11-01 13:46:00+09:00,1004.0,1004.0,1004.0,1004.0,10800,0.0,0.0
2024-11-01 13:47:00+09:00,1004.0,1004.5,1004.0,1004.5,300,0.0,0.0
2024-11-01 13:48:00+09:00,1004.0,1004.0,1004.0,1004.0,500,0.0,0.0
2024-11-01 13:49:00+09:00,1004.5,1005.0,1004.5,1005.0,6900,0.0,0.0
2024-11-01 13:51:00+09:00,1005.0,1006.0,1005.0,1006.0,17200,0.0,0.0
2024-11-01 13:52:00+09:00,1006.5,1006.5,1006.5,1006.5,300,0.0,0.0
2024-11-01 13:53:00+09:00,1006.0,1006.0,1006.0,1006.0,200,0.0,0.0
2024-11-01 13:54:00+09:00,1006.0,1007.5,1006.0,1007.0,24600,0.0,0.0
2024-11-01 13:55:00+09:00,1006.5,1007.0,1006.5,1006.5,3200,0.0,0.0
2024-11-01 13:56:00+09:00,1006.0,1006.0,1006.0,1006.0,2000,0.0,0.0
2024-11-01 13:57:00+09:00,1006.0,1006.0,1006.0,1006.0,2200,0.0,0.0
2024-11-01 13:58:00+09:00,1006.0,1006.0,1006.0,1006.0,900,0.0,0.0
2024-11-01 13:59:00+09:00,1006.0,1006.5,1005.5,1006.0,1700,0.0,0.0
2024-11-01 14:00:00+09:00,1006.0,1006.0,1005.5,1005.5,9300,0.0,0.0
2024-11-01 14:02:00+09:00,1005.5,1006.0,1005.5,1006.0,300,0.0,0.0
2024-11-01 14:03:00+09:00,1005.5,1006.0,1005.5,1006.0,6400,0.0,0.0
2024-11-01 14:04:00+09:00,1006.0,1006.0,1005.5,1005.5,300,0.0,0.0
2024-11-01 14:05:00+09:00,1006.0,1006.0,1005.5,1005.5,3800,0.0,0.0
2024-11-01 14:06:00+09:00,1005.5,1006.0,1005.5,1006.0,6000,0.0,0.0
2024-11-01 14:07:00+09:00,1006.0,1006.0,1006.0,1006.0,1300,0.0,0.0
2024-11-01 14:08:00+09:00,1006.0,1006.5,1006.0,1006.5,500,0.0,0.0
2024-11-01 14:09:00+09:00,1006.0,1006.0,1005.5,1006.0,600,0.0,0.0
2024-11-01 14:11:00+09:00,1005.5,1005.5,1005.5,1005.5,100,0.0,0.0
2024-11-01 14:12:00+09:00,1005.5,1005.5,1005.5,1005.5,5700,0.0,0.0
2024-11-01 14:13:00+09:00,1005.0,1005.5,1005.0,1005.5,6200,0.0,0.0
2024-11-01 14:14:00+09:00,1005.0,1005.0,1005.0,1005.0,3900,0.0,0.0
2024-11-01 14:15:00+09:00,1005.0,1005.0,1004.5,1004.5,600,0.0,0.0
2024-11-01 14:16:00+09:00,1004.5,1004.5,1004.0,1004.0,8200,0.0,0.0
2024-11-01 14:17:00+09:00,1004.0,1004.5,1004.0,1004.5,6500,0.0,0.0
2024-11-01 14:18:00+09:00,1004.5,1004.5,1004.0,1004.5,4700,0.0,0.0
2024-11-01 14:19:00+09:00,1004.5,1004.5,1004.5,1004.5,100,0.0,0.0
2024-11-01 14:20:00+09:00,1005.0,1005.5,1004.5,1005.0,13800,0.0,0.0
2024-11-01 14:22:00+09:00,1005.0,1005.5,1005.0,1005.5,2900,0.0,0.0
2024-11-01 14:24:00+09:00,1005.0,1005.0,1005.0,1005.0,2600,0.0,0.0
2024-11-01 14:25:00+09:00,1005.0,1005.5,1004.5,1005.0,6600,0.0,0.0
2024-11-01 14:26:00+09:00,1005.0,1005.0,1005.0,1005.0,100,0.0,0.0
2024-11-01 14:27:00+09:00,1005.0,1005.5,1005.0,1005.0,1200,0.0,0.0
2024-11-01 14:28:00+09:00,1005.0,1005.0,1004.5,1004.5,3400,0.0,0.0
2024-11-01 14:29:00+09:00,1005.0,1005.0,1005.0,1005.0,200,0.0,0.0
2024-11-01 14:30:00+09:00,1005.0,1005.0,1004.5,1004.5,3100,0.0,0.0
2024-11-01 14:31:00+09:00,1004.5,1004.5,1004.0,1004.0,4500,0.0,0.0
2024-11-01 14:32:00+09:00,1004.0,1004.5,1004.0,1004.0,7900,0.0,0.0
2024-11-01 14:33:00+09:00,1004.5,1004.5,1004.5,1004.5,5400,0.0,0.0
2024-11-01 14:34:00+09:00,1004.0,1004.0,1004.0,1004.0,2200,0.0,0.0
2024-11-01 14:35:00+09:00,1004.5,1004.5,1004.0,1004.0,400,0.0,0.0
2024-11-01 14:36:00+09:00,1004.0,1004.0,1003.0,1003.5,9500,0.0,0.0
2024-11-01 14:37:00+09:00,1003.0,1003.5,1003.0,1003.0,8400,0.0,0.0
2024-11-01 14:38:00+09:00,1003.0,1003.5,1003.0,1003.5,900,0.0,0.0
2024-11-01 14:39:00+09:00,1003.0,1003.5,1003.0,1003.0,3600,0.0,0.0
2024-11-01 14:40:00+09:00,1003.0,1003.0,1002.5,1002.5,2200,0.0,0.0
2024-11-01 14:41:00+09:00,1002.5,1004.5,1002.5,1004.5,20300,0.0,0.0
2024-11-01 14:42:00+09:00,1004.0,1004.5,1004.0,1004.0,5100,0.0,0.0
2024-11-01 14:43:00+09:00,1004.0,1004.0,1003.5,1004.0,700,0.0,0.0
2024-11-01 14:44:00+09:00,1003.5,1004.0,1003.0,1003.5,6100,0.0,0.0
2024-11-01 14:45:00+09:00,1003.5,1003.5,1002.5,1002.5,9000,0.0,0.0
2024-11-01 14:46:00+09:00,1002.5,1002.5,1002.0,1002.0,13900,0.0,0.0
2024-11-01 14:47:00+09:00,1002.0,1002.0,1000.5,1001.5,14600,0.0,0.0
2024-11-01 14:48:00+09:00,1002.0,1002.0,1002.0,1002.0,10600,0.0,0.0
2024-11-01 14:49:00+09:00,1002.5,1002.5,1002.0,1002.5,7400,0.0,0.0
2024-11-01 14:50:00+09:00,1003.0,1003.5,1003.0,1003.5,11300,0.0,0.0
2024-11-01 14:51:00+09:00,1002.5,1002.5,1002.0,1002.0,5500,0.0,0.0
2024-11-01 14:52:00+09:00,1002.0,1002.5,1002.0,1002.0,400,0.0,0.0
2024-11-01 14:53:00+09:00,1002.5,1002.5,1002.0,1002.0,5700,0.0,0.0
2024-11-01 14:54:00+09:00,1002.5,1003.0,1002.0,1003.0,6900,0.0,0.0
2024-11-01 14:55:00+09:00,1003.0,1003.5,1003.0,1003.5,9000,0.0,0.0
2024-11-01 14:56:00+09:00,1002.5,1002.5,1002.0,1002.0,12100,0.0,0.0
2024-11-01 14:57:00+09:00,1002.5,1002.5,1002.5,1002.5,8100,0.0,0.0
2024-11-01 14:58:00+09:00,1002.5,1002.5,1002.5,1002.5,1200,0.0,0.0
2024-11-01 14:59:00+09:00,1002.5,1003.5,1002.5,1003.0,19500,0.0,0.0
