Datetime,Open,High,Low,Close,Volume,Dividends,Stock Splits
2022-07-14 09:00:00+09:00,25050.0,25050.0,24400.0,24550.0,0,0.0,0.0
2022-07-14 10:00:00+09:00,24550.0,25250.0,24500.0,25250.0,55406,0.0,0.0
2022-07-14 11:00:00+09:00,25200.0,25250.0,25050.0,25200.0,21537,0.0,0.0
2022-07-14 12:00:00+09:00,25250.0,25400.0,25200.0,25350.0,30560,0.0,0.0
2022-07-14 13:00:00+09:00,25350.0,25400.0,25150.0,25200.0,37816,0.0,0.0
2022-07-14 14:00:00+09:00,25150.0,25450.0,25150.0,25250.0,62134,0.0,0.0
2022-07-15 09:00:00+09:00,25500.0,26400.0,25300.0,26000.0,0,0.0,0.0
2022-07-15 10:00:00+09:00,25950.0,26000.0,25250.0,25400.0,146009,0.0,0.0
2022-07-15 11:00:00+09:00,25400.0,25500.0,25100.0,25400.0,69514,0.0,0.0
2022-07-15 12:00:00+09:00,25400.0,25400.0,25000.0,25200.0,55993,0.0,0.0
2022-07-15 13:00:00+09:00,25150.0,25200.0,24950.0,25050.0,44438,0.0,0.0
2022-07-15 14:00:00+09:00,25000.0,25100.0,24800.0,25100.0,61512,0.0,0.0
2022-07-18 09:00:00+09:00,25200.0,25450.0,24750.0,24800.0,0,0.0,0.0
2022-07-18 10:00:00+09:00,24850.0,24850.0,24450.0,24600.0,117513,0.0,0.0
2022-07-18 11:00:00+09:00,24600.0,24850.0,24550.0,24600.0,32380,0.0,0.0
2022-07-18 12:00:00+09:00,24600.0,24900.0,24550.0,24900.0,24926,0.0,0.0
2022-07-18 13:00:00+09:00,24850.0,24950.0,24800.0,24900.0,36987,0.0,0.0
2022-07-18 14:00:00+09:00,24950.0,24950.0,24650.0,24750.0,41445,0.0,0.0
2022-07-19 09:00:00+09:00,24750.0,25050.0,24200.0,24400.0,0,0.0,0.0
2022-07-19 10:00:00+09:00,24450.0,25150.0,24400.0,24900.0,66653,0.0,0.0
2022-07-19 11:00:00+09:00,24850.0,24950.0,24700.0,24900.0,19655,0.0,0.0
2022-07-19 12:00:00+09:00,24950.0,24950.0,24700.0,24700.0,16616,0.0,0.0
2022-07-19 13:00:00+09:00,24800.0,24900.0,24750.0,24850.0,15928,0.0,0.0
2022-07-19 14:00:00+09:00,24850.0,24900.0,24750.0,24800.0,18881,0.0,0.0
2022-07-20 09:00:00+09:00,25200.0,25450.0,24900.0,24950.0,0,0.0,0.0
2022-07-20 10:00:00+09:00,24950.0,25050.0,24700.0,25000.0,68320,0.0,0.0
2022-07-20 11:00:00+09:00,25050.0,25550.0,24950.0,25400.0,143867,0.0,0.0
2022-07-20 12:00:00+09:00,25400.0,25550.0,25300.0,25350.0,46743,0.0,0.0
2022-07-20 13:00:00+09:00,25350.0,25600.0,25200.0,25250.0,51898,0.0,0.0
2022-07-20 14:00:00+09:00,25350.0,25350.0,25000.0,25100.0,59298,0.0,0.0
2022-07-21 09:00:00+09:00,25200.0,25200.0,24500.0,24550.0,0,0.0,0.0
2022-07-21 10:00:00+09:00,24500.0,24550.0,24250.0,24500.0,117790,0.0,0.0
2022-07-21 11:00:00+09:00,24450.0,24700.0,24450.0,24500.0,26109,0.0,0.0
2022-07-21 12:00:00+09:00,24500.0,24550.0,24350.0,24400.0,26645,0.0,0.0
2022-07-21 13:00:00+09:00,24450.0,24500.0,24300.0,24350.0,47311,0.0,0.0
2022-07-21 14:00:00+09:00,24350.0,24450.0,24050.0,24250.0,143889,0.0,0.0
2022-07-22 09:00:00+09:00,24150.0,24150.0,23600.0,23650.0,0,0.0,0.0
2022-07-22 10:00:00+09:00,23650.0,23650.0,23400.0,23400.0,122099,0.0,0.0
2022-07-22 11:00:00+09:00,23400.0,23450.0,23100.0,23400.0,104361,0.0,0.0
2022-07-22 12:00:00+09:00,23350.0,23800.0,23350.0,23700.0,38391,0.0,0.0
2022-07-22 13:00:00+09:00,23750.0,24000.0,23700.0,23850.0,39438,0.0,0.0
2022-07-22 14:00:00+09:00,23850.0,23900.0,23450.0,23450.0,45898,0.0,0.0
2022-07-25 09:00:00+09:00,23150.0,23350.0,21300.0,21400.0,0,0.0,0.0
2022-07-25 10:00:00+09:00,21400.0,21900.0,21350.0,21600.0,266218,0.0,0.0
2022-07-25 11:00:00+09:00,21600.0,22000.0,21550.0,21900.0,119429,0.0,0.0
2022-07-25 12:00:00+09:00,21900.0,22400.0,21750.0,22100.0,114188,0.0,0.0
2022-07-25 13:00:00+09:00,22100.0,22650.0,22000.0,22550.0,86878,0.0,0.0
2022-07-25 14:00:00+09:00,22600.0,22600.0,22150.0,22350.0,68100,0.0,0.0
2022-07-26 09:00:00+09:00,22150.0,22550.0,21950.0,22050.0,0,0.0,0.0
2022-07-26 10:00:00+09:00,22050.0,22300.0,22000.0,22050.0,41518,0.0,0.0
2022-07-26 11:00:00+09:00,22050.0,22100.0,21900.0,21950.0,45062,0.0,0.0
2022-07-26 12:00:00+09:00,21900.0,22050.0,21850.0,22000.0,47317,0.0,0.0
2022-07-26 13:00:00+09:00,22000.0,22050.0,21850.0,21950.0,38370,0.0,0.0
2022-07-26 14:00:00+09:00,21900.0,22000.0,21800.0,21900.0,51417,0.0,0.0
2022-07-27 09:00:00+09:00,21950.0,22450.0,21850.0,22200.0,0,0.0,0.0
2022-07-27 10:00:00+09:00,22250.0,22500.0,22050.0,22500.0,52692,0.0,0.0
2022-07-27 11:00:00+09:00,22450.0,22650.0,22450.0,22450.0,40774,0.0,0.0
2022-07-27 12:00:00+09:00,22500.0,22600.0,22400.0,22550.0,22621,0.0,0.0
2022-07-27 13:00:00+09:00,22550.0,22550.0,22300.0,22300.0,27018,0.0,0.0
2022-07-27 14:00:00+09:00,22300.0,22500.0,22250.0,22250.0,29527,0.0,0.0
2022-07-28 09:00:00+09:00,22600.0,22700.0,22350.0,22400.0,0,0.0,0.0
2022-07-28 10:00:00+09:00,22400.0,22450.0,22100.0,22300.0,41895,0.0,0.0
2022-07-28 11:00:00+09:00,22300.0,22450.0,22250.0,22400.0,17220,0.0,0.0
2022-07-28 12:00:00+09:00,22400.0,22500.0,22350.0,22350.0,17641,0.0,0.0
2022-07-28 13:00:00+09:00,22350.0,22500.0,22300.0,22300.0,26569,0.0,0.0
2022-07-28 14:00:00+09:00,22350.0,22450.0,22300.0,22400.0,27784,0.0,0.0
2022-07-29 09:00:00+09:00,22400.0,22600.0,22050.0,22400.0,0,0.0,0.0
2022-07-29 10:00:00+09:00,22350.0,22500.0,22350.0,22450.0,27150,0.0,0.0
2022-07-29 11:00:00+09:00,22450.0,22500.0,22200.0,22300.0,35961,0.0,0.0
2022-07-29 12:00:00+09:00,22250.0,22350.0,22200.0,22250.0,29001,0.0,0.0
2022-07-29 13:00:00+09:00,22250.0,22300.0,22150.0,22250.0,29601,0.0,0.0
2022-07-29 14:00:00+09:00,22200.0,22400.0,22150.0,22300.0,33934,0.0,0.0
2022-08-01 09:00:00+09:00,22150.0,22150.0,21450.0,21600.0,0,0.0,0.0
2022-08-01 10:00:00+09:00,21550.0,21650.0,21450.0,21550.0,62432,0.0,0.0
2022-08-01 11:00:00+09:00,21550.0,21650.0,21400.0,21550.0,52844,0.0,0.0
2022-08-01 12:00:00+09:00,21550.0,21750.0,21500.0,21700.0,29094,0.0,0.0
2022-08-01 13:00:00+09:00,21700.0,21950.0,21650.0,21850.0,35189,0.0,0.0
2022-08-01 14:00:00+09:00,21800.0,21850.0,21700.0,21750.0,27266,0.0,0.0
2022-08-02 09:00:00+09:00,21800.0,22300.0,21600.0,21600.0,0,0.0,0.0
2022-08-02 10:00:00+09:00,21650.0,21700.0,21450.0,21500.0,38933,0.0,0.0
2022-08-02 11:00:00+09:00,21500.0,21600.0,21450.0,21500.0,10638,0.0,0.0
2022-08-02 12:00:00+09:00,21500.0,21550.0,21350.0,21400.0,31183,0.0,0.0
2022-08-02 13:00:00+09:00,21350.0,21500.0,21350.0,21400.0,16496,0.0,0.0
2022-08-02 14:00:00+09:00,21400.0,21600.0,21400.0,21450.0,30449,0.0,0.0
2022-08-03 09:00:00+09:00,21300.0,21950.0,21300.0,21450.0,0,0.0,0.0
2022-08-03 10:00:00+09:00,21450.0,21950.0,21450.0,21850.0,50914,0.0,0.0
2022-08-03 11:00:00+09:00,21850.0,21900.0,21700.0,21750.0,24331,0.0,0.0
2022-08-03 12:00:00+09:00,21800.0,21900.0,21800.0,21850.0,19392,0.0,0.0
2022-08-03 13:00:00+09:00,21850.0,21850.0,21750.0,21800.0,12515,0.0,0.0
2022-08-03 14:00:00+09:00,21800.0,21800.0,21550.0,21650.0,39816,0.0,0.0
2022-08-04 09:00:00+09:00,22100.0,22900.0,22000.0,22750.0,8943,0.0,0.0
2022-08-04 10:00:00+09:00,22750.0,22800.0,22150.0,22300.0,115853,0.0,0.0
2022-08-04 11:00:00+09:00,22250.0,22300.0,22000.0,22150.0,59102,0.0,0.0
2022-08-04 12:00:00+09:00,22150.0,22300.0,22100.0,22150.0,19623,0.0,0.0
2022-08-04 13:00:00+09:00,22150.0,22350.0,22100.0,22350.0,32508,0.0,0.0
2022-08-04 14:00:00+09:00,22350.0,22350.0,22150.0,22250.0,35015,0.0,0.0
2022-08-05 09:00:00+09:00,22550.0,23450.0,22250.0,23400.0,0,0.0,0.0
2022-08-05 10:00:00+09:00,23350.0,23950.0,23200.0,23400.0,295452,0.0,0.0
2022-08-05 11:00:00+09:00,23350.0,23650.0,23350.0,23600.0,62176,0.0,0.0
2022-08-05 12:00:00+09:00,23600.0,23750.0,23600.0,23700.0,42441,0.0,0.0
2022-08-05 13:00:00+09:00,23750.0,24000.0,23700.0,23850.0,113162,0.0,0.0
2022-08-05 14:00:00+09:00,23850.0,23900.0,23450.0,23750.0,104849,0.0,0.0
2022-08-08 09:00:00+09:00,24050.0,24600.0,23850.0,24050.0,0,0.0,0.0
2022-08-08 10:00:00+09:00,24100.0,24450.0,23850.0,24350.0,98980,0.0,0.0
2022-08-08 11:00:00+09:00,24350.0,24500.0,24250.0,24400.0,53218,0.0,0.0
2022-08-08 12:00:00+09:00,24400.0,24550.0,24350.0,24500.0,48962,0.0,0.0
2022-08-08 13:00:00+09:00,24500.0,24750.0,24450.0,24500.0,94145,0.0,0.0
2022-08-08 14:00:00+09:00,24550.0,24600.0,24350.0,24500.0,74477,0.0,0.0
2022-08-09 09:00:00+09:00,24550.0,25400.0,24550.0,25350.0,0,0.0,0.0
2022-08-09 10:00:00+09:00,25300.0,25600.0,24950.0,25350.0,271135,0.0,0.0
2022-08-09 11:00:00+09:00,25350.0,25450.0,25150.0,25150.0,91741,0.0,0.0
2022-08-09 12:00:00+09:00,25150.0,25300.0,25100.0,25150.0,41334,0.0,0.0
2022-08-09 13:00:00+09:00,25150.0,25200.0,24900.0,25100.0,87221,0.0,0.0
2022-08-09 14:00:00+09:00,25100.0,25350.0,24950.0,25300.0,92454,0.0,0.0
2022-08-10 09:00:00+09:00,24900.0,25450.0,24800.0,25150.0,0,0.0,0.0
2022-08-10 10:00:00+09:00,25100.0,25300.0,25050.0,25050.0,64327,0.0,0.0
2022-08-10 11:00:00+09:00,25100.0,25400.0,25000.0,25400.0,82686,0.0,0.0
2022-08-10 12:00:00+09:00,25400.0,25400.0,25250.0,25350.0,34597,0.0,0.0
2022-08-10 13:00:00+09:00,25350.0,25500.0,25300.0,25400.0,65487,0.0,0.0
2022-08-10 14:00:00+09:00,25400.0,25450.0,25250.0,25350.0,38464,0.0,0.0
2022-08-11 09:00:00+09:00,25500.0,25700.0,25200.0,25500.0,0,0.0,0.0
2022-08-11 10:00:00+09:00,25500.0,25650.0,25450.0,25600.0,48106,0.0,0.0
2022-08-11 11:00:00+09:00,25650.0,25700.0,25550.0,25650.0,33673,0.0,0.0
2022-08-11 12:00:00+09:00,25600.0,25650.0,25550.0,25550.0,27932,0.0,0.0
2022-08-11 13:00:00+09:00,25600.0,26000.0,25550.0,25950.0,128021,0.0,0.0
2022-08-11 14:00:00+09:00,25950.0,26000.0,25550.0,25800.0,102076,0.0,0.0
2022-08-12 09:00:00+09:00,25950.0,25950.0,25150.0,25150.0,0,0.0,0.0
2022-08-12 10:00:00+09:00,25150.0,25200.0,25050.0,25150.0,86248,0.0,0.0
2022-08-12 11:00:00+09:00,25200.0,25300.0,25100.0,25300.0,33395,0.0,0.0
2022-08-12 12:00:00+09:00,25250.0,25300.0,25100.0,25100.0,36615,0.0,0.0
2022-08-12 13:00:00+09:00,25100.0,25250.0,25000.0,25050.0,71263,0.0,0.0
2022-08-12 14:00:00+09:00,25000.0,25200.0,25000.0,25050.0,45245,0.0,0.0
2022-08-16 09:00:00+09:00,25000.0,25500.0,24250.0,25050.0,0,0.0,0.0
2022-08-16 10:00:00+09:00,25050.0,25300.0,24950.0,25250.0,35049,0.0,0.0
2022-08-16 11:00:00+09:00,25250.0,25350.0,25100.0,25250.0,29976,0.0,0.0
2022-08-16 12:00:00+09:00,25200.0,25250.0,25050.0,25250.0,13046,0.0,0.0
2022-08-16 13:00:00+09:00,25250.0,25250.0,25100.0,25150.0,15458,0.0,0.0
2022-08-16 14:00:00+09:00,25150.0,25650.0,25000.0,25650.0,90756,0.0,0.0
2022-08-17 09:00:00+09:00,25400.0,25600.0,25000.0,25150.0,0,0.0,0.0
2022-08-17 10:00:00+09:00,25150.0,25150.0,24700.0,24750.0,87102,0.0,0.0
2022-08-17 11:00:00+09:00,24750.0,24900.0,24750.0,24750.0,30097,0.0,0.0
2022-08-17 12:00:00+09:00,24750.0,25050.0,24750.0,24950.0,22797,0.0,0.0
2022-08-17 13:00:00+09:00,24950.0,25050.0,24750.0,24900.0,27884,0.0,0.0
2022-08-17 14:00:00+09:00,24950.0,25000.0,24800.0,24950.0,26003,0.0,0.0
2022-08-18 09:00:00+09:00,24550.0,25300.0,24550.0,24900.0,0,0.0,0.0
2022-08-18 10:00:00+09:00,24850.0,25000.0,24650.0,24650.0,31882,0.0,0.0
2022-08-18 11:00:00+09:00,24650.0,24800.0,24600.0,24750.0,16839,0.0,0.0
2022-08-18 12:00:00+09:00,24750.0,24800.0,24600.0,24650.0,21523,0.0,0.0
2022-08-18 13:00:00+09:00,24700.0,24850.0,24600.0,24650.0,25875,0.0,0.0
2022-08-18 14:00:00+09:00,24650.0,24850.0,24650.0,24800.0,18423,0.0,0.0
2022-08-19 09:00:00+09:00,24700.0,24950.0,24200.0,24200.0,0,0.0,0.0
2022-08-19 10:00:00+09:00,24200.0,24450.0,24100.0,24350.0,79202,0.0,0.0
2022-08-19 11:00:00+09:00,24350.0,24400.0,24250.0,24250.0,20125,0.0,0.0
2022-08-19 12:00:00+09:00,24250.0,24350.0,24200.0,24250.0,28345,0.0,0.0
2022-08-19 13:00:00+09:00,24250.0,24350.0,24150.0,24200.0,41684,0.0,0.0
2022-08-19 14:00:00+09:00,24250.0,24300.0,24100.0,24150.0,42343,0.0,0.0
2022-08-22 09:00:00+09:00,24100.0,24400.0,23800.0,24150.0,0,0.0,0.0
2022-08-22 10:00:00+09:00,24150.0,24450.0,24100.0,24150.0,31709,0.0,0.0
2022-08-22 11:00:00+09:00,24150.0,24350.0,24100.0,24350.0,6459,0.0,0.0
2022-08-22 12:00:00+09:00,24350.0,24350.0,24100.0,24100.0,13342,0.0,0.0
2022-08-22 13:00:00+09:00,24150.0,24150.0,23800.0,23900.0,45394,0.0,0.0
2022-08-22 14:00:00+09:00,23850.0,24000.0,23800.0,23950.0,34278,0.0,0.0
2022-08-23 09:00:00+09:00,23600.0,23750.0,23300.0,23450.0,0,0.0,0.0
2022-08-23 10:00:00+09:00,23450.0,23600.0,23350.0,23350.0,41760,0.0,0.0
2022-08-23 11:00:00+09:00,23350.0,23700.0,23300.0,23650.0,36689,0.0,0.0
2022-08-23 12:00:00+09:00,23700.0,23750.0,23550.0,23600.0,15572,0.0,0.0
2022-08-23 13:00:00+09:00,23550.0,23600.0,23400.0,23400.0,22531,0.0,0.0
2022-08-23 14:00:00+09:00,23450.0,23500.0,23200.0,23450.0,52873,0.0,0.0
2022-08-24 09:00:00+09:00,23400.0,23650.0,23300.0,23600.0,0,0.0,0.0
2022-08-24 10:00:00+09:00,23600.0,23800.0,23300.0,23400.0,44857,0.0,0.0
2022-08-24 11:00:00+09:00,23350.0,23500.0,23200.0,23300.0,32452,0.0,0.0
2022-08-24 12:00:00+09:00,23250.0,23550.0,23250.0,23550.0,18570,0.0,0.0
2022-08-24 13:00:00+09:00,23450.0,23550.0,23300.0,23450.0,14873,0.0,0.0
2022-08-24 14:00:00+09:00,23450.0,23650.0,23400.0,23550.0,17951,0.0,0.0
2022-08-25 09:00:00+09:00,23450.0,23500.0,23100.0,23400.0,0,0.0,0.0
2022-08-25 10:00:00+09:00,23300.0,23750.0,23300.0,23700.0,30420,0.0,0.0
2022-08-25 11:00:00+09:00,23700.0,23800.0,23550.0,23700.0,18212,0.0,0.0
2022-08-25 12:00:00+09:00,23700.0,23900.0,23700.0,23700.0,22345,0.0,0.0
2022-08-25 13:00:00+09:00,23700.0,23800.0,23600.0,23750.0,19053,0.0,0.0
2022-08-25 14:00:00+09:00,23800.0,23800.0,23450.0,23550.0,49139,0.0,0.0
2022-08-26 09:00:00+09:00,24250.0,24450.0,23300.0,23400.0,0,0.0,0.0
2022-08-26 10:00:00+09:00,23400.0,23400.0,23100.0,23250.0,122823,0.0,0.0
2022-08-26 11:00:00+09:00,23200.0,23250.0,23100.0,23150.0,57633,0.0,0.0
2022-08-26 12:00:00+09:00,23150.0,23200.0,23000.0,23100.0,43307,0.0,0.0
2022-08-26 13:00:00+09:00,23100.0,23100.0,22750.0,22850.0,92487,0.0,0.0
2022-08-26 14:00:00+09:00,22850.0,22950.0,22750.0,22800.0,58505,0.0,0.0
2022-08-29 09:00:00+09:00,22000.0,22200.0,21650.0,22000.0,0,0.0,0.0
2022-08-29 10:00:00+09:00,21950.0,22250.0,21800.0,22150.0,57076,0.0,0.0
2022-08-29 11:00:00+09:00,22150.0,22200.0,22000.0,22050.0,27199,0.0,0.0
2022-08-29 12:00:00+09:00,22050.0,22050.0,21850.0,21950.0,31696,0.0,0.0
2022-08-29 13:00:00+09:00,21950.0,22100.0,21900.0,21900.0,36166,0.0,0.0
2022-08-29 14:00:00+09:00,22000.0,22000.0,21800.0,21800.0,72662,0.0,0.0
2022-08-30 09:00:00+09:00,22200.0,22600.0,22150.0,22550.0,0,0.0,0.0
2022-08-30 10:00:00+09:00,22550.0,22650.0,22200.0,22300.0,36558,0.0,0.0
2022-08-30 11:00:00+09:00,22300.0,22350.0,22100.0,22350.0,22301,0.0,0.0
2022-08-30 12:00:00+09:00,22350.0,22550.0,22250.0,22450.0,22541,0.0,0.0
2022-08-30 13:00:00+09:00,22450.0,22800.0,22450.0,22750.0,55054,0.0,0.0
2022-08-30 14:00:00+09:00,22700.0,22750.0,22400.0,22500.0,58593,0.0,0.0
2022-08-31 09:00:00+09:00,22350.0,22850.0,22300.0,22700.0,0,0.0,0.0
2022-08-31 10:00:00+09:00,22700.0,23100.0,22700.0,22950.0,71366,0.0,0.0
2022-08-31 11:00:00+09:00,23050.0,23050.0,22850.0,23000.0,20679,0.0,0.0
2022-08-31 12:00:00+09:00,22950.0,23100.0,22900.0,23050.0,17241,0.0,0.0
2022-08-31 13:00:00+09:00,23050.0,23100.0,22850.0,22950.0,28773,0.0,0.0
2022-08-31 14:00:00+09:00,22950.0,23000.0,22800.0,22850.0,27428,0.0,0.0
2022-09-01 09:00:00+09:00,22750.0,23250.0,22300.0,22700.0,0,0.0,0.0
2022-09-01 10:00:00+09:00,22700.0,23050.0,22700.0,22900.0,34745,0.0,0.0
2022-09-01 11:00:00+09:00,22950.0,23100.0,22900.0,22900.0,21182,0.0,0.0
2022-09-01 12:00:00+09:00,22900.0,22950.0,22650.0,22700.0,37063,0.0,0.0
2022-09-01 13:00:00+09:00,22700.0,22800.0,22500.0,22600.0,26718,0.0,0.0
2022-09-01 14:00:00+09:00,22600.0,22800.0,22550.0,22650.0,23150,0.0,0.0
2022-09-02 09:00:00+09:00,22950.0,23700.0,22800.0,22950.0,0,0.0,0.0
2022-09-02 10:00:00+09:00,22950.0,23350.0,22850.0,23300.0,66064,0.0,0.0
2022-09-02 11:00:00+09:00,23300.0,23350.0,23000.0,23100.0,32998,0.0,0.0
2022-09-02 12:00:00+09:00,23100.0,23250.0,23050.0,23200.0,13515,0.0,0.0
2022-09-02 13:00:00+09:00,23200.0,23400.0,23150.0,23250.0,33845,0.0,0.0
2022-09-02 14:00:00+09:00,23300.0,23450.0,23050.0,23150.0,45145,0.0,0.0
2022-09-05 09:00:00+09:00,23000.0,23200.0,22100.0,22300.0,0,0.0,0.0
2022-09-05 10:00:00+09:00,22250.0,22350.0,21950.0,21950.0,120539,0.0,0.0
2022-09-05 11:00:00+09:00,22000.0,22000.0,21850.0,21950.0,62713,0.0,0.0
2022-09-05 12:00:00+09:00,21950.0,22050.0,21900.0,21950.0,37628,0.0,0.0
2022-09-05 13:00:00+09:00,21900.0,21950.0,21700.0,21750.0,115151,0.0,0.0
2022-09-05 14:00:00+09:00,21750.0,21800.0,21600.0,21600.0,99930,0.0,0.0
2022-09-06 09:00:00+09:00,22000.0,22100.0,21750.0,21750.0,0,0.0,0.0
2022-09-06 10:00:00+09:00,21800.0,21800.0,21600.0,21600.0,36831,0.0,0.0
2022-09-06 11:00:00+09:00,21600.0,21850.0,21550.0,21850.0,23737,0.0,0.0
2022-09-06 12:00:00+09:00,21850.0,21900.0,21600.0,21650.0,19711,0.0,0.0
2022-09-06 13:00:00+09:00,21650.0,21800.0,21600.0,21700.0,18506,0.0,0.0
2022-09-06 14:00:00+09:00,21750.0,21850.0,21650.0,21800.0,26349,0.0,0.0
2022-09-07 09:00:00+09:00,21650.0,21800.0,20750.0,21250.0,10992,0.0,0.0
2022-09-07 10:00:00+09:00,21250.0,21300.0,20950.0,21250.0,45274,0.0,0.0
2022-09-07 11:00:00+09:00,21200.0,21450.0,21150.0,21200.0,58342,0.0,0.0
2022-09-07 12:00:00+09:00,21200.0,21450.0,21200.0,21250.0,27609,0.0,0.0
2022-09-07 13:00:00+09:00,21300.0,21400.0,21100.0,21150.0,45741,0.0,0.0
2022-09-07 14:00:00+09:00,21150.0,21300.0,21000.0,21050.0,69735,0.0,0.0
2022-09-08 09:00:00+09:00,21800.0,21850.0,21500.0,21600.0,0,0.0,0.0
2022-09-08 10:00:00+09:00,21600.0,22000.0,21600.0,21750.0,40364,0.0,0.0
2022-09-08 11:00:00+09:00,21750.0,22000.0,21700.0,21800.0,48882,0.0,0.0
2022-09-08 12:00:00+09:00,21800.0,22250.0,21750.0,22100.0,71184,0.0,0.0
2022-09-08 13:00:00+09:00,22150.0,22450.0,22100.0,22350.0,92044,0.0,0.0
2022-09-08 14:00:00+09:00,22250.0,22400.0,22000.0,22200.0,93792,0.0,0.0
2022-09-13 09:00:00+09:00,22500.0,22800.0,22450.0,22600.0,0,0.0,0.0
2022-09-13 10:00:00+09:00,22600.0,22700.0,22300.0,22350.0,44336,0.0,0.0
2022-09-13 11:00:00+09:00,22350.0,22600.0,22300.0,22600.0,21412,0.0,0.0
2022-09-13 12:00:00+09:00,22550.0,22600.0,22450.0,22500.0,16504,0.0,0.0
2022-09-13 13:00:00+09:00,22550.0,22550.0,22250.0,22300.0,29959,0.0,0.0
2022-09-13 14:00:00+09:00,22300.0,22400.0,22150.0,22250.0,44961,0.0,0.0
2022-09-14 09:00:00+09:00,21500.0,21700.0,21200.0,21350.0,0,0.0,0.0
2022-09-14 10:00:00+09:00,21350.0,21550.0,21300.0,21550.0,50314,0.0,0.0
2022-09-14 11:00:00+09:00,21500.0,21750.0,21500.0,21650.0,28737,0.0,0.0
2022-09-14 12:00:00+09:00,21700.0,21850.0,21600.0,21700.0,25104,0.0,0.0
2022-09-14 13:00:00+09:00,21700.0,21800.0,21650.0,21800.0,20483,0.0,0.0
2022-09-14 14:00:00+09:00,21800.0,21800.0,21550.0,21550.0,39107,0.0,0.0
2022-09-15 09:00:00+09:00,21800.0,21850.0,21400.0,21600.0,0,0.0,0.0
2022-09-15 10:00:00+09:00,21650.0,22650.0,21350.0,22150.0,156196,0.0,0.0
2022-09-15 11:00:00+09:00,22150.0,22300.0,21800.0,21850.0,54239,0.0,0.0
2022-09-15 12:00:00+09:00,21850.0,22000.0,21800.0,21800.0,17240,0.0,0.0
2022-09-15 13:00:00+09:00,21800.0,21850.0,21700.0,21700.0,22150,0.0,0.0
2022-09-15 14:00:00+09:00,21700.0,21750.0,21600.0,21650.0,29348,0.0,0.0
2022-09-16 09:00:00+09:00,21700.0,21750.0,21200.0,21300.0,0,0.0,0.0
2022-09-16 10:00:00+09:00,21300.0,21600.0,21300.0,21400.0,22896,0.0,0.0
2022-09-16 11:00:00+09:00,21450.0,21650.0,21400.0,21500.0,14980,0.0,0.0
2022-09-16 12:00:00+09:00,21500.0,21550.0,21250.0,21250.0,22926,0.0,0.0
2022-09-16 13:00:00+09:00,21250.0,21950.0,21200.0,21300.0,85409,0.0,0.0
2022-09-16 14:00:00+09:00,21300.0,21350.0,21100.0,21200.0,51234,0.0,0.0
2022-09-19 09:00:00+09:00,21200.0,21250.0,20600.0,20750.0,0,0.0,0.0
2022-09-19 10:00:00+09:00,20800.0,21150.0,20750.0,21000.0,28144,0.0,0.0
2022-09-19 11:00:00+09:00,21000.0,21000.0,20750.0,20800.0,22533,0.0,0.0
2022-09-19 12:00:00+09:00,20800.0,20900.0,20750.0,20800.0,13142,0.0,0.0
2022-09-19 13:00:00+09:00,20800.0,20850.0,20650.0,20650.0,31818,0.0,0.0
2022-09-19 14:00:00+09:00,20650.0,20800.0,20550.0,20650.0,42559,0.0,0.0
2022-09-20 09:00:00+09:00,20700.0,21000.0,20500.0,20700.0,0,0.0,0.0
2022-09-20 10:00:00+09:00,20700.0,20850.0,20400.0,20500.0,49697,0.0,0.0
2022-09-20 11:00:00+09:00,20500.0,20650.0,20500.0,20600.0,25079,0.0,0.0
2022-09-20 12:00:00+09:00,20550.0,20800.0,20550.0,20700.0,18953,0.0,0.0
2022-09-20 13:00:00+09:00,20700.0,21000.0,20700.0,20700.0,43153,0.0,0.0
2022-09-20 14:00:00+09:00,20700.0,20800.0,20600.0,20650.0,52222,0.0,0.0
2022-09-21 09:00:00+09:00,20500.0,20700.0,20350.0,20500.0,0,0.0,0.0
2022-09-21 10:00:00+09:00,20500.0,20600.0,20350.0,20400.0,34457,0.0,0.0
2022-09-21 11:00:00+09:00,20450.0,20450.0,20350.0,20400.0,16323,0.0,0.0
2022-09-21 12:00:00+09:00,20400.0,20450.0,20250.0,20350.0,36689,0.0,0.0
2022-09-21 13:00:00+09:00,20350.0,20550.0,20300.0,20400.0,30168,0.0,0.0
2022-09-21 14:00:00+09:00,20450.0,20650.0,20400.0,20500.0,22078,0.0,0.0
2022-09-22 09:00:00+09:00,20100.0,20350.0,19900.0,20100.0,0,0.0,0.0
2022-09-22 10:00:00+09:00,20100.0,20300.0,20050.0,20150.0,35144,0.0,0.0
2022-09-22 11:00:00+09:00,20150.0,20600.0,20150.0,20500.0,40445,0.0,0.0
2022-09-22 12:00:00+09:00,20500.0,20650.0,20350.0,20450.0,13432,0.0,0.0
2022-09-22 13:00:00+09:00,20450.0,20500.0,20350.0,20350.0,18165,0.0,0.0
2022-09-22 14:00:00+09:00,20350.0,20750.0,20300.0,20500.0,33990,0.0,0.0
2022-09-23 09:00:00+09:00,20550.0,20600.0,20200.0,20350.0,0,0.0,0.0
2022-09-23 10:00:00+09:00,20300.0,20500.0,20100.0,20100.0,33615,0.0,0.0
2022-09-23 11:00:00+09:00,20100.0,20150.0,19950.0,20000.0,31824,0.0,0.0
2022-09-23 12:00:00+09:00,20000.0,20250.0,19900.0,20000.0,35587,0.0,0.0
2022-09-23 13:00:00+09:00,19950.0,20050.0,19850.0,19900.0,46906,0.0,0.0
2022-09-23 14:00:00+09:00,19950.0,20050.0,19850.0,19950.0,37055,0.0,0.0
2022-09-26 09:00:00+09:00,19400.0,19900.0,19400.0,19550.0,0,0.0,0.0
2022-09-26 10:00:00+09:00,19550.0,19550.0,19250.0,19400.0,37279,0.0,0.0
2022-09-26 11:00:00+09:00,19350.0,19550.0,19250.0,19300.0,19818,0.0,0.0
2022-09-26 12:00:00+09:00,19350.0,19350.0,19100.0,19150.0,38767,0.0,0.0
2022-09-26 13:00:00+09:00,19200.0,19300.0,19000.0,19200.0,44665,0.0,0.0
2022-09-26 14:00:00+09:00,19150.0,19250.0,19000.0,19100.0,44497,0.0,0.0
2022-09-27 09:00:00+09:00,19050.0,19550.0,18950.0,19400.0,0,0.0,0.0
2022-09-27 10:00:00+09:00,19350.0,19500.0,19200.0,19250.0,30505,0.0,0.0
2022-09-27 11:00:00+09:00,19250.0,19550.0,19150.0,19500.0,29325,0.0,0.0
2022-09-27 12:00:00+09:00,19500.0,19500.0,19100.0,19250.0,18329,0.0,0.0
2022-09-27 13:00:00+09:00,19250.0,19400.0,19200.0,19200.0,15909,0.0,0.0
2022-09-27 14:00:00+09:00,19200.0,19350.0,18850.0,19300.0,39609,0.0,0.0
2022-09-28 09:00:00+09:00,19450.0,20000.0,19050.0,19950.0,0,0.0,0.0
2022-09-28 10:00:00+09:00,19900.0,19950.0,19200.0,19250.0,36894,0.0,0.0
2022-09-28 11:00:00+09:00,19300.0,19400.0,19150.0,19150.0,33488,0.0,0.0
2022-09-28 12:00:00+09:00,19200.0,19350.0,19100.0,19200.0,30868,0.0,0.0
2022-09-28 13:00:00+09:00,19250.0,19350.0,19000.0,19200.0,33590,0.0,0.0
2022-09-28 14:00:00+09:00,19200.0,19400.0,18950.0,19350.0,39003,0.0,0.0
2022-09-29 09:00:00+09:00,21000.0,21350.0,20250.0,20800.0,334832,0.0,0.0
2022-09-29 10:00:00+09:00,20750.0,21750.0,20700.0,21100.0,485495,0.0,0.0
2022-09-29 11:00:00+09:00,21100.0,21400.0,20750.0,21000.0,125007,0.0,0.0
2022-09-29 12:00:00+09:00,21000.0,21200.0,20850.0,21100.0,77254,0.0,0.0
2022-09-29 13:00:00+09:00,21050.0,21300.0,20900.0,21150.0,51597,0.0,0.0
2022-09-29 14:00:00+09:00,21150.0,21500.0,20900.0,21100.0,159599,0.0,0.0
2022-09-30 09:00:00+09:00,20550.0,21600.0,20450.0,20950.0,0,0.0,0.0
2022-09-30 10:00:00+09:00,20900.0,21200.0,20800.0,20950.0,47703,0.0,0.0
2022-09-30 11:00:00+09:00,20900.0,21100.0,20650.0,20750.0,70615,0.0,0.0
2022-09-30 12:00:00+09:00,20750.0,20850.0,20550.0,20550.0,34342,0.0,0.0
2022-09-30 13:00:00+09:00,20550.0,20650.0,20350.0,20350.0,57292,0.0,0.0
2022-09-30 14:00:00+09:00,20350.0,20750.0,20350.0,20650.0,34946,0.0,0.0
2022-10-04 09:00:00+09:00,21000.0,21450.0,20500.0,20850.0,0,0.0,0.0
2022-10-04 10:00:00+09:00,20800.0,21050.0,20550.0,20850.0,59236,0.0,0.0
2022-10-04 11:00:00+09:00,20850.0,21000.0,20750.0,20800.0,22126,0.0,0.0
2022-10-04 12:00:00+09:00,20800.0,20850.0,20750.0,20850.0,15664,0.0,0.0
2022-10-04 13:00:00+09:00,20750.0,20850.0,20700.0,20800.0,17385,0.0,0.0
2022-10-04 14:00:00+09:00,20800.0,21000.0,20750.0,20950.0,23071,0.0,0.0
2022-10-05 09:00:00+09:00,21150.0,21150.0,20500.0,20550.0,0,0.0,0.0
2022-10-05 10:00:00+09:00,20550.0,20650.0,20150.0,20250.0,63701,0.0,0.0
2022-10-05 11:00:00+09:00,20200.0,20300.0,19800.0,19850.0,95182,0.0,0.0
2022-10-05 12:00:00+09:00,19900.0,20050.0,19800.0,19850.0,53277,0.0,0.0
2022-10-05 13:00:00+09:00,19850.0,19900.0,19650.0,19700.0,80702,0.0,0.0
2022-10-05 14:00:00+09:00,19700.0,20250.0,19650.0,20050.0,64342,0.0,0.0
2022-10-06 09:00:00+09:00,19850.0,20100.0,19700.0,19750.0,0,0.0,0.0
2022-10-06 10:00:00+09:00,19750.0,20150.0,19700.0,19900.0,41508,0.0,0.0
2022-10-06 11:00:00+09:00,19900.0,20050.0,19900.0,20050.0,18663,0.0,0.0
2022-10-06 12:00:00+09:00,20050.0,20150.0,19950.0,20000.0,30449,0.0,0.0
2022-10-06 13:00:00+09:00,20050.0,20050.0,19850.0,19900.0,37485,0.0,0.0
2022-10-06 14:00:00+09:00,19950.0,20000.0,19850.0,19900.0,42734,0.0,0.0
2022-10-07 09:00:00+09:00,19700.0,19750.0,19300.0,19350.0,0,0.0,0.0
2022-10-07 10:00:00+09:00,19350.0,19450.0,19150.0,19200.0,57009,0.0,0.0
2022-10-07 11:00:00+09:00,19200.0,19500.0,19200.0,19450.0,19447,0.0,0.0
2022-10-07 12:00:00+09:00,19500.0,19700.0,19450.0,19650.0,34999,0.0,0.0
2022-10-07 13:00:00+09:00,19600.0,19650.0,19250.0,19300.0,37866,0.0,0.0
2022-10-07 14:00:00+09:00,19300.0,19400.0,19100.0,19250.0,81610,0.0,0.0
2022-10-11 09:00:00+09:00,18700.0,18750.0,18350.0,18500.0,0,0.0,0.0
2022-10-11 10:00:00+09:00,18500.0,18650.0,17850.0,18000.0,140856,0.0,0.0
2022-10-11 11:00:00+09:00,18000.0,18100.0,17700.0,17750.0,101637,0.0,0.0
2022-10-11 12:00:00+09:00,17800.0,17900.0,17700.0,17750.0,70114,0.0,0.0
2022-10-11 13:00:00+09:00,17750.0,17950.0,17750.0,17800.0,33509,0.0,0.0
2022-10-11 14:00:00+09:00,17850.0,18250.0,17750.0,18100.0,73415,0.0,0.0
2022-10-12 09:00:00+09:00,17850.0,18150.0,17550.0,17950.0,0,0.0,0.0
2022-10-12 10:00:00+09:00,17950.0,18000.0,17500.0,17550.0,55356,0.0,0.0
2022-10-12 11:00:00+09:00,17600.0,17700.0,17350.0,17400.0,50370,0.0,0.0
2022-10-12 12:00:00+09:00,17450.0,17650.0,17350.0,17500.0,47289,0.0,0.0
2022-10-12 13:00:00+09:00,17500.0,17900.0,17500.0,17750.0,42251,0.0,0.0
2022-10-12 14:00:00+09:00,17750.0,17850.0,17600.0,17750.0,30922,0.0,0.0
2022-10-13 09:00:00+09:00,17650.0,18000.0,17200.0,17300.0,0,0.0,0.0
2022-10-13 10:00:00+09:00,17350.0,17500.0,17200.0,17250.0,27677,0.0,0.0
2022-10-13 11:00:00+09:00,17250.0,17300.0,17050.0,17100.0,45909,0.0,0.0
2022-10-13 12:00:00+09:00,17100.0,17300.0,17050.0,17150.0,21836,0.0,0.0
2022-10-13 13:00:00+09:00,17100.0,17550.0,17100.0,17500.0,38238,0.0,0.0
2022-10-13 14:00:00+09:00,17500.0,17700.0,17350.0,17600.0,57732,0.0,0.0
2022-10-14 09:00:00+09:00,17950.0,18100.0,17650.0,17750.0,0,0.0,0.0
2022-10-14 10:00:00+09:00,17700.0,18700.0,17700.0,18500.0,134236,0.0,0.0
2022-10-14 11:00:00+09:00,18550.0,18900.0,18500.0,18700.0,75157,0.0,0.0
2022-10-14 12:00:00+09:00,18750.0,18850.0,18650.0,18850.0,45883,0.0,0.0
2022-10-14 13:00:00+09:00,18800.0,18850.0,18550.0,18600.0,35659,0.0,0.0
2022-10-14 14:00:00+09:00,18600.0,18700.0,18450.0,18500.0,36045,0.0,0.0
2022-10-17 09:00:00+09:00,18050.0,18250.0,17800.0,18100.0,0,0.0,0.0
2022-10-17 10:00:00+09:00,18050.0,18550.0,18050.0,18450.0,31251,0.0,0.0
2022-10-17 11:00:00+09:00,18450.0,18600.0,18400.0,18550.0,8857,0.0,0.0
2022-10-17 12:00:00+09:00,18550.0,18600.0,18350.0,18400.0,15004,0.0,0.0
2022-10-17 13:00:00+09:00,18400.0,18400.0,18250.0,18250.0,23145,0.0,0.0
2022-10-17 14:00:00+09:00,18300.0,18650.0,18250.0,18550.0,21868,0.0,0.0
2022-10-18 09:00:00+09:00,19100.0,19350.0,18900.0,19100.0,0,0.0,0.0
2022-10-18 10:00:00+09:00,19150.0,19200.0,18750.0,18850.0,37701,0.0,0.0
2022-10-18 11:00:00+09:00,18850.0,18850.0,18650.0,18800.0,28342,0.0,0.0
2022-10-18 12:00:00+09:00,18850.0,19050.0,18800.0,19000.0,21563,0.0,0.0
2022-10-18 13:00:00+09:00,19000.0,19200.0,18950.0,19000.0,32672,0.0,0.0
2022-10-18 14:00:00+09:00,18950.0,19050.0,18900.0,18950.0,21533,0.0,0.0
2022-10-19 09:00:00+09:00,19200.0,19550.0,18900.0,19200.0,0,0.0,0.0
2022-10-19 10:00:00+09:00,19200.0,19350.0,19100.0,19300.0,23720,0.0,0.0
2022-10-19 11:00:00+09:00,19300.0,19350.0,18950.0,19100.0,34141,0.0,0.0
2022-10-19 12:00:00+09:00,19100.0,19200.0,18950.0,19100.0,15486,0.0,0.0
2022-10-19 13:00:00+09:00,19100.0,19150.0,18750.0,18900.0,45303,0.0,0.0
2022-10-19 14:00:00+09:00,18900.0,19100.0,18650.0,18650.0,31768,0.0,0.0
2022-10-20 09:00:00+09:00,18300.0,18950.0,18200.0,18700.0,0,0.0,0.0
2022-10-20 10:00:00+09:00,18700.0,18750.0,18400.0,18400.0,33255,0.0,0.0
2022-10-20 11:00:00+09:00,18400.0,18700.0,18350.0,18700.0,24086,0.0,0.0
2022-10-20 12:00:00+09:00,18650.0,18750.0,18500.0,18650.0,23726,0.0,0.0
2022-10-20 13:00:00+09:00,18600.0,18950.0,18550.0,18950.0,33272,0.0,0.0
2022-10-20 14:00:00+09:00,18950.0,19100.0,18600.0,18600.0,51951,0.0,0.0
2022-10-21 09:00:00+09:00,18450.0,18600.0,18050.0,18450.0,0,0.0,0.0
2022-10-21 10:00:00+09:00,18400.0,18550.0,18250.0,18300.0,15192,0.0,0.0
2022-10-21 11:00:00+09:00,18300.0,18500.0,18200.0,18250.0,18208,0.0,0.0
2022-10-21 12:00:00+09:00,18300.0,18600.0,18300.0,18300.0,19325,0.0,0.0
2022-10-21 13:00:00+09:00,18400.0,18450.0,18300.0,18350.0,11741,0.0,0.0
2022-10-21 14:00:00+09:00,18350.0,18500.0,18300.0,18450.0,16126,0.0,0.0
2022-10-24 09:00:00+09:00,18850.0,19600.0,18800.0,19450.0,0,0.0,0.0
2022-10-24 10:00:00+09:00,19450.0,19450.0,19150.0,19250.0,38760,0.0,0.0
2022-10-24 11:00:00+09:00,19250.0,19300.0,19100.0,19300.0,15687,0.0,0.0
2022-10-24 12:00:00+09:00,19300.0,19300.0,19050.0,19200.0,17894,0.0,0.0
2022-10-24 13:00:00+09:00,19200.0,19350.0,19100.0,19350.0,20325,0.0,0.0
2022-10-24 14:00:00+09:00,19300.0,19350.0,19150.0,19200.0,20198,0.0,0.0
2022-10-25 09:00:00+09:00,19400.0,19800.0,19150.0,19650.0,0,0.0,0.0
2022-10-25 10:00:00+09:00,19650.0,19700.0,19350.0,19500.0,25764,0.0,0.0
2022-10-25 11:00:00+09:00,19500.0,19500.0,19250.0,19350.0,19940,0.0,0.0
2022-10-25 12:00:00+09:00,19350.0,19500.0,19300.0,19450.0,13520,0.0,0.0
2022-10-25 13:00:00+09:00,19500.0,19600.0,19400.0,19500.0,23539,0.0,0.0
2022-10-25 14:00:00+09:00,19450.0,19550.0,19350.0,19500.0,30701,0.0,0.0
2022-10-26 09:00:00+09:00,19650.0,20200.0,19300.0,19700.0,0,0.0,0.0
2022-10-26 10:00:00+09:00,19700.0,19800.0,19600.0,19700.0,26361,0.0,0.0
2022-10-26 11:00:00+09:00,19700.0,19750.0,19550.0,19650.0,25386,0.0,0.0
2022-10-26 12:00:00+09:00,19650.0,19700.0,19550.0,19600.0,13435,0.0,0.0
2022-10-26 13:00:00+09:00,19600.0,19650.0,19400.0,19500.0,21802,0.0,0.0
2022-10-26 14:00:00+09:00,19500.0,19550.0,19100.0,19250.0,58835,0.0,0.0
2022-10-27 09:00:00+09:00,19600.0,20400.0,19450.0,20050.0,0,0.0,0.0
2022-10-27 10:00:00+09:00,20000.0,20600.0,20000.0,20450.0,105190,0.0,0.0
2022-10-27 11:00:00+09:00,20450.0,20600.0,20350.0,20450.0,56068,0.0,0.0
2022-10-27 12:00:00+09:00,20450.0,20450.0,20250.0,20350.0,24815,0.0,0.0
2022-10-27 13:00:00+09:00,20350.0,20500.0,20150.0,20400.0,50805,0.0,0.0
2022-10-27 14:00:00+09:00,20400.0,20450.0,20250.0,20350.0,50384,0.0,0.0
2022-10-28 09:00:00+09:00,20200.0,20250.0,19950.0,20200.0,57994,0.0,0.0
2022-10-28 10:00:00+09:00,20150.0,20450.0,20100.0,20450.0,28257,0.0,0.0
2022-10-28 11:00:00+09:00,20450.0,20550.0,20400.0,20400.0,37633,0.0,0.0
2022-10-28 12:00:00+09:00,20450.0,20450.0,20150.0,20300.0,25579,0.0,0.0
2022-10-28 13:00:00+09:00,20300.0,20550.0,20200.0,20550.0,44463,0.0,0.0
2022-10-28 14:00:00+09:00,20550.0,20600.0,20350.0,20400.0,53899,0.0,0.0
2022-10-31 09:00:00+09:00,20500.0,20700.0,20100.0,20300.0,0,0.0,0.0
2022-10-31 10:00:00+09:00,20300.0,20350.0,20000.0,20100.0,21920,0.0,0.0
2022-10-31 11:00:00+09:00,20100.0,20200.0,20000.0,20100.0,22536,0.0,0.0
2022-10-31 12:00:00+09:00,20050.0,20250.0,19950.0,20000.0,29718,0.0,0.0
2022-10-31 13:00:00+09:00,20000.0,20050.0,19950.0,20000.0,23792,0.0,0.0
2022-10-31 14:00:00+09:00,20000.0,20000.0,19900.0,20000.0,27576,0.0,0.0
2022-11-01 09:00:00+09:00,19850.0,20050.0,19500.0,19900.0,0,0.0,0.0
2022-11-01 10:00:00+09:00,19900.0,20100.0,19850.0,19900.0,30755,0.0,0.0
2022-11-01 11:00:00+09:00,19900.0,20000.0,19800.0,19950.0,24108,0.0,0.0
2022-11-01 12:00:00+09:00,19950.0,20000.0,19850.0,19900.0,22819,0.0,0.0
2022-11-01 13:00:00+09:00,19900.0,20000.0,19850.0,19950.0,18605,0.0,0.0
2022-11-01 14:00:00+09:00,19900.0,20200.0,19850.0,20100.0,58772,0.0,0.0
2022-11-02 09:00:00+09:00,20050.0,20200.0,19450.0,19800.0,0,0.0,0.0
2022-11-02 10:00:00+09:00,19850.0,20000.0,19750.0,19850.0,44180,0.0,0.0
2022-11-02 11:00:00+09:00,19900.0,19950.0,19700.0,19900.0,24065,0.0,0.0
2022-11-02 12:00:00+09:00,19900.0,19950.0,19800.0,19800.0,11797,0.0,0.0
2022-11-02 13:00:00+09:00,19850.0,19900.0,19700.0,19750.0,13247,0.0,0.0
2022-11-02 14:00:00+09:00,19750.0,19900.0,19700.0,19700.0,18362,0.0,0.0
2022-11-03 09:00:00+09:00,19250.0,19450.0,19200.0,19350.0,0,0.0,0.0
2022-11-03 10:00:00+09:00,19350.0,19550.0,19300.0,19450.0,26681,0.0,0.0
2022-11-03 11:00:00+09:00,19450.0,19650.0,19350.0,19500.0,18373,0.0,0.0
2022-11-03 12:00:00+09:00,19500.0,19550.0,19350.0,19500.0,15890,0.0,0.0
2022-11-03 13:00:00+09:00,19500.0,19500.0,19400.0,19500.0,13847,0.0,0.0
2022-11-03 14:00:00+09:00,19500.0,19750.0,19450.0,19600.0,26227,0.0,0.0
2022-11-04 09:00:00+09:00,19300.0,19400.0,19050.0,19100.0,0,0.0,0.0
2022-11-04 10:00:00+09:00,19100.0,19200.0,18900.0,19100.0,42673,0.0,0.0
2022-11-04 11:00:00+09:00,19150.0,19200.0,18950.0,18950.0,21173,0.0,0.0
2022-11-04 12:00:00+09:00,18950.0,19150.0,18950.0,19100.0,8970,0.0,0.0
2022-11-04 13:00:00+09:00,19100.0,19400.0,19050.0,19350.0,16862,0.0,0.0
2022-11-04 14:00:00+09:00,19400.0,19450.0,19250.0,19250.0,20419,0.0,0.0
2022-11-07 09:00:00+09:00,19200.0,19600.0,19200.0,19250.0,0,0.0,0.0
2022-11-07 10:00:00+09:00,19250.0,19450.0,19050.0,19350.0,31502,0.0,0.0
2022-11-07 11:00:00+09:00,19300.0,19450.0,19300.0,19350.0,16652,0.0,0.0
2022-11-07 12:00:00+09:00,19400.0,19400.0,19200.0,19350.0,9013,0.0,0.0
2022-11-07 13:00:00+09:00,19350.0,19350.0,19200.0,19350.0,14220,0.0,0.0
2022-11-07 14:00:00+09:00,19350.0,19900.0,19300.0,19400.0,117196,0.0,0.0
2022-11-08 09:00:00+09:00,19800.0,19800.0,19450.0,19550.0,0,0.0,0.0
2022-11-08 10:00:00+09:00,19550.0,20150.0,19500.0,19900.0,85561,0.0,0.0
2022-11-08 11:00:00+09:00,19900.0,20000.0,19800.0,19950.0,31985,0.0,0.0
2022-11-08 12:00:00+09:00,19950.0,20000.0,19800.0,19850.0,23816,0.0,0.0
2022-11-08 13:00:00+09:00,19850.0,19950.0,19650.0,19700.0,38675,0.0,0.0
2022-11-08 14:00:00+09:00,19700.0,19800.0,19600.0,19800.0,37829,0.0,0.0
2022-11-09 09:00:00+09:00,20000.0,20350.0,19750.0,20300.0,0,0.0,0.0
2022-11-09 10:00:00+09:00,20250.0,20300.0,19900.0,19950.0,43485,0.0,0.0
2022-11-09 11:00:00+09:00,19950.0,20000.0,19800.0,19900.0,32277,0.0,0.0
2022-11-09 12:00:00+09:00,19950.0,20000.0,19750.0,19900.0,30190,0.0,0.0
2022-11-09 13:00:00+09:00,19900.0,19900.0,19700.0,19800.0,22032,0.0,0.0
2022-11-09 14:00:00+09:00,19750.0,19850.0,19700.0,19700.0,40649,0.0,0.0
2022-11-10 09:00:00+09:00,19550.0,19750.0,19150.0,19650.0,0,0.0,0.0
2022-11-10 10:00:00+09:00,19650.0,19900.0,19550.0,19850.0,41485,0.0,0.0
2022-11-10 11:00:00+09:00,19850.0,19900.0,19650.0,19900.0,29610,0.0,0.0
2022-11-10 12:00:00+09:00,19900.0,20250.0,19800.0,20150.0,82038,0.0,0.0
2022-11-10 13:00:00+09:00,20150.0,20200.0,19950.0,20100.0,40085,0.0,0.0
2022-11-10 14:00:00+09:00,20050.0,20150.0,19800.0,19850.0,56891,0.0,0.0
2022-11-11 09:00:00+09:00,20450.0,21000.0,20400.0,21000.0,55091,0.0,0.0
2022-11-11 10:00:00+09:00,21000.0,21300.0,20900.0,21200.0,188276,0.0,0.0
2022-11-11 11:00:00+09:00,21250.0,21500.0,21150.0,21450.0,131193,0.0,0.0
2022-11-11 12:00:00+09:00,21450.0,21450.0,21150.0,21300.0,52611,0.0,0.0
2022-11-11 13:00:00+09:00,21300.0,21600.0,21300.0,21350.0,95677,0.0,0.0
2022-11-11 14:00:00+09:00,21400.0,21550.0,21250.0,21500.0,105349,0.0,0.0
2022-11-14 09:00:00+09:00,21700.0,21900.0,21250.0,21350.0,0,0.0,0.0
2022-11-14 10:00:00+09:00,21350.0,21500.0,21100.0,21200.0,50214,0.0,0.0
2022-11-14 11:00:00+09:00,21150.0,21300.0,21050.0,21250.0,35013,0.0,0.0
2022-11-14 12:00:00+09:00,21250.0,21500.0,21150.0,21500.0,29663,0.0,0.0
2022-11-14 13:00:00+09:00,21500.0,21750.0,21400.0,21650.0,42696,0.0,0.0
2022-11-14 14:00:00+09:00,21650.0,21800.0,21500.0,21750.0,70394,0.0,0.0
2022-11-15 09:00:00+09:00,21850.0,22200.0,21450.0,21850.0,0,0.0,0.0
2022-11-15 10:00:00+09:00,21900.0,21900.0,21400.0,21900.0,65478,0.0,0.0
2022-11-15 11:00:00+09:00,21900.0,22650.0,21850.0,22600.0,218538,0.0,0.0
2022-11-15 12:00:00+09:00,22650.0,22650.0,22350.0,22500.0,118510,0.0,0.0
2022-11-15 13:00:00+09:00,22550.0,23200.0,22500.0,23200.0,263088,0.0,0.0
2022-11-15 14:00:00+09:00,23200.0,23650.0,23100.0,23550.0,344413,0.0,0.0
2022-11-16 09:00:00+09:00,23700.0,24600.0,23500.0,24350.0,0,0.0,0.0
2022-11-16 10:00:00+09:00,24350.0,24550.0,24100.0,24400.0,201934,0.0,0.0
2022-11-16 11:00:00+09:00,24400.0,24550.0,23900.0,24300.0,142515,0.0,0.0
2022-11-16 12:00:00+09:00,24300.0,24400.0,24200.0,24200.0,52651,0.0,0.0
2022-11-16 13:00:00+09:00,24200.0,24300.0,24050.0,24150.0,62716,0.0,0.0
2022-11-16 14:00:00+09:00,24150.0,24300.0,23850.0,23900.0,119585,0.0,0.0
2022-11-17 10:00:00+09:00,23800.0,25050.0,23550.0,24900.0,343730,0.0,0.0
2022-11-17 11:00:00+09:00,24850.0,24900.0,24200.0,24500.0,168475,0.0,0.0
2022-11-17 12:00:00+09:00,24450.0,24550.0,24200.0,24500.0,79345,0.0,0.0
2022-11-17 13:00:00+09:00,24500.0,24550.0,24100.0,24300.0,84554,0.0,0.0
2022-11-17 14:00:00+09:00,24250.0,24450.0,23900.0,24100.0,87447,0.0,0.0
2022-11-18 09:00:00+09:00,24400.0,24800.0,23900.0,24250.0,0,0.0,0.0
2022-11-18 10:00:00+09:00,24250.0,24450.0,24000.0,24300.0,67746,0.0,0.0
2022-11-18 11:00:00+09:00,24300.0,24500.0,24250.0,24350.0,45428,0.0,0.0
2022-11-18 12:00:00+09:00,24350.0,24650.0,24250.0,24400.0,55487,0.0,0.0
2022-11-18 13:00:00+09:00,24500.0,24600.0,24350.0,24500.0,55821,0.0,0.0
2022-11-18 14:00:00+09:00,24500.0,24850.0,24350.0,24450.0,133322,0.0,0.0
2022-11-21 09:00:00+09:00,24150.0,24600.0,23750.0,24150.0,0,0.0,0.0
2022-11-21 10:00:00+09:00,24200.0,24500.0,23950.0,24150.0,80528,0.0,0.0
2022-11-21 11:00:00+09:00,24200.0,24400.0,24150.0,24300.0,39226,0.0,0.0
2022-11-21 12:00:00+09:00,24300.0,24300.0,24050.0,24200.0,42541,0.0,0.0
2022-11-21 13:00:00+09:00,24200.0,24250.0,23950.0,24000.0,47723,0.0,0.0
2022-11-21 14:00:00+09:00,24000.0,24100.0,23650.0,24000.0,103212,0.0,0.0
2022-11-22 09:00:00+09:00,24000.0,24300.0,23700.0,24150.0,0,0.0,0.0
2022-11-22 10:00:00+09:00,24200.0,24300.0,23200.0,23400.0,118907,0.0,0.0
2022-11-22 11:00:00+09:00,23450.0,23500.0,23150.0,23400.0,92550,0.0,0.0
2022-11-22 12:00:00+09:00,23400.0,23450.0,23200.0,23250.0,33395,0.0,0.0
2022-11-22 13:00:00+09:00,23250.0,23500.0,23000.0,23100.0,108798,0.0,0.0
2022-11-22 14:00:00+09:00,23100.0,23350.0,22950.0,23100.0,115358,0.0,0.0
2022-11-23 09:00:00+09:00,23500.0,23500.0,22550.0,22950.0,0,0.0,0.0
2022-11-23 10:00:00+09:00,22950.0,23150.0,22900.0,23050.0,41944,0.0,0.0
2022-11-23 11:00:00+09:00,23100.0,23300.0,23050.0,23200.0,35787,0.0,0.0
2022-11-23 12:00:00+09:00,23200.0,23350.0,23100.0,23250.0,30619,0.0,0.0
2022-11-23 13:00:00+09:00,23300.0,23850.0,23200.0,23550.0,125606,0.0,0.0
2022-11-23 14:00:00+09:00,23550.0,23600.0,23400.0,23550.0,72195,0.0,0.0
2022-11-24 09:00:00+09:00,23500.0,23700.0,23300.0,23550.0,0,0.0,0.0
2022-11-24 10:00:00+09:00,23600.0,23800.0,23500.0,23600.0,29591,0.0,0.0
2022-11-24 11:00:00+09:00,23550.0,23750.0,23500.0,23650.0,18889,0.0,0.0
2022-11-24 12:00:00+09:00,23700.0,23700.0,23500.0,23550.0,13700,0.0,0.0
2022-11-24 13:00:00+09:00,23550.0,23950.0,23400.0,23850.0,47675,0.0,0.0
2022-11-24 14:00:00+09:00,23850.0,23950.0,23700.0,23850.0,46518,0.0,0.0
2022-11-25 09:00:00+09:00,24050.0,24050.0,23350.0,23600.0,0,0.0,0.0
2022-11-25 10:00:00+09:00,23600.0,23750.0,23400.0,23550.0,34725,0.0,0.0
2022-11-25 11:00:00+09:00,23500.0,23700.0,23500.0,23650.0,21227,0.0,0.0
2022-11-25 12:00:00+09:00,23650.0,23800.0,23550.0,23600.0,18777,0.0,0.0
2022-11-25 13:00:00+09:00,23600.0,23750.0,23550.0,23650.0,22942,0.0,0.0
2022-11-25 14:00:00+09:00,23650.0,23750.0,23600.0,23700.0,22478,0.0,0.0
2022-11-28 09:00:00+09:00,23600.0,23800.0,23150.0,23450.0,0,0.0,0.0
2022-11-28 10:00:00+09:00,23450.0,23700.0,23000.0,23050.0,72465,0.0,0.0
2022-11-28 11:00:00+09:00,23050.0,23100.0,22900.0,22950.0,45289,0.0,0.0
2022-11-28 12:00:00+09:00,22950.0,23000.0,22800.0,22900.0,39934,0.0,0.0
2022-11-28 13:00:00+09:00,23000.0,23000.0,22750.0,22900.0,35868,0.0,0.0
2022-11-28 14:00:00+09:00,22900.0,23000.0,22750.0,22950.0,66440,0.0,0.0
2022-11-29 09:00:00+09:00,22900.0,23250.0,22700.0,22950.0,0,0.0,0.0
2022-11-29 10:00:00+09:00,23000.0,23250.0,22800.0,23050.0,44043,0.0,0.0
2022-11-29 11:00:00+09:00,23100.0,23350.0,23000.0,23200.0,39258,0.0,0.0
2022-11-29 12:00:00+09:00,23200.0,23300.0,23100.0,23200.0,28472,0.0,0.0
2022-11-29 13:00:00+09:00,23200.0,23300.0,23150.0,23150.0,23426,0.0,0.0
2022-11-29 14:00:00+09:00,23150.0,23250.0,23000.0,23250.0,64805,0.0,0.0
2022-11-30 09:00:00+09:00,23100.0,23100.0,22400.0,22800.0,0,0.0,0.0
2022-11-30 10:00:00+09:00,22750.0,24000.0,22750.0,23950.0,201393,0.0,0.0
2022-11-30 11:00:00+09:00,23950.0,24000.0,23650.0,23700.0,77958,0.0,0.0
2022-11-30 12:00:00+09:00,23700.0,23800.0,23600.0,23800.0,45750,0.0,0.0
2022-11-30 13:00:00+09:00,23800.0,24400.0,23750.0,24400.0,131416,0.0,0.0
2022-11-30 14:00:00+09:00,24400.0,24400.0,24000.0,24100.0,107932,0.0,0.0
2022-12-01 09:00:00+09:00,24650.0,25250.0,24300.0,25100.0,0,0.0,0.0
2022-12-01 10:00:00+09:00,25100.0,25200.0,24700.0,25150.0,161335,0.0,0.0
2022-12-01 11:00:00+09:00,25100.0,25350.0,24900.0,25200.0,134472,0.0,0.0
2022-12-01 12:00:00+09:00,25200.0,25200.0,24700.0,24800.0,62855,0.0,0.0
2022-12-01 13:00:00+09:00,24750.0,24850.0,24600.0,24700.0,44495,0.0,0.0
2022-12-01 14:00:00+09:00,24700.0,24800.0,24350.0,24550.0,78535,0.0,0.0
2022-12-02 09:00:00+09:00,24600.0,24700.0,24150.0,24200.0,0,0.0,0.0
2022-12-02 10:00:00+09:00,24200.0,24200.0,23850.0,23950.0,84421,0.0,0.0
2022-12-02 11:00:00+09:00,23950.0,24050.0,23850.0,23900.0,42701,0.0,0.0
2022-12-02 12:00:00+09:00,23900.0,24000.0,23750.0,23850.0,37104,0.0,0.0
2022-12-02 13:00:00+09:00,23850.0,24200.0,23750.0,24150.0,55980,0.0,0.0
2022-12-02 14:00:00+09:00,24100.0,24350.0,24050.0,24100.0,65376,0.0,0.0
2022-12-05 09:00:00+09:00,24100.0,24800.0,24000.0,24600.0,0,0.0,0.0
2022-12-05 10:00:00+09:00,24650.0,24900.0,24500.0,24600.0,76409,0.0,0.0
2022-12-05 11:00:00+09:00,24600.0,24850.0,24450.0,24700.0,38061,0.0,0.0
2022-12-05 12:00:00+09:00,24700.0,24900.0,24650.0,24850.0,51333,0.0,0.0
2022-12-05 13:00:00+09:00,24850.0,24900.0,24350.0,24450.0,47393,0.0,0.0
2022-12-05 14:00:00+09:00,24500.0,24600.0,24350.0,24500.0,33052,0.0,0.0
2022-12-06 09:00:00+09:00,24650.0,25000.0,24350.0,24450.0,0,0.0,0.0
2022-12-06 10:00:00+09:00,24450.0,24650.0,24350.0,24650.0,32109,0.0,0.0
2022-12-06 11:00:00+09:00,24650.0,24650.0,24100.0,24300.0,63334,0.0,0.0
2022-12-06 12:00:00+09:00,24300.0,24450.0,24150.0,24450.0,44376,0.0,0.0
2022-12-06 13:00:00+09:00,24450.0,24700.0,24400.0,24650.0,43777,0.0,0.0
2022-12-06 14:00:00+09:00,24650.0,24650.0,24350.0,24500.0,37141,0.0,0.0
2022-12-07 09:00:00+09:00,24150.0,25000.0,24100.0,24700.0,153571,0.0,0.0
2022-12-07 10:00:00+09:00,24750.0,25250.0,24650.0,25200.0,194722,0.0,0.0
2022-12-07 11:00:00+09:00,25200.0,25350.0,25100.0,25200.0,85034,0.0,0.0
2022-12-07 12:00:00+09:00,25200.0,25300.0,25100.0,25300.0,56934,0.0,0.0
2022-12-07 13:00:00+09:00,25350.0,25500.0,25300.0,25400.0,104255,0.0,0.0
2022-12-07 14:00:00+09:00,25400.0,25450.0,25250.0,25300.0,81099,0.0,0.0
2022-12-08 09:00:00+09:00,25150.0,25400.0,24700.0,24900.0,0,0.0,0.0
2022-12-08 10:00:00+09:00,24900.0,25000.0,24750.0,24950.0,36412,0.0,0.0
2022-12-08 11:00:00+09:00,24950.0,25100.0,24900.0,25050.0,27763,0.0,0.0
2022-12-08 12:00:00+09:00,25050.0,25150.0,24900.0,25050.0,34399,0.0,0.0
2022-12-08 13:00:00+09:00,25050.0,25050.0,24850.0,24900.0,31771,0.0,0.0
2022-12-08 14:00:00+09:00,24900.0,25100.0,24800.0,25000.0,57412,0.0,0.0
2022-12-09 09:00:00+09:00,25050.0,25400.0,24600.0,24650.0,0,0.0,0.0
2022-12-09 10:00:00+09:00,24650.0,24750.0,24300.0,24400.0,104143,0.0,0.0
2022-12-09 11:00:00+09:00,24400.0,24550.0,24250.0,24350.0,59448,0.0,0.0
2022-12-09 12:00:00+09:00,24350.0,24800.0,24300.0,24600.0,53320,0.0,0.0
2022-12-09 13:00:00+09:00,24600.0,25000.0,24500.0,24650.0,83670,0.0,0.0
2022-12-09 14:00:00+09:00,24650.0,24800.0,24400.0,24450.0,96512,0.0,0.0
2022-12-12 09:00:00+09:00,24250.0,24400.0,23400.0,23450.0,0,0.0,0.0
2022-12-12 10:00:00+09:00,23450.0,23800.0,23050.0,23200.0,361313,0.0,0.0
2022-12-12 11:00:00+09:00,23150.0,23200.0,22700.0,22700.0,139077,0.0,0.0
2022-12-12 12:00:00+09:00,22700.0,22800.0,22000.0,22050.0,228629,0.0,0.0
2022-12-12 13:00:00+09:00,22050.0,22400.0,21750.0,22350.0,332438,0.0,0.0
2022-12-12 14:00:00+09:00,22350.0,23000.0,22300.0,22900.0,248635,0.0,0.0
2022-12-13 09:00:00+09:00,22100.0,22950.0,21200.0,22750.0,0,0.0,0.0
2022-12-13 10:00:00+09:00,22800.0,23050.0,22300.0,22450.0,189344,0.0,0.0
2022-12-13 11:00:00+09:00,22450.0,22450.0,22200.0,22350.0,112861,0.0,0.0
2022-12-13 12:00:00+09:00,22350.0,22400.0,21950.0,22000.0,113637,0.0,0.0
2022-12-13 13:00:00+09:00,21950.0,22150.0,21900.0,22050.0,100975,0.0,0.0
2022-12-13 14:00:00+09:00,22000.0,22250.0,21950.0,22100.0,89184,0.0,0.0
2022-12-14 09:00:00+09:00,22300.0,22600.0,22050.0,22500.0,0,0.0,0.0
2022-12-14 10:00:00+09:00,22550.0,22600.0,22350.0,22400.0,59611,0.0,0.0
2022-12-14 11:00:00+09:00,22400.0,22450.0,21900.0,21950.0,76759,0.0,0.0
2022-12-14 12:00:00+09:00,22000.0,22100.0,21500.0,21700.0,124803,0.0,0.0
2022-12-14 13:00:00+09:00,21700.0,22100.0,21600.0,21950.0,85477,0.0,0.0
2022-12-14 14:00:00+09:00,21900.0,22150.0,21900.0,22050.0,53660,0.0,0.0
2022-12-15 09:00:00+09:00,22000.0,22400.0,21900.0,22000.0,0,0.0,0.0
2022-12-15 10:00:00+09:00,22000.0,22350.0,21950.0,22200.0,46263,0.0,0.0
2022-12-15 11:00:00+09:00,22200.0,22400.0,22200.0,22250.0,35140,0.0,0.0
2022-12-15 12:00:00+09:00,22250.0,22350.0,22100.0,22150.0,26776,0.0,0.0
2022-12-15 13:00:00+09:00,22150.0,22200.0,21900.0,22100.0,55093,0.0,0.0
2022-12-15 14:00:00+09:00,22100.0,22300.0,22000.0,22000.0,51287,0.0,0.0
2022-12-16 09:00:00+09:00,21450.0,22250.0,21450.0,22050.0,0,0.0,0.0
2022-12-16 10:00:00+09:00,22100.0,22550.0,22050.0,22550.0,65078,0.0,0.0
2022-12-16 11:00:00+09:00,22550.0,22550.0,22400.0,22500.0,29266,0.0,0.0
2022-12-16 12:00:00+09:00,22500.0,22600.0,22450.0,22500.0,38084,0.0,0.0
2022-12-16 13:00:00+09:00,22500.0,22700.0,22400.0,22550.0,65712,0.0,0.0
2022-12-16 14:00:00+09:00,22550.0,22600.0,22450.0,22550.0,51476,0.0,0.0
2022-12-19 09:00:00+09:00,22950.0,22950.0,22200.0,22300.0,91048,0.0,0.0
2022-12-19 10:00:00+09:00,22250.0,22500.0,22250.0,22300.0,32295,0.0,0.0
2022-12-19 11:00:00+09:00,22300.0,22450.0,22250.0,22400.0,15318,0.0,0.0
2022-12-19 12:00:00+09:00,22400.0,22450.0,22150.0,22200.0,26331,0.0,0.0
2022-12-19 13:00:00+09:00,22150.0,22300.0,22050.0,22200.0,42924,0.0,0.0
2022-12-19 14:00:00+09:00,22250.0,22350.0,22100.0,22350.0,27851,0.0,0.0
2022-12-20 09:00:00+09:00,22000.0,22150.0,21850.0,22050.0,0,0.0,0.0
2022-12-20 10:00:00+09:00,22000.0,22300.0,21950.0,22000.0,18850,0.0,0.0
2022-12-20 11:00:00+09:00,22050.0,22100.0,21950.0,22000.0,14144,0.0,0.0
2022-12-20 12:00:00+09:00,22000.0,22100.0,21800.0,21800.0,30118,0.0,0.0
2022-12-20 13:00:00+09:00,21850.0,21850.0,21600.0,21700.0,49928,0.0,0.0
2022-12-20 14:00:00+09:00,21700.0,21750.0,21500.0,21550.0,53715,0.0,0.0
2022-12-21 09:00:00+09:00,21750.0,22000.0,21500.0,21650.0,0,0.0,0.0
2022-12-21 10:00:00+09:00,21650.0,21850.0,21600.0,21750.0,21965,0.0,0.0
2022-12-21 11:00:00+09:00,21800.0,22000.0,21750.0,21900.0,40313,0.0,0.0
2022-12-21 12:00:00+09:00,21900.0,22000.0,21800.0,21900.0,13675,0.0,0.0
2022-12-21 13:00:00+09:00,21900.0,21950.0,21750.0,21900.0,18771,0.0,0.0
2022-12-21 14:00:00+09:00,21900.0,21950.0,21750.0,21800.0,25492,0.0,0.0
2022-12-22 09:00:00+09:00,21900.0,22350.0,21650.0,22250.0,0,0.0,0.0
2022-12-22 10:00:00+09:00,22250.0,22550.0,22200.0,22300.0,62690,0.0,0.0
2022-12-22 11:00:00+09:00,22300.0,22300.0,22150.0,22200.0,20485,0.0,0.0
2022-12-22 12:00:00+09:00,22200.0,22300.0,22150.0,22250.0,19542,0.0,0.0
2022-12-22 13:00:00+09:00,22250.0,22300.0,22100.0,22250.0,22629,0.0,0.0
2022-12-22 14:00:00+09:00,22300.0,22400.0,22250.0,22400.0,35929,0.0,0.0
2022-12-23 09:00:00+09:00,22000.0,22200.0,21700.0,21750.0,0,0.0,0.0
2022-12-23 10:00:00+09:00,21800.0,21800.0,20950.0,21250.0,249483,0.0,0.0
2022-12-23 11:00:00+09:00,21250.0,21450.0,21100.0,21250.0,63413,0.0,0.0
2022-12-23 12:00:00+09:00,21300.0,21400.0,21200.0,21350.0,47375,0.0,0.0
2022-12-23 13:00:00+09:00,21400.0,21600.0,21300.0,21550.0,50215,0.0,0.0
2022-12-23 14:00:00+09:00,21500.0,21600.0,21350.0,21400.0,57261,0.0,0.0
2022-12-26 09:00:00+09:00,21600.0,22350.0,21600.0,21900.0,0,0.0,0.0
2022-12-26 10:00:00+09:00,21950.0,22300.0,21800.0,22300.0,68672,0.0,0.0
2022-12-26 11:00:00+09:00,22300.0,22400.0,22200.0,22300.0,50462,0.0,0.0
2022-12-26 12:00:00+09:00,22250.0,22650.0,22250.0,22550.0,79810,0.0,0.0
2022-12-26 13:00:00+09:00,22550.0,22800.0,22400.0,22650.0,97576,0.0,0.0
2022-12-26 14:00:00+09:00,22650.0,22750.0,22450.0,22600.0,88536,0.0,0.0
2022-12-27 09:00:00+09:00,22850.0,22950.0,22500.0,22900.0,0,0.0,0.0
2022-12-27 10:00:00+09:00,22950.0,23100.0,22800.0,22900.0,104250,0.0,0.0
2022-12-27 11:00:00+09:00,22850.0,23050.0,22800.0,22850.0,50003,0.0,0.0
2022-12-27 12:00:00+09:00,22800.0,22950.0,22800.0,22800.0,32740,0.0,0.0
2022-12-27 13:00:00+09:00,22850.0,23200.0,22800.0,23200.0,89826,0.0,0.0
2022-12-27 14:00:00+09:00,23200.0,23300.0,23000.0,23150.0,96648,0.0,0.0
2022-12-28 09:00:00+09:00,23100.0,23600.0,22800.0,23450.0,0,0.0,0.0
2022-12-28 10:00:00+09:00,23450.0,23600.0,23100.0,23400.0,64480,0.0,0.0
2022-12-28 11:00:00+09:00,23400.0,23400.0,23000.0,23200.0,58997,0.0,0.0
2022-12-28 12:00:00+09:00,23200.0,23200.0,22900.0,23000.0,39485,0.0,0.0
2022-12-28 13:00:00+09:00,23000.0,23300.0,22950.0,23200.0,52828,0.0,0.0
2022-12-28 14:00:00+09:00,23200.0,23300.0,22950.0,23100.0,54051,0.0,0.0
2022-12-29 09:00:00+09:00,22850.0,23250.0,22750.0,23150.0,0,0.0,0.0
2022-12-29 10:00:00+09:00,23150.0,23150.0,22800.0,22850.0,44525,0.0,0.0
2022-12-29 11:00:00+09:00,22850.0,22950.0,22800.0,22950.0,28601,0.0,0.0
2022-12-29 12:00:00+09:00,22900.0,22950.0,22650.0,22750.0,50553,0.0,0.0
2022-12-29 13:00:00+09:00,22750.0,23250.0,22650.0,23150.0,58676,0.0,0.0
2022-12-29 14:00:00+09:00,23150.0,23250.0,22800.0,22800.0,42275,0.0,0.0
2023-01-02 10:00:00+09:00,23100.0,23550.0,22800.0,22900.0,115077,0.0,0.0
2023-01-02 11:00:00+09:00,22950.0,23200.0,22900.0,22950.0,28869,0.0,0.0
2023-01-02 12:00:00+09:00,22950.0,23050.0,22300.0,22550.0,83926,0.0,0.0
2023-01-02 13:00:00+09:00,22550.0,22950.0,22550.0,22550.0,40521,0.0,0.0
2023-01-02 14:00:00+09:00,22550.0,22700.0,22100.0,22500.0,79207,0.0,0.0
2023-01-03 09:00:00+09:00,22450.0,23000.0,22350.0,22950.0,0,0.0,0.0
2023-01-03 10:00:00+09:00,22950.0,23000.0,22550.0,22800.0,81431,0.0,0.0
2023-01-03 11:00:00+09:00,22800.0,23550.0,22650.0,23500.0,90413,0.0,0.0
2023-01-03 12:00:00+09:00,23500.0,23750.0,23300.0,23750.0,76956,0.0,0.0
2023-01-03 13:00:00+09:00,23750.0,23900.0,23550.0,23800.0,105009,0.0,0.0
2023-01-03 14:00:00+09:00,23800.0,23800.0,23300.0,23500.0,84491,0.0,0.0
2023-01-04 09:00:00+09:00,23250.0,23550.0,22950.0,23050.0,0,0.0,0.0
2023-01-04 10:00:00+09:00,23050.0,23050.0,22750.0,22850.0,59683,0.0,0.0
2023-01-04 11:00:00+09:00,22850.0,22900.0,22600.0,22700.0,65256,0.0,0.0
2023-01-04 12:00:00+09:00,22650.0,22900.0,22650.0,22850.0,36723,0.0,0.0
2023-01-04 13:00:00+09:00,22850.0,22850.0,22600.0,22600.0,40367,0.0,0.0
2023-01-04 14:00:00+09:00,22600.0,22650.0,22350.0,22400.0,93133,0.0,0.0
2023-01-05 09:00:00+09:00,22700.0,23100.0,22450.0,22700.0,0,0.0,0.0
2023-01-05 10:00:00+09:00,22750.0,23100.0,22500.0,22950.0,76674,0.0,0.0
2023-01-05 11:00:00+09:00,23000.0,23000.0,22800.0,22950.0,29114,0.0,0.0
2023-01-05 12:00:00+09:00,22950.0,22950.0,22600.0,22650.0,42733,0.0,0.0
2023-01-05 13:00:00+09:00,22700.0,22750.0,22500.0,22550.0,31629,0.0,0.0
2023-01-05 14:00:00+09:00,22600.0,22650.0,22350.0,22500.0,43031,0.0,0.0
2023-01-06 09:00:00+09:00,22500.0,22500.0,21400.0,21850.0,0,0.0,0.0
2023-01-06 10:00:00+09:00,21850.0,22450.0,21700.0,22450.0,100238,0.0,0.0
2023-01-06 11:00:00+09:00,22450.0,22550.0,22250.0,22300.0,46216,0.0,0.0
2023-01-06 12:00:00+09:00,22300.0,22400.0,22000.0,22200.0,57293,0.0,0.0
2023-01-06 13:00:00+09:00,22250.0,22600.0,22200.0,22450.0,66800,0.0,0.0
2023-01-06 14:00:00+09:00,22450.0,22500.0,22200.0,22250.0,43022,0.0,0.0
2023-01-09 09:00:00+09:00,22900.0,23200.0,22350.0,22750.0,0,0.0,0.0
2023-01-09 10:00:00+09:00,22750.0,22800.0,22550.0,22600.0,57160,0.0,0.0
2023-01-09 11:00:00+09:00,22600.0,22900.0,22550.0,22700.0,41029,0.0,0.0
2023-01-09 12:00:00+09:00,22750.0,22750.0,22500.0,22550.0,33431,0.0,0.0
2023-01-09 13:00:00+09:00,22550.0,22650.0,22350.0,22450.0,69629,0.0,0.0
2023-01-09 14:00:00+09:00,22450.0,22650.0,22450.0,22550.0,32029,0.0,0.0
2023-01-10 09:00:00+09:00,22600.0,22600.0,21050.0,21150.0,0,0.0,0.0
2023-01-10 10:00:00+09:00,21150.0,21700.0,20950.0,21700.0,273276,0.0,0.0
2023-01-10 11:00:00+09:00,21650.0,21700.0,21450.0,21500.0,93026,0.0,0.0
2023-01-10 12:00:00+09:00,21450.0,21500.0,21300.0,21350.0,60227,0.0,0.0
2023-01-10 13:00:00+09:00,21300.0,21400.0,21200.0,21300.0,76318,0.0,0.0
2023-01-10 14:00:00+09:00,21250.0,21400.0,21150.0,21250.0,79413,0.0,0.0
2023-01-11 09:00:00+09:00,21400.0,21500.0,21050.0,21200.0,0,0.0,0.0
2023-01-11 10:00:00+09:00,21150.0,21350.0,21150.0,21250.0,43265,0.0,0.0
2023-01-11 11:00:00+09:00,21250.0,21450.0,21200.0,21450.0,36179,0.0,0.0
2023-01-11 12:00:00+09:00,21400.0,21500.0,21300.0,21450.0,36905,0.0,0.0
2023-01-11 13:00:00+09:00,21450.0,21600.0,21350.0,21600.0,43306,0.0,0.0
2023-01-11 14:00:00+09:00,21600.0,21650.0,21350.0,21450.0,55056,0.0,0.0
2023-01-12 09:00:00+09:00,21250.0,21350.0,20700.0,21250.0,0,0.0,0.0
2023-01-12 10:00:00+09:00,21250.0,21400.0,21200.0,21350.0,44859,0.0,0.0
2023-01-12 11:00:00+09:00,21350.0,21500.0,21250.0,21350.0,42308,0.0,0.0
2023-01-12 12:00:00+09:00,21300.0,21450.0,21200.0,21400.0,27628,0.0,0.0
2023-01-12 13:00:00+09:00,21400.0,21650.0,21350.0,21650.0,76334,0.0,0.0
2023-01-12 14:00:00+09:00,21600.0,21850.0,21600.0,21850.0,89011,0.0,0.0
2023-01-13 09:00:00+09:00,21750.0,21900.0,21450.0,21450.0,0,0.0,0.0
2023-01-13 10:00:00+09:00,21500.0,21550.0,21150.0,21200.0,119974,0.0,0.0
2023-01-13 11:00:00+09:00,21200.0,21400.0,21200.0,21400.0,36360,0.0,0.0
2023-01-13 12:00:00+09:00,21350.0,21400.0,21250.0,21350.0,25432,0.0,0.0
2023-01-13 13:00:00+09:00,21300.0,21400.0,21250.0,21350.0,23902,0.0,0.0
2023-01-13 14:00:00+09:00,21300.0,21350.0,21150.0,21200.0,52146,0.0,0.0
2023-01-16 09:00:00+09:00,21300.0,21450.0,21050.0,21250.0,0,0.0,0.0
2023-01-16 10:00:00+09:00,21350.0,21350.0,21150.0,21200.0,33993,0.0,0.0
2023-01-16 11:00:00+09:00,21200.0,21600.0,21200.0,21600.0,42850,0.0,0.0
2023-01-16 12:00:00+09:00,21600.0,21600.0,21350.0,21450.0,16575,0.0,0.0
2023-01-16 13:00:00+09:00,21450.0,21500.0,21300.0,21400.0,21727,0.0,0.0
2023-01-16 14:00:00+09:00,21350.0,21400.0,21250.0,21300.0,36023,0.0,0.0
2023-01-17 09:00:00+09:00,21500.0,21500.0,20900.0,21000.0,0,0.0,0.0
2023-01-17 10:00:00+09:00,21000.0,21050.0,20900.0,20950.0,65275,0.0,0.0
2023-01-17 11:00:00+09:00,20950.0,21000.0,20800.0,20800.0,50357,0.0,0.0
2023-01-17 12:00:00+09:00,20800.0,20900.0,20750.0,20800.0,31762,0.0,0.0
2023-01-17 13:00:00+09:00,20850.0,20900.0,20650.0,20700.0,65315,0.0,0.0
2023-01-17 14:00:00+09:00,20700.0,20750.0,20550.0,20600.0,114767,0.0,0.0
2023-01-18 09:00:00+09:00,20900.0,21250.0,20700.0,21100.0,0,0.0,0.0
2023-01-18 10:00:00+09:00,21100.0,21150.0,20850.0,21100.0,38138,0.0,0.0
2023-01-18 11:00:00+09:00,21100.0,21900.0,21100.0,21900.0,258391,0.0,0.0
2023-01-18 12:00:00+09:00,21850.0,22450.0,21800.0,22100.0,272505,0.0,0.0
2023-01-18 13:00:00+09:00,22150.0,22150.0,21850.0,21900.0,121515,0.0,0.0
2023-01-18 14:00:00+09:00,21900.0,21950.0,21400.0,21450.0,172614,0.0,0.0
2023-01-19 09:00:00+09:00,21500.0,21500.0,20150.0,20300.0,0,0.0,0.0
2023-01-19 10:00:00+09:00,20300.0,20450.0,20200.0,20300.0,144178,0.0,0.0
2023-01-19 11:00:00+09:00,20350.0,20600.0,20300.0,20450.0,62779,0.0,0.0
2023-01-19 12:00:00+09:00,20450.0,20550.0,20350.0,20350.0,49111,0.0,0.0
2023-01-19 13:00:00+09:00,20400.0,20400.0,20250.0,20250.0,89113,0.0,0.0
2023-01-19 14:00:00+09:00,20250.0,20350.0,20200.0,20250.0,91494,0.0,0.0
2023-01-20 09:00:00+09:00,20100.0,20250.0,19600.0,19600.0,0,0.0,0.0
2023-01-20 10:00:00+09:00,19600.0,19900.0,19550.0,19850.0,118149,0.0,0.0
2023-01-20 11:00:00+09:00,19850.0,19900.0,19650.0,19700.0,41690,0.0,0.0
2023-01-20 12:00:00+09:00,19700.0,19800.0,19650.0,19750.0,37312,0.0,0.0
2023-01-20 13:00:00+09:00,19750.0,19900.0,19700.0,19800.0,50092,0.0,0.0
2023-01-20 14:00:00+09:00,19850.0,20000.0,19750.0,19950.0,57732,0.0,0.0
2023-01-25 09:00:00+09:00,20050.0,20250.0,19870.0,20050.0,0,0.0,0.0
2023-01-25 10:00:00+09:00,20150.0,20150.0,19900.0,19900.0,51257,0.0,0.0
2023-01-25 11:00:00+09:00,19900.0,20050.0,19820.0,19820.0,61166,0.0,0.0
2023-01-25 12:00:00+09:00,19820.0,20050.0,19820.0,19970.0,39122,0.0,0.0
2023-01-25 13:00:00+09:00,19970.0,20050.0,19870.0,19890.0,44619,0.0,0.0
2023-01-25 14:00:00+09:00,19890.0,20050.0,19770.0,19780.0,77899,0.0,0.0
2023-01-26 09:00:00+09:00,19810.0,20100.0,19650.0,20050.0,0,0.0,0.0
2023-01-26 10:00:00+09:00,20050.0,20150.0,20000.0,20100.0,30159,0.0,0.0
2023-01-26 11:00:00+09:00,20100.0,20250.0,20100.0,20200.0,27303,0.0,0.0
2023-01-26 12:00:00+09:00,20200.0,20250.0,20100.0,20150.0,21811,0.0,0.0
2023-01-26 13:00:00+09:00,20150.0,20250.0,19980.0,20000.0,50326,0.0,0.0
2023-01-26 14:00:00+09:00,20000.0,20100.0,19990.0,20000.0,34320,0.0,0.0
2023-01-27 09:00:00+09:00,20100.0,20250.0,19980.0,19990.0,0,0.0,0.0
2023-01-27 10:00:00+09:00,20050.0,20150.0,19970.0,20150.0,34218,0.0,0.0
2023-01-27 11:00:00+09:00,20150.0,20150.0,19920.0,19920.0,57460,0.0,0.0
2023-01-27 12:00:00+09:00,19920.0,19950.0,19870.0,19870.0,52397,0.0,0.0
2023-01-27 13:00:00+09:00,19880.0,19880.0,19620.0,19660.0,116653,0.0,0.0
2023-01-27 14:00:00+09:00,19660.0,19800.0,19640.0,19770.0,53532,0.0,0.0
2023-01-30 09:00:00+09:00,19700.0,19740.0,19560.0,19590.0,0,0.0,0.0
2023-01-30 10:00:00+09:00,19590.0,19590.0,19230.0,19250.0,152621,0.0,0.0
2023-01-30 11:00:00+09:00,19250.0,19280.0,19160.0,19190.0,71695,0.0,0.0
2023-01-30 12:00:00+09:00,19180.0,19320.0,19170.0,19320.0,32572,0.0,0.0
2023-01-30 13:00:00+09:00,19320.0,19400.0,19290.0,19300.0,32610,0.0,0.0
2023-01-30 14:00:00+09:00,19300.0,19330.0,19250.0,19280.0,43883,0.0,0.0
2023-01-31 09:00:00+09:00,19270.0,19600.0,19110.0,19470.0,89407,0.0,0.0
2023-01-31 10:00:00+09:00,19480.0,19780.0,19450.0,19700.0,86917,0.0,0.0
2023-01-31 11:00:00+09:00,19710.0,19720.0,19560.0,19650.0,24563,0.0,0.0
2023-01-31 12:00:00+09:00,19650.0,19660.0,19500.0,19520.0,25923,0.0,0.0
2023-01-31 13:00:00+09:00,19520.0,19570.0,19440.0,19560.0,26127,0.0,0.0
2023-01-31 14:00:00+09:00,19570.0,19580.0,19470.0,19480.0,35567,0.0,0.0
2023-02-01 09:00:00+09:00,19570.0,19960.0,19500.0,19940.0,99829,0.0,0.0
2023-02-01 10:00:00+09:00,19940.0,20100.0,19890.0,20050.0,89309,0.0,0.0
2023-02-01 11:00:00+09:00,20050.0,20100.0,19920.0,19990.0,35005,0.0,0.0
2023-02-01 12:00:00+09:00,19970.0,20100.0,19970.0,20100.0,40317,0.0,0.0
2023-02-01 13:00:00+09:00,20150.0,20250.0,20050.0,20100.0,86883,0.0,0.0
2023-02-01 14:00:00+09:00,20150.0,20200.0,20050.0,20200.0,53553,0.0,0.0
2023-02-02 09:00:00+09:00,20500.0,21350.0,20350.0,21350.0,399162,0.0,0.0
2023-02-02 10:00:00+09:00,21350.0,22100.0,21300.0,21950.0,462231,0.0,0.0
2023-02-02 11:00:00+09:00,21950.0,21950.0,21600.0,21800.0,122757,0.0,0.0
2023-02-02 12:00:00+09:00,21800.0,21800.0,21650.0,21700.0,47420,0.0,0.0
2023-02-02 13:00:00+09:00,21700.0,22050.0,21600.0,22000.0,143032,0.0,0.0
2023-02-02 14:00:00+09:00,22000.0,22100.0,21600.0,21650.0,138757,0.0,0.0
2023-02-03 09:00:00+09:00,21700.0,21900.0,21450.0,21650.0,142995,0.0,0.0
2023-02-03 10:00:00+09:00,21650.0,22450.0,21650.0,22000.0,158171,0.0,0.0
2023-02-03 11:00:00+09:00,22000.0,22100.0,21650.0,21950.0,53904,0.0,0.0
2023-02-03 12:00:00+09:00,21900.0,22050.0,21800.0,22000.0,37956,0.0,0.0
2023-02-03 13:00:00+09:00,22000.0,22000.0,21650.0,21800.0,42252,0.0,0.0
2023-02-03 14:00:00+09:00,21800.0,21850.0,21650.0,21750.0,30922,0.0,0.0
2023-02-06 09:00:00+09:00,21350.0,21900.0,21000.0,21150.0,0,0.0,0.0
2023-02-06 10:00:00+09:00,21200.0,21550.0,21100.0,21500.0,39774,0.0,0.0
2023-02-06 11:00:00+09:00,21450.0,21500.0,21200.0,21250.0,24189,0.0,0.0
2023-02-06 12:00:00+09:00,21250.0,21400.0,21200.0,21350.0,19577,0.0,0.0
2023-02-06 13:00:00+09:00,21300.0,21400.0,21200.0,21350.0,19177,0.0,0.0
2023-02-06 14:00:00+09:00,21350.0,21350.0,20950.0,21050.0,75501,0.0,0.0
2023-02-07 09:00:00+09:00,21000.0,21450.0,21000.0,21350.0,71047,0.0,0.0
2023-02-07 10:00:00+09:00,21350.0,21750.0,21350.0,21450.0,72769,0.0,0.0
2023-02-07 11:00:00+09:00,21450.0,21600.0,21400.0,21550.0,28396,0.0,0.0
2023-02-07 12:00:00+09:00,21550.0,21550.0,21450.0,21550.0,20878,0.0,0.0
2023-02-07 13:00:00+09:00,21550.0,21750.0,21350.0,21500.0,59145,0.0,0.0
2023-02-07 14:00:00+09:00,21450.0,21700.0,21450.0,21600.0,39181,0.0,0.0
2023-02-08 09:00:00+09:00,21700.0,21900.0,21450.0,21850.0,72921,0.0,0.0
2023-02-08 10:00:00+09:00,21900.0,21950.0,21650.0,21850.0,39909,0.0,0.0
2023-02-08 11:00:00+09:00,21850.0,21950.0,21750.0,21950.0,27304,0.0,0.0
2023-02-08 12:00:00+09:00,21950.0,21950.0,21750.0,21800.0,23920,0.0,0.0
2023-02-08 13:00:00+09:00,21750.0,21800.0,21550.0,21550.0,26402,0.0,0.0
2023-02-08 14:00:00+09:00,21550.0,21800.0,21500.0,21650.0,32308,0.0,0.0
2023-02-09 09:00:00+09:00,21550.0,21600.0,21200.0,21500.0,65856,0.0,0.0
2023-02-09 10:00:00+09:00,21550.0,21850.0,21400.0,21700.0,36485,0.0,0.0
2023-02-09 11:00:00+09:00,21750.0,21800.0,21600.0,21750.0,18673,0.0,0.0
2023-02-09 12:00:00+09:00,21800.0,21800.0,21550.0,21600.0,23632,0.0,0.0
2023-02-09 13:00:00+09:00,21650.0,21650.0,21450.0,21450.0,30069,0.0,0.0
2023-02-09 14:00:00+09:00,21450.0,21700.0,21400.0,21600.0,37477,0.0,0.0
2023-02-10 09:00:00+09:00,21500.0,21600.0,21150.0,21200.0,117153,0.0,0.0
2023-02-10 10:00:00+09:00,21200.0,21450.0,21100.0,21400.0,46179,0.0,0.0
2023-02-10 11:00:00+09:00,21350.0,21400.0,21150.0,21200.0,26704,0.0,0.0
2023-02-10 12:00:00+09:00,21200.0,21250.0,21100.0,21250.0,27416,0.0,0.0
2023-02-10 13:00:00+09:00,21250.0,21250.0,21100.0,21150.0,21725,0.0,0.0
2023-02-10 14:00:00+09:00,21150.0,21250.0,21000.0,21150.0,44537,0.0,0.0
2023-02-13 09:00:00+09:00,21450.0,21800.0,21350.0,21550.0,0,0.0,0.0
2023-02-13 10:00:00+09:00,21550.0,21600.0,21350.0,21500.0,37734,0.0,0.0
2023-02-13 11:00:00+09:00,21550.0,21650.0,21450.0,21500.0,19493,0.0,0.0
2023-02-13 12:00:00+09:00,21500.0,21550.0,21400.0,21400.0,17133,0.0,0.0
2023-02-13 13:00:00+09:00,21400.0,21450.0,21250.0,21250.0,27666,0.0,0.0
2023-02-13 14:00:00+09:00,21250.0,21400.0,21250.0,21300.0,15506,0.0,0.0
2023-02-14 09:00:00+09:00,21250.0,21450.0,20500.0,20650.0,0,0.0,0.0
2023-02-14 10:00:00+09:00,20650.0,20950.0,20550.0,20950.0,49418,0.0,0.0
2023-02-14 11:00:00+09:00,20850.0,21000.0,20800.0,20900.0,26008,0.0,0.0
2023-02-14 12:00:00+09:00,20900.0,21100.0,20850.0,21000.0,20697,0.0,0.0
2023-02-14 13:00:00+09:00,21000.0,21100.0,20900.0,21000.0,29845,0.0,0.0
2023-02-14 14:00:00+09:00,21000.0,21100.0,20900.0,21050.0,44845,0.0,0.0
2023-02-15 09:00:00+09:00,21200.0,21350.0,20800.0,20950.0,0,0.0,0.0
2023-02-15 10:00:00+09:00,20950.0,21200.0,20950.0,21000.0,34950,0.0,0.0
2023-02-15 11:00:00+09:00,21000.0,21150.0,20800.0,20900.0,29712,0.0,0.0
2023-02-15 12:00:00+09:00,20900.0,21000.0,20800.0,21000.0,33572,0.0,0.0
2023-02-15 13:00:00+09:00,21000.0,21000.0,20800.0,20900.0,20375,0.0,0.0
2023-02-15 14:00:00+09:00,20900.0,20950.0,20650.0,20750.0,52970,0.0,0.0
2023-02-16 09:00:00+09:00,20700.0,21250.0,20650.0,21200.0,0,0.0,0.0
2023-02-16 10:00:00+09:00,21200.0,21550.0,21150.0,21450.0,72956,0.0,0.0
2023-02-16 11:00:00+09:00,21450.0,21450.0,21250.0,21300.0,22802,0.0,0.0
2023-02-16 12:00:00+09:00,21300.0,21350.0,21250.0,21250.0,18777,0.0,0.0
2023-02-16 13:00:00+09:00,21250.0,21300.0,21200.0,21200.0,19517,0.0,0.0
2023-02-16 14:00:00+09:00,21200.0,21300.0,21100.0,21250.0,26828,0.0,0.0
2023-02-17 09:00:00+09:00,21000.0,21100.0,20850.0,20950.0,0,0.0,0.0
2023-02-17 10:00:00+09:00,20950.0,21000.0,20800.0,20900.0,19838,0.0,0.0
2023-02-17 11:00:00+09:00,20850.0,20900.0,20700.0,20750.0,35216,0.0,0.0
2023-02-17 12:00:00+09:00,20750.0,20800.0,20650.0,20700.0,20893,0.0,0.0
2023-02-17 13:00:00+09:00,20700.0,20700.0,20500.0,20550.0,46838,0.0,0.0
2023-02-17 14:00:00+09:00,20500.0,20550.0,20350.0,20450.0,59233,0.0,0.0
2023-02-20 09:00:00+09:00,20300.0,21900.0,20100.0,21750.0,0,0.0,0.0
2023-02-20 10:00:00+09:00,21800.0,21950.0,21500.0,21800.0,166202,0.0,0.0
2023-02-20 11:00:00+09:00,21800.0,22000.0,21800.0,21850.0,75068,0.0,0.0
2023-02-20 12:00:00+09:00,21850.0,21950.0,21800.0,21900.0,48314,0.0,0.0
2023-02-20 13:00:00+09:00,21950.0,22000.0,21650.0,21650.0,71853,0.0,0.0
2023-02-20 14:00:00+09:00,21650.0,21750.0,21450.0,21550.0,81633,0.0,0.0
2023-02-21 09:00:00+09:00,21700.0,21750.0,21150.0,21150.0,109713,0.0,0.0
2023-02-21 10:00:00+09:00,21150.0,21200.0,21000.0,21100.0,60441,0.0,0.0
2023-02-21 11:00:00+09:00,21150.0,21250.0,21100.0,21200.0,26237,0.0,0.0
2023-02-21 12:00:00+09:00,21150.0,21250.0,21050.0,21200.0,27002,0.0,0.0
2023-02-21 13:00:00+09:00,21250.0,21250.0,21050.0,21100.0,23649,0.0,0.0
2023-02-21 14:00:00+09:00,21150.0,21250.0,21100.0,21200.0,31256,0.0,0.0
2023-02-22 09:00:00+09:00,20750.0,21000.0,20550.0,20800.0,0,0.0,0.0
2023-02-22 10:00:00+09:00,20850.0,20900.0,20550.0,20600.0,44841,0.0,0.0
2023-02-22 11:00:00+09:00,20650.0,20700.0,20600.0,20600.0,34343,0.0,0.0
2023-02-22 12:00:00+09:00,20600.0,20750.0,20600.0,20700.0,46841,0.0,0.0
2023-02-22 13:00:00+09:00,20700.0,20800.0,20600.0,20600.0,39822,0.0,0.0
2023-02-22 14:00:00+09:00,20600.0,20750.0,20600.0,20600.0,50730,0.0,0.0
2023-02-23 09:00:00+09:00,20600.0,21050.0,20600.0,21050.0,0,0.0,0.0
2023-02-23 10:00:00+09:00,21000.0,21100.0,20900.0,20950.0,29689,0.0,0.0
2023-02-23 11:00:00+09:00,20950.0,21050.0,20800.0,21000.0,23352,0.0,0.0
2023-02-23 12:00:00+09:00,21000.0,21050.0,20800.0,20900.0,25069,0.0,0.0
2023-02-23 13:00:00+09:00,20900.0,21000.0,20800.0,20950.0,17429,0.0,0.0
2023-02-23 14:00:00+09:00,20950.0,21000.0,20850.0,20900.0,21275,0.0,0.0
2023-02-24 09:00:00+09:00,20900.0,20950.0,20400.0,20450.0,0,0.0,0.0
2023-02-24 10:00:00+09:00,20500.0,20500.0,20400.0,20450.0,26441,0.0,0.0
2023-02-24 11:00:00+09:00,20450.0,20550.0,20400.0,20400.0,17920,0.0,0.0
2023-02-24 12:00:00+09:00,20400.0,20500.0,20300.0,20350.0,37867,0.0,0.0
2023-02-24 13:00:00+09:00,20350.0,20350.0,20150.0,20300.0,64768,0.0,0.0
2023-02-24 14:00:00+09:00,20350.0,20450.0,20200.0,20300.0,51214,0.0,0.0
2023-02-27 09:00:00+09:00,20100.0,20650.0,20050.0,20600.0,0,0.0,0.0
2023-02-27 10:00:00+09:00,20600.0,20650.0,20250.0,20600.0,31706,0.0,0.0
2023-02-27 11:00:00+09:00,20550.0,20600.0,20300.0,20400.0,11926,0.0,0.0
2023-02-27 12:00:00+09:00,20400.0,20450.0,20250.0,20250.0,12831,0.0,0.0
2023-02-27 13:00:00+09:00,20300.0,20500.0,20200.0,20400.0,15264,0.0,0.0
2023-02-27 14:00:00+09:00,20450.0,20550.0,20400.0,20500.0,28928,0.0,0.0
2023-02-28 09:00:00+09:00,20600.0,20650.0,20350.0,20450.0,0,0.0,0.0
2023-02-28 10:00:00+09:00,20450.0,20600.0,20300.0,20450.0,48368,0.0,0.0
2023-02-28 11:00:00+09:00,20500.0,20650.0,20450.0,20600.0,29478,0.0,0.0
2023-02-28 12:00:00+09:00,20600.0,20800.0,20600.0,20700.0,33382,0.0,0.0
2023-02-28 13:00:00+09:00,20700.0,20800.0,20600.0,20750.0,19945,0.0,0.0
2023-02-28 14:00:00+09:00,20750.0,20800.0,20600.0,20600.0,32224,0.0,0.0
2023-03-02 09:00:00+09:00,20850.0,20850.0,20350.0,20550.0,0,0.0,0.0
2023-03-02 10:00:00+09:00,20500.0,20550.0,20200.0,20250.0,72547,0.0,0.0
2023-03-02 11:00:00+09:00,20300.0,20350.0,20150.0,20200.0,40114,0.0,0.0
2023-03-02 12:00:00+09:00,20200.0,20300.0,20150.0,20200.0,40436,0.0,0.0
2023-03-02 13:00:00+09:00,20250.0,20350.0,20150.0,20300.0,26410,0.0,0.0
2023-03-02 14:00:00+09:00,20300.0,20500.0,20150.0,20250.0,58896,0.0,0.0
2023-03-03 09:00:00+09:00,20400.0,20600.0,20250.0,20450.0,0,0.0,0.0
2023-03-03 10:00:00+09:00,20450.0,20550.0,20300.0,20350.0,38077,0.0,0.0
2023-03-03 11:00:00+09:00,20350.0,20350.0,20250.0,20300.0,26467,0.0,0.0
2023-03-03 12:00:00+09:00,20300.0,20550.0,20300.0,20500.0,33022,0.0,0.0
2023-03-03 13:00:00+09:00,20500.0,21350.0,20500.0,20900.0,165584,0.0,0.0
2023-03-03 14:00:00+09:00,20850.0,20950.0,20700.0,20900.0,61944,0.0,0.0
2023-03-06 09:00:00+09:00,21000.0,21150.0,20350.0,20700.0,0,0.0,0.0
2023-03-06 10:00:00+09:00,20700.0,20700.0,20400.0,20500.0,66863,0.0,0.0
2023-03-06 11:00:00+09:00,20450.0,20650.0,20450.0,20550.0,37944,0.0,0.0
2023-03-06 12:00:00+09:00,20550.0,20600.0,20500.0,20600.0,14776,0.0,0.0
2023-03-06 13:00:00+09:00,20550.0,21000.0,20500.0,20950.0,59084,0.0,0.0
2023-03-06 14:00:00+09:00,20950.0,21000.0,20850.0,20950.0,60859,0.0,0.0
2023-03-07 09:00:00+09:00,20850.0,21900.0,20800.0,21900.0,259743,0.0,0.0
2023-03-07 10:00:00+09:00,21900.0,21950.0,21500.0,21700.0,133054,0.0,0.0
2023-03-07 11:00:00+09:00,21650.0,22350.0,21550.0,22000.0,279109,0.0,0.0
2023-03-07 12:00:00+09:00,22050.0,22200.0,21900.0,22150.0,79051,0.0,0.0
2023-03-07 13:00:00+09:00,22150.0,22300.0,22000.0,22150.0,136186,0.0,0.0
2023-03-07 14:00:00+09:00,22150.0,22250.0,22000.0,22050.0,141002,0.0,0.0
2023-03-08 09:00:00+09:00,22000.0,22400.0,21750.0,22400.0,0,0.0,0.0
2023-03-08 10:00:00+09:00,22400.0,22750.0,22250.0,22450.0,191217,0.0,0.0
2023-03-08 11:00:00+09:00,22500.0,22500.0,22200.0,22250.0,59090,0.0,0.0
2023-03-08 12:00:00+09:00,22250.0,22300.0,22100.0,22200.0,36059,0.0,0.0
2023-03-08 13:00:00+09:00,22200.0,22350.0,22100.0,22100.0,41622,0.0,0.0
2023-03-08 14:00:00+09:00,22100.0,22300.0,22000.0,22100.0,55604,0.0,0.0
2023-03-09 09:00:00+09:00,22550.0,22550.0,22000.0,22350.0,0,0.0,0.0
2023-03-09 10:00:00+09:00,22350.0,22700.0,22000.0,22200.0,121890,0.0,0.0
2023-03-09 11:00:00+09:00,22150.0,22600.0,22150.0,22450.0,56902,0.0,0.0
2023-03-09 12:00:00+09:00,22450.0,22500.0,22350.0,22350.0,36358,0.0,0.0
2023-03-09 13:00:00+09:00,22400.0,22650.0,22250.0,22500.0,68201,0.0,0.0
2023-03-09 14:00:00+09:00,22500.0,22500.0,22350.0,22450.0,37546,0.0,0.0
2023-03-10 09:00:00+09:00,22050.0,22450.0,21800.0,21800.0,0,0.0,0.0
2023-03-10 10:00:00+09:00,21800.0,22050.0,21600.0,21900.0,85188,0.0,0.0
2023-03-10 11:00:00+09:00,21850.0,21900.0,21650.0,21750.0,42198,0.0,0.0
2023-03-10 12:00:00+09:00,21750.0,21800.0,21400.0,21550.0,80165,0.0,0.0
2023-03-10 13:00:00+09:00,21500.0,21600.0,21400.0,21550.0,48516,0.0,0.0
2023-03-10 14:00:00+09:00,21550.0,21800.0,21450.0,21750.0,48035,0.0,0.0
2023-03-13 09:00:00+09:00,21400.0,21950.0,21400.0,21700.0,0,0.0,0.0
2023-03-13 10:00:00+09:00,21700.0,21700.0,21200.0,21450.0,83903,0.0,0.0
2023-03-13 11:00:00+09:00,21500.0,21900.0,21450.0,21900.0,34229,0.0,0.0
2023-03-13 12:00:00+09:00,21900.0,22050.0,21700.0,21700.0,57913,0.0,0.0
2023-03-13 13:00:00+09:00,21750.0,21800.0,21550.0,21650.0,32704,0.0,0.0
2023-03-13 14:00:00+09:00,21650.0,21700.0,21500.0,21500.0,47061,0.0,0.0
2023-03-14 09:00:00+09:00,21800.0,21800.0,21150.0,21300.0,0,0.0,0.0
2023-03-14 10:00:00+09:00,21350.0,21350.0,21100.0,21250.0,62601,0.0,0.0
2023-03-14 11:00:00+09:00,21250.0,21450.0,21200.0,21350.0,31537,0.0,0.0
2023-03-14 12:00:00+09:00,21350.0,21350.0,21050.0,21100.0,29640,0.0,0.0
2023-03-14 13:00:00+09:00,21100.0,21150.0,20850.0,20950.0,60238,0.0,0.0
2023-03-14 14:00:00+09:00,20850.0,20950.0,20600.0,20800.0,79616,0.0,0.0
2023-03-15 09:00:00+09:00,20950.0,21300.0,20850.0,20900.0,98479,0.0,0.0
2023-03-15 10:00:00+09:00,20900.0,21150.0,20850.0,21050.0,33819,0.0,0.0
2023-03-15 11:00:00+09:00,21050.0,21200.0,20950.0,21200.0,15751,0.0,0.0
2023-03-15 12:00:00+09:00,21200.0,21250.0,21050.0,21250.0,29003,0.0,0.0
2023-03-15 13:00:00+09:00,21200.0,21450.0,21100.0,21400.0,52760,0.0,0.0
2023-03-15 14:00:00+09:00,21450.0,21500.0,21100.0,21150.0,49080,0.0,0.0
2023-03-16 09:00:00+09:00,20850.0,20900.0,20350.0,20550.0,134016,0.0,0.0
2023-03-16 10:00:00+09:00,20550.0,20600.0,20250.0,20300.0,132332,0.0,0.0
2023-03-16 11:00:00+09:00,20250.0,20350.0,20050.0,20200.0,127499,0.0,0.0
2023-03-16 12:00:00+09:00,20200.0,20250.0,20050.0,20100.0,66849,0.0,0.0
2023-03-16 13:00:00+09:00,20100.0,20400.0,20050.0,20350.0,52017,0.0,0.0
2023-03-16 14:00:00+09:00,20350.0,20350.0,20200.0,20250.0,48618,0.0,0.0
2023-03-17 09:00:00+09:00,20600.0,21350.0,20550.0,21300.0,221995,0.0,0.0
2023-03-17 10:00:00+09:00,21300.0,22400.0,21250.0,22350.0,392956,0.0,0.0
2023-03-17 11:00:00+09:00,22350.0,22650.0,22300.0,22400.0,217626,0.0,0.0
2023-03-17 12:00:00+09:00,22500.0,22550.0,22000.0,22000.0,65143,0.0,0.0
2023-03-17 13:00:00+09:00,22000.0,22300.0,21900.0,22200.0,68149,0.0,0.0
2023-03-17 14:00:00+09:00,22250.0,22400.0,22100.0,22350.0,91506,0.0,0.0
2023-03-20 09:00:00+09:00,22400.0,23100.0,22200.0,22500.0,0,0.0,0.0
2023-03-20 10:00:00+09:00,22500.0,23050.0,22400.0,23000.0,170796,0.0,0.0
2023-03-20 11:00:00+09:00,23000.0,23050.0,22800.0,23000.0,79425,0.0,0.0
2023-03-20 12:00:00+09:00,23000.0,23050.0,22750.0,22900.0,44723,0.0,0.0
2023-03-20 13:00:00+09:00,22900.0,23150.0,22750.0,22900.0,122360,0.0,0.0
2023-03-20 14:00:00+09:00,22900.0,23100.0,22750.0,23050.0,87036,0.0,0.0
2023-03-21 09:00:00+09:00,23200.0,23400.0,22800.0,22900.0,187177,0.0,0.0
2023-03-21 10:00:00+09:00,22950.0,23000.0,22750.0,22750.0,61322,0.0,0.0
2023-03-21 11:00:00+09:00,22800.0,22850.0,22500.0,22650.0,47896,0.0,0.0
2023-03-21 12:00:00+09:00,22650.0,22650.0,22450.0,22500.0,34293,0.0,0.0
2023-03-21 13:00:00+09:00,22500.0,22650.0,22450.0,22600.0,44377,0.0,0.0
2023-03-21 14:00:00+09:00,22650.0,22650.0,22300.0,22300.0,72640,0.0,0.0
2023-03-22 09:00:00+09:00,22450.0,22450.0,21850.0,21850.0,129251,0.0,0.0
2023-03-22 10:00:00+09:00,21850.0,22000.0,21800.0,21850.0,60022,0.0,0.0
2023-03-22 11:00:00+09:00,21900.0,21900.0,21550.0,21600.0,82440,0.0,0.0
2023-03-22 12:00:00+09:00,21600.0,21700.0,21400.0,21500.0,70545,0.0,0.0
2023-03-22 13:00:00+09:00,21500.0,21700.0,21450.0,21700.0,28478,0.0,0.0
2023-03-22 14:00:00+09:00,21700.0,21750.0,21600.0,21700.0,33938,0.0,0.0
2023-03-23 09:00:00+09:00,21450.0,21550.0,20850.0,20850.0,181105,0.0,0.0
2023-03-23 10:00:00+09:00,20900.0,21050.0,20800.0,20950.0,78202,0.0,0.0
2023-03-23 11:00:00+09:00,20950.0,21050.0,20900.0,20950.0,40152,0.0,0.0
2023-03-23 12:00:00+09:00,21000.0,21050.0,20800.0,20850.0,46290,0.0,0.0
2023-03-23 13:00:00+09:00,20850.0,20950.0,20800.0,20900.0,40054,0.0,0.0
2023-03-23 14:00:00+09:00,20900.0,21100.0,20700.0,21050.0,122791,0.0,0.0
2023-03-24 09:00:00+09:00,20950.0,21300.0,20700.0,20850.0,140101,0.0,0.0
2023-03-24 10:00:00+09:00,20850.0,20900.0,20650.0,20800.0,67531,0.0,0.0
2023-03-24 11:00:00+09:00,20800.0,21050.0,20800.0,20950.0,30489,0.0,0.0
2023-03-24 12:00:00+09:00,20950.0,20950.0,20750.0,20850.0,24519,0.0,0.0
2023-03-24 13:00:00+09:00,20850.0,20850.0,20700.0,20750.0,37792,0.0,0.0
2023-03-24 14:00:00+09:00,20750.0,20850.0,20700.0,20800.0,30634,0.0,0.0
2023-03-27 09:00:00+09:00,20900.0,21000.0,20300.0,20350.0,0,0.0,0.0
2023-03-27 10:00:00+09:00,20350.0,20550.0,20300.0,20400.0,45697,0.0,0.0
2023-03-27 11:00:00+09:00,20400.0,21100.0,20350.0,20900.0,58907,0.0,0.0
2023-03-27 12:00:00+09:00,20900.0,21050.0,20800.0,20900.0,30776,0.0,0.0
2023-03-27 13:00:00+09:00,20900.0,21350.0,20900.0,21150.0,85845,0.0,0.0
2023-03-27 14:00:00+09:00,21150.0,21350.0,21150.0,21200.0,44169,0.0,0.0
2023-03-28 09:00:00+09:00,21350.0,21400.0,20850.0,20950.0,89408,0.0,0.0
2023-03-28 10:00:00+09:00,20950.0,21100.0,20700.0,20750.0,73868,0.0,0.0
2023-03-28 11:00:00+09:00,20750.0,20900.0,20650.0,20850.0,28552,0.0,0.0
2023-03-28 12:00:00+09:00,20850.0,20900.0,20650.0,20750.0,33982,0.0,0.0
2023-03-28 13:00:00+09:00,20750.0,20850.0,20700.0,20800.0,28937,0.0,0.0
2023-03-28 14:00:00+09:00,20850.0,20850.0,20700.0,20750.0,49183,0.0,0.0
2023-03-29 09:00:00+09:00,20800.0,21300.0,20650.0,21200.0,103305,0.0,0.0
2023-03-29 10:00:00+09:00,21200.0,21250.0,20850.0,20950.0,42711,0.0,0.0
2023-03-29 11:00:00+09:00,21050.0,21050.0,20750.0,20850.0,72238,0.0,0.0
2023-03-29 12:00:00+09:00,20900.0,21000.0,20850.0,20950.0,16086,0.0,0.0
2023-03-29 13:00:00+09:00,20950.0,20950.0,20700.0,20700.0,66654,0.0,0.0
2023-03-29 14:00:00+09:00,20700.0,20900.0,20650.0,20800.0,53324,0.0,0.0
2023-03-30 09:00:00+09:00,21150.0,21700.0,20850.0,21600.0,189401,0.0,0.0
2023-03-30 10:00:00+09:00,21650.0,22300.0,21500.0,22100.0,294443,0.0,0.0
2023-03-30 11:00:00+09:00,22100.0,22200.0,21650.0,21700.0,113018,0.0,0.0
2023-03-30 12:00:00+09:00,21700.0,21800.0,21550.0,21700.0,50554,0.0,0.0
2023-03-30 13:00:00+09:00,21750.0,21750.0,21400.0,21450.0,73589,0.0,0.0
2023-03-30 14:00:00+09:00,21450.0,21500.0,21250.0,21450.0,92571,0.0,0.0
2023-03-31 09:00:00+09:00,21650.0,21700.0,21150.0,21300.0,103690,0.0,0.0
2023-03-31 10:00:00+09:00,21300.0,21350.0,20950.0,20950.0,110707,0.0,0.0
2023-03-31 11:00:00+09:00,20950.0,21050.0,20800.0,20800.0,69434,0.0,0.0
2023-03-31 12:00:00+09:00,20800.0,20900.0,20750.0,20900.0,54886,0.0,0.0
2023-03-31 13:00:00+09:00,20900.0,21250.0,20850.0,21200.0,59208,0.0,0.0
2023-03-31 14:00:00+09:00,21200.0,21350.0,21150.0,21250.0,83551,0.0,0.0
2023-04-03 09:00:00+09:00,21300.0,21900.0,21150.0,21600.0,0,0.0,0.0
2023-04-03 10:00:00+09:00,21650.0,21750.0,21300.0,21350.0,61713,0.0,0.0
2023-04-03 11:00:00+09:00,21350.0,21400.0,21150.0,21200.0,50002,0.0,0.0
2023-04-03 12:00:00+09:00,21200.0,21300.0,21100.0,21250.0,37126,0.0,0.0
2023-04-03 13:00:00+09:00,21250.0,21350.0,21150.0,21250.0,29486,0.0,0.0
2023-04-03 14:00:00+09:00,21200.0,21300.0,21100.0,21250.0,32246,0.0,0.0
2023-04-04 09:00:00+09:00,21400.0,21700.0,21250.0,21500.0,124213,0.0,0.0
2023-04-04 10:00:00+09:00,21500.0,22300.0,21400.0,22050.0,261057,0.0,0.0
2023-04-04 11:00:00+09:00,22050.0,22550.0,22000.0,22400.0,216922,0.0,0.0
2023-04-04 12:00:00+09:00,22400.0,22500.0,22150.0,22450.0,110148,0.0,0.0
2023-04-04 13:00:00+09:00,22450.0,23400.0,22400.0,23400.0,435008,0.0,0.0
2023-04-04 14:00:00+09:00,23400.0,23700.0,23100.0,23700.0,548336,0.0,0.0
2023-04-05 09:00:00+09:00,23850.0,25300.0,23300.0,25250.0,1004297,0.0,0.0
2023-04-05 10:00:00+09:00,25250.0,25750.0,24500.0,25050.0,541797,0.0,0.0
2023-04-05 11:00:00+09:00,25100.0,25100.0,24700.0,24900.0,106902,0.0,0.0
2023-04-05 12:00:00+09:00,25000.0,25250.0,24800.0,24850.0,120938,0.0,0.0
2023-04-05 13:00:00+09:00,24900.0,24950.0,24550.0,24700.0,125536,0.0,0.0
2023-04-05 14:00:00+09:00,24700.0,24800.0,24500.0,24750.0,130981,0.0,0.0
2023-04-06 09:00:00+09:00,25250.0,25900.0,25100.0,25600.0,689129,0.0,0.0
2023-04-06 10:00:00+09:00,25600.0,26250.0,25200.0,26100.0,397986,0.0,0.0
2023-04-06 11:00:00+09:00,26150.0,26150.0,25550.0,25700.0,132843,0.0,0.0
2023-04-06 12:00:00+09:00,25750.0,25900.0,25550.0,25650.0,85521,0.0,0.0
2023-04-06 13:00:00+09:00,25550.0,25750.0,25400.0,25500.0,123325,0.0,0.0
2023-04-06 14:00:00+09:00,25450.0,25550.0,25250.0,25500.0,150246,0.0,0.0
2023-04-07 09:00:00+09:00,25400.0,25750.0,24650.0,25400.0,280587,0.0,0.0
2023-04-07 10:00:00+09:00,25400.0,25400.0,24700.0,24750.0,126033,0.0,0.0
2023-04-07 11:00:00+09:00,24750.0,25100.0,24700.0,24900.0,69091,0.0,0.0
2023-04-07 12:00:00+09:00,24850.0,25000.0,24700.0,24850.0,54142,0.0,0.0
2023-04-07 13:00:00+09:00,24800.0,25150.0,24750.0,25050.0,71868,0.0,0.0
2023-04-07 14:00:00+09:00,25050.0,25200.0,25000.0,25100.0,77916,0.0,0.0
2023-04-10 09:00:00+09:00,25150.0,25200.0,23700.0,24500.0,0,0.0,0.0
2023-04-10 10:00:00+09:00,24500.0,24550.0,23900.0,23900.0,174535,0.0,0.0
2023-04-10 11:00:00+09:00,23900.0,24150.0,23750.0,24100.0,130270,0.0,0.0
2023-04-10 12:00:00+09:00,24100.0,24200.0,23900.0,24050.0,75110,0.0,0.0
2023-04-10 13:00:00+09:00,24050.0,24600.0,23950.0,24550.0,123894,0.0,0.0
2023-04-10 14:00:00+09:00,24550.0,24850.0,24500.0,24550.0,130259,0.0,0.0
2023-04-11 09:00:00+09:00,24600.0,25050.0,23900.0,24600.0,208768,0.0,0.0
2023-04-11 10:00:00+09:00,24800.0,25350.0,24700.0,25050.0,165105,0.0,0.0
2023-04-11 11:00:00+09:00,25100.0,25150.0,24800.0,24900.0,44785,0.0,0.0
2023-04-11 12:00:00+09:00,24900.0,24900.0,24550.0,24700.0,60095,0.0,0.0
2023-04-11 13:00:00+09:00,24700.0,24900.0,24550.0,24700.0,49206,0.0,0.0
2023-04-11 14:00:00+09:00,24700.0,24750.0,24500.0,24650.0,68456,0.0,0.0
2023-04-12 09:00:00+09:00,24450.0,25050.0,24350.0,24500.0,150516,0.0,0.0
2023-04-12 10:00:00+09:00,24550.0,25600.0,24450.0,24950.0,186371,0.0,0.0
2023-04-12 11:00:00+09:00,25000.0,25350.0,24900.0,25100.0,67643,0.0,0.0
2023-04-12 12:00:00+09:00,25100.0,25200.0,24850.0,25000.0,42209,0.0,0.0
2023-04-12 13:00:00+09:00,25000.0,25100.0,24800.0,24900.0,57456,0.0,0.0
2023-04-12 14:00:00+09:00,24950.0,25000.0,24650.0,24800.0,72410,0.0,0.0
2023-04-13 09:00:00+09:00,25150.0,25450.0,24000.0,24300.0,316083,0.0,0.0
2023-04-13 10:00:00+09:00,24300.0,24750.0,24050.0,24650.0,95881,0.0,0.0
2023-04-13 11:00:00+09:00,24700.0,25000.0,24450.0,25000.0,80281,0.0,0.0
2023-04-13 12:00:00+09:00,24950.0,25250.0,24850.0,24900.0,76397,0.0,0.0
2023-04-13 13:00:00+09:00,24950.0,25050.0,24800.0,25000.0,38808,0.0,0.0
2023-04-13 14:00:00+09:00,25000.0,25150.0,24700.0,24700.0,71479,0.0,0.0
2023-04-14 09:00:00+09:00,25400.0,26900.0,24850.0,26650.0,837702,0.0,0.0
2023-04-14 10:00:00+09:00,26650.0,26750.0,26000.0,26650.0,216787,0.0,0.0
2023-04-14 11:00:00+09:00,26700.0,26700.0,25800.0,25850.0,165053,0.0,0.0
2023-04-14 12:00:00+09:00,25900.0,26050.0,25650.0,26000.0,99828,0.0,0.0
2023-04-14 13:00:00+09:00,26000.0,26050.0,25550.0,25750.0,102738,0.0,0.0
2023-04-14 14:00:00+09:00,25800.0,25850.0,25500.0,25650.0,107604,0.0,0.0
2023-04-17 09:00:00+09:00,25950.0,26000.0,23450.0,23600.0,0,0.0,0.0
2023-04-17 10:00:00+09:00,23550.0,23600.0,22750.0,22900.0,652728,0.0,0.0
2023-04-17 11:00:00+09:00,22900.0,23200.0,22850.0,23000.0,163381,0.0,0.0
2023-04-17 12:00:00+09:00,23000.0,23300.0,22900.0,23200.0,122101,0.0,0.0
2023-04-17 13:00:00+09:00,23250.0,23400.0,23100.0,23250.0,161350,0.0,0.0
2023-04-17 14:00:00+09:00,23200.0,23600.0,23100.0,23200.0,214861,0.0,0.0
2023-04-18 09:00:00+09:00,23100.0,23650.0,22750.0,23050.0,281847,0.0,0.0
2023-04-18 10:00:00+09:00,23050.0,23300.0,22550.0,22600.0,179293,0.0,0.0
2023-04-18 11:00:00+09:00,22600.0,23050.0,22600.0,23000.0,72138,0.0,0.0
2023-04-18 12:00:00+09:00,23000.0,23050.0,22750.0,22800.0,56766,0.0,0.0
2023-04-18 13:00:00+09:00,22800.0,22850.0,22450.0,22450.0,154186,0.0,0.0
2023-04-18 14:00:00+09:00,22450.0,22650.0,22450.0,22550.0,99221,0.0,0.0
2023-04-19 09:00:00+09:00,22700.0,22900.0,22350.0,22550.0,144937,0.0,0.0
2023-04-19 10:00:00+09:00,22550.0,22850.0,22450.0,22750.0,51922,0.0,0.0
2023-04-19 11:00:00+09:00,22750.0,22850.0,22650.0,22750.0,39034,0.0,0.0
2023-04-19 12:00:00+09:00,22750.0,22850.0,22650.0,22850.0,40747,0.0,0.0
2023-04-19 13:00:00+09:00,22850.0,23050.0,22600.0,22800.0,86056,0.0,0.0
2023-04-19 14:00:00+09:00,22750.0,23150.0,22650.0,23100.0,124578,0.0,0.0
2023-04-20 09:00:00+09:00,22900.0,22900.0,22050.0,22450.0,0,0.0,0.0
2023-04-20 10:00:00+09:00,22500.0,23200.0,22200.0,22850.0,118790,0.0,0.0
2023-04-20 11:00:00+09:00,22850.0,23050.0,22200.0,22500.0,121105,0.0,0.0
2023-04-20 12:00:00+09:00,22450.0,22500.0,22300.0,22350.0,45858,0.0,0.0
2023-04-20 13:00:00+09:00,22350.0,23200.0,22150.0,22350.0,337405,0.0,0.0
2023-04-20 14:00:00+09:00,22350.0,22700.0,22150.0,22200.0,191359,0.0,0.0
2023-04-21 09:00:00+09:00,22500.0,22800.0,21900.0,22000.0,239739,0.0,0.0
2023-04-21 10:00:00+09:00,22000.0,22250.0,21900.0,22050.0,59405,0.0,0.0
2023-04-21 11:00:00+09:00,22050.0,22100.0,21800.0,21850.0,73447,0.0,0.0
2023-04-21 12:00:00+09:00,21850.0,22000.0,21800.0,21900.0,31195,0.0,0.0
2023-04-21 13:00:00+09:00,21900.0,22050.0,21700.0,21950.0,100119,0.0,0.0
2023-04-21 14:00:00+09:00,22000.0,22000.0,21700.0,21850.0,104558,0.0,0.0
2023-04-24 09:00:00+09:00,21800.0,22400.0,21700.0,21850.0,0,0.0,0.0
2023-04-24 10:00:00+09:00,21900.0,22050.0,21650.0,21950.0,51565,0.0,0.0
2023-04-24 11:00:00+09:00,21900.0,21900.0,21700.0,21750.0,29680,0.0,0.0
2023-04-24 12:00:00+09:00,21750.0,21850.0,21600.0,21750.0,40797,0.0,0.0
2023-04-24 13:00:00+09:00,21700.0,22050.0,21700.0,21900.0,71412,0.0,0.0
2023-04-24 14:00:00+09:00,21900.0,21950.0,21750.0,21800.0,44203,0.0,0.0
2023-04-25 09:00:00+09:00,21900.0,22050.0,21000.0,21800.0,0,0.0,0.0
2023-04-25 10:00:00+09:00,21800.0,21800.0,21500.0,21600.0,54053,0.0,0.0
2023-04-25 11:00:00+09:00,21600.0,21700.0,21500.0,21550.0,37584,0.0,0.0
2023-04-25 12:00:00+09:00,21550.0,21550.0,21250.0,21400.0,51331,0.0,0.0
2023-04-25 13:00:00+09:00,21450.0,21550.0,21350.0,21450.0,38237,0.0,0.0
2023-04-25 14:00:00+09:00,21400.0,21500.0,21300.0,21450.0,46874,0.0,0.0
2023-04-26 09:00:00+09:00,21250.0,21750.0,21000.0,21600.0,0,0.0,0.0
2023-04-26 10:00:00+09:00,21600.0,21950.0,21550.0,21800.0,48245,0.0,0.0
2023-04-26 11:00:00+09:00,21800.0,21850.0,21400.0,21400.0,43526,0.0,0.0
2023-04-26 12:00:00+09:00,21400.0,21650.0,21300.0,21500.0,31344,0.0,0.0
2023-04-26 13:00:00+09:00,21450.0,21850.0,21450.0,21500.0,34059,0.0,0.0
2023-04-26 14:00:00+09:00,21500.0,21750.0,21450.0,21650.0,52308,0.0,0.0
2023-04-27 09:00:00+09:00,21800.0,21800.0,21200.0,21250.0,0,0.0,0.0
2023-04-27 10:00:00+09:00,21250.0,21300.0,21000.0,21100.0,92404,0.0,0.0
2023-04-27 11:00:00+09:00,21100.0,21400.0,21100.0,21400.0,25625,0.0,0.0
2023-04-27 12:00:00+09:00,21400.0,21400.0,21100.0,21250.0,22980,0.0,0.0
2023-04-27 13:00:00+09:00,21250.0,21450.0,21200.0,21450.0,30426,0.0,0.0
2023-04-27 14:00:00+09:00,21400.0,21650.0,21300.0,21650.0,52363,0.0,0.0
2023-04-28 09:00:00+09:00,21700.0,21750.0,21300.0,21400.0,0,0.0,0.0
2023-04-28 10:00:00+09:00,21450.0,21600.0,21250.0,21500.0,44811,0.0,0.0
2023-04-28 11:00:00+09:00,21450.0,21500.0,21250.0,21300.0,32666,0.0,0.0
2023-04-28 12:00:00+09:00,21200.0,21300.0,21100.0,21200.0,45990,0.0,0.0
2023-04-28 13:00:00+09:00,21200.0,21250.0,21100.0,21100.0,20114,0.0,0.0
2023-04-28 14:00:00+09:00,21150.0,21200.0,20800.0,21100.0,97125,0.0,0.0
2023-05-02 09:00:00+09:00,21050.0,21200.0,20700.0,21200.0,0,0.0,0.0
2023-05-02 10:00:00+09:00,21200.0,21300.0,21000.0,21300.0,24319,0.0,0.0
2023-05-02 11:00:00+09:00,21300.0,21400.0,21150.0,21350.0,14275,0.0,0.0
2023-05-02 12:00:00+09:00,21350.0,21350.0,21100.0,21200.0,9134,0.0,0.0
2023-05-02 13:00:00+09:00,21150.0,21250.0,21100.0,21150.0,11952,0.0,0.0
2023-05-02 14:00:00+09:00,21200.0,21250.0,21050.0,21150.0,21052,0.0,0.0
2023-05-03 09:00:00+09:00,21000.0,21350.0,20900.0,21000.0,48366,0.0,0.0
2023-05-03 10:00:00+09:00,21050.0,21050.0,20800.0,20850.0,59118,0.0,0.0
2023-05-03 11:00:00+09:00,20900.0,20900.0,20800.0,20900.0,19455,0.0,0.0
2023-05-03 12:00:00+09:00,20900.0,20900.0,20800.0,20900.0,26944,0.0,0.0
2023-05-03 13:00:00+09:00,20850.0,20900.0,20800.0,20800.0,14004,0.0,0.0
2023-05-03 14:00:00+09:00,20850.0,21000.0,20800.0,20800.0,33174,0.0,0.0
2023-05-04 09:00:00+09:00,21000.0,21950.0,20950.0,21850.0,256088,0.0,0.0
2023-05-04 10:00:00+09:00,21850.0,22100.0,21700.0,21950.0,136652,0.0,0.0
2023-05-04 11:00:00+09:00,21950.0,22150.0,21900.0,22100.0,81640,0.0,0.0
2023-05-04 12:00:00+09:00,22050.0,22450.0,22050.0,22150.0,114909,0.0,0.0
2023-05-04 13:00:00+09:00,22150.0,22400.0,22050.0,22300.0,62878,0.0,0.0
2023-05-04 14:00:00+09:00,22300.0,22350.0,22100.0,22250.0,73460,0.0,0.0
2023-05-08 09:00:00+09:00,22200.0,22500.0,21900.0,22000.0,0,0.0,0.0
2023-05-08 10:00:00+09:00,22050.0,22400.0,22000.0,22150.0,39766,0.0,0.0
2023-05-08 11:00:00+09:00,22200.0,22200.0,22000.0,22150.0,32649,0.0,0.0
2023-05-08 12:00:00+09:00,22150.0,22150.0,21950.0,22050.0,27580,0.0,0.0
2023-05-08 13:00:00+09:00,22050.0,22200.0,21900.0,22000.0,26799,0.0,0.0
2023-05-08 14:00:00+09:00,21950.0,22150.0,21750.0,22000.0,52899,0.0,0.0
2023-05-09 09:00:00+09:00,22150.0,22650.0,22000.0,22300.0,0,0.0,0.0
2023-05-09 10:00:00+09:00,22250.0,22600.0,22000.0,22300.0,98414,0.0,0.0
2023-05-09 11:00:00+09:00,22300.0,22300.0,22050.0,22100.0,47470,0.0,0.0
2023-05-09 12:00:00+09:00,22050.0,22150.0,21850.0,21950.0,51724,0.0,0.0
2023-05-09 13:00:00+09:00,21950.0,22000.0,21800.0,21850.0,40175,0.0,0.0
2023-05-09 14:00:00+09:00,21800.0,22000.0,21800.0,21900.0,40129,0.0,0.0
2023-05-10 09:00:00+09:00,21750.0,21900.0,21600.0,21800.0,37415,0.0,0.0
2023-05-10 10:00:00+09:00,21800.0,22000.0,21750.0,21900.0,23564,0.0,0.0
2023-05-10 11:00:00+09:00,21950.0,21950.0,21700.0,21700.0,16345,0.0,0.0
2023-05-10 12:00:00+09:00,21700.0,21800.0,21650.0,21650.0,29377,0.0,0.0
2023-05-10 13:00:00+09:00,21700.0,22200.0,21600.0,22050.0,61343,0.0,0.0
2023-05-10 14:00:00+09:00,22100.0,22150.0,21700.0,21850.0,57474,0.0,0.0
2023-05-11 09:00:00+09:00,22200.0,22250.0,21900.0,22050.0,65711,0.0,0.0
2023-05-11 10:00:00+09:00,22050.0,22050.0,21700.0,21700.0,41292,0.0,0.0
2023-05-11 11:00:00+09:00,21750.0,21850.0,21700.0,21750.0,25147,0.0,0.0
2023-05-11 12:00:00+09:00,21750.0,21800.0,21650.0,21650.0,26524,0.0,0.0
2023-05-11 13:00:00+09:00,21650.0,21850.0,21400.0,21750.0,63677,0.0,0.0
2023-05-11 14:00:00+09:00,21800.0,21850.0,21600.0,21850.0,30998,0.0,0.0
2023-05-12 09:00:00+09:00,21750.0,21800.0,21350.0,21550.0,0,0.0,0.0
2023-05-12 10:00:00+09:00,21550.0,21700.0,21400.0,21650.0,33579,0.0,0.0
2023-05-12 11:00:00+09:00,21700.0,21800.0,21550.0,21600.0,22692,0.0,0.0
2023-05-12 12:00:00+09:00,21550.0,21700.0,21500.0,21550.0,15943,0.0,0.0
2023-05-12 13:00:00+09:00,21550.0,21800.0,21500.0,21600.0,42132,0.0,0.0
2023-05-12 14:00:00+09:00,21600.0,21850.0,21500.0,21600.0,35307,0.0,0.0
2023-05-15 09:00:00+09:00,21900.0,21900.0,21500.0,21800.0,0,0.0,0.0
2023-05-15 10:00:00+09:00,21800.0,22450.0,21800.0,22350.0,139113,0.0,0.0
2023-05-15 11:00:00+09:00,22300.0,22350.0,22050.0,22100.0,24183,0.0,0.0
2023-05-15 12:00:00+09:00,22100.0,22200.0,22050.0,22200.0,20335,0.0,0.0
2023-05-15 13:00:00+09:00,22200.0,22500.0,22150.0,22300.0,81081,0.0,0.0
2023-05-15 14:00:00+09:00,22250.0,22550.0,22150.0,22250.0,82002,0.0,0.0
2023-05-16 09:00:00+09:00,22450.0,22750.0,22200.0,22350.0,0,0.0,0.0
2023-05-16 10:00:00+09:00,22400.0,22400.0,22100.0,22150.0,54852,0.0,0.0
2023-05-16 11:00:00+09:00,22150.0,22200.0,22000.0,22050.0,35667,0.0,0.0
2023-05-16 12:00:00+09:00,22100.0,22100.0,21900.0,21950.0,44832,0.0,0.0
2023-05-16 13:00:00+09:00,21950.0,22000.0,21900.0,21900.0,25043,0.0,0.0
2023-05-16 14:00:00+09:00,21900.0,22000.0,21800.0,21900.0,37306,0.0,0.0
2023-05-17 09:00:00+09:00,21750.0,22250.0,21750.0,22200.0,0,0.0,0.0
2023-05-17 10:00:00+09:00,22200.0,22450.0,22150.0,22400.0,43621,0.0,0.0
2023-05-17 11:00:00+09:00,22400.0,22400.0,22150.0,22150.0,21320,0.0,0.0
2023-05-17 12:00:00+09:00,22200.0,22300.0,22150.0,22200.0,15374,0.0,0.0
2023-05-17 13:00:00+09:00,22250.0,22500.0,22200.0,22450.0,55495,0.0,0.0
2023-05-17 14:00:00+09:00,22450.0,22700.0,22400.0,22550.0,90333,0.0,0.0
2023-05-18 09:00:00+09:00,22700.0,22750.0,22250.0,22650.0,136098,0.0,0.0
2023-05-18 10:00:00+09:00,22650.0,22700.0,22350.0,22400.0,43401,0.0,0.0
2023-05-18 11:00:00+09:00,22400.0,22450.0,22300.0,22350.0,36440,0.0,0.0
2023-05-18 12:00:00+09:00,22350.0,22350.0,22250.0,22350.0,25795,0.0,0.0
2023-05-18 13:00:00+09:00,22350.0,22400.0,22250.0,22300.0,15908,0.0,0.0
2023-05-18 14:00:00+09:00,22350.0,22450.0,22250.0,22250.0,32004,0.0,0.0
2023-05-19 09:00:00+09:00,22500.0,22800.0,22300.0,22650.0,0,0.0,0.0
2023-05-19 10:00:00+09:00,22600.0,22800.0,22600.0,22650.0,59160,0.0,0.0
2023-05-19 11:00:00+09:00,22650.0,23150.0,22600.0,22850.0,150682,0.0,0.0
2023-05-19 12:00:00+09:00,22900.0,22900.0,22700.0,22800.0,41956,0.0,0.0
2023-05-19 13:00:00+09:00,22800.0,23000.0,22750.0,22850.0,31441,0.0,0.0
2023-05-19 14:00:00+09:00,22800.0,23200.0,22800.0,23150.0,83587,0.0,0.0
2023-05-22 09:00:00+09:00,23300.0,23550.0,22900.0,22900.0,0,0.0,0.0
2023-05-22 10:00:00+09:00,22950.0,23300.0,22850.0,23200.0,48902,0.0,0.0
2023-05-22 11:00:00+09:00,23250.0,23250.0,23100.0,23150.0,26366,0.0,0.0
2023-05-22 12:00:00+09:00,23100.0,23150.0,23000.0,23100.0,28977,0.0,0.0
2023-05-22 13:00:00+09:00,23150.0,23150.0,23000.0,23000.0,34883,0.0,0.0
2023-05-22 14:00:00+09:00,23000.0,23200.0,22900.0,23200.0,55175,0.0,0.0
2023-05-23 09:00:00+09:00,23100.0,23450.0,22900.0,23100.0,0,0.0,0.0
2023-05-23 10:00:00+09:00,23150.0,23250.0,23050.0,23050.0,30015,0.0,0.0
2023-05-23 11:00:00+09:00,23100.0,23250.0,23000.0,23200.0,24241,0.0,0.0
2023-05-23 12:00:00+09:00,23200.0,23350.0,23150.0,23300.0,46912,0.0,0.0
2023-05-23 13:00:00+09:00,23250.0,23550.0,23250.0,23400.0,70256,0.0,0.0
2023-05-23 14:00:00+09:00,23400.0,23500.0,23350.0,23450.0,35658,0.0,0.0
2023-05-24 09:00:00+09:00,23150.0,23200.0,22800.0,22850.0,125802,0.0,0.0
2023-05-24 10:00:00+09:00,22900.0,23000.0,22700.0,23000.0,55795,0.0,0.0
2023-05-24 11:00:00+09:00,23000.0,23200.0,22950.0,23100.0,31903,0.0,0.0
2023-05-24 12:00:00+09:00,23050.0,23400.0,23000.0,23350.0,47452,0.0,0.0
2023-05-24 13:00:00+09:00,23350.0,23400.0,23100.0,23150.0,41160,0.0,0.0
2023-05-24 14:00:00+09:00,23100.0,23350.0,23100.0,23150.0,27768,0.0,0.0
2023-05-25 09:00:00+09:00,23100.0,23450.0,23100.0,23400.0,59297,0.0,0.0
2023-05-25 10:00:00+09:00,23450.0,23450.0,23100.0,23200.0,41493,0.0,0.0
2023-05-25 11:00:00+09:00,23200.0,23300.0,23100.0,23250.0,13750,0.0,0.0
2023-05-25 12:00:00+09:00,23250.0,23250.0,23100.0,23100.0,11258,0.0,0.0
2023-05-25 13:00:00+09:00,23150.0,23200.0,23000.0,23150.0,46353,0.0,0.0
2023-05-25 14:00:00+09:00,23100.0,23250.0,23050.0,23250.0,23435,0.0,0.0
2023-05-26 09:00:00+09:00,23250.0,23250.0,22450.0,23000.0,0,0.0,0.0
2023-05-26 10:00:00+09:00,23050.0,23200.0,22900.0,22950.0,29080,0.0,0.0
2023-05-26 11:00:00+09:00,22950.0,23050.0,22900.0,23000.0,10671,0.0,0.0
2023-05-26 12:00:00+09:00,23000.0,23050.0,22850.0,22900.0,9814,0.0,0.0
2023-05-26 13:00:00+09:00,22950.0,22950.0,22750.0,22750.0,42332,0.0,0.0
2023-05-26 14:00:00+09:00,22750.0,22950.0,22650.0,22650.0,62915,0.0,0.0
2023-05-30 09:00:00+09:00,22800.0,23000.0,22500.0,22900.0,0,0.0,0.0
2023-05-30 10:00:00+09:00,22850.0,23100.0,22850.0,23100.0,38247,0.0,0.0
2023-05-30 11:00:00+09:00,23100.0,23100.0,22950.0,23100.0,17837,0.0,0.0
2023-05-30 12:00:00+09:00,23050.0,23100.0,22850.0,22950.0,13061,0.0,0.0
2023-05-30 13:00:00+09:00,22950.0,23000.0,22800.0,23000.0,15858,0.0,0.0
2023-05-30 14:00:00+09:00,23000.0,23050.0,22950.0,23000.0,25300,0.0,0.0
2023-05-31 09:00:00+09:00,23050.0,23100.0,22650.0,23050.0,0,0.0,0.0
2023-05-31 10:00:00+09:00,23000.0,23200.0,22850.0,22850.0,48182,0.0,0.0
2023-05-31 11:00:00+09:00,22850.0,23050.0,22850.0,23000.0,23388,0.0,0.0
2023-05-31 12:00:00+09:00,22900.0,23100.0,22900.0,23050.0,22548,0.0,0.0
2023-05-31 13:00:00+09:00,23000.0,23300.0,23000.0,23200.0,42831,0.0,0.0
2023-05-31 14:00:00+09:00,23250.0,23300.0,23050.0,23150.0,47987,0.0,0.0
2023-06-01 09:00:00+09:00,23300.0,24000.0,23250.0,23750.0,0,0.0,0.0
2023-06-01 10:00:00+09:00,23750.0,24200.0,23700.0,24150.0,145513,0.0,0.0
2023-06-01 11:00:00+09:00,24150.0,24200.0,23850.0,23950.0,61766,0.0,0.0
2023-06-01 12:00:00+09:00,23950.0,24000.0,23850.0,23950.0,38868,0.0,0.0
2023-06-01 13:00:00+09:00,24000.0,24450.0,23900.0,24300.0,164044,0.0,0.0
2023-06-01 14:00:00+09:00,24300.0,24450.0,24150.0,24250.0,86250,0.0,0.0
2023-06-02 09:00:00+09:00,24600.0,24600.0,24000.0,24300.0,0,0.0,0.0
2023-06-02 10:00:00+09:00,24300.0,24500.0,24150.0,24500.0,60361,0.0,0.0
2023-06-02 11:00:00+09:00,24450.0,24750.0,24450.0,24750.0,89113,0.0,0.0
2023-06-02 12:00:00+09:00,24750.0,24800.0,24500.0,24550.0,55299,0.0,0.0
2023-06-02 13:00:00+09:00,24500.0,24600.0,24250.0,24400.0,81831,0.0,0.0
2023-06-02 14:00:00+09:00,24450.0,24500.0,24250.0,24350.0,50323,0.0,0.0
2023-06-05 09:00:00+09:00,24450.0,24500.0,23400.0,23750.0,0,0.0,0.0
2023-06-05 10:00:00+09:00,23750.0,23900.0,23600.0,23800.0,35291,0.0,0.0
2023-06-05 11:00:00+09:00,23800.0,23850.0,23650.0,23800.0,23816,0.0,0.0
2023-06-05 12:00:00+09:00,23800.0,23950.0,23700.0,23950.0,23061,0.0,0.0
2023-06-05 13:00:00+09:00,23950.0,23950.0,23600.0,23650.0,42611,0.0,0.0
2023-06-05 14:00:00+09:00,23650.0,23700.0,23450.0,23500.0,74323,0.0,0.0
2023-06-07 09:00:00+09:00,23250.0,23500.0,22850.0,23300.0,0,0.0,0.0
2023-06-07 10:00:00+09:00,23300.0,23300.0,23050.0,23250.0,34325,0.0,0.0
2023-06-07 11:00:00+09:00,23200.0,23250.0,23000.0,23100.0,45453,0.0,0.0
2023-06-07 12:00:00+09:00,23150.0,23200.0,23050.0,23050.0,28952,0.0,0.0
2023-06-07 13:00:00+09:00,23050.0,23100.0,22850.0,22850.0,77702,0.0,0.0
2023-06-07 14:00:00+09:00,22850.0,23000.0,22800.0,22850.0,55783,0.0,0.0
2023-06-08 09:00:00+09:00,22650.0,22750.0,22250.0,22300.0,110325,0.0,0.0
2023-06-08 10:00:00+09:00,22300.0,22500.0,22250.0,22500.0,32156,0.0,0.0
2023-06-08 11:00:00+09:00,22500.0,22550.0,22350.0,22400.0,13886,0.0,0.0
2023-06-08 12:00:00+09:00,22400.0,22600.0,22400.0,22450.0,21068,0.0,0.0
2023-06-08 13:00:00+09:00,22500.0,22500.0,22200.0,22200.0,43433,0.0,0.0
2023-06-08 14:00:00+09:00,22200.0,22300.0,22050.0,22250.0,95859,0.0,0.0
2023-06-09 09:00:00+09:00,22350.0,22600.0,22200.0,22450.0,0,0.0,0.0
2023-06-09 10:00:00+09:00,22450.0,22500.0,22300.0,22450.0,44337,0.0,0.0
2023-06-09 11:00:00+09:00,22500.0,22550.0,22350.0,22500.0,31507,0.0,0.0
2023-06-09 12:00:00+09:00,22500.0,22650.0,22450.0,22600.0,20660,0.0,0.0
2023-06-09 13:00:00+09:00,22600.0,22650.0,22400.0,22450.0,29396,0.0,0.0
2023-06-09 14:00:00+09:00,22450.0,22450.0,22200.0,22200.0,70017,0.0,0.0
2023-06-12 09:00:00+09:00,22350.0,22400.0,21500.0,21500.0,0,0.0,0.0
2023-06-12 10:00:00+09:00,21500.0,21600.0,21450.0,21450.0,101681,0.0,0.0
2023-06-12 11:00:00+09:00,21450.0,21500.0,21400.0,21450.0,67881,0.0,0.0
2023-06-12 12:00:00+09:00,21400.0,21500.0,21400.0,21400.0,63886,0.0,0.0
2023-06-12 13:00:00+09:00,21450.0,21450.0,21150.0,21150.0,139040,0.0,0.0
2023-06-12 14:00:00+09:00,21200.0,21400.0,21150.0,21200.0,102585,0.0,0.0
2023-06-13 09:00:00+09:00,21350.0,21600.0,21250.0,21300.0,0,0.0,0.0
2023-06-13 10:00:00+09:00,21250.0,21300.0,21050.0,21150.0,95714,0.0,0.0
2023-06-13 11:00:00+09:00,21150.0,21200.0,21000.0,21050.0,42025,0.0,0.0
2023-06-13 12:00:00+09:00,21050.0,21200.0,21000.0,21050.0,36515,0.0,0.0
2023-06-13 13:00:00+09:00,21050.0,21100.0,20950.0,20950.0,93354,0.0,0.0
2023-06-13 14:00:00+09:00,20950.0,21200.0,20900.0,21100.0,94336,0.0,0.0
2023-06-14 09:00:00+09:00,21100.0,21200.0,20800.0,20850.0,160056,0.0,0.0
2023-06-14 10:00:00+09:00,20850.0,21450.0,20800.0,21100.0,78838,0.0,0.0
2023-06-14 11:00:00+09:00,21100.0,21150.0,21000.0,21050.0,21476,0.0,0.0
2023-06-14 12:00:00+09:00,21050.0,21100.0,20900.0,20950.0,29164,0.0,0.0
2023-06-14 13:00:00+09:00,20950.0,20950.0,20600.0,20600.0,112373,0.0,0.0
2023-06-14 14:00:00+09:00,20600.0,20750.0,20550.0,20750.0,80986,0.0,0.0
2023-06-15 09:00:00+09:00,20750.0,20800.0,20500.0,20650.0,0,0.0,0.0
2023-06-15 10:00:00+09:00,20650.0,20700.0,20300.0,20300.0,99076,0.0,0.0
2023-06-15 11:00:00+09:00,20350.0,20500.0,20250.0,20450.0,54334,0.0,0.0
2023-06-15 12:00:00+09:00,20500.0,20600.0,20450.0,20550.0,37205,0.0,0.0
2023-06-15 13:00:00+09:00,20600.0,20600.0,20400.0,20450.0,28097,0.0,0.0
2023-06-15 14:00:00+09:00,20450.0,20650.0,20450.0,20600.0,28852,0.0,0.0
2023-06-16 09:00:00+09:00,20700.0,21100.0,20500.0,21000.0,0,0.0,0.0
2023-06-16 10:00:00+09:00,21000.0,21000.0,20700.0,20700.0,42389,0.0,0.0
2023-06-16 11:00:00+09:00,20700.0,20800.0,20700.0,20700.0,20970,0.0,0.0
2023-06-16 12:00:00+09:00,20700.0,20750.0,20600.0,20650.0,22699,0.0,0.0
2023-06-16 13:00:00+09:00,20650.0,20650.0,20450.0,20450.0,57912,0.0,0.0
2023-06-16 14:00:00+09:00,20450.0,20600.0,20400.0,20450.0,44422,0.0,0.0
2023-06-19 09:00:00+09:00,20600.0,20750.0,20250.0,20700.0,0,0.0,0.0
2023-06-19 10:00:00+09:00,20700.0,20700.0,20300.0,20450.0,39970,0.0,0.0
2023-06-19 11:00:00+09:00,20450.0,20450.0,20350.0,20400.0,20000,0.0,0.0
2023-06-19 12:00:00+09:00,20350.0,20450.0,20350.0,20350.0,12293,0.0,0.0
2023-06-19 13:00:00+09:00,20400.0,20450.0,20350.0,20450.0,27499,0.0,0.0
2023-06-19 14:00:00+09:00,20400.0,20500.0,20350.0,20400.0,20787,0.0,0.0
2023-06-20 09:00:00+09:00,20450.0,20500.0,20300.0,20300.0,55595,0.0,0.0
2023-06-20 10:00:00+09:00,20350.0,20350.0,20100.0,20100.0,57781,0.0,0.0
2023-06-20 11:00:00+09:00,20150.0,20200.0,20050.0,20100.0,51019,0.0,0.0
2023-06-20 12:00:00+09:00,20050.0,20150.0,20050.0,20100.0,21322,0.0,0.0
2023-06-20 13:00:00+09:00,20150.0,20250.0,20100.0,20200.0,22900,0.0,0.0
2023-06-20 14:00:00+09:00,20200.0,20200.0,20100.0,20100.0,33841,0.0,0.0
2023-06-21 09:00:00+09:00,20200.0,20250.0,20000.0,20000.0,0,0.0,0.0
2023-06-21 10:00:00+09:00,20000.0,20050.0,19710.0,19880.0,188821,0.0,0.0
2023-06-21 11:00:00+09:00,19880.0,19900.0,19800.0,19810.0,42784,0.0,0.0
2023-06-21 12:00:00+09:00,19810.0,19810.0,19700.0,19750.0,73533,0.0,0.0
2023-06-21 13:00:00+09:00,19750.0,19760.0,19510.0,19520.0,143033,0.0,0.0
2023-06-21 14:00:00+09:00,19520.0,19590.0,19520.0,19540.0,98966,0.0,0.0
2023-06-22 09:00:00+09:00,19450.0,19890.0,19450.0,19780.0,0,0.0,0.0
2023-06-22 10:00:00+09:00,19790.0,19910.0,19670.0,19870.0,49381,0.0,0.0
2023-06-22 11:00:00+09:00,19870.0,20200.0,19870.0,20200.0,69234,0.0,0.0
2023-06-22 12:00:00+09:00,20150.0,20300.0,20100.0,20100.0,46759,0.0,0.0
2023-06-22 13:00:00+09:00,20100.0,20150.0,19980.0,19990.0,32652,0.0,0.0
2023-06-22 14:00:00+09:00,19990.0,20100.0,19780.0,19900.0,76291,0.0,0.0
2023-06-23 09:00:00+09:00,19990.0,20000.0,19670.0,19720.0,0,0.0,0.0
2023-06-23 10:00:00+09:00,19730.0,19960.0,19700.0,19730.0,47162,0.0,0.0
2023-06-23 11:00:00+09:00,19740.0,19760.0,19630.0,19670.0,49992,0.0,0.0
2023-06-23 12:00:00+09:00,19660.0,19660.0,19590.0,19600.0,30507,0.0,0.0
2023-06-23 13:00:00+09:00,19610.0,19610.0,19360.0,19410.0,97358,0.0,0.0
2023-06-23 14:00:00+09:00,19400.0,19550.0,19360.0,19470.0,53107,0.0,0.0
2023-06-26 09:00:00+09:00,19450.0,19900.0,19350.0,19900.0,0,0.0,0.0
2023-06-26 10:00:00+09:00,19900.0,20150.0,19780.0,19960.0,54850,0.0,0.0
2023-06-26 11:00:00+09:00,19980.0,20050.0,19980.0,19990.0,24460,0.0,0.0
2023-06-26 12:00:00+09:00,19990.0,20000.0,19700.0,19810.0,38533,0.0,0.0
2023-06-26 13:00:00+09:00,19830.0,19880.0,19770.0,19830.0,25431,0.0,0.0
2023-06-26 14:00:00+09:00,19840.0,19840.0,19740.0,19750.0,26965,0.0,0.0
2023-06-27 09:00:00+09:00,19640.0,19840.0,19510.0,19630.0,0,0.0,0.0
2023-06-27 10:00:00+09:00,19630.0,19810.0,19410.0,19690.0,47563,0.0,0.0
2023-06-27 11:00:00+09:00,19690.0,19690.0,19570.0,19640.0,13828,0.0,0.0
2023-06-27 12:00:00+09:00,19630.0,19650.0,19530.0,19540.0,14816,0.0,0.0
2023-06-27 13:00:00+09:00,19540.0,19640.0,19480.0,19530.0,24021,0.0,0.0
2023-06-27 14:00:00+09:00,19520.0,19560.0,19480.0,19510.0,28104,0.0,0.0
2023-06-28 09:00:00+09:00,19590.0,19900.0,19550.0,19750.0,56203,0.0,0.0
2023-06-28 10:00:00+09:00,19760.0,19830.0,19520.0,19530.0,41077,0.0,0.0
2023-06-28 11:00:00+09:00,19530.0,19590.0,19510.0,19510.0,26953,0.0,0.0
2023-06-28 12:00:00+09:00,19520.0,19550.0,19460.0,19460.0,30690,0.0,0.0
2023-06-28 13:00:00+09:00,19470.0,19510.0,19410.0,19430.0,36666,0.0,0.0
2023-06-28 14:00:00+09:00,19420.0,19480.0,19420.0,19430.0,34563,0.0,0.0
2023-06-29 09:00:00+09:00,19480.0,19710.0,19400.0,19690.0,0,0.0,0.0
2023-06-29 10:00:00+09:00,19680.0,19710.0,19400.0,19460.0,40178,0.0,0.0
2023-06-29 11:00:00+09:00,19460.0,19460.0,19300.0,19350.0,46632,0.0,0.0
2023-06-29 12:00:00+09:00,19350.0,19410.0,19310.0,19370.0,19460,0.0,0.0
2023-06-29 13:00:00+09:00,19390.0,19410.0,19330.0,19330.0,18747,0.0,0.0
2023-06-29 14:00:00+09:00,19350.0,19390.0,19330.0,19340.0,25722,0.0,0.0
2023-06-30 09:00:00+09:00,19700.0,19710.0,19300.0,19430.0,0,0.0,0.0
2023-06-30 10:00:00+09:00,19430.0,19580.0,19370.0,19430.0,40132,0.0,0.0
2023-06-30 11:00:00+09:00,19430.0,19590.0,19390.0,19470.0,28548,0.0,0.0
2023-06-30 12:00:00+09:00,19440.0,19500.0,19380.0,19390.0,26080,0.0,0.0
2023-06-30 13:00:00+09:00,19390.0,19420.0,19360.0,19400.0,32325,0.0,0.0
2023-06-30 14:00:00+09:00,19400.0,19540.0,19400.0,19450.0,33055,0.0,0.0
2023-07-03 09:00:00+09:00,19430.0,19870.0,19430.0,19660.0,0,0.0,0.0
2023-07-03 10:00:00+09:00,19760.0,19830.0,19510.0,19790.0,43482,0.0,0.0
2023-07-03 11:00:00+09:00,19800.0,19860.0,19690.0,19800.0,35830,0.0,0.0
2023-07-03 12:00:00+09:00,19800.0,19820.0,19660.0,19720.0,16235,0.0,0.0
2023-07-03 13:00:00+09:00,19720.0,19750.0,19540.0,19610.0,23917,0.0,0.0
2023-07-03 14:00:00+09:00,19600.0,19710.0,19590.0,19700.0,20837,0.0,0.0
2023-07-04 09:00:00+09:00,19670.0,19670.0,19400.0,19420.0,0,0.0,0.0
2023-07-04 10:00:00+09:00,19430.0,19430.0,19310.0,19330.0,59254,0.0,0.0
2023-07-04 11:00:00+09:00,19340.0,19360.0,19250.0,19260.0,42370,0.0,0.0
2023-07-04 12:00:00+09:00,19260.0,19270.0,19170.0,19210.0,46755,0.0,0.0
2023-07-04 13:00:00+09:00,19210.0,19360.0,19150.0,19240.0,61141,0.0,0.0
2023-07-04 14:00:00+09:00,19240.0,19270.0,19220.0,19250.0,24341,0.0,0.0
2023-07-05 09:00:00+09:00,19240.0,19690.0,19150.0,19430.0,0,0.0,0.0
2023-07-05 10:00:00+09:00,19430.0,20300.0,19380.0,20000.0,161081,0.0,0.0
2023-07-05 11:00:00+09:00,20000.0,20100.0,19730.0,19950.0,48857,0.0,0.0
2023-07-05 12:00:00+09:00,19950.0,19960.0,19820.0,19870.0,20358,0.0,0.0
2023-07-05 13:00:00+09:00,19880.0,20050.0,19670.0,19720.0,78317,0.0,0.0
2023-07-05 14:00:00+09:00,19720.0,19840.0,19640.0,19690.0,45512,0.0,0.0
2023-07-06 09:00:00+09:00,19830.0,19890.0,19400.0,19420.0,0,0.0,0.0
2023-07-06 10:00:00+09:00,19420.0,19620.0,19410.0,19580.0,27000,0.0,0.0
2023-07-06 11:00:00+09:00,19580.0,19670.0,19490.0,19530.0,32601,0.0,0.0
2023-07-06 12:00:00+09:00,19530.0,19550.0,19370.0,19380.0,36369,0.0,0.0
2023-07-06 13:00:00+09:00,19380.0,19380.0,19110.0,19130.0,114050,0.0,0.0
2023-07-06 14:00:00+09:00,19140.0,19290.0,19080.0,19090.0,91341,0.0,0.0
2023-07-07 09:00:00+09:00,19050.0,19090.0,18480.0,18480.0,0,0.0,0.0
2023-07-07 10:00:00+09:00,18480.0,18590.0,18110.0,18340.0,181707,0.0,0.0
2023-07-07 11:00:00+09:00,18340.0,18340.0,18150.0,18150.0,78598,0.0,0.0
2023-07-07 12:00:00+09:00,18150.0,18250.0,18140.0,18180.0,64713,0.0,0.0
2023-07-07 13:00:00+09:00,18190.0,18240.0,18130.0,18150.0,85150,0.0,0.0
2023-07-07 14:00:00+09:00,18140.0,18200.0,18120.0,18120.0,82265,0.0,0.0
2023-07-10 09:00:00+09:00,18020.0,18430.0,17960.0,18400.0,0,0.0,0.0
2023-07-10 10:00:00+09:00,18390.0,18630.0,18250.0,18250.0,58389,0.0,0.0
2023-07-10 11:00:00+09:00,18250.0,18430.0,18240.0,18410.0,11598,0.0,0.0
2023-07-10 12:00:00+09:00,18420.0,18500.0,18380.0,18470.0,23998,0.0,0.0
2023-07-10 13:00:00+09:00,18480.0,18510.0,18370.0,18450.0,15237,0.0,0.0
2023-07-10 14:00:00+09:00,18460.0,18490.0,18280.0,18320.0,21051,0.0,0.0
2023-07-11 09:00:00+09:00,18130.0,19040.0,18100.0,18910.0,0,0.0,0.0
2023-07-11 10:00:00+09:00,18920.0,19000.0,18610.0,18630.0,41460,0.0,0.0
2023-07-11 11:00:00+09:00,18620.0,18760.0,18620.0,18690.0,15878,0.0,0.0
2023-07-11 12:00:00+09:00,18700.0,18750.0,18630.0,18630.0,12971,0.0,0.0
2023-07-11 13:00:00+09:00,18630.0,18710.0,18530.0,18710.0,18231,0.0,0.0
2023-07-11 14:00:00+09:00,18710.0,18900.0,18710.0,18860.0,30053,0.0,0.0
2023-07-12 09:00:00+09:00,18920.0,19060.0,18530.0,18560.0,0,0.0,0.0
2023-07-12 10:00:00+09:00,18550.0,18570.0,18440.0,18490.0,43046,0.0,0.0
2023-07-12 11:00:00+09:00,18480.0,18760.0,18460.0,18600.0,23520,0.0,0.0
2023-07-12 12:00:00+09:00,18600.0,18740.0,18580.0,18660.0,20036,0.0,0.0
2023-07-12 13:00:00+09:00,18660.0,18780.0,18620.0,18660.0,19630,0.0,0.0
2023-07-12 14:00:00+09:00,18660.0,18900.0,18620.0,18880.0,39926,0.0,0.0
2023-07-13 09:00:00+09:00,19020.0,19430.0,18950.0,19280.0,112436,0.0,0.0
2023-07-13 10:00:00+09:00,19280.0,19510.0,19260.0,19280.0,56096,0.0,0.0
2023-07-13 11:00:00+09:00,19280.0,19310.0,19050.0,19170.0,40844,0.0,0.0
2023-07-13 12:00:00+09:00,19170.0,19180.0,19050.0,19070.0,18671,0.0,0.0
2023-07-13 13:00:00+09:00,19070.0,19150.0,18940.0,19140.0,40110,0.0,0.0
2023-07-13 14:00:00+09:00,19140.0,19200.0,19020.0,19040.0,37741,0.0,0.0
2023-07-14 09:00:00+09:00,19030.0,19250.0,18900.0,18950.0,0,0.0,0.0
2023-07-14 10:00:00+09:00,18950.0,19320.0,18880.0,19140.0,47887,0.0,0.0
2023-07-14 11:00:00+09:00,19140.0,19160.0,19020.0,19060.0,17512,0.0,0.0
2023-07-14 12:00:00+09:00,19070.0,19090.0,19000.0,19030.0,18645,0.0,0.0
2023-07-14 13:00:00+09:00,19040.0,19150.0,19020.0,19150.0,24596,0.0,0.0
2023-07-14 14:00:00+09:00,19130.0,19130.0,18950.0,18950.0,34995,0.0,0.0
2023-07-17 09:00:00+09:00,18980.0,18980.0,18440.0,18440.0,0,0.0,0.0
2023-07-17 10:00:00+09:00,18450.0,18600.0,18430.0,18470.0,45562,0.0,0.0
2023-07-17 11:00:00+09:00,18470.0,18550.0,18430.0,18480.0,49387,0.0,0.0
2023-07-17 12:00:00+09:00,18500.0,18640.0,18460.0,18600.0,27340,0.0,0.0
2023-07-17 13:00:00+09:00,18600.0,18640.0,18500.0,18580.0,27425,0.0,0.0
2023-07-17 14:00:00+09:00,18580.0,18750.0,18570.0,18630.0,31045,0.0,0.0
2023-07-18 09:00:00+09:00,18500.0,18890.0,18300.0,18360.0,87758,0.0,0.0
2023-07-18 10:00:00+09:00,18370.0,18550.0,18320.0,18380.0,27146,0.0,0.0
2023-07-18 11:00:00+09:00,18390.0,18450.0,18300.0,18300.0,39958,0.0,0.0
2023-07-18 12:00:00+09:00,18300.0,18390.0,18270.0,18360.0,32494,0.0,0.0
2023-07-18 13:00:00+09:00,18370.0,18530.0,18360.0,18470.0,26342,0.0,0.0
2023-07-18 14:00:00+09:00,18480.0,18590.0,18410.0,18450.0,34218,0.0,0.0
2023-07-19 09:00:00+09:00,18420.0,18670.0,18160.0,18390.0,125586,0.0,0.0
2023-07-19 10:00:00+09:00,18400.0,18860.0,18280.0,18640.0,91229,0.0,0.0
2023-07-19 11:00:00+09:00,18640.0,18790.0,18460.0,18690.0,43750,0.0,0.0
2023-07-19 12:00:00+09:00,18720.0,18940.0,18670.0,18910.0,40965,0.0,0.0
2023-07-19 13:00:00+09:00,18900.0,18980.0,18830.0,18860.0,56780,0.0,0.0
2023-07-19 14:00:00+09:00,18860.0,18940.0,18790.0,18930.0,51013,0.0,0.0
2023-07-20 09:00:00+09:00,19060.0,19390.0,18820.0,19110.0,149097,0.0,0.0
2023-07-20 10:00:00+09:00,19110.0,19410.0,18960.0,19400.0,77307,0.0,0.0
2023-07-20 11:00:00+09:00,19400.0,19400.0,19010.0,19100.0,40280,0.0,0.0
2023-07-20 12:00:00+09:00,19090.0,19210.0,19030.0,19200.0,20705,0.0,0.0
2023-07-20 13:00:00+09:00,19190.0,19210.0,18990.0,19120.0,44904,0.0,0.0
2023-07-20 14:00:00+09:00,19110.0,19280.0,19010.0,19210.0,41221,0.0,0.0
2023-07-21 09:00:00+09:00,19240.0,19580.0,19180.0,19270.0,153381,0.0,0.0
2023-07-21 10:00:00+09:00,19230.0,20200.0,19230.0,20150.0,237312,0.0,0.0
2023-07-21 11:00:00+09:00,20150.0,20300.0,19880.0,19980.0,165278,0.0,0.0
2023-07-21 12:00:00+09:00,19970.0,19980.0,19630.0,19720.0,70559,0.0,0.0
2023-07-21 13:00:00+09:00,19710.0,20200.0,19610.0,19860.0,301768,0.0,0.0
2023-07-21 14:00:00+09:00,19850.0,20100.0,19750.0,20050.0,113543,0.0,0.0
2023-07-24 09:00:00+09:00,20100.0,20150.0,19580.0,19590.0,0,0.0,0.0
2023-07-24 10:00:00+09:00,19600.0,19670.0,19270.0,19390.0,106214,0.0,0.0
2023-07-24 11:00:00+09:00,19350.0,19390.0,19200.0,19200.0,58368,0.0,0.0
2023-07-24 12:00:00+09:00,19200.0,19370.0,19170.0,19230.0,37299,0.0,0.0
2023-07-24 13:00:00+09:00,19230.0,19370.0,19130.0,19340.0,57011,0.0,0.0
2023-07-24 14:00:00+09:00,19330.0,19360.0,19250.0,19300.0,39491,0.0,0.0
2023-07-25 09:00:00+09:00,19100.0,19290.0,18950.0,19160.0,127398,0.0,0.0
2023-07-25 10:00:00+09:00,19160.0,19400.0,19040.0,19110.0,56506,0.0,0.0
2023-07-25 11:00:00+09:00,19110.0,19110.0,18990.0,19010.0,41386,0.0,0.0
2023-07-25 12:00:00+09:00,19010.0,19030.0,18850.0,18860.0,49891,0.0,0.0
2023-07-25 13:00:00+09:00,18850.0,18910.0,18790.0,18830.0,39027,0.0,0.0
2023-07-25 14:00:00+09:00,18830.0,18870.0,18720.0,18820.0,71696,0.0,0.0
2023-07-26 09:00:00+09:00,18540.0,18590.0,18310.0,18310.0,126137,0.0,0.0
2023-07-26 10:00:00+09:00,18310.0,18330.0,17920.0,18000.0,150181,0.0,0.0
2023-07-26 11:00:00+09:00,18000.0,18240.0,17960.0,18230.0,51858,0.0,0.0
2023-07-26 12:00:00+09:00,18210.0,18230.0,17960.0,18020.0,47695,0.0,0.0
2023-07-26 13:00:00+09:00,18020.0,18550.0,17930.0,18180.0,126216,0.0,0.0
2023-07-26 14:00:00+09:00,18180.0,18300.0,18110.0,18300.0,81981,0.0,0.0
2023-07-27 09:00:00+09:00,18050.0,18990.0,18050.0,18610.0,143326,0.0,0.0
2023-07-27 10:00:00+09:00,18600.0,19050.0,18600.0,18940.0,92454,0.0,0.0
2023-07-27 11:00:00+09:00,18950.0,19070.0,18750.0,19020.0,48212,0.0,0.0
2023-07-27 12:00:00+09:00,19020.0,19180.0,18950.0,19140.0,53731,0.0,0.0
2023-07-27 13:00:00+09:00,19150.0,19280.0,18880.0,18880.0,46122,0.0,0.0
2023-07-27 14:00:00+09:00,18880.0,18990.0,18710.0,18970.0,58773,0.0,0.0
2023-07-28 09:00:00+09:00,19000.0,19320.0,18650.0,18870.0,89966,0.0,0.0
2023-07-28 10:00:00+09:00,18870.0,19000.0,18820.0,18860.0,27995,0.0,0.0
2023-07-28 11:00:00+09:00,18860.0,19000.0,18850.0,18910.0,13245,0.0,0.0
2023-07-28 12:00:00+09:00,18910.0,19090.0,18910.0,18960.0,14485,0.0,0.0
2023-07-28 13:00:00+09:00,18930.0,19070.0,18920.0,19000.0,20628,0.0,0.0
2023-07-28 14:00:00+09:00,19050.0,19180.0,18960.0,19140.0,31028,0.0,0.0
2023-07-31 09:00:00+09:00,19000.0,19170.0,18770.0,18960.0,0,0.0,0.0
2023-07-31 10:00:00+09:00,18960.0,19090.0,18890.0,18930.0,41935,0.0,0.0
2023-07-31 11:00:00+09:00,18930.0,19000.0,18910.0,18980.0,24095,0.0,0.0
2023-07-31 12:00:00+09:00,19000.0,19000.0,18890.0,18890.0,23461,0.0,0.0
2023-07-31 13:00:00+09:00,18890.0,19050.0,18890.0,19030.0,23543,0.0,0.0
2023-07-31 14:00:00+09:00,19030.0,19390.0,19010.0,19330.0,66184,0.0,0.0
2023-08-01 09:00:00+09:00,19160.0,19860.0,19130.0,19840.0,181995,0.0,0.0
2023-08-01 10:00:00+09:00,19840.0,19860.0,19570.0,19620.0,58414,0.0,0.0
2023-08-01 11:00:00+09:00,19620.0,19620.0,19480.0,19580.0,46660,0.0,0.0
2023-08-01 12:00:00+09:00,19570.0,19600.0,19420.0,19430.0,42232,0.0,0.0
2023-08-01 13:00:00+09:00,19430.0,19450.0,19200.0,19280.0,51241,0.0,0.0
2023-08-01 14:00:00+09:00,19290.0,19340.0,19220.0,19280.0,31803,0.0,0.0
2023-08-02 09:00:00+09:00,19370.0,19550.0,19020.0,19280.0,84666,0.0,0.0
2023-08-02 10:00:00+09:00,19280.0,19410.0,19210.0,19210.0,20179,0.0,0.0
2023-08-02 11:00:00+09:00,19210.0,19210.0,18920.0,18920.0,69938,0.0,0.0
2023-08-02 12:00:00+09:00,18920.0,18960.0,18840.0,18840.0,29110,0.0,0.0
2023-08-02 13:00:00+09:00,18840.0,18850.0,18640.0,18710.0,51023,0.0,0.0
2023-08-02 14:00:00+09:00,18710.0,18760.0,18660.0,18690.0,26319,0.0,0.0
2023-08-03 09:00:00+09:00,18750.0,19460.0,18640.0,19440.0,141267,0.0,0.0
2023-08-03 10:00:00+09:00,19470.0,19800.0,19330.0,19380.0,177019,0.0,0.0
2023-08-03 11:00:00+09:00,19380.0,19690.0,19300.0,19460.0,63024,0.0,0.0
2023-08-03 12:00:00+09:00,19450.0,19650.0,19400.0,19640.0,41810,0.0,0.0
2023-08-03 13:00:00+09:00,19650.0,20000.0,19640.0,19770.0,163473,0.0,0.0
2023-08-03 14:00:00+09:00,19770.0,19990.0,19730.0,19990.0,82697,0.0,0.0
2023-08-04 09:00:00+09:00,19960.0,19960.0,19330.0,19450.0,164703,0.0,0.0
2023-08-04 10:00:00+09:00,19460.0,19460.0,19260.0,19270.0,77316,0.0,0.0
2023-08-04 11:00:00+09:00,19270.0,19370.0,19070.0,19120.0,95571,0.0,0.0
2023-08-04 12:00:00+09:00,19120.0,19120.0,18980.0,18980.0,96721,0.0,0.0
2023-08-04 13:00:00+09:00,18980.0,19080.0,18950.0,19070.0,49870,0.0,0.0
2023-08-04 14:00:00+09:00,19070.0,19170.0,19050.0,19100.0,35978,0.0,0.0
2023-08-07 09:00:00+09:00,19260.0,20150.0,19000.0,19580.0,0,0.0,0.0
2023-08-07 10:00:00+09:00,19600.0,19640.0,19150.0,19250.0,93733,0.0,0.0
2023-08-07 11:00:00+09:00,19260.0,19290.0,19180.0,19210.0,31911,0.0,0.0
2023-08-07 12:00:00+09:00,19220.0,19250.0,19180.0,19180.0,29264,0.0,0.0
2023-08-07 13:00:00+09:00,19190.0,19200.0,19120.0,19150.0,35111,0.0,0.0
2023-08-07 14:00:00+09:00,19140.0,19160.0,19100.0,19140.0,45492,0.0,0.0
2023-08-08 09:00:00+09:00,19280.0,19280.0,18890.0,19040.0,127673,0.0,0.0
2023-08-08 10:00:00+09:00,19040.0,19040.0,18830.0,18840.0,82228,0.0,0.0
2023-08-08 11:00:00+09:00,18840.0,18840.0,18720.0,18730.0,73173,0.0,0.0
2023-08-08 12:00:00+09:00,18730.0,18790.0,18730.0,18740.0,33254,0.0,0.0
2023-08-08 13:00:00+09:00,18740.0,18790.0,18600.0,18610.0,74679,0.0,0.0
2023-08-08 14:00:00+09:00,18600.0,18620.0,18420.0,18420.0,130868,0.0,0.0
2023-08-09 09:00:00+09:00,18570.0,19290.0,18570.0,19280.0,173404,0.0,0.0
2023-08-09 10:00:00+09:00,19280.0,19770.0,19240.0,19440.0,261830,0.0,0.0
2023-08-09 11:00:00+09:00,19430.0,19630.0,19400.0,19560.0,57143,0.0,0.0
2023-08-09 12:00:00+09:00,19560.0,19570.0,19450.0,19530.0,42728,0.0,0.0
2023-08-09 13:00:00+09:00,19520.0,19590.0,19450.0,19490.0,38092,0.0,0.0
2023-08-09 14:00:00+09:00,19490.0,19580.0,19430.0,19490.0,57070,0.0,0.0
2023-08-10 09:00:00+09:00,19450.0,19810.0,19290.0,19580.0,145877,0.0,0.0
2023-08-10 10:00:00+09:00,19590.0,19760.0,19510.0,19590.0,72242,0.0,0.0
2023-08-10 11:00:00+09:00,19590.0,19910.0,19550.0,19880.0,87851,0.0,0.0
2023-08-10 12:00:00+09:00,19880.0,19920.0,19570.0,19620.0,39935,0.0,0.0
2023-08-10 13:00:00+09:00,19630.0,19870.0,19600.0,19810.0,44723,0.0,0.0
2023-08-10 14:00:00+09:00,19830.0,19900.0,19690.0,19800.0,83292,0.0,0.0
2023-08-11 09:00:00+09:00,20200.0,20300.0,19780.0,20050.0,340971,0.0,0.0
2023-08-11 10:00:00+09:00,20100.0,20150.0,19710.0,20000.0,128709,0.0,0.0
2023-08-11 11:00:00+09:00,20050.0,20450.0,20000.0,20350.0,174825,0.0,0.0
2023-08-11 12:00:00+09:00,20350.0,20350.0,20000.0,20000.0,48565,0.0,0.0
2023-08-11 13:00:00+09:00,20050.0,20100.0,19910.0,20000.0,46149,0.0,0.0
2023-08-11 14:00:00+09:00,20000.0,20150.0,19980.0,20000.0,48423,0.0,0.0
2023-08-14 09:00:00+09:00,20250.0,20250.0,19250.0,19310.0,0,0.0,0.0
2023-08-14 10:00:00+09:00,19310.0,19690.0,19310.0,19650.0,54616,0.0,0.0
2023-08-14 11:00:00+09:00,19650.0,19680.0,19410.0,19490.0,24448,0.0,0.0
2023-08-14 12:00:00+09:00,19490.0,19600.0,19430.0,19540.0,21858,0.0,0.0
2023-08-14 13:00:00+09:00,19540.0,19540.0,19400.0,19400.0,32813,0.0,0.0
2023-08-14 14:00:00+09:00,19400.0,19590.0,19400.0,19450.0,33029,0.0,0.0
2023-08-16 09:00:00+09:00,19210.0,19380.0,18970.0,19010.0,0,0.0,0.0
2023-08-16 10:00:00+09:00,19020.0,19260.0,18930.0,19120.0,67600,0.0,0.0
2023-08-16 11:00:00+09:00,19120.0,19120.0,19000.0,19020.0,19101,0.0,0.0
2023-08-16 12:00:00+09:00,19020.0,19250.0,19010.0,19130.0,19455,0.0,0.0
2023-08-16 13:00:00+09:00,19140.0,19140.0,18900.0,18900.0,93407,0.0,0.0
2023-08-16 14:00:00+09:00,18900.0,19040.0,18870.0,18990.0,57671,0.0,0.0
2023-08-17 09:00:00+09:00,18850.0,19040.0,18610.0,18790.0,98740,0.0,0.0
2023-08-17 10:00:00+09:00,18800.0,18880.0,18700.0,18790.0,34696,0.0,0.0
2023-08-17 11:00:00+09:00,18800.0,18910.0,18760.0,18860.0,19043,0.0,0.0
2023-08-17 12:00:00+09:00,18850.0,18930.0,18810.0,18900.0,17479,0.0,0.0
2023-08-17 13:00:00+09:00,18910.0,18950.0,18750.0,18760.0,31823,0.0,0.0
2023-08-17 14:00:00+09:00,18760.0,18830.0,18670.0,18680.0,58759,0.0,0.0
2023-08-18 09:00:00+09:00,18520.0,18740.0,18420.0,18430.0,102538,0.0,0.0
2023-08-18 10:00:00+09:00,18430.0,18430.0,18300.0,18390.0,61591,0.0,0.0
2023-08-18 11:00:00+09:00,18390.0,18640.0,18380.0,18550.0,28799,0.0,0.0
2023-08-18 12:00:00+09:00,18540.0,18600.0,18500.0,18580.0,26239,0.0,0.0
2023-08-18 13:00:00+09:00,18570.0,18670.0,18560.0,18580.0,29284,0.0,0.0
2023-08-18 14:00:00+09:00,18580.0,18620.0,18380.0,18410.0,95528,0.0,0.0
2023-08-21 09:00:00+09:00,18670.0,18890.0,18530.0,18790.0,0,0.0,0.0
2023-08-21 10:00:00+09:00,18780.0,18910.0,18710.0,18760.0,28722,0.0,0.0
2023-08-21 11:00:00+09:00,18770.0,18900.0,18760.0,18860.0,20492,0.0,0.0
2023-08-21 12:00:00+09:00,18850.0,18900.0,18740.0,18850.0,18591,0.0,0.0
2023-08-21 13:00:00+09:00,18850.0,18860.0,18750.0,18790.0,20584,0.0,0.0
2023-08-21 14:00:00+09:00,18790.0,18840.0,18610.0,18640.0,30444,0.0,0.0
2023-08-22 09:00:00+09:00,18600.0,18920.0,18400.0,18770.0,59156,0.0,0.0
2023-08-22 10:00:00+09:00,18770.0,18830.0,18580.0,18760.0,38924,0.0,0.0
2023-08-22 11:00:00+09:00,18680.0,18740.0,18580.0,18660.0,16892,0.0,0.0
2023-08-22 12:00:00+09:00,18680.0,18750.0,18620.0,18700.0,10673,0.0,0.0
2023-08-22 13:00:00+09:00,18710.0,18710.0,18620.0,18630.0,21351,0.0,0.0
2023-08-22 14:00:00+09:00,18630.0,18770.0,18630.0,18720.0,32964,0.0,0.0
2023-08-23 09:00:00+09:00,18740.0,18810.0,18530.0,18590.0,51572,0.0,0.0
2023-08-23 10:00:00+09:00,18590.0,18670.0,18520.0,18570.0,33625,0.0,0.0
2023-08-23 11:00:00+09:00,18570.0,18680.0,18520.0,18530.0,24964,0.0,0.0
2023-08-23 12:00:00+09:00,18540.0,18540.0,18420.0,18420.0,32108,0.0,0.0
2023-08-23 13:00:00+09:00,18420.0,18430.0,18290.0,18320.0,52145,0.0,0.0
2023-08-23 14:00:00+09:00,18320.0,18380.0,18270.0,18300.0,45794,0.0,0.0
2023-08-24 09:00:00+09:00,18390.0,18500.0,18250.0,18250.0,72335,0.0,0.0
2023-08-24 10:00:00+09:00,18240.0,18300.0,18020.0,18260.0,104047,0.0,0.0
2023-08-24 11:00:00+09:00,18250.0,18440.0,18250.0,18340.0,41826,0.0,0.0
2023-08-24 12:00:00+09:00,18330.0,18520.0,18330.0,18470.0,38206,0.0,0.0
2023-08-24 13:00:00+09:00,18480.0,18550.0,18400.0,18400.0,47201,0.0,0.0
2023-08-24 14:00:00+09:00,18400.0,18480.0,18370.0,18390.0,35321,0.0,0.0
2023-08-25 09:00:00+09:00,18340.0,18800.0,18310.0,18740.0,117717,0.0,0.0
2023-08-25 10:00:00+09:00,18740.0,18770.0,18500.0,18600.0,34059,0.0,0.0
2023-08-25 11:00:00+09:00,18600.0,18670.0,18420.0,18480.0,16951,0.0,0.0
2023-08-25 12:00:00+09:00,18400.0,18400.0,18330.0,18360.0,30802,0.0,0.0
2023-08-25 13:00:00+09:00,18360.0,18410.0,18310.0,18320.0,27806,0.0,0.0
2023-08-25 14:00:00+09:00,18320.0,18400.0,18310.0,18390.0,28699,0.0,0.0
2023-08-28 09:00:00+09:00,18590.0,18780.0,18060.0,18080.0,0,0.0,0.0
2023-08-28 10:00:00+09:00,18080.0,18140.0,18050.0,18120.0,42455,0.0,0.0
2023-08-28 11:00:00+09:00,18120.0,18140.0,18100.0,18110.0,20678,0.0,0.0
2023-08-28 12:00:00+09:00,18120.0,18200.0,18110.0,18130.0,15159,0.0,0.0
2023-08-28 13:00:00+09:00,18140.0,18150.0,18110.0,18130.0,26884,0.0,0.0
2023-08-28 14:00:00+09:00,18120.0,18130.0,18020.0,18030.0,111036,0.0,0.0
2023-08-29 09:00:00+09:00,18040.0,18190.0,18030.0,18060.0,72993,0.0,0.0
2023-08-29 10:00:00+09:00,18060.0,18270.0,18050.0,18090.0,66157,0.0,0.0
2023-08-29 11:00:00+09:00,18090.0,18170.0,18060.0,18080.0,30676,0.0,0.0
2023-08-29 12:00:00+09:00,18090.0,18330.0,18070.0,18260.0,53296,0.0,0.0
2023-08-29 13:00:00+09:00,18260.0,18270.0,18130.0,18150.0,41613,0.0,0.0
2023-08-29 14:00:00+09:00,18150.0,18230.0,18130.0,18180.0,40543,0.0,0.0
2023-08-30 09:00:00+09:00,18330.0,18420.0,18160.0,18220.0,64600,0.0,0.0
2023-08-30 10:00:00+09:00,18230.0,18300.0,18200.0,18290.0,36913,0.0,0.0
2023-08-30 11:00:00+09:00,18300.0,18500.0,18280.0,18490.0,64421,0.0,0.0
2023-08-30 12:00:00+09:00,18490.0,18630.0,18480.0,18610.0,58159,0.0,0.0
2023-08-30 13:00:00+09:00,18610.0,18610.0,18500.0,18530.0,30114,0.0,0.0
2023-08-30 14:00:00+09:00,18510.0,18570.0,18410.0,18480.0,30362,0.0,0.0
2023-08-31 09:00:00+09:00,18400.0,18690.0,18400.0,18590.0,53375,0.0,0.0
2023-08-31 10:00:00+09:00,18570.0,18600.0,18450.0,18500.0,24745,0.0,0.0
2023-08-31 11:00:00+09:00,18510.0,18510.0,18400.0,18420.0,20287,0.0,0.0
2023-08-31 12:00:00+09:00,18420.0,18490.0,18320.0,18340.0,30771,0.0,0.0
2023-08-31 13:00:00+09:00,18350.0,18370.0,18270.0,18280.0,37295,0.0,0.0
2023-08-31 14:00:00+09:00,18290.0,18290.0,18210.0,18210.0,53503,0.0,0.0
2023-09-01 09:00:00+09:00,18120.0,18160.0,17950.0,17960.0,169852,0.0,0.0
2023-09-01 10:00:00+09:00,17960.0,17960.0,17800.0,17810.0,182091,0.0,0.0
2023-09-01 11:00:00+09:00,17800.0,17810.0,17650.0,17690.0,104564,0.0,0.0
2023-09-01 12:00:00+09:00,17690.0,17740.0,17680.0,17690.0,44505,0.0,0.0
2023-09-01 13:00:00+09:00,17690.0,17740.0,17660.0,17700.0,59057,0.0,0.0
2023-09-01 14:00:00+09:00,17700.0,17710.0,17600.0,17610.0,97142,0.0,0.0
2023-09-04 09:00:00+09:00,17940.0,18400.0,17760.0,18400.0,0,0.0,0.0
2023-09-04 10:00:00+09:00,18390.0,18400.0,18000.0,18100.0,157457,0.0,0.0
2023-09-04 11:00:00+09:00,18100.0,18150.0,18040.0,18070.0,8471,0.0,0.0
2023-09-04 12:00:00+09:00,18070.0,18100.0,18030.0,18040.0,15569,0.0,0.0
2023-09-04 13:00:00+09:00,18050.0,18160.0,18030.0,18110.0,19366,0.0,0.0
2023-09-04 14:00:00+09:00,18110.0,18130.0,18010.0,18010.0,38738,0.0,0.0
2023-09-05 09:00:00+09:00,18250.0,18400.0,18030.0,18090.0,81285,0.0,0.0
2023-09-05 10:00:00+09:00,18090.0,18270.0,18060.0,18200.0,30459,0.0,0.0
2023-09-05 11:00:00+09:00,18210.0,18300.0,18070.0,18080.0,25006,0.0,0.0
2023-09-05 12:00:00+09:00,18080.0,18090.0,18020.0,18030.0,34655,0.0,0.0
2023-09-05 13:00:00+09:00,18030.0,18030.0,17870.0,17910.0,64803,0.0,0.0
2023-09-05 14:00:00+09:00,17930.0,17950.0,17850.0,17890.0,43459,0.0,0.0
2023-09-06 09:00:00+09:00,17880.0,18230.0,17620.0,18010.0,125110,0.0,0.0
2023-09-06 10:00:00+09:00,18010.0,18490.0,17960.0,18050.0,147036,0.0,0.0
2023-09-06 11:00:00+09:00,18060.0,18110.0,17940.0,18040.0,34133,0.0,0.0
2023-09-06 12:00:00+09:00,18040.0,18060.0,17920.0,17950.0,22121,0.0,0.0
2023-09-06 13:00:00+09:00,17950.0,18170.0,17910.0,18010.0,43651,0.0,0.0
2023-09-06 14:00:00+09:00,18010.0,18070.0,17950.0,17970.0,37755,0.0,0.0
2023-09-07 09:00:00+09:00,18010.0,18570.0,17920.0,18140.0,209193,0.0,0.0
2023-09-07 10:00:00+09:00,18130.0,18410.0,18010.0,18140.0,100490,0.0,0.0
2023-09-07 11:00:00+09:00,18150.0,18370.0,18100.0,18260.0,53204,0.0,0.0
2023-09-07 12:00:00+09:00,18240.0,18250.0,18120.0,18170.0,22553,0.0,0.0
2023-09-07 13:00:00+09:00,18190.0,18190.0,18030.0,18080.0,36433,0.0,0.0
2023-09-07 14:00:00+09:00,18070.0,18100.0,18030.0,18080.0,35828,0.0,0.0
2023-09-08 09:00:00+09:00,18020.0,18330.0,17910.0,18230.0,71534,0.0,0.0
2023-09-08 10:00:00+09:00,18230.0,18540.0,18230.0,18370.0,115929,0.0,0.0
2023-09-08 11:00:00+09:00,18370.0,18620.0,18330.0,18610.0,84747,0.0,0.0
2023-09-08 12:00:00+09:00,18600.0,18630.0,18490.0,18490.0,41701,0.0,0.0
2023-09-08 13:00:00+09:00,18500.0,18580.0,18450.0,18560.0,44820,0.0,0.0
2023-09-08 14:00:00+09:00,18570.0,18690.0,18460.0,18660.0,75215,0.0,0.0
2023-09-11 09:00:00+09:00,18570.0,18930.0,18470.0,18650.0,0,0.0,0.0
2023-09-11 10:00:00+09:00,18640.0,18890.0,18550.0,18870.0,67809,0.0,0.0
2023-09-11 11:00:00+09:00,18870.0,19440.0,18850.0,19210.0,223209,0.0,0.0
2023-09-11 12:00:00+09:00,19210.0,19300.0,19080.0,19220.0,78377,0.0,0.0
2023-09-11 13:00:00+09:00,19210.0,19650.0,19190.0,19510.0,160687,0.0,0.0
2023-09-11 14:00:00+09:00,19520.0,19550.0,19320.0,19520.0,96395,0.0,0.0
2023-09-12 09:00:00+09:00,19760.0,19970.0,19490.0,19850.0,374076,0.0,0.0
2023-09-12 10:00:00+09:00,19850.0,21250.0,19850.0,21100.0,1201880,0.0,0.0
2023-09-12 11:00:00+09:00,21100.0,21300.0,20850.0,21100.0,488213,0.0,0.0
2023-09-12 12:00:00+09:00,21100.0,21400.0,20900.0,21100.0,312824,0.0,0.0
2023-09-12 13:00:00+09:00,21100.0,21250.0,20150.0,20450.0,461152,0.0,0.0
2023-09-12 14:00:00+09:00,20400.0,20900.0,20250.0,20700.0,275916,0.0,0.0
2023-09-13 09:00:00+09:00,20800.0,21050.0,20050.0,20550.0,386029,0.0,0.0
2023-09-13 10:00:00+09:00,20600.0,20800.0,20350.0,20600.0,132550,0.0,0.0
2023-09-13 11:00:00+09:00,20600.0,20750.0,20400.0,20550.0,87183,0.0,0.0
2023-09-13 12:00:00+09:00,20550.0,20700.0,20350.0,20350.0,45939,0.0,0.0
2023-09-13 13:00:00+09:00,20350.0,20600.0,20300.0,20550.0,49654,0.0,0.0
2023-09-13 14:00:00+09:00,20600.0,20600.0,20350.0,20500.0,51019,0.0,0.0
2023-09-14 09:00:00+09:00,20650.0,20700.0,20200.0,20400.0,121477,0.0,0.0
2023-09-14 10:00:00+09:00,20400.0,20500.0,20200.0,20400.0,67893,0.0,0.0
2023-09-14 11:00:00+09:00,20400.0,20600.0,20300.0,20500.0,44139,0.0,0.0
2023-09-14 12:00:00+09:00,20500.0,20600.0,20450.0,20500.0,29244,0.0,0.0
2023-09-14 13:00:00+09:00,20500.0,20500.0,20350.0,20450.0,34249,0.0,0.0
2023-09-14 14:00:00+09:00,20450.0,20500.0,20350.0,20400.0,34401,0.0,0.0
2023-09-15 09:00:00+09:00,20600.0,20700.0,20150.0,20150.0,113796,0.0,0.0
2023-09-15 10:00:00+09:00,20200.0,20400.0,19860.0,20400.0,89593,0.0,0.0
2023-09-15 11:00:00+09:00,20400.0,20450.0,20250.0,20450.0,33974,0.0,0.0
2023-09-15 12:00:00+09:00,20450.0,20500.0,20250.0,20350.0,22873,0.0,0.0
2023-09-15 13:00:00+09:00,20400.0,20400.0,20150.0,20250.0,44038,0.0,0.0
2023-09-15 14:00:00+09:00,20250.0,20350.0,20150.0,20300.0,42905,0.0,0.0
2023-09-18 09:00:00+09:00,20050.0,20650.0,19940.0,20450.0,0,0.0,0.0
2023-09-18 10:00:00+09:00,20500.0,21000.0,20400.0,20600.0,202639,0.0,0.0
2023-09-18 11:00:00+09:00,20600.0,20600.0,20400.0,20600.0,48313,0.0,0.0
2023-09-18 12:00:00+09:00,20600.0,20800.0,20450.0,20500.0,65230,0.0,0.0
2023-09-18 13:00:00+09:00,20500.0,20600.0,20250.0,20450.0,49542,0.0,0.0
2023-09-18 14:00:00+09:00,20500.0,20550.0,20350.0,20400.0,36271,0.0,0.0
2023-09-19 09:00:00+09:00,20300.0,20400.0,19810.0,19950.0,131905,0.0,0.0
2023-09-19 10:00:00+09:00,19950.0,20450.0,19940.0,20400.0,47374,0.0,0.0
2023-09-19 11:00:00+09:00,20400.0,20650.0,20050.0,20100.0,63893,0.0,0.0
2023-09-19 12:00:00+09:00,20150.0,20300.0,20050.0,20150.0,23100,0.0,0.0
2023-09-19 13:00:00+09:00,20150.0,20350.0,20050.0,20200.0,32231,0.0,0.0
2023-09-19 14:00:00+09:00,20200.0,20250.0,20000.0,20050.0,39774,0.0,0.0
2023-09-20 09:00:00+09:00,20400.0,20400.0,19600.0,19740.0,127922,0.0,0.0
2023-09-20 10:00:00+09:00,19740.0,19790.0,19420.0,19520.0,108365,0.0,0.0
2023-09-20 11:00:00+09:00,19520.0,19520.0,19290.0,19320.0,63141,0.0,0.0
2023-09-20 12:00:00+09:00,19320.0,19400.0,19280.0,19320.0,45463,0.0,0.0
2023-09-20 13:00:00+09:00,19360.0,19360.0,19250.0,19280.0,34823,0.0,0.0
2023-09-20 14:00:00+09:00,19280.0,19520.0,19270.0,19520.0,55856,0.0,0.0
2023-09-21 09:00:00+09:00,19240.0,19410.0,19090.0,19180.0,104383,0.0,0.0
2023-09-21 10:00:00+09:00,19180.0,19270.0,19090.0,19200.0,42265,0.0,0.0
2023-09-21 11:00:00+09:00,19190.0,19320.0,19160.0,19260.0,18270,0.0,0.0
2023-09-21 12:00:00+09:00,19260.0,19280.0,19220.0,19220.0,16016,0.0,0.0
2023-09-21 13:00:00+09:00,19220.0,19240.0,19150.0,19170.0,33630,0.0,0.0
2023-09-21 14:00:00+09:00,19170.0,19170.0,18970.0,18980.0,55011,0.0,0.0
2023-09-22 09:00:00+09:00,18540.0,19170.0,18540.0,19080.0,67368,0.0,0.0
2023-09-22 10:00:00+09:00,19090.0,19090.0,18700.0,19010.0,38390,0.0,0.0
2023-09-22 11:00:00+09:00,19010.0,19060.0,18760.0,18900.0,19401,0.0,0.0
2023-09-22 12:00:00+09:00,18900.0,18960.0,18780.0,18840.0,13255,0.0,0.0
2023-09-22 13:00:00+09:00,18850.0,18890.0,18740.0,18870.0,28949,0.0,0.0
2023-09-22 14:00:00+09:00,18870.0,18950.0,18820.0,18900.0,22903,0.0,0.0
2023-09-25 09:00:00+09:00,18700.0,19000.0,18540.0,18690.0,0,0.0,0.0
2023-09-25 10:00:00+09:00,18690.0,18760.0,18530.0,18550.0,44836,0.0,0.0
2023-09-25 11:00:00+09:00,18550.0,18700.0,18530.0,18700.0,20100,0.0,0.0
2023-09-25 12:00:00+09:00,18690.0,18700.0,18560.0,18590.0,14520,0.0,0.0
2023-09-25 13:00:00+09:00,18590.0,18600.0,18560.0,18570.0,14345,0.0,0.0
2023-09-25 14:00:00+09:00,18570.0,18570.0,18390.0,18440.0,65798,0.0,0.0
2023-09-26 09:00:00+09:00,18500.0,18780.0,18240.0,18340.0,64790,0.0,0.0
2023-09-26 10:00:00+09:00,18340.0,18410.0,18290.0,18370.0,30055,0.0,0.0
2023-09-26 11:00:00+09:00,18370.0,18370.0,18250.0,18250.0,22468,0.0,0.0
2023-09-26 12:00:00+09:00,18280.0,18290.0,18240.0,18250.0,15633,0.0,0.0
2023-09-26 13:00:00+09:00,18250.0,18250.0,18120.0,18170.0,31901,0.0,0.0
2023-09-26 14:00:00+09:00,18170.0,18250.0,18140.0,18210.0,16589,0.0,0.0
2023-09-27 09:00:00+09:00,18320.0,18630.0,18220.0,18420.0,56396,0.0,0.0
2023-09-27 10:00:00+09:00,18420.0,18550.0,18410.0,18460.0,13584,0.0,0.0
2023-09-27 11:00:00+09:00,18460.0,18460.0,18350.0,18400.0,12466,0.0,0.0
2023-09-27 12:00:00+09:00,18400.0,18520.0,18360.0,18510.0,9181,0.0,0.0
2023-09-27 13:00:00+09:00,18510.0,18620.0,18490.0,18590.0,16466,0.0,0.0
2023-09-27 14:00:00+09:00,18590.0,19000.0,18580.0,18980.0,43894,0.0,0.0
2023-10-04 09:00:00+09:00,18680.0,18890.0,18360.0,18760.0,0,0.0,0.0
2023-10-04 10:00:00+09:00,18760.0,19100.0,18760.0,18940.0,41756,0.0,0.0
2023-10-04 11:00:00+09:00,18940.0,19020.0,18840.0,18980.0,17541,0.0,0.0
2023-10-04 12:00:00+09:00,18980.0,18980.0,18870.0,18900.0,13649,0.0,0.0
2023-10-04 13:00:00+09:00,18900.0,18900.0,18690.0,18850.0,17843,0.0,0.0
2023-10-04 14:00:00+09:00,18860.0,18940.0,18780.0,18930.0,28416,0.0,0.0
2023-10-05 09:00:00+09:00,19280.0,19490.0,18890.0,19430.0,92108,0.0,0.0
2023-10-05 10:00:00+09:00,19440.0,19660.0,19280.0,19490.0,81450,0.0,0.0
2023-10-05 11:00:00+09:00,19500.0,19700.0,19370.0,19690.0,54916,0.0,0.0
2023-10-05 12:00:00+09:00,19690.0,19880.0,19560.0,19820.0,70672,0.0,0.0
2023-10-05 13:00:00+09:00,19830.0,19900.0,19580.0,19580.0,72756,0.0,0.0
2023-10-05 14:00:00+09:00,19580.0,19580.0,19130.0,19140.0,62872,0.0,0.0
2023-10-06 09:00:00+09:00,19200.0,19720.0,19170.0,19450.0,59097,0.0,0.0
2023-10-06 10:00:00+09:00,19480.0,19690.0,19410.0,19680.0,29108,0.0,0.0
2023-10-06 11:00:00+09:00,19680.0,19800.0,19580.0,19740.0,42605,0.0,0.0
2023-10-06 12:00:00+09:00,19740.0,19790.0,19680.0,19730.0,20138,0.0,0.0
2023-10-06 13:00:00+09:00,19760.0,19850.0,19720.0,19800.0,31964,0.0,0.0
2023-10-06 14:00:00+09:00,19800.0,19820.0,19730.0,19760.0,31732,0.0,0.0
2023-10-10 09:00:00+09:00,19940.0,20350.0,19820.0,20250.0,0,0.0,0.0
2023-10-10 10:00:00+09:00,20300.0,20500.0,20100.0,20300.0,84596,0.0,0.0
2023-10-10 11:00:00+09:00,20350.0,20350.0,20100.0,20150.0,34389,0.0,0.0
2023-10-10 12:00:00+09:00,20150.0,20200.0,19980.0,20150.0,36156,0.0,0.0
2023-10-10 13:00:00+09:00,20100.0,20150.0,19750.0,19980.0,67473,0.0,0.0
2023-10-10 14:00:00+09:00,19960.0,20050.0,19740.0,19940.0,65608,0.0,0.0
2023-10-11 09:00:00+09:00,20450.0,20450.0,19510.0,19960.0,147958,0.0,0.0
2023-10-11 10:00:00+09:00,19990.0,20100.0,19830.0,20050.0,48955,0.0,0.0
2023-10-11 11:00:00+09:00,20050.0,20150.0,20000.0,20150.0,24575,0.0,0.0
2023-10-11 12:00:00+09:00,20150.0,20350.0,19950.0,20000.0,57879,0.0,0.0
2023-10-11 13:00:00+09:00,20000.0,20150.0,19990.0,20050.0,24218,0.0,0.0
2023-10-11 14:00:00+09:00,20050.0,20100.0,19990.0,20050.0,33954,0.0,0.0
2023-10-12 09:00:00+09:00,20150.0,20450.0,19760.0,19840.0,107035,0.0,0.0
2023-10-12 10:00:00+09:00,19860.0,20300.0,19800.0,20200.0,59938,0.0,0.0
2023-10-12 11:00:00+09:00,20250.0,20250.0,20000.0,20050.0,27847,0.0,0.0
2023-10-12 12:00:00+09:00,20050.0,20200.0,19990.0,20000.0,24225,0.0,0.0
2023-10-12 13:00:00+09:00,20050.0,20050.0,19990.0,20000.0,21553,0.0,0.0
2023-10-12 14:00:00+09:00,20000.0,20100.0,19900.0,20100.0,26072,0.0,0.0
2023-10-13 09:00:00+09:00,19990.0,20300.0,19910.0,20050.0,71750,0.0,0.0
2023-10-13 10:00:00+09:00,20000.0,20100.0,19770.0,19840.0,41964,0.0,0.0
2023-10-13 11:00:00+09:00,19820.0,19850.0,19700.0,19850.0,34032,0.0,0.0
2023-10-13 12:00:00+09:00,19820.0,19850.0,19750.0,19790.0,10709,0.0,0.0
2023-10-13 13:00:00+09:00,19800.0,19850.0,19640.0,19640.0,48554,0.0,0.0
2023-10-13 14:00:00+09:00,19640.0,19680.0,19530.0,19600.0,42927,0.0,0.0
2023-10-16 09:00:00+09:00,19620.0,19920.0,19550.0,19700.0,0,0.0,0.0
2023-10-16 10:00:00+09:00,19700.0,19790.0,19400.0,19430.0,27677,0.0,0.0
2023-10-16 11:00:00+09:00,19430.0,19490.0,19390.0,19430.0,14917,0.0,0.0
2023-10-16 12:00:00+09:00,19410.0,19450.0,19390.0,19420.0,11005,0.0,0.0
2023-10-16 13:00:00+09:00,19420.0,19470.0,19140.0,19230.0,26746,0.0,0.0
2023-10-16 14:00:00+09:00,19230.0,19360.0,19220.0,19350.0,28350,0.0,0.0
2023-10-17 09:00:00+09:00,19390.0,19680.0,19390.0,19530.0,33605,0.0,0.0
2023-10-17 10:00:00+09:00,19520.0,19590.0,19390.0,19520.0,15491,0.0,0.0
2023-10-17 11:00:00+09:00,19520.0,19590.0,19470.0,19560.0,11609,0.0,0.0
2023-10-17 12:00:00+09:00,19560.0,19570.0,19400.0,19480.0,14807,0.0,0.0
2023-10-17 13:00:00+09:00,19480.0,19490.0,19210.0,19330.0,20897,0.0,0.0
2023-10-17 14:00:00+09:00,19330.0,19330.0,19050.0,19100.0,46571,0.0,0.0
2023-10-18 09:00:00+09:00,18990.0,19100.0,18400.0,18420.0,137745,0.0,0.0
2023-10-18 10:00:00+09:00,18410.0,18440.0,18210.0,18210.0,131415,0.0,0.0
2023-10-18 11:00:00+09:00,18220.0,18320.0,18070.0,18090.0,126921,0.0,0.0
2023-10-18 12:00:00+09:00,18090.0,18100.0,17950.0,18000.0,115031,0.0,0.0
2023-10-18 13:00:00+09:00,17960.0,18010.0,17900.0,17910.0,108564,0.0,0.0
2023-10-18 14:00:00+09:00,17900.0,17930.0,17800.0,17800.0,191549,0.0,0.0
2023-10-19 09:00:00+09:00,17660.0,17700.0,17280.0,17510.0,142373,0.0,0.0
2023-10-19 10:00:00+09:00,17540.0,17540.0,17130.0,17140.0,133563,0.0,0.0
2023-10-19 11:00:00+09:00,17140.0,17140.0,16590.0,16630.0,197783,0.0,0.0
2023-10-19 12:00:00+09:00,16640.0,16720.0,16590.0,16630.0,81953,0.0,0.0
2023-10-19 13:00:00+09:00,16640.0,16650.0,16510.0,16530.0,128764,0.0,0.0
2023-10-19 14:00:00+09:00,16520.0,16550.0,16390.0,16460.0,123688,0.0,0.0
2023-10-20 09:00:00+09:00,16130.0,16370.0,15860.0,15930.0,191826,0.0,0.0
2023-10-20 10:00:00+09:00,15930.0,16080.0,15900.0,15930.0,57474,0.0,0.0
2023-10-20 11:00:00+09:00,15930.0,15960.0,15660.0,15920.0,120921,0.0,0.0
2023-10-20 12:00:00+09:00,15910.0,15920.0,15770.0,15890.0,46344,0.0,0.0
2023-10-20 13:00:00+09:00,15890.0,16150.0,15880.0,16110.0,70456,0.0,0.0
2023-10-20 14:00:00+09:00,16120.0,16120.0,15780.0,15790.0,85611,0.0,0.0
2023-10-23 09:00:00+09:00,15740.0,15960.0,15670.0,15860.0,0,0.0,0.0
2023-10-23 10:00:00+09:00,15860.0,16140.0,15750.0,16080.0,44142,0.0,0.0
2023-10-23 11:00:00+09:00,16070.0,16070.0,15800.0,15830.0,20254,0.0,0.0
2023-10-23 12:00:00+09:00,15830.0,15930.0,15820.0,15870.0,12693,0.0,0.0
2023-10-23 13:00:00+09:00,15850.0,15980.0,15820.0,15820.0,22088,0.0,0.0
2023-10-23 14:00:00+09:00,15820.0,15850.0,15700.0,15790.0,55704,0.0,0.0
2023-10-24 09:00:00+09:00,16150.0,16150.0,15370.0,15450.0,145833,0.0,0.0
2023-10-24 10:00:00+09:00,15480.0,15620.0,15420.0,15540.0,45107,0.0,0.0
2023-10-24 11:00:00+09:00,15540.0,15760.0,15530.0,15670.0,26518,0.0,0.0
2023-10-24 12:00:00+09:00,15660.0,15870.0,15640.0,15790.0,20361,0.0,0.0
2023-10-24 13:00:00+09:00,15790.0,16070.0,15760.0,16060.0,34852,0.0,0.0
2023-10-24 14:00:00+09:00,16060.0,16340.0,16050.0,16340.0,55314,0.0,0.0
2023-10-25 09:00:00+09:00,16500.0,16500.0,15790.0,15890.0,96114,0.0,0.0
2023-10-25 10:00:00+09:00,15890.0,16080.0,15870.0,15960.0,19387,0.0,0.0
2023-10-25 11:00:00+09:00,15960.0,16050.0,15900.0,15920.0,41316,0.0,0.0
2023-10-25 12:00:00+09:00,15950.0,16000.0,15850.0,15900.0,19919,0.0,0.0
2023-10-25 13:00:00+09:00,15900.0,15920.0,15800.0,15830.0,36791,0.0,0.0
2023-10-25 14:00:00+09:00,15840.0,15950.0,15810.0,15870.0,34845,0.0,0.0
2023-10-26 09:00:00+09:00,15380.0,15700.0,15380.0,15560.0,74724,0.0,0.0
2023-10-26 10:00:00+09:00,15560.0,15660.0,15490.0,15580.0,35113,0.0,0.0
2023-10-26 11:00:00+09:00,15580.0,15610.0,15420.0,15430.0,29411,0.0,0.0
2023-10-26 12:00:00+09:00,15430.0,15630.0,15420.0,15540.0,22030,0.0,0.0
2023-10-26 13:00:00+09:00,15540.0,15640.0,15440.0,15460.0,30425,0.0,0.0
2023-10-26 14:00:00+09:00,15450.0,15680.0,15450.0,15570.0,36011,0.0,0.0
2023-10-27 09:00:00+09:00,15800.0,15890.0,15560.0,15760.0,80765,0.0,0.0
2023-10-27 10:00:00+09:00,15760.0,16360.0,15700.0,16290.0,99267,0.0,0.0
2023-10-27 11:00:00+09:00,16290.0,16340.0,16110.0,16170.0,34179,0.0,0.0
2023-10-27 12:00:00+09:00,16160.0,16180.0,15880.0,15980.0,22560,0.0,0.0
2023-10-27 13:00:00+09:00,15930.0,16140.0,15730.0,16060.0,35700,0.0,0.0
2023-10-27 14:00:00+09:00,16050.0,16190.0,15900.0,16180.0,37015,0.0,0.0
2023-10-30 09:00:00+09:00,16130.0,16130.0,15720.0,16110.0,0,0.0,0.0
2023-10-30 10:00:00+09:00,16120.0,16390.0,15960.0,16390.0,34406,0.0,0.0
2023-10-30 11:00:00+09:00,16390.0,16400.0,16100.0,16220.0,21281,0.0,0.0
2023-10-30 12:00:00+09:00,16230.0,16300.0,16060.0,16220.0,31091,0.0,0.0
2023-10-30 13:00:00+09:00,16270.0,16320.0,16180.0,16230.0,18503,0.0,0.0
2023-10-30 14:00:00+09:00,16230.0,16290.0,16170.0,16230.0,18763,0.0,0.0
2023-10-31 09:00:00+09:00,16250.0,16340.0,16170.0,16180.0,41510,0.0,0.0
2023-10-31 10:00:00+09:00,16180.0,16180.0,15920.0,16120.0,40984,0.0,0.0
2023-10-31 11:00:00+09:00,16040.0,16170.0,15930.0,15960.0,15950,0.0,0.0
2023-10-31 12:00:00+09:00,15970.0,15980.0,15890.0,15960.0,17564,0.0,0.0
2023-10-31 13:00:00+09:00,15960.0,15960.0,15810.0,15860.0,25532,0.0,0.0
2023-10-31 14:00:00+09:00,15850.0,16040.0,15800.0,16030.0,21625,0.0,0.0
2023-11-01 09:00:00+09:00,15920.0,16240.0,15920.0,16080.0,40595,0.0,0.0
2023-11-01 10:00:00+09:00,16080.0,16150.0,16000.0,16010.0,13942,0.0,0.0
2023-11-01 11:00:00+09:00,16020.0,16120.0,16010.0,16100.0,9341,0.0,0.0
2023-11-01 12:00:00+09:00,16100.0,16190.0,16090.0,16160.0,14630,0.0,0.0
2023-11-01 13:00:00+09:00,16170.0,16170.0,16050.0,16060.0,12398,0.0,0.0
2023-11-01 14:00:00+09:00,16070.0,16100.0,15990.0,16080.0,25534,0.0,0.0
2023-11-02 09:00:00+09:00,16350.0,16590.0,16320.0,16540.0,69018,0.0,0.0
2023-11-02 10:00:00+09:00,16540.0,16590.0,16490.0,16520.0,32691,0.0,0.0
2023-11-02 11:00:00+09:00,16520.0,16540.0,16460.0,16480.0,18853,0.0,0.0
2023-11-02 12:00:00+09:00,16470.0,16590.0,16450.0,16550.0,19153,0.0,0.0
2023-11-02 13:00:00+09:00,16550.0,16560.0,16480.0,16550.0,15809,0.0,0.0
2023-11-02 14:00:00+09:00,16540.0,16590.0,16500.0,16580.0,21128,0.0,0.0
2023-11-03 09:00:00+09:00,16550.0,16650.0,16180.0,16220.0,81517,0.0,0.0
2023-11-03 10:00:00+09:00,16220.0,16530.0,16210.0,16520.0,36238,0.0,0.0
2023-11-03 11:00:00+09:00,16520.0,16710.0,16510.0,16700.0,28101,0.0,0.0
2023-11-03 12:00:00+09:00,16700.0,16710.0,16530.0,16540.0,15891,0.0,0.0
2023-11-03 13:00:00+09:00,16540.0,16660.0,16470.0,16630.0,13115,0.0,0.0
2023-11-03 14:00:00+09:00,16630.0,16670.0,16570.0,16630.0,14933,0.0,0.0
2023-11-06 09:00:00+09:00,17090.0,17930.0,17010.0,17570.0,124669,0.0,0.0
2023-11-06 10:00:00+09:00,17580.0,17670.0,17370.0,17630.0,80479,0.0,0.0
2023-11-06 11:00:00+09:00,17630.0,17890.0,17550.0,17830.0,88199,0.0,0.0
2023-11-06 12:00:00+09:00,17840.0,17990.0,17820.0,17930.0,78504,0.0,0.0
2023-11-06 13:00:00+09:00,17940.0,18110.0,17810.0,18010.0,93264,0.0,0.0
2023-11-06 14:00:00+09:00,18010.0,18250.0,18010.0,18180.0,106321,0.0,0.0
2023-11-07 09:00:00+09:00,18390.0,18660.0,17860.0,18480.0,227559,0.0,0.0
2023-11-07 10:00:00+09:00,18470.0,18580.0,18250.0,18500.0,93550,0.0,0.0
2023-11-07 11:00:00+09:00,18500.0,18530.0,18210.0,18240.0,62129,0.0,0.0
2023-11-07 12:00:00+09:00,18240.0,18240.0,17910.0,18200.0,72335,0.0,0.0
2023-11-07 13:00:00+09:00,18200.0,18410.0,18150.0,18410.0,47123,0.0,0.0
2023-11-07 14:00:00+09:00,18420.0,18950.0,18390.0,18780.0,172727,0.0,0.0
2023-11-08 09:00:00+09:00,18860.0,19010.0,18660.0,18750.0,106868,0.0,0.0
2023-11-08 10:00:00+09:00,18760.0,19060.0,18730.0,19040.0,82432,0.0,0.0
2023-11-08 11:00:00+09:00,19030.0,19150.0,18890.0,19030.0,61156,0.0,0.0
2023-11-08 12:00:00+09:00,19030.0,19040.0,18750.0,18940.0,39338,0.0,0.0
2023-11-08 13:00:00+09:00,18940.0,19080.0,18900.0,19080.0,49721,0.0,0.0
2023-11-08 14:00:00+09:00,19080.0,19080.0,18810.0,18900.0,67094,0.0,0.0
2023-11-09 09:00:00+09:00,19010.0,19140.0,18770.0,18840.0,69013,0.0,0.0
2023-11-09 10:00:00+09:00,18840.0,18900.0,18470.0,18510.0,65700,0.0,0.0
2023-11-09 11:00:00+09:00,18520.0,18530.0,18360.0,18440.0,54626,0.0,0.0
2023-11-09 12:00:00+09:00,18430.0,18450.0,18270.0,18290.0,37890,0.0,0.0
2023-11-09 13:00:00+09:00,18290.0,18650.0,18290.0,18650.0,34805,0.0,0.0
2023-11-09 14:00:00+09:00,18620.0,18780.0,18600.0,18730.0,38048,0.0,0.0
2023-11-10 09:00:00+09:00,18290.0,18710.0,18280.0,18510.0,63295,0.0,0.0
2023-11-10 10:00:00+09:00,18510.0,19100.0,18480.0,19100.0,73039,0.0,0.0
2023-11-10 11:00:00+09:00,19100.0,19110.0,18880.0,18880.0,42191,0.0,0.0
2023-11-10 12:00:00+09:00,18870.0,18980.0,18780.0,18860.0,17570,0.0,0.0
2023-11-10 13:00:00+09:00,18860.0,18970.0,18800.0,18950.0,18966,0.0,0.0
2023-11-10 14:00:00+09:00,18950.0,18980.0,18790.0,18880.0,33809,0.0,0.0
2023-11-13 09:00:00+09:00,18820.0,19010.0,18660.0,18680.0,0,0.0,0.0
2023-11-13 10:00:00+09:00,18680.0,18680.0,18350.0,18500.0,47633,0.0,0.0
2023-11-13 11:00:00+09:00,18500.0,18530.0,18380.0,18420.0,26604,0.0,0.0
2023-11-13 12:00:00+09:00,18400.0,18550.0,18400.0,18490.0,24163,0.0,0.0
2023-11-13 13:00:00+09:00,18490.0,18740.0,18390.0,18640.0,39016,0.0,0.0
2023-11-13 14:00:00+09:00,18630.0,18860.0,18590.0,18780.0,45532,0.0,0.0
2023-11-14 09:00:00+09:00,18740.0,18960.0,18650.0,18840.0,30144,0.0,0.0
2023-11-14 10:00:00+09:00,18840.0,18920.0,18710.0,18800.0,15358,0.0,0.0
2023-11-14 11:00:00+09:00,18790.0,18790.0,18610.0,18620.0,15082,0.0,0.0
2023-11-14 12:00:00+09:00,18620.0,18690.0,18530.0,18670.0,11780,0.0,0.0
2023-11-14 13:00:00+09:00,18670.0,18680.0,18560.0,18620.0,13816,0.0,0.0
2023-11-14 14:00:00+09:00,18620.0,18630.0,18510.0,18520.0,17637,0.0,0.0
2023-11-15 09:00:00+09:00,18650.0,18910.0,18650.0,18680.0,49663,0.0,0.0
2023-11-15 10:00:00+09:00,18690.0,18690.0,18540.0,18600.0,17564,0.0,0.0
2023-11-15 11:00:00+09:00,18610.0,18630.0,18540.0,18570.0,11746,0.0,0.0
2023-11-15 12:00:00+09:00,18570.0,18620.0,18550.0,18580.0,10384,0.0,0.0
2023-11-15 13:00:00+09:00,18590.0,18730.0,18580.0,18710.0,21637,0.0,0.0
2023-11-15 14:00:00+09:00,18710.0,18980.0,18710.0,18810.0,46520,0.0,0.0
2023-11-16 10:00:00+09:00,18930.0,18930.0,18580.0,18620.0,68531,0.0,0.0
2023-11-16 11:00:00+09:00,18620.0,18890.0,18610.0,18890.0,21982,0.0,0.0
2023-11-16 12:00:00+09:00,18890.0,18890.0,18730.0,18790.0,12744,0.0,0.0
2023-11-16 13:00:00+09:00,18790.0,18790.0,18590.0,18650.0,21599,0.0,0.0
2023-11-16 14:00:00+09:00,18660.0,18740.0,18640.0,18700.0,9330,0.0,0.0
2023-11-17 09:00:00+09:00,18730.0,19000.0,18660.0,18890.0,38793,0.0,0.0
2023-11-17 10:00:00+09:00,18890.0,19090.0,18820.0,19040.0,39590,0.0,0.0
2023-11-17 11:00:00+09:00,19030.0,19040.0,18850.0,18920.0,14599,0.0,0.0
2023-11-17 12:00:00+09:00,18930.0,18940.0,18860.0,18930.0,10134,0.0,0.0
2023-11-17 13:00:00+09:00,18930.0,18940.0,18880.0,18900.0,15082,0.0,0.0
2023-11-17 14:00:00+09:00,18900.0,18900.0,18720.0,18790.0,24436,0.0,0.0
2023-11-20 09:00:00+09:00,18920.0,19080.0,18730.0,19020.0,0,0.0,0.0
2023-11-20 10:00:00+09:00,19030.0,19270.0,19010.0,19140.0,58472,0.0,0.0
2023-11-20 11:00:00+09:00,19150.0,19150.0,19050.0,19080.0,10034,0.0,0.0
2023-11-20 12:00:00+09:00,19080.0,19120.0,19020.0,19060.0,15604,0.0,0.0
2023-11-20 13:00:00+09:00,19050.0,19120.0,19010.0,19080.0,15070,0.0,0.0
2023-11-20 14:00:00+09:00,19080.0,19120.0,19050.0,19100.0,14380,0.0,0.0
2023-11-21 09:00:00+09:00,19050.0,19250.0,19050.0,19100.0,54192,0.0,0.0
2023-11-21 10:00:00+09:00,19100.0,19150.0,19040.0,19090.0,12854,0.0,0.0
2023-11-21 11:00:00+09:00,19110.0,19150.0,19080.0,19140.0,8692,0.0,0.0
2023-11-21 12:00:00+09:00,19140.0,19240.0,19100.0,19190.0,18346,0.0,0.0
2023-11-21 13:00:00+09:00,19190.0,19200.0,19070.0,19100.0,11171,0.0,0.0
2023-11-21 14:00:00+09:00,19110.0,19270.0,19100.0,19240.0,22800,0.0,0.0
2023-11-22 09:00:00+09:00,19270.0,19740.0,19230.0,19450.0,161144,0.0,0.0
2023-11-22 10:00:00+09:00,19450.0,19580.0,19330.0,19550.0,37482,0.0,0.0
2023-11-22 11:00:00+09:00,19550.0,19660.0,19490.0,19590.0,32301,0.0,0.0
2023-11-22 12:00:00+09:00,19590.0,19680.0,19560.0,19650.0,17967,0.0,0.0
2023-11-22 13:00:00+09:00,19650.0,19720.0,19630.0,19650.0,41831,0.0,0.0
2023-11-22 14:00:00+09:00,19660.0,19670.0,19570.0,19570.0,25534,0.0,0.0
2023-11-23 09:00:00+09:00,19700.0,19930.0,19530.0,19850.0,96813,0.0,0.0
2023-11-23 10:00:00+09:00,19840.0,19950.0,19820.0,19930.0,48323,0.0,0.0
2023-11-23 11:00:00+09:00,19930.0,20200.0,19860.0,20000.0,111445,0.0,0.0
2023-11-23 12:00:00+09:00,20000.0,20100.0,19970.0,20050.0,34490,0.0,0.0
2023-11-23 13:00:00+09:00,20000.0,20100.0,19970.0,20050.0,37022,0.0,0.0
2023-11-23 14:00:00+09:00,20100.0,20150.0,20000.0,20100.0,59789,0.0,0.0
2023-11-24 09:00:00+09:00,20100.0,20200.0,19690.0,19770.0,81810,0.0,0.0
2023-11-24 10:00:00+09:00,19790.0,19790.0,19450.0,19510.0,69779,0.0,0.0
2023-11-24 11:00:00+09:00,19510.0,19850.0,19510.0,19850.0,24712,0.0,0.0
2023-11-24 12:00:00+09:00,19850.0,19880.0,19720.0,19790.0,13749,0.0,0.0
2023-11-24 13:00:00+09:00,19790.0,19830.0,19680.0,19680.0,18884,0.0,0.0
2023-11-24 14:00:00+09:00,19680.0,19780.0,19680.0,19720.0,26090,0.0,0.0
2023-11-27 09:00:00+09:00,19760.0,19760.0,19330.0,19410.0,0,0.0,0.0
2023-11-27 10:00:00+09:00,19420.0,19530.0,19350.0,19480.0,26075,0.0,0.0
2023-11-27 11:00:00+09:00,19470.0,19530.0,19360.0,19370.0,21914,0.0,0.0
2023-11-27 12:00:00+09:00,19360.0,19410.0,19090.0,19270.0,40698,0.0,0.0
2023-11-27 13:00:00+09:00,19270.0,19340.0,19220.0,19250.0,9797,0.0,0.0
2023-11-27 14:00:00+09:00,19250.0,19340.0,19240.0,19290.0,20353,0.0,0.0
2023-11-28 09:00:00+09:00,19420.0,19550.0,19320.0,19470.0,0,0.0,0.0
2023-11-28 10:00:00+09:00,19470.0,19750.0,19470.0,19600.0,85906,0.0,0.0
2023-11-28 11:00:00+09:00,19580.0,19620.0,19510.0,19550.0,13395,0.0,0.0
2023-11-28 12:00:00+09:00,19560.0,19560.0,19420.0,19490.0,14917,0.0,0.0
2023-11-28 13:00:00+09:00,19490.0,19720.0,19450.0,19660.0,27735,0.0,0.0
2023-11-28 14:00:00+09:00,19660.0,19680.0,19550.0,19590.0,18516,0.0,0.0
2023-11-29 09:00:00+09:00,19610.0,19710.0,19410.0,19700.0,33810,0.0,0.0
2023-11-29 10:00:00+09:00,19690.0,19940.0,19680.0,19900.0,48823,0.0,0.0
2023-11-29 11:00:00+09:00,19900.0,19930.0,19860.0,19900.0,23845,0.0,0.0
2023-11-29 12:00:00+09:00,19900.0,19900.0,19850.0,19900.0,18143,0.0,0.0
2023-11-29 13:00:00+09:00,19900.0,19900.0,19720.0,19810.0,20217,0.0,0.0
2023-11-29 14:00:00+09:00,19810.0,19810.0,19510.0,19590.0,34488,0.0,0.0
2023-11-30 09:00:00+09:00,19580.0,19860.0,19470.0,19840.0,37072,0.0,0.0
2023-11-30 10:00:00+09:00,19840.0,19840.0,19700.0,19720.0,13433,0.0,0.0
2023-11-30 11:00:00+09:00,19730.0,19790.0,19690.0,19690.0,16433,0.0,0.0
2023-11-30 12:00:00+09:00,19700.0,19740.0,19680.0,19730.0,11426,0.0,0.0
2023-11-30 13:00:00+09:00,19740.0,19750.0,19670.0,19700.0,13490,0.0,0.0
2023-11-30 14:00:00+09:00,19710.0,19800.0,19670.0,19790.0,24703,0.0,0.0
2023-12-01 09:00:00+09:00,19770.0,20250.0,19650.0,19890.0,142028,0.0,0.0
2023-12-01 10:00:00+09:00,19890.0,20050.0,19690.0,19890.0,55477,0.0,0.0
2023-12-01 11:00:00+09:00,19880.0,20100.0,19850.0,20100.0,31414,0.0,0.0
2023-12-01 12:00:00+09:00,20100.0,20100.0,19910.0,20000.0,28934,0.0,0.0
2023-12-01 13:00:00+09:00,20000.0,20050.0,19920.0,19940.0,20420,0.0,0.0
2023-12-01 14:00:00+09:00,19940.0,20100.0,19920.0,20100.0,34685,0.0,0.0
2023-12-04 09:00:00+09:00,20300.0,20450.0,19910.0,20450.0,0,0.0,0.0
2023-12-04 10:00:00+09:00,20450.0,20500.0,20300.0,20400.0,66507,0.0,0.0
2023-12-04 11:00:00+09:00,20400.0,20650.0,20300.0,20650.0,94913,0.0,0.0
2023-12-04 12:00:00+09:00,20650.0,20700.0,20500.0,20700.0,52683,0.0,0.0
2023-12-04 13:00:00+09:00,20700.0,20750.0,20550.0,20750.0,57370,0.0,0.0
2023-12-04 14:00:00+09:00,20700.0,20750.0,20550.0,20700.0,79518,0.0,0.0
2023-12-05 09:00:00+09:00,20550.0,20900.0,20350.0,20700.0,84891,0.0,0.0
2023-12-05 10:00:00+09:00,20750.0,20750.0,20400.0,20700.0,46216,0.0,0.0
2023-12-05 11:00:00+09:00,20700.0,20750.0,20600.0,20700.0,22955,0.0,0.0
2023-12-05 12:00:00+09:00,20700.0,20750.0,20550.0,20700.0,21324,0.0,0.0
2023-12-05 13:00:00+09:00,20700.0,21000.0,20600.0,20950.0,83573,0.0,0.0
2023-12-05 14:00:00+09:00,20950.0,20950.0,20550.0,20850.0,74704,0.0,0.0
2023-12-06 09:00:00+09:00,20950.0,20950.0,20500.0,20650.0,58812,0.0,0.0
2023-12-06 10:00:00+09:00,20650.0,20750.0,20450.0,20750.0,33215,0.0,0.0
2023-12-06 11:00:00+09:00,20750.0,20750.0,20600.0,20600.0,9513,0.0,0.0
2023-12-06 12:00:00+09:00,20600.0,20650.0,20450.0,20500.0,24718,0.0,0.0
2023-12-06 13:00:00+09:00,20500.0,20700.0,20400.0,20550.0,27477,0.0,0.0
2023-12-06 14:00:00+09:00,20550.0,20900.0,20500.0,20800.0,36591,0.0,0.0
2023-12-07 09:00:00+09:00,20500.0,21100.0,20350.0,20950.0,99667,0.0,0.0
2023-12-07 10:00:00+09:00,21000.0,21000.0,20750.0,20800.0,29197,0.0,0.0
2023-12-07 11:00:00+09:00,20800.0,20850.0,20600.0,20650.0,28950,0.0,0.0
2023-12-07 12:00:00+09:00,20600.0,20800.0,20500.0,20750.0,31763,0.0,0.0
2023-12-07 13:00:00+09:00,20800.0,21250.0,20750.0,21200.0,114368,0.0,0.0
2023-12-07 14:00:00+09:00,21200.0,21250.0,20850.0,20900.0,73501,0.0,0.0
2023-12-08 09:00:00+09:00,20900.0,21050.0,20600.0,20900.0,53669,0.0,0.0
2023-12-08 10:00:00+09:00,20900.0,20900.0,20450.0,20550.0,45442,0.0,0.0
2023-12-08 11:00:00+09:00,20600.0,20900.0,20550.0,20750.0,26981,0.0,0.0
2023-12-08 12:00:00+09:00,20800.0,20850.0,20700.0,20750.0,12390,0.0,0.0
2023-12-08 13:00:00+09:00,20750.0,21100.0,20600.0,21100.0,50903,0.0,0.0
2023-12-08 14:00:00+09:00,21100.0,21400.0,21000.0,21300.0,119851,0.0,0.0
2023-12-11 09:00:00+09:00,21250.0,21450.0,20750.0,20850.0,0,0.0,0.0
2023-12-11 10:00:00+09:00,20850.0,20950.0,20550.0,20750.0,79659,0.0,0.0
2023-12-11 11:00:00+09:00,20700.0,20850.0,20500.0,20550.0,57942,0.0,0.0
2023-12-11 12:00:00+09:00,20500.0,20700.0,20400.0,20650.0,37259,0.0,0.0
2023-12-11 13:00:00+09:00,20650.0,20650.0,20500.0,20650.0,16975,0.0,0.0
2023-12-11 14:00:00+09:00,20600.0,20650.0,20450.0,20500.0,42226,0.0,0.0
2023-12-12 09:00:00+09:00,20500.0,20550.0,19960.0,20200.0,131964,0.0,0.0
2023-12-12 10:00:00+09:00,20150.0,20550.0,20150.0,20450.0,37646,0.0,0.0
2023-12-12 11:00:00+09:00,20450.0,20650.0,20400.0,20550.0,27344,0.0,0.0
2023-12-12 12:00:00+09:00,20550.0,20600.0,20250.0,20300.0,17280,0.0,0.0
2023-12-12 13:00:00+09:00,20300.0,20550.0,20250.0,20500.0,19590,0.0,0.0
2023-12-12 14:00:00+09:00,20500.0,20500.0,20300.0,20400.0,13166,0.0,0.0
2023-12-13 09:00:00+09:00,20600.0,20650.0,20000.0,20150.0,50771,0.0,0.0
2023-12-13 10:00:00+09:00,20100.0,20400.0,20100.0,20400.0,18402,0.0,0.0
2023-12-13 11:00:00+09:00,20400.0,20450.0,20350.0,20400.0,18247,0.0,0.0
2023-12-13 12:00:00+09:00,20400.0,20450.0,20350.0,20450.0,9880,0.0,0.0
2023-12-13 13:00:00+09:00,20450.0,20450.0,20300.0,20350.0,22274,0.0,0.0
2023-12-13 14:00:00+09:00,20400.0,20400.0,20200.0,20300.0,23051,0.0,0.0
2023-12-14 09:00:00+09:00,20700.0,20900.0,20450.0,20850.0,85806,0.0,0.0
2023-12-14 10:00:00+09:00,20900.0,21050.0,20750.0,21000.0,76490,0.0,0.0
2023-12-14 11:00:00+09:00,21050.0,21200.0,20650.0,20950.0,101311,0.0,0.0
2023-12-14 12:00:00+09:00,21000.0,21000.0,20600.0,20700.0,29947,0.0,0.0
2023-12-14 13:00:00+09:00,20700.0,20800.0,20600.0,20750.0,30056,0.0,0.0
2023-12-14 14:00:00+09:00,20700.0,20800.0,20600.0,20700.0,25560,0.0,0.0
2023-12-15 09:00:00+09:00,20700.0,21100.0,20550.0,20700.0,86506,0.0,0.0
2023-12-15 10:00:00+09:00,20700.0,20800.0,20650.0,20750.0,23156,0.0,0.0
2023-12-15 11:00:00+09:00,20700.0,20800.0,20600.0,20650.0,20698,0.0,0.0
2023-12-15 12:00:00+09:00,20600.0,20750.0,20450.0,20500.0,36010,0.0,0.0
2023-12-15 13:00:00+09:00,20500.0,20550.0,20350.0,20450.0,35241,0.0,0.0
2023-12-15 14:00:00+09:00,20450.0,20450.0,19990.0,20400.0,64868,0.0,0.0
2023-12-18 09:00:00+09:00,20450.0,20650.0,20150.0,20600.0,0,0.0,0.0
2023-12-18 10:00:00+09:00,20650.0,20650.0,20250.0,20550.0,27095,0.0,0.0
2023-12-18 11:00:00+09:00,20450.0,20600.0,20350.0,20400.0,21859,0.0,0.0
2023-12-18 12:00:00+09:00,20500.0,20550.0,20300.0,20500.0,17954,0.0,0.0
2023-12-18 13:00:00+09:00,20550.0,20700.0,20500.0,20600.0,25142,0.0,0.0
2023-12-18 14:00:00+09:00,20550.0,20850.0,20550.0,20700.0,70320,0.0,0.0
2023-12-19 09:00:00+09:00,20400.0,20800.0,20350.0,20600.0,59799,0.0,0.0
2023-12-19 10:00:00+09:00,20550.0,20700.0,20400.0,20400.0,27638,0.0,0.0
2023-12-19 11:00:00+09:00,20450.0,20550.0,20400.0,20450.0,16174,0.0,0.0
2023-12-19 12:00:00+09:00,20450.0,20600.0,20300.0,20600.0,38446,0.0,0.0
2023-12-19 13:00:00+09:00,20600.0,21200.0,20550.0,21200.0,136681,0.0,0.0
2023-12-19 14:00:00+09:00,21200.0,21200.0,21050.0,21100.0,84923,0.0,0.0
2023-12-20 09:00:00+09:00,21250.0,21300.0,21000.0,21050.0,66843,0.0,0.0
2023-12-20 10:00:00+09:00,21050.0,21150.0,20900.0,20950.0,34797,0.0,0.0
2023-12-20 11:00:00+09:00,20900.0,21000.0,20700.0,20800.0,29800,0.0,0.0
2023-12-20 12:00:00+09:00,20800.0,20950.0,20750.0,20850.0,20791,0.0,0.0
2023-12-20 13:00:00+09:00,20850.0,20850.0,20750.0,20850.0,17538,0.0,0.0
2023-12-20 14:00:00+09:00,20800.0,20850.0,20750.0,20800.0,17545,0.0,0.0
2023-12-21 09:00:00+09:00,20550.0,21200.0,20500.0,21050.0,100230,0.0,0.0
2023-12-21 10:00:00+09:00,21000.0,21150.0,20750.0,20950.0,79685,0.0,0.0
2023-12-21 11:00:00+09:00,20900.0,21100.0,20800.0,20950.0,32412,0.0,0.0
2023-12-21 12:00:00+09:00,20950.0,21150.0,20900.0,21150.0,43000,0.0,0.0
2023-12-21 13:00:00+09:00,21100.0,21450.0,21050.0,21450.0,155942,0.0,0.0
2023-12-21 14:00:00+09:00,21400.0,21750.0,21300.0,21700.0,187031,0.0,0.0
2023-12-22 09:00:00+09:00,22150.0,22600.0,22000.0,22500.0,454663,0.0,0.0
2023-12-22 10:00:00+09:00,22500.0,22550.0,22300.0,22500.0,104368,0.0,0.0
2023-12-22 11:00:00+09:00,22500.0,23500.0,22450.0,23300.0,501260,0.0,0.0
2023-12-22 12:00:00+09:00,23350.0,23800.0,23250.0,23650.0,396247,0.0,0.0
2023-12-22 13:00:00+09:00,23650.0,23700.0,23250.0,23300.0,194104,0.0,0.0
2023-12-22 14:00:00+09:00,23250.0,23350.0,23050.0,23300.0,149538,0.0,0.0
2023-12-26 09:00:00+09:00,24150.0,24450.0,23600.0,23900.0,0,0.0,0.0
2023-12-26 10:00:00+09:00,23950.0,24100.0,23650.0,24100.0,151622,0.0,0.0
2023-12-26 11:00:00+09:00,24100.0,24150.0,23900.0,23950.0,99793,0.0,0.0
2023-12-26 12:00:00+09:00,23950.0,24350.0,23900.0,24200.0,150740,0.0,0.0
2023-12-26 13:00:00+09:00,24300.0,24500.0,24200.0,24400.0,185358,0.0,0.0
2023-12-26 14:00:00+09:00,24400.0,24700.0,24250.0,24600.0,240802,0.0,0.0
2023-12-27 09:00:00+09:00,24850.0,25150.0,24550.0,24850.0,612339,0.0,0.0
2023-12-27 10:00:00+09:00,24850.0,25200.0,24500.0,25050.0,257927,0.0,0.0
2023-12-27 11:00:00+09:00,25100.0,25200.0,24800.0,24800.0,136902,0.0,0.0
2023-12-27 12:00:00+09:00,24800.0,24850.0,23950.0,24100.0,282930,0.0,0.0
2023-12-27 13:00:00+09:00,24150.0,24600.0,24100.0,24450.0,116146,0.0,0.0
2023-12-27 14:00:00+09:00,24500.0,24750.0,24400.0,24500.0,130216,0.0,0.0
2023-12-28 09:00:00+09:00,24100.0,24650.0,24000.0,24100.0,247621,0.0,0.0
2023-12-28 10:00:00+09:00,24100.0,24500.0,24050.0,24400.0,95115,0.0,0.0
2023-12-28 11:00:00+09:00,24400.0,24950.0,24400.0,24700.0,157987,0.0,0.0
2023-12-28 12:00:00+09:00,24750.0,24950.0,24650.0,24850.0,93502,0.0,0.0
2023-12-28 13:00:00+09:00,24850.0,25300.0,24700.0,24750.0,230440,0.0,0.0
2023-12-28 14:00:00+09:00,24700.0,24800.0,24350.0,24750.0,117885,0.0,0.0
2024-01-02 10:00:00+09:00,24850.0,25100.0,22800.0,23150.0,678020,0.0,0.0
2024-01-02 11:00:00+09:00,23100.0,23750.0,23100.0,23500.0,174111,0.0,0.0
2024-01-02 12:00:00+09:00,23500.0,24350.0,23500.0,24350.0,118463,0.0,0.0
2024-01-02 13:00:00+09:00,24350.0,24600.0,24200.0,24400.0,154850,0.0,0.0
2024-01-02 14:00:00+09:00,24450.0,24450.0,23950.0,24050.0,157759,0.0,0.0
2024-01-03 09:00:00+09:00,24550.0,24750.0,24100.0,24150.0,392477,0.0,0.0
2024-01-03 10:00:00+09:00,24150.0,24550.0,23800.0,24500.0,162889,0.0,0.0
2024-01-03 11:00:00+09:00,24450.0,25000.0,24450.0,24700.0,261653,0.0,0.0
2024-01-03 12:00:00+09:00,24700.0,24800.0,24500.0,24800.0,83798,0.0,0.0
2024-01-03 13:00:00+09:00,24800.0,25000.0,24700.0,24950.0,153724,0.0,0.0
2024-01-03 14:00:00+09:00,24900.0,25250.0,24800.0,24900.0,232895,0.0,0.0
2024-01-04 09:00:00+09:00,24950.0,24950.0,23750.0,23900.0,320720,0.0,0.0
2024-01-04 10:00:00+09:00,23950.0,24100.0,23550.0,23550.0,176112,0.0,0.0
2024-01-04 11:00:00+09:00,23600.0,23950.0,23550.0,23800.0,89588,0.0,0.0
2024-01-04 12:00:00+09:00,23800.0,23950.0,23700.0,23850.0,59532,0.0,0.0
2024-01-04 13:00:00+09:00,23800.0,24000.0,23800.0,23900.0,62372,0.0,0.0
2024-01-04 14:00:00+09:00,23950.0,24000.0,23650.0,23700.0,96543,0.0,0.0
2024-01-05 09:00:00+09:00,23950.0,24050.0,23300.0,23450.0,191948,0.0,0.0
2024-01-05 10:00:00+09:00,23450.0,23650.0,23150.0,23300.0,108103,0.0,0.0
2024-01-05 11:00:00+09:00,23350.0,23600.0,23250.0,23550.0,58473,0.0,0.0
2024-01-05 12:00:00+09:00,23600.0,23600.0,23300.0,23350.0,60451,0.0,0.0
2024-01-05 13:00:00+09:00,23300.0,23400.0,23150.0,23250.0,72109,0.0,0.0
2024-01-05 14:00:00+09:00,23300.0,23350.0,23100.0,23100.0,92912,0.0,0.0
2024-01-08 09:00:00+09:00,23450.0,23500.0,22350.0,22800.0,0,0.0,0.0
2024-01-08 10:00:00+09:00,22800.0,23150.0,22700.0,23050.0,90984,0.0,0.0
2024-01-08 11:00:00+09:00,23100.0,23100.0,22900.0,22950.0,61398,0.0,0.0
2024-01-08 12:00:00+09:00,22950.0,23050.0,22800.0,22950.0,94970,0.0,0.0
2024-01-08 13:00:00+09:00,23000.0,23050.0,22900.0,23000.0,56574,0.0,0.0
2024-01-08 14:00:00+09:00,23000.0,23050.0,22900.0,22950.0,69424,0.0,0.0
2024-01-09 09:00:00+09:00,23200.0,23800.0,23100.0,23800.0,212597,0.0,0.0
2024-01-09 10:00:00+09:00,23800.0,23900.0,23700.0,23800.0,82493,0.0,0.0
2024-01-09 11:00:00+09:00,23800.0,24150.0,23700.0,24000.0,90530,0.0,0.0
2024-01-09 12:00:00+09:00,23950.0,24250.0,23800.0,23800.0,69732,0.0,0.0
2024-01-09 13:00:00+09:00,23850.0,24000.0,23800.0,23950.0,41330,0.0,0.0
2024-01-09 14:00:00+09:00,24000.0,24100.0,23700.0,23900.0,52695,0.0,0.0
2024-01-10 09:00:00+09:00,23900.0,24200.0,23250.0,24000.0,125561,0.0,0.0
2024-01-10 10:00:00+09:00,24000.0,24050.0,23650.0,23950.0,52664,0.0,0.0
2024-01-10 11:00:00+09:00,23950.0,24000.0,23850.0,23950.0,27426,0.0,0.0
2024-01-10 12:00:00+09:00,23950.0,24050.0,23850.0,24000.0,31875,0.0,0.0
2024-01-10 13:00:00+09:00,24000.0,24150.0,23900.0,23950.0,50723,0.0,0.0
2024-01-10 14:00:00+09:00,24000.0,24200.0,23750.0,24200.0,82860,0.0,0.0
2024-01-11 09:00:00+09:00,24100.0,24100.0,23500.0,23800.0,82490,0.0,0.0
2024-01-11 10:00:00+09:00,23850.0,24600.0,23850.0,24350.0,109251,0.0,0.0
2024-01-11 11:00:00+09:00,24400.0,24500.0,24100.0,24100.0,49218,0.0,0.0
2024-01-11 12:00:00+09:00,24100.0,24350.0,23900.0,24000.0,45159,0.0,0.0
2024-01-11 13:00:00+09:00,24000.0,24250.0,23950.0,24150.0,30797,0.0,0.0
2024-01-11 14:00:00+09:00,24150.0,24200.0,24050.0,24050.0,34788,0.0,0.0
2024-01-12 09:00:00+09:00,24100.0,24100.0,23500.0,23500.0,109727,0.0,0.0
2024-01-12 10:00:00+09:00,23550.0,23750.0,23500.0,23550.0,44245,0.0,0.0
2024-01-12 11:00:00+09:00,23550.0,23600.0,23350.0,23500.0,50298,0.0,0.0
2024-01-12 12:00:00+09:00,23500.0,23600.0,23350.0,23350.0,28977,0.0,0.0
2024-01-12 13:00:00+09:00,23350.0,23400.0,23100.0,23350.0,67195,0.0,0.0
2024-01-12 14:00:00+09:00,23350.0,23550.0,23250.0,23450.0,35316,0.0,0.0
2024-01-15 09:00:00+09:00,23450.0,23500.0,22950.0,22950.0,0,0.0,0.0
2024-01-15 10:00:00+09:00,23000.0,23150.0,22500.0,22550.0,157837,0.0,0.0
2024-01-15 11:00:00+09:00,22550.0,22850.0,22500.0,22800.0,43107,0.0,0.0
2024-01-15 12:00:00+09:00,22850.0,22900.0,22500.0,22550.0,47671,0.0,0.0
2024-01-15 13:00:00+09:00,22600.0,22900.0,22550.0,22800.0,45810,0.0,0.0
2024-01-15 14:00:00+09:00,22850.0,22900.0,22550.0,22700.0,49052,0.0,0.0
2024-01-16 09:00:00+09:00,22800.0,23200.0,22400.0,22450.0,119533,0.0,0.0
2024-01-16 10:00:00+09:00,22400.0,22700.0,22250.0,22650.0,75310,0.0,0.0
2024-01-16 11:00:00+09:00,22650.0,22650.0,22400.0,22500.0,30228,0.0,0.0
2024-01-16 12:00:00+09:00,22500.0,22850.0,22500.0,22800.0,26449,0.0,0.0
2024-01-16 13:00:00+09:00,22800.0,22850.0,22650.0,22750.0,42162,0.0,0.0
2024-01-16 14:00:00+09:00,22750.0,22800.0,22550.0,22550.0,39485,0.0,0.0
2024-01-17 09:00:00+09:00,22450.0,22500.0,21750.0,22150.0,161855,0.0,0.0
2024-01-17 10:00:00+09:00,22200.0,22350.0,21950.0,22150.0,67777,0.0,0.0
2024-01-17 11:00:00+09:00,22150.0,22200.0,21800.0,21850.0,53487,0.0,0.0
2024-01-17 12:00:00+09:00,21900.0,22000.0,21700.0,21850.0,57736,0.0,0.0
2024-01-17 13:00:00+09:00,21850.0,21950.0,21550.0,21800.0,92588,0.0,0.0
2024-01-17 14:00:00+09:00,21800.0,21850.0,21500.0,21600.0,53182,0.0,0.0
2024-01-18 09:00:00+09:00,21750.0,22000.0,21400.0,21850.0,112743,0.0,0.0
2024-01-18 10:00:00+09:00,21850.0,21900.0,21650.0,21650.0,65565,0.0,0.0
2024-01-18 11:00:00+09:00,21650.0,21750.0,21600.0,21700.0,37836,0.0,0.0
2024-01-18 12:00:00+09:00,21700.0,21800.0,21600.0,21700.0,30067,0.0,0.0
2024-01-18 13:00:00+09:00,21700.0,21750.0,21350.0,21350.0,66136,0.0,0.0
2024-01-18 14:00:00+09:00,21350.0,21700.0,21350.0,21600.0,46516,0.0,0.0
2024-01-19 09:00:00+09:00,21850.0,21900.0,21350.0,21400.0,129530,0.0,0.0
2024-01-19 10:00:00+09:00,21400.0,21500.0,21200.0,21350.0,84074,0.0,0.0
2024-01-19 11:00:00+09:00,21350.0,21400.0,21250.0,21400.0,23684,0.0,0.0
2024-01-19 12:00:00+09:00,21400.0,21450.0,21200.0,21350.0,28374,0.0,0.0
2024-01-19 13:00:00+09:00,21350.0,21400.0,21050.0,21200.0,85223,0.0,0.0
2024-01-19 14:00:00+09:00,21250.0,21250.0,20950.0,21150.0,87328,0.0,0.0
2024-01-22 09:00:00+09:00,21400.0,21650.0,21200.0,21600.0,0,0.0,0.0
2024-01-22 10:00:00+09:00,21600.0,21850.0,21300.0,21450.0,68212,0.0,0.0
2024-01-22 11:00:00+09:00,21450.0,21600.0,21350.0,21500.0,28996,0.0,0.0
2024-01-22 12:00:00+09:00,21500.0,21500.0,21250.0,21350.0,24531,0.0,0.0
2024-01-22 13:00:00+09:00,21400.0,21500.0,21200.0,21500.0,29432,0.0,0.0
2024-01-22 14:00:00+09:00,21500.0,21550.0,21300.0,21400.0,40036,0.0,0.0
2024-01-23 09:00:00+09:00,21800.0,22150.0,21500.0,22100.0,167835,0.0,0.0
2024-01-23 10:00:00+09:00,22100.0,22150.0,21800.0,22000.0,64460,0.0,0.0
2024-01-23 11:00:00+09:00,22000.0,22100.0,21750.0,21800.0,38049,0.0,0.0
2024-01-23 12:00:00+09:00,21850.0,21900.0,21500.0,21700.0,37488,0.0,0.0
2024-01-23 13:00:00+09:00,21700.0,21800.0,21550.0,21700.0,41961,0.0,0.0
2024-01-23 14:00:00+09:00,21650.0,21700.0,21500.0,21600.0,28072,0.0,0.0
2024-01-24 09:00:00+09:00,21750.0,21750.0,20950.0,21200.0,136310,0.0,0.0
2024-01-24 10:00:00+09:00,21200.0,21400.0,21100.0,21150.0,40687,0.0,0.0
2024-01-24 11:00:00+09:00,21150.0,21250.0,21050.0,21150.0,25357,0.0,0.0
2024-01-24 12:00:00+09:00,21150.0,21250.0,21100.0,21200.0,19540,0.0,0.0
2024-01-24 13:00:00+09:00,21200.0,21250.0,21100.0,21200.0,16052,0.0,0.0
2024-01-24 14:00:00+09:00,21250.0,21300.0,21100.0,21100.0,30444,0.0,0.0
2024-01-25 09:00:00+09:00,21000.0,21250.0,20850.0,21050.0,72309,0.0,0.0
2024-01-25 10:00:00+09:00,20950.0,21450.0,20950.0,21150.0,50340,0.0,0.0
2024-01-25 11:00:00+09:00,21150.0,21200.0,21000.0,21100.0,36705,0.0,0.0
2024-01-25 12:00:00+09:00,21050.0,21150.0,21000.0,21150.0,26297,0.0,0.0
2024-01-25 13:00:00+09:00,21100.0,21350.0,21100.0,21200.0,40234,0.0,0.0
2024-01-25 14:00:00+09:00,21150.0,21250.0,21050.0,21100.0,26452,0.0,0.0
2024-01-26 09:00:00+09:00,21500.0,21800.0,21250.0,21600.0,112524,0.0,0.0
2024-01-26 10:00:00+09:00,21600.0,21800.0,21450.0,21550.0,58030,0.0,0.0
2024-01-26 11:00:00+09:00,21550.0,21700.0,21500.0,21600.0,30923,0.0,0.0
2024-01-26 12:00:00+09:00,21600.0,21800.0,21550.0,21700.0,24443,0.0,0.0
2024-01-26 13:00:00+09:00,21700.0,21750.0,21450.0,21500.0,47460,0.0,0.0
2024-01-26 14:00:00+09:00,21550.0,21600.0,21350.0,21600.0,36424,0.0,0.0
2024-01-29 09:00:00+09:00,21650.0,22650.0,21650.0,22550.0,0,0.0,0.0
2024-01-29 10:00:00+09:00,22550.0,22550.0,21700.0,22100.0,112254,0.0,0.0
2024-01-29 11:00:00+09:00,22050.0,22200.0,21950.0,22100.0,34953,0.0,0.0
2024-01-29 12:00:00+09:00,22100.0,22200.0,21950.0,21950.0,25599,0.0,0.0
2024-01-29 13:00:00+09:00,22050.0,22450.0,21700.0,21850.0,117176,0.0,0.0
2024-01-29 14:00:00+09:00,21850.0,21950.0,21550.0,21850.0,98279,0.0,0.0
2024-01-30 09:00:00+09:00,21950.0,22450.0,21950.0,22300.0,107115,0.0,0.0
2024-01-30 10:00:00+09:00,22300.0,22750.0,22150.0,22650.0,177561,0.0,0.0
2024-01-30 11:00:00+09:00,22650.0,23200.0,22600.0,23150.0,211383,0.0,0.0
2024-01-30 12:00:00+09:00,23200.0,23300.0,22850.0,23100.0,126469,0.0,0.0
2024-01-30 13:00:00+09:00,23100.0,23150.0,22900.0,23100.0,53014,0.0,0.0
2024-01-30 14:00:00+09:00,23050.0,23550.0,23050.0,23300.0,198197,0.0,0.0
2024-01-31 09:00:00+09:00,22950.0,23200.0,22400.0,22600.0,199086,0.0,0.0
2024-01-31 10:00:00+09:00,22550.0,22700.0,22150.0,22300.0,92222,0.0,0.0
2024-01-31 11:00:00+09:00,22350.0,22400.0,22100.0,22150.0,71652,0.0,0.0
2024-01-31 12:00:00+09:00,22100.0,22350.0,22050.0,22200.0,30328,0.0,0.0
2024-01-31 13:00:00+09:00,22200.0,22600.0,22050.0,22500.0,45656,0.0,0.0
2024-01-31 14:00:00+09:00,22500.0,22500.0,22100.0,22200.0,38479,0.0,0.0
2024-02-01 09:00:00+09:00,21700.0,22050.0,21350.0,21700.0,124754,0.0,0.0
2024-02-01 10:00:00+09:00,21700.0,21900.0,21500.0,21800.0,68708,0.0,0.0
2024-02-01 11:00:00+09:00,21800.0,22050.0,21650.0,22000.0,31071,0.0,0.0
2024-02-01 12:00:00+09:00,22000.0,22200.0,21800.0,21900.0,40732,0.0,0.0
2024-02-01 13:00:00+09:00,21900.0,21900.0,21400.0,21500.0,61214,0.0,0.0
2024-02-01 14:00:00+09:00,21500.0,21900.0,21400.0,21700.0,46716,0.0,0.0
2024-02-02 09:00:00+09:00,22100.0,22300.0,21850.0,22300.0,70477,0.0,0.0
2024-02-02 10:00:00+09:00,22300.0,22350.0,22000.0,22050.0,47906,0.0,0.0
2024-02-02 11:00:00+09:00,22050.0,22150.0,21950.0,22050.0,35057,0.0,0.0
2024-02-02 12:00:00+09:00,22050.0,22200.0,21950.0,22200.0,18127,0.0,0.0
2024-02-02 13:00:00+09:00,22200.0,22500.0,22100.0,22450.0,68977,0.0,0.0
2024-02-02 14:00:00+09:00,22400.0,22450.0,22200.0,22350.0,35421,0.0,0.0
2024-02-05 09:00:00+09:00,22050.0,22300.0,21600.0,21850.0,0,0.0,0.0
2024-02-05 10:00:00+09:00,21850.0,22150.0,21650.0,21800.0,39865,0.0,0.0
2024-02-05 11:00:00+09:00,21850.0,21950.0,21700.0,21750.0,36863,0.0,0.0
2024-02-05 12:00:00+09:00,21750.0,21800.0,21600.0,21700.0,16741,0.0,0.0
2024-02-05 13:00:00+09:00,21650.0,21750.0,21600.0,21650.0,21804,0.0,0.0
2024-02-05 14:00:00+09:00,21700.0,21700.0,21500.0,21500.0,41688,0.0,0.0
2024-02-06 09:00:00+09:00,21200.0,21400.0,20850.0,20950.0,82829,0.0,0.0
2024-02-06 10:00:00+09:00,20950.0,21250.0,20950.0,21250.0,49216,0.0,0.0
2024-02-06 11:00:00+09:00,21200.0,21400.0,21150.0,21400.0,25799,0.0,0.0
2024-02-06 12:00:00+09:00,21350.0,21550.0,21250.0,21400.0,20166,0.0,0.0
2024-02-06 13:00:00+09:00,21350.0,21650.0,21300.0,21500.0,36659,0.0,0.0
2024-02-06 14:00:00+09:00,21450.0,21750.0,21400.0,21600.0,47232,0.0,0.0
2024-02-07 09:00:00+09:00,21400.0,21650.0,21050.0,21200.0,62238,0.0,0.0
2024-02-07 10:00:00+09:00,21150.0,21600.0,21150.0,21300.0,41433,0.0,0.0
2024-02-07 11:00:00+09:00,21350.0,21500.0,21150.0,21150.0,37276,0.0,0.0
2024-02-07 12:00:00+09:00,21150.0,21200.0,21000.0,21000.0,45379,0.0,0.0
2024-02-07 13:00:00+09:00,21000.0,21150.0,20650.0,20750.0,104639,0.0,0.0
2024-02-07 14:00:00+09:00,20700.0,20750.0,20300.0,20400.0,157726,0.0,0.0
2024-02-08 09:00:00+09:00,20400.0,20400.0,19040.0,19260.0,431711,0.0,0.0
2024-02-08 10:00:00+09:00,19250.0,19430.0,19120.0,19120.0,133093,0.0,0.0
2024-02-08 11:00:00+09:00,19120.0,19310.0,18960.0,19250.0,166974,0.0,0.0
2024-02-08 12:00:00+09:00,19260.0,19340.0,19220.0,19300.0,62184,0.0,0.0
2024-02-08 13:00:00+09:00,19290.0,19420.0,19260.0,19340.0,96457,0.0,0.0
2024-02-08 14:00:00+09:00,19330.0,20000.0,19320.0,19870.0,197172,0.0,0.0
2024-02-13 09:00:00+09:00,19900.0,19990.0,19470.0,19680.0,0,0.0,0.0
2024-02-13 10:00:00+09:00,19680.0,19790.0,19590.0,19620.0,48362,0.0,0.0
2024-02-13 11:00:00+09:00,19620.0,19830.0,19600.0,19790.0,44070,0.0,0.0
2024-02-13 12:00:00+09:00,19780.0,19820.0,19680.0,19790.0,26120,0.0,0.0
2024-02-13 13:00:00+09:00,19780.0,20850.0,19770.0,20650.0,177231,0.0,0.0
2024-02-13 14:00:00+09:00,20700.0,20800.0,20600.0,20600.0,123013,0.0,0.0
2024-02-14 09:00:00+09:00,19990.0,20500.0,19970.0,20200.0,94241,0.0,0.0
2024-02-14 10:00:00+09:00,20150.0,20200.0,20050.0,20150.0,35433,0.0,0.0
2024-02-14 11:00:00+09:00,20150.0,20350.0,20150.0,20250.0,22009,0.0,0.0
2024-02-14 12:00:00+09:00,20200.0,20450.0,20200.0,20400.0,21321,0.0,0.0
2024-02-14 13:00:00+09:00,20450.0,20600.0,20350.0,20550.0,31885,0.0,0.0
2024-02-14 14:00:00+09:00,20550.0,20600.0,20300.0,20400.0,61927,0.0,0.0
2024-02-15 09:00:00+09:00,20550.0,20800.0,20200.0,20800.0,80603,0.0,0.0
2024-02-15 10:00:00+09:00,20800.0,20850.0,20450.0,20500.0,40587,0.0,0.0
2024-02-15 11:00:00+09:00,20500.0,20750.0,20500.0,20650.0,17130,0.0,0.0
2024-02-15 12:00:00+09:00,20700.0,20700.0,20550.0,20550.0,17601,0.0,0.0
2024-02-15 13:00:00+09:00,20600.0,20600.0,20400.0,20450.0,22994,0.0,0.0
2024-02-15 14:00:00+09:00,20500.0,20500.0,20350.0,20400.0,23291,0.0,0.0
2024-02-16 09:00:00+09:00,20450.0,20800.0,20400.0,20500.0,54064,0.0,0.0
2024-02-16 10:00:00+09:00,20500.0,20500.0,20250.0,20300.0,32061,0.0,0.0
2024-02-16 11:00:00+09:00,20300.0,20350.0,20150.0,20300.0,25173,0.0,0.0
2024-02-16 12:00:00+09:00,20250.0,20350.0,20150.0,20200.0,27460,0.0,0.0
2024-02-16 13:00:00+09:00,20250.0,20500.0,20150.0,20500.0,20862,0.0,0.0
2024-02-16 14:00:00+09:00,20500.0,20650.0,20400.0,20550.0,46782,0.0,0.0
2024-02-19 09:00:00+09:00,20600.0,20900.0,20400.0,20750.0,0,0.0,0.0
2024-02-19 10:00:00+09:00,20750.0,20850.0,20650.0,20700.0,33200,0.0,0.0
2024-02-19 11:00:00+09:00,20750.0,20800.0,20600.0,20650.0,33033,0.0,0.0
2024-02-19 12:00:00+09:00,20600.0,20700.0,20500.0,20550.0,22636,0.0,0.0
2024-02-19 13:00:00+09:00,20500.0,20550.0,20300.0,20400.0,42407,0.0,0.0
2024-02-19 14:00:00+09:00,20400.0,21100.0,20400.0,20550.0,64260,0.0,0.0
2024-02-20 09:00:00+09:00,20600.0,21150.0,20400.0,21150.0,107161,0.0,0.0
2024-02-20 10:00:00+09:00,21150.0,21300.0,20950.0,21000.0,88391,0.0,0.0
2024-02-20 11:00:00+09:00,21050.0,21050.0,20800.0,20900.0,34719,0.0,0.0
2024-02-20 12:00:00+09:00,20850.0,21000.0,20800.0,20900.0,18620,0.0,0.0
2024-02-20 13:00:00+09:00,20950.0,21050.0,20850.0,20950.0,26224,0.0,0.0
2024-02-20 14:00:00+09:00,20900.0,21000.0,20800.0,20900.0,37152,0.0,0.0
2024-02-21 09:00:00+09:00,20700.0,21050.0,20550.0,20850.0,76644,0.0,0.0
2024-02-21 10:00:00+09:00,20900.0,20950.0,20700.0,20900.0,23703,0.0,0.0
2024-02-21 11:00:00+09:00,20950.0,20950.0,20700.0,20700.0,17728,0.0,0.0
2024-02-21 12:00:00+09:00,20700.0,20750.0,20600.0,20650.0,19796,0.0,0.0
2024-02-21 13:00:00+09:00,20650.0,20750.0,20500.0,20550.0,30658,0.0,0.0
2024-02-21 14:00:00+09:00,20550.0,20650.0,20300.0,20600.0,119300,0.0,0.0
2024-02-22 09:00:00+09:00,20800.0,21600.0,20650.0,21500.0,177282,0.0,0.0
2024-02-22 10:00:00+09:00,21500.0,21750.0,21300.0,21400.0,163268,0.0,0.0
2024-02-22 11:00:00+09:00,21450.0,21650.0,21300.0,21650.0,61637,0.0,0.0
2024-02-22 12:00:00+09:00,21650.0,21650.0,21400.0,21450.0,35771,0.0,0.0
2024-02-22 13:00:00+09:00,21450.0,21550.0,21150.0,21350.0,63202,0.0,0.0
2024-02-22 14:00:00+09:00,21300.0,21350.0,21000.0,21100.0,83919,0.0,0.0
2024-02-23 09:00:00+09:00,21500.0,23550.0,21450.0,22700.0,1030108,0.0,0.0
2024-02-23 10:00:00+09:00,22750.0,23150.0,22700.0,22900.0,197288,0.0,0.0
2024-02-23 11:00:00+09:00,22900.0,23000.0,22600.0,22950.0,133015,0.0,0.0
2024-02-23 12:00:00+09:00,23000.0,23000.0,22700.0,22850.0,88257,0.0,0.0
2024-02-23 13:00:00+09:00,22850.0,22900.0,22300.0,22350.0,113779,0.0,0.0
2024-02-23 14:00:00+09:00,22350.0,22550.0,22200.0,22350.0,117838,0.0,0.0
2024-02-26 09:00:00+09:00,23000.0,23500.0,22550.0,23400.0,0,0.0,0.0
2024-02-26 10:00:00+09:00,23400.0,23700.0,23100.0,23600.0,359570,0.0,0.0
2024-02-26 11:00:00+09:00,23600.0,23950.0,23450.0,23600.0,213274,0.0,0.0
2024-02-26 12:00:00+09:00,23600.0,23800.0,23500.0,23750.0,94587,0.0,0.0
2024-02-26 13:00:00+09:00,23750.0,23900.0,23550.0,23750.0,209703,0.0,0.0
2024-02-26 14:00:00+09:00,23750.0,23850.0,23500.0,23550.0,194675,0.0,0.0
2024-02-27 09:00:00+09:00,23950.0,23950.0,23250.0,23800.0,407560,0.0,0.0
2024-02-27 10:00:00+09:00,23800.0,24300.0,23500.0,23500.0,298270,0.0,0.0
2024-02-27 11:00:00+09:00,23500.0,23600.0,23300.0,23300.0,80313,0.0,0.0
2024-02-27 12:00:00+09:00,23300.0,23700.0,23300.0,23500.0,52803,0.0,0.0
2024-02-27 13:00:00+09:00,23500.0,23650.0,23300.0,23400.0,58956,0.0,0.0
2024-02-27 14:00:00+09:00,23400.0,23550.0,23100.0,23350.0,129650,0.0,0.0
2024-02-28 09:00:00+09:00,23300.0,23400.0,22650.0,22800.0,214160,0.0,0.0
2024-02-28 10:00:00+09:00,22750.0,23200.0,22700.0,23100.0,85253,0.0,0.0
2024-02-28 11:00:00+09:00,23100.0,23200.0,22850.0,22950.0,50060,0.0,0.0
2024-02-28 12:00:00+09:00,22950.0,23000.0,22800.0,22800.0,47473,0.0,0.0
2024-02-28 13:00:00+09:00,22800.0,23050.0,22750.0,22900.0,65113,0.0,0.0
2024-02-28 14:00:00+09:00,22900.0,23000.0,22700.0,22800.0,83498,0.0,0.0
2024-02-29 09:00:00+09:00,22700.0,23300.0,22550.0,23200.0,176782,0.0,0.0
2024-02-29 10:00:00+09:00,23200.0,23350.0,23100.0,23200.0,81041,0.0,0.0
2024-02-29 11:00:00+09:00,23200.0,23200.0,22850.0,23050.0,55055,0.0,0.0
2024-02-29 12:00:00+09:00,23000.0,23050.0,22650.0,22800.0,39928,0.0,0.0
2024-02-29 13:00:00+09:00,22800.0,22800.0,22550.0,22700.0,45846,0.0,0.0
2024-02-29 14:00:00+09:00,22650.0,22700.0,22450.0,22600.0,70080,0.0,0.0
2024-03-04 09:00:00+09:00,22700.0,23200.0,22600.0,23050.0,0,0.0,0.0
2024-03-04 10:00:00+09:00,23100.0,23100.0,22750.0,22850.0,43400,0.0,0.0
2024-03-04 11:00:00+09:00,22800.0,23050.0,22750.0,23000.0,42137,0.0,0.0
2024-03-04 12:00:00+09:00,22950.0,23050.0,22600.0,22700.0,53498,0.0,0.0
2024-03-04 13:00:00+09:00,22700.0,22850.0,22500.0,22800.0,56519,0.0,0.0
2024-03-04 14:00:00+09:00,22800.0,23100.0,22800.0,22900.0,59605,0.0,0.0
2024-03-05 09:00:00+09:00,23050.0,24000.0,22900.0,23900.0,336672,0.0,0.0
2024-03-05 10:00:00+09:00,23950.0,24200.0,23700.0,23950.0,213226,0.0,0.0
2024-03-05 11:00:00+09:00,24000.0,24050.0,23650.0,23800.0,80226,0.0,0.0
2024-03-05 12:00:00+09:00,23800.0,24200.0,23700.0,23950.0,108472,0.0,0.0
2024-03-05 13:00:00+09:00,23950.0,24050.0,23750.0,23900.0,89032,0.0,0.0
2024-03-05 14:00:00+09:00,23950.0,24000.0,23800.0,23900.0,80357,0.0,0.0
2024-03-06 09:00:00+09:00,24550.0,28300.0,24350.0,28050.0,3784594,0.0,0.0
2024-03-06 10:00:00+09:00,28100.0,28400.0,27000.0,27850.0,1600187,0.0,0.0
2024-03-06 11:00:00+09:00,27900.0,27950.0,26600.0,26850.0,778321,0.0,0.0
2024-03-06 12:00:00+09:00,26850.0,27100.0,26300.0,27100.0,559274,0.0,0.0
2024-03-06 13:00:00+09:00,27100.0,27400.0,26100.0,26550.0,559521,0.0,0.0
2024-03-06 14:00:00+09:00,26500.0,27000.0,26450.0,26900.0,311409,0.0,0.0
2024-03-07 09:00:00+09:00,26750.0,27700.0,26550.0,27100.0,1056526,0.0,0.0
2024-03-07 10:00:00+09:00,27200.0,27450.0,26350.0,26550.0,379495,0.0,0.0
2024-03-07 11:00:00+09:00,26550.0,26800.0,26450.0,26450.0,132583,0.0,0.0
2024-03-07 12:00:00+09:00,26450.0,26650.0,26300.0,26600.0,109034,0.0,0.0
2024-03-07 13:00:00+09:00,26600.0,26800.0,26400.0,26500.0,127884,0.0,0.0
2024-03-07 14:00:00+09:00,26550.0,26550.0,26050.0,26450.0,167684,0.0,0.0
2024-03-08 09:00:00+09:00,26450.0,27000.0,25850.0,26950.0,599985,0.0,0.0
2024-03-08 10:00:00+09:00,27000.0,27000.0,26300.0,26450.0,165230,0.0,0.0
2024-03-08 11:00:00+09:00,26400.0,26700.0,26300.0,26500.0,66200,0.0,0.0
2024-03-08 12:00:00+09:00,26550.0,27100.0,26300.0,26850.0,165446,0.0,0.0
2024-03-08 13:00:00+09:00,26900.0,27550.0,26800.0,27250.0,483840,0.0,0.0
2024-03-08 14:00:00+09:00,27200.0,27850.0,27150.0,27650.0,521067,0.0,0.0
2024-03-11 09:00:00+09:00,28700.0,29500.0,27550.0,27600.0,0,0.0,0.0
2024-03-11 10:00:00+09:00,27600.0,28200.0,27500.0,27850.0,290855,0.0,0.0
2024-03-11 11:00:00+09:00,27850.0,28350.0,27650.0,28150.0,126289,0.0,0.0
2024-03-11 12:00:00+09:00,28150.0,28300.0,27900.0,27900.0,79597,0.0,0.0
2024-03-11 13:00:00+09:00,28000.0,28400.0,27850.0,28200.0,118928,0.0,0.0
2024-03-11 14:00:00+09:00,28250.0,28250.0,27900.0,28000.0,104894,0.0,0.0
2024-03-12 09:00:00+09:00,27850.0,28300.0,27500.0,28100.0,283910,0.0,0.0
2024-03-12 10:00:00+09:00,28100.0,28500.0,27900.0,28300.0,188790,0.0,0.0
2024-03-12 11:00:00+09:00,28300.0,28350.0,27850.0,27950.0,99306,0.0,0.0
2024-03-12 12:00:00+09:00,28050.0,28050.0,27650.0,27800.0,69995,0.0,0.0
2024-03-12 13:00:00+09:00,27750.0,28050.0,27600.0,27950.0,99460,0.0,0.0
2024-03-12 14:00:00+09:00,27950.0,28050.0,27750.0,27900.0,90142,0.0,0.0
2024-03-13 09:00:00+09:00,29800.0,30500.0,28300.0,29000.0,2406871,0.0,0.0
2024-03-13 10:00:00+09:00,29000.0,29100.0,28500.0,28900.0,235424,0.0,0.0
2024-03-13 11:00:00+09:00,28900.0,28900.0,28450.0,28450.0,132873,0.0,0.0
2024-03-13 12:00:00+09:00,28450.0,28500.0,26950.0,27750.0,615826,0.0,0.0
2024-03-13 13:00:00+09:00,27750.0,27950.0,26300.0,27250.0,614904,0.0,0.0
2024-03-13 14:00:00+09:00,27200.0,27600.0,27050.0,27600.0,192538,0.0,0.0
2024-03-14 09:00:00+09:00,27450.0,28200.0,26850.0,27400.0,386323,0.0,0.0
2024-03-14 10:00:00+09:00,27600.0,27600.0,26850.0,27000.0,168376,0.0,0.0
2024-03-14 11:00:00+09:00,27000.0,27450.0,26900.0,27250.0,75503,0.0,0.0
2024-03-14 12:00:00+09:00,27250.0,27350.0,27000.0,27100.0,53740,0.0,0.0
2024-03-14 13:00:00+09:00,27100.0,27600.0,27100.0,27350.0,89225,0.0,0.0
2024-03-14 14:00:00+09:00,27350.0,27350.0,26700.0,27100.0,302483,0.0,0.0
2024-03-15 09:00:00+09:00,26700.0,27250.0,26100.0,26300.0,349720,0.0,0.0
2024-03-15 10:00:00+09:00,26350.0,26600.0,25900.0,25950.0,173869,0.0,0.0
2024-03-15 11:00:00+09:00,25950.0,26200.0,25900.0,26000.0,101071,0.0,0.0
2024-03-15 12:00:00+09:00,26000.0,26100.0,25650.0,25700.0,127801,0.0,0.0
2024-03-15 13:00:00+09:00,25700.0,25750.0,25350.0,25350.0,169116,0.0,0.0
2024-03-15 14:00:00+09:00,25350.0,25550.0,25300.0,25500.0,169104,0.0,0.0
2024-03-18 09:00:00+09:00,25650.0,26350.0,25200.0,26300.0,0,0.0,0.0
2024-03-18 10:00:00+09:00,26300.0,26500.0,26000.0,26350.0,150885,0.0,0.0
2024-03-18 11:00:00+09:00,26350.0,26500.0,26200.0,26350.0,103072,0.0,0.0
2024-03-18 12:00:00+09:00,26350.0,26350.0,25850.0,26000.0,101864,0.0,0.0
2024-03-18 13:00:00+09:00,25950.0,26200.0,25750.0,25850.0,112049,0.0,0.0
2024-03-18 14:00:00+09:00,25850.0,26100.0,25700.0,25900.0,96763,0.0,0.0
2024-03-19 09:00:00+09:00,26600.0,27150.0,25900.0,26550.0,559187,0.0,0.0
2024-03-19 10:00:00+09:00,26550.0,26550.0,26000.0,26350.0,115575,0.0,0.0
2024-03-19 11:00:00+09:00,26350.0,26350.0,25750.0,25850.0,82671,0.0,0.0
2024-03-19 12:00:00+09:00,25800.0,26000.0,25700.0,25800.0,64455,0.0,0.0
2024-03-19 13:00:00+09:00,25800.0,26050.0,25700.0,25800.0,62210,0.0,0.0
2024-03-19 14:00:00+09:00,25850.0,25900.0,25650.0,25800.0,74678,0.0,0.0
2024-03-20 09:00:00+09:00,26350.0,26500.0,25500.0,25650.0,261042,0.0,0.0
2024-03-20 10:00:00+09:00,25550.0,25550.0,24500.0,24850.0,391603,0.0,0.0
2024-03-20 11:00:00+09:00,24850.0,25400.0,24750.0,25400.0,119861,0.0,0.0
2024-03-20 12:00:00+09:00,25400.0,25450.0,25050.0,25150.0,55595,0.0,0.0
2024-03-20 13:00:00+09:00,25150.0,25150.0,24850.0,25050.0,88743,0.0,0.0
2024-03-20 14:00:00+09:00,25050.0,25150.0,24950.0,25100.0,70616,0.0,0.0
2024-03-21 09:00:00+09:00,26000.0,27100.0,25700.0,26400.0,716428,0.0,0.0
2024-03-21 10:00:00+09:00,26400.0,26750.0,26200.0,26350.0,144144,0.0,0.0
2024-03-21 11:00:00+09:00,26300.0,26450.0,25950.0,25950.0,118963,0.0,0.0
2024-03-21 12:00:00+09:00,26000.0,26100.0,25900.0,25950.0,57309,0.0,0.0
2024-03-21 13:00:00+09:00,25950.0,26200.0,25900.0,25950.0,97300,0.0,0.0
2024-03-21 14:00:00+09:00,26000.0,26150.0,25950.0,26050.0,82116,0.0,0.0
2024-03-22 09:00:00+09:00,26500.0,27050.0,26050.0,26300.0,441949,0.0,0.0
2024-03-22 10:00:00+09:00,26350.0,26600.0,26150.0,26350.0,161236,0.0,0.0
2024-03-22 11:00:00+09:00,26350.0,26450.0,26200.0,26300.0,80901,0.0,0.0
2024-03-22 12:00:00+09:00,26300.0,26600.0,26250.0,26400.0,86066,0.0,0.0
2024-03-22 13:00:00+09:00,26400.0,26700.0,26300.0,26350.0,154670,0.0,0.0
2024-03-22 14:00:00+09:00,26350.0,26650.0,26300.0,26500.0,136851,0.0,0.0
2024-03-25 09:00:00+09:00,26750.0,26800.0,26150.0,26600.0,0,0.0,0.0
2024-03-25 10:00:00+09:00,26600.0,26900.0,26550.0,26600.0,186905,0.0,0.0
2024-03-25 11:00:00+09:00,26550.0,26650.0,26400.0,26600.0,78334,0.0,0.0
2024-03-25 12:00:00+09:00,26600.0,26750.0,26450.0,26450.0,82586,0.0,0.0
2024-03-25 13:00:00+09:00,26450.0,26700.0,26350.0,26450.0,167323,0.0,0.0
2024-03-25 14:00:00+09:00,26400.0,26650.0,26300.0,26450.0,121225,0.0,0.0
2024-03-26 09:00:00+09:00,26450.0,26450.0,25100.0,25350.0,598036,0.0,0.0
2024-03-26 10:00:00+09:00,25350.0,25750.0,25250.0,25500.0,200599,0.0,0.0
2024-03-26 11:00:00+09:00,25550.0,25800.0,25400.0,25750.0,94280,0.0,0.0
2024-03-26 12:00:00+09:00,25750.0,25900.0,25400.0,25550.0,97546,0.0,0.0
2024-03-26 13:00:00+09:00,25550.0,25550.0,25300.0,25350.0,137793,0.0,0.0
2024-03-26 14:00:00+09:00,25350.0,25700.0,25250.0,25400.0,145574,0.0,0.0
2024-03-27 09:00:00+09:00,25450.0,25750.0,24600.0,25200.0,348848,0.0,0.0
2024-03-27 10:00:00+09:00,25200.0,25200.0,24800.0,24850.0,95293,0.0,0.0
2024-03-27 11:00:00+09:00,24900.0,24900.0,24550.0,24800.0,135507,0.0,0.0
2024-03-27 12:00:00+09:00,24850.0,24850.0,24600.0,24750.0,57224,0.0,0.0
2024-03-27 13:00:00+09:00,24750.0,25050.0,24700.0,24800.0,78359,0.0,0.0
2024-03-27 14:00:00+09:00,24800.0,24950.0,24700.0,24800.0,85262,0.0,0.0
2024-03-28 09:00:00+09:00,25250.0,25500.0,24900.0,24900.0,241210,0.0,0.0
2024-03-28 10:00:00+09:00,24850.0,25250.0,24750.0,25200.0,103475,0.0,0.0
2024-03-28 11:00:00+09:00,25200.0,25500.0,25100.0,25450.0,79932,0.0,0.0
2024-03-28 12:00:00+09:00,25450.0,25450.0,24900.0,25050.0,74889,0.0,0.0
2024-03-28 13:00:00+09:00,25050.0,25100.0,24850.0,25050.0,47935,0.0,0.0
2024-03-28 14:00:00+09:00,25000.0,25150.0,24900.0,25100.0,69573,0.0,0.0
2024-03-29 09:00:00+09:00,25200.0,26800.0,24800.0,26550.0,669703,0.0,0.0
2024-03-29 10:00:00+09:00,26600.0,26800.0,26250.0,26700.0,366367,0.0,0.0
2024-03-29 11:00:00+09:00,26750.0,27100.0,26550.0,26550.0,443808,0.0,0.0
2024-03-29 12:00:00+09:00,26600.0,27300.0,26550.0,27150.0,461305,0.0,0.0
2024-03-29 13:00:00+09:00,27100.0,27250.0,26750.0,26950.0,314892,0.0,0.0
2024-03-29 14:00:00+09:00,26950.0,27100.0,26800.0,27100.0,221825,0.0,0.0
2024-04-01 09:00:00+09:00,27100.0,27650.0,26900.0,27600.0,0,0.0,0.0
2024-04-01 10:00:00+09:00,27600.0,27650.0,27150.0,27200.0,221235,0.0,0.0
2024-04-01 11:00:00+09:00,27150.0,27550.0,27100.0,27450.0,74441,0.0,0.0
2024-04-01 12:00:00+09:00,27500.0,27700.0,27450.0,27500.0,108816,0.0,0.0
2024-04-01 13:00:00+09:00,27550.0,27600.0,27250.0,27500.0,97199,0.0,0.0
2024-04-01 14:00:00+09:00,27500.0,27550.0,27200.0,27250.0,99370,0.0,0.0
2024-04-02 09:00:00+09:00,27250.0,27300.0,25800.0,25800.0,636743,0.0,0.0
2024-04-02 10:00:00+09:00,25800.0,25850.0,24850.0,24900.0,423943,0.0,0.0
2024-04-02 11:00:00+09:00,24900.0,25450.0,24700.0,25200.0,217345,0.0,0.0
2024-04-02 12:00:00+09:00,25250.0,25350.0,25000.0,25200.0,101022,0.0,0.0
2024-04-02 13:00:00+09:00,25150.0,25550.0,25050.0,25250.0,126274,0.0,0.0
2024-04-02 14:00:00+09:00,25200.0,25500.0,25150.0,25450.0,92210,0.0,0.0
2024-04-03 09:00:00+09:00,24800.0,25400.0,24500.0,24900.0,310040,0.0,0.0
2024-04-03 10:00:00+09:00,24900.0,25000.0,24650.0,24650.0,81547,0.0,0.0
2024-04-03 11:00:00+09:00,24700.0,25150.0,24650.0,25050.0,63260,0.0,0.0
2024-04-03 12:00:00+09:00,25150.0,25300.0,24950.0,25200.0,39051,0.0,0.0
2024-04-03 13:00:00+09:00,25200.0,25450.0,24950.0,25050.0,100863,0.0,0.0
2024-04-03 14:00:00+09:00,25100.0,25150.0,24850.0,24900.0,77103,0.0,0.0
2024-04-04 09:00:00+09:00,25150.0,25250.0,24100.0,24300.0,293564,0.0,0.0
2024-04-04 10:00:00+09:00,24300.0,24350.0,24050.0,24300.0,119851,0.0,0.0
2024-04-04 11:00:00+09:00,24300.0,24400.0,24200.0,24300.0,43358,0.0,0.0
2024-04-04 12:00:00+09:00,24300.0,24350.0,24000.0,24150.0,72653,0.0,0.0
2024-04-04 13:00:00+09:00,24150.0,24350.0,24100.0,24200.0,67723,0.0,0.0
2024-04-04 14:00:00+09:00,24200.0,24250.0,23950.0,23950.0,118841,0.0,0.0
2024-04-05 09:00:00+09:00,23600.0,24350.0,23550.0,24200.0,168402,0.0,0.0
2024-04-05 10:00:00+09:00,24200.0,24200.0,23600.0,23600.0,78422,0.0,0.0
2024-04-05 11:00:00+09:00,23700.0,23800.0,23500.0,23550.0,60898,0.0,0.0
2024-04-05 12:00:00+09:00,23550.0,23650.0,23350.0,23500.0,60988,0.0,0.0
2024-04-05 13:00:00+09:00,23550.0,23700.0,23350.0,23450.0,69021,0.0,0.0
2024-04-05 14:00:00+09:00,23450.0,23700.0,23200.0,23300.0,129652,0.0,0.0
2024-04-08 09:00:00+09:00,23550.0,23550.0,22400.0,22450.0,0,0.0,0.0
2024-04-08 10:00:00+09:00,22450.0,22500.0,22000.0,22050.0,239055,0.0,0.0
2024-04-08 11:00:00+09:00,22050.0,22450.0,22050.0,22450.0,83194,0.0,0.0
2024-04-08 12:00:00+09:00,22450.0,22700.0,22400.0,22550.0,73302,0.0,0.0
2024-04-08 13:00:00+09:00,22600.0,22750.0,22450.0,22650.0,96112,0.0,0.0
2024-04-08 14:00:00+09:00,22700.0,22750.0,22500.0,22650.0,91509,0.0,0.0
2024-04-09 09:00:00+09:00,22550.0,22900.0,22200.0,22800.0,190293,0.0,0.0
2024-04-09 10:00:00+09:00,22750.0,22800.0,22250.0,22350.0,86849,0.0,0.0
2024-04-09 11:00:00+09:00,22400.0,22850.0,22250.0,22800.0,62474,0.0,0.0
2024-04-09 12:00:00+09:00,22800.0,22850.0,22550.0,22600.0,53236,0.0,0.0
2024-04-09 13:00:00+09:00,22600.0,22750.0,22550.0,22600.0,46675,0.0,0.0
2024-04-09 14:00:00+09:00,22600.0,22750.0,22350.0,22550.0,90448,0.0,0.0
2024-04-11 09:00:00+09:00,22000.0,22350.0,21800.0,22100.0,0,0.0,0.0
2024-04-11 10:00:00+09:00,22150.0,22400.0,22100.0,22250.0,42294,0.0,0.0
2024-04-11 11:00:00+09:00,22250.0,22250.0,22000.0,22050.0,38308,0.0,0.0
2024-04-11 12:00:00+09:00,22000.0,22200.0,22000.0,22150.0,26872,0.0,0.0
2024-04-11 13:00:00+09:00,22100.0,22400.0,22100.0,22100.0,40046,0.0,0.0
2024-04-11 14:00:00+09:00,22200.0,22450.0,22100.0,22300.0,40337,0.0,0.0
2024-04-12 09:00:00+09:00,22200.0,23100.0,22050.0,22900.0,167754,0.0,0.0
2024-04-12 10:00:00+09:00,22850.0,23350.0,22800.0,23050.0,121942,0.0,0.0
2024-04-12 11:00:00+09:00,23050.0,23150.0,22700.0,22800.0,44089,0.0,0.0
2024-04-12 12:00:00+09:00,22750.0,22850.0,22600.0,22650.0,35986,0.0,0.0
2024-04-12 13:00:00+09:00,22700.0,23000.0,22650.0,22850.0,33437,0.0,0.0
2024-04-12 14:00:00+09:00,22750.0,23100.0,22750.0,22850.0,37984,0.0,0.0
2024-04-15 09:00:00+09:00,22550.0,22750.0,22100.0,22400.0,0,0.0,0.0
2024-04-15 10:00:00+09:00,22400.0,22550.0,22100.0,22150.0,54400,0.0,0.0
2024-04-15 11:00:00+09:00,22150.0,22300.0,22100.0,22150.0,30815,0.0,0.0
2024-04-15 12:00:00+09:00,22150.0,22250.0,22100.0,22200.0,26351,0.0,0.0
2024-04-15 13:00:00+09:00,22250.0,22300.0,22000.0,22200.0,94412,0.0,0.0
2024-04-15 14:00:00+09:00,22150.0,22300.0,22050.0,22100.0,44980,0.0,0.0
2024-04-16 09:00:00+09:00,21800.0,22200.0,21800.0,22000.0,95206,0.0,0.0
2024-04-16 10:00:00+09:00,22000.0,22150.0,21800.0,21800.0,63315,0.0,0.0
2024-04-16 11:00:00+09:00,21850.0,22300.0,21700.0,22250.0,51113,0.0,0.0
2024-04-16 12:00:00+09:00,22200.0,22450.0,22150.0,22300.0,57761,0.0,0.0
2024-04-16 13:00:00+09:00,22250.0,22350.0,22000.0,22050.0,52039,0.0,0.0
2024-04-16 14:00:00+09:00,22050.0,22200.0,22000.0,22100.0,43973,0.0,0.0
2024-04-17 09:00:00+09:00,22100.0,22400.0,21750.0,22100.0,111080,0.0,0.0
2024-04-17 10:00:00+09:00,22100.0,22100.0,21600.0,21750.0,74294,0.0,0.0
2024-04-17 11:00:00+09:00,21750.0,21900.0,21600.0,21800.0,61386,0.0,0.0
2024-04-17 12:00:00+09:00,21800.0,21850.0,21600.0,21700.0,18852,0.0,0.0
2024-04-17 13:00:00+09:00,21700.0,21950.0,21600.0,21850.0,28643,0.0,0.0
2024-04-17 14:00:00+09:00,21850.0,21950.0,21550.0,21600.0,55837,0.0,0.0
2024-04-18 09:00:00+09:00,21500.0,22350.0,21500.0,22250.0,95784,0.0,0.0
2024-04-18 10:00:00+09:00,22300.0,22600.0,22250.0,22450.0,69241,0.0,0.0
2024-04-18 11:00:00+09:00,22450.0,22950.0,22450.0,22850.0,72885,0.0,0.0
2024-04-18 12:00:00+09:00,22850.0,22900.0,22650.0,22650.0,31862,0.0,0.0
2024-04-18 13:00:00+09:00,22650.0,22700.0,22450.0,22500.0,36972,0.0,0.0
2024-04-18 14:00:00+09:00,22500.0,22650.0,22400.0,22650.0,41892,0.0,0.0
2024-04-19 09:00:00+09:00,22400.0,22950.0,22100.0,22750.0,102106,0.0,0.0
2024-04-19 10:00:00+09:00,22750.0,22850.0,22150.0,22250.0,71355,0.0,0.0
2024-04-19 11:00:00+09:00,22250.0,22350.0,21900.0,22050.0,88066,0.0,0.0
2024-04-19 12:00:00+09:00,22000.0,22500.0,21950.0,22500.0,47007,0.0,0.0
2024-04-19 13:00:00+09:00,22450.0,22600.0,22300.0,22450.0,37059,0.0,0.0
2024-04-19 14:00:00+09:00,22500.0,22600.0,22300.0,22400.0,34687,0.0,0.0
2024-04-22 09:00:00+09:00,22800.0,23600.0,22750.0,23450.0,0,0.0,0.0
2024-04-22 10:00:00+09:00,23500.0,23700.0,23150.0,23250.0,138196,0.0,0.0
2024-04-22 11:00:00+09:00,23250.0,23350.0,22950.0,23300.0,61346,0.0,0.0
2024-04-22 12:00:00+09:00,23300.0,23400.0,23200.0,23250.0,26812,0.0,0.0
2024-04-22 13:00:00+09:00,23250.0,23350.0,22850.0,22900.0,45457,0.0,0.0
2024-04-22 14:00:00+09:00,22900.0,23250.0,22850.0,23200.0,38036,0.0,0.0
2024-04-23 09:00:00+09:00,23100.0,24650.0,22900.0,24500.0,340170,0.0,0.0
2024-04-23 10:00:00+09:00,24500.0,24650.0,24200.0,24300.0,160133,0.0,0.0
2024-04-23 11:00:00+09:00,24400.0,24850.0,24300.0,24600.0,149116,0.0,0.0
2024-04-23 12:00:00+09:00,24600.0,24650.0,24350.0,24550.0,59539,0.0,0.0
2024-04-23 13:00:00+09:00,24500.0,24850.0,24450.0,24700.0,88493,0.0,0.0
2024-04-23 14:00:00+09:00,24700.0,24900.0,24550.0,24800.0,95020,0.0,0.0
2024-04-24 09:00:00+09:00,25050.0,25200.0,24500.0,25000.0,238702,0.0,0.0
2024-04-24 10:00:00+09:00,25050.0,25200.0,24300.0,24600.0,293614,0.0,0.0
2024-04-24 11:00:00+09:00,24600.0,24750.0,24550.0,24650.0,70583,0.0,0.0
2024-04-24 12:00:00+09:00,24700.0,25050.0,24700.0,25050.0,48025,0.0,0.0
2024-04-24 13:00:00+09:00,25050.0,25500.0,24900.0,25400.0,132060,0.0,0.0
2024-04-24 14:00:00+09:00,25400.0,25450.0,25250.0,25300.0,142525,0.0,0.0
2024-04-25 09:00:00+09:00,25200.0,25500.0,24500.0,24600.0,168782,0.0,0.0
2024-04-25 10:00:00+09:00,24650.0,24850.0,24150.0,24250.0,96334,0.0,0.0
2024-04-25 11:00:00+09:00,24250.0,24500.0,24100.0,24350.0,54267,0.0,0.0
2024-04-25 12:00:00+09:00,24400.0,24750.0,24350.0,24600.0,38215,0.0,0.0
2024-04-25 13:00:00+09:00,24600.0,24950.0,24450.0,24950.0,51489,0.0,0.0
2024-04-25 14:00:00+09:00,24950.0,25000.0,24700.0,24750.0,77355,0.0,0.0
2024-04-26 09:00:00+09:00,24800.0,25300.0,24700.0,25000.0,133055,0.0,0.0
2024-04-26 10:00:00+09:00,25000.0,25600.0,24650.0,24750.0,264526,0.0,0.0
2024-04-26 11:00:00+09:00,24750.0,25100.0,24700.0,24750.0,64709,0.0,0.0
2024-04-26 12:00:00+09:00,24750.0,24850.0,24550.0,24850.0,38832,0.0,0.0
2024-04-26 13:00:00+09:00,24850.0,24900.0,24600.0,24850.0,38662,0.0,0.0
2024-04-26 14:00:00+09:00,24900.0,25000.0,24750.0,24900.0,73826,0.0,0.0
2024-04-29 09:00:00+09:00,25000.0,26850.0,24950.0,25950.0,71185,0.0,0.0
2024-04-29 10:00:00+09:00,26000.0,26150.0,25800.0,25900.0,80744,0.0,0.0
2024-04-29 11:00:00+09:00,25850.0,25950.0,25600.0,25650.0,72011,0.0,0.0
2024-04-29 12:00:00+09:00,25650.0,26100.0,25550.0,26050.0,67452,0.0,0.0
2024-04-29 13:00:00+09:00,26050.0,26050.0,25800.0,25850.0,45880,0.0,0.0
2024-04-29 14:00:00+09:00,25850.0,26550.0,25750.0,26400.0,223236,0.0,0.0
2024-04-30 09:00:00+09:00,26400.0,26500.0,25800.0,26150.0,138007,0.0,0.0
2024-04-30 10:00:00+09:00,26100.0,26200.0,25950.0,26000.0,54301,0.0,0.0
2024-04-30 11:00:00+09:00,26000.0,26450.0,26000.0,26400.0,39199,0.0,0.0
2024-04-30 12:00:00+09:00,26400.0,26400.0,26250.0,26350.0,25104,0.0,0.0
2024-04-30 13:00:00+09:00,26350.0,26350.0,26050.0,26150.0,40576,0.0,0.0
2024-04-30 14:00:00+09:00,26100.0,26200.0,26000.0,26100.0,63283,0.0,0.0
2024-05-02 09:00:00+09:00,26150.0,26700.0,25900.0,26100.0,0,0.0,0.0
2024-05-02 10:00:00+09:00,26150.0,26250.0,26050.0,26250.0,30177,0.0,0.0
2024-05-02 11:00:00+09:00,26300.0,26400.0,26100.0,26100.0,42633,0.0,0.0
2024-05-02 12:00:00+09:00,26150.0,26300.0,26050.0,26050.0,33517,0.0,0.0
2024-05-02 13:00:00+09:00,26050.0,26100.0,26000.0,26000.0,26254,0.0,0.0
2024-05-02 14:00:00+09:00,26000.0,26050.0,25600.0,25700.0,95641,0.0,0.0
2024-05-03 09:00:00+09:00,25900.0,26600.0,25900.0,26450.0,225125,0.0,0.0
2024-05-03 10:00:00+09:00,26400.0,26450.0,26000.0,26100.0,94187,0.0,0.0
2024-05-03 11:00:00+09:00,26100.0,26400.0,26000.0,26350.0,52866,0.0,0.0
2024-05-03 12:00:00+09:00,26350.0,26350.0,26150.0,26300.0,36806,0.0,0.0
2024-05-03 13:00:00+09:00,26300.0,26300.0,25500.0,25700.0,137853,0.0,0.0
2024-05-03 14:00:00+09:00,25650.0,25900.0,25150.0,25600.0,247890,0.0,0.0
2024-05-07 09:00:00+09:00,26450.0,26950.0,25850.0,26000.0,0,0.0,0.0
2024-05-07 10:00:00+09:00,26000.0,26100.0,25700.0,25950.0,128766,0.0,0.0
2024-05-07 11:00:00+09:00,25900.0,26300.0,25900.0,26200.0,73607,0.0,0.0
2024-05-07 12:00:00+09:00,26200.0,26250.0,26050.0,26100.0,43708,0.0,0.0
2024-05-07 13:00:00+09:00,26150.0,26300.0,26000.0,26100.0,59177,0.0,0.0
2024-05-07 14:00:00+09:00,26050.0,26150.0,25750.0,25950.0,97579,0.0,0.0
2024-05-08 09:00:00+09:00,26150.0,26300.0,25600.0,25750.0,108114,0.0,0.0
2024-05-08 10:00:00+09:00,25700.0,25750.0,25400.0,25600.0,69128,0.0,0.0
2024-05-08 11:00:00+09:00,25550.0,25550.0,25150.0,25200.0,64533,0.0,0.0
2024-05-08 12:00:00+09:00,25200.0,25300.0,25000.0,25000.0,64862,0.0,0.0
2024-05-08 13:00:00+09:00,25000.0,25350.0,25000.0,25250.0,47528,0.0,0.0
2024-05-08 14:00:00+09:00,25250.0,25600.0,25200.0,25550.0,82553,0.0,0.0
2024-05-09 09:00:00+09:00,25200.0,25700.0,25200.0,25450.0,78134,0.0,0.0
2024-05-09 10:00:00+09:00,25400.0,25650.0,25300.0,25550.0,38146,0.0,0.0
2024-05-09 11:00:00+09:00,25550.0,25550.0,25300.0,25300.0,26046,0.0,0.0
2024-05-09 12:00:00+09:00,25300.0,25500.0,25300.0,25500.0,12816,0.0,0.0
2024-05-09 13:00:00+09:00,25500.0,25550.0,25200.0,25300.0,36731,0.0,0.0
2024-05-09 14:00:00+09:00,25300.0,25400.0,24950.0,25000.0,122593,0.0,0.0
2024-05-10 09:00:00+09:00,25000.0,25200.0,24700.0,24750.0,113470,0.0,0.0
2024-05-10 10:00:00+09:00,24750.0,24800.0,24600.0,24700.0,42349,0.0,0.0
2024-05-10 11:00:00+09:00,24750.0,24800.0,24650.0,24650.0,29125,0.0,0.0
2024-05-10 12:00:00+09:00,24700.0,24750.0,24550.0,24550.0,25653,0.0,0.0
2024-05-10 13:00:00+09:00,24550.0,24750.0,24550.0,24750.0,29950,0.0,0.0
2024-05-10 14:00:00+09:00,24700.0,24750.0,24500.0,24550.0,43642,0.0,0.0
2024-05-13 09:00:00+09:00,24500.0,24550.0,23750.0,24150.0,0,0.0,0.0
2024-05-13 10:00:00+09:00,24200.0,24200.0,23600.0,23750.0,124637,0.0,0.0
2024-05-13 11:00:00+09:00,23750.0,24050.0,23750.0,23900.0,46152,0.0,0.0
2024-05-13 12:00:00+09:00,23900.0,24000.0,23700.0,23700.0,47341,0.0,0.0
2024-05-13 13:00:00+09:00,23750.0,23800.0,23550.0,23550.0,56145,0.0,0.0
2024-05-13 14:00:00+09:00,23550.0,23700.0,23450.0,23500.0,115670,0.0,0.0
2024-05-14 09:00:00+09:00,23600.0,23950.0,23500.0,23750.0,136661,0.0,0.0
2024-05-14 10:00:00+09:00,23750.0,23800.0,23600.0,23700.0,49692,0.0,0.0
2024-05-14 11:00:00+09:00,23700.0,23900.0,23650.0,23850.0,33914,0.0,0.0
2024-05-14 12:00:00+09:00,23900.0,23950.0,23700.0,23850.0,39473,0.0,0.0
2024-05-14 13:00:00+09:00,23850.0,24150.0,23850.0,23950.0,58975,0.0,0.0
2024-05-14 14:00:00+09:00,23950.0,24100.0,23850.0,24100.0,36281,0.0,0.0
2024-05-16 09:00:00+09:00,24700.0,25350.0,24550.0,25300.0,0,0.0,0.0
2024-05-16 10:00:00+09:00,25300.0,25350.0,24900.0,25100.0,107278,0.0,0.0
2024-05-16 11:00:00+09:00,25100.0,25150.0,24600.0,24600.0,72022,0.0,0.0
2024-05-16 12:00:00+09:00,24700.0,24750.0,24450.0,24500.0,47592,0.0,0.0
2024-05-16 13:00:00+09:00,24550.0,24550.0,24300.0,24450.0,32207,0.0,0.0
2024-05-16 14:00:00+09:00,24450.0,24600.0,24350.0,24400.0,35697,0.0,0.0
2024-05-17 09:00:00+09:00,23550.0,24750.0,23400.0,24700.0,275266,0.0,0.0
2024-05-17 10:00:00+09:00,24700.0,25500.0,24650.0,25450.0,193790,0.0,0.0
2024-05-17 11:00:00+09:00,25450.0,25550.0,25050.0,25200.0,124672,0.0,0.0
2024-05-17 12:00:00+09:00,25200.0,25250.0,25050.0,25250.0,38597,0.0,0.0
2024-05-17 13:00:00+09:00,25250.0,25700.0,25100.0,25600.0,123768,0.0,0.0
2024-05-17 14:00:00+09:00,25650.0,25800.0,25400.0,25550.0,131580,0.0,0.0
2024-05-20 09:00:00+09:00,25300.0,25600.0,25050.0,25100.0,0,0.0,0.0
2024-05-20 10:00:00+09:00,25200.0,25700.0,25100.0,25650.0,88081,0.0,0.0
2024-05-20 11:00:00+09:00,25650.0,25750.0,25450.0,25500.0,60914,0.0,0.0
2024-05-20 12:00:00+09:00,25550.0,25550.0,25250.0,25400.0,32684,0.0,0.0
2024-05-20 13:00:00+09:00,25350.0,25550.0,25350.0,25450.0,35006,0.0,0.0
2024-05-20 14:00:00+09:00,25500.0,25650.0,25400.0,25650.0,48033,0.0,0.0
2024-05-21 09:00:00+09:00,25650.0,25650.0,25050.0,25300.0,107028,0.0,0.0
2024-05-21 10:00:00+09:00,25250.0,25400.0,25150.0,25300.0,40292,0.0,0.0
2024-05-21 11:00:00+09:00,25300.0,25400.0,25100.0,25200.0,44760,0.0,0.0
2024-05-21 12:00:00+09:00,25150.0,25500.0,25150.0,25400.0,37392,0.0,0.0
2024-05-21 13:00:00+09:00,25400.0,25450.0,25250.0,25300.0,53542,0.0,0.0
2024-05-21 14:00:00+09:00,25300.0,25450.0,25250.0,25400.0,52629,0.0,0.0
2024-05-22 09:00:00+09:00,25450.0,25750.0,25050.0,25150.0,103406,0.0,0.0
2024-05-22 10:00:00+09:00,25150.0,25450.0,25100.0,25250.0,56455,0.0,0.0
2024-05-22 11:00:00+09:00,25250.0,25300.0,25050.0,25200.0,40145,0.0,0.0
2024-05-22 12:00:00+09:00,25200.0,25250.0,25050.0,25050.0,26653,0.0,0.0
2024-05-22 13:00:00+09:00,25050.0,25150.0,25000.0,25050.0,44726,0.0,0.0
2024-05-22 14:00:00+09:00,25050.0,25100.0,24500.0,24600.0,130161,0.0,0.0
2024-05-23 09:00:00+09:00,24350.0,24750.0,24150.0,24600.0,87194,0.0,0.0
2024-05-23 10:00:00+09:00,24600.0,24600.0,24400.0,24500.0,21119,0.0,0.0
2024-05-23 11:00:00+09:00,24500.0,24500.0,24200.0,24200.0,44745,0.0,0.0
2024-05-23 12:00:00+09:00,24200.0,24250.0,24100.0,24100.0,42903,0.0,0.0
2024-05-23 13:00:00+09:00,24100.0,24200.0,23950.0,24050.0,84373,0.0,0.0
2024-05-23 14:00:00+09:00,24050.0,24100.0,23800.0,23950.0,63129,0.0,0.0
2024-05-24 09:00:00+09:00,23400.0,24350.0,23400.0,24050.0,123536,0.0,0.0
2024-05-24 10:00:00+09:00,24050.0,24450.0,24000.0,24400.0,51551,0.0,0.0
2024-05-24 11:00:00+09:00,24450.0,24450.0,24150.0,24200.0,14457,0.0,0.0
2024-05-24 12:00:00+09:00,24150.0,24200.0,24050.0,24200.0,18745,0.0,0.0
2024-05-24 13:00:00+09:00,24200.0,24300.0,24100.0,24250.0,28606,0.0,0.0
2024-05-24 14:00:00+09:00,24200.0,24350.0,24100.0,24300.0,32252,0.0,0.0
2024-05-27 09:00:00+09:00,23900.0,24050.0,23400.0,23550.0,0,0.0,0.0
2024-05-27 10:00:00+09:00,23550.0,23600.0,22800.0,23000.0,152379,0.0,0.0
2024-05-27 11:00:00+09:00,23000.0,23200.0,22550.0,22550.0,158712,0.0,0.0
2024-05-27 12:00:00+09:00,22550.0,22800.0,22550.0,22750.0,70846,0.0,0.0
2024-05-27 13:00:00+09:00,22750.0,23050.0,22750.0,22850.0,69575,0.0,0.0
2024-05-27 14:00:00+09:00,22850.0,23150.0,22800.0,23050.0,115579,0.0,0.0
2024-05-28 09:00:00+09:00,23100.0,23550.0,22900.0,22950.0,90461,0.0,0.0
2024-05-28 10:00:00+09:00,22900.0,23250.0,22850.0,23200.0,37175,0.0,0.0
2024-05-28 11:00:00+09:00,23200.0,23550.0,23150.0,23500.0,50622,0.0,0.0
2024-05-28 12:00:00+09:00,23500.0,23700.0,23400.0,23450.0,45196,0.0,0.0
2024-05-28 13:00:00+09:00,23450.0,23450.0,23250.0,23300.0,28578,0.0,0.0
2024-05-28 14:00:00+09:00,23250.0,23400.0,23200.0,23350.0,33022,0.0,0.0
2024-05-29 09:00:00+09:00,23200.0,23550.0,22900.0,23250.0,97716,0.0,0.0
2024-05-29 10:00:00+09:00,23250.0,23800.0,23200.0,23650.0,62360,0.0,0.0
2024-05-29 11:00:00+09:00,23650.0,23700.0,23350.0,23350.0,30182,0.0,0.0
2024-05-29 12:00:00+09:00,23350.0,23450.0,23300.0,23400.0,12528,0.0,0.0
2024-05-29 13:00:00+09:00,23400.0,23450.0,23250.0,23350.0,18015,0.0,0.0
2024-05-29 14:00:00+09:00,23350.0,23400.0,23150.0,23250.0,22708,0.0,0.0
2024-05-30 09:00:00+09:00,22850.0,23350.0,22850.0,22950.0,52753,0.0,0.0
2024-05-30 10:00:00+09:00,22950.0,23600.0,22950.0,23550.0,37465,0.0,0.0
2024-05-30 11:00:00+09:00,23550.0,23650.0,23150.0,23250.0,42963,0.0,0.0
2024-05-30 12:00:00+09:00,23200.0,23300.0,23100.0,23250.0,23891,0.0,0.0
2024-05-30 13:00:00+09:00,23250.0,23350.0,23100.0,23200.0,27684,0.0,0.0
2024-05-30 14:00:00+09:00,23150.0,23300.0,23100.0,23250.0,32219,0.0,0.0
2024-05-31 09:00:00+09:00,23850.0,23850.0,22800.0,22900.0,89835,0.0,0.0
2024-05-31 10:00:00+09:00,22950.0,23100.0,22300.0,22400.0,136390,0.0,0.0
2024-05-31 11:00:00+09:00,22400.0,22600.0,22400.0,22550.0,52954,0.0,0.0
2024-05-31 12:00:00+09:00,22550.0,22550.0,22200.0,22250.0,78593,0.0,0.0
2024-05-31 13:00:00+09:00,22250.0,22600.0,22250.0,22300.0,76460,0.0,0.0
2024-05-31 14:00:00+09:00,22300.0,22600.0,22200.0,22400.0,102203,0.0,0.0
2024-06-03 09:00:00+09:00,23300.0,24900.0,23100.0,24150.0,0,0.0,0.0
2024-06-03 10:00:00+09:00,24150.0,24500.0,23750.0,24100.0,122533,0.0,0.0
2024-06-03 11:00:00+09:00,24100.0,24150.0,23750.0,23950.0,52241,0.0,0.0
2024-06-03 12:00:00+09:00,23900.0,24050.0,23900.0,24000.0,26415,0.0,0.0
2024-06-03 13:00:00+09:00,24000.0,24150.0,23900.0,24000.0,26668,0.0,0.0
2024-06-03 14:00:00+09:00,24000.0,24100.0,23850.0,24100.0,37391,0.0,0.0
2024-06-04 09:00:00+09:00,24300.0,25250.0,24000.0,24750.0,365690,0.0,0.0
2024-06-04 10:00:00+09:00,24800.0,25150.0,24650.0,24900.0,141007,0.0,0.0
2024-06-04 11:00:00+09:00,24900.0,25700.0,24750.0,25600.0,258865,0.0,0.0
2024-06-04 12:00:00+09:00,25600.0,25900.0,25350.0,25650.0,229708,0.0,0.0
2024-06-04 13:00:00+09:00,25600.0,25900.0,25250.0,25350.0,177865,0.0,0.0
2024-06-04 14:00:00+09:00,25400.0,25700.0,25000.0,25150.0,134036,0.0,0.0
2024-06-05 09:00:00+09:00,25150.0,25150.0,24150.0,24300.0,239774,0.0,0.0
2024-06-05 10:00:00+09:00,24300.0,24600.0,24050.0,24550.0,75309,0.0,0.0
2024-06-05 11:00:00+09:00,24550.0,24550.0,24150.0,24300.0,63488,0.0,0.0
2024-06-05 12:00:00+09:00,24400.0,24800.0,24300.0,24550.0,53348,0.0,0.0
2024-06-05 13:00:00+09:00,24550.0,24950.0,24500.0,24800.0,47542,0.0,0.0
2024-06-05 14:00:00+09:00,24800.0,24950.0,24600.0,24650.0,38163,0.0,0.0
2024-06-07 09:00:00+09:00,25350.0,25400.0,24250.0,25050.0,0,0.0,0.0
2024-06-07 10:00:00+09:00,25050.0,25050.0,24500.0,24650.0,81879,0.0,0.0
2024-06-07 11:00:00+09:00,24650.0,24800.0,24500.0,24750.0,23536,0.0,0.0
2024-06-07 12:00:00+09:00,24700.0,25050.0,24700.0,25000.0,38225,0.0,0.0
2024-06-07 13:00:00+09:00,25050.0,25050.0,24800.0,24850.0,52548,0.0,0.0
2024-06-07 14:00:00+09:00,24850.0,25250.0,24750.0,25000.0,60532,0.0,0.0
2024-06-10 09:00:00+09:00,24450.0,24800.0,23750.0,23800.0,0,0.0,0.0
2024-06-10 10:00:00+09:00,23800.0,24050.0,23750.0,23950.0,58253,0.0,0.0
2024-06-10 11:00:00+09:00,23950.0,24000.0,23800.0,23900.0,45516,0.0,0.0
2024-06-10 12:00:00+09:00,23850.0,24000.0,23850.0,23900.0,25586,0.0,0.0
2024-06-10 13:00:00+09:00,23900.0,24050.0,23800.0,24000.0,56429,0.0,0.0
2024-06-10 14:00:00+09:00,23950.0,24100.0,23900.0,23950.0,61773,0.0,0.0
2024-06-11 09:00:00+09:00,23650.0,23900.0,23400.0,23450.0,133419,0.0,0.0
2024-06-11 10:00:00+09:00,23450.0,23900.0,23450.0,23750.0,58395,0.0,0.0
2024-06-11 11:00:00+09:00,23700.0,23750.0,23450.0,23500.0,79726,0.0,0.0
2024-06-11 12:00:00+09:00,23500.0,23550.0,23450.0,23500.0,15879,0.0,0.0
2024-06-11 13:00:00+09:00,23500.0,23750.0,23500.0,23550.0,34710,0.0,0.0
2024-06-11 14:00:00+09:00,23500.0,23600.0,23350.0,23350.0,62701,0.0,0.0
2024-06-12 09:00:00+09:00,23100.0,23300.0,22700.0,22950.0,140959,0.0,0.0
2024-06-12 10:00:00+09:00,22850.0,23050.0,22700.0,22750.0,54994,0.0,0.0
2024-06-12 11:00:00+09:00,22700.0,22750.0,22550.0,22700.0,72979,0.0,0.0
2024-06-12 12:00:00+09:00,22650.0,22900.0,22600.0,22750.0,30221,0.0,0.0
2024-06-12 13:00:00+09:00,22750.0,22850.0,22600.0,22650.0,33423,0.0,0.0
2024-06-12 14:00:00+09:00,22650.0,22700.0,22400.0,22500.0,114927,0.0,0.0
2024-06-13 09:00:00+09:00,22800.0,23100.0,22750.0,22800.0,105627,0.0,0.0
2024-06-13 10:00:00+09:00,22800.0,22900.0,22400.0,22400.0,71402,0.0,0.0
2024-06-13 11:00:00+09:00,22400.0,22750.0,22250.0,22250.0,76380,0.0,0.0
2024-06-13 12:00:00+09:00,22250.0,22350.0,22050.0,22100.0,89825,0.0,0.0
2024-06-13 13:00:00+09:00,22050.0,22150.0,21750.0,21800.0,171823,0.0,0.0
2024-06-13 14:00:00+09:00,21800.0,22100.0,21750.0,21950.0,147381,0.0,0.0
2024-06-14 09:00:00+09:00,21850.0,22200.0,21700.0,22000.0,130636,0.0,0.0
2024-06-14 10:00:00+09:00,22000.0,22550.0,22000.0,22100.0,99913,0.0,0.0
2024-06-14 11:00:00+09:00,22200.0,22350.0,22100.0,22250.0,26492,0.0,0.0
2024-06-14 12:00:00+09:00,22300.0,22350.0,22100.0,22150.0,30224,0.0,0.0
2024-06-14 13:00:00+09:00,22200.0,22300.0,21850.0,21900.0,79796,0.0,0.0
2024-06-14 14:00:00+09:00,21850.0,22000.0,21800.0,21900.0,44161,0.0,0.0
2024-06-17 09:00:00+09:00,21950.0,22100.0,21700.0,21800.0,0,0.0,0.0
2024-06-17 10:00:00+09:00,21800.0,21900.0,21650.0,21750.0,54551,0.0,0.0
2024-06-17 11:00:00+09:00,21700.0,21800.0,21250.0,21300.0,101085,0.0,0.0
2024-06-17 12:00:00+09:00,21300.0,21400.0,21200.0,21200.0,71082,0.0,0.0
2024-06-17 13:00:00+09:00,21250.0,21450.0,21200.0,21400.0,52891,0.0,0.0
2024-06-17 14:00:00+09:00,21400.0,21450.0,21300.0,21350.0,60236,0.0,0.0
2024-06-18 09:00:00+09:00,21400.0,21600.0,21200.0,21350.0,90676,0.0,0.0
2024-06-18 10:00:00+09:00,21400.0,21500.0,21250.0,21350.0,37663,0.0,0.0
2024-06-18 11:00:00+09:00,21400.0,21450.0,21300.0,21350.0,22269,0.0,0.0
2024-06-18 12:00:00+09:00,21350.0,21400.0,21250.0,21250.0,34552,0.0,0.0
2024-06-18 13:00:00+09:00,21300.0,21850.0,21250.0,21700.0,69239,0.0,0.0
2024-06-18 14:00:00+09:00,21750.0,21950.0,21650.0,21850.0,79011,0.0,0.0
2024-06-19 09:00:00+09:00,21850.0,22650.0,21550.0,22500.0,167999,0.0,0.0
2024-06-19 10:00:00+09:00,22500.0,22650.0,22200.0,22350.0,82754,0.0,0.0
2024-06-19 11:00:00+09:00,22350.0,22350.0,22000.0,22000.0,39489,0.0,0.0
2024-06-19 12:00:00+09:00,22050.0,22100.0,21850.0,21950.0,49268,0.0,0.0
2024-06-19 13:00:00+09:00,22000.0,22200.0,21950.0,22100.0,35848,0.0,0.0
2024-06-19 14:00:00+09:00,22100.0,22150.0,22000.0,22100.0,40040,0.0,0.0
2024-06-20 09:00:00+09:00,22000.0,23000.0,21750.0,22900.0,204517,0.0,0.0
2024-06-20 10:00:00+09:00,22900.0,22950.0,22550.0,22700.0,72675,0.0,0.0
2024-06-20 11:00:00+09:00,22650.0,22750.0,22450.0,22650.0,43390,0.0,0.0
2024-06-20 12:00:00+09:00,22650.0,22750.0,22450.0,22650.0,51538,0.0,0.0
2024-06-20 13:00:00+09:00,22650.0,22850.0,22600.0,22650.0,45388,0.0,0.0
2024-06-20 14:00:00+09:00,22750.0,22850.0,22550.0,22850.0,50650,0.0,0.0
2024-06-21 09:00:00+09:00,23050.0,23300.0,22700.0,23000.0,162370,0.0,0.0
2024-06-21 10:00:00+09:00,23000.0,23000.0,22300.0,22400.0,80827,0.0,0.0
2024-06-21 11:00:00+09:00,22400.0,22500.0,22100.0,22250.0,51400,0.0,0.0
2024-06-21 12:00:00+09:00,22250.0,22250.0,22000.0,22100.0,56605,0.0,0.0
2024-06-21 13:00:00+09:00,22150.0,22200.0,22000.0,22200.0,50866,0.0,0.0
2024-06-21 14:00:00+09:00,22100.0,22200.0,21850.0,21950.0,100039,0.0,0.0
2024-06-24 09:00:00+09:00,22150.0,22500.0,21850.0,21950.0,0,0.0,0.0
2024-06-24 10:00:00+09:00,22000.0,22050.0,21650.0,21700.0,55284,0.0,0.0
2024-06-24 11:00:00+09:00,21700.0,21850.0,21400.0,21700.0,72795,0.0,0.0
2024-06-24 12:00:00+09:00,21750.0,21750.0,21550.0,21650.0,24852,0.0,0.0
2024-06-24 13:00:00+09:00,21650.0,21850.0,21550.0,21700.0,30517,0.0,0.0
2024-06-24 14:00:00+09:00,21750.0,21750.0,21500.0,21600.0,35268,0.0,0.0
2024-06-25 09:00:00+09:00,21650.0,22200.0,21500.0,22150.0,85259,0.0,0.0
2024-06-25 10:00:00+09:00,22150.0,22200.0,21800.0,21900.0,36907,0.0,0.0
2024-06-25 11:00:00+09:00,21950.0,21950.0,21650.0,21750.0,18743,0.0,0.0
2024-06-25 12:00:00+09:00,21700.0,21850.0,21700.0,21750.0,10787,0.0,0.0
2024-06-25 13:00:00+09:00,21750.0,21800.0,21650.0,21750.0,26204,0.0,0.0
2024-06-25 14:00:00+09:00,21750.0,23200.0,21750.0,23050.0,271040,0.0,0.0
2024-06-26 09:00:00+09:00,22900.0,23000.0,22550.0,22650.0,105415,0.0,0.0
2024-06-26 10:00:00+09:00,22700.0,22850.0,22650.0,22800.0,20386,0.0,0.0
2024-06-26 11:00:00+09:00,22800.0,22850.0,22600.0,22700.0,28048,0.0,0.0
2024-06-26 12:00:00+09:00,22700.0,22800.0,22550.0,22800.0,26067,0.0,0.0
2024-06-26 13:00:00+09:00,22800.0,22800.0,22150.0,22250.0,89484,0.0,0.0
2024-06-26 14:00:00+09:00,22250.0,22550.0,22200.0,22400.0,64239,0.0,0.0
2024-06-27 09:00:00+09:00,22100.0,22900.0,21900.0,22500.0,118362,0.0,0.0
2024-06-27 10:00:00+09:00,22500.0,22750.0,22450.0,22500.0,19625,0.0,0.0
2024-06-27 11:00:00+09:00,22550.0,22550.0,22200.0,22400.0,19439,0.0,0.0
2024-06-27 12:00:00+09:00,22350.0,22400.0,22200.0,22300.0,14010,0.0,0.0
2024-06-27 13:00:00+09:00,22300.0,22450.0,22250.0,22300.0,12902,0.0,0.0
2024-06-27 14:00:00+09:00,22250.0,22300.0,22000.0,22100.0,52324,0.0,0.0
2024-06-28 09:00:00+09:00,22150.0,22450.0,22050.0,22200.0,72917,0.0,0.0
2024-06-28 10:00:00+09:00,22200.0,22700.0,22100.0,22600.0,89939,0.0,0.0
2024-06-28 11:00:00+09:00,22650.0,23000.0,22600.0,22950.0,102017,0.0,0.0
2024-06-28 12:00:00+09:00,22950.0,23000.0,22650.0,22700.0,23307,0.0,0.0
2024-06-28 13:00:00+09:00,22750.0,22800.0,22450.0,22450.0,35783,0.0,0.0
2024-06-28 14:00:00+09:00,22500.0,22650.0,22450.0,22550.0,28025,0.0,0.0
2024-07-01 09:00:00+09:00,22850.0,24500.0,22650.0,24250.0,397191,0.0,0.0
2024-07-01 10:00:00+09:00,24300.0,24500.0,24100.0,24250.0,194043,0.0,0.0
2024-07-01 11:00:00+09:00,24250.0,24700.0,24000.0,24500.0,186515,0.0,0.0
2024-07-01 12:00:00+09:00,24500.0,24700.0,24350.0,24400.0,87596,0.0,0.0
2024-07-01 13:00:00+09:00,24450.0,24850.0,24300.0,24550.0,196375,0.0,0.0
2024-07-01 14:00:00+09:00,24500.0,24600.0,24350.0,24450.0,106469,0.0,0.0
2024-07-02 09:00:00+09:00,24250.0,24750.0,23800.0,24150.0,291339,0.0,0.0
2024-07-02 10:00:00+09:00,24100.0,24550.0,23900.0,24350.0,119320,0.0,0.0
2024-07-02 11:00:00+09:00,24350.0,24750.0,24300.0,24550.0,83452,0.0,0.0
2024-07-02 12:00:00+09:00,24550.0,24700.0,24400.0,24450.0,59067,0.0,0.0
2024-07-02 13:00:00+09:00,24500.0,24600.0,24000.0,24100.0,95602,0.0,0.0
2024-07-02 14:00:00+09:00,24050.0,24200.0,23800.0,24000.0,100905,0.0,0.0
2024-07-03 09:00:00+09:00,25000.0,25000.0,22900.0,24250.0,961318,0.0,0.0
2024-07-03 10:00:00+09:00,24250.0,24650.0,24000.0,24100.0,225785,0.0,0.0
2024-07-03 11:00:00+09:00,24150.0,24900.0,24100.0,24750.0,199613,0.0,0.0
2024-07-03 12:00:00+09:00,24750.0,24900.0,24500.0,24800.0,122615,0.0,0.0
2024-07-03 13:00:00+09:00,24750.0,25500.0,24750.0,25150.0,426275,0.0,0.0
2024-07-03 14:00:00+09:00,25150.0,26350.0,24750.0,26300.0,716581,0.0,0.0
2024-07-04 09:00:00+09:00,27200.0,29500.0,27000.0,29150.0,3948845,0.0,0.0
2024-07-04 10:00:00+09:00,29150.0,29450.0,28500.0,29450.0,1206678,0.0,0.0
2024-07-04 11:00:00+09:00,29450.0,29750.0,29050.0,29600.0,1075598,0.0,0.0
2024-07-04 12:00:00+09:00,29650.0,29700.0,28950.0,29550.0,602361,0.0,0.0
2024-07-04 13:00:00+09:00,29550.0,29550.0,28750.0,28900.0,437775,0.0,0.0
2024-07-04 14:00:00+09:00,28900.0,29300.0,28350.0,29150.0,743458,0.0,0.0
2024-07-05 09:00:00+09:00,29400.0,30200.0,28850.0,29900.0,1655344,0.0,0.0
2024-07-05 10:00:00+09:00,29900.0,30500.0,29300.0,30200.0,793043,0.0,0.0
2024-07-05 11:00:00+09:00,30200.0,31000.0,30200.0,30900.0,693618,0.0,0.0
2024-07-05 12:00:00+09:00,30900.0,30950.0,30300.0,30450.0,381765,0.0,0.0
2024-07-05 13:00:00+09:00,30400.0,30500.0,29350.0,29400.0,600787,0.0,0.0
2024-07-05 14:00:00+09:00,29350.0,29800.0,29250.0,29500.0,365269,0.0,0.0
2024-07-08 09:00:00+09:00,30050.0,30150.0,28950.0,29700.0,0,0.0,0.0
2024-07-08 10:00:00+09:00,29700.0,29750.0,29200.0,29550.0,185320,0.0,0.0
2024-07-08 11:00:00+09:00,29500.0,29650.0,29300.0,29600.0,121746,0.0,0.0
2024-07-08 12:00:00+09:00,29550.0,29600.0,29050.0,29150.0,136201,0.0,0.0
2024-07-08 13:00:00+09:00,29100.0,29450.0,28950.0,29000.0,158593,0.0,0.0
2024-07-08 14:00:00+09:00,29000.0,29100.0,28500.0,28950.0,281359,0.0,0.0
2024-07-09 09:00:00+09:00,29550.0,30600.0,29050.0,29200.0,1053405,0.0,0.0
2024-07-09 10:00:00+09:00,29200.0,29550.0,28800.0,28900.0,220792,0.0,0.0
2024-07-09 11:00:00+09:00,28900.0,29200.0,28550.0,28550.0,165386,0.0,0.0
2024-07-09 12:00:00+09:00,28600.0,28650.0,28150.0,28500.0,262274,0.0,0.0
2024-07-09 13:00:00+09:00,28550.0,28900.0,28350.0,28900.0,164689,0.0,0.0
2024-07-09 14:00:00+09:00,28900.0,29050.0,28650.0,28850.0,144470,0.0,0.0
2024-07-10 09:00:00+09:00,28500.0,29200.0,28250.0,28600.0,360996,0.0,0.0
2024-07-10 10:00:00+09:00,28550.0,29300.0,28400.0,28900.0,284065,0.0,0.0
2024-07-10 11:00:00+09:00,28850.0,28900.0,28400.0,28500.0,136145,0.0,0.0
2024-07-10 12:00:00+09:00,28450.0,28850.0,28350.0,28600.0,92348,0.0,0.0
2024-07-10 13:00:00+09:00,28600.0,28700.0,28400.0,28550.0,86703,0.0,0.0
2024-07-10 14:00:00+09:00,28550.0,28600.0,27300.0,27700.0,557683,0.0,0.0
2024-07-11 09:00:00+09:00,27550.0,28150.0,27050.0,27300.0,365169,0.0,0.0
2024-07-11 10:00:00+09:00,27350.0,27450.0,26800.0,26900.0,281940,0.0,0.0
2024-07-11 11:00:00+09:00,26950.0,27100.0,26800.0,26850.0,108500,0.0,0.0
2024-07-11 12:00:00+09:00,26850.0,27100.0,26800.0,26950.0,72946,0.0,0.0
2024-07-11 13:00:00+09:00,26900.0,26950.0,26600.0,26750.0,170247,0.0,0.0
2024-07-11 14:00:00+09:00,26700.0,26750.0,26350.0,26400.0,217150,0.0,0.0
2024-07-12 09:00:00+09:00,26900.0,27450.0,26200.0,26400.0,659665,0.0,0.0
2024-07-12 10:00:00+09:00,26400.0,27150.0,26250.0,27100.0,201511,0.0,0.0
2024-07-12 11:00:00+09:00,27050.0,27500.0,26800.0,26900.0,185585,0.0,0.0
2024-07-12 12:00:00+09:00,26900.0,27400.0,26850.0,27350.0,60599,0.0,0.0
2024-07-12 13:00:00+09:00,27350.0,28050.0,27000.0,27800.0,346483,0.0,0.0
2024-07-12 14:00:00+09:00,27800.0,28350.0,27450.0,27800.0,495354,0.0,0.0
