Datetime,Open,High,Low,Close,Volume,Dividends,Stock Splits
2024-09-26 09:30:00-04:00,112.30999755859375,112.58000183105469,112.2249984741211,112.28890228271484,124412,0.0,0.0
2024-09-26 09:35:00-04:00,112.30000305175781,112.72000122070312,112.28500366210938,112.6500015258789,30911,0.0,0.0
2024-09-26 09:40:00-04:00,112.6500015258789,112.77999877929688,112.45500183105469,112.62999725341797,25563,0.0,0.0
2024-09-26 09:45:00-04:00,112.58999633789062,112.86000061035156,112.55999755859375,112.79499816894531,22893,0.0,0.0
2024-09-26 09:50:00-04:00,112.69999694824219,112.72000122070312,112.4634017944336,112.56500244140625,57657,0.0,0.0
2024-09-26 09:55:00-04:00,112.5999984741211,112.6050033569336,112.48500061035156,112.56999969482422,26704,0.0,0.0
2024-09-26 10:00:00-04:00,112.55999755859375,112.93000030517578,112.55999755859375,112.72000122070312,23390,0.0,0.0
2024-09-26 10:05:00-04:00,112.75,112.76000213623047,112.26000213623047,112.26000213623047,55396,0.0,0.0
2024-09-26 10:10:00-04:00,112.2300033569336,112.3499984741211,112.12999725341797,112.13999938964844,100898,0.0,0.0
2024-09-26 10:15:00-04:00,112.16000366210938,112.37999725341797,112.12000274658203,112.26000213623047,58217,0.0,0.0
2024-09-26 10:20:00-04:00,112.2782974243164,112.36000061035156,112.0999984741211,112.18000030517578,42496,0.0,0.0
2024-09-26 10:25:00-04:00,112.16000366210938,112.3499984741211,112.0999984741211,112.25499725341797,37791,0.0,0.0
2024-09-26 10:30:00-04:00,112.25,112.38999938964844,112.19000244140625,112.25499725341797,44147,0.0,0.0
2024-09-26 10:35:00-04:00,112.2300033569336,112.47000122070312,112.20999908447266,112.44000244140625,43322,0.0,0.0
2024-09-26 10:40:00-04:00,112.43499755859375,112.66000366210938,112.36000061035156,112.46829986572266,25297,0.0,0.0
2024-09-26 10:45:00-04:00,112.49500274658203,112.63999938964844,112.45500183105469,112.5770034790039,22491,0.0,0.0
2024-09-26 10:50:00-04:00,112.58999633789062,112.7699966430664,112.50199890136719,112.73999786376953,28887,0.0,0.0
2024-09-26 10:55:00-04:00,112.75499725341797,112.83000183105469,112.64869689941406,112.80500030517578,30979,0.0,0.0
2024-09-26 11:00:00-04:00,112.81999969482422,112.87999725341797,112.66000366210938,112.66000366210938,42848,0.0,0.0
2024-09-26 11:05:00-04:00,112.6500015258789,112.66999816894531,112.55999755859375,112.62000274658203,27507,0.0,0.0
2024-09-26 11:10:00-04:00,112.62000274658203,112.62999725341797,112.51000213623047,112.55000305175781,24983,0.0,0.0
2024-09-26 11:15:00-04:00,112.5,112.5999984741211,112.44000244140625,112.54499816894531,20977,0.0,0.0
2024-09-26 11:20:00-04:00,112.55999755859375,112.57499694824219,112.30000305175781,112.5,40289,0.0,0.0
2024-09-26 11:25:00-04:00,112.5,112.62000274658203,112.45999908447266,112.45999908447266,34805,0.0,0.0
2024-09-26 11:30:00-04:00,112.47000122070312,112.55000305175781,112.33000183105469,112.37000274658203,43554,0.0,0.0
2024-09-26 11:35:00-04:00,112.3499984741211,112.4999008178711,112.33000183105469,112.4999008178711,30187,0.0,0.0
2024-09-26 11:40:00-04:00,112.51390075683594,112.5199966430664,112.37000274658203,112.4000015258789,29527,0.0,0.0
2024-09-26 11:45:00-04:00,112.41000366210938,112.41000366210938,112.22740173339844,112.2300033569336,30571,0.0,0.0
2024-09-26 11:50:00-04:00,112.2249984741211,112.375,112.2249984741211,112.30000305175781,22816,0.0,0.0
2024-09-26 11:55:00-04:00,112.30000305175781,112.375,112.29000091552734,112.375,14265,0.0,0.0
2024-09-26 12:00:00-04:00,112.36000061035156,112.42500305175781,112.33000183105469,112.33999633789062,25224,0.0,0.0
2024-09-26 12:05:00-04:00,112.36000061035156,112.45339965820312,112.30999755859375,112.44999694824219,20537,0.0,0.0
2024-09-26 12:10:00-04:00,112.44999694824219,112.4800033569336,112.36000061035156,112.37000274658203,19995,0.0,0.0
2024-09-26 12:15:00-04:00,112.3499984741211,112.43000030517578,112.33499908447266,112.43000030517578,17847,0.0,0.0
2024-09-26 12:20:00-04:00,112.42500305175781,112.4800033569336,112.41339874267578,112.41999816894531,16114,0.0,0.0
2024-09-26 12:25:00-04:00,112.41999816894531,112.41999816894531,112.30000305175781,112.30999755859375,12898,0.0,0.0
2024-09-26 12:30:00-04:00,112.30000305175781,112.36499786376953,112.27999877929688,112.36499786376953,18410,0.0,0.0
2024-09-26 12:35:00-04:00,112.36499786376953,112.37999725341797,112.29000091552734,112.33999633789062,18825,0.0,0.0
2024-09-26 12:40:00-04:00,112.33000183105469,112.43000030517578,112.33000183105469,112.37999725341797,16181,0.0,0.0
2024-09-26 12:45:00-04:00,112.37000274658203,112.38999938964844,112.30999755859375,112.33999633789062,11646,0.0,0.0
2024-09-26 12:50:00-04:00,112.33999633789062,112.37999725341797,112.29000091552734,112.37999725341797,11645,0.0,0.0
2024-09-26 12:55:00-04:00,112.4000015258789,112.4280014038086,112.35299682617188,112.37999725341797,17196,0.0,0.0
2024-09-26 13:00:00-04:00,112.37999725341797,112.52999877929688,112.37999725341797,112.48999786376953,13944,0.0,0.0
2024-09-26 13:05:00-04:00,112.48999786376953,112.54000091552734,112.47000122070312,112.51000213623047,11683,0.0,0.0
2024-09-26 13:10:00-04:00,112.5,112.51499938964844,112.43000030517578,112.48999786376953,15036,0.0,0.0
2024-09-26 13:15:00-04:00,112.50050354003906,112.58999633789062,112.50050354003906,112.58000183105469,17580,0.0,0.0
2024-09-26 13:20:00-04:00,112.58999633789062,112.61000061035156,112.55000305175781,112.55000305175781,20987,0.0,0.0
2024-09-26 13:25:00-04:00,112.55999755859375,112.61000061035156,112.54499816894531,112.61000061035156,22164,0.0,0.0
2024-09-26 13:30:00-04:00,112.5999984741211,112.66100311279297,112.5999984741211,112.62000274658203,18593,0.0,0.0
2024-09-26 13:35:00-04:00,112.5999984741211,112.62999725341797,112.44000244140625,112.44999694824219,31017,0.0,0.0
2024-09-26 13:40:00-04:00,112.44000244140625,112.4800033569336,112.41000366210938,112.43000030517578,26846,0.0,0.0
2024-09-26 13:45:00-04:00,112.43000030517578,112.44999694824219,112.37999725341797,112.37999725341797,21778,0.0,0.0
2024-09-26 13:50:00-04:00,112.38999938964844,112.38999938964844,112.27999877929688,112.31999969482422,24793,0.0,0.0
2024-09-26 13:55:00-04:00,112.33999633789062,112.33999633789062,112.26000213623047,112.27999877929688,19159,0.0,0.0
2024-09-26 14:00:00-04:00,112.27999877929688,112.38999938964844,112.27999877929688,112.37000274658203,19006,0.0,0.0
2024-09-26 14:05:00-04:00,112.38999938964844,112.44000244140625,112.36000061035156,112.43000030517578,22554,0.0,0.0
2024-09-26 14:10:00-04:00,112.41999816894531,112.45999908447266,112.38480377197266,112.43000030517578,22155,0.0,0.0
2024-09-26 14:15:00-04:00,112.44000244140625,112.50199890136719,112.43000030517578,112.44000244140625,19125,0.0,0.0
2024-09-26 14:20:00-04:00,112.44999694824219,112.47000122070312,112.41999816894531,112.44999694824219,17233,0.0,0.0
2024-09-26 14:25:00-04:00,112.44000244140625,112.4800033569336,112.41000366210938,112.44000244140625,20200,0.0,0.0
2024-09-26 14:30:00-04:00,112.42500305175781,112.5199966430664,112.41500091552734,112.51000213623047,24467,0.0,0.0
2024-09-26 14:35:00-04:00,112.5,112.55999755859375,112.48999786376953,112.54000091552734,22294,0.0,0.0
2024-09-26 14:40:00-04:00,112.52999877929688,112.58920288085938,112.5199966430664,112.58920288085938,16776,0.0,0.0
2024-09-26 14:45:00-04:00,112.58499908447266,112.58499908447266,112.48999786376953,112.51000213623047,16130,0.0,0.0
2024-09-26 14:50:00-04:00,112.51000213623047,112.51000213623047,112.44999694824219,112.5,21474,0.0,0.0
2024-09-26 14:55:00-04:00,112.48999786376953,112.52999877929688,112.43250274658203,112.52999877929688,26140,0.0,0.0
2024-09-26 15:00:00-04:00,112.52999877929688,112.56999969482422,112.37000274658203,112.3949966430664,65550,0.0,0.0
2024-09-26 15:05:00-04:00,112.3949966430664,112.48999786376953,112.33499908447266,112.45999908447266,32704,0.0,0.0
2024-09-26 15:10:00-04:00,112.47000122070312,112.5999984741211,112.45500183105469,112.5999984741211,42033,0.0,0.0
2024-09-26 15:15:00-04:00,112.5999984741211,112.62999725341797,112.55999755859375,112.56990051269531,45702,0.0,0.0
2024-09-26 15:20:00-04:00,112.56500244140625,112.58000183105469,112.52999877929688,112.55000305175781,33037,0.0,0.0
2024-09-26 15:25:00-04:00,112.54499816894531,112.54499816894531,112.45999908447266,112.54000091552734,47433,0.0,0.0
2024-09-26 15:30:00-04:00,112.52999877929688,112.54499816894531,112.48899841308594,112.52999877929688,36416,0.0,0.0
2024-09-26 15:35:00-04:00,112.5199966430664,112.62999725341797,112.48999786376953,112.58999633789062,45702,0.0,0.0
2024-09-26 15:40:00-04:00,112.59500122070312,112.61000061035156,112.5250015258789,112.59500122070312,47038,0.0,0.0
2024-09-26 15:45:00-04:00,112.5999984741211,112.7300033569336,112.56999969482422,112.7300033569336,50874,0.0,0.0
2024-09-26 15:50:00-04:00,112.73999786376953,112.81999969482422,112.73500061035156,112.81999969482422,72364,0.0,0.0
2024-09-26 15:55:00-04:00,112.83000183105469,112.83000183105469,112.68000030517578,112.69000244140625,247506,0.0,0.0
2024-09-27 09:30:00-04:00,112.93000030517578,113.16000366210938,112.7300033569336,112.9800033569336,133224,0.0,0.0
2024-09-27 09:35:00-04:00,112.9749984741211,113.20899963378906,112.9749984741211,113.05000305175781,26048,0.0,0.0
2024-09-27 09:40:00-04:00,113.05999755859375,113.33989715576172,113.02999877929688,113.33989715576172,19992,0.0,0.0
2024-09-27 09:45:00-04:00,113.37000274658203,113.37999725341797,113.0999984741211,113.0999984741211,24855,0.0,0.0
2024-09-27 09:50:00-04:00,113.01499938964844,113.04000091552734,112.83000183105469,112.91999816894531,30922,0.0,0.0
2024-09-27 09:55:00-04:00,112.92500305175781,113.22000122070312,112.8949966430664,113.13999938964844,13149,0.0,0.0
2024-09-27 10:00:00-04:00,113.08000183105469,113.25,113.05000305175781,113.13999938964844,64103,0.0,0.0
2024-09-27 10:05:00-04:00,113.13999938964844,113.25,113.03009796142578,113.19000244140625,31796,0.0,0.0
2024-09-27 10:10:00-04:00,113.19000244140625,113.30000305175781,113.1500015258789,113.19499969482422,17857,0.0,0.0
2024-09-27 10:15:00-04:00,113.16999816894531,113.33999633789062,113.16000366210938,113.29000091552734,27149,0.0,0.0
2024-09-27 10:20:00-04:00,113.27999877929688,113.29000091552734,113.06999969482422,113.19000244140625,22595,0.0,0.0
2024-09-27 10:25:00-04:00,113.20999908447266,113.26000213623047,113.16000366210938,113.16000366210938,19387,0.0,0.0
2024-09-27 10:30:00-04:00,113.18000030517578,113.23999786376953,113.13999938964844,113.23999786376953,24279,0.0,0.0
2024-09-27 10:35:00-04:00,113.23500061035156,113.24849700927734,112.97360229492188,112.97360229492188,25171,0.0,0.0
2024-09-27 10:40:00-04:00,112.9749984741211,112.9749984741211,112.77999877929688,112.77999877929688,19103,0.0,0.0
2024-09-27 10:45:00-04:00,112.76000213623047,112.79000091552734,112.70999908447266,112.76499938964844,26674,0.0,0.0
2024-09-27 10:50:00-04:00,112.76000213623047,112.95230102539062,112.76000213623047,112.8949966430664,25182,0.0,0.0
2024-09-27 10:55:00-04:00,112.9000015258789,113.08989715576172,112.87999725341797,113.0199966430664,20602,0.0,0.0
2024-09-27 11:00:00-04:00,113.02999877929688,113.16000366210938,113.0,113.1500015258789,26098,0.0,0.0
2024-09-27 11:05:00-04:00,113.13999938964844,113.1500015258789,113.02999877929688,113.05999755859375,24969,0.0,0.0
2024-09-27 11:10:00-04:00,113.05999755859375,113.12999725341797,113.0199966430664,113.03500366210938,28458,0.0,0.0
2024-09-27 11:15:00-04:00,113.0199966430664,113.1500015258789,113.01000213623047,113.09339904785156,29239,0.0,0.0
2024-09-27 11:20:00-04:00,113.06999969482422,113.19999694824219,113.05999755859375,113.19499969482422,22338,0.0,0.0
2024-09-27 11:25:00-04:00,113.19000244140625,113.20999908447266,113.0199966430664,113.11000061035156,31330,0.0,0.0
2024-09-27 11:30:00-04:00,113.12000274658203,113.12999725341797,113.0,113.08999633789062,34073,0.0,0.0
2024-09-27 11:35:00-04:00,113.06999969482422,113.13500213623047,113.02999877929688,113.02999877929688,15680,0.0,0.0
2024-09-27 11:40:00-04:00,113.0199966430664,113.03500366210938,112.88999938964844,112.91999816894531,31862,0.0,0.0
2024-09-27 11:45:00-04:00,112.91000366210938,113.00879669189453,112.88999938964844,112.93000030517578,39899,0.0,0.0
2024-09-27 11:50:00-04:00,112.91000366210938,113.0,112.88369750976562,112.88999938964844,17591,0.0,0.0
2024-09-27 11:55:00-04:00,112.87999725341797,112.87999725341797,112.7300033569336,112.75499725341797,17073,0.0,0.0
2024-09-27 12:00:00-04:00,112.75,112.80000305175781,112.67500305175781,112.72000122070312,19047,0.0,0.0
2024-09-27 12:05:00-04:00,112.70999908447266,112.73999786376953,112.62999725341797,112.62999725341797,19519,0.0,0.0
2024-09-27 12:10:00-04:00,112.66999816894531,112.77999877929688,112.66999816894531,112.72000122070312,13895,0.0,0.0
2024-09-27 12:15:00-04:00,112.72000122070312,112.81500244140625,112.6500015258789,112.6500015258789,18344,0.0,0.0
2024-09-27 12:20:00-04:00,112.66000366210938,112.66000366210938,112.56500244140625,112.58000183105469,17398,0.0,0.0
2024-09-27 12:25:00-04:00,112.5999984741211,112.62000274658203,112.5199966430664,112.52999877929688,13678,0.0,0.0
2024-09-27 12:30:00-04:00,112.5199966430664,112.55424499511719,112.48500061035156,112.49500274658203,27436,0.0,0.0
2024-09-27 12:35:00-04:00,112.50240325927734,112.5999984741211,112.48999786376953,112.58999633789062,15891,0.0,0.0
2024-09-27 12:40:00-04:00,112.56999969482422,112.58999633789062,112.5199966430664,112.55999755859375,21452,0.0,0.0
2024-09-27 12:45:00-04:00,112.55999755859375,112.59020233154297,112.52999877929688,112.52999877929688,22192,0.0,0.0
2024-09-27 12:50:00-04:00,112.54000091552734,112.54000091552734,112.4000015258789,112.41500091552734,13771,0.0,0.0
2024-09-27 12:55:00-04:00,112.43000030517578,112.52999877929688,112.43000030517578,112.4800033569336,21579,0.0,0.0
2024-09-27 13:00:00-04:00,112.48999786376953,112.56999969482422,112.48699951171875,112.52999877929688,15098,0.0,0.0
2024-09-27 13:05:00-04:00,112.53369903564453,112.53369903564453,112.4000015258789,112.41000366210938,11747,0.0,0.0
2024-09-27 13:10:00-04:00,112.41999816894531,112.45999908447266,112.37000274658203,112.44999694824219,14541,0.0,0.0
2024-09-27 13:15:00-04:00,112.45500183105469,112.4800033569336,112.38999938964844,112.45999908447266,27259,0.0,0.0
2024-09-27 13:20:00-04:00,112.45999908447266,112.5010986328125,112.44000244140625,112.44000244140625,17224,0.0,0.0
2024-09-27 13:25:00-04:00,112.43000030517578,112.5,112.43000030517578,112.47989654541016,18719,0.0,0.0
2024-09-27 13:30:00-04:00,112.48999786376953,112.51000213623047,112.43000030517578,112.45999908447266,17625,0.0,0.0
2024-09-27 13:35:00-04:00,112.44999694824219,112.49500274658203,112.4000015258789,112.49500274658203,22829,0.0,0.0
2024-09-27 13:40:00-04:00,112.48500061035156,112.55500030517578,112.41000366210938,112.52010345458984,46049,0.0,0.0
2024-09-27 13:45:00-04:00,112.52999877929688,112.62000274658203,112.5,112.58000183105469,15179,0.0,0.0
2024-09-27 13:50:00-04:00,112.55000305175781,112.56999969482422,112.5,112.50479888916016,16381,0.0,0.0
2024-09-27 13:55:00-04:00,112.51499938964844,112.5199966430664,112.44000244140625,112.44999694824219,16941,0.0,0.0
2024-09-27 14:00:00-04:00,112.44999694824219,112.55000305175781,112.44000244140625,112.52279663085938,22095,0.0,0.0
2024-09-27 14:05:00-04:00,112.52999877929688,112.54000091552734,112.44999694824219,112.5,15390,0.0,0.0
2024-09-27 14:10:00-04:00,112.48999786376953,112.55999755859375,112.47000122070312,112.47000122070312,13589,0.0,0.0
2024-09-27 14:15:00-04:00,112.4800033569336,112.52999877929688,112.47000122070312,112.5,14744,0.0,0.0
2024-09-27 14:20:00-04:00,112.49320220947266,112.54000091552734,112.49320220947266,112.51840209960938,13143,0.0,0.0
2024-09-27 14:25:00-04:00,112.5199966430664,112.58000183105469,112.4800033569336,112.56999969482422,23194,0.0,0.0
2024-09-27 14:30:00-04:00,112.58000183105469,112.58999633789062,112.44999694824219,112.45999908447266,18689,0.0,0.0
2024-09-27 14:35:00-04:00,112.44999694824219,112.47000122070312,112.4000015258789,112.41000366210938,21806,0.0,0.0
2024-09-27 14:40:00-04:00,112.41419982910156,112.44000244140625,112.31999969482422,112.4000015258789,16103,0.0,0.0
2024-09-27 14:45:00-04:00,112.41000366210938,112.48999786376953,112.41000366210938,112.44999694824219,18492,0.0,0.0
2024-09-27 14:50:00-04:00,112.45500183105469,112.4800033569336,112.4000015258789,112.41999816894531,19584,0.0,0.0
2024-09-27 14:55:00-04:00,112.42500305175781,112.51000213623047,112.42130279541016,112.51000213623047,24276,0.0,0.0
2024-09-27 15:00:00-04:00,112.48999786376953,112.56999969482422,112.48999786376953,112.52999877929688,17991,0.0,0.0
2024-09-27 15:05:00-04:00,112.54000091552734,112.54000091552734,112.43000030517578,112.43499755859375,19528,0.0,0.0
2024-09-27 15:10:00-04:00,112.44000244140625,112.47000122070312,112.4000015258789,112.40760040283203,20340,0.0,0.0
2024-09-27 15:15:00-04:00,112.43000030517578,112.47000122070312,112.4000015258789,112.43499755859375,31575,0.0,0.0
2024-09-27 15:20:00-04:00,112.45999908447266,112.4800033569336,112.40499877929688,112.41999816894531,21637,0.0,0.0
2024-09-27 15:25:00-04:00,112.41999816894531,112.47000122070312,112.37000274658203,112.37000274658203,29508,0.0,0.0
2024-09-27 15:30:00-04:00,112.37000274658203,112.4800033569336,112.36000061035156,112.4800033569336,42324,0.0,0.0
2024-09-27 15:35:00-04:00,112.4800033569336,112.54000091552734,112.44000244140625,112.44000244140625,32807,0.0,0.0
2024-09-27 15:40:00-04:00,112.44000244140625,112.44000244140625,112.33000183105469,112.34500122070312,43118,0.0,0.0
2024-09-27 15:45:00-04:00,112.3499984741211,112.43000030517578,112.31999969482422,112.37999725341797,49112,0.0,0.0
2024-09-27 15:50:00-04:00,112.37000274658203,112.55000305175781,112.36000061035156,112.41000366210938,80931,0.0,0.0
2024-09-27 15:55:00-04:00,112.41500091552734,112.58000183105469,112.4000015258789,112.41000366210938,264450,0.0,0.0
2024-09-30 09:30:00-04:00,112.56999969482422,112.83999633789062,112.3499984741211,112.5199966430664,108039,0.0,0.0
2024-09-30 09:35:00-04:00,112.49649810791016,112.61000061035156,112.3499984741211,112.37999725341797,34046,0.0,0.0
2024-09-30 09:40:00-04:00,112.37999725341797,112.65499877929688,112.375,112.5999984741211,42239,0.0,0.0
2024-09-30 09:45:00-04:00,112.55999755859375,112.62000274658203,112.48999786376953,112.56909942626953,30219,0.0,0.0
2024-09-30 09:50:00-04:00,112.58999633789062,112.5999984741211,112.4800033569336,112.58000183105469,40219,0.0,0.0
2024-09-30 09:55:00-04:00,112.59500122070312,112.9000015258789,112.56999969482422,112.8936996459961,75114,0.0,0.0
2024-09-30 10:00:00-04:00,112.8550033569336,112.9000015258789,112.76000213623047,112.80999755859375,32528,0.0,0.0
2024-09-30 10:05:00-04:00,112.80999755859375,112.9749984741211,112.80999755859375,112.87999725341797,28447,0.0,0.0
2024-09-30 10:10:00-04:00,112.86499786376953,112.91500091552734,112.76000213623047,112.86000061035156,22443,0.0,0.0
2024-09-30 10:15:00-04:00,112.875,112.94000244140625,112.75,112.75,38041,0.0,0.0
2024-09-30 10:20:00-04:00,112.76000213623047,112.77999877929688,112.58000183105469,112.63999938964844,57019,0.0,0.0
2024-09-30 10:25:00-04:00,112.6500015258789,112.81500244140625,112.6500015258789,112.77999877929688,27941,0.0,0.0
2024-09-30 10:30:00-04:00,112.77999877929688,112.77999877929688,112.66999816894531,112.66999816894531,24353,0.0,0.0
2024-09-30 10:35:00-04:00,112.66000366210938,112.66000366210938,112.51000213623047,112.51000213623047,45768,0.0,0.0
2024-09-30 10:40:00-04:00,112.56999969482422,112.56999969482422,112.40249633789062,112.41999816894531,55580,0.0,0.0
2024-09-30 10:45:00-04:00,112.45999908447266,112.54000091552734,112.44999694824219,112.47450256347656,21010,0.0,0.0
2024-09-30 10:50:00-04:00,112.4749984741211,112.54000091552734,112.4749984741211,112.52999877929688,17304,0.0,0.0
2024-09-30 10:55:00-04:00,112.53500366210938,112.66999816894531,112.52999877929688,112.58999633789062,32356,0.0,0.0
2024-09-30 11:00:00-04:00,112.58999633789062,112.63999938964844,112.43000030517578,112.44999694824219,49578,0.0,0.0
2024-09-30 11:05:00-04:00,112.427001953125,112.45500183105469,112.37000274658203,112.4000015258789,17335,0.0,0.0
2024-09-30 11:10:00-04:00,112.43000030517578,112.44499969482422,112.0999984741211,112.17500305175781,73812,0.0,0.0
2024-09-30 11:15:00-04:00,112.18499755859375,112.30000305175781,112.13999938964844,112.23999786376953,44651,0.0,0.0
2024-09-30 11:20:00-04:00,112.24500274658203,112.45999908447266,112.24500274658203,112.44000244140625,124134,0.0,0.0
2024-09-30 11:25:00-04:00,112.45500183105469,112.47000122070312,112.19499969482422,112.23999786376953,43115,0.0,0.0
2024-09-30 11:30:00-04:00,112.29000091552734,112.33999633789062,112.22029876708984,112.33000183105469,35606,0.0,0.0
2024-09-30 11:35:00-04:00,112.31999969482422,112.31999969482422,112.19999694824219,112.29000091552734,26483,0.0,0.0
2024-09-30 11:40:00-04:00,112.27300262451172,112.31999969482422,112.25,112.29000091552734,16497,0.0,0.0
2024-09-30 11:45:00-04:00,112.3010025024414,112.3010025024414,112.22000122070312,112.23999786376953,22487,0.0,0.0
2024-09-30 11:50:00-04:00,112.25,112.31999969482422,112.22000122070312,112.30999755859375,20487,0.0,0.0
2024-09-30 11:55:00-04:00,112.32499694824219,112.45999908447266,112.32499694824219,112.44000244140625,13891,0.0,0.0
2024-09-30 12:00:00-04:00,112.45999908447266,112.47000122070312,112.38999938964844,112.43000030517578,15361,0.0,0.0
2024-09-30 12:05:00-04:00,112.43499755859375,112.5999984741211,112.43000030517578,112.55999755859375,21122,0.0,0.0
2024-09-30 12:10:00-04:00,112.55999755859375,112.57499694824219,112.5,112.5199966430664,14956,0.0,0.0
2024-09-30 12:15:00-04:00,112.51000213623047,112.51000213623047,112.42009735107422,112.45999908447266,12809,0.0,0.0
2024-09-30 12:20:00-04:00,112.48799896240234,112.58000183105469,112.47000122070312,112.58000183105469,10282,0.0,0.0
2024-09-30 12:25:00-04:00,112.5999984741211,112.61000061035156,112.54219818115234,112.59459686279297,13181,0.0,0.0
2024-09-30 12:30:00-04:00,112.58999633789062,112.58999633789062,112.52999877929688,112.52999877929688,13445,0.0,0.0
2024-09-30 12:35:00-04:00,112.54000091552734,112.66000366210938,112.52999877929688,112.66000366210938,20227,0.0,0.0
2024-09-30 12:40:00-04:00,112.63999938964844,112.66000366210938,112.55000305175781,112.57499694824219,17438,0.0,0.0
2024-09-30 12:45:00-04:00,112.57720184326172,112.58000183105469,112.45999908447266,112.45999908447266,13372,0.0,0.0
2024-09-30 12:50:00-04:00,112.4800033569336,112.54000091552734,112.44000244140625,112.51499938964844,12398,0.0,0.0
2024-09-30 12:55:00-04:00,112.5199966430664,112.55000305175781,112.49500274658203,112.54000091552734,12211,0.0,0.0
2024-09-30 13:00:00-04:00,112.52999877929688,112.52999877929688,112.41000366210938,112.45999908447266,12503,0.0,0.0
2024-09-30 13:05:00-04:00,112.48999786376953,112.55000305175781,112.44999694824219,112.55000305175781,9690,0.0,0.0
2024-09-30 13:10:00-04:00,112.55069732666016,112.55069732666016,112.41999816894531,112.43000030517578,23880,0.0,0.0
2024-09-30 13:15:00-04:00,112.43000030517578,112.5,112.43000030517578,112.45999908447266,11199,0.0,0.0
2024-09-30 13:20:00-04:00,112.44999694824219,112.5,112.44000244140625,112.48999786376953,10898,0.0,0.0
2024-09-30 13:25:00-04:00,112.48999786376953,112.5,112.4530029296875,112.46710205078125,10055,0.0,0.0
2024-09-30 13:30:00-04:00,112.45079803466797,112.58989715576172,112.44000244140625,112.55000305175781,18249,0.0,0.0
2024-09-30 13:35:00-04:00,112.5593032836914,112.66100311279297,112.5593032836914,112.66100311279297,28503,0.0,0.0
2024-09-30 13:40:00-04:00,112.69999694824219,112.70500183105469,112.66999816894531,112.69999694824219,18995,0.0,0.0
2024-09-30 13:45:00-04:00,112.70999908447266,112.73500061035156,112.65160369873047,112.65160369873047,22148,0.0,0.0
2024-09-30 13:50:00-04:00,112.66999816894531,112.68000030517578,112.56999969482422,112.56999969482422,30051,0.0,0.0
2024-09-30 13:55:00-04:00,112.5999984741211,112.7699966430664,112.58999633789062,112.74500274658203,36384,0.0,0.0
2024-09-30 14:00:00-04:00,112.73999786376953,112.75,112.69499969482422,112.73500061035156,26264,0.0,0.0
2024-09-30 14:05:00-04:00,112.7300033569336,112.79000091552734,112.7249984741211,112.79000091552734,23229,0.0,0.0
2024-09-30 14:10:00-04:00,112.80000305175781,112.82499694824219,112.79000091552734,112.80999755859375,25162,0.0,0.0
2024-09-30 14:15:00-04:00,112.79000091552734,112.86000061035156,112.71499633789062,112.7300033569336,37136,0.0,0.0
2024-09-30 14:20:00-04:00,112.7249984741211,112.78260040283203,112.66000366210938,112.70999908447266,32430,0.0,0.0
2024-09-30 14:25:00-04:00,112.70999908447266,112.83999633789062,112.66000366210938,112.81999969482422,31754,0.0,0.0
2024-09-30 14:30:00-04:00,112.83000183105469,112.95999908447266,112.70999908447266,112.87999725341797,38173,0.0,0.0
2024-09-30 14:35:00-04:00,112.875,112.95999908447266,112.87000274658203,112.91000366210938,27589,0.0,0.0
2024-09-30 14:40:00-04:00,112.91000366210938,112.98999786376953,112.90499877929688,112.96649932861328,30682,0.0,0.0
2024-09-30 14:45:00-04:00,112.97000122070312,113.06999969482422,112.95999908447266,113.04000091552734,38771,0.0,0.0
2024-09-30 14:50:00-04:00,113.05000305175781,113.11000061035156,113.0,113.0999984741211,34690,0.0,0.0
2024-09-30 14:55:00-04:00,113.1050033569336,113.125,113.06500244140625,113.06500244140625,25985,0.0,0.0
2024-09-30 15:00:00-04:00,113.06500244140625,113.07499694824219,113.01000213623047,113.05500030517578,27609,0.0,0.0
2024-09-30 15:05:00-04:00,113.05500030517578,113.16999816894531,113.05000305175781,113.1449966430664,22264,0.0,0.0
2024-09-30 15:10:00-04:00,113.13999938964844,113.16999816894531,113.12000274658203,113.12000274658203,28014,0.0,0.0
2024-09-30 15:15:00-04:00,113.11000061035156,113.23999786376953,113.11000061035156,113.23500061035156,36511,0.0,0.0
2024-09-30 15:20:00-04:00,113.24500274658203,113.31999969482422,113.22000122070312,113.30139923095703,39704,0.0,0.0
2024-09-30 15:25:00-04:00,113.31999969482422,113.33999633789062,113.22000122070312,113.2300033569336,51921,0.0,0.0
2024-09-30 15:30:00-04:00,113.22000122070312,113.36000061035156,113.22000122070312,113.36000061035156,28628,0.0,0.0
2024-09-30 15:35:00-04:00,113.36000061035156,113.5999984741211,113.36000061035156,113.55999755859375,109878,0.0,0.0
2024-09-30 15:40:00-04:00,113.55999755859375,113.69000244140625,113.55000305175781,113.66000366210938,50941,0.0,0.0
2024-09-30 15:45:00-04:00,113.68000030517578,113.83000183105469,113.66999816894531,113.70999908447266,72970,0.0,0.0
2024-09-30 15:50:00-04:00,113.69999694824219,113.93499755859375,113.61000061035156,113.91000366210938,192252,0.0,0.0
2024-09-30 15:55:00-04:00,113.91999816894531,114.08999633789062,113.87000274658203,114.0,585802,0.0,0.0
2024-10-01 09:30:00-04:00,114.20999908447266,114.22000122070312,113.19000244140625,113.27999877929688,102451,0.0,0.0
2024-10-01 09:35:00-04:00,113.25,113.38999938964844,112.95999908447266,113.36499786376953,71132,0.0,0.0
2024-10-01 09:40:00-04:00,113.41999816894531,113.42500305175781,113.08999633789062,113.0999984741211,31024,0.0,0.0
2024-10-01 09:45:00-04:00,113.1343994140625,113.1343994140625,112.80000305175781,113.01000213623047,43147,0.0,0.0
2024-10-01 09:50:00-04:00,112.96499633789062,113.23999786376953,112.93000030517578,113.12999725341797,68093,0.0,0.0
2024-10-01 09:55:00-04:00,113.13500213623047,113.23999786376953,113.04000091552734,113.23999786376953,44453,0.0,0.0
2024-10-01 10:00:00-04:00,113.2300033569336,113.44000244140625,113.16000366210938,113.19999694824219,73189,0.0,0.0
2024-10-01 10:05:00-04:00,113.21499633789062,113.21499633789062,113.04789733886719,113.17500305175781,71144,0.0,0.0
2024-10-01 10:10:00-04:00,113.16999816894531,113.58999633789062,113.11499786376953,113.5250015258789,35016,0.0,0.0
2024-10-01 10:15:00-04:00,113.5199966430664,113.77999877929688,113.51000213623047,113.77999877929688,24925,0.0,0.0
2024-10-01 10:20:00-04:00,113.79170227050781,113.87000274658203,113.6500015258789,113.72830200195312,40232,0.0,0.0
2024-10-01 10:25:00-04:00,113.74500274658203,113.76000213623047,113.4800033569336,113.72000122070312,34868,0.0,0.0
2024-10-01 10:30:00-04:00,113.69999694824219,113.88999938964844,113.69000244140625,113.8499984741211,28395,0.0,0.0
2024-10-01 10:35:00-04:00,113.8550033569336,113.98999786376953,113.8550033569336,113.94999694824219,23281,0.0,0.0
2024-10-01 10:40:00-04:00,113.9800033569336,113.9800033569336,113.71283721923828,113.75,27916,0.0,0.0
2024-10-01 10:45:00-04:00,113.76000213623047,113.81999969482422,113.61499786376953,113.6500015258789,15140,0.0,0.0
2024-10-01 10:50:00-04:00,113.6449966430664,113.70500183105469,113.62000274658203,113.62000274658203,12021,0.0,0.0
2024-10-01 10:55:00-04:00,113.66999816894531,113.75,113.63999938964844,113.69200134277344,16098,0.0,0.0
2024-10-01 11:00:00-04:00,113.68620300292969,113.68620300292969,113.5199966430664,113.58499908447266,17905,0.0,0.0
2024-10-01 11:05:00-04:00,113.56999969482422,113.72000122070312,113.55999755859375,113.5999984741211,15396,0.0,0.0
2024-10-01 11:10:00-04:00,113.62000274658203,113.70999908447266,113.61000061035156,113.66999816894531,16822,0.0,0.0
2024-10-01 11:15:00-04:00,113.63999938964844,113.69999694824219,113.61000061035156,113.69499969482422,15745,0.0,0.0
2024-10-01 11:20:00-04:00,113.70999908447266,113.87999725341797,113.69999694824219,113.8499984741211,25190,0.0,0.0
2024-10-01 11:25:00-04:00,113.87000274658203,113.91999816894531,113.79499816894531,113.87999725341797,29923,0.0,0.0
2024-10-01 11:30:00-04:00,113.8949966430664,113.98999786376953,113.88999938964844,113.91999816894531,21254,0.0,0.0
2024-10-01 11:35:00-04:00,113.93000030517578,113.93000030517578,113.75499725341797,113.83999633789062,16468,0.0,0.0
2024-10-01 11:40:00-04:00,113.86009979248047,113.93000030517578,113.81999969482422,113.82499694824219,14720,0.0,0.0
2024-10-01 11:45:00-04:00,113.80999755859375,113.87000274658203,113.77999877929688,113.82499694824219,24837,0.0,0.0
2024-10-01 11:50:00-04:00,113.84500122070312,113.9000015258789,113.80999755859375,113.88999938964844,16494,0.0,0.0
2024-10-01 11:55:00-04:00,113.92500305175781,113.97460174560547,113.88999938964844,113.8949966430664,10495,0.0,0.0
2024-10-01 12:00:00-04:00,113.9000015258789,113.91999816894531,113.83000183105469,113.91000366210938,17240,0.0,0.0
2024-10-01 12:05:00-04:00,113.87999725341797,113.94000244140625,113.87999725341797,113.91999816894531,17329,0.0,0.0
2024-10-01 12:10:00-04:00,113.93499755859375,113.94000244140625,113.7300033569336,113.76000213623047,18902,0.0,0.0
2024-10-01 12:15:00-04:00,113.7302017211914,113.7699966430664,113.69999694824219,113.75,14408,0.0,0.0
2024-10-01 12:20:00-04:00,113.74500274658203,113.79000091552734,113.66999816894531,113.67500305175781,15211,0.0,0.0
2024-10-01 12:25:00-04:00,113.66999816894531,113.69000244140625,113.48999786376953,113.58000183105469,20008,0.0,0.0
2024-10-01 12:30:00-04:00,113.58999633789062,113.61599731445312,113.48999786376953,113.56999969482422,21965,0.0,0.0
2024-10-01 12:35:00-04:00,113.5199966430664,113.58000183105469,113.47000122070312,113.48999786376953,13136,0.0,0.0
2024-10-01 12:40:00-04:00,113.49500274658203,113.49500274658203,113.37000274658203,113.375,14508,0.0,0.0
2024-10-01 12:45:00-04:00,113.4000015258789,113.4000015258789,113.29000091552734,113.31999969482422,12595,0.0,0.0
2024-10-01 12:50:00-04:00,113.3550033569336,113.4800033569336,113.3469009399414,113.43000030517578,14061,0.0,0.0
2024-10-01 12:55:00-04:00,113.41999816894531,113.4800033569336,113.33000183105469,113.43000030517578,16250,0.0,0.0
2024-10-01 13:00:00-04:00,113.44000244140625,113.48500061035156,113.37999725341797,113.4749984741211,13403,0.0,0.0
2024-10-01 13:05:00-04:00,113.47000122070312,113.5,113.41780090332031,113.44999694824219,16449,0.0,0.0
2024-10-01 13:10:00-04:00,113.45999908447266,113.52999877929688,113.43000030517578,113.45999908447266,30668,0.0,0.0
2024-10-01 13:15:00-04:00,113.45999908447266,113.47000122070312,113.4000015258789,113.43499755859375,13608,0.0,0.0
2024-10-01 13:20:00-04:00,113.44999694824219,113.4800033569336,113.31999969482422,113.3499984741211,20435,0.0,0.0
2024-10-01 13:25:00-04:00,113.36000061035156,113.38999938964844,113.30000305175781,113.37000274658203,14642,0.0,0.0
2024-10-01 13:30:00-04:00,113.36000061035156,113.58000183105469,113.33999633789062,113.55000305175781,27834,0.0,0.0
2024-10-01 13:35:00-04:00,113.55999755859375,113.61000061035156,113.52999877929688,113.58000183105469,14877,0.0,0.0
2024-10-01 13:40:00-04:00,113.58000183105469,113.62999725341797,113.51000213623047,113.62999725341797,17175,0.0,0.0
2024-10-01 13:45:00-04:00,113.6500015258789,113.66999816894531,113.52999877929688,113.54000091552734,12470,0.0,0.0
2024-10-01 13:50:00-04:00,113.5199966430664,113.58999633789062,113.5199966430664,113.58999633789062,19413,0.0,0.0
2024-10-01 13:55:00-04:00,113.62999725341797,113.66999816894531,113.5999984741211,113.61000061035156,16558,0.0,0.0
2024-10-01 14:00:00-04:00,113.62000274658203,113.69000244140625,113.61000061035156,113.65499877929688,13367,0.0,0.0
2024-10-01 14:05:00-04:00,113.66000366210938,113.74500274658203,113.63999938964844,113.72000122070312,20451,0.0,0.0
2024-10-01 14:10:00-04:00,113.68599700927734,113.7300033569336,113.6500015258789,113.68000030517578,14102,0.0,0.0
2024-10-01 14:15:00-04:00,113.69999694824219,113.77999877929688,113.69000244140625,113.71009826660156,24402,0.0,0.0
2024-10-01 14:20:00-04:00,113.71499633789062,113.75,113.71499633789062,113.75,12269,0.0,0.0
2024-10-01 14:25:00-04:00,113.75,113.75,113.66999816894531,113.73999786376953,17353,0.0,0.0
2024-10-01 14:30:00-04:00,113.7300033569336,113.81539916992188,113.7300033569336,113.79000091552734,30121,0.0,0.0
2024-10-01 14:35:00-04:00,113.79499816894531,113.83999633789062,113.7750015258789,113.83999633789062,22469,0.0,0.0
2024-10-01 14:40:00-04:00,113.8499984741211,113.91000366210938,113.83999633789062,113.83999633789062,16294,0.0,0.0
2024-10-01 14:45:00-04:00,113.83999633789062,113.8499984741211,113.79000091552734,113.80000305175781,21953,0.0,0.0
2024-10-01 14:50:00-04:00,113.80000305175781,113.88999938964844,113.80000305175781,113.88999938964844,16022,0.0,0.0
2024-10-01 14:55:00-04:00,113.9000015258789,113.91000366210938,113.86000061035156,113.88999938964844,17855,0.0,0.0
2024-10-01 15:00:00-04:00,113.88999938964844,113.88999938964844,113.73999786376953,113.74500274658203,14765,0.0,0.0
2024-10-01 15:05:00-04:00,113.74500274658203,113.83000183105469,113.73999786376953,113.81500244140625,20221,0.0,0.0
2024-10-01 15:10:00-04:00,113.81999969482422,113.83999633789062,113.79000091552734,113.83999633789062,26477,0.0,0.0
2024-10-01 15:15:00-04:00,113.83499908447266,113.8550033569336,113.69999694824219,113.72000122070312,33372,0.0,0.0
2024-10-01 15:20:00-04:00,113.72000122070312,113.80999755859375,113.69999694824219,113.80999755859375,21581,0.0,0.0
2024-10-01 15:25:00-04:00,113.80999755859375,113.86000061035156,113.80840301513672,113.83999633789062,26028,0.0,0.0
2024-10-01 15:30:00-04:00,113.83000183105469,113.875,113.80000305175781,113.87000274658203,37602,0.0,0.0
2024-10-01 15:35:00-04:00,113.86000061035156,113.87999725341797,113.77999877929688,113.8499984741211,28897,0.0,0.0
2024-10-01 15:40:00-04:00,113.8499984741211,113.87000274658203,113.70999908447266,113.75,49124,0.0,0.0
2024-10-01 15:45:00-04:00,113.76000213623047,113.80999755859375,113.70020294189453,113.72000122070312,42791,0.0,0.0
2024-10-01 15:50:00-04:00,113.7300033569336,113.75,113.61000061035156,113.63500213623047,60802,0.0,0.0
2024-10-01 15:55:00-04:00,113.62999725341797,113.63500213623047,113.48999786376953,113.56999969482422,213611,0.0,0.0
2024-10-02 09:30:00-04:00,113.375,113.375,112.2300033569336,112.2300033569336,97578,0.0,0.0
2024-10-02 09:35:00-04:00,112.19000244140625,112.66000366210938,112.16000366210938,112.19999694824219,31855,0.0,0.0
2024-10-02 09:40:00-04:00,112.19999694824219,112.44999694824219,112.02999877929688,112.44999694824219,32969,0.0,0.0
2024-10-02 09:45:00-04:00,112.44999694824219,112.98999786376953,112.44999694824219,112.98999786376953,41191,0.0,0.0
2024-10-02 09:50:00-04:00,112.97000122070312,113.26499938964844,112.94999694824219,113.22000122070312,30734,0.0,0.0
2024-10-02 09:55:00-04:00,113.23999786376953,113.33999633789062,113.0,113.0,72281,0.0,0.0
2024-10-02 10:00:00-04:00,112.9800033569336,113.0250015258789,112.87999725341797,113.0,13603,0.0,0.0
2024-10-02 10:05:00-04:00,113.0199966430664,113.04000091552734,112.93000030517578,113.04000091552734,14115,0.0,0.0
2024-10-02 10:10:00-04:00,113.02999877929688,113.08000183105469,112.8949966430664,113.0,17236,0.0,0.0
2024-10-02 10:15:00-04:00,113.02999877929688,113.05000305175781,112.93000030517578,113.01000213623047,14620,0.0,0.0
2024-10-02 10:20:00-04:00,113.05000305175781,113.05500030517578,112.88999938964844,112.94000244140625,13615,0.0,0.0
2024-10-02 10:25:00-04:00,112.94999694824219,113.05999755859375,112.91000366210938,113.05000305175781,16336,0.0,0.0
2024-10-02 10:30:00-04:00,113.06999969482422,113.16999816894531,112.9800033569336,113.11499786376953,16975,0.0,0.0
2024-10-02 10:35:00-04:00,113.12999725341797,113.20999908447266,113.07849884033203,113.16999816894531,10565,0.0,0.0
2024-10-02 10:40:00-04:00,113.2300033569336,113.36000061035156,113.2300033569336,113.34980010986328,9264,0.0,0.0
2024-10-02 10:45:00-04:00,113.34449768066406,113.41999816894531,113.27999877929688,113.41999816894531,13857,0.0,0.0
2024-10-02 10:50:00-04:00,113.41999816894531,113.42500305175781,113.29000091552734,113.33999633789062,19187,0.0,0.0
2024-10-02 10:55:00-04:00,113.3499984741211,113.41500091552734,113.27999877929688,113.27999877929688,12480,0.0,0.0
2024-10-02 11:00:00-04:00,113.26000213623047,113.33000183105469,113.2582015991211,113.30999755859375,12082,0.0,0.0
2024-10-02 11:05:00-04:00,113.30000305175781,113.33000183105469,113.24479675292969,113.27999877929688,13982,0.0,0.0
2024-10-02 11:10:00-04:00,113.30000305175781,113.3499984741211,113.25,113.2699966430664,18836,0.0,0.0
2024-10-02 11:15:00-04:00,113.28500366210938,113.35890197753906,113.28500366210938,113.3499984741211,20525,0.0,0.0
2024-10-02 11:20:00-04:00,113.33000183105469,113.33000183105469,113.18389892578125,113.20999908447266,13750,0.0,0.0
2024-10-02 11:25:00-04:00,113.20999908447266,113.41999816894531,113.20999908447266,113.41999816894531,15891,0.0,0.0
2024-10-02 11:30:00-04:00,113.41999816894531,113.48999786376953,113.3499984741211,113.37999725341797,18485,0.0,0.0
2024-10-02 11:35:00-04:00,113.36194610595703,113.37999725341797,113.30999755859375,113.37000274658203,17107,0.0,0.0
2024-10-02 11:40:00-04:00,113.375,113.51000213623047,113.36849975585938,113.5,20958,0.0,0.0
2024-10-02 11:45:00-04:00,113.5,113.52999877929688,113.48600006103516,113.51499938964844,32239,0.0,0.0
2024-10-02 11:50:00-04:00,113.51000213623047,113.55000305175781,113.5,113.54000091552734,20780,0.0,0.0
2024-10-02 11:55:00-04:00,113.55000305175781,113.55999755859375,113.33000183105469,113.33000183105469,19200,0.0,0.0
2024-10-02 12:00:00-04:00,113.30000305175781,113.31500244140625,113.21080017089844,113.21080017089844,8661,0.0,0.0
2024-10-02 12:05:00-04:00,113.20999908447266,113.2300033569336,113.13999938964844,113.19999694824219,12023,0.0,0.0
2024-10-02 12:10:00-04:00,113.20500183105469,113.30999755859375,113.20500183105469,113.27999877929688,11715,0.0,0.0
2024-10-02 12:15:00-04:00,113.2750015258789,113.2750015258789,113.12999725341797,113.18000030517578,14311,0.0,0.0
2024-10-02 12:20:00-04:00,113.18470001220703,113.2300033569336,113.18470001220703,113.20010375976562,9847,0.0,0.0
2024-10-02 12:25:00-04:00,113.21530151367188,113.27999877929688,113.19000244140625,113.25,16290,0.0,0.0
2024-10-02 12:30:00-04:00,113.23999786376953,113.25,113.12010192871094,113.13999938964844,12278,0.0,0.0
2024-10-02 12:35:00-04:00,113.13500213623047,113.19000244140625,113.12999725341797,113.12999725341797,12954,0.0,0.0
2024-10-02 12:40:00-04:00,113.12999725341797,113.13999938964844,113.05999755859375,113.05999755859375,12919,0.0,0.0
2024-10-02 12:45:00-04:00,113.04570007324219,113.13999938964844,113.04000091552734,113.11499786376953,13065,0.0,0.0
2024-10-02 12:50:00-04:00,113.11000061035156,113.1449966430664,113.0999984741211,113.12999725341797,7153,0.0,0.0
2024-10-02 12:55:00-04:00,113.13800048828125,113.16000366210938,113.11000061035156,113.11009979248047,9975,0.0,0.0
2024-10-02 13:00:00-04:00,113.11499786376953,113.13150024414062,113.0999984741211,113.11620330810547,13365,0.0,0.0
2024-10-02 13:05:00-04:00,113.11000061035156,113.12000274658203,112.98999786376953,113.02632904052734,29888,0.0,0.0
2024-10-02 13:10:00-04:00,113.04000091552734,113.05000305175781,112.98999786376953,113.01000213623047,9522,0.0,0.0
2024-10-02 13:15:00-04:00,113.01000213623047,113.06999969482422,113.01000213623047,113.05000305175781,14690,0.0,0.0
2024-10-02 13:20:00-04:00,113.05280303955078,113.08000183105469,113.01000213623047,113.05500030517578,16488,0.0,0.0
2024-10-02 13:25:00-04:00,113.05000305175781,113.16000366210938,113.04000091552734,113.11000061035156,16676,0.0,0.0
2024-10-02 13:30:00-04:00,113.125,113.125,113.04000091552734,113.05000305175781,23732,0.0,0.0
2024-10-02 13:35:00-04:00,113.05000305175781,113.18000030517578,113.04000091552734,113.12999725341797,16505,0.0,0.0
2024-10-02 13:40:00-04:00,113.13999938964844,113.20999908447266,113.12000274658203,113.19999694824219,17153,0.0,0.0
2024-10-02 13:45:00-04:00,113.19000244140625,113.30500030517578,113.19000244140625,113.30500030517578,9002,0.0,0.0
2024-10-02 13:50:00-04:00,113.30999755859375,113.34639739990234,113.29000091552734,113.34639739990234,8515,0.0,0.0
2024-10-02 13:55:00-04:00,113.33999633789062,113.33999633789062,113.2699966430664,113.29000091552734,14875,0.0,0.0
2024-10-02 14:00:00-04:00,113.30999755859375,113.37999725341797,113.30999755859375,113.37000274658203,14599,0.0,0.0
2024-10-02 14:05:00-04:00,113.36000061035156,113.38500213623047,113.33000183105469,113.37000274658203,19182,0.0,0.0
2024-10-02 14:10:00-04:00,113.36499786376953,113.38999938964844,113.33000183105469,113.3499984741211,41967,0.0,0.0
2024-10-02 14:15:00-04:00,113.36000061035156,113.47000122070312,113.33670043945312,113.38999938964844,83586,0.0,0.0
2024-10-02 14:20:00-04:00,113.37999725341797,113.38999938964844,113.29000091552734,113.31999969482422,21115,0.0,0.0
2024-10-02 14:25:00-04:00,113.32499694824219,113.41999816894531,113.30999755859375,113.37000274658203,23456,0.0,0.0
2024-10-02 14:30:00-04:00,113.36000061035156,113.4000015258789,113.3499984741211,113.37000274658203,15348,0.0,0.0
2024-10-02 14:35:00-04:00,113.36000061035156,113.38999938964844,113.34500122070312,113.37000274658203,17890,0.0,0.0
2024-10-02 14:40:00-04:00,113.36499786376953,113.42500305175781,113.36180114746094,113.3949966430664,13395,0.0,0.0
2024-10-02 14:45:00-04:00,113.40499877929688,113.43000030517578,113.38999938964844,113.41999816894531,14535,0.0,0.0
2024-10-02 14:50:00-04:00,113.43000030517578,113.47000122070312,113.41999816894531,113.45999908447266,14214,0.0,0.0
2024-10-02 14:55:00-04:00,113.45500183105469,113.49500274658203,113.41999816894531,113.4749984741211,16931,0.0,0.0
2024-10-02 15:00:00-04:00,113.4749984741211,113.58999633789062,113.4749984741211,113.58000183105469,16853,0.0,0.0
2024-10-02 15:05:00-04:00,113.57499694824219,113.58000183105469,113.50499725341797,113.55500030517578,21768,0.0,0.0
2024-10-02 15:10:00-04:00,113.54000091552734,113.6500015258789,113.52999877929688,113.6500015258789,21167,0.0,0.0
2024-10-02 15:15:00-04:00,113.6449966430664,113.66999816894531,113.6250991821289,113.66999816894531,29022,0.0,0.0
2024-10-02 15:20:00-04:00,113.67500305175781,113.69999694824219,113.5999984741211,113.61499786376953,26484,0.0,0.0
2024-10-02 15:25:00-04:00,113.61000061035156,113.62000274658203,113.5999984741211,113.61000061035156,27748,0.0,0.0
2024-10-02 15:30:00-04:00,113.5999984741211,113.6050033569336,113.50499725341797,113.5199966430664,33059,0.0,0.0
2024-10-02 15:35:00-04:00,113.5250015258789,113.58000183105469,113.5199966430664,113.55500030517578,30340,0.0,0.0
2024-10-02 15:40:00-04:00,113.55500030517578,113.55500030517578,113.44000244140625,113.45500183105469,44817,0.0,0.0
2024-10-02 15:45:00-04:00,113.45500183105469,113.49500274658203,113.37010192871094,113.44499969482422,56803,0.0,0.0
2024-10-02 15:50:00-04:00,113.44999694824219,113.71499633789062,113.44499969482422,113.69000244140625,117795,0.0,0.0
2024-10-02 15:55:00-04:00,113.69000244140625,113.79000091552734,113.61000061035156,113.63999938964844,307984,0.0,0.0
2024-10-03 09:30:00-04:00,113.50499725341797,113.51000213623047,113.0250015258789,113.0999984741211,59824,0.0,0.0
2024-10-03 09:35:00-04:00,113.0999984741211,113.16000366210938,112.83999633789062,112.98999786376953,21304,0.0,0.0
2024-10-03 09:40:00-04:00,113.01000213623047,113.04000091552734,112.41999816894531,112.48500061035156,60351,0.0,0.0
2024-10-03 09:45:00-04:00,112.48500061035156,112.80000305175781,112.38999938964844,112.61000061035156,67677,0.0,0.0
2024-10-03 09:50:00-04:00,112.6769027709961,112.6769027709961,112.20999908447266,112.25,42495,0.0,0.0
2024-10-03 09:55:00-04:00,112.25,112.2699966430664,111.98999786376953,112.02999877929688,36098,0.0,0.0
2024-10-03 10:00:00-04:00,112.02999877929688,112.0999984741211,111.79000091552734,112.06999969482422,56682,0.0,0.0
2024-10-03 10:05:00-04:00,112.08000183105469,112.37999725341797,111.98999786376953,112.36499786376953,52064,0.0,0.0
2024-10-03 10:10:00-04:00,112.34500122070312,112.76000213623047,112.30500030517578,112.30999755859375,48759,0.0,0.0
2024-10-03 10:15:00-04:00,112.3499984741211,112.61499786376953,112.19999694824219,112.5199966430664,26015,0.0,0.0
2024-10-03 10:20:00-04:00,112.56999969482422,112.62000274658203,112.4000015258789,112.41000366210938,19774,0.0,0.0
2024-10-03 10:25:00-04:00,112.44000244140625,112.56999969482422,112.3949966430664,112.52999877929688,18018,0.0,0.0
2024-10-03 10:30:00-04:00,112.5199966430664,112.75,112.44999694824219,112.75,28291,0.0,0.0
2024-10-03 10:35:00-04:00,112.75,112.79000091552734,112.6500015258789,112.70999908447266,38374,0.0,0.0
2024-10-03 10:40:00-04:00,112.72000122070312,112.73999786376953,112.45999908447266,112.48999786376953,24032,0.0,0.0
2024-10-03 10:45:00-04:00,112.48500061035156,112.6500015258789,112.41999816894531,112.625,23184,0.0,0.0
2024-10-03 10:50:00-04:00,112.62999725341797,112.72000122070312,112.61000061035156,112.70999908447266,22958,0.0,0.0
2024-10-03 10:55:00-04:00,112.72000122070312,112.7699966430664,112.66999816894531,112.7699966430664,22069,0.0,0.0
2024-10-03 11:00:00-04:00,112.63999938964844,112.68000030517578,112.56999969482422,112.68000030517578,56950,0.0,0.0
2024-10-03 11:05:00-04:00,112.69999694824219,112.7698974609375,112.63999938964844,112.72000122070312,17048,0.0,0.0
2024-10-03 11:10:00-04:00,112.72000122070312,112.81999969482422,112.70999908447266,112.81999969482422,15325,0.0,0.0
2024-10-03 11:15:00-04:00,112.84500122070312,113.0,112.84300231933594,112.94000244140625,24848,0.0,0.0
2024-10-03 11:20:00-04:00,112.94000244140625,112.9800033569336,112.88999938964844,112.9800033569336,40940,0.0,0.0
2024-10-03 11:25:00-04:00,112.97000122070312,112.98500061035156,112.83000183105469,112.87000274658203,21322,0.0,0.0
2024-10-03 11:30:00-04:00,112.87999725341797,112.97000122070312,112.87000274658203,112.91000366210938,21268,0.0,0.0
2024-10-03 11:35:00-04:00,112.9000015258789,112.91999816894531,112.82499694824219,112.83000183105469,14525,0.0,0.0
2024-10-03 11:40:00-04:00,112.83000183105469,112.98500061035156,112.83000183105469,112.98500061035156,15233,0.0,0.0
2024-10-03 11:45:00-04:00,112.98500061035156,113.00499725341797,112.95500183105469,112.97000122070312,12726,0.0,0.0
2024-10-03 11:50:00-04:00,112.9749984741211,113.05000305175781,112.97000122070312,113.0,15719,0.0,0.0
2024-10-03 11:55:00-04:00,113.01000213623047,113.01000213623047,112.91999816894531,112.93000030517578,12827,0.0,0.0
2024-10-03 12:00:00-04:00,112.93000030517578,112.98999786376953,112.91999816894531,112.93000030517578,17156,0.0,0.0
2024-10-03 12:05:00-04:00,112.94000244140625,112.97000122070312,112.83499908447266,112.83999633789062,11212,0.0,0.0
2024-10-03 12:10:00-04:00,112.85140228271484,112.91999816894531,112.85140228271484,112.9000015258789,13835,0.0,0.0
2024-10-03 12:15:00-04:00,112.90499877929688,113.01000213623047,112.9000015258789,113.01000213623047,11612,0.0,0.0
2024-10-03 12:20:00-04:00,113.02999877929688,113.04000091552734,112.9800033569336,112.9800033569336,16663,0.0,0.0
2024-10-03 12:25:00-04:00,112.9800033569336,113.01339721679688,112.94000244140625,113.01000213623047,16142,0.0,0.0
2024-10-03 12:30:00-04:00,113.0,113.0,112.94000244140625,112.98999786376953,15983,0.0,0.0
2024-10-03 12:35:00-04:00,112.9800033569336,112.98500061035156,112.91000366210938,112.91999816894531,16669,0.0,0.0
2024-10-03 12:40:00-04:00,112.91000366210938,112.94000244140625,112.79000091552734,112.80999755859375,23875,0.0,0.0
2024-10-03 12:45:00-04:00,112.81500244140625,112.83999633789062,112.69000244140625,112.7300033569336,18925,0.0,0.0
2024-10-03 12:50:00-04:00,112.72309875488281,112.91999816894531,112.62000274658203,112.87000274658203,83180,0.0,0.0
2024-10-03 12:55:00-04:00,112.87999725341797,112.97000122070312,112.76000213623047,112.93000030517578,37190,0.0,0.0
2024-10-03 13:00:00-04:00,112.91999816894531,112.93000030517578,112.48999786376953,112.5,49081,0.0,0.0
2024-10-03 13:05:00-04:00,112.5,112.61000061035156,112.5,112.51000213623047,23317,0.0,0.0
2024-10-03 13:10:00-04:00,112.5,112.58999633789062,112.48999786376953,112.57520294189453,24194,0.0,0.0
2024-10-03 13:15:00-04:00,112.57499694824219,112.58999633789062,112.3949966430664,112.40499877929688,21262,0.0,0.0
2024-10-03 13:20:00-04:00,112.4000015258789,112.5999984741211,112.38999938964844,112.55000305175781,22753,0.0,0.0
2024-10-03 13:25:00-04:00,112.55000305175781,112.68000030517578,112.5199966430664,112.55999755859375,21775,0.0,0.0
2024-10-03 13:30:00-04:00,112.54000091552734,112.70999908447266,112.54000091552734,112.66999816894531,22316,0.0,0.0
2024-10-03 13:35:00-04:00,112.67900085449219,112.69000244140625,112.55000305175781,112.55000305175781,18961,0.0,0.0
2024-10-03 13:40:00-04:00,112.54000091552734,112.55999755859375,112.41999816894531,112.51000213623047,15970,0.0,0.0
2024-10-03 13:45:00-04:00,112.54000091552734,112.66000366210938,112.5199966430664,112.63999938964844,14286,0.0,0.0
2024-10-03 13:50:00-04:00,112.62999725341797,112.62999725341797,112.47350311279297,112.47350311279297,12069,0.0,0.0
2024-10-03 13:55:00-04:00,112.4800033569336,112.54000091552734,112.4800033569336,112.48500061035156,18486,0.0,0.0
2024-10-03 14:00:00-04:00,112.47000122070312,112.51000213623047,112.38999938964844,112.38999938964844,20521,0.0,0.0
2024-10-03 14:05:00-04:00,112.41000366210938,112.45999908447266,112.36000061035156,112.37000274658203,20583,0.0,0.0
2024-10-03 14:10:00-04:00,112.375,112.44000244140625,112.375,112.42500305175781,36789,0.0,0.0
2024-10-03 14:15:00-04:00,112.43000030517578,112.44999694824219,112.36309814453125,112.37999725341797,16896,0.0,0.0
2024-10-03 14:20:00-04:00,112.37999725341797,112.4000015258789,112.30000305175781,112.36270141601562,25678,0.0,0.0
2024-10-03 14:25:00-04:00,112.38999938964844,112.45999908447266,112.3499984741211,112.44000244140625,21883,0.0,0.0
2024-10-03 14:30:00-04:00,112.43499755859375,112.44000244140625,112.3447036743164,112.36000061035156,16609,0.0,0.0
2024-10-03 14:35:00-04:00,112.36499786376953,112.37000274658203,112.29499816894531,112.30999755859375,23110,0.0,0.0
2024-10-03 14:40:00-04:00,112.30000305175781,112.33000183105469,112.22000122070312,112.2300033569336,32855,0.0,0.0
2024-10-03 14:45:00-04:00,112.2300033569336,112.25,112.16999816894531,112.16999816894531,24457,0.0,0.0
2024-10-03 14:50:00-04:00,112.18000030517578,112.23999786376953,112.16999816894531,112.22000122070312,21015,0.0,0.0
2024-10-03 14:55:00-04:00,112.2300033569336,112.23999786376953,112.125,112.125,24980,0.0,0.0
2024-10-03 15:00:00-04:00,112.11000061035156,112.12000274658203,112.04010009765625,112.0999984741211,28449,0.0,0.0
2024-10-03 15:05:00-04:00,112.08999633789062,112.33999633789062,112.05999755859375,112.12000274658203,74927,0.0,0.0
2024-10-03 15:10:00-04:00,112.12000274658203,112.16000366210938,112.05999755859375,112.0999984741211,34722,0.0,0.0
2024-10-03 15:15:00-04:00,112.0999984741211,112.16639709472656,112.08999633789062,112.1500015258789,30233,0.0,0.0
2024-10-03 15:20:00-04:00,112.1449966430664,112.16000366210938,112.08000183105469,112.15499877929688,33415,0.0,0.0
2024-10-03 15:25:00-04:00,112.15499877929688,112.20999908447266,112.125,112.1500015258789,33835,0.0,0.0
2024-10-03 15:30:00-04:00,112.1500015258789,112.25,112.1500015258789,112.16000366210938,36644,0.0,0.0
2024-10-03 15:35:00-04:00,112.1500015258789,112.21859741210938,112.1449966430664,112.20730590820312,46937,0.0,0.0
2024-10-03 15:40:00-04:00,112.20999908447266,112.30000305175781,112.18000030517578,112.23999786376953,49690,0.0,0.0
2024-10-03 15:45:00-04:00,112.23999786376953,112.33000183105469,112.23500061035156,112.30000305175781,60512,0.0,0.0
2024-10-03 15:50:00-04:00,112.30000305175781,112.38999938964844,112.19999694824219,112.37999725341797,147490,0.0,0.0
2024-10-03 15:55:00-04:00,112.37999725341797,112.37999725341797,112.22000122070312,112.2300033569336,266312,0.0,0.0
2024-10-04 09:30:00-04:00,112.12999725341797,112.64900207519531,112.11000061035156,112.19000244140625,1218107,0.0,0.0
2024-10-04 09:35:00-04:00,112.19000244140625,112.25,111.94999694824219,112.0999984741211,41772,0.0,0.0
2024-10-04 09:40:00-04:00,112.0999984741211,112.43000030517578,112.05000305175781,112.19010162353516,40644,0.0,0.0
2024-10-04 09:45:00-04:00,112.2249984741211,112.2300033569336,112.01000213623047,112.01000213623047,28766,0.0,0.0
2024-10-04 09:50:00-04:00,112.04000091552734,112.37000274658203,112.04000091552734,112.25,33695,0.0,0.0
2024-10-04 09:55:00-04:00,112.25499725341797,112.2699966430664,112.04000091552734,112.16000366210938,56813,0.0,0.0
2024-10-04 10:00:00-04:00,112.18000030517578,112.30999755859375,112.16999816894531,112.23999786376953,25645,0.0,0.0
2024-10-04 10:05:00-04:00,112.25,112.5,112.25,112.37999725341797,32243,0.0,0.0
2024-10-04 10:10:00-04:00,112.37000274658203,112.37000274658203,112.18000030517578,112.26000213623047,49601,0.0,0.0
2024-10-04 10:15:00-04:00,112.26000213623047,112.4800033569336,112.25,112.33000183105469,26013,0.0,0.0
2024-10-04 10:20:00-04:00,112.32279968261719,112.32279968261719,112.05999755859375,112.08999633789062,30970,0.0,0.0
2024-10-04 10:25:00-04:00,112.11000061035156,112.13999938964844,111.73999786376953,111.86000061035156,48082,0.0,0.0
2024-10-04 10:30:00-04:00,111.86000061035156,111.9800033569336,111.80000305175781,111.8499984741211,59413,0.0,0.0
2024-10-04 10:35:00-04:00,111.86000061035156,111.90499877929688,111.79000091552734,111.87999725341797,25110,0.0,0.0
2024-10-04 10:40:00-04:00,111.91000366210938,112.05000305175781,111.88999938964844,112.02999877929688,25283,0.0,0.0
2024-10-04 10:45:00-04:00,112.05000305175781,112.15010070800781,112.04000091552734,112.11000061035156,18604,0.0,0.0
2024-10-04 10:50:00-04:00,112.0999984741211,112.24739837646484,112.0999984741211,112.18000030517578,28017,0.0,0.0
2024-10-04 10:55:00-04:00,112.16000366210938,112.16000366210938,112.05999755859375,112.0999984741211,9720,0.0,0.0
2024-10-04 11:00:00-04:00,112.13999938964844,112.16000366210938,112.0,112.03500366210938,34040,0.0,0.0
2024-10-04 11:05:00-04:00,112.05000305175781,112.08000183105469,112.0,112.06999969482422,22470,0.0,0.0
2024-10-04 11:10:00-04:00,112.08000183105469,112.1449966430664,112.0,112.0,27497,0.0,0.0
2024-10-04 11:15:00-04:00,111.97000122070312,111.98999786376953,111.94000244140625,111.95999908447266,14036,0.0,0.0
2024-10-04 11:20:00-04:00,111.91000366210938,111.91000366210938,111.7699966430664,111.77999877929688,14785,0.0,0.0
2024-10-04 11:25:00-04:00,111.7699966430664,111.80999755859375,111.68000030517578,111.7300033569336,24565,0.0,0.0
2024-10-04 11:30:00-04:00,111.73999786376953,111.81999969482422,111.72000122070312,111.80000305175781,15029,0.0,0.0
2024-10-04 11:35:00-04:00,111.80000305175781,111.93000030517578,111.79519653320312,111.8949966430664,18341,0.0,0.0
2024-10-04 11:40:00-04:00,111.88999938964844,111.91999816894531,111.83000183105469,111.83000183105469,18863,0.0,0.0
2024-10-04 11:45:00-04:00,111.83999633789062,111.91000366210938,111.80999755859375,111.80999755859375,15933,0.0,0.0
2024-10-04 11:50:00-04:00,111.81999969482422,111.86000061035156,111.72380065917969,111.79000091552734,11557,0.0,0.0
2024-10-04 11:55:00-04:00,111.79000091552734,111.79000091552734,111.68000030517578,111.69000244140625,11664,0.0,0.0
2024-10-04 12:00:00-04:00,111.71499633789062,111.91999816894531,111.70999908447266,111.90290069580078,11679,0.0,0.0
2024-10-04 12:05:00-04:00,111.91999816894531,111.98999786376953,111.91000366210938,111.95999908447266,48598,0.0,0.0
2024-10-04 12:10:00-04:00,111.9800033569336,112.05999755859375,111.97000122070312,112.01000213623047,30206,0.0,0.0
2024-10-04 12:15:00-04:00,112.01000213623047,112.06999969482422,112.0,112.0199966430664,25276,0.0,0.0
2024-10-04 12:20:00-04:00,112.0199966430664,112.08999633789062,111.91500091552734,111.91500091552734,14480,0.0,0.0
2024-10-04 12:25:00-04:00,111.91000366210938,111.93000030517578,111.82610321044922,111.93000030517578,11406,0.0,0.0
2024-10-04 12:30:00-04:00,111.92500305175781,111.9561996459961,111.88999938964844,111.9229965209961,15992,0.0,0.0
2024-10-04 12:35:00-04:00,111.94999694824219,112.08000183105469,111.93000030517578,112.0199966430664,11965,0.0,0.0
2024-10-04 12:40:00-04:00,112.02999877929688,112.13999938964844,112.0250015258789,112.13990020751953,12116,0.0,0.0
2024-10-04 12:45:00-04:00,112.13999938964844,112.20999908447266,112.12000274658203,112.12999725341797,8853,0.0,0.0
2024-10-04 12:50:00-04:00,112.1500015258789,112.19000244140625,112.08370208740234,112.19000244140625,17099,0.0,0.0
2024-10-04 12:55:00-04:00,112.19000244140625,112.22589874267578,112.0999984741211,112.22000122070312,19092,0.0,0.0
2024-10-04 13:00:00-04:00,112.22000122070312,112.26000213623047,112.20040130615234,112.25,10238,0.0,0.0
2024-10-04 13:05:00-04:00,112.26000213623047,112.28990173339844,112.24009704589844,112.25499725341797,11303,0.0,0.0
2024-10-04 13:10:00-04:00,112.2699966430664,112.38500213623047,112.2699966430664,112.37000274658203,10735,0.0,0.0
2024-10-04 13:15:00-04:00,112.37640380859375,112.44999694824219,112.37000274658203,112.38629913330078,11257,0.0,0.0
2024-10-04 13:20:00-04:00,112.4000015258789,112.45999908447266,112.38999938964844,112.43000030517578,9519,0.0,0.0
2024-10-04 13:25:00-04:00,112.44000244140625,112.45999908447266,112.33999633789062,112.33999633789062,20998,0.0,0.0
2024-10-04 13:30:00-04:00,112.375,112.41000366210938,112.33000183105469,112.375,11814,0.0,0.0
2024-10-04 13:35:00-04:00,112.36000061035156,112.37000274658203,112.18000030517578,112.3499984741211,19416,0.0,0.0
2024-10-04 13:40:00-04:00,112.35910034179688,112.5,112.3499984741211,112.5,19934,0.0,0.0
2024-10-04 13:45:00-04:00,112.48999786376953,112.48999786376953,112.43499755859375,112.43499755859375,11205,0.0,0.0
2024-10-04 13:50:00-04:00,112.42500305175781,112.43000030517578,112.375,112.3949966430664,10313,0.0,0.0
2024-10-04 13:55:00-04:00,112.4000015258789,112.47000122070312,112.38999938964844,112.38999938964844,17259,0.0,0.0
2024-10-04 14:00:00-04:00,112.38999938964844,112.44000244140625,112.33999633789062,112.35299682617188,40360,0.0,0.0
2024-10-04 14:05:00-04:00,112.3550033569336,112.50499725341797,112.3550033569336,112.49500274658203,22789,0.0,0.0
2024-10-04 14:10:00-04:00,112.48999786376953,112.49500274658203,112.4124984741211,112.42500305175781,20849,0.0,0.0
2024-10-04 14:15:00-04:00,112.43000030517578,112.43000030517578,112.37000274658203,112.4000015258789,13440,0.0,0.0
2024-10-04 14:20:00-04:00,112.42500305175781,112.4749984741211,112.41999816894531,112.4749984741211,20554,0.0,0.0
2024-10-04 14:25:00-04:00,112.4800033569336,112.5,112.4000015258789,112.45169830322266,19156,0.0,0.0
2024-10-04 14:30:00-04:00,112.45500183105469,112.55999755859375,112.45500183105469,112.55000305175781,20135,0.0,0.0
2024-10-04 14:35:00-04:00,112.55000305175781,112.62999725341797,112.55000305175781,112.5999984741211,20364,0.0,0.0
2024-10-04 14:40:00-04:00,112.5999984741211,112.63990020751953,112.56999969482422,112.58499908447266,20258,0.0,0.0
2024-10-04 14:45:00-04:00,112.56999969482422,112.62999725341797,112.56999969482422,112.625,15875,0.0,0.0
2024-10-04 14:50:00-04:00,112.625,112.6500015258789,112.58000183105469,112.6050033569336,20880,0.0,0.0
2024-10-04 14:55:00-04:00,112.6050033569336,112.61499786376953,112.55120086669922,112.61499786376953,32186,0.0,0.0
2024-10-04 15:00:00-04:00,112.61499786376953,112.61499786376953,112.55000305175781,112.6050033569336,22679,0.0,0.0
2024-10-04 15:05:00-04:00,112.61000061035156,112.62000274658203,112.58999633789062,112.5999984741211,24331,0.0,0.0
2024-10-04 15:10:00-04:00,112.60130310058594,112.66000366210938,112.5999984741211,112.5999984741211,19309,0.0,0.0
2024-10-04 15:15:00-04:00,112.5999984741211,112.61000061035156,112.52999877929688,112.54499816894531,24293,0.0,0.0
2024-10-04 15:20:00-04:00,112.54149627685547,112.66000366210938,112.51000213623047,112.62999725341797,35420,0.0,0.0
2024-10-04 15:25:00-04:00,112.63999938964844,112.6500015258789,112.58999633789062,112.63999938964844,27486,0.0,0.0
2024-10-04 15:30:00-04:00,112.63999938964844,112.69499969482422,112.57140350341797,112.6500015258789,51044,0.0,0.0
2024-10-04 15:35:00-04:00,112.63500213623047,112.70999908447266,112.51000213623047,112.69499969482422,46808,0.0,0.0
2024-10-04 15:40:00-04:00,112.69499969482422,112.75,112.69499969482422,112.72000122070312,35680,0.0,0.0
2024-10-04 15:45:00-04:00,112.72000122070312,112.72000122070312,112.55999755859375,112.63999938964844,40414,0.0,0.0
2024-10-04 15:50:00-04:00,112.6500015258789,112.66500091552734,112.58000183105469,112.58000183105469,57331,0.0,0.0
2024-10-04 15:55:00-04:00,112.58999633789062,112.73500061035156,112.54499816894531,112.61000061035156,233739,0.0,0.0
2024-10-07 09:30:00-04:00,112.30000305175781,112.48999786376953,111.92500305175781,111.95999908447266,118117,0.0,0.0
2024-10-07 09:35:00-04:00,111.95999908447266,112.27999877929688,111.80000305175781,112.01000213623047,40314,0.0,0.0
2024-10-07 09:40:00-04:00,112.01000213623047,112.16000366210938,111.94000244140625,112.12000274658203,34018,0.0,0.0
2024-10-07 09:45:00-04:00,112.12000274658203,112.37000274658203,112.08999633789062,112.25,39970,0.0,0.0
2024-10-07 09:50:00-04:00,112.2699966430664,112.4800033569336,112.19999694824219,112.44499969482422,27596,0.0,0.0
2024-10-07 09:55:00-04:00,112.44499969482422,113.08000183105469,112.3499984741211,112.91999816894531,388512,0.0,0.0
2024-10-07 10:00:00-04:00,112.91999816894531,113.61000061035156,112.91500091552734,113.3499984741211,260250,0.0,0.0
2024-10-07 10:05:00-04:00,113.30999755859375,113.58000183105469,113.0199966430664,113.16500091552734,80114,0.0,0.0
2024-10-07 10:10:00-04:00,113.1500015258789,113.19999694824219,112.9800033569336,113.17500305175781,45923,0.0,0.0
2024-10-07 10:15:00-04:00,113.19999694824219,113.2699966430664,113.05999755859375,113.1332015991211,35857,0.0,0.0
2024-10-07 10:20:00-04:00,113.16000366210938,113.19000244140625,113.04879760742188,113.16000366210938,23009,0.0,0.0
2024-10-07 10:25:00-04:00,113.125,113.27999877929688,113.06999969482422,113.1500015258789,30676,0.0,0.0
2024-10-07 10:30:00-04:00,113.13999938964844,113.30000305175781,113.12999725341797,113.20999908447266,29551,0.0,0.0
2024-10-07 10:35:00-04:00,113.21499633789062,113.44999694824219,113.16000366210938,113.41000366210938,40447,0.0,0.0
2024-10-07 10:40:00-04:00,113.41000366210938,113.45999908447266,113.29000091552734,113.32499694824219,20653,0.0,0.0
2024-10-07 10:45:00-04:00,113.30999755859375,113.37999725341797,113.26000213623047,113.30000305175781,19197,0.0,0.0
2024-10-07 10:50:00-04:00,113.30000305175781,113.3499984741211,113.2699966430664,113.2699966430664,18804,0.0,0.0
2024-10-07 10:55:00-04:00,113.26000213623047,113.26940155029297,113.05999755859375,113.16999816894531,22833,0.0,0.0
2024-10-07 11:00:00-04:00,113.18000030517578,113.20999908447266,112.98999786376953,113.0199966430664,32577,0.0,0.0
2024-10-07 11:05:00-04:00,113.01499938964844,113.16999816894531,112.95999908447266,113.0999984741211,26049,0.0,0.0
2024-10-07 11:10:00-04:00,113.08999633789062,113.12999725341797,112.97000122070312,112.98999786376953,27397,0.0,0.0
2024-10-07 11:15:00-04:00,112.9800033569336,113.04000091552734,112.75,112.80000305175781,62153,0.0,0.0
2024-10-07 11:20:00-04:00,112.80999755859375,112.83999633789062,112.64299774169922,112.6500015258789,50523,0.0,0.0
2024-10-07 11:25:00-04:00,112.66000366210938,112.69499969482422,112.4800033569336,112.58979797363281,50736,0.0,0.0
2024-10-07 11:30:00-04:00,112.5885009765625,112.5999984741211,112.37999725341797,112.4000015258789,31608,0.0,0.0
2024-10-07 11:35:00-04:00,112.41000366210938,112.62000274658203,112.38999938964844,112.62000274658203,21362,0.0,0.0
2024-10-07 11:40:00-04:00,112.62999725341797,113.06990051269531,112.62999725341797,113.02269744873047,122954,0.0,0.0
2024-10-07 11:45:00-04:00,113.02999877929688,113.1353988647461,113.0,113.04000091552734,46206,0.0,0.0
2024-10-07 11:50:00-04:00,113.05999755859375,113.08999633789062,112.91500091552734,112.92549896240234,25539,0.0,0.0
2024-10-07 11:55:00-04:00,112.91000366210938,112.97000122070312,112.83799743652344,112.89710235595703,31853,0.0,0.0
2024-10-07 12:00:00-04:00,112.88990020751953,113.16000366210938,112.87999725341797,113.13500213623047,41431,0.0,0.0
2024-10-07 12:05:00-04:00,113.12999725341797,113.30999755859375,113.05999755859375,113.2300033569336,62611,0.0,0.0
2024-10-07 12:10:00-04:00,113.22000122070312,113.3499984741211,113.11000061035156,113.2750015258789,54670,0.0,0.0
2024-10-07 12:15:00-04:00,113.2699966430664,113.27980041503906,113.05000305175781,113.06999969482422,31885,0.0,0.0
2024-10-07 12:20:00-04:00,113.06999969482422,113.14990234375,112.95870208740234,113.12999725341797,25349,0.0,0.0
2024-10-07 12:25:00-04:00,113.12999725341797,113.19000244140625,113.0999984741211,113.18499755859375,21950,0.0,0.0
2024-10-07 12:30:00-04:00,113.19000244140625,113.19999694824219,113.04499816894531,113.08499908447266,33184,0.0,0.0
2024-10-07 12:35:00-04:00,113.0802993774414,113.08999633789062,112.9800033569336,113.05000305175781,31492,0.0,0.0
2024-10-07 12:40:00-04:00,113.04000091552734,113.06999969482422,113.0,113.064697265625,28411,0.0,0.0
2024-10-07 12:45:00-04:00,113.06999969482422,113.06999969482422,112.91000366210938,113.0199966430664,33210,0.0,0.0
2024-10-07 12:50:00-04:00,113.0199966430664,113.1449966430664,113.0199966430664,113.12000274658203,24013,0.0,0.0
2024-10-07 12:55:00-04:00,113.12000274658203,113.1500015258789,113.11000061035156,113.12000274658203,21543,0.0,0.0
2024-10-07 13:00:00-04:00,113.11000061035156,113.18499755859375,113.05000305175781,113.1500015258789,28003,0.0,0.0
2024-10-07 13:05:00-04:00,113.16000366210938,113.16000366210938,113.02110290527344,113.05999755859375,25697,0.0,0.0
2024-10-07 13:10:00-04:00,113.06900024414062,113.23999786376953,113.06900024414062,113.20999908447266,24837,0.0,0.0
2024-10-07 13:15:00-04:00,113.2300033569336,113.28500366210938,113.20999908447266,113.23500061035156,20800,0.0,0.0
2024-10-07 13:20:00-04:00,113.2300033569336,113.2300033569336,113.12999725341797,113.20999908447266,27013,0.0,0.0
2024-10-07 13:25:00-04:00,113.21499633789062,113.2300033569336,113.11000061035156,113.11499786376953,25204,0.0,0.0
2024-10-07 13:30:00-04:00,113.11499786376953,113.16000366210938,113.10669708251953,113.1500015258789,18145,0.0,0.0
2024-10-07 13:35:00-04:00,113.14009857177734,113.23999786376953,113.11750030517578,113.20999908447266,20209,0.0,0.0
2024-10-07 13:40:00-04:00,113.20999908447266,113.26000213623047,113.16999816894531,113.18000030517578,29010,0.0,0.0
2024-10-07 13:45:00-04:00,113.19000244140625,113.23999786376953,113.18000030517578,113.19100189208984,22289,0.0,0.0
2024-10-07 13:50:00-04:00,113.19999694824219,113.19999694824219,113.11000061035156,113.13999938964844,33709,0.0,0.0
2024-10-07 13:55:00-04:00,113.15499877929688,113.15499877929688,113.0199966430664,113.12000274658203,21981,0.0,0.0
2024-10-07 14:00:00-04:00,113.12999725341797,113.19999694824219,113.0999984741211,113.12999725341797,28273,0.0,0.0
2024-10-07 14:05:00-04:00,113.12999725341797,113.16000366210938,113.11000061035156,113.12999725341797,23087,0.0,0.0
2024-10-07 14:10:00-04:00,113.13500213623047,113.25,113.12999725341797,113.2300033569336,38549,0.0,0.0
2024-10-07 14:15:00-04:00,113.22010040283203,113.25,113.16000366210938,113.16000366210938,30837,0.0,0.0
2024-10-07 14:20:00-04:00,113.16999816894531,113.26000213623047,113.16010284423828,113.20500183105469,23783,0.0,0.0
2024-10-07 14:25:00-04:00,113.20500183105469,113.23600006103516,113.19000244140625,113.20999908447266,36215,0.0,0.0
2024-10-07 14:30:00-04:00,113.20999908447266,113.30000305175781,113.06999969482422,113.2156982421875,87085,0.0,0.0
2024-10-07 14:35:00-04:00,113.20999908447266,113.21499633789062,113.0,113.04000091552734,33978,0.0,0.0
2024-10-07 14:40:00-04:00,113.04000091552734,113.1500015258789,112.9800033569336,113.09500122070312,40516,0.0,0.0
2024-10-07 14:45:00-04:00,113.0999984741211,113.11000061035156,112.95999908447266,113.0,33508,0.0,0.0
2024-10-07 14:50:00-04:00,112.98999786376953,113.08989715576172,112.9800033569336,113.07499694824219,36457,0.0,0.0
2024-10-07 14:55:00-04:00,113.08000183105469,113.08000183105469,112.98999786376953,113.0250015258789,36205,0.0,0.0
2024-10-07 15:00:00-04:00,113.02999877929688,113.08000183105469,112.98999786376953,113.04499816894531,50188,0.0,0.0
2024-10-07 15:05:00-04:00,113.05000305175781,113.12000274658203,113.04000091552734,113.11499786376953,32143,0.0,0.0
2024-10-07 15:10:00-04:00,113.12999725341797,113.2699966430664,113.11000061035156,113.25,38037,0.0,0.0
2024-10-07 15:15:00-04:00,113.23999786376953,113.24500274658203,113.13999938964844,113.16500091552734,37135,0.0,0.0
2024-10-07 15:20:00-04:00,113.16000366210938,113.18000030517578,113.08999633789062,113.11499786376953,39090,0.0,0.0
2024-10-07 15:25:00-04:00,113.11499786376953,113.20500183105469,113.11499786376953,113.18000030517578,34940,0.0,0.0
2024-10-07 15:30:00-04:00,113.18499755859375,113.21499633789062,113.08000183105469,113.08000183105469,46803,0.0,0.0
2024-10-07 15:35:00-04:00,113.08000183105469,113.13500213623047,113.04000091552734,113.11499786376953,51579,0.0,0.0
2024-10-07 15:40:00-04:00,113.12000274658203,113.18000030517578,113.0999984741211,113.1500015258789,68032,0.0,0.0
2024-10-07 15:45:00-04:00,113.15499877929688,113.16999816894531,113.05999755859375,113.15499877929688,66928,0.0,0.0
2024-10-07 15:50:00-04:00,113.1500015258789,113.37999725341797,113.1500015258789,113.27999877929688,100105,0.0,0.0
2024-10-07 15:55:00-04:00,113.2750015258789,113.41999816894531,113.18499755859375,113.36000061035156,380374,0.0,0.0
2024-10-08 09:30:00-04:00,113.75,114.80999755859375,113.75,114.41999816894531,266476,0.0,0.0
2024-10-08 09:35:00-04:00,114.38999938964844,114.72000122070312,114.19010162353516,114.68000030517578,52936,0.0,0.0
2024-10-08 09:40:00-04:00,114.62999725341797,115.06999969482422,114.56999969482422,114.98500061035156,100176,0.0,0.0
2024-10-08 09:45:00-04:00,115.01000213623047,115.29499816894531,114.79000091552734,114.8499984741211,59623,0.0,0.0
2024-10-08 09:50:00-04:00,114.83000183105469,115.16000366210938,114.7699966430664,115.12999725341797,68390,0.0,0.0
2024-10-08 09:55:00-04:00,115.12999725341797,115.18000030517578,114.9800033569336,115.05000305175781,44716,0.0,0.0
2024-10-08 10:00:00-04:00,115.0199966430664,115.06999969482422,114.55000305175781,114.60700225830078,103407,0.0,0.0
2024-10-08 10:05:00-04:00,114.63670349121094,114.63670349121094,114.25,114.2699966430664,71464,0.0,0.0
2024-10-08 10:10:00-04:00,114.2699966430664,114.27999877929688,113.97000122070312,114.20999908447266,59277,0.0,0.0
2024-10-08 10:15:00-04:00,114.20999908447266,114.3499984741211,114.05999755859375,114.31999969482422,50260,0.0,0.0
2024-10-08 10:20:00-04:00,114.30999755859375,114.37999725341797,114.06999969482422,114.19499969482422,90243,0.0,0.0
2024-10-08 10:25:00-04:00,114.19999694824219,114.26000213623047,114.12999725341797,114.18250274658203,72680,0.0,0.0
2024-10-08 10:30:00-04:00,114.20999908447266,114.3499984741211,114.06999969482422,114.08000183105469,47606,0.0,0.0
2024-10-08 10:35:00-04:00,114.0999984741211,114.13999938964844,113.91999816894531,114.13999938964844,40386,0.0,0.0
2024-10-08 10:40:00-04:00,114.1500015258789,114.5199966430664,114.1500015258789,114.38130187988281,47042,0.0,0.0
2024-10-08 10:45:00-04:00,114.3949966430664,114.4800033569336,114.3499984741211,114.37210083007812,14996,0.0,0.0
2024-10-08 10:50:00-04:00,114.40499877929688,114.44999694824219,114.31999969482422,114.38999938964844,21269,0.0,0.0
2024-10-08 10:55:00-04:00,114.37000274658203,114.41999816894531,114.33000183105469,114.3499984741211,27455,0.0,0.0
2024-10-08 11:00:00-04:00,114.3499984741211,114.38500213623047,114.2300033569336,114.29499816894531,45712,0.0,0.0
2024-10-08 11:05:00-04:00,114.30999755859375,114.44930267333984,114.27999877929688,114.375,30861,0.0,0.0
2024-10-08 11:10:00-04:00,114.38999938964844,114.44000244140625,114.36000061035156,114.41000366210938,22144,0.0,0.0
2024-10-08 11:15:00-04:00,114.37999725341797,114.55000305175781,114.37000274658203,114.4800033569336,21695,0.0,0.0
2024-10-08 11:20:00-04:00,114.47000122070312,114.48999786376953,114.30999755859375,114.36000061035156,23226,0.0,0.0
2024-10-08 11:25:00-04:00,114.37000274658203,114.51499938964844,114.37000274658203,114.4000015258789,18771,0.0,0.0
2024-10-08 11:30:00-04:00,114.41999816894531,114.48999786376953,114.27999877929688,114.27999877929688,223372,0.0,0.0
2024-10-08 11:35:00-04:00,114.26000213623047,114.33999633789062,114.05000305175781,114.06999969482422,55894,0.0,0.0
2024-10-08 11:40:00-04:00,114.05010223388672,114.06999969482422,114.0,114.05999755859375,13770,0.0,0.0
2024-10-08 11:45:00-04:00,114.08000183105469,114.19999694824219,114.01499938964844,114.12999725341797,28925,0.0,0.0
2024-10-08 11:50:00-04:00,114.1500015258789,114.19999694824219,114.11000061035156,114.17990112304688,15715,0.0,0.0
2024-10-08 11:55:00-04:00,114.19000244140625,114.19000244140625,114.08000183105469,114.08000183105469,16299,0.0,0.0
2024-10-08 12:00:00-04:00,114.06500244140625,114.11000061035156,114.04000091552734,114.08000183105469,14502,0.0,0.0
2024-10-08 12:05:00-04:00,114.08000183105469,114.12999725341797,114.0199966430664,114.06999969482422,23019,0.0,0.0
2024-10-08 12:10:00-04:00,114.08000183105469,114.16000366210938,114.08000183105469,114.1449966430664,15280,0.0,0.0
2024-10-08 12:15:00-04:00,114.16000366210938,114.2300033569336,114.12000274658203,114.2300033569336,15161,0.0,0.0
2024-10-08 12:20:00-04:00,114.23999786376953,114.30000305175781,114.23999786376953,114.2699966430664,14280,0.0,0.0
2024-10-08 12:25:00-04:00,114.30000305175781,114.30999755859375,114.19999694824219,114.2300033569336,10905,0.0,0.0
2024-10-08 12:30:00-04:00,114.22000122070312,114.22100067138672,114.1500015258789,114.18000030517578,14337,0.0,0.0
2024-10-08 12:35:00-04:00,114.18000030517578,114.36000061035156,114.15499877929688,114.3550033569336,24587,0.0,0.0
2024-10-08 12:40:00-04:00,114.35399627685547,114.41999816894531,114.3405990600586,114.37000274658203,14854,0.0,0.0
2024-10-08 12:45:00-04:00,114.38999938964844,114.43000030517578,114.31999969482422,114.37999725341797,19235,0.0,0.0
2024-10-08 12:50:00-04:00,114.37000274658203,114.38999938964844,114.33000183105469,114.38999938964844,11514,0.0,0.0
2024-10-08 12:55:00-04:00,114.4000015258789,114.44000244140625,114.36000061035156,114.375,18130,0.0,0.0
2024-10-08 13:00:00-04:00,114.36299896240234,114.37999725341797,114.27999877929688,114.30000305175781,15101,0.0,0.0
2024-10-08 13:05:00-04:00,114.30000305175781,114.30000305175781,114.20999908447266,114.23999786376953,27517,0.0,0.0
2024-10-08 13:10:00-04:00,114.2300033569336,114.31999969482422,114.2300033569336,114.29399871826172,17349,0.0,0.0
2024-10-08 13:15:00-04:00,114.30000305175781,114.37000274658203,114.24500274658203,114.37000274658203,21619,0.0,0.0
2024-10-08 13:20:00-04:00,114.37000274658203,114.43620300292969,114.37000274658203,114.43000030517578,24409,0.0,0.0
2024-10-08 13:25:00-04:00,114.42739868164062,114.48500061035156,114.42739868164062,114.47000122070312,24932,0.0,0.0
2024-10-08 13:30:00-04:00,114.45999908447266,114.52999877929688,114.44999694824219,114.51000213623047,22162,0.0,0.0
2024-10-08 13:35:00-04:00,114.5199966430664,114.61000061035156,114.5199966430664,114.56999969482422,19974,0.0,0.0
2024-10-08 13:40:00-04:00,114.56990051269531,114.68499755859375,114.56990051269531,114.6500015258789,21093,0.0,0.0
2024-10-08 13:45:00-04:00,114.6500015258789,114.69499969482422,114.62000274658203,114.66999816894531,18108,0.0,0.0
2024-10-08 13:50:00-04:00,114.66999816894531,114.69000244140625,114.61000061035156,114.66000366210938,18933,0.0,0.0
2024-10-08 13:55:00-04:00,114.6500015258789,114.66999816894531,114.5999984741211,114.62999725341797,24610,0.0,0.0
2024-10-08 14:00:00-04:00,114.63999938964844,114.76000213623047,114.63999938964844,114.76000213623047,25722,0.0,0.0
2024-10-08 14:05:00-04:00,114.75,114.80000305175781,114.67500305175781,114.69999694824219,28139,0.0,0.0
2024-10-08 14:10:00-04:00,114.69999694824219,114.77999877929688,114.69999694824219,114.7750015258789,24360,0.0,0.0
2024-10-08 14:15:00-04:00,114.7699966430664,114.78500366210938,114.69999694824219,114.72250366210938,33022,0.0,0.0
2024-10-08 14:20:00-04:00,114.7249984741211,114.75,114.70500183105469,114.73999786376953,23754,0.0,0.0
2024-10-08 14:25:00-04:00,114.74500274658203,114.80999755859375,114.72000122070312,114.76000213623047,26873,0.0,0.0
2024-10-08 14:30:00-04:00,114.7699966430664,114.77999877929688,114.61000061035156,114.68499755859375,20919,0.0,0.0
2024-10-08 14:35:00-04:00,114.68000030517578,114.70999908447266,114.57499694824219,114.6500015258789,24678,0.0,0.0
2024-10-08 14:40:00-04:00,114.6500015258789,114.66000366210938,114.58999633789062,114.66000366210938,15190,0.0,0.0
2024-10-08 14:45:00-04:00,114.65499877929688,114.73999786376953,114.6500015258789,114.69000244140625,21778,0.0,0.0
2024-10-08 14:50:00-04:00,114.69999694824219,114.79000091552734,114.69999694824219,114.75,18016,0.0,0.0
2024-10-08 14:55:00-04:00,114.75,114.83999633789062,114.74539947509766,114.81999969482422,25920,0.0,0.0
2024-10-08 15:00:00-04:00,114.82499694824219,114.83999633789062,114.72360229492188,114.75,27123,0.0,0.0
2024-10-08 15:05:00-04:00,114.74500274658203,114.7699966430664,114.71009826660156,114.73999786376953,19029,0.0,0.0
2024-10-08 15:10:00-04:00,114.73999786376953,114.77999877929688,114.68499755859375,114.70999908447266,33514,0.0,0.0
2024-10-08 15:15:00-04:00,114.69000244140625,114.75,114.69000244140625,114.7300033569336,24103,0.0,0.0
2024-10-08 15:20:00-04:00,114.72000122070312,114.75,114.66999816894531,114.72000122070312,33037,0.0,0.0
2024-10-08 15:25:00-04:00,114.72000122070312,114.76000213623047,114.69000244140625,114.72000122070312,29976,0.0,0.0
2024-10-08 15:30:00-04:00,114.72000122070312,114.8550033569336,114.72000122070312,114.84989929199219,34492,0.0,0.0
2024-10-08 15:35:00-04:00,114.83999633789062,114.93000030517578,114.81999969482422,114.91999816894531,42047,0.0,0.0
2024-10-08 15:40:00-04:00,114.93000030517578,114.93499755859375,114.7699966430664,114.80000305175781,88029,0.0,0.0
2024-10-08 15:45:00-04:00,114.80000305175781,114.88999938964844,114.75,114.87000274658203,89437,0.0,0.0
2024-10-08 15:50:00-04:00,114.87000274658203,114.875,114.67500305175781,114.69000244140625,133266,0.0,0.0
2024-10-08 15:55:00-04:00,114.68000030517578,114.7249984741211,114.52999877929688,114.5999984741211,311113,0.0,0.0
2024-10-09 09:30:00-04:00,114.9800033569336,115.08999633789062,114.66000366210938,114.86000061035156,69826,0.0,0.0
2024-10-09 09:35:00-04:00,114.9800033569336,114.99500274658203,114.58999633789062,114.91999816894531,42494,0.0,0.0
2024-10-09 09:40:00-04:00,114.91999816894531,115.19999694824219,114.91000366210938,115.0,24803,0.0,0.0
2024-10-09 09:45:00-04:00,115.0,115.1500015258789,114.82769775390625,115.03500366210938,37674,0.0,0.0
2024-10-09 09:50:00-04:00,115.0199966430664,115.1500015258789,114.94999694824219,115.06999969482422,16417,0.0,0.0
2024-10-09 09:55:00-04:00,115.0199966430664,115.10189819335938,114.9000015258789,115.05999755859375,26530,0.0,0.0
2024-10-09 10:00:00-04:00,115.05000305175781,115.08999633789062,114.90070343017578,114.90499877929688,19474,0.0,0.0
2024-10-09 10:05:00-04:00,114.91000366210938,114.98999786376953,114.77999877929688,114.95500183105469,23796,0.0,0.0
2024-10-09 10:10:00-04:00,114.93000030517578,115.0199966430664,114.73999786376953,114.76499938964844,22304,0.0,0.0
2024-10-09 10:15:00-04:00,114.73999786376953,114.7698974609375,114.62000274658203,114.73999786376953,13659,0.0,0.0
2024-10-09 10:20:00-04:00,114.7300033569336,114.88999938964844,114.6500015258789,114.6500015258789,38996,0.0,0.0
2024-10-09 10:25:00-04:00,114.625,114.78990173339844,114.62000274658203,114.70999908447266,27064,0.0,0.0
2024-10-09 10:30:00-04:00,114.72000122070312,114.79000091552734,114.58999633789062,114.58999633789062,19952,0.0,0.0
2024-10-09 10:35:00-04:00,114.55999755859375,114.69000244140625,114.55999755859375,114.60579681396484,12649,0.0,0.0
2024-10-09 10:40:00-04:00,114.63999938964844,114.79000091552734,114.61499786376953,114.74009704589844,61829,0.0,0.0
2024-10-09 10:45:00-04:00,114.76000213623047,114.88999938964844,114.74189758300781,114.83999633789062,16323,0.0,0.0
2024-10-09 10:50:00-04:00,114.80999755859375,114.9800033569336,114.72000122070312,114.97000122070312,35097,0.0,0.0
2024-10-09 10:55:00-04:00,114.9896011352539,114.98999786376953,114.87999725341797,114.93000030517578,17015,0.0,0.0
2024-10-09 11:00:00-04:00,114.93499755859375,115.13999938964844,114.93000030517578,115.07990264892578,21677,0.0,0.0
2024-10-09 11:05:00-04:00,115.08000183105469,115.20999908447266,115.07499694824219,115.12000274658203,22699,0.0,0.0
2024-10-09 11:10:00-04:00,115.12999725341797,115.27999877929688,115.12999725341797,115.23999786376953,23126,0.0,0.0
2024-10-09 11:15:00-04:00,115.25,115.33999633789062,115.23999786376953,115.33000183105469,18130,0.0,0.0
2024-10-09 11:20:00-04:00,115.33499908447266,115.55000305175781,115.33000183105469,115.53500366210938,40053,0.0,0.0
2024-10-09 11:25:00-04:00,115.55000305175781,115.56999969482422,115.45899963378906,115.48529815673828,25739,0.0,0.0
2024-10-09 11:30:00-04:00,115.48999786376953,115.58999633789062,115.47000122070312,115.5,25585,0.0,0.0
2024-10-09 11:35:00-04:00,115.51000213623047,115.6500015258789,115.48999786376953,115.62999725341797,20591,0.0,0.0
2024-10-09 11:40:00-04:00,115.6500015258789,115.70999908447266,115.5999984741211,115.66929626464844,29017,0.0,0.0
2024-10-09 11:45:00-04:00,115.66999816894531,115.75499725341797,115.6155014038086,115.72000122070312,21659,0.0,0.0
2024-10-09 11:50:00-04:00,115.7300033569336,115.83999633789062,115.7300033569336,115.7699966430664,20181,0.0,0.0
2024-10-09 11:55:00-04:00,115.7699966430664,115.77999877929688,115.62000274658203,115.66000366210938,20982,0.0,0.0
2024-10-09 12:00:00-04:00,115.66000366210938,115.80000305175781,115.66000366210938,115.78990173339844,27001,0.0,0.0
2024-10-09 12:05:00-04:00,115.79000091552734,115.80000305175781,115.68730163574219,115.73480224609375,17715,0.0,0.0
2024-10-09 12:10:00-04:00,115.72000122070312,115.88999938964844,115.69499969482422,115.875,53616,0.0,0.0
2024-10-09 12:15:00-04:00,115.87999725341797,115.95999908447266,115.87999725341797,115.94000244140625,18530,0.0,0.0
2024-10-09 12:20:00-04:00,115.93000030517578,116.01000213623047,115.93000030517578,116.0,25710,0.0,0.0
2024-10-09 12:25:00-04:00,116.01000213623047,116.0177993774414,115.7699966430664,115.81999969482422,24815,0.0,0.0
2024-10-09 12:30:00-04:00,115.83999633789062,115.83999633789062,115.68939971923828,115.74500274658203,17810,0.0,0.0
2024-10-09 12:35:00-04:00,115.73999786376953,115.80000305175781,115.73999786376953,115.77770233154297,18486,0.0,0.0
2024-10-09 12:40:00-04:00,115.7699966430664,115.81999969482422,115.76000213623047,115.79000091552734,15709,0.0,0.0
2024-10-09 12:45:00-04:00,115.79969787597656,115.86000061035156,115.7699966430664,115.83999633789062,21248,0.0,0.0
2024-10-09 12:50:00-04:00,115.8499984741211,115.9000015258789,115.83999633789062,115.87000274658203,37891,0.0,0.0
2024-10-09 12:55:00-04:00,115.86930084228516,115.92500305175781,115.8499984741211,115.8949966430664,18408,0.0,0.0
2024-10-09 13:00:00-04:00,115.88999938964844,115.91000366210938,115.80000305175781,115.83999633789062,26138,0.0,0.0
2024-10-09 13:05:00-04:00,115.83499908447266,115.91999816894531,115.73999786376953,115.91999816894531,88778,0.0,0.0
2024-10-09 13:10:00-04:00,115.91999816894531,116.01000213623047,115.90499877929688,115.9800033569336,32256,0.0,0.0
2024-10-09 13:15:00-04:00,116.0,116.25,115.98999786376953,116.23999786376953,56079,0.0,0.0
2024-10-09 13:20:00-04:00,116.23999786376953,116.26000213623047,116.16000366210938,116.18509674072266,24556,0.0,0.0
2024-10-09 13:25:00-04:00,116.19000244140625,116.2699966430664,116.09049987792969,116.10970306396484,29936,0.0,0.0
2024-10-09 13:30:00-04:00,116.09500122070312,116.13999938964844,116.04000091552734,116.13500213623047,20607,0.0,0.0
2024-10-09 13:35:00-04:00,116.12999725341797,116.12999725341797,115.9738998413086,115.97669982910156,17598,0.0,0.0
2024-10-09 13:40:00-04:00,115.9800033569336,116.05999755859375,115.95999908447266,116.01000213623047,30854,0.0,0.0
2024-10-09 13:45:00-04:00,116.0,116.11000061035156,116.0,116.0999984741211,29400,0.0,0.0
2024-10-09 13:50:00-04:00,116.0999984741211,116.0999984741211,115.9000015258789,115.9000015258789,38337,0.0,0.0
2024-10-09 13:55:00-04:00,115.91999816894531,115.95999908447266,115.822998046875,115.83000183105469,24123,0.0,0.0
2024-10-09 14:00:00-04:00,115.83000183105469,115.86499786376953,115.77999877929688,115.80500030517578,23192,0.0,0.0
2024-10-09 14:05:00-04:00,115.81990051269531,115.81990051269531,115.72000122070312,115.73999786376953,25877,0.0,0.0
2024-10-09 14:10:00-04:00,115.74500274658203,115.75,115.55999755859375,115.62000274658203,34424,0.0,0.0
2024-10-09 14:15:00-04:00,115.61990356445312,115.66999816894531,115.58000183105469,115.62000274658203,27382,0.0,0.0
2024-10-09 14:20:00-04:00,115.5999984741211,115.6500015258789,115.5250015258789,115.5250015258789,25605,0.0,0.0
2024-10-09 14:25:00-04:00,115.54000091552734,115.58499908447266,115.4800033569336,115.48999786376953,20947,0.0,0.0
2024-10-09 14:30:00-04:00,115.47000122070312,115.47000122070312,115.37999725341797,115.41999816894531,24906,0.0,0.0
2024-10-09 14:35:00-04:00,115.42150115966797,115.54499816894531,115.4000015258789,115.5199966430664,27192,0.0,0.0
2024-10-09 14:40:00-04:00,115.51000213623047,115.61000061035156,115.51000213623047,115.5999984741211,23702,0.0,0.0
2024-10-09 14:45:00-04:00,115.5999984741211,115.66000366210938,115.55999755859375,115.6500015258789,18630,0.0,0.0
2024-10-09 14:50:00-04:00,115.63999938964844,115.63999938964844,115.5199966430664,115.59500122070312,31401,0.0,0.0
2024-10-09 14:55:00-04:00,115.59500122070312,115.7300033569336,115.48999786376953,115.7300033569336,31543,0.0,0.0
2024-10-09 15:00:00-04:00,115.7300033569336,115.7300033569336,115.55999755859375,115.55999755859375,21446,0.0,0.0
2024-10-09 15:05:00-04:00,115.56449890136719,115.68000030517578,115.56009674072266,115.66999816894531,18237,0.0,0.0
2024-10-09 15:10:00-04:00,115.66500091552734,115.68499755859375,115.58999633789062,115.62000274658203,19136,0.0,0.0
2024-10-09 15:15:00-04:00,115.62039947509766,115.69999694824219,115.62000274658203,115.66999816894531,30282,0.0,0.0
2024-10-09 15:20:00-04:00,115.68499755859375,115.73999786376953,115.66999816894531,115.73999786376953,27770,0.0,0.0
2024-10-09 15:25:00-04:00,115.75,115.80999755859375,115.75,115.78500366210938,27812,0.0,0.0
2024-10-09 15:30:00-04:00,115.78179931640625,115.9800033569336,115.75,115.91999816894531,39566,0.0,0.0
2024-10-09 15:35:00-04:00,115.92150115966797,115.94000244140625,115.80500030517578,115.80500030517578,32285,0.0,0.0
2024-10-09 15:40:00-04:00,115.80999755859375,115.83999633789062,115.7699966430664,115.77999877929688,42385,0.0,0.0
2024-10-09 15:45:00-04:00,115.77999877929688,115.94000244140625,115.7699966430664,115.9000015258789,50003,0.0,0.0
2024-10-09 15:50:00-04:00,115.87999725341797,116.00499725341797,115.8550033569336,116.0,96065,0.0,0.0
2024-10-09 15:55:00-04:00,116.00499725341797,116.04000091552734,115.91999816894531,115.95999908447266,206459,0.0,0.0
2024-10-10 09:30:00-04:00,116.21499633789062,116.45999908447266,115.9800033569336,116.2699966430664,148061,0.0,0.0
2024-10-10 09:35:00-04:00,116.27999877929688,116.44000244140625,115.91999816894531,116.16000366210938,52664,0.0,0.0
2024-10-10 09:40:00-04:00,116.19999694824219,116.41999816894531,116.17500305175781,116.29000091552734,32065,0.0,0.0
2024-10-10 09:45:00-04:00,116.30500030517578,116.7699966430664,116.26000213623047,116.7699966430664,32639,0.0,0.0
2024-10-10 09:50:00-04:00,116.77999877929688,116.8499984741211,116.4800033569336,116.63999938964844,59135,0.0,0.0
2024-10-10 09:55:00-04:00,116.63999938964844,116.6500015258789,116.0,116.0199966430664,43509,0.0,0.0
2024-10-10 10:00:00-04:00,116.02999877929688,116.11000061035156,115.94000244140625,116.05999755859375,36853,0.0,0.0
2024-10-10 10:05:00-04:00,116.05000305175781,116.27999877929688,116.0199966430664,116.0199966430664,24010,0.0,0.0
2024-10-10 10:10:00-04:00,116.02999877929688,116.06999969482422,115.80999755859375,115.81999969482422,44052,0.0,0.0
2024-10-10 10:15:00-04:00,115.83000183105469,115.91999816894531,115.79000091552734,115.80999755859375,289824,0.0,0.0
2024-10-10 10:20:00-04:00,115.80000305175781,115.83999633789062,115.55999755859375,115.55999755859375,39918,0.0,0.0
2024-10-10 10:25:00-04:00,115.55999755859375,115.69000244140625,115.44999694824219,115.63999938964844,39755,0.0,0.0
2024-10-10 10:30:00-04:00,115.69999694824219,115.86000061035156,115.69999694824219,115.86000061035156,14888,0.0,0.0
2024-10-10 10:35:00-04:00,115.86000061035156,115.94000244140625,115.83999633789062,115.91999816894531,17201,0.0,0.0
2024-10-10 10:40:00-04:00,115.93000030517578,115.93000030517578,115.8499984741211,115.88999938964844,20122,0.0,0.0
2024-10-10 10:45:00-04:00,115.87999725341797,115.91000366210938,115.72000122070312,115.72000122070312,40584,0.0,0.0
2024-10-10 10:50:00-04:00,115.69000244140625,115.75,115.62999725341797,115.68499755859375,17920,0.0,0.0
2024-10-10 10:55:00-04:00,115.68000030517578,115.68000030517578,115.55000305175781,115.61000061035156,13355,0.0,0.0
2024-10-10 11:00:00-04:00,115.59500122070312,115.80000305175781,115.55000305175781,115.78500366210938,58783,0.0,0.0
2024-10-10 11:05:00-04:00,115.80000305175781,115.94000244140625,115.75499725341797,115.93000030517578,24227,0.0,0.0
2024-10-10 11:10:00-04:00,115.93000030517578,116.0199966430664,115.9000015258789,115.94499969482422,21055,0.0,0.0
2024-10-10 11:15:00-04:00,115.94499969482422,116.01080322265625,115.91500091552734,116.01000213623047,32396,0.0,0.0
2024-10-10 11:20:00-04:00,115.98999786376953,115.98999786376953,115.93000030517578,115.96499633789062,24622,0.0,0.0
2024-10-10 11:25:00-04:00,115.96499633789062,115.96499633789062,115.72000122070312,115.79000091552734,32393,0.0,0.0
2024-10-10 11:30:00-04:00,115.81999969482422,115.87969970703125,115.75,115.87570190429688,19719,0.0,0.0
2024-10-10 11:35:00-04:00,115.87000274658203,115.88999938964844,115.73500061035156,115.77999877929688,19666,0.0,0.0
2024-10-10 11:40:00-04:00,115.80000305175781,115.8499984741211,115.77999877929688,115.83760070800781,15845,0.0,0.0
2024-10-10 11:45:00-04:00,115.81999969482422,115.81999969482422,115.69999694824219,115.7300033569336,14779,0.0,0.0
2024-10-10 11:50:00-04:00,115.71600341796875,115.72000122070312,115.62000274658203,115.66999816894531,19936,0.0,0.0
2024-10-10 11:55:00-04:00,115.68000030517578,115.7300033569336,115.6500015258789,115.7249984741211,30586,0.0,0.0
2024-10-10 12:00:00-04:00,115.7300033569336,115.73999786376953,115.68499755859375,115.68499755859375,19215,0.0,0.0
2024-10-10 12:05:00-04:00,115.70999908447266,115.7699966430664,115.70500183105469,115.75499725341797,15077,0.0,0.0
2024-10-10 12:10:00-04:00,115.75,115.8499984741211,115.74500274658203,115.82499694824219,17520,0.0,0.0
2024-10-10 12:15:00-04:00,115.83999633789062,115.84500122070312,115.73999786376953,115.83999633789062,21096,0.0,0.0
2024-10-10 12:20:00-04:00,115.83999633789062,115.88999938964844,115.78500366210938,115.78500366210938,15193,0.0,0.0
2024-10-10 12:25:00-04:00,115.77999877929688,115.81500244140625,115.7699966430664,115.81500244140625,10471,0.0,0.0
2024-10-10 12:30:00-04:00,115.80999755859375,115.8499984741211,115.77999877929688,115.80000305175781,17273,0.0,0.0
2024-10-10 12:35:00-04:00,115.79000091552734,115.83000183105469,115.7699966430664,115.80999755859375,10983,0.0,0.0
2024-10-10 12:40:00-04:00,115.80000305175781,115.80000305175781,115.62999725341797,115.66999816894531,23249,0.0,0.0
2024-10-10 12:45:00-04:00,115.68000030517578,115.73899841308594,115.6500015258789,115.65499877929688,13556,0.0,0.0
2024-10-10 12:50:00-04:00,115.66000366210938,115.70500183105469,115.66000366210938,115.68000030517578,11007,0.0,0.0
2024-10-10 12:55:00-04:00,115.69000244140625,115.76000213623047,115.69000244140625,115.69999694824219,36891,0.0,0.0
2024-10-10 13:00:00-04:00,115.70999908447266,115.72000122070312,115.62999725341797,115.63999938964844,21753,0.0,0.0
2024-10-10 13:05:00-04:00,115.63500213623047,115.7249984741211,115.62999725341797,115.6500015258789,18555,0.0,0.0
2024-10-10 13:10:00-04:00,115.63999938964844,115.69000244140625,115.63500213623047,115.68000030517578,7107,0.0,0.0
2024-10-10 13:15:00-04:00,115.68000030517578,115.71499633789062,115.62999725341797,115.70010375976562,33140,0.0,0.0
2024-10-10 13:20:00-04:00,115.71649932861328,115.78500366210938,115.71600341796875,115.7699966430664,23852,0.0,0.0
2024-10-10 13:25:00-04:00,115.76860046386719,115.7699966430664,115.66000366210938,115.739501953125,19621,0.0,0.0
2024-10-10 13:30:00-04:00,115.72000122070312,115.75499725341797,115.72000122070312,115.74500274658203,9724,0.0,0.0
2024-10-10 13:35:00-04:00,115.75,115.81999969482422,115.75,115.80000305175781,18928,0.0,0.0
2024-10-10 13:40:00-04:00,115.80999755859375,115.875,115.80999755859375,115.83999633789062,13988,0.0,0.0
2024-10-10 13:45:00-04:00,115.84040069580078,115.88999938964844,115.76000213623047,115.7699966430664,14549,0.0,0.0
2024-10-10 13:50:00-04:00,115.7699966430664,115.77999877929688,115.68000030517578,115.7655029296875,17816,0.0,0.0
2024-10-10 13:55:00-04:00,115.7699966430664,115.83000183105469,115.74500274658203,115.80000305175781,16209,0.0,0.0
2024-10-10 14:00:00-04:00,115.80999755859375,115.80999755859375,115.7300033569336,115.75,17870,0.0,0.0
2024-10-10 14:05:00-04:00,115.75,115.80999755859375,115.74600219726562,115.79000091552734,16682,0.0,0.0
2024-10-10 14:10:00-04:00,115.77999877929688,115.83999633789062,115.75499725341797,115.77999877929688,65554,0.0,0.0
2024-10-10 14:15:00-04:00,115.78500366210938,115.80000305175781,115.75,115.76000213623047,15513,0.0,0.0
2024-10-10 14:20:00-04:00,115.76000213623047,115.79000091552734,115.72000122070312,115.7699966430664,21097,0.0,0.0
2024-10-10 14:25:00-04:00,115.7750015258789,115.78990173339844,115.68000030517578,115.71479797363281,16786,0.0,0.0
2024-10-10 14:30:00-04:00,115.71499633789062,115.71499633789062,115.63200378417969,115.69499969482422,21178,0.0,0.0
2024-10-10 14:35:00-04:00,115.69499969482422,115.7699966430664,115.66999816894531,115.73999786376953,18927,0.0,0.0
2024-10-10 14:40:00-04:00,115.73999786376953,115.73999786376953,115.6050033569336,115.63999938964844,21229,0.0,0.0
2024-10-10 14:45:00-04:00,115.62999725341797,115.69000244140625,115.625,115.66999816894531,18619,0.0,0.0
2024-10-10 14:50:00-04:00,115.66000366210938,115.66000366210938,115.55500030517578,115.5999984741211,19962,0.0,0.0
2024-10-10 14:55:00-04:00,115.5999984741211,115.7699966430664,115.5999984741211,115.66999816894531,32932,0.0,0.0
2024-10-10 15:00:00-04:00,115.66000366210938,115.69999694824219,115.62000274658203,115.62000274658203,24853,0.0,0.0
2024-10-10 15:05:00-04:00,115.62000274658203,115.6498031616211,115.5999984741211,115.62999725341797,21642,0.0,0.0
2024-10-10 15:10:00-04:00,115.62999725341797,115.6500015258789,115.58999633789062,115.58999633789062,18995,0.0,0.0
2024-10-10 15:15:00-04:00,115.58000183105469,115.5999984741211,115.52100372314453,115.54000091552734,23863,0.0,0.0
2024-10-10 15:20:00-04:00,115.54000091552734,115.5999984741211,115.5250015258789,115.52510070800781,36450,0.0,0.0
2024-10-10 15:25:00-04:00,115.52999877929688,115.54000091552734,115.4800033569336,115.51499938964844,29715,0.0,0.0
2024-10-10 15:30:00-04:00,115.51499938964844,115.62999725341797,115.51010131835938,115.625,37940,0.0,0.0
2024-10-10 15:35:00-04:00,115.625,115.72000122070312,115.5999984741211,115.72000122070312,46493,0.0,0.0
2024-10-10 15:40:00-04:00,115.7249984741211,115.7300033569336,115.5999984741211,115.61000061035156,50542,0.0,0.0
2024-10-10 15:45:00-04:00,115.5999984741211,115.5999984741211,115.50499725341797,115.54499816894531,60323,0.0,0.0
2024-10-10 15:50:00-04:00,115.5,115.68499755859375,115.4800033569336,115.62570190429688,117575,0.0,0.0
2024-10-10 15:55:00-04:00,115.62999725341797,115.70999908447266,115.58000183105469,115.61000061035156,288655,0.0,0.0
2024-10-11 09:30:00-04:00,116.20999908447266,116.62999725341797,115.94499969482422,116.26000213623047,80266,0.0,0.0
2024-10-11 09:35:00-04:00,116.16000366210938,116.57499694824219,116.16000366210938,116.57499694824219,38885,0.0,0.0
2024-10-11 09:40:00-04:00,116.58000183105469,116.63500213623047,116.4800033569336,116.61000061035156,36028,0.0,0.0
2024-10-11 09:45:00-04:00,116.58000183105469,116.61000061035156,116.36000061035156,116.48999786376953,25678,0.0,0.0
2024-10-11 09:50:00-04:00,116.5,116.5,116.33999633789062,116.44499969482422,19826,0.0,0.0
2024-10-11 09:55:00-04:00,116.44499969482422,116.75,116.41999816894531,116.7300033569336,41518,0.0,0.0
2024-10-11 10:00:00-04:00,116.7300033569336,116.80000305175781,116.66000366210938,116.69999694824219,35650,0.0,0.0
2024-10-11 10:05:00-04:00,116.69999694824219,116.88999938964844,116.69999694824219,116.79000091552734,34533,0.0,0.0
2024-10-11 10:10:00-04:00,116.79000091552734,117.12000274658203,116.75,117.09500122070312,47520,0.0,0.0
2024-10-11 10:15:00-04:00,117.11000061035156,117.26000213623047,117.11000061035156,117.19000244140625,56533,0.0,0.0
2024-10-11 10:20:00-04:00,117.19999694824219,117.27999877929688,117.12000274658203,117.12999725341797,62202,0.0,0.0
2024-10-11 10:25:00-04:00,117.13999938964844,117.16999816894531,116.86000061035156,116.86000061035156,45644,0.0,0.0
2024-10-11 10:30:00-04:00,116.91000366210938,116.9800033569336,116.76000213623047,116.97000122070312,34731,0.0,0.0
2024-10-11 10:35:00-04:00,116.94999694824219,116.94999694824219,116.69000244140625,116.875,50305,0.0,0.0
2024-10-11 10:40:00-04:00,116.86000061035156,116.87999725341797,116.79000091552734,116.86499786376953,41913,0.0,0.0
2024-10-11 10:45:00-04:00,116.86499786376953,117.0,116.86499786376953,116.98999786376953,30151,0.0,0.0
2024-10-11 10:50:00-04:00,116.9800033569336,117.04000091552734,116.92900085449219,116.97000122070312,79083,0.0,0.0
2024-10-11 10:55:00-04:00,116.95999908447266,116.98999786376953,116.8499984741211,116.9000015258789,33649,0.0,0.0
2024-10-11 11:00:00-04:00,116.9000015258789,116.9000015258789,116.80000305175781,116.80999755859375,16031,0.0,0.0
2024-10-11 11:05:00-04:00,116.80999755859375,116.8499984741211,116.72000122070312,116.80500030517578,58286,0.0,0.0
2024-10-11 11:10:00-04:00,116.81500244140625,116.86000061035156,116.79000091552734,116.80999755859375,37954,0.0,0.0
2024-10-11 11:15:00-04:00,116.80000305175781,116.83000183105469,116.7699966430664,116.81999969482422,40721,0.0,0.0
2024-10-11 11:20:00-04:00,116.80999755859375,116.81999969482422,116.63999938964844,116.66000366210938,43484,0.0,0.0
2024-10-11 11:25:00-04:00,116.66999816894531,116.68000030517578,116.56999969482422,116.56999969482422,16482,0.0,0.0
2024-10-11 11:30:00-04:00,116.54000091552734,116.62999725341797,116.38500213623047,116.5999984741211,21921,0.0,0.0
2024-10-11 11:35:00-04:00,116.61000061035156,116.68000030517578,116.56999969482422,116.66999816894531,20711,0.0,0.0
2024-10-11 11:40:00-04:00,116.69000244140625,116.76000213623047,116.6500015258789,116.69999694824219,37404,0.0,0.0
2024-10-11 11:45:00-04:00,116.69499969482422,116.70999908447266,116.63500213623047,116.66000366210938,24459,0.0,0.0
2024-10-11 11:50:00-04:00,116.66000366210938,116.68000030517578,116.4657974243164,116.49500274658203,21268,0.0,0.0
2024-10-11 11:55:00-04:00,116.48999786376953,116.5,116.42500305175781,116.5,16449,0.0,0.0
2024-10-11 12:00:00-04:00,116.51000213623047,116.55000305175781,116.44999694824219,116.47000122070312,21497,0.0,0.0
2024-10-11 12:05:00-04:00,116.44999694824219,116.44999694824219,116.30000305175781,116.30999755859375,15579,0.0,0.0
2024-10-11 12:10:00-04:00,116.30999755859375,116.3499984741211,116.20500183105469,116.20500183105469,23514,0.0,0.0
2024-10-11 12:15:00-04:00,116.20999908447266,116.2750015258789,116.20500183105469,116.2750015258789,18904,0.0,0.0
2024-10-11 12:20:00-04:00,116.2699966430664,116.2874984741211,116.19999694824219,116.26000213623047,15409,0.0,0.0
2024-10-11 12:25:00-04:00,116.25,116.34500122070312,116.25,116.33999633789062,19425,0.0,0.0
2024-10-11 12:30:00-04:00,116.33499908447266,116.3499984741211,116.29000091552734,116.34500122070312,11203,0.0,0.0
2024-10-11 12:35:00-04:00,116.33999633789062,116.34500122070312,116.26000213623047,116.30000305175781,18811,0.0,0.0
2024-10-11 12:40:00-04:00,116.30999755859375,116.34500122070312,116.30500030517578,116.33499908447266,13911,0.0,0.0
2024-10-11 12:45:00-04:00,116.33000183105469,116.36000061035156,116.26000213623047,116.33000183105469,33785,0.0,0.0
2024-10-11 12:50:00-04:00,116.33999633789062,116.375,116.30000305175781,116.30000305175781,9557,0.0,0.0
2024-10-11 12:55:00-04:00,116.30000305175781,116.31999969482422,116.25,116.25129699707031,16017,0.0,0.0
2024-10-11 13:00:00-04:00,116.26000213623047,116.30000305175781,116.19000244140625,116.23500061035156,16310,0.0,0.0
2024-10-11 13:05:00-04:00,116.24500274658203,116.2699966430664,116.02999877929688,116.02999877929688,36096,0.0,0.0
2024-10-11 13:10:00-04:00,116.02999877929688,116.16999816894531,116.02999877929688,116.12999725341797,24028,0.0,0.0
2024-10-11 13:15:00-04:00,116.125,116.23999786376953,116.06999969482422,116.125,56704,0.0,0.0
2024-10-11 13:20:00-04:00,116.12999725341797,116.22000122070312,116.12999725341797,116.16000366210938,13282,0.0,0.0
2024-10-11 13:25:00-04:00,116.16999816894531,116.25,116.12349700927734,116.24500274658203,18075,0.0,0.0
2024-10-11 13:30:00-04:00,116.24009704589844,116.33989715576172,116.24009704589844,116.29499816894531,26611,0.0,0.0
2024-10-11 13:35:00-04:00,116.27999877929688,116.33999633789062,116.24440002441406,116.33499908447266,27340,0.0,0.0
2024-10-11 13:40:00-04:00,116.33499908447266,116.4000015258789,116.33499908447266,116.4000015258789,18297,0.0,0.0
2024-10-11 13:45:00-04:00,116.43000030517578,116.43499755859375,116.26000213623047,116.33999633789062,16002,0.0,0.0
2024-10-11 13:50:00-04:00,116.29499816894531,116.32499694824219,116.26000213623047,116.29779815673828,15162,0.0,0.0
2024-10-11 13:55:00-04:00,116.29000091552734,116.29000091552734,116.21389770507812,116.22000122070312,17539,0.0,0.0
2024-10-11 14:00:00-04:00,116.20999908447266,116.26000213623047,116.18000030517578,116.25,36669,0.0,0.0
2024-10-11 14:05:00-04:00,116.26139831542969,116.36499786376953,116.26139831542969,116.33000183105469,22426,0.0,0.0
2024-10-11 14:10:00-04:00,116.31999969482422,116.3499984741211,116.30000305175781,116.3499984741211,11704,0.0,0.0
2024-10-11 14:15:00-04:00,116.36000061035156,116.36000061035156,116.29499816894531,116.30500030517578,19731,0.0,0.0
2024-10-11 14:20:00-04:00,116.30000305175781,116.3499984741211,116.29750061035156,116.30999755859375,14433,0.0,0.0
2024-10-11 14:25:00-04:00,116.31999969482422,116.4000015258789,116.31999969482422,116.3499984741211,17331,0.0,0.0
2024-10-11 14:30:00-04:00,116.36000061035156,116.36000061035156,116.30000305175781,116.30999755859375,15514,0.0,0.0
2024-10-11 14:35:00-04:00,116.31999969482422,116.31999969482422,116.23999786376953,116.29000091552734,21899,0.0,0.0
2024-10-11 14:40:00-04:00,116.30000305175781,116.33000183105469,116.24665832519531,116.32499694824219,21711,0.0,0.0
2024-10-11 14:45:00-04:00,116.33000183105469,116.36000061035156,116.30000305175781,116.30000305175781,14235,0.0,0.0
2024-10-11 14:50:00-04:00,116.30000305175781,116.32980346679688,116.25,116.2562026977539,16086,0.0,0.0
2024-10-11 14:55:00-04:00,116.27999877929688,116.31999969482422,116.25499725341797,116.26000213623047,28993,0.0,0.0
2024-10-11 15:00:00-04:00,116.26000213623047,116.30000305175781,116.24610137939453,116.26860046386719,23169,0.0,0.0
2024-10-11 15:05:00-04:00,116.26499938964844,116.30999755859375,116.22000122070312,116.27999877929688,23844,0.0,0.0
2024-10-11 15:10:00-04:00,116.27999877929688,116.38500213623047,116.27999877929688,116.33999633789062,27078,0.0,0.0
2024-10-11 15:15:00-04:00,116.33999633789062,116.36000061035156,116.30000305175781,116.30999755859375,14775,0.0,0.0
2024-10-11 15:20:00-04:00,116.31739807128906,116.33999633789062,116.30000305175781,116.33999633789062,17661,0.0,0.0
2024-10-11 15:25:00-04:00,116.33499908447266,116.37999725341797,116.27999877929688,116.28299713134766,37138,0.0,0.0
2024-10-11 15:30:00-04:00,116.2699966430664,116.29499816894531,116.22000122070312,116.23999786376953,39613,0.0,0.0
2024-10-11 15:35:00-04:00,116.23999786376953,116.25,116.16999816894531,116.19000244140625,25375,0.0,0.0
2024-10-11 15:40:00-04:00,116.16999816894531,116.22000122070312,116.08999633789062,116.13500213623047,48562,0.0,0.0
2024-10-11 15:45:00-04:00,116.12999725341797,116.16999816894531,116.04000091552734,116.08499908447266,47591,0.0,0.0
2024-10-11 15:50:00-04:00,116.08999633789062,116.20999908447266,116.04000091552734,116.06999969482422,132046,0.0,0.0
2024-10-11 15:55:00-04:00,116.08000183105469,116.19499969482422,116.03500366210938,116.12999725341797,246648,0.0,0.0
2024-10-14 09:30:00-04:00,116.26000213623047,116.5,115.9800033569336,116.30500030517578,84771,0.0,0.0
2024-10-14 09:35:00-04:00,116.37000274658203,116.53880310058594,116.25,116.41560363769531,30809,0.0,0.0
2024-10-14 09:40:00-04:00,116.38999938964844,116.5999984741211,116.31999969482422,116.5999984741211,20143,0.0,0.0
2024-10-14 09:45:00-04:00,116.5999984741211,116.70999908447266,116.54499816894531,116.70999908447266,21319,0.0,0.0
2024-10-14 09:50:00-04:00,116.7300033569336,116.80000305175781,116.5896987915039,116.62000274658203,21740,0.0,0.0
2024-10-14 09:55:00-04:00,116.6500015258789,116.68499755859375,116.52999877929688,116.6500015258789,21999,0.0,0.0
2024-10-14 10:00:00-04:00,116.63999938964844,116.76000213623047,116.58000183105469,116.69000244140625,28826,0.0,0.0
2024-10-14 10:05:00-04:00,116.70999908447266,116.76000213623047,116.5999984741211,116.63999938964844,26740,0.0,0.0
2024-10-14 10:10:00-04:00,116.6500015258789,116.81999969482422,116.6500015258789,116.80000305175781,27251,0.0,0.0
2024-10-14 10:15:00-04:00,116.81999969482422,117.06999969482422,116.80000305175781,117.02999877929688,38544,0.0,0.0
2024-10-14 10:20:00-04:00,117.04000091552734,117.04499816894531,116.91999816894531,116.94999694824219,17020,0.0,0.0
2024-10-14 10:25:00-04:00,116.91999816894531,116.97000122070312,116.87000274658203,116.89949798583984,40180,0.0,0.0
2024-10-14 10:30:00-04:00,116.87000274658203,117.01000213623047,116.86000061035156,116.94000244140625,27831,0.0,0.0
2024-10-14 10:35:00-04:00,116.94999694824219,116.96959686279297,116.83000183105469,116.9000015258789,25756,0.0,0.0
2024-10-14 10:40:00-04:00,116.88999938964844,116.93000030517578,116.83999633789062,116.92330169677734,24237,0.0,0.0
2024-10-14 10:45:00-04:00,116.91999816894531,116.93000030517578,116.76730346679688,116.76730346679688,22363,0.0,0.0
2024-10-14 10:50:00-04:00,116.76000213623047,116.87999725341797,116.7300033569336,116.80999755859375,35391,0.0,0.0
2024-10-14 10:55:00-04:00,116.80000305175781,116.95999908447266,116.80000305175781,116.91000366210938,73310,0.0,0.0
2024-10-14 11:00:00-04:00,116.9000015258789,116.95999908447266,116.8499984741211,116.8499984741211,20678,0.0,0.0
2024-10-14 11:05:00-04:00,116.8488998413086,116.9000015258789,116.77999877929688,116.86000061035156,21272,0.0,0.0
2024-10-14 11:10:00-04:00,116.8550033569336,117.05999755859375,116.8550033569336,117.05000305175781,62966,0.0,0.0
2024-10-14 11:15:00-04:00,117.05000305175781,117.17539978027344,117.05000305175781,117.1500015258789,21188,0.0,0.0
2024-10-14 11:20:00-04:00,117.12000274658203,117.18000030517578,117.05000305175781,117.06999969482422,27837,0.0,0.0
2024-10-14 11:25:00-04:00,117.06999969482422,117.0999984741211,116.91999816894531,116.94999694824219,47056,0.0,0.0
2024-10-14 11:30:00-04:00,116.94499969482422,117.08999633789062,116.94499969482422,117.0,42177,0.0,0.0
2024-10-14 11:35:00-04:00,117.0,117.2300033569336,116.9800033569336,117.18000030517578,37211,0.0,0.0
2024-10-14 11:40:00-04:00,117.2300033569336,117.35780334472656,117.20999908447266,117.3550033569336,23417,0.0,0.0
2024-10-14 11:45:00-04:00,117.3550033569336,117.38999938964844,117.18000030517578,117.20999908447266,19922,0.0,0.0
2024-10-14 11:50:00-04:00,117.21499633789062,117.21499633789062,117.09010314941406,117.11499786376953,16594,0.0,0.0
2024-10-14 11:55:00-04:00,117.12000274658203,117.18000030517578,117.11499786376953,117.15499877929688,19004,0.0,0.0
2024-10-14 12:00:00-04:00,117.13500213623047,117.16999816894531,117.0999984741211,117.0999984741211,16195,0.0,0.0
2024-10-14 12:05:00-04:00,117.0999984741211,117.1500015258789,117.03500366210938,117.03500366210938,26032,0.0,0.0
2024-10-14 12:10:00-04:00,117.04000091552734,117.16000366210938,117.04000091552734,117.12000274658203,18531,0.0,0.0
2024-10-14 12:15:00-04:00,117.11499786376953,117.13999938964844,117.0199966430664,117.04000091552734,11508,0.0,0.0
2024-10-14 12:20:00-04:00,117.02899932861328,117.11000061035156,117.02899932861328,117.03800201416016,18978,0.0,0.0
2024-10-14 12:25:00-04:00,117.0199966430664,117.05999755859375,117.0199966430664,117.03500366210938,20288,0.0,0.0
2024-10-14 12:30:00-04:00,117.03500366210938,117.12000274658203,117.03500366210938,117.095703125,27813,0.0,0.0
2024-10-14 12:35:00-04:00,117.0999984741211,117.10250091552734,117.0199966430664,117.02999877929688,14423,0.0,0.0
2024-10-14 12:40:00-04:00,117.05000305175781,117.08999633789062,117.0,117.0,15449,0.0,0.0
2024-10-14 12:45:00-04:00,116.9800033569336,117.05000305175781,116.93000030517578,116.96499633789062,26685,0.0,0.0
2024-10-14 12:50:00-04:00,116.96499633789062,117.01000213623047,116.94499969482422,116.9749984741211,23689,0.0,0.0
2024-10-14 12:55:00-04:00,116.9800033569336,117.02999877929688,116.94000244140625,116.99559783935547,23216,0.0,0.0
2024-10-14 13:00:00-04:00,117.0199966430664,117.08000183105469,117.01000213623047,117.05999755859375,11731,0.0,0.0
2024-10-14 13:05:00-04:00,117.05999755859375,117.05999755859375,116.97000122070312,116.9800033569336,12007,0.0,0.0
2024-10-14 13:10:00-04:00,116.98999786376953,117.04000091552734,116.91999816894531,117.02999877929688,25628,0.0,0.0
2024-10-14 13:15:00-04:00,117.04000091552734,117.08000183105469,117.0,117.06999969482422,14865,0.0,0.0
2024-10-14 13:20:00-04:00,117.05000305175781,117.08000183105469,117.0199966430664,117.05999755859375,20152,0.0,0.0
2024-10-14 13:25:00-04:00,117.02999877929688,117.0999984741211,117.01390075683594,117.06999969482422,19452,0.0,0.0
2024-10-14 13:30:00-04:00,117.06999969482422,117.2699966430664,117.05999755859375,117.2300033569336,31387,0.0,0.0
2024-10-14 13:35:00-04:00,117.25,117.30999755859375,117.2300033569336,117.23709869384766,22917,0.0,0.0
2024-10-14 13:40:00-04:00,117.2300033569336,117.23999786376953,117.16999816894531,117.19999694824219,24351,0.0,0.0
2024-10-14 13:45:00-04:00,117.19999694824219,117.2300033569336,117.1677017211914,117.19499969482422,26808,0.0,0.0
2024-10-14 13:50:00-04:00,117.19999694824219,117.23999786376953,117.18000030517578,117.23500061035156,24143,0.0,0.0
2024-10-14 13:55:00-04:00,117.2300033569336,117.25,117.21499633789062,117.23500061035156,28013,0.0,0.0
2024-10-14 14:00:00-04:00,117.22000122070312,117.2300033569336,117.16259765625,117.19999694824219,30861,0.0,0.0
2024-10-14 14:05:00-04:00,117.22000122070312,117.30000305175781,117.19999694824219,117.29499816894531,25607,0.0,0.0
2024-10-14 14:10:00-04:00,117.29000091552734,117.31500244140625,117.2699966430664,117.30999755859375,22331,0.0,0.0
2024-10-14 14:15:00-04:00,117.30999755859375,117.38999938964844,117.30999755859375,117.38999938964844,24585,0.0,0.0
2024-10-14 14:20:00-04:00,117.38999938964844,117.44000244140625,117.37000274658203,117.43499755859375,22200,0.0,0.0
2024-10-14 14:25:00-04:00,117.43000030517578,117.47000122070312,117.41999816894531,117.44000244140625,22886,0.0,0.0
2024-10-14 14:30:00-04:00,117.44000244140625,117.48999786376953,117.44000244140625,117.44000244140625,20199,0.0,0.0
2024-10-14 14:35:00-04:00,117.44000244140625,117.5,117.43000030517578,117.44999694824219,57268,0.0,0.0
2024-10-14 14:40:00-04:00,117.44999694824219,117.47000122070312,117.44000244140625,117.46499633789062,17500,0.0,0.0
2024-10-14 14:45:00-04:00,117.47000122070312,117.48999786376953,117.43000030517578,117.4761962890625,21104,0.0,0.0
2024-10-14 14:50:00-04:00,117.4800033569336,117.53500366210938,117.4749984741211,117.52999877929688,23637,0.0,0.0
2024-10-14 14:55:00-04:00,117.5199966430664,117.52999877929688,117.48999786376953,117.5199966430664,22829,0.0,0.0
2024-10-14 15:00:00-04:00,117.52999877929688,117.55000305175781,117.43499755859375,117.51000213623047,48075,0.0,0.0
2024-10-14 15:05:00-04:00,117.5,117.50830078125,117.45999908447266,117.46499633789062,21209,0.0,0.0
2024-10-14 15:10:00-04:00,117.47000122070312,117.48999786376953,117.37999725341797,117.39990234375,34586,0.0,0.0
2024-10-14 15:15:00-04:00,117.4000015258789,117.45999908447266,117.4000015258789,117.4000015258789,38881,0.0,0.0
2024-10-14 15:20:00-04:00,117.4000015258789,117.50499725341797,117.4000015258789,117.4800033569336,28582,0.0,0.0
2024-10-14 15:25:00-04:00,117.4800033569336,117.5,117.44999694824219,117.48999786376953,28550,0.0,0.0
2024-10-14 15:30:00-04:00,117.4800033569336,117.5,117.44999694824219,117.46499633789062,36516,0.0,0.0
2024-10-14 15:35:00-04:00,117.46499633789062,117.4800033569336,117.38999938964844,117.38999938964844,47118,0.0,0.0
2024-10-14 15:40:00-04:00,117.38999938964844,117.45500183105469,117.37000274658203,117.44999694824219,48717,0.0,0.0
2024-10-14 15:45:00-04:00,117.43000030517578,117.58000183105469,117.38500213623047,117.54000091552734,69697,0.0,0.0
2024-10-14 15:50:00-04:00,117.54000091552734,117.55000305175781,117.36000061035156,117.37999725341797,103445,0.0,0.0
2024-10-14 15:55:00-04:00,117.37000274658203,117.44989776611328,117.16999816894531,117.25,410864,0.0,0.0
2024-10-15 09:30:00-04:00,116.75,117.12999725341797,115.9000015258789,116.16000366210938,172676,0.0,0.0
2024-10-15 09:35:00-04:00,116.06999969482422,116.87000274658203,115.98500061035156,116.8499984741211,67545,0.0,0.0
2024-10-15 09:40:00-04:00,116.85444641113281,116.95999908447266,116.5999984741211,116.87999725341797,67266,0.0,0.0
2024-10-15 09:45:00-04:00,116.83499908447266,117.16000366210938,116.76000213623047,117.11000061035156,63608,0.0,0.0
2024-10-15 09:50:00-04:00,117.16999816894531,117.55999755859375,117.16000366210938,117.33999633789062,66561,0.0,0.0
2024-10-15 09:55:00-04:00,117.37999725341797,117.51000213623047,117.16999816894531,117.37999725341797,86756,0.0,0.0
2024-10-15 10:00:00-04:00,117.36000061035156,117.44000244140625,117.16000366210938,117.20999908447266,52980,0.0,0.0
2024-10-15 10:05:00-04:00,117.18000030517578,117.62999725341797,117.18000030517578,117.61499786376953,92640,0.0,0.0
2024-10-15 10:10:00-04:00,117.61499786376953,117.7699966430664,117.41999816894531,117.58999633789062,56369,0.0,0.0
2024-10-15 10:15:00-04:00,117.56999969482422,117.80999755859375,117.45999908447266,117.77999877929688,51104,0.0,0.0
2024-10-15 10:20:00-04:00,117.80000305175781,118.01000213623047,117.7699966430664,117.88999938964844,103062,0.0,0.0
2024-10-15 10:25:00-04:00,117.83999633789062,117.8499984741211,117.48999786376953,117.76000213623047,58770,0.0,0.0
2024-10-15 10:30:00-04:00,117.7300033569336,118.01000213623047,117.63500213623047,117.91999816894531,75834,0.0,0.0
2024-10-15 10:35:00-04:00,117.91999816894531,118.23500061035156,117.87999725341797,118.20999908447266,86462,0.0,0.0
2024-10-15 10:40:00-04:00,118.22000122070312,118.36000061035156,117.81999969482422,117.95999908447266,71204,0.0,0.0
2024-10-15 10:45:00-04:00,117.93000030517578,117.9800033569336,117.61000061035156,117.63999938964844,42705,0.0,0.0
2024-10-15 10:50:00-04:00,117.63999938964844,117.68000030517578,117.52999877929688,117.65499877929688,44731,0.0,0.0
2024-10-15 10:55:00-04:00,117.6449966430664,117.66999816894531,117.4000015258789,117.45069885253906,34368,0.0,0.0
2024-10-15 11:00:00-04:00,117.45999908447266,117.5199966430664,117.30000305175781,117.4000015258789,36513,0.0,0.0
2024-10-15 11:05:00-04:00,117.39990234375,117.4800033569336,117.33000183105469,117.4198989868164,34733,0.0,0.0
2024-10-15 11:10:00-04:00,117.43000030517578,117.48999786376953,117.2699966430664,117.29000091552734,49812,0.0,0.0
2024-10-15 11:15:00-04:00,117.28500366210938,117.3499984741211,117.2300033569336,117.26499938964844,35987,0.0,0.0
2024-10-15 11:20:00-04:00,117.2699966430664,117.37000274658203,117.19000244140625,117.21499633789062,40306,0.0,0.0
2024-10-15 11:25:00-04:00,117.20500183105469,117.30999755859375,117.12000274658203,117.27999877929688,35869,0.0,0.0
2024-10-15 11:30:00-04:00,117.27999877929688,117.27999877929688,116.94999694824219,116.95500183105469,42147,0.0,0.0
2024-10-15 11:35:00-04:00,116.95500183105469,117.29000091552734,116.93000030517578,117.21878051757812,39896,0.0,0.0
2024-10-15 11:40:00-04:00,117.22000122070312,117.25,117.05999755859375,117.08999633789062,37778,0.0,0.0
2024-10-15 11:45:00-04:00,117.08999633789062,117.08999633789062,116.7699966430664,116.80000305175781,49402,0.0,0.0
2024-10-15 11:50:00-04:00,116.77999877929688,116.9800033569336,116.7699966430664,116.93000030517578,68016,0.0,0.0
2024-10-15 11:55:00-04:00,116.93000030517578,117.0199966430664,116.87000274658203,117.0197982788086,53563,0.0,0.0
2024-10-15 12:00:00-04:00,117.00499725341797,117.0779037475586,116.9000015258789,116.97000122070312,30477,0.0,0.0
2024-10-15 12:05:00-04:00,116.9800033569336,117.11000061035156,116.94999694824219,117.11000061035156,34180,0.0,0.0
2024-10-15 12:10:00-04:00,117.12000274658203,117.1500015258789,116.98999786376953,117.01000213623047,28682,0.0,0.0
2024-10-15 12:15:00-04:00,117.02999877929688,117.0999984741211,116.97000122070312,117.01000213623047,30908,0.0,0.0
2024-10-15 12:20:00-04:00,117.0199966430664,117.04900360107422,116.96260070800781,117.03379821777344,27467,0.0,0.0
2024-10-15 12:25:00-04:00,117.02999877929688,117.04000091552734,116.94000244140625,117.00499725341797,27541,0.0,0.0
2024-10-15 12:30:00-04:00,117.01000213623047,117.01000213623047,116.94499969482422,116.9800033569336,24046,0.0,0.0
2024-10-15 12:35:00-04:00,116.98999786376953,116.98999786376953,116.83899688720703,116.86000061035156,24953,0.0,0.0
2024-10-15 12:40:00-04:00,116.83999633789062,116.87999725341797,116.7300033569336,116.76010131835938,30906,0.0,0.0
2024-10-15 12:45:00-04:00,116.76329803466797,116.80999755859375,116.72000122070312,116.7699966430664,25383,0.0,0.0
2024-10-15 12:50:00-04:00,116.7699966430664,116.81999969482422,116.73999786376953,116.78990173339844,16124,0.0,0.0
2024-10-15 12:55:00-04:00,116.7699966430664,116.77999877929688,116.69999694824219,116.73999786376953,24512,0.0,0.0
2024-10-15 13:00:00-04:00,116.74500274658203,116.77999877929688,116.68000030517578,116.7699966430664,26282,0.0,0.0
2024-10-15 13:05:00-04:00,116.76000213623047,116.81999969482422,116.72000122070312,116.81999969482422,24837,0.0,0.0
2024-10-15 13:10:00-04:00,116.81999969482422,116.83999633789062,116.69999694824219,116.75,46783,0.0,0.0
2024-10-15 13:15:00-04:00,116.76000213623047,116.87000274658203,116.68000030517578,116.68000030517578,30658,0.0,0.0
2024-10-15 13:20:00-04:00,116.69000244140625,116.778564453125,116.62999725341797,116.69999694824219,35171,0.0,0.0
2024-10-15 13:25:00-04:00,116.72000122070312,116.75669860839844,116.62000274658203,116.62000274658203,29200,0.0,0.0
2024-10-15 13:30:00-04:00,116.61000061035156,116.61000061035156,116.5,116.56999969482422,26017,0.0,0.0
2024-10-15 13:35:00-04:00,116.58000183105469,116.58000183105469,116.45999908447266,116.48999786376953,26569,0.0,0.0
2024-10-15 13:40:00-04:00,116.4800033569336,116.63999938964844,116.4800033569336,116.62999725341797,35849,0.0,0.0
2024-10-15 13:45:00-04:00,116.61000061035156,116.61990356445312,116.48999786376953,116.51000213623047,35607,0.0,0.0
2024-10-15 13:50:00-04:00,116.5199966430664,116.5199966430664,116.30000305175781,116.32499694824219,31795,0.0,0.0
2024-10-15 13:55:00-04:00,116.30999755859375,116.40989685058594,116.25,116.40989685058594,42212,0.0,0.0
2024-10-15 14:00:00-04:00,116.38999938964844,116.38999938964844,116.27999877929688,116.29499816894531,29590,0.0,0.0
2024-10-15 14:05:00-04:00,116.27999877929688,116.29000091552734,116.19999694824219,116.25,27770,0.0,0.0
2024-10-15 14:10:00-04:00,116.25499725341797,116.30000305175781,116.19999694824219,116.30000305175781,34033,0.0,0.0
2024-10-15 14:15:00-04:00,116.29000091552734,116.29000091552734,116.22000122070312,116.24500274658203,31914,0.0,0.0
2024-10-15 14:20:00-04:00,116.22000122070312,116.2699966430664,116.16999816894531,116.2300033569336,36616,0.0,0.0
2024-10-15 14:25:00-04:00,116.2249984741211,116.25,116.05999755859375,116.1500015258789,45329,0.0,0.0
2024-10-15 14:30:00-04:00,116.1500015258789,116.16000366210938,116.0199966430664,116.02369689941406,26523,0.0,0.0
2024-10-15 14:35:00-04:00,116.0199966430664,116.02999877929688,115.94999694824219,116.0,30249,0.0,0.0
2024-10-15 14:40:00-04:00,116.01499938964844,116.05999755859375,115.93000030517578,115.9990005493164,74284,0.0,0.0
2024-10-15 14:45:00-04:00,115.9800033569336,116.12000274658203,115.94499969482422,116.05000305175781,40533,0.0,0.0
2024-10-15 14:50:00-04:00,116.05000305175781,116.05000305175781,115.97000122070312,116.0199966430664,34480,0.0,0.0
2024-10-15 14:55:00-04:00,116.02999877929688,116.125,115.98500061035156,116.125,45149,0.0,0.0
2024-10-15 15:00:00-04:00,116.12999725341797,116.16000366210938,116.05500030517578,116.12000274658203,75797,0.0,0.0
2024-10-15 15:05:00-04:00,116.11000061035156,116.11000061035156,115.97000122070312,115.97000122070312,44447,0.0,0.0
2024-10-15 15:10:00-04:00,115.97000122070312,116.26000213623047,115.97000122070312,116.26000213623047,67206,0.0,0.0
2024-10-15 15:15:00-04:00,116.2699966430664,116.2699966430664,116.0999984741211,116.18000030517578,51289,0.0,0.0
2024-10-15 15:20:00-04:00,116.16000366210938,116.33000183105469,116.08999633789062,116.33000183105469,59979,0.0,0.0
2024-10-15 15:25:00-04:00,116.33999633789062,116.38999938964844,116.28500366210938,116.38500213623047,92525,0.0,0.0
2024-10-15 15:30:00-04:00,116.38999938964844,116.44999694824219,116.30000305175781,116.31999969482422,76780,0.0,0.0
2024-10-15 15:35:00-04:00,116.30999755859375,116.3499984741211,116.26000213623047,116.31999969482422,70414,0.0,0.0
2024-10-15 15:40:00-04:00,116.31999969482422,116.36000061035156,116.25,116.29000091552734,92617,0.0,0.0
2024-10-15 15:45:00-04:00,116.29000091552734,116.3499984741211,116.04000091552734,116.05999755859375,178544,0.0,0.0
2024-10-15 15:50:00-04:00,116.05000305175781,116.1500015258789,115.9800033569336,116.02999877929688,258259,0.0,0.0
2024-10-15 15:55:00-04:00,116.04000091552734,116.12000274658203,115.80999755859375,116.08999633789062,690814,0.0,0.0
2024-10-16 09:30:00-04:00,118.01000213623047,118.91999816894531,117.0,117.5374984741211,508425,0.0,0.0
2024-10-16 09:35:00-04:00,117.41999816894531,117.4800033569336,116.63999938964844,117.0,246673,0.0,0.0
2024-10-16 09:40:00-04:00,117.0199966430664,117.86000061035156,116.63999938964844,117.83499908447266,310423,0.0,0.0
2024-10-16 09:45:00-04:00,117.70999908447266,118.38500213623047,117.69000244140625,117.94999694824219,154185,0.0,0.0
2024-10-16 09:50:00-04:00,117.94000244140625,118.58000183105469,117.86000061035156,118.01499938964844,240029,0.0,0.0
2024-10-16 09:55:00-04:00,118.01499938964844,118.58000183105469,118.01499938964844,118.5,192221,0.0,0.0
2024-10-16 10:00:00-04:00,118.48999786376953,118.83999633789062,118.39009857177734,118.41000366210938,134713,0.0,0.0
2024-10-16 10:05:00-04:00,118.44000244140625,118.75,118.3499984741211,118.61499786376953,87213,0.0,0.0
2024-10-16 10:10:00-04:00,118.6500015258789,118.94000244140625,118.58000183105469,118.89119720458984,80227,0.0,0.0
2024-10-16 10:15:00-04:00,118.87000274658203,119.23999786376953,118.77999877929688,119.20999908447266,220223,0.0,0.0
2024-10-16 10:20:00-04:00,119.20999908447266,119.5199966430664,118.9800033569336,119.13999938964844,131409,0.0,0.0
2024-10-16 10:25:00-04:00,119.11000061035156,119.29000091552734,118.94499969482422,119.05999755859375,80980,0.0,0.0
2024-10-16 10:30:00-04:00,119.02999877929688,119.18000030517578,118.75,118.90049743652344,145861,0.0,0.0
2024-10-16 10:35:00-04:00,118.87000274658203,118.94999694824219,118.73480224609375,118.80999755859375,64470,0.0,0.0
2024-10-16 10:40:00-04:00,118.80999755859375,118.98999786376953,118.6500015258789,118.95999908447266,61542,0.0,0.0
2024-10-16 10:45:00-04:00,118.94999694824219,118.95999908447266,118.43000030517578,118.43000030517578,79459,0.0,0.0
2024-10-16 10:50:00-04:00,118.44999694824219,118.52940368652344,118.31999969482422,118.41999816894531,57479,0.0,0.0
2024-10-16 10:55:00-04:00,118.43000030517578,118.5,117.66000366210938,117.75,189034,0.0,0.0
2024-10-16 11:00:00-04:00,117.73999786376953,117.73999786376953,117.26000213623047,117.38200378417969,103546,0.0,0.0
2024-10-16 11:05:00-04:00,117.375,117.51000213623047,117.19499969482422,117.24500274658203,56714,0.0,0.0
2024-10-16 11:10:00-04:00,117.20999908447266,117.62249755859375,117.05000305175781,117.51499938964844,37653,0.0,0.0
2024-10-16 11:15:00-04:00,117.4800033569336,117.5250015258789,117.0199966430664,117.16000366210938,39331,0.0,0.0
2024-10-16 11:20:00-04:00,117.16000366210938,117.27999877929688,117.11000061035156,117.25,33816,0.0,0.0
2024-10-16 11:25:00-04:00,117.26000213623047,117.66000366210938,117.19999694824219,117.54000091552734,45877,0.0,0.0
2024-10-16 11:30:00-04:00,117.48999786376953,117.5199966430664,117.31069946289062,117.43000030517578,39050,0.0,0.0
2024-10-16 11:35:00-04:00,117.47000122070312,117.61000061035156,117.37999725341797,117.5199966430664,29992,0.0,0.0
2024-10-16 11:40:00-04:00,117.54000091552734,117.8499984741211,117.52999877929688,117.8499984741211,35630,0.0,0.0
2024-10-16 11:45:00-04:00,117.87000274658203,118.07160186767578,117.83999633789062,117.87999725341797,44665,0.0,0.0
2024-10-16 11:50:00-04:00,117.83999633789062,117.83999633789062,117.58999633789062,117.76239776611328,28755,0.0,0.0
2024-10-16 11:55:00-04:00,117.77999877929688,117.88999938964844,117.66000366210938,117.88500213623047,37688,0.0,0.0
2024-10-16 12:00:00-04:00,117.90380096435547,118.2699966430664,117.88500213623047,118.26000213623047,31453,0.0,0.0
2024-10-16 12:05:00-04:00,118.27999877929688,118.44999694824219,118.23999786376953,118.23999786376953,40739,0.0,0.0
2024-10-16 12:10:00-04:00,118.23799896240234,118.2699966430664,118.02999877929688,118.08000183105469,30308,0.0,0.0
2024-10-16 12:15:00-04:00,118.05999755859375,118.13999938964844,118.0,118.06999969482422,25769,0.0,0.0
2024-10-16 12:20:00-04:00,118.0999984741211,118.13999938964844,118.04000091552734,118.08999633789062,41679,0.0,0.0
2024-10-16 12:25:00-04:00,118.08499908447266,118.1500015258789,118.04000091552734,118.12000274658203,50755,0.0,0.0
2024-10-16 12:30:00-04:00,118.11199951171875,118.18499755859375,117.92500305175781,118.18499755859375,61766,0.0,0.0
2024-10-16 12:35:00-04:00,118.19499969482422,118.4000015258789,118.19499969482422,118.22000122070312,39655,0.0,0.0
2024-10-16 12:40:00-04:00,118.22000122070312,118.37999725341797,118.20999908447266,118.25,33654,0.0,0.0
2024-10-16 12:45:00-04:00,118.25,118.25,117.98500061035156,118.0199966430664,37857,0.0,0.0
2024-10-16 12:50:00-04:00,118.02300262451172,118.12999725341797,117.93009948730469,118.05000305175781,32778,0.0,0.0
2024-10-16 12:55:00-04:00,118.08489990234375,118.13999938964844,117.9000015258789,117.93000030517578,46432,0.0,0.0
2024-10-16 13:00:00-04:00,117.94999694824219,118.12999725341797,117.94999694824219,118.08000183105469,31005,0.0,0.0
2024-10-16 13:05:00-04:00,118.0999984741211,118.13999938964844,117.95999908447266,117.9749984741211,29839,0.0,0.0
2024-10-16 13:10:00-04:00,118.0,118.04000091552734,117.91000366210938,117.94999694824219,32466,0.0,0.0
2024-10-16 13:15:00-04:00,117.94499969482422,118.01000213623047,117.80999755859375,117.80999755859375,32093,0.0,0.0
2024-10-16 13:20:00-04:00,117.81800079345703,117.83999633789062,117.58000183105469,117.58999633789062,27072,0.0,0.0
2024-10-16 13:25:00-04:00,117.58000183105469,117.68000030517578,117.47000122070312,117.5199966430664,69573,0.0,0.0
2024-10-16 13:30:00-04:00,117.52999877929688,117.70999908447266,117.51499938964844,117.6500015258789,35944,0.0,0.0
2024-10-16 13:35:00-04:00,117.6500015258789,117.6500015258789,117.40499877929688,117.55999755859375,39218,0.0,0.0
2024-10-16 13:40:00-04:00,117.56999969482422,117.73999786376953,117.48500061035156,117.73999786376953,68450,0.0,0.0
2024-10-16 13:45:00-04:00,117.72869873046875,118.0,117.68000030517578,117.95999908447266,43439,0.0,0.0
2024-10-16 13:50:00-04:00,117.96499633789062,118.0,117.87999725341797,117.95279693603516,36410,0.0,0.0
2024-10-16 13:55:00-04:00,117.95999908447266,118.0,117.91999816894531,117.98500061035156,48569,0.0,0.0
2024-10-16 14:00:00-04:00,118.0,118.11000061035156,117.9800033569336,118.08000183105469,62890,0.0,0.0
2024-10-16 14:05:00-04:00,118.06999969482422,118.08999633789062,117.97000122070312,118.05000305175781,33662,0.0,0.0
2024-10-16 14:10:00-04:00,118.0999984741211,118.23200225830078,118.07499694824219,118.20999908447266,30044,0.0,0.0
2024-10-16 14:15:00-04:00,118.25,118.29000091552734,118.16999816894531,118.20999908447266,27366,0.0,0.0
2024-10-16 14:20:00-04:00,118.19999694824219,118.39800262451172,118.19000244140625,118.3499984741211,35452,0.0,0.0
2024-10-16 14:25:00-04:00,118.36000061035156,118.36209869384766,118.27999877929688,118.32270050048828,28472,0.0,0.0
2024-10-16 14:30:00-04:00,118.31999969482422,118.33999633789062,118.20999908447266,118.23999786376953,30053,0.0,0.0
2024-10-16 14:35:00-04:00,118.25,118.29000091552734,118.16999816894531,118.22000122070312,28878,0.0,0.0
2024-10-16 14:40:00-04:00,118.22000122070312,118.22000122070312,118.1500015258789,118.20999908447266,26426,0.0,0.0
2024-10-16 14:45:00-04:00,118.19000244140625,118.29000091552734,118.0999984741211,118.2699966430664,42674,0.0,0.0
2024-10-16 14:50:00-04:00,118.26000213623047,118.3499984741211,118.12999725341797,118.18000030517578,56276,0.0,0.0
2024-10-16 14:55:00-04:00,118.17500305175781,118.21320343017578,118.11000061035156,118.12000274658203,53260,0.0,0.0
2024-10-16 15:00:00-04:00,118.1449966430664,118.1500015258789,117.97000122070312,118.05000305175781,57154,0.0,0.0
2024-10-16 15:05:00-04:00,118.03500366210938,118.2300033569336,118.02999877929688,118.18000030517578,39865,0.0,0.0
2024-10-16 15:10:00-04:00,118.16999816894531,118.23500061035156,118.1500015258789,118.18250274658203,47433,0.0,0.0
2024-10-16 15:15:00-04:00,118.18499755859375,118.29000091552734,118.1500015258789,118.2300033569336,50385,0.0,0.0
2024-10-16 15:20:00-04:00,118.2300033569336,118.26000213623047,118.18000030517578,118.23470306396484,65022,0.0,0.0
2024-10-16 15:25:00-04:00,118.20999908447266,118.54000091552734,118.19000244140625,118.52999877929688,70621,0.0,0.0
2024-10-16 15:30:00-04:00,118.52999877929688,118.54000091552734,118.31999969482422,118.44000244140625,110675,0.0,0.0
2024-10-16 15:35:00-04:00,118.43000030517578,118.55000305175781,118.4000015258789,118.55000305175781,99781,0.0,0.0
2024-10-16 15:40:00-04:00,118.55000305175781,118.63999938964844,118.54000091552734,118.54000091552734,100476,0.0,0.0
2024-10-16 15:45:00-04:00,118.55000305175781,118.56999969482422,118.16000366210938,118.22000122070312,109951,0.0,0.0
2024-10-16 15:50:00-04:00,118.22000122070312,118.2249984741211,117.94999694824219,117.9800033569336,155333,0.0,0.0
2024-10-16 15:55:00-04:00,117.98999786376953,117.98999786376953,117.66999816894531,117.80999755859375,407267,0.0,0.0
2024-10-17 09:30:00-04:00,118.70999908447266,118.76000213623047,118.20999908447266,118.26000213623047,153449,0.0,0.0
2024-10-17 09:35:00-04:00,118.30999755859375,118.31999969482422,117.88500213623047,118.05500030517578,54094,0.0,0.0
2024-10-17 09:40:00-04:00,118.0999984741211,118.12000274658203,117.72000122070312,117.7249984741211,25050,0.0,0.0
2024-10-17 09:45:00-04:00,117.68000030517578,117.76000213623047,117.52999877929688,117.70999908447266,51368,0.0,0.0
2024-10-17 09:50:00-04:00,117.71800231933594,117.94000244140625,117.71800231933594,117.8499984741211,28251,0.0,0.0
2024-10-17 09:55:00-04:00,117.83999633789062,118.02999877929688,117.83999633789062,118.00499725341797,28453,0.0,0.0
2024-10-17 10:00:00-04:00,118.01000213623047,118.01000213623047,117.77999877929688,117.78500366210938,49936,0.0,0.0
2024-10-17 10:05:00-04:00,117.79499816894531,117.8949966430664,117.69000244140625,117.87999725341797,32933,0.0,0.0
2024-10-17 10:10:00-04:00,117.87000274658203,117.964599609375,117.70999908447266,117.71499633789062,28227,0.0,0.0
2024-10-17 10:15:00-04:00,117.70542907714844,117.79989624023438,117.56999969482422,117.59500122070312,45729,0.0,0.0
2024-10-17 10:20:00-04:00,117.58000183105469,117.69000244140625,117.45999908447266,117.68000030517578,50015,0.0,0.0
2024-10-17 10:25:00-04:00,117.68000030517578,117.69499969482422,117.44000244140625,117.55280303955078,41356,0.0,0.0
2024-10-17 10:30:00-04:00,117.56999969482422,117.66000366210938,117.54000091552734,117.63999938964844,38924,0.0,0.0
2024-10-17 10:35:00-04:00,117.63980102539062,117.63980102539062,117.37000274658203,117.4072036743164,36992,0.0,0.0
2024-10-17 10:40:00-04:00,117.41000366210938,117.51000213623047,117.37000274658203,117.44000244140625,61521,0.0,0.0
2024-10-17 10:45:00-04:00,117.45500183105469,117.73999786376953,117.44000244140625,117.5999984741211,52743,0.0,0.0
2024-10-17 10:50:00-04:00,117.57009887695312,117.76000213623047,117.55000305175781,117.63999938964844,38558,0.0,0.0
2024-10-17 10:55:00-04:00,117.62999725341797,117.80000305175781,117.5999984741211,117.5999984741211,47367,0.0,0.0
2024-10-17 11:00:00-04:00,117.61000061035156,117.63999938964844,117.4000015258789,117.55999755859375,42800,0.0,0.0
2024-10-17 11:05:00-04:00,117.52999877929688,117.62999725341797,117.5199966430664,117.58999633789062,22968,0.0,0.0
2024-10-17 11:10:00-04:00,117.61000061035156,117.69000244140625,117.56999969482422,117.62999725341797,36467,0.0,0.0
2024-10-17 11:15:00-04:00,117.62999725341797,117.73600006103516,117.55999755859375,117.56999969482422,35264,0.0,0.0
2024-10-17 11:20:00-04:00,117.56500244140625,117.62999725341797,117.4801025390625,117.55000305175781,34694,0.0,0.0
2024-10-17 11:25:00-04:00,117.55999755859375,117.5999984741211,117.50499725341797,117.54499816894531,28027,0.0,0.0
2024-10-17 11:30:00-04:00,117.54000091552734,117.55999755859375,117.48999786376953,117.5,36360,0.0,0.0
2024-10-17 11:35:00-04:00,117.50499725341797,117.55000305175781,117.45999908447266,117.55000305175781,38167,0.0,0.0
2024-10-17 11:40:00-04:00,117.55989837646484,117.6449966430664,117.5199966430664,117.55860137939453,37102,0.0,0.0
2024-10-17 11:45:00-04:00,117.56449890136719,117.6050033569336,117.54000091552734,117.56999969482422,26722,0.0,0.0
2024-10-17 11:50:00-04:00,117.58000183105469,117.5999984741211,117.5,117.58499908447266,33557,0.0,0.0
2024-10-17 11:55:00-04:00,117.58499908447266,117.5999984741211,117.54000091552734,117.55999755859375,42552,0.0,0.0
2024-10-17 12:00:00-04:00,117.55999755859375,117.6500015258789,117.55000305175781,117.63999938964844,35101,0.0,0.0
2024-10-17 12:05:00-04:00,117.6449966430664,117.66000366210938,117.52999877929688,117.55000305175781,52166,0.0,0.0
2024-10-17 12:10:00-04:00,117.55000305175781,117.58499908447266,117.47000122070312,117.5199966430664,62325,0.0,0.0
2024-10-17 12:15:00-04:00,117.5250015258789,117.625,117.5250015258789,117.55999755859375,32559,0.0,0.0
2024-10-17 12:20:00-04:00,117.55999755859375,117.61000061035156,117.5199966430664,117.61000061035156,29555,0.0,0.0
2024-10-17 12:25:00-04:00,117.62000274658203,117.6500015258789,117.56500244140625,117.58000183105469,36668,0.0,0.0
2024-10-17 12:30:00-04:00,117.59500122070312,117.63999938964844,117.57499694824219,117.62000274658203,19909,0.0,0.0
2024-10-17 12:35:00-04:00,117.61000061035156,117.68990325927734,117.57499694824219,117.66000366210938,37055,0.0,0.0
2024-10-17 12:40:00-04:00,117.66000366210938,117.73999786376953,117.66000366210938,117.73999786376953,34363,0.0,0.0
2024-10-17 12:45:00-04:00,117.73999786376953,117.75,117.55999755859375,117.58499908447266,31787,0.0,0.0
2024-10-17 12:50:00-04:00,117.58000183105469,117.65499877929688,117.54000091552734,117.6500015258789,19864,0.0,0.0
2024-10-17 12:55:00-04:00,117.6500015258789,117.70999908447266,117.6500015258789,117.70999908447266,22601,0.0,0.0
2024-10-17 13:00:00-04:00,117.70999908447266,117.79000091552734,117.65499877929688,117.66000366210938,38366,0.0,0.0
2024-10-17 13:05:00-04:00,117.66000366210938,117.68000030517578,117.5999984741211,117.61000061035156,15574,0.0,0.0
2024-10-17 13:10:00-04:00,117.5999984741211,117.63760375976562,117.52999877929688,117.54000091552734,27335,0.0,0.0
2024-10-17 13:15:00-04:00,117.52999877929688,117.62000274658203,117.5199966430664,117.62000274658203,22586,0.0,0.0
2024-10-17 13:20:00-04:00,117.62000274658203,117.69000244140625,117.53500366210938,117.55500030517578,37459,0.0,0.0
2024-10-17 13:25:00-04:00,117.55000305175781,117.55999755859375,117.5,117.52999877929688,47343,0.0,0.0
2024-10-17 13:30:00-04:00,117.54000091552734,117.56999969482422,117.5199966430664,117.55069732666016,23237,0.0,0.0
2024-10-17 13:35:00-04:00,117.56999969482422,117.61499786376953,117.5,117.5999984741211,25424,0.0,0.0
2024-10-17 13:40:00-04:00,117.5999984741211,117.63999938964844,117.58000183105469,117.59500122070312,19600,0.0,0.0
2024-10-17 13:45:00-04:00,117.5999984741211,117.75,117.5999984741211,117.73999786376953,27334,0.0,0.0
2024-10-17 13:50:00-04:00,117.75,117.76000213623047,117.55999755859375,117.58999633789062,24546,0.0,0.0
2024-10-17 13:55:00-04:00,117.58499908447266,117.65499877929688,117.56999969482422,117.65499877929688,23704,0.0,0.0
2024-10-17 14:00:00-04:00,117.66000366210938,117.69499969482422,117.37000274658203,117.37000274658203,62799,0.0,0.0
2024-10-17 14:05:00-04:00,117.36000061035156,117.43340301513672,117.23999786376953,117.23999786376953,48174,0.0,0.0
2024-10-17 14:10:00-04:00,117.2300033569336,117.31999969482422,117.19000244140625,117.27999877929688,34766,0.0,0.0
2024-10-17 14:15:00-04:00,117.29000091552734,117.33000183105469,117.23999786376953,117.30000305175781,28343,0.0,0.0
2024-10-17 14:20:00-04:00,117.29000091552734,117.36000061035156,117.29000091552734,117.34500122070312,26806,0.0,0.0
2024-10-17 14:25:00-04:00,117.3499984741211,117.38999938964844,117.26000213623047,117.2607650756836,25820,0.0,0.0
2024-10-17 14:30:00-04:00,117.26000213623047,117.52999877929688,117.25499725341797,117.52999877929688,71725,0.0,0.0
2024-10-17 14:35:00-04:00,117.5199966430664,117.55999755859375,117.41000366210938,117.55999755859375,67515,0.0,0.0
2024-10-17 14:40:00-04:00,117.55999755859375,117.70449829101562,117.55000305175781,117.69000244140625,55771,0.0,0.0
2024-10-17 14:45:00-04:00,117.69000244140625,117.73999786376953,117.58999633789062,117.6050033569336,33556,0.0,0.0
2024-10-17 14:50:00-04:00,117.59500122070312,117.68000030517578,117.55999755859375,117.5999984741211,43008,0.0,0.0
2024-10-17 14:55:00-04:00,117.61499786376953,117.6500015258789,117.58999633789062,117.62999725341797,28884,0.0,0.0
2024-10-17 15:00:00-04:00,117.62000274658203,117.66999816894531,117.58999633789062,117.63500213623047,63518,0.0,0.0
2024-10-17 15:05:00-04:00,117.62999725341797,117.62999725341797,117.52999877929688,117.61000061035156,51752,0.0,0.0
2024-10-17 15:10:00-04:00,117.60489654541016,117.61000061035156,117.55000305175781,117.55999755859375,51564,0.0,0.0
2024-10-17 15:15:00-04:00,117.55000305175781,117.6050033569336,117.5250015258789,117.52799987792969,69826,0.0,0.0
2024-10-17 15:20:00-04:00,117.5250015258789,117.6084976196289,117.5250015258789,117.59500122070312,49738,0.0,0.0
2024-10-17 15:25:00-04:00,117.58999633789062,117.6050033569336,117.55000305175781,117.58499908447266,47069,0.0,0.0
2024-10-17 15:30:00-04:00,117.58499908447266,117.70500183105469,117.58000183105469,117.69499969482422,78681,0.0,0.0
2024-10-17 15:35:00-04:00,117.69000244140625,117.86000061035156,117.66999816894531,117.80000305175781,88867,0.0,0.0
2024-10-17 15:40:00-04:00,117.80000305175781,117.8499984741211,117.76000213623047,117.79000091552734,118629,0.0,0.0
2024-10-17 15:45:00-04:00,117.7699966430664,117.87899780273438,117.7699966430664,117.86499786376953,99970,0.0,0.0
2024-10-17 15:50:00-04:00,117.86000061035156,118.01000213623047,117.8499984741211,117.93499755859375,177730,0.0,0.0
2024-10-17 15:55:00-04:00,117.93499755859375,118.0,117.86000061035156,117.91000366210938,380240,0.0,0.0
2024-10-18 09:30:00-04:00,117.9000015258789,118.29000091552734,117.70099639892578,118.04499816894531,530501,0.0,0.0
2024-10-18 09:35:00-04:00,118.06210327148438,118.30000305175781,118.0,118.08499908447266,31189,0.0,0.0
2024-10-18 09:40:00-04:00,118.08000183105469,118.25990295410156,118.06999969482422,118.2249984741211,31082,0.0,0.0
2024-10-18 09:45:00-04:00,118.19999694824219,118.4000015258789,118.12000274658203,118.25,70979,0.0,0.0
2024-10-18 09:50:00-04:00,118.24500274658203,118.24500274658203,117.95999908447266,118.0199966430664,70136,0.0,0.0
2024-10-18 09:55:00-04:00,118.02999877929688,118.08000183105469,117.96499633789062,118.0,43835,0.0,0.0
2024-10-18 10:00:00-04:00,117.98999786376953,118.0,117.66999816894531,117.7699966430664,62135,0.0,0.0
2024-10-18 10:05:00-04:00,117.77999877929688,117.94550323486328,117.76499938964844,117.84500122070312,46713,0.0,0.0
2024-10-18 10:10:00-04:00,117.8499984741211,118.12000274658203,117.8499984741211,118.11499786376953,45317,0.0,0.0
2024-10-18 10:15:00-04:00,118.12000274658203,118.15380096435547,118.01000213623047,118.11499786376953,31053,0.0,0.0
2024-10-18 10:20:00-04:00,118.11499786376953,118.19000244140625,117.98999786376953,118.08000183105469,46008,0.0,0.0
2024-10-18 10:25:00-04:00,118.08000183105469,118.25,118.04000091552734,118.16999816894531,42690,0.0,0.0
2024-10-18 10:30:00-04:00,118.18000030517578,118.20999908447266,118.01000213623047,118.12750244140625,22156,0.0,0.0
2024-10-18 10:35:00-04:00,118.11689758300781,118.30000305175781,118.10040283203125,118.20999908447266,22580,0.0,0.0
2024-10-18 10:40:00-04:00,118.23999786376953,118.38999938964844,118.22010040283203,118.37000274658203,20919,0.0,0.0
2024-10-18 10:45:00-04:00,118.37000274658203,118.48999786376953,118.36000061035156,118.4000015258789,22144,0.0,0.0
2024-10-18 10:50:00-04:00,118.4000015258789,118.5999984741211,118.4000015258789,118.58999633789062,30075,0.0,0.0
2024-10-18 10:55:00-04:00,118.58999633789062,118.62999725341797,118.54019927978516,118.58000183105469,46095,0.0,0.0
2024-10-18 11:00:00-04:00,118.56999969482422,118.5999984741211,118.44999694824219,118.44999694824219,65222,0.0,0.0
2024-10-18 11:05:00-04:00,118.45999908447266,118.62100219726562,118.44940185546875,118.5999984741211,41005,0.0,0.0
2024-10-18 11:10:00-04:00,118.58999633789062,118.72000122070312,118.58999633789062,118.66000366210938,71340,0.0,0.0
2024-10-18 11:15:00-04:00,118.66999816894531,118.91999816894531,118.66000366210938,118.9000015258789,38264,0.0,0.0
2024-10-18 11:20:00-04:00,118.91000366210938,119.04000091552734,118.91000366210938,118.95999908447266,83431,0.0,0.0
2024-10-18 11:25:00-04:00,118.9800033569336,119.0,118.88999938964844,118.92500305175781,70392,0.0,0.0
2024-10-18 11:30:00-04:00,118.92500305175781,118.9397964477539,118.76000213623047,118.80999755859375,67639,0.0,0.0
2024-10-18 11:35:00-04:00,118.80999755859375,118.93000030517578,118.80999755859375,118.93000030517578,92007,0.0,0.0
2024-10-18 11:40:00-04:00,118.93000030517578,119.08000183105469,118.91000366210938,119.05999755859375,73183,0.0,0.0
2024-10-18 11:45:00-04:00,119.05999755859375,119.19499969482422,119.02999877929688,119.15499877929688,78923,0.0,0.0
2024-10-18 11:50:00-04:00,119.1500015258789,119.19000244140625,119.08999633789062,119.18000030517578,38070,0.0,0.0
2024-10-18 11:55:00-04:00,119.16000366210938,119.18000030517578,118.9800033569336,119.00279998779297,45908,0.0,0.0
2024-10-18 12:00:00-04:00,119.0199966430664,119.11000061035156,118.99500274658203,119.11000061035156,38390,0.0,0.0
2024-10-18 12:05:00-04:00,119.09239959716797,119.11000061035156,118.98999786376953,119.01000213623047,38677,0.0,0.0
2024-10-18 12:10:00-04:00,119.0,119.0999984741211,118.98999786376953,119.0530014038086,34720,0.0,0.0
2024-10-18 12:15:00-04:00,119.05999755859375,119.13500213623047,119.05010223388672,119.11399841308594,34409,0.0,0.0
2024-10-18 12:20:00-04:00,119.11499786376953,119.12999725341797,119.05000305175781,119.12999725341797,26613,0.0,0.0
2024-10-18 12:25:00-04:00,119.12999725341797,119.16999816894531,119.04000091552734,119.04000091552734,27658,0.0,0.0
2024-10-18 12:30:00-04:00,119.05000305175781,119.05139923095703,118.9800033569336,119.01020050048828,29107,0.0,0.0
2024-10-18 12:35:00-04:00,118.98999786376953,119.13999938964844,118.94499969482422,119.12999725341797,70884,0.0,0.0
2024-10-18 12:40:00-04:00,119.12000274658203,119.25,119.12000274658203,119.23999786376953,46452,0.0,0.0
2024-10-18 12:45:00-04:00,119.23999786376953,119.31999969482422,119.11000061035156,119.16000366210938,36002,0.0,0.0
2024-10-18 12:50:00-04:00,119.16999816894531,119.26000213623047,119.16999816894531,119.19999694824219,25886,0.0,0.0
2024-10-18 12:55:00-04:00,119.19000244140625,119.23999786376953,118.97000122070312,119.0,34897,0.0,0.0
2024-10-18 13:00:00-04:00,119.0199966430664,119.05999755859375,118.97000122070312,119.04889678955078,45849,0.0,0.0
2024-10-18 13:05:00-04:00,119.05000305175781,119.08000183105469,119.01000213623047,119.04000091552734,31228,0.0,0.0
2024-10-18 13:10:00-04:00,119.0199966430664,119.19999694824219,119.0,119.18499755859375,38710,0.0,0.0
2024-10-18 13:15:00-04:00,119.19999694824219,119.19999694824219,119.05999755859375,119.16999816894531,89365,0.0,0.0
2024-10-18 13:20:00-04:00,119.1500015258789,119.29989624023438,119.14990234375,119.19000244140625,36592,0.0,0.0
2024-10-18 13:25:00-04:00,119.18499755859375,119.4000015258789,119.18499755859375,119.37999725341797,49661,0.0,0.0
2024-10-18 13:30:00-04:00,119.37999725341797,119.4800033569336,119.33499908447266,119.47000122070312,60829,0.0,0.0
2024-10-18 13:35:00-04:00,119.4800033569336,119.4800033569336,119.37999725341797,119.4000015258789,50437,0.0,0.0
2024-10-18 13:40:00-04:00,119.41000366210938,119.45999908447266,119.38999938964844,119.44999694824219,30723,0.0,0.0
2024-10-18 13:45:00-04:00,119.44000244140625,119.45999908447266,119.29000091552734,119.30000305175781,34327,0.0,0.0
2024-10-18 13:50:00-04:00,119.29499816894531,119.45999908447266,119.29499816894531,119.43000030517578,34045,0.0,0.0
2024-10-18 13:55:00-04:00,119.41000366210938,119.41999816894531,119.30000305175781,119.38999938964844,50093,0.0,0.0
2024-10-18 14:00:00-04:00,119.38999938964844,119.43000030517578,119.30999755859375,119.3499984741211,45755,0.0,0.0
2024-10-18 14:05:00-04:00,119.3499984741211,119.45999908447266,119.33000183105469,119.4000015258789,31725,0.0,0.0
2024-10-18 14:10:00-04:00,119.41100311279297,119.72000122070312,119.3949966430664,119.69999694824219,86411,0.0,0.0
2024-10-18 14:15:00-04:00,119.72000122070312,119.83000183105469,119.66999816894531,119.72000122070312,77489,0.0,0.0
2024-10-18 14:20:00-04:00,119.7249984741211,119.81999969482422,119.625,119.81999969482422,44746,0.0,0.0
2024-10-18 14:25:00-04:00,119.80999755859375,119.8499984741211,119.69000244140625,119.75,58129,0.0,0.0
2024-10-18 14:30:00-04:00,119.75499725341797,119.7699966430664,119.56999969482422,119.59500122070312,51464,0.0,0.0
2024-10-18 14:35:00-04:00,119.58000183105469,119.69000244140625,119.56999969482422,119.6050033569336,43951,0.0,0.0
2024-10-18 14:40:00-04:00,119.58000183105469,119.6500015258789,119.45999908447266,119.45999908447266,130741,0.0,0.0
2024-10-18 14:45:00-04:00,119.47000122070312,119.72000122070312,119.45999908447266,119.69999694824219,51384,0.0,0.0
2024-10-18 14:50:00-04:00,119.70999908447266,119.75,119.53500366210938,119.53500366210938,62571,0.0,0.0
2024-10-18 14:55:00-04:00,119.53500366210938,119.58000183105469,119.38999938964844,119.38999938964844,47460,0.0,0.0
2024-10-18 15:00:00-04:00,119.38999938964844,119.3949966430664,119.30999755859375,119.33000183105469,25408,0.0,0.0
2024-10-18 15:05:00-04:00,119.33000183105469,119.4800033569336,119.30999755859375,119.3499984741211,38152,0.0,0.0
2024-10-18 15:10:00-04:00,119.33000183105469,119.33000183105469,119.13500213623047,119.19999694824219,31922,0.0,0.0
2024-10-18 15:15:00-04:00,119.19999694824219,119.20989990234375,119.08000183105469,119.1500015258789,44209,0.0,0.0
2024-10-18 15:20:00-04:00,119.1500015258789,119.1500015258789,119.05000305175781,119.05999755859375,32735,0.0,0.0
2024-10-18 15:25:00-04:00,119.05999755859375,119.1500015258789,119.04000091552734,119.12000274658203,38535,0.0,0.0
2024-10-18 15:30:00-04:00,119.12000274658203,119.19999694824219,119.0999984741211,119.1500015258789,58596,0.0,0.0
2024-10-18 15:35:00-04:00,119.16000366210938,119.20999908447266,119.125,119.20999908447266,55369,0.0,0.0
2024-10-18 15:40:00-04:00,119.20999908447266,119.2699966430664,119.13500213623047,119.13999938964844,70482,0.0,0.0
2024-10-18 15:45:00-04:00,119.13999938964844,119.19499969482422,119.05999755859375,119.16000366210938,88527,0.0,0.0
2024-10-18 15:50:00-04:00,119.16999816894531,119.37899780273438,119.16999816894531,119.30999755859375,158434,0.0,0.0
2024-10-18 15:55:00-04:00,119.31999969482422,119.43000030517578,119.2300033569336,119.4000015258789,397887,0.0,0.0
2024-10-21 09:30:00-04:00,118.88999938964844,118.91999816894531,118.31500244140625,118.42500305175781,2140761,0.0,0.0
2024-10-21 09:35:00-04:00,118.43000030517578,118.52999877929688,118.02999877929688,118.07499694824219,29160,0.0,0.0
2024-10-21 09:40:00-04:00,118.09500122070312,118.20500183105469,117.62999725341797,117.73999786376953,93174,0.0,0.0
2024-10-21 09:45:00-04:00,117.70999908447266,117.7699966430664,117.26000213623047,117.5250015258789,98815,0.0,0.0
2024-10-21 09:50:00-04:00,117.52999877929688,117.52999877929688,117.05999755859375,117.125,70059,0.0,0.0
2024-10-21 09:55:00-04:00,117.125,117.23999786376953,117.0199966430664,117.08499908447266,89465,0.0,0.0
2024-10-21 10:00:00-04:00,117.08999633789062,117.12000274658203,116.76000213623047,116.8550033569336,68810,0.0,0.0
2024-10-21 10:05:00-04:00,116.86000061035156,117.20500183105469,116.76000213623047,117.20500183105469,67872,0.0,0.0
2024-10-21 10:10:00-04:00,117.21499633789062,117.21499633789062,117.01000213623047,117.0999984741211,51527,0.0,0.0
2024-10-21 10:15:00-04:00,117.08000183105469,117.22000122070312,116.9000015258789,117.04499816894531,55457,0.0,0.0
2024-10-21 10:20:00-04:00,117.01000213623047,117.16500091552734,116.93769836425781,117.06500244140625,35204,0.0,0.0
2024-10-21 10:25:00-04:00,117.04000091552734,117.0999984741211,116.88999938964844,116.9000015258789,39624,0.0,0.0
2024-10-21 10:30:00-04:00,116.88999938964844,116.95999908447266,116.77999877929688,116.9458999633789,32867,0.0,0.0
2024-10-21 10:35:00-04:00,116.94000244140625,117.37000274658203,116.93000030517578,117.31500244140625,47952,0.0,0.0
2024-10-21 10:40:00-04:00,117.27999877929688,117.31990051269531,117.12000274658203,117.12999725341797,24312,0.0,0.0
2024-10-21 10:45:00-04:00,117.13999938964844,117.18000030517578,116.79100036621094,116.81169891357422,31067,0.0,0.0
2024-10-21 10:50:00-04:00,116.80000305175781,116.97000122070312,116.7750015258789,116.83999633789062,33865,0.0,0.0
2024-10-21 10:55:00-04:00,116.81500244140625,117.05000305175781,116.80999755859375,117.0,29998,0.0,0.0
2024-10-21 11:00:00-04:00,116.98500061035156,117.04000091552734,116.77999877929688,116.79499816894531,27228,0.0,0.0
2024-10-21 11:05:00-04:00,116.78040313720703,116.86000061035156,116.69999694824219,116.81500244140625,40953,0.0,0.0
2024-10-21 11:10:00-04:00,116.81670379638672,116.9000015258789,116.76000213623047,116.7699966430664,37550,0.0,0.0
2024-10-21 11:15:00-04:00,116.79499816894531,116.85379791259766,116.70999908447266,116.83000183105469,29584,0.0,0.0
2024-10-21 11:20:00-04:00,116.81500244140625,116.95500183105469,116.76000213623047,116.95500183105469,60744,0.0,0.0
2024-10-21 11:25:00-04:00,116.96499633789062,116.9800033569336,116.76000213623047,116.78500366210938,31845,0.0,0.0
2024-10-21 11:30:00-04:00,116.7699966430664,116.80999755859375,116.69000244140625,116.77999877929688,33195,0.0,0.0
2024-10-21 11:35:00-04:00,116.79000091552734,116.80999755859375,116.5999984741211,116.72000122070312,50513,0.0,0.0
2024-10-21 11:40:00-04:00,116.70999908447266,116.86000061035156,116.66000366210938,116.81999969482422,24293,0.0,0.0
2024-10-21 11:45:00-04:00,116.83999633789062,116.86150360107422,116.76000213623047,116.83499908447266,25823,0.0,0.0
2024-10-21 11:50:00-04:00,116.81999969482422,116.94999694824219,116.81999969482422,116.87000274658203,19964,0.0,0.0
2024-10-21 11:55:00-04:00,116.9000015258789,117.05500030517578,116.9000015258789,117.01499938964844,27411,0.0,0.0
2024-10-21 12:00:00-04:00,117.01000213623047,117.05000305175781,116.79010009765625,116.83000183105469,31534,0.0,0.0
2024-10-21 12:05:00-04:00,116.81999969482422,116.86000061035156,116.69499969482422,116.83499908447266,23255,0.0,0.0
2024-10-21 12:10:00-04:00,116.81999969482422,116.81999969482422,116.70999908447266,116.72000122070312,19189,0.0,0.0
2024-10-21 12:15:00-04:00,116.73999786376953,116.7699966430664,116.70999908447266,116.72000122070312,20099,0.0,0.0
2024-10-21 12:20:00-04:00,116.7249984741211,116.8550033569336,116.7249984741211,116.83000183105469,14246,0.0,0.0
2024-10-21 12:25:00-04:00,116.83999633789062,116.94000244140625,116.83999633789062,116.9000015258789,21117,0.0,0.0
2024-10-21 12:30:00-04:00,116.91000366210938,116.94000244140625,116.84030151367188,116.93000030517578,14608,0.0,0.0
2024-10-21 12:35:00-04:00,116.91999816894531,117.04000091552734,116.91999816894531,117.01000213623047,21344,0.0,0.0
2024-10-21 12:40:00-04:00,117.0,117.01000213623047,116.96499633789062,116.97000122070312,17127,0.0,0.0
2024-10-21 12:45:00-04:00,116.98500061035156,117.01000213623047,116.9801025390625,116.98999786376953,17412,0.0,0.0
2024-10-21 12:50:00-04:00,117.0,117.19000244140625,117.0,117.1500015258789,22636,0.0,0.0
2024-10-21 12:55:00-04:00,117.1449966430664,117.2699966430664,117.0999984741211,117.2699966430664,40774,0.0,0.0
2024-10-21 13:00:00-04:00,117.2699966430664,117.27999877929688,117.20999908447266,117.27999877929688,17765,0.0,0.0
2024-10-21 13:05:00-04:00,117.27999877929688,117.3499984741211,117.2300033569336,117.2300033569336,25731,0.0,0.0
2024-10-21 13:10:00-04:00,117.2229995727539,117.25,117.1500015258789,117.18000030517578,18079,0.0,0.0
2024-10-21 13:15:00-04:00,117.19000244140625,117.20999908447266,117.12999725341797,117.18000030517578,20542,0.0,0.0
2024-10-21 13:20:00-04:00,117.18000030517578,117.20999908447266,117.16000366210938,117.18000030517578,132152,0.0,0.0
2024-10-21 13:25:00-04:00,117.16000366210938,117.16000366210938,117.01000213623047,117.01000213623047,20388,0.0,0.0
2024-10-21 13:30:00-04:00,117.00499725341797,117.05999755859375,116.97000122070312,117.05500030517578,49934,0.0,0.0
2024-10-21 13:35:00-04:00,117.05500030517578,117.0999984741211,117.0199966430664,117.04499816894531,23158,0.0,0.0
2024-10-21 13:40:00-04:00,117.02799987792969,117.08999633789062,116.97029876708984,117.05000305175781,30507,0.0,0.0
2024-10-21 13:45:00-04:00,117.05000305175781,117.11000061035156,117.0199966430664,117.08999633789062,37147,0.0,0.0
2024-10-21 13:50:00-04:00,117.08999633789062,117.13999938964844,116.95999908447266,117.01000213623047,49583,0.0,0.0
2024-10-21 13:55:00-04:00,117.01519775390625,117.08999633789062,117.01000213623047,117.05599975585938,22893,0.0,0.0
2024-10-21 14:00:00-04:00,117.05000305175781,117.12000274658203,117.03199768066406,117.11499786376953,23068,0.0,0.0
2024-10-21 14:05:00-04:00,117.13999938964844,117.18900299072266,117.12999725341797,117.1500015258789,21141,0.0,0.0
2024-10-21 14:10:00-04:00,117.13500213623047,117.13999938964844,117.0199966430664,117.04000091552734,22611,0.0,0.0
2024-10-21 14:15:00-04:00,117.02999877929688,117.06500244140625,116.9800033569336,117.05999755859375,20730,0.0,0.0
2024-10-21 14:20:00-04:00,117.06900024414062,117.12999725341797,117.04000091552734,117.05919647216797,26128,0.0,0.0
2024-10-21 14:25:00-04:00,117.05000305175781,117.05000305175781,116.9800033569336,116.98999786376953,17866,0.0,0.0
2024-10-21 14:30:00-04:00,116.98999786376953,117.0199966430664,116.93000030517578,116.98999786376953,42517,0.0,0.0
2024-10-21 14:35:00-04:00,117.01000213623047,117.05000305175781,116.98999786376953,117.02999877929688,19340,0.0,0.0
2024-10-21 14:40:00-04:00,117.02999877929688,117.04000091552734,116.91999816894531,116.97000122070312,26087,0.0,0.0
2024-10-21 14:45:00-04:00,116.94999694824219,117.0,116.93000030517578,116.9800033569336,23466,0.0,0.0
2024-10-21 14:50:00-04:00,116.97000122070312,116.98999786376953,116.94999694824219,116.97000122070312,22718,0.0,0.0
2024-10-21 14:55:00-04:00,116.96009826660156,117.0199966430664,116.94000244140625,116.94999694824219,33832,0.0,0.0
2024-10-21 15:00:00-04:00,116.94499969482422,116.95999908447266,116.83999633789062,116.88999938964844,37777,0.0,0.0
2024-10-21 15:05:00-04:00,116.88279724121094,116.9000015258789,116.80000305175781,116.88999938964844,28204,0.0,0.0
2024-10-21 15:10:00-04:00,116.9000015258789,116.98999786376953,116.88999938964844,116.94499969482422,23456,0.0,0.0
2024-10-21 15:15:00-04:00,116.94000244140625,116.97000122070312,116.91500091552734,116.93499755859375,32518,0.0,0.0
2024-10-21 15:20:00-04:00,116.9209976196289,116.94999694824219,116.88999938964844,116.94000244140625,35989,0.0,0.0
2024-10-21 15:25:00-04:00,116.94000244140625,117.08999633789062,116.88999938964844,117.0199966430664,69553,0.0,0.0
2024-10-21 15:30:00-04:00,117.01499938964844,117.0199966430664,116.81999969482422,116.875,121502,0.0,0.0
2024-10-21 15:35:00-04:00,116.88999938964844,117.01000213623047,116.88999938964844,116.94999694824219,62709,0.0,0.0
2024-10-21 15:40:00-04:00,116.95500183105469,117.05999755859375,116.94999694824219,117.01000213623047,70178,0.0,0.0
2024-10-21 15:45:00-04:00,117.0,117.16000366210938,116.98999786376953,117.08999633789062,117693,0.0,0.0
2024-10-21 15:50:00-04:00,117.0999984741211,117.2249984741211,117.0199966430664,117.19999694824219,209623,0.0,0.0
2024-10-21 15:55:00-04:00,117.20999908447266,117.22000122070312,116.88999938964844,117.02999877929688,427065,0.0,0.0
2024-10-22 09:30:00-04:00,116.86499786376953,117.19999694824219,116.63999938964844,117.08000183105469,127903,0.0,0.0
2024-10-22 09:35:00-04:00,117.12999725341797,117.13500213623047,116.79949951171875,116.8949966430664,28306,0.0,0.0
2024-10-22 09:40:00-04:00,116.91000366210938,116.9800033569336,116.74099731445312,116.8499984741211,20446,0.0,0.0
2024-10-22 09:45:00-04:00,116.83499908447266,117.12999725341797,116.83499908447266,117.08000183105469,21904,0.0,0.0
2024-10-22 09:50:00-04:00,117.0999984741211,117.12000274658203,116.90499877929688,116.9800033569336,28797,0.0,0.0
2024-10-22 09:55:00-04:00,116.9000015258789,117.11000061035156,116.8499984741211,117.0,30040,0.0,0.0
2024-10-22 10:00:00-04:00,116.95999908447266,117.01000213623047,116.63999938964844,116.66999816894531,43363,0.0,0.0
2024-10-22 10:05:00-04:00,116.66000366210938,116.71499633789062,116.5999984741211,116.62000274658203,27177,0.0,0.0
2024-10-22 10:10:00-04:00,116.625,116.77999877929688,116.53959655761719,116.55500030517578,40892,0.0,0.0
2024-10-22 10:15:00-04:00,116.55500030517578,116.68000030517578,116.51000213623047,116.55999755859375,33415,0.0,0.0
2024-10-22 10:20:00-04:00,116.54499816894531,116.80999755859375,116.54499816894531,116.80000305175781,26465,0.0,0.0
2024-10-22 10:25:00-04:00,116.80000305175781,116.81999969482422,116.61499786376953,116.78500366210938,27847,0.0,0.0
2024-10-22 10:30:00-04:00,116.77999877929688,116.77999877929688,116.68000030517578,116.69999694824219,24248,0.0,0.0
2024-10-22 10:35:00-04:00,116.68499755859375,116.7300033569336,116.58999633789062,116.7300033569336,23709,0.0,0.0
2024-10-22 10:40:00-04:00,116.7249984741211,116.86000061035156,116.63999938964844,116.6500015258789,19539,0.0,0.0
2024-10-22 10:45:00-04:00,116.66000366210938,116.66000366210938,116.48999786376953,116.5199966430664,33190,0.0,0.0
2024-10-22 10:50:00-04:00,116.5199966430664,116.5999984741211,116.4000015258789,116.5,35024,0.0,0.0
2024-10-22 10:55:00-04:00,116.51000213623047,116.56999969482422,116.44999694824219,116.48999786376953,21118,0.0,0.0
2024-10-22 11:00:00-04:00,116.4800033569336,116.5999984741211,116.45999908447266,116.55650329589844,16857,0.0,0.0
2024-10-22 11:05:00-04:00,116.52999877929688,116.52999877929688,116.44999694824219,116.50499725341797,19672,0.0,0.0
2024-10-22 11:10:00-04:00,116.50499725341797,116.63500213623047,116.4800033569336,116.50499725341797,26877,0.0,0.0
2024-10-22 11:15:00-04:00,116.49009704589844,116.50499725341797,116.25,116.27999877929688,29949,0.0,0.0
2024-10-22 11:20:00-04:00,116.2699966430664,116.2699966430664,116.11000061035156,116.12999725341797,35940,0.0,0.0
2024-10-22 11:25:00-04:00,116.1500015258789,116.27999877929688,116.13009643554688,116.22000122070312,30373,0.0,0.0
2024-10-22 11:30:00-04:00,116.23999786376953,116.31999969482422,116.11000061035156,116.13500213623047,28504,0.0,0.0
2024-10-22 11:35:00-04:00,116.13999938964844,116.15499877929688,116.0199966430664,116.1500015258789,24233,0.0,0.0
2024-10-22 11:40:00-04:00,116.16999816894531,116.16999816894531,116.02999877929688,116.0999984741211,17112,0.0,0.0
2024-10-22 11:45:00-04:00,116.08000183105469,116.16999816894531,116.05999755859375,116.16000366210938,27887,0.0,0.0
2024-10-22 11:50:00-04:00,116.14109802246094,116.20999908447266,116.0999984741211,116.1052017211914,24727,0.0,0.0
2024-10-22 11:55:00-04:00,116.0999984741211,116.2300033569336,116.0999984741211,116.1500015258789,13019,0.0,0.0
2024-10-22 12:00:00-04:00,116.13999938964844,116.22000122070312,116.13999938964844,116.20999908447266,12698,0.0,0.0
2024-10-22 12:05:00-04:00,116.20999908447266,116.20999908447266,116.06999969482422,116.0823974609375,34826,0.0,0.0
2024-10-22 12:10:00-04:00,116.08999633789062,116.13500213623047,116.06500244140625,116.08499908447266,70026,0.0,0.0
2024-10-22 12:15:00-04:00,116.08999633789062,116.15499877929688,116.06999969482422,116.12999725341797,17795,0.0,0.0
2024-10-22 12:20:00-04:00,116.12999725341797,116.19999694824219,116.125,116.19000244140625,13809,0.0,0.0
2024-10-22 12:25:00-04:00,116.19000244140625,116.2300033569336,116.19000244140625,116.19999694824219,12391,0.0,0.0
2024-10-22 12:30:00-04:00,116.20999908447266,116.2699966430664,116.20999908447266,116.26119995117188,24693,0.0,0.0
2024-10-22 12:35:00-04:00,116.26000213623047,116.30000305175781,116.20999908447266,116.23999786376953,24321,0.0,0.0
2024-10-22 12:40:00-04:00,116.23999786376953,116.29000091552734,116.19000244140625,116.19000244140625,14516,0.0,0.0
2024-10-22 12:45:00-04:00,116.19999694824219,116.20999908447266,116.1449966430664,116.16999816894531,12899,0.0,0.0
2024-10-22 12:50:00-04:00,116.16999816894531,116.2300033569336,116.1500015258789,116.19499969482422,17250,0.0,0.0
2024-10-22 12:55:00-04:00,116.19000244140625,116.19000244140625,116.12000274658203,116.12000274658203,15713,0.0,0.0
2024-10-22 13:00:00-04:00,116.1050033569336,116.12000274658203,116.05000305175781,116.08499908447266,20002,0.0,0.0
2024-10-22 13:05:00-04:00,116.07499694824219,116.16000366210938,116.05999755859375,116.0999984741211,13105,0.0,0.0
2024-10-22 13:10:00-04:00,116.0999984741211,116.18000030517578,116.08999633789062,116.16999816894531,15504,0.0,0.0
2024-10-22 13:15:00-04:00,116.18000030517578,116.19999694824219,116.1500015258789,116.1500015258789,17053,0.0,0.0
2024-10-22 13:20:00-04:00,116.1500015258789,116.16000366210938,116.08999633789062,116.1261978149414,18592,0.0,0.0
2024-10-22 13:25:00-04:00,116.12249755859375,116.19999694824219,116.12249755859375,116.18000030517578,20166,0.0,0.0
2024-10-22 13:30:00-04:00,116.19000244140625,116.24500274658203,116.08000183105469,116.12999725341797,35939,0.0,0.0
2024-10-22 13:35:00-04:00,116.13999938964844,116.22000122070312,116.08999633789062,116.08999633789062,40044,0.0,0.0
2024-10-22 13:40:00-04:00,116.0999984741211,116.16940307617188,116.08999633789062,116.15499877929688,28390,0.0,0.0
2024-10-22 13:45:00-04:00,116.1500015258789,116.16000366210938,116.08000183105469,116.0999984741211,18301,0.0,0.0
2024-10-22 13:50:00-04:00,116.08000183105469,116.08000183105469,116.02999877929688,116.06999969482422,20756,0.0,0.0
2024-10-22 13:55:00-04:00,116.06900024414062,116.125,116.05000305175781,116.1050033569336,35674,0.0,0.0
2024-10-22 14:00:00-04:00,116.10590362548828,116.16999816894531,116.08999633789062,116.0999984741211,25701,0.0,0.0
2024-10-22 14:05:00-04:00,116.08779907226562,116.0999984741211,116.02999877929688,116.02999877929688,26520,0.0,0.0
2024-10-22 14:10:00-04:00,116.04000091552734,116.11000061035156,116.0,116.0250015258789,61057,0.0,0.0
2024-10-22 14:15:00-04:00,116.0250015258789,116.16999816894531,116.0199966430664,116.11499786376953,36879,0.0,0.0
2024-10-22 14:20:00-04:00,116.11499786376953,116.11499786376953,116.05999755859375,116.07499694824219,19235,0.0,0.0
2024-10-22 14:25:00-04:00,116.06999969482422,116.0999984741211,116.04000091552734,116.04000091552734,18634,0.0,0.0
2024-10-22 14:30:00-04:00,116.03500366210938,116.05999755859375,116.02999877929688,116.04000091552734,19540,0.0,0.0
2024-10-22 14:35:00-04:00,116.04000091552734,116.04000091552734,115.95999908447266,115.98999786376953,47530,0.0,0.0
2024-10-22 14:40:00-04:00,115.98999786376953,116.01000213623047,115.94000244140625,115.94000244140625,21762,0.0,0.0
2024-10-22 14:45:00-04:00,115.94499969482422,115.9800033569336,115.91999816894531,115.94999694824219,21518,0.0,0.0
2024-10-22 14:50:00-04:00,115.94000244140625,115.95999908447266,115.85479736328125,115.875,33946,0.0,0.0
2024-10-22 14:55:00-04:00,115.875,115.97000122070312,115.875,115.94999694824219,24978,0.0,0.0
2024-10-22 15:00:00-04:00,115.96499633789062,115.97000122070312,115.86000061035156,115.91999816894531,25182,0.0,0.0
2024-10-22 15:05:00-04:00,115.9115982055664,115.94999694824219,115.83999633789062,115.91000366210938,39538,0.0,0.0
2024-10-22 15:10:00-04:00,115.91999816894531,116.22000122070312,115.9000015258789,116.02999877929688,107520,0.0,0.0
2024-10-22 15:15:00-04:00,116.0199966430664,116.08000183105469,115.9800033569336,116.08000183105469,29753,0.0,0.0
2024-10-22 15:20:00-04:00,116.08499908447266,116.15899658203125,116.06999969482422,116.11499786376953,41075,0.0,0.0
2024-10-22 15:25:00-04:00,116.11000061035156,116.22000122070312,116.11000061035156,116.20999908447266,47200,0.0,0.0
2024-10-22 15:30:00-04:00,116.22000122070312,116.31999969482422,116.19999694824219,116.31900024414062,49159,0.0,0.0
2024-10-22 15:35:00-04:00,116.31999969482422,116.3499984741211,116.19000244140625,116.19999694824219,54293,0.0,0.0
2024-10-22 15:40:00-04:00,116.19000244140625,116.23999786376953,116.12999725341797,116.12999725341797,41050,0.0,0.0
2024-10-22 15:45:00-04:00,116.12000274658203,116.22000122070312,116.1135025024414,116.16500091552734,53795,0.0,0.0
2024-10-22 15:50:00-04:00,116.16500091552734,116.33000183105469,116.12000274658203,116.25499725341797,87771,0.0,0.0
2024-10-22 15:55:00-04:00,116.25,116.26499938964844,116.08000183105469,116.12999725341797,210343,0.0,0.0
2024-10-23 09:30:00-04:00,116.16000366210938,116.4000015258789,116.0199966430664,116.32099914550781,113762,0.0,0.0
2024-10-23 09:35:00-04:00,116.29000091552734,116.3550033569336,116.06999969482422,116.30000305175781,44122,0.0,0.0
2024-10-23 09:40:00-04:00,116.32499694824219,116.70999908447266,116.2699966430664,116.70999908447266,38127,0.0,0.0
2024-10-23 09:45:00-04:00,116.68000030517578,116.7249984741211,116.49500274658203,116.5199966430664,37660,0.0,0.0
2024-10-23 09:50:00-04:00,116.5199966430664,116.69999694824219,116.44000244140625,116.5,41185,0.0,0.0
2024-10-23 09:55:00-04:00,116.5,116.5999984741211,116.41000366210938,116.42500305175781,25982,0.0,0.0
2024-10-23 10:00:00-04:00,116.41500091552734,116.81500244140625,116.39009857177734,116.73999786376953,44310,0.0,0.0
2024-10-23 10:05:00-04:00,116.7699966430664,116.7699966430664,116.6500015258789,116.7249984741211,35762,0.0,0.0
2024-10-23 10:10:00-04:00,116.7300033569336,116.73999786376953,116.41000366210938,116.43499755859375,37008,0.0,0.0
2024-10-23 10:15:00-04:00,116.41000366210938,116.51000213623047,116.26000213623047,116.30500030517578,27427,0.0,0.0
2024-10-23 10:20:00-04:00,116.30500030517578,116.31999969482422,116.19999694824219,116.25,28779,0.0,0.0
2024-10-23 10:25:00-04:00,116.26000213623047,116.44999694824219,116.26000213623047,116.37000274658203,44332,0.0,0.0
2024-10-23 10:30:00-04:00,116.37750244140625,116.37750244140625,116.25,116.26000213623047,27333,0.0,0.0
2024-10-23 10:35:00-04:00,116.25,116.31999969482422,116.19979858398438,116.2249984741211,42767,0.0,0.0
2024-10-23 10:40:00-04:00,116.22000122070312,116.3550033569336,116.20999908447266,116.24500274658203,27232,0.0,0.0
2024-10-23 10:45:00-04:00,116.2300033569336,116.26000213623047,116.13999938964844,116.22000122070312,34055,0.0,0.0
2024-10-23 10:50:00-04:00,116.20999908447266,116.22000122070312,116.08000183105469,116.0999984741211,18953,0.0,0.0
2024-10-23 10:55:00-04:00,116.08999633789062,116.13500213623047,116.05999755859375,116.06500244140625,20898,0.0,0.0
2024-10-23 11:00:00-04:00,116.05999755859375,116.08000183105469,115.93000030517578,115.99600219726562,25267,0.0,0.0
2024-10-23 11:05:00-04:00,116.0,116.06999969482422,115.97000122070312,116.01499938964844,31664,0.0,0.0
2024-10-23 11:10:00-04:00,116.01499938964844,116.0999984741211,115.94999694824219,116.08000183105469,30529,0.0,0.0
2024-10-23 11:15:00-04:00,116.08499908447266,116.12000274658203,116.04000091552734,116.0999984741211,13813,0.0,0.0
2024-10-23 11:20:00-04:00,116.08999633789062,116.13999938964844,116.0,116.08000183105469,17882,0.0,0.0
2024-10-23 11:25:00-04:00,116.08000183105469,116.18000030517578,116.07499694824219,116.12000274658203,27462,0.0,0.0
2024-10-23 11:30:00-04:00,116.13999938964844,116.23500061035156,116.12000274658203,116.23500061035156,26155,0.0,0.0
2024-10-23 11:35:00-04:00,116.26000213623047,116.27999877929688,116.19000244140625,116.27999877929688,19935,0.0,0.0
2024-10-23 11:40:00-04:00,116.27999877929688,116.31500244140625,116.2300033569336,116.31500244140625,19941,0.0,0.0
2024-10-23 11:45:00-04:00,116.30000305175781,116.30999755859375,116.22000122070312,116.26000213623047,16058,0.0,0.0
2024-10-23 11:50:00-04:00,116.26000213623047,116.38999938964844,116.25499725341797,116.37010192871094,23399,0.0,0.0
2024-10-23 11:55:00-04:00,116.375,116.45909881591797,116.33999633789062,116.34500122070312,17274,0.0,0.0
2024-10-23 12:00:00-04:00,116.33000183105469,116.41000366210938,116.26000213623047,116.3949966430664,22391,0.0,0.0
2024-10-23 12:05:00-04:00,116.41000366210938,116.50499725341797,116.39009857177734,116.48999786376953,35359,0.0,0.0
2024-10-23 12:10:00-04:00,116.50499725341797,116.66000366210938,116.49590301513672,116.55999755859375,36552,0.0,0.0
2024-10-23 12:15:00-04:00,116.55999755859375,116.63999938964844,116.55000305175781,116.62000274658203,24202,0.0,0.0
2024-10-23 12:20:00-04:00,116.61499786376953,116.68000030517578,116.6050033569336,116.66000366210938,34404,0.0,0.0
2024-10-23 12:25:00-04:00,116.65499877929688,116.75,116.62000274658203,116.69999694824219,35800,0.0,0.0
2024-10-23 12:30:00-04:00,116.69999694824219,116.69999694824219,116.52999877929688,116.62999725341797,20786,0.0,0.0
2024-10-23 12:35:00-04:00,116.62220001220703,116.66999816894531,116.61000061035156,116.61000061035156,15456,0.0,0.0
2024-10-23 12:40:00-04:00,116.61000061035156,116.62999725341797,116.58999633789062,116.5999984741211,13271,0.0,0.0
2024-10-23 12:45:00-04:00,116.58999633789062,116.66999816894531,116.56999969482422,116.66999816894531,13553,0.0,0.0
2024-10-23 12:50:00-04:00,116.68000030517578,116.75,116.63999938964844,116.72000122070312,22185,0.0,0.0
2024-10-23 12:55:00-04:00,116.72000122070312,116.7300033569336,116.68499755859375,116.71820068359375,15484,0.0,0.0
2024-10-23 13:00:00-04:00,116.72000122070312,116.76000213623047,116.69999694824219,116.7300033569336,12055,0.0,0.0
2024-10-23 13:05:00-04:00,116.73999786376953,116.76000213623047,116.69000244140625,116.73999786376953,27803,0.0,0.0
2024-10-23 13:10:00-04:00,116.75499725341797,116.75499725341797,116.69499969482422,116.73889923095703,31276,0.0,0.0
2024-10-23 13:15:00-04:00,116.75,116.77999877929688,116.68009948730469,116.72000122070312,20451,0.0,0.0
2024-10-23 13:20:00-04:00,116.72000122070312,116.75,116.69000244140625,116.74500274658203,18139,0.0,0.0
2024-10-23 13:25:00-04:00,116.73999786376953,116.73999786376953,116.66999816894531,116.70999908447266,19785,0.0,0.0
2024-10-23 13:30:00-04:00,116.69999694824219,116.70999908447266,116.61499786376953,116.62999725341797,36132,0.0,0.0
2024-10-23 13:35:00-04:00,116.62999725341797,116.70999908447266,116.62000274658203,116.69999694824219,29781,0.0,0.0
2024-10-23 13:40:00-04:00,116.69999694824219,116.75,116.66999816894531,116.71499633789062,30879,0.0,0.0
2024-10-23 13:45:00-04:00,116.71279907226562,116.76000213623047,116.69999694824219,116.73500061035156,28316,0.0,0.0
2024-10-23 13:50:00-04:00,116.73999786376953,116.86000061035156,116.7300033569336,116.76000213623047,25971,0.0,0.0
2024-10-23 13:55:00-04:00,116.7699966430664,116.86499786376953,116.73999786376953,116.84529876708984,28725,0.0,0.0
2024-10-23 14:00:00-04:00,116.8499984741211,116.8499984741211,116.66500091552734,116.70999908447266,41280,0.0,0.0
2024-10-23 14:05:00-04:00,116.69999694824219,116.70999908447266,116.63999938964844,116.69999694824219,41374,0.0,0.0
2024-10-23 14:10:00-04:00,116.69999694824219,116.70999908447266,116.58999633789062,116.66500091552734,43241,0.0,0.0
2024-10-23 14:15:00-04:00,116.66000366210938,116.66999816894531,116.38999938964844,116.4000015258789,35461,0.0,0.0
2024-10-23 14:20:00-04:00,116.40499877929688,116.5,116.36000061035156,116.48500061035156,36904,0.0,0.0
2024-10-23 14:25:00-04:00,116.48500061035156,116.5,116.41000366210938,116.41000366210938,32884,0.0,0.0
2024-10-23 14:30:00-04:00,116.4000015258789,116.5250015258789,116.38500213623047,116.5250015258789,26504,0.0,0.0
2024-10-23 14:35:00-04:00,116.5199966430664,116.53980255126953,116.4800033569336,116.52999877929688,32287,0.0,0.0
2024-10-23 14:40:00-04:00,116.5199966430664,116.61000061035156,116.51000213623047,116.56999969482422,24846,0.0,0.0
2024-10-23 14:45:00-04:00,116.56999969482422,116.5999984741211,116.54000091552734,116.55000305175781,24061,0.0,0.0
2024-10-23 14:50:00-04:00,116.55000305175781,116.61000061035156,116.48539733886719,116.5,24227,0.0,0.0
2024-10-23 14:55:00-04:00,116.5,116.56999969482422,116.48999786376953,116.55999755859375,30731,0.0,0.0
2024-10-23 15:00:00-04:00,116.55000305175781,116.58000183105469,116.49749755859375,116.5199966430664,21215,0.0,0.0
2024-10-23 15:05:00-04:00,116.5199966430664,116.68000030517578,116.5199966430664,116.66000366210938,46768,0.0,0.0
2024-10-23 15:10:00-04:00,116.66999816894531,116.72000122070312,116.63500213623047,116.66000366210938,32561,0.0,0.0
2024-10-23 15:15:00-04:00,116.66000366210938,116.73999786376953,116.62999725341797,116.7300033569336,42177,0.0,0.0
2024-10-23 15:20:00-04:00,116.72000122070312,116.7300033569336,116.61000061035156,116.66000366210938,45156,0.0,0.0
2024-10-23 15:25:00-04:00,116.66000366210938,116.69000244140625,116.625,116.67500305175781,33593,0.0,0.0
2024-10-23 15:30:00-04:00,116.67500305175781,116.80000305175781,116.66000366210938,116.77999877929688,49131,0.0,0.0
2024-10-23 15:35:00-04:00,116.77999877929688,116.81999969482422,116.75,116.80999755859375,52619,0.0,0.0
2024-10-23 15:40:00-04:00,116.80999755859375,116.87000274658203,116.79000091552734,116.87000274658203,48348,0.0,0.0
2024-10-23 15:45:00-04:00,116.86499786376953,116.87000274658203,116.76000213623047,116.7699966430664,50851,0.0,0.0
2024-10-23 15:50:00-04:00,116.77999877929688,116.875,116.7750015258789,116.86000061035156,85517,0.0,0.0
2024-10-23 15:55:00-04:00,116.87000274658203,117.1500015258789,116.87000274658203,117.01000213623047,349963,0.0,0.0
2024-10-24 09:30:00-04:00,117.20999908447266,117.41000366210938,116.91999816894531,117.11000061035156,94919,0.0,0.0
2024-10-24 09:35:00-04:00,117.06999969482422,117.12000274658203,116.91000366210938,117.0999984741211,32770,0.0,0.0
2024-10-24 09:40:00-04:00,117.06999969482422,117.26000213623047,117.06999969482422,117.19999694824219,15772,0.0,0.0
2024-10-24 09:45:00-04:00,117.15010070800781,117.16500091552734,116.97000122070312,117.12999725341797,22951,0.0,0.0
2024-10-24 09:50:00-04:00,117.11000061035156,117.16000366210938,116.97000122070312,117.12999725341797,34348,0.0,0.0
2024-10-24 09:55:00-04:00,117.13999938964844,117.2300033569336,117.0999984741211,117.2300033569336,19440,0.0,0.0
2024-10-24 10:00:00-04:00,117.19999694824219,117.19999694824219,116.98500061035156,117.0,30596,0.0,0.0
2024-10-24 10:05:00-04:00,117.0,117.08000183105469,116.98999786376953,117.04000091552734,38914,0.0,0.0
2024-10-24 10:10:00-04:00,117.04000091552734,117.06999969482422,116.80000305175781,116.86289978027344,29875,0.0,0.0
2024-10-24 10:15:00-04:00,116.9000015258789,117.02999877929688,116.83000183105469,116.93499755859375,22712,0.0,0.0
2024-10-24 10:20:00-04:00,116.94989776611328,116.94989776611328,116.6500015258789,116.66000366210938,17980,0.0,0.0
2024-10-24 10:25:00-04:00,116.66999816894531,116.76000213623047,116.63500213623047,116.75499725341797,15877,0.0,0.0
2024-10-24 10:30:00-04:00,116.73999786376953,116.77999877929688,116.69000244140625,116.76000213623047,11653,0.0,0.0
2024-10-24 10:35:00-04:00,116.76000213623047,116.80999755859375,116.62999725341797,116.6449966430664,26300,0.0,0.0
2024-10-24 10:40:00-04:00,116.6449966430664,116.6500015258789,116.56999969482422,116.56999969482422,21182,0.0,0.0
2024-10-24 10:45:00-04:00,116.58499908447266,116.68000030517578,116.48380279541016,116.5999984741211,34396,0.0,0.0
2024-10-24 10:50:00-04:00,116.5999984741211,116.65499877929688,116.5199966430664,116.65499877929688,23540,0.0,0.0
2024-10-24 10:55:00-04:00,116.6500015258789,116.7300033569336,116.62999725341797,116.66500091552734,36087,0.0,0.0
2024-10-24 11:00:00-04:00,116.66500091552734,116.68000030517578,116.49500274658203,116.52999877929688,35341,0.0,0.0
2024-10-24 11:05:00-04:00,116.51329803466797,116.62000274658203,116.5,116.5999984741211,30224,0.0,0.0
2024-10-24 11:10:00-04:00,116.59310150146484,116.6500015258789,116.55000305175781,116.63999938964844,19733,0.0,0.0
2024-10-24 11:15:00-04:00,116.63999938964844,116.72000122070312,116.63500213623047,116.69000244140625,17928,0.0,0.0
2024-10-24 11:20:00-04:00,116.69000244140625,116.71499633789062,116.5,116.5,32247,0.0,0.0
2024-10-24 11:25:00-04:00,116.51000213623047,116.51000213623047,116.32499694824219,116.3499984741211,25141,0.0,0.0
2024-10-24 11:30:00-04:00,116.37000274658203,116.41000366210938,116.2699966430664,116.36299896240234,44142,0.0,0.0
2024-10-24 11:35:00-04:00,116.37000274658203,116.46499633789062,116.36000061035156,116.41000366210938,22929,0.0,0.0
2024-10-24 11:40:00-04:00,116.37999725341797,116.3949966430664,116.30000305175781,116.30999755859375,22885,0.0,0.0
2024-10-24 11:45:00-04:00,116.27999877929688,116.30000305175781,116.20999908447266,116.27999877929688,35979,0.0,0.0
2024-10-24 11:50:00-04:00,116.27999877929688,116.41000366210938,116.26000213623047,116.41000366210938,24456,0.0,0.0
2024-10-24 11:55:00-04:00,116.41999816894531,116.55000305175781,116.41999816894531,116.5199966430664,26834,0.0,0.0
2024-10-24 12:00:00-04:00,116.52999877929688,116.52999877929688,116.4000015258789,116.42500305175781,20179,0.0,0.0
2024-10-24 12:05:00-04:00,116.44000244140625,116.4800033569336,116.30999755859375,116.31999969482422,18041,0.0,0.0
2024-10-24 12:10:00-04:00,116.32499694824219,116.36000061035156,116.24600219726562,116.34500122070312,17909,0.0,0.0
2024-10-24 12:15:00-04:00,116.36000061035156,116.36910247802734,116.27010345458984,116.33000183105469,14952,0.0,0.0
2024-10-24 12:20:00-04:00,116.3239974975586,116.36000061035156,116.30000305175781,116.33999633789062,20707,0.0,0.0
2024-10-24 12:25:00-04:00,116.37000274658203,116.5199966430664,116.37000274658203,116.5199966430664,14674,0.0,0.0
2024-10-24 12:30:00-04:00,116.5199966430664,116.55000305175781,116.4800033569336,116.54000091552734,52146,0.0,0.0
2024-10-24 12:35:00-04:00,116.55999755859375,116.58000183105469,116.5,116.5199966430664,20337,0.0,0.0
2024-10-24 12:40:00-04:00,116.5199966430664,116.52999877929688,116.31999969482422,116.37999725341797,81761,0.0,0.0
2024-10-24 12:45:00-04:00,116.375,116.44499969482422,116.375,116.43499755859375,12774,0.0,0.0
2024-10-24 12:50:00-04:00,116.44000244140625,116.55000305175781,116.39830017089844,116.4800033569336,90293,0.0,0.0
2024-10-24 12:55:00-04:00,116.5,116.61000061035156,116.45999908447266,116.54000091552734,52712,0.0,0.0
2024-10-24 13:00:00-04:00,116.55000305175781,116.55999755859375,116.4800033569336,116.52999877929688,29440,0.0,0.0
2024-10-24 13:05:00-04:00,116.52999877929688,116.52999877929688,116.3667984008789,116.3761978149414,24326,0.0,0.0
2024-10-24 13:10:00-04:00,116.375,116.4800033569336,116.37000274658203,116.4800033569336,20859,0.0,0.0
2024-10-24 13:15:00-04:00,116.4800033569336,116.4800033569336,116.41999816894531,116.44000244140625,33906,0.0,0.0
2024-10-24 13:20:00-04:00,116.44999694824219,116.48500061035156,116.30000305175781,116.37000274658203,162702,0.0,0.0
2024-10-24 13:25:00-04:00,116.375,116.4000015258789,116.30999755859375,116.30999755859375,22489,0.0,0.0
2024-10-24 13:30:00-04:00,116.33999633789062,116.3499984741211,116.30000305175781,116.32499694824219,23775,0.0,0.0
2024-10-24 13:35:00-04:00,116.32499694824219,116.38999938964844,116.32499694824219,116.37000274658203,37053,0.0,0.0
2024-10-24 13:40:00-04:00,116.37000274658203,116.4800033569336,116.36000061035156,116.47000122070312,37843,0.0,0.0
2024-10-24 13:45:00-04:00,116.4800033569336,116.5,116.41999816894531,116.47000122070312,26928,0.0,0.0
2024-10-24 13:50:00-04:00,116.45500183105469,116.4800033569336,116.44499969482422,116.44999694824219,12353,0.0,0.0
2024-10-24 13:55:00-04:00,116.47000122070312,116.51000213623047,116.44000244140625,116.5,57635,0.0,0.0
2024-10-24 14:00:00-04:00,116.48999786376953,116.51000213623047,116.44999694824219,116.44999694824219,27072,0.0,0.0
2024-10-24 14:05:00-04:00,116.46800231933594,116.48999786376953,116.44000244140625,116.47000122070312,19080,0.0,0.0
2024-10-24 14:10:00-04:00,116.47740173339844,116.47740173339844,116.4000015258789,116.44999694824219,18684,0.0,0.0
2024-10-24 14:15:00-04:00,116.44000244140625,116.4800033569336,116.41500091552734,116.43000030517578,31190,0.0,0.0
2024-10-24 14:20:00-04:00,116.41999816894531,116.44999694824219,116.37000274658203,116.38500213623047,17280,0.0,0.0
2024-10-24 14:25:00-04:00,116.37999725341797,116.38999938964844,116.3499984741211,116.3644027709961,25363,0.0,0.0
2024-10-24 14:30:00-04:00,116.37000274658203,116.41190338134766,116.36000061035156,116.41190338134766,20989,0.0,0.0
2024-10-24 14:35:00-04:00,116.41999816894531,116.43890380859375,116.38999938964844,116.38999938964844,17721,0.0,0.0
2024-10-24 14:40:00-04:00,116.3949966430664,116.41000366210938,116.37999725341797,116.4000015258789,19950,0.0,0.0
2024-10-24 14:45:00-04:00,116.4000015258789,116.44000244140625,116.38999938964844,116.40599822998047,19962,0.0,0.0
2024-10-24 14:50:00-04:00,116.40010070800781,116.44000244140625,116.4000015258789,116.43000030517578,23649,0.0,0.0
2024-10-24 14:55:00-04:00,116.43000030517578,116.43000030517578,116.39320373535156,116.42500305175781,17043,0.0,0.0
2024-10-24 15:00:00-04:00,116.41999816894531,116.44000244140625,116.3499984741211,116.3499984741211,32444,0.0,0.0
2024-10-24 15:05:00-04:00,116.3499984741211,116.3949966430664,116.31999969482422,116.3949966430664,36687,0.0,0.0
2024-10-24 15:10:00-04:00,116.39250183105469,116.5,116.39250183105469,116.45999908447266,36237,0.0,0.0
2024-10-24 15:15:00-04:00,116.45999908447266,116.49500274658203,116.41000366210938,116.44999694824219,31496,0.0,0.0
2024-10-24 15:20:00-04:00,116.44999694824219,116.44999694824219,116.38999938964844,116.40249633789062,24555,0.0,0.0
2024-10-24 15:25:00-04:00,116.41000366210938,116.5199966430664,116.41000366210938,116.51000213623047,40401,0.0,0.0
2024-10-24 15:30:00-04:00,116.51000213623047,116.58999633789062,116.4800033569336,116.56500244140625,48213,0.0,0.0
2024-10-24 15:35:00-04:00,116.58000183105469,116.61000061035156,116.41999816894531,116.44999694824219,58624,0.0,0.0
2024-10-24 15:40:00-04:00,116.44999694824219,116.55000305175781,116.44999694824219,116.5,36387,0.0,0.0
2024-10-24 15:45:00-04:00,116.51000213623047,116.5250015258789,116.4000015258789,116.46499633789062,57812,0.0,0.0
2024-10-24 15:50:00-04:00,116.47000122070312,116.5999984741211,116.45999908447266,116.5999984741211,138212,0.0,0.0
2024-10-24 15:55:00-04:00,116.5999984741211,116.79000091552734,116.5199966430664,116.54000091552734,299269,0.0,0.0
2024-10-25 09:30:00-04:00,116.1449966430664,116.1449966430664,115.98999786376953,115.98999786376953,5476,0.0,0.0
2024-10-25 09:35:00-04:00,115.88999938964844,116.38999938964844,115.72000122070312,115.92500305175781,125881,0.0,0.0
2024-10-25 09:40:00-04:00,115.95999908447266,115.95999908447266,115.71499633789062,115.73999786376953,52331,0.0,0.0
2024-10-25 09:45:00-04:00,115.68000030517578,115.72000122070312,115.05000305175781,115.08000183105469,76350,0.0,0.0
2024-10-25 09:50:00-04:00,115.06999969482422,115.36000061035156,115.05999755859375,115.20500183105469,118939,0.0,0.0
2024-10-25 09:55:00-04:00,115.2300033569336,115.25499725341797,114.69999694824219,114.86000061035156,80644,0.0,0.0
2024-10-25 10:00:00-04:00,114.91500091552734,115.25499725341797,114.87000274658203,115.23500061035156,76017,0.0,0.0
2024-10-25 10:05:00-04:00,115.23500061035156,115.27999877929688,114.88999938964844,115.0250015258789,47017,0.0,0.0
2024-10-25 10:10:00-04:00,115.05000305175781,115.31999969482422,114.94999694824219,115.2750015258789,42098,0.0,0.0
2024-10-25 10:15:00-04:00,115.26000213623047,115.36000061035156,115.12999725341797,115.33000183105469,63650,0.0,0.0
2024-10-25 10:20:00-04:00,115.27999877929688,115.4000015258789,115.23999786376953,115.3499984741211,45611,0.0,0.0
2024-10-25 10:25:00-04:00,115.3499984741211,115.41000366210938,115.2699966430664,115.33999633789062,50390,0.0,0.0
2024-10-25 10:30:00-04:00,115.3499984741211,115.51000213623047,115.19999694824219,115.29000091552734,92219,0.0,0.0
2024-10-25 10:35:00-04:00,115.25,115.30000305175781,115.1449966430664,115.26000213623047,36071,0.0,0.0
2024-10-25 10:40:00-04:00,115.23999786376953,115.41999816894531,115.16000366210938,115.41999816894531,35675,0.0,0.0
2024-10-25 10:45:00-04:00,115.43000030517578,115.4800033569336,115.33000183105469,115.44999694824219,32828,0.0,0.0
2024-10-25 10:50:00-04:00,115.44000244140625,115.5,115.37999725341797,115.48999786376953,27281,0.0,0.0
2024-10-25 10:55:00-04:00,115.5,115.51000213623047,115.37000274658203,115.4000015258789,30849,0.0,0.0
2024-10-25 11:00:00-04:00,115.41999816894531,115.45999908447266,115.17500305175781,115.31999969482422,146715,0.0,0.0
2024-10-25 11:05:00-04:00,115.30999755859375,115.30999755859375,115.28099822998047,115.28099822998047,22544,0.0,0.0
2024-10-25 11:10:00-04:00,115.23999786376953,115.23999786376953,115.04180145263672,115.04180145263672,62849,0.0,0.0
2024-10-25 11:15:00-04:00,114.96499633789062,114.96499633789062,114.94000244140625,114.94000244140625,19987,0.0,0.0
2024-10-25 11:20:00-04:00,114.92500305175781,114.93000030517578,114.92500305175781,114.93000030517578,299,0.0,0.0
2024-10-25 11:25:00-04:00,115.0199966430664,115.05000305175781,114.91000366210938,114.92500305175781,41219,0.0,0.0
2024-10-25 11:30:00-04:00,114.9000015258789,115.04000091552734,114.8499984741211,114.8499984741211,29755,0.0,0.0
2024-10-25 11:35:00-04:00,114.83000183105469,114.87000274658203,114.76000213623047,114.7603988647461,17827,0.0,0.0
2024-10-25 11:40:00-04:00,114.78500366210938,114.83999633789062,114.75,114.76499938964844,35532,0.0,0.0
2024-10-25 11:45:00-04:00,114.7699966430664,114.79000091552734,114.69000244140625,114.73999786376953,57221,0.0,0.0
2024-10-25 11:50:00-04:00,114.74250030517578,114.93000030517578,114.72010040283203,114.88999938964844,33581,0.0,0.0
2024-10-25 11:55:00-04:00,114.87000274658203,114.94999694824219,114.80999755859375,114.8550033569336,25658,0.0,0.0
2024-10-25 12:00:00-04:00,114.86000061035156,114.86000061035156,114.62999725341797,114.63200378417969,19702,0.0,0.0
2024-10-25 12:05:00-04:00,114.625,114.80000305175781,114.61000061035156,114.73500061035156,22545,0.0,0.0
2024-10-25 12:10:00-04:00,114.72100067138672,114.72100067138672,114.62999725341797,114.6500015258789,15149,0.0,0.0
2024-10-25 12:15:00-04:00,114.63999938964844,114.69000244140625,114.62000274658203,114.66000366210938,16571,0.0,0.0
2024-10-25 12:20:00-04:00,114.6500015258789,114.83000183105469,114.55999755859375,114.81500244140625,69679,0.0,0.0
2024-10-25 12:25:00-04:00,114.83999633789062,114.9000015258789,114.69000244140625,114.73999786376953,16699,0.0,0.0
2024-10-25 12:30:00-04:00,114.70999908447266,114.7300033569336,114.5999984741211,114.66000366210938,23093,0.0,0.0
2024-10-25 12:35:00-04:00,114.66999816894531,114.66999816894531,114.5199966430664,114.54000091552734,12414,0.0,0.0
2024-10-25 12:40:00-04:00,114.55000305175781,114.62000274658203,114.54000091552734,114.55000305175781,15427,0.0,0.0
2024-10-25 12:45:00-04:00,114.54499816894531,114.55000305175781,114.45999908447266,114.45999908447266,14263,0.0,0.0
2024-10-25 12:50:00-04:00,114.44999694824219,114.46499633789062,113.19640350341797,113.87000274658203,279205,0.0,0.0
2024-10-25 12:55:00-04:00,113.80999755859375,114.26000213623047,113.77999877929688,114.26000213623047,86737,0.0,0.0
2024-10-25 13:00:00-04:00,114.20999908447266,114.26000213623047,113.95999908447266,114.23999786376953,58671,0.0,0.0
2024-10-25 13:05:00-04:00,114.23539733886719,114.33999633789062,114.12149810791016,114.15499877929688,46315,0.0,0.0
2024-10-25 13:10:00-04:00,114.15499877929688,114.21499633789062,114.0199966430664,114.0199966430664,97639,0.0,0.0
2024-10-25 13:15:00-04:00,114.0,114.06999969482422,113.83000183105469,113.86499786376953,31310,0.0,0.0
2024-10-25 13:20:00-04:00,113.87999725341797,113.94000244140625,113.70999908447266,113.8313980102539,48868,0.0,0.0
2024-10-25 13:25:00-04:00,113.81999969482422,114.08999633789062,113.81999969482422,114.01000213623047,26005,0.0,0.0
2024-10-25 13:30:00-04:00,114.0,114.05999755859375,113.9000015258789,114.0199966430664,35037,0.0,0.0
2024-10-25 13:35:00-04:00,114.0199966430664,114.0999984741211,113.91000366210938,114.04000091552734,23278,0.0,0.0
2024-10-25 13:40:00-04:00,114.02999877929688,114.04000091552734,113.91000366210938,113.91000366210938,44459,0.0,0.0
2024-10-25 13:45:00-04:00,113.94000244140625,114.0999984741211,113.87000274658203,114.00479888916016,32121,0.0,0.0
2024-10-25 13:50:00-04:00,113.98999786376953,114.0999984741211,113.94000244140625,113.94000244140625,70693,0.0,0.0
2024-10-25 13:55:00-04:00,113.95999908447266,114.14990234375,113.93000030517578,114.0,44065,0.0,0.0
2024-10-25 14:00:00-04:00,114.0250015258789,114.17990112304688,113.9749984741211,113.9749984741211,41906,0.0,0.0
2024-10-25 14:05:00-04:00,113.9749984741211,114.0199966430664,113.91999816894531,113.97000122070312,28084,0.0,0.0
2024-10-25 14:10:00-04:00,113.95999908447266,114.0,113.81999969482422,113.83999633789062,48491,0.0,0.0
2024-10-25 14:15:00-04:00,113.86000061035156,113.99500274658203,113.81999969482422,113.9800033569336,40897,0.0,0.0
2024-10-25 14:20:00-04:00,113.99500274658203,114.0,113.83999633789062,113.98999786376953,34670,0.0,0.0
2024-10-25 14:25:00-04:00,113.9800033569336,114.01000213623047,113.94000244140625,113.97000122070312,43319,0.0,0.0
2024-10-25 14:30:00-04:00,113.97000122070312,114.00499725341797,113.91000366210938,113.94000244140625,34688,0.0,0.0
2024-10-25 14:35:00-04:00,113.95500183105469,114.08000183105469,113.94000244140625,114.05999755859375,77251,0.0,0.0
2024-10-25 14:40:00-04:00,114.05999755859375,114.19000244140625,114.01000213623047,114.16999816894531,84631,0.0,0.0
2024-10-25 14:45:00-04:00,114.16999816894531,114.17500305175781,114.0,114.12999725341797,19730,0.0,0.0
2024-10-25 14:50:00-04:00,114.11000061035156,114.2699966430664,114.06999969482422,114.1500015258789,119585,0.0,0.0
2024-10-25 14:55:00-04:00,114.0999984741211,114.16000366210938,114.08000183105469,114.11499786376953,49154,0.0,0.0
2024-10-25 15:00:00-04:00,114.11000061035156,114.16999816894531,114.06500244140625,114.06500244140625,33465,0.0,0.0
2024-10-25 15:05:00-04:00,114.05999755859375,114.25,114.05999755859375,114.21019744873047,77543,0.0,0.0
2024-10-25 15:10:00-04:00,114.23999786376953,114.26000213623047,114.05000305175781,114.05000305175781,48307,0.0,0.0
2024-10-25 15:15:00-04:00,114.08999633789062,114.16999816894531,114.0739974975586,114.11000061035156,31399,0.0,0.0
2024-10-25 15:20:00-04:00,114.0999984741211,114.22000122070312,114.05999755859375,114.22000122070312,50976,0.0,0.0
2024-10-25 15:25:00-04:00,114.21499633789062,114.30999755859375,114.19999694824219,114.30000305175781,47134,0.0,0.0
2024-10-25 15:30:00-04:00,114.29499816894531,114.30500030517578,114.05000305175781,114.08999633789062,434065,0.0,0.0
2024-10-25 15:35:00-04:00,114.0999984741211,114.31999969482422,114.0510025024414,114.30999755859375,99510,0.0,0.0
2024-10-25 15:40:00-04:00,114.30000305175781,114.44999694824219,114.27999877929688,114.43000030517578,105595,0.0,0.0
2024-10-25 15:45:00-04:00,114.41999816894531,114.50499725341797,114.20999908447266,114.22000122070312,96752,0.0,0.0
2024-10-25 15:50:00-04:00,114.2300033569336,114.33999633789062,114.18000030517578,114.30500030517578,151664,0.0,0.0
2024-10-25 15:55:00-04:00,114.30000305175781,114.31999969482422,114.06999969482422,114.23999786376953,468563,0.0,0.0
