Datetime,Open,High,Low,Close,Volume,Dividends,Stock Splits
2024-09-26 09:30:00-04:00,16.690000534057617,16.80500030517578,16.690000534057617,16.780000686645508,183662,0.0,0.0
2024-09-26 09:35:00-04:00,16.809999465942383,16.959999084472656,16.770000457763672,16.93000030517578,57936,0.0,0.0
2024-09-26 09:40:00-04:00,16.920000076293945,16.954999923706055,16.770000457763672,16.850000381469727,41934,0.0,0.0
2024-09-26 09:45:00-04:00,16.854999542236328,16.90999984741211,16.850000381469727,16.90999984741211,20801,0.0,0.0
2024-09-26 09:50:00-04:00,16.90999984741211,16.950000762939453,16.899999618530273,16.940000534057617,20014,0.0,0.0
2024-09-26 09:55:00-04:00,16.950000762939453,17.014999389648438,16.94499969482422,16.969999313354492,21728,0.0,0.0
2024-09-26 10:00:00-04:00,16.979999542236328,17.09000015258789,16.979999542236328,17.040000915527344,62074,0.0,0.0
2024-09-26 10:05:00-04:00,17.030000686645508,17.040000915527344,17.0,17.010000228881836,14636,0.0,0.0
2024-09-26 10:10:00-04:00,17.0,17.100099563598633,17.0,17.09000015258789,25738,0.0,0.0
2024-09-26 10:15:00-04:00,17.084999084472656,17.110000610351562,17.06999969482422,17.110000610351562,17744,0.0,0.0
2024-09-26 10:20:00-04:00,17.110000610351562,17.110000610351562,17.030000686645508,17.040000915527344,17691,0.0,0.0
2024-09-26 10:25:00-04:00,17.040000915527344,17.059999465942383,17.0,17.020000457763672,16060,0.0,0.0
2024-09-26 10:30:00-04:00,17.030000686645508,17.040000915527344,16.90999984741211,16.94499969482422,69036,0.0,0.0
2024-09-26 10:35:00-04:00,16.940000534057617,16.985000610351562,16.899999618530273,16.985000610351562,53522,0.0,0.0
2024-09-26 10:40:00-04:00,16.989999771118164,16.989999771118164,16.90999984741211,16.950000762939453,26185,0.0,0.0
2024-09-26 10:45:00-04:00,16.950000762939453,17.0,16.94499969482422,16.959999084472656,33505,0.0,0.0
2024-09-26 10:50:00-04:00,16.969999313354492,16.979999542236328,16.924999237060547,16.93000030517578,13799,0.0,0.0
2024-09-26 10:55:00-04:00,16.940000534057617,16.940000534057617,16.84000015258789,16.8700008392334,17155,0.0,0.0
2024-09-26 11:00:00-04:00,16.8700008392334,16.93000030517578,16.8700008392334,16.93000030517578,23356,0.0,0.0
2024-09-26 11:05:00-04:00,16.920000076293945,16.969999313354492,16.90999984741211,16.950000762939453,26485,0.0,0.0
2024-09-26 11:10:00-04:00,16.959999084472656,16.989999771118164,16.90999984741211,16.920000076293945,12690,0.0,0.0
2024-09-26 11:15:00-04:00,16.915000915527344,16.950000762939453,16.889999389648438,16.950000762939453,11802,0.0,0.0
2024-09-26 11:20:00-04:00,16.950000762939453,16.989999771118164,16.94499969482422,16.979999542236328,22756,0.0,0.0
2024-09-26 11:25:00-04:00,16.979999542236328,16.979999542236328,16.950000762939453,16.959999084472656,14440,0.0,0.0
2024-09-26 11:30:00-04:00,16.954999923706055,16.975000381469727,16.90999984741211,16.920000076293945,71269,0.0,0.0
2024-09-26 11:35:00-04:00,16.920000076293945,16.959999084472656,16.90999984741211,16.950000762939453,21946,0.0,0.0
2024-09-26 11:40:00-04:00,16.950000762939453,16.950000762939453,16.93000030517578,16.940000534057617,22817,0.0,0.0
2024-09-26 11:45:00-04:00,16.934999465942383,16.934999465942383,16.899700164794922,16.899700164794922,16301,0.0,0.0
2024-09-26 11:50:00-04:00,16.890100479125977,16.954999923706055,16.885000228881836,16.954999923706055,19169,0.0,0.0
2024-09-26 11:55:00-04:00,16.950000762939453,16.979299545288086,16.950000762939453,16.969999313354492,13915,0.0,0.0
2024-09-26 12:00:00-04:00,16.96500015258789,16.96500015258789,16.940000534057617,16.94499969482422,8397,0.0,0.0
2024-09-26 12:05:00-04:00,16.950000762939453,16.975000381469727,16.950000762939453,16.950000762939453,8314,0.0,0.0
2024-09-26 12:10:00-04:00,16.950000762939453,16.950000762939453,16.93000030517578,16.93000030517578,15172,0.0,0.0
2024-09-26 12:15:00-04:00,16.924999237060547,16.940000534057617,16.924999237060547,16.940000534057617,4442,0.0,0.0
2024-09-26 12:20:00-04:00,16.94499969482422,16.959999084472656,16.940000534057617,16.940000534057617,8061,0.0,0.0
2024-09-26 12:25:00-04:00,16.940000534057617,16.949899673461914,16.889999389648438,16.889999389648438,8045,0.0,0.0
2024-09-26 12:30:00-04:00,16.8799991607666,16.90999984741211,16.8799991607666,16.889999389648438,14443,0.0,0.0
2024-09-26 12:35:00-04:00,16.889999389648438,16.895000457763672,16.8799991607666,16.8799991607666,6101,0.0,0.0
2024-09-26 12:40:00-04:00,16.8799991607666,16.8799991607666,16.854999542236328,16.860000610351562,16145,0.0,0.0
2024-09-26 12:45:00-04:00,16.860000610351562,16.875,16.860000610351562,16.8700008392334,3887,0.0,0.0
2024-09-26 12:50:00-04:00,16.8700008392334,16.8700008392334,16.854999542236328,16.854999542236328,6705,0.0,0.0
2024-09-26 12:55:00-04:00,16.860000610351562,16.860000610351562,16.84000015258789,16.860000610351562,4594,0.0,0.0
2024-09-26 13:00:00-04:00,16.860000610351562,16.899999618530273,16.844999313354492,16.899999618530273,7124,0.0,0.0
2024-09-26 13:05:00-04:00,16.90999984741211,16.950000762939453,16.90999984741211,16.950000762939453,4837,0.0,0.0
2024-09-26 13:10:00-04:00,16.940000534057617,16.950000762939453,16.900100708007812,16.900299072265625,10339,0.0,0.0
2024-09-26 13:15:00-04:00,16.899999618530273,16.899999618530273,16.8700008392334,16.8700008392334,9961,0.0,0.0
2024-09-26 13:20:00-04:00,16.8700008392334,16.895000457763672,16.864999771118164,16.889999389648438,11140,0.0,0.0
2024-09-26 13:25:00-04:00,16.889999389648438,16.93000030517578,16.8799991607666,16.93000030517578,11699,0.0,0.0
2024-09-26 13:30:00-04:00,16.93000030517578,16.94499969482422,16.93000030517578,16.93000030517578,21338,0.0,0.0
2024-09-26 13:35:00-04:00,16.940000534057617,16.959999084472656,16.93000030517578,16.940000534057617,9088,0.0,0.0
2024-09-26 13:40:00-04:00,16.934999465942383,16.969999313354492,16.934999465942383,16.959999084472656,17614,0.0,0.0
2024-09-26 13:45:00-04:00,16.954999923706055,17.020000457763672,16.954999923706055,17.010000228881836,22113,0.0,0.0
2024-09-26 13:50:00-04:00,17.0049991607666,17.030000686645508,16.989999771118164,17.0,7205,0.0,0.0
2024-09-26 13:55:00-04:00,17.010000228881836,17.040000915527344,17.010000228881836,17.03499984741211,7967,0.0,0.0
2024-09-26 14:00:00-04:00,17.040000915527344,17.049999237060547,17.03499984741211,17.040000915527344,14082,0.0,0.0
2024-09-26 14:05:00-04:00,17.049999237060547,17.049999237060547,17.024999618530273,17.024999618530273,8604,0.0,0.0
2024-09-26 14:10:00-04:00,17.010000228881836,17.030000686645508,17.010000228881836,17.020000457763672,9179,0.0,0.0
2024-09-26 14:15:00-04:00,17.030000686645508,17.049999237060547,17.024999618530273,17.040000915527344,45636,0.0,0.0
2024-09-26 14:20:00-04:00,17.030000686645508,17.040000915527344,17.014999389648438,17.020000457763672,8125,0.0,0.0
2024-09-26 14:25:00-04:00,17.020000457763672,17.040000915527344,17.011199951171875,17.030000686645508,16533,0.0,0.0
2024-09-26 14:30:00-04:00,17.030000686645508,17.049999237060547,17.030000686645508,17.040000915527344,23563,0.0,0.0
2024-09-26 14:35:00-04:00,17.049999237060547,17.079999923706055,17.049999237060547,17.079999923706055,19564,0.0,0.0
2024-09-26 14:40:00-04:00,17.06999969482422,17.06999969482422,17.040000915527344,17.040000915527344,11407,0.0,0.0
2024-09-26 14:45:00-04:00,17.030000686645508,17.030000686645508,17.010000228881836,17.014999389648438,24126,0.0,0.0
2024-09-26 14:50:00-04:00,17.010000228881836,17.030000686645508,17.0049991607666,17.030000686645508,12127,0.0,0.0
2024-09-26 14:55:00-04:00,17.030000686645508,17.040000915527344,17.0049991607666,17.010000228881836,21499,0.0,0.0
2024-09-26 15:00:00-04:00,17.010000228881836,17.020000457763672,17.0,17.020000457763672,13091,0.0,0.0
2024-09-26 15:05:00-04:00,17.020000457763672,17.020000457763672,16.985000610351562,16.985000610351562,11058,0.0,0.0
2024-09-26 15:10:00-04:00,16.979999542236328,16.9950008392334,16.975000381469727,16.9950008392334,12346,0.0,0.0
2024-09-26 15:15:00-04:00,17.0,17.0,16.979999542236328,16.985000610351562,35834,0.0,0.0
2024-09-26 15:20:00-04:00,16.985000610351562,16.98900032043457,16.954999923706055,16.954999923706055,8644,0.0,0.0
2024-09-26 15:25:00-04:00,16.954999923706055,16.954999923706055,16.93000030517578,16.94499969482422,17008,0.0,0.0
2024-09-26 15:30:00-04:00,16.940000534057617,16.950000762939453,16.924999237060547,16.931100845336914,13920,0.0,0.0
2024-09-26 15:35:00-04:00,16.934999465942383,16.950000762939453,16.934999465942383,16.94499969482422,4970,0.0,0.0
2024-09-26 15:40:00-04:00,16.950000762939453,16.959999084472656,16.94499969482422,16.959999084472656,14489,0.0,0.0
2024-09-26 15:45:00-04:00,16.954999923706055,16.954999923706055,16.934999465942383,16.940000534057617,31431,0.0,0.0
2024-09-26 15:50:00-04:00,16.934999465942383,16.969999313354492,16.93000030517578,16.969999313354492,48024,0.0,0.0
2024-09-26 15:55:00-04:00,16.96500015258789,16.98740005493164,16.954999923706055,16.954999923706055,91004,0.0,0.0
2024-09-27 09:30:00-04:00,17.139999389648438,17.139999389648438,16.989999771118164,17.0,144621,0.0,0.0
2024-09-27 09:35:00-04:00,16.90999984741211,16.950000762939453,16.90999984741211,16.920000076293945,30167,0.0,0.0
2024-09-27 09:40:00-04:00,16.90999984741211,16.940000534057617,16.8700008392334,16.8799991607666,40201,0.0,0.0
2024-09-27 09:45:00-04:00,16.8799991607666,16.895000457763672,16.844999313354492,16.895000457763672,26443,0.0,0.0
2024-09-27 09:50:00-04:00,16.889999389648438,17.030000686645508,16.889999389648438,17.020000457763672,23969,0.0,0.0
2024-09-27 09:55:00-04:00,16.969999313354492,17.020000457763672,16.950000762939453,17.0,14784,0.0,0.0
2024-09-27 10:00:00-04:00,17.020000457763672,17.059999465942383,16.959999084472656,17.03499984741211,53736,0.0,0.0
2024-09-27 10:05:00-04:00,17.030000686645508,17.084999084472656,17.014999389648438,17.084999084472656,24826,0.0,0.0
2024-09-27 10:10:00-04:00,17.079999923706055,17.09000015258789,17.040000915527344,17.06999969482422,23494,0.0,0.0
2024-09-27 10:15:00-04:00,17.059999465942383,17.065000534057617,16.96500015258789,16.969999313354492,16389,0.0,0.0
2024-09-27 10:20:00-04:00,16.975000381469727,17.05500030517578,16.975000381469727,17.024999618530273,16556,0.0,0.0
2024-09-27 10:25:00-04:00,17.030000686645508,17.065000534057617,17.024900436401367,17.030000686645508,23460,0.0,0.0
2024-09-27 10:30:00-04:00,17.030000686645508,17.040000915527344,17.0049991607666,17.014999389648438,27850,0.0,0.0
2024-09-27 10:35:00-04:00,17.010000228881836,17.059226989746094,17.0049991607666,17.030000686645508,32310,0.0,0.0
2024-09-27 10:40:00-04:00,17.030000686645508,17.045000076293945,17.020000457763672,17.045000076293945,14370,0.0,0.0
2024-09-27 10:45:00-04:00,17.040000915527344,17.05500030517578,17.020000457763672,17.024999618530273,24350,0.0,0.0
2024-09-27 10:50:00-04:00,17.020000457763672,17.059999465942383,17.020000457763672,17.024999618530273,70063,0.0,0.0
2024-09-27 10:55:00-04:00,17.024999618530273,17.024999618530273,16.9950008392334,16.9950008392334,14871,0.0,0.0
2024-09-27 11:00:00-04:00,16.9950008392334,17.030000686645508,16.9950008392334,17.024999618530273,27282,0.0,0.0
2024-09-27 11:05:00-04:00,17.024999618530273,17.094999313354492,17.024999618530273,17.094999313354492,17207,0.0,0.0
2024-09-27 11:10:00-04:00,17.100000381469727,17.100000381469727,17.040000915527344,17.049999237060547,30359,0.0,0.0
2024-09-27 11:15:00-04:00,17.049999237060547,17.059999465942383,17.03499984741211,17.039899826049805,13100,0.0,0.0
2024-09-27 11:20:00-04:00,17.030000686645508,17.05500030517578,17.030000686645508,17.040000915527344,13135,0.0,0.0
2024-09-27 11:25:00-04:00,17.049999237060547,17.110000610351562,17.049999237060547,17.099000930786133,27458,0.0,0.0
2024-09-27 11:30:00-04:00,17.100000381469727,17.1299991607666,17.075000762939453,17.110000610351562,69552,0.0,0.0
2024-09-27 11:35:00-04:00,17.110000610351562,17.110000610351562,17.075000762939453,17.09000015258789,55983,0.0,0.0
2024-09-27 11:40:00-04:00,17.084999084472656,17.1200008392334,17.084999084472656,17.1200008392334,19221,0.0,0.0
2024-09-27 11:45:00-04:00,17.1200008392334,17.139999389648438,17.079999923706055,17.079999923706055,27848,0.0,0.0
2024-09-27 11:50:00-04:00,17.079999923706055,17.079999923706055,17.0049991607666,17.040000915527344,20988,0.0,0.0
2024-09-27 11:55:00-04:00,17.040000915527344,17.059999465942383,17.010000228881836,17.010000228881836,19798,0.0,0.0
2024-09-27 12:00:00-04:00,17.010000228881836,17.024999618530273,16.989999771118164,16.9950008392334,11655,0.0,0.0
2024-09-27 12:05:00-04:00,16.9950008392334,17.040000915527344,16.9950008392334,17.0049991607666,9817,0.0,0.0
2024-09-27 12:10:00-04:00,17.0049991607666,17.014999389648438,16.985000610351562,17.0049991607666,9309,0.0,0.0
2024-09-27 12:15:00-04:00,17.0049991607666,17.014999389648438,17.0049991607666,17.010000228881836,8049,0.0,0.0
2024-09-27 12:20:00-04:00,17.0049991607666,17.030000686645508,17.0049991607666,17.024999618530273,13772,0.0,0.0
2024-09-27 12:25:00-04:00,17.024999618530273,17.030000686645508,17.0,17.020000457763672,22762,0.0,0.0
2024-09-27 12:30:00-04:00,17.0,17.0,16.969999313354492,16.979999542236328,13855,0.0,0.0
2024-09-27 12:35:00-04:00,16.979999542236328,16.985000610351562,16.954999923706055,16.969999313354492,6600,0.0,0.0
2024-09-27 12:40:00-04:00,16.975000381469727,16.989999771118164,16.959999084472656,16.979999542236328,7580,0.0,0.0
2024-09-27 12:45:00-04:00,16.975000381469727,16.975000381469727,16.959999084472656,16.96500015258789,7648,0.0,0.0
2024-09-27 12:50:00-04:00,16.96500015258789,16.9950008392334,16.96500015258789,16.9950008392334,7117,0.0,0.0
2024-09-27 12:55:00-04:00,16.989999771118164,16.989999771118164,16.969999313354492,16.969999313354492,3376,0.0,0.0
2024-09-27 13:00:00-04:00,16.975000381469727,17.049999237060547,16.975000381469727,17.049999237060547,20013,0.0,0.0
2024-09-27 13:05:00-04:00,17.049999237060547,17.06999969482422,16.940000534057617,16.940000534057617,85839,0.0,0.0
2024-09-27 13:10:00-04:00,16.934999465942383,16.960100173950195,16.93000030517578,16.950000762939453,13592,0.0,0.0
2024-09-27 13:15:00-04:00,16.940000534057617,16.941200256347656,16.93000030517578,16.940000534057617,9917,0.0,0.0
2024-09-27 13:20:00-04:00,16.934999465942383,16.934999465942383,16.899999618530273,16.905000686645508,10641,0.0,0.0
2024-09-27 13:25:00-04:00,16.899999618530273,16.934999465942383,16.889999389648438,16.934999465942383,8097,0.0,0.0
2024-09-27 13:30:00-04:00,16.934999465942383,16.959999084472656,16.934999465942383,16.959999084472656,7815,0.0,0.0
2024-09-27 13:35:00-04:00,16.959999084472656,16.959999084472656,16.93000030517578,16.940000534057617,16453,0.0,0.0
2024-09-27 13:40:00-04:00,16.94499969482422,16.950000762939453,16.934999465942383,16.950000762939453,17285,0.0,0.0
2024-09-27 13:45:00-04:00,16.950000762939453,16.989999771118164,16.94499969482422,16.989999771118164,25361,0.0,0.0
2024-09-27 13:50:00-04:00,16.985000610351562,17.020000457763672,16.985000610351562,17.0049991607666,21467,0.0,0.0
2024-09-27 13:55:00-04:00,17.0049991607666,17.0049991607666,16.979999542236328,16.989999771118164,14858,0.0,0.0
2024-09-27 14:00:00-04:00,16.985000610351562,17.0049991607666,16.969999313354492,16.969999313354492,10542,0.0,0.0
2024-09-27 14:05:00-04:00,16.969999313354492,16.969999313354492,16.940000534057617,16.94499969482422,10251,0.0,0.0
2024-09-27 14:10:00-04:00,16.940000534057617,16.94499969482422,16.93000030517578,16.940000534057617,8196,0.0,0.0
2024-09-27 14:15:00-04:00,16.93000030517578,16.969999313354492,16.93000030517578,16.969999313354492,7116,0.0,0.0
2024-09-27 14:20:00-04:00,16.969999313354492,16.979999542236328,16.93000030517578,16.934999465942383,10926,0.0,0.0
2024-09-27 14:25:00-04:00,16.93000030517578,16.93000030517578,16.889999389648438,16.889999389648438,19100,0.0,0.0
2024-09-27 14:30:00-04:00,16.8799991607666,16.8799991607666,16.850000381469727,16.8700008392334,10738,0.0,0.0
2024-09-27 14:35:00-04:00,16.8700008392334,16.8799991607666,16.850000381469727,16.850000381469727,9329,0.0,0.0
2024-09-27 14:40:00-04:00,16.850000381469727,16.899999618530273,16.850000381469727,16.895000457763672,7463,0.0,0.0
2024-09-27 14:45:00-04:00,16.899999618530273,16.905000686645508,16.889999389648438,16.889999389648438,6579,0.0,0.0
2024-09-27 14:50:00-04:00,16.8799991607666,16.899999618530273,16.8799991607666,16.889999389648438,22004,0.0,0.0
2024-09-27 14:55:00-04:00,16.899999618530273,16.940000534057617,16.899999618530273,16.940000534057617,11846,0.0,0.0
2024-09-27 15:00:00-04:00,16.93000030517578,16.93000030517578,16.90999984741211,16.915000915527344,13294,0.0,0.0
2024-09-27 15:05:00-04:00,16.915000915527344,16.915000915527344,16.889999389648438,16.895000457763672,7725,0.0,0.0
2024-09-27 15:10:00-04:00,16.889999389648438,16.889999389648438,16.8799991607666,16.889999389648438,22058,0.0,0.0
2024-09-27 15:15:00-04:00,16.889999389648438,16.895000457763672,16.8700008392334,16.895000457763672,11326,0.0,0.0
2024-09-27 15:20:00-04:00,16.895000457763672,16.90999984741211,16.895000457763672,16.895000457763672,10819,0.0,0.0
2024-09-27 15:25:00-04:00,16.899999618530273,16.899999618530273,16.882099151611328,16.890100479125977,28165,0.0,0.0
2024-09-27 15:30:00-04:00,16.889999389648438,16.889999389648438,16.864999771118164,16.885000228881836,7854,0.0,0.0
2024-09-27 15:35:00-04:00,16.8799991607666,16.885000228881836,16.840700149536133,16.850000381469727,32900,0.0,0.0
2024-09-27 15:40:00-04:00,16.850000381469727,16.860000610351562,16.834999084472656,16.834999084472656,21112,0.0,0.0
2024-09-27 15:45:00-04:00,16.84000015258789,16.844999313354492,16.815000534057617,16.81999969482422,34563,0.0,0.0
2024-09-27 15:50:00-04:00,16.81999969482422,16.864999771118164,16.815000534057617,16.834999084472656,79522,0.0,0.0
2024-09-27 15:55:00-04:00,16.84000015258789,16.885000228881836,16.84000015258789,16.860000610351562,99575,0.0,0.0
2024-09-30 09:30:00-04:00,16.979999542236328,17.030000686645508,15.75,15.989999771118164,535106,0.0,0.0
2024-09-30 09:35:00-04:00,15.979999542236328,16.399999618530273,15.920000076293945,16.34000015258789,240540,0.0,0.0
2024-09-30 09:40:00-04:00,16.350000381469727,16.399999618530273,16.1299991607666,16.3700008392334,148613,0.0,0.0
2024-09-30 09:45:00-04:00,16.3799991607666,16.549999237060547,16.309999465942383,16.540000915527344,92769,0.0,0.0
2024-09-30 09:50:00-04:00,16.530000686645508,16.59000015258789,16.40999984741211,16.415000915527344,77575,0.0,0.0
2024-09-30 09:55:00-04:00,16.440000534057617,16.450000762939453,16.290000915527344,16.3700008392334,66524,0.0,0.0
2024-09-30 10:00:00-04:00,16.3700008392334,16.399999618530273,16.209999084472656,16.219999313354492,88985,0.0,0.0
2024-09-30 10:05:00-04:00,16.219999313354492,16.290000915527344,16.209999084472656,16.260000228881836,51105,0.0,0.0
2024-09-30 10:10:00-04:00,16.260000228881836,16.260000228881836,16.125,16.1299991607666,54200,0.0,0.0
2024-09-30 10:15:00-04:00,16.1299991607666,16.190000534057617,16.020000457763672,16.170000076293945,97241,0.0,0.0
2024-09-30 10:20:00-04:00,16.18000030517578,16.381999969482422,16.18000030517578,16.381999969482422,103173,0.0,0.0
2024-09-30 10:25:00-04:00,16.389999389648438,16.5,16.34000015258789,16.350000381469727,101702,0.0,0.0
2024-09-30 10:30:00-04:00,16.350000381469727,16.6200008392334,16.34000015258789,16.610000610351562,65952,0.0,0.0
2024-09-30 10:35:00-04:00,16.6200008392334,16.719999313354492,16.59000015258789,16.700000762939453,125123,0.0,0.0
2024-09-30 10:40:00-04:00,16.690000534057617,16.7450008392334,16.549999237060547,16.579999923706055,37886,0.0,0.0
2024-09-30 10:45:00-04:00,16.579999923706055,16.610000610351562,16.53499984741211,16.53499984741211,70774,0.0,0.0
2024-09-30 10:50:00-04:00,16.530000686645508,16.549999237060547,16.274999618530273,16.280000686645508,96538,0.0,0.0
2024-09-30 10:55:00-04:00,16.274999618530273,16.28499984741211,16.149999618530273,16.19499969482422,95611,0.0,0.0
2024-09-30 11:00:00-04:00,16.190000534057617,16.2450008392334,16.135000228881836,16.229999542236328,73912,0.0,0.0
2024-09-30 11:05:00-04:00,16.229999542236328,16.375,16.219999313354492,16.3700008392334,60662,0.0,0.0
2024-09-30 11:10:00-04:00,16.3700008392334,16.399999618530273,16.280000686645508,16.3799991607666,55826,0.0,0.0
2024-09-30 11:15:00-04:00,16.3799991607666,16.385000228881836,16.260000228881836,16.299999237060547,42592,0.0,0.0
2024-09-30 11:20:00-04:00,16.309999465942383,16.360000610351562,16.295000076293945,16.360000610351562,17269,0.0,0.0
2024-09-30 11:25:00-04:00,16.350000381469727,16.469999313354492,16.344999313354492,16.43000030517578,26062,0.0,0.0
2024-09-30 11:30:00-04:00,16.3700008392334,16.389999389648438,16.31999969482422,16.31999969482422,79930,0.0,0.0
2024-09-30 11:35:00-04:00,16.329999923706055,16.344999313354492,16.200000762939453,16.200000762939453,33414,0.0,0.0
2024-09-30 11:40:00-04:00,16.204999923706055,16.229999542236328,16.18000030517578,16.209999084472656,32260,0.0,0.0
2024-09-30 11:45:00-04:00,16.209999084472656,16.229999542236328,16.190000534057617,16.229999542236328,10049,0.0,0.0
2024-09-30 11:50:00-04:00,16.229999542236328,16.270000457763672,16.219999313354492,16.270000457763672,20855,0.0,0.0
2024-09-30 11:55:00-04:00,16.280000686645508,16.299999237060547,16.25,16.25,14588,0.0,0.0
2024-09-30 12:00:00-04:00,16.25,16.31999969482422,16.25,16.31999969482422,17876,0.0,0.0
2024-09-30 12:05:00-04:00,16.31999969482422,16.3700008392334,16.295000076293945,16.295000076293945,19301,0.0,0.0
2024-09-30 12:10:00-04:00,16.299999237060547,16.34000015258789,16.299999237060547,16.34000015258789,13597,0.0,0.0
2024-09-30 12:15:00-04:00,16.344999313354492,16.40019989013672,16.344999313354492,16.389999389648438,21784,0.0,0.0
2024-09-30 12:20:00-04:00,16.3799991607666,16.399999618530273,16.360000610351562,16.389999389648438,8053,0.0,0.0
2024-09-30 12:25:00-04:00,16.389999389648438,16.389999389648438,16.315000534057617,16.31999969482422,10740,0.0,0.0
2024-09-30 12:30:00-04:00,16.309999465942383,16.3700008392334,16.309999465942383,16.3700008392334,8375,0.0,0.0
2024-09-30 12:35:00-04:00,16.3700008392334,16.3700008392334,16.309999465942383,16.309999465942383,9716,0.0,0.0
2024-09-30 12:40:00-04:00,16.290000915527344,16.309999465942383,16.274999618530273,16.280000686645508,10262,0.0,0.0
2024-09-30 12:45:00-04:00,16.295000076293945,16.309999465942383,16.264999389648438,16.270000457763672,10425,0.0,0.0
2024-09-30 12:50:00-04:00,16.260000228881836,16.270000457763672,16.229999542236328,16.239999771118164,12733,0.0,0.0
2024-09-30 12:55:00-04:00,16.235000610351562,16.274999618530273,16.235000610351562,16.270000457763672,6029,0.0,0.0
2024-09-30 13:00:00-04:00,16.270000457763672,16.280099868774414,16.260000228881836,16.260000228881836,18976,0.0,0.0
2024-09-30 13:05:00-04:00,16.260000228881836,16.290000915527344,16.2450008392334,16.2450008392334,8080,0.0,0.0
2024-09-30 13:10:00-04:00,16.239999771118164,16.264999389648438,16.229999542236328,16.25,9138,0.0,0.0
2024-09-30 13:15:00-04:00,16.260000228881836,16.270000457763672,16.2450008392334,16.270000457763672,4440,0.0,0.0
2024-09-30 13:20:00-04:00,16.260000228881836,16.309999465942383,16.260000228881836,16.309999465942383,5247,0.0,0.0
2024-09-30 13:25:00-04:00,16.309999465942383,16.31999969482422,16.280000686645508,16.280000686645508,6408,0.0,0.0
2024-09-30 13:30:00-04:00,16.264999389648438,16.309999465942383,16.260000228881836,16.309999465942383,17529,0.0,0.0
2024-09-30 13:35:00-04:00,16.31999969482422,16.3700008392334,16.31999969482422,16.350000381469727,9110,0.0,0.0
2024-09-30 13:40:00-04:00,16.34000015258789,16.350000381469727,16.315000534057617,16.350000381469727,9197,0.0,0.0
2024-09-30 13:45:00-04:00,16.34000015258789,16.360000610351562,16.315000534057617,16.350000381469727,8141,0.0,0.0
2024-09-30 13:50:00-04:00,16.350000381469727,16.40999984741211,16.350000381469727,16.3799991607666,8423,0.0,0.0
2024-09-30 13:55:00-04:00,16.3799991607666,16.420000076293945,16.3700008392334,16.420000076293945,17737,0.0,0.0
2024-09-30 14:00:00-04:00,16.40999984741211,16.459999084472656,16.405000686645508,16.459999084472656,13918,0.0,0.0
2024-09-30 14:05:00-04:00,16.459999084472656,16.469999313354492,16.424999237060547,16.459999084472656,17452,0.0,0.0
2024-09-30 14:10:00-04:00,16.459999084472656,16.489999771118164,16.440099716186523,16.450000762939453,27670,0.0,0.0
2024-09-30 14:15:00-04:00,16.450000762939453,16.469999313354492,16.39699935913086,16.39699935913086,22641,0.0,0.0
2024-09-30 14:20:00-04:00,16.389999389648438,16.389999389648438,16.350000381469727,16.360000610351562,17345,0.0,0.0
2024-09-30 14:25:00-04:00,16.360000610351562,16.43000030517578,16.360000610351562,16.43000030517578,12733,0.0,0.0
2024-09-30 14:30:00-04:00,16.43000030517578,16.43000030517578,16.3799991607666,16.420000076293945,23457,0.0,0.0
2024-09-30 14:35:00-04:00,16.40999984741211,16.53499984741211,16.40999984741211,16.530000686645508,16892,0.0,0.0
2024-09-30 14:40:00-04:00,16.549999237060547,16.6200008392334,16.545000076293945,16.610000610351562,39884,0.0,0.0
2024-09-30 14:45:00-04:00,16.610000610351562,16.670000076293945,16.59000015258789,16.6299991607666,40813,0.0,0.0
2024-09-30 14:50:00-04:00,16.6299991607666,16.639999389648438,16.600000381469727,16.6299991607666,23904,0.0,0.0
2024-09-30 14:55:00-04:00,16.6200008392334,16.625,16.549999237060547,16.549999237060547,17461,0.0,0.0
2024-09-30 15:00:00-04:00,16.540000915527344,16.540000915527344,16.459999084472656,16.459999084472656,24321,0.0,0.0
2024-09-30 15:05:00-04:00,16.459999084472656,16.459999084472656,16.420000076293945,16.420000076293945,4988,0.0,0.0
2024-09-30 15:10:00-04:00,16.415000915527344,16.469999313354492,16.389999389648438,16.46500015258789,31092,0.0,0.0
2024-09-30 15:15:00-04:00,16.485000610351562,16.510000228881836,16.459999084472656,16.510000228881836,14330,0.0,0.0
2024-09-30 15:20:00-04:00,16.514999389648438,16.524999618530273,16.4950008392334,16.514999389648438,16431,0.0,0.0
2024-09-30 15:25:00-04:00,16.524999618530273,16.530000686645508,16.5,16.5,19491,0.0,0.0
2024-09-30 15:30:00-04:00,16.489999771118164,16.5,16.460100173950195,16.46500015258789,38120,0.0,0.0
2024-09-30 15:35:00-04:00,16.46500015258789,16.524999618530273,16.44499969482422,16.520000457763672,54452,0.0,0.0
2024-09-30 15:40:00-04:00,16.510000228881836,16.59000015258789,16.5049991607666,16.579999923706055,70786,0.0,0.0
2024-09-30 15:45:00-04:00,16.579999923706055,16.709999084472656,16.579999923706055,16.690000534057617,168710,0.0,0.0
2024-09-30 15:50:00-04:00,16.690000534057617,16.709999084472656,16.649999618530273,16.68079948425293,131090,0.0,0.0
2024-09-30 15:55:00-04:00,16.68000030517578,16.699899673461914,16.649999618530273,16.65999984741211,245393,0.0,0.0
2024-10-01 09:30:00-04:00,17.040000915527344,17.100000381469727,16.690000534057617,16.719999313354492,371704,0.0,0.0
2024-10-01 09:35:00-04:00,16.709999084472656,16.71500015258789,16.209999084472656,16.219999313354492,138916,0.0,0.0
2024-10-01 09:40:00-04:00,16.219999313354492,16.298999786376953,16.139999389648438,16.229999542236328,48037,0.0,0.0
2024-10-01 09:45:00-04:00,16.219999313354492,16.239999771118164,16.049999237060547,16.094999313354492,77868,0.0,0.0
2024-10-01 09:50:00-04:00,16.135000228881836,16.135000228881836,16.059999465942383,16.059999465942383,28045,0.0,0.0
2024-10-01 09:55:00-04:00,16.06999969482422,16.1299991607666,16.06999969482422,16.06999969482422,41820,0.0,0.0
2024-10-01 10:00:00-04:00,16.110000610351562,16.165000915527344,16.09000015258789,16.15999984741211,76790,0.0,0.0
2024-10-01 10:05:00-04:00,16.149999618530273,16.15999984741211,16.020000457763672,16.024999618530273,69706,0.0,0.0
2024-10-01 10:10:00-04:00,16.010000228881836,16.139999389648438,15.979999542236328,16.06999969482422,149104,0.0,0.0
2024-10-01 10:15:00-04:00,16.06999969482422,16.1200008392334,16.059999465942383,16.100000381469727,33224,0.0,0.0
2024-10-01 10:20:00-04:00,16.094999313354492,16.219999313354492,16.094999313354492,16.1299991607666,52112,0.0,0.0
2024-10-01 10:25:00-04:00,16.1200008392334,16.190000534057617,16.075000762939453,16.079999923706055,44445,0.0,0.0
2024-10-01 10:30:00-04:00,16.079999923706055,16.079999923706055,15.979999542236328,16.040000915527344,75701,0.0,0.0
2024-10-01 10:35:00-04:00,16.030000686645508,16.065000534057617,15.989999771118164,16.049999237060547,40288,0.0,0.0
2024-10-01 10:40:00-04:00,16.045000076293945,16.059999465942383,16.0049991607666,16.040000915527344,51118,0.0,0.0
2024-10-01 10:45:00-04:00,16.040000915527344,16.040000915527344,15.994999885559082,16.03499984741211,48822,0.0,0.0
2024-10-01 10:50:00-04:00,16.030000686645508,16.049999237060547,15.989999771118164,16.049999237060547,29939,0.0,0.0
2024-10-01 10:55:00-04:00,16.049999237060547,16.200000762939453,16.049999237060547,16.200000762939453,55481,0.0,0.0
2024-10-01 11:00:00-04:00,16.200000762939453,16.29789924621582,16.200000762939453,16.270000457763672,60367,0.0,0.0
2024-10-01 11:05:00-04:00,16.264999389648438,16.264999389648438,16.165000915527344,16.170000076293945,38456,0.0,0.0
2024-10-01 11:10:00-04:00,16.174999237060547,16.229999542236328,16.174999237060547,16.190000534057617,40891,0.0,0.0
2024-10-01 11:15:00-04:00,16.19499969482422,16.290000915527344,16.174999237060547,16.290000915527344,16888,0.0,0.0
2024-10-01 11:20:00-04:00,16.290000915527344,16.350000381469727,16.290000915527344,16.309999465942383,40667,0.0,0.0
2024-10-01 11:25:00-04:00,16.309999465942383,16.375,16.309999465942383,16.3700008392334,24602,0.0,0.0
2024-10-01 11:30:00-04:00,16.3700008392334,16.399999618530273,16.325000762939453,16.329999923706055,35972,0.0,0.0
2024-10-01 11:35:00-04:00,16.329999923706055,16.385000228881836,16.31999969482422,16.3799991607666,25760,0.0,0.0
2024-10-01 11:40:00-04:00,16.3799991607666,16.5,16.3799991607666,16.44499969482422,33701,0.0,0.0
2024-10-01 11:45:00-04:00,16.44499969482422,16.469999313354492,16.43000030517578,16.459999084472656,28529,0.0,0.0
2024-10-01 11:50:00-04:00,16.450000762939453,16.459999084472656,16.440000534057617,16.459999084472656,11653,0.0,0.0
2024-10-01 11:55:00-04:00,16.46500015258789,16.475000381469727,16.420000076293945,16.43000030517578,21843,0.0,0.0
2024-10-01 12:00:00-04:00,16.420000076293945,16.44499969482422,16.399999618530273,16.420000076293945,17691,0.0,0.0
2024-10-01 12:05:00-04:00,16.420000076293945,16.43000030517578,16.364999771118164,16.364999771118164,6043,0.0,0.0
2024-10-01 12:10:00-04:00,16.360000610351562,16.3799991607666,16.344999313354492,16.3700008392334,17359,0.0,0.0
2024-10-01 12:15:00-04:00,16.3799991607666,16.405000686645508,16.360000610351562,16.395000457763672,17576,0.0,0.0
2024-10-01 12:20:00-04:00,16.399999618530273,16.43000030517578,16.395000457763672,16.395000457763672,16813,0.0,0.0
2024-10-01 12:25:00-04:00,16.399999618530273,16.420000076293945,16.399999618530273,16.40999984741211,12731,0.0,0.0
2024-10-01 12:30:00-04:00,16.40999984741211,16.424999237060547,16.350000381469727,16.40999984741211,46407,0.0,0.0
2024-10-01 12:35:00-04:00,16.40999984741211,16.420000076293945,16.360000610351562,16.3700008392334,18440,0.0,0.0
2024-10-01 12:40:00-04:00,16.3700008392334,16.3700008392334,16.299999237060547,16.299999237060547,12838,0.0,0.0
2024-10-01 12:45:00-04:00,16.290000915527344,16.295000076293945,16.229999542236328,16.2549991607666,25142,0.0,0.0
2024-10-01 12:50:00-04:00,16.25,16.270000457763672,16.239999771118164,16.25,21801,0.0,0.0
2024-10-01 12:55:00-04:00,16.239999771118164,16.299999237060547,16.225000381469727,16.290000915527344,33178,0.0,0.0
2024-10-01 13:00:00-04:00,16.280000686645508,16.280000686645508,16.25,16.25,20985,0.0,0.0
2024-10-01 13:05:00-04:00,16.239999771118164,16.2549991607666,16.219999313354492,16.239999771118164,19163,0.0,0.0
2024-10-01 13:10:00-04:00,16.235000610351562,16.239999771118164,16.200000762939453,16.239999771118164,13507,0.0,0.0
2024-10-01 13:15:00-04:00,16.229999542236328,16.229999542236328,16.1299991607666,16.1299991607666,14316,0.0,0.0
2024-10-01 13:20:00-04:00,16.1299991607666,16.155000686645508,16.1200008392334,16.135000228881836,19738,0.0,0.0
2024-10-01 13:25:00-04:00,16.1299991607666,16.1299991607666,16.084999084472656,16.08650016784668,17295,0.0,0.0
2024-10-01 13:30:00-04:00,16.084999084472656,16.190000534057617,16.06999969482422,16.18000030517578,43911,0.0,0.0
2024-10-01 13:35:00-04:00,16.18000030517578,16.18000030517578,16.1299991607666,16.1299991607666,40405,0.0,0.0
2024-10-01 13:40:00-04:00,16.1200008392334,16.18000030517578,16.110000610351562,16.170000076293945,17116,0.0,0.0
2024-10-01 13:45:00-04:00,16.18000030517578,16.19499969482422,16.139999389648438,16.139999389648438,16623,0.0,0.0
2024-10-01 13:50:00-04:00,16.1299991607666,16.149999618530273,16.125,16.149999618530273,11762,0.0,0.0
2024-10-01 13:55:00-04:00,16.15999984741211,16.219999313354492,16.15999984741211,16.209999084472656,11991,0.0,0.0
2024-10-01 14:00:00-04:00,16.219999313354492,16.299999237060547,16.219999313354492,16.290000915527344,24949,0.0,0.0
2024-10-01 14:05:00-04:00,16.295000076293945,16.440000534057617,16.28499984741211,16.440000534057617,56098,0.0,0.0
2024-10-01 14:10:00-04:00,16.43000030517578,16.459999084472656,16.420000076293945,16.44499969482422,31878,0.0,0.0
2024-10-01 14:15:00-04:00,16.450000762939453,16.46980094909668,16.424999237060547,16.440000534057617,31031,0.0,0.0
2024-10-01 14:20:00-04:00,16.450000762939453,16.459999084472656,16.385000228881836,16.405000686645508,32412,0.0,0.0
2024-10-01 14:25:00-04:00,16.399999618530273,16.44499969482422,16.389999389648438,16.440000534057617,13267,0.0,0.0
2024-10-01 14:30:00-04:00,16.44499969482422,16.469999313354492,16.44499969482422,16.450000762939453,45138,0.0,0.0
2024-10-01 14:35:00-04:00,16.450000762939453,16.46500015258789,16.424999237060547,16.424999237060547,11259,0.0,0.0
2024-10-01 14:40:00-04:00,16.43000030517578,16.44499969482422,16.43000030517578,16.440000534057617,13868,0.0,0.0
2024-10-01 14:45:00-04:00,16.440000534057617,16.46500015258789,16.440000534057617,16.44499969482422,19125,0.0,0.0
2024-10-01 14:50:00-04:00,16.434999465942383,16.44499969482422,16.399999618530273,16.399999618530273,14728,0.0,0.0
2024-10-01 14:55:00-04:00,16.395000457763672,16.420000076293945,16.385000228881836,16.40999984741211,28155,0.0,0.0
2024-10-01 15:00:00-04:00,16.415000915527344,16.43000030517578,16.415000915527344,16.420000076293945,13938,0.0,0.0
2024-10-01 15:05:00-04:00,16.424999237060547,16.434999465942383,16.40999984741211,16.43000030517578,9779,0.0,0.0
2024-10-01 15:10:00-04:00,16.420000076293945,16.420000076293945,16.3799991607666,16.3799991607666,13286,0.0,0.0
2024-10-01 15:15:00-04:00,16.3799991607666,16.385000228881836,16.350000381469727,16.354999542236328,30995,0.0,0.0
2024-10-01 15:20:00-04:00,16.350099563598633,16.3799991607666,16.350000381469727,16.375,15884,0.0,0.0
2024-10-01 15:25:00-04:00,16.375,16.399999618530273,16.375,16.389999389648438,20836,0.0,0.0
2024-10-01 15:30:00-04:00,16.389999389648438,16.40999984741211,16.354999542236328,16.360000610351562,32117,0.0,0.0
2024-10-01 15:35:00-04:00,16.350000381469727,16.350000381469727,16.295000076293945,16.295000076293945,54790,0.0,0.0
2024-10-01 15:40:00-04:00,16.299999237060547,16.30500030517578,16.280000686645508,16.290000915527344,25556,0.0,0.0
2024-10-01 15:45:00-04:00,16.290000915527344,16.295000076293945,16.25,16.280000686645508,52725,0.0,0.0
2024-10-01 15:50:00-04:00,16.280000686645508,16.2810001373291,16.239999771118164,16.239999771118164,49139,0.0,0.0
2024-10-01 15:55:00-04:00,16.239999771118164,16.299999237060547,16.239999771118164,16.290000915527344,239208,0.0,0.0
2024-10-02 09:30:00-04:00,15.930000305175781,16.040000915527344,15.84000015258789,15.9399995803833,192079,0.0,0.0
2024-10-02 09:35:00-04:00,15.9399995803833,15.970000267028809,15.850000381469727,15.880000114440918,46978,0.0,0.0
2024-10-02 09:40:00-04:00,15.880000114440918,15.890000343322754,15.819999694824219,15.84000015258789,48080,0.0,0.0
2024-10-02 09:45:00-04:00,15.84000015258789,15.9350004196167,15.800000190734863,15.920000076293945,28604,0.0,0.0
2024-10-02 09:50:00-04:00,15.930000305175781,15.975000381469727,15.930000305175781,15.960000038146973,30191,0.0,0.0
2024-10-02 09:55:00-04:00,15.949999809265137,15.979999542236328,15.914999961853027,15.920000076293945,23022,0.0,0.0
2024-10-02 10:00:00-04:00,15.930000305175781,16.049999237060547,15.925000190734863,15.994999885559082,32384,0.0,0.0
2024-10-02 10:05:00-04:00,15.989999771118164,16.030000686645508,15.984999656677246,16.0,20678,0.0,0.0
2024-10-02 10:10:00-04:00,15.994999885559082,16.059999465942383,15.994999885559082,16.049999237060547,25212,0.0,0.0
2024-10-02 10:15:00-04:00,16.049999237060547,16.049999237060547,16.030000686645508,16.039899826049805,7610,0.0,0.0
2024-10-02 10:20:00-04:00,16.040000915527344,16.084999084472656,16.03499984741211,16.06999969482422,20487,0.0,0.0
2024-10-02 10:25:00-04:00,16.06999969482422,16.06999969482422,16.030000686645508,16.040000915527344,27137,0.0,0.0
2024-10-02 10:30:00-04:00,16.040000915527344,16.100000381469727,16.040000915527344,16.06999969482422,23378,0.0,0.0
2024-10-02 10:35:00-04:00,16.06999969482422,16.094999313354492,16.049999237060547,16.06999969482422,35627,0.0,0.0
2024-10-02 10:40:00-04:00,16.059999465942383,16.075000762939453,16.049999237060547,16.059999465942383,34466,0.0,0.0
2024-10-02 10:45:00-04:00,16.059999465942383,16.084999084472656,16.05500030517578,16.084999084472656,30125,0.0,0.0
2024-10-02 10:50:00-04:00,16.09000015258789,16.094999313354492,15.989999771118164,15.989999771118164,33648,0.0,0.0
2024-10-02 10:55:00-04:00,15.989999771118164,16.014999389648438,15.975000381469727,15.975000381469727,18133,0.0,0.0
2024-10-02 11:00:00-04:00,15.989999771118164,16.030000686645508,15.984999656677246,16.030000686645508,25867,0.0,0.0
2024-10-02 11:05:00-04:00,16.040000915527344,16.05500030517578,16.0049991607666,16.020000457763672,19451,0.0,0.0
2024-10-02 11:10:00-04:00,16.020000457763672,16.030000686645508,15.989999771118164,16.0,12906,0.0,0.0
2024-10-02 11:15:00-04:00,16.0049991607666,16.030000686645508,15.994999885559082,16.030000686645508,12713,0.0,0.0
2024-10-02 11:20:00-04:00,16.024999618530273,16.075000762939453,16.024999618530273,16.049999237060547,29526,0.0,0.0
2024-10-02 11:25:00-04:00,16.049999237060547,16.065000534057617,16.045000076293945,16.065000534057617,8949,0.0,0.0
2024-10-02 11:30:00-04:00,16.06999969482422,16.084999084472656,16.03499984741211,16.059999465942383,31815,0.0,0.0
2024-10-02 11:35:00-04:00,16.065000534057617,16.06999969482422,16.014999389648438,16.040000915527344,35635,0.0,0.0
2024-10-02 11:40:00-04:00,16.03499984741211,16.05500030517578,16.030000686645508,16.05500030517578,12881,0.0,0.0
2024-10-02 11:45:00-04:00,16.049999237060547,16.065000534057617,16.045000076293945,16.059999465942383,13930,0.0,0.0
2024-10-02 11:50:00-04:00,16.06999969482422,16.09000015258789,16.065000534057617,16.069900512695312,7314,0.0,0.0
2024-10-02 11:55:00-04:00,16.059999465942383,16.065000534057617,16.05500030517578,16.059999465942383,4544,0.0,0.0
2024-10-02 12:00:00-04:00,16.059900283813477,16.09000015258789,16.059900283813477,16.079999923706055,6017,0.0,0.0
2024-10-02 12:05:00-04:00,16.075000762939453,16.09000015258789,16.059999465942383,16.059999465942383,5881,0.0,0.0
2024-10-02 12:10:00-04:00,16.059999465942383,16.06999969482422,16.049999237060547,16.065000534057617,17221,0.0,0.0
2024-10-02 12:15:00-04:00,16.06999969482422,16.06999969482422,16.045000076293945,16.049999237060547,19869,0.0,0.0
2024-10-02 12:20:00-04:00,16.040000915527344,16.045000076293945,16.0,16.045000076293945,12013,0.0,0.0
2024-10-02 12:25:00-04:00,16.049999237060547,16.059999465942383,16.045000076293945,16.059999465942383,3954,0.0,0.0
2024-10-02 12:30:00-04:00,16.059999465942383,16.059999465942383,16.040000915527344,16.049999237060547,6219,0.0,0.0
2024-10-02 12:35:00-04:00,16.049999237060547,16.059999465942383,16.045000076293945,16.05500030517578,2504,0.0,0.0
2024-10-02 12:40:00-04:00,16.050100326538086,16.05500030517578,16.030000686645508,16.03499984741211,13376,0.0,0.0
2024-10-02 12:45:00-04:00,16.040000915527344,16.05500030517578,16.040000915527344,16.045000076293945,8491,0.0,0.0
2024-10-02 12:50:00-04:00,16.049999237060547,16.05500030517578,16.045000076293945,16.05500030517578,12305,0.0,0.0
2024-10-02 12:55:00-04:00,16.049999237060547,16.049999237060547,16.024999618530273,16.024999618530273,24828,0.0,0.0
2024-10-02 13:00:00-04:00,16.030000686645508,16.03499984741211,16.010000228881836,16.010000228881836,10550,0.0,0.0
2024-10-02 13:05:00-04:00,16.010000228881836,16.03499984741211,16.010000228881836,16.03499984741211,8686,0.0,0.0
2024-10-02 13:10:00-04:00,16.040000915527344,16.049999237060547,16.0049991607666,16.030000686645508,16594,0.0,0.0
2024-10-02 13:15:00-04:00,16.024999618530273,16.030000686645508,16.024999618530273,16.030000686645508,4176,0.0,0.0
2024-10-02 13:20:00-04:00,16.024999618530273,16.045000076293945,16.010000228881836,16.010000228881836,9596,0.0,0.0
2024-10-02 13:25:00-04:00,16.010000228881836,16.030000686645508,15.989999771118164,15.989999771118164,15475,0.0,0.0
2024-10-02 13:30:00-04:00,15.979999542236328,15.984999656677246,15.949999809265137,15.970000267028809,15261,0.0,0.0
2024-10-02 13:35:00-04:00,15.960000038146973,15.970000267028809,15.960000038146973,15.970000267028809,7864,0.0,0.0
2024-10-02 13:40:00-04:00,15.970000267028809,15.989999771118164,15.970000267028809,15.979999542236328,13994,0.0,0.0
2024-10-02 13:45:00-04:00,15.979999542236328,15.989999771118164,15.975000381469727,15.989999771118164,8307,0.0,0.0
2024-10-02 13:50:00-04:00,15.989999771118164,15.994999885559082,15.979999542236328,15.989999771118164,8770,0.0,0.0
2024-10-02 13:55:00-04:00,15.984999656677246,15.994999885559082,15.96500015258789,15.970000267028809,11514,0.0,0.0
2024-10-02 14:00:00-04:00,15.96500015258789,15.96500015258789,15.9399995803833,15.94950008392334,12984,0.0,0.0
2024-10-02 14:05:00-04:00,15.9399995803833,15.9399995803833,15.890000343322754,15.899999618530273,21999,0.0,0.0
2024-10-02 14:10:00-04:00,15.904999732971191,15.90999984741211,15.890000343322754,15.895000457763672,10960,0.0,0.0
2024-10-02 14:15:00-04:00,15.899999618530273,15.920000076293945,15.890000343322754,15.920000076293945,21592,0.0,0.0
2024-10-02 14:20:00-04:00,15.925000190734863,15.930000305175781,15.90999984741211,15.90999984741211,9235,0.0,0.0
2024-10-02 14:25:00-04:00,15.914999961853027,15.914999961853027,15.869999885559082,15.914999961853027,15438,0.0,0.0
2024-10-02 14:30:00-04:00,15.920000076293945,15.920000076293945,15.90999984741211,15.90999984741211,6052,0.0,0.0
2024-10-02 14:35:00-04:00,15.930000305175781,15.930000305175781,15.904999732971191,15.904999732971191,8742,0.0,0.0
2024-10-02 14:40:00-04:00,15.904999732971191,15.9350004196167,15.904999732971191,15.9350004196167,7995,0.0,0.0
2024-10-02 14:45:00-04:00,15.9350004196167,15.9350004196167,15.920000076293945,15.930000305175781,10311,0.0,0.0
2024-10-02 14:50:00-04:00,15.930000305175781,15.930000305175781,15.895000457763672,15.904999732971191,24805,0.0,0.0
2024-10-02 14:55:00-04:00,15.904999732971191,15.954999923706055,15.890000343322754,15.949999809265137,31091,0.0,0.0
2024-10-02 15:00:00-04:00,15.949999809265137,15.960000038146973,15.9399995803833,15.960000038146973,8763,0.0,0.0
2024-10-02 15:05:00-04:00,15.96500015258789,15.970000267028809,15.944999694824219,15.944999694824219,6097,0.0,0.0
2024-10-02 15:10:00-04:00,15.944999694824219,15.944999694824219,15.890000343322754,15.890000343322754,12373,0.0,0.0
2024-10-02 15:15:00-04:00,15.890000343322754,15.899999618530273,15.864999771118164,15.864999771118164,12377,0.0,0.0
2024-10-02 15:20:00-04:00,15.864999771118164,15.889900207519531,15.864999771118164,15.880000114440918,27196,0.0,0.0
2024-10-02 15:25:00-04:00,15.878899574279785,15.880000114440918,15.859999656677246,15.859999656677246,11032,0.0,0.0
2024-10-02 15:30:00-04:00,15.854999542236328,15.854999542236328,15.84000015258789,15.850000381469727,26606,0.0,0.0
2024-10-02 15:35:00-04:00,15.854999542236328,15.895000457763672,15.854999542236328,15.875,27770,0.0,0.0
2024-10-02 15:40:00-04:00,15.875,15.904999732971191,15.864999771118164,15.904999732971191,31338,0.0,0.0
2024-10-02 15:45:00-04:00,15.904999732971191,15.925000190734863,15.899999618530273,15.925000190734863,28224,0.0,0.0
2024-10-02 15:50:00-04:00,15.925000190734863,15.925000190734863,15.904999732971191,15.925000190734863,82834,0.0,0.0
2024-10-02 15:55:00-04:00,15.930000305175781,15.979999542236328,15.925000190734863,15.970000267028809,206960,0.0,0.0
2024-10-03 09:30:00-04:00,15.75,15.850000381469727,15.744999885559082,15.850000381469727,49986,0.0,0.0
2024-10-03 09:35:00-04:00,15.859999656677246,15.949999809265137,15.850000381469727,15.895000457763672,61167,0.0,0.0
2024-10-03 09:40:00-04:00,15.899999618530273,15.90999984741211,15.854999542236328,15.880000114440918,57800,0.0,0.0
2024-10-03 09:45:00-04:00,15.869999885559082,15.869999885559082,15.75,15.75,52301,0.0,0.0
2024-10-03 09:50:00-04:00,15.739999771118164,15.789999961853027,15.729999542236328,15.760000228881836,38549,0.0,0.0
2024-10-03 09:55:00-04:00,15.760000228881836,15.779899597167969,15.739999771118164,15.779899597167969,13986,0.0,0.0
2024-10-03 10:00:00-04:00,15.779999732971191,15.90999984741211,15.770000457763672,15.845000267028809,55526,0.0,0.0
2024-10-03 10:05:00-04:00,15.859999656677246,15.880000114440918,15.819999694824219,15.859999656677246,25471,0.0,0.0
2024-10-03 10:10:00-04:00,15.869999885559082,15.930000305175781,15.729999542236328,15.774999618530273,119591,0.0,0.0
2024-10-03 10:15:00-04:00,15.779999732971191,15.819999694824219,15.760000228881836,15.760000228881836,101420,0.0,0.0
2024-10-03 10:20:00-04:00,15.75,15.779999732971191,15.680100440979004,15.720000267028809,56140,0.0,0.0
2024-10-03 10:25:00-04:00,15.699999809265137,15.720000267028809,15.680000305175781,15.699999809265137,43047,0.0,0.0
2024-10-03 10:30:00-04:00,15.6899995803833,15.720000267028809,15.6899995803833,15.710000038146973,44702,0.0,0.0
2024-10-03 10:35:00-04:00,15.710000038146973,15.710000038146973,15.645000457763672,15.649999618530273,26463,0.0,0.0
2024-10-03 10:40:00-04:00,15.655099868774414,15.655099868774414,15.555000305175781,15.579999923706055,33630,0.0,0.0
2024-10-03 10:45:00-04:00,15.569999694824219,15.649999618530273,15.569999694824219,15.619999885559082,63586,0.0,0.0
2024-10-03 10:50:00-04:00,15.619999885559082,15.640000343322754,15.609999656677246,15.609999656677246,33279,0.0,0.0
2024-10-03 10:55:00-04:00,15.604999542236328,15.609999656677246,15.59000015258789,15.59000015258789,30104,0.0,0.0
2024-10-03 11:00:00-04:00,15.574999809265137,15.595000267028809,15.529999732971191,15.529999732971191,35612,0.0,0.0
2024-10-03 11:05:00-04:00,15.539999961853027,15.59000015258789,15.539999961853027,15.579999923706055,26636,0.0,0.0
2024-10-03 11:10:00-04:00,15.579899787902832,15.579899787902832,15.539999961853027,15.5600004196167,16544,0.0,0.0
2024-10-03 11:15:00-04:00,15.5600004196167,15.600000381469727,15.5600004196167,15.600000381469727,40843,0.0,0.0
2024-10-03 11:20:00-04:00,15.604999542236328,15.630000114440918,15.59000015258789,15.619999885559082,24326,0.0,0.0
2024-10-03 11:25:00-04:00,15.614999771118164,15.625,15.579999923706055,15.625,32602,0.0,0.0
2024-10-03 11:30:00-04:00,15.619999885559082,15.670000076293945,15.619999885559082,15.640000343322754,63921,0.0,0.0
2024-10-03 11:35:00-04:00,15.640000343322754,15.640000343322754,15.619999885559082,15.619999885559082,21594,0.0,0.0
2024-10-03 11:40:00-04:00,15.614999771118164,15.640000343322754,15.614999771118164,15.630000114440918,16595,0.0,0.0
2024-10-03 11:45:00-04:00,15.640000343322754,15.649999618530273,15.625,15.625,23959,0.0,0.0
2024-10-03 11:50:00-04:00,15.630000114440918,15.645000457763672,15.630000114440918,15.630000114440918,11339,0.0,0.0
2024-10-03 11:55:00-04:00,15.630000114440918,15.635000228881836,15.614999771118164,15.630000114440918,9780,0.0,0.0
2024-10-03 12:00:00-04:00,15.625,15.630000114440918,15.574999809265137,15.585000038146973,12792,0.0,0.0
2024-10-03 12:05:00-04:00,15.59000015258789,15.614999771118164,15.59000015258789,15.609999656677246,14795,0.0,0.0
2024-10-03 12:10:00-04:00,15.609999656677246,15.630000114440918,15.609999656677246,15.619999885559082,16229,0.0,0.0
2024-10-03 12:15:00-04:00,15.619099617004395,15.630000114440918,15.604999542236328,15.609999656677246,21299,0.0,0.0
2024-10-03 12:20:00-04:00,15.614999771118164,15.630000114440918,15.614999771118164,15.630000114440918,10841,0.0,0.0
2024-10-03 12:25:00-04:00,15.640000343322754,15.654999732971191,15.619999885559082,15.619999885559082,22855,0.0,0.0
2024-10-03 12:30:00-04:00,15.619999885559082,15.630000114440918,15.609999656677246,15.614999771118164,18895,0.0,0.0
2024-10-03 12:35:00-04:00,15.609999656677246,15.630000114440918,15.609999656677246,15.619999885559082,19187,0.0,0.0
2024-10-03 12:40:00-04:00,15.619999885559082,15.619999885559082,15.604999542236328,15.604999542236328,18739,0.0,0.0
2024-10-03 12:45:00-04:00,15.609999656677246,15.614999771118164,15.579999923706055,15.579999923706055,29748,0.0,0.0
2024-10-03 12:50:00-04:00,15.579999923706055,15.579999923706055,15.539999961853027,15.550000190734863,37774,0.0,0.0
2024-10-03 12:55:00-04:00,15.5600004196167,15.59000015258789,15.5600004196167,15.574999809265137,31129,0.0,0.0
2024-10-03 13:00:00-04:00,15.569999694824219,15.569999694824219,15.529999732971191,15.550000190734863,10273,0.0,0.0
2024-10-03 13:05:00-04:00,15.542099952697754,15.59000015258789,15.539999961853027,15.59000015258789,5539,0.0,0.0
2024-10-03 13:10:00-04:00,15.585000038146973,15.609999656677246,15.585000038146973,15.609999656677246,13517,0.0,0.0
2024-10-03 13:15:00-04:00,15.614999771118164,15.630000114440918,15.609999656677246,15.619999885559082,9223,0.0,0.0
2024-10-03 13:20:00-04:00,15.619999885559082,15.645000457763672,15.619999885559082,15.619999885559082,19234,0.0,0.0
2024-10-03 13:25:00-04:00,15.619999885559082,15.680000305175781,15.619999885559082,15.630000114440918,41649,0.0,0.0
2024-10-03 13:30:00-04:00,15.619999885559082,15.649999618530273,15.619999885559082,15.645000457763672,11897,0.0,0.0
2024-10-03 13:35:00-04:00,15.649999618530273,15.680000305175781,15.645000457763672,15.645000457763672,11851,0.0,0.0
2024-10-03 13:40:00-04:00,15.64009952545166,15.645000457763672,15.625,15.635000228881836,10603,0.0,0.0
2024-10-03 13:45:00-04:00,15.640000343322754,15.649999618530273,15.630000114440918,15.630000114440918,10217,0.0,0.0
2024-10-03 13:50:00-04:00,15.630000114440918,15.635000228881836,15.614999771118164,15.614999771118164,5842,0.0,0.0
2024-10-03 13:55:00-04:00,15.619999885559082,15.635000228881836,15.619999885559082,15.635000228881836,8547,0.0,0.0
2024-10-03 14:00:00-04:00,15.630000114440918,15.630000114440918,15.595000267028809,15.595000267028809,22564,0.0,0.0
2024-10-03 14:05:00-04:00,15.600000381469727,15.625,15.600000381469727,15.600000381469727,12858,0.0,0.0
2024-10-03 14:10:00-04:00,15.600000381469727,15.600000381469727,15.59000015258789,15.59000015258789,3106,0.0,0.0
2024-10-03 14:15:00-04:00,15.585000038146973,15.59000015258789,15.579999923706055,15.579999923706055,7918,0.0,0.0
2024-10-03 14:20:00-04:00,15.579999923706055,15.585000038146973,15.550000190734863,15.569999694824219,48758,0.0,0.0
2024-10-03 14:25:00-04:00,15.569999694824219,15.574999809265137,15.489999771118164,15.489999771118164,16392,0.0,0.0
2024-10-03 14:30:00-04:00,15.479999542236328,15.520000457763672,15.460000038146973,15.520000457763672,30795,0.0,0.0
2024-10-03 14:35:00-04:00,15.529999732971191,15.569999694824219,15.529999732971191,15.5649995803833,12776,0.0,0.0
2024-10-03 14:40:00-04:00,15.5649995803833,15.569999694824219,15.555000305175781,15.5600004196167,15141,0.0,0.0
2024-10-03 14:45:00-04:00,15.555000305175781,15.574999809265137,15.555000305175781,15.574999809265137,5459,0.0,0.0
2024-10-03 14:50:00-04:00,15.569999694824219,15.595000267028809,15.5649995803833,15.59000015258789,10797,0.0,0.0
2024-10-03 14:55:00-04:00,15.595000267028809,15.595000267028809,15.574999809265137,15.574999809265137,6571,0.0,0.0
2024-10-03 15:00:00-04:00,15.574999809265137,15.574999809265137,15.550000190734863,15.555000305175781,9506,0.0,0.0
2024-10-03 15:05:00-04:00,15.555000305175781,15.555000305175781,15.53499984741211,15.539999961853027,8423,0.0,0.0
2024-10-03 15:10:00-04:00,15.539999961853027,15.5600004196167,15.524999618530273,15.5600004196167,4182,0.0,0.0
2024-10-03 15:15:00-04:00,15.5600004196167,15.579999923706055,15.553999900817871,15.574999809265137,9943,0.0,0.0
2024-10-03 15:20:00-04:00,15.574999809265137,15.579999923706055,15.574999809265137,15.574999809265137,2558,0.0,0.0
2024-10-03 15:25:00-04:00,15.569999694824219,15.600000381469727,15.5600004196167,15.579999923706055,50574,0.0,0.0
2024-10-03 15:30:00-04:00,15.569999694824219,15.574999809265137,15.550000190734863,15.5649995803833,11745,0.0,0.0
2024-10-03 15:35:00-04:00,15.5649995803833,15.569999694824219,15.53499984741211,15.539999961853027,38884,0.0,0.0
2024-10-03 15:40:00-04:00,15.545000076293945,15.59000015258789,15.545000076293945,15.569999694824219,40534,0.0,0.0
2024-10-03 15:45:00-04:00,15.569999694824219,15.579999923706055,15.5649995803833,15.574999809265137,31633,0.0,0.0
2024-10-03 15:50:00-04:00,15.579999923706055,15.600000381469727,15.569999694824219,15.600000381469727,65223,0.0,0.0
2024-10-03 15:55:00-04:00,15.600000381469727,15.65999984741211,15.600000381469727,15.640000343322754,154256,0.0,0.0
2024-10-04 09:30:00-04:00,16.0,16.139999389648438,15.994999885559082,16.110599517822266,187811,0.0,0.0
2024-10-04 09:35:00-04:00,16.1299991607666,16.18000030517578,16.049999237060547,16.18000030517578,60808,0.0,0.0
2024-10-04 09:40:00-04:00,16.170000076293945,16.31999969482422,16.15999984741211,16.299999237060547,41876,0.0,0.0
2024-10-04 09:45:00-04:00,16.31999969482422,16.364999771118164,16.290000915527344,16.360000610351562,16070,0.0,0.0
2024-10-04 09:50:00-04:00,16.360000610351562,16.3799991607666,16.25,16.25,23951,0.0,0.0
2024-10-04 09:55:00-04:00,16.239999771118164,16.260000228881836,16.1200008392334,16.139999389648438,61247,0.0,0.0
2024-10-04 10:00:00-04:00,16.1299991607666,16.15999984741211,16.09000015258789,16.149999618530273,36425,0.0,0.0
2024-10-04 10:05:00-04:00,16.15999984741211,16.165000915527344,16.020000457763672,16.065000534057617,59507,0.0,0.0
2024-10-04 10:10:00-04:00,16.059999465942383,16.1200008392334,16.045000076293945,16.110000610351562,43758,0.0,0.0
2024-10-04 10:15:00-04:00,16.110000610351562,16.155000686645508,16.110000610351562,16.149999618530273,35610,0.0,0.0
2024-10-04 10:20:00-04:00,16.149999618530273,16.149999618530273,16.045000076293945,16.079999923706055,53312,0.0,0.0
2024-10-04 10:25:00-04:00,16.079999923706055,16.1200008392334,16.06999969482422,16.094999313354492,28147,0.0,0.0
2024-10-04 10:30:00-04:00,16.094999313354492,16.1200008392334,16.0,16.040000915527344,75108,0.0,0.0
2024-10-04 10:35:00-04:00,16.040000915527344,16.049999237060547,15.930000305175781,15.9399995803833,49198,0.0,0.0
2024-10-04 10:40:00-04:00,15.9350004196167,16.020000457763672,15.9350004196167,16.020000457763672,21601,0.0,0.0
2024-10-04 10:45:00-04:00,16.020000457763672,16.040000915527344,15.984999656677246,16.020000457763672,26365,0.0,0.0
2024-10-04 10:50:00-04:00,16.020000457763672,16.06999969482422,16.014999389648438,16.059999465942383,29210,0.0,0.0
2024-10-04 10:55:00-04:00,16.06999969482422,16.100000381469727,16.049999237060547,16.100000381469727,12158,0.0,0.0
2024-10-04 11:00:00-04:00,16.1200008392334,16.155000686645508,16.1200008392334,16.140600204467773,41514,0.0,0.0
2024-10-04 11:05:00-04:00,16.145000457763672,16.15999984741211,16.135000228881836,16.135000228881836,8123,0.0,0.0
2024-10-04 11:10:00-04:00,16.139999389648438,16.184999465942383,16.139999389648438,16.170000076293945,17854,0.0,0.0
2024-10-04 11:15:00-04:00,16.170000076293945,16.225000381469727,16.145000457763672,16.190000534057617,13650,0.0,0.0
2024-10-04 11:20:00-04:00,16.18000030517578,16.18000030517578,16.09000015258789,16.114999771118164,39673,0.0,0.0
2024-10-04 11:25:00-04:00,16.121000289916992,16.145000457763672,16.104900360107422,16.125,21308,0.0,0.0
2024-10-04 11:30:00-04:00,16.110000610351562,16.110000610351562,16.06999969482422,16.09000015258789,61639,0.0,0.0
2024-10-04 11:35:00-04:00,16.100000381469727,16.1200008392334,16.059999465942383,16.065000534057617,27768,0.0,0.0
2024-10-04 11:40:00-04:00,16.06999969482422,16.110000610351562,16.06999969482422,16.094999313354492,26126,0.0,0.0
2024-10-04 11:45:00-04:00,16.09000015258789,16.09000015258789,16.049999237060547,16.05500030517578,16064,0.0,0.0
2024-10-04 11:50:00-04:00,16.059999465942383,16.110000610351562,16.059999465942383,16.104999542236328,7692,0.0,0.0
2024-10-04 11:55:00-04:00,16.101499557495117,16.110000610351562,16.06999969482422,16.100000381469727,23728,0.0,0.0
2024-10-04 12:00:00-04:00,16.100000381469727,16.110000610351562,16.09000015258789,16.09000015258789,5615,0.0,0.0
2024-10-04 12:05:00-04:00,16.094999313354492,16.1299991607666,16.075000762939453,16.075000762939453,6416,0.0,0.0
2024-10-04 12:10:00-04:00,16.075000762939453,16.1200008392334,16.075000762939453,16.110000610351562,11174,0.0,0.0
2024-10-04 12:15:00-04:00,16.114999771118164,16.145000457763672,16.114999771118164,16.135000228881836,7129,0.0,0.0
2024-10-04 12:20:00-04:00,16.139999389648438,16.149999618530273,16.110000610351562,16.114999771118164,7981,0.0,0.0
2024-10-04 12:25:00-04:00,16.110000610351562,16.110000610351562,16.084999084472656,16.09000015258789,5241,0.0,0.0
2024-10-04 12:30:00-04:00,16.084999084472656,16.084999084472656,16.05500030517578,16.06999969482422,12003,0.0,0.0
2024-10-04 12:35:00-04:00,16.079999923706055,16.1200008392334,16.079999923706055,16.114999771118164,10474,0.0,0.0
2024-10-04 12:40:00-04:00,16.110000610351562,16.110000610351562,16.059999465942383,16.059999465942383,7445,0.0,0.0
2024-10-04 12:45:00-04:00,16.049999237060547,16.059999465942383,16.024999618530273,16.03499984741211,6113,0.0,0.0
2024-10-04 12:50:00-04:00,16.03499984741211,16.03499984741211,16.010000228881836,16.020000457763672,7076,0.0,0.0
2024-10-04 12:55:00-04:00,16.024999618530273,16.024999618530273,15.984999656677246,15.984999656677246,9385,0.0,0.0
2024-10-04 13:00:00-04:00,15.979999542236328,16.024999618530273,15.975000381469727,16.014999389648438,13622,0.0,0.0
2024-10-04 13:05:00-04:00,16.010000228881836,16.03499984741211,16.0,16.0049991607666,14015,0.0,0.0
2024-10-04 13:10:00-04:00,16.0,16.049999237060547,15.989999771118164,16.040000915527344,14694,0.0,0.0
2024-10-04 13:15:00-04:00,16.040000915527344,16.05500030517578,16.030000686645508,16.03499984741211,6861,0.0,0.0
2024-10-04 13:20:00-04:00,16.040000915527344,16.045000076293945,16.010099411010742,16.024999618530273,9596,0.0,0.0
2024-10-04 13:25:00-04:00,16.024999618530273,16.030000686645508,16.010000228881836,16.014999389648438,5751,0.0,0.0
2024-10-04 13:30:00-04:00,16.020000457763672,16.030000686645508,16.0049991607666,16.010000228881836,6869,0.0,0.0
2024-10-04 13:35:00-04:00,16.014999389648438,16.020000457763672,15.970000267028809,16.010000228881836,11615,0.0,0.0
2024-10-04 13:40:00-04:00,16.014999389648438,16.065000534057617,16.010000228881836,16.059999465942383,11064,0.0,0.0
2024-10-04 13:45:00-04:00,16.065000534057617,16.069900512695312,16.024999618530273,16.030000686645508,8997,0.0,0.0
2024-10-04 13:50:00-04:00,16.030000686645508,16.03499984741211,16.010000228881836,16.014999389648438,16656,0.0,0.0
2024-10-04 13:55:00-04:00,16.014999389648438,16.020000457763672,16.0049991607666,16.0049991607666,5091,0.0,0.0
2024-10-04 14:00:00-04:00,16.0049991607666,16.014999389648438,15.994999885559082,15.994999885559082,6327,0.0,0.0
2024-10-04 14:05:00-04:00,15.994999885559082,16.0049991607666,15.994999885559082,15.994999885559082,5687,0.0,0.0
2024-10-04 14:10:00-04:00,15.994999885559082,16.0049991607666,15.994999885559082,16.0049991607666,5276,0.0,0.0
2024-10-04 14:15:00-04:00,16.0,16.040000915527344,15.994999885559082,16.030000686645508,14252,0.0,0.0
2024-10-04 14:20:00-04:00,16.040000915527344,16.045000076293945,16.020000457763672,16.024999618530273,6489,0.0,0.0
2024-10-04 14:25:00-04:00,16.030000686645508,16.045000076293945,16.020000457763672,16.03499984741211,7139,0.0,0.0
2024-10-04 14:30:00-04:00,16.03499984741211,16.09000015258789,16.03499984741211,16.09000015258789,7866,0.0,0.0
2024-10-04 14:35:00-04:00,16.09000015258789,16.100000381469727,16.075000762939453,16.09000015258789,12811,0.0,0.0
2024-10-04 14:40:00-04:00,16.094999313354492,16.110000610351562,16.084999084472656,16.110000610351562,6521,0.0,0.0
2024-10-04 14:45:00-04:00,16.110000610351562,16.125,16.104999542236328,16.125,10744,0.0,0.0
2024-10-04 14:50:00-04:00,16.125,16.155000686645508,16.125,16.155000686645508,12651,0.0,0.0
2024-10-04 14:55:00-04:00,16.155000686645508,16.15999984741211,16.145000457763672,16.155000686645508,9545,0.0,0.0
2024-10-04 15:00:00-04:00,16.145000457763672,16.174999237060547,16.145000457763672,16.155000686645508,9899,0.0,0.0
2024-10-04 15:05:00-04:00,16.15999984741211,16.174999237060547,16.15999984741211,16.165000915527344,8463,0.0,0.0
2024-10-04 15:10:00-04:00,16.165000915527344,16.174999237060547,16.165000915527344,16.170700073242188,4548,0.0,0.0
2024-10-04 15:15:00-04:00,16.18000030517578,16.19499969482422,16.170000076293945,16.19499969482422,9265,0.0,0.0
2024-10-04 15:20:00-04:00,16.200000762939453,16.280000686645508,16.200000762939453,16.264999389648438,55632,0.0,0.0
2024-10-04 15:25:00-04:00,16.270000457763672,16.290000915527344,16.260000228881836,16.28499984741211,38347,0.0,0.0
2024-10-04 15:30:00-04:00,16.28499984741211,16.295000076293945,16.270000457763672,16.280000686645508,24449,0.0,0.0
2024-10-04 15:35:00-04:00,16.280000686645508,16.31999969482422,16.280000686645508,16.315000534057617,16867,0.0,0.0
2024-10-04 15:40:00-04:00,16.31999969482422,16.334999084472656,16.309999465942383,16.334999084472656,34154,0.0,0.0
2024-10-04 15:45:00-04:00,16.34000015258789,16.344999313354492,16.309999465942383,16.31999969482422,36861,0.0,0.0
2024-10-04 15:50:00-04:00,16.31999969482422,16.34000015258789,16.30500030517578,16.334999084472656,62159,0.0,0.0
2024-10-04 15:55:00-04:00,16.329999923706055,16.360000610351562,16.329999923706055,16.354999542236328,149777,0.0,0.0
2024-10-07 09:30:00-04:00,16.399999618530273,16.40999984741211,16.229999542236328,16.329999923706055,159261,0.0,0.0
2024-10-07 09:35:00-04:00,16.329999923706055,16.389999389648438,16.309999465942383,16.360000610351562,55049,0.0,0.0
2024-10-07 09:40:00-04:00,16.360000610351562,16.420000076293945,16.360000610351562,16.40999984741211,73853,0.0,0.0
2024-10-07 09:45:00-04:00,16.399999618530273,16.479999542236328,16.399999618530273,16.469999313354492,63153,0.0,0.0
2024-10-07 09:50:00-04:00,16.46489906311035,16.600000381469727,16.46489906311035,16.579999923706055,60889,0.0,0.0
2024-10-07 09:55:00-04:00,16.575000762939453,16.610000610351562,16.520000457763672,16.540000915527344,41026,0.0,0.0
2024-10-07 10:00:00-04:00,16.55500030517578,16.610000610351562,16.55500030517578,16.59000015258789,42081,0.0,0.0
2024-10-07 10:05:00-04:00,16.59000015258789,16.65999984741211,16.588600158691406,16.65999984741211,80904,0.0,0.0
2024-10-07 10:10:00-04:00,16.670000076293945,16.735000610351562,16.6299991607666,16.719999313354492,49760,0.0,0.0
2024-10-07 10:15:00-04:00,16.719999313354492,16.719999313354492,16.690000534057617,16.700000762939453,66810,0.0,0.0
2024-10-07 10:20:00-04:00,16.69499969482422,16.735000610351562,16.69499969482422,16.704999923706055,43742,0.0,0.0
2024-10-07 10:25:00-04:00,16.690000534057617,16.690000534057617,16.600000381469727,16.614999771118164,46949,0.0,0.0
2024-10-07 10:30:00-04:00,16.6200008392334,16.638599395751953,16.600000381469727,16.611099243164062,34177,0.0,0.0
2024-10-07 10:35:00-04:00,16.614999771118164,16.639999389648438,16.600000381469727,16.610000610351562,28634,0.0,0.0
2024-10-07 10:40:00-04:00,16.6200008392334,16.6200008392334,16.434999465942383,16.434999465942383,91475,0.0,0.0
2024-10-07 10:45:00-04:00,16.440000534057617,16.514999389648438,16.440000534057617,16.5049991607666,34013,0.0,0.0
2024-10-07 10:50:00-04:00,16.51799964904785,16.530000686645508,16.479999542236328,16.520000457763672,42829,0.0,0.0
2024-10-07 10:55:00-04:00,16.520000457763672,16.520000457763672,16.4950008392334,16.5,22289,0.0,0.0
2024-10-07 11:00:00-04:00,16.4950008392334,16.530000686645508,16.469999313354492,16.530000686645508,23849,0.0,0.0
2024-10-07 11:05:00-04:00,16.540000915527344,16.56999969482422,16.524999618530273,16.545000076293945,19433,0.0,0.0
2024-10-07 11:10:00-04:00,16.549999237060547,16.610000610351562,16.549999237060547,16.610000610351562,12528,0.0,0.0
2024-10-07 11:15:00-04:00,16.614999771118164,16.719999313354492,16.614999771118164,16.71500015258789,48341,0.0,0.0
2024-10-07 11:20:00-04:00,16.71500015258789,16.719999313354492,16.690000534057617,16.700000762939453,31227,0.0,0.0
2024-10-07 11:25:00-04:00,16.704999923706055,16.735000610351562,16.700000762939453,16.700000762939453,21359,0.0,0.0
2024-10-07 11:30:00-04:00,16.69499969482422,16.69499969482422,16.649999618530273,16.649999618530273,32837,0.0,0.0
2024-10-07 11:35:00-04:00,16.649999618530273,16.670000076293945,16.6200008392334,16.648500442504883,44371,0.0,0.0
2024-10-07 11:40:00-04:00,16.649999618530273,16.68000030517578,16.649999618530273,16.65999984741211,10039,0.0,0.0
2024-10-07 11:45:00-04:00,16.665000915527344,16.68000030517578,16.65999984741211,16.665000915527344,7557,0.0,0.0
2024-10-07 11:50:00-04:00,16.670000076293945,16.68000030517578,16.6299991607666,16.649999618530273,16289,0.0,0.0
2024-10-07 11:55:00-04:00,16.639999389648438,16.639999389648438,16.614999771118164,16.6200008392334,14143,0.0,0.0
2024-10-07 12:00:00-04:00,16.610000610351562,16.649999618530273,16.610000610351562,16.6299991607666,6508,0.0,0.0
2024-10-07 12:05:00-04:00,16.6299991607666,16.639999389648438,16.625,16.625,3514,0.0,0.0
2024-10-07 12:10:00-04:00,16.6200008392334,16.6299991607666,16.610000610351562,16.6299991607666,11218,0.0,0.0
2024-10-07 12:15:00-04:00,16.6200008392334,16.6210994720459,16.56999969482422,16.56999969482422,8565,0.0,0.0
2024-10-07 12:20:00-04:00,16.56999969482422,16.600000381469727,16.56999969482422,16.59000015258789,9600,0.0,0.0
2024-10-07 12:25:00-04:00,16.600000381469727,16.600000381469727,16.58099937438965,16.600000381469727,4534,0.0,0.0
2024-10-07 12:30:00-04:00,16.610000610351562,16.625,16.604999542236328,16.6200008392334,18179,0.0,0.0
2024-10-07 12:35:00-04:00,16.6200008392334,16.649999618530273,16.6200008392334,16.6299991607666,12949,0.0,0.0
2024-10-07 12:40:00-04:00,16.6299991607666,16.639999389648438,16.604999542236328,16.604999542236328,10607,0.0,0.0
2024-10-07 12:45:00-04:00,16.594999313354492,16.594999313354492,16.584999084472656,16.594999313354492,4622,0.0,0.0
2024-10-07 12:50:00-04:00,16.59000015258789,16.604999542236328,16.59000015258789,16.594999313354492,5918,0.0,0.0
2024-10-07 12:55:00-04:00,16.600000381469727,16.614999771118164,16.579999923706055,16.579999923706055,12439,0.0,0.0
2024-10-07 13:00:00-04:00,16.575000762939453,16.575000762939453,16.530000686645508,16.530000686645508,9484,0.0,0.0
2024-10-07 13:05:00-04:00,16.53499984741211,16.53499984741211,16.520000457763672,16.524999618530273,2926,0.0,0.0
2024-10-07 13:10:00-04:00,16.530000686645508,16.540000915527344,16.514999389648438,16.524999618530273,8567,0.0,0.0
2024-10-07 13:15:00-04:00,16.524999618530273,16.530000686645508,16.524999618530273,16.530000686645508,1724,0.0,0.0
2024-10-07 13:20:00-04:00,16.53499984741211,16.56999969482422,16.524999618530273,16.559999465942383,17774,0.0,0.0
2024-10-07 13:25:00-04:00,16.55500030517578,16.56999969482422,16.545000076293945,16.56999969482422,6087,0.0,0.0
2024-10-07 13:30:00-04:00,16.565000534057617,16.565000534057617,16.540000915527344,16.540000915527344,4218,0.0,0.0
2024-10-07 13:35:00-04:00,16.53499984741211,16.545000076293945,16.53499984741211,16.545000076293945,4020,0.0,0.0
2024-10-07 13:40:00-04:00,16.545000076293945,16.559999465942383,16.545000076293945,16.55500030517578,4213,0.0,0.0
2024-10-07 13:45:00-04:00,16.55500030517578,16.55500030517578,16.549999237060547,16.549999237060547,2639,0.0,0.0
2024-10-07 13:50:00-04:00,16.545000076293945,16.545000076293945,16.520000457763672,16.53499984741211,11306,0.0,0.0
2024-10-07 13:55:00-04:00,16.540000915527344,16.55500030517578,16.540000915527344,16.55500030517578,6608,0.0,0.0
2024-10-07 14:00:00-04:00,16.559999465942383,16.559999465942383,16.5,16.5,7821,0.0,0.0
2024-10-07 14:05:00-04:00,16.5,16.5,16.479999542236328,16.5,11953,0.0,0.0
2024-10-07 14:10:00-04:00,16.5,16.524999618530273,16.491600036621094,16.5049991607666,5561,0.0,0.0
2024-10-07 14:15:00-04:00,16.5,16.5049991607666,16.5,16.5,4122,0.0,0.0
2024-10-07 14:20:00-04:00,16.4950008392334,16.5049991607666,16.489999771118164,16.5,3888,0.0,0.0
2024-10-07 14:25:00-04:00,16.489999771118164,16.489999771118164,16.459999084472656,16.46500015258789,7153,0.0,0.0
2024-10-07 14:30:00-04:00,16.459999084472656,16.469999313354492,16.385000228881836,16.459999084472656,45135,0.0,0.0
2024-10-07 14:35:00-04:00,16.450000762939453,16.450000762939453,16.430099487304688,16.44499969482422,34550,0.0,0.0
2024-10-07 14:40:00-04:00,16.450000762939453,16.450000762939453,16.43000030517578,16.43000030517578,7256,0.0,0.0
2024-10-07 14:45:00-04:00,16.420000076293945,16.420000076293945,16.329999923706055,16.329999923706055,27918,0.0,0.0
2024-10-07 14:50:00-04:00,16.329999923706055,16.3799991607666,16.329999923706055,16.3799991607666,10602,0.0,0.0
2024-10-07 14:55:00-04:00,16.375,16.3799991607666,16.344999313354492,16.344999313354492,8960,0.0,0.0
2024-10-07 15:00:00-04:00,16.350000381469727,16.3700008392334,16.334999084472656,16.344999313354492,11072,0.0,0.0
2024-10-07 15:05:00-04:00,16.344999313354492,16.3799991607666,16.344999313354492,16.3799991607666,12819,0.0,0.0
2024-10-07 15:10:00-04:00,16.385000228881836,16.424999237060547,16.385000228881836,16.415000915527344,27649,0.0,0.0
2024-10-07 15:15:00-04:00,16.40999984741211,16.40999984741211,16.395000457763672,16.399999618530273,9802,0.0,0.0
2024-10-07 15:20:00-04:00,16.399999618530273,16.43000030517578,16.399999618530273,16.420000076293945,7650,0.0,0.0
2024-10-07 15:25:00-04:00,16.40999984741211,16.40999984741211,16.361000061035156,16.375,18400,0.0,0.0
2024-10-07 15:30:00-04:00,16.3799991607666,16.395000457763672,16.360000610351562,16.3799991607666,48164,0.0,0.0
2024-10-07 15:35:00-04:00,16.3799991607666,16.3799991607666,16.344999313354492,16.360000610351562,15168,0.0,0.0
2024-10-07 15:40:00-04:00,16.3700008392334,16.375,16.334999084472656,16.360000610351562,20058,0.0,0.0
2024-10-07 15:45:00-04:00,16.360000610351562,16.385000228881836,16.354999542236328,16.364999771118164,32781,0.0,0.0
2024-10-07 15:50:00-04:00,16.3700008392334,16.40999984741211,16.364999771118164,16.405000686645508,48856,0.0,0.0
2024-10-07 15:55:00-04:00,16.40999984741211,16.40999984741211,16.360000610351562,16.389999389648438,135962,0.0,0.0
2024-10-08 09:30:00-04:00,16.420000076293945,16.65999984741211,16.420000076293945,16.649999618530273,97506,0.0,0.0
2024-10-08 09:35:00-04:00,16.649999618530273,16.75,16.6200008392334,16.729999542236328,72246,0.0,0.0
2024-10-08 09:40:00-04:00,16.719999313354492,16.780000686645508,16.709999084472656,16.725000381469727,51390,0.0,0.0
2024-10-08 09:45:00-04:00,16.719999313354492,16.834999084472656,16.690000534057617,16.834999084472656,38035,0.0,0.0
2024-10-08 09:50:00-04:00,16.84000015258789,16.940099716186523,16.81999969482422,16.940099716186523,59821,0.0,0.0
2024-10-08 09:55:00-04:00,16.94499969482422,16.979999542236328,16.920000076293945,16.934999465942383,54542,0.0,0.0
2024-10-08 10:00:00-04:00,16.940000534057617,17.065000534057617,16.934999465942383,17.059999465942383,52365,0.0,0.0
2024-10-08 10:05:00-04:00,17.059999465942383,17.079999923706055,16.97010040283203,17.0,44223,0.0,0.0
2024-10-08 10:10:00-04:00,16.979999542236328,16.979999542236328,16.90999984741211,16.959999084472656,34312,0.0,0.0
2024-10-08 10:15:00-04:00,16.954999923706055,16.9950008392334,16.954999923706055,16.979999542236328,28988,0.0,0.0
2024-10-08 10:20:00-04:00,16.979999542236328,17.010000228881836,16.969999313354492,16.979999542236328,31020,0.0,0.0
2024-10-08 10:25:00-04:00,16.989999771118164,17.05500030517578,16.989999771118164,17.04010009765625,47796,0.0,0.0
2024-10-08 10:30:00-04:00,17.045000076293945,17.079999923706055,16.969999313354492,16.969999313354492,30872,0.0,0.0
2024-10-08 10:35:00-04:00,16.969999313354492,16.989999771118164,16.93000030517578,16.940000534057617,23396,0.0,0.0
2024-10-08 10:40:00-04:00,16.940000534057617,17.059999465942383,16.93000030517578,16.9950008392334,73277,0.0,0.0
2024-10-08 10:45:00-04:00,17.010000228881836,17.06999969482422,16.969999313354492,17.06599998474121,28443,0.0,0.0
2024-10-08 10:50:00-04:00,17.059999465942383,17.09000015258789,17.049999237060547,17.09000015258789,38434,0.0,0.0
2024-10-08 10:55:00-04:00,17.09000015258789,17.100000381469727,17.049999237060547,17.049999237060547,28169,0.0,0.0
2024-10-08 11:00:00-04:00,17.05500030517578,17.06999969482422,17.030000686645508,17.045000076293945,25422,0.0,0.0
2024-10-08 11:05:00-04:00,17.040000915527344,17.05500030517578,17.014999389648438,17.05500030517578,11032,0.0,0.0
2024-10-08 11:10:00-04:00,17.040000915527344,17.051000595092773,17.030000686645508,17.049999237060547,43871,0.0,0.0
2024-10-08 11:15:00-04:00,17.040000915527344,17.049999237060547,17.020000457763672,17.030000686645508,13905,0.0,0.0
2024-10-08 11:20:00-04:00,17.040000915527344,17.09000015258789,17.040000915527344,17.071500778198242,24128,0.0,0.0
2024-10-08 11:25:00-04:00,17.075000762939453,17.075000762939453,17.045000076293945,17.075000762939453,20217,0.0,0.0
2024-10-08 11:30:00-04:00,17.075000762939453,17.079999923706055,17.03499984741211,17.049999237060547,14663,0.0,0.0
2024-10-08 11:35:00-04:00,17.049999237060547,17.110000610351562,17.045000076293945,17.110000610351562,50976,0.0,0.0
2024-10-08 11:40:00-04:00,17.1200008392334,17.174999237060547,17.114999771118164,17.15999984741211,32078,0.0,0.0
2024-10-08 11:45:00-04:00,17.170000076293945,17.219999313354492,17.170000076293945,17.190000534057617,34610,0.0,0.0
2024-10-08 11:50:00-04:00,17.190000534057617,17.21500015258789,17.184999465942383,17.209999084472656,13127,0.0,0.0
2024-10-08 11:55:00-04:00,17.209999084472656,17.209999084472656,17.174999237060547,17.190000534057617,21499,0.0,0.0
2024-10-08 12:00:00-04:00,17.18000030517578,17.18000030517578,17.145000457763672,17.149999618530273,17430,0.0,0.0
2024-10-08 12:05:00-04:00,17.149999618530273,17.15999984741211,17.149999618530273,17.149999618530273,17119,0.0,0.0
2024-10-08 12:10:00-04:00,17.15999984741211,17.165000915527344,17.15999984741211,17.15999984741211,1453,0.0,0.0
2024-10-08 12:15:00-04:00,17.15999984741211,17.190000534057617,17.15999984741211,17.190000534057617,12306,0.0,0.0
2024-10-08 12:20:00-04:00,17.18000030517578,17.18000030517578,17.1200008392334,17.1200008392334,9471,0.0,0.0
2024-10-08 12:25:00-04:00,17.1200008392334,17.165000915527344,17.1200008392334,17.139999389648438,8995,0.0,0.0
2024-10-08 12:30:00-04:00,17.139999389648438,17.155000686645508,17.1200008392334,17.1200008392334,10453,0.0,0.0
2024-10-08 12:35:00-04:00,17.110000610351562,17.110000610351562,17.09000015258789,17.100000381469727,7072,0.0,0.0
2024-10-08 12:40:00-04:00,17.104999542236328,17.1299991607666,17.104999542236328,17.11009979248047,10164,0.0,0.0
2024-10-08 12:45:00-04:00,17.1200008392334,17.12150001525879,17.100723266601562,17.100723266601562,8756,0.0,0.0
2024-10-08 12:50:00-04:00,17.110000610351562,17.12019920349121,17.079999923706055,17.079999923706055,21389,0.0,0.0
2024-10-08 12:55:00-04:00,17.084999084472656,17.135000228881836,17.079999923706055,17.1299991607666,14073,0.0,0.0
2024-10-08 13:00:00-04:00,17.1299991607666,17.14900016784668,17.110000610351562,17.110000610351562,9318,0.0,0.0
2024-10-08 13:05:00-04:00,17.100000381469727,17.104999542236328,17.020000457763672,17.024999618530273,27409,0.0,0.0
2024-10-08 13:10:00-04:00,17.021699905395508,17.049999237060547,17.020000457763672,17.049999237060547,19732,0.0,0.0
2024-10-08 13:15:00-04:00,17.049999237060547,17.049999237060547,17.010000228881836,17.010000228881836,17405,0.0,0.0
2024-10-08 13:20:00-04:00,17.010000228881836,17.030000686645508,16.989999771118164,17.030000686645508,29009,0.0,0.0
2024-10-08 13:25:00-04:00,17.030000686645508,17.040000915527344,17.030000686645508,17.040000915527344,14006,0.0,0.0
2024-10-08 13:30:00-04:00,17.040000915527344,17.049999237060547,17.020000457763672,17.040000915527344,14214,0.0,0.0
2024-10-08 13:35:00-04:00,17.040000915527344,17.045000076293945,17.014999389648438,17.030000686645508,14013,0.0,0.0
2024-10-08 13:40:00-04:00,17.040000915527344,17.045000076293945,17.024999618530273,17.045000076293945,5837,0.0,0.0
2024-10-08 13:45:00-04:00,17.040000915527344,17.042999267578125,17.010000228881836,17.014999389648438,9889,0.0,0.0
2024-10-08 13:50:00-04:00,17.014999389648438,17.079999923706055,17.010000228881836,17.06999969482422,10325,0.0,0.0
2024-10-08 13:55:00-04:00,17.075000762939453,17.1200008392334,17.075000762939453,17.1200008392334,16944,0.0,0.0
2024-10-08 14:00:00-04:00,17.114999771118164,17.114999771118164,17.06999969482422,17.06999969482422,7635,0.0,0.0
2024-10-08 14:05:00-04:00,17.075000762939453,17.075000762939453,17.049999237060547,17.049999237060547,8146,0.0,0.0
2024-10-08 14:10:00-04:00,17.049999237060547,17.065000534057617,17.049999237060547,17.059999465942383,8742,0.0,0.0
2024-10-08 14:15:00-04:00,17.059999465942383,17.065000534057617,17.049999237060547,17.065000534057617,4810,0.0,0.0
2024-10-08 14:20:00-04:00,17.059999465942383,17.059999465942383,17.020000457763672,17.03499984741211,15285,0.0,0.0
2024-10-08 14:25:00-04:00,17.03499984741211,17.03499984741211,17.010000228881836,17.010000228881836,13176,0.0,0.0
2024-10-08 14:30:00-04:00,17.020000457763672,17.020000457763672,17.0049991607666,17.010000228881836,9210,0.0,0.0
2024-10-08 14:35:00-04:00,17.010000228881836,17.06999969482422,16.989999771118164,17.06999969482422,21864,0.0,0.0
2024-10-08 14:40:00-04:00,17.06999969482422,17.075000762939453,17.05500030517578,17.05500030517578,11338,0.0,0.0
2024-10-08 14:45:00-04:00,17.049999237060547,17.09000015258789,17.049999237060547,17.084999084472656,9297,0.0,0.0
2024-10-08 14:50:00-04:00,17.09000015258789,17.1200008392334,17.09000015258789,17.114999771118164,17155,0.0,0.0
2024-10-08 14:55:00-04:00,17.110000610351562,17.145000457763672,17.110000610351562,17.125,15022,0.0,0.0
2024-10-08 15:00:00-04:00,17.1200008392334,17.145000457763672,17.1200008392334,17.145000457763672,18363,0.0,0.0
2024-10-08 15:05:00-04:00,17.139999389648438,17.145000457763672,17.1299991607666,17.1299991607666,10688,0.0,0.0
2024-10-08 15:10:00-04:00,17.1200008392334,17.1299991607666,17.114999771118164,17.1200008392334,11217,0.0,0.0
2024-10-08 15:15:00-04:00,17.1299991607666,17.138500213623047,17.1299991607666,17.135000228881836,10376,0.0,0.0
2024-10-08 15:20:00-04:00,17.139999389648438,17.145000457763672,17.125,17.125,20266,0.0,0.0
2024-10-08 15:25:00-04:00,17.1200008392334,17.1200008392334,17.104999542236328,17.1200008392334,7429,0.0,0.0
2024-10-08 15:30:00-04:00,17.114999771118164,17.1200008392334,17.100000381469727,17.110000610351562,40116,0.0,0.0
2024-10-08 15:35:00-04:00,17.104999542236328,17.104999542236328,17.075000762939453,17.094999313354492,24273,0.0,0.0
2024-10-08 15:40:00-04:00,17.092899322509766,17.100000381469727,17.079999923706055,17.079999923706055,35861,0.0,0.0
2024-10-08 15:45:00-04:00,17.079999923706055,17.139999389648438,17.079999923706055,17.135000228881836,40563,0.0,0.0
2024-10-08 15:50:00-04:00,17.135000228881836,17.15999984741211,17.114999771118164,17.145000457763672,125318,0.0,0.0
2024-10-08 15:55:00-04:00,17.145000457763672,17.190000534057617,17.139999389648438,17.184999465942383,147428,0.0,0.0
2024-10-09 09:30:00-04:00,17.389999389648438,17.68000030517578,17.3799991607666,17.68000030517578,376772,0.0,0.0
2024-10-09 09:35:00-04:00,17.68000030517578,17.700000762939453,17.604999542236328,17.670000076293945,99228,0.0,0.0
2024-10-09 09:40:00-04:00,17.655000686645508,17.709999084472656,17.510000228881836,17.549999237060547,131414,0.0,0.0
2024-10-09 09:45:00-04:00,17.559999465942383,17.719999313354492,17.559999465942383,17.649999618530273,53824,0.0,0.0
2024-10-09 09:50:00-04:00,17.65999984741211,17.850000381469727,17.65999984741211,17.850000381469727,74568,0.0,0.0
2024-10-09 09:55:00-04:00,17.8700008392334,17.899999618530273,17.790000915527344,17.885000228881836,88715,0.0,0.0
2024-10-09 10:00:00-04:00,17.889999389648438,18.030000686645508,17.860000610351562,17.982999801635742,160922,0.0,0.0
2024-10-09 10:05:00-04:00,17.989999771118164,17.999300003051758,17.924999237060547,17.954999923706055,73861,0.0,0.0
2024-10-09 10:10:00-04:00,17.954999923706055,18.049999237060547,17.954999923706055,18.0,65078,0.0,0.0
2024-10-09 10:15:00-04:00,17.989999771118164,18.049999237060547,17.950000762939453,18.03499984741211,57001,0.0,0.0
2024-10-09 10:20:00-04:00,18.030000686645508,18.05500030517578,18.0049991607666,18.024999618530273,74386,0.0,0.0
2024-10-09 10:25:00-04:00,18.019800186157227,18.059999465942383,17.983299255371094,18.059999465942383,42858,0.0,0.0
2024-10-09 10:30:00-04:00,18.059999465942383,18.059999465942383,17.950000762939453,17.9950008392334,102691,0.0,0.0
2024-10-09 10:35:00-04:00,17.9950008392334,18.05500030517578,17.975000381469727,18.05500030517578,47508,0.0,0.0
2024-10-09 10:40:00-04:00,18.049999237060547,18.079999923706055,18.030000686645508,18.03499984741211,52257,0.0,0.0
2024-10-09 10:45:00-04:00,18.03499984741211,18.125,18.030000686645508,18.09000015258789,86371,0.0,0.0
2024-10-09 10:50:00-04:00,18.104999542236328,18.114999771118164,18.06999969482422,18.100099563598633,30812,0.0,0.0
2024-10-09 10:55:00-04:00,18.094999313354492,18.125,18.09000015258789,18.1200008392334,40038,0.0,0.0
2024-10-09 11:00:00-04:00,18.1200008392334,18.139999389648438,18.065000534057617,18.065000534057617,47504,0.0,0.0
2024-10-09 11:05:00-04:00,18.065000534057617,18.209999084472656,18.030000686645508,18.209999084472656,98182,0.0,0.0
2024-10-09 11:10:00-04:00,18.209999084472656,18.295000076293945,18.19499969482422,18.280000686645508,69861,0.0,0.0
2024-10-09 11:15:00-04:00,18.280000686645508,18.3700008392334,18.270000457763672,18.325000762939453,83000,0.0,0.0
2024-10-09 11:20:00-04:00,18.325000762939453,18.375,18.299999237060547,18.360000610351562,73580,0.0,0.0
2024-10-09 11:25:00-04:00,18.360700607299805,18.479999542236328,18.360700607299805,18.440000534057617,218431,0.0,0.0
2024-10-09 11:30:00-04:00,18.450000762939453,18.524999618530273,18.440000534057617,18.469999313354492,147830,0.0,0.0
2024-10-09 11:35:00-04:00,18.469999313354492,18.58989906311035,18.469999313354492,18.579999923706055,56177,0.0,0.0
2024-10-09 11:40:00-04:00,18.575000762939453,18.649900436401367,18.549999237060547,18.59000015258789,127899,0.0,0.0
2024-10-09 11:45:00-04:00,18.59000015258789,18.604999542236328,18.520000457763672,18.524999618530273,71952,0.0,0.0
2024-10-09 11:50:00-04:00,18.530000686645508,18.604999542236328,18.520000457763672,18.584999084472656,66198,0.0,0.0
2024-10-09 11:55:00-04:00,18.59000015258789,18.59000015258789,18.5,18.520000457763672,47001,0.0,0.0
2024-10-09 12:00:00-04:00,18.520000457763672,18.604999542236328,18.489999771118164,18.579999923706055,81097,0.0,0.0
2024-10-09 12:05:00-04:00,18.56999969482422,18.59000015258789,18.5049991607666,18.510000228881836,29547,0.0,0.0
2024-10-09 12:10:00-04:00,18.510000228881836,18.514999389648438,18.440000534057617,18.454999923706055,86238,0.0,0.0
2024-10-09 12:15:00-04:00,18.454999923706055,18.475000381469727,18.420000076293945,18.450000762939453,34369,0.0,0.0
2024-10-09 12:20:00-04:00,18.450000762939453,18.52989959716797,18.450000762939453,18.52989959716797,46841,0.0,0.0
2024-10-09 12:25:00-04:00,18.53499984741211,18.53499984741211,18.469999313354492,18.489999771118164,30346,0.0,0.0
2024-10-09 12:30:00-04:00,18.4950008392334,18.4950008392334,18.44499969482422,18.454999923706055,22968,0.0,0.0
2024-10-09 12:35:00-04:00,18.459999084472656,18.4950008392334,18.450000762939453,18.4950008392334,13114,0.0,0.0
2024-10-09 12:40:00-04:00,18.489999771118164,18.530000686645508,18.479999542236328,18.524999618530273,11871,0.0,0.0
2024-10-09 12:45:00-04:00,18.510000228881836,18.520000457763672,18.469999313354492,18.514999389648438,20980,0.0,0.0
2024-10-09 12:50:00-04:00,18.510000228881836,18.514999389648438,18.469999313354492,18.475000381469727,26130,0.0,0.0
2024-10-09 12:55:00-04:00,18.469999313354492,18.507999420166016,18.469999313354492,18.479999542236328,16740,0.0,0.0
2024-10-09 13:00:00-04:00,18.469999313354492,18.475000381469727,18.399999618530273,18.40999984741211,18329,0.0,0.0
2024-10-09 13:05:00-04:00,18.40999984741211,18.46500015258789,18.399999618530273,18.46500015258789,27691,0.0,0.0
2024-10-09 13:10:00-04:00,18.46500015258789,18.489999771118164,18.44099998474121,18.459999084472656,23785,0.0,0.0
2024-10-09 13:15:00-04:00,18.46500015258789,18.46500015258789,18.420000076293945,18.43000030517578,18925,0.0,0.0
2024-10-09 13:20:00-04:00,18.424999237060547,18.514999389648438,18.424999237060547,18.5049991607666,30489,0.0,0.0
2024-10-09 13:25:00-04:00,18.510000228881836,18.524999618530273,18.489999771118164,18.510000228881836,9487,0.0,0.0
2024-10-09 13:30:00-04:00,18.5,18.524999618530273,18.485000610351562,18.5,14304,0.0,0.0
2024-10-09 13:35:00-04:00,18.489999771118164,18.5,18.469999313354492,18.5,11728,0.0,0.0
2024-10-09 13:40:00-04:00,18.489999771118164,18.514999389648438,18.479999542236328,18.510000228881836,14387,0.0,0.0
2024-10-09 13:45:00-04:00,18.524999618530273,18.524999618530273,18.510000228881836,18.524999618530273,11193,0.0,0.0
2024-10-09 13:50:00-04:00,18.520000457763672,18.524999618530273,18.454999923706055,18.524999618530273,29474,0.0,0.0
2024-10-09 13:55:00-04:00,18.520000457763672,18.545000076293945,18.520000457763672,18.540000915527344,10100,0.0,0.0
2024-10-09 14:00:00-04:00,18.545000076293945,18.545000076293945,18.540000915527344,18.545000076293945,7885,0.0,0.0
2024-10-09 14:05:00-04:00,18.545000076293945,18.55500030517578,18.540000915527344,18.55500030517578,8673,0.0,0.0
2024-10-09 14:10:00-04:00,18.559999465942383,18.565000534057617,18.530000686645508,18.559999465942383,20822,0.0,0.0
2024-10-09 14:15:00-04:00,18.55500030517578,18.55500030517578,18.540000915527344,18.540000915527344,12517,0.0,0.0
2024-10-09 14:20:00-04:00,18.540000915527344,18.565000534057617,18.530000686645508,18.55500030517578,22627,0.0,0.0
2024-10-09 14:25:00-04:00,18.56999969482422,18.584999084472656,18.56999969482422,18.575000762939453,7737,0.0,0.0
2024-10-09 14:30:00-04:00,18.579999923706055,18.584999084472656,18.545000076293945,18.565000534057617,26459,0.0,0.0
2024-10-09 14:35:00-04:00,18.565000534057617,18.565000534057617,18.540000915527344,18.549400329589844,9763,0.0,0.0
2024-10-09 14:40:00-04:00,18.540000915527344,18.565000534057617,18.524999618530273,18.55500030517578,15044,0.0,0.0
2024-10-09 14:45:00-04:00,18.55500030517578,18.565000534057617,18.545000076293945,18.545000076293945,17851,0.0,0.0
2024-10-09 14:50:00-04:00,18.545000076293945,18.549999237060547,18.520000457763672,18.520000457763672,14817,0.0,0.0
2024-10-09 14:55:00-04:00,18.520000457763672,18.524999618530273,18.479999542236328,18.4950008392334,29630,0.0,0.0
2024-10-09 15:00:00-04:00,18.4950008392334,18.56999969482422,18.489999771118164,18.549999237060547,52517,0.0,0.0
2024-10-09 15:05:00-04:00,18.545000076293945,18.56999969482422,18.520000457763672,18.545000076293945,19493,0.0,0.0
2024-10-09 15:10:00-04:00,18.545000076293945,18.59000015258789,18.530000686645508,18.584999084472656,33348,0.0,0.0
2024-10-09 15:15:00-04:00,18.584999084472656,18.639999389648438,18.584999084472656,18.635000228881836,17915,0.0,0.0
2024-10-09 15:20:00-04:00,18.635000228881836,18.645000457763672,18.625,18.645000457763672,43193,0.0,0.0
2024-10-09 15:25:00-04:00,18.645000457763672,18.655000686645508,18.635000228881836,18.639999389648438,22229,0.0,0.0
2024-10-09 15:30:00-04:00,18.645000457763672,18.655000686645508,18.635000228881836,18.635000228881836,62541,0.0,0.0
2024-10-09 15:35:00-04:00,18.635000228881836,18.635000228881836,18.584999084472656,18.621000289916992,55054,0.0,0.0
2024-10-09 15:40:00-04:00,18.625,18.625,18.573999404907227,18.573999404907227,101393,0.0,0.0
2024-10-09 15:45:00-04:00,18.575000762939453,18.59000015258789,18.559999465942383,18.579999923706055,62519,0.0,0.0
2024-10-09 15:50:00-04:00,18.59000015258789,18.649999618530273,18.59000015258789,18.639999389648438,165735,0.0,0.0
2024-10-09 15:55:00-04:00,18.635000228881836,18.639999389648438,18.559999465942383,18.565000534057617,324707,0.0,0.0
2024-10-10 09:30:00-04:00,18.18000030517578,18.440000534057617,18.110000610351562,18.3799991607666,393939,0.0,0.0
2024-10-10 09:35:00-04:00,18.3700008392334,18.399999618530273,18.260000228881836,18.3700008392334,107533,0.0,0.0
2024-10-10 09:40:00-04:00,18.378000259399414,18.469999313354492,18.309999465942383,18.459999084472656,62099,0.0,0.0
2024-10-10 09:45:00-04:00,18.459999084472656,18.459999084472656,18.350000381469727,18.450000762939453,36046,0.0,0.0
2024-10-10 09:50:00-04:00,18.469999313354492,18.549999237060547,18.440000534057617,18.469999313354492,89349,0.0,0.0
2024-10-10 09:55:00-04:00,18.469999313354492,18.59000015258789,18.469999313354492,18.549999237060547,48381,0.0,0.0
2024-10-10 10:00:00-04:00,18.559999465942383,18.639999389648438,18.5,18.559999465942383,74245,0.0,0.0
2024-10-10 10:05:00-04:00,18.559999465942383,18.635000228881836,18.549999237060547,18.635000228881836,69366,0.0,0.0
2024-10-10 10:10:00-04:00,18.6299991607666,18.65999984741211,18.579999923706055,18.600000381469727,65737,0.0,0.0
2024-10-10 10:15:00-04:00,18.604999542236328,18.610000610351562,18.56999969482422,18.579999923706055,32758,0.0,0.0
2024-10-10 10:20:00-04:00,18.575000762939453,18.59000015258789,18.530000686645508,18.56999969482422,42033,0.0,0.0
2024-10-10 10:25:00-04:00,18.575000762939453,18.575000762939453,18.540000915527344,18.545000076293945,19413,0.0,0.0
2024-10-10 10:30:00-04:00,18.549999237060547,18.575000762939453,18.4950008392334,18.5049991607666,27101,0.0,0.0
2024-10-10 10:35:00-04:00,18.5049991607666,18.530000686645508,18.479999542236328,18.5,24296,0.0,0.0
2024-10-10 10:40:00-04:00,18.489999771118164,18.510000228881836,18.469999313354492,18.485000610351562,18565,0.0,0.0
2024-10-10 10:45:00-04:00,18.469999313354492,18.4950008392334,18.450000762939453,18.475000381469727,40697,0.0,0.0
2024-10-10 10:50:00-04:00,18.479999542236328,18.549999237060547,18.479999542236328,18.545000076293945,24097,0.0,0.0
2024-10-10 10:55:00-04:00,18.540000915527344,18.565000534057617,18.530000686645508,18.53499984741211,26597,0.0,0.0
2024-10-10 11:00:00-04:00,18.540000915527344,18.575000762939453,18.530000686645508,18.575000762939453,15091,0.0,0.0
2024-10-10 11:05:00-04:00,18.56999969482422,18.65999984741211,18.56999969482422,18.6200008392334,31935,0.0,0.0
2024-10-10 11:10:00-04:00,18.610000610351562,18.639999389648438,18.610000610351562,18.6299991607666,17721,0.0,0.0
2024-10-10 11:15:00-04:00,18.645000457763672,18.65999984741211,18.6299991607666,18.649999618530273,16253,0.0,0.0
2024-10-10 11:20:00-04:00,18.645000457763672,18.649999618530273,18.635000228881836,18.645000457763672,10552,0.0,0.0
2024-10-10 11:25:00-04:00,18.649999618530273,18.71500015258789,18.649999618530273,18.69499969482422,24480,0.0,0.0
2024-10-10 11:30:00-04:00,18.69499969482422,18.69499969482422,18.65999984741211,18.670000076293945,55887,0.0,0.0
2024-10-10 11:35:00-04:00,18.670000076293945,18.719999313354492,18.665000915527344,18.719999313354492,24613,0.0,0.0
2024-10-10 11:40:00-04:00,18.71500015258789,18.739999771118164,18.67699432373047,18.67699432373047,33524,0.0,0.0
2024-10-10 11:45:00-04:00,18.670000076293945,18.69499969482422,18.65999984741211,18.69499969482422,12068,0.0,0.0
2024-10-10 11:50:00-04:00,18.69499969482422,18.719999313354492,18.690000534057617,18.704999923706055,33902,0.0,0.0
2024-10-10 11:55:00-04:00,18.704999923706055,18.709999084472656,18.649999618530273,18.649999618530273,17644,0.0,0.0
2024-10-10 12:00:00-04:00,18.65999984741211,18.665000915527344,18.6200008392334,18.65999984741211,15655,0.0,0.0
2024-10-10 12:05:00-04:00,18.65999984741211,18.670000076293945,18.639999389648438,18.649999618530273,8056,0.0,0.0
2024-10-10 12:10:00-04:00,18.655000686645508,18.709999084472656,18.655000686645508,18.709999084472656,15029,0.0,0.0
2024-10-10 12:15:00-04:00,18.709999084472656,18.709999084472656,18.68000030517578,18.709999084472656,15633,0.0,0.0
2024-10-10 12:20:00-04:00,18.704999923706055,18.710100173950195,18.684999465942383,18.690000534057617,8542,0.0,0.0
2024-10-10 12:25:00-04:00,18.69499969482422,18.69499969482422,18.674999237060547,18.674999237060547,9097,0.0,0.0
2024-10-10 12:30:00-04:00,18.674999237060547,18.68000030517578,18.655000686645508,18.68000030517578,9429,0.0,0.0
2024-10-10 12:35:00-04:00,18.690000534057617,18.700000762939453,18.665000915527344,18.690000534057617,8365,0.0,0.0
2024-10-10 12:40:00-04:00,18.690000534057617,18.704999923706055,18.65999984741211,18.65999984741211,33678,0.0,0.0
2024-10-10 12:45:00-04:00,18.65999984741211,18.68000030517578,18.655000686645508,18.665000915527344,8345,0.0,0.0
2024-10-10 12:50:00-04:00,18.670000076293945,18.690000534057617,18.665000915527344,18.670000076293945,10544,0.0,0.0
2024-10-10 12:55:00-04:00,18.68000030517578,18.690000534057617,18.639999389648438,18.68000030517578,12418,0.0,0.0
2024-10-10 13:00:00-04:00,18.684999465942383,18.684999465942383,18.635000228881836,18.635000228881836,17859,0.0,0.0
2024-10-10 13:05:00-04:00,18.639999389648438,18.639999389648438,18.579999923706055,18.584999084472656,23289,0.0,0.0
2024-10-10 13:10:00-04:00,18.579999923706055,18.6200008392334,18.575000762939453,18.600000381469727,44535,0.0,0.0
2024-10-10 13:15:00-04:00,18.610000610351562,18.649999618530273,18.604999542236328,18.649999618530273,14129,0.0,0.0
2024-10-10 13:20:00-04:00,18.645000457763672,18.65999984741211,18.639999389648438,18.649999618530273,9989,0.0,0.0
2024-10-10 13:25:00-04:00,18.649999618530273,18.674999237060547,18.639999389648438,18.665000915527344,15630,0.0,0.0
2024-10-10 13:30:00-04:00,18.665000915527344,18.68000030517578,18.665000915527344,18.68000030517578,7541,0.0,0.0
2024-10-10 13:35:00-04:00,18.690000534057617,18.700000762939453,18.655000686645508,18.655000686645508,7874,0.0,0.0
2024-10-10 13:40:00-04:00,18.655000686645508,18.674999237060547,18.639999389648438,18.674999237060547,10696,0.0,0.0
2024-10-10 13:45:00-04:00,18.68000030517578,18.68000030517578,18.635000228881836,18.639999389648438,14921,0.0,0.0
2024-10-10 13:50:00-04:00,18.625,18.625,18.579999923706055,18.594999313354492,18303,0.0,0.0
2024-10-10 13:55:00-04:00,18.600000381469727,18.6200008392334,18.59000015258789,18.610000610351562,16344,0.0,0.0
2024-10-10 14:00:00-04:00,18.604999542236328,18.65999984741211,18.604999542236328,18.645000457763672,15680,0.0,0.0
2024-10-10 14:05:00-04:00,18.639999389648438,18.655000686645508,18.6200008392334,18.639999389648438,12484,0.0,0.0
2024-10-10 14:10:00-04:00,18.635000228881836,18.645000457763672,18.625,18.625,8886,0.0,0.0
2024-10-10 14:15:00-04:00,18.625,18.6299991607666,18.614999771118164,18.6200008392334,9194,0.0,0.0
2024-10-10 14:20:00-04:00,18.610000610351562,18.614999771118164,18.594999313354492,18.614999771118164,8277,0.0,0.0
2024-10-10 14:25:00-04:00,18.614999771118164,18.639999389648438,18.614999771118164,18.635000228881836,17427,0.0,0.0
2024-10-10 14:30:00-04:00,18.6299991607666,18.6299991607666,18.610000610351562,18.6299991607666,13472,0.0,0.0
2024-10-10 14:35:00-04:00,18.635000228881836,18.65999984741211,18.635000228881836,18.65999984741211,13084,0.0,0.0
2024-10-10 14:40:00-04:00,18.655000686645508,18.690000534057617,18.655000686645508,18.684999465942383,12493,0.0,0.0
2024-10-10 14:45:00-04:00,18.684999465942383,18.704999923706055,18.674999237060547,18.704999923706055,15303,0.0,0.0
2024-10-10 14:50:00-04:00,18.700000762939453,18.718900680541992,18.690000534057617,18.71500015258789,13931,0.0,0.0
2024-10-10 14:55:00-04:00,18.709999084472656,18.71500015258789,18.690000534057617,18.704999923706055,9963,0.0,0.0
2024-10-10 15:00:00-04:00,18.700000762939453,18.704999923706055,18.639999389648438,18.649999618530273,22592,0.0,0.0
2024-10-10 15:05:00-04:00,18.649999618530273,18.68000030517578,18.649999618530273,18.670000076293945,16374,0.0,0.0
2024-10-10 15:10:00-04:00,18.670000076293945,18.69499969482422,18.655000686645508,18.670000076293945,20396,0.0,0.0
2024-10-10 15:15:00-04:00,18.670000076293945,18.68000030517578,18.65999984741211,18.670000076293945,20139,0.0,0.0
2024-10-10 15:20:00-04:00,18.670000076293945,18.670000076293945,18.635000228881836,18.635000228881836,16027,0.0,0.0
2024-10-10 15:25:00-04:00,18.6299991607666,18.630199432373047,18.59000015258789,18.590200424194336,27874,0.0,0.0
2024-10-10 15:30:00-04:00,18.59000015258789,18.59000015258789,18.56999969482422,18.56999969482422,23662,0.0,0.0
2024-10-10 15:35:00-04:00,18.575000762939453,18.594999313354492,18.56999969482422,18.594999313354492,20406,0.0,0.0
2024-10-10 15:40:00-04:00,18.600000381469727,18.6200008392334,18.584999084472656,18.584999084472656,30625,0.0,0.0
2024-10-10 15:45:00-04:00,18.579999923706055,18.65999984741211,18.579999923706055,18.65999984741211,51048,0.0,0.0
2024-10-10 15:50:00-04:00,18.65999984741211,18.69499969482422,18.655000686645508,18.684999465942383,61172,0.0,0.0
2024-10-10 15:55:00-04:00,18.68000030517578,18.71500015258789,18.68000030517578,18.700000762939453,148348,0.0,0.0
2024-10-11 09:30:00-04:00,18.799999237060547,18.989999771118164,18.760000228881836,18.774999618530273,195716,0.0,0.0
2024-10-11 09:35:00-04:00,18.729999542236328,18.899999618530273,18.729999542236328,18.8799991607666,31078,0.0,0.0
2024-10-11 09:40:00-04:00,18.860000610351562,18.915000915527344,18.850000381469727,18.8700008392334,48737,0.0,0.0
2024-10-11 09:45:00-04:00,18.8700008392334,18.8799991607666,18.81999969482422,18.84000015258789,35940,0.0,0.0
2024-10-11 09:50:00-04:00,18.84000015258789,18.850000381469727,18.780000686645508,18.81999969482422,19356,0.0,0.0
2024-10-11 09:55:00-04:00,18.819900512695312,18.834999084472656,18.774999618530273,18.81999969482422,35159,0.0,0.0
2024-10-11 10:00:00-04:00,18.81999969482422,18.90999984741211,18.81999969482422,18.889999389648438,12914,0.0,0.0
2024-10-11 10:05:00-04:00,18.885000228881836,18.959999084472656,18.8700008392334,18.934999465942383,49484,0.0,0.0
2024-10-11 10:10:00-04:00,18.934999465942383,18.969999313354492,18.899999618530273,18.969999313354492,14175,0.0,0.0
2024-10-11 10:15:00-04:00,18.96500015258789,18.975000381469727,18.920000076293945,18.940000534057617,35667,0.0,0.0
2024-10-11 10:20:00-04:00,18.930700302124023,18.940000534057617,18.829999923706055,18.860000610351562,54911,0.0,0.0
2024-10-11 10:25:00-04:00,18.864999771118164,18.90999984741211,18.850000381469727,18.860000610351562,20250,0.0,0.0
2024-10-11 10:30:00-04:00,18.860000610351562,18.864999771118164,18.84000015258789,18.850000381469727,13057,0.0,0.0
2024-10-11 10:35:00-04:00,18.860000610351562,18.915000915527344,18.850000381469727,18.905000686645508,31521,0.0,0.0
2024-10-11 10:40:00-04:00,18.905000686645508,18.934999465942383,18.905000686645508,18.915000915527344,17657,0.0,0.0
2024-10-11 10:45:00-04:00,18.920000076293945,18.950000762939453,18.895000457763672,18.940000534057617,15003,0.0,0.0
2024-10-11 10:50:00-04:00,18.950000762939453,18.979999542236328,18.950000762939453,18.950000762939453,21115,0.0,0.0
2024-10-11 10:55:00-04:00,18.954999923706055,18.969999313354492,18.954999923706055,18.959999084472656,12486,0.0,0.0
2024-10-11 11:00:00-04:00,18.954999923706055,18.954999923706055,18.91010093688965,18.934999465942383,11813,0.0,0.0
2024-10-11 11:05:00-04:00,18.940000534057617,18.969999313354492,18.915000915527344,18.950000762939453,17838,0.0,0.0
2024-10-11 11:10:00-04:00,18.950000762939453,18.989999771118164,18.950000762939453,18.975000381469727,10194,0.0,0.0
2024-10-11 11:15:00-04:00,18.975000381469727,18.9950008392334,18.959999084472656,18.985000610351562,25443,0.0,0.0
2024-10-11 11:20:00-04:00,18.985000610351562,19.010000228881836,18.985000610351562,18.989999771118164,59943,0.0,0.0
2024-10-11 11:25:00-04:00,18.989999771118164,18.9950008392334,18.950000762939453,18.954999923706055,21187,0.0,0.0
2024-10-11 11:30:00-04:00,18.954999923706055,18.989999771118164,18.950000762939453,18.969999313354492,116076,0.0,0.0
2024-10-11 11:35:00-04:00,18.969999313354492,19.03499984741211,18.969999313354492,19.030000686645508,42668,0.0,0.0
2024-10-11 11:40:00-04:00,19.024999618530273,19.030000686645508,19.0,19.020000457763672,13751,0.0,0.0
2024-10-11 11:45:00-04:00,19.014999389648438,19.030000686645508,18.989999771118164,19.030000686645508,9889,0.0,0.0
2024-10-11 11:50:00-04:00,19.040000915527344,19.040000915527344,19.0049991607666,19.014999389648438,8540,0.0,0.0
2024-10-11 11:55:00-04:00,19.010000228881836,19.010000228881836,18.969999313354492,18.969999313354492,7397,0.0,0.0
2024-10-11 12:00:00-04:00,18.959999084472656,18.959999084472656,18.93000030517578,18.940000534057617,23705,0.0,0.0
2024-10-11 12:05:00-04:00,18.94499969482422,18.979999542236328,18.940000534057617,18.950000762939453,10401,0.0,0.0
2024-10-11 12:10:00-04:00,18.950000762939453,18.950000762939453,18.934999465942383,18.934999465942383,6342,0.0,0.0
2024-10-11 12:15:00-04:00,18.934999465942383,18.934999465942383,18.899999618530273,18.905000686645508,8806,0.0,0.0
2024-10-11 12:20:00-04:00,18.895000457763672,18.950000762939453,18.895000457763672,18.94499969482422,26694,0.0,0.0
2024-10-11 12:25:00-04:00,18.940000534057617,18.979999542236328,18.934999465942383,18.959999084472656,10981,0.0,0.0
2024-10-11 12:30:00-04:00,18.969999313354492,18.969999313354492,18.940099716186523,18.940099716186523,5287,0.0,0.0
2024-10-11 12:35:00-04:00,18.94499969482422,18.94499969482422,18.915000915527344,18.920000076293945,5248,0.0,0.0
2024-10-11 12:40:00-04:00,18.920000076293945,18.924999237060547,18.90999984741211,18.920000076293945,8723,0.0,0.0
2024-10-11 12:45:00-04:00,18.915000915527344,18.924999237060547,18.899999618530273,18.9237003326416,18121,0.0,0.0
2024-10-11 12:50:00-04:00,18.920000076293945,18.924999237060547,18.899999618530273,18.905000686645508,5104,0.0,0.0
2024-10-11 12:55:00-04:00,18.899999618530273,18.920000076293945,18.889999389648438,18.915000915527344,15713,0.0,0.0
2024-10-11 13:00:00-04:00,18.915000915527344,18.934999465942383,18.90999984741211,18.915000915527344,15022,0.0,0.0
2024-10-11 13:05:00-04:00,18.915000915527344,18.920000076293945,18.899999618530273,18.920000076293945,7427,0.0,0.0
2024-10-11 13:10:00-04:00,18.920000076293945,18.924999237060547,18.915000915527344,18.920000076293945,84186,0.0,0.0
2024-10-11 13:15:00-04:00,18.93000030517578,18.940000534057617,18.915000915527344,18.920000076293945,13323,0.0,0.0
2024-10-11 13:20:00-04:00,18.924999237060547,18.924999237060547,18.895000457763672,18.920000076293945,4734,0.0,0.0
2024-10-11 13:25:00-04:00,18.93000030517578,18.93000030517578,18.915000915527344,18.920000076293945,4818,0.0,0.0
2024-10-11 13:30:00-04:00,18.915000915527344,18.920000076293945,18.889999389648438,18.889999389648438,6056,0.0,0.0
2024-10-11 13:35:00-04:00,18.889999389648438,18.889999389648438,18.860000610351562,18.875,18880,0.0,0.0
2024-10-11 13:40:00-04:00,18.875,18.885000228881836,18.860000610351562,18.860000610351562,12140,0.0,0.0
2024-10-11 13:45:00-04:00,18.8700008392334,18.895000457763672,18.8700008392334,18.895000457763672,7522,0.0,0.0
2024-10-11 13:50:00-04:00,18.895000457763672,18.895000457763672,18.8700008392334,18.8700008392334,17556,0.0,0.0
2024-10-11 13:55:00-04:00,18.864999771118164,18.8700008392334,18.850000381469727,18.864999771118164,20564,0.0,0.0
2024-10-11 14:00:00-04:00,18.864999771118164,18.895000457763672,18.864999771118164,18.895000457763672,6562,0.0,0.0
2024-10-11 14:05:00-04:00,18.889999389648438,18.889999389648438,18.854999542236328,18.8700008392334,7512,0.0,0.0
2024-10-11 14:10:00-04:00,18.8799991607666,18.8799991607666,18.81999969482422,18.81999969482422,23454,0.0,0.0
2024-10-11 14:15:00-04:00,18.81999969482422,18.850000381469727,18.815000534057617,18.844999313354492,20815,0.0,0.0
2024-10-11 14:20:00-04:00,18.844999313354492,18.844999313354492,18.780000686645508,18.80500030517578,19124,0.0,0.0
2024-10-11 14:25:00-04:00,18.80500030517578,18.809999465942383,18.774999618530273,18.780000686645508,6981,0.0,0.0
2024-10-11 14:30:00-04:00,18.780000686645508,18.78499984741211,18.75,18.760000228881836,11753,0.0,0.0
2024-10-11 14:35:00-04:00,18.760000228881836,18.780000686645508,18.709999084472656,18.729999542236328,25931,0.0,0.0
2024-10-11 14:40:00-04:00,18.729999542236328,18.729999542236328,18.71500015258789,18.719999313354492,15329,0.0,0.0
2024-10-11 14:45:00-04:00,18.729999542236328,18.75,18.729999542236328,18.735000610351562,17910,0.0,0.0
2024-10-11 14:50:00-04:00,18.735000610351562,18.735000610351562,18.700000762939453,18.704999923706055,14100,0.0,0.0
2024-10-11 14:55:00-04:00,18.704999923706055,18.719999313354492,18.690000534057617,18.719999313354492,10147,0.0,0.0
2024-10-11 15:00:00-04:00,18.719999313354492,18.719999313354492,18.674999237060547,18.68000030517578,21731,0.0,0.0
2024-10-11 15:05:00-04:00,18.65999984741211,18.719999313354492,18.655000686645508,18.709999084472656,14613,0.0,0.0
2024-10-11 15:10:00-04:00,18.704999923706055,18.719999313354492,18.690000534057617,18.700000762939453,7858,0.0,0.0
2024-10-11 15:15:00-04:00,18.709999084472656,18.71500015258789,18.68000030517578,18.690000534057617,12601,0.0,0.0
2024-10-11 15:20:00-04:00,18.690000534057617,18.71500015258789,18.690000534057617,18.704999923706055,13714,0.0,0.0
2024-10-11 15:25:00-04:00,18.709999084472656,18.725000381469727,18.700000762939453,18.700000762939453,12409,0.0,0.0
2024-10-11 15:30:00-04:00,18.704999923706055,18.729999542236328,18.700000762939453,18.709999084472656,16328,0.0,0.0
2024-10-11 15:35:00-04:00,18.71500015258789,18.719999313354492,18.69499969482422,18.709999084472656,21516,0.0,0.0
2024-10-11 15:40:00-04:00,18.709999084472656,18.7549991607666,18.709999084472656,18.729999542236328,19028,0.0,0.0
2024-10-11 15:45:00-04:00,18.729999542236328,18.7549991607666,18.725000381469727,18.7549991607666,26325,0.0,0.0
2024-10-11 15:50:00-04:00,18.75,18.764999389648438,18.735000610351562,18.739900588989258,66960,0.0,0.0
2024-10-11 15:55:00-04:00,18.735000610351562,18.7549991607666,18.719999313354492,18.729999542236328,145619,0.0,0.0
2024-10-14 09:30:00-04:00,18.549999237060547,18.649999618530273,18.329999923706055,18.399999618530273,209857,0.0,0.0
2024-10-14 09:35:00-04:00,18.3799991607666,18.43000030517578,18.334999084472656,18.360000610351562,24672,0.0,0.0
2024-10-14 09:40:00-04:00,18.3799991607666,18.415000915527344,18.350000381469727,18.40999984741211,16353,0.0,0.0
2024-10-14 09:45:00-04:00,18.43000030517578,18.440000534057617,18.375,18.440000534057617,22775,0.0,0.0
2024-10-14 09:50:00-04:00,18.43000030517578,18.43000030517578,18.360000610351562,18.420000076293945,25644,0.0,0.0
2024-10-14 09:55:00-04:00,18.420000076293945,18.479999542236328,18.40999984741211,18.45599937438965,16345,0.0,0.0
2024-10-14 10:00:00-04:00,18.469999313354492,18.5049991607666,18.450000762939453,18.450000762939453,10373,0.0,0.0
2024-10-14 10:05:00-04:00,18.440000534057617,18.440000534057617,18.3700008392334,18.385000228881836,29628,0.0,0.0
2024-10-14 10:10:00-04:00,18.389999389648438,18.399999618530273,18.309999465942383,18.315000534057617,21136,0.0,0.0
2024-10-14 10:15:00-04:00,18.309999465942383,18.329999923706055,18.274999618530273,18.299999237060547,43578,0.0,0.0
2024-10-14 10:20:00-04:00,18.290000915527344,18.315000534057617,18.270000457763672,18.30500030517578,26697,0.0,0.0
2024-10-14 10:25:00-04:00,18.299999237060547,18.350000381469727,18.299299240112305,18.34000015258789,32819,0.0,0.0
2024-10-14 10:30:00-04:00,18.34000015258789,18.40999984741211,18.31999969482422,18.395000457763672,44587,0.0,0.0
2024-10-14 10:35:00-04:00,18.399999618530273,18.424999237060547,18.3799991607666,18.420000076293945,13784,0.0,0.0
2024-10-14 10:40:00-04:00,18.420000076293945,18.434999465942383,18.375,18.40999984741211,9025,0.0,0.0
2024-10-14 10:45:00-04:00,18.40999984741211,18.44499969482422,18.399900436401367,18.424999237060547,22092,0.0,0.0
2024-10-14 10:50:00-04:00,18.420000076293945,18.424999237060547,18.389999389648438,18.389999389648438,18760,0.0,0.0
2024-10-14 10:55:00-04:00,18.389999389648438,18.40999984741211,18.375,18.399999618530273,26465,0.0,0.0
2024-10-14 11:00:00-04:00,18.39929962158203,18.399999618530273,18.360000610351562,18.389999389648438,15052,0.0,0.0
2024-10-14 11:05:00-04:00,18.389999389648438,18.424999237060547,18.3799991607666,18.424999237060547,13845,0.0,0.0
2024-10-14 11:10:00-04:00,18.420000076293945,18.440000534057617,18.399999618530273,18.40999984741211,6160,0.0,0.0
2024-10-14 11:15:00-04:00,18.420000076293945,18.454999923706055,18.420000076293945,18.434999465942383,39653,0.0,0.0
2024-10-14 11:20:00-04:00,18.440000534057617,18.44890022277832,18.420000076293945,18.420000076293945,11054,0.0,0.0
2024-10-14 11:25:00-04:00,18.420000076293945,18.420000076293945,18.385000228881836,18.389999389648438,10161,0.0,0.0
2024-10-14 11:30:00-04:00,18.389999389648438,18.43000030517578,18.375,18.424999237060547,21868,0.0,0.0
2024-10-14 11:35:00-04:00,18.43000030517578,18.434999465942383,18.40999984741211,18.434999465942383,17202,0.0,0.0
2024-10-14 11:40:00-04:00,18.43000030517578,18.434999465942383,18.40999984741211,18.43199920654297,4868,0.0,0.0
2024-10-14 11:45:00-04:00,18.434999465942383,18.434999465942383,18.40999984741211,18.40999984741211,3408,0.0,0.0
2024-10-14 11:50:00-04:00,18.40999984741211,18.424999237060547,18.395000457763672,18.395000457763672,8169,0.0,0.0
2024-10-14 11:55:00-04:00,18.395000457763672,18.420000076293945,18.395000457763672,18.415000915527344,8842,0.0,0.0
2024-10-14 12:00:00-04:00,18.424999237060547,18.450000762939453,18.424999237060547,18.450000762939453,3217,0.0,0.0
2024-10-14 12:05:00-04:00,18.440000534057617,18.454999923706055,18.440000534057617,18.454999923706055,4514,0.0,0.0
2024-10-14 12:10:00-04:00,18.453100204467773,18.475000381469727,18.453100204467773,18.475000381469727,10829,0.0,0.0
2024-10-14 12:15:00-04:00,18.479999542236328,18.479999542236328,18.459999084472656,18.459999084472656,4889,0.0,0.0
2024-10-14 12:20:00-04:00,18.459999084472656,18.4950008392334,18.459999084472656,18.4950008392334,3570,0.0,0.0
2024-10-14 12:25:00-04:00,18.4950008392334,18.4950008392334,18.454999923706055,18.454999923706055,7959,0.0,0.0
2024-10-14 12:30:00-04:00,18.459999084472656,18.479999542236328,18.454999923706055,18.479999542236328,3207,0.0,0.0
2024-10-14 12:35:00-04:00,18.475000381469727,18.5,18.475000381469727,18.4950008392334,8799,0.0,0.0
2024-10-14 12:40:00-04:00,18.496000289916992,18.5,18.485000610351562,18.485000610351562,2594,0.0,0.0
2024-10-14 12:45:00-04:00,18.485000610351562,18.489999771118164,18.479999542236328,18.489999771118164,6668,0.0,0.0
2024-10-14 12:50:00-04:00,18.489999771118164,18.5,18.48189926147461,18.485000610351562,4301,0.0,0.0
2024-10-14 12:55:00-04:00,18.4950008392334,18.510000228881836,18.4950008392334,18.4950008392334,2826,0.0,0.0
2024-10-14 13:00:00-04:00,18.489999771118164,18.489999771118164,18.454999923706055,18.469999313354492,3848,0.0,0.0
2024-10-14 13:05:00-04:00,18.475000381469727,18.479999542236328,18.454999923706055,18.454999923706055,10351,0.0,0.0
2024-10-14 13:10:00-04:00,18.450000762939453,18.459999084472656,18.440099716186523,18.450000762939453,4259,0.0,0.0
2024-10-14 13:15:00-04:00,18.44499969482422,18.44499969482422,18.420000076293945,18.420000076293945,4469,0.0,0.0
2024-10-14 13:20:00-04:00,18.41990089416504,18.420000076293945,18.400100708007812,18.405000686645508,9257,0.0,0.0
2024-10-14 13:25:00-04:00,18.399999618530273,18.415000915527344,18.399999618530273,18.40999984741211,2987,0.0,0.0
2024-10-14 13:30:00-04:00,18.40999984741211,18.420000076293945,18.405000686645508,18.415000915527344,6869,0.0,0.0
2024-10-14 13:35:00-04:00,18.415000915527344,18.43000030517578,18.415000915527344,18.43000030517578,3575,0.0,0.0
2024-10-14 13:40:00-04:00,18.420000076293945,18.424999237060547,18.40999984741211,18.40999984741211,6415,0.0,0.0
2024-10-14 13:45:00-04:00,18.415000915527344,18.420000076293945,18.405000686645508,18.40999984741211,1979,0.0,0.0
2024-10-14 13:50:00-04:00,18.40999984741211,18.44499969482422,18.40999984741211,18.44499969482422,5745,0.0,0.0
2024-10-14 13:55:00-04:00,18.44499969482422,18.450000762939453,18.434999465942383,18.440000534057617,4954,0.0,0.0
2024-10-14 14:00:00-04:00,18.440000534057617,18.440000534057617,18.420000076293945,18.420000076293945,4281,0.0,0.0
2024-10-14 14:05:00-04:00,18.424999237060547,18.44499969482422,18.424999237060547,18.44499969482422,5999,0.0,0.0
2024-10-14 14:10:00-04:00,18.459999084472656,18.459999084472656,18.459999084472656,18.459999084472656,2166,0.0,0.0
2024-10-14 14:15:00-04:00,18.459999084472656,18.459999084472656,18.434999465942383,18.434999465942383,5405,0.0,0.0
2024-10-14 14:20:00-04:00,18.434999465942383,18.434999465942383,18.40999984741211,18.434999465942383,4489,0.0,0.0
2024-10-14 14:25:00-04:00,18.44499969482422,18.489999771118164,18.44499969482422,18.489999771118164,5997,0.0,0.0
2024-10-14 14:30:00-04:00,18.5,18.514999389648438,18.4950008392334,18.514999389648438,7020,0.0,0.0
2024-10-14 14:35:00-04:00,18.510000228881836,18.520000457763672,18.510000228881836,18.514999389648438,5075,0.0,0.0
2024-10-14 14:40:00-04:00,18.520000457763672,18.540000915527344,18.520000457763672,18.540000915527344,9901,0.0,0.0
2024-10-14 14:45:00-04:00,18.545000076293945,18.545000076293945,18.530099868774414,18.53499984741211,15155,0.0,0.0
2024-10-14 14:50:00-04:00,18.53499984741211,18.540000915527344,18.524999618530273,18.524999618530273,7956,0.0,0.0
2024-10-14 14:55:00-04:00,18.530000686645508,18.53499984741211,18.520000457763672,18.520000457763672,6049,0.0,0.0
2024-10-14 15:00:00-04:00,18.510000228881836,18.530000686645508,18.479999542236328,18.530000686645508,15408,0.0,0.0
2024-10-14 15:05:00-04:00,18.520000457763672,18.520000457763672,18.510000228881836,18.51930046081543,8584,0.0,0.0
2024-10-14 15:10:00-04:00,18.520000457763672,18.54990005493164,18.520000457763672,18.545000076293945,11195,0.0,0.0
2024-10-14 15:15:00-04:00,18.545000076293945,18.545000076293945,18.514999389648438,18.514999389648438,13864,0.0,0.0
2024-10-14 15:20:00-04:00,18.514999389648438,18.514999389648438,18.5049991607666,18.510000228881836,8167,0.0,0.0
2024-10-14 15:25:00-04:00,18.510000228881836,18.510000228881836,18.485000610351562,18.496200561523438,9112,0.0,0.0
2024-10-14 15:30:00-04:00,18.4950008392334,18.5,18.46500015258789,18.469999313354492,11603,0.0,0.0
2024-10-14 15:35:00-04:00,18.46500015258789,18.489999771118164,18.459999084472656,18.489999771118164,7266,0.0,0.0
2024-10-14 15:40:00-04:00,18.5,18.510000228881836,18.469999313354492,18.479999542236328,38358,0.0,0.0
2024-10-14 15:45:00-04:00,18.485000610351562,18.485000610351562,18.459999084472656,18.46500015258789,26765,0.0,0.0
2024-10-14 15:50:00-04:00,18.46500015258789,18.5,18.440000534057617,18.479999542236328,62784,0.0,0.0
2024-10-14 15:55:00-04:00,18.475000381469727,18.475000381469727,18.420000076293945,18.434999465942383,135728,0.0,0.0
2024-10-15 09:30:00-04:00,18.940000534057617,19.5,18.940000534057617,19.18000030517578,392673,0.0,0.0
2024-10-15 09:35:00-04:00,19.139999389648438,19.15999984741211,19.040000915527344,19.1200008392334,63085,0.0,0.0
2024-10-15 09:40:00-04:00,19.1200008392334,19.270000457763672,19.1200008392334,19.25,143519,0.0,0.0
2024-10-15 09:45:00-04:00,19.2549991607666,19.389999389648438,19.25,19.3799991607666,78284,0.0,0.0
2024-10-15 09:50:00-04:00,19.3700008392334,19.389999389648438,19.28499984741211,19.3700008392334,30897,0.0,0.0
2024-10-15 09:55:00-04:00,19.3700008392334,19.3799991607666,19.149999618530273,19.209999084472656,52290,0.0,0.0
2024-10-15 10:00:00-04:00,19.209999084472656,19.3700008392334,19.206100463867188,19.270000457763672,63018,0.0,0.0
2024-10-15 10:05:00-04:00,19.270000457763672,19.489999771118164,19.2549991607666,19.489999771118164,112694,0.0,0.0
2024-10-15 10:10:00-04:00,19.489999771118164,19.5,19.31999969482422,19.334999084472656,113319,0.0,0.0
2024-10-15 10:15:00-04:00,19.31999969482422,19.43000030517578,19.309999465942383,19.389999389648438,56861,0.0,0.0
2024-10-15 10:20:00-04:00,19.385000228881836,19.385000228881836,19.31999969482422,19.34000015258789,48098,0.0,0.0
2024-10-15 10:25:00-04:00,19.329999923706055,19.415000915527344,19.309999465942383,19.40999984741211,32758,0.0,0.0
2024-10-15 10:30:00-04:00,19.405000686645508,19.405000686645508,19.264999389648438,19.290000915527344,70693,0.0,0.0
2024-10-15 10:35:00-04:00,19.280000686645508,19.299999237060547,19.190000534057617,19.21940040588379,57968,0.0,0.0
2024-10-15 10:40:00-04:00,19.209999084472656,19.40999984741211,19.184999465942383,19.389999389648438,87740,0.0,0.0
2024-10-15 10:45:00-04:00,19.389999389648438,19.560100555419922,19.360000610351562,19.55500030517578,111506,0.0,0.0
2024-10-15 10:50:00-04:00,19.55500030517578,19.579999923706055,19.5,19.579999923706055,78387,0.0,0.0
2024-10-15 10:55:00-04:00,19.579999923706055,19.610000610351562,19.510000228881836,19.545000076293945,85929,0.0,0.0
2024-10-15 11:00:00-04:00,19.545000076293945,19.649999618530273,19.53499984741211,19.649999618530273,94462,0.0,0.0
2024-10-15 11:05:00-04:00,19.639999389648438,19.649999618530273,19.579999923706055,19.59000015258789,80594,0.0,0.0
2024-10-15 11:10:00-04:00,19.600000381469727,19.655000686645508,19.53499984741211,19.53499984741211,68281,0.0,0.0
2024-10-15 11:15:00-04:00,19.549999237060547,19.59000015258789,19.53499984741211,19.575000762939453,25656,0.0,0.0
2024-10-15 11:20:00-04:00,19.56999969482422,19.584999084472656,19.545000076293945,19.55500030517578,136175,0.0,0.0
2024-10-15 11:25:00-04:00,19.549999237060547,19.56999969482422,19.530000686645508,19.565000534057617,32858,0.0,0.0
2024-10-15 11:30:00-04:00,19.559999465942383,19.56999969482422,19.4950008392334,19.5049991607666,38312,0.0,0.0
2024-10-15 11:35:00-04:00,19.5,19.565000534057617,19.475000381469727,19.559999465942383,58526,0.0,0.0
2024-10-15 11:40:00-04:00,19.55500030517578,19.635000228881836,19.55500030517578,19.6299991607666,58252,0.0,0.0
2024-10-15 11:45:00-04:00,19.6299991607666,19.690000534057617,19.614999771118164,19.65999984741211,49725,0.0,0.0
2024-10-15 11:50:00-04:00,19.68000030517578,19.690000534057617,19.65999984741211,19.690000534057617,17279,0.0,0.0
2024-10-15 11:55:00-04:00,19.69499969482422,19.719999313354492,19.670000076293945,19.690000534057617,63621,0.0,0.0
2024-10-15 12:00:00-04:00,19.690000534057617,19.700000762939453,19.674999237060547,19.700000762939453,7007,0.0,0.0
2024-10-15 12:05:00-04:00,19.700000762939453,19.735000610351562,19.700000762939453,19.735000610351562,7048,0.0,0.0
2024-10-15 12:10:00-04:00,19.735000610351562,19.839000701904297,19.735000610351562,19.809999465942383,38781,0.0,0.0
2024-10-15 12:15:00-04:00,19.809999465942383,19.81999969482422,19.790000915527344,19.809999465942383,17266,0.0,0.0
2024-10-15 12:20:00-04:00,19.799999237060547,19.834999084472656,19.799999237060547,19.81999969482422,21238,0.0,0.0
2024-10-15 12:25:00-04:00,19.81999969482422,19.864999771118164,19.790000915527344,19.864999771118164,32260,0.0,0.0
2024-10-15 12:30:00-04:00,19.8700008392334,19.88990020751953,19.83989906311035,19.875,14071,0.0,0.0
2024-10-15 12:35:00-04:00,19.885000228881836,19.901500701904297,19.854999542236328,19.860000610351562,33084,0.0,0.0
2024-10-15 12:40:00-04:00,19.860000610351562,19.864999771118164,19.795000076293945,19.84000015258789,16823,0.0,0.0
2024-10-15 12:45:00-04:00,19.850000381469727,19.90999984741211,19.844999313354492,19.899999618530273,27124,0.0,0.0
2024-10-15 12:50:00-04:00,19.889999389648438,19.920000076293945,19.880699157714844,19.920000076293945,12545,0.0,0.0
2024-10-15 12:55:00-04:00,19.920000076293945,19.922922134399414,19.829999923706055,19.829999923706055,13388,0.0,0.0
2024-10-15 13:00:00-04:00,19.834999084472656,19.8799991607666,19.825000762939453,19.825000762939453,18699,0.0,0.0
2024-10-15 13:05:00-04:00,19.829999923706055,19.844999313354492,19.739999771118164,19.739999771118164,44794,0.0,0.0
2024-10-15 13:10:00-04:00,19.7450008392334,19.770000457763672,19.709999084472656,19.770000457763672,20654,0.0,0.0
2024-10-15 13:15:00-04:00,19.770000457763672,19.790000915527344,19.75,19.770000457763672,23781,0.0,0.0
2024-10-15 13:20:00-04:00,19.760000228881836,19.770000457763672,19.7450008392334,19.75,8401,0.0,0.0
2024-10-15 13:25:00-04:00,19.739999771118164,19.770000457763672,19.73900032043457,19.770000457763672,10312,0.0,0.0
2024-10-15 13:30:00-04:00,19.78499984741211,19.815000534057617,19.770000457763672,19.770000457763672,7982,0.0,0.0
2024-10-15 13:35:00-04:00,19.770000457763672,19.774999618530273,19.725000381469727,19.7450008392334,8734,0.0,0.0
2024-10-15 13:40:00-04:00,19.7549991607666,19.799999237060547,19.729999542236328,19.790000915527344,53139,0.0,0.0
2024-10-15 13:45:00-04:00,19.790000915527344,19.809999465942383,19.78499984741211,19.790000915527344,23699,0.0,0.0
2024-10-15 13:50:00-04:00,19.78499984741211,19.889999389648438,19.78499984741211,19.875,43983,0.0,0.0
2024-10-15 13:55:00-04:00,19.8799991607666,19.8799991607666,19.81999969482422,19.81999969482422,36259,0.0,0.0
2024-10-15 14:00:00-04:00,19.81999969482422,19.84000015258789,19.799999237060547,19.799999237060547,8711,0.0,0.0
2024-10-15 14:05:00-04:00,19.790000915527344,19.790000915527344,19.690000534057617,19.704999923706055,48344,0.0,0.0
2024-10-15 14:10:00-04:00,19.709999084472656,19.75,19.68000030517578,19.68000030517578,18887,0.0,0.0
2024-10-15 14:15:00-04:00,19.67099952697754,19.690000534057617,19.639999389648438,19.649999618530273,31446,0.0,0.0
2024-10-15 14:20:00-04:00,19.649999618530273,19.690000534057617,19.649999618530273,19.690000534057617,13100,0.0,0.0
2024-10-15 14:25:00-04:00,19.690000534057617,19.704999923706055,19.684999465942383,19.690000534057617,19729,0.0,0.0
2024-10-15 14:30:00-04:00,19.700000762939453,19.719999313354492,19.700000762939453,19.71500015258789,17912,0.0,0.0
2024-10-15 14:35:00-04:00,19.71500015258789,19.719999313354492,19.684999465942383,19.709999084472656,8104,0.0,0.0
2024-10-15 14:40:00-04:00,19.71500015258789,19.75,19.69499969482422,19.75,9188,0.0,0.0
2024-10-15 14:45:00-04:00,19.7450008392334,19.7450008392334,19.690000534057617,19.690000534057617,12015,0.0,0.0
2024-10-15 14:50:00-04:00,19.709999084472656,19.738300323486328,19.690000534057617,19.729999542236328,9679,0.0,0.0
2024-10-15 14:55:00-04:00,19.735000610351562,19.760000228881836,19.725000381469727,19.7549991607666,17181,0.0,0.0
2024-10-15 15:00:00-04:00,19.760000228881836,19.799999237060547,19.739999771118164,19.774999618530273,26624,0.0,0.0
2024-10-15 15:05:00-04:00,19.774999618530273,19.774999618530273,19.709999084472656,19.729999542236328,15239,0.0,0.0
2024-10-15 15:10:00-04:00,19.725000381469727,19.739999771118164,19.670000076293945,19.684999465942383,17940,0.0,0.0
2024-10-15 15:15:00-04:00,19.684999465942383,19.690000534057617,19.639999389648438,19.690000534057617,33409,0.0,0.0
2024-10-15 15:20:00-04:00,19.690000534057617,19.700000762939453,19.635000228881836,19.665000915527344,26629,0.0,0.0
2024-10-15 15:25:00-04:00,19.670000076293945,19.709999084472656,19.65999984741211,19.704999923706055,32481,0.0,0.0
2024-10-15 15:30:00-04:00,19.704999923706055,19.75,19.69499969482422,19.71500015258789,100729,0.0,0.0
2024-10-15 15:35:00-04:00,19.719999313354492,19.735000610351562,19.674999237060547,19.71500015258789,30579,0.0,0.0
2024-10-15 15:40:00-04:00,19.719999313354492,19.735000610351562,19.684999465942383,19.704999923706055,25843,0.0,0.0
2024-10-15 15:45:00-04:00,19.704999923706055,19.739999771118164,19.704999923706055,19.71500015258789,44017,0.0,0.0
2024-10-15 15:50:00-04:00,19.719999313354492,19.7549991607666,19.700000762939453,19.7549991607666,39017,0.0,0.0
2024-10-15 15:55:00-04:00,19.75,19.7549991607666,19.674999237060547,19.700000762939453,138811,0.0,0.0
2024-10-16 09:30:00-04:00,19.690000534057617,19.739999771118164,19.450000762939453,19.729999542236328,284564,0.0,0.0
2024-10-16 09:35:00-04:00,19.719999313354492,19.719999313354492,19.59000015258789,19.690000534057617,31258,0.0,0.0
2024-10-16 09:40:00-04:00,19.670000076293945,19.709999084472656,19.600000381469727,19.610000610351562,50988,0.0,0.0
2024-10-16 09:45:00-04:00,19.600000381469727,19.639999389648438,19.52199935913086,19.559999465942383,29225,0.0,0.0
2024-10-16 09:50:00-04:00,19.549999237060547,19.565000534057617,19.479999542236328,19.5,29473,0.0,0.0
2024-10-16 09:55:00-04:00,19.5,19.549999237060547,19.46500015258789,19.5,30607,0.0,0.0
2024-10-16 10:00:00-04:00,19.5,19.559999465942383,19.479999542236328,19.4950008392334,17640,0.0,0.0
2024-10-16 10:05:00-04:00,19.5,19.549999237060547,19.460100173950195,19.53499984741211,16107,0.0,0.0
2024-10-16 10:10:00-04:00,19.530000686645508,19.579999923706055,19.530000686645508,19.540000915527344,20293,0.0,0.0
2024-10-16 10:15:00-04:00,19.540000915527344,19.610000610351562,19.520000457763672,19.565000534057617,30057,0.0,0.0
2024-10-16 10:20:00-04:00,19.559999465942383,19.56999969482422,19.5,19.5,12719,0.0,0.0
2024-10-16 10:25:00-04:00,19.5049991607666,19.56999969482422,19.489999771118164,19.524999618530273,11716,0.0,0.0
2024-10-16 10:30:00-04:00,19.520000457763672,19.614999771118164,19.520000457763672,19.575000762939453,33421,0.0,0.0
2024-10-16 10:35:00-04:00,19.584999084472656,19.594999313354492,19.53499984741211,19.56999969482422,16604,0.0,0.0
2024-10-16 10:40:00-04:00,19.56999969482422,19.610000610351562,19.520000457763672,19.600000381469727,37519,0.0,0.0
2024-10-16 10:45:00-04:00,19.604999542236328,19.649999618530273,19.594999313354492,19.6299991607666,19493,0.0,0.0
2024-10-16 10:50:00-04:00,19.625,19.670000076293945,19.614999771118164,19.65999984741211,15849,0.0,0.0
2024-10-16 10:55:00-04:00,19.65999984741211,19.690000534057617,19.649999618530273,19.690000534057617,16684,0.0,0.0
2024-10-16 11:00:00-04:00,19.700000762939453,19.704999923706055,19.670000076293945,19.670000076293945,21865,0.0,0.0
2024-10-16 11:05:00-04:00,19.67060089111328,19.71500015258789,19.65999984741211,19.709999084472656,23056,0.0,0.0
2024-10-16 11:10:00-04:00,19.71500015258789,19.71500015258789,19.690000534057617,19.704999923706055,20050,0.0,0.0
2024-10-16 11:15:00-04:00,19.704999923706055,19.725000381469727,19.704999923706055,19.709999084472656,34020,0.0,0.0
2024-10-16 11:20:00-04:00,19.704999923706055,19.704999923706055,19.670000076293945,19.68000030517578,21438,0.0,0.0
2024-10-16 11:25:00-04:00,19.670000076293945,19.670000076293945,19.6200008392334,19.65999984741211,37995,0.0,0.0
2024-10-16 11:30:00-04:00,19.65999984741211,19.674999237060547,19.639999389648438,19.639999389648438,30831,0.0,0.0
2024-10-16 11:35:00-04:00,19.6299991607666,19.6299991607666,19.56999969482422,19.56999969482422,40479,0.0,0.0
2024-10-16 11:40:00-04:00,19.579999923706055,19.604999542236328,19.575000762939453,19.575000762939453,34348,0.0,0.0
2024-10-16 11:45:00-04:00,19.56999969482422,19.604999542236328,19.565000534057617,19.604999542236328,28232,0.0,0.0
2024-10-16 11:50:00-04:00,19.610000610351562,19.610000610351562,19.575000762939453,19.59000015258789,8851,0.0,0.0
2024-10-16 11:55:00-04:00,19.584999084472656,19.639999389648438,19.584999084472656,19.639999389648438,12636,0.0,0.0
2024-10-16 12:00:00-04:00,19.639999389648438,19.68000030517578,19.639999389648438,19.655000686645508,17861,0.0,0.0
2024-10-16 12:05:00-04:00,19.649999618530273,19.65999984741211,19.635000228881836,19.649999618530273,3790,0.0,0.0
2024-10-16 12:10:00-04:00,19.649999618530273,19.685300827026367,19.645000457763672,19.674999237060547,7013,0.0,0.0
2024-10-16 12:15:00-04:00,19.689899444580078,19.689899444580078,19.665000915527344,19.670000076293945,8461,0.0,0.0
2024-10-16 12:20:00-04:00,19.670000076293945,19.689300537109375,19.665000915527344,19.68000030517578,4348,0.0,0.0
2024-10-16 12:25:00-04:00,19.684999465942383,19.684999465942383,19.65999984741211,19.670000076293945,4494,0.0,0.0
2024-10-16 12:30:00-04:00,19.674999237060547,19.674999237060547,19.659900665283203,19.65999984741211,6980,0.0,0.0
2024-10-16 12:35:00-04:00,19.65999984741211,19.690000534057617,19.645000457763672,19.690000534057617,4286,0.0,0.0
2024-10-16 12:40:00-04:00,19.690000534057617,19.69499969482422,19.670000076293945,19.68000030517578,9918,0.0,0.0
2024-10-16 12:45:00-04:00,19.68000030517578,19.704999923706055,19.674999237060547,19.704999923706055,15332,0.0,0.0
2024-10-16 12:50:00-04:00,19.709999084472656,19.71500015258789,19.700000762939453,19.704999923706055,4935,0.0,0.0
2024-10-16 12:55:00-04:00,19.700000762939453,19.71500015258789,19.69499969482422,19.71500015258789,8552,0.0,0.0
2024-10-16 13:00:00-04:00,19.71500015258789,19.719999313354492,19.704999923706055,19.704999923706055,4820,0.0,0.0
2024-10-16 13:05:00-04:00,19.704999923706055,19.704999923706055,19.65999984741211,19.665000915527344,3984,0.0,0.0
2024-10-16 13:10:00-04:00,19.674999237060547,19.69499969482422,19.65999984741211,19.65999984741211,8522,0.0,0.0
2024-10-16 13:15:00-04:00,19.65999984741211,19.670000076293945,19.65999984741211,19.665000915527344,2471,0.0,0.0
2024-10-16 13:20:00-04:00,19.670000076293945,19.690000534057617,19.670000076293945,19.684999465942383,4909,0.0,0.0
2024-10-16 13:25:00-04:00,19.690000534057617,19.690000534057617,19.68000030517578,19.68000030517578,5122,0.0,0.0
2024-10-16 13:30:00-04:00,19.674999237060547,19.700000762939453,19.65999984741211,19.700000762939453,9563,0.0,0.0
2024-10-16 13:35:00-04:00,19.700000762939453,19.709999084472656,19.690000534057617,19.709999084472656,3270,0.0,0.0
2024-10-16 13:40:00-04:00,19.709999084472656,19.725000381469727,19.704999923706055,19.719999313354492,7768,0.0,0.0
2024-10-16 13:45:00-04:00,19.719999313354492,19.729999542236328,19.719999313354492,19.729999542236328,13657,0.0,0.0
2024-10-16 13:50:00-04:00,19.735000610351562,19.78499984741211,19.735000610351562,19.770000457763672,17420,0.0,0.0
2024-10-16 13:55:00-04:00,19.770000457763672,19.78499984741211,19.7549991607666,19.760000228881836,21057,0.0,0.0
2024-10-16 14:00:00-04:00,19.760000228881836,19.774999618530273,19.7450008392334,19.7450008392334,11900,0.0,0.0
2024-10-16 14:05:00-04:00,19.75,19.780000686645508,19.7450008392334,19.774999618530273,12681,0.0,0.0
2024-10-16 14:10:00-04:00,19.770000457763672,19.78499984741211,19.764999389648438,19.780000686645508,11555,0.0,0.0
2024-10-16 14:15:00-04:00,19.774999618530273,19.78499984741211,19.760000228881836,19.764999389648438,4165,0.0,0.0
2024-10-16 14:20:00-04:00,19.770000457763672,19.789899826049805,19.760700225830078,19.789899826049805,13124,0.0,0.0
2024-10-16 14:25:00-04:00,19.78499984741211,19.799999237060547,19.770000457763672,19.78499984741211,16027,0.0,0.0
2024-10-16 14:30:00-04:00,19.790000915527344,19.790000915527344,19.75,19.7549991607666,17146,0.0,0.0
2024-10-16 14:35:00-04:00,19.75,19.75,19.709999084472656,19.739999771118164,10986,0.0,0.0
2024-10-16 14:40:00-04:00,19.729999542236328,19.729999542236328,19.700000762939453,19.700000762939453,6670,0.0,0.0
2024-10-16 14:45:00-04:00,19.700000762939453,19.71500015258789,19.69499969482422,19.71500015258789,11553,0.0,0.0
2024-10-16 14:50:00-04:00,19.71500015258789,19.725000381469727,19.69499969482422,19.69499969482422,8066,0.0,0.0
2024-10-16 14:55:00-04:00,19.690000534057617,19.71500015258789,19.684999465942383,19.704999923706055,10563,0.0,0.0
2024-10-16 15:00:00-04:00,19.704999923706055,19.735000610351562,19.704999923706055,19.735000610351562,8396,0.0,0.0
2024-10-16 15:05:00-04:00,19.729999542236328,19.735000610351562,19.68000030517578,19.68000030517578,14958,0.0,0.0
2024-10-16 15:10:00-04:00,19.684999465942383,19.704999923706055,19.68000030517578,19.684999465942383,4532,0.0,0.0
2024-10-16 15:15:00-04:00,19.68000030517578,19.69499969482422,19.674999237060547,19.68000030517578,26273,0.0,0.0
2024-10-16 15:20:00-04:00,19.68000030517578,19.684999465942383,19.639999389648438,19.645000457763672,12373,0.0,0.0
2024-10-16 15:25:00-04:00,19.645000457763672,19.645000457763672,19.635000228881836,19.639999389648438,13623,0.0,0.0
2024-10-16 15:30:00-04:00,19.639999389648438,19.674999237060547,19.625,19.665000915527344,30613,0.0,0.0
2024-10-16 15:35:00-04:00,19.665000915527344,19.690000534057617,19.665000915527344,19.674999237060547,16130,0.0,0.0
2024-10-16 15:40:00-04:00,19.68000030517578,19.69499969482422,19.665000915527344,19.670000076293945,19645,0.0,0.0
2024-10-16 15:45:00-04:00,19.665000915527344,19.665000915527344,19.645000457763672,19.645000457763672,27653,0.0,0.0
2024-10-16 15:50:00-04:00,19.639999389648438,19.639999389648438,19.559999465942383,19.565000534057617,50099,0.0,0.0
2024-10-16 15:55:00-04:00,19.565000534057617,19.59000015258789,19.545000076293945,19.549999237060547,131715,0.0,0.0
2024-10-17 09:30:00-04:00,19.760000228881836,19.899999618530273,19.43000030517578,19.479999542236328,128582,0.0,0.0
2024-10-17 09:35:00-04:00,19.5,19.59000015258789,19.469999313354492,19.559999465942383,23466,0.0,0.0
2024-10-17 09:40:00-04:00,19.549999237060547,19.670000076293945,19.545000076293945,19.65999984741211,26494,0.0,0.0
2024-10-17 09:45:00-04:00,19.639999389648438,19.690000534057617,19.610000610351562,19.610000610351562,21288,0.0,0.0
2024-10-17 09:50:00-04:00,19.6200008392334,19.719999313354492,19.6200008392334,19.719999313354492,22531,0.0,0.0
2024-10-17 09:55:00-04:00,19.719999313354492,19.790000915527344,19.670000076293945,19.670000076293945,28023,0.0,0.0
2024-10-17 10:00:00-04:00,19.684999465942383,19.709999084472656,19.540000915527344,19.625,33050,0.0,0.0
2024-10-17 10:05:00-04:00,19.6299991607666,19.670000076293945,19.6200008392334,19.649999618530273,17950,0.0,0.0
2024-10-17 10:10:00-04:00,19.639999389648438,19.690000534057617,19.6299991607666,19.645000457763672,20072,0.0,0.0
2024-10-17 10:15:00-04:00,19.649999618530273,19.655000686645508,19.600000381469727,19.635000228881836,15483,0.0,0.0
2024-10-17 10:20:00-04:00,19.649999618530273,19.71500015258789,19.645000457763672,19.704999923706055,37849,0.0,0.0
2024-10-17 10:25:00-04:00,19.700000762939453,19.700000762939453,19.604999542236328,19.604999542236328,8630,0.0,0.0
2024-10-17 10:30:00-04:00,19.604999542236328,19.635000228881836,19.56999969482422,19.614999771118164,26350,0.0,0.0
2024-10-17 10:35:00-04:00,19.614999771118164,19.614999771118164,19.579999923706055,19.594999313354492,6190,0.0,0.0
2024-10-17 10:40:00-04:00,19.600000381469727,19.625,19.549999237060547,19.559999465942383,11870,0.0,0.0
2024-10-17 10:45:00-04:00,19.559999465942383,19.56999969482422,19.559999465942383,19.559999465942383,13895,0.0,0.0
2024-10-17 10:50:00-04:00,19.55500030517578,19.559999465942383,19.545000076293945,19.55500030517578,11425,0.0,0.0
2024-10-17 10:55:00-04:00,19.55500030517578,19.559999465942383,19.524999618530273,19.524999618530273,11993,0.0,0.0
2024-10-17 11:00:00-04:00,19.524999618530273,19.524999618530273,19.475000381469727,19.479999542236328,7061,0.0,0.0
2024-10-17 11:05:00-04:00,19.479999542236328,19.4950008392334,19.459999084472656,19.4950008392334,5995,0.0,0.0
2024-10-17 11:10:00-04:00,19.510000228881836,19.510000228881836,19.475000381469727,19.485000610351562,9193,0.0,0.0
2024-10-17 11:15:00-04:00,19.485000610351562,19.579999923706055,19.485000610351562,19.579999923706055,14811,0.0,0.0
2024-10-17 11:20:00-04:00,19.56999969482422,19.610000610351562,19.559999465942383,19.594999313354492,17073,0.0,0.0
2024-10-17 11:25:00-04:00,19.604999542236328,19.635000228881836,19.604999542236328,19.6200008392334,15294,0.0,0.0
2024-10-17 11:30:00-04:00,19.6200008392334,19.6200008392334,19.579999923706055,19.614999771118164,26784,0.0,0.0
2024-10-17 11:35:00-04:00,19.610000610351562,19.635000228881836,19.59000015258789,19.59000015258789,45613,0.0,0.0
2024-10-17 11:40:00-04:00,19.59000015258789,19.594999313354492,19.56999969482422,19.56999969482422,9858,0.0,0.0
2024-10-17 11:45:00-04:00,19.565000534057617,19.565000534057617,19.520000457763672,19.530000686645508,5182,0.0,0.0
2024-10-17 11:50:00-04:00,19.525999069213867,19.540000915527344,19.520000457763672,19.520000457763672,2355,0.0,0.0
2024-10-17 11:55:00-04:00,19.521799087524414,19.545000076293945,19.510000228881836,19.545000076293945,8432,0.0,0.0
2024-10-17 12:00:00-04:00,19.540000915527344,19.540000915527344,19.5,19.5,8592,0.0,0.0
2024-10-17 12:05:00-04:00,19.514999389648438,19.524999618530273,19.5,19.510000228881836,3209,0.0,0.0
2024-10-17 12:10:00-04:00,19.520000457763672,19.520000457763672,19.489999771118164,19.5,8245,0.0,0.0
2024-10-17 12:15:00-04:00,19.5,19.510000228881836,19.4950008392334,19.510000228881836,23379,0.0,0.0
2024-10-17 12:20:00-04:00,19.5049991607666,19.514999389648438,19.5,19.514999389648438,18175,0.0,0.0
2024-10-17 12:25:00-04:00,19.514999389648438,19.524999618530273,19.510000228881836,19.524999618530273,6113,0.0,0.0
2024-10-17 12:30:00-04:00,19.520000457763672,19.524999618530273,19.514999389648438,19.520000457763672,1920,0.0,0.0
2024-10-17 12:35:00-04:00,19.520000457763672,19.524999618530273,19.5049991607666,19.524999618530273,5252,0.0,0.0
2024-10-17 12:40:00-04:00,19.530000686645508,19.53499984741211,19.530000686645508,19.530000686645508,3783,0.0,0.0
2024-10-17 12:45:00-04:00,19.530000686645508,19.56999969482422,19.524999618530273,19.56999969482422,3764,0.0,0.0
2024-10-17 12:50:00-04:00,19.56999969482422,19.59869956970215,19.549999237060547,19.549999237060547,28318,0.0,0.0
2024-10-17 12:55:00-04:00,19.559999465942383,19.575000762939453,19.545000076293945,19.545000076293945,3573,0.0,0.0
2024-10-17 13:00:00-04:00,19.549999237060547,19.549999237060547,19.520000457763672,19.524999618530273,7534,0.0,0.0
2024-10-17 13:05:00-04:00,19.540000915527344,19.575000762939453,19.540000915527344,19.55500030517578,19738,0.0,0.0
2024-10-17 13:10:00-04:00,19.549999237060547,19.55500030517578,19.545000076293945,19.545000076293945,2425,0.0,0.0
2024-10-17 13:15:00-04:00,19.545000076293945,19.56999969482422,19.540000915527344,19.559999465942383,7381,0.0,0.0
2024-10-17 13:20:00-04:00,19.559999465942383,19.579999923706055,19.559999465942383,19.579999923706055,2262,0.0,0.0
2024-10-17 13:25:00-04:00,19.584999084472656,19.59000015258789,19.579999923706055,19.584999084472656,8392,0.0,0.0
2024-10-17 13:30:00-04:00,19.584999084472656,19.59000015258789,19.579999923706055,19.584999084472656,3678,0.0,0.0
2024-10-17 13:35:00-04:00,19.59000015258789,19.600000381469727,19.575000762939453,19.600000381469727,4610,0.0,0.0
2024-10-17 13:40:00-04:00,19.594999313354492,19.610000610351562,19.579999923706055,19.584999084472656,8987,0.0,0.0
2024-10-17 13:45:00-04:00,19.584999084472656,19.604999542236328,19.584999084472656,19.594999313354492,5682,0.0,0.0
2024-10-17 13:50:00-04:00,19.600000381469727,19.610000610351562,19.600000381469727,19.604999542236328,6272,0.0,0.0
2024-10-17 13:55:00-04:00,19.604999542236328,19.615999221801758,19.594999313354492,19.600000381469727,11562,0.0,0.0
2024-10-17 14:00:00-04:00,19.594999313354492,19.600000381469727,19.565000534057617,19.565000534057617,10000,0.0,0.0
2024-10-17 14:05:00-04:00,19.559999465942383,19.559999465942383,19.530000686645508,19.530000686645508,8954,0.0,0.0
2024-10-17 14:10:00-04:00,19.530000686645508,19.53499984741211,19.514999389648438,19.530000686645508,7666,0.0,0.0
2024-10-17 14:15:00-04:00,19.530000686645508,19.530000686645508,19.5049991607666,19.5049991607666,7046,0.0,0.0
2024-10-17 14:20:00-04:00,19.5049991607666,19.510000228881836,19.5049991607666,19.5049991607666,2613,0.0,0.0
2024-10-17 14:25:00-04:00,19.510000228881836,19.545000076293945,19.510000228881836,19.530000686645508,8160,0.0,0.0
2024-10-17 14:30:00-04:00,19.530000686645508,19.559999465942383,19.530000686645508,19.549999237060547,5560,0.0,0.0
2024-10-17 14:35:00-04:00,19.549999237060547,19.565000534057617,19.549999237060547,19.559999465942383,3233,0.0,0.0
2024-10-17 14:40:00-04:00,19.56999969482422,19.575000762939453,19.55500030517578,19.559999465942383,8346,0.0,0.0
2024-10-17 14:45:00-04:00,19.559999465942383,19.579999923706055,19.559999465942383,19.56999969482422,4277,0.0,0.0
2024-10-17 14:50:00-04:00,19.565000534057617,19.56999969482422,19.545000076293945,19.545000076293945,5936,0.0,0.0
2024-10-17 14:55:00-04:00,19.545000076293945,19.55500030517578,19.540000915527344,19.549999237060547,3802,0.0,0.0
2024-10-17 15:00:00-04:00,19.55500030517578,19.55500030517578,19.510000228881836,19.514999389648438,5422,0.0,0.0
2024-10-17 15:05:00-04:00,19.514999389648438,19.514999389648438,19.485000610351562,19.489999771118164,4215,0.0,0.0
2024-10-17 15:10:00-04:00,19.489999771118164,19.489999771118164,19.469999313354492,19.475000381469727,3985,0.0,0.0
2024-10-17 15:15:00-04:00,19.479999542236328,19.479999542236328,19.459999084472656,19.469900131225586,4221,0.0,0.0
2024-10-17 15:20:00-04:00,19.459999084472656,19.459999084472656,19.424999237060547,19.43000030517578,8136,0.0,0.0
2024-10-17 15:25:00-04:00,19.424999237060547,19.424999237060547,19.399999618530273,19.420000076293945,13551,0.0,0.0
2024-10-17 15:30:00-04:00,19.40999984741211,19.40999984741211,19.375,19.375,7871,0.0,0.0
2024-10-17 15:35:00-04:00,19.3799991607666,19.420000076293945,19.364999771118164,19.420000076293945,15349,0.0,0.0
2024-10-17 15:40:00-04:00,19.420000076293945,19.420000076293945,19.375,19.3799991607666,41601,0.0,0.0
2024-10-17 15:45:00-04:00,19.3799991607666,19.469999313354492,19.364999771118164,19.459999084472656,77398,0.0,0.0
2024-10-17 15:50:00-04:00,19.454999923706055,19.459999084472656,19.399999618530273,19.434999465942383,88682,0.0,0.0
2024-10-17 15:55:00-04:00,19.43000030517578,19.479999542236328,19.424999237060547,19.475000381469727,91145,0.0,0.0
2024-10-18 09:30:00-04:00,19.520000457763672,19.530000686645508,19.229999542236328,19.270000457763672,139750,0.0,0.0
2024-10-18 09:35:00-04:00,19.260000228881836,19.329999923706055,19.219999313354492,19.299999237060547,27266,0.0,0.0
2024-10-18 09:40:00-04:00,19.299999237060547,19.329999923706055,19.25,19.329999923706055,18784,0.0,0.0
2024-10-18 09:45:00-04:00,19.329999923706055,19.329999923706055,19.229999542236328,19.25,25972,0.0,0.0
2024-10-18 09:50:00-04:00,19.260000228881836,19.270000457763672,19.219999313354492,19.219999313354492,38146,0.0,0.0
2024-10-18 09:55:00-04:00,19.225000381469727,19.28499984741211,19.19300079345703,19.260000228881836,12950,0.0,0.0
2024-10-18 10:00:00-04:00,19.270000457763672,19.299999237060547,19.25,19.295000076293945,18360,0.0,0.0
2024-10-18 10:05:00-04:00,19.299999237060547,19.299999237060547,19.2450008392334,19.270000457763672,14375,0.0,0.0
2024-10-18 10:10:00-04:00,19.260000228881836,19.270000457763672,19.25,19.260000228881836,9032,0.0,0.0
2024-10-18 10:15:00-04:00,19.270000457763672,19.360000610351562,19.270000457763672,19.360000610351562,17658,0.0,0.0
2024-10-18 10:20:00-04:00,19.360000610351562,19.364999771118164,19.34000015258789,19.350000381469727,12623,0.0,0.0
2024-10-18 10:25:00-04:00,19.360000610351562,19.360000610351562,19.315000534057617,19.354999542236328,10582,0.0,0.0
2024-10-18 10:30:00-04:00,19.360000610351562,19.420000076293945,19.354999542236328,19.420000076293945,15776,0.0,0.0
2024-10-18 10:35:00-04:00,19.40999984741211,19.40999984741211,19.364999771118164,19.405000686645508,10296,0.0,0.0
2024-10-18 10:40:00-04:00,19.415000915527344,19.420000076293945,19.385000228881836,19.405000686645508,5571,0.0,0.0
2024-10-18 10:45:00-04:00,19.399999618530273,19.399999618530273,19.3700008392334,19.3799991607666,9010,0.0,0.0
2024-10-18 10:50:00-04:00,19.360000610351562,19.385000228881836,19.354999542236328,19.375,9574,0.0,0.0
2024-10-18 10:55:00-04:00,19.3700008392334,19.3700008392334,19.334999084472656,19.334999084472656,11996,0.0,0.0
2024-10-18 11:00:00-04:00,19.344999313354492,19.354999542236328,19.329999923706055,19.350000381469727,7552,0.0,0.0
2024-10-18 11:05:00-04:00,19.344999313354492,19.364999771118164,19.34000015258789,19.350000381469727,9454,0.0,0.0
2024-10-18 11:10:00-04:00,19.354999542236328,19.360000610351562,19.334999084472656,19.354999542236328,11697,0.0,0.0
2024-10-18 11:15:00-04:00,19.360000610351562,19.360000610351562,19.329999923706055,19.34000015258789,7476,0.0,0.0
2024-10-18 11:20:00-04:00,19.34000015258789,19.34000015258789,19.299999237060547,19.309999465942383,13360,0.0,0.0
2024-10-18 11:25:00-04:00,19.31999969482422,19.3700008392334,19.31999969482422,19.360000610351562,6705,0.0,0.0
2024-10-18 11:30:00-04:00,19.360000610351562,19.3799991607666,19.325000762939453,19.334999084472656,19521,0.0,0.0
2024-10-18 11:35:00-04:00,19.329999923706055,19.34000015258789,19.325000762939453,19.34000015258789,7123,0.0,0.0
2024-10-18 11:40:00-04:00,19.329999923706055,19.329999923706055,19.315000534057617,19.31999969482422,10033,0.0,0.0
2024-10-18 11:45:00-04:00,19.329999923706055,19.344999313354492,19.325000762939453,19.334999084472656,4392,0.0,0.0
2024-10-18 11:50:00-04:00,19.325000762939453,19.325000762939453,19.315000534057617,19.315000534057617,1903,0.0,0.0
2024-10-18 11:55:00-04:00,19.315000534057617,19.325000762939453,19.30500030517578,19.309999465942383,8396,0.0,0.0
2024-10-18 12:00:00-04:00,19.309999465942383,19.334999084472656,19.309999465942383,19.329999923706055,19828,0.0,0.0
2024-10-18 12:05:00-04:00,19.325000762939453,19.329999923706055,19.30500030517578,19.309999465942383,18903,0.0,0.0
2024-10-18 12:10:00-04:00,19.302000045776367,19.309999465942383,19.295000076293945,19.30500030517578,13953,0.0,0.0
2024-10-18 12:15:00-04:00,19.309999465942383,19.350000381469727,19.309999465942383,19.349899291992188,6859,0.0,0.0
2024-10-18 12:20:00-04:00,19.350000381469727,19.3700008392334,19.344999313354492,19.364999771118164,4255,0.0,0.0
2024-10-18 12:25:00-04:00,19.3700008392334,19.385000228881836,19.3700008392334,19.3700008392334,2614,0.0,0.0
2024-10-18 12:30:00-04:00,19.389999389648438,19.43000030517578,19.385000228881836,19.424999237060547,19427,0.0,0.0
2024-10-18 12:35:00-04:00,19.424999237060547,19.434999465942383,19.420000076293945,19.43000030517578,9761,0.0,0.0
2024-10-18 12:40:00-04:00,19.43000030517578,19.434999465942383,19.43000030517578,19.434999465942383,2744,0.0,0.0
2024-10-18 12:45:00-04:00,19.434999465942383,19.467500686645508,19.434999465942383,19.467500686645508,7701,0.0,0.0
2024-10-18 12:50:00-04:00,19.46500015258789,19.46500015258789,19.44499969482422,19.454999923706055,14837,0.0,0.0
2024-10-18 12:55:00-04:00,19.454999923706055,19.459999084472656,19.40999984741211,19.40999984741211,10701,0.0,0.0
2024-10-18 13:00:00-04:00,19.399999618530273,19.405000686645508,19.3799991607666,19.385000228881836,10587,0.0,0.0
2024-10-18 13:05:00-04:00,19.3799991607666,19.3799991607666,19.364999771118164,19.3799991607666,6119,0.0,0.0
2024-10-18 13:10:00-04:00,19.389999389648438,19.395000457763672,19.385000228881836,19.389299392700195,6948,0.0,0.0
2024-10-18 13:15:00-04:00,19.3799991607666,19.3799991607666,19.375,19.375,2540,0.0,0.0
2024-10-18 13:20:00-04:00,19.3799991607666,19.389999389648438,19.3799991607666,19.38010025024414,4220,0.0,0.0
2024-10-18 13:25:00-04:00,19.385000228881836,19.385000228881836,19.3799991607666,19.3799991607666,1379,0.0,0.0
2024-10-18 13:30:00-04:00,19.3799991607666,19.405000686645508,19.3799991607666,19.399999618530273,8731,0.0,0.0
2024-10-18 13:35:00-04:00,19.399999618530273,19.40999984741211,19.395000457763672,19.395000457763672,7505,0.0,0.0
2024-10-18 13:40:00-04:00,19.395000457763672,19.405000686645508,19.385000228881836,19.389999389648438,8416,0.0,0.0
2024-10-18 13:45:00-04:00,19.389999389648438,19.405000686645508,19.389999389648438,19.399999618530273,3909,0.0,0.0
2024-10-18 13:50:00-04:00,19.389999389648438,19.395000457763672,19.389999389648438,19.395000457763672,3632,0.0,0.0
2024-10-18 13:55:00-04:00,19.389999389648438,19.389999389648438,19.375,19.3799991607666,4408,0.0,0.0
2024-10-18 14:00:00-04:00,19.375,19.375,19.334999084472656,19.3700008392334,18611,0.0,0.0
2024-10-18 14:05:00-04:00,19.364999771118164,19.364999771118164,19.334999084472656,19.334999084472656,7748,0.0,0.0
2024-10-18 14:10:00-04:00,19.334999084472656,19.354999542236328,19.334999084472656,19.354999542236328,11306,0.0,0.0
2024-10-18 14:15:00-04:00,19.354999542236328,19.389999389648438,19.354999542236328,19.389999389648438,5952,0.0,0.0
2024-10-18 14:20:00-04:00,19.39940071105957,19.39940071105957,19.385000228881836,19.389999389648438,8174,0.0,0.0
2024-10-18 14:25:00-04:00,19.389999389648438,19.395000457763672,19.375,19.375,11097,0.0,0.0
2024-10-18 14:30:00-04:00,19.3799991607666,19.389999389648438,19.3700008392334,19.385000228881836,13843,0.0,0.0
2024-10-18 14:35:00-04:00,19.385000228881836,19.405000686645508,19.375,19.405000686645508,7531,0.0,0.0
2024-10-18 14:40:00-04:00,19.405000686645508,19.40999984741211,19.385000228881836,19.385000228881836,3320,0.0,0.0
2024-10-18 14:45:00-04:00,19.389999389648438,19.399999618530273,19.385000228881836,19.385000228881836,1927,0.0,0.0
2024-10-18 14:50:00-04:00,19.3799991607666,19.399999618530273,19.375,19.399999618530273,6750,0.0,0.0
2024-10-18 14:55:00-04:00,19.40999984741211,19.415000915527344,19.399999618530273,19.399999618530273,10168,0.0,0.0
2024-10-18 15:00:00-04:00,19.389999389648438,19.395000457763672,19.3799991607666,19.395000457763672,6630,0.0,0.0
2024-10-18 15:05:00-04:00,19.395000457763672,19.415000915527344,19.395000457763672,19.415000915527344,16743,0.0,0.0
2024-10-18 15:10:00-04:00,19.40999984741211,19.44499969482422,19.40999984741211,19.44499969482422,9157,0.0,0.0
2024-10-18 15:15:00-04:00,19.440000534057617,19.450000762939453,19.440000534057617,19.440000534057617,4777,0.0,0.0
2024-10-18 15:20:00-04:00,19.434999465942383,19.434999465942383,19.40999984741211,19.40999984741211,6492,0.0,0.0
2024-10-18 15:25:00-04:00,19.420000076293945,19.420000076293945,19.399999618530273,19.405000686645508,6830,0.0,0.0
2024-10-18 15:30:00-04:00,19.399999618530273,19.405000686645508,19.385000228881836,19.385000228881836,9102,0.0,0.0
2024-10-18 15:35:00-04:00,19.385000228881836,19.409500122070312,19.385000228881836,19.389999389648438,10729,0.0,0.0
2024-10-18 15:40:00-04:00,19.395000457763672,19.405000686645508,19.389999389648438,19.395000457763672,15608,0.0,0.0
2024-10-18 15:45:00-04:00,19.395000457763672,19.420000076293945,19.395000457763672,19.405000686645508,34015,0.0,0.0
2024-10-18 15:50:00-04:00,19.399999618530273,19.434999465942383,19.399999618530273,19.43000030517578,33155,0.0,0.0
2024-10-18 15:55:00-04:00,19.440000534057617,19.459999084472656,19.43000030517578,19.440000534057617,100118,0.0,0.0
2024-10-21 09:30:00-04:00,19.34000015258789,19.405000686645508,19.309999465942383,19.350000381469727,98632,0.0,0.0
2024-10-21 09:35:00-04:00,19.350000381469727,19.350000381469727,19.239999771118164,19.239999771118164,26506,0.0,0.0
2024-10-21 09:40:00-04:00,19.239999771118164,19.280000686645508,19.219999313354492,19.2450008392334,44203,0.0,0.0
2024-10-21 09:45:00-04:00,19.25,19.325000762939453,19.25,19.309999465942383,18197,0.0,0.0
2024-10-21 09:50:00-04:00,19.299999237060547,19.3799991607666,19.299999237060547,19.354999542236328,14052,0.0,0.0
2024-10-21 09:55:00-04:00,19.364999771118164,19.399999618530273,19.360000610351562,19.399999618530273,8839,0.0,0.0
2024-10-21 10:00:00-04:00,19.399999618530273,19.450000762939453,19.3799991607666,19.405000686645508,19025,0.0,0.0
2024-10-21 10:05:00-04:00,19.43000030517578,19.43000030517578,19.34000015258789,19.3799991607666,11853,0.0,0.0
2024-10-21 10:10:00-04:00,19.3700008392334,19.40999984741211,19.364999771118164,19.40999984741211,11302,0.0,0.0
2024-10-21 10:15:00-04:00,19.40999984741211,19.454999923706055,19.405000686645508,19.44499969482422,14102,0.0,0.0
2024-10-21 10:20:00-04:00,19.450000762939453,19.450000762939453,19.40999984741211,19.424999237060547,9187,0.0,0.0
2024-10-21 10:25:00-04:00,19.424999237060547,19.479299545288086,19.415000915527344,19.459999084472656,21423,0.0,0.0
2024-10-21 10:30:00-04:00,19.459999084472656,19.469999313354492,19.420000076293945,19.424999237060547,17649,0.0,0.0
2024-10-21 10:35:00-04:00,19.434999465942383,19.454999923706055,19.43000030517578,19.44499969482422,6524,0.0,0.0
2024-10-21 10:40:00-04:00,19.450000762939453,19.459999084472656,19.424999237060547,19.434999465942383,17010,0.0,0.0
2024-10-21 10:45:00-04:00,19.43000030517578,19.46500015258789,19.385000228881836,19.454999923706055,8339,0.0,0.0
2024-10-21 10:50:00-04:00,19.459999084472656,19.475000381469727,19.454999923706055,19.459999084472656,10178,0.0,0.0
2024-10-21 10:55:00-04:00,19.469999313354492,19.475000381469727,19.43000030517578,19.43000030517578,15893,0.0,0.0
2024-10-21 11:00:00-04:00,19.43000030517578,19.434999465942383,19.350000381469727,19.385000228881836,16163,0.0,0.0
2024-10-21 11:05:00-04:00,19.3799991607666,19.3799991607666,19.350000381469727,19.350000381469727,5237,0.0,0.0
2024-10-21 11:10:00-04:00,19.354999542236328,19.389999389648438,19.354999542236328,19.3799991607666,12134,0.0,0.0
2024-10-21 11:15:00-04:00,19.3700008392334,19.375,19.360000610351562,19.364999771118164,6606,0.0,0.0
2024-10-21 11:20:00-04:00,19.364999771118164,19.364999771118164,19.34000015258789,19.360000610351562,5344,0.0,0.0
2024-10-21 11:25:00-04:00,19.3700008392334,19.375,19.350000381469727,19.350000381469727,8331,0.0,0.0
2024-10-21 11:30:00-04:00,19.344999313354492,19.360000610351562,19.334999084472656,19.350000381469727,21019,0.0,0.0
2024-10-21 11:35:00-04:00,19.354999542236328,19.420000076293945,19.344999313354492,19.40999984741211,95483,0.0,0.0
2024-10-21 11:40:00-04:00,19.420000076293945,19.454999923706055,19.420000076293945,19.450000762939453,14922,0.0,0.0
2024-10-21 11:45:00-04:00,19.450000762939453,19.469999313354492,19.44499969482422,19.459999084472656,21598,0.0,0.0
2024-10-21 11:50:00-04:00,19.469999313354492,19.5,19.469999313354492,19.5,18820,0.0,0.0
2024-10-21 11:55:00-04:00,19.4950008392334,19.530000686645508,19.489999771118164,19.510000228881836,9462,0.0,0.0
2024-10-21 12:00:00-04:00,19.514999389648438,19.524999618530273,19.5049991607666,19.5049991607666,5036,0.0,0.0
2024-10-21 12:05:00-04:00,19.5049991607666,19.5049991607666,19.485000610351562,19.485000610351562,2640,0.0,0.0
2024-10-21 12:10:00-04:00,19.4950008392334,19.4950008392334,19.479999542236328,19.485000610351562,2507,0.0,0.0
2024-10-21 12:15:00-04:00,19.485000610351562,19.489999771118164,19.479999542236328,19.485000610351562,2644,0.0,0.0
2024-10-21 12:20:00-04:00,19.48200035095215,19.48200035095215,19.440000534057617,19.440000534057617,4519,0.0,0.0
2024-10-21 12:25:00-04:00,19.434999465942383,19.454999923706055,19.434999465942383,19.44499969482422,12562,0.0,0.0
2024-10-21 12:30:00-04:00,19.44499969482422,19.44499969482422,19.43000030517578,19.434999465942383,7775,0.0,0.0
2024-10-21 12:35:00-04:00,19.434999465942383,19.434999465942383,19.399999618530273,19.399999618530273,7507,0.0,0.0
2024-10-21 12:40:00-04:00,19.40999984741211,19.424999237060547,19.40999984741211,19.420000076293945,2872,0.0,0.0
2024-10-21 12:45:00-04:00,19.40999984741211,19.415000915527344,19.385000228881836,19.385000228881836,4985,0.0,0.0
2024-10-21 12:50:00-04:00,19.395000457763672,19.424999237060547,19.389999389648438,19.424999237060547,6862,0.0,0.0
2024-10-21 12:55:00-04:00,19.43000030517578,19.43000030517578,19.43000030517578,19.43000030517578,2536,0.0,0.0
2024-10-21 13:00:00-04:00,19.43000030517578,19.44499969482422,19.43000030517578,19.44499969482422,3018,0.0,0.0
2024-10-21 13:05:00-04:00,19.450000762939453,19.489999771118164,19.450000762939453,19.479999542236328,8455,0.0,0.0
2024-10-21 13:10:00-04:00,19.475000381469727,19.475000381469727,19.45400047302246,19.475000381469727,6781,0.0,0.0
2024-10-21 13:15:00-04:00,19.469999313354492,19.485000610351562,19.459999084472656,19.479999542236328,5295,0.0,0.0
2024-10-21 13:20:00-04:00,19.479999542236328,19.4950008392334,19.475000381469727,19.4950008392334,2306,0.0,0.0
2024-10-21 13:25:00-04:00,19.489999771118164,19.5,19.489999771118164,19.489999771118164,1467,0.0,0.0
2024-10-21 13:30:00-04:00,19.489999771118164,19.5,19.489999771118164,19.5,1721,0.0,0.0
2024-10-21 13:35:00-04:00,19.5,19.514999389648438,19.4950008392334,19.4950008392334,5550,0.0,0.0
2024-10-21 13:40:00-04:00,19.489999771118164,19.489999771118164,19.479999542236328,19.479999542236328,4957,0.0,0.0
2024-10-21 13:45:00-04:00,19.479999542236328,19.489999771118164,19.469999313354492,19.475000381469727,5807,0.0,0.0
2024-10-21 13:50:00-04:00,19.479999542236328,19.4950008392334,19.469999313354492,19.469999313354492,5986,0.0,0.0
2024-10-21 13:55:00-04:00,19.469999313354492,19.479999542236328,19.46500015258789,19.475000381469727,6291,0.0,0.0
2024-10-21 14:00:00-04:00,19.475000381469727,19.475000381469727,19.450000762939453,19.459999084472656,7408,0.0,0.0
2024-10-21 14:05:00-04:00,19.46500015258789,19.46500015258789,19.415000915527344,19.420000076293945,5240,0.0,0.0
2024-10-21 14:10:00-04:00,19.40999984741211,19.422000885009766,19.40999984741211,19.42009925842285,1661,0.0,0.0
2024-10-21 14:15:00-04:00,19.43000030517578,19.434999465942383,19.411699295043945,19.420000076293945,4258,0.0,0.0
2024-10-21 14:20:00-04:00,19.43000030517578,19.43000030517578,19.399999618530273,19.420000076293945,6558,0.0,0.0
2024-10-21 14:25:00-04:00,19.415000915527344,19.440000534057617,19.405000686645508,19.434999465942383,3752,0.0,0.0
2024-10-21 14:30:00-04:00,19.424999237060547,19.434999465942383,19.420000076293945,19.43000030517578,3389,0.0,0.0
2024-10-21 14:35:00-04:00,19.434999465942383,19.434999465942383,19.424999237060547,19.434999465942383,2306,0.0,0.0
2024-10-21 14:40:00-04:00,19.43000030517578,19.43000030517578,19.40999984741211,19.40999984741211,7740,0.0,0.0
2024-10-21 14:45:00-04:00,19.405000686645508,19.420000076293945,19.405000686645508,19.40999984741211,2905,0.0,0.0
2024-10-21 14:50:00-04:00,19.405000686645508,19.420000076293945,19.405000686645508,19.40999984741211,14347,0.0,0.0
2024-10-21 14:55:00-04:00,19.405000686645508,19.44499969482422,19.405000686645508,19.44499969482422,8445,0.0,0.0
2024-10-21 15:00:00-04:00,19.450000762939453,19.46500015258789,19.450000762939453,19.454999923706055,5041,0.0,0.0
2024-10-21 15:05:00-04:00,19.46500015258789,19.475000381469727,19.450000762939453,19.454999923706055,3964,0.0,0.0
2024-10-21 15:10:00-04:00,19.450000762939453,19.46500015258789,19.440000534057617,19.459999084472656,6613,0.0,0.0
2024-10-21 15:15:00-04:00,19.450000762939453,19.46500015258789,19.450000762939453,19.459999084472656,5093,0.0,0.0
2024-10-21 15:20:00-04:00,19.459999084472656,19.475000381469727,19.459999084472656,19.475000381469727,3450,0.0,0.0
2024-10-21 15:25:00-04:00,19.475000381469727,19.479999542236328,19.475000381469727,19.479999542236328,1471,0.0,0.0
2024-10-21 15:30:00-04:00,19.479999542236328,19.489999771118164,19.475000381469727,19.475000381469727,28117,0.0,0.0
2024-10-21 15:35:00-04:00,19.475000381469727,19.489999771118164,19.440000534057617,19.440000534057617,23049,0.0,0.0
2024-10-21 15:40:00-04:00,19.440000534057617,19.440000534057617,19.434999465942383,19.434999465942383,1254,0.0,0.0
2024-10-21 15:45:00-04:00,19.434999465942383,19.44499969482422,19.40999984741211,19.44499969482422,22564,0.0,0.0
2024-10-21 15:50:00-04:00,19.44499969482422,19.454999923706055,19.424999237060547,19.450000762939453,28055,0.0,0.0
2024-10-21 15:55:00-04:00,19.44499969482422,19.44499969482422,19.389999389648438,19.424999237060547,102231,0.0,0.0
2024-10-22 09:30:00-04:00,19.31999969482422,19.450000762939453,19.295000076293945,19.34000015258789,125701,0.0,0.0
2024-10-22 09:35:00-04:00,19.329999923706055,19.360000610351562,19.280000686645508,19.280000686645508,45648,0.0,0.0
2024-10-22 09:40:00-04:00,19.280000686645508,19.290000915527344,19.1299991607666,19.13170051574707,50266,0.0,0.0
2024-10-22 09:45:00-04:00,19.139999389648438,19.18000030517578,19.110000610351562,19.15999984741211,37920,0.0,0.0
2024-10-22 09:50:00-04:00,19.155000686645508,19.170000076293945,19.07200050354004,19.100000381469727,23923,0.0,0.0
2024-10-22 09:55:00-04:00,19.09000015258789,19.1299991607666,19.020000457763672,19.125,50215,0.0,0.0
2024-10-22 10:00:00-04:00,19.1299991607666,19.260000228881836,19.1299991607666,19.229999542236328,23906,0.0,0.0
2024-10-22 10:05:00-04:00,19.225000381469727,19.34000015258789,19.209999084472656,19.309999465942383,36477,0.0,0.0
2024-10-22 10:10:00-04:00,19.309999465942383,19.329999923706055,19.280000686645508,19.290000915527344,23386,0.0,0.0
2024-10-22 10:15:00-04:00,19.28499984741211,19.354999542236328,19.28499984741211,19.350000381469727,20641,0.0,0.0
2024-10-22 10:20:00-04:00,19.350000381469727,19.3700008392334,19.295000076293945,19.350000381469727,32034,0.0,0.0
2024-10-22 10:25:00-04:00,19.350000381469727,19.3799991607666,19.350000381469727,19.350000381469727,18809,0.0,0.0
2024-10-22 10:30:00-04:00,19.354999542236328,19.405000686645508,19.354999542236328,19.405000686645508,19862,0.0,0.0
2024-10-22 10:35:00-04:00,19.405000686645508,19.440000534057617,19.405000686645508,19.440000534057617,16138,0.0,0.0
2024-10-22 10:40:00-04:00,19.434999465942383,19.44499969482422,19.40999984741211,19.40999984741211,16425,0.0,0.0
2024-10-22 10:45:00-04:00,19.420000076293945,19.440000534057617,19.405000686645508,19.440000534057617,13380,0.0,0.0
2024-10-22 10:50:00-04:00,19.43000030517578,19.434999465942383,19.420000076293945,19.434999465942383,7122,0.0,0.0
2024-10-22 10:55:00-04:00,19.440000534057617,19.475000381469727,19.440000534057617,19.469999313354492,8832,0.0,0.0
2024-10-22 11:00:00-04:00,19.469999313354492,19.524999618530273,19.440000534057617,19.489999771118164,17436,0.0,0.0
2024-10-22 11:05:00-04:00,19.4950008392334,19.5049991607666,19.489999771118164,19.4950008392334,14375,0.0,0.0
2024-10-22 11:10:00-04:00,19.4950008392334,19.5,19.469999313354492,19.475000381469727,11526,0.0,0.0
2024-10-22 11:15:00-04:00,19.479999542236328,19.514999389648438,19.479999542236328,19.5,13395,0.0,0.0
2024-10-22 11:20:00-04:00,19.5,19.5,19.454999923706055,19.454999923706055,7116,0.0,0.0
2024-10-22 11:25:00-04:00,19.450000762939453,19.459999084472656,19.43000030517578,19.459999084472656,11933,0.0,0.0
2024-10-22 11:30:00-04:00,19.459999084472656,19.46500015258789,19.450000762939453,19.46500015258789,7165,0.0,0.0
2024-10-22 11:35:00-04:00,19.46500015258789,19.5,19.459999084472656,19.485000610351562,27763,0.0,0.0
2024-10-22 11:40:00-04:00,19.489999771118164,19.4950008392334,19.475000381469727,19.479999542236328,6521,0.0,0.0
2024-10-22 11:45:00-04:00,19.479999542236328,19.514999389648438,19.475000381469727,19.514999389648438,30010,0.0,0.0
2024-10-22 11:50:00-04:00,19.510000228881836,19.514999389648438,19.5,19.514999389648438,4606,0.0,0.0
2024-10-22 11:55:00-04:00,19.514999389648438,19.520000457763672,19.5,19.5,16822,0.0,0.0
2024-10-22 12:00:00-04:00,19.489999771118164,19.520000457763672,19.489999771118164,19.520000457763672,2752,0.0,0.0
2024-10-22 12:05:00-04:00,19.510000228881836,19.510000228881836,19.489999771118164,19.4950008392334,8340,0.0,0.0
2024-10-22 12:10:00-04:00,19.5,19.5,19.489999771118164,19.489999771118164,8655,0.0,0.0
2024-10-22 12:15:00-04:00,19.489999771118164,19.5,19.46500015258789,19.479999542236328,6636,0.0,0.0
2024-10-22 12:20:00-04:00,19.479999542236328,19.479999542236328,19.46190071105957,19.469999313354492,5982,0.0,0.0
2024-10-22 12:25:00-04:00,19.479999542236328,19.479999542236328,19.459999084472656,19.46500015258789,9180,0.0,0.0
2024-10-22 12:30:00-04:00,19.479999542236328,19.485000610351562,19.459999084472656,19.459999084472656,9151,0.0,0.0
2024-10-22 12:35:00-04:00,19.454999923706055,19.485000610351562,19.450000762939453,19.485000610351562,3748,0.0,0.0
2024-10-22 12:40:00-04:00,19.489999771118164,19.510000228881836,19.489999771118164,19.5,7129,0.0,0.0
2024-10-22 12:45:00-04:00,19.5,19.53499984741211,19.5,19.514999389648438,25557,0.0,0.0
2024-10-22 12:50:00-04:00,19.520000457763672,19.559999465942383,19.520000457763672,19.53499984741211,16939,0.0,0.0
2024-10-22 12:55:00-04:00,19.540000915527344,19.55500030517578,19.520000457763672,19.524999618530273,6030,0.0,0.0
2024-10-22 13:00:00-04:00,19.520000457763672,19.524999618530273,19.520000457763672,19.524999618530273,600,0.0,0.0
2024-10-22 13:05:00-04:00,19.524999618530273,19.540000915527344,19.510000228881836,19.530000686645508,13407,0.0,0.0
2024-10-22 13:10:00-04:00,19.53499984741211,19.545000076293945,19.530000686645508,19.545000076293945,2441,0.0,0.0
2024-10-22 13:15:00-04:00,19.540000915527344,19.549999237060547,19.530099868774414,19.549999237060547,2130,0.0,0.0
2024-10-22 13:20:00-04:00,19.55500030517578,19.579999923706055,19.55500030517578,19.579999923706055,4698,0.0,0.0
2024-10-22 13:25:00-04:00,19.575000762939453,19.594999313354492,19.56999969482422,19.594999313354492,6383,0.0,0.0
2024-10-22 13:30:00-04:00,19.600000381469727,19.610000610351562,19.594999313354492,19.601999282836914,4917,0.0,0.0
2024-10-22 13:35:00-04:00,19.610000610351562,19.665000915527344,19.610000610351562,19.655000686645508,15295,0.0,0.0
2024-10-22 13:40:00-04:00,19.65999984741211,19.690000534057617,19.65999984741211,19.690000534057617,16208,0.0,0.0
2024-10-22 13:45:00-04:00,19.69499969482422,19.69499969482422,19.65999984741211,19.65999984741211,9286,0.0,0.0
2024-10-22 13:50:00-04:00,19.65999984741211,19.674999237060547,19.635000228881836,19.635000228881836,9156,0.0,0.0
2024-10-22 13:55:00-04:00,19.635000228881836,19.635000228881836,19.575000762939453,19.59000015258789,9880,0.0,0.0
2024-10-22 14:00:00-04:00,19.584999084472656,19.600000381469727,19.565000534057617,19.575000762939453,8295,0.0,0.0
2024-10-22 14:05:00-04:00,19.579999923706055,19.584999084472656,19.530000686645508,19.530000686645508,15108,0.0,0.0
2024-10-22 14:10:00-04:00,19.530000686645508,19.56999969482422,19.520000457763672,19.56999969482422,13439,0.0,0.0
2024-10-22 14:15:00-04:00,19.575000762939453,19.579999923706055,19.56999969482422,19.56999969482422,5719,0.0,0.0
2024-10-22 14:20:00-04:00,19.565000534057617,19.579999923706055,19.559999465942383,19.579999923706055,2827,0.0,0.0
2024-10-22 14:25:00-04:00,19.575000762939453,19.594999313354492,19.575000762939453,19.59000015258789,5924,0.0,0.0
2024-10-22 14:30:00-04:00,19.579999923706055,19.579999923706055,19.56999969482422,19.579999923706055,1555,0.0,0.0
2024-10-22 14:35:00-04:00,19.575000762939453,19.649999618530273,19.575000762939453,19.639999389648438,18387,0.0,0.0
2024-10-22 14:40:00-04:00,19.649999618530273,19.649999618530273,19.614999771118164,19.614999771118164,5322,0.0,0.0
2024-10-22 14:45:00-04:00,19.6200008392334,19.625,19.610000610351562,19.610000610351562,5388,0.0,0.0
2024-10-22 14:50:00-04:00,19.610000610351562,19.614999771118164,19.579999923706055,19.579999923706055,7099,0.0,0.0
2024-10-22 14:55:00-04:00,19.579999923706055,19.59000015258789,19.559999465942383,19.565000534057617,9038,0.0,0.0
2024-10-22 15:00:00-04:00,19.579999923706055,19.579999923706055,19.559999465942383,19.559999465942383,5828,0.0,0.0
2024-10-22 15:05:00-04:00,19.56999969482422,19.575000762939453,19.549999237060547,19.55500030517578,5413,0.0,0.0
2024-10-22 15:10:00-04:00,19.55500030517578,19.56599998474121,19.549999237060547,19.56599998474121,7970,0.0,0.0
2024-10-22 15:15:00-04:00,19.565000534057617,19.594999313354492,19.565000534057617,19.59000015258789,11892,0.0,0.0
2024-10-22 15:20:00-04:00,19.584999084472656,19.584999084472656,19.565000534057617,19.575000762939453,10343,0.0,0.0
2024-10-22 15:25:00-04:00,19.579299926757812,19.579299926757812,19.549999237060547,19.55500030517578,14999,0.0,0.0
2024-10-22 15:30:00-04:00,19.559999465942383,19.610000610351562,19.55500030517578,19.610000610351562,19746,0.0,0.0
2024-10-22 15:35:00-04:00,19.610000610351562,19.614999771118164,19.579999923706055,19.59000015258789,61260,0.0,0.0
2024-10-22 15:40:00-04:00,19.579999923706055,19.594999313354492,19.56999969482422,19.575000762939453,22893,0.0,0.0
2024-10-22 15:45:00-04:00,19.56999969482422,19.604999542236328,19.56999969482422,19.59000015258789,21453,0.0,0.0
2024-10-22 15:50:00-04:00,19.590499877929688,19.590499877929688,19.565000534057617,19.575000762939453,31204,0.0,0.0
2024-10-22 15:55:00-04:00,19.575000762939453,19.610000610351562,19.559999465942383,19.600000381469727,89266,0.0,0.0
2024-10-23 09:30:00-04:00,19.40999984741211,19.530000686645508,19.280000686645508,19.450000762939453,110773,0.0,0.0
2024-10-23 09:35:00-04:00,19.450000762939453,19.46500015258789,19.399999618530273,19.40999984741211,28347,0.0,0.0
2024-10-23 09:40:00-04:00,19.420000076293945,19.479999542236328,19.399999618530273,19.469999313354492,44904,0.0,0.0
2024-10-23 09:45:00-04:00,19.469999313354492,19.489999771118164,19.440000534057617,19.440000534057617,13560,0.0,0.0
2024-10-23 09:50:00-04:00,19.450000762939453,19.459999084472656,19.3700008392334,19.389999389648438,10152,0.0,0.0
2024-10-23 09:55:00-04:00,19.389999389648438,19.389999389648438,19.360000610351562,19.364999771118164,5066,0.0,0.0
2024-10-23 10:00:00-04:00,19.364999771118164,19.43000030517578,19.350000381469727,19.3799991607666,17277,0.0,0.0
2024-10-23 10:05:00-04:00,19.375,19.3799991607666,19.290000915527344,19.31999969482422,8130,0.0,0.0
2024-10-23 10:10:00-04:00,19.325000762939453,19.334999084472656,19.295000076293945,19.309999465942383,7683,0.0,0.0
2024-10-23 10:15:00-04:00,19.31999969482422,19.31999969482422,19.260000228881836,19.274999618530273,9100,0.0,0.0
2024-10-23 10:20:00-04:00,19.270000457763672,19.31999969482422,19.264999389648438,19.29599952697754,8680,0.0,0.0
2024-10-23 10:25:00-04:00,19.299999237060547,19.360000610351562,19.290000915527344,19.360000610351562,10081,0.0,0.0
2024-10-23 10:30:00-04:00,19.3700008392334,19.3799991607666,19.344999313354492,19.3799991607666,10574,0.0,0.0
2024-10-23 10:35:00-04:00,19.385000228881836,19.40999984741211,19.37929916381836,19.395000457763672,7405,0.0,0.0
2024-10-23 10:40:00-04:00,19.389999389648438,19.399999618530273,19.3799991607666,19.399999618530273,4454,0.0,0.0
2024-10-23 10:45:00-04:00,19.399999618530273,19.405000686645508,19.3799991607666,19.385000228881836,12126,0.0,0.0
2024-10-23 10:50:00-04:00,19.3799991607666,19.3799991607666,19.309999465942383,19.315000534057617,14882,0.0,0.0
2024-10-23 10:55:00-04:00,19.309999465942383,19.309999465942383,19.295000076293945,19.30500030517578,7438,0.0,0.0
2024-10-23 11:00:00-04:00,19.299999237060547,19.30500030517578,19.295000076293945,19.30500030517578,3633,0.0,0.0
2024-10-23 11:05:00-04:00,19.295000076293945,19.309999465942383,19.280000686645508,19.309999465942383,3952,0.0,0.0
2024-10-23 11:10:00-04:00,19.31999969482422,19.31999969482422,19.260000228881836,19.270000457763672,22226,0.0,0.0
2024-10-23 11:15:00-04:00,19.280000686645508,19.309999465942383,19.280000686645508,19.299999237060547,4444,0.0,0.0
2024-10-23 11:20:00-04:00,19.30069923400879,19.354999542236328,19.299999237060547,19.344999313354492,24882,0.0,0.0
2024-10-23 11:25:00-04:00,19.329999923706055,19.334999084472656,19.309999465942383,19.309999465942383,13992,0.0,0.0
2024-10-23 11:30:00-04:00,19.30500030517578,19.350000381469727,19.30500030517578,19.350000381469727,13917,0.0,0.0
2024-10-23 11:35:00-04:00,19.350000381469727,19.375,19.344999313354492,19.375,10312,0.0,0.0
2024-10-23 11:40:00-04:00,19.3799991607666,19.420000076293945,19.3799991607666,19.416000366210938,8172,0.0,0.0
2024-10-23 11:45:00-04:00,19.420000076293945,19.420000076293945,19.389999389648438,19.399999618530273,11407,0.0,0.0
2024-10-23 11:50:00-04:00,19.395000457763672,19.395000457763672,19.389999389648438,19.389999389648438,6814,0.0,0.0
2024-10-23 11:55:00-04:00,19.389999389648438,19.43000030517578,19.389999389648438,19.420000076293945,7697,0.0,0.0
2024-10-23 12:00:00-04:00,19.40999984741211,19.40999984741211,19.34000015258789,19.344999313354492,3110,0.0,0.0
2024-10-23 12:05:00-04:00,19.34000015258789,19.34000015258789,19.334999084472656,19.34000015258789,2844,0.0,0.0
2024-10-23 12:10:00-04:00,19.344999313354492,19.344999313354492,19.325000762939453,19.344999313354492,2934,0.0,0.0
2024-10-23 12:15:00-04:00,19.34000015258789,19.350000381469727,19.34000015258789,19.34000015258789,10728,0.0,0.0
2024-10-23 12:20:00-04:00,19.350000381469727,19.354999542236328,19.315000534057617,19.315000534057617,7351,0.0,0.0
2024-10-23 12:25:00-04:00,19.325000762939453,19.325000762939453,19.315000534057617,19.31800079345703,1868,0.0,0.0
2024-10-23 12:30:00-04:00,19.30500030517578,19.309999465942383,19.290000915527344,19.295000076293945,4887,0.0,0.0
2024-10-23 12:35:00-04:00,19.299999237060547,19.30500030517578,19.274999618530273,19.274999618530273,4701,0.0,0.0
2024-10-23 12:40:00-04:00,19.28499984741211,19.289899826049805,19.280000686645508,19.280000686645508,848,0.0,0.0
2024-10-23 12:45:00-04:00,19.28499984741211,19.295000076293945,19.280000686645508,19.290000915527344,7262,0.0,0.0
2024-10-23 12:50:00-04:00,19.295000076293945,19.299999237060547,19.264999389648438,19.264999389648438,3238,0.0,0.0
2024-10-23 12:55:00-04:00,19.270000457763672,19.274999618530273,19.260000228881836,19.260000228881836,8791,0.0,0.0
2024-10-23 13:00:00-04:00,19.260000228881836,19.260000228881836,19.200000762939453,19.200000762939453,9569,0.0,0.0
2024-10-23 13:05:00-04:00,19.19499969482422,19.21500015258789,19.190000534057617,19.209999084472656,14806,0.0,0.0
2024-10-23 13:10:00-04:00,19.204999923706055,19.204999923706055,19.110000610351562,19.114999771118164,11093,0.0,0.0
2024-10-23 13:15:00-04:00,19.114999771118164,19.1299991607666,19.100000381469727,19.114999771118164,9986,0.0,0.0
2024-10-23 13:20:00-04:00,19.1200008392334,19.1299991607666,19.100000381469727,19.100000381469727,9942,0.0,0.0
2024-10-23 13:25:00-04:00,19.100000381469727,19.170000076293945,19.100000381469727,19.15999984741211,18228,0.0,0.0
2024-10-23 13:30:00-04:00,19.155000686645508,19.155000686645508,19.139999389648438,19.149999618530273,4003,0.0,0.0
2024-10-23 13:35:00-04:00,19.149999618530273,19.149999618530273,19.135000228881836,19.135000228881836,4675,0.0,0.0
2024-10-23 13:40:00-04:00,19.135000228881836,19.155000686645508,19.1299991607666,19.135000228881836,6093,0.0,0.0
2024-10-23 13:45:00-04:00,19.1299991607666,19.135000228881836,19.125,19.1299991607666,8345,0.0,0.0
2024-10-23 13:50:00-04:00,19.1299991607666,19.139999389648438,19.110000610351562,19.1299991607666,6200,0.0,0.0
2024-10-23 13:55:00-04:00,19.1299991607666,19.1299991607666,19.104999542236328,19.104999542236328,8561,0.0,0.0
2024-10-23 14:00:00-04:00,19.100000381469727,19.100000381469727,19.05500030517578,19.05500030517578,15136,0.0,0.0
2024-10-23 14:05:00-04:00,19.05500030517578,19.059999465942383,19.03499984741211,19.049999237060547,6147,0.0,0.0
2024-10-23 14:10:00-04:00,19.059999465942383,19.065000534057617,19.045000076293945,19.065000534057617,2146,0.0,0.0
2024-10-23 14:15:00-04:00,19.06999969482422,19.079999923706055,19.065000534057617,19.079999923706055,6881,0.0,0.0
2024-10-23 14:20:00-04:00,19.079999923706055,19.09000015258789,19.075000762939453,19.09000015258789,5003,0.0,0.0
2024-10-23 14:25:00-04:00,19.084999084472656,19.104999542236328,19.079999923706055,19.084999084472656,14598,0.0,0.0
2024-10-23 14:30:00-04:00,19.09000015258789,19.170000076293945,19.09000015258789,19.15999984741211,9707,0.0,0.0
2024-10-23 14:35:00-04:00,19.155000686645508,19.19499969482422,19.149999618530273,19.189899444580078,14151,0.0,0.0
2024-10-23 14:40:00-04:00,19.18000030517578,19.200000762939453,19.18000030517578,19.19499969482422,3427,0.0,0.0
2024-10-23 14:45:00-04:00,19.200000762939453,19.21500015258789,19.190000534057617,19.19059944152832,15843,0.0,0.0
2024-10-23 14:50:00-04:00,19.200000762939453,19.209999084472656,19.190000534057617,19.204999923706055,3600,0.0,0.0
2024-10-23 14:55:00-04:00,19.204999923706055,19.21500015258789,19.190000534057617,19.21500015258789,4191,0.0,0.0
2024-10-23 15:00:00-04:00,19.21500015258789,19.225000381469727,19.200000762939453,19.21500015258789,5595,0.0,0.0
2024-10-23 15:05:00-04:00,19.219999313354492,19.219999313354492,19.209999084472656,19.219999313354492,4440,0.0,0.0
2024-10-23 15:10:00-04:00,19.225000381469727,19.225000381469727,19.200000762939453,19.200000762939453,8938,0.0,0.0
2024-10-23 15:15:00-04:00,19.200000762939453,19.201000213623047,19.190000534057617,19.190000534057617,4385,0.0,0.0
2024-10-23 15:20:00-04:00,19.19499969482422,19.19499969482422,19.18000030517578,19.18000030517578,6626,0.0,0.0
2024-10-23 15:25:00-04:00,19.184999465942383,19.200000762939453,19.174999237060547,19.18000030517578,28328,0.0,0.0
2024-10-23 15:30:00-04:00,19.18000030517578,19.184999465942383,19.15999984741211,19.174999237060547,36040,0.0,0.0
2024-10-23 15:35:00-04:00,19.170000076293945,19.184999465942383,19.15999984741211,19.18000030517578,41311,0.0,0.0
2024-10-23 15:40:00-04:00,19.184999465942383,19.204999923706055,19.184999465942383,19.184999465942383,26199,0.0,0.0
2024-10-23 15:45:00-04:00,19.188899993896484,19.200000762939453,19.18000030517578,19.190000534057617,16734,0.0,0.0
2024-10-23 15:50:00-04:00,19.190000534057617,19.225000381469727,19.18199920654297,19.225000381469727,31133,0.0,0.0
2024-10-23 15:55:00-04:00,19.225000381469727,19.260000228881836,19.22100067138672,19.231000900268555,116566,0.0,0.0
2024-10-24 09:30:00-04:00,19.200000762939453,19.299999237060547,19.1299991607666,19.184999465942383,139213,0.0,0.0
2024-10-24 09:35:00-04:00,19.200000762939453,19.309999465942383,19.165000915527344,19.309999465942383,29171,0.0,0.0
2024-10-24 09:40:00-04:00,19.309999465942383,19.309999465942383,19.260000228881836,19.260000228881836,13973,0.0,0.0
2024-10-24 09:45:00-04:00,19.280000686645508,19.34000015258789,19.209999084472656,19.31999969482422,21766,0.0,0.0
2024-10-24 09:50:00-04:00,19.309999465942383,19.350000381469727,19.280000686645508,19.350000381469727,9694,0.0,0.0
2024-10-24 09:55:00-04:00,19.360000610351562,19.395000457763672,19.334999084472656,19.34000015258789,7999,0.0,0.0
2024-10-24 10:00:00-04:00,19.309999465942383,19.329999923706055,19.219999313354492,19.239999771118164,12897,0.0,0.0
2024-10-24 10:05:00-04:00,19.2450008392334,19.2450008392334,19.18000030517578,19.19499969482422,13615,0.0,0.0
2024-10-24 10:10:00-04:00,19.200000762939453,19.200000762939453,19.1200008392334,19.135000228881836,16768,0.0,0.0
2024-10-24 10:15:00-04:00,19.139999389648438,19.209999084472656,19.139999389648438,19.200000762939453,25736,0.0,0.0
2024-10-24 10:20:00-04:00,19.204999923706055,19.2450008392334,19.19499969482422,19.239999771118164,14628,0.0,0.0
2024-10-24 10:25:00-04:00,19.239999771118164,19.2549991607666,19.219999313354492,19.229999542236328,9241,0.0,0.0
2024-10-24 10:30:00-04:00,19.235000610351562,19.235000610351562,19.200000762939453,19.204999923706055,32684,0.0,0.0
2024-10-24 10:35:00-04:00,19.209999084472656,19.209999084472656,19.170000076293945,19.170000076293945,9545,0.0,0.0
2024-10-24 10:40:00-04:00,19.170000076293945,19.229999542236328,19.170000076293945,19.200000762939453,11135,0.0,0.0
2024-10-24 10:45:00-04:00,19.204999923706055,19.204999923706055,19.145000457763672,19.15999984741211,14389,0.0,0.0
2024-10-24 10:50:00-04:00,19.15999984741211,19.15999984741211,19.125,19.135000228881836,3058,0.0,0.0
2024-10-24 10:55:00-04:00,19.135000228881836,19.155000686645508,19.1200008392334,19.139999389648438,17528,0.0,0.0
2024-10-24 11:00:00-04:00,19.139999389648438,19.139999389648438,19.09000015258789,19.100000381469727,20578,0.0,0.0
2024-10-24 11:05:00-04:00,19.084999084472656,19.084999084472656,19.045000076293945,19.049999237060547,15040,0.0,0.0
2024-10-24 11:10:00-04:00,19.05500030517578,19.059999465942383,19.024999618530273,19.05500030517578,21918,0.0,0.0
2024-10-24 11:15:00-04:00,19.049999237060547,19.065000534057617,19.045000076293945,19.049999237060547,24828,0.0,0.0
2024-10-24 11:20:00-04:00,19.049999237060547,19.049999237060547,19.010000228881836,19.020000457763672,12284,0.0,0.0
2024-10-24 11:25:00-04:00,19.020000457763672,19.045000076293945,19.013500213623047,19.040000915527344,9878,0.0,0.0
2024-10-24 11:30:00-04:00,19.030000686645508,19.079999923706055,19.020000457763672,19.065000534057617,43140,0.0,0.0
2024-10-24 11:35:00-04:00,19.06999969482422,19.079999923706055,19.059999465942383,19.06999969482422,11206,0.0,0.0
2024-10-24 11:40:00-04:00,19.059999465942383,19.059999465942383,18.979999542236328,19.014999389648438,16470,0.0,0.0
2024-10-24 11:45:00-04:00,19.020000457763672,19.03499984741211,18.950000762939453,18.959999084472656,16505,0.0,0.0
2024-10-24 11:50:00-04:00,18.969999313354492,18.975000381469727,18.950000762939453,18.950000762939453,7998,0.0,0.0
2024-10-24 11:55:00-04:00,18.969999313354492,18.969999313354492,18.94499969482422,18.959999084472656,10285,0.0,0.0
2024-10-24 12:00:00-04:00,18.959999084472656,18.959999084472656,18.920299530029297,18.940000534057617,15162,0.0,0.0
2024-10-24 12:05:00-04:00,18.934999465942383,18.934999465942383,18.889999389648438,18.895000457763672,15314,0.0,0.0
2024-10-24 12:10:00-04:00,18.895999908447266,18.90999984741211,18.850000381469727,18.860000610351562,35605,0.0,0.0
2024-10-24 12:15:00-04:00,18.854999542236328,18.860000610351562,18.829999923706055,18.84000015258789,12825,0.0,0.0
2024-10-24 12:20:00-04:00,18.829999923706055,18.850000381469727,18.825000762939453,18.84000015258789,6653,0.0,0.0
2024-10-24 12:25:00-04:00,18.84000015258789,18.8700008392334,18.80500030517578,18.8700008392334,13904,0.0,0.0
2024-10-24 12:30:00-04:00,18.8700008392334,18.885000228881836,18.860000610351562,18.885000228881836,7652,0.0,0.0
2024-10-24 12:35:00-04:00,18.889999389648438,18.895000457763672,18.854999542236328,18.895000457763672,29077,0.0,0.0
2024-10-24 12:40:00-04:00,18.889999389648438,18.899999618530273,18.8799991607666,18.899999618530273,7846,0.0,0.0
2024-10-24 12:45:00-04:00,18.90999984741211,18.90999984741211,18.864999771118164,18.875,3907,0.0,0.0
2024-10-24 12:50:00-04:00,18.885000228881836,18.905000686645508,18.8700008392334,18.905000686645508,8827,0.0,0.0
2024-10-24 12:55:00-04:00,18.90999984741211,18.915000915527344,18.899999618530273,18.905000686645508,3161,0.0,0.0
2024-10-24 13:00:00-04:00,18.90999984741211,18.920000076293945,18.895000457763672,18.90999984741211,8227,0.0,0.0
2024-10-24 13:05:00-04:00,18.90999984741211,18.90999984741211,18.864999771118164,18.887100219726562,14577,0.0,0.0
2024-10-24 13:10:00-04:00,18.885000228881836,18.915000915527344,18.885000228881836,18.905000686645508,5150,0.0,0.0
2024-10-24 13:15:00-04:00,18.899999618530273,18.905000686645508,18.864999771118164,18.905000686645508,7868,0.0,0.0
2024-10-24 13:20:00-04:00,18.899999618530273,18.920000076293945,18.899999618530273,18.90999984741211,5293,0.0,0.0
2024-10-24 13:25:00-04:00,18.90999984741211,18.96500015258789,18.90999984741211,18.96500015258789,7459,0.0,0.0
2024-10-24 13:30:00-04:00,18.959999084472656,18.975000381469727,18.94499969482422,18.950000762939453,4730,0.0,0.0
2024-10-24 13:35:00-04:00,18.94499969482422,18.959999084472656,18.94499969482422,18.959999084472656,5228,0.0,0.0
2024-10-24 13:40:00-04:00,18.954999923706055,18.954999923706055,18.940000534057617,18.940000534057617,3224,0.0,0.0
2024-10-24 13:45:00-04:00,18.94499969482422,18.989999771118164,18.94499969482422,18.989999771118164,9594,0.0,0.0
2024-10-24 13:50:00-04:00,18.985000610351562,19.0,18.985000610351562,19.0,1125,0.0,0.0
2024-10-24 13:55:00-04:00,18.989999771118164,18.989999771118164,18.96500015258789,18.969999313354492,7656,0.0,0.0
2024-10-24 14:00:00-04:00,18.959999084472656,18.959999084472656,18.934999465942383,18.940000534057617,6677,0.0,0.0
2024-10-24 14:05:00-04:00,18.950000762939453,18.954999923706055,18.940000534057617,18.94499969482422,1590,0.0,0.0
2024-10-24 14:10:00-04:00,18.94499969482422,18.969999313354492,18.94499969482422,18.969999313354492,21561,0.0,0.0
2024-10-24 14:15:00-04:00,18.975000381469727,19.0,18.975000381469727,18.9950008392334,4784,0.0,0.0
2024-10-24 14:20:00-04:00,18.989999771118164,19.014999389648438,18.985000610351562,19.0049991607666,11537,0.0,0.0
2024-10-24 14:25:00-04:00,19.0049991607666,19.030000686645508,18.9950008392334,19.030000686645508,8749,0.0,0.0
2024-10-24 14:30:00-04:00,19.024999618530273,19.025999069213867,18.9950008392334,18.9950008392334,8294,0.0,0.0
2024-10-24 14:35:00-04:00,19.0,19.014999389648438,19.0,19.0049991607666,2469,0.0,0.0
2024-10-24 14:40:00-04:00,19.0,19.024999618530273,18.989999771118164,19.020000457763672,5631,0.0,0.0
2024-10-24 14:45:00-04:00,19.010000228881836,19.030000686645508,19.010000228881836,19.024999618530273,1591,0.0,0.0
2024-10-24 14:50:00-04:00,19.040000915527344,19.045000076293945,19.020000457763672,19.024999618530273,17883,0.0,0.0
2024-10-24 14:55:00-04:00,19.020000457763672,19.024999618530273,19.010000228881836,19.010000228881836,2937,0.0,0.0
2024-10-24 15:00:00-04:00,19.0,19.0,18.950000762939453,18.954999923706055,15126,0.0,0.0
2024-10-24 15:05:00-04:00,18.959999084472656,18.969999313354492,18.954999923706055,18.96500015258789,11666,0.0,0.0
2024-10-24 15:10:00-04:00,18.969999313354492,19.010000228881836,18.96500015258789,19.0,18765,0.0,0.0
2024-10-24 15:15:00-04:00,19.0049991607666,19.024999618530273,19.0049991607666,19.014999389648438,7090,0.0,0.0
2024-10-24 15:20:00-04:00,19.020000457763672,19.024999618530273,19.020000457763672,19.024999618530273,6844,0.0,0.0
2024-10-24 15:25:00-04:00,19.030000686645508,19.040000915527344,19.024999618530273,19.024999618530273,6367,0.0,0.0
2024-10-24 15:30:00-04:00,19.020000457763672,19.05500030517578,19.020000457763672,19.049999237060547,41125,0.0,0.0
2024-10-24 15:35:00-04:00,19.045000076293945,19.059999465942383,19.030000686645508,19.03499984741211,10408,0.0,0.0
2024-10-24 15:40:00-04:00,19.03499984741211,19.065000534057617,19.030000686645508,19.059999465942383,23651,0.0,0.0
2024-10-24 15:45:00-04:00,19.059999465942383,19.104999542236328,19.05500030517578,19.100000381469727,34133,0.0,0.0
2024-10-24 15:50:00-04:00,19.104999542236328,19.1200008392334,19.094999313354492,19.1200008392334,18254,0.0,0.0
2024-10-24 15:55:00-04:00,19.1200008392334,19.135000228881836,19.06999969482422,19.084999084472656,57060,0.0,0.0
2024-10-25 09:30:00-04:00,19.15999984741211,19.239999771118164,18.989999771118164,18.989999771118164,60427,0.0,0.0
2024-10-25 09:35:00-04:00,19.010000228881836,19.084999084472656,18.969999313354492,19.0,26521,0.0,0.0
2024-10-25 09:40:00-04:00,19.0,19.010000228881836,18.94499969482422,19.010000228881836,13712,0.0,0.0
2024-10-25 09:45:00-04:00,19.020000457763672,19.1200008392334,19.0,19.1200008392334,13975,0.0,0.0
2024-10-25 09:50:00-04:00,19.059999465942383,19.06999969482422,18.989999771118164,18.989999771118164,13895,0.0,0.0
2024-10-25 09:55:00-04:00,19.0,19.020000457763672,18.969999313354492,18.979999542236328,6404,0.0,0.0
2024-10-25 10:00:00-04:00,19.010000228881836,19.010000228881836,18.969999313354492,18.989999771118164,5892,0.0,0.0
2024-10-25 10:05:00-04:00,18.979999542236328,19.014999389648438,18.969999313354492,18.969999313354492,13861,0.0,0.0
2024-10-25 10:10:00-04:00,18.964000701904297,19.0,18.964000701904297,18.989999771118164,6862,0.0,0.0
2024-10-25 10:15:00-04:00,18.985000610351562,18.9950008392334,18.954999923706055,18.989999771118164,15435,0.0,0.0
2024-10-25 10:20:00-04:00,18.989999771118164,19.104999542236328,18.989999771118164,19.09000015258789,6749,0.0,0.0
2024-10-25 10:25:00-04:00,19.084999084472656,19.100000381469727,19.075000762939453,19.084999084472656,9592,0.0,0.0
2024-10-25 10:30:00-04:00,19.084999084472656,19.09000015258789,19.040000915527344,19.040000915527344,6641,0.0,0.0
2024-10-25 10:35:00-04:00,19.045000076293945,19.049999237060547,19.010000228881836,19.010000228881836,6917,0.0,0.0
2024-10-25 10:40:00-04:00,19.010000228881836,19.020000457763672,18.989999771118164,19.0,19649,0.0,0.0
2024-10-25 10:45:00-04:00,19.010000228881836,19.03499984741211,18.985000610351562,19.03499984741211,15188,0.0,0.0
2024-10-25 10:50:00-04:00,19.045000076293945,19.06999969482422,19.030000686645508,19.06999969482422,7008,0.0,0.0
2024-10-25 10:55:00-04:00,19.065000534057617,19.084999084472656,19.049999237060547,19.049999237060547,5455,0.0,0.0
2024-10-25 11:00:00-04:00,19.049999237060547,19.059999465942383,19.049999237060547,19.059999465942383,316,0.0,0.0
2024-10-25 11:05:00-04:00,19.040000915527344,19.040000915527344,19.040000915527344,19.040000915527344,6252,0.0,0.0
2024-10-25 11:10:00-04:00,19.03499984741211,19.059999465942383,19.03499984741211,19.059999465942383,12453,0.0,0.0
2024-10-25 11:15:00-04:00,19.05500030517578,19.059999465942383,19.045000076293945,19.045000076293945,10407,0.0,0.0
2024-10-25 11:25:00-04:00,19.024700164794922,19.024700164794922,18.969999313354492,18.98349952697754,14306,0.0,0.0
2024-10-25 11:30:00-04:00,18.989999771118164,19.030000686645508,18.989999771118164,19.030000686645508,8242,0.0,0.0
2024-10-25 11:35:00-04:00,19.030000686645508,19.030000686645508,19.010000228881836,19.020000457763672,14657,0.0,0.0
2024-10-25 11:40:00-04:00,19.010000228881836,19.010099411010742,19.0,19.010000228881836,10011,0.0,0.0
2024-10-25 11:45:00-04:00,19.020000457763672,19.059999465942383,19.020000457763672,19.059999465942383,6507,0.0,0.0
2024-10-25 11:50:00-04:00,19.049999237060547,19.049999237060547,19.020000457763672,19.024999618530273,6779,0.0,0.0
2024-10-25 11:55:00-04:00,19.030000686645508,19.059999465942383,19.030000686645508,19.045000076293945,1538,0.0,0.0
2024-10-25 12:00:00-04:00,19.030000686645508,19.045000076293945,19.030000686645508,19.03499984741211,10433,0.0,0.0
2024-10-25 12:05:00-04:00,19.040000915527344,19.049999237060547,19.0393009185791,19.049999237060547,948,0.0,0.0
2024-10-25 12:10:00-04:00,19.05500030517578,19.065000534057617,19.05500030517578,19.05500030517578,4537,0.0,0.0
2024-10-25 12:15:00-04:00,19.05500030517578,19.05500030517578,19.020000457763672,19.045000076293945,6380,0.0,0.0
2024-10-25 12:20:00-04:00,19.045000076293945,19.149999618530273,19.045000076293945,19.135000228881836,14202,0.0,0.0
2024-10-25 12:25:00-04:00,19.139999389648438,19.145000457763672,19.1299991607666,19.1299991607666,9356,0.0,0.0
2024-10-25 12:30:00-04:00,19.1299991607666,19.1299991607666,19.110000610351562,19.125,3465,0.0,0.0
2024-10-25 12:35:00-04:00,19.1200008392334,19.1200008392334,19.110000610351562,19.110000610351562,6201,0.0,0.0
2024-10-25 12:40:00-04:00,19.110000610351562,19.125,19.110000610351562,19.125,6106,0.0,0.0
2024-10-25 12:45:00-04:00,19.1200008392334,19.1200008392334,19.100000381469727,19.100000381469727,2528,0.0,0.0
2024-10-25 12:50:00-04:00,19.110000610351562,19.110000610351562,19.104999542236328,19.109365463256836,6770,0.0,0.0
2024-10-25 12:55:00-04:00,19.103099822998047,19.103099822998047,19.079999923706055,19.079999923706055,13476,0.0,0.0
2024-10-25 13:00:00-04:00,19.079999923706055,19.094999313354492,19.075000762939453,19.094999313354492,8344,0.0,0.0
2024-10-25 13:05:00-04:00,19.094999313354492,19.104999542236328,19.094999313354492,19.104999542236328,5823,0.0,0.0
2024-10-25 13:10:00-04:00,19.110000610351562,19.110000610351562,19.094999313354492,19.104999542236328,7810,0.0,0.0
2024-10-25 13:15:00-04:00,19.100000381469727,19.104999542236328,19.065000534057617,19.06999969482422,33995,0.0,0.0
2024-10-25 13:20:00-04:00,19.06999969482422,19.075000762939453,19.049999237060547,19.06999969482422,16203,0.0,0.0
2024-10-25 13:25:00-04:00,19.06999969482422,19.079999923706055,19.06999969482422,19.075000762939453,3419,0.0,0.0
2024-10-25 13:30:00-04:00,19.075000762939453,19.1299991607666,19.075000762939453,19.110000610351562,24046,0.0,0.0
2024-10-25 13:35:00-04:00,19.110000610351562,19.110000610351562,19.100000381469727,19.110000610351562,6929,0.0,0.0
2024-10-25 13:40:00-04:00,19.110000610351562,19.110000610351562,19.040000915527344,19.040000915527344,19552,0.0,0.0
2024-10-25 13:45:00-04:00,19.024999618530273,19.06999969482422,19.024999618530273,19.06999969482422,7126,0.0,0.0
2024-10-25 13:50:00-04:00,19.079999923706055,19.100000381469727,19.079999923706055,19.100000381469727,16821,0.0,0.0
2024-10-25 13:55:00-04:00,19.100000381469727,19.104999542236328,19.010000228881836,19.014999389648438,12567,0.0,0.0
2024-10-25 14:00:00-04:00,19.0049991607666,19.010000228881836,18.940000534057617,18.989999771118164,14810,0.0,0.0
2024-10-25 14:05:00-04:00,18.985000610351562,18.985000610351562,18.940000534057617,18.940000534057617,2365,0.0,0.0
2024-10-25 14:10:00-04:00,18.950000762939453,18.959999084472656,18.920000076293945,18.959999084472656,10911,0.0,0.0
2024-10-25 14:15:00-04:00,18.950000762939453,18.969999313354492,18.940000534057617,18.969999313354492,3639,0.0,0.0
2024-10-25 14:20:00-04:00,18.969999313354492,18.979999542236328,18.959999084472656,18.969999313354492,2499,0.0,0.0
2024-10-25 14:25:00-04:00,18.975000381469727,19.010000228881836,18.975000381469727,19.0,4193,0.0,0.0
2024-10-25 14:30:00-04:00,18.989999771118164,19.0049991607666,18.979999542236328,19.0049991607666,4354,0.0,0.0
2024-10-25 14:35:00-04:00,19.010000228881836,19.030000686645508,19.0,19.030000686645508,15769,0.0,0.0
2024-10-25 14:40:00-04:00,19.030000686645508,19.045000076293945,19.024999618530273,19.040000915527344,8420,0.0,0.0
2024-10-25 14:45:00-04:00,19.040000915527344,19.049999237060547,19.024999618530273,19.039499282836914,3525,0.0,0.0
2024-10-25 14:50:00-04:00,19.03499984741211,19.040000915527344,19.030000686645508,19.030000686645508,7718,0.0,0.0
2024-10-25 14:55:00-04:00,19.024999618530273,19.030000686645508,19.010000228881836,19.030000686645508,14983,0.0,0.0
2024-10-25 15:00:00-04:00,19.03499984741211,19.084999084472656,19.03499984741211,19.059999465942383,17107,0.0,0.0
2024-10-25 15:05:00-04:00,19.059999465942383,19.06999969482422,19.059999465942383,19.059999465942383,4008,0.0,0.0
2024-10-25 15:10:00-04:00,19.049999237060547,19.059999465942383,19.040000915527344,19.045000076293945,5867,0.0,0.0
2024-10-25 15:15:00-04:00,19.045000076293945,19.049999237060547,19.03499984741211,19.040000915527344,7960,0.0,0.0
2024-10-25 15:20:00-04:00,19.040000915527344,19.05500030517578,19.040000915527344,19.049999237060547,3046,0.0,0.0
2024-10-25 15:25:00-04:00,19.05500030517578,19.065000534057617,19.05500030517578,19.065000534057617,1929,0.0,0.0
2024-10-25 15:30:00-04:00,19.06999969482422,19.06999969482422,19.020000457763672,19.020000457763672,11840,0.0,0.0
2024-10-25 15:35:00-04:00,19.024999618530273,19.030000686645508,19.010000228881836,19.024999618530273,14829,0.0,0.0
2024-10-25 15:40:00-04:00,19.024999618530273,19.024999618530273,19.012685775756836,19.020000457763672,11289,0.0,0.0
2024-10-25 15:45:00-04:00,19.020000457763672,19.024999618530273,19.0,19.0,37011,0.0,0.0
2024-10-25 15:50:00-04:00,19.0,19.020999908447266,18.979999542236328,19.014999389648438,47165,0.0,0.0
2024-10-25 15:55:00-04:00,19.014999389648438,19.040000915527344,19.0,19.040000915527344,61009,0.0,0.0
