Datetime,Open,High,Low,Close,Volume,Dividends,Stock Splits,Capital Gains
2024-09-26 09:30:00-04:00,77.08000183105469,77.08000183105469,77.08000183105469,77.08000183105469,1032,0.0,0.0,0.0
2024-09-26 09:35:00-04:00,77.00499725341797,77.00499725341797,77.00499725341797,77.00499725341797,265,0.0,0.0,0.0
2024-09-26 09:50:00-04:00,76.5999984741211,76.5999984741211,76.5999984741211,76.5999984741211,431,0.0,0.0,0.0
2024-09-26 09:55:00-04:00,76.79000091552734,76.79000091552734,76.79000091552734,76.79000091552734,469,0.0,0.0,0.0
2024-09-26 10:15:00-04:00,76.76000213623047,76.76000213623047,76.76000213623047,76.76000213623047,761,0.0,0.0,0.0
2024-09-26 10:50:00-04:00,76.2699966430664,76.2699966430664,76.2699966430664,76.2699966430664,527,0.0,0.0,0.0
2024-09-26 11:00:00-04:00,75.75,75.75,75.75,75.75,120,0.0,0.0,0.0
2024-09-26 11:05:00-04:00,76.0,76.0,76.0,76.0,256,0.0,0.0,0.0
2024-09-26 11:25:00-04:00,76.2300033569336,76.2300033569336,76.2300033569336,76.2300033569336,226,0.0,0.0,0.0
2024-09-26 11:40:00-04:00,76.47000122070312,76.47000122070312,76.47000122070312,76.47000122070312,397,0.0,0.0,0.0
2024-09-26 12:00:00-04:00,76.38500213623047,76.38500213623047,76.38500213623047,76.38500213623047,349,0.0,0.0,0.0
2024-09-26 12:10:00-04:00,76.38999938964844,76.38999938964844,76.38999938964844,76.38999938964844,107,0.0,0.0,0.0
2024-09-26 12:15:00-04:00,76.47000122070312,76.47000122070312,76.47000122070312,76.47000122070312,101,0.0,0.0,0.0
2024-09-26 12:20:00-04:00,76.3949966430664,76.3949966430664,76.3949966430664,76.3949966430664,429,0.0,0.0,0.0
2024-09-26 12:25:00-04:00,76.33670043945312,76.33670043945312,76.33670043945312,76.33670043945312,203,0.0,0.0,0.0
2024-09-26 12:35:00-04:00,76.3550033569336,76.43000030517578,76.3550033569336,76.43000030517578,713,0.0,0.0,0.0
2024-09-26 13:00:00-04:00,76.30999755859375,76.30999755859375,76.30999755859375,76.30999755859375,257,0.0,0.0,0.0
2024-09-26 13:05:00-04:00,76.31999969482422,76.31999969482422,76.31999969482422,76.31999969482422,323,0.0,0.0,0.0
2024-09-26 13:30:00-04:00,76.41000366210938,76.41000366210938,76.41000366210938,76.41000366210938,178,0.0,0.0,0.0
2024-09-26 13:35:00-04:00,76.45999908447266,76.45999908447266,76.45999908447266,76.45999908447266,809,0.0,0.0,0.0
2024-09-26 14:15:00-04:00,76.47000122070312,76.47000122070312,76.47000122070312,76.47000122070312,212,0.0,0.0,0.0
2024-09-26 14:25:00-04:00,76.6500015258789,76.6500015258789,76.6500015258789,76.6500015258789,177,0.0,0.0,0.0
2024-09-26 14:30:00-04:00,76.63999938964844,76.63999938964844,76.63999938964844,76.63999938964844,322,0.0,0.0,0.0
2024-09-26 14:40:00-04:00,76.65989685058594,76.65989685058594,76.48999786376953,76.48999786376953,533,0.0,0.0,0.0
2024-09-26 14:45:00-04:00,76.54499816894531,76.62999725341797,76.54499816894531,76.62999725341797,662,0.0,0.0,0.0
2024-09-26 15:05:00-04:00,76.51000213623047,76.51000213623047,76.51000213623047,76.51000213623047,236,0.0,0.0,0.0
2024-09-26 15:10:00-04:00,76.69000244140625,76.69000244140625,76.69000244140625,76.69000244140625,200,0.0,0.0,0.0
2024-09-26 15:20:00-04:00,76.72989654541016,76.7300033569336,76.72989654541016,76.7300033569336,415,0.0,0.0,0.0
2024-09-26 15:45:00-04:00,76.69999694824219,76.69999694824219,76.69999694824219,76.69999694824219,240,0.0,0.0,0.0
2024-09-26 15:50:00-04:00,76.62999725341797,76.62999725341797,76.62999725341797,76.62999725341797,157,0.0,0.0,0.0
2024-09-26 15:55:00-04:00,76.62999725341797,76.75,76.62999725341797,76.75,2100,0.0,0.0,0.0
2024-09-27 09:30:00-04:00,76.5199966430664,76.5199966430664,76.5199966430664,76.5199966430664,534,0.0,0.0,0.0
2024-09-27 09:40:00-04:00,76.68000030517578,76.68000030517578,76.68000030517578,76.68000030517578,285,0.0,0.0,0.0
2024-09-27 09:45:00-04:00,76.5199966430664,76.5199966430664,76.5199966430664,76.5199966430664,263,0.0,0.0,0.0
2024-09-27 10:00:00-04:00,76.69999694824219,76.69999694824219,76.69999694824219,76.69999694824219,931,0.0,0.0,0.0
2024-09-27 10:20:00-04:00,76.76000213623047,76.76000213623047,76.76000213623047,76.76000213623047,743,0.0,0.0,0.0
2024-09-27 10:30:00-04:00,76.76000213623047,76.76000213623047,76.76000213623047,76.76000213623047,545,0.0,0.0,0.0
2024-09-27 10:35:00-04:00,76.76000213623047,76.76000213623047,76.76000213623047,76.76000213623047,1803,0.0,0.0,0.0
2024-09-27 10:45:00-04:00,76.72000122070312,76.72000122070312,76.69000244140625,76.69000244140625,536,0.0,0.0,0.0
2024-09-27 10:50:00-04:00,76.69999694824219,76.69999694824219,76.69999694824219,76.69999694824219,154,0.0,0.0,0.0
2024-09-27 11:00:00-04:00,76.57270050048828,76.57270050048828,76.5,76.5,2147,0.0,0.0,0.0
2024-09-27 11:05:00-04:00,76.43499755859375,76.43499755859375,76.43499755859375,76.43499755859375,373,0.0,0.0,0.0
2024-09-27 11:35:00-04:00,76.44999694824219,76.44999694824219,76.44999694824219,76.44999694824219,804,0.0,0.0,0.0
2024-09-27 11:55:00-04:00,76.43000030517578,76.43000030517578,76.43000030517578,76.43000030517578,486,0.0,0.0,0.0
2024-09-27 12:50:00-04:00,76.55619812011719,76.55619812011719,76.55619812011719,76.55619812011719,334,0.0,0.0,0.0
2024-09-27 13:30:00-04:00,76.41000366210938,76.41000366210938,76.41000366210938,76.41000366210938,261,0.0,0.0,0.0
2024-09-27 14:00:00-04:00,76.41899871826172,76.44000244140625,76.30999755859375,76.44000244140625,933,0.0,0.0,0.0
2024-09-27 14:10:00-04:00,76.25,76.25,76.25,76.25,173,0.0,0.0,0.0
2024-09-27 14:55:00-04:00,76.41999816894531,76.41999816894531,76.41999816894531,76.41999816894531,306,0.0,0.0,0.0
2024-09-27 15:00:00-04:00,76.20899963378906,76.20899963378906,76.20899963378906,76.20899963378906,1981,0.0,0.0,0.0
2024-09-27 15:35:00-04:00,76.16000366210938,76.16000366210938,76.16000366210938,76.16000366210938,456,0.0,0.0,0.0
2024-09-27 15:45:00-04:00,76.4000015258789,76.4000015258789,76.4000015258789,76.4000015258789,905,0.0,0.0,0.0
2024-09-27 15:55:00-04:00,76.41999816894531,76.41999816894531,76.41999816894531,76.41999816894531,577,0.0,0.0,0.0
2024-09-30 09:30:00-04:00,76.5,76.5,76.3406982421875,76.3406982421875,6755,0.0,0.0,0.0
2024-09-30 09:35:00-04:00,76.62000274658203,76.62000274658203,76.62000274658203,76.62000274658203,159,0.0,0.0,0.0
2024-09-30 09:45:00-04:00,76.58999633789062,76.75,76.2249984741211,76.2249984741211,608,0.0,0.0,0.0
2024-09-30 09:50:00-04:00,76.61000061035156,76.73999786376953,76.61000061035156,76.73999786376953,563,0.0,0.0,0.0
2024-09-30 09:55:00-04:00,76.75,76.75,76.02999877929688,76.63500213623047,1918,0.0,0.0,0.0
2024-09-30 10:15:00-04:00,76.58999633789062,76.58999633789062,76.58999633789062,76.58999633789062,289,0.0,0.0,0.0
2024-09-30 10:20:00-04:00,76.50749969482422,76.50749969482422,76.50749969482422,76.50749969482422,148,0.0,0.0,0.0
2024-09-30 10:25:00-04:00,76.55999755859375,76.55999755859375,76.55999755859375,76.55999755859375,145,0.0,0.0,0.0
2024-09-30 10:50:00-04:00,76.55999755859375,76.55999755859375,76.55999755859375,76.55999755859375,147,0.0,0.0,0.0
2024-09-30 11:00:00-04:00,76.44999694824219,76.44999694824219,76.44999694824219,76.44999694824219,107,0.0,0.0,0.0
2024-09-30 11:10:00-04:00,76.47000122070312,76.47000122070312,76.47000122070312,76.47000122070312,104,0.0,0.0,0.0
2024-09-30 11:20:00-04:00,76.45500183105469,76.45500183105469,76.45500183105469,76.45500183105469,103,0.0,0.0,0.0
2024-09-30 11:35:00-04:00,76.2699966430664,76.2699966430664,76.2699966430664,76.2699966430664,290,0.0,0.0,0.0
2024-09-30 12:00:00-04:00,76.125,76.1449966430664,76.0999984741211,76.0999984741211,1433,0.0,0.0,0.0
2024-09-30 12:20:00-04:00,76.19989776611328,76.19989776611328,76.19989776611328,76.19989776611328,231,0.0,0.0,0.0
2024-09-30 12:25:00-04:00,76.19999694824219,76.19999694824219,76.19999694824219,76.19999694824219,230,0.0,0.0,0.0
2024-09-30 13:00:00-04:00,76.38999938964844,76.38999938964844,76.38999938964844,76.38999938964844,118,0.0,0.0,0.0
2024-09-30 13:10:00-04:00,76.49459838867188,76.49459838867188,76.49459838867188,76.49459838867188,200,0.0,0.0,0.0
2024-09-30 13:15:00-04:00,76.51000213623047,76.51000213623047,76.51000213623047,76.51000213623047,195,0.0,0.0,0.0
2024-09-30 13:25:00-04:00,76.3550033569336,76.3550033569336,76.3550033569336,76.3550033569336,178,0.0,0.0,0.0
2024-09-30 13:50:00-04:00,76.41000366210938,76.41000366210938,76.41000366210938,76.41000366210938,137,0.0,0.0,0.0
2024-09-30 13:55:00-04:00,76.38289642333984,76.38289642333984,76.38289642333984,76.38289642333984,367,0.0,0.0,0.0
2024-09-30 14:05:00-04:00,76.37999725341797,76.37999725341797,76.37999725341797,76.37999725341797,146,0.0,0.0,0.0
2024-09-30 14:20:00-04:00,76.00499725341797,76.0978012084961,76.00499725341797,76.0978012084961,1052,0.0,0.0,0.0
2024-09-30 14:45:00-04:00,76.19000244140625,76.19000244140625,76.19000244140625,76.19000244140625,152,0.0,0.0,0.0
2024-09-30 14:50:00-04:00,76.18000030517578,76.18000030517578,76.18000030517578,76.18000030517578,169,0.0,0.0,0.0
2024-09-30 15:00:00-04:00,76.19000244140625,76.19989776611328,76.19000244140625,76.19989776611328,536,0.0,0.0,0.0
2024-09-30 15:05:00-04:00,76.19000244140625,76.19000244140625,76.19000244140625,76.19000244140625,323,0.0,0.0,0.0
2024-09-30 15:10:00-04:00,76.08499908447266,76.08499908447266,76.08499908447266,76.08499908447266,524,0.0,0.0,0.0
2024-09-30 15:15:00-04:00,75.96109771728516,75.96109771728516,75.96109771728516,75.96109771728516,714,0.0,0.0,0.0
2024-09-30 15:20:00-04:00,76.1500015258789,76.1500015258789,76.1500015258789,76.1500015258789,0,0.0,0.0,0.0
2024-09-30 15:30:00-04:00,76.18000030517578,76.1980972290039,76.03500366210938,76.06749725341797,1023,0.0,0.0,0.0
2024-09-30 15:50:00-04:00,75.9800033569336,76.2698974609375,75.9800033569336,76.24960327148438,1373,0.0,0.0,0.0
2024-09-30 15:55:00-04:00,76.2300033569336,76.25,76.1500015258789,76.25,1366,0.0,0.0,0.0
2024-10-01 09:30:00-04:00,76.12999725341797,76.12999725341797,76.08999633789062,76.08999633789062,1541,0.0,0.0,0.0
2024-10-01 10:35:00-04:00,75.12030029296875,75.12030029296875,75.12030029296875,75.12030029296875,140,0.0,0.0,0.0
2024-10-01 10:55:00-04:00,75.41940307617188,75.41940307617188,75.41940307617188,75.41940307617188,121,0.0,0.0,0.0
2024-10-01 11:35:00-04:00,75.34819793701172,75.34819793701172,75.34819793701172,75.34819793701172,282,0.0,0.0,0.0
2024-10-01 11:50:00-04:00,75.4800033569336,75.4800033569336,75.4800033569336,75.4800033569336,246,0.0,0.0,0.0
2024-10-01 12:20:00-04:00,75.59500122070312,75.59500122070312,75.59500122070312,75.59500122070312,145,0.0,0.0,0.0
2024-10-01 12:30:00-04:00,75.4000015258789,75.4000015258789,75.4000015258789,75.4000015258789,244,0.0,0.0,0.0
2024-10-01 12:50:00-04:00,75.22550201416016,75.22550201416016,75.22550201416016,75.22550201416016,361,0.0,0.0,0.0
2024-10-01 12:55:00-04:00,75.25,75.31500244140625,74.91999816894531,75.25499725341797,9320,0.0,0.0,0.0
2024-10-01 13:05:00-04:00,75.08599853515625,75.08599853515625,75.08599853515625,75.08599853515625,109,0.0,0.0,0.0
2024-10-01 13:25:00-04:00,74.93499755859375,74.93499755859375,74.93499755859375,74.93499755859375,201,0.0,0.0,0.0
2024-10-01 13:30:00-04:00,75.02999877929688,75.02999877929688,75.02999877929688,75.02999877929688,6,0.0,0.0,0.0
2024-10-01 13:35:00-04:00,75.13500213623047,75.13500213623047,75.13500213623047,75.13500213623047,101,0.0,0.0,0.0
2024-10-01 13:40:00-04:00,75.16000366210938,75.16000366210938,75.07720184326172,75.07720184326172,268,0.0,0.0,0.0
2024-10-01 13:50:00-04:00,75.16010284423828,75.16010284423828,75.16010284423828,75.16010284423828,109,0.0,0.0,0.0
2024-10-01 13:55:00-04:00,75.33499908447266,75.33499908447266,75.33499908447266,75.33499908447266,196,0.0,0.0,0.0
2024-10-01 14:00:00-04:00,75.44000244140625,75.52870178222656,75.44000244140625,75.52870178222656,2100,0.0,0.0,0.0
2024-10-01 14:05:00-04:00,75.51499938964844,75.51499938964844,75.51499938964844,75.51499938964844,0,0.0,0.0,0.0
2024-10-01 14:10:00-04:00,75.54000091552734,75.54000091552734,75.54000091552734,75.54000091552734,216,0.0,0.0,0.0
2024-10-01 14:25:00-04:00,75.63999938964844,75.68000030517578,75.63999938964844,75.68000030517578,271,0.0,0.0,0.0
2024-10-01 14:40:00-04:00,75.68000030517578,75.69999694824219,75.68000030517578,75.69999694824219,222,0.0,0.0,0.0
2024-10-01 14:45:00-04:00,75.69999694824219,75.69999694824219,75.69999694824219,75.69999694824219,291,0.0,0.0,0.0
2024-10-01 15:00:00-04:00,75.7249984741211,75.7249984741211,75.7249984741211,75.7249984741211,118,0.0,0.0,0.0
2024-10-01 15:15:00-04:00,75.73999786376953,75.73999786376953,75.69999694824219,75.69999694824219,320,0.0,0.0,0.0
2024-10-01 15:25:00-04:00,75.80000305175781,75.80000305175781,75.79499816894531,75.79499816894531,356,0.0,0.0,0.0
2024-10-01 15:35:00-04:00,75.6449966430664,75.6449966430664,75.63999938964844,75.63999938964844,403,0.0,0.0,0.0
2024-10-01 15:50:00-04:00,75.61499786376953,75.61499786376953,75.61499786376953,75.61499786376953,723,0.0,0.0,0.0
2024-10-01 15:55:00-04:00,75.77999877929688,75.80000305175781,75.74949645996094,75.74949645996094,3026,0.0,0.0,0.0
2024-10-02 09:30:00-04:00,75.86000061035156,75.86000061035156,75.86000061035156,75.86000061035156,1122,0.0,0.0,0.0
2024-10-02 09:55:00-04:00,75.86499786376953,75.86499786376953,75.86499786376953,75.86499786376953,699,0.0,0.0,0.0
2024-10-02 10:05:00-04:00,75.94999694824219,75.94999694824219,75.94999694824219,75.94999694824219,770,0.0,0.0,0.0
2024-10-02 10:45:00-04:00,76.0,76.03500366210938,76.0,76.03500366210938,860,0.0,0.0,0.0
2024-10-02 11:20:00-04:00,75.86499786376953,75.99500274658203,75.86499786376953,75.99500274658203,580,0.0,0.0,0.0
2024-10-02 11:35:00-04:00,76.17680358886719,76.17680358886719,76.17680358886719,76.17680358886719,263,0.0,0.0,0.0
2024-10-02 11:50:00-04:00,76.01000213623047,76.01000213623047,76.0,76.0,4624,0.0,0.0,0.0
2024-10-02 12:10:00-04:00,76.01000213623047,76.01000213623047,76.01000213623047,76.01000213623047,330,0.0,0.0,0.0
2024-10-02 12:35:00-04:00,76.1270980834961,76.1270980834961,76.1270980834961,76.1270980834961,175,0.0,0.0,0.0
2024-10-02 12:50:00-04:00,76.12000274658203,76.12000274658203,76.12000274658203,76.12000274658203,200,0.0,0.0,0.0
2024-10-02 12:55:00-04:00,75.9749984741211,75.9749984741211,75.9749984741211,75.9749984741211,87,0.0,0.0,0.0
2024-10-02 13:05:00-04:00,75.8125991821289,75.8125991821289,75.8125991821289,75.8125991821289,489,0.0,0.0,0.0
2024-10-02 13:25:00-04:00,76.05000305175781,76.05000305175781,76.05000305175781,76.05000305175781,370,0.0,0.0,0.0
2024-10-02 13:35:00-04:00,76.01000213623047,76.01000213623047,76.01000213623047,76.01000213623047,430,0.0,0.0,0.0
2024-10-02 13:50:00-04:00,76.06999969482422,76.06999969482422,76.06999969482422,76.06999969482422,363,0.0,0.0,0.0
2024-10-02 14:30:00-04:00,76.11000061035156,76.11000061035156,75.97000122070312,75.97000122070312,515,0.0,0.0,0.0
2024-10-02 14:35:00-04:00,76.0458984375,76.0458984375,76.0458984375,76.0458984375,181,0.0,0.0,0.0
2024-10-02 15:25:00-04:00,76.12000274658203,76.12000274658203,76.12000274658203,76.12000274658203,448,0.0,0.0,0.0
2024-10-02 15:45:00-04:00,76.16000366210938,76.16999816894531,76.1500015258789,76.1500015258789,1334,0.0,0.0,0.0
2024-10-02 15:55:00-04:00,76.0469970703125,76.0469970703125,76.0469970703125,76.0469970703125,200,0.0,0.0,0.0
2024-10-03 09:30:00-04:00,75.43000030517578,75.43000030517578,75.43000030517578,75.43000030517578,732,0.0,0.0,0.0
2024-10-03 09:40:00-04:00,75.40119934082031,75.40119934082031,75.37999725341797,75.37999725341797,781,0.0,0.0,0.0
2024-10-03 09:45:00-04:00,75.68499755859375,75.70999908447266,75.68499755859375,75.70999908447266,712,0.0,0.0,0.0
2024-10-03 10:05:00-04:00,76.11000061035156,76.11000061035156,76.11000061035156,76.11000061035156,1714,0.0,0.0,0.0
2024-10-03 10:50:00-04:00,75.51000213623047,75.51000213623047,75.51000213623047,75.51000213623047,907,0.0,0.0,0.0
2024-10-03 12:55:00-04:00,75.6166000366211,75.6166000366211,75.6166000366211,75.6166000366211,355,0.0,0.0,0.0
2024-10-03 13:10:00-04:00,75.55500030517578,75.55500030517578,75.55500030517578,75.55500030517578,571,0.0,0.0,0.0
2024-10-03 14:55:00-04:00,75.49230194091797,75.49230194091797,75.49230194091797,75.49230194091797,494,0.0,0.0,0.0
2024-10-03 15:00:00-04:00,75.48629760742188,75.48629760742188,75.48629760742188,75.48629760742188,198,0.0,0.0,0.0
2024-10-03 15:10:00-04:00,75.41000366210938,75.41000366210938,75.41000366210938,75.41000366210938,465,0.0,0.0,0.0
2024-10-03 15:55:00-04:00,75.44499969482422,75.54000091552734,75.44499969482422,75.4749984741211,992,0.0,0.0,0.0
2024-10-04 09:30:00-04:00,76.23999786376953,76.23999786376953,76.0999984741211,76.16999816894531,1307,0.0,0.0,0.0
2024-10-04 09:40:00-04:00,76.18000030517578,76.18000030517578,76.18000030517578,76.18000030517578,696,0.0,0.0,0.0
2024-10-04 09:45:00-04:00,76.30999755859375,76.41999816894531,76.30999755859375,76.41999816894531,1849,0.0,0.0,0.0
2024-10-04 10:00:00-04:00,75.83000183105469,76.12770080566406,75.83000183105469,76.12770080566406,1642,0.0,0.0,0.0
2024-10-04 10:05:00-04:00,76.17500305175781,76.17500305175781,76.17500305175781,76.17500305175781,368,0.0,0.0,0.0
2024-10-04 10:10:00-04:00,76.15499877929688,76.15499877929688,76.1449966430664,76.14749908447266,800,0.0,0.0,0.0
2024-10-04 10:15:00-04:00,76.15499877929688,76.23159790039062,76.1449966430664,76.23159790039062,841,0.0,0.0,0.0
2024-10-04 11:10:00-04:00,76.31500244140625,76.31500244140625,76.31500244140625,76.31500244140625,139,0.0,0.0,0.0
2024-10-04 11:45:00-04:00,76.27999877929688,76.27999877929688,76.27999877929688,76.27999877929688,436,0.0,0.0,0.0
2024-10-04 12:20:00-04:00,76.47869873046875,76.47869873046875,76.47869873046875,76.47869873046875,470,0.0,0.0,0.0
2024-10-04 12:30:00-04:00,76.30280303955078,76.30280303955078,76.30280303955078,76.30280303955078,633,0.0,0.0,0.0
2024-10-04 13:00:00-04:00,76.55500030517578,76.55500030517578,76.55500030517578,76.55500030517578,652,0.0,0.0,0.0
2024-10-04 13:55:00-04:00,76.62000274658203,76.62000274658203,76.62000274658203,76.62000274658203,201,0.0,0.0,0.0
2024-10-04 14:05:00-04:00,76.42150115966797,76.42150115966797,76.42150115966797,76.42150115966797,893,0.0,0.0,0.0
2024-10-04 14:30:00-04:00,76.47419738769531,76.47419738769531,76.47419738769531,76.47419738769531,367,0.0,0.0,0.0
2024-10-04 15:20:00-04:00,76.66000366210938,76.66000366210938,76.66000366210938,76.66000366210938,144,0.0,0.0,0.0
2024-10-04 15:30:00-04:00,76.75,76.75,76.75,76.75,517,0.0,0.0,0.0
2024-10-04 15:40:00-04:00,76.84989929199219,76.84989929199219,76.84989929199219,76.84989929199219,139,0.0,0.0,0.0
2024-10-04 15:50:00-04:00,76.76000213623047,76.76000213623047,76.76000213623047,76.76000213623047,895,0.0,0.0,0.0
2024-10-04 15:55:00-04:00,76.94000244140625,76.94000244140625,76.94000244140625,76.94000244140625,600,0.0,0.0,0.0
2024-10-07 09:30:00-04:00,77.0999984741211,77.3740005493164,77.0999984741211,77.3740005493164,1762,0.0,0.0,0.0
2024-10-07 09:35:00-04:00,77.13999938964844,77.13999938964844,77.13999938964844,77.13999938964844,250,0.0,0.0,0.0
2024-10-07 09:40:00-04:00,77.27999877929688,77.27999877929688,77.27999877929688,77.27999877929688,420,0.0,0.0,0.0
2024-10-07 10:10:00-04:00,77.30999755859375,77.30999755859375,77.27999877929688,77.30999755859375,1075,0.0,0.0,0.0
2024-10-07 10:25:00-04:00,77.20059967041016,77.20059967041016,77.20059967041016,77.20059967041016,353,0.0,0.0,0.0
2024-10-07 10:45:00-04:00,77.00499725341797,77.00499725341797,77.00499725341797,77.00499725341797,384,0.0,0.0,0.0
2024-10-07 11:20:00-04:00,77.0199966430664,77.0199966430664,77.0199966430664,77.0199966430664,186,0.0,0.0,0.0
2024-10-07 11:30:00-04:00,77.05000305175781,77.05000305175781,77.05000305175781,77.05000305175781,489,0.0,0.0,0.0
2024-10-07 12:20:00-04:00,76.93470001220703,76.93470001220703,76.93470001220703,76.93470001220703,363,0.0,0.0,0.0
2024-10-07 12:40:00-04:00,77.0250015258789,77.0250015258789,77.0250015258789,77.0250015258789,588,0.0,0.0,0.0
2024-10-07 13:45:00-04:00,77.26000213623047,77.26000213623047,77.05000305175781,77.05000305175781,466,0.0,0.0,0.0
2024-10-07 14:00:00-04:00,77.01000213623047,77.01000213623047,77.01000213623047,77.01000213623047,116,0.0,0.0,0.0
2024-10-07 14:15:00-04:00,77.01000213623047,77.05999755859375,76.94999694824219,76.94999694824219,688,0.0,0.0,0.0
2024-10-07 14:30:00-04:00,76.94999694824219,76.94999694824219,76.94999694824219,76.94999694824219,434,0.0,0.0,0.0
2024-10-07 14:40:00-04:00,76.9800033569336,76.9800033569336,76.9800033569336,76.9800033569336,1067,0.0,0.0,0.0
2024-10-07 15:20:00-04:00,76.98999786376953,76.98999786376953,76.98999786376953,76.98999786376953,394,0.0,0.0,0.0
2024-10-07 15:40:00-04:00,76.95929718017578,76.95929718017578,76.95929718017578,76.95929718017578,202,0.0,0.0,0.0
2024-10-07 15:50:00-04:00,77.20999908447266,77.21749877929688,77.20999908447266,77.21749877929688,500,0.0,0.0,0.0
2024-10-07 15:55:00-04:00,77.21749877929688,77.21749877929688,77.21749877929688,77.21749877929688,280,0.0,0.0,0.0
2024-10-08 09:30:00-04:00,75.5425033569336,75.8655014038086,75.5425033569336,75.8655014038086,1087,0.0,0.0,0.0
2024-10-08 09:50:00-04:00,75.58000183105469,75.58000183105469,75.58000183105469,75.58000183105469,1454,0.0,0.0,0.0
2024-10-08 09:55:00-04:00,75.95760345458984,75.95760345458984,75.95760345458984,75.95760345458984,449,0.0,0.0,0.0
2024-10-08 10:40:00-04:00,76.1760025024414,76.1760025024414,76.1760025024414,76.1760025024414,251,0.0,0.0,0.0
2024-10-08 11:00:00-04:00,76.28500366210938,76.28500366210938,76.28500366210938,76.28500366210938,142,0.0,0.0,0.0
2024-10-08 11:35:00-04:00,76.13990020751953,76.13990020751953,76.13990020751953,76.13990020751953,203,0.0,0.0,0.0
2024-10-08 12:40:00-04:00,76.07219696044922,76.33000183105469,76.07219696044922,76.33000183105469,1171,0.0,0.0,0.0
2024-10-08 13:30:00-04:00,76.02999877929688,76.02999877929688,76.02999877929688,76.02999877929688,1154,0.0,0.0,0.0
2024-10-08 14:00:00-04:00,75.95500183105469,75.95500183105469,75.95500183105469,75.95500183105469,723,0.0,0.0,0.0
2024-10-08 15:00:00-04:00,75.80139923095703,75.80139923095703,75.80139923095703,75.80139923095703,208,0.0,0.0,0.0
2024-10-08 15:05:00-04:00,75.83999633789062,75.83999633789062,75.68000030517578,75.79000091552734,8386,0.0,0.0,0.0
2024-10-08 15:30:00-04:00,75.91000366210938,75.91999816894531,75.91000366210938,75.91999816894531,853,0.0,0.0,0.0
2024-10-09 09:30:00-04:00,75.37999725341797,75.37999725341797,75.08999633789062,75.08999633789062,1880,0.0,0.0,0.0
2024-10-09 10:20:00-04:00,75.40470123291016,75.40470123291016,75.40470123291016,75.40470123291016,466,0.0,0.0,0.0
2024-10-09 11:00:00-04:00,75.51699829101562,75.51699829101562,75.51699829101562,75.51699829101562,574,0.0,0.0,0.0
2024-10-09 12:00:00-04:00,75.78500366210938,75.78500366210938,75.78500366210938,75.78500366210938,214,0.0,0.0,0.0
2024-10-09 12:05:00-04:00,75.87000274658203,75.87000274658203,75.87000274658203,75.87000274658203,233,0.0,0.0,0.0
2024-10-09 12:15:00-04:00,75.69499969482422,75.69499969482422,75.69499969482422,75.69499969482422,228,0.0,0.0,0.0
2024-10-09 13:00:00-04:00,75.77850341796875,75.77850341796875,75.77850341796875,75.77850341796875,156,0.0,0.0,0.0
2024-10-09 13:15:00-04:00,75.7300033569336,75.7300033569336,75.7300033569336,75.7300033569336,646,0.0,0.0,0.0
2024-10-09 13:50:00-04:00,75.71499633789062,75.71499633789062,75.71499633789062,75.71499633789062,224,0.0,0.0,0.0
2024-10-09 14:20:00-04:00,75.66000366210938,75.66000366210938,75.66000366210938,75.66000366210938,477,0.0,0.0,0.0
2024-10-09 15:30:00-04:00,75.62000274658203,75.64990234375,75.62000274658203,75.64990234375,345,0.0,0.0,0.0
2024-10-09 15:35:00-04:00,75.67990112304688,75.67990112304688,75.67990112304688,75.67990112304688,420,0.0,0.0,0.0
2024-10-09 15:40:00-04:00,75.66999816894531,75.66999816894531,75.66999816894531,75.66999816894531,363,0.0,0.0,0.0
2024-10-09 15:50:00-04:00,75.69989776611328,75.69989776611328,75.69989776611328,75.69989776611328,925,0.0,0.0,0.0
2024-10-10 09:30:00-04:00,74.8499984741211,74.8499984741211,74.8499984741211,74.8499984741211,631,0.0,0.0,0.0
2024-10-10 09:45:00-04:00,74.61000061035156,74.61000061035156,74.58999633789062,74.58999633789062,305,0.0,0.0,0.0
2024-10-10 09:50:00-04:00,74.52999877929688,74.52999877929688,74.52999877929688,74.52999877929688,132,0.0,0.0,0.0
2024-10-10 10:00:00-04:00,74.83999633789062,74.83999633789062,74.83999633789062,74.83999633789062,161,0.0,0.0,0.0
2024-10-10 10:35:00-04:00,74.70999908447266,74.70999908447266,74.70999908447266,74.70999908447266,213,0.0,0.0,0.0
2024-10-10 10:40:00-04:00,74.76000213623047,74.86000061035156,74.73999786376953,74.83999633789062,5168,0.0,0.0,0.0
2024-10-10 10:45:00-04:00,74.70999908447266,74.70999908447266,74.69000244140625,74.69999694824219,756,0.0,0.0,0.0
2024-10-10 10:50:00-04:00,74.62000274658203,74.63999938964844,74.62000274658203,74.63999938964844,3832,0.0,0.0,0.0
2024-10-10 10:55:00-04:00,74.63500213623047,74.6500015258789,74.63500213623047,74.63500213623047,302,0.0,0.0,0.0
2024-10-10 11:00:00-04:00,74.65499877929688,74.65499877929688,74.65499877929688,74.65499877929688,205,0.0,0.0,0.0
2024-10-10 11:05:00-04:00,74.80000305175781,74.86499786376953,74.7249984741211,74.86499786376953,705,0.0,0.0,0.0
2024-10-10 11:10:00-04:00,74.875,74.88500213623047,74.875,74.88500213623047,203,0.0,0.0,0.0
2024-10-10 11:15:00-04:00,74.93499755859375,74.97000122070312,74.93499755859375,74.97000122070312,315,0.0,0.0,0.0
2024-10-10 11:20:00-04:00,74.91999816894531,74.91999816894531,74.88999938964844,74.88999938964844,302,0.0,0.0,0.0
2024-10-10 11:25:00-04:00,74.87999725341797,74.91999816894531,74.87999725341797,74.91999816894531,201,0.0,0.0,0.0
2024-10-10 11:30:00-04:00,74.88999938964844,74.9000015258789,74.88999938964844,74.9000015258789,200,0.0,0.0,0.0
2024-10-10 11:35:00-04:00,74.91999816894531,74.91999816894531,74.91999816894531,74.91999816894531,219,0.0,0.0,0.0
2024-10-10 11:40:00-04:00,74.95999908447266,74.97000122070312,74.95999908447266,74.97000122070312,393,0.0,0.0,0.0
2024-10-10 11:45:00-04:00,74.94999694824219,74.94999694824219,74.94999694824219,74.94999694824219,296,0.0,0.0,0.0
2024-10-10 11:50:00-04:00,74.94999694824219,74.95999908447266,74.94999694824219,74.95999908447266,205,0.0,0.0,0.0
2024-10-10 11:55:00-04:00,74.98999786376953,74.98999786376953,74.98999786376953,74.98999786376953,325,0.0,0.0,0.0
2024-10-10 12:00:00-04:00,74.9749984741211,74.9749984741211,74.9749984741211,74.9749984741211,200,0.0,0.0,0.0
2024-10-10 12:05:00-04:00,74.9749984741211,74.9749984741211,74.9749984741211,74.9749984741211,174,0.0,0.0,0.0
2024-10-10 12:10:00-04:00,74.9800033569336,74.9800033569336,74.9749984741211,74.9749984741211,403,0.0,0.0,0.0
2024-10-10 12:15:00-04:00,75.0199966430664,75.0199966430664,75.0199966430664,75.0199966430664,100,0.0,0.0,0.0
2024-10-10 12:20:00-04:00,75.0199966430664,75.0199966430664,75.0,75.0,101,0.0,0.0,0.0
2024-10-10 12:25:00-04:00,74.97000122070312,74.97000122070312,74.88999938964844,74.88999938964844,313,0.0,0.0,0.0
2024-10-10 12:30:00-04:00,74.73500061035156,74.73500061035156,74.73500061035156,74.73500061035156,102,0.0,0.0,0.0
2024-10-10 12:35:00-04:00,74.73500061035156,74.73500061035156,74.73500061035156,74.73500061035156,300,0.0,0.0,0.0
2024-10-10 12:40:00-04:00,74.73500061035156,74.73500061035156,74.7300033569336,74.7300033569336,200,0.0,0.0,0.0
2024-10-10 12:45:00-04:00,74.7300033569336,74.7300033569336,74.7300033569336,74.7300033569336,100,0.0,0.0,0.0
2024-10-10 12:50:00-04:00,74.66000366210938,74.66000366210938,74.6449966430664,74.6449966430664,200,0.0,0.0,0.0
2024-10-10 12:55:00-04:00,74.6449966430664,74.6449966430664,74.55000305175781,74.55000305175781,285,0.0,0.0,0.0
2024-10-10 13:00:00-04:00,74.56500244140625,74.56500244140625,74.56500244140625,74.56500244140625,200,0.0,0.0,0.0
2024-10-10 13:05:00-04:00,74.55000305175781,74.55000305175781,74.55000305175781,74.55000305175781,104,0.0,0.0,0.0
2024-10-10 13:10:00-04:00,74.50499725341797,74.51969909667969,74.50499725341797,74.51969909667969,264,0.0,0.0,0.0
2024-10-10 13:15:00-04:00,74.50499725341797,74.54499816894531,74.50499725341797,74.54499816894531,300,0.0,0.0,0.0
2024-10-10 13:20:00-04:00,74.6449966430664,74.65499877929688,74.6449966430664,74.65499877929688,306,0.0,0.0,0.0
2024-10-10 13:25:00-04:00,74.66500091552734,74.66500091552734,74.66500091552734,74.66500091552734,200,0.0,0.0,0.0
2024-10-10 13:30:00-04:00,74.66500091552734,74.69499969482422,74.66500091552734,74.69499969482422,103,0.0,0.0,0.0
2024-10-10 13:35:00-04:00,74.70500183105469,74.71499633789062,74.70500183105469,74.71499633789062,209,0.0,0.0,0.0
2024-10-10 13:40:00-04:00,74.71499633789062,74.71499633789062,74.71499633789062,74.71499633789062,220,0.0,0.0,0.0
2024-10-10 13:45:00-04:00,74.76000213623047,74.76000213623047,74.7249984741211,74.7249984741211,300,0.0,0.0,0.0
2024-10-10 13:50:00-04:00,74.70999908447266,74.70999908447266,74.66500091552734,74.66500091552734,126,0.0,0.0,0.0
2024-10-10 13:55:00-04:00,74.68499755859375,74.68499755859375,74.68499755859375,74.68499755859375,200,0.0,0.0,0.0
2024-10-10 14:00:00-04:00,74.7249984741211,74.7300033569336,74.7249984741211,74.7300033569336,120,0.0,0.0,0.0
2024-10-10 14:05:00-04:00,74.68000030517578,74.68000030517578,74.68000030517578,74.68000030517578,353,0.0,0.0,0.0
2024-10-10 14:10:00-04:00,74.66000366210938,74.66000366210938,74.58000183105469,74.58000183105469,401,0.0,0.0,0.0
2024-10-10 14:15:00-04:00,74.56500244140625,74.56500244140625,74.56500244140625,74.56500244140625,200,0.0,0.0,0.0
2024-10-10 14:20:00-04:00,74.56500244140625,74.56500244140625,74.56500244140625,74.56500244140625,200,0.0,0.0,0.0
2024-10-10 14:25:00-04:00,74.56500244140625,74.56500244140625,74.55999755859375,74.55999755859375,200,0.0,0.0,0.0
2024-10-10 14:30:00-04:00,74.56500244140625,74.57499694824219,74.56500244140625,74.57499694824219,6476,0.0,0.0,0.0
2024-10-10 14:45:00-04:00,74.57499694824219,74.58000183105469,74.56999969482422,74.58000183105469,1281,0.0,0.0,0.0
2024-10-10 14:55:00-04:00,74.59500122070312,74.59500122070312,74.58999633789062,74.58999633789062,427,0.0,0.0,0.0
2024-10-10 15:35:00-04:00,74.41999816894531,74.41999816894531,74.41999816894531,74.41999816894531,588,0.0,0.0,0.0
2024-10-10 15:50:00-04:00,74.66999816894531,74.66999816894531,74.66999816894531,74.66999816894531,200,0.0,0.0,0.0
2024-10-10 15:55:00-04:00,74.68499755859375,74.68499755859375,74.61000061035156,74.61000061035156,608,0.0,0.0,0.0
2024-10-11 09:30:00-04:00,74.19000244140625,74.58999633789062,74.19000244140625,74.38999938964844,4458,0.0,0.0,0.0
2024-10-11 09:35:00-04:00,74.68000030517578,74.68000030517578,74.68000030517578,74.68000030517578,1534,0.0,0.0,0.0
2024-10-11 09:40:00-04:00,74.7699966430664,74.7699966430664,74.72000122070312,74.72010040283203,2376,0.0,0.0,0.0
2024-10-11 09:50:00-04:00,75.0093994140625,75.0093994140625,75.0093994140625,75.0093994140625,278,0.0,0.0,0.0
2024-10-11 10:05:00-04:00,74.98500061035156,74.98500061035156,74.98500061035156,74.98500061035156,689,0.0,0.0,0.0
2024-10-11 12:30:00-04:00,75.23999786376953,75.23999786376953,75.23999786376953,75.23999786376953,220,0.0,0.0,0.0
2024-10-11 12:50:00-04:00,75.25,75.25,75.25,75.25,207,0.0,0.0,0.0
2024-10-11 12:55:00-04:00,75.30000305175781,75.30000305175781,75.30000305175781,75.30000305175781,301,0.0,0.0,0.0
2024-10-11 13:00:00-04:00,75.30000305175781,75.30000305175781,75.30000305175781,75.30000305175781,240,0.0,0.0,0.0
2024-10-11 13:10:00-04:00,75.24960327148438,75.24960327148438,75.24960327148438,75.24960327148438,63,0.0,0.0,0.0
2024-10-11 13:25:00-04:00,75.3949966430664,75.3949966430664,75.3949966430664,75.3949966430664,263,0.0,0.0,0.0
2024-10-11 13:30:00-04:00,75.41000366210938,75.41000366210938,75.41000366210938,75.41000366210938,443,0.0,0.0,0.0
2024-10-11 15:05:00-04:00,75.4540023803711,75.4540023803711,75.4540023803711,75.4540023803711,174,0.0,0.0,0.0
2024-10-11 15:45:00-04:00,75.4000015258789,75.4000015258789,75.4000015258789,75.4000015258789,232,0.0,0.0,0.0
2024-10-11 15:55:00-04:00,75.44999694824219,75.47000122070312,75.26000213623047,75.45999908447266,3791,0.0,0.0,0.0
2024-10-14 09:30:00-04:00,74.55000305175781,74.55000305175781,74.55000305175781,74.55000305175781,0,0.0,0.0,0.0
2024-10-14 10:10:00-04:00,74.90630340576172,74.90630340576172,74.90630340576172,74.90630340576172,685,0.0,0.0,0.0
2024-10-14 11:30:00-04:00,74.84929656982422,74.84929656982422,74.83499908447266,74.83499908447266,667,0.0,0.0,0.0
2024-10-14 11:40:00-04:00,74.83999633789062,74.83999633789062,74.83999633789062,74.83999633789062,104,0.0,0.0,0.0
2024-10-14 11:45:00-04:00,74.82499694824219,74.83999633789062,74.82499694824219,74.83999633789062,1474,0.0,0.0,0.0
2024-10-14 12:20:00-04:00,75.08470153808594,75.08470153808594,75.08470153808594,75.08470153808594,435,0.0,0.0,0.0
2024-10-14 13:25:00-04:00,74.818603515625,74.818603515625,74.80010223388672,74.80010223388672,434,0.0,0.0,0.0
2024-10-14 14:05:00-04:00,75.0199966430664,75.0199966430664,75.0199966430664,75.0199966430664,210,0.0,0.0,0.0
2024-10-14 14:35:00-04:00,74.79000091552734,75.0199966430664,74.79000091552734,74.91999816894531,905,0.0,0.0,0.0
2024-10-14 15:25:00-04:00,75.01000213623047,75.0999984741211,75.01000213623047,75.0999984741211,10198,0.0,0.0,0.0
2024-10-14 15:35:00-04:00,75.04000091552734,75.04000091552734,75.04000091552734,75.04000091552734,166,0.0,0.0,0.0
2024-10-14 15:40:00-04:00,74.8270034790039,74.8270034790039,74.8270034790039,74.8270034790039,1071,0.0,0.0,0.0
2024-10-15 09:30:00-04:00,74.31999969482422,74.31999969482422,74.31999969482422,74.31999969482422,2073,0.0,0.0,0.0
2024-10-15 10:05:00-04:00,74.69499969482422,74.69499969482422,74.69499969482422,74.69499969482422,106,0.0,0.0,0.0
2024-10-15 10:10:00-04:00,74.6249008178711,74.6249008178711,74.6249008178711,74.6249008178711,108,0.0,0.0,0.0
2024-10-15 10:15:00-04:00,74.61000061035156,74.61000061035156,74.61000061035156,74.61000061035156,108,0.0,0.0,0.0
2024-10-15 10:20:00-04:00,74.49240112304688,74.49240112304688,74.49240112304688,74.49240112304688,246,0.0,0.0,0.0
2024-10-15 10:35:00-04:00,74.02999877929688,74.02999877929688,74.0,74.0,858,0.0,0.0,0.0
2024-10-15 10:40:00-04:00,74.03500366210938,74.03500366210938,74.03500366210938,74.03500366210938,117,0.0,0.0,0.0
2024-10-15 10:45:00-04:00,74.09500122070312,74.09500122070312,74.09500122070312,74.09500122070312,578,0.0,0.0,0.0
2024-10-15 10:55:00-04:00,74.31999969482422,74.33999633789062,74.31999969482422,74.33999633789062,884,0.0,0.0,0.0
2024-10-15 11:25:00-04:00,74.197998046875,74.197998046875,74.197998046875,74.197998046875,392,0.0,0.0,0.0
2024-10-15 12:00:00-04:00,73.87010192871094,73.87010192871094,73.87010192871094,73.87010192871094,155,0.0,0.0,0.0
2024-10-15 12:15:00-04:00,74.02999877929688,74.02999877929688,74.02999877929688,74.02999877929688,256,0.0,0.0,0.0
2024-10-15 12:40:00-04:00,74.08699798583984,74.08699798583984,74.08699798583984,74.08699798583984,217,0.0,0.0,0.0
2024-10-15 13:05:00-04:00,73.8949966430664,73.8949966430664,73.8949966430664,73.8949966430664,1026,0.0,0.0,0.0
2024-10-15 14:35:00-04:00,73.88079833984375,73.88079833984375,73.88079833984375,73.88079833984375,379,0.0,0.0,0.0
2024-10-15 14:45:00-04:00,73.97360229492188,73.97360229492188,73.97360229492188,73.97360229492188,748,0.0,0.0,0.0
2024-10-15 14:50:00-04:00,73.73999786376953,73.73999786376953,73.73999786376953,73.73999786376953,456,0.0,0.0,0.0
2024-10-15 15:25:00-04:00,73.82990264892578,73.82990264892578,73.82990264892578,73.82990264892578,146,0.0,0.0,0.0
2024-10-15 15:40:00-04:00,73.75,73.75,73.75,73.75,157,0.0,0.0,0.0
2024-10-15 15:45:00-04:00,73.70999908447266,73.70999908447266,73.70999908447266,73.70999908447266,408,0.0,0.0,0.0
2024-10-15 15:50:00-04:00,73.66000366210938,73.66000366210938,73.66000366210938,73.66000366210938,1299,0.0,0.0,0.0
2024-10-15 15:55:00-04:00,73.69999694824219,73.69999694824219,73.6500015258789,73.6500015258789,1003,0.0,0.0,0.0
2024-10-16 09:30:00-04:00,73.87000274658203,73.87000274658203,73.87000274658203,73.87000274658203,2831,0.0,0.0,0.0
2024-10-16 09:45:00-04:00,73.7249984741211,73.7249984741211,73.7249984741211,73.7249984741211,1702,0.0,0.0,0.0
2024-10-16 09:55:00-04:00,73.59500122070312,73.59500122070312,73.59500122070312,73.59500122070312,294,0.0,0.0,0.0
2024-10-16 10:00:00-04:00,73.58999633789062,73.63500213623047,73.5,73.63500213623047,976,0.0,0.0,0.0
2024-10-16 10:05:00-04:00,73.61499786376953,73.625,73.61499786376953,73.625,1798,0.0,0.0,0.0
2024-10-16 10:25:00-04:00,73.62000274658203,73.62000274658203,73.58999633789062,73.61070251464844,1466,0.0,0.0,0.0
2024-10-16 10:35:00-04:00,73.56780242919922,73.59500122070312,73.56780242919922,73.58999633789062,5991,0.0,0.0,0.0
2024-10-16 10:40:00-04:00,73.58000183105469,73.58000183105469,73.5,73.5,0,0.0,0.0,0.0
2024-10-16 10:45:00-04:00,73.55999755859375,73.62000274658203,73.55999755859375,73.62000274658203,685,0.0,0.0,0.0
2024-10-16 10:50:00-04:00,73.66000366210938,73.66000366210938,73.66000366210938,73.66000366210938,309,0.0,0.0,0.0
2024-10-16 10:55:00-04:00,73.69000244140625,73.69000244140625,73.69000244140625,73.69000244140625,317,0.0,0.0,0.0
2024-10-16 11:00:00-04:00,73.76000213623047,73.76000213623047,73.76000213623047,73.76000213623047,304,0.0,0.0,0.0
2024-10-16 11:05:00-04:00,73.8499984741211,73.8499984741211,73.8499984741211,73.8499984741211,180,0.0,0.0,0.0
2024-10-16 11:10:00-04:00,73.86499786376953,73.93000030517578,73.86499786376953,73.93000030517578,884,0.0,0.0,0.0
2024-10-16 11:20:00-04:00,73.90499877929688,73.90499877929688,73.90499877929688,73.90499877929688,201,0.0,0.0,0.0
2024-10-16 11:25:00-04:00,73.83999633789062,74.05500030517578,73.83999633789062,74.05500030517578,531,0.0,0.0,0.0
2024-10-16 11:30:00-04:00,73.87000274658203,73.87000274658203,73.87000274658203,73.87000274658203,184,0.0,0.0,0.0
2024-10-16 11:35:00-04:00,73.88999938964844,73.88999938964844,73.88999938964844,73.88999938964844,211,0.0,0.0,0.0
2024-10-16 11:40:00-04:00,73.88999938964844,73.88999938964844,73.88999938964844,73.88999938964844,216,0.0,0.0,0.0
2024-10-16 11:45:00-04:00,73.87999725341797,73.87999725341797,73.79000091552734,73.79000091552734,288,0.0,0.0,0.0
2024-10-16 11:50:00-04:00,73.79000091552734,73.79000091552734,73.79000091552734,73.79000091552734,201,0.0,0.0,0.0
2024-10-16 11:55:00-04:00,73.76000213623047,73.76000213623047,73.76000213623047,73.76000213623047,768,0.0,0.0,0.0
2024-10-16 12:05:00-04:00,73.7300033569336,73.7300033569336,73.7300033569336,73.7300033569336,289,0.0,0.0,0.0
2024-10-16 12:10:00-04:00,73.87999725341797,73.94999694824219,73.87999725341797,73.94999694824219,691,0.0,0.0,0.0
2024-10-16 12:15:00-04:00,73.70999908447266,73.70999908447266,73.70999908447266,73.70999908447266,193,0.0,0.0,0.0
2024-10-16 12:20:00-04:00,73.73999786376953,73.73999786376953,73.72010040283203,73.72010040283203,1081,0.0,0.0,0.0
2024-10-16 12:35:00-04:00,73.72000122070312,73.72000122070312,73.72000122070312,73.72000122070312,188,0.0,0.0,0.0
2024-10-16 12:40:00-04:00,73.73999786376953,73.94550323486328,73.73999786376953,73.94550323486328,542,0.0,0.0,0.0
2024-10-16 12:45:00-04:00,73.72000122070312,73.95989990234375,73.72000122070312,73.95989990234375,430,0.0,0.0,0.0
2024-10-16 12:50:00-04:00,73.68000030517578,73.69999694824219,73.68000030517578,73.69999694824219,547,0.0,0.0,0.0
2024-10-16 13:00:00-04:00,73.8550033569336,73.8550033569336,73.8550033569336,73.8550033569336,204,0.0,0.0,0.0
2024-10-16 13:05:00-04:00,73.7300033569336,73.7300033569336,73.7300033569336,73.7300033569336,104,0.0,0.0,0.0
2024-10-16 13:10:00-04:00,73.7300033569336,73.7300033569336,73.70999908447266,73.70999908447266,324,0.0,0.0,0.0
2024-10-16 13:15:00-04:00,73.69000244140625,73.69000244140625,73.69000244140625,73.69000244140625,190,0.0,0.0,0.0
2024-10-16 13:20:00-04:00,73.69999694824219,73.69999694824219,73.69999694824219,73.69999694824219,191,0.0,0.0,0.0
2024-10-16 13:25:00-04:00,73.73999786376953,73.73999786376953,73.73999786376953,73.73999786376953,149,0.0,0.0,0.0
2024-10-16 13:30:00-04:00,73.72000122070312,73.72000122070312,73.72000122070312,73.72000122070312,478,0.0,0.0,0.0
2024-10-16 13:40:00-04:00,73.70999908447266,73.70999908447266,73.70999908447266,73.70999908447266,507,0.0,0.0,0.0
2024-10-16 13:55:00-04:00,73.7300033569336,73.7300033569336,73.69999694824219,73.69999694824219,371,0.0,0.0,0.0
2024-10-16 14:00:00-04:00,73.68000030517578,73.68000030517578,73.68000030517578,73.68000030517578,183,0.0,0.0,0.0
2024-10-16 14:05:00-04:00,73.6500015258789,73.6500015258789,73.6500015258789,73.6500015258789,734,0.0,0.0,0.0
2024-10-16 14:20:00-04:00,73.83499908447266,73.83499908447266,73.83499908447266,73.83499908447266,201,0.0,0.0,0.0
2024-10-16 14:25:00-04:00,73.82499694824219,73.82499694824219,73.82499694824219,73.82499694824219,201,0.0,0.0,0.0
2024-10-16 14:30:00-04:00,73.82499694824219,73.82499694824219,73.82499694824219,73.82499694824219,690,0.0,0.0,0.0
2024-10-16 14:45:00-04:00,73.73999786376953,73.73999786376953,73.73999786376953,73.73999786376953,953,0.0,0.0,0.0
2024-10-16 14:55:00-04:00,73.72000122070312,73.72000122070312,73.70999908447266,73.70999908447266,227,0.0,0.0,0.0
2024-10-16 15:00:00-04:00,73.70999908447266,73.70999908447266,73.69999694824219,73.69999694824219,405,0.0,0.0,0.0
2024-10-16 15:05:00-04:00,73.70999908447266,73.70999908447266,73.70999908447266,73.70999908447266,288,0.0,0.0,0.0
2024-10-16 15:10:00-04:00,73.80999755859375,73.80999755859375,73.80999755859375,73.80999755859375,867,0.0,0.0,0.0
2024-10-16 15:25:00-04:00,73.7699966430664,73.7699966430664,73.7699966430664,73.7699966430664,415,0.0,0.0,0.0
2024-10-16 15:30:00-04:00,73.7699966430664,73.82499694824219,73.7300033569336,73.82499694824219,607,0.0,0.0,0.0
2024-10-16 15:35:00-04:00,73.72000122070312,73.72000122070312,73.72000122070312,73.72000122070312,2,0.0,0.0,0.0
2024-10-16 15:40:00-04:00,73.70999908447266,73.80000305175781,73.70999908447266,73.80000305175781,741,0.0,0.0,0.0
2024-10-16 15:45:00-04:00,73.69999694824219,73.69999694824219,73.69999694824219,73.69999694824219,407,0.0,0.0,0.0
2024-10-16 15:50:00-04:00,73.66999816894531,73.80500030517578,73.66999816894531,73.80500030517578,1226,0.0,0.0,0.0
2024-10-16 15:55:00-04:00,73.72000122070312,73.80999755859375,73.70999908447266,73.80999755859375,3269,0.0,0.0,0.0
2024-10-17 09:30:00-04:00,73.72000122070312,73.72000122070312,73.72000122070312,73.72000122070312,298,0.0,0.0,0.0
2024-10-17 09:35:00-04:00,73.5,73.5,73.36000061035156,73.41999816894531,1497,0.0,0.0,0.0
2024-10-17 09:50:00-04:00,73.40499877929688,73.40499877929688,73.30000305175781,73.30000305175781,1820,0.0,0.0,0.0
2024-10-17 10:00:00-04:00,73.27850341796875,73.27850341796875,73.27850341796875,73.27850341796875,1032,0.0,0.0,0.0
2024-10-17 10:25:00-04:00,73.07559967041016,73.07559967041016,73.05999755859375,73.05999755859375,412,0.0,0.0,0.0
2024-10-17 10:35:00-04:00,73.11640167236328,73.11640167236328,73.11640167236328,73.11640167236328,522,0.0,0.0,0.0
2024-10-17 11:00:00-04:00,73.0199966430664,73.0199966430664,73.0199966430664,73.0199966430664,461,0.0,0.0,0.0
2024-10-17 11:15:00-04:00,72.91999816894531,72.91999816894531,72.91999816894531,72.91999816894531,121,0.0,0.0,0.0
2024-10-17 11:30:00-04:00,73.29000091552734,73.29000091552734,73.29000091552734,73.29000091552734,104,0.0,0.0,0.0
2024-10-17 11:35:00-04:00,73.17500305175781,73.17500305175781,73.17500305175781,73.17500305175781,420,0.0,0.0,0.0
2024-10-17 11:45:00-04:00,73.04239654541016,73.04239654541016,73.04239654541016,73.04239654541016,111,0.0,0.0,0.0
2024-10-17 11:55:00-04:00,73.1500015258789,73.1500015258789,73.08000183105469,73.08000183105469,546,0.0,0.0,0.0
2024-10-17 12:40:00-04:00,73.125,73.125,73.125,73.125,456,0.0,0.0,0.0
2024-10-17 14:10:00-04:00,73.18000030517578,73.18000030517578,73.18000030517578,73.18000030517578,589,0.0,0.0,0.0
2024-10-17 15:25:00-04:00,72.81999969482422,72.81999969482422,72.81999969482422,72.81999969482422,269,0.0,0.0,0.0
2024-10-17 15:40:00-04:00,72.9000015258789,72.9000015258789,72.9000015258789,72.9000015258789,1032,0.0,0.0,0.0
2024-10-17 15:50:00-04:00,72.98999786376953,72.98999786376953,72.98999786376953,72.98999786376953,164,0.0,0.0,0.0
2024-10-17 15:55:00-04:00,72.93000030517578,73.01000213623047,72.93000030517578,73.01000213623047,1126,0.0,0.0,0.0
2024-10-18 09:30:00-04:00,73.61000061035156,73.97000122070312,73.61000061035156,73.97000122070312,1303,0.0,0.0,0.0
2024-10-18 09:35:00-04:00,73.76000213623047,73.76000213623047,73.76000213623047,73.76000213623047,275,0.0,0.0,0.0
2024-10-18 10:05:00-04:00,73.93990325927734,73.93990325927734,73.93990325927734,73.93990325927734,134,0.0,0.0,0.0
2024-10-18 10:10:00-04:00,73.8499984741211,73.9175033569336,73.8499984741211,73.9175033569336,391,0.0,0.0,0.0
2024-10-18 10:30:00-04:00,73.97989654541016,73.97989654541016,73.97989654541016,73.97989654541016,713,0.0,0.0,0.0
2024-10-18 11:30:00-04:00,73.9271011352539,73.9271011352539,73.9271011352539,73.9271011352539,202,0.0,0.0,0.0
2024-10-18 11:40:00-04:00,73.71199798583984,73.71199798583984,73.71199798583984,73.71199798583984,234,0.0,0.0,0.0
2024-10-18 12:00:00-04:00,73.6500015258789,73.6500015258789,73.6405029296875,73.6405029296875,1494,0.0,0.0,0.0
2024-10-18 12:30:00-04:00,73.8938980102539,73.8938980102539,73.8938980102539,73.8938980102539,356,0.0,0.0,0.0
2024-10-18 12:35:00-04:00,73.69999694824219,73.69999694824219,73.69999694824219,73.69999694824219,93,0.0,0.0,0.0
2024-10-18 13:30:00-04:00,73.91000366210938,73.91000366210938,73.91000366210938,73.91000366210938,209,0.0,0.0,0.0
2024-10-18 13:50:00-04:00,73.70999908447266,73.70999908447266,73.70999908447266,73.70999908447266,486,0.0,0.0,0.0
2024-10-18 14:55:00-04:00,73.7300033569336,73.7300033569336,73.7300033569336,73.7300033569336,172,0.0,0.0,0.0
2024-10-18 15:45:00-04:00,73.63009643554688,73.63009643554688,73.63009643554688,73.63009643554688,1100,0.0,0.0,0.0
2024-10-18 15:50:00-04:00,73.7699966430664,73.7699966430664,73.7699966430664,73.7699966430664,2,0.0,0.0,0.0
2024-10-18 15:55:00-04:00,73.66999816894531,73.8499984741211,73.66999816894531,73.76499938964844,1502,0.0,0.0,0.0
2024-10-21 09:30:00-04:00,73.41999816894531,73.41999816894531,73.41999816894531,73.41999816894531,1218,0.0,0.0,0.0
2024-10-21 10:25:00-04:00,73.91000366210938,73.91000366210938,73.91000366210938,73.91000366210938,414,0.0,0.0,0.0
2024-10-21 10:30:00-04:00,73.81999969482422,73.81999969482422,73.80999755859375,73.80999755859375,401,0.0,0.0,0.0
2024-10-21 10:40:00-04:00,73.67500305175781,73.67500305175781,73.67500305175781,73.67500305175781,682,0.0,0.0,0.0
2024-10-21 11:00:00-04:00,73.56500244140625,73.56500244140625,73.56500244140625,73.56500244140625,458,0.0,0.0,0.0
2024-10-21 11:25:00-04:00,73.33000183105469,73.33000183105469,73.33000183105469,73.33000183105469,568,0.0,0.0,0.0
2024-10-21 11:55:00-04:00,73.59290313720703,73.59290313720703,73.59290313720703,73.59290313720703,117,0.0,0.0,0.0
2024-10-21 12:15:00-04:00,73.51000213623047,73.51000213623047,73.51000213623047,73.51000213623047,348,0.0,0.0,0.0
2024-10-21 13:30:00-04:00,73.61080169677734,73.69000244140625,73.60009765625,73.60009765625,950,0.0,0.0,0.0
2024-10-21 13:55:00-04:00,73.76730346679688,73.76730346679688,73.76730346679688,73.76730346679688,447,0.0,0.0,0.0
2024-10-21 15:10:00-04:00,73.79000091552734,73.79000091552734,73.79000091552734,73.79000091552734,103,0.0,0.0,0.0
2024-10-21 15:15:00-04:00,73.9000015258789,73.9000015258789,73.9000015258789,73.9000015258789,372,0.0,0.0,0.0
2024-10-21 15:50:00-04:00,74.0,74.0,74.0,74.0,565,0.0,0.0,0.0
2024-10-22 09:30:00-04:00,73.62000274658203,73.62000274658203,73.62000274658203,73.62000274658203,297,0.0,0.0,0.0
2024-10-22 09:40:00-04:00,73.75,73.75,73.75,73.75,102,0.0,0.0,0.0
2024-10-22 09:45:00-04:00,73.66000366210938,73.72000122070312,73.66000366210938,73.66000366210938,1038,0.0,0.0,0.0
2024-10-22 10:00:00-04:00,73.7300033569336,73.7300033569336,73.7300033569336,73.7300033569336,325,0.0,0.0,0.0
2024-10-22 10:10:00-04:00,73.52999877929688,73.52999877929688,73.52999877929688,73.52999877929688,931,0.0,0.0,0.0
2024-10-22 10:55:00-04:00,73.5199966430664,73.5199966430664,73.5199966430664,73.5199966430664,229,0.0,0.0,0.0
2024-10-22 11:20:00-04:00,73.47000122070312,73.47000122070312,73.47000122070312,73.47000122070312,2020,0.0,0.0,0.0
2024-10-22 12:20:00-04:00,73.30460357666016,73.30460357666016,73.30460357666016,73.30460357666016,440,0.0,0.0,0.0
2024-10-22 12:35:00-04:00,73.26000213623047,73.26000213623047,73.26000213623047,73.26000213623047,321,0.0,0.0,0.0
2024-10-22 12:50:00-04:00,73.29000091552734,73.29000091552734,73.29000091552734,73.29000091552734,322,0.0,0.0,0.0
2024-10-22 13:10:00-04:00,73.38999938964844,73.38999938964844,73.38999938964844,73.38999938964844,525,0.0,0.0,0.0
2024-10-22 13:50:00-04:00,73.61000061035156,73.61000061035156,73.61000061035156,73.61000061035156,317,0.0,0.0,0.0
2024-10-22 14:20:00-04:00,73.58999633789062,73.58999633789062,73.58999633789062,73.58999633789062,180,0.0,0.0,0.0
2024-10-22 14:45:00-04:00,73.55000305175781,73.55000305175781,73.55000305175781,73.55000305175781,186,0.0,0.0,0.0
2024-10-22 15:05:00-04:00,73.64769744873047,73.64769744873047,73.56999969482422,73.56999969482422,337,0.0,0.0,0.0
2024-10-22 15:15:00-04:00,73.6500015258789,73.6500015258789,73.6500015258789,73.6500015258789,210,0.0,0.0,0.0
2024-10-22 15:55:00-04:00,73.7300033569336,73.7300033569336,73.7300033569336,73.7300033569336,528,0.0,0.0,0.0
2024-10-23 09:30:00-04:00,73.33000183105469,73.56999969482422,73.33000183105469,73.56999969482422,2394,0.0,0.0,0.0
2024-10-23 09:35:00-04:00,73.62000274658203,73.62000274658203,73.62000274658203,73.62000274658203,597,0.0,0.0,0.0
2024-10-23 09:40:00-04:00,73.63999938964844,73.63999938964844,73.63999938964844,73.63999938964844,367,0.0,0.0,0.0
2024-10-23 09:55:00-04:00,73.66000366210938,73.66000366210938,73.62000274658203,73.62000274658203,448,0.0,0.0,0.0
2024-10-23 10:40:00-04:00,73.4000015258789,73.4000015258789,73.4000015258789,73.4000015258789,159,0.0,0.0,0.0
2024-10-23 10:45:00-04:00,73.68000030517578,73.68000030517578,73.62999725341797,73.62999725341797,446,0.0,0.0,0.0
2024-10-23 11:00:00-04:00,73.4000015258789,73.4000015258789,73.4000015258789,73.4000015258789,1911,0.0,0.0,0.0
2024-10-23 11:10:00-04:00,73.37999725341797,73.38999938964844,73.37999725341797,73.38999938964844,2968,0.0,0.0,0.0
2024-10-23 11:45:00-04:00,73.29000091552734,73.29499816894531,73.29000091552734,73.29499816894531,1030,0.0,0.0,0.0
2024-10-23 11:55:00-04:00,73.29000091552734,73.29499816894531,73.29000091552734,73.29499816894531,1057,0.0,0.0,0.0
2024-10-23 12:20:00-04:00,73.17500305175781,73.17500305175781,73.17500305175781,73.17500305175781,1354,0.0,0.0,0.0
2024-10-23 12:45:00-04:00,73.13999938964844,73.1500015258789,73.13999938964844,73.1449966430664,2458,0.0,0.0,0.0
2024-10-23 12:50:00-04:00,73.13999938964844,73.1449966430664,73.13999938964844,73.1449966430664,398,0.0,0.0,0.0
2024-10-23 13:10:00-04:00,72.86799621582031,72.86799621582031,72.78710174560547,72.80799865722656,3172,0.0,0.0,0.0
2024-10-23 13:15:00-04:00,72.76000213623047,72.87999725341797,72.73999786376953,72.87999725341797,612,0.0,0.0,0.0
2024-10-23 14:25:00-04:00,72.97129821777344,72.97129821777344,72.97129821777344,72.97129821777344,1194,0.0,0.0,0.0
2024-10-23 15:55:00-04:00,73.05000305175781,73.05000305175781,73.05000305175781,73.05000305175781,573,0.0,0.0,0.0
2024-10-24 09:30:00-04:00,73.5999984741211,73.5999984741211,73.543701171875,73.543701171875,510,0.0,0.0,0.0
2024-10-24 09:35:00-04:00,73.47000122070312,73.47000122070312,73.47000122070312,73.47000122070312,511,0.0,0.0,0.0
2024-10-24 10:10:00-04:00,73.71610260009766,73.71610260009766,73.71610260009766,73.71610260009766,347,0.0,0.0,0.0
2024-10-24 10:15:00-04:00,73.48999786376953,73.5,73.48999786376953,73.5,333,0.0,0.0,0.0
2024-10-24 10:30:00-04:00,73.5,73.5,73.5,73.5,199,0.0,0.0,0.0
2024-10-24 10:40:00-04:00,73.635498046875,73.635498046875,73.635498046875,73.635498046875,203,0.0,0.0,0.0
2024-10-24 11:10:00-04:00,73.52210235595703,73.52210235595703,73.52210235595703,73.52210235595703,276,0.0,0.0,0.0
2024-10-24 11:15:00-04:00,73.36100006103516,73.36100006103516,73.36000061035156,73.36000061035156,736,0.0,0.0,0.0
2024-10-24 11:25:00-04:00,73.44999694824219,73.44999694824219,73.44999694824219,73.44999694824219,322,0.0,0.0,0.0
2024-10-24 12:05:00-04:00,73.0999984741211,73.0999984741211,73.0999984741211,73.0999984741211,228,0.0,0.0,0.0
2024-10-24 12:10:00-04:00,73.07499694824219,73.07499694824219,73.07499694824219,73.07499694824219,86,0.0,0.0,0.0
2024-10-24 12:15:00-04:00,73.18000030517578,73.18000030517578,73.18000030517578,73.18000030517578,94,0.0,0.0,0.0
2024-10-24 12:45:00-04:00,73.45189666748047,73.45189666748047,73.45189666748047,73.45189666748047,225,0.0,0.0,0.0
2024-10-24 13:10:00-04:00,73.46189880371094,73.46189880371094,73.46189880371094,73.46189880371094,164,0.0,0.0,0.0
2024-10-24 14:10:00-04:00,73.2699966430664,73.27999877929688,73.2699966430664,73.27999877929688,230,0.0,0.0,0.0
2024-10-24 14:25:00-04:00,73.41600036621094,73.41600036621094,73.41600036621094,73.41600036621094,271,0.0,0.0,0.0
2024-10-24 14:35:00-04:00,73.41000366210938,73.41000366210938,73.41000366210938,73.41000366210938,277,0.0,0.0,0.0
2024-10-24 15:00:00-04:00,73.31999969482422,73.31999969482422,73.31999969482422,73.31999969482422,429,0.0,0.0,0.0
2024-10-24 15:50:00-04:00,73.3949966430664,73.3949966430664,73.3949966430664,73.3949966430664,235,0.0,0.0,0.0
2024-10-24 15:55:00-04:00,73.37000274658203,73.37000274658203,73.33000183105469,73.33000183105469,714,0.0,0.0,0.0
2024-10-25 09:30:00-04:00,73.86000061035156,73.86000061035156,73.86000061035156,73.86000061035156,205,0.0,0.0,0.0
2024-10-25 09:45:00-04:00,73.97000122070312,73.97000122070312,73.97000122070312,73.97000122070312,933,0.0,0.0,0.0
2024-10-25 10:15:00-04:00,74.26000213623047,74.30999755859375,74.13999938964844,74.13999938964844,2296,0.0,0.0,0.0
2024-10-25 11:05:00-04:00,74.13500213623047,74.13500213623047,74.13500213623047,74.13500213623047,501,0.0,0.0,0.0
2024-10-25 12:10:00-04:00,73.99659729003906,73.99659729003906,73.99659729003906,73.99659729003906,283,0.0,0.0,0.0
2024-10-25 12:45:00-04:00,74.0198974609375,74.0198974609375,74.0198974609375,74.0198974609375,826,0.0,0.0,0.0
2024-10-25 14:45:00-04:00,73.55000305175781,73.55000305175781,73.55000305175781,73.55000305175781,777,0.0,0.0,0.0
2024-10-25 15:00:00-04:00,73.55000305175781,73.55000305175781,73.55000305175781,73.55000305175781,858,0.0,0.0,0.0
