Datetime,Open,High,Low,Close,Volume,Dividends,Stock Splits,Capital Gains
2024-09-26 09:30:00-04:00,48.130001068115234,48.130001068115234,48.130001068115234,48.130001068115234,0,0.0,0.0,0.0
2024-09-26 10:20:00-04:00,47.95800018310547,47.95800018310547,47.95800018310547,47.95800018310547,305,0.0,0.0,0.0
2024-09-26 10:40:00-04:00,47.99039840698242,48.010101318359375,47.99039840698242,48.010101318359375,613,0.0,0.0,0.0
2024-09-26 10:50:00-04:00,47.959999084472656,47.959999084472656,47.959999084472656,47.959999084472656,206,0.0,0.0,0.0
2024-09-26 11:15:00-04:00,47.9109001159668,47.9109001159668,47.9109001159668,47.9109001159668,600,0.0,0.0,0.0
2024-09-26 11:20:00-04:00,47.92499923706055,47.92499923706055,47.92499923706055,47.92499923706055,148,0.0,0.0,0.0
2024-09-26 11:30:00-04:00,47.93861389160156,47.959999084472656,47.880001068115234,47.880001068115234,1604,0.0,0.0,0.0
2024-09-26 12:20:00-04:00,47.92499923706055,47.959999084472656,47.92499923706055,47.95000076293945,1187,0.0,0.0,0.0
2024-09-26 12:25:00-04:00,47.900001525878906,47.900001525878906,47.900001525878906,47.900001525878906,437,0.0,0.0,0.0
2024-09-26 13:10:00-04:00,47.915000915527344,47.915000915527344,47.915000915527344,47.915000915527344,375,0.0,0.0,0.0
2024-09-26 13:15:00-04:00,47.880001068115234,47.880001068115234,47.880001068115234,47.880001068115234,105,0.0,0.0,0.0
2024-09-26 13:25:00-04:00,47.909698486328125,47.93000030517578,47.909698486328125,47.93000030517578,711,0.0,0.0,0.0
2024-09-26 13:40:00-04:00,47.95000076293945,47.95000076293945,47.95000076293945,47.95000076293945,1073,0.0,0.0,0.0
2024-09-26 14:00:00-04:00,47.912498474121094,47.912498474121094,47.912498474121094,47.912498474121094,232,0.0,0.0,0.0
2024-09-26 14:15:00-04:00,47.97999954223633,47.97999954223633,47.943199157714844,47.943199157714844,1158,0.0,0.0,0.0
2024-09-26 14:30:00-04:00,47.97999954223633,47.97999954223633,47.97999954223633,47.97999954223633,2336,0.0,0.0,0.0
2024-09-26 14:40:00-04:00,47.974998474121094,48.0099983215332,47.974998474121094,48.0099983215332,3144,0.0,0.0,0.0
2024-09-26 14:50:00-04:00,48.0099983215332,48.0099983215332,48.0099983215332,48.0099983215332,1426,0.0,0.0,0.0
2024-09-26 15:00:00-04:00,47.9900016784668,47.9900016784668,47.9900016784668,47.9900016784668,1767,0.0,0.0,0.0
2024-09-26 15:05:00-04:00,47.9900016784668,47.9900016784668,47.97999954223633,47.9900016784668,161172,0.0,0.0,0.0
2024-09-26 15:35:00-04:00,47.97999954223633,47.97999954223633,47.97999954223633,47.97999954223633,121,0.0,0.0,0.0
2024-09-26 15:55:00-04:00,47.97999954223633,48.02000045776367,47.97999954223633,48.02000045776367,29170,0.0,0.0,0.0
2024-09-27 09:30:00-04:00,48.0,48.0,48.0,48.0,0,0.0,0.0,0.0
2024-09-27 10:05:00-04:00,47.99020004272461,47.99020004272461,47.99020004272461,47.99020004272461,268,0.0,0.0,0.0
2024-09-27 10:20:00-04:00,47.99020004272461,47.99020004272461,47.99020004272461,47.99020004272461,249,0.0,0.0,0.0
2024-09-27 10:30:00-04:00,48.0099983215332,48.0099983215332,48.0099983215332,48.0099983215332,323,0.0,0.0,0.0
2024-09-27 10:35:00-04:00,48.118900299072266,48.118900299072266,48.118900299072266,48.118900299072266,460,0.0,0.0,0.0
2024-09-27 10:45:00-04:00,48.060001373291016,48.060001373291016,48.0099983215332,48.0099983215332,286,0.0,0.0,0.0
2024-09-27 10:55:00-04:00,48.07659912109375,48.07659912109375,48.07659912109375,48.07659912109375,178,0.0,0.0,0.0
2024-09-27 11:15:00-04:00,48.0099983215332,48.0099983215332,48.0099983215332,48.0099983215332,310,0.0,0.0,0.0
2024-09-27 12:05:00-04:00,47.97999954223633,47.97999954223633,47.97999954223633,47.97999954223633,2700,0.0,0.0,0.0
2024-09-27 12:10:00-04:00,48.016300201416016,48.016300201416016,48.016300201416016,48.016300201416016,173,0.0,0.0,0.0
2024-09-27 12:40:00-04:00,47.95000076293945,47.97999954223633,47.95000076293945,47.97999954223633,145412,0.0,0.0,0.0
2024-09-27 12:45:00-04:00,48.0099983215332,48.040000915527344,48.0,48.02000045776367,5170,0.0,0.0,0.0
2024-09-27 12:50:00-04:00,47.98870086669922,47.98870086669922,47.98870086669922,47.98870086669922,809,0.0,0.0,0.0
2024-09-27 13:15:00-04:00,47.970001220703125,47.970001220703125,47.939998626708984,47.939998626708984,290,0.0,0.0,0.0
2024-09-27 13:30:00-04:00,47.939998626708984,47.939998626708984,47.93000030517578,47.93000030517578,701,0.0,0.0,0.0
2024-09-27 13:35:00-04:00,47.95000076293945,47.95000076293945,47.95000076293945,47.95000076293945,1000,0.0,0.0,0.0
2024-09-27 13:50:00-04:00,47.97999954223633,47.97999954223633,47.97999954223633,47.97999954223633,100,0.0,0.0,0.0
2024-09-27 14:00:00-04:00,47.97999954223633,47.97999954223633,47.97999954223633,47.97999954223633,108,0.0,0.0,0.0
2024-09-27 14:10:00-04:00,47.99489974975586,47.99489974975586,47.99489974975586,47.99489974975586,667,0.0,0.0,0.0
2024-09-27 14:25:00-04:00,47.91170120239258,47.91170120239258,47.90999984741211,47.90999984741211,1049,0.0,0.0,0.0
2024-09-27 15:00:00-04:00,47.95500183105469,47.95500183105469,47.95500183105469,47.95500183105469,216,0.0,0.0,0.0
2024-09-27 15:05:00-04:00,47.910099029541016,47.910099029541016,47.910099029541016,47.910099029541016,234,0.0,0.0,0.0
2024-09-27 15:15:00-04:00,47.984100341796875,47.984100341796875,47.984100341796875,47.984100341796875,320,0.0,0.0,0.0
2024-09-27 15:45:00-04:00,47.941200256347656,47.941200256347656,47.941200256347656,47.941200256347656,255,0.0,0.0,0.0
2024-09-27 15:55:00-04:00,47.939998626708984,47.970001220703125,47.939998626708984,47.970001220703125,853,0.0,0.0,0.0
2024-09-30 09:30:00-04:00,47.81999969482422,47.81999969482422,47.81999969482422,47.81999969482422,0,0.0,0.0,0.0
2024-09-30 09:40:00-04:00,47.91999816894531,47.91999816894531,47.91999816894531,47.91999816894531,214,0.0,0.0,0.0
2024-09-30 09:50:00-04:00,47.90079879760742,47.90079879760742,47.90079879760742,47.90079879760742,252,0.0,0.0,0.0
2024-09-30 10:15:00-04:00,47.89500045776367,47.909000396728516,47.89500045776367,47.900001525878906,525,0.0,0.0,0.0
2024-09-30 10:20:00-04:00,47.88999938964844,47.88999938964844,47.88999938964844,47.88999938964844,200,0.0,0.0,0.0
2024-09-30 10:25:00-04:00,47.88999938964844,47.88999938964844,47.880001068115234,47.880001068115234,621,0.0,0.0,0.0
2024-09-30 10:30:00-04:00,47.90010070800781,47.91999816894531,47.90010070800781,47.91999816894531,270,0.0,0.0,0.0
2024-09-30 10:35:00-04:00,47.93000030517578,47.93000030517578,47.91999816894531,47.91999816894531,814,0.0,0.0,0.0
2024-09-30 10:40:00-04:00,47.90999984741211,47.948001861572266,47.90999984741211,47.939998626708984,6147,0.0,0.0,0.0
2024-09-30 10:45:00-04:00,47.95000076293945,47.95000076293945,47.95000076293945,47.95000076293945,959,0.0,0.0,0.0
2024-09-30 10:55:00-04:00,47.94670104980469,47.94670104980469,47.94670104980469,47.94670104980469,484,0.0,0.0,0.0
2024-09-30 11:00:00-04:00,47.939998626708984,47.939998626708984,47.939998626708984,47.939998626708984,122,0.0,0.0,0.0
2024-09-30 11:05:00-04:00,47.95000076293945,47.95000076293945,47.935001373291016,47.935001373291016,11673,0.0,0.0,0.0
2024-09-30 11:10:00-04:00,47.95000076293945,47.95000076293945,47.95000076293945,47.95000076293945,70,0.0,0.0,0.0
2024-09-30 11:30:00-04:00,47.94329833984375,47.94329833984375,47.94329833984375,47.94329833984375,126,0.0,0.0,0.0
2024-09-30 11:40:00-04:00,47.93000030517578,47.93000030517578,47.91999816894531,47.91999816894531,530,0.0,0.0,0.0
2024-09-30 13:10:00-04:00,47.91999816894531,47.91999816894531,47.91999816894531,47.91999816894531,1065,0.0,0.0,0.0
2024-09-30 13:15:00-04:00,47.90999984741211,47.90999984741211,47.90999984741211,47.90999984741211,1220,0.0,0.0,0.0
2024-09-30 14:00:00-04:00,47.930599212646484,47.930599212646484,47.92499923706055,47.92499923706055,348,0.0,0.0,0.0
2024-09-30 14:15:00-04:00,47.880001068115234,47.880001068115234,47.880001068115234,47.880001068115234,117,0.0,0.0,0.0
2024-09-30 14:30:00-04:00,47.80820083618164,47.80820083618164,47.80820083618164,47.80820083618164,345,0.0,0.0,0.0
2024-09-30 14:40:00-04:00,47.8567008972168,47.8567008972168,47.8567008972168,47.8567008972168,146,0.0,0.0,0.0
2024-09-30 14:45:00-04:00,47.90999984741211,47.90999984741211,47.90999984741211,47.90999984741211,185,0.0,0.0,0.0
2024-09-30 14:50:00-04:00,47.869998931884766,47.869998931884766,47.869998931884766,47.869998931884766,136,0.0,0.0,0.0
2024-09-30 15:10:00-04:00,47.90999984741211,47.90999984741211,47.88999938964844,47.88999938964844,1510,0.0,0.0,0.0
2024-09-30 15:45:00-04:00,48.009300231933594,48.009300231933594,48.009300231933594,48.009300231933594,291,0.0,0.0,0.0
2024-09-30 15:55:00-04:00,48.099998474121094,48.11000061035156,48.08000183105469,48.11000061035156,2504,0.0,0.0,0.0
2024-10-01 09:30:00-04:00,47.97999954223633,48.03960037231445,47.97999954223633,48.03960037231445,0,0.0,0.0,0.0
2024-10-01 09:35:00-04:00,47.87125778198242,47.87125778198242,47.87125778198242,47.87125778198242,486,0.0,0.0,0.0
2024-10-01 09:40:00-04:00,47.875,47.875,47.875,47.875,425,0.0,0.0,0.0
2024-10-01 10:05:00-04:00,47.790000915527344,47.790000915527344,47.77000045776367,47.77000045776367,301,0.0,0.0,0.0
2024-10-01 10:10:00-04:00,47.74700164794922,47.74700164794922,47.74700164794922,47.74700164794922,468,0.0,0.0,0.0
2024-10-01 10:35:00-04:00,47.6875,47.6875,47.6875,47.6875,206,0.0,0.0,0.0
2024-10-01 11:00:00-04:00,47.74610137939453,47.74610137939453,47.74610137939453,47.74610137939453,368,0.0,0.0,0.0
2024-10-01 11:25:00-04:00,47.71500015258789,47.71500015258789,47.71500015258789,47.71500015258789,308,0.0,0.0,0.0
2024-10-01 11:40:00-04:00,47.81999969482422,47.81999969482422,47.81999969482422,47.81999969482422,215,0.0,0.0,0.0
2024-10-01 11:55:00-04:00,47.810001373291016,47.810001373291016,47.779998779296875,47.779998779296875,323,0.0,0.0,0.0
2024-10-01 12:00:00-04:00,47.80357360839844,47.80357360839844,47.80357360839844,47.80357360839844,209,0.0,0.0,0.0
2024-10-01 12:10:00-04:00,47.810001373291016,47.810001373291016,47.810001373291016,47.810001373291016,233,0.0,0.0,0.0
2024-10-01 12:25:00-04:00,47.79029083251953,47.79029083251953,47.79029083251953,47.79029083251953,152,0.0,0.0,0.0
2024-10-01 12:30:00-04:00,47.80690002441406,47.80690002441406,47.80690002441406,47.80690002441406,587,0.0,0.0,0.0
2024-10-01 13:10:00-04:00,47.720001220703125,47.720001220703125,47.720001220703125,47.720001220703125,540,0.0,0.0,0.0
2024-10-01 13:45:00-04:00,47.74530029296875,47.74530029296875,47.74530029296875,47.74530029296875,308,0.0,0.0,0.0
2024-10-01 13:50:00-04:00,47.73500061035156,47.73500061035156,47.73500061035156,47.73500061035156,557,0.0,0.0,0.0
2024-10-01 14:45:00-04:00,47.883201599121094,47.883201599121094,47.883201599121094,47.883201599121094,153,0.0,0.0,0.0
2024-10-01 15:05:00-04:00,47.86399841308594,47.86399841308594,47.86399841308594,47.86399841308594,179,0.0,0.0,0.0
2024-10-01 15:10:00-04:00,47.869998931884766,47.869998931884766,47.869998931884766,47.869998931884766,23497,0.0,0.0,0.0
2024-10-01 15:15:00-04:00,47.86000061035156,47.86000061035156,47.86000061035156,47.86000061035156,766,0.0,0.0,0.0
2024-10-01 15:20:00-04:00,47.88249206542969,47.88249206542969,47.88249206542969,47.88249206542969,482,0.0,0.0,0.0
2024-10-01 15:30:00-04:00,47.86000061035156,47.86000061035156,47.86000061035156,47.86000061035156,184,0.0,0.0,0.0
2024-10-01 15:35:00-04:00,47.81999969482422,47.83000183105469,47.81999969482422,47.828399658203125,632,0.0,0.0,0.0
2024-10-01 15:55:00-04:00,47.81999969482422,47.81999969482422,47.81999969482422,47.81999969482422,0,0.0,0.0,0.0
2024-10-02 10:20:00-04:00,47.77000045776367,47.77000045776367,47.77000045776367,47.77000045776367,1848,0.0,0.0,0.0
2024-10-02 10:25:00-04:00,47.75,47.762001037597656,47.75,47.762001037597656,1704,0.0,0.0,0.0
2024-10-02 10:40:00-04:00,47.81999969482422,47.81999969482422,47.81999969482422,47.81999969482422,142,0.0,0.0,0.0
2024-10-02 10:45:00-04:00,47.77470016479492,47.77470016479492,47.77470016479492,47.77470016479492,1393,0.0,0.0,0.0
2024-10-02 11:40:00-04:00,47.869998931884766,47.869998931884766,47.869998931884766,47.869998931884766,136,0.0,0.0,0.0
2024-10-02 11:50:00-04:00,47.834999084472656,47.834999084472656,47.834999084472656,47.834999084472656,284,0.0,0.0,0.0
2024-10-02 11:55:00-04:00,47.84000015258789,47.84000015258789,47.84000015258789,47.84000015258789,100,0.0,0.0,0.0
2024-10-02 12:20:00-04:00,47.8203010559082,47.8203010559082,47.8203010559082,47.8203010559082,251,0.0,0.0,0.0
2024-10-02 12:25:00-04:00,47.823001861572266,47.823001861572266,47.81999969482422,47.81999969482422,656,0.0,0.0,0.0
2024-10-02 12:35:00-04:00,47.83000183105469,47.84000015258789,47.83000183105469,47.84000015258789,2854,0.0,0.0,0.0
2024-10-02 12:40:00-04:00,47.83000183105469,47.83000183105469,47.83000183105469,47.83000183105469,124,0.0,0.0,0.0
2024-10-02 12:55:00-04:00,47.779998779296875,47.779998779296875,47.779998779296875,47.779998779296875,190,0.0,0.0,0.0
2024-10-02 13:55:00-04:00,47.82149887084961,47.82149887084961,47.82149887084961,47.82149887084961,306,0.0,0.0,0.0
2024-10-02 14:15:00-04:00,47.84000015258789,47.84000015258789,47.84000015258789,47.84000015258789,439,0.0,0.0,0.0
2024-10-02 14:20:00-04:00,47.79499816894531,47.79499816894531,47.79499816894531,47.79499816894531,780,0.0,0.0,0.0
2024-10-02 15:55:00-04:00,47.84000015258789,47.84000015258789,47.810001373291016,47.810001373291016,968,0.0,0.0,0.0
2024-10-03 09:30:00-04:00,47.829898834228516,47.829898834228516,47.829898834228516,47.829898834228516,183,0.0,0.0,0.0
2024-10-03 09:50:00-04:00,47.68009948730469,47.68009948730469,47.68009948730469,47.68009948730469,225,0.0,0.0,0.0
2024-10-03 10:10:00-04:00,47.75,47.75,47.72999954223633,47.72999954223633,380,0.0,0.0,0.0
2024-10-03 10:20:00-04:00,47.68069839477539,47.7400016784668,47.68000030517578,47.7400016784668,1449,0.0,0.0,0.0
2024-10-03 10:25:00-04:00,47.689998626708984,47.689998626708984,47.689998626708984,47.689998626708984,744,0.0,0.0,0.0
2024-10-03 10:45:00-04:00,47.720001220703125,47.720001220703125,47.720001220703125,47.720001220703125,335,0.0,0.0,0.0
2024-10-03 10:55:00-04:00,47.70000076293945,47.70000076293945,47.70000076293945,47.70000076293945,332,0.0,0.0,0.0
2024-10-03 11:55:00-04:00,47.76150131225586,47.76150131225586,47.76150131225586,47.76150131225586,700,0.0,0.0,0.0
2024-10-03 12:00:00-04:00,47.78499984741211,47.78499984741211,47.76190185546875,47.76190185546875,250,0.0,0.0,0.0
2024-10-03 12:05:00-04:00,47.7599983215332,47.7599983215332,47.7599983215332,47.7599983215332,340,0.0,0.0,0.0
2024-10-03 12:50:00-04:00,47.654998779296875,47.654998779296875,47.654998779296875,47.654998779296875,100,0.0,0.0,0.0
2024-10-03 12:55:00-04:00,47.61000061035156,47.61000061035156,47.61000061035156,47.61000061035156,544,0.0,0.0,0.0
2024-10-03 13:00:00-04:00,47.61000061035156,47.61000061035156,47.61000061035156,47.61000061035156,931,0.0,0.0,0.0
2024-10-03 13:20:00-04:00,47.689998626708984,47.689998626708984,47.689998626708984,47.689998626708984,144,0.0,0.0,0.0
2024-10-03 13:35:00-04:00,47.702999114990234,47.702999114990234,47.702999114990234,47.702999114990234,213,0.0,0.0,0.0
2024-10-03 13:40:00-04:00,47.685001373291016,47.685001373291016,47.63999938964844,47.63999938964844,422,0.0,0.0,0.0
2024-10-03 14:20:00-04:00,47.6776008605957,47.6776008605957,47.64360046386719,47.64360046386719,219,0.0,0.0,0.0
2024-10-03 14:25:00-04:00,47.70989990234375,47.70989990234375,47.70989990234375,47.70989990234375,196,0.0,0.0,0.0
2024-10-03 15:00:00-04:00,47.654998779296875,47.654998779296875,47.654998779296875,47.654998779296875,534,0.0,0.0,0.0
2024-10-03 15:45:00-04:00,47.64339828491211,47.64339828491211,47.64339828491211,47.64339828491211,507,0.0,0.0,0.0
2024-10-03 15:50:00-04:00,47.689998626708984,47.689998626708984,47.689998626708984,47.689998626708984,398,0.0,0.0,0.0
2024-10-03 15:55:00-04:00,47.72999954223633,47.77000045776367,47.72999954223633,47.77000045776367,0,0.0,0.0,0.0
2024-10-04 09:30:00-04:00,47.939998626708984,47.939998626708984,47.939998626708984,47.939998626708984,121,0.0,0.0,0.0
2024-10-04 09:35:00-04:00,47.91999816894531,47.91999816894531,47.900001525878906,47.900001525878906,600,0.0,0.0,0.0
2024-10-04 09:40:00-04:00,47.93040084838867,47.93040084838867,47.93040084838867,47.93040084838867,145,0.0,0.0,0.0
2024-10-04 10:05:00-04:00,47.86000061035156,47.86000061035156,47.81999969482422,47.81999969482422,307,0.0,0.0,0.0
2024-10-04 10:10:00-04:00,47.80500030517578,47.84000015258789,47.80500030517578,47.84000015258789,407,0.0,0.0,0.0
2024-10-04 10:20:00-04:00,47.834800720214844,47.834800720214844,47.834800720214844,47.834800720214844,285,0.0,0.0,0.0
2024-10-04 10:40:00-04:00,47.790000915527344,47.790000915527344,47.790000915527344,47.790000915527344,400,0.0,0.0,0.0
2024-10-04 10:45:00-04:00,47.790000915527344,47.790000915527344,47.790000915527344,47.790000915527344,185,0.0,0.0,0.0
2024-10-04 10:55:00-04:00,47.80500030517578,47.80500030517578,47.80500030517578,47.80500030517578,233,0.0,0.0,0.0
2024-10-04 11:25:00-04:00,47.75899887084961,47.75899887084961,47.75899887084961,47.75899887084961,579,0.0,0.0,0.0
2024-10-04 11:40:00-04:00,47.779998779296875,47.779998779296875,47.779998779296875,47.779998779296875,850,0.0,0.0,0.0
2024-10-04 12:05:00-04:00,47.845001220703125,47.845001220703125,47.845001220703125,47.845001220703125,104,0.0,0.0,0.0
2024-10-04 12:20:00-04:00,47.82500076293945,47.82500076293945,47.80350112915039,47.80350112915039,1038,0.0,0.0,0.0
2024-10-04 12:30:00-04:00,47.810001373291016,47.810001373291016,47.810001373291016,47.810001373291016,110,0.0,0.0,0.0
2024-10-04 12:35:00-04:00,47.849998474121094,47.849998474121094,47.849998474121094,47.849998474121094,121,0.0,0.0,0.0
2024-10-04 12:50:00-04:00,47.86000061035156,47.880001068115234,47.84000015258789,47.880001068115234,1141,0.0,0.0,0.0
2024-10-04 13:20:00-04:00,47.9015007019043,47.9015007019043,47.9015007019043,47.9015007019043,196,0.0,0.0,0.0
2024-10-04 13:25:00-04:00,47.880001068115234,47.880001068115234,47.880001068115234,47.880001068115234,613,0.0,0.0,0.0
2024-10-04 13:35:00-04:00,47.881099700927734,47.881099700927734,47.88010025024414,47.88010025024414,469,0.0,0.0,0.0
2024-10-04 14:45:00-04:00,47.82899856567383,47.82899856567383,47.82899856567383,47.82899856567383,220,0.0,0.0,0.0
2024-10-04 14:55:00-04:00,47.90999984741211,47.90999984741211,47.90999984741211,47.90999984741211,142,0.0,0.0,0.0
2024-10-04 15:25:00-04:00,47.95000076293945,47.95000076293945,47.935001373291016,47.935001373291016,403,0.0,0.0,0.0
2024-10-04 15:30:00-04:00,47.954898834228516,47.989898681640625,47.954898834228516,47.989898681640625,646,0.0,0.0,0.0
2024-10-07 09:30:00-04:00,47.84000015258789,47.84000015258789,47.810001373291016,47.810001373291016,13359,0.0,0.0,0.0
2024-10-07 09:50:00-04:00,47.849998474121094,47.86000061035156,47.84000015258789,47.85499954223633,6669,0.0,0.0,0.0
2024-10-07 10:05:00-04:00,47.89500045776367,47.89500045776367,47.89500045776367,47.89500045776367,125,0.0,0.0,0.0
2024-10-07 10:10:00-04:00,47.86000061035156,47.86000061035156,47.86000061035156,47.86000061035156,470,0.0,0.0,0.0
2024-10-07 10:25:00-04:00,47.8849983215332,47.89099884033203,47.84130096435547,47.84130096435547,5466,0.0,0.0,0.0
2024-10-07 10:45:00-04:00,47.900001525878906,47.900001525878906,47.900001525878906,47.900001525878906,486,0.0,0.0,0.0
2024-10-07 10:50:00-04:00,47.8650016784668,47.8650016784668,47.8650016784668,47.8650016784668,1558,0.0,0.0,0.0
2024-10-07 11:00:00-04:00,47.86000061035156,47.86000061035156,47.86000061035156,47.86000061035156,117,0.0,0.0,0.0
2024-10-07 11:40:00-04:00,47.880001068115234,47.880001068115234,47.880001068115234,47.880001068115234,1003,0.0,0.0,0.0
2024-10-07 12:00:00-04:00,47.8650016784668,47.8650016784668,47.8650016784668,47.8650016784668,272,0.0,0.0,0.0
2024-10-07 13:15:00-04:00,47.8125,47.8125,47.8125,47.8125,132,0.0,0.0,0.0
2024-10-07 13:20:00-04:00,47.81800079345703,47.81800079345703,47.81800079345703,47.81800079345703,656,0.0,0.0,0.0
2024-10-07 13:40:00-04:00,47.78810119628906,47.78810119628906,47.78810119628906,47.78810119628906,715,0.0,0.0,0.0
2024-10-07 13:45:00-04:00,47.78879928588867,47.78879928588867,47.78879928588867,47.78879928588867,315,0.0,0.0,0.0
2024-10-07 13:50:00-04:00,47.83000183105469,47.83000183105469,47.80500030517578,47.80500030517578,1879,0.0,0.0,0.0
2024-10-07 14:10:00-04:00,47.757999420166016,47.757999420166016,47.757999420166016,47.757999420166016,391,0.0,0.0,0.0
2024-10-07 14:25:00-04:00,47.810001373291016,47.810001373291016,47.810001373291016,47.810001373291016,400,0.0,0.0,0.0
2024-10-07 15:40:00-04:00,47.65829849243164,47.65829849243164,47.65829849243164,47.65829849243164,458,0.0,0.0,0.0
2024-10-07 15:55:00-04:00,47.70000076293945,47.70000076293945,47.70000076293945,47.70000076293945,164,0.0,0.0,0.0
2024-10-08 09:30:00-04:00,47.779998779296875,47.779998779296875,47.779998779296875,47.779998779296875,1758,0.0,0.0,0.0
2024-10-08 09:40:00-04:00,47.779998779296875,47.779998779296875,47.779998779296875,47.779998779296875,397,0.0,0.0,0.0
2024-10-08 09:50:00-04:00,47.779998779296875,47.779998779296875,47.779998779296875,47.779998779296875,1914,0.0,0.0,0.0
2024-10-08 10:45:00-04:00,47.90999984741211,47.94219970703125,47.90999984741211,47.94219970703125,446,0.0,0.0,0.0
2024-10-08 10:50:00-04:00,47.900001525878906,47.900001525878906,47.900001525878906,47.900001525878906,100,0.0,0.0,0.0
2024-10-08 10:55:00-04:00,47.90999984741211,47.90999984741211,47.90999984741211,47.90999984741211,229,0.0,0.0,0.0
2024-10-08 11:00:00-04:00,47.90999984741211,47.90999984741211,47.90999984741211,47.90999984741211,236,0.0,0.0,0.0
2024-10-08 11:05:00-04:00,47.91360092163086,47.91360092163086,47.91360092163086,47.91360092163086,133,0.0,0.0,0.0
2024-10-08 11:10:00-04:00,47.88999938964844,47.88999938964844,47.875797271728516,47.875797271728516,3188,0.0,0.0,0.0
2024-10-08 11:15:00-04:00,47.91299819946289,47.91299819946289,47.91299819946289,47.91299819946289,111,0.0,0.0,0.0
2024-10-08 11:20:00-04:00,47.91999816894531,47.91999816894531,47.91999816894531,47.91999816894531,418,0.0,0.0,0.0
2024-10-08 11:35:00-04:00,47.86009979248047,47.86009979248047,47.86009979248047,47.86009979248047,109,0.0,0.0,0.0
2024-10-08 11:55:00-04:00,47.92290115356445,47.92290115356445,47.92290115356445,47.92290115356445,423,0.0,0.0,0.0
2024-10-08 12:30:00-04:00,47.87009811401367,47.87009811401367,47.87009811401367,47.87009811401367,1791,0.0,0.0,0.0
2024-10-08 12:40:00-04:00,47.869998931884766,47.925201416015625,47.869998931884766,47.925201416015625,1554,0.0,0.0,0.0
2024-10-08 13:15:00-04:00,47.81880187988281,47.81880187988281,47.81880187988281,47.81880187988281,451,0.0,0.0,0.0
2024-10-08 13:20:00-04:00,47.86000061035156,47.86000061035156,47.845001220703125,47.845001220703125,808,0.0,0.0,0.0
2024-10-08 14:05:00-04:00,47.9193000793457,47.9193000793457,47.9193000793457,47.9193000793457,108,0.0,0.0,0.0
2024-10-08 14:15:00-04:00,47.86830139160156,47.92530059814453,47.86830139160156,47.92530059814453,315,0.0,0.0,0.0
2024-10-08 14:30:00-04:00,47.880001068115234,47.89899826049805,47.880001068115234,47.89899826049805,3016,0.0,0.0,0.0
2024-10-08 14:35:00-04:00,47.929901123046875,47.929901123046875,47.929901123046875,47.929901123046875,480,0.0,0.0,0.0
2024-10-08 15:05:00-04:00,47.93000030517578,47.93000030517578,47.93000030517578,47.93000030517578,166,0.0,0.0,0.0
2024-10-08 15:25:00-04:00,47.970001220703125,47.97990036010742,47.970001220703125,47.97990036010742,1603,0.0,0.0,0.0
2024-10-08 15:30:00-04:00,47.95000076293945,47.95000076293945,47.95000076293945,47.95000076293945,161,0.0,0.0,0.0
2024-10-08 15:35:00-04:00,47.9984016418457,47.999000549316406,47.98429870605469,47.98429870605469,1042,0.0,0.0,0.0
2024-10-09 09:30:00-04:00,47.959999084472656,47.959999084472656,47.959999084472656,47.959999084472656,0,0.0,0.0,0.0
2024-10-09 09:35:00-04:00,47.96040344238281,47.96040344238281,47.91999816894531,47.95000076293945,4529,0.0,0.0,0.0
2024-10-09 09:40:00-04:00,47.970001220703125,48.02000045776367,47.91999816894531,47.93000030517578,34108,0.0,0.0,0.0
2024-10-09 09:45:00-04:00,47.93000030517578,47.970001220703125,47.93000030517578,47.970001220703125,3723,0.0,0.0,0.0
2024-10-09 10:00:00-04:00,48.02000045776367,48.029998779296875,48.02000045776367,48.029998779296875,256,0.0,0.0,0.0
2024-10-09 10:05:00-04:00,47.9900016784668,47.9900016784668,47.9900016784668,47.9900016784668,941,0.0,0.0,0.0
2024-10-09 10:35:00-04:00,48.02690124511719,48.02690124511719,48.02690124511719,48.02690124511719,230,0.0,0.0,0.0
2024-10-09 11:05:00-04:00,48.08000183105469,48.08000183105469,48.08000183105469,48.08000183105469,100,0.0,0.0,0.0
2024-10-09 11:15:00-04:00,48.09000015258789,48.11000061035156,48.09000015258789,48.11000061035156,526332,0.0,0.0,0.0
2024-10-09 11:20:00-04:00,48.11000061035156,48.11989974975586,48.11000061035156,48.11989974975586,2571,0.0,0.0,0.0
2024-10-09 11:30:00-04:00,48.119998931884766,48.119998931884766,48.119998931884766,48.119998931884766,310,0.0,0.0,0.0
2024-10-09 11:50:00-04:00,48.150001525878906,48.150001525878906,48.150001525878906,48.150001525878906,195,0.0,0.0,0.0
2024-10-09 12:05:00-04:00,48.1150016784668,48.13999938964844,48.1150016784668,48.13999938964844,388,0.0,0.0,0.0
2024-10-09 12:10:00-04:00,48.119998931884766,48.119998931884766,48.119998931884766,48.119998931884766,166,0.0,0.0,0.0
2024-10-09 12:15:00-04:00,48.11000061035156,48.11000061035156,48.11000061035156,48.11000061035156,1541,0.0,0.0,0.0
2024-10-09 12:45:00-04:00,48.11000061035156,48.11000061035156,48.11000061035156,48.11000061035156,142,0.0,0.0,0.0
2024-10-09 12:50:00-04:00,48.11000061035156,48.11000061035156,48.11000061035156,48.11000061035156,1045,0.0,0.0,0.0
2024-10-09 13:25:00-04:00,48.150001525878906,48.150001525878906,48.1150016784668,48.1150016784668,2258,0.0,0.0,0.0
2024-10-09 14:15:00-04:00,48.119998931884766,48.119998931884766,48.100799560546875,48.100799560546875,781,0.0,0.0,0.0
2024-10-09 14:40:00-04:00,48.11000061035156,48.11000061035156,48.11000061035156,48.11000061035156,113,0.0,0.0,0.0
2024-10-09 14:45:00-04:00,48.119998931884766,48.119998931884766,48.119998931884766,48.119998931884766,18396,0.0,0.0,0.0
2024-10-09 14:50:00-04:00,48.13999938964844,48.13999938964844,48.13999938964844,48.13999938964844,589,0.0,0.0,0.0
2024-10-09 14:55:00-04:00,48.080299377441406,48.13869857788086,48.080299377441406,48.13869857788086,4108,0.0,0.0,0.0
2024-10-09 15:20:00-04:00,48.125,48.125,48.125,48.125,183,0.0,0.0,0.0
2024-10-09 15:25:00-04:00,48.09379959106445,48.09379959106445,48.09379959106445,48.09379959106445,2939,0.0,0.0,0.0
2024-10-09 15:30:00-04:00,48.130001068115234,48.18000030517578,48.130001068115234,48.1349983215332,2947,0.0,0.0,0.0
2024-10-09 15:40:00-04:00,48.16999816894531,48.18000030517578,48.16999816894531,48.16999816894531,8417,0.0,0.0,0.0
2024-10-09 15:45:00-04:00,48.11629867553711,48.11629867553711,48.11629867553711,48.11629867553711,132,0.0,0.0,0.0
2024-10-09 15:50:00-04:00,48.15999984741211,48.15999984741211,48.15999984741211,48.15999984741211,1153056,0.0,0.0,0.0
2024-10-09 15:55:00-04:00,48.18000030517578,48.18000030517578,48.18000030517578,48.18000030517578,162,0.0,0.0,0.0
2024-10-10 09:40:00-04:00,48.119998931884766,48.13999938964844,48.08000183105469,48.11000061035156,182816,0.0,0.0,0.0
2024-10-10 10:00:00-04:00,48.10649871826172,48.119998931884766,48.095001220703125,48.119998931884766,2107,0.0,0.0,0.0
2024-10-10 10:05:00-04:00,48.10499954223633,48.10499954223633,48.10499954223633,48.10499954223633,100,0.0,0.0,0.0
2024-10-10 10:15:00-04:00,48.14950180053711,48.18000030517578,48.125,48.18000030517578,57024,0.0,0.0,0.0
2024-10-10 10:20:00-04:00,48.099998474121094,48.099998474121094,48.099998474121094,48.099998474121094,500,0.0,0.0,0.0
2024-10-10 10:25:00-04:00,48.119998931884766,48.13800048828125,48.119998931884766,48.13800048828125,138528,0.0,0.0,0.0
2024-10-10 10:30:00-04:00,48.119998931884766,48.119998931884766,48.11000061035156,48.11000061035156,56512,0.0,0.0,0.0
2024-10-10 10:35:00-04:00,48.11000061035156,48.11000061035156,48.11000061035156,48.11000061035156,26359,0.0,0.0,0.0
2024-10-10 10:50:00-04:00,48.099998474121094,48.099998474121094,48.099998474121094,48.099998474121094,100,0.0,0.0,0.0
2024-10-10 10:55:00-04:00,48.06999969482422,48.06999969482422,48.06999969482422,48.06999969482422,300,0.0,0.0,0.0
2024-10-10 11:10:00-04:00,48.07709884643555,48.07709884643555,48.07709884643555,48.07709884643555,126,0.0,0.0,0.0
2024-10-10 11:15:00-04:00,48.150001525878906,48.150001525878906,48.138999938964844,48.138999938964844,401,0.0,0.0,0.0
2024-10-10 11:20:00-04:00,48.13399887084961,48.13399887084961,48.13399887084961,48.13399887084961,6316,0.0,0.0,0.0
2024-10-10 11:30:00-04:00,48.15999984741211,48.15999984741211,48.14580154418945,48.14580154418945,511,0.0,0.0,0.0
2024-10-10 11:40:00-04:00,48.119998931884766,48.119998931884766,48.119998931884766,48.119998931884766,235,0.0,0.0,0.0
2024-10-10 11:55:00-04:00,48.150001525878906,48.150001525878906,48.1349983215332,48.1349983215332,4491,0.0,0.0,0.0
2024-10-10 12:10:00-04:00,48.16999816894531,48.220001220703125,48.165000915527344,48.220001220703125,376602,0.0,0.0,0.0
2024-10-10 12:15:00-04:00,48.18000030517578,48.18000030517578,48.18000030517578,48.18000030517578,23685,0.0,0.0,0.0
2024-10-10 12:25:00-04:00,48.15999984741211,48.15999984741211,48.15999984741211,48.15999984741211,100,0.0,0.0,0.0
2024-10-10 12:45:00-04:00,48.13999938964844,48.13999938964844,48.099998474121094,48.119998931884766,17404,0.0,0.0,0.0
2024-10-10 13:00:00-04:00,48.130001068115234,48.130001068115234,48.10960006713867,48.119998931884766,138812,0.0,0.0,0.0
2024-10-10 13:05:00-04:00,48.12969970703125,48.12990188598633,48.09000015258789,48.09000015258789,1401,0.0,0.0,0.0
2024-10-10 13:15:00-04:00,48.11370086669922,48.11370086669922,48.11370086669922,48.11370086669922,121,0.0,0.0,0.0
2024-10-10 13:20:00-04:00,48.08769989013672,48.08769989013672,48.08769989013672,48.08769989013672,1922,0.0,0.0,0.0
2024-10-10 13:50:00-04:00,48.09000015258789,48.09000015258789,48.09000015258789,48.09000015258789,101,0.0,0.0,0.0
2024-10-10 14:00:00-04:00,48.130001068115234,48.130001068115234,48.130001068115234,48.130001068115234,135,0.0,0.0,0.0
2024-10-10 14:15:00-04:00,48.095001220703125,48.095001220703125,48.095001220703125,48.095001220703125,461,0.0,0.0,0.0
2024-10-10 14:25:00-04:00,48.095001220703125,48.1072998046875,48.095001220703125,48.1072998046875,1410,0.0,0.0,0.0
2024-10-10 14:35:00-04:00,48.080101013183594,48.080101013183594,48.080101013183594,48.080101013183594,472,0.0,0.0,0.0
2024-10-10 14:40:00-04:00,48.08000183105469,48.08000183105469,48.08000183105469,48.08000183105469,138,0.0,0.0,0.0
2024-10-10 15:10:00-04:00,48.02119827270508,48.02119827270508,48.02119827270508,48.02119827270508,326,0.0,0.0,0.0
2024-10-10 15:15:00-04:00,48.04520034790039,48.04520034790039,48.04520034790039,48.04520034790039,184,0.0,0.0,0.0
2024-10-10 15:20:00-04:00,48.06909942626953,48.06909942626953,48.06909942626953,48.06909942626953,336,0.0,0.0,0.0
2024-10-10 15:55:00-04:00,48.150001525878906,48.15999984741211,48.150001525878906,48.150001525878906,392,0.0,0.0,0.0
2024-10-11 09:30:00-04:00,48.220001220703125,48.220001220703125,48.04999923706055,48.119998931884766,0,0.0,0.0,0.0
2024-10-11 09:35:00-04:00,48.099998474121094,48.11000061035156,48.099998474121094,48.099998474121094,942,0.0,0.0,0.0
2024-10-11 09:55:00-04:00,48.174800872802734,48.174800872802734,48.174800872802734,48.174800872802734,1014,0.0,0.0,0.0
2024-10-11 10:05:00-04:00,48.20000076293945,48.20000076293945,48.20000076293945,48.20000076293945,700,0.0,0.0,0.0
2024-10-11 10:10:00-04:00,48.2400016784668,48.25,48.2400016784668,48.2400016784668,3185,0.0,0.0,0.0
2024-10-11 10:30:00-04:00,48.27389907836914,48.27389907836914,48.260799407958984,48.260799407958984,761,0.0,0.0,0.0
2024-10-11 10:40:00-04:00,48.2599983215332,48.2599983215332,48.2599983215332,48.2599983215332,119,0.0,0.0,0.0
2024-10-11 10:45:00-04:00,48.2400016784668,48.2400016784668,48.2400016784668,48.2400016784668,432,0.0,0.0,0.0
2024-10-11 10:50:00-04:00,48.25429916381836,48.25429916381836,48.25429916381836,48.25429916381836,336,0.0,0.0,0.0
2024-10-11 11:20:00-04:00,48.27989959716797,48.27989959716797,48.27989959716797,48.27989959716797,1413,0.0,0.0,0.0
2024-10-11 11:40:00-04:00,48.297000885009766,48.297000885009766,48.297000885009766,48.297000885009766,1799,0.0,0.0,0.0
2024-10-11 11:55:00-04:00,48.2400016784668,48.2400016784668,48.2400016784668,48.2400016784668,400,0.0,0.0,0.0
2024-10-11 12:15:00-04:00,48.2400016784668,48.2400016784668,48.2400016784668,48.2400016784668,208,0.0,0.0,0.0
2024-10-11 12:30:00-04:00,48.2489013671875,48.2599983215332,48.2489013671875,48.2599983215332,2071,0.0,0.0,0.0
2024-10-11 12:35:00-04:00,48.2400016784668,48.2400016784668,48.2400016784668,48.2400016784668,204,0.0,0.0,0.0
2024-10-11 12:45:00-04:00,48.22999954223633,48.22999954223633,48.22999954223633,48.22999954223633,1983,0.0,0.0,0.0
2024-10-11 13:15:00-04:00,48.21009826660156,48.21009826660156,48.21009826660156,48.21009826660156,390,0.0,0.0,0.0
2024-10-11 13:30:00-04:00,48.25490188598633,48.25490188598633,48.25490188598633,48.25490188598633,221,0.0,0.0,0.0
2024-10-11 13:35:00-04:00,48.209999084472656,48.268001556396484,48.209999084472656,48.268001556396484,567,0.0,0.0,0.0
2024-10-11 13:45:00-04:00,48.230098724365234,48.230098724365234,48.230098724365234,48.230098724365234,218,0.0,0.0,0.0
2024-10-11 13:50:00-04:00,48.24800109863281,48.24800109863281,48.24800109863281,48.24800109863281,302,0.0,0.0,0.0
2024-10-11 14:40:00-04:00,48.250099182128906,48.279998779296875,48.250099182128906,48.279998779296875,494,0.0,0.0,0.0
2024-10-11 14:55:00-04:00,48.279998779296875,48.279998779296875,48.279998779296875,48.279998779296875,217,0.0,0.0,0.0
2024-10-11 15:25:00-04:00,48.33399963378906,48.33399963378906,48.33399963378906,48.33399963378906,698,0.0,0.0,0.0
2024-10-11 15:30:00-04:00,48.31999969482422,48.31999969482422,48.31990051269531,48.31990051269531,1254,0.0,0.0,0.0
2024-10-11 15:55:00-04:00,48.279998779296875,48.3130989074707,48.279998779296875,48.3130989074707,602,0.0,0.0,0.0
2024-10-14 09:30:00-04:00,48.42300033569336,48.42300033569336,48.42300033569336,48.42300033569336,0,0.0,0.0,0.0
2024-10-14 10:10:00-04:00,48.446998596191406,48.446998596191406,48.446998596191406,48.446998596191406,222,0.0,0.0,0.0
2024-10-14 10:25:00-04:00,48.48500061035156,48.48500061035156,48.48500061035156,48.48500061035156,101,0.0,0.0,0.0
2024-10-14 10:50:00-04:00,48.459999084472656,48.470001220703125,48.459999084472656,48.470001220703125,300,0.0,0.0,0.0
2024-10-14 10:55:00-04:00,48.463600158691406,48.463600158691406,48.459999084472656,48.459999084472656,788,0.0,0.0,0.0
2024-10-14 11:10:00-04:00,48.450401306152344,48.450401306152344,48.450401306152344,48.450401306152344,215,0.0,0.0,0.0
2024-10-14 11:20:00-04:00,48.489898681640625,48.489898681640625,48.489898681640625,48.489898681640625,721,0.0,0.0,0.0
2024-10-14 11:25:00-04:00,48.397499084472656,48.397499084472656,48.397499084472656,48.397499084472656,1530,0.0,0.0,0.0
2024-10-14 11:35:00-04:00,48.410099029541016,48.410099029541016,48.410099029541016,48.410099029541016,147,0.0,0.0,0.0
2024-10-14 11:50:00-04:00,48.42599868774414,48.47999954223633,48.42599868774414,48.47999954223633,5100,0.0,0.0,0.0
2024-10-14 11:55:00-04:00,48.470001220703125,48.470001220703125,48.45389938354492,48.45389938354492,556,0.0,0.0,0.0
2024-10-14 12:05:00-04:00,48.48500061035156,48.48500061035156,48.48500061035156,48.48500061035156,383,0.0,0.0,0.0
2024-10-14 12:20:00-04:00,48.484100341796875,48.49599838256836,48.45000076293945,48.49599838256836,5365,0.0,0.0,0.0
2024-10-14 12:25:00-04:00,48.47999954223633,48.47999954223633,48.43000030517578,48.43000030517578,15607,0.0,0.0,0.0
2024-10-14 13:10:00-04:00,48.459999084472656,48.459999084472656,48.400001525878906,48.400001525878906,49879,0.0,0.0,0.0
2024-10-14 13:30:00-04:00,48.43000030517578,48.470001220703125,48.43000030517578,48.470001220703125,14181,0.0,0.0,0.0
2024-10-14 13:45:00-04:00,48.48059844970703,48.48059844970703,48.48059844970703,48.48059844970703,297,0.0,0.0,0.0
2024-10-14 13:50:00-04:00,48.49300003051758,48.49300003051758,48.49300003051758,48.49300003051758,154,0.0,0.0,0.0
2024-10-14 13:55:00-04:00,48.47959899902344,48.47959899902344,48.47959899902344,48.47959899902344,391,0.0,0.0,0.0
2024-10-14 14:00:00-04:00,48.439998626708984,48.446632385253906,48.410400390625,48.410400390625,6328,0.0,0.0,0.0
2024-10-14 14:20:00-04:00,48.4379997253418,48.4379997253418,48.4379997253418,48.4379997253418,303,0.0,0.0,0.0
2024-10-14 14:25:00-04:00,48.42300033569336,48.428466796875,48.41999816894531,48.41999816894531,12663,0.0,0.0,0.0
2024-10-14 14:30:00-04:00,48.47990036010742,48.47990036010742,48.470001220703125,48.478599548339844,834,0.0,0.0,0.0
2024-10-14 14:35:00-04:00,48.47999954223633,48.47999954223633,48.439998626708984,48.440101623535156,10396,0.0,0.0,0.0
2024-10-14 14:50:00-04:00,48.50830078125,48.5098991394043,48.50830078125,48.5098991394043,431,0.0,0.0,0.0
2024-10-14 15:00:00-04:00,48.474998474121094,48.474998474121094,48.474998474121094,48.474998474121094,307,0.0,0.0,0.0
2024-10-14 15:55:00-04:00,48.4900016784668,48.4900016784668,48.439998626708984,48.45000076293945,1437,0.0,0.0,0.0
2024-10-15 09:30:00-04:00,48.459999084472656,48.459999084472656,48.459999084472656,48.459999084472656,568,0.0,0.0,0.0
2024-10-15 09:40:00-04:00,48.525001525878906,48.525001525878906,48.525001525878906,48.525001525878906,100,0.0,0.0,0.0
2024-10-15 09:45:00-04:00,48.4900016784668,48.515235900878906,48.4900016784668,48.515235900878906,246,0.0,0.0,0.0
2024-10-15 09:50:00-04:00,48.5,48.5,48.5,48.5,139,0.0,0.0,0.0
2024-10-15 10:20:00-04:00,48.505001068115234,48.505001068115234,48.490699768066406,48.490699768066406,1171,0.0,0.0,0.0
2024-10-15 10:25:00-04:00,48.47999954223633,48.47999954223633,48.47999954223633,48.47999954223633,133,0.0,0.0,0.0
2024-10-15 10:30:00-04:00,48.439998626708984,48.439998626708984,48.439998626708984,48.439998626708984,461,0.0,0.0,0.0
2024-10-15 10:45:00-04:00,48.40599822998047,48.40599822998047,48.40599822998047,48.40599822998047,176,0.0,0.0,0.0
2024-10-15 11:00:00-04:00,48.409698486328125,48.41529846191406,48.409698486328125,48.41529846191406,1130,0.0,0.0,0.0
2024-10-15 11:35:00-04:00,48.415000915527344,48.415000915527344,48.415000915527344,48.415000915527344,323,0.0,0.0,0.0
2024-10-15 12:25:00-04:00,48.38999938964844,48.38999938964844,48.38999938964844,48.38999938964844,169,0.0,0.0,0.0
2024-10-15 12:40:00-04:00,48.39860153198242,48.39860153198242,48.39860153198242,48.39860153198242,276,0.0,0.0,0.0
2024-10-15 12:55:00-04:00,48.380001068115234,48.38819885253906,48.380001068115234,48.38819885253906,444,0.0,0.0,0.0
2024-10-15 14:15:00-04:00,48.37189865112305,48.37189865112305,48.29999923706055,48.29999923706055,5952,0.0,0.0,0.0
2024-10-15 14:30:00-04:00,48.359901428222656,48.359901428222656,48.359901428222656,48.359901428222656,281,0.0,0.0,0.0
2024-10-15 14:40:00-04:00,48.33000183105469,48.33000183105469,48.33000183105469,48.33000183105469,773,0.0,0.0,0.0
2024-10-15 15:15:00-04:00,48.279998779296875,48.279998779296875,48.279998779296875,48.279998779296875,534,0.0,0.0,0.0
2024-10-15 15:25:00-04:00,48.29999923706055,48.29999923706055,48.285400390625,48.285400390625,439,0.0,0.0,0.0
2024-10-15 15:40:00-04:00,48.27330017089844,48.30350112915039,48.27330017089844,48.30350112915039,183,0.0,0.0,0.0
2024-10-16 09:30:00-04:00,48.31999969482422,48.31999969482422,48.31999969482422,48.31999969482422,0,0.0,0.0,0.0
2024-10-16 09:40:00-04:00,48.284698486328125,48.284698486328125,48.284698486328125,48.284698486328125,260,0.0,0.0,0.0
2024-10-16 10:05:00-04:00,48.31999969482422,48.31999969482422,48.310001373291016,48.310001373291016,521,0.0,0.0,0.0
2024-10-16 10:40:00-04:00,48.34000015258789,48.349998474121094,48.34000015258789,48.349998474121094,520,0.0,0.0,0.0
2024-10-16 10:50:00-04:00,48.28300094604492,48.28300094604492,48.28300094604492,48.28300094604492,199,0.0,0.0,0.0
2024-10-16 10:55:00-04:00,48.314998626708984,48.314998626708984,48.314998626708984,48.314998626708984,648,0.0,0.0,0.0
2024-10-16 11:05:00-04:00,48.349998474121094,48.349998474121094,48.349998474121094,48.349998474121094,831,0.0,0.0,0.0
2024-10-16 11:30:00-04:00,48.35340118408203,48.35340118408203,48.35340118408203,48.35340118408203,1091,0.0,0.0,0.0
2024-10-16 11:45:00-04:00,48.32600021362305,48.32600021362305,48.32600021362305,48.32600021362305,1013,0.0,0.0,0.0
2024-10-16 11:55:00-04:00,48.332698822021484,48.332698822021484,48.332698822021484,48.332698822021484,253,0.0,0.0,0.0
2024-10-16 12:00:00-04:00,48.31999969482422,48.349998474121094,48.31999969482422,48.349998474121094,5637,0.0,0.0,0.0
2024-10-16 12:05:00-04:00,48.349998474121094,48.349998474121094,48.33300018310547,48.33300018310547,1213,0.0,0.0,0.0
2024-10-16 12:10:00-04:00,48.349998474121094,48.349998474121094,48.29999923706055,48.29999923706055,16509,0.0,0.0,0.0
2024-10-16 12:25:00-04:00,48.349998474121094,48.349998474121094,48.349998474121094,48.349998474121094,150,0.0,0.0,0.0
2024-10-16 12:30:00-04:00,48.349998474121094,48.349998474121094,48.349998474121094,48.349998474121094,237,0.0,0.0,0.0
2024-10-16 12:35:00-04:00,48.345001220703125,48.345001220703125,48.31999969482422,48.320098876953125,14669,0.0,0.0,0.0
2024-10-16 12:45:00-04:00,48.36989974975586,48.36989974975586,48.36989974975586,48.36989974975586,900,0.0,0.0,0.0
2024-10-16 12:50:00-04:00,48.345001220703125,48.345001220703125,48.345001220703125,48.345001220703125,335,0.0,0.0,0.0
2024-10-16 12:55:00-04:00,48.36000061035156,48.36000061035156,48.31999969482422,48.31999969482422,67452,0.0,0.0,0.0
2024-10-16 13:05:00-04:00,48.35499954223633,48.35499954223633,48.35499954223633,48.35499954223633,305,0.0,0.0,0.0
2024-10-16 13:10:00-04:00,48.36989974975586,48.36989974975586,48.36989974975586,48.36989974975586,290,0.0,0.0,0.0
2024-10-16 13:15:00-04:00,48.36520004272461,48.36520004272461,48.349998474121094,48.349998474121094,508,0.0,0.0,0.0
2024-10-16 13:45:00-04:00,48.34000015258789,48.360084533691406,48.34000015258789,48.360084533691406,2478,0.0,0.0,0.0
2024-10-16 14:30:00-04:00,48.435001373291016,48.435001373291016,48.41999816894531,48.435001373291016,1016,0.0,0.0,0.0
2024-10-16 15:15:00-04:00,48.43000030517578,48.438499450683594,48.40999984741211,48.43000030517578,1951,0.0,0.0,0.0
2024-10-16 15:30:00-04:00,48.45589828491211,48.45589828491211,48.45589828491211,48.45589828491211,162,0.0,0.0,0.0
2024-10-16 15:45:00-04:00,48.465301513671875,48.465301513671875,48.465301513671875,48.465301513671875,462,0.0,0.0,0.0
2024-10-16 15:55:00-04:00,48.40999984741211,48.40999984741211,48.400001525878906,48.400001525878906,338,0.0,0.0,0.0
2024-10-17 09:30:00-04:00,48.540000915527344,48.540000915527344,48.540000915527344,48.540000915527344,0,0.0,0.0,0.0
2024-10-17 09:35:00-04:00,48.5,48.5,48.5,48.5,100,0.0,0.0,0.0
2024-10-17 09:40:00-04:00,48.48500061035156,48.48500061035156,48.459999084472656,48.46009826660156,2159,0.0,0.0,0.0
2024-10-17 10:00:00-04:00,48.4900016784668,48.4900016784668,48.4900016784668,48.4900016784668,255,0.0,0.0,0.0
2024-10-17 10:20:00-04:00,48.529998779296875,48.529998779296875,48.529998779296875,48.529998779296875,141,0.0,0.0,0.0
2024-10-17 10:25:00-04:00,48.529998779296875,48.529998779296875,48.5,48.5,534,0.0,0.0,0.0
2024-10-17 10:30:00-04:00,48.52410125732422,48.52410125732422,48.52410125732422,48.52410125732422,314,0.0,0.0,0.0
2024-10-17 10:40:00-04:00,48.4900016784668,48.4900016784668,48.4900016784668,48.4900016784668,160,0.0,0.0,0.0
2024-10-17 10:50:00-04:00,48.46500015258789,48.46500015258789,48.46500015258789,48.46500015258789,428,0.0,0.0,0.0
2024-10-17 10:55:00-04:00,48.474300384521484,48.474300384521484,48.474300384521484,48.474300384521484,240,0.0,0.0,0.0
2024-10-17 11:05:00-04:00,48.459999084472656,48.459999084472656,48.459999084472656,48.459999084472656,422,0.0,0.0,0.0
2024-10-17 11:15:00-04:00,48.517398834228516,48.517398834228516,48.470001220703125,48.470001220703125,1293,0.0,0.0,0.0
2024-10-17 11:35:00-04:00,48.5,48.5,48.5,48.5,181,0.0,0.0,0.0
2024-10-17 12:05:00-04:00,48.540000915527344,48.540000915527344,48.540000915527344,48.540000915527344,362,0.0,0.0,0.0
2024-10-17 12:10:00-04:00,48.5,48.5,48.4900016784668,48.4901008605957,1822,0.0,0.0,0.0
2024-10-17 12:40:00-04:00,48.560001373291016,48.560001373291016,48.54999923706055,48.560001373291016,1323,0.0,0.0,0.0
2024-10-17 13:00:00-04:00,48.540000915527344,48.540000915527344,48.540000915527344,48.540000915527344,592,0.0,0.0,0.0
2024-10-17 13:10:00-04:00,48.51369857788086,48.56209945678711,48.51369857788086,48.56209945678711,340,0.0,0.0,0.0
2024-10-17 13:40:00-04:00,48.540000915527344,48.540000915527344,48.540000915527344,48.540000915527344,1637,0.0,0.0,0.0
2024-10-17 13:45:00-04:00,48.55270004272461,48.55270004272461,48.540000915527344,48.540000915527344,775,0.0,0.0,0.0
2024-10-17 14:00:00-04:00,48.5099983215332,48.5099983215332,48.5099983215332,48.5099983215332,300,0.0,0.0,0.0
2024-10-17 14:10:00-04:00,48.46500015258789,48.46500015258789,48.46500015258789,48.46500015258789,798,0.0,0.0,0.0
2024-10-17 14:15:00-04:00,48.46500015258789,48.47019958496094,48.46500015258789,48.47019958496094,489,0.0,0.0,0.0
2024-10-17 14:40:00-04:00,48.45000076293945,48.458499908447266,48.43009948730469,48.43009948730469,551,0.0,0.0,0.0
2024-10-17 15:10:00-04:00,48.455299377441406,48.455299377441406,48.455299377441406,48.455299377441406,1203,0.0,0.0,0.0
2024-10-17 15:20:00-04:00,48.459999084472656,48.459999084472656,48.459999084472656,48.459999084472656,147,0.0,0.0,0.0
2024-10-17 15:40:00-04:00,48.47999954223633,48.47999954223633,48.47999954223633,48.47999954223633,122,0.0,0.0,0.0
2024-10-17 15:45:00-04:00,48.459999084472656,48.459999084472656,48.459999084472656,48.459999084472656,100,0.0,0.0,0.0
2024-10-17 15:50:00-04:00,48.448699951171875,48.448699951171875,48.448699951171875,48.448699951171875,138,0.0,0.0,0.0
2024-10-17 15:55:00-04:00,48.439998626708984,48.439998626708984,48.400001525878906,48.400001525878906,1596,0.0,0.0,0.0
2024-10-18 10:10:00-04:00,48.540000915527344,48.540000915527344,48.5,48.5099983215332,3296,0.0,0.0,0.0
2024-10-18 10:15:00-04:00,48.53950119018555,48.53950119018555,48.5099983215332,48.5099983215332,524,0.0,0.0,0.0
2024-10-18 10:25:00-04:00,48.52280044555664,48.52280044555664,48.52280044555664,48.52280044555664,171,0.0,0.0,0.0
2024-10-18 10:30:00-04:00,48.52799987792969,48.560001373291016,48.52799987792969,48.529998779296875,1938,0.0,0.0,0.0
2024-10-18 10:35:00-04:00,48.5343017578125,48.5343017578125,48.5343017578125,48.5343017578125,158,0.0,0.0,0.0
2024-10-18 10:40:00-04:00,48.53200149536133,48.53200149536133,48.53200149536133,48.53200149536133,533,0.0,0.0,0.0
2024-10-18 11:05:00-04:00,48.50849914550781,48.50849914550781,48.50849914550781,48.50849914550781,275,0.0,0.0,0.0
2024-10-18 11:10:00-04:00,48.560001373291016,48.560001373291016,48.5099983215332,48.5099983215332,457,0.0,0.0,0.0
2024-10-18 11:50:00-04:00,48.529998779296875,48.577999114990234,48.529998779296875,48.56999969482422,2329,0.0,0.0,0.0
2024-10-18 11:55:00-04:00,48.577999114990234,48.577999114990234,48.577999114990234,48.577999114990234,420,0.0,0.0,0.0
2024-10-18 12:10:00-04:00,48.529998779296875,48.529998779296875,48.529998779296875,48.529998779296875,244,0.0,0.0,0.0
2024-10-18 12:30:00-04:00,48.57590103149414,48.57590103149414,48.57590103149414,48.57590103149414,192,0.0,0.0,0.0
2024-10-18 12:35:00-04:00,48.58000183105469,48.595001220703125,48.54999923706055,48.595001220703125,61796,0.0,0.0,0.0
2024-10-18 13:05:00-04:00,48.570098876953125,48.570098876953125,48.570098876953125,48.570098876953125,402,0.0,0.0,0.0
2024-10-18 13:35:00-04:00,48.54999923706055,48.54999923706055,48.54999923706055,48.54999923706055,199,0.0,0.0,0.0
2024-10-18 13:40:00-04:00,48.609901428222656,48.609901428222656,48.596099853515625,48.596099853515625,612,0.0,0.0,0.0
2024-10-18 13:55:00-04:00,48.560001373291016,48.560001373291016,48.540000915527344,48.560001373291016,1438,0.0,0.0,0.0
2024-10-18 14:20:00-04:00,48.570098876953125,48.570098876953125,48.570098876953125,48.570098876953125,201,0.0,0.0,0.0
2024-10-18 14:30:00-04:00,48.63999938964844,48.63999938964844,48.560001373291016,48.560001373291016,13319,0.0,0.0,0.0
2024-10-18 14:35:00-04:00,48.56999969482422,48.56999969482422,48.56999969482422,48.56999969482422,618,0.0,0.0,0.0
2024-10-18 14:40:00-04:00,48.619998931884766,48.619998931884766,48.619998931884766,48.619998931884766,405,0.0,0.0,0.0
2024-10-18 14:45:00-04:00,48.56999969482422,48.56999969482422,48.56999969482422,48.56999969482422,324,0.0,0.0,0.0
2024-10-18 15:25:00-04:00,48.57500076293945,48.57500076293945,48.55009841918945,48.55009841918945,2796,0.0,0.0,0.0
2024-10-18 15:30:00-04:00,48.58000183105469,48.58000183105469,48.58000183105469,48.58000183105469,627,0.0,0.0,0.0
2024-10-18 15:35:00-04:00,48.57500076293945,48.57500076293945,48.57500076293945,48.57500076293945,257,0.0,0.0,0.0
2024-10-18 15:45:00-04:00,48.54999923706055,48.54999923706055,48.54999923706055,48.54999923706055,300,0.0,0.0,0.0
2024-10-18 15:55:00-04:00,48.52000045776367,48.54645538330078,48.52000045776367,48.52000045776367,1904,0.0,0.0,0.0
2024-10-21 09:45:00-04:00,48.529998779296875,48.529998779296875,48.529998779296875,48.529998779296875,0,0.0,0.0,0.0
2024-10-21 09:55:00-04:00,48.5099983215332,48.5099983215332,48.5099983215332,48.5099983215332,103,0.0,0.0,0.0
2024-10-21 10:10:00-04:00,48.529998779296875,48.529998779296875,48.52000045776367,48.52000045776367,1893,0.0,0.0,0.0
2024-10-21 10:15:00-04:00,48.540000915527344,48.540000915527344,48.540000915527344,48.540000915527344,100,0.0,0.0,0.0
2024-10-21 10:20:00-04:00,48.529998779296875,48.53200149536133,48.5099983215332,48.5099983215332,404,0.0,0.0,0.0
2024-10-21 10:30:00-04:00,48.470001220703125,48.470001220703125,48.470001220703125,48.470001220703125,106,0.0,0.0,0.0
2024-10-21 10:35:00-04:00,48.47999954223633,48.47999954223633,48.47999954223633,48.47999954223633,201,0.0,0.0,0.0
2024-10-21 10:40:00-04:00,48.45000076293945,48.53269958496094,48.45000076293945,48.53269958496094,2220,0.0,0.0,0.0
2024-10-21 10:45:00-04:00,48.46849822998047,48.46849822998047,48.46849822998047,48.46849822998047,418,0.0,0.0,0.0
2024-10-21 10:50:00-04:00,48.43000030517578,48.43000030517578,48.43000030517578,48.43000030517578,100,0.0,0.0,0.0
2024-10-21 11:05:00-04:00,48.400001525878906,48.400001525878906,48.400001525878906,48.400001525878906,100,0.0,0.0,0.0
2024-10-21 11:10:00-04:00,48.369998931884766,48.369998931884766,48.369998931884766,48.369998931884766,155,0.0,0.0,0.0
2024-10-21 11:40:00-04:00,48.400001525878906,48.400001525878906,48.400001525878906,48.400001525878906,252,0.0,0.0,0.0
2024-10-21 11:50:00-04:00,48.400001525878906,48.400001525878906,48.400001525878906,48.400001525878906,100,0.0,0.0,0.0
2024-10-21 12:00:00-04:00,48.40999984741211,48.428653717041016,48.40999984741211,48.428653717041016,395,0.0,0.0,0.0
2024-10-21 12:05:00-04:00,48.435001373291016,48.435001373291016,48.40999984741211,48.40999984741211,414,0.0,0.0,0.0
2024-10-21 12:15:00-04:00,48.435001373291016,48.45600128173828,48.435001373291016,48.45600128173828,1134,0.0,0.0,0.0
2024-10-21 12:20:00-04:00,48.44499969482422,48.44499969482422,48.44499969482422,48.44499969482422,156,0.0,0.0,0.0
2024-10-21 12:25:00-04:00,48.41999816894531,48.458900451660156,48.41999816894531,48.458900451660156,430,0.0,0.0,0.0
2024-10-21 12:30:00-04:00,48.420501708984375,48.420501708984375,48.420501708984375,48.420501708984375,184,0.0,0.0,0.0
2024-10-21 12:35:00-04:00,48.40999984741211,48.40999984741211,48.40999984741211,48.40999984741211,178,0.0,0.0,0.0
2024-10-21 13:00:00-04:00,48.45000076293945,48.45000076293945,48.45000076293945,48.45000076293945,100,0.0,0.0,0.0
2024-10-21 13:10:00-04:00,48.50519943237305,48.50519943237305,48.50519943237305,48.50519943237305,150,0.0,0.0,0.0
2024-10-21 13:20:00-04:00,48.45000076293945,48.45000076293945,48.45000076293945,48.45000076293945,182,0.0,0.0,0.0
2024-10-21 13:30:00-04:00,48.5093994140625,48.5093994140625,48.5093994140625,48.5093994140625,139,0.0,0.0,0.0
2024-10-21 13:40:00-04:00,48.47999954223633,48.47999954223633,48.47999954223633,48.47999954223633,510,0.0,0.0,0.0
2024-10-21 13:45:00-04:00,48.459999084472656,48.47999954223633,48.45000076293945,48.47999954223633,1561,0.0,0.0,0.0
2024-10-21 14:15:00-04:00,48.47100067138672,48.5098991394043,48.47100067138672,48.5098991394043,543,0.0,0.0,0.0
2024-10-21 14:20:00-04:00,48.45000076293945,48.45000076293945,48.45000076293945,48.45000076293945,280,0.0,0.0,0.0
2024-10-21 14:25:00-04:00,48.470001220703125,48.470001220703125,48.470001220703125,48.470001220703125,100,0.0,0.0,0.0
2024-10-21 14:30:00-04:00,48.474998474121094,48.474998474121094,48.474998474121094,48.474998474121094,100,0.0,0.0,0.0
2024-10-21 14:35:00-04:00,48.45000076293945,48.45000076293945,48.45000076293945,48.45000076293945,109,0.0,0.0,0.0
2024-10-21 14:50:00-04:00,48.49760055541992,48.49760055541992,48.49760055541992,48.49760055541992,173,0.0,0.0,0.0
2024-10-21 14:55:00-04:00,48.45000076293945,48.45000076293945,48.45000076293945,48.45000076293945,100,0.0,0.0,0.0
2024-10-21 15:00:00-04:00,48.474998474121094,48.474998474121094,48.474998474121094,48.474998474121094,232,0.0,0.0,0.0
2024-10-21 15:05:00-04:00,48.470001220703125,48.470001220703125,48.470001220703125,48.470001220703125,317,0.0,0.0,0.0
2024-10-21 15:10:00-04:00,48.47999954223633,48.47999954223633,48.47999954223633,48.47999954223633,145,0.0,0.0,0.0
2024-10-21 15:15:00-04:00,48.464900970458984,48.464900970458984,48.459999084472656,48.459999084472656,1965,0.0,0.0,0.0
2024-10-21 15:30:00-04:00,48.48500061035156,48.48500061035156,48.459999084472656,48.459999084472656,1095,0.0,0.0,0.0
2024-10-21 15:35:00-04:00,48.46500015258789,48.46500015258789,48.46500015258789,48.46500015258789,100,0.0,0.0,0.0
2024-10-21 15:50:00-04:00,48.49489974975586,48.49489974975586,48.49489974975586,48.49489974975586,503,0.0,0.0,0.0
2024-10-21 15:55:00-04:00,48.48500061035156,48.48500061035156,48.47999954223633,48.47999954223633,456,0.0,0.0,0.0
2024-10-22 09:30:00-04:00,48.369998931884766,48.3927001953125,48.369998931884766,48.3927001953125,0,0.0,0.0,0.0
2024-10-22 09:45:00-04:00,48.45249938964844,48.45249938964844,48.45249938964844,48.45249938964844,230,0.0,0.0,0.0
2024-10-22 09:50:00-04:00,48.459999084472656,48.459999084472656,48.380001068115234,48.380001068115234,266,0.0,0.0,0.0
2024-10-22 10:05:00-04:00,48.45000076293945,48.459999084472656,48.43000030517578,48.43000030517578,1037,0.0,0.0,0.0
2024-10-22 10:20:00-04:00,48.40999984741211,48.40999984741211,48.40999984741211,48.40999984741211,165,0.0,0.0,0.0
2024-10-22 10:40:00-04:00,48.380001068115234,48.380001068115234,48.380001068115234,48.380001068115234,211,0.0,0.0,0.0
2024-10-22 10:55:00-04:00,48.43000030517578,48.43000030517578,48.43000030517578,48.43000030517578,660,0.0,0.0,0.0
2024-10-22 11:05:00-04:00,48.43000030517578,48.487701416015625,48.42940139770508,48.42940139770508,1072,0.0,0.0,0.0
2024-10-22 11:15:00-04:00,48.43000030517578,48.43000030517578,48.43000030517578,48.43000030517578,100,0.0,0.0,0.0
2024-10-22 11:20:00-04:00,48.433998107910156,48.433998107910156,48.43050003051758,48.43050003051758,699,0.0,0.0,0.0
2024-10-22 11:45:00-04:00,48.439998626708984,48.439998626708984,48.439998626708984,48.439998626708984,100,0.0,0.0,0.0
2024-10-22 12:00:00-04:00,48.439998626708984,48.439998626708984,48.439998626708984,48.439998626708984,200,0.0,0.0,0.0
2024-10-22 12:05:00-04:00,48.40999984741211,48.40999984741211,48.40999984741211,48.40999984741211,236,0.0,0.0,0.0
2024-10-22 12:25:00-04:00,48.439998626708984,48.439998626708984,48.40999984741211,48.40999984741211,633,0.0,0.0,0.0
2024-10-22 12:35:00-04:00,48.439998626708984,48.439998626708984,48.439998626708984,48.439998626708984,1277,0.0,0.0,0.0
2024-10-22 12:40:00-04:00,48.441715240478516,48.441715240478516,48.40999984741211,48.40999984741211,635,0.0,0.0,0.0
2024-10-22 12:55:00-04:00,48.436500549316406,48.436500549316406,48.436500549316406,48.436500549316406,563,0.0,0.0,0.0
2024-10-22 13:05:00-04:00,48.439998626708984,48.439998626708984,48.439998626708984,48.439998626708984,187,0.0,0.0,0.0
2024-10-22 13:25:00-04:00,48.46500015258789,48.46500015258789,48.45000076293945,48.45000076293945,375,0.0,0.0,0.0
2024-10-22 13:35:00-04:00,48.47999954223633,48.54999923706055,48.47999954223633,48.54999923706055,692,0.0,0.0,0.0
2024-10-22 13:45:00-04:00,48.5,48.53499984741211,48.5,48.53499984741211,235,0.0,0.0,0.0
2024-10-22 14:00:00-04:00,48.51020050048828,48.51020050048828,48.51020050048828,48.51020050048828,106,0.0,0.0,0.0
2024-10-22 14:05:00-04:00,48.560001373291016,48.560001373291016,48.540000915527344,48.540000915527344,964,0.0,0.0,0.0
2024-10-22 14:10:00-04:00,48.531898498535156,48.531898498535156,48.529998779296875,48.529998779296875,237,0.0,0.0,0.0
2024-10-22 14:20:00-04:00,48.52000045776367,48.52000045776367,48.52000045776367,48.52000045776367,540,0.0,0.0,0.0
2024-10-22 14:25:00-04:00,48.5099983215332,48.510101318359375,48.5099983215332,48.510101318359375,450,0.0,0.0,0.0
2024-10-22 14:35:00-04:00,48.5099983215332,48.5099983215332,48.5099983215332,48.5099983215332,569,0.0,0.0,0.0
2024-10-22 14:45:00-04:00,48.5099983215332,48.5099983215332,48.5099983215332,48.5099983215332,100,0.0,0.0,0.0
2024-10-22 14:55:00-04:00,48.5099983215332,48.5099983215332,48.5099983215332,48.5099983215332,100,0.0,0.0,0.0
2024-10-22 15:00:00-04:00,48.4900016784668,48.4900016784668,48.4900016784668,48.4900016784668,100,0.0,0.0,0.0
2024-10-22 15:05:00-04:00,48.559898376464844,48.559898376464844,48.559898376464844,48.559898376464844,248,0.0,0.0,0.0
2024-10-22 15:20:00-04:00,48.5099983215332,48.5099983215332,48.5099983215332,48.5099983215332,112,0.0,0.0,0.0
2024-10-22 15:40:00-04:00,48.52399826049805,48.52399826049805,48.52399826049805,48.52399826049805,270,0.0,0.0,0.0
2024-10-22 15:50:00-04:00,48.540000915527344,48.56829833984375,48.540000915527344,48.540000915527344,949,0.0,0.0,0.0
2024-10-22 15:55:00-04:00,48.540000915527344,48.54999923706055,48.5099983215332,48.5099983215332,0,0.0,0.0,0.0
2024-10-23 09:50:00-04:00,48.400001525878906,48.400001525878906,48.400001525878906,48.400001525878906,102,0.0,0.0,0.0
2024-10-23 10:05:00-04:00,48.38999938964844,48.38999938964844,48.38999938964844,48.38999938964844,300,0.0,0.0,0.0
2024-10-23 10:10:00-04:00,48.400001525878906,48.400001525878906,48.400001525878906,48.400001525878906,113,0.0,0.0,0.0
2024-10-23 10:15:00-04:00,48.36000061035156,48.36000061035156,48.36000061035156,48.36000061035156,103,0.0,0.0,0.0
2024-10-23 10:55:00-04:00,48.387901306152344,48.387901306152344,48.387901306152344,48.387901306152344,243,0.0,0.0,0.0
2024-10-23 11:00:00-04:00,48.41889953613281,48.41889953613281,48.41889953613281,48.41889953613281,2854,0.0,0.0,0.0
2024-10-23 11:05:00-04:00,48.36000061035156,48.36000061035156,48.36000061035156,48.36000061035156,171,0.0,0.0,0.0
2024-10-23 12:00:00-04:00,48.310001373291016,48.310001373291016,48.310001373291016,48.310001373291016,300,0.0,0.0,0.0
2024-10-23 12:05:00-04:00,48.290000915527344,48.290000915527344,48.290000915527344,48.290000915527344,111,0.0,0.0,0.0
2024-10-23 12:20:00-04:00,48.343101501464844,48.343101501464844,48.343101501464844,48.343101501464844,549,0.0,0.0,0.0
2024-10-23 12:35:00-04:00,48.25,48.25,48.25,48.25,100,0.0,0.0,0.0
2024-10-23 13:05:00-04:00,48.28990173339844,48.28990173339844,48.28990173339844,48.28990173339844,729,0.0,0.0,0.0
2024-10-23 13:20:00-04:00,48.20000076293945,48.20000076293945,48.20000076293945,48.20000076293945,331,0.0,0.0,0.0
2024-10-23 13:25:00-04:00,48.19499969482422,48.19499969482422,48.19499969482422,48.19499969482422,449,0.0,0.0,0.0
2024-10-23 13:30:00-04:00,48.20500183105469,48.20500183105469,48.15010070800781,48.15010070800781,1452,0.0,0.0,0.0
2024-10-23 13:35:00-04:00,48.150001525878906,48.150001525878906,48.150001525878906,48.150001525878906,122,0.0,0.0,0.0
2024-10-23 13:50:00-04:00,48.150001525878906,48.17581558227539,48.150001525878906,48.17581558227539,312,0.0,0.0,0.0
2024-10-23 13:55:00-04:00,48.18000030517578,48.18000030517578,48.150001525878906,48.150001525878906,1407,0.0,0.0,0.0
2024-10-23 14:00:00-04:00,48.119998931884766,48.12009811401367,48.11000061035156,48.12009811401367,3263,0.0,0.0,0.0
2024-10-23 14:10:00-04:00,48.119998931884766,48.119998931884766,48.119998931884766,48.119998931884766,244,0.0,0.0,0.0
2024-10-23 14:15:00-04:00,48.13100051879883,48.13100051879883,48.13100051879883,48.13100051879883,468,0.0,0.0,0.0
2024-10-23 14:25:00-04:00,48.099998474121094,48.099998474121094,48.099998474121094,48.099998474121094,151,0.0,0.0,0.0
2024-10-23 14:30:00-04:00,48.11000061035156,48.18320083618164,48.099998474121094,48.18320083618164,1028,0.0,0.0,0.0
2024-10-23 14:40:00-04:00,48.160701751708984,48.18000030517578,48.15999984741211,48.16999816894531,1551,0.0,0.0,0.0
2024-10-23 14:50:00-04:00,48.18000030517578,48.25,48.16999816894531,48.17499923706055,11734,0.0,0.0,0.0
2024-10-23 14:55:00-04:00,48.23400115966797,48.23400115966797,48.23400115966797,48.23400115966797,196,0.0,0.0,0.0
2024-10-23 15:10:00-04:00,48.22999954223633,48.25,48.16999816894531,48.16999816894531,2218,0.0,0.0,0.0
2024-10-23 15:20:00-04:00,48.189998626708984,48.189998626708984,48.189998626708984,48.189998626708984,124,0.0,0.0,0.0
2024-10-23 15:35:00-04:00,48.245399475097656,48.245399475097656,48.20000076293945,48.20000076293945,602,0.0,0.0,0.0
2024-10-23 15:40:00-04:00,48.22999954223633,48.22999954223633,48.22999954223633,48.22999954223633,223,0.0,0.0,0.0
2024-10-23 15:45:00-04:00,48.220001220703125,48.220001220703125,48.220001220703125,48.220001220703125,100,0.0,0.0,0.0
2024-10-23 15:55:00-04:00,48.24959945678711,48.24959945678711,48.220001220703125,48.22999954223633,2242,0.0,0.0,0.0
2024-10-24 09:30:00-04:00,48.33000183105469,48.33000183105469,48.33000183105469,48.33000183105469,280,0.0,0.0,0.0
2024-10-24 09:55:00-04:00,48.310001373291016,48.310001373291016,48.310001373291016,48.310001373291016,223,0.0,0.0,0.0
2024-10-24 10:00:00-04:00,48.349998474121094,48.349998474121094,48.349998474121094,48.349998474121094,319,0.0,0.0,0.0
2024-10-24 10:15:00-04:00,48.305999755859375,48.305999755859375,48.2953987121582,48.2953987121582,643,0.0,0.0,0.0
2024-10-24 10:20:00-04:00,48.38999938964844,48.38999938964844,48.38999938964844,48.38999938964844,239,0.0,0.0,0.0
2024-10-24 10:35:00-04:00,48.36000061035156,48.36000061035156,48.36000061035156,48.36000061035156,214,0.0,0.0,0.0
2024-10-24 10:45:00-04:00,48.310001373291016,48.310001373291016,48.310001373291016,48.310001373291016,264,0.0,0.0,0.0
2024-10-24 10:50:00-04:00,48.349998474121094,48.349998474121094,48.314998626708984,48.314998626708984,467,0.0,0.0,0.0
2024-10-24 11:20:00-04:00,48.31999969482422,48.31999969482422,48.31999969482422,48.31999969482422,223,0.0,0.0,0.0
2024-10-24 11:40:00-04:00,48.279998779296875,48.279998779296875,48.279998779296875,48.279998779296875,300,0.0,0.0,0.0
2024-10-24 11:45:00-04:00,48.244998931884766,48.244998931884766,48.244998931884766,48.244998931884766,100,0.0,0.0,0.0
2024-10-24 11:50:00-04:00,48.209999084472656,48.209999084472656,48.209999084472656,48.209999084472656,190,0.0,0.0,0.0
2024-10-24 12:05:00-04:00,48.2599983215332,48.2599983215332,48.2599983215332,48.2599983215332,500,0.0,0.0,0.0
2024-10-24 12:10:00-04:00,48.26499938964844,48.26499938964844,48.18009948730469,48.18009948730469,955,0.0,0.0,0.0
2024-10-24 12:45:00-04:00,48.279998779296875,48.279998779296875,48.279998779296875,48.279998779296875,199,0.0,0.0,0.0
2024-10-24 13:10:00-04:00,48.327999114990234,48.356300354003906,48.327999114990234,48.356300354003906,1383,0.0,0.0,0.0
2024-10-24 13:15:00-04:00,48.31999969482422,48.31999969482422,48.31999969482422,48.31999969482422,2705,0.0,0.0,0.0
2024-10-24 13:45:00-04:00,48.31999969482422,48.31999969482422,48.31999969482422,48.31999969482422,289,0.0,0.0,0.0
2024-10-24 13:50:00-04:00,48.34360122680664,48.34360122680664,48.34360122680664,48.34360122680664,702,0.0,0.0,0.0
2024-10-24 14:50:00-04:00,48.34989929199219,48.34989929199219,48.34989929199219,48.34989929199219,575,0.0,0.0,0.0
2024-10-24 15:35:00-04:00,48.349998474121094,48.349998474121094,48.349998474121094,48.349998474121094,120,0.0,0.0,0.0
2024-10-24 15:40:00-04:00,48.349998474121094,48.349998474121094,48.33000183105469,48.349998474121094,776,0.0,0.0,0.0
2024-10-25 09:30:00-04:00,48.43000030517578,48.47999954223633,48.43000030517578,48.47999954223633,0,0.0,0.0,0.0
2024-10-25 09:50:00-04:00,48.529998779296875,48.529998779296875,48.529998779296875,48.529998779296875,445,0.0,0.0,0.0
2024-10-25 10:00:00-04:00,48.560001373291016,48.56999969482422,48.560001373291016,48.56999969482422,300,0.0,0.0,0.0
2024-10-25 10:10:00-04:00,48.56999969482422,48.56999969482422,48.54999923706055,48.54999923706055,1831,0.0,0.0,0.0
2024-10-25 10:45:00-04:00,48.56650161743164,48.56650161743164,48.56650161743164,48.56650161743164,207,0.0,0.0,0.0
2024-10-25 10:50:00-04:00,48.52009963989258,48.52009963989258,48.52009963989258,48.52009963989258,1183,0.0,0.0,0.0
2024-10-25 11:05:00-04:00,48.5890998840332,48.5890998840332,48.5890998840332,48.5890998840332,0,0.0,0.0,0.0
2024-10-25 11:25:00-04:00,48.5,48.5,48.5,48.5,7240,0.0,0.0,0.0
2024-10-25 11:30:00-04:00,48.4900016784668,48.5,48.4900016784668,48.5,711,0.0,0.0,0.0
2024-10-25 11:35:00-04:00,48.5,48.5,48.5,48.5,338,0.0,0.0,0.0
2024-10-25 12:10:00-04:00,48.53889846801758,48.53889846801758,48.46500015258789,48.47754669189453,1190,0.0,0.0,0.0
2024-10-25 12:15:00-04:00,48.47700119018555,48.47700119018555,48.47700119018555,48.47700119018555,354,0.0,0.0,0.0
2024-10-25 12:20:00-04:00,48.5,48.505001068115234,48.46860122680664,48.4900016784668,19380,0.0,0.0,0.0
2024-10-25 12:25:00-04:00,48.4900016784668,48.49729919433594,48.47999954223633,48.49729919433594,900,0.0,0.0,0.0
2024-10-25 12:30:00-04:00,48.47999954223633,48.505001068115234,48.47999954223633,48.47999954223633,600,0.0,0.0,0.0
2024-10-25 12:35:00-04:00,48.505001068115234,48.505001068115234,48.47999954223633,48.47999954223633,1910,0.0,0.0,0.0
2024-10-25 12:45:00-04:00,48.48099899291992,48.48099899291992,48.48099899291992,48.48099899291992,409,0.0,0.0,0.0
2024-10-25 13:00:00-04:00,48.5,48.5,48.459999084472656,48.459999084472656,4907,0.0,0.0,0.0
2024-10-25 13:40:00-04:00,48.400001525878906,48.400001525878906,48.34000015258789,48.34000015258789,1190,0.0,0.0,0.0
2024-10-25 13:55:00-04:00,48.340999603271484,48.36800003051758,48.34080123901367,48.36800003051758,1180,0.0,0.0,0.0
2024-10-25 14:10:00-04:00,48.260799407958984,48.260799407958984,48.260799407958984,48.260799407958984,985,0.0,0.0,0.0
2024-10-25 14:15:00-04:00,48.279998779296875,48.279998779296875,48.279998779296875,48.279998779296875,781,0.0,0.0,0.0
2024-10-25 14:20:00-04:00,48.339698791503906,48.339698791503906,48.339698791503906,48.339698791503906,181,0.0,0.0,0.0
2024-10-25 14:25:00-04:00,48.34000015258789,48.34000015258789,48.34000015258789,48.34000015258789,4461,0.0,0.0,0.0
2024-10-25 14:30:00-04:00,48.34000015258789,48.34000015258789,48.31999969482422,48.31999969482422,265,0.0,0.0,0.0
2024-10-25 15:10:00-04:00,48.38399887084961,48.38399887084961,48.33000183105469,48.33000183105469,545,0.0,0.0,0.0
2024-10-25 15:15:00-04:00,48.37089920043945,48.37089920043945,48.37089920043945,48.37089920043945,235,0.0,0.0,0.0
2024-10-25 15:45:00-04:00,48.35499954223633,48.35499954223633,48.35499954223633,48.35499954223633,626,0.0,0.0,0.0
2024-10-25 15:50:00-04:00,48.31999969482422,48.38999938964844,48.31999969482422,48.38999938964844,719,0.0,0.0,0.0
2024-10-25 15:55:00-04:00,48.322200775146484,48.322200775146484,48.279998779296875,48.279998779296875,980,0.0,0.0,0.0
