Datetime,Open,High,Low,Close,Volume,Dividends,Stock Splits
2024-09-26 09:30:00-04:00,260.0,260.0899963378906,259.1499938964844,259.67999267578125,15237,0.0,0.0
2024-09-26 09:35:00-04:00,259.8500061035156,260.1700134277344,259.6000061035156,259.8500061035156,5695,0.0,0.0
2024-09-26 09:40:00-04:00,259.92498779296875,259.92498779296875,259.3349914550781,259.5400085449219,3913,0.0,0.0
2024-09-26 09:45:00-04:00,259.6099853515625,260.4053955078125,259.6099853515625,260.4053955078125,5000,0.0,0.0
2024-09-26 09:50:00-04:00,260.42999267578125,260.4599914550781,260.2449951171875,260.32000732421875,2054,0.0,0.0
2024-09-26 09:55:00-04:00,260.0899963378906,260.0899963378906,259.739990234375,259.8999938964844,3256,0.0,0.0
2024-09-26 10:00:00-04:00,260.42498779296875,261.1400146484375,259.9200134277344,260.0400085449219,23430,0.0,0.0
2024-09-26 10:05:00-04:00,259.6400146484375,259.8999938964844,259.5050048828125,259.53009033203125,6784,0.0,0.0
2024-09-26 10:10:00-04:00,259.94000244140625,260.1700134277344,259.8399963378906,260.1700134277344,2245,0.0,0.0
2024-09-26 10:15:00-04:00,260.3599853515625,260.5,260.20001220703125,260.3450012207031,3789,0.0,0.0
2024-09-26 10:20:00-04:00,260.25,260.3800048828125,259.8999938964844,260.17999267578125,2998,0.0,0.0
2024-09-26 10:25:00-04:00,260.0799865722656,260.489990234375,260.0799865722656,260.489990234375,3845,0.0,0.0
2024-09-26 10:30:00-04:00,260.4700012207031,261.3999938964844,260.4700012207031,261.3999938964844,4119,0.0,0.0
2024-09-26 10:35:00-04:00,261.4200134277344,261.8999938964844,261.4200134277344,261.8999938964844,2933,0.0,0.0
2024-09-26 10:40:00-04:00,261.7200012207031,261.7200012207031,261.3999938964844,261.3999938964844,2302,0.0,0.0
2024-09-26 10:45:00-04:00,261.6199951171875,262.04998779296875,261.6199951171875,262.04998779296875,5246,0.0,0.0
2024-09-26 10:50:00-04:00,262.19000244140625,262.5,262.0,262.44000244140625,7131,0.0,0.0
2024-09-26 10:55:00-04:00,262.3450012207031,262.8299865722656,262.1700134277344,262.6600036621094,15943,0.0,0.0
2024-09-26 11:00:00-04:00,262.7900085449219,263.2300109863281,262.6199951171875,262.9200134277344,9667,0.0,0.0
2024-09-26 11:05:00-04:00,262.6968994140625,262.739990234375,262.32501220703125,262.42999267578125,4995,0.0,0.0
2024-09-26 11:10:00-04:00,262.3500061035156,262.5199890136719,262.1499938964844,262.2349853515625,18940,0.0,0.0
2024-09-26 11:15:00-04:00,262.2349853515625,262.2349853515625,261.7699890136719,262.07000732421875,5406,0.0,0.0
2024-09-26 11:20:00-04:00,262.0249938964844,262.0249938964844,261.9549865722656,261.9599914550781,1795,0.0,0.0
2024-09-26 11:25:00-04:00,261.95001220703125,262.1000061035156,261.7900085449219,261.7900085449219,14321,0.0,0.0
2024-09-26 11:30:00-04:00,261.6600036621094,261.8999938964844,261.32000732421875,261.4750061035156,6308,0.0,0.0
2024-09-26 11:35:00-04:00,261.42999267578125,261.42999267578125,260.9200134277344,260.95001220703125,4218,0.0,0.0
2024-09-26 11:40:00-04:00,260.94500732421875,261.2099914550781,260.94500732421875,260.9599914550781,4864,0.0,0.0
2024-09-26 11:45:00-04:00,261.1300048828125,261.1600036621094,260.9800109863281,260.9849853515625,5640,0.0,0.0
2024-09-26 11:50:00-04:00,261.1199951171875,261.44000244140625,261.0,261.44000244140625,3241,0.0,0.0
2024-09-26 11:55:00-04:00,261.385009765625,261.6600036621094,261.385009765625,261.625,3777,0.0,0.0
2024-09-26 12:00:00-04:00,261.6199951171875,261.7300109863281,261.3900146484375,261.3900146484375,4325,0.0,0.0
2024-09-26 12:05:00-04:00,261.385009765625,261.57000732421875,261.385009765625,261.4649963378906,2696,0.0,0.0
2024-09-26 12:10:00-04:00,261.4599914550781,261.7300109863281,261.4599914550781,261.57000732421875,7337,0.0,0.0
2024-09-26 12:15:00-04:00,261.54998779296875,261.82501220703125,261.5400085449219,261.69500732421875,5197,0.0,0.0
2024-09-26 12:20:00-04:00,261.69000244140625,261.739990234375,261.5899963378906,261.614990234375,9486,0.0,0.0
2024-09-26 12:25:00-04:00,261.635009765625,261.94000244140625,261.6000061035156,261.8699951171875,9925,0.0,0.0
2024-09-26 12:30:00-04:00,261.760009765625,261.8299865722656,261.6499938964844,261.70001220703125,3111,0.0,0.0
2024-09-26 12:35:00-04:00,261.8399963378906,261.92498779296875,261.80999755859375,261.92498779296875,1473,0.0,0.0
2024-09-26 12:40:00-04:00,261.96990966796875,262.05999755859375,261.8550109863281,262.05999755859375,4145,0.0,0.0
2024-09-26 12:45:00-04:00,261.9599914550781,261.97698974609375,261.94500732421875,261.9599914550781,1179,0.0,0.0
2024-09-26 12:50:00-04:00,261.8999938964844,262.010009765625,261.7749938964844,261.8500061035156,3546,0.0,0.0
2024-09-26 12:55:00-04:00,261.8349914550781,262.07000732421875,261.8349914550781,261.989990234375,2057,0.0,0.0
2024-09-26 13:00:00-04:00,261.92999267578125,262.25,261.8203125,262.0899963378906,7056,0.0,0.0
2024-09-26 13:05:00-04:00,262.1272888183594,262.17498779296875,262.07000732421875,262.1000061035156,5203,0.0,0.0
2024-09-26 13:10:00-04:00,262.05999755859375,262.2193908691406,261.7349853515625,261.81500244140625,6370,0.0,0.0
2024-09-26 13:15:00-04:00,261.79998779296875,261.79998779296875,261.5400085449219,261.5400085449219,2569,0.0,0.0
2024-09-26 13:20:00-04:00,261.5050048828125,261.8299865722656,261.5050048828125,261.7699890136719,3576,0.0,0.0
2024-09-26 13:25:00-04:00,261.79998779296875,262.0299987792969,261.79998779296875,261.989990234375,4113,0.0,0.0
2024-09-26 13:30:00-04:00,262.1499938964844,262.2900085449219,261.8599853515625,261.885009765625,7308,0.0,0.0
2024-09-26 13:35:00-04:00,261.885009765625,262.0,261.885009765625,261.9100036621094,3234,0.0,0.0
2024-09-26 13:40:00-04:00,261.760009765625,262.1600036621094,261.760009765625,262.1600036621094,3413,0.0,0.0
2024-09-26 13:45:00-04:00,262.0140075683594,262.19000244140625,262.0140075683594,262.05999755859375,2560,0.0,0.0
2024-09-26 13:50:00-04:00,262.05999755859375,262.1600036621094,261.90399169921875,262.0,4344,0.0,0.0
2024-09-26 13:55:00-04:00,262.0,262.05999755859375,261.8900146484375,261.989990234375,3626,0.0,0.0
2024-09-26 14:00:00-04:00,262.04998779296875,262.1000061035156,261.79998779296875,261.9150085449219,6161,0.0,0.0
2024-09-26 14:05:00-04:00,261.8399963378906,261.8399963378906,261.5400085449219,261.67999267578125,2812,0.0,0.0
2024-09-26 14:10:00-04:00,261.6700134277344,262.0199890136719,261.5899963378906,261.989990234375,6766,0.0,0.0
2024-09-26 14:15:00-04:00,262.25,262.29998779296875,262.07000732421875,262.1449890136719,10730,0.0,0.0
2024-09-26 14:20:00-04:00,262.05999755859375,262.05999755859375,261.7950134277344,261.7950134277344,3552,0.0,0.0
2024-09-26 14:25:00-04:00,261.82501220703125,261.82501220703125,261.7200012207031,261.7644958496094,2994,0.0,0.0
2024-09-26 14:30:00-04:00,261.6300048828125,261.8299865722656,261.6099853515625,261.82000732421875,4551,0.0,0.0
2024-09-26 14:35:00-04:00,261.9200134277344,261.9200134277344,261.79998779296875,261.79998779296875,1861,0.0,0.0
2024-09-26 14:40:00-04:00,261.79998779296875,261.8800048828125,261.7099914550781,261.7799987792969,2443,0.0,0.0
2024-09-26 14:45:00-04:00,261.7550048828125,261.7550048828125,261.510009765625,261.6400146484375,3465,0.0,0.0
2024-09-26 14:50:00-04:00,261.6400146484375,261.75,261.54998779296875,261.7099914550781,3339,0.0,0.0
2024-09-26 14:55:00-04:00,261.760009765625,261.7900085449219,261.54998779296875,261.5950012207031,6646,0.0,0.0
2024-09-26 15:00:00-04:00,261.4700012207031,261.8900146484375,261.4700012207031,261.6099853515625,5898,0.0,0.0
2024-09-26 15:05:00-04:00,261.5799865722656,262.1499938964844,261.4100036621094,261.6600036621094,38409,0.0,0.0
2024-09-26 15:10:00-04:00,261.7300109863281,262.0249938964844,261.7300109863281,261.8800048828125,4867,0.0,0.0
2024-09-26 15:15:00-04:00,261.7900085449219,261.8900146484375,261.69000244140625,261.7250061035156,4714,0.0,0.0
2024-09-26 15:20:00-04:00,261.7049865722656,261.7699890136719,261.55999755859375,261.6424865722656,3705,0.0,0.0
2024-09-26 15:25:00-04:00,261.510009765625,261.6099853515625,261.42498779296875,261.54998779296875,23294,0.0,0.0
2024-09-26 15:30:00-04:00,261.5299987792969,261.5299987792969,261.1099853515625,261.1099853515625,6418,0.0,0.0
2024-09-26 15:35:00-04:00,261.1499938964844,261.4700012207031,261.0849914550781,261.4700012207031,9801,0.0,0.0
2024-09-26 15:40:00-04:00,261.5,261.5,261.29998779296875,261.4599914550781,5689,0.0,0.0
2024-09-26 15:45:00-04:00,261.54998779296875,261.69000244140625,261.3999938964844,261.6600036621094,12031,0.0,0.0
2024-09-26 15:50:00-04:00,261.6400146484375,261.9750061035156,261.6099853515625,261.9750061035156,16461,0.0,0.0
2024-09-26 15:55:00-04:00,261.9150085449219,262.2799987792969,261.8699951171875,262.05999755859375,54086,0.0,0.0
2024-09-27 09:30:00-04:00,263.0,263.79998779296875,262.8399963378906,263.79998779296875,10411,0.0,0.0
2024-09-27 09:35:00-04:00,264.6650085449219,264.7550048828125,263.8900146484375,263.8900146484375,649,0.0,0.0
2024-09-27 09:40:00-04:00,264.3900146484375,264.42999267578125,264.3399963378906,264.3399963378906,2424,0.0,0.0
2024-09-27 09:45:00-04:00,264.19000244140625,264.19000244140625,263.239990234375,263.239990234375,5358,0.0,0.0
2024-09-27 09:50:00-04:00,262.9100036621094,263.3900146484375,262.9100036621094,263.3900146484375,2841,0.0,0.0
2024-09-27 09:55:00-04:00,263.44000244140625,264.1499938964844,263.1000061035156,263.9800109863281,6249,0.0,0.0
2024-09-27 10:00:00-04:00,263.9800109863281,264.739990234375,263.1600036621094,264.1600036621094,12155,0.0,0.0
2024-09-27 10:05:00-04:00,264.2749938964844,264.7900085449219,264.2749938964844,264.7900085449219,5793,0.0,0.0
2024-09-27 10:10:00-04:00,264.8550109863281,265.9649963378906,264.7749938964844,265.9649963378906,26078,0.0,0.0
2024-09-27 10:15:00-04:00,265.6600036621094,266.0794982910156,265.5400085449219,266.0794982910156,13149,0.0,0.0
2024-09-27 10:20:00-04:00,266.0899963378906,266.5,265.92498779296875,266.4599914550781,6522,0.0,0.0
2024-09-27 10:25:00-04:00,266.54998779296875,266.7200012207031,266.2099914550781,266.70001220703125,8173,0.0,0.0
2024-09-27 10:30:00-04:00,266.6099853515625,267.260009765625,266.4800109863281,267.01251220703125,36020,0.0,0.0
2024-09-27 10:35:00-04:00,267.010009765625,267.0400085449219,266.54998779296875,266.8999938964844,19503,0.0,0.0
2024-09-27 10:40:00-04:00,266.9100036621094,266.9800109863281,266.45001220703125,266.6050109863281,15468,0.0,0.0
2024-09-27 10:45:00-04:00,266.6050109863281,266.760009765625,266.6050109863281,266.75,1882,0.0,0.0
2024-09-27 10:50:00-04:00,266.760009765625,267.20001220703125,266.760009765625,267.20001220703125,5588,0.0,0.0
2024-09-27 10:55:00-04:00,267.260009765625,267.32000732421875,267.0799865722656,267.18499755859375,10451,0.0,0.0
2024-09-27 11:00:00-04:00,267.07000732421875,267.17999267578125,266.7799987792969,266.79998779296875,8888,0.0,0.0
2024-09-27 11:05:00-04:00,266.95001220703125,267.29998779296875,266.95001220703125,267.239990234375,5269,0.0,0.0
2024-09-27 11:10:00-04:00,267.2349853515625,267.239990234375,267.0799865722656,267.1300048828125,6789,0.0,0.0
2024-09-27 11:15:00-04:00,267.20001220703125,267.44061279296875,267.19000244140625,267.4200134277344,5168,0.0,0.0
2024-09-27 11:20:00-04:00,267.260009765625,267.489990234375,267.1130065917969,267.42999267578125,8470,0.0,0.0
2024-09-27 11:25:00-04:00,267.4150085449219,267.5249938964844,267.260009765625,267.30999755859375,8230,0.0,0.0
2024-09-27 11:30:00-04:00,267.3399963378906,267.70001220703125,267.3299865722656,267.5199890136719,14072,0.0,0.0
2024-09-27 11:35:00-04:00,267.3999938964844,267.510009765625,267.010009765625,267.010009765625,8906,0.0,0.0
2024-09-27 11:40:00-04:00,267.0199890136719,267.0199890136719,266.8500061035156,266.8500061035156,3323,0.0,0.0
2024-09-27 11:45:00-04:00,266.95989990234375,267.0400085449219,266.8500061035156,267.0400085449219,2768,0.0,0.0
2024-09-27 11:50:00-04:00,266.9200134277344,267.0299987792969,266.6300048828125,266.6849060058594,4147,0.0,0.0
2024-09-27 11:55:00-04:00,266.5299987792969,266.69000244140625,266.2200012207031,266.5249938964844,8257,0.0,0.0
2024-09-27 12:00:00-04:00,266.4200134277344,266.4200134277344,266.0050048828125,266.0050048828125,4681,0.0,0.0
2024-09-27 12:05:00-04:00,266.0799865722656,266.0899963378906,265.94000244140625,266.010009765625,3951,0.0,0.0
2024-09-27 12:10:00-04:00,265.92999267578125,266.05999755859375,265.4100036621094,265.5249938964844,18355,0.0,0.0
2024-09-27 12:15:00-04:00,265.4100036621094,265.6499938964844,265.4100036621094,265.5299987792969,15740,0.0,0.0
2024-09-27 12:20:00-04:00,265.6400146484375,265.69500732421875,265.4800109863281,265.4800109863281,2012,0.0,0.0
2024-09-27 12:25:00-04:00,265.5400085449219,265.6000061035156,265.3349914550781,265.4700012207031,6515,0.0,0.0
2024-09-27 12:30:00-04:00,265.3699951171875,265.4599914550781,265.32000732421875,265.4599914550781,2598,0.0,0.0
2024-09-27 12:35:00-04:00,265.1499938964844,265.28021240234375,265.1099853515625,265.2463073730469,3290,0.0,0.0
2024-09-27 12:40:00-04:00,265.2099914550781,265.2099914550781,265.1600036621094,265.1600036621094,2287,0.0,0.0
2024-09-27 12:45:00-04:00,265.11248779296875,265.1199951171875,265.1050109863281,265.1050109863281,2058,0.0,0.0
2024-09-27 12:50:00-04:00,265.2200012207031,265.32000732421875,265.1300048828125,265.32000732421875,5905,0.0,0.0
2024-09-27 12:55:00-04:00,265.30999755859375,265.30999755859375,264.989990234375,265.05999755859375,3359,0.0,0.0
2024-09-27 13:00:00-04:00,265.0299987792969,265.0799865722656,264.9700012207031,265.0799865722656,1947,0.0,0.0
2024-09-27 13:05:00-04:00,265.1199951171875,265.1199951171875,264.45001220703125,264.45001220703125,4025,0.0,0.0
2024-09-27 13:10:00-04:00,264.2184143066406,264.3699951171875,264.2184143066406,264.3074951171875,3093,0.0,0.0
2024-09-27 13:15:00-04:00,264.2799987792969,264.3299865722656,264.1099853515625,264.2099914550781,6214,0.0,0.0
2024-09-27 13:20:00-04:00,264.2099914550781,264.32000732421875,264.2049865722656,264.2850036621094,4845,0.0,0.0
2024-09-27 13:25:00-04:00,264.25,264.2749938964844,264.1000061035156,264.1549987792969,3935,0.0,0.0
2024-09-27 13:30:00-04:00,264.1400146484375,264.260009765625,264.1000061035156,264.1499938964844,3998,0.0,0.0
2024-09-27 13:35:00-04:00,264.239501953125,264.239501953125,264.0299987792969,264.0299987792969,4063,0.0,0.0
2024-09-27 13:40:00-04:00,263.95001220703125,264.010009765625,263.9100036621094,263.95001220703125,1911,0.0,0.0
2024-09-27 13:45:00-04:00,264.010009765625,264.45001220703125,263.8999938964844,264.45001220703125,6292,0.0,0.0
2024-09-27 13:50:00-04:00,264.4100036621094,264.4100036621094,264.2699890136719,264.2699890136719,2437,0.0,0.0
2024-09-27 13:55:00-04:00,264.2699890136719,264.3399963378906,263.9800109863281,264.197998046875,3730,0.0,0.0
2024-09-27 14:00:00-04:00,264.0400085449219,264.2200012207031,263.7699890136719,263.7699890136719,3114,0.0,0.0
2024-09-27 14:05:00-04:00,263.7300109863281,263.7300109863281,263.5350036621094,263.5950012207031,3437,0.0,0.0
2024-09-27 14:10:00-04:00,263.6499938964844,263.79998779296875,263.5899963378906,263.70001220703125,5297,0.0,0.0
2024-09-27 14:15:00-04:00,263.79998779296875,263.8599853515625,263.7099914550781,263.760009765625,4268,0.0,0.0
2024-09-27 14:20:00-04:00,263.7650146484375,263.7650146484375,263.66180419921875,263.66180419921875,1722,0.0,0.0
2024-09-27 14:25:00-04:00,263.7449951171875,263.7449951171875,263.4200134277344,263.4700012207031,4829,0.0,0.0
2024-09-27 14:30:00-04:00,263.5050048828125,263.6000061035156,263.0899963378906,263.2850036621094,5199,0.0,0.0
2024-09-27 14:35:00-04:00,263.32000732421875,263.3900146484375,263.0899963378906,263.2950134277344,3441,0.0,0.0
2024-09-27 14:40:00-04:00,263.2799987792969,263.4100036621094,263.1650085449219,263.385009765625,4849,0.0,0.0
2024-09-27 14:45:00-04:00,263.4700012207031,263.92498779296875,263.45001220703125,263.92498779296875,7002,0.0,0.0
2024-09-27 14:50:00-04:00,263.9150085449219,264.04998779296875,263.8399963378906,263.9049987792969,3473,0.0,0.0
2024-09-27 14:55:00-04:00,263.9049987792969,264.2300109863281,263.8599853515625,264.05999755859375,6127,0.0,0.0
2024-09-27 15:00:00-04:00,264.1300048828125,264.3500061035156,264.0400085449219,264.2650146484375,17208,0.0,0.0
2024-09-27 15:05:00-04:00,264.20001220703125,264.260009765625,264.07000732421875,264.1199951171875,14506,0.0,0.0
2024-09-27 15:10:00-04:00,264.17999267578125,264.19000244140625,264.0299987792969,264.114990234375,10300,0.0,0.0
2024-09-27 15:15:00-04:00,264.114990234375,264.3399963378906,264.114990234375,264.1499938964844,7124,0.0,0.0
2024-09-27 15:20:00-04:00,264.05499267578125,264.2200012207031,263.92999267578125,263.92999267578125,3675,0.0,0.0
2024-09-27 15:25:00-04:00,264.0199890136719,264.260009765625,263.95001220703125,264.0799865722656,10663,0.0,0.0
2024-09-27 15:30:00-04:00,264.07501220703125,264.25,263.9599914550781,264.0299987792969,18949,0.0,0.0
2024-09-27 15:35:00-04:00,264.07000732421875,264.1799011230469,263.92999267578125,264.07501220703125,10935,0.0,0.0
2024-09-27 15:40:00-04:00,264.0,264.0,263.82000732421875,263.875,17362,0.0,0.0
2024-09-27 15:45:00-04:00,263.92999267578125,264.1600036621094,263.9100036621094,263.9800109863281,12450,0.0,0.0
2024-09-27 15:50:00-04:00,263.8999938964844,264.4549865722656,263.8699951171875,264.1300048828125,23955,0.0,0.0
2024-09-27 15:55:00-04:00,264.0450134277344,264.2699890136719,263.8399963378906,263.8999938964844,57397,0.0,0.0
2024-09-30 09:30:00-04:00,262.1499938964844,263.0299987792969,260.2300109863281,260.45001220703125,31137,0.0,0.0
2024-09-30 09:35:00-04:00,260.875,261.5350036621094,260.875,261.5350036621094,5996,0.0,0.0
2024-09-30 09:40:00-04:00,261.5350036621094,261.5350036621094,260.9800109863281,261.2799987792969,5286,0.0,0.0
2024-09-30 09:45:00-04:00,261.1474914550781,261.17498779296875,260.0199890136719,260.2250061035156,12732,0.0,0.0
2024-09-30 09:50:00-04:00,260.4700012207031,260.4700012207031,260.0199890136719,260.2099914550781,4729,0.0,0.0
2024-09-30 09:55:00-04:00,260.2149963378906,260.6000061035156,259.95001220703125,260.3800048828125,12324,0.0,0.0
2024-09-30 10:00:00-04:00,260.3299865722656,260.6400146484375,260.1499938964844,260.5899963378906,10530,0.0,0.0
2024-09-30 10:05:00-04:00,260.82000732421875,261.54998779296875,260.82000732421875,261.54998779296875,4394,0.0,0.0
2024-09-30 10:10:00-04:00,261.43499755859375,261.4700012207031,261.4255065917969,261.4700012207031,2772,0.0,0.0
2024-09-30 10:15:00-04:00,261.43499755859375,261.45001220703125,261.260009765625,261.260009765625,1904,0.0,0.0
2024-09-30 10:20:00-04:00,261.20001220703125,261.318115234375,261.20001220703125,261.318115234375,1083,0.0,0.0
2024-09-30 10:25:00-04:00,261.32501220703125,261.32501220703125,260.6000061035156,260.6000061035156,3175,0.0,0.0
2024-09-30 10:30:00-04:00,260.6400146484375,261.0350036621094,260.6400146484375,260.80999755859375,5924,0.0,0.0
2024-09-30 10:35:00-04:00,260.6499938964844,260.8299865722656,260.5154113769531,260.6700134277344,4216,0.0,0.0
2024-09-30 10:40:00-04:00,260.760009765625,260.94000244140625,260.760009765625,260.82501220703125,3735,0.0,0.0
2024-09-30 10:45:00-04:00,260.9800109863281,261.07000732421875,260.92999267578125,260.9649963378906,3172,0.0,0.0
2024-09-30 10:50:00-04:00,260.8999938964844,260.8999938964844,260.3500061035156,260.3500061035156,2876,0.0,0.0
2024-09-30 10:55:00-04:00,260.5199890136719,260.7699890136719,260.5,260.5,4948,0.0,0.0
2024-09-30 11:00:00-04:00,260.5849914550781,260.9599914550781,260.476806640625,260.8999938964844,5084,0.0,0.0
2024-09-30 11:05:00-04:00,260.82501220703125,260.8500061035156,260.7099914550781,260.8500061035156,1880,0.0,0.0
2024-09-30 11:10:00-04:00,260.67999267578125,260.7200012207031,260.5400085449219,260.6650085449219,2941,0.0,0.0
2024-09-30 11:15:00-04:00,260.3009948730469,260.3009948730469,259.9700012207031,259.9700012207031,3153,0.0,0.0
2024-09-30 11:20:00-04:00,259.9150085449219,260.4100036621094,259.9150085449219,260.32000732421875,12205,0.0,0.0
2024-09-30 11:25:00-04:00,260.1199951171875,260.1199951171875,259.989990234375,259.989990234375,5769,0.0,0.0
2024-09-30 11:30:00-04:00,259.82000732421875,260.1099853515625,259.82000732421875,259.92498779296875,3202,0.0,0.0
2024-09-30 11:35:00-04:00,260.0199890136719,260.0199890136719,259.8500061035156,259.9599914550781,2675,0.0,0.0
2024-09-30 11:40:00-04:00,259.9599914550781,260.1000061035156,259.8599853515625,259.9949951171875,4153,0.0,0.0
2024-09-30 11:45:00-04:00,259.9800109863281,260.0899963378906,259.7799987792969,259.9049987792969,3564,0.0,0.0
2024-09-30 11:50:00-04:00,259.80999755859375,259.9100036621094,259.7900085449219,259.79998779296875,2373,0.0,0.0
2024-09-30 11:55:00-04:00,260.0199890136719,260.2200012207031,259.94000244140625,260.0450134277344,7808,0.0,0.0
2024-09-30 12:00:00-04:00,260.1199951171875,260.29998779296875,260.1199951171875,260.29998779296875,2230,0.0,0.0
2024-09-30 12:05:00-04:00,260.260009765625,260.5,260.19000244140625,260.42498779296875,4185,0.0,0.0
2024-09-30 12:10:00-04:00,260.41241455078125,260.44000244140625,260.2799987792969,260.2799987792969,1921,0.0,0.0
2024-09-30 12:15:00-04:00,260.42999267578125,260.42999267578125,260.17999267578125,260.260009765625,4484,0.0,0.0
2024-09-30 12:20:00-04:00,260.1700134277344,260.42999267578125,260.1700134277344,260.3550109863281,6754,0.0,0.0
2024-09-30 12:25:00-04:00,260.4100036621094,260.4599914550781,260.3299865722656,260.3299865722656,2356,0.0,0.0
2024-09-30 12:30:00-04:00,260.3299865722656,260.5,260.3299865722656,260.4200134277344,2661,0.0,0.0
2024-09-30 12:35:00-04:00,260.5299987792969,260.6199951171875,260.5199890136719,260.6199951171875,2175,0.0,0.0
2024-09-30 12:40:00-04:00,260.6600036621094,260.8299865722656,260.6099853515625,260.7449951171875,5199,0.0,0.0
2024-09-30 12:45:00-04:00,260.739990234375,260.7576904296875,260.614990234375,260.614990234375,1398,0.0,0.0
2024-09-30 12:50:00-04:00,260.67999267578125,260.8299865722656,260.6000061035156,260.7950134277344,6855,0.0,0.0
2024-09-30 12:55:00-04:00,260.8800048828125,260.9599914550781,260.7799987792969,260.8800048828125,1632,0.0,0.0
2024-09-30 13:00:00-04:00,260.79010009765625,260.8800048828125,260.75,260.75299072265625,4597,0.0,0.0
2024-09-30 13:05:00-04:00,260.92999267578125,260.9700012207031,260.92999267578125,260.9700012207031,1851,0.0,0.0
2024-09-30 13:10:00-04:00,260.9800109863281,261.0350036621094,260.7699890136719,260.875,4138,0.0,0.0
2024-09-30 13:15:00-04:00,261.0,261.260009765625,260.93499755859375,261.1600036621094,5390,0.0,0.0
2024-09-30 13:20:00-04:00,261.1524963378906,261.1549987792969,261.13739013671875,261.1449890136719,2227,0.0,0.0
2024-09-30 13:25:00-04:00,261.1400146484375,261.1400146484375,261.0299987792969,261.114990234375,1503,0.0,0.0
2024-09-30 13:30:00-04:00,261.06500244140625,261.06500244140625,261.05499267578125,261.05499267578125,1462,0.0,0.0
2024-09-30 13:35:00-04:00,261.07000732421875,261.07000732421875,260.9100036621094,260.9100036621094,983,0.0,0.0
2024-09-30 13:40:00-04:00,261.07000732421875,261.4800109863281,261.07000732421875,261.4800109863281,7998,0.0,0.0
2024-09-30 13:45:00-04:00,261.4800109863281,261.54998779296875,261.4800109863281,261.5299987792969,1672,0.0,0.0
2024-09-30 13:50:00-04:00,261.5299987792969,261.54998779296875,261.5199890136719,261.5350036621094,2161,0.0,0.0
2024-09-30 13:55:00-04:00,261.42999267578125,261.5299987792969,261.17138671875,261.260009765625,7570,0.0,0.0
2024-09-30 14:00:00-04:00,261.2275085449219,261.239990234375,261.1400146484375,261.1400146484375,2482,0.0,0.0
2024-09-30 14:05:00-04:00,261.1600036621094,261.1600036621094,260.8599853515625,260.9200134277344,4704,0.0,0.0
2024-09-30 14:10:00-04:00,260.9150085449219,260.9150085449219,260.3800048828125,260.3800048828125,6192,0.0,0.0
2024-09-30 14:15:00-04:00,260.29998779296875,260.375,259.8699951171875,259.8699951171875,6453,0.0,0.0
2024-09-30 14:20:00-04:00,259.8299865722656,259.8500061035156,259.3299865722656,259.6499938964844,9092,0.0,0.0
2024-09-30 14:25:00-04:00,259.6499938964844,260.1000061035156,259.4800109863281,260.1000061035156,11074,0.0,0.0
2024-09-30 14:30:00-04:00,259.9649963378906,260.2200012207031,259.7349853515625,260.2200012207031,7424,0.0,0.0
2024-09-30 14:35:00-04:00,260.125,260.6000061035156,260.1099853515625,260.5350036621094,5534,0.0,0.0
2024-09-30 14:40:00-04:00,260.6099853515625,260.67999267578125,260.42999267578125,260.5799865722656,4550,0.0,0.0
2024-09-30 14:45:00-04:00,260.7300109863281,260.79400634765625,260.6000061035156,260.6000061035156,4122,0.0,0.0
2024-09-30 14:50:00-04:00,260.6000061035156,260.6499938964844,260.3699951171875,260.4800109863281,5217,0.0,0.0
2024-09-30 14:55:00-04:00,260.5199890136719,260.6300048828125,260.2799987792969,260.3999938964844,4372,0.0,0.0
2024-09-30 15:00:00-04:00,260.3349914550781,260.3500061035156,260.0899963378906,260.2049865722656,4087,0.0,0.0
2024-09-30 15:05:00-04:00,260.2049865722656,260.32000732421875,260.1600036621094,260.32000732421875,7926,0.0,0.0
2024-09-30 15:10:00-04:00,260.260009765625,260.260009765625,260.1099853515625,260.17498779296875,5532,0.0,0.0
2024-09-30 15:15:00-04:00,259.9400939941406,260.3500061035156,259.9400939941406,260.30999755859375,9217,0.0,0.0
2024-09-30 15:20:00-04:00,260.322509765625,260.45001220703125,260.29998779296875,260.29998779296875,6107,0.0,0.0
2024-09-30 15:25:00-04:00,260.3262939453125,260.44500732421875,260.29998779296875,260.29998779296875,6734,0.0,0.0
2024-09-30 15:30:00-04:00,260.3699951171875,260.760009765625,260.3699951171875,260.6499938964844,8770,0.0,0.0
2024-09-30 15:35:00-04:00,260.69000244140625,261.20001220703125,260.69000244140625,261.20001220703125,8781,0.0,0.0
2024-09-30 15:40:00-04:00,261.20001220703125,261.5400085449219,261.1669006347656,261.5400085449219,10381,0.0,0.0
2024-09-30 15:45:00-04:00,261.5400085449219,261.8900146484375,261.4700012207031,261.6300048828125,17008,0.0,0.0
2024-09-30 15:50:00-04:00,261.7699890136719,262.1000061035156,261.6400146484375,261.95001220703125,31384,0.0,0.0
2024-09-30 15:55:00-04:00,261.8800048828125,262.2799987792969,261.760009765625,261.8999938964844,94655,0.0,0.0
2024-10-01 09:30:00-04:00,262.0199890136719,262.0199890136719,259.54998779296875,261.4200134277344,12181,0.0,0.0
2024-10-01 09:35:00-04:00,259.7300109863281,259.7300109863281,259.07000732421875,259.6700134277344,7235,0.0,0.0
2024-10-01 09:40:00-04:00,259.2550048828125,260.0498962402344,259.2099914550781,259.5,4583,0.0,0.0
2024-10-01 09:45:00-04:00,259.4599914550781,260.1300048828125,259.1846008300781,260.1199951171875,6796,0.0,0.0
2024-10-01 09:50:00-04:00,259.9649963378906,260.25,259.67999267578125,260.1484069824219,2778,0.0,0.0
2024-10-01 09:55:00-04:00,260.20001220703125,260.9200134277344,260.05999755859375,260.44000244140625,8675,0.0,0.0
2024-10-01 10:00:00-04:00,260.3599853515625,261.5799865722656,259.8800048828125,260.24200439453125,7200,0.0,0.0
2024-10-01 10:05:00-04:00,259.9599914550781,260.18499755859375,259.3399963378906,259.3699951171875,4410,0.0,0.0
2024-10-01 10:10:00-04:00,259.04998779296875,259.7699890136719,258.8299865722656,259.7699890136719,5192,0.0,0.0
2024-10-01 10:15:00-04:00,259.1300048828125,259.42999267578125,258.9700012207031,259.42999267578125,5872,0.0,0.0
2024-10-01 10:20:00-04:00,259.5924987792969,260.489990234375,259.5924987792969,260.3599853515625,11565,0.0,0.0
2024-10-01 10:25:00-04:00,260.19000244140625,260.19000244140625,259.45001220703125,259.7650146484375,8275,0.0,0.0
2024-10-01 10:30:00-04:00,259.7650146484375,259.8550109863281,259.3699951171875,259.8550109863281,4170,0.0,0.0
2024-10-01 10:35:00-04:00,259.94000244140625,260.2049865722656,259.6300048828125,260.2049865722656,2606,0.0,0.0
2024-10-01 10:40:00-04:00,259.989990234375,260.114990234375,259.8599853515625,259.8599853515625,4580,0.0,0.0
2024-10-01 10:45:00-04:00,260.04998779296875,260.19500732421875,259.9100036621094,260.0150146484375,8387,0.0,0.0
2024-10-01 10:50:00-04:00,259.8599853515625,259.989990234375,259.4700012207031,259.4700012207031,3773,0.0,0.0
2024-10-01 10:55:00-04:00,259.75750732421875,259.9700012207031,259.6700134277344,259.7900085449219,4789,0.0,0.0
2024-10-01 11:00:00-04:00,259.7099914550781,259.8500061035156,259.260009765625,259.29998779296875,4284,0.0,0.0
2024-10-01 11:05:00-04:00,259.17999267578125,259.2200012207031,258.6300048828125,259.0,14478,0.0,0.0
2024-10-01 11:10:00-04:00,258.9200134277344,259.30499267578125,258.8599853515625,259.17999267578125,2850,0.0,0.0
2024-10-01 11:15:00-04:00,259.3500061035156,260.010009765625,258.989990234375,259.8399963378906,5780,0.0,0.0
2024-10-01 11:20:00-04:00,259.9700012207031,260.2900085449219,259.6962890625,260.2900085449219,8549,0.0,0.0
2024-10-01 11:25:00-04:00,260.1549987792969,260.9599914550781,260.0,260.92999267578125,7465,0.0,0.0
2024-10-01 11:30:00-04:00,260.94000244140625,260.94000244140625,260.57000732421875,260.8900146484375,2351,0.0,0.0
2024-10-01 11:35:00-04:00,260.82000732421875,261.0899963378906,260.6050109863281,260.9599914550781,3569,0.0,0.0
2024-10-01 11:40:00-04:00,261.2200012207031,261.3599853515625,261.2200012207031,261.2900085449219,2596,0.0,0.0
2024-10-01 11:45:00-04:00,261.1199951171875,261.1300048828125,260.8599853515625,261.1300048828125,6254,0.0,0.0
2024-10-01 11:50:00-04:00,261.25,261.3999938964844,261.0199890136719,261.385009765625,3473,0.0,0.0
2024-10-01 11:55:00-04:00,261.4599914550781,261.7958068847656,261.4100036621094,261.45001220703125,4799,0.0,0.0
2024-10-01 12:00:00-04:00,261.3900146484375,261.5299987792969,261.2300109863281,261.5299987792969,4313,0.0,0.0
2024-10-01 12:05:00-04:00,261.5299987792969,261.6700134277344,261.2699890136719,261.2699890136719,4101,0.0,0.0
2024-10-01 12:10:00-04:00,261.3999938964844,261.4200134277344,260.8699951171875,260.8699951171875,3517,0.0,0.0
2024-10-01 12:15:00-04:00,261.19000244140625,261.2099914550781,260.8699951171875,261.2099914550781,1013,0.0,0.0
2024-10-01 12:20:00-04:00,261.1099853515625,261.29998779296875,260.9100036621094,261.1300048828125,1883,0.0,0.0
2024-10-01 12:25:00-04:00,261.2799987792969,261.32000732421875,261.135009765625,261.25,3806,0.0,0.0
2024-10-01 12:30:00-04:00,261.32000732421875,261.3500061035156,260.30499267578125,260.70001220703125,7569,0.0,0.0
2024-10-01 12:35:00-04:00,261.1700134277344,261.1700134277344,260.8500061035156,260.8500061035156,2789,0.0,0.0
2024-10-01 12:40:00-04:00,261.0050048828125,261.1000061035156,260.760009765625,260.8699951171875,3144,0.0,0.0
2024-10-01 12:45:00-04:00,260.70001220703125,260.70001220703125,260.19000244140625,260.6499938964844,2976,0.0,0.0
2024-10-01 12:50:00-04:00,260.92999267578125,261.3500061035156,260.8800048828125,261.3500061035156,2444,0.0,0.0
2024-10-01 12:55:00-04:00,260.989990234375,261.44000244140625,260.760009765625,261.4100036621094,5841,0.0,0.0
2024-10-01 13:00:00-04:00,260.9649963378906,260.989990234375,260.4939880371094,260.9599914550781,3165,0.0,0.0
2024-10-01 13:05:00-04:00,260.55499267578125,260.9200134277344,260.55499267578125,260.70001220703125,1080,0.0,0.0
2024-10-01 13:10:00-04:00,260.92999267578125,260.9599914550781,260.4800109863281,260.9599914550781,1789,0.0,0.0
2024-10-01 13:15:00-04:00,260.81500244140625,260.81500244140625,260.3691101074219,260.3900146484375,3451,0.0,0.0
2024-10-01 13:20:00-04:00,260.54998779296875,260.9700012207031,260.3299865722656,260.70001220703125,6860,0.0,0.0
2024-10-01 13:25:00-04:00,260.4599914550781,260.7799987792969,260.3699951171875,260.54998779296875,2746,0.0,0.0
2024-10-01 13:30:00-04:00,260.4800109863281,261.1400146484375,260.3699951171875,260.75,7877,0.0,0.0
2024-10-01 13:35:00-04:00,260.7300109863281,261.0799865722656,260.7300109863281,260.92999267578125,6219,0.0,0.0
2024-10-01 13:40:00-04:00,260.70098876953125,260.9800109863281,260.4599914550781,260.9800109863281,13689,0.0,0.0
2024-10-01 13:45:00-04:00,261.05999755859375,261.1000061035156,260.7699890136719,260.7699890136719,2472,0.0,0.0
2024-10-01 13:50:00-04:00,260.9200134277344,261.05999755859375,260.5899963378906,260.9599914550781,5653,0.0,0.0
2024-10-01 13:55:00-04:00,261.17999267578125,261.6000061035156,261.1400146484375,261.6000061035156,2144,0.0,0.0
2024-10-01 14:00:00-04:00,261.6199951171875,261.7799987792969,261.56219482421875,261.7799987792969,6101,0.0,0.0
2024-10-01 14:05:00-04:00,261.8299865722656,261.8299865722656,261.5132141113281,261.6600036621094,5133,0.0,0.0
2024-10-01 14:10:00-04:00,261.5450134277344,261.5899963378906,261.32000732421875,261.32000732421875,6574,0.0,0.0
2024-10-01 14:15:00-04:00,261.3349914550781,261.7099914550781,261.3349914550781,261.6007995605469,6137,0.0,0.0
2024-10-01 14:20:00-04:00,261.5950012207031,261.75,261.4800109863281,261.54998779296875,11433,0.0,0.0
2024-10-01 14:25:00-04:00,261.5199890136719,262.0799865722656,261.5199890136719,261.82000732421875,7749,0.0,0.0
2024-10-01 14:30:00-04:00,261.8774108886719,262.1000061035156,261.8774108886719,261.9200134277344,7686,0.0,0.0
2024-10-01 14:35:00-04:00,262.1700134277344,262.1700134277344,261.79998779296875,261.875,9046,0.0,0.0
2024-10-01 14:40:00-04:00,261.7799987792969,262.0199890136719,261.7099914550781,261.8599853515625,6783,0.0,0.0
2024-10-01 14:45:00-04:00,261.9800109863281,262.1199951171875,261.6300048828125,261.7950134277344,5584,0.0,0.0
2024-10-01 14:50:00-04:00,261.80999755859375,262.0199890136719,261.6600036621094,261.6600036621094,4792,0.0,0.0
2024-10-01 14:55:00-04:00,261.6600036621094,261.8500061035156,261.510009765625,261.70001220703125,3080,0.0,0.0
2024-10-01 15:00:00-04:00,261.69500732421875,261.7799987792969,261.3599853515625,261.42999267578125,5868,0.0,0.0
2024-10-01 15:05:00-04:00,261.3900146484375,261.5899963378906,261.364990234375,261.4800109863281,5489,0.0,0.0
2024-10-01 15:10:00-04:00,261.6099853515625,261.6099853515625,261.25,261.2650146484375,4543,0.0,0.0
2024-10-01 15:15:00-04:00,261.3599853515625,261.5799865722656,261.1300048828125,261.5050048828125,8753,0.0,0.0
2024-10-01 15:20:00-04:00,261.57000732421875,261.5899963378906,261.3699951171875,261.510009765625,11396,0.0,0.0
2024-10-01 15:25:00-04:00,261.4949951171875,261.69000244140625,261.489990234375,261.510009765625,8745,0.0,0.0
2024-10-01 15:30:00-04:00,261.625,261.67999267578125,261.3699951171875,261.5799865722656,14720,0.0,0.0
2024-10-01 15:35:00-04:00,261.3599853515625,261.7699890136719,261.1600036621094,261.7699890136719,13199,0.0,0.0
2024-10-01 15:40:00-04:00,261.75,261.75,261.5299987792969,261.5299987792969,10429,0.0,0.0
2024-10-01 15:45:00-04:00,261.6099853515625,261.6300048828125,261.1700134277344,261.2300109863281,13080,0.0,0.0
2024-10-01 15:50:00-04:00,261.3500061035156,261.42999267578125,260.94000244140625,260.989990234375,38758,0.0,0.0
2024-10-01 15:55:00-04:00,261.0675048828125,261.42999267578125,261.05999755859375,261.2200012207031,74760,0.0,0.0
2024-10-02 09:30:00-04:00,260.3699951171875,261.25,260.0,260.79998779296875,44875,0.0,0.0
2024-10-02 09:35:00-04:00,260.5199890136719,261.5199890136719,260.3999938964844,260.7349853515625,5354,0.0,0.0
2024-10-02 09:40:00-04:00,260.7049865722656,261.010009765625,260.0,260.989990234375,13012,0.0,0.0
2024-10-02 09:45:00-04:00,261.1700134277344,262.2200012207031,260.8299865722656,261.7200012207031,6124,0.0,0.0
2024-10-02 09:50:00-04:00,261.9100036621094,262.30999755859375,261.5400085449219,261.8125,4517,0.0,0.0
2024-10-02 09:55:00-04:00,261.8399963378906,261.8399963378906,261.17999267578125,261.29998779296875,4828,0.0,0.0
2024-10-02 10:00:00-04:00,261.2749938964844,261.6099853515625,260.9649963378906,261.6099853515625,11074,0.0,0.0
2024-10-02 10:05:00-04:00,261.4649963378906,261.7300109863281,261.2699890136719,261.2699890136719,4464,0.0,0.0
2024-10-02 10:10:00-04:00,261.2900085449219,261.5299987792969,261.1178894042969,261.3800048828125,3400,0.0,0.0
2024-10-02 10:15:00-04:00,261.3699951171875,261.3699951171875,261.0830993652344,261.29998779296875,10713,0.0,0.0
2024-10-02 10:20:00-04:00,261.30499267578125,261.4049987792969,260.3900146484375,260.3900146484375,8078,0.0,0.0
2024-10-02 10:25:00-04:00,260.7449951171875,261.0199890136719,260.7449951171875,260.8349914550781,2198,0.0,0.0
2024-10-02 10:30:00-04:00,260.8800048828125,261.4599914550781,260.8800048828125,261.4599914550781,5016,0.0,0.0
2024-10-02 10:35:00-04:00,261.29998779296875,261.3500061035156,260.81549072265625,261.0400085449219,5038,0.0,0.0
2024-10-02 10:40:00-04:00,261.260009765625,261.4200134277344,261.25,261.3500061035156,2455,0.0,0.0
2024-10-02 10:45:00-04:00,261.3999938964844,261.55999755859375,261.29278564453125,261.55999755859375,3136,0.0,0.0
2024-10-02 10:50:00-04:00,261.6300048828125,261.6300048828125,261.260009765625,261.375,5798,0.0,0.0
2024-10-02 10:55:00-04:00,261.510009765625,261.5299987792969,261.4849853515625,261.4849853515625,1427,0.0,0.0
2024-10-02 11:00:00-04:00,261.32501220703125,261.54998779296875,261.32501220703125,261.4599914550781,5177,0.0,0.0
2024-10-02 11:05:00-04:00,261.28460693359375,261.6400146484375,261.28460693359375,261.6400146484375,2154,0.0,0.0
2024-10-02 11:10:00-04:00,261.62451171875,261.62451171875,261.3299865722656,261.44500732421875,4380,0.0,0.0
2024-10-02 11:15:00-04:00,261.2699890136719,261.5899963378906,261.2699890136719,261.57501220703125,3531,0.0,0.0
2024-10-02 11:20:00-04:00,261.54998779296875,261.5799865722656,261.2250061035156,261.2250061035156,14616,0.0,0.0
2024-10-02 11:25:00-04:00,261.2279968261719,261.5799865722656,261.2250061035156,261.5799865722656,3959,0.0,0.0
2024-10-02 11:30:00-04:00,261.75,261.79998779296875,261.2900085449219,261.5050048828125,3701,0.0,0.0
2024-10-02 11:35:00-04:00,261.7799987792969,261.8800048828125,261.6199951171875,261.8800048828125,2256,0.0,0.0
2024-10-02 11:40:00-04:00,261.8299865722656,262.3999938964844,261.8299865722656,262.20001220703125,5104,0.0,0.0
2024-10-02 11:45:00-04:00,262.1000061035156,262.2049865722656,261.94000244140625,261.94000244140625,3896,0.0,0.0
2024-10-02 11:50:00-04:00,262.0400085449219,262.0400085449219,261.70001220703125,261.70001220703125,2491,0.0,0.0
2024-10-02 11:55:00-04:00,261.7349853515625,261.9010925292969,261.57000732421875,261.7099914550781,2449,0.0,0.0
2024-10-02 12:00:00-04:00,261.5199890136719,261.760009765625,261.5199890136719,261.6842041015625,3218,0.0,0.0
2024-10-02 12:05:00-04:00,261.6600036621094,261.6600036621094,261.5401916503906,261.6000061035156,4902,0.0,0.0
2024-10-02 12:10:00-04:00,261.6600036621094,261.80999755859375,261.510009765625,261.510009765625,3960,0.0,0.0
2024-10-02 12:15:00-04:00,261.5899963378906,261.5899963378906,261.32501220703125,261.375,5059,0.0,0.0
2024-10-02 12:20:00-04:00,261.57000732421875,261.6499938964844,261.4800109863281,261.57000732421875,2778,0.0,0.0
2024-10-02 12:25:00-04:00,261.54998779296875,261.760009765625,261.54998779296875,261.67999267578125,1836,0.0,0.0
2024-10-02 12:30:00-04:00,261.6400146484375,261.6400146484375,261.4800109863281,261.6050109863281,2471,0.0,0.0
2024-10-02 12:35:00-04:00,261.5950012207031,261.6272888183594,261.45001220703125,261.45001220703125,2246,0.0,0.0
2024-10-02 12:40:00-04:00,261.57379150390625,261.6050109863281,261.42999267578125,261.44000244140625,4126,0.0,0.0
2024-10-02 12:45:00-04:00,261.4649963378906,261.4649963378906,261.32000732421875,261.45001220703125,2754,0.0,0.0
2024-10-02 12:50:00-04:00,261.44500732421875,261.44500732421875,261.3349914550781,261.3500061035156,1657,0.0,0.0
2024-10-02 12:55:00-04:00,261.4324951171875,261.6400146484375,261.2699890136719,261.2699890136719,6009,0.0,0.0
2024-10-02 13:00:00-04:00,261.30999755859375,261.3699035644531,261.2300109863281,261.260009765625,2714,0.0,0.0
2024-10-02 13:05:00-04:00,261.2749938964844,261.2749938964844,261.1070861816406,261.114990234375,5777,0.0,0.0
2024-10-02 13:10:00-04:00,261.114990234375,261.29998779296875,260.9849853515625,261.2099914550781,2933,0.0,0.0
2024-10-02 13:15:00-04:00,261.2200012207031,261.3450012207031,261.19500732421875,261.3399963378906,794,0.0,0.0
2024-10-02 13:20:00-04:00,261.32000732421875,261.4700012207031,261.20001220703125,261.30999755859375,2416,0.0,0.0
2024-10-02 13:25:00-04:00,261.30999755859375,261.5899963378906,261.30999755859375,261.4200134277344,2687,0.0,0.0
2024-10-02 13:30:00-04:00,261.3900146484375,261.44000244140625,261.2300109863281,261.2799987792969,5389,0.0,0.0
2024-10-02 13:35:00-04:00,261.3370056152344,261.4700012207031,261.2950134277344,261.4700012207031,2730,0.0,0.0
2024-10-02 13:40:00-04:00,261.31048583984375,261.54998779296875,261.2828063964844,261.5450134277344,2981,0.0,0.0
2024-10-02 13:45:00-04:00,261.6099853515625,261.6700134277344,261.54998779296875,261.6600036621094,2426,0.0,0.0
2024-10-02 13:50:00-04:00,261.6400146484375,261.6828918457031,261.6400146484375,261.6828918457031,645,0.0,0.0
2024-10-02 13:55:00-04:00,261.82000732421875,261.8500061035156,261.6650085449219,261.8450012207031,3478,0.0,0.0
2024-10-02 14:00:00-04:00,261.95001220703125,262.0899963378906,261.78350830078125,261.95001220703125,3188,0.0,0.0
2024-10-02 14:05:00-04:00,261.95001220703125,261.95001220703125,261.7749938964844,261.8699951171875,8357,0.0,0.0
2024-10-02 14:10:00-04:00,261.8450012207031,261.8800048828125,261.7900085449219,261.8800048828125,1400,0.0,0.0
2024-10-02 14:15:00-04:00,261.94000244140625,262.17999267578125,261.7799987792969,261.82501220703125,11037,0.0,0.0
2024-10-02 14:20:00-04:00,261.7799987792969,261.8299865722656,261.7200012207031,261.7200012207031,3331,0.0,0.0
2024-10-02 14:25:00-04:00,261.81500244140625,261.9200134277344,261.3999938964844,261.5199890136719,16477,0.0,0.0
2024-10-02 14:30:00-04:00,261.44000244140625,261.8900146484375,261.44000244140625,261.7900085449219,7100,0.0,0.0
2024-10-02 14:35:00-04:00,261.7799987792969,261.7950134277344,261.6700134277344,261.7200012207031,3456,0.0,0.0
2024-10-02 14:40:00-04:00,261.7799987792969,261.9700012207031,261.7799987792969,261.9700012207031,3146,0.0,0.0
2024-10-02 14:45:00-04:00,261.9700927734375,262.1300048828125,261.9700012207031,262.1300048828125,2560,0.0,0.0
2024-10-02 14:50:00-04:00,262.04998779296875,262.17999267578125,262.0199890136719,262.0199890136719,3795,0.0,0.0
2024-10-02 14:55:00-04:00,261.9599914550781,262.0,261.8999938964844,261.9599914550781,11980,0.0,0.0
2024-10-02 15:00:00-04:00,261.9549865722656,261.9700012207031,261.70001220703125,261.70001220703125,16359,0.0,0.0
2024-10-02 15:05:00-04:00,261.69000244140625,261.69000244140625,261.2900085449219,261.6000061035156,32702,0.0,0.0
2024-10-02 15:10:00-04:00,261.6600036621094,261.9100036621094,261.57501220703125,261.9100036621094,9441,0.0,0.0
2024-10-02 15:15:00-04:00,261.9150085449219,261.94000244140625,261.75,261.8999938964844,7359,0.0,0.0
2024-10-02 15:20:00-04:00,261.8999938964844,261.8999938964844,261.69000244140625,261.69000244140625,6696,0.0,0.0
2024-10-02 15:25:00-04:00,261.69000244140625,261.8500061035156,261.69000244140625,261.739990234375,4224,0.0,0.0
2024-10-02 15:30:00-04:00,261.7250061035156,261.7250061035156,261.135009765625,261.260009765625,10314,0.0,0.0
2024-10-02 15:35:00-04:00,261.2749938964844,261.55499267578125,261.2749938964844,261.3599853515625,8924,0.0,0.0
2024-10-02 15:40:00-04:00,261.2799987792969,261.6300048828125,261.2699890136719,261.4800109863281,13442,0.0,0.0
2024-10-02 15:45:00-04:00,261.510009765625,261.6099853515625,261.42999267578125,261.42999267578125,10497,0.0,0.0
2024-10-02 15:50:00-04:00,261.5299987792969,261.92999267578125,261.510009765625,261.635009765625,40521,0.0,0.0
2024-10-02 15:55:00-04:00,261.635009765625,262.0299987792969,261.635009765625,261.8999938964844,80847,0.0,0.0
2024-10-03 09:30:00-04:00,260.3900146484375,262.05999755859375,260.3900146484375,260.8599853515625,35731,0.0,0.0
2024-10-03 09:35:00-04:00,260.9549865722656,261.2099914550781,260.19000244140625,260.5950012207031,5509,0.0,0.0
2024-10-03 09:40:00-04:00,260.17999267578125,260.5950012207031,259.79998779296875,259.79998779296875,12801,0.0,0.0
2024-10-03 09:45:00-04:00,259.5799865722656,260.0249938964844,259.3349914550781,259.3500061035156,15012,0.0,0.0
2024-10-03 09:50:00-04:00,259.6199951171875,260.010009765625,259.25,259.5299987792969,11916,0.0,0.0
2024-10-03 09:55:00-04:00,259.6600036621094,260.6199951171875,259.5799865722656,260.30499267578125,12484,0.0,0.0
2024-10-03 10:00:00-04:00,260.57501220703125,260.95001220703125,260.0899963378906,260.6099853515625,18708,0.0,0.0
2024-10-03 10:05:00-04:00,260.6054992675781,260.6054992675781,259.6393127441406,259.81500244140625,6436,0.0,0.0
2024-10-03 10:10:00-04:00,259.9049987792969,260.2200012207031,259.7699890136719,259.7699890136719,17250,0.0,0.0
2024-10-03 10:15:00-04:00,259.7099914550781,260.385009765625,259.7099914550781,260.385009765625,3366,0.0,0.0
2024-10-03 10:20:00-04:00,260.3699951171875,260.4700012207031,259.06500244140625,259.42999267578125,6261,0.0,0.0
2024-10-03 10:25:00-04:00,259.43499755859375,259.50750732421875,259.3999938964844,259.3999938964844,1544,0.0,0.0
2024-10-03 10:30:00-04:00,259.44000244140625,259.8550109863281,259.20001220703125,259.8550109863281,4091,0.0,0.0
2024-10-03 10:35:00-04:00,259.8550109863281,259.8550109863281,259.5799865722656,259.69000244140625,3195,0.0,0.0
2024-10-03 10:40:00-04:00,259.4800109863281,259.4800109863281,258.70001220703125,258.7650146484375,4430,0.0,0.0
2024-10-03 10:45:00-04:00,258.82501220703125,259.4049987792969,258.82501220703125,259.29998779296875,4684,0.0,0.0
2024-10-03 10:50:00-04:00,259.5400085449219,259.5400085449219,259.4599914550781,259.4599914550781,1544,0.0,0.0
2024-10-03 10:55:00-04:00,259.67999267578125,259.67999267578125,259.2749938964844,259.2749938964844,1945,0.0,0.0
2024-10-03 11:00:00-04:00,258.79998779296875,258.79998779296875,258.57000732421875,258.57000732421875,4431,0.0,0.0
2024-10-03 11:05:00-04:00,258.7535095214844,259.3922119140625,258.5799865722656,259.29998779296875,8989,0.0,0.0
2024-10-03 11:10:00-04:00,259.3699951171875,259.3699951171875,259.1700134277344,259.32000732421875,2305,0.0,0.0
2024-10-03 11:15:00-04:00,259.30999755859375,259.6449890136719,259.30999755859375,259.510009765625,3594,0.0,0.0
2024-10-03 11:20:00-04:00,259.5199890136719,259.7049865722656,259.5199890136719,259.7049865722656,2203,0.0,0.0
2024-10-03 11:25:00-04:00,259.6099853515625,259.7200012207031,259.3599853515625,259.5400085449219,6119,0.0,0.0
2024-10-03 11:30:00-04:00,259.4100036621094,259.8299865722656,259.4100036621094,259.7099914550781,3122,0.0,0.0
2024-10-03 11:35:00-04:00,259.82000732421875,259.8399963378906,259.70001220703125,259.70001220703125,3552,0.0,0.0
2024-10-03 11:40:00-04:00,259.8699951171875,259.9800109863281,259.8399963378906,259.9200134277344,4438,0.0,0.0
2024-10-03 11:45:00-04:00,259.9700012207031,260.05999755859375,259.9649963378906,260.0249938964844,2397,0.0,0.0
2024-10-03 11:50:00-04:00,260.05999755859375,260.489990234375,260.05999755859375,260.1499938964844,6104,0.0,0.0
2024-10-03 11:55:00-04:00,260.1300048828125,260.1300048828125,259.92620849609375,260.0050048828125,2205,0.0,0.0
2024-10-03 12:00:00-04:00,260.0199890136719,260.0199890136719,260.0050048828125,260.0050048828125,2286,0.0,0.0
2024-10-03 12:05:00-04:00,260.04998779296875,260.04998779296875,260.0199890136719,260.0199890136719,1678,0.0,0.0
2024-10-03 12:10:00-04:00,260.0799865722656,260.2900085449219,260.0375061035156,260.2049865722656,2796,0.0,0.0
2024-10-03 12:15:00-04:00,260.2049865722656,260.2200012207031,260.2049865722656,260.2174987792969,1831,0.0,0.0
2024-10-03 12:20:00-04:00,260.2699890136719,260.3399963378906,260.2149963378906,260.2850036621094,7301,0.0,0.0
2024-10-03 12:25:00-04:00,260.2099914550781,260.2099914550781,260.0299987792969,260.0299987792969,974,0.0,0.0
2024-10-03 12:30:00-04:00,259.95001220703125,259.95001220703125,259.7200012207031,259.7200012207031,1901,0.0,0.0
2024-10-03 12:35:00-04:00,259.82000732421875,259.82000732421875,259.45001220703125,259.45001220703125,2803,0.0,0.0
2024-10-03 12:40:00-04:00,259.30499267578125,259.3949890136719,258.9049987792969,258.92999267578125,4723,0.0,0.0
2024-10-03 12:45:00-04:00,258.760009765625,258.847900390625,258.614990234375,258.79998779296875,3883,0.0,0.0
2024-10-03 12:50:00-04:00,258.7049865722656,258.7049865722656,258.1199951171875,258.20001220703125,15239,0.0,0.0
2024-10-03 12:55:00-04:00,258.20001220703125,258.3800048828125,258.0199890136719,258.0899963378906,34266,0.0,0.0
2024-10-03 13:00:00-04:00,258.0,258.1546936035156,257.8500061035156,258.0,4002,0.0,0.0
2024-10-03 13:05:00-04:00,257.9800109863281,258.07000732421875,257.9200134277344,257.9200134277344,4333,0.0,0.0
2024-10-03 13:10:00-04:00,257.8599853515625,257.9800109863281,257.8500061035156,257.8699951171875,2409,0.0,0.0
2024-10-03 13:15:00-04:00,257.9800109863281,257.989990234375,257.75,257.75,4590,0.0,0.0
2024-10-03 13:20:00-04:00,257.80999755859375,258.1050109863281,257.7699890136719,258.0,18264,0.0,0.0
2024-10-03 13:25:00-04:00,258.0400085449219,258.2550048828125,257.8900146484375,257.9100036621094,8179,0.0,0.0
2024-10-03 13:30:00-04:00,257.8949890136719,258.3500061035156,257.8949890136719,258.20001220703125,2439,0.0,0.0
2024-10-03 13:35:00-04:00,258.2300109863281,258.239990234375,258.010009765625,258.010009765625,6201,0.0,0.0
2024-10-03 13:40:00-04:00,258.0,258.010009765625,257.6000061035156,258.010009765625,10355,0.0,0.0
2024-10-03 13:45:00-04:00,258.07000732421875,258.25,258.0119934082031,258.25,2401,0.0,0.0
2024-10-03 13:50:00-04:00,258.18499755859375,258.3900146484375,258.1383056640625,258.32000732421875,4197,0.0,0.0
2024-10-03 13:55:00-04:00,258.3900146484375,258.4949951171875,258.375,258.44549560546875,5357,0.0,0.0
2024-10-03 14:00:00-04:00,258.4949951171875,258.4949951171875,258.3900146484375,258.4049987792969,5338,0.0,0.0
2024-10-03 14:05:00-04:00,258.5,258.6499938964844,258.4800109863281,258.635009765625,3735,0.0,0.0
2024-10-03 14:10:00-04:00,258.6300048828125,258.8699951171875,258.6300048828125,258.8500061035156,3561,0.0,0.0
2024-10-03 14:15:00-04:00,258.8450012207031,258.9599914550781,258.8450012207031,258.9599914550781,4340,0.0,0.0
2024-10-03 14:20:00-04:00,259.0350036621094,259.0400085449219,258.7900085449219,258.9800109863281,5824,0.0,0.0
2024-10-03 14:25:00-04:00,258.99749755859375,259.17999267578125,258.94000244140625,259.1199951171875,3366,0.0,0.0
2024-10-03 14:30:00-04:00,259.125,259.1400146484375,258.989990234375,259.1289978027344,6460,0.0,0.0
2024-10-03 14:35:00-04:00,259.1499938964844,259.1600036621094,259.0758056640625,259.1199951171875,3377,0.0,0.0
2024-10-03 14:40:00-04:00,259.12750244140625,259.260009765625,259.0600891113281,259.2489929199219,8418,0.0,0.0
2024-10-03 14:45:00-04:00,259.05999755859375,259.05999755859375,258.8349914550781,258.8349914550781,6498,0.0,0.0
2024-10-03 14:50:00-04:00,258.79998779296875,259.1300048828125,258.7699890136719,258.9700012207031,9999,0.0,0.0
2024-10-03 14:55:00-04:00,259.1499938964844,259.1499938964844,259.0199890136719,259.0299987792969,4474,0.0,0.0
2024-10-03 15:00:00-04:00,259.0199890136719,259.04998779296875,258.95001220703125,259.0400085449219,12616,0.0,0.0
2024-10-03 15:05:00-04:00,258.9599914550781,258.9849853515625,258.9200134277344,258.9200134277344,4236,0.0,0.0
2024-10-03 15:10:00-04:00,259.0799865722656,259.0899963378906,258.8900146484375,259.0400085449219,4305,0.0,0.0
2024-10-03 15:15:00-04:00,258.989990234375,259.260009765625,258.989990234375,259.260009765625,6409,0.0,0.0
2024-10-03 15:20:00-04:00,259.30999755859375,259.4800109863281,259.25,259.32000732421875,6438,0.0,0.0
2024-10-03 15:25:00-04:00,259.29998779296875,259.3599853515625,259.2900085449219,259.3450012207031,6581,0.0,0.0
2024-10-03 15:30:00-04:00,259.489990234375,259.489990234375,259.3299865722656,259.3299865722656,6380,0.0,0.0
2024-10-03 15:35:00-04:00,259.260009765625,259.2699890136719,259.1199951171875,259.2699890136719,6371,0.0,0.0
2024-10-03 15:40:00-04:00,259.2749938964844,259.3299865722656,259.0199890136719,259.1000061035156,10881,0.0,0.0
2024-10-03 15:45:00-04:00,259.1199951171875,259.5799865722656,259.0799865722656,259.5799865722656,10663,0.0,0.0
2024-10-03 15:50:00-04:00,259.55999755859375,259.6000061035156,259.1499938964844,259.2900085449219,20565,0.0,0.0
2024-10-03 15:55:00-04:00,259.3699951171875,260.19000244140625,259.07000732421875,259.9599914550781,122395,0.0,0.0
2024-10-04 09:30:00-04:00,260.9599914550781,261.4100036621094,260.9599914550781,261.4100036621094,6758,0.0,0.0
2024-10-04 09:35:00-04:00,260.45001220703125,260.4549865722656,258.8699951171875,259.6499938964844,5053,0.0,0.0
2024-10-04 09:40:00-04:00,260.04998779296875,260.18499755859375,259.99237060546875,260.18499755859375,2709,0.0,0.0
2024-10-04 09:45:00-04:00,260.18499755859375,260.55999755859375,259.99310302734375,260.30499267578125,2972,0.0,0.0
2024-10-04 09:50:00-04:00,260.30499267578125,260.4949951171875,259.6700134277344,259.7300109863281,5895,0.0,0.0
2024-10-04 09:55:00-04:00,260.17498779296875,260.17498779296875,259.3999938964844,259.44000244140625,6492,0.0,0.0
2024-10-04 10:00:00-04:00,259.86749267578125,260.4800109863281,259.74200439453125,260.3900146484375,5386,0.0,0.0
2024-10-04 10:05:00-04:00,260.42498779296875,260.7799987792969,259.2900085449219,259.80499267578125,9329,0.0,0.0
2024-10-04 10:10:00-04:00,259.29010009765625,260.260009765625,259.29010009765625,260.0199890136719,4495,0.0,0.0
2024-10-04 10:15:00-04:00,260.0799865722656,260.56500244140625,259.8399963378906,259.8399963378906,9517,0.0,0.0
2024-10-04 10:20:00-04:00,260.04339599609375,260.0474853515625,259.3046875,259.3999938964844,5429,0.0,0.0
2024-10-04 10:25:00-04:00,259.3999938964844,259.8500061035156,258.7099914550781,258.8450012207031,5904,0.0,0.0
2024-10-04 10:30:00-04:00,258.7099914550781,259.19000244140625,258.55999755859375,258.67999267578125,10897,0.0,0.0
2024-10-04 10:35:00-04:00,258.54998779296875,258.54998779296875,257.9056091308594,257.9056091308594,2619,0.0,0.0
2024-10-04 10:40:00-04:00,257.9049987792969,258.19000244140625,257.8699951171875,258.1099853515625,5449,0.0,0.0
2024-10-04 10:45:00-04:00,258.2149963378906,258.2699890136719,257.739990234375,257.9775085449219,23411,0.0,0.0
2024-10-04 10:50:00-04:00,257.9775085449219,258.2900085449219,257.5,257.5,26873,0.0,0.0
2024-10-04 10:55:00-04:00,257.5,257.79998779296875,257.5,257.7250061035156,29990,0.0,0.0
2024-10-04 11:00:00-04:00,257.75,258.0899963378906,257.75,258.0849914550781,4610,0.0,0.0
2024-10-04 11:05:00-04:00,258.1000061035156,258.20001220703125,258.07000732421875,258.114990234375,4795,0.0,0.0
2024-10-04 11:10:00-04:00,258.1300048828125,258.1300048828125,257.2099914550781,257.30999755859375,10946,0.0,0.0
2024-10-04 11:15:00-04:00,257.20001220703125,257.4200134277344,257.0,257.3949890136719,2314,0.0,0.0
2024-10-04 11:20:00-04:00,257.4200134277344,257.4200134277344,256.6199951171875,256.8550109863281,6362,0.0,0.0
2024-10-04 11:25:00-04:00,256.8299865722656,256.9700012207031,256.6300048828125,256.7099914550781,11857,0.0,0.0
2024-10-04 11:30:00-04:00,256.6300048828125,256.7799987792969,256.4849853515625,256.5899963378906,5145,0.0,0.0
2024-10-04 11:35:00-04:00,256.79998779296875,257.3699951171875,256.6650085449219,257.2998962402344,16692,0.0,0.0
2024-10-04 11:40:00-04:00,257.2650146484375,257.5799865722656,257.2650146484375,257.5150146484375,4915,0.0,0.0
2024-10-04 11:45:00-04:00,257.55999755859375,257.739990234375,257.510009765625,257.739990234375,3878,0.0,0.0
2024-10-04 11:50:00-04:00,257.8399963378906,258.1099853515625,257.8399963378906,258.1099853515625,1131,0.0,0.0
2024-10-04 11:55:00-04:00,258.1300048828125,258.1600036621094,257.8900146484375,258.0150146484375,3247,0.0,0.0
2024-10-04 12:00:00-04:00,258.010009765625,258.010009765625,257.7401123046875,257.7401123046875,1097,0.0,0.0
2024-10-04 12:05:00-04:00,257.9599914550781,258.17999267578125,257.5400085449219,257.5400085449219,2927,0.0,0.0
2024-10-04 12:10:00-04:00,257.79998779296875,257.79998779296875,257.5801086425781,257.7781982421875,1758,0.0,0.0
2024-10-04 12:15:00-04:00,257.95001220703125,257.9599914550781,257.7799987792969,257.8550109863281,3665,0.0,0.0
2024-10-04 12:20:00-04:00,257.7699890136719,257.7699890136719,257.7099914550781,257.7099914550781,3383,0.0,0.0
2024-10-04 12:25:00-04:00,257.239990234375,257.293701171875,257.1000061035156,257.1300048828125,2159,0.0,0.0
2024-10-04 12:30:00-04:00,257.1650085449219,257.3900146484375,257.1650085449219,257.3900146484375,3116,0.0,0.0
2024-10-04 12:35:00-04:00,257.2850036621094,257.9599914550781,257.19439697265625,257.92999267578125,4290,0.0,0.0
2024-10-04 12:40:00-04:00,257.8299865722656,257.8299865722656,257.63861083984375,257.80999755859375,2370,0.0,0.0
2024-10-04 12:45:00-04:00,257.6199951171875,257.6199951171875,257.45001220703125,257.6000061035156,3673,0.0,0.0
2024-10-04 12:50:00-04:00,257.4700012207031,257.4700012207031,257.3550109863281,257.37030029296875,2293,0.0,0.0
2024-10-04 12:55:00-04:00,257.3699951171875,257.4549865722656,257.32501220703125,257.45001220703125,1797,0.0,0.0
2024-10-04 13:00:00-04:00,257.4599914550781,257.6000061035156,257.4599914550781,257.5249938964844,2366,0.0,0.0
2024-10-04 13:05:00-04:00,257.44000244140625,257.44500732421875,257.29998779296875,257.3399963378906,3352,0.0,0.0
2024-10-04 13:10:00-04:00,257.2200012207031,257.42999267578125,257.2099914550781,257.239990234375,3918,0.0,0.0
2024-10-04 13:15:00-04:00,257.3299865722656,257.6099853515625,257.3299865722656,257.6099853515625,5120,0.0,0.0
2024-10-04 13:20:00-04:00,257.6400146484375,257.67498779296875,257.5199890136719,257.5199890136719,2583,0.0,0.0
2024-10-04 13:25:00-04:00,257.68499755859375,257.68499755859375,257.45001220703125,257.4849853515625,2564,0.0,0.0
2024-10-04 13:30:00-04:00,257.364990234375,257.5199890136719,257.364990234375,257.489990234375,2011,0.0,0.0
2024-10-04 13:35:00-04:00,257.2799987792969,257.2799987792969,256.8699951171875,257.07501220703125,3563,0.0,0.0
2024-10-04 13:40:00-04:00,257.0,257.4649963378906,257.0,257.4649963378906,4258,0.0,0.0
2024-10-04 13:45:00-04:00,257.5249938964844,257.6199951171875,257.32000732421875,257.32000732421875,3147,0.0,0.0
2024-10-04 13:50:00-04:00,257.0899963378906,257.0899963378906,256.9342956542969,256.9342956542969,1922,0.0,0.0
2024-10-04 13:55:00-04:00,256.8599853515625,257.1400146484375,256.8299865722656,256.8999938964844,5310,0.0,0.0
2024-10-04 14:00:00-04:00,256.9150085449219,256.9150085449219,256.7300109863281,256.7300109863281,968,0.0,0.0
2024-10-04 14:05:00-04:00,256.760009765625,256.92999267578125,256.760009765625,256.92999267578125,1571,0.0,0.0
2024-10-04 14:10:00-04:00,256.7699890136719,256.8599853515625,256.7099914550781,256.7250061035156,3100,0.0,0.0
2024-10-04 14:15:00-04:00,256.7300109863281,256.92999267578125,256.614990234375,256.92999267578125,2725,0.0,0.0
2024-10-04 14:20:00-04:00,257.04998779296875,257.2300109863281,256.9400939941406,257.2099914550781,4004,0.0,0.0
2024-10-04 14:25:00-04:00,257.125,257.25,257.1199951171875,257.17999267578125,2123,0.0,0.0
2024-10-04 14:30:00-04:00,257.18701171875,257.2149963378906,257.1600036621094,257.1700134277344,1538,0.0,0.0
2024-10-04 14:35:00-04:00,257.2950134277344,257.2950134277344,257.2799987792969,257.2850036621094,886,0.0,0.0
2024-10-04 14:40:00-04:00,257.239990234375,257.42999267578125,257.19000244140625,257.260009765625,4863,0.0,0.0
2024-10-04 14:45:00-04:00,257.29998779296875,257.5299987792969,257.2200012207031,257.44000244140625,5564,0.0,0.0
2024-10-04 14:50:00-04:00,257.5799865722656,257.62908935546875,257.42999267578125,257.489990234375,4509,0.0,0.0
2024-10-04 14:55:00-04:00,257.4049987792969,257.5400085449219,257.2992858886719,257.4599914550781,2307,0.0,0.0
2024-10-04 15:00:00-04:00,257.29998779296875,257.3525085449219,257.1700134277344,257.30999755859375,8970,0.0,0.0
2024-10-04 15:05:00-04:00,257.3699951171875,257.42120361328125,257.2699890136719,257.42120361328125,3646,0.0,0.0
2024-10-04 15:10:00-04:00,257.42999267578125,257.4978942871094,257.3599853515625,257.4978942871094,3472,0.0,0.0
2024-10-04 15:15:00-04:00,257.3699951171875,257.489990234375,257.3500061035156,257.489990234375,5931,0.0,0.0
2024-10-04 15:20:00-04:00,257.5,257.70001220703125,257.4599914550781,257.6449890136719,5239,0.0,0.0
2024-10-04 15:25:00-04:00,257.55999755859375,257.80999755859375,257.55999755859375,257.80999755859375,3762,0.0,0.0
2024-10-04 15:30:00-04:00,257.7200012207031,257.9200134277344,257.6000061035156,257.9200134277344,6701,0.0,0.0
2024-10-04 15:35:00-04:00,257.8699951171875,258.1000061035156,257.6852111816406,258.0350036621094,6844,0.0,0.0
2024-10-04 15:40:00-04:00,257.9700012207031,258.239990234375,257.9700012207031,258.19000244140625,4655,0.0,0.0
2024-10-04 15:45:00-04:00,258.1700134277344,258.1700134277344,257.8500061035156,257.93121337890625,6887,0.0,0.0
2024-10-04 15:50:00-04:00,257.9800109863281,258.1000061035156,257.8800048828125,258.05499267578125,7657,0.0,0.0
2024-10-04 15:55:00-04:00,258.0050048828125,258.4800109863281,258.0050048828125,258.2900085449219,49245,0.0,0.0
2024-10-07 09:30:00-04:00,256.4100036621094,256.6499938964844,255.6300048828125,256.05999755859375,15422,0.0,0.0
2024-10-07 09:35:00-04:00,256.7900085449219,256.7900085449219,256.67999267578125,256.67999267578125,1295,0.0,0.0
2024-10-07 09:40:00-04:00,257.0,258.1300048828125,256.9700012207031,258.1300048828125,2252,0.0,0.0
2024-10-07 09:45:00-04:00,257.0199890136719,257.3999938964844,256.8900146484375,257.04998779296875,5442,0.0,0.0
2024-10-07 09:50:00-04:00,257.125,257.2900085449219,256.7200012207031,257.2049865722656,4669,0.0,0.0
2024-10-07 09:55:00-04:00,257.8500061035156,257.8500061035156,257.010009765625,257.010009765625,5866,0.0,0.0
2024-10-07 10:00:00-04:00,257.2300109863281,257.6700134277344,256.7699890136719,257.4200134277344,5744,0.0,0.0
2024-10-07 10:05:00-04:00,256.9049987792969,257.0274963378906,256.6700134277344,256.69500732421875,5825,0.0,0.0
2024-10-07 10:10:00-04:00,256.5799865722656,257.0849914550781,256.5400085449219,256.82501220703125,7727,0.0,0.0
2024-10-07 10:15:00-04:00,256.8999938964844,257.3599853515625,256.70001220703125,257.3599853515625,2537,0.0,0.0
2024-10-07 10:20:00-04:00,256.94000244140625,257.3599853515625,256.94000244140625,257.3299865722656,2013,0.0,0.0
2024-10-07 10:25:00-04:00,257.0,257.0,256.6600036621094,256.6700134277344,4615,0.0,0.0
2024-10-07 10:30:00-04:00,256.5899963378906,257.0199890136719,256.5899963378906,257.0199890136719,1831,0.0,0.0
2024-10-07 10:35:00-04:00,257.010009765625,257.1300048828125,256.98419189453125,257.05499267578125,3221,0.0,0.0
2024-10-07 10:40:00-04:00,256.8399963378906,257.010009765625,256.8399963378906,257.010009765625,504,0.0,0.0
2024-10-07 10:45:00-04:00,257.010009765625,257.32000732421875,257.010009765625,257.32000732421875,2981,0.0,0.0
2024-10-07 10:50:00-04:00,257.29998779296875,257.4599914550781,257.17498779296875,257.4599914550781,6744,0.0,0.0
2024-10-07 10:55:00-04:00,257.239990234375,257.510009765625,257.2200012207031,257.510009765625,2388,0.0,0.0
2024-10-07 11:00:00-04:00,257.2300109863281,257.3500061035156,257.1600036621094,257.1600036621094,3103,0.0,0.0
2024-10-07 11:05:00-04:00,257.20001220703125,257.7900085449219,257.20001220703125,257.57000732421875,2331,0.0,0.0
2024-10-07 11:10:00-04:00,257.7799987792969,257.80999755859375,257.5849914550781,257.80499267578125,2865,0.0,0.0
2024-10-07 11:15:00-04:00,257.5950012207031,257.69000244140625,257.5,257.5899963378906,5131,0.0,0.0
2024-10-07 11:20:00-04:00,257.5950012207031,257.739990234375,257.5950012207031,257.739990234375,1993,0.0,0.0
2024-10-07 11:25:00-04:00,257.760009765625,257.760009765625,257.3974914550781,257.3974914550781,4809,0.0,0.0
2024-10-07 11:30:00-04:00,257.4100036621094,257.4100036621094,257.1700134277344,257.2099914550781,3061,0.0,0.0
2024-10-07 11:35:00-04:00,257.25,257.42999267578125,257.25,257.4049987792969,3158,0.0,0.0
2024-10-07 11:40:00-04:00,257.2627868652344,257.3999938964844,257.0899963378906,257.0899963378906,3657,0.0,0.0
2024-10-07 11:45:00-04:00,257.1300048828125,257.25,257.1000061035156,257.1300048828125,2316,0.0,0.0
2024-10-07 11:50:00-04:00,257.3800048828125,257.3800048828125,257.1000061035156,257.114990234375,3871,0.0,0.0
2024-10-07 11:55:00-04:00,256.9800109863281,257.125,256.9700012207031,257.125,1777,0.0,0.0
2024-10-07 12:00:00-04:00,257.125,257.1971130371094,256.9200134277344,256.9800109863281,6035,0.0,0.0
2024-10-07 12:05:00-04:00,256.89019775390625,257.1000061035156,256.7900085449219,256.88299560546875,4163,0.0,0.0
2024-10-07 12:10:00-04:00,256.8900146484375,257.0450134277344,256.760009765625,257.0450134277344,3856,0.0,0.0
2024-10-07 12:15:00-04:00,256.989990234375,256.989990234375,256.989990234375,256.989990234375,607,0.0,0.0
2024-10-07 12:20:00-04:00,257.0950012207031,257.0950012207031,257.0950012207031,257.0950012207031,878,0.0,0.0
2024-10-07 12:25:00-04:00,257.2200012207031,257.25,256.989990234375,256.989990234375,1970,0.0,0.0
2024-10-07 12:30:00-04:00,257.1199951171875,257.1199951171875,256.9599914550781,257.0150146484375,4419,0.0,0.0
2024-10-07 12:35:00-04:00,257.0849914550781,257.0849914550781,257.0238037109375,257.0849914550781,827,0.0,0.0
2024-10-07 12:40:00-04:00,257.0,257.1000061035156,256.9849853515625,256.9849853515625,3187,0.0,0.0
2024-10-07 12:45:00-04:00,256.8999938964844,256.94500732421875,256.8999938964844,256.94500732421875,1413,0.0,0.0
2024-10-07 12:50:00-04:00,256.9599914550781,257.1499938964844,256.9599914550781,257.1499938964844,2035,0.0,0.0
2024-10-07 12:55:00-04:00,257.07501220703125,257.0799865722656,256.94000244140625,257.07000732421875,2108,0.0,0.0
2024-10-07 13:00:00-04:00,257.0625,257.19000244140625,257.0625,257.1600036621094,4236,0.0,0.0
2024-10-07 13:05:00-04:00,257.0899963378906,257.1050109863281,256.9800109863281,257.07501220703125,1593,0.0,0.0
2024-10-07 13:10:00-04:00,257.07501220703125,257.2720031738281,257.0199890136719,257.2720031738281,3158,0.0,0.0
2024-10-07 13:15:00-04:00,257.20001220703125,257.2699890136719,257.0299987792969,257.25,3540,0.0,0.0
2024-10-07 13:20:00-04:00,257.2749938964844,257.2749938964844,257.0299987792969,257.0299987792969,2474,0.0,0.0
2024-10-07 13:25:00-04:00,257.125,257.2300109863281,256.9100036621094,256.9100036621094,3899,0.0,0.0
2024-10-07 13:30:00-04:00,256.7900085449219,256.7900085449219,256.55999755859375,256.69000244140625,2480,0.0,0.0
2024-10-07 13:35:00-04:00,256.69000244140625,256.7250061035156,256.4599914550781,256.4599914550781,4240,0.0,0.0
2024-10-07 13:40:00-04:00,256.6199951171875,256.6199951171875,256.4200134277344,256.4200134277344,6180,0.0,0.0
2024-10-07 13:45:00-04:00,256.5799865722656,256.5950012207031,256.44000244140625,256.4599914550781,2653,0.0,0.0
2024-10-07 13:50:00-04:00,256.6099853515625,256.6099853515625,256.2200012207031,256.31500244140625,3104,0.0,0.0
2024-10-07 13:55:00-04:00,256.30999755859375,256.4898986816406,256.30999755859375,256.4898986816406,4329,0.0,0.0
2024-10-07 14:00:00-04:00,256.42999267578125,256.5400085449219,256.36859130859375,256.3900146484375,7997,0.0,0.0
2024-10-07 14:05:00-04:00,256.3599853515625,256.739990234375,256.3599853515625,256.70001220703125,3610,0.0,0.0
2024-10-07 14:10:00-04:00,256.70001220703125,256.7699890136719,256.57000732421875,256.57000732421875,2773,0.0,0.0
2024-10-07 14:15:00-04:00,256.70001220703125,256.70001220703125,256.29998779296875,256.29998779296875,3620,0.0,0.0
2024-10-07 14:20:00-04:00,256.36749267578125,256.36749267578125,256.239990234375,256.3500061035156,1677,0.0,0.0
2024-10-07 14:25:00-04:00,256.3500061035156,256.3500061035156,256.239990234375,256.3500061035156,1967,0.0,0.0
2024-10-07 14:30:00-04:00,256.239990234375,256.30499267578125,255.5800018310547,256.1099853515625,14234,0.0,0.0
2024-10-07 14:35:00-04:00,255.99000549316406,256.114990234375,255.77749633789062,255.92999267578125,3527,0.0,0.0
2024-10-07 14:40:00-04:00,256.04998779296875,256.05999755859375,255.91000366210938,255.91000366210938,2746,0.0,0.0
2024-10-07 14:45:00-04:00,255.9199981689453,255.96319580078125,255.1300048828125,255.13999938964844,4180,0.0,0.0
2024-10-07 14:50:00-04:00,255.25,255.39999389648438,255.1300048828125,255.1999969482422,4115,0.0,0.0
2024-10-07 14:55:00-04:00,255.30499267578125,255.39999389648438,255.25999450683594,255.3300018310547,4189,0.0,0.0
2024-10-07 15:00:00-04:00,255.35000610351562,255.52000427246094,255.30999755859375,255.45030212402344,4088,0.0,0.0
2024-10-07 15:05:00-04:00,255.6199951171875,255.8800048828125,255.55499267578125,255.72000122070312,8092,0.0,0.0
2024-10-07 15:10:00-04:00,255.91000366210938,255.91000366210938,255.7100067138672,255.78500366210938,4540,0.0,0.0
2024-10-07 15:15:00-04:00,255.7949981689453,256.0,255.7899932861328,255.9550018310547,4557,0.0,0.0
2024-10-07 15:20:00-04:00,255.80999755859375,255.9499969482422,255.72999572753906,255.85000610351562,5347,0.0,0.0
2024-10-07 15:25:00-04:00,255.89999389648438,256.1099853515625,255.89999389648438,256.1099853515625,4405,0.0,0.0
2024-10-07 15:30:00-04:00,256.0799865722656,256.1600036621094,255.9199981689453,256.07000732421875,6151,0.0,0.0
2024-10-07 15:35:00-04:00,255.89999389648438,256.1499938964844,255.8800048828125,256.1199951171875,6190,0.0,0.0
2024-10-07 15:40:00-04:00,256.1199951171875,256.17999267578125,255.9550018310547,256.1499938964844,7803,0.0,0.0
2024-10-07 15:45:00-04:00,256.0400085449219,256.2088928222656,256.0,256.07000732421875,10638,0.0,0.0
2024-10-07 15:50:00-04:00,256.1700134277344,256.7200012207031,256.1099853515625,256.4200134277344,15254,0.0,0.0
2024-10-07 15:55:00-04:00,256.5740051269531,256.5740051269531,255.8800048828125,256.1600036621094,43207,0.0,0.0
2024-10-08 09:30:00-04:00,256.29998779296875,257.0050048828125,255.6699981689453,256.4700012207031,11670,0.0,0.0
2024-10-08 09:35:00-04:00,255.99000549316406,255.99000549316406,255.39999389648438,255.5428009033203,3881,0.0,0.0
2024-10-08 09:40:00-04:00,255.4949951171875,256.0199890136719,255.36000061035156,255.3699951171875,2713,0.0,0.0
2024-10-08 09:45:00-04:00,255.27000427246094,255.3800048828125,253.99000549316406,254.60499572753906,5595,0.0,0.0
2024-10-08 09:50:00-04:00,254.5800018310547,254.98500061035156,254.1199951171875,254.98500061035156,8926,0.0,0.0
2024-10-08 09:55:00-04:00,254.69500732421875,254.85000610351562,254.41000366210938,254.85000610351562,2556,0.0,0.0
2024-10-08 10:00:00-04:00,254.68499755859375,254.68499755859375,254.03500366210938,254.53500366210938,3536,0.0,0.0
2024-10-08 10:05:00-04:00,254.7100067138672,254.8549041748047,254.35000610351562,254.8549041748047,4375,0.0,0.0
2024-10-08 10:10:00-04:00,254.35000610351562,254.35000610351562,253.8699951171875,253.8699951171875,4605,0.0,0.0
2024-10-08 10:15:00-04:00,253.85499572753906,253.85499572753906,253.7100067138672,253.84500122070312,3158,0.0,0.0
2024-10-08 10:20:00-04:00,253.97999572753906,254.10000610351562,253.77999877929688,253.88499450683594,5903,0.0,0.0
2024-10-08 10:25:00-04:00,253.8800048828125,254.13499450683594,253.77999877929688,254.13499450683594,4524,0.0,0.0
2024-10-08 10:30:00-04:00,254.08999633789062,254.08999633789062,253.77999877929688,253.82000732421875,2898,0.0,0.0
2024-10-08 10:35:00-04:00,253.8000030517578,253.8000030517578,253.5800018310547,253.7449951171875,4475,0.0,0.0
2024-10-08 10:40:00-04:00,253.77000427246094,254.8300018310547,253.1199951171875,253.85000610351562,29121,0.0,0.0
2024-10-08 10:45:00-04:00,254.10499572753906,254.7449951171875,254.10499572753906,254.14999389648438,2517,0.0,0.0
2024-10-08 10:50:00-04:00,254.10000610351562,254.27999877929688,254.0500030517578,254.0500030517578,3240,0.0,0.0
2024-10-08 10:55:00-04:00,254.3000030517578,254.3000030517578,254.2050018310547,254.2050018310547,1233,0.0,0.0
2024-10-08 11:00:00-04:00,254.1999969482422,254.2550048828125,254.07000732421875,254.16000366210938,3481,0.0,0.0
2024-10-08 11:05:00-04:00,254.16000366210938,254.17880249023438,254.16000366210938,254.17880249023438,545,0.0,0.0
2024-10-08 11:10:00-04:00,254.16000366210938,254.4600067138672,254.16000366210938,254.4499969482422,4186,0.0,0.0
2024-10-08 11:15:00-04:00,254.39999389648438,254.7899932861328,254.3300018310547,254.7899932861328,4504,0.0,0.0
2024-10-08 11:20:00-04:00,254.55999755859375,254.55999755859375,254.30999755859375,254.44000244140625,3945,0.0,0.0
2024-10-08 11:25:00-04:00,254.3800048828125,254.58999633789062,254.3800048828125,254.52999877929688,1750,0.0,0.0
2024-10-08 11:30:00-04:00,254.53500366210938,254.77000427246094,254.53500366210938,254.67999267578125,4056,0.0,0.0
2024-10-08 11:35:00-04:00,254.7550048828125,254.77999877929688,254.7550048828125,254.77999877929688,2334,0.0,0.0
2024-10-08 11:45:00-04:00,254.86279296875,255.0399932861328,254.7899932861328,254.83999633789062,10466,0.0,0.0
2024-10-08 11:50:00-04:00,254.91000366210938,255.0749969482422,254.91000366210938,255.0749969482422,2503,0.0,0.0
2024-10-08 11:55:00-04:00,255.22000122070312,255.27999877929688,255.0800018310547,255.11500549316406,5150,0.0,0.0
2024-10-08 12:00:00-04:00,255.11500549316406,255.11500549316406,254.89999389648438,255.10000610351562,1747,0.0,0.0
2024-10-08 12:05:00-04:00,255.09500122070312,255.09500122070312,254.5500030517578,255.0449981689453,20107,0.0,0.0
2024-10-08 12:10:00-04:00,255.14999389648438,255.14999389648438,254.75,254.77000427246094,3509,0.0,0.0
2024-10-08 12:15:00-04:00,254.75,254.8000030517578,254.36000061035156,254.78500366210938,13892,0.0,0.0
2024-10-08 12:20:00-04:00,254.78500366210938,255.14999389648438,254.77000427246094,255.00999450683594,2856,0.0,0.0
2024-10-08 12:25:00-04:00,255.07000732421875,255.08999633789062,254.58999633789062,255.0500030517578,23080,0.0,0.0
2024-10-08 12:30:00-04:00,255.1300048828125,255.32000732421875,255.1300048828125,255.2949981689453,992,0.0,0.0
2024-10-08 12:35:00-04:00,255.4539031982422,255.61000061035156,255.4199981689453,255.61000061035156,2064,0.0,0.0
2024-10-08 12:40:00-04:00,255.69000244140625,255.69000244140625,255.5500030517578,255.60000610351562,1926,0.0,0.0
2024-10-08 12:45:00-04:00,255.62249755859375,255.625,255.42999267578125,255.42999267578125,1445,0.0,0.0
2024-10-08 12:50:00-04:00,255.42999267578125,255.42999267578125,255.42999267578125,255.42999267578125,1786,0.0,0.0
2024-10-08 12:55:00-04:00,255.58999633789062,255.58999633789062,255.30999755859375,255.30999755859375,2132,0.0,0.0
2024-10-08 13:00:00-04:00,255.30999755859375,255.3699951171875,255.27999877929688,255.3000030517578,1063,0.0,0.0
2024-10-08 13:05:00-04:00,255.27000427246094,255.27000427246094,254.58999633789062,254.58999633789062,3786,0.0,0.0
2024-10-08 13:10:00-04:00,254.6750030517578,254.77499389648438,254.42999267578125,254.77499389648438,4522,0.0,0.0
2024-10-08 13:15:00-04:00,254.80999755859375,254.80999755859375,254.60000610351562,254.64999389648438,2334,0.0,0.0
2024-10-08 13:20:00-04:00,254.82000732421875,254.91000366210938,254.82000732421875,254.82000732421875,3154,0.0,0.0
2024-10-08 13:25:00-04:00,255.0482940673828,255.10000610351562,255.0482940673828,255.07000732421875,3912,0.0,0.0
2024-10-08 13:30:00-04:00,255.1199951171875,255.13999938964844,255.1199951171875,255.125,1404,0.0,0.0
2024-10-08 13:35:00-04:00,255.0399932861328,255.0399932861328,254.94000244140625,254.94000244140625,2570,0.0,0.0
2024-10-08 13:40:00-04:00,254.8574981689453,254.9636993408203,254.8574981689453,254.86000061035156,1636,0.0,0.0
2024-10-08 13:45:00-04:00,254.94000244140625,254.94000244140625,254.84959411621094,254.94000244140625,1043,0.0,0.0
2024-10-08 13:50:00-04:00,254.82000732421875,254.82000732421875,254.72000122070312,254.72000122070312,2128,0.0,0.0
2024-10-08 13:55:00-04:00,254.77000427246094,254.94000244140625,254.77000427246094,254.85000610351562,1621,0.0,0.0
2024-10-08 14:00:00-04:00,254.9600067138672,255.16000366210938,254.9600067138672,255.16000366210938,1604,0.0,0.0
2024-10-08 14:05:00-04:00,255.14999389648438,255.4250030517578,255.13999938964844,255.27999877929688,5711,0.0,0.0
2024-10-08 14:10:00-04:00,255.38999938964844,255.38999938964844,255.38999938964844,255.38999938964844,238,0.0,0.0
2024-10-08 14:15:00-04:00,255.42999267578125,255.44000244140625,255.41000366210938,255.44000244140625,1751,0.0,0.0
2024-10-08 14:20:00-04:00,255.39999389648438,255.4600067138672,255.3300018310547,255.3300018310547,3225,0.0,0.0
2024-10-08 14:25:00-04:00,255.25999450683594,255.25999450683594,255.22999572753906,255.22999572753906,1545,0.0,0.0
2024-10-08 14:30:00-04:00,255.3000030517578,255.44000244140625,255.3000030517578,255.44000244140625,2887,0.0,0.0
2024-10-08 14:35:00-04:00,255.4550018310547,255.6300048828125,255.4550018310547,255.6300048828125,5253,0.0,0.0
2024-10-08 14:40:00-04:00,255.5189971923828,255.5850067138672,255.42999267578125,255.42999267578125,4013,0.0,0.0
2024-10-08 14:45:00-04:00,255.3699951171875,255.46180725097656,255.28050231933594,255.46180725097656,2055,0.0,0.0
2024-10-08 14:50:00-04:00,255.47000122070312,255.5,255.44000244140625,255.5,2140,0.0,0.0
2024-10-08 14:55:00-04:00,255.57000732421875,255.6199951171875,255.55999755859375,255.61109924316406,3636,0.0,0.0
2024-10-08 15:00:00-04:00,255.50999450683594,255.50999450683594,255.36000061035156,255.36000061035156,3750,0.0,0.0
2024-10-08 15:05:00-04:00,255.38999938964844,255.47000122070312,255.36000061035156,255.47000122070312,2616,0.0,0.0
2024-10-08 15:10:00-04:00,255.52000427246094,255.72630310058594,255.50999450683594,255.72630310058594,4505,0.0,0.0
2024-10-08 15:15:00-04:00,255.65499877929688,255.77999877929688,255.65499877929688,255.77999877929688,1106,0.0,0.0
2024-10-08 15:20:00-04:00,255.72999572753906,255.78500366210938,255.5500030517578,255.57000732421875,7115,0.0,0.0
2024-10-08 15:25:00-04:00,255.55999755859375,255.6699981689453,255.55999755859375,255.60000610351562,2587,0.0,0.0
2024-10-08 15:30:00-04:00,255.58999633789062,255.88999938964844,255.58999633789062,255.8000030517578,6526,0.0,0.0
2024-10-08 15:35:00-04:00,255.82000732421875,255.89500427246094,255.75999450683594,255.89500427246094,3975,0.0,0.0
2024-10-08 15:40:00-04:00,255.86000061035156,255.86000061035156,255.75,255.82000732421875,8555,0.0,0.0
2024-10-08 15:45:00-04:00,255.75999450683594,255.99000549316406,255.66000366210938,255.99000549316406,7504,0.0,0.0
2024-10-08 15:50:00-04:00,255.89999389648438,256.05999755859375,255.8249969482422,256.0299987792969,16758,0.0,0.0
2024-10-08 15:55:00-04:00,255.9949951171875,256.364990234375,255.6999969482422,255.72000122070312,55604,0.0,0.0
2024-10-09 09:30:00-04:00,255.61000061035156,255.92999267578125,254.33999633789062,255.33999633789062,10522,0.0,0.0
2024-10-09 09:35:00-04:00,255.7100067138672,256.239990234375,255.02000427246094,255.99000549316406,4723,0.0,0.0
2024-10-09 09:40:00-04:00,256.510009765625,257.2900085449219,256.32000732421875,257.0,7948,0.0,0.0
2024-10-09 09:45:00-04:00,256.5199890136719,257.0625,256.5199890136719,256.8699951171875,3546,0.0,0.0
2024-10-09 09:50:00-04:00,257.05499267578125,257.75,257.05499267578125,257.739990234375,6481,0.0,0.0
2024-10-09 09:55:00-04:00,258.04998779296875,258.510009765625,257.67999267578125,258.510009765625,7031,0.0,0.0
2024-10-09 10:00:00-04:00,258.489990234375,258.489990234375,257.7799987792969,257.7799987792969,6759,0.0,0.0
2024-10-09 10:05:00-04:00,258.1199951171875,258.75,258.010009765625,258.6700134277344,35305,0.0,0.0
2024-10-09 10:10:00-04:00,258.70001220703125,258.70001220703125,257.5899963378906,257.5899963378906,6877,0.0,0.0
2024-10-09 10:15:00-04:00,257.5199890136719,257.5199890136719,256.9100036621094,256.9100036621094,1997,0.0,0.0
2024-10-09 10:20:00-04:00,256.70001220703125,256.8399963378906,256.6199951171875,256.6499938964844,1641,0.0,0.0
2024-10-09 10:25:00-04:00,256.7349853515625,257.20001220703125,256.7349853515625,257.0299987792969,4579,0.0,0.0
2024-10-09 10:30:00-04:00,257.04998779296875,257.04998779296875,256.99749755859375,257.0050048828125,1197,0.0,0.0
2024-10-09 10:35:00-04:00,257.0,257.5,257.0,257.5,3674,0.0,0.0
2024-10-09 10:40:00-04:00,257.4549865722656,257.5199890136719,257.2200012207031,257.3599853515625,2700,0.0,0.0
2024-10-09 10:45:00-04:00,257.41680908203125,257.6099853515625,257.385009765625,257.5450134277344,3129,0.0,0.0
2024-10-09 10:50:00-04:00,257.7900085449219,257.7900085449219,257.7099914550781,257.7099914550781,814,0.0,0.0
2024-10-09 10:55:00-04:00,257.67999267578125,257.8599853515625,257.6099853515625,257.7799987792969,2576,0.0,0.0
2024-10-09 11:00:00-04:00,257.9100036621094,257.9100036621094,257.6700134277344,257.82000732421875,2474,0.0,0.0
2024-10-09 11:05:00-04:00,257.80999755859375,257.9100036621094,257.80499267578125,257.81500244140625,1705,0.0,0.0
2024-10-09 11:10:00-04:00,257.8999938964844,257.9599914550781,257.69000244140625,257.9599914550781,9210,0.0,0.0
2024-10-09 11:15:00-04:00,257.8500061035156,257.8500061035156,257.6600036621094,257.6600036621094,702,0.0,0.0
2024-10-09 11:20:00-04:00,258.0400085449219,258.55999755859375,258.0299987792969,258.55999755859375,4060,0.0,0.0
2024-10-09 11:25:00-04:00,258.55499267578125,258.5799865722656,258.36749267578125,258.5199890136719,3464,0.0,0.0
2024-10-09 11:30:00-04:00,258.55999755859375,258.80999755859375,258.55999755859375,258.80999755859375,2720,0.0,0.0
2024-10-09 11:35:00-04:00,258.8599853515625,258.9800109863281,258.80499267578125,258.8299865722656,2403,0.0,0.0
2024-10-09 11:40:00-04:00,258.989990234375,259.19500732421875,258.75,258.9432067871094,6317,0.0,0.0
2024-10-09 11:45:00-04:00,259.20001220703125,259.2099914550781,258.95001220703125,258.993896484375,3126,0.0,0.0
2024-10-09 11:50:00-04:00,259.2200012207031,259.2900085449219,259.17999267578125,259.18499755859375,2733,0.0,0.0
2024-10-09 11:55:00-04:00,259.0799865722656,259.0799865722656,258.8999938964844,258.9100036621094,3136,0.0,0.0
2024-10-09 12:00:00-04:00,259.0400085449219,259.1025085449219,258.8999938964844,258.8999938964844,1997,0.0,0.0
2024-10-09 12:05:00-04:00,259.0199890136719,259.0199890136719,258.9100036621094,258.9100036621094,1255,0.0,0.0
2024-10-09 12:10:00-04:00,259.0199890136719,259.0400085449219,258.9200134277344,258.9518127441406,5949,0.0,0.0
2024-10-09 12:15:00-04:00,258.9200134277344,258.9200134277344,258.6700134277344,258.7699890136719,4722,0.0,0.0
2024-10-09 12:20:00-04:00,258.710693359375,258.760009765625,258.3999938964844,258.61749267578125,8603,0.0,0.0
2024-10-09 12:25:00-04:00,258.7900085449219,258.7900085449219,258.6099853515625,258.6099853515625,1142,0.0,0.0
2024-10-09 12:30:00-04:00,258.56500244140625,258.56500244140625,258.2659912109375,258.42999267578125,1957,0.0,0.0
2024-10-09 12:35:00-04:00,258.42999267578125,258.42999267578125,258.2799987792969,258.3399963378906,1978,0.0,0.0
2024-10-09 12:40:00-04:00,258.45001220703125,258.47601318359375,258.45001220703125,258.47601318359375,896,0.0,0.0
2024-10-09 12:45:00-04:00,258.45001220703125,258.5199890136719,258.3900146484375,258.3999938964844,2926,0.0,0.0
2024-10-09 12:50:00-04:00,258.32000732421875,258.3999938964844,257.9599914550781,257.9599914550781,2448,0.0,0.0
2024-10-09 12:55:00-04:00,257.94000244140625,257.94000244140625,257.8550109863281,257.8550109863281,1193,0.0,0.0
2024-10-09 13:00:00-04:00,257.8999938964844,257.8999938964844,257.64898681640625,257.78118896484375,1920,0.0,0.0
2024-10-09 13:05:00-04:00,257.9599914550781,257.9599914550781,257.80999755859375,257.80999755859375,870,0.0,0.0
2024-10-09 13:10:00-04:00,257.6650085449219,258.2200012207031,257.6650085449219,258.0249938964844,4994,0.0,0.0
2024-10-09 13:15:00-04:00,258.2200012207031,258.2300109863281,258.0249938964844,258.2300109863281,3099,0.0,0.0
2024-10-09 13:20:00-04:00,258.30999755859375,258.3399963378906,258.1300048828125,258.2300109863281,2514,0.0,0.0
2024-10-09 13:25:00-04:00,258.3699951171875,258.42498779296875,258.19000244140625,258.2550048828125,7289,0.0,0.0
2024-10-09 13:30:00-04:00,258.2049865722656,258.2674865722656,257.9700012207031,258.06500244140625,3428,0.0,0.0
2024-10-09 13:35:00-04:00,258.1700134277344,258.1700134277344,258.1549987792969,258.1549987792969,2157,0.0,0.0
2024-10-09 13:40:00-04:00,258.2699890136719,258.4150085449219,258.23291015625,258.23291015625,3347,0.0,0.0
2024-10-09 13:45:00-04:00,258.239990234375,258.3900146484375,257.7699890136719,257.7699890136719,5944,0.0,0.0
2024-10-09 13:50:00-04:00,257.9169921875,257.9169921875,256.9549865722656,257.135009765625,13757,0.0,0.0
2024-10-09 13:55:00-04:00,257.1600036621094,257.3500061035156,256.8599853515625,256.8699951171875,17931,0.0,0.0
2024-10-09 14:00:00-04:00,256.9549865722656,257.2900085449219,256.93121337890625,257.1600036621094,10052,0.0,0.0
2024-10-09 14:05:00-04:00,257.2900085449219,257.29998779296875,256.8599853515625,256.8599853515625,14543,0.0,0.0
2024-10-09 14:10:00-04:00,256.69000244140625,256.885009765625,256.67999267578125,256.70001220703125,3419,0.0,0.0
2024-10-09 14:15:00-04:00,256.7495422363281,256.8800048828125,256.45001220703125,256.69500732421875,13328,0.0,0.0
2024-10-09 14:20:00-04:00,256.6600036621094,256.7799987792969,255.88999938964844,255.94000244140625,37462,0.0,0.0
2024-10-09 14:25:00-04:00,255.9149932861328,256.1199951171875,255.88999938964844,256.1000061035156,19843,0.0,0.0
2024-10-09 14:30:00-04:00,256.06500244140625,256.114990234375,255.86000061035156,255.86000061035156,5751,0.0,0.0
2024-10-09 14:35:00-04:00,255.9949951171875,256.19000244140625,255.69000244140625,255.99000549316406,11407,0.0,0.0
2024-10-09 14:40:00-04:00,256.0199890136719,256.0799865722656,256.0069885253906,256.0159912109375,3397,0.0,0.0
2024-10-09 14:45:00-04:00,256.0799865722656,256.125,256.03399658203125,256.1099853515625,3747,0.0,0.0
2024-10-09 14:50:00-04:00,256.1099853515625,256.1099853515625,255.9199981689453,256.010009765625,11954,0.0,0.0
2024-10-09 14:55:00-04:00,256.0299987792969,256.1300048828125,255.89999389648438,256.0350036621094,10293,0.0,0.0
2024-10-09 15:00:00-04:00,255.91000366210938,256.0950012207031,255.91000366210938,256.0429992675781,3117,0.0,0.0
2024-10-09 15:05:00-04:00,256.0610046386719,256.6549987792969,256.05999755859375,256.5450134277344,16182,0.0,0.0
2024-10-09 15:10:00-04:00,256.5450134277344,256.8450012207031,256.5450134277344,256.8450012207031,6208,0.0,0.0
2024-10-09 15:15:00-04:00,256.9150085449219,257.1099853515625,256.8399963378906,257.1099853515625,6825,0.0,0.0
2024-10-09 15:20:00-04:00,257.1300048828125,257.489990234375,257.1300048828125,257.4849853515625,5812,0.0,0.0
2024-10-09 15:25:00-04:00,257.489990234375,257.7099914550781,257.44000244140625,257.7099914550781,5365,0.0,0.0
2024-10-09 15:30:00-04:00,257.69000244140625,257.80499267578125,257.4800109863281,257.80499267578125,7631,0.0,0.0
2024-10-09 15:35:00-04:00,257.80499267578125,257.9200134277344,257.67999267578125,257.82501220703125,10103,0.0,0.0
2024-10-09 15:40:00-04:00,257.835693359375,257.835693359375,257.67999267578125,257.69500732421875,8566,0.0,0.0
2024-10-09 15:45:00-04:00,257.760009765625,258.010009765625,257.760009765625,257.9100036621094,12797,0.0,0.0
2024-10-09 15:50:00-04:00,257.9100036621094,258.2900085449219,257.8299865722656,258.0,16671,0.0,0.0
2024-10-09 15:55:00-04:00,258.20001220703125,258.3299865722656,257.8800048828125,257.8999938964844,57260,0.0,0.0
2024-10-10 09:30:00-04:00,257.3800048828125,257.8349914550781,255.38499450683594,255.38499450683594,16020,0.0,0.0
2024-10-10 09:35:00-04:00,256.7300109863281,256.7900085449219,256.239990234375,256.69000244140625,2073,0.0,0.0
2024-10-10 09:40:00-04:00,255.85000610351562,255.85000610351562,255.5500030517578,255.69000244140625,1059,0.0,0.0
2024-10-10 09:45:00-04:00,256.010009765625,256.010009765625,255.25999450683594,255.2801055908203,3141,0.0,0.0
2024-10-10 09:50:00-04:00,256.0199890136719,256.4100036621094,255.6199951171875,256.36248779296875,4919,0.0,0.0
2024-10-10 09:55:00-04:00,256.1099853515625,256.2049865722656,255.30499267578125,255.8300018310547,10946,0.0,0.0
2024-10-10 10:00:00-04:00,255.54249572753906,256.1099853515625,255.54249572753906,256.1099853515625,5300,0.0,0.0
2024-10-10 10:05:00-04:00,256.0849914550781,256.4700012207031,256.0849914550781,256.1499938964844,4612,0.0,0.0
2024-10-10 10:10:00-04:00,256.04998779296875,256.239990234375,256.0299987792969,256.0299987792969,1705,0.0,0.0
2024-10-10 10:15:00-04:00,256.5,256.5,256.0799865722656,256.0799865722656,1705,0.0,0.0
2024-10-10 10:20:00-04:00,256.5546875,256.57501220703125,256.3699951171875,256.56500244140625,2235,0.0,0.0
2024-10-10 10:25:00-04:00,256.70001220703125,256.70001220703125,256.14459228515625,256.4200134277344,7073,0.0,0.0
2024-10-10 10:30:00-04:00,256.5,256.94500732421875,256.5,256.94500732421875,4183,0.0,0.0
2024-10-10 10:35:00-04:00,257.04998779296875,257.04998779296875,257.04998779296875,257.04998779296875,532,0.0,0.0
2024-10-10 10:40:00-04:00,256.8299865722656,256.9200134277344,256.82000732421875,256.9200134277344,2403,0.0,0.0
2024-10-10 10:45:00-04:00,256.87750244140625,256.9800109863281,256.54998779296875,256.54998779296875,5238,0.0,0.0
2024-10-10 10:50:00-04:00,256.70001220703125,256.70001220703125,256.5400085449219,256.5400085449219,2160,0.0,0.0
2024-10-10 10:55:00-04:00,256.53607177734375,256.7200012207031,256.4849853515625,256.6000061035156,2907,0.0,0.0
2024-10-10 11:00:00-04:00,256.70001220703125,256.8800048828125,256.70001220703125,256.8800048828125,1800,0.0,0.0
2024-10-10 11:05:00-04:00,256.9100036621094,257.260009765625,256.82000732421875,257.260009765625,2665,0.0,0.0
2024-10-10 11:10:00-04:00,257.30999755859375,257.4150085449219,257.2900085449219,257.2900085449219,4928,0.0,0.0
2024-10-10 11:15:00-04:00,257.5199890136719,257.5199890136719,257.5199890136719,257.5199890136719,533,0.0,0.0
2024-10-10 11:20:00-04:00,257.4949951171875,257.4949951171875,257.3800048828125,257.385009765625,3320,0.0,0.0
2024-10-10 11:25:00-04:00,257.42999267578125,257.42999267578125,257.25,257.4100036621094,3960,0.0,0.0
2024-10-10 11:30:00-04:00,257.3699951171875,257.4750061035156,257.3699951171875,257.4700012207031,2424,0.0,0.0
2024-10-10 11:35:00-04:00,257.3800048828125,257.43499755859375,257.1400146484375,257.43499755859375,5840,0.0,0.0
2024-10-10 11:40:00-04:00,257.4200134277344,257.4200134277344,257.4200134277344,257.4200134277344,1648,0.0,0.0
2024-10-10 11:45:00-04:00,257.5400085449219,257.6000061035156,257.5400085449219,257.6000061035156,747,0.0,0.0
2024-10-10 11:50:00-04:00,257.46630859375,257.46630859375,257.19000244140625,257.2349853515625,2790,0.0,0.0
2024-10-10 11:55:00-04:00,257.30999755859375,257.3699951171875,257.2099914550781,257.2749938964844,2730,0.0,0.0
2024-10-10 12:00:00-04:00,257.3599853515625,257.3800048828125,257.2099914550781,257.3299865722656,4324,0.0,0.0
2024-10-10 12:05:00-04:00,257.3399963378906,257.3399963378906,257.3399963378906,257.3399963378906,873,0.0,0.0
2024-10-10 12:10:00-04:00,257.42999267578125,257.489990234375,257.3699951171875,257.489990234375,3053,0.0,0.0
2024-10-10 12:15:00-04:00,257.42999267578125,257.4649963378906,257.4200134277344,257.44000244140625,6156,0.0,0.0
2024-10-10 12:20:00-04:00,257.4849853515625,257.5299987792969,257.45001220703125,257.4599914550781,1848,0.0,0.0
2024-10-10 12:25:00-04:00,257.4649963378906,257.4649963378906,257.0199890136719,257.2900085449219,7612,0.0,0.0
2024-10-10 12:30:00-04:00,257.30499267578125,257.30499267578125,257.1199951171875,257.1199951171875,1292,0.0,0.0
2024-10-10 12:35:00-04:00,257.32989501953125,257.32989501953125,257.32989501953125,257.32989501953125,971,0.0,0.0
2024-10-10 12:40:00-04:00,257.07000732421875,257.07000732421875,256.80999755859375,256.80999755859375,2974,0.0,0.0
2024-10-10 12:45:00-04:00,256.5899963378906,256.5899963378906,256.5899963378906,256.5899963378906,533,0.0,0.0
2024-10-10 12:50:00-04:00,256.6499938964844,256.6499938964844,256.6499938964844,256.6499938964844,702,0.0,0.0
2024-10-10 12:55:00-04:00,256.6449890136719,256.7499084472656,256.55999755859375,256.7499084472656,4632,0.0,0.0
2024-10-10 13:00:00-04:00,256.4949951171875,256.4949951171875,256.4949951171875,256.4949951171875,1251,0.0,0.0
2024-10-10 13:05:00-04:00,256.2900085449219,256.3912048339844,256.0899963378906,256.1499938964844,2400,0.0,0.0
2024-10-10 13:10:00-04:00,256.2099914550781,256.3500061035156,256.2049865722656,256.32501220703125,2286,0.0,0.0
2024-10-10 13:15:00-04:00,256.3699951171875,256.80999755859375,256.3699951171875,256.80999755859375,5158,0.0,0.0
2024-10-10 13:20:00-04:00,256.8299865722656,256.93499755859375,256.8299865722656,256.93499755859375,2354,0.0,0.0
2024-10-10 13:25:00-04:00,256.92999267578125,256.9599914550781,256.8299865722656,256.9599914550781,3615,0.0,0.0
2024-10-10 13:30:00-04:00,257.0802001953125,257.0802001953125,257.0802001953125,257.0802001953125,695,0.0,0.0
2024-10-10 13:35:00-04:00,256.9800109863281,257.08551025390625,256.9800109863281,257.08551025390625,3712,0.0,0.0
2024-10-10 13:40:00-04:00,256.989990234375,257.1300048828125,256.95001220703125,256.989990234375,8666,0.0,0.0
2024-10-10 13:45:00-04:00,256.9849853515625,257.0899963378906,256.8299865722656,256.8299865722656,2294,0.0,0.0
2024-10-10 13:50:00-04:00,256.80999755859375,256.80999755859375,256.6449890136719,256.6449890136719,3101,0.0,0.0
2024-10-10 13:55:00-04:00,256.7200012207031,256.9200134277344,256.6156921386719,256.9200134277344,1959,0.0,0.0
2024-10-10 14:00:00-04:00,256.8500061035156,256.8999938964844,256.82000732421875,256.82000732421875,1696,0.0,0.0
2024-10-10 14:05:00-04:00,256.9324951171875,256.93499755859375,256.8699951171875,256.8699951171875,730,0.0,0.0
2024-10-10 14:10:00-04:00,256.95001220703125,257.0299072265625,256.760009765625,256.760009765625,4364,0.0,0.0
2024-10-10 14:15:00-04:00,256.75,256.75,256.6499938964844,256.6700134277344,2716,0.0,0.0
2024-10-10 14:20:00-04:00,256.67999267578125,256.81500244140625,256.6099853515625,256.76239013671875,4787,0.0,0.0
2024-10-10 14:25:00-04:00,256.7799987792969,256.81500244140625,256.7200012207031,256.7950134277344,5326,0.0,0.0
2024-10-10 14:30:00-04:00,256.7099914550781,256.7250061035156,256.6600036621094,256.7250061035156,1739,0.0,0.0
2024-10-10 14:35:00-04:00,256.7250061035156,256.7250061035156,256.57000732421875,256.67999267578125,1608,0.0,0.0
2024-10-10 14:40:00-04:00,256.6700134277344,256.7499084472656,256.29998779296875,256.4200134277344,5577,0.0,0.0
2024-10-10 14:45:00-04:00,256.5199890136719,256.6000061035156,256.5199890136719,256.6000061035156,1335,0.0,0.0
2024-10-10 14:50:00-04:00,256.54998779296875,256.57000732421875,256.510009765625,256.510009765625,749,0.0,0.0
2024-10-10 14:55:00-04:00,256.55499267578125,256.6099853515625,256.4549865722656,256.6099853515625,4832,0.0,0.0
2024-10-10 15:00:00-04:00,256.6400146484375,256.7099914550781,256.4949951171875,256.5799865722656,3980,0.0,0.0
2024-10-10 15:05:00-04:00,256.5799865722656,256.5799865722656,256.4356994628906,256.4356994628906,2613,0.0,0.0
2024-10-10 15:10:00-04:00,256.5199890136719,256.55999755859375,256.5199890136719,256.55999755859375,1203,0.0,0.0
2024-10-10 15:15:00-04:00,256.4100036621094,256.45001220703125,256.34759521484375,256.45001220703125,7692,0.0,0.0
2024-10-10 15:20:00-04:00,256.489990234375,256.6099853515625,256.3909912109375,256.55499267578125,7875,0.0,0.0
2024-10-10 15:25:00-04:00,256.55499267578125,256.55499267578125,256.4200134277344,256.4200134277344,2483,0.0,0.0
2024-10-10 15:30:00-04:00,256.5050048828125,256.6199951171875,256.45001220703125,256.6000061035156,6275,0.0,0.0
2024-10-10 15:35:00-04:00,256.6050109863281,256.7099914550781,256.5400085449219,256.7049865722656,6192,0.0,0.0
2024-10-10 15:40:00-04:00,256.7200012207031,256.80499267578125,256.59149169921875,256.80499267578125,12426,0.0,0.0
2024-10-10 15:45:00-04:00,256.8500061035156,257.04998779296875,256.8399963378906,257.04998779296875,5256,0.0,0.0
2024-10-10 15:50:00-04:00,257.0,257.1199951171875,256.9197998046875,257.0400085449219,13168,0.0,0.0
2024-10-10 15:55:00-04:00,257.114990234375,257.3900146484375,256.7799987792969,256.79998779296875,67866,0.0,0.0
2024-10-11 09:30:00-04:00,257.3900146484375,259.9700012207031,257.3900146484375,259.9200134277344,22384,0.0,0.0
2024-10-11 09:35:00-04:00,258.7300109863281,258.8599853515625,257.4599914550781,257.4599914550781,5955,0.0,0.0
2024-10-11 09:40:00-04:00,258.1499938964844,258.2149963378906,257.4800109863281,258.2149963378906,4636,0.0,0.0
2024-10-11 09:45:00-04:00,258.2300109863281,258.6300048828125,257.739990234375,257.739990234375,9180,0.0,0.0
2024-10-11 09:50:00-04:00,257.9599914550781,258.70001220703125,257.7900085449219,258.6700134277344,3958,0.0,0.0
2024-10-11 09:55:00-04:00,258.4649963378906,259.4100036621094,258.4649963378906,259.2200012207031,10999,0.0,0.0
2024-10-11 10:00:00-04:00,259.3890075683594,259.7900085449219,258.8999938964844,259.0,16979,0.0,0.0
2024-10-11 10:05:00-04:00,259.0,259.20001220703125,258.82000732421875,259.07000732421875,6034,0.0,0.0
2024-10-11 10:10:00-04:00,259.07000732421875,259.4139099121094,258.8999938964844,259.23748779296875,3759,0.0,0.0
2024-10-11 10:15:00-04:00,259.2099914550781,259.3299865722656,259.20001220703125,259.2250061035156,3777,0.0,0.0
2024-10-11 10:20:00-04:00,259.2250061035156,259.32000732421875,259.1449890136719,259.32000732421875,2098,0.0,0.0
2024-10-11 10:25:00-04:00,259.4800109863281,259.6400146484375,259.4200134277344,259.4649963378906,6140,0.0,0.0
2024-10-11 10:30:00-04:00,259.4849853515625,259.6499938964844,259.2200012207031,259.25,10740,0.0,0.0
2024-10-11 10:35:00-04:00,259.3299865722656,259.4800109863281,259.1400146484375,259.2900085449219,11491,0.0,0.0
2024-10-11 10:40:00-04:00,259.2950134277344,259.5899963378906,259.25,259.5899963378906,9647,0.0,0.0
2024-10-11 10:45:00-04:00,259.7799987792969,259.95001220703125,259.70001220703125,259.8399963378906,4585,0.0,0.0
2024-10-11 10:50:00-04:00,259.95001220703125,260.0,259.82000732421875,259.82000732421875,3351,0.0,0.0
2024-10-11 10:55:00-04:00,259.9800109863281,260.05999755859375,259.9065856933594,259.92999267578125,2841,0.0,0.0
2024-10-11 11:00:00-04:00,259.92498779296875,260.04998779296875,259.7300109863281,259.7300109863281,3085,0.0,0.0
2024-10-11 11:05:00-04:00,259.7699890136719,260.1000061035156,259.7699890136719,260.0,3662,0.0,0.0
2024-10-11 11:10:00-04:00,260.2300109863281,260.32000732421875,259.9901123046875,260.32000732421875,4547,0.0,0.0
2024-10-11 11:15:00-04:00,260.40631103515625,260.5007019042969,260.2900085449219,260.3500061035156,3872,0.0,0.0
2024-10-11 11:20:00-04:00,260.29998779296875,260.3031921386719,260.0,260.010009765625,7212,0.0,0.0
2024-10-11 11:25:00-04:00,259.8800048828125,260.1400146484375,259.8800048828125,260.1400146484375,5272,0.0,0.0
2024-10-11 11:30:00-04:00,260.17999267578125,260.67999267578125,260.1300048828125,260.67999267578125,4102,0.0,0.0
2024-10-11 11:35:00-04:00,260.5639953613281,260.9200134277344,260.5639953613281,260.9200134277344,2876,0.0,0.0
2024-10-11 11:40:00-04:00,260.9100036621094,260.9100036621094,260.6700134277344,260.6700134277344,4740,0.0,0.0
2024-10-11 11:45:00-04:00,260.7699890136719,260.7699890136719,260.5450134277344,260.55499267578125,3731,0.0,0.0
2024-10-11 11:50:00-04:00,260.70001220703125,260.7099914550781,260.55499267578125,260.70001220703125,3738,0.0,0.0
2024-10-11 11:55:00-04:00,260.57000732421875,260.69000244140625,260.30999755859375,260.30999755859375,4907,0.0,0.0
2024-10-11 12:00:00-04:00,260.4700012207031,260.4700012207031,260.29998779296875,260.4200134277344,3054,0.0,0.0
2024-10-11 12:05:00-04:00,260.3800048828125,260.4200134277344,260.0,260.0199890136719,6757,0.0,0.0
2024-10-11 12:10:00-04:00,260.0400085449219,260.05999755859375,259.92999267578125,259.9800109863281,4969,0.0,0.0
2024-10-11 12:15:00-04:00,260.05999755859375,260.0799865722656,259.9100036621094,259.989990234375,2328,0.0,0.0
2024-10-11 12:20:00-04:00,259.8699951171875,259.8699951171875,259.75,259.7900085449219,1293,0.0,0.0
2024-10-11 12:25:00-04:00,259.80999755859375,259.80999755859375,259.4599914550781,259.4700012207031,1922,0.0,0.0
2024-10-11 12:30:00-04:00,259.44000244140625,259.739990234375,259.44000244140625,259.739990234375,3563,0.0,0.0
2024-10-11 12:35:00-04:00,259.54998779296875,259.5950927734375,259.54998779296875,259.5799865722656,832,0.0,0.0
2024-10-11 12:40:00-04:00,259.6600036621094,259.6600036621094,259.6600036621094,259.6600036621094,1397,0.0,0.0
2024-10-11 12:45:00-04:00,259.4599914550781,259.6499938964844,259.42999267578125,259.55499267578125,1447,0.0,0.0
2024-10-11 12:50:00-04:00,259.6600036621094,259.6600036621094,259.4632873535156,259.6300048828125,1832,0.0,0.0
2024-10-11 12:55:00-04:00,259.6000061035156,259.82000732421875,259.5350036621094,259.7799987792969,2787,0.0,0.0
2024-10-11 13:00:00-04:00,259.8800048828125,260.0163879394531,259.67999267578125,259.739990234375,4799,0.0,0.0
2024-10-11 13:05:00-04:00,259.8800048828125,259.8800048828125,259.75,259.75,875,0.0,0.0
2024-10-11 13:10:00-04:00,259.69000244140625,259.7650146484375,259.69000244140625,259.7049865722656,965,0.0,0.0
2024-10-11 13:15:00-04:00,259.79998779296875,259.79998779296875,259.70001220703125,259.70001220703125,1619,0.0,0.0
2024-10-11 13:20:00-04:00,259.7799987792969,259.8800048828125,259.68499755859375,259.68499755859375,3042,0.0,0.0
2024-10-11 13:30:00-04:00,259.8399963378906,259.8599853515625,259.82379150390625,259.82379150390625,1991,0.0,0.0
2024-10-11 13:35:00-04:00,259.8500061035156,259.8500061035156,259.6700134277344,259.7200012207031,4327,0.0,0.0
2024-10-11 13:40:00-04:00,259.69500732421875,259.7099914550781,259.50201416015625,259.6499938964844,14856,0.0,0.0
2024-10-11 13:45:00-04:00,259.6199951171875,259.7596130371094,259.54998779296875,259.54998779296875,10385,0.0,0.0
2024-10-11 13:50:00-04:00,259.45001220703125,259.45001220703125,259.2799987792969,259.2799987792969,3472,0.0,0.0
2024-10-11 13:55:00-04:00,259.2799987792969,259.3599853515625,259.1600036621094,259.2900085449219,7522,0.0,0.0
2024-10-11 14:00:00-04:00,259.32501220703125,259.489990234375,259.32501220703125,259.4678955078125,5756,0.0,0.0
2024-10-11 14:05:00-04:00,259.3977966308594,259.79998779296875,259.385009765625,259.79998779296875,6587,0.0,0.0
2024-10-11 14:10:00-04:00,259.80999755859375,259.8999938964844,259.7900085449219,259.8450012207031,6575,0.0,0.0
2024-10-11 14:15:00-04:00,259.8900146484375,259.9100036621094,259.8599853515625,259.9049987792969,4234,0.0,0.0
2024-10-11 14:20:00-04:00,259.9049987792969,259.9700012207031,259.7349853515625,259.7349853515625,8671,0.0,0.0
2024-10-11 14:25:00-04:00,259.7300109863281,259.75,259.6400146484375,259.75,2410,0.0,0.0
2024-10-11 14:30:00-04:00,259.6600036621094,259.6600036621094,259.590087890625,259.590087890625,900,0.0,0.0
2024-10-11 14:35:00-04:00,259.5899963378906,259.6300048828125,259.3299865722656,259.3299865722656,4246,0.0,0.0
2024-10-11 14:40:00-04:00,259.45001220703125,259.5350036621094,259.3450012207031,259.40008544921875,4767,0.0,0.0
2024-10-11 14:45:00-04:00,259.6400146484375,259.7699890136719,259.55999755859375,259.5950012207031,5199,0.0,0.0
2024-10-11 14:50:00-04:00,259.6400146484375,259.68109130859375,259.5950012207031,259.5950012207031,1248,0.0,0.0
2024-10-11 14:55:00-04:00,259.5950012207031,259.80499267578125,259.5950012207031,259.80499267578125,6190,0.0,0.0
2024-10-11 15:00:00-04:00,259.7699890136719,260.0,259.7650146484375,260.0,3614,0.0,0.0
2024-10-11 15:05:00-04:00,259.9700012207031,260.04998779296875,259.8301086425781,260.04998779296875,4054,0.0,0.0
2024-10-11 15:10:00-04:00,259.8999938964844,260.2099914550781,259.8999938964844,260.06500244140625,5986,0.0,0.0
2024-10-11 15:15:00-04:00,260.1400146484375,260.1400146484375,260.0400085449219,260.07000732421875,4747,0.0,0.0
2024-10-11 15:20:00-04:00,260.05999755859375,260.101806640625,260.04998779296875,260.06500244140625,3207,0.0,0.0
2024-10-11 15:25:00-04:00,260.0299987792969,260.0849914550781,259.9200134277344,259.9800109863281,8154,0.0,0.0
2024-10-11 15:30:00-04:00,259.95001220703125,260.3699951171875,259.9100036621094,260.3699951171875,10552,0.0,0.0
2024-10-11 15:35:00-04:00,260.32000732421875,260.3699951171875,260.19500732421875,260.239990234375,7679,0.0,0.0
2024-10-11 15:40:00-04:00,260.2349853515625,260.239990234375,260.0874938964844,260.135009765625,9001,0.0,0.0
2024-10-11 15:45:00-04:00,260.1000061035156,260.5,260.0,260.4200134277344,12934,0.0,0.0
2024-10-11 15:50:00-04:00,260.5199890136719,260.7300109863281,260.3900146484375,260.55999755859375,26327,0.0,0.0
2024-10-11 15:55:00-04:00,260.5,260.80999755859375,260.4700012207031,260.5199890136719,53529,0.0,0.0
2024-10-14 09:30:00-04:00,259.8399963378906,260.28131103515625,259.010009765625,259.239990234375,7457,0.0,0.0
2024-10-14 09:35:00-04:00,259.0799865722656,259.8599853515625,259.0799865722656,259.5799865722656,3469,0.0,0.0
2024-10-14 09:40:00-04:00,259.3699951171875,259.625,259.20001220703125,259.489990234375,6561,0.0,0.0
2024-10-14 09:45:00-04:00,259.1700134277344,260.0299987792969,259.1700134277344,260.0299987792969,4827,0.0,0.0
2024-10-14 09:50:00-04:00,259.7099914550781,259.8999938964844,259.30999755859375,259.3349914550781,6269,0.0,0.0
2024-10-14 09:55:00-04:00,259.2799987792969,259.29998779296875,259.05999755859375,259.0799865722656,2685,0.0,0.0
2024-10-14 10:00:00-04:00,259.17999267578125,259.4599914550781,259.00250244140625,259.00250244140625,15888,0.0,0.0
2024-10-14 10:05:00-04:00,259.0249938964844,259.2200012207031,258.94000244140625,259.17498779296875,7799,0.0,0.0
2024-10-14 10:10:00-04:00,259.06500244140625,259.385009765625,259.06500244140625,259.385009765625,10767,0.0,0.0
2024-10-14 10:15:00-04:00,259.385009765625,259.3949890136719,259.20001220703125,259.30499267578125,6403,0.0,0.0
2024-10-14 10:20:00-04:00,259.44000244140625,259.82000732421875,259.22039794921875,259.81500244140625,3698,0.0,0.0
2024-10-14 10:25:00-04:00,259.7850036621094,259.9200134277344,259.55999755859375,259.67498779296875,3074,0.0,0.0
2024-10-14 10:30:00-04:00,259.69500732421875,260.3699951171875,259.69500732421875,260.1449890136719,5039,0.0,0.0
2024-10-14 10:35:00-04:00,260.1300048828125,260.4200134277344,260.10089111328125,260.31500244140625,1896,0.0,0.0
2024-10-14 10:40:00-04:00,260.4200134277344,260.6099853515625,260.3599853515625,260.3599853515625,4155,0.0,0.0
2024-10-14 10:45:00-04:00,260.3599853515625,260.4849853515625,260.29998779296875,260.29998779296875,3459,0.0,0.0
2024-10-14 10:50:00-04:00,260.5899963378906,260.79998779296875,260.5899963378906,260.79998779296875,2666,0.0,0.0
2024-10-14 10:55:00-04:00,260.80999755859375,261.04998779296875,260.6388854980469,261.04998779296875,4930,0.0,0.0
2024-10-14 11:00:00-04:00,261.0400085449219,261.2300109863281,260.8299865722656,260.8299865722656,7898,0.0,0.0
2024-10-14 11:05:00-04:00,260.82501220703125,261.260009765625,260.79998779296875,261.1499938964844,2324,0.0,0.0
2024-10-14 11:10:00-04:00,261.2699890136719,261.5199890136719,261.260009765625,261.5199890136719,1474,0.0,0.0
2024-10-14 11:15:00-04:00,261.3699951171875,261.55999755859375,261.3599853515625,261.5,4029,0.0,0.0
2024-10-14 11:20:00-04:00,261.43231201171875,261.44000244140625,261.20001220703125,261.20001220703125,3282,0.0,0.0
2024-10-14 11:25:00-04:00,261.0400085449219,261.20001220703125,261.0400085449219,261.1300048828125,5196,0.0,0.0
2024-10-14 11:30:00-04:00,261.239990234375,261.3399963378906,261.239990234375,261.3349914550781,2722,0.0,0.0
2024-10-14 11:35:00-04:00,261.510009765625,261.6400146484375,261.489990234375,261.6400146484375,2002,0.0,0.0
2024-10-14 11:40:00-04:00,261.6400146484375,261.81500244140625,261.6400146484375,261.81500244140625,2612,0.0,0.0
2024-10-14 11:45:00-04:00,261.75,261.7699890136719,261.55999755859375,261.59161376953125,2868,0.0,0.0
2024-10-14 11:50:00-04:00,261.5899963378906,261.5899963378906,261.5899963378906,261.5899963378906,529,0.0,0.0
2024-10-14 11:55:00-04:00,261.69000244140625,261.7900085449219,261.6099853515625,261.7300109863281,2659,0.0,0.0
2024-10-14 12:00:00-04:00,261.739990234375,261.8500061035156,261.6600036621094,261.6600036621094,2218,0.0,0.0
2024-10-14 12:05:00-04:00,261.69500732421875,261.69500732421875,261.6400146484375,261.6400146484375,940,0.0,0.0
2024-10-14 12:10:00-04:00,261.7099914550781,261.7099914550781,261.6600036621094,261.6600036621094,783,0.0,0.0
2024-10-14 12:15:00-04:00,261.6600036621094,261.6600036621094,261.29998779296875,261.3800048828125,11195,0.0,0.0
2024-10-14 12:20:00-04:00,261.3949890136719,261.6000061035156,261.3949890136719,261.5400085449219,3396,0.0,0.0
2024-10-14 12:25:00-04:00,261.5400085449219,261.5400085449219,261.4700012207031,261.4800109863281,2204,0.0,0.0
2024-10-14 12:30:00-04:00,261.6099853515625,261.6700134277344,261.5299987792969,261.5299987792969,2627,0.0,0.0
2024-10-14 12:35:00-04:00,261.6000061035156,261.6000061035156,261.2799987792969,261.32501220703125,2240,0.0,0.0
2024-10-14 12:40:00-04:00,261.260009765625,261.260009765625,261.239990234375,261.239990234375,795,0.0,0.0
2024-10-14 12:45:00-04:00,261.34991455078125,261.34991455078125,261.0799865722656,261.0799865722656,2907,0.0,0.0
2024-10-14 12:50:00-04:00,261.1700134277344,261.17498779296875,261.0849914550781,261.1700134277344,1588,0.0,0.0
2024-10-14 12:55:00-04:00,261.260009765625,261.3399963378906,261.260009765625,261.32000732421875,3038,0.0,0.0
2024-10-14 13:00:00-04:00,261.375,261.4599914550781,261.375,261.4150085449219,1495,0.0,0.0
2024-10-14 13:05:00-04:00,261.43499755859375,261.44000244140625,261.29998779296875,261.3699951171875,3560,0.0,0.0
2024-10-14 13:10:00-04:00,261.5,261.5,261.44000244140625,261.44000244140625,1085,0.0,0.0
2024-10-14 13:15:00-04:00,261.3599853515625,261.489990234375,261.3599853515625,261.489990234375,2242,0.0,0.0
2024-10-14 13:20:00-04:00,261.3999938964844,261.5899963378906,261.3999938964844,261.5899963378906,1932,0.0,0.0
2024-10-14 13:25:00-04:00,261.5150146484375,261.56500244140625,261.42999267578125,261.48388671875,1670,0.0,0.0
2024-10-14 13:30:00-04:00,261.4888000488281,261.4888000488281,261.1300048828125,261.1600036621094,2487,0.0,0.0
2024-10-14 13:35:00-04:00,261.19000244140625,261.19000244140625,261.1000061035156,261.1000061035156,4551,0.0,0.0
2024-10-14 13:40:00-04:00,261.1549987792969,261.20001220703125,261.1449890136719,261.20001220703125,1561,0.0,0.0
2024-10-14 13:45:00-04:00,261.1000061035156,261.1700134277344,261.010009765625,261.1700134277344,5631,0.0,0.0
2024-10-14 13:50:00-04:00,261.25,261.3900146484375,261.2200012207031,261.2699890136719,4272,0.0,0.0
2024-10-14 13:55:00-04:00,261.2349853515625,261.29998779296875,261.2099914550781,261.2724914550781,1515,0.0,0.0
2024-10-14 14:00:00-04:00,261.1199951171875,261.17498779296875,261.1199951171875,261.17498779296875,938,0.0,0.0
2024-10-14 14:05:00-04:00,261.1600036621094,261.4849853515625,261.1600036621094,261.4849853515625,3731,0.0,0.0
2024-10-14 14:10:00-04:00,261.4750061035156,261.5199890136719,261.4750061035156,261.5199890136719,4028,0.0,0.0
2024-10-14 14:15:00-04:00,261.55999755859375,261.6199951171875,261.5,261.510009765625,4318,0.0,0.0
2024-10-14 14:20:00-04:00,261.489990234375,261.5899963378906,261.489990234375,261.56500244140625,1379,0.0,0.0
2024-10-14 14:25:00-04:00,261.6300048828125,261.6400146484375,261.4200134277344,261.4200134277344,3264,0.0,0.0
2024-10-14 14:30:00-04:00,261.45001220703125,261.6499938964844,261.45001220703125,261.6099853515625,3647,0.0,0.0
2024-10-14 14:35:00-04:00,261.7300109863281,261.82000732421875,261.67498779296875,261.739990234375,2527,0.0,0.0
2024-10-14 14:40:00-04:00,261.70001220703125,261.7900085449219,261.70001220703125,261.70001220703125,1412,0.0,0.0
2024-10-14 14:45:00-04:00,261.7200012207031,261.7250061035156,261.5899963378906,261.5899963378906,2362,0.0,0.0
2024-10-14 14:50:00-04:00,261.54998779296875,261.54998779296875,261.4700012207031,261.4949951171875,2211,0.0,0.0
2024-10-14 14:55:00-04:00,261.55999755859375,261.55999755859375,261.29998779296875,261.3450012207031,6538,0.0,0.0
2024-10-14 15:00:00-04:00,261.3999938964844,261.5299987792969,261.3399963378906,261.4750061035156,9045,0.0,0.0
2024-10-14 15:05:00-04:00,261.5400085449219,261.5899963378906,261.3599853515625,261.42498779296875,5582,0.0,0.0
2024-10-14 15:10:00-04:00,261.45001220703125,261.5299987792969,261.45001220703125,261.4700012207031,4355,0.0,0.0
2024-10-14 15:15:00-04:00,261.4700927734375,261.5199890136719,261.42999267578125,261.42999267578125,3544,0.0,0.0
2024-10-14 15:20:00-04:00,261.42999267578125,261.7099914550781,261.3999938964844,261.7099914550781,6943,0.0,0.0
2024-10-14 15:25:00-04:00,261.739990234375,261.739990234375,261.5570983886719,261.5570983886719,4366,0.0,0.0
2024-10-14 15:30:00-04:00,261.54998779296875,261.54998779296875,261.3800048828125,261.42999267578125,6153,0.0,0.0
2024-10-14 15:35:00-04:00,261.44000244140625,261.5199890136719,261.17999267578125,261.2900085449219,7963,0.0,0.0
2024-10-14 15:40:00-04:00,261.32000732421875,261.44000244140625,261.260009765625,261.3900146484375,9078,0.0,0.0
2024-10-14 15:45:00-04:00,261.1700134277344,261.4849853515625,261.05999755859375,261.4649963378906,12289,0.0,0.0
2024-10-14 15:50:00-04:00,261.54998779296875,261.55999755859375,261.20001220703125,261.3900146484375,12721,0.0,0.0
2024-10-14 15:55:00-04:00,261.3399963378906,261.8999938964844,261.3399963378906,261.6000061035156,80076,0.0,0.0
2024-10-15 09:30:00-04:00,262.7200012207031,263.239990234375,262.7200012207031,263.239990234375,11533,0.0,0.0
2024-10-15 09:35:00-04:00,262.70220947265625,262.92999267578125,262.0899963378906,262.8550109863281,3756,0.0,0.0
2024-10-15 09:40:00-04:00,262.4700012207031,262.8299865722656,262.4700012207031,262.6600036621094,2003,0.0,0.0
2024-10-15 09:45:00-04:00,262.8999938964844,263.5899963378906,262.8999938964844,263.5899963378906,5503,0.0,0.0
2024-10-15 09:50:00-04:00,263.2300109863281,263.32501220703125,262.8500061035156,263.0199890136719,4367,0.0,0.0
2024-10-15 09:55:00-04:00,262.55999755859375,262.5799865722656,262.2250061035156,262.5799865722656,5534,0.0,0.0
2024-10-15 10:00:00-04:00,262.6300048828125,263.0899963378906,262.6050109863281,263.0899963378906,5255,0.0,0.0
2024-10-15 10:05:00-04:00,262.6700134277344,263.0350036621094,262.6449890136719,263.0350036621094,4539,0.0,0.0
2024-10-15 10:10:00-04:00,262.989990234375,263.5799865722656,262.989990234375,263.4649963378906,3524,0.0,0.0
2024-10-15 10:15:00-04:00,263.5899963378906,264.1199951171875,263.4100036621094,264.1199951171875,17511,0.0,0.0
2024-10-15 10:20:00-04:00,264.05999755859375,264.30999755859375,264.0299987792969,264.19000244140625,3639,0.0,0.0
2024-10-15 10:25:00-04:00,264.2250061035156,264.5,264.2250061035156,264.2442932128906,2796,0.0,0.0
2024-10-15 10:30:00-04:00,264.1300048828125,264.4599914550781,264.0350036621094,264.2550048828125,7200,0.0,0.0
2024-10-15 10:35:00-04:00,264.1499938964844,264.7200012207031,264.1499938964844,264.3949890136719,5507,0.0,0.0
2024-10-15 10:40:00-04:00,264.5899963378906,264.7699890136719,264.3699951171875,264.4049987792969,7901,0.0,0.0
2024-10-15 10:45:00-04:00,264.6000061035156,264.6000061035156,264.3399963378906,264.3399963378906,2681,0.0,0.0
2024-10-15 10:50:00-04:00,264.3299865722656,264.5400085449219,264.04998779296875,264.04998779296875,4516,0.0,0.0
2024-10-15 10:55:00-04:00,263.8599853515625,263.9599914550781,263.5,263.7900085449219,15378,0.0,0.0
2024-10-15 11:00:00-04:00,263.5450134277344,263.625,263.4100036621094,263.4800109863281,6764,0.0,0.0
2024-10-15 11:05:00-04:00,263.4750061035156,263.70001220703125,263.4700012207031,263.635009765625,5175,0.0,0.0
2024-10-15 11:10:00-04:00,263.635009765625,263.635009765625,262.8399963378906,262.8399963378906,3029,0.0,0.0
2024-10-15 11:15:00-04:00,263.05499267578125,263.07000732421875,262.6499938964844,262.79998779296875,8283,0.0,0.0
2024-10-15 11:20:00-04:00,262.94500732421875,263.1400146484375,262.7200012207031,262.7699890136719,3570,0.0,0.0
2024-10-15 11:25:00-04:00,262.9049987792969,263.20001220703125,262.6300048828125,263.20001220703125,10207,0.0,0.0
2024-10-15 11:30:00-04:00,263.0799865722656,263.1400146484375,262.91339111328125,262.92999267578125,2802,0.0,0.0
2024-10-15 11:35:00-04:00,262.8999938964844,263.1099853515625,262.8999938964844,262.9049987792969,2513,0.0,0.0
2024-10-15 11:40:00-04:00,263.0199890136719,263.29998779296875,262.8999938964844,263.1400146484375,5080,0.0,0.0
2024-10-15 11:45:00-04:00,263.1499938964844,263.1499938964844,262.69000244140625,262.8800048828125,10224,0.0,0.0
2024-10-15 11:50:00-04:00,262.8699951171875,263.2200012207031,262.80499267578125,262.9599914550781,4478,0.0,0.0
2024-10-15 11:55:00-04:00,263.1700134277344,263.44000244140625,262.98748779296875,263.3699951171875,5725,0.0,0.0
2024-10-15 12:00:00-04:00,263.4599914550781,263.7799987792969,263.4200134277344,263.6600036621094,4345,0.0,0.0
2024-10-15 12:05:00-04:00,263.6600036621094,264.0799865722656,263.6600036621094,263.9549865722656,9393,0.0,0.0
2024-10-15 12:10:00-04:00,264.1000061035156,264.32000732421875,264.1000061035156,264.2099914550781,2789,0.0,0.0
2024-10-15 12:15:00-04:00,264.29998779296875,264.30499267578125,263.8399963378906,263.8399963378906,8743,0.0,0.0
2024-10-15 12:20:00-04:00,263.8699951171875,264.4200134277344,263.8299865722656,264.4200134277344,9402,0.0,0.0
2024-10-15 12:25:00-04:00,264.3450012207031,264.739990234375,264.3301086425781,264.6000061035156,2262,0.0,0.0
2024-10-15 12:30:00-04:00,264.6600036621094,264.6600036621094,264.3999938964844,264.6099853515625,2620,0.0,0.0
2024-10-15 12:35:00-04:00,264.5,264.6400146484375,264.3699951171875,264.489990234375,5378,0.0,0.0
2024-10-15 12:40:00-04:00,264.489990234375,264.489990234375,264.2130126953125,264.2130126953125,4432,0.0,0.0
2024-10-15 12:45:00-04:00,264.30999755859375,264.3818054199219,264.05999755859375,264.05999755859375,7296,0.0,0.0
2024-10-15 12:50:00-04:00,263.9529113769531,263.9529113769531,263.6700134277344,263.79998779296875,2988,0.0,0.0
2024-10-15 12:55:00-04:00,263.94000244140625,264.0299987792969,263.7200012207031,264.0199890136719,3274,0.0,0.0
2024-10-15 13:00:00-04:00,264.0299987792969,264.0299987792969,263.75,263.82000732421875,10582,0.0,0.0
2024-10-15 13:05:00-04:00,263.9200134277344,264.1000061035156,263.7699890136719,263.80999755859375,5397,0.0,0.0
2024-10-15 13:10:00-04:00,263.70001220703125,263.8900146484375,263.5899963378906,263.8900146484375,4794,0.0,0.0
2024-10-15 13:15:00-04:00,263.8999938964844,263.9100036621094,263.70001220703125,263.70001220703125,2596,0.0,0.0
2024-10-15 13:20:00-04:00,263.8999938964844,263.92999267578125,263.7200012207031,263.8599853515625,2932,0.0,0.0
2024-10-15 13:25:00-04:00,263.94000244140625,263.95001220703125,263.75,263.95001220703125,2636,0.0,0.0
2024-10-15 13:30:00-04:00,263.94000244140625,264.05499267578125,263.8399963378906,263.8900146484375,5350,0.0,0.0
2024-10-15 13:35:00-04:00,263.8699951171875,263.9200134277344,263.75,263.7900085449219,3319,0.0,0.0
2024-10-15 13:40:00-04:00,263.9200134277344,263.9700012207031,263.6400146484375,263.6400146484375,6681,0.0,0.0
2024-10-15 13:45:00-04:00,263.5899963378906,263.8599853515625,263.5799865722656,263.7200012207031,3818,0.0,0.0
2024-10-15 13:50:00-04:00,263.7250061035156,263.79998779296875,263.6099853515625,263.7449951171875,2635,0.0,0.0
2024-10-15 13:55:00-04:00,263.70001220703125,263.7550048828125,263.44000244140625,263.55499267578125,15043,0.0,0.0
2024-10-15 14:00:00-04:00,263.54998779296875,263.6199951171875,263.510009765625,263.5350036621094,7697,0.0,0.0
2024-10-15 14:05:00-04:00,263.6000061035156,263.6000061035156,263.44000244140625,263.4599914550781,5523,0.0,0.0
2024-10-15 14:10:00-04:00,263.57000732421875,263.57000732421875,263.4200134277344,263.4800109863281,4959,0.0,0.0
2024-10-15 14:15:00-04:00,263.4549865722656,263.4549865722656,263.010009765625,263.1300048828125,6004,0.0,0.0
2024-10-15 14:20:00-04:00,263.1000061035156,263.3299865722656,263.04998779296875,263.1600036621094,7545,0.0,0.0
2024-10-15 14:25:00-04:00,263.1499938964844,263.1700134277344,262.8699951171875,262.8699951171875,5355,0.0,0.0
2024-10-15 14:30:00-04:00,262.92498779296875,262.9649963378906,262.8800048828125,262.9224853515625,3899,0.0,0.0
2024-10-15 14:35:00-04:00,262.8599853515625,262.8800048828125,262.75,262.8699951171875,7183,0.0,0.0
2024-10-15 14:40:00-04:00,262.8900146484375,263.0350036621094,262.8900146484375,262.8999938964844,5098,0.0,0.0
2024-10-15 14:45:00-04:00,262.989990234375,263.1050109863281,262.95001220703125,262.9700012207031,8290,0.0,0.0
2024-10-15 14:50:00-04:00,262.9070129394531,263.0400085449219,262.8999938964844,262.94500732421875,3437,0.0,0.0
2024-10-15 14:55:00-04:00,262.94500732421875,263.0,262.8450012207031,262.8699951171875,4313,0.0,0.0
2024-10-15 15:00:00-04:00,262.8900146484375,262.8900146484375,262.4800109863281,262.4800109863281,7098,0.0,0.0
2024-10-15 15:05:00-04:00,262.45001220703125,262.489990234375,262.2749938964844,262.29998779296875,9743,0.0,0.0
2024-10-15 15:10:00-04:00,262.2900085449219,262.7200012207031,262.2300109863281,262.4750061035156,7441,0.0,0.0
2024-10-15 15:15:00-04:00,262.489990234375,262.5799865722656,262.3599853515625,262.44000244140625,4608,0.0,0.0
2024-10-15 15:20:00-04:00,262.510009765625,262.57000732421875,262.2200012207031,262.3599853515625,11016,0.0,0.0
2024-10-15 15:25:00-04:00,262.32501220703125,262.32501220703125,261.8500061035156,261.8500061035156,5493,0.0,0.0
2024-10-15 15:30:00-04:00,261.739990234375,261.9700012207031,261.739990234375,261.8399963378906,9839,0.0,0.0
2024-10-15 15:35:00-04:00,261.7699890136719,262.1600036621094,261.5400085449219,262.1600036621094,21012,0.0,0.0
2024-10-15 15:40:00-04:00,262.1600036621094,262.30999755859375,261.989990234375,262.0899963378906,10546,0.0,0.0
2024-10-15 15:45:00-04:00,262.0899963378906,262.1099853515625,261.80999755859375,262.1099853515625,14377,0.0,0.0
2024-10-15 15:50:00-04:00,261.989990234375,262.0799865722656,261.6600036621094,262.0799865722656,16319,0.0,0.0
2024-10-15 15:55:00-04:00,261.9800109863281,261.9800109863281,261.2900085449219,261.45001220703125,64982,0.0,0.0
2024-10-16 09:30:00-04:00,260.989990234375,261.18499755859375,260.0400085449219,261.18499755859375,13633,0.0,0.0
2024-10-16 09:35:00-04:00,261.7699890136719,261.8900146484375,261.07000732421875,261.07000732421875,3283,0.0,0.0
2024-10-16 09:40:00-04:00,261.64459228515625,262.5799865722656,261.64459228515625,262.5799865722656,1641,0.0,0.0
2024-10-16 09:45:00-04:00,262.7799987792969,263.1099853515625,262.6600036621094,262.70001220703125,1320,0.0,0.0
2024-10-16 09:50:00-04:00,262.70001220703125,262.989990234375,262.2900085449219,262.2900085449219,9185,0.0,0.0
2024-10-16 09:55:00-04:00,262.4700012207031,263.0799865722656,262.29998779296875,263.07000732421875,3852,0.0,0.0
2024-10-16 10:00:00-04:00,263.00201416015625,263.2398986816406,262.80999755859375,262.8699951171875,7117,0.0,0.0
2024-10-16 10:05:00-04:00,262.9599914550781,263.0199890136719,262.7099914550781,262.74749755859375,13949,0.0,0.0
2024-10-16 10:10:00-04:00,262.5950012207031,262.8349914550781,262.29998779296875,262.29998779296875,3869,0.0,0.0
2024-10-16 10:15:00-04:00,262.5799865722656,262.5799865722656,261.6099853515625,261.9775085449219,18694,0.0,0.0
2024-10-16 10:20:00-04:00,261.5899963378906,261.80999755859375,261.54998779296875,261.6099853515625,4123,0.0,0.0
2024-10-16 10:25:00-04:00,261.614990234375,261.614990234375,261.04998779296875,261.1910400390625,17836,0.0,0.0
2024-10-16 10:30:00-04:00,261.0299987792969,261.1499938964844,260.8500061035156,261.125,7113,0.0,0.0
2024-10-16 10:35:00-04:00,261.125,261.2699890136719,260.57000732421875,260.57000732421875,9627,0.0,0.0
2024-10-16 10:40:00-04:00,260.5400085449219,260.5400085449219,259.94000244140625,259.94000244140625,9138,0.0,0.0
2024-10-16 10:45:00-04:00,259.95001220703125,260.0199890136719,259.340087890625,259.489990234375,7722,0.0,0.0
2024-10-16 10:50:00-04:00,259.55999755859375,259.7799987792969,259.5,259.57501220703125,13051,0.0,0.0
2024-10-16 10:55:00-04:00,259.57000732421875,260.6199951171875,259.4100036621094,260.55499267578125,9103,0.0,0.0
2024-10-16 11:00:00-04:00,260.55499267578125,260.739990234375,260.32000732421875,260.32000732421875,3332,0.0,0.0
2024-10-16 11:05:00-04:00,260.260009765625,260.44500732421875,260.25,260.3699951171875,4218,0.0,0.0
2024-10-16 11:10:00-04:00,260.260009765625,260.4100036621094,260.2355651855469,260.4049987792969,4417,0.0,0.0
2024-10-16 11:15:00-04:00,260.4049987792969,260.6600036621094,260.4049987792969,260.5849914550781,5967,0.0,0.0
2024-10-16 11:20:00-04:00,260.7200012207031,260.9100036621094,260.5849914550781,260.8900146484375,4086,0.0,0.0
2024-10-16 11:25:00-04:00,260.82000732421875,260.82000732421875,260.6600036621094,260.7099914550781,2483,0.0,0.0
2024-10-16 11:30:00-04:00,260.7049865722656,260.7149963378906,260.3900146484375,260.5299987792969,4815,0.0,0.0
2024-10-16 11:35:00-04:00,260.3999938964844,260.5150146484375,260.375,260.510009765625,2260,0.0,0.0
2024-10-16 11:40:00-04:00,260.385009765625,260.510009765625,259.9549865722656,259.9849853515625,7916,0.0,0.0
2024-10-16 11:45:00-04:00,259.9800109863281,260.239990234375,259.8699951171875,260.1474914550781,5021,0.0,0.0
2024-10-16 11:50:00-04:00,260.4700012207031,260.5,260.2799987792969,260.3500061035156,4708,0.0,0.0
2024-10-16 11:55:00-04:00,260.2200927734375,260.4800109863281,260.0,260.4800109863281,12093,0.0,0.0
2024-10-16 12:00:00-04:00,260.372314453125,260.5,260.3450012207031,260.3699951171875,3096,0.0,0.0
2024-10-16 12:05:00-04:00,260.3575134277344,260.6600036621094,260.2699890136719,260.6600036621094,5561,0.0,0.0
2024-10-16 12:10:00-04:00,260.70001220703125,260.8500061035156,260.6600036621094,260.79998779296875,5561,0.0,0.0
2024-10-16 12:15:00-04:00,260.7699890136719,260.80999755859375,260.69000244140625,260.7099914550781,3980,0.0,0.0
2024-10-16 12:20:00-04:00,260.8500061035156,261.2300109863281,260.8500061035156,261.1007995605469,9584,0.0,0.0
2024-10-16 12:25:00-04:00,261.010009765625,261.1099853515625,261.010009765625,261.0950012207031,6282,0.0,0.0
2024-10-16 12:30:00-04:00,261.1000061035156,261.20001220703125,261.04998779296875,261.1300048828125,5089,0.0,0.0
2024-10-16 12:35:00-04:00,261.1600036621094,261.2699890136719,261.135009765625,261.2699890136719,2989,0.0,0.0
2024-10-16 12:40:00-04:00,261.3399963378906,261.3800048828125,261.239013671875,261.239013671875,1578,0.0,0.0
2024-10-16 12:45:00-04:00,261.3399963378906,261.3399963378906,261.20001220703125,261.20001220703125,5039,0.0,0.0
2024-10-16 12:50:00-04:00,261.20001220703125,261.20001220703125,260.9599914550781,261.1000061035156,3538,0.0,0.0
2024-10-16 12:55:00-04:00,261.1400146484375,261.1499938964844,260.82000732421875,260.8299865722656,4768,0.0,0.0
2024-10-16 13:00:00-04:00,260.8500061035156,261.1000061035156,260.8500061035156,260.93719482421875,4210,0.0,0.0
2024-10-16 13:05:00-04:00,260.9150085449219,260.9150085449219,260.7200012207031,260.7200012207031,3513,0.0,0.0
2024-10-16 13:10:00-04:00,260.70001220703125,260.7001037597656,260.70001220703125,260.7001037597656,2034,0.0,0.0
2024-10-16 13:15:00-04:00,260.70001220703125,260.70001220703125,260.6600036621094,260.6600036621094,2217,0.0,0.0
2024-10-16 13:20:00-04:00,260.6400146484375,260.6600036621094,260.45001220703125,260.6300048828125,5174,0.0,0.0
2024-10-16 13:25:00-04:00,260.7200012207031,260.80999755859375,260.70001220703125,260.7099914550781,2823,0.0,0.0
2024-10-16 13:30:00-04:00,260.7099914550781,260.75,260.6199951171875,260.6199951171875,2186,0.0,0.0
2024-10-16 13:35:00-04:00,260.57000732421875,260.57000732421875,260.54998779296875,260.54998779296875,1552,0.0,0.0
2024-10-16 13:40:00-04:00,260.54998779296875,260.54998779296875,260.4800109863281,260.4800109863281,2780,0.0,0.0
2024-10-16 13:45:00-04:00,260.4800109863281,260.6099853515625,260.4800109863281,260.5849914550781,5343,0.0,0.0
2024-10-16 13:50:00-04:00,260.57000732421875,260.5849914550781,260.32501220703125,260.32501220703125,5697,0.0,0.0
2024-10-16 13:55:00-04:00,260.385009765625,260.75,260.385009765625,260.75,6395,0.0,0.0
2024-10-16 14:00:00-04:00,260.79998779296875,260.94000244140625,260.79998779296875,260.94000244140625,3336,0.0,0.0
2024-10-16 14:05:00-04:00,260.8599853515625,260.864990234375,260.8599853515625,260.864990234375,1866,0.0,0.0
2024-10-16 14:10:00-04:00,260.94000244140625,261.19000244140625,260.86138916015625,261.1700134277344,3854,0.0,0.0
2024-10-16 14:15:00-04:00,261.0899963378906,261.2300109863281,261.0899963378906,261.2250061035156,3301,0.0,0.0
2024-10-16 14:20:00-04:00,261.4800109863281,261.82000732421875,261.4800109863281,261.7650146484375,4929,0.0,0.0
2024-10-16 14:25:00-04:00,261.6499938964844,261.6499938964844,261.42498779296875,261.42498779296875,2476,0.0,0.0
2024-10-16 14:30:00-04:00,261.3500061035156,261.375,261.2799987792969,261.29998779296875,3570,0.0,0.0
2024-10-16 14:35:00-04:00,261.3399963378906,261.3399963378906,261.1099853515625,261.1499938964844,3840,0.0,0.0
2024-10-16 14:40:00-04:00,261.05999755859375,261.05999755859375,260.95001220703125,261.010009765625,6805,0.0,0.0
2024-10-16 14:45:00-04:00,261.260009765625,261.3500061035156,261.260009765625,261.260009765625,2402,0.0,0.0
2024-10-16 14:50:00-04:00,261.29998779296875,261.3699951171875,261.0299987792969,261.0299987792969,4731,0.0,0.0
2024-10-16 14:55:00-04:00,261.0199890136719,261.1099853515625,260.9200134277344,261.1099853515625,3936,0.0,0.0
2024-10-16 15:00:00-04:00,261.0,261.0,260.8599853515625,260.9599914550781,5525,0.0,0.0
2024-10-16 15:05:00-04:00,260.92999267578125,260.9700012207031,260.7001037597656,260.8799133300781,5036,0.0,0.0
2024-10-16 15:10:00-04:00,260.8800048828125,261.0299987792969,260.8800048828125,260.9411926269531,6980,0.0,0.0
2024-10-16 15:15:00-04:00,260.989990234375,261.1700134277344,260.989990234375,261.1700134277344,3798,0.0,0.0
2024-10-16 15:20:00-04:00,261.04998779296875,261.0950012207031,260.875,260.9599914550781,6721,0.0,0.0
2024-10-16 15:25:00-04:00,260.8699951171875,261.04998779296875,260.8699951171875,260.98748779296875,6411,0.0,0.0
2024-10-16 15:30:00-04:00,260.9949951171875,260.9949951171875,260.7799987792969,260.8500061035156,7083,0.0,0.0
2024-10-16 15:35:00-04:00,260.94000244140625,261.260009765625,260.9049987792969,261.260009765625,7579,0.0,0.0
2024-10-16 15:40:00-04:00,261.3399963378906,261.5799865722656,261.3399963378906,261.3500061035156,9309,0.0,0.0
2024-10-16 15:45:00-04:00,261.3500061035156,261.4368896484375,260.7200012207031,260.760009765625,14031,0.0,0.0
2024-10-16 15:50:00-04:00,260.82000732421875,261.010009765625,260.82000732421875,260.8299865722656,14272,0.0,0.0
2024-10-16 15:55:00-04:00,260.79998779296875,260.9800109863281,260.5799865722656,260.9599914550781,64587,0.0,0.0
2024-10-17 09:30:00-04:00,261.94000244140625,262.20001220703125,260.3500061035156,262.20001220703125,10882,0.0,0.0
2024-10-17 09:35:00-04:00,261.9100036621094,261.9100036621094,261.3500061035156,261.6000061035156,1887,0.0,0.0
2024-10-17 09:40:00-04:00,261.3399963378906,261.8599853515625,260.9599914550781,261.3599853515625,6479,0.0,0.0
2024-10-17 09:45:00-04:00,261.4549865722656,261.4549865722656,260.67999267578125,260.7699890136719,4694,0.0,0.0
2024-10-17 09:50:00-04:00,260.7749938964844,260.81500244140625,260.7749938964844,260.81500244140625,1407,0.0,0.0
2024-10-17 09:55:00-04:00,260.82000732421875,261.20001220703125,260.7349853515625,260.9049987792969,12119,0.0,0.0
2024-10-17 10:00:00-04:00,261.1099853515625,261.2200012207031,260.9700012207031,260.9700012207031,4349,0.0,0.0
2024-10-17 10:05:00-04:00,261.04998779296875,261.04998779296875,260.4599914550781,261.0249938964844,6510,0.0,0.0
2024-10-17 10:10:00-04:00,261.07501220703125,261.2099914550781,260.8399963378906,260.8399963378906,2456,0.0,0.0
2024-10-17 10:15:00-04:00,260.6300048828125,260.760009765625,260.55999755859375,260.55999755859375,1267,0.0,0.0
2024-10-17 10:20:00-04:00,260.45001220703125,260.4599914550781,260.1199951171875,260.4599914550781,2805,0.0,0.0
2024-10-17 10:25:00-04:00,260.5,260.55999755859375,259.9599914550781,260.25299072265625,4761,0.0,0.0
2024-10-17 10:30:00-04:00,260.1199951171875,260.1199951171875,259.9599914550781,259.9599914550781,2001,0.0,0.0
2024-10-17 10:35:00-04:00,259.989990234375,260.2300109863281,259.9150085449219,260.0199890136719,6596,0.0,0.0
2024-10-17 10:40:00-04:00,260.125,260.1700134277344,260.010009765625,260.1700134277344,3061,0.0,0.0
2024-10-17 10:45:00-04:00,260.1449890136719,260.44000244140625,260.1449890136719,260.42999267578125,8859,0.0,0.0
2024-10-17 10:50:00-04:00,260.2799987792969,260.3900146484375,260.2799987792969,260.3900146484375,2272,0.0,0.0
2024-10-17 10:55:00-04:00,260.3046875,260.42999267578125,260.1300048828125,260.1300048828125,3030,0.0,0.0
2024-10-17 11:00:00-04:00,260.0849914550781,260.2200012207031,259.6199951171875,259.7900085449219,3900,0.0,0.0
2024-10-17 11:05:00-04:00,259.7900085449219,259.7900085449219,259.6700134277344,259.7900085449219,2077,0.0,0.0
2024-10-17 11:10:00-04:00,259.6600036621094,259.739990234375,259.6199951171875,259.67999267578125,10291,0.0,0.0
2024-10-17 11:15:00-04:00,259.7799987792969,260.1000061035156,259.75,260.07000732421875,5657,0.0,0.0
2024-10-17 11:20:00-04:00,260.0150146484375,260.1199951171875,259.8900146484375,260.114990234375,13620,0.0,0.0
2024-10-17 11:25:00-04:00,260.1700134277344,260.1700134277344,259.97900390625,260.07000732421875,3054,0.0,0.0
2024-10-17 11:30:00-04:00,260.0299987792969,260.0799865722656,259.760009765625,259.760009765625,6467,0.0,0.0
2024-10-17 11:35:00-04:00,259.8599853515625,259.9798889160156,259.7200012207031,259.7200012207031,2108,0.0,0.0
2024-10-17 11:40:00-04:00,259.7200012207031,259.9599914550781,259.6700134277344,259.81500244140625,2344,0.0,0.0
2024-10-17 11:45:00-04:00,259.6700134277344,259.6700134277344,259.25,259.29998779296875,5674,0.0,0.0
2024-10-17 11:50:00-04:00,259.1300048828125,259.3299865722656,258.95001220703125,259.2099914550781,16202,0.0,0.0
2024-10-17 11:55:00-04:00,259.1600036621094,259.44989013671875,259.1600036621094,259.31500244140625,4381,0.0,0.0
2024-10-17 12:00:00-04:00,259.260009765625,259.4599914550781,259.25,259.4200134277344,7093,0.0,0.0
2024-10-17 12:05:00-04:00,259.489990234375,259.5899963378906,259.4200134277344,259.4200134277344,6771,0.0,0.0
2024-10-17 12:10:00-04:00,259.42498779296875,259.42498779296875,259.42498779296875,259.42498779296875,508,0.0,0.0
2024-10-17 12:15:00-04:00,259.4849853515625,259.4849853515625,259.20001220703125,259.20001220703125,3991,0.0,0.0
2024-10-17 12:20:00-04:00,259.20001220703125,259.5199890136719,259.1499938964844,259.4849853515625,8746,0.0,0.0
2024-10-17 12:25:00-04:00,259.4849853515625,259.6099853515625,259.4849853515625,259.55499267578125,2078,0.0,0.0
2024-10-17 12:30:00-04:00,259.5799865722656,259.7699890136719,259.548095703125,259.7699890136719,3280,0.0,0.0
2024-10-17 12:35:00-04:00,259.8299865722656,259.8399963378906,259.739990234375,259.8399963378906,2267,0.0,0.0
2024-10-17 12:40:00-04:00,259.875,259.9100036621094,259.6499938964844,259.7974853515625,2943,0.0,0.0
2024-10-17 12:45:00-04:00,259.7850036621094,259.9200134277344,259.6499938964844,259.8399963378906,4185,0.0,0.0
2024-10-17 12:50:00-04:00,259.8450012207031,259.92999267578125,259.776611328125,259.9200134277344,3177,0.0,0.0
2024-10-17 12:55:00-04:00,259.9100036621094,259.92999267578125,259.760009765625,259.82000732421875,6883,0.0,0.0
2024-10-17 13:00:00-04:00,259.8800048828125,259.9100036621094,259.7200012207031,259.7900085449219,8816,0.0,0.0
2024-10-17 13:05:00-04:00,259.7900085449219,259.7900085449219,259.6300048828125,259.6499938964844,3319,0.0,0.0
2024-10-17 13:10:00-04:00,259.6400146484375,259.7449951171875,259.6199951171875,259.6199951171875,1976,0.0,0.0
2024-10-17 13:15:00-04:00,259.55999755859375,259.6000061035156,259.44000244140625,259.5,2359,0.0,0.0
2024-10-17 13:20:00-04:00,259.5450134277344,259.5474853515625,259.1700134277344,259.260009765625,5676,0.0,0.0
2024-10-17 13:25:00-04:00,259.13751220703125,259.3500061035156,259.1000061035156,259.2300109863281,10090,0.0,0.0
2024-10-17 13:30:00-04:00,259.2300109863281,259.2300109863281,259.0400085449219,259.0400085449219,2905,0.0,0.0
2024-10-17 13:35:00-04:00,259.0400085449219,259.3500061035156,259.0400085449219,259.34228515625,6634,0.0,0.0
2024-10-17 13:40:00-04:00,259.32000732421875,259.5249938964844,259.32000732421875,259.4700012207031,4818,0.0,0.0
2024-10-17 13:45:00-04:00,259.4599914550781,259.54998779296875,259.4599914550781,259.489990234375,935,0.0,0.0
2024-10-17 13:50:00-04:00,259.5,259.5,259.3299865722656,259.4200134277344,4232,0.0,0.0
2024-10-17 13:55:00-04:00,259.30999755859375,259.5899963378906,259.30999755859375,259.54998779296875,7232,0.0,0.0
2024-10-17 14:00:00-04:00,259.6400146484375,259.6400146484375,259.4674987792969,259.5299987792969,9886,0.0,0.0
2024-10-17 14:05:00-04:00,259.489990234375,259.6499938964844,259.3999938964844,259.4150085449219,12317,0.0,0.0
2024-10-17 14:10:00-04:00,259.25,259.510009765625,259.1000061035156,259.510009765625,7677,0.0,0.0
2024-10-17 14:15:00-04:00,259.4599914550781,259.4599914550781,259.20001220703125,259.2641906738281,2304,0.0,0.0
2024-10-17 14:20:00-04:00,259.1000061035156,259.5299987792969,259.1000061035156,259.5,6174,0.0,0.0
2024-10-17 14:25:00-04:00,259.5400085449219,259.67498779296875,259.510009765625,259.57000732421875,7977,0.0,0.0
2024-10-17 14:30:00-04:00,259.5799865722656,259.5799865722656,259.5799865722656,259.5799865722656,1193,0.0,0.0
2024-10-17 14:35:00-04:00,259.55999755859375,259.61749267578125,259.4599914550781,259.4800109863281,2863,0.0,0.0
2024-10-17 14:40:00-04:00,259.4800109863281,259.489990234375,259.260009765625,259.44000244140625,3875,0.0,0.0
2024-10-17 14:45:00-04:00,259.44000244140625,259.57000732421875,259.3299865722656,259.57000732421875,8739,0.0,0.0
2024-10-17 14:50:00-04:00,259.57000732421875,259.6000061035156,259.5,259.55999755859375,3438,0.0,0.0
2024-10-17 14:55:00-04:00,259.552490234375,259.6499938964844,259.4700012207031,259.55999755859375,5393,0.0,0.0
2024-10-17 15:00:00-04:00,259.6000061035156,260.0299987792969,259.6000061035156,260.0299987792969,12195,0.0,0.0
2024-10-17 15:05:00-04:00,260.0299987792969,260.1199951171875,259.9949951171875,260.1199951171875,3382,0.0,0.0
2024-10-17 15:10:00-04:00,260.1400146484375,260.31500244140625,260.1400146484375,260.2099914550781,5485,0.0,0.0
2024-10-17 15:15:00-04:00,260.19000244140625,260.19000244140625,259.8599853515625,260.0199890136719,3554,0.0,0.0
2024-10-17 15:20:00-04:00,260.0249938964844,260.0950012207031,259.8699951171875,259.9700012207031,6178,0.0,0.0
2024-10-17 15:25:00-04:00,259.8699951171875,259.92999267578125,259.80999755859375,259.8399963378906,4773,0.0,0.0
2024-10-17 15:30:00-04:00,259.7900085449219,259.94000244140625,259.6300048828125,259.94000244140625,15834,0.0,0.0
2024-10-17 15:35:00-04:00,259.8299865722656,260.1199951171875,259.7900085449219,259.95001220703125,7670,0.0,0.0
2024-10-17 15:40:00-04:00,260.06500244140625,260.1099853515625,259.8999938964844,259.8999938964844,6875,0.0,0.0
2024-10-17 15:45:00-04:00,259.9200134277344,259.9599914550781,259.6499938964844,259.9599914550781,17139,0.0,0.0
2024-10-17 15:50:00-04:00,259.94500732421875,260.55499267578125,259.94000244140625,260.55499267578125,19963,0.0,0.0
2024-10-17 15:55:00-04:00,260.45001220703125,260.80999755859375,260.2300109863281,260.67999267578125,65977,0.0,0.0
2024-10-18 09:30:00-04:00,261.8699951171875,261.8699951171875,259.9200134277344,260.1000061035156,78125,0.0,0.0
2024-10-18 09:35:00-04:00,259.8500061035156,260.5805969238281,259.6300048828125,260.30999755859375,2208,0.0,0.0
2024-10-18 09:40:00-04:00,260.29998779296875,261.3689880371094,260.2799987792969,261.0950012207031,9675,0.0,0.0
2024-10-18 09:45:00-04:00,261.0299987792969,261.95001220703125,260.9599914550781,261.7149963378906,8569,0.0,0.0
2024-10-18 09:50:00-04:00,261.6400146484375,261.82000732421875,261.2699890136719,261.2699890136719,6380,0.0,0.0
2024-10-18 09:55:00-04:00,261.04998779296875,261.2190856933594,260.8800048828125,261.0299987792969,4299,0.0,0.0
2024-10-18 10:00:00-04:00,261.0299987792969,261.3500061035156,260.9700927734375,260.9700927734375,24925,0.0,0.0
2024-10-18 10:05:00-04:00,261.3500061035156,261.5199890136719,261.2850036621094,261.3299865722656,5866,0.0,0.0
2024-10-18 10:10:00-04:00,261.510009765625,261.510009765625,261.177490234375,261.239990234375,20479,0.0,0.0
2024-10-18 10:15:00-04:00,261.2699890136719,261.2699890136719,261.010009765625,261.135009765625,10272,0.0,0.0
2024-10-18 10:20:00-04:00,261.239990234375,261.239990234375,260.7900085449219,260.7900085449219,3781,0.0,0.0
2024-10-18 10:25:00-04:00,260.9200134277344,260.92999267578125,260.8599853515625,260.8599853515625,1056,0.0,0.0
2024-10-18 10:30:00-04:00,260.864990234375,261.0150146484375,260.8275146484375,260.8599853515625,2043,0.0,0.0
2024-10-18 10:35:00-04:00,260.7799987792969,261.07000732421875,260.6499938964844,260.94500732421875,3911,0.0,0.0
2024-10-18 10:40:00-04:00,261.010009765625,261.010009765625,260.9150085449219,260.9150085449219,2498,0.0,0.0
2024-10-18 10:45:00-04:00,260.966796875,260.966796875,260.67999267578125,260.7300109863281,2570,0.0,0.0
2024-10-18 10:50:00-04:00,260.6700134277344,260.8599853515625,260.54010009765625,260.8550109863281,3096,0.0,0.0
2024-10-18 10:55:00-04:00,260.8550109863281,260.86358642578125,260.8550109863281,260.86358642578125,3566,0.0,0.0
2024-10-18 11:00:00-04:00,260.8699951171875,260.8699951171875,260.6400146484375,260.6400146484375,4709,0.0,0.0
2024-10-18 11:05:00-04:00,260.8699951171875,261.2699890136719,260.760009765625,261.0249938964844,2528,0.0,0.0
2024-10-18 11:10:00-04:00,261.010009765625,261.1499938964844,260.91619873046875,260.9599914550781,3230,0.0,0.0
2024-10-18 11:15:00-04:00,261.1000061035156,261.1000061035156,260.9100036621094,261.0400085449219,3400,0.0,0.0
2024-10-18 11:20:00-04:00,261.1400146484375,261.1400146484375,260.9100036621094,261.0150146484375,3315,0.0,0.0
2024-10-18 11:25:00-04:00,261.0150146484375,261.20001220703125,261.0,261.20001220703125,2946,0.0,0.0
2024-10-18 11:30:00-04:00,261.17999267578125,261.20001220703125,261.17999267578125,261.20001220703125,1277,0.0,0.0
2024-10-18 11:35:00-04:00,261.20001220703125,261.2749938964844,260.8999938964844,260.8999938964844,6245,0.0,0.0
2024-10-18 11:40:00-04:00,260.9100036621094,260.9100036621094,260.80999755859375,260.80999755859375,1924,0.0,0.0
2024-10-18 11:45:00-04:00,260.6499938964844,260.7699890136719,260.3900146484375,260.5150146484375,3569,0.0,0.0
2024-10-18 11:50:00-04:00,260.5150146484375,260.8291015625,260.3900146484375,260.6600036621094,3508,0.0,0.0
2024-10-18 11:55:00-04:00,260.79998779296875,260.8399963378906,260.79998779296875,260.8399963378906,1182,0.0,0.0
2024-10-18 12:00:00-04:00,261.010009765625,261.2099914550781,261.010009765625,261.2099914550781,2767,0.0,0.0
2024-10-18 12:05:00-04:00,261.2900085449219,261.2900085449219,261.07000732421875,261.07000732421875,2630,0.0,0.0
2024-10-18 12:10:00-04:00,261.2300109863281,261.239990234375,260.9800109863281,260.9800109863281,2791,0.0,0.0
2024-10-18 12:15:00-04:00,261.2300109863281,261.3900146484375,261.2250061035156,261.3699951171875,2502,0.0,0.0
2024-10-18 12:20:00-04:00,261.42999267578125,261.42999267578125,260.95001220703125,261.1199951171875,14603,0.0,0.0
2024-10-18 12:25:00-04:00,261.0249938964844,261.1700134277344,261.0249938964844,261.1700134277344,1313,0.0,0.0
2024-10-18 12:30:00-04:00,260.8900146484375,260.92999267578125,260.8800048828125,260.8800048828125,1967,0.0,0.0
2024-10-18 12:35:00-04:00,260.92999267578125,260.92999267578125,260.92999267578125,260.92999267578125,1121,0.0,0.0
2024-10-18 12:45:00-04:00,260.8999938964844,260.94000244140625,260.7900085449219,260.94000244140625,2548,0.0,0.0
2024-10-18 12:50:00-04:00,260.8999938964844,261.04998779296875,260.80999755859375,261.0249938964844,2190,0.0,0.0
2024-10-18 12:55:00-04:00,261.0249938964844,261.0513916015625,260.7900085449219,260.8699951171875,4786,0.0,0.0
2024-10-18 13:00:00-04:00,260.80999755859375,260.80999755859375,260.7300109863281,260.7749938964844,2891,0.0,0.0
2024-10-18 13:05:00-04:00,260.7749938964844,260.9200134277344,260.6000061035156,260.7850036621094,3742,0.0,0.0
2024-10-18 13:10:00-04:00,260.7850036621094,260.989990234375,260.7099914550781,260.989990234375,2988,0.0,0.0
2024-10-18 13:15:00-04:00,260.7699890136719,260.82000732421875,260.760009765625,260.82000732421875,2531,0.0,0.0
2024-10-18 13:20:00-04:00,260.75,260.7749938964844,260.75,260.7749938964844,1396,0.0,0.0
2024-10-18 13:25:00-04:00,260.7749938964844,260.8548889160156,260.6600036621094,260.6600036621094,2401,0.0,0.0
2024-10-18 13:30:00-04:00,260.6600036621094,260.739990234375,260.55999755859375,260.55999755859375,3533,0.0,0.0
2024-10-18 13:40:00-04:00,260.6199951171875,260.6199951171875,260.6199951171875,260.6199951171875,652,0.0,0.0
2024-10-18 13:45:00-04:00,260.656005859375,260.7149963378906,260.54998779296875,260.6300048828125,3640,0.0,0.0
2024-10-18 13:50:00-04:00,260.6099853515625,260.6099853515625,260.6099853515625,260.6099853515625,418,0.0,0.0
2024-10-18 13:55:00-04:00,260.6099853515625,260.6099853515625,260.5799865722656,260.5849914550781,2126,0.0,0.0
2024-10-18 14:00:00-04:00,260.5849914550781,260.69000244140625,260.30999755859375,260.57000732421875,5985,0.0,0.0
2024-10-18 14:05:00-04:00,260.70001220703125,260.7799987792969,260.67999267578125,260.7799987792969,2403,0.0,0.0
2024-10-18 14:10:00-04:00,260.7749938964844,261.05999755859375,260.7749938964844,260.989990234375,2848,0.0,0.0
2024-10-18 14:15:00-04:00,260.989990234375,261.0299987792969,260.9800109863281,261.0299987792969,2136,0.0,0.0
2024-10-18 14:20:00-04:00,261.0299987792969,261.0350036621094,261.0299987792969,261.0350036621094,1262,0.0,0.0
2024-10-18 14:25:00-04:00,261.1099853515625,261.20001220703125,261.07000732421875,261.07000732421875,5724,0.0,0.0
2024-10-18 14:30:00-04:00,261.1087951660156,261.17999267578125,261.1087951660156,261.17999267578125,756,0.0,0.0
2024-10-18 14:35:00-04:00,261.05999755859375,261.05999755859375,260.9100036621094,260.9700012207031,2971,0.0,0.0
2024-10-18 14:40:00-04:00,260.92999267578125,261.1600036621094,260.92999267578125,261.1600036621094,3241,0.0,0.0
2024-10-18 14:45:00-04:00,261.2200012207031,261.2200012207031,261.0849914550781,261.0849914550781,2776,0.0,0.0
2024-10-18 14:50:00-04:00,261.1300048828125,261.1300048828125,261.0,261.0,2551,0.0,0.0
2024-10-18 14:55:00-04:00,261.0150146484375,261.0150146484375,261.0150146484375,261.0150146484375,403,0.0,0.0
2024-10-18 15:00:00-04:00,260.94000244140625,260.94000244140625,260.6099853515625,260.7099914550781,6163,0.0,0.0
2024-10-18 15:05:00-04:00,260.7843933105469,260.7843933105469,260.6600036621094,260.6600036621094,2947,0.0,0.0
2024-10-18 15:10:00-04:00,260.7300109863281,260.82000732421875,260.5527038574219,260.7749938964844,4520,0.0,0.0
2024-10-18 15:15:00-04:00,260.8599853515625,260.8599853515625,260.7099914550781,260.7250061035156,3845,0.0,0.0
2024-10-18 15:20:00-04:00,260.6499938964844,260.67999267578125,260.3800048828125,260.3800048828125,6252,0.0,0.0
2024-10-18 15:25:00-04:00,260.32000732421875,260.510009765625,260.32000732421875,260.3800048828125,5737,0.0,0.0
2024-10-18 15:30:00-04:00,260.44000244140625,260.5350036621094,260.44000244140625,260.4949951171875,5107,0.0,0.0
2024-10-18 15:35:00-04:00,260.4200134277344,260.67999267578125,260.4200134277344,260.67999267578125,4042,0.0,0.0
2024-10-18 15:40:00-04:00,260.6300048828125,260.6300048828125,260.4100036621094,260.4599914550781,9081,0.0,0.0
2024-10-18 15:45:00-04:00,260.3999938964844,260.67999267578125,260.29998779296875,260.54998779296875,20916,0.0,0.0
2024-10-18 15:50:00-04:00,260.6499938964844,261.04998779296875,260.6000061035156,260.9649963378906,19832,0.0,0.0
2024-10-18 15:55:00-04:00,260.8900146484375,261.2200012207031,260.739990234375,261.0199890136719,92122,0.0,0.0
2024-10-21 09:30:00-04:00,260.29998779296875,261.0199890136719,259.5199890136719,259.6000061035156,14132,0.0,0.0
2024-10-21 09:35:00-04:00,259.6000061035156,260.4800109863281,259.6000061035156,260.3599853515625,10367,0.0,0.0
2024-10-21 09:40:00-04:00,260.31500244140625,260.79998779296875,260.239990234375,260.239990234375,2930,0.0,0.0
2024-10-21 09:45:00-04:00,260.67999267578125,260.8900146484375,260.67999267578125,260.8900146484375,1988,0.0,0.0
2024-10-21 09:50:00-04:00,260.7900085449219,260.9800109863281,260.45001220703125,260.64898681640625,2256,0.0,0.0
2024-10-21 09:55:00-04:00,260.739990234375,260.80999755859375,260.1499938964844,260.25,5338,0.0,0.0
2024-10-21 10:00:00-04:00,260.1642150878906,260.6000061035156,260.1642150878906,260.5799865722656,3818,0.0,0.0
2024-10-21 10:05:00-04:00,260.44000244140625,260.510009765625,260.30999755859375,260.31500244140625,6740,0.0,0.0
2024-10-21 10:10:00-04:00,260.4100036621094,260.4100036621094,260.1300048828125,260.4100036621094,2339,0.0,0.0
2024-10-21 10:15:00-04:00,260.3500061035156,260.3500061035156,260.0950012207031,260.30999755859375,5907,0.0,0.0
2024-10-21 10:20:00-04:00,260.0899963378906,260.2900085449219,260.0849914550781,260.1700134277344,2235,0.0,0.0
2024-10-21 10:25:00-04:00,260.1300048828125,260.2099914550781,259.7200012207031,259.7200012207031,7402,0.0,0.0
2024-10-21 10:30:00-04:00,259.7200012207031,259.7799987792969,259.5299987792969,259.7749938964844,4298,0.0,0.0
2024-10-21 10:35:00-04:00,259.80999755859375,260.1986999511719,259.80999755859375,260.1986999511719,3011,0.0,0.0
2024-10-21 10:40:00-04:00,260.3500061035156,260.3500061035156,260.1499938964844,260.1505126953125,3226,0.0,0.0
2024-10-21 10:45:00-04:00,260.19000244140625,260.19000244140625,259.5299987792969,259.5299987792969,4051,0.0,0.0
2024-10-21 10:50:00-04:00,259.635009765625,259.635009765625,259.20001220703125,259.20001220703125,4421,0.0,0.0
2024-10-21 10:55:00-04:00,259.3500061035156,259.4180908203125,259.239990234375,259.4180908203125,4691,0.0,0.0
2024-10-21 11:00:00-04:00,259.260009765625,259.2799987792969,259.19000244140625,259.2799987792969,2890,0.0,0.0
2024-10-21 11:05:00-04:00,259.1700134277344,259.2449951171875,258.6199951171875,258.6400146484375,6671,0.0,0.0
2024-10-21 11:10:00-04:00,258.6199951171875,258.989990234375,258.427001953125,258.989990234375,6301,0.0,0.0
2024-10-21 11:15:00-04:00,258.8349914550781,258.8900146484375,258.6600036621094,258.7950134277344,2355,0.0,0.0
2024-10-21 11:20:00-04:00,258.7950134277344,258.9768981933594,258.7850036621094,258.82501220703125,1537,0.0,0.0
2024-10-21 11:25:00-04:00,258.6700134277344,258.7925109863281,258.5400085449219,258.5400085449219,4124,0.0,0.0
2024-10-21 11:30:00-04:00,258.510009765625,258.510009765625,258.2900085449219,258.2900085449219,1666,0.0,0.0
2024-10-21 11:35:00-04:00,258.2550048828125,258.510009765625,258.0799865722656,258.510009765625,5123,0.0,0.0
2024-10-21 11:40:00-04:00,258.760009765625,258.82000732421875,258.6300048828125,258.6400146484375,2587,0.0,0.0
2024-10-21 11:45:00-04:00,258.635009765625,258.7300109863281,258.5849914550781,258.6199951171875,1996,0.0,0.0
2024-10-21 11:50:00-04:00,258.5299987792969,258.79998779296875,258.4599914550781,258.7749938964844,2862,0.0,0.0
2024-10-21 11:55:00-04:00,258.8500061035156,258.9800109863281,258.8500061035156,258.8500061035156,653,0.0,0.0
2024-10-21 12:00:00-04:00,258.8500061035156,258.92999267578125,258.6300048828125,258.7300109863281,3575,0.0,0.0
2024-10-21 12:05:00-04:00,258.6400146484375,258.7250061035156,258.6300048828125,258.7250061035156,1705,0.0,0.0
2024-10-21 12:10:00-04:00,258.82000732421875,258.93499755859375,258.739990234375,258.739990234375,4712,0.0,0.0
2024-10-21 12:15:00-04:00,258.84600830078125,258.8699951171875,258.63189697265625,258.8699951171875,1453,0.0,0.0
2024-10-21 12:20:00-04:00,258.7300109863281,258.9599914550781,258.7200012207031,258.9599914550781,3050,0.0,0.0
2024-10-21 12:25:00-04:00,259.0249938964844,259.17999267578125,259.0,259.17999267578125,3036,0.0,0.0
2024-10-21 12:30:00-04:00,259.1050109863281,259.20001220703125,259.1050109863281,259.20001220703125,1116,0.0,0.0
2024-10-21 12:35:00-04:00,259.1650085449219,259.1650085449219,259.1238098144531,259.1238098144531,535,0.0,0.0
2024-10-21 12:40:00-04:00,259.260009765625,259.3052978515625,259.1400146484375,259.3052978515625,1520,0.0,0.0
2024-10-21 12:45:00-04:00,259.2349853515625,259.260009765625,259.1499938964844,259.1499938964844,3668,0.0,0.0
2024-10-21 12:50:00-04:00,259.30999755859375,259.32000732421875,259.1700134277344,259.31768798828125,2698,0.0,0.0
2024-10-21 12:55:00-04:00,259.3299865722656,259.3599853515625,259.2287902832031,259.2287902832031,2386,0.0,0.0
2024-10-21 13:00:00-04:00,259.4700012207031,259.4700012207031,259.4425048828125,259.4599914550781,1358,0.0,0.0
2024-10-21 13:05:00-04:00,259.54998779296875,259.54998779296875,259.54998779296875,259.54998779296875,685,0.0,0.0
2024-10-21 13:10:00-04:00,259.5950012207031,259.6700134277344,259.5824890136719,259.6499938964844,2272,0.0,0.0
2024-10-21 13:15:00-04:00,259.5950012207031,259.5950012207031,259.45001220703125,259.45001220703125,2428,0.0,0.0
2024-10-21 13:20:00-04:00,259.6199951171875,259.760009765625,259.6199951171875,259.6700134277344,1213,0.0,0.0
2024-10-21 13:25:00-04:00,259.6700134277344,259.7200012207031,259.6700134277344,259.7099914550781,2099,0.0,0.0
2024-10-21 13:30:00-04:00,259.5899963378906,259.5899963378906,259.44000244140625,259.44000244140625,3373,0.0,0.0
2024-10-21 13:35:00-04:00,259.4200134277344,259.42999267578125,259.2799987792969,259.2799987792969,2290,0.0,0.0
2024-10-21 13:40:00-04:00,259.2650146484375,259.46990966796875,259.2250061035156,259.46990966796875,2174,0.0,0.0
2024-10-21 13:45:00-04:00,259.3450012207031,259.4690856933594,259.3349914550781,259.364990234375,1885,0.0,0.0
2024-10-21 13:50:00-04:00,259.37640380859375,259.510009765625,259.3599853515625,259.4999084472656,2291,0.0,0.0
2024-10-21 13:55:00-04:00,259.3857116699219,259.3857116699219,259.2099914550781,259.2099914550781,5259,0.0,0.0
2024-10-21 14:00:00-04:00,259.1099853515625,259.1600036621094,259.1000061035156,259.125,1990,0.0,0.0
2024-10-21 14:05:00-04:00,258.9100036621094,259.1300048828125,258.9100036621094,259.114990234375,2938,0.0,0.0
2024-10-21 14:10:00-04:00,259.010009765625,259.0199890136719,258.81561279296875,258.81561279296875,3712,0.0,0.0
2024-10-21 14:15:00-04:00,258.635009765625,258.7900085449219,258.625,258.7900085449219,4864,0.0,0.0
2024-10-21 14:20:00-04:00,258.760009765625,258.8500061035156,258.6600036621094,258.6600036621094,4129,0.0,0.0
2024-10-21 14:25:00-04:00,258.5950012207031,258.7250061035156,258.5950012207031,258.7250061035156,1413,0.0,0.0
2024-10-21 14:30:00-04:00,258.6000061035156,258.6400146484375,258.56500244140625,258.5950012207031,3067,0.0,0.0
2024-10-21 14:35:00-04:00,258.55999755859375,258.57000732421875,258.4599914550781,258.57000732421875,3715,0.0,0.0
2024-10-21 14:40:00-04:00,258.57000732421875,258.57000732421875,258.5199890136719,258.5199890136719,2027,0.0,0.0
2024-10-21 14:45:00-04:00,258.3999938964844,258.45001220703125,258.3999938964844,258.45001220703125,2525,0.0,0.0
2024-10-21 14:50:00-04:00,258.489990234375,258.5299987792969,258.45001220703125,258.4599914550781,3543,0.0,0.0
2024-10-21 14:55:00-04:00,258.489990234375,258.54998779296875,258.3949890136719,258.489990234375,7601,0.0,0.0
2024-10-21 15:00:00-04:00,258.3999938964844,258.4700012207031,258.239990234375,258.239990234375,5440,0.0,0.0
2024-10-21 15:05:00-04:00,258.3500061035156,258.3500061035156,258.3033142089844,258.3399963378906,3592,0.0,0.0
2024-10-21 15:10:00-04:00,258.3500061035156,258.510009765625,258.3500061035156,258.510009765625,8745,0.0,0.0
2024-10-21 15:15:00-04:00,258.5950012207031,258.5950012207031,258.44000244140625,258.5249938964844,4212,0.0,0.0
2024-10-21 15:20:00-04:00,258.5400085449219,258.57000732421875,258.3999938964844,258.4800109863281,5934,0.0,0.0
2024-10-21 15:25:00-04:00,258.5199890136719,258.56500244140625,258.4599914550781,258.4599914550781,5445,0.0,0.0
2024-10-21 15:30:00-04:00,258.3500061035156,258.3500061035156,258.010009765625,258.19000244140625,9442,0.0,0.0
2024-10-21 15:35:00-04:00,258.19000244140625,258.364990234375,258.19000244140625,258.260009765625,8744,0.0,0.0
2024-10-21 15:40:00-04:00,258.2900085449219,258.3900146484375,258.2112121582031,258.2112121582031,13383,0.0,0.0
2024-10-21 15:45:00-04:00,258.2699890136719,258.3999938964844,258.2099914550781,258.31500244140625,8865,0.0,0.0
2024-10-21 15:50:00-04:00,258.25,258.25,257.9200134277344,258.0899963378906,21500,0.0,0.0
2024-10-21 15:55:00-04:00,258.010009765625,258.49200439453125,257.7409973144531,258.45001220703125,87981,0.0,0.0
2024-10-22 09:30:00-04:00,257.9700012207031,259.2900085449219,256.7200012207031,257.135009765625,19307,0.0,0.0
2024-10-22 09:35:00-04:00,257.5,257.55999755859375,256.4599914550781,256.4599914550781,4861,0.0,0.0
2024-10-22 09:40:00-04:00,256.4200134277344,256.6000061035156,255.66000366210938,256.6000061035156,5587,0.0,0.0
2024-10-22 09:45:00-04:00,255.72000122070312,256.6000061035156,255.66000366210938,256.2049865722656,10541,0.0,0.0
2024-10-22 09:50:00-04:00,256.2200012207031,256.3299865722656,255.22999572753906,255.3000030517578,15159,0.0,0.0
2024-10-22 09:55:00-04:00,255.2899932861328,255.63999938964844,255.0399932861328,255.3350067138672,8166,0.0,0.0
2024-10-22 10:00:00-04:00,255.36000061035156,255.5500030517578,255.0,255.27999877929688,8719,0.0,0.0
2024-10-22 10:05:00-04:00,255.2550048828125,255.25999450683594,254.3300018310547,254.5850067138672,5480,0.0,0.0
2024-10-22 10:10:00-04:00,254.60000610351562,255.0449981689453,254.36000061035156,254.4600067138672,8581,0.0,0.0
2024-10-22 10:15:00-04:00,254.68499755859375,255.0,254.47999572753906,254.7949981689453,21142,0.0,0.0
2024-10-22 10:20:00-04:00,254.88999938964844,255.10000610351562,254.75,254.82650756835938,10735,0.0,0.0
2024-10-22 10:25:00-04:00,254.8000030517578,254.9600067138672,254.25,254.41000366210938,7288,0.0,0.0
2024-10-22 10:30:00-04:00,254.47500610351562,254.63999938964844,254.3800048828125,254.61000061035156,5545,0.0,0.0
2024-10-22 10:35:00-04:00,254.5399932861328,255.41000366210938,254.5399932861328,255.1999969482422,2493,0.0,0.0
2024-10-22 10:40:00-04:00,254.97000122070312,255.30499267578125,254.94000244140625,255.1199951171875,4191,0.0,0.0
2024-10-22 10:45:00-04:00,255.34500122070312,255.8000030517578,255.34500122070312,255.67999267578125,4684,0.0,0.0
2024-10-22 10:50:00-04:00,255.76499938964844,255.9199981689453,255.6199951171875,255.72000122070312,1846,0.0,0.0
2024-10-22 10:55:00-04:00,255.9199981689453,256.2900085449219,255.72999572753906,256.1499938964844,10620,0.0,0.0
2024-10-22 11:00:00-04:00,256.07501220703125,256.3550109863281,256.0,256.1700134277344,16067,0.0,0.0
2024-10-22 11:05:00-04:00,256.1700134277344,256.19000244140625,255.99000549316406,256.0350036621094,11797,0.0,0.0
2024-10-22 11:10:00-04:00,256.0350036621094,256.3500061035156,256.0350036621094,256.1499938964844,2878,0.0,0.0
2024-10-22 11:15:00-04:00,256.1499938964844,256.5950012207031,256.1449890136719,256.5899963378906,5843,0.0,0.0
2024-10-22 11:20:00-04:00,256.5950012207031,256.5950012207031,256.30999755859375,256.3299865722656,11476,0.0,0.0
2024-10-22 11:25:00-04:00,256.4100036621094,256.8299865722656,256.3949890136719,256.7099914550781,5560,0.0,0.0
2024-10-22 11:30:00-04:00,256.8999938964844,256.9599914550781,256.6499938964844,256.7449951171875,2171,0.0,0.0
2024-10-22 11:35:00-04:00,256.9200134277344,257.0199890136719,256.79998779296875,256.8915100097656,2367,0.0,0.0
2024-10-22 11:40:00-04:00,256.8399963378906,256.9599914550781,256.4100036621094,256.4649963378906,11737,0.0,0.0
2024-10-22 11:45:00-04:00,256.42999267578125,256.54998779296875,256.260009765625,256.260009765625,3012,0.0,0.0
2024-10-22 11:50:00-04:00,256.30499267578125,256.4800109863281,256.29998779296875,256.3900146484375,2110,0.0,0.0
2024-10-22 11:55:00-04:00,256.510009765625,256.510009765625,256.30999755859375,256.3949890136719,2190,0.0,0.0
2024-10-22 12:00:00-04:00,256.3949890136719,256.69000244140625,256.3924865722656,256.69000244140625,7136,0.0,0.0
2024-10-22 12:05:00-04:00,256.7200012207031,256.739990234375,256.489990234375,256.5350036621094,18249,0.0,0.0
2024-10-22 12:10:00-04:00,256.6099853515625,256.94000244140625,256.6099853515625,256.8500061035156,5280,0.0,0.0
2024-10-22 12:15:00-04:00,256.9200134277344,257.1700134277344,256.8299865722656,257.0899963378906,8541,0.0,0.0
2024-10-22 12:20:00-04:00,257.1700134277344,257.1700134277344,256.9200134277344,256.92498779296875,8172,0.0,0.0
2024-10-22 12:25:00-04:00,256.8500061035156,257.010009765625,256.8500061035156,256.8999938964844,3419,0.0,0.0
2024-10-22 12:30:00-04:00,257.010009765625,257.0400085449219,256.8999938964844,256.9949951171875,7235,0.0,0.0
2024-10-22 12:35:00-04:00,257.07000732421875,257.07000732421875,256.7300109863281,256.8999938964844,13911,0.0,0.0
2024-10-22 12:40:00-04:00,256.8599853515625,256.9700012207031,256.8399963378906,256.8999938964844,3265,0.0,0.0
2024-10-22 12:45:00-04:00,256.8999938964844,256.9200134277344,256.8299865722656,256.8900146484375,10455,0.0,0.0
2024-10-22 12:50:00-04:00,256.95001220703125,257.1300048828125,256.8900146484375,257.0799865722656,4627,0.0,0.0
2024-10-22 12:55:00-04:00,257.07501220703125,257.1000061035156,256.8399963378906,256.8800048828125,4568,0.0,0.0
2024-10-22 13:00:00-04:00,256.9599914550781,257.05999755859375,256.8800048828125,256.9800109863281,2354,0.0,0.0
2024-10-22 13:05:00-04:00,256.989990234375,257.0299987792969,256.8500061035156,256.8500061035156,5617,0.0,0.0
2024-10-22 13:10:00-04:00,256.92999267578125,256.9599914550781,256.885009765625,256.9599914550781,2165,0.0,0.0
2024-10-22 13:15:00-04:00,256.8800048828125,256.9599914550781,256.8699951171875,256.8900146484375,4580,0.0,0.0
2024-10-22 13:20:00-04:00,256.9200134277344,256.92999267578125,256.8299865722656,256.8800048828125,3081,0.0,0.0
2024-10-22 13:25:00-04:00,256.92999267578125,257.2749938964844,256.92999267578125,257.0199890136719,5277,0.0,0.0
2024-10-22 13:30:00-04:00,257.010009765625,257.0950012207031,256.9100036621094,256.9674987792969,1938,0.0,0.0
2024-10-22 13:35:00-04:00,257.0799865722656,257.1549987792969,257.010009765625,257.1549987792969,3545,0.0,0.0
2024-10-22 13:40:00-04:00,257.260009765625,257.4700012207031,257.260009765625,257.4700012207031,2618,0.0,0.0
2024-10-22 13:45:00-04:00,257.54998779296875,257.7699890136719,257.4700012207031,257.57000732421875,5291,0.0,0.0
2024-10-22 13:50:00-04:00,257.6600036621094,257.6600036621094,257.4700012207031,257.4700012207031,2886,0.0,0.0
2024-10-22 13:55:00-04:00,257.49310302734375,257.5799865722656,257.4100036621094,257.5799865722656,2003,0.0,0.0
2024-10-22 14:00:00-04:00,257.3999938964844,257.7200012207031,257.3999938964844,257.6300048828125,6024,0.0,0.0
2024-10-22 14:05:00-04:00,257.55999755859375,257.57000732421875,257.44000244140625,257.5199890136719,8091,0.0,0.0
2024-10-22 14:10:00-04:00,257.64849853515625,257.64849853515625,257.55999755859375,257.5924987792969,3873,0.0,0.0
2024-10-22 14:15:00-04:00,257.54998779296875,257.70001220703125,257.5295104980469,257.70001220703125,3080,0.0,0.0
2024-10-22 14:20:00-04:00,257.6300048828125,257.6300048828125,257.3800048828125,257.4200134277344,4066,0.0,0.0
2024-10-22 14:25:00-04:00,257.3999938964844,257.44000244140625,257.0899963378906,257.1650085449219,3879,0.0,0.0
2024-10-22 14:30:00-04:00,257.1700134277344,257.32000732421875,257.1700134277344,257.260009765625,4326,0.0,0.0
2024-10-22 14:35:00-04:00,257.2041931152344,257.239990234375,257.0899963378906,257.0899963378906,1783,0.0,0.0
2024-10-22 14:40:00-04:00,257.1199951171875,257.1199951171875,256.8900146484375,256.8900146484375,2507,0.0,0.0
2024-10-22 14:45:00-04:00,256.8900146484375,257.1099853515625,256.8900146484375,257.04998779296875,6204,0.0,0.0
2024-10-22 14:50:00-04:00,257.1600036621094,257.1600036621094,257.0400085449219,257.04998779296875,1788,0.0,0.0
2024-10-22 14:55:00-04:00,257.1600036621094,257.2200012207031,257.0199890136719,257.07501220703125,8530,0.0,0.0
2024-10-22 15:00:00-04:00,257.010009765625,257.2200012207031,257.010009765625,257.1549987792969,10001,0.0,0.0
2024-10-22 15:05:00-04:00,257.2200012207031,257.2349853515625,257.1400146484375,257.19000244140625,5550,0.0,0.0
2024-10-22 15:10:00-04:00,257.17999267578125,257.29998779296875,257.1600036621094,257.260009765625,4978,0.0,0.0
2024-10-22 15:15:00-04:00,257.260009765625,257.5799865722656,257.25,257.5799865722656,16131,0.0,0.0
2024-10-22 15:20:00-04:00,257.614990234375,257.6726989746094,257.32000732421875,257.3550109863281,12611,0.0,0.0
2024-10-22 15:25:00-04:00,257.3500061035156,257.3999938964844,257.30999755859375,257.3550109863281,11651,0.0,0.0
2024-10-22 15:30:00-04:00,257.3800048828125,257.4100036621094,257.2900085449219,257.39300537109375,15390,0.0,0.0
2024-10-22 15:35:00-04:00,257.3699951171875,257.5299987792969,257.3599853515625,257.4549865722656,9158,0.0,0.0
2024-10-22 15:40:00-04:00,257.4200134277344,257.4490051269531,257.30999755859375,257.32000732421875,15512,0.0,0.0
2024-10-22 15:45:00-04:00,257.32000732421875,257.5299987792969,257.2799987792969,257.4649963378906,11711,0.0,0.0
2024-10-22 15:50:00-04:00,257.3999938964844,257.4649963378906,256.92999267578125,256.9800109863281,40159,0.0,0.0
2024-10-22 15:55:00-04:00,257.010009765625,257.0799865722656,256.82000732421875,256.9200134277344,107415,0.0,0.0
2024-10-23 09:30:00-04:00,256.4599914550781,257.989990234375,256.0299987792969,257.7149963378906,13241,0.0,0.0
2024-10-23 09:35:00-04:00,257.3500061035156,257.5849914550781,257.0,257.0,1249,0.0,0.0
2024-10-23 09:40:00-04:00,257.0899963378906,257.71148681640625,256.9700012207031,257.3550109863281,3023,0.0,0.0
2024-10-23 09:45:00-04:00,257.1300048828125,257.739990234375,256.9200134277344,257.7349853515625,3470,0.0,0.0
2024-10-23 09:50:00-04:00,257.6400146484375,257.6400146484375,256.7799987792969,256.7799987792969,4061,0.0,0.0
2024-10-23 09:55:00-04:00,257.0950012207031,257.44000244140625,256.7300109863281,257.0,15904,0.0,0.0
2024-10-23 10:00:00-04:00,257.0899963378906,257.8500061035156,256.82000732421875,257.4800109863281,15414,0.0,0.0
2024-10-23 10:05:00-04:00,257.42999267578125,257.69000244140625,257.4100036621094,257.6300048828125,4694,0.0,0.0
2024-10-23 10:10:00-04:00,257.55999755859375,257.57000732421875,256.989990234375,256.989990234375,4204,0.0,0.0
2024-10-23 10:15:00-04:00,257.0849914550781,257.0849914550781,256.739990234375,256.989990234375,6159,0.0,0.0
2024-10-23 10:20:00-04:00,256.8599853515625,257.0,256.6400146484375,256.864990234375,8277,0.0,0.0
2024-10-23 10:25:00-04:00,256.7300109863281,257.1700134277344,256.7300109863281,257.1700134277344,2751,0.0,0.0
2024-10-23 10:30:00-04:00,257.07000732421875,257.07000732421875,256.92999267578125,257.0050048828125,3009,0.0,0.0
2024-10-23 10:35:00-04:00,257.0199890136719,257.0199890136719,256.9599914550781,257.0,2398,0.0,0.0
2024-10-23 10:40:00-04:00,257.18499755859375,257.18499755859375,256.7200012207031,256.92999267578125,6991,0.0,0.0
2024-10-23 10:45:00-04:00,256.9200134277344,256.9200134277344,256.5249938964844,256.5249938964844,2891,0.0,0.0
2024-10-23 10:50:00-04:00,256.510009765625,257.2300109863281,256.32000732421875,257.04998779296875,29612,0.0,0.0
2024-10-23 10:55:00-04:00,257.1499938964844,257.25,257.04998779296875,257.25,2847,0.0,0.0
2024-10-23 11:00:00-04:00,257.260009765625,257.260009765625,256.5799865722656,256.7099914550781,7943,0.0,0.0
2024-10-23 11:05:00-04:00,256.7699890136719,256.7799987792969,256.4800109863281,256.4800109863281,3237,0.0,0.0
2024-10-23 11:10:00-04:00,256.4750061035156,256.57000732421875,256.1099853515625,256.2749938964844,8288,0.0,0.0
2024-10-23 11:15:00-04:00,256.4599914550781,256.7099914550781,256.3550109863281,256.7099914550781,7583,0.0,0.0
2024-10-23 11:20:00-04:00,256.64520263671875,257.05999755859375,256.5050048828125,256.99749755859375,4305,0.0,0.0
2024-10-23 11:25:00-04:00,256.9949951171875,257.05999755859375,256.9200134277344,256.989990234375,1901,0.0,0.0
2024-10-23 11:30:00-04:00,256.94000244140625,256.9750061035156,256.610107421875,256.610107421875,5297,0.0,0.0
2024-10-23 11:35:00-04:00,257.0,257.3699951171875,257.0,257.19500732421875,2807,0.0,0.0
2024-10-23 11:40:00-04:00,257.30999755859375,257.4200134277344,257.239990234375,257.3475036621094,2414,0.0,0.0
2024-10-23 11:45:00-04:00,257.3399963378906,257.4100036621094,257.1300048828125,257.1300048828125,2939,0.0,0.0
2024-10-23 11:50:00-04:00,257.247802734375,257.614013671875,257.247802734375,257.614013671875,3282,0.0,0.0
2024-10-23 11:55:00-04:00,257.5400085449219,257.5899963378906,257.489990234375,257.5199890136719,2467,0.0,0.0
2024-10-23 12:00:00-04:00,257.6099853515625,257.7300109863281,257.2200012207031,257.2431945800781,6123,0.0,0.0
2024-10-23 12:05:00-04:00,257.31500244140625,257.42999267578125,257.0450134277344,257.1000061035156,3639,0.0,0.0
2024-10-23 12:10:00-04:00,257.2449951171875,257.2449951171875,257.010009765625,257.05499267578125,1970,0.0,0.0
2024-10-23 12:15:00-04:00,257.0574951171875,257.1050109863281,256.95001220703125,257.0199890136719,5906,0.0,0.0
2024-10-23 12:20:00-04:00,257.0199890136719,257.1099853515625,256.9599914550781,257.07000732421875,2944,0.0,0.0
2024-10-23 12:25:00-04:00,257.1000061035156,257.1099853515625,256.9700012207031,256.9700012207031,3455,0.0,0.0
2024-10-23 12:30:00-04:00,256.9599914550781,256.9599914550781,256.5700988769531,256.82000732421875,10999,0.0,0.0
2024-10-23 12:35:00-04:00,256.79998779296875,257.0400085449219,256.635009765625,256.8949890136719,9446,0.0,0.0
2024-10-23 12:40:00-04:00,256.7799987792969,257.07000732421875,256.7799987792969,256.8550109863281,1206,0.0,0.0
2024-10-23 12:45:00-04:00,256.8550109863281,257.7300109863281,256.8550109863281,257.5,16676,0.0,0.0
2024-10-23 12:50:00-04:00,257.5050048828125,257.7099914550781,257.32000732421875,257.32000732421875,8239,0.0,0.0
2024-10-23 13:00:00-04:00,257.17999267578125,257.2049865722656,256.9599914550781,256.9599914550781,8812,0.0,0.0
2024-10-23 13:05:00-04:00,256.9599914550781,256.9700012207031,256.7799987792969,256.9700012207031,1653,0.0,0.0
2024-10-23 13:10:00-04:00,256.9200134277344,256.9200134277344,256.8500061035156,256.885009765625,1697,0.0,0.0
2024-10-23 13:15:00-04:00,256.9800109863281,256.989990234375,256.7799987792969,256.7799987792969,3781,0.0,0.0
2024-10-23 13:20:00-04:00,256.82000732421875,256.82000732421875,256.5899963378906,256.5899963378906,6101,0.0,0.0
2024-10-23 13:25:00-04:00,256.5448913574219,256.67999267578125,256.489990234375,256.6400146484375,2577,0.0,0.0
2024-10-23 13:30:00-04:00,256.5299987792969,256.57501220703125,256.44000244140625,256.44000244140625,3904,0.0,0.0
2024-10-23 13:35:00-04:00,256.54998779296875,256.54998779296875,256.42999267578125,256.489990234375,3701,0.0,0.0
2024-10-23 13:40:00-04:00,256.510009765625,256.7300109863281,256.510009765625,256.6050109863281,6708,0.0,0.0
2024-10-23 13:45:00-04:00,256.5400085449219,256.67999267578125,256.5400085449219,256.6000061035156,3197,0.0,0.0
2024-10-23 13:50:00-04:00,256.6199951171875,256.79998779296875,256.6199951171875,256.7200012207031,3310,0.0,0.0
2024-10-23 13:55:00-04:00,256.7200012207031,256.7799987792969,256.67498779296875,256.70001220703125,3917,0.0,0.0
2024-10-23 14:00:00-04:00,256.6000061035156,256.625,256.489990234375,256.489990234375,3114,0.0,0.0
2024-10-23 14:05:00-04:00,256.29998779296875,256.29998779296875,255.9250030517578,255.9375,5554,0.0,0.0
2024-10-23 14:10:00-04:00,255.97000122070312,255.97000122070312,255.60000610351562,255.60000610351562,2475,0.0,0.0
2024-10-23 14:15:00-04:00,255.6750030517578,255.6750030517578,255.5500030517578,255.63999938964844,6813,0.0,0.0
2024-10-23 14:20:00-04:00,255.69000244140625,255.8000030517578,255.64999389648438,255.8000030517578,4185,0.0,0.0
2024-10-23 14:25:00-04:00,255.78500366210938,255.99000549316406,255.78500366210938,255.99000549316406,2841,0.0,0.0
2024-10-23 14:30:00-04:00,255.90499877929688,256.14630126953125,255.90499877929688,256.14569091796875,3557,0.0,0.0
2024-10-23 14:35:00-04:00,256.32000732421875,256.5299987792969,256.260009765625,256.3999938964844,2412,0.0,0.0
2024-10-23 14:40:00-04:00,256.29998779296875,256.29998779296875,256.17999267578125,256.17999267578125,3793,0.0,0.0
2024-10-23 14:45:00-04:00,256.1650085449219,256.2699890136719,256.1400146484375,256.239990234375,6177,0.0,0.0
2024-10-23 14:50:00-04:00,256.239990234375,256.2799987792969,256.010009765625,256.1700134277344,9040,0.0,0.0
2024-10-23 14:55:00-04:00,256.0899963378906,256.489990234375,256.0899963378906,256.4049987792969,5199,0.0,0.0
2024-10-23 15:00:00-04:00,256.29998779296875,256.5199890136719,256.2300109863281,256.5199890136719,12439,0.0,0.0
2024-10-23 15:05:00-04:00,256.44000244140625,256.4700012207031,256.32000732421875,256.4700012207031,4428,0.0,0.0
2024-10-23 15:10:00-04:00,256.5299987792969,256.67999267578125,256.5199890136719,256.55999755859375,5444,0.0,0.0
2024-10-23 15:15:00-04:00,256.6199951171875,256.69000244140625,256.5101013183594,256.6499938964844,4566,0.0,0.0
2024-10-23 15:20:00-04:00,256.69000244140625,256.7699890136719,256.5,256.5,4730,0.0,0.0
2024-10-23 15:25:00-04:00,256.4949951171875,256.7690124511719,256.489990234375,256.7200012207031,5868,0.0,0.0
2024-10-23 15:30:00-04:00,256.69000244140625,256.8500061035156,256.5899963378906,256.6695861816406,11472,0.0,0.0
2024-10-23 15:35:00-04:00,256.6000061035156,256.6000061035156,256.45001220703125,256.510009765625,5911,0.0,0.0
2024-10-23 15:40:00-04:00,256.4949951171875,256.7099914550781,256.4549865722656,256.6199951171875,9933,0.0,0.0
2024-10-23 15:45:00-04:00,256.6499938964844,256.69000244140625,256.48040771484375,256.5400085449219,8542,0.0,0.0
2024-10-23 15:50:00-04:00,256.45001220703125,256.67999267578125,256.30999755859375,256.625,17544,0.0,0.0
2024-10-23 15:55:00-04:00,256.67999267578125,256.67999267578125,255.99000549316406,256.2799987792969,91184,0.0,0.0
2024-10-24 09:30:00-04:00,256.1499938964844,256.1499938964844,255.00999450683594,255.00999450683594,13093,0.0,0.0
2024-10-24 09:35:00-04:00,255.13499450683594,255.7100067138672,255.13250732421875,255.42999267578125,7299,0.0,0.0
2024-10-24 09:40:00-04:00,255.42999267578125,255.80499267578125,255.17999267578125,255.17999267578125,6467,0.0,0.0
2024-10-24 09:45:00-04:00,255.17999267578125,255.57000732421875,254.05999755859375,255.52499389648438,6923,0.0,0.0
2024-10-24 09:50:00-04:00,255.52499389648438,255.75,255.24000549316406,255.75,5431,0.0,0.0
2024-10-24 09:55:00-04:00,255.77999877929688,256.05999755859375,255.67999267578125,255.89999389648438,4896,0.0,0.0
2024-10-24 10:00:00-04:00,255.7949981689453,256.1700134277344,255.6699981689453,256.0658874511719,13416,0.0,0.0
2024-10-24 10:05:00-04:00,256.0,256.0299987792969,255.57000732421875,255.93499755859375,5443,0.0,0.0
2024-10-24 10:10:00-04:00,255.9375,255.9375,255.1699981689453,255.1699981689453,5300,0.0,0.0
2024-10-24 10:15:00-04:00,255.0800018310547,255.42999267578125,254.60000610351562,254.88999938964844,4541,0.0,0.0
2024-10-24 10:20:00-04:00,255.2100067138672,255.80999755859375,255.2100067138672,255.74000549316406,4217,0.0,0.0
2024-10-24 10:25:00-04:00,255.63499450683594,255.97000122070312,255.63499450683594,255.97000122070312,2520,0.0,0.0
2024-10-24 10:30:00-04:00,256.25,256.45001220703125,256.20001220703125,256.45001220703125,3279,0.0,0.0
2024-10-24 10:35:00-04:00,256.25,256.29998779296875,256.0,256.0,3121,0.0,0.0
2024-10-24 10:40:00-04:00,255.8800048828125,256.1400146484375,255.8699951171875,255.90499877929688,1498,0.0,0.0
2024-10-24 10:45:00-04:00,255.72000122070312,255.7899932861328,255.38499450683594,255.59500122070312,3921,0.0,0.0
2024-10-24 10:50:00-04:00,255.58999633789062,256.2799987792969,255.3907012939453,256.0,7499,0.0,0.0
2024-10-24 10:55:00-04:00,256.04998779296875,256.260009765625,256.0,256.25,4672,0.0,0.0
2024-10-24 11:00:00-04:00,256.2799987792969,256.2799987792969,255.89500427246094,256.0899963378906,4830,0.0,0.0
2024-10-24 11:05:00-04:00,255.9949951171875,256.17999267578125,255.9949951171875,256.17999267578125,3459,0.0,0.0
2024-10-24 11:10:00-04:00,256.2699890136719,256.2900085449219,256.2099914550781,256.2099914550781,1413,0.0,0.0
2024-10-24 11:15:00-04:00,256.2900085449219,256.2900085449219,256.04998779296875,256.04998779296875,4969,0.0,0.0
2024-10-24 11:20:00-04:00,256.0,256.1000061035156,255.82000732421875,255.8574981689453,10738,0.0,0.0
2024-10-24 11:25:00-04:00,255.82749938964844,255.89999389648438,255.6300048828125,255.7899932861328,2274,0.0,0.0
2024-10-24 11:30:00-04:00,255.69000244140625,255.69000244140625,255.2100067138672,255.3800048828125,10153,0.0,0.0
2024-10-24 11:35:00-04:00,255.27999877929688,255.42999267578125,255.25999450683594,255.34500122070312,4349,0.0,0.0
2024-10-24 11:40:00-04:00,255.17999267578125,255.52999877929688,255.17999267578125,255.3300018310547,3083,0.0,0.0
2024-10-24 11:45:00-04:00,255.5399932861328,255.5399932861328,255.08999633789062,255.10000610351562,3482,0.0,0.0
2024-10-24 11:50:00-04:00,255.02000427246094,255.22999572753906,254.72999572753906,254.9499969482422,11644,0.0,0.0
2024-10-24 11:55:00-04:00,254.99000549316406,255.48849487304688,254.99000549316406,255.27999877929688,4747,0.0,0.0
2024-10-24 12:00:00-04:00,255.3300018310547,255.3820037841797,255.2449951171875,255.28500366210938,4978,0.0,0.0
2024-10-24 12:05:00-04:00,255.2899932861328,255.49000549316406,255.26060485839844,255.3074951171875,5161,0.0,0.0
2024-10-24 12:10:00-04:00,255.25,255.3699951171875,254.92999267578125,255.1300048828125,5293,0.0,0.0
2024-10-24 12:15:00-04:00,255.14500427246094,255.27000427246094,255.13819885253906,255.2449951171875,2866,0.0,0.0
2024-10-24 12:20:00-04:00,255.24000549316406,255.35000610351562,255.24000549316406,255.3300018310547,2348,0.0,0.0
2024-10-24 12:25:00-04:00,255.38999938964844,255.64500427246094,255.33999633789062,255.64500427246094,3546,0.0,0.0
2024-10-24 12:30:00-04:00,255.64500427246094,256.0400085449219,255.64500427246094,255.99000549316406,4183,0.0,0.0
2024-10-24 12:35:00-04:00,256.135009765625,256.1650085449219,255.89010620117188,256.0199890136719,2112,0.0,0.0
2024-10-24 12:40:00-04:00,255.88999938964844,255.88999938964844,255.77000427246094,255.85000610351562,2310,0.0,0.0
2024-10-24 12:45:00-04:00,255.7899932861328,256.010009765625,255.7899932861328,255.91000366210938,2514,0.0,0.0
2024-10-24 12:50:00-04:00,255.89999389648438,256.1700134277344,255.89999389648438,256.1700134277344,3459,0.0,0.0
2024-10-24 12:55:00-04:00,256.1099853515625,256.1099853515625,256.0299987792969,256.0299987792969,2542,0.0,0.0
2024-10-24 13:00:00-04:00,256.1400146484375,256.20001220703125,256.0849914550781,256.19000244140625,2742,0.0,0.0
2024-10-24 13:05:00-04:00,256.2300109863281,256.5400085449219,256.2300109863281,256.4200134277344,5192,0.0,0.0
2024-10-24 13:10:00-04:00,256.3399963378906,256.42498779296875,256.2401123046875,256.3106994628906,3963,0.0,0.0
2024-10-24 13:15:00-04:00,256.30999755859375,256.510009765625,256.239990234375,256.510009765625,7817,0.0,0.0
2024-10-24 13:20:00-04:00,256.510009765625,256.7699890136719,256.5,256.625,5747,0.0,0.0
2024-10-24 13:25:00-04:00,256.6300048828125,256.8599853515625,256.6300048828125,256.8599853515625,2035,0.0,0.0
2024-10-24 13:30:00-04:00,256.8699951171875,256.8900146484375,256.7449951171875,256.8699951171875,2245,0.0,0.0
2024-10-24 13:35:00-04:00,256.6099853515625,257.05999755859375,256.6099853515625,256.94000244140625,5715,0.0,0.0
2024-10-24 13:40:00-04:00,256.9800109863281,257.159912109375,256.8960876464844,257.159912109375,3785,0.0,0.0
2024-10-24 13:45:00-04:00,257.1199951171875,257.1199951171875,256.8500061035156,256.8500061035156,4557,0.0,0.0
2024-10-24 13:50:00-04:00,256.92999267578125,256.9599914550781,256.70001220703125,256.7049865722656,5248,0.0,0.0
2024-10-24 13:55:00-04:00,256.69000244140625,256.760009765625,256.5400085449219,256.55499267578125,8975,0.0,0.0
2024-10-24 14:00:00-04:00,256.3599853515625,256.5199890136719,256.2950134277344,256.3125,4577,0.0,0.0
2024-10-24 14:05:00-04:00,256.3599853515625,256.42999267578125,255.97999572753906,256.1000061035156,6304,0.0,0.0
2024-10-24 14:10:00-04:00,256.0899963378906,256.2550048828125,256.0899963378906,256.2550048828125,2100,0.0,0.0
2024-10-24 14:15:00-04:00,256.2650146484375,256.5150146484375,256.2650146484375,256.385009765625,4138,0.0,0.0
2024-10-24 14:20:00-04:00,256.3800048828125,256.3800048828125,256.1099853515625,256.1099853515625,3744,0.0,0.0
2024-10-24 14:25:00-04:00,256.17498779296875,256.17498779296875,255.92599487304688,256.010009765625,7895,0.0,0.0
2024-10-24 14:30:00-04:00,256.010009765625,256.010009765625,255.88470458984375,255.93499755859375,3796,0.0,0.0
2024-10-24 14:35:00-04:00,255.92999267578125,256.05499267578125,255.7100067138672,255.7100067138672,6026,0.0,0.0
2024-10-24 14:40:00-04:00,255.58999633789062,255.6667938232422,255.4600067138672,255.6667938232422,3152,0.0,0.0
2024-10-24 14:45:00-04:00,255.47000122070312,255.61000061035156,255.3800048828125,255.3800048828125,2881,0.0,0.0
2024-10-24 14:50:00-04:00,255.43499755859375,255.57000732421875,255.43499755859375,255.47999572753906,3605,0.0,0.0
2024-10-24 14:55:00-04:00,255.3800048828125,255.63499450683594,255.3800048828125,255.63499450683594,3706,0.0,0.0
2024-10-24 15:00:00-04:00,255.63499450683594,255.69000244140625,255.47000122070312,255.67999267578125,4859,0.0,0.0
2024-10-24 15:05:00-04:00,255.5800018310547,255.66000366210938,255.39010620117188,255.66000366210938,6501,0.0,0.0
2024-10-24 15:10:00-04:00,255.6699981689453,255.94500732421875,255.6699981689453,255.7050018310547,7169,0.0,0.0
2024-10-24 15:15:00-04:00,255.64999389648438,255.9600067138672,255.64999389648438,255.9600067138672,3571,0.0,0.0
2024-10-24 15:20:00-04:00,255.88999938964844,255.88999938964844,255.66000366210938,255.66000366210938,3526,0.0,0.0
2024-10-24 15:25:00-04:00,255.84500122070312,255.95799255371094,255.8000030517578,255.8000030517578,4603,0.0,0.0
2024-10-24 15:30:00-04:00,255.82000732421875,256.0299987792969,255.6999969482422,255.97500610351562,7425,0.0,0.0
2024-10-24 15:35:00-04:00,255.99000549316406,256.0299987792969,255.6699981689453,255.8699951171875,6123,0.0,0.0
2024-10-24 15:40:00-04:00,255.8101043701172,255.9550018310547,255.77000427246094,255.82000732421875,11356,0.0,0.0
2024-10-24 15:45:00-04:00,255.82000732421875,256.0199890136719,255.77000427246094,255.86500549316406,12007,0.0,0.0
2024-10-24 15:50:00-04:00,255.80999755859375,255.9600067138672,255.6999969482422,255.74000549316406,21009,0.0,0.0
2024-10-24 15:55:00-04:00,255.74000549316406,255.8300018310547,255.4600067138672,255.51499938964844,75414,0.0,0.0
2024-10-25 09:30:00-04:00,257.1400146484375,257.1400146484375,256.4549865722656,256.8399963378906,12553,0.0,0.0
2024-10-25 09:35:00-04:00,256.69000244140625,256.69000244140625,256.69000244140625,256.69000244140625,729,0.0,0.0
2024-10-25 09:40:00-04:00,256.8349914550781,257.1600036621094,256.8349914550781,257.1600036621094,804,0.0,0.0
2024-10-25 09:45:00-04:00,257.0899963378906,257.1600036621094,256.4700012207031,256.4700012207031,6491,0.0,0.0
2024-10-25 09:50:00-04:00,256.3299865722656,256.375,256.30499267578125,256.30999755859375,1383,0.0,0.0
2024-10-25 09:55:00-04:00,256.32000732421875,256.32000732421875,255.9499969482422,256.07000732421875,4779,0.0,0.0
2024-10-25 10:00:00-04:00,256.20001220703125,256.6099853515625,256.1199951171875,256.5899963378906,6350,0.0,0.0
2024-10-25 10:05:00-04:00,256.510009765625,256.92999267578125,256.510009765625,256.7349853515625,5534,0.0,0.0
2024-10-25 10:10:00-04:00,256.739990234375,256.9599914550781,256.739990234375,256.94000244140625,4389,0.0,0.0
2024-10-25 10:15:00-04:00,256.8399963378906,257.05999755859375,256.79998779296875,256.8599853515625,8506,0.0,0.0
2024-10-25 10:20:00-04:00,256.75,256.80499267578125,256.5400085449219,256.80499267578125,3802,0.0,0.0
2024-10-25 10:25:00-04:00,256.6300048828125,257.0199890136719,256.6300048828125,256.9100036621094,3469,0.0,0.0
2024-10-25 10:30:00-04:00,256.875,257.04998779296875,256.5,256.6700134277344,5489,0.0,0.0
2024-10-25 10:35:00-04:00,256.65869140625,256.69000244140625,256.2200012207031,256.3699951171875,2381,0.0,0.0
2024-10-25 10:40:00-04:00,256.55999755859375,256.6600036621094,256.385009765625,256.5899963378906,3868,0.0,0.0
2024-10-25 10:45:00-04:00,256.43499755859375,256.70001220703125,256.375,256.5199890136719,7675,0.0,0.0
2024-10-25 10:50:00-04:00,256.69000244140625,256.69000244140625,256.4599914550781,256.4599914550781,1836,0.0,0.0
2024-10-25 10:55:00-04:00,256.57000732421875,256.57000732421875,256.3299865722656,256.3299865722656,4396,0.0,0.0
2024-10-25 11:00:00-04:00,256.20001220703125,256.70001220703125,256.19000244140625,256.6600036621094,7516,0.0,0.0
2024-10-25 11:05:00-04:00,256.6700134277344,256.6700134277344,256.4049987792969,256.4049987792969,2186,0.0,0.0
2024-10-25 11:10:00-04:00,256.385009765625,256.385009765625,256.17999267578125,256.17999267578125,3912,0.0,0.0
2024-10-25 11:15:00-04:00,255.93499755859375,255.93499755859375,255.93499755859375,255.93499755859375,691,0.0,0.0
2024-10-25 11:20:00-04:00,255.5225067138672,255.5225067138672,255.5225067138672,255.5225067138672,2127,0.0,0.0
2024-10-25 11:25:00-04:00,255.75999450683594,255.8300018310547,255.5,255.72000122070312,4658,0.0,0.0
2024-10-25 11:30:00-04:00,255.72999572753906,255.72999572753906,255.45408630371094,255.61500549316406,2106,0.0,0.0
2024-10-25 11:35:00-04:00,255.60499572753906,255.60499572753906,255.34500122070312,255.50999450683594,4337,0.0,0.0
2024-10-25 11:40:00-04:00,255.43499755859375,255.64999389648438,255.43499755859375,255.64999389648438,1205,0.0,0.0
2024-10-25 11:45:00-04:00,255.85000610351562,255.97999572753906,255.78500366210938,255.9499969482422,2159,0.0,0.0
2024-10-25 11:50:00-04:00,256.010009765625,256.010009765625,255.82000732421875,255.9199981689453,3363,0.0,0.0
2024-10-25 11:55:00-04:00,255.82000732421875,255.82000732421875,255.77000427246094,255.78500366210938,1504,0.0,0.0
2024-10-25 12:00:00-04:00,255.9398956298828,255.9398956298828,255.5800018310547,255.68072509765625,3163,0.0,0.0
2024-10-25 12:05:00-04:00,255.5800018310547,255.62989807128906,255.50999450683594,255.5850067138672,3646,0.0,0.0
2024-10-25 12:10:00-04:00,255.74000549316406,255.75999450683594,255.58999633789062,255.75999450683594,1489,0.0,0.0
2024-10-25 12:15:00-04:00,255.72000122070312,255.72000122070312,255.42999267578125,255.56500244140625,2292,0.0,0.0
2024-10-25 12:20:00-04:00,255.47999572753906,255.7100067138672,255.42999267578125,255.58999633789062,2469,0.0,0.0
2024-10-25 12:25:00-04:00,255.6300048828125,255.75,255.6300048828125,255.72999572753906,3896,0.0,0.0
2024-10-25 12:30:00-04:00,255.83250427246094,255.83250427246094,255.6074981689453,255.6199951171875,2703,0.0,0.0
2024-10-25 12:35:00-04:00,255.6699981689453,255.77999877929688,255.66879272460938,255.74070739746094,1373,0.0,0.0
2024-10-25 12:40:00-04:00,255.64500427246094,255.82000732421875,255.64500427246094,255.7949981689453,1718,0.0,0.0
2024-10-25 12:45:00-04:00,255.77749633789062,255.77749633789062,255.60000610351562,255.72000122070312,6603,0.0,0.0
2024-10-25 12:50:00-04:00,255.55999755859375,255.55999755859375,255.39999389648438,255.41000366210938,2099,0.0,0.0
2024-10-25 12:55:00-04:00,255.3300018310547,255.4250030517578,255.3000030517578,255.3000030517578,3498,0.0,0.0
2024-10-25 13:00:00-04:00,255.30999755859375,255.39500427246094,255.27999877929688,255.39500427246094,2229,0.0,0.0
2024-10-25 13:05:00-04:00,255.39500427246094,255.39500427246094,255.27999877929688,255.27999877929688,704,0.0,0.0
2024-10-25 13:10:00-04:00,255.25999450683594,255.27000427246094,255.0449981689453,255.0449981689453,3542,0.0,0.0
2024-10-25 13:15:00-04:00,254.9199981689453,254.9199981689453,254.89999389648438,254.9199981689453,2616,0.0,0.0
2024-10-25 13:20:00-04:00,254.74000549316406,255.0,254.7100067138672,254.89999389648438,3524,0.0,0.0
2024-10-25 13:25:00-04:00,255.05999755859375,255.1699981689453,254.97000122070312,255.13999938964844,1912,0.0,0.0
2024-10-25 13:30:00-04:00,255.11000061035156,255.1199951171875,254.8300018310547,254.86500549316406,3806,0.0,0.0
2024-10-25 13:35:00-04:00,254.7899932861328,254.89999389648438,254.55999755859375,254.89999389648438,2140,0.0,0.0
2024-10-25 13:40:00-04:00,254.7899932861328,254.7899932861328,254.36000061035156,254.36000061035156,3758,0.0,0.0
2024-10-25 13:45:00-04:00,254.38999938964844,254.82000732421875,254.38999938964844,254.77999877929688,4272,0.0,0.0
2024-10-25 13:50:00-04:00,254.88999938964844,254.99000549316406,254.88999938964844,254.92999267578125,2703,0.0,0.0
2024-10-25 13:55:00-04:00,254.93499755859375,254.93499755859375,254.6999969482422,254.83999633789062,3291,0.0,0.0
2024-10-25 14:00:00-04:00,254.52000427246094,254.72000122070312,254.38999938964844,254.57000732421875,5702,0.0,0.0
2024-10-25 14:05:00-04:00,254.5850067138672,254.5850067138672,254.5850067138672,254.5850067138672,511,0.0,0.0
2024-10-25 14:10:00-04:00,254.4499969482422,254.47000122070312,254.44500732421875,254.46499633789062,3052,0.0,0.0
2024-10-25 14:15:00-04:00,254.4600067138672,254.57000732421875,254.35369873046875,254.375,4521,0.0,0.0
2024-10-25 14:20:00-04:00,254.57000732421875,254.6300048828125,254.5050048828125,254.57000732421875,3400,0.0,0.0
2024-10-25 14:25:00-04:00,254.6999969482422,254.8300018310547,254.67750549316406,254.8175048828125,2912,0.0,0.0
2024-10-25 14:30:00-04:00,254.7100067138672,254.8000030517578,254.6199951171875,254.72999572753906,2364,0.0,0.0
2024-10-25 14:35:00-04:00,254.75999450683594,254.85000610351562,254.75,254.80999755859375,5049,0.0,0.0
2024-10-25 14:40:00-04:00,254.72000122070312,254.7949981689453,254.25,254.27999877929688,29766,0.0,0.0
2024-10-25 14:45:00-04:00,254.35000610351562,254.57000732421875,254.21180725097656,254.56500244140625,17426,0.0,0.0
2024-10-25 14:50:00-04:00,254.50999450683594,254.72999572753906,254.50999450683594,254.625,6446,0.0,0.0
2024-10-25 14:55:00-04:00,254.6750030517578,254.7899932861328,254.63999938964844,254.75,4301,0.0,0.0
2024-10-25 15:00:00-04:00,254.77000427246094,254.89999389648438,254.61000061035156,254.8300018310547,3279,0.0,0.0
2024-10-25 15:05:00-04:00,254.8699951171875,254.94000244140625,254.75999450683594,254.89999389648438,7798,0.0,0.0
2024-10-25 15:10:00-04:00,254.88999938964844,254.9499969482422,254.4600067138672,254.4600067138672,6321,0.0,0.0
2024-10-25 15:15:00-04:00,254.5399932861328,254.72999572753906,254.52999877929688,254.69000244140625,5532,0.0,0.0
2024-10-25 15:20:00-04:00,254.58999633789062,254.66000366210938,254.41000366210938,254.41000366210938,4478,0.0,0.0
2024-10-25 15:25:00-04:00,254.50999450683594,254.61000061035156,254.4600067138672,254.61000061035156,3354,0.0,0.0
2024-10-25 15:30:00-04:00,254.6199951171875,254.6199951171875,254.4550018310547,254.4550018310547,5438,0.0,0.0
2024-10-25 15:35:00-04:00,254.50999450683594,254.82000732421875,254.50999450683594,254.6649932861328,7878,0.0,0.0
2024-10-25 15:40:00-04:00,254.63999938964844,254.64999389648438,254.47500610351562,254.57000732421875,8188,0.0,0.0
2024-10-25 15:45:00-04:00,254.5050048828125,254.7899932861328,254.41700744628906,254.48500061035156,17086,0.0,0.0
2024-10-25 15:50:00-04:00,254.57000732421875,254.6300048828125,254.19000244140625,254.26499938964844,23704,0.0,0.0
2024-10-25 15:55:00-04:00,254.27000427246094,254.27000427246094,253.8300018310547,254.11000061035156,84692,0.0,0.0
