Datetime,Open,High,Low,Close,Volume,Dividends,Stock Splits
2024-09-26 09:30:00-04:00,17.510000228881836,17.65999984741211,17.472000122070312,17.649999618530273,93410,0.0,0.0
2024-09-26 09:35:00-04:00,17.65999984741211,17.725000381469727,17.639999389648438,17.670000076293945,88388,0.0,0.0
2024-09-26 09:40:00-04:00,17.670000076293945,17.774999618530273,17.665000915527344,17.774999618530273,128501,0.0,0.0
2024-09-26 09:45:00-04:00,17.774999618530273,17.795000076293945,17.739999771118164,17.7549991607666,41195,0.0,0.0
2024-09-26 09:50:00-04:00,17.7549991607666,17.790000915527344,17.7450008392334,17.780000686645508,22734,0.0,0.0
2024-09-26 09:55:00-04:00,17.780000686645508,17.795000076293945,17.760000228881836,17.795000076293945,21463,0.0,0.0
2024-09-26 10:00:00-04:00,17.799999237060547,17.895000457763672,17.78499984741211,17.78499984741211,48085,0.0,0.0
2024-09-26 10:05:00-04:00,17.780000686645508,17.780000686645508,17.735000610351562,17.735000610351562,24863,0.0,0.0
2024-09-26 10:10:00-04:00,17.735000610351562,17.795000076293945,17.735000610351562,17.78499984741211,32868,0.0,0.0
2024-09-26 10:15:00-04:00,17.780000686645508,17.78499984741211,17.735000610351562,17.7450008392334,30062,0.0,0.0
2024-09-26 10:20:00-04:00,17.739999771118164,17.7450008392334,17.639999389648438,17.655000686645508,14892,0.0,0.0
2024-09-26 10:25:00-04:00,17.655000686645508,17.71500015258789,17.645000457763672,17.71500015258789,29083,0.0,0.0
2024-09-26 10:30:00-04:00,17.719999313354492,17.774999618530273,17.719999313354492,17.774999618530273,38408,0.0,0.0
2024-09-26 10:35:00-04:00,17.774999618530273,17.795000076293945,17.7549991607666,17.790199279785156,17896,0.0,0.0
2024-09-26 10:40:00-04:00,17.790000915527344,17.790000915527344,17.7450008392334,17.75,10790,0.0,0.0
2024-09-26 10:45:00-04:00,17.7450008392334,17.764999389648438,17.739999771118164,17.75,18940,0.0,0.0
2024-09-26 10:50:00-04:00,17.75,17.7549991607666,17.725000381469727,17.725000381469727,15872,0.0,0.0
2024-09-26 10:55:00-04:00,17.725000381469727,17.725000381469727,17.65999984741211,17.674999237060547,16805,0.0,0.0
2024-09-26 11:00:00-04:00,17.674999237060547,17.68000030517578,17.655000686645508,17.665000915527344,10699,0.0,0.0
2024-09-26 11:05:00-04:00,17.670000076293945,17.674999237060547,17.645000457763672,17.645000457763672,5912,0.0,0.0
2024-09-26 11:10:00-04:00,17.645000457763672,17.649999618530273,17.639999389648438,17.645000457763672,5173,0.0,0.0
2024-09-26 11:15:00-04:00,17.645000457763672,17.729999542236328,17.639999389648438,17.725000381469727,187427,0.0,0.0
2024-09-26 11:20:00-04:00,17.725000381469727,17.770000457763672,17.725000381469727,17.770000457763672,20913,0.0,0.0
2024-09-26 11:25:00-04:00,17.764999389648438,17.764999389648438,17.719999313354492,17.7450008392334,18747,0.0,0.0
2024-09-26 11:30:00-04:00,17.7450008392334,17.770000457763672,17.739999771118164,17.75,19333,0.0,0.0
2024-09-26 11:35:00-04:00,17.75,17.75,17.719999313354492,17.735000610351562,40884,0.0,0.0
2024-09-26 11:40:00-04:00,17.735000610351562,17.799999237060547,17.735000610351562,17.795000076293945,53742,0.0,0.0
2024-09-26 11:45:00-04:00,17.795000076293945,17.850000381469727,17.795000076293945,17.825000762939453,102119,0.0,0.0
2024-09-26 11:50:00-04:00,17.825000762939453,17.84000015258789,17.809999465942383,17.834999084472656,12868,0.0,0.0
2024-09-26 11:55:00-04:00,17.834999084472656,17.860000610351562,17.834999084472656,17.850000381469727,25103,0.0,0.0
2024-09-26 12:00:00-04:00,17.844999313354492,17.854999542236328,17.825000762939453,17.825000762939453,17764,0.0,0.0
2024-09-26 12:05:00-04:00,17.825000762939453,17.844999313354492,17.81999969482422,17.844999313354492,15737,0.0,0.0
2024-09-26 12:10:00-04:00,17.844999313354492,17.860000610351562,17.81999969482422,17.825000762939453,36979,0.0,0.0
2024-09-26 12:15:00-04:00,17.825000762939453,17.850000381469727,17.815000534057617,17.844999313354492,25714,0.0,0.0
2024-09-26 12:20:00-04:00,17.850000381469727,17.86750030517578,17.809999465942383,17.825000762939453,528710,0.0,0.0
2024-09-26 12:25:00-04:00,17.81999969482422,17.864999771118164,17.809999465942383,17.809999465942383,40734,0.0,0.0
2024-09-26 12:30:00-04:00,17.815000534057617,17.81999969482422,17.799999237060547,17.815000534057617,16065,0.0,0.0
2024-09-26 12:35:00-04:00,17.809999465942383,17.829999923706055,17.809999465942383,17.809999465942383,17874,0.0,0.0
2024-09-26 12:40:00-04:00,17.815000534057617,17.8700008392334,17.809999465942383,17.864999771118164,130642,0.0,0.0
2024-09-26 12:45:00-04:00,17.8700008392334,17.889999389648438,17.864999771118164,17.889999389648438,22084,0.0,0.0
2024-09-26 12:50:00-04:00,17.885000228881836,17.895000457763672,17.851200103759766,17.851200103759766,16952,0.0,0.0
2024-09-26 12:55:00-04:00,17.854999542236328,17.860000610351562,17.834999084472656,17.834999084472656,12149,0.0,0.0
2024-09-26 13:00:00-04:00,17.834999084472656,17.834999084472656,17.774999618530273,17.81999969482422,316331,0.0,0.0
2024-09-26 13:05:00-04:00,17.825000762939453,17.825000762939453,17.75,17.764999389648438,40208,0.0,0.0
2024-09-26 13:10:00-04:00,17.770000457763672,17.780000686645508,17.764999389648438,17.770000457763672,19871,0.0,0.0
2024-09-26 13:15:00-04:00,17.760000228881836,17.770000457763672,17.704999923706055,17.714799880981445,30462,0.0,0.0
2024-09-26 13:20:00-04:00,17.71500015258789,17.735000610351562,17.709999084472656,17.71500015258789,17554,0.0,0.0
2024-09-26 13:25:00-04:00,17.709999084472656,17.770000457763672,17.709999084472656,17.764999389648438,23079,0.0,0.0
2024-09-26 13:30:00-04:00,17.774999618530273,17.795000076293945,17.770000457763672,17.774999618530273,21416,0.0,0.0
2024-09-26 13:35:00-04:00,17.764999389648438,17.774999618530273,17.760000228881836,17.774999618530273,10598,0.0,0.0
2024-09-26 13:40:00-04:00,17.774999618530273,17.774999618530273,17.760000228881836,17.764999389648438,17356,0.0,0.0
2024-09-26 13:45:00-04:00,17.770000457763672,17.790000915527344,17.760000228881836,17.790000915527344,43455,0.0,0.0
2024-09-26 13:50:00-04:00,17.799999237060547,17.81999969482422,17.790000915527344,17.815000534057617,27746,0.0,0.0
2024-09-26 13:55:00-04:00,17.815000534057617,17.825000762939453,17.795000076293945,17.80500030517578,90171,0.0,0.0
2024-09-26 14:00:00-04:00,17.799999237060547,17.799999237060547,17.774999618530273,17.780000686645508,26059,0.0,0.0
2024-09-26 14:05:00-04:00,17.774999618530273,17.774999618530273,17.75,17.7549991607666,7585,0.0,0.0
2024-09-26 14:10:00-04:00,17.7549991607666,17.760000228881836,17.735000610351562,17.7549991607666,30358,0.0,0.0
2024-09-26 14:15:00-04:00,17.760000228881836,17.760000228881836,17.704999923706055,17.725000381469727,18982,0.0,0.0
2024-09-26 14:20:00-04:00,17.729999542236328,17.735000610351562,17.700000762939453,17.700000762939453,20883,0.0,0.0
2024-09-26 14:25:00-04:00,17.704999923706055,17.704999923706055,17.69499969482422,17.69499969482422,10726,0.0,0.0
2024-09-26 14:30:00-04:00,17.690000534057617,17.69499969482422,17.68000030517578,17.684999465942383,10449,0.0,0.0
2024-09-26 14:35:00-04:00,17.68000030517578,17.690000534057617,17.665000915527344,17.684999465942383,16236,0.0,0.0
2024-09-26 14:40:00-04:00,17.68000030517578,17.70829963684082,17.670000076293945,17.704999923706055,24354,0.0,0.0
2024-09-26 14:45:00-04:00,17.700000762939453,17.704999923706055,17.68000030517578,17.700000762939453,16777,0.0,0.0
2024-09-26 14:50:00-04:00,17.69499969482422,17.709999084472656,17.693199157714844,17.709999084472656,21652,0.0,0.0
2024-09-26 14:55:00-04:00,17.704999923706055,17.70829963684082,17.68000030517578,17.690000534057617,27616,0.0,0.0
2024-09-26 15:00:00-04:00,17.690000534057617,17.700000762939453,17.68000030517578,17.684999465942383,24656,0.0,0.0
2024-09-26 15:05:00-04:00,17.68000030517578,17.709999084472656,17.674999237060547,17.68000030517578,39361,0.0,0.0
2024-09-26 15:10:00-04:00,17.68000030517578,17.700000762939453,17.670000076293945,17.700000762939453,22276,0.0,0.0
2024-09-26 15:15:00-04:00,17.69499969482422,17.71500015258789,17.690000534057617,17.704999923706055,50515,0.0,0.0
2024-09-26 15:20:00-04:00,17.709999084472656,17.729999542236328,17.704999923706055,17.71500015258789,32839,0.0,0.0
2024-09-26 15:25:00-04:00,17.719999313354492,17.719999313354492,17.65999984741211,17.674999237060547,43499,0.0,0.0
2024-09-26 15:30:00-04:00,17.674999237060547,17.674999237060547,17.649999618530273,17.649999618530273,32515,0.0,0.0
2024-09-26 15:35:00-04:00,17.654499053955078,17.674999237060547,17.639999389648438,17.674999237060547,88218,0.0,0.0
2024-09-26 15:40:00-04:00,17.674999237060547,17.684999465942383,17.65999984741211,17.68000030517578,64347,0.0,0.0
2024-09-26 15:45:00-04:00,17.68000030517578,17.700000762939453,17.670000076293945,17.670000076293945,60012,0.0,0.0
2024-09-26 15:50:00-04:00,17.670000076293945,17.719999313354492,17.670000076293945,17.71500015258789,115195,0.0,0.0
2024-09-26 15:55:00-04:00,17.71500015258789,17.760000228881836,17.709999084472656,17.729999542236328,390867,0.0,0.0
2024-09-27 09:30:00-04:00,17.899999618530273,17.950000762939453,17.829999923706055,17.860000610351562,39778,0.0,0.0
2024-09-27 09:35:00-04:00,17.8799991607666,17.889999389648438,17.829999923706055,17.854999542236328,12918,0.0,0.0
2024-09-27 09:40:00-04:00,17.84000015258789,17.850000381469727,17.81999969482422,17.81999969482422,21998,0.0,0.0
2024-09-27 09:45:00-04:00,17.81999969482422,17.81999969482422,17.760000228881836,17.780000686645508,20922,0.0,0.0
2024-09-27 09:50:00-04:00,17.780000686645508,17.84000015258789,17.780000686645508,17.815000534057617,24174,0.0,0.0
2024-09-27 09:55:00-04:00,17.81999969482422,17.860000610351562,17.799999237060547,17.844999313354492,26943,0.0,0.0
2024-09-27 10:00:00-04:00,17.8799991607666,17.934999465942383,17.8700008392334,17.924999237060547,88703,0.0,0.0
2024-09-27 10:05:00-04:00,17.920000076293945,17.940000534057617,17.889999389648438,17.90060043334961,25155,0.0,0.0
2024-09-27 10:10:00-04:00,17.899999618530273,17.93000030517578,17.899999618530273,17.915000915527344,20633,0.0,0.0
2024-09-27 10:15:00-04:00,17.90999984741211,17.94499969482422,17.90999984741211,17.94499969482422,13451,0.0,0.0
2024-09-27 10:20:00-04:00,17.940000534057617,17.979999542236328,17.934999465942383,17.979999542236328,21039,0.0,0.0
2024-09-27 10:25:00-04:00,18.0049991607666,18.014999389648438,17.979999542236328,17.985000610351562,162148,0.0,0.0
2024-09-27 10:30:00-04:00,17.985000610351562,18.05500030517578,17.969999313354492,18.014999389648438,62410,0.0,0.0
2024-09-27 10:35:00-04:00,18.014999389648438,18.045000076293945,18.010000228881836,18.010000228881836,31200,0.0,0.0
2024-09-27 10:40:00-04:00,18.020000457763672,18.030000686645508,18.0049991607666,18.014999389648438,26719,0.0,0.0
2024-09-27 10:45:00-04:00,18.010000228881836,18.049999237060547,18.0049991607666,18.049999237060547,28053,0.0,0.0
2024-09-27 10:50:00-04:00,18.049999237060547,18.05500030517578,18.0,18.020000457763672,34853,0.0,0.0
2024-09-27 10:55:00-04:00,18.014999389648438,18.020000457763672,17.989999771118164,17.9950008392334,163101,0.0,0.0
2024-09-27 11:00:00-04:00,17.989999771118164,17.989999771118164,17.940000534057617,17.954999923706055,168437,0.0,0.0
2024-09-27 11:05:00-04:00,17.954999923706055,17.96500015258789,17.920000076293945,17.920000076293945,56566,0.0,0.0
2024-09-27 11:10:00-04:00,17.920000076293945,17.924999237060547,17.899999618530273,17.905000686645508,116397,0.0,0.0
2024-09-27 11:15:00-04:00,17.905000686645508,17.920000076293945,17.8700008392334,17.8700008392334,39015,0.0,0.0
2024-09-27 11:20:00-04:00,17.875,17.905000686645508,17.864999771118164,17.905000686645508,60018,0.0,0.0
2024-09-27 11:25:00-04:00,17.905000686645508,17.905000686645508,17.850000381469727,17.895000457763672,367729,0.0,0.0
2024-09-27 11:30:00-04:00,17.899999618530273,17.90999984741211,17.885000228881836,17.885000228881836,58939,0.0,0.0
2024-09-27 11:35:00-04:00,17.8799991607666,17.895000457763672,17.860000610351562,17.8799991607666,37856,0.0,0.0
2024-09-27 11:40:00-04:00,17.875,17.875,17.850000381469727,17.854999542236328,27614,0.0,0.0
2024-09-27 11:45:00-04:00,17.854999542236328,17.860000610351562,17.850000381469727,17.854999542236328,20349,0.0,0.0
2024-09-27 11:50:00-04:00,17.850000381469727,17.860000610351562,17.834999084472656,17.850000381469727,46497,0.0,0.0
2024-09-27 11:55:00-04:00,17.850000381469727,17.864999771118164,17.815000534057617,17.81999969482422,48649,0.0,0.0
2024-09-27 12:00:00-04:00,17.825000762939453,17.8700008392334,17.809999465942383,17.854999542236328,160502,0.0,0.0
2024-09-27 12:05:00-04:00,17.854999542236328,17.8799991607666,17.81999969482422,17.825000762939453,21215,0.0,0.0
2024-09-27 12:10:00-04:00,17.825000762939453,17.84000015258789,17.815000534057617,17.834999084472656,22703,0.0,0.0
2024-09-27 12:15:00-04:00,17.84000015258789,17.860000610351562,17.84000015258789,17.860000610351562,12674,0.0,0.0
2024-09-27 12:20:00-04:00,17.860000610351562,17.860000610351562,17.829999923706055,17.834999084472656,22089,0.0,0.0
2024-09-27 12:25:00-04:00,17.834999084472656,17.84000015258789,17.815000534057617,17.815000534057617,16316,0.0,0.0
2024-09-27 12:30:00-04:00,17.815000534057617,17.829999923706055,17.795000076293945,17.799999237060547,14014,0.0,0.0
2024-09-27 12:35:00-04:00,17.799999237060547,17.809999465942383,17.790000915527344,17.80500030517578,13011,0.0,0.0
2024-09-27 12:40:00-04:00,17.80500030517578,17.80500030517578,17.770000457763672,17.780000686645508,71274,0.0,0.0
2024-09-27 12:45:00-04:00,17.770000457763672,17.770000457763672,17.7450008392334,17.75,22565,0.0,0.0
2024-09-27 12:50:00-04:00,17.7549991607666,17.809999465942383,17.7549991607666,17.809999465942383,21920,0.0,0.0
2024-09-27 12:55:00-04:00,17.80500030517578,17.80500030517578,17.780000686645508,17.78499984741211,16286,0.0,0.0
2024-09-27 13:00:00-04:00,17.78499984741211,17.790000915527344,17.770000457763672,17.780000686645508,15601,0.0,0.0
2024-09-27 13:05:00-04:00,17.774999618530273,17.780000686645508,17.729999542236328,17.73310089111328,20059,0.0,0.0
2024-09-27 13:10:00-04:00,17.735000610351562,17.735000610351562,17.71500015258789,17.71500015258789,17063,0.0,0.0
2024-09-27 13:15:00-04:00,17.719999313354492,17.75,17.69499969482422,17.75,51793,0.0,0.0
2024-09-27 13:20:00-04:00,17.75,17.760000228881836,17.719999313354492,17.721099853515625,75295,0.0,0.0
2024-09-27 13:25:00-04:00,17.719999313354492,17.735000610351562,17.719999313354492,17.735000610351562,12777,0.0,0.0
2024-09-27 13:30:00-04:00,17.739999771118164,17.760000228881836,17.729999542236328,17.75,30531,0.0,0.0
2024-09-27 13:35:00-04:00,17.7450008392334,17.760000228881836,17.742000579833984,17.7549991607666,8096,0.0,0.0
2024-09-27 13:40:00-04:00,17.75,17.7549991607666,17.739999771118164,17.7450008392334,31326,0.0,0.0
2024-09-27 13:45:00-04:00,17.7450008392334,17.7549991607666,17.739999771118164,17.739999771118164,42887,0.0,0.0
2024-09-27 13:50:00-04:00,17.75,17.7549991607666,17.7450008392334,17.75,28117,0.0,0.0
2024-09-27 13:55:00-04:00,17.75,17.75,17.71500015258789,17.739999771118164,40513,0.0,0.0
2024-09-27 14:00:00-04:00,17.739999771118164,17.760000228881836,17.735000610351562,17.7450008392334,29938,0.0,0.0
2024-09-27 14:05:00-04:00,17.7450008392334,17.780000686645508,17.739999771118164,17.780000686645508,27278,0.0,0.0
2024-09-27 14:10:00-04:00,17.780000686645508,17.78499984741211,17.75,17.760000228881836,34455,0.0,0.0
2024-09-27 14:15:00-04:00,17.760000228881836,17.760000228881836,17.709999084472656,17.725000381469727,29767,0.0,0.0
2024-09-27 14:20:00-04:00,17.725000381469727,17.729999542236328,17.71500015258789,17.71500015258789,9554,0.0,0.0
2024-09-27 14:25:00-04:00,17.71500015258789,17.71500015258789,17.670000076293945,17.68000030517578,22065,0.0,0.0
2024-09-27 14:30:00-04:00,17.68000030517578,17.684999465942383,17.649999618530273,17.655000686645508,39256,0.0,0.0
2024-09-27 14:35:00-04:00,17.649999618530273,17.65999984741211,17.639999389648438,17.655000686645508,37760,0.0,0.0
2024-09-27 14:40:00-04:00,17.65999984741211,17.700000762939453,17.649999618530273,17.700000762939453,55934,0.0,0.0
2024-09-27 14:45:00-04:00,17.700000762939453,17.719999313354492,17.69499969482422,17.704999923706055,34725,0.0,0.0
2024-09-27 14:50:00-04:00,17.709999084472656,17.718900680541992,17.68000030517578,17.69499969482422,52057,0.0,0.0
2024-09-27 14:55:00-04:00,17.690000534057617,17.71500015258789,17.690000534057617,17.69499969482422,72343,0.0,0.0
2024-09-27 15:00:00-04:00,17.690000534057617,17.704999923706055,17.684999465942383,17.700000762939453,44339,0.0,0.0
2024-09-27 15:05:00-04:00,17.700000762939453,17.729999542236328,17.700000762939453,17.725000381469727,28635,0.0,0.0
2024-09-27 15:10:00-04:00,17.725000381469727,17.729999542236328,17.691999435424805,17.691999435424805,24686,0.0,0.0
2024-09-27 15:15:00-04:00,17.69499969482422,17.709999084472656,17.68000030517578,17.68000030517578,30967,0.0,0.0
2024-09-27 15:20:00-04:00,17.690000534057617,17.700000762939453,17.674999237060547,17.690000534057617,27538,0.0,0.0
2024-09-27 15:25:00-04:00,17.690000534057617,17.700000762939453,17.674999237060547,17.690000534057617,28010,0.0,0.0
2024-09-27 15:30:00-04:00,17.690000534057617,17.690000534057617,17.665000915527344,17.674999237060547,41838,0.0,0.0
2024-09-27 15:35:00-04:00,17.674999237060547,17.68000030517578,17.645000457763672,17.645000457763672,28463,0.0,0.0
2024-09-27 15:40:00-04:00,17.645000457763672,17.65999984741211,17.639999389648438,17.655000686645508,64872,0.0,0.0
2024-09-27 15:45:00-04:00,17.655000686645508,17.665000915527344,17.649999618530273,17.655000686645508,56769,0.0,0.0
2024-09-27 15:50:00-04:00,17.649999618530273,17.684999465942383,17.649999618530273,17.655000686645508,145308,0.0,0.0
2024-09-27 15:55:00-04:00,17.649999618530273,17.665000915527344,17.6299991607666,17.639999389648438,281084,0.0,0.0
2024-09-30 09:30:00-04:00,17.600000381469727,17.690000534057617,17.479999542236328,17.4950008392334,68828,0.0,0.0
2024-09-30 09:35:00-04:00,17.479999542236328,17.540000915527344,17.459999084472656,17.459999084472656,13138,0.0,0.0
2024-09-30 09:40:00-04:00,17.469999313354492,17.489999771118164,17.420000076293945,17.454999923706055,25319,0.0,0.0
2024-09-30 09:45:00-04:00,17.450000762939453,17.469999313354492,17.40999984741211,17.424999237060547,32418,0.0,0.0
2024-09-30 09:50:00-04:00,17.424999237060547,17.459999084472656,17.40999984741211,17.415000915527344,24697,0.0,0.0
2024-09-30 09:55:00-04:00,17.415000915527344,17.420000076293945,17.3700008392334,17.375,23295,0.0,0.0
2024-09-30 10:00:00-04:00,17.3700008392334,17.420000076293945,17.354999542236328,17.3700008392334,71319,0.0,0.0
2024-09-30 10:05:00-04:00,17.3700008392334,17.420000076293945,17.354999542236328,17.420000076293945,121096,0.0,0.0
2024-09-30 10:10:00-04:00,17.415000915527344,17.520000457763672,17.40999984741211,17.5049991607666,71912,0.0,0.0
2024-09-30 10:15:00-04:00,17.5049991607666,17.510000228881836,17.450000762939453,17.450000762939453,94590,0.0,0.0
2024-09-30 10:20:00-04:00,17.450000762939453,17.479999542236328,17.450000762939453,17.475000381469727,10975,0.0,0.0
2024-09-30 10:25:00-04:00,17.469999313354492,17.475000381469727,17.43000030517578,17.44499969482422,17413,0.0,0.0
2024-09-30 10:30:00-04:00,17.44499969482422,17.559999465942383,17.44499969482422,17.55500030517578,106375,0.0,0.0
2024-09-30 10:35:00-04:00,17.559999465942383,17.59000015258789,17.549999237060547,17.579999923706055,144851,0.0,0.0
2024-09-30 10:40:00-04:00,17.579999923706055,17.59000015258789,17.559999465942383,17.579999923706055,11873,0.0,0.0
2024-09-30 10:45:00-04:00,17.579999923706055,17.59000015258789,17.549999237060547,17.579999923706055,11824,0.0,0.0
2024-09-30 10:50:00-04:00,17.56999969482422,17.56999969482422,17.530000686645508,17.53499984741211,8420,0.0,0.0
2024-09-30 10:55:00-04:00,17.53499984741211,17.545000076293945,17.5,17.5,15769,0.0,0.0
2024-09-30 11:00:00-04:00,17.5,17.594999313354492,17.4950008392334,17.594999313354492,61099,0.0,0.0
2024-09-30 11:05:00-04:00,17.59000015258789,17.59000015258789,17.55500030517578,17.559999465942383,15400,0.0,0.0
2024-09-30 11:10:00-04:00,17.559999465942383,17.579999923706055,17.549999237060547,17.575000762939453,10404,0.0,0.0
2024-09-30 11:15:00-04:00,17.56999969482422,17.575000762939453,17.559999465942383,17.575000762939453,6290,0.0,0.0
2024-09-30 11:20:00-04:00,17.575000762939453,17.59000015258789,17.575000762939453,17.580299377441406,25143,0.0,0.0
2024-09-30 11:25:00-04:00,17.584999084472656,17.584999084472656,17.545000076293945,17.545000076293945,25247,0.0,0.0
2024-09-30 11:30:00-04:00,17.545000076293945,17.545000076293945,17.479999542236328,17.4950008392334,78457,0.0,0.0
2024-09-30 11:35:00-04:00,17.4950008392334,17.4950008392334,17.440000534057617,17.475000381469727,80667,0.0,0.0
2024-09-30 11:40:00-04:00,17.469999313354492,17.485000610351562,17.459999084472656,17.485000610351562,22432,0.0,0.0
2024-09-30 11:45:00-04:00,17.479999542236328,17.485000610351562,17.454999923706055,17.475000381469727,20153,0.0,0.0
2024-09-30 11:50:00-04:00,17.469999313354492,17.469999313354492,17.440000534057617,17.44499969482422,14067,0.0,0.0
2024-09-30 11:55:00-04:00,17.44499969482422,17.469999313354492,17.44499969482422,17.46500015258789,19136,0.0,0.0
2024-09-30 12:00:00-04:00,17.46500015258789,17.475000381469727,17.459999084472656,17.459999084472656,12545,0.0,0.0
2024-09-30 12:05:00-04:00,17.46500015258789,17.475000381469727,17.459999084472656,17.459999084472656,15320,0.0,0.0
2024-09-30 12:10:00-04:00,17.459999084472656,17.46500015258789,17.450000762939453,17.46500015258789,13340,0.0,0.0
2024-09-30 12:15:00-04:00,17.469999313354492,17.475000381469727,17.46500015258789,17.46500015258789,11950,0.0,0.0
2024-09-30 12:20:00-04:00,17.46500015258789,17.485000610351562,17.459999084472656,17.479999542236328,10682,0.0,0.0
2024-09-30 12:25:00-04:00,17.479999542236328,17.5,17.479999542236328,17.485000610351562,13027,0.0,0.0
2024-09-30 12:30:00-04:00,17.479999542236328,17.485000610351562,17.469999313354492,17.475000381469727,8549,0.0,0.0
2024-09-30 12:35:00-04:00,17.469999313354492,17.479999542236328,17.44499969482422,17.450000762939453,15815,0.0,0.0
2024-09-30 12:40:00-04:00,17.450000762939453,17.479999542236328,17.450000762939453,17.475000381469727,23015,0.0,0.0
2024-09-30 12:45:00-04:00,17.475000381469727,17.489999771118164,17.475000381469727,17.487499237060547,28563,0.0,0.0
2024-09-30 12:50:00-04:00,17.489999771118164,17.520000457763672,17.479999542236328,17.51930046081543,57237,0.0,0.0
2024-09-30 12:55:00-04:00,17.514999389648438,17.55500030517578,17.514999389648438,17.520000457763672,43306,0.0,0.0
2024-09-30 13:00:00-04:00,17.524999618530273,17.524999618530273,17.489999771118164,17.505399703979492,31573,0.0,0.0
2024-09-30 13:05:00-04:00,17.5049991607666,17.530000686645508,17.5049991607666,17.524999618530273,16625,0.0,0.0
2024-09-30 13:10:00-04:00,17.524999618530273,17.579999923706055,17.5,17.549999237060547,105640,0.0,0.0
2024-09-30 13:15:00-04:00,17.545000076293945,17.549999237060547,17.530000686645508,17.53499984741211,14684,0.0,0.0
2024-09-30 13:20:00-04:00,17.53499984741211,17.53499984741211,17.510000228881836,17.510000228881836,19484,0.0,0.0
2024-09-30 13:25:00-04:00,17.514999389648438,17.524999618530273,17.4950008392334,17.4950008392334,9201,0.0,0.0
2024-09-30 13:30:00-04:00,17.489999771118164,17.510000228881836,17.485000610351562,17.5049991607666,24179,0.0,0.0
2024-09-30 13:35:00-04:00,17.5049991607666,17.5049991607666,17.4950008392334,17.5049991607666,7758,0.0,0.0
2024-09-30 13:40:00-04:00,17.5,17.510000228881836,17.5,17.5049991607666,4319,0.0,0.0
2024-09-30 13:45:00-04:00,17.5049991607666,17.5049991607666,17.5,17.5049991607666,4068,0.0,0.0
2024-09-30 13:50:00-04:00,17.5049991607666,17.520000457763672,17.5049991607666,17.514999389648438,19790,0.0,0.0
2024-09-30 13:55:00-04:00,17.51609992980957,17.530000686645508,17.510000228881836,17.520000457763672,33947,0.0,0.0
2024-09-30 14:00:00-04:00,17.514999389648438,17.520000457763672,17.5049991607666,17.514999389648438,12558,0.0,0.0
2024-09-30 14:05:00-04:00,17.514999389648438,17.514999389648438,17.485000610351562,17.5,11999,0.0,0.0
2024-09-30 14:10:00-04:00,17.5,17.5049991607666,17.459999084472656,17.46500015258789,20608,0.0,0.0
2024-09-30 14:15:00-04:00,17.46500015258789,17.469999313354492,17.439899444580078,17.450000762939453,18131,0.0,0.0
2024-09-30 14:20:00-04:00,17.440000534057617,17.440000534057617,17.354999542236328,17.3799991607666,31949,0.0,0.0
2024-09-30 14:25:00-04:00,17.3799991607666,17.43000030517578,17.3700008392334,17.43000030517578,30391,0.0,0.0
2024-09-30 14:30:00-04:00,17.43000030517578,17.440000534057617,17.399999618530273,17.43000030517578,15298,0.0,0.0
2024-09-30 14:35:00-04:00,17.424999237060547,17.469999313354492,17.424999237060547,17.46500015258789,13884,0.0,0.0
2024-09-30 14:40:00-04:00,17.46500015258789,17.489999771118164,17.46500015258789,17.489999771118164,14175,0.0,0.0
2024-09-30 14:45:00-04:00,17.4950008392334,17.510000228881836,17.479999542236328,17.485000610351562,15153,0.0,0.0
2024-09-30 14:50:00-04:00,17.489999771118164,17.5049991607666,17.489999771118164,17.5,11954,0.0,0.0
2024-09-30 14:55:00-04:00,17.5049991607666,17.5049991607666,17.489999771118164,17.489999771118164,22892,0.0,0.0
2024-09-30 15:00:00-04:00,17.489999771118164,17.489999771118164,17.450000762939453,17.469999313354492,19632,0.0,0.0
2024-09-30 15:05:00-04:00,17.469999313354492,17.469999313354492,17.459999084472656,17.459999084472656,7835,0.0,0.0
2024-09-30 15:10:00-04:00,17.459999084472656,17.466299057006836,17.434999465942383,17.450000762939453,16481,0.0,0.0
2024-09-30 15:15:00-04:00,17.44300079345703,17.475000381469727,17.440000534057617,17.475000381469727,11646,0.0,0.0
2024-09-30 15:20:00-04:00,17.475000381469727,17.479999542236328,17.459999084472656,17.467899322509766,6038,0.0,0.0
2024-09-30 15:25:00-04:00,17.469999313354492,17.489999771118164,17.469999313354492,17.485000610351562,26242,0.0,0.0
2024-09-30 15:30:00-04:00,17.485000610351562,17.489999771118164,17.459999084472656,17.46500015258789,22437,0.0,0.0
2024-09-30 15:35:00-04:00,17.46500015258789,17.479999542236328,17.44499969482422,17.475000381469727,38766,0.0,0.0
2024-09-30 15:40:00-04:00,17.469999313354492,17.475000381469727,17.440000534057617,17.475000381469727,53642,0.0,0.0
2024-09-30 15:45:00-04:00,17.475000381469727,17.520000457763672,17.475000381469727,17.510000228881836,51564,0.0,0.0
2024-09-30 15:50:00-04:00,17.5049991607666,17.559999465942383,17.5049991607666,17.55500030517578,84945,0.0,0.0
2024-09-30 15:55:00-04:00,17.55500030517578,17.579999923706055,17.549999237060547,17.565000534057617,283230,0.0,0.0
2024-10-01 09:30:00-04:00,17.559999465942383,17.559999465942383,17.389999389648438,17.389999389648438,28595,0.0,0.0
2024-10-01 09:35:00-04:00,17.395000457763672,17.395000457763672,17.329999923706055,17.350000381469727,18137,0.0,0.0
2024-10-01 09:40:00-04:00,17.34000015258789,17.3799991607666,17.31999969482422,17.354999542236328,21665,0.0,0.0
2024-10-01 09:45:00-04:00,17.350000381469727,17.350000381469727,17.299999237060547,17.31999969482422,38103,0.0,0.0
2024-10-01 09:50:00-04:00,17.31999969482422,17.34000015258789,17.290000915527344,17.334999084472656,9947,0.0,0.0
2024-10-01 09:55:00-04:00,17.315000534057617,17.344999313354492,17.30500030517578,17.34000015258789,11940,0.0,0.0
2024-10-01 10:00:00-04:00,17.34000015258789,17.385000228881836,17.280000686645508,17.334999084472656,37138,0.0,0.0
2024-10-01 10:05:00-04:00,17.334999084472656,17.334999084472656,17.25,17.2549991607666,11298,0.0,0.0
2024-10-01 10:10:00-04:00,17.2549991607666,17.2549991607666,17.209999084472656,17.225000381469727,21588,0.0,0.0
2024-10-01 10:15:00-04:00,17.225000381469727,17.239999771118164,17.190000534057617,17.21500015258789,15121,0.0,0.0
2024-10-01 10:20:00-04:00,17.235000610351562,17.315000534057617,17.235000610351562,17.299999237060547,31089,0.0,0.0
2024-10-01 10:25:00-04:00,17.280000686645508,17.280000686645508,17.225000381469727,17.2549991607666,7243,0.0,0.0
2024-10-01 10:30:00-04:00,17.2549991607666,17.295000076293945,17.239999771118164,17.280000686645508,38794,0.0,0.0
2024-10-01 10:35:00-04:00,17.28499984741211,17.309999465942383,17.264999389648438,17.304399490356445,15317,0.0,0.0
2024-10-01 10:40:00-04:00,17.299999237060547,17.309999465942383,17.280000686645508,17.299999237060547,9873,0.0,0.0
2024-10-01 10:45:00-04:00,17.315000534057617,17.31999969482422,17.27090072631836,17.27090072631836,8496,0.0,0.0
2024-10-01 10:50:00-04:00,17.274999618530273,17.299999237060547,17.264999389648438,17.270000457763672,10322,0.0,0.0
2024-10-01 10:55:00-04:00,17.270000457763672,17.295000076293945,17.270000457763672,17.28499984741211,9677,0.0,0.0
2024-10-01 11:00:00-04:00,17.290000915527344,17.299999237060547,17.264999389648438,17.274999618530273,16129,0.0,0.0
2024-10-01 11:05:00-04:00,17.270000457763672,17.270000457763672,17.225000381469727,17.225000381469727,10075,0.0,0.0
2024-10-01 11:10:00-04:00,17.229999542236328,17.229999542236328,17.200000762939453,17.225000381469727,15174,0.0,0.0
2024-10-01 11:15:00-04:00,17.225000381469727,17.239999771118164,17.200000762939453,17.239999771118164,11608,0.0,0.0
2024-10-01 11:20:00-04:00,17.25,17.28499984741211,17.25,17.280000686645508,20682,0.0,0.0
2024-10-01 11:25:00-04:00,17.280000686645508,17.346681594848633,17.280000686645508,17.346681594848633,25140,0.0,0.0
2024-10-01 11:30:00-04:00,17.34000015258789,17.399999618530273,17.34000015258789,17.395000457763672,14594,0.0,0.0
2024-10-01 11:35:00-04:00,17.389999389648438,17.389999389648438,17.3700008392334,17.389999389648438,10073,0.0,0.0
2024-10-01 11:40:00-04:00,17.389999389648438,17.405000686645508,17.385000228881836,17.395000457763672,16607,0.0,0.0
2024-10-01 11:45:00-04:00,17.389999389648438,17.415000915527344,17.360000610351562,17.40999984741211,18532,0.0,0.0
2024-10-01 11:50:00-04:00,17.40999984741211,17.420000076293945,17.399999618530273,17.415000915527344,19781,0.0,0.0
2024-10-01 11:55:00-04:00,17.415000915527344,17.415000915527344,17.34000015258789,17.34000015258789,84453,0.0,0.0
2024-10-01 12:00:00-04:00,17.329999923706055,17.360000610351562,17.31999969482422,17.344999313354492,38844,0.0,0.0
2024-10-01 12:05:00-04:00,17.354799270629883,17.3700008392334,17.344999313354492,17.344999313354492,14668,0.0,0.0
2024-10-01 12:10:00-04:00,17.344999313354492,17.360000610351562,17.334999084472656,17.360000610351562,14344,0.0,0.0
2024-10-01 12:15:00-04:00,17.354999542236328,17.354999542236328,17.325000762939453,17.334999084472656,15479,0.0,0.0
2024-10-01 12:20:00-04:00,17.34000015258789,17.360000610351562,17.329999923706055,17.329999923706055,10902,0.0,0.0
2024-10-01 12:25:00-04:00,17.34000015258789,17.360000610351562,17.325000762939453,17.350000381469727,20421,0.0,0.0
2024-10-01 12:30:00-04:00,17.360000610351562,17.360000610351562,17.28499984741211,17.325000762939453,31263,0.0,0.0
2024-10-01 12:35:00-04:00,17.31999969482422,17.334999084472656,17.311100006103516,17.315000534057617,9731,0.0,0.0
2024-10-01 12:40:00-04:00,17.31999969482422,17.325000762939453,17.28499984741211,17.295000076293945,15735,0.0,0.0
2024-10-01 12:45:00-04:00,17.295000076293945,17.295000076293945,17.264999389648438,17.270000457763672,17611,0.0,0.0
2024-10-01 12:50:00-04:00,17.280000686645508,17.350000381469727,17.280000686645508,17.34000015258789,16268,0.0,0.0
2024-10-01 12:55:00-04:00,17.34000015258789,17.364999771118164,17.315000534057617,17.350000381469727,18633,0.0,0.0
2024-10-01 13:00:00-04:00,17.34000015258789,17.344999313354492,17.290000915527344,17.290000915527344,16404,0.0,0.0
2024-10-01 13:05:00-04:00,17.290000915527344,17.290000915527344,17.270000457763672,17.28499984741211,14190,0.0,0.0
2024-10-01 13:10:00-04:00,17.28499984741211,17.28499984741211,17.2549991607666,17.260000228881836,8926,0.0,0.0
2024-10-01 13:15:00-04:00,17.260000228881836,17.264999389648438,17.229999542236328,17.235000610351562,12322,0.0,0.0
2024-10-01 13:20:00-04:00,17.239999771118164,17.2549991607666,17.21500015258789,17.219999313354492,10952,0.0,0.0
2024-10-01 13:25:00-04:00,17.209999084472656,17.219999313354492,17.204999923706055,17.210500717163086,9608,0.0,0.0
2024-10-01 13:30:00-04:00,17.21500015258789,17.25,17.209999084472656,17.25,14201,0.0,0.0
2024-10-01 13:35:00-04:00,17.25,17.25,17.225000381469727,17.239999771118164,7030,0.0,0.0
2024-10-01 13:40:00-04:00,17.235000610351562,17.239999771118164,17.204999923706055,17.239999771118164,23244,0.0,0.0
2024-10-01 13:45:00-04:00,17.235000610351562,17.239999771118164,17.229999542236328,17.235000610351562,7081,0.0,0.0
2024-10-01 13:50:00-04:00,17.229999542236328,17.239999771118164,17.225000381469727,17.235000610351562,11093,0.0,0.0
2024-10-01 13:55:00-04:00,17.235000610351562,17.270000457763672,17.235000610351562,17.260000228881836,25126,0.0,0.0
2024-10-01 14:00:00-04:00,17.264999389648438,17.290000915527344,17.264999389648438,17.280000686645508,44151,0.0,0.0
2024-10-01 14:05:00-04:00,17.280000686645508,17.295000076293945,17.270000457763672,17.290000915527344,19806,0.0,0.0
2024-10-01 14:10:00-04:00,17.280000686645508,17.295000076293945,17.264999389648438,17.295000076293945,36141,0.0,0.0
2024-10-01 14:15:00-04:00,17.299999237060547,17.325000762939453,17.299999237060547,17.309999465942383,10073,0.0,0.0
2024-10-01 14:20:00-04:00,17.325000762939453,17.329999923706055,17.31999969482422,17.31999969482422,3035,0.0,0.0
2024-10-01 14:25:00-04:00,17.329999923706055,17.334999084472656,17.309999465942383,17.31999969482422,11722,0.0,0.0
2024-10-01 14:30:00-04:00,17.325000762939453,17.350000381469727,17.325000762939453,17.334999084472656,11693,0.0,0.0
2024-10-01 14:35:00-04:00,17.329999923706055,17.344999313354492,17.31999969482422,17.325000762939453,15019,0.0,0.0
2024-10-01 14:40:00-04:00,17.329999923706055,17.34000015258789,17.325000762939453,17.329999923706055,7238,0.0,0.0
2024-10-01 14:45:00-04:00,17.334999084472656,17.344999313354492,17.329999923706055,17.334999084472656,11007,0.0,0.0
2024-10-01 14:50:00-04:00,17.329999923706055,17.34000015258789,17.309999465942383,17.31999969482422,18836,0.0,0.0
2024-10-01 14:55:00-04:00,17.325000762939453,17.34000015258789,17.31999969482422,17.334999084472656,16088,0.0,0.0
2024-10-01 15:00:00-04:00,17.334999084472656,17.334999084472656,17.30500030517578,17.30500030517578,15656,0.0,0.0
2024-10-01 15:05:00-04:00,17.30500030517578,17.334999084472656,17.30500030517578,17.334999084472656,22016,0.0,0.0
2024-10-01 15:10:00-04:00,17.334999084472656,17.34000015258789,17.315000534057617,17.325000762939453,15576,0.0,0.0
2024-10-01 15:15:00-04:00,17.31999969482422,17.325000762939453,17.290000915527344,17.295000076293945,28800,0.0,0.0
2024-10-01 15:20:00-04:00,17.295000076293945,17.309999465942383,17.290000915527344,17.30500030517578,33742,0.0,0.0
2024-10-01 15:25:00-04:00,17.30500030517578,17.329999923706055,17.299999237060547,17.325000762939453,23833,0.0,0.0
2024-10-01 15:30:00-04:00,17.325000762939453,17.325000762939453,17.264999389648438,17.264999389648438,28073,0.0,0.0
2024-10-01 15:35:00-04:00,17.266185760498047,17.280000686645508,17.239999771118164,17.264999389648438,23961,0.0,0.0
2024-10-01 15:40:00-04:00,17.264999389648438,17.270000457763672,17.25,17.260000228881836,26919,0.0,0.0
2024-10-01 15:45:00-04:00,17.260000228881836,17.260000228881836,17.219999313354492,17.225000381469727,179244,0.0,0.0
2024-10-01 15:50:00-04:00,17.229999542236328,17.239999771118164,17.18000030517578,17.204999923706055,293450,0.0,0.0
2024-10-01 15:55:00-04:00,17.204999923706055,17.260000228881836,17.200000762939453,17.25,306208,0.0,0.0
2024-10-02 09:30:00-04:00,17.280000686645508,17.329999923706055,17.25,17.295000076293945,101905,0.0,0.0
2024-10-02 09:35:00-04:00,17.299999237060547,17.450000762939453,17.299999237060547,17.450000762939453,46320,0.0,0.0
2024-10-02 09:40:00-04:00,17.459999084472656,17.469999313354492,17.420000076293945,17.46500015258789,129061,0.0,0.0
2024-10-02 09:45:00-04:00,17.469999313354492,18.209999084472656,17.440000534057617,17.575000762939453,40050,0.0,0.0
2024-10-02 09:50:00-04:00,17.575000762939453,17.600000381469727,17.475000381469727,17.575000762939453,87155,0.0,0.0
2024-10-02 09:55:00-04:00,17.56999969482422,17.639999389648438,17.56999969482422,17.59000015258789,109263,0.0,0.0
2024-10-02 10:00:00-04:00,17.59000015258789,17.6299991607666,17.545000076293945,17.610000610351562,87042,0.0,0.0
2024-10-02 10:05:00-04:00,17.604999542236328,17.68000030517578,17.594999313354492,17.670000076293945,327531,0.0,0.0
2024-10-02 10:10:00-04:00,17.670000076293945,17.704999923706055,17.645000457763672,17.684999465942383,83081,0.0,0.0
2024-10-02 10:15:00-04:00,17.670000076293945,17.729999542236328,17.670000076293945,17.71500015258789,171898,0.0,0.0
2024-10-02 10:20:00-04:00,17.719999313354492,17.729999542236328,17.665000915527344,17.719999313354492,181115,0.0,0.0
2024-10-02 10:25:00-04:00,17.71500015258789,17.770000457763672,17.709999084472656,17.75670051574707,288301,0.0,0.0
2024-10-02 10:30:00-04:00,17.760000228881836,17.764999389648438,17.709999084472656,17.7450008392334,52264,0.0,0.0
2024-10-02 10:35:00-04:00,17.739999771118164,17.764999389648438,17.725000381469727,17.7549991607666,144491,0.0,0.0
2024-10-02 10:40:00-04:00,17.7549991607666,17.78499984741211,17.735000610351562,17.7549991607666,91886,0.0,0.0
2024-10-02 10:45:00-04:00,17.760000228881836,17.81999969482422,17.7549991607666,17.81999969482422,13345,0.0,0.0
2024-10-02 10:50:00-04:00,17.81999969482422,17.81999969482422,17.770000457763672,17.770000457763672,18135,0.0,0.0
2024-10-02 10:55:00-04:00,17.770000457763672,17.80500030517578,17.760000228881836,17.770000457763672,20900,0.0,0.0
2024-10-02 11:00:00-04:00,17.770000457763672,17.780000686645508,17.770000457763672,17.774999618530273,20039,0.0,0.0
2024-10-02 11:05:00-04:00,17.774999618530273,17.780000686645508,17.729999542236328,17.729999542236328,23500,0.0,0.0
2024-10-02 11:10:00-04:00,17.739999771118164,17.739999771118164,17.690000534057617,17.71500015258789,32089,0.0,0.0
2024-10-02 11:15:00-04:00,17.719999313354492,17.75,17.719999313354492,17.75,14572,0.0,0.0
2024-10-02 11:20:00-04:00,17.75,17.75,17.709999084472656,17.75,23566,0.0,0.0
2024-10-02 11:25:00-04:00,17.7450008392334,17.809999465942383,17.7450008392334,17.809999465942383,25581,0.0,0.0
2024-10-02 11:30:00-04:00,17.809999465942383,17.81999969482422,17.65999984741211,17.65999984741211,68724,0.0,0.0
2024-10-02 11:35:00-04:00,17.65999984741211,17.719999313354492,17.65999984741211,17.719999313354492,26976,0.0,0.0
2024-10-02 11:40:00-04:00,17.729999542236328,17.764999389648438,17.719999313354492,17.760000228881836,32126,0.0,0.0
2024-10-02 11:45:00-04:00,17.7549991607666,17.770000457763672,17.709999084472656,17.71500015258789,14359,0.0,0.0
2024-10-02 11:50:00-04:00,17.719999313354492,17.799999237060547,17.719999313354492,17.799999237060547,90328,0.0,0.0
2024-10-02 11:55:00-04:00,17.799999237060547,17.809999465942383,17.760000228881836,17.790000915527344,30312,0.0,0.0
2024-10-02 12:00:00-04:00,17.78499984741211,17.799999237060547,17.764999389648438,17.764999389648438,9423,0.0,0.0
2024-10-02 12:05:00-04:00,17.764999389648438,17.790000915527344,17.760000228881836,17.78499984741211,8732,0.0,0.0
2024-10-02 12:10:00-04:00,17.78499984741211,17.799999237060547,17.780000686645508,17.78499984741211,10960,0.0,0.0
2024-10-02 12:15:00-04:00,17.790000915527344,17.80500030517578,17.770000457763672,17.774999618530273,18866,0.0,0.0
2024-10-02 12:20:00-04:00,17.770000457763672,17.81999969482422,17.770000457763672,17.815000534057617,30989,0.0,0.0
2024-10-02 12:25:00-04:00,17.815900802612305,17.815900802612305,17.764999389648438,17.764999389648438,20948,0.0,0.0
2024-10-02 12:30:00-04:00,17.760000228881836,17.760000228881836,17.725000381469727,17.735000610351562,27749,0.0,0.0
2024-10-02 12:35:00-04:00,17.735000610351562,17.7549991607666,17.729999542236328,17.7450008392334,16305,0.0,0.0
2024-10-02 12:40:00-04:00,17.7450008392334,17.75,17.729999542236328,17.729999542236328,28758,0.0,0.0
2024-10-02 12:45:00-04:00,17.735000610351562,17.739999771118164,17.71500015258789,17.729999542236328,34589,0.0,0.0
2024-10-02 12:50:00-04:00,17.729999542236328,17.75,17.719999313354492,17.7450008392334,17814,0.0,0.0
2024-10-02 12:55:00-04:00,17.7450008392334,17.7450008392334,17.71500015258789,17.725000381469727,46078,0.0,0.0
2024-10-02 13:00:00-04:00,17.725000381469727,17.7450008392334,17.709999084472656,17.7450008392334,69831,0.0,0.0
2024-10-02 13:05:00-04:00,17.7450008392334,17.75,17.725000381469727,17.729999542236328,113293,0.0,0.0
2024-10-02 13:10:00-04:00,17.725000381469727,17.729999542236328,17.684999465942383,17.69499969482422,56752,0.0,0.0
2024-10-02 13:15:00-04:00,17.69499969482422,17.700000762939453,17.68000030517578,17.690000534057617,18583,0.0,0.0
2024-10-02 13:20:00-04:00,17.690000534057617,17.69499969482422,17.674999237060547,17.68000030517578,22457,0.0,0.0
2024-10-02 13:25:00-04:00,17.684999465942383,17.729999542236328,17.68000030517578,17.709999084472656,106181,0.0,0.0
2024-10-02 13:30:00-04:00,17.709999084472656,17.709999084472656,17.700000762939453,17.709999084472656,33813,0.0,0.0
2024-10-02 13:35:00-04:00,17.709999084472656,17.719999313354492,17.690000534057617,17.704999923706055,50633,0.0,0.0
2024-10-02 13:40:00-04:00,17.704999923706055,17.725000381469727,17.704999923706055,17.71500015258789,23255,0.0,0.0
2024-10-02 13:45:00-04:00,17.709999084472656,17.735000610351562,17.709999084472656,17.729999542236328,19869,0.0,0.0
2024-10-02 13:50:00-04:00,17.729999542236328,17.7549991607666,17.729999542236328,17.75,38706,0.0,0.0
2024-10-02 13:55:00-04:00,17.7450008392334,17.770000457763672,17.739999771118164,17.75,39095,0.0,0.0
2024-10-02 14:00:00-04:00,17.75,17.770000457763672,17.7450008392334,17.75,39971,0.0,0.0
2024-10-02 14:05:00-04:00,17.75,17.760000228881836,17.75,17.75,24760,0.0,0.0
2024-10-02 14:10:00-04:00,17.7549991607666,17.764999389648438,17.75,17.7549991607666,38422,0.0,0.0
2024-10-02 14:15:00-04:00,17.753999710083008,17.764999389648438,17.7450008392334,17.75,17622,0.0,0.0
2024-10-02 14:20:00-04:00,17.75,17.764999389648438,17.739999771118164,17.7593994140625,38838,0.0,0.0
2024-10-02 14:25:00-04:00,17.7549991607666,17.7549991607666,17.700000762939453,17.719999313354492,90244,0.0,0.0
2024-10-02 14:30:00-04:00,17.709999084472656,17.729999542236328,17.704999923706055,17.719999313354492,22552,0.0,0.0
2024-10-02 14:35:00-04:00,17.719999313354492,17.729999542236328,17.709999084472656,17.725000381469727,13773,0.0,0.0
2024-10-02 14:40:00-04:00,17.725000381469727,17.75,17.719999313354492,17.75,23735,0.0,0.0
2024-10-02 14:45:00-04:00,17.75,17.760000228881836,17.739999771118164,17.760000228881836,31956,0.0,0.0
2024-10-02 14:50:00-04:00,17.7549991607666,17.799999237060547,17.7450008392334,17.798999786376953,66799,0.0,0.0
2024-10-02 14:55:00-04:00,17.795000076293945,17.81999969482422,17.770000457763672,17.815000534057617,240254,0.0,0.0
2024-10-02 15:00:00-04:00,17.815000534057617,17.825000762939453,17.80500030517578,17.815000534057617,54126,0.0,0.0
2024-10-02 15:05:00-04:00,17.815000534057617,17.819900512695312,17.799999237060547,17.815000534057617,55256,0.0,0.0
2024-10-02 15:10:00-04:00,17.815000534057617,17.815000534057617,17.780000686645508,17.795000076293945,64426,0.0,0.0
2024-10-02 15:15:00-04:00,17.795000076293945,17.799999237060547,17.790000915527344,17.795000076293945,43957,0.0,0.0
2024-10-02 15:20:00-04:00,17.790000915527344,17.80500030517578,17.790000915527344,17.80500030517578,60376,0.0,0.0
2024-10-02 15:25:00-04:00,17.80500030517578,17.809900283813477,17.774999618530273,17.795000076293945,128713,0.0,0.0
2024-10-02 15:30:00-04:00,17.795000076293945,17.799999237060547,17.75,17.764999389648438,83931,0.0,0.0
2024-10-02 15:35:00-04:00,17.764999389648438,17.768699645996094,17.729999542236328,17.729999542236328,74687,0.0,0.0
2024-10-02 15:40:00-04:00,17.729999542236328,17.760000228881836,17.729999542236328,17.7450008392334,64348,0.0,0.0
2024-10-02 15:45:00-04:00,17.7450008392334,17.770000457763672,17.739999771118164,17.764999389648438,100551,0.0,0.0
2024-10-02 15:50:00-04:00,17.760000228881836,17.790000915527344,17.75,17.774999618530273,254500,0.0,0.0
2024-10-02 15:55:00-04:00,17.774999618530273,17.780000686645508,17.75,17.774999618530273,542812,0.0,0.0
2024-10-03 09:30:00-04:00,17.600000381469727,17.68000030517578,17.510000228881836,17.565000534057617,55427,0.0,0.0
2024-10-03 09:35:00-04:00,17.56999969482422,17.56999969482422,17.5,17.5,16271,0.0,0.0
2024-10-03 09:40:00-04:00,17.489999771118164,17.540000915527344,17.485000610351562,17.489999771118164,15547,0.0,0.0
2024-10-03 09:45:00-04:00,17.489999771118164,17.530000686645508,17.399999618530273,17.40999984741211,38891,0.0,0.0
2024-10-03 09:50:00-04:00,17.40999984741211,17.43000030517578,17.3799991607666,17.43000030517578,65471,0.0,0.0
2024-10-03 09:55:00-04:00,17.445600509643555,17.450000762939453,17.40999984741211,17.43000030517578,135846,0.0,0.0
2024-10-03 10:00:00-04:00,17.440000534057617,17.579999923706055,17.424999237060547,17.579999923706055,65145,0.0,0.0
2024-10-03 10:05:00-04:00,17.575000762939453,17.6200008392334,17.565000534057617,17.6200008392334,35277,0.0,0.0
2024-10-03 10:10:00-04:00,17.625,17.625,17.510000228881836,17.545000076293945,29946,0.0,0.0
2024-10-03 10:15:00-04:00,17.549999237060547,17.645000457763672,17.549999237060547,17.610000610351562,38333,0.0,0.0
2024-10-03 10:20:00-04:00,17.600000381469727,17.614999771118164,17.5049991607666,17.530000686645508,82646,0.0,0.0
2024-10-03 10:25:00-04:00,17.530000686645508,17.54990005493164,17.5,17.520000457763672,29593,0.0,0.0
2024-10-03 10:30:00-04:00,17.510000228881836,17.53499984741211,17.450000762939453,17.53499984741211,52384,0.0,0.0
2024-10-03 10:35:00-04:00,17.540000915527344,17.545000076293945,17.520000457763672,17.540000915527344,20272,0.0,0.0
2024-10-03 10:40:00-04:00,17.540000915527344,17.540000915527344,17.450000762939453,17.459999084472656,19598,0.0,0.0
2024-10-03 10:45:00-04:00,17.454999923706055,17.540000915527344,17.454999923706055,17.530000686645508,20428,0.0,0.0
2024-10-03 10:50:00-04:00,17.524999618530273,17.53499984741211,17.520000457763672,17.520000457763672,9244,0.0,0.0
2024-10-03 10:55:00-04:00,17.520000457763672,17.524999618530273,17.4950008392334,17.5,14913,0.0,0.0
2024-10-03 11:00:00-04:00,17.485000610351562,17.485000610351562,17.454999923706055,17.454999923706055,28498,0.0,0.0
2024-10-03 11:05:00-04:00,17.454999923706055,17.5,17.45479965209961,17.469999313354492,19827,0.0,0.0
2024-10-03 11:10:00-04:00,17.469999313354492,17.479999542236328,17.440000534057617,17.46500015258789,16021,0.0,0.0
2024-10-03 11:15:00-04:00,17.46500015258789,17.485000610351562,17.450000762939453,17.475000381469727,13151,0.0,0.0
2024-10-03 11:20:00-04:00,17.479999542236328,17.510000228881836,17.46500015258789,17.4950008392334,17093,0.0,0.0
2024-10-03 11:25:00-04:00,17.4950008392334,17.5049991607666,17.475000381469727,17.5049991607666,19927,0.0,0.0
2024-10-03 11:30:00-04:00,17.5049991607666,17.530000686645508,17.5049991607666,17.524999618530273,12493,0.0,0.0
2024-10-03 11:35:00-04:00,17.530000686645508,17.540000915527344,17.514999389648438,17.514999389648438,21414,0.0,0.0
2024-10-03 11:40:00-04:00,17.514999389648438,17.579999923706055,17.510000228881836,17.579999923706055,28228,0.0,0.0
2024-10-03 11:45:00-04:00,17.575000762939453,17.579999923706055,17.520000457763672,17.520000457763672,34546,0.0,0.0
2024-10-03 11:50:00-04:00,17.520000457763672,17.55500030517578,17.520000457763672,17.540000915527344,23351,0.0,0.0
2024-10-03 11:55:00-04:00,17.545000076293945,17.559999465942383,17.524999618530273,17.524999618530273,18109,0.0,0.0
2024-10-03 12:00:00-04:00,17.524999618530273,17.540000915527344,17.524999618530273,17.53499984741211,24410,0.0,0.0
2024-10-03 12:05:00-04:00,17.53499984741211,17.559999465942383,17.53499984741211,17.559999465942383,13912,0.0,0.0
2024-10-03 12:10:00-04:00,17.55500030517578,17.565000534057617,17.549999237060547,17.565000534057617,18177,0.0,0.0
2024-10-03 12:15:00-04:00,17.565000534057617,17.575000762939453,17.559999465942383,17.56999969482422,14398,0.0,0.0
2024-10-03 12:20:00-04:00,17.56999969482422,17.579999923706055,17.549999237060547,17.565000534057617,26010,0.0,0.0
2024-10-03 12:25:00-04:00,17.565000534057617,17.584999084472656,17.559999465942383,17.565000534057617,18793,0.0,0.0
2024-10-03 12:30:00-04:00,17.559999465942383,17.559999465942383,17.524999618530273,17.545000076293945,26611,0.0,0.0
2024-10-03 12:35:00-04:00,17.54990005493164,17.549999237060547,17.510000228881836,17.510000228881836,20840,0.0,0.0
2024-10-03 12:40:00-04:00,17.514999389648438,17.514999389648438,17.4950008392334,17.5049991607666,19405,0.0,0.0
2024-10-03 12:45:00-04:00,17.5,17.5049991607666,17.469999313354492,17.469999313354492,27068,0.0,0.0
2024-10-03 12:50:00-04:00,17.469999313354492,17.485000610351562,17.459999084472656,17.485000610351562,21338,0.0,0.0
2024-10-03 12:55:00-04:00,17.485000610351562,17.540000915527344,17.485000610351562,17.4950008392334,32125,0.0,0.0
2024-10-03 13:00:00-04:00,17.4950008392334,17.4950008392334,17.459999084472656,17.459999084472656,16830,0.0,0.0
2024-10-03 13:05:00-04:00,17.46500015258789,17.489999771118164,17.46500015258789,17.475000381469727,19290,0.0,0.0
2024-10-03 13:10:00-04:00,17.469999313354492,17.469999313354492,17.389999389648438,17.389999389648438,119807,0.0,0.0
2024-10-03 13:15:00-04:00,17.389999389648438,17.395000457763672,17.3799991607666,17.385000228881836,16167,0.0,0.0
2024-10-03 13:20:00-04:00,17.385000228881836,17.430999755859375,17.385000228881836,17.424999237060547,27665,0.0,0.0
2024-10-03 13:25:00-04:00,17.420000076293945,17.44499969482422,17.389999389648438,17.395000457763672,14338,0.0,0.0
2024-10-03 13:30:00-04:00,17.389999389648438,17.415000915527344,17.389999389648438,17.40999984741211,13270,0.0,0.0
2024-10-03 13:35:00-04:00,17.415000915527344,17.43000030517578,17.399999618530273,17.399999618530273,16770,0.0,0.0
2024-10-03 13:40:00-04:00,17.395000457763672,17.40999984741211,17.364999771118164,17.409000396728516,29087,0.0,0.0
2024-10-03 13:45:00-04:00,17.40999984741211,17.43000030517578,17.40999984741211,17.424999237060547,15092,0.0,0.0
2024-10-03 13:50:00-04:00,17.424999237060547,17.43000030517578,17.420000076293945,17.424999237060547,15734,0.0,0.0
2024-10-03 13:55:00-04:00,17.424999237060547,17.450000762939453,17.415000915527344,17.440000534057617,21469,0.0,0.0
2024-10-03 14:00:00-04:00,17.440000534057617,17.44499969482422,17.43000030517578,17.44499969482422,11787,0.0,0.0
2024-10-03 14:05:00-04:00,17.44499969482422,17.46500015258789,17.44499969482422,17.46500015258789,10382,0.0,0.0
2024-10-03 14:10:00-04:00,17.46500015258789,17.469999313354492,17.459999084472656,17.46500015258789,13374,0.0,0.0
2024-10-03 14:15:00-04:00,17.46500015258789,17.479999542236328,17.459999084472656,17.479999542236328,30947,0.0,0.0
2024-10-03 14:20:00-04:00,17.479999542236328,17.489999771118164,17.44499969482422,17.469999313354492,22522,0.0,0.0
2024-10-03 14:25:00-04:00,17.469999313354492,17.479999542236328,17.46500015258789,17.475000381469727,8843,0.0,0.0
2024-10-03 14:30:00-04:00,17.469999313354492,17.479999542236328,17.459999084472656,17.46500015258789,19073,0.0,0.0
2024-10-03 14:35:00-04:00,17.46500015258789,17.469900131225586,17.434999465942383,17.434999465942383,20624,0.0,0.0
2024-10-03 14:40:00-04:00,17.440000534057617,17.459999084472656,17.434999465942383,17.454999923706055,12269,0.0,0.0
2024-10-03 14:45:00-04:00,17.459999084472656,17.459999084472656,17.450000762939453,17.454999923706055,17177,0.0,0.0
2024-10-03 14:50:00-04:00,17.454999923706055,17.469999313354492,17.44499969482422,17.44499969482422,21513,0.0,0.0
2024-10-03 14:55:00-04:00,17.44499969482422,17.454999923706055,17.43000030517578,17.43000030517578,17784,0.0,0.0
2024-10-03 15:00:00-04:00,17.43000030517578,17.434999465942383,17.420000076293945,17.434999465942383,20881,0.0,0.0
2024-10-03 15:05:00-04:00,17.434999465942383,17.434999465942383,17.43000030517578,17.434999465942383,26912,0.0,0.0
2024-10-03 15:10:00-04:00,17.434999465942383,17.434999465942383,17.420000076293945,17.424999237060547,18334,0.0,0.0
2024-10-03 15:15:00-04:00,17.424999237060547,17.434999465942383,17.420000076293945,17.434999465942383,11859,0.0,0.0
2024-10-03 15:20:00-04:00,17.434999465942383,17.454999923706055,17.4325008392334,17.44499969482422,24313,0.0,0.0
2024-10-03 15:25:00-04:00,17.44499969482422,17.446800231933594,17.42009925842285,17.434999465942383,25185,0.0,0.0
2024-10-03 15:30:00-04:00,17.43600082397461,17.440000534057617,17.42300033569336,17.434999465942383,28235,0.0,0.0
2024-10-03 15:35:00-04:00,17.43000030517578,17.434999465942383,17.385000228881836,17.389999389648438,117037,0.0,0.0
2024-10-03 15:40:00-04:00,17.389999389648438,17.389999389648438,17.375,17.385000228881836,26649,0.0,0.0
2024-10-03 15:45:00-04:00,17.385000228881836,17.399999618530273,17.375,17.395000457763672,50898,0.0,0.0
2024-10-03 15:50:00-04:00,17.395000457763672,17.43000030517578,17.391300201416016,17.424999237060547,128380,0.0,0.0
2024-10-03 15:55:00-04:00,17.43000030517578,17.469999313354492,17.43000030517578,17.469999313354492,341912,0.0,0.0
2024-10-04 09:30:00-04:00,17.809999465942383,17.860000610351562,17.690000534057617,17.75,42553,0.0,0.0
2024-10-04 09:35:00-04:00,17.7549991607666,17.829999923706055,17.739999771118164,17.795000076293945,20469,0.0,0.0
2024-10-04 09:40:00-04:00,17.799999237060547,17.815000534057617,17.7549991607666,17.80500030517578,19727,0.0,0.0
2024-10-04 09:45:00-04:00,17.80500030517578,17.875,17.795000076293945,17.829999923706055,108883,0.0,0.0
2024-10-04 09:50:00-04:00,17.834999084472656,17.854999542236328,17.78499984741211,17.790000915527344,132774,0.0,0.0
2024-10-04 09:55:00-04:00,17.795000076293945,17.84000015258789,17.760000228881836,17.834999084472656,198097,0.0,0.0
2024-10-04 10:00:00-04:00,17.84000015258789,17.84000015258789,17.78499984741211,17.815000534057617,40676,0.0,0.0
2024-10-04 10:05:00-04:00,17.825000762939453,17.895000457763672,17.795000076293945,17.834999084472656,57691,0.0,0.0
2024-10-04 10:10:00-04:00,17.829999923706055,17.8700008392334,17.799999237060547,17.850000381469727,32502,0.0,0.0
2024-10-04 10:15:00-04:00,17.850000381469727,17.96500015258789,17.850000381469727,17.954999923706055,27761,0.0,0.0
2024-10-04 10:20:00-04:00,17.954999923706055,17.954999923706055,17.829999923706055,17.854999542236328,60860,0.0,0.0
2024-10-04 10:25:00-04:00,17.860000610351562,17.8700008392334,17.700000762939453,17.7549991607666,43250,0.0,0.0
2024-10-04 10:30:00-04:00,17.7549991607666,17.790000915527344,17.690000534057617,17.7450008392334,58099,0.0,0.0
2024-10-04 10:35:00-04:00,17.739999771118164,17.7450008392334,17.68000030517578,17.690000534057617,18545,0.0,0.0
2024-10-04 10:40:00-04:00,17.700000762939453,17.725000381469727,17.690000534057617,17.709999084472656,12707,0.0,0.0
2024-10-04 10:45:00-04:00,17.71500015258789,17.75,17.700000762939453,17.739999771118164,29127,0.0,0.0
2024-10-04 10:50:00-04:00,17.729999542236328,17.7450008392334,17.709999084472656,17.719999313354492,17735,0.0,0.0
2024-10-04 10:55:00-04:00,17.719999313354492,17.7549991607666,17.719999313354492,17.7549991607666,13979,0.0,0.0
2024-10-04 11:00:00-04:00,17.7549991607666,17.774999618530273,17.7549991607666,17.764999389648438,6390,0.0,0.0
2024-10-04 11:05:00-04:00,17.770000457763672,17.799999237060547,17.735000610351562,17.735000610351562,26694,0.0,0.0
2024-10-04 11:10:00-04:00,17.739999771118164,17.75,17.715099334716797,17.719999313354492,17625,0.0,0.0
2024-10-04 11:15:00-04:00,17.709999084472656,17.71500015258789,17.68000030517578,17.684999465942383,13032,0.0,0.0
2024-10-04 11:20:00-04:00,17.68000030517578,17.684999465942383,17.594999313354492,17.614999771118164,20104,0.0,0.0
2024-10-04 11:25:00-04:00,17.610000610351562,17.635000228881836,17.600000381469727,17.625,13207,0.0,0.0
2024-10-04 11:30:00-04:00,17.610000610351562,17.625,17.594999313354492,17.6200008392334,9193,0.0,0.0
2024-10-04 11:35:00-04:00,17.6200008392334,17.639999389648438,17.614999771118164,17.635000228881836,21084,0.0,0.0
2024-10-04 11:40:00-04:00,17.639999389648438,17.65999984741211,17.614999771118164,17.6200008392334,24733,0.0,0.0
2024-10-04 11:45:00-04:00,17.6200008392334,17.645000457763672,17.614999771118164,17.645000457763672,5478,0.0,0.0
2024-10-04 11:50:00-04:00,17.645000457763672,17.69849967956543,17.645000457763672,17.69499969482422,13605,0.0,0.0
2024-10-04 11:55:00-04:00,17.690000534057617,17.69499969482422,17.68000030517578,17.690000534057617,4745,0.0,0.0
2024-10-04 12:00:00-04:00,17.700000762939453,17.704999923706055,17.700000762939453,17.704999923706055,3207,0.0,0.0
2024-10-04 12:05:00-04:00,17.709999084472656,17.709999084472656,17.674999237060547,17.684999465942383,8875,0.0,0.0
2024-10-04 12:10:00-04:00,17.684999465942383,17.690000534057617,17.68000030517578,17.68000030517578,5341,0.0,0.0
2024-10-04 12:15:00-04:00,17.68000030517578,17.690000534057617,17.665000915527344,17.665000915527344,22276,0.0,0.0
2024-10-04 12:20:00-04:00,17.670000076293945,17.674999237060547,17.625,17.625,17101,0.0,0.0
2024-10-04 12:25:00-04:00,17.6200008392334,17.6299991607666,17.612499237060547,17.6200008392334,12520,0.0,0.0
2024-10-04 12:30:00-04:00,17.610000610351562,17.6299991607666,17.604999542236328,17.6299991607666,14377,0.0,0.0
2024-10-04 12:35:00-04:00,17.625,17.674999237060547,17.610000610351562,17.665000915527344,19632,0.0,0.0
2024-10-04 12:40:00-04:00,17.65999984741211,17.65999984741211,17.639999389648438,17.649999618530273,8774,0.0,0.0
2024-10-04 12:45:00-04:00,17.649999618530273,17.655000686645508,17.645000457763672,17.645000457763672,11241,0.0,0.0
2024-10-04 12:50:00-04:00,17.649999618530273,17.65999984741211,17.635000228881836,17.655000686645508,16025,0.0,0.0
2024-10-04 12:55:00-04:00,17.6560001373291,17.665000915527344,17.645000457763672,17.645000457763672,11130,0.0,0.0
2024-10-04 13:00:00-04:00,17.649999618530273,17.68000030517578,17.645000457763672,17.674999237060547,18139,0.0,0.0
2024-10-04 13:05:00-04:00,17.670000076293945,17.684999465942383,17.670000076293945,17.670000076293945,8575,0.0,0.0
2024-10-04 13:10:00-04:00,17.68000030517578,17.704999923706055,17.68000030517578,17.704999923706055,12618,0.0,0.0
2024-10-04 13:15:00-04:00,17.704999923706055,17.739999771118164,17.704999923706055,17.733800888061523,30398,0.0,0.0
2024-10-04 13:20:00-04:00,17.739999771118164,17.7549991607666,17.729999542236328,17.735000610351562,98353,0.0,0.0
2024-10-04 13:25:00-04:00,17.739999771118164,17.7450008392334,17.725000381469727,17.725000381469727,42679,0.0,0.0
2024-10-04 13:30:00-04:00,17.719999313354492,17.729999542236328,17.709999084472656,17.725000381469727,16890,0.0,0.0
2024-10-04 13:35:00-04:00,17.725000381469727,17.729999542236328,17.68000030517578,17.709999084472656,24037,0.0,0.0
2024-10-04 13:40:00-04:00,17.71500015258789,17.770000457763672,17.71500015258789,17.770000457763672,19517,0.0,0.0
2024-10-04 13:45:00-04:00,17.764999389648438,17.764999389648438,17.7450008392334,17.7450008392334,12001,0.0,0.0
2024-10-04 13:50:00-04:00,17.739999771118164,17.739999771118164,17.709999084472656,17.709999084472656,6231,0.0,0.0
2024-10-04 13:55:00-04:00,17.709999084472656,17.709999084472656,17.670000076293945,17.670000076293945,40515,0.0,0.0
2024-10-04 14:00:00-04:00,17.670000076293945,17.700000762939453,17.665000915527344,17.700000762939453,31975,0.0,0.0
2024-10-04 14:05:00-04:00,17.69499969482422,17.7549991607666,17.69499969482422,17.75,97175,0.0,0.0
2024-10-04 14:10:00-04:00,17.7450008392334,17.75,17.71500015258789,17.7450008392334,40431,0.0,0.0
2024-10-04 14:15:00-04:00,17.739999771118164,17.7549991607666,17.735000610351562,17.7549991607666,15689,0.0,0.0
2024-10-04 14:20:00-04:00,17.7549991607666,17.770000457763672,17.74880027770996,17.75,21352,0.0,0.0
2024-10-04 14:25:00-04:00,17.75,17.764999389648438,17.7450008392334,17.7549991607666,20458,0.0,0.0
2024-10-04 14:30:00-04:00,17.75,17.7549991607666,17.725000381469727,17.7549991607666,18148,0.0,0.0
2024-10-04 14:35:00-04:00,17.75,17.760000228881836,17.75,17.7549991607666,6480,0.0,0.0
2024-10-04 14:40:00-04:00,17.760000228881836,17.770000457763672,17.7549991607666,17.764999389648438,12816,0.0,0.0
2024-10-04 14:45:00-04:00,17.770000457763672,17.790000915527344,17.760000228881836,17.790000915527344,10680,0.0,0.0
2024-10-04 14:50:00-04:00,17.78499984741211,17.80500030517578,17.780000686645508,17.78499984741211,24356,0.0,0.0
2024-10-04 14:55:00-04:00,17.78499984741211,17.790000915527344,17.774999618530273,17.78499984741211,22432,0.0,0.0
2024-10-04 15:00:00-04:00,17.78499984741211,17.78499984741211,17.7549991607666,17.7549991607666,18831,0.0,0.0
2024-10-04 15:05:00-04:00,17.760000228881836,17.790000915527344,17.7549991607666,17.78499984741211,34409,0.0,0.0
2024-10-04 15:10:00-04:00,17.78499984741211,17.78499984741211,17.739999771118164,17.7450008392334,34354,0.0,0.0
2024-10-04 15:15:00-04:00,17.7450008392334,17.774999618530273,17.7450008392334,17.760000228881836,36243,0.0,0.0
2024-10-04 15:20:00-04:00,17.760000228881836,17.80500030517578,17.760000228881836,17.790000915527344,26054,0.0,0.0
2024-10-04 15:25:00-04:00,17.795000076293945,17.799999237060547,17.770000457763672,17.795000076293945,35336,0.0,0.0
2024-10-04 15:30:00-04:00,17.795000076293945,17.795000076293945,17.764999389648438,17.790000915527344,46328,0.0,0.0
2024-10-04 15:35:00-04:00,17.790000915527344,17.795000076293945,17.7549991607666,17.760000228881836,58498,0.0,0.0
2024-10-04 15:40:00-04:00,17.760000228881836,17.774999618530273,17.7450008392334,17.770000457763672,60449,0.0,0.0
2024-10-04 15:45:00-04:00,17.770000457763672,17.780000686645508,17.75,17.7549991607666,40693,0.0,0.0
2024-10-04 15:50:00-04:00,17.75,17.760000228881836,17.725000381469727,17.7450008392334,112647,0.0,0.0
2024-10-04 15:55:00-04:00,17.739999771118164,17.75,17.725000381469727,17.75,268050,0.0,0.0
2024-10-07 09:30:00-04:00,17.690000534057617,17.700000762939453,17.604999542236328,17.6200008392334,25631,0.0,0.0
2024-10-07 09:35:00-04:00,17.6200008392334,17.670000076293945,17.59000015258789,17.639999389648438,8586,0.0,0.0
2024-10-07 09:40:00-04:00,17.6299991607666,17.649999618530273,17.610000610351562,17.649999618530273,13040,0.0,0.0
2024-10-07 09:45:00-04:00,17.649999618530273,17.649999618530273,17.600000381469727,17.600000381469727,52424,0.0,0.0
2024-10-07 09:50:00-04:00,17.59000015258789,17.610000610351562,17.56999969482422,17.594999313354492,29809,0.0,0.0
2024-10-07 09:55:00-04:00,17.604999542236328,17.610000610351562,17.549999237060547,17.55500030517578,114908,0.0,0.0
2024-10-07 10:00:00-04:00,17.549999237060547,17.59000015258789,17.549999237060547,17.575000762939453,24711,0.0,0.0
2024-10-07 10:05:00-04:00,17.56999969482422,17.6200008392334,17.56999969482422,17.614999771118164,19891,0.0,0.0
2024-10-07 10:10:00-04:00,17.6299991607666,17.690000534057617,17.6299991607666,17.690000534057617,10678,0.0,0.0
2024-10-07 10:15:00-04:00,17.684999465942383,17.690000534057617,17.639999389648438,17.649999618530273,22080,0.0,0.0
2024-10-07 10:20:00-04:00,17.64929962158203,17.65999984741211,17.6200008392334,17.6200008392334,8508,0.0,0.0
2024-10-07 10:25:00-04:00,17.6200008392334,17.625,17.600000381469727,17.6200008392334,13249,0.0,0.0
2024-10-07 10:30:00-04:00,17.6200008392334,17.639999389648438,17.59000015258789,17.59000015258789,159344,0.0,0.0
2024-10-07 10:35:00-04:00,17.594999313354492,17.639999389648438,17.59000015258789,17.610000610351562,40998,0.0,0.0
2024-10-07 10:40:00-04:00,17.614999771118164,17.614999771118164,17.565000534057617,17.579999923706055,14541,0.0,0.0
2024-10-07 10:45:00-04:00,17.584999084472656,17.600000381469727,17.579999923706055,17.579999923706055,7720,0.0,0.0
2024-10-07 10:50:00-04:00,17.584999084472656,17.594999313354492,17.56999969482422,17.56999969482422,20972,0.0,0.0
2024-10-07 10:55:00-04:00,17.56999969482422,17.575000762939453,17.540000915527344,17.545000076293945,27179,0.0,0.0
2024-10-07 11:00:00-04:00,17.540000915527344,17.545000076293945,17.520000457763672,17.53499984741211,9791,0.0,0.0
2024-10-07 11:05:00-04:00,17.53499984741211,17.549999237060547,17.524999618530273,17.545000076293945,12487,0.0,0.0
2024-10-07 11:10:00-04:00,17.545000076293945,17.559999465942383,17.540000915527344,17.55500030517578,17097,0.0,0.0
2024-10-07 11:15:00-04:00,17.549999237060547,17.559999465942383,17.549999237060547,17.549999237060547,10366,0.0,0.0
2024-10-07 11:20:00-04:00,17.549999237060547,17.565000534057617,17.545000076293945,17.55500030517578,33089,0.0,0.0
2024-10-07 11:25:00-04:00,17.559999465942383,17.56999969482422,17.530000686645508,17.545000076293945,22938,0.0,0.0
2024-10-07 11:30:00-04:00,17.530000686645508,17.53499984741211,17.5,17.510000228881836,12578,0.0,0.0
2024-10-07 11:35:00-04:00,17.510000228881836,17.524999618530273,17.5,17.524999618530273,9270,0.0,0.0
2024-10-07 11:40:00-04:00,17.524999618530273,17.524999618530273,17.479999542236328,17.485000610351562,28000,0.0,0.0
2024-10-07 11:45:00-04:00,17.489999771118164,17.5049991607666,17.485000610351562,17.489999771118164,10926,0.0,0.0
2024-10-07 11:50:00-04:00,17.4950008392334,17.4950008392334,17.479999542236328,17.485000610351562,9680,0.0,0.0
2024-10-07 11:55:00-04:00,17.479999542236328,17.489999771118164,17.459999084472656,17.479999542236328,12914,0.0,0.0
2024-10-07 12:00:00-04:00,17.479999542236328,17.5,17.479999542236328,17.489999771118164,5702,0.0,0.0
2024-10-07 12:05:00-04:00,17.4950008392334,17.5049991607666,17.475000381469727,17.485000610351562,19145,0.0,0.0
2024-10-07 12:10:00-04:00,17.479999542236328,17.5,17.46500015258789,17.4950008392334,21675,0.0,0.0
2024-10-07 12:15:00-04:00,17.489999771118164,17.520000457763672,17.489999771118164,17.514999389648438,4696,0.0,0.0
2024-10-07 12:20:00-04:00,17.514999389648438,17.524999618530273,17.510000228881836,17.524999618530273,6142,0.0,0.0
2024-10-07 12:25:00-04:00,17.520000457763672,17.53499984741211,17.520000457763672,17.524999618530273,11921,0.0,0.0
2024-10-07 12:30:00-04:00,17.520000457763672,17.520000457763672,17.5049991607666,17.514999389648438,18781,0.0,0.0
2024-10-07 12:35:00-04:00,17.514999389648438,17.514999389648438,17.510000228881836,17.514999389648438,6094,0.0,0.0
2024-10-07 12:40:00-04:00,17.513999938964844,17.514999389648438,17.489999771118164,17.489999771118164,16157,0.0,0.0
2024-10-07 12:45:00-04:00,17.489999771118164,17.5,17.489999771118164,17.4950008392334,5511,0.0,0.0
2024-10-07 12:50:00-04:00,17.5,17.514999389648438,17.4950008392334,17.510000228881836,14898,0.0,0.0
2024-10-07 12:55:00-04:00,17.5049991607666,17.520000457763672,17.503999710083008,17.514999389648438,7309,0.0,0.0
2024-10-07 13:00:00-04:00,17.520000457763672,17.520000457763672,17.5049991607666,17.5049991607666,10932,0.0,0.0
2024-10-07 13:05:00-04:00,17.510000228881836,17.514999389648438,17.489999771118164,17.489999771118164,13254,0.0,0.0
2024-10-07 13:10:00-04:00,17.489999771118164,17.5,17.485000610351562,17.5,10916,0.0,0.0
2024-10-07 13:15:00-04:00,17.5,17.510000228881836,17.489999771118164,17.4950008392334,11600,0.0,0.0
2024-10-07 13:20:00-04:00,17.4950008392334,17.5049991607666,17.475000381469727,17.485000610351562,13206,0.0,0.0
2024-10-07 13:25:00-04:00,17.485000610351562,17.5049991607666,17.479999542236328,17.4950008392334,16369,0.0,0.0
2024-10-07 13:30:00-04:00,17.4950008392334,17.4950008392334,17.46500015258789,17.475000381469727,20720,0.0,0.0
2024-10-07 13:35:00-04:00,17.479999542236328,17.4950008392334,17.475000381469727,17.475000381469727,19775,0.0,0.0
2024-10-07 13:40:00-04:00,17.469999313354492,17.469999313354492,17.43000030517578,17.454999923706055,35065,0.0,0.0
2024-10-07 13:45:00-04:00,17.454999923706055,17.469999313354492,17.450000762939453,17.454999923706055,6811,0.0,0.0
2024-10-07 13:50:00-04:00,17.459999084472656,17.46500015258789,17.434999465942383,17.459999084472656,10925,0.0,0.0
2024-10-07 13:55:00-04:00,17.454999923706055,17.459999084472656,17.450000762939453,17.459999084472656,4989,0.0,0.0
2024-10-07 14:00:00-04:00,17.45359992980957,17.45359992980957,17.424999237060547,17.43000030517578,14584,0.0,0.0
2024-10-07 14:05:00-04:00,17.424999237060547,17.440000534057617,17.424999237060547,17.440000534057617,6556,0.0,0.0
2024-10-07 14:10:00-04:00,17.434999465942383,17.46500015258789,17.434999465942383,17.454999923706055,12370,0.0,0.0
2024-10-07 14:15:00-04:00,17.459999084472656,17.459999084472656,17.449899673461914,17.450000762939453,7834,0.0,0.0
2024-10-07 14:20:00-04:00,17.44499969482422,17.459999084472656,17.44499969482422,17.454999923706055,5720,0.0,0.0
2024-10-07 14:25:00-04:00,17.454999923706055,17.469999313354492,17.454999923706055,17.454999923706055,10534,0.0,0.0
2024-10-07 14:30:00-04:00,17.454999923706055,17.454999923706055,17.375,17.450000762939453,60901,0.0,0.0
2024-10-07 14:35:00-04:00,17.440000534057617,17.440000534057617,17.40999984741211,17.420000076293945,12691,0.0,0.0
2024-10-07 14:40:00-04:00,17.420000076293945,17.440000534057617,17.420000076293945,17.424999237060547,11549,0.0,0.0
2024-10-07 14:45:00-04:00,17.43000030517578,17.43000030517578,17.34000015258789,17.360000610351562,26518,0.0,0.0
2024-10-07 14:50:00-04:00,17.360000610351562,17.385000228881836,17.350000381469727,17.3799991607666,9860,0.0,0.0
2024-10-07 14:55:00-04:00,17.389999389648438,17.399999618530273,17.3700008392334,17.3799991607666,8994,0.0,0.0
2024-10-07 15:00:00-04:00,17.375,17.40999984741211,17.375,17.405000686645508,20348,0.0,0.0
2024-10-07 15:05:00-04:00,17.40999984741211,17.434999465942383,17.405000686645508,17.434999465942383,10970,0.0,0.0
2024-10-07 15:10:00-04:00,17.434999465942383,17.485000610351562,17.424999237060547,17.485000610351562,31124,0.0,0.0
2024-10-07 15:15:00-04:00,17.489999771118164,17.524999618530273,17.489999771118164,17.524999618530273,26978,0.0,0.0
2024-10-07 15:20:00-04:00,17.520000457763672,17.530000686645508,17.510000228881836,17.520000457763672,19557,0.0,0.0
2024-10-07 15:25:00-04:00,17.514999389648438,17.520000457763672,17.5049991607666,17.520000457763672,24587,0.0,0.0
2024-10-07 15:30:00-04:00,17.520000457763672,17.520000457763672,17.5049991607666,17.514999389648438,25727,0.0,0.0
2024-10-07 15:35:00-04:00,17.514999389648438,17.559999465942383,17.5,17.559999465942383,78575,0.0,0.0
2024-10-07 15:40:00-04:00,17.559999465942383,17.59000015258789,17.549999237060547,17.59000015258789,71943,0.0,0.0
2024-10-07 15:45:00-04:00,17.589799880981445,17.610000610351562,17.579999923706055,17.604999542236328,64405,0.0,0.0
2024-10-07 15:50:00-04:00,17.610000610351562,17.649999618530273,17.604999542236328,17.645000457763672,129594,0.0,0.0
2024-10-07 15:55:00-04:00,17.645000457763672,17.665000915527344,17.610000610351562,17.6200008392334,503871,0.0,0.0
2024-10-08 09:30:00-04:00,17.670000076293945,17.670000076293945,17.44499969482422,17.454999923706055,44355,0.0,0.0
2024-10-08 09:35:00-04:00,17.450000762939453,17.46500015258789,17.43000030517578,17.46500015258789,11740,0.0,0.0
2024-10-08 09:40:00-04:00,17.457500457763672,17.485000610351562,17.434999465942383,17.469999313354492,9320,0.0,0.0
2024-10-08 09:45:00-04:00,17.469999313354492,17.510000228881836,17.454999923706055,17.510000228881836,22571,0.0,0.0
2024-10-08 09:50:00-04:00,17.5049991607666,17.5049991607666,17.46500015258789,17.5,16010,0.0,0.0
2024-10-08 09:55:00-04:00,17.5049991607666,17.540000915527344,17.5,17.53499984741211,18836,0.0,0.0
2024-10-08 10:00:00-04:00,17.53499984741211,17.584999084472656,17.53499984741211,17.559999465942383,19596,0.0,0.0
2024-10-08 10:05:00-04:00,17.573400497436523,17.575000762939453,17.514999389648438,17.514999389648438,22884,0.0,0.0
2024-10-08 10:10:00-04:00,17.510000228881836,17.520000457763672,17.459999084472656,17.459999084472656,14720,0.0,0.0
2024-10-08 10:15:00-04:00,17.46500015258789,17.479999542236328,17.450000762939453,17.46500015258789,21783,0.0,0.0
2024-10-08 10:20:00-04:00,17.469999313354492,17.469999313354492,17.420000076293945,17.420000076293945,9881,0.0,0.0
2024-10-08 10:25:00-04:00,17.43000030517578,17.450000762939453,17.424999237060547,17.450000762939453,9364,0.0,0.0
2024-10-08 10:30:00-04:00,17.434600830078125,17.450000762939453,17.43000030517578,17.440000534057617,9628,0.0,0.0
2024-10-08 10:35:00-04:00,17.43000030517578,17.440000534057617,17.415000915527344,17.434999465942383,11960,0.0,0.0
2024-10-08 10:40:00-04:00,17.434999465942383,17.514999389648438,17.415000915527344,17.459999084472656,47178,0.0,0.0
2024-10-08 10:45:00-04:00,17.46500015258789,17.530000686645508,17.454999923706055,17.5,23086,0.0,0.0
2024-10-08 10:50:00-04:00,17.5,17.5,17.44499969482422,17.459999084472656,91224,0.0,0.0
2024-10-08 10:55:00-04:00,17.46500015258789,17.469999313354492,17.440000534057617,17.440000534057617,8304,0.0,0.0
2024-10-08 11:00:00-04:00,17.454999923706055,17.485000610351562,17.454999923706055,17.485000610351562,12537,0.0,0.0
2024-10-08 11:05:00-04:00,17.485000610351562,17.489999771118164,17.475000381469727,17.485000610351562,3910,0.0,0.0
2024-10-08 11:10:00-04:00,17.485000610351562,17.510000228881836,17.46500015258789,17.46500015258789,92053,0.0,0.0
2024-10-08 11:15:00-04:00,17.46500015258789,17.469999313354492,17.450000762939453,17.450000762939453,7976,0.0,0.0
2024-10-08 11:20:00-04:00,17.454999923706055,17.459999084472656,17.440000534057617,17.450000762939453,11137,0.0,0.0
2024-10-08 11:25:00-04:00,17.450000762939453,17.459999084472656,17.44499969482422,17.44499969482422,9401,0.0,0.0
2024-10-08 11:30:00-04:00,17.450000762939453,17.489999771118164,17.399999618530273,17.399999618530273,80088,0.0,0.0
2024-10-08 11:35:00-04:00,17.405000686645508,17.420000076293945,17.389999389648438,17.415000915527344,9611,0.0,0.0
2024-10-08 11:40:00-04:00,17.415000915527344,17.420000076293945,17.395000457763672,17.395000457763672,23154,0.0,0.0
2024-10-08 11:45:00-04:00,17.389999389648438,17.399999618530273,17.3799991607666,17.3799991607666,7362,0.0,0.0
2024-10-08 11:50:00-04:00,17.389999389648438,17.389999389648438,17.3700008392334,17.385000228881836,34536,0.0,0.0
2024-10-08 11:55:00-04:00,17.385000228881836,17.43000030517578,17.385000228881836,17.424999237060547,35852,0.0,0.0
2024-10-08 12:00:00-04:00,17.43000030517578,17.44499969482422,17.421300888061523,17.44499969482422,11531,0.0,0.0
2024-10-08 12:05:00-04:00,17.44499969482422,17.469999313354492,17.440000534057617,17.469999313354492,14942,0.0,0.0
2024-10-08 12:10:00-04:00,17.479999542236328,17.510000228881836,17.479999542236328,17.5049991607666,12752,0.0,0.0
2024-10-08 12:15:00-04:00,17.5049991607666,17.510000228881836,17.4950008392334,17.5049991607666,11035,0.0,0.0
2024-10-08 12:20:00-04:00,17.5049991607666,17.5049991607666,17.47010040283203,17.475000381469727,12078,0.0,0.0
2024-10-08 12:25:00-04:00,17.475000381469727,17.4950008392334,17.475000381469727,17.494400024414062,12349,0.0,0.0
2024-10-08 12:30:00-04:00,17.489999771118164,17.4950008392334,17.489999771118164,17.4950008392334,6017,0.0,0.0
2024-10-08 12:35:00-04:00,17.5,17.510000228881836,17.4950008392334,17.510000228881836,5307,0.0,0.0
2024-10-08 12:40:00-04:00,17.510000228881836,17.510000228881836,17.489999771118164,17.489999771118164,16734,0.0,0.0
2024-10-08 12:45:00-04:00,17.4950008392334,17.50909996032715,17.485000610351562,17.506999969482422,13527,0.0,0.0
2024-10-08 12:50:00-04:00,17.5049991607666,17.5049991607666,17.489999771118164,17.5,7821,0.0,0.0
2024-10-08 12:55:00-04:00,17.4950008392334,17.4950008392334,17.459999084472656,17.46500015258789,10059,0.0,0.0
2024-10-08 13:00:00-04:00,17.469999313354492,17.469999313354492,17.44499969482422,17.44499969482422,4485,0.0,0.0
2024-10-08 13:05:00-04:00,17.44499969482422,17.44499969482422,17.41010093688965,17.41010093688965,19174,0.0,0.0
2024-10-08 13:10:00-04:00,17.420000076293945,17.42099952697754,17.389999389648438,17.389999389648438,43413,0.0,0.0
2024-10-08 13:15:00-04:00,17.389999389648438,17.389999389648438,17.360000610351562,17.385000228881836,16052,0.0,0.0
2024-10-08 13:20:00-04:00,17.385000228881836,17.405000686645508,17.385000228881836,17.399999618530273,15084,0.0,0.0
2024-10-08 13:25:00-04:00,17.399999618530273,17.405000686645508,17.395000457763672,17.395000457763672,4063,0.0,0.0
2024-10-08 13:30:00-04:00,17.395000457763672,17.395000457763672,17.3700008392334,17.375,8254,0.0,0.0
2024-10-08 13:35:00-04:00,17.375,17.375,17.354999542236328,17.364999771118164,16573,0.0,0.0
2024-10-08 13:40:00-04:00,17.364999771118164,17.385000228881836,17.360000610351562,17.3700008392334,24806,0.0,0.0
2024-10-08 13:45:00-04:00,17.364999771118164,17.364999771118164,17.31999969482422,17.325000762939453,21152,0.0,0.0
2024-10-08 13:50:00-04:00,17.322500228881836,17.350000381469727,17.31999969482422,17.34000015258789,17645,0.0,0.0
2024-10-08 13:55:00-04:00,17.344999313354492,17.354999542236328,17.34000015258789,17.350000381469727,18617,0.0,0.0
2024-10-08 14:00:00-04:00,17.358800888061523,17.366899490356445,17.350000381469727,17.354999542236328,14086,0.0,0.0
2024-10-08 14:05:00-04:00,17.364999771118164,17.364999771118164,17.350000381469727,17.350000381469727,4285,0.0,0.0
2024-10-08 14:10:00-04:00,17.359899520874023,17.359899520874023,17.344999313354492,17.354999542236328,15771,0.0,0.0
2024-10-08 14:15:00-04:00,17.354999542236328,17.3799991607666,17.354999542236328,17.375,18676,0.0,0.0
2024-10-08 14:20:00-04:00,17.3799991607666,17.385000228881836,17.360000610351562,17.385000228881836,16809,0.0,0.0
2024-10-08 14:25:00-04:00,17.385000228881836,17.399999618530273,17.385000228881836,17.385000228881836,21886,0.0,0.0
2024-10-08 14:30:00-04:00,17.395000457763672,17.420000076293945,17.395000457763672,17.41659927368164,15826,0.0,0.0
2024-10-08 14:35:00-04:00,17.41469955444336,17.440000534057617,17.405000686645508,17.434999465942383,37928,0.0,0.0
2024-10-08 14:40:00-04:00,17.440000534057617,17.469999313354492,17.434999465942383,17.454999923706055,122635,0.0,0.0
2024-10-08 14:45:00-04:00,17.459999084472656,17.459999084472656,17.43000030517578,17.43000030517578,31985,0.0,0.0
2024-10-08 14:50:00-04:00,17.424999237060547,17.440000534057617,17.424999237060547,17.440000534057617,15666,0.0,0.0
2024-10-08 14:55:00-04:00,17.440000534057617,17.454999923706055,17.434999465942383,17.450000762939453,25916,0.0,0.0
2024-10-08 15:00:00-04:00,17.44499969482422,17.44499969482422,17.40999984741211,17.415000915527344,40336,0.0,0.0
2024-10-08 15:05:00-04:00,17.415000915527344,17.415000915527344,17.364999771118164,17.364999771118164,15248,0.0,0.0
2024-10-08 15:10:00-04:00,17.360000610351562,17.389999389648438,17.360000610351562,17.375,28362,0.0,0.0
2024-10-08 15:15:00-04:00,17.375,17.399999618530273,17.3700008392334,17.399999618530273,19078,0.0,0.0
2024-10-08 15:20:00-04:00,17.395000457763672,17.424999237060547,17.395000457763672,17.42329978942871,29688,0.0,0.0
2024-10-08 15:25:00-04:00,17.424999237060547,17.440000534057617,17.415000915527344,17.440000534057617,44534,0.0,0.0
2024-10-08 15:30:00-04:00,17.43939971923828,17.440000534057617,17.415000915527344,17.424999237060547,44684,0.0,0.0
2024-10-08 15:35:00-04:00,17.420000076293945,17.420000076293945,17.389999389648438,17.395000457763672,47968,0.0,0.0
2024-10-08 15:40:00-04:00,17.395000457763672,17.40999984741211,17.3799991607666,17.405000686645508,56794,0.0,0.0
2024-10-08 15:45:00-04:00,17.405000686645508,17.405000686645508,17.385000228881836,17.395000457763672,63850,0.0,0.0
2024-10-08 15:50:00-04:00,17.389999389648438,17.40999984741211,17.3700008392334,17.405000686645508,178855,0.0,0.0
2024-10-08 15:55:00-04:00,17.405000686645508,17.405000686645508,17.344999313354492,17.350000381469727,592241,0.0,0.0
2024-10-09 09:30:00-04:00,17.399999618530273,17.399999618530273,17.31999969482422,17.350000381469727,35033,0.0,0.0
2024-10-09 09:35:00-04:00,17.350000381469727,17.43000030517578,17.350000381469727,17.43000030517578,12372,0.0,0.0
2024-10-09 09:40:00-04:00,17.43000030517578,17.469999313354492,17.43000030517578,17.469999313354492,6075,0.0,0.0
2024-10-09 09:45:00-04:00,17.475000381469727,17.55500030517578,17.475000381469727,17.530000686645508,21355,0.0,0.0
2024-10-09 09:50:00-04:00,17.540000915527344,17.59000015258789,17.540000915527344,17.59000015258789,6001,0.0,0.0
2024-10-09 09:55:00-04:00,17.59000015258789,17.600000381469727,17.559999465942383,17.579999923706055,13180,0.0,0.0
2024-10-09 10:00:00-04:00,17.559999465942383,17.565000534057617,17.485000610351562,17.4950008392334,32138,0.0,0.0
2024-10-09 10:05:00-04:00,17.489999771118164,17.509899139404297,17.46500015258789,17.489999771118164,16958,0.0,0.0
2024-10-09 10:10:00-04:00,17.489999771118164,17.5,17.454999923706055,17.46500015258789,13724,0.0,0.0
2024-10-09 10:15:00-04:00,17.459999084472656,17.469999313354492,17.421899795532227,17.421899795532227,21764,0.0,0.0
2024-10-09 10:20:00-04:00,17.420000076293945,17.420000076293945,17.399999618530273,17.399999618530273,10230,0.0,0.0
2024-10-09 10:25:00-04:00,17.399999618530273,17.40999984741211,17.385000228881836,17.389999389648438,11549,0.0,0.0
2024-10-09 10:30:00-04:00,17.399999618530273,17.40999984741211,17.395000457763672,17.399999618530273,4956,0.0,0.0
2024-10-09 10:35:00-04:00,17.389999389648438,17.40999984741211,17.3700008392334,17.405000686645508,9187,0.0,0.0
2024-10-09 10:40:00-04:00,17.399999618530273,17.405000686645508,17.395000457763672,17.405000686645508,6907,0.0,0.0
2024-10-09 10:45:00-04:00,17.399999618530273,17.420000076293945,17.399999618530273,17.415000915527344,27803,0.0,0.0
2024-10-09 10:50:00-04:00,17.415000915527344,17.440000534057617,17.40999984741211,17.424999237060547,32501,0.0,0.0
2024-10-09 10:55:00-04:00,17.424999237060547,17.44499969482422,17.420000076293945,17.44499969482422,14571,0.0,0.0
2024-10-09 11:00:00-04:00,17.450000762939453,17.46500015258789,17.440000534057617,17.459999084472656,11980,0.0,0.0
2024-10-09 11:05:00-04:00,17.459999084472656,17.489999771118164,17.459999084472656,17.489999771118164,10591,0.0,0.0
2024-10-09 11:10:00-04:00,17.489999771118164,17.510000228881836,17.489999771118164,17.510000228881836,4574,0.0,0.0
2024-10-09 11:15:00-04:00,17.50860023498535,17.524999618530273,17.4950008392334,17.520000457763672,11598,0.0,0.0
2024-10-09 11:20:00-04:00,17.524999618530273,17.55500030517578,17.524999618530273,17.549999237060547,23007,0.0,0.0
2024-10-09 11:25:00-04:00,17.55500030517578,17.604999542236328,17.55500030517578,17.579999923706055,24656,0.0,0.0
2024-10-09 11:30:00-04:00,17.579099655151367,17.614999771118164,17.56999969482422,17.610000610351562,24098,0.0,0.0
2024-10-09 11:35:00-04:00,17.604999542236328,17.625,17.600000381469727,17.610000610351562,20835,0.0,0.0
2024-10-09 11:40:00-04:00,17.625,17.649999618530273,17.6200008392334,17.635000228881836,12806,0.0,0.0
2024-10-09 11:45:00-04:00,17.635000228881836,17.645000457763672,17.624300003051758,17.639999389648438,14394,0.0,0.0
2024-10-09 11:50:00-04:00,17.645000457763672,17.655000686645508,17.639999389648438,17.639999389648438,9884,0.0,0.0
2024-10-09 11:55:00-04:00,17.645000457763672,17.65999984741211,17.610000610351562,17.65999984741211,51351,0.0,0.0
2024-10-09 12:00:00-04:00,17.655000686645508,17.729999542236328,17.635000228881836,17.725000381469727,225507,0.0,0.0
2024-10-09 12:05:00-04:00,17.725000381469727,17.75,17.690000534057617,17.690000534057617,57624,0.0,0.0
2024-10-09 12:10:00-04:00,17.684999465942383,17.71500015258789,17.684999465942383,17.709999084472656,14837,0.0,0.0
2024-10-09 12:15:00-04:00,17.709999084472656,17.735000610351562,17.709999084472656,17.725000381469727,15708,0.0,0.0
2024-10-09 12:20:00-04:00,17.725000381469727,17.7549991607666,17.71500015258789,17.7549991607666,32566,0.0,0.0
2024-10-09 12:25:00-04:00,17.7549991607666,17.780000686645508,17.7450008392334,17.764999389648438,30427,0.0,0.0
2024-10-09 12:30:00-04:00,17.764999389648438,17.764999389648438,17.735000610351562,17.735000610351562,11191,0.0,0.0
2024-10-09 12:35:00-04:00,17.739999771118164,17.774999618530273,17.739999771118164,17.774999618530273,98042,0.0,0.0
2024-10-09 12:40:00-04:00,17.770000457763672,17.799999237060547,17.770000457763672,17.78499984741211,12243,0.0,0.0
2024-10-09 12:45:00-04:00,17.790000915527344,17.795000076293945,17.780000686645508,17.780000686645508,16796,0.0,0.0
2024-10-09 12:50:00-04:00,17.78499984741211,17.790000915527344,17.75,17.75,23362,0.0,0.0
2024-10-09 12:55:00-04:00,17.75,17.7549991607666,17.719999313354492,17.7549991607666,12634,0.0,0.0
2024-10-09 13:00:00-04:00,17.7549991607666,17.764999389648438,17.7450008392334,17.75,28164,0.0,0.0
2024-10-09 13:05:00-04:00,17.75,17.764999389648438,17.75,17.764999389648438,9397,0.0,0.0
2024-10-09 13:10:00-04:00,17.764999389648438,17.795000076293945,17.760000228881836,17.790000915527344,14206,0.0,0.0
2024-10-09 13:15:00-04:00,17.790000915527344,17.80500030517578,17.78499984741211,17.80500030517578,9916,0.0,0.0
2024-10-09 13:20:00-04:00,17.80500030517578,17.808799743652344,17.799999237060547,17.799999237060547,5958,0.0,0.0
2024-10-09 13:25:00-04:00,17.799999237060547,17.809999465942383,17.770000457763672,17.774999618530273,11643,0.0,0.0
2024-10-09 13:30:00-04:00,17.777254104614258,17.790000915527344,17.770000457763672,17.780000686645508,19077,0.0,0.0
2024-10-09 13:35:00-04:00,17.780000686645508,17.78499984741211,17.709999084472656,17.71500015258789,83216,0.0,0.0
2024-10-09 13:40:00-04:00,17.71500015258789,17.735000610351562,17.700000762939453,17.719999313354492,29307,0.0,0.0
2024-10-09 13:45:00-04:00,17.709999084472656,17.725000381469727,17.709999084472656,17.719999313354492,17023,0.0,0.0
2024-10-09 13:50:00-04:00,17.71500015258789,17.719999313354492,17.674999237060547,17.684999465942383,29334,0.0,0.0
2024-10-09 13:55:00-04:00,17.690000534057617,17.719999313354492,17.690000534057617,17.719999313354492,18386,0.0,0.0
2024-10-09 14:00:00-04:00,17.71500015258789,17.7549991607666,17.700000762939453,17.75,129051,0.0,0.0
2024-10-09 14:05:00-04:00,17.760000228881836,17.81999969482422,17.760000228881836,17.774999618530273,26408,0.0,0.0
2024-10-09 14:10:00-04:00,17.770000457763672,17.790000915527344,17.760000228881836,17.760000228881836,47567,0.0,0.0
2024-10-09 14:15:00-04:00,17.760000228881836,17.764999389648438,17.700000762939453,17.704999923706055,25246,0.0,0.0
2024-10-09 14:20:00-04:00,17.700000762939453,17.709999084472656,17.665000915527344,17.690000534057617,25686,0.0,0.0
2024-10-09 14:25:00-04:00,17.690000534057617,17.700000762939453,17.670000076293945,17.674999237060547,16753,0.0,0.0
2024-10-09 14:30:00-04:00,17.670000076293945,17.674999237060547,17.649999618530273,17.649999618530273,18772,0.0,0.0
2024-10-09 14:35:00-04:00,17.655000686645508,17.704999923706055,17.655000686645508,17.700000762939453,20222,0.0,0.0
2024-10-09 14:40:00-04:00,17.700000762939453,17.739999771118164,17.690000534057617,17.729999542236328,117760,0.0,0.0
2024-10-09 14:45:00-04:00,17.729999542236328,17.735000610351562,17.704999923706055,17.704999923706055,17686,0.0,0.0
2024-10-09 14:50:00-04:00,17.704999923706055,17.729999542236328,17.700000762939453,17.709999084472656,19685,0.0,0.0
2024-10-09 14:55:00-04:00,17.709999084472656,17.725000381469727,17.709999084472656,17.725000381469727,18896,0.0,0.0
2024-10-09 15:00:00-04:00,17.719999313354492,17.719999313354492,17.704999923706055,17.719999313354492,34842,0.0,0.0
2024-10-09 15:05:00-04:00,17.719999313354492,17.725000381469727,17.700000762939453,17.725000381469727,305095,0.0,0.0
2024-10-09 15:10:00-04:00,17.719999313354492,17.723800659179688,17.674999237060547,17.690000534057617,71045,0.0,0.0
2024-10-09 15:15:00-04:00,17.684999465942383,17.719999313354492,17.684999465942383,17.71500015258789,144544,0.0,0.0
2024-10-09 15:20:00-04:00,17.71500015258789,17.729999542236328,17.709999084472656,17.719999313354492,56735,0.0,0.0
2024-10-09 15:25:00-04:00,17.709999084472656,17.729999542236328,17.709999084472656,17.725000381469727,28844,0.0,0.0
2024-10-09 15:30:00-04:00,17.725000381469727,17.729999542236328,17.704999923706055,17.725000381469727,67594,0.0,0.0
2024-10-09 15:35:00-04:00,17.725000381469727,17.75,17.719999313354492,17.7450008392334,32882,0.0,0.0
2024-10-09 15:40:00-04:00,17.7450008392334,17.7549991607666,17.72010040283203,17.735000610351562,82814,0.0,0.0
2024-10-09 15:45:00-04:00,17.735000610351562,17.760000228881836,17.725000381469727,17.7549991607666,78567,0.0,0.0
2024-10-09 15:50:00-04:00,17.75,17.795000076293945,17.75,17.795000076293945,119029,0.0,0.0
2024-10-09 15:55:00-04:00,17.790000915527344,17.799999237060547,17.770000457763672,17.770000457763672,367095,0.0,0.0
2024-10-10 09:30:00-04:00,17.59000015258789,17.649999618530273,17.579999923706055,17.600000381469727,27885,0.0,0.0
2024-10-10 09:35:00-04:00,17.59000015258789,17.604999542236328,17.540000915527344,17.59000015258789,19775,0.0,0.0
2024-10-10 09:40:00-04:00,17.579999923706055,17.639999389648438,17.56999969482422,17.579999923706055,19929,0.0,0.0
2024-10-10 09:45:00-04:00,17.579999923706055,17.594999313354492,17.489999771118164,17.5049991607666,16411,0.0,0.0
2024-10-10 09:50:00-04:00,17.520000457763672,17.65999984741211,17.514999389648438,17.65999984741211,23667,0.0,0.0
2024-10-10 09:55:00-04:00,17.670000076293945,17.674999237060547,17.635000228881836,17.639999389648438,18682,0.0,0.0
2024-10-10 10:00:00-04:00,17.639999389648438,17.729999542236328,17.639999389648438,17.725000381469727,23550,0.0,0.0
2024-10-10 10:05:00-04:00,17.719999313354492,17.719999313354492,17.69499969482422,17.709999084472656,15724,0.0,0.0
2024-10-10 10:10:00-04:00,17.722400665283203,17.7549991607666,17.722400665283203,17.7450008392334,13594,0.0,0.0
2024-10-10 10:15:00-04:00,17.7549991607666,17.780000686645508,17.735000610351562,17.739999771118164,48340,0.0,0.0
2024-10-10 10:20:00-04:00,17.735000610351562,17.7450008392334,17.719999313354492,17.729999542236328,39854,0.0,0.0
2024-10-10 10:25:00-04:00,17.725000381469727,17.736000061035156,17.704999923706055,17.725000381469727,40025,0.0,0.0
2024-10-10 10:30:00-04:00,17.725000381469727,17.729999542236328,17.709999084472656,17.725000381469727,24299,0.0,0.0
2024-10-10 10:35:00-04:00,17.729999542236328,17.7450008392334,17.704999923706055,17.709999084472656,23148,0.0,0.0
2024-10-10 10:40:00-04:00,17.709999084472656,17.71500015258789,17.69499969482422,17.704999923706055,17942,0.0,0.0
2024-10-10 10:45:00-04:00,17.700000762939453,17.700000762939453,17.670000076293945,17.68549919128418,14395,0.0,0.0
2024-10-10 10:50:00-04:00,17.684999465942383,17.690000534057617,17.635000228881836,17.635000228881836,18362,0.0,0.0
2024-10-10 10:55:00-04:00,17.635000228881836,17.665000915527344,17.6299991607666,17.645000457763672,23517,0.0,0.0
2024-10-10 11:00:00-04:00,17.645000457763672,17.645000457763672,17.614999771118164,17.645000457763672,14408,0.0,0.0
2024-10-10 11:05:00-04:00,17.645000457763672,17.670000076293945,17.639999389648438,17.649999618530273,20548,0.0,0.0
2024-10-10 11:10:00-04:00,17.655000686645508,17.670000076293945,17.645000457763672,17.665000915527344,10910,0.0,0.0
2024-10-10 11:15:00-04:00,17.665000915527344,17.68000030517578,17.649999618530273,17.649999618530273,69138,0.0,0.0
2024-10-10 11:20:00-04:00,17.649999618530273,17.65920066833496,17.639999389648438,17.649999618530273,10176,0.0,0.0
2024-10-10 11:25:00-04:00,17.649999618530273,17.649999618530273,17.635000228881836,17.645000457763672,5463,0.0,0.0
2024-10-10 11:30:00-04:00,17.639999389648438,17.645000457763672,17.6299991607666,17.639999389648438,9579,0.0,0.0
2024-10-10 11:35:00-04:00,17.645000457763672,17.665000915527344,17.640100479125977,17.665000915527344,9526,0.0,0.0
2024-10-10 11:40:00-04:00,17.665000915527344,17.674999237060547,17.65999984741211,17.674999237060547,3718,0.0,0.0
2024-10-10 11:45:00-04:00,17.670000076293945,17.684999465942383,17.65999984741211,17.67009925842285,8758,0.0,0.0
2024-10-10 11:50:00-04:00,17.674999237060547,17.674999237060547,17.65999984741211,17.674999237060547,5298,0.0,0.0
2024-10-10 11:55:00-04:00,17.679500579833984,17.684999465942383,17.665000915527344,17.674999237060547,12411,0.0,0.0
2024-10-10 12:00:00-04:00,17.670000076293945,17.674999237060547,17.639999389648438,17.639999389648438,9937,0.0,0.0
2024-10-10 12:05:00-04:00,17.6299991607666,17.65999984741211,17.6299991607666,17.65999984741211,12678,0.0,0.0
2024-10-10 12:10:00-04:00,17.665000915527344,17.674999237060547,17.649999618530273,17.65999984741211,14879,0.0,0.0
2024-10-10 12:15:00-04:00,17.65999984741211,17.68000030517578,17.65999984741211,17.68000030517578,6467,0.0,0.0
2024-10-10 12:20:00-04:00,17.674999237060547,17.700000762939453,17.674999237060547,17.690000534057617,15002,0.0,0.0
2024-10-10 12:25:00-04:00,17.683900833129883,17.700000762939453,17.68120002746582,17.69499969482422,8127,0.0,0.0
2024-10-10 12:30:00-04:00,17.69499969482422,17.69499969482422,17.670000076293945,17.690000534057617,18508,0.0,0.0
2024-10-10 12:35:00-04:00,17.684999465942383,17.700000762939453,17.684999465942383,17.690000534057617,3120,0.0,0.0
2024-10-10 12:40:00-04:00,17.69499969482422,17.69499969482422,17.649999618530273,17.655000686645508,26131,0.0,0.0
2024-10-10 12:45:00-04:00,17.655000686645508,17.665000915527344,17.639999389648438,17.65999984741211,14399,0.0,0.0
2024-10-10 12:50:00-04:00,17.65999984741211,17.68000030517578,17.65999984741211,17.674999237060547,5362,0.0,0.0
2024-10-10 12:55:00-04:00,17.670000076293945,17.674999237060547,17.655000686645508,17.670000076293945,16166,0.0,0.0
2024-10-10 13:00:00-04:00,17.665000915527344,17.665000915527344,17.6299991607666,17.635000228881836,17994,0.0,0.0
2024-10-10 13:05:00-04:00,17.635000228881836,17.635000228881836,17.610000610351562,17.614999771118164,23956,0.0,0.0
2024-10-10 13:10:00-04:00,17.610000610351562,17.635000228881836,17.610000610351562,17.625,11973,0.0,0.0
2024-10-10 13:15:00-04:00,17.6299991607666,17.655000686645508,17.625,17.655000686645508,9984,0.0,0.0
2024-10-10 13:20:00-04:00,17.655000686645508,17.674999237060547,17.649999618530273,17.674999237060547,9368,0.0,0.0
2024-10-10 13:25:00-04:00,17.674999237060547,17.68000030517578,17.65999984741211,17.670000076293945,9882,0.0,0.0
2024-10-10 13:30:00-04:00,17.665000915527344,17.684999465942383,17.665000915527344,17.670000076293945,9446,0.0,0.0
2024-10-10 13:35:00-04:00,17.674999237060547,17.674999237060547,17.649999618530273,17.649999618530273,9828,0.0,0.0
2024-10-10 13:40:00-04:00,17.649999618530273,17.649999618530273,17.6299991607666,17.635000228881836,9124,0.0,0.0
2024-10-10 13:45:00-04:00,17.635000228881836,17.639999389648438,17.610000610351562,17.614999771118164,9446,0.0,0.0
2024-10-10 13:50:00-04:00,17.614999771118164,17.6200008392334,17.59000015258789,17.614999771118164,19618,0.0,0.0
2024-10-10 13:55:00-04:00,17.614999771118164,17.625,17.610000610351562,17.6200008392334,13977,0.0,0.0
2024-10-10 14:00:00-04:00,17.6200008392334,17.625,17.610000610351562,17.614999771118164,11614,0.0,0.0
2024-10-10 14:05:00-04:00,17.614999771118164,17.625,17.610000610351562,17.614999771118164,7140,0.0,0.0
2024-10-10 14:10:00-04:00,17.614999771118164,17.635000228881836,17.614999771118164,17.625,9734,0.0,0.0
2024-10-10 14:15:00-04:00,17.625,17.625,17.6200008392334,17.6200008392334,6690,0.0,0.0
2024-10-10 14:20:00-04:00,17.6200008392334,17.625,17.594999313354492,17.594999313354492,85988,0.0,0.0
2024-10-10 14:25:00-04:00,17.600000381469727,17.610000610351562,17.594999313354492,17.600000381469727,25033,0.0,0.0
2024-10-10 14:30:00-04:00,17.604999542236328,17.610000610351562,17.59000015258789,17.59000015258789,15928,0.0,0.0
2024-10-10 14:35:00-04:00,17.594999313354492,17.604999542236328,17.59000015258789,17.604999542236328,9894,0.0,0.0
2024-10-10 14:40:00-04:00,17.604999542236328,17.604999542236328,17.575000762939453,17.594999313354492,30209,0.0,0.0
2024-10-10 14:45:00-04:00,17.594999313354492,17.625999450683594,17.579999923706055,17.614999771118164,34620,0.0,0.0
2024-10-10 14:50:00-04:00,17.614999771118164,17.618999481201172,17.610000610351562,17.614999771118164,8672,0.0,0.0
2024-10-10 14:55:00-04:00,17.614999771118164,17.635000228881836,17.610000610351562,17.625,36712,0.0,0.0
2024-10-10 15:00:00-04:00,17.625,17.625,17.610000610351562,17.625,19963,0.0,0.0
2024-10-10 15:05:00-04:00,17.623985290527344,17.635000228881836,17.614999771118164,17.635000228881836,17778,0.0,0.0
2024-10-10 15:10:00-04:00,17.635000228881836,17.635000228881836,17.604999542236328,17.604999542236328,25080,0.0,0.0
2024-10-10 15:15:00-04:00,17.604999542236328,17.614999771118164,17.600000381469727,17.614999771118164,18763,0.0,0.0
2024-10-10 15:20:00-04:00,17.614999771118164,17.6299991607666,17.610000610351562,17.625,32548,0.0,0.0
2024-10-10 15:25:00-04:00,17.625,17.627500534057617,17.614999771118164,17.627500534057617,29654,0.0,0.0
2024-10-10 15:30:00-04:00,17.625,17.6299991607666,17.614999771118164,17.6299991607666,39992,0.0,0.0
2024-10-10 15:35:00-04:00,17.625,17.645000457763672,17.6200008392334,17.645000457763672,25962,0.0,0.0
2024-10-10 15:40:00-04:00,17.639999389648438,17.665000915527344,17.639999389648438,17.665000915527344,62697,0.0,0.0
2024-10-10 15:45:00-04:00,17.665000915527344,17.68000030517578,17.649999618530273,17.655000686645508,70362,0.0,0.0
2024-10-10 15:50:00-04:00,17.655000686645508,17.670000076293945,17.614999771118164,17.665000915527344,173342,0.0,0.0
2024-10-10 15:55:00-04:00,17.665000915527344,17.709999084472656,17.65999984741211,17.68000030517578,271259,0.0,0.0
2024-10-11 09:30:00-04:00,17.899999618530273,18.0,17.811800003051758,17.989999771118164,58596,0.0,0.0
2024-10-11 09:35:00-04:00,17.979999542236328,18.0,17.940000534057617,17.940000534057617,6203,0.0,0.0
2024-10-11 09:40:00-04:00,17.969999313354492,17.979999542236328,17.8799991607666,17.8799991607666,9165,0.0,0.0
2024-10-11 09:45:00-04:00,17.8799991607666,17.915000915527344,17.860000610351562,17.8700008392334,85962,0.0,0.0
2024-10-11 09:50:00-04:00,17.8799991607666,17.940000534057617,17.8799991607666,17.93000030517578,16932,0.0,0.0
2024-10-11 09:55:00-04:00,17.924999237060547,17.96500015258789,17.920000076293945,17.934999465942383,35580,0.0,0.0
2024-10-11 10:00:00-04:00,17.934999465942383,17.950000762939453,17.844999313354492,17.899999618530273,104400,0.0,0.0
2024-10-11 10:05:00-04:00,17.899999618530273,17.94499969482422,17.899999618530273,17.920000076293945,31845,0.0,0.0
2024-10-11 10:10:00-04:00,17.920000076293945,17.940000534057617,17.905000686645508,17.90999984741211,17391,0.0,0.0
2024-10-11 10:15:00-04:00,17.920000076293945,17.934999465942383,17.84000015258789,17.84000015258789,63875,0.0,0.0
2024-10-11 10:20:00-04:00,17.84000015258789,17.844999313354492,17.799999237060547,17.799999237060547,84317,0.0,0.0
2024-10-11 10:25:00-04:00,17.799999237060547,17.81999969482422,17.790000915527344,17.799999237060547,114957,0.0,0.0
2024-10-11 10:30:00-04:00,17.799999237060547,17.809999465942383,17.770000457763672,17.790000915527344,42977,0.0,0.0
2024-10-11 10:35:00-04:00,17.799999237060547,17.84000015258789,17.799999237060547,17.799999237060547,16193,0.0,0.0
2024-10-11 10:40:00-04:00,17.80500030517578,17.809999465942383,17.780000686645508,17.790000915527344,20464,0.0,0.0
2024-10-11 10:45:00-04:00,17.795000076293945,17.795000076293945,17.739999771118164,17.7450008392334,67964,0.0,0.0
2024-10-11 10:50:00-04:00,17.7450008392334,17.760000228881836,17.739999771118164,17.739999771118164,28068,0.0,0.0
2024-10-11 10:55:00-04:00,17.7450008392334,17.764999389648438,17.729999542236328,17.735000610351562,18676,0.0,0.0
2024-10-11 11:00:00-04:00,17.735000610351562,17.7450008392334,17.725000381469727,17.729999542236328,9409,0.0,0.0
2024-10-11 11:05:00-04:00,17.729999542236328,17.764999389648438,17.729999542236328,17.764999389648438,7983,0.0,0.0
2024-10-11 11:10:00-04:00,17.760000228881836,17.790000915527344,17.75,17.790000915527344,15003,0.0,0.0
2024-10-11 11:15:00-04:00,17.80500030517578,17.80500030517578,17.774999618530273,17.780000686645508,16335,0.0,0.0
2024-10-11 11:20:00-04:00,17.780000686645508,17.780000686645508,17.764999389648438,17.780000686645508,11249,0.0,0.0
2024-10-11 11:25:00-04:00,17.774999618530273,17.774999618530273,17.739999771118164,17.760000228881836,17179,0.0,0.0
2024-10-11 11:30:00-04:00,17.764999389648438,17.770000457763672,17.75,17.760000228881836,11284,0.0,0.0
2024-10-11 11:35:00-04:00,17.760000228881836,17.774999618530273,17.739999771118164,17.7549991607666,63695,0.0,0.0
2024-10-11 11:40:00-04:00,17.75,17.7549991607666,17.700000762939453,17.725000381469727,66546,0.0,0.0
2024-10-11 11:45:00-04:00,17.725000381469727,17.735000610351562,17.690000534057617,17.71500015258789,43363,0.0,0.0
2024-10-11 11:50:00-04:00,17.71500015258789,17.729999542236328,17.680599212646484,17.684999465942383,26066,0.0,0.0
2024-10-11 11:55:00-04:00,17.684999465942383,17.690000534057617,17.65999984741211,17.68000030517578,16265,0.0,0.0
2024-10-11 12:00:00-04:00,17.674999237060547,17.700000762939453,17.665000915527344,17.690000534057617,13514,0.0,0.0
2024-10-11 12:05:00-04:00,17.69499969482422,17.69499969482422,17.610000610351562,17.610000610351562,18071,0.0,0.0
2024-10-11 12:10:00-04:00,17.614999771118164,17.700000762939453,17.614999771118164,17.698299407958984,42078,0.0,0.0
2024-10-11 12:15:00-04:00,17.700000762939453,17.700000762939453,17.655000686645508,17.655000686645508,12573,0.0,0.0
2024-10-11 12:20:00-04:00,17.649999618530273,17.655000686645508,17.639999389648438,17.645000457763672,11744,0.0,0.0
2024-10-11 12:25:00-04:00,17.639999389648438,17.645000457763672,17.625,17.6299991607666,11369,0.0,0.0
2024-10-11 12:30:00-04:00,17.635000228881836,17.65999984741211,17.635000228881836,17.655000686645508,35747,0.0,0.0
2024-10-11 12:35:00-04:00,17.65920066833496,17.670000076293945,17.6200008392334,17.6200008392334,20990,0.0,0.0
2024-10-11 12:40:00-04:00,17.6200008392334,17.6200008392334,17.59000015258789,17.594999313354492,15919,0.0,0.0
2024-10-11 12:45:00-04:00,17.59000015258789,17.600000381469727,17.579999923706055,17.584999084472656,24319,0.0,0.0
2024-10-11 12:50:00-04:00,17.584999084472656,17.615999221801758,17.584999084472656,17.604999542236328,12746,0.0,0.0
2024-10-11 12:55:00-04:00,17.600000381469727,17.604999542236328,17.594999313354492,17.600000381469727,9502,0.0,0.0
2024-10-11 13:00:00-04:00,17.600000381469727,17.604999542236328,17.579999923706055,17.594999313354492,18072,0.0,0.0
2024-10-11 13:05:00-04:00,17.594999313354492,17.625,17.59000015258789,17.600000381469727,27577,0.0,0.0
2024-10-11 13:10:00-04:00,17.600000381469727,17.604999542236328,17.56999969482422,17.604999542236328,33481,0.0,0.0
2024-10-11 13:15:00-04:00,17.604999542236328,17.62470054626465,17.59000015258789,17.62470054626465,15996,0.0,0.0
2024-10-11 13:20:00-04:00,17.6299991607666,17.635000228881836,17.604999542236328,17.614999771118164,15733,0.0,0.0
2024-10-11 13:25:00-04:00,17.625,17.635000228881836,17.6200008392334,17.635000228881836,9073,0.0,0.0
2024-10-11 13:30:00-04:00,17.6299991607666,17.635000228881836,17.614999771118164,17.6299991607666,8825,0.0,0.0
2024-10-11 13:35:00-04:00,17.625,17.65999984741211,17.614999771118164,17.65999984741211,5136,0.0,0.0
2024-10-11 13:40:00-04:00,17.655000686645508,17.674999237060547,17.649999618530273,17.674999237060547,15366,0.0,0.0
2024-10-11 13:45:00-04:00,17.674999237060547,17.684999465942383,17.670000076293945,17.684999465942383,7201,0.0,0.0
2024-10-11 13:50:00-04:00,17.68000030517578,17.700000762939453,17.68000030517578,17.69499969482422,9754,0.0,0.0
2024-10-11 13:55:00-04:00,17.69499969482422,17.709999084472656,17.690000534057617,17.69499969482422,26849,0.0,0.0
2024-10-11 14:00:00-04:00,17.69499969482422,17.700000762939453,17.67060089111328,17.674999237060547,18148,0.0,0.0
2024-10-11 14:05:00-04:00,17.670000076293945,17.679000854492188,17.649999618530273,17.655000686645508,7622,0.0,0.0
2024-10-11 14:10:00-04:00,17.649999618530273,17.655000686645508,17.639999389648438,17.649999618530273,6685,0.0,0.0
2024-10-11 14:15:00-04:00,17.639999389648438,17.655000686645508,17.639999389648438,17.655000686645508,5188,0.0,0.0
2024-10-11 14:20:00-04:00,17.655000686645508,17.65999984741211,17.645000457763672,17.645000457763672,21325,0.0,0.0
2024-10-11 14:25:00-04:00,17.645000457763672,17.649999618530273,17.642499923706055,17.645000457763672,4986,0.0,0.0
2024-10-11 14:30:00-04:00,17.645000457763672,17.649999618530273,17.639999389648438,17.639999389648438,7592,0.0,0.0
2024-10-11 14:35:00-04:00,17.645000457763672,17.65999984741211,17.625,17.65999984741211,16101,0.0,0.0
2024-10-11 14:40:00-04:00,17.65999984741211,17.674999237060547,17.654800415039062,17.674999237060547,13536,0.0,0.0
2024-10-11 14:45:00-04:00,17.674999237060547,17.690000534057617,17.673900604248047,17.684999465942383,5831,0.0,0.0
2024-10-11 14:50:00-04:00,17.684999465942383,17.700000762939453,17.684999465942383,17.69499969482422,14105,0.0,0.0
2024-10-11 14:55:00-04:00,17.69499969482422,17.698999404907227,17.690000534057617,17.69499969482422,5594,0.0,0.0
2024-10-11 15:00:00-04:00,17.690000534057617,17.704999923706055,17.684999465942383,17.69499969482422,31912,0.0,0.0
2024-10-11 15:05:00-04:00,17.69499969482422,17.700000762939453,17.684999465942383,17.69499969482422,23902,0.0,0.0
2024-10-11 15:10:00-04:00,17.69499969482422,17.709999084472656,17.690000534057617,17.69499969482422,15982,0.0,0.0
2024-10-11 15:15:00-04:00,17.700000762939453,17.71500015258789,17.700000762939453,17.704999923706055,14559,0.0,0.0
2024-10-11 15:20:00-04:00,17.709999084472656,17.71500015258789,17.700000762939453,17.708999633789062,22451,0.0,0.0
2024-10-11 15:25:00-04:00,17.704999923706055,17.719999313354492,17.704999923706055,17.704999923706055,29174,0.0,0.0
2024-10-11 15:30:00-04:00,17.700000762939453,17.739999771118164,17.69499969482422,17.739999771118164,39225,0.0,0.0
2024-10-11 15:35:00-04:00,17.739999771118164,17.75,17.724300384521484,17.75,31832,0.0,0.0
2024-10-11 15:40:00-04:00,17.7450008392334,17.760000228881836,17.734899520874023,17.760000228881836,36469,0.0,0.0
2024-10-11 15:45:00-04:00,17.7549991607666,17.770000457763672,17.7549991607666,17.7549991607666,72064,0.0,0.0
2024-10-11 15:50:00-04:00,17.7549991607666,17.770000457763672,17.752300262451172,17.764999389648438,52801,0.0,0.0
2024-10-11 15:55:00-04:00,17.770000457763672,17.790000915527344,17.690000534057617,17.69499969482422,397334,0.0,0.0
2024-10-14 09:30:00-04:00,17.610000610351562,17.6299991607666,17.510000228881836,17.56999969482422,60028,0.0,0.0
2024-10-14 09:35:00-04:00,17.549999237060547,17.56999969482422,17.520000457763672,17.540000915527344,25796,0.0,0.0
2024-10-14 09:40:00-04:00,17.540000915527344,17.59000015258789,17.53499984741211,17.59000015258789,17319,0.0,0.0
2024-10-14 09:45:00-04:00,17.604999542236328,17.68000030517578,17.604999542236328,17.6742000579834,33272,0.0,0.0
2024-10-14 09:50:00-04:00,17.674999237060547,17.684999465942383,17.584999084472656,17.614999771118164,111602,0.0,0.0
2024-10-14 09:55:00-04:00,17.6200008392334,17.645000457763672,17.584999084472656,17.610000610351562,27165,0.0,0.0
2024-10-14 10:00:00-04:00,17.6200008392334,17.68000030517578,17.610000610351562,17.639999389648438,144097,0.0,0.0
2024-10-14 10:05:00-04:00,17.6299991607666,17.665000915527344,17.610000610351562,17.649999618530273,31960,0.0,0.0
2024-10-14 10:10:00-04:00,17.655000686645508,17.690000534057617,17.639999389648438,17.684999465942383,59187,0.0,0.0
2024-10-14 10:15:00-04:00,17.684999465942383,17.719999313354492,17.645000457763672,17.649999618530273,28528,0.0,0.0
2024-10-14 10:20:00-04:00,17.655000686645508,17.68000030517578,17.655000686645508,17.670000076293945,10933,0.0,0.0
2024-10-14 10:25:00-04:00,17.65999984741211,17.704999923706055,17.65999984741211,17.690000534057617,23298,0.0,0.0
2024-10-14 10:30:00-04:00,17.700000762939453,17.719999313354492,17.69499969482422,17.700000762939453,11596,0.0,0.0
2024-10-14 10:35:00-04:00,17.709999084472656,17.729999542236328,17.700000762939453,17.725000381469727,9494,0.0,0.0
2024-10-14 10:40:00-04:00,17.725000381469727,17.729999542236328,17.702499389648438,17.729999542236328,10120,0.0,0.0
2024-10-14 10:45:00-04:00,17.725000381469727,17.725000381469727,17.700000762939453,17.71500015258789,7723,0.0,0.0
2024-10-14 10:50:00-04:00,17.719999313354492,17.760000228881836,17.719999313354492,17.760000228881836,14547,0.0,0.0
2024-10-14 10:55:00-04:00,17.75,17.760000228881836,17.690000534057617,17.69499969482422,113640,0.0,0.0
2024-10-14 11:00:00-04:00,17.69499969482422,17.700000762939453,17.68000030517578,17.684999465942383,20562,0.0,0.0
2024-10-14 11:05:00-04:00,17.684999465942383,17.700000762939453,17.68000030517578,17.69499969482422,45171,0.0,0.0
2024-10-14 11:10:00-04:00,17.700000762939453,17.704999923706055,17.68000030517578,17.69499969482422,171807,0.0,0.0
2024-10-14 11:15:00-04:00,17.69499969482422,17.7450008392334,17.69499969482422,17.735000610351562,275119,0.0,0.0
2024-10-14 11:20:00-04:00,17.735000610351562,17.746000289916992,17.68000030517578,17.684999465942383,37714,0.0,0.0
2024-10-14 11:25:00-04:00,17.684999465942383,17.690000534057617,17.65999984741211,17.674999237060547,58822,0.0,0.0
2024-10-14 11:30:00-04:00,17.674999237060547,17.680999755859375,17.665000915527344,17.68000030517578,24358,0.0,0.0
2024-10-14 11:35:00-04:00,17.674999237060547,17.690000534057617,17.670000076293945,17.670000076293945,28496,0.0,0.0
2024-10-14 11:40:00-04:00,17.674999237060547,17.69499969482422,17.670000076293945,17.670000076293945,117691,0.0,0.0
2024-10-14 11:45:00-04:00,17.670000076293945,17.68000030517578,17.639999389648438,17.645000457763672,201827,0.0,0.0
2024-10-14 11:50:00-04:00,17.645000457763672,17.670000076293945,17.6200008392334,17.6200008392334,93599,0.0,0.0
2024-10-14 11:55:00-04:00,17.6200008392334,17.684999465942383,17.604999542236328,17.674999237060547,333535,0.0,0.0
2024-10-14 12:00:00-04:00,17.674999237060547,17.709999084472656,17.65999984741211,17.674999237060547,49484,0.0,0.0
2024-10-14 12:05:00-04:00,17.676000595092773,17.704999923706055,17.674999237060547,17.704999923706055,18112,0.0,0.0
2024-10-14 12:10:00-04:00,17.700000762939453,17.709999084472656,17.684999465942383,17.700000762939453,42136,0.0,0.0
2024-10-14 12:15:00-04:00,17.69499969482422,17.700000762939453,17.670000076293945,17.670000076293945,21791,0.0,0.0
2024-10-14 12:20:00-04:00,17.68000030517578,17.709999084472656,17.670000076293945,17.709999084472656,81501,0.0,0.0
2024-10-14 12:25:00-04:00,17.709999084472656,17.725000381469727,17.690000534057617,17.700000762939453,89163,0.0,0.0
2024-10-14 12:30:00-04:00,17.700000762939453,17.700000762939453,17.690000534057617,17.69499969482422,10077,0.0,0.0
2024-10-14 12:35:00-04:00,17.69499969482422,17.704999923706055,17.690000534057617,17.700000762939453,22007,0.0,0.0
2024-10-14 12:40:00-04:00,17.700000762939453,17.700000762939453,17.684999465942383,17.69499969482422,14819,0.0,0.0
2024-10-14 12:45:00-04:00,17.69499969482422,17.69499969482422,17.68000030517578,17.684999465942383,19301,0.0,0.0
2024-10-14 12:50:00-04:00,17.6825008392334,17.690000534057617,17.68000030517578,17.684999465942383,23336,0.0,0.0
2024-10-14 12:55:00-04:00,17.68000030517578,17.69499969482422,17.68000030517578,17.69499969482422,21078,0.0,0.0
2024-10-14 13:00:00-04:00,17.69409942626953,17.704999923706055,17.690000534057617,17.704999923706055,7434,0.0,0.0
2024-10-14 13:05:00-04:00,17.700000762939453,17.709999084472656,17.700000762939453,17.700000762939453,11295,0.0,0.0
2024-10-14 13:10:00-04:00,17.700000762939453,17.704999923706055,17.684999465942383,17.684999465942383,32801,0.0,0.0
2024-10-14 13:15:00-04:00,17.68000030517578,17.687999725341797,17.670000076293945,17.68000030517578,15246,0.0,0.0
2024-10-14 13:20:00-04:00,17.68000030517578,17.688199996948242,17.670000076293945,17.670000076293945,9956,0.0,0.0
2024-10-14 13:25:00-04:00,17.670000076293945,17.674999237060547,17.65999984741211,17.670000076293945,10774,0.0,0.0
2024-10-14 13:30:00-04:00,17.670000076293945,17.674999237060547,17.65999984741211,17.670000076293945,21453,0.0,0.0
2024-10-14 13:35:00-04:00,17.670000076293945,17.700000762939453,17.670000076293945,17.700000762939453,18710,0.0,0.0
2024-10-14 13:40:00-04:00,17.700000762939453,17.700000762939453,17.684999465942383,17.695999145507812,19924,0.0,0.0
2024-10-14 13:45:00-04:00,17.690000534057617,17.700000762939453,17.68000030517578,17.69499969482422,8368,0.0,0.0
2024-10-14 13:50:00-04:00,17.69499969482422,17.700000762939453,17.690000534057617,17.690000534057617,26263,0.0,0.0
2024-10-14 13:55:00-04:00,17.69499969482422,17.700000762939453,17.68000030517578,17.68000030517578,21307,0.0,0.0
2024-10-14 14:00:00-04:00,17.684999465942383,17.684999465942383,17.65999984741211,17.674999237060547,17351,0.0,0.0
2024-10-14 14:05:00-04:00,17.674999237060547,17.690000534057617,17.670000076293945,17.690000534057617,17531,0.0,0.0
2024-10-14 14:10:00-04:00,17.690000534057617,17.700000762939453,17.68000030517578,17.68000030517578,22824,0.0,0.0
2024-10-14 14:15:00-04:00,17.684999465942383,17.69499969482422,17.68000030517578,17.690000534057617,9386,0.0,0.0
2024-10-14 14:20:00-04:00,17.690000534057617,17.700000762939453,17.690000534057617,17.69499969482422,9603,0.0,0.0
2024-10-14 14:25:00-04:00,17.700000762939453,17.709999084472656,17.690000534057617,17.700000762939453,23593,0.0,0.0
2024-10-14 14:30:00-04:00,17.700000762939453,17.719999313354492,17.690000534057617,17.709999084472656,66199,0.0,0.0
2024-10-14 14:35:00-04:00,17.704999923706055,17.725000381469727,17.704999923706055,17.709999084472656,34879,0.0,0.0
2024-10-14 14:40:00-04:00,17.71500015258789,17.735000610351562,17.709999084472656,17.729999542236328,36898,0.0,0.0
2024-10-14 14:45:00-04:00,17.729999542236328,17.739999771118164,17.704999923706055,17.704999923706055,35317,0.0,0.0
2024-10-14 14:50:00-04:00,17.704999923706055,17.709999084472656,17.690000534057617,17.690000534057617,19059,0.0,0.0
2024-10-14 14:55:00-04:00,17.690000534057617,17.69499969482422,17.684999465942383,17.690000534057617,34980,0.0,0.0
2024-10-14 15:00:00-04:00,17.690000534057617,17.704999923706055,17.68000030517578,17.704999923706055,31008,0.0,0.0
2024-10-14 15:05:00-04:00,17.704999923706055,17.709999084472656,17.69499969482422,17.700000762939453,24563,0.0,0.0
2024-10-14 15:10:00-04:00,17.704999923706055,17.719999313354492,17.700000762939453,17.704999923706055,26723,0.0,0.0
2024-10-14 15:15:00-04:00,17.700000762939453,17.709999084472656,17.700000762939453,17.708999633789062,17345,0.0,0.0
2024-10-14 15:20:00-04:00,17.709999084472656,17.719999313354492,17.700000762939453,17.71500015258789,22302,0.0,0.0
2024-10-14 15:25:00-04:00,17.71500015258789,17.729999542236328,17.709999084472656,17.71500015258789,41927,0.0,0.0
2024-10-14 15:30:00-04:00,17.709999084472656,17.729999542236328,17.704999923706055,17.719999313354492,41337,0.0,0.0
2024-10-14 15:35:00-04:00,17.719999313354492,17.739999771118164,17.719999313354492,17.719999313354492,47072,0.0,0.0
2024-10-14 15:40:00-04:00,17.725000381469727,17.75,17.719999313354492,17.735000610351562,114908,0.0,0.0
2024-10-14 15:45:00-04:00,17.735000610351562,17.739999771118164,17.719999313354492,17.725000381469727,61651,0.0,0.0
2024-10-14 15:50:00-04:00,17.729999542236328,17.75,17.719999313354492,17.7450008392334,122727,0.0,0.0
2024-10-14 15:55:00-04:00,17.7450008392334,17.770000457763672,17.719999313354492,17.729999542236328,404211,0.0,0.0
2024-10-15 09:30:00-04:00,17.8799991607666,17.975000381469727,17.78499984741211,17.950000762939453,61876,0.0,0.0
2024-10-15 09:35:00-04:00,17.940000534057617,17.940000534057617,17.8799991607666,17.90999984741211,11415,0.0,0.0
2024-10-15 09:40:00-04:00,17.90999984741211,17.950000762939453,17.890600204467773,17.890600204467773,30095,0.0,0.0
2024-10-15 09:45:00-04:00,17.900999069213867,18.05500030517578,17.900999069213867,18.03499984741211,39113,0.0,0.0
2024-10-15 09:50:00-04:00,18.030000686645508,18.030000686645508,17.969999313354492,17.979999542236328,38687,0.0,0.0
2024-10-15 09:55:00-04:00,17.979999542236328,17.985000610351562,17.94499969482422,17.959999084472656,25797,0.0,0.0
2024-10-15 10:00:00-04:00,17.969999313354492,18.0,17.96500015258789,17.979999542236328,17836,0.0,0.0
2024-10-15 10:05:00-04:00,17.985000610351562,18.0049991607666,17.96500015258789,17.989999771118164,155264,0.0,0.0
2024-10-15 10:10:00-04:00,17.9950008392334,18.020000457763672,17.985000610351562,17.985000610351562,284551,0.0,0.0
2024-10-15 10:15:00-04:00,17.989999771118164,18.040000915527344,17.989999771118164,18.03499984741211,33172,0.0,0.0
2024-10-15 10:20:00-04:00,18.03499984741211,18.059999465942383,18.030000686645508,18.05500030517578,42129,0.0,0.0
2024-10-15 10:25:00-04:00,18.049999237060547,18.09000015258789,18.049999237060547,18.075000762939453,32047,0.0,0.0
2024-10-15 10:30:00-04:00,18.06999969482422,18.06999969482422,17.9950008392334,18.0,41193,0.0,0.0
2024-10-15 10:35:00-04:00,18.0,18.024999618530273,17.975000381469727,17.9950008392334,50493,0.0,0.0
2024-10-15 10:40:00-04:00,17.990100860595703,18.010000228881836,17.934999465942383,17.954999923706055,53336,0.0,0.0
2024-10-15 10:45:00-04:00,17.954999923706055,18.024999618530273,17.940000534057617,18.014999389648438,14751,0.0,0.0
2024-10-15 10:50:00-04:00,18.010099411010742,18.040000915527344,18.0,18.040000915527344,16449,0.0,0.0
2024-10-15 10:55:00-04:00,18.040000915527344,18.045000076293945,18.020000457763672,18.030000686645508,21284,0.0,0.0
2024-10-15 11:00:00-04:00,18.030000686645508,18.049999237060547,18.020000457763672,18.049999237060547,26821,0.0,0.0
2024-10-15 11:05:00-04:00,18.049999237060547,18.049999237060547,17.989999771118164,17.9950008392334,58161,0.0,0.0
2024-10-15 11:10:00-04:00,17.989999771118164,18.0,17.954999923706055,17.954999923706055,18261,0.0,0.0
2024-10-15 11:15:00-04:00,17.954999923706055,17.959999084472656,17.889999389648438,17.915000915527344,166031,0.0,0.0
2024-10-15 11:20:00-04:00,17.915000915527344,17.950000762939453,17.899999618530273,17.899999618530273,57670,0.0,0.0
2024-10-15 11:25:00-04:00,17.899999618530273,17.920000076293945,17.885000228881836,17.90999984741211,81134,0.0,0.0
2024-10-15 11:30:00-04:00,17.920000076293945,17.940000534057617,17.895000457763672,17.895000457763672,38550,0.0,0.0
2024-10-15 11:35:00-04:00,17.895000457763672,17.899999618530273,17.860000610351562,17.8700008392334,30945,0.0,0.0
2024-10-15 11:40:00-04:00,17.8700008392334,17.8700008392334,17.84000015258789,17.860000610351562,59563,0.0,0.0
2024-10-15 11:45:00-04:00,17.860000610351562,17.860000610351562,17.834999084472656,17.84000015258789,33203,0.0,0.0
2024-10-15 11:50:00-04:00,17.847999572753906,17.860000610351562,17.829999923706055,17.84819984436035,25536,0.0,0.0
2024-10-15 11:55:00-04:00,17.844999313354492,17.850000381469727,17.825000762939453,17.829999923706055,31957,0.0,0.0
2024-10-15 12:00:00-04:00,17.829999923706055,17.860000610351562,17.81999969482422,17.854999542236328,23876,0.0,0.0
2024-10-15 12:05:00-04:00,17.854999542236328,17.860000610351562,17.84000015258789,17.84000015258789,25976,0.0,0.0
2024-10-15 12:10:00-04:00,17.850000381469727,17.8799991607666,17.84000015258789,17.8700008392334,31807,0.0,0.0
2024-10-15 12:15:00-04:00,17.875,17.8799991607666,17.860000610351562,17.864999771118164,25211,0.0,0.0
2024-10-15 12:20:00-04:00,17.8700008392334,17.905000686645508,17.854999542236328,17.905000686645508,125636,0.0,0.0
2024-10-15 12:25:00-04:00,17.905000686645508,17.959999084472656,17.905000686645508,17.954999923706055,14583,0.0,0.0
2024-10-15 12:30:00-04:00,17.959999084472656,17.959999084472656,17.920000076293945,17.93000030517578,20417,0.0,0.0
2024-10-15 12:35:00-04:00,17.934999465942383,17.985000610351562,17.934999465942383,17.975000381469727,24090,0.0,0.0
2024-10-15 12:40:00-04:00,17.969999313354492,17.985000610351562,17.954999923706055,17.979999542236328,18866,0.0,0.0
2024-10-15 12:45:00-04:00,17.979999542236328,18.0,17.969999313354492,17.9950008392334,29428,0.0,0.0
2024-10-15 12:50:00-04:00,18.0,18.020000457763672,17.994300842285156,18.00510025024414,30410,0.0,0.0
2024-10-15 12:55:00-04:00,18.0049991607666,18.014999389648438,17.979999542236328,17.979999542236328,20333,0.0,0.0
2024-10-15 13:00:00-04:00,17.969999313354492,17.975000381469727,17.950000762939453,17.950000762939453,19737,0.0,0.0
2024-10-15 13:05:00-04:00,17.950000762939453,17.950000762939453,17.8799991607666,17.8799991607666,24575,0.0,0.0
2024-10-15 13:10:00-04:00,17.8799991607666,17.8799991607666,17.860000610351562,17.8700008392334,23173,0.0,0.0
2024-10-15 13:15:00-04:00,17.8700008392334,17.885000228881836,17.860000610351562,17.875,19586,0.0,0.0
2024-10-15 13:20:00-04:00,17.8799991607666,17.8799991607666,17.8700008392334,17.875,7165,0.0,0.0
2024-10-15 13:25:00-04:00,17.875,17.875,17.860000610351562,17.875,14259,0.0,0.0
2024-10-15 13:30:00-04:00,17.875,17.889999389648438,17.875,17.8799991607666,9274,0.0,0.0
2024-10-15 13:35:00-04:00,17.875,17.885000228881836,17.8700008392334,17.8799991607666,11123,0.0,0.0
2024-10-15 13:40:00-04:00,17.8799991607666,17.899999618530273,17.875,17.885000228881836,22757,0.0,0.0
2024-10-15 13:45:00-04:00,17.885000228881836,17.88599967956543,17.8700008392334,17.885000228881836,11848,0.0,0.0
2024-10-15 13:50:00-04:00,17.885000228881836,17.885000228881836,17.864999771118164,17.864999771118164,9687,0.0,0.0
2024-10-15 13:55:00-04:00,17.860000610351562,17.860000610351562,17.834999084472656,17.834999084472656,23128,0.0,0.0
2024-10-15 14:00:00-04:00,17.829999923706055,17.860000610351562,17.825000762939453,17.844999313354492,21646,0.0,0.0
2024-10-15 14:05:00-04:00,17.844999313354492,17.860000610351562,17.829999923706055,17.834999084472656,15796,0.0,0.0
2024-10-15 14:10:00-04:00,17.834999084472656,17.854999542236328,17.834999084472656,17.84000015258789,20255,0.0,0.0
2024-10-15 14:15:00-04:00,17.829999923706055,17.834999084472656,17.809999465942383,17.834999084472656,18642,0.0,0.0
2024-10-15 14:20:00-04:00,17.829999923706055,17.84000015258789,17.81999969482422,17.81999969482422,23918,0.0,0.0
2024-10-15 14:25:00-04:00,17.825000762939453,17.834999084472656,17.799999237060547,17.80500030517578,20922,0.0,0.0
2024-10-15 14:30:00-04:00,17.80500030517578,17.81999969482422,17.80500030517578,17.815000534057617,21437,0.0,0.0
2024-10-15 14:35:00-04:00,17.809999465942383,17.829999923706055,17.80500030517578,17.825000762939453,16106,0.0,0.0
2024-10-15 14:40:00-04:00,17.825000762939453,17.84000015258789,17.81999969482422,17.834999084472656,18608,0.0,0.0
2024-10-15 14:45:00-04:00,17.834999084472656,17.836000442504883,17.81999969482422,17.81999969482422,12770,0.0,0.0
2024-10-15 14:50:00-04:00,17.81999969482422,17.844999313354492,17.815000534057617,17.844999313354492,25124,0.0,0.0
2024-10-15 14:55:00-04:00,17.84000015258789,17.844999313354492,17.799999237060547,17.80500030517578,25118,0.0,0.0
2024-10-15 15:00:00-04:00,17.80500030517578,17.81999969482422,17.795000076293945,17.795000076293945,35997,0.0,0.0
2024-10-15 15:05:00-04:00,17.795000076293945,17.825000762939453,17.780000686645508,17.799999237060547,46014,0.0,0.0
2024-10-15 15:10:00-04:00,17.80500030517578,17.829999923706055,17.799999237060547,17.799999237060547,22330,0.0,0.0
2024-10-15 15:15:00-04:00,17.80500030517578,17.829999923706055,17.80500030517578,17.829999923706055,22658,0.0,0.0
2024-10-15 15:20:00-04:00,17.829999923706055,17.84000015258789,17.825000762939453,17.834999084472656,11377,0.0,0.0
2024-10-15 15:25:00-04:00,17.84000015258789,17.84600067138672,17.815000534057617,17.815000534057617,50043,0.0,0.0
2024-10-15 15:30:00-04:00,17.809999465942383,17.815000534057617,17.790000915527344,17.809999465942383,40219,0.0,0.0
2024-10-15 15:35:00-04:00,17.815000534057617,17.815000534057617,17.780000686645508,17.80500030517578,41889,0.0,0.0
2024-10-15 15:40:00-04:00,17.799999237060547,17.815000534057617,17.790000915527344,17.795000076293945,52251,0.0,0.0
2024-10-15 15:45:00-04:00,17.795000076293945,17.795000076293945,17.760000228881836,17.78499984741211,95702,0.0,0.0
2024-10-15 15:50:00-04:00,17.790000915527344,17.795000076293945,17.739999771118164,17.7549991607666,174883,0.0,0.0
2024-10-15 15:55:00-04:00,17.7549991607666,17.7549991607666,17.690000534057617,17.700000762939453,746151,0.0,0.0
2024-10-16 09:30:00-04:00,17.8799991607666,17.920000076293945,17.834999084472656,17.920000076293945,27178,0.0,0.0
2024-10-16 09:35:00-04:00,17.920000076293945,17.959999084472656,17.899999618530273,17.950000762939453,9407,0.0,0.0
2024-10-16 09:40:00-04:00,17.950000762939453,17.975000381469727,17.920000076293945,17.96500015258789,13585,0.0,0.0
2024-10-16 09:45:00-04:00,17.96500015258789,17.989999771118164,17.934999465942383,17.940000534057617,33916,0.0,0.0
2024-10-16 09:50:00-04:00,17.924999237060547,17.94499969482422,17.899999618530273,17.920000076293945,20098,0.0,0.0
2024-10-16 09:55:00-04:00,17.920000076293945,17.989999771118164,17.915000915527344,17.989999771118164,18550,0.0,0.0
2024-10-16 10:00:00-04:00,18.0,18.010000228881836,17.950000762939453,18.0,19512,0.0,0.0
2024-10-16 10:05:00-04:00,18.0,18.020000457763672,17.985000610351562,18.014999389648438,11517,0.0,0.0
2024-10-16 10:10:00-04:00,18.0,18.010000228881836,17.954999923706055,17.954999923706055,12920,0.0,0.0
2024-10-16 10:15:00-04:00,17.959999084472656,18.020000457763672,17.950000762939453,18.0049991607666,22439,0.0,0.0
2024-10-16 10:20:00-04:00,18.0,18.0,17.96380043029785,17.96500015258789,8315,0.0,0.0
2024-10-16 10:25:00-04:00,17.959999084472656,17.969999313354492,17.934999465942383,17.94499969482422,9760,0.0,0.0
2024-10-16 10:30:00-04:00,17.940000534057617,18.0049991607666,17.940000534057617,18.0,9393,0.0,0.0
2024-10-16 10:35:00-04:00,18.0,18.0049991607666,17.969999313354492,17.9950008392334,23598,0.0,0.0
2024-10-16 10:40:00-04:00,17.989999771118164,18.020000457763672,17.954999923706055,18.010000228881836,24300,0.0,0.0
2024-10-16 10:45:00-04:00,18.0,18.014999389648438,17.979999542236328,18.014999389648438,9711,0.0,0.0
2024-10-16 10:50:00-04:00,18.020000457763672,18.020000457763672,17.989999771118164,18.010000228881836,21039,0.0,0.0
2024-10-16 10:55:00-04:00,18.014999389648438,18.014999389648438,17.989999771118164,18.014999389648438,8179,0.0,0.0
2024-10-16 11:00:00-04:00,18.014999389648438,18.014999389648438,17.9950008392334,17.9950008392334,9584,0.0,0.0
2024-10-16 11:05:00-04:00,18.0,18.0,17.975000381469727,17.9950008392334,9642,0.0,0.0
2024-10-16 11:10:00-04:00,17.989999771118164,18.010000228881836,17.975000381469727,17.979999542236328,10351,0.0,0.0
2024-10-16 11:15:00-04:00,17.989999771118164,18.0,17.989999771118164,17.989999771118164,2153,0.0,0.0
2024-10-16 11:20:00-04:00,17.989999771118164,17.989999771118164,17.96500015258789,17.985000610351562,9769,0.0,0.0
2024-10-16 11:25:00-04:00,17.979999542236328,17.979999542236328,17.959999084472656,17.975000381469727,8971,0.0,0.0
2024-10-16 11:30:00-04:00,17.979999542236328,17.989999771118164,17.975000381469727,17.989999771118164,10816,0.0,0.0
2024-10-16 11:35:00-04:00,17.979999542236328,17.979999542236328,17.954999923706055,17.975000381469727,15481,0.0,0.0
2024-10-16 11:40:00-04:00,17.969999313354492,17.985000610351562,17.969999313354492,17.979999542236328,5885,0.0,0.0
2024-10-16 11:45:00-04:00,17.979999542236328,18.0,17.959999084472656,18.0,22163,0.0,0.0
2024-10-16 11:50:00-04:00,18.0,18.010000228881836,17.9950008392334,17.9950008392334,9855,0.0,0.0
2024-10-16 11:55:00-04:00,18.0,18.030000686645508,18.0,18.020000457763672,19517,0.0,0.0
2024-10-16 12:00:00-04:00,18.024999618530273,18.049999237060547,18.024999618530273,18.024999618530273,10658,0.0,0.0
2024-10-16 12:05:00-04:00,18.030000686645508,18.03499984741211,18.014999389648438,18.030000686645508,11886,0.0,0.0
2024-10-16 12:10:00-04:00,18.030000686645508,18.049999237060547,18.02989959716797,18.045000076293945,11470,0.0,0.0
2024-10-16 12:15:00-04:00,18.045000076293945,18.075000762939453,18.040000915527344,18.075000762939453,26505,0.0,0.0
2024-10-16 12:20:00-04:00,18.06999969482422,18.079099655151367,18.06999969482422,18.075000762939453,5420,0.0,0.0
2024-10-16 12:25:00-04:00,18.06999969482422,18.075000762939453,18.045000076293945,18.065000534057617,19159,0.0,0.0
2024-10-16 12:30:00-04:00,18.065000534057617,18.06999969482422,18.045000076293945,18.065000534057617,20622,0.0,0.0
2024-10-16 12:35:00-04:00,18.065000534057617,18.110000610351562,18.065000534057617,18.104999542236328,27192,0.0,0.0
2024-10-16 12:40:00-04:00,18.100000381469727,18.110000610351562,18.09000015258789,18.100000381469727,20222,0.0,0.0
2024-10-16 12:45:00-04:00,18.09000015258789,18.1200008392334,18.084999084472656,18.094999313354492,42310,0.0,0.0
2024-10-16 12:50:00-04:00,18.101499557495117,18.110000610351562,18.075000762939453,18.110000610351562,40826,0.0,0.0
2024-10-16 12:55:00-04:00,18.114999771118164,18.139999389648438,18.11440086364746,18.135000228881836,70167,0.0,0.0
2024-10-16 13:00:00-04:00,18.139999389648438,18.149999618530273,18.125,18.135000228881836,57367,0.0,0.0
2024-10-16 13:05:00-04:00,18.1299991607666,18.139999389648438,18.084999084472656,18.084999084472656,55106,0.0,0.0
2024-10-16 13:10:00-04:00,18.084999084472656,18.135000228881836,18.084999084472656,18.135000228881836,11869,0.0,0.0
2024-10-16 13:15:00-04:00,18.135000228881836,18.145000457763672,18.125,18.125,16783,0.0,0.0
2024-10-16 13:20:00-04:00,18.125,18.135000228881836,18.110000610351562,18.114999771118164,22917,0.0,0.0
2024-10-16 13:25:00-04:00,18.125,18.1299991607666,18.1200008392334,18.125,5637,0.0,0.0
2024-10-16 13:30:00-04:00,18.125,18.149999618530273,18.125,18.14900016784668,9711,0.0,0.0
2024-10-16 13:35:00-04:00,18.145000457763672,18.155000686645508,18.1299991607666,18.155000686645508,14956,0.0,0.0
2024-10-16 13:40:00-04:00,18.155000686645508,18.15999984741211,18.125,18.125,14366,0.0,0.0
2024-10-16 13:45:00-04:00,18.125,18.1299991607666,18.114999771118164,18.125,13076,0.0,0.0
2024-10-16 13:50:00-04:00,18.1200008392334,18.135000228881836,18.114999771118164,18.114999771118164,17084,0.0,0.0
2024-10-16 13:55:00-04:00,18.114900588989258,18.139999389648438,18.110000610351562,18.135000228881836,25512,0.0,0.0
2024-10-16 14:00:00-04:00,18.135000228881836,18.155000686645508,18.1299991607666,18.135000228881836,12474,0.0,0.0
2024-10-16 14:05:00-04:00,18.135000228881836,18.155000686645508,18.125,18.125,31414,0.0,0.0
2024-10-16 14:10:00-04:00,18.125,18.135000228881836,18.110000610351562,18.1200008392334,11008,0.0,0.0
2024-10-16 14:15:00-04:00,18.1299991607666,18.135000228881836,18.125,18.125,4794,0.0,0.0
2024-10-16 14:20:00-04:00,18.125,18.139999389648438,18.125,18.13599967956543,9271,0.0,0.0
2024-10-16 14:25:00-04:00,18.135000228881836,18.135000228881836,18.110000610351562,18.114999771118164,14035,0.0,0.0
2024-10-16 14:30:00-04:00,18.1200008392334,18.1200008392334,18.094999313354492,18.114999771118164,18078,0.0,0.0
2024-10-16 14:35:00-04:00,18.114999771118164,18.1299991607666,18.110000610351562,18.125,12895,0.0,0.0
2024-10-16 14:40:00-04:00,18.125,18.139999389648438,18.110000610351562,18.125,22802,0.0,0.0
2024-10-16 14:45:00-04:00,18.125,18.135000228881836,18.1200008392334,18.1299991607666,13515,0.0,0.0
2024-10-16 14:50:00-04:00,18.135000228881836,18.135000228881836,18.110000610351562,18.1200008392334,13948,0.0,0.0
2024-10-16 14:55:00-04:00,18.114999771118164,18.1299991607666,18.114999771118164,18.125,9749,0.0,0.0
2024-10-16 15:00:00-04:00,18.1299991607666,18.145000457763672,18.114999771118164,18.135000228881836,26149,0.0,0.0
2024-10-16 15:05:00-04:00,18.139999389648438,18.149999618530273,18.135000228881836,18.145000457763672,18254,0.0,0.0
2024-10-16 15:10:00-04:00,18.155000686645508,18.1560001373291,18.139999389648438,18.145000457763672,10766,0.0,0.0
2024-10-16 15:15:00-04:00,18.145000457763672,18.149999618530273,18.139999389648438,18.149999618530273,10817,0.0,0.0
2024-10-16 15:20:00-04:00,18.145000457763672,18.145000457763672,18.1299991607666,18.1299991607666,21509,0.0,0.0
2024-10-16 15:25:00-04:00,18.1299991607666,18.139999389648438,18.125,18.135000228881836,18234,0.0,0.0
2024-10-16 15:30:00-04:00,18.135000228881836,18.139999389648438,18.1200008392334,18.135000228881836,40367,0.0,0.0
2024-10-16 15:35:00-04:00,18.135000228881836,18.149999618530273,18.125,18.125,27743,0.0,0.0
2024-10-16 15:40:00-04:00,18.1200008392334,18.145000457763672,18.1200008392334,18.145000457763672,28981,0.0,0.0
2024-10-16 15:45:00-04:00,18.145000457763672,18.149999618530273,18.1200008392334,18.1299991607666,73957,0.0,0.0
2024-10-16 15:50:00-04:00,18.125,18.149900436401367,18.110000610351562,18.145000457763672,88352,0.0,0.0
2024-10-16 15:55:00-04:00,18.145000457763672,18.18000030517578,18.139999389648438,18.170000076293945,213802,0.0,0.0
2024-10-17 09:30:00-04:00,18.270000457763672,18.299999237060547,18.229999542236328,18.229999542236328,67168,0.0,0.0
2024-10-17 09:35:00-04:00,18.229999542236328,18.25,18.190000534057617,18.209999084472656,42229,0.0,0.0
2024-10-17 09:40:00-04:00,18.209999084472656,18.280000686645508,18.209999084472656,18.278039932250977,12005,0.0,0.0
2024-10-17 09:45:00-04:00,18.260000228881836,18.309999465942383,18.25,18.290000915527344,24981,0.0,0.0
2024-10-17 09:50:00-04:00,18.294700622558594,18.325000762939453,18.260000228881836,18.264999389648438,38674,0.0,0.0
2024-10-17 09:55:00-04:00,18.264999389648438,18.31999969482422,18.25,18.31999969482422,33461,0.0,0.0
2024-10-17 10:00:00-04:00,18.310400009155273,18.31999969482422,18.280000686645508,18.290000915527344,56055,0.0,0.0
2024-10-17 10:05:00-04:00,18.30500030517578,18.344999313354492,18.274999618530273,18.34000015258789,19352,0.0,0.0
2024-10-17 10:10:00-04:00,18.34000015258789,18.34680938720703,18.31999969482422,18.329999923706055,9522,0.0,0.0
2024-10-17 10:15:00-04:00,18.323190689086914,18.34000015258789,18.299999237060547,18.30500030517578,13742,0.0,0.0
2024-10-17 10:20:00-04:00,18.30500030517578,18.31999969482422,18.280000686645508,18.31999969482422,67781,0.0,0.0
2024-10-17 10:25:00-04:00,18.315000534057617,18.315000534057617,18.2549991607666,18.295000076293945,27839,0.0,0.0
2024-10-17 10:30:00-04:00,18.290000915527344,18.295000076293945,18.264999389648438,18.264999389648438,15282,0.0,0.0
2024-10-17 10:35:00-04:00,18.260000228881836,18.31999969482422,18.25,18.315000534057617,18127,0.0,0.0
2024-10-17 10:40:00-04:00,18.31999969482422,18.325000762939453,18.295000076293945,18.295000076293945,15698,0.0,0.0
2024-10-17 10:45:00-04:00,18.299999237060547,18.334999084472656,18.295000076293945,18.329999923706055,9831,0.0,0.0
2024-10-17 10:50:00-04:00,18.334999084472656,18.34000015258789,18.325000762939453,18.329999923706055,21972,0.0,0.0
2024-10-17 10:55:00-04:00,18.329999923706055,18.34000015258789,18.309999465942383,18.325000762939453,20670,0.0,0.0
2024-10-17 11:00:00-04:00,18.325000762939453,18.325000762939453,18.25,18.260000228881836,15524,0.0,0.0
2024-10-17 11:05:00-04:00,18.260000228881836,18.266807556152344,18.239999771118164,18.239999771118164,6222,0.0,0.0
2024-10-17 11:10:00-04:00,18.239999771118164,18.246807098388672,18.219999313354492,18.235000610351562,9676,0.0,0.0
2024-10-17 11:15:00-04:00,18.239999771118164,18.280000686645508,18.239999771118164,18.2549991607666,9921,0.0,0.0
2024-10-17 11:20:00-04:00,18.260000228881836,18.270000457763672,18.229999542236328,18.260000228881836,12007,0.0,0.0
2024-10-17 11:25:00-04:00,18.260000228881836,18.27690887451172,18.260000228881836,18.274999618530273,5578,0.0,0.0
2024-10-17 11:30:00-04:00,18.270000457763672,18.280000686645508,18.270000457763672,18.270099639892578,6927,0.0,0.0
2024-10-17 11:35:00-04:00,18.280000686645508,18.286808013916016,18.274999618530273,18.280000686645508,7880,0.0,0.0
2024-10-17 11:40:00-04:00,18.290000915527344,18.290000915527344,18.273500442504883,18.280000686645508,5485,0.0,0.0
2024-10-17 11:45:00-04:00,18.274999618530273,18.274999618530273,18.260000228881836,18.264999389648438,6214,0.0,0.0
2024-10-17 11:50:00-04:00,18.264999389648438,18.264999389648438,18.2549991607666,18.264999389648438,10980,0.0,0.0
2024-10-17 11:55:00-04:00,18.264999389648438,18.264999389648438,18.2549991607666,18.264999389648438,7923,0.0,0.0
2024-10-17 12:00:00-04:00,18.260000228881836,18.260000228881836,18.25,18.2549991607666,4976,0.0,0.0
2024-10-17 12:05:00-04:00,18.260000228881836,18.270000457763672,18.250099182128906,18.2549991607666,11239,0.0,0.0
2024-10-17 12:10:00-04:00,18.260000228881836,18.270000457763672,18.25,18.270000457763672,4061,0.0,0.0
2024-10-17 12:15:00-04:00,18.270000457763672,18.280000686645508,18.260000228881836,18.264999389648438,12706,0.0,0.0
2024-10-17 12:20:00-04:00,18.270000457763672,18.280000686645508,18.264999389648438,18.280000686645508,8861,0.0,0.0
2024-10-17 12:25:00-04:00,18.280000686645508,18.280000686645508,18.270000457763672,18.273191452026367,5908,0.0,0.0
2024-10-17 12:30:00-04:00,18.270000457763672,18.270000457763672,18.239999771118164,18.2549991607666,8833,0.0,0.0
2024-10-17 12:35:00-04:00,18.2549991607666,18.274999618530273,18.2549991607666,18.270000457763672,6455,0.0,0.0
2024-10-17 12:40:00-04:00,18.270000457763672,18.270000457763672,18.250200271606445,18.2549991607666,8162,0.0,0.0
2024-10-17 12:45:00-04:00,18.260000228881836,18.270000457763672,18.2549991607666,18.264999389648438,6951,0.0,0.0
2024-10-17 12:50:00-04:00,18.264999389648438,18.28499984741211,18.264999389648438,18.28499984741211,11562,0.0,0.0
2024-10-17 12:55:00-04:00,18.28499984741211,18.290000915527344,18.274999618530273,18.280000686645508,13022,0.0,0.0
2024-10-17 13:00:00-04:00,18.28499984741211,18.290000915527344,18.2549991607666,18.2549991607666,27022,0.0,0.0
2024-10-17 13:05:00-04:00,18.2549991607666,18.2549991607666,18.239999771118164,18.2549991607666,10520,0.0,0.0
2024-10-17 13:10:00-04:00,18.2549991607666,18.270000457763672,18.25,18.264999389648438,28905,0.0,0.0
2024-10-17 13:15:00-04:00,18.270000457763672,18.28499984741211,18.229999542236328,18.235000610351562,38478,0.0,0.0
2024-10-17 13:20:00-04:00,18.239999771118164,18.25,18.225000381469727,18.225000381469727,18284,0.0,0.0
2024-10-17 13:25:00-04:00,18.225000381469727,18.239999771118164,18.225000381469727,18.235000610351562,10240,0.0,0.0
2024-10-17 13:30:00-04:00,18.235000610351562,18.25,18.219999313354492,18.235000610351562,106570,0.0,0.0
2024-10-17 13:35:00-04:00,18.235000610351562,18.295000076293945,18.235000610351562,18.28499984741211,33479,0.0,0.0
2024-10-17 13:40:00-04:00,18.28499984741211,18.290000915527344,18.25,18.25,43259,0.0,0.0
2024-10-17 13:45:00-04:00,18.2549991607666,18.280000686645508,18.2549991607666,18.2549991607666,41498,0.0,0.0
2024-10-17 13:50:00-04:00,18.260000228881836,18.270000457763672,18.25,18.270000457763672,23964,0.0,0.0
2024-10-17 13:55:00-04:00,18.270000457763672,18.270000457763672,18.225000381469727,18.225000381469727,23525,0.0,0.0
2024-10-17 14:00:00-04:00,18.229999542236328,18.235000610351562,18.18000030517578,18.18000030517578,34703,0.0,0.0
2024-10-17 14:05:00-04:00,18.170000076293945,18.18000030517578,18.15999984741211,18.170000076293945,10322,0.0,0.0
2024-10-17 14:10:00-04:00,18.174999237060547,18.190000534057617,18.149999618530273,18.190000534057617,21819,0.0,0.0
2024-10-17 14:15:00-04:00,18.190000534057617,18.200000762939453,18.190000534057617,18.19499969482422,11664,0.0,0.0
2024-10-17 14:20:00-04:00,18.190000534057617,18.19499969482422,18.149999618530273,18.149999618530273,57571,0.0,0.0
2024-10-17 14:25:00-04:00,18.155000686645508,18.170000076293945,18.145000457763672,18.165000915527344,29675,0.0,0.0
2024-10-17 14:30:00-04:00,18.170000076293945,18.200000762939453,18.170000076293945,18.19499969482422,22206,0.0,0.0
2024-10-17 14:35:00-04:00,18.19499969482422,18.200000762939453,18.18000030517578,18.184999465942383,14264,0.0,0.0
2024-10-17 14:40:00-04:00,18.190000534057617,18.209999084472656,18.190000534057617,18.204999923706055,19434,0.0,0.0
2024-10-17 14:45:00-04:00,18.204999923706055,18.219999313354492,18.200000762939453,18.21500015258789,22766,0.0,0.0
2024-10-17 14:50:00-04:00,18.209999084472656,18.21500015258789,18.20009994506836,18.209999084472656,14710,0.0,0.0
2024-10-17 14:55:00-04:00,18.209999084472656,18.229999542236328,18.204999923706055,18.219999313354492,34478,0.0,0.0
2024-10-17 15:00:00-04:00,18.219999313354492,18.239999771118164,18.219999313354492,18.235000610351562,38125,0.0,0.0
2024-10-17 15:05:00-04:00,18.235000610351562,18.24970054626465,18.225000381469727,18.2450008392334,23651,0.0,0.0
2024-10-17 15:10:00-04:00,18.2450008392334,18.2450008392334,18.235000610351562,18.239999771118164,23754,0.0,0.0
2024-10-17 15:15:00-04:00,18.235000610351562,18.235000610351562,18.225000381469727,18.22599983215332,11709,0.0,0.0
2024-10-17 15:20:00-04:00,18.229999542236328,18.25,18.225000381469727,18.2450008392334,35255,0.0,0.0
2024-10-17 15:25:00-04:00,18.2450008392334,18.25,18.239999771118164,18.247499465942383,30577,0.0,0.0
2024-10-17 15:30:00-04:00,18.2450008392334,18.2450008392334,18.231000900268555,18.239999771118164,32410,0.0,0.0
2024-10-17 15:35:00-04:00,18.235000610351562,18.25,18.229999542236328,18.235000610351562,39218,0.0,0.0
2024-10-17 15:40:00-04:00,18.229999542236328,18.229999542236328,18.21500015258789,18.21500015258789,42867,0.0,0.0
2024-10-17 15:45:00-04:00,18.219999313354492,18.229999542236328,18.21500015258789,18.229999542236328,49658,0.0,0.0
2024-10-17 15:50:00-04:00,18.219999313354492,18.260000228881836,18.219999313354492,18.2549991607666,94335,0.0,0.0
2024-10-17 15:55:00-04:00,18.2549991607666,18.299999237060547,18.25,18.290000915527344,373921,0.0,0.0
2024-10-18 09:30:00-04:00,18.3700008392334,18.399999618530273,18.235000610351562,18.235000610351562,182059,0.0,0.0
2024-10-18 09:35:00-04:00,18.239999771118164,18.295000076293945,18.219999313354492,18.295000076293945,17459,0.0,0.0
2024-10-18 09:40:00-04:00,18.299999237060547,18.364999771118164,18.299999237060547,18.364999771118164,11689,0.0,0.0
2024-10-18 09:45:00-04:00,18.360000610351562,18.375,18.34000015258789,18.350000381469727,24365,0.0,0.0
2024-10-18 09:50:00-04:00,18.354999542236328,18.450000762939453,18.354999542236328,18.415000915527344,72538,0.0,0.0
2024-10-18 09:55:00-04:00,18.43000030517578,18.44499969482422,18.385000228881836,18.385000228881836,65092,0.0,0.0
2024-10-18 10:00:00-04:00,18.385000228881836,18.385000228881836,18.354999542236328,18.375,36498,0.0,0.0
2024-10-18 10:05:00-04:00,18.3799991607666,18.399999618530273,18.365100860595703,18.39681053161621,29695,0.0,0.0
2024-10-18 10:10:00-04:00,18.389999389648438,18.450000762939453,18.375,18.44499969482422,67385,0.0,0.0
2024-10-18 10:15:00-04:00,18.44499969482422,18.530000686645508,18.44499969482422,18.524999618530273,147982,0.0,0.0
2024-10-18 10:20:00-04:00,18.524999618530273,18.530000686645508,18.485000610351562,18.520000457763672,76961,0.0,0.0
2024-10-18 10:25:00-04:00,18.520000457763672,18.56999969482422,18.510000228881836,18.565000534057617,53300,0.0,0.0
2024-10-18 10:30:00-04:00,18.56999969482422,18.600000381469727,18.56999969482422,18.575000762939453,56348,0.0,0.0
2024-10-18 10:35:00-04:00,18.56999969482422,18.59000015258789,18.540000915527344,18.545000076293945,41645,0.0,0.0
2024-10-18 10:40:00-04:00,18.549999237060547,18.59000015258789,18.549999237060547,18.59000015258789,34912,0.0,0.0
2024-10-18 10:45:00-04:00,18.584999084472656,18.59000015258789,18.559999465942383,18.577116012573242,51490,0.0,0.0
2024-10-18 10:50:00-04:00,18.575000762939453,18.6299991607666,18.575000762939453,18.584999084472656,72503,0.0,0.0
2024-10-18 10:55:00-04:00,18.584999084472656,18.600000381469727,18.575000762939453,18.584999084472656,25470,0.0,0.0
2024-10-18 11:00:00-04:00,18.579999923706055,18.600000381469727,18.559999465942383,18.600000381469727,36578,0.0,0.0
2024-10-18 11:05:00-04:00,18.594999313354492,18.6200008392334,18.59000015258789,18.614999771118164,24100,0.0,0.0
2024-10-18 11:10:00-04:00,18.614999771118164,18.639999389648438,18.610000610351562,18.635000228881836,29209,0.0,0.0
2024-10-18 11:15:00-04:00,18.635000228881836,18.670000076293945,18.6200008392334,18.670000076293945,33494,0.0,0.0
2024-10-18 11:20:00-04:00,18.665000915527344,18.665000915527344,18.6200008392334,18.645000457763672,46146,0.0,0.0
2024-10-18 11:25:00-04:00,18.645000457763672,18.649999618530273,18.6299991607666,18.639999389648438,22297,0.0,0.0
2024-10-18 11:30:00-04:00,18.639999389648438,18.649999618530273,18.6299991607666,18.645000457763672,24142,0.0,0.0
2024-10-18 11:35:00-04:00,18.645000457763672,18.68000030517578,18.639999389648438,18.674999237060547,30437,0.0,0.0
2024-10-18 11:40:00-04:00,18.674999237060547,18.709999084472656,18.65999984741211,18.665000915527344,68487,0.0,0.0
2024-10-18 11:45:00-04:00,18.665000915527344,18.674999237060547,18.639999389648438,18.639999389648438,35575,0.0,0.0
2024-10-18 11:50:00-04:00,18.639999389648438,18.674999237060547,18.639999389648438,18.665000915527344,36407,0.0,0.0
2024-10-18 11:55:00-04:00,18.665000915527344,18.665000915527344,18.649999618530273,18.649999618530273,17332,0.0,0.0
2024-10-18 12:00:00-04:00,18.655000686645508,18.684999465942383,18.649999618530273,18.68000030517578,41446,0.0,0.0
2024-10-18 12:05:00-04:00,18.684999465942383,18.709999084472656,18.65999984741211,18.65999984741211,96136,0.0,0.0
2024-10-18 12:10:00-04:00,18.65999984741211,18.729999542236328,18.639999389648438,18.725799560546875,107292,0.0,0.0
2024-10-18 12:15:00-04:00,18.725000381469727,18.739999771118164,18.709999084472656,18.735000610351562,31756,0.0,0.0
2024-10-18 12:20:00-04:00,18.735000610351562,18.749300003051758,18.729999542236328,18.729999542236328,17240,0.0,0.0
2024-10-18 12:25:00-04:00,18.729999542236328,18.75,18.729999542236328,18.7450008392334,12225,0.0,0.0
2024-10-18 12:30:00-04:00,18.739999771118164,18.75,18.739999771118164,18.7450008392334,16052,0.0,0.0
2024-10-18 12:35:00-04:00,18.739999771118164,18.770000457763672,18.739999771118164,18.7549991607666,33084,0.0,0.0
2024-10-18 12:40:00-04:00,18.7549991607666,18.78969955444336,18.75,18.78969955444336,27441,0.0,0.0
2024-10-18 12:45:00-04:00,18.78499984741211,18.78499984741211,18.770000457763672,18.774999618530273,36852,0.0,0.0
2024-10-18 12:50:00-04:00,18.774999618530273,18.780000686645508,18.770000457763672,18.774999618530273,18562,0.0,0.0
2024-10-18 12:55:00-04:00,18.774999618530273,18.780000686645508,18.725000381469727,18.735000610351562,41449,0.0,0.0
2024-10-18 13:00:00-04:00,18.739999771118164,18.760000228881836,18.725000381469727,18.729999542236328,27395,0.0,0.0
2024-10-18 13:05:00-04:00,18.729999542236328,18.735000610351562,18.700000762939453,18.725000381469727,16652,0.0,0.0
2024-10-18 13:10:00-04:00,18.725000381469727,18.735000610351562,18.719999313354492,18.725000381469727,24527,0.0,0.0
2024-10-18 13:15:00-04:00,18.729999542236328,18.729999542236328,18.704999923706055,18.704999923706055,34043,0.0,0.0
2024-10-18 13:20:00-04:00,18.700000762939453,18.725000381469727,18.700000762939453,18.71500015258789,65594,0.0,0.0
2024-10-18 13:25:00-04:00,18.709999084472656,18.770000457763672,18.709999084472656,18.725000381469727,76849,0.0,0.0
2024-10-18 13:30:00-04:00,18.729999542236328,18.764999389648438,18.729999542236328,18.75,31171,0.0,0.0
2024-10-18 13:35:00-04:00,18.7450008392334,18.7450008392334,18.729999542236328,18.729999542236328,19652,0.0,0.0
2024-10-18 13:40:00-04:00,18.729999542236328,18.729999542236328,18.69499969482422,18.706100463867188,27422,0.0,0.0
2024-10-18 13:45:00-04:00,18.709999084472656,18.71500015258789,18.69499969482422,18.69499969482422,24630,0.0,0.0
2024-10-18 13:50:00-04:00,18.690000534057617,18.69499969482422,18.68000030517578,18.684999465942383,9764,0.0,0.0
2024-10-18 13:55:00-04:00,18.690000534057617,18.69499969482422,18.670000076293945,18.68000030517578,18664,0.0,0.0
2024-10-18 14:00:00-04:00,18.68000030517578,18.704999923706055,18.649999618530273,18.69499969482422,22739,0.0,0.0
2024-10-18 14:05:00-04:00,18.69499969482422,18.704999923706055,18.690000534057617,18.69499969482422,16837,0.0,0.0
2024-10-18 14:10:00-04:00,18.69499969482422,18.700000762939453,18.690000534057617,18.69499969482422,6886,0.0,0.0
2024-10-18 14:15:00-04:00,18.69499969482422,18.719999313354492,18.69499969482422,18.71500015258789,30196,0.0,0.0
2024-10-18 14:20:00-04:00,18.71500015258789,18.71500015258789,18.700000762939453,18.709999084472656,18965,0.0,0.0
2024-10-18 14:25:00-04:00,18.719999313354492,18.725000381469727,18.709999084472656,18.725000381469727,38353,0.0,0.0
2024-10-18 14:30:00-04:00,18.725000381469727,18.729999542236328,18.690000534057617,18.690000534057617,12013,0.0,0.0
2024-10-18 14:35:00-04:00,18.690000534057617,18.699899673461914,18.68000030517578,18.684999465942383,22057,0.0,0.0
2024-10-18 14:40:00-04:00,18.68000030517578,18.690000534057617,18.665000915527344,18.665000915527344,19175,0.0,0.0
2024-10-18 14:45:00-04:00,18.665000915527344,18.684999465942383,18.665000915527344,18.670000076293945,21138,0.0,0.0
2024-10-18 14:50:00-04:00,18.665000915527344,18.68000030517578,18.655000686645508,18.65999984741211,25135,0.0,0.0
2024-10-18 14:55:00-04:00,18.665000915527344,18.670000076293945,18.645000457763672,18.655000686645508,41005,0.0,0.0
2024-10-18 15:00:00-04:00,18.655000686645508,18.655000686645508,18.625,18.625,28627,0.0,0.0
2024-10-18 15:05:00-04:00,18.625,18.625999450683594,18.610000610351562,18.625,40039,0.0,0.0
2024-10-18 15:10:00-04:00,18.625,18.625,18.600000381469727,18.614999771118164,35829,0.0,0.0
2024-10-18 15:15:00-04:00,18.610000610351562,18.6200008392334,18.604999542236328,18.614999771118164,34564,0.0,0.0
2024-10-18 15:20:00-04:00,18.610000610351562,18.614999771118164,18.549999237060547,18.579999923706055,140918,0.0,0.0
2024-10-18 15:25:00-04:00,18.584999084472656,18.610000610351562,18.570999145507812,18.604999542236328,50063,0.0,0.0
2024-10-18 15:30:00-04:00,18.604999542236328,18.604999542236328,18.575000762939453,18.575000762939453,40619,0.0,0.0
2024-10-18 15:35:00-04:00,18.575000762939453,18.600000381469727,18.559999465942383,18.594999313354492,80529,0.0,0.0
2024-10-18 15:40:00-04:00,18.594999313354492,18.594999313354492,18.56999969482422,18.579999923706055,57890,0.0,0.0
2024-10-18 15:45:00-04:00,18.56999969482422,18.600000381469727,18.56999969482422,18.600000381469727,98461,0.0,0.0
2024-10-18 15:50:00-04:00,18.594999313354492,18.649999618530273,18.594999313354492,18.628700256347656,147699,0.0,0.0
2024-10-18 15:55:00-04:00,18.625,18.639999389648438,18.600000381469727,18.6200008392334,480364,0.0,0.0
2024-10-21 09:30:00-04:00,18.489999771118164,18.690000534057617,18.489999771118164,18.690000534057617,39755,0.0,0.0
2024-10-21 09:35:00-04:00,18.684999465942383,18.684999465942383,18.540000915527344,18.55500030517578,82781,0.0,0.0
2024-10-21 09:40:00-04:00,18.549999237060547,18.56999969482422,18.469999313354492,18.489999771118164,23756,0.0,0.0
2024-10-21 09:45:00-04:00,18.485000610351562,18.565000534057617,18.485000610351562,18.565000534057617,27042,0.0,0.0
2024-10-21 09:50:00-04:00,18.565000534057617,18.59000015258789,18.549999237060547,18.579999923706055,40169,0.0,0.0
2024-10-21 09:55:00-04:00,18.584999084472656,18.584999084472656,18.510000228881836,18.530000686645508,57585,0.0,0.0
2024-10-21 10:00:00-04:00,18.540000915527344,18.549999237060547,18.4950008392334,18.4950008392334,60352,0.0,0.0
2024-10-21 10:05:00-04:00,18.5,18.5049991607666,18.450000762939453,18.475000381469727,32213,0.0,0.0
2024-10-21 10:10:00-04:00,18.475000381469727,18.479999542236328,18.454999923706055,18.454999923706055,26932,0.0,0.0
2024-10-21 10:15:00-04:00,18.454999923706055,18.479999542236328,18.44499969482422,18.475000381469727,338249,0.0,0.0
2024-10-21 10:20:00-04:00,18.475000381469727,18.549999237060547,18.46500015258789,18.4950008392334,58810,0.0,0.0
2024-10-21 10:25:00-04:00,18.4950008392334,18.520000457763672,18.469999313354492,18.469999313354492,39229,0.0,0.0
2024-10-21 10:30:00-04:00,18.475000381469727,18.4950008392334,18.44499969482422,18.46500015258789,46419,0.0,0.0
2024-10-21 10:35:00-04:00,18.46500015258789,18.5,18.440000534057617,18.4950008392334,362646,0.0,0.0
2024-10-21 10:40:00-04:00,18.4950008392334,18.514999389648438,18.475000381469727,18.514999389648438,54364,0.0,0.0
2024-10-21 10:45:00-04:00,18.514999389648438,18.514999389648438,18.454999923706055,18.459999084472656,42772,0.0,0.0
2024-10-21 10:50:00-04:00,18.454999923706055,18.485000610351562,18.434999465942383,18.485000610351562,242456,0.0,0.0
2024-10-21 10:55:00-04:00,18.485000610351562,18.530000686645508,18.459999084472656,18.524999618530273,88816,0.0,0.0
2024-10-21 11:00:00-04:00,18.524999618530273,18.524999618530273,18.440000534057617,18.450000762939453,353545,0.0,0.0
2024-10-21 11:05:00-04:00,18.44499969482422,18.450000762939453,18.360000610351562,18.3700008392334,79732,0.0,0.0
2024-10-21 11:10:00-04:00,18.3700008392334,18.3799991607666,18.350000381469727,18.354999542236328,45787,0.0,0.0
2024-10-21 11:15:00-04:00,18.354999542236328,18.385000228881836,18.329999923706055,18.375,35937,0.0,0.0
2024-10-21 11:20:00-04:00,18.375,18.3799991607666,18.344999313354492,18.354999542236328,43315,0.0,0.0
2024-10-21 11:25:00-04:00,18.350000381469727,18.350000381469727,18.325000762939453,18.325000762939453,28632,0.0,0.0
2024-10-21 11:30:00-04:00,18.325000762939453,18.325000762939453,18.295000076293945,18.315000534057617,23169,0.0,0.0
2024-10-21 11:35:00-04:00,18.315000534057617,18.344999313354492,18.315000534057617,18.31999969482422,30574,0.0,0.0
2024-10-21 11:40:00-04:00,18.31999969482422,18.329999923706055,18.302499771118164,18.31999969482422,22921,0.0,0.0
2024-10-21 11:45:00-04:00,18.325000762939453,18.329999923706055,18.309999465942383,18.325000762939453,53449,0.0,0.0
2024-10-21 11:50:00-04:00,18.325000762939453,18.344999313354492,18.315000534057617,18.329999923706055,26694,0.0,0.0
2024-10-21 11:55:00-04:00,18.334999084472656,18.350000381469727,18.334999084472656,18.334999084472656,17546,0.0,0.0
2024-10-21 12:00:00-04:00,18.334999084472656,18.334999084472656,18.299999237060547,18.299999237060547,23379,0.0,0.0
2024-10-21 12:05:00-04:00,18.30500030517578,18.329999923706055,18.30500030517578,18.325000762939453,15266,0.0,0.0
2024-10-21 12:10:00-04:00,18.325000762939453,18.329999923706055,18.295000076293945,18.295000076293945,33245,0.0,0.0
2024-10-21 12:15:00-04:00,18.295000076293945,18.299999237060547,18.280000686645508,18.290000915527344,19776,0.0,0.0
2024-10-21 12:20:00-04:00,18.28499984741211,18.28499984741211,18.264999389648438,18.280000686645508,22593,0.0,0.0
2024-10-21 12:25:00-04:00,18.28499984741211,18.290000915527344,18.274999618530273,18.28499984741211,13478,0.0,0.0
2024-10-21 12:30:00-04:00,18.280000686645508,18.28499984741211,18.270000457763672,18.28499984741211,14591,0.0,0.0
2024-10-21 12:35:00-04:00,18.28499984741211,18.290000915527344,18.264999389648438,18.270000457763672,34124,0.0,0.0
2024-10-21 12:40:00-04:00,18.270000457763672,18.274999618530273,18.235000610351562,18.2450008392334,28698,0.0,0.0
2024-10-21 12:45:00-04:00,18.239999771118164,18.25,18.225000381469727,18.235000610351562,20062,0.0,0.0
2024-10-21 12:50:00-04:00,18.235000610351562,18.25,18.235000610351562,18.25,34066,0.0,0.0
2024-10-21 12:55:00-04:00,18.2549991607666,18.270000457763672,18.239999771118164,18.247499465942383,36041,0.0,0.0
2024-10-21 13:00:00-04:00,18.239999771118164,18.2450008392334,18.200000762939453,18.207500457763672,95750,0.0,0.0
2024-10-21 13:05:00-04:00,18.200000762939453,18.209999084472656,18.15999984741211,18.15999984741211,163559,0.0,0.0
2024-10-21 13:10:00-04:00,18.149999618530273,18.170000076293945,18.145000457763672,18.15999984741211,141972,0.0,0.0
2024-10-21 13:15:00-04:00,18.15999984741211,18.165000915527344,18.139999389648438,18.149999618530273,55283,0.0,0.0
2024-10-21 13:20:00-04:00,18.149999618530273,18.15999984741211,18.114999771118164,18.135000228881836,65028,0.0,0.0
2024-10-21 13:25:00-04:00,18.135000228881836,18.15999984741211,18.112499237060547,18.147499084472656,61377,0.0,0.0
2024-10-21 13:30:00-04:00,18.139999389648438,18.149999618530273,18.122499465942383,18.145000457763672,39990,0.0,0.0
2024-10-21 13:35:00-04:00,18.145000457763672,18.149999618530273,18.125,18.125,26757,0.0,0.0
2024-10-21 13:40:00-04:00,18.125,18.1299991607666,18.110000610351562,18.114999771118164,54379,0.0,0.0
2024-10-21 13:45:00-04:00,18.117300033569336,18.117300033569336,18.100000381469727,18.104999542236328,52147,0.0,0.0
2024-10-21 13:50:00-04:00,18.104999542236328,18.110000610351562,18.079999923706055,18.079999923706055,37834,0.0,0.0
2024-10-21 13:55:00-04:00,18.084999084472656,18.100000381469727,18.06999969482422,18.094999313354492,74463,0.0,0.0
2024-10-21 14:00:00-04:00,18.094999313354492,18.100000381469727,18.06999969482422,18.06999969482422,42239,0.0,0.0
2024-10-21 14:05:00-04:00,18.075000762939453,18.084999084472656,18.0625,18.075000762939453,35422,0.0,0.0
2024-10-21 14:10:00-04:00,18.075000762939453,18.100000381469727,18.06999969482422,18.075000762939453,179868,0.0,0.0
2024-10-21 14:15:00-04:00,18.079999923706055,18.087499618530273,18.059999465942383,18.075000762939453,42911,0.0,0.0
2024-10-21 14:20:00-04:00,18.075000762939453,18.079999923706055,18.049999237060547,18.049999237060547,39006,0.0,0.0
2024-10-21 14:25:00-04:00,18.049999237060547,18.049999237060547,18.040000915527344,18.040000915527344,45681,0.0,0.0
2024-10-21 14:30:00-04:00,18.040000915527344,18.049999237060547,18.030000686645508,18.042499542236328,48602,0.0,0.0
2024-10-21 14:35:00-04:00,18.040000915527344,18.09000015258789,18.040000915527344,18.065000534057617,59651,0.0,0.0
2024-10-21 14:40:00-04:00,18.059999465942383,18.06839942932129,18.049999237060547,18.049999237060547,13966,0.0,0.0
2024-10-21 14:45:00-04:00,18.049999237060547,18.075000762939453,18.049999237060547,18.075000762939453,61752,0.0,0.0
2024-10-21 14:50:00-04:00,18.075000762939453,18.077499389648438,18.06999969482422,18.06999969482422,8364,0.0,0.0
2024-10-21 14:55:00-04:00,18.075000762939453,18.079999923706055,18.05500030517578,18.05500030517578,92051,0.0,0.0
2024-10-21 15:00:00-04:00,18.059999465942383,18.06999969482422,18.049999237060547,18.06999969482422,35627,0.0,0.0
2024-10-21 15:05:00-04:00,18.065000534057617,18.09000015258789,18.065000534057617,18.079999923706055,50374,0.0,0.0
2024-10-21 15:10:00-04:00,18.075000762939453,18.075000762939453,18.059999465942383,18.075000762939453,26424,0.0,0.0
2024-10-21 15:15:00-04:00,18.075000762939453,18.079999923706055,18.065000534057617,18.065000534057617,36536,0.0,0.0
2024-10-21 15:20:00-04:00,18.065000534057617,18.09000015258789,18.065000534057617,18.075000762939453,67242,0.0,0.0
2024-10-21 15:25:00-04:00,18.075000762939453,18.09000015258789,18.059999465942383,18.062000274658203,107268,0.0,0.0
2024-10-21 15:30:00-04:00,18.059999465942383,18.059999465942383,18.020000457763672,18.024999618530273,54409,0.0,0.0
2024-10-21 15:35:00-04:00,18.024999618530273,18.030000686645508,18.010000228881836,18.014999389648438,105766,0.0,0.0
2024-10-21 15:40:00-04:00,18.014999389648438,18.024999618530273,17.985000610351562,18.020000457763672,168424,0.0,0.0
2024-10-21 15:45:00-04:00,18.014999389648438,18.020000457763672,17.985000610351562,18.014999389648438,144945,0.0,0.0
2024-10-21 15:50:00-04:00,18.010000228881836,18.020000457763672,17.9512996673584,17.985000610351562,262004,0.0,0.0
2024-10-21 15:55:00-04:00,17.985000610351562,18.030000686645508,17.940000534057617,18.030000686645508,716305,0.0,0.0
2024-10-22 09:30:00-04:00,17.84000015258789,18.1299991607666,17.6299991607666,18.059999465942383,214665,0.0,0.0
2024-10-22 09:35:00-04:00,18.03499984741211,18.1299991607666,17.799999237060547,18.1299991607666,658856,0.0,0.0
2024-10-22 09:40:00-04:00,18.15999984741211,18.3700008392334,18.1200008392334,18.360000610351562,203394,0.0,0.0
2024-10-22 09:45:00-04:00,18.350000381469727,18.350000381469727,18.225000381469727,18.329999923706055,92116,0.0,0.0
2024-10-22 09:50:00-04:00,18.31999969482422,18.34000015258789,18.1200008392334,18.18000030517578,186480,0.0,0.0
2024-10-22 09:55:00-04:00,18.170000076293945,18.200000762939453,18.104999542236328,18.145000457763672,219552,0.0,0.0
2024-10-22 10:00:00-04:00,18.149999618530273,18.184999465942383,18.024999618530273,18.104999542236328,123263,0.0,0.0
2024-10-22 10:05:00-04:00,18.104999542236328,18.170000076293945,18.024999618530273,18.135000228881836,91450,0.0,0.0
2024-10-22 10:10:00-04:00,18.135000228881836,18.260000228881836,18.104999542236328,18.235000610351562,57077,0.0,0.0
2024-10-22 10:15:00-04:00,18.229999542236328,18.235000610351562,18.149999618530273,18.165000915527344,42795,0.0,0.0
2024-10-22 10:20:00-04:00,18.165000915527344,18.200000762939453,18.135000228881836,18.170000076293945,50263,0.0,0.0
2024-10-22 10:25:00-04:00,18.170000076293945,18.209999084472656,18.135000228881836,18.18000030517578,897116,0.0,0.0
2024-10-22 10:30:00-04:00,18.18000030517578,18.18000030517578,18.065000534057617,18.094999313354492,73940,0.0,0.0
2024-10-22 10:35:00-04:00,18.094999313354492,18.125,18.094999313354492,18.104999542236328,55884,0.0,0.0
2024-10-22 10:40:00-04:00,18.104999542236328,18.1299991607666,18.071300506591797,18.075000762939453,44216,0.0,0.0
2024-10-22 10:45:00-04:00,18.075000762939453,18.149999618530273,18.075000762939453,18.100000381469727,258406,0.0,0.0
2024-10-22 10:50:00-04:00,18.104999542236328,18.139999389648438,18.06999969482422,18.104999542236328,72865,0.0,0.0
2024-10-22 10:55:00-04:00,18.100000381469727,18.1200008392334,18.075000762939453,18.084999084472656,69759,0.0,0.0
2024-10-22 11:00:00-04:00,18.084999084472656,18.100000381469727,18.065000534057617,18.065000534057617,32820,0.0,0.0
2024-10-22 11:05:00-04:00,18.065000534057617,18.084999084472656,18.020000457763672,18.065000534057617,39552,0.0,0.0
2024-10-22 11:10:00-04:00,18.065000534057617,18.114999771118164,18.065000534057617,18.104999542236328,62931,0.0,0.0
2024-10-22 11:15:00-04:00,18.104999542236328,18.19499969482422,18.100000381469727,18.19499969482422,211881,0.0,0.0
2024-10-22 11:20:00-04:00,18.200000762939453,18.21500015258789,18.149999618530273,18.200000762939453,43990,0.0,0.0
2024-10-22 11:25:00-04:00,18.19499969482422,18.21500015258789,18.15999984741211,18.204999923706055,50665,0.0,0.0
2024-10-22 11:30:00-04:00,18.204999923706055,18.290000915527344,18.204999923706055,18.260000228881836,47399,0.0,0.0
2024-10-22 11:35:00-04:00,18.264999389648438,18.31999969482422,18.25,18.295000076293945,37249,0.0,0.0
2024-10-22 11:40:00-04:00,18.290000915527344,18.290000915527344,18.225000381469727,18.239999771118164,17337,0.0,0.0
2024-10-22 11:45:00-04:00,18.239999771118164,18.290000915527344,18.229999542236328,18.290000915527344,17779,0.0,0.0
2024-10-22 11:50:00-04:00,18.28499984741211,18.309999465942383,18.274999618530273,18.30500030517578,19510,0.0,0.0
2024-10-22 11:55:00-04:00,18.299999237060547,18.299999237060547,18.260000228881836,18.260000228881836,17603,0.0,0.0
2024-10-22 12:00:00-04:00,18.270000457763672,18.290000915527344,18.260000228881836,18.274999618530273,23274,0.0,0.0
2024-10-22 12:05:00-04:00,18.274999618530273,18.274999618530273,18.225000381469727,18.235000610351562,25576,0.0,0.0
2024-10-22 12:10:00-04:00,18.235000610351562,18.2450008392334,18.229999542236328,18.235000610351562,11717,0.0,0.0
2024-10-22 12:15:00-04:00,18.239999771118164,18.25,18.229999542236328,18.235000610351562,16048,0.0,0.0
2024-10-22 12:20:00-04:00,18.235000610351562,18.235000610351562,18.21500015258789,18.225000381469727,22957,0.0,0.0
2024-10-22 12:25:00-04:00,18.229999542236328,18.2549991607666,18.225000381469727,18.2549991607666,12641,0.0,0.0
2024-10-22 12:30:00-04:00,18.2549991607666,18.295000076293945,18.2549991607666,18.280000686645508,29162,0.0,0.0
2024-10-22 12:35:00-04:00,18.280000686645508,18.28499984741211,18.2549991607666,18.264999389648438,25032,0.0,0.0
2024-10-22 12:40:00-04:00,18.270000457763672,18.270000457763672,18.25,18.2549991607666,13221,0.0,0.0
2024-10-22 12:45:00-04:00,18.2549991607666,18.2549991607666,18.2450008392334,18.2549991607666,9926,0.0,0.0
2024-10-22 12:50:00-04:00,18.2549991607666,18.2549991607666,18.229999542236328,18.235000610351562,11923,0.0,0.0
2024-10-22 12:55:00-04:00,18.229999542236328,18.25,18.21500015258789,18.225000381469727,37287,0.0,0.0
2024-10-22 13:00:00-04:00,18.225000381469727,18.229999542236328,18.21500015258789,18.229999542236328,34924,0.0,0.0
2024-10-22 13:05:00-04:00,18.219999313354492,18.295000076293945,18.219999313354492,18.274999618530273,75446,0.0,0.0
2024-10-22 13:10:00-04:00,18.270000457763672,18.280000686645508,18.25,18.25,16792,0.0,0.0
2024-10-22 13:15:00-04:00,18.2549991607666,18.264999389648438,18.240100860595703,18.2450008392334,28302,0.0,0.0
2024-10-22 13:20:00-04:00,18.25,18.260000228881836,18.239999771118164,18.2450008392334,12554,0.0,0.0
2024-10-22 13:25:00-04:00,18.25,18.260000228881836,18.2450008392334,18.2549991607666,18503,0.0,0.0
2024-10-22 13:30:00-04:00,18.256000518798828,18.260000228881836,18.225000381469727,18.239999771118164,18868,0.0,0.0
2024-10-22 13:35:00-04:00,18.235000610351562,18.239999771118164,18.229999542236328,18.235000610351562,7755,0.0,0.0
2024-10-22 13:40:00-04:00,18.229999542236328,18.264999389648438,18.225000381469727,18.2450008392334,37540,0.0,0.0
2024-10-22 13:45:00-04:00,18.25,18.260000228881836,18.2450008392334,18.2549991607666,14421,0.0,0.0
2024-10-22 13:50:00-04:00,18.260000228881836,18.260000228881836,18.184999465942383,18.190000534057617,100591,0.0,0.0
2024-10-22 13:55:00-04:00,18.18000030517578,18.190000534057617,18.18000030517578,18.184999465942383,8746,0.0,0.0
2024-10-22 14:00:00-04:00,18.18000030517578,18.200000762939453,18.18000030517578,18.184999465942383,18760,0.0,0.0
2024-10-22 14:05:00-04:00,18.184999465942383,18.200000762939453,18.170000076293945,18.174999237060547,14267,0.0,0.0
2024-10-22 14:10:00-04:00,18.174999237060547,18.18000030517578,18.149999618530273,18.155000686645508,15946,0.0,0.0
2024-10-22 14:15:00-04:00,18.149999618530273,18.200000762939453,18.149999618530273,18.19499969482422,18692,0.0,0.0
2024-10-22 14:20:00-04:00,18.19499969482422,18.209999084472656,18.19499969482422,18.209999084472656,21383,0.0,0.0
2024-10-22 14:25:00-04:00,18.209999084472656,18.225000381469727,18.200000762939453,18.209999084472656,18301,0.0,0.0
2024-10-22 14:30:00-04:00,18.21500015258789,18.21500015258789,18.191099166870117,18.200000762939453,15502,0.0,0.0
2024-10-22 14:35:00-04:00,18.200000762939453,18.200000762939453,18.149999618530273,18.155000686645508,124331,0.0,0.0
2024-10-22 14:40:00-04:00,18.15999984741211,18.15999984741211,18.09000015258789,18.09000015258789,42240,0.0,0.0
2024-10-22 14:45:00-04:00,18.094999313354492,18.1200008392334,18.09000015258789,18.114999771118164,28303,0.0,0.0
2024-10-22 14:50:00-04:00,18.1200008392334,18.1299991607666,18.093599319458008,18.093599319458008,32716,0.0,0.0
2024-10-22 14:55:00-04:00,18.094999313354492,18.114999771118164,18.084999084472656,18.114999771118164,44486,0.0,0.0
2024-10-22 15:00:00-04:00,18.110000610351562,18.110000610351562,18.079999923706055,18.079999923706055,31258,0.0,0.0
2024-10-22 15:05:00-04:00,18.09000015258789,18.104999542236328,18.059999465942383,18.094999313354492,72598,0.0,0.0
2024-10-22 15:10:00-04:00,18.100000381469727,18.1299991607666,18.09000015258789,18.114999771118164,30228,0.0,0.0
2024-10-22 15:15:00-04:00,18.11009979248047,18.1200008392334,18.079999923706055,18.100000381469727,61144,0.0,0.0
2024-10-22 15:20:00-04:00,18.094999313354492,18.100000381469727,18.049999237060547,18.06999969482422,86798,0.0,0.0
2024-10-22 15:25:00-04:00,18.049999237060547,18.104999542236328,18.045000076293945,18.100000381469727,56275,0.0,0.0
2024-10-22 15:30:00-04:00,18.094999313354492,18.110000610351562,18.09000015258789,18.094999313354492,35002,0.0,0.0
2024-10-22 15:35:00-04:00,18.094999313354492,18.110000610351562,18.09000015258789,18.103099822998047,43758,0.0,0.0
2024-10-22 15:40:00-04:00,18.100000381469727,18.1299991607666,18.079999923706055,18.079999923706055,131227,0.0,0.0
2024-10-22 15:45:00-04:00,18.079999923706055,18.110000610351562,18.065000534057617,18.094999313354492,96549,0.0,0.0
2024-10-22 15:50:00-04:00,18.100000381469727,18.104999542236328,18.03499984741211,18.049999237060547,239363,0.0,0.0
2024-10-22 15:55:00-04:00,18.049999237060547,18.05500030517578,18.020000457763672,18.030000686645508,504851,0.0,0.0
2024-10-23 09:30:00-04:00,17.979999542236328,18.0,17.690000534057617,17.764999389648438,97911,0.0,0.0
2024-10-23 09:35:00-04:00,17.780000686645508,17.809999465942383,17.540000915527344,17.540000915527344,31987,0.0,0.0
2024-10-23 09:40:00-04:00,17.540000915527344,17.579999923706055,17.489999771118164,17.56999969482422,63700,0.0,0.0
2024-10-23 09:45:00-04:00,17.56999969482422,17.635000228881836,17.530000686645508,17.6200008392334,224748,0.0,0.0
2024-10-23 09:50:00-04:00,17.6200008392334,17.635000228881836,17.4950008392334,17.5049991607666,71039,0.0,0.0
2024-10-23 09:55:00-04:00,17.520000457763672,17.520000457763672,17.469999313354492,17.479999542236328,79484,0.0,0.0
2024-10-23 10:00:00-04:00,17.479999542236328,17.575000762939453,17.479999542236328,17.545000076293945,100793,0.0,0.0
2024-10-23 10:05:00-04:00,17.540000915527344,17.55500030517578,17.475000381469727,17.5049991607666,72284,0.0,0.0
2024-10-23 10:10:00-04:00,17.5049991607666,17.610000610351562,17.5049991607666,17.545000076293945,76873,0.0,0.0
2024-10-23 10:15:00-04:00,17.545000076293945,17.559999465942383,17.5,17.510000228881836,31688,0.0,0.0
2024-10-23 10:20:00-04:00,17.5049991607666,17.510000228881836,17.469999313354492,17.510000228881836,26723,0.0,0.0
2024-10-23 10:25:00-04:00,17.5049991607666,17.55500030517578,17.49410057067871,17.530000686645508,38766,0.0,0.0
2024-10-23 10:30:00-04:00,17.530000686645508,17.614999771118164,17.524999618530273,17.600000381469727,33871,0.0,0.0
2024-10-23 10:35:00-04:00,17.604999542236328,17.610000610351562,17.559999465942383,17.559999465942383,25313,0.0,0.0
2024-10-23 10:40:00-04:00,17.565000534057617,17.649999618530273,17.565000534057617,17.6299991607666,37670,0.0,0.0
2024-10-23 10:45:00-04:00,17.6200008392334,17.655000686645508,17.559999465942383,17.559999465942383,284104,0.0,0.0
2024-10-23 10:50:00-04:00,17.559999465942383,17.559999465942383,17.5049991607666,17.5049991607666,36831,0.0,0.0
2024-10-23 10:55:00-04:00,17.5049991607666,17.510000228881836,17.469999313354492,17.5,47453,0.0,0.0
2024-10-23 11:00:00-04:00,17.4950008392334,17.520000457763672,17.485000610351562,17.520000457763672,21037,0.0,0.0
2024-10-23 11:05:00-04:00,17.520000457763672,17.530000686645508,17.489999771118164,17.5,50366,0.0,0.0
2024-10-23 11:10:00-04:00,17.4950008392334,17.520000457763672,17.459999084472656,17.475000381469727,27216,0.0,0.0
2024-10-23 11:15:00-04:00,17.469999313354492,17.5,17.454999923706055,17.4950008392334,20142,0.0,0.0
2024-10-23 11:20:00-04:00,17.489999771118164,17.520000457763672,17.475000381469727,17.493114471435547,25910,0.0,0.0
2024-10-23 11:25:00-04:00,17.489999771118164,17.489999771118164,17.454999923706055,17.454999923706055,18465,0.0,0.0
2024-10-23 11:30:00-04:00,17.454999923706055,17.475000381469727,17.44499969482422,17.46500015258789,35081,0.0,0.0
2024-10-23 11:35:00-04:00,17.469999313354492,17.4950008392334,17.469999313354492,17.485000610351562,18313,0.0,0.0
2024-10-23 11:40:00-04:00,17.485000610351562,17.55500030517578,17.483999252319336,17.540000915527344,36642,0.0,0.0
2024-10-23 11:45:00-04:00,17.540000915527344,17.540000915527344,17.5049991607666,17.524999618530273,28307,0.0,0.0
2024-10-23 11:50:00-04:00,17.540000915527344,17.545000076293945,17.530000686645508,17.53499984741211,23267,0.0,0.0
2024-10-23 11:55:00-04:00,17.53499984741211,17.545000076293945,17.489999771118164,17.5,25601,0.0,0.0
2024-10-23 12:00:00-04:00,17.4950008392334,17.5,17.450000762939453,17.46500015258789,23241,0.0,0.0
2024-10-23 12:05:00-04:00,17.46500015258789,17.46500015258789,17.434999465942383,17.440000534057617,24782,0.0,0.0
2024-10-23 12:10:00-04:00,17.44499969482422,17.454999923706055,17.395000457763672,17.395000457763672,44335,0.0,0.0
2024-10-23 12:15:00-04:00,17.395000457763672,17.415000915527344,17.389999389648438,17.399999618530273,40314,0.0,0.0
2024-10-23 12:20:00-04:00,17.399999618530273,17.405000686645508,17.344999313354492,17.344999313354492,38435,0.0,0.0
2024-10-23 12:25:00-04:00,17.344999313354492,17.360000610351562,17.34000015258789,17.34000015258789,27106,0.0,0.0
2024-10-23 12:30:00-04:00,17.34000015258789,17.344999313354492,17.329999923706055,17.34000015258789,20413,0.0,0.0
2024-10-23 12:35:00-04:00,17.350000381469727,17.3700008392334,17.343799591064453,17.354999542236328,30298,0.0,0.0
2024-10-23 12:40:00-04:00,17.354999542236328,17.3799991607666,17.344999313354492,17.344999313354492,25502,0.0,0.0
2024-10-23 12:45:00-04:00,17.344999313354492,17.440000534057617,17.344999313354492,17.43000030517578,109420,0.0,0.0
2024-10-23 12:50:00-04:00,17.43000030517578,17.43000030517578,17.375,17.379100799560547,45077,0.0,0.0
2024-10-23 12:55:00-04:00,17.375,17.389999389648438,17.364999771118164,17.389999389648438,20987,0.0,0.0
2024-10-23 13:00:00-04:00,17.385000228881836,17.40999984741211,17.3799991607666,17.385000228881836,23146,0.0,0.0
2024-10-23 13:05:00-04:00,17.385000228881836,17.399999618530273,17.3700008392334,17.375,29250,0.0,0.0
2024-10-23 13:10:00-04:00,17.375,17.385000228881836,17.354999542236328,17.360000610351562,23061,0.0,0.0
2024-10-23 13:15:00-04:00,17.360000610351562,17.3700008392334,17.34000015258789,17.350000381469727,16831,0.0,0.0
2024-10-23 13:20:00-04:00,17.344999313354492,17.350000381469727,17.34000015258789,17.344999313354492,15613,0.0,0.0
2024-10-23 13:25:00-04:00,17.344999313354492,17.344999313354492,17.295000076293945,17.315000534057617,36296,0.0,0.0
2024-10-23 13:30:00-04:00,17.309999465942383,17.315000534057617,17.274999618530273,17.299999237060547,130887,0.0,0.0
2024-10-23 13:35:00-04:00,17.290000915527344,17.290000915527344,17.2450008392334,17.2549991607666,89220,0.0,0.0
2024-10-23 13:40:00-04:00,17.260000228881836,17.270000457763672,17.25,17.270000457763672,25615,0.0,0.0
2024-10-23 13:45:00-04:00,17.264999389648438,17.270000457763672,17.260000228881836,17.264999389648438,16692,0.0,0.0
2024-10-23 13:50:00-04:00,17.264999389648438,17.270000457763672,17.2450008392334,17.2450008392334,22729,0.0,0.0
2024-10-23 13:55:00-04:00,17.25,17.25,17.219999313354492,17.225000381469727,22617,0.0,0.0
2024-10-23 14:00:00-04:00,17.225000381469727,17.239999771118164,17.204999923706055,17.204999923706055,32179,0.0,0.0
2024-10-23 14:05:00-04:00,17.209999084472656,17.225000381469727,17.184999465942383,17.225000381469727,34984,0.0,0.0
2024-10-23 14:10:00-04:00,17.229999542236328,17.229999542236328,17.200000762939453,17.204999923706055,22160,0.0,0.0
2024-10-23 14:15:00-04:00,17.200000762939453,17.225000381469727,17.190000534057617,17.19499969482422,36898,0.0,0.0
2024-10-23 14:20:00-04:00,17.19499969482422,17.229999542236328,17.19499969482422,17.204999923706055,20556,0.0,0.0
2024-10-23 14:25:00-04:00,17.204999923706055,17.270000457763672,17.204999923706055,17.270000457763672,39476,0.0,0.0
2024-10-23 14:30:00-04:00,17.270000457763672,17.3799991607666,17.270000457763672,17.354999542236328,168167,0.0,0.0
2024-10-23 14:35:00-04:00,17.354999542236328,17.375,17.34000015258789,17.344999313354492,30652,0.0,0.0
2024-10-23 14:40:00-04:00,17.344999313354492,17.375,17.344999313354492,17.354999542236328,33877,0.0,0.0
2024-10-23 14:45:00-04:00,17.360000610351562,17.3700008392334,17.334999084472656,17.334999084472656,24581,0.0,0.0
2024-10-23 14:50:00-04:00,17.334999084472656,17.335399627685547,17.299999237060547,17.299999237060547,26159,0.0,0.0
2024-10-23 14:55:00-04:00,17.30500030517578,17.31999969482422,17.299999237060547,17.315000534057617,42687,0.0,0.0
2024-10-23 15:00:00-04:00,17.31999969482422,17.375,17.31999969482422,17.364999771118164,41408,0.0,0.0
2024-10-23 15:05:00-04:00,17.364999771118164,17.3799991607666,17.354999542236328,17.3794002532959,38693,0.0,0.0
2024-10-23 15:10:00-04:00,17.3799991607666,17.389999389648438,17.3700008392334,17.385000228881836,23316,0.0,0.0
2024-10-23 15:15:00-04:00,17.3799991607666,17.389999389648438,17.354999542236328,17.3799991607666,42634,0.0,0.0
2024-10-23 15:20:00-04:00,17.375,17.389999389648438,17.3700008392334,17.375,29179,0.0,0.0
2024-10-23 15:25:00-04:00,17.375,17.399999618530273,17.3700008392334,17.399999618530273,56608,0.0,0.0
2024-10-23 15:30:00-04:00,17.399999618530273,17.405000686645508,17.354999542236328,17.354999542236328,104291,0.0,0.0
2024-10-23 15:35:00-04:00,17.354999542236328,17.360000610351562,17.325000762939453,17.360000610351562,76129,0.0,0.0
2024-10-23 15:40:00-04:00,17.354999542236328,17.3799991607666,17.354999542236328,17.375,67325,0.0,0.0
2024-10-23 15:45:00-04:00,17.375,17.389999389648438,17.360000610351562,17.389999389648438,98731,0.0,0.0
2024-10-23 15:50:00-04:00,17.389999389648438,17.459999084472656,17.389999389648438,17.459999084472656,154989,0.0,0.0
2024-10-23 15:55:00-04:00,17.450000762939453,17.5,17.450000762939453,17.4950008392334,684250,0.0,0.0
2024-10-24 09:30:00-04:00,17.610000610351562,17.6299991607666,17.510000228881836,17.59000015258789,50223,0.0,0.0
2024-10-24 09:35:00-04:00,17.59000015258789,17.6299991607666,17.565000534057617,17.6299991607666,18213,0.0,0.0
2024-10-24 09:40:00-04:00,17.625,17.65999984741211,17.600000381469727,17.600000381469727,17897,0.0,0.0
2024-10-24 09:45:00-04:00,17.600000381469727,17.635000228881836,17.584999084472656,17.600000381469727,19125,0.0,0.0
2024-10-24 09:50:00-04:00,17.600000381469727,17.639999389648438,17.56999969482422,17.6299991607666,12557,0.0,0.0
2024-10-24 09:55:00-04:00,17.6299991607666,17.6299991607666,17.614999771118164,17.614999771118164,10011,0.0,0.0
2024-10-24 10:00:00-04:00,17.614999771118164,17.614999771118164,17.552000045776367,17.55500030517578,19839,0.0,0.0
2024-10-24 10:05:00-04:00,17.549999237060547,17.549999237060547,17.520000457763672,17.540000915527344,8956,0.0,0.0
2024-10-24 10:10:00-04:00,17.540000915527344,17.545000076293945,17.46500015258789,17.475000381469727,18378,0.0,0.0
2024-10-24 10:15:00-04:00,17.46500015258789,17.5,17.434999465942383,17.4950008392334,28713,0.0,0.0
2024-10-24 10:20:00-04:00,17.4950008392334,17.565000534057617,17.4950008392334,17.549999237060547,17770,0.0,0.0
2024-10-24 10:25:00-04:00,17.545000076293945,17.584999084472656,17.545000076293945,17.584999084472656,14485,0.0,0.0
2024-10-24 10:30:00-04:00,17.579999923706055,17.604999542236328,17.565000534057617,17.59000015258789,10068,0.0,0.0
2024-10-24 10:35:00-04:00,17.594999313354492,17.635000228881836,17.59000015258789,17.6299991607666,10503,0.0,0.0
2024-10-24 10:40:00-04:00,17.6299991607666,17.635000228881836,17.600000381469727,17.610000610351562,16721,0.0,0.0
2024-10-24 10:45:00-04:00,17.610000610351562,17.610000610351562,17.579999923706055,17.59000015258789,9890,0.0,0.0
2024-10-24 10:50:00-04:00,17.59000015258789,17.59000015258789,17.559999465942383,17.579999923706055,14329,0.0,0.0
2024-10-24 10:55:00-04:00,17.59000015258789,17.600000381469727,17.575000762939453,17.594999313354492,11622,0.0,0.0
2024-10-24 11:00:00-04:00,17.594999313354492,17.594999313354492,17.575000762939453,17.584999084472656,15851,0.0,0.0
2024-10-24 11:05:00-04:00,17.579999923706055,17.604999542236328,17.575000762939453,17.604999542236328,8455,0.0,0.0
2024-10-24 11:10:00-04:00,17.6200008392334,17.635000228881836,17.610000610351562,17.6299991607666,17096,0.0,0.0
2024-10-24 11:15:00-04:00,17.639999389648438,17.65999984741211,17.635000228881836,17.655000686645508,8063,0.0,0.0
2024-10-24 11:20:00-04:00,17.655000686645508,17.655000686645508,17.610000610351562,17.625,15023,0.0,0.0
2024-10-24 11:25:00-04:00,17.6200008392334,17.625,17.610000610351562,17.614999771118164,6288,0.0,0.0
2024-10-24 11:30:00-04:00,17.613100051879883,17.614999771118164,17.594511032104492,17.594511032104492,7391,0.0,0.0
2024-10-24 11:35:00-04:00,17.594999313354492,17.6200008392334,17.594999313354492,17.6200008392334,15878,0.0,0.0
2024-10-24 11:40:00-04:00,17.625,17.639999389648438,17.610000610351562,17.625,31164,0.0,0.0
2024-10-24 11:45:00-04:00,17.625,17.6299991607666,17.594999313354492,17.594999313354492,16847,0.0,0.0
2024-10-24 11:50:00-04:00,17.594999313354492,17.6299991607666,17.590099334716797,17.6299991607666,15890,0.0,0.0
2024-10-24 11:55:00-04:00,17.635000228881836,17.645000457763672,17.604999542236328,17.604999542236328,14323,0.0,0.0
2024-10-24 12:00:00-04:00,17.600000381469727,17.604999542236328,17.584999084472656,17.604999542236328,17275,0.0,0.0
2024-10-24 12:05:00-04:00,17.604999542236328,17.614999771118164,17.565000534057617,17.565000534057617,14461,0.0,0.0
2024-10-24 12:10:00-04:00,17.574100494384766,17.584999084472656,17.55500030517578,17.584999084472656,15260,0.0,0.0
2024-10-24 12:15:00-04:00,17.584999084472656,17.584999084472656,17.565000534057617,17.575000762939453,11566,0.0,0.0
2024-10-24 12:20:00-04:00,17.579999923706055,17.594999313354492,17.575000762939453,17.594999313354492,8610,0.0,0.0
2024-10-24 12:25:00-04:00,17.600000381469727,17.635000228881836,17.591699600219727,17.625,16184,0.0,0.0
2024-10-24 12:30:00-04:00,17.625,17.649999618530273,17.6200008392334,17.645000457763672,10559,0.0,0.0
2024-10-24 12:35:00-04:00,17.645000457763672,17.649999618530273,17.635000228881836,17.645000457763672,16214,0.0,0.0
2024-10-24 12:40:00-04:00,17.645000457763672,17.649999618530273,17.6299991607666,17.635000228881836,8129,0.0,0.0
2024-10-24 12:45:00-04:00,17.639999389648438,17.645000457763672,17.635000228881836,17.645000457763672,12342,0.0,0.0
2024-10-24 12:50:00-04:00,17.639999389648438,17.639999389648438,17.625,17.635000228881836,13941,0.0,0.0
2024-10-24 12:55:00-04:00,17.6299991607666,17.639999389648438,17.6299991607666,17.635000228881836,6366,0.0,0.0
2024-10-24 13:00:00-04:00,17.6299991607666,17.635000228881836,17.604999542236328,17.6200008392334,21527,0.0,0.0
2024-10-24 13:05:00-04:00,17.624000549316406,17.625,17.6200008392334,17.625,4359,0.0,0.0
2024-10-24 13:10:00-04:00,17.625,17.639999389648438,17.6200008392334,17.6200008392334,12357,0.0,0.0
2024-10-24 13:15:00-04:00,17.625,17.6299991607666,17.614999771118164,17.625,20661,0.0,0.0
2024-10-24 13:20:00-04:00,17.6200008392334,17.625,17.600099563598633,17.604999542236328,20580,0.0,0.0
2024-10-24 13:25:00-04:00,17.600200653076172,17.614999771118164,17.600000381469727,17.610000610351562,11160,0.0,0.0
2024-10-24 13:30:00-04:00,17.610000610351562,17.610000610351562,17.600000381469727,17.600000381469727,6248,0.0,0.0
2024-10-24 13:35:00-04:00,17.604999542236328,17.610000610351562,17.603599548339844,17.604999542236328,8627,0.0,0.0
2024-10-24 13:40:00-04:00,17.604999542236328,17.6299991607666,17.604999542236328,17.614999771118164,21016,0.0,0.0
2024-10-24 13:45:00-04:00,17.6200008392334,17.6200008392334,17.579999923706055,17.594999313354492,21433,0.0,0.0
2024-10-24 13:50:00-04:00,17.594999313354492,17.600000381469727,17.59000015258789,17.594999313354492,12657,0.0,0.0
2024-10-24 13:55:00-04:00,17.594999313354492,17.59749984741211,17.56999969482422,17.575000762939453,9319,0.0,0.0
2024-10-24 14:00:00-04:00,17.56999969482422,17.579999923706055,17.549999237060547,17.579999923706055,21017,0.0,0.0
2024-10-24 14:05:00-04:00,17.579999923706055,17.59000015258789,17.570999145507812,17.59000015258789,13991,0.0,0.0
2024-10-24 14:10:00-04:00,17.59000015258789,17.600000381469727,17.59000015258789,17.600000381469727,8405,0.0,0.0
2024-10-24 14:15:00-04:00,17.600000381469727,17.6200008392334,17.600000381469727,17.604999542236328,16586,0.0,0.0
2024-10-24 14:20:00-04:00,17.604999542236328,17.6200008392334,17.604999542236328,17.614999771118164,11215,0.0,0.0
2024-10-24 14:25:00-04:00,17.614999771118164,17.614999771118164,17.59000015258789,17.594999313354492,15890,0.0,0.0
2024-10-24 14:30:00-04:00,17.594999313354492,17.610000610351562,17.579999923706055,17.59000015258789,16078,0.0,0.0
2024-10-24 14:35:00-04:00,17.59440040588379,17.599899291992188,17.59000015258789,17.594999313354492,7439,0.0,0.0
2024-10-24 14:40:00-04:00,17.59000015258789,17.614999771118164,17.583999633789062,17.614999771118164,88383,0.0,0.0
2024-10-24 14:45:00-04:00,17.610000610351562,17.6200008392334,17.604999542236328,17.6200008392334,23496,0.0,0.0
2024-10-24 14:50:00-04:00,17.6200008392334,17.639999389648438,17.6200008392334,17.635000228881836,15107,0.0,0.0
2024-10-24 14:55:00-04:00,17.639999389648438,17.639999389648438,17.6200008392334,17.625,37719,0.0,0.0
2024-10-24 15:00:00-04:00,17.625,17.625,17.61400032043457,17.614999771118164,12196,0.0,0.0
2024-10-24 15:05:00-04:00,17.6200008392334,17.625,17.610000610351562,17.625,14594,0.0,0.0
2024-10-24 15:10:00-04:00,17.6299991607666,17.655000686645508,17.6200008392334,17.635000228881836,25286,0.0,0.0
2024-10-24 15:15:00-04:00,17.635000228881836,17.639999389648438,17.6299991607666,17.635000228881836,11617,0.0,0.0
2024-10-24 15:20:00-04:00,17.635000228881836,17.645000457763672,17.6299991607666,17.635000228881836,20190,0.0,0.0
2024-10-24 15:25:00-04:00,17.635000228881836,17.649999618530273,17.6200008392334,17.625,46825,0.0,0.0
2024-10-24 15:30:00-04:00,17.62420082092285,17.635000228881836,17.6200008392334,17.625,18297,0.0,0.0
2024-10-24 15:35:00-04:00,17.625,17.6299991607666,17.600000381469727,17.614999771118164,41969,0.0,0.0
2024-10-24 15:40:00-04:00,17.614999771118164,17.6299991607666,17.610000610351562,17.6200008392334,35629,0.0,0.0
2024-10-24 15:45:00-04:00,17.6200008392334,17.6299991607666,17.610000610351562,17.614999771118164,54852,0.0,0.0
2024-10-24 15:50:00-04:00,17.6200008392334,17.6299991607666,17.610000610351562,17.625,74707,0.0,0.0
2024-10-24 15:55:00-04:00,17.6299991607666,17.65999984741211,17.604999542236328,17.610000610351562,288240,0.0,0.0
2024-10-25 09:30:00-04:00,17.780000686645508,17.850000381469727,17.735000610351562,17.809999465942383,32417,0.0,0.0
2024-10-25 09:35:00-04:00,17.799999237060547,17.799999237060547,17.7450008392334,17.770000457763672,6803,0.0,0.0
2024-10-25 09:40:00-04:00,17.764999389648438,17.809999465942383,17.7549991607666,17.799999237060547,83255,0.0,0.0
2024-10-25 09:45:00-04:00,17.809999465942383,17.8700008392334,17.795000076293945,17.864999771118164,30758,0.0,0.0
2024-10-25 09:50:00-04:00,17.864999771118164,17.8799991607666,17.84000015258789,17.84000015258789,19439,0.0,0.0
2024-10-25 09:55:00-04:00,17.829999923706055,17.850000381469727,17.815000534057617,17.825000762939453,22553,0.0,0.0
2024-10-25 10:00:00-04:00,17.825000762939453,17.844999313354492,17.790000915527344,17.834999084472656,25937,0.0,0.0
2024-10-25 10:05:00-04:00,17.84000015258789,17.875,17.84000015258789,17.854999542236328,15284,0.0,0.0
2024-10-25 10:10:00-04:00,17.854999542236328,17.93000030517578,17.844999313354492,17.915000915527344,118956,0.0,0.0
2024-10-25 10:15:00-04:00,17.90999984741211,17.90999984741211,17.8799991607666,17.889999389648438,38252,0.0,0.0
2024-10-25 10:20:00-04:00,17.885000228881836,17.889999389648438,17.8700008392334,17.885000228881836,13338,0.0,0.0
2024-10-25 10:25:00-04:00,17.885000228881836,17.90999984741211,17.885000228881836,17.899999618530273,17405,0.0,0.0
2024-10-25 10:30:00-04:00,17.895000457763672,17.895000457763672,17.864999771118164,17.864999771118164,19840,0.0,0.0
2024-10-25 10:35:00-04:00,17.860000610351562,17.875,17.860000610351562,17.864999771118164,17517,0.0,0.0
2024-10-25 10:40:00-04:00,17.864999771118164,17.875,17.844999313354492,17.844999313354492,22178,0.0,0.0
2024-10-25 10:45:00-04:00,17.844999313354492,17.850000381469727,17.799999237060547,17.81399917602539,43906,0.0,0.0
2024-10-25 10:50:00-04:00,17.815000534057617,17.864999771118164,17.809999465942383,17.844999313354492,16821,0.0,0.0
2024-10-25 10:55:00-04:00,17.844999313354492,17.850000381469727,17.809999465942383,17.84000015258789,78444,0.0,0.0
2024-10-25 11:00:00-04:00,17.84000015258789,17.854999542236328,17.84000015258789,17.854999542236328,8942,0.0,0.0
2024-10-25 11:05:00-04:00,17.825000762939453,17.825000762939453,17.825000762939453,17.825000762939453,15906,0.0,0.0
2024-10-25 11:10:00-04:00,17.844999313354492,17.844999313354492,17.764999389648438,17.764999389648438,62188,0.0,0.0
2024-10-25 11:15:00-04:00,17.764999389648438,17.770000457763672,17.7450008392334,17.7450008392334,25434,0.0,0.0
2024-10-25 11:25:00-04:00,17.739999771118164,17.739999771118164,17.704999923706055,17.725000381469727,25337,0.0,0.0
2024-10-25 11:30:00-04:00,17.725000381469727,17.764999389648438,17.725000381469727,17.760000228881836,19071,0.0,0.0
2024-10-25 11:35:00-04:00,17.760000228881836,17.764999389648438,17.7450008392334,17.7549991607666,29656,0.0,0.0
2024-10-25 11:40:00-04:00,17.75,17.770000457763672,17.735000610351562,17.764999389648438,26725,0.0,0.0
2024-10-25 11:45:00-04:00,17.764999389648438,17.795000076293945,17.764999389648438,17.795000076293945,36011,0.0,0.0
2024-10-25 11:50:00-04:00,17.795000076293945,17.809999465942383,17.78499984741211,17.790000915527344,35596,0.0,0.0
2024-10-25 11:55:00-04:00,17.790000915527344,17.790000915527344,17.782499313354492,17.78499984741211,18492,0.0,0.0
2024-10-25 12:00:00-04:00,17.78499984741211,17.78499984741211,17.719999313354492,17.719999313354492,45103,0.0,0.0
2024-10-25 12:05:00-04:00,17.704999923706055,17.719999313354492,17.700000762939453,17.719999313354492,7946,0.0,0.0
2024-10-25 12:10:00-04:00,17.71500015258789,17.725000381469727,17.690000534057617,17.69499969482422,15466,0.0,0.0
2024-10-25 12:15:00-04:00,17.690000534057617,17.71500015258789,17.690000534057617,17.71500015258789,7177,0.0,0.0
2024-10-25 12:20:00-04:00,17.709999084472656,17.719999313354492,17.704999923706055,17.71500015258789,14376,0.0,0.0
2024-10-25 12:25:00-04:00,17.71500015258789,17.719999313354492,17.709999084472656,17.719999313354492,8223,0.0,0.0
2024-10-25 12:30:00-04:00,17.719999313354492,17.719999313354492,17.690000534057617,17.690000534057617,12368,0.0,0.0
2024-10-25 12:35:00-04:00,17.690000534057617,17.719999313354492,17.690000534057617,17.71500015258789,17696,0.0,0.0
2024-10-25 12:40:00-04:00,17.719999313354492,17.725000381469727,17.704599380493164,17.704599380493164,25445,0.0,0.0
2024-10-25 12:45:00-04:00,17.704999923706055,17.70549964904785,17.700000762939453,17.704999923706055,9319,0.0,0.0
2024-10-25 12:50:00-04:00,17.704999923706055,17.704999923706055,17.68000030517578,17.69499969482422,11891,0.0,0.0
2024-10-25 12:55:00-04:00,17.700000762939453,17.700000762939453,17.684999465942383,17.690000534057617,13310,0.0,0.0
2024-10-25 13:00:00-04:00,17.69499969482422,17.709999084472656,17.68000030517578,17.704999923706055,11039,0.0,0.0
2024-10-25 13:05:00-04:00,17.704999923706055,17.704999923706055,17.690000534057617,17.69499969482422,4845,0.0,0.0
2024-10-25 13:10:00-04:00,17.69499969482422,17.700000762939453,17.670000076293945,17.690000534057617,32902,0.0,0.0
2024-10-25 13:15:00-04:00,17.684999465942383,17.690000534057617,17.674999237060547,17.674999237060547,17216,0.0,0.0
2024-10-25 13:20:00-04:00,17.674999237060547,17.690000534057617,17.65999984741211,17.690000534057617,18716,0.0,0.0
2024-10-25 13:25:00-04:00,17.684999465942383,17.684999465942383,17.670000076293945,17.670000076293945,6063,0.0,0.0
2024-10-25 13:30:00-04:00,17.670000076293945,17.670000076293945,17.645000457763672,17.645000457763672,32130,0.0,0.0
2024-10-25 13:35:00-04:00,17.645000457763672,17.65999984741211,17.635000228881836,17.645000457763672,23781,0.0,0.0
2024-10-25 13:40:00-04:00,17.645000457763672,17.645000457763672,17.600000381469727,17.604999542236328,13042,0.0,0.0
2024-10-25 13:45:00-04:00,17.604999542236328,17.635000228881836,17.604999542236328,17.63450050354004,11675,0.0,0.0
2024-10-25 13:50:00-04:00,17.635000228881836,17.645000457763672,17.6299991607666,17.635000228881836,8542,0.0,0.0
2024-10-25 13:55:00-04:00,17.639999389648438,17.639999389648438,17.600000381469727,17.600099563598633,18701,0.0,0.0
2024-10-25 14:00:00-04:00,17.604999542236328,17.614999771118164,17.575000762939453,17.610000610351562,20177,0.0,0.0
2024-10-25 14:05:00-04:00,17.610000610351562,17.610000610351562,17.584999084472656,17.594999313354492,12672,0.0,0.0
2024-10-25 14:10:00-04:00,17.59000015258789,17.610000610351562,17.579999923706055,17.594999313354492,14061,0.0,0.0
2024-10-25 14:15:00-04:00,17.600000381469727,17.610000610351562,17.59000015258789,17.604999542236328,13720,0.0,0.0
2024-10-25 14:20:00-04:00,17.610000610351562,17.614999771118164,17.600000381469727,17.604999542236328,10211,0.0,0.0
2024-10-25 14:25:00-04:00,17.604999542236328,17.649999618530273,17.604999542236328,17.645000457763672,11479,0.0,0.0
2024-10-25 14:30:00-04:00,17.645000457763672,17.65999984741211,17.639999389648438,17.655000686645508,17250,0.0,0.0
2024-10-25 14:35:00-04:00,17.655000686645508,17.68000030517578,17.649999618530273,17.68000030517578,9298,0.0,0.0
2024-10-25 14:40:00-04:00,17.674999237060547,17.68000030517578,17.670000076293945,17.674999237060547,10676,0.0,0.0
2024-10-25 14:45:00-04:00,17.674999237060547,17.690000534057617,17.674999237060547,17.690000534057617,11959,0.0,0.0
2024-10-25 14:50:00-04:00,17.690000534057617,17.700000762939453,17.68000030517578,17.690000534057617,17631,0.0,0.0
2024-10-25 14:55:00-04:00,17.700000762939453,17.700000762939453,17.694499969482422,17.69499969482422,6114,0.0,0.0
2024-10-25 15:00:00-04:00,17.69499969482422,17.709999084472656,17.684999465942383,17.704999923706055,29900,0.0,0.0
2024-10-25 15:05:00-04:00,17.704999923706055,17.709999084472656,17.690000534057617,17.690000534057617,16885,0.0,0.0
2024-10-25 15:10:00-04:00,17.690000534057617,17.690000534057617,17.65999984741211,17.65999984741211,8981,0.0,0.0
2024-10-25 15:15:00-04:00,17.670000076293945,17.690000534057617,17.670000076293945,17.684999465942383,11492,0.0,0.0
2024-10-25 15:20:00-04:00,17.68000030517578,17.700000762939453,17.68000030517578,17.68000030517578,29628,0.0,0.0
2024-10-25 15:25:00-04:00,17.68000030517578,17.68000030517578,17.670000076293945,17.68000030517578,22529,0.0,0.0
2024-10-25 15:30:00-04:00,17.674999237060547,17.68000030517578,17.639999389648438,17.645000457763672,27607,0.0,0.0
2024-10-25 15:35:00-04:00,17.645000457763672,17.670000076293945,17.639999389648438,17.655000686645508,44009,0.0,0.0
2024-10-25 15:40:00-04:00,17.655000686645508,17.65999984741211,17.639999389648438,17.655000686645508,36586,0.0,0.0
2024-10-25 15:45:00-04:00,17.655000686645508,17.674999237060547,17.649999618530273,17.65999984741211,46433,0.0,0.0
2024-10-25 15:50:00-04:00,17.65999984741211,17.670000076293945,17.6299991607666,17.6299991607666,73212,0.0,0.0
2024-10-25 15:55:00-04:00,17.6299991607666,17.639999389648438,17.600000381469727,17.639999389648438,257266,0.0,0.0
