Datetime,Open,High,Low,Close,Volume,Dividends,Stock Splits,Capital Gains
2024-09-27 09:30:00-04:00,49.060001373291016,49.060001373291016,49.060001373291016,49.060001373291016,5131,0.0,0.0,0.0
2024-09-27 09:40:00-04:00,49.059898376464844,49.060001373291016,49.05500030517578,49.05500030517578,1164,0.0,0.0,0.0
2024-09-27 09:45:00-04:00,49.060001373291016,49.064998626708984,49.060001373291016,49.064998626708984,5231,0.0,0.0,0.0
2024-09-27 09:50:00-04:00,49.06999969482422,49.06999969482422,49.064998626708984,49.06890106201172,450,0.0,0.0,0.0
2024-09-27 09:55:00-04:00,49.064998626708984,49.06999969482422,49.064998626708984,49.06999969482422,609,0.0,0.0,0.0
2024-09-27 10:00:00-04:00,49.06999969482422,49.06999969482422,49.064998626708984,49.06930160522461,2609,0.0,0.0,0.0
2024-09-27 10:05:00-04:00,49.06999969482422,49.06999969482422,49.064998626708984,49.06999969482422,1002,0.0,0.0,0.0
2024-09-27 10:10:00-04:00,49.06999969482422,49.06999969482422,49.064998626708984,49.06999969482422,1059,0.0,0.0,0.0
2024-09-27 10:15:00-04:00,49.06999969482422,49.06999969482422,49.064998626708984,49.06999969482422,1032,0.0,0.0,0.0
2024-09-27 10:20:00-04:00,49.06999969482422,49.08000183105469,49.064998626708984,49.06999969482422,19383,0.0,0.0,0.0
2024-09-27 10:25:00-04:00,49.08000183105469,49.08000183105469,49.06999969482422,49.06999969482422,10634,0.0,0.0,0.0
2024-09-27 10:30:00-04:00,49.07500076293945,49.0786018371582,49.06999969482422,49.06999969482422,3497,0.0,0.0,0.0
2024-09-27 10:35:00-04:00,49.07500076293945,49.07500076293945,49.06999969482422,49.07500076293945,4867,0.0,0.0,0.0
2024-09-27 10:40:00-04:00,49.07500076293945,49.07500076293945,49.06999969482422,49.07500076293945,4419,0.0,0.0,0.0
2024-09-27 10:45:00-04:00,49.06999969482422,49.07500076293945,49.06999969482422,49.07500076293945,1403,0.0,0.0,0.0
2024-09-27 10:50:00-04:00,49.06999969482422,49.07820129394531,49.064998626708984,49.064998626708984,3631,0.0,0.0,0.0
2024-09-27 10:55:00-04:00,49.064998626708984,49.06999969482422,49.064998626708984,49.06999969482422,900,0.0,0.0,0.0
2024-09-27 11:00:00-04:00,49.06990051269531,49.06999969482422,49.06990051269531,49.06999969482422,9357,0.0,0.0,0.0
2024-09-27 11:05:00-04:00,49.064998626708984,49.06999969482422,49.064998626708984,49.06999969482422,5250,0.0,0.0,0.0
2024-09-27 11:10:00-04:00,49.06999969482422,49.08000183105469,49.06520080566406,49.07500076293945,3109,0.0,0.0,0.0
2024-09-27 11:15:00-04:00,49.07500076293945,49.08000183105469,49.07500076293945,49.07870101928711,10165,0.0,0.0,0.0
2024-09-27 11:20:00-04:00,49.07500076293945,49.0786018371582,49.07500076293945,49.07500076293945,2752,0.0,0.0,0.0
2024-09-27 11:25:00-04:00,49.07500076293945,49.08000183105469,49.07500076293945,49.08000183105469,511,0.0,0.0,0.0
2024-09-27 11:30:00-04:00,49.07500076293945,49.07500076293945,49.07500076293945,49.07500076293945,785,0.0,0.0,0.0
2024-09-27 11:35:00-04:00,49.08000183105469,49.08000183105469,49.08000183105469,49.08000183105469,403,0.0,0.0,0.0
2024-09-27 11:40:00-04:00,49.08000183105469,49.08000183105469,49.06999969482422,49.07500076293945,9551,0.0,0.0,0.0
2024-09-27 11:45:00-04:00,49.070098876953125,49.07500076293945,49.070098876953125,49.07500076293945,1250,0.0,0.0,0.0
2024-09-27 11:50:00-04:00,49.07500076293945,49.07749938964844,49.07500076293945,49.07500076293945,2864,0.0,0.0,0.0
2024-09-27 11:55:00-04:00,49.07500076293945,49.07500076293945,49.07500076293945,49.07500076293945,663,0.0,0.0,0.0
2024-09-27 12:00:00-04:00,49.07500076293945,49.07500076293945,49.07500076293945,49.07500076293945,300,0.0,0.0,0.0
2024-09-27 12:05:00-04:00,49.07500076293945,49.08000183105469,49.07500076293945,49.07500076293945,8730,0.0,0.0,0.0
2024-09-27 12:10:00-04:00,49.07500076293945,49.08000183105469,49.07500076293945,49.08000183105469,205,0.0,0.0,0.0
2024-09-27 12:15:00-04:00,49.070098876953125,49.08000183105469,49.070098876953125,49.08000183105469,1191,0.0,0.0,0.0
2024-09-27 12:20:00-04:00,49.08000183105469,49.08000183105469,49.08000183105469,49.08000183105469,300,0.0,0.0,0.0
2024-09-27 12:25:00-04:00,49.08000183105469,49.08000183105469,49.07929992675781,49.08000183105469,1684,0.0,0.0,0.0
2024-09-27 12:30:00-04:00,49.08000183105469,49.08000183105469,49.07619857788086,49.08000183105469,1033,0.0,0.0,0.0
2024-09-27 12:35:00-04:00,49.08000183105469,49.08000183105469,49.07929992675781,49.07929992675781,392,0.0,0.0,0.0
2024-09-27 12:40:00-04:00,49.08000183105469,49.08000183105469,49.070098876953125,49.07500076293945,838,0.0,0.0,0.0
2024-09-27 12:45:00-04:00,49.08000183105469,49.08000183105469,49.070098876953125,49.08000183105469,462,0.0,0.0,0.0
2024-09-27 12:50:00-04:00,49.07979965209961,49.08620071411133,49.07659912109375,49.08620071411133,4078,0.0,0.0,0.0
2024-09-27 12:55:00-04:00,49.084999084472656,49.084999084472656,49.084999084472656,49.084999084472656,164,0.0,0.0,0.0
2024-09-27 13:00:00-04:00,49.084999084472656,49.09000015258789,49.084999084472656,49.084999084472656,36147,0.0,0.0,0.0
2024-09-27 13:05:00-04:00,49.080101013183594,49.08869934082031,49.080101013183594,49.08869934082031,8786,0.0,0.0,0.0
2024-09-27 13:10:00-04:00,49.084999084472656,49.084999084472656,49.084999084472656,49.084999084472656,200,0.0,0.0,0.0
2024-09-27 13:15:00-04:00,49.084999084472656,49.084999084472656,49.084999084472656,49.084999084472656,164,0.0,0.0,0.0
2024-09-27 13:20:00-04:00,49.084999084472656,49.084999084472656,49.084999084472656,49.084999084472656,100,0.0,0.0,0.0
2024-09-27 13:25:00-04:00,49.09000015258789,49.09000015258789,49.080101013183594,49.08089828491211,3291,0.0,0.0,0.0
2024-09-27 13:30:00-04:00,49.084999084472656,49.084999084472656,49.084999084472656,49.084999084472656,185,0.0,0.0,0.0
2024-09-27 13:35:00-04:00,49.09000015258789,49.09000015258789,49.0802001953125,49.084999084472656,2013,0.0,0.0,0.0
2024-09-27 13:40:00-04:00,49.084999084472656,49.084999084472656,49.084999084472656,49.084999084472656,3720,0.0,0.0,0.0
2024-09-27 13:45:00-04:00,49.084999084472656,49.09000015258789,49.084999084472656,49.09000015258789,200,0.0,0.0,0.0
2024-09-27 13:50:00-04:00,49.08869934082031,49.08869934082031,49.08000183105469,49.0880012512207,58155,0.0,0.0,0.0
2024-09-27 13:55:00-04:00,49.084999084472656,49.09000015258789,49.084999084472656,49.09000015258789,203,0.0,0.0,0.0
2024-09-27 14:00:00-04:00,49.084999084472656,49.084999084472656,49.08000183105469,49.08000183105469,800,0.0,0.0,0.0
2024-09-27 14:05:00-04:00,49.08000183105469,49.09000015258789,49.08000183105469,49.09000015258789,1630,0.0,0.0,0.0
2024-09-27 14:10:00-04:00,49.08000183105469,49.08000183105469,49.08000183105469,49.08000183105469,1600,0.0,0.0,0.0
2024-09-27 14:15:00-04:00,49.084999084472656,49.084999084472656,49.080101013183594,49.080101013183594,734,0.0,0.0,0.0
2024-09-27 14:20:00-04:00,49.080101013183594,49.080101013183594,49.07500076293945,49.08000183105469,11597,0.0,0.0,0.0
2024-09-27 14:25:00-04:00,49.07149887084961,49.08000183105469,49.07149887084961,49.08000183105469,2118,0.0,0.0,0.0
2024-09-27 14:30:00-04:00,49.07469940185547,49.08000183105469,49.070098876953125,49.07500076293945,4815,0.0,0.0,0.0
2024-09-27 14:35:00-04:00,49.08000183105469,49.08000183105469,49.08000183105469,49.08000183105469,223,0.0,0.0,0.0
2024-09-27 14:40:00-04:00,49.07500076293945,49.08000183105469,49.07500076293945,49.07939910888672,4040,0.0,0.0,0.0
2024-09-27 14:45:00-04:00,49.076698303222656,49.076698303222656,49.07500076293945,49.07500076293945,1772,0.0,0.0,0.0
2024-09-27 14:50:00-04:00,49.0713996887207,49.08000183105469,49.0713996887207,49.07500076293945,480,0.0,0.0,0.0
2024-09-27 14:55:00-04:00,49.07160186767578,49.07500076293945,49.07160186767578,49.07500076293945,1629,0.0,0.0,0.0
2024-09-27 15:00:00-04:00,49.08000183105469,49.08000183105469,49.07500076293945,49.08000183105469,8931,0.0,0.0,0.0
2024-09-27 15:05:00-04:00,49.07500076293945,49.07500076293945,49.07109832763672,49.07109832763672,7954,0.0,0.0,0.0
2024-09-27 15:10:00-04:00,49.07500076293945,49.07500076293945,49.07109832763672,49.07109832763672,912,0.0,0.0,0.0
2024-09-27 15:15:00-04:00,49.07500076293945,49.07500076293945,49.06999969482422,49.07500076293945,4803,0.0,0.0,0.0
2024-09-27 15:25:00-04:00,49.08000183105469,49.08000183105469,49.07500076293945,49.07500076293945,8315,0.0,0.0,0.0
2024-09-27 15:30:00-04:00,49.06999969482422,49.07500076293945,49.06999969482422,49.07500076293945,337,0.0,0.0,0.0
2024-09-27 15:35:00-04:00,49.07899856567383,49.08000183105469,49.07500076293945,49.07500076293945,6699,0.0,0.0,0.0
2024-09-27 15:40:00-04:00,49.07500076293945,49.07500076293945,49.0713996887207,49.07500076293945,1722,0.0,0.0,0.0
2024-09-27 15:45:00-04:00,49.08000183105469,49.08000183105469,49.0713005065918,49.079898834228516,4859,0.0,0.0,0.0
2024-09-27 15:50:00-04:00,49.07899856567383,49.08000183105469,49.071998596191406,49.071998596191406,6729,0.0,0.0,0.0
2024-09-27 15:55:00-04:00,49.08000183105469,49.08000183105469,49.06999969482422,49.07500076293945,6384,0.0,0.0,0.0
2024-09-30 09:30:00-04:00,49.08000183105469,49.08000183105469,49.040000915527344,49.059898376464844,10033,0.0,0.0,0.0
2024-09-30 09:35:00-04:00,49.059898376464844,49.059898376464844,49.059898376464844,49.059898376464844,2033,0.0,0.0,0.0
2024-09-30 09:40:00-04:00,49.060001373291016,49.060001373291016,49.060001373291016,49.060001373291016,382,0.0,0.0,0.0
2024-09-30 09:45:00-04:00,49.05500030517578,49.05500030517578,49.051300048828125,49.05500030517578,4400,0.0,0.0,0.0
2024-09-30 09:50:00-04:00,49.04999923706055,49.05500030517578,49.04999923706055,49.05500030517578,2200,0.0,0.0,0.0
2024-09-30 09:55:00-04:00,49.05500030517578,49.058998107910156,49.05500030517578,49.058998107910156,332,0.0,0.0,0.0
2024-09-30 10:00:00-04:00,49.060001373291016,49.06399917602539,49.05500030517578,49.060001373291016,4773,0.0,0.0,0.0
2024-09-30 10:10:00-04:00,49.060001373291016,49.06869888305664,49.060001373291016,49.06869888305664,439,0.0,0.0,0.0
2024-09-30 10:15:00-04:00,49.068599700927734,49.068599700927734,49.068599700927734,49.068599700927734,1080,0.0,0.0,0.0
2024-09-30 10:20:00-04:00,49.06100082397461,49.06100082397461,49.06100082397461,49.06100082397461,102,0.0,0.0,0.0
2024-09-30 10:25:00-04:00,49.060001373291016,49.060001373291016,49.060001373291016,49.060001373291016,486,0.0,0.0,0.0
2024-09-30 10:30:00-04:00,49.060001373291016,49.061100006103516,49.060001373291016,49.060001373291016,312,0.0,0.0,0.0
2024-09-30 10:35:00-04:00,49.06990051269531,49.06990051269531,49.064998626708984,49.06990051269531,1849,0.0,0.0,0.0
2024-09-30 10:40:00-04:00,49.064998626708984,49.06999969482422,49.060001373291016,49.060001373291016,4872,0.0,0.0,0.0
2024-09-30 10:45:00-04:00,49.060001373291016,49.060001373291016,49.060001373291016,49.060001373291016,225,0.0,0.0,0.0
2024-09-30 10:50:00-04:00,49.06990051269531,49.06990051269531,49.064998626708984,49.064998626708984,607,0.0,0.0,0.0
2024-09-30 10:55:00-04:00,49.064998626708984,49.06999969482422,49.060001373291016,49.060001373291016,1226,0.0,0.0,0.0
2024-09-30 11:00:00-04:00,49.060001373291016,49.064998626708984,49.060001373291016,49.064998626708984,443,0.0,0.0,0.0
2024-09-30 11:05:00-04:00,49.060298919677734,49.064998626708984,49.060298919677734,49.064998626708984,1017,0.0,0.0,0.0
2024-09-30 11:20:00-04:00,49.06829833984375,49.06829833984375,49.060001373291016,49.060001373291016,1215,0.0,0.0,0.0
2024-09-30 11:25:00-04:00,49.06990051269531,49.06990051269531,49.06990051269531,49.06990051269531,1091,0.0,0.0,0.0
2024-09-30 11:30:00-04:00,49.060001373291016,49.06060028076172,49.060001373291016,49.060001373291016,4438,0.0,0.0,0.0
2024-09-30 11:35:00-04:00,49.060001373291016,49.06869888305664,49.060001373291016,49.060001373291016,635,0.0,0.0,0.0
2024-09-30 11:40:00-04:00,49.064998626708984,49.06869888305664,49.060001373291016,49.06869888305664,2691,0.0,0.0,0.0
2024-09-30 11:45:00-04:00,49.064998626708984,49.064998626708984,49.060001373291016,49.060001373291016,1037,0.0,0.0,0.0
2024-09-30 11:50:00-04:00,49.060001373291016,49.060001373291016,49.060001373291016,49.060001373291016,239,0.0,0.0,0.0
2024-09-30 11:55:00-04:00,49.060001373291016,49.06990051269531,49.060001373291016,49.06990051269531,1110,0.0,0.0,0.0
2024-09-30 12:00:00-04:00,49.06880187988281,49.06880187988281,49.060001373291016,49.060001373291016,1653,0.0,0.0,0.0
2024-09-30 12:10:00-04:00,49.06869888305664,49.06869888305664,49.066200256347656,49.066200256347656,541,0.0,0.0,0.0
2024-09-30 12:15:00-04:00,49.06650161743164,49.06650161743164,49.060001373291016,49.060001373291016,1312,0.0,0.0,0.0
2024-09-30 12:20:00-04:00,49.060001373291016,49.060001373291016,49.060001373291016,49.060001373291016,177,0.0,0.0,0.0
2024-09-30 12:25:00-04:00,49.06010055541992,49.06010055541992,49.060001373291016,49.060001373291016,510,0.0,0.0,0.0
2024-09-30 12:35:00-04:00,49.060001373291016,49.060001373291016,49.060001373291016,49.060001373291016,894,0.0,0.0,0.0
2024-09-30 12:40:00-04:00,49.06119918823242,49.06119918823242,49.06119918823242,49.06119918823242,641,0.0,0.0,0.0
2024-09-30 12:45:00-04:00,49.060001373291016,49.060001373291016,49.060001373291016,49.060001373291016,141,0.0,0.0,0.0
2024-09-30 12:55:00-04:00,49.064998626708984,49.064998626708984,49.064998626708984,49.064998626708984,884,0.0,0.0,0.0
2024-09-30 13:00:00-04:00,49.064998626708984,49.064998626708984,49.060001373291016,49.060001373291016,630,0.0,0.0,0.0
2024-09-30 13:05:00-04:00,49.06990051269531,49.06990051269531,49.06880187988281,49.06880187988281,3138,0.0,0.0,0.0
2024-09-30 13:15:00-04:00,49.06740188598633,49.06740188598633,49.06740188598633,49.06740188598633,668,0.0,0.0,0.0
2024-09-30 13:20:00-04:00,49.064998626708984,49.064998626708984,49.060001373291016,49.060001373291016,344,0.0,0.0,0.0
2024-09-30 13:25:00-04:00,49.06990051269531,49.06990051269531,49.06990051269531,49.06990051269531,1032,0.0,0.0,0.0
2024-09-30 13:30:00-04:00,49.064998626708984,49.064998626708984,49.064998626708984,49.064998626708984,244,0.0,0.0,0.0
2024-09-30 13:35:00-04:00,49.064998626708984,49.06869888305664,49.06290054321289,49.06869888305664,1381,0.0,0.0,0.0
2024-09-30 13:40:00-04:00,49.06999969482422,49.06999969482422,49.06629943847656,49.06629943847656,586,0.0,0.0,0.0
2024-09-30 13:50:00-04:00,49.060001373291016,49.060001373291016,49.060001373291016,49.060001373291016,116,0.0,0.0,0.0
2024-09-30 13:55:00-04:00,49.064998626708984,49.064998626708984,49.064998626708984,49.064998626708984,259,0.0,0.0,0.0
2024-09-30 14:00:00-04:00,49.064998626708984,49.06880187988281,49.060001373291016,49.064998626708984,1552,0.0,0.0,0.0
2024-09-30 14:05:00-04:00,49.060001373291016,49.06019973754883,49.060001373291016,49.060001373291016,3713,0.0,0.0,0.0
2024-09-30 14:10:00-04:00,49.060001373291016,49.060001373291016,49.05500030517578,49.05500030517578,2245,0.0,0.0,0.0
2024-09-30 14:15:00-04:00,49.05500030517578,49.05500030517578,49.05099868774414,49.05500030517578,4493,0.0,0.0,0.0
2024-09-30 14:20:00-04:00,49.04999923706055,49.05569839477539,49.04999923706055,49.05500030517578,2382,0.0,0.0,0.0
2024-09-30 14:25:00-04:00,49.058998107910156,49.058998107910156,49.056434631347656,49.056434631347656,1084,0.0,0.0,0.0
2024-09-30 14:30:00-04:00,49.04999923706055,49.04999923706055,49.04999923706055,49.04999923706055,375,0.0,0.0,0.0
2024-09-30 14:35:00-04:00,49.04999923706055,49.057098388671875,49.04999923706055,49.04999923706055,4835,0.0,0.0,0.0
2024-09-30 14:40:00-04:00,49.059898376464844,49.059898376464844,49.059898376464844,49.059898376464844,320,0.0,0.0,0.0
2024-09-30 14:45:00-04:00,49.04999923706055,49.05500030517578,49.04999923706055,49.04999923706055,6077,0.0,0.0,0.0
2024-09-30 14:50:00-04:00,49.04999923706055,49.04999923706055,49.04999923706055,49.04999923706055,100,0.0,0.0,0.0
2024-09-30 14:55:00-04:00,49.05889892578125,49.05889892578125,49.05619812011719,49.05830001831055,828,0.0,0.0,0.0
2024-09-30 15:00:00-04:00,49.05009841918945,49.05009841918945,49.04999923706055,49.04999923706055,3964,0.0,0.0,0.0
2024-09-30 15:05:00-04:00,49.04999923706055,49.04999923706055,49.040000915527344,49.04499816894531,1923,0.0,0.0,0.0
2024-09-30 15:10:00-04:00,49.04499816894531,49.04499816894531,49.040000915527344,49.040000915527344,2766,0.0,0.0,0.0
2024-09-30 15:15:00-04:00,49.04890060424805,49.04890060424805,49.03499984741211,49.03499984741211,7211,0.0,0.0,0.0
2024-09-30 15:20:00-04:00,49.03499984741211,49.040000915527344,49.029998779296875,49.039100646972656,5792,0.0,0.0,0.0
2024-09-30 15:25:00-04:00,49.03499984741211,49.03499984741211,49.03499984741211,49.03499984741211,106,0.0,0.0,0.0
2024-09-30 15:30:00-04:00,49.03499984741211,49.03990173339844,49.03010177612305,49.03620147705078,2266,0.0,0.0,0.0
2024-09-30 15:35:00-04:00,49.040000915527344,49.040000915527344,49.032100677490234,49.03499984741211,2434,0.0,0.0,0.0
2024-09-30 15:40:00-04:00,49.03499984741211,49.03990173339844,49.03499984741211,49.03990173339844,5267,0.0,0.0,0.0
2024-09-30 15:45:00-04:00,49.03990173339844,49.03990173339844,49.03499984741211,49.03499984741211,7279,0.0,0.0,0.0
2024-09-30 15:50:00-04:00,49.040000915527344,49.040000915527344,49.03499984741211,49.03919982910156,7860,0.0,0.0,0.0
2024-09-30 15:55:00-04:00,49.040000915527344,49.040000915527344,49.029998779296875,49.040000915527344,0,0.0,0.0,0.0
2024-10-01 09:30:00-04:00,48.900001525878906,48.900001525878906,48.88010025024414,48.900001525878906,9219,0.0,0.0,0.0
2024-10-01 09:35:00-04:00,48.900001525878906,48.900001525878906,48.900001525878906,48.900001525878906,2000,0.0,0.0,0.0
2024-10-01 09:40:00-04:00,48.900001525878906,48.900001525878906,48.899898529052734,48.900001525878906,11480,0.0,0.0,0.0
2024-10-01 09:45:00-04:00,48.900001525878906,48.909000396728516,48.900001525878906,48.909000396728516,1821,0.0,0.0,0.0
2024-10-01 09:50:00-04:00,48.90950012207031,48.90950012207031,48.89500045776367,48.900001525878906,8365,0.0,0.0,0.0
2024-10-01 09:55:00-04:00,48.89500045776367,48.900001525878906,48.89500045776367,48.900001525878906,708,0.0,0.0,0.0
2024-10-01 10:00:00-04:00,48.900001525878906,48.9099006652832,48.900001525878906,48.900001525878906,5058,0.0,0.0,0.0
2024-10-01 10:05:00-04:00,48.900001525878906,48.900001525878906,48.89500045776367,48.89500045776367,961,0.0,0.0,0.0
2024-10-01 10:10:00-04:00,48.900001525878906,48.900001525878906,48.900001525878906,48.900001525878906,1865,0.0,0.0,0.0
2024-10-01 10:15:00-04:00,48.89149856567383,48.900001525878906,48.89149856567383,48.900001525878906,1376,0.0,0.0,0.0
2024-10-01 10:30:00-04:00,48.89500045776367,48.89500045776367,48.89500045776367,48.89500045776367,134,0.0,0.0,0.0
2024-10-01 10:35:00-04:00,48.890098571777344,48.890098571777344,48.890098571777344,48.890098571777344,200,0.0,0.0,0.0
2024-10-01 10:40:00-04:00,48.898799896240234,48.898799896240234,48.88999938964844,48.88999938964844,1401,0.0,0.0,0.0
2024-10-01 10:45:00-04:00,48.88999938964844,48.88999938964844,48.88999938964844,48.88999938964844,141,0.0,0.0,0.0
2024-10-01 10:50:00-04:00,48.900001525878906,48.900001525878906,48.900001525878906,48.900001525878906,139,0.0,0.0,0.0
2024-10-01 10:55:00-04:00,48.891998291015625,48.891998291015625,48.88999938964844,48.88999938964844,770,0.0,0.0,0.0
2024-10-01 11:05:00-04:00,48.88999938964844,48.88999938964844,48.88999938964844,48.88999938964844,101,0.0,0.0,0.0
2024-10-01 11:10:00-04:00,48.89889907836914,48.89910125732422,48.88999938964844,48.891300201416016,1012,0.0,0.0,0.0
2024-10-01 11:15:00-04:00,48.89500045776367,48.89889907836914,48.89500045776367,48.89500045776367,3070,0.0,0.0,0.0
2024-10-01 11:20:00-04:00,48.89500045776367,48.900001525878906,48.89500045776367,48.900001525878906,6067,0.0,0.0,0.0
2024-10-01 11:25:00-04:00,48.88999938964844,48.898799896240234,48.88999938964844,48.89500045776367,4343,0.0,0.0,0.0
2024-10-01 11:30:00-04:00,48.88999938964844,48.89500045776367,48.88999938964844,48.88999938964844,1001,0.0,0.0,0.0
2024-10-01 11:35:00-04:00,48.88999938964844,48.88999938964844,48.88999938964844,48.88999938964844,577,0.0,0.0,0.0
2024-10-01 11:40:00-04:00,48.89889907836914,48.89889907836914,48.89889907836914,48.89889907836914,715,0.0,0.0,0.0
2024-10-01 11:45:00-04:00,48.89889907836914,48.89889907836914,48.88999938964844,48.88999938964844,387,0.0,0.0,0.0
2024-10-01 11:50:00-04:00,48.89830017089844,48.89830017089844,48.8911018371582,48.89500045776367,1086,0.0,0.0,0.0
2024-10-01 11:55:00-04:00,48.88999938964844,48.88999938964844,48.88999938964844,48.88999938964844,312,0.0,0.0,0.0
2024-10-01 12:05:00-04:00,48.89500045776367,48.89970016479492,48.89500045776367,48.89970016479492,355,0.0,0.0,0.0
2024-10-01 12:10:00-04:00,48.89500045776367,48.89500045776367,48.89500045776367,48.89500045776367,3268,0.0,0.0,0.0
2024-10-01 12:15:00-04:00,48.89500045776367,48.900001525878906,48.89500045776367,48.900001525878906,5085,0.0,0.0,0.0
2024-10-01 12:20:00-04:00,48.89500045776367,48.900001525878906,48.8916015625,48.89500045776367,1156,0.0,0.0,0.0
2024-10-01 12:25:00-04:00,48.89500045776367,48.89500045776367,48.89500045776367,48.89500045776367,503,0.0,0.0,0.0
2024-10-01 12:30:00-04:00,48.89655303955078,48.89655303955078,48.8921012878418,48.8921012878418,396,0.0,0.0,0.0
2024-10-01 12:35:00-04:00,48.900001525878906,48.900001525878906,48.89500045776367,48.89500045776367,34115,0.0,0.0,0.0
2024-10-01 12:45:00-04:00,48.900001525878906,48.900001525878906,48.8942985534668,48.89899826049805,3338,0.0,0.0,0.0
2024-10-01 12:50:00-04:00,48.900001525878906,48.900001525878906,48.89500045776367,48.89500045776367,430,0.0,0.0,0.0
2024-10-01 12:55:00-04:00,48.89500045776367,48.899898529052734,48.89500045776367,48.89619827270508,1022,0.0,0.0,0.0
2024-10-01 13:00:00-04:00,48.900001525878906,48.90620040893555,48.900001525878906,48.90620040893555,1615,0.0,0.0,0.0
2024-10-01 13:05:00-04:00,48.900001525878906,48.90999984741211,48.900001525878906,48.90999984741211,6714,0.0,0.0,0.0
2024-10-01 13:10:00-04:00,48.904998779296875,48.90999984741211,48.900001525878906,48.900001525878906,1076,0.0,0.0,0.0
2024-10-01 13:15:00-04:00,48.904998779296875,48.907501220703125,48.904998779296875,48.904998779296875,435,0.0,0.0,0.0
2024-10-01 13:20:00-04:00,48.9099006652832,48.90999984741211,48.90119934082031,48.904998779296875,5024,0.0,0.0,0.0
2024-10-01 13:25:00-04:00,48.90999984741211,48.90999984741211,48.90010070800781,48.904998779296875,3209,0.0,0.0,0.0
2024-10-01 13:30:00-04:00,48.907501220703125,48.90999984741211,48.900001525878906,48.907501220703125,10809,0.0,0.0,0.0
2024-10-01 13:35:00-04:00,48.907501220703125,48.90999984741211,48.900001525878906,48.9099006652832,27044,0.0,0.0,0.0
2024-10-01 13:40:00-04:00,48.908599853515625,48.90999984741211,48.904998779296875,48.904998779296875,1918,0.0,0.0,0.0
2024-10-01 13:45:00-04:00,48.90999984741211,48.90999984741211,48.900001525878906,48.904998779296875,5674,0.0,0.0,0.0
2024-10-01 13:50:00-04:00,48.904998779296875,48.90999984741211,48.904998779296875,48.90650177001953,9031,0.0,0.0,0.0
2024-10-01 13:55:00-04:00,48.90480041503906,48.90480041503906,48.900001525878906,48.900001525878906,613,0.0,0.0,0.0
2024-10-01 14:00:00-04:00,48.904998779296875,48.904998779296875,48.904998779296875,48.904998779296875,1160,0.0,0.0,0.0
2024-10-01 14:05:00-04:00,48.90869903564453,48.90869903564453,48.904998779296875,48.904998779296875,1338,0.0,0.0,0.0
2024-10-01 14:10:00-04:00,48.90869903564453,48.90869903564453,48.900001525878906,48.900001525878906,3858,0.0,0.0,0.0
2024-10-01 14:15:00-04:00,48.90119934082031,48.90639877319336,48.90119934082031,48.904998779296875,1186,0.0,0.0,0.0
2024-10-01 14:20:00-04:00,48.904998779296875,48.904998779296875,48.90119934082031,48.904998779296875,2188,0.0,0.0,0.0
2024-10-01 14:25:00-04:00,48.904998779296875,48.904998779296875,48.904998779296875,48.904998779296875,533,0.0,0.0,0.0
2024-10-01 14:35:00-04:00,48.909000396728516,48.909000396728516,48.909000396728516,48.909000396728516,445,0.0,0.0,0.0
2024-10-01 14:40:00-04:00,48.904998779296875,48.90869903564453,48.904998779296875,48.90869903564453,1085,0.0,0.0,0.0
2024-10-01 14:50:00-04:00,48.9099006652832,48.9099006652832,48.9099006652832,48.9099006652832,110,0.0,0.0,0.0
2024-10-01 14:55:00-04:00,48.904998779296875,48.904998779296875,48.904998779296875,48.904998779296875,691,0.0,0.0,0.0
2024-10-01 15:00:00-04:00,48.90129852294922,48.90129852294922,48.90129852294922,48.90129852294922,943,0.0,0.0,0.0
2024-10-01 15:05:00-04:00,48.904998779296875,48.904998779296875,48.904998779296875,48.904998779296875,233,0.0,0.0,0.0
2024-10-01 15:10:00-04:00,48.907901763916016,48.9099006652832,48.904998779296875,48.9099006652832,1112,0.0,0.0,0.0
2024-10-01 15:15:00-04:00,48.904998779296875,48.904998779296875,48.904998779296875,48.904998779296875,1184,0.0,0.0,0.0
2024-10-01 15:20:00-04:00,48.900001525878906,48.904998779296875,48.900001525878906,48.900001525878906,7457,0.0,0.0,0.0
2024-10-01 15:25:00-04:00,48.904998779296875,48.904998779296875,48.904998779296875,48.904998779296875,650,0.0,0.0,0.0
2024-10-01 15:30:00-04:00,48.90010070800781,48.90380096435547,48.90010070800781,48.90380096435547,833,0.0,0.0,0.0
2024-10-01 15:35:00-04:00,48.904998779296875,48.90869903564453,48.904998779296875,48.90869903564453,813,0.0,0.0,0.0
2024-10-01 15:45:00-04:00,48.904998779296875,48.9099006652832,48.901100158691406,48.9098014831543,6516,0.0,0.0,0.0
2024-10-01 15:50:00-04:00,48.90999984741211,48.90999984741211,48.904998779296875,48.904998779296875,313,0.0,0.0,0.0
2024-10-01 15:55:00-04:00,48.904998779296875,48.90999984741211,48.904998779296875,48.90999984741211,5633,0.0,0.0,0.0
2024-10-02 09:30:00-04:00,48.869998931884766,48.900001525878906,48.869998931884766,48.89970016479492,1757,0.0,0.0,0.0
2024-10-02 09:35:00-04:00,48.89500045776367,48.89500045776367,48.89500045776367,48.89500045776367,144,0.0,0.0,0.0
2024-10-02 09:45:00-04:00,48.8932991027832,48.89899826049805,48.8932991027832,48.89899826049805,1979,0.0,0.0,0.0
2024-10-02 09:50:00-04:00,48.88999938964844,48.89500045776367,48.88999938964844,48.89500045776367,1327,0.0,0.0,0.0
2024-10-02 09:55:00-04:00,48.893798828125,48.893798828125,48.88999938964844,48.88999938964844,481,0.0,0.0,0.0
2024-10-02 10:00:00-04:00,48.89699935913086,48.89699935913086,48.89500045776367,48.89500045776367,2453,0.0,0.0,0.0
2024-10-02 10:05:00-04:00,48.89500045776367,48.900001525878906,48.89500045776367,48.89500045776367,7391,0.0,0.0,0.0
2024-10-02 10:10:00-04:00,48.89500045776367,48.89500045776367,48.88999938964844,48.88999938964844,1099,0.0,0.0,0.0
2024-10-02 10:15:00-04:00,48.89500045776367,48.899898529052734,48.88999938964844,48.89789962768555,3053,0.0,0.0,0.0
2024-10-02 10:20:00-04:00,48.88999938964844,48.89500045776367,48.88999938964844,48.89350128173828,2150,0.0,0.0,0.0
2024-10-02 10:25:00-04:00,48.89500045776367,48.89500045776367,48.89400100708008,48.89500045776367,645,0.0,0.0,0.0
2024-10-02 10:30:00-04:00,48.88999938964844,48.89500045776367,48.88999938964844,48.89500045776367,306,0.0,0.0,0.0
2024-10-02 10:35:00-04:00,48.89500045776367,48.89500045776367,48.88999938964844,48.89500045776367,2050,0.0,0.0,0.0
2024-10-02 10:40:00-04:00,48.89500045776367,48.899898529052734,48.89500045776367,48.899898529052734,1760,0.0,0.0,0.0
2024-10-02 10:45:00-04:00,48.89500045776367,48.89889907836914,48.89500045776367,48.89500045776367,829,0.0,0.0,0.0
2024-10-02 10:50:00-04:00,48.89500045776367,48.900001525878906,48.89500045776367,48.89500045776367,391,0.0,0.0,0.0
2024-10-02 10:55:00-04:00,48.89500045776367,48.89500045776367,48.89500045776367,48.89500045776367,125,0.0,0.0,0.0
2024-10-02 11:00:00-04:00,48.88999938964844,48.89500045776367,48.88999938964844,48.89500045776367,598,0.0,0.0,0.0
2024-10-02 11:05:00-04:00,48.891300201416016,48.89500045776367,48.891300201416016,48.89500045776367,600,0.0,0.0,0.0
2024-10-02 11:15:00-04:00,48.89979934692383,48.89979934692383,48.89979934692383,48.89979934692383,416,0.0,0.0,0.0
2024-10-02 11:20:00-04:00,48.900001525878906,48.900001525878906,48.89447021484375,48.89500045776367,1986,0.0,0.0,0.0
2024-10-02 11:25:00-04:00,48.899898529052734,48.899898529052734,48.88999938964844,48.891300201416016,4472,0.0,0.0,0.0
2024-10-02 11:30:00-04:00,48.89500045776367,48.89500045776367,48.88999938964844,48.89229965209961,11761,0.0,0.0,0.0
2024-10-02 11:35:00-04:00,48.89500045776367,48.900001525878906,48.89080047607422,48.89500045776367,12376,0.0,0.0,0.0
2024-10-02 11:40:00-04:00,48.89500045776367,48.89899826049805,48.89500045776367,48.89500045776367,1475,0.0,0.0,0.0
2024-10-02 11:45:00-04:00,48.89500045776367,48.900001525878906,48.89500045776367,48.89500045776367,1169,0.0,0.0,0.0
2024-10-02 11:50:00-04:00,48.89500045776367,48.89500045776367,48.89500045776367,48.89500045776367,404,0.0,0.0,0.0
2024-10-02 11:55:00-04:00,48.89500045776367,48.899898529052734,48.891300201416016,48.891300201416016,948,0.0,0.0,0.0
2024-10-02 12:00:00-04:00,48.88999938964844,48.900001525878906,48.88999938964844,48.900001525878906,10592,0.0,0.0,0.0
2024-10-02 12:05:00-04:00,48.900001525878906,48.904998779296875,48.900001525878906,48.90010070800781,1095,0.0,0.0,0.0
2024-10-02 12:15:00-04:00,48.904998779296875,48.904998779296875,48.90010070800781,48.90010070800781,3528,0.0,0.0,0.0
2024-10-02 12:20:00-04:00,48.90010070800781,48.90999984741211,48.90010070800781,48.90890121459961,2879,0.0,0.0,0.0
2024-10-02 12:25:00-04:00,48.904998779296875,48.90999984741211,48.904998779296875,48.90999984741211,203,0.0,0.0,0.0
2024-10-02 12:30:00-04:00,48.904998779296875,48.904998779296875,48.904998779296875,48.904998779296875,333,0.0,0.0,0.0
2024-10-02 12:35:00-04:00,48.904998779296875,48.90890121459961,48.90140151977539,48.904998779296875,2636,0.0,0.0,0.0
2024-10-02 12:40:00-04:00,48.900001525878906,48.90869903564453,48.900001525878906,48.904998779296875,1108,0.0,0.0,0.0
2024-10-02 12:45:00-04:00,48.9099006652832,48.9099006652832,48.904998779296875,48.904998779296875,418,0.0,0.0,0.0
2024-10-02 12:50:00-04:00,48.900001525878906,48.904998779296875,48.900001525878906,48.904998779296875,2814,0.0,0.0,0.0
2024-10-02 12:55:00-04:00,48.904998779296875,48.904998779296875,48.900001525878906,48.900001525878906,313,0.0,0.0,0.0
2024-10-02 13:00:00-04:00,48.900299072265625,48.900299072265625,48.900299072265625,48.900299072265625,144,0.0,0.0,0.0
2024-10-02 13:05:00-04:00,48.900001525878906,48.9099006652832,48.900001525878906,48.900001525878906,774,0.0,0.0,0.0
2024-10-02 13:10:00-04:00,48.904998779296875,48.90999984741211,48.900001525878906,48.904998779296875,30010,0.0,0.0,0.0
2024-10-02 13:15:00-04:00,48.90129852294922,48.90129852294922,48.900001525878906,48.900001525878906,300,0.0,0.0,0.0
2024-10-02 13:20:00-04:00,48.9099006652832,48.9099006652832,48.900001525878906,48.900001525878906,1492,0.0,0.0,0.0
2024-10-02 13:25:00-04:00,48.90119934082031,48.90119934082031,48.90119934082031,48.90119934082031,711,0.0,0.0,0.0
2024-10-02 13:30:00-04:00,48.9025993347168,48.907501220703125,48.900001525878906,48.907501220703125,476,0.0,0.0,0.0
2024-10-02 13:35:00-04:00,48.900001525878906,48.900001525878906,48.900001525878906,48.900001525878906,101,0.0,0.0,0.0
2024-10-02 13:40:00-04:00,48.900001525878906,48.900001525878906,48.900001525878906,48.900001525878906,114,0.0,0.0,0.0
2024-10-02 13:50:00-04:00,48.900299072265625,48.900299072265625,48.900001525878906,48.900001525878906,732,0.0,0.0,0.0
2024-10-02 13:55:00-04:00,48.900001525878906,48.904998779296875,48.900001525878906,48.904998779296875,200,0.0,0.0,0.0
2024-10-02 14:00:00-04:00,48.905601501464844,48.905601501464844,48.905601501464844,48.905601501464844,536,0.0,0.0,0.0
2024-10-02 14:05:00-04:00,48.9099006652832,48.9099006652832,48.900001525878906,48.900001525878906,458,0.0,0.0,0.0
2024-10-02 14:10:00-04:00,48.90879821777344,48.90879821777344,48.90010070800781,48.90010070800781,1134,0.0,0.0,0.0
2024-10-02 14:15:00-04:00,48.900001525878906,48.90999984741211,48.900001525878906,48.90999984741211,12860,0.0,0.0,0.0
2024-10-02 14:20:00-04:00,48.904998779296875,48.904998779296875,48.904998779296875,48.904998779296875,152,0.0,0.0,0.0
2024-10-02 14:25:00-04:00,48.909000396728516,48.909000396728516,48.904998779296875,48.904998779296875,2002,0.0,0.0,0.0
2024-10-02 14:30:00-04:00,48.904998779296875,48.904998779296875,48.904998779296875,48.904998779296875,124,0.0,0.0,0.0
2024-10-02 14:35:00-04:00,48.904998779296875,48.904998779296875,48.904998779296875,48.904998779296875,102,0.0,0.0,0.0
2024-10-02 14:40:00-04:00,48.90890121459961,48.90999984741211,48.904998779296875,48.90999984741211,321,0.0,0.0,0.0
2024-10-02 14:45:00-04:00,48.904998779296875,48.90999984741211,48.904998779296875,48.9099006652832,4131,0.0,0.0,0.0
2024-10-02 14:50:00-04:00,48.904998779296875,48.9093017578125,48.90129852294922,48.9093017578125,983,0.0,0.0,0.0
2024-10-02 14:55:00-04:00,48.904998779296875,48.904998779296875,48.904998779296875,48.904998779296875,264,0.0,0.0,0.0
2024-10-02 15:00:00-04:00,48.900001525878906,48.900001525878906,48.900001525878906,48.900001525878906,112,0.0,0.0,0.0
2024-10-02 15:05:00-04:00,48.900001525878906,48.904998779296875,48.900001525878906,48.90330123901367,1259,0.0,0.0,0.0
2024-10-02 15:10:00-04:00,48.901100158691406,48.901100158691406,48.901100158691406,48.901100158691406,412,0.0,0.0,0.0
2024-10-02 15:15:00-04:00,48.900001525878906,48.90129852294922,48.900001525878906,48.90129852294922,871,0.0,0.0,0.0
2024-10-02 15:20:00-04:00,48.900001525878906,48.90999984741211,48.900001525878906,48.900001525878906,599,0.0,0.0,0.0
2024-10-02 15:25:00-04:00,48.900001525878906,48.90999984741211,48.900001525878906,48.900001525878906,6254,0.0,0.0,0.0
2024-10-02 15:30:00-04:00,48.900001525878906,48.907901763916016,48.900001525878906,48.907901763916016,1299,0.0,0.0,0.0
2024-10-02 15:35:00-04:00,48.904998779296875,48.9099006652832,48.900001525878906,48.900001525878906,3168,0.0,0.0,0.0
2024-10-02 15:40:00-04:00,48.90119934082031,48.90119934082031,48.900001525878906,48.900001525878906,1052,0.0,0.0,0.0
2024-10-02 15:45:00-04:00,48.900001525878906,48.900001525878906,48.900001525878906,48.900001525878906,212,0.0,0.0,0.0
2024-10-02 15:50:00-04:00,48.900001525878906,48.90999984741211,48.900001525878906,48.904998779296875,1900,0.0,0.0,0.0
2024-10-02 15:55:00-04:00,48.904998779296875,48.904998779296875,48.900001525878906,48.904998779296875,2779,0.0,0.0,0.0
2024-10-03 09:30:00-04:00,48.88999938964844,48.9099006652832,48.88999938964844,48.900001525878906,4643,0.0,0.0,0.0
2024-10-03 09:35:00-04:00,48.89099884033203,48.89099884033203,48.89099884033203,48.89099884033203,1018,0.0,0.0,0.0
2024-10-03 09:40:00-04:00,48.89189910888672,48.900001525878906,48.89189910888672,48.900001525878906,277,0.0,0.0,0.0
2024-10-03 09:45:00-04:00,48.89350128173828,48.900001525878906,48.88999938964844,48.899898529052734,6705,0.0,0.0,0.0
2024-10-03 09:55:00-04:00,48.89500045776367,48.89500045776367,48.88999938964844,48.88999938964844,566,0.0,0.0,0.0
2024-10-03 10:00:00-04:00,48.88999938964844,48.900001525878906,48.88999938964844,48.88999938964844,4872,0.0,0.0,0.0
2024-10-03 10:05:00-04:00,48.900001525878906,48.900001525878906,48.900001525878906,48.900001525878906,300,0.0,0.0,0.0
2024-10-03 10:10:00-04:00,48.900001525878906,48.900001525878906,48.900001525878906,48.900001525878906,200,0.0,0.0,0.0
2024-10-03 10:15:00-04:00,48.89910125732422,48.900001525878906,48.89910125732422,48.900001525878906,1172,0.0,0.0,0.0
2024-10-03 10:20:00-04:00,48.899898529052734,48.900001525878906,48.89500045776367,48.900001525878906,3822,0.0,0.0,0.0
2024-10-03 10:25:00-04:00,48.900001525878906,48.900001525878906,48.899898529052734,48.899898529052734,510,0.0,0.0,0.0
2024-10-03 10:30:00-04:00,48.900001525878906,48.900001525878906,48.900001525878906,48.900001525878906,211,0.0,0.0,0.0
2024-10-03 10:35:00-04:00,48.899898529052734,48.900001525878906,48.899898529052734,48.900001525878906,4094,0.0,0.0,0.0
2024-10-03 10:40:00-04:00,48.900001525878906,48.900001525878906,48.89500045776367,48.89500045776367,447,0.0,0.0,0.0
2024-10-03 10:45:00-04:00,48.88999938964844,48.89500045776367,48.88999938964844,48.89500045776367,1834,0.0,0.0,0.0
2024-10-03 10:50:00-04:00,48.89500045776367,48.900001525878906,48.89500045776367,48.900001525878906,853,0.0,0.0,0.0
2024-10-03 11:00:00-04:00,48.89870071411133,48.89870071411133,48.89120101928711,48.89120101928711,3427,0.0,0.0,0.0
2024-10-03 11:05:00-04:00,48.900001525878906,48.900001525878906,48.900001525878906,48.900001525878906,183,0.0,0.0,0.0
2024-10-03 11:10:00-04:00,48.900001525878906,48.900001525878906,48.89179992675781,48.900001525878906,2600,0.0,0.0,0.0
2024-10-03 11:20:00-04:00,48.900001525878906,48.900001525878906,48.900001525878906,48.900001525878906,125,0.0,0.0,0.0
2024-10-03 11:25:00-04:00,48.891300201416016,48.891300201416016,48.891300201416016,48.891300201416016,973,0.0,0.0,0.0
2024-10-03 11:30:00-04:00,48.900001525878906,48.900001525878906,48.89910125732422,48.89910125732422,286,0.0,0.0,0.0
2024-10-03 11:40:00-04:00,48.900001525878906,48.900001525878906,48.900001525878906,48.900001525878906,800,0.0,0.0,0.0
2024-10-03 11:45:00-04:00,48.89500045776367,48.89500045776367,48.89500045776367,48.89500045776367,701,0.0,0.0,0.0
2024-10-03 11:50:00-04:00,48.900001525878906,48.900001525878906,48.89250183105469,48.89250183105469,2287,0.0,0.0,0.0
2024-10-03 11:55:00-04:00,48.89120101928711,48.900001525878906,48.89120101928711,48.900001525878906,1338,0.0,0.0,0.0
2024-10-03 12:00:00-04:00,48.89849853515625,48.900001525878906,48.89849853515625,48.900001525878906,555,0.0,0.0,0.0
2024-10-03 12:05:00-04:00,48.89500045776367,48.89500045776367,48.89500045776367,48.89500045776367,182,0.0,0.0,0.0
2024-10-03 12:10:00-04:00,48.89500045776367,48.89500045776367,48.89500045776367,48.89500045776367,175,0.0,0.0,0.0
2024-10-03 12:15:00-04:00,48.8911018371582,48.89500045776367,48.8911018371582,48.89500045776367,370,0.0,0.0,0.0
2024-10-03 12:30:00-04:00,48.890098571777344,48.890098571777344,48.890098571777344,48.890098571777344,219,0.0,0.0,0.0
2024-10-03 12:35:00-04:00,48.89500045776367,48.89500045776367,48.89500045776367,48.89500045776367,244,0.0,0.0,0.0
2024-10-03 12:40:00-04:00,48.89889907836914,48.900001525878906,48.89889907836914,48.900001525878906,1507,0.0,0.0,0.0
2024-10-03 12:45:00-04:00,48.899898529052734,48.900001525878906,48.891700744628906,48.89500045776367,1219,0.0,0.0,0.0
2024-10-03 12:50:00-04:00,48.899898529052734,48.899898529052734,48.89500045776367,48.89500045776367,2919,0.0,0.0,0.0
2024-10-03 12:55:00-04:00,48.900001525878906,48.900001525878906,48.900001525878906,48.900001525878906,100,0.0,0.0,0.0
2024-10-03 13:00:00-04:00,48.891300201416016,48.89500045776367,48.891300201416016,48.89500045776367,498,0.0,0.0,0.0
2024-10-03 13:05:00-04:00,48.89500045776367,48.89500045776367,48.89500045776367,48.89500045776367,682,0.0,0.0,0.0
2024-10-03 13:15:00-04:00,48.89970016479492,48.89970016479492,48.89970016479492,48.89970016479492,219,0.0,0.0,0.0
2024-10-03 13:20:00-04:00,48.89889907836914,48.89889907836914,48.89889907836914,48.89889907836914,466,0.0,0.0,0.0
2024-10-03 13:25:00-04:00,48.89500045776367,48.89789962768555,48.89500045776367,48.89500045776367,666,0.0,0.0,0.0
2024-10-03 13:30:00-04:00,48.89099884033203,48.89099884033203,48.89099884033203,48.89099884033203,1078,0.0,0.0,0.0
2024-10-03 13:35:00-04:00,48.89500045776367,48.900001525878906,48.89500045776367,48.89500045776367,2792,0.0,0.0,0.0
2024-10-03 13:40:00-04:00,48.89500045776367,48.900001525878906,48.890201568603516,48.900001525878906,19266,0.0,0.0,0.0
2024-10-03 13:45:00-04:00,48.89889907836914,48.900001525878906,48.89500045776367,48.900001525878906,1792,0.0,0.0,0.0
2024-10-03 13:50:00-04:00,48.900001525878906,48.900001525878906,48.89500045776367,48.89500045776367,301,0.0,0.0,0.0
2024-10-03 13:55:00-04:00,48.900001525878906,48.900001525878906,48.89139938354492,48.900001525878906,537,0.0,0.0,0.0
2024-10-03 14:00:00-04:00,48.900001525878906,48.900001525878906,48.8911018371582,48.89500045776367,3440,0.0,0.0,0.0
2024-10-03 14:05:00-04:00,48.89849853515625,48.900001525878906,48.89500045776367,48.89799880981445,1468,0.0,0.0,0.0
2024-10-03 14:10:00-04:00,48.89500045776367,48.89500045776367,48.890098571777344,48.89500045776367,495,0.0,0.0,0.0
2024-10-03 14:15:00-04:00,48.89189910888672,48.900001525878906,48.88999938964844,48.88999938964844,1889,0.0,0.0,0.0
2024-10-03 14:20:00-04:00,48.89500045776367,48.89500045776367,48.88999938964844,48.89500045776367,8660,0.0,0.0,0.0
2024-10-03 14:25:00-04:00,48.89500045776367,48.89870071411133,48.89500045776367,48.89500045776367,607,0.0,0.0,0.0
2024-10-03 14:30:00-04:00,48.89500045776367,48.89799880981445,48.89500045776367,48.89500045776367,367,0.0,0.0,0.0
2024-10-03 14:35:00-04:00,48.900001525878906,48.900001525878906,48.89500045776367,48.899898529052734,4584,0.0,0.0,0.0
2024-10-03 14:40:00-04:00,48.89500045776367,48.900001525878906,48.890098571777344,48.900001525878906,1188,0.0,0.0,0.0
2024-10-03 14:45:00-04:00,48.900001525878906,48.900001525878906,48.89030075073242,48.89030075073242,478,0.0,0.0,0.0
2024-10-03 14:50:00-04:00,48.900001525878906,48.900001525878906,48.89670181274414,48.900001525878906,934,0.0,0.0,0.0
2024-10-03 14:55:00-04:00,48.900001525878906,48.900001525878906,48.88999938964844,48.88999938964844,4030,0.0,0.0,0.0
2024-10-03 15:00:00-04:00,48.890098571777344,48.900001525878906,48.88140106201172,48.88140106201172,14370,0.0,0.0,0.0
2024-10-03 15:05:00-04:00,48.88999938964844,48.88999938964844,48.8848991394043,48.8849983215332,3859,0.0,0.0,0.0
2024-10-03 15:10:00-04:00,48.88999938964844,48.88999938964844,48.88999938964844,48.88999938964844,200,0.0,0.0,0.0
2024-10-03 15:15:00-04:00,48.88999938964844,48.88999938964844,48.88999938964844,48.88999938964844,374,0.0,0.0,0.0
2024-10-03 15:20:00-04:00,48.88890075683594,48.88999938964844,48.88890075683594,48.88999938964844,539,0.0,0.0,0.0
2024-10-03 15:25:00-04:00,48.88990020751953,48.88999938964844,48.88140106201172,48.88140106201172,2344,0.0,0.0,0.0
2024-10-03 15:30:00-04:00,48.88999938964844,48.88999938964844,48.881500244140625,48.88890075683594,612,0.0,0.0,0.0
2024-10-03 15:35:00-04:00,48.88999938964844,48.88999938964844,48.880001068115234,48.88140106201172,10956,0.0,0.0,0.0
2024-10-03 15:40:00-04:00,48.884498596191406,48.88999938964844,48.884498596191406,48.88999938964844,3027,0.0,0.0,0.0
2024-10-03 15:45:00-04:00,48.88130187988281,48.88999938964844,48.880001068115234,48.88990020751953,5090,0.0,0.0,0.0
2024-10-03 15:50:00-04:00,48.88999938964844,48.88999938964844,48.880001068115234,48.88999938964844,11599,0.0,0.0,0.0
2024-10-03 15:55:00-04:00,48.88999938964844,48.88999938964844,48.880001068115234,48.880001068115234,6465,0.0,0.0,0.0
2024-10-04 09:30:00-04:00,48.869998931884766,48.880001068115234,48.869998931884766,48.880001068115234,26225,0.0,0.0,0.0
2024-10-04 09:35:00-04:00,48.875,48.875,48.869998931884766,48.869998931884766,6687,0.0,0.0,0.0
2024-10-04 09:40:00-04:00,48.875,48.875,48.8650016784668,48.86949920654297,9759,0.0,0.0,0.0
2024-10-04 09:45:00-04:00,48.8650016784668,48.869998931884766,48.8650016784668,48.869998931884766,2512,0.0,0.0,0.0
2024-10-04 09:50:00-04:00,48.869998931884766,48.87879943847656,48.8650016784668,48.87879943847656,3474,0.0,0.0,0.0
2024-10-04 09:55:00-04:00,48.880001068115234,48.880001068115234,48.869998931884766,48.869998931884766,700,0.0,0.0,0.0
2024-10-04 10:00:00-04:00,48.875,48.880001068115234,48.875,48.880001068115234,1326,0.0,0.0,0.0
2024-10-04 10:05:00-04:00,48.880001068115234,48.880001068115234,48.880001068115234,48.880001068115234,205,0.0,0.0,0.0
2024-10-04 10:10:00-04:00,48.875,48.880001068115234,48.875,48.875,1785,0.0,0.0,0.0
2024-10-04 10:15:00-04:00,48.875,48.880001068115234,48.875,48.875,515,0.0,0.0,0.0
2024-10-04 10:20:00-04:00,48.875,48.87900161743164,48.87110137939453,48.87110137939453,2960,0.0,0.0,0.0
2024-10-04 10:25:00-04:00,48.875,48.875,48.869998931884766,48.875,2203,0.0,0.0,0.0
2024-10-04 10:30:00-04:00,48.880001068115234,48.880001068115234,48.87099838256836,48.875,2850,0.0,0.0,0.0
2024-10-04 10:35:00-04:00,48.875,48.880001068115234,48.875,48.875,2668,0.0,0.0,0.0
2024-10-04 10:40:00-04:00,48.875,48.880001068115234,48.87099838256836,48.875,1254,0.0,0.0,0.0
2024-10-04 10:45:00-04:00,48.880001068115234,48.880001068115234,48.875,48.875,1490,0.0,0.0,0.0
2024-10-04 10:50:00-04:00,48.880001068115234,48.880001068115234,48.880001068115234,48.880001068115234,218,0.0,0.0,0.0
2024-10-04 10:55:00-04:00,48.875,48.875,48.875,48.875,326,0.0,0.0,0.0
2024-10-04 11:00:00-04:00,48.875,48.87879943847656,48.869998931884766,48.87879943847656,3041,0.0,0.0,0.0
2024-10-04 11:05:00-04:00,48.875,48.875,48.869998931884766,48.869998931884766,765,0.0,0.0,0.0
2024-10-04 11:10:00-04:00,48.87070083618164,48.880001068115234,48.869998931884766,48.875,12168,0.0,0.0,0.0
2024-10-04 11:15:00-04:00,48.875,48.880001068115234,48.869998931884766,48.880001068115234,4925,0.0,0.0,0.0
2024-10-04 11:20:00-04:00,48.875,48.875,48.8650016784668,48.8650016784668,4605,0.0,0.0,0.0
2024-10-04 11:25:00-04:00,48.8650016784668,48.869998931884766,48.86000061035156,48.8650016784668,10187,0.0,0.0,0.0
2024-10-04 11:30:00-04:00,48.869998931884766,48.869998931884766,48.8650016784668,48.8650016784668,5555,0.0,0.0,0.0
2024-10-04 11:35:00-04:00,48.869998931884766,48.869998931884766,48.869998931884766,48.869998931884766,201,0.0,0.0,0.0
2024-10-04 11:40:00-04:00,48.869998931884766,48.869998931884766,48.8650016784668,48.868900299072266,2828,0.0,0.0,0.0
2024-10-04 11:45:00-04:00,48.869998931884766,48.869998931884766,48.869998931884766,48.869998931884766,206,0.0,0.0,0.0
2024-10-04 11:50:00-04:00,48.869998931884766,48.869998931884766,48.869998931884766,48.869998931884766,249,0.0,0.0,0.0
2024-10-04 11:55:00-04:00,48.869998931884766,48.869998931884766,48.869998931884766,48.869998931884766,100,0.0,0.0,0.0
2024-10-04 12:00:00-04:00,48.8650016784668,48.869998931884766,48.8650016784668,48.869998931884766,360,0.0,0.0,0.0
2024-10-04 12:05:00-04:00,48.869998931884766,48.869998931884766,48.869998931884766,48.869998931884766,100,0.0,0.0,0.0
2024-10-04 12:10:00-04:00,48.8650016784668,48.869998931884766,48.86000061035156,48.869998931884766,510,0.0,0.0,0.0
2024-10-04 12:15:00-04:00,48.869998931884766,48.869998931884766,48.8650016784668,48.8650016784668,1944,0.0,0.0,0.0
2024-10-04 12:20:00-04:00,48.869998931884766,48.869998931884766,48.8650016784668,48.869998931884766,1778,0.0,0.0,0.0
2024-10-04 12:25:00-04:00,48.86009979248047,48.869998931884766,48.86000061035156,48.86000061035156,446,0.0,0.0,0.0
2024-10-04 12:30:00-04:00,48.869998931884766,48.869998931884766,48.8650016784668,48.8650016784668,227,0.0,0.0,0.0
2024-10-04 12:35:00-04:00,48.869998931884766,48.869998931884766,48.86000061035156,48.86000061035156,453,0.0,0.0,0.0
2024-10-04 12:40:00-04:00,48.86009979248047,48.869998931884766,48.86009979248047,48.869998931884766,5141,0.0,0.0,0.0
2024-10-04 12:45:00-04:00,48.869998931884766,48.869998931884766,48.869998931884766,48.869998931884766,271,0.0,0.0,0.0
2024-10-04 12:50:00-04:00,48.869998931884766,48.869998931884766,48.86980056762695,48.86989974975586,890,0.0,0.0,0.0
2024-10-04 12:55:00-04:00,48.869998931884766,48.869998931884766,48.86009979248047,48.864200592041016,6888,0.0,0.0,0.0
2024-10-04 13:00:00-04:00,48.869998931884766,48.869998931884766,48.869998931884766,48.869998931884766,5113,0.0,0.0,0.0
2024-10-04 13:05:00-04:00,48.86989974975586,48.869998931884766,48.86989974975586,48.869998931884766,478,0.0,0.0,0.0
2024-10-04 13:10:00-04:00,48.869998931884766,48.869998931884766,48.86109924316406,48.869998931884766,3478,0.0,0.0,0.0
2024-10-04 13:15:00-04:00,48.869998931884766,48.869998931884766,48.868900299072266,48.868900299072266,1488,0.0,0.0,0.0
2024-10-04 13:20:00-04:00,48.869998931884766,48.869998931884766,48.8650016784668,48.869998931884766,700,0.0,0.0,0.0
2024-10-04 13:25:00-04:00,48.869998931884766,48.869998931884766,48.86109924316406,48.869998931884766,3114,0.0,0.0,0.0
2024-10-04 13:30:00-04:00,48.869998931884766,48.869998931884766,48.869998931884766,48.869998931884766,1297,0.0,0.0,0.0
2024-10-04 13:35:00-04:00,48.8650016784668,48.869998931884766,48.86109924316406,48.86109924316406,344,0.0,0.0,0.0
2024-10-04 13:40:00-04:00,48.869998931884766,48.869998931884766,48.86000061035156,48.869998931884766,22117,0.0,0.0,0.0
2024-10-04 13:45:00-04:00,48.869998931884766,48.869998931884766,48.869998931884766,48.869998931884766,200,0.0,0.0,0.0
2024-10-04 13:50:00-04:00,48.869998931884766,48.869998931884766,48.8650016784668,48.869998931884766,916,0.0,0.0,0.0
2024-10-04 13:55:00-04:00,48.869998931884766,48.869998931884766,48.86000061035156,48.8650016784668,1399,0.0,0.0,0.0
2024-10-04 14:00:00-04:00,48.869998931884766,48.869998931884766,48.869998931884766,48.869998931884766,211,0.0,0.0,0.0
2024-10-04 14:05:00-04:00,48.869998931884766,48.869998931884766,48.869998931884766,48.869998931884766,372,0.0,0.0,0.0
2024-10-04 14:10:00-04:00,48.869998931884766,48.869998931884766,48.8650016784668,48.869998931884766,2273,0.0,0.0,0.0
2024-10-04 14:15:00-04:00,48.869998931884766,48.869998931884766,48.8650016784668,48.869998931884766,651,0.0,0.0,0.0
2024-10-04 14:20:00-04:00,48.869998931884766,48.869998931884766,48.8650016784668,48.8650016784668,3001,0.0,0.0,0.0
2024-10-04 14:25:00-04:00,48.869998931884766,48.869998931884766,48.8650016784668,48.8650016784668,401,0.0,0.0,0.0
2024-10-04 14:30:00-04:00,48.869998931884766,48.869998931884766,48.86989974975586,48.869998931884766,4079,0.0,0.0,0.0
2024-10-04 14:35:00-04:00,48.8650016784668,48.869998931884766,48.86009979248047,48.869998931884766,2894,0.0,0.0,0.0
2024-10-04 14:40:00-04:00,48.869998931884766,48.869998931884766,48.869998931884766,48.869998931884766,341,0.0,0.0,0.0
2024-10-04 14:45:00-04:00,48.869998931884766,48.869998931884766,48.86000061035156,48.86000061035156,335,0.0,0.0,0.0
2024-10-04 14:50:00-04:00,48.869998931884766,48.869998931884766,48.868499755859375,48.869998931884766,847,0.0,0.0,0.0
2024-10-04 14:55:00-04:00,48.869998931884766,48.869998931884766,48.86000061035156,48.8650016784668,7466,0.0,0.0,0.0
2024-10-04 15:00:00-04:00,48.869998931884766,48.869998931884766,48.8650016784668,48.8650016784668,8823,0.0,0.0,0.0
2024-10-04 15:05:00-04:00,48.869998931884766,48.869998931884766,48.86000061035156,48.8650016784668,2721,0.0,0.0,0.0
2024-10-04 15:10:00-04:00,48.8650016784668,48.869998931884766,48.86000061035156,48.869998931884766,1661,0.0,0.0,0.0
2024-10-04 15:15:00-04:00,48.8650016784668,48.869998931884766,48.85900115966797,48.85900115966797,18599,0.0,0.0,0.0
2024-10-04 15:20:00-04:00,48.8567008972168,48.86000061035156,48.85499954223633,48.85499954223633,1746,0.0,0.0,0.0
2024-10-04 15:25:00-04:00,48.86000061035156,48.86000061035156,48.85499954223633,48.86000061035156,3596,0.0,0.0,0.0
2024-10-04 15:30:00-04:00,48.851200103759766,48.86000061035156,48.851200103759766,48.86000061035156,3308,0.0,0.0,0.0
2024-10-04 15:35:00-04:00,48.86000061035156,48.86000061035156,48.85524368286133,48.86000061035156,716,0.0,0.0,0.0
2024-10-04 15:40:00-04:00,48.85499954223633,48.86000061035156,48.85499954223633,48.86000061035156,673,0.0,0.0,0.0
2024-10-04 15:45:00-04:00,48.86000061035156,48.86000061035156,48.85129928588867,48.86000061035156,1257,0.0,0.0,0.0
2024-10-04 15:50:00-04:00,48.8577995300293,48.86000061035156,48.849998474121094,48.85459899902344,22031,0.0,0.0,0.0
2024-10-04 15:55:00-04:00,48.86000061035156,48.86000061035156,48.849998474121094,48.86000061035156,26679,0.0,0.0,0.0
2024-10-07 09:30:00-04:00,48.86000061035156,48.86000061035156,48.81999969482422,48.849998474121094,88497,0.0,0.0,0.0
2024-10-07 09:40:00-04:00,48.849998474121094,48.849998474121094,48.84000015258789,48.849998474121094,20029,0.0,0.0,0.0
2024-10-07 09:45:00-04:00,48.85810089111328,48.869998931884766,48.85810089111328,48.869998931884766,0,0.0,0.0,0.0
2024-10-07 09:50:00-04:00,48.869998931884766,48.87030029296875,48.869998931884766,48.869998931884766,121232,0.0,0.0,0.0
2024-10-07 10:00:00-04:00,48.85499954223633,48.86899948120117,48.85499954223633,48.86000061035156,964,0.0,0.0,0.0
2024-10-07 10:05:00-04:00,48.86050033569336,48.869998931884766,48.86050033569336,48.86109924316406,1118,0.0,0.0,0.0
2024-10-07 10:10:00-04:00,48.86109924316406,48.86109924316406,48.86109924316406,48.86109924316406,345,0.0,0.0,0.0
2024-10-07 10:15:00-04:00,48.86389923095703,48.8650016784668,48.86389923095703,48.8650016784668,2277,0.0,0.0,0.0
2024-10-07 10:20:00-04:00,48.8650016784668,48.868499755859375,48.8650016784668,48.8650016784668,3869,0.0,0.0,0.0
2024-10-07 10:25:00-04:00,48.86000061035156,48.86000061035156,48.86000061035156,48.86000061035156,4986,0.0,0.0,0.0
2024-10-07 10:30:00-04:00,48.86000061035156,48.86000061035156,48.849998474121094,48.859901428222656,907,0.0,0.0,0.0
2024-10-07 10:35:00-04:00,48.85499954223633,48.85499954223633,48.845001220703125,48.845001220703125,632,0.0,0.0,0.0
2024-10-07 10:40:00-04:00,48.849998474121094,48.85499954223633,48.84989929199219,48.85499954223633,902,0.0,0.0,0.0
2024-10-07 10:45:00-04:00,48.849998474121094,48.859901428222656,48.849998474121094,48.849998474121094,825,0.0,0.0,0.0
2024-10-07 10:50:00-04:00,48.85960006713867,48.85960006713867,48.85960006713867,48.85960006713867,330,0.0,0.0,0.0
2024-10-07 10:55:00-04:00,48.8568000793457,48.8568000793457,48.85499954223633,48.85499954223633,762,0.0,0.0,0.0
2024-10-07 11:00:00-04:00,48.85499954223633,48.86000061035156,48.851898193359375,48.851898193359375,677,0.0,0.0,0.0
2024-10-07 11:05:00-04:00,48.851898193359375,48.85499954223633,48.851898193359375,48.851898193359375,867,0.0,0.0,0.0
2024-10-07 11:10:00-04:00,48.85499954223633,48.85499954223633,48.85499954223633,48.85499954223633,751,0.0,0.0,0.0
2024-10-07 11:25:00-04:00,48.859901428222656,48.859901428222656,48.85499954223633,48.85499954223633,799,0.0,0.0,0.0
2024-10-07 11:30:00-04:00,48.86000061035156,48.86000061035156,48.86000061035156,48.86000061035156,766,0.0,0.0,0.0
2024-10-07 11:35:00-04:00,48.860198974609375,48.860198974609375,48.860198974609375,48.860198974609375,321,0.0,0.0,0.0
2024-10-07 11:40:00-04:00,48.8650016784668,48.86989974975586,48.86000061035156,48.86000061035156,1551,0.0,0.0,0.0
2024-10-07 11:50:00-04:00,48.8650016784668,48.86989974975586,48.86410140991211,48.86989974975586,2078,0.0,0.0,0.0
2024-10-07 11:55:00-04:00,48.86000061035156,48.868499755859375,48.86000061035156,48.868499755859375,962,0.0,0.0,0.0
2024-10-07 12:05:00-04:00,48.86750030517578,48.86750030517578,48.86750030517578,48.86750030517578,299,0.0,0.0,0.0
2024-10-07 12:10:00-04:00,48.8650016784668,48.8650016784668,48.8650016784668,48.8650016784668,1200,0.0,0.0,0.0
2024-10-07 12:15:00-04:00,48.869300842285156,48.869300842285156,48.86349868774414,48.86349868774414,1491,0.0,0.0,0.0
2024-10-07 12:35:00-04:00,48.8650016784668,48.8650016784668,48.8650016784668,48.8650016784668,6495,0.0,0.0,0.0
2024-10-07 12:40:00-04:00,48.86989974975586,48.86989974975586,48.86989974975586,48.86989974975586,217,0.0,0.0,0.0
2024-10-07 12:50:00-04:00,48.86989974975586,48.86989974975586,48.86989974975586,48.86989974975586,194,0.0,0.0,0.0
2024-10-07 12:55:00-04:00,48.86989974975586,48.86989974975586,48.86819839477539,48.86819839477539,550,0.0,0.0,0.0
2024-10-07 13:00:00-04:00,48.8650016784668,48.86819839477539,48.86009979248047,48.86009979248047,1724,0.0,0.0,0.0
2024-10-07 13:05:00-04:00,48.8650016784668,48.8650016784668,48.8650016784668,48.8650016784668,136,0.0,0.0,0.0
2024-10-07 13:10:00-04:00,48.8650016784668,48.8650016784668,48.8650016784668,48.8650016784668,228,0.0,0.0,0.0
2024-10-07 13:20:00-04:00,48.8650016784668,48.8650016784668,48.86069869995117,48.86069869995117,2212,0.0,0.0,0.0
2024-10-07 13:25:00-04:00,48.8650016784668,48.86840057373047,48.8650016784668,48.8650016784668,879,0.0,0.0,0.0
2024-10-07 13:30:00-04:00,48.8650016784668,48.86989974975586,48.8650016784668,48.8650016784668,744,0.0,0.0,0.0
2024-10-07 13:35:00-04:00,48.86989974975586,48.869998931884766,48.86000061035156,48.8650016784668,10831,0.0,0.0,0.0
2024-10-07 13:40:00-04:00,48.86989974975586,48.86989974975586,48.86349868774414,48.8650016784668,4232,0.0,0.0,0.0
2024-10-07 13:45:00-04:00,48.8650016784668,48.8650016784668,48.8650016784668,48.8650016784668,704,0.0,0.0,0.0
2024-10-07 13:50:00-04:00,48.8650016784668,48.8650016784668,48.8650016784668,48.8650016784668,391,0.0,0.0,0.0
2024-10-07 13:55:00-04:00,48.86989974975586,48.86989974975586,48.8650016784668,48.8650016784668,653,0.0,0.0,0.0
2024-10-07 14:00:00-04:00,48.8650016784668,48.86989974975586,48.8650016784668,48.86989974975586,1092,0.0,0.0,0.0
2024-10-07 14:05:00-04:00,48.8650016784668,48.86759948730469,48.8650016784668,48.8650016784668,2444,0.0,0.0,0.0
2024-10-07 14:10:00-04:00,48.8650016784668,48.8650016784668,48.8650016784668,48.8650016784668,216,0.0,0.0,0.0
2024-10-07 14:15:00-04:00,48.86819839477539,48.86840057373047,48.86000061035156,48.8650016784668,681,0.0,0.0,0.0
2024-10-07 14:20:00-04:00,48.86880111694336,48.86880111694336,48.86000061035156,48.86000061035156,1687,0.0,0.0,0.0
2024-10-07 14:25:00-04:00,48.8650016784668,48.8661994934082,48.8650016784668,48.8650016784668,1008,0.0,0.0,0.0
2024-10-07 14:30:00-04:00,48.8650016784668,48.8650016784668,48.8650016784668,48.8650016784668,206,0.0,0.0,0.0
2024-10-07 14:35:00-04:00,48.86009979248047,48.86009979248047,48.86009979248047,48.86009979248047,397,0.0,0.0,0.0
2024-10-07 14:45:00-04:00,48.8650016784668,48.86819839477539,48.86000061035156,48.86069869995117,1311,0.0,0.0,0.0
2024-10-07 14:50:00-04:00,48.86000061035156,48.86000061035156,48.86000061035156,48.86000061035156,101,0.0,0.0,0.0
2024-10-07 14:55:00-04:00,48.86000061035156,48.86989974975586,48.86000061035156,48.86000061035156,503,0.0,0.0,0.0
2024-10-07 15:00:00-04:00,48.86000061035156,48.86000061035156,48.86000061035156,48.86000061035156,426,0.0,0.0,0.0
2024-10-07 15:05:00-04:00,48.85499954223633,48.85499954223633,48.85499954223633,48.85499954223633,112,0.0,0.0,0.0
2024-10-07 15:10:00-04:00,48.85110092163086,48.85499954223633,48.85110092163086,48.85499954223633,515,0.0,0.0,0.0
2024-10-07 15:15:00-04:00,48.85499954223633,48.86000061035156,48.85499954223633,48.85960006713867,4265,0.0,0.0,0.0
2024-10-07 15:20:00-04:00,48.856998443603516,48.856998443603516,48.85499954223633,48.85499954223633,405,0.0,0.0,0.0
2024-10-07 15:25:00-04:00,48.86000061035156,48.86000061035156,48.86000061035156,48.86000061035156,171,0.0,0.0,0.0
2024-10-07 15:30:00-04:00,48.85499954223633,48.85499954223633,48.85499954223633,48.85499954223633,961,0.0,0.0,0.0
2024-10-07 15:35:00-04:00,48.856300354003906,48.856300354003906,48.85200119018555,48.85200119018555,639,0.0,0.0,0.0
2024-10-07 15:40:00-04:00,48.85850143432617,48.85850143432617,48.85850143432617,48.85850143432617,101,0.0,0.0,0.0
2024-10-07 15:45:00-04:00,48.85409927368164,48.86000061035156,48.85409927368164,48.86000061035156,2689,0.0,0.0,0.0
2024-10-07 15:50:00-04:00,48.86410140991211,48.86410140991211,48.86410140991211,48.86410140991211,211,0.0,0.0,0.0
2024-10-07 15:55:00-04:00,48.869998931884766,48.869998931884766,48.869998931884766,48.869998931884766,0,0.0,0.0,0.0
2024-10-08 09:30:00-04:00,48.849998474121094,48.85499954223633,48.84000015258789,48.85499954223633,22778,0.0,0.0,0.0
2024-10-08 09:35:00-04:00,48.85499954223633,48.8588981628418,48.849998474121094,48.85499954223633,5439,0.0,0.0,0.0
2024-10-08 09:40:00-04:00,48.85499954223633,48.85499954223633,48.85499954223633,48.85499954223633,356,0.0,0.0,0.0
2024-10-08 09:45:00-04:00,48.85499954223633,48.85499954223633,48.85499954223633,48.85499954223633,795,0.0,0.0,0.0
2024-10-08 09:55:00-04:00,48.85499954223633,48.859100341796875,48.85499954223633,48.85499954223633,2629,0.0,0.0,0.0
2024-10-08 10:00:00-04:00,48.859798431396484,48.859798431396484,48.849998474121094,48.85499954223633,5162,0.0,0.0,0.0
2024-10-08 10:05:00-04:00,48.85499954223633,48.859901428222656,48.85499954223633,48.859901428222656,2408,0.0,0.0,0.0
2024-10-08 10:10:00-04:00,48.85900115966797,48.85900115966797,48.85499954223633,48.85499954223633,1178,0.0,0.0,0.0
2024-10-08 10:20:00-04:00,48.86000061035156,48.86000061035156,48.856300354003906,48.856300354003906,940,0.0,0.0,0.0
2024-10-08 10:25:00-04:00,48.86000061035156,48.86000061035156,48.85129928588867,48.85129928588867,5946,0.0,0.0,0.0
2024-10-08 10:30:00-04:00,48.86000061035156,48.86000061035156,48.85499954223633,48.85499954223633,705,0.0,0.0,0.0
2024-10-08 10:35:00-04:00,48.85499954223633,48.86000061035156,48.849998474121094,48.86000061035156,13181,0.0,0.0,0.0
2024-10-08 10:40:00-04:00,48.85499954223633,48.8650016784668,48.85499954223633,48.8650016784668,6967,0.0,0.0,0.0
2024-10-08 10:45:00-04:00,48.8650016784668,48.8650016784668,48.8650016784668,48.8650016784668,1316,0.0,0.0,0.0
2024-10-08 10:50:00-04:00,48.8650016784668,48.8661994934082,48.8650016784668,48.8661994934082,791,0.0,0.0,0.0
2024-10-08 10:55:00-04:00,48.8650016784668,48.8650016784668,48.8650016784668,48.8650016784668,236,0.0,0.0,0.0
2024-10-08 11:00:00-04:00,48.8650016784668,48.8650016784668,48.86009979248047,48.86009979248047,1844,0.0,0.0,0.0
2024-10-08 11:05:00-04:00,48.862701416015625,48.868900299072266,48.86109924316406,48.8650016784668,5893,0.0,0.0,0.0
2024-10-08 11:10:00-04:00,48.869998931884766,48.869998931884766,48.86140060424805,48.86140060424805,29471,0.0,0.0,0.0
2024-10-08 11:15:00-04:00,48.8650016784668,48.86989974975586,48.8650016784668,48.86989974975586,6417,0.0,0.0,0.0
2024-10-08 11:20:00-04:00,48.8650016784668,48.8650016784668,48.8650016784668,48.8650016784668,486,0.0,0.0,0.0
2024-10-08 11:25:00-04:00,48.86790084838867,48.86790084838867,48.8650016784668,48.8650016784668,781,0.0,0.0,0.0
2024-10-08 11:30:00-04:00,48.8650016784668,48.869998931884766,48.86220169067383,48.869998931884766,930,0.0,0.0,0.0
2024-10-08 11:35:00-04:00,48.86869812011719,48.86869812011719,48.86869812011719,48.86869812011719,587,0.0,0.0,0.0
2024-10-08 11:45:00-04:00,48.86199951171875,48.86199951171875,48.86199951171875,48.86199951171875,288,0.0,0.0,0.0
2024-10-08 11:55:00-04:00,48.8650016784668,48.869998931884766,48.8650016784668,48.8650016784668,12100,0.0,0.0,0.0
2024-10-08 12:00:00-04:00,48.86989974975586,48.869998931884766,48.8650016784668,48.86899948120117,4469,0.0,0.0,0.0
2024-10-08 12:05:00-04:00,48.86970138549805,48.86970138549805,48.86970138549805,48.86970138549805,147,0.0,0.0,0.0
2024-10-08 12:10:00-04:00,48.8650016784668,48.869998931884766,48.86130142211914,48.8650016784668,2820,0.0,0.0,0.0
2024-10-08 12:20:00-04:00,48.8650016784668,48.8650016784668,48.8650016784668,48.8650016784668,409,0.0,0.0,0.0
2024-10-08 12:25:00-04:00,48.869998931884766,48.869998931884766,48.86389923095703,48.86389923095703,458,0.0,0.0,0.0
2024-10-08 12:30:00-04:00,48.86320114135742,48.869998931884766,48.86130142211914,48.869998931884766,884,0.0,0.0,0.0
2024-10-08 12:35:00-04:00,48.869998931884766,48.869998931884766,48.869998931884766,48.869998931884766,104,0.0,0.0,0.0
2024-10-08 12:40:00-04:00,48.8650016784668,48.869998931884766,48.8650016784668,48.869998931884766,1429,0.0,0.0,0.0
2024-10-08 12:45:00-04:00,48.86899948120117,48.869998931884766,48.86899948120117,48.869998931884766,910,0.0,0.0,0.0
2024-10-08 12:50:00-04:00,48.86199951171875,48.8650016784668,48.86199951171875,48.8650016784668,254,0.0,0.0,0.0
2024-10-08 12:55:00-04:00,48.869998931884766,48.869998931884766,48.8650016784668,48.8650016784668,6277,0.0,0.0,0.0
2024-10-08 13:00:00-04:00,48.86000061035156,48.869998931884766,48.86000061035156,48.86000061035156,9858,0.0,0.0,0.0
2024-10-08 13:05:00-04:00,48.8661994934082,48.8661994934082,48.8661994934082,48.8661994934082,293,0.0,0.0,0.0
2024-10-08 13:10:00-04:00,48.8650016784668,48.869998931884766,48.86000061035156,48.8650016784668,16710,0.0,0.0,0.0
2024-10-08 13:15:00-04:00,48.86000061035156,48.86009979248047,48.86000061035156,48.86009979248047,275,0.0,0.0,0.0
2024-10-08 13:20:00-04:00,48.86970138549805,48.86970138549805,48.86970138549805,48.86970138549805,311,0.0,0.0,0.0
2024-10-08 13:25:00-04:00,48.8650016784668,48.8650016784668,48.8650016784668,48.8650016784668,514,0.0,0.0,0.0
2024-10-08 13:30:00-04:00,48.86880111694336,48.86880111694336,48.8650016784668,48.8650016784668,236,0.0,0.0,0.0
2024-10-08 13:35:00-04:00,48.86009979248047,48.86980056762695,48.86000061035156,48.86980056762695,14404,0.0,0.0,0.0
2024-10-08 13:40:00-04:00,48.8650016784668,48.86989974975586,48.86009979248047,48.86989974975586,22913,0.0,0.0,0.0
2024-10-08 13:45:00-04:00,48.868900299072266,48.875,48.8650016784668,48.875,18107,0.0,0.0,0.0
2024-10-08 13:50:00-04:00,48.880001068115234,48.880001068115234,48.875,48.875,39574,0.0,0.0,0.0
2024-10-08 13:55:00-04:00,48.87009811401367,48.875,48.87009811401367,48.87030029296875,1188,0.0,0.0,0.0
2024-10-08 14:00:00-04:00,48.880001068115234,48.880001068115234,48.875,48.875,6205,0.0,0.0,0.0
2024-10-08 14:05:00-04:00,48.880001068115234,48.880001068115234,48.880001068115234,48.880001068115234,207,0.0,0.0,0.0
2024-10-08 14:10:00-04:00,48.875,48.880001068115234,48.875,48.880001068115234,3066,0.0,0.0,0.0
2024-10-08 14:15:00-04:00,48.880001068115234,48.880001068115234,48.875,48.875,11857,0.0,0.0,0.0
2024-10-08 14:20:00-04:00,48.880001068115234,48.880001068115234,48.875,48.87889862060547,4202,0.0,0.0,0.0
2024-10-08 14:30:00-04:00,48.880001068115234,48.880001068115234,48.87089920043945,48.87089920043945,26405,0.0,0.0,0.0
2024-10-08 14:35:00-04:00,48.880001068115234,48.880001068115234,48.875,48.87910079956055,2165,0.0,0.0,0.0
2024-10-08 14:40:00-04:00,48.875,48.880001068115234,48.875,48.87990188598633,17068,0.0,0.0,0.0
2024-10-08 14:45:00-04:00,48.87900161743164,48.87900161743164,48.875,48.875,973,0.0,0.0,0.0
2024-10-08 14:50:00-04:00,48.875,48.880001068115234,48.873104095458984,48.880001068115234,2014,0.0,0.0,0.0
2024-10-08 14:55:00-04:00,48.869998931884766,48.875,48.869998931884766,48.875,789,0.0,0.0,0.0
2024-10-08 15:00:00-04:00,48.880001068115234,48.880001068115234,48.87179946899414,48.87220001220703,869,0.0,0.0,0.0
2024-10-08 15:10:00-04:00,48.872100830078125,48.87990188598633,48.872100830078125,48.87990188598633,547,0.0,0.0,0.0
2024-10-08 15:25:00-04:00,48.87900161743164,48.87900161743164,48.87900161743164,48.87900161743164,434,0.0,0.0,0.0
2024-10-08 15:30:00-04:00,48.875,48.880001068115234,48.872501373291016,48.87889862060547,6060,0.0,0.0,0.0
2024-10-08 15:35:00-04:00,48.87139892578125,48.878501892089844,48.87139892578125,48.875,9466,0.0,0.0,0.0
2024-10-08 15:40:00-04:00,48.87990188598633,48.87990188598633,48.875,48.875,263,0.0,0.0,0.0
2024-10-08 15:45:00-04:00,48.87919998168945,48.87919998168945,48.875,48.875,1037,0.0,0.0,0.0
2024-10-08 15:50:00-04:00,48.87900161743164,48.880001068115234,48.875,48.880001068115234,3527,0.0,0.0,0.0
2024-10-08 15:55:00-04:00,48.875,48.880001068115234,48.875,48.880001068115234,1790,0.0,0.0,0.0
2024-10-09 09:30:00-04:00,48.86000061035156,48.86000061035156,48.86000061035156,48.86000061035156,940,0.0,0.0,0.0
2024-10-09 09:35:00-04:00,48.8650016784668,48.880001068115234,48.8650016784668,48.8650016784668,23341,0.0,0.0,0.0
2024-10-09 09:40:00-04:00,48.86790084838867,48.86790084838867,48.867698669433594,48.867698669433594,554,0.0,0.0,0.0
2024-10-09 09:45:00-04:00,48.8650016784668,48.8650016784668,48.86000061035156,48.86000061035156,570,0.0,0.0,0.0
2024-10-09 09:50:00-04:00,48.8650016784668,48.8650016784668,48.8650016784668,48.8650016784668,237,0.0,0.0,0.0
2024-10-09 09:55:00-04:00,48.869300842285156,48.869300842285156,48.86000061035156,48.86000061035156,834,0.0,0.0,0.0
2024-10-09 10:00:00-04:00,48.85499954223633,48.85960006713867,48.85499954223633,48.85960006713867,1376,0.0,0.0,0.0
2024-10-09 10:05:00-04:00,48.85110092163086,48.85110092163086,48.85110092163086,48.85110092163086,149,0.0,0.0,0.0
2024-10-09 10:10:00-04:00,48.851600646972656,48.86000061035156,48.851600646972656,48.86000061035156,1180,0.0,0.0,0.0
2024-10-09 10:15:00-04:00,48.85499954223633,48.859500885009766,48.85499954223633,48.859500885009766,591,0.0,0.0,0.0
2024-10-09 10:30:00-04:00,48.85499954223633,48.86000061035156,48.85499954223633,48.86000061035156,566,0.0,0.0,0.0
2024-10-09 10:35:00-04:00,48.859500885009766,48.859500885009766,48.859500885009766,48.859500885009766,438,0.0,0.0,0.0
2024-10-09 10:45:00-04:00,48.85499954223633,48.869998931884766,48.85499954223633,48.869998931884766,5709,0.0,0.0,0.0
2024-10-09 10:50:00-04:00,48.869998931884766,48.869998931884766,48.8650016784668,48.8650016784668,483,0.0,0.0,0.0
2024-10-09 10:55:00-04:00,48.8650016784668,48.869998931884766,48.86040115356445,48.8650016784668,7293,0.0,0.0,0.0
2024-10-09 11:00:00-04:00,48.86989974975586,48.869998931884766,48.86119842529297,48.8650016784668,849,0.0,0.0,0.0
2024-10-09 11:05:00-04:00,48.86920166015625,48.86920166015625,48.86920166015625,48.86920166015625,575,0.0,0.0,0.0
2024-10-09 11:10:00-04:00,48.86130142211914,48.86130142211914,48.86130142211914,48.86130142211914,214,0.0,0.0,0.0
2024-10-09 11:20:00-04:00,48.869998931884766,48.869998931884766,48.8650016784668,48.8650016784668,330,0.0,0.0,0.0
2024-10-09 11:30:00-04:00,48.8650016784668,48.8650016784668,48.8650016784668,48.8650016784668,203,0.0,0.0,0.0
2024-10-09 11:35:00-04:00,48.8650016784668,48.869998931884766,48.8650016784668,48.8650016784668,1987,0.0,0.0,0.0
2024-10-09 11:45:00-04:00,48.8650016784668,48.8650016784668,48.8650016784668,48.8650016784668,300,0.0,0.0,0.0
2024-10-09 11:50:00-04:00,48.86130142211914,48.86130142211914,48.86130142211914,48.86130142211914,111,0.0,0.0,0.0
2024-10-09 11:55:00-04:00,48.86750030517578,48.86980056762695,48.8650016784668,48.8650016784668,980,0.0,0.0,0.0
2024-10-09 12:10:00-04:00,48.869998931884766,48.869998931884766,48.86399841308594,48.869998931884766,21014,0.0,0.0,0.0
2024-10-09 12:15:00-04:00,48.8650016784668,48.8650016784668,48.8650016784668,48.8650016784668,2227,0.0,0.0,0.0
2024-10-09 12:20:00-04:00,48.8650016784668,48.867401123046875,48.8650016784668,48.8650016784668,4852,0.0,0.0,0.0
2024-10-09 12:25:00-04:00,48.86750030517578,48.869998931884766,48.86109924316406,48.8650016784668,3206,0.0,0.0,0.0
2024-10-09 12:30:00-04:00,48.8650016784668,48.869998931884766,48.86009979248047,48.869998931884766,6109,0.0,0.0,0.0
2024-10-09 12:35:00-04:00,48.8650016784668,48.869998931884766,48.8650016784668,48.8650016784668,534,0.0,0.0,0.0
2024-10-09 12:40:00-04:00,48.86109924316406,48.8650016784668,48.86109924316406,48.8650016784668,2033,0.0,0.0,0.0
2024-10-09 12:45:00-04:00,48.8650016784668,48.869998931884766,48.8650016784668,48.8650016784668,3588,0.0,0.0,0.0
2024-10-09 12:50:00-04:00,48.8650016784668,48.869998931884766,48.8650016784668,48.869998931884766,830,0.0,0.0,0.0
2024-10-09 12:55:00-04:00,48.86920166015625,48.86989974975586,48.8650016784668,48.8650016784668,1499,0.0,0.0,0.0
2024-10-09 13:00:00-04:00,48.869998931884766,48.869998931884766,48.8650016784668,48.8650016784668,1150,0.0,0.0,0.0
2024-10-09 13:05:00-04:00,48.8650016784668,48.869998931884766,48.8650016784668,48.86970138549805,1050,0.0,0.0,0.0
2024-10-09 13:10:00-04:00,48.8650016784668,48.869998931884766,48.8650016784668,48.8650016784668,5889,0.0,0.0,0.0
2024-10-09 13:15:00-04:00,48.869998931884766,48.869998931884766,48.869998931884766,48.869998931884766,220,0.0,0.0,0.0
2024-10-09 13:20:00-04:00,48.86320114135742,48.869998931884766,48.86320114135742,48.869998931884766,2213,0.0,0.0,0.0
2024-10-09 13:25:00-04:00,48.8650016784668,48.869998931884766,48.8650016784668,48.8650016784668,2870,0.0,0.0,0.0
2024-10-09 13:30:00-04:00,48.86920166015625,48.869998931884766,48.8650016784668,48.869998931884766,1003,0.0,0.0,0.0
2024-10-09 13:35:00-04:00,48.8650016784668,48.869998931884766,48.8650016784668,48.8650016784668,977,0.0,0.0,0.0
2024-10-09 13:40:00-04:00,48.869998931884766,48.869998931884766,48.8650016784668,48.8650016784668,2628,0.0,0.0,0.0
2024-10-09 13:45:00-04:00,48.86920166015625,48.869998931884766,48.8650016784668,48.869998931884766,1703,0.0,0.0,0.0
2024-10-09 13:50:00-04:00,48.8650016784668,48.869998931884766,48.8650016784668,48.869998931884766,430,0.0,0.0,0.0
2024-10-09 13:55:00-04:00,48.869998931884766,48.869998931884766,48.8650016784668,48.8650016784668,999,0.0,0.0,0.0
2024-10-09 14:00:00-04:00,48.8650016784668,48.869998931884766,48.8650016784668,48.869998931884766,902,0.0,0.0,0.0
2024-10-09 14:05:00-04:00,48.869998931884766,48.869998931884766,48.8650016784668,48.869998931884766,400,0.0,0.0,0.0
2024-10-09 14:10:00-04:00,48.8650016784668,48.8650016784668,48.86069869995117,48.8650016784668,5762,0.0,0.0,0.0
2024-10-09 14:15:00-04:00,48.87049865722656,48.87990188598633,48.87049865722656,48.875,2912,0.0,0.0,0.0
2024-10-09 14:20:00-04:00,48.875,48.87810134887695,48.869998931884766,48.875,2200,0.0,0.0,0.0
2024-10-09 14:25:00-04:00,48.875,48.880001068115234,48.869998931884766,48.880001068115234,910,0.0,0.0,0.0
2024-10-09 14:30:00-04:00,48.875,48.87990188598633,48.86000061035156,48.86009979248047,43484,0.0,0.0,0.0
2024-10-09 14:35:00-04:00,48.86000061035156,48.869998931884766,48.86000061035156,48.8650016784668,2229,0.0,0.0,0.0
2024-10-09 14:40:00-04:00,48.8650016784668,48.869998931884766,48.8650016784668,48.8650016784668,695,0.0,0.0,0.0
2024-10-09 14:45:00-04:00,48.86750030517578,48.869998931884766,48.8650016784668,48.8650016784668,2632,0.0,0.0,0.0
2024-10-09 14:50:00-04:00,48.869998931884766,48.869998931884766,48.8650016784668,48.8650016784668,5080,0.0,0.0,0.0
2024-10-09 14:55:00-04:00,48.8650016784668,48.869998931884766,48.86069869995117,48.869998931884766,485,0.0,0.0,0.0
2024-10-09 15:00:00-04:00,48.869998931884766,48.869998931884766,48.8650016784668,48.869998931884766,1859,0.0,0.0,0.0
2024-10-09 15:05:00-04:00,48.869998931884766,48.875,48.869998931884766,48.875,736,0.0,0.0,0.0
2024-10-09 15:10:00-04:00,48.878501892089844,48.87919998168945,48.87030029296875,48.87030029296875,1905,0.0,0.0,0.0
2024-10-09 15:15:00-04:00,48.875,48.875,48.869998931884766,48.869998931884766,334,0.0,0.0,0.0
2024-10-09 15:20:00-04:00,48.875,48.87889862060547,48.869998931884766,48.869998931884766,5019,0.0,0.0,0.0
2024-10-09 15:25:00-04:00,48.880001068115234,48.880001068115234,48.869998931884766,48.875,7206,0.0,0.0,0.0
2024-10-09 15:30:00-04:00,48.87080001831055,48.878501892089844,48.869998931884766,48.869998931884766,14525,0.0,0.0,0.0
2024-10-09 15:35:00-04:00,48.87009811401367,48.87009811401367,48.87009811401367,48.87009811401367,266,0.0,0.0,0.0
2024-10-09 15:40:00-04:00,48.869998931884766,48.869998931884766,48.869998931884766,48.869998931884766,120,0.0,0.0,0.0
2024-10-09 15:45:00-04:00,48.87009811401367,48.87990188598633,48.869998931884766,48.869998931884766,1365,0.0,0.0,0.0
2024-10-09 15:50:00-04:00,48.869998931884766,48.869998931884766,48.86109924316406,48.869998931884766,1328,0.0,0.0,0.0
2024-10-09 15:55:00-04:00,48.869998931884766,48.869998931884766,48.86000061035156,48.869998931884766,1278,0.0,0.0,0.0
2024-10-10 09:30:00-04:00,48.86000061035156,48.880001068115234,48.86000061035156,48.86470031738281,7873,0.0,0.0,0.0
2024-10-10 09:40:00-04:00,48.88999938964844,48.88999938964844,48.88999938964844,48.88999938964844,1085,0.0,0.0,0.0
2024-10-10 09:45:00-04:00,48.88999938964844,48.88999938964844,48.88999938964844,48.88999938964844,3261,0.0,0.0,0.0
2024-10-10 09:50:00-04:00,48.88999938964844,48.88999938964844,48.88999938964844,48.88999938964844,1063,0.0,0.0,0.0
2024-10-10 09:55:00-04:00,48.88959884643555,48.88999938964844,48.88959884643555,48.88999938964844,1105,0.0,0.0,0.0
2024-10-10 10:00:00-04:00,48.88999938964844,48.88999938964844,48.88999938964844,48.88999938964844,266,0.0,0.0,0.0
2024-10-10 10:10:00-04:00,48.88990020751953,48.88999938964844,48.88990020751953,48.88999938964844,484,0.0,0.0,0.0
2024-10-10 10:15:00-04:00,48.88949966430664,48.88999938964844,48.88090133666992,48.88090133666992,5537,0.0,0.0,0.0
2024-10-10 10:20:00-04:00,48.8849983215332,48.88990020751953,48.8849983215332,48.88990020751953,993,0.0,0.0,0.0
2024-10-10 10:25:00-04:00,48.889400482177734,48.889400482177734,48.889400482177734,48.889400482177734,511,0.0,0.0,0.0
2024-10-10 10:35:00-04:00,48.88990020751953,48.88999938964844,48.880001068115234,48.88999938964844,1811,0.0,0.0,0.0
2024-10-10 10:40:00-04:00,48.8849983215332,48.88999938964844,48.8849983215332,48.88999938964844,2470,0.0,0.0,0.0
2024-10-10 10:45:00-04:00,48.88990020751953,48.88990020751953,48.88990020751953,48.88990020751953,167,0.0,0.0,0.0
2024-10-10 10:50:00-04:00,48.88650131225586,48.88650131225586,48.88650131225586,48.88650131225586,746,0.0,0.0,0.0
2024-10-10 10:55:00-04:00,48.88909912109375,48.88909912109375,48.88909912109375,48.88909912109375,115,0.0,0.0,0.0
2024-10-10 11:00:00-04:00,48.88100051879883,48.888999938964844,48.88100051879883,48.888999938964844,718,0.0,0.0,0.0
2024-10-10 11:15:00-04:00,48.88100051879883,48.88100051879883,48.88100051879883,48.88100051879883,300,0.0,0.0,0.0
2024-10-10 11:20:00-04:00,48.88100051879883,48.88999938964844,48.88100051879883,48.8849983215332,4568,0.0,0.0,0.0
2024-10-10 11:25:00-04:00,48.8849983215332,48.88999938964844,48.88100051879883,48.88999938964844,2520,0.0,0.0,0.0
2024-10-10 11:30:00-04:00,48.8849983215332,48.88999938964844,48.884742736816406,48.88656234741211,2455,0.0,0.0,0.0
2024-10-10 11:35:00-04:00,48.88999938964844,48.88999938964844,48.88750076293945,48.88999938964844,2240,0.0,0.0,0.0
2024-10-10 11:40:00-04:00,48.88999938964844,48.88999938964844,48.88100051879883,48.88100051879883,891,0.0,0.0,0.0
2024-10-10 11:45:00-04:00,48.8849983215332,48.88990020751953,48.8849983215332,48.88990020751953,812,0.0,0.0,0.0
2024-10-10 11:50:00-04:00,48.8849983215332,48.88999938964844,48.8849983215332,48.8849983215332,2391,0.0,0.0,0.0
2024-10-10 11:55:00-04:00,48.88999938964844,48.88999938964844,48.88999938964844,48.88999938964844,903,0.0,0.0,0.0
2024-10-10 12:00:00-04:00,48.88999938964844,48.88999938964844,48.88999938964844,48.88999938964844,1416,0.0,0.0,0.0
2024-10-10 12:05:00-04:00,48.88999938964844,48.88999938964844,48.8838996887207,48.8838996887207,1730,0.0,0.0,0.0
2024-10-10 12:10:00-04:00,48.88909912109375,48.88999938964844,48.88909912109375,48.88999938964844,1062,0.0,0.0,0.0
2024-10-10 12:15:00-04:00,48.8849983215332,48.8849983215332,48.8849983215332,48.8849983215332,1595,0.0,0.0,0.0
2024-10-10 12:25:00-04:00,48.88999938964844,48.88999938964844,48.88999938964844,48.88999938964844,255,0.0,0.0,0.0
2024-10-10 12:30:00-04:00,48.88010025024414,48.88819885253906,48.88010025024414,48.88819885253906,1081,0.0,0.0,0.0
2024-10-10 12:35:00-04:00,48.88999938964844,48.88999938964844,48.88100051879883,48.88990020751953,1526,0.0,0.0,0.0
2024-10-10 12:40:00-04:00,48.889801025390625,48.88999938964844,48.882598876953125,48.88999938964844,1055,0.0,0.0,0.0
2024-10-10 12:45:00-04:00,48.88999938964844,48.88999938964844,48.8849983215332,48.88990020751953,2769,0.0,0.0,0.0
2024-10-10 12:55:00-04:00,48.8849983215332,48.88909912109375,48.88100051879883,48.88100051879883,3413,0.0,0.0,0.0
2024-10-10 13:00:00-04:00,48.888099670410156,48.888099670410156,48.888099670410156,48.888099670410156,329,0.0,0.0,0.0
2024-10-10 13:05:00-04:00,48.88690185546875,48.88690185546875,48.8849983215332,48.8849983215332,3194,0.0,0.0,0.0
2024-10-10 13:10:00-04:00,48.88990020751953,48.88990020751953,48.88990020751953,48.88990020751953,5380,0.0,0.0,0.0
2024-10-10 13:15:00-04:00,48.8849983215332,48.8849983215332,48.88338088989258,48.88338088989258,703,0.0,0.0,0.0
2024-10-10 13:20:00-04:00,48.88999938964844,48.88999938964844,48.88338088989258,48.88338088989258,706,0.0,0.0,0.0
2024-10-10 13:25:00-04:00,48.8849983215332,48.8849983215332,48.8849983215332,48.8849983215332,321,0.0,0.0,0.0
2024-10-10 13:30:00-04:00,48.8849983215332,48.8849983215332,48.8849983215332,48.8849983215332,244,0.0,0.0,0.0
2024-10-10 13:35:00-04:00,48.889198303222656,48.889198303222656,48.88090133666992,48.88090133666992,852,0.0,0.0,0.0
2024-10-10 13:40:00-04:00,48.88999938964844,48.88999938964844,48.8849983215332,48.8849983215332,2904,0.0,0.0,0.0
2024-10-10 13:50:00-04:00,48.88999938964844,48.88999938964844,48.88100051879883,48.887901306152344,18151,0.0,0.0,0.0
2024-10-10 13:55:00-04:00,48.8849983215332,48.88999938964844,48.8849983215332,48.88999938964844,221,0.0,0.0,0.0
2024-10-10 14:00:00-04:00,48.8849983215332,48.88999938964844,48.8849983215332,48.88999938964844,2317,0.0,0.0,0.0
2024-10-10 14:05:00-04:00,48.88999938964844,48.88999938964844,48.88999938964844,48.88999938964844,221,0.0,0.0,0.0
2024-10-10 14:10:00-04:00,48.8849983215332,48.8849983215332,48.88010025024414,48.88010025024414,3761,0.0,0.0,0.0
2024-10-10 14:15:00-04:00,48.88999938964844,48.88999938964844,48.880001068115234,48.8849983215332,3749,0.0,0.0,0.0
2024-10-10 14:20:00-04:00,48.8849983215332,48.88999938964844,48.8849983215332,48.88999938964844,2916,0.0,0.0,0.0
2024-10-10 14:25:00-04:00,48.8849983215332,48.8849983215332,48.8849983215332,48.8849983215332,596,0.0,0.0,0.0
2024-10-10 14:30:00-04:00,48.88100051879883,48.88100051879883,48.88100051879883,48.88100051879883,390,0.0,0.0,0.0
2024-10-10 14:40:00-04:00,48.8849983215332,48.88990020751953,48.8849983215332,48.88990020751953,322,0.0,0.0,0.0
2024-10-10 14:45:00-04:00,48.88999938964844,48.88999938964844,48.88999938964844,48.88999938964844,8105,0.0,0.0,0.0
2024-10-10 14:50:00-04:00,48.8849983215332,48.88999938964844,48.8849983215332,48.88750076293945,2510,0.0,0.0,0.0
2024-10-10 14:55:00-04:00,48.88753890991211,48.88990020751953,48.88359832763672,48.8849983215332,5575,0.0,0.0,0.0
2024-10-10 15:00:00-04:00,48.88990020751953,48.88999938964844,48.88990020751953,48.88999938964844,2810,0.0,0.0,0.0
2024-10-10 15:05:00-04:00,48.88999938964844,48.900001525878906,48.88999938964844,48.900001525878906,4256,0.0,0.0,0.0
2024-10-10 15:10:00-04:00,48.8911018371582,48.8911018371582,48.8911018371582,48.8911018371582,167,0.0,0.0,0.0
2024-10-10 15:15:00-04:00,48.89970016479492,48.904998779296875,48.88999938964844,48.904998779296875,3160,0.0,0.0,0.0
2024-10-10 15:20:00-04:00,48.9098014831543,48.9098014831543,48.900901794433594,48.904998779296875,767,0.0,0.0,0.0
2024-10-10 15:25:00-04:00,48.900001525878906,48.90999984741211,48.900001525878906,48.904998779296875,9387,0.0,0.0,0.0
2024-10-10 15:30:00-04:00,48.9098014831543,48.90999984741211,48.9098014831543,48.90999984741211,2116,0.0,0.0,0.0
2024-10-10 15:35:00-04:00,48.900901794433594,48.90999984741211,48.900901794433594,48.90999984741211,3249,0.0,0.0,0.0
2024-10-10 15:40:00-04:00,48.90999984741211,48.90999984741211,48.904998779296875,48.904998779296875,2093,0.0,0.0,0.0
2024-10-10 15:45:00-04:00,48.90999984741211,48.90999984741211,48.901100158691406,48.90999984741211,1813,0.0,0.0,0.0
2024-10-10 15:50:00-04:00,48.90959930419922,48.90999984741211,48.904998779296875,48.90999984741211,2809,0.0,0.0,0.0
2024-10-10 15:55:00-04:00,48.90959930419922,48.91999816894531,48.901100158691406,48.91999816894531,0,0.0,0.0,0.0
2024-10-11 09:30:00-04:00,48.959999084472656,48.970001220703125,48.93040084838867,48.962501525878906,34109,0.0,0.0,0.0
2024-10-11 09:40:00-04:00,48.959999084472656,48.96879959106445,48.959999084472656,48.96879959106445,1070,0.0,0.0,0.0
2024-10-11 09:45:00-04:00,48.959999084472656,48.959999084472656,48.959999084472656,48.959999084472656,3082,0.0,0.0,0.0
2024-10-11 09:50:00-04:00,48.959999084472656,48.959999084472656,48.959999084472656,48.959999084472656,230,0.0,0.0,0.0
2024-10-11 09:55:00-04:00,48.96900177001953,48.96900177001953,48.96900177001953,48.96900177001953,336,0.0,0.0,0.0
2024-10-11 10:00:00-04:00,48.959999084472656,48.96969985961914,48.959999084472656,48.959999084472656,4585,0.0,0.0,0.0
2024-10-11 10:05:00-04:00,48.96009826660156,48.96009826660156,48.959999084472656,48.959999084472656,2771,0.0,0.0,0.0
2024-10-11 10:10:00-04:00,48.959999084472656,48.967498779296875,48.959999084472656,48.96009826660156,2129,0.0,0.0,0.0
2024-10-11 10:15:00-04:00,48.96889877319336,48.96889877319336,48.959999084472656,48.96500015258789,8206,0.0,0.0,0.0
2024-10-11 10:20:00-04:00,48.96500015258789,48.96500015258789,48.959999084472656,48.959999084472656,1884,0.0,0.0,0.0
2024-10-11 10:25:00-04:00,48.96500015258789,48.96500015258789,48.959999084472656,48.959999084472656,365,0.0,0.0,0.0
2024-10-11 10:30:00-04:00,48.959999084472656,48.96900177001953,48.959999084472656,48.959999084472656,3113,0.0,0.0,0.0
2024-10-11 10:35:00-04:00,48.959999084472656,48.96989822387695,48.959999084472656,48.960601806640625,6608,0.0,0.0,0.0
2024-10-11 10:40:00-04:00,48.96500015258789,48.96500015258789,48.96500015258789,48.96500015258789,689,0.0,0.0,0.0
2024-10-11 10:50:00-04:00,48.96500015258789,48.970001220703125,48.96500015258789,48.970001220703125,634,0.0,0.0,0.0
2024-10-11 10:55:00-04:00,48.96900177001953,48.96900177001953,48.96900177001953,48.96900177001953,199,0.0,0.0,0.0
2024-10-11 11:00:00-04:00,48.959999084472656,48.96500015258789,48.959999084472656,48.96500015258789,6113,0.0,0.0,0.0
2024-10-11 11:05:00-04:00,48.96080017089844,48.96979904174805,48.959999084472656,48.96500015258789,5220,0.0,0.0,0.0
2024-10-11 11:10:00-04:00,48.96099853515625,48.970001220703125,48.96099853515625,48.96500015258789,3904,0.0,0.0,0.0
2024-10-11 11:20:00-04:00,48.96110153198242,48.96110153198242,48.96110153198242,48.96110153198242,879,0.0,0.0,0.0
2024-10-11 11:25:00-04:00,48.96500015258789,48.96500015258789,48.96110153198242,48.9635009765625,1202,0.0,0.0,0.0
2024-10-11 11:30:00-04:00,48.96500015258789,48.96900177001953,48.96500015258789,48.96900177001953,242,0.0,0.0,0.0
2024-10-11 11:35:00-04:00,48.96910095214844,48.970001220703125,48.96910095214844,48.970001220703125,408,0.0,0.0,0.0
2024-10-11 11:40:00-04:00,48.96620178222656,48.96620178222656,48.96620178222656,48.96620178222656,100,0.0,0.0,0.0
2024-10-11 11:45:00-04:00,48.970001220703125,48.970001220703125,48.96099853515625,48.96099853515625,3427,0.0,0.0,0.0
2024-10-11 11:50:00-04:00,48.96110153198242,48.96110153198242,48.96110153198242,48.96110153198242,167,0.0,0.0,0.0
2024-10-11 11:55:00-04:00,48.96500015258789,48.96500015258789,48.96500015258789,48.96500015258789,826,0.0,0.0,0.0
2024-10-11 12:00:00-04:00,48.970001220703125,48.970001220703125,48.96500015258789,48.96500015258789,2935,0.0,0.0,0.0
2024-10-11 12:05:00-04:00,48.96500015258789,48.96500015258789,48.959999084472656,48.96500015258789,846,0.0,0.0,0.0
2024-10-11 12:10:00-04:00,48.96009826660156,48.96500015258789,48.96009826660156,48.96500015258789,2277,0.0,0.0,0.0
2024-10-11 12:15:00-04:00,48.970001220703125,48.970001220703125,48.970001220703125,48.970001220703125,343,0.0,0.0,0.0
2024-10-11 12:30:00-04:00,48.96910095214844,48.96910095214844,48.96910095214844,48.96910095214844,384,0.0,0.0,0.0
2024-10-11 12:35:00-04:00,48.96419906616211,48.970001220703125,48.96419906616211,48.96500015258789,1777,0.0,0.0,0.0
2024-10-11 12:40:00-04:00,48.96500015258789,48.970001220703125,48.96500015258789,48.970001220703125,11799,0.0,0.0,0.0
2024-10-11 12:45:00-04:00,48.96500015258789,48.969200134277344,48.96009826660156,48.96289825439453,3101,0.0,0.0,0.0
2024-10-11 12:50:00-04:00,48.970001220703125,48.970001220703125,48.96500015258789,48.970001220703125,938,0.0,0.0,0.0
2024-10-11 12:55:00-04:00,48.96500015258789,48.974998474121094,48.96500015258789,48.974998474121094,812,0.0,0.0,0.0
2024-10-11 13:00:00-04:00,48.97010040283203,48.97999954223633,48.970001220703125,48.970001220703125,2740,0.0,0.0,0.0
2024-10-11 13:05:00-04:00,48.974998474121094,48.974998474121094,48.974998474121094,48.974998474121094,100,0.0,0.0,0.0
2024-10-11 13:10:00-04:00,48.971500396728516,48.974998474121094,48.97010040283203,48.97010040283203,906,0.0,0.0,0.0
2024-10-11 13:15:00-04:00,48.974998474121094,48.974998474121094,48.974998474121094,48.974998474121094,309,0.0,0.0,0.0
2024-10-11 13:20:00-04:00,48.970001220703125,48.974998474121094,48.970001220703125,48.974998474121094,1980,0.0,0.0,0.0
2024-10-11 13:30:00-04:00,48.974998474121094,48.974998474121094,48.974998474121094,48.974998474121094,327,0.0,0.0,0.0
2024-10-11 13:35:00-04:00,48.974998474121094,48.974998474121094,48.974998474121094,48.974998474121094,1066,0.0,0.0,0.0
2024-10-11 13:40:00-04:00,48.97209930419922,48.97999954223633,48.97209930419922,48.97999954223633,500,0.0,0.0,0.0
2024-10-11 13:45:00-04:00,48.97010040283203,48.97010040283203,48.97010040283203,48.97010040283203,392,0.0,0.0,0.0
2024-10-11 13:50:00-04:00,48.97999954223633,48.97999954223633,48.97999954223633,48.97999954223633,412,0.0,0.0,0.0
2024-10-11 13:55:00-04:00,48.97010040283203,48.974998474121094,48.97010040283203,48.974998474121094,1814,0.0,0.0,0.0
2024-10-11 14:00:00-04:00,48.97999954223633,48.97999954223633,48.97999954223633,48.97999954223633,327,0.0,0.0,0.0
2024-10-11 14:05:00-04:00,48.97999954223633,48.97999954223633,48.97999954223633,48.97999954223633,416,0.0,0.0,0.0
2024-10-11 14:15:00-04:00,48.97019958496094,48.97999954223633,48.97019958496094,48.971099853515625,879,0.0,0.0,0.0
2024-10-11 14:20:00-04:00,48.97999954223633,48.97999954223633,48.97249984741211,48.9744987487793,1190,0.0,0.0,0.0
2024-10-11 14:25:00-04:00,48.97999954223633,48.97999954223633,48.97999954223633,48.97999954223633,270,0.0,0.0,0.0
2024-10-11 14:30:00-04:00,48.97999954223633,48.97999954223633,48.979698181152344,48.979698181152344,2387,0.0,0.0,0.0
2024-10-11 14:35:00-04:00,48.97330093383789,48.97999954223633,48.97330093383789,48.97999954223633,1458,0.0,0.0,0.0
2024-10-11 14:40:00-04:00,48.97999954223633,48.98899841308594,48.97999954223633,48.97999954223633,9885,0.0,0.0,0.0
2024-10-11 14:45:00-04:00,48.98500061035156,48.989898681640625,48.97999954223633,48.980098724365234,5100,0.0,0.0,0.0
2024-10-11 14:50:00-04:00,48.98500061035156,48.98500061035156,48.98500061035156,48.98500061035156,515,0.0,0.0,0.0
2024-10-11 14:55:00-04:00,48.98619842529297,48.98619842529297,48.98619842529297,48.98619842529297,224,0.0,0.0,0.0
2024-10-11 15:00:00-04:00,48.98500061035156,48.987701416015625,48.98500061035156,48.987701416015625,1438,0.0,0.0,0.0
2024-10-11 15:05:00-04:00,48.98500061035156,48.9900016784668,48.980201721191406,48.98500061035156,3628,0.0,0.0,0.0
2024-10-11 15:10:00-04:00,48.98500061035156,48.98500061035156,48.98500061035156,48.98500061035156,375,0.0,0.0,0.0
2024-10-11 15:15:00-04:00,48.98500061035156,48.98500061035156,48.98099899291992,48.98500061035156,1205,0.0,0.0,0.0
2024-10-11 15:20:00-04:00,48.98500061035156,48.98500061035156,48.98500061035156,48.98500061035156,200,0.0,0.0,0.0
2024-10-11 15:25:00-04:00,48.98500061035156,48.98500061035156,48.97999954223633,48.98500061035156,1072,0.0,0.0,0.0
2024-10-11 15:30:00-04:00,48.98500061035156,48.98789978027344,48.98500061035156,48.986000061035156,3212,0.0,0.0,0.0
2024-10-11 15:35:00-04:00,48.98500061035156,48.98630142211914,48.97999954223633,48.98500061035156,7105,0.0,0.0,0.0
2024-10-11 15:40:00-04:00,48.98500061035156,48.98740005493164,48.97999954223633,48.98500061035156,3695,0.0,0.0,0.0
2024-10-11 15:45:00-04:00,48.98500061035156,48.98500061035156,48.98500061035156,48.98500061035156,1431,0.0,0.0,0.0
2024-10-11 15:50:00-04:00,48.98500061035156,48.98500061035156,48.98189926147461,48.98500061035156,2512,0.0,0.0,0.0
2024-10-11 15:55:00-04:00,48.98500061035156,48.98500061035156,48.974998474121094,48.97999954223633,2910,0.0,0.0,0.0
2024-10-14 09:30:00-04:00,48.970001220703125,48.970001220703125,48.95000076293945,48.95000076293945,4862,0.0,0.0,0.0
2024-10-14 09:40:00-04:00,48.96030044555664,48.96030044555664,48.96030044555664,48.96030044555664,1609,0.0,0.0,0.0
2024-10-14 09:45:00-04:00,48.96030044555664,48.96950149536133,48.96030044555664,48.96500015258789,3193,0.0,0.0,0.0
2024-10-14 10:05:00-04:00,48.96500015258789,48.96500015258789,48.96500015258789,48.96500015258789,1200,0.0,0.0,0.0
2024-10-14 10:10:00-04:00,48.96929931640625,48.96929931640625,48.965999603271484,48.965999603271484,894,0.0,0.0,0.0
2024-10-14 10:35:00-04:00,48.967498779296875,48.967498779296875,48.96070098876953,48.96070098876953,811,0.0,0.0,0.0
2024-10-14 10:45:00-04:00,48.96500015258789,48.96929931640625,48.96009826660156,48.96929931640625,1823,0.0,0.0,0.0
2024-10-14 10:50:00-04:00,48.970001220703125,48.970001220703125,48.970001220703125,48.970001220703125,6161,0.0,0.0,0.0
2024-10-14 10:55:00-04:00,48.96500015258789,48.96500015258789,48.96500015258789,48.96500015258789,202,0.0,0.0,0.0
2024-10-14 11:00:00-04:00,48.96080017089844,48.96080017089844,48.96080017089844,48.96080017089844,145,0.0,0.0,0.0
2024-10-14 11:05:00-04:00,48.969200134277344,48.969200134277344,48.96500015258789,48.96500015258789,1078,0.0,0.0,0.0
2024-10-14 11:10:00-04:00,48.96500015258789,48.96500015258789,48.96500015258789,48.96500015258789,300,0.0,0.0,0.0
2024-10-14 11:15:00-04:00,48.970001220703125,48.970001220703125,48.959999084472656,48.969398498535156,17651,0.0,0.0,0.0
2024-10-14 11:20:00-04:00,48.96900177001953,48.970001220703125,48.959999084472656,48.96500015258789,1601,0.0,0.0,0.0
2024-10-14 11:30:00-04:00,48.967498779296875,48.969200134277344,48.967498779296875,48.969200134277344,1445,0.0,0.0,0.0
2024-10-14 11:35:00-04:00,48.96989822387695,48.970001220703125,48.959999084472656,48.960899353027344,1960,0.0,0.0,0.0
2024-10-14 11:45:00-04:00,48.96989822387695,48.96989822387695,48.96900177001953,48.96900177001953,1143,0.0,0.0,0.0
2024-10-14 11:50:00-04:00,48.96889877319336,48.96900177001953,48.96889877319336,48.96900177001953,684,0.0,0.0,0.0
2024-10-14 11:55:00-04:00,48.970001220703125,48.970001220703125,48.970001220703125,48.970001220703125,177,0.0,0.0,0.0
2024-10-14 12:10:00-04:00,48.96500015258789,48.96889877319336,48.96500015258789,48.96889877319336,316,0.0,0.0,0.0
2024-10-14 12:15:00-04:00,48.96900177001953,48.96900177001953,48.96260070800781,48.96260070800781,3176,0.0,0.0,0.0
2024-10-14 12:20:00-04:00,48.96989822387695,48.96989822387695,48.96780014038086,48.96780014038086,1435,0.0,0.0,0.0
2024-10-14 12:30:00-04:00,48.96070098876953,48.96070098876953,48.96070098876953,48.96070098876953,671,0.0,0.0,0.0
2024-10-14 12:35:00-04:00,48.959999084472656,48.967498779296875,48.959999084472656,48.96229934692383,1204,0.0,0.0,0.0
2024-10-14 12:40:00-04:00,48.96900177001953,48.96989822387695,48.959999084472656,48.96099853515625,5937,0.0,0.0,0.0
2024-10-14 12:45:00-04:00,48.96500015258789,48.96500015258789,48.96500015258789,48.96500015258789,400,0.0,0.0,0.0
2024-10-14 12:55:00-04:00,48.959999084472656,48.96500015258789,48.959999084472656,48.96500015258789,1416,0.0,0.0,0.0
2024-10-14 13:00:00-04:00,48.96889877319336,48.96889877319336,48.96889877319336,48.96889877319336,100,0.0,0.0,0.0
2024-10-14 13:05:00-04:00,48.960899353027344,48.960899353027344,48.960899353027344,48.960899353027344,122,0.0,0.0,0.0
2024-10-14 13:10:00-04:00,48.969200134277344,48.970001220703125,48.969200134277344,48.970001220703125,680,0.0,0.0,0.0
2024-10-14 13:15:00-04:00,48.96500015258789,48.970001220703125,48.96500015258789,48.96500015258789,9146,0.0,0.0,0.0
2024-10-14 13:20:00-04:00,48.962398529052734,48.962398529052734,48.959999084472656,48.959999084472656,706,0.0,0.0,0.0
2024-10-14 13:30:00-04:00,48.960201263427734,48.960201263427734,48.960201263427734,48.960201263427734,194,0.0,0.0,0.0
2024-10-14 13:35:00-04:00,48.96500015258789,48.96500015258789,48.960899353027344,48.960899353027344,1959,0.0,0.0,0.0
2024-10-14 13:40:00-04:00,48.970001220703125,48.970001220703125,48.96500015258789,48.96500015258789,104957,0.0,0.0,0.0
2024-10-14 13:55:00-04:00,48.959999084472656,48.96500015258789,48.95500183105469,48.959999084472656,50173,0.0,0.0,0.0
2024-10-14 14:00:00-04:00,48.95500183105469,48.959999084472656,48.95500183105469,48.95970153808594,1401,0.0,0.0,0.0
2024-10-14 14:05:00-04:00,48.95500183105469,48.95989990234375,48.95009994506836,48.95989990234375,1767,0.0,0.0,0.0
2024-10-14 14:10:00-04:00,48.958900451660156,48.959999084472656,48.95000076293945,48.95000076293945,8832,0.0,0.0,0.0
2024-10-14 14:15:00-04:00,48.952999114990234,48.952999114990234,48.952999114990234,48.952999114990234,439,0.0,0.0,0.0
2024-10-14 14:25:00-04:00,48.95909881591797,48.95909881591797,48.95909881591797,48.95909881591797,914,0.0,0.0,0.0
2024-10-14 14:30:00-04:00,48.95500183105469,48.95500183105469,48.95500183105469,48.95500183105469,120,0.0,0.0,0.0
2024-10-14 14:35:00-04:00,48.95500183105469,48.95989990234375,48.95500183105469,48.95500183105469,4672,0.0,0.0,0.0
2024-10-14 14:45:00-04:00,48.95069885253906,48.95500183105469,48.95000076293945,48.95000076293945,4247,0.0,0.0,0.0
2024-10-14 14:50:00-04:00,48.95500183105469,48.95500183105469,48.95500183105469,48.95500183105469,297,0.0,0.0,0.0
2024-10-14 14:55:00-04:00,48.95940017700195,48.95940017700195,48.95000076293945,48.95000076293945,496,0.0,0.0,0.0
2024-10-14 15:00:00-04:00,48.95500183105469,48.955501556396484,48.95000076293945,48.955501556396484,1538,0.0,0.0,0.0
2024-10-14 15:05:00-04:00,48.95500183105469,48.959999084472656,48.95500183105469,48.95500183105469,1319,0.0,0.0,0.0
2024-10-14 15:10:00-04:00,48.95029830932617,48.95589828491211,48.95029830932617,48.95589828491211,1094,0.0,0.0,0.0
2024-10-14 15:15:00-04:00,48.95000076293945,48.95090103149414,48.95000076293945,48.95090103149414,902,0.0,0.0,0.0
2024-10-14 15:20:00-04:00,48.95500183105469,48.959999084472656,48.95500183105469,48.959999084472656,1961,0.0,0.0,0.0
2024-10-14 15:35:00-04:00,48.95880126953125,48.959999084472656,48.95500183105469,48.958900451660156,1603,0.0,0.0,0.0
2024-10-14 15:40:00-04:00,48.95500183105469,48.959999084472656,48.95355224609375,48.95500183105469,5105,0.0,0.0,0.0
2024-10-14 15:45:00-04:00,48.959999084472656,48.959999084472656,48.95500183105469,48.959999084472656,1545,0.0,0.0,0.0
2024-10-14 15:50:00-04:00,48.959999084472656,48.96500015258789,48.959999084472656,48.96500015258789,1062,0.0,0.0,0.0
2024-10-14 15:55:00-04:00,48.960601806640625,48.96989822387695,48.959999084472656,48.959999084472656,0,0.0,0.0,0.0
2024-10-15 09:30:00-04:00,49.0099983215332,49.0099983215332,48.9827995300293,48.9827995300293,1161,0.0,0.0,0.0
2024-10-15 09:35:00-04:00,48.98350143432617,48.98350143432617,48.97740173339844,48.97740173339844,864,0.0,0.0,0.0
2024-10-15 09:45:00-04:00,48.98320007324219,48.98320007324219,48.98320007324219,48.98320007324219,247,0.0,0.0,0.0
2024-10-15 09:55:00-04:00,48.98500061035156,48.98500061035156,48.97999954223633,48.98360061645508,645,0.0,0.0,0.0
2024-10-15 10:00:00-04:00,48.982398986816406,48.982398986816406,48.982398986816406,48.982398986816406,506,0.0,0.0,0.0
2024-10-15 10:10:00-04:00,48.98030090332031,48.98030090332031,48.97999954223633,48.97999954223633,1781,0.0,0.0,0.0
2024-10-15 10:15:00-04:00,48.98500061035156,48.98789978027344,48.98500061035156,48.98500061035156,1683,0.0,0.0,0.0
2024-10-15 10:20:00-04:00,48.98910140991211,48.98910140991211,48.97930145263672,48.97930145263672,1873,0.0,0.0,0.0
2024-10-15 10:30:00-04:00,48.974998474121094,48.974998474121094,48.974998474121094,48.974998474121094,381,0.0,0.0,0.0
2024-10-15 10:35:00-04:00,48.974998474121094,48.97990036010742,48.97010040283203,48.97990036010742,1041,0.0,0.0,0.0
2024-10-15 10:40:00-04:00,48.974998474121094,48.97999954223633,48.974998474121094,48.974998474121094,1878,0.0,0.0,0.0
2024-10-15 10:45:00-04:00,48.974998474121094,48.97999954223633,48.970001220703125,48.97909927368164,2698,0.0,0.0,0.0
2024-10-15 10:50:00-04:00,48.97999954223633,48.97999954223633,48.97999954223633,48.97999954223633,108,0.0,0.0,0.0
2024-10-15 10:55:00-04:00,48.97990036010742,48.97999954223633,48.97909927368164,48.97999954223633,3330,0.0,0.0,0.0
2024-10-15 11:00:00-04:00,48.97990036010742,48.97999954223633,48.97010040283203,48.97999954223633,1003,0.0,0.0,0.0
2024-10-15 11:05:00-04:00,48.97999954223633,48.97999954223633,48.971099853515625,48.97990036010742,2531,0.0,0.0,0.0
2024-10-15 11:10:00-04:00,48.97999954223633,48.97999954223633,48.97890090942383,48.97999954223633,963,0.0,0.0,0.0
2024-10-15 11:15:00-04:00,48.974998474121094,48.974998474121094,48.974998474121094,48.974998474121094,235,0.0,0.0,0.0
2024-10-15 11:20:00-04:00,48.974998474121094,48.974998474121094,48.974998474121094,48.974998474121094,165,0.0,0.0,0.0
2024-10-15 11:25:00-04:00,48.97999954223633,48.97999954223633,48.97129821777344,48.974998474121094,474,0.0,0.0,0.0
2024-10-15 11:30:00-04:00,48.97999954223633,48.97999954223633,48.97999954223633,48.97999954223633,100,0.0,0.0,0.0
2024-10-15 11:35:00-04:00,48.97919845581055,48.97919845581055,48.97919845581055,48.97919845581055,2180,0.0,0.0,0.0
2024-10-15 11:40:00-04:00,48.974998474121094,48.97999954223633,48.970298767089844,48.977500915527344,1024,0.0,0.0,0.0
2024-10-15 11:45:00-04:00,48.974998474121094,48.977500915527344,48.974998474121094,48.977500915527344,343,0.0,0.0,0.0
2024-10-15 11:50:00-04:00,48.97999954223633,48.97999954223633,48.971099853515625,48.974998474121094,1644,0.0,0.0,0.0
2024-10-15 11:55:00-04:00,48.974998474121094,48.97999954223633,48.974998474121094,48.97999954223633,1200,0.0,0.0,0.0
2024-10-15 12:00:00-04:00,48.97100067138672,48.97990036010742,48.97100067138672,48.974998474121094,1006,0.0,0.0,0.0
2024-10-15 12:05:00-04:00,48.97760009765625,48.97999954223633,48.97760009765625,48.97999954223633,211,0.0,0.0,0.0
2024-10-15 12:10:00-04:00,48.97999954223633,48.97999954223633,48.974998474121094,48.974998474121094,131842,0.0,0.0,0.0
2024-10-15 12:15:00-04:00,48.97999954223633,48.97999954223633,48.97999954223633,48.97999954223633,200,0.0,0.0,0.0
2024-10-15 12:20:00-04:00,48.97999954223633,48.97999954223633,48.97999954223633,48.97999954223633,249,0.0,0.0,0.0
2024-10-15 12:25:00-04:00,48.974998474121094,48.97999954223633,48.97370910644531,48.97890090942383,86225,0.0,0.0,0.0
2024-10-15 12:30:00-04:00,48.97990036010742,48.97999954223633,48.97480010986328,48.974998474121094,18106,0.0,0.0,0.0
2024-10-15 12:35:00-04:00,48.974998474121094,48.97999954223633,48.974998474121094,48.97999954223633,2484,0.0,0.0,0.0
2024-10-15 12:40:00-04:00,48.97999954223633,48.97999954223633,48.97880172729492,48.97880172729492,209,0.0,0.0,0.0
2024-10-15 12:45:00-04:00,48.979801177978516,48.97999954223633,48.979801177978516,48.97999954223633,1611,0.0,0.0,0.0
2024-10-15 12:50:00-04:00,48.97629928588867,48.97999954223633,48.97629928588867,48.97999954223633,369,0.0,0.0,0.0
2024-10-15 12:55:00-04:00,48.97600173950195,48.97600173950195,48.97600173950195,48.97600173950195,205,0.0,0.0,0.0
2024-10-15 13:00:00-04:00,48.974998474121094,48.97999954223633,48.974998474121094,48.97999954223633,276,0.0,0.0,0.0
2024-10-15 13:05:00-04:00,48.97999954223633,48.97999954223633,48.974998474121094,48.97890090942383,801,0.0,0.0,0.0
2024-10-15 13:10:00-04:00,48.97100067138672,48.97999954223633,48.97100067138672,48.97999954223633,1444,0.0,0.0,0.0
2024-10-15 13:15:00-04:00,48.97999954223633,48.97999954223633,48.97999954223633,48.97999954223633,177,0.0,0.0,0.0
2024-10-15 13:20:00-04:00,48.97254943847656,48.97999954223633,48.97254943847656,48.97999954223633,1328,0.0,0.0,0.0
2024-10-15 13:25:00-04:00,48.97129821777344,48.974998474121094,48.97129821777344,48.974998474121094,965,0.0,0.0,0.0
2024-10-15 13:30:00-04:00,48.97999954223633,48.97999954223633,48.97999954223633,48.97999954223633,1932,0.0,0.0,0.0
2024-10-15 13:35:00-04:00,48.97999954223633,48.97999954223633,48.97999954223633,48.97999954223633,2330,0.0,0.0,0.0
2024-10-15 13:40:00-04:00,48.976898193359375,48.9900016784668,48.976898193359375,48.9900016784668,4004,0.0,0.0,0.0
2024-10-15 13:45:00-04:00,48.98789978027344,48.9900016784668,48.981998443603516,48.9900016784668,2656,0.0,0.0,0.0
2024-10-15 13:50:00-04:00,48.9900016784668,49.0,48.9900016784668,48.994998931884766,32639,0.0,0.0,0.0
2024-10-15 13:55:00-04:00,48.994998931884766,48.994998931884766,48.970001220703125,48.9900016784668,123408,0.0,0.0,0.0
2024-10-15 14:00:00-04:00,48.98870086669922,48.9900016784668,48.980098724365234,48.98500061035156,4649,0.0,0.0,0.0
2024-10-15 14:05:00-04:00,48.98099899291992,48.98500061035156,48.98099899291992,48.98500061035156,1492,0.0,0.0,0.0
2024-10-15 14:10:00-04:00,48.98500061035156,48.9900016784668,48.97999954223633,48.98500061035156,6797,0.0,0.0,0.0
2024-10-15 14:15:00-04:00,48.98500061035156,48.9900016784668,48.97999954223633,48.98500061035156,3000,0.0,0.0,0.0
2024-10-15 14:20:00-04:00,48.98889923095703,48.9900016784668,48.983001708984375,48.98500061035156,15999,0.0,0.0,0.0
2024-10-15 14:25:00-04:00,48.98500061035156,48.9900016784668,48.98400115966797,48.9900016784668,5346,0.0,0.0,0.0
2024-10-15 14:30:00-04:00,48.98419952392578,48.9900016784668,48.97999954223633,48.98350143432617,3643,0.0,0.0,0.0
2024-10-15 14:35:00-04:00,48.98500061035156,48.9900016784668,48.98500061035156,48.98500061035156,22502,0.0,0.0,0.0
2024-10-15 14:40:00-04:00,48.98500061035156,48.9900016784668,48.98500061035156,48.98500061035156,3708,0.0,0.0,0.0
2024-10-15 14:45:00-04:00,48.9900016784668,48.9900016784668,48.9828987121582,48.9900016784668,3839,0.0,0.0,0.0
2024-10-15 14:50:00-04:00,48.98500061035156,49.0,48.98500061035156,48.994998931884766,5262,0.0,0.0,0.0
2024-10-15 14:55:00-04:00,48.994998931884766,48.994998931884766,48.990299224853516,48.994998931884766,5297,0.0,0.0,0.0
2024-10-15 15:00:00-04:00,48.994998931884766,48.99599838256836,48.99020004272461,48.99330139160156,2356,0.0,0.0,0.0
2024-10-15 15:05:00-04:00,48.994998931884766,48.994998931884766,48.99129867553711,48.994998931884766,3574,0.0,0.0,0.0
2024-10-15 15:10:00-04:00,48.994998931884766,48.994998931884766,48.9900016784668,48.9900016784668,15203,0.0,0.0,0.0
2024-10-15 15:15:00-04:00,48.994998931884766,48.994998931884766,48.9900016784668,48.994998931884766,4117,0.0,0.0,0.0
2024-10-15 15:20:00-04:00,48.994998931884766,48.994998931884766,48.99100112915039,48.99100112915039,4890,0.0,0.0,0.0
2024-10-15 15:25:00-04:00,49.0,49.0,48.9901008605957,48.994998931884766,4271,0.0,0.0,0.0
2024-10-15 15:30:00-04:00,48.994998931884766,48.996299743652344,48.994998931884766,48.994998931884766,5004,0.0,0.0,0.0
2024-10-15 15:35:00-04:00,49.0,49.0,48.994998931884766,48.994998931884766,3564,0.0,0.0,0.0
2024-10-15 15:40:00-04:00,49.0,49.0,48.9901008605957,48.994998931884766,10372,0.0,0.0,0.0
2024-10-15 15:45:00-04:00,48.994998931884766,49.0,48.994998931884766,48.994998931884766,6197,0.0,0.0,0.0
2024-10-15 15:50:00-04:00,48.994998931884766,49.0,48.994998931884766,49.0,12882,0.0,0.0,0.0
2024-10-15 15:55:00-04:00,49.0,49.0,48.9900016784668,49.0,37675,0.0,0.0,0.0
2024-10-16 09:30:00-04:00,49.02000045776367,49.02000045776367,49.0,49.0,1586,0.0,0.0,0.0
2024-10-16 09:35:00-04:00,49.01070022583008,49.01070022583008,49.01070022583008,49.01070022583008,114,0.0,0.0,0.0
2024-10-16 09:40:00-04:00,49.01499938964844,49.01499938964844,49.01499938964844,49.01499938964844,132,0.0,0.0,0.0
2024-10-16 09:50:00-04:00,49.01750183105469,49.01750183105469,49.01750183105469,49.01750183105469,2046,0.0,0.0,0.0
2024-10-16 09:55:00-04:00,49.01499938964844,49.01499938964844,49.0099983215332,49.0099983215332,1454,0.0,0.0,0.0
2024-10-16 10:00:00-04:00,49.01499938964844,49.01499938964844,49.010501861572266,49.01499938964844,2114,0.0,0.0,0.0
2024-10-16 10:05:00-04:00,49.01020050048828,49.01499938964844,49.01020050048828,49.01499938964844,213,0.0,0.0,0.0
2024-10-16 10:10:00-04:00,49.01499938964844,49.01850128173828,49.01499938964844,49.01850128173828,562,0.0,0.0,0.0
2024-10-16 10:15:00-04:00,49.01499938964844,49.01499938964844,49.01139831542969,49.01499938964844,1018,0.0,0.0,0.0
2024-10-16 10:20:00-04:00,49.01499938964844,49.01499938964844,49.01499938964844,49.01499938964844,281,0.0,0.0,0.0
2024-10-16 10:25:00-04:00,49.02000045776367,49.02000045776367,49.0099983215332,49.019100189208984,8515,0.0,0.0,0.0
2024-10-16 10:30:00-04:00,49.01179885864258,49.01499938964844,49.01179885864258,49.01499938964844,1547,0.0,0.0,0.0
2024-10-16 10:35:00-04:00,49.01499938964844,49.01499938964844,49.01499938964844,49.01499938964844,724,0.0,0.0,0.0
2024-10-16 10:40:00-04:00,49.01499938964844,49.01499938964844,49.0099983215332,49.01499938964844,791,0.0,0.0,0.0
2024-10-16 10:45:00-04:00,49.01499938964844,49.01499938964844,49.0099983215332,49.01499938964844,1411,0.0,0.0,0.0
2024-10-16 10:50:00-04:00,49.01499938964844,49.01499938964844,49.01499938964844,49.01499938964844,106,0.0,0.0,0.0
2024-10-16 10:55:00-04:00,49.018699645996094,49.018699645996094,49.0099983215332,49.01850128173828,2464,0.0,0.0,0.0
2024-10-16 11:00:00-04:00,49.018699645996094,49.018699645996094,49.018699645996094,49.018699645996094,378,0.0,0.0,0.0
2024-10-16 11:05:00-04:00,49.01179885864258,49.01499938964844,49.0099983215332,49.01499938964844,3298,0.0,0.0,0.0
2024-10-16 11:10:00-04:00,49.02000045776367,49.02000045776367,49.0099983215332,49.02000045776367,13557,0.0,0.0,0.0
2024-10-16 11:15:00-04:00,49.01499938964844,49.02000045776367,49.01499938964844,49.02000045776367,8201,0.0,0.0,0.0
2024-10-16 11:20:00-04:00,49.01499938964844,49.02000045776367,49.0099983215332,49.01499938964844,108286,0.0,0.0,0.0
2024-10-16 11:25:00-04:00,49.0099983215332,49.01860046386719,49.0099983215332,49.0099983215332,5065,0.0,0.0,0.0
2024-10-16 11:30:00-04:00,49.0099983215332,49.02000045776367,49.0099983215332,49.02000045776367,9021,0.0,0.0,0.0
2024-10-16 11:35:00-04:00,49.010101318359375,49.01618194580078,49.010101318359375,49.01499938964844,3776,0.0,0.0,0.0
2024-10-16 11:40:00-04:00,49.012001037597656,49.012001037597656,49.012001037597656,49.012001037597656,100,0.0,0.0,0.0
2024-10-16 11:45:00-04:00,49.02000045776367,49.02000045776367,49.01499938964844,49.01919937133789,708,0.0,0.0,0.0
2024-10-16 11:50:00-04:00,49.02000045776367,49.02000045776367,49.02000045776367,49.02000045776367,271,0.0,0.0,0.0
2024-10-16 11:55:00-04:00,49.010101318359375,49.02000045776367,49.010101318359375,49.01499938964844,1192,0.0,0.0,0.0
2024-10-16 12:00:00-04:00,49.02000045776367,49.02000045776367,49.0099983215332,49.019901275634766,5915,0.0,0.0,0.0
2024-10-16 12:05:00-04:00,49.01499938964844,49.018699645996094,49.01499938964844,49.018699645996094,1992,0.0,0.0,0.0
2024-10-16 12:10:00-04:00,49.02000045776367,49.02000045776367,49.0099983215332,49.0099983215332,4358,0.0,0.0,0.0
2024-10-16 12:15:00-04:00,49.01499938964844,49.02000045776367,49.010101318359375,49.01499938964844,5003,0.0,0.0,0.0
2024-10-16 12:25:00-04:00,49.0099983215332,49.01499938964844,49.0099983215332,49.01499938964844,3374,0.0,0.0,0.0
2024-10-16 12:30:00-04:00,49.019100189208984,49.025001525878906,49.01499938964844,49.025001525878906,21994,0.0,0.0,0.0
2024-10-16 12:35:00-04:00,49.025001525878906,49.025001525878906,49.02000045776367,49.02399826049805,1347,0.0,0.0,0.0
2024-10-16 12:40:00-04:00,49.02000045776367,49.029998779296875,49.02000045776367,49.029998779296875,4664,0.0,0.0,0.0
2024-10-16 12:45:00-04:00,49.02000045776367,49.025001525878906,49.02000045776367,49.025001525878906,2113,0.0,0.0,0.0
2024-10-16 12:50:00-04:00,49.02000045776367,49.029998779296875,49.02000045776367,49.029998779296875,1600,0.0,0.0,0.0
2024-10-16 12:55:00-04:00,49.02000045776367,49.029998779296875,49.02000045776367,49.02000045776367,2302,0.0,0.0,0.0
2024-10-16 13:00:00-04:00,49.02000045776367,49.02859878540039,49.02000045776367,49.025001525878906,1307,0.0,0.0,0.0
2024-10-16 13:05:00-04:00,49.025001525878906,49.025001525878906,49.022499084472656,49.022499084472656,484,0.0,0.0,0.0
2024-10-16 13:10:00-04:00,49.029998779296875,49.029998779296875,49.02009963989258,49.025001525878906,1678,0.0,0.0,0.0
2024-10-16 13:20:00-04:00,49.025001525878906,49.029998779296875,49.025001525878906,49.029998779296875,330,0.0,0.0,0.0
2024-10-16 13:30:00-04:00,49.02750015258789,49.02750015258789,49.020999908447266,49.020999908447266,954,0.0,0.0,0.0
2024-10-16 13:35:00-04:00,49.02080154418945,49.020999908447266,49.02000045776367,49.020999908447266,1143,0.0,0.0,0.0
2024-10-16 13:40:00-04:00,49.025001525878906,49.027400970458984,49.02170181274414,49.02170181274414,1429,0.0,0.0,0.0
2024-10-16 13:45:00-04:00,49.02799987792969,49.02799987792969,49.025001525878906,49.025001525878906,741,0.0,0.0,0.0
2024-10-16 13:50:00-04:00,49.02899932861328,49.02899932861328,49.028099060058594,49.0281982421875,971,0.0,0.0,0.0
2024-10-16 13:55:00-04:00,49.025001525878906,49.029998779296875,49.020999908447266,49.020999908447266,1002,0.0,0.0,0.0
2024-10-16 14:00:00-04:00,49.023399353027344,49.023399353027344,49.02000045776367,49.02000045776367,681,0.0,0.0,0.0
2024-10-16 14:05:00-04:00,49.025001525878906,49.025001525878906,49.025001525878906,49.025001525878906,100,0.0,0.0,0.0
2024-10-16 14:10:00-04:00,49.02000045776367,49.025001525878906,49.02000045776367,49.025001525878906,19918,0.0,0.0,0.0
2024-10-16 14:15:00-04:00,49.025001525878906,49.025001525878906,49.02000045776367,49.02000045776367,2765,0.0,0.0,0.0
2024-10-16 14:20:00-04:00,49.025001525878906,49.025001525878906,49.025001525878906,49.025001525878906,235,0.0,0.0,0.0
2024-10-16 14:30:00-04:00,49.022499084472656,49.025001525878906,49.02000045776367,49.025001525878906,9126,0.0,0.0,0.0
2024-10-16 14:35:00-04:00,49.02000045776367,49.028099060058594,49.02000045776367,49.025001525878906,5629,0.0,0.0,0.0
2024-10-16 14:40:00-04:00,49.025001525878906,49.025001525878906,49.025001525878906,49.025001525878906,276,0.0,0.0,0.0
2024-10-16 14:45:00-04:00,49.02170181274414,49.02170181274414,49.0099983215332,49.02000045776367,22958,0.0,0.0,0.0
2024-10-16 14:50:00-04:00,49.02000045776367,49.02000045776367,49.010101318359375,49.01499938964844,1084,0.0,0.0,0.0
2024-10-16 14:55:00-04:00,49.02000045776367,49.02000045776367,49.010101318359375,49.010101318359375,300,0.0,0.0,0.0
2024-10-16 15:00:00-04:00,49.02000045776367,49.02000045776367,49.02000045776367,49.02000045776367,210,0.0,0.0,0.0
2024-10-16 15:05:00-04:00,49.02000045776367,49.025001525878906,49.02000045776367,49.025001525878906,288,0.0,0.0,0.0
2024-10-16 15:10:00-04:00,49.022499084472656,49.029998779296875,49.02000045776367,49.02690124511719,2237,0.0,0.0,0.0
2024-10-16 15:15:00-04:00,49.025001525878906,49.025001525878906,49.02000045776367,49.02000045776367,350,0.0,0.0,0.0
2024-10-16 15:20:00-04:00,49.02000045776367,49.02870178222656,49.02000045776367,49.02000045776367,782,0.0,0.0,0.0
2024-10-16 15:25:00-04:00,49.029998779296875,49.029998779296875,49.02000045776367,49.02000045776367,551,0.0,0.0,0.0
2024-10-16 15:30:00-04:00,49.02000045776367,49.02009963989258,49.02000045776367,49.02000045776367,918,0.0,0.0,0.0
2024-10-16 15:35:00-04:00,49.02000045776367,49.02000045776367,49.02000045776367,49.02000045776367,115,0.0,0.0,0.0
2024-10-16 15:40:00-04:00,49.02000045776367,49.025001525878906,49.02000045776367,49.025001525878906,574,0.0,0.0,0.0
2024-10-16 15:45:00-04:00,49.02000045776367,49.02629852294922,49.02000045776367,49.025001525878906,1514,0.0,0.0,0.0
2024-10-16 15:50:00-04:00,49.02399826049805,49.025001525878906,49.02000045776367,49.02000045776367,1677,0.0,0.0,0.0
2024-10-16 15:55:00-04:00,49.02000045776367,49.029998779296875,49.02000045776367,49.02000045776367,5619,0.0,0.0,0.0
2024-10-17 09:30:00-04:00,49.02000045776367,49.029998779296875,49.02000045776367,49.02000045776367,8321,0.0,0.0,0.0
2024-10-17 09:35:00-04:00,49.02000045776367,49.02000045776367,49.02000045776367,49.02000045776367,541,0.0,0.0,0.0
2024-10-17 09:40:00-04:00,49.02000045776367,49.02000045776367,49.019901275634766,49.019901275634766,3440,0.0,0.0,0.0
2024-10-17 09:45:00-04:00,49.0099983215332,49.0099983215332,49.0099983215332,49.0099983215332,3201,0.0,0.0,0.0
2024-10-17 09:50:00-04:00,49.0099983215332,49.0099983215332,49.0,49.0,7102,0.0,0.0,0.0
2024-10-17 09:55:00-04:00,49.005001068115234,49.0099983215332,49.005001068115234,49.0099983215332,3603,0.0,0.0,0.0
2024-10-17 10:00:00-04:00,49.0099983215332,49.0182991027832,49.0098991394043,49.0099983215332,35027,0.0,0.0,0.0
2024-10-17 10:05:00-04:00,49.0099983215332,49.01810073852539,49.0088996887207,49.01810073852539,13967,0.0,0.0,0.0
2024-10-17 10:10:00-04:00,49.011199951171875,49.011199951171875,49.010101318359375,49.010101318359375,945,0.0,0.0,0.0
2024-10-17 10:15:00-04:00,49.01499938964844,49.01890182495117,49.014400482177734,49.014400482177734,1268,0.0,0.0,0.0
2024-10-17 10:20:00-04:00,49.01100158691406,49.01100158691406,49.01100158691406,49.01100158691406,209,0.0,0.0,0.0
2024-10-17 10:25:00-04:00,49.019901275634766,49.019901275634766,49.019901275634766,49.019901275634766,104,0.0,0.0,0.0
2024-10-17 10:30:00-04:00,49.01499938964844,49.01499938964844,49.0099983215332,49.0099983215332,2170,0.0,0.0,0.0
2024-10-17 10:35:00-04:00,49.01499938964844,49.02000045776367,49.01100158691406,49.02000045776367,3959,0.0,0.0,0.0
2024-10-17 10:40:00-04:00,49.01499938964844,49.01499938964844,49.01499938964844,49.01499938964844,1462,0.0,0.0,0.0
2024-10-17 10:55:00-04:00,49.0181999206543,49.018699645996094,49.0181999206543,49.018699645996094,803,0.0,0.0,0.0
2024-10-17 11:00:00-04:00,49.02000045776367,49.02000045776367,49.0099983215332,49.015098571777344,2295,0.0,0.0,0.0
2024-10-17 11:05:00-04:00,49.0099983215332,49.02000045776367,49.0099983215332,49.01499938964844,9471,0.0,0.0,0.0
2024-10-17 11:10:00-04:00,49.01499938964844,49.01499938964844,49.01499938964844,49.01499938964844,163,0.0,0.0,0.0
2024-10-17 11:15:00-04:00,49.019901275634766,49.02000045776367,49.01499938964844,49.019901275634766,1533,0.0,0.0,0.0
2024-10-17 11:20:00-04:00,49.02000045776367,49.02000045776367,49.01919937133789,49.01919937133789,2084,0.0,0.0,0.0
2024-10-17 11:25:00-04:00,49.0099983215332,49.019901275634766,49.0099983215332,49.019901275634766,20199,0.0,0.0,0.0
2024-10-17 11:35:00-04:00,49.019100189208984,49.019100189208984,49.019100189208984,49.019100189208984,473,0.0,0.0,0.0
2024-10-17 11:45:00-04:00,49.01499938964844,49.01499938964844,49.01499938964844,49.01499938964844,274,0.0,0.0,0.0
2024-10-17 11:50:00-04:00,49.019901275634766,49.019901275634766,49.019901275634766,49.019901275634766,547,0.0,0.0,0.0
2024-10-17 11:55:00-04:00,49.010101318359375,49.010101318359375,49.010101318359375,49.010101318359375,900,0.0,0.0,0.0
2024-10-17 12:00:00-04:00,49.010101318359375,49.01499938964844,49.010101318359375,49.01499938964844,3094,0.0,0.0,0.0
2024-10-17 12:05:00-04:00,49.01499938964844,49.01499938964844,49.01499938964844,49.01499938964844,1025,0.0,0.0,0.0
2024-10-17 12:10:00-04:00,49.01499938964844,49.01499938964844,49.01286697387695,49.01286697387695,854,0.0,0.0,0.0
2024-10-17 12:15:00-04:00,49.02000045776367,49.02000045776367,49.01499938964844,49.01499938964844,1038,0.0,0.0,0.0
2024-10-17 12:20:00-04:00,49.014198303222656,49.01860046386719,49.014198303222656,49.01860046386719,2725,0.0,0.0,0.0
2024-10-17 12:25:00-04:00,49.01499938964844,49.017452239990234,49.01201248168945,49.017452239990234,1794,0.0,0.0,0.0
2024-10-17 12:30:00-04:00,49.01860046386719,49.01860046386719,49.01860046386719,49.01860046386719,325,0.0,0.0,0.0
2024-10-17 12:35:00-04:00,49.01499938964844,49.01969909667969,49.01499938964844,49.01499938964844,600,0.0,0.0,0.0
2024-10-17 12:40:00-04:00,49.01499938964844,49.01900100708008,49.0,49.01499938964844,189812,0.0,0.0,0.0
2024-10-17 12:45:00-04:00,49.016700744628906,49.016700744628906,49.011199951171875,49.011199951171875,2159,0.0,0.0,0.0
2024-10-17 13:00:00-04:00,49.01499938964844,49.02000045776367,49.01499938964844,49.01810073852539,1357,0.0,0.0,0.0
2024-10-17 13:05:00-04:00,49.01890182495117,49.01890182495117,49.01890182495117,49.01890182495117,312,0.0,0.0,0.0
2024-10-17 13:30:00-04:00,49.01100158691406,49.01100158691406,49.01100158691406,49.01100158691406,1391,0.0,0.0,0.0
2024-10-17 13:35:00-04:00,49.01499938964844,49.02000045776367,49.01110076904297,49.02000045776367,13223,0.0,0.0,0.0
2024-10-17 13:40:00-04:00,49.01499938964844,49.02000045776367,49.01499938964844,49.01499938964844,7103,0.0,0.0,0.0
2024-10-17 13:45:00-04:00,49.02000045776367,49.02000045776367,49.02000045776367,49.02000045776367,1197,0.0,0.0,0.0
2024-10-17 13:50:00-04:00,49.01499938964844,49.01499938964844,49.01499938964844,49.01499938964844,143,0.0,0.0,0.0
2024-10-17 13:55:00-04:00,49.0099983215332,49.0099983215332,49.0099983215332,49.0099983215332,345,0.0,0.0,0.0
2024-10-17 14:00:00-04:00,49.010799407958984,49.010799407958984,49.010799407958984,49.010799407958984,104,0.0,0.0,0.0
2024-10-17 14:05:00-04:00,49.01250457763672,49.01250457763672,49.01250457763672,49.01250457763672,352,0.0,0.0,0.0
2024-10-17 14:10:00-04:00,49.01810073852539,49.01890182495117,49.01810073852539,49.01890182495117,424,0.0,0.0,0.0
2024-10-17 14:15:00-04:00,49.01499938964844,49.01499938964844,49.01250076293945,49.01250076293945,1863,0.0,0.0,0.0
2024-10-17 14:20:00-04:00,49.010101318359375,49.01499938964844,49.0099983215332,49.0099983215332,5597,0.0,0.0,0.0
2024-10-17 14:25:00-04:00,49.01129913330078,49.01860046386719,49.01129913330078,49.01860046386719,2343,0.0,0.0,0.0
2024-10-17 14:30:00-04:00,49.01020050048828,49.01499938964844,49.01020050048828,49.01150131225586,2332,0.0,0.0,0.0
2024-10-17 14:35:00-04:00,49.019901275634766,49.019901275634766,49.0099983215332,49.0099983215332,1268,0.0,0.0,0.0
2024-10-17 14:40:00-04:00,49.019100189208984,49.019901275634766,49.0099983215332,49.0099983215332,2501,0.0,0.0,0.0
2024-10-17 14:45:00-04:00,49.01499938964844,49.01499938964844,49.01499938964844,49.01499938964844,508,0.0,0.0,0.0
2024-10-17 14:50:00-04:00,49.0099983215332,49.019901275634766,49.0099983215332,49.019901275634766,1160,0.0,0.0,0.0
2024-10-17 14:55:00-04:00,49.01750183105469,49.01750183105469,49.01750183105469,49.01750183105469,342,0.0,0.0,0.0
2024-10-17 15:05:00-04:00,49.019901275634766,49.019901275634766,49.019901275634766,49.019901275634766,404,0.0,0.0,0.0
2024-10-17 15:10:00-04:00,49.01789855957031,49.01789855957031,49.01789855957031,49.01789855957031,198,0.0,0.0,0.0
2024-10-17 15:15:00-04:00,49.01539993286133,49.01539993286133,49.01139831542969,49.01499938964844,550,0.0,0.0,0.0
2024-10-17 15:20:00-04:00,49.019901275634766,49.019901275634766,49.01499938964844,49.01789855957031,33449,0.0,0.0,0.0
2024-10-17 15:25:00-04:00,49.01499938964844,49.01499938964844,49.01499938964844,49.01499938964844,875,0.0,0.0,0.0
2024-10-17 15:30:00-04:00,49.01499938964844,49.018699645996094,49.01100158691406,49.013301849365234,3547,0.0,0.0,0.0
2024-10-17 15:35:00-04:00,49.01499938964844,49.01499938964844,49.01499938964844,49.01499938964844,217,0.0,0.0,0.0
2024-10-17 15:40:00-04:00,49.01020050048828,49.01020050048828,49.01020050048828,49.01020050048828,520,0.0,0.0,0.0
2024-10-17 15:45:00-04:00,49.01499938964844,49.01499938964844,49.01499938964844,49.01499938964844,301,0.0,0.0,0.0
2024-10-17 15:50:00-04:00,49.02000045776367,49.02000045776367,49.0099983215332,49.019798278808594,5571,0.0,0.0,0.0
2024-10-17 15:55:00-04:00,49.01499938964844,49.02000045776367,49.01499938964844,49.02000045776367,0,0.0,0.0,0.0
2024-10-18 09:30:00-04:00,49.029998779296875,49.040000915527344,49.029998779296875,49.03269958496094,61748,0.0,0.0,0.0
2024-10-18 09:35:00-04:00,49.03990173339844,49.040000915527344,49.029998779296875,49.03990173339844,4204,0.0,0.0,0.0
2024-10-18 09:40:00-04:00,49.03799819946289,49.040000915527344,49.029998779296875,49.029998779296875,7029,0.0,0.0,0.0
2024-10-18 09:50:00-04:00,49.03990173339844,49.03990173339844,49.03499984741211,49.03499984741211,9836,0.0,0.0,0.0
2024-10-18 09:55:00-04:00,49.03499984741211,49.03499984741211,49.03200149536133,49.03200149536133,1007,0.0,0.0,0.0
2024-10-18 10:00:00-04:00,49.03450012207031,49.03499984741211,49.03450012207031,49.03499984741211,2261,0.0,0.0,0.0
2024-10-18 10:05:00-04:00,49.040000915527344,49.040000915527344,49.03799819946289,49.03860092163086,5227,0.0,0.0,0.0
2024-10-18 10:10:00-04:00,49.03160095214844,49.040000915527344,49.029998779296875,49.03499984741211,7072,0.0,0.0,0.0
2024-10-18 10:15:00-04:00,49.03499984741211,49.040000915527344,49.029998779296875,49.029998779296875,5464,0.0,0.0,0.0
2024-10-18 10:25:00-04:00,49.034000396728516,49.03990173339844,49.034000396728516,49.03990173339844,375,0.0,0.0,0.0
2024-10-18 10:30:00-04:00,49.03390121459961,49.03499984741211,49.029998779296875,49.03499984741211,1390,0.0,0.0,0.0
2024-10-18 10:35:00-04:00,49.029998779296875,49.029998779296875,49.029998779296875,49.029998779296875,706,0.0,0.0,0.0
2024-10-18 10:40:00-04:00,49.03499984741211,49.03499984741211,49.03390121459961,49.03390121459961,1006,0.0,0.0,0.0
2024-10-18 10:45:00-04:00,49.036399841308594,49.036399841308594,49.029998779296875,49.029998779296875,2460,0.0,0.0,0.0
2024-10-18 10:50:00-04:00,49.03499984741211,49.03499984741211,49.029998779296875,49.029998779296875,530,0.0,0.0,0.0
2024-10-18 10:55:00-04:00,49.029998779296875,49.029998779296875,49.029998779296875,49.029998779296875,169,0.0,0.0,0.0
2024-10-18 11:00:00-04:00,49.03860092163086,49.03860092163086,49.03860092163086,49.03860092163086,382,0.0,0.0,0.0
2024-10-18 11:10:00-04:00,49.029998779296875,49.039798736572266,49.029998779296875,49.039798736572266,2821,0.0,0.0,0.0
2024-10-18 11:20:00-04:00,49.03499984741211,49.03499984741211,49.03499984741211,49.03499984741211,235,0.0,0.0,0.0
2024-10-18 11:25:00-04:00,49.03499984741211,49.03499984741211,49.029998779296875,49.029998779296875,840,0.0,0.0,0.0
2024-10-18 11:30:00-04:00,49.040000915527344,49.040000915527344,49.03499984741211,49.03499984741211,67944,0.0,0.0,0.0
2024-10-18 11:35:00-04:00,49.03499984741211,49.040000915527344,49.029998779296875,49.03499984741211,6489,0.0,0.0,0.0
2024-10-18 11:40:00-04:00,49.03499984741211,49.03499984741211,49.03499984741211,49.03499984741211,441,0.0,0.0,0.0
2024-10-18 11:45:00-04:00,49.03499984741211,49.03499984741211,49.03499984741211,49.03499984741211,312,0.0,0.0,0.0
2024-10-18 11:50:00-04:00,49.040000915527344,49.040000915527344,49.03499984741211,49.03499984741211,400,0.0,0.0,0.0
2024-10-18 11:55:00-04:00,49.03850173950195,49.03850173950195,49.03499984741211,49.03499984741211,5799,0.0,0.0,0.0
2024-10-18 12:00:00-04:00,49.03499984741211,49.038700103759766,49.03499984741211,49.03499984741211,2580,0.0,0.0,0.0
2024-10-18 12:05:00-04:00,49.03499984741211,49.03499984741211,49.03499984741211,49.03499984741211,341,0.0,0.0,0.0
2024-10-18 12:10:00-04:00,49.03499984741211,49.03499984741211,49.03499984741211,49.03499984741211,257,0.0,0.0,0.0
2024-10-18 12:15:00-04:00,49.03499984741211,49.03499984741211,49.03499984741211,49.03499984741211,1016,0.0,0.0,0.0
2024-10-18 12:20:00-04:00,49.040000915527344,49.040000915527344,49.03499984741211,49.03499984741211,3448,0.0,0.0,0.0
2024-10-18 12:25:00-04:00,49.040000915527344,49.040000915527344,49.040000915527344,49.040000915527344,750,0.0,0.0,0.0
2024-10-18 12:30:00-04:00,49.03499984741211,49.03499984741211,49.03499984741211,49.03499984741211,2000,0.0,0.0,0.0
2024-10-18 12:35:00-04:00,49.03499984741211,49.03499984741211,49.029998779296875,49.029998779296875,6712,0.0,0.0,0.0
2024-10-18 12:40:00-04:00,49.03499984741211,49.03499984741211,49.03499984741211,49.03499984741211,800,0.0,0.0,0.0
2024-10-18 12:45:00-04:00,49.029998779296875,49.03499984741211,49.029998779296875,49.03499984741211,7992,0.0,0.0,0.0
2024-10-18 12:50:00-04:00,49.03499984741211,49.03499984741211,49.03499984741211,49.03499984741211,234,0.0,0.0,0.0
2024-10-18 13:00:00-04:00,49.03499984741211,49.03499984741211,49.0322265625,49.0322265625,636,0.0,0.0,0.0
2024-10-18 13:05:00-04:00,49.03499984741211,49.03499984741211,49.03499984741211,49.03499984741211,225,0.0,0.0,0.0
2024-10-18 13:20:00-04:00,49.03499984741211,49.037899017333984,49.03499984741211,49.037899017333984,428,0.0,0.0,0.0
2024-10-18 13:25:00-04:00,49.03329849243164,49.03329849243164,49.03329849243164,49.03329849243164,763,0.0,0.0,0.0
2024-10-18 13:30:00-04:00,49.03499984741211,49.03499984741211,49.03499984741211,49.03499984741211,2060,0.0,0.0,0.0
2024-10-18 13:40:00-04:00,49.03499984741211,49.03820037841797,49.03499984741211,49.03820037841797,2810,0.0,0.0,0.0
2024-10-18 13:45:00-04:00,49.029998779296875,49.029998779296875,49.029998779296875,49.029998779296875,3361,0.0,0.0,0.0
2024-10-18 13:50:00-04:00,49.029998779296875,49.03499984741211,49.029998779296875,49.03499984741211,2328,0.0,0.0,0.0
2024-10-18 13:55:00-04:00,49.03229904174805,49.03229904174805,49.03229904174805,49.03229904174805,1165,0.0,0.0,0.0
2024-10-18 14:00:00-04:00,49.03499984741211,49.0359992980957,49.03010177612305,49.0359992980957,4570,0.0,0.0,0.0
2024-10-18 14:05:00-04:00,49.03010177612305,49.03010177612305,49.03010177612305,49.03010177612305,119,0.0,0.0,0.0
2024-10-18 14:10:00-04:00,49.03839874267578,49.03839874267578,49.03499984741211,49.03499984741211,1652,0.0,0.0,0.0
2024-10-18 14:15:00-04:00,49.03499984741211,49.038299560546875,49.029998779296875,49.038299560546875,7281,0.0,0.0,0.0
2024-10-18 14:20:00-04:00,49.040000915527344,49.040000915527344,49.040000915527344,49.040000915527344,3519,0.0,0.0,0.0
2024-10-18 14:25:00-04:00,49.040000915527344,49.040000915527344,49.03499984741211,49.03499984741211,638,0.0,0.0,0.0
2024-10-18 14:30:00-04:00,49.03499984741211,49.03499984741211,49.03499984741211,49.03499984741211,433,0.0,0.0,0.0
2024-10-18 14:40:00-04:00,49.03860092163086,49.040000915527344,49.03799819946289,49.040000915527344,42907,0.0,0.0,0.0
2024-10-18 14:45:00-04:00,49.034000396728516,49.040000915527344,49.029998779296875,49.03499984741211,9106,0.0,0.0,0.0
2024-10-18 14:50:00-04:00,49.03499984741211,49.03990173339844,49.029998779296875,49.0364990234375,5660,0.0,0.0,0.0
2024-10-18 14:55:00-04:00,49.0348014831543,49.03499984741211,49.0348014831543,49.03499984741211,528,0.0,0.0,0.0
2024-10-18 15:00:00-04:00,49.03499984741211,49.03499984741211,49.03499984741211,49.03499984741211,200,0.0,0.0,0.0
2024-10-18 15:10:00-04:00,49.03499984741211,49.03499984741211,49.03499984741211,49.03499984741211,2292,0.0,0.0,0.0
2024-10-18 15:15:00-04:00,49.029998779296875,49.029998779296875,49.029998779296875,49.029998779296875,162,0.0,0.0,0.0
2024-10-18 15:20:00-04:00,49.03499984741211,49.040000915527344,49.031700134277344,49.03499984741211,11625,0.0,0.0,0.0
2024-10-18 15:25:00-04:00,49.0349006652832,49.040000915527344,49.0349006652832,49.040000915527344,730,0.0,0.0,0.0
2024-10-18 15:35:00-04:00,49.03820037841797,49.040000915527344,49.029998779296875,49.029998779296875,7280,0.0,0.0,0.0
2024-10-18 15:40:00-04:00,49.029998779296875,49.040000915527344,49.029998779296875,49.03499984741211,6986,0.0,0.0,0.0
2024-10-18 15:45:00-04:00,49.040000915527344,49.040000915527344,49.03499984741211,49.03499984741211,646,0.0,0.0,0.0
2024-10-18 15:50:00-04:00,49.03229904174805,49.03499984741211,49.03129959106445,49.03129959106445,2579,0.0,0.0,0.0
2024-10-18 15:55:00-04:00,49.040000915527344,49.040000915527344,49.03499984741211,49.040000915527344,3842,0.0,0.0,0.0
2024-10-21 09:30:00-04:00,49.02000045776367,49.04999923706055,49.02000045776367,49.04159927368164,33362,0.0,0.0,0.0
2024-10-21 09:35:00-04:00,49.03929901123047,49.03950119018555,49.03499984741211,49.03499984741211,4411,0.0,0.0,0.0
2024-10-21 09:45:00-04:00,49.03739929199219,49.03739929199219,49.03739929199219,49.03739929199219,142,0.0,0.0,0.0
2024-10-21 09:50:00-04:00,49.03499984741211,49.03499984741211,49.03499984741211,49.03499984741211,789,0.0,0.0,0.0
2024-10-21 09:55:00-04:00,49.03499984741211,49.03499984741211,49.03499984741211,49.03499984741211,226,0.0,0.0,0.0
2024-10-21 10:05:00-04:00,49.033485412597656,49.03499984741211,49.033485412597656,49.03499984741211,716,0.0,0.0,0.0
2024-10-21 10:10:00-04:00,49.03990173339844,49.040000915527344,49.029998779296875,49.040000915527344,1463,0.0,0.0,0.0
2024-10-21 10:20:00-04:00,49.029998779296875,49.029998779296875,49.029998779296875,49.029998779296875,164,0.0,0.0,0.0
2024-10-21 10:25:00-04:00,49.039798736572266,49.039798736572266,49.029998779296875,49.03499984741211,2480,0.0,0.0,0.0
2024-10-21 10:30:00-04:00,49.03900146484375,49.03900146484375,49.029998779296875,49.03499984741211,3597,0.0,0.0,0.0
2024-10-21 10:35:00-04:00,49.03990173339844,49.03990173339844,49.029998779296875,49.029998779296875,6356,0.0,0.0,0.0
2024-10-21 10:40:00-04:00,49.03499984741211,49.03499984741211,49.029998779296875,49.03499984741211,869,0.0,0.0,0.0
2024-10-21 10:45:00-04:00,49.029998779296875,49.03499984741211,49.029998779296875,49.03499984741211,1551,0.0,0.0,0.0
2024-10-21 10:50:00-04:00,49.029998779296875,49.040000915527344,49.029998779296875,49.029998779296875,12030,0.0,0.0,0.0
2024-10-21 10:55:00-04:00,49.029998779296875,49.040000915527344,49.029998779296875,49.040000915527344,31769,0.0,0.0,0.0
2024-10-21 11:05:00-04:00,49.03499984741211,49.03499984741211,49.029998779296875,49.03260040283203,1989,0.0,0.0,0.0
2024-10-21 11:10:00-04:00,49.03499984741211,49.040000915527344,49.029998779296875,49.03499984741211,3970,0.0,0.0,0.0
2024-10-21 11:15:00-04:00,49.040000915527344,49.040000915527344,49.029998779296875,49.040000915527344,1872,0.0,0.0,0.0
2024-10-21 11:25:00-04:00,49.03129959106445,49.03129959106445,49.03129959106445,49.03129959106445,284,0.0,0.0,0.0
2024-10-21 11:30:00-04:00,49.03879928588867,49.03879928588867,49.03879928588867,49.03879928588867,1020,0.0,0.0,0.0
2024-10-21 11:35:00-04:00,49.040000915527344,49.040000915527344,49.03990173339844,49.03990173339844,303,0.0,0.0,0.0
2024-10-21 11:40:00-04:00,49.03110122680664,49.040000915527344,49.03110122680664,49.038700103759766,4086,0.0,0.0,0.0
2024-10-21 11:45:00-04:00,49.040000915527344,49.040000915527344,49.040000915527344,49.040000915527344,293,0.0,0.0,0.0
2024-10-21 11:50:00-04:00,49.040000915527344,49.040000915527344,49.02840042114258,49.02870178222656,191474,0.0,0.0,0.0
2024-10-21 11:55:00-04:00,49.029998779296875,49.029998779296875,49.02009963989258,49.029998779296875,3099,0.0,0.0,0.0
2024-10-21 12:00:00-04:00,49.026798248291016,49.040000915527344,49.025001525878906,49.03499984741211,53061,0.0,0.0,0.0
2024-10-21 12:05:00-04:00,49.03499984741211,49.03728103637695,49.029998779296875,49.03129959106445,1945,0.0,0.0,0.0
2024-10-21 12:10:00-04:00,49.03990173339844,49.03990173339844,49.029998779296875,49.029998779296875,3693,0.0,0.0,0.0
2024-10-21 12:20:00-04:00,49.029998779296875,49.029998779296875,49.029998779296875,49.029998779296875,109,0.0,0.0,0.0
2024-10-21 12:30:00-04:00,49.03990173339844,49.040000915527344,49.03499984741211,49.03499984741211,1869,0.0,0.0,0.0
2024-10-21 12:35:00-04:00,49.029998779296875,49.03499984741211,49.029998779296875,49.029998779296875,4915,0.0,0.0,0.0
2024-10-21 12:40:00-04:00,49.03499984741211,49.03499984741211,49.029998779296875,49.029998779296875,4187,0.0,0.0,0.0
2024-10-21 12:45:00-04:00,49.029998779296875,49.029998779296875,49.025001525878906,49.029998779296875,22300,0.0,0.0,0.0
2024-10-21 12:50:00-04:00,49.02989959716797,49.029998779296875,49.02989959716797,49.029998779296875,9309,0.0,0.0,0.0
2024-10-21 12:55:00-04:00,49.02980041503906,49.029998779296875,49.02980041503906,49.02989959716797,857,0.0,0.0,0.0
2024-10-21 13:00:00-04:00,49.02009963989258,49.029998779296875,49.02009963989258,49.029998779296875,9037,0.0,0.0,0.0
2024-10-21 13:05:00-04:00,49.029998779296875,49.029998779296875,49.021400451660156,49.029998779296875,8618,0.0,0.0,0.0
2024-10-21 13:10:00-04:00,49.029998779296875,49.029998779296875,49.029998779296875,49.029998779296875,1359,0.0,0.0,0.0
2024-10-21 13:15:00-04:00,49.029998779296875,49.029998779296875,49.02989959716797,49.029998779296875,3335,0.0,0.0,0.0
2024-10-21 13:20:00-04:00,49.029998779296875,49.029998779296875,49.029998779296875,49.029998779296875,12758,0.0,0.0,0.0
2024-10-21 13:25:00-04:00,49.029998779296875,49.029998779296875,49.021400451660156,49.029998779296875,1005,0.0,0.0,0.0
2024-10-21 13:30:00-04:00,49.02989959716797,49.029998779296875,49.025001525878906,49.029998779296875,1732,0.0,0.0,0.0
2024-10-21 13:35:00-04:00,49.029998779296875,49.029998779296875,49.029998779296875,49.029998779296875,197,0.0,0.0,0.0
2024-10-21 13:40:00-04:00,49.025001525878906,49.029998779296875,49.02130126953125,49.029998779296875,8799,0.0,0.0,0.0
2024-10-21 13:45:00-04:00,49.029998779296875,49.029998779296875,49.029998779296875,49.029998779296875,1083,0.0,0.0,0.0
2024-10-21 13:55:00-04:00,49.029300689697266,49.029998779296875,49.021400451660156,49.021400451660156,1883,0.0,0.0,0.0
2024-10-21 14:00:00-04:00,49.029998779296875,49.029998779296875,49.02009963989258,49.029998779296875,15256,0.0,0.0,0.0
2024-10-21 14:05:00-04:00,49.025001525878906,49.029998779296875,49.025001525878906,49.029998779296875,2649,0.0,0.0,0.0
2024-10-21 14:10:00-04:00,49.029998779296875,49.029998779296875,49.029300689697266,49.029701232910156,2353,0.0,0.0,0.0
2024-10-21 14:15:00-04:00,49.029998779296875,49.029998779296875,49.029998779296875,49.029998779296875,2784,0.0,0.0,0.0
2024-10-21 14:20:00-04:00,49.02000045776367,49.029998779296875,49.02000045776367,49.029998779296875,3045,0.0,0.0,0.0
2024-10-21 14:25:00-04:00,49.029998779296875,49.029998779296875,49.02799987792969,49.029998779296875,7824,0.0,0.0,0.0
2024-10-21 14:30:00-04:00,49.029998779296875,49.029998779296875,49.029300689697266,49.029998779296875,5101,0.0,0.0,0.0
2024-10-21 14:35:00-04:00,49.029998779296875,49.03499984741211,49.029998779296875,49.029998779296875,1238,0.0,0.0,0.0
2024-10-21 14:40:00-04:00,49.03020095825195,49.03499984741211,49.03020095825195,49.03499984741211,974,0.0,0.0,0.0
2024-10-21 14:50:00-04:00,49.040000915527344,49.040000915527344,49.03010177612305,49.03499984741211,5701,0.0,0.0,0.0
2024-10-21 14:55:00-04:00,49.03990173339844,49.03990173339844,49.03499984741211,49.03499984741211,9246,0.0,0.0,0.0
2024-10-21 15:00:00-04:00,49.03670120239258,49.03670120239258,49.03499984741211,49.03499984741211,1470,0.0,0.0,0.0
2024-10-21 15:05:00-04:00,49.03499984741211,49.040000915527344,49.03499984741211,49.040000915527344,697,0.0,0.0,0.0
2024-10-21 15:10:00-04:00,49.03499984741211,49.03499984741211,49.029998779296875,49.03499984741211,1584,0.0,0.0,0.0
2024-10-21 15:15:00-04:00,49.040000915527344,49.040000915527344,49.03499984741211,49.03499984741211,2065,0.0,0.0,0.0
2024-10-21 15:20:00-04:00,49.03499984741211,49.03499984741211,49.03499984741211,49.03499984741211,722,0.0,0.0,0.0
2024-10-21 15:25:00-04:00,49.03499984741211,49.03499984741211,49.03499984741211,49.03499984741211,734,0.0,0.0,0.0
2024-10-21 15:30:00-04:00,49.03990173339844,49.040000915527344,49.03499984741211,49.040000915527344,1428,0.0,0.0,0.0
2024-10-21 15:40:00-04:00,49.029998779296875,49.029998779296875,49.029998779296875,49.029998779296875,305,0.0,0.0,0.0
2024-10-21 15:45:00-04:00,49.03020095825195,49.03499984741211,49.03020095825195,49.03499984741211,468,0.0,0.0,0.0
2024-10-21 15:50:00-04:00,49.029998779296875,49.03990173339844,49.029998779296875,49.03499984741211,9411,0.0,0.0,0.0
2024-10-21 15:55:00-04:00,49.040000915527344,49.040000915527344,49.03499984741211,49.03499984741211,16862,0.0,0.0,0.0
2024-10-22 09:30:00-04:00,49.02000045776367,49.040000915527344,49.02000045776367,49.029998779296875,56463,0.0,0.0,0.0
2024-10-22 09:35:00-04:00,49.03499984741211,49.03499984741211,49.03499984741211,49.03499984741211,2978,0.0,0.0,0.0
2024-10-22 09:40:00-04:00,49.03499984741211,49.038700103759766,49.03499984741211,49.03499984741211,13114,0.0,0.0,0.0
2024-10-22 09:45:00-04:00,49.040000915527344,49.040000915527344,49.03860092163086,49.040000915527344,20465,0.0,0.0,0.0
2024-10-22 09:50:00-04:00,49.040000915527344,49.040000915527344,49.03139877319336,49.040000915527344,3494,0.0,0.0,0.0
2024-10-22 09:55:00-04:00,49.040000915527344,49.040000915527344,49.03710174560547,49.03990173339844,1000,0.0,0.0,0.0
2024-10-22 10:00:00-04:00,49.040000915527344,49.040000915527344,49.03499984741211,49.040000915527344,1425,0.0,0.0,0.0
2024-10-22 10:05:00-04:00,49.03499984741211,49.040000915527344,49.03499984741211,49.040000915527344,10944,0.0,0.0,0.0
2024-10-22 10:15:00-04:00,49.03990173339844,49.040000915527344,49.03499984741211,49.03499984741211,4518,0.0,0.0,0.0
2024-10-22 10:20:00-04:00,49.038700103759766,49.040000915527344,49.03499984741211,49.03499984741211,891,0.0,0.0,0.0
2024-10-22 10:30:00-04:00,49.03499984741211,49.03499984741211,49.03499984741211,49.03499984741211,604,0.0,0.0,0.0
2024-10-22 10:35:00-04:00,49.040000915527344,49.040000915527344,49.03620147705078,49.040000915527344,1774,0.0,0.0,0.0
2024-10-22 10:40:00-04:00,49.03519821166992,49.040000915527344,49.029998779296875,49.029998779296875,1321,0.0,0.0,0.0
2024-10-22 10:45:00-04:00,49.037498474121094,49.040000915527344,49.03499984741211,49.040000915527344,2288,0.0,0.0,0.0
2024-10-22 10:50:00-04:00,49.040000915527344,49.040000915527344,49.03129959106445,49.040000915527344,1129,0.0,0.0,0.0
2024-10-22 10:55:00-04:00,49.040000915527344,49.040000915527344,49.03459930419922,49.03710174560547,3476,0.0,0.0,0.0
2024-10-22 11:00:00-04:00,49.040000915527344,49.040000915527344,49.035701751708984,49.035701751708984,550,0.0,0.0,0.0
2024-10-22 11:05:00-04:00,49.040000915527344,49.040000915527344,49.03499984741211,49.040000915527344,7577,0.0,0.0,0.0
2024-10-22 11:10:00-04:00,49.03139877319336,49.040000915527344,49.03139877319336,49.040000915527344,12180,0.0,0.0,0.0
2024-10-22 11:15:00-04:00,49.03499984741211,49.040000915527344,49.03499984741211,49.040000915527344,21564,0.0,0.0,0.0
2024-10-22 11:20:00-04:00,49.040000915527344,49.040000915527344,49.03499984741211,49.040000915527344,8761,0.0,0.0,0.0
2024-10-22 11:25:00-04:00,49.040000915527344,49.040000915527344,49.040000915527344,49.040000915527344,800,0.0,0.0,0.0
2024-10-22 11:30:00-04:00,49.039798736572266,49.040000915527344,49.03839874267578,49.03850173950195,48736,0.0,0.0,0.0
2024-10-22 11:35:00-04:00,49.040000915527344,49.040000915527344,49.03710174560547,49.040000915527344,22754,0.0,0.0,0.0
2024-10-22 11:40:00-04:00,49.03850173950195,49.040000915527344,49.03850173950195,49.040000915527344,11651,0.0,0.0,0.0
2024-10-22 11:45:00-04:00,49.040000915527344,49.04999923706055,49.040000915527344,49.04499816894531,23871,0.0,0.0,0.0
2024-10-22 11:50:00-04:00,49.04499816894531,49.04499816894531,49.04499816894531,49.04499816894531,1800,0.0,0.0,0.0
2024-10-22 11:55:00-04:00,49.04499816894531,49.04759979248047,49.04010009765625,49.04499816894531,3515,0.0,0.0,0.0
2024-10-22 12:00:00-04:00,49.04499816894531,49.04499816894531,49.04499816894531,49.04499816894531,1229,0.0,0.0,0.0
2024-10-22 12:05:00-04:00,49.04499816894531,49.04499816894531,49.0432014465332,49.04499816894531,1402,0.0,0.0,0.0
2024-10-22 12:10:00-04:00,49.04499816894531,49.04669189453125,49.04010009765625,49.04499816894531,1343,0.0,0.0,0.0
2024-10-22 12:15:00-04:00,49.04499816894531,49.04499816894531,49.04130172729492,49.04130172729492,1100,0.0,0.0,0.0
2024-10-22 12:20:00-04:00,49.04499816894531,49.04499816894531,49.04499816894531,49.04499816894531,111,0.0,0.0,0.0
2024-10-22 12:30:00-04:00,49.041500091552734,49.041500091552734,49.041500091552734,49.041500091552734,2072,0.0,0.0,0.0
2024-10-22 12:35:00-04:00,49.04010009765625,49.04010009765625,49.040000915527344,49.04010009765625,1079,0.0,0.0,0.0
2024-10-22 12:40:00-04:00,49.04499816894531,49.04499816894531,49.04010009765625,49.04010009765625,828,0.0,0.0,0.0
2024-10-22 12:45:00-04:00,49.04069900512695,49.04499816894531,49.04069900512695,49.04499816894531,695,0.0,0.0,0.0
2024-10-22 12:50:00-04:00,49.04100036621094,49.041900634765625,49.04100036621094,49.041900634765625,1197,0.0,0.0,0.0
2024-10-22 12:55:00-04:00,49.04999923706055,49.04999923706055,49.040000915527344,49.040000915527344,900,0.0,0.0,0.0
2024-10-22 13:00:00-04:00,49.0463981628418,49.0463981628418,49.040000915527344,49.0463981628418,2239,0.0,0.0,0.0
2024-10-22 13:05:00-04:00,49.04999923706055,49.04999923706055,49.04999923706055,49.04999923706055,100,0.0,0.0,0.0
2024-10-22 13:10:00-04:00,49.04819869995117,49.04819869995117,49.04130172729492,49.04130172729492,1049,0.0,0.0,0.0
2024-10-22 13:15:00-04:00,49.04499816894531,49.04999923706055,49.04499816894531,49.04499816894531,1608,0.0,0.0,0.0
2024-10-22 13:30:00-04:00,49.04750061035156,49.04750061035156,49.04499816894531,49.04499816894531,3848,0.0,0.0,0.0
2024-10-22 13:35:00-04:00,49.04999923706055,49.04999923706055,49.040000915527344,49.04499816894531,7342,0.0,0.0,0.0
2024-10-22 13:40:00-04:00,49.04499816894531,49.04499816894531,49.04499816894531,49.04499816894531,152,0.0,0.0,0.0
2024-10-22 13:45:00-04:00,49.04499816894531,49.04999923706055,49.04499816894531,49.04499816894531,1460,0.0,0.0,0.0
2024-10-22 13:55:00-04:00,49.04499816894531,49.04999923706055,49.04499816894531,49.04999923706055,5510,0.0,0.0,0.0
2024-10-22 14:00:00-04:00,49.04999923706055,49.04999923706055,49.04499816894531,49.04999923706055,3612,0.0,0.0,0.0
2024-10-22 14:05:00-04:00,49.04999923706055,49.04999923706055,49.04990005493164,49.04999923706055,6603,0.0,0.0,0.0
2024-10-22 14:10:00-04:00,49.04999923706055,49.05500030517578,49.04710006713867,49.05500030517578,9517,0.0,0.0,0.0
2024-10-22 14:20:00-04:00,49.060001373291016,49.060001373291016,49.05139923095703,49.05139923095703,1126,0.0,0.0,0.0
2024-10-22 14:25:00-04:00,49.05070114135742,49.05139923095703,49.05070114135742,49.05139923095703,1639,0.0,0.0,0.0
2024-10-22 14:30:00-04:00,49.060001373291016,49.060001373291016,49.060001373291016,49.060001373291016,246,0.0,0.0,0.0
2024-10-22 14:40:00-04:00,49.060001373291016,49.060001373291016,49.05500030517578,49.060001373291016,1497,0.0,0.0,0.0
2024-10-22 14:45:00-04:00,49.05659866333008,49.05659866333008,49.05659866333008,49.05659866333008,383,0.0,0.0,0.0
2024-10-22 14:50:00-04:00,49.051300048828125,49.05500030517578,49.051300048828125,49.05329895019531,1083,0.0,0.0,0.0
2024-10-22 14:55:00-04:00,49.05500030517578,49.060001373291016,49.05500030517578,49.05500030517578,1208,0.0,0.0,0.0
2024-10-22 15:00:00-04:00,49.0525016784668,49.0525016784668,49.05009841918945,49.05009841918945,527,0.0,0.0,0.0
2024-10-22 15:10:00-04:00,49.05870056152344,49.05870056152344,49.05070114135742,49.05070114135742,769,0.0,0.0,0.0
2024-10-22 15:15:00-04:00,49.05500030517578,49.05500030517578,49.05139923095703,49.0525016784668,1559,0.0,0.0,0.0
2024-10-22 15:20:00-04:00,49.05009841918945,49.05500030517578,49.05009841918945,49.05500030517578,1216,0.0,0.0,0.0
2024-10-22 15:25:00-04:00,49.05419921875,49.060001373291016,49.05419921875,49.060001373291016,474,0.0,0.0,0.0
2024-10-22 15:30:00-04:00,49.05500030517578,49.05500030517578,49.04999923706055,49.05397033691406,496,0.0,0.0,0.0
2024-10-22 15:35:00-04:00,49.05739974975586,49.05820083618164,49.05500030517578,49.05500030517578,3158,0.0,0.0,0.0
2024-10-22 15:40:00-04:00,49.057498931884766,49.060001373291016,49.05070114135742,49.05500030517578,5208,0.0,0.0,0.0
2024-10-22 15:45:00-04:00,49.05500030517578,49.05500030517578,49.05500030517578,49.05500030517578,476,0.0,0.0,0.0
2024-10-22 15:50:00-04:00,49.05139923095703,49.060001373291016,49.04999923706055,49.05500030517578,7229,0.0,0.0,0.0
2024-10-22 15:55:00-04:00,49.05009841918945,49.064998626708984,49.05009841918945,49.064998626708984,20213,0.0,0.0,0.0
2024-10-23 09:30:00-04:00,49.040000915527344,49.04999923706055,49.03499984741211,49.040000915527344,26992,0.0,0.0,0.0
2024-10-23 09:35:00-04:00,49.040000915527344,49.040000915527344,49.040000915527344,49.040000915527344,4214,0.0,0.0,0.0
2024-10-23 09:40:00-04:00,49.046600341796875,49.046600341796875,49.046600341796875,49.046600341796875,755,0.0,0.0,0.0
2024-10-23 09:45:00-04:00,49.04899978637695,49.04899978637695,49.04899978637695,49.04899978637695,337,0.0,0.0,0.0
2024-10-23 09:55:00-04:00,49.04499816894531,49.04499816894531,49.04499816894531,49.04499816894531,605,0.0,0.0,0.0
2024-10-23 10:00:00-04:00,49.04499816894531,49.049800872802734,49.04460144042969,49.04570007324219,1823,0.0,0.0,0.0
2024-10-23 10:05:00-04:00,49.044498443603516,49.04880142211914,49.044498443603516,49.04880142211914,436,0.0,0.0,0.0
2024-10-23 10:10:00-04:00,49.04880142211914,49.04880142211914,49.04499816894531,49.04880142211914,941,0.0,0.0,0.0
2024-10-23 10:15:00-04:00,49.0453987121582,49.0453987121582,49.04499816894531,49.04499816894531,928,0.0,0.0,0.0
2024-10-23 10:20:00-04:00,49.04010009765625,49.04010009765625,49.04010009765625,49.04010009765625,271,0.0,0.0,0.0
2024-10-23 10:25:00-04:00,49.04499816894531,49.04999923706055,49.04499816894531,49.04999923706055,2014,0.0,0.0,0.0
2024-10-23 10:30:00-04:00,49.04869842529297,49.04999923706055,49.04499816894531,49.04750061035156,1547,0.0,0.0,0.0
2024-10-23 10:35:00-04:00,49.04499816894531,49.04499816894531,49.04499816894531,49.04499816894531,828,0.0,0.0,0.0
2024-10-23 10:40:00-04:00,49.04499816894531,49.04499816894531,49.04499816894531,49.04499816894531,330,0.0,0.0,0.0
2024-10-23 10:50:00-04:00,49.04499816894531,49.04499816894531,49.04499816894531,49.04499816894531,299,0.0,0.0,0.0
2024-10-23 10:55:00-04:00,49.04970169067383,49.04970169067383,49.040000915527344,49.04499816894531,6501,0.0,0.0,0.0
2024-10-23 11:00:00-04:00,49.040000915527344,49.04499816894531,49.040000915527344,49.040000915527344,5660,0.0,0.0,0.0
2024-10-23 11:05:00-04:00,49.0442008972168,49.04899978637695,49.0442008972168,49.04499816894531,1755,0.0,0.0,0.0
2024-10-23 11:10:00-04:00,49.04499816894531,49.04499816894531,49.040000915527344,49.040000915527344,1107,0.0,0.0,0.0
2024-10-23 11:15:00-04:00,49.04499816894531,49.04499816894531,49.04499816894531,49.04499816894531,274,0.0,0.0,0.0
2024-10-23 11:20:00-04:00,49.04499816894531,49.04990005493164,49.04499816894531,49.04990005493164,1339,0.0,0.0,0.0
2024-10-23 11:25:00-04:00,49.047401428222656,49.04819869995117,49.047401428222656,49.04819869995117,774,0.0,0.0,0.0
2024-10-23 11:45:00-04:00,49.04499816894531,49.04880142211914,49.04499816894531,49.04880142211914,580,0.0,0.0,0.0
2024-10-23 11:50:00-04:00,49.04869842529297,49.04869842529297,49.04869842529297,49.04869842529297,179,0.0,0.0,0.0
2024-10-23 12:05:00-04:00,49.04880142211914,49.04880142211914,49.04180145263672,49.04180145263672,580,0.0,0.0,0.0
2024-10-23 12:10:00-04:00,49.04880142211914,49.04880142211914,49.04499816894531,49.04499816894531,618,0.0,0.0,0.0
2024-10-23 12:25:00-04:00,49.04499816894531,49.04869842529297,49.043968200683594,49.04869842529297,536,0.0,0.0,0.0
2024-10-23 12:30:00-04:00,49.04499816894531,49.04499816894531,49.04499816894531,49.04499816894531,714,0.0,0.0,0.0
2024-10-23 12:35:00-04:00,49.04499816894531,49.04880142211914,49.04499816894531,49.04880142211914,947,0.0,0.0,0.0
2024-10-23 12:40:00-04:00,49.04499816894531,49.04499816894531,49.04499816894531,49.04499816894531,121,0.0,0.0,0.0
2024-10-23 12:45:00-04:00,49.0447998046875,49.04499816894531,49.0447998046875,49.04499816894531,1888,0.0,0.0,0.0
2024-10-23 12:50:00-04:00,49.04499816894531,49.04499816894531,49.04499816894531,49.04499816894531,461,0.0,0.0,0.0
2024-10-23 12:55:00-04:00,49.04499816894531,49.04869842529297,49.040199279785156,49.04499816894531,1560,0.0,0.0,0.0
2024-10-23 13:00:00-04:00,49.04499816894531,49.04499816894531,49.04140090942383,49.04140090942383,500,0.0,0.0,0.0
2024-10-23 13:05:00-04:00,49.04499816894531,49.04499816894531,49.04499816894531,49.04499816894531,649,0.0,0.0,0.0
2024-10-23 13:15:00-04:00,49.04499816894531,49.04499816894531,49.04499816894531,49.04499816894531,133,0.0,0.0,0.0
2024-10-23 13:20:00-04:00,49.04499816894531,49.04499816894531,49.04499816894531,49.04499816894531,115,0.0,0.0,0.0
2024-10-23 13:25:00-04:00,49.040000915527344,49.04999923706055,49.040000915527344,49.04499816894531,16193,0.0,0.0,0.0
2024-10-23 13:30:00-04:00,49.045101165771484,49.045101165771484,49.04199981689453,49.04199981689453,711,0.0,0.0,0.0
2024-10-23 13:35:00-04:00,49.04499816894531,49.04499816894531,49.040000915527344,49.04499816894531,845,0.0,0.0,0.0
2024-10-23 13:40:00-04:00,49.040000915527344,49.04869842529297,49.040000915527344,49.04869842529297,1531,0.0,0.0,0.0
2024-10-23 13:45:00-04:00,49.04499816894531,49.04750061035156,49.04499816894531,49.04750061035156,462,0.0,0.0,0.0
2024-10-23 13:55:00-04:00,49.04610061645508,49.04610061645508,49.040000915527344,49.04499816894531,3099,0.0,0.0,0.0
2024-10-23 14:00:00-04:00,49.040000915527344,49.04999923706055,49.040000915527344,49.040000915527344,1420,0.0,0.0,0.0
2024-10-23 14:10:00-04:00,49.04499816894531,49.04499816894531,49.029998779296875,49.029998779296875,35371,0.0,0.0,0.0
2024-10-23 14:15:00-04:00,49.03929901123047,49.040000915527344,49.029998779296875,49.03139877319336,5813,0.0,0.0,0.0
2024-10-23 14:20:00-04:00,49.03499984741211,49.040000915527344,49.03499984741211,49.040000915527344,3468,0.0,0.0,0.0
2024-10-23 14:25:00-04:00,49.03200149536133,49.03900146484375,49.03200149536133,49.03900146484375,626,0.0,0.0,0.0
2024-10-23 14:35:00-04:00,49.03990173339844,49.03990173339844,49.029998779296875,49.029998779296875,912,0.0,0.0,0.0
2024-10-23 14:45:00-04:00,49.03950119018555,49.03990173339844,49.03950119018555,49.03990173339844,1345,0.0,0.0,0.0
2024-10-23 14:50:00-04:00,49.031700134277344,49.03499984741211,49.031700134277344,49.03499984741211,479,0.0,0.0,0.0
2024-10-23 14:55:00-04:00,49.03799819946289,49.03929901123047,49.03499984741211,49.03929901123047,674,0.0,0.0,0.0
2024-10-23 15:00:00-04:00,49.03499984741211,49.03499984741211,49.03499984741211,49.03499984741211,124,0.0,0.0,0.0
2024-10-23 15:05:00-04:00,49.03499984741211,49.03499984741211,49.03499984741211,49.03499984741211,1021,0.0,0.0,0.0
2024-10-23 15:10:00-04:00,49.03129959106445,49.03129959106445,49.03129959106445,49.03129959106445,800,0.0,0.0,0.0
2024-10-23 15:15:00-04:00,49.03179931640625,49.040000915527344,49.03010177612305,49.040000915527344,10116,0.0,0.0,0.0
2024-10-23 15:20:00-04:00,49.03499984741211,49.040000915527344,49.03499984741211,49.040000915527344,4896,0.0,0.0,0.0
2024-10-23 15:25:00-04:00,49.040000915527344,49.040000915527344,49.03200149536133,49.03879928588867,6923,0.0,0.0,0.0
2024-10-23 15:30:00-04:00,49.03889846801758,49.03889846801758,49.03889846801758,49.03889846801758,221,0.0,0.0,0.0
2024-10-23 15:35:00-04:00,49.040000915527344,49.040000915527344,49.031700134277344,49.03179931640625,18739,0.0,0.0,0.0
2024-10-23 15:40:00-04:00,49.031700134277344,49.031700134277344,49.031700134277344,49.031700134277344,1391,0.0,0.0,0.0
2024-10-23 15:45:00-04:00,49.03499984741211,49.03799819946289,49.03499984741211,49.03499984741211,458,0.0,0.0,0.0
2024-10-23 15:50:00-04:00,49.03860092163086,49.040000915527344,49.03499984741211,49.03990173339844,1654,0.0,0.0,0.0
2024-10-23 15:55:00-04:00,49.03499984741211,49.040000915527344,49.03499984741211,49.040000915527344,6362,0.0,0.0,0.0
2024-10-24 09:30:00-04:00,49.029998779296875,49.064998626708984,49.029998779296875,49.051998138427734,13739,0.0,0.0,0.0
2024-10-24 09:40:00-04:00,49.058998107910156,49.058998107910156,49.05080032348633,49.05500030517578,1274,0.0,0.0,0.0
2024-10-24 09:45:00-04:00,49.04999923706055,49.04999923706055,49.04999923706055,49.04999923706055,214,0.0,0.0,0.0
2024-10-24 09:50:00-04:00,49.05509948730469,49.05509948730469,49.05120086669922,49.05220031738281,5021,0.0,0.0,0.0
2024-10-24 09:55:00-04:00,49.060001373291016,49.060001373291016,49.04999923706055,49.04999923706055,8997,0.0,0.0,0.0
2024-10-24 10:00:00-04:00,49.04999923706055,49.060001373291016,49.04999923706055,49.060001373291016,6851,0.0,0.0,0.0
2024-10-24 10:05:00-04:00,49.0525016784668,49.0525016784668,49.0525016784668,49.0525016784668,2471,0.0,0.0,0.0
2024-10-24 10:15:00-04:00,49.05009841918945,49.05009841918945,49.05009841918945,49.05009841918945,430,0.0,0.0,0.0
2024-10-24 10:20:00-04:00,49.05500030517578,49.05500030517578,49.05500030517578,49.05500030517578,123,0.0,0.0,0.0
2024-10-24 10:25:00-04:00,49.051300048828125,49.0536994934082,49.051300048828125,49.0536994934082,310,0.0,0.0,0.0
2024-10-24 10:30:00-04:00,49.05500030517578,49.058998107910156,49.05139923095703,49.05139923095703,3372,0.0,0.0,0.0
2024-10-24 10:35:00-04:00,49.060001373291016,49.060001373291016,49.060001373291016,49.060001373291016,212,0.0,0.0,0.0
2024-10-24 10:40:00-04:00,49.060001373291016,49.060001373291016,49.04999923706055,49.05500030517578,31990,0.0,0.0,0.0
2024-10-24 10:45:00-04:00,49.05500030517578,49.058998107910156,49.04999923706055,49.058998107910156,1656,0.0,0.0,0.0
2024-10-24 10:50:00-04:00,49.060001373291016,49.060001373291016,49.05419921875,49.05419921875,34143,0.0,0.0,0.0
2024-10-24 10:55:00-04:00,49.05500030517578,49.05500030517578,49.051300048828125,49.051300048828125,1210,0.0,0.0,0.0
2024-10-24 11:00:00-04:00,49.05500030517578,49.05500030517578,49.05500030517578,49.05500030517578,730,0.0,0.0,0.0
2024-10-24 11:10:00-04:00,49.05500030517578,49.05500030517578,49.05500030517578,49.05500030517578,427,0.0,0.0,0.0
2024-10-24 11:15:00-04:00,49.060001373291016,49.060001373291016,49.060001373291016,49.060001373291016,4000,0.0,0.0,0.0
2024-10-24 11:20:00-04:00,49.055999755859375,49.055999755859375,49.05500030517578,49.05500030517578,863,0.0,0.0,0.0
2024-10-24 11:25:00-04:00,49.060001373291016,49.060001373291016,49.05730056762695,49.05730056762695,853,0.0,0.0,0.0
2024-10-24 11:30:00-04:00,49.05970001220703,49.060001373291016,49.04999923706055,49.059898376464844,4155,0.0,0.0,0.0
2024-10-24 11:35:00-04:00,49.05379867553711,49.05400085449219,49.05379867553711,49.05400085449219,830,0.0,0.0,0.0
2024-10-24 11:40:00-04:00,49.05500030517578,49.060001373291016,49.05500030517578,49.05500030517578,2464,0.0,0.0,0.0
2024-10-24 11:45:00-04:00,49.058998107910156,49.060001373291016,49.055999755859375,49.060001373291016,2245,0.0,0.0,0.0
2024-10-24 11:50:00-04:00,49.05979919433594,49.05979919433594,49.05139923095703,49.05870056152344,904,0.0,0.0,0.0
2024-10-24 11:55:00-04:00,49.059898376464844,49.059898376464844,49.051998138427734,49.0536994934082,2002,0.0,0.0,0.0
2024-10-24 12:00:00-04:00,49.059898376464844,49.059898376464844,49.059898376464844,49.059898376464844,334,0.0,0.0,0.0
2024-10-24 12:05:00-04:00,49.054100036621094,49.05500030517578,49.054100036621094,49.05500030517578,1061,0.0,0.0,0.0
2024-10-24 12:10:00-04:00,49.04999923706055,49.060001373291016,49.04999923706055,49.04999923706055,47901,0.0,0.0,0.0
2024-10-24 12:30:00-04:00,49.04999923706055,49.060001373291016,49.04999923706055,49.060001373291016,3794,0.0,0.0,0.0
2024-10-24 12:35:00-04:00,49.051998138427734,49.051998138427734,49.051998138427734,49.051998138427734,197,0.0,0.0,0.0
2024-10-24 12:40:00-04:00,49.05970001220703,49.05970001220703,49.05970001220703,49.05970001220703,104,0.0,0.0,0.0
2024-10-24 12:45:00-04:00,49.05500030517578,49.05500030517578,49.05500030517578,49.05500030517578,144,0.0,0.0,0.0
2024-10-24 12:50:00-04:00,49.05849838256836,49.05849838256836,49.05849838256836,49.05849838256836,1255,0.0,0.0,0.0
2024-10-24 13:05:00-04:00,49.05870056152344,49.05870056152344,49.05870056152344,49.05870056152344,1008,0.0,0.0,0.0
2024-10-24 13:10:00-04:00,49.05500030517578,49.060001373291016,49.05500030517578,49.05500030517578,7968,0.0,0.0,0.0
2024-10-24 13:15:00-04:00,49.05500030517578,49.059898376464844,49.05500030517578,49.05870056152344,1624,0.0,0.0,0.0
2024-10-24 13:20:00-04:00,49.05500030517578,49.05860137939453,49.05500030517578,49.05860137939453,2948,0.0,0.0,0.0
2024-10-24 13:25:00-04:00,49.05009841918945,49.060001373291016,49.05009841918945,49.060001373291016,2808,0.0,0.0,0.0
2024-10-24 13:35:00-04:00,49.060001373291016,49.060001373291016,49.060001373291016,49.060001373291016,2149,0.0,0.0,0.0
2024-10-24 13:40:00-04:00,49.05339813232422,49.059898376464844,49.05339813232422,49.059898376464844,2810,0.0,0.0,0.0
2024-10-24 13:55:00-04:00,49.060001373291016,49.06999969482422,49.060001373291016,49.06999969482422,27621,0.0,0.0,0.0
2024-10-24 14:00:00-04:00,49.06420135498047,49.064998626708984,49.06420135498047,49.064998626708984,641,0.0,0.0,0.0
2024-10-24 14:05:00-04:00,49.06999969482422,49.06999969482422,49.06850051879883,49.06850051879883,3705,0.0,0.0,0.0
2024-10-24 14:10:00-04:00,49.06999969482422,49.06999969482422,49.060001373291016,49.06999969482422,6697,0.0,0.0,0.0
2024-10-24 14:15:00-04:00,49.060001373291016,49.06999969482422,49.060001373291016,49.06999969482422,1560,0.0,0.0,0.0
2024-10-24 14:20:00-04:00,49.068599700927734,49.06999969482422,49.068599700927734,49.06999969482422,39378,0.0,0.0,0.0
2024-10-24 14:25:00-04:00,49.06999969482422,49.06999969482422,49.06840133666992,49.06959915161133,4674,0.0,0.0,0.0
2024-10-24 14:30:00-04:00,49.06999969482422,49.06999969482422,49.0630989074707,49.06999969482422,4040,0.0,0.0,0.0
2024-10-24 14:35:00-04:00,49.06999969482422,49.06999969482422,49.06010055541992,49.069000244140625,53559,0.0,0.0,0.0
2024-10-24 14:40:00-04:00,49.06890106201172,49.06999969482422,49.06890106201172,49.06909942626953,7386,0.0,0.0,0.0
2024-10-24 14:45:00-04:00,49.06999969482422,49.06999969482422,49.064998626708984,49.064998626708984,14340,0.0,0.0,0.0
2024-10-24 14:50:00-04:00,49.06999969482422,49.06999969482422,49.060001373291016,49.064998626708984,882,0.0,0.0,0.0
2024-10-24 14:55:00-04:00,49.060001373291016,49.06999969482422,49.060001373291016,49.064998626708984,2120,0.0,0.0,0.0
2024-10-24 15:00:00-04:00,49.06129837036133,49.06129837036133,49.060001373291016,49.060001373291016,889,0.0,0.0,0.0
2024-10-24 15:05:00-04:00,49.06999969482422,49.06999969482422,49.06480026245117,49.06999969482422,5271,0.0,0.0,0.0
2024-10-24 15:10:00-04:00,49.06999969482422,49.07600021362305,49.06909942626953,49.06999969482422,37061,0.0,0.0,0.0
2024-10-24 15:15:00-04:00,49.06999969482422,49.08000183105469,49.06999969482422,49.07500076293945,1565,0.0,0.0,0.0
2024-10-24 15:20:00-04:00,49.076541900634766,49.076541900634766,49.070701599121094,49.07109832763672,5526,0.0,0.0,0.0
2024-10-24 15:25:00-04:00,49.079898834228516,49.079898834228516,49.06999969482422,49.06999969482422,3758,0.0,0.0,0.0
2024-10-24 15:30:00-04:00,49.08000183105469,49.08000183105469,49.08000183105469,49.08000183105469,439,0.0,0.0,0.0
2024-10-24 15:40:00-04:00,49.07500076293945,49.07600021362305,49.07500076293945,49.07600021362305,452,0.0,0.0,0.0
2024-10-24 15:45:00-04:00,49.070499420166016,49.08000183105469,49.06999969482422,49.07500076293945,4325,0.0,0.0,0.0
2024-10-24 15:50:00-04:00,49.07500076293945,49.07500076293945,49.072959899902344,49.07500076293945,3336,0.0,0.0,0.0
2024-10-24 15:55:00-04:00,49.07500076293945,49.08000183105469,49.06999969482422,49.08000183105469,11317,0.0,0.0,0.0
2024-10-25 09:30:00-04:00,49.060001373291016,49.060001373291016,49.058799743652344,49.060001373291016,151074,0.0,0.0,0.0
2024-10-25 09:35:00-04:00,49.060001373291016,49.060001373291016,49.060001373291016,49.060001373291016,0,0.0,0.0,0.0
2024-10-25 09:40:00-04:00,49.060001373291016,49.060001373291016,49.057701110839844,49.060001373291016,180814,0.0,0.0,0.0
2024-10-25 09:45:00-04:00,49.060001373291016,49.060001373291016,49.05500030517578,49.060001373291016,10949,0.0,0.0,0.0
2024-10-25 09:50:00-04:00,49.060001373291016,49.060001373291016,49.05699920654297,49.060001373291016,6307,0.0,0.0,0.0
2024-10-25 09:55:00-04:00,49.05649948120117,49.060001373291016,49.0546989440918,49.060001373291016,650,0.0,0.0,0.0
2024-10-25 10:00:00-04:00,49.05009841918945,49.060001373291016,49.05009841918945,49.060001373291016,1164,0.0,0.0,0.0
2024-10-25 10:05:00-04:00,49.060001373291016,49.060699462890625,49.060001373291016,49.060699462890625,3595,0.0,0.0,0.0
2024-10-25 10:15:00-04:00,49.06999969482422,49.06999969482422,49.060001373291016,49.060001373291016,817,0.0,0.0,0.0
2024-10-25 10:20:00-04:00,49.064998626708984,49.06999969482422,49.061100006103516,49.06999969482422,1183,0.0,0.0,0.0
2024-10-25 10:25:00-04:00,49.060001373291016,49.060001373291016,49.060001373291016,49.060001373291016,1400,0.0,0.0,0.0
2024-10-25 10:30:00-04:00,49.060001373291016,49.06060028076172,49.060001373291016,49.06060028076172,4593,0.0,0.0,0.0
2024-10-25 10:35:00-04:00,49.06050109863281,49.06050109863281,49.05500030517578,49.05500030517578,13453,0.0,0.0,0.0
2024-10-25 10:40:00-04:00,49.05500030517578,49.060001373291016,49.05500030517578,49.060001373291016,3751,0.0,0.0,0.0
2024-10-25 10:45:00-04:00,49.05820083618164,49.060001373291016,49.055999755859375,49.05630111694336,5668,0.0,0.0,0.0
2024-10-25 10:50:00-04:00,49.05179977416992,49.059898376464844,49.05179977416992,49.057098388671875,3280,0.0,0.0,0.0
2024-10-25 10:55:00-04:00,49.058799743652344,49.058799743652344,49.053199768066406,49.053199768066406,792,0.0,0.0,0.0
2024-10-25 11:00:00-04:00,49.05500030517578,49.05500030517578,49.05500030517578,49.05500030517578,100,0.0,0.0,0.0
2024-10-25 11:25:00-04:00,49.05500030517578,49.05500030517578,49.05500030517578,49.05500030517578,4689,0.0,0.0,0.0
2024-10-25 11:30:00-04:00,49.05500030517578,49.05659866333008,49.05500030517578,49.05500030517578,1565,0.0,0.0,0.0
2024-10-25 11:35:00-04:00,49.04999923706055,49.055599212646484,49.04999923706055,49.055599212646484,617,0.0,0.0,0.0
2024-10-25 11:40:00-04:00,49.05500030517578,49.05500030517578,49.04999923706055,49.05500030517578,44625,0.0,0.0,0.0
2024-10-25 11:45:00-04:00,49.05500030517578,49.05500030517578,49.04999923706055,49.04999923706055,200,0.0,0.0,0.0
2024-10-25 11:50:00-04:00,49.05500030517578,49.05670166015625,49.05500030517578,49.05670166015625,1035,0.0,0.0,0.0
2024-10-25 11:55:00-04:00,49.05500030517578,49.056400299072266,49.04999923706055,49.04999923706055,1082,0.0,0.0,0.0
2024-10-25 12:00:00-04:00,49.05500030517578,49.059898376464844,49.04999923706055,49.05059814453125,1764,0.0,0.0,0.0
2024-10-25 12:05:00-04:00,49.060001373291016,49.060001373291016,49.040000915527344,49.040000915527344,28084,0.0,0.0,0.0
2024-10-25 12:10:00-04:00,49.04499816894531,49.04499816894531,49.040000915527344,49.04399871826172,1284,0.0,0.0,0.0
2024-10-25 12:15:00-04:00,49.04499816894531,49.04990005493164,49.040000915527344,49.040000915527344,12512,0.0,0.0,0.0
2024-10-25 12:20:00-04:00,49.04499816894531,49.04990005493164,49.040000915527344,49.040000915527344,1423,0.0,0.0,0.0
2024-10-25 12:25:00-04:00,49.040000915527344,49.04499816894531,49.040000915527344,49.04499816894531,1560,0.0,0.0,0.0
2024-10-25 12:30:00-04:00,49.04499816894531,49.04499816894531,49.04499816894531,49.04499816894531,992,0.0,0.0,0.0
2024-10-25 12:35:00-04:00,49.04999923706055,49.04999923706055,49.04499816894531,49.04499816894531,4042,0.0,0.0,0.0
2024-10-25 12:40:00-04:00,49.041099548339844,49.041099548339844,49.040000915527344,49.040000915527344,303,0.0,0.0,0.0
2024-10-25 12:45:00-04:00,49.04880142211914,49.04880142211914,49.04100036621094,49.04600143432617,2196,0.0,0.0,0.0
2024-10-25 13:00:00-04:00,49.04499816894531,49.04880142211914,49.040000915527344,49.040000915527344,4393,0.0,0.0,0.0
2024-10-25 13:05:00-04:00,49.04499816894531,49.04499816894531,49.04499816894531,49.04499816894531,113,0.0,0.0,0.0
2024-10-25 13:10:00-04:00,49.04010009765625,49.04880142211914,49.040000915527344,49.04880142211914,8683,0.0,0.0,0.0
2024-10-25 13:20:00-04:00,49.04399871826172,49.04499816894531,49.04399871826172,49.04499816894531,858,0.0,0.0,0.0
2024-10-25 13:25:00-04:00,49.04499816894531,49.04499816894531,49.04499816894531,49.04499816894531,1087,0.0,0.0,0.0
2024-10-25 13:30:00-04:00,49.04499816894531,49.04499816894531,49.04499816894531,49.04499816894531,212,0.0,0.0,0.0
2024-10-25 13:35:00-04:00,49.041099548339844,49.04999923706055,49.040199279785156,49.04999923706055,5353,0.0,0.0,0.0
2024-10-25 13:45:00-04:00,49.04499816894531,49.04990005493164,49.040000915527344,49.04990005493164,1130,0.0,0.0,0.0
2024-10-25 13:50:00-04:00,49.04880142211914,49.04880142211914,49.04499816894531,49.04499816894531,1482,0.0,0.0,0.0
2024-10-25 14:00:00-04:00,49.040000915527344,49.04990005493164,49.040000915527344,49.04990005493164,915,0.0,0.0,0.0
2024-10-25 14:05:00-04:00,49.04399871826172,49.04499816894531,49.040000915527344,49.04249954223633,25475,0.0,0.0,0.0
2024-10-25 14:15:00-04:00,49.040000915527344,49.04890060424805,49.040000915527344,49.04890060424805,696,0.0,0.0,0.0
2024-10-25 14:20:00-04:00,49.04499816894531,49.04990005493164,49.04499816894531,49.04990005493164,330,0.0,0.0,0.0
2024-10-25 14:25:00-04:00,49.04840087890625,49.04840087890625,49.04840087890625,49.04840087890625,688,0.0,0.0,0.0
2024-10-25 14:40:00-04:00,49.04130172729492,49.04130172729492,49.041099548339844,49.041099548339844,554,0.0,0.0,0.0
2024-10-25 14:50:00-04:00,49.04499816894531,49.04499816894531,49.04499816894531,49.04499816894531,101,0.0,0.0,0.0
2024-10-25 14:55:00-04:00,49.04930114746094,49.04930114746094,49.04399871826172,49.04399871826172,1192,0.0,0.0,0.0
2024-10-25 15:00:00-04:00,49.04999923706055,49.04999923706055,49.04999923706055,49.04999923706055,48012,0.0,0.0,0.0
2024-10-25 15:05:00-04:00,49.04499816894531,49.04499816894531,49.04499816894531,49.04499816894531,100,0.0,0.0,0.0
2024-10-25 15:10:00-04:00,49.04499816894531,49.04999923706055,49.040000915527344,49.04999923706055,2601,0.0,0.0,0.0
2024-10-25 15:15:00-04:00,49.04890060424805,49.04890060424805,49.040000915527344,49.040000915527344,7608,0.0,0.0,0.0
2024-10-25 15:20:00-04:00,49.04990005493164,49.04999923706055,49.04010009765625,49.04669952392578,5406,0.0,0.0,0.0
2024-10-25 15:25:00-04:00,49.04499816894531,49.04499816894531,49.04499816894531,49.04499816894531,309,0.0,0.0,0.0
2024-10-25 15:30:00-04:00,49.041099548339844,49.048301696777344,49.041099548339844,49.048301696777344,1227,0.0,0.0,0.0
2024-10-25 15:35:00-04:00,49.04600143432617,49.04600143432617,49.04399871826172,49.04499816894531,1437,0.0,0.0,0.0
2024-10-25 15:40:00-04:00,49.04890060424805,49.04890060424805,49.04890060424805,49.04890060424805,231,0.0,0.0,0.0
2024-10-25 15:45:00-04:00,49.040000915527344,49.04999923706055,49.040000915527344,49.04499816894531,16101,0.0,0.0,0.0
2024-10-25 15:50:00-04:00,49.04499816894531,49.04999923706055,49.04499816894531,49.04999923706055,2780,0.0,0.0,0.0
2024-10-25 15:55:00-04:00,49.04990005493164,49.04990005493164,49.03010177612305,49.03010177612305,20914,0.0,0.0,0.0
