Datetime,Open,High,Low,Close,Volume,Dividends,Stock Splits
2022-07-27 09:00:00+09:00,2973.333251953125,2973.333251953125,2933.333251953125,2956.666748046875,0,0.0,0.0
2022-07-27 10:00:00+09:00,2956.666748046875,2970.0,2943.333251953125,2970.0,661,0.0,0.0
2022-07-27 11:00:00+09:00,2973.333251953125,2993.333251953125,2973.333251953125,2976.666748046875,1276,0.0,0.0
2022-07-27 12:00:00+09:00,2976.666748046875,2976.666748046875,2970.0,2970.0,212,0.0,0.0
2022-07-27 13:00:00+09:00,2983.333251953125,3033.333251953125,2980.0,2990.0,2638,0.0,0.0
2022-07-27 14:00:00+09:00,3006.666748046875,3043.333251953125,3000.0,3030.0,1402,0.0,0.0
2022-07-28 09:00:00+09:00,3070.0,3110.0,3050.0,3076.666748046875,0,0.0,0.0
2022-07-28 10:00:00+09:00,3073.333251953125,3100.0,3050.0,3090.0,554,0.0,0.0
2022-07-28 11:00:00+09:00,3090.0,3090.0,3050.0,3083.333251953125,652,0.0,0.0
2022-07-28 12:00:00+09:00,3056.666748046875,3076.666748046875,3053.333251953125,3053.333251953125,163,0.0,0.0
2022-07-28 13:00:00+09:00,3053.333251953125,3053.333251953125,3043.333251953125,3043.333251953125,568,0.0,0.0
2022-07-28 14:00:00+09:00,3036.666748046875,3043.333251953125,3023.333251953125,3036.666748046875,847,0.0,0.0
2022-07-29 09:00:00+09:00,3036.666748046875,3036.666748046875,3016.666748046875,3023.333251953125,0,0.0,0.0
2022-07-29 10:00:00+09:00,3020.0,3023.333251953125,3013.333251953125,3020.0,572,0.0,0.0
2022-07-29 11:00:00+09:00,3020.0,3020.0,3016.666748046875,3020.0,53,0.0,0.0
2022-07-29 12:00:00+09:00,3020.0,3023.333251953125,3013.333251953125,3023.333251953125,559,0.0,0.0
2022-07-29 13:00:00+09:00,3020.0,3023.333251953125,2983.333251953125,3006.666748046875,1482,0.0,0.0
2022-07-29 14:00:00+09:00,3023.333251953125,3023.333251953125,2986.666748046875,3020.0,275,0.0,0.0
2022-08-01 09:00:00+09:00,3013.333251953125,3013.333251953125,2980.0,3000.0,0,0.0,0.0
2022-08-01 10:00:00+09:00,3000.0,3000.0,2960.0,2980.0,316,0.0,0.0
2022-08-01 11:00:00+09:00,2980.0,2980.0,2966.666748046875,2966.666748046875,204,0.0,0.0
2022-08-01 12:00:00+09:00,2976.666748046875,2980.0,2970.0,2976.666748046875,62,0.0,0.0
2022-08-01 13:00:00+09:00,2976.666748046875,2983.333251953125,2973.333251953125,2983.333251953125,92,0.0,0.0
2022-08-01 14:00:00+09:00,2983.333251953125,2986.666748046875,2983.333251953125,2986.666748046875,76,0.0,0.0
2022-08-02 09:00:00+09:00,2996.666748046875,3296.666748046875,2996.666748046875,3123.333251953125,44369,0.0,0.0
2022-08-02 10:00:00+09:00,3123.333251953125,3130.0,3080.0,3083.333251953125,2076,0.0,0.0
2022-08-02 11:00:00+09:00,3083.333251953125,3110.0,3070.0,3093.333251953125,1225,0.0,0.0
2022-08-02 12:00:00+09:00,3093.333251953125,3253.333251953125,2966.666748046875,3066.666748046875,40037,0.0,0.0
2022-08-02 13:00:00+09:00,3060.0,3073.333251953125,3040.0,3073.333251953125,3301,0.0,0.0
2022-08-02 14:00:00+09:00,3056.666748046875,3066.666748046875,3046.666748046875,3050.0,897,0.0,0.0
2022-08-03 09:00:00+09:00,3076.666748046875,3116.666748046875,3073.333251953125,3083.333251953125,0,0.0,0.0
2022-08-03 10:00:00+09:00,3096.666748046875,3110.0,3083.333251953125,3106.666748046875,641,0.0,0.0
2022-08-03 11:00:00+09:00,3106.666748046875,3123.333251953125,3100.0,3123.333251953125,445,0.0,0.0
2022-08-03 12:00:00+09:00,3106.666748046875,3110.0,3106.666748046875,3106.666748046875,644,0.0,0.0
2022-08-03 13:00:00+09:00,3106.666748046875,3163.333251953125,3106.666748046875,3143.333251953125,3968,0.0,0.0
2022-08-03 14:00:00+09:00,3143.333251953125,3146.666748046875,3116.666748046875,3116.666748046875,1170,0.0,0.0
2022-08-04 09:00:00+09:00,3136.666748046875,3136.666748046875,3103.333251953125,3103.333251953125,0,0.0,0.0
2022-08-04 10:00:00+09:00,3103.333251953125,3103.333251953125,3083.333251953125,3086.666748046875,988,0.0,0.0
2022-08-04 11:00:00+09:00,3093.333251953125,3093.333251953125,3086.666748046875,3086.666748046875,245,0.0,0.0
2022-08-04 12:00:00+09:00,3086.666748046875,3086.666748046875,3070.0,3073.333251953125,1079,0.0,0.0
2022-08-04 13:00:00+09:00,3073.333251953125,3083.333251953125,3070.0,3070.0,562,0.0,0.0
2022-08-04 14:00:00+09:00,3070.0,3083.333251953125,3050.0,3076.666748046875,5193,0.0,0.0
2022-08-05 09:00:00+09:00,3056.666748046875,3070.0,3056.666748046875,3070.0,0,0.0,0.0
2022-08-05 10:00:00+09:00,3076.666748046875,3086.666748046875,3053.333251953125,3080.0,1216,0.0,0.0
2022-08-05 11:00:00+09:00,3090.0,3096.666748046875,3086.666748046875,3093.333251953125,141,0.0,0.0
2022-08-05 12:00:00+09:00,3096.666748046875,3096.666748046875,3093.333251953125,3093.333251953125,266,0.0,0.0
2022-08-05 13:00:00+09:00,3093.333251953125,3093.333251953125,3080.0,3083.333251953125,1263,0.0,0.0
2022-08-05 14:00:00+09:00,3093.333251953125,3110.0,3093.333251953125,3110.0,802,0.0,0.0
2022-08-08 09:00:00+09:00,3103.333251953125,3103.333251953125,3043.333251953125,3090.0,0,0.0,0.0
2022-08-08 10:00:00+09:00,3090.0,3090.0,3070.0,3073.333251953125,67,0.0,0.0
2022-08-08 11:00:00+09:00,3073.333251953125,3103.333251953125,3070.0,3103.333251953125,887,0.0,0.0
2022-08-08 12:00:00+09:00,3103.333251953125,3106.666748046875,3100.0,3103.333251953125,78,0.0,0.0
2022-08-08 13:00:00+09:00,3110.0,3146.666748046875,3110.0,3126.666748046875,707,0.0,0.0
2022-08-08 14:00:00+09:00,3133.333251953125,3136.666748046875,3120.0,3120.0,941,0.0,0.0
2022-08-09 09:00:00+09:00,3086.666748046875,3166.666748046875,3050.0,3070.0,0,0.0,0.0
2022-08-09 10:00:00+09:00,3076.666748046875,3106.666748046875,3070.0,3100.0,194,0.0,0.0
2022-08-09 11:00:00+09:00,3096.666748046875,3153.333251953125,3070.0,3076.666748046875,1529,0.0,0.0
2022-08-09 12:00:00+09:00,3076.666748046875,3076.666748046875,3070.0,3070.0,217,0.0,0.0
2022-08-09 13:00:00+09:00,3076.666748046875,3096.666748046875,3076.666748046875,3093.333251953125,18,0.0,0.0
2022-08-09 14:00:00+09:00,3093.333251953125,3093.333251953125,3090.0,3090.0,36,0.0,0.0
2022-08-10 09:00:00+09:00,3090.0,3090.0,3046.666748046875,3046.666748046875,0,0.0,0.0
2022-08-10 10:00:00+09:00,3046.666748046875,3063.333251953125,3033.333251953125,3063.333251953125,1131,0.0,0.0
2022-08-10 11:00:00+09:00,3060.0,3060.0,3030.0,3036.666748046875,230,0.0,0.0
2022-08-10 12:00:00+09:00,3040.0,3063.333251953125,3020.0,3036.666748046875,491,0.0,0.0
2022-08-10 13:00:00+09:00,3026.666748046875,3060.0,3016.666748046875,3060.0,234,0.0,0.0
2022-08-10 14:00:00+09:00,3030.0,3056.666748046875,3023.333251953125,3023.333251953125,173,0.0,0.0
2022-08-11 09:00:00+09:00,3060.0,3086.666748046875,3060.0,3073.333251953125,0,0.0,0.0
2022-08-11 10:00:00+09:00,3073.333251953125,3076.666748046875,3060.0,3073.333251953125,413,0.0,0.0
2022-08-11 11:00:00+09:00,3060.0,3066.666748046875,3060.0,3063.333251953125,322,0.0,0.0
2022-08-11 12:00:00+09:00,3063.333251953125,3063.333251953125,3063.333251953125,3063.333251953125,176,0.0,0.0
2022-08-11 13:00:00+09:00,3073.333251953125,3076.666748046875,3073.333251953125,3076.666748046875,4,0.0,0.0
2022-08-11 14:00:00+09:00,3073.333251953125,3076.666748046875,3066.666748046875,3076.666748046875,131,0.0,0.0
2022-08-12 09:00:00+09:00,3083.333251953125,3090.0,3066.666748046875,3086.666748046875,0,0.0,0.0
2022-08-12 10:00:00+09:00,3086.666748046875,3093.333251953125,3066.666748046875,3070.0,414,0.0,0.0
2022-08-12 11:00:00+09:00,3070.0,3093.333251953125,3066.666748046875,3093.333251953125,279,0.0,0.0
2022-08-12 12:00:00+09:00,3093.333251953125,3103.333251953125,3073.333251953125,3096.666748046875,741,0.0,0.0
2022-08-12 13:00:00+09:00,3096.666748046875,3103.333251953125,3093.333251953125,3100.0,19,0.0,0.0
2022-08-12 14:00:00+09:00,3096.666748046875,3103.333251953125,3093.333251953125,3093.333251953125,63,0.0,0.0
2022-08-16 09:00:00+09:00,3086.666748046875,3086.666748046875,3053.333251953125,3066.666748046875,0,0.0,0.0
2022-08-16 10:00:00+09:00,3073.333251953125,3080.0,3066.666748046875,3080.0,119,0.0,0.0
2022-08-16 11:00:00+09:00,3080.0,3083.333251953125,3080.0,3080.0,195,0.0,0.0
2022-08-16 12:00:00+09:00,3080.0,3086.666748046875,3080.0,3083.333251953125,375,0.0,0.0
2022-08-16 14:00:00+09:00,3086.666748046875,3100.0,3076.666748046875,3093.333251953125,1031,0.0,0.0
2022-08-17 09:00:00+09:00,3066.666748046875,3086.666748046875,3040.0,3083.333251953125,0,0.0,0.0
2022-08-17 10:00:00+09:00,3073.333251953125,3083.333251953125,3066.666748046875,3073.333251953125,551,0.0,0.0
2022-08-17 11:00:00+09:00,3073.333251953125,3073.333251953125,3066.666748046875,3073.333251953125,9,0.0,0.0
2022-08-17 12:00:00+09:00,3056.666748046875,3070.0,3050.0,3070.0,45,0.0,0.0
2022-08-17 13:00:00+09:00,3053.333251953125,3066.666748046875,3046.666748046875,3046.666748046875,658,0.0,0.0
2022-08-17 14:00:00+09:00,3050.0,3056.666748046875,3046.666748046875,3056.666748046875,143,0.0,0.0
2022-08-18 09:00:00+09:00,3056.666748046875,3076.666748046875,3046.666748046875,3076.666748046875,1475,0.0,0.0
2022-08-18 10:00:00+09:00,3073.333251953125,3146.666748046875,3073.333251953125,3106.666748046875,2520,0.0,0.0
2022-08-18 11:00:00+09:00,3106.666748046875,3133.333251953125,3100.0,3126.666748046875,679,0.0,0.0
2022-08-18 12:00:00+09:00,3123.333251953125,3140.0,3123.333251953125,3140.0,644,0.0,0.0
2022-08-18 13:00:00+09:00,3133.333251953125,3136.666748046875,3133.333251953125,3136.666748046875,192,0.0,0.0
2022-08-18 14:00:00+09:00,3136.666748046875,3153.333251953125,3133.333251953125,3146.666748046875,1669,0.0,0.0
2022-08-19 09:00:00+09:00,3173.333251953125,3416.666748046875,3173.333251953125,3366.666748046875,43202,0.0,0.0
2022-08-19 10:00:00+09:00,3366.666748046875,3383.333251953125,3330.0,3333.333251953125,6715,0.0,0.0
2022-08-19 11:00:00+09:00,3333.333251953125,3483.333251953125,3333.333251953125,3383.333251953125,18625,0.0,0.0
2022-08-19 12:00:00+09:00,3383.333251953125,3400.0,3333.333251953125,3333.333251953125,4295,0.0,0.0
2022-08-19 13:00:00+09:00,3350.0,3350.0,3326.666748046875,3350.0,6018,0.0,0.0
2022-08-19 14:00:00+09:00,3350.0,3366.666748046875,3330.0,3350.0,2601,0.0,0.0
2022-08-22 09:00:00+09:00,3350.0,3350.0,3233.333251953125,3266.666748046875,0,0.0,0.0
2022-08-22 10:00:00+09:00,3266.666748046875,3300.0,3243.333251953125,3256.666748046875,1281,0.0,0.0
2022-08-22 11:00:00+09:00,3260.0,3270.0,3243.333251953125,3270.0,1401,0.0,0.0
2022-08-22 12:00:00+09:00,3260.0,3276.666748046875,3236.666748046875,3253.333251953125,1479,0.0,0.0
2022-08-22 13:00:00+09:00,3253.333251953125,3273.333251953125,3233.333251953125,3236.666748046875,0,0.0,0.0
2022-08-22 14:00:00+09:00,3233.333251953125,3233.333251953125,3206.666748046875,3226.666748046875,13149,0.0,0.0
2022-08-23 09:00:00+09:00,3193.333251953125,3233.333251953125,3150.0,3160.0,0,0.0,0.0
2022-08-23 10:00:00+09:00,3186.666748046875,3196.666748046875,3186.666748046875,3186.666748046875,248,0.0,0.0
2022-08-23 11:00:00+09:00,3186.666748046875,3186.666748046875,3166.666748046875,3166.666748046875,630,0.0,0.0
2022-08-23 12:00:00+09:00,3183.333251953125,3183.333251953125,3166.666748046875,3180.0,423,0.0,0.0
2022-08-23 13:00:00+09:00,3166.666748046875,3166.666748046875,3160.0,3160.0,217,0.0,0.0
2022-08-23 14:00:00+09:00,3160.0,3160.0,3153.333251953125,3153.333251953125,322,0.0,0.0
2022-08-24 09:00:00+09:00,3180.0,3256.666748046875,3180.0,3216.666748046875,0,0.0,0.0
2022-08-24 10:00:00+09:00,3213.333251953125,3236.666748046875,3186.666748046875,3196.666748046875,293,0.0,0.0
2022-08-24 11:00:00+09:00,3196.666748046875,3196.666748046875,3173.333251953125,3173.333251953125,208,0.0,0.0
2022-08-24 12:00:00+09:00,3176.666748046875,3193.333251953125,3173.333251953125,3186.666748046875,259,0.0,0.0
2022-08-24 13:00:00+09:00,3186.666748046875,3210.0,3180.0,3196.666748046875,385,0.0,0.0
2022-08-24 14:00:00+09:00,3180.0,3233.333251953125,3173.333251953125,3206.666748046875,860,0.0,0.0
2022-08-25 09:00:00+09:00,3243.333251953125,3243.333251953125,3210.0,3216.666748046875,0,0.0,0.0
2022-08-25 10:00:00+09:00,3240.0,3256.666748046875,3240.0,3256.666748046875,817,0.0,0.0
2022-08-25 11:00:00+09:00,3253.333251953125,3256.666748046875,3236.666748046875,3253.333251953125,564,0.0,0.0
2022-08-25 12:00:00+09:00,3253.333251953125,3260.0,3253.333251953125,3253.333251953125,250,0.0,0.0
2022-08-25 13:00:00+09:00,3260.0,3266.666748046875,3256.666748046875,3266.666748046875,170,0.0,0.0
2022-08-25 14:00:00+09:00,3266.666748046875,3266.666748046875,3246.666748046875,3263.333251953125,543,0.0,0.0
2022-08-26 09:00:00+09:00,3266.666748046875,3266.666748046875,3253.333251953125,3266.666748046875,0,0.0,0.0
2022-08-26 10:00:00+09:00,3266.666748046875,3310.0,3266.666748046875,3310.0,618,0.0,0.0
2022-08-26 11:00:00+09:00,3300.0,3303.333251953125,3280.0,3280.0,461,0.0,0.0
2022-08-26 12:00:00+09:00,3280.0,3280.0,3266.666748046875,3266.666748046875,439,0.0,0.0
2022-08-26 13:00:00+09:00,3263.333251953125,3263.333251953125,3250.0,3250.0,1921,0.0,0.0
2022-08-26 14:00:00+09:00,3260.0,3260.0,3246.666748046875,3250.0,208,0.0,0.0
2022-08-29 09:00:00+09:00,3166.666748046875,3166.666748046875,3036.666748046875,3110.0,0,0.0,0.0
2022-08-29 10:00:00+09:00,3110.0,3113.333251953125,3103.333251953125,3103.333251953125,254,0.0,0.0
2022-08-29 11:00:00+09:00,3103.333251953125,3130.0,3100.0,3106.666748046875,533,0.0,0.0
2022-08-29 12:00:00+09:00,3106.666748046875,3133.333251953125,3103.333251953125,3130.0,418,0.0,0.0
2022-08-29 13:00:00+09:00,3133.333251953125,3216.666748046875,3066.666748046875,3080.0,2099,0.0,0.0
2022-08-29 14:00:00+09:00,3080.0,3086.666748046875,3070.0,3070.0,293,0.0,0.0
2022-08-30 09:00:00+09:00,3070.0,3080.0,3046.666748046875,3080.0,0,0.0,0.0
2022-08-30 10:00:00+09:00,3056.666748046875,3083.333251953125,3000.0,3023.333251953125,5038,0.0,0.0
2022-08-30 11:00:00+09:00,3000.0,3030.0,3000.0,3006.666748046875,750,0.0,0.0
2022-08-30 12:00:00+09:00,3003.333251953125,3003.333251953125,2926.666748046875,2953.333251953125,4802,0.0,0.0
2022-08-30 13:00:00+09:00,2956.666748046875,3006.666748046875,2956.666748046875,3006.666748046875,746,0.0,0.0
2022-08-30 14:00:00+09:00,3006.666748046875,3050.0,3003.333251953125,3033.333251953125,1010,0.0,0.0
2022-08-31 09:00:00+09:00,3050.0,3050.0,3020.0,3020.0,0,0.0,0.0
2022-08-31 10:00:00+09:00,3026.666748046875,3033.333251953125,3016.666748046875,3033.333251953125,488,0.0,0.0
2022-08-31 11:00:00+09:00,3026.666748046875,3026.666748046875,3023.333251953125,3026.666748046875,414,0.0,0.0
2022-08-31 12:00:00+09:00,3033.333251953125,3050.0,3033.333251953125,3043.333251953125,48,0.0,0.0
2022-08-31 13:00:00+09:00,3040.0,3050.0,3023.333251953125,3050.0,405,0.0,0.0
2022-08-31 14:00:00+09:00,3050.0,3203.333251953125,3030.0,3136.666748046875,4756,0.0,0.0
2022-09-01 09:00:00+09:00,3273.333251953125,3273.333251953125,3173.333251953125,3200.0,0,0.0,0.0
2022-09-01 10:00:00+09:00,3200.0,3230.0,3200.0,3230.0,471,0.0,0.0
2022-09-01 11:00:00+09:00,3226.666748046875,3230.0,3200.0,3200.0,45,0.0,0.0
2022-09-01 12:00:00+09:00,3203.333251953125,3223.333251953125,3203.333251953125,3206.666748046875,29,0.0,0.0
2022-09-01 13:00:00+09:00,3216.666748046875,3216.666748046875,3183.333251953125,3190.0,619,0.0,0.0
2022-09-01 14:00:00+09:00,3186.666748046875,3200.0,3166.666748046875,3200.0,1125,0.0,0.0
2022-09-02 09:00:00+09:00,3166.666748046875,3176.666748046875,3136.666748046875,3153.333251953125,0,0.0,0.0
2022-09-02 10:00:00+09:00,3160.0,3160.0,3133.333251953125,3136.666748046875,241,0.0,0.0
2022-09-02 11:00:00+09:00,3143.333251953125,3150.0,3120.0,3120.0,247,0.0,0.0
2022-09-02 12:00:00+09:00,3126.666748046875,3126.666748046875,3126.666748046875,3126.666748046875,20,0.0,0.0
2022-09-02 13:00:00+09:00,3143.333251953125,3146.666748046875,3143.333251953125,3146.666748046875,0,0.0,0.0
2022-09-02 14:00:00+09:00,3146.666748046875,3146.666748046875,3146.666748046875,3146.666748046875,1072,0.0,0.0
2022-09-05 09:00:00+09:00,3113.333251953125,3113.333251953125,3070.0,3076.666748046875,0,0.0,0.0
2022-09-05 10:00:00+09:00,3076.666748046875,3110.0,3040.0,3053.333251953125,543,0.0,0.0
2022-09-05 11:00:00+09:00,3053.333251953125,3053.333251953125,3050.0,3053.333251953125,38,0.0,0.0
2022-09-05 12:00:00+09:00,3050.0,3050.0,2970.0,3006.666748046875,1221,0.0,0.0
2022-09-05 13:00:00+09:00,3006.666748046875,3036.666748046875,3006.666748046875,3030.0,230,0.0,0.0
2022-09-05 14:00:00+09:00,3030.0,3066.666748046875,3030.0,3033.333251953125,382,0.0,0.0
2022-09-06 09:00:00+09:00,3050.0,3183.333251953125,3026.666748046875,3096.666748046875,0,0.0,0.0
2022-09-06 10:00:00+09:00,3093.333251953125,3093.333251953125,3056.666748046875,3056.666748046875,751,0.0,0.0
2022-09-06 11:00:00+09:00,3076.666748046875,3083.333251953125,3076.666748046875,3076.666748046875,531,0.0,0.0
2022-09-06 12:00:00+09:00,3080.0,3083.333251953125,3063.333251953125,3063.333251953125,278,0.0,0.0
2022-09-06 13:00:00+09:00,3063.333251953125,3063.333251953125,3063.333251953125,3063.333251953125,77,0.0,0.0
2022-09-06 14:00:00+09:00,3063.333251953125,3063.333251953125,3060.0,3063.333251953125,282,0.0,0.0
2022-09-07 09:00:00+09:00,3076.666748046875,3083.333251953125,2990.0,3016.666748046875,0,0.0,0.0
2022-09-07 10:00:00+09:00,2993.333251953125,3006.666748046875,2950.0,3000.0,3382,0.0,0.0
2022-09-07 11:00:00+09:00,2966.666748046875,2996.666748046875,2963.333251953125,2966.666748046875,196,0.0,0.0
2022-09-07 12:00:00+09:00,2960.0,2986.666748046875,2953.333251953125,2983.333251953125,326,0.0,0.0
2022-09-07 13:00:00+09:00,2960.0,2980.0,2946.666748046875,2976.666748046875,729,0.0,0.0
2022-09-07 14:00:00+09:00,2980.0,2980.0,2956.666748046875,2966.666748046875,21,0.0,0.0
2022-09-08 09:00:00+09:00,2976.666748046875,2990.0,2936.666748046875,2963.333251953125,0,0.0,0.0
2022-09-08 10:00:00+09:00,2936.666748046875,2966.666748046875,2930.0,2966.666748046875,3160,0.0,0.0
2022-09-08 11:00:00+09:00,2966.666748046875,2980.0,2960.0,2973.333251953125,458,0.0,0.0
2022-09-08 12:00:00+09:00,2973.333251953125,2996.666748046875,2973.333251953125,2990.0,152,0.0,0.0
2022-09-08 13:00:00+09:00,2996.666748046875,3010.0,2996.666748046875,3000.0,218,0.0,0.0
2022-09-08 14:00:00+09:00,2996.666748046875,3000.0,2993.333251953125,2993.333251953125,138,0.0,0.0
2022-09-13 09:00:00+09:00,2996.666748046875,2996.666748046875,2960.0,2966.666748046875,0,0.0,0.0
2022-09-13 10:00:00+09:00,2966.666748046875,2986.666748046875,2963.333251953125,2986.666748046875,1421,0.0,0.0
2022-09-13 11:00:00+09:00,2976.666748046875,2980.0,2963.333251953125,2970.0,534,0.0,0.0
2022-09-13 12:00:00+09:00,2970.0,2970.0,2963.333251953125,2970.0,599,0.0,0.0
2022-09-13 13:00:00+09:00,2970.0,2970.0,2953.333251953125,2966.666748046875,882,0.0,0.0
2022-09-13 14:00:00+09:00,2953.333251953125,2960.0,2950.0,2953.333251953125,2182,0.0,0.0
2022-09-14 09:00:00+09:00,2953.333251953125,2953.333251953125,2876.666748046875,2903.333251953125,0,0.0,0.0
2022-09-14 10:00:00+09:00,2896.666748046875,2920.0,2866.666748046875,2910.0,2510,0.0,0.0
2022-09-14 11:00:00+09:00,2900.0,2913.333251953125,2873.333251953125,2913.333251953125,342,0.0,0.0
2022-09-14 12:00:00+09:00,2910.0,2910.0,2873.333251953125,2903.333251953125,798,0.0,0.0
2022-09-14 13:00:00+09:00,2900.0,2910.0,2900.0,2910.0,107,0.0,0.0
2022-09-14 14:00:00+09:00,2900.0,2900.0,2876.666748046875,2890.0,1057,0.0,0.0
2022-09-15 09:00:00+09:00,2886.666748046875,2966.666748046875,2886.666748046875,2966.666748046875,0,0.0,0.0
2022-09-15 10:00:00+09:00,2930.0,2966.666748046875,2920.0,2953.333251953125,383,0.0,0.0
2022-09-15 11:00:00+09:00,2953.333251953125,2970.0,2910.0,2960.0,511,0.0,0.0
2022-09-15 12:00:00+09:00,2960.0,2960.0,2960.0,2960.0,1,0.0,0.0
2022-09-15 13:00:00+09:00,2930.0,2960.0,2930.0,2956.666748046875,100,0.0,0.0
2022-09-15 14:00:00+09:00,2953.333251953125,2953.333251953125,2940.0,2940.0,10,0.0,0.0
2022-09-16 09:00:00+09:00,2926.666748046875,2926.666748046875,2900.0,2903.333251953125,0,0.0,0.0
2022-09-16 10:00:00+09:00,2903.333251953125,2920.0,2903.333251953125,2920.0,152,0.0,0.0
2022-09-16 11:00:00+09:00,2923.333251953125,2966.666748046875,2923.333251953125,2926.666748046875,218,0.0,0.0
2022-09-16 12:00:00+09:00,2923.333251953125,2946.666748046875,2923.333251953125,2946.666748046875,58,0.0,0.0
2022-09-16 13:00:00+09:00,2923.333251953125,2923.333251953125,2903.333251953125,2903.333251953125,452,0.0,0.0
2022-09-16 14:00:00+09:00,2900.0,2900.0,2900.0,2900.0,110,0.0,0.0
2022-09-19 09:00:00+09:00,2943.333251953125,2960.0,2913.333251953125,2916.666748046875,0,0.0,0.0
2022-09-19 10:00:00+09:00,2920.0,2920.0,2916.666748046875,2916.666748046875,30,0.0,0.0
2022-09-19 11:00:00+09:00,2920.0,2940.0,2916.666748046875,2940.0,21,0.0,0.0
2022-09-19 12:00:00+09:00,2916.666748046875,2930.0,2906.666748046875,2930.0,207,0.0,0.0
2022-09-19 13:00:00+09:00,2903.333251953125,2903.333251953125,2870.0,2900.0,213,0.0,0.0
2022-09-19 14:00:00+09:00,2900.0,2900.0,2870.0,2880.0,139,0.0,0.0
2022-09-20 09:00:00+09:00,2866.666748046875,2920.0,2866.666748046875,2866.666748046875,0,0.0,0.0
2022-09-20 10:00:00+09:00,2873.333251953125,2873.333251953125,2866.666748046875,2866.666748046875,24,0.0,0.0
2022-09-20 11:00:00+09:00,2900.0,2950.0,2880.0,2883.333251953125,188,0.0,0.0
2022-09-20 12:00:00+09:00,2906.666748046875,2906.666748046875,2906.666748046875,2906.666748046875,1,0.0,0.0
2022-09-20 13:00:00+09:00,2893.333251953125,2903.333251953125,2893.333251953125,2903.333251953125,60,0.0,0.0
2022-09-20 14:00:00+09:00,2896.666748046875,2896.666748046875,2876.666748046875,2876.666748046875,155,0.0,0.0
2022-09-21 09:00:00+09:00,2913.333251953125,2913.333251953125,2866.666748046875,2900.0,0,0.0,0.0
2022-09-21 10:00:00+09:00,2896.666748046875,2896.666748046875,2836.666748046875,2893.333251953125,471,0.0,0.0
2022-09-21 11:00:00+09:00,2860.0,2870.0,2860.0,2870.0,5,0.0,0.0
2022-09-21 12:00:00+09:00,2876.666748046875,2876.666748046875,2866.666748046875,2866.666748046875,69,0.0,0.0
2022-09-21 13:00:00+09:00,2870.0,2900.0,2870.0,2900.0,1555,0.0,0.0
2022-09-21 14:00:00+09:00,2900.0,2956.666748046875,2900.0,2956.666748046875,2995,0.0,0.0
2022-09-22 09:00:00+09:00,2966.666748046875,2966.666748046875,2843.333251953125,2890.0,0,0.0,0.0
2022-09-22 10:00:00+09:00,2876.666748046875,2890.0,2840.0,2866.666748046875,897,0.0,0.0
2022-09-22 11:00:00+09:00,2866.666748046875,2866.666748046875,2840.0,2866.666748046875,262,0.0,0.0
2022-09-22 12:00:00+09:00,2890.0,2896.666748046875,2876.666748046875,2890.0,324,0.0,0.0
2022-09-22 13:00:00+09:00,2890.0,2896.666748046875,2890.0,2890.0,336,0.0,0.0
2022-09-22 14:00:00+09:00,2893.333251953125,2933.333251953125,2890.0,2933.333251953125,831,0.0,0.0
2022-09-23 09:00:00+09:00,2916.666748046875,2916.666748046875,2896.666748046875,2903.333251953125,0,0.0,0.0
2022-09-23 10:00:00+09:00,2903.333251953125,2913.333251953125,2890.0,2913.333251953125,168,0.0,0.0
2022-09-23 11:00:00+09:00,2913.333251953125,2913.333251953125,2876.666748046875,2876.666748046875,115,0.0,0.0
2022-09-23 12:00:00+09:00,2876.666748046875,2890.0,2850.0,2853.333251953125,654,0.0,0.0
2022-09-23 13:00:00+09:00,2883.333251953125,2890.0,2843.333251953125,2870.0,560,0.0,0.0
2022-09-23 14:00:00+09:00,2866.666748046875,2873.333251953125,2843.333251953125,2856.666748046875,363,0.0,0.0
2022-09-26 09:00:00+09:00,2833.333251953125,2876.666748046875,2800.0,2833.333251953125,0,0.0,0.0
2022-09-26 10:00:00+09:00,2803.333251953125,2836.666748046875,2783.333251953125,2783.333251953125,564,0.0,0.0
2022-09-26 11:00:00+09:00,2780.0,2783.333251953125,2750.0,2780.0,257,0.0,0.0
2022-09-26 12:00:00+09:00,2783.333251953125,2783.333251953125,2743.333251953125,2746.666748046875,296,0.0,0.0
2022-09-26 13:00:00+09:00,2746.666748046875,2776.666748046875,2733.333251953125,2760.0,0,0.0,0.0
2022-09-26 14:00:00+09:00,2753.333251953125,2753.333251953125,2710.0,2730.0,4448,0.0,0.0
2022-09-27 09:00:00+09:00,2716.666748046875,2730.0,2603.333251953125,2680.0,0,0.0,0.0
2022-09-27 10:00:00+09:00,2680.0,2693.333251953125,2636.666748046875,2653.333251953125,323,0.0,0.0
2022-09-27 11:00:00+09:00,2683.333251953125,2683.333251953125,2663.333251953125,2663.333251953125,4,0.0,0.0
2022-09-27 12:00:00+09:00,2663.333251953125,2663.333251953125,2650.0,2650.0,61,0.0,0.0
2022-09-27 13:00:00+09:00,2650.0,2653.333251953125,2643.333251953125,2646.666748046875,887,0.0,0.0
2022-09-27 14:00:00+09:00,2646.666748046875,2646.666748046875,2633.333251953125,2633.333251953125,773,0.0,0.0
2022-09-28 09:00:00+09:00,2573.333251953125,2696.666748046875,2573.333251953125,2696.666748046875,0,0.0,0.0
2022-09-28 10:00:00+09:00,2696.666748046875,2700.0,2666.666748046875,2666.666748046875,548,0.0,0.0
2022-09-28 11:00:00+09:00,2663.333251953125,2666.666748046875,2603.333251953125,2640.0,207,0.0,0.0
2022-09-28 12:00:00+09:00,2613.333251953125,2613.333251953125,2576.666748046875,2576.666748046875,446,0.0,0.0
2022-09-28 13:00:00+09:00,2576.666748046875,2613.333251953125,2476.666748046875,2500.0,2023,0.0,0.0
2022-09-28 14:00:00+09:00,2506.666748046875,2553.333251953125,2476.666748046875,2526.666748046875,694,0.0,0.0
2022-09-29 09:00:00+09:00,2533.333251953125,2566.666748046875,2533.333251953125,2566.666748046875,0,0.0,0.0
2022-09-29 10:00:00+09:00,2566.666748046875,2566.666748046875,2543.333251953125,2543.333251953125,669,0.0,0.0
2022-09-29 11:00:00+09:00,2543.333251953125,2543.333251953125,2500.0,2506.666748046875,548,0.0,0.0
2022-09-29 12:00:00+09:00,2506.666748046875,2553.333251953125,2436.666748046875,2553.333251953125,493,0.0,0.0
2022-09-29 13:00:00+09:00,2546.666748046875,2550.0,2546.666748046875,2550.0,10,0.0,0.0
2022-09-29 14:00:00+09:00,2533.333251953125,2540.0,2490.0,2513.333251953125,124,0.0,0.0
2022-09-30 09:00:00+09:00,2466.666748046875,2466.666748046875,2413.333251953125,2416.666748046875,0,0.0,0.0
2022-09-30 10:00:00+09:00,2430.0,2466.666748046875,2383.333251953125,2466.666748046875,814,0.0,0.0
2022-09-30 11:00:00+09:00,2480.0,2500.0,2480.0,2500.0,239,0.0,0.0
2022-09-30 12:00:00+09:00,2500.0,2500.0,2480.0,2480.0,164,0.0,0.0
2022-09-30 13:00:00+09:00,2476.666748046875,2476.666748046875,2466.666748046875,2466.666748046875,379,0.0,0.0
2022-09-30 14:00:00+09:00,2463.333251953125,2480.0,2443.333251953125,2466.666748046875,1075,0.0,0.0
2022-10-04 09:00:00+09:00,2516.666748046875,2630.0,2483.333251953125,2546.666748046875,0,0.0,0.0
2022-10-04 10:00:00+09:00,2543.333251953125,2556.666748046875,2533.333251953125,2556.666748046875,1805,0.0,0.0
2022-10-04 11:00:00+09:00,2593.333251953125,2593.333251953125,2553.333251953125,2586.666748046875,20,0.0,0.0
2022-10-04 12:00:00+09:00,2560.0,2560.0,2556.666748046875,2556.666748046875,15,0.0,0.0
2022-10-04 13:00:00+09:00,2556.666748046875,2556.666748046875,2556.666748046875,2556.666748046875,150,0.0,0.0
2022-10-04 14:00:00+09:00,2556.666748046875,2566.666748046875,2556.666748046875,2566.666748046875,147,0.0,0.0
2022-10-05 09:00:00+09:00,2560.0,2600.0,2536.666748046875,2546.666748046875,0,0.0,0.0
2022-10-05 10:00:00+09:00,2546.666748046875,2573.333251953125,2533.333251953125,2550.0,83,0.0,0.0
2022-10-05 11:00:00+09:00,2543.333251953125,2543.333251953125,2533.333251953125,2533.333251953125,39,0.0,0.0
2022-10-05 12:00:00+09:00,2526.666748046875,2566.666748046875,2526.666748046875,2566.666748046875,3,0.0,0.0
2022-10-05 13:00:00+09:00,2533.333251953125,2533.333251953125,2533.333251953125,2533.333251953125,103,0.0,0.0
2022-10-05 14:00:00+09:00,2530.0,2560.0,2520.0,2560.0,1008,0.0,0.0
2022-10-06 09:00:00+09:00,2563.333251953125,2590.0,2530.0,2590.0,0,0.0,0.0
2022-10-06 10:00:00+09:00,2583.333251953125,2583.333251953125,2583.333251953125,2583.333251953125,13,0.0,0.0
2022-10-06 11:00:00+09:00,2583.333251953125,2583.333251953125,2583.333251953125,2583.333251953125,5,0.0,0.0
2022-10-06 12:00:00+09:00,2583.333251953125,2586.666748046875,2583.333251953125,2586.666748046875,13,0.0,0.0
2022-10-06 13:00:00+09:00,2583.333251953125,2586.666748046875,2580.0,2586.666748046875,558,0.0,0.0
2022-10-06 14:00:00+09:00,2590.0,2590.0,2583.333251953125,2583.333251953125,190,0.0,0.0
2022-10-07 09:00:00+09:00,2603.333251953125,2603.333251953125,2590.0,2603.333251953125,0,0.0,0.0
2022-10-07 10:00:00+09:00,2603.333251953125,2603.333251953125,2603.333251953125,2603.333251953125,1,0.0,0.0
2022-10-07 11:00:00+09:00,2600.0,2630.0,2600.0,2623.333251953125,226,0.0,0.0
2022-10-07 12:00:00+09:00,2623.333251953125,2623.333251953125,2623.333251953125,2623.333251953125,24,0.0,0.0
2022-10-07 13:00:00+09:00,2623.333251953125,2623.333251953125,2623.333251953125,2623.333251953125,5,0.0,0.0
2022-10-07 14:00:00+09:00,2613.333251953125,2620.0,2606.666748046875,2620.0,7,0.0,0.0
2022-10-11 09:00:00+09:00,2610.0,2610.0,2540.0,2540.0,183,0.0,0.0
2022-10-11 10:00:00+09:00,2543.333251953125,2543.333251953125,2540.0,2540.0,169,0.0,0.0
2022-10-11 11:00:00+09:00,2540.0,2543.333251953125,2523.333251953125,2523.333251953125,112,0.0,0.0
2022-10-11 12:00:00+09:00,2513.333251953125,2533.333251953125,2500.0,2533.333251953125,139,0.0,0.0
2022-10-11 13:00:00+09:00,2500.0,2500.0,2470.0,2470.0,2017,0.0,0.0
2022-10-11 14:00:00+09:00,2476.666748046875,2520.0,2443.333251953125,2513.333251953125,4313,0.0,0.0
2022-10-12 09:00:00+09:00,2453.333251953125,2486.666748046875,2453.333251953125,2456.666748046875,0,0.0,0.0
2022-10-12 10:00:00+09:00,2453.333251953125,2456.666748046875,2406.666748046875,2416.666748046875,310,0.0,0.0
2022-10-12 11:00:00+09:00,2413.333251953125,2446.666748046875,2400.0,2400.0,860,0.0,0.0
2022-10-12 12:00:00+09:00,2400.0,2403.333251953125,2383.333251953125,2383.333251953125,648,0.0,0.0
2022-10-12 13:00:00+09:00,2386.666748046875,2440.0,2386.666748046875,2440.0,462,0.0,0.0
2022-10-12 14:00:00+09:00,2436.666748046875,2436.666748046875,2413.333251953125,2430.0,516,0.0,0.0
2022-10-13 09:00:00+09:00,2443.333251953125,2443.333251953125,2376.666748046875,2380.0,0,0.0,0.0
2022-10-13 10:00:00+09:00,2380.0,2400.0,2363.333251953125,2366.666748046875,1275,0.0,0.0
2022-10-13 11:00:00+09:00,2393.333251953125,2396.666748046875,2310.0,2313.333251953125,751,0.0,0.0
2022-10-13 12:00:00+09:00,2333.333251953125,2333.333251953125,2333.333251953125,2333.333251953125,22,0.0,0.0
2022-10-13 13:00:00+09:00,2336.666748046875,2336.666748046875,2333.333251953125,2333.333251953125,207,0.0,0.0
2022-10-13 14:00:00+09:00,2326.666748046875,2333.333251953125,2300.0,2333.333251953125,343,0.0,0.0
2022-10-14 09:00:00+09:00,2356.666748046875,2476.666748046875,2350.0,2460.0,0,0.0,0.0
2022-10-14 10:00:00+09:00,2430.0,2463.333251953125,2386.666748046875,2423.333251953125,292,0.0,0.0
2022-10-14 11:00:00+09:00,2456.666748046875,2456.666748046875,2433.333251953125,2453.333251953125,3100,0.0,0.0
2022-10-14 12:00:00+09:00,2436.666748046875,2436.666748046875,2433.333251953125,2436.666748046875,1545,0.0,0.0
2022-10-14 13:00:00+09:00,2450.0,2453.333251953125,2393.333251953125,2426.666748046875,501,0.0,0.0
2022-10-14 14:00:00+09:00,2426.666748046875,2426.666748046875,2370.0,2426.666748046875,470,0.0,0.0
2022-10-17 09:00:00+09:00,2416.666748046875,2416.666748046875,2343.333251953125,2406.666748046875,0,0.0,0.0
2022-10-17 10:00:00+09:00,2400.0,2400.0,2396.666748046875,2400.0,0,0.0,0.0
2022-10-17 11:00:00+09:00,2400.0,2403.333251953125,2400.0,2403.333251953125,838,0.0,0.0
2022-10-17 12:00:00+09:00,2403.333251953125,2403.333251953125,2400.0,2400.0,155,0.0,0.0
2022-10-17 13:00:00+09:00,2400.0,2403.333251953125,2390.0,2390.0,70,0.0,0.0
2022-10-17 14:00:00+09:00,2393.333251953125,2403.333251953125,2393.333251953125,2396.666748046875,167,0.0,0.0
2022-10-18 09:00:00+09:00,2420.0,2533.333251953125,2420.0,2480.0,0,0.0,0.0
2022-10-18 10:00:00+09:00,2480.0,2480.0,2446.666748046875,2446.666748046875,518,0.0,0.0
2022-10-18 11:00:00+09:00,2446.666748046875,2446.666748046875,2443.333251953125,2446.666748046875,112,0.0,0.0
2022-10-18 12:00:00+09:00,2443.333251953125,2443.333251953125,2430.0,2443.333251953125,86,0.0,0.0
2022-10-18 13:00:00+09:00,2433.333251953125,2446.666748046875,2420.0,2446.666748046875,847,0.0,0.0
2022-10-18 14:00:00+09:00,2446.666748046875,2446.666748046875,2446.666748046875,2446.666748046875,75,0.0,0.0
2022-10-19 09:00:00+09:00,2463.333251953125,2513.333251953125,2453.333251953125,2453.333251953125,0,0.0,0.0
2022-10-19 10:00:00+09:00,2453.333251953125,2483.333251953125,2453.333251953125,2483.333251953125,1149,0.0,0.0
2022-10-19 11:00:00+09:00,2483.333251953125,2500.0,2483.333251953125,2500.0,993,0.0,0.0
2022-10-19 12:00:00+09:00,2496.666748046875,2500.0,2496.666748046875,2496.666748046875,394,0.0,0.0
2022-10-19 13:00:00+09:00,2496.666748046875,2500.0,2496.666748046875,2500.0,318,0.0,0.0
2022-10-19 14:00:00+09:00,2483.333251953125,2496.666748046875,2470.0,2496.666748046875,63,0.0,0.0
2022-10-20 09:00:00+09:00,2466.666748046875,2466.666748046875,2440.0,2446.666748046875,0,0.0,0.0
2022-10-20 10:00:00+09:00,2446.666748046875,2446.666748046875,2376.666748046875,2376.666748046875,3263,0.0,0.0
2022-10-20 11:00:00+09:00,2376.666748046875,2390.0,2336.666748046875,2380.0,423,0.0,0.0
2022-10-20 12:00:00+09:00,2380.0,2403.333251953125,2376.666748046875,2380.0,881,0.0,0.0
2022-10-20 13:00:00+09:00,2373.333251953125,2380.0,2363.333251953125,2380.0,699,0.0,0.0
2022-10-20 14:00:00+09:00,2383.333251953125,2416.666748046875,2380.0,2410.0,670,0.0,0.0
2022-10-21 09:00:00+09:00,2363.333251953125,2363.333251953125,2340.0,2360.0,0,0.0,0.0
2022-10-21 10:00:00+09:00,2360.0,2360.0,2313.333251953125,2333.333251953125,2048,0.0,0.0
2022-10-21 11:00:00+09:00,2336.666748046875,2350.0,2333.333251953125,2350.0,67,0.0,0.0
2022-10-21 12:00:00+09:00,2353.333251953125,2376.666748046875,2350.0,2376.666748046875,8,0.0,0.0
2022-10-21 13:00:00+09:00,2353.333251953125,2353.333251953125,2350.0,2350.0,30,0.0,0.0
2022-10-21 14:00:00+09:00,2343.333251953125,2360.0,2330.0,2360.0,1064,0.0,0.0
2022-10-24 09:00:00+09:00,2373.333251953125,2433.333251953125,2356.666748046875,2390.0,0,0.0,0.0
2022-10-24 10:00:00+09:00,2390.0,2423.333251953125,2386.666748046875,2423.333251953125,215,0.0,0.0
2022-10-24 12:00:00+09:00,2396.666748046875,2396.666748046875,2383.333251953125,2386.666748046875,407,0.0,0.0
2022-10-24 13:00:00+09:00,2383.333251953125,2383.333251953125,2383.333251953125,2383.333251953125,50,0.0,0.0
2022-10-24 14:00:00+09:00,2383.333251953125,2383.333251953125,2346.666748046875,2346.666748046875,0,0.0,0.0
2022-10-25 09:00:00+09:00,2386.666748046875,2386.666748046875,2353.333251953125,2386.666748046875,0,0.0,0.0
2022-10-25 10:00:00+09:00,2386.666748046875,2386.666748046875,2366.666748046875,2376.666748046875,916,0.0,0.0
2022-10-25 12:00:00+09:00,2360.0,2360.0,2336.666748046875,2356.666748046875,182,0.0,0.0
2022-10-25 13:00:00+09:00,2356.666748046875,2356.666748046875,2340.0,2340.0,394,0.0,0.0
2022-10-25 14:00:00+09:00,2353.333251953125,2370.0,2336.666748046875,2336.666748046875,406,0.0,0.0
2022-10-26 09:00:00+09:00,2366.666748046875,2366.666748046875,2300.0,2313.333251953125,0,0.0,0.0
2022-10-26 10:00:00+09:00,2313.333251953125,2320.0,2313.333251953125,2316.666748046875,146,0.0,0.0
2022-10-26 11:00:00+09:00,2316.666748046875,2333.333251953125,2313.333251953125,2333.333251953125,405,0.0,0.0
2022-10-26 12:00:00+09:00,2333.333251953125,2333.333251953125,2326.666748046875,2326.666748046875,18,0.0,0.0
2022-10-26 13:00:00+09:00,2326.666748046875,2326.666748046875,2316.666748046875,2323.333251953125,1135,0.0,0.0
2022-10-26 14:00:00+09:00,2323.333251953125,2333.333251953125,2320.0,2326.666748046875,42,0.0,0.0
2022-10-27 09:00:00+09:00,2340.0,2583.333251953125,2336.666748046875,2373.333251953125,36940,0.0,0.0
2022-10-27 10:00:00+09:00,2366.666748046875,2383.333251953125,2356.666748046875,2380.0,1826,0.0,0.0
2022-10-27 11:00:00+09:00,2376.666748046875,2380.0,2356.666748046875,2356.666748046875,946,0.0,0.0
2022-10-27 12:00:00+09:00,2356.666748046875,2373.333251953125,2350.0,2373.333251953125,4293,0.0,0.0
2022-10-27 13:00:00+09:00,2356.666748046875,2370.0,2353.333251953125,2370.0,0,0.0,0.0
2022-10-27 14:00:00+09:00,2360.0,2366.666748046875,2350.0,2366.666748046875,54288,0.0,0.0
2022-10-28 09:00:00+09:00,2366.666748046875,2366.666748046875,2316.666748046875,2336.666748046875,2572,0.0,0.0
2022-10-28 10:00:00+09:00,2340.0,2350.0,2333.333251953125,2350.0,828,0.0,0.0
2022-10-28 11:00:00+09:00,2343.333251953125,2356.666748046875,2316.666748046875,2356.666748046875,987,0.0,0.0
2022-10-28 12:00:00+09:00,2356.666748046875,2356.666748046875,2356.666748046875,2356.666748046875,17,0.0,0.0
2022-10-28 13:00:00+09:00,2356.666748046875,2360.0,2333.333251953125,2333.333251953125,402,0.0,0.0
2022-10-28 14:00:00+09:00,2336.666748046875,2356.666748046875,2336.666748046875,2353.333251953125,23,0.0,0.0
2022-10-31 09:00:00+09:00,2356.666748046875,2360.0,2300.0,2336.666748046875,0,0.0,0.0
2022-10-31 10:00:00+09:00,2336.666748046875,2336.666748046875,2326.666748046875,2333.333251953125,438,0.0,0.0
2022-10-31 11:00:00+09:00,2323.333251953125,2323.333251953125,2313.333251953125,2313.333251953125,1540,0.0,0.0
2022-10-31 12:00:00+09:00,2313.333251953125,2353.333251953125,2313.333251953125,2353.333251953125,1469,0.0,0.0
2022-10-31 13:00:00+09:00,2353.333251953125,2353.333251953125,2330.0,2350.0,326,0.0,0.0
2022-10-31 14:00:00+09:00,2333.333251953125,2350.0,2333.333251953125,2333.333251953125,3007,0.0,0.0
2022-11-01 09:00:00+09:00,2340.0,2340.0,2310.0,2313.333251953125,0,0.0,0.0
2022-11-01 10:00:00+09:00,2313.333251953125,2340.0,2313.333251953125,2336.666748046875,79,0.0,0.0
2022-11-01 11:00:00+09:00,2323.333251953125,2333.333251953125,2320.0,2330.0,77,0.0,0.0
2022-11-01 12:00:00+09:00,2330.0,2340.0,2330.0,2340.0,1271,0.0,0.0
2022-11-01 13:00:00+09:00,2336.666748046875,2340.0,2330.0,2340.0,138,0.0,0.0
2022-11-01 14:00:00+09:00,2340.0,2366.666748046875,2336.666748046875,2363.333251953125,789,0.0,0.0
2022-11-02 09:00:00+09:00,2376.666748046875,2376.666748046875,2316.666748046875,2363.333251953125,0,0.0,0.0
2022-11-02 10:00:00+09:00,2366.666748046875,2366.666748046875,2326.666748046875,2353.333251953125,419,0.0,0.0
2022-11-02 11:00:00+09:00,2356.666748046875,2370.0,2353.333251953125,2370.0,700,0.0,0.0
2022-11-02 12:00:00+09:00,2366.666748046875,2366.666748046875,2356.666748046875,2366.666748046875,364,0.0,0.0
2022-11-02 13:00:00+09:00,2366.666748046875,2370.0,2343.333251953125,2343.333251953125,4124,0.0,0.0
2022-11-02 14:00:00+09:00,2363.333251953125,2366.666748046875,2356.666748046875,2356.666748046875,131,0.0,0.0
2022-11-03 09:00:00+09:00,2343.333251953125,2376.666748046875,2320.0,2330.0,0,0.0,0.0
2022-11-03 10:00:00+09:00,2343.333251953125,2360.0,2323.333251953125,2360.0,1533,0.0,0.0
2022-11-03 11:00:00+09:00,2336.666748046875,2336.666748046875,2333.333251953125,2336.666748046875,224,0.0,0.0
2022-11-03 12:00:00+09:00,2333.333251953125,2336.666748046875,2333.333251953125,2336.666748046875,130,0.0,0.0
2022-11-03 13:00:00+09:00,2336.666748046875,2360.0,2336.666748046875,2336.666748046875,386,0.0,0.0
2022-11-03 14:00:00+09:00,2356.666748046875,2356.666748046875,2333.333251953125,2343.333251953125,112,0.0,0.0
2022-11-04 09:00:00+09:00,2350.0,2366.666748046875,2326.666748046875,2366.666748046875,0,0.0,0.0
2022-11-04 10:00:00+09:00,2356.666748046875,2356.666748046875,2333.333251953125,2333.333251953125,30,0.0,0.0
2022-11-04 11:00:00+09:00,2333.333251953125,2333.333251953125,2326.666748046875,2333.333251953125,46,0.0,0.0
2022-11-04 12:00:00+09:00,2333.333251953125,2333.333251953125,2326.666748046875,2333.333251953125,209,0.0,0.0
2022-11-04 13:00:00+09:00,2333.333251953125,2333.333251953125,2333.333251953125,2333.333251953125,200,0.0,0.0
2022-11-04 14:00:00+09:00,2326.666748046875,2343.333251953125,2303.333251953125,2343.333251953125,1100,0.0,0.0
2022-11-07 09:00:00+09:00,2416.666748046875,2416.666748046875,2353.333251953125,2363.333251953125,0,0.0,0.0
2022-11-07 10:00:00+09:00,2363.333251953125,2363.333251953125,2350.0,2350.0,271,0.0,0.0
2022-11-07 11:00:00+09:00,2350.0,2350.0,2350.0,2350.0,1,0.0,0.0
2022-11-07 12:00:00+09:00,2346.666748046875,2356.666748046875,2346.666748046875,2356.666748046875,273,0.0,0.0
2022-11-07 13:00:00+09:00,2356.666748046875,2360.0,2350.0,2350.0,13,0.0,0.0
2022-11-07 14:00:00+09:00,2360.0,2360.0,2350.0,2350.0,204,0.0,0.0
2022-11-08 09:00:00+09:00,2410.0,2410.0,2360.0,2363.333251953125,0,0.0,0.0
2022-11-08 10:00:00+09:00,2363.333251953125,2383.333251953125,2363.333251953125,2383.333251953125,23,0.0,0.0
2022-11-08 11:00:00+09:00,2366.666748046875,2376.666748046875,2343.333251953125,2373.333251953125,548,0.0,0.0
2022-11-08 12:00:00+09:00,2370.0,2370.0,2356.666748046875,2356.666748046875,116,0.0,0.0
2022-11-08 13:00:00+09:00,2356.666748046875,2370.0,2343.333251953125,2363.333251953125,447,0.0,0.0
2022-11-08 14:00:00+09:00,2363.333251953125,2366.666748046875,2363.333251953125,2366.666748046875,0,0.0,0.0
2022-11-09 09:00:00+09:00,2410.0,2410.0,2333.333251953125,2333.333251953125,1243,0.0,0.0
2022-11-09 10:00:00+09:00,2353.333251953125,2353.333251953125,2283.333251953125,2303.333251953125,14229,0.0,0.0
2022-11-09 11:00:00+09:00,2303.333251953125,2303.333251953125,2270.0,2293.333251953125,13843,0.0,0.0
2022-11-09 12:00:00+09:00,2293.333251953125,2330.0,2246.666748046875,2293.333251953125,19582,0.0,0.0
2022-11-09 13:00:00+09:00,2310.0,2330.0,2293.333251953125,2300.0,1187,0.0,0.0
2022-11-09 14:00:00+09:00,2300.0,2326.666748046875,2293.333251953125,2306.666748046875,2588,0.0,0.0
2022-11-10 09:00:00+09:00,2313.333251953125,2313.333251953125,2253.333251953125,2276.666748046875,0,0.0,0.0
2022-11-10 10:00:00+09:00,2280.0,2280.0,2240.0,2246.666748046875,3308,0.0,0.0
2022-11-10 11:00:00+09:00,2246.666748046875,2260.0,2233.333251953125,2233.333251953125,1254,0.0,0.0
2022-11-10 12:00:00+09:00,2240.0,2260.0,2223.333251953125,2250.0,1362,0.0,0.0
2022-11-10 13:00:00+09:00,2250.0,2273.333251953125,2250.0,2273.333251953125,2057,0.0,0.0
2022-11-10 14:00:00+09:00,2273.333251953125,2280.0,2260.0,2260.0,1276,0.0,0.0
2022-11-11 09:00:00+09:00,2316.666748046875,2323.333251953125,2283.333251953125,2290.0,0,0.0,0.0
2022-11-11 10:00:00+09:00,2290.0,2320.0,2290.0,2320.0,981,0.0,0.0
2022-11-11 11:00:00+09:00,2316.666748046875,2316.666748046875,2286.666748046875,2286.666748046875,567,0.0,0.0
2022-11-11 12:00:00+09:00,2300.0,2310.0,2270.0,2270.0,1801,0.0,0.0
2022-11-11 13:00:00+09:00,2270.0,2270.0,2266.666748046875,2270.0,395,0.0,0.0
2022-11-11 14:00:00+09:00,2266.666748046875,2283.333251953125,2266.666748046875,2266.666748046875,957,0.0,0.0
2022-11-14 09:00:00+09:00,2286.666748046875,2286.666748046875,2233.333251953125,2276.666748046875,0,0.0,0.0
2022-11-14 10:00:00+09:00,2270.0,2270.0,2246.666748046875,2263.333251953125,572,0.0,0.0
2022-11-14 11:00:00+09:00,2256.666748046875,2263.333251953125,2240.0,2260.0,360,0.0,0.0
2022-11-14 12:00:00+09:00,2260.0,2263.333251953125,2253.333251953125,2260.0,962,0.0,0.0
2022-11-14 13:00:00+09:00,2260.0,2266.666748046875,2253.333251953125,2253.333251953125,880,0.0,0.0
2022-11-14 14:00:00+09:00,2266.666748046875,2270.0,2266.666748046875,2266.666748046875,377,0.0,0.0
2022-11-15 09:00:00+09:00,2290.0,2290.0,2263.333251953125,2266.666748046875,0,0.0,0.0
2022-11-15 10:00:00+09:00,2276.666748046875,2280.0,2266.666748046875,2280.0,5028,0.0,0.0
2022-11-15 11:00:00+09:00,2280.0,2280.0,2273.333251953125,2273.333251953125,599,0.0,0.0
2022-11-15 12:00:00+09:00,2270.0,2276.666748046875,2270.0,2273.333251953125,431,0.0,0.0
2022-11-15 13:00:00+09:00,2276.666748046875,2280.0,2270.0,2270.0,586,0.0,0.0
2022-11-15 14:00:00+09:00,2276.666748046875,2283.333251953125,2270.0,2283.333251953125,944,0.0,0.0
2022-11-16 09:00:00+09:00,2300.0,2306.666748046875,2283.333251953125,2283.333251953125,0,0.0,0.0
2022-11-16 10:00:00+09:00,2283.333251953125,2293.333251953125,2283.333251953125,2283.333251953125,538,0.0,0.0
2022-11-16 11:00:00+09:00,2290.0,2340.0,2286.666748046875,2340.0,1373,0.0,0.0
2022-11-16 12:00:00+09:00,2340.0,2360.0,2303.333251953125,2360.0,1102,0.0,0.0
2022-11-16 13:00:00+09:00,2350.0,2356.666748046875,2350.0,2350.0,1842,0.0,0.0
2022-11-16 14:00:00+09:00,2353.333251953125,2356.666748046875,2330.0,2343.333251953125,727,0.0,0.0
2022-11-17 10:00:00+09:00,2383.333251953125,2383.333251953125,2333.333251953125,2356.666748046875,2881,0.0,0.0
2022-11-17 11:00:00+09:00,2333.333251953125,2383.333251953125,2300.0,2363.333251953125,3225,0.0,0.0
2022-11-17 12:00:00+09:00,2360.0,2366.666748046875,2356.666748046875,2363.333251953125,383,0.0,0.0
2022-11-17 13:00:00+09:00,2360.0,2360.0,2350.0,2353.333251953125,139,0.0,0.0
2022-11-17 14:00:00+09:00,2350.0,2360.0,2333.333251953125,2360.0,267,0.0,0.0
2022-11-18 09:00:00+09:00,2406.666748046875,2433.333251953125,2400.0,2400.0,0,0.0,0.0
2022-11-18 10:00:00+09:00,2410.0,2410.0,2390.0,2410.0,493,0.0,0.0
2022-11-18 11:00:00+09:00,2410.0,2410.0,2406.666748046875,2406.666748046875,89,0.0,0.0
2022-11-18 12:00:00+09:00,2406.666748046875,2410.0,2403.333251953125,2403.333251953125,132,0.0,0.0
2022-11-18 13:00:00+09:00,2403.333251953125,2403.333251953125,2380.0,2380.0,1079,0.0,0.0
2022-11-18 14:00:00+09:00,2393.333251953125,2400.0,2386.666748046875,2396.666748046875,365,0.0,0.0
2022-11-21 09:00:00+09:00,2386.666748046875,2386.666748046875,2323.333251953125,2323.333251953125,0,0.0,0.0
2022-11-21 10:00:00+09:00,2326.666748046875,2363.333251953125,2326.666748046875,2356.666748046875,289,0.0,0.0
2022-11-21 11:00:00+09:00,2356.666748046875,2356.666748046875,2346.666748046875,2350.0,590,0.0,0.0
2022-11-21 12:00:00+09:00,2346.666748046875,2346.666748046875,2336.666748046875,2336.666748046875,184,0.0,0.0
2022-11-21 13:00:00+09:00,2336.666748046875,2336.666748046875,2336.666748046875,2336.666748046875,0,0.0,0.0
2022-11-21 14:00:00+09:00,2346.666748046875,2346.666748046875,2343.333251953125,2343.333251953125,3003,0.0,0.0
2022-11-22 09:00:00+09:00,2350.0,2380.0,2350.0,2376.666748046875,0,0.0,0.0
2022-11-22 10:00:00+09:00,2376.666748046875,2380.0,2363.333251953125,2376.666748046875,1213,0.0,0.0
2022-11-22 11:00:00+09:00,2376.666748046875,2376.666748046875,2363.333251953125,2366.666748046875,84,0.0,0.0
2022-11-22 12:00:00+09:00,2363.333251953125,2366.666748046875,2363.333251953125,2366.666748046875,217,0.0,0.0
2022-11-22 13:00:00+09:00,2363.333251953125,2363.333251953125,2360.0,2360.0,72,0.0,0.0
2022-11-22 14:00:00+09:00,2363.333251953125,2366.666748046875,2360.0,2360.0,105,0.0,0.0
2022-11-23 09:00:00+09:00,2420.0,2420.0,2366.666748046875,2370.0,0,0.0,0.0
2022-11-23 10:00:00+09:00,2370.0,2380.0,2366.666748046875,2380.0,1945,0.0,0.0
2022-11-23 11:00:00+09:00,2383.333251953125,2390.0,2383.333251953125,2390.0,781,0.0,0.0
2022-11-23 12:00:00+09:00,2390.0,2423.333251953125,2386.666748046875,2416.666748046875,632,0.0,0.0
2022-11-23 13:00:00+09:00,2410.0,2413.333251953125,2380.0,2383.333251953125,1621,0.0,0.0
2022-11-23 14:00:00+09:00,2403.333251953125,2403.333251953125,2383.333251953125,2390.0,100,0.0,0.0
2022-11-24 09:00:00+09:00,2450.0,2450.0,2413.333251953125,2413.333251953125,0,0.0,0.0
2022-11-24 10:00:00+09:00,2413.333251953125,2433.333251953125,2406.666748046875,2433.333251953125,1076,0.0,0.0
2022-11-24 11:00:00+09:00,2416.666748046875,2430.0,2416.666748046875,2420.0,154,0.0,0.0
2022-11-24 12:00:00+09:00,2423.333251953125,2430.0,2423.333251953125,2430.0,236,0.0,0.0
2022-11-24 13:00:00+09:00,2426.666748046875,2433.333251953125,2416.666748046875,2416.666748046875,552,0.0,0.0
2022-11-24 14:00:00+09:00,2416.666748046875,2433.333251953125,2416.666748046875,2433.333251953125,208,0.0,0.0
2022-11-25 09:00:00+09:00,2440.0,2440.0,2416.666748046875,2420.0,0,0.0,0.0
2022-11-25 10:00:00+09:00,2420.0,2426.666748046875,2416.666748046875,2426.666748046875,749,0.0,0.0
2022-11-25 11:00:00+09:00,2420.0,2426.666748046875,2413.333251953125,2426.666748046875,616,0.0,0.0
2022-11-25 12:00:00+09:00,2426.666748046875,2426.666748046875,2423.333251953125,2426.666748046875,131,0.0,0.0
2022-11-25 13:00:00+09:00,2423.333251953125,2423.333251953125,2420.0,2423.333251953125,170,0.0,0.0
2022-11-25 14:00:00+09:00,2423.333251953125,2426.666748046875,2413.333251953125,2426.666748046875,137,0.0,0.0
2022-11-28 09:00:00+09:00,2440.0,2453.333251953125,2266.666748046875,2366.666748046875,0,0.0,0.0
2022-11-28 10:00:00+09:00,2383.333251953125,2390.0,2336.666748046875,2370.0,1436,0.0,0.0
2022-11-28 11:00:00+09:00,2370.0,2370.0,2350.0,2350.0,46,0.0,0.0
2022-11-28 12:00:00+09:00,2370.0,2370.0,2333.333251953125,2350.0,2069,0.0,0.0
2022-11-28 13:00:00+09:00,2350.0,2366.666748046875,2340.0,2366.666748046875,453,0.0,0.0
2022-11-28 14:00:00+09:00,2356.666748046875,2390.0,2336.666748046875,2373.333251953125,861,0.0,0.0
2022-11-29 09:00:00+09:00,2320.0,2373.333251953125,2316.666748046875,2373.333251953125,0,0.0,0.0
2022-11-29 10:00:00+09:00,2360.0,2373.333251953125,2320.0,2370.0,330,0.0,0.0
2022-11-29 11:00:00+09:00,2370.0,2370.0,2366.666748046875,2366.666748046875,90,0.0,0.0
2022-11-29 12:00:00+09:00,2366.666748046875,2370.0,2353.333251953125,2353.333251953125,247,0.0,0.0
2022-11-29 13:00:00+09:00,2363.333251953125,2363.333251953125,2353.333251953125,2353.333251953125,670,0.0,0.0
2022-11-29 14:00:00+09:00,2363.333251953125,2363.333251953125,2350.0,2363.333251953125,260,0.0,0.0
2022-11-30 09:00:00+09:00,2390.0,2420.0,2380.0,2420.0,0,0.0,0.0
2022-11-30 10:00:00+09:00,2420.0,2430.0,2383.333251953125,2420.0,2201,0.0,0.0
2022-11-30 11:00:00+09:00,2416.666748046875,2416.666748046875,2410.0,2410.0,411,0.0,0.0
2022-11-30 12:00:00+09:00,2413.333251953125,2413.333251953125,2403.333251953125,2403.333251953125,159,0.0,0.0
2022-11-30 13:00:00+09:00,2406.666748046875,2406.666748046875,2396.666748046875,2396.666748046875,113,0.0,0.0
2022-11-30 14:00:00+09:00,2413.333251953125,2413.333251953125,2413.333251953125,2413.333251953125,26,0.0,0.0
2022-12-01 09:00:00+09:00,2426.666748046875,2436.666748046875,2416.666748046875,2426.666748046875,0,0.0,0.0
2022-12-01 10:00:00+09:00,2426.666748046875,2426.666748046875,2416.666748046875,2426.666748046875,222,0.0,0.0
2022-12-01 11:00:00+09:00,2426.666748046875,2426.666748046875,2410.0,2426.666748046875,1516,0.0,0.0
2022-12-01 12:00:00+09:00,2416.666748046875,2426.666748046875,2406.666748046875,2426.666748046875,672,0.0,0.0
2022-12-01 13:00:00+09:00,2423.333251953125,2430.0,2410.0,2430.0,358,0.0,0.0
2022-12-01 14:00:00+09:00,2426.666748046875,2433.333251953125,2426.666748046875,2430.0,167,0.0,0.0
2022-12-02 09:00:00+09:00,2433.333251953125,2433.333251953125,2406.666748046875,2426.666748046875,0,0.0,0.0
2022-12-02 10:00:00+09:00,2423.333251953125,2423.333251953125,2420.0,2420.0,280,0.0,0.0
2022-12-02 11:00:00+09:00,2420.0,2420.0,2403.333251953125,2403.333251953125,359,0.0,0.0
2022-12-02 12:00:00+09:00,2400.0,2416.666748046875,2400.0,2416.666748046875,277,0.0,0.0
2022-12-02 13:00:00+09:00,2416.666748046875,2420.0,2413.333251953125,2416.666748046875,175,0.0,0.0
2022-12-02 14:00:00+09:00,2420.0,2420.0,2410.0,2416.666748046875,227,0.0,0.0
2022-12-05 09:00:00+09:00,2376.666748046875,2400.0,2373.333251953125,2400.0,0,0.0,0.0
2022-12-05 10:00:00+09:00,2383.333251953125,2400.0,2383.333251953125,2383.333251953125,1337,0.0,0.0
2022-12-05 11:00:00+09:00,2383.333251953125,2393.333251953125,2376.666748046875,2393.333251953125,96,0.0,0.0
2022-12-05 12:00:00+09:00,2393.333251953125,2393.333251953125,2390.0,2393.333251953125,282,0.0,0.0
2022-12-05 13:00:00+09:00,2380.0,2380.0,2373.333251953125,2373.333251953125,1003,0.0,0.0
2022-12-05 14:00:00+09:00,2383.333251953125,2390.0,2383.333251953125,2386.666748046875,218,0.0,0.0
2022-12-06 09:00:00+09:00,2380.0,2430.0,2380.0,2386.666748046875,0,0.0,0.0
2022-12-06 10:00:00+09:00,2386.666748046875,2406.666748046875,2386.666748046875,2403.333251953125,0,0.0,0.0
2022-12-06 11:00:00+09:00,2406.666748046875,2410.0,2403.333251953125,2406.666748046875,2150,0.0,0.0
2022-12-06 12:00:00+09:00,2406.666748046875,2440.0,2406.666748046875,2410.0,1689,0.0,0.0
2022-12-06 13:00:00+09:00,2410.0,2440.0,2403.333251953125,2436.666748046875,1585,0.0,0.0
2022-12-06 14:00:00+09:00,2433.333251953125,2440.0,2420.0,2420.0,1365,0.0,0.0
2022-12-07 09:00:00+09:00,2423.333251953125,2443.333251953125,2396.666748046875,2410.0,931,0.0,0.0
2022-12-07 10:00:00+09:00,2406.666748046875,2443.333251953125,2400.0,2443.333251953125,589,0.0,0.0
2022-12-07 11:00:00+09:00,2436.666748046875,2453.333251953125,2340.0,2360.0,2327,0.0,0.0
2022-12-07 12:00:00+09:00,2373.333251953125,2400.0,2363.333251953125,2400.0,523,0.0,0.0
2022-12-07 13:00:00+09:00,2406.666748046875,2410.0,2403.333251953125,2410.0,137,0.0,0.0
2022-12-07 14:00:00+09:00,2403.333251953125,2406.666748046875,2346.666748046875,2373.333251953125,726,0.0,0.0
2022-12-08 09:00:00+09:00,2420.0,2420.0,2403.333251953125,2410.0,0,0.0,0.0
2022-12-08 10:00:00+09:00,2403.333251953125,2403.333251953125,2396.666748046875,2396.666748046875,468,0.0,0.0
2022-12-08 11:00:00+09:00,2396.666748046875,2400.0,2383.333251953125,2383.333251953125,311,0.0,0.0
2022-12-08 12:00:00+09:00,2410.0,2410.0,2386.666748046875,2410.0,32,0.0,0.0
2022-12-08 13:00:00+09:00,2410.0,2410.0,2410.0,2410.0,10,0.0,0.0
2022-12-08 14:00:00+09:00,2386.666748046875,2413.333251953125,2360.0,2376.666748046875,1280,0.0,0.0
2022-12-09 09:00:00+09:00,2416.666748046875,2420.0,2393.333251953125,2400.0,0,0.0,0.0
2022-12-09 10:00:00+09:00,2400.0,2416.666748046875,2390.0,2390.0,1106,0.0,0.0
2022-12-09 11:00:00+09:00,2393.333251953125,2413.333251953125,2393.333251953125,2413.333251953125,342,0.0,0.0
2022-12-09 12:00:00+09:00,2413.333251953125,2413.333251953125,2413.333251953125,2413.333251953125,7,0.0,0.0
2022-12-09 13:00:00+09:00,2413.333251953125,2416.666748046875,2390.0,2416.666748046875,104,0.0,0.0
2022-12-09 14:00:00+09:00,2416.666748046875,2430.0,2390.0,2430.0,143,0.0,0.0
2022-12-12 09:00:00+09:00,2460.0,2460.0,2410.0,2410.0,0,0.0,0.0
2022-12-12 10:00:00+09:00,2413.333251953125,2413.333251953125,2413.333251953125,2413.333251953125,10,0.0,0.0
2022-12-12 11:00:00+09:00,2433.333251953125,2436.666748046875,2416.666748046875,2416.666748046875,366,0.0,0.0
2022-12-12 12:00:00+09:00,2443.333251953125,2443.333251953125,2443.333251953125,2443.333251953125,25,0.0,0.0
2022-12-12 13:00:00+09:00,2426.666748046875,2426.666748046875,2420.0,2420.0,122,0.0,0.0
2022-12-12 14:00:00+09:00,2420.0,2420.0,2416.666748046875,2416.666748046875,100,0.0,0.0
2022-12-13 09:00:00+09:00,2436.666748046875,2436.666748046875,2300.0,2370.0,715,0.0,0.0
2022-12-13 10:00:00+09:00,2370.0,2383.333251953125,2370.0,2380.0,942,0.0,0.0
2022-12-13 11:00:00+09:00,2380.0,2383.333251953125,2380.0,2383.333251953125,33,0.0,0.0
2022-12-13 12:00:00+09:00,2383.333251953125,2383.333251953125,2380.0,2380.0,351,0.0,0.0
2022-12-13 13:00:00+09:00,2380.0,2383.333251953125,2376.666748046875,2376.666748046875,335,0.0,0.0
2022-12-13 14:00:00+09:00,2376.666748046875,2380.0,2373.333251953125,2380.0,1730,0.0,0.0
2022-12-14 09:00:00+09:00,2480.0,2850.0,2446.666748046875,2463.333251953125,63282,0.0,0.0
2022-12-14 10:00:00+09:00,2460.0,2466.666748046875,2416.666748046875,2466.666748046875,4779,0.0,0.0
2022-12-14 11:00:00+09:00,2466.666748046875,2466.666748046875,2423.333251953125,2443.333251953125,3426,0.0,0.0
2022-12-14 12:00:00+09:00,2453.333251953125,2453.333251953125,2443.333251953125,2446.666748046875,1974,0.0,0.0
2022-12-14 13:00:00+09:00,2450.0,2453.333251953125,2426.666748046875,2440.0,1555,0.0,0.0
2022-12-14 14:00:00+09:00,2440.0,2470.0,2436.666748046875,2460.0,2044,0.0,0.0
2022-12-15 09:00:00+09:00,2543.333251953125,2543.333251953125,2466.666748046875,2466.666748046875,0,0.0,0.0
2022-12-15 10:00:00+09:00,2470.0,2483.333251953125,2470.0,2470.0,448,0.0,0.0
2022-12-15 11:00:00+09:00,2480.0,2480.0,2466.666748046875,2466.666748046875,398,0.0,0.0
2022-12-15 12:00:00+09:00,2466.666748046875,2510.0,2440.0,2470.0,1768,0.0,0.0
2022-12-15 13:00:00+09:00,2470.0,2473.333251953125,2460.0,2463.333251953125,72,0.0,0.0
2022-12-15 14:00:00+09:00,2473.333251953125,2480.0,2463.333251953125,2476.666748046875,440,0.0,0.0
2022-12-16 09:00:00+09:00,2440.0,2476.666748046875,2393.333251953125,2443.333251953125,0,0.0,0.0
2022-12-16 10:00:00+09:00,2443.333251953125,2443.333251953125,2426.666748046875,2443.333251953125,78,0.0,0.0
2022-12-16 11:00:00+09:00,2426.666748046875,2456.666748046875,2420.0,2456.666748046875,426,0.0,0.0
2022-12-16 12:00:00+09:00,2453.333251953125,2466.666748046875,2453.333251953125,2466.666748046875,81,0.0,0.0
2022-12-16 13:00:00+09:00,2463.333251953125,2466.666748046875,2423.333251953125,2436.666748046875,535,0.0,0.0
2022-12-16 14:00:00+09:00,2446.666748046875,2473.333251953125,2426.666748046875,2426.666748046875,1901,0.0,0.0
2022-12-19 09:00:00+09:00,2430.0,2446.666748046875,2420.0,2430.0,1003,0.0,0.0
2022-12-19 10:00:00+09:00,2430.0,2446.666748046875,2430.0,2446.666748046875,558,0.0,0.0
2022-12-19 11:00:00+09:00,2446.666748046875,2453.333251953125,2446.666748046875,2453.333251953125,106,0.0,0.0
2022-12-19 12:00:00+09:00,2453.333251953125,2453.333251953125,2453.333251953125,2453.333251953125,151,0.0,0.0
2022-12-19 13:00:00+09:00,2450.0,2453.333251953125,2436.666748046875,2440.0,873,0.0,0.0
2022-12-19 14:00:00+09:00,2440.0,2450.0,2436.666748046875,2450.0,237,0.0,0.0
2022-12-20 09:00:00+09:00,2453.333251953125,2453.333251953125,2373.333251953125,2430.0,0,0.0,0.0
2022-12-20 10:00:00+09:00,2406.666748046875,2433.333251953125,2390.0,2426.666748046875,290,0.0,0.0
2022-12-20 11:00:00+09:00,2426.666748046875,2430.0,2373.333251953125,2416.666748046875,1028,0.0,0.0
2022-12-20 12:00:00+09:00,2416.666748046875,2416.666748046875,2376.666748046875,2400.0,235,0.0,0.0
2022-12-20 13:00:00+09:00,2400.0,2400.0,2390.0,2390.0,52,0.0,0.0
2022-12-20 14:00:00+09:00,2390.0,2396.666748046875,2380.0,2396.666748046875,21,0.0,0.0
2022-12-21 09:00:00+09:00,2383.333251953125,2393.333251953125,2366.666748046875,2370.0,0,0.0,0.0
2022-12-21 10:00:00+09:00,2370.0,2390.0,2356.666748046875,2390.0,1219,0.0,0.0
2022-12-21 11:00:00+09:00,2390.0,2390.0,2370.0,2373.333251953125,171,0.0,0.0
2022-12-21 12:00:00+09:00,2373.333251953125,2380.0,2373.333251953125,2376.666748046875,142,0.0,0.0
2022-12-21 13:00:00+09:00,2376.666748046875,2390.0,2366.666748046875,2386.666748046875,0,0.0,0.0
2022-12-21 14:00:00+09:00,2366.666748046875,2366.666748046875,2366.666748046875,2366.666748046875,2489,0.0,0.0
2022-12-22 09:00:00+09:00,2363.333251953125,2376.666748046875,2356.666748046875,2363.333251953125,0,0.0,0.0
2022-12-22 10:00:00+09:00,2363.333251953125,2370.0,2363.333251953125,2363.333251953125,695,0.0,0.0
2022-12-22 11:00:00+09:00,2373.333251953125,2383.333251953125,2373.333251953125,2383.333251953125,1074,0.0,0.0
2022-12-22 12:00:00+09:00,2376.666748046875,2383.333251953125,2376.666748046875,2383.333251953125,516,0.0,0.0
2022-12-22 13:00:00+09:00,2380.0,2380.0,2326.666748046875,2330.0,2267,0.0,0.0
2022-12-22 14:00:00+09:00,2333.333251953125,2350.0,2333.333251953125,2343.333251953125,733,0.0,0.0
2022-12-23 09:00:00+09:00,2333.333251953125,2346.666748046875,2233.333251953125,2310.0,0,0.0,0.0
2022-12-23 10:00:00+09:00,2306.666748046875,2343.333251953125,2300.0,2343.333251953125,260,0.0,0.0
2022-12-23 11:00:00+09:00,2343.333251953125,2343.333251953125,2306.666748046875,2336.666748046875,101,0.0,0.0
2022-12-23 12:00:00+09:00,2313.333251953125,2323.333251953125,2306.666748046875,2323.333251953125,185,0.0,0.0
2022-12-23 13:00:00+09:00,2323.333251953125,2326.666748046875,2323.333251953125,2323.333251953125,23,0.0,0.0
2022-12-23 14:00:00+09:00,2323.333251953125,2336.666748046875,2320.0,2320.0,219,0.0,0.0
2022-12-26 09:00:00+09:00,2303.333251953125,2330.0,2296.666748046875,2326.666748046875,0,0.0,0.0
2022-12-26 10:00:00+09:00,2323.333251953125,2323.333251953125,2303.333251953125,2303.333251953125,89,0.0,0.0
2022-12-26 11:00:00+09:00,2326.666748046875,2326.666748046875,2326.666748046875,2326.666748046875,9,0.0,0.0
2022-12-26 12:00:00+09:00,2326.666748046875,2330.0,2310.0,2330.0,70,0.0,0.0
2022-12-26 13:00:00+09:00,2330.0,2330.0,2326.666748046875,2326.666748046875,4,0.0,0.0
2022-12-26 14:00:00+09:00,2326.666748046875,2326.666748046875,2316.666748046875,2316.666748046875,20,0.0,0.0
2022-12-27 09:00:00+09:00,2290.0,2313.333251953125,2290.0,2303.333251953125,0,0.0,0.0
2022-12-27 10:00:00+09:00,2306.666748046875,2313.333251953125,2306.666748046875,2313.333251953125,241,0.0,0.0
2022-12-27 11:00:00+09:00,2323.333251953125,2333.333251953125,2316.666748046875,2316.666748046875,180,0.0,0.0
2022-12-27 12:00:00+09:00,2316.666748046875,2316.666748046875,2316.666748046875,2316.666748046875,236,0.0,0.0
2022-12-27 13:00:00+09:00,2313.333251953125,2313.333251953125,2310.0,2310.0,717,0.0,0.0
2022-12-27 14:00:00+09:00,2310.0,2316.666748046875,2306.666748046875,2316.666748046875,950,0.0,0.0
2022-12-28 09:00:00+09:00,2333.333251953125,2333.333251953125,2310.0,2310.0,0,0.0,0.0
2022-12-28 10:00:00+09:00,2326.666748046875,2326.666748046875,2310.0,2326.666748046875,8214,0.0,0.0
2022-12-28 11:00:00+09:00,2326.666748046875,2326.666748046875,2310.0,2310.0,489,0.0,0.0
2022-12-28 12:00:00+09:00,2313.333251953125,2313.333251953125,2306.666748046875,2306.666748046875,196,0.0,0.0
2022-12-28 13:00:00+09:00,2313.333251953125,2326.666748046875,2313.333251953125,2320.0,487,0.0,0.0
2022-12-28 14:00:00+09:00,2320.0,2326.666748046875,2316.666748046875,2316.666748046875,962,0.0,0.0
2022-12-29 09:00:00+09:00,2300.0,2336.666748046875,2293.333251953125,2293.333251953125,0,0.0,0.0
2022-12-29 10:00:00+09:00,2300.0,2303.333251953125,2300.0,2303.333251953125,105,0.0,0.0
2022-12-29 11:00:00+09:00,2296.666748046875,2296.666748046875,2286.666748046875,2286.666748046875,401,0.0,0.0
2022-12-29 12:00:00+09:00,2310.0,2310.0,2293.333251953125,2300.0,171,0.0,0.0
2022-12-29 13:00:00+09:00,2300.0,2310.0,2300.0,2300.0,28,0.0,0.0
2022-12-29 14:00:00+09:00,2296.666748046875,2316.666748046875,2286.666748046875,2316.666748046875,793,0.0,0.0
2023-01-02 10:00:00+09:00,2273.333251953125,2283.333251953125,2270.0,2276.666748046875,161,0.0,0.0
2023-01-02 11:00:00+09:00,2273.333251953125,2283.333251953125,2270.0,2270.0,104,0.0,0.0
2023-01-02 12:00:00+09:00,2270.0,2280.0,2233.333251953125,2250.0,1562,0.0,0.0
2023-01-02 13:00:00+09:00,2250.0,2340.0,2250.0,2336.666748046875,2691,0.0,0.0
2023-01-02 14:00:00+09:00,2336.666748046875,2340.0,2276.666748046875,2330.0,56,0.0,0.0
2023-01-03 09:00:00+09:00,2303.333251953125,2370.0,2300.0,2300.0,0,0.0,0.0
2023-01-03 10:00:00+09:00,2303.333251953125,2313.333251953125,2283.333251953125,2283.333251953125,1240,0.0,0.0
2023-01-03 11:00:00+09:00,2313.333251953125,2326.666748046875,2266.666748046875,2266.666748046875,1449,0.0,0.0
2023-01-03 12:00:00+09:00,2313.333251953125,2313.333251953125,2286.666748046875,2293.333251953125,87,0.0,0.0
2023-01-03 13:00:00+09:00,2293.333251953125,2296.666748046875,2293.333251953125,2296.666748046875,43,0.0,0.0
2023-01-03 14:00:00+09:00,2296.666748046875,2296.666748046875,2273.333251953125,2296.666748046875,172,0.0,0.0
2023-01-04 09:00:00+09:00,2313.333251953125,2326.666748046875,2313.333251953125,2316.666748046875,0,0.0,0.0
2023-01-04 10:00:00+09:00,2316.666748046875,2336.666748046875,2316.666748046875,2336.666748046875,69,0.0,0.0
2023-01-04 11:00:00+09:00,2336.666748046875,2336.666748046875,2313.333251953125,2313.333251953125,204,0.0,0.0
2023-01-04 12:00:00+09:00,2333.333251953125,2333.333251953125,2333.333251953125,2333.333251953125,4,0.0,0.0
2023-01-04 13:00:00+09:00,2326.666748046875,2326.666748046875,2326.666748046875,2326.666748046875,4,0.0,0.0
2023-01-04 14:00:00+09:00,2333.333251953125,2333.333251953125,2323.333251953125,2330.0,342,0.0,0.0
2023-01-05 09:00:00+09:00,2386.666748046875,2386.666748046875,2330.0,2350.0,0,0.0,0.0
2023-01-05 10:00:00+09:00,2366.666748046875,2386.666748046875,2350.0,2386.666748046875,1850,0.0,0.0
2023-01-05 11:00:00+09:00,2383.333251953125,2386.666748046875,2353.333251953125,2353.333251953125,380,0.0,0.0
2023-01-05 12:00:00+09:00,2353.333251953125,2370.0,2343.333251953125,2370.0,307,0.0,0.0
2023-01-05 13:00:00+09:00,2370.0,2370.0,2370.0,2370.0,60,0.0,0.0
2023-01-05 14:00:00+09:00,2366.666748046875,2366.666748046875,2343.333251953125,2346.666748046875,103,0.0,0.0
2023-01-06 09:00:00+09:00,2330.0,2373.333251953125,2330.0,2366.666748046875,0,0.0,0.0
2023-01-06 10:00:00+09:00,2363.333251953125,2370.0,2363.333251953125,2370.0,272,0.0,0.0
2023-01-06 11:00:00+09:00,2370.0,2376.666748046875,2360.0,2376.666748046875,949,0.0,0.0
2023-01-06 12:00:00+09:00,2373.333251953125,2383.333251953125,2370.0,2383.333251953125,390,0.0,0.0
2023-01-06 13:00:00+09:00,2380.0,2393.333251953125,2380.0,2393.333251953125,1634,0.0,0.0
2023-01-06 14:00:00+09:00,2393.333251953125,2396.666748046875,2393.333251953125,2393.333251953125,114,0.0,0.0
2023-01-09 09:00:00+09:00,2383.333251953125,2410.0,2383.333251953125,2410.0,0,0.0,0.0
2023-01-09 10:00:00+09:00,2410.0,2410.0,2393.333251953125,2406.666748046875,835,0.0,0.0
2023-01-09 11:00:00+09:00,2403.333251953125,2406.666748046875,2403.333251953125,2406.666748046875,340,0.0,0.0
2023-01-09 12:00:00+09:00,2406.666748046875,2430.0,2403.333251953125,2430.0,1321,0.0,0.0
2023-01-09 13:00:00+09:00,2413.333251953125,2473.333251953125,2396.666748046875,2470.0,2876,0.0,0.0
2023-01-09 14:00:00+09:00,2470.0,2510.0,2456.666748046875,2510.0,3411,0.0,0.0
2023-01-10 09:00:00+09:00,2516.666748046875,3270.0,2516.666748046875,3270.0,358523,0.0,0.0
2023-01-10 10:00:00+09:00,3270.0,3270.0,3270.0,3270.0,4611,0.0,0.0
2023-01-10 11:00:00+09:00,3270.0,3270.0,3270.0,3270.0,1347,0.0,0.0
2023-01-10 12:00:00+09:00,3270.0,3270.0,3270.0,3270.0,1639,0.0,0.0
2023-01-10 13:00:00+09:00,3270.0,3270.0,3270.0,3270.0,1386,0.0,0.0
2023-01-10 14:00:00+09:00,3270.0,3270.0,3270.0,3270.0,278,0.0,0.0
2023-01-11 09:00:00+09:00,3750.0,3966.666748046875,3583.333251953125,3666.666748046875,493838,0.0,0.0
2023-01-11 10:00:00+09:00,3650.0,3700.0,3416.666748046875,3416.666748046875,134665,0.0,0.0
2023-01-11 11:00:00+09:00,3433.333251953125,3500.0,3416.666748046875,3466.666748046875,91777,0.0,0.0
2023-01-11 12:00:00+09:00,3450.0,3616.666748046875,3450.0,3566.666748046875,141951,0.0,0.0
2023-01-11 13:00:00+09:00,3566.666748046875,3583.333251953125,3550.0,3566.666748046875,26813,0.0,0.0
2023-01-11 14:00:00+09:00,3566.666748046875,3583.333251953125,3533.333251953125,3550.0,28243,0.0,0.0
2023-01-12 09:00:00+09:00,3633.333251953125,3633.333251953125,3500.0,3566.666748046875,0,0.0,0.0
2023-01-12 10:00:00+09:00,3566.666748046875,3600.0,3533.333251953125,3566.666748046875,28810,0.0,0.0
2023-01-12 11:00:00+09:00,3566.666748046875,3566.666748046875,3533.333251953125,3533.333251953125,10339,0.0,0.0
2023-01-12 12:00:00+09:00,3533.333251953125,3583.333251953125,3533.333251953125,3566.666748046875,5592,0.0,0.0
2023-01-12 13:00:00+09:00,3566.666748046875,3783.333251953125,3316.666748046875,3333.333251953125,325927,0.0,0.0
2023-01-12 14:00:00+09:00,3333.333251953125,3466.666748046875,3333.333251953125,3400.0,55219,0.0,0.0
2023-01-13 09:00:00+09:00,3500.0,3533.333251953125,3383.333251953125,3450.0,0,0.0,0.0
2023-01-13 10:00:00+09:00,3466.666748046875,3583.333251953125,3466.666748046875,3550.0,54937,0.0,0.0
2023-01-13 11:00:00+09:00,3550.0,3583.333251953125,3466.666748046875,3483.333251953125,11203,0.0,0.0
2023-01-13 12:00:00+09:00,3483.333251953125,3516.666748046875,3466.666748046875,3466.666748046875,6384,0.0,0.0
2023-01-13 13:00:00+09:00,3483.333251953125,3566.666748046875,3466.666748046875,3533.333251953125,7742,0.0,0.0
2023-01-13 14:00:00+09:00,3550.0,3566.666748046875,3516.666748046875,3533.333251953125,9920,0.0,0.0
2023-01-16 09:00:00+09:00,3500.0,3616.666748046875,3500.0,3550.0,0,0.0,0.0
2023-01-16 10:00:00+09:00,3550.0,3566.666748046875,3483.333251953125,3533.333251953125,13524,0.0,0.0
2023-01-16 11:00:00+09:00,3500.0,3566.666748046875,3500.0,3533.333251953125,4369,0.0,0.0
2023-01-16 12:00:00+09:00,3533.333251953125,3533.333251953125,3483.333251953125,3516.666748046875,11024,0.0,0.0
2023-01-16 13:00:00+09:00,3516.666748046875,3516.666748046875,3483.333251953125,3516.666748046875,7070,0.0,0.0
2023-01-16 14:00:00+09:00,3516.666748046875,3566.666748046875,3500.0,3533.333251953125,8523,0.0,0.0
2023-01-17 09:00:00+09:00,3550.0,3566.666748046875,3366.666748046875,3366.666748046875,0,0.0,0.0
2023-01-17 10:00:00+09:00,3366.666748046875,3433.333251953125,3316.666748046875,3366.666748046875,26101,0.0,0.0
2023-01-17 11:00:00+09:00,3350.0,3416.666748046875,3350.0,3383.333251953125,6368,0.0,0.0
2023-01-17 12:00:00+09:00,3366.666748046875,3433.333251953125,3350.0,3400.0,11115,0.0,0.0
2023-01-17 13:00:00+09:00,3383.333251953125,3416.666748046875,3383.333251953125,3416.666748046875,2837,0.0,0.0
2023-01-17 14:00:00+09:00,3433.333251953125,3433.333251953125,3350.0,3366.666748046875,6750,0.0,0.0
2023-01-18 09:00:00+09:00,3416.666748046875,3433.333251953125,3333.333251953125,3350.0,0,0.0,0.0
2023-01-18 10:00:00+09:00,3350.0,3366.666748046875,3333.333251953125,3366.666748046875,5908,0.0,0.0
2023-01-18 11:00:00+09:00,3366.666748046875,3466.666748046875,3366.666748046875,3450.0,10610,0.0,0.0
2023-01-18 12:00:00+09:00,3466.666748046875,3516.666748046875,3433.333251953125,3433.333251953125,14562,0.0,0.0
2023-01-18 13:00:00+09:00,3433.333251953125,3500.0,3400.0,3466.666748046875,9777,0.0,0.0
2023-01-18 14:00:00+09:00,3450.0,3483.333251953125,3433.333251953125,3483.333251953125,6212,0.0,0.0
2023-01-19 09:00:00+09:00,3450.0,3516.666748046875,3350.0,3483.333251953125,0,0.0,0.0
2023-01-19 10:00:00+09:00,3483.333251953125,3500.0,3433.333251953125,3483.333251953125,6640,0.0,0.0
2023-01-19 11:00:00+09:00,3483.333251953125,3483.333251953125,3433.333251953125,3450.0,2087,0.0,0.0
2023-01-19 12:00:00+09:00,3466.666748046875,3466.666748046875,3416.666748046875,3416.666748046875,3578,0.0,0.0
2023-01-19 13:00:00+09:00,3416.666748046875,3450.0,3400.0,3416.666748046875,4066,0.0,0.0
2023-01-19 14:00:00+09:00,3400.0,3450.0,3400.0,3416.666748046875,5122,0.0,0.0
2023-01-20 09:00:00+09:00,3500.0,3516.666748046875,3416.666748046875,3450.0,0,0.0,0.0
2023-01-20 10:00:00+09:00,3483.333251953125,3483.333251953125,3416.666748046875,3466.666748046875,4927,0.0,0.0
2023-01-20 11:00:00+09:00,3466.666748046875,3683.333251953125,3450.0,3650.0,51063,0.0,0.0
2023-01-20 12:00:00+09:00,3633.333251953125,3683.333251953125,3566.666748046875,3583.333251953125,18235,0.0,0.0
2023-01-20 13:00:00+09:00,3583.333251953125,3583.333251953125,3516.666748046875,3550.0,8586,0.0,0.0
2023-01-20 14:00:00+09:00,3550.0,3566.666748046875,3500.0,3550.0,9632,0.0,0.0
2023-01-25 09:00:00+09:00,3700.0,3700.0,3433.333251953125,3533.333251953125,0,0.0,0.0
2023-01-25 10:00:00+09:00,3533.333251953125,3540.0,3496.666748046875,3503.333251953125,6800,0.0,0.0
2023-01-25 11:00:00+09:00,3506.666748046875,3583.333251953125,3503.333251953125,3526.666748046875,5098,0.0,0.0
2023-01-25 12:00:00+09:00,3563.333251953125,3563.333251953125,3533.333251953125,3540.0,2587,0.0,0.0
2023-01-25 13:00:00+09:00,3540.0,3683.333251953125,3536.666748046875,3626.666748046875,18855,0.0,0.0
2023-01-25 14:00:00+09:00,3623.333251953125,3653.333251953125,3576.666748046875,3616.666748046875,15268,0.0,0.0
2023-01-26 09:00:00+09:00,3603.333251953125,3633.333251953125,3466.666748046875,3476.666748046875,27817,0.0,0.0
2023-01-26 10:00:00+09:00,3476.666748046875,3616.666748046875,3473.333251953125,3536.666748046875,8001,0.0,0.0
2023-01-26 11:00:00+09:00,3550.0,3616.666748046875,3543.333251953125,3553.333251953125,9263,0.0,0.0
2023-01-26 12:00:00+09:00,3553.333251953125,3616.666748046875,3530.0,3556.666748046875,3531,0.0,0.0
2023-01-26 13:00:00+09:00,3550.0,3616.666748046875,3500.0,3506.666748046875,6193,0.0,0.0
2023-01-26 14:00:00+09:00,3500.0,3616.666748046875,3400.0,3416.666748046875,21901,0.0,0.0
2023-01-27 09:00:00+09:00,3433.333251953125,3473.333251953125,3383.333251953125,3393.333251953125,16271,0.0,0.0
2023-01-27 10:00:00+09:00,3393.333251953125,3400.0,3333.333251953125,3350.0,34024,0.0,0.0
2023-01-27 11:00:00+09:00,3350.0,3360.0,3243.333251953125,3276.666748046875,26210,0.0,0.0
2023-01-27 12:00:00+09:00,3273.333251953125,3293.333251953125,3230.0,3283.333251953125,16915,0.0,0.0
2023-01-27 13:00:00+09:00,3283.333251953125,3283.333251953125,3233.333251953125,3266.666748046875,13435,0.0,0.0
2023-01-27 14:00:00+09:00,3266.666748046875,3280.0,3253.333251953125,3263.333251953125,6605,0.0,0.0
2023-01-30 09:00:00+09:00,3316.666748046875,3316.666748046875,3193.333251953125,3256.666748046875,0,0.0,0.0
2023-01-30 10:00:00+09:00,3256.666748046875,3263.333251953125,3226.666748046875,3226.666748046875,3147,0.0,0.0
2023-01-30 11:00:00+09:00,3233.333251953125,3233.333251953125,3190.0,3210.0,8088,0.0,0.0
2023-01-30 12:00:00+09:00,3206.666748046875,3273.333251953125,3190.0,3260.0,10056,0.0,0.0
2023-01-30 13:00:00+09:00,3260.0,3273.333251953125,3256.666748046875,3273.333251953125,4569,0.0,0.0
2023-01-30 14:00:00+09:00,3270.0,3270.0,3243.333251953125,3260.0,5525,0.0,0.0
2023-01-31 09:00:00+09:00,3303.333251953125,3400.0,3290.0,3353.333251953125,0,0.0,0.0
2023-01-31 10:00:00+09:00,3350.0,3353.333251953125,3290.0,3320.0,6503,0.0,0.0
2023-01-31 11:00:00+09:00,3316.666748046875,3363.333251953125,3303.333251953125,3336.666748046875,8731,0.0,0.0
2023-01-31 12:00:00+09:00,3336.666748046875,3360.0,3326.666748046875,3333.333251953125,5094,0.0,0.0
2023-01-31 13:00:00+09:00,3333.333251953125,3343.333251953125,3330.0,3330.0,3168,0.0,0.0
2023-01-31 14:00:00+09:00,3330.0,3333.333251953125,3320.0,3320.0,9101,0.0,0.0
2023-02-01 09:00:00+09:00,3413.333251953125,3416.666748046875,3230.0,3296.666748046875,20115,0.0,0.0
2023-02-01 10:00:00+09:00,3296.666748046875,3306.666748046875,3230.0,3246.666748046875,15279,0.0,0.0
2023-02-01 11:00:00+09:00,3240.0,3246.666748046875,3216.666748046875,3240.0,7064,0.0,0.0
2023-02-01 12:00:00+09:00,3236.666748046875,3326.666748046875,3230.0,3296.666748046875,4605,0.0,0.0
2023-02-01 13:00:00+09:00,3290.0,3386.666748046875,3256.666748046875,3316.666748046875,27874,0.0,0.0
2023-02-01 14:00:00+09:00,3320.0,3493.333251953125,3320.0,3476.666748046875,66848,0.0,0.0
2023-02-02 09:00:00+09:00,3516.666748046875,3533.333251953125,3386.666748046875,3466.666748046875,0,0.0,0.0
2023-02-02 10:00:00+09:00,3466.666748046875,3496.666748046875,3413.333251953125,3426.666748046875,8020,0.0,0.0
2023-02-02 11:00:00+09:00,3430.0,3636.666748046875,3376.666748046875,3416.666748046875,31252,0.0,0.0
2023-02-02 12:00:00+09:00,3416.666748046875,3433.333251953125,3416.666748046875,3423.333251953125,1963,0.0,0.0
2023-02-02 13:00:00+09:00,3423.333251953125,3436.666748046875,3423.333251953125,3430.0,1145,0.0,0.0
2023-02-02 14:00:00+09:00,3430.0,3430.0,3356.666748046875,3393.333251953125,10788,0.0,0.0
2023-02-03 09:00:00+09:00,3466.666748046875,3470.0,3333.333251953125,3350.0,10423,0.0,0.0
2023-02-03 10:00:00+09:00,3350.0,3360.0,3340.0,3356.666748046875,3065,0.0,0.0
2023-02-03 11:00:00+09:00,3353.333251953125,3353.333251953125,3333.333251953125,3336.666748046875,5964,0.0,0.0
2023-02-03 12:00:00+09:00,3340.0,3343.333251953125,3330.0,3330.0,3642,0.0,0.0
2023-02-03 13:00:00+09:00,3333.333251953125,3340.0,3320.0,3333.333251953125,4384,0.0,0.0
2023-02-03 14:00:00+09:00,3336.666748046875,3340.0,3320.0,3330.0,2307,0.0,0.0
2023-02-06 09:00:00+09:00,3306.666748046875,3310.0,3266.666748046875,3286.666748046875,0,0.0,0.0
2023-02-06 10:00:00+09:00,3283.333251953125,3296.666748046875,3270.0,3270.0,5133,0.0,0.0
2023-02-06 11:00:00+09:00,3273.333251953125,3273.333251953125,3263.333251953125,3266.666748046875,4429,0.0,0.0
2023-02-06 12:00:00+09:00,3266.666748046875,3280.0,3266.666748046875,3276.666748046875,878,0.0,0.0
2023-02-06 13:00:00+09:00,3276.666748046875,3280.0,3270.0,3273.333251953125,1554,0.0,0.0
2023-02-06 14:00:00+09:00,3273.333251953125,3283.333251953125,3270.0,3276.666748046875,2575,0.0,0.0
2023-02-07 09:00:00+09:00,3263.333251953125,3286.666748046875,3240.0,3283.333251953125,9232,0.0,0.0
2023-02-07 10:00:00+09:00,3280.0,3293.333251953125,3273.333251953125,3280.0,2396,0.0,0.0
2023-02-07 11:00:00+09:00,3273.333251953125,3310.0,3270.0,3306.666748046875,3032,0.0,0.0
2023-02-07 12:00:00+09:00,3303.333251953125,3306.666748046875,3286.666748046875,3296.666748046875,1332,0.0,0.0
2023-02-07 13:00:00+09:00,3296.666748046875,3306.666748046875,3283.333251953125,3300.0,1504,0.0,0.0
2023-02-07 14:00:00+09:00,3300.0,3323.333251953125,3300.0,3320.0,1346,0.0,0.0
2023-02-08 09:00:00+09:00,3293.333251953125,3413.333251953125,3260.0,3336.666748046875,0,0.0,0.0
2023-02-08 10:00:00+09:00,3336.666748046875,3353.333251953125,3336.666748046875,3336.666748046875,2228,0.0,0.0
2023-02-08 11:00:00+09:00,3350.0,3366.666748046875,3333.333251953125,3346.666748046875,4310,0.0,0.0
2023-02-08 12:00:00+09:00,3346.666748046875,3590.0,3333.333251953125,3526.666748046875,54010,0.0,0.0
2023-02-08 13:00:00+09:00,3516.666748046875,3526.666748046875,3403.333251953125,3410.0,21114,0.0,0.0
2023-02-08 14:00:00+09:00,3413.333251953125,3416.666748046875,3383.333251953125,3410.0,6650,0.0,0.0
2023-02-09 09:00:00+09:00,3370.0,3413.333251953125,3340.0,3340.0,8766,0.0,0.0
2023-02-09 10:00:00+09:00,3340.0,3350.0,3306.666748046875,3333.333251953125,5978,0.0,0.0
2023-02-09 11:00:00+09:00,3333.333251953125,3333.333251953125,3320.0,3330.0,2452,0.0,0.0
2023-02-09 12:00:00+09:00,3330.0,3336.666748046875,3313.333251953125,3313.333251953125,3847,0.0,0.0
2023-02-09 13:00:00+09:00,3313.333251953125,3323.333251953125,3310.0,3316.666748046875,1863,0.0,0.0
2023-02-09 14:00:00+09:00,3316.666748046875,3370.0,3313.333251953125,3370.0,2368,0.0,0.0
2023-02-10 09:00:00+09:00,3320.0,3320.0,3273.333251953125,3276.666748046875,0,0.0,0.0
2023-02-10 10:00:00+09:00,3276.666748046875,3276.666748046875,3256.666748046875,3263.333251953125,7936,0.0,0.0
2023-02-10 11:00:00+09:00,3270.0,3283.333251953125,3246.666748046875,3270.0,6604,0.0,0.0
2023-02-10 12:00:00+09:00,3266.666748046875,3293.333251953125,3266.666748046875,3280.0,2270,0.0,0.0
2023-02-10 13:00:00+09:00,3280.0,3286.666748046875,3243.333251953125,3256.666748046875,2951,0.0,0.0
2023-02-10 14:00:00+09:00,3263.333251953125,3266.666748046875,3243.333251953125,3243.333251953125,4208,0.0,0.0
2023-02-13 09:00:00+09:00,3300.0,3300.0,3216.666748046875,3233.333251953125,0,0.0,0.0
2023-02-13 10:00:00+09:00,3233.333251953125,3233.333251953125,3186.666748046875,3220.0,7174,0.0,0.0
2023-02-13 11:00:00+09:00,3220.0,3230.0,3220.0,3230.0,2020,0.0,0.0
2023-02-13 12:00:00+09:00,3230.0,3260.0,3223.333251953125,3260.0,2717,0.0,0.0
2023-02-13 13:00:00+09:00,3256.666748046875,3280.0,3256.666748046875,3276.666748046875,1582,0.0,0.0
2023-02-13 14:00:00+09:00,3273.333251953125,3310.0,3273.333251953125,3306.666748046875,3632,0.0,0.0
2023-02-14 09:00:00+09:00,3333.333251953125,3410.0,3290.0,3296.666748046875,0,0.0,0.0
2023-02-14 10:00:00+09:00,3303.333251953125,3306.666748046875,3243.333251953125,3243.333251953125,6346,0.0,0.0
2023-02-14 11:00:00+09:00,3243.333251953125,3280.0,3243.333251953125,3266.666748046875,452,0.0,0.0
2023-02-14 12:00:00+09:00,3273.333251953125,3273.333251953125,3223.333251953125,3233.333251953125,4831,0.0,0.0
2023-02-14 13:00:00+09:00,3233.333251953125,3240.0,3223.333251953125,3233.333251953125,3678,0.0,0.0
2023-02-14 14:00:00+09:00,3230.0,3233.333251953125,3226.666748046875,3233.333251953125,2606,0.0,0.0
2023-02-15 09:00:00+09:00,3256.666748046875,3263.333251953125,3200.0,3200.0,0,0.0,0.0
2023-02-15 10:00:00+09:00,3210.0,3250.0,3200.0,3223.333251953125,9411,0.0,0.0
2023-02-15 11:00:00+09:00,3246.666748046875,3260.0,3230.0,3246.666748046875,1263,0.0,0.0
2023-02-15 12:00:00+09:00,3246.666748046875,3266.666748046875,3246.666748046875,3266.666748046875,1294,0.0,0.0
2023-02-15 13:00:00+09:00,3263.333251953125,3316.666748046875,3260.0,3296.666748046875,6122,0.0,0.0
2023-02-15 14:00:00+09:00,3296.666748046875,3300.0,3260.0,3266.666748046875,3734,0.0,0.0
2023-02-16 09:00:00+09:00,3323.333251953125,3336.666748046875,3233.333251953125,3290.0,0,0.0,0.0
2023-02-16 10:00:00+09:00,3286.666748046875,3303.333251953125,3276.666748046875,3303.333251953125,2411,0.0,0.0
2023-02-16 11:00:00+09:00,3300.0,3323.333251953125,3286.666748046875,3286.666748046875,1844,0.0,0.0
2023-02-16 12:00:00+09:00,3300.0,3303.333251953125,3286.666748046875,3303.333251953125,1055,0.0,0.0
2023-02-16 13:00:00+09:00,3316.666748046875,3326.666748046875,3300.0,3313.333251953125,3073,0.0,0.0
2023-02-16 14:00:00+09:00,3300.0,3306.666748046875,3276.666748046875,3293.333251953125,3727,0.0,0.0
2023-02-17 09:00:00+09:00,3310.0,3310.0,3193.333251953125,3266.666748046875,0,0.0,0.0
2023-02-17 10:00:00+09:00,3273.333251953125,3273.333251953125,3256.666748046875,3256.666748046875,1686,0.0,0.0
2023-02-17 11:00:00+09:00,3256.666748046875,3256.666748046875,3200.0,3236.666748046875,5330,0.0,0.0
2023-02-17 12:00:00+09:00,3226.666748046875,3243.333251953125,3226.666748046875,3243.333251953125,991,0.0,0.0
2023-02-17 13:00:00+09:00,3246.666748046875,3280.0,3233.333251953125,3266.666748046875,4181,0.0,0.0
2023-02-17 14:00:00+09:00,3263.333251953125,3280.0,3240.0,3253.333251953125,2937,0.0,0.0
2023-02-20 09:00:00+09:00,3320.0,3320.0,3236.666748046875,3243.333251953125,0,0.0,0.0
2023-02-20 10:00:00+09:00,3243.333251953125,3330.0,3243.333251953125,3313.333251953125,8034,0.0,0.0
2023-02-20 11:00:00+09:00,3313.333251953125,3313.333251953125,3290.0,3296.666748046875,2043,0.0,0.0
2023-02-20 12:00:00+09:00,3293.333251953125,3293.333251953125,3283.333251953125,3293.333251953125,1186,0.0,0.0
2023-02-20 13:00:00+09:00,3283.333251953125,3290.0,3276.666748046875,3276.666748046875,3642,0.0,0.0
2023-02-20 14:00:00+09:00,3280.0,3290.0,3276.666748046875,3286.666748046875,1562,0.0,0.0
2023-02-21 09:00:00+09:00,3356.666748046875,3356.666748046875,3250.0,3276.666748046875,5515,0.0,0.0
2023-02-21 10:00:00+09:00,3276.666748046875,3320.0,3256.666748046875,3296.666748046875,1678,0.0,0.0
2023-02-21 11:00:00+09:00,3300.0,3303.333251953125,3276.666748046875,3293.333251953125,1628,0.0,0.0
2023-02-21 12:00:00+09:00,3293.333251953125,3293.333251953125,3276.666748046875,3283.333251953125,889,0.0,0.0
2023-02-21 13:00:00+09:00,3283.333251953125,3290.0,3280.0,3286.666748046875,1814,0.0,0.0
2023-02-21 14:00:00+09:00,3290.0,3300.0,3283.333251953125,3296.666748046875,686,0.0,0.0
2023-02-22 09:00:00+09:00,3250.0,3320.0,3250.0,3286.666748046875,0,0.0,0.0
2023-02-22 10:00:00+09:00,3286.666748046875,3290.0,3270.0,3273.333251953125,2200,0.0,0.0
2023-02-22 11:00:00+09:00,3276.666748046875,3283.333251953125,3260.0,3263.333251953125,3005,0.0,0.0
2023-02-22 12:00:00+09:00,3263.333251953125,3270.0,3233.333251953125,3266.666748046875,4150,0.0,0.0
2023-02-22 13:00:00+09:00,3283.333251953125,3293.333251953125,3236.666748046875,3253.333251953125,2075,0.0,0.0
2023-02-22 14:00:00+09:00,3253.333251953125,3273.333251953125,3233.333251953125,3243.333251953125,2928,0.0,0.0
2023-02-23 09:00:00+09:00,3320.0,3320.0,3096.666748046875,3236.666748046875,6754,0.0,0.0
2023-02-23 10:00:00+09:00,3236.666748046875,3296.666748046875,3236.666748046875,3286.666748046875,3172,0.0,0.0
2023-02-23 11:00:00+09:00,3286.666748046875,3296.666748046875,3266.666748046875,3290.0,3817,0.0,0.0
2023-02-23 12:00:00+09:00,3293.333251953125,3316.666748046875,3290.0,3313.333251953125,2882,0.0,0.0
2023-02-23 13:00:00+09:00,3316.666748046875,3400.0,3313.333251953125,3393.333251953125,24761,0.0,0.0
2023-02-23 14:00:00+09:00,3393.333251953125,3396.666748046875,3316.666748046875,3316.666748046875,8840,0.0,0.0
2023-02-24 09:00:00+09:00,3320.0,3500.0,3320.0,3386.666748046875,17271,0.0,0.0
2023-02-24 10:00:00+09:00,3386.666748046875,3433.333251953125,3386.666748046875,3420.0,7396,0.0,0.0
2023-02-24 11:00:00+09:00,3420.0,3433.333251953125,3406.666748046875,3406.666748046875,2845,0.0,0.0
2023-02-24 12:00:00+09:00,3410.0,3420.0,3370.0,3393.333251953125,5764,0.0,0.0
2023-02-24 13:00:00+09:00,3386.666748046875,3393.333251953125,3333.333251953125,3346.666748046875,10369,0.0,0.0
2023-02-24 14:00:00+09:00,3340.0,3526.666748046875,3333.333251953125,3490.0,25767,0.0,0.0
2023-02-27 09:00:00+09:00,3636.666748046875,3663.333251953125,3510.0,3536.666748046875,0,0.0,0.0
2023-02-27 10:00:00+09:00,3540.0,3600.0,3503.333251953125,3516.666748046875,15030,0.0,0.0
2023-02-27 11:00:00+09:00,3516.666748046875,3666.666748046875,3503.333251953125,3626.666748046875,30224,0.0,0.0
2023-02-27 12:00:00+09:00,3623.333251953125,3680.0,3596.666748046875,3613.333251953125,20173,0.0,0.0
2023-02-27 13:00:00+09:00,3600.0,3610.0,3566.666748046875,3596.666748046875,10243,0.0,0.0
2023-02-27 14:00:00+09:00,3596.666748046875,3600.0,3560.0,3566.666748046875,5417,0.0,0.0
2023-02-28 09:00:00+09:00,3496.666748046875,3573.333251953125,3423.333251953125,3466.666748046875,14827,0.0,0.0
2023-02-28 10:00:00+09:00,3433.333251953125,3476.666748046875,3420.0,3476.666748046875,4655,0.0,0.0
2023-02-28 11:00:00+09:00,3460.0,3476.666748046875,3443.333251953125,3453.333251953125,1845,0.0,0.0
2023-02-28 12:00:00+09:00,3453.333251953125,3460.0,3426.666748046875,3453.333251953125,5050,0.0,0.0
2023-02-28 13:00:00+09:00,3453.333251953125,3486.666748046875,3453.333251953125,3476.666748046875,1440,0.0,0.0
2023-02-28 14:00:00+09:00,3480.0,3516.666748046875,3460.0,3460.0,4911,0.0,0.0
2023-03-02 09:00:00+09:00,3436.666748046875,3596.666748046875,3423.333251953125,3556.666748046875,0,0.0,0.0
2023-03-02 10:00:00+09:00,3553.333251953125,3556.666748046875,3500.0,3500.0,9943,0.0,0.0
2023-03-02 11:00:00+09:00,3500.0,3560.0,3463.333251953125,3533.333251953125,8916,0.0,0.0
2023-03-02 12:00:00+09:00,3533.333251953125,3610.0,3533.333251953125,3583.333251953125,13395,0.0,0.0
2023-03-02 13:00:00+09:00,3583.333251953125,3593.333251953125,3556.666748046875,3590.0,3855,0.0,0.0
2023-03-02 14:00:00+09:00,3590.0,3610.0,3556.666748046875,3593.333251953125,14782,0.0,0.0
2023-03-03 09:00:00+09:00,3750.0,3760.0,3543.333251953125,3560.0,33265,0.0,0.0
2023-03-03 10:00:00+09:00,3550.0,3590.0,3546.666748046875,3553.333251953125,7057,0.0,0.0
2023-03-03 11:00:00+09:00,3560.0,3560.0,3543.333251953125,3560.0,6209,0.0,0.0
2023-03-03 12:00:00+09:00,3553.333251953125,3650.0,3553.333251953125,3646.666748046875,9439,0.0,0.0
2023-03-03 13:00:00+09:00,3630.0,3690.0,3566.666748046875,3600.0,14870,0.0,0.0
2023-03-03 14:00:00+09:00,3596.666748046875,3596.666748046875,3546.666748046875,3563.333251953125,6345,0.0,0.0
2023-03-06 09:00:00+09:00,3633.333251953125,3636.666748046875,3470.0,3516.666748046875,0,0.0,0.0
2023-03-06 10:00:00+09:00,3510.0,4323.33349609375,3433.333251953125,4100.0,440694,0.0,0.0
2023-03-06 11:00:00+09:00,4100.0,4113.33349609375,3800.0,3823.333251953125,225994,0.0,0.0
2023-03-06 12:00:00+09:00,3823.333251953125,3856.666748046875,3743.333251953125,3813.333251953125,38271,0.0,0.0
2023-03-06 13:00:00+09:00,3800.0,3966.666748046875,3773.333251953125,3850.0,58723,0.0,0.0
2023-03-06 14:00:00+09:00,3850.0,3910.0,3823.333251953125,3866.666748046875,18245,0.0,0.0
2023-03-07 09:00:00+09:00,3820.0,3826.666748046875,3563.333251953125,3590.0,0,0.0,0.0
2023-03-07 10:00:00+09:00,3576.666748046875,3633.333251953125,3536.666748046875,3593.333251953125,21869,0.0,0.0
2023-03-07 11:00:00+09:00,3590.0,3600.0,3550.0,3583.333251953125,9177,0.0,0.0
2023-03-07 12:00:00+09:00,3583.333251953125,3593.333251953125,3550.0,3573.333251953125,4622,0.0,0.0
2023-03-07 13:00:00+09:00,3563.333251953125,3586.666748046875,3516.666748046875,3566.666748046875,10034,0.0,0.0
2023-03-07 14:00:00+09:00,3563.333251953125,3683.333251953125,3550.0,3656.666748046875,9797,0.0,0.0
2023-03-08 09:00:00+09:00,3603.333251953125,3673.333251953125,3593.333251953125,3656.666748046875,0,0.0,0.0
2023-03-08 10:00:00+09:00,3656.666748046875,3656.666748046875,3566.666748046875,3610.0,5318,0.0,0.0
2023-03-08 11:00:00+09:00,3576.666748046875,3600.0,3500.0,3546.666748046875,4365,0.0,0.0
2023-03-08 12:00:00+09:00,3523.333251953125,3553.333251953125,3496.666748046875,3523.333251953125,7225,0.0,0.0
2023-03-08 13:00:00+09:00,3500.0,3546.666748046875,3486.666748046875,3546.666748046875,4572,0.0,0.0
2023-03-08 14:00:00+09:00,3543.333251953125,3556.666748046875,3513.333251953125,3543.333251953125,1770,0.0,0.0
2023-03-09 09:00:00+09:00,3526.666748046875,3810.0,3500.0,3696.666748046875,27801,0.0,0.0
2023-03-09 10:00:00+09:00,3696.666748046875,3696.666748046875,3550.0,3596.666748046875,19202,0.0,0.0
2023-03-09 11:00:00+09:00,3603.333251953125,3610.0,3550.0,3576.666748046875,7780,0.0,0.0
2023-03-09 12:00:00+09:00,3576.666748046875,3590.0,3560.0,3583.333251953125,2430,0.0,0.0
2023-03-09 13:00:00+09:00,3563.333251953125,3590.0,3550.0,3583.333251953125,4306,0.0,0.0
2023-03-09 14:00:00+09:00,3573.333251953125,3590.0,3553.333251953125,3583.333251953125,2463,0.0,0.0
2023-03-10 09:00:00+09:00,3693.333251953125,4613.33349609375,3683.333251953125,4613.33349609375,582625,0.0,0.0
2023-03-10 10:00:00+09:00,4613.33349609375,4613.33349609375,4333.33349609375,4613.33349609375,784402,0.0,0.0
2023-03-10 11:00:00+09:00,4613.33349609375,4613.33349609375,4613.33349609375,4613.33349609375,24478,0.0,0.0
2023-03-10 12:00:00+09:00,4613.33349609375,4613.33349609375,4490.0,4556.66650390625,115104,0.0,0.0
2023-03-10 13:00:00+09:00,4553.33349609375,4613.33349609375,4526.66650390625,4613.33349609375,245401,0.0,0.0
2023-03-10 14:00:00+09:00,4613.33349609375,4613.33349609375,4613.33349609375,4613.33349609375,3962,0.0,0.0
2023-03-13 09:00:00+09:00,4966.66650390625,5166.66650390625,4186.66650390625,4270.0,0,0.0,0.0
2023-03-13 10:00:00+09:00,4270.0,4326.66650390625,4240.0,4256.66650390625,88066,0.0,0.0
2023-03-13 11:00:00+09:00,4253.33349609375,4296.66650390625,4143.33349609375,4276.66650390625,85950,0.0,0.0
2023-03-13 12:00:00+09:00,4273.33349609375,4283.33349609375,4196.66650390625,4270.0,38498,0.0,0.0
2023-03-13 13:00:00+09:00,4266.66650390625,4296.66650390625,4233.33349609375,4296.66650390625,24207,0.0,0.0
2023-03-13 14:00:00+09:00,4296.66650390625,4426.66650390625,4276.66650390625,4343.33349609375,91120,0.0,0.0
2023-03-14 09:00:00+09:00,4446.66650390625,4633.33349609375,4183.33349609375,4300.0,0,0.0,0.0
2023-03-14 10:00:00+09:00,4293.33349609375,5483.33349609375,4273.33349609375,5210.0,1382139,0.0,0.0
2023-03-14 11:00:00+09:00,5206.66650390625,5253.33349609375,5040.0,5123.33349609375,238223,0.0,0.0
2023-03-14 12:00:00+09:00,5123.33349609375,5316.66650390625,5090.0,5303.33349609375,252796,0.0,0.0
2023-03-14 13:00:00+09:00,5316.66650390625,5330.0,5083.33349609375,5083.33349609375,201487,0.0,0.0
2023-03-14 14:00:00+09:00,5083.33349609375,5310.0,4843.33349609375,5033.33349609375,400346,0.0,0.0
2023-03-15 09:00:00+09:00,5106.66650390625,5746.66650390625,4980.0,5270.0,746725,0.0,0.0
2023-03-15 10:00:00+09:00,5270.0,5383.33349609375,5240.0,5270.0,97909,0.0,0.0
2023-03-15 11:00:00+09:00,5266.66650390625,5306.66650390625,5236.66650390625,5293.33349609375,51039,0.0,0.0
2023-03-15 12:00:00+09:00,5293.33349609375,5293.33349609375,5193.33349609375,5266.66650390625,46202,0.0,0.0
2023-03-15 13:00:00+09:00,5266.66650390625,5363.33349609375,5203.33349609375,5353.33349609375,52104,0.0,0.0
2023-03-15 14:00:00+09:00,5360.0,5376.66650390625,5206.66650390625,5246.66650390625,81778,0.0,0.0
2023-03-16 09:00:00+09:00,5103.33349609375,5196.66650390625,4806.66650390625,4963.33349609375,169985,0.0,0.0
2023-03-16 10:00:00+09:00,4960.0,4963.33349609375,4873.33349609375,4906.66650390625,41285,0.0,0.0
2023-03-16 11:00:00+09:00,4916.66650390625,4966.66650390625,4910.0,4936.66650390625,22242,0.0,0.0
2023-03-16 12:00:00+09:00,4936.66650390625,4966.66650390625,4873.33349609375,4876.66650390625,17823,0.0,0.0
2023-03-16 13:00:00+09:00,4876.66650390625,4923.33349609375,4870.0,4880.0,12518,0.0,0.0
2023-03-16 14:00:00+09:00,4876.66650390625,4916.66650390625,4806.66650390625,4806.66650390625,42806,0.0,0.0
2023-03-17 09:00:00+09:00,4883.33349609375,5190.0,4776.66650390625,4973.33349609375,226128,0.0,0.0
2023-03-17 10:00:00+09:00,4973.33349609375,5316.66650390625,4953.33349609375,5096.66650390625,168428,0.0,0.0
2023-03-17 11:00:00+09:00,5093.33349609375,5283.33349609375,5010.0,5106.66650390625,129744,0.0,0.0
2023-03-17 12:00:00+09:00,5103.33349609375,5106.66650390625,4983.33349609375,5010.0,46008,0.0,0.0
2023-03-17 13:00:00+09:00,5000.0,5066.66650390625,4936.66650390625,5030.0,27851,0.0,0.0
2023-03-17 14:00:00+09:00,5030.0,5033.33349609375,4896.66650390625,4896.66650390625,35004,0.0,0.0
2023-03-20 09:00:00+09:00,4866.66650390625,4880.0,4670.0,4873.33349609375,0,0.0,0.0
2023-03-20 10:00:00+09:00,4876.66650390625,4880.0,4723.33349609375,4830.0,24120,0.0,0.0
2023-03-20 11:00:00+09:00,4830.0,5150.0,4800.0,5106.66650390625,58069,0.0,0.0
2023-03-20 12:00:00+09:00,5086.66650390625,5133.33349609375,4926.66650390625,4963.33349609375,81673,0.0,0.0
2023-03-20 13:00:00+09:00,4963.33349609375,5040.0,4946.66650390625,4946.66650390625,17332,0.0,0.0
2023-03-20 14:00:00+09:00,4980.0,4986.66650390625,4930.0,4960.0,14624,0.0,0.0
2023-03-21 09:00:00+09:00,4920.0,5000.0,4800.0,4856.66650390625,50472,0.0,0.0
2023-03-21 10:00:00+09:00,4856.66650390625,4903.33349609375,4810.0,4883.33349609375,21555,0.0,0.0
2023-03-21 11:00:00+09:00,4873.33349609375,4966.66650390625,4853.33349609375,4910.0,15687,0.0,0.0
2023-03-21 12:00:00+09:00,4913.33349609375,5063.33349609375,4900.0,4986.66650390625,36062,0.0,0.0
2023-03-21 13:00:00+09:00,4983.33349609375,5006.66650390625,4913.33349609375,4930.0,18325,0.0,0.0
2023-03-21 14:00:00+09:00,4930.0,4973.33349609375,4916.66650390625,4930.0,15361,0.0,0.0
2023-03-22 09:00:00+09:00,5170.0,5320.0,4970.0,5080.0,275683,0.0,0.0
2023-03-22 10:00:00+09:00,5076.66650390625,5266.66650390625,5053.33349609375,5226.66650390625,71898,0.0,0.0
2023-03-22 11:00:00+09:00,5226.66650390625,5276.66650390625,5176.66650390625,5203.33349609375,39827,0.0,0.0
2023-03-22 12:00:00+09:00,5203.33349609375,5203.33349609375,5133.33349609375,5190.0,26712,0.0,0.0
2023-03-22 13:00:00+09:00,5190.0,5260.0,5176.66650390625,5210.0,29472,0.0,0.0
2023-03-22 14:00:00+09:00,5216.66650390625,5256.66650390625,5126.66650390625,5136.66650390625,47437,0.0,0.0
2023-03-23 09:00:00+09:00,5430.0,6300.0,5333.33349609375,5920.0,884569,0.0,0.0
2023-03-23 10:00:00+09:00,5920.0,6000.0,5723.33349609375,5776.66650390625,178349,0.0,0.0
2023-03-23 11:00:00+09:00,5753.33349609375,5790.0,5683.33349609375,5770.0,63770,0.0,0.0
2023-03-23 12:00:00+09:00,5770.0,5996.66650390625,5756.66650390625,5756.66650390625,158160,0.0,0.0
2023-03-23 13:00:00+09:00,5753.33349609375,5830.0,5730.0,5740.0,39338,0.0,0.0
2023-03-23 14:00:00+09:00,5740.0,5900.0,5666.66650390625,5803.33349609375,98077,0.0,0.0
2023-03-24 09:00:00+09:00,5680.0,5766.66650390625,5400.0,5450.0,193381,0.0,0.0
2023-03-24 10:00:00+09:00,5450.0,5500.0,5366.66650390625,5443.33349609375,47413,0.0,0.0
2023-03-24 11:00:00+09:00,5416.66650390625,5553.33349609375,5413.33349609375,5460.0,20524,0.0,0.0
2023-03-24 12:00:00+09:00,5460.0,5506.66650390625,5433.33349609375,5440.0,9357,0.0,0.0
2023-03-24 13:00:00+09:00,5453.33349609375,5490.0,5450.0,5473.33349609375,9112,0.0,0.0
2023-03-24 14:00:00+09:00,5476.66650390625,5546.66650390625,5473.33349609375,5526.66650390625,17760,0.0,0.0
2023-03-27 09:00:00+09:00,5573.33349609375,5803.33349609375,5490.0,5783.33349609375,0,0.0,0.0
2023-03-27 10:00:00+09:00,5796.66650390625,5970.0,5663.33349609375,5696.66650390625,167661,0.0,0.0
2023-03-27 11:00:00+09:00,5693.33349609375,5826.66650390625,5616.66650390625,5810.0,29168,0.0,0.0
2023-03-27 12:00:00+09:00,5810.0,5816.66650390625,5666.66650390625,5720.0,18463,0.0,0.0
2023-03-27 13:00:00+09:00,5716.66650390625,5760.0,5686.66650390625,5753.33349609375,18073,0.0,0.0
2023-03-27 14:00:00+09:00,5753.33349609375,5760.0,5643.33349609375,5713.33349609375,18121,0.0,0.0
2023-03-28 09:00:00+09:00,5963.33349609375,6600.0,5826.66650390625,6203.33349609375,704019,0.0,0.0
2023-03-28 10:00:00+09:00,6203.33349609375,6210.0,5833.33349609375,5916.66650390625,142818,0.0,0.0
2023-03-28 11:00:00+09:00,5916.66650390625,5950.0,5833.33349609375,5903.33349609375,38859,0.0,0.0
2023-03-28 12:00:00+09:00,5903.33349609375,5960.0,5873.33349609375,5916.66650390625,21127,0.0,0.0
2023-03-28 13:00:00+09:00,5916.66650390625,5946.66650390625,5866.66650390625,5880.0,29058,0.0,0.0
2023-03-28 14:00:00+09:00,5880.0,5883.33349609375,5650.0,5680.0,67318,0.0,0.0
2023-03-29 09:00:00+09:00,5556.66650390625,5556.66650390625,5223.33349609375,5310.0,124525,0.0,0.0
2023-03-29 10:00:00+09:00,5303.33349609375,5466.66650390625,5296.66650390625,5416.66650390625,22766,0.0,0.0
2023-03-29 11:00:00+09:00,5416.66650390625,5463.33349609375,5303.33349609375,5340.0,24721,0.0,0.0
2023-03-29 12:00:00+09:00,5353.33349609375,5373.33349609375,5313.33349609375,5350.0,13390,0.0,0.0
2023-03-29 13:00:00+09:00,5350.0,5426.66650390625,5340.0,5426.66650390625,16002,0.0,0.0
2023-03-29 14:00:00+09:00,5423.33349609375,5430.0,5360.0,5370.0,13768,0.0,0.0
2023-03-30 09:00:00+09:00,5460.0,5863.33349609375,5376.66650390625,5733.33349609375,253014,0.0,0.0
2023-03-30 10:00:00+09:00,5740.0,5836.66650390625,5713.33349609375,5823.33349609375,56442,0.0,0.0
2023-03-30 11:00:00+09:00,5836.66650390625,6016.66650390625,5833.33349609375,5866.66650390625,164126,0.0,0.0
2023-03-30 12:00:00+09:00,5866.66650390625,6156.66650390625,5853.33349609375,6080.0,165463,0.0,0.0
2023-03-30 13:00:00+09:00,6076.66650390625,6076.66650390625,5850.0,5883.33349609375,83742,0.0,0.0
2023-03-30 14:00:00+09:00,5883.33349609375,5883.33349609375,5726.66650390625,5833.33349609375,47764,0.0,0.0
2023-03-31 09:00:00+09:00,5806.66650390625,5806.66650390625,5266.66650390625,5316.66650390625,173024,0.0,0.0
2023-03-31 10:00:00+09:00,5316.66650390625,5443.33349609375,5316.66650390625,5410.0,31656,0.0,0.0
2023-03-31 11:00:00+09:00,5403.33349609375,5423.33349609375,5340.0,5350.0,19258,0.0,0.0
2023-03-31 12:00:00+09:00,5350.0,5400.0,5300.0,5380.0,27417,0.0,0.0
2023-03-31 13:00:00+09:00,5376.66650390625,5393.33349609375,5356.66650390625,5360.0,14645,0.0,0.0
2023-03-31 14:00:00+09:00,5360.0,5363.33349609375,5280.0,5293.33349609375,34878,0.0,0.0
2023-04-03 09:00:00+09:00,5266.66650390625,5266.66650390625,4950.0,4996.66650390625,0,0.0,0.0
2023-04-03 10:00:00+09:00,4996.66650390625,5116.66650390625,4996.66650390625,5100.0,19790,0.0,0.0
2023-04-03 11:00:00+09:00,5076.66650390625,5193.33349609375,5066.66650390625,5136.66650390625,19730,0.0,0.0
2023-04-03 12:00:00+09:00,5136.66650390625,5246.66650390625,5136.66650390625,5190.0,13297,0.0,0.0
2023-04-03 13:00:00+09:00,5190.0,5216.66650390625,5156.66650390625,5180.0,8016,0.0,0.0
2023-04-03 14:00:00+09:00,5180.0,5243.33349609375,5176.66650390625,5236.66650390625,6992,0.0,0.0
2023-04-04 09:00:00+09:00,5293.33349609375,5426.66650390625,5290.0,5310.0,41972,0.0,0.0
2023-04-04 10:00:00+09:00,5306.66650390625,5323.33349609375,5246.66650390625,5290.0,17265,0.0,0.0
2023-04-04 11:00:00+09:00,5280.0,5320.0,5176.66650390625,5213.33349609375,20532,0.0,0.0
2023-04-04 12:00:00+09:00,5213.33349609375,5270.0,5200.0,5213.33349609375,8703,0.0,0.0
2023-04-04 13:00:00+09:00,5213.33349609375,5246.66650390625,5163.33349609375,5166.66650390625,16837,0.0,0.0
2023-04-04 14:00:00+09:00,5166.66650390625,5193.33349609375,5093.33349609375,5136.66650390625,23564,0.0,0.0
2023-04-05 09:00:00+09:00,5116.66650390625,5196.66650390625,5070.0,5073.33349609375,33660,0.0,0.0
2023-04-05 10:00:00+09:00,5073.33349609375,5133.33349609375,5040.0,5100.0,19422,0.0,0.0
2023-04-05 11:00:00+09:00,5100.0,5186.66650390625,5100.0,5150.0,6558,0.0,0.0
2023-04-05 12:00:00+09:00,5150.0,5163.33349609375,5123.33349609375,5156.66650390625,4281,0.0,0.0
2023-04-05 13:00:00+09:00,5156.66650390625,5160.0,5106.66650390625,5133.33349609375,8215,0.0,0.0
2023-04-05 14:00:00+09:00,5136.66650390625,5150.0,5133.33349609375,5140.0,6235,0.0,0.0
2023-04-06 09:00:00+09:00,5146.66650390625,5146.66650390625,4996.66650390625,5010.0,37408,0.0,0.0
2023-04-06 10:00:00+09:00,5010.0,5043.33349609375,5006.66650390625,5016.66650390625,7644,0.0,0.0
2023-04-06 11:00:00+09:00,5016.66650390625,5023.33349609375,5000.0,5003.33349609375,10654,0.0,0.0
2023-04-06 12:00:00+09:00,5003.33349609375,5013.33349609375,4916.66650390625,4923.33349609375,18775,0.0,0.0
2023-04-06 13:00:00+09:00,4926.66650390625,4926.66650390625,4866.66650390625,4916.66650390625,13998,0.0,0.0
2023-04-06 14:00:00+09:00,4916.66650390625,4923.33349609375,4833.33349609375,4866.66650390625,10268,0.0,0.0
2023-04-07 09:00:00+09:00,4860.0,4966.66650390625,4650.0,4936.66650390625,0,0.0,0.0
2023-04-07 10:00:00+09:00,4943.33349609375,5013.33349609375,4866.66650390625,4866.66650390625,15493,0.0,0.0
2023-04-07 11:00:00+09:00,4900.0,4900.0,4760.0,4803.33349609375,13256,0.0,0.0
2023-04-07 12:00:00+09:00,4803.33349609375,4806.66650390625,4753.33349609375,4763.33349609375,9214,0.0,0.0
2023-04-07 13:00:00+09:00,4773.33349609375,4813.33349609375,4766.66650390625,4770.0,6199,0.0,0.0
2023-04-07 14:00:00+09:00,4770.0,4810.0,4730.0,4770.0,11132,0.0,0.0
2023-04-10 09:00:00+09:00,4750.0,4753.33349609375,4510.0,4606.66650390625,0,0.0,0.0
2023-04-10 10:00:00+09:00,4600.0,4636.66650390625,4513.33349609375,4616.66650390625,21556,0.0,0.0
2023-04-10 11:00:00+09:00,4610.0,4623.33349609375,4496.66650390625,4600.0,11950,0.0,0.0
2023-04-10 12:00:00+09:00,4603.33349609375,4656.66650390625,4573.33349609375,4580.0,6390,0.0,0.0
2023-04-10 13:00:00+09:00,4580.0,4600.0,4570.0,4573.33349609375,7728,0.0,0.0
2023-04-10 14:00:00+09:00,4573.33349609375,4653.33349609375,4573.33349609375,4643.33349609375,8300,0.0,0.0
2023-04-11 09:00:00+09:00,4646.66650390625,4713.33349609375,4483.33349609375,4533.33349609375,27121,0.0,0.0
2023-04-11 10:00:00+09:00,4526.66650390625,4590.0,4500.0,4580.0,13390,0.0,0.0
2023-04-11 11:00:00+09:00,4566.66650390625,4640.0,4526.66650390625,4593.33349609375,7260,0.0,0.0
2023-04-11 12:00:00+09:00,4593.33349609375,4663.33349609375,4580.0,4610.0,7294,0.0,0.0
2023-04-11 13:00:00+09:00,4610.0,4696.66650390625,4606.66650390625,4670.0,16562,0.0,0.0
2023-04-11 14:00:00+09:00,4666.66650390625,4680.0,4626.66650390625,4663.33349609375,12992,0.0,0.0
2023-04-12 09:00:00+09:00,4706.66650390625,4870.0,4536.66650390625,4863.33349609375,0,0.0,0.0
2023-04-12 10:00:00+09:00,4863.33349609375,5000.0,4716.66650390625,4736.66650390625,45613,0.0,0.0
2023-04-12 11:00:00+09:00,4740.0,4810.0,4730.0,4793.33349609375,6885,0.0,0.0
2023-04-12 12:00:00+09:00,4770.0,4850.0,4770.0,4850.0,5417,0.0,0.0
2023-04-12 13:00:00+09:00,4846.66650390625,4860.0,4820.0,4820.0,7816,0.0,0.0
2023-04-12 14:00:00+09:00,4836.66650390625,4836.66650390625,4736.66650390625,4813.33349609375,12136,0.0,0.0
2023-04-13 09:00:00+09:00,4873.33349609375,4873.33349609375,4583.33349609375,4616.66650390625,0,0.0,0.0
2023-04-13 10:00:00+09:00,4626.66650390625,4723.33349609375,4583.33349609375,4663.33349609375,12021,0.0,0.0
2023-04-13 11:00:00+09:00,4663.33349609375,4733.33349609375,4660.0,4733.33349609375,6494,0.0,0.0
2023-04-13 12:00:00+09:00,4733.33349609375,4796.66650390625,4700.0,4790.0,4490,0.0,0.0
2023-04-13 13:00:00+09:00,4790.0,5950.0,4723.33349609375,5450.0,678162,0.0,0.0
2023-04-13 14:00:00+09:00,5453.33349609375,5586.66650390625,5136.66650390625,5140.0,288241,0.0,0.0
2023-04-14 09:00:00+09:00,5303.33349609375,5470.0,5146.66650390625,5166.66650390625,0,0.0,0.0
2023-04-14 10:00:00+09:00,5166.66650390625,5166.66650390625,5040.0,5080.0,39178,0.0,0.0
2023-04-14 11:00:00+09:00,5103.33349609375,5336.66650390625,5066.66650390625,5146.66650390625,53337,0.0,0.0
2023-04-14 12:00:00+09:00,5150.0,5156.66650390625,5090.0,5133.33349609375,10071,0.0,0.0
2023-04-14 13:00:00+09:00,5133.33349609375,5200.0,5103.33349609375,5143.33349609375,12434,0.0,0.0
2023-04-14 14:00:00+09:00,5143.33349609375,5156.66650390625,5093.33349609375,5126.66650390625,13134,0.0,0.0
2023-04-17 09:00:00+09:00,5216.66650390625,5216.66650390625,4990.0,5023.33349609375,0,0.0,0.0
2023-04-17 10:00:00+09:00,5000.0,5173.33349609375,4993.33349609375,5033.33349609375,24560,0.0,0.0
2023-04-17 11:00:00+09:00,5033.33349609375,5163.33349609375,5033.33349609375,5083.33349609375,5614,0.0,0.0
2023-04-17 12:00:00+09:00,5083.33349609375,5133.33349609375,5083.33349609375,5106.66650390625,7116,0.0,0.0
2023-04-17 13:00:00+09:00,5106.66650390625,5183.33349609375,5106.66650390625,5116.66650390625,13892,0.0,0.0
2023-04-17 14:00:00+09:00,5116.66650390625,5170.0,5096.66650390625,5110.0,10023,0.0,0.0
2023-04-18 09:00:00+09:00,5233.33349609375,5283.33349609375,5000.0,5116.66650390625,0,0.0,0.0
2023-04-18 10:00:00+09:00,5130.0,5186.66650390625,5040.0,5106.66650390625,14666,0.0,0.0
2023-04-18 11:00:00+09:00,5106.66650390625,5180.0,5090.0,5136.66650390625,8230,0.0,0.0
2023-04-18 12:00:00+09:00,5136.66650390625,5136.66650390625,5040.0,5086.66650390625,8049,0.0,0.0
2023-04-18 13:00:00+09:00,5086.66650390625,5093.33349609375,5063.33349609375,5063.33349609375,3712,0.0,0.0
2023-04-18 14:00:00+09:00,5083.33349609375,5166.66650390625,5060.0,5156.66650390625,10835,0.0,0.0
2023-04-19 09:00:00+09:00,5243.33349609375,5243.33349609375,5083.33349609375,5130.0,0,0.0,0.0
2023-04-19 10:00:00+09:00,5126.66650390625,5136.66650390625,5083.33349609375,5120.0,9740,0.0,0.0
2023-04-19 11:00:00+09:00,5096.66650390625,5126.66650390625,5073.33349609375,5126.66650390625,14042,0.0,0.0
2023-04-19 12:00:00+09:00,5130.0,5146.66650390625,5123.33349609375,5136.66650390625,5103,0.0,0.0
2023-04-19 13:00:00+09:00,5136.66650390625,5166.66650390625,5136.66650390625,5146.66650390625,5714,0.0,0.0
2023-04-19 14:00:00+09:00,5160.0,5193.33349609375,5123.33349609375,5166.66650390625,7617,0.0,0.0
2023-04-20 09:00:00+09:00,5023.33349609375,5250.0,4800.0,4950.0,0,0.0,0.0
2023-04-20 10:00:00+09:00,4956.66650390625,4990.0,4870.0,4896.66650390625,6188,0.0,0.0
2023-04-20 11:00:00+09:00,4873.33349609375,4936.66650390625,4856.66650390625,4926.66650390625,4502,0.0,0.0
2023-04-20 12:00:00+09:00,4923.33349609375,4950.0,4896.66650390625,4950.0,2793,0.0,0.0
2023-04-20 13:00:00+09:00,4946.66650390625,4950.0,4830.0,4860.0,10418,0.0,0.0
2023-04-20 14:00:00+09:00,4843.33349609375,4860.0,4766.66650390625,4840.0,12276,0.0,0.0
2023-04-21 09:00:00+09:00,5080.0,5080.0,4670.0,4716.66650390625,0,0.0,0.0
2023-04-21 10:00:00+09:00,4716.66650390625,4853.33349609375,4716.66650390625,4776.66650390625,7394,0.0,0.0
2023-04-21 11:00:00+09:00,4776.66650390625,4803.33349609375,4753.33349609375,4773.33349609375,3258,0.0,0.0
2023-04-21 12:00:00+09:00,4773.33349609375,4776.66650390625,4710.0,4710.0,7291,0.0,0.0
2023-04-21 13:00:00+09:00,4726.66650390625,4753.33349609375,4710.0,4710.0,6235,0.0,0.0
2023-04-21 14:00:00+09:00,4713.33349609375,4800.0,4710.0,4760.0,8264,0.0,0.0
2023-04-24 09:00:00+09:00,4850.0,4906.66650390625,4750.0,4813.33349609375,0,0.0,0.0
2023-04-24 10:00:00+09:00,4813.33349609375,4816.66650390625,4753.33349609375,4780.0,6411,0.0,0.0
2023-04-24 11:00:00+09:00,4783.33349609375,4796.66650390625,4733.33349609375,4773.33349609375,5476,0.0,0.0
2023-04-24 12:00:00+09:00,4766.66650390625,4773.33349609375,4720.0,4733.33349609375,4712,0.0,0.0
2023-04-24 13:00:00+09:00,4730.0,4773.33349609375,4730.0,4766.66650390625,3157,0.0,0.0
2023-04-24 14:00:00+09:00,4766.66650390625,4816.66650390625,4750.0,4763.33349609375,7330,0.0,0.0
2023-04-25 09:00:00+09:00,4873.33349609375,4873.33349609375,4670.0,4700.0,0,0.0,0.0
2023-04-25 10:00:00+09:00,4700.0,4756.66650390625,4500.0,4553.33349609375,10249,0.0,0.0
2023-04-25 11:00:00+09:00,4553.33349609375,4600.0,4536.66650390625,4563.33349609375,9880,0.0,0.0
2023-04-25 12:00:00+09:00,4563.33349609375,4716.66650390625,4546.66650390625,4610.0,6839,0.0,0.0
2023-04-25 13:00:00+09:00,4610.0,4656.66650390625,4460.0,4566.66650390625,20171,0.0,0.0
2023-04-25 14:00:00+09:00,4563.33349609375,4576.66650390625,4470.0,4496.66650390625,6492,0.0,0.0
2023-04-26 09:00:00+09:00,4466.66650390625,4513.33349609375,4370.0,4496.66650390625,0,0.0,0.0
2023-04-26 10:00:00+09:00,4466.66650390625,4526.66650390625,4463.33349609375,4500.0,5396,0.0,0.0
2023-04-26 11:00:00+09:00,4500.0,4500.0,4410.0,4446.66650390625,3687,0.0,0.0
2023-04-26 12:00:00+09:00,4443.33349609375,4450.0,4366.66650390625,4413.33349609375,4129,0.0,0.0
2023-04-26 13:00:00+09:00,4410.0,4410.0,4326.66650390625,4350.0,7476,0.0,0.0
2023-04-26 14:00:00+09:00,4336.66650390625,4366.66650390625,4290.0,4333.33349609375,7057,0.0,0.0
2023-04-27 09:00:00+09:00,4283.33349609375,4450.0,4283.33349609375,4353.33349609375,0,0.0,0.0
2023-04-27 10:00:00+09:00,4386.66650390625,4403.33349609375,4320.0,4400.0,3261,0.0,0.0
2023-04-27 11:00:00+09:00,4400.0,4446.66650390625,4393.33349609375,4400.0,6414,0.0,0.0
2023-04-27 12:00:00+09:00,4396.66650390625,4433.33349609375,4333.33349609375,4380.0,4080,0.0,0.0
2023-04-27 13:00:00+09:00,4380.0,4483.33349609375,4380.0,4483.33349609375,6213,0.0,0.0
2023-04-27 14:00:00+09:00,4480.0,4566.66650390625,4416.66650390625,4450.0,7542,0.0,0.0
2023-04-28 09:00:00+09:00,4660.0,4660.0,4450.0,4500.0,0,0.0,0.0
2023-04-28 10:00:00+09:00,4500.0,4500.0,4383.33349609375,4396.66650390625,6230,0.0,0.0
2023-04-28 11:00:00+09:00,4393.33349609375,4400.0,4330.0,4330.0,5660,0.0,0.0
2023-04-28 12:00:00+09:00,4330.0,4363.33349609375,4300.0,4316.66650390625,2764,0.0,0.0
2023-04-28 13:00:00+09:00,4316.66650390625,4430.0,4316.66650390625,4380.0,4989,0.0,0.0
2023-04-28 14:00:00+09:00,4373.33349609375,4373.33349609375,4303.33349609375,4353.33349609375,2704,0.0,0.0
2023-05-02 09:00:00+09:00,4333.33349609375,4446.66650390625,4266.66650390625,4366.66650390625,0,0.0,0.0
2023-05-02 10:00:00+09:00,4366.66650390625,4463.33349609375,4340.0,4450.0,3620,0.0,0.0
2023-05-02 11:00:00+09:00,4430.0,4450.0,4393.33349609375,4436.66650390625,2155,0.0,0.0
2023-05-02 12:00:00+09:00,4440.0,4456.66650390625,4400.0,4420.0,3160,0.0,0.0
2023-05-02 13:00:00+09:00,4443.33349609375,4466.66650390625,4413.33349609375,4466.66650390625,2391,0.0,0.0
2023-05-02 14:00:00+09:00,4463.33349609375,4473.33349609375,4426.66650390625,4466.66650390625,2301,0.0,0.0
2023-05-03 09:00:00+09:00,4363.33349609375,4523.33349609375,4363.33349609375,4463.33349609375,0,0.0,0.0
2023-05-03 10:00:00+09:00,4496.66650390625,4526.66650390625,4433.33349609375,4446.66650390625,9323,0.0,0.0
2023-05-03 11:00:00+09:00,4446.66650390625,4463.33349609375,4400.0,4460.0,2932,0.0,0.0
2023-05-03 12:00:00+09:00,4450.0,4456.66650390625,4413.33349609375,4423.33349609375,1361,0.0,0.0
2023-05-03 13:00:00+09:00,4426.66650390625,4433.33349609375,4410.0,4433.33349609375,838,0.0,0.0
2023-05-03 14:00:00+09:00,4433.33349609375,4433.33349609375,4386.66650390625,4390.0,3161,0.0,0.0
2023-05-04 09:00:00+09:00,4366.66650390625,4666.66650390625,4303.33349609375,4523.33349609375,0,0.0,0.0
2023-05-04 10:00:00+09:00,4523.33349609375,4610.0,4513.33349609375,4580.0,19088,0.0,0.0
2023-05-04 11:00:00+09:00,4580.0,4590.0,4483.33349609375,4483.33349609375,8559,0.0,0.0
2023-05-04 12:00:00+09:00,4503.33349609375,4563.33349609375,4486.66650390625,4486.66650390625,2887,0.0,0.0
2023-05-04 13:00:00+09:00,4490.0,4516.66650390625,4480.0,4496.66650390625,3625,0.0,0.0
2023-05-04 14:00:00+09:00,4496.66650390625,4516.66650390625,4476.66650390625,4493.33349609375,4076,0.0,0.0
2023-05-08 09:00:00+09:00,4566.66650390625,4636.66650390625,4523.33349609375,4593.33349609375,0,0.0,0.0
2023-05-08 10:00:00+09:00,4593.33349609375,4646.66650390625,4563.33349609375,4613.33349609375,9922,0.0,0.0
2023-05-08 11:00:00+09:00,4613.33349609375,4633.33349609375,4573.33349609375,4573.33349609375,4510,0.0,0.0
2023-05-08 12:00:00+09:00,4570.0,4610.0,4536.66650390625,4550.0,2848,0.0,0.0
2023-05-08 13:00:00+09:00,4550.0,4566.66650390625,4456.66650390625,4493.33349609375,4024,0.0,0.0
2023-05-08 14:00:00+09:00,4486.66650390625,4520.0,4370.0,4470.0,4863,0.0,0.0
2023-05-09 09:00:00+09:00,4433.33349609375,4546.66650390625,4393.33349609375,4410.0,0,0.0,0.0
2023-05-09 10:00:00+09:00,4383.33349609375,4383.33349609375,4266.66650390625,4273.33349609375,11303,0.0,0.0
2023-05-09 11:00:00+09:00,4273.33349609375,4310.0,4270.0,4283.33349609375,0,0.0,0.0
2023-05-09 12:00:00+09:00,4280.0,4283.33349609375,4273.33349609375,4283.33349609375,27695,0.0,0.0
2023-05-09 13:00:00+09:00,4283.33349609375,4333.33349609375,4266.66650390625,4293.33349609375,5879,0.0,0.0
2023-05-09 14:00:00+09:00,4300.0,4306.66650390625,4263.33349609375,4266.66650390625,5809,0.0,0.0
2023-05-10 09:00:00+09:00,4393.33349609375,4393.33349609375,4240.0,4286.66650390625,0,0.0,0.0
2023-05-10 10:00:00+09:00,4286.66650390625,4310.0,4253.33349609375,4300.0,4990,0.0,0.0
2023-05-10 11:00:00+09:00,4276.66650390625,4340.0,4273.33349609375,4313.33349609375,3641,0.0,0.0
2023-05-10 12:00:00+09:00,4336.66650390625,4360.0,4313.33349609375,4336.66650390625,1955,0.0,0.0
2023-05-10 13:00:00+09:00,4336.66650390625,4400.0,4336.66650390625,4390.0,5439,0.0,0.0
2023-05-10 14:00:00+09:00,4386.66650390625,4390.0,4343.33349609375,4360.0,6409,0.0,0.0
2023-05-11 09:00:00+09:00,4420.0,4543.33349609375,4390.0,4526.66650390625,0,0.0,0.0
2023-05-11 10:00:00+09:00,4526.66650390625,4560.0,4483.33349609375,4513.33349609375,6661,0.0,0.0
2023-05-11 11:00:00+09:00,4516.66650390625,4530.0,4483.33349609375,4503.33349609375,2994,0.0,0.0
2023-05-11 12:00:00+09:00,4503.33349609375,4530.0,4486.66650390625,4530.0,1407,0.0,0.0
2023-05-11 13:00:00+09:00,4523.33349609375,4563.33349609375,4510.0,4560.0,4357,0.0,0.0
2023-05-11 14:00:00+09:00,4560.0,4583.33349609375,4533.33349609375,4536.66650390625,7115,0.0,0.0
2023-05-12 09:00:00+09:00,4696.66650390625,4766.66650390625,4553.33349609375,4736.66650390625,0,0.0,0.0
2023-05-12 10:00:00+09:00,4736.66650390625,4773.33349609375,4660.0,4703.33349609375,10829,0.0,0.0
2023-05-12 11:00:00+09:00,4716.66650390625,4716.66650390625,4663.33349609375,4683.33349609375,3473,0.0,0.0
2023-05-12 12:00:00+09:00,4683.33349609375,4763.33349609375,4676.66650390625,4760.0,11495,0.0,0.0
2023-05-12 13:00:00+09:00,4750.0,4823.33349609375,4733.33349609375,4806.66650390625,11827,0.0,0.0
2023-05-12 14:00:00+09:00,4806.66650390625,4873.33349609375,4780.0,4796.66650390625,23065,0.0,0.0
2023-05-15 09:00:00+09:00,4973.33349609375,5083.33349609375,4500.0,4533.33349609375,0,0.0,0.0
2023-05-15 10:00:00+09:00,4533.33349609375,4550.0,4476.66650390625,4510.0,20821,0.0,0.0
2023-05-15 11:00:00+09:00,4510.0,4566.66650390625,4506.66650390625,4516.66650390625,8060,0.0,0.0
2023-05-15 12:00:00+09:00,4513.33349609375,4533.33349609375,4496.66650390625,4513.33349609375,7177,0.0,0.0
2023-05-15 13:00:00+09:00,4513.33349609375,4516.66650390625,4483.33349609375,4506.66650390625,6948,0.0,0.0
2023-05-15 14:00:00+09:00,4483.33349609375,4593.33349609375,4470.0,4486.66650390625,18449,0.0,0.0
2023-05-16 09:00:00+09:00,4533.33349609375,4533.33349609375,4350.0,4353.33349609375,12161,0.0,0.0
2023-05-16 10:00:00+09:00,4353.33349609375,4363.33349609375,4270.0,4350.0,12629,0.0,0.0
2023-05-16 11:00:00+09:00,4346.66650390625,4346.66650390625,4280.0,4290.0,7025,0.0,0.0
2023-05-16 12:00:00+09:00,4290.0,4326.66650390625,4290.0,4326.66650390625,1083,0.0,0.0
2023-05-16 13:00:00+09:00,4313.33349609375,4336.66650390625,4300.0,4310.0,3545,0.0,0.0
2023-05-16 14:00:00+09:00,4310.0,4326.66650390625,4290.0,4290.0,3470,0.0,0.0
2023-05-17 09:00:00+09:00,4350.0,4350.0,4203.33349609375,4273.33349609375,0,0.0,0.0
2023-05-17 10:00:00+09:00,4296.66650390625,4343.33349609375,4273.33349609375,4343.33349609375,2199,0.0,0.0
2023-05-17 11:00:00+09:00,4343.33349609375,4400.0,4326.66650390625,4366.66650390625,6140,0.0,0.0
2023-05-17 12:00:00+09:00,4366.66650390625,4366.66650390625,4333.33349609375,4333.33349609375,1147,0.0,0.0
2023-05-17 13:00:00+09:00,4333.33349609375,4333.33349609375,4300.0,4306.66650390625,1529,0.0,0.0
2023-05-17 14:00:00+09:00,4306.66650390625,4316.66650390625,4266.66650390625,4286.66650390625,4359,0.0,0.0
2023-05-18 09:00:00+09:00,4283.33349609375,4370.0,4283.33349609375,4370.0,0,0.0,0.0
2023-05-18 10:00:00+09:00,4366.66650390625,4460.0,4350.0,4393.33349609375,12913,0.0,0.0
2023-05-18 11:00:00+09:00,4390.0,4403.33349609375,4360.0,4383.33349609375,1771,0.0,0.0
2023-05-18 12:00:00+09:00,4390.0,4400.0,4376.66650390625,4386.66650390625,2480,0.0,0.0
2023-05-18 13:00:00+09:00,4386.66650390625,4403.33349609375,4380.0,4383.33349609375,1312,0.0,0.0
2023-05-18 14:00:00+09:00,4383.33349609375,4416.66650390625,4383.33349609375,4396.66650390625,1672,0.0,0.0
2023-05-19 09:00:00+09:00,4450.0,4483.33349609375,4423.33349609375,4440.0,0,0.0,0.0
2023-05-19 10:00:00+09:00,4443.33349609375,4496.66650390625,4396.66650390625,4456.66650390625,7579,0.0,0.0
2023-05-19 11:00:00+09:00,4463.33349609375,4466.66650390625,4430.0,4446.66650390625,2903,0.0,0.0
2023-05-19 12:00:00+09:00,4446.66650390625,4473.33349609375,4440.0,4473.33349609375,4728,0.0,0.0
2023-05-19 13:00:00+09:00,4473.33349609375,4473.33349609375,4446.66650390625,4446.66650390625,2215,0.0,0.0
2023-05-19 14:00:00+09:00,4453.33349609375,4483.33349609375,4450.0,4466.66650390625,2165,0.0,0.0
2023-05-22 09:00:00+09:00,4433.33349609375,4520.0,4370.0,4440.0,0,0.0,0.0
2023-05-22 10:00:00+09:00,4440.0,4560.0,4440.0,4516.66650390625,11200,0.0,0.0
2023-05-22 11:00:00+09:00,4513.33349609375,4630.0,4513.33349609375,4620.0,8036,0.0,0.0
2023-05-22 12:00:00+09:00,4620.0,4646.66650390625,4593.33349609375,4643.33349609375,6534,0.0,0.0
2023-05-22 13:00:00+09:00,4640.0,4650.0,4576.66650390625,4600.0,5302,0.0,0.0
2023-05-22 14:00:00+09:00,4586.66650390625,4586.66650390625,4563.33349609375,4563.33349609375,3369,0.0,0.0
2023-05-23 09:00:00+09:00,4533.33349609375,4613.33349609375,4456.66650390625,4486.66650390625,8369,0.0,0.0
2023-05-23 10:00:00+09:00,4486.66650390625,4533.33349609375,4466.66650390625,4493.33349609375,3314,0.0,0.0
2023-05-23 11:00:00+09:00,4513.33349609375,4513.33349609375,4456.66650390625,4466.66650390625,6499,0.0,0.0
2023-05-23 12:00:00+09:00,4466.66650390625,4496.66650390625,4466.66650390625,4476.66650390625,717,0.0,0.0
2023-05-23 13:00:00+09:00,4473.33349609375,4566.66650390625,4470.0,4550.0,6485,0.0,0.0
2023-05-23 14:00:00+09:00,4533.33349609375,4563.33349609375,4520.0,4520.0,2889,0.0,0.0
2023-05-24 09:00:00+09:00,4600.0,4616.66650390625,4493.33349609375,4533.33349609375,0,0.0,0.0
2023-05-24 10:00:00+09:00,4533.33349609375,4536.66650390625,4490.0,4513.33349609375,5061,0.0,0.0
2023-05-24 11:00:00+09:00,4513.33349609375,4546.66650390625,4490.0,4513.33349609375,3371,0.0,0.0
2023-05-24 12:00:00+09:00,4516.66650390625,4533.33349609375,4490.0,4490.0,3135,0.0,0.0
2023-05-24 13:00:00+09:00,4490.0,4520.0,4446.66650390625,4446.66650390625,4576,0.0,0.0
2023-05-24 14:00:00+09:00,4446.66650390625,4453.33349609375,4420.0,4420.0,5107,0.0,0.0
2023-05-25 09:00:00+09:00,4430.0,4560.0,4403.33349609375,4513.33349609375,0,0.0,0.0
2023-05-25 10:00:00+09:00,4513.33349609375,4513.33349609375,4466.66650390625,4476.66650390625,2497,0.0,0.0
2023-05-25 11:00:00+09:00,4470.0,4476.66650390625,4456.66650390625,4456.66650390625,1204,0.0,0.0
2023-05-25 12:00:00+09:00,4456.66650390625,4480.0,4443.33349609375,4443.33349609375,2381,0.0,0.0
2023-05-25 13:00:00+09:00,4446.66650390625,4476.66650390625,4426.66650390625,4426.66650390625,4456,0.0,0.0
2023-05-25 14:00:00+09:00,4426.66650390625,4463.33349609375,4403.33349609375,4433.33349609375,4052,0.0,0.0
2023-05-26 09:00:00+09:00,4660.0,4660.0,4446.66650390625,4446.66650390625,0,0.0,0.0
2023-05-26 10:00:00+09:00,4453.33349609375,4456.66650390625,4416.66650390625,4420.0,6828,0.0,0.0
2023-05-26 11:00:00+09:00,4423.33349609375,4430.0,4416.66650390625,4420.0,1442,0.0,0.0
2023-05-26 12:00:00+09:00,4420.0,4426.66650390625,4410.0,4413.33349609375,3276,0.0,0.0
2023-05-26 13:00:00+09:00,4420.0,4436.66650390625,4413.33349609375,4426.66650390625,1908,0.0,0.0
2023-05-26 14:00:00+09:00,4430.0,4436.66650390625,4410.0,4410.0,4136,0.0,0.0
2023-05-30 09:00:00+09:00,4403.33349609375,4410.0,4316.66650390625,4390.0,0,0.0,0.0
2023-05-30 10:00:00+09:00,4380.0,4390.0,4356.66650390625,4360.0,2560,0.0,0.0
2023-05-30 11:00:00+09:00,4363.33349609375,4373.33349609375,4353.33349609375,4366.66650390625,573,0.0,0.0
2023-05-30 12:00:00+09:00,4363.33349609375,4376.66650390625,4336.66650390625,4376.66650390625,5235,0.0,0.0
2023-05-30 13:00:00+09:00,4366.66650390625,4476.66650390625,4366.66650390625,4436.66650390625,7651,0.0,0.0
2023-05-30 14:00:00+09:00,4430.0,4440.0,4420.0,4433.33349609375,964,0.0,0.0
2023-05-31 09:00:00+09:00,4410.0,4410.0,4363.33349609375,4390.0,0,0.0,0.0
2023-05-31 10:00:00+09:00,4393.33349609375,4463.33349609375,4390.0,4430.0,7188,0.0,0.0
2023-05-31 11:00:00+09:00,4430.0,4446.66650390625,4406.66650390625,4423.33349609375,1122,0.0,0.0
2023-05-31 12:00:00+09:00,4410.0,4436.66650390625,4410.0,4413.33349609375,760,0.0,0.0
2023-05-31 13:00:00+09:00,4413.33349609375,4430.0,4406.66650390625,4420.0,607,0.0,0.0
2023-05-31 14:00:00+09:00,4406.66650390625,4420.0,4386.66650390625,4386.66650390625,4347,0.0,0.0
2023-06-01 09:00:00+09:00,4400.0,4446.66650390625,4396.66650390625,4446.66650390625,0,0.0,0.0
2023-06-01 10:00:00+09:00,4443.33349609375,4443.33349609375,4413.33349609375,4420.0,603,0.0,0.0
2023-06-01 11:00:00+09:00,4420.0,4430.0,4416.66650390625,4416.66650390625,875,0.0,0.0
2023-06-01 12:00:00+09:00,4420.0,4420.0,4380.0,4396.66650390625,1985,0.0,0.0
2023-06-01 13:00:00+09:00,4386.66650390625,4406.66650390625,4366.66650390625,4393.33349609375,3332,0.0,0.0
2023-06-01 14:00:00+09:00,4370.0,4390.0,4356.66650390625,4370.0,2021,0.0,0.0
2023-06-02 09:00:00+09:00,4400.0,4523.33349609375,4383.33349609375,4483.33349609375,8288,0.0,0.0
2023-06-02 10:00:00+09:00,4483.33349609375,4583.33349609375,4480.0,4513.33349609375,17778,0.0,0.0
2023-06-02 11:00:00+09:00,4530.0,4533.33349609375,4486.66650390625,4506.66650390625,2063,0.0,0.0
2023-06-02 12:00:00+09:00,4506.66650390625,4513.33349609375,4463.33349609375,4473.33349609375,3116,0.0,0.0
2023-06-02 13:00:00+09:00,4476.66650390625,4476.66650390625,4463.33349609375,4470.0,1858,0.0,0.0
2023-06-02 14:00:00+09:00,4470.0,4473.33349609375,4453.33349609375,4460.0,1654,0.0,0.0
2023-06-05 09:00:00+09:00,4540.0,4566.66650390625,4430.0,4460.0,0,0.0,0.0
2023-06-05 10:00:00+09:00,4456.66650390625,4486.66650390625,4433.33349609375,4483.33349609375,2592,0.0,0.0
2023-06-05 11:00:00+09:00,4476.66650390625,4483.33349609375,4463.33349609375,4480.0,1178,0.0,0.0
2023-06-05 12:00:00+09:00,4480.0,4526.66650390625,4453.33349609375,4526.66650390625,1481,0.0,0.0
2023-06-05 13:00:00+09:00,4523.33349609375,4526.66650390625,4486.66650390625,4486.66650390625,1762,0.0,0.0
2023-06-05 14:00:00+09:00,4483.33349609375,4506.66650390625,4463.33349609375,4480.0,1651,0.0,0.0
2023-06-07 09:00:00+09:00,4493.33349609375,4493.33349609375,4383.33349609375,4386.66650390625,0,0.0,0.0
2023-06-07 10:00:00+09:00,4406.66650390625,4436.66650390625,4383.33349609375,4400.0,10781,0.0,0.0
2023-06-07 11:00:00+09:00,4400.0,4406.66650390625,4380.0,4393.33349609375,4293,0.0,0.0
2023-06-07 12:00:00+09:00,4393.33349609375,4426.66650390625,4366.66650390625,4420.0,5838,0.0,0.0
2023-06-07 13:00:00+09:00,4390.0,4420.0,4383.33349609375,4386.66650390625,1535,0.0,0.0
2023-06-07 14:00:00+09:00,4386.66650390625,4406.66650390625,4373.33349609375,4376.66650390625,2579,0.0,0.0
2023-06-08 09:00:00+09:00,4476.66650390625,4573.33349609375,4406.66650390625,4533.33349609375,0,0.0,0.0
2023-06-08 10:00:00+09:00,4533.33349609375,4740.0,4533.33349609375,4626.66650390625,49721,0.0,0.0
2023-06-08 11:00:00+09:00,4626.66650390625,4686.66650390625,4570.0,4630.0,13571,0.0,0.0
2023-06-08 12:00:00+09:00,4633.33349609375,4806.66650390625,4630.0,4673.33349609375,37240,0.0,0.0
2023-06-08 13:00:00+09:00,4670.0,4683.33349609375,4600.0,4660.0,11326,0.0,0.0
2023-06-08 14:00:00+09:00,4656.66650390625,4720.0,4626.66650390625,4713.33349609375,10346,0.0,0.0
2023-06-09 09:00:00+09:00,4716.66650390625,4763.33349609375,4600.0,4736.66650390625,0,0.0,0.0
2023-06-09 10:00:00+09:00,4743.33349609375,4760.0,4700.0,4750.0,10047,0.0,0.0
2023-06-09 11:00:00+09:00,4750.0,4766.66650390625,4703.33349609375,4763.33349609375,6560,0.0,0.0
2023-06-09 12:00:00+09:00,4760.0,4873.33349609375,4703.33349609375,4730.0,43627,0.0,0.0
2023-06-09 13:00:00+09:00,4726.66650390625,4750.0,4703.33349609375,4743.33349609375,7505,0.0,0.0
2023-06-09 14:00:00+09:00,4740.0,4773.33349609375,4726.66650390625,4726.66650390625,5584,0.0,0.0
2023-06-12 09:00:00+09:00,4833.33349609375,4836.66650390625,4613.33349609375,4670.0,0,0.0,0.0
2023-06-12 10:00:00+09:00,4666.66650390625,4683.33349609375,4643.33349609375,4653.33349609375,5199,0.0,0.0
2023-06-12 11:00:00+09:00,4653.33349609375,4656.66650390625,4613.33349609375,4633.33349609375,8548,0.0,0.0
2023-06-12 12:00:00+09:00,4633.33349609375,4633.33349609375,4596.66650390625,4620.0,7378,0.0,0.0
2023-06-12 13:00:00+09:00,4626.66650390625,4630.0,4583.33349609375,4610.0,4550,0.0,0.0
2023-06-12 14:00:00+09:00,4610.0,4663.33349609375,4603.33349609375,4663.33349609375,6968,0.0,0.0
2023-06-13 09:00:00+09:00,4690.0,4760.0,4633.33349609375,4736.66650390625,0,0.0,0.0
2023-06-13 10:00:00+09:00,4726.66650390625,4736.66650390625,4676.66650390625,4706.66650390625,9085,0.0,0.0
2023-06-13 11:00:00+09:00,4716.66650390625,4733.33349609375,4693.33349609375,4726.66650390625,3977,0.0,0.0
2023-06-13 12:00:00+09:00,4723.33349609375,4740.0,4696.66650390625,4716.66650390625,4337,0.0,0.0
2023-06-13 13:00:00+09:00,4716.66650390625,4716.66650390625,4693.33349609375,4700.0,2871,0.0,0.0
2023-06-13 14:00:00+09:00,4696.66650390625,4743.33349609375,4686.66650390625,4730.0,8363,0.0,0.0
2023-06-14 09:00:00+09:00,4733.33349609375,4773.33349609375,4593.33349609375,4593.33349609375,0,0.0,0.0
2023-06-14 10:00:00+09:00,4593.33349609375,4653.33349609375,4590.0,4623.33349609375,1175,0.0,0.0
2023-06-14 11:00:00+09:00,4623.33349609375,4643.33349609375,4620.0,4630.0,1743,0.0,0.0
2023-06-14 12:00:00+09:00,4630.0,4630.0,4596.66650390625,4596.66650390625,4955,0.0,0.0
2023-06-14 13:00:00+09:00,4596.66650390625,4616.66650390625,4500.0,4533.33349609375,10382,0.0,0.0
2023-06-14 14:00:00+09:00,4530.0,4560.0,4486.66650390625,4520.0,5641,0.0,0.0
2023-06-15 09:00:00+09:00,4583.33349609375,4583.33349609375,4506.66650390625,4560.0,0,0.0,0.0
2023-06-15 10:00:00+09:00,4560.0,4560.0,4500.0,4510.0,3163,0.0,0.0
2023-06-15 11:00:00+09:00,4510.0,4530.0,4500.0,4526.66650390625,5021,0.0,0.0
2023-06-15 12:00:00+09:00,4526.66650390625,4546.66650390625,4516.66650390625,4543.33349609375,595,0.0,0.0
2023-06-15 13:00:00+09:00,4543.33349609375,4546.66650390625,4523.33349609375,4540.0,1199,0.0,0.0
2023-06-15 14:00:00+09:00,4540.0,4556.66650390625,4533.33349609375,4556.66650390625,877,0.0,0.0
2023-06-16 09:00:00+09:00,4560.0,4733.33349609375,4560.0,4683.33349609375,14399,0.0,0.0
2023-06-16 10:00:00+09:00,4683.33349609375,4696.66650390625,4626.66650390625,4640.0,3129,0.0,0.0
2023-06-16 11:00:00+09:00,4636.66650390625,4640.0,4616.66650390625,4636.66650390625,1110,0.0,0.0
2023-06-16 12:00:00+09:00,4636.66650390625,4656.66650390625,4636.66650390625,4656.66650390625,793,0.0,0.0
2023-06-16 13:00:00+09:00,4656.66650390625,4656.66650390625,4616.66650390625,4620.0,3759,0.0,0.0
2023-06-16 14:00:00+09:00,4623.33349609375,4626.66650390625,4600.0,4623.33349609375,2501,0.0,0.0
2023-06-19 09:00:00+09:00,4646.66650390625,4706.66650390625,4600.0,4663.33349609375,0,0.0,0.0
2023-06-19 10:00:00+09:00,4686.66650390625,4750.0,4686.66650390625,4733.33349609375,8794,0.0,0.0
2023-06-19 11:00:00+09:00,4733.33349609375,4833.33349609375,4733.33349609375,4766.66650390625,15766,0.0,0.0
2023-06-19 12:00:00+09:00,4766.66650390625,4790.0,4746.66650390625,4746.66650390625,3784,0.0,0.0
2023-06-19 13:00:00+09:00,4760.0,4760.0,4733.33349609375,4756.66650390625,4126,0.0,0.0
2023-06-19 14:00:00+09:00,4756.66650390625,4833.33349609375,4733.33349609375,4800.0,20088,0.0,0.0
2023-06-20 09:00:00+09:00,5003.33349609375,5006.66650390625,4800.0,4853.33349609375,0,0.0,0.0
2023-06-20 10:00:00+09:00,4853.33349609375,4853.33349609375,4830.0,4840.0,4218,0.0,0.0
2023-06-20 11:00:00+09:00,4833.33349609375,4846.66650390625,4830.0,4833.33349609375,4278,0.0,0.0
2023-06-20 12:00:00+09:00,4833.33349609375,4866.66650390625,4823.33349609375,4836.66650390625,1850,0.0,0.0
2023-06-20 13:00:00+09:00,4836.66650390625,4836.66650390625,4803.33349609375,4830.0,4961,0.0,0.0
2023-06-20 14:00:00+09:00,4810.0,6000.0,4800.0,5810.0,565521,0.0,0.0
2023-06-21 09:00:00+09:00,4876.66650390625,5730.0,4876.66650390625,5283.33349609375,637397,0.0,0.0
2023-06-21 10:00:00+09:00,5286.66650390625,5300.0,5133.33349609375,5223.33349609375,78736,0.0,0.0
2023-06-21 11:00:00+09:00,5223.33349609375,5376.66650390625,5223.33349609375,5260.0,61950,0.0,0.0
2023-06-21 12:00:00+09:00,5260.0,5333.33349609375,5156.66650390625,5190.0,43138,0.0,0.0
2023-06-21 13:00:00+09:00,5186.66650390625,5516.66650390625,5133.33349609375,5420.0,120425,0.0,0.0
2023-06-21 14:00:00+09:00,5460.0,5480.0,5366.66650390625,5366.66650390625,84187,0.0,0.0
2023-06-22 09:00:00+09:00,5323.33349609375,5533.33349609375,5323.33349609375,5336.66650390625,91123,0.0,0.0
2023-06-22 10:00:00+09:00,5336.66650390625,5380.0,5313.33349609375,5366.66650390625,26724,0.0,0.0
2023-06-22 11:00:00+09:00,5366.66650390625,5476.66650390625,5336.66650390625,5416.66650390625,26307,0.0,0.0
2023-06-22 12:00:00+09:00,5423.33349609375,5946.66650390625,5403.33349609375,5796.66650390625,352202,0.0,0.0
2023-06-22 13:00:00+09:00,5800.0,5806.66650390625,5580.0,5656.66650390625,79382,0.0,0.0
2023-06-22 14:00:00+09:00,5673.33349609375,5676.66650390625,5510.0,5606.66650390625,31476,0.0,0.0
2023-06-23 09:00:00+09:00,5686.66650390625,5810.0,5373.33349609375,5543.33349609375,0,0.0,0.0
2023-06-23 10:00:00+09:00,5543.33349609375,5570.0,5486.66650390625,5506.66650390625,16639,0.0,0.0
2023-06-23 11:00:00+09:00,5506.66650390625,5570.0,5506.66650390625,5546.66650390625,6195,0.0,0.0
2023-06-23 12:00:00+09:00,5546.66650390625,5616.66650390625,5510.0,5576.66650390625,7782,0.0,0.0
2023-06-23 13:00:00+09:00,5573.33349609375,5693.33349609375,5516.66650390625,5516.66650390625,15994,0.0,0.0
2023-06-23 14:00:00+09:00,5516.66650390625,5526.66650390625,5406.66650390625,5413.33349609375,22662,0.0,0.0
2023-06-26 09:00:00+09:00,5513.33349609375,5800.0,5483.33349609375,5666.66650390625,0,0.0,0.0
2023-06-26 10:00:00+09:00,5666.66650390625,5690.0,5443.33349609375,5490.0,27224,0.0,0.0
2023-06-26 11:00:00+09:00,5490.0,5493.33349609375,5450.0,5493.33349609375,9415,0.0,0.0
2023-06-26 12:00:00+09:00,5493.33349609375,5566.66650390625,5470.0,5500.0,5283,0.0,0.0
2023-06-26 13:00:00+09:00,5503.33349609375,5553.33349609375,5476.66650390625,5550.0,6470,0.0,0.0
2023-06-26 14:00:00+09:00,5533.33349609375,5696.66650390625,5503.33349609375,5570.0,22813,0.0,0.0
2023-06-27 09:00:00+09:00,5596.66650390625,5730.0,5483.33349609375,5650.0,42429,0.0,0.0
2023-06-27 10:00:00+09:00,5650.0,5650.0,5440.0,5443.33349609375,13949,0.0,0.0
2023-06-27 11:00:00+09:00,5443.33349609375,5456.66650390625,5353.33349609375,5443.33349609375,8234,0.0,0.0
2023-06-27 12:00:00+09:00,5416.66650390625,5436.66650390625,5333.33349609375,5363.33349609375,10614,0.0,0.0
2023-06-27 13:00:00+09:00,5340.0,5343.33349609375,5266.66650390625,5343.33349609375,17768,0.0,0.0
2023-06-27 14:00:00+09:00,5346.66650390625,5380.0,5310.0,5373.33349609375,7382,0.0,0.0
2023-06-28 09:00:00+09:00,5276.66650390625,5413.33349609375,5173.33349609375,5353.33349609375,0,0.0,0.0
2023-06-28 10:00:00+09:00,5350.0,5580.0,5316.66650390625,5490.0,32751,0.0,0.0
2023-06-28 11:00:00+09:00,5480.0,5660.0,5476.66650390625,5536.66650390625,38738,0.0,0.0
2023-06-28 12:00:00+09:00,5540.0,5640.0,5540.0,5633.33349609375,16365,0.0,0.0
2023-06-28 13:00:00+09:00,5633.33349609375,5700.0,5566.66650390625,5623.33349609375,29898,0.0,0.0
2023-06-28 14:00:00+09:00,5623.33349609375,5630.0,5570.0,5573.33349609375,9304,0.0,0.0
2023-06-29 09:00:00+09:00,5533.33349609375,5536.66650390625,5303.33349609375,5396.66650390625,0,0.0,0.0
2023-06-29 10:00:00+09:00,5393.33349609375,5513.33349609375,5390.0,5470.0,12842,0.0,0.0
2023-06-29 11:00:00+09:00,5440.0,5576.66650390625,5433.33349609375,5473.33349609375,8968,0.0,0.0
2023-06-29 12:00:00+09:00,5480.0,5490.0,5403.33349609375,5430.0,4787,0.0,0.0
2023-06-29 13:00:00+09:00,5416.66650390625,5480.0,5386.66650390625,5386.66650390625,7957,0.0,0.0
2023-06-29 14:00:00+09:00,5386.66650390625,5403.33349609375,5310.0,5326.66650390625,24722,0.0,0.0
2023-06-30 09:00:00+09:00,5326.66650390625,5516.66650390625,5303.33349609375,5410.0,25283,0.0,0.0
2023-06-30 10:00:00+09:00,5410.0,5463.33349609375,5400.0,5416.66650390625,8795,0.0,0.0
2023-06-30 11:00:00+09:00,5416.66650390625,5430.0,5350.0,5350.0,3929,0.0,0.0
2023-06-30 12:00:00+09:00,5346.66650390625,5390.0,5343.33349609375,5356.66650390625,2143,0.0,0.0
2023-06-30 13:00:00+09:00,5360.0,5373.33349609375,5303.33349609375,5340.0,6721,0.0,0.0
2023-06-30 14:00:00+09:00,5336.66650390625,5383.33349609375,5326.66650390625,5333.33349609375,8393,0.0,0.0
2023-07-03 09:00:00+09:00,5400.0,5426.66650390625,5333.33349609375,5383.33349609375,0,0.0,0.0
2023-07-03 10:00:00+09:00,5383.33349609375,5440.0,5350.0,5363.33349609375,11794,0.0,0.0
2023-07-03 11:00:00+09:00,5363.33349609375,5493.33349609375,5360.0,5476.66650390625,9416,0.0,0.0
2023-07-03 12:00:00+09:00,5476.66650390625,5476.66650390625,5400.0,5466.66650390625,2838,0.0,0.0
2023-07-03 13:00:00+09:00,5443.33349609375,5566.66650390625,5443.33349609375,5456.66650390625,7982,0.0,0.0
2023-07-03 14:00:00+09:00,5456.66650390625,5540.0,5456.66650390625,5500.0,7784,0.0,0.0
2023-07-04 09:00:00+09:00,5526.66650390625,5526.66650390625,5340.0,5343.33349609375,0,0.0,0.0
2023-07-04 10:00:00+09:00,5343.33349609375,5350.0,5236.66650390625,5280.0,20039,0.0,0.0
2023-07-04 11:00:00+09:00,5280.0,5326.66650390625,5266.66650390625,5316.66650390625,2703,0.0,0.0
2023-07-04 12:00:00+09:00,5316.66650390625,5316.66650390625,5270.0,5280.0,5165,0.0,0.0
2023-07-04 13:00:00+09:00,5280.0,5303.33349609375,5250.0,5276.66650390625,8647,0.0,0.0
2023-07-04 14:00:00+09:00,5270.0,5296.66650390625,5256.66650390625,5290.0,6679,0.0,0.0
2023-07-05 09:00:00+09:00,5333.33349609375,5430.0,5296.66650390625,5376.66650390625,0,0.0,0.0
2023-07-05 10:00:00+09:00,5376.66650390625,5396.66650390625,5273.33349609375,5300.0,13439,0.0,0.0
2023-07-05 11:00:00+09:00,5296.66650390625,5296.66650390625,5246.66650390625,5246.66650390625,7961,0.0,0.0
2023-07-05 12:00:00+09:00,5250.0,5273.33349609375,5243.33349609375,5246.66650390625,3073,0.0,0.0
2023-07-05 13:00:00+09:00,5263.33349609375,5283.33349609375,5246.66650390625,5250.0,2694,0.0,0.0
2023-07-05 14:00:00+09:00,5250.0,5253.33349609375,5240.0,5243.33349609375,5469,0.0,0.0
2023-07-06 09:00:00+09:00,5330.0,5333.33349609375,5183.33349609375,5190.0,0,0.0,0.0
2023-07-06 10:00:00+09:00,5190.0,5223.33349609375,5150.0,5163.33349609375,12190,0.0,0.0
2023-07-06 11:00:00+09:00,5160.0,5160.0,5053.33349609375,5063.33349609375,12795,0.0,0.0
2023-07-06 12:00:00+09:00,5063.33349609375,5090.0,5046.66650390625,5053.33349609375,7303,0.0,0.0
2023-07-06 13:00:00+09:00,5053.33349609375,5053.33349609375,4970.0,5023.33349609375,9487,0.0,0.0
2023-07-06 14:00:00+09:00,5023.33349609375,5033.33349609375,5000.0,5000.0,7758,0.0,0.0
2023-07-07 09:00:00+09:00,4940.0,4943.33349609375,4803.33349609375,4916.66650390625,0,0.0,0.0
2023-07-07 10:00:00+09:00,4916.66650390625,4943.33349609375,4863.33349609375,4930.0,3035,0.0,0.0
2023-07-07 11:00:00+09:00,4880.0,4930.0,4860.0,4900.0,2037,0.0,0.0
2023-07-07 12:00:00+09:00,4903.33349609375,4903.33349609375,4860.0,4860.0,1638,0.0,0.0
2023-07-07 13:00:00+09:00,4856.66650390625,4856.66650390625,4796.66650390625,4833.33349609375,4160,0.0,0.0
2023-07-07 14:00:00+09:00,4833.33349609375,4860.0,4823.33349609375,4853.33349609375,2815,0.0,0.0
2023-07-10 09:00:00+09:00,4890.0,4890.0,4593.33349609375,4770.0,7822,0.0,0.0
2023-07-10 10:00:00+09:00,4780.0,4796.66650390625,4700.0,4710.0,4671,0.0,0.0
2023-07-10 11:00:00+09:00,4696.66650390625,4763.33349609375,4690.0,4733.33349609375,2877,0.0,0.0
2023-07-10 12:00:00+09:00,4733.33349609375,4753.33349609375,4700.0,4726.66650390625,1873,0.0,0.0
2023-07-10 13:00:00+09:00,4713.33349609375,4726.66650390625,4700.0,4700.0,1339,0.0,0.0
2023-07-10 14:00:00+09:00,4700.0,4713.33349609375,4663.33349609375,4663.33349609375,4989,0.0,0.0
2023-07-11 09:00:00+09:00,4753.33349609375,4753.33349609375,4660.0,4746.66650390625,0,0.0,0.0
2023-07-11 10:00:00+09:00,4743.33349609375,4813.33349609375,4733.33349609375,4810.0,5388,0.0,0.0
2023-07-11 11:00:00+09:00,4800.0,4810.0,4756.66650390625,4783.33349609375,2160,0.0,0.0
2023-07-11 12:00:00+09:00,4796.66650390625,4796.66650390625,4726.66650390625,4753.33349609375,1388,0.0,0.0
2023-07-11 13:00:00+09:00,4733.33349609375,4810.0,4720.0,4786.66650390625,3490,0.0,0.0
2023-07-11 14:00:00+09:00,4800.0,4893.33349609375,4800.0,4883.33349609375,9170,0.0,0.0
2023-07-12 09:00:00+09:00,4893.33349609375,4973.33349609375,4770.0,4816.66650390625,0,0.0,0.0
2023-07-12 10:00:00+09:00,4800.0,4810.0,4773.33349609375,4783.33349609375,4333,0.0,0.0
2023-07-12 11:00:00+09:00,4803.33349609375,4883.33349609375,4773.33349609375,4866.66650390625,5610,0.0,0.0
2023-07-12 12:00:00+09:00,4863.33349609375,4876.66650390625,4810.0,4850.0,2071,0.0,0.0
2023-07-12 13:00:00+09:00,4833.33349609375,4846.66650390625,4800.0,4803.33349609375,1223,0.0,0.0
2023-07-12 14:00:00+09:00,4803.33349609375,4826.66650390625,4783.33349609375,4820.0,2418,0.0,0.0
2023-07-13 09:00:00+09:00,4903.33349609375,5066.66650390625,4850.0,5066.66650390625,0,0.0,0.0
2023-07-13 10:00:00+09:00,5063.33349609375,5206.66650390625,5023.33349609375,5133.33349609375,21283,0.0,0.0
2023-07-13 11:00:00+09:00,5163.33349609375,5163.33349609375,5096.66650390625,5133.33349609375,3238,0.0,0.0
2023-07-13 12:00:00+09:00,5133.33349609375,5193.33349609375,5103.33349609375,5156.66650390625,4939,0.0,0.0
2023-07-13 13:00:00+09:00,5123.33349609375,5146.66650390625,5066.66650390625,5070.0,5175,0.0,0.0
2023-07-13 14:00:00+09:00,5073.33349609375,5113.33349609375,5070.0,5113.33349609375,3702,0.0,0.0
2023-07-14 09:00:00+09:00,5196.66650390625,5196.66650390625,4960.0,4963.33349609375,0,0.0,0.0
2023-07-14 10:00:00+09:00,4963.33349609375,5166.66650390625,4963.33349609375,5066.66650390625,6507,0.0,0.0
2023-07-14 11:00:00+09:00,5066.66650390625,5066.66650390625,5016.66650390625,5053.33349609375,812,0.0,0.0
2023-07-14 12:00:00+09:00,5050.0,5060.0,5013.33349609375,5036.66650390625,2387,0.0,0.0
2023-07-14 13:00:00+09:00,5033.33349609375,5066.66650390625,5023.33349609375,5050.0,1679,0.0,0.0
2023-07-14 14:00:00+09:00,5046.66650390625,5126.66650390625,5043.33349609375,5086.66650390625,3279,0.0,0.0
2023-07-17 09:00:00+09:00,5173.33349609375,5173.33349609375,5003.33349609375,5060.0,0,0.0,0.0
2023-07-17 10:00:00+09:00,5033.33349609375,5146.66650390625,5026.66650390625,5146.66650390625,5944,0.0,0.0
2023-07-17 11:00:00+09:00,5146.66650390625,5200.0,5103.33349609375,5130.0,6932,0.0,0.0
2023-07-17 12:00:00+09:00,5133.33349609375,5183.33349609375,5133.33349609375,5180.0,3216,0.0,0.0
2023-07-17 13:00:00+09:00,5180.0,5246.66650390625,5170.0,5233.33349609375,10534,0.0,0.0
2023-07-17 14:00:00+09:00,5223.33349609375,5223.33349609375,5183.33349609375,5196.66650390625,1755,0.0,0.0
2023-07-18 09:00:00+09:00,5250.0,5316.66650390625,5160.0,5246.66650390625,11818,0.0,0.0
2023-07-18 10:00:00+09:00,5280.0,5350.0,5246.66650390625,5253.33349609375,13683,0.0,0.0
2023-07-18 11:00:00+09:00,5280.0,5280.0,5173.33349609375,5173.33349609375,5685,0.0,0.0
2023-07-18 12:00:00+09:00,5190.0,5190.0,5133.33349609375,5170.0,4252,0.0,0.0
2023-07-18 13:00:00+09:00,5180.0,5180.0,5106.66650390625,5116.66650390625,6480,0.0,0.0
2023-07-18 14:00:00+09:00,5120.0,5126.66650390625,5050.0,5080.0,6751,0.0,0.0
2023-07-19 09:00:00+09:00,5053.33349609375,5163.33349609375,5013.33349609375,5160.0,9811,0.0,0.0
2023-07-19 10:00:00+09:00,5156.66650390625,5256.66650390625,5123.33349609375,5176.66650390625,10040,0.0,0.0
2023-07-19 11:00:00+09:00,5173.33349609375,5173.33349609375,5120.0,5143.33349609375,1895,0.0,0.0
2023-07-19 12:00:00+09:00,5143.33349609375,5216.66650390625,5123.33349609375,5196.66650390625,10031,0.0,0.0
2023-07-19 13:00:00+09:00,5180.0,5200.0,5153.33349609375,5173.33349609375,2617,0.0,0.0
2023-07-19 14:00:00+09:00,5173.33349609375,5190.0,5150.0,5186.66650390625,2581,0.0,0.0
2023-07-20 09:00:00+09:00,5296.66650390625,5296.66650390625,5070.0,5083.33349609375,16558,0.0,0.0
2023-07-20 10:00:00+09:00,5083.33349609375,5250.0,5080.0,5206.66650390625,5663,0.0,0.0
2023-07-20 11:00:00+09:00,5206.66650390625,5250.0,5166.66650390625,5216.66650390625,8131,0.0,0.0
2023-07-20 12:00:00+09:00,5250.0,5390.0,5196.66650390625,5376.66650390625,14384,0.0,0.0
2023-07-20 13:00:00+09:00,5373.33349609375,5500.0,5343.33349609375,5500.0,25996,0.0,0.0
2023-07-20 14:00:00+09:00,5470.0,6023.33349609375,5470.0,5926.66650390625,218412,0.0,0.0
2023-07-21 09:00:00+09:00,5946.66650390625,6600.0,5690.0,5856.66650390625,293361,0.0,0.0
2023-07-21 10:00:00+09:00,5850.0,5870.0,5440.0,5483.33349609375,104786,0.0,0.0
2023-07-21 11:00:00+09:00,5480.0,5546.66650390625,5383.33349609375,5500.0,65017,0.0,0.0
2023-07-21 12:00:00+09:00,5503.33349609375,5536.66650390625,5453.33349609375,5506.66650390625,13745,0.0,0.0
2023-07-21 13:00:00+09:00,5516.66650390625,5523.33349609375,5400.0,5410.0,28092,0.0,0.0
2023-07-21 14:00:00+09:00,5410.0,5410.0,5223.33349609375,5320.0,66088,0.0,0.0
2023-07-24 09:00:00+09:00,5270.0,5320.0,4816.66650390625,5133.33349609375,0,0.0,0.0
2023-07-24 10:00:00+09:00,5133.33349609375,5263.33349609375,5053.33349609375,5180.0,16807,0.0,0.0
2023-07-24 11:00:00+09:00,5180.0,5233.33349609375,5066.66650390625,5090.0,9340,0.0,0.0
2023-07-24 12:00:00+09:00,5056.66650390625,5176.66650390625,4986.66650390625,4986.66650390625,11195,0.0,0.0
2023-07-24 13:00:00+09:00,5000.0,5063.33349609375,4890.0,4990.0,16825,0.0,0.0
2023-07-24 14:00:00+09:00,4990.0,5066.66650390625,4980.0,5030.0,3403,0.0,0.0
2023-07-25 09:00:00+09:00,5100.0,5253.33349609375,4960.0,5180.0,25536,0.0,0.0
2023-07-25 10:00:00+09:00,5180.0,5180.0,5066.66650390625,5093.33349609375,7015,0.0,0.0
2023-07-25 11:00:00+09:00,5093.33349609375,5193.33349609375,5060.0,5146.66650390625,3381,0.0,0.0
2023-07-25 12:00:00+09:00,5173.33349609375,5280.0,5126.66650390625,5246.66650390625,14234,0.0,0.0
2023-07-25 13:00:00+09:00,5246.66650390625,5333.33349609375,5133.33349609375,5136.66650390625,13273,0.0,0.0
2023-07-25 14:00:00+09:00,5160.0,5163.33349609375,5073.33349609375,5133.33349609375,8472,0.0,0.0
2023-07-26 09:00:00+09:00,5066.66650390625,5260.0,4993.33349609375,5200.0,22963,0.0,0.0
2023-07-26 10:00:00+09:00,5190.0,5193.33349609375,4993.33349609375,5073.33349609375,18438,0.0,0.0
2023-07-26 11:00:00+09:00,5073.33349609375,5113.33349609375,4996.66650390625,5026.66650390625,5570,0.0,0.0
2023-07-26 12:00:00+09:00,5026.66650390625,5026.66650390625,4950.0,4996.66650390625,9259,0.0,0.0
2023-07-26 13:00:00+09:00,4996.66650390625,5136.66650390625,4960.0,4983.33349609375,9842,0.0,0.0
2023-07-26 14:00:00+09:00,4966.66650390625,5066.66650390625,4940.0,5033.33349609375,9019,0.0,0.0
2023-07-27 09:00:00+09:00,5100.0,5560.0,5066.66650390625,5553.33349609375,76605,0.0,0.0
2023-07-27 10:00:00+09:00,5546.66650390625,5553.33349609375,5273.33349609375,5423.33349609375,25982,0.0,0.0
2023-07-27 11:00:00+09:00,5423.33349609375,5483.33349609375,5346.66650390625,5363.33349609375,8642,0.0,0.0
2023-07-27 12:00:00+09:00,5360.0,5400.0,5300.0,5400.0,15528,0.0,0.0
2023-07-27 13:00:00+09:00,5370.0,5370.0,5316.66650390625,5353.33349609375,1632,0.0,0.0
2023-07-27 14:00:00+09:00,5353.33349609375,5356.66650390625,5273.33349609375,5293.33349609375,8395,0.0,0.0
2023-07-28 09:00:00+09:00,5313.33349609375,5466.66650390625,5283.33349609375,5340.0,33878,0.0,0.0
2023-07-28 10:00:00+09:00,5356.66650390625,5543.33349609375,5330.0,5543.33349609375,52213,0.0,0.0
2023-07-28 11:00:00+09:00,5486.66650390625,5600.0,5480.0,5516.66650390625,15983,0.0,0.0
2023-07-28 12:00:00+09:00,5516.66650390625,5543.33349609375,5473.33349609375,5493.33349609375,4119,0.0,0.0
2023-07-28 13:00:00+09:00,5493.33349609375,5523.33349609375,5476.66650390625,5523.33349609375,5156,0.0,0.0
2023-07-28 14:00:00+09:00,5520.0,5596.66650390625,5506.66650390625,5546.66650390625,10879,0.0,0.0
2023-07-31 09:00:00+09:00,5433.33349609375,5816.66650390625,5433.33349609375,5816.66650390625,0,0.0,0.0
2023-07-31 10:00:00+09:00,5816.66650390625,5866.66650390625,5760.0,5773.33349609375,30679,0.0,0.0
2023-07-31 11:00:00+09:00,5773.33349609375,5773.33349609375,5700.0,5720.0,9760,0.0,0.0
2023-07-31 12:00:00+09:00,5733.33349609375,5760.0,5710.0,5733.33349609375,3459,0.0,0.0
2023-07-31 13:00:00+09:00,5733.33349609375,5746.66650390625,5710.0,5710.0,5643,0.0,0.0
2023-07-31 14:00:00+09:00,5710.0,5780.0,5710.0,5736.66650390625,10186,0.0,0.0
2023-08-01 09:00:00+09:00,5756.66650390625,6016.66650390625,5756.66650390625,5900.0,47367,0.0,0.0
2023-08-01 10:00:00+09:00,5896.66650390625,5900.0,5673.33349609375,5783.33349609375,23592,0.0,0.0
2023-08-01 11:00:00+09:00,5783.33349609375,5930.0,5783.33349609375,5906.66650390625,11591,0.0,0.0
2023-08-01 12:00:00+09:00,5906.66650390625,5970.0,5763.33349609375,5773.33349609375,17665,0.0,0.0
2023-08-01 13:00:00+09:00,5773.33349609375,5806.66650390625,5613.33349609375,5656.66650390625,15100,0.0,0.0
2023-08-01 14:00:00+09:00,5656.66650390625,5833.33349609375,5653.33349609375,5733.33349609375,8123,0.0,0.0
2023-08-02 09:00:00+09:00,5926.66650390625,5926.66650390625,5700.0,5766.66650390625,27540,0.0,0.0
2023-08-02 10:00:00+09:00,5770.0,5800.0,5680.0,5680.0,13447,0.0,0.0
2023-08-02 11:00:00+09:00,5680.0,5760.0,5676.66650390625,5740.0,6450,0.0,0.0
2023-08-02 12:00:00+09:00,5740.0,5900.0,5690.0,5860.0,15924,0.0,0.0
2023-08-02 13:00:00+09:00,5866.66650390625,5903.33349609375,5766.66650390625,5810.0,9223,0.0,0.0
2023-08-02 14:00:00+09:00,5810.0,5880.0,5810.0,5873.33349609375,7867,0.0,0.0
2023-08-03 09:00:00+09:00,5876.66650390625,5876.66650390625,5430.0,5516.66650390625,27502,0.0,0.0
2023-08-03 10:00:00+09:00,5513.33349609375,5540.0,5416.66650390625,5463.33349609375,17475,0.0,0.0
2023-08-03 11:00:00+09:00,5496.66650390625,5496.66650390625,5383.33349609375,5493.33349609375,9346,0.0,0.0
2023-08-03 12:00:00+09:00,5496.66650390625,5560.0,5470.0,5530.0,3522,0.0,0.0
2023-08-03 13:00:00+09:00,5530.0,5580.0,5510.0,5550.0,4808,0.0,0.0
2023-08-03 14:00:00+09:00,5550.0,5576.66650390625,5520.0,5536.66650390625,3870,0.0,0.0
2023-08-04 09:00:00+09:00,5566.66650390625,5706.66650390625,5470.0,5553.33349609375,18091,0.0,0.0
2023-08-04 10:00:00+09:00,5553.33349609375,5643.33349609375,5500.0,5593.33349609375,11317,0.0,0.0
2023-08-04 11:00:00+09:00,5593.33349609375,5636.66650390625,5576.66650390625,5636.66650390625,5196,0.0,0.0
2023-08-04 12:00:00+09:00,5640.0,5650.0,5596.66650390625,5596.66650390625,3495,0.0,0.0
2023-08-04 13:00:00+09:00,5603.33349609375,5910.0,5600.0,5870.0,22064,0.0,0.0
2023-08-04 14:00:00+09:00,5870.0,5920.0,5800.0,5920.0,18712,0.0,0.0
2023-08-07 09:00:00+09:00,6066.66650390625,6203.33349609375,5776.66650390625,6046.66650390625,0,0.0,0.0
2023-08-07 10:00:00+09:00,6040.0,6176.66650390625,5966.66650390625,6070.0,21882,0.0,0.0
2023-08-07 11:00:00+09:00,6073.33349609375,6256.66650390625,6073.33349609375,6183.33349609375,26336,0.0,0.0
2023-08-07 12:00:00+09:00,6186.66650390625,6226.66650390625,6143.33349609375,6153.33349609375,8131,0.0,0.0
2023-08-07 13:00:00+09:00,6176.66650390625,6220.0,5976.66650390625,5976.66650390625,12630,0.0,0.0
2023-08-07 14:00:00+09:00,5983.33349609375,6140.0,5970.0,6136.66650390625,7726,0.0,0.0
2023-08-08 09:00:00+09:00,6366.66650390625,6476.66650390625,6250.0,6326.66650390625,61848,0.0,0.0
2023-08-08 10:00:00+09:00,6330.0,6430.0,6296.66650390625,6343.33349609375,23475,0.0,0.0
2023-08-08 11:00:00+09:00,6333.33349609375,6366.66650390625,6210.0,6306.66650390625,9054,0.0,0.0
2023-08-08 12:00:00+09:00,6303.33349609375,6310.0,6216.66650390625,6256.66650390625,6155,0.0,0.0
2023-08-08 13:00:00+09:00,6256.66650390625,6306.66650390625,6233.33349609375,6293.33349609375,6059,0.0,0.0
2023-08-08 14:00:00+09:00,6273.33349609375,6300.0,6066.66650390625,6070.0,18651,0.0,0.0
2023-08-09 09:00:00+09:00,6350.0,6750.0,6286.66650390625,6316.66650390625,143178,0.0,0.0
2023-08-09 10:00:00+09:00,6316.66650390625,6426.66650390625,6283.33349609375,6300.0,19833,0.0,0.0
2023-08-09 11:00:00+09:00,6303.33349609375,6303.33349609375,6140.0,6246.66650390625,18483,0.0,0.0
2023-08-09 12:00:00+09:00,6246.66650390625,6336.66650390625,6230.0,6303.33349609375,7308,0.0,0.0
2023-08-09 13:00:00+09:00,6316.66650390625,6450.0,6300.0,6450.0,15203,0.0,0.0
2023-08-09 14:00:00+09:00,6446.66650390625,6646.66650390625,6423.33349609375,6600.0,30736,0.0,0.0
2023-08-10 09:00:00+09:00,6663.33349609375,6663.33349609375,6270.0,6280.0,43135,0.0,0.0
2023-08-10 10:00:00+09:00,6280.0,6470.0,6233.33349609375,6470.0,16764,0.0,0.0
2023-08-10 11:00:00+09:00,6466.66650390625,6476.66650390625,6383.33349609375,6443.33349609375,17457,0.0,0.0
2023-08-10 12:00:00+09:00,6446.66650390625,6610.0,6446.66650390625,6563.33349609375,18265,0.0,0.0
2023-08-10 13:00:00+09:00,6563.33349609375,6623.33349609375,6560.0,6590.0,14370,0.0,0.0
2023-08-10 14:00:00+09:00,6590.0,6590.0,6520.0,6543.33349609375,13530,0.0,0.0
2023-08-11 09:00:00+09:00,6393.33349609375,6600.0,6300.0,6450.0,34802,0.0,0.0
2023-08-11 10:00:00+09:00,6450.0,6516.66650390625,6200.0,6206.66650390625,27037,0.0,0.0
2023-08-11 11:00:00+09:00,6210.0,6316.66650390625,6210.0,6283.33349609375,8699,0.0,0.0
2023-08-11 12:00:00+09:00,6303.33349609375,6400.0,6290.0,6333.33349609375,8545,0.0,0.0
2023-08-11 13:00:00+09:00,6333.33349609375,6363.33349609375,6223.33349609375,6266.66650390625,13376,0.0,0.0
2023-08-11 14:00:00+09:00,6266.66650390625,6296.66650390625,6203.33349609375,6296.66650390625,17442,0.0,0.0
2023-08-14 09:00:00+09:00,7580.0,8380.0,7100.0,7970.0,934941,0.0,3.0
2023-08-14 10:00:00+09:00,7970.0,8110.0,7570.0,7720.0,162257,0.0,0.0
2023-08-14 11:00:00+09:00,7720.0,8140.0,7250.0,7780.0,348920,0.0,0.0
2023-08-14 12:00:00+09:00,7770.0,7860.0,7550.0,7630.0,90408,0.0,0.0
2023-08-14 13:00:00+09:00,7640.0,7790.0,7500.0,7650.0,62876,0.0,0.0
2023-08-14 14:00:00+09:00,7630.0,7970.0,7550.0,7970.0,123068,0.0,0.0
2023-08-16 09:00:00+09:00,7850.0,7850.0,7070.0,7380.0,0,0.0,0.0
2023-08-16 10:00:00+09:00,7380.0,7470.0,7280.0,7290.0,37654,0.0,0.0
2023-08-16 11:00:00+09:00,7290.0,7290.0,7050.0,7090.0,37091,0.0,0.0
2023-08-16 12:00:00+09:00,7130.0,7170.0,6930.0,7030.0,21507,0.0,0.0
2023-08-16 13:00:00+09:00,7030.0,7090.0,6800.0,6940.0,32667,0.0,0.0
2023-08-16 14:00:00+09:00,6940.0,7080.0,6820.0,6850.0,20961,0.0,0.0
2023-08-17 09:00:00+09:00,7280.0,8920.0,6860.0,8240.0,530219,0.0,0.0
2023-08-17 10:00:00+09:00,8200.0,8300.0,7830.0,7830.0,217933,0.0,0.0
2023-08-17 11:00:00+09:00,7830.0,8360.0,7750.0,8060.0,242435,0.0,0.0
2023-08-17 12:00:00+09:00,8010.0,8200.0,7920.0,8000.0,83216,0.0,0.0
2023-08-17 13:00:00+09:00,7990.0,8030.0,7620.0,7750.0,89154,0.0,0.0
2023-08-17 14:00:00+09:00,7660.0,7840.0,7400.0,7700.0,57610,0.0,0.0
2023-08-18 09:00:00+09:00,7500.0,7520.0,7120.0,7200.0,78512,0.0,0.0
2023-08-18 10:00:00+09:00,7200.0,7230.0,7050.0,7060.0,29555,0.0,0.0
2023-08-18 11:00:00+09:00,7050.0,7140.0,6960.0,7070.0,29217,0.0,0.0
2023-08-18 12:00:00+09:00,7070.0,7260.0,7060.0,7200.0,21978,0.0,0.0
2023-08-18 13:00:00+09:00,7190.0,7260.0,7050.0,7090.0,13477,0.0,0.0
2023-08-18 14:00:00+09:00,7080.0,7100.0,6970.0,7030.0,16745,0.0,0.0
2023-08-21 09:00:00+09:00,7000.0,7000.0,6600.0,6900.0,0,0.0,0.0
2023-08-21 10:00:00+09:00,6900.0,7120.0,6800.0,6880.0,20847,0.0,0.0
2023-08-21 11:00:00+09:00,6870.0,6970.0,6800.0,6940.0,8943,0.0,0.0
2023-08-21 12:00:00+09:00,6950.0,7030.0,6860.0,6890.0,8295,0.0,0.0
2023-08-21 13:00:00+09:00,6900.0,6910.0,6790.0,6840.0,8162,0.0,0.0
2023-08-21 14:00:00+09:00,6840.0,6850.0,6710.0,6810.0,14106,0.0,0.0
2023-08-22 09:00:00+09:00,6850.0,6910.0,6660.0,6670.0,30165,0.0,0.0
2023-08-22 10:00:00+09:00,6670.0,6710.0,6600.0,6650.0,15648,0.0,0.0
2023-08-22 11:00:00+09:00,6650.0,6700.0,6650.0,6660.0,2153,0.0,0.0
2023-08-22 12:00:00+09:00,6660.0,6710.0,6620.0,6650.0,9821,0.0,0.0
2023-08-22 13:00:00+09:00,6650.0,6670.0,6480.0,6530.0,33229,0.0,0.0
2023-08-22 14:00:00+09:00,6520.0,6690.0,6480.0,6650.0,19073,0.0,0.0
2023-08-23 09:00:00+09:00,6630.0,6820.0,6450.0,6780.0,0,0.0,0.0
2023-08-23 10:00:00+09:00,6780.0,6780.0,6600.0,6650.0,12309,0.0,0.0
2023-08-23 11:00:00+09:00,6650.0,6650.0,6520.0,6580.0,6181,0.0,0.0
2023-08-23 12:00:00+09:00,6580.0,6620.0,6540.0,6590.0,4574,0.0,0.0
2023-08-23 13:00:00+09:00,6560.0,6620.0,6500.0,6580.0,7002,0.0,0.0
2023-08-23 14:00:00+09:00,6590.0,6880.0,6500.0,6690.0,20584,0.0,0.0
2023-08-24 09:00:00+09:00,6780.0,7290.0,6720.0,7130.0,96909,0.0,0.0
2023-08-24 10:00:00+09:00,7130.0,7390.0,7050.0,7120.0,64713,0.0,0.0
2023-08-24 11:00:00+09:00,7170.0,7240.0,7120.0,7140.0,11517,0.0,0.0
2023-08-24 12:00:00+09:00,7140.0,7310.0,7130.0,7230.0,17381,0.0,0.0
2023-08-24 13:00:00+09:00,7230.0,7300.0,7180.0,7180.0,8322,0.0,0.0
2023-08-24 14:00:00+09:00,7180.0,7230.0,7100.0,7120.0,9790,0.0,0.0
2023-08-25 09:00:00+09:00,7110.0,7270.0,6830.0,6960.0,46593,0.0,0.0
2023-08-25 10:00:00+09:00,6980.0,7050.0,6910.0,6980.0,5043,0.0,0.0
2023-08-25 11:00:00+09:00,6960.0,6980.0,6920.0,6970.0,1458,0.0,0.0
2023-08-25 12:00:00+09:00,6930.0,6930.0,6890.0,6900.0,5483,0.0,0.0
2023-08-25 13:00:00+09:00,6900.0,7040.0,6900.0,6920.0,1612,0.0,0.0
2023-08-25 14:00:00+09:00,6920.0,6970.0,6900.0,6900.0,5705,0.0,0.0
2023-08-28 09:00:00+09:00,6820.0,7120.0,6820.0,6940.0,0,0.0,0.0
2023-08-28 10:00:00+09:00,6950.0,7080.0,6870.0,6990.0,15521,0.0,0.0
2023-08-28 11:00:00+09:00,6990.0,7210.0,6980.0,7160.0,13286,0.0,0.0
2023-08-28 12:00:00+09:00,7160.0,7170.0,7080.0,7100.0,5505,0.0,0.0
2023-08-28 13:00:00+09:00,7100.0,7120.0,7060.0,7080.0,2788,0.0,0.0
2023-08-28 14:00:00+09:00,7070.0,7200.0,7070.0,7170.0,7143,0.0,0.0
2023-08-29 09:00:00+09:00,7280.0,7350.0,7010.0,7180.0,14733,0.0,0.0
2023-08-29 10:00:00+09:00,7180.0,7180.0,7050.0,7160.0,5338,0.0,0.0
2023-08-29 11:00:00+09:00,7170.0,7220.0,7090.0,7200.0,2092,0.0,0.0
2023-08-29 12:00:00+09:00,7190.0,7200.0,7130.0,7160.0,2496,0.0,0.0
2023-08-29 13:00:00+09:00,7170.0,7190.0,7140.0,7140.0,5368,0.0,0.0
2023-08-29 14:00:00+09:00,7150.0,7170.0,7120.0,7170.0,5707,0.0,0.0
2023-08-30 09:00:00+09:00,7300.0,7900.0,7300.0,7850.0,132033,0.0,0.0
2023-08-30 10:00:00+09:00,7860.0,8020.0,7680.0,8020.0,65658,0.0,0.0
2023-08-30 11:00:00+09:00,8050.0,8800.0,7900.0,8490.0,289080,0.0,0.0
2023-08-30 12:00:00+09:00,8480.0,8570.0,7970.0,8330.0,218472,0.0,0.0
2023-08-30 13:00:00+09:00,8270.0,8330.0,8170.0,8180.0,30118,0.0,0.0
2023-08-30 14:00:00+09:00,8190.0,8340.0,8170.0,8280.0,42688,0.0,0.0
2023-08-31 09:00:00+09:00,8190.0,10640.0,8130.0,10640.0,1099600,0.0,0.0
2023-08-31 10:00:00+09:00,10640.0,10640.0,10640.0,10640.0,9909,0.0,0.0
2023-08-31 11:00:00+09:00,10640.0,10640.0,10640.0,10640.0,7487,0.0,0.0
2023-08-31 12:00:00+09:00,10640.0,10640.0,10640.0,10640.0,5861,0.0,0.0
2023-08-31 13:00:00+09:00,10640.0,10640.0,10640.0,10640.0,2302,0.0,0.0
2023-08-31 14:00:00+09:00,10640.0,10640.0,10640.0,10640.0,1531,0.0,0.0
2023-09-01 09:00:00+09:00,12130.0,13830.0,12100.0,13040.0,1748931,0.0,0.0
2023-09-01 10:00:00+09:00,13050.0,13390.0,12260.0,12270.0,410900,0.0,0.0
2023-09-01 11:00:00+09:00,12260.0,12560.0,11820.0,12020.0,256564,0.0,0.0
2023-09-01 12:00:00+09:00,12020.0,12970.0,11900.0,12570.0,410486,0.0,0.0
2023-09-01 13:00:00+09:00,12480.0,12710.0,11900.0,11990.0,211065,0.0,0.0
2023-09-01 14:00:00+09:00,11990.0,13570.0,11500.0,13570.0,531777,0.0,0.0
2023-09-04 09:00:00+09:00,11850.0,12320.0,11020.0,11780.0,0,0.0,0.0
2023-09-04 10:00:00+09:00,11780.0,11830.0,11330.0,11380.0,97693,0.0,0.0
2023-09-04 11:00:00+09:00,11380.0,11700.0,11350.0,11370.0,59585,0.0,0.0
2023-09-04 12:00:00+09:00,11400.0,12080.0,11360.0,11460.0,213532,0.0,0.0
2023-09-04 13:00:00+09:00,11460.0,11600.0,11400.0,11520.0,33972,0.0,0.0
2023-09-04 14:00:00+09:00,11520.0,11530.0,11080.0,11240.0,102746,0.0,0.0
2023-09-05 09:00:00+09:00,9990.0,10200.0,9600.0,9640.0,571596,0.0,0.0
2023-09-05 10:00:00+09:00,9640.0,9680.0,9350.0,9530.0,207841,0.0,0.0
2023-09-05 11:00:00+09:00,9520.0,9710.0,9490.0,9620.0,103470,0.0,0.0
2023-09-05 12:00:00+09:00,9620.0,9670.0,9450.0,9650.0,66579,0.0,0.0
2023-09-05 13:00:00+09:00,9670.0,9950.0,9580.0,9790.0,155676,0.0,0.0
2023-09-05 14:00:00+09:00,9830.0,9920.0,9670.0,9890.0,104374,0.0,0.0
2023-09-06 09:00:00+09:00,9960.0,10340.0,9710.0,10030.0,343297,0.0,0.0
2023-09-06 10:00:00+09:00,10040.0,10450.0,9990.0,10100.0,126246,0.0,0.0
2023-09-06 11:00:00+09:00,10100.0,10830.0,10090.0,10260.0,301985,0.0,0.0
2023-09-06 12:00:00+09:00,10260.0,10400.0,10070.0,10150.0,81029,0.0,0.0
2023-09-06 13:00:00+09:00,10150.0,10240.0,10060.0,10240.0,49096,0.0,0.0
2023-09-06 14:00:00+09:00,10240.0,10540.0,10160.0,10250.0,145351,0.0,0.0
2023-09-07 09:00:00+09:00,10000.0,10990.0,9520.0,10980.0,1287667,0.0,0.0
2023-09-07 10:00:00+09:00,10990.0,11180.0,10620.0,10930.0,645974,0.0,0.0
2023-09-07 11:00:00+09:00,10890.0,12330.0,10890.0,11560.0,1365580,0.0,0.0
2023-09-07 12:00:00+09:00,11620.0,11720.0,11100.0,11170.0,368395,0.0,0.0
2023-09-07 13:00:00+09:00,11180.0,11490.0,10600.0,10850.0,336384,0.0,0.0
2023-09-07 14:00:00+09:00,10810.0,11190.0,10580.0,10790.0,234945,0.0,0.0
2023-09-08 09:00:00+09:00,10880.0,11750.0,10410.0,10780.0,757751,0.0,0.0
2023-09-08 10:00:00+09:00,10780.0,10800.0,10230.0,10630.0,211064,0.0,0.0
2023-09-08 11:00:00+09:00,10630.0,10640.0,10250.0,10350.0,171284,0.0,0.0
2023-09-08 12:00:00+09:00,10350.0,10430.0,10250.0,10280.0,58554,0.0,0.0
2023-09-08 13:00:00+09:00,10280.0,10400.0,10010.0,10300.0,129215,0.0,0.0
2023-09-08 14:00:00+09:00,10300.0,10360.0,10100.0,10130.0,67780,0.0,0.0
2023-09-11 09:00:00+09:00,10690.0,11770.0,10470.0,11630.0,0,0.0,0.0
2023-09-11 10:00:00+09:00,11640.0,12360.0,11320.0,11890.0,1124838,0.0,0.0
2023-09-11 11:00:00+09:00,11890.0,12740.0,11540.0,12510.0,714313,0.0,0.0
2023-09-11 12:00:00+09:00,12510.0,12610.0,11920.0,12070.0,406993,0.0,0.0
2023-09-11 13:00:00+09:00,12060.0,12070.0,11480.0,11480.0,271206,0.0,0.0
2023-09-11 14:00:00+09:00,11490.0,11890.0,11130.0,11560.0,504480,0.0,0.0
2023-09-12 09:00:00+09:00,11660.0,11900.0,11050.0,11290.0,363744,0.0,0.0
2023-09-12 10:00:00+09:00,11280.0,11600.0,11100.0,11360.0,72132,0.0,0.0
2023-09-12 11:00:00+09:00,11360.0,11440.0,11160.0,11250.0,43089,0.0,0.0
2023-09-12 12:00:00+09:00,11240.0,11250.0,10980.0,11150.0,97432,0.0,0.0
2023-09-12 13:00:00+09:00,11160.0,11180.0,10580.0,10620.0,101383,0.0,0.0
2023-09-12 14:00:00+09:00,10620.0,10770.0,10300.0,10400.0,155160,0.0,0.0
2023-09-13 09:00:00+09:00,10140.0,10340.0,9750.0,9870.0,214554,0.0,0.0
2023-09-13 10:00:00+09:00,9870.0,9870.0,9520.0,9540.0,163202,0.0,0.0
2023-09-13 11:00:00+09:00,9590.0,9720.0,9510.0,9610.0,42029,0.0,0.0
2023-09-13 12:00:00+09:00,9610.0,9720.0,9540.0,9680.0,18266,0.0,0.0
2023-09-13 13:00:00+09:00,9680.0,9890.0,9620.0,9860.0,38047,0.0,0.0
2023-09-13 14:00:00+09:00,9880.0,9950.0,9420.0,9510.0,112624,0.0,0.0
2023-09-14 09:00:00+09:00,9660.0,9700.0,9100.0,9690.0,159878,0.0,0.0
2023-09-14 10:00:00+09:00,9690.0,9690.0,9330.0,9610.0,73149,0.0,0.0
2023-09-14 11:00:00+09:00,9610.0,9670.0,9460.0,9620.0,31073,0.0,0.0
2023-09-14 12:00:00+09:00,9620.0,9750.0,9580.0,9600.0,48672,0.0,0.0
2023-09-14 13:00:00+09:00,9590.0,9730.0,9530.0,9680.0,24785,0.0,0.0
2023-09-14 14:00:00+09:00,9670.0,9940.0,9670.0,9750.0,85494,0.0,0.0
2023-09-15 09:00:00+09:00,9700.0,9780.0,9200.0,9250.0,142942,0.0,0.0
2023-09-15 10:00:00+09:00,9240.0,9400.0,9150.0,9300.0,60479,0.0,0.0
2023-09-15 11:00:00+09:00,9280.0,9430.0,9270.0,9310.0,31651,0.0,0.0
2023-09-15 12:00:00+09:00,9310.0,9370.0,9290.0,9320.0,21427,0.0,0.0
2023-09-15 13:00:00+09:00,9320.0,9420.0,9300.0,9300.0,18741,0.0,0.0
2023-09-15 14:00:00+09:00,9300.0,9360.0,9200.0,9210.0,46008,0.0,0.0
2023-09-18 09:00:00+09:00,9170.0,9250.0,8750.0,8770.0,0,0.0,0.0
2023-09-18 10:00:00+09:00,8780.0,8850.0,8700.0,8770.0,69356,0.0,0.0
2023-09-18 11:00:00+09:00,8770.0,8890.0,8720.0,8740.0,27456,0.0,0.0
2023-09-18 12:00:00+09:00,8750.0,8850.0,8680.0,8800.0,21734,0.0,0.0
2023-09-18 13:00:00+09:00,8800.0,8820.0,8600.0,8650.0,66223,0.0,0.0
2023-09-18 14:00:00+09:00,8630.0,8700.0,8520.0,8560.0,61068,0.0,0.0
2023-09-19 09:00:00+09:00,8610.0,8770.0,8310.0,8530.0,105883,0.0,0.0
2023-09-19 10:00:00+09:00,8530.0,8550.0,8350.0,8470.0,29354,0.0,0.0
2023-09-19 11:00:00+09:00,8470.0,8490.0,8260.0,8330.0,29656,0.0,0.0
2023-09-19 12:00:00+09:00,8340.0,8410.0,8300.0,8300.0,14854,0.0,0.0
2023-09-19 13:00:00+09:00,8340.0,8350.0,8250.0,8300.0,32022,0.0,0.0
2023-09-19 14:00:00+09:00,8300.0,8400.0,8260.0,8350.0,21017,0.0,0.0
2023-09-20 09:00:00+09:00,8520.0,8650.0,7950.0,8120.0,137470,0.0,0.0
2023-09-20 10:00:00+09:00,8080.0,8490.0,8020.0,8440.0,71826,0.0,0.0
2023-09-20 11:00:00+09:00,8440.0,8490.0,8320.0,8370.0,26309,0.0,0.0
2023-09-20 12:00:00+09:00,8370.0,8500.0,8330.0,8340.0,17112,0.0,0.0
2023-09-20 13:00:00+09:00,8340.0,8370.0,8270.0,8340.0,15663,0.0,0.0
2023-09-20 14:00:00+09:00,8330.0,8390.0,8300.0,8370.0,13724,0.0,0.0
2023-09-21 09:00:00+09:00,8230.0,8310.0,7850.0,7850.0,89094,0.0,0.0
2023-09-21 10:00:00+09:00,7860.0,8000.0,7710.0,7960.0,47245,0.0,0.0
2023-09-21 11:00:00+09:00,7960.0,7980.0,7840.0,7860.0,19264,0.0,0.0
2023-09-21 12:00:00+09:00,7860.0,7890.0,7810.0,7840.0,16609,0.0,0.0
2023-09-21 13:00:00+09:00,7840.0,7920.0,7800.0,7890.0,19875,0.0,0.0
2023-09-21 14:00:00+09:00,7880.0,7880.0,7810.0,7840.0,11570,0.0,0.0
2023-09-22 09:00:00+09:00,7600.0,7980.0,7560.0,7770.0,75213,0.0,0.0
2023-09-22 10:00:00+09:00,7770.0,7870.0,7690.0,7870.0,18450,0.0,0.0
2023-09-22 11:00:00+09:00,7860.0,8090.0,7860.0,8040.0,33173,0.0,0.0
2023-09-22 12:00:00+09:00,8030.0,8130.0,8010.0,8110.0,36180,0.0,0.0
2023-09-22 13:00:00+09:00,8100.0,8130.0,7880.0,8050.0,55635,0.0,0.0
2023-09-22 14:00:00+09:00,8050.0,8220.0,7720.0,7900.0,114344,0.0,0.0
2023-09-25 09:00:00+09:00,8050.0,8120.0,7540.0,7600.0,0,0.0,0.0
2023-09-25 10:00:00+09:00,7600.0,7640.0,7440.0,7470.0,55849,0.0,0.0
2023-09-25 11:00:00+09:00,7480.0,7660.0,7480.0,7540.0,20798,0.0,0.0
2023-09-25 12:00:00+09:00,7540.0,7550.0,7470.0,7490.0,13803,0.0,0.0
2023-09-25 13:00:00+09:00,7490.0,7610.0,7450.0,7570.0,19917,0.0,0.0
2023-09-25 14:00:00+09:00,7570.0,7640.0,7480.0,7490.0,23700,0.0,0.0
2023-09-26 09:00:00+09:00,7610.0,7810.0,7500.0,7680.0,40784,0.0,0.0
2023-09-26 10:00:00+09:00,7680.0,7720.0,7400.0,7490.0,26559,0.0,0.0
2023-09-26 11:00:00+09:00,7490.0,7500.0,7380.0,7430.0,12488,0.0,0.0
2023-09-26 12:00:00+09:00,7430.0,7540.0,7400.0,7520.0,7000,0.0,0.0
2023-09-26 13:00:00+09:00,7530.0,7530.0,7350.0,7350.0,13733,0.0,0.0
2023-09-26 14:00:00+09:00,7360.0,7600.0,7350.0,7590.0,16570,0.0,0.0
2023-09-27 09:00:00+09:00,7340.0,7660.0,7310.0,7620.0,33089,0.0,0.0
2023-09-27 10:00:00+09:00,7630.0,7710.0,7210.0,7530.0,45317,0.0,0.0
2023-09-27 11:00:00+09:00,7530.0,7700.0,7500.0,7560.0,12074,0.0,0.0
2023-09-27 12:00:00+09:00,7540.0,7670.0,7500.0,7640.0,11080,0.0,0.0
2023-09-27 13:00:00+09:00,7640.0,7740.0,7640.0,7670.0,20991,0.0,0.0
2023-09-27 14:00:00+09:00,7690.0,7770.0,7690.0,7770.0,15144,0.0,0.0
2023-10-04 09:00:00+09:00,7760.0,7880.0,7310.0,7330.0,0,0.0,0.0
2023-10-04 10:00:00+09:00,7330.0,7330.0,7030.0,7190.0,41513,0.0,0.0
2023-10-04 11:00:00+09:00,7190.0,7220.0,7070.0,7100.0,18707,0.0,0.0
2023-10-04 12:00:00+09:00,7110.0,7120.0,7020.0,7070.0,18224,0.0,0.0
2023-10-04 13:00:00+09:00,7060.0,7110.0,7040.0,7100.0,18267,0.0,0.0
2023-10-04 14:00:00+09:00,7090.0,7090.0,6980.0,7010.0,28217,0.0,0.0
2023-10-05 09:00:00+09:00,7190.0,7190.0,6690.0,6860.0,105751,0.0,0.0
2023-10-05 10:00:00+09:00,6850.0,7040.0,6770.0,6930.0,19115,0.0,0.0
2023-10-05 11:00:00+09:00,6930.0,6940.0,6700.0,6810.0,20818,0.0,0.0
2023-10-05 12:00:00+09:00,6820.0,6940.0,6810.0,6830.0,9387,0.0,0.0
2023-10-05 13:00:00+09:00,6830.0,6880.0,6810.0,6820.0,4723,0.0,0.0
2023-10-05 14:00:00+09:00,6810.0,6840.0,6700.0,6760.0,23979,0.0,0.0
2023-10-06 09:00:00+09:00,6860.0,7100.0,6840.0,7080.0,39944,0.0,0.0
2023-10-06 10:00:00+09:00,7080.0,7130.0,7040.0,7110.0,22024,0.0,0.0
2023-10-06 11:00:00+09:00,7090.0,7100.0,7010.0,7050.0,8002,0.0,0.0
2023-10-06 12:00:00+09:00,7030.0,7140.0,7020.0,7120.0,6978,0.0,0.0
2023-10-06 13:00:00+09:00,7120.0,7160.0,7070.0,7100.0,9326,0.0,0.0
2023-10-06 14:00:00+09:00,7100.0,7110.0,7000.0,7030.0,8341,0.0,0.0
2023-10-10 09:00:00+09:00,7010.0,7010.0,6720.0,6880.0,0,0.0,0.0
2023-10-10 10:00:00+09:00,6860.0,6940.0,6840.0,6880.0,8361,0.0,0.0
2023-10-10 11:00:00+09:00,6880.0,6910.0,6790.0,6820.0,13939,0.0,0.0
2023-10-10 12:00:00+09:00,6820.0,6840.0,6710.0,6760.0,17593,0.0,0.0
2023-10-10 13:00:00+09:00,6760.0,6780.0,6660.0,6750.0,51920,0.0,0.0
2023-10-10 14:00:00+09:00,6720.0,6830.0,6660.0,6710.0,14831,0.0,0.0
2023-10-11 09:00:00+09:00,6900.0,7100.0,6820.0,7100.0,34529,0.0,0.0
2023-10-11 10:00:00+09:00,7100.0,7100.0,7010.0,7040.0,14253,0.0,0.0
2023-10-11 11:00:00+09:00,7050.0,7090.0,7010.0,7090.0,8588,0.0,0.0
2023-10-11 12:00:00+09:00,7070.0,7120.0,7050.0,7100.0,10624,0.0,0.0
2023-10-11 13:00:00+09:00,7100.0,7160.0,7040.0,7060.0,12126,0.0,0.0
2023-10-11 14:00:00+09:00,7040.0,7100.0,6890.0,6930.0,26607,0.0,0.0
2023-10-12 09:00:00+09:00,7020.0,7310.0,7020.0,7280.0,55345,0.0,0.0
2023-10-12 10:00:00+09:00,7260.0,7260.0,7130.0,7180.0,33136,0.0,0.0
2023-10-12 11:00:00+09:00,7170.0,7170.0,7100.0,7120.0,12781,0.0,0.0
2023-10-12 12:00:00+09:00,7120.0,7160.0,7100.0,7150.0,9851,0.0,0.0
2023-10-12 13:00:00+09:00,7150.0,7170.0,7130.0,7160.0,5049,0.0,0.0
2023-10-12 14:00:00+09:00,7160.0,7330.0,7150.0,7300.0,37325,0.0,0.0
2023-10-13 09:00:00+09:00,7280.0,7280.0,6790.0,6820.0,73963,0.0,0.0
2023-10-13 10:00:00+09:00,6820.0,7000.0,6820.0,6850.0,24115,0.0,0.0
2023-10-13 11:00:00+09:00,6850.0,6920.0,6810.0,6860.0,22455,0.0,0.0
2023-10-13 12:00:00+09:00,6860.0,6880.0,6740.0,6810.0,20156,0.0,0.0
2023-10-13 13:00:00+09:00,6800.0,6860.0,6730.0,6740.0,20685,0.0,0.0
2023-10-13 14:00:00+09:00,6750.0,6840.0,6720.0,6830.0,6321,0.0,0.0
2023-10-16 09:00:00+09:00,6610.0,6690.0,6350.0,6410.0,0,0.0,0.0
2023-10-16 10:00:00+09:00,6410.0,6440.0,6390.0,6410.0,13827,0.0,0.0
2023-10-16 11:00:00+09:00,6410.0,6410.0,6320.0,6350.0,24682,0.0,0.0
2023-10-16 12:00:00+09:00,6340.0,6460.0,6320.0,6370.0,15796,0.0,0.0
2023-10-16 13:00:00+09:00,6370.0,6430.0,6300.0,6360.0,6317,0.0,0.0
2023-10-16 14:00:00+09:00,6360.0,6390.0,6310.0,6380.0,12049,0.0,0.0
2023-10-17 09:00:00+09:00,6680.0,6680.0,6470.0,6490.0,12767,0.0,0.0
2023-10-17 10:00:00+09:00,6530.0,6630.0,6510.0,6600.0,7805,0.0,0.0
2023-10-17 11:00:00+09:00,6590.0,6600.0,6520.0,6550.0,7179,0.0,0.0
2023-10-17 12:00:00+09:00,6540.0,6560.0,6470.0,6470.0,10810,0.0,0.0
2023-10-17 13:00:00+09:00,6520.0,6590.0,6490.0,6520.0,4470,0.0,0.0
2023-10-17 14:00:00+09:00,6510.0,6530.0,6470.0,6470.0,7041,0.0,0.0
2023-10-18 09:00:00+09:00,6460.0,6630.0,6350.0,6350.0,25079,0.0,0.0
2023-10-18 10:00:00+09:00,6350.0,6410.0,6320.0,6340.0,14218,0.0,0.0
2023-10-18 11:00:00+09:00,6340.0,6410.0,6330.0,6370.0,9550,0.0,0.0
2023-10-18 12:00:00+09:00,6360.0,6400.0,6310.0,6320.0,11896,0.0,0.0
2023-10-18 13:00:00+09:00,6320.0,6400.0,6300.0,6320.0,8185,0.0,0.0
2023-10-18 14:00:00+09:00,6320.0,6350.0,6250.0,6350.0,16245,0.0,0.0
2023-10-19 09:00:00+09:00,6130.0,6200.0,6000.0,6190.0,47337,0.0,0.0
2023-10-19 10:00:00+09:00,6170.0,6170.0,6050.0,6070.0,19906,0.0,0.0
2023-10-19 11:00:00+09:00,6090.0,6090.0,6000.0,6010.0,0,0.0,0.0
2023-10-19 12:00:00+09:00,6000.0,6050.0,5890.0,5970.0,103177,0.0,0.0
2023-10-19 13:00:00+09:00,6000.0,6050.0,5920.0,6050.0,24164,0.0,0.0
2023-10-19 14:00:00+09:00,6050.0,6740.0,5860.0,6000.0,217407,0.0,0.0
2023-10-20 09:00:00+09:00,5800.0,5940.0,5510.0,5520.0,83777,0.0,0.0
2023-10-20 10:00:00+09:00,5530.0,5560.0,5360.0,5450.0,74046,0.0,0.0
2023-10-20 11:00:00+09:00,5440.0,5540.0,5360.0,5540.0,34008,0.0,0.0
2023-10-20 12:00:00+09:00,5540.0,5620.0,5430.0,5600.0,32628,0.0,0.0
2023-10-20 13:00:00+09:00,5610.0,5800.0,5610.0,5710.0,28970,0.0,0.0
2023-10-20 14:00:00+09:00,5710.0,5710.0,5540.0,5580.0,23179,0.0,0.0
2023-10-23 09:00:00+09:00,5680.0,5730.0,5500.0,5560.0,0,0.0,0.0
2023-10-23 10:00:00+09:00,5570.0,5630.0,5440.0,5580.0,21032,0.0,0.0
2023-10-23 11:00:00+09:00,5580.0,5580.0,5350.0,5350.0,20383,0.0,0.0
2023-10-23 12:00:00+09:00,5360.0,5520.0,5360.0,5450.0,11815,0.0,0.0
2023-10-23 13:00:00+09:00,5470.0,5480.0,5350.0,5430.0,12083,0.0,0.0
2023-10-23 14:00:00+09:00,5430.0,5580.0,5430.0,5580.0,24990,0.0,0.0
2023-10-24 09:00:00+09:00,5590.0,5680.0,5340.0,5340.0,32411,0.0,0.0
2023-10-24 10:00:00+09:00,5350.0,5420.0,5230.0,5310.0,53386,0.0,0.0
2023-10-24 11:00:00+09:00,5300.0,5510.0,5300.0,5470.0,13103,0.0,0.0
2023-10-24 12:00:00+09:00,5450.0,5540.0,5410.0,5520.0,4739,0.0,0.0
2023-10-24 13:00:00+09:00,5520.0,5610.0,5490.0,5590.0,0,0.0,0.0
2023-10-24 14:00:00+09:00,5580.0,5660.0,5570.0,5620.0,126444,0.0,0.0
2023-10-25 09:00:00+09:00,5630.0,5780.0,5390.0,5420.0,26990,0.0,0.0
2023-10-25 10:00:00+09:00,5440.0,5600.0,5360.0,5450.0,29516,0.0,0.0
2023-10-25 11:00:00+09:00,5480.0,5550.0,5400.0,5440.0,11626,0.0,0.0
2023-10-25 12:00:00+09:00,5430.0,5450.0,5390.0,5420.0,8168,0.0,0.0
2023-10-25 13:00:00+09:00,5410.0,5430.0,5390.0,5410.0,13468,0.0,0.0
2023-10-25 14:00:00+09:00,5430.0,5440.0,5380.0,5390.0,9072,0.0,0.0
2023-10-26 09:00:00+09:00,5340.0,5340.0,5040.0,5070.0,32228,0.0,0.0
2023-10-26 10:00:00+09:00,5100.0,5250.0,5100.0,5150.0,18329,0.0,0.0
2023-10-26 11:00:00+09:00,5150.0,5180.0,5080.0,5080.0,8858,0.0,0.0
2023-10-26 12:00:00+09:00,5080.0,5130.0,5050.0,5100.0,11867,0.0,0.0
2023-10-26 13:00:00+09:00,5090.0,5110.0,5040.0,5040.0,16016,0.0,0.0
2023-10-26 14:00:00+09:00,5080.0,5150.0,5040.0,5140.0,9688,0.0,0.0
2023-10-27 09:00:00+09:00,5080.0,5180.0,4975.0,5050.0,17836,0.0,0.0
2023-10-27 10:00:00+09:00,5030.0,5180.0,5020.0,5180.0,10916,0.0,0.0
2023-10-27 11:00:00+09:00,5150.0,5190.0,5110.0,5170.0,6964,0.0,0.0
2023-10-27 12:00:00+09:00,5150.0,5160.0,5040.0,5070.0,7517,0.0,0.0
2023-10-27 13:00:00+09:00,5050.0,5160.0,5020.0,5140.0,5238,0.0,0.0
2023-10-27 14:00:00+09:00,5100.0,5140.0,5070.0,5130.0,2433,0.0,0.0
2023-10-30 09:00:00+09:00,5100.0,5230.0,4870.0,5170.0,0,0.0,0.0
2023-10-30 10:00:00+09:00,5170.0,5240.0,5100.0,5210.0,11962,0.0,0.0
2023-10-30 11:00:00+09:00,5210.0,5240.0,5180.0,5220.0,8465,0.0,0.0
2023-10-30 12:00:00+09:00,5210.0,5260.0,5170.0,5220.0,10532,0.0,0.0
2023-10-30 13:00:00+09:00,5240.0,5300.0,5150.0,5280.0,16851,0.0,0.0
2023-10-30 14:00:00+09:00,5280.0,5300.0,5230.0,5250.0,6226,0.0,0.0
2023-10-31 09:00:00+09:00,5300.0,5330.0,5070.0,5080.0,24399,0.0,0.0
2023-10-31 10:00:00+09:00,5090.0,5160.0,5050.0,5100.0,10460,0.0,0.0
2023-10-31 11:00:00+09:00,5100.0,5100.0,5020.0,5060.0,4899,0.0,0.0
2023-10-31 12:00:00+09:00,5060.0,5060.0,4940.0,4955.0,22250,0.0,0.0
2023-10-31 13:00:00+09:00,4960.0,5030.0,4960.0,4975.0,2127,0.0,0.0
2023-10-31 14:00:00+09:00,4970.0,5040.0,4905.0,5040.0,16958,0.0,0.0
2023-11-01 09:00:00+09:00,5030.0,5190.0,5030.0,5100.0,29258,0.0,0.0
2023-11-01 10:00:00+09:00,5080.0,5130.0,5030.0,5030.0,6611,0.0,0.0
2023-11-01 11:00:00+09:00,5070.0,5090.0,5030.0,5050.0,1320,0.0,0.0
2023-11-01 12:00:00+09:00,5050.0,5180.0,5050.0,5140.0,12048,0.0,0.0
2023-11-01 13:00:00+09:00,5140.0,5140.0,5060.0,5060.0,4758,0.0,0.0
2023-11-01 14:00:00+09:00,5060.0,5100.0,5030.0,5030.0,5484,0.0,0.0
2023-11-02 09:00:00+09:00,5270.0,5340.0,5160.0,5340.0,41987,0.0,0.0
2023-11-02 10:00:00+09:00,5330.0,5370.0,5300.0,5330.0,13539,0.0,0.0
2023-11-02 11:00:00+09:00,5330.0,5380.0,5290.0,5300.0,14501,0.0,0.0
2023-11-02 12:00:00+09:00,5320.0,5360.0,5270.0,5340.0,8551,0.0,0.0
2023-11-02 13:00:00+09:00,5330.0,5370.0,5330.0,5350.0,4780,0.0,0.0
2023-11-02 14:00:00+09:00,5350.0,5370.0,5280.0,5360.0,10372,0.0,0.0
2023-11-03 09:00:00+09:00,5460.0,5460.0,5310.0,5390.0,31914,0.0,0.0
2023-11-03 10:00:00+09:00,5390.0,5530.0,5380.0,5490.0,18939,0.0,0.0
2023-11-03 11:00:00+09:00,5490.0,5600.0,5480.0,5500.0,13784,0.0,0.0
2023-11-03 12:00:00+09:00,5500.0,5530.0,5470.0,5490.0,8445,0.0,0.0
2023-11-03 13:00:00+09:00,5490.0,5510.0,5440.0,5440.0,10142,0.0,0.0
2023-11-03 14:00:00+09:00,5460.0,5580.0,5460.0,5570.0,8002,0.0,0.0
2023-11-06 09:00:00+09:00,5780.0,5780.0,5410.0,5660.0,0,0.0,0.0
2023-11-06 10:00:00+09:00,5670.0,5760.0,5660.0,5740.0,21421,0.0,0.0
2023-11-06 11:00:00+09:00,5750.0,5760.0,5680.0,5710.0,19814,0.0,0.0
2023-11-06 12:00:00+09:00,5710.0,5840.0,5680.0,5780.0,33504,0.0,0.0
2023-11-06 13:00:00+09:00,5770.0,5780.0,5740.0,5780.0,9952,0.0,0.0
2023-11-06 14:00:00+09:00,5780.0,5810.0,5710.0,5780.0,32618,0.0,0.0
2023-11-07 09:00:00+09:00,5890.0,5890.0,5610.0,5660.0,43205,0.0,0.0
2023-11-07 10:00:00+09:00,5670.0,5710.0,5600.0,5640.0,15755,0.0,0.0
2023-11-07 11:00:00+09:00,5650.0,5660.0,5540.0,5540.0,29653,0.0,0.0
2023-11-07 12:00:00+09:00,5540.0,5540.0,5450.0,5530.0,16044,0.0,0.0
2023-11-07 13:00:00+09:00,5530.0,5530.0,5460.0,5530.0,7776,0.0,0.0
2023-11-07 14:00:00+09:00,5530.0,5560.0,5500.0,5540.0,7855,0.0,0.0
2023-11-08 09:00:00+09:00,5650.0,5650.0,5530.0,5550.0,18090,0.0,0.0
2023-11-08 10:00:00+09:00,5550.0,5610.0,5460.0,5490.0,9607,0.0,0.0
2023-11-08 11:00:00+09:00,5500.0,5510.0,5440.0,5440.0,7330,0.0,0.0
2023-11-08 12:00:00+09:00,5450.0,5510.0,5440.0,5440.0,1959,0.0,0.0
2023-11-08 13:00:00+09:00,5480.0,5570.0,5420.0,5550.0,16315,0.0,0.0
2023-11-08 14:00:00+09:00,5560.0,5570.0,5450.0,5490.0,7339,0.0,0.0
2023-11-09 09:00:00+09:00,5540.0,5560.0,5290.0,5300.0,47448,0.0,0.0
2023-11-09 10:00:00+09:00,5310.0,5420.0,5300.0,5380.0,8753,0.0,0.0
2023-11-09 11:00:00+09:00,5370.0,5420.0,5320.0,5400.0,4384,0.0,0.0
2023-11-09 12:00:00+09:00,5400.0,5400.0,5280.0,5300.0,5489,0.0,0.0
2023-11-09 13:00:00+09:00,5300.0,5300.0,5180.0,5230.0,21178,0.0,0.0
2023-11-09 14:00:00+09:00,5230.0,5260.0,5200.0,5260.0,8113,0.0,0.0
2023-11-10 09:00:00+09:00,5190.0,5320.0,5090.0,5170.0,28069,0.0,0.0
2023-11-10 10:00:00+09:00,5190.0,5240.0,5090.0,5130.0,12551,0.0,0.0
2023-11-10 11:00:00+09:00,5130.0,5170.0,5100.0,5170.0,5743,0.0,0.0
2023-11-10 12:00:00+09:00,5150.0,5150.0,5080.0,5080.0,12639,0.0,0.0
2023-11-10 13:00:00+09:00,5090.0,5120.0,5000.0,5020.0,21045,0.0,0.0
2023-11-10 14:00:00+09:00,5040.0,5060.0,4980.0,4995.0,15144,0.0,0.0
2023-11-13 09:00:00+09:00,5170.0,5170.0,5020.0,5080.0,0,0.0,0.0
2023-11-13 10:00:00+09:00,5080.0,5100.0,4905.0,4995.0,13611,0.0,0.0
2023-11-13 11:00:00+09:00,4995.0,4995.0,4850.0,4910.0,12242,0.0,0.0
2023-11-13 12:00:00+09:00,4900.0,4935.0,4870.0,4930.0,5845,0.0,0.0
2023-11-13 13:00:00+09:00,4910.0,4980.0,4895.0,4895.0,4594,0.0,0.0
2023-11-13 14:00:00+09:00,4890.0,4965.0,4885.0,4965.0,7826,0.0,0.0
2023-11-14 09:00:00+09:00,4920.0,5080.0,4920.0,5000.0,14917,0.0,0.0
2023-11-14 10:00:00+09:00,5000.0,5110.0,4960.0,5060.0,11853,0.0,0.0
2023-11-14 11:00:00+09:00,5060.0,5080.0,5000.0,5040.0,2303,0.0,0.0
2023-11-14 12:00:00+09:00,5030.0,5120.0,5000.0,5120.0,8928,0.0,0.0
2023-11-14 13:00:00+09:00,5120.0,5120.0,5020.0,5080.0,11271,0.0,0.0
2023-11-14 14:00:00+09:00,5090.0,5090.0,5010.0,5060.0,5113,0.0,0.0
2023-11-15 09:00:00+09:00,5140.0,5340.0,5050.0,5300.0,61721,0.0,0.0
2023-11-15 10:00:00+09:00,5300.0,5350.0,5240.0,5280.0,16066,0.0,0.0
2023-11-15 11:00:00+09:00,5280.0,5350.0,5250.0,5250.0,11563,0.0,0.0
2023-11-15 12:00:00+09:00,5300.0,5360.0,5300.0,5360.0,10539,0.0,0.0
2023-11-15 13:00:00+09:00,5360.0,5360.0,5280.0,5340.0,10806,0.0,0.0
2023-11-15 14:00:00+09:00,5330.0,5340.0,5280.0,5280.0,5272,0.0,0.0
2023-11-16 10:00:00+09:00,5370.0,5490.0,5220.0,5260.0,23015,0.0,0.0
2023-11-16 11:00:00+09:00,5260.0,5320.0,5220.0,5310.0,2556,0.0,0.0
2023-11-16 12:00:00+09:00,5300.0,5320.0,5270.0,5270.0,3265,0.0,0.0
2023-11-16 13:00:00+09:00,5270.0,5270.0,5180.0,5220.0,13375,0.0,0.0
2023-11-16 14:00:00+09:00,5230.0,5270.0,5200.0,5200.0,12727,0.0,0.0
2023-11-17 09:00:00+09:00,5240.0,5240.0,4945.0,4995.0,58636,0.0,0.0
2023-11-17 10:00:00+09:00,4990.0,4995.0,4920.0,4935.0,28154,0.0,0.0
2023-11-17 11:00:00+09:00,4935.0,4975.0,4925.0,4970.0,7944,0.0,0.0
2023-11-17 12:00:00+09:00,4965.0,4970.0,4925.0,4960.0,22802,0.0,0.0
2023-11-17 13:00:00+09:00,4960.0,4975.0,4940.0,4975.0,6060,0.0,0.0
2023-11-17 14:00:00+09:00,4965.0,4975.0,4935.0,4960.0,12769,0.0,0.0
2023-11-20 09:00:00+09:00,4960.0,5090.0,4920.0,5040.0,0,0.0,0.0
2023-11-20 10:00:00+09:00,5050.0,5080.0,5040.0,5060.0,9637,0.0,0.0
2023-11-20 11:00:00+09:00,5060.0,5120.0,5050.0,5120.0,17584,0.0,0.0
2023-11-20 12:00:00+09:00,5120.0,5120.0,5050.0,5100.0,5580,0.0,0.0
2023-11-20 13:00:00+09:00,5090.0,5110.0,5080.0,5080.0,6813,0.0,0.0
2023-11-20 14:00:00+09:00,5080.0,5080.0,5030.0,5060.0,9603,0.0,0.0
2023-11-21 09:00:00+09:00,5150.0,5150.0,4990.0,5080.0,14834,0.0,0.0
2023-11-21 10:00:00+09:00,5070.0,5110.0,5040.0,5100.0,12594,0.0,0.0
2023-11-21 11:00:00+09:00,5100.0,5200.0,5070.0,5180.0,13899,0.0,0.0
2023-11-21 12:00:00+09:00,5160.0,5190.0,5150.0,5170.0,6579,0.0,0.0
2023-11-21 13:00:00+09:00,5170.0,5190.0,5140.0,5190.0,7197,0.0,0.0
2023-11-21 14:00:00+09:00,5160.0,5190.0,5120.0,5120.0,8093,0.0,0.0
2023-11-22 09:00:00+09:00,5190.0,5190.0,5010.0,5060.0,17361,0.0,0.0
2023-11-22 10:00:00+09:00,5070.0,5080.0,5030.0,5070.0,10654,0.0,0.0
2023-11-22 11:00:00+09:00,5070.0,5070.0,5010.0,5020.0,6584,0.0,0.0
2023-11-22 12:00:00+09:00,5020.0,5040.0,4995.0,5000.0,11427,0.0,0.0
2023-11-22 13:00:00+09:00,5010.0,5050.0,5000.0,5030.0,2703,0.0,0.0
2023-11-22 14:00:00+09:00,5030.0,5040.0,5010.0,5040.0,8030,0.0,0.0
2023-11-23 09:00:00+09:00,5080.0,5180.0,5010.0,5120.0,37047,0.0,0.0
2023-11-23 10:00:00+09:00,5120.0,5130.0,5050.0,5070.0,8812,0.0,0.0
2023-11-23 11:00:00+09:00,5100.0,5130.0,5070.0,5110.0,4803,0.0,0.0
2023-11-23 12:00:00+09:00,5110.0,5110.0,5050.0,5070.0,10435,0.0,0.0
2023-11-23 13:00:00+09:00,5090.0,5100.0,5060.0,5080.0,3996,0.0,0.0
2023-11-23 14:00:00+09:00,5070.0,5070.0,5010.0,5010.0,9841,0.0,0.0
2023-11-24 09:00:00+09:00,5040.0,5220.0,5040.0,5190.0,38622,0.0,0.0
2023-11-24 10:00:00+09:00,5200.0,5280.0,5130.0,5230.0,21498,0.0,0.0
2023-11-24 11:00:00+09:00,5230.0,5230.0,5130.0,5180.0,12604,0.0,0.0
2023-11-24 12:00:00+09:00,5180.0,5180.0,5130.0,5140.0,6440,0.0,0.0
2023-11-24 13:00:00+09:00,5140.0,5150.0,5120.0,5150.0,5098,0.0,0.0
2023-11-24 14:00:00+09:00,5150.0,5160.0,5130.0,5160.0,3548,0.0,0.0
2023-11-27 09:00:00+09:00,5220.0,5220.0,4960.0,4960.0,0,0.0,0.0
2023-11-27 10:00:00+09:00,4960.0,5020.0,4960.0,5010.0,10433,0.0,0.0
2023-11-27 11:00:00+09:00,5010.0,5010.0,4980.0,4985.0,17091,0.0,0.0
2023-11-27 12:00:00+09:00,4985.0,4985.0,4920.0,4950.0,36581,0.0,0.0
2023-11-27 13:00:00+09:00,4950.0,4990.0,4920.0,4930.0,7702,0.0,0.0
2023-11-27 14:00:00+09:00,4930.0,4950.0,4920.0,4930.0,7028,0.0,0.0
2023-11-28 09:00:00+09:00,4950.0,5110.0,4800.0,4980.0,50635,0.0,0.0
2023-11-28 10:00:00+09:00,4970.0,4975.0,4905.0,4970.0,12652,0.0,0.0
2023-11-28 11:00:00+09:00,4975.0,4975.0,4890.0,4890.0,17757,0.0,0.0
2023-11-28 12:00:00+09:00,4890.0,4950.0,4860.0,4915.0,16719,0.0,0.0
2023-11-28 13:00:00+09:00,4915.0,5030.0,4900.0,5010.0,23478,0.0,0.0
2023-11-28 14:00:00+09:00,5000.0,5140.0,4980.0,5110.0,28010,0.0,0.0
2023-11-29 09:00:00+09:00,5100.0,5180.0,5010.0,5080.0,23020,0.0,0.0
2023-11-29 10:00:00+09:00,5060.0,5450.0,5060.0,5370.0,101546,0.0,0.0
2023-11-29 11:00:00+09:00,5380.0,5380.0,5260.0,5350.0,31500,0.0,0.0
2023-11-29 12:00:00+09:00,5350.0,5450.0,5310.0,5390.0,43400,0.0,0.0
2023-11-29 13:00:00+09:00,5380.0,5400.0,5330.0,5360.0,18920,0.0,0.0
2023-11-29 14:00:00+09:00,5360.0,5380.0,5150.0,5160.0,45978,0.0,0.0
2023-11-30 09:00:00+09:00,5340.0,5530.0,5250.0,5290.0,52356,0.0,0.0
2023-11-30 10:00:00+09:00,5280.0,5310.0,5180.0,5310.0,42705,0.0,0.0
2023-11-30 11:00:00+09:00,5270.0,5310.0,5200.0,5230.0,23376,0.0,0.0
2023-11-30 12:00:00+09:00,5230.0,5260.0,5220.0,5240.0,5394,0.0,0.0
2023-11-30 13:00:00+09:00,5240.0,5320.0,5220.0,5300.0,12177,0.0,0.0
2023-11-30 14:00:00+09:00,5300.0,5470.0,5280.0,5430.0,51911,0.0,0.0
2023-12-01 09:00:00+09:00,5430.0,5430.0,5180.0,5210.0,56086,0.0,0.0
2023-12-01 10:00:00+09:00,5210.0,5240.0,5190.0,5220.0,16801,0.0,0.0
2023-12-01 11:00:00+09:00,5200.0,5220.0,5130.0,5210.0,23474,0.0,0.0
2023-12-01 12:00:00+09:00,5180.0,5220.0,5170.0,5180.0,10614,0.0,0.0
2023-12-01 13:00:00+09:00,5180.0,5190.0,5160.0,5160.0,12046,0.0,0.0
2023-12-01 14:00:00+09:00,5160.0,5200.0,5150.0,5150.0,11556,0.0,0.0
2023-12-04 09:00:00+09:00,5100.0,5100.0,4870.0,4890.0,0,0.0,0.0
2023-12-04 10:00:00+09:00,4885.0,4885.0,4790.0,4820.0,59931,0.0,0.0
2023-12-04 11:00:00+09:00,4830.0,4840.0,4820.0,4830.0,8163,0.0,0.0
2023-12-04 12:00:00+09:00,4830.0,4875.0,4830.0,4840.0,5280,0.0,0.0
2023-12-04 13:00:00+09:00,4835.0,4850.0,4820.0,4845.0,14959,0.0,0.0
2023-12-04 14:00:00+09:00,4835.0,4840.0,4780.0,4785.0,40232,0.0,0.0
2023-12-05 09:00:00+09:00,4885.0,4935.0,4765.0,4765.0,43599,0.0,0.0
2023-12-05 10:00:00+09:00,4770.0,4850.0,4745.0,4775.0,27071,0.0,0.0
2023-12-05 11:00:00+09:00,4780.0,4795.0,4755.0,4790.0,14219,0.0,0.0
2023-12-05 12:00:00+09:00,4775.0,4790.0,4740.0,4740.0,10169,0.0,0.0
2023-12-05 13:00:00+09:00,4740.0,4755.0,4665.0,4670.0,23042,0.0,0.0
2023-12-05 14:00:00+09:00,4690.0,4700.0,4500.0,4530.0,20846,0.0,0.0
2023-12-06 09:00:00+09:00,4540.0,4620.0,4415.0,4440.0,35268,0.0,0.0
2023-12-06 10:00:00+09:00,4460.0,4585.0,4435.0,4575.0,27069,0.0,0.0
2023-12-06 11:00:00+09:00,4575.0,4650.0,4565.0,4650.0,11921,0.0,0.0
2023-12-06 12:00:00+09:00,4640.0,4720.0,4635.0,4710.0,15108,0.0,0.0
2023-12-06 13:00:00+09:00,4715.0,4725.0,4670.0,4705.0,4825,0.0,0.0
2023-12-06 14:00:00+09:00,4705.0,4810.0,4680.0,4795.0,17766,0.0,0.0
2023-12-07 09:00:00+09:00,4825.0,4825.0,4660.0,4720.0,6748,0.0,0.0
2023-12-07 10:00:00+09:00,4720.0,4725.0,4580.0,4620.0,22655,0.0,0.0
2023-12-07 11:00:00+09:00,4620.0,4650.0,4615.0,4645.0,1957,0.0,0.0
2023-12-07 12:00:00+09:00,4645.0,4655.0,4630.0,4650.0,1812,0.0,0.0
2023-12-07 13:00:00+09:00,4630.0,4645.0,4600.0,4615.0,6295,0.0,0.0
2023-12-07 14:00:00+09:00,4615.0,4655.0,4570.0,4655.0,9361,0.0,0.0
2023-12-08 09:00:00+09:00,4725.0,4740.0,4555.0,4715.0,13069,0.0,0.0
2023-12-08 10:00:00+09:00,4715.0,4720.0,4620.0,4620.0,0,0.0,0.0
2023-12-08 11:00:00+09:00,4630.0,4640.0,4565.0,4630.0,25220,0.0,0.0
2023-12-08 12:00:00+09:00,4610.0,4630.0,4580.0,4590.0,4557,0.0,0.0
2023-12-08 13:00:00+09:00,4620.0,4650.0,4590.0,4645.0,3416,0.0,0.0
2023-12-08 14:00:00+09:00,4645.0,4730.0,4635.0,4725.0,10793,0.0,0.0
2023-12-11 09:00:00+09:00,4795.0,4900.0,4790.0,4850.0,0,0.0,0.0
2023-12-11 10:00:00+09:00,4845.0,4855.0,4815.0,4825.0,10860,0.0,0.0
2023-12-11 11:00:00+09:00,4820.0,4820.0,4770.0,4795.0,9084,0.0,0.0
2023-12-11 12:00:00+09:00,4795.0,4805.0,4765.0,4805.0,7154,0.0,0.0
2023-12-11 13:00:00+09:00,4800.0,4840.0,4775.0,4815.0,10760,0.0,0.0
2023-12-11 14:00:00+09:00,4815.0,4820.0,4795.0,4795.0,1145,0.0,0.0
2023-12-12 09:00:00+09:00,4865.0,4865.0,4695.0,4700.0,26925,0.0,0.0
2023-12-12 10:00:00+09:00,4700.0,4745.0,4700.0,4735.0,6677,0.0,0.0
2023-12-12 11:00:00+09:00,4735.0,4735.0,4710.0,4730.0,5202,0.0,0.0
2023-12-12 12:00:00+09:00,4730.0,4730.0,4715.0,4730.0,5722,0.0,0.0
2023-12-12 13:00:00+09:00,4730.0,4740.0,4710.0,4740.0,6115,0.0,0.0
2023-12-12 14:00:00+09:00,4730.0,4740.0,4715.0,4720.0,2885,0.0,0.0
2023-12-13 09:00:00+09:00,4730.0,4750.0,4600.0,4620.0,11107,0.0,0.0
2023-12-13 10:00:00+09:00,4620.0,4650.0,4600.0,4600.0,7404,0.0,0.0
2023-12-13 11:00:00+09:00,4615.0,4635.0,4595.0,4610.0,5426,0.0,0.0
2023-12-13 12:00:00+09:00,4610.0,4630.0,4585.0,4600.0,13942,0.0,0.0
2023-12-13 13:00:00+09:00,4625.0,4625.0,4585.0,4600.0,4458,0.0,0.0
2023-12-13 14:00:00+09:00,4610.0,4625.0,4590.0,4595.0,4884,0.0,0.0
2023-12-14 09:00:00+09:00,4575.0,4695.0,4565.0,4595.0,12066,0.0,0.0
2023-12-14 10:00:00+09:00,4595.0,4605.0,4540.0,4575.0,13666,0.0,0.0
2023-12-14 11:00:00+09:00,4575.0,4575.0,4510.0,4565.0,13254,0.0,0.0
2023-12-14 12:00:00+09:00,4540.0,4570.0,4535.0,4545.0,3039,0.0,0.0
2023-12-14 13:00:00+09:00,4545.0,4600.0,4545.0,4575.0,3242,0.0,0.0
2023-12-14 14:00:00+09:00,4575.0,4590.0,4545.0,4580.0,1948,0.0,0.0
2023-12-15 09:00:00+09:00,4615.0,4650.0,4520.0,4640.0,20938,0.0,0.0
2023-12-15 10:00:00+09:00,4640.0,4735.0,4630.0,4720.0,30168,0.0,0.0
2023-12-15 11:00:00+09:00,4715.0,4740.0,4665.0,4675.0,5731,0.0,0.0
2023-12-15 12:00:00+09:00,4675.0,4690.0,4625.0,4655.0,8012,0.0,0.0
2023-12-15 13:00:00+09:00,4655.0,4655.0,4615.0,4625.0,4573,0.0,0.0
2023-12-15 14:00:00+09:00,4645.0,4655.0,4625.0,4655.0,3840,0.0,0.0
2023-12-18 09:00:00+09:00,4615.0,4710.0,4590.0,4685.0,0,0.0,0.0
2023-12-18 10:00:00+09:00,4685.0,4685.0,4640.0,4650.0,5622,0.0,0.0
2023-12-18 11:00:00+09:00,4645.0,4665.0,4630.0,4630.0,7821,0.0,0.0
2023-12-18 12:00:00+09:00,4625.0,4665.0,4600.0,4655.0,5385,0.0,0.0
2023-12-18 13:00:00+09:00,4655.0,4685.0,4635.0,4685.0,7079,0.0,0.0
2023-12-18 14:00:00+09:00,4650.0,4690.0,4650.0,4685.0,2797,0.0,0.0
2023-12-19 09:00:00+09:00,4685.0,4695.0,4585.0,4620.0,18817,0.0,0.0
2023-12-19 10:00:00+09:00,4620.0,4690.0,4620.0,4690.0,3897,0.0,0.0
2023-12-19 11:00:00+09:00,4690.0,4690.0,4660.0,4665.0,1971,0.0,0.0
2023-12-19 12:00:00+09:00,4660.0,4680.0,4640.0,4645.0,4641,0.0,0.0
2023-12-19 13:00:00+09:00,4645.0,4665.0,4615.0,4660.0,5499,0.0,0.0
2023-12-19 14:00:00+09:00,4660.0,4660.0,4635.0,4635.0,2293,0.0,0.0
2023-12-20 09:00:00+09:00,4635.0,5090.0,4605.0,5020.0,154118,0.0,0.0
2023-12-20 10:00:00+09:00,5020.0,5360.0,4785.0,4850.0,338236,0.0,0.0
2023-12-20 11:00:00+09:00,4850.0,4890.0,4800.0,4825.0,19007,0.0,0.0
2023-12-20 12:00:00+09:00,4825.0,4880.0,4790.0,4820.0,22146,0.0,0.0
2023-12-20 13:00:00+09:00,4815.0,4815.0,4750.0,4785.0,17723,0.0,0.0
2023-12-20 14:00:00+09:00,4785.0,4835.0,4760.0,4795.0,14688,0.0,0.0
2023-12-21 09:00:00+09:00,4780.0,4890.0,4685.0,4865.0,26952,0.0,0.0
2023-12-21 10:00:00+09:00,4855.0,4910.0,4855.0,4870.0,25827,0.0,0.0
2023-12-21 11:00:00+09:00,4870.0,4900.0,4860.0,4890.0,7928,0.0,0.0
2023-12-21 12:00:00+09:00,4890.0,4920.0,4870.0,4900.0,10589,0.0,0.0
2023-12-21 13:00:00+09:00,4895.0,4950.0,4870.0,4920.0,21092,0.0,0.0
2023-12-21 14:00:00+09:00,4920.0,4920.0,4870.0,4885.0,6451,0.0,0.0
2023-12-22 09:00:00+09:00,4885.0,4885.0,4775.0,4850.0,32163,0.0,0.0
2023-12-22 10:00:00+09:00,4850.0,4850.0,4795.0,4805.0,7854,0.0,0.0
2023-12-22 11:00:00+09:00,4820.0,4830.0,4780.0,4825.0,11848,0.0,0.0
2023-12-22 12:00:00+09:00,4825.0,4855.0,4805.0,4825.0,5725,0.0,0.0
2023-12-22 13:00:00+09:00,4825.0,4845.0,4820.0,4840.0,4826,0.0,0.0
2023-12-22 14:00:00+09:00,4835.0,4835.0,4815.0,4830.0,7759,0.0,0.0
2023-12-26 09:00:00+09:00,4760.0,4845.0,4605.0,4710.0,0,0.0,0.0
2023-12-26 10:00:00+09:00,4725.0,4725.0,4640.0,4660.0,8765,0.0,0.0
2023-12-26 11:00:00+09:00,4680.0,4750.0,4625.0,4705.0,7263,0.0,0.0
2023-12-26 12:00:00+09:00,4705.0,4740.0,4675.0,4700.0,4004,0.0,0.0
2023-12-26 13:00:00+09:00,4695.0,4720.0,4685.0,4685.0,2746,0.0,0.0
2023-12-26 14:00:00+09:00,4685.0,4715.0,4675.0,4680.0,11169,0.0,0.0
2023-12-27 09:00:00+09:00,4660.0,4800.0,4660.0,4780.0,12171,0.0,0.0
2023-12-27 10:00:00+09:00,4770.0,4785.0,4750.0,4765.0,6689,0.0,0.0
2023-12-27 11:00:00+09:00,4765.0,4780.0,4715.0,4725.0,7303,0.0,0.0
2023-12-27 12:00:00+09:00,4725.0,4735.0,4705.0,4725.0,2345,0.0,0.0
2023-12-27 13:00:00+09:00,4715.0,4725.0,4685.0,4710.0,4403,0.0,0.0
2023-12-27 14:00:00+09:00,4710.0,4715.0,4695.0,4715.0,4709,0.0,0.0
2023-12-28 09:00:00+09:00,4680.0,4745.0,4620.0,4720.0,8581,0.0,0.0
2023-12-28 10:00:00+09:00,4720.0,4735.0,4700.0,4710.0,5604,0.0,0.0
2023-12-28 11:00:00+09:00,4710.0,4730.0,4705.0,4720.0,3273,0.0,0.0
2023-12-28 12:00:00+09:00,4715.0,4735.0,4710.0,4710.0,7094,0.0,0.0
2023-12-28 13:00:00+09:00,4720.0,4720.0,4700.0,4700.0,1273,0.0,0.0
2023-12-28 14:00:00+09:00,4700.0,4730.0,4700.0,4715.0,8379,0.0,0.0
2024-01-02 10:00:00+09:00,4800.0,4920.0,4700.0,4805.0,37470,0.0,0.0
2024-01-02 11:00:00+09:00,4800.0,4820.0,4770.0,4800.0,11152,0.0,0.0
2024-01-02 12:00:00+09:00,4830.0,4900.0,4825.0,4900.0,10209,0.0,0.0
2024-01-02 13:00:00+09:00,4890.0,4895.0,4830.0,4860.0,10846,0.0,0.0
2024-01-02 14:00:00+09:00,4860.0,4860.0,4835.0,4840.0,9554,0.0,0.0
2024-01-03 09:00:00+09:00,4870.0,4870.0,4580.0,4810.0,29573,0.0,0.0
2024-01-03 10:00:00+09:00,4810.0,4825.0,4755.0,4795.0,7662,0.0,0.0
2024-01-03 11:00:00+09:00,4815.0,4830.0,4795.0,4820.0,8659,0.0,0.0
2024-01-03 12:00:00+09:00,4820.0,4880.0,4820.0,4820.0,5392,0.0,0.0
2024-01-03 13:00:00+09:00,4825.0,4855.0,4805.0,4855.0,8572,0.0,0.0
2024-01-03 14:00:00+09:00,4855.0,4870.0,4820.0,4840.0,6194,0.0,0.0
2024-01-04 09:00:00+09:00,4865.0,4880.0,4600.0,4850.0,28562,0.0,0.0
2024-01-04 10:00:00+09:00,4850.0,4870.0,4755.0,4760.0,5182,0.0,0.0
2024-01-04 11:00:00+09:00,4765.0,4765.0,4715.0,4725.0,10860,0.0,0.0
2024-01-04 12:00:00+09:00,4725.0,4765.0,4725.0,4740.0,4893,0.0,0.0
2024-01-04 13:00:00+09:00,4740.0,4770.0,4735.0,4770.0,1960,0.0,0.0
2024-01-04 14:00:00+09:00,4770.0,4770.0,4720.0,4725.0,6947,0.0,0.0
2024-01-05 09:00:00+09:00,4740.0,4810.0,4710.0,4780.0,5618,0.0,0.0
2024-01-05 10:00:00+09:00,4780.0,4840.0,4775.0,4840.0,2317,0.0,0.0
2024-01-05 11:00:00+09:00,4840.0,4900.0,4825.0,4880.0,11497,0.0,0.0
2024-01-05 12:00:00+09:00,4890.0,4915.0,4855.0,4910.0,16219,0.0,0.0
2024-01-05 13:00:00+09:00,4910.0,5000.0,4910.0,4950.0,29293,0.0,0.0
2024-01-05 14:00:00+09:00,4950.0,5170.0,4930.0,5150.0,51259,0.0,0.0
2024-01-08 09:00:00+09:00,5130.0,5140.0,5000.0,5100.0,0,0.0,0.0
2024-01-08 10:00:00+09:00,5100.0,5120.0,5080.0,5110.0,8665,0.0,0.0
2024-01-08 11:00:00+09:00,5120.0,5160.0,5110.0,5150.0,16121,0.0,0.0
2024-01-08 12:00:00+09:00,5150.0,5190.0,5110.0,5190.0,17207,0.0,0.0
2024-01-08 13:00:00+09:00,5200.0,5210.0,5140.0,5140.0,13959,0.0,0.0
2024-01-08 14:00:00+09:00,5140.0,5160.0,5040.0,5150.0,36301,0.0,0.0
2024-01-09 09:00:00+09:00,5180.0,5180.0,5100.0,5110.0,20524,0.0,0.0
2024-01-09 10:00:00+09:00,5110.0,5240.0,5110.0,5230.0,19122,0.0,0.0
2024-01-09 11:00:00+09:00,5240.0,5270.0,5170.0,5180.0,34449,0.0,0.0
2024-01-09 12:00:00+09:00,5180.0,5210.0,5150.0,5180.0,7955,0.0,0.0
2024-01-09 13:00:00+09:00,5190.0,5190.0,5140.0,5150.0,4986,0.0,0.0
2024-01-09 14:00:00+09:00,5150.0,5170.0,5120.0,5160.0,11219,0.0,0.0
2024-01-10 09:00:00+09:00,5220.0,5250.0,5120.0,5120.0,15658,0.0,0.0
2024-01-10 10:00:00+09:00,5120.0,5180.0,5090.0,5160.0,10460,0.0,0.0
2024-01-10 11:00:00+09:00,5170.0,5200.0,5140.0,5190.0,8390,0.0,0.0
2024-01-10 12:00:00+09:00,5190.0,5240.0,5150.0,5150.0,7948,0.0,0.0
2024-01-10 13:00:00+09:00,5150.0,5210.0,5150.0,5190.0,6938,0.0,0.0
2024-01-10 14:00:00+09:00,5190.0,5380.0,5160.0,5310.0,56790,0.0,0.0
2024-01-11 09:00:00+09:00,5380.0,5420.0,5250.0,5280.0,51848,0.0,0.0
2024-01-11 10:00:00+09:00,5290.0,5310.0,5230.0,5290.0,27542,0.0,0.0
2024-01-11 11:00:00+09:00,5290.0,5300.0,5240.0,5260.0,5856,0.0,0.0
2024-01-11 12:00:00+09:00,5260.0,5310.0,5250.0,5250.0,8893,0.0,0.0
2024-01-11 13:00:00+09:00,5260.0,5280.0,5210.0,5220.0,14022,0.0,0.0
2024-01-11 14:00:00+09:00,5230.0,5260.0,5210.0,5250.0,8407,0.0,0.0
2024-01-12 09:00:00+09:00,5200.0,5500.0,5160.0,5280.0,91107,0.0,0.0
2024-01-12 10:00:00+09:00,5270.0,5280.0,5180.0,5250.0,32562,0.0,0.0
2024-01-12 11:00:00+09:00,5270.0,5290.0,5180.0,5270.0,13178,0.0,0.0
2024-01-12 12:00:00+09:00,5250.0,5360.0,5250.0,5360.0,12437,0.0,0.0
2024-01-12 13:00:00+09:00,5370.0,5450.0,5200.0,5240.0,61022,0.0,0.0
2024-01-12 14:00:00+09:00,5240.0,5290.0,5160.0,5170.0,15804,0.0,0.0
2024-01-15 09:00:00+09:00,5200.0,5280.0,5100.0,5190.0,0,0.0,0.0
2024-01-15 10:00:00+09:00,5190.0,5200.0,5050.0,5070.0,21401,0.0,0.0
2024-01-15 11:00:00+09:00,5070.0,5130.0,5050.0,5130.0,6611,0.0,0.0
2024-01-15 12:00:00+09:00,5120.0,5130.0,5040.0,5090.0,11881,0.0,0.0
2024-01-15 13:00:00+09:00,5090.0,5090.0,5050.0,5090.0,2893,0.0,0.0
2024-01-15 14:00:00+09:00,5090.0,5090.0,5050.0,5050.0,4273,0.0,0.0
2024-01-16 09:00:00+09:00,5090.0,5210.0,5050.0,5090.0,25930,0.0,0.0
2024-01-16 10:00:00+09:00,5090.0,5100.0,5010.0,5090.0,8828,0.0,0.0
2024-01-16 11:00:00+09:00,5100.0,5160.0,5100.0,5100.0,4009,0.0,0.0
2024-01-16 12:00:00+09:00,5110.0,5200.0,5090.0,5190.0,10642,0.0,0.0
2024-01-16 13:00:00+09:00,5200.0,5970.0,5130.0,5600.0,702073,0.0,0.0
2024-01-16 14:00:00+09:00,5590.0,6240.0,5410.0,5600.0,1202916,0.0,0.0
2024-01-17 09:00:00+09:00,5920.0,5920.0,5560.0,5680.0,298385,0.0,0.0
2024-01-17 10:00:00+09:00,5670.0,5670.0,5570.0,5620.0,58706,0.0,0.0
2024-01-17 11:00:00+09:00,5620.0,5780.0,5560.0,5630.0,83793,0.0,0.0
2024-01-17 12:00:00+09:00,5630.0,5790.0,5590.0,5740.0,85999,0.0,0.0
2024-01-17 13:00:00+09:00,5740.0,5850.0,5680.0,5820.0,86419,0.0,0.0
2024-01-17 14:00:00+09:00,5820.0,5870.0,5730.0,5740.0,109674,0.0,0.0
2024-01-18 09:00:00+09:00,5700.0,5890.0,5600.0,5730.0,109710,0.0,0.0
2024-01-18 10:00:00+09:00,5740.0,5900.0,5680.0,5840.0,74649,0.0,0.0
2024-01-18 11:00:00+09:00,5830.0,5970.0,5800.0,5830.0,116527,0.0,0.0
2024-01-18 12:00:00+09:00,5830.0,6120.0,5810.0,5990.0,386274,0.0,0.0
2024-01-18 13:00:00+09:00,5980.0,6030.0,5780.0,5840.0,123072,0.0,0.0
2024-01-18 14:00:00+09:00,5840.0,5930.0,5810.0,5900.0,49226,0.0,0.0
2024-01-19 09:00:00+09:00,6050.0,6100.0,5910.0,5960.0,152069,0.0,0.0
2024-01-19 10:00:00+09:00,5970.0,5980.0,5860.0,5870.0,48915,0.0,0.0
2024-01-19 11:00:00+09:00,5870.0,5910.0,5860.0,5900.0,20686,0.0,0.0
2024-01-19 12:00:00+09:00,5900.0,6110.0,5900.0,6080.0,94705,0.0,0.0
2024-01-19 13:00:00+09:00,6070.0,6250.0,6050.0,6200.0,203456,0.0,0.0
2024-01-19 14:00:00+09:00,6200.0,6290.0,6120.0,6220.0,152842,0.0,0.0
2024-01-22 09:00:00+09:00,6220.0,6270.0,5920.0,5980.0,0,0.0,0.0
2024-01-22 10:00:00+09:00,5990.0,6050.0,5850.0,5940.0,60793,0.0,0.0
2024-01-22 11:00:00+09:00,5940.0,5940.0,5880.0,5940.0,25568,0.0,0.0
2024-01-22 12:00:00+09:00,5920.0,5960.0,5860.0,5890.0,29674,0.0,0.0
2024-01-22 13:00:00+09:00,5880.0,5960.0,5870.0,5940.0,19969,0.0,0.0
2024-01-22 14:00:00+09:00,5930.0,6040.0,5920.0,6030.0,31170,0.0,0.0
2024-01-23 09:00:00+09:00,5970.0,5980.0,5650.0,5800.0,135560,0.0,0.0
2024-01-23 10:00:00+09:00,5790.0,5830.0,5720.0,5770.0,32516,0.0,0.0
2024-01-23 11:00:00+09:00,5740.0,5780.0,5690.0,5740.0,33807,0.0,0.0
2024-01-23 12:00:00+09:00,5730.0,5740.0,5710.0,5720.0,10906,0.0,0.0
2024-01-23 13:00:00+09:00,5720.0,5740.0,5640.0,5710.0,42860,0.0,0.0
2024-01-23 14:00:00+09:00,5710.0,5750.0,5650.0,5650.0,24289,0.0,0.0
2024-01-24 09:00:00+09:00,5710.0,5810.0,5410.0,5500.0,96675,0.0,0.0
2024-01-24 10:00:00+09:00,5470.0,5570.0,5450.0,5530.0,34103,0.0,0.0
2024-01-24 11:00:00+09:00,5530.0,5650.0,5520.0,5560.0,17766,0.0,0.0
2024-01-24 12:00:00+09:00,5550.0,5570.0,5510.0,5550.0,6665,0.0,0.0
2024-01-24 13:00:00+09:00,5550.0,5550.0,5510.0,5520.0,8920,0.0,0.0
2024-01-24 14:00:00+09:00,5520.0,5630.0,5520.0,5600.0,13613,0.0,0.0
2024-01-25 09:00:00+09:00,5550.0,5590.0,5370.0,5400.0,80278,0.0,0.0
2024-01-25 10:00:00+09:00,5390.0,5450.0,5370.0,5390.0,37525,0.0,0.0
2024-01-25 11:00:00+09:00,5390.0,5490.0,5390.0,5440.0,17984,0.0,0.0
2024-01-25 12:00:00+09:00,5440.0,5500.0,5420.0,5480.0,10130,0.0,0.0
2024-01-25 13:00:00+09:00,5480.0,5540.0,5470.0,5520.0,13772,0.0,0.0
2024-01-25 14:00:00+09:00,5530.0,5540.0,5460.0,5480.0,11591,0.0,0.0
2024-01-26 09:00:00+09:00,5840.0,6250.0,5620.0,5630.0,0,0.0,0.0
2024-01-26 10:00:00+09:00,5630.0,5760.0,5630.0,5740.0,244105,0.0,0.0
2024-01-26 11:00:00+09:00,5740.0,5910.0,5730.0,5810.0,58695,0.0,0.0
2024-01-26 12:00:00+09:00,5790.0,5890.0,5790.0,5810.0,21064,0.0,0.0
2024-01-26 13:00:00+09:00,5810.0,5840.0,5700.0,5700.0,29418,0.0,0.0
2024-01-26 14:00:00+09:00,5700.0,5800.0,5690.0,5730.0,24925,0.0,0.0
2024-01-29 09:00:00+09:00,5690.0,5720.0,5370.0,5380.0,0,0.0,0.0
2024-01-29 10:00:00+09:00,5380.0,5490.0,5370.0,5490.0,32307,0.0,0.0
2024-01-29 11:00:00+09:00,5490.0,5490.0,5400.0,5420.0,0,0.0,0.0
2024-01-29 12:00:00+09:00,5420.0,5460.0,5400.0,5450.0,136336,0.0,0.0
2024-01-29 13:00:00+09:00,5450.0,5450.0,5350.0,5380.0,30313,0.0,0.0
2024-01-29 14:00:00+09:00,5370.0,5380.0,5320.0,5380.0,26540,0.0,0.0
2024-01-30 09:00:00+09:00,5410.0,5510.0,5320.0,5320.0,31799,0.0,0.0
2024-01-30 10:00:00+09:00,5310.0,5340.0,5250.0,5290.0,22460,0.0,0.0
2024-01-30 11:00:00+09:00,5280.0,5310.0,5210.0,5240.0,22578,0.0,0.0
2024-01-30 12:00:00+09:00,5240.0,5280.0,5210.0,5250.0,3608,0.0,0.0
2024-01-30 13:00:00+09:00,5250.0,5270.0,5200.0,5230.0,19671,0.0,0.0
2024-01-30 14:00:00+09:00,5230.0,5340.0,5230.0,5310.0,4023,0.0,0.0
2024-01-31 09:00:00+09:00,5260.0,5350.0,5200.0,5280.0,12267,0.0,0.0
2024-01-31 10:00:00+09:00,5240.0,5250.0,5160.0,5170.0,9191,0.0,0.0
2024-01-31 11:00:00+09:00,5170.0,5180.0,5120.0,5120.0,6895,0.0,0.0
2024-01-31 12:00:00+09:00,5160.0,5240.0,5120.0,5140.0,7483,0.0,0.0
2024-01-31 13:00:00+09:00,5140.0,5150.0,5060.0,5130.0,0,0.0,0.0
2024-01-31 14:00:00+09:00,5120.0,5160.0,5090.0,5100.0,56892,0.0,0.0
2024-02-01 09:00:00+09:00,5060.0,5150.0,5000.0,5080.0,17003,0.0,0.0
2024-02-01 10:00:00+09:00,5080.0,5080.0,4980.0,5050.0,26332,0.0,0.0
2024-02-01 11:00:00+09:00,5030.0,5060.0,5000.0,5050.0,6482,0.0,0.0
2024-02-01 12:00:00+09:00,5060.0,5140.0,5060.0,5100.0,8693,0.0,0.0
2024-02-01 13:00:00+09:00,5130.0,5130.0,5010.0,5080.0,13513,0.0,0.0
2024-02-01 14:00:00+09:00,5070.0,5100.0,5050.0,5060.0,9035,0.0,0.0
2024-02-02 09:00:00+09:00,5080.0,5350.0,5080.0,5330.0,30679,0.0,0.0
2024-02-02 10:00:00+09:00,5330.0,5390.0,5280.0,5310.0,13606,0.0,0.0
2024-02-02 11:00:00+09:00,5310.0,5310.0,5270.0,5270.0,6987,0.0,0.0
2024-02-02 12:00:00+09:00,5300.0,5350.0,5270.0,5300.0,3757,0.0,0.0
2024-02-02 13:00:00+09:00,5300.0,5300.0,5200.0,5210.0,9547,0.0,0.0
2024-02-02 14:00:00+09:00,5240.0,5240.0,5170.0,5170.0,7029,0.0,0.0
2024-02-05 09:00:00+09:00,5340.0,5340.0,5120.0,5150.0,0,0.0,0.0
2024-02-05 10:00:00+09:00,5150.0,5200.0,5080.0,5160.0,16839,0.0,0.0
2024-02-05 11:00:00+09:00,5130.0,5160.0,5070.0,5120.0,8436,0.0,0.0
2024-02-05 12:00:00+09:00,5100.0,5120.0,5080.0,5100.0,4335,0.0,0.0
2024-02-05 13:00:00+09:00,5100.0,5130.0,5070.0,5070.0,16408,0.0,0.0
2024-02-05 14:00:00+09:00,5080.0,5100.0,5020.0,5030.0,18463,0.0,0.0
2024-02-06 09:00:00+09:00,5030.0,5120.0,4880.0,4880.0,30616,0.0,0.0
2024-02-06 10:00:00+09:00,4880.0,5010.0,4875.0,4955.0,6465,0.0,0.0
2024-02-06 11:00:00+09:00,4955.0,5010.0,4950.0,4980.0,2256,0.0,0.0
2024-02-06 12:00:00+09:00,4985.0,5070.0,4985.0,5000.0,2064,0.0,0.0
2024-02-06 13:00:00+09:00,5020.0,5080.0,5000.0,5080.0,2268,0.0,0.0
2024-02-06 14:00:00+09:00,5060.0,5290.0,5060.0,5200.0,60798,0.0,0.0
2024-02-07 09:00:00+09:00,5170.0,5220.0,5060.0,5100.0,15663,0.0,0.0
2024-02-07 10:00:00+09:00,5090.0,5170.0,5090.0,5140.0,7404,0.0,0.0
2024-02-07 11:00:00+09:00,5140.0,5170.0,5080.0,5110.0,12646,0.0,0.0
2024-02-07 12:00:00+09:00,5110.0,5120.0,5090.0,5120.0,2987,0.0,0.0
2024-02-07 13:00:00+09:00,5100.0,5150.0,5080.0,5110.0,4383,0.0,0.0
2024-02-07 14:00:00+09:00,5110.0,5140.0,5080.0,5110.0,6473,0.0,0.0
2024-02-08 09:00:00+09:00,5240.0,5330.0,5180.0,5270.0,27153,0.0,0.0
2024-02-08 10:00:00+09:00,5260.0,5270.0,5200.0,5230.0,7752,0.0,0.0
2024-02-08 11:00:00+09:00,5220.0,5240.0,5180.0,5190.0,19930,0.0,0.0
2024-02-08 12:00:00+09:00,5210.0,5220.0,5180.0,5200.0,4259,0.0,0.0
2024-02-08 13:00:00+09:00,5190.0,5200.0,5130.0,5130.0,7289,0.0,0.0
2024-02-08 14:00:00+09:00,5130.0,5180.0,5130.0,5140.0,3578,0.0,0.0
2024-02-13 09:00:00+09:00,5340.0,5450.0,5240.0,5410.0,6609,0.0,0.0
2024-02-13 10:00:00+09:00,5420.0,5490.0,5390.0,5480.0,27495,0.0,0.0
2024-02-13 11:00:00+09:00,5480.0,5480.0,5400.0,5440.0,16800,0.0,0.0
2024-02-13 12:00:00+09:00,5460.0,5460.0,5330.0,5440.0,11976,0.0,0.0
2024-02-13 13:00:00+09:00,5430.0,5440.0,5380.0,5400.0,6374,0.0,0.0
2024-02-13 14:00:00+09:00,5400.0,5410.0,5290.0,5370.0,19407,0.0,0.0
2024-02-14 09:00:00+09:00,5200.0,5580.0,5200.0,5500.0,67562,0.0,0.0
2024-02-14 10:00:00+09:00,5500.0,5560.0,5440.0,5520.0,13946,0.0,0.0
2024-02-14 11:00:00+09:00,5520.0,5550.0,5470.0,5470.0,14095,0.0,0.0
2024-02-14 12:00:00+09:00,5470.0,5530.0,5470.0,5520.0,3790,0.0,0.0
2024-02-14 13:00:00+09:00,5530.0,5560.0,5510.0,5530.0,13429,0.0,0.0
2024-02-14 14:00:00+09:00,5550.0,5600.0,5540.0,5580.0,18953,0.0,0.0
2024-02-15 09:00:00+09:00,5810.0,5810.0,5500.0,5560.0,48574,0.0,0.0
2024-02-15 10:00:00+09:00,5550.0,5570.0,5490.0,5490.0,33700,0.0,0.0
2024-02-15 11:00:00+09:00,5500.0,5580.0,5490.0,5570.0,9857,0.0,0.0
2024-02-15 12:00:00+09:00,5570.0,5590.0,5520.0,5560.0,7067,0.0,0.0
2024-02-15 13:00:00+09:00,5550.0,5630.0,5500.0,5580.0,7342,0.0,0.0
2024-02-15 14:00:00+09:00,5590.0,5590.0,5500.0,5510.0,9501,0.0,0.0
2024-02-16 09:00:00+09:00,5700.0,5700.0,5450.0,5510.0,0,0.0,0.0
2024-02-16 10:00:00+09:00,5490.0,5530.0,5460.0,5520.0,40956,0.0,0.0
2024-02-16 11:00:00+09:00,5510.0,5550.0,5500.0,5510.0,10788,0.0,0.0
2024-02-16 12:00:00+09:00,5500.0,5540.0,5460.0,5480.0,16385,0.0,0.0
2024-02-16 13:00:00+09:00,5470.0,5600.0,5460.0,5570.0,9844,0.0,0.0
2024-02-16 14:00:00+09:00,5530.0,5590.0,5510.0,5570.0,4760,0.0,0.0
2024-02-19 09:00:00+09:00,5500.0,5540.0,5460.0,5480.0,0,0.0,0.0
2024-02-19 10:00:00+09:00,5500.0,5510.0,5380.0,5390.0,29662,0.0,0.0
2024-02-19 11:00:00+09:00,5390.0,5410.0,5360.0,5400.0,8623,0.0,0.0
2024-02-19 12:00:00+09:00,5400.0,5410.0,5360.0,5400.0,3851,0.0,0.0
2024-02-19 13:00:00+09:00,5400.0,5410.0,5380.0,5410.0,2420,0.0,0.0
2024-02-19 14:00:00+09:00,5410.0,5420.0,5400.0,5400.0,6317,0.0,0.0
2024-02-20 09:00:00+09:00,5440.0,5570.0,5410.0,5500.0,17145,0.0,0.0
2024-02-20 10:00:00+09:00,5500.0,5580.0,5470.0,5550.0,20117,0.0,0.0
2024-02-20 11:00:00+09:00,5520.0,5520.0,5460.0,5500.0,8827,0.0,0.0
2024-02-20 12:00:00+09:00,5510.0,5550.0,5500.0,5500.0,6308,0.0,0.0
2024-02-20 13:00:00+09:00,5520.0,5520.0,5420.0,5420.0,25552,0.0,0.0
2024-02-20 14:00:00+09:00,5430.0,5470.0,5230.0,5420.0,108157,0.0,0.0
2024-02-21 09:00:00+09:00,5400.0,5480.0,5350.0,5470.0,16126,0.0,0.0
2024-02-21 10:00:00+09:00,5470.0,5530.0,5430.0,5490.0,15649,0.0,0.0
2024-02-21 11:00:00+09:00,5490.0,5510.0,5430.0,5440.0,6121,0.0,0.0
2024-02-21 12:00:00+09:00,5440.0,5440.0,5390.0,5420.0,2013,0.0,0.0
2024-02-21 13:00:00+09:00,5420.0,5470.0,5400.0,5430.0,6030,0.0,0.0
2024-02-21 14:00:00+09:00,5430.0,5460.0,5380.0,5420.0,6874,0.0,0.0
2024-02-22 09:00:00+09:00,5480.0,5500.0,5360.0,5410.0,11287,0.0,0.0
2024-02-22 10:00:00+09:00,5410.0,5470.0,5330.0,5470.0,25713,0.0,0.0
2024-02-22 11:00:00+09:00,5460.0,5490.0,5420.0,5470.0,6074,0.0,0.0
2024-02-22 12:00:00+09:00,5470.0,5570.0,5410.0,5410.0,21377,0.0,0.0
2024-02-22 13:00:00+09:00,5420.0,5440.0,5370.0,5420.0,11124,0.0,0.0
2024-02-22 14:00:00+09:00,5420.0,5430.0,5360.0,5360.0,7251,0.0,0.0
2024-02-23 09:00:00+09:00,5450.0,5500.0,5270.0,5310.0,22728,0.0,0.0
2024-02-23 10:00:00+09:00,5310.0,5350.0,5280.0,5350.0,5360,0.0,0.0
2024-02-23 11:00:00+09:00,5320.0,5380.0,5300.0,5360.0,5456,0.0,0.0
2024-02-23 12:00:00+09:00,5360.0,5390.0,5310.0,5380.0,2198,0.0,0.0
2024-02-23 13:00:00+09:00,5360.0,5400.0,5320.0,5350.0,1814,0.0,0.0
2024-02-23 14:00:00+09:00,5340.0,5350.0,5290.0,5290.0,4951,0.0,0.0
2024-02-26 09:00:00+09:00,5240.0,5410.0,5240.0,5380.0,0,0.0,0.0
2024-02-26 10:00:00+09:00,5380.0,5380.0,5270.0,5300.0,11387,0.0,0.0
2024-02-26 11:00:00+09:00,5300.0,5340.0,5260.0,5330.0,3108,0.0,0.0
2024-02-26 12:00:00+09:00,5330.0,5360.0,5310.0,5340.0,5563,0.0,0.0
2024-02-26 13:00:00+09:00,5320.0,5380.0,5280.0,5380.0,14157,0.0,0.0
2024-02-26 14:00:00+09:00,5360.0,5380.0,5300.0,5300.0,10100,0.0,0.0
2024-02-27 09:00:00+09:00,5370.0,5370.0,5150.0,5180.0,25300,0.0,0.0
2024-02-27 10:00:00+09:00,5170.0,5200.0,5150.0,5150.0,6852,0.0,0.0
2024-02-27 11:00:00+09:00,5160.0,5240.0,5150.0,5240.0,14034,0.0,0.0
2024-02-27 12:00:00+09:00,5230.0,5290.0,5230.0,5240.0,1162,0.0,0.0
2024-02-27 13:00:00+09:00,5240.0,5260.0,5170.0,5230.0,10384,0.0,0.0
2024-02-27 14:00:00+09:00,5230.0,5230.0,5140.0,5190.0,5818,0.0,0.0
2024-02-28 09:00:00+09:00,5160.0,5230.0,5070.0,5210.0,0,0.0,0.0
2024-02-28 10:00:00+09:00,5200.0,5200.0,5060.0,5100.0,33272,0.0,0.0
2024-02-28 11:00:00+09:00,5100.0,5200.0,5080.0,5140.0,11844,0.0,0.0
2024-02-28 12:00:00+09:00,5170.0,5170.0,5120.0,5140.0,7151,0.0,0.0
2024-02-28 13:00:00+09:00,5150.0,5170.0,5110.0,5140.0,1706,0.0,0.0
2024-02-28 14:00:00+09:00,5140.0,5140.0,5070.0,5080.0,9145,0.0,0.0
2024-02-29 09:00:00+09:00,5070.0,5100.0,4980.0,4980.0,52083,0.0,0.0
2024-02-29 10:00:00+09:00,4990.0,5000.0,4975.0,5000.0,6214,0.0,0.0
2024-02-29 11:00:00+09:00,5010.0,5030.0,5000.0,5030.0,5061,0.0,0.0
2024-02-29 12:00:00+09:00,5030.0,5030.0,4995.0,5010.0,8762,0.0,0.0
2024-02-29 13:00:00+09:00,5000.0,5000.0,4985.0,4985.0,8975,0.0,0.0
2024-02-29 14:00:00+09:00,4995.0,5010.0,4985.0,5010.0,5424,0.0,0.0
2024-03-04 09:00:00+09:00,5070.0,5250.0,5070.0,5170.0,0,0.0,0.0
2024-03-04 10:00:00+09:00,5160.0,5190.0,5120.0,5160.0,9115,0.0,0.0
2024-03-04 11:00:00+09:00,5140.0,5150.0,5100.0,5110.0,9673,0.0,0.0
2024-03-04 12:00:00+09:00,5120.0,5220.0,5100.0,5210.0,9186,0.0,0.0
2024-03-04 13:00:00+09:00,5200.0,5260.0,5180.0,5190.0,8871,0.0,0.0
2024-03-04 14:00:00+09:00,5170.0,5210.0,5130.0,5170.0,14252,0.0,0.0
2024-03-05 09:00:00+09:00,5160.0,5230.0,5100.0,5150.0,13619,0.0,0.0
2024-03-05 10:00:00+09:00,5160.0,5170.0,5070.0,5090.0,17629,0.0,0.0
2024-03-05 11:00:00+09:00,5090.0,5160.0,5080.0,5090.0,12482,0.0,0.0
2024-03-05 12:00:00+09:00,5100.0,5120.0,5070.0,5080.0,2357,0.0,0.0
2024-03-05 13:00:00+09:00,5080.0,5080.0,5030.0,5060.0,9819,0.0,0.0
2024-03-05 14:00:00+09:00,5060.0,5060.0,5020.0,5030.0,12702,0.0,0.0
2024-03-06 09:00:00+09:00,5110.0,5110.0,4990.0,5080.0,35188,0.0,0.0
2024-03-06 10:00:00+09:00,5080.0,5090.0,5050.0,5080.0,5701,0.0,0.0
2024-03-06 11:00:00+09:00,5090.0,5160.0,5060.0,5150.0,12005,0.0,0.0
2024-03-06 12:00:00+09:00,5150.0,5500.0,5140.0,5230.0,19227,0.0,0.0
2024-03-06 13:00:00+09:00,5230.0,5240.0,5140.0,5140.0,10408,0.0,0.0
2024-03-06 14:00:00+09:00,5140.0,5200.0,5090.0,5130.0,8800,0.0,0.0
2024-03-07 09:00:00+09:00,5220.0,5300.0,5050.0,5100.0,53595,0.0,0.0
2024-03-07 10:00:00+09:00,5100.0,5120.0,5030.0,5050.0,14615,0.0,0.0
2024-03-07 11:00:00+09:00,5070.0,5070.0,5020.0,5060.0,15770,0.0,0.0
2024-03-07 12:00:00+09:00,5060.0,5060.0,5030.0,5050.0,4376,0.0,0.0
2024-03-07 13:00:00+09:00,5050.0,5070.0,5040.0,5060.0,6197,0.0,0.0
2024-03-07 14:00:00+09:00,5050.0,5060.0,5040.0,5040.0,9746,0.0,0.0
2024-03-08 09:00:00+09:00,5100.0,5340.0,5100.0,5220.0,51091,0.0,0.0
2024-03-08 10:00:00+09:00,5220.0,5240.0,5190.0,5210.0,11518,0.0,0.0
2024-03-08 11:00:00+09:00,5200.0,5210.0,5160.0,5190.0,3736,0.0,0.0
2024-03-08 12:00:00+09:00,5150.0,5170.0,5080.0,5080.0,9082,0.0,0.0
2024-03-08 13:00:00+09:00,5090.0,5100.0,5070.0,5100.0,5314,0.0,0.0
2024-03-08 14:00:00+09:00,5090.0,5150.0,5090.0,5150.0,7845,0.0,0.0
2024-03-11 09:00:00+09:00,5170.0,5240.0,5110.0,5220.0,0,0.0,0.0
2024-03-11 10:00:00+09:00,5210.0,5210.0,5140.0,5180.0,8243,0.0,0.0
2024-03-11 11:00:00+09:00,5170.0,5190.0,5150.0,5160.0,4686,0.0,0.0
2024-03-11 12:00:00+09:00,5180.0,5210.0,5170.0,5190.0,4622,0.0,0.0
2024-03-11 13:00:00+09:00,5190.0,5200.0,5170.0,5200.0,4018,0.0,0.0
2024-03-11 14:00:00+09:00,5180.0,5180.0,5140.0,5170.0,6313,0.0,0.0
2024-03-12 09:00:00+09:00,5170.0,5340.0,5170.0,5190.0,26949,0.0,0.0
2024-03-12 10:00:00+09:00,5220.0,5250.0,5180.0,5230.0,10892,0.0,0.0
2024-03-12 11:00:00+09:00,5220.0,5220.0,5160.0,5190.0,6431,0.0,0.0
2024-03-12 12:00:00+09:00,5190.0,5220.0,5170.0,5170.0,7871,0.0,0.0
2024-03-12 13:00:00+09:00,5170.0,5180.0,5100.0,5120.0,12088,0.0,0.0
2024-03-12 14:00:00+09:00,5110.0,5130.0,5110.0,5120.0,10893,0.0,0.0
2024-03-13 09:00:00+09:00,5170.0,5170.0,5090.0,5120.0,13088,0.0,0.0
2024-03-13 10:00:00+09:00,5120.0,5180.0,5110.0,5170.0,8383,0.0,0.0
2024-03-13 11:00:00+09:00,5170.0,5240.0,5140.0,5180.0,15261,0.0,0.0
2024-03-13 12:00:00+09:00,5200.0,5200.0,5130.0,5170.0,7566,0.0,0.0
2024-03-13 13:00:00+09:00,5150.0,5150.0,5070.0,5120.0,12488,0.0,0.0
2024-03-13 14:00:00+09:00,5120.0,5500.0,5070.0,5300.0,99021,0.0,0.0
2024-03-14 09:00:00+09:00,5310.0,5310.0,5100.0,5120.0,35991,0.0,0.0
2024-03-14 10:00:00+09:00,5130.0,5140.0,5050.0,5080.0,39988,0.0,0.0
2024-03-14 11:00:00+09:00,5080.0,5140.0,5080.0,5110.0,8719,0.0,0.0
2024-03-14 12:00:00+09:00,5120.0,5120.0,5070.0,5100.0,8663,0.0,0.0
2024-03-14 13:00:00+09:00,5100.0,5120.0,5100.0,5110.0,2210,0.0,0.0
2024-03-14 14:00:00+09:00,5120.0,5130.0,5090.0,5120.0,5535,0.0,0.0
2024-03-15 09:00:00+09:00,5100.0,5120.0,5050.0,5080.0,19582,0.0,0.0
2024-03-15 10:00:00+09:00,5090.0,5100.0,5040.0,5090.0,13547,0.0,0.0
2024-03-15 11:00:00+09:00,5080.0,5100.0,5060.0,5060.0,7082,0.0,0.0
2024-03-15 12:00:00+09:00,5070.0,5080.0,5040.0,5070.0,9995,0.0,0.0
2024-03-15 13:00:00+09:00,5070.0,5070.0,5020.0,5020.0,10718,0.0,0.0
2024-03-15 14:00:00+09:00,5020.0,5050.0,5020.0,5050.0,8209,0.0,0.0
2024-03-18 09:00:00+09:00,5050.0,5100.0,4995.0,5060.0,0,0.0,0.0
2024-03-18 10:00:00+09:00,5060.0,5070.0,5030.0,5060.0,5299,0.0,0.0
2024-03-18 11:00:00+09:00,5070.0,5070.0,5030.0,5050.0,8428,0.0,0.0
2024-03-18 12:00:00+09:00,5040.0,5080.0,5040.0,5060.0,2356,0.0,0.0
2024-03-18 13:00:00+09:00,5070.0,5100.0,5040.0,5060.0,14087,0.0,0.0
2024-03-18 14:00:00+09:00,5060.0,5060.0,5040.0,5040.0,1585,0.0,0.0
2024-03-19 09:00:00+09:00,5030.0,5130.0,5010.0,5100.0,17399,0.0,0.0
2024-03-19 10:00:00+09:00,5100.0,5170.0,5060.0,5100.0,15689,0.0,0.0
2024-03-19 11:00:00+09:00,5100.0,5100.0,5060.0,5080.0,1946,0.0,0.0
2024-03-19 12:00:00+09:00,5080.0,5080.0,5050.0,5060.0,3717,0.0,0.0
2024-03-19 13:00:00+09:00,5070.0,5080.0,5050.0,5060.0,2587,0.0,0.0
2024-03-19 14:00:00+09:00,5060.0,5070.0,5040.0,5060.0,12233,0.0,0.0
2024-03-20 09:00:00+09:00,5190.0,5190.0,5050.0,5070.0,0,0.0,0.0
2024-03-20 10:00:00+09:00,5060.0,5080.0,5040.0,5070.0,21331,0.0,0.0
2024-03-20 11:00:00+09:00,5070.0,5070.0,5040.0,5040.0,5745,0.0,0.0
2024-03-20 12:00:00+09:00,5040.0,5050.0,5030.0,5040.0,7084,0.0,0.0
2024-03-20 13:00:00+09:00,5040.0,5050.0,5010.0,5040.0,12100,0.0,0.0
2024-03-20 14:00:00+09:00,5040.0,5070.0,5030.0,5070.0,4692,0.0,0.0
2024-03-21 09:00:00+09:00,5100.0,5130.0,5040.0,5090.0,21051,0.0,0.0
2024-03-21 10:00:00+09:00,5090.0,5110.0,5060.0,5090.0,7217,0.0,0.0
2024-03-21 11:00:00+09:00,5090.0,5100.0,5060.0,5100.0,5302,0.0,0.0
2024-03-21 12:00:00+09:00,5090.0,5130.0,5090.0,5130.0,6015,0.0,0.0
2024-03-21 13:00:00+09:00,5120.0,5170.0,5090.0,5140.0,11148,0.0,0.0
2024-03-21 14:00:00+09:00,5120.0,5130.0,5100.0,5130.0,2178,0.0,0.0
2024-03-22 09:00:00+09:00,5330.0,5460.0,5170.0,5430.0,133040,0.0,0.0
2024-03-22 10:00:00+09:00,5430.0,5440.0,5310.0,5320.0,43977,0.0,0.0
2024-03-22 11:00:00+09:00,5330.0,5410.0,5300.0,5360.0,16241,0.0,0.0
2024-03-22 12:00:00+09:00,5350.0,5420.0,5340.0,5370.0,10197,0.0,0.0
2024-03-22 13:00:00+09:00,5380.0,5400.0,5300.0,5400.0,13462,0.0,0.0
2024-03-22 14:00:00+09:00,5400.0,5400.0,5340.0,5360.0,7069,0.0,0.0
2024-03-25 09:00:00+09:00,5390.0,5390.0,5120.0,5190.0,0,0.0,0.0
2024-03-25 10:00:00+09:00,5190.0,5220.0,5170.0,5170.0,4619,0.0,0.0
2024-03-25 11:00:00+09:00,5180.0,5210.0,5160.0,5180.0,4842,0.0,0.0
2024-03-25 12:00:00+09:00,5180.0,5250.0,5180.0,5190.0,4299,0.0,0.0
2024-03-25 13:00:00+09:00,5200.0,5220.0,5180.0,5200.0,6824,0.0,0.0
2024-03-25 14:00:00+09:00,5180.0,5210.0,5170.0,5170.0,6113,0.0,0.0
2024-03-26 09:00:00+09:00,5290.0,5290.0,5160.0,5240.0,14969,0.0,0.0
2024-03-26 10:00:00+09:00,5200.0,5250.0,5200.0,5250.0,5725,0.0,0.0
2024-03-26 11:00:00+09:00,5250.0,5310.0,5220.0,5230.0,11941,0.0,0.0
2024-03-26 12:00:00+09:00,5220.0,5240.0,5210.0,5220.0,3669,0.0,0.0
2024-03-26 13:00:00+09:00,5210.0,5240.0,5200.0,5220.0,3622,0.0,0.0
2024-03-26 14:00:00+09:00,5210.0,5240.0,5210.0,5230.0,7895,0.0,0.0
2024-03-27 09:00:00+09:00,5220.0,5740.0,5220.0,5460.0,218450,0.0,0.0
2024-03-27 10:00:00+09:00,5450.0,5630.0,5430.0,5450.0,59137,0.0,0.0
2024-03-27 11:00:00+09:00,5450.0,5450.0,5360.0,5410.0,10698,0.0,0.0
2024-03-27 12:00:00+09:00,5390.0,5410.0,5370.0,5380.0,8685,0.0,0.0
2024-03-27 13:00:00+09:00,5380.0,5410.0,5340.0,5370.0,11212,0.0,0.0
2024-03-27 14:00:00+09:00,5380.0,5410.0,5350.0,5390.0,7777,0.0,0.0
2024-03-28 09:00:00+09:00,5410.0,5410.0,5290.0,5310.0,20013,0.0,0.0
2024-03-28 10:00:00+09:00,5310.0,5330.0,5220.0,5310.0,24498,0.0,0.0
2024-03-28 11:00:00+09:00,5320.0,5460.0,5320.0,5440.0,20076,0.0,0.0
2024-03-28 12:00:00+09:00,5430.0,5690.0,5420.0,5550.0,206185,0.0,0.0
2024-03-28 13:00:00+09:00,5550.0,5550.0,5440.0,5480.0,20545,0.0,0.0
2024-03-28 14:00:00+09:00,5480.0,5520.0,5430.0,5520.0,16374,0.0,0.0
2024-03-29 09:00:00+09:00,5530.0,5600.0,5410.0,5510.0,36484,0.0,0.0
2024-03-29 10:00:00+09:00,5500.0,5540.0,5460.0,5480.0,13029,0.0,0.0
2024-03-29 11:00:00+09:00,5470.0,5490.0,5410.0,5430.0,17833,0.0,0.0
2024-03-29 12:00:00+09:00,5430.0,5450.0,5410.0,5430.0,8890,0.0,0.0
2024-03-29 13:00:00+09:00,5440.0,5470.0,5410.0,5410.0,5758,0.0,0.0
2024-03-29 14:00:00+09:00,5420.0,5430.0,5370.0,5420.0,18369,0.0,0.0
2024-04-01 09:00:00+09:00,5490.0,5520.0,5330.0,5460.0,0,0.0,0.0
2024-04-01 10:00:00+09:00,5460.0,5570.0,5460.0,5530.0,39708,0.0,0.0
2024-04-01 11:00:00+09:00,5530.0,5560.0,5500.0,5550.0,9037,0.0,0.0
2024-04-01 12:00:00+09:00,5550.0,5550.0,5510.0,5520.0,10074,0.0,0.0
2024-04-01 13:00:00+09:00,5520.0,5630.0,5510.0,5570.0,50193,0.0,0.0
2024-04-01 14:00:00+09:00,5570.0,5570.0,5510.0,5540.0,10871,0.0,0.0
2024-04-02 09:00:00+09:00,5600.0,5630.0,5490.0,5580.0,51810,0.0,0.0
2024-04-02 10:00:00+09:00,5570.0,5590.0,5480.0,5480.0,21007,0.0,0.0
2024-04-02 11:00:00+09:00,5490.0,5520.0,5480.0,5480.0,5750,0.0,0.0
2024-04-02 12:00:00+09:00,5490.0,5490.0,5410.0,5420.0,20712,0.0,0.0
2024-04-02 13:00:00+09:00,5430.0,5480.0,5430.0,5460.0,4807,0.0,0.0
2024-04-02 14:00:00+09:00,5460.0,5500.0,5420.0,5430.0,12734,0.0,0.0
2024-04-03 09:00:00+09:00,5430.0,5430.0,5300.0,5380.0,27289,0.0,0.0
2024-04-03 10:00:00+09:00,5340.0,5380.0,5310.0,5310.0,9585,0.0,0.0
2024-04-03 11:00:00+09:00,5310.0,5340.0,5300.0,5310.0,7085,0.0,0.0
2024-04-03 12:00:00+09:00,5310.0,5330.0,5310.0,5310.0,5243,0.0,0.0
2024-04-03 13:00:00+09:00,5310.0,5370.0,5310.0,5330.0,363,0.0,0.0
2024-04-03 14:00:00+09:00,5320.0,5350.0,5320.0,5320.0,3551,0.0,0.0
2024-04-04 09:00:00+09:00,5310.0,5420.0,5290.0,5320.0,32500,0.0,0.0
2024-04-04 10:00:00+09:00,5320.0,5400.0,5310.0,5320.0,15823,0.0,0.0
2024-04-04 11:00:00+09:00,5330.0,5360.0,5300.0,5300.0,4006,0.0,0.0
2024-04-04 12:00:00+09:00,5320.0,5330.0,5290.0,5330.0,4153,0.0,0.0
2024-04-04 13:00:00+09:00,5330.0,5350.0,5320.0,5350.0,1420,0.0,0.0
2024-04-04 14:00:00+09:00,5320.0,5330.0,5290.0,5300.0,6148,0.0,0.0
2024-04-05 09:00:00+09:00,5260.0,5300.0,5220.0,5280.0,14573,0.0,0.0
2024-04-05 10:00:00+09:00,5280.0,5340.0,5230.0,5270.0,12048,0.0,0.0
2024-04-05 11:00:00+09:00,5250.0,5280.0,5250.0,5250.0,2449,0.0,0.0
2024-04-05 12:00:00+09:00,5250.0,5250.0,5180.0,5210.0,18338,0.0,0.0
2024-04-05 13:00:00+09:00,5210.0,5220.0,5180.0,5180.0,0,0.0,0.0
2024-04-05 14:00:00+09:00,5190.0,5200.0,5150.0,5180.0,66198,0.0,0.0
2024-04-08 09:00:00+09:00,5230.0,5270.0,5050.0,5080.0,0,0.0,0.0
2024-04-08 10:00:00+09:00,5100.0,5130.0,5090.0,5110.0,3856,0.0,0.0
2024-04-08 11:00:00+09:00,5120.0,5200.0,5120.0,5180.0,5071,0.0,0.0
2024-04-08 12:00:00+09:00,5160.0,5180.0,5110.0,5110.0,2390,0.0,0.0
2024-04-08 13:00:00+09:00,5110.0,5150.0,5110.0,5120.0,2510,0.0,0.0
2024-04-08 14:00:00+09:00,5140.0,5140.0,5110.0,5120.0,3389,0.0,0.0
2024-04-09 09:00:00+09:00,5090.0,5140.0,5090.0,5100.0,5966,0.0,0.0
2024-04-09 10:00:00+09:00,5100.0,5100.0,5050.0,5060.0,14633,0.0,0.0
2024-04-09 11:00:00+09:00,5090.0,5110.0,5060.0,5070.0,8458,0.0,0.0
2024-04-09 12:00:00+09:00,5080.0,5080.0,5050.0,5060.0,4437,0.0,0.0
2024-04-09 13:00:00+09:00,5060.0,5060.0,5030.0,5040.0,11169,0.0,0.0
2024-04-09 14:00:00+09:00,5040.0,5060.0,4950.0,5050.0,21648,0.0,0.0
2024-04-11 09:00:00+09:00,5080.0,5080.0,4920.0,5050.0,0,0.0,0.0
2024-04-11 10:00:00+09:00,5040.0,5050.0,5010.0,5050.0,1750,0.0,0.0
2024-04-11 11:00:00+09:00,5040.0,5050.0,5030.0,5030.0,619,0.0,0.0
2024-04-11 12:00:00+09:00,5040.0,5040.0,5010.0,5030.0,2260,0.0,0.0
2024-04-11 13:00:00+09:00,5030.0,5030.0,4990.0,4990.0,11495,0.0,0.0
2024-04-11 14:00:00+09:00,4995.0,5000.0,4990.0,4995.0,5292,0.0,0.0
2024-04-12 09:00:00+09:00,5070.0,5070.0,4920.0,5010.0,7915,0.0,0.0
2024-04-12 10:00:00+09:00,5010.0,5030.0,5000.0,5020.0,1423,0.0,0.0
2024-04-12 11:00:00+09:00,5000.0,5020.0,4965.0,4965.0,4511,0.0,0.0
2024-04-12 12:00:00+09:00,4965.0,5030.0,4965.0,5010.0,4165,0.0,0.0
2024-04-12 13:00:00+09:00,5020.0,5030.0,4990.0,4995.0,1987,0.0,0.0
2024-04-12 14:00:00+09:00,4995.0,5020.0,4975.0,4980.0,6129,0.0,0.0
2024-04-15 09:00:00+09:00,5070.0,5070.0,4750.0,4785.0,4535,0.0,0.0
2024-04-15 10:00:00+09:00,4785.0,4815.0,4745.0,4755.0,18803,0.0,0.0
2024-04-15 11:00:00+09:00,4755.0,4790.0,4750.0,4780.0,8875,0.0,0.0
2024-04-15 12:00:00+09:00,4780.0,4815.0,4770.0,4810.0,3940,0.0,0.0
2024-04-15 13:00:00+09:00,4815.0,4820.0,4800.0,4805.0,3853,0.0,0.0
2024-04-15 14:00:00+09:00,4805.0,4840.0,4785.0,4835.0,7201,0.0,0.0
2024-04-16 09:00:00+09:00,4800.0,4810.0,4760.0,4795.0,7136,0.0,0.0
2024-04-16 10:00:00+09:00,4795.0,4795.0,4680.0,4680.0,10275,0.0,0.0
2024-04-16 11:00:00+09:00,4675.0,4680.0,4545.0,4605.0,26652,0.0,0.0
2024-04-16 12:00:00+09:00,4615.0,4680.0,4610.0,4645.0,5337,0.0,0.0
2024-04-16 13:00:00+09:00,4645.0,4645.0,4620.0,4620.0,5375,0.0,0.0
2024-04-16 14:00:00+09:00,4645.0,4680.0,4645.0,4665.0,1444,0.0,0.0
2024-04-17 09:00:00+09:00,4680.0,4790.0,4600.0,4740.0,12156,0.0,0.0
2024-04-17 10:00:00+09:00,4740.0,4850.0,4650.0,4675.0,7493,0.0,0.0
2024-04-17 11:00:00+09:00,4675.0,4680.0,4635.0,4660.0,1495,0.0,0.0
2024-04-17 12:00:00+09:00,4660.0,4660.0,4645.0,4660.0,1103,0.0,0.0
2024-04-17 13:00:00+09:00,4650.0,4655.0,4630.0,4655.0,1024,0.0,0.0
2024-04-17 14:00:00+09:00,4650.0,4680.0,4650.0,4680.0,5849,0.0,0.0
2024-04-18 09:00:00+09:00,4675.0,4795.0,4675.0,4765.0,4103,0.0,0.0
2024-04-18 10:00:00+09:00,4745.0,4745.0,4695.0,4710.0,1080,0.0,0.0
2024-04-18 11:00:00+09:00,4710.0,4715.0,4700.0,4700.0,670,0.0,0.0
2024-04-18 12:00:00+09:00,4700.0,4740.0,4695.0,4740.0,1034,0.0,0.0
2024-04-18 13:00:00+09:00,4740.0,4745.0,4715.0,4740.0,3915,0.0,0.0
2024-04-18 14:00:00+09:00,4740.0,4765.0,4730.0,4745.0,3702,0.0,0.0
2024-04-19 09:00:00+09:00,4720.0,4890.0,4705.0,4775.0,10313,0.0,0.0
2024-04-19 10:00:00+09:00,4775.0,4775.0,4650.0,4650.0,14566,0.0,0.0
2024-04-19 11:00:00+09:00,4650.0,4675.0,4580.0,4605.0,12261,0.0,0.0
2024-04-19 12:00:00+09:00,4605.0,4675.0,4605.0,4650.0,2407,0.0,0.0
2024-04-19 13:00:00+09:00,4665.0,4680.0,4640.0,4680.0,2100,0.0,0.0
2024-04-19 14:00:00+09:00,4680.0,4765.0,4680.0,4750.0,2092,0.0,0.0
2024-04-22 09:00:00+09:00,4690.0,4715.0,4650.0,4695.0,0,0.0,0.0
2024-04-22 10:00:00+09:00,4690.0,4785.0,4690.0,4760.0,3398,0.0,0.0
2024-04-22 11:00:00+09:00,4760.0,4840.0,4760.0,4815.0,2445,0.0,0.0
2024-04-22 12:00:00+09:00,4815.0,4820.0,4725.0,4785.0,1334,0.0,0.0
2024-04-22 13:00:00+09:00,4785.0,4785.0,4745.0,4745.0,2344,0.0,0.0
2024-04-22 14:00:00+09:00,4745.0,4770.0,4745.0,4770.0,925,0.0,0.0
2024-04-23 09:00:00+09:00,4880.0,4910.0,4850.0,4895.0,4214,0.0,0.0
2024-04-23 10:00:00+09:00,4870.0,4895.0,4855.0,4870.0,655,0.0,0.0
2024-04-23 11:00:00+09:00,4890.0,4890.0,4850.0,4850.0,3774,0.0,0.0
2024-04-23 12:00:00+09:00,4865.0,4870.0,4850.0,4850.0,2004,0.0,0.0
2024-04-23 13:00:00+09:00,4850.0,4850.0,4795.0,4835.0,3269,0.0,0.0
2024-04-23 14:00:00+09:00,4835.0,4835.0,4810.0,4815.0,1091,0.0,0.0
2024-04-24 09:00:00+09:00,4870.0,4910.0,4775.0,4905.0,5392,0.0,0.0
2024-04-24 10:00:00+09:00,4900.0,4900.0,4840.0,4880.0,2291,0.0,0.0
2024-04-24 11:00:00+09:00,4880.0,5020.0,4880.0,4940.0,9908,0.0,0.0
2024-04-24 12:00:00+09:00,4940.0,4980.0,4930.0,4980.0,2749,0.0,0.0
2024-04-24 13:00:00+09:00,4975.0,4980.0,4950.0,4950.0,948,0.0,0.0
2024-04-24 14:00:00+09:00,4960.0,4960.0,4925.0,4930.0,1087,0.0,0.0
2024-04-25 09:00:00+09:00,4940.0,4970.0,4880.0,4950.0,3402,0.0,0.0
2024-04-25 10:00:00+09:00,4950.0,4975.0,4880.0,4950.0,3374,0.0,0.0
2024-04-25 11:00:00+09:00,4950.0,4955.0,4920.0,4920.0,1501,0.0,0.0
2024-04-25 12:00:00+09:00,4920.0,4920.0,4880.0,4895.0,1825,0.0,0.0
2024-04-25 13:00:00+09:00,4900.0,4950.0,4900.0,4950.0,2764,0.0,0.0
2024-04-25 14:00:00+09:00,4945.0,4950.0,4895.0,4940.0,4722,0.0,0.0
2024-04-26 09:00:00+09:00,4860.0,4980.0,4850.0,4920.0,5826,0.0,0.0
2024-04-26 10:00:00+09:00,4920.0,4920.0,4875.0,4900.0,1453,0.0,0.0
2024-04-26 11:00:00+09:00,4900.0,4920.0,4900.0,4920.0,1669,0.0,0.0
2024-04-26 12:00:00+09:00,4920.0,4925.0,4900.0,4925.0,941,0.0,0.0
2024-04-26 13:00:00+09:00,4925.0,4925.0,4870.0,4870.0,4292,0.0,0.0
2024-04-26 14:00:00+09:00,4890.0,4890.0,4810.0,4870.0,3475,0.0,0.0
2024-04-29 09:00:00+09:00,4855.0,4890.0,4750.0,4800.0,577,0.0,0.0
2024-04-29 10:00:00+09:00,4800.0,4820.0,4785.0,4800.0,1603,0.0,0.0
2024-04-29 11:00:00+09:00,4800.0,4815.0,4745.0,4750.0,8970,0.0,0.0
2024-04-29 12:00:00+09:00,4780.0,4815.0,4700.0,4745.0,11494,0.0,0.0
2024-04-29 13:00:00+09:00,4750.0,5090.0,4750.0,4865.0,61300,0.0,0.0
2024-04-29 14:00:00+09:00,4875.0,4900.0,4865.0,4900.0,2819,0.0,0.0
2024-04-30 09:00:00+09:00,4895.0,5000.0,4795.0,4875.0,9806,0.0,0.0
2024-04-30 10:00:00+09:00,4890.0,4950.0,4800.0,4870.0,6331,0.0,0.0
2024-04-30 11:00:00+09:00,4855.0,4860.0,4805.0,4830.0,4181,0.0,0.0
2024-04-30 12:00:00+09:00,4815.0,4865.0,4810.0,4860.0,1807,0.0,0.0
2024-04-30 13:00:00+09:00,4860.0,4890.0,4800.0,4800.0,9892,0.0,0.0
2024-04-30 14:00:00+09:00,4830.0,4850.0,4795.0,4830.0,7764,0.0,0.0
2024-05-02 09:00:00+09:00,4790.0,4810.0,4750.0,4790.0,0,0.0,0.0
2024-05-02 10:00:00+09:00,4780.0,4805.0,4780.0,4780.0,7272,0.0,0.0
2024-05-02 11:00:00+09:00,4780.0,4810.0,4780.0,4800.0,2386,0.0,0.0
2024-05-02 12:00:00+09:00,4790.0,4800.0,4785.0,4800.0,932,0.0,0.0
2024-05-02 13:00:00+09:00,4805.0,4820.0,4790.0,4790.0,1804,0.0,0.0
2024-05-02 14:00:00+09:00,4810.0,4835.0,4800.0,4825.0,624,0.0,0.0
2024-05-03 09:00:00+09:00,4850.0,4870.0,4755.0,4840.0,22249,0.0,0.0
2024-05-03 10:00:00+09:00,4840.0,4845.0,4800.0,4815.0,3467,0.0,0.0
2024-05-03 11:00:00+09:00,4815.0,4835.0,4800.0,4825.0,2134,0.0,0.0
2024-05-03 12:00:00+09:00,4825.0,4840.0,4825.0,4830.0,1155,0.0,0.0
2024-05-03 13:00:00+09:00,4830.0,4830.0,4800.0,4805.0,770,0.0,0.0
2024-05-03 14:00:00+09:00,4805.0,4850.0,4805.0,4840.0,2782,0.0,0.0
2024-05-07 09:00:00+09:00,4855.0,4855.0,4790.0,4795.0,0,0.0,0.0
2024-05-07 10:00:00+09:00,4800.0,4815.0,4790.0,4790.0,5638,0.0,0.0
2024-05-07 11:00:00+09:00,4795.0,4825.0,4750.0,4785.0,8943,0.0,0.0
2024-05-07 12:00:00+09:00,4785.0,4810.0,4770.0,4780.0,3712,0.0,0.0
2024-05-07 13:00:00+09:00,4790.0,4800.0,4760.0,4800.0,2141,0.0,0.0
2024-05-07 14:00:00+09:00,4780.0,4815.0,4780.0,4810.0,1064,0.0,0.0
2024-05-08 09:00:00+09:00,4750.0,4790.0,4750.0,4785.0,0,0.0,0.0
2024-05-08 10:00:00+09:00,4780.0,4785.0,4755.0,4760.0,3831,0.0,0.0
2024-05-08 11:00:00+09:00,4760.0,4790.0,4760.0,4790.0,1032,0.0,0.0
2024-05-08 12:00:00+09:00,4790.0,4815.0,4790.0,4810.0,1838,0.0,0.0
2024-05-08 13:00:00+09:00,4810.0,4810.0,4785.0,4785.0,386,0.0,0.0
2024-05-08 14:00:00+09:00,4785.0,4820.0,4780.0,4820.0,3777,0.0,0.0
2024-05-09 09:00:00+09:00,4830.0,4830.0,4770.0,4800.0,2531,0.0,0.0
2024-05-09 10:00:00+09:00,4800.0,4800.0,4775.0,4795.0,4179,0.0,0.0
2024-05-09 11:00:00+09:00,4775.0,4790.0,4770.0,4790.0,2792,0.0,0.0
2024-05-09 12:00:00+09:00,4780.0,4780.0,4730.0,4755.0,21824,0.0,0.0
2024-05-09 13:00:00+09:00,4760.0,4780.0,4750.0,4755.0,793,0.0,0.0
2024-05-09 14:00:00+09:00,4755.0,4775.0,4725.0,4750.0,7843,0.0,0.0
2024-05-10 09:00:00+09:00,4785.0,4895.0,4775.0,4795.0,16156,0.0,0.0
2024-05-10 10:00:00+09:00,4795.0,4795.0,4760.0,4795.0,3543,0.0,0.0
2024-05-10 11:00:00+09:00,4790.0,4795.0,4770.0,4790.0,0,0.0,0.0
2024-05-10 12:00:00+09:00,4775.0,4790.0,4760.0,4780.0,1497,0.0,0.0
2024-05-10 13:00:00+09:00,4780.0,4785.0,4760.0,4760.0,1165,0.0,0.0
2024-05-10 14:00:00+09:00,4765.0,4770.0,4745.0,4750.0,2743,0.0,0.0
2024-05-13 09:00:00+09:00,4770.0,4770.0,4705.0,4720.0,0,0.0,0.0
2024-05-13 10:00:00+09:00,4730.0,4745.0,4715.0,4715.0,2707,0.0,0.0
2024-05-13 11:00:00+09:00,4715.0,4730.0,4705.0,4730.0,1289,0.0,0.0
2024-05-13 12:00:00+09:00,4725.0,4745.0,4700.0,4715.0,6422,0.0,0.0
2024-05-13 13:00:00+09:00,4700.0,4745.0,4700.0,4710.0,926,0.0,0.0
2024-05-13 14:00:00+09:00,4705.0,4710.0,4665.0,4675.0,14661,0.0,0.0
2024-05-14 09:00:00+09:00,4695.0,4745.0,4625.0,4720.0,7744,0.0,0.0
2024-05-14 10:00:00+09:00,4720.0,4720.0,4650.0,4690.0,4789,0.0,0.0
2024-05-14 11:00:00+09:00,4680.0,4690.0,4650.0,4690.0,4460,0.0,0.0
2024-05-14 12:00:00+09:00,4685.0,4695.0,4660.0,4690.0,7041,0.0,0.0
2024-05-14 13:00:00+09:00,4690.0,4720.0,4680.0,4720.0,9690,0.0,0.0
2024-05-14 14:00:00+09:00,4720.0,4750.0,4675.0,4745.0,8043,0.0,0.0
2024-05-16 09:00:00+09:00,4850.0,4850.0,4600.0,4750.0,0,0.0,0.0
2024-05-16 10:00:00+09:00,4770.0,4770.0,4695.0,4750.0,4969,0.0,0.0
2024-05-16 11:00:00+09:00,4755.0,4760.0,4750.0,4750.0,3464,0.0,0.0
2024-05-16 12:00:00+09:00,4750.0,4750.0,4735.0,4745.0,1031,0.0,0.0
2024-05-16 13:00:00+09:00,4745.0,4755.0,4725.0,4725.0,2869,0.0,0.0
2024-05-16 14:00:00+09:00,4730.0,4750.0,4700.0,4740.0,5693,0.0,0.0
2024-05-17 09:00:00+09:00,4785.0,4850.0,4715.0,4800.0,0,0.0,0.0
2024-05-17 10:00:00+09:00,4800.0,4820.0,4790.0,4805.0,23219,0.0,0.0
2024-05-17 11:00:00+09:00,4805.0,4810.0,4770.0,4790.0,3332,0.0,0.0
2024-05-17 12:00:00+09:00,4790.0,5000.0,4770.0,4870.0,19858,0.0,0.0
2024-05-17 13:00:00+09:00,4865.0,4865.0,4805.0,4840.0,6803,0.0,0.0
2024-05-17 14:00:00+09:00,4840.0,4840.0,4805.0,4810.0,3251,0.0,0.0
2024-05-20 09:00:00+09:00,4910.0,4910.0,4815.0,4835.0,0,0.0,0.0
2024-05-20 10:00:00+09:00,4835.0,4885.0,4795.0,4870.0,11178,0.0,0.0
2024-05-20 11:00:00+09:00,4845.0,4950.0,4845.0,4925.0,8760,0.0,0.0
2024-05-20 12:00:00+09:00,4920.0,4920.0,4860.0,4890.0,5899,0.0,0.0
2024-05-20 13:00:00+09:00,4890.0,4890.0,4865.0,4880.0,3637,0.0,0.0
2024-05-20 14:00:00+09:00,4860.0,4865.0,4830.0,4865.0,1528,0.0,0.0
2024-05-21 09:00:00+09:00,5000.0,5010.0,4890.0,5010.0,16466,0.0,0.0
2024-05-21 10:00:00+09:00,5010.0,5010.0,4910.0,4930.0,4598,0.0,0.0
2024-05-21 11:00:00+09:00,4930.0,4960.0,4930.0,4955.0,4016,0.0,0.0
2024-05-21 12:00:00+09:00,4950.0,4985.0,4925.0,4950.0,8583,0.0,0.0
2024-05-21 13:00:00+09:00,4950.0,4965.0,4930.0,4960.0,5375,0.0,0.0
2024-05-21 14:00:00+09:00,4955.0,4990.0,4940.0,4990.0,4843,0.0,0.0
2024-05-22 09:00:00+09:00,5090.0,5130.0,5000.0,5030.0,24416,0.0,0.0
2024-05-22 10:00:00+09:00,5020.0,5040.0,5000.0,5000.0,12475,0.0,0.0
2024-05-22 11:00:00+09:00,5000.0,5080.0,4995.0,5010.0,2426,0.0,0.0
2024-05-22 12:00:00+09:00,5040.0,5040.0,4995.0,4995.0,4212,0.0,0.0
2024-05-22 13:00:00+09:00,4995.0,4995.0,4925.0,4925.0,17932,0.0,0.0
2024-05-22 14:00:00+09:00,4920.0,4930.0,4870.0,4925.0,12995,0.0,0.0
2024-05-23 09:00:00+09:00,4995.0,5000.0,4880.0,4905.0,17488,0.0,0.0
2024-05-23 10:00:00+09:00,4900.0,5080.0,4885.0,4995.0,10335,0.0,0.0
2024-05-23 11:00:00+09:00,4990.0,4990.0,4920.0,4920.0,2782,0.0,0.0
2024-05-23 12:00:00+09:00,4975.0,4975.0,4965.0,4965.0,327,0.0,0.0
2024-05-23 13:00:00+09:00,4955.0,4975.0,4950.0,4950.0,1894,0.0,0.0
2024-05-23 14:00:00+09:00,4950.0,4950.0,4890.0,4890.0,3336,0.0,0.0
2024-05-24 09:00:00+09:00,4975.0,4975.0,4875.0,4905.0,8068,0.0,0.0
2024-05-24 10:00:00+09:00,4905.0,4910.0,4875.0,4880.0,2835,0.0,0.0
2024-05-24 11:00:00+09:00,4875.0,4880.0,4870.0,4880.0,5980,0.0,0.0
2024-05-24 12:00:00+09:00,4880.0,4880.0,4860.0,4860.0,6183,0.0,0.0
2024-05-24 13:00:00+09:00,4870.0,4875.0,4860.0,4860.0,1254,0.0,0.0
2024-05-24 14:00:00+09:00,4865.0,4880.0,4865.0,4865.0,938,0.0,0.0
2024-05-27 09:00:00+09:00,4910.0,4910.0,4810.0,4820.0,0,0.0,0.0
2024-05-27 10:00:00+09:00,4820.0,4835.0,4800.0,4800.0,4915,0.0,0.0
2024-05-27 11:00:00+09:00,4800.0,4825.0,4790.0,4790.0,3385,0.0,0.0
2024-05-27 12:00:00+09:00,4790.0,4790.0,4770.0,4790.0,1429,0.0,0.0
2024-05-27 13:00:00+09:00,4820.0,4820.0,4770.0,4790.0,1012,0.0,0.0
2024-05-27 14:00:00+09:00,4785.0,4930.0,4785.0,4930.0,8889,0.0,0.0
2024-05-28 09:00:00+09:00,4905.0,4960.0,4850.0,4920.0,6546,0.0,0.0
2024-05-28 10:00:00+09:00,4920.0,4940.0,4895.0,4915.0,3258,0.0,0.0
2024-05-28 11:00:00+09:00,4895.0,4915.0,4855.0,4865.0,3382,0.0,0.0
2024-05-28 12:00:00+09:00,4865.0,4875.0,4850.0,4860.0,4933,0.0,0.0
2024-05-28 13:00:00+09:00,4860.0,4870.0,4845.0,4865.0,2886,0.0,0.0
2024-05-28 14:00:00+09:00,4865.0,4865.0,4800.0,4810.0,5806,0.0,0.0
2024-05-29 09:00:00+09:00,4870.0,4870.0,4710.0,4765.0,0,0.0,0.0
2024-05-29 10:00:00+09:00,4760.0,4815.0,4760.0,4790.0,10567,0.0,0.0
2024-05-29 11:00:00+09:00,4795.0,4795.0,4785.0,4785.0,1288,0.0,0.0
2024-05-29 12:00:00+09:00,4790.0,4800.0,4775.0,4800.0,1258,0.0,0.0
2024-05-29 13:00:00+09:00,4800.0,4800.0,4770.0,4770.0,2036,0.0,0.0
2024-05-29 14:00:00+09:00,4770.0,4770.0,4725.0,4725.0,5121,0.0,0.0
2024-05-30 09:00:00+09:00,4730.0,4840.0,4730.0,4800.0,9519,0.0,0.0
2024-05-30 10:00:00+09:00,4800.0,4820.0,4780.0,4805.0,2729,0.0,0.0
2024-05-30 11:00:00+09:00,4785.0,4830.0,4780.0,4805.0,2086,0.0,0.0
2024-05-30 12:00:00+09:00,4805.0,4830.0,4785.0,4830.0,1665,0.0,0.0
2024-05-30 13:00:00+09:00,4830.0,4905.0,4830.0,4900.0,10559,0.0,0.0
2024-05-30 14:00:00+09:00,4900.0,4950.0,4870.0,4905.0,8334,0.0,0.0
2024-05-31 09:00:00+09:00,4930.0,4980.0,4890.0,4935.0,7872,0.0,0.0
2024-05-31 10:00:00+09:00,4930.0,4935.0,4895.0,4895.0,1450,0.0,0.0
2024-05-31 11:00:00+09:00,4900.0,4930.0,4865.0,4875.0,3510,0.0,0.0
2024-05-31 12:00:00+09:00,4875.0,4885.0,4860.0,4870.0,2032,0.0,0.0
2024-05-31 13:00:00+09:00,4870.0,4935.0,4860.0,4890.0,3168,0.0,0.0
2024-05-31 14:00:00+09:00,4885.0,4935.0,4880.0,4935.0,4537,0.0,0.0
2024-06-03 09:00:00+09:00,5020.0,5020.0,4855.0,4860.0,0,0.0,0.0
2024-06-03 10:00:00+09:00,4860.0,4900.0,4855.0,4895.0,3246,0.0,0.0
2024-06-03 11:00:00+09:00,4895.0,4895.0,4865.0,4895.0,1200,0.0,0.0
2024-06-03 12:00:00+09:00,4895.0,4960.0,4895.0,4955.0,309,0.0,0.0
2024-06-03 13:00:00+09:00,4930.0,4960.0,4920.0,4955.0,753,0.0,0.0
2024-06-03 14:00:00+09:00,4955.0,4970.0,4865.0,4890.0,13323,0.0,0.0
2024-06-04 09:00:00+09:00,4865.0,4865.0,4770.0,4845.0,3738,0.0,0.0
2024-06-04 10:00:00+09:00,4830.0,4850.0,4820.0,4820.0,1656,0.0,0.0
2024-06-04 11:00:00+09:00,4820.0,4825.0,4815.0,4825.0,4684,0.0,0.0
2024-06-04 12:00:00+09:00,4825.0,4835.0,4825.0,4825.0,1003,0.0,0.0
2024-06-04 13:00:00+09:00,4830.0,4835.0,4825.0,4830.0,54,0.0,0.0
2024-06-04 14:00:00+09:00,4830.0,4835.0,4820.0,4825.0,1097,0.0,0.0
2024-06-05 09:00:00+09:00,4920.0,4920.0,4800.0,4815.0,8054,0.0,0.0
2024-06-05 10:00:00+09:00,4815.0,4835.0,4815.0,4830.0,916,0.0,0.0
2024-06-05 11:00:00+09:00,4835.0,4835.0,4805.0,4805.0,3080,0.0,0.0
2024-06-05 12:00:00+09:00,4835.0,4900.0,4835.0,4895.0,4312,0.0,0.0
2024-06-05 13:00:00+09:00,4895.0,4895.0,4820.0,4845.0,1862,0.0,0.0
2024-06-05 14:00:00+09:00,4870.0,4870.0,4825.0,4845.0,2663,0.0,0.0
2024-06-07 09:00:00+09:00,4895.0,4935.0,4805.0,4890.0,0,0.0,0.0
2024-06-07 10:00:00+09:00,4885.0,4920.0,4855.0,4890.0,1392,0.0,0.0
2024-06-07 11:00:00+09:00,4900.0,4930.0,4890.0,4915.0,788,0.0,0.0
2024-06-07 12:00:00+09:00,4910.0,4925.0,4910.0,4920.0,1529,0.0,0.0
2024-06-07 13:00:00+09:00,4920.0,4925.0,4880.0,4925.0,2047,0.0,0.0
2024-06-07 14:00:00+09:00,4925.0,4935.0,4920.0,4935.0,4565,0.0,0.0
2024-06-10 09:00:00+09:00,4990.0,5020.0,4910.0,4945.0,0,0.0,0.0
2024-06-10 10:00:00+09:00,4945.0,4950.0,4915.0,4915.0,4679,0.0,0.0
2024-06-10 11:00:00+09:00,4915.0,4955.0,4910.0,4930.0,5061,0.0,0.0
2024-06-10 12:00:00+09:00,4935.0,4955.0,4930.0,4950.0,3731,0.0,0.0
2024-06-10 13:00:00+09:00,4955.0,5000.0,4950.0,5000.0,2532,0.0,0.0
2024-06-10 14:00:00+09:00,4995.0,5000.0,4930.0,4935.0,3628,0.0,0.0
2024-06-11 09:00:00+09:00,4975.0,5130.0,4935.0,4985.0,4760,0.0,0.0
2024-06-11 10:00:00+09:00,4985.0,4995.0,4975.0,4975.0,1984,0.0,0.0
2024-06-11 11:00:00+09:00,4975.0,4975.0,4965.0,4965.0,1703,0.0,0.0
2024-06-11 12:00:00+09:00,4965.0,4980.0,4965.0,4980.0,634,0.0,0.0
2024-06-11 13:00:00+09:00,4975.0,4985.0,4960.0,4985.0,3968,0.0,0.0
2024-06-11 14:00:00+09:00,4985.0,4985.0,4955.0,4955.0,1323,0.0,0.0
2024-06-12 09:00:00+09:00,4960.0,5060.0,4935.0,5050.0,10954,0.0,0.0
2024-06-12 10:00:00+09:00,5030.0,5040.0,4970.0,5020.0,6463,0.0,0.0
2024-06-12 11:00:00+09:00,5010.0,5020.0,4975.0,5020.0,7534,0.0,0.0
2024-06-12 12:00:00+09:00,5020.0,5020.0,4995.0,5000.0,2936,0.0,0.0
2024-06-12 13:00:00+09:00,5000.0,5020.0,4995.0,5000.0,978,0.0,0.0
2024-06-12 14:00:00+09:00,5000.0,5040.0,5000.0,5020.0,9545,0.0,0.0
2024-06-13 09:00:00+09:00,4990.0,5040.0,4990.0,5020.0,3349,0.0,0.0
2024-06-13 10:00:00+09:00,5010.0,5030.0,5000.0,5000.0,5319,0.0,0.0
2024-06-13 11:00:00+09:00,5000.0,5020.0,4995.0,5010.0,2572,0.0,0.0
2024-06-13 12:00:00+09:00,5020.0,5020.0,5000.0,5000.0,1516,0.0,0.0
2024-06-13 13:00:00+09:00,5000.0,5000.0,4945.0,4975.0,6865,0.0,0.0
2024-06-13 14:00:00+09:00,4970.0,4975.0,4955.0,4970.0,2666,0.0,0.0
2024-06-14 09:00:00+09:00,5060.0,5060.0,4900.0,4915.0,11005,0.0,0.0
2024-06-14 10:00:00+09:00,4920.0,4920.0,4890.0,4910.0,6158,0.0,0.0
2024-06-14 11:00:00+09:00,4910.0,4950.0,4890.0,4930.0,2832,0.0,0.0
2024-06-14 12:00:00+09:00,4930.0,4935.0,4930.0,4930.0,2436,0.0,0.0
2024-06-14 13:00:00+09:00,4930.0,4935.0,4900.0,4900.0,17287,0.0,0.0
2024-06-14 14:00:00+09:00,4900.0,4945.0,4900.0,4920.0,2253,0.0,0.0
2024-06-17 09:00:00+09:00,4860.0,5050.0,4860.0,5020.0,0,0.0,0.0
2024-06-17 10:00:00+09:00,5020.0,5080.0,4995.0,5060.0,12532,0.0,0.0
2024-06-17 11:00:00+09:00,5050.0,5110.0,5050.0,5060.0,14323,0.0,0.0
2024-06-17 12:00:00+09:00,5050.0,5060.0,5040.0,5040.0,4615,0.0,0.0
2024-06-17 13:00:00+09:00,5050.0,5050.0,5020.0,5030.0,4469,0.0,0.0
2024-06-17 14:00:00+09:00,5030.0,5030.0,4990.0,4990.0,6143,0.0,0.0
2024-06-18 09:00:00+09:00,5080.0,5080.0,4960.0,4995.0,12225,0.0,0.0
2024-06-18 10:00:00+09:00,4995.0,5020.0,4985.0,4985.0,2537,0.0,0.0
2024-06-18 11:00:00+09:00,4995.0,4995.0,4980.0,4985.0,1886,0.0,0.0
2024-06-18 12:00:00+09:00,4985.0,5030.0,4985.0,5010.0,3009,0.0,0.0
2024-06-18 13:00:00+09:00,5010.0,5010.0,4990.0,5010.0,822,0.0,0.0
2024-06-18 14:00:00+09:00,4995.0,5010.0,4975.0,4975.0,7361,0.0,0.0
2024-06-19 09:00:00+09:00,4990.0,5070.0,4990.0,5010.0,4900,0.0,0.0
2024-06-19 10:00:00+09:00,5010.0,5020.0,4975.0,4975.0,7818,0.0,0.0
2024-06-19 11:00:00+09:00,4970.0,4975.0,4970.0,4970.0,2338,0.0,0.0
2024-06-19 12:00:00+09:00,4975.0,4990.0,4975.0,4980.0,2234,0.0,0.0
2024-06-19 13:00:00+09:00,4980.0,5020.0,4980.0,5020.0,891,0.0,0.0
2024-06-19 14:00:00+09:00,5000.0,5010.0,4985.0,4990.0,3049,0.0,0.0
2024-06-20 09:00:00+09:00,5020.0,5020.0,5000.0,5010.0,1699,0.0,0.0
2024-06-20 10:00:00+09:00,5010.0,5010.0,4970.0,4995.0,12600,0.0,0.0
2024-06-20 11:00:00+09:00,4980.0,5020.0,4970.0,4970.0,5398,0.0,0.0
2024-06-20 12:00:00+09:00,4985.0,4985.0,4980.0,4980.0,0,0.0,0.0
2024-06-20 13:00:00+09:00,4980.0,5010.0,4980.0,5010.0,140,0.0,0.0
2024-06-20 14:00:00+09:00,4995.0,5020.0,4995.0,5010.0,917,0.0,0.0
2024-06-21 09:00:00+09:00,5020.0,5050.0,4980.0,5000.0,6749,0.0,0.0
2024-06-21 10:00:00+09:00,5020.0,5020.0,4980.0,4980.0,2509,0.0,0.0
2024-06-21 11:00:00+09:00,4990.0,5000.0,4980.0,4985.0,1720,0.0,0.0
2024-06-21 12:00:00+09:00,4985.0,4985.0,4975.0,4975.0,2807,0.0,0.0
2024-06-21 13:00:00+09:00,4975.0,4990.0,4970.0,4970.0,2518,0.0,0.0
2024-06-21 14:00:00+09:00,4970.0,4990.0,4960.0,4970.0,7309,0.0,0.0
2024-06-24 09:00:00+09:00,5090.0,5090.0,4980.0,5010.0,0,0.0,0.0
2024-06-24 10:00:00+09:00,5020.0,5070.0,5000.0,5030.0,8220,0.0,0.0
2024-06-24 11:00:00+09:00,5030.0,5030.0,4990.0,4990.0,8988,0.0,0.0
2024-06-24 12:00:00+09:00,5000.0,5070.0,5000.0,5060.0,8314,0.0,0.0
2024-06-24 13:00:00+09:00,5050.0,5070.0,5000.0,5000.0,10298,0.0,0.0
2024-06-24 14:00:00+09:00,5000.0,5050.0,4985.0,5050.0,1873,0.0,0.0
2024-06-25 09:00:00+09:00,5080.0,5080.0,4965.0,5020.0,13792,0.0,0.0
2024-06-25 10:00:00+09:00,4995.0,5050.0,4985.0,5050.0,3420,0.0,0.0
2024-06-25 11:00:00+09:00,5040.0,5050.0,5020.0,5040.0,4159,0.0,0.0
2024-06-25 12:00:00+09:00,5050.0,5150.0,5040.0,5120.0,26161,0.0,0.0
2024-06-25 13:00:00+09:00,5110.0,5210.0,5090.0,5210.0,22252,0.0,0.0
2024-06-25 14:00:00+09:00,5200.0,5300.0,5200.0,5250.0,22319,0.0,0.0
2024-06-26 09:00:00+09:00,5400.0,5400.0,5190.0,5330.0,30101,0.0,0.0
2024-06-26 10:00:00+09:00,5330.0,5500.0,5330.0,5490.0,22017,0.0,0.0
2024-06-26 11:00:00+09:00,5490.0,5540.0,5410.0,5490.0,39069,0.0,0.0
2024-06-26 12:00:00+09:00,5480.0,5500.0,5410.0,5460.0,11857,0.0,0.0
2024-06-26 13:00:00+09:00,5450.0,5500.0,5430.0,5430.0,4374,0.0,0.0
2024-06-26 14:00:00+09:00,5430.0,5470.0,5410.0,5450.0,7933,0.0,0.0
2024-06-27 09:00:00+09:00,5490.0,5490.0,5350.0,5440.0,21490,0.0,0.0
2024-06-27 10:00:00+09:00,5440.0,5500.0,5400.0,5420.0,17224,0.0,0.0
2024-06-27 11:00:00+09:00,5430.0,5460.0,5400.0,5410.0,7755,0.0,0.0
2024-06-27 12:00:00+09:00,5410.0,5510.0,5410.0,5510.0,24405,0.0,0.0
2024-06-27 13:00:00+09:00,5520.0,5550.0,5470.0,5480.0,24404,0.0,0.0
2024-06-27 14:00:00+09:00,5490.0,5500.0,5450.0,5460.0,5990,0.0,0.0
2024-06-28 09:00:00+09:00,5490.0,5490.0,5370.0,5430.0,11700,0.0,0.0
2024-06-28 10:00:00+09:00,5430.0,5460.0,5400.0,5460.0,2603,0.0,0.0
2024-06-28 11:00:00+09:00,5440.0,5450.0,5410.0,5410.0,5070,0.0,0.0
2024-06-28 12:00:00+09:00,5450.0,5450.0,5410.0,5440.0,3286,0.0,0.0
2024-06-28 13:00:00+09:00,5440.0,5500.0,5410.0,5500.0,10880,0.0,0.0
2024-06-28 14:00:00+09:00,5490.0,5500.0,5440.0,5460.0,7599,0.0,0.0
2024-07-01 09:00:00+09:00,5410.0,5840.0,5410.0,5740.0,89693,0.0,0.0
2024-07-01 10:00:00+09:00,5740.0,5890.0,5720.0,5740.0,84469,0.0,0.0
2024-07-01 11:00:00+09:00,5750.0,5810.0,5730.0,5810.0,20163,0.0,0.0
2024-07-01 12:00:00+09:00,5810.0,5840.0,5760.0,5790.0,15692,0.0,0.0
2024-07-01 13:00:00+09:00,5790.0,5890.0,5750.0,5860.0,34312,0.0,0.0
2024-07-01 14:00:00+09:00,5860.0,5890.0,5760.0,5790.0,27777,0.0,0.0
2024-07-02 09:00:00+09:00,5900.0,5990.0,5650.0,5810.0,105808,0.0,0.0
2024-07-02 10:00:00+09:00,5810.0,5880.0,5760.0,5810.0,0,0.0,0.0
2024-07-02 11:00:00+09:00,5830.0,5850.0,5820.0,5820.0,122320,0.0,0.0
2024-07-02 12:00:00+09:00,5830.0,5870.0,5810.0,5850.0,6588,0.0,0.0
2024-07-02 13:00:00+09:00,5850.0,5870.0,5810.0,5810.0,11753,0.0,0.0
2024-07-02 14:00:00+09:00,5810.0,5830.0,5760.0,5760.0,19662,0.0,0.0
2024-07-03 09:00:00+09:00,5700.0,5880.0,5700.0,5800.0,17541,0.0,0.0
2024-07-03 10:00:00+09:00,5800.0,5820.0,5730.0,5740.0,9614,0.0,0.0
2024-07-03 11:00:00+09:00,5730.0,5760.0,5730.0,5750.0,5000,0.0,0.0
2024-07-03 12:00:00+09:00,5740.0,5750.0,5710.0,5730.0,12645,0.0,0.0
2024-07-03 13:00:00+09:00,5710.0,5820.0,5710.0,5820.0,13316,0.0,0.0
2024-07-03 14:00:00+09:00,5820.0,5820.0,5760.0,5790.0,4406,0.0,0.0
2024-07-04 09:00:00+09:00,5750.0,5900.0,5750.0,5780.0,19098,0.0,0.0
2024-07-04 10:00:00+09:00,5780.0,5940.0,5750.0,5890.0,34608,0.0,0.0
2024-07-04 11:00:00+09:00,5890.0,5910.0,5820.0,5890.0,5692,0.0,0.0
2024-07-04 12:00:00+09:00,5880.0,5880.0,5830.0,5870.0,2387,0.0,0.0
2024-07-04 13:00:00+09:00,5830.0,5890.0,5820.0,5890.0,3196,0.0,0.0
2024-07-04 14:00:00+09:00,5880.0,5900.0,5830.0,5870.0,8106,0.0,0.0
2024-07-05 09:00:00+09:00,5920.0,5930.0,5830.0,5900.0,22620,0.0,0.0
2024-07-05 10:00:00+09:00,5860.0,5900.0,5860.0,5900.0,3165,0.0,0.0
2024-07-05 11:00:00+09:00,5900.0,5970.0,5900.0,5930.0,9576,0.0,0.0
2024-07-05 12:00:00+09:00,5930.0,5950.0,5900.0,5920.0,16252,0.0,0.0
2024-07-05 13:00:00+09:00,5920.0,5950.0,5890.0,5910.0,9580,0.0,0.0
2024-07-05 14:00:00+09:00,5910.0,5940.0,5860.0,5890.0,14987,0.0,0.0
2024-07-08 09:00:00+09:00,5940.0,5990.0,5810.0,5810.0,0,0.0,0.0
2024-07-08 10:00:00+09:00,5810.0,5920.0,5800.0,5810.0,12086,0.0,0.0
2024-07-08 11:00:00+09:00,5810.0,5880.0,5810.0,5820.0,1882,0.0,0.0
2024-07-08 12:00:00+09:00,5820.0,5880.0,5820.0,5880.0,3618,0.0,0.0
2024-07-08 13:00:00+09:00,5890.0,6050.0,5890.0,5950.0,59352,0.0,0.0
2024-07-08 14:00:00+09:00,5940.0,6090.0,5930.0,5990.0,23917,0.0,0.0
2024-07-09 09:00:00+09:00,6070.0,6250.0,6040.0,6230.0,47057,0.0,0.0
2024-07-09 10:00:00+09:00,6210.0,6290.0,6210.0,6250.0,21374,0.0,0.0
2024-07-09 11:00:00+09:00,6250.0,6280.0,6220.0,6280.0,13067,0.0,0.0
2024-07-09 12:00:00+09:00,6280.0,6610.0,6240.0,6610.0,123671,0.0,0.0
2024-07-09 13:00:00+09:00,6610.0,6650.0,6520.0,6630.0,76082,0.0,0.0
2024-07-09 14:00:00+09:00,6630.0,6680.0,6600.0,6620.0,56961,0.0,0.0
2024-07-10 09:00:00+09:00,6540.0,6770.0,6100.0,6210.0,143238,0.0,0.0
2024-07-10 10:00:00+09:00,6190.0,6460.0,6180.0,6280.0,38809,0.0,0.0
2024-07-10 11:00:00+09:00,6270.0,6310.0,6200.0,6230.0,18560,0.0,0.0
2024-07-10 12:00:00+09:00,6230.0,6270.0,6000.0,6220.0,57297,0.0,0.0
2024-07-10 13:00:00+09:00,6230.0,6250.0,6150.0,6150.0,26610,0.0,0.0
2024-07-10 14:00:00+09:00,6150.0,6240.0,6050.0,6180.0,42877,0.0,0.0
2024-07-11 09:00:00+09:00,6310.0,6390.0,6170.0,6370.0,35139,0.0,0.0
2024-07-11 10:00:00+09:00,6370.0,6370.0,5940.0,6040.0,68557,0.0,0.0
2024-07-11 11:00:00+09:00,6040.0,6110.0,5550.0,5600.0,120173,0.0,0.0
2024-07-11 12:00:00+09:00,5600.0,5770.0,5500.0,5680.0,56131,0.0,0.0
2024-07-11 13:00:00+09:00,5680.0,5900.0,5470.0,5490.0,97290,0.0,0.0
2024-07-11 14:00:00+09:00,5490.0,5790.0,5490.0,5610.0,43206,0.0,0.0
2024-07-12 09:00:00+09:00,5690.0,5740.0,5300.0,5410.0,63990,0.0,0.0
2024-07-12 10:00:00+09:00,5410.0,5420.0,5290.0,5350.0,61292,0.0,0.0
2024-07-12 11:00:00+09:00,5390.0,5500.0,5380.0,5420.0,23958,0.0,0.0
2024-07-12 12:00:00+09:00,5410.0,5520.0,5380.0,5460.0,6879,0.0,0.0
2024-07-12 13:00:00+09:00,5480.0,5480.0,5440.0,5440.0,6649,0.0,0.0
2024-07-12 14:00:00+09:00,5460.0,5560.0,5460.0,5520.0,16696,0.0,0.0
2024-07-15 09:00:00+09:00,5700.0,6030.0,5580.0,5940.0,0,0.0,0.0
2024-07-15 10:00:00+09:00,5970.0,6100.0,5500.0,5730.0,118782,0.0,0.0
2024-07-15 11:00:00+09:00,5760.0,5790.0,5610.0,5630.0,26739,0.0,0.0
2024-07-15 12:00:00+09:00,5630.0,5730.0,5620.0,5650.0,11241,0.0,0.0
2024-07-15 13:00:00+09:00,5660.0,5950.0,5650.0,5890.0,45604,0.0,0.0
2024-07-15 14:00:00+09:00,5890.0,5930.0,5850.0,5870.0,21675,0.0,0.0
2024-07-16 09:00:00+09:00,5890.0,5890.0,5730.0,5840.0,28346,0.0,0.0
2024-07-16 10:00:00+09:00,5840.0,5880.0,5760.0,5850.0,16440,0.0,0.0
2024-07-16 11:00:00+09:00,5840.0,5880.0,5820.0,5880.0,4857,0.0,0.0
2024-07-16 12:00:00+09:00,5880.0,5910.0,5840.0,5870.0,9444,0.0,0.0
2024-07-16 13:00:00+09:00,5860.0,5890.0,5850.0,5890.0,12064,0.0,0.0
2024-07-16 14:00:00+09:00,5890.0,5950.0,5820.0,5900.0,13038,0.0,0.0
2024-07-17 09:00:00+09:00,6140.0,6160.0,5950.0,6120.0,67649,0.0,0.0
2024-07-17 10:00:00+09:00,6120.0,6140.0,6100.0,6120.0,19817,0.0,0.0
2024-07-17 11:00:00+09:00,6120.0,6160.0,6040.0,6120.0,25561,0.0,0.0
2024-07-17 12:00:00+09:00,6130.0,6150.0,6100.0,6120.0,3457,0.0,0.0
2024-07-17 13:00:00+09:00,6120.0,6350.0,6120.0,6160.0,68187,0.0,0.0
2024-07-17 14:00:00+09:00,6200.0,6300.0,6170.0,6170.0,32402,0.0,0.0
2024-07-18 09:00:00+09:00,6300.0,6500.0,6100.0,6450.0,162269,0.0,0.0
2024-07-18 10:00:00+09:00,6440.0,6530.0,6410.0,6420.0,60587,0.0,0.0
2024-07-18 11:00:00+09:00,6430.0,6490.0,6420.0,6440.0,24171,0.0,0.0
2024-07-18 12:00:00+09:00,6440.0,6440.0,6280.0,6290.0,40635,0.0,0.0
2024-07-18 13:00:00+09:00,6300.0,6420.0,6290.0,6350.0,16519,0.0,0.0
2024-07-18 14:00:00+09:00,6350.0,6760.0,6000.0,6330.0,426196,0.0,0.0
2024-07-19 09:00:00+09:00,6270.0,6520.0,6190.0,6510.0,47433,0.0,0.0
2024-07-19 10:00:00+09:00,6510.0,6630.0,6370.0,6440.0,65171,0.0,0.0
2024-07-19 11:00:00+09:00,6440.0,6490.0,6350.0,6490.0,12351,0.0,0.0
2024-07-19 12:00:00+09:00,6420.0,6450.0,6400.0,6410.0,6704,0.0,0.0
2024-07-19 13:00:00+09:00,6410.0,6510.0,6410.0,6490.0,22217,0.0,0.0
2024-07-19 14:00:00+09:00,6490.0,6570.0,6380.0,6410.0,35556,0.0,0.0
2024-07-22 09:00:00+09:00,6550.0,6660.0,6410.0,6590.0,0,0.0,0.0
2024-07-22 10:00:00+09:00,6590.0,6700.0,6490.0,6610.0,54458,0.0,0.0
2024-07-22 11:00:00+09:00,6600.0,6660.0,6510.0,6520.0,29465,0.0,0.0
2024-07-22 12:00:00+09:00,6530.0,6640.0,6530.0,6630.0,16065,0.0,0.0
2024-07-22 13:00:00+09:00,6630.0,6690.0,6620.0,6620.0,34117,0.0,0.0
2024-07-22 14:00:00+09:00,6630.0,6670.0,6570.0,6650.0,20266,0.0,0.0
2024-07-23 09:00:00+09:00,7000.0,7920.0,6860.0,7770.0,1295999,0.0,0.0
2024-07-23 10:00:00+09:00,7760.0,8000.0,7590.0,7990.0,474748,0.0,0.0
2024-07-23 11:00:00+09:00,8000.0,8250.0,7990.0,8190.0,341541,0.0,0.0
2024-07-23 12:00:00+09:00,8180.0,8540.0,8180.0,8480.0,485280,0.0,0.0
2024-07-23 13:00:00+09:00,8480.0,8600.0,8130.0,8320.0,464092,0.0,0.0
2024-07-23 14:00:00+09:00,8320.0,8640.0,8150.0,8440.0,827310,0.0,0.0
2024-07-24 09:00:00+09:00,8240.0,8640.0,6780.0,6820.0,2349575,0.0,0.0
2024-07-24 10:00:00+09:00,6830.0,7200.0,6810.0,7050.0,432434,0.0,0.0
2024-07-24 11:00:00+09:00,7070.0,7250.0,6740.0,6810.0,424013,0.0,0.0
2024-07-24 12:00:00+09:00,6810.0,6900.0,6610.0,6610.0,334652,0.0,0.0
2024-07-24 13:00:00+09:00,6610.0,6710.0,6480.0,6550.0,360231,0.0,0.0
2024-07-24 14:00:00+09:00,6580.0,6780.0,6380.0,6740.0,357191,0.0,0.0
2024-07-25 09:00:00+09:00,6440.0,6450.0,6050.0,6090.0,528208,0.0,0.0
2024-07-25 10:00:00+09:00,6090.0,6120.0,5900.0,5930.0,209824,0.0,0.0
2024-07-25 11:00:00+09:00,5920.0,5930.0,5760.0,5800.0,233521,0.0,0.0
2024-07-25 12:00:00+09:00,5800.0,6120.0,5750.0,6040.0,201496,0.0,0.0
2024-07-25 13:00:00+09:00,6060.0,6290.0,5950.0,6140.0,268883,0.0,0.0
2024-07-25 14:00:00+09:00,6150.0,6360.0,6020.0,6100.0,115954,0.0,0.0
2024-07-26 09:00:00+09:00,5990.0,6280.0,5880.0,6210.0,223258,0.0,0.0
2024-07-26 10:00:00+09:00,6190.0,6240.0,5960.0,6010.0,64419,0.0,0.0
2024-07-26 11:00:00+09:00,6010.0,6070.0,5970.0,6020.0,24152,0.0,0.0
2024-07-26 12:00:00+09:00,6050.0,6110.0,6020.0,6020.0,45181,0.0,0.0
2024-07-26 13:00:00+09:00,6060.0,6070.0,5960.0,6010.0,29601,0.0,0.0
2024-07-26 14:00:00+09:00,6010.0,6040.0,5960.0,5960.0,29687,0.0,0.0
