Datetime,Open,High,Low,Close,Volume,Dividends,Stock Splits
2024-07-01 09:00:00+09:00,2344.0,2346.5,2327.0,2328.5,0,0.0,0.0
2024-07-01 09:01:00+09:00,2327.0,2334.5,2327.0,2332.0,11800,0.0,0.0
2024-07-01 09:02:00+09:00,2332.0,2332.5,2327.5,2328.5,37500,0.0,0.0
2024-07-01 09:03:00+09:00,2329.0,2331.0,2327.0,2329.5,12500,0.0,0.0
2024-07-01 09:04:00+09:00,2329.5,2341.5,2329.5,2341.5,21700,0.0,0.0
2024-07-01 09:05:00+09:00,2341.0,2343.0,2337.5,2338.5,12900,0.0,0.0
2024-07-01 09:06:00+09:00,2339.0,2347.0,2338.5,2347.0,31500,0.0,0.0
2024-07-01 09:07:00+09:00,2346.5,2349.5,2343.0,2344.5,36300,0.0,0.0
2024-07-01 09:08:00+09:00,2346.0,2347.5,2339.5,2341.0,18900,0.0,0.0
2024-07-01 09:09:00+09:00,2341.5,2347.5,2341.5,2347.5,16200,0.0,0.0
2024-07-01 09:10:00+09:00,2347.5,2348.5,2343.5,2344.0,11700,0.0,0.0
2024-07-01 09:11:00+09:00,2344.5,2350.5,2344.5,2349.0,51200,0.0,0.0
2024-07-01 09:12:00+09:00,2349.5,2354.5,2349.5,2350.0,39500,0.0,0.0
2024-07-01 09:13:00+09:00,2350.0,2350.5,2344.5,2349.5,20400,0.0,0.0
2024-07-01 09:14:00+09:00,2350.0,2351.5,2348.0,2351.0,17000,0.0,0.0
2024-07-01 09:15:00+09:00,2351.5,2352.5,2350.5,2352.0,10600,0.0,0.0
2024-07-01 09:16:00+09:00,2352.0,2353.0,2347.0,2347.0,18800,0.0,0.0
2024-07-01 09:17:00+09:00,2347.0,2349.5,2346.0,2349.5,16900,0.0,0.0
2024-07-01 09:18:00+09:00,2350.0,2351.0,2346.0,2346.0,5000,0.0,0.0
2024-07-01 09:19:00+09:00,2345.5,2345.5,2342.0,2344.5,15200,0.0,0.0
2024-07-01 09:20:00+09:00,2344.0,2345.5,2342.0,2344.5,6300,0.0,0.0
2024-07-01 09:21:00+09:00,2344.0,2346.0,2344.0,2345.0,6300,0.0,0.0
2024-07-01 09:22:00+09:00,2344.5,2345.5,2342.0,2342.0,5500,0.0,0.0
2024-07-01 09:23:00+09:00,2342.5,2345.0,2342.5,2345.0,9500,0.0,0.0
2024-07-01 09:24:00+09:00,2344.5,2345.0,2342.0,2342.0,5600,0.0,0.0
2024-07-01 09:25:00+09:00,2342.0,2345.0,2342.0,2342.0,6100,0.0,0.0
2024-07-01 09:26:00+09:00,2342.0,2343.0,2341.5,2342.0,3900,0.0,0.0
2024-07-01 09:27:00+09:00,2341.5,2344.0,2341.0,2341.0,5100,0.0,0.0
2024-07-01 09:28:00+09:00,2340.5,2340.5,2337.5,2338.0,7300,0.0,0.0
2024-07-01 09:29:00+09:00,2338.0,2339.5,2338.0,2339.5,2400,0.0,0.0
2024-07-01 09:30:00+09:00,2339.5,2340.0,2335.5,2336.0,17500,0.0,0.0
2024-07-01 09:31:00+09:00,2336.0,2337.0,2334.5,2337.0,11900,0.0,0.0
2024-07-01 09:32:00+09:00,2336.5,2340.0,2336.5,2338.0,10400,0.0,0.0
2024-07-01 09:33:00+09:00,2338.0,2339.5,2336.5,2337.0,5700,0.0,0.0
2024-07-01 09:34:00+09:00,2337.0,2338.5,2337.0,2337.5,3500,0.0,0.0
2024-07-01 09:35:00+09:00,2337.5,2337.5,2334.0,2335.0,11400,0.0,0.0
2024-07-01 09:36:00+09:00,2335.5,2335.5,2331.5,2331.5,19400,0.0,0.0
2024-07-01 09:37:00+09:00,2331.5,2331.5,2327.0,2328.0,32400,0.0,0.0
2024-07-01 09:38:00+09:00,2328.5,2328.5,2327.0,2327.5,7600,0.0,0.0
2024-07-01 09:39:00+09:00,2328.0,2329.0,2327.5,2328.5,13900,0.0,0.0
2024-07-01 09:40:00+09:00,2328.5,2328.5,2326.0,2326.0,7000,0.0,0.0
2024-07-01 09:41:00+09:00,2326.5,2326.5,2325.0,2325.0,8800,0.0,0.0
2024-07-01 09:42:00+09:00,2324.5,2325.0,2323.0,2323.0,15000,0.0,0.0
2024-07-01 09:43:00+09:00,2323.5,2324.0,2322.0,2322.0,8600,0.0,0.0
2024-07-01 09:44:00+09:00,2322.5,2323.5,2321.5,2321.5,10100,0.0,0.0
2024-07-01 09:45:00+09:00,2322.0,2323.0,2322.0,2322.5,6300,0.0,0.0
2024-07-01 09:46:00+09:00,2322.5,2325.0,2321.0,2325.0,22100,0.0,0.0
2024-07-01 09:47:00+09:00,2325.5,2325.5,2323.0,2323.0,6100,0.0,0.0
2024-07-01 09:48:00+09:00,2323.0,2326.5,2323.0,2326.5,8800,0.0,0.0
2024-07-01 09:49:00+09:00,2326.5,2326.5,2323.0,2323.0,5400,0.0,0.0
2024-07-01 09:50:00+09:00,2323.5,2324.0,2322.5,2322.5,4400,0.0,0.0
2024-07-01 09:51:00+09:00,2323.5,2325.5,2323.5,2323.5,5200,0.0,0.0
2024-07-01 09:52:00+09:00,2323.5,2324.0,2323.5,2324.0,2800,0.0,0.0
2024-07-01 09:53:00+09:00,2324.0,2325.0,2324.0,2325.0,3100,0.0,0.0
2024-07-01 09:54:00+09:00,2325.0,2325.0,2324.0,2324.0,5400,0.0,0.0
2024-07-01 09:55:00+09:00,2323.5,2324.5,2321.0,2322.5,23100,0.0,0.0
2024-07-01 09:56:00+09:00,2322.5,2323.0,2321.0,2321.5,5100,0.0,0.0
2024-07-01 09:57:00+09:00,2321.5,2323.0,2321.0,2323.0,6100,0.0,0.0
2024-07-01 09:58:00+09:00,2323.5,2324.0,2321.0,2321.5,4300,0.0,0.0
2024-07-01 09:59:00+09:00,2321.0,2322.0,2318.5,2319.0,33000,0.0,0.0
2024-07-01 10:00:00+09:00,2320.0,2322.0,2320.0,2320.0,7200,0.0,0.0
2024-07-01 10:01:00+09:00,2320.0,2320.5,2318.5,2319.5,17700,0.0,0.0
2024-07-01 10:02:00+09:00,2320.0,2320.0,2316.0,2316.0,13700,0.0,0.0
2024-07-01 10:03:00+09:00,2316.5,2318.5,2316.5,2317.5,4500,0.0,0.0
2024-07-01 10:04:00+09:00,2318.0,2318.5,2317.5,2318.0,4500,0.0,0.0
2024-07-01 10:05:00+09:00,2318.5,2318.5,2318.0,2318.5,4600,0.0,0.0
2024-07-01 10:06:00+09:00,2318.5,2318.5,2317.5,2317.5,6200,0.0,0.0
2024-07-01 10:07:00+09:00,2317.5,2318.0,2315.0,2315.0,18300,0.0,0.0
2024-07-01 10:08:00+09:00,2315.5,2319.0,2315.5,2318.0,8000,0.0,0.0
2024-07-01 10:09:00+09:00,2317.5,2319.0,2317.0,2317.0,3700,0.0,0.0
2024-07-01 10:10:00+09:00,2317.5,2317.5,2316.5,2316.5,3900,0.0,0.0
2024-07-01 10:11:00+09:00,2316.0,2317.5,2316.0,2317.5,3000,0.0,0.0
2024-07-01 10:12:00+09:00,2318.0,2320.0,2318.0,2318.5,13900,0.0,0.0
2024-07-01 10:13:00+09:00,2318.0,2318.0,2317.0,2317.5,5400,0.0,0.0
2024-07-01 10:14:00+09:00,2317.5,2317.5,2316.0,2316.5,5100,0.0,0.0
2024-07-01 10:15:00+09:00,2316.5,2317.0,2315.5,2315.5,9200,0.0,0.0
2024-07-01 10:16:00+09:00,2315.0,2317.0,2315.0,2317.0,4100,0.0,0.0
2024-07-01 10:17:00+09:00,2317.0,2322.5,2317.0,2320.5,9700,0.0,0.0
2024-07-01 10:18:00+09:00,2320.0,2320.0,2318.0,2318.0,7300,0.0,0.0
2024-07-01 10:19:00+09:00,2318.0,2318.0,2317.0,2317.0,1700,0.0,0.0
2024-07-01 10:20:00+09:00,2317.5,2319.0,2317.5,2317.5,3800,0.0,0.0
2024-07-01 10:21:00+09:00,2317.5,2317.5,2316.5,2316.5,3600,0.0,0.0
2024-07-01 10:22:00+09:00,2316.5,2317.5,2316.5,2317.0,2600,0.0,0.0
2024-07-01 10:23:00+09:00,2317.0,2319.0,2317.0,2318.0,21200,0.0,0.0
2024-07-01 10:24:00+09:00,2318.0,2320.0,2317.5,2317.5,4200,0.0,0.0
2024-07-01 10:25:00+09:00,2318.0,2319.0,2318.0,2318.5,4400,0.0,0.0
2024-07-01 10:26:00+09:00,2319.0,2319.5,2319.0,2319.0,2900,0.0,0.0
2024-07-01 10:27:00+09:00,2319.5,2320.5,2319.5,2320.5,8800,0.0,0.0
2024-07-01 10:28:00+09:00,2321.0,2321.5,2320.5,2321.0,3800,0.0,0.0
2024-07-01 10:29:00+09:00,2321.5,2322.5,2319.5,2321.5,12500,0.0,0.0
2024-07-01 10:30:00+09:00,2322.0,2324.5,2322.0,2324.5,10400,0.0,0.0
2024-07-01 10:31:00+09:00,2325.0,2328.5,2325.0,2328.5,19200,0.0,0.0
2024-07-01 10:32:00+09:00,2328.0,2329.5,2327.5,2329.5,12400,0.0,0.0
2024-07-01 10:33:00+09:00,2329.0,2329.0,2326.0,2326.0,7400,0.0,0.0
2024-07-01 10:34:00+09:00,2326.0,2327.5,2324.0,2324.0,6200,0.0,0.0
2024-07-01 10:35:00+09:00,2324.5,2327.5,2324.5,2327.0,2900,0.0,0.0
2024-07-01 10:36:00+09:00,2327.0,2327.5,2327.0,2327.5,2400,0.0,0.0
2024-07-01 10:37:00+09:00,2327.5,2327.5,2326.5,2326.5,4600,0.0,0.0
2024-07-01 10:38:00+09:00,2327.0,2328.5,2327.0,2327.0,5000,0.0,0.0
2024-07-01 10:39:00+09:00,2327.0,2327.0,2327.0,2327.0,2100,0.0,0.0
2024-07-01 10:40:00+09:00,2327.0,2328.0,2327.0,2327.0,6400,0.0,0.0
2024-07-01 10:41:00+09:00,2327.5,2328.0,2326.0,2326.0,3100,0.0,0.0
2024-07-01 10:42:00+09:00,2326.5,2326.5,2323.5,2324.0,7200,0.0,0.0
2024-07-01 10:43:00+09:00,2324.0,2324.0,2323.5,2323.5,1400,0.0,0.0
2024-07-01 10:44:00+09:00,2323.5,2325.5,2323.5,2325.5,5100,0.0,0.0
2024-07-01 10:45:00+09:00,2325.5,2326.0,2325.5,2325.5,2300,0.0,0.0
2024-07-01 10:46:00+09:00,2326.0,2326.0,2323.5,2323.5,5200,0.0,0.0
2024-07-01 10:47:00+09:00,2323.5,2324.0,2322.5,2323.0,9700,0.0,0.0
2024-07-01 10:48:00+09:00,2323.5,2324.0,2323.5,2323.5,3900,0.0,0.0
2024-07-01 10:49:00+09:00,2323.5,2323.5,2323.5,2323.5,1200,0.0,0.0
2024-07-01 10:50:00+09:00,2324.0,2324.5,2323.5,2323.5,4300,0.0,0.0
2024-07-01 10:51:00+09:00,2323.0,2323.0,2322.0,2322.5,4100,0.0,0.0
2024-07-01 10:52:00+09:00,2322.5,2323.0,2322.0,2322.5,10200,0.0,0.0
2024-07-01 10:53:00+09:00,2323.0,2323.5,2323.0,2323.5,3400,0.0,0.0
2024-07-01 10:54:00+09:00,2324.0,2325.0,2324.0,2324.5,5800,0.0,0.0
2024-07-01 10:55:00+09:00,2324.5,2324.5,2323.0,2323.0,4400,0.0,0.0
2024-07-01 10:56:00+09:00,2323.0,2324.5,2323.0,2324.5,2700,0.0,0.0
2024-07-01 10:57:00+09:00,2325.0,2326.0,2324.0,2324.0,7800,0.0,0.0
2024-07-01 10:58:00+09:00,2325.0,2325.5,2322.5,2323.0,7500,0.0,0.0
2024-07-01 10:59:00+09:00,2323.0,2323.5,2323.0,2323.5,600,0.0,0.0
2024-07-01 11:00:00+09:00,2323.0,2323.0,2321.5,2323.0,7900,0.0,0.0
2024-07-01 11:01:00+09:00,2323.0,2323.0,2322.0,2322.5,2800,0.0,0.0
2024-07-01 11:02:00+09:00,2322.5,2323.0,2322.5,2323.0,3300,0.0,0.0
2024-07-01 11:03:00+09:00,2323.0,2323.0,2322.5,2322.5,3200,0.0,0.0
2024-07-01 11:04:00+09:00,2323.0,2323.5,2323.0,2323.0,3900,0.0,0.0
2024-07-01 11:05:00+09:00,2322.5,2322.5,2322.0,2322.5,5100,0.0,0.0
2024-07-01 11:06:00+09:00,2322.5,2322.5,2322.5,2322.5,900,0.0,0.0
2024-07-01 11:07:00+09:00,2323.0,2323.0,2322.5,2323.0,300,0.0,0.0
2024-07-01 11:08:00+09:00,2323.0,2323.0,2320.5,2321.0,11000,0.0,0.0
2024-07-01 11:09:00+09:00,2321.5,2322.0,2321.5,2321.5,1800,0.0,0.0
2024-07-01 11:10:00+09:00,2322.0,2322.0,2322.0,2322.0,400,0.0,0.0
2024-07-01 11:11:00+09:00,2321.5,2322.0,2320.5,2322.0,11200,0.0,0.0
2024-07-01 11:12:00+09:00,2322.0,2322.5,2320.0,2320.0,4400,0.0,0.0
2024-07-01 11:13:00+09:00,2320.5,2321.5,2320.5,2321.5,8000,0.0,0.0
2024-07-01 11:14:00+09:00,2322.0,2324.0,2322.0,2324.0,8300,0.0,0.0
2024-07-01 11:15:00+09:00,2324.5,2325.5,2324.5,2325.5,6500,0.0,0.0
2024-07-01 11:16:00+09:00,2324.0,2325.0,2324.0,2325.0,2100,0.0,0.0
2024-07-01 11:17:00+09:00,2325.5,2326.5,2325.5,2326.5,3900,0.0,0.0
2024-07-01 11:18:00+09:00,2326.5,2332.5,2326.5,2331.5,21500,0.0,0.0
2024-07-01 11:19:00+09:00,2332.0,2332.0,2329.5,2331.0,15900,0.0,0.0
2024-07-01 11:20:00+09:00,2330.5,2331.0,2329.5,2330.0,8700,0.0,0.0
2024-07-01 11:21:00+09:00,2329.0,2329.0,2328.0,2329.0,5700,0.0,0.0
2024-07-01 11:22:00+09:00,2329.0,2329.5,2329.0,2329.0,5900,0.0,0.0
2024-07-01 11:23:00+09:00,2330.0,2331.0,2330.0,2331.0,2500,0.0,0.0
2024-07-01 11:24:00+09:00,2331.0,2335.0,2331.0,2333.5,11900,0.0,0.0
2024-07-01 11:25:00+09:00,2334.0,2336.0,2334.0,2335.0,6500,0.0,0.0
2024-07-01 11:26:00+09:00,2334.5,2334.5,2334.0,2334.0,4200,0.0,0.0
2024-07-01 11:27:00+09:00,2333.5,2334.0,2333.5,2333.5,1100,0.0,0.0
2024-07-01 11:28:00+09:00,2334.0,2335.0,2334.0,2334.5,4000,0.0,0.0
2024-07-01 11:29:00+09:00,2334.5,2337.0,2334.5,2336.0,9000,0.0,0.0
2024-07-01 11:30:00+09:00,2335.0,2335.0,2335.0,2335.0,3100,0.0,0.0
2024-07-01 11:35:00+09:00,2335.0,2335.0,2335.0,2335.0,0,0.0,0.0
2024-07-01 12:30:00+09:00,2341.0,2341.0,2331.5,2336.0,1627700,0.0,0.0
2024-07-01 12:31:00+09:00,2337.0,2339.5,2336.5,2339.5,11100,0.0,0.0
2024-07-01 12:32:00+09:00,2339.5,2345.0,2339.5,2345.0,68200,0.0,0.0
2024-07-01 12:33:00+09:00,2344.0,2349.5,2343.5,2349.5,41200,0.0,0.0
2024-07-01 12:34:00+09:00,2348.5,2351.0,2348.0,2350.0,34300,0.0,0.0
2024-07-01 12:35:00+09:00,2350.5,2353.0,2350.0,2352.0,61400,0.0,0.0
2024-07-01 12:36:00+09:00,2352.0,2353.5,2352.0,2353.5,19500,0.0,0.0
2024-07-01 12:37:00+09:00,2353.0,2353.5,2352.5,2353.5,11300,0.0,0.0
2024-07-01 12:38:00+09:00,2353.0,2353.0,2349.5,2352.5,20000,0.0,0.0
2024-07-01 12:39:00+09:00,2352.0,2353.0,2351.0,2352.5,26800,0.0,0.0
2024-07-01 12:40:00+09:00,2353.0,2355.0,2353.0,2354.0,36700,0.0,0.0
2024-07-01 12:41:00+09:00,2353.5,2356.5,2353.0,2353.5,46000,0.0,0.0
2024-07-01 12:42:00+09:00,2352.5,2354.0,2352.5,2353.5,1900,0.0,0.0
2024-07-01 12:43:00+09:00,2353.5,2355.0,2353.5,2354.0,6800,0.0,0.0
2024-07-01 12:44:00+09:00,2353.5,2353.5,2351.0,2352.5,11900,0.0,0.0
2024-07-01 12:45:00+09:00,2351.5,2354.0,2351.5,2354.0,24400,0.0,0.0
2024-07-01 12:46:00+09:00,2354.5,2355.5,2354.0,2354.5,13800,0.0,0.0
2024-07-01 12:47:00+09:00,2354.0,2355.0,2354.0,2355.0,6800,0.0,0.0
2024-07-01 12:48:00+09:00,2355.0,2355.5,2353.5,2353.5,12100,0.0,0.0
2024-07-01 12:49:00+09:00,2353.5,2354.5,2352.5,2354.5,10600,0.0,0.0
2024-07-01 12:50:00+09:00,2353.5,2355.5,2353.5,2355.0,18900,0.0,0.0
2024-07-01 12:51:00+09:00,2354.5,2357.5,2353.5,2356.0,32300,0.0,0.0
2024-07-01 12:52:00+09:00,2356.0,2357.5,2355.5,2357.0,14600,0.0,0.0
2024-07-01 12:53:00+09:00,2356.5,2361.0,2356.5,2360.5,46400,0.0,0.0
2024-07-01 12:54:00+09:00,2360.5,2361.5,2360.5,2361.5,10900,0.0,0.0
2024-07-01 12:55:00+09:00,2361.0,2361.5,2358.5,2359.0,19800,0.0,0.0
2024-07-01 12:56:00+09:00,2358.5,2359.5,2357.5,2358.0,17700,0.0,0.0
2024-07-01 12:57:00+09:00,2358.0,2358.0,2356.0,2357.0,11100,0.0,0.0
2024-07-01 12:58:00+09:00,2356.5,2357.0,2356.0,2356.5,5100,0.0,0.0
2024-07-01 12:59:00+09:00,2356.0,2357.0,2356.0,2357.0,4400,0.0,0.0
2024-07-01 13:00:00+09:00,2357.0,2357.5,2353.0,2353.0,12300,0.0,0.0
2024-07-01 13:01:00+09:00,2353.5,2353.5,2352.0,2352.5,14600,0.0,0.0
2024-07-01 13:02:00+09:00,2352.5,2353.0,2352.0,2353.0,2700,0.0,0.0
2024-07-01 13:03:00+09:00,2352.5,2353.0,2352.5,2352.5,7800,0.0,0.0
2024-07-01 13:04:00+09:00,2352.5,2354.0,2352.5,2353.5,6000,0.0,0.0
2024-07-01 13:05:00+09:00,2354.0,2354.5,2352.5,2353.0,11900,0.0,0.0
2024-07-01 13:06:00+09:00,2353.0,2353.0,2352.5,2352.5,3600,0.0,0.0
2024-07-01 13:07:00+09:00,2352.5,2356.5,2352.5,2355.0,29300,0.0,0.0
2024-07-01 13:08:00+09:00,2354.5,2354.5,2353.0,2353.5,11400,0.0,0.0
2024-07-01 13:09:00+09:00,2352.5,2353.0,2349.5,2350.5,20700,0.0,0.0
2024-07-01 13:10:00+09:00,2350.0,2350.5,2350.0,2350.5,2200,0.0,0.0
2024-07-01 13:11:00+09:00,2350.5,2352.5,2350.5,2351.5,11800,0.0,0.0
2024-07-01 13:12:00+09:00,2351.0,2353.0,2351.0,2352.5,5500,0.0,0.0
2024-07-01 13:13:00+09:00,2352.0,2353.5,2352.0,2353.5,3600,0.0,0.0
2024-07-01 13:14:00+09:00,2353.0,2355.0,2353.0,2354.5,6200,0.0,0.0
2024-07-01 13:15:00+09:00,2354.0,2355.5,2353.5,2355.0,10100,0.0,0.0
2024-07-01 13:16:00+09:00,2355.0,2355.5,2353.5,2353.5,7900,0.0,0.0
2024-07-01 13:17:00+09:00,2353.5,2354.5,2353.5,2354.5,2800,0.0,0.0
2024-07-01 13:18:00+09:00,2355.0,2355.0,2354.5,2354.5,1400,0.0,0.0
2024-07-01 13:19:00+09:00,2354.5,2355.5,2354.5,2355.0,7500,0.0,0.0
2024-07-01 13:20:00+09:00,2355.0,2355.5,2355.0,2355.5,2600,0.0,0.0
2024-07-01 13:21:00+09:00,2356.0,2357.5,2356.0,2357.5,8700,0.0,0.0
2024-07-01 13:22:00+09:00,2357.0,2358.5,2356.5,2358.5,13800,0.0,0.0
2024-07-01 13:23:00+09:00,2359.0,2359.0,2358.5,2358.5,4000,0.0,0.0
2024-07-01 13:24:00+09:00,2358.0,2358.0,2356.5,2357.5,7400,0.0,0.0
2024-07-01 13:25:00+09:00,2358.0,2359.5,2357.5,2358.5,10400,0.0,0.0
2024-07-01 13:26:00+09:00,2359.0,2359.0,2358.5,2359.0,1500,0.0,0.0
2024-07-01 13:27:00+09:00,2359.0,2359.5,2355.5,2355.5,13000,0.0,0.0
2024-07-01 13:28:00+09:00,2356.0,2356.5,2355.0,2355.0,9300,0.0,0.0
2024-07-01 13:29:00+09:00,2355.0,2355.0,2354.5,2355.0,1200,0.0,0.0
2024-07-01 13:30:00+09:00,2355.0,2355.0,2353.0,2353.5,7800,0.0,0.0
2024-07-01 13:31:00+09:00,2353.5,2353.5,2352.5,2353.5,4800,0.0,0.0
2024-07-01 13:32:00+09:00,2353.5,2354.0,2353.5,2354.0,2200,0.0,0.0
2024-07-01 13:33:00+09:00,2353.5,2355.0,2353.5,2354.5,6700,0.0,0.0
2024-07-01 13:34:00+09:00,2354.5,2355.0,2354.5,2355.0,2800,0.0,0.0
2024-07-01 13:35:00+09:00,2355.0,2355.0,2354.0,2355.0,6200,0.0,0.0
2024-07-01 13:36:00+09:00,2354.5,2355.0,2354.5,2355.0,1400,0.0,0.0
2024-07-01 13:37:00+09:00,2355.0,2355.0,2354.5,2354.5,1100,0.0,0.0
2024-07-01 13:38:00+09:00,2354.5,2355.0,2354.0,2354.5,13700,0.0,0.0
2024-07-01 13:39:00+09:00,2354.5,2355.0,2354.5,2355.0,1800,0.0,0.0
2024-07-01 13:40:00+09:00,2354.5,2355.0,2352.0,2353.0,13100,0.0,0.0
2024-07-01 13:41:00+09:00,2353.0,2353.0,2351.0,2351.5,3800,0.0,0.0
2024-07-01 13:42:00+09:00,2352.0,2352.0,2351.5,2351.5,3100,0.0,0.0
2024-07-01 13:43:00+09:00,2351.5,2353.0,2350.5,2350.5,9800,0.0,0.0
2024-07-01 13:44:00+09:00,2351.0,2351.0,2350.0,2350.0,7200,0.0,0.0
2024-07-01 13:45:00+09:00,2350.0,2350.5,2350.0,2350.5,3400,0.0,0.0
2024-07-01 13:46:00+09:00,2350.5,2351.0,2350.5,2351.0,2700,0.0,0.0
2024-07-01 13:47:00+09:00,2351.5,2352.5,2351.5,2352.0,7400,0.0,0.0
2024-07-01 13:48:00+09:00,2352.0,2352.5,2351.0,2351.0,10600,0.0,0.0
2024-07-01 13:49:00+09:00,2350.5,2351.0,2350.5,2351.0,800,0.0,0.0
2024-07-01 13:50:00+09:00,2350.5,2351.0,2350.5,2351.0,1900,0.0,0.0
2024-07-01 13:51:00+09:00,2350.5,2350.5,2350.0,2350.5,5300,0.0,0.0
2024-07-01 13:52:00+09:00,2350.5,2350.5,2350.0,2350.5,7500,0.0,0.0
2024-07-01 13:53:00+09:00,2350.5,2350.5,2349.5,2350.0,7500,0.0,0.0
2024-07-01 13:54:00+09:00,2350.0,2350.0,2346.5,2347.5,20300,0.0,0.0
2024-07-01 13:55:00+09:00,2347.5,2349.5,2347.5,2349.0,6700,0.0,0.0
2024-07-01 13:56:00+09:00,2348.5,2349.5,2348.5,2349.5,3900,0.0,0.0
2024-07-01 13:57:00+09:00,2348.5,2349.5,2348.5,2349.5,1500,0.0,0.0
2024-07-01 13:58:00+09:00,2349.5,2349.5,2349.0,2349.0,7000,0.0,0.0
2024-07-01 13:59:00+09:00,2348.5,2349.5,2348.5,2349.5,3500,0.0,0.0
2024-07-01 14:00:00+09:00,2349.0,2349.0,2348.5,2349.0,4700,0.0,0.0
2024-07-01 14:01:00+09:00,2349.0,2349.0,2348.5,2348.5,2400,0.0,0.0
2024-07-01 14:02:00+09:00,2348.5,2349.0,2348.5,2349.0,1600,0.0,0.0
2024-07-01 14:03:00+09:00,2348.5,2348.5,2348.0,2348.0,5400,0.0,0.0
2024-07-01 14:04:00+09:00,2348.0,2348.0,2347.0,2347.0,7800,0.0,0.0
2024-07-01 14:05:00+09:00,2347.0,2347.0,2346.5,2347.0,3300,0.0,0.0
2024-07-01 14:06:00+09:00,2347.0,2347.0,2346.5,2346.5,5200,0.0,0.0
2024-07-01 14:07:00+09:00,2346.5,2347.0,2344.5,2345.0,16700,0.0,0.0
2024-07-01 14:08:00+09:00,2345.0,2345.5,2345.0,2345.5,3600,0.0,0.0
2024-07-01 14:09:00+09:00,2346.0,2347.0,2346.0,2347.0,7600,0.0,0.0
2024-07-01 14:10:00+09:00,2346.5,2346.5,2345.5,2346.5,5900,0.0,0.0
2024-07-01 14:11:00+09:00,2346.0,2347.0,2345.5,2346.0,5300,0.0,0.0
2024-07-01 14:12:00+09:00,2346.0,2346.5,2346.0,2346.5,5100,0.0,0.0
2024-07-01 14:13:00+09:00,2346.5,2346.5,2345.0,2345.0,5000,0.0,0.0
2024-07-01 14:14:00+09:00,2345.0,2345.0,2343.0,2343.0,10300,0.0,0.0
2024-07-01 14:15:00+09:00,2343.0,2343.5,2343.0,2343.0,900,0.0,0.0
2024-07-01 14:16:00+09:00,2343.5,2343.5,2342.5,2342.5,5600,0.0,0.0
2024-07-01 14:17:00+09:00,2342.5,2343.0,2342.5,2343.0,1400,0.0,0.0
2024-07-01 14:18:00+09:00,2342.5,2343.0,2342.5,2342.5,4200,0.0,0.0
2024-07-01 14:19:00+09:00,2342.5,2343.0,2342.5,2343.0,6700,0.0,0.0
2024-07-01 14:20:00+09:00,2342.5,2343.5,2342.5,2343.0,7100,0.0,0.0
2024-07-01 14:21:00+09:00,2343.0,2343.0,2339.0,2339.0,34800,0.0,0.0
2024-07-01 14:22:00+09:00,2339.0,2339.5,2339.0,2339.5,4000,0.0,0.0
2024-07-01 14:23:00+09:00,2340.0,2342.0,2340.0,2342.0,13100,0.0,0.0
2024-07-01 14:24:00+09:00,2342.5,2342.5,2342.0,2342.0,4200,0.0,0.0
2024-07-01 14:25:00+09:00,2342.5,2342.5,2342.0,2342.0,4300,0.0,0.0
2024-07-01 14:26:00+09:00,2342.0,2342.0,2341.5,2342.0,2400,0.0,0.0
2024-07-01 14:27:00+09:00,2342.0,2342.5,2342.0,2342.5,2200,0.0,0.0
2024-07-01 14:28:00+09:00,2342.5,2342.5,2342.5,2342.5,2600,0.0,0.0
2024-07-01 14:29:00+09:00,2342.5,2345.5,2342.5,2345.0,14500,0.0,0.0
2024-07-01 14:30:00+09:00,2345.0,2346.0,2344.0,2345.0,21400,0.0,0.0
2024-07-01 14:31:00+09:00,2344.5,2345.0,2344.5,2344.5,7900,0.0,0.0
2024-07-01 14:32:00+09:00,2344.5,2345.0,2344.0,2345.0,3100,0.0,0.0
2024-07-01 14:33:00+09:00,2344.5,2345.0,2344.5,2345.0,2500,0.0,0.0
2024-07-01 14:34:00+09:00,2345.0,2345.0,2344.5,2345.0,3100,0.0,0.0
2024-07-01 14:35:00+09:00,2345.0,2345.0,2344.0,2345.0,9800,0.0,0.0
2024-07-01 14:36:00+09:00,2345.0,2347.5,2345.0,2347.5,8300,0.0,0.0
2024-07-01 14:37:00+09:00,2347.5,2347.5,2347.0,2347.5,6900,0.0,0.0
2024-07-01 14:38:00+09:00,2347.0,2348.5,2347.0,2348.5,11300,0.0,0.0
2024-07-01 14:39:00+09:00,2348.5,2348.5,2348.0,2348.5,5000,0.0,0.0
2024-07-01 14:40:00+09:00,2348.5,2348.5,2347.0,2347.0,13400,0.0,0.0
2024-07-01 14:41:00+09:00,2347.0,2347.5,2346.0,2346.5,8100,0.0,0.0
2024-07-01 14:42:00+09:00,2346.5,2347.0,2346.5,2347.0,3100,0.0,0.0
2024-07-01 14:43:00+09:00,2347.0,2348.0,2346.5,2348.0,9700,0.0,0.0
2024-07-01 14:44:00+09:00,2347.5,2347.5,2346.5,2346.5,10700,0.0,0.0
2024-07-01 14:45:00+09:00,2347.0,2347.0,2346.5,2346.5,3100,0.0,0.0
2024-07-01 14:46:00+09:00,2346.5,2346.5,2344.0,2346.0,22600,0.0,0.0
2024-07-01 14:47:00+09:00,2346.5,2346.5,2346.0,2346.5,1700,0.0,0.0
2024-07-01 14:48:00+09:00,2346.0,2346.5,2346.0,2346.0,8100,0.0,0.0
2024-07-01 14:49:00+09:00,2346.0,2347.5,2345.5,2347.5,18100,0.0,0.0
2024-07-01 14:50:00+09:00,2347.5,2348.0,2347.0,2347.0,14200,0.0,0.0
2024-07-01 14:51:00+09:00,2347.0,2347.5,2346.0,2346.0,11100,0.0,0.0
2024-07-01 14:52:00+09:00,2346.0,2346.0,2342.5,2344.0,36900,0.0,0.0
2024-07-01 14:53:00+09:00,2344.0,2345.0,2344.0,2345.0,12100,0.0,0.0
2024-07-01 14:54:00+09:00,2345.0,2346.0,2345.0,2345.5,5500,0.0,0.0
2024-07-01 14:55:00+09:00,2345.5,2346.5,2345.5,2346.5,22200,0.0,0.0
2024-07-01 14:56:00+09:00,2346.5,2348.0,2346.5,2348.0,11700,0.0,0.0
2024-07-01 14:57:00+09:00,2347.5,2348.0,2346.5,2347.0,14900,0.0,0.0
2024-07-01 14:58:00+09:00,2347.0,2348.0,2345.0,2345.0,19900,0.0,0.0
2024-07-01 14:59:00+09:00,2344.5,2346.5,2341.5,2341.5,61500,0.0,0.0
2024-07-02 09:00:00+09:00,2341.0,2356.5,2338.0,2338.0,87000,0.0,0.0
2024-07-02 09:01:00+09:00,2338.5,2343.5,2329.0,2330.0,47600,0.0,0.0
2024-07-02 09:02:00+09:00,2330.0,2331.5,2320.0,2320.5,21900,0.0,0.0
2024-07-02 09:03:00+09:00,2321.5,2323.0,2313.5,2316.0,53100,0.0,0.0
2024-07-02 09:04:00+09:00,2316.5,2317.0,2308.0,2312.5,40000,0.0,0.0
2024-07-02 09:05:00+09:00,2312.5,2315.0,2310.0,2313.0,15700,0.0,0.0
2024-07-02 09:06:00+09:00,2312.0,2312.0,2306.0,2307.0,33600,0.0,0.0
2024-07-02 09:07:00+09:00,2307.5,2309.5,2306.5,2309.5,19000,0.0,0.0
2024-07-02 09:08:00+09:00,2309.5,2312.5,2309.5,2310.0,7400,0.0,0.0
2024-07-02 09:09:00+09:00,2311.0,2314.5,2310.0,2311.5,35000,0.0,0.0
2024-07-02 09:10:00+09:00,2311.5,2316.5,2310.5,2316.5,50100,0.0,0.0
2024-07-02 09:11:00+09:00,2316.5,2318.5,2313.5,2313.5,7200,0.0,0.0
2024-07-02 09:12:00+09:00,2314.5,2317.0,2312.5,2315.0,44300,0.0,0.0
2024-07-02 09:13:00+09:00,2315.5,2315.5,2310.5,2310.5,25400,0.0,0.0
2024-07-02 09:14:00+09:00,2310.0,2310.5,2307.0,2310.0,38000,0.0,0.0
2024-07-02 09:15:00+09:00,2309.5,2311.0,2309.5,2310.0,10800,0.0,0.0
2024-07-02 09:16:00+09:00,2309.5,2309.5,2307.5,2308.5,9000,0.0,0.0
2024-07-02 09:17:00+09:00,2309.0,2310.5,2308.5,2309.5,10300,0.0,0.0
2024-07-02 09:18:00+09:00,2310.0,2311.5,2309.0,2309.0,12000,0.0,0.0
2024-07-02 09:19:00+09:00,2308.5,2309.0,2308.0,2308.0,13700,0.0,0.0
2024-07-02 09:20:00+09:00,2308.0,2312.0,2308.0,2311.5,10800,0.0,0.0
2024-07-02 09:21:00+09:00,2311.0,2311.0,2308.5,2310.0,9000,0.0,0.0
2024-07-02 09:22:00+09:00,2310.5,2310.5,2310.0,2310.5,4100,0.0,0.0
2024-07-02 09:23:00+09:00,2310.0,2316.5,2310.0,2313.5,22600,0.0,0.0
2024-07-02 09:24:00+09:00,2313.5,2316.0,2313.5,2314.0,7900,0.0,0.0
2024-07-02 09:25:00+09:00,2314.0,2315.5,2314.0,2315.0,7600,0.0,0.0
2024-07-02 09:26:00+09:00,2315.0,2315.0,2313.0,2313.0,7200,0.0,0.0
2024-07-02 09:27:00+09:00,2312.5,2312.5,2308.0,2309.0,25100,0.0,0.0
2024-07-02 09:28:00+09:00,2309.0,2309.5,2307.5,2309.0,10600,0.0,0.0
2024-07-02 09:29:00+09:00,2308.0,2308.5,2307.5,2307.5,8400,0.0,0.0
2024-07-02 09:30:00+09:00,2307.5,2308.0,2303.0,2303.0,67100,0.0,0.0
2024-07-02 09:31:00+09:00,2303.5,2305.0,2301.5,2304.0,26600,0.0,0.0
2024-07-02 09:32:00+09:00,2303.0,2305.5,2302.5,2304.5,6900,0.0,0.0
2024-07-02 09:33:00+09:00,2304.5,2308.0,2304.5,2306.5,10400,0.0,0.0
2024-07-02 09:34:00+09:00,2307.0,2310.5,2307.0,2309.5,16300,0.0,0.0
2024-07-02 09:35:00+09:00,2310.0,2312.5,2310.0,2312.5,8000,0.0,0.0
2024-07-02 09:36:00+09:00,2311.5,2313.0,2309.0,2313.0,14500,0.0,0.0
2024-07-02 09:37:00+09:00,2313.0,2313.5,2312.0,2313.0,9300,0.0,0.0
2024-07-02 09:38:00+09:00,2313.0,2316.5,2313.0,2313.0,11600,0.0,0.0
2024-07-02 09:39:00+09:00,2313.5,2314.0,2312.0,2313.0,4500,0.0,0.0
2024-07-02 09:40:00+09:00,2313.0,2314.5,2312.5,2313.5,5100,0.0,0.0
2024-07-02 09:41:00+09:00,2313.5,2313.5,2312.5,2313.5,2800,0.0,0.0
2024-07-02 09:42:00+09:00,2313.0,2314.5,2313.0,2313.5,5800,0.0,0.0
2024-07-02 09:43:00+09:00,2314.0,2317.5,2314.0,2317.0,14600,0.0,0.0
2024-07-02 09:44:00+09:00,2317.5,2319.5,2317.0,2317.5,16000,0.0,0.0
2024-07-02 09:45:00+09:00,2317.5,2318.5,2313.5,2313.5,18900,0.0,0.0
2024-07-02 09:46:00+09:00,2313.5,2317.0,2312.5,2316.5,20100,0.0,0.0
2024-07-02 09:47:00+09:00,2316.5,2316.5,2314.5,2315.0,2900,0.0,0.0
2024-07-02 09:48:00+09:00,2315.0,2315.5,2314.0,2314.5,4700,0.0,0.0
2024-07-02 09:49:00+09:00,2315.0,2315.0,2313.5,2314.5,6100,0.0,0.0
2024-07-02 09:50:00+09:00,2314.5,2316.5,2314.0,2316.5,6700,0.0,0.0
2024-07-02 09:51:00+09:00,2316.0,2317.5,2315.5,2316.0,9600,0.0,0.0
2024-07-02 09:52:00+09:00,2316.5,2316.5,2315.5,2316.0,7000,0.0,0.0
2024-07-02 09:53:00+09:00,2315.5,2315.5,2314.5,2315.5,5100,0.0,0.0
2024-07-02 09:54:00+09:00,2315.5,2317.5,2315.0,2317.5,8500,0.0,0.0
2024-07-02 09:55:00+09:00,2317.5,2321.0,2317.0,2317.5,17200,0.0,0.0
2024-07-02 09:56:00+09:00,2317.5,2318.0,2315.5,2316.5,10100,0.0,0.0
2024-07-02 09:57:00+09:00,2316.5,2316.5,2315.0,2315.0,3800,0.0,0.0
2024-07-02 09:58:00+09:00,2314.5,2315.0,2314.0,2314.5,2700,0.0,0.0
2024-07-02 09:59:00+09:00,2314.5,2317.5,2314.5,2317.5,5300,0.0,0.0
2024-07-02 10:00:00+09:00,2317.5,2320.5,2317.5,2320.0,17400,0.0,0.0
2024-07-02 10:01:00+09:00,2320.0,2320.0,2319.5,2319.5,3500,0.0,0.0
2024-07-02 10:02:00+09:00,2319.5,2322.0,2318.5,2321.0,17700,0.0,0.0
2024-07-02 10:03:00+09:00,2320.5,2321.0,2320.0,2320.5,2800,0.0,0.0
2024-07-02 10:04:00+09:00,2320.5,2323.0,2320.5,2323.0,6400,0.0,0.0
2024-07-02 10:05:00+09:00,2322.5,2322.5,2320.5,2320.5,3200,0.0,0.0
2024-07-02 10:06:00+09:00,2320.5,2324.0,2320.5,2323.0,11300,0.0,0.0
2024-07-02 10:07:00+09:00,2322.5,2325.0,2322.5,2323.5,11200,0.0,0.0
2024-07-02 10:08:00+09:00,2323.0,2323.0,2321.5,2321.5,6500,0.0,0.0
2024-07-02 10:09:00+09:00,2322.0,2322.5,2322.0,2322.0,3800,0.0,0.0
2024-07-02 10:10:00+09:00,2322.0,2322.0,2321.0,2321.5,3800,0.0,0.0
2024-07-02 10:11:00+09:00,2321.0,2323.0,2321.0,2321.5,11300,0.0,0.0
2024-07-02 10:12:00+09:00,2321.0,2322.5,2321.0,2322.0,5600,0.0,0.0
2024-07-02 10:13:00+09:00,2322.0,2328.5,2322.0,2328.0,35300,0.0,0.0
2024-07-02 10:14:00+09:00,2327.5,2327.5,2325.0,2326.5,9700,0.0,0.0
2024-07-02 10:15:00+09:00,2326.5,2328.5,2326.0,2327.0,10700,0.0,0.0
2024-07-02 10:16:00+09:00,2326.5,2329.0,2326.5,2327.5,10700,0.0,0.0
2024-07-02 10:17:00+09:00,2327.5,2327.5,2326.5,2326.5,3800,0.0,0.0
2024-07-02 10:18:00+09:00,2327.0,2327.5,2325.0,2326.0,7000,0.0,0.0
2024-07-02 10:19:00+09:00,2325.5,2325.5,2323.0,2324.0,5400,0.0,0.0
2024-07-02 10:20:00+09:00,2325.0,2325.0,2325.0,2325.0,2900,0.0,0.0
2024-07-02 10:21:00+09:00,2325.5,2325.5,2322.0,2322.0,5500,0.0,0.0
2024-07-02 10:22:00+09:00,2322.0,2324.0,2322.0,2323.5,5000,0.0,0.0
2024-07-02 10:23:00+09:00,2324.0,2324.0,2323.0,2324.0,3500,0.0,0.0
2024-07-02 10:24:00+09:00,2323.5,2323.5,2323.0,2323.0,2200,0.0,0.0
2024-07-02 10:25:00+09:00,2323.0,2325.0,2323.0,2325.0,9100,0.0,0.0
2024-07-02 10:26:00+09:00,2325.0,2326.0,2324.5,2325.0,7700,0.0,0.0
2024-07-02 10:27:00+09:00,2324.5,2325.0,2323.0,2325.0,5200,0.0,0.0
2024-07-02 10:28:00+09:00,2324.5,2327.0,2324.5,2327.0,5100,0.0,0.0
2024-07-02 10:29:00+09:00,2327.0,2332.0,2327.0,2330.0,51100,0.0,0.0
2024-07-02 10:30:00+09:00,2330.0,2331.0,2328.0,2331.0,9500,0.0,0.0
2024-07-02 10:31:00+09:00,2331.0,2331.5,2330.5,2330.5,8300,0.0,0.0
2024-07-02 10:32:00+09:00,2330.5,2330.5,2329.0,2329.0,4400,0.0,0.0
2024-07-02 10:33:00+09:00,2329.0,2330.5,2329.0,2330.5,3800,0.0,0.0
2024-07-02 10:34:00+09:00,2330.5,2333.0,2330.5,2333.0,11100,0.0,0.0
2024-07-02 10:35:00+09:00,2332.0,2332.0,2331.0,2331.5,2400,0.0,0.0
2024-07-02 10:36:00+09:00,2331.5,2333.0,2331.5,2332.5,6800,0.0,0.0
2024-07-02 10:37:00+09:00,2332.5,2332.5,2331.5,2332.0,2300,0.0,0.0
2024-07-02 10:38:00+09:00,2331.5,2332.0,2331.0,2331.5,2700,0.0,0.0
2024-07-02 10:39:00+09:00,2331.0,2331.0,2330.0,2330.5,4100,0.0,0.0
2024-07-02 10:40:00+09:00,2330.5,2333.0,2330.5,2333.0,7100,0.0,0.0
2024-07-02 10:41:00+09:00,2332.5,2332.5,2332.5,2332.5,400,0.0,0.0
2024-07-02 10:42:00+09:00,2332.5,2333.0,2331.0,2331.5,5700,0.0,0.0
2024-07-02 10:43:00+09:00,2331.0,2331.5,2330.5,2331.5,3200,0.0,0.0
2024-07-02 10:44:00+09:00,2331.0,2332.0,2331.0,2331.5,2700,0.0,0.0
2024-07-02 10:45:00+09:00,2331.0,2332.0,2331.0,2331.0,7300,0.0,0.0
2024-07-02 10:46:00+09:00,2331.5,2331.5,2330.5,2330.5,3200,0.0,0.0
2024-07-02 10:47:00+09:00,2330.0,2331.0,2329.0,2330.5,6300,0.0,0.0
2024-07-02 10:48:00+09:00,2330.5,2331.5,2330.5,2331.5,3400,0.0,0.0
2024-07-02 10:49:00+09:00,2331.0,2331.0,2331.0,2331.0,1600,0.0,0.0
2024-07-02 10:50:00+09:00,2329.0,2329.5,2326.5,2327.0,12200,0.0,0.0
2024-07-02 10:51:00+09:00,2326.5,2328.0,2324.0,2327.5,32700,0.0,0.0
2024-07-02 10:54:00+09:00,2328.0,2328.5,2327.0,2328.5,12500,0.0,0.0
2024-07-02 10:55:00+09:00,2328.0,2334.0,2328.0,2332.5,26200,0.0,0.0
2024-07-02 10:56:00+09:00,2332.5,2332.5,2331.0,2331.0,2200,0.0,0.0
2024-07-02 10:57:00+09:00,2331.0,2332.5,2330.5,2332.0,5700,0.0,0.0
2024-07-02 10:58:00+09:00,2331.5,2332.0,2331.5,2332.0,3800,0.0,0.0
2024-07-02 10:59:00+09:00,2331.5,2335.0,2331.5,2333.0,19800,0.0,0.0
2024-07-02 11:00:00+09:00,2333.5,2336.0,2333.5,2334.5,34200,0.0,0.0
2024-07-02 11:01:00+09:00,2334.5,2334.5,2332.5,2332.5,3100,0.0,0.0
2024-07-02 11:02:00+09:00,2332.0,2332.0,2330.0,2330.0,5100,0.0,0.0
2024-07-02 11:03:00+09:00,2330.5,2331.5,2329.5,2330.0,7200,0.0,0.0
2024-07-02 11:04:00+09:00,2330.0,2332.5,2330.0,2332.5,6900,0.0,0.0
2024-07-02 11:05:00+09:00,2332.0,2332.0,2331.0,2332.0,2500,0.0,0.0
2024-07-02 11:06:00+09:00,2331.5,2332.0,2331.5,2332.0,600,0.0,0.0
2024-07-02 11:07:00+09:00,2331.5,2331.5,2330.5,2331.0,7100,0.0,0.0
2024-07-02 11:08:00+09:00,2331.5,2336.0,2331.5,2336.0,8600,0.0,0.0
2024-07-02 11:09:00+09:00,2335.5,2335.5,2334.0,2334.5,5400,0.0,0.0
2024-07-02 11:10:00+09:00,2334.0,2334.0,2332.5,2333.0,2300,0.0,0.0
2024-07-02 11:11:00+09:00,2334.0,2334.0,2332.5,2333.5,11900,0.0,0.0
2024-07-02 11:12:00+09:00,2333.5,2334.0,2333.5,2333.5,2000,0.0,0.0
2024-07-02 11:13:00+09:00,2333.0,2334.5,2331.5,2334.5,7700,0.0,0.0
2024-07-02 11:14:00+09:00,2334.5,2335.0,2334.0,2334.5,3400,0.0,0.0
2024-07-02 11:15:00+09:00,2334.5,2335.5,2334.0,2335.0,2900,0.0,0.0
2024-07-02 11:16:00+09:00,2334.5,2335.5,2334.5,2335.5,2700,0.0,0.0
2024-07-02 11:17:00+09:00,2335.0,2335.5,2335.0,2335.5,700,0.0,0.0
2024-07-02 11:18:00+09:00,2335.5,2336.0,2335.5,2335.5,4200,0.0,0.0
2024-07-02 11:19:00+09:00,2335.5,2336.0,2335.0,2336.0,3700,0.0,0.0
2024-07-02 11:20:00+09:00,2335.5,2336.0,2335.5,2335.5,1100,0.0,0.0
2024-07-02 11:21:00+09:00,2335.5,2338.0,2335.5,2337.0,10500,0.0,0.0
2024-07-02 11:22:00+09:00,2336.5,2336.5,2335.0,2335.0,2900,0.0,0.0
2024-07-02 11:23:00+09:00,2335.5,2337.0,2335.5,2336.0,3400,0.0,0.0
2024-07-02 11:24:00+09:00,2336.5,2337.5,2336.5,2336.5,2400,0.0,0.0
2024-07-02 11:25:00+09:00,2336.5,2338.0,2336.5,2337.5,10700,0.0,0.0
2024-07-02 11:26:00+09:00,2337.5,2337.5,2337.0,2337.0,1300,0.0,0.0
2024-07-02 11:27:00+09:00,2337.0,2338.0,2337.0,2337.5,4200,0.0,0.0
2024-07-02 11:28:00+09:00,2337.0,2337.0,2336.5,2336.5,2200,0.0,0.0
2024-07-02 11:29:00+09:00,2336.5,2337.5,2336.5,2337.0,3600,0.0,0.0
2024-07-02 11:30:00+09:00,2337.5,2337.5,2337.5,2337.5,8000,0.0,0.0
2024-07-02 11:35:00+09:00,2337.5,2337.5,2337.5,2337.5,0,0.0,0.0
2024-07-02 12:30:00+09:00,2328.0,2335.0,2322.5,2325.0,1844300,0.0,0.0
2024-07-02 12:31:00+09:00,2325.5,2330.0,2325.5,2330.0,17800,0.0,0.0
2024-07-02 12:32:00+09:00,2330.0,2333.0,2328.5,2331.0,19000,0.0,0.0
2024-07-02 12:33:00+09:00,2331.0,2331.0,2330.5,2331.0,6400,0.0,0.0
2024-07-02 12:34:00+09:00,2331.0,2333.5,2329.5,2330.0,11900,0.0,0.0
2024-07-02 12:35:00+09:00,2330.0,2330.0,2328.5,2329.0,3900,0.0,0.0
2024-07-02 12:36:00+09:00,2329.0,2330.5,2327.0,2328.0,19400,0.0,0.0
2024-07-02 12:37:00+09:00,2327.5,2328.0,2326.5,2327.0,6600,0.0,0.0
2024-07-02 12:38:00+09:00,2327.0,2327.5,2326.5,2327.0,6800,0.0,0.0
2024-07-02 12:39:00+09:00,2327.5,2330.0,2327.5,2329.0,6900,0.0,0.0
2024-07-02 12:40:00+09:00,2329.5,2330.0,2329.5,2330.0,3400,0.0,0.0
2024-07-02 12:41:00+09:00,2329.5,2331.0,2329.5,2331.0,8800,0.0,0.0
2024-07-02 12:42:00+09:00,2331.0,2331.0,2330.5,2331.0,2800,0.0,0.0
2024-07-02 12:43:00+09:00,2330.5,2332.5,2330.5,2332.0,10400,0.0,0.0
2024-07-02 12:44:00+09:00,2332.5,2334.0,2332.5,2333.0,9800,0.0,0.0
2024-07-02 12:45:00+09:00,2333.0,2335.0,2333.0,2334.5,8000,0.0,0.0
2024-07-02 12:46:00+09:00,2334.5,2334.5,2332.0,2332.0,6700,0.0,0.0
2024-07-02 12:47:00+09:00,2332.5,2334.0,2332.5,2333.0,7000,0.0,0.0
2024-07-02 12:48:00+09:00,2333.0,2334.5,2333.0,2334.5,5000,0.0,0.0
2024-07-02 12:49:00+09:00,2334.0,2335.5,2334.0,2334.5,6700,0.0,0.0
2024-07-02 12:50:00+09:00,2334.5,2335.5,2334.5,2335.5,3500,0.0,0.0
2024-07-02 12:51:00+09:00,2335.5,2336.0,2335.5,2335.5,4300,0.0,0.0
2024-07-02 12:52:00+09:00,2335.5,2336.5,2335.0,2336.5,6400,0.0,0.0
2024-07-02 12:53:00+09:00,2336.0,2337.0,2335.5,2335.5,6300,0.0,0.0
2024-07-02 12:54:00+09:00,2335.5,2336.5,2335.5,2336.5,5400,0.0,0.0
2024-07-02 12:55:00+09:00,2336.0,2336.0,2334.0,2334.0,10600,0.0,0.0
2024-07-02 12:56:00+09:00,2334.5,2336.0,2334.5,2335.5,6200,0.0,0.0
2024-07-02 12:57:00+09:00,2336.0,2336.5,2335.0,2335.5,9800,0.0,0.0
2024-07-02 12:58:00+09:00,2334.5,2334.5,2334.0,2334.5,3000,0.0,0.0
2024-07-02 12:59:00+09:00,2334.0,2334.0,2331.5,2331.5,6800,0.0,0.0
2024-07-02 13:00:00+09:00,2331.5,2332.0,2331.5,2332.0,3300,0.0,0.0
2024-07-02 13:01:00+09:00,2331.5,2333.0,2331.5,2333.0,7900,0.0,0.0
2024-07-02 13:02:00+09:00,2332.5,2332.5,2331.5,2332.0,5200,0.0,0.0
2024-07-02 13:03:00+09:00,2332.0,2332.5,2332.0,2332.0,900,0.0,0.0
2024-07-02 13:04:00+09:00,2332.0,2332.5,2331.5,2332.5,9100,0.0,0.0
2024-07-02 13:05:00+09:00,2332.0,2334.0,2332.0,2333.5,10600,0.0,0.0
2024-07-02 13:06:00+09:00,2333.5,2335.0,2333.5,2335.0,3900,0.0,0.0
2024-07-02 13:07:00+09:00,2335.0,2335.0,2334.5,2334.5,3400,0.0,0.0
2024-07-02 13:08:00+09:00,2334.5,2336.5,2334.5,2336.5,8900,0.0,0.0
2024-07-02 13:09:00+09:00,2336.5,2337.5,2336.5,2336.5,10300,0.0,0.0
2024-07-02 13:10:00+09:00,2336.5,2337.0,2336.0,2336.0,1800,0.0,0.0
2024-07-02 13:11:00+09:00,2336.0,2336.0,2335.0,2336.0,10700,0.0,0.0
2024-07-02 13:12:00+09:00,2335.5,2336.0,2334.0,2334.0,4200,0.0,0.0
2024-07-02 13:13:00+09:00,2334.5,2335.5,2334.5,2335.5,3800,0.0,0.0
2024-07-02 13:14:00+09:00,2335.0,2335.0,2334.5,2335.0,2300,0.0,0.0
2024-07-02 13:15:00+09:00,2335.0,2335.0,2335.0,2335.0,500,0.0,0.0
2024-07-02 13:16:00+09:00,2335.0,2337.5,2335.0,2335.0,17000,0.0,0.0
2024-07-02 13:17:00+09:00,2335.0,2335.0,2335.0,2335.0,1600,0.0,0.0
2024-07-02 13:18:00+09:00,2335.5,2336.0,2335.0,2335.5,3700,0.0,0.0
2024-07-02 13:19:00+09:00,2335.5,2336.0,2335.0,2335.5,5100,0.0,0.0
2024-07-02 13:20:00+09:00,2335.5,2336.0,2335.5,2335.5,1000,0.0,0.0
2024-07-02 13:21:00+09:00,2335.5,2336.0,2335.0,2336.0,6200,0.0,0.0
2024-07-02 13:22:00+09:00,2336.0,2337.5,2336.0,2337.0,10800,0.0,0.0
2024-07-02 13:23:00+09:00,2337.5,2338.5,2337.0,2338.5,7100,0.0,0.0
2024-07-02 13:24:00+09:00,2338.5,2339.0,2338.0,2338.5,3100,0.0,0.0
2024-07-02 13:25:00+09:00,2339.0,2339.0,2339.0,2339.0,100,0.0,0.0
2024-07-02 13:26:00+09:00,2339.0,2339.5,2338.0,2338.0,14000,0.0,0.0
2024-07-02 13:27:00+09:00,2338.0,2339.0,2338.0,2339.0,3900,0.0,0.0
2024-07-02 13:28:00+09:00,2339.0,2342.5,2339.0,2340.0,40100,0.0,0.0
2024-07-02 13:29:00+09:00,2340.5,2340.5,2339.5,2339.5,3700,0.0,0.0
2024-07-02 13:30:00+09:00,2339.5,2341.0,2339.5,2340.0,5600,0.0,0.0
2024-07-02 13:31:00+09:00,2340.5,2340.5,2337.5,2337.5,7300,0.0,0.0
2024-07-02 13:32:00+09:00,2337.5,2338.5,2337.5,2338.5,4500,0.0,0.0
2024-07-02 13:33:00+09:00,2338.0,2342.0,2338.0,2341.5,24400,0.0,0.0
2024-07-02 13:34:00+09:00,2341.5,2341.5,2339.5,2339.5,3500,0.0,0.0
2024-07-02 13:35:00+09:00,2339.5,2341.0,2339.5,2341.0,3400,0.0,0.0
2024-07-02 13:36:00+09:00,2340.0,2341.5,2340.0,2340.5,3900,0.0,0.0
2024-07-02 13:37:00+09:00,2340.5,2342.0,2340.5,2341.5,3400,0.0,0.0
2024-07-02 13:38:00+09:00,2341.5,2344.0,2341.5,2343.0,7900,0.0,0.0
2024-07-02 13:39:00+09:00,2343.0,2343.5,2343.0,2343.0,4100,0.0,0.0
2024-07-02 13:40:00+09:00,2342.5,2342.5,2340.5,2340.5,5700,0.0,0.0
2024-07-02 13:41:00+09:00,2341.0,2341.5,2341.0,2341.5,2500,0.0,0.0
2024-07-02 13:42:00+09:00,2342.0,2343.0,2341.0,2342.5,9400,0.0,0.0
2024-07-02 13:43:00+09:00,2342.0,2342.5,2342.0,2342.5,1900,0.0,0.0
2024-07-02 13:44:00+09:00,2342.5,2343.0,2342.5,2342.5,4100,0.0,0.0
2024-07-02 13:45:00+09:00,2342.5,2344.0,2342.5,2344.0,5000,0.0,0.0
2024-07-02 13:46:00+09:00,2344.0,2345.5,2344.0,2345.0,12000,0.0,0.0
2024-07-02 13:47:00+09:00,2345.0,2345.5,2342.5,2343.0,8800,0.0,0.0
2024-07-02 13:48:00+09:00,2343.5,2344.0,2342.5,2343.5,7900,0.0,0.0
2024-07-02 13:49:00+09:00,2343.5,2345.0,2343.5,2344.5,6100,0.0,0.0
2024-07-02 13:50:00+09:00,2344.5,2345.0,2344.0,2345.0,3800,0.0,0.0
2024-07-02 13:51:00+09:00,2344.0,2345.0,2344.0,2345.0,1900,0.0,0.0
2024-07-02 13:52:00+09:00,2345.0,2345.0,2344.0,2344.5,2900,0.0,0.0
2024-07-02 13:53:00+09:00,2344.5,2347.0,2344.5,2346.0,17800,0.0,0.0
2024-07-02 13:54:00+09:00,2346.0,2347.0,2346.0,2347.0,3000,0.0,0.0
2024-07-02 13:55:00+09:00,2346.5,2347.0,2346.0,2346.5,6200,0.0,0.0
2024-07-02 13:56:00+09:00,2346.5,2346.5,2343.5,2345.0,17800,0.0,0.0
2024-07-02 13:57:00+09:00,2345.5,2347.5,2345.5,2346.5,4700,0.0,0.0
2024-07-02 13:58:00+09:00,2347.0,2347.0,2343.0,2343.0,7700,0.0,0.0
2024-07-02 13:59:00+09:00,2343.5,2345.5,2343.5,2345.5,5700,0.0,0.0
2024-07-02 14:00:00+09:00,2345.5,2345.5,2344.0,2344.0,3400,0.0,0.0
2024-07-02 14:01:00+09:00,2343.5,2343.5,2342.0,2342.5,9100,0.0,0.0
2024-07-02 14:02:00+09:00,2342.0,2342.5,2341.5,2342.5,5900,0.0,0.0
2024-07-02 14:03:00+09:00,2342.0,2343.0,2341.5,2341.5,6100,0.0,0.0
2024-07-02 14:04:00+09:00,2341.5,2341.5,2340.0,2340.0,3100,0.0,0.0
2024-07-02 14:05:00+09:00,2340.0,2340.0,2339.0,2339.5,7200,0.0,0.0
2024-07-02 14:06:00+09:00,2339.5,2341.0,2339.5,2339.5,5800,0.0,0.0
2024-07-02 14:07:00+09:00,2339.5,2340.5,2339.5,2340.0,2600,0.0,0.0
2024-07-02 14:08:00+09:00,2340.0,2340.5,2340.0,2340.0,7700,0.0,0.0
2024-07-02 14:09:00+09:00,2340.0,2341.5,2340.0,2341.0,6500,0.0,0.0
2024-07-02 14:10:00+09:00,2341.0,2342.0,2341.0,2342.0,4000,0.0,0.0
2024-07-02 14:11:00+09:00,2342.0,2343.0,2342.0,2343.0,14700,0.0,0.0
2024-07-02 14:12:00+09:00,2343.0,2344.5,2343.0,2343.5,12700,0.0,0.0
2024-07-02 14:13:00+09:00,2343.0,2343.5,2343.0,2343.5,3200,0.0,0.0
2024-07-02 14:14:00+09:00,2344.0,2344.0,2343.5,2343.5,800,0.0,0.0
2024-07-02 14:15:00+09:00,2344.0,2344.0,2342.0,2343.0,16400,0.0,0.0
2024-07-02 14:16:00+09:00,2343.5,2343.5,2343.5,2343.5,2400,0.0,0.0
2024-07-02 14:17:00+09:00,2343.5,2343.5,2343.0,2343.0,5300,0.0,0.0
2024-07-02 14:18:00+09:00,2343.0,2343.5,2342.5,2342.5,6500,0.0,0.0
2024-07-02 14:19:00+09:00,2342.0,2343.0,2341.5,2343.0,5900,0.0,0.0
2024-07-02 14:20:00+09:00,2343.0,2346.0,2343.0,2345.5,10600,0.0,0.0
2024-07-02 14:21:00+09:00,2345.5,2345.5,2345.5,2345.5,500,0.0,0.0
2024-07-02 14:22:00+09:00,2344.0,2345.0,2343.5,2345.0,17300,0.0,0.0
2024-07-02 14:23:00+09:00,2345.0,2345.0,2344.5,2344.5,1800,0.0,0.0
2024-07-02 14:24:00+09:00,2344.5,2344.5,2344.5,2344.5,200,0.0,0.0
2024-07-02 14:25:00+09:00,2344.5,2346.0,2344.5,2345.0,13700,0.0,0.0
2024-07-02 14:26:00+09:00,2344.5,2344.5,2341.5,2341.5,8000,0.0,0.0
2024-07-02 14:27:00+09:00,2341.5,2342.0,2341.5,2341.5,5400,0.0,0.0
2024-07-02 14:28:00+09:00,2341.0,2341.5,2341.0,2341.0,5600,0.0,0.0
2024-07-02 14:29:00+09:00,2341.0,2341.0,2341.0,2341.0,1400,0.0,0.0
2024-07-02 14:30:00+09:00,2341.5,2343.5,2340.0,2343.5,20500,0.0,0.0
2024-07-02 14:31:00+09:00,2343.5,2343.5,2343.0,2343.0,4000,0.0,0.0
2024-07-02 14:32:00+09:00,2343.5,2344.0,2342.0,2342.0,7800,0.0,0.0
2024-07-02 14:33:00+09:00,2342.0,2342.0,2341.5,2342.0,2000,0.0,0.0
2024-07-02 14:34:00+09:00,2341.5,2343.0,2341.5,2343.0,7200,0.0,0.0
2024-07-02 14:35:00+09:00,2343.0,2343.0,2341.5,2342.0,10600,0.0,0.0
2024-07-02 14:36:00+09:00,2341.5,2341.5,2340.5,2340.5,5200,0.0,0.0
2024-07-02 14:37:00+09:00,2340.5,2341.5,2340.5,2341.5,3700,0.0,0.0
2024-07-02 14:38:00+09:00,2341.5,2342.0,2340.0,2340.5,8300,0.0,0.0
2024-07-02 14:39:00+09:00,2340.5,2341.0,2340.5,2340.5,3200,0.0,0.0
2024-07-02 14:40:00+09:00,2341.0,2341.0,2340.5,2341.0,1700,0.0,0.0
2024-07-02 14:41:00+09:00,2340.5,2341.5,2340.5,2341.5,7500,0.0,0.0
2024-07-02 14:42:00+09:00,2341.5,2342.0,2341.5,2342.0,3400,0.0,0.0
2024-07-02 14:43:00+09:00,2342.0,2343.5,2342.0,2343.5,12700,0.0,0.0
2024-07-02 14:44:00+09:00,2343.5,2344.0,2343.5,2343.5,7600,0.0,0.0
2024-07-02 14:45:00+09:00,2343.5,2348.0,2343.0,2345.0,34300,0.0,0.0
2024-07-02 14:46:00+09:00,2344.5,2345.0,2344.0,2344.0,5100,0.0,0.0
2024-07-02 14:47:00+09:00,2343.5,2345.5,2343.5,2345.0,10100,0.0,0.0
2024-07-02 14:48:00+09:00,2345.5,2345.5,2344.5,2344.5,6400,0.0,0.0
2024-07-02 14:49:00+09:00,2345.0,2347.0,2344.5,2347.0,12600,0.0,0.0
2024-07-02 14:50:00+09:00,2346.5,2346.5,2345.5,2346.0,15200,0.0,0.0
2024-07-02 14:51:00+09:00,2346.5,2347.0,2346.0,2347.0,8900,0.0,0.0
2024-07-02 14:52:00+09:00,2347.0,2348.0,2347.0,2347.5,16300,0.0,0.0
2024-07-02 14:53:00+09:00,2347.0,2347.5,2347.0,2347.5,2700,0.0,0.0
2024-07-02 14:54:00+09:00,2347.0,2347.0,2346.0,2346.5,20200,0.0,0.0
2024-07-02 14:55:00+09:00,2344.5,2344.5,2344.5,2344.5,22200,0.0,0.0
2024-07-02 14:56:00+09:00,2345.0,2346.5,2345.0,2346.5,16700,0.0,0.0
2024-07-02 14:57:00+09:00,2345.5,2345.5,2344.0,2344.0,23400,0.0,0.0
2024-07-02 14:58:00+09:00,2344.0,2345.5,2343.5,2345.0,18700,0.0,0.0
2024-07-02 14:59:00+09:00,2344.5,2348.0,2342.0,2346.0,63600,0.0,0.0
2024-07-03 09:00:00+09:00,2353.5,2364.0,2353.0,2360.0,101300,0.0,0.0
2024-07-03 09:01:00+09:00,2359.0,2368.5,2359.0,2364.0,24400,0.0,0.0
2024-07-03 09:02:00+09:00,2364.0,2366.5,2362.5,2363.5,8200,0.0,0.0
2024-07-03 09:03:00+09:00,2365.0,2367.0,2363.5,2364.5,16400,0.0,0.0
2024-07-03 09:04:00+09:00,2365.0,2366.0,2361.5,2361.5,12000,0.0,0.0
2024-07-03 09:05:00+09:00,2362.5,2364.5,2358.5,2364.5,12300,0.0,0.0
2024-07-03 09:06:00+09:00,2363.0,2367.0,2361.5,2366.0,20600,0.0,0.0
2024-07-03 09:07:00+09:00,2365.0,2365.5,2363.5,2363.5,3300,0.0,0.0
2024-07-03 09:08:00+09:00,2364.0,2371.0,2364.0,2369.5,26200,0.0,0.0
2024-07-03 09:09:00+09:00,2369.0,2371.0,2367.0,2368.0,11500,0.0,0.0
2024-07-03 09:10:00+09:00,2369.0,2374.5,2369.0,2374.5,7200,0.0,0.0
2024-07-03 09:11:00+09:00,2375.0,2380.0,2374.0,2376.5,68300,0.0,0.0
2024-07-03 09:12:00+09:00,2376.0,2376.5,2375.0,2376.5,9100,0.0,0.0
2024-07-03 09:13:00+09:00,2376.5,2382.0,2376.5,2380.0,33300,0.0,0.0
2024-07-03 09:14:00+09:00,2379.5,2386.5,2379.0,2382.5,66200,0.0,0.0
2024-07-03 09:15:00+09:00,2384.0,2387.0,2382.5,2385.5,8400,0.0,0.0
2024-07-03 09:16:00+09:00,2386.0,2387.0,2384.0,2385.5,18900,0.0,0.0
2024-07-03 09:17:00+09:00,2385.5,2386.0,2383.5,2384.0,12500,0.0,0.0
2024-07-03 09:18:00+09:00,2384.5,2385.0,2381.5,2383.0,18200,0.0,0.0
2024-07-03 09:19:00+09:00,2382.5,2387.0,2382.5,2385.5,31400,0.0,0.0
2024-07-03 09:20:00+09:00,2385.5,2386.0,2384.5,2385.0,9000,0.0,0.0
2024-07-03 09:21:00+09:00,2385.0,2386.5,2384.0,2386.5,7900,0.0,0.0
2024-07-03 09:22:00+09:00,2386.0,2392.5,2386.0,2392.0,77100,0.0,0.0
2024-07-03 09:23:00+09:00,2392.0,2392.0,2388.5,2388.5,7200,0.0,0.0
2024-07-03 09:24:00+09:00,2388.5,2389.5,2387.0,2387.0,6500,0.0,0.0
2024-07-03 09:25:00+09:00,2387.5,2391.0,2387.5,2389.0,29400,0.0,0.0
2024-07-03 09:26:00+09:00,2388.0,2388.0,2385.5,2386.0,11400,0.0,0.0
2024-07-03 09:27:00+09:00,2386.0,2388.5,2385.5,2388.5,7800,0.0,0.0
2024-07-03 09:28:00+09:00,2388.5,2392.0,2385.0,2388.5,39500,0.0,0.0
2024-07-03 09:29:00+09:00,2388.5,2390.0,2388.5,2389.0,3200,0.0,0.0
2024-07-03 09:30:00+09:00,2390.0,2392.0,2388.0,2390.0,17100,0.0,0.0
2024-07-03 09:31:00+09:00,2389.5,2392.0,2389.5,2392.0,5400,0.0,0.0
2024-07-03 09:32:00+09:00,2391.5,2395.0,2391.0,2394.5,22000,0.0,0.0
2024-07-03 09:33:00+09:00,2395.0,2397.0,2395.0,2397.0,26100,0.0,0.0
2024-07-03 09:34:00+09:00,2396.5,2396.5,2393.5,2394.5,12600,0.0,0.0
2024-07-03 09:35:00+09:00,2394.0,2397.5,2394.0,2396.0,6900,0.0,0.0
2024-07-03 09:36:00+09:00,2396.5,2399.5,2396.5,2399.0,51300,0.0,0.0
2024-07-03 09:37:00+09:00,2399.5,2404.5,2399.0,2404.5,148400,0.0,0.0
2024-07-03 09:38:00+09:00,2404.0,2406.0,2404.0,2405.0,14700,0.0,0.0
2024-07-03 09:39:00+09:00,2406.0,2410.0,2406.0,2409.0,29300,0.0,0.0
2024-07-03 09:40:00+09:00,2409.5,2411.5,2409.5,2411.0,35400,0.0,0.0
2024-07-03 09:41:00+09:00,2411.0,2415.0,2410.0,2414.0,21400,0.0,0.0
2024-07-03 09:42:00+09:00,2414.0,2418.0,2412.5,2417.0,25000,0.0,0.0
2024-07-03 09:43:00+09:00,2419.0,2422.0,2419.0,2420.0,48800,0.0,0.0
2024-07-03 09:44:00+09:00,2420.0,2424.5,2418.5,2422.0,49800,0.0,0.0
2024-07-03 09:45:00+09:00,2422.0,2426.5,2421.5,2426.5,24200,0.0,0.0
2024-07-03 09:46:00+09:00,2425.0,2425.5,2420.0,2420.0,19800,0.0,0.0
2024-07-03 09:47:00+09:00,2420.5,2422.5,2420.0,2421.0,9500,0.0,0.0
2024-07-03 09:48:00+09:00,2422.0,2426.0,2422.0,2426.0,9000,0.0,0.0
2024-07-03 09:49:00+09:00,2425.5,2428.0,2424.0,2427.0,22300,0.0,0.0
2024-07-03 09:50:00+09:00,2426.0,2428.5,2426.0,2426.5,15100,0.0,0.0
2024-07-03 09:51:00+09:00,2426.5,2427.5,2426.0,2427.0,5700,0.0,0.0
2024-07-03 09:52:00+09:00,2428.0,2428.0,2424.5,2425.0,17700,0.0,0.0
2024-07-03 09:53:00+09:00,2424.5,2426.0,2423.5,2424.0,18400,0.0,0.0
2024-07-03 09:54:00+09:00,2423.5,2427.5,2423.5,2426.0,43100,0.0,0.0
2024-07-03 09:55:00+09:00,2426.0,2426.5,2422.0,2422.5,13800,0.0,0.0
2024-07-03 09:56:00+09:00,2422.5,2427.0,2422.5,2422.5,25000,0.0,0.0
2024-07-03 09:57:00+09:00,2423.0,2423.0,2422.0,2422.0,2300,0.0,0.0
2024-07-03 09:58:00+09:00,2421.0,2422.0,2421.0,2421.0,15300,0.0,0.0
2024-07-03 09:59:00+09:00,2421.0,2423.0,2421.0,2422.5,5200,0.0,0.0
2024-07-03 10:00:00+09:00,2423.0,2425.0,2417.0,2418.0,22000,0.0,0.0
2024-07-03 10:01:00+09:00,2417.5,2418.5,2414.5,2416.5,17300,0.0,0.0
2024-07-03 10:02:00+09:00,2417.5,2418.5,2415.5,2417.0,17600,0.0,0.0
2024-07-03 10:03:00+09:00,2417.0,2418.0,2412.0,2412.0,24300,0.0,0.0
2024-07-03 10:04:00+09:00,2412.5,2412.5,2408.5,2410.5,16100,0.0,0.0
2024-07-03 10:05:00+09:00,2410.0,2415.0,2409.5,2413.0,12300,0.0,0.0
2024-07-03 10:06:00+09:00,2414.0,2414.0,2407.5,2407.5,19400,0.0,0.0
2024-07-03 10:07:00+09:00,2407.5,2408.5,2406.0,2408.5,15400,0.0,0.0
2024-07-03 10:08:00+09:00,2408.5,2412.0,2407.5,2412.0,4000,0.0,0.0
2024-07-03 10:11:00+09:00,2409.0,2409.5,2408.5,2408.5,19500,0.0,0.0
2024-07-03 10:12:00+09:00,2408.5,2409.0,2408.5,2408.5,3300,0.0,0.0
2024-07-03 10:13:00+09:00,2409.5,2412.5,2409.0,2411.0,8700,0.0,0.0
2024-07-03 10:14:00+09:00,2410.0,2410.0,2407.5,2407.5,8900,0.0,0.0
2024-07-03 10:15:00+09:00,2407.5,2408.0,2406.5,2408.0,3600,0.0,0.0
2024-07-03 10:16:00+09:00,2408.0,2410.0,2408.0,2408.5,3900,0.0,0.0
2024-07-03 10:17:00+09:00,2409.0,2410.5,2408.5,2410.5,4000,0.0,0.0
2024-07-03 10:18:00+09:00,2410.5,2412.5,2409.0,2409.0,5700,0.0,0.0
2024-07-03 10:19:00+09:00,2408.5,2409.0,2408.0,2408.5,1500,0.0,0.0
2024-07-03 10:20:00+09:00,2409.5,2409.5,2407.0,2407.5,6000,0.0,0.0
2024-07-03 10:21:00+09:00,2408.5,2410.0,2408.0,2410.0,3200,0.0,0.0
2024-07-03 10:22:00+09:00,2410.0,2410.5,2409.5,2410.0,3900,0.0,0.0
2024-07-03 10:23:00+09:00,2409.0,2409.0,2407.5,2407.5,7300,0.0,0.0
2024-07-03 10:24:00+09:00,2408.0,2409.0,2408.0,2408.0,1500,0.0,0.0
2024-07-03 10:25:00+09:00,2408.0,2409.5,2408.0,2408.0,4900,0.0,0.0
2024-07-03 10:26:00+09:00,2408.5,2409.0,2408.5,2408.5,3200,0.0,0.0
2024-07-03 10:27:00+09:00,2409.0,2413.5,2408.5,2413.0,13500,0.0,0.0
2024-07-03 10:28:00+09:00,2413.5,2414.0,2413.0,2414.0,10000,0.0,0.0
2024-07-03 10:29:00+09:00,2414.5,2420.0,2414.5,2420.0,16900,0.0,0.0
2024-07-03 10:30:00+09:00,2419.5,2424.0,2419.0,2423.5,17000,0.0,0.0
2024-07-03 10:31:00+09:00,2422.5,2425.0,2422.0,2424.5,9500,0.0,0.0
2024-07-03 10:32:00+09:00,2424.5,2433.5,2424.5,2433.5,194600,0.0,0.0
2024-07-03 10:33:00+09:00,2432.5,2436.0,2430.5,2434.5,66200,0.0,0.0
2024-07-03 10:34:00+09:00,2433.5,2436.0,2430.5,2433.0,31700,0.0,0.0
2024-07-03 10:35:00+09:00,2433.5,2435.0,2433.0,2434.0,12200,0.0,0.0
2024-07-03 10:36:00+09:00,2434.0,2438.5,2434.0,2436.5,32200,0.0,0.0
2024-07-03 10:37:00+09:00,2436.5,2440.0,2436.5,2440.0,23900,0.0,0.0
2024-07-03 10:38:00+09:00,2440.0,2441.0,2433.0,2435.5,51500,0.0,0.0
2024-07-03 10:39:00+09:00,2436.5,2438.5,2436.5,2438.5,9400,0.0,0.0
2024-07-03 10:40:00+09:00,2439.0,2445.0,2438.5,2444.0,86400,0.0,0.0
2024-07-03 10:41:00+09:00,2444.0,2445.0,2443.5,2445.0,10900,0.0,0.0
2024-07-03 10:42:00+09:00,2445.0,2453.5,2445.0,2450.0,108600,0.0,0.0
2024-07-03 10:43:00+09:00,2451.0,2452.5,2450.0,2451.5,12700,0.0,0.0
2024-07-03 10:44:00+09:00,2451.5,2452.0,2446.5,2446.5,19800,0.0,0.0
2024-07-03 10:45:00+09:00,2446.5,2446.5,2439.0,2441.5,24500,0.0,0.0
2024-07-03 10:46:00+09:00,2441.0,2443.0,2439.5,2440.5,14800,0.0,0.0
2024-07-03 10:47:00+09:00,2440.5,2440.5,2434.5,2434.5,9900,0.0,0.0
2024-07-03 10:48:00+09:00,2434.0,2435.0,2430.0,2434.0,20200,0.0,0.0
2024-07-03 10:49:00+09:00,2432.5,2436.0,2432.0,2434.0,8500,0.0,0.0
2024-07-03 10:50:00+09:00,2433.5,2436.5,2433.5,2436.5,10000,0.0,0.0
2024-07-03 10:51:00+09:00,2436.5,2438.5,2436.0,2436.5,10500,0.0,0.0
2024-07-03 10:52:00+09:00,2437.0,2438.5,2432.5,2434.0,15000,0.0,0.0
2024-07-03 10:53:00+09:00,2435.5,2435.5,2430.0,2431.5,8500,0.0,0.0
2024-07-03 10:54:00+09:00,2432.5,2433.5,2430.0,2433.5,10600,0.0,0.0
2024-07-03 10:55:00+09:00,2434.0,2436.0,2434.0,2435.0,9500,0.0,0.0
2024-07-03 10:56:00+09:00,2435.5,2439.5,2435.5,2436.5,15600,0.0,0.0
2024-07-03 10:57:00+09:00,2437.0,2439.0,2437.0,2437.0,7000,0.0,0.0
2024-07-03 10:58:00+09:00,2438.0,2439.0,2438.0,2438.5,3800,0.0,0.0
2024-07-03 10:59:00+09:00,2438.5,2438.5,2434.5,2435.5,13100,0.0,0.0
2024-07-03 11:00:00+09:00,2435.5,2438.0,2435.0,2435.5,24500,0.0,0.0
2024-07-03 11:01:00+09:00,2436.0,2439.0,2434.5,2435.5,19600,0.0,0.0
2024-07-03 11:02:00+09:00,2435.0,2437.5,2435.0,2437.0,2500,0.0,0.0
2024-07-03 11:03:00+09:00,2437.0,2437.5,2435.5,2437.5,10200,0.0,0.0
2024-07-03 11:04:00+09:00,2438.0,2440.5,2438.0,2438.5,13700,0.0,0.0
2024-07-03 11:05:00+09:00,2438.5,2443.0,2438.0,2441.5,17900,0.0,0.0
2024-07-03 11:06:00+09:00,2442.5,2443.0,2442.0,2442.0,3900,0.0,0.0
2024-07-03 11:07:00+09:00,2443.0,2444.5,2442.5,2444.0,9400,0.0,0.0
2024-07-03 11:08:00+09:00,2444.0,2446.0,2444.0,2445.0,13300,0.0,0.0
2024-07-03 11:09:00+09:00,2445.0,2446.5,2445.0,2446.0,2600,0.0,0.0
2024-07-03 11:10:00+09:00,2446.5,2447.0,2444.0,2444.5,10200,0.0,0.0
2024-07-03 11:11:00+09:00,2444.0,2448.5,2444.0,2447.0,16100,0.0,0.0
2024-07-03 11:12:00+09:00,2446.5,2448.0,2444.0,2448.0,12600,0.0,0.0
2024-07-03 11:13:00+09:00,2447.0,2447.5,2447.0,2447.5,2000,0.0,0.0
2024-07-03 11:14:00+09:00,2447.0,2447.5,2446.0,2447.0,8500,0.0,0.0
2024-07-03 11:15:00+09:00,2447.0,2447.5,2446.5,2447.0,6700,0.0,0.0
2024-07-03 11:16:00+09:00,2447.5,2452.0,2447.5,2448.0,76500,0.0,0.0
2024-07-03 11:17:00+09:00,2447.5,2448.0,2445.0,2447.5,18300,0.0,0.0
2024-07-03 11:18:00+09:00,2447.0,2447.5,2445.0,2447.0,9000,0.0,0.0
2024-07-03 11:19:00+09:00,2447.5,2449.0,2447.5,2448.5,5600,0.0,0.0
2024-07-03 11:20:00+09:00,2449.0,2449.5,2448.5,2448.5,11400,0.0,0.0
2024-07-03 11:21:00+09:00,2449.0,2450.5,2446.0,2450.0,24300,0.0,0.0
2024-07-03 11:22:00+09:00,2450.0,2451.0,2449.5,2450.0,6300,0.0,0.0
2024-07-03 11:23:00+09:00,2449.5,2449.5,2449.5,2449.5,4800,0.0,0.0
2024-07-03 11:24:00+09:00,2449.5,2450.0,2449.0,2449.0,4900,0.0,0.0
2024-07-03 11:25:00+09:00,2450.0,2451.0,2448.0,2449.5,14500,0.0,0.0
2024-07-03 11:26:00+09:00,2449.5,2450.0,2449.0,2449.5,6200,0.0,0.0
2024-07-03 11:27:00+09:00,2450.0,2450.0,2448.5,2448.5,9100,0.0,0.0
2024-07-03 11:28:00+09:00,2449.0,2449.0,2445.0,2445.0,21000,0.0,0.0
2024-07-03 11:29:00+09:00,2445.5,2447.5,2445.0,2446.5,10500,0.0,0.0
2024-07-03 11:30:00+09:00,2447.0,2448.0,2447.0,2448.0,19300,0.0,0.0
2024-07-03 11:35:00+09:00,2448.0,2448.0,2448.0,2448.0,0,0.0,0.0
2024-07-03 12:30:00+09:00,2450.0,2454.5,2444.5,2446.5,3259600,0.0,0.0
2024-07-03 12:31:00+09:00,2446.5,2451.0,2445.0,2445.0,42800,0.0,0.0
2024-07-03 12:32:00+09:00,2444.5,2445.0,2441.5,2442.0,14700,0.0,0.0
2024-07-03 12:33:00+09:00,2442.0,2442.5,2439.5,2440.0,31400,0.0,0.0
2024-07-03 12:34:00+09:00,2439.0,2442.0,2438.5,2442.0,11000,0.0,0.0
2024-07-03 12:35:00+09:00,2441.5,2444.0,2441.0,2441.0,15800,0.0,0.0
2024-07-03 12:36:00+09:00,2442.0,2447.5,2442.0,2446.5,18300,0.0,0.0
2024-07-03 12:37:00+09:00,2446.0,2448.0,2445.5,2446.0,17000,0.0,0.0
2024-07-03 12:38:00+09:00,2446.0,2446.0,2443.5,2443.5,8500,0.0,0.0
2024-07-03 12:39:00+09:00,2444.0,2445.0,2443.0,2444.5,4600,0.0,0.0
2024-07-03 12:40:00+09:00,2445.0,2447.0,2444.5,2446.5,11300,0.0,0.0
2024-07-03 12:41:00+09:00,2446.0,2449.0,2445.5,2449.0,15000,0.0,0.0
2024-07-03 12:42:00+09:00,2449.0,2457.0,2449.0,2455.0,145800,0.0,0.0
2024-07-03 12:43:00+09:00,2455.0,2455.5,2451.0,2451.0,24500,0.0,0.0
2024-07-03 12:44:00+09:00,2451.5,2452.0,2449.5,2452.0,5900,0.0,0.0
2024-07-03 12:45:00+09:00,2452.0,2454.5,2451.0,2454.0,18800,0.0,0.0
2024-07-03 12:46:00+09:00,2453.5,2456.0,2453.5,2455.0,24800,0.0,0.0
2024-07-03 12:47:00+09:00,2455.0,2455.5,2455.0,2455.0,1100,0.0,0.0
2024-07-03 12:48:00+09:00,2455.0,2456.5,2453.5,2454.5,28300,0.0,0.0
2024-07-03 12:49:00+09:00,2454.0,2455.0,2454.0,2455.0,2900,0.0,0.0
2024-07-03 12:50:00+09:00,2455.5,2456.0,2455.0,2456.0,5300,0.0,0.0
2024-07-03 12:51:00+09:00,2455.5,2456.0,2455.5,2455.5,6600,0.0,0.0
2024-07-03 12:52:00+09:00,2455.5,2455.5,2454.0,2455.0,11200,0.0,0.0
2024-07-03 12:53:00+09:00,2454.5,2454.5,2451.5,2452.5,12800,0.0,0.0
2024-07-03 12:54:00+09:00,2452.0,2453.5,2452.0,2453.0,4200,0.0,0.0
2024-07-03 12:55:00+09:00,2453.0,2455.5,2453.0,2455.5,19400,0.0,0.0
2024-07-03 12:56:00+09:00,2455.5,2455.5,2452.5,2452.5,11800,0.0,0.0
2024-07-03 12:57:00+09:00,2452.0,2452.5,2448.5,2450.5,8700,0.0,0.0
2024-07-03 12:58:00+09:00,2450.0,2451.5,2450.0,2451.5,4200,0.0,0.0
2024-07-03 12:59:00+09:00,2451.0,2451.0,2448.0,2448.5,13400,0.0,0.0
2024-07-03 13:00:00+09:00,2447.5,2449.0,2447.5,2448.5,2500,0.0,0.0
2024-07-03 13:01:00+09:00,2448.0,2449.0,2447.0,2447.5,7200,0.0,0.0
2024-07-03 13:02:00+09:00,2448.0,2451.0,2448.0,2450.5,22800,0.0,0.0
2024-07-03 13:03:00+09:00,2450.5,2450.5,2450.0,2450.5,9800,0.0,0.0
2024-07-03 13:04:00+09:00,2450.5,2451.5,2450.5,2451.0,3900,0.0,0.0
2024-07-03 13:05:00+09:00,2451.0,2451.5,2450.5,2450.5,2700,0.0,0.0
2024-07-03 13:06:00+09:00,2450.5,2450.5,2449.5,2450.0,7400,0.0,0.0
2024-07-03 13:07:00+09:00,2450.0,2451.0,2450.0,2450.0,11700,0.0,0.0
2024-07-03 13:08:00+09:00,2450.0,2450.0,2449.5,2450.0,3700,0.0,0.0
2024-07-03 13:09:00+09:00,2450.0,2450.5,2450.0,2450.0,5600,0.0,0.0
2024-07-03 13:10:00+09:00,2450.0,2451.5,2449.5,2451.5,10500,0.0,0.0
2024-07-03 13:11:00+09:00,2451.0,2452.0,2450.0,2450.0,5600,0.0,0.0
2024-07-03 13:12:00+09:00,2450.0,2450.5,2450.0,2450.0,6000,0.0,0.0
2024-07-03 13:13:00+09:00,2450.0,2450.5,2450.0,2450.5,4000,0.0,0.0
2024-07-03 13:14:00+09:00,2450.0,2450.5,2450.0,2450.0,1100,0.0,0.0
2024-07-03 13:15:00+09:00,2450.0,2450.5,2450.0,2450.0,6800,0.0,0.0
2024-07-03 13:16:00+09:00,2450.0,2451.0,2450.0,2451.0,2900,0.0,0.0
2024-07-03 13:17:00+09:00,2451.0,2451.5,2447.0,2447.0,11700,0.0,0.0
2024-07-03 13:18:00+09:00,2447.0,2449.0,2446.0,2448.5,8900,0.0,0.0
2024-07-03 13:19:00+09:00,2448.0,2448.5,2447.0,2447.5,3400,0.0,0.0
2024-07-03 13:20:00+09:00,2447.5,2447.5,2447.5,2447.5,1100,0.0,0.0
2024-07-03 13:21:00+09:00,2447.5,2449.0,2445.5,2445.5,12300,0.0,0.0
2024-07-03 13:22:00+09:00,2445.5,2446.5,2445.0,2445.5,3100,0.0,0.0
2024-07-03 13:23:00+09:00,2445.0,2446.0,2445.0,2445.5,1700,0.0,0.0
2024-07-03 13:24:00+09:00,2445.5,2446.5,2445.5,2446.0,2300,0.0,0.0
2024-07-03 13:25:00+09:00,2446.0,2446.0,2442.0,2445.5,23900,0.0,0.0
2024-07-03 13:26:00+09:00,2446.0,2447.0,2445.5,2445.5,5600,0.0,0.0
2024-07-03 13:27:00+09:00,2445.0,2445.5,2445.0,2445.0,1500,0.0,0.0
2024-07-03 13:28:00+09:00,2445.0,2446.0,2445.0,2446.0,2900,0.0,0.0
2024-07-03 13:29:00+09:00,2445.5,2446.0,2445.5,2446.0,6000,0.0,0.0
2024-07-03 13:30:00+09:00,2445.5,2446.0,2445.0,2445.0,3300,0.0,0.0
2024-07-03 13:31:00+09:00,2445.0,2446.5,2445.0,2446.5,4600,0.0,0.0
2024-07-03 13:32:00+09:00,2446.5,2450.5,2446.5,2448.0,28000,0.0,0.0
2024-07-03 13:33:00+09:00,2447.5,2447.5,2447.5,2447.5,800,0.0,0.0
2024-07-03 13:34:00+09:00,2447.0,2447.5,2446.5,2447.0,2700,0.0,0.0
2024-07-03 13:35:00+09:00,2447.0,2447.5,2446.5,2447.5,2300,0.0,0.0
2024-07-03 13:36:00+09:00,2447.5,2449.0,2447.0,2449.0,10700,0.0,0.0
2024-07-03 13:37:00+09:00,2448.5,2449.0,2448.0,2449.0,3700,0.0,0.0
2024-07-03 13:38:00+09:00,2449.5,2450.0,2449.5,2449.5,27000,0.0,0.0
2024-07-03 13:39:00+09:00,2450.0,2450.0,2448.5,2448.5,6700,0.0,0.0
2024-07-03 13:40:00+09:00,2448.5,2449.0,2448.5,2449.0,2000,0.0,0.0
2024-07-03 13:41:00+09:00,2448.5,2449.5,2448.5,2449.5,3000,0.0,0.0
2024-07-03 13:42:00+09:00,2449.5,2449.5,2448.5,2448.5,6100,0.0,0.0
2024-07-03 13:43:00+09:00,2448.0,2448.5,2447.5,2448.0,4700,0.0,0.0
2024-07-03 13:44:00+09:00,2448.0,2448.0,2446.0,2447.0,7000,0.0,0.0
2024-07-03 13:45:00+09:00,2446.0,2447.0,2446.0,2446.5,1400,0.0,0.0
2024-07-03 13:46:00+09:00,2446.5,2447.5,2446.5,2447.5,8200,0.0,0.0
2024-07-03 13:47:00+09:00,2447.0,2447.5,2447.0,2447.5,3500,0.0,0.0
2024-07-03 13:48:00+09:00,2447.5,2447.5,2447.0,2447.0,2200,0.0,0.0
2024-07-03 13:49:00+09:00,2447.0,2447.0,2445.0,2445.0,8300,0.0,0.0
2024-07-03 13:50:00+09:00,2445.0,2446.0,2445.0,2445.0,6700,0.0,0.0
2024-07-03 13:51:00+09:00,2445.0,2445.0,2442.5,2442.5,9900,0.0,0.0
2024-07-03 13:52:00+09:00,2442.0,2442.0,2437.0,2440.0,34700,0.0,0.0
2024-07-03 13:53:00+09:00,2440.5,2441.5,2440.0,2441.5,7400,0.0,0.0
2024-07-03 13:54:00+09:00,2441.0,2441.5,2441.0,2441.5,10300,0.0,0.0
2024-07-03 13:55:00+09:00,2442.0,2442.5,2441.5,2442.5,4900,0.0,0.0
2024-07-03 13:56:00+09:00,2442.5,2443.0,2440.5,2441.0,20800,0.0,0.0
2024-07-03 13:57:00+09:00,2441.0,2441.5,2440.5,2441.0,1700,0.0,0.0
2024-07-03 13:58:00+09:00,2441.0,2441.5,2441.0,2441.5,5200,0.0,0.0
2024-07-03 13:59:00+09:00,2441.5,2446.0,2441.5,2445.5,17300,0.0,0.0
2024-07-03 14:00:00+09:00,2446.0,2446.5,2445.5,2445.5,2700,0.0,0.0
2024-07-03 14:01:00+09:00,2445.0,2445.0,2442.5,2445.0,22100,0.0,0.0
2024-07-03 14:02:00+09:00,2444.5,2445.0,2444.5,2445.0,4500,0.0,0.0
2024-07-03 14:03:00+09:00,2445.0,2445.0,2444.5,2444.5,2000,0.0,0.0
2024-07-03 14:04:00+09:00,2445.0,2445.5,2445.0,2445.5,4900,0.0,0.0
2024-07-03 14:05:00+09:00,2445.5,2445.5,2445.0,2445.0,5300,0.0,0.0
2024-07-03 14:06:00+09:00,2445.0,2445.5,2445.0,2445.5,2300,0.0,0.0
2024-07-03 14:07:00+09:00,2445.0,2445.5,2445.0,2445.5,6500,0.0,0.0
2024-07-03 14:08:00+09:00,2446.0,2447.5,2445.5,2447.0,7000,0.0,0.0
2024-07-03 14:09:00+09:00,2447.5,2447.5,2447.0,2447.5,3800,0.0,0.0
2024-07-03 14:10:00+09:00,2447.5,2448.0,2447.0,2447.0,11600,0.0,0.0
2024-07-03 14:11:00+09:00,2447.0,2448.5,2446.0,2448.5,23900,0.0,0.0
2024-07-03 14:12:00+09:00,2448.5,2449.0,2448.0,2449.0,2200,0.0,0.0
2024-07-03 14:13:00+09:00,2448.0,2448.5,2448.0,2448.0,1400,0.0,0.0
2024-07-03 14:14:00+09:00,2448.0,2448.5,2448.0,2448.0,700,0.0,0.0
2024-07-03 14:15:00+09:00,2448.5,2448.5,2448.5,2448.5,7400,0.0,0.0
2024-07-03 14:16:00+09:00,2449.0,2449.0,2448.0,2448.0,5400,0.0,0.0
2024-07-03 14:17:00+09:00,2448.0,2448.0,2447.5,2447.5,7700,0.0,0.0
2024-07-03 14:18:00+09:00,2447.5,2448.0,2447.5,2447.5,4900,0.0,0.0
2024-07-03 14:19:00+09:00,2447.0,2447.0,2446.5,2447.0,4100,0.0,0.0
2024-07-03 14:20:00+09:00,2447.5,2447.5,2447.5,2447.5,3900,0.0,0.0
2024-07-03 14:21:00+09:00,2447.5,2448.5,2447.5,2448.5,4900,0.0,0.0
2024-07-03 14:22:00+09:00,2448.0,2449.0,2448.0,2448.5,5800,0.0,0.0
2024-07-03 14:23:00+09:00,2448.0,2452.0,2447.5,2452.0,52700,0.0,0.0
2024-07-03 14:24:00+09:00,2452.0,2453.0,2450.0,2451.5,20800,0.0,0.0
2024-07-03 14:25:00+09:00,2451.0,2452.0,2450.5,2452.0,5400,0.0,0.0
2024-07-03 14:26:00+09:00,2452.0,2452.5,2451.5,2452.5,5400,0.0,0.0
2024-07-03 14:27:00+09:00,2452.0,2453.5,2452.0,2453.5,10100,0.0,0.0
2024-07-03 14:28:00+09:00,2453.5,2454.5,2453.0,2454.0,11700,0.0,0.0
2024-07-03 14:29:00+09:00,2454.5,2455.0,2454.0,2454.0,24500,0.0,0.0
2024-07-03 14:30:00+09:00,2454.0,2454.0,2453.5,2453.5,5800,0.0,0.0
2024-07-03 14:31:00+09:00,2454.0,2454.5,2453.5,2454.0,3400,0.0,0.0
2024-07-03 14:32:00+09:00,2454.5,2454.5,2454.0,2454.5,1700,0.0,0.0
2024-07-03 14:33:00+09:00,2454.5,2455.0,2454.0,2454.5,10300,0.0,0.0
2024-07-03 14:34:00+09:00,2454.5,2455.0,2454.5,2455.0,4800,0.0,0.0
2024-07-03 14:35:00+09:00,2455.0,2457.0,2454.5,2457.0,42300,0.0,0.0
2024-07-03 14:36:00+09:00,2457.0,2457.0,2455.5,2456.5,18600,0.0,0.0
2024-07-03 14:37:00+09:00,2455.5,2456.0,2455.5,2455.5,3700,0.0,0.0
2024-07-03 14:38:00+09:00,2455.5,2456.0,2455.0,2455.5,12800,0.0,0.0
2024-07-03 14:39:00+09:00,2455.5,2455.5,2454.5,2454.5,12700,0.0,0.0
2024-07-03 14:40:00+09:00,2454.5,2456.0,2454.0,2455.5,9500,0.0,0.0
2024-07-03 14:41:00+09:00,2455.0,2455.0,2451.5,2452.0,34300,0.0,0.0
2024-07-03 14:42:00+09:00,2452.0,2453.5,2452.0,2452.5,8000,0.0,0.0
2024-07-03 14:43:00+09:00,2452.5,2453.5,2452.5,2453.0,9600,0.0,0.0
2024-07-03 14:44:00+09:00,2453.5,2453.5,2450.5,2452.5,35200,0.0,0.0
2024-07-03 14:45:00+09:00,2452.5,2453.5,2452.0,2453.5,10400,0.0,0.0
2024-07-03 14:46:00+09:00,2453.5,2458.0,2453.0,2457.5,41500,0.0,0.0
2024-07-03 14:47:00+09:00,2457.0,2458.0,2456.5,2457.5,13100,0.0,0.0
2024-07-03 14:48:00+09:00,2457.5,2458.0,2457.0,2457.0,10200,0.0,0.0
2024-07-03 14:49:00+09:00,2457.0,2457.0,2456.0,2457.0,13700,0.0,0.0
2024-07-03 14:50:00+09:00,2457.0,2458.0,2457.0,2457.0,22800,0.0,0.0
2024-07-03 14:51:00+09:00,2457.0,2457.0,2455.0,2456.5,27400,0.0,0.0
2024-07-03 14:52:00+09:00,2457.0,2457.5,2455.5,2456.5,16200,0.0,0.0
2024-07-03 14:53:00+09:00,2456.0,2458.5,2455.5,2458.5,20700,0.0,0.0
2024-07-03 14:54:00+09:00,2458.5,2459.5,2458.0,2458.5,32800,0.0,0.0
2024-07-03 14:55:00+09:00,2458.0,2458.0,2457.0,2457.5,12500,0.0,0.0
2024-07-03 14:56:00+09:00,2458.0,2458.0,2457.0,2457.0,8700,0.0,0.0
2024-07-03 14:57:00+09:00,2457.0,2457.5,2455.5,2456.0,15600,0.0,0.0
2024-07-03 14:58:00+09:00,2455.5,2457.0,2455.0,2455.5,22600,0.0,0.0
2024-07-03 14:59:00+09:00,2456.0,2460.0,2453.5,2460.0,121600,0.0,0.0
2024-07-04 09:00:00+09:00,2475.0,2476.0,2464.0,2471.0,173400,0.0,0.0
2024-07-04 09:01:00+09:00,2471.0,2471.0,2461.0,2463.5,19600,0.0,0.0
2024-07-04 09:02:00+09:00,2464.0,2467.0,2459.0,2461.5,32800,0.0,0.0
2024-07-04 09:03:00+09:00,2463.0,2463.0,2457.0,2460.5,11100,0.0,0.0
2024-07-04 09:04:00+09:00,2461.5,2471.0,2459.5,2468.5,16400,0.0,0.0
2024-07-04 09:05:00+09:00,2468.5,2474.5,2467.5,2473.0,20400,0.0,0.0
2024-07-04 09:06:00+09:00,2471.5,2475.5,2471.5,2474.0,10300,0.0,0.0
2024-07-04 09:07:00+09:00,2473.5,2473.5,2469.0,2469.0,6900,0.0,0.0
2024-07-04 09:08:00+09:00,2469.0,2469.5,2465.0,2469.5,10300,0.0,0.0
2024-07-04 09:09:00+09:00,2469.5,2472.0,2469.0,2471.5,11600,0.0,0.0
2024-07-04 09:10:00+09:00,2471.5,2473.0,2469.0,2469.0,12000,0.0,0.0
2024-07-04 09:11:00+09:00,2469.0,2477.5,2468.0,2477.5,25300,0.0,0.0
2024-07-04 09:12:00+09:00,2477.5,2478.0,2476.0,2477.0,7600,0.0,0.0
2024-07-04 09:13:00+09:00,2477.0,2477.0,2474.0,2476.5,12600,0.0,0.0
2024-07-04 09:14:00+09:00,2477.0,2477.0,2475.0,2476.0,3800,0.0,0.0
2024-07-04 09:15:00+09:00,2476.5,2479.0,2476.5,2478.5,11700,0.0,0.0
2024-07-04 09:16:00+09:00,2478.5,2479.5,2477.0,2479.0,18000,0.0,0.0
2024-07-04 09:17:00+09:00,2479.0,2479.0,2473.0,2474.0,29600,0.0,0.0
2024-07-04 09:18:00+09:00,2473.0,2473.0,2469.0,2471.0,13200,0.0,0.0
2024-07-04 09:19:00+09:00,2470.0,2471.5,2470.0,2470.0,9000,0.0,0.0
2024-07-04 09:20:00+09:00,2471.5,2473.0,2470.0,2470.5,6600,0.0,0.0
2024-07-04 09:21:00+09:00,2471.0,2472.0,2470.0,2471.0,6400,0.0,0.0
2024-07-04 09:22:00+09:00,2470.5,2473.5,2470.5,2473.5,3400,0.0,0.0
2024-07-04 09:23:00+09:00,2474.0,2482.0,2474.0,2481.5,71500,0.0,0.0
2024-07-04 09:24:00+09:00,2482.0,2484.0,2481.5,2482.0,17100,0.0,0.0
2024-07-04 09:25:00+09:00,2484.0,2484.0,2480.0,2481.5,8700,0.0,0.0
2024-07-04 09:26:00+09:00,2482.0,2484.0,2481.5,2482.5,15600,0.0,0.0
2024-07-04 09:27:00+09:00,2481.5,2482.0,2480.5,2482.0,4300,0.0,0.0
2024-07-04 09:28:00+09:00,2482.5,2483.0,2476.5,2481.0,14600,0.0,0.0
2024-07-04 09:29:00+09:00,2480.5,2483.0,2480.0,2481.0,13200,0.0,0.0
2024-07-04 09:30:00+09:00,2481.0,2482.5,2481.0,2481.5,5100,0.0,0.0
2024-07-04 09:31:00+09:00,2482.0,2483.0,2479.0,2480.5,15500,0.0,0.0
2024-07-04 09:32:00+09:00,2481.0,2481.5,2477.0,2477.0,12300,0.0,0.0
2024-07-04 09:33:00+09:00,2476.5,2477.0,2474.5,2475.5,17800,0.0,0.0
2024-07-04 09:34:00+09:00,2475.5,2475.5,2472.0,2472.0,8200,0.0,0.0
2024-07-04 09:35:00+09:00,2471.5,2471.5,2466.5,2467.5,20000,0.0,0.0
2024-07-04 09:36:00+09:00,2467.0,2470.0,2467.0,2470.0,5200,0.0,0.0
2024-07-04 09:37:00+09:00,2469.5,2475.0,2469.5,2474.5,25100,0.0,0.0
2024-07-04 09:38:00+09:00,2473.5,2479.5,2473.5,2476.0,39000,0.0,0.0
2024-07-04 09:39:00+09:00,2477.0,2483.5,2477.0,2482.0,45800,0.0,0.0
2024-07-04 09:40:00+09:00,2482.0,2483.0,2480.0,2480.0,18300,0.0,0.0
2024-07-04 09:41:00+09:00,2481.0,2483.0,2481.0,2482.0,8300,0.0,0.0
2024-07-04 09:42:00+09:00,2482.5,2484.0,2482.0,2483.0,13100,0.0,0.0
2024-07-04 09:43:00+09:00,2483.5,2485.0,2482.0,2484.5,25900,0.0,0.0
2024-07-04 09:44:00+09:00,2484.5,2488.5,2484.5,2487.0,57700,0.0,0.0
2024-07-04 09:45:00+09:00,2486.5,2491.0,2484.0,2490.0,55100,0.0,0.0
2024-07-04 09:46:00+09:00,2490.5,2494.0,2490.0,2492.5,52200,0.0,0.0
2024-07-04 09:47:00+09:00,2492.5,2493.0,2486.0,2486.0,11600,0.0,0.0
2024-07-04 09:48:00+09:00,2486.0,2491.5,2486.0,2489.5,12300,0.0,0.0
2024-07-04 09:49:00+09:00,2488.0,2489.5,2486.5,2488.5,16300,0.0,0.0
2024-07-04 09:50:00+09:00,2489.0,2489.0,2485.0,2485.5,16100,0.0,0.0
2024-07-04 09:51:00+09:00,2485.0,2485.5,2478.5,2478.5,21000,0.0,0.0
2024-07-04 09:52:00+09:00,2478.0,2480.0,2476.0,2480.0,20400,0.0,0.0
2024-07-04 09:53:00+09:00,2480.0,2480.0,2478.5,2479.5,5900,0.0,0.0
2024-07-04 09:54:00+09:00,2481.0,2481.5,2481.0,2481.5,14100,0.0,0.0
2024-07-04 09:55:00+09:00,2481.5,2482.5,2481.5,2481.5,4800,0.0,0.0
2024-07-04 09:56:00+09:00,2481.5,2483.0,2480.5,2483.0,7600,0.0,0.0
2024-07-04 09:57:00+09:00,2482.5,2485.0,2482.0,2482.0,15000,0.0,0.0
2024-07-04 09:58:00+09:00,2482.0,2483.0,2481.5,2482.5,4900,0.0,0.0
2024-07-04 09:59:00+09:00,2482.5,2485.0,2482.5,2485.0,9200,0.0,0.0
2024-07-04 10:00:00+09:00,2485.0,2485.0,2482.0,2484.0,13700,0.0,0.0
2024-07-04 10:01:00+09:00,2483.5,2483.5,2482.0,2482.5,7400,0.0,0.0
2024-07-04 10:02:00+09:00,2482.5,2482.5,2480.5,2480.5,3300,0.0,0.0
2024-07-04 10:03:00+09:00,2479.0,2480.5,2479.0,2480.5,12700,0.0,0.0
2024-07-04 10:04:00+09:00,2480.5,2480.5,2477.5,2478.5,9300,0.0,0.0
2024-07-04 10:05:00+09:00,2478.5,2478.5,2475.5,2475.5,9800,0.0,0.0
2024-07-04 10:06:00+09:00,2475.0,2475.0,2469.5,2472.5,27700,0.0,0.0
2024-07-04 10:07:00+09:00,2473.0,2474.0,2473.0,2473.5,3000,0.0,0.0
2024-07-04 10:08:00+09:00,2473.5,2476.5,2473.5,2476.0,13300,0.0,0.0
2024-07-04 10:09:00+09:00,2476.5,2479.0,2476.5,2479.0,3800,0.0,0.0
2024-07-04 10:10:00+09:00,2479.5,2479.5,2478.5,2479.0,6000,0.0,0.0
2024-07-04 10:11:00+09:00,2479.0,2482.0,2479.0,2481.5,4300,0.0,0.0
2024-07-04 10:12:00+09:00,2482.0,2484.5,2481.5,2484.5,4000,0.0,0.0
2024-07-04 10:13:00+09:00,2484.5,2484.5,2480.0,2482.5,14200,0.0,0.0
2024-07-04 10:14:00+09:00,2483.5,2484.5,2483.0,2484.0,4100,0.0,0.0
2024-07-04 10:15:00+09:00,2484.0,2485.0,2483.5,2484.0,13000,0.0,0.0
2024-07-04 10:16:00+09:00,2484.0,2484.0,2481.5,2481.5,4100,0.0,0.0
2024-07-04 10:17:00+09:00,2481.5,2483.0,2481.5,2483.0,2900,0.0,0.0
2024-07-04 10:18:00+09:00,2483.0,2483.0,2480.0,2481.5,14200,0.0,0.0
2024-07-04 10:19:00+09:00,2481.5,2482.0,2481.0,2481.5,4700,0.0,0.0
2024-07-04 10:20:00+09:00,2481.5,2482.5,2481.0,2482.0,4500,0.0,0.0
2024-07-04 10:21:00+09:00,2482.0,2482.5,2474.5,2474.5,21900,0.0,0.0
2024-07-04 10:22:00+09:00,2475.5,2476.0,2471.5,2474.0,9600,0.0,0.0
2024-07-04 10:23:00+09:00,2474.5,2479.5,2474.5,2478.5,3200,0.0,0.0
2024-07-04 10:24:00+09:00,2478.0,2478.5,2477.5,2478.0,8500,0.0,0.0
2024-07-04 10:25:00+09:00,2477.5,2478.0,2475.0,2478.0,14000,0.0,0.0
2024-07-04 10:26:00+09:00,2478.5,2479.5,2477.0,2477.0,6500,0.0,0.0
2024-07-04 10:27:00+09:00,2476.5,2477.5,2476.5,2477.0,3200,0.0,0.0
2024-07-04 10:28:00+09:00,2477.5,2477.5,2475.0,2475.0,3700,0.0,0.0
2024-07-04 10:29:00+09:00,2475.5,2476.0,2474.0,2476.0,7200,0.0,0.0
2024-07-04 10:30:00+09:00,2476.5,2483.0,2476.5,2481.5,26800,0.0,0.0
2024-07-04 10:31:00+09:00,2482.5,2482.5,2482.0,2482.0,1600,0.0,0.0
2024-07-04 10:32:00+09:00,2481.5,2481.5,2478.0,2481.0,8700,0.0,0.0
2024-07-04 10:33:00+09:00,2480.5,2480.5,2479.0,2479.5,3400,0.0,0.0
2024-07-04 10:34:00+09:00,2480.0,2480.5,2479.0,2479.0,4000,0.0,0.0
2024-07-04 10:35:00+09:00,2479.0,2480.5,2479.0,2480.5,4600,0.0,0.0
2024-07-04 10:36:00+09:00,2480.5,2482.5,2480.5,2482.5,6600,0.0,0.0
2024-07-04 10:37:00+09:00,2482.5,2485.0,2482.5,2484.5,10800,0.0,0.0
2024-07-04 10:38:00+09:00,2485.0,2491.0,2484.5,2488.5,44600,0.0,0.0
2024-07-04 10:39:00+09:00,2489.0,2492.0,2489.0,2491.5,23500,0.0,0.0
2024-07-04 10:40:00+09:00,2491.5,2491.5,2488.5,2488.5,7800,0.0,0.0
2024-07-04 10:41:00+09:00,2489.0,2489.5,2487.0,2487.5,9100,0.0,0.0
2024-07-04 10:42:00+09:00,2487.5,2487.5,2485.0,2486.0,12300,0.0,0.0
2024-07-04 10:43:00+09:00,2486.0,2491.0,2486.0,2490.5,9500,0.0,0.0
2024-07-04 10:44:00+09:00,2490.5,2490.5,2489.0,2490.0,9600,0.0,0.0
2024-07-04 10:45:00+09:00,2490.0,2490.0,2488.0,2488.5,19100,0.0,0.0
2024-07-04 10:46:00+09:00,2488.0,2490.0,2486.0,2490.0,9000,0.0,0.0
2024-07-04 10:47:00+09:00,2489.5,2490.0,2489.0,2490.0,3100,0.0,0.0
2024-07-04 10:48:00+09:00,2490.0,2490.0,2486.0,2487.0,12300,0.0,0.0
2024-07-04 10:49:00+09:00,2486.5,2487.5,2484.0,2485.0,6600,0.0,0.0
2024-07-04 10:50:00+09:00,2485.0,2488.0,2485.0,2488.0,6000,0.0,0.0
2024-07-04 10:51:00+09:00,2488.0,2488.0,2488.0,2488.0,100,0.0,0.0
2024-07-04 10:52:00+09:00,2488.0,2491.0,2488.0,2490.0,23100,0.0,0.0
2024-07-04 10:53:00+09:00,2490.5,2490.5,2487.5,2487.5,5600,0.0,0.0
2024-07-04 10:54:00+09:00,2487.5,2488.0,2486.5,2487.0,4400,0.0,0.0
2024-07-04 10:55:00+09:00,2486.5,2489.0,2486.5,2489.0,4500,0.0,0.0
2024-07-04 10:56:00+09:00,2488.5,2490.0,2488.5,2490.0,14200,0.0,0.0
2024-07-04 10:57:00+09:00,2490.5,2494.0,2490.5,2492.0,23400,0.0,0.0
2024-07-04 10:58:00+09:00,2493.0,2494.0,2489.5,2489.5,9100,0.0,0.0
2024-07-04 10:59:00+09:00,2489.5,2490.5,2487.5,2488.5,7400,0.0,0.0
2024-07-04 11:00:00+09:00,2489.0,2490.5,2488.5,2489.5,7100,0.0,0.0
2024-07-04 11:01:00+09:00,2489.0,2490.0,2485.5,2487.5,12100,0.0,0.0
2024-07-04 11:02:00+09:00,2487.5,2489.0,2487.5,2489.0,5600,0.0,0.0
2024-07-04 11:03:00+09:00,2489.0,2489.5,2489.0,2489.0,800,0.0,0.0
2024-07-04 11:04:00+09:00,2489.5,2489.5,2487.0,2487.5,9700,0.0,0.0
2024-07-04 11:05:00+09:00,2488.0,2490.0,2488.0,2488.0,19900,0.0,0.0
2024-07-04 11:06:00+09:00,2487.5,2488.5,2487.5,2487.5,6300,0.0,0.0
2024-07-04 11:07:00+09:00,2487.0,2489.0,2486.5,2489.0,4400,0.0,0.0
2024-07-04 11:08:00+09:00,2489.0,2490.0,2488.5,2488.5,10400,0.0,0.0
2024-07-04 11:09:00+09:00,2489.0,2490.5,2489.0,2490.5,4800,0.0,0.0
2024-07-04 11:10:00+09:00,2490.5,2491.0,2490.0,2491.0,5600,0.0,0.0
2024-07-04 11:11:00+09:00,2491.0,2491.0,2489.0,2489.5,10300,0.0,0.0
2024-07-04 11:12:00+09:00,2489.0,2492.0,2489.0,2492.0,4500,0.0,0.0
2024-07-04 11:13:00+09:00,2492.0,2495.0,2491.0,2491.0,48300,0.0,0.0
2024-07-04 11:14:00+09:00,2491.0,2496.0,2491.0,2496.0,15500,0.0,0.0
2024-07-04 11:15:00+09:00,2496.5,2497.0,2494.0,2494.0,9600,0.0,0.0
2024-07-04 11:16:00+09:00,2494.0,2494.0,2492.0,2492.0,4900,0.0,0.0
2024-07-04 11:17:00+09:00,2492.0,2494.0,2490.0,2491.0,12000,0.0,0.0
2024-07-04 11:18:00+09:00,2491.0,2493.0,2491.0,2492.0,5500,0.0,0.0
2024-07-04 11:19:00+09:00,2491.5,2492.5,2491.0,2492.5,5500,0.0,0.0
2024-07-04 11:20:00+09:00,2492.0,2493.0,2491.5,2493.0,6700,0.0,0.0
2024-07-04 11:21:00+09:00,2493.0,2493.5,2493.0,2493.0,4700,0.0,0.0
2024-07-04 11:22:00+09:00,2493.0,2493.0,2491.0,2491.5,7200,0.0,0.0
2024-07-04 11:23:00+09:00,2492.0,2493.0,2491.5,2492.0,2200,0.0,0.0
2024-07-04 11:24:00+09:00,2492.5,2495.0,2492.0,2494.5,8000,0.0,0.0
2024-07-04 11:25:00+09:00,2495.0,2495.5,2495.0,2495.5,3100,0.0,0.0
2024-07-04 11:26:00+09:00,2495.5,2496.0,2494.0,2494.0,21200,0.0,0.0
2024-07-04 11:27:00+09:00,2494.0,2494.5,2493.0,2494.5,4100,0.0,0.0
2024-07-04 11:28:00+09:00,2494.5,2495.0,2494.5,2495.0,8400,0.0,0.0
2024-07-04 11:29:00+09:00,2495.0,2498.0,2495.0,2495.5,11700,0.0,0.0
2024-07-04 11:30:00+09:00,2496.0,2497.0,2495.0,2497.0,4900,0.0,0.0
2024-07-04 11:35:00+09:00,2497.0,2497.0,2497.0,2497.0,0,0.0,0.0
2024-07-04 12:30:00+09:00,2495.0,2496.5,2486.0,2487.5,2183800,0.0,0.0
2024-07-04 12:31:00+09:00,2487.5,2487.5,2483.0,2485.0,13800,0.0,0.0
2024-07-04 12:32:00+09:00,2479.0,2480.0,2473.5,2477.0,48500,0.0,0.0
2024-07-04 12:33:00+09:00,2478.0,2479.5,2477.0,2479.0,10800,0.0,0.0
2024-07-04 12:34:00+09:00,2479.0,2480.0,2478.0,2478.0,10800,0.0,0.0
2024-07-04 12:35:00+09:00,2478.5,2480.0,2478.5,2480.0,2400,0.0,0.0
2024-07-04 12:36:00+09:00,2480.0,2484.5,2479.5,2484.5,13000,0.0,0.0
2024-07-04 12:37:00+09:00,2485.0,2486.0,2483.5,2486.0,8800,0.0,0.0
2024-07-04 12:38:00+09:00,2486.0,2487.0,2485.5,2487.0,8700,0.0,0.0
2024-07-04 12:39:00+09:00,2487.0,2487.5,2487.0,2487.5,4100,0.0,0.0
2024-07-04 12:40:00+09:00,2487.5,2488.5,2484.5,2485.0,13800,0.0,0.0
2024-07-04 12:41:00+09:00,2485.0,2485.0,2483.0,2484.5,12700,0.0,0.0
2024-07-04 12:42:00+09:00,2484.0,2488.0,2483.0,2488.0,15000,0.0,0.0
2024-07-04 12:43:00+09:00,2487.5,2489.5,2487.0,2489.0,13600,0.0,0.0
2024-07-04 12:44:00+09:00,2488.5,2491.5,2488.5,2491.5,23300,0.0,0.0
2024-07-04 12:45:00+09:00,2491.0,2492.5,2491.0,2492.5,11600,0.0,0.0
2024-07-04 12:46:00+09:00,2492.0,2496.0,2492.0,2496.0,14600,0.0,0.0
2024-07-04 12:47:00+09:00,2495.5,2496.0,2493.0,2493.5,13200,0.0,0.0
2024-07-04 12:48:00+09:00,2493.5,2497.0,2493.5,2496.5,11700,0.0,0.0
2024-07-04 12:49:00+09:00,2497.0,2497.5,2496.5,2496.5,12900,0.0,0.0
2024-07-04 12:50:00+09:00,2496.5,2497.0,2495.5,2495.5,7700,0.0,0.0
2024-07-04 12:51:00+09:00,2495.5,2495.5,2492.0,2495.5,14800,0.0,0.0
2024-07-04 12:52:00+09:00,2495.5,2496.0,2495.0,2495.5,4200,0.0,0.0
2024-07-04 12:53:00+09:00,2495.5,2496.5,2495.0,2496.5,15300,0.0,0.0
2024-07-04 12:54:00+09:00,2496.0,2496.0,2491.5,2495.0,14200,0.0,0.0
2024-07-04 12:55:00+09:00,2495.0,2495.0,2493.0,2493.0,6000,0.0,0.0
2024-07-04 12:56:00+09:00,2493.0,2493.5,2492.5,2492.5,6500,0.0,0.0
2024-07-04 12:57:00+09:00,2493.0,2493.5,2492.5,2493.5,1400,0.0,0.0
2024-07-04 12:58:00+09:00,2493.0,2493.0,2489.5,2489.5,19500,0.0,0.0
2024-07-04 12:59:00+09:00,2489.0,2490.0,2485.0,2485.0,19900,0.0,0.0
2024-07-04 13:00:00+09:00,2485.5,2485.5,2479.0,2480.0,12300,0.0,0.0
2024-07-04 13:01:00+09:00,2480.5,2480.5,2475.0,2479.5,20200,0.0,0.0
2024-07-04 13:02:00+09:00,2479.5,2479.5,2477.5,2478.0,5500,0.0,0.0
2024-07-04 13:03:00+09:00,2478.5,2478.5,2473.5,2474.0,15100,0.0,0.0
2024-07-04 13:04:00+09:00,2474.5,2475.5,2474.0,2475.5,5000,0.0,0.0
2024-07-04 13:05:00+09:00,2476.0,2478.5,2476.0,2478.5,8500,0.0,0.0
2024-07-04 13:06:00+09:00,2478.5,2479.0,2477.5,2479.0,6600,0.0,0.0
2024-07-04 13:07:00+09:00,2479.0,2479.5,2477.5,2478.0,6200,0.0,0.0
2024-07-04 13:08:00+09:00,2478.0,2479.0,2477.5,2478.0,5900,0.0,0.0
2024-07-04 13:09:00+09:00,2478.0,2479.0,2478.0,2479.0,5500,0.0,0.0
2024-07-04 13:10:00+09:00,2479.0,2479.0,2478.5,2479.0,4300,0.0,0.0
2024-07-04 13:11:00+09:00,2479.5,2479.5,2478.0,2478.5,6200,0.0,0.0
2024-07-04 13:12:00+09:00,2479.0,2479.0,2476.5,2476.5,4900,0.0,0.0
2024-07-04 13:13:00+09:00,2476.5,2479.0,2475.5,2478.5,9300,0.0,0.0
2024-07-04 13:14:00+09:00,2479.0,2479.5,2479.0,2479.0,2700,0.0,0.0
2024-07-04 13:15:00+09:00,2479.0,2480.5,2479.0,2480.0,6600,0.0,0.0
2024-07-04 13:16:00+09:00,2480.5,2480.5,2478.5,2479.0,9900,0.0,0.0
2024-07-04 13:17:00+09:00,2479.0,2480.0,2477.5,2480.0,11700,0.0,0.0
2024-07-04 13:18:00+09:00,2480.0,2480.0,2480.0,2480.0,600,0.0,0.0
2024-07-04 13:19:00+09:00,2480.0,2481.0,2480.0,2480.5,4200,0.0,0.0
2024-07-04 13:20:00+09:00,2481.0,2481.0,2480.0,2480.0,6600,0.0,0.0
2024-07-04 13:21:00+09:00,2480.5,2480.5,2480.0,2480.0,3400,0.0,0.0
2024-07-04 13:22:00+09:00,2480.0,2480.5,2480.0,2480.5,400,0.0,0.0
2024-07-04 13:23:00+09:00,2480.5,2480.5,2480.0,2480.0,4800,0.0,0.0
2024-07-04 13:24:00+09:00,2480.0,2482.5,2479.0,2480.0,21200,0.0,0.0
2024-07-04 13:25:00+09:00,2479.5,2480.5,2479.5,2479.5,6600,0.0,0.0
2024-07-04 13:26:00+09:00,2479.5,2480.0,2479.5,2480.0,1700,0.0,0.0
2024-07-04 13:27:00+09:00,2480.5,2480.5,2479.0,2480.0,6200,0.0,0.0
2024-07-04 13:28:00+09:00,2480.5,2480.5,2479.5,2480.0,3200,0.0,0.0
2024-07-04 13:29:00+09:00,2480.0,2481.0,2480.0,2481.0,5000,0.0,0.0
2024-07-04 13:30:00+09:00,2481.0,2482.0,2481.0,2482.0,2100,0.0,0.0
2024-07-04 13:31:00+09:00,2481.5,2482.0,2481.5,2482.0,5800,0.0,0.0
2024-07-04 13:32:00+09:00,2482.0,2482.5,2482.0,2482.0,6300,0.0,0.0
2024-07-04 13:33:00+09:00,2482.0,2483.5,2482.0,2483.5,3200,0.0,0.0
2024-07-04 13:34:00+09:00,2484.0,2484.0,2483.5,2484.0,5900,0.0,0.0
2024-07-04 13:35:00+09:00,2484.5,2484.5,2482.5,2483.5,12000,0.0,0.0
2024-07-04 13:36:00+09:00,2483.0,2483.0,2481.5,2481.5,3900,0.0,0.0
2024-07-04 13:37:00+09:00,2481.5,2481.5,2481.0,2481.5,4700,0.0,0.0
2024-07-04 13:38:00+09:00,2481.5,2481.5,2480.0,2481.5,7200,0.0,0.0
2024-07-04 13:39:00+09:00,2481.0,2481.5,2481.0,2481.5,2000,0.0,0.0
2024-07-04 13:40:00+09:00,2481.5,2482.0,2480.0,2481.0,10700,0.0,0.0
2024-07-04 13:41:00+09:00,2480.0,2481.5,2479.5,2481.0,7400,0.0,0.0
2024-07-04 13:42:00+09:00,2481.5,2482.5,2481.5,2482.5,1200,0.0,0.0
2024-07-04 13:43:00+09:00,2482.0,2482.0,2482.0,2482.0,600,0.0,0.0
2024-07-04 13:44:00+09:00,2482.0,2482.5,2482.0,2482.5,4500,0.0,0.0
2024-07-04 13:45:00+09:00,2482.5,2482.5,2480.5,2480.5,8000,0.0,0.0
2024-07-04 13:46:00+09:00,2480.0,2480.0,2478.5,2479.5,10400,0.0,0.0
2024-07-04 13:47:00+09:00,2479.0,2479.0,2477.0,2478.5,12800,0.0,0.0
2024-07-04 13:48:00+09:00,2478.5,2480.0,2478.5,2480.0,6300,0.0,0.0
2024-07-04 13:49:00+09:00,2479.5,2479.5,2479.0,2479.0,2100,0.0,0.0
2024-07-04 13:50:00+09:00,2479.0,2479.0,2479.0,2479.0,300,0.0,0.0
2024-07-04 13:51:00+09:00,2479.0,2479.0,2479.0,2479.0,2400,0.0,0.0
2024-07-04 13:52:00+09:00,2479.0,2479.5,2479.0,2479.5,4100,0.0,0.0
2024-07-04 13:53:00+09:00,2479.5,2480.5,2479.0,2480.5,14600,0.0,0.0
2024-07-04 13:54:00+09:00,2480.5,2480.5,2480.5,2480.5,100,0.0,0.0
2024-07-04 13:55:00+09:00,2481.0,2481.5,2481.0,2481.5,3100,0.0,0.0
2024-07-04 13:56:00+09:00,2481.0,2481.0,2480.0,2480.0,9000,0.0,0.0
2024-07-04 13:58:00+09:00,2480.0,2480.0,2479.5,2479.5,5100,0.0,0.0
2024-07-04 13:59:00+09:00,2479.5,2479.5,2479.5,2479.5,200,0.0,0.0
2024-07-04 14:00:00+09:00,2479.5,2479.5,2478.5,2478.5,8300,0.0,0.0
2024-07-04 14:01:00+09:00,2479.0,2482.0,2477.5,2482.0,25300,0.0,0.0
2024-07-04 14:02:00+09:00,2482.5,2483.5,2482.5,2483.0,8000,0.0,0.0
2024-07-04 14:03:00+09:00,2483.0,2483.5,2483.0,2483.5,1000,0.0,0.0
2024-07-04 14:04:00+09:00,2483.5,2483.5,2483.0,2483.0,4000,0.0,0.0
2024-07-04 14:05:00+09:00,2483.5,2484.5,2483.5,2484.5,7400,0.0,0.0
2024-07-04 14:06:00+09:00,2484.0,2486.5,2484.0,2486.5,9200,0.0,0.0
2024-07-04 14:07:00+09:00,2486.5,2489.5,2486.5,2489.0,19100,0.0,0.0
2024-07-04 14:08:00+09:00,2489.5,2489.5,2484.5,2485.0,16300,0.0,0.0
2024-07-04 14:09:00+09:00,2485.0,2485.0,2484.5,2484.5,3600,0.0,0.0
2024-07-04 14:10:00+09:00,2484.0,2485.0,2480.0,2480.5,26300,0.0,0.0
2024-07-04 14:11:00+09:00,2480.0,2482.0,2480.0,2482.0,2700,0.0,0.0
2024-07-04 14:12:00+09:00,2481.5,2481.5,2480.5,2481.0,5000,0.0,0.0
2024-07-04 14:13:00+09:00,2480.5,2481.0,2480.5,2481.0,1700,0.0,0.0
2024-07-04 14:14:00+09:00,2480.5,2481.0,2480.0,2480.0,4700,0.0,0.0
2024-07-04 14:15:00+09:00,2480.5,2481.0,2479.0,2480.0,14400,0.0,0.0
2024-07-04 14:16:00+09:00,2480.5,2480.5,2480.0,2480.0,1600,0.0,0.0
2024-07-04 14:17:00+09:00,2480.5,2481.5,2480.0,2481.0,12500,0.0,0.0
2024-07-04 14:18:00+09:00,2481.0,2481.0,2480.5,2480.5,2700,0.0,0.0
2024-07-04 14:19:00+09:00,2480.5,2480.5,2479.0,2479.5,16300,0.0,0.0
2024-07-04 14:20:00+09:00,2478.5,2479.5,2478.5,2479.5,3800,0.0,0.0
2024-07-04 14:21:00+09:00,2479.5,2479.5,2479.5,2479.5,200,0.0,0.0
2024-07-04 14:22:00+09:00,2479.0,2479.0,2478.5,2478.5,7200,0.0,0.0
2024-07-04 14:23:00+09:00,2478.5,2478.5,2477.5,2477.5,4700,0.0,0.0
2024-07-04 14:24:00+09:00,2477.5,2478.0,2476.0,2477.0,17000,0.0,0.0
2024-07-04 14:25:00+09:00,2477.0,2477.0,2475.5,2477.0,11500,0.0,0.0
2024-07-04 14:26:00+09:00,2477.5,2478.5,2477.5,2477.5,8400,0.0,0.0
2024-07-04 14:27:00+09:00,2478.0,2478.0,2477.5,2477.5,700,0.0,0.0
2024-07-04 14:28:00+09:00,2478.0,2478.5,2478.0,2478.5,2300,0.0,0.0
2024-07-04 14:29:00+09:00,2478.0,2478.0,2477.5,2478.0,2400,0.0,0.0
2024-07-04 14:30:00+09:00,2478.0,2478.5,2477.5,2478.0,4700,0.0,0.0
2024-07-04 14:31:00+09:00,2478.0,2478.5,2478.0,2478.5,1100,0.0,0.0
2024-07-04 14:32:00+09:00,2478.0,2478.0,2477.5,2478.0,3700,0.0,0.0
2024-07-04 14:33:00+09:00,2478.0,2478.0,2477.5,2477.5,1300,0.0,0.0
2024-07-04 14:34:00+09:00,2478.0,2478.0,2475.5,2475.5,23400,0.0,0.0
2024-07-04 14:35:00+09:00,2475.5,2476.0,2470.5,2472.5,32000,0.0,0.0
2024-07-04 14:36:00+09:00,2473.0,2474.0,2473.0,2474.0,4300,0.0,0.0
2024-07-04 14:37:00+09:00,2474.5,2475.5,2474.5,2475.5,4700,0.0,0.0
2024-07-04 14:38:00+09:00,2475.5,2475.5,2475.5,2475.5,2500,0.0,0.0
2024-07-04 14:39:00+09:00,2475.0,2477.5,2475.0,2477.0,9700,0.0,0.0
2024-07-04 14:40:00+09:00,2477.5,2480.0,2477.5,2480.0,6600,0.0,0.0
2024-07-04 14:41:00+09:00,2479.5,2482.0,2479.5,2482.0,7600,0.0,0.0
2024-07-04 14:42:00+09:00,2482.0,2484.0,2477.5,2477.5,32700,0.0,0.0
2024-07-04 14:43:00+09:00,2478.0,2478.0,2477.5,2477.5,4200,0.0,0.0
2024-07-04 14:44:00+09:00,2478.0,2478.0,2474.0,2476.0,16300,0.0,0.0
2024-07-04 14:45:00+09:00,2475.5,2476.0,2474.0,2474.0,9700,0.0,0.0
2024-07-04 14:46:00+09:00,2473.0,2473.0,2472.0,2472.5,6700,0.0,0.0
2024-07-04 14:47:00+09:00,2472.0,2472.0,2470.5,2470.5,7200,0.0,0.0
2024-07-04 14:48:00+09:00,2471.0,2472.5,2470.5,2472.0,7200,0.0,0.0
2024-07-04 14:49:00+09:00,2472.0,2472.5,2470.5,2471.0,7800,0.0,0.0
2024-07-04 14:50:00+09:00,2470.5,2470.5,2468.5,2469.0,40300,0.0,0.0
2024-07-04 14:51:00+09:00,2469.0,2470.0,2468.5,2470.0,7100,0.0,0.0
2024-07-04 14:52:00+09:00,2469.5,2472.0,2469.5,2472.0,7400,0.0,0.0
2024-07-04 14:53:00+09:00,2472.0,2474.5,2471.0,2472.5,22300,0.0,0.0
2024-07-04 14:54:00+09:00,2473.0,2473.0,2471.5,2472.5,8500,0.0,0.0
2024-07-04 14:55:00+09:00,2472.0,2473.0,2472.0,2473.0,10100,0.0,0.0
2024-07-04 14:56:00+09:00,2473.0,2473.0,2471.0,2472.5,17700,0.0,0.0
2024-07-04 14:57:00+09:00,2473.5,2473.5,2471.5,2471.5,4400,0.0,0.0
2024-07-04 14:58:00+09:00,2470.0,2471.0,2470.0,2470.0,32000,0.0,0.0
2024-07-04 14:59:00+09:00,2469.5,2471.0,2468.0,2469.5,10700,0.0,0.0
2024-07-05 09:00:00+09:00,2462.5,2477.5,2459.5,2477.5,98600,0.0,0.0
2024-07-05 09:01:00+09:00,2477.0,2482.5,2472.5,2479.5,39200,0.0,0.0
2024-07-05 09:02:00+09:00,2480.5,2482.0,2475.5,2480.0,17300,0.0,0.0
2024-07-05 09:03:00+09:00,2479.0,2482.0,2479.0,2481.5,9700,0.0,0.0
2024-07-05 09:04:00+09:00,2482.0,2485.5,2481.0,2483.5,19600,0.0,0.0
2024-07-05 09:05:00+09:00,2483.0,2488.5,2483.0,2484.0,18100,0.0,0.0
2024-07-05 09:06:00+09:00,2484.5,2489.0,2484.5,2485.5,25200,0.0,0.0
2024-07-05 09:07:00+09:00,2486.0,2486.0,2475.0,2475.5,10700,0.0,0.0
2024-07-05 09:08:00+09:00,2477.0,2478.5,2475.0,2476.0,7900,0.0,0.0
2024-07-05 09:09:00+09:00,2475.5,2475.5,2470.5,2475.0,20300,0.0,0.0
2024-07-05 09:10:00+09:00,2474.0,2474.0,2465.0,2465.0,12700,0.0,0.0
2024-07-05 09:11:00+09:00,2465.5,2471.5,2465.5,2470.5,4600,0.0,0.0
2024-07-05 09:12:00+09:00,2470.5,2470.5,2463.5,2464.5,10800,0.0,0.0
2024-07-05 09:13:00+09:00,2464.5,2465.0,2463.0,2463.0,10000,0.0,0.0
2024-07-05 09:14:00+09:00,2463.0,2466.0,2461.0,2466.0,7600,0.0,0.0
2024-07-05 09:15:00+09:00,2466.0,2467.5,2465.5,2465.5,6000,0.0,0.0
2024-07-05 09:16:00+09:00,2466.0,2466.0,2463.5,2463.5,5200,0.0,0.0
2024-07-05 09:17:00+09:00,2463.5,2463.5,2459.5,2462.0,23500,0.0,0.0
2024-07-05 09:18:00+09:00,2462.0,2462.5,2460.0,2460.5,8100,0.0,0.0
2024-07-05 09:19:00+09:00,2460.5,2463.0,2460.0,2463.0,6300,0.0,0.0
2024-07-05 09:20:00+09:00,2463.0,2463.0,2459.0,2459.5,9300,0.0,0.0
2024-07-05 09:21:00+09:00,2460.0,2460.0,2455.5,2457.0,29400,0.0,0.0
2024-07-05 09:22:00+09:00,2457.5,2462.5,2457.5,2460.5,21000,0.0,0.0
2024-07-05 09:23:00+09:00,2460.5,2460.5,2460.0,2460.5,2200,0.0,0.0
2024-07-05 09:24:00+09:00,2460.0,2463.0,2460.0,2461.0,6700,0.0,0.0
2024-07-05 09:25:00+09:00,2461.0,2462.5,2460.0,2462.0,8800,0.0,0.0
2024-07-05 09:26:00+09:00,2461.5,2466.0,2461.5,2463.0,20600,0.0,0.0
2024-07-05 09:27:00+09:00,2463.0,2463.5,2462.5,2463.0,5100,0.0,0.0
2024-07-05 09:28:00+09:00,2462.5,2463.5,2462.5,2462.5,2700,0.0,0.0
2024-07-05 09:29:00+09:00,2463.5,2467.5,2463.5,2466.0,8100,0.0,0.0
2024-07-05 09:30:00+09:00,2466.5,2467.0,2464.0,2465.5,14700,0.0,0.0
2024-07-05 09:31:00+09:00,2466.5,2466.5,2461.5,2463.0,15600,0.0,0.0
2024-07-05 09:32:00+09:00,2463.5,2467.0,2463.5,2465.0,13100,0.0,0.0
2024-07-05 09:33:00+09:00,2465.5,2467.5,2465.0,2467.5,5400,0.0,0.0
2024-07-05 09:34:00+09:00,2467.5,2467.5,2465.5,2465.5,6500,0.0,0.0
2024-07-05 09:35:00+09:00,2466.0,2468.5,2466.0,2467.5,3200,0.0,0.0
2024-07-05 09:36:00+09:00,2468.5,2469.0,2466.0,2466.5,7900,0.0,0.0
2024-07-05 09:37:00+09:00,2467.0,2467.5,2465.5,2466.5,5000,0.0,0.0
2024-07-05 09:38:00+09:00,2467.5,2469.0,2467.0,2467.5,9000,0.0,0.0
2024-07-05 09:39:00+09:00,2467.0,2473.0,2466.0,2473.0,10100,0.0,0.0
2024-07-05 09:40:00+09:00,2472.5,2473.5,2470.5,2471.5,5900,0.0,0.0
2024-07-05 09:41:00+09:00,2472.0,2475.0,2472.0,2474.5,12700,0.0,0.0
2024-07-05 09:42:00+09:00,2475.0,2476.5,2474.5,2476.5,8200,0.0,0.0
2024-07-05 09:43:00+09:00,2476.5,2478.0,2476.5,2478.0,6200,0.0,0.0
2024-07-05 09:44:00+09:00,2477.5,2479.5,2477.5,2479.5,5300,0.0,0.0
2024-07-05 09:45:00+09:00,2479.0,2480.0,2477.5,2479.0,7100,0.0,0.0
2024-07-05 09:46:00+09:00,2479.0,2479.0,2476.0,2476.0,4200,0.0,0.0
2024-07-05 09:47:00+09:00,2476.0,2476.0,2474.0,2474.5,3300,0.0,0.0
2024-07-05 09:48:00+09:00,2474.0,2480.5,2474.0,2480.0,11400,0.0,0.0
2024-07-05 09:49:00+09:00,2480.0,2480.0,2479.0,2480.0,8700,0.0,0.0
2024-07-05 09:50:00+09:00,2480.0,2483.0,2480.0,2483.0,9500,0.0,0.0
2024-07-05 09:51:00+09:00,2484.0,2485.5,2483.0,2485.0,14500,0.0,0.0
2024-07-05 09:52:00+09:00,2485.5,2487.0,2485.5,2486.5,3800,0.0,0.0
2024-07-05 09:53:00+09:00,2486.5,2487.0,2482.5,2482.5,9200,0.0,0.0
2024-07-05 09:54:00+09:00,2482.5,2482.5,2479.5,2480.5,7000,0.0,0.0
2024-07-05 09:55:00+09:00,2480.5,2480.5,2480.0,2480.0,6600,0.0,0.0
2024-07-05 09:56:00+09:00,2481.0,2481.0,2477.0,2479.0,33100,0.0,0.0
2024-07-05 09:57:00+09:00,2478.0,2478.5,2477.0,2478.0,6800,0.0,0.0
2024-07-05 09:58:00+09:00,2478.0,2480.0,2477.5,2479.0,30700,0.0,0.0
2024-07-05 09:59:00+09:00,2480.0,2482.5,2480.0,2482.5,3000,0.0,0.0
2024-07-05 10:00:00+09:00,2482.0,2485.0,2480.5,2480.5,16300,0.0,0.0
2024-07-05 10:01:00+09:00,2480.0,2480.0,2472.5,2472.5,11400,0.0,0.0
2024-07-05 10:02:00+09:00,2473.0,2474.0,2472.5,2473.0,4300,0.0,0.0
2024-07-05 10:03:00+09:00,2473.5,2478.0,2473.5,2478.0,4100,0.0,0.0
2024-07-05 10:04:00+09:00,2478.0,2480.0,2477.5,2479.0,4600,0.0,0.0
2024-07-05 10:05:00+09:00,2479.5,2481.5,2478.5,2481.0,3000,0.0,0.0
2024-07-05 10:06:00+09:00,2480.5,2481.0,2479.5,2481.0,4500,0.0,0.0
2024-07-05 10:07:00+09:00,2481.0,2484.0,2480.5,2484.0,8400,0.0,0.0
2024-07-05 10:08:00+09:00,2483.5,2484.5,2483.0,2483.0,5900,0.0,0.0
2024-07-05 10:09:00+09:00,2481.0,2481.0,2481.0,2481.0,7400,0.0,0.0
2024-07-05 10:10:00+09:00,2481.5,2482.5,2479.5,2481.0,4800,0.0,0.0
2024-07-05 10:11:00+09:00,2481.0,2481.5,2474.0,2476.0,14700,0.0,0.0
2024-07-05 10:12:00+09:00,2477.0,2477.0,2472.5,2475.5,6400,0.0,0.0
2024-07-05 10:13:00+09:00,2476.5,2478.0,2474.5,2474.5,6900,0.0,0.0
2024-07-05 10:14:00+09:00,2474.5,2475.0,2474.5,2474.5,4200,0.0,0.0
2024-07-05 10:15:00+09:00,2475.0,2475.5,2471.0,2471.0,8900,0.0,0.0
2024-07-05 10:16:00+09:00,2471.5,2473.0,2469.0,2472.0,22800,0.0,0.0
2024-07-05 10:17:00+09:00,2472.5,2473.0,2469.0,2469.0,2400,0.0,0.0
2024-07-05 10:18:00+09:00,2470.0,2472.0,2469.5,2471.5,3500,0.0,0.0
2024-07-05 10:19:00+09:00,2471.5,2472.0,2470.5,2470.5,3900,0.0,0.0
2024-07-05 10:20:00+09:00,2470.0,2471.0,2467.5,2470.0,12700,0.0,0.0
2024-07-05 10:21:00+09:00,2471.0,2471.5,2470.0,2471.5,4100,0.0,0.0
2024-07-05 10:22:00+09:00,2471.5,2472.0,2471.0,2471.0,4900,0.0,0.0
2024-07-05 10:23:00+09:00,2471.0,2472.0,2471.0,2471.5,6600,0.0,0.0
2024-07-05 10:24:00+09:00,2473.0,2475.0,2473.0,2474.0,10600,0.0,0.0
2024-07-05 10:25:00+09:00,2474.0,2474.5,2474.0,2474.5,4000,0.0,0.0
2024-07-05 10:26:00+09:00,2474.5,2475.0,2474.0,2474.5,8000,0.0,0.0
2024-07-05 10:27:00+09:00,2475.0,2481.5,2474.5,2481.0,28000,0.0,0.0
2024-07-05 10:28:00+09:00,2481.0,2484.0,2481.0,2484.0,6500,0.0,0.0
2024-07-05 10:29:00+09:00,2483.5,2486.5,2483.5,2485.5,10900,0.0,0.0
2024-07-05 10:30:00+09:00,2486.0,2487.0,2486.0,2486.0,5400,0.0,0.0
2024-07-05 10:31:00+09:00,2486.0,2488.0,2485.5,2487.0,8000,0.0,0.0
2024-07-05 10:32:00+09:00,2487.0,2488.0,2487.0,2487.5,1200,0.0,0.0
2024-07-05 10:33:00+09:00,2487.5,2488.5,2487.0,2488.0,4800,0.0,0.0
2024-07-05 10:34:00+09:00,2488.0,2489.0,2487.5,2487.5,14700,0.0,0.0
2024-07-05 10:35:00+09:00,2488.5,2488.5,2488.0,2488.5,2900,0.0,0.0
2024-07-05 10:36:00+09:00,2488.0,2488.0,2486.5,2487.5,9300,0.0,0.0
2024-07-05 10:37:00+09:00,2487.5,2490.0,2487.5,2488.0,6100,0.0,0.0
2024-07-05 10:38:00+09:00,2488.0,2488.0,2487.0,2488.0,2800,0.0,0.0
2024-07-05 10:39:00+09:00,2487.0,2488.0,2486.5,2487.0,5000,0.0,0.0
2024-07-05 10:40:00+09:00,2487.5,2489.0,2487.5,2489.0,2300,0.0,0.0
2024-07-05 10:41:00+09:00,2488.5,2489.5,2488.5,2489.0,4200,0.0,0.0
2024-07-05 10:42:00+09:00,2488.5,2489.0,2484.5,2484.5,8800,0.0,0.0
2024-07-05 10:43:00+09:00,2484.0,2484.5,2482.0,2484.0,8500,0.0,0.0
2024-07-05 10:44:00+09:00,2484.0,2485.0,2484.0,2484.5,1300,0.0,0.0
2024-07-05 10:45:00+09:00,2484.5,2484.5,2484.0,2484.5,500,0.0,0.0
2024-07-05 10:46:00+09:00,2485.0,2485.0,2482.0,2482.0,8500,0.0,0.0
2024-07-05 10:47:00+09:00,2482.5,2484.5,2481.5,2484.0,9100,0.0,0.0
2024-07-05 10:48:00+09:00,2484.5,2484.5,2484.0,2484.0,2200,0.0,0.0
2024-07-05 10:49:00+09:00,2484.0,2485.5,2484.0,2484.5,3600,0.0,0.0
2024-07-05 10:50:00+09:00,2484.5,2484.5,2483.0,2483.0,3600,0.0,0.0
2024-07-05 10:52:00+09:00,2484.5,2485.0,2483.5,2483.5,5700,0.0,0.0
2024-07-05 10:53:00+09:00,2483.0,2483.0,2480.0,2480.0,5300,0.0,0.0
2024-07-05 10:54:00+09:00,2479.5,2479.5,2475.5,2477.5,6000,0.0,0.0
2024-07-05 10:55:00+09:00,2478.0,2478.0,2475.0,2475.5,2600,0.0,0.0
2024-07-05 10:56:00+09:00,2477.0,2479.0,2476.5,2478.0,2300,0.0,0.0
2024-07-05 10:57:00+09:00,2477.5,2478.5,2477.0,2478.0,2500,0.0,0.0
2024-07-05 10:58:00+09:00,2478.5,2478.5,2477.5,2478.5,1500,0.0,0.0
2024-07-05 10:59:00+09:00,2479.5,2479.5,2478.0,2478.5,3800,0.0,0.0
2024-07-05 11:00:00+09:00,2478.5,2479.0,2478.0,2478.0,6000,0.0,0.0
2024-07-05 11:01:00+09:00,2478.5,2479.5,2478.5,2478.5,3300,0.0,0.0
2024-07-05 11:02:00+09:00,2478.5,2479.5,2478.5,2479.5,1900,0.0,0.0
2024-07-05 11:03:00+09:00,2479.0,2479.5,2479.0,2479.5,2500,0.0,0.0
2024-07-05 11:04:00+09:00,2480.0,2480.0,2479.5,2479.5,3500,0.0,0.0
2024-07-05 11:05:00+09:00,2479.5,2482.0,2479.5,2482.0,5500,0.0,0.0
2024-07-05 11:06:00+09:00,2482.0,2486.5,2482.0,2486.5,4500,0.0,0.0
2024-07-05 11:07:00+09:00,2486.5,2487.0,2483.0,2483.0,13300,0.0,0.0
2024-07-05 11:08:00+09:00,2482.5,2484.0,2482.5,2484.0,1900,0.0,0.0
2024-07-05 11:09:00+09:00,2484.5,2484.5,2484.5,2484.5,500,0.0,0.0
2024-07-05 11:10:00+09:00,2485.0,2485.0,2484.5,2485.0,2700,0.0,0.0
2024-07-05 11:11:00+09:00,2485.5,2486.5,2483.5,2484.0,12400,0.0,0.0
2024-07-05 11:12:00+09:00,2484.0,2484.5,2483.5,2484.0,2400,0.0,0.0
2024-07-05 11:13:00+09:00,2484.0,2485.0,2484.0,2484.5,1600,0.0,0.0
2024-07-05 11:14:00+09:00,2485.0,2485.5,2485.0,2485.5,1700,0.0,0.0
2024-07-05 11:15:00+09:00,2486.5,2488.5,2486.5,2488.5,4400,0.0,0.0
2024-07-05 11:16:00+09:00,2488.5,2489.0,2488.0,2489.0,5300,0.0,0.0
2024-07-05 11:17:00+09:00,2489.5,2489.5,2488.0,2488.0,8300,0.0,0.0
2024-07-05 11:18:00+09:00,2488.0,2489.0,2488.0,2489.0,1500,0.0,0.0
2024-07-05 11:19:00+09:00,2488.5,2492.0,2488.0,2492.0,29700,0.0,0.0
2024-07-05 11:20:00+09:00,2491.5,2493.5,2491.5,2492.0,9000,0.0,0.0
2024-07-05 11:21:00+09:00,2492.5,2492.5,2490.5,2490.5,6000,0.0,0.0
2024-07-05 11:22:00+09:00,2490.0,2490.0,2487.5,2488.5,4400,0.0,0.0
2024-07-05 11:23:00+09:00,2489.0,2489.5,2486.5,2486.5,2700,0.0,0.0
2024-07-05 11:24:00+09:00,2486.5,2487.0,2486.5,2487.0,800,0.0,0.0
2024-07-05 11:25:00+09:00,2487.0,2487.0,2486.0,2486.5,3200,0.0,0.0
2024-07-05 11:26:00+09:00,2486.0,2486.5,2485.5,2486.0,6700,0.0,0.0
2024-07-05 11:27:00+09:00,2486.0,2487.0,2486.0,2487.0,4300,0.0,0.0
2024-07-05 11:28:00+09:00,2488.0,2489.0,2488.0,2488.0,3200,0.0,0.0
2024-07-05 11:29:00+09:00,2488.5,2488.5,2486.0,2488.0,7900,0.0,0.0
2024-07-05 11:30:00+09:00,2487.0,2487.0,2487.0,2487.0,9000,0.0,0.0
2024-07-05 11:35:00+09:00,2487.0,2487.0,2487.0,2487.0,0,0.0,0.0
2024-07-05 12:30:00+09:00,2478.5,2488.0,2477.0,2487.5,1425300,0.0,0.0
2024-07-05 12:31:00+09:00,2487.5,2492.0,2487.0,2492.0,25400,0.0,0.0
2024-07-05 12:32:00+09:00,2492.0,2492.0,2485.5,2488.0,108200,0.0,0.0
2024-07-05 12:33:00+09:00,2488.0,2488.0,2483.5,2484.5,14600,0.0,0.0
2024-07-05 12:34:00+09:00,2484.5,2484.5,2481.5,2481.5,11800,0.0,0.0
2024-07-05 12:35:00+09:00,2482.0,2482.0,2477.0,2477.0,7000,0.0,0.0
2024-07-05 12:36:00+09:00,2477.0,2477.0,2471.5,2471.5,9200,0.0,0.0
2024-07-05 12:37:00+09:00,2472.5,2475.5,2472.0,2475.5,7700,0.0,0.0
2024-07-05 12:38:00+09:00,2476.0,2477.0,2473.5,2474.0,7500,0.0,0.0
2024-07-05 12:39:00+09:00,2474.5,2477.0,2473.5,2473.5,9600,0.0,0.0
2024-07-05 12:40:00+09:00,2474.5,2478.0,2473.5,2478.0,3400,0.0,0.0
2024-07-05 12:41:00+09:00,2478.0,2479.0,2476.0,2478.0,9400,0.0,0.0
2024-07-05 12:42:00+09:00,2477.5,2478.5,2476.5,2476.5,5000,0.0,0.0
2024-07-05 12:43:00+09:00,2476.5,2476.5,2475.0,2475.0,7000,0.0,0.0
2024-07-05 12:44:00+09:00,2475.0,2477.5,2475.0,2477.0,10600,0.0,0.0
2024-07-05 12:45:00+09:00,2476.5,2481.0,2476.5,2480.0,13900,0.0,0.0
2024-07-05 12:46:00+09:00,2479.5,2480.5,2479.5,2480.5,4400,0.0,0.0
2024-07-05 12:47:00+09:00,2480.0,2480.5,2480.0,2480.5,3000,0.0,0.0
2024-07-05 12:48:00+09:00,2480.5,2481.0,2478.0,2478.0,6100,0.0,0.0
2024-07-05 12:49:00+09:00,2479.0,2479.0,2476.5,2477.5,4000,0.0,0.0
2024-07-05 12:50:00+09:00,2477.5,2478.0,2477.0,2477.0,5600,0.0,0.0
2024-07-05 12:51:00+09:00,2477.0,2477.0,2475.0,2475.5,3900,0.0,0.0
2024-07-05 12:52:00+09:00,2475.0,2475.0,2472.0,2473.5,9200,0.0,0.0
2024-07-05 12:53:00+09:00,2474.0,2475.0,2474.0,2475.0,5400,0.0,0.0
2024-07-05 12:54:00+09:00,2474.0,2474.5,2473.5,2474.5,4600,0.0,0.0
2024-07-05 12:55:00+09:00,2475.0,2477.5,2475.0,2477.5,4900,0.0,0.0
2024-07-05 12:56:00+09:00,2476.5,2476.5,2476.0,2476.0,2600,0.0,0.0
2024-07-05 12:57:00+09:00,2476.5,2478.5,2476.5,2478.5,2900,0.0,0.0
2024-07-05 12:58:00+09:00,2478.5,2478.5,2475.5,2476.0,11800,0.0,0.0
2024-07-05 12:59:00+09:00,2476.0,2476.0,2475.0,2475.0,3800,0.0,0.0
2024-07-05 13:00:00+09:00,2474.0,2474.5,2474.0,2474.5,2900,0.0,0.0
2024-07-05 13:01:00+09:00,2474.5,2474.5,2473.0,2473.0,4800,0.0,0.0
2024-07-05 13:02:00+09:00,2472.5,2472.5,2472.0,2472.5,3800,0.0,0.0
2024-07-05 13:03:00+09:00,2472.5,2473.0,2472.0,2472.5,2500,0.0,0.0
2024-07-05 13:04:00+09:00,2472.5,2473.5,2472.5,2473.5,1200,0.0,0.0
2024-07-05 13:05:00+09:00,2474.0,2474.5,2473.0,2474.5,4100,0.0,0.0
2024-07-05 13:06:00+09:00,2475.0,2475.0,2473.0,2473.0,6300,0.0,0.0
2024-07-05 13:07:00+09:00,2473.0,2473.0,2472.0,2472.0,3000,0.0,0.0
2024-07-05 13:08:00+09:00,2472.0,2472.0,2470.0,2470.0,7700,0.0,0.0
2024-07-05 13:09:00+09:00,2470.5,2470.5,2468.5,2469.0,18700,0.0,0.0
2024-07-05 13:10:00+09:00,2469.5,2471.0,2469.5,2470.0,3400,0.0,0.0
2024-07-05 13:11:00+09:00,2471.0,2471.5,2471.0,2471.0,3200,0.0,0.0
2024-07-05 13:12:00+09:00,2471.5,2472.0,2471.5,2472.0,900,0.0,0.0
2024-07-05 13:13:00+09:00,2471.5,2472.5,2471.5,2472.0,2900,0.0,0.0
2024-07-05 13:14:00+09:00,2472.5,2473.5,2472.5,2473.0,2400,0.0,0.0
2024-07-05 13:15:00+09:00,2473.0,2473.5,2472.5,2473.0,4300,0.0,0.0
2024-07-05 13:16:00+09:00,2472.5,2473.0,2472.5,2473.0,1500,0.0,0.0
2024-07-05 13:17:00+09:00,2473.5,2473.5,2473.5,2473.5,2100,0.0,0.0
2024-07-05 13:18:00+09:00,2473.0,2473.0,2472.5,2472.5,3900,0.0,0.0
2024-07-05 13:19:00+09:00,2472.0,2472.5,2472.0,2472.5,900,0.0,0.0
2024-07-05 13:20:00+09:00,2472.5,2473.0,2470.0,2470.0,18500,0.0,0.0
2024-07-05 13:21:00+09:00,2470.5,2470.5,2470.0,2470.5,2000,0.0,0.0
2024-07-05 13:22:00+09:00,2470.0,2472.0,2470.0,2472.0,2900,0.0,0.0
2024-07-05 13:23:00+09:00,2472.0,2472.0,2471.5,2471.5,600,0.0,0.0
2024-07-05 13:24:00+09:00,2472.0,2472.5,2470.5,2470.5,5000,0.0,0.0
2024-07-05 13:25:00+09:00,2470.5,2470.5,2469.0,2469.5,4400,0.0,0.0
2024-07-05 13:26:00+09:00,2470.0,2470.5,2470.0,2470.5,1800,0.0,0.0
2024-07-05 13:27:00+09:00,2470.0,2471.0,2470.0,2470.0,2400,0.0,0.0
2024-07-05 13:28:00+09:00,2470.0,2470.0,2470.0,2470.0,700,0.0,0.0
2024-07-05 13:29:00+09:00,2469.5,2470.0,2469.5,2470.0,2100,0.0,0.0
2024-07-05 13:30:00+09:00,2470.0,2470.0,2468.5,2468.5,4800,0.0,0.0
2024-07-05 13:31:00+09:00,2469.0,2469.0,2465.0,2465.5,26400,0.0,0.0
2024-07-05 13:32:00+09:00,2465.5,2465.5,2460.5,2461.0,10700,0.0,0.0
2024-07-05 13:33:00+09:00,2461.0,2461.0,2460.0,2461.0,2500,0.0,0.0
2024-07-05 13:34:00+09:00,2460.5,2461.0,2459.5,2459.5,21100,0.0,0.0
2024-07-05 13:35:00+09:00,2459.5,2460.5,2459.0,2460.5,7800,0.0,0.0
2024-07-05 13:36:00+09:00,2460.5,2461.0,2460.0,2460.0,2500,0.0,0.0
2024-07-05 13:37:00+09:00,2460.0,2461.5,2458.5,2459.0,7300,0.0,0.0
2024-07-05 13:38:00+09:00,2458.5,2458.5,2456.0,2456.0,18600,0.0,0.0
2024-07-05 13:39:00+09:00,2456.0,2456.0,2455.0,2455.5,9400,0.0,0.0
2024-07-05 13:40:00+09:00,2456.0,2456.0,2454.5,2455.0,12600,0.0,0.0
2024-07-05 13:41:00+09:00,2455.0,2456.0,2454.5,2456.0,4300,0.0,0.0
2024-07-05 13:42:00+09:00,2455.5,2457.5,2454.5,2457.5,8700,0.0,0.0
2024-07-05 13:43:00+09:00,2457.0,2458.0,2456.0,2456.5,5000,0.0,0.0
2024-07-05 13:44:00+09:00,2457.0,2457.5,2457.0,2457.5,900,0.0,0.0
2024-07-05 13:45:00+09:00,2457.5,2458.0,2457.5,2458.0,3600,0.0,0.0
2024-07-05 13:46:00+09:00,2458.5,2458.5,2456.5,2457.0,7400,0.0,0.0
2024-07-05 13:47:00+09:00,2456.5,2456.5,2455.5,2455.5,2900,0.0,0.0
2024-07-05 13:48:00+09:00,2455.0,2455.5,2455.0,2455.0,900,0.0,0.0
2024-07-05 13:49:00+09:00,2455.0,2455.0,2454.0,2454.0,9300,0.0,0.0
2024-07-05 13:50:00+09:00,2454.5,2455.5,2454.0,2454.5,7600,0.0,0.0
2024-07-05 13:51:00+09:00,2455.0,2456.0,2455.0,2456.0,3100,0.0,0.0
2024-07-05 13:52:00+09:00,2456.5,2457.0,2456.5,2456.5,2100,0.0,0.0
2024-07-05 13:53:00+09:00,2457.0,2458.5,2457.0,2458.5,2500,0.0,0.0
2024-07-05 13:54:00+09:00,2458.5,2458.5,2456.5,2457.0,5100,0.0,0.0
2024-07-05 13:55:00+09:00,2457.0,2457.0,2455.5,2456.0,7300,0.0,0.0
2024-07-05 13:56:00+09:00,2455.5,2458.5,2455.0,2458.0,9400,0.0,0.0
2024-07-05 13:57:00+09:00,2458.0,2458.0,2457.5,2458.0,1800,0.0,0.0
2024-07-05 13:58:00+09:00,2457.5,2459.0,2456.0,2457.0,6900,0.0,0.0
2024-07-05 13:59:00+09:00,2457.5,2457.5,2457.0,2457.0,2800,0.0,0.0
2024-07-05 14:00:00+09:00,2457.5,2458.0,2457.5,2458.0,3400,0.0,0.0
2024-07-05 14:01:00+09:00,2458.0,2458.0,2457.0,2457.5,6300,0.0,0.0
2024-07-05 14:02:00+09:00,2458.0,2458.0,2458.0,2458.0,1800,0.0,0.0
2024-07-05 14:03:00+09:00,2458.5,2459.0,2458.0,2458.5,2500,0.0,0.0
2024-07-05 14:04:00+09:00,2458.5,2458.5,2458.5,2458.5,2900,0.0,0.0
2024-07-05 14:05:00+09:00,2458.0,2458.5,2458.0,2458.5,5100,0.0,0.0
2024-07-05 14:06:00+09:00,2459.0,2460.0,2459.0,2459.5,5700,0.0,0.0
2024-07-05 14:07:00+09:00,2460.0,2460.0,2459.0,2459.0,3800,0.0,0.0
2024-07-05 14:08:00+09:00,2459.0,2459.5,2459.0,2459.5,1400,0.0,0.0
2024-07-05 14:09:00+09:00,2460.0,2460.0,2459.0,2459.0,7500,0.0,0.0
2024-07-05 14:10:00+09:00,2458.5,2458.5,2458.5,2458.5,500,0.0,0.0
2024-07-05 14:11:00+09:00,2459.0,2459.0,2458.0,2459.0,8000,0.0,0.0
2024-07-05 14:12:00+09:00,2459.0,2459.0,2458.5,2459.0,2900,0.0,0.0
2024-07-05 14:13:00+09:00,2459.0,2459.5,2459.0,2459.5,1100,0.0,0.0
2024-07-05 14:14:00+09:00,2459.5,2459.5,2458.5,2458.5,7200,0.0,0.0
2024-07-05 14:15:00+09:00,2459.0,2459.0,2458.0,2458.0,500,0.0,0.0
2024-07-05 14:16:00+09:00,2458.5,2458.5,2458.0,2458.0,1200,0.0,0.0
2024-07-05 14:17:00+09:00,2458.5,2458.5,2456.0,2456.0,9400,0.0,0.0
2024-07-05 14:18:00+09:00,2455.5,2455.5,2455.0,2455.0,4700,0.0,0.0
2024-07-05 14:19:00+09:00,2455.0,2455.0,2454.5,2454.5,3700,0.0,0.0
2024-07-05 14:20:00+09:00,2455.0,2457.0,2455.0,2457.0,6400,0.0,0.0
2024-07-05 14:21:00+09:00,2457.0,2459.0,2457.0,2459.0,4200,0.0,0.0
2024-07-05 14:22:00+09:00,2459.0,2460.5,2459.0,2460.0,10800,0.0,0.0
2024-07-05 14:23:00+09:00,2459.5,2459.5,2459.0,2459.0,2200,0.0,0.0
2024-07-05 14:24:00+09:00,2459.5,2459.5,2458.0,2458.0,5900,0.0,0.0
2024-07-05 14:25:00+09:00,2458.5,2458.5,2458.5,2458.5,800,0.0,0.0
2024-07-05 14:26:00+09:00,2458.5,2458.5,2458.0,2458.0,4100,0.0,0.0
2024-07-05 14:27:00+09:00,2457.5,2458.0,2457.5,2457.5,3800,0.0,0.0
2024-07-05 14:28:00+09:00,2457.5,2457.5,2456.0,2456.0,3400,0.0,0.0
2024-07-05 14:29:00+09:00,2456.0,2456.0,2454.5,2454.5,6100,0.0,0.0
2024-07-05 14:30:00+09:00,2454.5,2456.0,2454.5,2455.0,10100,0.0,0.0
2024-07-05 14:31:00+09:00,2454.5,2454.5,2453.5,2453.5,4600,0.0,0.0
2024-07-05 14:32:00+09:00,2454.0,2455.0,2454.0,2455.0,3600,0.0,0.0
2024-07-05 14:33:00+09:00,2455.0,2455.5,2455.0,2455.5,2800,0.0,0.0
2024-07-05 14:34:00+09:00,2455.0,2455.5,2451.5,2451.5,16100,0.0,0.0
2024-07-05 14:35:00+09:00,2452.0,2452.5,2452.0,2452.5,5300,0.0,0.0
2024-07-05 14:36:00+09:00,2452.0,2453.5,2451.0,2451.5,11500,0.0,0.0
2024-07-05 14:37:00+09:00,2451.5,2451.5,2451.5,2451.5,2600,0.0,0.0
2024-07-05 14:38:00+09:00,2451.5,2452.5,2451.0,2452.5,9900,0.0,0.0
2024-07-05 14:39:00+09:00,2452.0,2452.5,2452.0,2452.5,600,0.0,0.0
2024-07-05 14:40:00+09:00,2452.5,2454.0,2452.0,2454.0,6200,0.0,0.0
2024-07-05 14:41:00+09:00,2453.5,2453.5,2451.5,2451.5,11500,0.0,0.0
2024-07-05 14:42:00+09:00,2451.5,2452.0,2451.5,2451.5,2200,0.0,0.0
2024-07-05 14:43:00+09:00,2451.0,2451.0,2450.5,2450.5,11100,0.0,0.0
2024-07-05 14:44:00+09:00,2451.5,2452.5,2451.5,2452.0,7000,0.0,0.0
2024-07-05 14:45:00+09:00,2452.0,2452.5,2451.5,2452.5,4300,0.0,0.0
2024-07-05 14:46:00+09:00,2452.0,2452.5,2451.5,2451.5,7900,0.0,0.0
2024-07-05 14:47:00+09:00,2451.5,2451.5,2451.0,2451.5,9700,0.0,0.0
2024-07-05 14:48:00+09:00,2451.0,2451.0,2450.0,2450.0,9700,0.0,0.0
2024-07-05 14:49:00+09:00,2450.5,2450.5,2449.5,2449.5,9300,0.0,0.0
2024-07-05 14:50:00+09:00,2450.0,2450.0,2449.5,2450.0,9500,0.0,0.0
2024-07-05 14:51:00+09:00,2449.5,2450.0,2448.0,2450.0,29500,0.0,0.0
2024-07-05 14:52:00+09:00,2450.0,2451.0,2450.0,2450.5,13700,0.0,0.0
2024-07-05 14:53:00+09:00,2450.5,2451.5,2450.5,2451.0,4600,0.0,0.0
2024-07-05 14:54:00+09:00,2451.5,2452.0,2451.0,2451.5,6200,0.0,0.0
2024-07-05 14:55:00+09:00,2452.0,2452.0,2448.0,2449.0,31300,0.0,0.0
2024-07-05 14:56:00+09:00,2449.5,2451.5,2449.0,2451.0,19100,0.0,0.0
2024-07-05 14:57:00+09:00,2451.0,2453.0,2451.0,2453.0,11800,0.0,0.0
2024-07-05 14:58:00+09:00,2453.0,2453.0,2452.0,2452.5,9900,0.0,0.0
2024-07-05 14:59:00+09:00,2452.0,2455.0,2452.0,2452.5,19700,0.0,0.0
