Datetime,Open,High,Low,Close,Volume,Dividends,Stock Splits
2025-02-10 09:00:00+09:00,8630.0,8650.0,8630.0,8650.0,0,0.0,0.0
2025-02-10 09:01:00+09:00,8650.0,8710.0,8650.0,8710.0,0,0.0,0.0
2025-02-10 09:03:00+09:00,8660.0,8660.0,8650.0,8650.0,62,0.0,0.0
2025-02-10 09:04:00+09:00,8650.0,8650.0,8640.0,8650.0,129,0.0,0.0
2025-02-10 09:05:00+09:00,8650.0,8650.0,8650.0,8650.0,26,0.0,0.0
2025-02-10 09:07:00+09:00,8650.0,8650.0,8650.0,8650.0,124,0.0,0.0
2025-02-10 09:08:00+09:00,8700.0,8700.0,8700.0,8700.0,2,0.0,0.0
2025-02-10 09:09:00+09:00,8680.0,8730.0,8670.0,8670.0,156,0.0,0.0
2025-02-10 09:10:00+09:00,8670.0,8670.0,8660.0,8660.0,36,0.0,0.0
2025-02-10 09:11:00+09:00,8670.0,8670.0,8660.0,8660.0,708,0.0,0.0
2025-02-10 09:12:00+09:00,8660.0,8660.0,8660.0,8660.0,0,0.0,0.0
2025-02-10 09:13:00+09:00,8660.0,8660.0,8660.0,8660.0,0,0.0,0.0
2025-02-10 09:14:00+09:00,8650.0,8650.0,8620.0,8650.0,1048,0.0,0.0
2025-02-10 09:15:00+09:00,8660.0,8660.0,8660.0,8660.0,1,0.0,0.0
2025-02-10 09:16:00+09:00,8660.0,8660.0,8660.0,8660.0,1,0.0,0.0
2025-02-10 09:17:00+09:00,8660.0,8660.0,8660.0,8660.0,9,0.0,0.0
2025-02-10 09:18:00+09:00,8660.0,8660.0,8660.0,8660.0,24,0.0,0.0
2025-02-10 09:19:00+09:00,8660.0,8660.0,8660.0,8660.0,0,0.0,0.0
2025-02-10 09:20:00+09:00,8660.0,8660.0,8660.0,8660.0,2,0.0,0.0
2025-02-10 09:22:00+09:00,8660.0,8660.0,8660.0,8660.0,3,0.0,0.0
2025-02-10 09:23:00+09:00,8660.0,8660.0,8660.0,8660.0,2,0.0,0.0
2025-02-10 09:24:00+09:00,8660.0,8660.0,8660.0,8660.0,19,0.0,0.0
2025-02-10 09:26:00+09:00,8660.0,8660.0,8660.0,8660.0,190,0.0,0.0
2025-02-10 09:27:00+09:00,8660.0,8660.0,8660.0,8660.0,0,0.0,0.0
2025-02-10 09:28:00+09:00,8660.0,8660.0,8660.0,8660.0,120,0.0,0.0
2025-02-10 09:29:00+09:00,8660.0,8660.0,8660.0,8660.0,0,0.0,0.0
2025-02-10 09:30:00+09:00,8660.0,8660.0,8660.0,8660.0,1,0.0,0.0
2025-02-10 09:31:00+09:00,8670.0,8670.0,8650.0,8670.0,62,0.0,0.0
2025-02-10 09:32:00+09:00,8660.0,8660.0,8660.0,8660.0,2,0.0,0.0
2025-02-10 09:33:00+09:00,8660.0,8660.0,8660.0,8660.0,10,0.0,0.0
2025-02-10 09:35:00+09:00,8650.0,8650.0,8640.0,8640.0,741,0.0,0.0
2025-02-10 09:37:00+09:00,8650.0,8650.0,8650.0,8650.0,0,0.0,0.0
2025-02-10 09:38:00+09:00,8650.0,8650.0,8650.0,8650.0,0,0.0,0.0
2025-02-10 09:39:00+09:00,8650.0,8650.0,8650.0,8650.0,662,0.0,0.0
2025-02-10 09:42:00+09:00,8660.0,8660.0,8660.0,8660.0,650,0.0,0.0
2025-02-10 09:43:00+09:00,8670.0,8670.0,8670.0,8670.0,0,0.0,0.0
2025-02-10 09:48:00+09:00,8670.0,8670.0,8670.0,8670.0,180,0.0,0.0
2025-02-10 09:49:00+09:00,8680.0,8680.0,8680.0,8680.0,0,0.0,0.0
2025-02-10 09:51:00+09:00,8680.0,8680.0,8680.0,8680.0,42,0.0,0.0
2025-02-10 09:52:00+09:00,8680.0,8680.0,8670.0,8680.0,9,0.0,0.0
2025-02-10 09:53:00+09:00,8680.0,8680.0,8680.0,8680.0,0,0.0,0.0
2025-02-10 09:54:00+09:00,8680.0,8680.0,8680.0,8680.0,20,0.0,0.0
2025-02-10 09:56:00+09:00,8680.0,8680.0,8680.0,8680.0,10,0.0,0.0
2025-02-10 09:57:00+09:00,8680.0,8680.0,8680.0,8680.0,2,0.0,0.0
2025-02-10 09:58:00+09:00,8680.0,8680.0,8670.0,8670.0,424,0.0,0.0
2025-02-10 09:59:00+09:00,8680.0,8680.0,8680.0,8680.0,1,0.0,0.0
2025-02-10 10:00:00+09:00,8680.0,8680.0,8680.0,8680.0,0,0.0,0.0
2025-02-10 10:03:00+09:00,8680.0,8680.0,8680.0,8680.0,415,0.0,0.0
2025-02-10 10:05:00+09:00,8660.0,8670.0,8650.0,8670.0,751,0.0,0.0
2025-02-10 10:07:00+09:00,8670.0,8680.0,8660.0,8670.0,440,0.0,0.0
2025-02-10 10:08:00+09:00,8670.0,8670.0,8660.0,8660.0,0,0.0,0.0
2025-02-10 10:09:00+09:00,8670.0,8670.0,8650.0,8670.0,264,0.0,0.0
2025-02-10 10:10:00+09:00,8670.0,8670.0,8670.0,8670.0,163,0.0,0.0
2025-02-10 10:11:00+09:00,8650.0,8690.0,8650.0,8680.0,331,0.0,0.0
2025-02-10 10:12:00+09:00,8680.0,8680.0,8680.0,8680.0,480,0.0,0.0
2025-02-10 10:13:00+09:00,8670.0,8680.0,8670.0,8670.0,484,0.0,0.0
2025-02-10 10:14:00+09:00,8670.0,8670.0,8670.0,8670.0,6,0.0,0.0
2025-02-10 10:15:00+09:00,8660.0,8670.0,8660.0,8660.0,461,0.0,0.0
2025-02-10 10:16:00+09:00,8650.0,8650.0,8650.0,8650.0,274,0.0,0.0
2025-02-10 10:19:00+09:00,8650.0,8650.0,8650.0,8650.0,60,0.0,0.0
2025-02-10 10:22:00+09:00,8650.0,8650.0,8650.0,8650.0,389,0.0,0.0
2025-02-10 10:23:00+09:00,8650.0,8650.0,8650.0,8650.0,48,0.0,0.0
2025-02-10 10:24:00+09:00,8640.0,8700.0,8640.0,8680.0,1769,0.0,0.0
2025-02-10 10:25:00+09:00,8680.0,8680.0,8680.0,8680.0,9,0.0,0.0
2025-02-10 10:26:00+09:00,8670.0,8670.0,8670.0,8670.0,29,0.0,0.0
2025-02-10 10:27:00+09:00,8680.0,8680.0,8670.0,8670.0,0,0.0,0.0
2025-02-10 10:28:00+09:00,8660.0,8660.0,8660.0,8660.0,1,0.0,0.0
2025-02-10 10:29:00+09:00,8660.0,8660.0,8660.0,8660.0,31,0.0,0.0
2025-02-10 10:32:00+09:00,8660.0,8660.0,8650.0,8650.0,69,0.0,0.0
2025-02-10 10:33:00+09:00,8640.0,8650.0,8640.0,8650.0,1362,0.0,0.0
2025-02-10 10:34:00+09:00,8650.0,8650.0,8640.0,8650.0,219,0.0,0.0
2025-02-10 10:36:00+09:00,8660.0,8670.0,8660.0,8670.0,0,0.0,0.0
2025-02-10 10:37:00+09:00,8670.0,8680.0,8670.0,8670.0,1237,0.0,0.0
2025-02-10 10:38:00+09:00,8680.0,8680.0,8680.0,8680.0,4,0.0,0.0
2025-02-10 10:39:00+09:00,8680.0,8680.0,8680.0,8680.0,0,0.0,0.0
2025-02-10 10:41:00+09:00,8680.0,8680.0,8670.0,8670.0,34,0.0,0.0
2025-02-10 10:42:00+09:00,8680.0,8680.0,8670.0,8670.0,105,0.0,0.0
2025-02-10 10:43:00+09:00,8670.0,8680.0,8670.0,8680.0,17,0.0,0.0
2025-02-10 10:44:00+09:00,8670.0,8680.0,8670.0,8680.0,100,0.0,0.0
2025-02-10 10:45:00+09:00,8680.0,8680.0,8680.0,8680.0,0,0.0,0.0
2025-02-10 10:46:00+09:00,8680.0,8680.0,8680.0,8680.0,0,0.0,0.0
2025-02-10 10:47:00+09:00,8670.0,8670.0,8670.0,8670.0,4,0.0,0.0
2025-02-10 10:50:00+09:00,8670.0,8670.0,8670.0,8670.0,2,0.0,0.0
2025-02-10 10:51:00+09:00,8670.0,8670.0,8670.0,8670.0,104,0.0,0.0
2025-02-10 10:52:00+09:00,8660.0,8660.0,8660.0,8660.0,0,0.0,0.0
2025-02-10 10:55:00+09:00,8660.0,8660.0,8660.0,8660.0,20,0.0,0.0
2025-02-10 10:58:00+09:00,8660.0,8660.0,8660.0,8660.0,0,0.0,0.0
2025-02-10 10:59:00+09:00,8660.0,8660.0,8660.0,8660.0,31,0.0,0.0
2025-02-10 11:01:00+09:00,8670.0,8670.0,8670.0,8670.0,679,0.0,0.0
2025-02-10 11:03:00+09:00,8680.0,8680.0,8680.0,8680.0,32,0.0,0.0
2025-02-10 11:04:00+09:00,8680.0,8700.0,8680.0,8700.0,0,0.0,0.0
2025-02-10 11:05:00+09:00,8680.0,8680.0,8680.0,8680.0,1,0.0,0.0
2025-02-10 11:06:00+09:00,8680.0,8680.0,8680.0,8680.0,1,0.0,0.0
2025-02-10 11:07:00+09:00,8680.0,8680.0,8680.0,8680.0,100,0.0,0.0
2025-02-10 11:08:00+09:00,8680.0,8680.0,8680.0,8680.0,64,0.0,0.0
2025-02-10 11:09:00+09:00,8680.0,8680.0,8680.0,8680.0,77,0.0,0.0
2025-02-10 11:11:00+09:00,8680.0,8680.0,8680.0,8680.0,2,0.0,0.0
2025-02-10 11:13:00+09:00,8680.0,8680.0,8680.0,8680.0,16,0.0,0.0
2025-02-10 11:14:00+09:00,8680.0,8690.0,8680.0,8690.0,0,0.0,0.0
2025-02-10 11:16:00+09:00,8690.0,8690.0,8690.0,8690.0,499,0.0,0.0
2025-02-10 11:17:00+09:00,8680.0,8680.0,8680.0,8680.0,0,0.0,0.0
2025-02-10 11:18:00+09:00,8690.0,8700.0,8690.0,8700.0,265,0.0,0.0
2025-02-10 11:19:00+09:00,8700.0,8730.0,8700.0,8730.0,8,0.0,0.0
2025-02-10 11:20:00+09:00,8700.0,8710.0,8700.0,8700.0,321,0.0,0.0
2025-02-10 11:21:00+09:00,8710.0,8730.0,8700.0,8730.0,51,0.0,0.0
2025-02-10 11:22:00+09:00,8700.0,8700.0,8680.0,8700.0,24,0.0,0.0
2025-02-10 11:23:00+09:00,8690.0,8690.0,8690.0,8690.0,0,0.0,0.0
2025-02-10 11:25:00+09:00,8690.0,8690.0,8680.0,8690.0,261,0.0,0.0
2025-02-10 11:26:00+09:00,8690.0,8700.0,8690.0,8690.0,0,0.0,0.0
2025-02-10 11:27:00+09:00,8680.0,8680.0,8680.0,8680.0,1,0.0,0.0
2025-02-10 11:31:00+09:00,8680.0,8690.0,8680.0,8690.0,1,0.0,0.0
2025-02-10 11:34:00+09:00,8680.0,8680.0,8680.0,8680.0,2,0.0,0.0
2025-02-10 11:35:00+09:00,8690.0,8690.0,8690.0,8690.0,119,0.0,0.0
2025-02-10 11:39:00+09:00,8690.0,8730.0,8680.0,8730.0,393,0.0,0.0
2025-02-10 11:40:00+09:00,8730.0,8730.0,8640.0,8660.0,2065,0.0,0.0
2025-02-10 11:41:00+09:00,8670.0,8700.0,8660.0,8700.0,1519,0.0,0.0
2025-02-10 11:42:00+09:00,8700.0,8700.0,8690.0,8690.0,785,0.0,0.0
2025-02-10 11:43:00+09:00,8690.0,8690.0,8680.0,8680.0,39,0.0,0.0
2025-02-10 11:44:00+09:00,8690.0,8690.0,8690.0,8690.0,0,0.0,0.0
2025-02-10 11:45:00+09:00,8690.0,8690.0,8690.0,8690.0,30,0.0,0.0
2025-02-10 11:47:00+09:00,8690.0,8690.0,8690.0,8690.0,0,0.0,0.0
2025-02-10 11:48:00+09:00,8690.0,8690.0,8690.0,8690.0,32,0.0,0.0
2025-02-10 11:49:00+09:00,8690.0,8710.0,8690.0,8710.0,52,0.0,0.0
2025-02-10 11:50:00+09:00,8700.0,8710.0,8690.0,8710.0,26,0.0,0.0
2025-02-10 11:52:00+09:00,8690.0,8690.0,8690.0,8690.0,588,0.0,0.0
2025-02-10 11:53:00+09:00,8690.0,8690.0,8680.0,8690.0,58,0.0,0.0
2025-02-10 11:55:00+09:00,8690.0,8710.0,8690.0,8710.0,33,0.0,0.0
2025-02-10 11:56:00+09:00,8680.0,8700.0,8680.0,8700.0,94,0.0,0.0
2025-02-10 11:57:00+09:00,8690.0,8690.0,8680.0,8690.0,120,0.0,0.0
2025-02-10 11:58:00+09:00,8680.0,8700.0,8680.0,8690.0,30,0.0,0.0
2025-02-10 11:59:00+09:00,8680.0,8700.0,8680.0,8700.0,28,0.0,0.0
2025-02-10 12:01:00+09:00,8680.0,8680.0,8670.0,8670.0,148,0.0,0.0
2025-02-10 12:02:00+09:00,8670.0,8670.0,8670.0,8670.0,0,0.0,0.0
2025-02-10 12:04:00+09:00,8670.0,8670.0,8670.0,8670.0,18,0.0,0.0
2025-02-10 12:05:00+09:00,8670.0,8670.0,8660.0,8660.0,90,0.0,0.0
2025-02-10 12:06:00+09:00,8660.0,8660.0,8660.0,8660.0,15,0.0,0.0
2025-02-10 12:07:00+09:00,8660.0,8680.0,8640.0,8680.0,1002,0.0,0.0
2025-02-10 12:08:00+09:00,8670.0,8680.0,8660.0,8680.0,31,0.0,0.0
2025-02-10 12:10:00+09:00,8670.0,8670.0,8670.0,8670.0,9,0.0,0.0
2025-02-10 12:12:00+09:00,8680.0,8690.0,8670.0,8690.0,265,0.0,0.0
2025-02-10 12:13:00+09:00,8680.0,8690.0,8670.0,8670.0,89,0.0,0.0
2025-02-10 12:15:00+09:00,8670.0,8670.0,8670.0,8670.0,2,0.0,0.0
2025-02-10 12:16:00+09:00,8680.0,8680.0,8680.0,8680.0,69,0.0,0.0
2025-02-10 12:17:00+09:00,8690.0,8690.0,8680.0,8680.0,10,0.0,0.0
2025-02-10 12:19:00+09:00,8680.0,8690.0,8680.0,8680.0,95,0.0,0.0
2025-02-10 12:20:00+09:00,8680.0,8680.0,8670.0,8670.0,29,0.0,0.0
2025-02-10 12:21:00+09:00,8670.0,8680.0,8670.0,8670.0,54,0.0,0.0
2025-02-10 12:23:00+09:00,8670.0,8670.0,8670.0,8670.0,2,0.0,0.0
2025-02-10 12:24:00+09:00,8670.0,8680.0,8670.0,8680.0,10,0.0,0.0
2025-02-10 12:25:00+09:00,8670.0,8670.0,8660.0,8670.0,220,0.0,0.0
2025-02-10 12:26:00+09:00,8680.0,8690.0,8680.0,8680.0,0,0.0,0.0
2025-02-10 12:28:00+09:00,8670.0,8670.0,8660.0,8660.0,8,0.0,0.0
2025-02-10 12:30:00+09:00,8670.0,8670.0,8670.0,8670.0,93,0.0,0.0
2025-02-10 12:31:00+09:00,8660.0,8660.0,8660.0,8660.0,2,0.0,0.0
2025-02-10 12:32:00+09:00,8690.0,8690.0,8690.0,8690.0,0,0.0,0.0
2025-02-10 12:34:00+09:00,8670.0,8680.0,8670.0,8680.0,62,0.0,0.0
2025-02-10 12:37:00+09:00,8670.0,8670.0,8670.0,8670.0,79,0.0,0.0
2025-02-10 12:38:00+09:00,8670.0,8670.0,8670.0,8670.0,65,0.0,0.0
2025-02-10 12:39:00+09:00,8680.0,8680.0,8660.0,8660.0,107,0.0,0.0
2025-02-10 12:40:00+09:00,8670.0,8670.0,8670.0,8670.0,2,0.0,0.0
2025-02-10 12:41:00+09:00,8670.0,8670.0,8670.0,8670.0,199,0.0,0.0
2025-02-10 12:42:00+09:00,8660.0,8660.0,8660.0,8660.0,116,0.0,0.0
2025-02-10 12:43:00+09:00,8660.0,8660.0,8660.0,8660.0,12,0.0,0.0
2025-02-10 12:45:00+09:00,8650.0,8660.0,8650.0,8650.0,1023,0.0,0.0
2025-02-10 12:46:00+09:00,8650.0,8660.0,8650.0,8650.0,69,0.0,0.0
2025-02-10 12:48:00+09:00,8650.0,8650.0,8650.0,8650.0,2,0.0,0.0
2025-02-10 12:49:00+09:00,8650.0,8650.0,8640.0,8640.0,841,0.0,0.0
2025-02-10 12:50:00+09:00,8650.0,8650.0,8640.0,8640.0,0,0.0,0.0
2025-02-10 12:51:00+09:00,8650.0,8650.0,8640.0,8640.0,53,0.0,0.0
2025-02-10 12:53:00+09:00,8640.0,8650.0,8640.0,8650.0,5,0.0,0.0
2025-02-10 12:54:00+09:00,8650.0,8650.0,8640.0,8640.0,20,0.0,0.0
2025-02-10 12:55:00+09:00,8640.0,8640.0,8640.0,8640.0,0,0.0,0.0
2025-02-10 12:56:00+09:00,8640.0,8640.0,8640.0,8640.0,1,0.0,0.0
2025-02-10 12:57:00+09:00,8650.0,8650.0,8640.0,8650.0,182,0.0,0.0
2025-02-10 12:58:00+09:00,8650.0,8650.0,8640.0,8640.0,151,0.0,0.0
2025-02-10 12:59:00+09:00,8650.0,8650.0,8640.0,8640.0,58,0.0,0.0
2025-02-10 13:00:00+09:00,8640.0,8640.0,8640.0,8640.0,0,0.0,0.0
2025-02-10 13:01:00+09:00,8640.0,8650.0,8640.0,8640.0,19,0.0,0.0
2025-02-10 13:03:00+09:00,8640.0,8650.0,8640.0,8640.0,104,0.0,0.0
2025-02-10 13:04:00+09:00,8640.0,8650.0,8640.0,8640.0,169,0.0,0.0
2025-02-10 13:05:00+09:00,8650.0,8650.0,8640.0,8640.0,701,0.0,0.0
2025-02-10 13:06:00+09:00,8650.0,8650.0,8630.0,8640.0,3974,0.0,0.0
2025-02-10 13:07:00+09:00,8640.0,8640.0,8620.0,8620.0,3496,0.0,0.0
2025-02-10 13:08:00+09:00,8630.0,8630.0,8610.0,8610.0,1030,0.0,0.0
2025-02-10 13:09:00+09:00,8610.0,8620.0,8600.0,8600.0,784,0.0,0.0
2025-02-10 13:10:00+09:00,8600.0,8610.0,8600.0,8610.0,675,0.0,0.0
2025-02-10 13:12:00+09:00,8610.0,8610.0,8600.0,8600.0,954,0.0,0.0
2025-02-10 13:13:00+09:00,8620.0,8620.0,8620.0,8620.0,31,0.0,0.0
2025-02-10 13:14:00+09:00,8630.0,8630.0,8610.0,8610.0,4125,0.0,0.0
2025-02-10 13:16:00+09:00,8610.0,8610.0,8610.0,8610.0,0,0.0,0.0
2025-02-10 13:17:00+09:00,8620.0,8620.0,8620.0,8620.0,7,0.0,0.0
2025-02-10 13:18:00+09:00,8610.0,8610.0,8610.0,8610.0,2,0.0,0.0
2025-02-10 13:19:00+09:00,8620.0,8620.0,8620.0,8620.0,2055,0.0,0.0
2025-02-10 13:20:00+09:00,8630.0,8630.0,8620.0,8630.0,0,0.0,0.0
2025-02-10 13:21:00+09:00,8620.0,8630.0,8620.0,8630.0,233,0.0,0.0
2025-02-10 13:22:00+09:00,8650.0,8650.0,8650.0,8650.0,6,0.0,0.0
2025-02-10 13:24:00+09:00,8640.0,8640.0,8640.0,8640.0,2,0.0,0.0
2025-02-10 13:25:00+09:00,8630.0,8640.0,8630.0,8640.0,136,0.0,0.0
2025-02-10 13:26:00+09:00,8640.0,8650.0,8640.0,8650.0,1083,0.0,0.0
2025-02-10 13:27:00+09:00,8650.0,8650.0,8650.0,8650.0,0,0.0,0.0
2025-02-10 13:29:00+09:00,8650.0,8650.0,8650.0,8650.0,0,0.0,0.0
2025-02-10 13:30:00+09:00,8650.0,8650.0,8650.0,8650.0,1,0.0,0.0
2025-02-10 13:31:00+09:00,8660.0,8660.0,8660.0,8660.0,22,0.0,0.0
2025-02-10 13:32:00+09:00,8650.0,8650.0,8650.0,8650.0,0,0.0,0.0
2025-02-10 13:33:00+09:00,8660.0,8660.0,8650.0,8650.0,384,0.0,0.0
2025-02-10 13:34:00+09:00,8650.0,8650.0,8650.0,8650.0,0,0.0,0.0
2025-02-10 13:35:00+09:00,8660.0,8660.0,8660.0,8660.0,3,0.0,0.0
2025-02-10 13:37:00+09:00,8650.0,8650.0,8650.0,8650.0,0,0.0,0.0
2025-02-10 13:38:00+09:00,8650.0,8650.0,8650.0,8650.0,63,0.0,0.0
2025-02-10 13:39:00+09:00,8650.0,8660.0,8650.0,8650.0,110,0.0,0.0
2025-02-10 13:40:00+09:00,8650.0,8650.0,8640.0,8640.0,289,0.0,0.0
2025-02-10 13:41:00+09:00,8640.0,8640.0,8640.0,8640.0,884,0.0,0.0
2025-02-10 13:43:00+09:00,8640.0,8640.0,8640.0,8640.0,0,0.0,0.0
2025-02-10 13:45:00+09:00,8640.0,8650.0,8640.0,8640.0,52,0.0,0.0
2025-02-10 13:46:00+09:00,8650.0,8650.0,8650.0,8650.0,27,0.0,0.0
2025-02-10 13:48:00+09:00,8640.0,8650.0,8640.0,8640.0,426,0.0,0.0
2025-02-10 13:49:00+09:00,8650.0,8650.0,8640.0,8650.0,0,0.0,0.0
2025-02-10 13:50:00+09:00,8650.0,8650.0,8650.0,8650.0,60,0.0,0.0
2025-02-10 13:51:00+09:00,8650.0,8650.0,8650.0,8650.0,0,0.0,0.0
2025-02-10 13:52:00+09:00,8650.0,8650.0,8640.0,8640.0,5,0.0,0.0
2025-02-10 13:53:00+09:00,8650.0,8650.0,8640.0,8640.0,944,0.0,0.0
2025-02-10 13:54:00+09:00,8660.0,8660.0,8660.0,8660.0,0,0.0,0.0
2025-02-10 13:55:00+09:00,8660.0,8660.0,8660.0,8660.0,14,0.0,0.0
2025-02-10 13:56:00+09:00,8650.0,8650.0,8640.0,8640.0,1579,0.0,0.0
2025-02-10 13:58:00+09:00,8660.0,8660.0,8660.0,8660.0,0,0.0,0.0
2025-02-10 13:59:00+09:00,8660.0,8660.0,8660.0,8660.0,0,0.0,0.0
2025-02-10 14:01:00+09:00,8670.0,8670.0,8670.0,8670.0,1,0.0,0.0
2025-02-10 14:02:00+09:00,8670.0,8670.0,8660.0,8660.0,5,0.0,0.0
2025-02-10 14:03:00+09:00,8660.0,8660.0,8650.0,8650.0,1111,0.0,0.0
2025-02-10 14:05:00+09:00,8660.0,8660.0,8660.0,8660.0,0,0.0,0.0
2025-02-10 14:07:00+09:00,8660.0,8670.0,8660.0,8670.0,0,0.0,0.0
2025-02-10 14:09:00+09:00,8670.0,8670.0,8670.0,8670.0,3,0.0,0.0
2025-02-10 14:10:00+09:00,8670.0,8670.0,8660.0,8670.0,79,0.0,0.0
2025-02-10 14:11:00+09:00,8680.0,8680.0,8680.0,8680.0,385,0.0,0.0
2025-02-10 14:13:00+09:00,8670.0,8670.0,8670.0,8670.0,0,0.0,0.0
2025-02-10 14:14:00+09:00,8670.0,8670.0,8670.0,8670.0,186,0.0,0.0
2025-02-10 14:15:00+09:00,8670.0,8670.0,8670.0,8670.0,186,0.0,0.0
2025-02-10 14:16:00+09:00,8660.0,8660.0,8660.0,8660.0,108,0.0,0.0
2025-02-10 14:17:00+09:00,8670.0,8670.0,8660.0,8660.0,1,0.0,0.0
2025-02-10 14:18:00+09:00,8660.0,8660.0,8660.0,8660.0,2,0.0,0.0
2025-02-10 14:20:00+09:00,8660.0,8660.0,8660.0,8660.0,199,0.0,0.0
2025-02-10 14:21:00+09:00,8670.0,8670.0,8670.0,8670.0,0,0.0,0.0
2025-02-10 14:22:00+09:00,8660.0,8660.0,8660.0,8660.0,99,0.0,0.0
2025-02-10 14:24:00+09:00,8670.0,8670.0,8670.0,8670.0,89,0.0,0.0
2025-02-10 14:25:00+09:00,8670.0,8670.0,8670.0,8670.0,99,0.0,0.0
2025-02-10 14:26:00+09:00,8670.0,8670.0,8670.0,8670.0,151,0.0,0.0
2025-02-10 14:27:00+09:00,8670.0,8670.0,8670.0,8670.0,0,0.0,0.0
2025-02-10 14:28:00+09:00,8670.0,8670.0,8670.0,8670.0,75,0.0,0.0
2025-02-10 14:31:00+09:00,8670.0,8670.0,8670.0,8670.0,0,0.0,0.0
2025-02-10 14:32:00+09:00,8660.0,8660.0,8660.0,8660.0,0,0.0,0.0
2025-02-10 14:33:00+09:00,8660.0,8660.0,8660.0,8660.0,22,0.0,0.0
2025-02-10 14:35:00+09:00,8660.0,8660.0,8660.0,8660.0,102,0.0,0.0
2025-02-10 14:36:00+09:00,8660.0,8660.0,8660.0,8660.0,154,0.0,0.0
2025-02-10 14:37:00+09:00,8650.0,8670.0,8650.0,8670.0,222,0.0,0.0
2025-02-10 14:39:00+09:00,8660.0,8660.0,8650.0,8650.0,124,0.0,0.0
2025-02-10 14:40:00+09:00,8660.0,8660.0,8650.0,8660.0,33,0.0,0.0
2025-02-10 14:41:00+09:00,8660.0,8660.0,8660.0,8660.0,34,0.0,0.0
2025-02-10 14:42:00+09:00,8660.0,8660.0,8660.0,8660.0,23,0.0,0.0
2025-02-10 14:43:00+09:00,8650.0,8650.0,8650.0,8650.0,22,0.0,0.0
2025-02-10 14:45:00+09:00,8650.0,8650.0,8650.0,8650.0,116,0.0,0.0
2025-02-10 14:46:00+09:00,8660.0,8660.0,8660.0,8660.0,143,0.0,0.0
2025-02-10 14:49:00+09:00,8650.0,8670.0,8650.0,8670.0,53,0.0,0.0
2025-02-10 14:50:00+09:00,8670.0,8670.0,8670.0,8670.0,124,0.0,0.0
2025-02-10 14:51:00+09:00,8680.0,8680.0,8670.0,8670.0,0,0.0,0.0
2025-02-10 14:52:00+09:00,8680.0,8680.0,8680.0,8680.0,9,0.0,0.0
2025-02-10 14:54:00+09:00,8680.0,8680.0,8670.0,8670.0,56,0.0,0.0
2025-02-10 14:56:00+09:00,8680.0,8690.0,8680.0,8690.0,2111,0.0,0.0
2025-02-10 14:57:00+09:00,8690.0,8690.0,8690.0,8690.0,0,0.0,0.0
2025-02-10 14:58:00+09:00,8690.0,8690.0,8670.0,8680.0,0,0.0,0.0
2025-02-10 14:59:00+09:00,8670.0,8670.0,8670.0,8670.0,15,0.0,0.0
2025-02-11 09:00:00+09:00,8700.0,8740.0,8700.0,8710.0,274,0.0,0.0
2025-02-11 09:01:00+09:00,8700.0,8730.0,8700.0,8730.0,0,0.0,0.0
2025-02-11 09:02:00+09:00,8710.0,8710.0,8700.0,8700.0,22,0.0,0.0
2025-02-11 09:03:00+09:00,8690.0,8690.0,8680.0,8680.0,64,0.0,0.0
2025-02-11 09:04:00+09:00,8680.0,8690.0,8680.0,8690.0,117,0.0,0.0
2025-02-11 09:07:00+09:00,8680.0,8700.0,8670.0,8670.0,2318,0.0,0.0
2025-02-11 09:08:00+09:00,8670.0,8680.0,8670.0,8670.0,523,0.0,0.0
2025-02-11 09:09:00+09:00,8670.0,8670.0,8670.0,8670.0,19,0.0,0.0
2025-02-11 09:10:00+09:00,8670.0,8670.0,8670.0,8670.0,0,0.0,0.0
2025-02-11 09:12:00+09:00,8670.0,8670.0,8670.0,8670.0,911,0.0,0.0
2025-02-11 09:14:00+09:00,8670.0,8670.0,8670.0,8670.0,0,0.0,0.0
2025-02-11 09:16:00+09:00,8680.0,8680.0,8680.0,8680.0,0,0.0,0.0
2025-02-11 09:17:00+09:00,8670.0,8670.0,8670.0,8670.0,29,0.0,0.0
2025-02-11 09:18:00+09:00,8670.0,8670.0,8670.0,8670.0,2,0.0,0.0
2025-02-11 09:19:00+09:00,8670.0,8670.0,8670.0,8670.0,69,0.0,0.0
2025-02-11 09:20:00+09:00,8660.0,8660.0,8660.0,8660.0,282,0.0,0.0
2025-02-11 09:21:00+09:00,8660.0,8660.0,8650.0,8650.0,97,0.0,0.0
2025-02-11 09:24:00+09:00,8660.0,8680.0,8660.0,8660.0,445,0.0,0.0
2025-02-11 09:28:00+09:00,8670.0,8670.0,8670.0,8670.0,0,0.0,0.0
2025-02-11 09:29:00+09:00,8680.0,8680.0,8680.0,8680.0,0,0.0,0.0
2025-02-11 09:30:00+09:00,8670.0,8670.0,8670.0,8670.0,10,0.0,0.0
2025-02-11 09:32:00+09:00,8670.0,8670.0,8670.0,8670.0,130,0.0,0.0
2025-02-11 09:33:00+09:00,8670.0,8670.0,8670.0,8670.0,348,0.0,0.0
2025-02-11 09:37:00+09:00,8680.0,8680.0,8680.0,8680.0,0,0.0,0.0
2025-02-11 09:38:00+09:00,8680.0,8680.0,8680.0,8680.0,4,0.0,0.0
2025-02-11 09:40:00+09:00,8670.0,8670.0,8670.0,8670.0,200,0.0,0.0
2025-02-11 09:41:00+09:00,8680.0,8680.0,8680.0,8680.0,0,0.0,0.0
2025-02-11 09:42:00+09:00,8680.0,8680.0,8680.0,8680.0,0,0.0,0.0
2025-02-11 09:43:00+09:00,8670.0,8670.0,8670.0,8670.0,363,0.0,0.0
2025-02-11 09:44:00+09:00,8660.0,8670.0,8660.0,8670.0,91,0.0,0.0
2025-02-11 09:45:00+09:00,8670.0,8670.0,8670.0,8670.0,6,0.0,0.0
2025-02-11 09:46:00+09:00,8670.0,8670.0,8670.0,8670.0,114,0.0,0.0
2025-02-11 09:47:00+09:00,8670.0,8670.0,8670.0,8670.0,10,0.0,0.0
2025-02-11 09:48:00+09:00,8670.0,8670.0,8670.0,8670.0,134,0.0,0.0
2025-02-11 09:49:00+09:00,8670.0,8670.0,8670.0,8670.0,0,0.0,0.0
2025-02-11 09:50:00+09:00,8670.0,8670.0,8670.0,8670.0,0,0.0,0.0
2025-02-11 09:53:00+09:00,8670.0,8670.0,8670.0,8670.0,44,0.0,0.0
2025-02-11 09:54:00+09:00,8670.0,8670.0,8670.0,8670.0,349,0.0,0.0
2025-02-11 09:56:00+09:00,8670.0,8670.0,8670.0,8670.0,0,0.0,0.0
2025-02-11 09:57:00+09:00,8670.0,8670.0,8670.0,8670.0,0,0.0,0.0
2025-02-11 09:59:00+09:00,8670.0,8670.0,8670.0,8670.0,69,0.0,0.0
2025-02-11 10:01:00+09:00,8670.0,8670.0,8670.0,8670.0,27,0.0,0.0
2025-02-11 10:02:00+09:00,8670.0,8670.0,8660.0,8670.0,1610,0.0,0.0
2025-02-11 10:03:00+09:00,8670.0,8670.0,8670.0,8670.0,135,0.0,0.0
2025-02-11 10:05:00+09:00,8670.0,8670.0,8670.0,8670.0,0,0.0,0.0
2025-02-11 10:14:00+09:00,8680.0,8680.0,8670.0,8680.0,104,0.0,0.0
2025-02-11 10:18:00+09:00,8680.0,8680.0,8680.0,8680.0,2,0.0,0.0
2025-02-11 10:21:00+09:00,8670.0,8670.0,8660.0,8660.0,800,0.0,0.0
2025-02-11 10:22:00+09:00,8670.0,8670.0,8670.0,8670.0,0,0.0,0.0
2025-02-11 10:23:00+09:00,8670.0,8670.0,8670.0,8670.0,2,0.0,0.0
2025-02-11 10:24:00+09:00,8670.0,8670.0,8670.0,8670.0,1,0.0,0.0
2025-02-11 10:25:00+09:00,8670.0,8670.0,8670.0,8670.0,3,0.0,0.0
2025-02-11 10:27:00+09:00,8670.0,8670.0,8670.0,8670.0,99,0.0,0.0
2025-02-11 10:29:00+09:00,8670.0,8670.0,8670.0,8670.0,0,0.0,0.0
2025-02-11 10:30:00+09:00,8660.0,8660.0,8660.0,8660.0,47,0.0,0.0
2025-02-11 10:31:00+09:00,8670.0,8670.0,8670.0,8670.0,46,0.0,0.0
2025-02-11 10:32:00+09:00,8670.0,8670.0,8670.0,8670.0,0,0.0,0.0
2025-02-11 10:33:00+09:00,8660.0,8670.0,8660.0,8670.0,40,0.0,0.0
2025-02-11 10:36:00+09:00,8670.0,8670.0,8670.0,8670.0,0,0.0,0.0
2025-02-11 10:37:00+09:00,8660.0,8660.0,8660.0,8660.0,29,0.0,0.0
2025-02-11 10:40:00+09:00,8670.0,8670.0,8660.0,8660.0,567,0.0,0.0
2025-02-11 10:41:00+09:00,8660.0,8670.0,8660.0,8670.0,513,0.0,0.0
2025-02-11 10:42:00+09:00,8670.0,8680.0,8670.0,8680.0,0,0.0,0.0
2025-02-11 10:44:00+09:00,8680.0,8680.0,8680.0,8680.0,279,0.0,0.0
2025-02-11 10:46:00+09:00,8680.0,8680.0,8680.0,8680.0,1,0.0,0.0
2025-02-11 10:47:00+09:00,8670.0,8680.0,8670.0,8680.0,28,0.0,0.0
2025-02-11 10:48:00+09:00,8680.0,8680.0,8680.0,8680.0,4,0.0,0.0
2025-02-11 10:50:00+09:00,8680.0,8680.0,8680.0,8680.0,0,0.0,0.0
2025-02-11 10:51:00+09:00,8680.0,8680.0,8680.0,8680.0,9,0.0,0.0
2025-02-11 10:55:00+09:00,8680.0,8680.0,8680.0,8680.0,2,0.0,0.0
2025-02-11 10:58:00+09:00,8680.0,8680.0,8680.0,8680.0,1,0.0,0.0
2025-02-11 10:59:00+09:00,8680.0,8680.0,8680.0,8680.0,1,0.0,0.0
2025-02-11 11:01:00+09:00,8670.0,8670.0,8670.0,8670.0,425,0.0,0.0
2025-02-11 11:02:00+09:00,8670.0,8670.0,8670.0,8670.0,4,0.0,0.0
2025-02-11 11:03:00+09:00,8660.0,8670.0,8660.0,8670.0,35,0.0,0.0
2025-02-11 11:10:00+09:00,8670.0,8670.0,8670.0,8670.0,2,0.0,0.0
2025-02-11 11:13:00+09:00,8670.0,8670.0,8670.0,8670.0,3,0.0,0.0
2025-02-11 11:16:00+09:00,8670.0,8670.0,8670.0,8670.0,0,0.0,0.0
2025-02-11 11:17:00+09:00,8660.0,8660.0,8660.0,8660.0,20,0.0,0.0
2025-02-11 11:21:00+09:00,8660.0,8660.0,8660.0,8660.0,1112,0.0,0.0
2025-02-11 11:25:00+09:00,8650.0,8650.0,8630.0,8630.0,10934,0.0,0.0
2025-02-11 11:28:00+09:00,8640.0,8640.0,8640.0,8640.0,278,0.0,0.0
2025-02-11 11:30:00+09:00,8640.0,8640.0,8640.0,8640.0,97,0.0,0.0
2025-02-11 11:32:00+09:00,8640.0,8640.0,8640.0,8640.0,0,0.0,0.0
2025-02-11 11:33:00+09:00,8640.0,8640.0,8640.0,8640.0,4,0.0,0.0
2025-02-11 11:34:00+09:00,8640.0,8640.0,8640.0,8640.0,7,0.0,0.0
2025-02-11 11:36:00+09:00,8640.0,8640.0,8640.0,8640.0,0,0.0,0.0
2025-02-11 11:37:00+09:00,8640.0,8640.0,8640.0,8640.0,2,0.0,0.0
2025-02-11 11:38:00+09:00,8640.0,8640.0,8640.0,8640.0,72,0.0,0.0
2025-02-11 11:39:00+09:00,8640.0,8640.0,8640.0,8640.0,177,0.0,0.0
2025-02-11 11:40:00+09:00,8640.0,8640.0,8640.0,8640.0,0,0.0,0.0
2025-02-11 11:41:00+09:00,8630.0,8630.0,8620.0,8620.0,2182,0.0,0.0
2025-02-11 11:42:00+09:00,8620.0,8620.0,8610.0,8620.0,2706,0.0,0.0
2025-02-11 11:43:00+09:00,8620.0,8620.0,8610.0,8610.0,221,0.0,0.0
2025-02-11 11:44:00+09:00,8620.0,8620.0,8600.0,8600.0,436,0.0,0.0
2025-02-11 11:45:00+09:00,8610.0,8610.0,8610.0,8610.0,0,0.0,0.0
2025-02-11 11:46:00+09:00,8610.0,8610.0,8610.0,8610.0,0,0.0,0.0
2025-02-11 11:47:00+09:00,8610.0,8610.0,8610.0,8610.0,4,0.0,0.0
2025-02-11 11:49:00+09:00,8610.0,8610.0,8610.0,8610.0,681,0.0,0.0
2025-02-11 11:51:00+09:00,8610.0,8610.0,8600.0,8610.0,136,0.0,0.0
2025-02-11 11:52:00+09:00,8620.0,8620.0,8610.0,8610.0,6,0.0,0.0
2025-02-11 11:53:00+09:00,8610.0,8610.0,8610.0,8610.0,7,0.0,0.0
2025-02-11 11:54:00+09:00,8610.0,8610.0,8610.0,8610.0,1,0.0,0.0
2025-02-11 11:55:00+09:00,8610.0,8610.0,8610.0,8610.0,198,0.0,0.0
2025-02-11 11:56:00+09:00,8610.0,8610.0,8600.0,8610.0,2554,0.0,0.0
2025-02-11 11:57:00+09:00,8610.0,8610.0,8610.0,8610.0,197,0.0,0.0
2025-02-11 11:58:00+09:00,8610.0,8610.0,8610.0,8610.0,0,0.0,0.0
2025-02-11 12:00:00+09:00,8610.0,8610.0,8610.0,8610.0,4,0.0,0.0
2025-02-11 12:01:00+09:00,8610.0,8610.0,8610.0,8610.0,176,0.0,0.0
2025-02-11 12:02:00+09:00,8610.0,8610.0,8610.0,8610.0,202,0.0,0.0
2025-02-11 12:03:00+09:00,8610.0,8610.0,8610.0,8610.0,6,0.0,0.0
2025-02-11 12:04:00+09:00,8610.0,8610.0,8610.0,8610.0,0,0.0,0.0
2025-02-11 12:05:00+09:00,8600.0,8600.0,8600.0,8600.0,999,0.0,0.0
2025-02-11 12:06:00+09:00,8610.0,8610.0,8600.0,8610.0,0,0.0,0.0
2025-02-11 12:07:00+09:00,8610.0,8610.0,8610.0,8610.0,681,0.0,0.0
2025-02-11 12:08:00+09:00,8610.0,8610.0,8610.0,8610.0,24,0.0,0.0
2025-02-11 12:09:00+09:00,8610.0,8610.0,8610.0,8610.0,218,0.0,0.0
2025-02-11 12:10:00+09:00,8610.0,8610.0,8610.0,8610.0,18,0.0,0.0
2025-02-11 12:11:00+09:00,8600.0,8600.0,8590.0,8590.0,1408,0.0,0.0
2025-02-11 12:12:00+09:00,8590.0,8600.0,8590.0,8600.0,60,0.0,0.0
2025-02-11 12:13:00+09:00,8590.0,8590.0,8590.0,8590.0,166,0.0,0.0
2025-02-11 12:16:00+09:00,8600.0,8600.0,8590.0,8590.0,522,0.0,0.0
2025-02-11 12:17:00+09:00,8600.0,8600.0,8600.0,8600.0,0,0.0,0.0
2025-02-11 12:18:00+09:00,8600.0,8600.0,8600.0,8600.0,4,0.0,0.0
2025-02-11 12:19:00+09:00,8590.0,8590.0,8590.0,8590.0,616,0.0,0.0
2025-02-11 12:21:00+09:00,8600.0,8600.0,8600.0,8600.0,0,0.0,0.0
2025-02-11 12:22:00+09:00,8600.0,8600.0,8600.0,8600.0,0,0.0,0.0
2025-02-11 12:24:00+09:00,8600.0,8600.0,8600.0,8600.0,70,0.0,0.0
2025-02-11 12:25:00+09:00,8600.0,8600.0,8600.0,8600.0,0,0.0,0.0
2025-02-11 12:29:00+09:00,8600.0,8600.0,8600.0,8600.0,2200,0.0,0.0
2025-02-11 12:31:00+09:00,8600.0,8600.0,8600.0,8600.0,5,0.0,0.0
2025-02-11 12:43:00+09:00,8610.0,8610.0,8610.0,8610.0,0,0.0,0.0
2025-02-11 12:49:00+09:00,8600.0,8610.0,8600.0,8600.0,423,0.0,0.0
2025-02-11 12:50:00+09:00,8600.0,8610.0,8600.0,8600.0,45,0.0,0.0
2025-02-11 12:51:00+09:00,8600.0,8600.0,8600.0,8600.0,13,0.0,0.0
2025-02-11 12:52:00+09:00,8600.0,8600.0,8600.0,8600.0,15,0.0,0.0
2025-02-11 12:53:00+09:00,8610.0,8620.0,8610.0,8620.0,141,0.0,0.0
2025-02-11 12:54:00+09:00,8620.0,8620.0,8620.0,8620.0,40,0.0,0.0
2025-02-11 12:57:00+09:00,8620.0,8620.0,8620.0,8620.0,52,0.0,0.0
2025-02-11 12:58:00+09:00,8610.0,8610.0,8610.0,8610.0,106,0.0,0.0
2025-02-11 12:59:00+09:00,8610.0,8610.0,8610.0,8610.0,0,0.0,0.0
2025-02-11 13:00:00+09:00,8620.0,8620.0,8620.0,8620.0,0,0.0,0.0
2025-02-11 13:02:00+09:00,8620.0,8620.0,8620.0,8620.0,99,0.0,0.0
2025-02-11 13:03:00+09:00,8620.0,8620.0,8620.0,8620.0,1,0.0,0.0
2025-02-11 13:09:00+09:00,8620.0,8620.0,8620.0,8620.0,8,0.0,0.0
2025-02-11 13:10:00+09:00,8620.0,8620.0,8620.0,8620.0,4,0.0,0.0
2025-02-11 13:12:00+09:00,8620.0,8620.0,8620.0,8620.0,349,0.0,0.0
2025-02-11 13:13:00+09:00,8610.0,8610.0,8610.0,8610.0,0,0.0,0.0
2025-02-11 13:15:00+09:00,8610.0,8620.0,8610.0,8620.0,95,0.0,0.0
2025-02-11 13:16:00+09:00,8620.0,8620.0,8620.0,8620.0,0,0.0,0.0
2025-02-11 13:17:00+09:00,8620.0,8620.0,8620.0,8620.0,1,0.0,0.0
2025-02-11 13:23:00+09:00,8620.0,8620.0,8620.0,8620.0,197,0.0,0.0
2025-02-11 13:24:00+09:00,8610.0,8610.0,8610.0,8610.0,900,0.0,0.0
2025-02-11 13:25:00+09:00,8620.0,8620.0,8620.0,8620.0,0,0.0,0.0
2025-02-11 13:26:00+09:00,8620.0,8650.0,8620.0,8650.0,271,0.0,0.0
2025-02-11 13:28:00+09:00,8630.0,8630.0,8630.0,8630.0,32,0.0,0.0
2025-02-11 13:29:00+09:00,8630.0,8630.0,8630.0,8630.0,242,0.0,0.0
2025-02-11 13:31:00+09:00,8630.0,8630.0,8630.0,8630.0,0,0.0,0.0
2025-02-11 13:32:00+09:00,8640.0,8650.0,8640.0,8650.0,852,0.0,0.0
2025-02-11 13:34:00+09:00,8620.0,8620.0,8620.0,8620.0,1,0.0,0.0
2025-02-11 13:38:00+09:00,8630.0,8630.0,8630.0,8630.0,62,0.0,0.0
2025-02-11 13:41:00+09:00,8620.0,8620.0,8620.0,8620.0,143,0.0,0.0
2025-02-11 13:42:00+09:00,8620.0,8620.0,8620.0,8620.0,0,0.0,0.0
2025-02-11 13:48:00+09:00,8620.0,8620.0,8620.0,8620.0,2,0.0,0.0
2025-02-11 13:51:00+09:00,8630.0,8630.0,8630.0,8630.0,226,0.0,0.0
2025-02-11 13:52:00+09:00,8630.0,8630.0,8630.0,8630.0,46,0.0,0.0
2025-02-11 13:53:00+09:00,8620.0,8630.0,8620.0,8630.0,0,0.0,0.0
2025-02-11 13:55:00+09:00,8630.0,8630.0,8630.0,8630.0,39,0.0,0.0
2025-02-11 13:57:00+09:00,8630.0,8630.0,8630.0,8630.0,0,0.0,0.0
2025-02-11 13:59:00+09:00,8630.0,8630.0,8630.0,8630.0,43,0.0,0.0
2025-02-11 14:01:00+09:00,8630.0,8630.0,8630.0,8630.0,0,0.0,0.0
2025-02-11 14:02:00+09:00,8630.0,8630.0,8630.0,8630.0,2,0.0,0.0
2025-02-11 14:03:00+09:00,8630.0,8630.0,8630.0,8630.0,1,0.0,0.0
2025-02-11 14:07:00+09:00,8630.0,8630.0,8630.0,8630.0,1,0.0,0.0
2025-02-11 14:11:00+09:00,8630.0,8630.0,8630.0,8630.0,72,0.0,0.0
2025-02-11 14:15:00+09:00,8620.0,8620.0,8620.0,8620.0,0,0.0,0.0
2025-02-11 14:18:00+09:00,8630.0,8630.0,8630.0,8630.0,2,0.0,0.0
2025-02-11 14:19:00+09:00,8620.0,8620.0,8620.0,8620.0,219,0.0,0.0
2025-02-11 14:20:00+09:00,8620.0,8620.0,8620.0,8620.0,0,0.0,0.0
2025-02-11 14:21:00+09:00,8620.0,8620.0,8620.0,8620.0,287,0.0,0.0
2025-02-11 14:27:00+09:00,8620.0,8620.0,8620.0,8620.0,381,0.0,0.0
2025-02-11 14:28:00+09:00,8620.0,8620.0,8620.0,8620.0,132,0.0,0.0
2025-02-11 14:29:00+09:00,8630.0,8630.0,8630.0,8630.0,21,0.0,0.0
2025-02-11 14:31:00+09:00,8620.0,8620.0,8620.0,8620.0,9,0.0,0.0
2025-02-11 14:32:00+09:00,8620.0,8620.0,8610.0,8620.0,640,0.0,0.0
2025-02-11 14:33:00+09:00,8620.0,8620.0,8620.0,8620.0,100,0.0,0.0
2025-02-11 14:35:00+09:00,8620.0,8620.0,8620.0,8620.0,0,0.0,0.0
2025-02-11 14:36:00+09:00,8620.0,8620.0,8620.0,8620.0,35,0.0,0.0
2025-02-11 14:37:00+09:00,8620.0,8630.0,8620.0,8630.0,0,0.0,0.0
2025-02-11 14:38:00+09:00,8630.0,8630.0,8630.0,8630.0,20,0.0,0.0
2025-02-11 14:40:00+09:00,8630.0,8630.0,8630.0,8630.0,0,0.0,0.0
2025-02-11 14:41:00+09:00,8620.0,8620.0,8610.0,8620.0,300,0.0,0.0
2025-02-11 14:42:00+09:00,8620.0,8620.0,8610.0,8610.0,475,0.0,0.0
2025-02-11 14:43:00+09:00,8610.0,8620.0,8610.0,8620.0,0,0.0,0.0
2025-02-11 14:44:00+09:00,8610.0,8610.0,8610.0,8610.0,530,0.0,0.0
2025-02-11 14:45:00+09:00,8610.0,8620.0,8610.0,8610.0,0,0.0,0.0
2025-02-11 14:46:00+09:00,8620.0,8620.0,8620.0,8620.0,0,0.0,0.0
2025-02-11 14:47:00+09:00,8620.0,8620.0,8620.0,8620.0,17,0.0,0.0
2025-02-11 14:49:00+09:00,8620.0,8620.0,8620.0,8620.0,3,0.0,0.0
2025-02-11 14:51:00+09:00,8610.0,8610.0,8610.0,8610.0,481,0.0,0.0
2025-02-11 14:52:00+09:00,8610.0,8610.0,8610.0,8610.0,10,0.0,0.0
2025-02-11 14:53:00+09:00,8610.0,8610.0,8600.0,8610.0,270,0.0,0.0
2025-02-11 14:54:00+09:00,8600.0,8610.0,8600.0,8600.0,709,0.0,0.0
2025-02-11 14:55:00+09:00,8600.0,8610.0,8600.0,8610.0,74,0.0,0.0
2025-02-11 14:56:00+09:00,8610.0,8610.0,8610.0,8610.0,16,0.0,0.0
2025-02-11 14:57:00+09:00,8610.0,8610.0,8610.0,8610.0,16,0.0,0.0
2025-02-11 14:58:00+09:00,8610.0,8610.0,8610.0,8610.0,16,0.0,0.0
2025-02-11 14:59:00+09:00,8610.0,8610.0,8610.0,8610.0,16,0.0,0.0
2025-02-12 09:00:00+09:00,8620.0,8630.0,8620.0,8620.0,484,0.0,0.0
2025-02-12 09:01:00+09:00,8620.0,8620.0,8610.0,8610.0,104,0.0,0.0
2025-02-12 09:02:00+09:00,8620.0,8620.0,8610.0,8620.0,0,0.0,0.0
2025-02-12 09:03:00+09:00,8610.0,8620.0,8610.0,8620.0,977,0.0,0.0
2025-02-12 09:04:00+09:00,8610.0,8610.0,8610.0,8610.0,0,0.0,0.0
2025-02-12 09:07:00+09:00,8620.0,8620.0,8610.0,8610.0,549,0.0,0.0
2025-02-12 09:09:00+09:00,8620.0,8620.0,8620.0,8620.0,7,0.0,0.0
2025-02-12 09:10:00+09:00,8610.0,8610.0,8590.0,8590.0,4143,0.0,0.0
2025-02-12 09:11:00+09:00,8580.0,8580.0,8580.0,8580.0,0,0.0,0.0
2025-02-12 09:14:00+09:00,8580.0,8590.0,8580.0,8590.0,90,0.0,0.0
2025-02-12 09:15:00+09:00,8590.0,8590.0,8580.0,8580.0,38,0.0,0.0
2025-02-12 09:16:00+09:00,8590.0,8620.0,8580.0,8600.0,718,0.0,0.0
2025-02-12 09:17:00+09:00,8630.0,8630.0,8610.0,8620.0,14,0.0,0.0
2025-02-12 09:25:00+09:00,8600.0,8600.0,8580.0,8580.0,1451,0.0,0.0
2025-02-12 09:26:00+09:00,8590.0,8590.0,8590.0,8590.0,0,0.0,0.0
2025-02-12 09:27:00+09:00,8590.0,8600.0,8590.0,8600.0,11,0.0,0.0
2025-02-12 09:28:00+09:00,8580.0,8580.0,8580.0,8580.0,42,0.0,0.0
2025-02-12 09:29:00+09:00,8580.0,8590.0,8580.0,8590.0,2,0.0,0.0
2025-02-12 09:30:00+09:00,8580.0,8580.0,8580.0,8580.0,5,0.0,0.0
2025-02-12 09:31:00+09:00,8580.0,8580.0,8580.0,8580.0,22,0.0,0.0
2025-02-12 09:34:00+09:00,8590.0,8590.0,8580.0,8580.0,21,0.0,0.0
2025-02-12 09:35:00+09:00,8580.0,8580.0,8580.0,8580.0,982,0.0,0.0
2025-02-12 09:39:00+09:00,8590.0,8590.0,8590.0,8590.0,3,0.0,0.0
2025-02-12 09:40:00+09:00,8590.0,8600.0,8590.0,8600.0,101,0.0,0.0
2025-02-12 09:42:00+09:00,8590.0,8590.0,8590.0,8590.0,1,0.0,0.0
2025-02-12 09:44:00+09:00,8590.0,8590.0,8590.0,8590.0,21,0.0,0.0
2025-02-12 09:45:00+09:00,8590.0,8590.0,8590.0,8590.0,24,0.0,0.0
2025-02-12 09:46:00+09:00,8590.0,8590.0,8590.0,8590.0,0,0.0,0.0
2025-02-12 09:47:00+09:00,8590.0,8590.0,8590.0,8590.0,2,0.0,0.0
2025-02-12 09:48:00+09:00,8590.0,8590.0,8580.0,8580.0,7,0.0,0.0
2025-02-12 09:49:00+09:00,8590.0,8590.0,8590.0,8590.0,6,0.0,0.0
2025-02-12 09:50:00+09:00,8580.0,8580.0,8580.0,8580.0,115,0.0,0.0
2025-02-12 09:51:00+09:00,8570.0,8570.0,8570.0,8570.0,480,0.0,0.0
2025-02-12 09:52:00+09:00,8570.0,8570.0,8570.0,8570.0,0,0.0,0.0
2025-02-12 09:53:00+09:00,8560.0,8560.0,8560.0,8560.0,12,0.0,0.0
2025-02-12 09:54:00+09:00,8560.0,8560.0,8560.0,8560.0,174,0.0,0.0
2025-02-12 09:55:00+09:00,8570.0,8570.0,8570.0,8570.0,0,0.0,0.0
2025-02-12 09:59:00+09:00,8560.0,8560.0,8560.0,8560.0,123,0.0,0.0
2025-02-12 10:01:00+09:00,8570.0,8570.0,8570.0,8570.0,0,0.0,0.0
2025-02-12 10:06:00+09:00,8570.0,8570.0,8570.0,8570.0,12,0.0,0.0
2025-02-12 10:08:00+09:00,8560.0,8560.0,8560.0,8560.0,169,0.0,0.0
2025-02-12 10:12:00+09:00,8570.0,8570.0,8570.0,8570.0,118,0.0,0.0
2025-02-12 10:13:00+09:00,8560.0,8560.0,8560.0,8560.0,27,0.0,0.0
2025-02-12 10:14:00+09:00,8580.0,8580.0,8580.0,8580.0,0,0.0,0.0
2025-02-12 10:16:00+09:00,8580.0,8590.0,8580.0,8590.0,32,0.0,0.0
2025-02-12 10:17:00+09:00,8590.0,8590.0,8590.0,8590.0,0,0.0,0.0
2025-02-12 10:18:00+09:00,8580.0,8580.0,8560.0,8560.0,545,0.0,0.0
2025-02-12 10:19:00+09:00,8580.0,8580.0,8580.0,8580.0,0,0.0,0.0
2025-02-12 10:23:00+09:00,8570.0,8570.0,8570.0,8570.0,84,0.0,0.0
2025-02-12 10:24:00+09:00,8570.0,8570.0,8570.0,8570.0,91,0.0,0.0
2025-02-12 10:26:00+09:00,8580.0,8580.0,8580.0,8580.0,0,0.0,0.0
2025-02-12 10:27:00+09:00,8580.0,8580.0,8570.0,8570.0,10,0.0,0.0
2025-02-12 10:28:00+09:00,8580.0,8580.0,8580.0,8580.0,1,0.0,0.0
2025-02-12 10:30:00+09:00,8580.0,8580.0,8580.0,8580.0,125,0.0,0.0
2025-02-12 10:32:00+09:00,8590.0,8590.0,8590.0,8590.0,0,0.0,0.0
2025-02-12 10:34:00+09:00,8580.0,8580.0,8580.0,8580.0,100,0.0,0.0
2025-02-12 10:37:00+09:00,8590.0,8590.0,8590.0,8590.0,0,0.0,0.0
2025-02-12 10:38:00+09:00,8590.0,8590.0,8590.0,8590.0,6,0.0,0.0
2025-02-12 10:39:00+09:00,8590.0,8590.0,8590.0,8590.0,0,0.0,0.0
2025-02-12 10:40:00+09:00,8590.0,8590.0,8590.0,8590.0,1745,0.0,0.0
2025-02-12 10:41:00+09:00,8590.0,8590.0,8590.0,8590.0,55,0.0,0.0
2025-02-12 10:42:00+09:00,8580.0,8580.0,8580.0,8580.0,23,0.0,0.0
2025-02-12 10:43:00+09:00,8580.0,8580.0,8580.0,8580.0,217,0.0,0.0
2025-02-12 10:46:00+09:00,8580.0,8580.0,8580.0,8580.0,0,0.0,0.0
2025-02-12 10:50:00+09:00,8580.0,8580.0,8580.0,8580.0,4,0.0,0.0
2025-02-12 10:52:00+09:00,8580.0,8590.0,8580.0,8580.0,390,0.0,0.0
2025-02-12 10:53:00+09:00,8590.0,8590.0,8590.0,8590.0,95,0.0,0.0
2025-02-12 10:58:00+09:00,8570.0,8590.0,8570.0,8590.0,0,0.0,0.0
2025-02-12 11:02:00+09:00,8580.0,8600.0,8570.0,8570.0,62,0.0,0.0
2025-02-12 11:03:00+09:00,8580.0,8590.0,8580.0,8590.0,18,0.0,0.0
2025-02-12 11:05:00+09:00,8580.0,8580.0,8580.0,8580.0,13,0.0,0.0
2025-02-12 11:06:00+09:00,8580.0,8590.0,8580.0,8580.0,10,0.0,0.0
2025-02-12 11:07:00+09:00,8560.0,8560.0,8560.0,8560.0,5,0.0,0.0
2025-02-12 11:08:00+09:00,8560.0,8560.0,8560.0,8560.0,14,0.0,0.0
2025-02-12 11:09:00+09:00,8560.0,8560.0,8560.0,8560.0,55,0.0,0.0
2025-02-12 11:10:00+09:00,8560.0,8560.0,8560.0,8560.0,7,0.0,0.0
2025-02-12 11:11:00+09:00,8560.0,8560.0,8560.0,8560.0,7,0.0,0.0
2025-02-12 11:12:00+09:00,8560.0,8580.0,8560.0,8560.0,15,0.0,0.0
2025-02-12 11:13:00+09:00,8560.0,8560.0,8560.0,8560.0,7,0.0,0.0
2025-02-12 11:14:00+09:00,8560.0,8560.0,8560.0,8560.0,5,0.0,0.0
2025-02-12 11:15:00+09:00,8560.0,8560.0,8560.0,8560.0,128,0.0,0.0
2025-02-12 11:16:00+09:00,8570.0,8570.0,8560.0,8560.0,22,0.0,0.0
2025-02-12 11:17:00+09:00,8560.0,8560.0,8550.0,8550.0,53,0.0,0.0
2025-02-12 11:18:00+09:00,8550.0,8570.0,8550.0,8550.0,29,0.0,0.0
2025-02-12 11:19:00+09:00,8550.0,8550.0,8550.0,8550.0,12,0.0,0.0
2025-02-12 11:20:00+09:00,8550.0,8550.0,8550.0,8550.0,8,0.0,0.0
2025-02-12 11:21:00+09:00,8550.0,8570.0,8550.0,8570.0,2,0.0,0.0
2025-02-12 11:22:00+09:00,8550.0,8550.0,8550.0,8550.0,12,0.0,0.0
2025-02-12 11:23:00+09:00,8550.0,8550.0,8550.0,8550.0,14,0.0,0.0
2025-02-12 11:24:00+09:00,8550.0,8550.0,8550.0,8550.0,41,0.0,0.0
2025-02-12 11:25:00+09:00,8570.0,8570.0,8550.0,8550.0,5,0.0,0.0
2025-02-12 11:26:00+09:00,8550.0,8550.0,8550.0,8550.0,1015,0.0,0.0
2025-02-12 11:27:00+09:00,8550.0,8550.0,8550.0,8550.0,5,0.0,0.0
2025-02-12 11:28:00+09:00,8560.0,8580.0,8560.0,8580.0,32,0.0,0.0
2025-02-12 11:29:00+09:00,8570.0,8580.0,8550.0,8550.0,76,0.0,0.0
2025-02-12 11:30:00+09:00,8550.0,8550.0,8550.0,8550.0,5,0.0,0.0
2025-02-12 11:31:00+09:00,8550.0,8550.0,8550.0,8550.0,21,0.0,0.0
2025-02-12 11:32:00+09:00,8550.0,8560.0,8550.0,8560.0,27,0.0,0.0
2025-02-12 11:33:00+09:00,8570.0,8570.0,8560.0,8560.0,15,0.0,0.0
2025-02-12 11:34:00+09:00,8560.0,8560.0,8560.0,8560.0,5,0.0,0.0
2025-02-12 11:35:00+09:00,8560.0,8560.0,8560.0,8560.0,1,0.0,0.0
2025-02-12 11:39:00+09:00,8540.0,8560.0,8540.0,8540.0,195,0.0,0.0
2025-02-12 11:41:00+09:00,8570.0,8570.0,8570.0,8570.0,0,0.0,0.0
2025-02-12 11:42:00+09:00,8550.0,8570.0,8550.0,8570.0,1,0.0,0.0
2025-02-12 11:51:00+09:00,8560.0,8560.0,8560.0,8560.0,2,0.0,0.0
2025-02-12 11:52:00+09:00,8550.0,8550.0,8540.0,8540.0,1293,0.0,0.0
2025-02-12 11:55:00+09:00,8540.0,8540.0,8530.0,8530.0,2545,0.0,0.0
2025-02-12 12:00:00+09:00,8530.0,8530.0,8530.0,8530.0,0,0.0,0.0
2025-02-12 12:01:00+09:00,8530.0,8530.0,8530.0,8530.0,83,0.0,0.0
2025-02-12 12:02:00+09:00,8540.0,8540.0,8540.0,8540.0,0,0.0,0.0
2025-02-12 12:03:00+09:00,8540.0,8540.0,8540.0,8540.0,180,0.0,0.0
2025-02-12 12:05:00+09:00,8540.0,8540.0,8540.0,8540.0,0,0.0,0.0
2025-02-12 12:07:00+09:00,8540.0,8540.0,8540.0,8540.0,4,0.0,0.0
2025-02-12 12:10:00+09:00,8540.0,8540.0,8540.0,8540.0,2,0.0,0.0
2025-02-12 12:11:00+09:00,8530.0,8530.0,8530.0,8530.0,1,0.0,0.0
2025-02-12 12:12:00+09:00,8530.0,8530.0,8530.0,8530.0,11,0.0,0.0
2025-02-12 12:15:00+09:00,8540.0,8540.0,8540.0,8540.0,0,0.0,0.0
2025-02-12 12:17:00+09:00,8530.0,8530.0,8530.0,8530.0,3,0.0,0.0
2025-02-12 12:18:00+09:00,8530.0,8530.0,8530.0,8530.0,441,0.0,0.0
2025-02-12 12:19:00+09:00,8530.0,8530.0,8530.0,8530.0,0,0.0,0.0
2025-02-12 12:20:00+09:00,8530.0,8530.0,8530.0,8530.0,24,0.0,0.0
2025-02-12 12:24:00+09:00,8530.0,8530.0,8530.0,8530.0,2,0.0,0.0
2025-02-12 12:26:00+09:00,8530.0,8530.0,8510.0,8510.0,1470,0.0,0.0
2025-02-12 12:27:00+09:00,8520.0,8520.0,8510.0,8520.0,0,0.0,0.0
2025-02-12 12:28:00+09:00,8520.0,8520.0,8510.0,8510.0,23,0.0,0.0
2025-02-12 12:29:00+09:00,8520.0,8520.0,8510.0,8510.0,185,0.0,0.0
2025-02-12 12:31:00+09:00,8520.0,8520.0,8520.0,8520.0,59,0.0,0.0
2025-02-12 12:34:00+09:00,8520.0,8520.0,8520.0,8520.0,30,0.0,0.0
2025-02-12 12:35:00+09:00,8520.0,8520.0,8520.0,8520.0,85,0.0,0.0
2025-02-12 12:36:00+09:00,8520.0,8520.0,8520.0,8520.0,0,0.0,0.0
2025-02-12 12:38:00+09:00,8520.0,8530.0,8520.0,8530.0,44,0.0,0.0
2025-02-12 12:39:00+09:00,8530.0,8530.0,8530.0,8530.0,8,0.0,0.0
2025-02-12 12:41:00+09:00,8530.0,8530.0,8520.0,8520.0,88,0.0,0.0
2025-02-12 12:44:00+09:00,8530.0,8530.0,8530.0,8530.0,0,0.0,0.0
2025-02-12 12:45:00+09:00,8520.0,8520.0,8520.0,8520.0,10,0.0,0.0
2025-02-12 12:49:00+09:00,8520.0,8530.0,8520.0,8530.0,267,0.0,0.0
2025-02-12 12:50:00+09:00,8530.0,8530.0,8520.0,8520.0,16,0.0,0.0
2025-02-12 12:54:00+09:00,8520.0,8520.0,8520.0,8520.0,369,0.0,0.0
2025-02-12 13:00:00+09:00,8520.0,8520.0,8520.0,8520.0,5,0.0,0.0
2025-02-12 13:01:00+09:00,8530.0,8530.0,8520.0,8520.0,48,0.0,0.0
2025-02-12 13:05:00+09:00,8520.0,8520.0,8520.0,8520.0,708,0.0,0.0
2025-02-12 13:06:00+09:00,8520.0,8530.0,8520.0,8530.0,9,0.0,0.0
2025-02-12 13:08:00+09:00,8530.0,8530.0,8530.0,8530.0,160,0.0,0.0
2025-02-12 13:10:00+09:00,8530.0,8530.0,8530.0,8530.0,128,0.0,0.0
2025-02-12 13:12:00+09:00,8520.0,8520.0,8520.0,8520.0,0,0.0,0.0
2025-02-12 13:13:00+09:00,8530.0,8530.0,8530.0,8530.0,1,0.0,0.0
2025-02-12 13:14:00+09:00,8520.0,8530.0,8520.0,8530.0,13,0.0,0.0
2025-02-12 13:15:00+09:00,8520.0,8520.0,8520.0,8520.0,26,0.0,0.0
2025-02-12 13:21:00+09:00,8520.0,8520.0,8520.0,8520.0,32,0.0,0.0
2025-02-12 13:25:00+09:00,8520.0,8520.0,8520.0,8520.0,32,0.0,0.0
2025-02-12 13:26:00+09:00,8520.0,8530.0,8520.0,8520.0,151,0.0,0.0
2025-02-12 13:28:00+09:00,8520.0,8520.0,8520.0,8520.0,984,0.0,0.0
2025-02-12 13:29:00+09:00,8520.0,8520.0,8520.0,8520.0,0,0.0,0.0
2025-02-12 13:30:00+09:00,8520.0,8520.0,8510.0,8520.0,1749,0.0,0.0
2025-02-12 13:31:00+09:00,8520.0,8520.0,8520.0,8520.0,0,0.0,0.0
2025-02-12 13:34:00+09:00,8520.0,8520.0,8520.0,8520.0,16,0.0,0.0
2025-02-12 13:39:00+09:00,8520.0,8520.0,8510.0,8510.0,337,0.0,0.0
2025-02-12 13:40:00+09:00,8510.0,8510.0,8510.0,8510.0,1834,0.0,0.0
2025-02-12 13:42:00+09:00,8510.0,8510.0,8510.0,8510.0,200,0.0,0.0
2025-02-12 13:44:00+09:00,8510.0,8510.0,8510.0,8510.0,1246,0.0,0.0
2025-02-12 13:45:00+09:00,8520.0,8520.0,8510.0,8510.0,0,0.0,0.0
2025-02-12 13:46:00+09:00,8520.0,8520.0,8520.0,8520.0,94,0.0,0.0
2025-02-12 13:47:00+09:00,8520.0,8520.0,8520.0,8520.0,8,0.0,0.0
2025-02-12 13:48:00+09:00,8520.0,8520.0,8510.0,8510.0,28,0.0,0.0
2025-02-12 13:52:00+09:00,8510.0,8510.0,8510.0,8510.0,46,0.0,0.0
2025-02-12 13:53:00+09:00,8520.0,8520.0,8520.0,8520.0,713,0.0,0.0
2025-02-12 13:55:00+09:00,8520.0,8520.0,8520.0,8520.0,375,0.0,0.0
2025-02-12 13:56:00+09:00,8520.0,8530.0,8510.0,8510.0,80,0.0,0.0
2025-02-12 13:57:00+09:00,8530.0,8530.0,8530.0,8530.0,0,0.0,0.0
2025-02-12 14:00:00+09:00,8530.0,8530.0,8530.0,8530.0,2,0.0,0.0
2025-02-12 14:01:00+09:00,8530.0,8530.0,8530.0,8530.0,17,0.0,0.0
2025-02-12 14:02:00+09:00,8530.0,8530.0,8530.0,8530.0,4,0.0,0.0
2025-02-12 14:03:00+09:00,8520.0,8520.0,8520.0,8520.0,14,0.0,0.0
2025-02-12 14:05:00+09:00,8510.0,8510.0,8510.0,8510.0,99,0.0,0.0
2025-02-12 14:06:00+09:00,8510.0,8510.0,8510.0,8510.0,0,0.0,0.0
2025-02-12 14:10:00+09:00,8520.0,8520.0,8520.0,8520.0,2,0.0,0.0
2025-02-12 14:11:00+09:00,8510.0,8510.0,8510.0,8510.0,469,0.0,0.0
2025-02-12 14:12:00+09:00,8510.0,8510.0,8500.0,8500.0,2473,0.0,0.0
2025-02-12 14:13:00+09:00,8500.0,8500.0,8500.0,8500.0,3197,0.0,0.0
2025-02-12 14:14:00+09:00,8500.0,8500.0,8490.0,8490.0,366,0.0,0.0
2025-02-12 14:15:00+09:00,8500.0,8500.0,8500.0,8500.0,0,0.0,0.0
2025-02-12 14:16:00+09:00,8500.0,8500.0,8500.0,8500.0,6,0.0,0.0
2025-02-12 14:17:00+09:00,8500.0,8500.0,8500.0,8500.0,100,0.0,0.0
2025-02-12 14:18:00+09:00,8500.0,8500.0,8490.0,8490.0,1004,0.0,0.0
2025-02-12 14:19:00+09:00,8500.0,8500.0,8500.0,8500.0,0,0.0,0.0
2025-02-12 14:20:00+09:00,8490.0,8490.0,8490.0,8490.0,795,0.0,0.0
2025-02-12 14:22:00+09:00,8490.0,8490.0,8490.0,8490.0,0,0.0,0.0
2025-02-12 14:23:00+09:00,8500.0,8500.0,8500.0,8500.0,6,0.0,0.0
2025-02-12 14:24:00+09:00,8490.0,8490.0,8480.0,8490.0,927,0.0,0.0
2025-02-12 14:25:00+09:00,8490.0,8490.0,8490.0,8490.0,2,0.0,0.0
2025-02-12 14:26:00+09:00,8470.0,8490.0,8470.0,8480.0,70,0.0,0.0
2025-02-12 14:27:00+09:00,8480.0,8480.0,8460.0,8460.0,4684,0.0,0.0
2025-02-12 14:28:00+09:00,8470.0,8470.0,8470.0,8470.0,0,0.0,0.0
2025-02-12 14:29:00+09:00,8470.0,8470.0,8470.0,8470.0,314,0.0,0.0
2025-02-12 14:31:00+09:00,8470.0,8470.0,8470.0,8470.0,4,0.0,0.0
2025-02-12 14:33:00+09:00,8470.0,8480.0,8460.0,8480.0,762,0.0,0.0
2025-02-12 14:34:00+09:00,8490.0,8490.0,8490.0,8490.0,0,0.0,0.0
2025-02-12 14:40:00+09:00,8490.0,8490.0,8480.0,8480.0,524,0.0,0.0
2025-02-12 14:42:00+09:00,8470.0,8480.0,8470.0,8480.0,210,0.0,0.0
2025-02-12 14:45:00+09:00,8480.0,8490.0,8480.0,8490.0,0,0.0,0.0
2025-02-12 14:46:00+09:00,8480.0,8480.0,8480.0,8480.0,13,0.0,0.0
2025-02-12 14:48:00+09:00,8480.0,8480.0,8480.0,8480.0,517,0.0,0.0
2025-02-12 14:49:00+09:00,8480.0,8480.0,8470.0,8480.0,0,0.0,0.0
2025-02-12 14:50:00+09:00,8480.0,8480.0,8480.0,8480.0,1,0.0,0.0
2025-02-12 14:52:00+09:00,8480.0,8480.0,8480.0,8480.0,607,0.0,0.0
2025-02-12 14:53:00+09:00,8480.0,8480.0,8480.0,8480.0,148,0.0,0.0
2025-02-12 14:54:00+09:00,8470.0,8480.0,8470.0,8480.0,221,0.0,0.0
2025-02-12 14:56:00+09:00,8480.0,8480.0,8470.0,8470.0,0,0.0,0.0
2025-02-12 14:57:00+09:00,8470.0,8470.0,8470.0,8470.0,2190,0.0,0.0
2025-02-12 14:58:00+09:00,8470.0,8470.0,8470.0,8470.0,2114,0.0,0.0
2025-02-12 14:59:00+09:00,8480.0,8480.0,8460.0,8460.0,0,0.0,0.0
2025-02-13 09:00:00+09:00,8510.0,8580.0,8510.0,8570.0,1896,0.0,0.0
2025-02-13 09:01:00+09:00,8570.0,8580.0,8540.0,8580.0,1642,0.0,0.0
2025-02-13 09:02:00+09:00,8580.0,8580.0,8550.0,8550.0,1061,0.0,0.0
2025-02-13 09:03:00+09:00,8550.0,8570.0,8550.0,8570.0,639,0.0,0.0
2025-02-13 09:04:00+09:00,8560.0,8600.0,8560.0,8570.0,3006,0.0,0.0
2025-02-13 09:05:00+09:00,8570.0,8610.0,8560.0,8600.0,840,0.0,0.0
2025-02-13 09:06:00+09:00,8590.0,8610.0,8590.0,8610.0,16,0.0,0.0
2025-02-13 09:07:00+09:00,8600.0,8620.0,8600.0,8620.0,601,0.0,0.0
2025-02-13 09:08:00+09:00,8600.0,8610.0,8600.0,8610.0,55,0.0,0.0
2025-02-13 09:09:00+09:00,8600.0,8610.0,8590.0,8610.0,102,0.0,0.0
2025-02-13 09:10:00+09:00,8610.0,8610.0,8610.0,8610.0,9,0.0,0.0
2025-02-13 09:11:00+09:00,8600.0,8600.0,8600.0,8600.0,240,0.0,0.0
2025-02-13 09:12:00+09:00,8600.0,8600.0,8600.0,8600.0,50,0.0,0.0
2025-02-13 09:13:00+09:00,8600.0,8600.0,8600.0,8600.0,32,0.0,0.0
2025-02-13 09:14:00+09:00,8600.0,8600.0,8600.0,8600.0,6,0.0,0.0
2025-02-13 09:15:00+09:00,8600.0,8610.0,8600.0,8600.0,733,0.0,0.0
2025-02-13 09:16:00+09:00,8610.0,8610.0,8600.0,8600.0,41,0.0,0.0
2025-02-13 09:17:00+09:00,8590.0,8590.0,8580.0,8590.0,42,0.0,0.0
2025-02-13 09:18:00+09:00,8590.0,8610.0,8590.0,8610.0,98,0.0,0.0
2025-02-13 09:19:00+09:00,8610.0,8610.0,8610.0,8610.0,6,0.0,0.0
2025-02-13 09:20:00+09:00,8600.0,8640.0,8600.0,8630.0,3109,0.0,0.0
2025-02-13 09:21:00+09:00,8630.0,8650.0,8620.0,8630.0,431,0.0,0.0
2025-02-13 09:22:00+09:00,8620.0,8620.0,8590.0,8590.0,723,0.0,0.0
2025-02-13 09:23:00+09:00,8610.0,8610.0,8610.0,8610.0,6,0.0,0.0
2025-02-13 09:24:00+09:00,8610.0,8610.0,8610.0,8610.0,11,0.0,0.0
2025-02-13 09:25:00+09:00,8610.0,8610.0,8600.0,8600.0,163,0.0,0.0
2025-02-13 09:26:00+09:00,8590.0,8590.0,8590.0,8590.0,142,0.0,0.0
2025-02-13 09:27:00+09:00,8590.0,8590.0,8580.0,8580.0,74,0.0,0.0
2025-02-13 09:28:00+09:00,8580.0,8580.0,8580.0,8580.0,3,0.0,0.0
2025-02-13 09:30:00+09:00,8580.0,8590.0,8580.0,8580.0,48,0.0,0.0
2025-02-13 09:31:00+09:00,8590.0,8590.0,8590.0,8590.0,0,0.0,0.0
2025-02-13 09:32:00+09:00,8590.0,8590.0,8590.0,8590.0,151,0.0,0.0
2025-02-13 09:34:00+09:00,8580.0,8580.0,8580.0,8580.0,100,0.0,0.0
2025-02-13 09:35:00+09:00,8580.0,8580.0,8580.0,8580.0,80,0.0,0.0
2025-02-13 09:36:00+09:00,8570.0,8570.0,8570.0,8570.0,21,0.0,0.0
2025-02-13 09:37:00+09:00,8580.0,8590.0,8580.0,8590.0,0,0.0,0.0
2025-02-13 09:38:00+09:00,8590.0,8590.0,8590.0,8590.0,6,0.0,0.0
2025-02-13 09:39:00+09:00,8580.0,8580.0,8580.0,8580.0,116,0.0,0.0
2025-02-13 09:40:00+09:00,8580.0,8580.0,8580.0,8580.0,0,0.0,0.0
2025-02-13 09:42:00+09:00,8580.0,8590.0,8570.0,8570.0,122,0.0,0.0
2025-02-13 09:43:00+09:00,8570.0,8570.0,8570.0,8570.0,14,0.0,0.0
2025-02-13 09:44:00+09:00,8560.0,8590.0,8560.0,8590.0,139,0.0,0.0
2025-02-13 09:45:00+09:00,8580.0,8580.0,8580.0,8580.0,6,0.0,0.0
2025-02-13 09:46:00+09:00,8580.0,8580.0,8580.0,8580.0,275,0.0,0.0
2025-02-13 09:47:00+09:00,8580.0,8580.0,8580.0,8580.0,0,0.0,0.0
2025-02-13 09:49:00+09:00,8560.0,8580.0,8560.0,8580.0,309,0.0,0.0
2025-02-13 09:51:00+09:00,8580.0,8580.0,8580.0,8580.0,3,0.0,0.0
2025-02-13 09:52:00+09:00,8570.0,8580.0,8560.0,8580.0,1076,0.0,0.0
2025-02-13 09:54:00+09:00,8580.0,8590.0,8580.0,8590.0,1970,0.0,0.0
2025-02-13 09:55:00+09:00,8580.0,8580.0,8580.0,8580.0,0,0.0,0.0
2025-02-13 09:57:00+09:00,8570.0,8570.0,8570.0,8570.0,299,0.0,0.0
2025-02-13 09:58:00+09:00,8570.0,8570.0,8570.0,8570.0,240,0.0,0.0
2025-02-13 09:59:00+09:00,8570.0,8570.0,8570.0,8570.0,130,0.0,0.0
2025-02-13 10:00:00+09:00,8570.0,8570.0,8570.0,8570.0,210,0.0,0.0
2025-02-13 10:01:00+09:00,8570.0,8580.0,8570.0,8580.0,0,0.0,0.0
2025-02-13 10:02:00+09:00,8580.0,8580.0,8580.0,8580.0,1,0.0,0.0
2025-02-13 10:04:00+09:00,8580.0,8580.0,8580.0,8580.0,40,0.0,0.0
2025-02-13 10:07:00+09:00,8580.0,8580.0,8580.0,8580.0,0,0.0,0.0
2025-02-13 10:08:00+09:00,8570.0,8570.0,8570.0,8570.0,90,0.0,0.0
2025-02-13 10:09:00+09:00,8580.0,8580.0,8580.0,8580.0,0,0.0,0.0
2025-02-13 10:10:00+09:00,8580.0,8580.0,8580.0,8580.0,3,0.0,0.0
2025-02-13 10:12:00+09:00,8570.0,8580.0,8570.0,8580.0,5,0.0,0.0
2025-02-13 10:14:00+09:00,8580.0,8580.0,8580.0,8580.0,231,0.0,0.0
2025-02-13 10:15:00+09:00,8580.0,8580.0,8580.0,8580.0,0,0.0,0.0
2025-02-13 10:16:00+09:00,8570.0,8570.0,8570.0,8570.0,236,0.0,0.0
2025-02-13 10:17:00+09:00,8570.0,8570.0,8570.0,8570.0,78,0.0,0.0
2025-02-13 10:18:00+09:00,8570.0,8570.0,8560.0,8560.0,687,0.0,0.0
2025-02-13 10:21:00+09:00,8560.0,8560.0,8560.0,8560.0,15,0.0,0.0
2025-02-13 10:22:00+09:00,8560.0,8560.0,8560.0,8560.0,11,0.0,0.0
2025-02-13 10:23:00+09:00,8560.0,8560.0,8560.0,8560.0,26,0.0,0.0
2025-02-13 10:25:00+09:00,8570.0,8570.0,8560.0,8560.0,102,0.0,0.0
2025-02-13 10:27:00+09:00,8550.0,8560.0,8540.0,8540.0,3554,0.0,0.0
2025-02-13 10:31:00+09:00,8530.0,8530.0,8530.0,8530.0,0,0.0,0.0
2025-02-13 10:33:00+09:00,8530.0,8530.0,8520.0,8520.0,72,0.0,0.0
2025-02-13 10:34:00+09:00,8530.0,8530.0,8530.0,8530.0,0,0.0,0.0
2025-02-13 10:37:00+09:00,8530.0,8530.0,8530.0,8530.0,27,0.0,0.0
2025-02-13 10:38:00+09:00,8530.0,8530.0,8530.0,8530.0,262,0.0,0.0
2025-02-13 10:42:00+09:00,8530.0,8530.0,8530.0,8530.0,0,0.0,0.0
2025-02-13 10:43:00+09:00,8530.0,8530.0,8530.0,8530.0,1,0.0,0.0
2025-02-13 10:44:00+09:00,8540.0,8540.0,8540.0,8540.0,5,0.0,0.0
2025-02-13 10:46:00+09:00,8540.0,8550.0,8540.0,8550.0,1170,0.0,0.0
2025-02-13 10:47:00+09:00,8550.0,8560.0,8530.0,8530.0,118,0.0,0.0
2025-02-13 10:48:00+09:00,8540.0,8550.0,8540.0,8550.0,2,0.0,0.0
2025-02-13 10:55:00+09:00,8540.0,8540.0,8540.0,8540.0,2,0.0,0.0
2025-02-13 10:57:00+09:00,8530.0,8530.0,8530.0,8530.0,30,0.0,0.0
2025-02-13 11:00:00+09:00,8540.0,8550.0,8540.0,8550.0,63,0.0,0.0
2025-02-13 11:01:00+09:00,8550.0,8550.0,8550.0,8550.0,0,0.0,0.0
2025-02-13 11:05:00+09:00,8540.0,8550.0,8540.0,8550.0,2,0.0,0.0
2025-02-13 11:09:00+09:00,8540.0,8540.0,8540.0,8540.0,110,0.0,0.0
2025-02-13 11:10:00+09:00,8530.0,8540.0,8530.0,8540.0,0,0.0,0.0
2025-02-13 11:13:00+09:00,8530.0,8530.0,8530.0,8530.0,154,0.0,0.0
2025-02-13 11:14:00+09:00,8540.0,8540.0,8540.0,8540.0,109,0.0,0.0
2025-02-13 11:16:00+09:00,8540.0,8540.0,8540.0,8540.0,0,0.0,0.0
2025-02-13 11:19:00+09:00,8530.0,8530.0,8530.0,8530.0,314,0.0,0.0
2025-02-13 11:20:00+09:00,8520.0,8530.0,8520.0,8530.0,390,0.0,0.0
2025-02-13 11:21:00+09:00,8520.0,8520.0,8520.0,8520.0,218,0.0,0.0
2025-02-13 11:24:00+09:00,8520.0,8520.0,8520.0,8520.0,284,0.0,0.0
2025-02-13 11:25:00+09:00,8510.0,8520.0,8510.0,8520.0,1698,0.0,0.0
2025-02-13 11:27:00+09:00,8520.0,8520.0,8520.0,8520.0,0,0.0,0.0
2025-02-13 11:28:00+09:00,8520.0,8520.0,8520.0,8520.0,20,0.0,0.0
2025-02-13 11:29:00+09:00,8520.0,8520.0,8520.0,8520.0,4,0.0,0.0
2025-02-13 11:31:00+09:00,8520.0,8520.0,8520.0,8520.0,0,0.0,0.0
2025-02-13 11:34:00+09:00,8530.0,8530.0,8530.0,8530.0,1,0.0,0.0
2025-02-13 11:41:00+09:00,8530.0,8530.0,8530.0,8530.0,17,0.0,0.0
2025-02-13 11:42:00+09:00,8520.0,8520.0,8520.0,8520.0,43,0.0,0.0
2025-02-13 11:43:00+09:00,8520.0,8520.0,8500.0,8520.0,486,0.0,0.0
2025-02-13 11:45:00+09:00,8520.0,8520.0,8520.0,8520.0,3,0.0,0.0
2025-02-13 11:46:00+09:00,8520.0,8520.0,8520.0,8520.0,10,0.0,0.0
2025-02-13 11:47:00+09:00,8520.0,8520.0,8520.0,8520.0,394,0.0,0.0
2025-02-13 11:48:00+09:00,8530.0,8530.0,8530.0,8530.0,4,0.0,0.0
2025-02-13 11:50:00+09:00,8520.0,8530.0,8520.0,8520.0,723,0.0,0.0
2025-02-13 11:54:00+09:00,8520.0,8520.0,8520.0,8520.0,10,0.0,0.0
2025-02-13 11:57:00+09:00,8520.0,8520.0,8520.0,8520.0,85,0.0,0.0
2025-02-13 11:59:00+09:00,8520.0,8520.0,8520.0,8520.0,252,0.0,0.0
2025-02-13 12:00:00+09:00,8530.0,8530.0,8530.0,8530.0,0,0.0,0.0
2025-02-13 12:01:00+09:00,8530.0,8530.0,8530.0,8530.0,19,0.0,0.0
2025-02-13 12:02:00+09:00,8530.0,8530.0,8530.0,8530.0,0,0.0,0.0
2025-02-13 12:04:00+09:00,8520.0,8520.0,8520.0,8520.0,200,0.0,0.0
2025-02-13 12:05:00+09:00,8530.0,8530.0,8530.0,8530.0,0,0.0,0.0
2025-02-13 12:07:00+09:00,8510.0,8510.0,8510.0,8510.0,353,0.0,0.0
2025-02-13 12:08:00+09:00,8510.0,8510.0,8510.0,8510.0,22,0.0,0.0
2025-02-13 12:09:00+09:00,8510.0,8510.0,8510.0,8510.0,389,0.0,0.0
2025-02-13 12:10:00+09:00,8510.0,8510.0,8510.0,8510.0,0,0.0,0.0
2025-02-13 12:11:00+09:00,8510.0,8510.0,8510.0,8510.0,14,0.0,0.0
2025-02-13 12:12:00+09:00,8510.0,8510.0,8510.0,8510.0,109,0.0,0.0
2025-02-13 12:15:00+09:00,8510.0,8510.0,8510.0,8510.0,42,0.0,0.0
2025-02-13 12:16:00+09:00,8510.0,8510.0,8510.0,8510.0,196,0.0,0.0
2025-02-13 12:17:00+09:00,8510.0,8510.0,8510.0,8510.0,0,0.0,0.0
2025-02-13 12:19:00+09:00,8510.0,8510.0,8510.0,8510.0,20,0.0,0.0
2025-02-13 12:21:00+09:00,8510.0,8510.0,8510.0,8510.0,0,0.0,0.0
2025-02-13 12:23:00+09:00,8510.0,8510.0,8510.0,8510.0,7,0.0,0.0
2025-02-13 12:25:00+09:00,8510.0,8510.0,8510.0,8510.0,129,0.0,0.0
2025-02-13 12:26:00+09:00,8510.0,8510.0,8510.0,8510.0,0,0.0,0.0
2025-02-13 12:27:00+09:00,8520.0,8520.0,8520.0,8520.0,114,0.0,0.0
2025-02-13 12:28:00+09:00,8520.0,8520.0,8520.0,8520.0,0,0.0,0.0
2025-02-13 12:29:00+09:00,8520.0,8520.0,8520.0,8520.0,64,0.0,0.0
2025-02-13 12:32:00+09:00,8520.0,8520.0,8510.0,8510.0,115,0.0,0.0
2025-02-13 12:34:00+09:00,8510.0,8510.0,8510.0,8510.0,1,0.0,0.0
2025-02-13 12:42:00+09:00,8520.0,8520.0,8520.0,8520.0,168,0.0,0.0
2025-02-13 12:43:00+09:00,8520.0,8530.0,8510.0,8530.0,417,0.0,0.0
2025-02-13 12:49:00+09:00,8520.0,8520.0,8510.0,8510.0,54,0.0,0.0
2025-02-13 12:50:00+09:00,8510.0,8530.0,8510.0,8530.0,0,0.0,0.0
2025-02-13 12:51:00+09:00,8520.0,8520.0,8520.0,8520.0,9,0.0,0.0
2025-02-13 12:54:00+09:00,8510.0,8510.0,8510.0,8510.0,46,0.0,0.0
2025-02-13 12:55:00+09:00,8520.0,8520.0,8520.0,8520.0,10,0.0,0.0
2025-02-13 12:56:00+09:00,8520.0,8520.0,8520.0,8520.0,39,0.0,0.0
2025-02-13 12:58:00+09:00,8520.0,8520.0,8520.0,8520.0,0,0.0,0.0
2025-02-13 12:59:00+09:00,8510.0,8510.0,8510.0,8510.0,2,0.0,0.0
2025-02-13 13:01:00+09:00,8520.0,8520.0,8520.0,8520.0,0,0.0,0.0
2025-02-13 13:04:00+09:00,8520.0,8520.0,8520.0,8520.0,6,0.0,0.0
2025-02-13 13:05:00+09:00,8520.0,8520.0,8520.0,8520.0,507,0.0,0.0
2025-02-13 13:06:00+09:00,8530.0,8530.0,8530.0,8530.0,0,0.0,0.0
2025-02-13 13:07:00+09:00,8520.0,8530.0,8520.0,8530.0,163,0.0,0.0
2025-02-13 13:08:00+09:00,8530.0,8530.0,8530.0,8530.0,88,0.0,0.0
2025-02-13 13:09:00+09:00,8540.0,8540.0,8540.0,8540.0,151,0.0,0.0
2025-02-13 13:10:00+09:00,8540.0,8540.0,8540.0,8540.0,0,0.0,0.0
2025-02-13 13:11:00+09:00,8530.0,8530.0,8530.0,8530.0,3,0.0,0.0
2025-02-13 13:12:00+09:00,8530.0,8530.0,8530.0,8530.0,475,0.0,0.0
2025-02-13 13:14:00+09:00,8510.0,8510.0,8510.0,8510.0,0,0.0,0.0
2025-02-13 13:16:00+09:00,8530.0,8540.0,8530.0,8540.0,4,0.0,0.0
2025-02-13 13:18:00+09:00,8540.0,8540.0,8540.0,8540.0,6,0.0,0.0
2025-02-13 13:21:00+09:00,8540.0,8540.0,8530.0,8530.0,53,0.0,0.0
2025-02-13 13:23:00+09:00,8530.0,8530.0,8520.0,8520.0,201,0.0,0.0
2025-02-13 13:26:00+09:00,8520.0,8530.0,8520.0,8530.0,8,0.0,0.0
2025-02-13 13:27:00+09:00,8540.0,8540.0,8540.0,8540.0,71,0.0,0.0
2025-02-13 13:28:00+09:00,8530.0,8530.0,8530.0,8530.0,19,0.0,0.0
2025-02-13 13:42:00+09:00,8540.0,8540.0,8540.0,8540.0,0,0.0,0.0
2025-02-13 13:43:00+09:00,8540.0,8540.0,8540.0,8540.0,21,0.0,0.0
2025-02-13 13:45:00+09:00,8530.0,8530.0,8530.0,8530.0,1,0.0,0.0
2025-02-13 13:46:00+09:00,8530.0,8530.0,8530.0,8530.0,253,0.0,0.0
2025-02-13 13:47:00+09:00,8520.0,8520.0,8520.0,8520.0,0,0.0,0.0
2025-02-13 13:53:00+09:00,8520.0,8520.0,8520.0,8520.0,1,0.0,0.0
2025-02-13 13:55:00+09:00,8540.0,8540.0,8540.0,8540.0,1,0.0,0.0
2025-02-13 13:56:00+09:00,8520.0,8520.0,8520.0,8520.0,11,0.0,0.0
2025-02-13 13:57:00+09:00,8520.0,8520.0,8520.0,8520.0,994,0.0,0.0
2025-02-13 13:59:00+09:00,8540.0,8540.0,8540.0,8540.0,0,0.0,0.0
2025-02-13 14:03:00+09:00,8540.0,8540.0,8540.0,8540.0,66,0.0,0.0
2025-02-13 14:07:00+09:00,8540.0,8540.0,8540.0,8540.0,103,0.0,0.0
2025-02-13 14:09:00+09:00,8530.0,8540.0,8520.0,8520.0,4,0.0,0.0
2025-02-13 14:10:00+09:00,8540.0,8540.0,8520.0,8520.0,352,0.0,0.0
2025-02-13 14:11:00+09:00,8520.0,8520.0,8520.0,8520.0,0,0.0,0.0
2025-02-13 14:14:00+09:00,8530.0,8530.0,8530.0,8530.0,0,0.0,0.0
2025-02-13 14:15:00+09:00,8530.0,8540.0,8530.0,8540.0,1842,0.0,0.0
2025-02-13 14:16:00+09:00,8540.0,8600.0,8540.0,8540.0,5674,0.0,0.0
2025-02-13 14:17:00+09:00,8600.0,8600.0,8540.0,8540.0,637,0.0,0.0
2025-02-13 14:18:00+09:00,8580.0,8600.0,8540.0,8540.0,164,0.0,0.0
2025-02-13 14:19:00+09:00,8580.0,8580.0,8520.0,8550.0,1642,0.0,0.0
2025-02-13 14:20:00+09:00,8560.0,8570.0,8540.0,8550.0,42,0.0,0.0
2025-02-13 14:23:00+09:00,8600.0,8600.0,8550.0,8590.0,4099,0.0,0.0
2025-02-13 14:24:00+09:00,8600.0,8620.0,8600.0,8620.0,2969,0.0,0.0
2025-02-13 14:25:00+09:00,8590.0,8590.0,8590.0,8590.0,1,0.0,0.0
2025-02-13 14:26:00+09:00,8620.0,8640.0,8620.0,8640.0,5090,0.0,0.0
2025-02-13 14:28:00+09:00,8600.0,8610.0,8570.0,8570.0,182,0.0,0.0
2025-02-13 14:30:00+09:00,8610.0,8610.0,8580.0,8590.0,11,0.0,0.0
2025-02-13 14:31:00+09:00,8580.0,8580.0,8580.0,8580.0,0,0.0,0.0
2025-02-13 14:32:00+09:00,8580.0,8580.0,8570.0,8570.0,20,0.0,0.0
2025-02-13 14:33:00+09:00,8580.0,8580.0,8580.0,8580.0,20,0.0,0.0
2025-02-13 14:34:00+09:00,8580.0,8580.0,8580.0,8580.0,30,0.0,0.0
2025-02-13 14:35:00+09:00,8580.0,8580.0,8580.0,8580.0,0,0.0,0.0
2025-02-13 14:36:00+09:00,8580.0,8580.0,8580.0,8580.0,0,0.0,0.0
2025-02-13 14:38:00+09:00,8580.0,8590.0,8580.0,8590.0,1371,0.0,0.0
2025-02-13 14:41:00+09:00,8580.0,8580.0,8580.0,8580.0,60,0.0,0.0
2025-02-13 14:42:00+09:00,8580.0,8580.0,8580.0,8580.0,0,0.0,0.0
2025-02-13 14:44:00+09:00,8580.0,8580.0,8560.0,8570.0,170,0.0,0.0
2025-02-13 14:48:00+09:00,8560.0,8560.0,8560.0,8560.0,123,0.0,0.0
2025-02-13 14:50:00+09:00,8560.0,8570.0,8560.0,8570.0,275,0.0,0.0
2025-02-13 14:51:00+09:00,8570.0,8570.0,8570.0,8570.0,60,0.0,0.0
2025-02-13 14:52:00+09:00,8570.0,8580.0,8570.0,8580.0,39,0.0,0.0
2025-02-13 14:54:00+09:00,8580.0,8580.0,8580.0,8580.0,2,0.0,0.0
2025-02-13 14:57:00+09:00,8560.0,8560.0,8560.0,8560.0,19,0.0,0.0
2025-02-13 14:58:00+09:00,8560.0,8560.0,8560.0,8560.0,20,0.0,0.0
2025-02-13 14:59:00+09:00,8560.0,8560.0,8560.0,8560.0,20,0.0,0.0
2025-02-14 09:00:00+09:00,8610.0,8620.0,8610.0,8620.0,173,0.0,0.0
2025-02-14 09:01:00+09:00,8580.0,8580.0,8580.0,8580.0,141,0.0,0.0
2025-02-14 09:02:00+09:00,8580.0,8590.0,8580.0,8590.0,69,0.0,0.0
2025-02-14 09:03:00+09:00,8580.0,8580.0,8580.0,8580.0,32,0.0,0.0
2025-02-14 09:04:00+09:00,8580.0,8580.0,8580.0,8580.0,106,0.0,0.0
2025-02-14 09:05:00+09:00,8590.0,8590.0,8570.0,8570.0,352,0.0,0.0
2025-02-14 09:06:00+09:00,8590.0,8590.0,8590.0,8590.0,0,0.0,0.0
2025-02-14 09:07:00+09:00,8590.0,8600.0,8590.0,8600.0,17,0.0,0.0
2025-02-14 09:08:00+09:00,8600.0,8610.0,8600.0,8610.0,1,0.0,0.0
2025-02-14 09:09:00+09:00,8600.0,8600.0,8600.0,8600.0,39,0.0,0.0
2025-02-14 09:10:00+09:00,8610.0,8610.0,8610.0,8610.0,14,0.0,0.0
2025-02-14 09:13:00+09:00,8610.0,8610.0,8610.0,8610.0,124,0.0,0.0
2025-02-14 09:15:00+09:00,8610.0,8610.0,8610.0,8610.0,43,0.0,0.0
2025-02-14 09:17:00+09:00,8610.0,8620.0,8610.0,8620.0,80,0.0,0.0
2025-02-14 09:18:00+09:00,8610.0,8620.0,8610.0,8620.0,146,0.0,0.0
2025-02-14 09:20:00+09:00,8610.0,8610.0,8610.0,8610.0,558,0.0,0.0
2025-02-14 09:21:00+09:00,8610.0,8610.0,8610.0,8610.0,290,0.0,0.0
2025-02-14 09:23:00+09:00,8610.0,8610.0,8610.0,8610.0,3,0.0,0.0
2025-02-14 09:24:00+09:00,8610.0,8620.0,8610.0,8620.0,259,0.0,0.0
2025-02-14 09:25:00+09:00,8630.0,8630.0,8620.0,8620.0,0,0.0,0.0
2025-02-14 09:26:00+09:00,8620.0,8630.0,8620.0,8630.0,1,0.0,0.0
2025-02-14 09:28:00+09:00,8620.0,8620.0,8610.0,8610.0,144,0.0,0.0
2025-02-14 09:30:00+09:00,8610.0,8620.0,8610.0,8620.0,6,0.0,0.0
2025-02-14 09:31:00+09:00,8610.0,8610.0,8600.0,8610.0,58,0.0,0.0
2025-02-14 09:32:00+09:00,8610.0,8610.0,8610.0,8610.0,0,0.0,0.0
2025-02-14 09:33:00+09:00,8610.0,8610.0,8610.0,8610.0,234,0.0,0.0
2025-02-14 09:34:00+09:00,8610.0,8610.0,8610.0,8610.0,0,0.0,0.0
2025-02-14 09:35:00+09:00,8610.0,8610.0,8610.0,8610.0,133,0.0,0.0
2025-02-14 09:36:00+09:00,8610.0,8610.0,8610.0,8610.0,1,0.0,0.0
2025-02-14 09:38:00+09:00,8600.0,8600.0,8600.0,8600.0,20,0.0,0.0
2025-02-14 09:39:00+09:00,8610.0,8610.0,8610.0,8610.0,1139,0.0,0.0
2025-02-14 09:40:00+09:00,8620.0,8620.0,8620.0,8620.0,2,0.0,0.0
2025-02-14 09:41:00+09:00,8610.0,8610.0,8610.0,8610.0,27,0.0,0.0
2025-02-14 09:43:00+09:00,8610.0,8610.0,8610.0,8610.0,0,0.0,0.0
2025-02-14 09:45:00+09:00,8610.0,8610.0,8610.0,8610.0,24,0.0,0.0
2025-02-14 09:46:00+09:00,8610.0,8610.0,8610.0,8610.0,105,0.0,0.0
2025-02-14 09:47:00+09:00,8610.0,8610.0,8600.0,8600.0,53,0.0,0.0
2025-02-14 09:48:00+09:00,8600.0,8600.0,8590.0,8600.0,33,0.0,0.0
2025-02-14 09:49:00+09:00,8590.0,8590.0,8590.0,8590.0,17,0.0,0.0
2025-02-14 09:50:00+09:00,8590.0,8600.0,8590.0,8600.0,2,0.0,0.0
2025-02-14 09:56:00+09:00,8590.0,8590.0,8590.0,8590.0,42,0.0,0.0
2025-02-14 09:57:00+09:00,8600.0,8600.0,8590.0,8590.0,8,0.0,0.0
2025-02-14 09:59:00+09:00,8590.0,8590.0,8590.0,8590.0,1,0.0,0.0
2025-02-14 10:02:00+09:00,8580.0,8590.0,8580.0,8590.0,10,0.0,0.0
2025-02-14 10:03:00+09:00,8580.0,8580.0,8580.0,8580.0,901,0.0,0.0
2025-02-14 10:04:00+09:00,8580.0,8580.0,8580.0,8580.0,19,0.0,0.0
2025-02-14 10:05:00+09:00,8580.0,8600.0,8580.0,8600.0,16,0.0,0.0
2025-02-14 10:07:00+09:00,8600.0,8600.0,8600.0,8600.0,0,0.0,0.0
2025-02-14 10:12:00+09:00,8600.0,8600.0,8600.0,8600.0,378,0.0,0.0
2025-02-14 10:13:00+09:00,8600.0,8600.0,8600.0,8600.0,0,0.0,0.0
2025-02-14 10:14:00+09:00,8590.0,8590.0,8590.0,8590.0,93,0.0,0.0
2025-02-14 10:15:00+09:00,8590.0,8590.0,8590.0,8590.0,0,0.0,0.0
2025-02-14 10:20:00+09:00,8600.0,8600.0,8600.0,8600.0,6,0.0,0.0
2025-02-14 10:21:00+09:00,8600.0,8620.0,8600.0,8620.0,406,0.0,0.0
2025-02-14 10:22:00+09:00,8610.0,8610.0,8610.0,8610.0,9,0.0,0.0
2025-02-14 10:23:00+09:00,8620.0,8620.0,8620.0,8620.0,10,0.0,0.0
2025-02-14 10:24:00+09:00,8620.0,8620.0,8620.0,8620.0,4,0.0,0.0
2025-02-14 10:25:00+09:00,8620.0,8620.0,8620.0,8620.0,16,0.0,0.0
2025-02-14 10:26:00+09:00,8620.0,8620.0,8620.0,8620.0,2,0.0,0.0
2025-02-14 10:27:00+09:00,8620.0,8620.0,8620.0,8620.0,231,0.0,0.0
2025-02-14 10:31:00+09:00,8610.0,8610.0,8610.0,8610.0,0,0.0,0.0
2025-02-14 10:32:00+09:00,8610.0,8610.0,8610.0,8610.0,236,0.0,0.0
2025-02-14 10:33:00+09:00,8610.0,8610.0,8610.0,8610.0,36,0.0,0.0
2025-02-14 10:34:00+09:00,8600.0,8600.0,8600.0,8600.0,46,0.0,0.0
2025-02-14 10:37:00+09:00,8600.0,8600.0,8600.0,8600.0,2,0.0,0.0
2025-02-14 10:38:00+09:00,8600.0,8600.0,8600.0,8600.0,2,0.0,0.0
2025-02-14 10:39:00+09:00,8600.0,8600.0,8600.0,8600.0,430,0.0,0.0
2025-02-14 10:40:00+09:00,8610.0,8610.0,8610.0,8610.0,0,0.0,0.0
2025-02-14 10:42:00+09:00,8610.0,8620.0,8610.0,8620.0,130,0.0,0.0
2025-02-14 10:43:00+09:00,8610.0,8610.0,8590.0,8590.0,49,0.0,0.0
2025-02-14 10:48:00+09:00,8610.0,8610.0,8610.0,8610.0,13,0.0,0.0
2025-02-14 10:50:00+09:00,8590.0,8590.0,8590.0,8590.0,1,0.0,0.0
2025-02-14 10:52:00+09:00,8610.0,8620.0,8610.0,8610.0,14,0.0,0.0
2025-02-14 10:54:00+09:00,8610.0,8620.0,8610.0,8620.0,542,0.0,0.0
2025-02-14 10:55:00+09:00,8620.0,8630.0,8620.0,8630.0,1,0.0,0.0
2025-02-14 11:04:00+09:00,8630.0,8630.0,8630.0,8630.0,10,0.0,0.0
2025-02-14 11:06:00+09:00,8620.0,8620.0,8620.0,8620.0,0,0.0,0.0
2025-02-14 11:10:00+09:00,8610.0,8610.0,8610.0,8610.0,12,0.0,0.0
2025-02-14 11:11:00+09:00,8600.0,8610.0,8600.0,8610.0,166,0.0,0.0
2025-02-14 11:12:00+09:00,8600.0,8610.0,8600.0,8610.0,146,0.0,0.0
2025-02-14 11:15:00+09:00,8610.0,8610.0,8610.0,8610.0,134,0.0,0.0
2025-02-14 11:21:00+09:00,8610.0,8610.0,8610.0,8610.0,10,0.0,0.0
2025-02-14 11:23:00+09:00,8610.0,8610.0,8610.0,8610.0,2,0.0,0.0
2025-02-14 11:25:00+09:00,8610.0,8610.0,8610.0,8610.0,1,0.0,0.0
2025-02-14 11:26:00+09:00,8600.0,8600.0,8600.0,8600.0,119,0.0,0.0
2025-02-14 11:30:00+09:00,8600.0,8600.0,8600.0,8600.0,376,0.0,0.0
2025-02-14 11:33:00+09:00,8610.0,8610.0,8610.0,8610.0,20,0.0,0.0
2025-02-14 11:34:00+09:00,8610.0,8650.0,8610.0,8650.0,2994,0.0,0.0
2025-02-14 11:36:00+09:00,8640.0,8640.0,8640.0,8640.0,109,0.0,0.0
2025-02-14 11:38:00+09:00,8640.0,8650.0,8640.0,8650.0,983,0.0,0.0
2025-02-14 11:39:00+09:00,8650.0,8650.0,8640.0,8640.0,1145,0.0,0.0
2025-02-14 11:40:00+09:00,8650.0,8650.0,8650.0,8650.0,0,0.0,0.0
2025-02-14 11:44:00+09:00,8650.0,8650.0,8650.0,8650.0,1,0.0,0.0
2025-02-14 11:45:00+09:00,8640.0,8640.0,8640.0,8640.0,19,0.0,0.0
2025-02-14 11:46:00+09:00,8650.0,8650.0,8640.0,8640.0,32,0.0,0.0
2025-02-14 11:47:00+09:00,8640.0,8640.0,8630.0,8630.0,60,0.0,0.0
2025-02-14 11:50:00+09:00,8640.0,8640.0,8640.0,8640.0,6,0.0,0.0
2025-02-14 11:51:00+09:00,8640.0,8650.0,8640.0,8640.0,1013,0.0,0.0
2025-02-14 11:53:00+09:00,8650.0,8650.0,8650.0,8650.0,2,0.0,0.0
2025-02-14 11:55:00+09:00,8640.0,8670.0,8640.0,8670.0,2007,0.0,0.0
2025-02-14 11:57:00+09:00,8660.0,8660.0,8660.0,8660.0,1,0.0,0.0
2025-02-14 11:59:00+09:00,8650.0,8650.0,8650.0,8650.0,9,0.0,0.0
2025-02-14 12:00:00+09:00,8650.0,8650.0,8650.0,8650.0,21,0.0,0.0
2025-02-14 12:01:00+09:00,8650.0,8650.0,8650.0,8650.0,0,0.0,0.0
2025-02-14 12:07:00+09:00,8650.0,8650.0,8650.0,8650.0,2,0.0,0.0
2025-02-14 12:08:00+09:00,8650.0,8650.0,8650.0,8650.0,16,0.0,0.0
2025-02-14 12:11:00+09:00,8650.0,8650.0,8620.0,8650.0,733,0.0,0.0
2025-02-14 12:22:00+09:00,8640.0,8640.0,8640.0,8640.0,4,0.0,0.0
2025-02-14 12:23:00+09:00,8640.0,8640.0,8640.0,8640.0,3,0.0,0.0
2025-02-14 12:27:00+09:00,8630.0,8630.0,8630.0,8630.0,27,0.0,0.0
2025-02-14 12:29:00+09:00,8630.0,8650.0,8630.0,8640.0,1992,0.0,0.0
2025-02-14 12:32:00+09:00,8630.0,8630.0,8630.0,8630.0,0,0.0,0.0
2025-02-14 12:36:00+09:00,8640.0,8640.0,8640.0,8640.0,50,0.0,0.0
2025-02-14 12:39:00+09:00,8640.0,8640.0,8640.0,8640.0,12,0.0,0.0
2025-02-14 12:41:00+09:00,8640.0,8640.0,8640.0,8640.0,28,0.0,0.0
2025-02-14 12:43:00+09:00,8640.0,8640.0,8640.0,8640.0,0,0.0,0.0
2025-02-14 12:46:00+09:00,8650.0,8650.0,8650.0,8650.0,1,0.0,0.0
2025-02-14 12:47:00+09:00,8640.0,8640.0,8640.0,8640.0,3,0.0,0.0
2025-02-14 12:48:00+09:00,8630.0,8630.0,8630.0,8630.0,3,0.0,0.0
2025-02-14 12:49:00+09:00,8640.0,8640.0,8640.0,8640.0,18,0.0,0.0
2025-02-14 12:50:00+09:00,8640.0,8650.0,8640.0,8650.0,16,0.0,0.0
2025-02-14 12:52:00+09:00,8650.0,8650.0,8650.0,8650.0,0,0.0,0.0
2025-02-14 12:54:00+09:00,8650.0,8650.0,8640.0,8650.0,9,0.0,0.0
2025-02-14 12:56:00+09:00,8650.0,8650.0,8650.0,8650.0,1,0.0,0.0
2025-02-14 13:01:00+09:00,8650.0,8650.0,8650.0,8650.0,0,0.0,0.0
2025-02-14 13:03:00+09:00,8650.0,8650.0,8650.0,8650.0,1,0.0,0.0
2025-02-14 13:13:00+09:00,8650.0,8650.0,8650.0,8650.0,40,0.0,0.0
2025-02-14 13:14:00+09:00,8640.0,8640.0,8640.0,8640.0,6,0.0,0.0
2025-02-14 13:17:00+09:00,8630.0,8640.0,8630.0,8630.0,91,0.0,0.0
2025-02-14 13:18:00+09:00,8640.0,8640.0,8640.0,8640.0,16,0.0,0.0
2025-02-14 13:19:00+09:00,8640.0,8640.0,8640.0,8640.0,0,0.0,0.0
2025-02-14 13:20:00+09:00,8630.0,8630.0,8630.0,8630.0,199,0.0,0.0
2025-02-14 13:21:00+09:00,8630.0,8630.0,8630.0,8630.0,80,0.0,0.0
2025-02-14 13:25:00+09:00,8630.0,8630.0,8630.0,8630.0,136,0.0,0.0
2025-02-14 13:26:00+09:00,8640.0,8650.0,8640.0,8640.0,2024,0.0,0.0
2025-02-14 13:27:00+09:00,8640.0,8640.0,8640.0,8640.0,157,0.0,0.0
2025-02-14 13:28:00+09:00,8640.0,8640.0,8640.0,8640.0,68,0.0,0.0
2025-02-14 13:30:00+09:00,8650.0,8650.0,8650.0,8650.0,1420,0.0,0.0
2025-02-14 13:31:00+09:00,8650.0,8650.0,8650.0,8650.0,0,0.0,0.0
2025-02-14 13:32:00+09:00,8650.0,8660.0,8650.0,8650.0,45,0.0,0.0
2025-02-14 13:33:00+09:00,8660.0,8660.0,8650.0,8650.0,0,0.0,0.0
2025-02-14 13:34:00+09:00,8650.0,8650.0,8640.0,8640.0,231,0.0,0.0
2025-02-14 13:37:00+09:00,8650.0,8650.0,8650.0,8650.0,229,0.0,0.0
2025-02-14 13:39:00+09:00,8660.0,8660.0,8660.0,8660.0,2,0.0,0.0
2025-02-14 13:42:00+09:00,8660.0,8660.0,8660.0,8660.0,207,0.0,0.0
2025-02-14 13:45:00+09:00,8650.0,8650.0,8650.0,8650.0,0,0.0,0.0
2025-02-14 13:53:00+09:00,8660.0,8660.0,8660.0,8660.0,1,0.0,0.0
2025-02-14 13:55:00+09:00,8660.0,8660.0,8650.0,8650.0,1219,0.0,0.0
2025-02-14 13:57:00+09:00,8650.0,8650.0,8650.0,8650.0,0,0.0,0.0
2025-02-14 13:58:00+09:00,8650.0,8650.0,8630.0,8630.0,1127,0.0,0.0
2025-02-14 13:59:00+09:00,8640.0,8650.0,8630.0,8630.0,7159,0.0,0.0
2025-02-14 14:00:00+09:00,8660.0,8660.0,8650.0,8660.0,204,0.0,0.0
2025-02-14 14:01:00+09:00,8650.0,8650.0,8650.0,8650.0,117,0.0,0.0
2025-02-14 14:03:00+09:00,8650.0,8660.0,8650.0,8660.0,89,0.0,0.0
2025-02-14 14:06:00+09:00,8660.0,8660.0,8660.0,8660.0,0,0.0,0.0
2025-02-14 14:08:00+09:00,8660.0,8660.0,8660.0,8660.0,2212,0.0,0.0
2025-02-14 14:09:00+09:00,8670.0,8670.0,8670.0,8670.0,470,0.0,0.0
2025-02-14 14:10:00+09:00,8670.0,8670.0,8670.0,8670.0,0,0.0,0.0
2025-02-14 14:12:00+09:00,8660.0,8670.0,8660.0,8660.0,80,0.0,0.0
2025-02-14 14:15:00+09:00,8660.0,8660.0,8660.0,8660.0,5,0.0,0.0
2025-02-14 14:19:00+09:00,8670.0,8670.0,8670.0,8670.0,200,0.0,0.0
2025-02-14 14:20:00+09:00,8670.0,8670.0,8670.0,8670.0,124,0.0,0.0
2025-02-14 14:21:00+09:00,8670.0,8670.0,8670.0,8670.0,0,0.0,0.0
2025-02-14 14:22:00+09:00,8670.0,8670.0,8670.0,8670.0,67,0.0,0.0
2025-02-14 14:23:00+09:00,8670.0,8670.0,8670.0,8670.0,2,0.0,0.0
2025-02-14 14:24:00+09:00,8660.0,8670.0,8660.0,8670.0,29,0.0,0.0
2025-02-14 14:25:00+09:00,8670.0,8670.0,8660.0,8660.0,4,0.0,0.0
2025-02-14 14:26:00+09:00,8660.0,8660.0,8660.0,8660.0,449,0.0,0.0
2025-02-14 14:27:00+09:00,8650.0,8660.0,8640.0,8650.0,263,0.0,0.0
2025-02-14 14:30:00+09:00,8660.0,8660.0,8660.0,8660.0,0,0.0,0.0
2025-02-14 14:37:00+09:00,8660.0,8670.0,8660.0,8670.0,96,0.0,0.0
2025-02-14 14:39:00+09:00,8670.0,8670.0,8660.0,8660.0,48,0.0,0.0
2025-02-14 14:40:00+09:00,8660.0,8660.0,8660.0,8660.0,0,0.0,0.0
2025-02-14 14:44:00+09:00,8650.0,8650.0,8650.0,8650.0,203,0.0,0.0
2025-02-14 14:48:00+09:00,8660.0,8660.0,8660.0,8660.0,188,0.0,0.0
2025-02-14 14:49:00+09:00,8650.0,8650.0,8650.0,8650.0,173,0.0,0.0
2025-02-14 14:52:00+09:00,8660.0,8660.0,8640.0,8640.0,2068,0.0,0.0
2025-02-14 14:53:00+09:00,8640.0,8640.0,8640.0,8640.0,104,0.0,0.0
2025-02-14 14:55:00+09:00,8640.0,8640.0,8630.0,8640.0,826,0.0,0.0
2025-02-14 14:56:00+09:00,8640.0,8660.0,8640.0,8660.0,9,0.0,0.0
2025-02-14 14:57:00+09:00,8650.0,8650.0,8650.0,8650.0,228,0.0,0.0
2025-02-14 14:58:00+09:00,8640.0,8640.0,8640.0,8640.0,0,0.0,0.0
