Datetime,Open,High,Low,Close,Volume,Dividends,Stock Splits
2024-10-03 09:30:00-04:00,13.09000015258789,13.09000015258789,13.09000015258789,13.09000015258789,0,0.0,0.0
2024-10-03 09:35:00-04:00,13.10420036315918,13.10420036315918,13.10420036315918,13.10420036315918,305,0.0,0.0
2024-10-03 09:40:00-04:00,13.104999542236328,13.104999542236328,13.104999542236328,13.104999542236328,501,0.0,0.0
2024-10-03 09:45:00-04:00,13.09000015258789,13.100000381469727,13.069999694824219,13.100000381469727,2200,0.0,0.0
2024-10-03 09:55:00-04:00,13.09000015258789,13.09000015258789,13.09000015258789,13.09000015258789,105,0.0,0.0
2024-10-03 10:05:00-04:00,13.09000015258789,13.09000015258789,13.09000015258789,13.09000015258789,1001,0.0,0.0
2024-10-03 10:30:00-04:00,13.09000015258789,13.09000015258789,13.09000015258789,13.09000015258789,1050,0.0,0.0
2024-10-03 10:40:00-04:00,13.0600004196167,13.0600004196167,13.050000190734863,13.0600004196167,300,0.0,0.0
2024-10-03 10:45:00-04:00,13.0649995803833,13.079999923706055,13.050000190734863,13.079999923706055,1000,0.0,0.0
2024-10-03 10:50:00-04:00,13.079999923706055,13.079999923706055,13.079999923706055,13.079999923706055,300,0.0,0.0
2024-10-03 10:55:00-04:00,13.050000190734863,13.050000190734863,13.039999961853027,13.039999961853027,0,0.0,0.0
2024-10-03 11:00:00-04:00,13.020000457763672,13.020000457763672,12.920000076293945,12.920000076293945,12560,0.0,0.0
2024-10-03 11:05:00-04:00,12.920000076293945,13.0,12.920000076293945,12.9399995803833,1810,0.0,0.0
2024-10-03 11:15:00-04:00,13.0,13.0,13.0,13.0,2737,0.0,0.0
2024-10-03 11:20:00-04:00,12.9399995803833,12.949999809265137,12.920000076293945,12.920000076293945,692,0.0,0.0
2024-10-03 11:25:00-04:00,12.880000114440918,13.0600004196167,12.859999656677246,12.920000076293945,19076,0.0,0.0
2024-10-03 11:30:00-04:00,12.960000038146973,13.0600004196167,12.859999656677246,12.953800201416016,6195,0.0,0.0
2024-10-03 11:35:00-04:00,12.97249984741211,12.97249984741211,12.880000114440918,12.899999618530273,3151,0.0,0.0
2024-10-03 11:40:00-04:00,12.960000038146973,13.039999961853027,12.920000076293945,12.930000305175781,9916,0.0,0.0
2024-10-03 11:45:00-04:00,13.0,13.039999961853027,12.899999618530273,12.899999618530273,3608,0.0,0.0
2024-10-03 11:50:00-04:00,12.960000038146973,12.960000038146973,12.920000076293945,12.920000076293945,487,0.0,0.0
2024-10-03 11:55:00-04:00,12.880000114440918,12.880000114440918,12.880000114440918,12.880000114440918,3023,0.0,0.0
2024-10-03 12:15:00-04:00,12.949999809265137,12.949999809265137,12.930000305175781,12.9399995803833,1044,0.0,0.0
2024-10-03 12:20:00-04:00,12.884099960327148,12.949999809265137,12.884099960327148,12.949999809265137,2118,0.0,0.0
2024-10-03 12:25:00-04:00,12.949999809265137,12.949999809265137,12.949999809265137,12.949999809265137,100,0.0,0.0
2024-10-03 12:45:00-04:00,12.949999809265137,12.949999809265137,12.949999809265137,12.949999809265137,300,0.0,0.0
2024-10-03 12:50:00-04:00,12.970000267028809,13.010000228881836,12.970000267028809,12.970000267028809,2800,0.0,0.0
2024-10-03 12:55:00-04:00,12.979999542236328,12.989999771118164,12.979999542236328,12.989999771118164,338,0.0,0.0
2024-10-03 13:40:00-04:00,12.979999542236328,12.979999542236328,12.979999542236328,12.979999542236328,225,0.0,0.0
2024-10-03 13:45:00-04:00,12.979999542236328,12.979999542236328,12.979999542236328,12.979999542236328,110,0.0,0.0
2024-10-03 14:05:00-04:00,12.989999771118164,12.989999771118164,12.989999771118164,12.989999771118164,399,0.0,0.0
2024-10-03 14:40:00-04:00,13.020000457763672,13.050000190734863,13.020000457763672,13.050000190734863,497,0.0,0.0
2024-10-03 14:50:00-04:00,13.069999694824219,13.069999694824219,13.069000244140625,13.069899559020996,702,0.0,0.0
2024-10-03 15:00:00-04:00,13.03499984741211,13.03499984741211,13.03499984741211,13.03499984741211,690,0.0,0.0
2024-10-03 15:20:00-04:00,13.024499893188477,13.024499893188477,13.024499893188477,13.024499893188477,452,0.0,0.0
2024-10-03 15:50:00-04:00,13.0600004196167,13.069999694824219,13.0600004196167,13.0600004196167,710,0.0,0.0
2024-10-03 15:55:00-04:00,13.069999694824219,13.09000015258789,13.069999694824219,13.09000015258789,4158,0.0,0.0
2024-10-04 09:30:00-04:00,13.0600004196167,13.0600004196167,12.989999771118164,12.989999771118164,1981,0.0,0.0
2024-10-04 09:35:00-04:00,12.989999771118164,12.989999771118164,12.930000305175781,12.930000305175781,4916,0.0,0.0
2024-10-04 09:40:00-04:00,12.9399995803833,12.9399995803833,12.9399995803833,12.9399995803833,100,0.0,0.0
2024-10-04 09:45:00-04:00,12.9399995803833,12.9399995803833,12.920000076293945,12.920000076293945,200,0.0,0.0
2024-10-04 09:50:00-04:00,12.895999908447266,12.920000076293945,12.890000343322754,12.920000076293945,2950,0.0,0.0
2024-10-04 09:55:00-04:00,12.920000076293945,12.920000076293945,12.920000076293945,12.920000076293945,907,0.0,0.0
2024-10-04 10:00:00-04:00,12.920000076293945,12.920000076293945,12.920000076293945,12.920000076293945,220,0.0,0.0
2024-10-04 10:05:00-04:00,12.920000076293945,12.920000076293945,12.920000076293945,12.920000076293945,105,0.0,0.0
2024-10-04 10:10:00-04:00,12.90999984741211,12.920000076293945,12.90999984741211,12.90999984741211,2188,0.0,0.0
2024-10-04 10:15:00-04:00,12.920000076293945,12.930000305175781,12.920000076293945,12.930000305175781,1440,0.0,0.0
2024-10-04 10:20:00-04:00,12.930000305175781,12.930000305175781,12.930000305175781,12.930000305175781,200,0.0,0.0
2024-10-04 10:25:00-04:00,12.930000305175781,12.970000267028809,12.930000305175781,12.970000267028809,1566,0.0,0.0
2024-10-04 10:30:00-04:00,12.970000267028809,12.970000267028809,12.970000267028809,12.970000267028809,200,0.0,0.0
2024-10-04 10:35:00-04:00,12.970000267028809,12.970000267028809,12.9399995803833,12.949999809265137,1273,0.0,0.0
2024-10-04 10:40:00-04:00,12.9399995803833,12.9399995803833,12.9399995803833,12.9399995803833,100,0.0,0.0
2024-10-04 10:45:00-04:00,12.989999771118164,12.989999771118164,12.989999771118164,12.989999771118164,200,0.0,0.0
2024-10-04 10:50:00-04:00,12.989999771118164,12.989999771118164,12.989999771118164,12.989999771118164,100,0.0,0.0
2024-10-04 10:55:00-04:00,12.989999771118164,12.989999771118164,12.989999771118164,12.989999771118164,200,0.0,0.0
2024-10-04 11:00:00-04:00,13.0,13.020000457763672,13.0,13.020000457763672,3716,0.0,0.0
2024-10-04 11:05:00-04:00,13.020000457763672,13.020000457763672,13.020000457763672,13.020000457763672,100,0.0,0.0
2024-10-04 11:10:00-04:00,13.020000457763672,13.020000457763672,13.020000457763672,13.020000457763672,209,0.0,0.0
2024-10-04 11:15:00-04:00,13.020000457763672,13.020000457763672,13.020000457763672,13.020000457763672,100,0.0,0.0
2024-10-04 11:20:00-04:00,13.020000457763672,13.020000457763672,13.020000457763672,13.020000457763672,200,0.0,0.0
2024-10-04 11:25:00-04:00,13.020000457763672,13.020000457763672,13.020000457763672,13.020000457763672,100,0.0,0.0
2024-10-04 11:30:00-04:00,13.020000457763672,13.020000457763672,13.020000457763672,13.020000457763672,200,0.0,0.0
2024-10-04 11:35:00-04:00,13.020000457763672,13.020000457763672,13.020000457763672,13.020000457763672,102,0.0,0.0
2024-10-04 11:40:00-04:00,13.010000228881836,13.010000228881836,13.010000228881836,13.010000228881836,200,0.0,0.0
2024-10-04 11:45:00-04:00,13.020000457763672,13.020000457763672,13.020000457763672,13.020000457763672,105,0.0,0.0
2024-10-04 11:50:00-04:00,13.020000457763672,13.020000457763672,13.020000457763672,13.020000457763672,100,0.0,0.0
2024-10-04 11:55:00-04:00,13.020000457763672,13.020000457763672,13.010000228881836,13.020000457763672,6494,0.0,0.0
2024-10-04 12:00:00-04:00,13.020000457763672,13.020000457763672,13.020000457763672,13.020000457763672,103,0.0,0.0
2024-10-04 12:05:00-04:00,13.020000457763672,13.020000457763672,13.020000457763672,13.020000457763672,990,0.0,0.0
2024-10-04 12:25:00-04:00,13.005000114440918,13.005000114440918,13.005000114440918,13.005000114440918,100,0.0,0.0
2024-10-04 12:35:00-04:00,13.005000114440918,13.005000114440918,13.005000114440918,13.005000114440918,135,0.0,0.0
2024-10-04 14:10:00-04:00,12.964099884033203,12.964099884033203,12.964099884033203,12.964099884033203,405,0.0,0.0
2024-10-04 14:25:00-04:00,12.960200309753418,12.960200309753418,12.960200309753418,12.960200309753418,558,0.0,0.0
2024-10-04 15:10:00-04:00,12.989999771118164,12.989999771118164,12.989999771118164,12.989999771118164,438,0.0,0.0
2024-10-04 15:40:00-04:00,12.96500015258789,12.96500015258789,12.9621000289917,12.9621000289917,400,0.0,0.0
2024-10-04 15:45:00-04:00,12.96500015258789,12.96500015258789,12.96500015258789,12.96500015258789,375,0.0,0.0
2024-10-04 15:50:00-04:00,12.960000038146973,12.960000038146973,12.9399995803833,12.949999809265137,9308,0.0,0.0
2024-10-04 15:55:00-04:00,12.949999809265137,12.949999809265137,12.930000305175781,12.9399995803833,1109,0.0,0.0
2024-10-07 09:30:00-04:00,12.970000267028809,12.970000267028809,12.970000267028809,12.970000267028809,4656,0.0,0.0
2024-10-07 10:00:00-04:00,12.90999984741211,12.90999984741211,12.90999984741211,12.90999984741211,802,0.0,0.0
2024-10-07 10:05:00-04:00,12.920000076293945,12.949999809265137,12.920000076293945,12.920000076293945,1559,0.0,0.0
2024-10-07 10:10:00-04:00,12.90999984741211,12.90999984741211,12.90999984741211,12.90999984741211,1239,0.0,0.0
2024-10-07 10:15:00-04:00,12.90999984741211,12.920000076293945,12.904999732971191,12.90999984741211,4300,0.0,0.0
2024-10-07 10:20:00-04:00,12.90999984741211,12.90999984741211,12.90999984741211,12.90999984741211,0,0.0,0.0
2024-10-07 10:25:00-04:00,12.90999984741211,12.90999984741211,12.90999984741211,12.90999984741211,12866,0.0,0.0
2024-10-07 10:30:00-04:00,12.90999984741211,12.90999984741211,12.899999618530273,12.90999984741211,2082,0.0,0.0
2024-10-07 10:35:00-04:00,12.899999618530273,12.899999618530273,12.899999618530273,12.899999618530273,452,0.0,0.0
2024-10-07 10:40:00-04:00,12.90999984741211,12.90999984741211,12.90999984741211,12.90999984741211,100,0.0,0.0
2024-10-07 10:45:00-04:00,12.90999984741211,12.90999984741211,12.90999984741211,12.90999984741211,300,0.0,0.0
2024-10-07 10:50:00-04:00,12.899999618530273,12.90999984741211,12.899999618530273,12.899999618530273,500,0.0,0.0
2024-10-07 10:55:00-04:00,12.899999618530273,12.899999618530273,12.899999618530273,12.899999618530273,100,0.0,0.0
2024-10-07 11:00:00-04:00,12.899999618530273,12.899999618530273,12.899999618530273,12.899999618530273,0,0.0,0.0
2024-10-07 11:05:00-04:00,12.899999618530273,12.899999618530273,12.899999618530273,12.899999618530273,16600,0.0,0.0
2024-10-07 11:15:00-04:00,12.899999618530273,12.90999984741211,12.899999618530273,12.90999984741211,3440,0.0,0.0
2024-10-07 12:15:00-04:00,12.859999656677246,12.859999656677246,12.859999656677246,12.859999656677246,0,0.0,0.0
2024-10-07 12:45:00-04:00,12.890000343322754,12.90999984741211,12.885000228881836,12.885000228881836,0,0.0,0.0
2024-10-07 13:35:00-04:00,12.899999618530273,12.899999618530273,12.899999618530273,12.899999618530273,0,0.0,0.0
2024-10-07 14:05:00-04:00,12.906000137329102,12.90999984741211,12.906000137329102,12.90999984741211,25516,0.0,0.0
2024-10-07 15:10:00-04:00,12.880000114440918,12.880000114440918,12.880000114440918,12.880000114440918,0,0.0,0.0
2024-10-07 15:55:00-04:00,12.899999618530273,12.899999618530273,12.899999618530273,12.899999618530273,0,0.0,0.0
2024-10-08 09:30:00-04:00,12.9399995803833,12.9399995803833,12.9399995803833,12.9399995803833,1068,0.0,0.0
2024-10-08 09:45:00-04:00,13.010000228881836,13.010000228881836,13.010000228881836,13.010000228881836,242,0.0,0.0
2024-10-08 10:00:00-04:00,12.96030044555664,12.96030044555664,12.96030044555664,12.96030044555664,1101,0.0,0.0
2024-10-08 10:20:00-04:00,12.949999809265137,12.949999809265137,12.949999809265137,12.949999809265137,300,0.0,0.0
2024-10-08 10:30:00-04:00,13.0,13.010000228881836,13.0,13.010000228881836,500,0.0,0.0
2024-10-08 10:35:00-04:00,12.979999542236328,13.010000228881836,12.979999542236328,13.0,1500,0.0,0.0
2024-10-08 10:40:00-04:00,13.010000228881836,13.010000228881836,13.0,13.010000228881836,400,0.0,0.0
2024-10-08 10:45:00-04:00,13.0,13.0,13.0,13.0,400,0.0,0.0
2024-10-08 10:50:00-04:00,12.989999771118164,13.0,12.989999771118164,13.0,400,0.0,0.0
2024-10-08 10:55:00-04:00,13.0,13.010000228881836,13.0,13.005000114440918,600,0.0,0.0
2024-10-08 11:00:00-04:00,13.0,13.010000228881836,12.989999771118164,13.010000228881836,400,0.0,0.0
2024-10-08 11:05:00-04:00,13.0,13.010000228881836,12.989999771118164,13.010000228881836,400,0.0,0.0
2024-10-08 11:10:00-04:00,13.0,13.010000228881836,12.989999771118164,12.989999771118164,400,0.0,0.0
2024-10-08 11:15:00-04:00,13.010000228881836,13.010000228881836,13.010000228881836,13.010000228881836,400,0.0,0.0
2024-10-08 11:20:00-04:00,13.010000228881836,13.010000228881836,13.010000228881836,13.010000228881836,169,0.0,0.0
2024-10-08 11:30:00-04:00,13.010000228881836,13.010000228881836,13.010000228881836,13.010000228881836,200,0.0,0.0
2024-10-08 12:15:00-04:00,12.979999542236328,12.979999542236328,12.979999542236328,12.979999542236328,252,0.0,0.0
2024-10-08 12:20:00-04:00,12.979999542236328,12.989999771118164,12.979999542236328,12.989999771118164,863,0.0,0.0
2024-10-08 12:40:00-04:00,12.970000267028809,12.970000267028809,12.970000267028809,12.970000267028809,226,0.0,0.0
2024-10-08 14:40:00-04:00,12.954899787902832,12.954899787902832,12.954899787902832,12.954899787902832,1007,0.0,0.0
2024-10-08 14:45:00-04:00,12.970000267028809,12.970000267028809,12.9350004196167,12.9350004196167,9312,0.0,0.0
2024-10-08 14:50:00-04:00,12.9350004196167,12.9350004196167,12.9350004196167,12.9350004196167,1000,0.0,0.0
2024-10-08 15:00:00-04:00,12.937800407409668,12.937800407409668,12.937800407409668,12.937800407409668,2000,0.0,0.0
2024-10-08 15:10:00-04:00,12.9350004196167,12.9350004196167,12.9350004196167,12.9350004196167,101,0.0,0.0
2024-10-08 15:50:00-04:00,12.949999809265137,12.949999809265137,12.949999809265137,12.949999809265137,1026,0.0,0.0
2024-10-08 15:55:00-04:00,12.949999809265137,12.949999809265137,12.920000076293945,12.9350004196167,3756,0.0,0.0
2024-10-09 09:30:00-04:00,13.0,13.000800132751465,13.0,13.000800132751465,632,0.0,0.0
2024-10-09 09:40:00-04:00,12.960000038146973,12.960000038146973,12.960000038146973,12.960000038146973,121,0.0,0.0
2024-10-09 10:05:00-04:00,13.009400367736816,13.009400367736816,13.009400367736816,13.009400367736816,1000,0.0,0.0
2024-10-09 10:25:00-04:00,13.0,13.0,13.0,13.0,199,0.0,0.0
2024-10-09 10:35:00-04:00,13.0,13.0,13.0,13.0,100,0.0,0.0
2024-10-09 10:40:00-04:00,12.96500015258789,12.96500015258789,12.96500015258789,12.96500015258789,106,0.0,0.0
2024-10-09 11:25:00-04:00,12.96500015258789,12.96500015258789,12.960000038146973,12.960000038146973,1600,0.0,0.0
2024-10-09 11:30:00-04:00,12.960000038146973,12.960000038146973,12.960000038146973,12.960000038146973,100,0.0,0.0
2024-10-09 11:55:00-04:00,12.960000038146973,12.960000038146973,12.960000038146973,12.960000038146973,359,0.0,0.0
2024-10-09 12:05:00-04:00,12.960000038146973,12.960000038146973,12.960000038146973,12.960000038146973,1775,0.0,0.0
2024-10-09 12:30:00-04:00,12.991999626159668,12.991999626159668,12.960000038146973,12.970000267028809,705,0.0,0.0
2024-10-09 12:40:00-04:00,12.960000038146973,12.979999542236328,12.960000038146973,12.960000038146973,3738,0.0,0.0
2024-10-09 13:30:00-04:00,12.96500015258789,12.96500015258789,12.960000038146973,12.96500015258789,2697,0.0,0.0
2024-10-09 14:05:00-04:00,12.949999809265137,12.949999809265137,12.949999809265137,12.949999809265137,204,0.0,0.0
2024-10-09 15:35:00-04:00,12.949999809265137,12.949999809265137,12.949999809265137,12.949999809265137,152,0.0,0.0
2024-10-09 15:55:00-04:00,12.960000038146973,12.960000038146973,12.960000038146973,12.960000038146973,722,0.0,0.0
2024-10-10 09:30:00-04:00,13.0,13.0,12.957900047302246,12.957900047302246,2254,0.0,0.0
2024-10-10 09:40:00-04:00,12.994999885559082,12.994999885559082,12.994999885559082,12.994999885559082,164,0.0,0.0
2024-10-10 09:45:00-04:00,12.994099617004395,12.994099617004395,12.994099617004395,12.994099617004395,1026,0.0,0.0
2024-10-10 10:10:00-04:00,12.97819995880127,12.97819995880127,12.97819995880127,12.97819995880127,769,0.0,0.0
2024-10-10 10:15:00-04:00,12.975000381469727,12.975000381469727,12.975000381469727,12.975000381469727,905,0.0,0.0
2024-10-10 10:20:00-04:00,13.0,13.0,13.0,13.0,100,0.0,0.0
2024-10-10 10:25:00-04:00,12.989999771118164,13.0,12.989999771118164,13.0,549,0.0,0.0
2024-10-10 11:00:00-04:00,13.0,13.0,13.0,13.0,200,0.0,0.0
2024-10-10 11:15:00-04:00,13.009900093078613,13.009900093078613,12.986800193786621,12.986800193786621,1101,0.0,0.0
2024-10-10 11:25:00-04:00,13.0,13.0,13.0,13.0,154,0.0,0.0
2024-10-10 11:35:00-04:00,13.005000114440918,13.005000114440918,13.0,13.0,809,0.0,0.0
2024-10-10 12:10:00-04:00,12.960000038146973,12.960000038146973,12.960000038146973,12.960000038146973,200,0.0,0.0
2024-10-10 12:35:00-04:00,12.960000038146973,12.98960018157959,12.958000183105469,12.958000183105469,1929,0.0,0.0
2024-10-10 13:05:00-04:00,12.96030044555664,12.96030044555664,12.96030044555664,12.96030044555664,2571,0.0,0.0
2024-10-10 15:35:00-04:00,12.949999809265137,12.949999809265137,12.949999809265137,12.949999809265137,225,0.0,0.0
2024-10-10 15:40:00-04:00,12.949999809265137,12.949999809265137,12.949999809265137,12.949999809265137,610,0.0,0.0
2024-10-10 15:45:00-04:00,12.949999809265137,12.949999809265137,12.949999809265137,12.949999809265137,200,0.0,0.0
2024-10-10 15:50:00-04:00,12.960000038146973,12.960000038146973,12.960000038146973,12.960000038146973,578,0.0,0.0
2024-10-10 15:55:00-04:00,12.949999809265137,12.960000038146973,12.920000076293945,12.9399995803833,7520,0.0,0.0
2024-10-11 09:30:00-04:00,12.979999542236328,12.979999542236328,12.979999542236328,12.979999542236328,0,0.0,0.0
2024-10-11 09:45:00-04:00,12.984000205993652,12.984000205993652,12.984000205993652,12.984000205993652,600,0.0,0.0
2024-10-11 10:10:00-04:00,13.0,13.0,12.994999885559082,12.994999885559082,220,0.0,0.0
2024-10-11 10:15:00-04:00,12.993200302124023,12.993200302124023,12.993200302124023,12.993200302124023,612,0.0,0.0
2024-10-11 10:20:00-04:00,13.0,13.010000228881836,13.0,13.010000228881836,1417,0.0,0.0
2024-10-11 10:30:00-04:00,13.005000114440918,13.005000114440918,12.989999771118164,12.989999771118164,683,0.0,0.0
2024-10-11 10:35:00-04:00,12.979999542236328,12.979999542236328,12.979999542236328,12.979999542236328,510,0.0,0.0
2024-10-11 10:50:00-04:00,12.979999542236328,12.979999542236328,12.979999542236328,12.979999542236328,197,0.0,0.0
2024-10-11 10:55:00-04:00,12.979999542236328,12.979999542236328,12.979999542236328,12.979999542236328,962,0.0,0.0
2024-10-11 11:00:00-04:00,12.984999656677246,12.984999656677246,12.976799964904785,12.976799964904785,2463,0.0,0.0
2024-10-11 12:20:00-04:00,12.96500015258789,12.96500015258789,12.96500015258789,12.96500015258789,200,0.0,0.0
2024-10-11 12:35:00-04:00,12.949999809265137,12.949999809265137,12.949999809265137,12.949999809265137,243,0.0,0.0
2024-10-11 13:10:00-04:00,12.949999809265137,12.949999809265137,12.949999809265137,12.949999809265137,364,0.0,0.0
2024-10-11 13:35:00-04:00,12.949999809265137,12.949999809265137,12.949999809265137,12.949999809265137,100,0.0,0.0
2024-10-11 13:40:00-04:00,12.930000305175781,12.930000305175781,12.920000076293945,12.920000076293945,469,0.0,0.0
2024-10-11 13:50:00-04:00,12.920000076293945,12.920000076293945,12.920000076293945,12.920000076293945,176,0.0,0.0
2024-10-11 13:55:00-04:00,12.920000076293945,12.920000076293945,12.920000076293945,12.920000076293945,179,0.0,0.0
2024-10-11 14:05:00-04:00,12.920000076293945,12.920000076293945,12.920000076293945,12.920000076293945,366,0.0,0.0
2024-10-11 14:10:00-04:00,12.920000076293945,12.920000076293945,12.920000076293945,12.920000076293945,290,0.0,0.0
2024-10-11 14:55:00-04:00,12.939900398254395,12.939900398254395,12.939900398254395,12.939900398254395,2012,0.0,0.0
2024-10-11 15:00:00-04:00,12.9350004196167,12.9350004196167,12.9350004196167,12.9350004196167,100,0.0,0.0
2024-10-11 15:05:00-04:00,12.930000305175781,12.930000305175781,12.930000305175781,12.930000305175781,212,0.0,0.0
2024-10-11 15:15:00-04:00,12.899999618530273,12.899999618530273,12.899999618530273,12.899999618530273,153,0.0,0.0
2024-10-11 15:20:00-04:00,12.90999984741211,12.90999984741211,12.899999618530273,12.899999618530273,342,0.0,0.0
2024-10-11 15:25:00-04:00,12.899999618530273,12.899999618530273,12.899999618530273,12.899999618530273,469,0.0,0.0
2024-10-11 15:45:00-04:00,12.890000343322754,12.890000343322754,12.890000343322754,12.890000343322754,101,0.0,0.0
2024-10-11 15:55:00-04:00,12.90999984741211,12.930000305175781,12.909899711608887,12.90999984741211,8465,0.0,0.0
2024-10-14 09:30:00-04:00,12.869999885559082,12.869999885559082,12.869999885559082,12.869999885559082,0,0.0,0.0
2024-10-14 09:55:00-04:00,12.96500015258789,12.96500015258789,12.954299926757812,12.954299926757812,2707,0.0,0.0
2024-10-14 10:00:00-04:00,12.989999771118164,13.0,12.989999771118164,13.0,1000,0.0,0.0
2024-10-14 10:15:00-04:00,12.989999771118164,12.989999771118164,12.989999771118164,12.989999771118164,340,0.0,0.0
2024-10-14 10:20:00-04:00,13.0,13.0,13.0,13.0,365,0.0,0.0
2024-10-14 10:25:00-04:00,12.989999771118164,13.0,12.989999771118164,13.0,700,0.0,0.0
2024-10-14 10:30:00-04:00,12.989999771118164,12.989999771118164,12.989999771118164,12.989999771118164,200,0.0,0.0
2024-10-14 10:35:00-04:00,13.0,13.0,13.0,13.0,100,0.0,0.0
2024-10-14 10:40:00-04:00,12.990799903869629,13.0,12.990799903869629,13.0,400,0.0,0.0
2024-10-14 10:45:00-04:00,13.0,13.0,13.0,13.0,500,0.0,0.0
2024-10-14 10:55:00-04:00,12.989999771118164,12.993499755859375,12.989999771118164,12.993499755859375,400,0.0,0.0
2024-10-14 11:00:00-04:00,12.993900299072266,12.993900299072266,12.989999771118164,12.989999771118164,400,0.0,0.0
2024-10-14 11:05:00-04:00,13.0,13.0,13.0,13.0,600,0.0,0.0
2024-10-14 11:15:00-04:00,12.990400314331055,13.0,12.990099906921387,12.993499755859375,1200,0.0,0.0
2024-10-14 11:20:00-04:00,13.0,13.0,13.0,13.0,300,0.0,0.0
2024-10-14 11:25:00-04:00,12.990400314331055,12.993499755859375,12.989999771118164,12.989999771118164,700,0.0,0.0
2024-10-14 11:30:00-04:00,12.960000038146973,12.960000038146973,12.960000038146973,12.960000038146973,100,0.0,0.0
2024-10-14 11:35:00-04:00,12.960000038146973,12.960000038146973,12.960000038146973,12.960000038146973,685,0.0,0.0
2024-10-14 11:40:00-04:00,12.960000038146973,12.960000038146973,12.960000038146973,12.960000038146973,164,0.0,0.0
2024-10-14 11:45:00-04:00,12.960000038146973,12.960000038146973,12.960000038146973,12.960000038146973,215,0.0,0.0
2024-10-14 11:50:00-04:00,12.970000267028809,12.970000267028809,12.970000267028809,12.970000267028809,100,0.0,0.0
2024-10-14 11:55:00-04:00,12.979999542236328,12.979999542236328,12.979999542236328,12.979999542236328,199,0.0,0.0
2024-10-14 13:25:00-04:00,12.9399995803833,12.9399995803833,12.9399995803833,12.9399995803833,900,0.0,0.0
2024-10-14 13:35:00-04:00,12.949999809265137,12.949999809265137,12.949999809265137,12.949999809265137,100,0.0,0.0
2024-10-14 14:15:00-04:00,12.925200462341309,12.949999809265137,12.925200462341309,12.949999809265137,200,0.0,0.0
2024-10-14 14:25:00-04:00,12.9350004196167,12.9350004196167,12.9350004196167,12.9350004196167,200,0.0,0.0
2024-10-14 14:30:00-04:00,12.949999809265137,12.949999809265137,12.949999809265137,12.949999809265137,100,0.0,0.0
2024-10-14 15:20:00-04:00,12.949999809265137,12.960000038146973,12.939900398254395,12.960000038146973,5307,0.0,0.0
2024-10-14 15:25:00-04:00,12.96500015258789,12.96500015258789,12.96500015258789,12.96500015258789,416,0.0,0.0
2024-10-14 15:30:00-04:00,12.969893455505371,12.969893455505371,12.969893455505371,12.969893455505371,200,0.0,0.0
2024-10-14 15:35:00-04:00,12.979999542236328,12.979999542236328,12.979999542236328,12.979999542236328,100,0.0,0.0
2024-10-14 15:40:00-04:00,12.968299865722656,12.968299865722656,12.968299865722656,12.968299865722656,385,0.0,0.0
2024-10-14 15:45:00-04:00,12.970000267028809,12.970000267028809,12.949999809265137,12.949999809265137,3951,0.0,0.0
2024-10-14 15:55:00-04:00,12.960000038146973,12.960000038146973,12.949999809265137,12.949999809265137,300,0.0,0.0
2024-10-15 09:30:00-04:00,12.9399995803833,12.9399995803833,12.9399995803833,12.9399995803833,0,0.0,0.0
2024-10-15 09:40:00-04:00,12.944999694824219,12.944999694824219,12.869999885559082,12.869999885559082,2540,0.0,0.0
2024-10-15 09:45:00-04:00,12.9399995803833,12.9399995803833,12.9399995803833,12.9399995803833,199,0.0,0.0
2024-10-15 09:55:00-04:00,12.970000267028809,12.970000267028809,12.914999961853027,12.914999961853027,325,0.0,0.0
2024-10-15 10:25:00-04:00,12.979999542236328,12.979999542236328,12.949999809265137,12.949999809265137,835,0.0,0.0
2024-10-15 10:40:00-04:00,12.9399995803833,12.9399995803833,12.89109992980957,12.899999618530273,4055,0.0,0.0
2024-10-15 10:50:00-04:00,12.899999618530273,12.899999618530273,12.899999618530273,12.899999618530273,120,0.0,0.0
2024-10-15 11:10:00-04:00,12.890000343322754,12.890000343322754,12.890000343322754,12.890000343322754,110,0.0,0.0
2024-10-15 12:00:00-04:00,12.878700256347656,12.878700256347656,12.878700256347656,12.878700256347656,1600,0.0,0.0
2024-10-15 12:10:00-04:00,12.874600410461426,12.874600410461426,12.874600410461426,12.874600410461426,1500,0.0,0.0
2024-10-15 12:35:00-04:00,12.845399856567383,12.845399856567383,12.845399856567383,12.845399856567383,901,0.0,0.0
2024-10-15 12:50:00-04:00,12.890000343322754,12.890000343322754,12.883199691772461,12.890000343322754,2900,0.0,0.0
2024-10-15 13:15:00-04:00,12.890000343322754,12.890000343322754,12.890000343322754,12.890000343322754,100,0.0,0.0
2024-10-15 14:30:00-04:00,12.870400428771973,12.870400428771973,12.870400428771973,12.870400428771973,442,0.0,0.0
2024-10-15 14:55:00-04:00,12.883299827575684,12.883299827575684,12.883299827575684,12.883299827575684,501,0.0,0.0
2024-10-15 15:20:00-04:00,12.880000114440918,12.880000114440918,12.880000114440918,12.880000114440918,100,0.0,0.0
2024-10-15 15:55:00-04:00,12.880000114440918,12.880000114440918,12.880000114440918,12.880000114440918,541,0.0,0.0
2024-10-16 09:30:00-04:00,12.960000038146973,12.960000038146973,12.739999771118164,12.880000114440918,11792,0.0,0.0
2024-10-16 09:35:00-04:00,12.880000114440918,12.880000114440918,12.869999885559082,12.869999885559082,2153,0.0,0.0
2024-10-16 09:45:00-04:00,12.869999885559082,12.869999885559082,12.869999885559082,12.869999885559082,100,0.0,0.0
2024-10-16 09:50:00-04:00,12.8149995803833,12.869999885559082,12.8100004196167,12.8100004196167,600,0.0,0.0
2024-10-16 09:55:00-04:00,12.81350040435791,12.81350040435791,12.807700157165527,12.807700157165527,1100,0.0,0.0
2024-10-16 10:00:00-04:00,12.859999656677246,12.859999656677246,12.859999656677246,12.859999656677246,100,0.0,0.0
2024-10-16 10:05:00-04:00,12.859999656677246,12.864999771118164,12.859999656677246,12.864999771118164,1346,0.0,0.0
2024-10-16 10:25:00-04:00,12.845100402832031,12.845100402832031,12.845100402832031,12.845100402832031,251,0.0,0.0
2024-10-16 10:35:00-04:00,12.859800338745117,12.859999656677246,12.858200073242188,12.859999656677246,3965,0.0,0.0
2024-10-16 11:30:00-04:00,12.835000038146973,12.859999656677246,12.810500144958496,12.859999656677246,542,0.0,0.0
2024-10-16 11:50:00-04:00,12.84000015258789,12.84000015258789,12.84000015258789,12.84000015258789,1049,0.0,0.0
2024-10-16 11:55:00-04:00,12.84000015258789,12.84000015258789,12.84000015258789,12.84000015258789,610,0.0,0.0
2024-10-16 12:20:00-04:00,12.841500282287598,12.841500282287598,12.841500282287598,12.841500282287598,238,0.0,0.0
2024-10-16 12:25:00-04:00,12.84000015258789,12.84000015258789,12.829999923706055,12.829999923706055,200,0.0,0.0
2024-10-16 12:40:00-04:00,12.850000381469727,12.850000381469727,12.849900245666504,12.849900245666504,3142,0.0,0.0
2024-10-16 12:45:00-04:00,12.832099914550781,12.832099914550781,12.832099914550781,12.832099914550781,617,0.0,0.0
2024-10-16 12:50:00-04:00,12.850000381469727,12.850000381469727,12.850000381469727,12.850000381469727,200,0.0,0.0
2024-10-16 13:05:00-04:00,12.850000381469727,12.850000381469727,12.849900245666504,12.849900245666504,3550,0.0,0.0
2024-10-16 13:30:00-04:00,12.850000381469727,12.850000381469727,12.849900245666504,12.850000381469727,5774,0.0,0.0
2024-10-16 13:50:00-04:00,12.845000267028809,12.845000267028809,12.829999923706055,12.84000015258789,6817,0.0,0.0
2024-10-16 13:55:00-04:00,12.83899974822998,12.84000015258789,12.83899974822998,12.84000015258789,2164,0.0,0.0
2024-10-16 14:25:00-04:00,12.84000015258789,12.84000015258789,12.84000015258789,12.84000015258789,601,0.0,0.0
2024-10-16 14:40:00-04:00,12.8326997756958,12.8326997756958,12.8326997756958,12.8326997756958,261,0.0,0.0
2024-10-16 14:50:00-04:00,12.8100004196167,12.8100004196167,12.800000190734863,12.800000190734863,2101,0.0,0.0
2024-10-16 14:55:00-04:00,12.8149995803833,12.8149995803833,12.8149995803833,12.8149995803833,778,0.0,0.0
2024-10-16 15:05:00-04:00,12.818499565124512,12.818499565124512,12.818499565124512,12.818499565124512,107,0.0,0.0
2024-10-16 15:20:00-04:00,12.835399627685547,12.84000015258789,12.835399627685547,12.84000015258789,1406,0.0,0.0
2024-10-16 15:25:00-04:00,12.829999923706055,12.829999923706055,12.829999923706055,12.829999923706055,614,0.0,0.0
2024-10-16 15:30:00-04:00,12.829999923706055,12.84000015258789,12.829999923706055,12.835000038146973,2766,0.0,0.0
2024-10-16 15:35:00-04:00,12.84000015258789,12.850000381469727,12.84000015258789,12.850000381469727,5632,0.0,0.0
2024-10-16 15:55:00-04:00,12.845000267028809,12.845000267028809,12.8100004196167,12.829999923706055,4836,0.0,0.0
2024-10-17 09:30:00-04:00,12.829999923706055,12.829999923706055,12.829999923706055,12.829999923706055,0,0.0,0.0
2024-10-17 10:20:00-04:00,12.890000343322754,12.890000343322754,12.890000343322754,12.890000343322754,100,0.0,0.0
2024-10-17 10:25:00-04:00,12.880000114440918,12.880000114440918,12.880000114440918,12.880000114440918,110,0.0,0.0
2024-10-17 10:30:00-04:00,12.869999885559082,12.869999885559082,12.869999885559082,12.869999885559082,438,0.0,0.0
2024-10-17 10:40:00-04:00,12.859999656677246,12.859999656677246,12.859999656677246,12.859999656677246,105,0.0,0.0
2024-10-17 10:45:00-04:00,12.854999542236328,12.854999542236328,12.854999542236328,12.854999542236328,627,0.0,0.0
2024-10-17 11:05:00-04:00,12.869999885559082,12.869999885559082,12.869999885559082,12.869999885559082,106,0.0,0.0
2024-10-17 11:10:00-04:00,12.869999885559082,12.869999885559082,12.869999885559082,12.869999885559082,200,0.0,0.0
2024-10-17 11:15:00-04:00,12.869999885559082,12.869999885559082,12.869999885559082,12.869999885559082,100,0.0,0.0
2024-10-17 11:20:00-04:00,12.869999885559082,12.869999885559082,12.869999885559082,12.869999885559082,681,0.0,0.0
2024-10-17 11:25:00-04:00,12.869999885559082,12.869999885559082,12.869999885559082,12.869999885559082,200,0.0,0.0
2024-10-17 11:30:00-04:00,12.869999885559082,12.869999885559082,12.869999885559082,12.869999885559082,376,0.0,0.0
2024-10-17 11:35:00-04:00,12.869999885559082,12.869999885559082,12.869999885559082,12.869999885559082,471,0.0,0.0
2024-10-17 11:40:00-04:00,12.869999885559082,12.869999885559082,12.869999885559082,12.869999885559082,249,0.0,0.0
2024-10-17 11:45:00-04:00,12.869999885559082,12.869999885559082,12.869999885559082,12.869999885559082,324,0.0,0.0
2024-10-17 11:50:00-04:00,12.869999885559082,12.869999885559082,12.84000015258789,12.865799903869629,5625,0.0,0.0
2024-10-17 12:05:00-04:00,12.859999656677246,12.869999885559082,12.859999656677246,12.869999885559082,641,0.0,0.0
2024-10-17 12:10:00-04:00,12.869999885559082,12.869999885559082,12.869999885559082,12.869999885559082,200,0.0,0.0
2024-10-17 12:15:00-04:00,12.869999885559082,12.869999885559082,12.869999885559082,12.869999885559082,475,0.0,0.0
2024-10-17 12:20:00-04:00,12.869999885559082,12.869999885559082,12.869999885559082,12.869999885559082,374,0.0,0.0
2024-10-17 12:25:00-04:00,12.869999885559082,12.869999885559082,12.869999885559082,12.869999885559082,473,0.0,0.0
2024-10-17 12:30:00-04:00,12.869999885559082,12.869999885559082,12.869999885559082,12.869999885559082,200,0.0,0.0
2024-10-17 12:35:00-04:00,12.869999885559082,12.869999885559082,12.869999885559082,12.869999885559082,471,0.0,0.0
2024-10-17 12:40:00-04:00,12.869999885559082,12.869999885559082,12.869999885559082,12.869999885559082,200,0.0,0.0
2024-10-17 12:45:00-04:00,12.869999885559082,12.869999885559082,12.869999885559082,12.869999885559082,470,0.0,0.0
2024-10-17 12:50:00-04:00,12.869999885559082,12.869999885559082,12.869999885559082,12.869999885559082,200,0.0,0.0
2024-10-17 12:55:00-04:00,12.869999885559082,12.869999885559082,12.864999771118164,12.864999771118164,544,0.0,0.0
2024-10-17 13:00:00-04:00,12.869999885559082,12.869999885559082,12.869999885559082,12.869999885559082,175,0.0,0.0
2024-10-17 13:05:00-04:00,12.869999885559082,12.869999885559082,12.869999885559082,12.869999885559082,300,0.0,0.0
2024-10-17 13:10:00-04:00,12.869999885559082,12.869999885559082,12.869999885559082,12.869999885559082,1900,0.0,0.0
2024-10-17 13:20:00-04:00,12.869999885559082,12.869999885559082,12.869999885559082,12.869999885559082,100,0.0,0.0
2024-10-17 13:25:00-04:00,12.869999885559082,12.869999885559082,12.869999885559082,12.869999885559082,100,0.0,0.0
2024-10-17 13:30:00-04:00,12.869999885559082,12.869999885559082,12.869999885559082,12.869999885559082,300,0.0,0.0
2024-10-17 13:35:00-04:00,12.869999885559082,12.869999885559082,12.869999885559082,12.869999885559082,200,0.0,0.0
2024-10-17 13:45:00-04:00,12.869999885559082,12.869999885559082,12.869999885559082,12.869999885559082,200,0.0,0.0
2024-10-17 13:50:00-04:00,12.869999885559082,12.869999885559082,12.869999885559082,12.869999885559082,300,0.0,0.0
2024-10-17 13:55:00-04:00,12.869999885559082,12.869999885559082,12.869999885559082,12.869999885559082,100,0.0,0.0
2024-10-17 14:00:00-04:00,12.869999885559082,12.869999885559082,12.869999885559082,12.869999885559082,106,0.0,0.0
2024-10-17 14:30:00-04:00,12.880000114440918,12.880000114440918,12.87625789642334,12.876334190368652,6086,0.0,0.0
2024-10-17 14:55:00-04:00,12.880000114440918,12.880000114440918,12.880000114440918,12.880000114440918,100,0.0,0.0
2024-10-17 15:00:00-04:00,12.880000114440918,12.880000114440918,12.880000114440918,12.880000114440918,717,0.0,0.0
2024-10-17 15:05:00-04:00,12.880000114440918,12.880000114440918,12.880000114440918,12.880000114440918,774,0.0,0.0
2024-10-17 15:10:00-04:00,12.880000114440918,12.880000114440918,12.880000114440918,12.880000114440918,326,0.0,0.0
2024-10-17 15:35:00-04:00,12.890000343322754,12.890000343322754,12.890000343322754,12.890000343322754,1426,0.0,0.0
2024-10-17 15:40:00-04:00,12.890000343322754,12.898500442504883,12.876399993896484,12.890000343322754,14635,0.0,0.0
2024-10-17 15:45:00-04:00,12.890000343322754,12.899999618530273,12.890000343322754,12.890000343322754,6489,0.0,0.0
2024-10-17 15:50:00-04:00,12.890000343322754,12.890000343322754,12.890000343322754,12.890000343322754,1632,0.0,0.0
2024-10-17 15:55:00-04:00,12.890000343322754,12.890000343322754,12.880000114440918,12.880000114440918,2832,0.0,0.0
2024-10-18 09:30:00-04:00,12.90999984741211,12.949999809265137,12.90999984741211,12.949999809265137,0,0.0,0.0
2024-10-18 10:40:00-04:00,13.0,13.0,13.0,13.0,528,0.0,0.0
2024-10-18 10:45:00-04:00,12.980999946594238,13.0,12.980999946594238,13.0,869,0.0,0.0
2024-10-18 11:25:00-04:00,12.989999771118164,13.0,12.989999771118164,13.0,201,0.0,0.0
2024-10-18 11:35:00-04:00,12.970000267028809,12.970000267028809,12.970000267028809,12.970000267028809,100,0.0,0.0
2024-10-18 11:40:00-04:00,12.95419979095459,13.0,12.95419979095459,13.0,538,0.0,0.0
2024-10-18 11:45:00-04:00,13.0,13.0,13.0,13.0,100,0.0,0.0
2024-10-18 12:15:00-04:00,12.989999771118164,12.989999771118164,12.989999771118164,12.989999771118164,1550,0.0,0.0
2024-10-18 12:35:00-04:00,12.970000267028809,12.970000267028809,12.970000267028809,12.970000267028809,203,0.0,0.0
2024-10-18 13:05:00-04:00,12.970000267028809,12.970000267028809,12.970000267028809,12.970000267028809,2680,0.0,0.0
2024-10-18 13:20:00-04:00,12.9375,12.9375,12.9375,12.9375,131,0.0,0.0
2024-10-18 13:25:00-04:00,12.934000015258789,12.934000015258789,12.930000305175781,12.930100440979004,4397,0.0,0.0
2024-10-18 14:40:00-04:00,12.899999618530273,12.930000305175781,12.899999618530273,12.930000305175781,1392,0.0,0.0
2024-10-18 15:05:00-04:00,12.891400337219238,12.891400337219238,12.891400337219238,12.891400337219238,295,0.0,0.0
2024-10-18 15:15:00-04:00,12.913999557495117,12.913999557495117,12.913999557495117,12.913999557495117,205,0.0,0.0
2024-10-18 15:55:00-04:00,12.930000305175781,12.930000305175781,12.930000305175781,12.930000305175781,200,0.0,0.0
2024-10-21 09:30:00-04:00,12.960000038146973,12.960000038146973,12.960000038146973,12.960000038146973,0,0.0,0.0
2024-10-21 09:55:00-04:00,12.944999694824219,12.944999694824219,12.899999618530273,12.925000190734863,300,0.0,0.0
2024-10-21 10:10:00-04:00,12.930000305175781,12.930000305175781,12.930000305175781,12.930000305175781,556,0.0,0.0
2024-10-21 10:25:00-04:00,12.90999984741211,12.920000076293945,12.90999984741211,12.920000076293945,200,0.0,0.0
2024-10-21 10:30:00-04:00,12.90999984741211,12.90999984741211,12.90999984741211,12.90999984741211,433,0.0,0.0
2024-10-21 10:35:00-04:00,12.920000076293945,12.920000076293945,12.920000076293945,12.920000076293945,2500,0.0,0.0
2024-10-21 10:40:00-04:00,12.890000343322754,12.895000457763672,12.890000343322754,12.890000343322754,420,0.0,0.0
2024-10-21 10:55:00-04:00,12.890000343322754,12.890000343322754,12.890000343322754,12.890000343322754,610,0.0,0.0
2024-10-21 11:20:00-04:00,12.842000007629395,12.842000007629395,12.842000007629395,12.842000007629395,1000,0.0,0.0
2024-10-21 11:25:00-04:00,12.890000343322754,12.890000343322754,12.890000343322754,12.890000343322754,503,0.0,0.0
2024-10-21 11:30:00-04:00,12.890000343322754,12.890000343322754,12.890000343322754,12.890000343322754,672,0.0,0.0
2024-10-21 13:20:00-04:00,12.819999694824219,12.819999694824219,12.819999694824219,12.819999694824219,183,0.0,0.0
2024-10-21 13:45:00-04:00,12.850000381469727,12.850000381469727,12.850000381469727,12.850000381469727,1500,0.0,0.0
2024-10-21 13:50:00-04:00,12.844300270080566,12.844300270080566,12.826700210571289,12.826700210571289,543,0.0,0.0
2024-10-21 14:20:00-04:00,12.850000381469727,12.850000381469727,12.850000381469727,12.850000381469727,500,0.0,0.0
2024-10-21 14:25:00-04:00,12.850000381469727,12.850000381469727,12.850000381469727,12.850000381469727,1702,0.0,0.0
2024-10-21 15:05:00-04:00,12.829999923706055,12.829999923706055,12.829999923706055,12.829999923706055,100,0.0,0.0
2024-10-21 15:15:00-04:00,12.880000114440918,12.899999618530273,12.850000381469727,12.899999618530273,9547,0.0,0.0
2024-10-21 15:20:00-04:00,12.899999618530273,12.899999618530273,12.890000343322754,12.899999618530273,5098,0.0,0.0
2024-10-21 15:55:00-04:00,12.90999984741211,12.920000076293945,12.909899711608887,12.920000076293945,8492,0.0,0.0
2024-10-22 09:30:00-04:00,12.920000076293945,12.920000076293945,12.920000076293945,12.920000076293945,0,0.0,0.0
2024-10-22 09:45:00-04:00,12.904999732971191,12.90999984741211,12.904999732971191,12.90999984741211,500,0.0,0.0
2024-10-22 09:55:00-04:00,12.904999732971191,12.904999732971191,12.904999732971191,12.904999732971191,200,0.0,0.0
2024-10-22 10:00:00-04:00,12.90999984741211,12.90999984741211,12.90999984741211,12.90999984741211,600,0.0,0.0
2024-10-22 10:05:00-04:00,12.920000076293945,12.920000076293945,12.920000076293945,12.920000076293945,2250,0.0,0.0
2024-10-22 10:35:00-04:00,12.920000076293945,12.920000076293945,12.919899940490723,12.919899940490723,2000,0.0,0.0
2024-10-22 10:50:00-04:00,12.899999618530273,12.90999984741211,12.899999618530273,12.90999984741211,800,0.0,0.0
2024-10-22 10:55:00-04:00,12.90999984741211,12.90999984741211,12.90999984741211,12.90999984741211,200,0.0,0.0
2024-10-22 11:15:00-04:00,12.90999984741211,12.90999984741211,12.90999984741211,12.90999984741211,102,0.0,0.0
2024-10-22 11:20:00-04:00,12.90999984741211,12.90999984741211,12.90999984741211,12.90999984741211,100,0.0,0.0
2024-10-22 12:20:00-04:00,12.890000343322754,12.890000343322754,12.875,12.875,3800,0.0,0.0
2024-10-22 12:25:00-04:00,12.895000457763672,12.895000457763672,12.895000457763672,12.895000457763672,223,0.0,0.0
2024-10-22 12:55:00-04:00,12.890000343322754,12.890000343322754,12.890000343322754,12.890000343322754,4794,0.0,0.0
2024-10-22 13:20:00-04:00,12.875,12.875,12.875,12.875,400,0.0,0.0
2024-10-22 13:30:00-04:00,12.890000343322754,12.890000343322754,12.875,12.875,1001,0.0,0.0
2024-10-22 14:15:00-04:00,12.880000114440918,12.880000114440918,12.852899551391602,12.852899551391602,994,0.0,0.0
2024-10-22 14:30:00-04:00,12.880000114440918,12.880000114440918,12.880000114440918,12.880000114440918,1168,0.0,0.0
2024-10-22 15:05:00-04:00,12.850299835205078,12.880000114440918,12.850299835205078,12.880000114440918,1411,0.0,0.0
2024-10-22 15:40:00-04:00,12.859999656677246,12.859999656677246,12.859999656677246,12.859999656677246,166,0.0,0.0
2024-10-22 15:45:00-04:00,12.87399959564209,12.890000343322754,12.87399959564209,12.890000343322754,2505,0.0,0.0
2024-10-22 15:55:00-04:00,12.880000114440918,12.880000114440918,12.880000114440918,12.880000114440918,301,0.0,0.0
2024-10-23 09:30:00-04:00,12.850000381469727,12.850000381469727,12.850000381469727,12.850000381469727,0,0.0,0.0
2024-10-23 09:35:00-04:00,12.779999732971191,12.779999732971191,12.779999732971191,12.779999732971191,136,0.0,0.0
2024-10-23 09:50:00-04:00,12.829999923706055,12.829999923706055,12.829999923706055,12.829999923706055,100,0.0,0.0
2024-10-23 09:55:00-04:00,12.800000190734863,12.8149995803833,12.800000190734863,12.8149995803833,616,0.0,0.0
2024-10-23 10:00:00-04:00,12.818168640136719,12.818168640136719,12.818168640136719,12.818168640136719,471,0.0,0.0
2024-10-23 10:05:00-04:00,12.779999732971191,12.8149995803833,12.779999732971191,12.8149995803833,200,0.0,0.0
2024-10-23 10:10:00-04:00,12.8149995803833,12.821999549865723,12.789999961853027,12.821999549865723,1101,0.0,0.0
2024-10-23 10:15:00-04:00,12.800000190734863,12.800000190734863,12.800000190734863,12.800000190734863,107,0.0,0.0
2024-10-23 10:20:00-04:00,12.8149995803833,12.8149995803833,12.8149995803833,12.8149995803833,136,0.0,0.0
2024-10-23 10:25:00-04:00,12.8100004196167,12.8100004196167,12.779999732971191,12.779999732971191,327,0.0,0.0
2024-10-23 11:05:00-04:00,12.78499984741211,12.78499984741211,12.770099639892578,12.770099639892578,821,0.0,0.0
2024-10-23 11:20:00-04:00,12.779999732971191,12.819999694824219,12.779999732971191,12.819999694824219,2425,0.0,0.0
2024-10-23 12:20:00-04:00,12.755000114440918,12.755000114440918,12.720000267028809,12.720000267028809,2600,0.0,0.0
2024-10-23 12:25:00-04:00,12.739999771118164,12.755000114440918,12.720000267028809,12.755000114440918,2950,0.0,0.0
2024-10-23 13:15:00-04:00,12.739999771118164,12.739999771118164,12.696900367736816,12.699999809265137,1302,0.0,0.0
2024-10-23 13:30:00-04:00,12.693499565124512,12.720000267028809,12.693499565124512,12.720000267028809,2487,0.0,0.0
2024-10-23 14:55:00-04:00,12.75,12.75,12.75,12.75,100,0.0,0.0
2024-10-23 15:10:00-04:00,12.744999885559082,12.744999885559082,12.744999885559082,12.744999885559082,175,0.0,0.0
2024-10-23 15:25:00-04:00,12.744999885559082,12.744999885559082,12.744999885559082,12.744999885559082,105,0.0,0.0
2024-10-23 15:40:00-04:00,12.729999542236328,12.75,12.729999542236328,12.73069953918457,1643,0.0,0.0
2024-10-23 15:45:00-04:00,12.739999771118164,12.739999771118164,12.739999771118164,12.739999771118164,611,0.0,0.0
2024-10-23 15:55:00-04:00,12.739999771118164,12.739999771118164,12.739999771118164,12.739999771118164,1200,0.0,0.0
2024-10-24 09:30:00-04:00,12.75,12.75,12.710000038146973,12.720000267028809,3357,0.0,0.0
2024-10-24 09:40:00-04:00,12.699999809265137,12.699999809265137,12.699999809265137,12.699999809265137,501,0.0,0.0
2024-10-24 09:45:00-04:00,12.710000038146973,12.710000038146973,12.710000038146973,12.710000038146973,206,0.0,0.0
2024-10-24 09:50:00-04:00,12.684700012207031,12.699999809265137,12.684700012207031,12.699999809265137,1504,0.0,0.0
2024-10-24 09:55:00-04:00,12.699999809265137,12.699999809265137,12.699999809265137,12.699999809265137,1584,0.0,0.0
2024-10-24 10:10:00-04:00,12.699999809265137,12.699999809265137,12.699999809265137,12.699999809265137,800,0.0,0.0
2024-10-24 10:25:00-04:00,12.699999809265137,12.699999809265137,12.699999809265137,12.699999809265137,130,0.0,0.0
2024-10-24 10:35:00-04:00,12.699999809265137,12.720000267028809,12.699999809265137,12.720000267028809,4850,0.0,0.0
2024-10-24 10:40:00-04:00,12.710000038146973,12.710000038146973,12.710000038146973,12.710000038146973,300,0.0,0.0
2024-10-24 11:10:00-04:00,12.699999809265137,12.720000267028809,12.699999809265137,12.719900131225586,5312,0.0,0.0
2024-10-24 11:15:00-04:00,12.6899995803833,12.720000267028809,12.680000305175781,12.720000267028809,957,0.0,0.0
2024-10-24 11:35:00-04:00,12.699999809265137,12.699999809265137,12.680000305175781,12.680000305175781,1336,0.0,0.0
2024-10-24 11:55:00-04:00,12.649999618530273,12.649999618530273,12.640000343322754,12.640000343322754,3023,0.0,0.0
2024-10-24 12:05:00-04:00,12.579999923706055,12.579999923706055,12.579999923706055,12.579999923706055,110,0.0,0.0
2024-10-24 12:10:00-04:00,12.550000190734863,12.550000190734863,12.550000190734863,12.550000190734863,100,0.0,0.0
2024-10-24 12:15:00-04:00,12.574999809265137,12.574999809265137,12.574999809265137,12.574999809265137,400,0.0,0.0
2024-10-24 12:20:00-04:00,12.59469985961914,12.59469985961914,12.59469985961914,12.59469985961914,200,0.0,0.0
2024-10-24 12:25:00-04:00,12.5871000289917,12.5871000289917,12.5871000289917,12.5871000289917,200,0.0,0.0
2024-10-24 12:30:00-04:00,12.574999809265137,12.574999809265137,12.574999809265137,12.574999809265137,400,0.0,0.0
2024-10-24 12:35:00-04:00,12.574999809265137,12.574999809265137,12.574999809265137,12.574999809265137,403,0.0,0.0
2024-10-24 12:40:00-04:00,12.579999923706055,12.579999923706055,12.579999923706055,12.579999923706055,110,0.0,0.0
2024-10-24 12:50:00-04:00,12.600000381469727,12.600000381469727,12.600000381469727,12.600000381469727,426,0.0,0.0
2024-10-24 12:55:00-04:00,12.630000114440918,12.630000114440918,12.630000114440918,12.630000114440918,215,0.0,0.0
2024-10-24 13:50:00-04:00,12.625,12.649999618530273,12.625,12.649999618530273,3310,0.0,0.0
2024-10-24 14:45:00-04:00,12.603799819946289,12.603799819946289,12.603799819946289,12.603799819946289,311,0.0,0.0
2024-10-24 15:00:00-04:00,12.614999771118164,12.614999771118164,12.614999771118164,12.614999771118164,201,0.0,0.0
2024-10-24 15:10:00-04:00,12.614999771118164,12.614999771118164,12.614999771118164,12.614999771118164,277,0.0,0.0
2024-10-24 15:50:00-04:00,12.600000381469727,12.630000114440918,12.600000381469727,12.614999771118164,999,0.0,0.0
2024-10-24 15:55:00-04:00,12.614999771118164,12.630000114440918,12.614999771118164,12.619999885559082,697,0.0,0.0
2024-10-25 09:30:00-04:00,12.710000038146973,12.710000038146973,12.710000038146973,12.710000038146973,1048,0.0,0.0
2024-10-25 09:35:00-04:00,12.710000038146973,12.770000457763672,12.710000038146973,12.734999656677246,1801,0.0,0.0
2024-10-25 09:40:00-04:00,12.75,12.75,12.75,12.75,100,0.0,0.0
2024-10-25 10:00:00-04:00,12.760000228881836,12.760000228881836,12.760000228881836,12.760000228881836,102,0.0,0.0
2024-10-25 10:55:00-04:00,12.664999961853027,12.664999961853027,12.664999961853027,12.664999961853027,2500,0.0,0.0
2024-10-25 11:20:00-04:00,12.710000038146973,12.710000038146973,12.710000038146973,12.710000038146973,570,0.0,0.0
2024-10-25 13:35:00-04:00,12.675000190734863,12.675000190734863,12.640000343322754,12.640000343322754,7471,0.0,0.0
2024-10-25 13:50:00-04:00,12.625,12.625,12.625,12.625,736,0.0,0.0
2024-10-25 15:40:00-04:00,12.59000015258789,12.59000015258789,12.59000015258789,12.59000015258789,100,0.0,0.0
2024-10-28 09:30:00-04:00,12.579999923706055,12.579999923706055,12.579999923706055,12.579999923706055,0,0.0,0.0
2024-10-28 09:35:00-04:00,12.539999961853027,12.539999961853027,12.539999961853027,12.539999961853027,1803,0.0,0.0
2024-10-28 10:05:00-04:00,12.697999954223633,12.697999954223633,12.697999954223633,12.697999954223633,123,0.0,0.0
2024-10-28 10:35:00-04:00,12.559200286865234,12.559200286865234,12.559200286865234,12.559200286865234,500,0.0,0.0
2024-10-28 10:50:00-04:00,12.579999923706055,12.579999923706055,12.539999961853027,12.5600004196167,4326,0.0,0.0
2024-10-28 11:45:00-04:00,12.529999732971191,12.529999732971191,12.520000457763672,12.520000457763672,1572,0.0,0.0
2024-10-28 12:10:00-04:00,12.600000381469727,12.600000381469727,12.600000381469727,12.600000381469727,126,0.0,0.0
2024-10-28 12:15:00-04:00,12.5600004196167,12.5600004196167,12.5600004196167,12.5600004196167,121,0.0,0.0
2024-10-28 12:40:00-04:00,12.579999923706055,12.579999923706055,12.5600004196167,12.5600004196167,200,0.0,0.0
2024-10-28 12:45:00-04:00,12.529999732971191,12.529999732971191,12.520000457763672,12.520000457763672,1852,0.0,0.0
2024-10-28 12:55:00-04:00,12.5,12.5,12.5,12.5,100,0.0,0.0
2024-10-28 13:00:00-04:00,12.5600004196167,12.5600004196167,12.5600004196167,12.5600004196167,100,0.0,0.0
2024-10-28 13:25:00-04:00,12.517200469970703,12.517200469970703,12.517200469970703,12.517200469970703,1500,0.0,0.0
2024-10-28 14:00:00-04:00,12.5,12.5,12.5,12.5,647,0.0,0.0
2024-10-28 14:40:00-04:00,12.527799606323242,12.527799606323242,12.527799606323242,12.527799606323242,104,0.0,0.0
2024-10-28 15:15:00-04:00,12.39009952545166,12.39009952545166,12.39009952545166,12.39009952545166,793,0.0,0.0
2024-10-28 15:35:00-04:00,12.406000137329102,12.406000137329102,12.406000137329102,12.406000137329102,5912,0.0,0.0
2024-10-28 15:55:00-04:00,12.40999984741211,12.520000457763672,12.40999984741211,12.520000457763672,307,0.0,0.0
2024-10-29 09:30:00-04:00,12.390000343322754,12.399900436401367,12.34000015258789,12.34000015258789,3152,0.0,0.0
2024-10-29 09:35:00-04:00,12.354999542236328,12.390000343322754,12.313300132751465,12.319999694824219,10508,0.0,0.0
2024-10-29 09:40:00-04:00,12.3100004196167,12.319999694824219,12.308600425720215,12.308600425720215,1050,0.0,0.0
2024-10-29 09:45:00-04:00,12.279999732971191,12.281100273132324,12.260000228881836,12.270000457763672,3727,0.0,0.0
2024-10-29 09:50:00-04:00,12.271200180053711,12.271200180053711,12.271200180053711,12.271200180053711,200,0.0,0.0
2024-10-29 09:55:00-04:00,12.270000457763672,12.270000457763672,12.270000457763672,12.270000457763672,231,0.0,0.0
2024-10-29 10:20:00-04:00,12.270000457763672,12.270000457763672,12.220000267028809,12.229999542236328,15583,0.0,0.0
2024-10-29 10:25:00-04:00,12.264399528503418,12.274999618530273,12.260000228881836,12.270000457763672,3037,0.0,0.0
2024-10-29 10:40:00-04:00,12.25,12.25,12.25,12.25,419,0.0,0.0
2024-10-29 10:50:00-04:00,12.276517868041992,12.276517868041992,12.276517868041992,12.276517868041992,139,0.0,0.0
2024-10-29 10:55:00-04:00,12.274999618530273,12.274999618530273,12.274999618530273,12.274999618530273,289,0.0,0.0
2024-10-29 11:15:00-04:00,12.266200065612793,12.266200065612793,12.266200065612793,12.266200065612793,1019,0.0,0.0
2024-10-29 11:20:00-04:00,12.25,12.27869987487793,12.239999771118164,12.241999626159668,3358,0.0,0.0
2024-10-29 11:45:00-04:00,12.255000114440918,12.258500099182129,12.255000114440918,12.258500099182129,669,0.0,0.0
2024-10-29 11:50:00-04:00,12.255000114440918,12.255000114440918,12.255000114440918,12.255000114440918,400,0.0,0.0
2024-10-29 11:55:00-04:00,12.252300262451172,12.270000457763672,12.252300262451172,12.270000457763672,715,0.0,0.0
2024-10-29 12:05:00-04:00,12.266300201416016,12.266300201416016,12.263999938964844,12.263999938964844,1095,0.0,0.0
2024-10-29 12:10:00-04:00,12.255000114440918,12.255000114440918,12.239999771118164,12.2475004196167,2818,0.0,0.0
2024-10-29 12:20:00-04:00,12.266200065612793,12.266200065612793,12.266200065612793,12.266200065612793,227,0.0,0.0
2024-10-29 12:25:00-04:00,12.239999771118164,12.255000114440918,12.239999771118164,12.255000114440918,1919,0.0,0.0
2024-10-29 12:35:00-04:00,12.255000114440918,12.255000114440918,12.239999771118164,12.239999771118164,5314,0.0,0.0
2024-10-29 13:00:00-04:00,12.260000228881836,12.260000228881836,12.260000228881836,12.260000228881836,575,0.0,0.0
2024-10-29 13:05:00-04:00,12.239999771118164,12.239999771118164,12.239999771118164,12.239999771118164,250,0.0,0.0
2024-10-29 13:10:00-04:00,12.24489974975586,12.24489974975586,12.24489974975586,12.24489974975586,456,0.0,0.0
2024-10-29 13:20:00-04:00,12.270000457763672,12.279999732971191,12.270000457763672,12.279999732971191,1513,0.0,0.0
2024-10-29 13:25:00-04:00,12.240099906921387,12.2746000289917,12.240099906921387,12.2746000289917,1931,0.0,0.0
2024-10-29 13:40:00-04:00,12.270000457763672,12.270000457763672,12.270000457763672,12.270000457763672,219,0.0,0.0
2024-10-29 13:55:00-04:00,12.25,12.270000457763672,12.239999771118164,12.240599632263184,5449,0.0,0.0
2024-10-29 14:10:00-04:00,12.25,12.25,12.25,12.25,100,0.0,0.0
2024-10-29 14:15:00-04:00,12.25,12.255000114440918,12.239999771118164,12.255000114440918,4296,0.0,0.0
2024-10-29 14:20:00-04:00,12.239999771118164,12.239999771118164,12.199999809265137,12.199999809265137,2905,0.0,0.0
2024-10-29 14:45:00-04:00,12.229999542236328,12.260000228881836,12.20009994506836,12.260000228881836,3356,0.0,0.0
2024-10-29 15:25:00-04:00,12.213299751281738,12.229900360107422,12.213299751281738,12.229900360107422,532,0.0,0.0
2024-10-29 15:50:00-04:00,12.199999809265137,12.199999809265137,12.199999809265137,12.199999809265137,383,0.0,0.0
2024-10-29 15:55:00-04:00,12.199999809265137,12.229999542236328,12.199999809265137,12.229999542236328,429,0.0,0.0
2024-10-30 09:30:00-04:00,12.239999771118164,12.239999771118164,12.239999771118164,12.239999771118164,1886,0.0,0.0
2024-10-30 10:55:00-04:00,12.2568998336792,12.28499984741211,12.2568998336792,12.28499984741211,1350,0.0,0.0
2024-10-30 11:00:00-04:00,12.25629997253418,12.25629997253418,12.25629997253418,12.25629997253418,1056,0.0,0.0
2024-10-30 11:10:00-04:00,12.260000228881836,12.28320026397705,12.25,12.28320026397705,2900,0.0,0.0
2024-10-30 11:40:00-04:00,12.284600257873535,12.284600257873535,12.284600257873535,12.284600257873535,200,0.0,0.0
2024-10-30 11:45:00-04:00,12.284600257873535,12.284600257873535,12.25,12.25,1000,0.0,0.0
2024-10-30 12:30:00-04:00,12.270600318908691,12.270600318908691,12.270600318908691,12.270600318908691,9516,0.0,0.0
2024-10-30 12:40:00-04:00,12.270700454711914,12.270700454711914,12.270700454711914,12.270700454711914,250,0.0,0.0
2024-10-30 12:45:00-04:00,12.220000267028809,12.220000267028809,12.210000038146973,12.210000038146973,2215,0.0,0.0
2024-10-30 12:50:00-04:00,12.220000267028809,12.220000267028809,12.149999618530273,12.149999618530273,6900,0.0,0.0
2024-10-30 12:55:00-04:00,12.219900131225586,12.219900131225586,12.149999618530273,12.149999618530273,1600,0.0,0.0
2024-10-30 13:00:00-04:00,12.149999618530273,12.149999618530273,12.149999618530273,12.149999618530273,1100,0.0,0.0
2024-10-30 13:05:00-04:00,12.158900260925293,12.158900260925293,12.158900260925293,12.158900260925293,9503,0.0,0.0
2024-10-30 13:15:00-04:00,12.194999694824219,12.194999694824219,12.194999694824219,12.194999694824219,310,0.0,0.0
2024-10-30 13:20:00-04:00,12.175000190734863,12.175000190734863,12.175000190734863,12.175000190734863,1000,0.0,0.0
2024-10-30 13:25:00-04:00,12.180000305175781,12.180000305175781,12.149999618530273,12.170000076293945,5028,0.0,0.0
2024-10-30 13:35:00-04:00,12.145999908447266,12.145999908447266,12.145999908447266,12.145999908447266,2203,0.0,0.0
2024-10-30 13:50:00-04:00,12.160300254821777,12.160300254821777,12.160300254821777,12.160300254821777,205,0.0,0.0
2024-10-30 14:05:00-04:00,12.149999618530273,12.174200057983398,12.140000343322754,12.174200057983398,1357,0.0,0.0
2024-10-30 14:10:00-04:00,12.140000343322754,12.140000343322754,12.140000343322754,12.140000343322754,100,0.0,0.0
2024-10-30 14:30:00-04:00,12.17300033569336,12.17300033569336,12.17300033569336,12.17300033569336,201,0.0,0.0
2024-10-30 14:35:00-04:00,12.140000343322754,12.140000343322754,12.140000343322754,12.140000343322754,101,0.0,0.0
2024-10-30 14:45:00-04:00,12.175000190734863,12.180000305175781,12.154999732971191,12.180000305175781,3300,0.0,0.0
2024-10-30 14:50:00-04:00,12.1899995803833,12.1899995803833,12.180000305175781,12.180000305175781,1035,0.0,0.0
2024-10-30 15:00:00-04:00,12.19629955291748,12.19629955291748,12.19629955291748,12.19629955291748,300,0.0,0.0
2024-10-30 15:15:00-04:00,12.194299697875977,12.202500343322754,12.194299697875977,12.202500343322754,1000,0.0,0.0
2024-10-30 15:35:00-04:00,12.209400177001953,12.209400177001953,12.209400177001953,12.209400177001953,535,0.0,0.0
2024-10-30 15:40:00-04:00,12.180000305175781,12.210000038146973,12.180000305175781,12.210000038146973,326,0.0,0.0
2024-10-30 15:45:00-04:00,12.180000305175781,12.180000305175781,12.180000305175781,12.180000305175781,100,0.0,0.0
2024-10-30 15:55:00-04:00,12.19909954071045,12.19909954071045,12.180000305175781,12.180000305175781,300,0.0,0.0
2024-10-31 09:30:00-04:00,12.229999542236328,12.229999542236328,12.229999542236328,12.229999542236328,0,0.0,0.0
2024-10-31 09:45:00-04:00,12.234999656677246,12.234999656677246,12.234999656677246,12.234999656677246,100,0.0,0.0
2024-10-31 09:50:00-04:00,12.234999656677246,12.234999656677246,12.234999656677246,12.234999656677246,524,0.0,0.0
2024-10-31 10:05:00-04:00,12.234999656677246,12.234999656677246,12.234999656677246,12.234999656677246,102,0.0,0.0
2024-10-31 10:25:00-04:00,12.234999656677246,12.239999771118164,12.234999656677246,12.239999771118164,805,0.0,0.0
2024-10-31 10:40:00-04:00,12.199999809265137,12.199999809265137,12.199999809265137,12.199999809265137,100,0.0,0.0
2024-10-31 10:45:00-04:00,12.244999885559082,12.244999885559082,12.244999885559082,12.244999885559082,101,0.0,0.0
2024-10-31 11:00:00-04:00,12.244999885559082,12.244999885559082,12.244999885559082,12.244999885559082,100,0.0,0.0
2024-10-31 11:15:00-04:00,12.210000038146973,12.210000038146973,12.210000038146973,12.210000038146973,100,0.0,0.0
2024-10-31 11:20:00-04:00,12.244999885559082,12.244999885559082,12.234999656677246,12.234999656677246,1100,0.0,0.0
2024-10-31 11:35:00-04:00,12.234999656677246,12.234999656677246,12.234999656677246,12.234999656677246,101,0.0,0.0
2024-10-31 11:55:00-04:00,12.199999809265137,12.199999809265137,12.199999809265137,12.199999809265137,200,0.0,0.0
2024-10-31 12:10:00-04:00,12.234999656677246,12.234999656677246,12.234999656677246,12.234999656677246,100,0.0,0.0
2024-10-31 12:35:00-04:00,12.270000457763672,12.270000457763672,12.25,12.270000457763672,1708,0.0,0.0
2024-10-31 12:40:00-04:00,12.270000457763672,12.270000457763672,12.270000457763672,12.270000457763672,1262,0.0,0.0
2024-10-31 12:50:00-04:00,12.270000457763672,12.270000457763672,12.270000457763672,12.270000457763672,400,0.0,0.0
2024-10-31 12:55:00-04:00,12.270000457763672,12.270000457763672,12.251199722290039,12.260000228881836,853,0.0,0.0
2024-10-31 13:05:00-04:00,12.270000457763672,12.299099922180176,12.270000457763672,12.299099922180176,2413,0.0,0.0
2024-10-31 13:10:00-04:00,12.289999961853027,12.298399925231934,12.279999732971191,12.279999732971191,3300,0.0,0.0
2024-10-31 13:25:00-04:00,12.295000076293945,12.295000076293945,12.295000076293945,12.295000076293945,129,0.0,0.0
2024-10-31 13:35:00-04:00,12.289999961853027,12.305000305175781,12.289999961853027,12.305000305175781,3892,0.0,0.0
2024-10-31 13:50:00-04:00,12.270000457763672,12.270000457763672,12.270000457763672,12.270000457763672,100,0.0,0.0
2024-10-31 14:00:00-04:00,12.297599792480469,12.297599792480469,12.297599792480469,12.297599792480469,290,0.0,0.0
2024-10-31 14:05:00-04:00,12.289999961853027,12.289999961853027,12.270000457763672,12.279999732971191,300,0.0,0.0
2024-10-31 14:15:00-04:00,12.28499984741211,12.28499984741211,12.28499984741211,12.28499984741211,185,0.0,0.0
2024-10-31 14:20:00-04:00,12.270000457763672,12.279999732971191,12.270000457763672,12.279999732971191,880,0.0,0.0
2024-10-31 14:35:00-04:00,12.279999732971191,12.279999732971191,12.270000457763672,12.27929973602295,2705,0.0,0.0
2024-10-31 14:45:00-04:00,12.270000457763672,12.270000457763672,12.270000457763672,12.270000457763672,432,0.0,0.0
2024-10-31 15:10:00-04:00,12.291299819946289,12.291299819946289,12.291299819946289,12.291299819946289,275,0.0,0.0
2024-10-31 15:15:00-04:00,12.270000457763672,12.270000457763672,12.270000457763672,12.270000457763672,100,0.0,0.0
2024-10-31 15:30:00-04:00,12.2579345703125,12.270000457763672,12.239999771118164,12.270000457763672,1438,0.0,0.0
2024-10-31 15:35:00-04:00,12.255000114440918,12.255000114440918,12.255000114440918,12.255000114440918,173,0.0,0.0
2024-10-31 15:40:00-04:00,12.270000457763672,12.270000457763672,12.254799842834473,12.260000228881836,804,0.0,0.0
2024-10-31 15:45:00-04:00,12.265000343322754,12.265000343322754,12.260000228881836,12.260000228881836,901,0.0,0.0
2024-10-31 15:50:00-04:00,12.260000228881836,12.260000228881836,12.260000228881836,12.260000228881836,152,0.0,0.0
2024-10-31 15:55:00-04:00,12.270000457763672,12.270000457763672,12.270000457763672,12.270000457763672,1178,0.0,0.0
2024-11-01 09:30:00-04:00,12.34000015258789,12.34000015258789,12.34000015258789,12.34000015258789,0,0.0,0.0
2024-11-01 09:35:00-04:00,12.300000190734863,12.344099998474121,12.300000190734863,12.344099998474121,363,0.0,0.0
2024-11-01 09:40:00-04:00,12.324999809265137,12.324999809265137,12.324999809265137,12.324999809265137,210,0.0,0.0
2024-11-01 09:45:00-04:00,12.324999809265137,12.343299865722656,12.28320026397705,12.3149995803833,9951,0.0,0.0
2024-11-01 10:00:00-04:00,12.349900245666504,12.350000381469727,12.349900245666504,12.350000381469727,2690,0.0,0.0
2024-11-01 10:15:00-04:00,12.3149995803833,12.3149995803833,12.3149995803833,12.3149995803833,423,0.0,0.0
2024-11-01 10:40:00-04:00,12.32699966430664,12.32699966430664,12.32699966430664,12.32699966430664,703,0.0,0.0
2024-11-01 10:45:00-04:00,12.320799827575684,12.320799827575684,12.320799827575684,12.320799827575684,121,0.0,0.0
2024-11-01 10:50:00-04:00,12.289999961853027,12.289999961853027,12.289999961853027,12.289999961853027,101,0.0,0.0
2024-11-01 10:55:00-04:00,12.289999961853027,12.289999961853027,12.270000457763672,12.270000457763672,2610,0.0,0.0
2024-11-01 11:00:00-04:00,12.260000228881836,12.260000228881836,12.260000228881836,12.260000228881836,1000,0.0,0.0
2024-11-01 11:05:00-04:00,12.260000228881836,12.260000228881836,12.25,12.25,1843,0.0,0.0
2024-11-01 11:10:00-04:00,12.27239990234375,12.279899597167969,12.247900009155273,12.279899597167969,999,0.0,0.0
2024-11-01 11:15:00-04:00,12.271200180053711,12.271200180053711,12.220000267028809,12.25,3600,0.0,0.0
2024-11-01 11:25:00-04:00,12.255000114440918,12.279999732971191,12.229999542236328,12.255000114440918,8517,0.0,0.0
2024-11-01 11:40:00-04:00,12.260000228881836,12.270000457763672,12.25,12.270000457763672,5911,0.0,0.0
2024-11-01 11:50:00-04:00,12.229999542236328,12.229999542236328,12.1850004196167,12.220000267028809,1753,0.0,0.0
2024-11-01 12:15:00-04:00,12.220000267028809,12.220000267028809,12.220000267028809,12.220000267028809,800,0.0,0.0
2024-11-01 12:40:00-04:00,12.1899995803833,12.1899995803833,12.15999984741211,12.1899995803833,4536,0.0,0.0
2024-11-01 12:50:00-04:00,12.216500282287598,12.216500282287598,12.204999923706055,12.204999923706055,650,0.0,0.0
2024-11-01 12:55:00-04:00,12.220000267028809,12.220000267028809,12.210700035095215,12.210700035095215,990,0.0,0.0
2024-11-01 13:00:00-04:00,12.199999809265137,12.199999809265137,12.190099716186523,12.190099716186523,316,0.0,0.0
2024-11-01 13:05:00-04:00,12.199999809265137,12.199999809265137,12.199999809265137,12.199999809265137,100,0.0,0.0
2024-11-01 13:20:00-04:00,12.204999923706055,12.204999923706055,12.204999923706055,12.204999923706055,200,0.0,0.0
2024-11-01 13:25:00-04:00,12.1899995803833,12.1899995803833,12.1899995803833,12.1899995803833,400,0.0,0.0
2024-11-01 13:30:00-04:00,12.199999809265137,12.199999809265137,12.199999809265137,12.199999809265137,100,0.0,0.0
2024-11-01 13:50:00-04:00,12.170000076293945,12.170000076293945,12.170000076293945,12.170000076293945,580,0.0,0.0
2024-11-01 14:10:00-04:00,12.15999984741211,12.15999984741211,12.15999984741211,12.15999984741211,126,0.0,0.0
2024-11-01 15:10:00-04:00,12.21150016784668,12.21150016784668,12.21150016784668,12.21150016784668,180,0.0,0.0
2024-11-01 15:20:00-04:00,12.1899995803833,12.220000267028809,12.15999984741211,12.1899995803833,5019,0.0,0.0
2024-11-01 15:25:00-04:00,12.220000267028809,12.220000267028809,12.220000267028809,12.220000267028809,200,0.0,0.0
2024-11-01 15:30:00-04:00,12.220000267028809,12.220000267028809,12.1899995803833,12.1899995803833,535,0.0,0.0
2024-11-01 15:35:00-04:00,12.175000190734863,12.175000190734863,12.175000190734863,12.175000190734863,100,0.0,0.0
2024-11-01 15:40:00-04:00,12.1899995803833,12.210000038146973,12.180000305175781,12.1899995803833,13658,0.0,0.0
2024-11-01 15:50:00-04:00,12.199999809265137,12.199999809265137,12.199999809265137,12.199999809265137,104,0.0,0.0
2024-11-01 15:55:00-04:00,12.180000305175781,12.229999542236328,12.180000305175781,12.229999542236328,1553,0.0,0.0
