Datetime,Open,High,Low,Close,Volume,Dividends,Stock Splits
2024-10-03 09:30:00-04:00,3.9000000953674316,3.9000000953674316,3.9000000953674316,3.9000000953674316,1787,0.0,0.0
2024-10-03 09:50:00-04:00,3.879699945449829,3.879699945449829,3.8701000213623047,3.8701000213623047,998,0.0,0.0
2024-10-03 09:55:00-04:00,3.950000047683716,3.950000047683716,3.950000047683716,3.950000047683716,180,0.0,0.0
2024-10-03 10:10:00-04:00,3.950000047683716,3.990000009536743,3.944999933242798,3.944999933242798,2480,0.0,0.0
2024-10-03 10:25:00-04:00,3.9200000762939453,3.990000009536743,3.9200000762939453,3.990000009536743,890,0.0,0.0
2024-10-03 10:40:00-04:00,3.9600000381469727,3.990000009536743,3.9600000381469727,3.990000009536743,1093,0.0,0.0
2024-10-03 10:50:00-04:00,3.9695000648498535,4.010000228881836,3.9695000648498535,4.0,429,0.0,0.0
2024-10-03 11:00:00-04:00,4.010000228881836,4.019999980926514,4.010000228881836,4.0117998123168945,1416,0.0,0.0
2024-10-03 11:05:00-04:00,4.03000020980835,4.059999942779541,4.03000020980835,4.059999942779541,2026,0.0,0.0
2024-10-03 11:10:00-04:00,4.030099868774414,4.045000076293945,4.03000020980835,4.045000076293945,2081,0.0,0.0
2024-10-03 11:15:00-04:00,4.059999942779541,4.059999942779541,4.050000190734863,4.050000190734863,789,0.0,0.0
2024-10-03 11:20:00-04:00,4.034999847412109,4.034999847412109,4.034999847412109,4.034999847412109,569,0.0,0.0
2024-10-03 11:30:00-04:00,4.020999908447266,4.020999908447266,4.020999908447266,4.020999908447266,695,0.0,0.0
2024-10-03 11:35:00-04:00,4.020100116729736,4.020100116729736,4.019999980926514,4.019999980926514,813,0.0,0.0
2024-10-03 11:40:00-04:00,4.020999908447266,4.020999908447266,4.020999908447266,4.020999908447266,502,0.0,0.0
2024-10-03 11:45:00-04:00,4.025000095367432,4.025000095367432,4.025000095367432,4.025000095367432,102,0.0,0.0
2024-10-03 11:55:00-04:00,4.050000190734863,4.050000190734863,4.010000228881836,4.012899875640869,3951,0.0,0.0
2024-10-03 12:15:00-04:00,4.012899875640869,4.039999961853027,4.012899875640869,4.039999961853027,625,0.0,0.0
2024-10-03 12:25:00-04:00,4.010000228881836,4.010000228881836,4.010000228881836,4.010000228881836,296,0.0,0.0
2024-10-03 12:30:00-04:00,4.010000228881836,4.010000228881836,4.0,4.0,738,0.0,0.0
2024-10-03 12:35:00-04:00,3.994999885559082,4.0,3.994999885559082,4.0,638,0.0,0.0
2024-10-03 12:40:00-04:00,4.00600004196167,4.010000228881836,4.00600004196167,4.009900093078613,2012,0.0,0.0
2024-10-03 12:45:00-04:00,3.9800000190734863,3.9800000190734863,3.9800000190734863,3.9800000190734863,210,0.0,0.0
2024-10-03 12:55:00-04:00,3.990000009536743,3.990000009536743,3.990000009536743,3.990000009536743,100,0.0,0.0
2024-10-03 13:00:00-04:00,3.9800000190734863,3.9800000190734863,3.9600000381469727,3.9600000381469727,475,0.0,0.0
2024-10-03 13:15:00-04:00,3.9749999046325684,3.9749999046325684,3.9749999046325684,3.9749999046325684,100,0.0,0.0
2024-10-03 13:20:00-04:00,3.9749999046325684,3.990000009536743,3.9749999046325684,3.990000009536743,400,0.0,0.0
2024-10-03 13:25:00-04:00,3.990000009536743,4.0,3.970099925994873,4.0,1217,0.0,0.0
2024-10-03 13:35:00-04:00,3.9700000286102295,3.9700000286102295,3.9700000286102295,3.9700000286102295,500,0.0,0.0
2024-10-03 13:45:00-04:00,3.970099925994873,3.990000009536743,3.970099925994873,3.990000009536743,1319,0.0,0.0
2024-10-03 14:00:00-04:00,3.9700000286102295,3.9700000286102295,3.9700000286102295,3.9700000286102295,199,0.0,0.0
2024-10-03 14:15:00-04:00,3.9600000381469727,3.9600000381469727,3.9600000381469727,3.9600000381469727,115,0.0,0.0
2024-10-03 14:20:00-04:00,3.9600000381469727,3.9600000381469727,3.950000047683716,3.950000047683716,1672,0.0,0.0
2024-10-03 14:25:00-04:00,3.950000047683716,3.950000047683716,3.949899911880493,3.950000047683716,1356,0.0,0.0
2024-10-03 14:45:00-04:00,3.940000057220459,3.950000047683716,3.940000057220459,3.940000057220459,717,0.0,0.0
2024-10-03 14:50:00-04:00,3.940000057220459,3.940000057220459,3.930000066757202,3.940000057220459,1620,0.0,0.0
2024-10-03 14:55:00-04:00,3.940000057220459,3.950000047683716,3.940000057220459,3.940000057220459,3453,0.0,0.0
2024-10-03 15:00:00-04:00,3.950000047683716,3.9600000381469727,3.950000047683716,3.9600000381469727,638,0.0,0.0
2024-10-03 15:20:00-04:00,3.9600000381469727,3.990000009536743,3.9600000381469727,3.990000009536743,935,0.0,0.0
2024-10-03 15:30:00-04:00,3.9600000381469727,3.9649999141693115,3.9600000381469727,3.9649999141693115,370,0.0,0.0
2024-10-03 15:35:00-04:00,3.965100049972534,3.9800000190734863,3.965100049972534,3.9800000190734863,747,0.0,0.0
2024-10-03 15:40:00-04:00,3.9800000190734863,3.9800000190734863,3.9707999229431152,3.9800000190734863,981,0.0,0.0
2024-10-03 15:45:00-04:00,3.9700000286102295,3.9700000286102295,3.9700000286102295,3.9700000286102295,120,0.0,0.0
2024-10-03 15:50:00-04:00,3.9700000286102295,3.9700000286102295,3.950000047683716,3.950000047683716,1013,0.0,0.0
2024-10-03 15:55:00-04:00,3.950000047683716,4.010000228881836,3.950000047683716,4.0,20628,0.0,0.0
2024-10-04 09:30:00-04:00,4.039999961853027,4.039999961853027,4.039999961853027,4.039999961853027,279,0.0,0.0
2024-10-04 09:40:00-04:00,4.019999980926514,4.019999980926514,4.010700225830078,4.010700225830078,1464,0.0,0.0
2024-10-04 09:45:00-04:00,4.013500213623047,4.013500213623047,4.010000228881836,4.010000228881836,394,0.0,0.0
2024-10-04 09:50:00-04:00,4.010000228881836,4.010000228881836,4.010000228881836,4.010000228881836,10061,0.0,0.0
2024-10-04 09:55:00-04:00,4.017099857330322,4.017099857330322,4.017099857330322,4.017099857330322,1377,0.0,0.0
2024-10-04 10:00:00-04:00,3.994999885559082,4.0,3.950000047683716,4.0,954,0.0,0.0
2024-10-04 10:05:00-04:00,3.9800000190734863,3.9800000190734863,3.9000000953674316,3.9000000953674316,1051,0.0,0.0
2024-10-04 10:15:00-04:00,3.990000009536743,3.990000009536743,3.990000009536743,3.990000009536743,244,0.0,0.0
2024-10-04 10:25:00-04:00,3.9200000762939453,3.990000009536743,3.9100000858306885,3.940000057220459,2867,0.0,0.0
2024-10-04 10:30:00-04:00,3.924999952316284,3.940000057220459,3.924999952316284,3.940000057220459,723,0.0,0.0
2024-10-04 10:55:00-04:00,3.950000047683716,3.950000047683716,3.950000047683716,3.950000047683716,314,0.0,0.0
2024-10-04 11:10:00-04:00,3.990000009536743,3.990000009536743,3.990000009536743,3.990000009536743,136,0.0,0.0
2024-10-04 11:20:00-04:00,3.9600000381469727,3.984999895095825,3.950000047683716,3.984999895095825,600,0.0,0.0
2024-10-04 11:25:00-04:00,3.950000047683716,3.950000047683716,3.950000047683716,3.950000047683716,194,0.0,0.0
2024-10-04 11:40:00-04:00,3.9500999450683594,3.9500999450683594,3.9500999450683594,3.9500999450683594,226,0.0,0.0
2024-10-04 11:45:00-04:00,3.9649999141693115,3.9649999141693115,3.9649999141693115,3.9649999141693115,241,0.0,0.0
2024-10-04 11:50:00-04:00,3.950000047683716,3.9700000286102295,3.930000066757202,3.940000057220459,6134,0.0,0.0
2024-10-04 12:00:00-04:00,3.9200000762939453,3.9200000762939453,3.9200000762939453,3.9200000762939453,367,0.0,0.0
2024-10-04 12:10:00-04:00,3.9200000762939453,3.9800000190734863,3.9200000762939453,3.9600000381469727,2868,0.0,0.0
2024-10-04 12:15:00-04:00,3.9600000381469727,3.9600000381469727,3.9600000381469727,3.9600000381469727,125,0.0,0.0
2024-10-04 12:30:00-04:00,3.940000057220459,3.940000057220459,3.940000057220459,3.940000057220459,100,0.0,0.0
2024-10-04 12:45:00-04:00,3.940000057220459,3.940000057220459,3.940000057220459,3.940000057220459,202,0.0,0.0
2024-10-04 12:55:00-04:00,3.9700000286102295,3.990000009536743,3.9600000381469727,3.9700000286102295,6327,0.0,0.0
2024-10-04 13:00:00-04:00,3.9800000190734863,4.014999866485596,3.9800000190734863,4.014999866485596,2377,0.0,0.0
2024-10-04 13:05:00-04:00,4.010000228881836,4.010000228881836,4.010000228881836,4.010000228881836,604,0.0,0.0
2024-10-04 13:20:00-04:00,4.03000020980835,4.03000020980835,4.0,4.0,2211,0.0,0.0
2024-10-04 13:25:00-04:00,4.019999980926514,4.019999980926514,4.019999980926514,4.019999980926514,328,0.0,0.0
2024-10-04 13:30:00-04:00,4.0,4.0,4.0,4.0,753,0.0,0.0
2024-10-04 13:50:00-04:00,3.9800000190734863,3.990000009536743,3.9800000190734863,3.990000009536743,900,0.0,0.0
2024-10-04 13:55:00-04:00,3.990000009536743,3.990000009536743,3.9800000190734863,3.984999895095825,854,0.0,0.0
2024-10-04 14:00:00-04:00,3.984999895095825,3.984999895095825,3.984999895095825,3.984999895095825,161,0.0,0.0
2024-10-04 14:05:00-04:00,3.984999895095825,4.0,3.984999895095825,4.0,2222,0.0,0.0
2024-10-04 14:15:00-04:00,3.9800000190734863,3.9800000190734863,3.9800000190734863,3.9800000190734863,545,0.0,0.0
2024-10-04 14:20:00-04:00,3.9800000190734863,3.9800000190734863,3.9800000190734863,3.9800000190734863,337,0.0,0.0
2024-10-04 14:30:00-04:00,3.990000009536743,4.0,3.990000009536743,4.0,601,0.0,0.0
2024-10-04 14:40:00-04:00,3.9900999069213867,4.0,3.990000009536743,4.0,3730,0.0,0.0
2024-10-04 14:45:00-04:00,4.0,4.0,4.0,4.0,650,0.0,0.0
2024-10-04 14:55:00-04:00,4.0,4.010000228881836,3.990000009536743,4.002099990844727,1113,0.0,0.0
2024-10-04 15:05:00-04:00,4.0,4.0,4.0,4.0,1176,0.0,0.0
2024-10-04 15:10:00-04:00,3.990000009536743,3.990000009536743,3.984999895095825,3.984999895095825,386,0.0,0.0
2024-10-04 15:30:00-04:00,3.994999885559082,3.994999885559082,3.994999885559082,3.994999885559082,487,0.0,0.0
2024-10-04 15:35:00-04:00,4.0,4.0,3.9700000286102295,3.984999895095825,662,0.0,0.0
2024-10-04 15:40:00-04:00,3.984999895095825,4.0,3.9700000286102295,3.994999885559082,5134,0.0,0.0
2024-10-04 15:45:00-04:00,4.010000228881836,4.010000228881836,3.9800000190734863,3.990000009536743,2124,0.0,0.0
2024-10-04 15:50:00-04:00,3.990000009536743,4.010000228881836,3.9800000190734863,3.994999885559082,3028,0.0,0.0
2024-10-04 15:55:00-04:00,3.994999885559082,4.010000228881836,3.9800000190734863,4.0,7404,0.0,0.0
2024-10-07 09:40:00-04:00,4.050899982452393,4.050899982452393,4.050899982452393,4.050899982452393,2294,0.0,0.0
2024-10-07 09:45:00-04:00,4.010000228881836,4.010000228881836,3.990000009536743,3.990000009536743,1003,0.0,0.0
2024-10-07 09:50:00-04:00,4.014999866485596,4.014999866485596,4.014999866485596,4.014999866485596,634,0.0,0.0
2024-10-07 10:00:00-04:00,3.9800000190734863,3.9800000190734863,3.9800000190734863,3.9800000190734863,487,0.0,0.0
2024-10-07 10:10:00-04:00,3.990000009536743,3.990000009536743,3.9800000190734863,3.9800000190734863,882,0.0,0.0
2024-10-07 10:20:00-04:00,3.9800000190734863,3.9800000190734863,3.9800000190734863,3.9800000190734863,471,0.0,0.0
2024-10-07 10:30:00-04:00,3.990000009536743,3.990000009536743,3.9800000190734863,3.9800000190734863,891,0.0,0.0
2024-10-07 10:40:00-04:00,3.9800000190734863,3.9800000190734863,3.9800000190734863,3.9800000190734863,689,0.0,0.0
2024-10-07 10:55:00-04:00,3.9800000190734863,3.9800000190734863,3.9798998832702637,3.9798998832702637,1544,0.0,0.0
2024-10-07 11:05:00-04:00,3.9700000286102295,3.9700000286102295,3.9700000286102295,3.9700000286102295,796,0.0,0.0
2024-10-07 11:10:00-04:00,3.9800000190734863,3.9800000190734863,3.9800000190734863,3.9800000190734863,383,0.0,0.0
2024-10-07 11:25:00-04:00,3.9700000286102295,3.9700000286102295,3.950000047683716,3.950000047683716,1229,0.0,0.0
2024-10-07 11:30:00-04:00,3.950000047683716,3.9800000190734863,3.940000057220459,3.9800000190734863,6232,0.0,0.0
2024-10-07 11:35:00-04:00,3.9749999046325684,3.9749999046325684,3.9749999046325684,3.9749999046325684,116,0.0,0.0
2024-10-07 11:40:00-04:00,3.950000047683716,3.9700000286102295,3.940000057220459,3.940000057220459,1057,0.0,0.0
2024-10-07 12:25:00-04:00,3.930000066757202,3.930000066757202,3.930000066757202,3.930000066757202,400,0.0,0.0
2024-10-07 12:30:00-04:00,3.930000066757202,3.931999921798706,3.9200000762939453,3.9200000762939453,2245,0.0,0.0
2024-10-07 12:50:00-04:00,3.9000000953674316,3.9000000953674316,3.9000000953674316,3.9000000953674316,296,0.0,0.0
2024-10-07 13:10:00-04:00,3.9000000953674316,3.9000000953674316,3.9000000953674316,3.9000000953674316,164,0.0,0.0
2024-10-07 13:20:00-04:00,3.9000000953674316,3.9000000953674316,3.9000000953674316,3.9000000953674316,1675,0.0,0.0
2024-10-07 13:25:00-04:00,3.9100000858306885,3.9100000858306885,3.9100000858306885,3.9100000858306885,139,0.0,0.0
2024-10-07 13:30:00-04:00,3.890000104904175,3.890000104904175,3.890000104904175,3.890000104904175,986,0.0,0.0
2024-10-07 14:00:00-04:00,3.9189999103546143,3.9200000762939453,3.9189999103546143,3.9200000762939453,1533,0.0,0.0
2024-10-07 14:10:00-04:00,3.9100000858306885,3.944999933242798,3.9100000858306885,3.930000066757202,2491,0.0,0.0
2024-10-07 14:45:00-04:00,3.9000000953674316,3.9000000953674316,3.890000104904175,3.890000104904175,946,0.0,0.0
2024-10-07 14:50:00-04:00,3.9149999618530273,3.9149999618530273,3.9149999618530273,3.9149999618530273,293,0.0,0.0
2024-10-07 15:00:00-04:00,3.890000104904175,3.890000104904175,3.890000104904175,3.890000104904175,288,0.0,0.0
2024-10-07 15:05:00-04:00,3.890000104904175,3.9100000858306885,3.890000104904175,3.890000104904175,2418,0.0,0.0
2024-10-07 15:15:00-04:00,3.890000104904175,3.890000104904175,3.890000104904175,3.890000104904175,158,0.0,0.0
2024-10-07 15:20:00-04:00,3.880000114440918,3.880000114440918,3.880000114440918,3.880000114440918,137,0.0,0.0
2024-10-07 15:25:00-04:00,3.880000114440918,3.880000114440918,3.880000114440918,3.880000114440918,396,0.0,0.0
2024-10-07 15:30:00-04:00,3.8499999046325684,3.850100040435791,3.799999952316284,3.809999942779541,5830,0.0,0.0
2024-10-07 15:35:00-04:00,3.8299999237060547,3.8299999237060547,3.809999942779541,3.819999933242798,2240,0.0,0.0
2024-10-07 15:40:00-04:00,3.8399999141693115,3.8399999141693115,3.819999933242798,3.819999933242798,1721,0.0,0.0
2024-10-07 15:45:00-04:00,3.799999952316284,3.8350000381469727,3.799999952316284,3.8350000381469727,3485,0.0,0.0
2024-10-07 15:50:00-04:00,3.8399999141693115,3.8399999141693115,3.8299999237060547,3.8299999237060547,3795,0.0,0.0
2024-10-07 15:55:00-04:00,3.8299999237060547,3.859999895095825,3.809999942779541,3.809999942779541,6930,0.0,0.0
2024-10-08 09:30:00-04:00,3.809999942779541,3.990000009536743,3.809999942779541,3.8889000415802,15719,0.0,0.0
2024-10-08 09:45:00-04:00,3.914599895477295,3.914599895477295,3.914599895477295,3.914599895477295,816,0.0,0.0
2024-10-08 09:55:00-04:00,3.9600000381469727,3.9600000381469727,3.8499999046325684,3.8499999046325684,1136,0.0,0.0
2024-10-08 10:00:00-04:00,3.925800085067749,3.950000047683716,3.925800085067749,3.950000047683716,292,0.0,0.0
2024-10-08 10:10:00-04:00,3.8882999420166016,3.8882999420166016,3.8499999046325684,3.8499999046325684,420,0.0,0.0
2024-10-08 10:35:00-04:00,3.922300100326538,3.922300100326538,3.8499999046325684,3.8499999046325684,560,0.0,0.0
2024-10-08 10:40:00-04:00,3.890000104904175,3.890000104904175,3.890000104904175,3.890000104904175,219,0.0,0.0
2024-10-08 10:55:00-04:00,3.9000000953674316,3.9000000953674316,3.9000000953674316,3.9000000953674316,250,0.0,0.0
2024-10-08 11:00:00-04:00,3.9100000858306885,3.930000066757202,3.869999885559082,3.930000066757202,2700,0.0,0.0
2024-10-08 11:05:00-04:00,3.9000000953674316,3.9200000762939453,3.9000000953674316,3.9200000762939453,595,0.0,0.0
2024-10-08 11:10:00-04:00,3.9149999618530273,3.930000066757202,3.8499999046325684,3.884999990463257,6167,0.0,0.0
2024-10-08 11:15:00-04:00,3.930000066757202,3.930000066757202,3.9200000762939453,3.930000066757202,644,0.0,0.0
2024-10-08 11:30:00-04:00,3.850100040435791,3.9100000858306885,3.850100040435791,3.859999895095825,1427,0.0,0.0
2024-10-08 11:40:00-04:00,3.8766000270843506,3.8766000270843506,3.8766000270843506,3.8766000270843506,305,0.0,0.0
2024-10-08 11:45:00-04:00,3.8499999046325684,3.9000000953674316,3.8499999046325684,3.875,409,0.0,0.0
2024-10-08 11:50:00-04:00,3.875,3.875,3.875,3.875,110,0.0,0.0
2024-10-08 11:55:00-04:00,3.882499933242798,3.882499933242798,3.882499933242798,3.882499933242798,289,0.0,0.0
2024-10-08 12:10:00-04:00,3.876300096511841,3.9000000953674316,3.876300096511841,3.9000000953674316,728,0.0,0.0
2024-10-08 12:15:00-04:00,3.8870999813079834,3.9000000953674316,3.8870999813079834,3.9000000953674316,1891,0.0,0.0
2024-10-08 12:20:00-04:00,3.9000000953674316,3.9200000762939453,3.9000000953674316,3.9200000762939453,932,0.0,0.0
2024-10-08 12:25:00-04:00,3.9049999713897705,3.9049999713897705,3.9049999713897705,3.9049999713897705,100,0.0,0.0
2024-10-08 12:45:00-04:00,3.9049999713897705,3.9049999713897705,3.9049999713897705,3.9049999713897705,135,0.0,0.0
2024-10-08 12:50:00-04:00,3.9000000953674316,3.9000000953674316,3.880000114440918,3.9000000953674316,5387,0.0,0.0
2024-10-08 13:00:00-04:00,3.875,3.875,3.875,3.875,100,0.0,0.0
2024-10-08 13:05:00-04:00,3.8499999046325684,3.8499999046325684,3.8499999046325684,3.8499999046325684,203,0.0,0.0
2024-10-08 13:10:00-04:00,3.875,3.875,3.875,3.875,100,0.0,0.0
2024-10-08 13:20:00-04:00,3.8499999046325684,3.865000009536743,3.8499999046325684,3.865000009536743,331,0.0,0.0
2024-10-08 13:25:00-04:00,3.856600046157837,3.8684000968933105,3.856600046157837,3.8684000968933105,1706,0.0,0.0
2024-10-08 13:30:00-04:00,3.869999885559082,3.880000114440918,3.869999885559082,3.869999885559082,500,0.0,0.0
2024-10-08 13:35:00-04:00,3.859999895095825,3.880000114440918,3.859999895095825,3.865000009536743,585,0.0,0.0
2024-10-08 13:40:00-04:00,3.8785998821258545,3.880000114440918,3.859999895095825,3.859999895095825,479,0.0,0.0
2024-10-08 13:45:00-04:00,3.869999885559082,3.869999885559082,3.859999895095825,3.859999895095825,2691,0.0,0.0
2024-10-08 14:05:00-04:00,3.8499999046325684,3.859999895095825,3.8499999046325684,3.8499999046325684,986,0.0,0.0
2024-10-08 14:15:00-04:00,3.850100040435791,3.850100040435791,3.8399999141693115,3.8499999046325684,10035,0.0,0.0
2024-10-08 14:20:00-04:00,3.8499999046325684,3.8499999046325684,3.8399999141693115,3.8499999046325684,50638,0.0,0.0
2024-10-08 14:25:00-04:00,3.8499999046325684,3.9200000762939453,3.8499999046325684,3.8949999809265137,8012,0.0,0.0
2024-10-08 14:35:00-04:00,3.9200000762939453,3.9200000762939453,3.9200000762939453,3.9200000762939453,200,0.0,0.0
2024-10-08 14:40:00-04:00,3.9200000762939453,3.9200000762939453,3.9200000762939453,3.9200000762939453,157,0.0,0.0
2024-10-08 14:50:00-04:00,3.890000104904175,3.890000104904175,3.890000104904175,3.890000104904175,100,0.0,0.0
2024-10-08 14:55:00-04:00,3.9200000762939453,3.9200000762939453,3.890000104904175,3.890000104904175,537,0.0,0.0
2024-10-08 15:00:00-04:00,3.890000104904175,3.9200000762939453,3.890000104904175,3.9200000762939453,305,0.0,0.0
2024-10-08 15:05:00-04:00,3.9200000762939453,3.9200000762939453,3.9200000762939453,3.9200000762939453,309,0.0,0.0
2024-10-08 15:10:00-04:00,3.9200000762939453,3.9200000762939453,3.9200000762939453,3.9200000762939453,357,0.0,0.0
2024-10-08 15:15:00-04:00,3.890000104904175,3.890000104904175,3.890000104904175,3.890000104904175,147,0.0,0.0
2024-10-08 15:20:00-04:00,3.890000104904175,3.890000104904175,3.859999895095825,3.890000104904175,852,0.0,0.0
2024-10-08 15:25:00-04:00,3.890000104904175,3.890000104904175,3.890000104904175,3.890000104904175,246,0.0,0.0
2024-10-08 15:30:00-04:00,3.880000114440918,3.890000104904175,3.869999885559082,3.890000104904175,846,0.0,0.0
2024-10-08 15:35:00-04:00,3.8949999809265137,3.8949999809265137,3.880000114440918,3.880000114440918,598,0.0,0.0
2024-10-08 15:40:00-04:00,3.9100000858306885,3.930000066757202,3.9000000953674316,3.909899950027466,4331,0.0,0.0
2024-10-08 15:45:00-04:00,3.9000000953674316,3.9200000762939453,3.9000000953674316,3.9200000762939453,581,0.0,0.0
2024-10-08 15:50:00-04:00,3.9149999618530273,3.924999952316284,3.9000000953674316,3.924999952316284,2806,0.0,0.0
2024-10-08 15:55:00-04:00,3.924999952316284,3.940000057220459,3.9100000858306885,3.9100000858306885,5251,0.0,0.0
2024-10-09 09:30:00-04:00,3.930000066757202,3.930000066757202,3.8499999046325684,3.8499999046325684,4684,0.0,0.0
2024-10-09 09:45:00-04:00,3.8480000495910645,3.8480000495910645,3.8301000595092773,3.8301000595092773,478,0.0,0.0
2024-10-09 09:55:00-04:00,3.8399999141693115,3.8399999141693115,3.8399999141693115,3.8399999141693115,100,0.0,0.0
2024-10-09 10:00:00-04:00,3.865000009536743,3.865000009536743,3.865000009536743,3.865000009536743,614,0.0,0.0
2024-10-09 10:05:00-04:00,3.869999885559082,3.869999885559082,3.869999885559082,3.869999885559082,197,0.0,0.0
2024-10-09 10:25:00-04:00,3.8499999046325684,3.8499999046325684,3.8499999046325684,3.8499999046325684,153,0.0,0.0
2024-10-09 10:30:00-04:00,3.873300075531006,3.8798999786376953,3.871799945831299,3.8798999786376953,3472,0.0,0.0
2024-10-09 10:40:00-04:00,3.8499999046325684,3.8499999046325684,3.8499999046325684,3.8499999046325684,100,0.0,0.0
2024-10-09 10:50:00-04:00,3.869999885559082,3.869999885559082,3.8499999046325684,3.8499999046325684,201,0.0,0.0
2024-10-09 10:55:00-04:00,3.8499999046325684,3.850100040435791,3.799999952316284,3.8101000785827637,7518,0.0,0.0
2024-10-09 11:00:00-04:00,3.799999952316284,3.799999952316284,3.799999952316284,3.799999952316284,1180,0.0,0.0
2024-10-09 11:05:00-04:00,3.809999942779541,3.809999942779541,3.7899999618530273,3.7899999618530273,3528,0.0,0.0
2024-10-09 11:10:00-04:00,3.8099000453948975,3.8118999004364014,3.799999952316284,3.8118999004364014,3179,0.0,0.0
2024-10-09 11:20:00-04:00,3.819999933242798,3.848599910736084,3.819999933242798,3.848599910736084,5423,0.0,0.0
2024-10-09 11:40:00-04:00,3.8299999237060547,3.8299999237060547,3.8299999237060547,3.8299999237060547,110,0.0,0.0
2024-10-09 11:45:00-04:00,3.819999933242798,3.819999933242798,3.809999942779541,3.809999942779541,790,0.0,0.0
2024-10-09 11:50:00-04:00,3.8259999752044678,3.8499999046325684,3.8259999752044678,3.8499999046325684,3300,0.0,0.0
2024-10-09 12:00:00-04:00,3.849900007247925,3.849900007247925,3.849900007247925,3.849900007247925,218,0.0,0.0
2024-10-09 12:10:00-04:00,3.799999952316284,3.799999952316284,3.799999952316284,3.799999952316284,330,0.0,0.0
2024-10-09 12:20:00-04:00,3.8359999656677246,3.8399999141693115,3.7799999713897705,3.809999942779541,3110,0.0,0.0
2024-10-09 12:30:00-04:00,3.805000066757202,3.8499999046325684,3.7899999618530273,3.8499999046325684,5626,0.0,0.0
2024-10-09 12:35:00-04:00,3.8499999046325684,3.880000114440918,3.8299999237060547,3.880000114440918,1619,0.0,0.0
2024-10-09 12:40:00-04:00,3.8299999237060547,3.8299999237060547,3.8299999237060547,3.8299999237060547,180,0.0,0.0
2024-10-09 13:15:00-04:00,3.8299999237060547,3.8299999237060547,3.8299999237060547,3.8299999237060547,100,0.0,0.0
2024-10-09 13:20:00-04:00,3.8301000595092773,3.8301000595092773,3.8301000595092773,3.8301000595092773,188,0.0,0.0
2024-10-09 13:30:00-04:00,3.8299999237060547,3.8299999237060547,3.8299999237060547,3.8299999237060547,489,0.0,0.0
2024-10-09 14:05:00-04:00,3.839900016784668,3.8399999141693115,3.839900016784668,3.8399999141693115,1200,0.0,0.0
2024-10-09 14:10:00-04:00,3.799999952316284,3.809999942779541,3.799999952316284,3.809999942779541,1073,0.0,0.0
2024-10-09 14:20:00-04:00,3.8299999237060547,3.8299999237060547,3.809999942779541,3.809999942779541,4133,0.0,0.0
2024-10-09 14:25:00-04:00,3.809999942779541,3.809999942779541,3.809999942779541,3.809999942779541,107,0.0,0.0
2024-10-09 14:35:00-04:00,3.810499906539917,3.810499906539917,3.810499906539917,3.810499906539917,865,0.0,0.0
2024-10-09 14:40:00-04:00,3.809999942779541,3.809999942779541,3.809999942779541,3.809999942779541,661,0.0,0.0
2024-10-09 14:45:00-04:00,3.799999952316284,3.799999952316284,3.7899999618530273,3.7899999618530273,2202,0.0,0.0
2024-10-09 14:50:00-04:00,3.7950000762939453,3.7950000762939453,3.75,3.7699999809265137,4994,0.0,0.0
2024-10-09 14:55:00-04:00,3.75,3.7699999809265137,3.739000082015991,3.76990008354187,33325,0.0,0.0
2024-10-09 15:00:00-04:00,3.7699999809265137,3.7899999618530273,3.7699999809265137,3.7899999618530273,2733,0.0,0.0
2024-10-09 15:10:00-04:00,3.7850000858306885,3.7850000858306885,3.7600998878479004,3.7634999752044678,5732,0.0,0.0
2024-10-09 15:15:00-04:00,3.7750000953674316,3.7797000408172607,3.759999990463257,3.7797000408172607,3003,0.0,0.0
2024-10-09 15:20:00-04:00,3.7739999294281006,3.7739999294281006,3.759999990463257,3.759999990463257,327,0.0,0.0
2024-10-09 15:25:00-04:00,3.75,3.7699999809265137,3.75,3.759999990463257,1141,0.0,0.0
2024-10-09 15:30:00-04:00,3.759999990463257,3.7799999713897705,3.759999990463257,3.7799999713897705,6010,0.0,0.0
2024-10-09 15:35:00-04:00,3.7699999809265137,3.799999952316284,3.759999990463257,3.7839999198913574,4990,0.0,0.0
2024-10-09 15:40:00-04:00,3.7799999713897705,3.809999942779541,3.759999990463257,3.8099000453948975,8090,0.0,0.0
2024-10-09 15:45:00-04:00,3.8299999237060547,3.884999990463257,3.819999933242798,3.819999933242798,32264,0.0,0.0
2024-10-09 15:50:00-04:00,3.880000114440918,3.9100000858306885,3.7799999713897705,3.880000114440918,13221,0.0,0.0
2024-10-09 15:55:00-04:00,3.880000114440918,3.8949999809265137,3.880000114440918,3.880000114440918,20446,0.0,0.0
2024-10-10 09:30:00-04:00,3.8499999046325684,3.8499999046325684,3.8499999046325684,3.8499999046325684,709,0.0,0.0
2024-10-10 09:35:00-04:00,3.780100107192993,3.780100107192993,3.780100107192993,3.780100107192993,2652,0.0,0.0
2024-10-10 09:40:00-04:00,3.780100107192993,3.780100107192993,3.780100107192993,3.780100107192993,350,0.0,0.0
2024-10-10 10:00:00-04:00,3.815000057220459,3.815000057220459,3.815000057220459,3.815000057220459,147,0.0,0.0
2024-10-10 10:05:00-04:00,3.799999952316284,3.799999952316284,3.7799999713897705,3.7799999713897705,7236,0.0,0.0
2024-10-10 10:10:00-04:00,3.806999921798706,3.809999942779541,3.7799999713897705,3.7799999713897705,2051,0.0,0.0
2024-10-10 10:15:00-04:00,3.7799999713897705,3.799999952316284,3.7799999713897705,3.7950000762939453,4043,0.0,0.0
2024-10-10 10:20:00-04:00,3.7799999713897705,3.7799999713897705,3.7799999713897705,3.7799999713897705,1431,0.0,0.0
2024-10-10 10:25:00-04:00,3.7799999713897705,3.7799999713897705,3.7799999713897705,3.7799999713897705,3994,0.0,0.0
2024-10-10 10:30:00-04:00,3.7799999713897705,3.809999942779541,3.7799999713897705,3.799999952316284,7450,0.0,0.0
2024-10-10 10:35:00-04:00,3.7950000762939453,3.7950000762939453,3.7899999618530273,3.7899999618530273,1505,0.0,0.0
2024-10-10 10:40:00-04:00,3.809999942779541,3.809999942779541,3.809999942779541,3.809999942779541,110,0.0,0.0
2024-10-10 10:45:00-04:00,3.7950000762939453,3.809999942779541,3.7950000762939453,3.8099000453948975,3100,0.0,0.0
2024-10-10 10:50:00-04:00,3.825000047683716,3.825000047683716,3.825000047683716,3.825000047683716,1412,0.0,0.0
2024-10-10 11:00:00-04:00,3.809999942779541,3.809999942779541,3.809999942779541,3.809999942779541,265,0.0,0.0
2024-10-10 11:05:00-04:00,3.809999942779541,3.809999942779541,3.809999942779541,3.809999942779541,639,0.0,0.0
2024-10-10 11:20:00-04:00,3.809999942779541,3.809999942779541,3.7950000762939453,3.7950000762939453,4099,0.0,0.0
2024-10-10 11:25:00-04:00,3.7950000762939453,3.809999942779541,3.7950000762939453,3.806999921798706,5511,0.0,0.0
2024-10-10 11:30:00-04:00,3.8199000358581543,3.8199000358581543,3.8199000358581543,3.8199000358581543,1033,0.0,0.0
2024-10-10 11:35:00-04:00,3.8285999298095703,3.8285999298095703,3.8231000900268555,3.8231000900268555,402,0.0,0.0
2024-10-10 11:40:00-04:00,3.8345000743865967,3.8345000743865967,3.8213999271392822,3.8213999271392822,403,0.0,0.0
2024-10-10 11:45:00-04:00,3.819999933242798,3.819999933242798,3.809999942779541,3.809999942779541,660,0.0,0.0
2024-10-10 11:50:00-04:00,3.809999942779541,3.809999942779541,3.783900022506714,3.783900022506714,1104,0.0,0.0
2024-10-10 12:05:00-04:00,3.7799999713897705,3.7950000762939453,3.7799999713897705,3.7950000762939453,1717,0.0,0.0
2024-10-10 12:10:00-04:00,3.799999952316284,3.819999933242798,3.7999000549316406,3.819999933242798,5674,0.0,0.0
2024-10-10 12:30:00-04:00,3.8183999061584473,3.819999933242798,3.799999952316284,3.809999942779541,3191,0.0,0.0
2024-10-10 12:35:00-04:00,3.815000057220459,3.819999933242798,3.815000057220459,3.819999933242798,1814,0.0,0.0
2024-10-10 12:40:00-04:00,3.8259999752044678,3.8299999237060547,3.8259999752044678,3.829900026321411,11615,0.0,0.0
2024-10-10 12:45:00-04:00,3.8299999237060547,3.8299999237060547,3.819999933242798,3.8299999237060547,5338,0.0,0.0
2024-10-10 12:50:00-04:00,3.8299999237060547,3.8299999237060547,3.8299999237060547,3.8299999237060547,117,0.0,0.0
2024-10-10 12:55:00-04:00,3.809999942779541,3.809999942779541,3.809999942779541,3.809999942779541,223,0.0,0.0
2024-10-10 13:05:00-04:00,3.831199884414673,3.831199884414673,3.7799999713897705,3.7799999713897705,257,0.0,0.0
2024-10-10 13:20:00-04:00,3.809999942779541,3.809999942779541,3.799999952316284,3.799999952316284,1154,0.0,0.0
2024-10-10 13:30:00-04:00,3.819999933242798,3.8299999237060547,3.815999984741211,3.8299999237060547,2425,0.0,0.0
2024-10-10 13:45:00-04:00,3.809999942779541,3.819999933242798,3.809999942779541,3.819999933242798,1230,0.0,0.0
2024-10-10 13:50:00-04:00,3.819999933242798,3.819999933242798,3.815200090408325,3.815200090408325,1952,0.0,0.0
2024-10-10 14:05:00-04:00,3.7899999618530273,3.7899999618530273,3.7899999618530273,3.7899999618530273,189,0.0,0.0
2024-10-10 14:25:00-04:00,3.7899999618530273,3.7899999618530273,3.7899999618530273,3.7899999618530273,100,0.0,0.0
2024-10-10 14:30:00-04:00,3.799999952316284,3.809999942779541,3.7899999618530273,3.7999000549316406,9935,0.0,0.0
2024-10-10 14:35:00-04:00,3.7899999618530273,3.7899999618530273,3.7899999618530273,3.7899999618530273,217,0.0,0.0
2024-10-10 14:45:00-04:00,3.799999952316284,3.8299999237060547,3.7999000549316406,3.8299999237060547,5262,0.0,0.0
2024-10-10 15:00:00-04:00,3.809999942779541,3.809999942779541,3.809999942779541,3.809999942779541,395,0.0,0.0
2024-10-10 15:05:00-04:00,3.799999952316284,3.799999952316284,3.7799999713897705,3.7899999618530273,1007,0.0,0.0
2024-10-10 15:10:00-04:00,3.809999942779541,3.809999942779541,3.809999942779541,3.809999942779541,1906,0.0,0.0
2024-10-10 15:25:00-04:00,3.819999933242798,3.819999933242798,3.814300060272217,3.819999933242798,5373,0.0,0.0
2024-10-10 15:35:00-04:00,3.8299999237060547,3.8399999141693115,3.809999942779541,3.809999942779541,4229,0.0,0.0
2024-10-10 15:45:00-04:00,3.815000057220459,3.815000057220459,3.815000057220459,3.815000057220459,105,0.0,0.0
2024-10-10 15:50:00-04:00,3.815000057220459,3.8399999141693115,3.815000057220459,3.815000057220459,1554,0.0,0.0
2024-10-10 15:55:00-04:00,3.8299999237060547,3.859999895095825,3.799999952316284,3.819999933242798,1816,0.0,0.0
2024-10-11 09:30:00-04:00,3.809999942779541,3.813499927520752,3.7799999713897705,3.7799999713897705,661,0.0,0.0
2024-10-11 09:50:00-04:00,3.799999952316284,3.799999952316284,3.799999952316284,3.799999952316284,279,0.0,0.0
2024-10-11 09:55:00-04:00,3.809999942779541,3.809999942779541,3.799999952316284,3.799999952316284,11103,0.0,0.0
2024-10-11 10:00:00-04:00,3.8399999141693115,3.8399999141693115,3.8399999141693115,3.8399999141693115,629,0.0,0.0
2024-10-11 10:20:00-04:00,3.8450000286102295,3.8450000286102295,3.8450000286102295,3.8450000286102295,465,0.0,0.0
2024-10-11 10:35:00-04:00,3.8499999046325684,3.8499999046325684,3.8499999046325684,3.8499999046325684,203,0.0,0.0
2024-10-11 10:40:00-04:00,3.8708999156951904,3.8708999156951904,3.8708999156951904,3.8708999156951904,347,0.0,0.0
2024-10-11 10:45:00-04:00,3.8299999237060547,3.8299999237060547,3.8299999237060547,3.8299999237060547,813,0.0,0.0
2024-10-11 10:50:00-04:00,3.8366000652313232,3.8399999141693115,3.8366000652313232,3.8399999141693115,1171,0.0,0.0
2024-10-11 10:55:00-04:00,3.8399999141693115,3.8399999141693115,3.8399999141693115,3.8399999141693115,1104,0.0,0.0
2024-10-11 11:00:00-04:00,3.8301000595092773,3.8301000595092773,3.8299999237060547,3.8299999237060547,1470,0.0,0.0
2024-10-11 11:05:00-04:00,3.819999933242798,3.819999933242798,3.799999952316284,3.809999942779541,5474,0.0,0.0
2024-10-11 11:10:00-04:00,3.819999933242798,3.8299999237060547,3.819999933242798,3.824399948120117,1028,0.0,0.0
2024-10-11 11:15:00-04:00,3.819999933242798,3.819999933242798,3.819999933242798,3.819999933242798,840,0.0,0.0
2024-10-11 11:25:00-04:00,3.819999933242798,3.819999933242798,3.819999933242798,3.819999933242798,762,0.0,0.0
2024-10-11 11:30:00-04:00,3.8359999656677246,3.859999895095825,3.8359999656677246,3.859999895095825,302,0.0,0.0
2024-10-11 11:35:00-04:00,3.819999933242798,3.819999933242798,3.819999933242798,3.819999933242798,737,0.0,0.0
2024-10-11 11:40:00-04:00,3.8399999141693115,3.8399999141693115,3.8399999141693115,3.8399999141693115,798,0.0,0.0
2024-10-11 11:50:00-04:00,3.819999933242798,3.819999933242798,3.819999933242798,3.819999933242798,1004,0.0,0.0
2024-10-11 11:55:00-04:00,3.809999942779541,3.809999942779541,3.809999942779541,3.809999942779541,831,0.0,0.0
2024-10-11 12:05:00-04:00,3.8215999603271484,3.8215999603271484,3.799999952316284,3.819999933242798,3748,0.0,0.0
2024-10-11 12:15:00-04:00,3.8299999237060547,3.8350000381469727,3.809999942779541,3.809999942779541,644,0.0,0.0
2024-10-11 12:20:00-04:00,3.816200017929077,3.816200017929077,3.809999942779541,3.809999942779541,853,0.0,0.0
2024-10-11 12:25:00-04:00,3.8550000190734863,3.8550000190734863,3.8299999237060547,3.8299999237060547,604,0.0,0.0
2024-10-11 12:30:00-04:00,3.809999942779541,3.809999942779541,3.809999942779541,3.809999942779541,888,0.0,0.0
2024-10-11 12:35:00-04:00,3.819999933242798,3.819999933242798,3.819999933242798,3.819999933242798,262,0.0,0.0
2024-10-11 12:40:00-04:00,3.819999933242798,3.819999933242798,3.819999933242798,3.819999933242798,267,0.0,0.0
2024-10-11 12:45:00-04:00,3.799999952316284,3.799999952316284,3.799999952316284,3.799999952316284,103,0.0,0.0
2024-10-11 12:50:00-04:00,3.799999952316284,3.799999952316284,3.799999952316284,3.799999952316284,1750,0.0,0.0
2024-10-11 13:00:00-04:00,3.799999952316284,3.815000057220459,3.799999952316284,3.813999891281128,1062,0.0,0.0
2024-10-11 13:05:00-04:00,3.799999952316284,3.8299999237060547,3.7799999713897705,3.8299999237060547,14249,0.0,0.0
2024-10-11 13:15:00-04:00,3.819999933242798,3.8399999141693115,3.819999933242798,3.8399999141693115,1273,0.0,0.0
2024-10-11 13:20:00-04:00,3.8399999141693115,3.8399999141693115,3.8399999141693115,3.8399999141693115,913,0.0,0.0
2024-10-11 13:25:00-04:00,3.8334999084472656,3.8334999084472656,3.8334999084472656,3.8334999084472656,708,0.0,0.0
2024-10-11 13:30:00-04:00,3.8499999046325684,3.8499999046325684,3.8399999141693115,3.8399999141693115,302,0.0,0.0
2024-10-11 13:35:00-04:00,3.8399999141693115,3.8399999141693115,3.8399999141693115,3.8399999141693115,1200,0.0,0.0
2024-10-11 13:40:00-04:00,3.8299999237060547,3.8308000564575195,3.819999933242798,3.8299999237060547,9707,0.0,0.0
2024-10-11 13:55:00-04:00,3.819999933242798,3.819999933242798,3.799999952316284,3.799999952316284,1261,0.0,0.0
2024-10-11 14:00:00-04:00,3.825000047683716,3.825000047683716,3.825000047683716,3.825000047683716,107,0.0,0.0
2024-10-11 14:05:00-04:00,3.8399999141693115,3.8499999046325684,3.825000047683716,3.8299999237060547,1042,0.0,0.0
2024-10-11 14:10:00-04:00,3.834199905395508,3.8350000381469727,3.834199905395508,3.8350000381469727,438,0.0,0.0
2024-10-11 14:15:00-04:00,3.819999933242798,3.8350000381469727,3.819999933242798,3.8350000381469727,908,0.0,0.0
2024-10-11 14:20:00-04:00,3.8350000381469727,3.8350000381469727,3.8350000381469727,3.8350000381469727,310,0.0,0.0
2024-10-11 14:30:00-04:00,3.819999933242798,3.859999895095825,3.819999933242798,3.8550000190734863,4091,0.0,0.0
2024-10-11 14:35:00-04:00,3.8550000190734863,3.859999895095825,3.8499999046325684,3.8499999046325684,512,0.0,0.0
2024-10-11 14:40:00-04:00,3.8550000190734863,3.8550000190734863,3.8550000190734863,3.8550000190734863,108,0.0,0.0
2024-10-11 14:50:00-04:00,3.8399999141693115,3.859999895095825,3.8399999141693115,3.8399999141693115,3340,0.0,0.0
2024-10-11 14:55:00-04:00,3.8545000553131104,3.8545000553131104,3.8299999237060547,3.8499999046325684,12539,0.0,0.0
2024-10-11 15:00:00-04:00,3.8550000190734863,3.8550000190734863,3.8550000190734863,3.8550000190734863,238,0.0,0.0
2024-10-11 15:10:00-04:00,3.8399999141693115,3.8399999141693115,3.8399999141693115,3.8399999141693115,933,0.0,0.0
2024-10-11 15:15:00-04:00,3.8499999046325684,3.8949999809265137,3.8499999046325684,3.8949999809265137,3610,0.0,0.0
2024-10-11 15:20:00-04:00,3.8949999809265137,3.8949999809265137,3.8949999809265137,3.8949999809265137,984,0.0,0.0
2024-10-11 15:30:00-04:00,3.890500068664551,3.8949999809265137,3.859999895095825,3.859999895095825,23485,0.0,0.0
2024-10-11 15:35:00-04:00,3.859999895095825,3.867000102996826,3.8301000595092773,3.8301000595092773,9334,0.0,0.0
2024-10-11 15:40:00-04:00,3.865000009536743,3.865000009536743,3.865000009536743,3.865000009536743,107,0.0,0.0
2024-10-11 15:45:00-04:00,3.859999895095825,3.880000114440918,3.859999895095825,3.880000114440918,965,0.0,0.0
2024-10-11 15:50:00-04:00,3.9049999713897705,3.9100000858306885,3.880000114440918,3.890000104904175,3601,0.0,0.0
2024-10-11 15:55:00-04:00,3.9000000953674316,3.9200000762939453,3.869999885559082,3.884999990463257,13776,0.0,0.0
2024-10-14 09:30:00-04:00,3.9100000858306885,3.9100000858306885,3.9100000858306885,3.9100000858306885,440,0.0,0.0
2024-10-14 09:35:00-04:00,3.884999990463257,3.884999990463257,3.884999990463257,3.884999990463257,261,0.0,0.0
2024-10-14 09:40:00-04:00,3.9100000858306885,3.9100000858306885,3.9100000858306885,3.9100000858306885,239,0.0,0.0
2024-10-14 09:45:00-04:00,3.840399980545044,3.840399980545044,3.840399980545044,3.840399980545044,540,0.0,0.0
2024-10-14 09:55:00-04:00,3.8301000595092773,3.865000009536743,3.8301000595092773,3.865000009536743,741,0.0,0.0
2024-10-14 10:05:00-04:00,3.8499999046325684,3.8499999046325684,3.8299999237060547,3.8499999046325684,12580,0.0,0.0
2024-10-14 10:10:00-04:00,3.8301000595092773,3.8499999046325684,3.8301000595092773,3.8499999046325684,2304,0.0,0.0
2024-10-14 10:15:00-04:00,3.8499999046325684,3.8499999046325684,3.819999933242798,3.819999933242798,3165,0.0,0.0
2024-10-14 10:20:00-04:00,3.8399999141693115,3.8399999141693115,3.8399999141693115,3.8399999141693115,7329,0.0,0.0
2024-10-14 10:25:00-04:00,3.8499999046325684,3.884999990463257,3.8499999046325684,3.884999990463257,11126,0.0,0.0
2024-10-14 10:30:00-04:00,3.850600004196167,3.850600004196167,3.850600004196167,3.850600004196167,1105,0.0,0.0
2024-10-14 10:40:00-04:00,3.890000104904175,3.890000104904175,3.890000104904175,3.890000104904175,246,0.0,0.0
2024-10-14 10:55:00-04:00,3.8499999046325684,3.8499999046325684,3.8499999046325684,3.8499999046325684,406,0.0,0.0
2024-10-14 11:30:00-04:00,3.859999895095825,3.859999895095825,3.8433001041412354,3.8433001041412354,1024,0.0,0.0
2024-10-14 11:35:00-04:00,3.8399999141693115,3.8399999141693115,3.8399999141693115,3.8399999141693115,362,0.0,0.0
2024-10-14 11:50:00-04:00,3.848299980163574,3.848299980163574,3.848299980163574,3.848299980163574,223,0.0,0.0
2024-10-14 12:05:00-04:00,3.854300022125244,3.859999895095825,3.854300022125244,3.859999895095825,3729,0.0,0.0
2024-10-14 12:20:00-04:00,3.859999895095825,3.859999895095825,3.859999895095825,3.859999895095825,108,0.0,0.0
2024-10-14 12:25:00-04:00,3.8399999141693115,3.8399999141693115,3.8399999141693115,3.8399999141693115,483,0.0,0.0
2024-10-14 12:40:00-04:00,3.867500066757202,3.869999885559082,3.867500066757202,3.869999885559082,419,0.0,0.0
2024-10-14 12:45:00-04:00,3.8499999046325684,3.8499999046325684,3.819999933242798,3.819999933242798,14221,0.0,0.0
2024-10-14 12:50:00-04:00,3.8299999237060547,3.859999895095825,3.8299999237060547,3.859999895095825,812,0.0,0.0
2024-10-14 12:55:00-04:00,3.8299999237060547,3.8299999237060547,3.8299999237060547,3.8299999237060547,100,0.0,0.0
2024-10-14 13:00:00-04:00,3.8299999237060547,3.8399999141693115,3.809999942779541,3.8399999141693115,2052,0.0,0.0
2024-10-14 13:10:00-04:00,3.8299999237060547,3.8499999046325684,3.8299999237060547,3.8399999141693115,2529,0.0,0.0
2024-10-14 13:15:00-04:00,3.8299999237060547,3.8299999237060547,3.8299999237060547,3.8299999237060547,307,0.0,0.0
2024-10-14 13:20:00-04:00,3.809999942779541,3.8399999141693115,3.809999942779541,3.8399999141693115,12288,0.0,0.0
2024-10-14 13:25:00-04:00,3.8299999237060547,3.8299999237060547,3.8299999237060547,3.8299999237060547,1783,0.0,0.0
2024-10-14 13:30:00-04:00,3.8499999046325684,3.8499999046325684,3.8499999046325684,3.8499999046325684,297,0.0,0.0
2024-10-14 13:50:00-04:00,3.8499999046325684,3.869999885559082,3.8399999141693115,3.869999885559082,4000,0.0,0.0
2024-10-14 13:55:00-04:00,3.880000114440918,3.880000114440918,3.859999895095825,3.875,5225,0.0,0.0
2024-10-14 14:00:00-04:00,3.890000104904175,3.9000000953674316,3.890000104904175,3.9000000953674316,4968,0.0,0.0
2024-10-14 14:10:00-04:00,3.8949999809265137,3.8949999809265137,3.890000104904175,3.890000104904175,600,0.0,0.0
2024-10-14 14:15:00-04:00,3.8933000564575195,3.8949999809265137,3.890000104904175,3.8949999809265137,1324,0.0,0.0
2024-10-14 14:20:00-04:00,3.8901000022888184,3.9100000858306885,3.8901000022888184,3.900099992752075,3359,0.0,0.0
2024-10-14 14:25:00-04:00,3.9049999713897705,3.930000066757202,3.9049999713897705,3.9200000762939453,5306,0.0,0.0
2024-10-14 14:30:00-04:00,3.9200000762939453,3.9200000762939453,3.9151999950408936,3.9151999950408936,1373,0.0,0.0
2024-10-14 14:35:00-04:00,3.9149999618530273,3.924999952316284,3.9049999713897705,3.9100000858306885,5704,0.0,0.0
2024-10-14 14:40:00-04:00,3.9100000858306885,3.9100000858306885,3.9049999713897705,3.9049999713897705,2030,0.0,0.0
2024-10-14 14:45:00-04:00,3.9000000953674316,3.9100000858306885,3.9000000953674316,3.9100000858306885,631,0.0,0.0
2024-10-14 14:50:00-04:00,3.9100000858306885,3.9200000762939453,3.9100000858306885,3.9186999797821045,514,0.0,0.0
2024-10-14 14:55:00-04:00,3.9200000762939453,3.9200000762939453,3.910900115966797,3.9200000762939453,2935,0.0,0.0
2024-10-14 15:00:00-04:00,3.930000066757202,3.944999933242798,3.930000066757202,3.944999933242798,4075,0.0,0.0
2024-10-14 15:05:00-04:00,3.950000047683716,3.9549999237060547,3.9200000762939453,3.9200000762939453,10957,0.0,0.0
2024-10-14 15:10:00-04:00,3.940000057220459,3.940000057220459,3.930000066757202,3.930000066757202,559,0.0,0.0
2024-10-14 15:15:00-04:00,3.930000066757202,4.014999866485596,3.930000066757202,4.014999866485596,9058,0.0,0.0
2024-10-14 15:20:00-04:00,4.034999847412109,4.050000190734863,4.005300045013428,4.005300045013428,5526,0.0,0.0
2024-10-14 15:25:00-04:00,4.0,4.0,3.940000057220459,3.950000047683716,5108,0.0,0.0
2024-10-14 15:30:00-04:00,3.950000047683716,3.950000047683716,3.9149999618530273,3.935699939727783,4465,0.0,0.0
2024-10-14 15:35:00-04:00,3.9200000762939453,3.924999952316284,3.9200000762939453,3.924999952316284,370,0.0,0.0
2024-10-14 15:40:00-04:00,3.9200000762939453,3.9200000762939453,3.890000104904175,3.9049999713897705,3380,0.0,0.0
2024-10-14 15:45:00-04:00,3.9100000858306885,3.9100000858306885,3.869999885559082,3.869999885559082,3690,0.0,0.0
2024-10-14 15:50:00-04:00,3.875,3.930000066757202,3.875,3.9100000858306885,12003,0.0,0.0
2024-10-14 15:55:00-04:00,3.9200000762939453,3.950000047683716,3.890000104904175,3.9000000953674316,15405,0.0,0.0
2024-10-15 09:30:00-04:00,3.9100000858306885,3.9100000858306885,3.9100000858306885,3.9100000858306885,9832,0.0,0.0
2024-10-15 09:35:00-04:00,3.999500036239624,3.999500036239624,3.999500036239624,3.999500036239624,276,0.0,0.0
2024-10-15 09:45:00-04:00,3.992500066757202,3.992500066757202,3.992500066757202,3.992500066757202,672,0.0,0.0
2024-10-15 10:00:00-04:00,3.950000047683716,3.950000047683716,3.950000047683716,3.950000047683716,202,0.0,0.0
2024-10-15 10:05:00-04:00,3.931299924850464,3.931299924850464,3.931299924850464,3.931299924850464,306,0.0,0.0
2024-10-15 10:10:00-04:00,3.930000066757202,3.930000066757202,3.930000066757202,3.930000066757202,152,0.0,0.0
2024-10-15 10:15:00-04:00,3.9000000953674316,3.9000000953674316,3.9000000953674316,3.9000000953674316,154,0.0,0.0
2024-10-15 10:30:00-04:00,3.9000000953674316,3.9000000953674316,3.880000114440918,3.8879001140594482,1409,0.0,0.0
2024-10-15 10:40:00-04:00,3.880000114440918,3.880000114440918,3.880000114440918,3.880000114440918,240,0.0,0.0
2024-10-15 10:50:00-04:00,3.890000104904175,3.890000104904175,3.890000104904175,3.890000104904175,667,0.0,0.0
2024-10-15 11:05:00-04:00,3.8780999183654785,3.8929998874664307,3.8780999183654785,3.8780999183654785,4630,0.0,0.0
2024-10-15 11:10:00-04:00,3.8601999282836914,3.875,3.859999895095825,3.875,3737,0.0,0.0
2024-10-15 11:40:00-04:00,3.875,3.890000104904175,3.859999895095825,3.859999895095825,14691,0.0,0.0
2024-10-15 11:45:00-04:00,3.8499999046325684,3.869999885559082,3.8499999046325684,3.869999885559082,417,0.0,0.0
2024-10-15 11:50:00-04:00,3.869999885559082,3.869999885559082,3.859999895095825,3.859999895095825,264,0.0,0.0
2024-10-15 11:55:00-04:00,3.8499999046325684,3.8499999046325684,3.8399999141693115,3.8499999046325684,2556,0.0,0.0
2024-10-15 12:00:00-04:00,3.859999895095825,3.859999895095825,3.859999895095825,3.859999895095825,172,0.0,0.0
2024-10-15 12:05:00-04:00,3.8399999141693115,3.8399999141693115,3.8399999141693115,3.8399999141693115,100,0.0,0.0
2024-10-15 12:10:00-04:00,3.859999895095825,3.859999895095825,3.859999895095825,3.859999895095825,1685,0.0,0.0
2024-10-15 12:15:00-04:00,3.859999895095825,3.859999895095825,3.859999895095825,3.859999895095825,660,0.0,0.0
2024-10-15 12:20:00-04:00,3.861299991607666,3.861299991607666,3.861299991607666,3.861299991607666,122,0.0,0.0
2024-10-15 12:35:00-04:00,3.869999885559082,3.869999885559082,3.8513998985290527,3.8513998985290527,350,0.0,0.0
2024-10-15 12:40:00-04:00,3.859999895095825,3.859999895095825,3.859999895095825,3.859999895095825,214,0.0,0.0
2024-10-15 12:50:00-04:00,3.8499999046325684,3.8499999046325684,3.8499999046325684,3.8499999046325684,551,0.0,0.0
2024-10-15 12:55:00-04:00,3.8499999046325684,3.8499999046325684,3.8499999046325684,3.8499999046325684,303,0.0,0.0
2024-10-15 13:00:00-04:00,3.8399999141693115,3.849900007247925,3.8299999237060547,3.848299980163574,2687,0.0,0.0
2024-10-15 13:05:00-04:00,3.8485000133514404,3.8485000133514404,3.8485000133514404,3.8485000133514404,154,0.0,0.0
2024-10-15 13:10:00-04:00,3.8299999237060547,3.8299999237060547,3.8299999237060547,3.8299999237060547,2967,0.0,0.0
2024-10-15 13:30:00-04:00,3.8285999298095703,3.8299999237060547,3.809999942779541,3.809999942779541,763,0.0,0.0
2024-10-15 13:35:00-04:00,3.8285000324249268,3.8285000324249268,3.8155999183654785,3.819999933242798,2908,0.0,0.0
2024-10-15 13:45:00-04:00,3.825000047683716,3.825000047683716,3.825000047683716,3.825000047683716,100,0.0,0.0
2024-10-15 13:50:00-04:00,3.825000047683716,3.8299999237060547,3.825000047683716,3.8299999237060547,926,0.0,0.0
2024-10-15 14:00:00-04:00,3.8299999237060547,3.8299999237060547,3.8299999237060547,3.8299999237060547,206,0.0,0.0
2024-10-15 14:10:00-04:00,3.8299999237060547,3.8399999141693115,3.8299999237060547,3.8399999141693115,1297,0.0,0.0
2024-10-15 14:15:00-04:00,3.8399999141693115,3.8499999046325684,3.8399999141693115,3.8499999046325684,1533,0.0,0.0
2024-10-15 14:25:00-04:00,3.8499999046325684,3.8515000343322754,3.8499999046325684,3.8515000343322754,1307,0.0,0.0
2024-10-15 14:35:00-04:00,3.8499999046325684,3.8499999046325684,3.8399999141693115,3.8399999141693115,319,0.0,0.0
2024-10-15 14:55:00-04:00,3.8399999141693115,3.840100049972534,3.809999942779541,3.809999942779541,5178,0.0,0.0
2024-10-15 15:05:00-04:00,3.837399959564209,3.8399999141693115,3.825000047683716,3.825000047683716,2185,0.0,0.0
2024-10-15 15:15:00-04:00,3.825000047683716,3.825000047683716,3.825000047683716,3.825000047683716,307,0.0,0.0
2024-10-15 15:20:00-04:00,3.825000047683716,3.825000047683716,3.809999942779541,3.825000047683716,453,0.0,0.0
2024-10-15 15:25:00-04:00,3.825000047683716,3.825000047683716,3.825000047683716,3.825000047683716,843,0.0,0.0
2024-10-15 15:30:00-04:00,3.8399999141693115,3.8399999141693115,3.809999942779541,3.809999942779541,1202,0.0,0.0
2024-10-15 15:35:00-04:00,3.819999933242798,3.8299999237060547,3.819999933242798,3.819999933242798,956,0.0,0.0
2024-10-15 15:40:00-04:00,3.8299999237060547,3.8299999237060547,3.825000047683716,3.825000047683716,1240,0.0,0.0
2024-10-15 15:45:00-04:00,3.8399999141693115,3.8499999046325684,3.8350000381469727,3.8350000381469727,1616,0.0,0.0
2024-10-15 15:50:00-04:00,3.819999933242798,3.846400022506714,3.809999942779541,3.8299999237060547,3919,0.0,0.0
2024-10-15 15:55:00-04:00,3.809999942779541,3.859999895095825,3.809999942779541,3.8450000286102295,3669,0.0,0.0
2024-10-16 09:30:00-04:00,3.8499999046325684,3.8499999046325684,3.8499999046325684,3.8499999046325684,3211,0.0,0.0
2024-10-16 09:40:00-04:00,3.9100000858306885,3.9100000858306885,3.869999885559082,3.869999885559082,809,0.0,0.0
2024-10-16 10:00:00-04:00,3.8301000595092773,3.8301000595092773,3.8301000595092773,3.8301000595092773,970,0.0,0.0
2024-10-16 10:30:00-04:00,3.8499999046325684,3.8499999046325684,3.8499999046325684,3.8499999046325684,203,0.0,0.0
2024-10-16 10:40:00-04:00,3.859999895095825,3.859999895095825,3.859999895095825,3.859999895095825,529,0.0,0.0
2024-10-16 11:05:00-04:00,3.859999895095825,3.859999895095825,3.8499999046325684,3.8499999046325684,1159,0.0,0.0
2024-10-16 11:15:00-04:00,3.8299999237060547,3.859999895095825,3.8299999237060547,3.859999895095825,775,0.0,0.0
2024-10-16 11:30:00-04:00,3.8399999141693115,3.8399999141693115,3.8399999141693115,3.8399999141693115,177,0.0,0.0
2024-10-16 11:35:00-04:00,3.8480000495910645,3.8480000495910645,3.8480000495910645,3.8480000495910645,460,0.0,0.0
2024-10-16 11:40:00-04:00,3.8499999046325684,3.8499999046325684,3.8499999046325684,3.8499999046325684,785,0.0,0.0
2024-10-16 11:45:00-04:00,3.8301000595092773,3.8469998836517334,3.8299999237060547,3.8469998836517334,977,0.0,0.0
2024-10-16 11:50:00-04:00,3.8499999046325684,3.869999885559082,3.8499999046325684,3.8589999675750732,4086,0.0,0.0
2024-10-16 11:55:00-04:00,3.8589999675750732,3.890000104904175,3.8589999675750732,3.890000104904175,2454,0.0,0.0
2024-10-16 12:20:00-04:00,3.880000114440918,3.880000114440918,3.880000114440918,3.880000114440918,555,0.0,0.0
2024-10-16 12:30:00-04:00,3.869999885559082,3.880000114440918,3.869999885559082,3.869999885559082,900,0.0,0.0
2024-10-16 12:40:00-04:00,3.890000104904175,3.940000057220459,3.890000104904175,3.940000057220459,21232,0.0,0.0
2024-10-16 13:00:00-04:00,3.927500009536743,3.934999942779541,3.920099973678589,3.920099973678589,4546,0.0,0.0
2024-10-16 13:05:00-04:00,3.9200000762939453,3.934999942779541,3.9100000858306885,3.9100000858306885,3326,0.0,0.0
2024-10-16 13:10:00-04:00,3.9119999408721924,3.9119999408721924,3.9100000858306885,3.9100000858306885,325,0.0,0.0
2024-10-16 13:25:00-04:00,3.9000000953674316,3.9000000953674316,3.9000000953674316,3.9000000953674316,310,0.0,0.0
2024-10-16 13:30:00-04:00,3.9149999618530273,3.930000066757202,3.9149999618530273,3.930000066757202,5196,0.0,0.0
2024-10-16 13:35:00-04:00,3.930000066757202,3.950000047683716,3.930000066757202,3.950000047683716,1844,0.0,0.0
2024-10-16 13:40:00-04:00,3.950000047683716,3.9600000381469727,3.950000047683716,3.955199956893921,8493,0.0,0.0
2024-10-16 13:45:00-04:00,3.9600000381469727,3.9700000286102295,3.9600000381469727,3.9600000381469727,2610,0.0,0.0
2024-10-16 14:00:00-04:00,3.940000057220459,3.940000057220459,3.940000057220459,3.940000057220459,119,0.0,0.0
2024-10-16 14:05:00-04:00,3.940000057220459,3.9549999237060547,3.940000057220459,3.9549999237060547,1159,0.0,0.0
2024-10-16 14:15:00-04:00,3.9549999237060547,3.9549999237060547,3.9549999237060547,3.9549999237060547,155,0.0,0.0
2024-10-16 14:30:00-04:00,3.950000047683716,3.950000047683716,3.934999942779541,3.950000047683716,3325,0.0,0.0
2024-10-16 14:35:00-04:00,3.9649999141693115,3.9649999141693115,3.9649999141693115,3.9649999141693115,705,0.0,0.0
2024-10-16 14:40:00-04:00,3.9700000286102295,3.9700000286102295,3.940000057220459,3.940000057220459,2442,0.0,0.0
2024-10-16 14:45:00-04:00,3.934999942779541,3.934999942779541,3.934999942779541,3.934999942779541,402,0.0,0.0
2024-10-16 14:50:00-04:00,3.934999942779541,3.934999942779541,3.934999942779541,3.934999942779541,600,0.0,0.0
2024-10-16 15:00:00-04:00,3.9100000858306885,3.9100000858306885,3.9100000858306885,3.9100000858306885,405,0.0,0.0
2024-10-16 15:05:00-04:00,3.9100000858306885,3.9100000858306885,3.9100000858306885,3.9100000858306885,296,0.0,0.0
2024-10-16 15:10:00-04:00,3.9100000858306885,3.9100000858306885,3.9100000858306885,3.9100000858306885,112,0.0,0.0
2024-10-16 15:15:00-04:00,3.9200000762939453,3.9200000762939453,3.9200000762939453,3.9200000762939453,222,0.0,0.0
2024-10-16 15:20:00-04:00,3.934999942779541,3.950000047683716,3.934999942779541,3.934999942779541,362,0.0,0.0
2024-10-16 15:25:00-04:00,3.934999942779541,3.934999942779541,3.9200000762939453,3.9200000762939453,676,0.0,0.0
2024-10-16 15:40:00-04:00,3.930000066757202,3.930000066757202,3.930000066757202,3.930000066757202,121,0.0,0.0
2024-10-16 15:50:00-04:00,3.940000057220459,3.940000057220459,3.934999942779541,3.934999942779541,686,0.0,0.0
2024-10-16 15:55:00-04:00,3.924999952316284,3.950000047683716,3.9100000858306885,3.950000047683716,3021,0.0,0.0
2024-10-17 09:30:00-04:00,3.9600000381469727,3.9600000381469727,3.8399999141693115,3.8399999141693115,1728,0.0,0.0
2024-10-17 09:40:00-04:00,3.990000009536743,3.990000009536743,3.990000009536743,3.990000009536743,278,0.0,0.0
2024-10-17 09:45:00-04:00,3.9798998832702637,3.9798998832702637,3.9100000858306885,3.9100000858306885,700,0.0,0.0
2024-10-17 09:50:00-04:00,3.9798998832702637,3.9798998832702637,3.9100000858306885,3.9100000858306885,416,0.0,0.0
2024-10-17 09:55:00-04:00,3.9760000705718994,3.9760000705718994,3.9000000953674316,3.9000000953674316,2181,0.0,0.0
2024-10-17 10:10:00-04:00,3.963900089263916,3.963900089263916,3.963900089263916,3.963900089263916,240,0.0,0.0
2024-10-17 10:20:00-04:00,3.9600000381469727,3.9600000381469727,3.9600000381469727,3.9600000381469727,230,0.0,0.0
2024-10-17 10:25:00-04:00,3.930000066757202,3.930000066757202,3.930000066757202,3.930000066757202,135,0.0,0.0
2024-10-17 10:30:00-04:00,3.930000066757202,3.940000057220459,3.8901000022888184,3.940000057220459,4522,0.0,0.0
2024-10-17 10:35:00-04:00,3.930000066757202,3.9600000381469727,3.930000066757202,3.930000066757202,2300,0.0,0.0
2024-10-17 10:40:00-04:00,3.929800033569336,3.929800033569336,3.929800033569336,3.929800033569336,371,0.0,0.0
2024-10-17 10:45:00-04:00,3.9000000953674316,3.9005000591278076,3.9000000953674316,3.9005000591278076,2028,0.0,0.0
2024-10-17 10:55:00-04:00,3.924999952316284,3.950000047683716,3.9121999740600586,3.950000047683716,2193,0.0,0.0
2024-10-17 11:05:00-04:00,3.924999952316284,3.940000057220459,3.9010000228881836,3.940000057220459,1209,0.0,0.0
2024-10-17 11:10:00-04:00,3.9102001190185547,3.910399913787842,3.9100000858306885,3.9100000858306885,3123,0.0,0.0
2024-10-17 11:15:00-04:00,3.950000047683716,3.950000047683716,3.9100000858306885,3.9100000858306885,5257,0.0,0.0
2024-10-17 11:25:00-04:00,3.869999885559082,3.869999885559082,3.869999885559082,3.869999885559082,3509,0.0,0.0
2024-10-17 11:30:00-04:00,3.880000114440918,3.9200000762939453,3.869999885559082,3.9200000762939453,8994,0.0,0.0
2024-10-17 11:35:00-04:00,3.9200000762939453,3.9200000762939453,3.9200000762939453,3.9200000762939453,566,0.0,0.0
2024-10-17 12:00:00-04:00,3.9200000762939453,3.9200000762939453,3.9200000762939453,3.9200000762939453,263,0.0,0.0
2024-10-17 12:10:00-04:00,3.8801000118255615,3.8801000118255615,3.8801000118255615,3.8801000118255615,167,0.0,0.0
2024-10-17 12:20:00-04:00,3.9049999713897705,3.9049999713897705,3.9049999713897705,3.9049999713897705,138,0.0,0.0
2024-10-17 12:30:00-04:00,3.888400077819824,3.8884999752044678,3.880000114440918,3.8801000118255615,9947,0.0,0.0
2024-10-17 12:35:00-04:00,3.930000066757202,3.930000066757202,3.8499999046325684,3.8499999046325684,5924,0.0,0.0
2024-10-17 12:40:00-04:00,3.9000000953674316,3.9000000953674316,3.9000000953674316,3.9000000953674316,242,0.0,0.0
2024-10-17 12:45:00-04:00,3.9000000953674316,3.9000000953674316,3.9000000953674316,3.9000000953674316,232,0.0,0.0
2024-10-17 12:50:00-04:00,3.890000104904175,3.890000104904175,3.890000104904175,3.890000104904175,132,0.0,0.0
2024-10-17 13:05:00-04:00,3.890000104904175,3.890000104904175,3.8519999980926514,3.869999885559082,3385,0.0,0.0
2024-10-17 13:15:00-04:00,3.890000104904175,3.890000104904175,3.890000104904175,3.890000104904175,255,0.0,0.0
2024-10-17 13:30:00-04:00,3.8701999187469482,3.8701999187469482,3.8701999187469482,3.8701999187469482,1149,0.0,0.0
2024-10-17 13:35:00-04:00,3.890000104904175,3.890000104904175,3.890000104904175,3.890000104904175,841,0.0,0.0
2024-10-17 13:45:00-04:00,3.884999990463257,3.884999990463257,3.8499999046325684,3.8499999046325684,4238,0.0,0.0
2024-10-17 13:55:00-04:00,3.8499999046325684,3.875,3.8499999046325684,3.8499999046325684,861,0.0,0.0
2024-10-17 14:00:00-04:00,3.8499999046325684,3.8505001068115234,3.8499999046325684,3.8505001068115234,1375,0.0,0.0
2024-10-17 14:15:00-04:00,3.8499999046325684,3.8499999046325684,3.8499999046325684,3.8499999046325684,1030,0.0,0.0
2024-10-17 14:20:00-04:00,3.8399999141693115,3.8399999141693115,3.8399999141693115,3.8399999141693115,303,0.0,0.0
2024-10-17 14:30:00-04:00,3.8399999141693115,3.869999885559082,3.8399999141693115,3.8499999046325684,330,0.0,0.0
2024-10-17 14:40:00-04:00,3.8399999141693115,3.8399999141693115,3.8399999141693115,3.8399999141693115,1649,0.0,0.0
2024-10-17 14:45:00-04:00,3.839600086212158,3.8399999141693115,3.839600086212158,3.8399999141693115,205,0.0,0.0
2024-10-17 14:50:00-04:00,3.8410000801086426,3.8480000495910645,3.8410000801086426,3.8480000495910645,516,0.0,0.0
2024-10-17 14:55:00-04:00,3.8350000381469727,3.8350000381469727,3.8350000381469727,3.8350000381469727,112,0.0,0.0
2024-10-17 15:00:00-04:00,3.819999933242798,3.819999933242798,3.819999933242798,3.819999933242798,1256,0.0,0.0
2024-10-17 15:05:00-04:00,3.8399999141693115,3.8399999141693115,3.8399999141693115,3.8399999141693115,1565,0.0,0.0
2024-10-17 15:10:00-04:00,3.8350000381469727,3.849400043487549,3.8350000381469727,3.8350000381469727,587,0.0,0.0
2024-10-17 15:15:00-04:00,3.8350000381469727,3.8350000381469727,3.8350000381469727,3.8350000381469727,239,0.0,0.0
2024-10-17 15:20:00-04:00,3.819999933242798,3.819999933242798,3.819999933242798,3.819999933242798,344,0.0,0.0
2024-10-17 15:25:00-04:00,3.8399999141693115,3.8399999141693115,3.819999933242798,3.819999933242798,904,0.0,0.0
2024-10-17 15:30:00-04:00,3.825000047683716,3.825000047683716,3.825000047683716,3.825000047683716,1155,0.0,0.0
2024-10-17 15:35:00-04:00,3.825000047683716,3.825000047683716,3.809999942779541,3.809999942779541,1034,0.0,0.0
2024-10-17 15:40:00-04:00,3.799999952316284,3.815000057220459,3.799999952316284,3.815000057220459,4651,0.0,0.0
2024-10-17 15:45:00-04:00,3.799999952316284,3.815000057220459,3.799999952316284,3.799999952316284,2908,0.0,0.0
2024-10-17 15:50:00-04:00,3.799999952316284,3.809999942779541,3.7899999618530273,3.809999942779541,1273,0.0,0.0
2024-10-17 15:55:00-04:00,3.7899999618530273,3.809999942779541,3.7799999713897705,3.809999942779541,3238,0.0,0.0
2024-10-18 09:30:00-04:00,3.799999952316284,3.799999952316284,3.799999952316284,3.799999952316284,298,0.0,0.0
2024-10-18 09:35:00-04:00,3.86080002784729,3.870699882507324,3.8399999141693115,3.8399999141693115,500,0.0,0.0
2024-10-18 09:40:00-04:00,3.851599931716919,3.859999895095825,3.8299999237060547,3.8299999237060547,2939,0.0,0.0
2024-10-18 09:45:00-04:00,3.8299999237060547,3.859999895095825,3.8299999237060547,3.8299999237060547,5100,0.0,0.0
2024-10-18 09:50:00-04:00,3.8299999237060547,3.8594000339508057,3.8239998817443848,3.8239998817443848,7101,0.0,0.0
2024-10-18 09:55:00-04:00,3.799999952316284,3.799999952316284,3.799999952316284,3.799999952316284,100,0.0,0.0
2024-10-18 10:00:00-04:00,3.799999952316284,3.829400062561035,3.799999952316284,3.829400062561035,500,0.0,0.0
2024-10-18 10:05:00-04:00,3.812000036239624,3.812000036239624,3.812000036239624,3.812000036239624,226,0.0,0.0
2024-10-18 10:10:00-04:00,3.818000078201294,3.818000078201294,3.818000078201294,3.818000078201294,1149,0.0,0.0
2024-10-18 10:20:00-04:00,3.819999933242798,3.8450000286102295,3.819999933242798,3.8299999237060547,6225,0.0,0.0
2024-10-18 10:25:00-04:00,3.825000047683716,3.825000047683716,3.809999942779541,3.809999942779541,536,0.0,0.0
2024-10-18 10:35:00-04:00,3.809999942779541,3.809999942779541,3.809999942779541,3.809999942779541,152,0.0,0.0
2024-10-18 10:40:00-04:00,3.809999942779541,3.809999942779541,3.809999942779541,3.809999942779541,1201,0.0,0.0
2024-10-18 10:55:00-04:00,3.809999942779541,3.809999942779541,3.7950000762939453,3.809999942779541,4664,0.0,0.0
2024-10-18 11:10:00-04:00,3.809999942779541,3.809999942779541,3.809999942779541,3.809999942779541,2530,0.0,0.0
2024-10-18 11:25:00-04:00,3.799999952316284,3.799999952316284,3.7899999618530273,3.7899999618530273,1638,0.0,0.0
2024-10-18 11:35:00-04:00,3.809999942779541,3.809999942779541,3.809999942779541,3.809999942779541,102,0.0,0.0
2024-10-18 11:40:00-04:00,3.7899999618530273,3.7899999618530273,3.7899999618530273,3.7899999618530273,910,0.0,0.0
2024-10-18 11:50:00-04:00,3.7987000942230225,3.7987000942230225,3.7987000942230225,3.7987000942230225,191,0.0,0.0
2024-10-18 12:10:00-04:00,3.809999942779541,3.809999942779541,3.809999942779541,3.809999942779541,153,0.0,0.0
2024-10-18 12:35:00-04:00,3.805000066757202,3.805000066757202,3.805000066757202,3.805000066757202,257,0.0,0.0
2024-10-18 12:40:00-04:00,3.799999952316284,3.799999952316284,3.799999952316284,3.799999952316284,625,0.0,0.0
2024-10-18 12:55:00-04:00,3.799999952316284,3.800100088119507,3.7899999618530273,3.7899999618530273,1780,0.0,0.0
2024-10-18 13:40:00-04:00,3.809999942779541,3.809999942779541,3.799999952316284,3.809000015258789,600,0.0,0.0
2024-10-18 13:45:00-04:00,3.799999952316284,3.799999952316284,3.7699999809265137,3.7699999809265137,4659,0.0,0.0
2024-10-18 13:50:00-04:00,3.7699999809265137,3.7715001106262207,3.75,3.75,3181,0.0,0.0
2024-10-18 14:00:00-04:00,3.736999988555908,3.736999988555908,3.736999988555908,3.736999988555908,3363,0.0,0.0
2024-10-18 14:05:00-04:00,3.7660000324249268,3.7699999809265137,3.7660000324249268,3.7699999809265137,1000,0.0,0.0
2024-10-18 14:15:00-04:00,3.7699999809265137,3.7699999809265137,3.740000009536743,3.740000009536743,867,0.0,0.0
2024-10-18 14:20:00-04:00,3.740000009536743,3.7713000774383545,3.740000009536743,3.7713000774383545,5301,0.0,0.0
2024-10-18 14:30:00-04:00,3.744999885559082,3.744999885559082,3.740000009536743,3.740000009536743,766,0.0,0.0
2024-10-18 14:40:00-04:00,3.740000009536743,3.769700050354004,3.740000009536743,3.740000009536743,623,0.0,0.0
2024-10-18 14:45:00-04:00,3.740000009536743,3.740000009536743,3.740000009536743,3.740000009536743,722,0.0,0.0
2024-10-18 15:05:00-04:00,3.75,3.759999990463257,3.75,3.759999990463257,952,0.0,0.0
2024-10-18 15:10:00-04:00,3.759999990463257,3.759999990463257,3.740000009536743,3.740000009536743,1047,0.0,0.0
2024-10-18 15:20:00-04:00,3.75,3.75,3.75,3.75,107,0.0,0.0
2024-10-18 15:25:00-04:00,3.76200008392334,3.7699999809265137,3.76200008392334,3.7699999809265137,434,0.0,0.0
2024-10-18 15:30:00-04:00,3.759999990463257,3.759999990463257,3.740000009536743,3.740000009536743,2567,0.0,0.0
2024-10-18 15:35:00-04:00,3.749300003051758,3.749300003051758,3.749300003051758,3.749300003051758,109,0.0,0.0
2024-10-18 15:40:00-04:00,3.740000009536743,3.740000009536743,3.7200000286102295,3.740000009536743,3760,0.0,0.0
2024-10-18 15:45:00-04:00,3.7200000286102295,3.7200000286102295,3.700000047683716,3.7100000381469727,2293,0.0,0.0
2024-10-18 15:55:00-04:00,3.740000009536743,3.740000009536743,3.7100000381469727,3.7200000286102295,2809,0.0,0.0
2024-10-21 09:30:00-04:00,3.7300000190734863,3.7300000190734863,3.7100000381469727,3.7100000381469727,1219,0.0,0.0
2024-10-21 09:45:00-04:00,3.759999990463257,3.759999990463257,3.759999990463257,3.759999990463257,125,0.0,0.0
2024-10-21 09:55:00-04:00,3.7200000286102295,3.7200000286102295,3.7200000286102295,3.7200000286102295,137,0.0,0.0
2024-10-21 10:00:00-04:00,3.75,3.75,3.7100000381469727,3.7100000381469727,1980,0.0,0.0
2024-10-21 10:05:00-04:00,3.7100000381469727,3.7100000381469727,3.700000047683716,3.7100000381469727,3020,0.0,0.0
2024-10-21 10:10:00-04:00,3.680000066757202,3.680000066757202,3.6600000858306885,3.6600000858306885,1023,0.0,0.0
2024-10-21 10:15:00-04:00,3.6600000858306885,3.6600000858306885,3.6600000858306885,3.6600000858306885,285,0.0,0.0
2024-10-21 10:25:00-04:00,3.690000057220459,3.690000057220459,3.6700000762939453,3.6700000762939453,2447,0.0,0.0
2024-10-21 10:30:00-04:00,3.6726999282836914,3.680000066757202,3.6510000228881836,3.6510000228881836,7231,0.0,0.0
2024-10-21 10:35:00-04:00,3.6600000858306885,3.6600000858306885,3.630000114440918,3.6600000858306885,14030,0.0,0.0
2024-10-21 10:45:00-04:00,3.6700000762939453,3.6700000762939453,3.6700000762939453,3.6700000762939453,2311,0.0,0.0
2024-10-21 11:05:00-04:00,3.6549999713897705,3.6549999713897705,3.6549999713897705,3.6549999713897705,2538,0.0,0.0
2024-10-21 11:10:00-04:00,3.6600000858306885,3.6600000858306885,3.6600000858306885,3.6600000858306885,682,0.0,0.0
2024-10-21 11:20:00-04:00,3.6600000858306885,3.6600000858306885,3.6500000953674316,3.6600000858306885,468,0.0,0.0
2024-10-21 11:25:00-04:00,3.6600000858306885,3.6600000858306885,3.6600000858306885,3.6600000858306885,300,0.0,0.0
2024-10-21 11:30:00-04:00,3.6558001041412354,3.6700000762939453,3.6558001041412354,3.6700000762939453,3902,0.0,0.0
2024-10-21 11:35:00-04:00,3.6600000858306885,3.6600000858306885,3.6600000858306885,3.6600000858306885,786,0.0,0.0
2024-10-21 11:40:00-04:00,3.6600000858306885,3.6600000858306885,3.6600000858306885,3.6600000858306885,1369,0.0,0.0
2024-10-21 11:45:00-04:00,3.6600000858306885,3.6600000858306885,3.6600000858306885,3.6600000858306885,400,0.0,0.0
2024-10-21 11:50:00-04:00,3.6600000858306885,3.6600000858306885,3.6600000858306885,3.6600000858306885,750,0.0,0.0
2024-10-21 11:55:00-04:00,3.6600000858306885,3.6600000858306885,3.6600000858306885,3.6600000858306885,101,0.0,0.0
2024-10-21 12:05:00-04:00,3.6600000858306885,3.6600000858306885,3.6500000953674316,3.6600000858306885,1533,0.0,0.0
2024-10-21 12:15:00-04:00,3.6600000858306885,3.6600000858306885,3.6600000858306885,3.6600000858306885,432,0.0,0.0
2024-10-21 12:20:00-04:00,3.6500000953674316,3.6500000953674316,3.6500000953674316,3.6500000953674316,100,0.0,0.0
2024-10-21 12:25:00-04:00,3.6600000858306885,3.6649999618530273,3.6500000953674316,3.6600000858306885,5697,0.0,0.0
2024-10-21 12:30:00-04:00,3.6600000858306885,3.6600000858306885,3.6600000858306885,3.6600000858306885,2703,0.0,0.0
2024-10-21 12:35:00-04:00,3.6600000858306885,3.6600000858306885,3.6600000858306885,3.6600000858306885,100,0.0,0.0
2024-10-21 12:40:00-04:00,3.6600000858306885,3.6600000858306885,3.6600000858306885,3.6600000858306885,1500,0.0,0.0
2024-10-21 12:45:00-04:00,3.6598000526428223,3.6600000858306885,3.6598000526428223,3.6600000858306885,1551,0.0,0.0
2024-10-21 13:05:00-04:00,3.6600000858306885,3.6600000858306885,3.6500000953674316,3.6600000858306885,2449,0.0,0.0
2024-10-21 13:10:00-04:00,3.6600000858306885,3.6600000858306885,3.658900022506714,3.6600000858306885,438,0.0,0.0
2024-10-21 13:20:00-04:00,3.6600000858306885,3.6700000762939453,3.6600000858306885,3.6649999618530273,860,0.0,0.0
2024-10-21 13:25:00-04:00,3.680000066757202,3.680000066757202,3.680000066757202,3.680000066757202,222,0.0,0.0
2024-10-21 13:30:00-04:00,3.6500000953674316,3.6500000953674316,3.6500000953674316,3.6500000953674316,100,0.0,0.0
2024-10-21 13:35:00-04:00,3.6649999618530273,3.6649999618530273,3.6649999618530273,3.6649999618530273,667,0.0,0.0
2024-10-21 13:40:00-04:00,3.6600000858306885,3.6700000762939453,3.6600000858306885,3.6649999618530273,2368,0.0,0.0
2024-10-21 13:45:00-04:00,3.6649999618530273,3.6700000762939453,3.6600000858306885,3.6600000858306885,3015,0.0,0.0
2024-10-21 14:00:00-04:00,3.6600000858306885,3.6600000858306885,3.6600000858306885,3.6600000858306885,219,0.0,0.0
2024-10-21 14:05:00-04:00,3.6600000858306885,3.6600000858306885,3.6600000858306885,3.6600000858306885,356,0.0,0.0
2024-10-21 14:20:00-04:00,3.6600000858306885,3.6600000858306885,3.6600000858306885,3.6600000858306885,100,0.0,0.0
2024-10-21 14:25:00-04:00,3.6698999404907227,3.6698999404907227,3.6698999404907227,3.6698999404907227,180,0.0,0.0
2024-10-21 14:30:00-04:00,3.6600000858306885,3.662899971008301,3.6500000953674316,3.662899971008301,375,0.0,0.0
2024-10-21 14:40:00-04:00,3.6549999713897705,3.6600000858306885,3.6500000953674316,3.6600000858306885,983,0.0,0.0
2024-10-21 14:45:00-04:00,3.6500000953674316,3.6600000858306885,3.6500000953674316,3.6600000858306885,7537,0.0,0.0
2024-10-21 14:55:00-04:00,3.6600000858306885,3.6600000858306885,3.6600000858306885,3.6600000858306885,100,0.0,0.0
2024-10-21 15:00:00-04:00,3.6600000858306885,3.690000057220459,3.6600000858306885,3.690000057220459,7571,0.0,0.0
2024-10-21 15:05:00-04:00,3.674999952316284,3.690000057220459,3.674999952316284,3.687299966812134,1035,0.0,0.0
2024-10-21 15:10:00-04:00,3.674999952316284,3.700000047683716,3.669600009918213,3.700000047683716,3569,0.0,0.0
2024-10-21 15:15:00-04:00,3.700000047683716,3.700000047683716,3.700000047683716,3.700000047683716,106,0.0,0.0
2024-10-21 15:20:00-04:00,3.674999952316284,3.674999952316284,3.674999952316284,3.674999952316284,525,0.0,0.0
2024-10-21 15:30:00-04:00,3.674999952316284,3.690000057220459,3.6600000858306885,3.690000057220459,337,0.0,0.0
2024-10-21 15:40:00-04:00,3.674999952316284,3.690000057220459,3.674999952316284,3.690000057220459,771,0.0,0.0
2024-10-21 15:45:00-04:00,3.690000057220459,3.690000057220459,3.680000066757202,3.680000066757202,543,0.0,0.0
2024-10-21 15:50:00-04:00,3.700000047683716,3.700000047683716,3.680000066757202,3.680000066757202,637,0.0,0.0
2024-10-21 15:55:00-04:00,3.700000047683716,3.7100000381469727,3.680000066757202,3.700000047683716,6346,0.0,0.0
2024-10-22 09:30:00-04:00,3.6500000953674316,3.6500000953674316,3.6500000953674316,3.6500000953674316,3255,0.0,0.0
2024-10-22 09:35:00-04:00,3.684999942779541,3.700000047683716,3.684999942779541,3.700000047683716,289,0.0,0.0
2024-10-22 09:45:00-04:00,3.700000047683716,3.700000047683716,3.690000057220459,3.690000057220459,2022,0.0,0.0
2024-10-22 09:50:00-04:00,3.6619999408721924,3.6619999408721924,3.6619999408721924,3.6619999408721924,865,0.0,0.0
2024-10-22 10:05:00-04:00,3.684999942779541,3.684999942779541,3.684999942779541,3.684999942779541,232,0.0,0.0
2024-10-22 10:10:00-04:00,3.7100000381469727,3.7100000381469727,3.700000047683716,3.700000047683716,1341,0.0,0.0
2024-10-22 10:15:00-04:00,3.716599941253662,3.716599941253662,3.716599941253662,3.716599941253662,475,0.0,0.0
2024-10-22 10:20:00-04:00,3.7100000381469727,3.75,3.7100000381469727,3.7300000190734863,2235,0.0,0.0
2024-10-22 10:25:00-04:00,3.7300000190734863,3.7300000190734863,3.7300000190734863,3.7300000190734863,293,0.0,0.0
2024-10-22 10:50:00-04:00,3.7200000286102295,3.7200000286102295,3.7200000286102295,3.7200000286102295,309,0.0,0.0
2024-10-22 10:55:00-04:00,3.7126998901367188,3.7300000190734863,3.700000047683716,3.700000047683716,1862,0.0,0.0
2024-10-22 11:20:00-04:00,3.700000047683716,3.7200000286102295,3.700000047683716,3.7200000286102295,250,0.0,0.0
2024-10-22 11:25:00-04:00,3.700000047683716,3.700000047683716,3.690000057220459,3.690000057220459,961,0.0,0.0
2024-10-22 11:30:00-04:00,3.6946001052856445,3.6946001052856445,3.6946001052856445,3.6946001052856445,1000,0.0,0.0
2024-10-22 11:35:00-04:00,3.681299924850464,3.694999933242798,3.681299924850464,3.694999933242798,640,0.0,0.0
2024-10-22 11:45:00-04:00,3.680000066757202,3.7100000381469727,3.680000066757202,3.7100000381469727,236,0.0,0.0
2024-10-22 12:00:00-04:00,3.700000047683716,3.700000047683716,3.680000066757202,3.680000066757202,1689,0.0,0.0
2024-10-22 12:10:00-04:00,3.6600000858306885,3.6600000858306885,3.6600000858306885,3.6600000858306885,151,0.0,0.0
2024-10-22 12:20:00-04:00,3.6705000400543213,3.6705000400543213,3.6705000400543213,3.6705000400543213,307,0.0,0.0
2024-10-22 12:25:00-04:00,3.690000057220459,3.690000057220459,3.680000066757202,3.680000066757202,1606,0.0,0.0
2024-10-22 12:30:00-04:00,3.700000047683716,3.700000047683716,3.700000047683716,3.700000047683716,2287,0.0,0.0
2024-10-22 13:10:00-04:00,3.7100000381469727,3.7100000381469727,3.7100000381469727,3.7100000381469727,100,0.0,0.0
2024-10-22 13:15:00-04:00,3.700000047683716,3.700000047683716,3.700000047683716,3.700000047683716,145,0.0,0.0
2024-10-22 13:20:00-04:00,3.7300000190734863,3.7300000190734863,3.7300000190734863,3.7300000190734863,409,0.0,0.0
2024-10-22 13:25:00-04:00,3.7249999046325684,3.740000009536743,3.7200000286102295,3.740000009536743,21824,0.0,0.0
2024-10-22 13:45:00-04:00,3.740000009536743,3.740000009536743,3.740000009536743,3.740000009536743,620,0.0,0.0
2024-10-22 13:50:00-04:00,3.740000009536743,3.740000009536743,3.7300000190734863,3.734999895095825,10754,0.0,0.0
2024-10-22 14:00:00-04:00,3.75,3.75,3.75,3.75,101,0.0,0.0
2024-10-22 14:05:00-04:00,3.75,3.75,3.75,3.75,219,0.0,0.0
2024-10-22 14:15:00-04:00,3.7300000190734863,3.740000009536743,3.7300000190734863,3.7300000190734863,12282,0.0,0.0
2024-10-22 14:20:00-04:00,3.75,3.75,3.734999895095825,3.75,652,0.0,0.0
2024-10-22 14:25:00-04:00,3.75,3.75,3.734999895095825,3.734999895095825,222,0.0,0.0
2024-10-22 14:30:00-04:00,3.75,3.75,3.75,3.75,100,0.0,0.0
2024-10-22 14:35:00-04:00,3.75,3.75,3.75,3.75,100,0.0,0.0
2024-10-22 14:40:00-04:00,3.75,3.75,3.75,3.75,167,0.0,0.0
2024-10-22 14:55:00-04:00,3.7499001026153564,3.7499001026153564,3.7499001026153564,3.7499001026153564,152,0.0,0.0
2024-10-22 15:00:00-04:00,3.75,3.75,3.75,3.75,350,0.0,0.0
2024-10-22 15:10:00-04:00,3.740000009536743,3.744999885559082,3.740000009536743,3.744999885559082,383,0.0,0.0
2024-10-22 15:15:00-04:00,3.744999885559082,3.744999885559082,3.744999885559082,3.744999885559082,303,0.0,0.0
2024-10-22 15:30:00-04:00,3.75,3.75,3.75,3.75,481,0.0,0.0
2024-10-22 15:45:00-04:00,3.740000009536743,3.740000009536743,3.740000009536743,3.740000009536743,1151,0.0,0.0
2024-10-22 15:50:00-04:00,3.740000009536743,3.740000009536743,3.740000009536743,3.740000009536743,204,0.0,0.0
2024-10-22 15:55:00-04:00,3.740000009536743,3.759999990463257,3.7300000190734863,3.759999990463257,3941,0.0,0.0
2024-10-23 09:30:00-04:00,3.700000047683716,3.744999885559082,3.700000047683716,3.744999885559082,1849,0.0,0.0
2024-10-23 09:45:00-04:00,3.7850000858306885,3.7850000858306885,3.7850000858306885,3.7850000858306885,100,0.0,0.0
2024-10-23 09:50:00-04:00,3.740000009536743,3.740000009536743,3.740000009536743,3.740000009536743,147,0.0,0.0
2024-10-23 10:00:00-04:00,3.740000009536743,3.799999952316284,3.740000009536743,3.799999952316284,335,0.0,0.0
2024-10-23 10:10:00-04:00,3.740000009536743,3.7679998874664307,3.740000009536743,3.7679998874664307,1115,0.0,0.0
2024-10-23 10:20:00-04:00,3.741300106048584,3.741300106048584,3.741300106048584,3.741300106048584,331,0.0,0.0
2024-10-23 10:25:00-04:00,3.740000009536743,3.740000009536743,3.740000009536743,3.740000009536743,658,0.0,0.0
2024-10-23 10:30:00-04:00,3.740000009536743,3.740000009536743,3.740000009536743,3.740000009536743,1382,0.0,0.0
2024-10-23 11:00:00-04:00,3.6870999336242676,3.6870999336242676,3.6870999336242676,3.6870999336242676,418,0.0,0.0
2024-10-23 11:05:00-04:00,3.700000047683716,3.711400032043457,3.680000066757202,3.690000057220459,22145,0.0,0.0
2024-10-23 11:10:00-04:00,3.690000057220459,3.690000057220459,3.690000057220459,3.690000057220459,324,0.0,0.0
2024-10-23 11:15:00-04:00,3.700000047683716,3.700000047683716,3.690000057220459,3.690000057220459,6201,0.0,0.0
2024-10-23 11:20:00-04:00,3.690000057220459,3.690000057220459,3.690000057220459,3.690000057220459,116,0.0,0.0
2024-10-23 11:25:00-04:00,3.690000057220459,3.690000057220459,3.690000057220459,3.690000057220459,5343,0.0,0.0
2024-10-23 11:30:00-04:00,3.680000066757202,3.680000066757202,3.679800033569336,3.6798999309539795,3270,0.0,0.0
2024-10-23 11:35:00-04:00,3.688499927520752,3.688499927520752,3.680000066757202,3.680000066757202,2029,0.0,0.0
2024-10-23 11:55:00-04:00,3.680000066757202,3.7049999237060547,3.6798999309539795,3.7049999237060547,7407,0.0,0.0
2024-10-23 12:05:00-04:00,3.7100000381469727,3.7100000381469727,3.7100000381469727,3.7100000381469727,198,0.0,0.0
2024-10-23 12:15:00-04:00,3.7260000705718994,3.7260000705718994,3.7260000705718994,3.7260000705718994,3533,0.0,0.0
2024-10-23 12:30:00-04:00,3.7300000190734863,3.7300000190734863,3.7300000190734863,3.7300000190734863,106,0.0,0.0
2024-10-23 12:45:00-04:00,3.7300000190734863,3.7300000190734863,3.7300000190734863,3.7300000190734863,244,0.0,0.0
2024-10-23 13:10:00-04:00,3.7200000286102295,3.7200000286102295,3.7200000286102295,3.7200000286102295,221,0.0,0.0
2024-10-23 13:30:00-04:00,3.700000047683716,3.7100000381469727,3.700000047683716,3.70989990234375,1928,0.0,0.0
2024-10-23 13:40:00-04:00,3.690000057220459,3.690000057220459,3.690000057220459,3.690000057220459,285,0.0,0.0
2024-10-23 14:15:00-04:00,3.700000047683716,3.700000047683716,3.700000047683716,3.700000047683716,100,0.0,0.0
2024-10-23 14:20:00-04:00,3.700000047683716,3.700000047683716,3.700000047683716,3.700000047683716,100,0.0,0.0
2024-10-23 14:25:00-04:00,3.7049999237060547,3.7049999237060547,3.7049999237060547,3.7049999237060547,138,0.0,0.0
2024-10-23 14:30:00-04:00,3.7200000286102295,3.7200000286102295,3.7200000286102295,3.7200000286102295,426,0.0,0.0
2024-10-23 15:15:00-04:00,3.7300000190734863,3.7300000190734863,3.7300000190734863,3.7300000190734863,278,0.0,0.0
2024-10-23 15:30:00-04:00,3.7300000190734863,3.7300000190734863,3.7300000190734863,3.7300000190734863,332,0.0,0.0
2024-10-23 15:35:00-04:00,3.740000009536743,3.75,3.740000009536743,3.75,231,0.0,0.0
2024-10-23 15:40:00-04:00,3.75,3.75,3.75,3.75,216,0.0,0.0
2024-10-23 15:45:00-04:00,3.740000009536743,3.740000009536743,3.740000009536743,3.740000009536743,4026,0.0,0.0
2024-10-23 15:50:00-04:00,3.75,3.755000114440918,3.740000009536743,3.75,3227,0.0,0.0
2024-10-23 15:55:00-04:00,3.740000009536743,3.740000009536743,3.740000009536743,3.740000009536743,2070,0.0,0.0
2024-10-24 09:30:00-04:00,3.7699999809265137,3.7699999809265137,3.7699999809265137,3.7699999809265137,180,0.0,0.0
2024-10-24 09:35:00-04:00,3.7437000274658203,3.7437000274658203,3.7437000274658203,3.7437000274658203,1025,0.0,0.0
2024-10-24 09:55:00-04:00,3.744999885559082,3.744999885559082,3.744999885559082,3.744999885559082,147,0.0,0.0
2024-10-24 10:05:00-04:00,3.789900064468384,3.789900064468384,3.789900064468384,3.789900064468384,266,0.0,0.0
2024-10-24 10:15:00-04:00,3.7704999446868896,3.7704999446868896,3.7704999446868896,3.7704999446868896,157,0.0,0.0
2024-10-24 10:30:00-04:00,3.779900074005127,3.779900074005127,3.759999990463257,3.759999990463257,487,0.0,0.0
2024-10-24 10:40:00-04:00,3.7799999713897705,3.799999952316284,3.7799999713897705,3.799999952316284,1176,0.0,0.0
2024-10-24 10:45:00-04:00,3.799999952316284,3.799999952316284,3.7999000549316406,3.7999000549316406,2117,0.0,0.0
2024-10-24 10:50:00-04:00,3.799999952316284,3.799999952316284,3.799999952316284,3.799999952316284,110,0.0,0.0
2024-10-24 10:55:00-04:00,3.799999952316284,3.800100088119507,3.759999990463257,3.759999990463257,9171,0.0,0.0
2024-10-24 11:00:00-04:00,3.759999990463257,3.759999990463257,3.759999990463257,3.759999990463257,629,0.0,0.0
2024-10-24 11:15:00-04:00,3.759999990463257,3.759999990463257,3.759999990463257,3.759999990463257,1023,0.0,0.0
2024-10-24 11:20:00-04:00,3.7300000190734863,3.740000009536743,3.7300000190734863,3.740000009536743,424,0.0,0.0
2024-10-24 11:40:00-04:00,3.700000047683716,3.700000047683716,3.700000047683716,3.700000047683716,238,0.0,0.0
2024-10-24 12:05:00-04:00,3.700000047683716,3.700000047683716,3.700000047683716,3.700000047683716,209,0.0,0.0
2024-10-24 12:10:00-04:00,3.700000047683716,3.700000047683716,3.700000047683716,3.700000047683716,101,0.0,0.0
2024-10-24 12:15:00-04:00,3.700000047683716,3.740000009536743,3.700000047683716,3.740000009536743,2564,0.0,0.0
2024-10-24 12:20:00-04:00,3.7381999492645264,3.7381999492645264,3.7381999492645264,3.7381999492645264,3328,0.0,0.0
2024-10-24 12:30:00-04:00,3.7300000190734863,3.7300000190734863,3.7149999141693115,3.7149999141693115,808,0.0,0.0
2024-10-24 12:40:00-04:00,3.733599901199341,3.733599901199341,3.733599901199341,3.733599901199341,303,0.0,0.0
2024-10-24 12:45:00-04:00,3.7200000286102295,3.7200000286102295,3.7200000286102295,3.7200000286102295,103,0.0,0.0
2024-10-24 12:50:00-04:00,3.7200000286102295,3.7200000286102295,3.7200000286102295,3.7200000286102295,517,0.0,0.0
2024-10-24 12:55:00-04:00,3.7200000286102295,3.7200000286102295,3.7200000286102295,3.7200000286102295,103,0.0,0.0
2024-10-24 13:05:00-04:00,3.7200000286102295,3.7200000286102295,3.7200000286102295,3.7200000286102295,105,0.0,0.0
2024-10-24 13:10:00-04:00,3.7320001125335693,3.746999979019165,3.7200000286102295,3.734999895095825,901,0.0,0.0
2024-10-24 13:15:00-04:00,3.7200000286102295,3.7200000286102295,3.7200000286102295,3.7200000286102295,413,0.0,0.0
2024-10-24 13:20:00-04:00,3.7200000286102295,3.7200000286102295,3.7200000286102295,3.7200000286102295,102,0.0,0.0
2024-10-24 13:25:00-04:00,3.7200000286102295,3.7200000286102295,3.7200000286102295,3.7200000286102295,209,0.0,0.0
2024-10-24 13:35:00-04:00,3.7200000286102295,3.7200000286102295,3.7200000286102295,3.7200000286102295,266,0.0,0.0
2024-10-24 13:40:00-04:00,3.7200000286102295,3.7200000286102295,3.7200000286102295,3.7200000286102295,260,0.0,0.0
2024-10-24 13:45:00-04:00,3.700000047683716,3.700000047683716,3.700000047683716,3.700000047683716,224,0.0,0.0
2024-10-24 13:55:00-04:00,3.7200000286102295,3.7200000286102295,3.7200000286102295,3.7200000286102295,901,0.0,0.0
2024-10-24 14:15:00-04:00,3.690000057220459,3.690000057220459,3.690000057220459,3.690000057220459,561,0.0,0.0
2024-10-24 14:35:00-04:00,3.690000057220459,3.690000057220459,3.690000057220459,3.690000057220459,101,0.0,0.0
2024-10-24 14:40:00-04:00,3.690000057220459,3.690000057220459,3.690000057220459,3.690000057220459,104,0.0,0.0
2024-10-24 14:45:00-04:00,3.7049999237060547,3.7049999237060547,3.690000057220459,3.7049999237060547,308,0.0,0.0
2024-10-24 14:50:00-04:00,3.690000057220459,3.690000057220459,3.690000057220459,3.690000057220459,212,0.0,0.0
2024-10-24 14:55:00-04:00,3.7200000286102295,3.7200000286102295,3.7049999237060547,3.7049999237060547,507,0.0,0.0
2024-10-24 15:05:00-04:00,3.7049999237060547,3.7200000286102295,3.7049999237060547,3.7049999237060547,705,0.0,0.0
2024-10-24 15:10:00-04:00,3.6902999877929688,3.7049999237060547,3.6902999877929688,3.7049999237060547,221,0.0,0.0
2024-10-24 15:15:00-04:00,3.7049999237060547,3.7049999237060547,3.7049999237060547,3.7049999237060547,305,0.0,0.0
2024-10-24 15:20:00-04:00,3.700000047683716,3.7100000381469727,3.700000047683716,3.7100000381469727,580,0.0,0.0
2024-10-24 15:25:00-04:00,3.7049999237060547,3.7049999237060547,3.7049999237060547,3.7049999237060547,278,0.0,0.0
2024-10-24 15:30:00-04:00,3.7049999237060547,3.718859910964966,3.700000047683716,3.718859910964966,1629,0.0,0.0
2024-10-24 15:35:00-04:00,3.7100000381469727,3.7100000381469727,3.7100000381469727,3.7100000381469727,318,0.0,0.0
2024-10-24 15:40:00-04:00,3.7100000381469727,3.740000009536743,3.7100000381469727,3.740000009536743,3778,0.0,0.0
2024-10-24 15:45:00-04:00,3.740000009536743,3.740000009536743,3.7200000286102295,3.740000009536743,1215,0.0,0.0
2024-10-24 15:50:00-04:00,3.740000009536743,3.759999990463257,3.7300000190734863,3.759999990463257,1387,0.0,0.0
2024-10-24 15:55:00-04:00,3.759999990463257,3.7699999809265137,3.759999990463257,3.7699999809265137,2916,0.0,0.0
2024-10-25 09:30:00-04:00,3.809999942779541,3.809999942779541,3.75,3.75,2081,0.0,0.0
2024-10-25 09:50:00-04:00,3.7853000164031982,3.7853000164031982,3.7853000164031982,3.7853000164031982,647,0.0,0.0
2024-10-25 10:05:00-04:00,3.799999952316284,3.799999952316284,3.799999952316284,3.799999952316284,191,0.0,0.0
2024-10-25 10:20:00-04:00,3.809999942779541,3.809999942779541,3.809999942779541,3.809999942779541,212,0.0,0.0
2024-10-25 10:50:00-04:00,3.7950000762939453,3.7950000762939453,3.7950000762939453,3.7950000762939453,1325,0.0,0.0
2024-10-25 10:55:00-04:00,3.7799999713897705,3.7899999618530273,3.7799999713897705,3.7899999618530273,905,0.0,0.0
2024-10-25 11:20:00-04:00,3.8099000453948975,3.8099000453948975,3.8099000453948975,3.8099000453948975,495,0.0,0.0
2024-10-25 11:45:00-04:00,3.7850000858306885,3.7850000858306885,3.7850000858306885,3.7850000858306885,228,0.0,0.0
2024-10-25 12:00:00-04:00,3.7850000858306885,3.7850000858306885,3.7850000858306885,3.7850000858306885,275,0.0,0.0
2024-10-25 12:10:00-04:00,3.7699999809265137,3.7774999141693115,3.7699999809265137,3.7774999141693115,405,0.0,0.0
2024-10-25 12:35:00-04:00,3.7699999809265137,3.7699999809265137,3.7699999809265137,3.7699999809265137,303,0.0,0.0
2024-10-25 12:55:00-04:00,3.7850000858306885,3.7850000858306885,3.7850000858306885,3.7850000858306885,100,0.0,0.0
2024-10-25 13:00:00-04:00,3.7939000129699707,3.7939000129699707,3.7939000129699707,3.7939000129699707,127,0.0,0.0
2024-10-25 13:15:00-04:00,3.773699998855591,3.7850000858306885,3.773699998855591,3.7850000858306885,238,0.0,0.0
2024-10-25 13:35:00-04:00,3.7799999713897705,3.7799999713897705,3.7799999713897705,3.7799999713897705,256,0.0,0.0
2024-10-25 14:00:00-04:00,3.759999990463257,3.7699999809265137,3.759999990463257,3.765000104904175,859,0.0,0.0
2024-10-25 14:05:00-04:00,3.765000104904175,3.765000104904175,3.765000104904175,3.765000104904175,170,0.0,0.0
2024-10-25 14:20:00-04:00,3.75,3.765000104904175,3.75,3.765000104904175,282,0.0,0.0
2024-10-25 14:35:00-04:00,3.765000104904175,3.765000104904175,3.765000104904175,3.765000104904175,481,0.0,0.0
2024-10-25 15:10:00-04:00,3.75,3.759999990463257,3.75,3.759999990463257,527,0.0,0.0
2024-10-25 15:15:00-04:00,3.765000104904175,3.765000104904175,3.765000104904175,3.765000104904175,109,0.0,0.0
2024-10-25 15:20:00-04:00,3.765000104904175,3.765000104904175,3.75,3.75,222,0.0,0.0
2024-10-25 15:35:00-04:00,3.759999990463257,3.759999990463257,3.759999990463257,3.759999990463257,105,0.0,0.0
2024-10-25 15:40:00-04:00,3.7699999809265137,3.7799999713897705,3.7639999389648438,3.7799999713897705,1850,0.0,0.0
2024-10-25 15:45:00-04:00,3.759999990463257,3.759999990463257,3.759999990463257,3.759999990463257,104,0.0,0.0
2024-10-25 15:50:00-04:00,3.7699999809265137,3.799999952316284,3.7699999809265137,3.7850000858306885,2586,0.0,0.0
2024-10-25 15:55:00-04:00,3.759999990463257,3.7899999618530273,3.759999990463257,3.759999990463257,2038,0.0,0.0
2024-10-28 09:30:00-04:00,3.7699999809265137,3.7699999809265137,3.7699999809265137,3.7699999809265137,3545,0.0,0.0
2024-10-28 09:35:00-04:00,3.75,3.75,3.75,3.75,2006,0.0,0.0
2024-10-28 09:40:00-04:00,3.75,3.75,3.75,3.75,569,0.0,0.0
2024-10-28 09:55:00-04:00,3.765000104904175,3.765000104904175,3.765000104904175,3.765000104904175,107,0.0,0.0
2024-10-28 10:00:00-04:00,3.77020001411438,3.809999942779541,3.7699999809265137,3.799999952316284,9453,0.0,0.0
2024-10-28 10:05:00-04:00,3.7850000858306885,3.7950000762939453,3.7850000858306885,3.7950000762939453,954,0.0,0.0
2024-10-28 10:10:00-04:00,3.774600028991699,3.819999933242798,3.774600028991699,3.819999933242798,6354,0.0,0.0
2024-10-28 10:15:00-04:00,3.8299999237060547,3.8299999237060547,3.809999942779541,3.8299999237060547,516,0.0,0.0
2024-10-28 10:25:00-04:00,3.8299999237060547,3.8299999237060547,3.812999963760376,3.812999963760376,459,0.0,0.0
2024-10-28 10:30:00-04:00,3.8299999237060547,3.8499999046325684,3.8299999237060547,3.8499999046325684,2696,0.0,0.0
2024-10-28 10:35:00-04:00,3.880000114440918,3.880000114440918,3.880000114440918,3.880000114440918,145,0.0,0.0
2024-10-28 10:45:00-04:00,3.869999885559082,3.9000000953674316,3.869999885559082,3.890000104904175,9982,0.0,0.0
2024-10-28 10:50:00-04:00,3.9000000953674316,3.930000066757202,3.9000000953674316,3.930000066757202,4755,0.0,0.0
2024-10-28 10:55:00-04:00,3.930000066757202,3.990000009536743,3.930000066757202,3.990000009536743,11134,0.0,0.0
2024-10-28 11:00:00-04:00,3.9700000286102295,3.9800000190734863,3.950000047683716,3.9795000553131104,2187,0.0,0.0
2024-10-28 11:05:00-04:00,3.9600000381469727,3.984499931335449,3.9375,3.9600000381469727,6763,0.0,0.0
2024-10-28 11:10:00-04:00,3.930000066757202,3.952500104904175,3.890000104904175,3.9149999618530273,2734,0.0,0.0
2024-10-28 11:15:00-04:00,3.9200000762939453,3.924999952316284,3.9200000762939453,3.924999952316284,349,0.0,0.0
2024-10-28 11:20:00-04:00,3.9200000762939453,3.9286000728607178,3.9200000762939453,3.9286000728607178,671,0.0,0.0
2024-10-28 11:25:00-04:00,3.9200000762939453,3.9200000762939453,3.9000000953674316,3.9000000953674316,1562,0.0,0.0
2024-10-28 11:35:00-04:00,3.8986001014709473,3.8986001014709473,3.8986001014709473,3.8986001014709473,740,0.0,0.0
2024-10-28 11:45:00-04:00,3.8905999660491943,3.8905999660491943,3.8905999660491943,3.8905999660491943,131,0.0,0.0
2024-10-28 11:50:00-04:00,3.9049999713897705,3.9049999713897705,3.9049999713897705,3.9049999713897705,217,0.0,0.0
2024-10-28 12:00:00-04:00,3.9049999713897705,3.9049999713897705,3.8942999839782715,3.8942999839782715,778,0.0,0.0
2024-10-28 12:10:00-04:00,3.9052999019622803,3.9052999019622803,3.9000000953674316,3.9000000953674316,461,0.0,0.0
2024-10-28 12:15:00-04:00,3.9049999713897705,3.9049999713897705,3.9049999713897705,3.9049999713897705,391,0.0,0.0
2024-10-28 12:20:00-04:00,3.9100000858306885,3.9100000858306885,3.9100000858306885,3.9100000858306885,276,0.0,0.0
2024-10-28 12:25:00-04:00,3.8947999477386475,3.9049999713897705,3.8947999477386475,3.9049999713897705,231,0.0,0.0
2024-10-28 12:35:00-04:00,3.890000104904175,3.890000104904175,3.890000104904175,3.890000104904175,192,0.0,0.0
2024-10-28 12:40:00-04:00,3.9049999713897705,3.9049999713897705,3.9000000953674316,3.9000000953674316,414,0.0,0.0
2024-10-28 12:55:00-04:00,3.9200000762939453,3.924999952316284,3.9000000953674316,3.9200000762939453,3854,0.0,0.0
2024-10-28 13:05:00-04:00,3.9200000762939453,3.9200000762939453,3.9200000762939453,3.9200000762939453,1189,0.0,0.0
2024-10-28 13:10:00-04:00,3.940000057220459,3.940000057220459,3.9200000762939453,3.9200000762939453,389,0.0,0.0
2024-10-28 13:15:00-04:00,3.950000047683716,3.950000047683716,3.949899911880493,3.950000047683716,2532,0.0,0.0
2024-10-28 13:30:00-04:00,3.9649999141693115,3.9649999141693115,3.9649999141693115,3.9649999141693115,173,0.0,0.0
2024-10-28 13:40:00-04:00,3.9649999141693115,3.9700000286102295,3.9600000381469727,3.9649999141693115,879,0.0,0.0
2024-10-28 13:55:00-04:00,3.9549999237060547,3.9549999237060547,3.9549999237060547,3.9549999237060547,1255,0.0,0.0
2024-10-28 14:20:00-04:00,3.9600000381469727,3.9600000381469727,3.9600000381469727,3.9600000381469727,266,0.0,0.0
2024-10-28 14:25:00-04:00,3.968400001525879,3.968400001525879,3.968400001525879,3.968400001525879,1027,0.0,0.0
2024-10-28 14:30:00-04:00,3.9600000381469727,3.9600000381469727,3.9600000381469727,3.9600000381469727,374,0.0,0.0
2024-10-28 14:40:00-04:00,3.950000047683716,3.9700000286102295,3.950000047683716,3.9700000286102295,6722,0.0,0.0
2024-10-28 14:45:00-04:00,3.950000047683716,3.9600000381469727,3.950000047683716,3.9600000381469727,4536,0.0,0.0
2024-10-28 14:55:00-04:00,3.950000047683716,3.9700000286102295,3.950000047683716,3.9700000286102295,4355,0.0,0.0
2024-10-28 15:10:00-04:00,3.9700000286102295,3.990000009536743,3.9700000286102295,3.990000009536743,4883,0.0,0.0
2024-10-28 15:15:00-04:00,3.994999885559082,4.0,3.9899001121520996,4.0,16435,0.0,0.0
2024-10-28 15:20:00-04:00,3.994999885559082,3.994999885559082,3.9800000190734863,3.9800000190734863,2910,0.0,0.0
2024-10-28 15:25:00-04:00,3.9797000885009766,3.9797000885009766,3.9600000381469727,3.9600000381469727,3463,0.0,0.0
2024-10-28 15:30:00-04:00,3.9649999141693115,3.9649999141693115,3.9600000381469727,3.9600000381469727,620,0.0,0.0
2024-10-28 15:35:00-04:00,3.9584999084472656,3.9584999084472656,3.950000047683716,3.952399969100952,2400,0.0,0.0
2024-10-28 15:40:00-04:00,3.9649999141693115,3.9800000190734863,3.950000047683716,3.9800000190734863,1914,0.0,0.0
2024-10-28 15:45:00-04:00,3.9800000190734863,3.9800000190734863,3.952500104904175,3.952500104904175,2937,0.0,0.0
2024-10-28 15:50:00-04:00,3.9600000381469727,3.9800000190734863,3.9549999237060547,3.9800000190734863,3714,0.0,0.0
2024-10-28 15:55:00-04:00,3.9725000858306885,3.990000009536743,3.9649999141693115,3.9700000286102295,5522,0.0,0.0
2024-10-29 09:30:00-04:00,3.9600000381469727,3.9600000381469727,3.930000066757202,3.930000066757202,1164,0.0,0.0
2024-10-29 09:35:00-04:00,3.924999952316284,4.0,3.9000000953674316,3.9972000122070312,3086,0.0,0.0
2024-10-29 09:40:00-04:00,4.0,4.0,3.9800000190734863,4.0,1665,0.0,0.0
2024-10-29 09:45:00-04:00,3.9800000190734863,3.9800000190734863,3.9800000190734863,3.9800000190734863,200,0.0,0.0
2024-10-29 09:50:00-04:00,3.9800000190734863,3.9800000190734863,3.9649999141693115,3.9700000286102295,1001,0.0,0.0
2024-10-29 09:55:00-04:00,3.9700000286102295,4.0,3.9649999141693115,4.0,1864,0.0,0.0
2024-10-29 10:00:00-04:00,3.984999895095825,3.984999895095825,3.984999895095825,3.984999895095825,1096,0.0,0.0
2024-10-29 10:05:00-04:00,3.984999895095825,3.984999895095825,3.984999895095825,3.984999895095825,108,0.0,0.0
2024-10-29 10:10:00-04:00,3.984999895095825,3.984999895095825,3.9700000286102295,3.984999895095825,837,0.0,0.0
2024-10-29 10:15:00-04:00,3.990000009536743,3.990000009536743,3.990000009536743,3.990000009536743,365,0.0,0.0
2024-10-29 10:25:00-04:00,3.990000009536743,3.990000009536743,3.9700000286102295,3.9700000286102295,1277,0.0,0.0
2024-10-29 10:30:00-04:00,3.9837000370025635,3.9837000370025635,3.9749999046325684,3.9749999046325684,1128,0.0,0.0
2024-10-29 10:35:00-04:00,3.9600000381469727,3.9600000381469727,3.9600000381469727,3.9600000381469727,170,0.0,0.0
2024-10-29 10:45:00-04:00,3.9749999046325684,3.9749999046325684,3.9749999046325684,3.9749999046325684,561,0.0,0.0
2024-10-29 10:50:00-04:00,3.9749999046325684,3.9749999046325684,3.9749999046325684,3.9749999046325684,197,0.0,0.0
2024-10-29 10:55:00-04:00,3.9749999046325684,3.9749999046325684,3.9749999046325684,3.9749999046325684,146,0.0,0.0
2024-10-29 11:00:00-04:00,3.9749999046325684,3.9749999046325684,3.9749999046325684,3.9749999046325684,126,0.0,0.0
2024-10-29 11:05:00-04:00,3.960700035095215,3.9649999141693115,3.960700035095215,3.9649999141693115,338,0.0,0.0
2024-10-29 11:10:00-04:00,3.9700000286102295,3.9700000286102295,3.9700000286102295,3.9700000286102295,873,0.0,0.0
2024-10-29 11:25:00-04:00,3.9700000286102295,3.9700000286102295,3.9700000286102295,3.9700000286102295,441,0.0,0.0
2024-10-29 11:40:00-04:00,3.9800000190734863,3.984999895095825,3.9800000190734863,3.984999895095825,300,0.0,0.0
2024-10-29 11:45:00-04:00,3.984999895095825,3.984999895095825,3.984999895095825,3.984999895095825,172,0.0,0.0
2024-10-29 11:50:00-04:00,3.990000009536743,3.990000009536743,3.9800000190734863,3.9800000190734863,420,0.0,0.0
2024-10-29 11:55:00-04:00,3.980600118637085,3.980600118637085,3.980600118637085,3.980600118637085,256,0.0,0.0
2024-10-29 12:15:00-04:00,3.9700000286102295,3.9700000286102295,3.9649999141693115,3.9649999141693115,723,0.0,0.0
2024-10-29 12:20:00-04:00,3.950000047683716,3.950000047683716,3.950000047683716,3.950000047683716,627,0.0,0.0
2024-10-29 12:40:00-04:00,3.9200000762939453,3.949700117111206,3.9200000762939453,3.940000057220459,1963,0.0,0.0
2024-10-29 13:00:00-04:00,3.950000047683716,3.950000047683716,3.950000047683716,3.950000047683716,229,0.0,0.0
2024-10-29 13:05:00-04:00,3.950000047683716,3.950000047683716,3.950000047683716,3.950000047683716,263,0.0,0.0
2024-10-29 13:10:00-04:00,3.950000047683716,3.950000047683716,3.950000047683716,3.950000047683716,331,0.0,0.0
2024-10-29 13:30:00-04:00,3.9600000381469727,3.9600000381469727,3.9600000381469727,3.9600000381469727,471,0.0,0.0
2024-10-29 13:35:00-04:00,3.9600000381469727,3.9600000381469727,3.9600000381469727,3.9600000381469727,310,0.0,0.0
2024-10-29 13:40:00-04:00,3.9600000381469727,3.9600000381469727,3.9600000381469727,3.9600000381469727,309,0.0,0.0
2024-10-29 13:45:00-04:00,3.944999933242798,3.944999933242798,3.944999933242798,3.944999933242798,216,0.0,0.0
2024-10-29 13:55:00-04:00,3.940000057220459,3.940000057220459,3.940000057220459,3.940000057220459,347,0.0,0.0
2024-10-29 14:10:00-04:00,3.950000047683716,3.950000047683716,3.950000047683716,3.950000047683716,309,0.0,0.0
2024-10-29 14:35:00-04:00,3.940000057220459,3.950000047683716,3.940000057220459,3.950000047683716,484,0.0,0.0
2024-10-29 14:40:00-04:00,3.930000066757202,3.930000066757202,3.930000066757202,3.930000066757202,190,0.0,0.0
2024-10-29 14:45:00-04:00,3.930000066757202,3.930000066757202,3.930000066757202,3.930000066757202,1047,0.0,0.0
2024-10-29 15:15:00-04:00,3.9200000762939453,3.930000066757202,3.9200000762939453,3.9200000762939453,1913,0.0,0.0
2024-10-29 15:20:00-04:00,3.9200000762939453,3.9200000762939453,3.9100000858306885,3.9149999618530273,630,0.0,0.0
2024-10-29 15:25:00-04:00,3.9100000858306885,3.9100000858306885,3.9100000858306885,3.9100000858306885,397,0.0,0.0
2024-10-29 15:35:00-04:00,3.9000000953674316,3.9149999618530273,3.9000000953674316,3.9149999618530273,716,0.0,0.0
2024-10-29 15:40:00-04:00,3.9100000858306885,3.9100000858306885,3.9100000858306885,3.9100000858306885,201,0.0,0.0
2024-10-29 15:45:00-04:00,3.9100000858306885,3.9100000858306885,3.9100000858306885,3.9100000858306885,942,0.0,0.0
2024-10-29 15:50:00-04:00,3.940000057220459,3.940000057220459,3.940000057220459,3.940000057220459,365,0.0,0.0
2024-10-29 15:55:00-04:00,3.930000066757202,3.9600000381469727,3.930000066757202,3.950000047683716,4347,0.0,0.0
2024-10-30 09:30:00-04:00,3.9200000762939453,3.9200000762939453,3.9200000762939453,3.9200000762939453,1898,0.0,0.0
2024-10-30 09:35:00-04:00,3.8529999256134033,3.8529999256134033,3.8529999256134033,3.8529999256134033,2001,0.0,0.0
2024-10-30 09:40:00-04:00,3.8499999046325684,3.8499999046325684,3.8499999046325684,3.8499999046325684,1645,0.0,0.0
2024-10-30 09:50:00-04:00,3.8499999046325684,3.869999885559082,3.8499999046325684,3.859999895095825,10333,0.0,0.0
2024-10-30 09:55:00-04:00,3.869999885559082,3.869999885559082,3.8299999237060547,3.8299999237060547,4207,0.0,0.0
2024-10-30 10:00:00-04:00,3.8499999046325684,3.8499999046325684,3.8299999237060547,3.8299999237060547,5435,0.0,0.0
2024-10-30 10:10:00-04:00,3.819999933242798,3.8340001106262207,3.819999933242798,3.819999933242798,11326,0.0,0.0
2024-10-30 10:15:00-04:00,3.8299999237060547,3.8299999237060547,3.8299999237060547,3.8299999237060547,128,0.0,0.0
2024-10-30 10:35:00-04:00,3.819999933242798,3.819999933242798,3.819999933242798,3.819999933242798,214,0.0,0.0
2024-10-30 10:50:00-04:00,3.8550000190734863,3.8550000190734863,3.8550000190734863,3.8550000190734863,2819,0.0,0.0
2024-10-30 11:00:00-04:00,3.8399999141693115,3.8399999141693115,3.8399999141693115,3.8399999141693115,221,0.0,0.0
2024-10-30 11:05:00-04:00,3.8399999141693115,3.8399999141693115,3.8399999141693115,3.8399999141693115,270,0.0,0.0
2024-10-30 11:20:00-04:00,3.819999933242798,3.8350000381469727,3.819999933242798,3.8350000381469727,279,0.0,0.0
2024-10-30 11:25:00-04:00,3.8450000286102295,3.8450000286102295,3.825000047683716,3.844399929046631,615,0.0,0.0
2024-10-30 11:30:00-04:00,3.8499999046325684,3.8499999046325684,3.8499999046325684,3.8499999046325684,220,0.0,0.0
2024-10-30 11:35:00-04:00,3.834199905395508,3.8550000190734863,3.834199905395508,3.8499999046325684,1734,0.0,0.0
2024-10-30 11:50:00-04:00,3.8499999046325684,3.8499999046325684,3.8499999046325684,3.8499999046325684,273,0.0,0.0
2024-10-30 12:10:00-04:00,3.8399999141693115,3.8399999141693115,3.8399999141693115,3.8399999141693115,206,0.0,0.0
2024-10-30 12:15:00-04:00,3.868000030517578,3.868000030517578,3.8482000827789307,3.8482000827789307,381,0.0,0.0
2024-10-30 12:20:00-04:00,3.8499999046325684,3.8499999046325684,3.8499999046325684,3.8499999046325684,347,0.0,0.0
2024-10-30 12:35:00-04:00,3.8499999046325684,3.8499999046325684,3.8499999046325684,3.8499999046325684,400,0.0,0.0
2024-10-30 12:50:00-04:00,3.8299999237060547,3.830399990081787,3.8299999237060547,3.830399990081787,1349,0.0,0.0
2024-10-30 13:45:00-04:00,3.825000047683716,3.8399999141693115,3.825000047683716,3.8399999141693115,3083,0.0,0.0
2024-10-30 13:50:00-04:00,3.8410000801086426,3.8410000801086426,3.8410000801086426,3.8410000801086426,248,0.0,0.0
2024-10-30 14:00:00-04:00,3.8450000286102295,3.8450000286102295,3.8450000286102295,3.8450000286102295,262,0.0,0.0
2024-10-30 14:20:00-04:00,3.8499999046325684,3.8550000190734863,3.8499999046325684,3.8550000190734863,1616,0.0,0.0
2024-10-30 14:25:00-04:00,3.859999895095825,3.859999895095825,3.859999895095825,3.859999895095825,499,0.0,0.0
2024-10-30 14:55:00-04:00,3.869999885559082,3.869999885559082,3.869999885559082,3.869999885559082,128,0.0,0.0
2024-10-30 15:00:00-04:00,3.859999895095825,3.859999895095825,3.859999895095825,3.859999895095825,670,0.0,0.0
2024-10-30 15:20:00-04:00,3.865000009536743,3.865000009536743,3.865000009536743,3.865000009536743,111,0.0,0.0
2024-10-30 15:25:00-04:00,3.865000009536743,3.865000009536743,3.865000009536743,3.865000009536743,429,0.0,0.0
2024-10-30 15:40:00-04:00,3.871999979019165,3.880000114440918,3.871999979019165,3.877700090408325,3578,0.0,0.0
2024-10-30 15:45:00-04:00,3.890000104904175,3.9049999713897705,3.880000114440918,3.9049999713897705,2085,0.0,0.0
2024-10-30 15:50:00-04:00,3.8910000324249268,3.9049999713897705,3.8910000324249268,3.9049999713897705,375,0.0,0.0
2024-10-30 15:55:00-04:00,3.9100000858306885,3.9100000858306885,3.9079999923706055,3.9079999923706055,1013,0.0,0.0
2024-10-31 09:30:00-04:00,3.8499999046325684,3.8847999572753906,3.8499999046325684,3.8550000190734863,4594,0.0,0.0
2024-10-31 09:35:00-04:00,3.8550000190734863,3.8550000190734863,3.8550000190734863,3.8550000190734863,508,0.0,0.0
2024-10-31 09:55:00-04:00,3.8299999237060547,3.8299999237060547,3.8299999237060547,3.8299999237060547,201,0.0,0.0
2024-10-31 10:05:00-04:00,3.825000047683716,3.825000047683716,3.825000047683716,3.825000047683716,106,0.0,0.0
2024-10-31 10:10:00-04:00,3.809999942779541,3.809999942779541,3.809999942779541,3.809999942779541,648,0.0,0.0
2024-10-31 10:25:00-04:00,3.799999952316284,3.799999952316284,3.7699999809265137,3.7699999809265137,2033,0.0,0.0
2024-10-31 10:45:00-04:00,3.75,3.75,3.6600000858306885,3.680000066757202,29034,0.0,0.0
2024-10-31 10:50:00-04:00,3.680000066757202,3.680000066757202,3.6700000762939453,3.6700000762939453,1509,0.0,0.0
2024-10-31 10:55:00-04:00,3.6600000858306885,3.660099983215332,3.6600000858306885,3.660099983215332,1921,0.0,0.0
2024-10-31 11:00:00-04:00,3.6600000858306885,3.6600000858306885,3.619999885559082,3.619999885559082,1784,0.0,0.0
2024-10-31 11:05:00-04:00,3.619999885559082,3.625,3.609999895095825,3.625,11678,0.0,0.0
2024-10-31 11:10:00-04:00,3.625,3.700000047683716,3.619999885559082,3.619999885559082,32148,0.0,0.0
2024-10-31 11:15:00-04:00,3.657099962234497,3.6698999404907227,3.619999885559082,3.6600000858306885,5122,0.0,0.0
2024-10-31 11:20:00-04:00,3.619999885559082,3.6549999713897705,3.619999885559082,3.6549999713897705,486,0.0,0.0
2024-10-31 11:25:00-04:00,3.6700000762939453,3.700000047683716,3.6700000762939453,3.684999942779541,10712,0.0,0.0
2024-10-31 11:30:00-04:00,3.700000047683716,3.700000047683716,3.684999942779541,3.684999942779541,7634,0.0,0.0
2024-10-31 11:35:00-04:00,3.684999942779541,3.700000047683716,3.670300006866455,3.700000047683716,2458,0.0,0.0
2024-10-31 11:40:00-04:00,3.690000057220459,3.7200000286102295,3.690000057220459,3.7100000381469727,9379,0.0,0.0
2024-10-31 11:45:00-04:00,3.7200000286102295,3.75,3.7200000286102295,3.734999895095825,14370,0.0,0.0
2024-10-31 11:50:00-04:00,3.734999895095825,3.744999885559082,3.734999895095825,3.744999885559082,4969,0.0,0.0
2024-10-31 11:55:00-04:00,3.7100000381469727,3.7100000381469727,3.7100000381469727,3.7100000381469727,211,0.0,0.0
2024-10-31 12:00:00-04:00,3.7100000381469727,3.7100000381469727,3.7100000381469727,3.7100000381469727,4356,0.0,0.0
2024-10-31 12:10:00-04:00,3.700000047683716,3.7100000381469727,3.700000047683716,3.7100000381469727,11920,0.0,0.0
2024-10-31 12:20:00-04:00,3.7100000381469727,3.7100000381469727,3.7086000442504883,3.7100000381469727,1590,0.0,0.0
2024-10-31 12:25:00-04:00,3.700000047683716,3.7049999237060547,3.654900074005127,3.654900074005127,2573,0.0,0.0
2024-10-31 12:35:00-04:00,3.700000047683716,3.700000047683716,3.700000047683716,3.700000047683716,150,0.0,0.0
2024-10-31 12:40:00-04:00,3.690000057220459,3.690000057220459,3.680000066757202,3.690000057220459,723,0.0,0.0
2024-10-31 13:05:00-04:00,3.6737000942230225,3.6737000942230225,3.6500000953674316,3.6500000953674316,13805,0.0,0.0
2024-10-31 13:10:00-04:00,3.6549999713897705,3.6698999404907227,3.640000104904175,3.640000104904175,1119,0.0,0.0
2024-10-31 13:35:00-04:00,3.609999895095825,3.609999895095825,3.5899999141693115,3.5910000801086426,15457,0.0,0.0
2024-10-31 13:40:00-04:00,3.5899999141693115,3.5899999141693115,3.5899999141693115,3.5899999141693115,629,0.0,0.0
2024-10-31 13:50:00-04:00,3.6089999675750732,3.6089999675750732,3.5999999046325684,3.5999999046325684,858,0.0,0.0
2024-10-31 14:00:00-04:00,3.609999895095825,3.630000114440918,3.609999895095825,3.630000114440918,8107,0.0,0.0
2024-10-31 14:05:00-04:00,3.625,3.625,3.625,3.625,235,0.0,0.0
2024-10-31 14:15:00-04:00,3.609999895095825,3.609999895095825,3.609999895095825,3.609999895095825,300,0.0,0.0
2024-10-31 14:20:00-04:00,3.619999885559082,3.619999885559082,3.619999885559082,3.619999885559082,223,0.0,0.0
2024-10-31 14:35:00-04:00,3.619999885559082,3.619999885559082,3.619999885559082,3.619999885559082,462,0.0,0.0
2024-10-31 14:40:00-04:00,3.615000009536743,3.6600000858306885,3.615000009536743,3.6600000858306885,3929,0.0,0.0
2024-10-31 14:50:00-04:00,3.6600000858306885,3.6700000762939453,3.6600000858306885,3.6700000762939453,850,0.0,0.0
2024-10-31 14:55:00-04:00,3.6700000762939453,3.684999942779541,3.6700000762939453,3.684999942779541,218,0.0,0.0
2024-10-31 15:05:00-04:00,3.690000057220459,3.700000047683716,3.690000057220459,3.694999933242798,13761,0.0,0.0
2024-10-31 15:10:00-04:00,3.690000057220459,3.700000047683716,3.6700000762939453,3.684999942779541,1431,0.0,0.0
2024-10-31 15:15:00-04:00,3.680000066757202,3.680000066757202,3.680000066757202,3.680000066757202,359,0.0,0.0
2024-10-31 15:20:00-04:00,3.6649999618530273,3.6649999618530273,3.6649999618530273,3.6649999618530273,3027,0.0,0.0
2024-10-31 15:25:00-04:00,3.6649999618530273,3.6649999618530273,3.6649999618530273,3.6649999618530273,530,0.0,0.0
2024-10-31 15:35:00-04:00,3.680000066757202,3.7100000381469727,3.680000066757202,3.7100000381469727,27589,0.0,0.0
2024-10-31 15:40:00-04:00,3.700000047683716,3.7100000381469727,3.700000047683716,3.7100000381469727,1482,0.0,0.0
2024-10-31 15:45:00-04:00,3.700000047683716,3.7049999237060547,3.700000047683716,3.7049999237060547,2755,0.0,0.0
2024-10-31 15:50:00-04:00,3.700000047683716,3.700000047683716,3.6700000762939453,3.674999952316284,2477,0.0,0.0
2024-10-31 15:55:00-04:00,3.680000066757202,3.700000047683716,3.6700000762939453,3.6700000762939453,7844,0.0,0.0
2024-11-01 09:30:00-04:00,3.6700000762939453,3.7499001026153564,3.6700000762939453,3.7298998832702637,15073,0.0,0.0
2024-11-01 09:35:00-04:00,3.7191998958587646,3.7899999618530273,3.694999933242798,3.7434000968933105,13838,0.0,0.0
2024-11-01 09:40:00-04:00,3.7699999809265137,3.830699920654297,3.740000009536743,3.8199000358581543,23532,0.0,0.0
2024-11-01 09:45:00-04:00,3.8199000358581543,3.8199000358581543,3.7100000381469727,3.8169000148773193,6472,0.0,0.0
2024-11-01 09:55:00-04:00,3.706399917602539,3.754199981689453,3.706399917602539,3.754199981689453,371,0.0,0.0
2024-11-01 10:00:00-04:00,3.75,3.75,3.75,3.75,824,0.0,0.0
2024-11-01 10:05:00-04:00,3.7200000286102295,3.744999885559082,3.7200000286102295,3.744999885559082,1125,0.0,0.0
2024-11-01 10:15:00-04:00,3.7300000190734863,3.7300000190734863,3.7300000190734863,3.7300000190734863,370,0.0,0.0
2024-11-01 10:25:00-04:00,3.7200000286102295,3.75,3.7200000286102295,3.75,8998,0.0,0.0
2024-11-01 10:30:00-04:00,3.75,3.75,3.700000047683716,3.700000047683716,1143,0.0,0.0
2024-11-01 10:35:00-04:00,3.7149999141693115,3.7149999141693115,3.700000047683716,3.700000047683716,421,0.0,0.0
2024-11-01 10:40:00-04:00,3.7049999237060547,3.7049999237060547,3.690000057220459,3.690000057220459,952,0.0,0.0
2024-11-01 10:45:00-04:00,3.680000066757202,3.680000066757202,3.680000066757202,3.680000066757202,604,0.0,0.0
2024-11-01 10:50:00-04:00,3.6763999462127686,3.700000047683716,3.6763999462127686,3.700000047683716,1639,0.0,0.0
2024-11-01 11:00:00-04:00,3.6600000858306885,3.6600000858306885,3.6600000858306885,3.6600000858306885,206,0.0,0.0
2024-11-01 11:05:00-04:00,3.690000057220459,3.690000057220459,3.690000057220459,3.690000057220459,986,0.0,0.0
2024-11-01 11:10:00-04:00,3.680000066757202,3.70989990234375,3.680000066757202,3.70989990234375,11114,0.0,0.0
2024-11-01 11:15:00-04:00,3.7100000381469727,3.7100000381469727,3.7100000381469727,3.7100000381469727,531,0.0,0.0
2024-11-01 11:20:00-04:00,3.7191998958587646,3.7191998958587646,3.7191998958587646,3.7191998958587646,276,0.0,0.0
2024-11-01 11:30:00-04:00,3.7300000190734863,3.7300000190734863,3.7200000286102295,3.7200000286102295,576,0.0,0.0
2024-11-01 11:35:00-04:00,3.7100000381469727,3.7100000381469727,3.7100000381469727,3.7100000381469727,756,0.0,0.0
2024-11-01 11:45:00-04:00,3.694999933242798,3.694999933242798,3.694999933242798,3.694999933242798,203,0.0,0.0
2024-11-01 11:55:00-04:00,3.690000057220459,3.690000057220459,3.690000057220459,3.690000057220459,100,0.0,0.0
2024-11-01 12:00:00-04:00,3.700000047683716,3.700000047683716,3.700000047683716,3.700000047683716,1218,0.0,0.0
2024-11-01 12:15:00-04:00,3.7100000381469727,3.7100000381469727,3.7100000381469727,3.7100000381469727,0,0.0,0.0
2024-11-01 12:20:00-04:00,3.7100000381469727,3.7200000286102295,3.7100000381469727,3.7100000381469727,92695,0.0,0.0
2024-11-01 12:25:00-04:00,3.7200000286102295,3.7200000286102295,3.700000047683716,3.7149999141693115,575,0.0,0.0
2024-11-01 12:35:00-04:00,3.7170000076293945,3.7170000076293945,3.7170000076293945,3.7170000076293945,498,0.0,0.0
2024-11-01 12:55:00-04:00,3.690000057220459,3.690000057220459,3.680000066757202,3.680000066757202,554,0.0,0.0
2024-11-01 13:05:00-04:00,3.697499990463257,3.700000047683716,3.680000066757202,3.700000047683716,1596,0.0,0.0
2024-11-01 13:15:00-04:00,3.719899892807007,3.719899892807007,3.719899892807007,3.719899892807007,244,0.0,0.0
2024-11-01 13:20:00-04:00,3.700900077819824,3.7100000381469727,3.700900077819824,3.7100000381469727,989,0.0,0.0
2024-11-01 13:40:00-04:00,3.690000057220459,3.700000047683716,3.690000057220459,3.690000057220459,545,0.0,0.0
2024-11-01 13:45:00-04:00,3.700000047683716,3.7049999237060547,3.700000047683716,3.7049999237060547,421,0.0,0.0
2024-11-01 13:55:00-04:00,3.7056000232696533,3.7056000232696533,3.7056000232696533,3.7056000232696533,420,0.0,0.0
2024-11-01 14:00:00-04:00,3.700000047683716,3.700000047683716,3.700000047683716,3.700000047683716,255,0.0,0.0
2024-11-01 14:05:00-04:00,3.700000047683716,3.7049999237060547,3.700000047683716,3.7049999237060547,469,0.0,0.0
2024-11-01 14:30:00-04:00,3.7081000804901123,3.7200000286102295,3.700000047683716,3.7100000381469727,2888,0.0,0.0
2024-11-01 14:35:00-04:00,3.7100000381469727,3.7100000381469727,3.7100000381469727,3.7100000381469727,240,0.0,0.0
2024-11-01 14:50:00-04:00,3.700000047683716,3.700000047683716,3.700000047683716,3.700000047683716,395,0.0,0.0
2024-11-01 15:10:00-04:00,3.7300000190734863,3.7300000190734863,3.7300000190734863,3.7300000190734863,291,0.0,0.0
2024-11-01 15:15:00-04:00,3.75,3.759999990463257,3.749000072479248,3.755000114440918,3036,0.0,0.0
2024-11-01 15:20:00-04:00,3.759999990463257,3.7750000953674316,3.759999990463257,3.7699999809265137,1343,0.0,0.0
2024-11-01 15:25:00-04:00,3.7699999809265137,3.7799999713897705,3.759999990463257,3.7699999809265137,4371,0.0,0.0
2024-11-01 15:30:00-04:00,3.7578999996185303,3.7578999996185303,3.75,3.75,733,0.0,0.0
2024-11-01 15:35:00-04:00,3.744999885559082,3.744999885559082,3.740000009536743,3.740000009536743,918,0.0,0.0
2024-11-01 15:40:00-04:00,3.75,3.765000104904175,3.75,3.75,1962,0.0,0.0
2024-11-01 15:45:00-04:00,3.759999990463257,3.7799999713897705,3.759999990463257,3.7799999713897705,3407,0.0,0.0
2024-11-01 15:50:00-04:00,3.7699999809265137,3.7750000953674316,3.740000009536743,3.75,4044,0.0,0.0
2024-11-01 15:55:00-04:00,3.75,3.759999990463257,3.740000009536743,3.740000009536743,4121,0.0,0.0
