Datetime,Open,High,Low,Close,Volume,Dividends,Stock Splits
2024-08-29 09:00:00+09:00,3140.0,3140.0,3080.0,3125.0,0,0.0,0.0
2024-08-29 09:05:00+09:00,3130.0,3130.0,3085.0,3085.0,19748,0.0,0.0
2024-08-29 09:10:00+09:00,3085.0,3150.0,3085.0,3150.0,3311,0.0,0.0
2024-08-29 09:15:00+09:00,3140.0,3140.0,3100.0,3105.0,3106,0.0,0.0
2024-08-29 09:20:00+09:00,3100.0,3100.0,3060.0,3065.0,5102,0.0,0.0
2024-08-29 09:25:00+09:00,3065.0,3075.0,3050.0,3075.0,6211,0.0,0.0
2024-08-29 09:30:00+09:00,3070.0,3085.0,3070.0,3085.0,379,0.0,0.0
2024-08-29 09:35:00+09:00,3085.0,3085.0,3080.0,3085.0,1288,0.0,0.0
2024-08-29 09:40:00+09:00,3085.0,3085.0,3060.0,3060.0,2448,0.0,0.0
2024-08-29 09:45:00+09:00,3055.0,3060.0,3055.0,3055.0,2055,0.0,0.0
2024-08-29 09:50:00+09:00,3050.0,3050.0,3045.0,3045.0,1609,0.0,0.0
2024-08-29 09:55:00+09:00,3045.0,3070.0,3045.0,3055.0,920,0.0,0.0
2024-08-29 10:00:00+09:00,3055.0,3070.0,3040.0,3070.0,2600,0.0,0.0
2024-08-29 10:05:00+09:00,3070.0,3070.0,3050.0,3050.0,968,0.0,0.0
2024-08-29 10:10:00+09:00,3070.0,3070.0,3060.0,3060.0,807,0.0,0.0
2024-08-29 10:15:00+09:00,3060.0,3075.0,3060.0,3075.0,772,0.0,0.0
2024-08-29 10:20:00+09:00,3075.0,3100.0,3075.0,3100.0,1534,0.0,0.0
2024-08-29 10:25:00+09:00,3100.0,3105.0,3080.0,3080.0,1798,0.0,0.0
2024-08-29 10:30:00+09:00,3080.0,3090.0,3060.0,3060.0,769,0.0,0.0
2024-08-29 10:35:00+09:00,3060.0,3090.0,3060.0,3090.0,1,0.0,0.0
2024-08-29 10:40:00+09:00,3090.0,3090.0,3080.0,3085.0,443,0.0,0.0
2024-08-29 10:45:00+09:00,3090.0,3090.0,3060.0,3090.0,0,0.0,0.0
2024-08-29 10:50:00+09:00,3090.0,3090.0,3090.0,3090.0,332,0.0,0.0
2024-08-29 11:00:00+09:00,3065.0,3085.0,3060.0,3085.0,198,0.0,0.0
2024-08-29 11:05:00+09:00,3065.0,3090.0,3065.0,3090.0,333,0.0,0.0
2024-08-29 11:10:00+09:00,3090.0,3090.0,3045.0,3080.0,1019,0.0,0.0
2024-08-29 11:15:00+09:00,3065.0,3065.0,3050.0,3050.0,3149,0.0,0.0
2024-08-29 11:20:00+09:00,3050.0,3075.0,3050.0,3075.0,0,0.0,0.0
2024-08-29 11:25:00+09:00,3075.0,3080.0,3075.0,3080.0,33,0.0,0.0
2024-08-29 11:30:00+09:00,3080.0,3080.0,3080.0,3080.0,32,0.0,0.0
2024-08-29 11:35:00+09:00,3080.0,3080.0,3055.0,3055.0,22,0.0,0.0
2024-08-29 11:40:00+09:00,3055.0,3065.0,3025.0,3065.0,5499,0.0,0.0
2024-08-29 11:45:00+09:00,3070.0,3070.0,3070.0,3070.0,2,0.0,0.0
2024-08-29 11:50:00+09:00,3070.0,3070.0,3030.0,3030.0,5037,0.0,0.0
2024-08-29 11:55:00+09:00,3065.0,3065.0,3065.0,3065.0,0,0.0,0.0
2024-08-29 12:00:00+09:00,3065.0,3065.0,3025.0,3025.0,586,0.0,0.0
2024-08-29 12:05:00+09:00,3030.0,3030.0,3030.0,3030.0,59,0.0,0.0
2024-08-29 12:10:00+09:00,3035.0,3050.0,3030.0,3050.0,1322,0.0,0.0
2024-08-29 12:15:00+09:00,3050.0,3050.0,3050.0,3050.0,0,0.0,0.0
2024-08-29 12:20:00+09:00,3050.0,3050.0,3050.0,3050.0,100,0.0,0.0
2024-08-29 12:25:00+09:00,3050.0,3050.0,3050.0,3050.0,315,0.0,0.0
2024-08-29 12:30:00+09:00,3040.0,3040.0,3040.0,3040.0,253,0.0,0.0
2024-08-29 12:35:00+09:00,3025.0,3050.0,3025.0,3025.0,2574,0.0,0.0
2024-08-29 12:40:00+09:00,3050.0,3055.0,3025.0,3025.0,1986,0.0,0.0
2024-08-29 12:50:00+09:00,3030.0,3030.0,3025.0,3030.0,410,0.0,0.0
2024-08-29 12:55:00+09:00,3045.0,3045.0,3045.0,3045.0,0,0.0,0.0
2024-08-29 13:05:00+09:00,3030.0,3045.0,3025.0,3045.0,616,0.0,0.0
2024-08-29 13:10:00+09:00,3035.0,3035.0,3025.0,3025.0,62,0.0,0.0
2024-08-29 13:15:00+09:00,3025.0,3040.0,3020.0,3020.0,1052,0.0,0.0
2024-08-29 13:20:00+09:00,3040.0,3040.0,3040.0,3040.0,0,0.0,0.0
2024-08-29 13:25:00+09:00,3030.0,3040.0,3030.0,3040.0,370,0.0,0.0
2024-08-29 13:30:00+09:00,3040.0,3040.0,3020.0,3020.0,357,0.0,0.0
2024-08-29 13:35:00+09:00,3020.0,3020.0,3015.0,3015.0,2760,0.0,0.0
2024-08-29 13:40:00+09:00,3015.0,3030.0,3015.0,3030.0,223,0.0,0.0
2024-08-29 13:45:00+09:00,3030.0,3030.0,3030.0,3030.0,592,0.0,0.0
2024-08-29 13:50:00+09:00,3030.0,3030.0,3015.0,3015.0,1942,0.0,0.0
2024-08-29 13:55:00+09:00,3030.0,3035.0,3030.0,3035.0,0,0.0,0.0
2024-08-29 14:00:00+09:00,3035.0,3035.0,3030.0,3030.0,175,0.0,0.0
2024-08-29 14:05:00+09:00,3030.0,3030.0,3030.0,3030.0,28,0.0,0.0
2024-08-29 14:10:00+09:00,3025.0,3025.0,3025.0,3025.0,670,0.0,0.0
2024-08-29 14:15:00+09:00,3030.0,3035.0,3030.0,3035.0,421,0.0,0.0
2024-08-29 14:20:00+09:00,3030.0,3030.0,3025.0,3025.0,1823,0.0,0.0
2024-08-29 14:25:00+09:00,3020.0,3025.0,3020.0,3025.0,0,0.0,0.0
2024-08-29 14:30:00+09:00,3025.0,3025.0,3020.0,3025.0,1103,0.0,0.0
2024-08-29 14:35:00+09:00,3025.0,3030.0,3020.0,3030.0,424,0.0,0.0
2024-08-29 14:40:00+09:00,3030.0,3030.0,3030.0,3030.0,175,0.0,0.0
2024-08-29 14:45:00+09:00,3030.0,3030.0,3020.0,3020.0,605,0.0,0.0
2024-08-29 14:50:00+09:00,3020.0,3030.0,3015.0,3030.0,1206,0.0,0.0
2024-08-29 14:55:00+09:00,3030.0,3030.0,3015.0,3025.0,154,0.0,0.0
2024-08-30 09:00:00+09:00,3015.0,3015.0,2810.0,2990.0,6218,0.0,0.0
2024-08-30 09:05:00+09:00,2980.0,3030.0,2970.0,3015.0,1498,0.0,0.0
2024-08-30 09:10:00+09:00,3015.0,3015.0,3000.0,3000.0,310,0.0,0.0
2024-08-30 09:15:00+09:00,2995.0,3015.0,2995.0,3000.0,1471,0.0,0.0
2024-08-30 09:20:00+09:00,2995.0,3010.0,2995.0,3010.0,1841,0.0,0.0
2024-08-30 09:25:00+09:00,3010.0,3010.0,3000.0,3000.0,757,0.0,0.0
2024-08-30 09:30:00+09:00,3000.0,3000.0,2900.0,2960.0,17724,0.0,0.0
2024-08-30 09:35:00+09:00,2960.0,2995.0,2950.0,2995.0,1249,0.0,0.0
2024-08-30 09:40:00+09:00,2995.0,2995.0,2930.0,2950.0,1615,0.0,0.0
2024-08-30 09:45:00+09:00,2955.0,2960.0,2920.0,2955.0,1922,0.0,0.0
2024-08-30 09:50:00+09:00,2955.0,2955.0,2940.0,2940.0,0,0.0,0.0
2024-08-30 09:55:00+09:00,2945.0,2945.0,2945.0,2945.0,187,0.0,0.0
2024-08-30 10:00:00+09:00,2945.0,2945.0,2920.0,2935.0,2301,0.0,0.0
2024-08-30 10:05:00+09:00,2935.0,2945.0,2915.0,2915.0,3710,0.0,0.0
2024-08-30 10:10:00+09:00,2920.0,2920.0,2920.0,2920.0,0,0.0,0.0
2024-08-30 10:15:00+09:00,2920.0,2945.0,2920.0,2940.0,463,0.0,0.0
2024-08-30 10:20:00+09:00,2940.0,2945.0,2935.0,2935.0,126,0.0,0.0
2024-08-30 10:25:00+09:00,2930.0,2930.0,2920.0,2920.0,121,0.0,0.0
2024-08-30 10:30:00+09:00,2930.0,2935.0,2930.0,2935.0,1715,0.0,0.0
2024-08-30 10:35:00+09:00,2930.0,2935.0,2915.0,2915.0,1455,0.0,0.0
2024-08-30 10:40:00+09:00,2920.0,2920.0,2920.0,2920.0,0,0.0,0.0
2024-08-30 10:45:00+09:00,2920.0,2920.0,2920.0,2920.0,816,0.0,0.0
2024-08-30 10:50:00+09:00,2920.0,2945.0,2920.0,2945.0,1362,0.0,0.0
2024-08-30 10:55:00+09:00,2945.0,2945.0,2945.0,2945.0,0,0.0,0.0
2024-08-30 11:00:00+09:00,2945.0,2945.0,2940.0,2945.0,210,0.0,0.0
2024-08-30 11:05:00+09:00,2945.0,2945.0,2945.0,2945.0,20,0.0,0.0
2024-08-30 11:10:00+09:00,2930.0,2930.0,2930.0,2930.0,594,0.0,0.0
2024-08-30 11:15:00+09:00,2935.0,2935.0,2910.0,2910.0,1134,0.0,0.0
2024-08-30 11:20:00+09:00,2915.0,2915.0,2915.0,2915.0,0,0.0,0.0
2024-08-30 11:25:00+09:00,2915.0,2940.0,2915.0,2915.0,803,0.0,0.0
2024-08-30 11:30:00+09:00,2935.0,2935.0,2915.0,2915.0,0,0.0,0.0
2024-08-30 11:35:00+09:00,2915.0,2940.0,2915.0,2940.0,461,0.0,0.0
2024-08-30 11:40:00+09:00,2930.0,2930.0,2930.0,2930.0,217,0.0,0.0
2024-08-30 11:45:00+09:00,2930.0,2930.0,2915.0,2930.0,111,0.0,0.0
2024-08-30 11:50:00+09:00,2925.0,2930.0,2925.0,2930.0,0,0.0,0.0
2024-08-30 11:55:00+09:00,2925.0,2925.0,2915.0,2915.0,375,0.0,0.0
2024-08-30 12:00:00+09:00,2930.0,2930.0,2920.0,2920.0,0,0.0,0.0
2024-08-30 12:05:00+09:00,2920.0,2920.0,2910.0,2915.0,661,0.0,0.0
2024-08-30 12:10:00+09:00,2925.0,2925.0,2925.0,2925.0,0,0.0,0.0
2024-08-30 12:15:00+09:00,2925.0,2925.0,2925.0,2925.0,2,0.0,0.0
2024-08-30 12:20:00+09:00,2915.0,2930.0,2900.0,2930.0,3369,0.0,0.0
2024-08-30 12:25:00+09:00,2930.0,2930.0,2900.0,2930.0,1002,0.0,0.0
2024-08-30 12:30:00+09:00,2925.0,2925.0,2905.0,2905.0,89,0.0,0.0
2024-08-30 12:35:00+09:00,2905.0,2905.0,2905.0,2905.0,563,0.0,0.0
2024-08-30 12:50:00+09:00,2915.0,2915.0,2915.0,2915.0,0,0.0,0.0
2024-08-30 12:55:00+09:00,2915.0,2915.0,2910.0,2910.0,201,0.0,0.0
2024-08-30 13:00:00+09:00,2915.0,2945.0,2915.0,2945.0,841,0.0,0.0
2024-08-30 13:10:00+09:00,2940.0,2940.0,2940.0,2940.0,146,0.0,0.0
2024-08-30 13:15:00+09:00,2930.0,2930.0,2910.0,2910.0,3923,0.0,0.0
2024-08-30 13:20:00+09:00,2910.0,2920.0,2895.0,2895.0,12445,0.0,0.0
2024-08-30 13:25:00+09:00,2910.0,2910.0,2910.0,2910.0,3,0.0,0.0
2024-08-30 13:30:00+09:00,2900.0,2910.0,2900.0,2905.0,13,0.0,0.0
2024-08-30 13:35:00+09:00,2910.0,2910.0,2900.0,2900.0,20,0.0,0.0
2024-08-30 13:40:00+09:00,2900.0,2900.0,2900.0,2900.0,45,0.0,0.0
2024-08-30 13:45:00+09:00,2920.0,2920.0,2920.0,2920.0,1,0.0,0.0
2024-08-30 13:55:00+09:00,2920.0,2920.0,2920.0,2920.0,412,0.0,0.0
2024-08-30 14:00:00+09:00,2915.0,2945.0,2910.0,2945.0,26,0.0,0.0
2024-08-30 14:05:00+09:00,2945.0,2945.0,2905.0,2905.0,658,0.0,0.0
2024-08-30 14:10:00+09:00,2910.0,2910.0,2900.0,2900.0,2128,0.0,0.0
2024-08-30 14:20:00+09:00,2905.0,2905.0,2890.0,2890.0,327,0.0,0.0
2024-08-30 14:25:00+09:00,2890.0,2890.0,2890.0,2890.0,348,0.0,0.0
2024-08-30 14:30:00+09:00,2890.0,2905.0,2890.0,2905.0,326,0.0,0.0
2024-08-30 14:35:00+09:00,2905.0,2905.0,2905.0,2905.0,12,0.0,0.0
2024-08-30 14:40:00+09:00,2910.0,2910.0,2905.0,2910.0,145,0.0,0.0
2024-08-30 14:45:00+09:00,2910.0,2915.0,2910.0,2915.0,712,0.0,0.0
2024-08-30 14:50:00+09:00,2920.0,2935.0,2920.0,2935.0,31,0.0,0.0
2024-08-30 14:55:00+09:00,2920.0,2920.0,2915.0,2915.0,0,0.0,0.0
2024-09-02 09:00:00+09:00,2910.0,2910.0,2840.0,2840.0,0,0.0,0.0
2024-09-02 09:05:00+09:00,2860.0,2880.0,2850.0,2850.0,7448,0.0,0.0
2024-09-02 09:10:00+09:00,2860.0,2865.0,2850.0,2850.0,246,0.0,0.0
2024-09-02 09:15:00+09:00,2855.0,2855.0,2835.0,2835.0,2296,0.0,0.0
2024-09-02 09:20:00+09:00,2835.0,2835.0,2830.0,2830.0,760,0.0,0.0
2024-09-02 09:25:00+09:00,2825.0,2830.0,2815.0,2815.0,1746,0.0,0.0
2024-09-02 09:30:00+09:00,2825.0,2830.0,2810.0,2815.0,5252,0.0,0.0
2024-09-02 09:35:00+09:00,2820.0,2820.0,2815.0,2815.0,1744,0.0,0.0
2024-09-02 09:40:00+09:00,2815.0,2830.0,2815.0,2830.0,0,0.0,0.0
2024-09-02 09:45:00+09:00,2830.0,2845.0,2830.0,2845.0,330,0.0,0.0
2024-09-02 09:50:00+09:00,2830.0,2830.0,2805.0,2830.0,940,0.0,0.0
2024-09-02 09:55:00+09:00,2810.0,2810.0,2810.0,2810.0,171,0.0,0.0
2024-09-02 10:00:00+09:00,2815.0,2820.0,2810.0,2810.0,2472,0.0,0.0
2024-09-02 10:05:00+09:00,2815.0,2835.0,2815.0,2835.0,966,0.0,0.0
2024-09-02 10:10:00+09:00,2835.0,2835.0,2835.0,2835.0,3,0.0,0.0
2024-09-02 10:15:00+09:00,2835.0,2835.0,2835.0,2835.0,72,0.0,0.0
2024-09-02 10:30:00+09:00,2830.0,2840.0,2830.0,2840.0,549,0.0,0.0
2024-09-02 10:35:00+09:00,2845.0,2845.0,2845.0,2845.0,9,0.0,0.0
2024-09-02 10:40:00+09:00,2845.0,2855.0,2825.0,2855.0,55,0.0,0.0
2024-09-02 10:50:00+09:00,2850.0,2850.0,2825.0,2825.0,208,0.0,0.0
2024-09-02 10:55:00+09:00,2850.0,2850.0,2850.0,2850.0,0,0.0,0.0
2024-09-02 11:00:00+09:00,2845.0,2845.0,2840.0,2840.0,398,0.0,0.0
2024-09-02 11:05:00+09:00,2825.0,2825.0,2825.0,2825.0,20,0.0,0.0
2024-09-02 11:20:00+09:00,2825.0,2835.0,2825.0,2835.0,66,0.0,0.0
2024-09-02 11:25:00+09:00,2835.0,2835.0,2835.0,2835.0,1,0.0,0.0
2024-09-02 11:30:00+09:00,2835.0,2835.0,2835.0,2835.0,1,0.0,0.0
2024-09-02 11:40:00+09:00,2825.0,2825.0,2825.0,2825.0,43,0.0,0.0
2024-09-02 11:45:00+09:00,2825.0,2825.0,2825.0,2825.0,228,0.0,0.0
2024-09-02 12:05:00+09:00,2825.0,2825.0,2815.0,2825.0,781,0.0,0.0
2024-09-02 12:10:00+09:00,2820.0,2820.0,2815.0,2820.0,140,0.0,0.0
2024-09-02 12:15:00+09:00,2820.0,2820.0,2820.0,2820.0,56,0.0,0.0
2024-09-02 12:20:00+09:00,2825.0,2830.0,2820.0,2830.0,1103,0.0,0.0
2024-09-02 12:25:00+09:00,2830.0,2830.0,2830.0,2830.0,0,0.0,0.0
2024-09-02 12:30:00+09:00,2830.0,2830.0,2830.0,2830.0,5,0.0,0.0
2024-09-02 12:35:00+09:00,2825.0,2840.0,2825.0,2840.0,271,0.0,0.0
2024-09-02 12:50:00+09:00,2835.0,2835.0,2835.0,2835.0,2,0.0,0.0
2024-09-02 12:55:00+09:00,2835.0,2845.0,2835.0,2845.0,2163,0.0,0.0
2024-09-02 13:00:00+09:00,2845.0,2845.0,2845.0,2845.0,0,0.0,0.0
2024-09-02 13:05:00+09:00,2845.0,2845.0,2845.0,2845.0,0,0.0,0.0
2024-09-02 13:10:00+09:00,2845.0,2845.0,2835.0,2835.0,4292,0.0,0.0
2024-09-02 13:15:00+09:00,2835.0,2855.0,2835.0,2845.0,1598,0.0,0.0
2024-09-02 13:20:00+09:00,2845.0,2845.0,2845.0,2845.0,1903,0.0,0.0
2024-09-02 13:30:00+09:00,2855.0,2855.0,2855.0,2855.0,2,0.0,0.0
2024-09-02 13:40:00+09:00,2850.0,2855.0,2850.0,2855.0,3,0.0,0.0
2024-09-02 13:55:00+09:00,2850.0,2850.0,2850.0,2850.0,29,0.0,0.0
2024-09-02 14:00:00+09:00,2850.0,2850.0,2830.0,2840.0,709,0.0,0.0
2024-09-02 14:05:00+09:00,2845.0,2845.0,2845.0,2845.0,200,0.0,0.0
2024-09-02 14:10:00+09:00,2845.0,2855.0,2845.0,2855.0,354,0.0,0.0
2024-09-02 14:15:00+09:00,2855.0,2855.0,2830.0,2830.0,2,0.0,0.0
2024-09-02 14:25:00+09:00,2830.0,2830.0,2830.0,2830.0,200,0.0,0.0
2024-09-02 14:35:00+09:00,2835.0,2835.0,2835.0,2835.0,0,0.0,0.0
2024-09-03 09:00:00+09:00,2900.0,2900.0,2815.0,2900.0,3265,0.0,0.0
2024-09-03 09:05:00+09:00,2910.0,2980.0,2910.0,2915.0,6187,0.0,0.0
2024-09-03 09:10:00+09:00,2920.0,2945.0,2915.0,2925.0,2301,0.0,0.0
2024-09-03 09:15:00+09:00,2930.0,2950.0,2925.0,2950.0,816,0.0,0.0
2024-09-03 09:20:00+09:00,2935.0,2950.0,2935.0,2950.0,140,0.0,0.0
2024-09-03 09:25:00+09:00,2950.0,2955.0,2950.0,2955.0,326,0.0,0.0
2024-09-03 09:30:00+09:00,2950.0,2955.0,2925.0,2925.0,519,0.0,0.0
2024-09-03 09:35:00+09:00,2940.0,2945.0,2930.0,2945.0,156,0.0,0.0
2024-09-03 09:40:00+09:00,2940.0,2940.0,2925.0,2930.0,1923,0.0,0.0
2024-09-03 09:45:00+09:00,2940.0,2960.0,2930.0,2945.0,777,0.0,0.0
2024-09-03 09:50:00+09:00,2940.0,2940.0,2940.0,2940.0,0,0.0,0.0
2024-09-03 09:55:00+09:00,2940.0,2940.0,2905.0,2910.0,1503,0.0,0.0
2024-09-03 10:00:00+09:00,2910.0,2920.0,2910.0,2920.0,260,0.0,0.0
2024-09-03 10:05:00+09:00,2925.0,2925.0,2925.0,2925.0,12,0.0,0.0
2024-09-03 10:10:00+09:00,2925.0,2930.0,2925.0,2930.0,753,0.0,0.0
2024-09-03 10:15:00+09:00,2940.0,2940.0,2940.0,2940.0,50,0.0,0.0
2024-09-03 10:25:00+09:00,2935.0,2940.0,2935.0,2940.0,827,0.0,0.0
2024-09-03 10:30:00+09:00,2940.0,2945.0,2940.0,2945.0,1614,0.0,0.0
2024-09-03 10:35:00+09:00,2945.0,2945.0,2935.0,2935.0,58,0.0,0.0
2024-09-03 10:40:00+09:00,2940.0,2945.0,2940.0,2945.0,635,0.0,0.0
2024-09-03 10:45:00+09:00,2950.0,2950.0,2945.0,2945.0,220,0.0,0.0
2024-09-03 10:50:00+09:00,2945.0,2950.0,2935.0,2950.0,5694,0.0,0.0
2024-09-03 11:00:00+09:00,2950.0,2950.0,2940.0,2940.0,1142,0.0,0.0
2024-09-03 11:05:00+09:00,2950.0,2950.0,2950.0,2950.0,9,0.0,0.0
2024-09-03 11:10:00+09:00,2940.0,2940.0,2920.0,2920.0,3807,0.0,0.0
2024-09-03 11:15:00+09:00,2920.0,2925.0,2920.0,2925.0,27,0.0,0.0
2024-09-03 11:20:00+09:00,2925.0,2925.0,2925.0,2925.0,71,0.0,0.0
2024-09-03 11:25:00+09:00,2925.0,2925.0,2925.0,2925.0,11,0.0,0.0
2024-09-03 11:40:00+09:00,2925.0,2925.0,2925.0,2925.0,115,0.0,0.0
2024-09-03 11:45:00+09:00,2925.0,2925.0,2925.0,2925.0,0,0.0,0.0
2024-09-03 11:50:00+09:00,2930.0,2930.0,2930.0,2930.0,2425,0.0,0.0
2024-09-03 11:55:00+09:00,2930.0,2930.0,2930.0,2930.0,52,0.0,0.0
2024-09-03 12:00:00+09:00,2930.0,2930.0,2925.0,2925.0,1506,0.0,0.0
2024-09-03 12:05:00+09:00,2925.0,2930.0,2925.0,2930.0,1471,0.0,0.0
2024-09-03 12:10:00+09:00,2925.0,2925.0,2865.0,2865.0,2572,0.0,0.0
2024-09-03 12:15:00+09:00,2875.0,2895.0,2875.0,2895.0,0,0.0,0.0
2024-09-03 12:20:00+09:00,2895.0,2900.0,2895.0,2900.0,21,0.0,0.0
2024-09-03 12:25:00+09:00,2900.0,2900.0,2900.0,2900.0,19,0.0,0.0
2024-09-03 12:30:00+09:00,2895.0,2895.0,2885.0,2885.0,539,0.0,0.0
2024-09-03 12:40:00+09:00,2885.0,2885.0,2885.0,2885.0,2,0.0,0.0
2024-09-03 12:50:00+09:00,2895.0,2895.0,2895.0,2895.0,181,0.0,0.0
2024-09-03 12:55:00+09:00,2895.0,2895.0,2895.0,2895.0,928,0.0,0.0
2024-09-03 13:10:00+09:00,2910.0,2910.0,2865.0,2885.0,2676,0.0,0.0
2024-09-03 13:30:00+09:00,2885.0,2885.0,2875.0,2875.0,21,0.0,0.0
2024-09-03 13:35:00+09:00,2880.0,2970.0,2880.0,2955.0,6122,0.0,0.0
2024-09-03 13:40:00+09:00,2955.0,2955.0,2885.0,2895.0,3655,0.0,0.0
2024-09-03 13:45:00+09:00,2900.0,2900.0,2890.0,2890.0,499,0.0,0.0
2024-09-03 13:50:00+09:00,2880.0,2890.0,2850.0,2880.0,3682,0.0,0.0
2024-09-03 13:55:00+09:00,2870.0,2875.0,2850.0,2850.0,804,0.0,0.0
2024-09-03 14:00:00+09:00,2870.0,2870.0,2870.0,2870.0,116,0.0,0.0
2024-09-03 14:05:00+09:00,2870.0,2870.0,2850.0,2850.0,5,0.0,0.0
2024-09-03 14:10:00+09:00,2870.0,2870.0,2870.0,2870.0,1,0.0,0.0
2024-09-03 14:20:00+09:00,2870.0,2875.0,2870.0,2875.0,310,0.0,0.0
2024-09-03 14:30:00+09:00,2875.0,2875.0,2875.0,2875.0,84,0.0,0.0
2024-09-03 14:35:00+09:00,2875.0,2875.0,2850.0,2870.0,227,0.0,0.0
2024-09-03 14:40:00+09:00,2870.0,2870.0,2865.0,2865.0,13,0.0,0.0
2024-09-03 14:45:00+09:00,2865.0,2865.0,2850.0,2850.0,115,0.0,0.0
2024-09-03 14:50:00+09:00,2850.0,2850.0,2850.0,2850.0,340,0.0,0.0
2024-09-03 14:55:00+09:00,2850.0,2850.0,2850.0,2850.0,164,0.0,0.0
2024-09-04 09:00:00+09:00,2815.0,2815.0,2650.0,2680.0,8423,0.0,0.0
2024-09-04 09:05:00+09:00,2695.0,2745.0,2610.0,2745.0,8880,0.0,0.0
2024-09-04 09:10:00+09:00,2735.0,2745.0,2715.0,2715.0,2403,0.0,0.0
2024-09-04 09:15:00+09:00,2700.0,2740.0,2700.0,2740.0,679,0.0,0.0
2024-09-04 09:20:00+09:00,2725.0,2725.0,2725.0,2725.0,908,0.0,0.0
2024-09-04 09:25:00+09:00,2720.0,2720.0,2715.0,2720.0,617,0.0,0.0
2024-09-04 09:30:00+09:00,2720.0,2720.0,2705.0,2705.0,2264,0.0,0.0
2024-09-04 09:35:00+09:00,2710.0,2730.0,2710.0,2730.0,216,0.0,0.0
2024-09-04 09:40:00+09:00,2730.0,2730.0,2710.0,2710.0,3133,0.0,0.0
2024-09-04 09:45:00+09:00,2735.0,2735.0,2720.0,2720.0,0,0.0,0.0
2024-09-04 09:50:00+09:00,2725.0,2725.0,2720.0,2720.0,142,0.0,0.0
2024-09-04 10:00:00+09:00,2715.0,2715.0,2715.0,2715.0,54,0.0,0.0
2024-09-04 10:05:00+09:00,2730.0,2730.0,2730.0,2730.0,7,0.0,0.0
2024-09-04 10:10:00+09:00,2725.0,2725.0,2720.0,2720.0,3,0.0,0.0
2024-09-04 10:15:00+09:00,2715.0,2725.0,2715.0,2725.0,100,0.0,0.0
2024-09-04 10:25:00+09:00,2710.0,2710.0,2710.0,2710.0,3818,0.0,0.0
2024-09-04 10:30:00+09:00,2725.0,2725.0,2725.0,2725.0,0,0.0,0.0
2024-09-04 10:35:00+09:00,2715.0,2715.0,2715.0,2715.0,8,0.0,0.0
2024-09-04 10:40:00+09:00,2730.0,2730.0,2730.0,2730.0,18,0.0,0.0
2024-09-04 10:50:00+09:00,2715.0,2730.0,2715.0,2730.0,30,0.0,0.0
2024-09-04 11:05:00+09:00,2710.0,2710.0,2710.0,2710.0,58,0.0,0.0
2024-09-04 11:10:00+09:00,2710.0,2730.0,2710.0,2730.0,1091,0.0,0.0
2024-09-04 11:15:00+09:00,2725.0,2725.0,2725.0,2725.0,99,0.0,0.0
2024-09-04 11:20:00+09:00,2710.0,2710.0,2710.0,2710.0,1494,0.0,0.0
2024-09-04 11:25:00+09:00,2710.0,2710.0,2710.0,2710.0,496,0.0,0.0
2024-09-04 11:30:00+09:00,2705.0,2730.0,2705.0,2730.0,0,0.0,0.0
2024-09-04 11:35:00+09:00,2710.0,2710.0,2705.0,2710.0,461,0.0,0.0
2024-09-04 11:40:00+09:00,2710.0,2710.0,2705.0,2705.0,649,0.0,0.0
2024-09-04 11:55:00+09:00,2705.0,2705.0,2705.0,2705.0,0,0.0,0.0
2024-09-04 12:00:00+09:00,2705.0,2705.0,2705.0,2705.0,0,0.0,0.0
2024-09-04 12:15:00+09:00,2705.0,2705.0,2705.0,2705.0,1,0.0,0.0
2024-09-04 12:25:00+09:00,2710.0,2710.0,2710.0,2710.0,1,0.0,0.0
2024-09-04 12:30:00+09:00,2720.0,2720.0,2720.0,2720.0,26,0.0,0.0
2024-09-04 12:35:00+09:00,2710.0,2710.0,2710.0,2710.0,0,0.0,0.0
2024-09-04 12:40:00+09:00,2715.0,2715.0,2715.0,2715.0,1,0.0,0.0
2024-09-04 12:50:00+09:00,2715.0,2715.0,2715.0,2715.0,1,0.0,0.0
2024-09-04 12:55:00+09:00,2715.0,2715.0,2710.0,2710.0,279,0.0,0.0
2024-09-04 13:05:00+09:00,2705.0,2705.0,2700.0,2700.0,1001,0.0,0.0
2024-09-04 13:10:00+09:00,2700.0,2700.0,2700.0,2700.0,4475,0.0,0.0
2024-09-04 13:15:00+09:00,2700.0,2700.0,2700.0,2700.0,0,0.0,0.0
2024-09-04 13:20:00+09:00,2700.0,2700.0,2700.0,2700.0,0,0.0,0.0
2024-09-04 13:25:00+09:00,2700.0,2700.0,2685.0,2685.0,4281,0.0,0.0
2024-09-04 13:30:00+09:00,2685.0,2685.0,2680.0,2680.0,168,0.0,0.0
2024-09-04 13:35:00+09:00,2685.0,2720.0,2685.0,2690.0,255,0.0,0.0
2024-09-04 13:40:00+09:00,2690.0,2690.0,2690.0,2690.0,131,0.0,0.0
2024-09-04 13:45:00+09:00,2690.0,2690.0,2685.0,2690.0,626,0.0,0.0
2024-09-04 13:50:00+09:00,2695.0,2695.0,2675.0,2675.0,10849,0.0,0.0
2024-09-04 13:55:00+09:00,2670.0,2670.0,2670.0,2670.0,0,0.0,0.0
2024-09-04 14:00:00+09:00,2665.0,2665.0,2640.0,2645.0,941,0.0,0.0
2024-09-04 14:05:00+09:00,2645.0,2645.0,2635.0,2635.0,7719,0.0,0.0
2024-09-04 14:10:00+09:00,2640.0,2640.0,2640.0,2640.0,2,0.0,0.0
2024-09-04 14:15:00+09:00,2655.0,2655.0,2650.0,2650.0,2,0.0,0.0
2024-09-04 14:25:00+09:00,2655.0,2655.0,2650.0,2650.0,1262,0.0,0.0
2024-09-04 14:30:00+09:00,2660.0,2690.0,2660.0,2690.0,134,0.0,0.0
2024-09-04 14:35:00+09:00,2685.0,2685.0,2685.0,2685.0,97,0.0,0.0
2024-09-04 14:40:00+09:00,2680.0,2680.0,2680.0,2680.0,1095,0.0,0.0
2024-09-04 14:45:00+09:00,2660.0,2660.0,2660.0,2660.0,1,0.0,0.0
2024-09-05 09:00:00+09:00,2630.0,2630.0,2630.0,2630.0,551,0.0,0.0
2024-09-05 09:05:00+09:00,2640.0,2695.0,2640.0,2695.0,575,0.0,0.0
2024-09-05 09:10:00+09:00,2675.0,2675.0,2670.0,2670.0,20,0.0,0.0
2024-09-05 09:15:00+09:00,2670.0,2670.0,2670.0,2670.0,1575,0.0,0.0
2024-09-05 09:20:00+09:00,2665.0,2685.0,2665.0,2685.0,82,0.0,0.0
2024-09-05 09:25:00+09:00,2685.0,2685.0,2685.0,2685.0,218,0.0,0.0
2024-09-05 09:35:00+09:00,2675.0,2685.0,2665.0,2685.0,2414,0.0,0.0
2024-09-05 09:40:00+09:00,2680.0,2680.0,2680.0,2680.0,1,0.0,0.0
2024-09-05 09:45:00+09:00,2675.0,2675.0,2675.0,2675.0,183,0.0,0.0
2024-09-05 09:50:00+09:00,2675.0,2675.0,2675.0,2675.0,294,0.0,0.0
2024-09-05 09:55:00+09:00,2675.0,2675.0,2670.0,2670.0,524,0.0,0.0
2024-09-05 10:05:00+09:00,2680.0,2690.0,2680.0,2690.0,1689,0.0,0.0
2024-09-05 10:10:00+09:00,2690.0,2690.0,2690.0,2690.0,0,0.0,0.0
2024-09-05 10:15:00+09:00,2690.0,2690.0,2690.0,2690.0,2222,0.0,0.0
2024-09-05 10:25:00+09:00,2685.0,2690.0,2685.0,2690.0,0,0.0,0.0
2024-09-05 10:45:00+09:00,2675.0,2675.0,2665.0,2670.0,2273,0.0,0.0
2024-09-05 10:50:00+09:00,2665.0,2665.0,2660.0,2660.0,1603,0.0,0.0
2024-09-05 10:55:00+09:00,2665.0,2675.0,2665.0,2675.0,8,0.0,0.0
2024-09-05 11:00:00+09:00,2675.0,2680.0,2655.0,2655.0,795,0.0,0.0
2024-09-05 11:05:00+09:00,2640.0,2640.0,2610.0,2610.0,9261,0.0,0.0
2024-09-05 11:10:00+09:00,2600.0,2600.0,2580.0,2580.0,0,0.0,0.0
2024-09-05 11:15:00+09:00,2590.0,2600.0,2590.0,2590.0,5798,0.0,0.0
2024-09-05 11:20:00+09:00,2580.0,2600.0,2580.0,2600.0,641,0.0,0.0
2024-09-05 11:25:00+09:00,2600.0,2600.0,2595.0,2595.0,422,0.0,0.0
2024-09-05 11:35:00+09:00,2600.0,2600.0,2600.0,2600.0,1967,0.0,0.0
2024-09-05 11:40:00+09:00,2600.0,2645.0,2595.0,2645.0,2191,0.0,0.0
2024-09-05 11:45:00+09:00,2625.0,2625.0,2610.0,2615.0,46,0.0,0.0
2024-09-05 11:55:00+09:00,2615.0,2615.0,2610.0,2610.0,20,0.0,0.0
2024-09-05 12:00:00+09:00,2605.0,2605.0,2590.0,2590.0,10,0.0,0.0
2024-09-05 12:10:00+09:00,2590.0,2595.0,2590.0,2595.0,36,0.0,0.0
2024-09-05 12:15:00+09:00,2595.0,2595.0,2590.0,2590.0,23,0.0,0.0
2024-09-05 12:20:00+09:00,2590.0,2590.0,2590.0,2590.0,602,0.0,0.0
2024-09-05 12:25:00+09:00,2590.0,2600.0,2590.0,2600.0,0,0.0,0.0
2024-09-05 12:30:00+09:00,2590.0,2590.0,2590.0,2590.0,315,0.0,0.0
2024-09-05 12:35:00+09:00,2580.0,2580.0,2545.0,2545.0,0,0.0,0.0
2024-09-05 12:40:00+09:00,2555.0,2585.0,2550.0,2585.0,40958,0.0,0.0
2024-09-05 12:45:00+09:00,2555.0,2555.0,2555.0,2555.0,12,0.0,0.0
2024-09-05 12:50:00+09:00,2555.0,2555.0,2550.0,2550.0,838,0.0,0.0
2024-09-05 12:55:00+09:00,2545.0,2545.0,2525.0,2525.0,2112,0.0,0.0
2024-09-05 13:00:00+09:00,2550.0,2550.0,2535.0,2540.0,171,0.0,0.0
2024-09-05 13:05:00+09:00,2535.0,2535.0,2535.0,2535.0,54,0.0,0.0
2024-09-05 13:10:00+09:00,2535.0,2535.0,2535.0,2535.0,2473,0.0,0.0
2024-09-05 13:15:00+09:00,2535.0,2535.0,2525.0,2535.0,2263,0.0,0.0
2024-09-05 13:20:00+09:00,2540.0,2540.0,2540.0,2540.0,200,0.0,0.0
2024-09-05 13:25:00+09:00,2540.0,2540.0,2540.0,2540.0,0,0.0,0.0
2024-09-05 13:30:00+09:00,2540.0,2565.0,2540.0,2565.0,347,0.0,0.0
2024-09-05 13:35:00+09:00,2560.0,2590.0,2520.0,2590.0,355,0.0,0.0
2024-09-05 13:40:00+09:00,2570.0,2570.0,2570.0,2570.0,2,0.0,0.0
2024-09-05 13:45:00+09:00,2570.0,2570.0,2570.0,2570.0,200,0.0,0.0
2024-09-05 13:50:00+09:00,2550.0,2550.0,2545.0,2545.0,121,0.0,0.0
2024-09-05 13:55:00+09:00,2550.0,2585.0,2550.0,2585.0,48,0.0,0.0
2024-09-05 14:05:00+09:00,2550.0,2550.0,2550.0,2550.0,4,0.0,0.0
2024-09-05 14:10:00+09:00,2550.0,2570.0,2550.0,2570.0,25,0.0,0.0
2024-09-05 14:15:00+09:00,2570.0,2570.0,2570.0,2570.0,3,0.0,0.0
2024-09-05 14:20:00+09:00,2570.0,2570.0,2570.0,2570.0,6,0.0,0.0
2024-09-05 14:25:00+09:00,2565.0,2570.0,2565.0,2570.0,149,0.0,0.0
2024-09-05 14:30:00+09:00,2575.0,2575.0,2575.0,2575.0,0,0.0,0.0
2024-09-05 14:40:00+09:00,2570.0,2570.0,2570.0,2570.0,74,0.0,0.0
2024-09-05 14:45:00+09:00,2560.0,2560.0,2560.0,2560.0,0,0.0,0.0
2024-09-06 09:00:00+09:00,2575.0,2660.0,2575.0,2660.0,7855,0.0,0.0
2024-09-06 09:05:00+09:00,2685.0,2750.0,2655.0,2720.0,2483,0.0,0.0
2024-09-06 09:10:00+09:00,2700.0,2700.0,2655.0,2655.0,3371,0.0,0.0
2024-09-06 09:15:00+09:00,2655.0,2670.0,2600.0,2620.0,3259,0.0,0.0
2024-09-06 09:20:00+09:00,2620.0,2655.0,2620.0,2655.0,2369,0.0,0.0
2024-09-06 09:25:00+09:00,2675.0,2685.0,2625.0,2625.0,4845,0.0,0.0
2024-09-06 09:30:00+09:00,2625.0,2625.0,2615.0,2615.0,57,0.0,0.0
2024-09-06 09:35:00+09:00,2630.0,2650.0,2610.0,2615.0,827,0.0,0.0
2024-09-06 09:40:00+09:00,2615.0,2645.0,2605.0,2605.0,1316,0.0,0.0
2024-09-06 09:45:00+09:00,2605.0,2605.0,2595.0,2595.0,687,0.0,0.0
2024-09-06 09:50:00+09:00,2595.0,2615.0,2585.0,2615.0,779,0.0,0.0
2024-09-06 09:55:00+09:00,2615.0,2615.0,2615.0,2615.0,877,0.0,0.0
2024-09-06 10:00:00+09:00,2600.0,2600.0,2575.0,2575.0,1505,0.0,0.0
2024-09-06 10:05:00+09:00,2575.0,2575.0,2560.0,2560.0,291,0.0,0.0
2024-09-06 10:10:00+09:00,2560.0,2615.0,2545.0,2615.0,8361,0.0,0.0
2024-09-06 10:15:00+09:00,2610.0,2610.0,2565.0,2565.0,469,0.0,0.0
2024-09-06 10:20:00+09:00,2595.0,2600.0,2595.0,2600.0,314,0.0,0.0
2024-09-06 10:25:00+09:00,2580.0,2580.0,2570.0,2570.0,307,0.0,0.0
2024-09-06 10:30:00+09:00,2595.0,2595.0,2590.0,2590.0,56,0.0,0.0
2024-09-06 10:40:00+09:00,2585.0,2585.0,2585.0,2585.0,557,0.0,0.0
2024-09-06 10:45:00+09:00,2590.0,2590.0,2580.0,2580.0,353,0.0,0.0
2024-09-06 10:50:00+09:00,2570.0,2570.0,2570.0,2570.0,0,0.0,0.0
2024-09-06 10:55:00+09:00,2590.0,2590.0,2590.0,2590.0,305,0.0,0.0
2024-09-06 11:00:00+09:00,2590.0,2605.0,2590.0,2605.0,79,0.0,0.0
2024-09-06 11:05:00+09:00,2605.0,2605.0,2605.0,2605.0,222,0.0,0.0
2024-09-06 11:10:00+09:00,2600.0,2605.0,2590.0,2590.0,0,0.0,0.0
2024-09-06 11:15:00+09:00,2600.0,2600.0,2600.0,2600.0,2,0.0,0.0
2024-09-06 11:25:00+09:00,2590.0,2590.0,2575.0,2575.0,400,0.0,0.0
2024-09-06 11:35:00+09:00,2575.0,2575.0,2570.0,2570.0,1043,0.0,0.0
2024-09-06 11:45:00+09:00,2565.0,2565.0,2565.0,2565.0,0,0.0,0.0
2024-09-06 11:50:00+09:00,2565.0,2565.0,2555.0,2555.0,681,0.0,0.0
2024-09-06 12:00:00+09:00,2570.0,2570.0,2570.0,2570.0,0,0.0,0.0
2024-09-06 12:05:00+09:00,2555.0,2555.0,2555.0,2555.0,157,0.0,0.0
2024-09-06 12:10:00+09:00,2555.0,2590.0,2555.0,2590.0,613,0.0,0.0
2024-09-06 12:15:00+09:00,2590.0,2590.0,2590.0,2590.0,0,0.0,0.0
2024-09-06 12:25:00+09:00,2575.0,2585.0,2575.0,2585.0,20,0.0,0.0
2024-09-06 12:35:00+09:00,2570.0,2570.0,2565.0,2565.0,1146,0.0,0.0
2024-09-06 12:40:00+09:00,2560.0,2560.0,2560.0,2560.0,602,0.0,0.0
2024-09-06 12:45:00+09:00,2565.0,2565.0,2565.0,2565.0,229,0.0,0.0
2024-09-06 12:50:00+09:00,2565.0,2565.0,2565.0,2565.0,211,0.0,0.0
2024-09-06 12:55:00+09:00,2580.0,2580.0,2580.0,2580.0,59,0.0,0.0
2024-09-06 13:00:00+09:00,2580.0,2580.0,2580.0,2580.0,72,0.0,0.0
2024-09-06 13:05:00+09:00,2575.0,2575.0,2565.0,2565.0,261,0.0,0.0
2024-09-06 13:10:00+09:00,2565.0,2565.0,2565.0,2565.0,372,0.0,0.0
2024-09-06 13:20:00+09:00,2560.0,2560.0,2560.0,2560.0,1151,0.0,0.0
2024-09-06 13:25:00+09:00,2560.0,2560.0,2560.0,2560.0,8,0.0,0.0
2024-09-06 13:30:00+09:00,2555.0,2560.0,2555.0,2560.0,1034,0.0,0.0
2024-09-06 13:35:00+09:00,2560.0,2560.0,2550.0,2550.0,1501,0.0,0.0
2024-09-06 13:40:00+09:00,2550.0,2550.0,2550.0,2550.0,451,0.0,0.0
2024-09-06 13:45:00+09:00,2550.0,2550.0,2535.0,2540.0,1304,0.0,0.0
2024-09-06 13:50:00+09:00,2540.0,2540.0,2540.0,2540.0,0,0.0,0.0
2024-09-06 13:55:00+09:00,2535.0,2535.0,2535.0,2535.0,730,0.0,0.0
2024-09-06 14:00:00+09:00,2555.0,2555.0,2555.0,2555.0,1,0.0,0.0
2024-09-06 14:10:00+09:00,2555.0,2560.0,2535.0,2535.0,1952,0.0,0.0
2024-09-06 14:15:00+09:00,2560.0,2560.0,2560.0,2560.0,1,0.0,0.0
2024-09-06 14:25:00+09:00,2540.0,2540.0,2520.0,2520.0,2902,0.0,0.0
2024-09-06 14:30:00+09:00,2520.0,2520.0,2515.0,2515.0,99,0.0,0.0
2024-09-06 14:35:00+09:00,2520.0,2535.0,2520.0,2520.0,77,0.0,0.0
2024-09-06 14:40:00+09:00,2535.0,2535.0,2535.0,2535.0,258,0.0,0.0
2024-09-06 14:45:00+09:00,2535.0,2585.0,2520.0,2535.0,308,0.0,0.0
2024-09-06 14:50:00+09:00,2580.0,2580.0,2555.0,2580.0,69,0.0,0.0
2024-09-06 14:55:00+09:00,2575.0,2580.0,2555.0,2555.0,952,0.0,0.0
2024-09-09 09:00:00+09:00,2530.0,2530.0,2460.0,2465.0,0,0.0,0.0
2024-09-09 09:05:00+09:00,2470.0,2475.0,2450.0,2450.0,14473,0.0,0.0
2024-09-09 09:10:00+09:00,2480.0,2500.0,2465.0,2500.0,1548,0.0,0.0
2024-09-09 09:15:00+09:00,2500.0,2500.0,2500.0,2500.0,483,0.0,0.0
2024-09-09 09:20:00+09:00,2500.0,2500.0,2475.0,2475.0,265,0.0,0.0
2024-09-09 09:25:00+09:00,2495.0,2495.0,2495.0,2495.0,0,0.0,0.0
2024-09-09 09:30:00+09:00,2495.0,2530.0,2495.0,2500.0,4041,0.0,0.0
2024-09-09 09:35:00+09:00,2530.0,2535.0,2530.0,2535.0,0,0.0,0.0
2024-09-09 09:40:00+09:00,2535.0,2535.0,2530.0,2530.0,48,0.0,0.0
2024-09-09 09:45:00+09:00,2530.0,2530.0,2500.0,2500.0,4208,0.0,0.0
2024-09-09 09:50:00+09:00,2530.0,2530.0,2530.0,2530.0,2,0.0,0.0
2024-09-09 09:55:00+09:00,2525.0,2530.0,2525.0,2530.0,2,0.0,0.0
2024-09-09 10:05:00+09:00,2520.0,2530.0,2510.0,2530.0,4,0.0,0.0
2024-09-09 10:15:00+09:00,2520.0,2530.0,2520.0,2530.0,518,0.0,0.0
2024-09-09 10:20:00+09:00,2530.0,2530.0,2530.0,2530.0,10,0.0,0.0
2024-09-09 10:25:00+09:00,2530.0,2530.0,2510.0,2510.0,120,0.0,0.0
2024-09-09 10:35:00+09:00,2525.0,2525.0,2525.0,2525.0,0,0.0,0.0
2024-09-09 10:55:00+09:00,2510.0,2510.0,2510.0,2510.0,43,0.0,0.0
2024-09-09 11:05:00+09:00,2510.0,2510.0,2510.0,2510.0,157,0.0,0.0
2024-09-09 11:15:00+09:00,2510.0,2510.0,2510.0,2510.0,0,0.0,0.0
2024-09-09 11:30:00+09:00,2530.0,2530.0,2530.0,2530.0,1,0.0,0.0
2024-09-09 11:35:00+09:00,2510.0,2510.0,2510.0,2510.0,43,0.0,0.0
2024-09-09 11:45:00+09:00,2530.0,2530.0,2530.0,2530.0,0,0.0,0.0
2024-09-09 12:10:00+09:00,2530.0,2530.0,2530.0,2530.0,199,0.0,0.0
2024-09-09 12:15:00+09:00,2510.0,2510.0,2510.0,2510.0,0,0.0,0.0
2024-09-09 12:20:00+09:00,2530.0,2530.0,2530.0,2530.0,3,0.0,0.0
2024-09-09 12:30:00+09:00,2510.0,2510.0,2510.0,2510.0,300,0.0,0.0
2024-09-09 12:35:00+09:00,2530.0,2570.0,2530.0,2570.0,2347,0.0,0.0
2024-09-09 12:45:00+09:00,2550.0,2550.0,2550.0,2550.0,20,0.0,0.0
2024-09-09 12:50:00+09:00,2550.0,2565.0,2550.0,2565.0,79,0.0,0.0
2024-09-09 12:55:00+09:00,2565.0,2565.0,2555.0,2555.0,149,0.0,0.0
2024-09-09 13:00:00+09:00,2565.0,2570.0,2565.0,2570.0,0,0.0,0.0
2024-09-09 13:05:00+09:00,2570.0,2570.0,2570.0,2570.0,364,0.0,0.0
2024-09-09 13:10:00+09:00,2550.0,2550.0,2550.0,2550.0,63,0.0,0.0
2024-09-09 13:15:00+09:00,2540.0,2540.0,2530.0,2530.0,167,0.0,0.0
2024-09-09 13:25:00+09:00,2535.0,2535.0,2535.0,2535.0,125,0.0,0.0
2024-09-09 13:40:00+09:00,2550.0,2550.0,2550.0,2550.0,99,0.0,0.0
2024-09-09 13:45:00+09:00,2540.0,2545.0,2540.0,2545.0,743,0.0,0.0
2024-09-09 13:50:00+09:00,2545.0,2545.0,2545.0,2545.0,1158,0.0,0.0
2024-09-09 13:55:00+09:00,2545.0,2560.0,2545.0,2550.0,695,0.0,0.0
2024-09-09 14:00:00+09:00,2555.0,2565.0,2550.0,2565.0,111,0.0,0.0
2024-09-09 14:05:00+09:00,2560.0,2560.0,2560.0,2560.0,14,0.0,0.0
2024-09-09 14:15:00+09:00,2550.0,2550.0,2545.0,2550.0,1141,0.0,0.0
2024-09-09 14:20:00+09:00,2550.0,2550.0,2545.0,2545.0,106,0.0,0.0
2024-09-09 14:25:00+09:00,2560.0,2580.0,2560.0,2580.0,1000,0.0,0.0
2024-09-09 14:30:00+09:00,2580.0,2580.0,2550.0,2550.0,185,0.0,0.0
2024-09-09 14:35:00+09:00,2545.0,2550.0,2540.0,2540.0,1466,0.0,0.0
2024-09-09 14:40:00+09:00,2570.0,2570.0,2550.0,2550.0,301,0.0,0.0
2024-09-09 14:45:00+09:00,2550.0,2550.0,2550.0,2550.0,150,0.0,0.0
2024-09-09 14:50:00+09:00,2550.0,2550.0,2550.0,2550.0,144,0.0,0.0
2024-09-09 14:55:00+09:00,2550.0,2580.0,2550.0,2580.0,663,0.0,0.0
2024-09-10 09:00:00+09:00,2625.0,2660.0,2610.0,2625.0,4560,0.0,0.0
2024-09-10 09:10:00+09:00,2600.0,2600.0,2590.0,2590.0,525,0.0,0.0
2024-09-10 09:15:00+09:00,2585.0,2585.0,2585.0,2585.0,468,0.0,0.0
2024-09-10 09:20:00+09:00,2585.0,2585.0,2585.0,2585.0,1,0.0,0.0
2024-09-10 09:35:00+09:00,2590.0,2590.0,2590.0,2590.0,6,0.0,0.0
2024-09-10 09:40:00+09:00,2590.0,2625.0,2590.0,2625.0,686,0.0,0.0
2024-09-10 09:50:00+09:00,2620.0,2625.0,2620.0,2625.0,0,0.0,0.0
2024-09-10 09:55:00+09:00,2620.0,2625.0,2620.0,2625.0,84,0.0,0.0
2024-09-10 10:05:00+09:00,2605.0,2605.0,2595.0,2595.0,50,0.0,0.0
2024-09-10 10:10:00+09:00,2595.0,2595.0,2595.0,2595.0,10,0.0,0.0
2024-09-10 10:30:00+09:00,2615.0,2615.0,2615.0,2615.0,0,0.0,0.0
2024-09-10 10:45:00+09:00,2610.0,2615.0,2610.0,2615.0,75,0.0,0.0
2024-09-10 10:50:00+09:00,2615.0,2645.0,2615.0,2645.0,4694,0.0,0.0
2024-09-10 10:55:00+09:00,2640.0,2640.0,2640.0,2640.0,0,0.0,0.0
2024-09-10 11:05:00+09:00,2625.0,2625.0,2625.0,2625.0,1300,0.0,0.0
2024-09-10 11:15:00+09:00,2615.0,2615.0,2615.0,2615.0,300,0.0,0.0
2024-09-10 11:20:00+09:00,2615.0,2615.0,2615.0,2615.0,0,0.0,0.0
2024-09-10 11:25:00+09:00,2605.0,2605.0,2600.0,2600.0,275,0.0,0.0
2024-09-10 11:55:00+09:00,2600.0,2600.0,2600.0,2600.0,0,0.0,0.0
2024-09-10 12:00:00+09:00,2600.0,2600.0,2600.0,2600.0,6855,0.0,0.0
2024-09-10 12:05:00+09:00,2600.0,2600.0,2595.0,2595.0,0,0.0,0.0
2024-09-10 12:30:00+09:00,2610.0,2610.0,2610.0,2610.0,1854,0.0,0.0
2024-09-10 12:35:00+09:00,2610.0,2610.0,2610.0,2610.0,1043,0.0,0.0
2024-09-10 12:55:00+09:00,2615.0,2615.0,2615.0,2615.0,2000,0.0,0.0
2024-09-10 13:00:00+09:00,2615.0,2650.0,2615.0,2650.0,3078,0.0,0.0
2024-09-10 13:05:00+09:00,2645.0,2650.0,2645.0,2650.0,1902,0.0,0.0
2024-09-10 13:10:00+09:00,2650.0,2750.0,2650.0,2730.0,13005,0.0,0.0
2024-09-10 13:15:00+09:00,2730.0,3110.0,2730.0,3070.0,107668,0.0,0.0
2024-09-10 13:20:00+09:00,3050.0,3320.0,2995.0,3290.0,233248,0.0,0.0
2024-09-10 13:25:00+09:00,3285.0,3390.0,3185.0,3390.0,196488,0.0,0.0
2024-09-10 13:30:00+09:00,3390.0,3390.0,3390.0,3390.0,125709,0.0,0.0
2024-09-10 13:35:00+09:00,3390.0,3390.0,3335.0,3365.0,227151,0.0,0.0
2024-09-10 13:40:00+09:00,3360.0,3390.0,3325.0,3390.0,133036,0.0,0.0
2024-09-10 13:45:00+09:00,3390.0,3390.0,3340.0,3390.0,113475,0.0,0.0
2024-09-10 13:50:00+09:00,3390.0,3390.0,3340.0,3365.0,127886,0.0,0.0
2024-09-10 13:55:00+09:00,3365.0,3390.0,3315.0,3380.0,92661,0.0,0.0
2024-09-10 14:00:00+09:00,3350.0,3370.0,3275.0,3340.0,92129,0.0,0.0
2024-09-10 14:05:00+09:00,3340.0,3390.0,3340.0,3390.0,118037,0.0,0.0
2024-09-10 14:10:00+09:00,3390.0,3390.0,3360.0,3375.0,41812,0.0,0.0
2024-09-10 14:15:00+09:00,3380.0,3385.0,3325.0,3365.0,48885,0.0,0.0
2024-09-10 14:20:00+09:00,3375.0,3375.0,3325.0,3350.0,36019,0.0,0.0
2024-09-10 14:25:00+09:00,3350.0,3375.0,3290.0,3300.0,63260,0.0,0.0
2024-09-10 14:30:00+09:00,3305.0,3330.0,3295.0,3310.0,31687,0.0,0.0
2024-09-10 14:35:00+09:00,3310.0,3325.0,3295.0,3325.0,23135,0.0,0.0
2024-09-10 14:40:00+09:00,3320.0,3330.0,3130.0,3180.0,141414,0.0,0.0
2024-09-10 14:45:00+09:00,3180.0,3210.0,3075.0,3090.0,132300,0.0,0.0
2024-09-10 14:50:00+09:00,3075.0,3160.0,3050.0,3135.0,93430,0.0,0.0
2024-09-10 14:55:00+09:00,3140.0,3150.0,2980.0,2980.0,101052,0.0,0.0
2024-09-11 09:00:00+09:00,2980.0,3080.0,2960.0,3015.0,57690,0.0,0.0
2024-09-11 09:05:00+09:00,3015.0,3015.0,2905.0,2940.0,39640,0.0,0.0
2024-09-11 09:10:00+09:00,2940.0,2955.0,2915.0,2920.0,5573,0.0,0.0
2024-09-11 09:15:00+09:00,2925.0,2960.0,2920.0,2925.0,10942,0.0,0.0
2024-09-11 09:20:00+09:00,2920.0,2950.0,2920.0,2930.0,7226,0.0,0.0
2024-09-11 09:25:00+09:00,2930.0,2950.0,2930.0,2950.0,2247,0.0,0.0
2024-09-11 09:30:00+09:00,2950.0,3000.0,2950.0,2975.0,4329,0.0,0.0
2024-09-11 09:35:00+09:00,2970.0,3040.0,2970.0,3005.0,9279,0.0,0.0
2024-09-11 09:40:00+09:00,2990.0,3005.0,2940.0,2940.0,10517,0.0,0.0
2024-09-11 09:45:00+09:00,2945.0,2990.0,2940.0,2990.0,2766,0.0,0.0
2024-09-11 09:50:00+09:00,2975.0,2985.0,2970.0,2985.0,880,0.0,0.0
2024-09-11 09:55:00+09:00,2985.0,2985.0,2945.0,2945.0,4287,0.0,0.0
2024-09-11 10:00:00+09:00,2945.0,2955.0,2940.0,2955.0,3614,0.0,0.0
2024-09-11 10:05:00+09:00,2960.0,2965.0,2945.0,2945.0,14592,0.0,0.0
2024-09-11 10:10:00+09:00,2965.0,2965.0,2945.0,2945.0,0,0.0,0.0
2024-09-11 10:15:00+09:00,2940.0,2960.0,2915.0,2945.0,8420,0.0,0.0
2024-09-11 10:20:00+09:00,2960.0,3010.0,2925.0,2930.0,22963,0.0,0.0
2024-09-11 10:25:00+09:00,2925.0,2960.0,2920.0,2930.0,5506,0.0,0.0
2024-09-11 10:30:00+09:00,2945.0,2950.0,2825.0,2825.0,40884,0.0,0.0
2024-09-11 10:35:00+09:00,2830.0,2880.0,2830.0,2870.0,6205,0.0,0.0
2024-09-11 10:40:00+09:00,2865.0,2865.0,2840.0,2845.0,3567,0.0,0.0
2024-09-11 10:45:00+09:00,2845.0,2865.0,2845.0,2850.0,443,0.0,0.0
2024-09-11 10:50:00+09:00,2850.0,2870.0,2845.0,2860.0,761,0.0,0.0
2024-09-11 10:55:00+09:00,2855.0,2865.0,2855.0,2860.0,287,0.0,0.0
2024-09-11 11:00:00+09:00,2865.0,2870.0,2865.0,2865.0,881,0.0,0.0
2024-09-11 11:05:00+09:00,2860.0,2875.0,2860.0,2875.0,502,0.0,0.0
2024-09-11 11:10:00+09:00,2880.0,2880.0,2865.0,2870.0,1394,0.0,0.0
2024-09-11 11:15:00+09:00,2870.0,2870.0,2865.0,2865.0,521,0.0,0.0
2024-09-11 11:20:00+09:00,2865.0,2870.0,2865.0,2870.0,0,0.0,0.0
2024-09-11 11:25:00+09:00,2870.0,2870.0,2870.0,2870.0,0,0.0,0.0
2024-09-11 11:30:00+09:00,2865.0,2865.0,2850.0,2850.0,279,0.0,0.0
2024-09-11 11:35:00+09:00,2855.0,2855.0,2845.0,2845.0,2870,0.0,0.0
2024-09-11 11:40:00+09:00,2850.0,2865.0,2850.0,2865.0,590,0.0,0.0
2024-09-11 11:45:00+09:00,2865.0,2865.0,2845.0,2865.0,236,0.0,0.0
2024-09-11 11:50:00+09:00,2850.0,2865.0,2850.0,2850.0,235,0.0,0.0
2024-09-11 11:55:00+09:00,2850.0,2850.0,2845.0,2845.0,679,0.0,0.0
2024-09-11 12:00:00+09:00,2845.0,2860.0,2845.0,2860.0,556,0.0,0.0
2024-09-11 12:05:00+09:00,2855.0,2865.0,2855.0,2865.0,127,0.0,0.0
2024-09-11 12:10:00+09:00,2860.0,2860.0,2855.0,2855.0,1615,0.0,0.0
2024-09-11 12:15:00+09:00,2850.0,2855.0,2845.0,2850.0,533,0.0,0.0
2024-09-11 12:20:00+09:00,2840.0,2845.0,2840.0,2840.0,1411,0.0,0.0
2024-09-11 12:25:00+09:00,2855.0,2855.0,2855.0,2855.0,0,0.0,0.0
2024-09-11 12:30:00+09:00,2855.0,2865.0,2845.0,2865.0,1694,0.0,0.0
2024-09-11 12:35:00+09:00,2885.0,2895.0,2870.0,2880.0,180,0.0,0.0
2024-09-11 12:40:00+09:00,2885.0,2895.0,2885.0,2885.0,3830,0.0,0.0
2024-09-11 12:45:00+09:00,2880.0,2880.0,2855.0,2855.0,913,0.0,0.0
2024-09-11 12:50:00+09:00,2855.0,2925.0,2855.0,2910.0,1793,0.0,0.0
2024-09-11 12:55:00+09:00,2910.0,2915.0,2910.0,2915.0,74,0.0,0.0
2024-09-11 13:00:00+09:00,2915.0,2915.0,2890.0,2890.0,104,0.0,0.0
2024-09-11 13:05:00+09:00,2890.0,2890.0,2890.0,2890.0,203,0.0,0.0
2024-09-11 13:10:00+09:00,2900.0,2900.0,2890.0,2890.0,47,0.0,0.0
2024-09-11 13:15:00+09:00,2890.0,3450.0,2890.0,3350.0,448028,0.0,0.0
2024-09-11 13:20:00+09:00,3350.0,3410.0,3020.0,3060.0,297860,0.0,0.0
2024-09-11 13:25:00+09:00,3040.0,3060.0,2980.0,3035.0,89940,0.0,0.0
2024-09-11 13:30:00+09:00,3025.0,3045.0,2950.0,2960.0,34657,0.0,0.0
2024-09-11 13:35:00+09:00,2960.0,3020.0,2955.0,2990.0,18553,0.0,0.0
2024-09-11 13:40:00+09:00,2990.0,2990.0,2955.0,2955.0,15869,0.0,0.0
2024-09-11 13:45:00+09:00,2950.0,2955.0,2910.0,2940.0,25199,0.0,0.0
2024-09-11 13:50:00+09:00,2920.0,2935.0,2920.0,2925.0,5573,0.0,0.0
2024-09-11 13:55:00+09:00,2940.0,2950.0,2930.0,2930.0,2163,0.0,0.0
2024-09-11 14:00:00+09:00,2930.0,2945.0,2930.0,2940.0,3463,0.0,0.0
2024-09-11 14:05:00+09:00,2935.0,2935.0,2930.0,2935.0,1818,0.0,0.0
2024-09-11 14:10:00+09:00,2935.0,2935.0,2925.0,2930.0,3127,0.0,0.0
2024-09-11 14:15:00+09:00,2930.0,3190.0,2925.0,3035.0,82624,0.0,0.0
2024-09-11 14:20:00+09:00,3020.0,3035.0,2980.0,3020.0,29637,0.0,0.0
2024-09-11 14:25:00+09:00,3010.0,3135.0,3005.0,3035.0,49365,0.0,0.0
2024-09-11 14:30:00+09:00,3055.0,3070.0,2950.0,2965.0,23773,0.0,0.0
2024-09-11 14:35:00+09:00,2975.0,2980.0,2800.0,2835.0,71639,0.0,0.0
2024-09-11 14:40:00+09:00,2835.0,2855.0,2770.0,2830.0,24656,0.0,0.0
2024-09-11 14:45:00+09:00,2845.0,2860.0,2830.0,2855.0,3258,0.0,0.0
2024-09-11 14:50:00+09:00,2855.0,2880.0,2825.0,2870.0,11852,0.0,0.0
2024-09-11 14:55:00+09:00,2860.0,2900.0,2860.0,2895.0,3469,0.0,0.0
2024-09-12 09:00:00+09:00,2880.0,2885.0,2850.0,2875.0,6363,0.0,0.0
2024-09-12 09:05:00+09:00,2880.0,2945.0,2880.0,2925.0,13838,0.0,0.0
2024-09-12 09:10:00+09:00,2925.0,2955.0,2925.0,2955.0,1501,0.0,0.0
2024-09-12 09:15:00+09:00,2950.0,2950.0,2930.0,2950.0,6531,0.0,0.0
2024-09-12 09:20:00+09:00,2955.0,2965.0,2940.0,2940.0,4798,0.0,0.0
2024-09-12 09:25:00+09:00,2935.0,2935.0,2920.0,2920.0,2339,0.0,0.0
2024-09-12 09:30:00+09:00,2930.0,2960.0,2925.0,2925.0,946,0.0,0.0
2024-09-12 09:35:00+09:00,2950.0,2950.0,2925.0,2945.0,421,0.0,0.0
2024-09-12 09:40:00+09:00,2940.0,2940.0,2930.0,2940.0,0,0.0,0.0
2024-09-12 09:45:00+09:00,2935.0,2935.0,2920.0,2920.0,38712,0.0,0.0
2024-09-12 09:50:00+09:00,2925.0,2930.0,2920.0,2930.0,0,0.0,0.0
2024-09-12 09:55:00+09:00,2920.0,2920.0,2885.0,2895.0,2334,0.0,0.0
2024-09-12 10:00:00+09:00,2910.0,2910.0,2900.0,2900.0,564,0.0,0.0
2024-09-12 10:05:00+09:00,2900.0,3000.0,2900.0,2990.0,12097,0.0,0.0
2024-09-12 10:10:00+09:00,2985.0,2990.0,2890.0,2895.0,7955,0.0,0.0
2024-09-12 10:15:00+09:00,2890.0,2895.0,2890.0,2895.0,1208,0.0,0.0
2024-09-12 10:20:00+09:00,2895.0,2905.0,2890.0,2890.0,2311,0.0,0.0
2024-09-12 10:25:00+09:00,2895.0,2900.0,2895.0,2900.0,0,0.0,0.0
2024-09-12 10:30:00+09:00,2905.0,2905.0,2900.0,2905.0,497,0.0,0.0
2024-09-12 10:35:00+09:00,2905.0,2905.0,2900.0,2900.0,1171,0.0,0.0
2024-09-12 10:40:00+09:00,2905.0,2920.0,2900.0,2920.0,2314,0.0,0.0
2024-09-12 10:45:00+09:00,2915.0,2920.0,2915.0,2915.0,401,0.0,0.0
2024-09-12 10:50:00+09:00,2915.0,2920.0,2915.0,2915.0,299,0.0,0.0
2024-09-12 10:55:00+09:00,2915.0,2915.0,2910.0,2910.0,153,0.0,0.0
2024-09-12 11:00:00+09:00,2900.0,2905.0,2895.0,2905.0,1047,0.0,0.0
2024-09-12 11:05:00+09:00,2900.0,2900.0,2900.0,2900.0,310,0.0,0.0
2024-09-12 11:10:00+09:00,2900.0,2915.0,2900.0,2915.0,102,0.0,0.0
2024-09-12 11:15:00+09:00,2910.0,2910.0,2910.0,2910.0,0,0.0,0.0
2024-09-12 11:20:00+09:00,2900.0,2915.0,2900.0,2910.0,207,0.0,0.0
2024-09-12 11:25:00+09:00,2915.0,2915.0,2910.0,2915.0,50,0.0,0.0
2024-09-12 11:30:00+09:00,2905.0,2915.0,2900.0,2915.0,2162,0.0,0.0
2024-09-12 11:35:00+09:00,2910.0,2915.0,2910.0,2915.0,665,0.0,0.0
2024-09-12 11:40:00+09:00,2915.0,2920.0,2915.0,2915.0,102,0.0,0.0
2024-09-12 11:45:00+09:00,2915.0,2920.0,2910.0,2920.0,243,0.0,0.0
2024-09-12 11:50:00+09:00,2915.0,2920.0,2915.0,2920.0,52,0.0,0.0
2024-09-12 11:55:00+09:00,2915.0,2920.0,2915.0,2920.0,987,0.0,0.0
2024-09-12 12:00:00+09:00,2920.0,2925.0,2920.0,2925.0,0,0.0,0.0
2024-09-12 12:05:00+09:00,2915.0,2925.0,2915.0,2925.0,54,0.0,0.0
2024-09-12 12:10:00+09:00,2920.0,2930.0,2920.0,2930.0,4083,0.0,0.0
2024-09-12 12:15:00+09:00,2920.0,2920.0,2915.0,2915.0,423,0.0,0.0
2024-09-12 12:20:00+09:00,2930.0,2935.0,2930.0,2930.0,0,0.0,0.0
2024-09-12 12:25:00+09:00,2920.0,2935.0,2915.0,2920.0,5637,0.0,0.0
2024-09-12 12:30:00+09:00,2930.0,2930.0,2920.0,2920.0,103,0.0,0.0
2024-09-12 12:35:00+09:00,2920.0,2925.0,2920.0,2925.0,926,0.0,0.0
2024-09-12 12:40:00+09:00,2920.0,2920.0,2915.0,2915.0,1562,0.0,0.0
2024-09-12 12:45:00+09:00,2920.0,2925.0,2915.0,2925.0,163,0.0,0.0
2024-09-12 12:50:00+09:00,2925.0,2935.0,2925.0,2935.0,2473,0.0,0.0
2024-09-12 12:55:00+09:00,2935.0,2940.0,2935.0,2940.0,366,0.0,0.0
2024-09-12 13:00:00+09:00,2940.0,2945.0,2925.0,2940.0,1943,0.0,0.0
2024-09-12 13:05:00+09:00,2925.0,2935.0,2925.0,2935.0,48,0.0,0.0
2024-09-12 13:10:00+09:00,2930.0,2935.0,2930.0,2935.0,9,0.0,0.0
2024-09-12 13:15:00+09:00,2930.0,2935.0,2925.0,2925.0,116,0.0,0.0
2024-09-12 13:20:00+09:00,2930.0,2930.0,2930.0,2930.0,24,0.0,0.0
2024-09-12 13:25:00+09:00,2925.0,2930.0,2920.0,2925.0,275,0.0,0.0
2024-09-12 13:30:00+09:00,2920.0,2920.0,2915.0,2915.0,2030,0.0,0.0
2024-09-12 13:35:00+09:00,2915.0,2925.0,2915.0,2925.0,518,0.0,0.0
2024-09-12 13:40:00+09:00,2925.0,2925.0,2920.0,2920.0,307,0.0,0.0
2024-09-12 13:45:00+09:00,2920.0,2925.0,2915.0,2925.0,645,0.0,0.0
2024-09-12 13:50:00+09:00,2920.0,2925.0,2915.0,2925.0,62,0.0,0.0
2024-09-12 13:55:00+09:00,2920.0,2925.0,2910.0,2910.0,1472,0.0,0.0
2024-09-12 14:00:00+09:00,2910.0,2915.0,2910.0,2915.0,172,0.0,0.0
2024-09-12 14:05:00+09:00,2910.0,2910.0,2905.0,2910.0,743,0.0,0.0
2024-09-12 14:10:00+09:00,2905.0,2905.0,2900.0,2900.0,570,0.0,0.0
2024-09-12 14:15:00+09:00,2900.0,2905.0,2900.0,2905.0,396,0.0,0.0
2024-09-12 14:20:00+09:00,2905.0,2915.0,2890.0,2900.0,4216,0.0,0.0
2024-09-12 14:25:00+09:00,2900.0,2900.0,2895.0,2895.0,443,0.0,0.0
2024-09-12 14:30:00+09:00,2895.0,2900.0,2895.0,2895.0,224,0.0,0.0
2024-09-12 14:35:00+09:00,2895.0,2900.0,2885.0,2890.0,1787,0.0,0.0
2024-09-12 14:40:00+09:00,2890.0,2890.0,2885.0,2885.0,504,0.0,0.0
2024-09-12 14:45:00+09:00,2890.0,2915.0,2890.0,2915.0,221,0.0,0.0
2024-09-12 14:50:00+09:00,2915.0,2915.0,2900.0,2900.0,1466,0.0,0.0
2024-09-12 14:55:00+09:00,2900.0,2905.0,2890.0,2905.0,1510,0.0,0.0
2024-09-13 09:00:00+09:00,2855.0,2880.0,2855.0,2880.0,1147,0.0,0.0
2024-09-13 09:05:00+09:00,2885.0,2885.0,2855.0,2880.0,1189,0.0,0.0
2024-09-13 09:10:00+09:00,2855.0,2865.0,2850.0,2855.0,695,0.0,0.0
2024-09-13 09:15:00+09:00,2850.0,2850.0,2845.0,2845.0,374,0.0,0.0
2024-09-13 09:20:00+09:00,2845.0,2870.0,2825.0,2870.0,3170,0.0,0.0
2024-09-13 09:25:00+09:00,2870.0,2870.0,2860.0,2860.0,109,0.0,0.0
2024-09-13 09:30:00+09:00,2855.0,2855.0,2840.0,2845.0,579,0.0,0.0
2024-09-13 09:35:00+09:00,2850.0,2850.0,2850.0,2850.0,36,0.0,0.0
2024-09-13 09:40:00+09:00,2850.0,2870.0,2840.0,2840.0,219,0.0,0.0
2024-09-13 09:45:00+09:00,2865.0,2870.0,2865.0,2870.0,1953,0.0,0.0
2024-09-13 09:50:00+09:00,2850.0,2850.0,2850.0,2850.0,2305,0.0,0.0
2024-09-13 09:55:00+09:00,2845.0,2845.0,2835.0,2840.0,605,0.0,0.0
2024-09-13 10:00:00+09:00,2840.0,2840.0,2835.0,2840.0,233,0.0,0.0
2024-09-13 10:05:00+09:00,2845.0,2845.0,2840.0,2840.0,0,0.0,0.0
2024-09-13 10:10:00+09:00,2840.0,2840.0,2840.0,2840.0,1800,0.0,0.0
2024-09-13 10:15:00+09:00,2860.0,2865.0,2860.0,2865.0,9,0.0,0.0
2024-09-13 10:20:00+09:00,2845.0,2845.0,2845.0,2845.0,198,0.0,0.0
2024-09-13 10:35:00+09:00,2865.0,2865.0,2865.0,2865.0,1074,0.0,0.0
2024-09-13 10:40:00+09:00,2855.0,2860.0,2855.0,2860.0,0,0.0,0.0
2024-09-13 10:45:00+09:00,2860.0,2865.0,2860.0,2865.0,0,0.0,0.0
2024-09-13 10:50:00+09:00,2860.0,2875.0,2860.0,2875.0,3506,0.0,0.0
2024-09-13 10:55:00+09:00,2875.0,2905.0,2875.0,2905.0,3202,0.0,0.0
2024-09-13 11:00:00+09:00,2890.0,2890.0,2885.0,2890.0,2736,0.0,0.0
2024-09-13 11:05:00+09:00,2885.0,2885.0,2855.0,2855.0,1413,0.0,0.0
2024-09-13 11:10:00+09:00,2875.0,2875.0,2860.0,2860.0,0,0.0,0.0
2024-09-13 11:15:00+09:00,2860.0,2860.0,2855.0,2855.0,562,0.0,0.0
2024-09-13 11:25:00+09:00,2860.0,2860.0,2860.0,2860.0,246,0.0,0.0
2024-09-13 11:30:00+09:00,2860.0,2870.0,2860.0,2870.0,655,0.0,0.0
2024-09-13 11:35:00+09:00,2870.0,2870.0,2850.0,2850.0,1736,0.0,0.0
2024-09-13 11:40:00+09:00,2850.0,2850.0,2845.0,2845.0,892,0.0,0.0
2024-09-13 11:50:00+09:00,2850.0,2850.0,2850.0,2850.0,39,0.0,0.0
2024-09-13 11:55:00+09:00,2845.0,2845.0,2845.0,2845.0,301,0.0,0.0
2024-09-13 12:00:00+09:00,2855.0,2855.0,2855.0,2855.0,0,0.0,0.0
2024-09-13 12:05:00+09:00,2845.0,2845.0,2845.0,2845.0,274,0.0,0.0
2024-09-13 12:10:00+09:00,2845.0,2850.0,2845.0,2845.0,0,0.0,0.0
2024-09-13 12:15:00+09:00,2860.0,2860.0,2860.0,2860.0,12,0.0,0.0
2024-09-13 12:20:00+09:00,2860.0,2860.0,2860.0,2860.0,7,0.0,0.0
2024-09-13 12:25:00+09:00,2875.0,2875.0,2860.0,2860.0,22,0.0,0.0
2024-09-13 12:35:00+09:00,2870.0,2870.0,2870.0,2870.0,296,0.0,0.0
2024-09-13 12:40:00+09:00,2870.0,2880.0,2870.0,2880.0,521,0.0,0.0
2024-09-13 12:50:00+09:00,2875.0,2875.0,2875.0,2875.0,2,0.0,0.0
2024-09-13 12:55:00+09:00,2875.0,2875.0,2875.0,2875.0,6,0.0,0.0
2024-09-13 13:00:00+09:00,2865.0,2865.0,2865.0,2865.0,3,0.0,0.0
2024-09-13 13:05:00+09:00,2860.0,2865.0,2860.0,2865.0,27,0.0,0.0
2024-09-13 13:10:00+09:00,2865.0,2865.0,2865.0,2865.0,560,0.0,0.0
2024-09-13 13:15:00+09:00,2860.0,2875.0,2860.0,2875.0,5,0.0,0.0
2024-09-13 13:20:00+09:00,2860.0,2860.0,2850.0,2850.0,496,0.0,0.0
2024-09-13 13:25:00+09:00,2850.0,2850.0,2840.0,2840.0,2958,0.0,0.0
2024-09-13 13:30:00+09:00,2840.0,2855.0,2840.0,2855.0,0,0.0,0.0
2024-09-13 13:35:00+09:00,2855.0,2855.0,2845.0,2845.0,356,0.0,0.0
2024-09-13 13:40:00+09:00,2855.0,2855.0,2855.0,2855.0,10,0.0,0.0
2024-09-13 13:45:00+09:00,2855.0,2855.0,2855.0,2855.0,134,0.0,0.0
2024-09-13 13:50:00+09:00,2850.0,2850.0,2840.0,2840.0,4277,0.0,0.0
2024-09-13 13:55:00+09:00,2855.0,2855.0,2840.0,2845.0,2033,0.0,0.0
2024-09-13 14:00:00+09:00,2845.0,2845.0,2835.0,2845.0,1957,0.0,0.0
2024-09-13 14:05:00+09:00,2845.0,2845.0,2840.0,2840.0,11,0.0,0.0
2024-09-13 14:10:00+09:00,2845.0,2845.0,2840.0,2840.0,150,0.0,0.0
2024-09-13 14:15:00+09:00,2845.0,2860.0,2845.0,2860.0,677,0.0,0.0
2024-09-13 14:20:00+09:00,2860.0,2925.0,2860.0,2890.0,7009,0.0,0.0
2024-09-13 14:25:00+09:00,2910.0,2910.0,2895.0,2895.0,1455,0.0,0.0
2024-09-13 14:30:00+09:00,2905.0,2905.0,2890.0,2890.0,2198,0.0,0.0
2024-09-13 14:35:00+09:00,2900.0,2900.0,2890.0,2890.0,43,0.0,0.0
2024-09-13 14:40:00+09:00,2890.0,2905.0,2890.0,2890.0,4401,0.0,0.0
2024-09-13 14:45:00+09:00,2910.0,2910.0,2910.0,2910.0,2,0.0,0.0
2024-09-13 14:50:00+09:00,2905.0,2910.0,2890.0,2890.0,622,0.0,0.0
2024-09-13 14:55:00+09:00,2890.0,2905.0,2890.0,2905.0,5158,0.0,0.0
2024-09-19 09:00:00+09:00,2995.0,3015.0,2920.0,2985.0,0,0.0,0.0
2024-09-19 09:05:00+09:00,2985.0,2985.0,2930.0,2940.0,6564,0.0,0.0
2024-09-19 09:10:00+09:00,2930.0,2960.0,2930.0,2960.0,1754,0.0,0.0
2024-09-19 09:15:00+09:00,2940.0,2945.0,2940.0,2945.0,252,0.0,0.0
2024-09-19 09:20:00+09:00,2940.0,2970.0,2940.0,2970.0,789,0.0,0.0
2024-09-19 09:25:00+09:00,2970.0,2970.0,2945.0,2950.0,1475,0.0,0.0
2024-09-19 09:30:00+09:00,2945.0,2945.0,2930.0,2935.0,445,0.0,0.0
2024-09-19 09:35:00+09:00,2930.0,2930.0,2930.0,2930.0,823,0.0,0.0
2024-09-19 09:40:00+09:00,2930.0,2935.0,2925.0,2925.0,1320,0.0,0.0
2024-09-19 09:45:00+09:00,2920.0,2925.0,2910.0,2925.0,2090,0.0,0.0
2024-09-19 09:50:00+09:00,2925.0,2925.0,2900.0,2915.0,3375,0.0,0.0
2024-09-19 09:55:00+09:00,2900.0,2900.0,2865.0,2865.0,8802,0.0,0.0
2024-09-19 10:00:00+09:00,2865.0,2875.0,2860.0,2875.0,261,0.0,0.0
2024-09-19 10:05:00+09:00,2870.0,2870.0,2850.0,2850.0,916,0.0,0.0
2024-09-19 10:10:00+09:00,2850.0,2855.0,2850.0,2855.0,457,0.0,0.0
2024-09-19 10:15:00+09:00,2860.0,2875.0,2855.0,2875.0,302,0.0,0.0
2024-09-19 10:20:00+09:00,2860.0,2860.0,2860.0,2860.0,223,0.0,0.0
2024-09-19 10:25:00+09:00,2855.0,2855.0,2845.0,2850.0,2095,0.0,0.0
2024-09-19 10:30:00+09:00,2850.0,2850.0,2840.0,2840.0,2071,0.0,0.0
2024-09-19 10:35:00+09:00,2840.0,2840.0,2840.0,2840.0,132,0.0,0.0
2024-09-19 10:40:00+09:00,2840.0,2840.0,2840.0,2840.0,0,0.0,0.0
2024-09-19 10:45:00+09:00,2840.0,2840.0,2840.0,2840.0,2,0.0,0.0
2024-09-19 10:50:00+09:00,2840.0,2860.0,2840.0,2840.0,2806,0.0,0.0
2024-09-19 10:55:00+09:00,2860.0,2860.0,2860.0,2860.0,0,0.0,0.0
2024-09-19 11:00:00+09:00,2860.0,2860.0,2860.0,2860.0,545,0.0,0.0
2024-09-19 11:10:00+09:00,2855.0,2855.0,2855.0,2855.0,252,0.0,0.0
2024-09-19 11:15:00+09:00,2870.0,2870.0,2845.0,2845.0,1581,0.0,0.0
2024-09-19 11:20:00+09:00,2850.0,2850.0,2850.0,2850.0,0,0.0,0.0
2024-09-19 11:25:00+09:00,2860.0,2860.0,2850.0,2850.0,39,0.0,0.0
2024-09-19 11:40:00+09:00,2855.0,2855.0,2850.0,2850.0,1987,0.0,0.0
2024-09-19 11:45:00+09:00,2855.0,2855.0,2855.0,2855.0,50,0.0,0.0
2024-09-19 11:55:00+09:00,2865.0,2885.0,2865.0,2870.0,36,0.0,0.0
2024-09-19 12:00:00+09:00,2870.0,2870.0,2870.0,2870.0,126,0.0,0.0
2024-09-19 12:10:00+09:00,2860.0,2860.0,2850.0,2855.0,1569,0.0,0.0
2024-09-19 12:15:00+09:00,2850.0,2855.0,2845.0,2855.0,178,0.0,0.0
2024-09-19 12:20:00+09:00,2845.0,2845.0,2845.0,2845.0,366,0.0,0.0
2024-09-19 12:25:00+09:00,2870.0,2870.0,2845.0,2845.0,70,0.0,0.0
2024-09-19 12:35:00+09:00,2845.0,2845.0,2845.0,2845.0,463,0.0,0.0
2024-09-19 12:45:00+09:00,2860.0,2860.0,2860.0,2860.0,8,0.0,0.0
2024-09-19 12:50:00+09:00,2855.0,2860.0,2850.0,2860.0,23,0.0,0.0
2024-09-19 12:55:00+09:00,2860.0,2860.0,2860.0,2860.0,194,0.0,0.0
2024-09-19 13:00:00+09:00,2860.0,2860.0,2860.0,2860.0,184,0.0,0.0
2024-09-19 13:05:00+09:00,2875.0,2875.0,2875.0,2875.0,552,0.0,0.0
2024-09-19 13:10:00+09:00,2875.0,2875.0,2875.0,2875.0,114,0.0,0.0
2024-09-19 13:15:00+09:00,2880.0,2880.0,2880.0,2880.0,47,0.0,0.0
2024-09-19 13:20:00+09:00,2880.0,2880.0,2875.0,2875.0,1098,0.0,0.0
2024-09-19 13:25:00+09:00,2885.0,2890.0,2880.0,2880.0,20,0.0,0.0
2024-09-19 13:30:00+09:00,2885.0,2885.0,2880.0,2885.0,1466,0.0,0.0
2024-09-19 13:35:00+09:00,2880.0,2880.0,2880.0,2880.0,956,0.0,0.0
2024-09-19 13:40:00+09:00,2885.0,2885.0,2880.0,2880.0,154,0.0,0.0
2024-09-19 13:45:00+09:00,2870.0,2870.0,2870.0,2870.0,2,0.0,0.0
2024-09-19 13:55:00+09:00,2870.0,2870.0,2870.0,2870.0,163,0.0,0.0
2024-09-19 14:00:00+09:00,2870.0,2870.0,2870.0,2870.0,123,0.0,0.0
2024-09-19 14:05:00+09:00,2865.0,2865.0,2860.0,2860.0,35,0.0,0.0
2024-09-19 14:10:00+09:00,2880.0,2880.0,2880.0,2880.0,0,0.0,0.0
2024-09-19 14:15:00+09:00,2880.0,2880.0,2860.0,2860.0,1001,0.0,0.0
2024-09-19 14:20:00+09:00,2860.0,2860.0,2840.0,2840.0,8005,0.0,0.0
2024-09-19 14:25:00+09:00,2855.0,2855.0,2855.0,2855.0,0,0.0,0.0
2024-09-19 14:35:00+09:00,2850.0,2855.0,2850.0,2855.0,907,0.0,0.0
2024-09-19 14:40:00+09:00,2860.0,2860.0,2860.0,2860.0,425,0.0,0.0
2024-09-19 14:45:00+09:00,2860.0,2860.0,2860.0,2860.0,1188,0.0,0.0
2024-09-19 14:50:00+09:00,2845.0,2860.0,2845.0,2860.0,149,0.0,0.0
2024-09-20 09:00:00+09:00,2900.0,2900.0,2845.0,2875.0,3073,0.0,0.0
2024-09-20 09:05:00+09:00,2875.0,2885.0,2875.0,2885.0,268,0.0,0.0
2024-09-20 09:10:00+09:00,2885.0,2890.0,2875.0,2880.0,458,0.0,0.0
2024-09-20 09:15:00+09:00,2885.0,2890.0,2850.0,2850.0,1341,0.0,0.0
2024-09-20 09:20:00+09:00,2880.0,2890.0,2880.0,2885.0,0,0.0,0.0
2024-09-20 09:25:00+09:00,2880.0,2880.0,2840.0,2840.0,1248,0.0,0.0
2024-09-20 09:30:00+09:00,2840.0,2840.0,2840.0,2840.0,650,0.0,0.0
2024-09-20 09:35:00+09:00,2850.0,2880.0,2850.0,2870.0,301,0.0,0.0
2024-09-20 09:40:00+09:00,2870.0,2890.0,2840.0,2870.0,3813,0.0,0.0
2024-09-20 09:50:00+09:00,2855.0,2865.0,2820.0,2865.0,2486,0.0,0.0
2024-09-20 09:55:00+09:00,2845.0,2845.0,2840.0,2840.0,2622,0.0,0.0
2024-09-20 10:00:00+09:00,2840.0,2840.0,2840.0,2840.0,1168,0.0,0.0
2024-09-20 10:05:00+09:00,2860.0,2875.0,2860.0,2870.0,556,0.0,0.0
2024-09-20 10:10:00+09:00,2850.0,2865.0,2850.0,2865.0,85,0.0,0.0
2024-09-20 10:15:00+09:00,2855.0,2855.0,2855.0,2855.0,8,0.0,0.0
2024-09-20 10:20:00+09:00,2850.0,2855.0,2845.0,2845.0,189,0.0,0.0
2024-09-20 10:25:00+09:00,2845.0,2845.0,2820.0,2840.0,1874,0.0,0.0
2024-09-20 10:30:00+09:00,2820.0,2845.0,2820.0,2845.0,363,0.0,0.0
2024-09-20 10:35:00+09:00,2840.0,2850.0,2835.0,2850.0,1538,0.0,0.0
2024-09-20 10:40:00+09:00,2855.0,2860.0,2850.0,2850.0,0,0.0,0.0
2024-09-20 10:45:00+09:00,2850.0,2850.0,2850.0,2850.0,32,0.0,0.0
2024-09-20 10:50:00+09:00,2840.0,2840.0,2840.0,2840.0,0,0.0,0.0
2024-09-20 10:55:00+09:00,2850.0,2850.0,2845.0,2845.0,22048,0.0,0.0
2024-09-20 11:00:00+09:00,2850.0,2850.0,2850.0,2850.0,2,0.0,0.0
2024-09-20 11:05:00+09:00,2850.0,2850.0,2850.0,2850.0,17,0.0,0.0
2024-09-20 11:10:00+09:00,2845.0,2850.0,2845.0,2850.0,159,0.0,0.0
2024-09-20 11:15:00+09:00,2850.0,2860.0,2850.0,2860.0,367,0.0,0.0
2024-09-20 11:30:00+09:00,2850.0,2860.0,2850.0,2860.0,24,0.0,0.0
2024-09-20 11:35:00+09:00,2860.0,2860.0,2850.0,2850.0,873,0.0,0.0
2024-09-20 11:40:00+09:00,2855.0,2860.0,2855.0,2855.0,0,0.0,0.0
2024-09-20 11:45:00+09:00,2850.0,2860.0,2850.0,2850.0,245,0.0,0.0
2024-09-20 11:50:00+09:00,2860.0,2860.0,2860.0,2860.0,1,0.0,0.0
2024-09-20 12:00:00+09:00,2845.0,2845.0,2845.0,2845.0,256,0.0,0.0
2024-09-20 12:05:00+09:00,2850.0,2850.0,2850.0,2850.0,30,0.0,0.0
2024-09-20 12:10:00+09:00,2850.0,2860.0,2850.0,2860.0,130,0.0,0.0
2024-09-20 12:25:00+09:00,2850.0,2855.0,2845.0,2855.0,633,0.0,0.0
2024-09-20 12:30:00+09:00,2860.0,2860.0,2855.0,2855.0,4923,0.0,0.0
2024-09-20 12:35:00+09:00,2860.0,2860.0,2840.0,2860.0,0,0.0,0.0
2024-09-20 12:45:00+09:00,2860.0,2860.0,2840.0,2840.0,767,0.0,0.0
2024-09-20 12:50:00+09:00,2855.0,2865.0,2855.0,2860.0,4549,0.0,0.0
2024-09-20 12:55:00+09:00,2860.0,2870.0,2860.0,2870.0,1519,0.0,0.0
2024-09-20 13:00:00+09:00,2870.0,2870.0,2870.0,2870.0,8,0.0,0.0
2024-09-20 13:05:00+09:00,2865.0,2870.0,2860.0,2870.0,120,0.0,0.0
2024-09-20 13:10:00+09:00,2860.0,2870.0,2860.0,2870.0,26,0.0,0.0
2024-09-20 13:15:00+09:00,2860.0,2870.0,2860.0,2870.0,2,0.0,0.0
2024-09-20 13:20:00+09:00,2865.0,2870.0,2865.0,2870.0,1372,0.0,0.0
2024-09-20 13:25:00+09:00,2880.0,2880.0,2880.0,2880.0,0,0.0,0.0
2024-09-20 13:30:00+09:00,2865.0,2880.0,2865.0,2875.0,1002,0.0,0.0
2024-09-20 13:35:00+09:00,2875.0,2880.0,2875.0,2880.0,5,0.0,0.0
2024-09-20 13:40:00+09:00,2865.0,2880.0,2865.0,2880.0,51,0.0,0.0
2024-09-20 13:50:00+09:00,2880.0,2895.0,2880.0,2890.0,1656,0.0,0.0
2024-09-20 13:55:00+09:00,2880.0,2890.0,2880.0,2890.0,0,0.0,0.0
2024-09-20 14:05:00+09:00,2890.0,2890.0,2860.0,2860.0,2249,0.0,0.0
2024-09-20 14:10:00+09:00,2880.0,2880.0,2880.0,2880.0,0,0.0,0.0
2024-09-20 14:15:00+09:00,2860.0,2860.0,2860.0,2860.0,604,0.0,0.0
2024-09-20 14:20:00+09:00,2880.0,2880.0,2880.0,2880.0,3,0.0,0.0
2024-09-20 14:25:00+09:00,2865.0,2875.0,2865.0,2875.0,1016,0.0,0.0
2024-09-20 14:30:00+09:00,2860.0,2875.0,2860.0,2860.0,203,0.0,0.0
2024-09-20 14:35:00+09:00,2875.0,2875.0,2875.0,2875.0,4,0.0,0.0
2024-09-20 14:40:00+09:00,2875.0,2875.0,2875.0,2875.0,2,0.0,0.0
2024-09-20 14:45:00+09:00,2860.0,2875.0,2860.0,2875.0,2,0.0,0.0
2024-09-20 14:50:00+09:00,2860.0,2860.0,2860.0,2860.0,400,0.0,0.0
2024-09-20 14:55:00+09:00,2865.0,2870.0,2865.0,2870.0,0,0.0,0.0
2024-09-23 09:00:00+09:00,2825.0,2850.0,2825.0,2850.0,0,0.0,0.0
2024-09-23 09:05:00+09:00,2850.0,2940.0,2830.0,2855.0,465,0.0,0.0
2024-09-23 09:10:00+09:00,2860.0,2865.0,2825.0,2830.0,1878,0.0,0.0
2024-09-23 09:15:00+09:00,2855.0,2860.0,2855.0,2860.0,234,0.0,0.0
2024-09-23 09:20:00+09:00,2880.0,2880.0,2880.0,2880.0,0,0.0,0.0
2024-09-23 09:25:00+09:00,2865.0,2880.0,2865.0,2865.0,981,0.0,0.0
2024-09-23 09:30:00+09:00,2865.0,2885.0,2865.0,2885.0,37,0.0,0.0
2024-09-23 09:35:00+09:00,2885.0,2885.0,2885.0,2885.0,49,0.0,0.0
2024-09-23 09:40:00+09:00,2870.0,2885.0,2870.0,2885.0,62,0.0,0.0
2024-09-23 09:45:00+09:00,2885.0,2885.0,2880.0,2885.0,119,0.0,0.0
2024-09-23 09:50:00+09:00,2885.0,2885.0,2885.0,2885.0,24,0.0,0.0
2024-09-23 09:55:00+09:00,2880.0,2885.0,2880.0,2885.0,105,0.0,0.0
2024-09-23 10:05:00+09:00,2885.0,2885.0,2865.0,2865.0,665,0.0,0.0
2024-09-23 10:10:00+09:00,2860.0,2860.0,2855.0,2860.0,426,0.0,0.0
2024-09-23 10:15:00+09:00,2860.0,2860.0,2860.0,2860.0,150,0.0,0.0
2024-09-23 10:30:00+09:00,2840.0,2855.0,2840.0,2840.0,213,0.0,0.0
2024-09-23 10:35:00+09:00,2855.0,2855.0,2835.0,2835.0,268,0.0,0.0
2024-09-23 10:40:00+09:00,2835.0,2835.0,2835.0,2835.0,107,0.0,0.0
2024-09-23 10:45:00+09:00,2835.0,2835.0,2835.0,2835.0,43,0.0,0.0
2024-09-23 10:50:00+09:00,2855.0,2855.0,2855.0,2855.0,1,0.0,0.0
2024-09-23 11:00:00+09:00,2850.0,2850.0,2850.0,2850.0,8,0.0,0.0
2024-09-23 11:15:00+09:00,2850.0,2850.0,2850.0,2850.0,19,0.0,0.0
2024-09-23 11:20:00+09:00,2850.0,2850.0,2835.0,2835.0,18,0.0,0.0
2024-09-23 11:25:00+09:00,2850.0,2850.0,2850.0,2850.0,156,0.0,0.0
2024-09-23 11:50:00+09:00,2835.0,2835.0,2835.0,2835.0,695,0.0,0.0
2024-09-23 11:55:00+09:00,2835.0,2835.0,2835.0,2835.0,47,0.0,0.0
2024-09-23 12:00:00+09:00,2835.0,2835.0,2835.0,2835.0,91,0.0,0.0
2024-09-23 12:05:00+09:00,2835.0,2835.0,2835.0,2835.0,46,0.0,0.0
2024-09-23 12:15:00+09:00,2850.0,2855.0,2850.0,2855.0,1600,0.0,0.0
2024-09-23 12:25:00+09:00,2855.0,2855.0,2855.0,2855.0,600,0.0,0.0
2024-09-23 12:30:00+09:00,2865.0,2870.0,2855.0,2855.0,5,0.0,0.0
2024-09-23 12:45:00+09:00,2855.0,2865.0,2850.0,2850.0,1051,0.0,0.0
2024-09-23 12:50:00+09:00,2855.0,2855.0,2855.0,2855.0,200,0.0,0.0
2024-09-23 12:55:00+09:00,2850.0,2850.0,2835.0,2835.0,1700,0.0,0.0
2024-09-23 13:05:00+09:00,2835.0,2835.0,2830.0,2830.0,6093,0.0,0.0
2024-09-23 13:15:00+09:00,2845.0,2845.0,2845.0,2845.0,110,0.0,0.0
2024-09-23 13:25:00+09:00,2850.0,2860.0,2845.0,2860.0,1840,0.0,0.0
2024-09-23 13:30:00+09:00,2855.0,2855.0,2850.0,2850.0,149,0.0,0.0
2024-09-23 13:40:00+09:00,2850.0,2850.0,2850.0,2850.0,346,0.0,0.0
2024-09-23 13:50:00+09:00,2850.0,2850.0,2845.0,2845.0,1064,0.0,0.0
2024-09-23 14:05:00+09:00,2850.0,2850.0,2850.0,2850.0,966,0.0,0.0
2024-09-23 14:10:00+09:00,2845.0,2845.0,2845.0,2845.0,693,0.0,0.0
2024-09-23 14:15:00+09:00,2845.0,2845.0,2825.0,2830.0,412,0.0,0.0
2024-09-23 14:25:00+09:00,2855.0,2860.0,2835.0,2835.0,79,0.0,0.0
2024-09-23 14:30:00+09:00,2835.0,2835.0,2835.0,2835.0,308,0.0,0.0
2024-09-23 14:35:00+09:00,2835.0,2835.0,2835.0,2835.0,3,0.0,0.0
2024-09-23 14:40:00+09:00,2840.0,2840.0,2830.0,2840.0,2589,0.0,0.0
2024-09-23 14:45:00+09:00,2840.0,2850.0,2840.0,2850.0,0,0.0,0.0
2024-09-24 09:00:00+09:00,2810.0,2860.0,2810.0,2835.0,1614,0.0,0.0
2024-09-24 09:05:00+09:00,2850.0,2880.0,2835.0,2880.0,346,0.0,0.0
2024-09-24 09:10:00+09:00,2870.0,2870.0,2820.0,2820.0,782,0.0,0.0
2024-09-24 09:15:00+09:00,2825.0,2840.0,2825.0,2835.0,59,0.0,0.0
2024-09-24 09:20:00+09:00,2840.0,2840.0,2840.0,2840.0,116,0.0,0.0
2024-09-24 09:25:00+09:00,2830.0,2845.0,2830.0,2830.0,1528,0.0,0.0
2024-09-24 09:30:00+09:00,2830.0,2845.0,2830.0,2845.0,6,0.0,0.0
2024-09-24 09:35:00+09:00,2845.0,2845.0,2845.0,2845.0,119,0.0,0.0
2024-09-24 09:40:00+09:00,2845.0,2845.0,2830.0,2830.0,401,0.0,0.0
2024-09-24 09:45:00+09:00,2830.0,2860.0,2830.0,2860.0,789,0.0,0.0
2024-09-24 09:50:00+09:00,2860.0,2860.0,2860.0,2860.0,18,0.0,0.0
2024-09-24 09:55:00+09:00,2860.0,2870.0,2860.0,2870.0,2338,0.0,0.0
2024-09-24 10:00:00+09:00,2855.0,2890.0,2855.0,2890.0,2110,0.0,0.0
2024-09-24 10:05:00+09:00,2890.0,2895.0,2890.0,2895.0,201,0.0,0.0
2024-09-24 10:10:00+09:00,2890.0,2890.0,2880.0,2880.0,146,0.0,0.0
2024-09-24 10:15:00+09:00,2885.0,2885.0,2885.0,2885.0,4,0.0,0.0
2024-09-24 10:20:00+09:00,2880.0,2880.0,2875.0,2875.0,392,0.0,0.0
2024-09-24 10:25:00+09:00,2875.0,2880.0,2875.0,2880.0,7,0.0,0.0
2024-09-24 10:30:00+09:00,2880.0,2880.0,2880.0,2880.0,5,0.0,0.0
2024-09-24 10:40:00+09:00,2875.0,2875.0,2875.0,2875.0,8,0.0,0.0
2024-09-24 10:45:00+09:00,2880.0,2880.0,2880.0,2880.0,16,0.0,0.0
2024-09-24 10:50:00+09:00,2875.0,2875.0,2875.0,2875.0,315,0.0,0.0
2024-09-24 10:55:00+09:00,2875.0,2875.0,2875.0,2875.0,0,0.0,0.0
2024-09-24 11:00:00+09:00,2875.0,2875.0,2870.0,2870.0,874,0.0,0.0
2024-09-24 11:05:00+09:00,2870.0,2885.0,2865.0,2885.0,869,0.0,0.0
2024-09-24 11:10:00+09:00,2885.0,2905.0,2870.0,2905.0,6359,0.0,0.0
2024-09-24 11:15:00+09:00,2905.0,2905.0,2895.0,2895.0,1112,0.0,0.0
2024-09-24 11:20:00+09:00,2895.0,2905.0,2895.0,2905.0,1222,0.0,0.0
2024-09-24 11:25:00+09:00,2905.0,2980.0,2900.0,2980.0,7625,0.0,0.0
2024-09-24 11:30:00+09:00,2980.0,2980.0,2930.0,2935.0,911,0.0,0.0
2024-09-24 11:35:00+09:00,2940.0,2965.0,2940.0,2965.0,607,0.0,0.0
2024-09-24 11:40:00+09:00,2945.0,2965.0,2935.0,2955.0,195,0.0,0.0
2024-09-24 11:45:00+09:00,2955.0,2960.0,2940.0,2940.0,2029,0.0,0.0
2024-09-24 11:50:00+09:00,2935.0,2935.0,2935.0,2935.0,1180,0.0,0.0
2024-09-24 12:00:00+09:00,2930.0,2930.0,2925.0,2925.0,21,0.0,0.0
2024-09-24 12:05:00+09:00,2925.0,2925.0,2920.0,2920.0,1119,0.0,0.0
2024-09-24 12:10:00+09:00,2920.0,2920.0,2900.0,2920.0,1931,0.0,0.0
2024-09-24 12:15:00+09:00,2900.0,2900.0,2900.0,2900.0,0,0.0,0.0
2024-09-24 12:20:00+09:00,2900.0,2900.0,2875.0,2890.0,2579,0.0,0.0
2024-09-24 12:25:00+09:00,2890.0,2905.0,2890.0,2905.0,1678,0.0,0.0
2024-09-24 12:30:00+09:00,2915.0,2915.0,2915.0,2915.0,2,0.0,0.0
2024-09-24 12:35:00+09:00,2915.0,2915.0,2905.0,2910.0,196,0.0,0.0
2024-09-24 12:40:00+09:00,2905.0,2905.0,2905.0,2905.0,521,0.0,0.0
2024-09-24 12:45:00+09:00,2905.0,2905.0,2900.0,2900.0,0,0.0,0.0
2024-09-24 12:50:00+09:00,2900.0,2900.0,2900.0,2900.0,2,0.0,0.0
2024-09-24 12:55:00+09:00,2905.0,2950.0,2905.0,2915.0,1359,0.0,0.0
2024-09-24 13:05:00+09:00,2915.0,2925.0,2910.0,2925.0,129,0.0,0.0
2024-09-24 13:10:00+09:00,2920.0,2920.0,2920.0,2920.0,1,0.0,0.0
2024-09-24 13:20:00+09:00,2910.0,2910.0,2910.0,2910.0,150,0.0,0.0
2024-09-24 13:25:00+09:00,2900.0,2900.0,2900.0,2900.0,51,0.0,0.0
2024-09-24 13:30:00+09:00,2910.0,2910.0,2910.0,2910.0,286,0.0,0.0
2024-09-24 13:40:00+09:00,2910.0,2910.0,2910.0,2910.0,37,0.0,0.0
2024-09-24 13:50:00+09:00,2915.0,2915.0,2915.0,2915.0,391,0.0,0.0
2024-09-24 13:55:00+09:00,2925.0,2925.0,2925.0,2925.0,200,0.0,0.0
2024-09-24 14:00:00+09:00,2920.0,2920.0,2910.0,2910.0,575,0.0,0.0
2024-09-24 14:05:00+09:00,2910.0,2910.0,2910.0,2910.0,183,0.0,0.0
2024-09-24 14:10:00+09:00,2910.0,2920.0,2910.0,2910.0,166,0.0,0.0
2024-09-24 14:15:00+09:00,2910.0,2910.0,2910.0,2910.0,0,0.0,0.0
2024-09-24 14:20:00+09:00,2915.0,2915.0,2915.0,2915.0,300,0.0,0.0
2024-09-24 14:25:00+09:00,2925.0,2925.0,2925.0,2925.0,125,0.0,0.0
2024-09-24 14:30:00+09:00,2915.0,2915.0,2910.0,2915.0,161,0.0,0.0
2024-09-24 14:35:00+09:00,2915.0,2920.0,2915.0,2915.0,1042,0.0,0.0
2024-09-24 14:40:00+09:00,2920.0,2920.0,2920.0,2920.0,70,0.0,0.0
2024-09-24 14:45:00+09:00,2920.0,2920.0,2920.0,2920.0,728,0.0,0.0
2024-09-24 14:50:00+09:00,2920.0,2920.0,2920.0,2920.0,40,0.0,0.0
2024-09-24 14:55:00+09:00,2925.0,2925.0,2925.0,2925.0,396,0.0,0.0
2024-09-25 09:00:00+09:00,2960.0,2960.0,2955.0,2955.0,6053,0.0,0.0
2024-09-25 09:05:00+09:00,2920.0,2920.0,2870.0,2905.0,0,0.0,0.0
2024-09-25 09:10:00+09:00,2885.0,2910.0,2880.0,2910.0,2433,0.0,0.0
2024-09-25 09:15:00+09:00,2910.0,2930.0,2910.0,2930.0,271,0.0,0.0
2024-09-25 09:20:00+09:00,2935.0,2935.0,2915.0,2915.0,25,0.0,0.0
2024-09-25 09:25:00+09:00,2920.0,2930.0,2885.0,2920.0,3159,0.0,0.0
2024-09-25 09:30:00+09:00,2900.0,2920.0,2900.0,2920.0,99,0.0,0.0
2024-09-25 09:35:00+09:00,2910.0,2910.0,2880.0,2905.0,1460,0.0,0.0
2024-09-25 09:40:00+09:00,2905.0,2905.0,2885.0,2905.0,538,0.0,0.0
2024-09-25 09:45:00+09:00,2910.0,2910.0,2890.0,2890.0,705,0.0,0.0
2024-09-25 09:50:00+09:00,2905.0,2905.0,2905.0,2905.0,0,0.0,0.0
2024-09-25 10:00:00+09:00,2905.0,2905.0,2905.0,2905.0,100,0.0,0.0
2024-09-25 10:05:00+09:00,2905.0,2905.0,2900.0,2900.0,15,0.0,0.0
2024-09-25 10:10:00+09:00,2890.0,2900.0,2890.0,2900.0,197,0.0,0.0
2024-09-25 10:15:00+09:00,2885.0,2895.0,2870.0,2885.0,562,0.0,0.0
2024-09-25 10:25:00+09:00,2875.0,2875.0,2870.0,2870.0,900,0.0,0.0
2024-09-25 10:30:00+09:00,2885.0,2885.0,2885.0,2885.0,0,0.0,0.0
2024-09-25 10:35:00+09:00,2885.0,2885.0,2885.0,2885.0,99,0.0,0.0
2024-09-25 10:40:00+09:00,2875.0,2875.0,2875.0,2875.0,68,0.0,0.0
2024-09-25 10:45:00+09:00,2875.0,2875.0,2875.0,2875.0,3,0.0,0.0
2024-09-25 10:50:00+09:00,2875.0,2875.0,2870.0,2870.0,1636,0.0,0.0
2024-09-25 10:55:00+09:00,2865.0,2870.0,2865.0,2870.0,365,0.0,0.0
2024-09-25 11:00:00+09:00,2885.0,2885.0,2885.0,2885.0,2,0.0,0.0
2024-09-25 11:10:00+09:00,2885.0,2885.0,2885.0,2885.0,110,0.0,0.0
2024-09-25 11:20:00+09:00,2880.0,2895.0,2880.0,2895.0,32,0.0,0.0
2024-09-25 11:25:00+09:00,2895.0,2895.0,2895.0,2895.0,473,0.0,0.0
2024-09-25 11:30:00+09:00,2900.0,2900.0,2900.0,2900.0,0,0.0,0.0
2024-09-25 11:40:00+09:00,2895.0,2900.0,2895.0,2900.0,985,0.0,0.0
2024-09-25 11:45:00+09:00,2880.0,2880.0,2880.0,2880.0,0,0.0,0.0
2024-09-25 11:50:00+09:00,2895.0,2895.0,2895.0,2895.0,0,0.0,0.0
2024-09-25 11:55:00+09:00,2890.0,2890.0,2890.0,2890.0,0,0.0,0.0
2024-09-25 12:00:00+09:00,2880.0,2880.0,2865.0,2865.0,810,0.0,0.0
2024-09-25 12:05:00+09:00,2865.0,2865.0,2865.0,2865.0,1142,0.0,0.0
2024-09-25 12:10:00+09:00,2865.0,2865.0,2865.0,2865.0,596,0.0,0.0
2024-09-25 12:15:00+09:00,2865.0,2865.0,2860.0,2860.0,67,0.0,0.0
2024-09-25 12:20:00+09:00,2860.0,2860.0,2860.0,2860.0,169,0.0,0.0
2024-09-25 12:35:00+09:00,2860.0,2860.0,2860.0,2860.0,193,0.0,0.0
2024-09-25 12:45:00+09:00,2860.0,2860.0,2850.0,2850.0,795,0.0,0.0
2024-09-25 12:50:00+09:00,2855.0,2855.0,2850.0,2850.0,132,0.0,0.0
2024-09-25 12:55:00+09:00,2860.0,2860.0,2860.0,2860.0,0,0.0,0.0
2024-09-25 13:00:00+09:00,2860.0,2890.0,2860.0,2875.0,313,0.0,0.0
2024-09-25 13:05:00+09:00,2855.0,2875.0,2855.0,2875.0,3,0.0,0.0
2024-09-25 13:10:00+09:00,2875.0,2890.0,2875.0,2890.0,4420,0.0,0.0
2024-09-25 13:15:00+09:00,2880.0,2880.0,2880.0,2880.0,5,0.0,0.0
2024-09-25 13:20:00+09:00,2875.0,2880.0,2870.0,2880.0,52,0.0,0.0
2024-09-25 13:30:00+09:00,2865.0,2880.0,2865.0,2880.0,10,0.0,0.0
2024-09-25 13:45:00+09:00,2880.0,2885.0,2880.0,2885.0,2,0.0,0.0
2024-09-25 13:50:00+09:00,2885.0,2885.0,2885.0,2885.0,200,0.0,0.0
2024-09-25 13:55:00+09:00,2870.0,2875.0,2870.0,2875.0,23,0.0,0.0
2024-09-25 14:00:00+09:00,2875.0,2890.0,2875.0,2890.0,97,0.0,0.0
2024-09-25 14:10:00+09:00,2885.0,2900.0,2885.0,2900.0,1601,0.0,0.0
2024-09-25 14:15:00+09:00,2900.0,2900.0,2890.0,2890.0,679,0.0,0.0
2024-09-25 14:20:00+09:00,2880.0,2890.0,2870.0,2885.0,93,0.0,0.0
2024-09-25 14:25:00+09:00,2890.0,2890.0,2890.0,2890.0,41,0.0,0.0
2024-09-25 14:30:00+09:00,2890.0,2890.0,2860.0,2885.0,2849,0.0,0.0
2024-09-25 14:35:00+09:00,2885.0,2900.0,2885.0,2900.0,403,0.0,0.0
2024-09-25 14:45:00+09:00,2885.0,2885.0,2885.0,2885.0,250,0.0,0.0
2024-09-25 14:50:00+09:00,2885.0,2885.0,2880.0,2880.0,264,0.0,0.0
2024-09-25 14:55:00+09:00,2875.0,2875.0,2870.0,2870.0,10,0.0,0.0
2024-09-26 09:00:00+09:00,2860.0,2925.0,2860.0,2925.0,5489,0.0,0.0
2024-09-26 09:05:00+09:00,2920.0,2920.0,2920.0,2920.0,443,0.0,0.0
2024-09-26 09:10:00+09:00,2895.0,2915.0,2895.0,2895.0,276,0.0,0.0
2024-09-26 09:15:00+09:00,2900.0,2900.0,2880.0,2900.0,423,0.0,0.0
2024-09-26 09:20:00+09:00,2900.0,2900.0,2900.0,2900.0,0,0.0,0.0
2024-09-26 09:25:00+09:00,2895.0,2895.0,2875.0,2895.0,13,0.0,0.0
2024-09-26 09:30:00+09:00,2895.0,2895.0,2895.0,2895.0,12,0.0,0.0
2024-09-26 09:35:00+09:00,2890.0,2890.0,2890.0,2890.0,76,0.0,0.0
2024-09-26 09:40:00+09:00,2890.0,2890.0,2890.0,2890.0,0,0.0,0.0
2024-09-26 09:45:00+09:00,2875.0,2885.0,2875.0,2885.0,5,0.0,0.0
2024-09-26 09:50:00+09:00,2875.0,2885.0,2875.0,2885.0,2,0.0,0.0
2024-09-26 09:55:00+09:00,2885.0,2885.0,2885.0,2885.0,10,0.0,0.0
2024-09-26 10:00:00+09:00,2880.0,2885.0,2875.0,2885.0,32,0.0,0.0
2024-09-26 10:05:00+09:00,2880.0,2885.0,2880.0,2885.0,231,0.0,0.0
2024-09-26 10:10:00+09:00,2885.0,2885.0,2885.0,2885.0,103,0.0,0.0
2024-09-26 10:20:00+09:00,2890.0,2900.0,2890.0,2900.0,2092,0.0,0.0
2024-09-26 10:25:00+09:00,2900.0,2900.0,2900.0,2900.0,90,0.0,0.0
2024-09-26 10:30:00+09:00,2890.0,2890.0,2890.0,2890.0,354,0.0,0.0
2024-09-26 10:40:00+09:00,2885.0,2885.0,2885.0,2885.0,440,0.0,0.0
2024-09-26 10:45:00+09:00,2885.0,2885.0,2885.0,2885.0,771,0.0,0.0
2024-09-26 10:50:00+09:00,2880.0,2880.0,2880.0,2880.0,785,0.0,0.0
2024-09-26 10:55:00+09:00,2880.0,2880.0,2880.0,2880.0,191,0.0,0.0
2024-09-26 11:00:00+09:00,2900.0,2900.0,2880.0,2895.0,296,0.0,0.0
2024-09-26 11:10:00+09:00,2890.0,2890.0,2890.0,2890.0,2,0.0,0.0
2024-09-26 11:15:00+09:00,2890.0,2890.0,2890.0,2890.0,150,0.0,0.0
2024-09-26 11:20:00+09:00,2895.0,2895.0,2895.0,2895.0,30,0.0,0.0
2024-09-26 11:25:00+09:00,2880.0,2895.0,2880.0,2895.0,21,0.0,0.0
2024-09-26 11:30:00+09:00,2880.0,2960.0,2880.0,2955.0,8301,0.0,0.0
2024-09-26 11:35:00+09:00,2950.0,2950.0,2915.0,2915.0,2874,0.0,0.0
2024-09-26 11:40:00+09:00,2910.0,2910.0,2910.0,2910.0,0,0.0,0.0
2024-09-26 11:45:00+09:00,2910.0,2910.0,2905.0,2905.0,84,0.0,0.0
2024-09-26 11:50:00+09:00,2910.0,2915.0,2910.0,2915.0,100,0.0,0.0
2024-09-26 12:00:00+09:00,2910.0,2910.0,2905.0,2905.0,1,0.0,0.0
2024-09-26 12:05:00+09:00,2905.0,2905.0,2905.0,2905.0,2,0.0,0.0
2024-09-26 12:10:00+09:00,2905.0,2905.0,2905.0,2905.0,15,0.0,0.0
2024-09-26 12:15:00+09:00,2905.0,2905.0,2905.0,2905.0,2,0.0,0.0
2024-09-26 12:20:00+09:00,2905.0,2910.0,2905.0,2910.0,1,0.0,0.0
2024-09-26 12:25:00+09:00,2910.0,2910.0,2910.0,2910.0,300,0.0,0.0
2024-09-26 12:30:00+09:00,2910.0,2910.0,2910.0,2910.0,0,0.0,0.0
2024-09-26 12:45:00+09:00,2910.0,2915.0,2910.0,2915.0,89,0.0,0.0
2024-09-26 12:50:00+09:00,2905.0,2905.0,2900.0,2905.0,714,0.0,0.0
2024-09-26 12:55:00+09:00,2905.0,2905.0,2880.0,2880.0,1404,0.0,0.0
2024-09-26 13:00:00+09:00,2880.0,2895.0,2880.0,2895.0,252,0.0,0.0
2024-09-26 13:05:00+09:00,2890.0,2900.0,2890.0,2895.0,2,0.0,0.0
2024-09-26 13:10:00+09:00,2895.0,2895.0,2895.0,2895.0,238,0.0,0.0
2024-09-26 13:20:00+09:00,2890.0,2890.0,2890.0,2890.0,551,0.0,0.0
2024-09-26 13:25:00+09:00,2890.0,2895.0,2890.0,2895.0,286,0.0,0.0
2024-09-26 13:30:00+09:00,2895.0,2895.0,2895.0,2895.0,533,0.0,0.0
2024-09-26 13:40:00+09:00,2900.0,2900.0,2900.0,2900.0,431,0.0,0.0
2024-09-26 13:45:00+09:00,2890.0,2910.0,2890.0,2910.0,2,0.0,0.0
2024-09-26 14:05:00+09:00,2910.0,2920.0,2910.0,2920.0,402,0.0,0.0
2024-09-26 14:10:00+09:00,2920.0,2920.0,2920.0,2920.0,100,0.0,0.0
2024-09-26 14:20:00+09:00,2905.0,2905.0,2905.0,2905.0,10,0.0,0.0
2024-09-26 14:25:00+09:00,2915.0,2915.0,2915.0,2915.0,1,0.0,0.0
2024-09-26 14:35:00+09:00,2920.0,2920.0,2905.0,2905.0,182,0.0,0.0
2024-09-26 14:40:00+09:00,2905.0,2905.0,2905.0,2905.0,150,0.0,0.0
2024-09-26 14:45:00+09:00,2905.0,2905.0,2905.0,2905.0,100,0.0,0.0
2024-09-26 14:50:00+09:00,2915.0,2915.0,2915.0,2915.0,301,0.0,0.0
2024-09-27 09:00:00+09:00,2965.0,2965.0,2900.0,2915.0,451,0.0,0.0
2024-09-27 09:05:00+09:00,2910.0,2930.0,2905.0,2905.0,751,0.0,0.0
2024-09-27 09:15:00+09:00,2920.0,2925.0,2920.0,2925.0,105,0.0,0.0
2024-09-27 09:20:00+09:00,2925.0,2925.0,2925.0,2925.0,8,0.0,0.0
2024-09-27 09:25:00+09:00,2925.0,2925.0,2915.0,2925.0,2,0.0,0.0
2024-09-27 09:30:00+09:00,2920.0,2920.0,2920.0,2920.0,106,0.0,0.0
2024-09-27 09:35:00+09:00,2920.0,2920.0,2920.0,2920.0,217,0.0,0.0
2024-09-27 09:40:00+09:00,2925.0,2925.0,2920.0,2920.0,745,0.0,0.0
2024-09-27 09:45:00+09:00,2915.0,2915.0,2915.0,2915.0,700,0.0,0.0
2024-09-27 09:50:00+09:00,2920.0,2925.0,2920.0,2920.0,1131,0.0,0.0
2024-09-27 09:55:00+09:00,2920.0,2920.0,2910.0,2920.0,223,0.0,0.0
2024-09-27 10:00:00+09:00,2920.0,2920.0,2920.0,2920.0,11,0.0,0.0
2024-09-27 10:05:00+09:00,2915.0,2920.0,2910.0,2920.0,767,0.0,0.0
2024-09-27 10:10:00+09:00,2910.0,2920.0,2910.0,2920.0,0,0.0,0.0
2024-09-27 10:15:00+09:00,2920.0,2920.0,2920.0,2920.0,44,0.0,0.0
2024-09-27 10:20:00+09:00,2920.0,2945.0,2920.0,2930.0,2046,0.0,0.0
2024-09-27 10:25:00+09:00,2940.0,2965.0,2930.0,2955.0,2731,0.0,0.0
2024-09-27 10:30:00+09:00,2945.0,2950.0,2940.0,2940.0,1253,0.0,0.0
2024-09-27 10:35:00+09:00,2940.0,2940.0,2930.0,2935.0,1522,0.0,0.0
2024-09-27 10:40:00+09:00,2930.0,2935.0,2930.0,2935.0,29,0.0,0.0
2024-09-27 10:45:00+09:00,2930.0,2930.0,2930.0,2930.0,106,0.0,0.0
2024-09-27 10:50:00+09:00,2930.0,2930.0,2930.0,2930.0,428,0.0,0.0
2024-09-27 10:55:00+09:00,2935.0,2935.0,2935.0,2935.0,64,0.0,0.0
2024-09-27 11:00:00+09:00,2935.0,3150.0,2920.0,2965.0,51710,0.0,0.0
2024-09-27 11:05:00+09:00,2965.0,2995.0,2945.0,2970.0,5188,0.0,0.0
2024-09-27 11:10:00+09:00,2965.0,2990.0,2940.0,2955.0,3058,0.0,0.0
2024-09-27 11:15:00+09:00,2955.0,2965.0,2940.0,2940.0,334,0.0,0.0
2024-09-27 11:20:00+09:00,2945.0,2960.0,2945.0,2960.0,80,0.0,0.0
2024-09-27 11:25:00+09:00,2945.0,2955.0,2935.0,2955.0,2036,0.0,0.0
2024-09-27 11:35:00+09:00,2940.0,2950.0,2925.0,2925.0,873,0.0,0.0
2024-09-27 11:40:00+09:00,2945.0,2945.0,2925.0,2925.0,332,0.0,0.0
2024-09-27 11:45:00+09:00,2940.0,2940.0,2920.0,2930.0,2205,0.0,0.0
2024-09-27 11:50:00+09:00,2930.0,2940.0,2930.0,2940.0,127,0.0,0.0
2024-09-27 12:00:00+09:00,2925.0,2940.0,2925.0,2925.0,112,0.0,0.0
2024-09-27 12:05:00+09:00,2940.0,2940.0,2925.0,2940.0,0,0.0,0.0
2024-09-27 12:10:00+09:00,2925.0,2940.0,2925.0,2940.0,1122,0.0,0.0
2024-09-27 12:15:00+09:00,2945.0,2980.0,2945.0,2980.0,1742,0.0,0.0
2024-09-27 12:20:00+09:00,2975.0,2975.0,2950.0,2970.0,0,0.0,0.0
2024-09-27 12:25:00+09:00,2965.0,2965.0,2965.0,2965.0,53,0.0,0.0
2024-09-27 12:30:00+09:00,2955.0,2955.0,2955.0,2955.0,21,0.0,0.0
2024-09-27 12:35:00+09:00,2955.0,2970.0,2955.0,2960.0,213,0.0,0.0
2024-09-27 12:40:00+09:00,2955.0,2955.0,2955.0,2955.0,118,0.0,0.0
2024-09-27 12:45:00+09:00,2955.0,2955.0,2955.0,2955.0,58,0.0,0.0
2024-09-27 12:50:00+09:00,2955.0,2955.0,2925.0,2925.0,2744,0.0,0.0
2024-09-27 12:55:00+09:00,2945.0,2945.0,2935.0,2935.0,0,0.0,0.0
2024-09-27 13:00:00+09:00,2940.0,2945.0,2940.0,2945.0,828,0.0,0.0
2024-09-27 13:05:00+09:00,2945.0,2945.0,2940.0,2940.0,593,0.0,0.0
2024-09-27 13:10:00+09:00,2955.0,2955.0,2940.0,2940.0,0,0.0,0.0
2024-09-27 13:20:00+09:00,2940.0,2955.0,2940.0,2955.0,777,0.0,0.0
2024-09-27 13:25:00+09:00,2945.0,2945.0,2940.0,2940.0,636,0.0,0.0
2024-09-27 13:30:00+09:00,2950.0,2955.0,2950.0,2955.0,0,0.0,0.0
2024-09-27 13:35:00+09:00,2955.0,2955.0,2955.0,2955.0,305,0.0,0.0
2024-09-27 13:40:00+09:00,2950.0,2950.0,2950.0,2950.0,102,0.0,0.0
2024-09-27 13:45:00+09:00,2940.0,2955.0,2940.0,2955.0,0,0.0,0.0
2024-09-27 13:50:00+09:00,2950.0,2950.0,2950.0,2950.0,2,0.0,0.0
2024-09-27 13:55:00+09:00,2955.0,2955.0,2940.0,2955.0,1001,0.0,0.0
2024-09-27 14:00:00+09:00,2940.0,2955.0,2935.0,2955.0,676,0.0,0.0
2024-09-27 14:05:00+09:00,2945.0,2945.0,2940.0,2945.0,169,0.0,0.0
2024-09-27 14:10:00+09:00,2940.0,2945.0,2940.0,2945.0,2225,0.0,0.0
2024-09-27 14:15:00+09:00,2955.0,3045.0,2950.0,2970.0,14794,0.0,0.0
2024-09-27 14:20:00+09:00,2970.0,2985.0,2960.0,2960.0,8296,0.0,0.0
2024-09-27 14:25:00+09:00,2975.0,2975.0,2955.0,2965.0,0,0.0,0.0
2024-09-27 14:30:00+09:00,2965.0,2970.0,2965.0,2970.0,0,0.0,0.0
2024-09-27 14:35:00+09:00,2970.0,3000.0,2970.0,2975.0,5631,0.0,0.0
2024-09-27 14:40:00+09:00,2995.0,3000.0,2990.0,2990.0,1000,0.0,0.0
2024-09-27 14:45:00+09:00,2990.0,3000.0,2985.0,2995.0,52,0.0,0.0
2024-09-27 14:50:00+09:00,2985.0,2985.0,2960.0,2960.0,13643,0.0,0.0
2024-09-27 14:55:00+09:00,2975.0,2995.0,2970.0,2995.0,0,0.0,0.0
