Datetime,Open,High,Low,Close,Volume,Dividends,Stock Splits
2024-08-29 09:00:00+09:00,13780.0,13990.0,13670.0,13990.0,0,0.0,0.0
2024-08-29 09:05:00+09:00,13990.0,13990.0,13980.0,13980.0,223,0.0,0.0
2024-08-29 09:10:00+09:00,13970.0,13980.0,13730.0,13970.0,909,0.0,0.0
2024-08-29 09:15:00+09:00,13790.0,13790.0,13790.0,13790.0,33,0.0,0.0
2024-08-29 09:20:00+09:00,13800.0,13810.0,13790.0,13790.0,462,0.0,0.0
2024-08-29 09:25:00+09:00,13810.0,13810.0,13720.0,13790.0,519,0.0,0.0
2024-08-29 09:30:00+09:00,13730.0,13730.0,13730.0,13730.0,0,0.0,0.0
2024-08-29 09:35:00+09:00,13790.0,13890.0,13790.0,13890.0,80,0.0,0.0
2024-08-29 09:40:00+09:00,13880.0,13880.0,13880.0,13880.0,0,0.0,0.0
2024-08-29 09:45:00+09:00,13800.0,13880.0,13790.0,13880.0,42,0.0,0.0
2024-08-29 09:50:00+09:00,13800.0,13800.0,13800.0,13800.0,7,0.0,0.0
2024-08-29 09:55:00+09:00,13880.0,13880.0,13880.0,13880.0,21,0.0,0.0
2024-08-29 10:00:00+09:00,13850.0,13980.0,13850.0,13860.0,210,0.0,0.0
2024-08-29 10:05:00+09:00,13860.0,13860.0,13830.0,13830.0,69,0.0,0.0
2024-08-29 10:10:00+09:00,13830.0,13950.0,13780.0,13950.0,1460,0.0,0.0
2024-08-29 10:15:00+09:00,13950.0,13950.0,13950.0,13950.0,0,0.0,0.0
2024-08-29 10:20:00+09:00,13940.0,13990.0,13850.0,13850.0,495,0.0,0.0
2024-08-29 10:25:00+09:00,13990.0,13990.0,13990.0,13990.0,0,0.0,0.0
2024-08-29 10:35:00+09:00,13970.0,13970.0,13970.0,13970.0,70,0.0,0.0
2024-08-29 10:40:00+09:00,13970.0,13970.0,13900.0,13900.0,19,0.0,0.0
2024-08-29 10:45:00+09:00,13900.0,13900.0,13900.0,13900.0,16,0.0,0.0
2024-08-29 10:55:00+09:00,13940.0,13990.0,13900.0,13990.0,591,0.0,0.0
2024-08-29 11:00:00+09:00,13920.0,13920.0,13910.0,13910.0,0,0.0,0.0
2024-08-29 11:10:00+09:00,13910.0,13910.0,13910.0,13910.0,7,0.0,0.0
2024-08-29 11:15:00+09:00,13970.0,13970.0,13970.0,13970.0,21,0.0,0.0
2024-08-29 11:20:00+09:00,13970.0,13980.0,13970.0,13980.0,41,0.0,0.0
2024-08-29 11:25:00+09:00,13980.0,13990.0,13980.0,13990.0,33,0.0,0.0
2024-08-29 11:35:00+09:00,13990.0,14000.0,13990.0,14000.0,81,0.0,0.0
2024-08-29 11:50:00+09:00,14030.0,14030.0,14030.0,14030.0,0,0.0,0.0
2024-08-29 12:05:00+09:00,14020.0,14020.0,14020.0,14020.0,49,0.0,0.0
2024-08-29 12:20:00+09:00,14010.0,14010.0,14010.0,14010.0,0,0.0,0.0
2024-08-29 12:30:00+09:00,14000.0,14000.0,13970.0,13970.0,822,0.0,0.0
2024-08-29 12:35:00+09:00,13950.0,13950.0,13910.0,13910.0,36,0.0,0.0
2024-08-29 12:40:00+09:00,13910.0,13910.0,13910.0,13910.0,2,0.0,0.0
2024-08-29 12:50:00+09:00,13910.0,13910.0,13910.0,13910.0,20,0.0,0.0
2024-08-29 12:55:00+09:00,13910.0,13910.0,13900.0,13900.0,336,0.0,0.0
2024-08-29 13:05:00+09:00,13910.0,13910.0,13900.0,13900.0,83,0.0,0.0
2024-08-29 13:10:00+09:00,13900.0,13900.0,13900.0,13900.0,20,0.0,0.0
2024-08-29 13:45:00+09:00,13910.0,13910.0,13900.0,13900.0,351,0.0,0.0
2024-08-29 13:50:00+09:00,13910.0,13910.0,13910.0,13910.0,0,0.0,0.0
2024-08-29 13:55:00+09:00,13910.0,13910.0,13910.0,13910.0,1,0.0,0.0
2024-08-29 14:00:00+09:00,13910.0,13910.0,13900.0,13900.0,144,0.0,0.0
2024-08-29 14:10:00+09:00,13980.0,13980.0,13980.0,13980.0,0,0.0,0.0
2024-08-29 14:15:00+09:00,13920.0,13920.0,13870.0,13870.0,437,0.0,0.0
2024-08-29 14:25:00+09:00,13880.0,13880.0,13880.0,13880.0,0,0.0,0.0
2024-08-29 14:30:00+09:00,13970.0,13980.0,13970.0,13980.0,3,0.0,0.0
2024-08-29 14:40:00+09:00,13970.0,13970.0,13970.0,13970.0,9,0.0,0.0
2024-08-29 14:45:00+09:00,13960.0,13960.0,13960.0,13960.0,0,0.0,0.0
2024-08-29 14:50:00+09:00,13960.0,13960.0,13960.0,13960.0,14,0.0,0.0
2024-08-30 09:00:00+09:00,13870.0,13910.0,13870.0,13880.0,324,0.0,0.0
2024-08-30 09:05:00+09:00,14000.0,14050.0,14000.0,14000.0,224,0.0,0.0
2024-08-30 09:10:00+09:00,14070.0,14070.0,14000.0,14070.0,35,0.0,0.0
2024-08-30 09:15:00+09:00,14000.0,14070.0,14000.0,14070.0,24,0.0,0.0
2024-08-30 09:20:00+09:00,14070.0,14070.0,14000.0,14000.0,7,0.0,0.0
2024-08-30 09:25:00+09:00,14020.0,14020.0,14000.0,14000.0,5,0.0,0.0
2024-08-30 09:30:00+09:00,14000.0,14000.0,14000.0,14000.0,104,0.0,0.0
2024-08-30 09:35:00+09:00,14000.0,14050.0,14000.0,14050.0,59,0.0,0.0
2024-08-30 09:40:00+09:00,14050.0,14050.0,14050.0,14050.0,1,0.0,0.0
2024-08-30 09:45:00+09:00,14050.0,14050.0,14050.0,14050.0,18,0.0,0.0
2024-08-30 09:50:00+09:00,14050.0,14050.0,14000.0,14000.0,210,0.0,0.0
2024-08-30 10:00:00+09:00,14000.0,14000.0,14000.0,14000.0,0,0.0,0.0
2024-08-30 10:05:00+09:00,14050.0,14050.0,14050.0,14050.0,53,0.0,0.0
2024-08-30 10:10:00+09:00,14050.0,14050.0,14050.0,14050.0,0,0.0,0.0
2024-08-30 10:15:00+09:00,14050.0,14050.0,14050.0,14050.0,402,0.0,0.0
2024-08-30 10:20:00+09:00,14070.0,14070.0,14020.0,14020.0,102,0.0,0.0
2024-08-30 10:35:00+09:00,14020.0,14020.0,14020.0,14020.0,0,0.0,0.0
2024-08-30 10:40:00+09:00,14070.0,14070.0,14020.0,14020.0,41,0.0,0.0
2024-08-30 10:45:00+09:00,14020.0,14020.0,14020.0,14020.0,89,0.0,0.0
2024-08-30 10:50:00+09:00,14010.0,14010.0,13990.0,13990.0,416,0.0,0.0
2024-08-30 10:55:00+09:00,13990.0,13990.0,13970.0,13990.0,0,0.0,0.0
2024-08-30 11:00:00+09:00,13970.0,13980.0,13900.0,13900.0,1370,0.0,0.0
2024-08-30 11:05:00+09:00,13910.0,14000.0,13900.0,13920.0,607,0.0,0.0
2024-08-30 11:10:00+09:00,13910.0,13910.0,13900.0,13900.0,32,0.0,0.0
2024-08-30 11:15:00+09:00,13910.0,13910.0,13900.0,13910.0,133,0.0,0.0
2024-08-30 11:20:00+09:00,14010.0,14050.0,13910.0,13910.0,76,0.0,0.0
2024-08-30 11:25:00+09:00,13920.0,14040.0,13910.0,13910.0,168,0.0,0.0
2024-08-30 11:30:00+09:00,13920.0,13920.0,13920.0,13920.0,40,0.0,0.0
2024-08-30 11:35:00+09:00,13920.0,13920.0,13910.0,13920.0,49,0.0,0.0
2024-08-30 11:40:00+09:00,13920.0,13930.0,13920.0,13930.0,57,0.0,0.0
2024-08-30 11:45:00+09:00,13920.0,13920.0,13920.0,13920.0,54,0.0,0.0
2024-08-30 11:50:00+09:00,13920.0,13920.0,13920.0,13920.0,36,0.0,0.0
2024-08-30 11:55:00+09:00,13920.0,13920.0,13920.0,13920.0,42,0.0,0.0
2024-08-30 12:00:00+09:00,13920.0,13930.0,13920.0,13930.0,127,0.0,0.0
2024-08-30 12:05:00+09:00,13920.0,13940.0,13920.0,13940.0,28,0.0,0.0
2024-08-30 12:10:00+09:00,13930.0,13930.0,13930.0,13930.0,36,0.0,0.0
2024-08-30 12:15:00+09:00,13930.0,13930.0,13930.0,13930.0,139,0.0,0.0
2024-08-30 12:20:00+09:00,13920.0,13930.0,13920.0,13920.0,53,0.0,0.0
2024-08-30 12:25:00+09:00,13920.0,13920.0,13900.0,13900.0,103,0.0,0.0
2024-08-30 12:30:00+09:00,13900.0,13910.0,13900.0,13900.0,97,0.0,0.0
2024-08-30 12:35:00+09:00,13900.0,13910.0,13900.0,13900.0,115,0.0,0.0
2024-08-30 12:40:00+09:00,13900.0,13900.0,13900.0,13900.0,95,0.0,0.0
2024-08-30 12:45:00+09:00,13900.0,13900.0,13900.0,13900.0,33,0.0,0.0
2024-08-30 12:50:00+09:00,13910.0,13910.0,13900.0,13900.0,185,0.0,0.0
2024-08-30 12:55:00+09:00,13910.0,13910.0,13890.0,13890.0,211,0.0,0.0
2024-08-30 13:00:00+09:00,13890.0,13890.0,13890.0,13890.0,126,0.0,0.0
2024-08-30 13:05:00+09:00,13890.0,13890.0,13880.0,13880.0,133,0.0,0.0
2024-08-30 13:10:00+09:00,13890.0,13890.0,13880.0,13880.0,166,0.0,0.0
2024-08-30 13:15:00+09:00,13880.0,13890.0,13880.0,13890.0,152,0.0,0.0
2024-08-30 13:20:00+09:00,13880.0,13890.0,13880.0,13890.0,266,0.0,0.0
2024-08-30 13:25:00+09:00,13890.0,13890.0,13880.0,13880.0,196,0.0,0.0
2024-08-30 13:30:00+09:00,13880.0,13890.0,13880.0,13880.0,203,0.0,0.0
2024-08-30 13:35:00+09:00,13880.0,13890.0,13880.0,13880.0,145,0.0,0.0
2024-08-30 13:40:00+09:00,13890.0,13890.0,13870.0,13870.0,774,0.0,0.0
2024-08-30 13:45:00+09:00,13860.0,13870.0,13860.0,13870.0,71,0.0,0.0
2024-08-30 13:50:00+09:00,13870.0,13870.0,13860.0,13870.0,188,0.0,0.0
2024-08-30 13:55:00+09:00,13870.0,13870.0,13860.0,13870.0,143,0.0,0.0
2024-08-30 14:00:00+09:00,13870.0,13870.0,13860.0,13860.0,179,0.0,0.0
2024-08-30 14:05:00+09:00,13870.0,13870.0,13860.0,13860.0,130,0.0,0.0
2024-08-30 14:10:00+09:00,13860.0,13870.0,13860.0,13860.0,96,0.0,0.0
2024-08-30 14:15:00+09:00,13860.0,13870.0,13860.0,13860.0,163,0.0,0.0
2024-08-30 14:20:00+09:00,13860.0,13940.0,13850.0,13870.0,739,0.0,0.0
2024-08-30 14:25:00+09:00,13870.0,13870.0,13850.0,13870.0,132,0.0,0.0
2024-08-30 14:30:00+09:00,13860.0,13870.0,13850.0,13850.0,120,0.0,0.0
2024-08-30 14:35:00+09:00,13860.0,13900.0,13850.0,13880.0,85,0.0,0.0
2024-08-30 14:40:00+09:00,13850.0,13910.0,13850.0,13880.0,82,0.0,0.0
2024-08-30 14:45:00+09:00,13870.0,13900.0,13870.0,13880.0,400,0.0,0.0
2024-08-30 14:50:00+09:00,13870.0,13930.0,13860.0,13880.0,614,0.0,0.0
2024-08-30 14:55:00+09:00,13870.0,13880.0,13860.0,13860.0,178,0.0,0.0
2024-09-02 09:00:00+09:00,13730.0,13920.0,13730.0,13920.0,0,0.0,0.0
2024-09-02 09:05:00+09:00,13920.0,13920.0,13780.0,13780.0,24,0.0,0.0
2024-09-02 09:10:00+09:00,13890.0,13890.0,13860.0,13860.0,21,0.0,0.0
2024-09-02 09:20:00+09:00,13840.0,13840.0,13770.0,13770.0,473,0.0,0.0
2024-09-02 09:25:00+09:00,13780.0,13780.0,13650.0,13650.0,892,0.0,0.0
2024-09-02 09:30:00+09:00,13660.0,13760.0,13620.0,13690.0,518,0.0,0.0
2024-09-02 09:35:00+09:00,13760.0,13760.0,13690.0,13690.0,71,0.0,0.0
2024-09-02 09:40:00+09:00,13690.0,13720.0,13690.0,13710.0,273,0.0,0.0
2024-09-02 09:45:00+09:00,13710.0,13770.0,13700.0,13700.0,228,0.0,0.0
2024-09-02 09:50:00+09:00,13730.0,13730.0,13660.0,13670.0,82,0.0,0.0
2024-09-02 09:55:00+09:00,13650.0,13650.0,13600.0,13600.0,593,0.0,0.0
2024-09-02 10:00:00+09:00,13600.0,13620.0,13560.0,13560.0,170,0.0,0.0
2024-09-02 10:05:00+09:00,13560.0,13560.0,13490.0,13490.0,651,0.0,0.0
2024-09-02 10:10:00+09:00,13490.0,13500.0,13390.0,13400.0,826,0.0,0.0
2024-09-02 10:15:00+09:00,13400.0,13420.0,13350.0,13400.0,518,0.0,0.0
2024-09-02 10:20:00+09:00,13400.0,13420.0,13380.0,13420.0,483,0.0,0.0
2024-09-02 10:25:00+09:00,13420.0,13420.0,13370.0,13420.0,1172,0.0,0.0
2024-09-02 10:30:00+09:00,13410.0,13410.0,13390.0,13400.0,564,0.0,0.0
2024-09-02 10:35:00+09:00,13410.0,13410.0,13400.0,13410.0,197,0.0,0.0
2024-09-02 10:40:00+09:00,13400.0,13410.0,13380.0,13380.0,337,0.0,0.0
2024-09-02 10:45:00+09:00,13380.0,13400.0,13320.0,13380.0,1461,0.0,0.0
2024-09-02 10:50:00+09:00,13380.0,13390.0,13330.0,13380.0,337,0.0,0.0
2024-09-02 10:55:00+09:00,13330.0,13390.0,13300.0,13300.0,1705,0.0,0.0
2024-09-02 11:00:00+09:00,13310.0,13310.0,13270.0,13280.0,27,0.0,0.0
2024-09-02 11:05:00+09:00,13280.0,13300.0,13280.0,13300.0,174,0.0,0.0
2024-09-02 11:10:00+09:00,13290.0,13300.0,13280.0,13300.0,62,0.0,0.0
2024-09-02 11:15:00+09:00,13290.0,13300.0,13280.0,13300.0,552,0.0,0.0
2024-09-02 11:20:00+09:00,13300.0,13300.0,13290.0,13300.0,177,0.0,0.0
2024-09-02 11:25:00+09:00,13290.0,13300.0,13230.0,13280.0,1579,0.0,0.0
2024-09-02 11:30:00+09:00,13280.0,13280.0,13250.0,13260.0,809,0.0,0.0
2024-09-02 11:35:00+09:00,13260.0,13420.0,13240.0,13400.0,4114,0.0,0.0
2024-09-02 11:40:00+09:00,13400.0,13420.0,13310.0,13420.0,93,0.0,0.0
2024-09-02 11:45:00+09:00,13420.0,13420.0,13390.0,13410.0,222,0.0,0.0
2024-09-02 11:50:00+09:00,13410.0,13410.0,13320.0,13370.0,64,0.0,0.0
2024-09-02 11:55:00+09:00,13370.0,13420.0,13300.0,13410.0,464,0.0,0.0
2024-09-02 12:00:00+09:00,13410.0,13410.0,13310.0,13310.0,40,0.0,0.0
2024-09-02 12:05:00+09:00,13350.0,13350.0,13300.0,13310.0,86,0.0,0.0
2024-09-02 12:10:00+09:00,13350.0,13350.0,13310.0,13310.0,23,0.0,0.0
2024-09-02 12:15:00+09:00,13300.0,13330.0,13300.0,13310.0,94,0.0,0.0
2024-09-02 12:20:00+09:00,13310.0,13320.0,13300.0,13310.0,160,0.0,0.0
2024-09-02 12:25:00+09:00,13300.0,13320.0,13300.0,13300.0,70,0.0,0.0
2024-09-02 12:30:00+09:00,13300.0,13310.0,13290.0,13290.0,89,0.0,0.0
2024-09-02 12:35:00+09:00,13300.0,13300.0,13290.0,13290.0,122,0.0,0.0
2024-09-02 12:40:00+09:00,13300.0,13310.0,13290.0,13310.0,240,0.0,0.0
2024-09-02 12:45:00+09:00,13310.0,13400.0,13300.0,13310.0,290,0.0,0.0
2024-09-02 12:50:00+09:00,13310.0,13370.0,13310.0,13310.0,48,0.0,0.0
2024-09-02 12:55:00+09:00,13350.0,13350.0,13310.0,13330.0,25,0.0,0.0
2024-09-02 13:00:00+09:00,13330.0,13340.0,13310.0,13340.0,112,0.0,0.0
2024-09-02 13:05:00+09:00,13340.0,13340.0,13310.0,13320.0,77,0.0,0.0
2024-09-02 13:10:00+09:00,13320.0,13320.0,13310.0,13310.0,61,0.0,0.0
2024-09-02 13:15:00+09:00,13300.0,13310.0,13300.0,13310.0,55,0.0,0.0
2024-09-02 13:20:00+09:00,13300.0,13310.0,13290.0,13300.0,164,0.0,0.0
2024-09-02 13:25:00+09:00,13300.0,13310.0,13280.0,13290.0,193,0.0,0.0
2024-09-02 13:30:00+09:00,13290.0,13290.0,13280.0,13290.0,270,0.0,0.0
2024-09-02 13:35:00+09:00,13280.0,13300.0,13280.0,13290.0,100,0.0,0.0
2024-09-02 13:40:00+09:00,13290.0,13300.0,13280.0,13290.0,111,0.0,0.0
2024-09-02 13:45:00+09:00,13300.0,13400.0,13280.0,13380.0,855,0.0,0.0
2024-09-02 13:50:00+09:00,13370.0,13370.0,13320.0,13320.0,87,0.0,0.0
2024-09-02 13:55:00+09:00,13340.0,13350.0,13330.0,13340.0,77,0.0,0.0
2024-09-02 14:00:00+09:00,13340.0,13350.0,13330.0,13350.0,73,0.0,0.0
2024-09-02 14:05:00+09:00,13340.0,13370.0,13340.0,13340.0,96,0.0,0.0
2024-09-02 14:10:00+09:00,13360.0,13360.0,13310.0,13330.0,539,0.0,0.0
2024-09-02 14:15:00+09:00,13340.0,13350.0,13310.0,13340.0,167,0.0,0.0
2024-09-02 14:20:00+09:00,13360.0,13360.0,13330.0,13330.0,100,0.0,0.0
2024-09-02 14:25:00+09:00,13350.0,13370.0,13350.0,13360.0,71,0.0,0.0
2024-09-02 14:30:00+09:00,13360.0,13390.0,13340.0,13380.0,195,0.0,0.0
2024-09-02 14:35:00+09:00,13380.0,13380.0,13350.0,13350.0,95,0.0,0.0
2024-09-02 14:40:00+09:00,13350.0,13400.0,13280.0,13380.0,511,0.0,0.0
2024-09-02 14:45:00+09:00,13370.0,13400.0,13320.0,13390.0,257,0.0,0.0
2024-09-02 14:50:00+09:00,13390.0,13400.0,13380.0,13400.0,113,0.0,0.0
2024-09-02 14:55:00+09:00,13390.0,13400.0,13390.0,13390.0,88,0.0,0.0
2024-09-03 09:00:00+09:00,13550.0,13550.0,13540.0,13550.0,255,0.0,0.0
2024-09-03 09:05:00+09:00,13550.0,13550.0,13520.0,13520.0,60,0.0,0.0
2024-09-03 09:10:00+09:00,13520.0,13530.0,13360.0,13360.0,460,0.0,0.0
2024-09-03 09:15:00+09:00,13440.0,13450.0,13330.0,13370.0,74,0.0,0.0
2024-09-03 09:20:00+09:00,13510.0,13520.0,13370.0,13520.0,372,0.0,0.0
2024-09-03 09:25:00+09:00,13520.0,13550.0,13290.0,13420.0,939,0.0,0.0
2024-09-03 09:30:00+09:00,13530.0,13540.0,13420.0,13420.0,17,0.0,0.0
2024-09-03 09:35:00+09:00,13420.0,13500.0,13420.0,13500.0,80,0.0,0.0
2024-09-03 09:40:00+09:00,13500.0,13500.0,13470.0,13470.0,24,0.0,0.0
2024-09-03 09:45:00+09:00,13490.0,13510.0,13490.0,13510.0,20,0.0,0.0
2024-09-03 09:50:00+09:00,13510.0,13510.0,13470.0,13510.0,52,0.0,0.0
2024-09-03 09:55:00+09:00,13510.0,13520.0,13430.0,13430.0,232,0.0,0.0
2024-09-03 10:00:00+09:00,13520.0,13530.0,13470.0,13470.0,21,0.0,0.0
2024-09-03 10:05:00+09:00,13470.0,13530.0,13400.0,13530.0,70,0.0,0.0
2024-09-03 10:10:00+09:00,13500.0,13530.0,13460.0,13460.0,50,0.0,0.0
2024-09-03 10:15:00+09:00,13500.0,13520.0,13500.0,13520.0,11,0.0,0.0
2024-09-03 10:20:00+09:00,13520.0,13520.0,13520.0,13520.0,26,0.0,0.0
2024-09-03 10:25:00+09:00,13520.0,13520.0,13520.0,13520.0,31,0.0,0.0
2024-09-03 10:30:00+09:00,13520.0,13520.0,13520.0,13520.0,13,0.0,0.0
2024-09-03 10:35:00+09:00,13520.0,13520.0,13490.0,13490.0,37,0.0,0.0
2024-09-03 10:40:00+09:00,13520.0,13520.0,13510.0,13510.0,21,0.0,0.0
2024-09-03 10:45:00+09:00,13500.0,13520.0,13440.0,13520.0,147,0.0,0.0
2024-09-03 10:50:00+09:00,13520.0,13520.0,13520.0,13520.0,24,0.0,0.0
2024-09-03 10:55:00+09:00,13520.0,13520.0,13500.0,13500.0,14,0.0,0.0
2024-09-03 11:00:00+09:00,13500.0,13500.0,13500.0,13500.0,21,0.0,0.0
2024-09-03 11:05:00+09:00,13500.0,13500.0,13490.0,13490.0,21,0.0,0.0
2024-09-03 11:10:00+09:00,13480.0,13500.0,13480.0,13500.0,23,0.0,0.0
2024-09-03 11:15:00+09:00,13500.0,13500.0,13500.0,13500.0,28,0.0,0.0
2024-09-03 11:20:00+09:00,13500.0,13530.0,13500.0,13520.0,1337,0.0,0.0
2024-09-03 11:25:00+09:00,13520.0,13520.0,13500.0,13500.0,47,0.0,0.0
2024-09-03 11:30:00+09:00,13500.0,13520.0,13500.0,13520.0,3,0.0,0.0
2024-09-03 11:35:00+09:00,13520.0,13520.0,13520.0,13520.0,28,0.0,0.0
2024-09-03 11:40:00+09:00,13460.0,13510.0,13460.0,13500.0,15,0.0,0.0
2024-09-03 11:45:00+09:00,13500.0,13500.0,13500.0,13500.0,21,0.0,0.0
2024-09-03 11:50:00+09:00,13500.0,13520.0,13500.0,13510.0,86,0.0,0.0
2024-09-03 11:55:00+09:00,13510.0,13520.0,13510.0,13510.0,34,0.0,0.0
2024-09-03 12:00:00+09:00,13500.0,13500.0,13500.0,13500.0,10,0.0,0.0
2024-09-03 12:10:00+09:00,13460.0,13460.0,13360.0,13450.0,865,0.0,0.0
2024-09-03 12:25:00+09:00,13450.0,13450.0,13450.0,13450.0,0,0.0,0.0
2024-09-03 12:35:00+09:00,13450.0,13450.0,13450.0,13450.0,0,0.0,0.0
2024-09-03 12:40:00+09:00,13450.0,13450.0,13330.0,13450.0,609,0.0,0.0
2024-09-03 12:45:00+09:00,13330.0,13330.0,13290.0,13290.0,2421,0.0,0.0
2024-09-03 12:55:00+09:00,13310.0,13310.0,13310.0,13310.0,0,0.0,0.0
2024-09-03 13:00:00+09:00,13330.0,13330.0,13330.0,13330.0,2,0.0,0.0
2024-09-03 13:15:00+09:00,13330.0,13380.0,13290.0,13380.0,2206,0.0,0.0
2024-09-03 13:20:00+09:00,13370.0,13370.0,13330.0,13330.0,245,0.0,0.0
2024-09-03 13:25:00+09:00,13360.0,13500.0,13340.0,13500.0,484,0.0,0.0
2024-09-03 13:35:00+09:00,13490.0,13490.0,13470.0,13470.0,210,0.0,0.0
2024-09-03 13:40:00+09:00,13470.0,13470.0,13460.0,13460.0,19,0.0,0.0
2024-09-03 13:45:00+09:00,13460.0,13470.0,13450.0,13470.0,78,0.0,0.0
2024-09-03 13:50:00+09:00,13460.0,13470.0,13450.0,13450.0,19,0.0,0.0
2024-09-03 13:55:00+09:00,13460.0,13460.0,13460.0,13460.0,45,0.0,0.0
2024-09-03 14:00:00+09:00,13460.0,13460.0,13460.0,13460.0,31,0.0,0.0
2024-09-03 14:05:00+09:00,13450.0,13460.0,13300.0,13300.0,484,0.0,0.0
2024-09-03 14:10:00+09:00,13420.0,13420.0,13420.0,13420.0,0,0.0,0.0
2024-09-03 14:15:00+09:00,13400.0,13410.0,13400.0,13410.0,9,0.0,0.0
2024-09-03 14:20:00+09:00,13420.0,13430.0,13420.0,13430.0,70,0.0,0.0
2024-09-03 14:25:00+09:00,13430.0,13430.0,13410.0,13420.0,17,0.0,0.0
2024-09-03 14:30:00+09:00,13430.0,13430.0,13420.0,13430.0,164,0.0,0.0
2024-09-03 14:35:00+09:00,13430.0,13430.0,13410.0,13430.0,141,0.0,0.0
2024-09-03 14:40:00+09:00,13420.0,13430.0,13330.0,13410.0,1042,0.0,0.0
2024-09-03 14:45:00+09:00,13420.0,13420.0,13300.0,13410.0,737,0.0,0.0
2024-09-03 14:50:00+09:00,13400.0,13410.0,13290.0,13310.0,1401,0.0,0.0
2024-09-03 14:55:00+09:00,13380.0,13380.0,13310.0,13380.0,0,0.0,0.0
2024-09-04 09:00:00+09:00,12800.0,13030.0,12750.0,12870.0,1797,0.0,0.0
2024-09-04 09:05:00+09:00,12900.0,12900.0,12750.0,12860.0,1791,0.0,0.0
2024-09-04 09:10:00+09:00,12890.0,13000.0,12890.0,12990.0,965,0.0,0.0
2024-09-04 09:15:00+09:00,12960.0,12980.0,12900.0,12980.0,559,0.0,0.0
2024-09-04 09:20:00+09:00,12980.0,12980.0,12980.0,12980.0,11,0.0,0.0
2024-09-04 09:25:00+09:00,12930.0,12930.0,12850.0,12850.0,1092,0.0,0.0
2024-09-04 09:30:00+09:00,12810.0,12870.0,12800.0,12830.0,1248,0.0,0.0
2024-09-04 09:35:00+09:00,12870.0,12890.0,12870.0,12890.0,0,0.0,0.0
2024-09-04 09:40:00+09:00,12850.0,12910.0,12830.0,12830.0,256,0.0,0.0
2024-09-04 09:45:00+09:00,12840.0,12840.0,12830.0,12830.0,34,0.0,0.0
2024-09-04 09:50:00+09:00,12850.0,12860.0,12840.0,12860.0,150,0.0,0.0
2024-09-04 09:55:00+09:00,12860.0,12860.0,12820.0,12820.0,427,0.0,0.0
2024-09-04 10:00:00+09:00,12830.0,12910.0,12810.0,12910.0,526,0.0,0.0
2024-09-04 10:05:00+09:00,12910.0,12910.0,12810.0,12810.0,449,0.0,0.0
2024-09-04 10:10:00+09:00,12820.0,12820.0,12810.0,12810.0,233,0.0,0.0
2024-09-04 10:15:00+09:00,12810.0,12860.0,12790.0,12800.0,847,0.0,0.0
2024-09-04 10:20:00+09:00,12860.0,12860.0,12850.0,12860.0,266,0.0,0.0
2024-09-04 10:25:00+09:00,12860.0,12900.0,12860.0,12900.0,55,0.0,0.0
2024-09-04 10:30:00+09:00,12900.0,12900.0,12780.0,12890.0,752,0.0,0.0
2024-09-04 10:35:00+09:00,12890.0,12890.0,12890.0,12890.0,65,0.0,0.0
2024-09-04 10:40:00+09:00,12890.0,12990.0,12890.0,12990.0,860,0.0,0.0
2024-09-04 10:45:00+09:00,13000.0,13100.0,13000.0,13100.0,90,0.0,0.0
2024-09-04 10:50:00+09:00,13100.0,13100.0,12960.0,13090.0,104,0.0,0.0
2024-09-04 10:55:00+09:00,12980.0,13090.0,12980.0,13000.0,445,0.0,0.0
2024-09-04 11:00:00+09:00,13000.0,13000.0,13000.0,13000.0,1620,0.0,0.0
2024-09-04 11:10:00+09:00,13000.0,13000.0,13000.0,13000.0,0,0.0,0.0
2024-09-04 11:20:00+09:00,13060.0,13060.0,13060.0,13060.0,1,0.0,0.0
2024-09-04 11:25:00+09:00,13000.0,13010.0,13000.0,13010.0,40,0.0,0.0
2024-09-04 11:40:00+09:00,13010.0,13010.0,12980.0,12980.0,1244,0.0,0.0
2024-09-04 11:45:00+09:00,12920.0,12920.0,12830.0,12830.0,213,0.0,0.0
2024-09-04 11:50:00+09:00,12850.0,12990.0,12830.0,12990.0,74,0.0,0.0
2024-09-04 11:55:00+09:00,12840.0,12990.0,12840.0,12990.0,42,0.0,0.0
2024-09-04 12:00:00+09:00,12990.0,12990.0,12990.0,12990.0,49,0.0,0.0
2024-09-04 12:05:00+09:00,12990.0,12990.0,12860.0,12860.0,54,0.0,0.0
2024-09-04 12:10:00+09:00,12980.0,12990.0,12980.0,12990.0,33,0.0,0.0
2024-09-04 12:15:00+09:00,13000.0,13000.0,12990.0,12990.0,47,0.0,0.0
2024-09-04 12:20:00+09:00,12990.0,12990.0,12980.0,12990.0,52,0.0,0.0
2024-09-04 12:25:00+09:00,12990.0,12990.0,12990.0,12990.0,34,0.0,0.0
2024-09-04 12:30:00+09:00,13000.0,13000.0,13000.0,13000.0,10,0.0,0.0
2024-09-04 12:45:00+09:00,12900.0,12980.0,12890.0,12970.0,32,0.0,0.0
2024-09-04 12:50:00+09:00,12890.0,12890.0,12880.0,12880.0,233,0.0,0.0
2024-09-04 12:55:00+09:00,12880.0,12890.0,12880.0,12890.0,31,0.0,0.0
2024-09-04 13:00:00+09:00,12880.0,12880.0,12880.0,12880.0,0,0.0,0.0
2024-09-04 13:05:00+09:00,12880.0,12880.0,12880.0,12880.0,3,0.0,0.0
2024-09-04 13:15:00+09:00,12870.0,12900.0,12830.0,12900.0,388,0.0,0.0
2024-09-04 13:20:00+09:00,12820.0,12820.0,12760.0,12760.0,1073,0.0,0.0
2024-09-04 13:25:00+09:00,12770.0,12780.0,12760.0,12760.0,46,0.0,0.0
2024-09-04 13:30:00+09:00,12760.0,12820.0,12740.0,12740.0,957,0.0,0.0
2024-09-04 13:35:00+09:00,12740.0,12740.0,12740.0,12740.0,0,0.0,0.0
2024-09-04 13:40:00+09:00,12790.0,12790.0,12790.0,12790.0,0,0.0,0.0
2024-09-04 13:45:00+09:00,12790.0,12790.0,12790.0,12790.0,176,0.0,0.0
2024-09-04 13:50:00+09:00,12800.0,12800.0,12800.0,12800.0,0,0.0,0.0
2024-09-04 13:55:00+09:00,12800.0,12800.0,12710.0,12710.0,983,0.0,0.0
2024-09-04 14:00:00+09:00,12710.0,12760.0,12710.0,12760.0,18,0.0,0.0
2024-09-04 14:05:00+09:00,12760.0,12760.0,12720.0,12720.0,126,0.0,0.0
2024-09-04 14:10:00+09:00,12710.0,12720.0,12690.0,12720.0,1901,0.0,0.0
2024-09-04 14:20:00+09:00,12720.0,12760.0,12720.0,12760.0,62,0.0,0.0
2024-09-04 14:25:00+09:00,12760.0,12770.0,12700.0,12770.0,1620,0.0,0.0
2024-09-04 14:30:00+09:00,12750.0,12770.0,12690.0,12770.0,240,0.0,0.0
2024-09-04 14:35:00+09:00,12760.0,12760.0,12690.0,12750.0,1914,0.0,0.0
2024-09-04 14:40:00+09:00,12740.0,12740.0,12690.0,12690.0,45,0.0,0.0
2024-09-04 14:45:00+09:00,12690.0,12750.0,12690.0,12750.0,266,0.0,0.0
2024-09-04 14:50:00+09:00,12690.0,12750.0,12690.0,12750.0,0,0.0,0.0
2024-09-04 14:55:00+09:00,12750.0,12750.0,12600.0,12660.0,3712,0.0,0.0
2024-09-05 09:00:00+09:00,12700.0,12850.0,12700.0,12800.0,244,0.0,0.0
2024-09-05 09:05:00+09:00,12810.0,12840.0,12800.0,12800.0,148,0.0,0.0
2024-09-05 09:10:00+09:00,12800.0,12830.0,12800.0,12830.0,7,0.0,0.0
2024-09-05 09:15:00+09:00,12830.0,12830.0,12820.0,12830.0,156,0.0,0.0
2024-09-05 09:20:00+09:00,12840.0,12840.0,12840.0,12840.0,10,0.0,0.0
2024-09-05 09:25:00+09:00,12830.0,12850.0,12830.0,12830.0,154,0.0,0.0
2024-09-05 09:30:00+09:00,12830.0,12830.0,12820.0,12820.0,120,0.0,0.0
2024-09-05 09:35:00+09:00,12830.0,12840.0,12830.0,12840.0,0,0.0,0.0
2024-09-05 09:40:00+09:00,12840.0,12840.0,12830.0,12840.0,114,0.0,0.0
2024-09-05 09:45:00+09:00,12840.0,12860.0,12840.0,12860.0,0,0.0,0.0
2024-09-05 09:50:00+09:00,12860.0,12860.0,12860.0,12860.0,17,0.0,0.0
2024-09-05 09:55:00+09:00,12860.0,12860.0,12860.0,12860.0,27,0.0,0.0
2024-09-05 10:00:00+09:00,12860.0,12930.0,12860.0,12920.0,102,0.0,0.0
2024-09-05 10:05:00+09:00,12920.0,12920.0,12920.0,12920.0,11,0.0,0.0
2024-09-05 10:10:00+09:00,12920.0,12950.0,12920.0,12950.0,218,0.0,0.0
2024-09-05 10:15:00+09:00,12940.0,12950.0,12940.0,12940.0,81,0.0,0.0
2024-09-05 10:20:00+09:00,12940.0,12940.0,12930.0,12930.0,194,0.0,0.0
2024-09-05 10:25:00+09:00,12950.0,12950.0,12950.0,12950.0,0,0.0,0.0
2024-09-05 10:30:00+09:00,12950.0,12950.0,12930.0,12950.0,107,0.0,0.0
2024-09-05 10:35:00+09:00,12950.0,12950.0,12930.0,12940.0,12,0.0,0.0
2024-09-05 10:40:00+09:00,12940.0,12950.0,12940.0,12950.0,16,0.0,0.0
2024-09-05 10:45:00+09:00,12950.0,12950.0,12920.0,12920.0,784,0.0,0.0
2024-09-05 10:50:00+09:00,12950.0,12950.0,12920.0,12940.0,0,0.0,0.0
2024-09-05 10:55:00+09:00,12920.0,12920.0,12900.0,12900.0,220,0.0,0.0
2024-09-05 11:00:00+09:00,12890.0,12890.0,12830.0,12880.0,317,0.0,0.0
2024-09-05 11:05:00+09:00,12880.0,12880.0,12880.0,12880.0,11,0.0,0.0
2024-09-05 11:10:00+09:00,12880.0,12880.0,12870.0,12870.0,58,0.0,0.0
2024-09-05 11:15:00+09:00,12870.0,12870.0,12790.0,12790.0,270,0.0,0.0
2024-09-05 11:20:00+09:00,12800.0,12800.0,12800.0,12800.0,7,0.0,0.0
2024-09-05 11:25:00+09:00,12800.0,12800.0,12800.0,12800.0,16,0.0,0.0
2024-09-05 11:30:00+09:00,12810.0,12860.0,12800.0,12800.0,102,0.0,0.0
2024-09-05 11:35:00+09:00,12800.0,12860.0,12800.0,12820.0,208,0.0,0.0
2024-09-05 11:40:00+09:00,12870.0,12880.0,12870.0,12880.0,0,0.0,0.0
2024-09-05 11:45:00+09:00,12880.0,12880.0,12860.0,12860.0,13,0.0,0.0
2024-09-05 11:50:00+09:00,12870.0,12870.0,12860.0,12870.0,11,0.0,0.0
2024-09-05 11:55:00+09:00,12870.0,12870.0,12860.0,12870.0,24,0.0,0.0
2024-09-05 12:00:00+09:00,12870.0,12870.0,12870.0,12870.0,8,0.0,0.0
2024-09-05 12:05:00+09:00,12860.0,12860.0,12850.0,12850.0,19,0.0,0.0
2024-09-05 12:10:00+09:00,12850.0,12850.0,12850.0,12850.0,2,0.0,0.0
2024-09-05 12:15:00+09:00,12850.0,12850.0,12850.0,12850.0,15,0.0,0.0
2024-09-05 12:20:00+09:00,12850.0,12850.0,12800.0,12800.0,112,0.0,0.0
2024-09-05 12:25:00+09:00,12800.0,12800.0,12800.0,12800.0,2,0.0,0.0
2024-09-05 12:35:00+09:00,12860.0,12860.0,12860.0,12860.0,18,0.0,0.0
2024-09-05 12:40:00+09:00,12860.0,12860.0,12860.0,12860.0,8,0.0,0.0
2024-09-05 12:45:00+09:00,12800.0,12800.0,12800.0,12800.0,123,0.0,0.0
2024-09-05 12:50:00+09:00,12800.0,12860.0,12710.0,12860.0,217,0.0,0.0
2024-09-05 12:55:00+09:00,12860.0,12860.0,12700.0,12700.0,913,0.0,0.0
2024-09-05 13:00:00+09:00,12700.0,12700.0,12700.0,12700.0,0,0.0,0.0
2024-09-05 13:05:00+09:00,12700.0,12700.0,12700.0,12700.0,24,0.0,0.0
2024-09-05 13:10:00+09:00,12700.0,12700.0,12680.0,12680.0,44,0.0,0.0
2024-09-05 13:15:00+09:00,12690.0,12690.0,12690.0,12690.0,58,0.0,0.0
2024-09-05 13:20:00+09:00,12760.0,12760.0,12760.0,12760.0,0,0.0,0.0
2024-09-05 13:25:00+09:00,12760.0,12760.0,12760.0,12760.0,5,0.0,0.0
2024-09-05 13:30:00+09:00,12760.0,12760.0,12700.0,12760.0,141,0.0,0.0
2024-09-05 13:35:00+09:00,12750.0,12750.0,12750.0,12750.0,10,0.0,0.0
2024-09-05 13:40:00+09:00,12750.0,12750.0,12740.0,12750.0,19,0.0,0.0
2024-09-05 13:45:00+09:00,12750.0,12750.0,12750.0,12750.0,27,0.0,0.0
2024-09-05 13:50:00+09:00,12750.0,12750.0,12740.0,12740.0,10,0.0,0.0
2024-09-05 13:55:00+09:00,12750.0,12750.0,12740.0,12740.0,55,0.0,0.0
2024-09-05 14:00:00+09:00,12740.0,12740.0,12740.0,12740.0,58,0.0,0.0
2024-09-05 14:05:00+09:00,12740.0,12740.0,12730.0,12730.0,17,0.0,0.0
2024-09-05 14:10:00+09:00,12730.0,12730.0,12700.0,12700.0,142,0.0,0.0
2024-09-05 14:15:00+09:00,12700.0,12760.0,12670.0,12760.0,566,0.0,0.0
2024-09-05 14:20:00+09:00,12760.0,12760.0,12680.0,12680.0,82,0.0,0.0
2024-09-05 14:30:00+09:00,12750.0,12770.0,12750.0,12770.0,110,0.0,0.0
2024-09-05 14:35:00+09:00,12830.0,12860.0,12770.0,12860.0,159,0.0,0.0
2024-09-05 14:40:00+09:00,12860.0,12890.0,12850.0,12850.0,264,0.0,0.0
2024-09-05 14:45:00+09:00,12850.0,12850.0,12830.0,12830.0,60,0.0,0.0
2024-09-05 14:50:00+09:00,12780.0,12790.0,12780.0,12780.0,16,0.0,0.0
2024-09-05 14:55:00+09:00,12780.0,12780.0,12770.0,12770.0,524,0.0,0.0
2024-09-06 09:00:00+09:00,12490.0,12690.0,12490.0,12600.0,1300,0.0,0.0
2024-09-06 09:05:00+09:00,12590.0,12730.0,12590.0,12720.0,849,0.0,0.0
2024-09-06 09:10:00+09:00,12710.0,12720.0,12710.0,12720.0,11,0.0,0.0
2024-09-06 09:20:00+09:00,12610.0,12670.0,12600.0,12600.0,114,0.0,0.0
2024-09-06 09:25:00+09:00,12600.0,12650.0,12600.0,12640.0,307,0.0,0.0
2024-09-06 09:30:00+09:00,12590.0,12640.0,12450.0,12450.0,1641,0.0,0.0
2024-09-06 09:35:00+09:00,12470.0,12510.0,12450.0,12510.0,369,0.0,0.0
2024-09-06 09:40:00+09:00,12480.0,12550.0,12480.0,12550.0,164,0.0,0.0
2024-09-06 09:45:00+09:00,12540.0,12540.0,12510.0,12510.0,99,0.0,0.0
2024-09-06 09:50:00+09:00,12530.0,12540.0,12500.0,12540.0,212,0.0,0.0
2024-09-06 09:55:00+09:00,12500.0,12510.0,12500.0,12510.0,133,0.0,0.0
2024-09-06 10:00:00+09:00,12510.0,12510.0,12510.0,12510.0,111,0.0,0.0
2024-09-06 10:05:00+09:00,12510.0,12510.0,12410.0,12410.0,2053,0.0,0.0
2024-09-06 10:10:00+09:00,12410.0,12410.0,12310.0,12340.0,406,0.0,0.0
2024-09-06 10:15:00+09:00,12370.0,12370.0,12330.0,12330.0,237,0.0,0.0
2024-09-06 10:20:00+09:00,12330.0,12350.0,12320.0,12330.0,145,0.0,0.0
2024-09-06 10:25:00+09:00,12330.0,12330.0,12320.0,12320.0,254,0.0,0.0
2024-09-06 10:30:00+09:00,12330.0,12330.0,12330.0,12330.0,288,0.0,0.0
2024-09-06 10:35:00+09:00,12330.0,12330.0,12320.0,12320.0,416,0.0,0.0
2024-09-06 10:40:00+09:00,12330.0,12330.0,12300.0,12300.0,645,0.0,0.0
2024-09-06 10:45:00+09:00,12310.0,12330.0,12300.0,12310.0,867,0.0,0.0
2024-09-06 10:50:00+09:00,12330.0,12330.0,12330.0,12330.0,1033,0.0,0.0
2024-09-06 10:55:00+09:00,12320.0,12330.0,12320.0,12320.0,57,0.0,0.0
2024-09-06 11:00:00+09:00,12320.0,12320.0,12320.0,12320.0,57,0.0,0.0
2024-09-06 11:05:00+09:00,12320.0,12320.0,12320.0,12320.0,84,0.0,0.0
2024-09-06 11:10:00+09:00,12330.0,12390.0,12320.0,12390.0,39,0.0,0.0
2024-09-06 11:15:00+09:00,12370.0,12370.0,12310.0,12320.0,110,0.0,0.0
2024-09-06 11:20:00+09:00,12310.0,12320.0,12300.0,12300.0,390,0.0,0.0
2024-09-06 11:25:00+09:00,12300.0,12370.0,12250.0,12260.0,691,0.0,0.0
2024-09-06 11:30:00+09:00,12260.0,12320.0,12260.0,12270.0,57,0.0,0.0
2024-09-06 11:35:00+09:00,12270.0,12270.0,12260.0,12260.0,77,0.0,0.0
2024-09-06 11:40:00+09:00,12270.0,12270.0,12200.0,12200.0,2650,0.0,0.0
2024-09-06 11:45:00+09:00,12200.0,12200.0,12150.0,12190.0,0,0.0,0.0
2024-09-06 11:50:00+09:00,12180.0,12380.0,12180.0,12290.0,133,0.0,0.0
2024-09-06 11:55:00+09:00,12240.0,12340.0,12200.0,12340.0,106,0.0,0.0
2024-09-06 12:00:00+09:00,12310.0,12310.0,12250.0,12250.0,36,0.0,0.0
2024-09-06 12:05:00+09:00,12220.0,12280.0,12210.0,12210.0,73,0.0,0.0
2024-09-06 12:10:00+09:00,12230.0,12230.0,12180.0,12180.0,505,0.0,0.0
2024-09-06 12:15:00+09:00,12240.0,12240.0,12220.0,12220.0,39,0.0,0.0
2024-09-06 12:20:00+09:00,12220.0,12220.0,12220.0,12220.0,66,0.0,0.0
2024-09-06 12:25:00+09:00,12310.0,12310.0,12310.0,12310.0,0,0.0,0.0
2024-09-06 12:30:00+09:00,12230.0,12230.0,12210.0,12210.0,72,0.0,0.0
2024-09-06 12:35:00+09:00,12230.0,12230.0,12210.0,12210.0,69,0.0,0.0
2024-09-06 12:40:00+09:00,12210.0,12290.0,12210.0,12290.0,30,0.0,0.0
2024-09-06 12:45:00+09:00,12250.0,12250.0,12210.0,12210.0,90,0.0,0.0
2024-09-06 12:50:00+09:00,12210.0,12210.0,12190.0,12190.0,232,0.0,0.0
2024-09-06 12:55:00+09:00,12190.0,12260.0,12170.0,12170.0,534,0.0,0.0
2024-09-06 13:00:00+09:00,12180.0,12240.0,12170.0,12230.0,0,0.0,0.0
2024-09-06 13:05:00+09:00,12200.0,12220.0,12140.0,12220.0,1239,0.0,0.0
2024-09-06 13:10:00+09:00,12220.0,12220.0,12180.0,12190.0,96,0.0,0.0
2024-09-06 13:15:00+09:00,12220.0,12220.0,12220.0,12220.0,149,0.0,0.0
2024-09-06 13:20:00+09:00,12230.0,12240.0,12220.0,12230.0,55,0.0,0.0
2024-09-06 13:25:00+09:00,12280.0,12300.0,12280.0,12300.0,78,0.0,0.0
2024-09-06 13:30:00+09:00,12240.0,12240.0,12220.0,12220.0,70,0.0,0.0
2024-09-06 13:35:00+09:00,12220.0,12220.0,12220.0,12220.0,81,0.0,0.0
2024-09-06 13:40:00+09:00,12230.0,12290.0,12220.0,12290.0,4,0.0,0.0
2024-09-06 13:45:00+09:00,12310.0,12310.0,12200.0,12200.0,109,0.0,0.0
2024-09-06 13:50:00+09:00,12200.0,12210.0,12190.0,12190.0,84,0.0,0.0
2024-09-06 13:55:00+09:00,12190.0,12240.0,12150.0,12170.0,907,0.0,0.0
2024-09-06 14:00:00+09:00,12240.0,12240.0,12170.0,12170.0,62,0.0,0.0
2024-09-06 14:05:00+09:00,12180.0,12180.0,12160.0,12160.0,33,0.0,0.0
2024-09-06 14:10:00+09:00,12170.0,12170.0,12100.0,12150.0,1480,0.0,0.0
2024-09-06 14:15:00+09:00,12120.0,12120.0,12100.0,12100.0,271,0.0,0.0
2024-09-06 14:20:00+09:00,12110.0,12110.0,12090.0,12100.0,312,0.0,0.0
2024-09-06 14:25:00+09:00,12100.0,12120.0,12100.0,12120.0,256,0.0,0.0
2024-09-06 14:30:00+09:00,12130.0,12130.0,12090.0,12130.0,2078,0.0,0.0
2024-09-06 14:35:00+09:00,12110.0,12110.0,12100.0,12110.0,104,0.0,0.0
2024-09-06 14:40:00+09:00,12130.0,12130.0,12090.0,12100.0,2112,0.0,0.0
2024-09-06 14:45:00+09:00,12100.0,12100.0,12100.0,12100.0,594,0.0,0.0
2024-09-06 14:50:00+09:00,12140.0,12150.0,12120.0,12140.0,79,0.0,0.0
2024-09-06 14:55:00+09:00,12140.0,12140.0,12140.0,12140.0,40,0.0,0.0
2024-09-09 09:00:00+09:00,11880.0,12470.0,11770.0,11780.0,0,0.0,0.0
2024-09-09 09:05:00+09:00,11780.0,11940.0,11710.0,11880.0,454,0.0,0.0
2024-09-09 09:10:00+09:00,11790.0,11880.0,11760.0,11880.0,1255,0.0,0.0
2024-09-09 09:15:00+09:00,11930.0,12100.0,11850.0,12030.0,597,0.0,0.0
2024-09-09 09:20:00+09:00,11870.0,12020.0,11870.0,11900.0,1073,0.0,0.0
2024-09-09 09:25:00+09:00,11900.0,11900.0,11850.0,11900.0,573,0.0,0.0
2024-09-09 09:30:00+09:00,11900.0,11900.0,11850.0,11880.0,359,0.0,0.0
2024-09-09 09:35:00+09:00,11880.0,11930.0,11770.0,11880.0,2818,0.0,0.0
2024-09-09 09:40:00+09:00,11880.0,11930.0,11820.0,11820.0,761,0.0,0.0
2024-09-09 09:45:00+09:00,11840.0,11870.0,11800.0,11800.0,242,0.0,0.0
2024-09-09 09:50:00+09:00,11850.0,11850.0,11790.0,11840.0,552,0.0,0.0
2024-09-09 09:55:00+09:00,11850.0,11900.0,11790.0,11880.0,609,0.0,0.0
2024-09-09 10:00:00+09:00,11790.0,11870.0,11780.0,11790.0,343,0.0,0.0
2024-09-09 10:05:00+09:00,11860.0,11860.0,11780.0,11860.0,228,0.0,0.0
2024-09-09 10:10:00+09:00,11780.0,11860.0,11780.0,11850.0,249,0.0,0.0
2024-09-09 10:15:00+09:00,11860.0,11870.0,11800.0,11870.0,79,0.0,0.0
2024-09-09 10:20:00+09:00,11870.0,11870.0,11860.0,11860.0,22,0.0,0.0
2024-09-09 10:25:00+09:00,11870.0,11870.0,11870.0,11870.0,54,0.0,0.0
2024-09-09 10:30:00+09:00,11870.0,11890.0,11870.0,11890.0,647,0.0,0.0
2024-09-09 10:35:00+09:00,11890.0,11890.0,11870.0,11880.0,59,0.0,0.0
2024-09-09 10:40:00+09:00,11870.0,11880.0,11830.0,11830.0,283,0.0,0.0
2024-09-09 10:45:00+09:00,11880.0,11880.0,11800.0,11870.0,174,0.0,0.0
2024-09-09 10:50:00+09:00,11870.0,11880.0,11780.0,11870.0,775,0.0,0.0
2024-09-09 10:55:00+09:00,11800.0,11880.0,11800.0,11880.0,224,0.0,0.0
2024-09-09 11:00:00+09:00,11880.0,11880.0,11820.0,11880.0,427,0.0,0.0
2024-09-09 11:05:00+09:00,11870.0,11870.0,11870.0,11870.0,0,0.0,0.0
2024-09-09 11:10:00+09:00,11860.0,11880.0,11840.0,11880.0,216,0.0,0.0
2024-09-09 11:15:00+09:00,11840.0,11850.0,11820.0,11850.0,145,0.0,0.0
2024-09-09 11:20:00+09:00,11870.0,11880.0,11810.0,11810.0,127,0.0,0.0
2024-09-09 11:25:00+09:00,11880.0,11880.0,11810.0,11880.0,132,0.0,0.0
2024-09-09 11:30:00+09:00,11880.0,11880.0,11880.0,11880.0,799,0.0,0.0
2024-09-09 11:35:00+09:00,11880.0,11880.0,11880.0,11880.0,0,0.0,0.0
2024-09-09 11:40:00+09:00,11880.0,11880.0,11880.0,11880.0,19,0.0,0.0
2024-09-09 11:45:00+09:00,11880.0,11890.0,11880.0,11890.0,768,0.0,0.0
2024-09-09 11:50:00+09:00,11890.0,11920.0,11890.0,11900.0,42,0.0,0.0
2024-09-09 11:55:00+09:00,11920.0,12000.0,11920.0,11930.0,280,0.0,0.0
2024-09-09 12:05:00+09:00,11950.0,11950.0,11950.0,11950.0,0,0.0,0.0
2024-09-09 12:10:00+09:00,11950.0,11970.0,11950.0,11970.0,37,0.0,0.0
2024-09-09 12:15:00+09:00,11950.0,11950.0,11950.0,11950.0,0,0.0,0.0
2024-09-09 12:20:00+09:00,11940.0,11940.0,11940.0,11940.0,92,0.0,0.0
2024-09-09 12:25:00+09:00,11940.0,11940.0,11940.0,11940.0,0,0.0,0.0
2024-09-09 12:30:00+09:00,11960.0,11960.0,11960.0,11960.0,199,0.0,0.0
2024-09-09 12:35:00+09:00,11960.0,11970.0,11960.0,11970.0,178,0.0,0.0
2024-09-09 12:40:00+09:00,11970.0,11970.0,11970.0,11970.0,3,0.0,0.0
2024-09-09 12:45:00+09:00,11970.0,11980.0,11970.0,11980.0,27,0.0,0.0
2024-09-09 12:50:00+09:00,11980.0,11990.0,11970.0,11990.0,851,0.0,0.0
2024-09-09 12:55:00+09:00,11970.0,11970.0,11920.0,11920.0,312,0.0,0.0
2024-09-09 13:00:00+09:00,11970.0,11970.0,11960.0,11960.0,0,0.0,0.0
2024-09-09 13:05:00+09:00,11960.0,11960.0,11960.0,11960.0,1,0.0,0.0
2024-09-09 13:10:00+09:00,11920.0,11920.0,11920.0,11920.0,3,0.0,0.0
2024-09-09 13:20:00+09:00,11960.0,11960.0,11960.0,11960.0,1,0.0,0.0
2024-09-09 13:25:00+09:00,11960.0,12010.0,11960.0,12010.0,357,0.0,0.0
2024-09-09 13:30:00+09:00,12010.0,12010.0,11960.0,12010.0,255,0.0,0.0
2024-09-09 13:35:00+09:00,12010.0,12010.0,12010.0,12010.0,150,0.0,0.0
2024-09-09 13:55:00+09:00,12010.0,12010.0,12010.0,12010.0,58,0.0,0.0
2024-09-09 14:00:00+09:00,12020.0,12020.0,12020.0,12020.0,0,0.0,0.0
2024-09-09 14:05:00+09:00,12020.0,12020.0,12010.0,12010.0,119,0.0,0.0
2024-09-09 14:10:00+09:00,12010.0,12010.0,12000.0,12010.0,33,0.0,0.0
2024-09-09 14:15:00+09:00,12010.0,12010.0,12010.0,12010.0,10,0.0,0.0
2024-09-09 14:20:00+09:00,12010.0,12010.0,12010.0,12010.0,6,0.0,0.0
2024-09-09 14:25:00+09:00,12010.0,12060.0,12010.0,12050.0,402,0.0,0.0
2024-09-09 14:30:00+09:00,12030.0,12030.0,11940.0,11950.0,1724,0.0,0.0
2024-09-09 14:35:00+09:00,11950.0,11950.0,11950.0,11950.0,138,0.0,0.0
2024-09-09 14:40:00+09:00,11950.0,11950.0,11860.0,11870.0,4280,0.0,0.0
2024-09-09 14:45:00+09:00,11880.0,11880.0,11850.0,11850.0,34,0.0,0.0
2024-09-09 14:50:00+09:00,11900.0,11900.0,11870.0,11870.0,294,0.0,0.0
2024-09-09 14:55:00+09:00,11900.0,11940.0,11900.0,11940.0,0,0.0,0.0
2024-09-10 09:00:00+09:00,11850.0,12000.0,11850.0,12000.0,2606,0.0,0.0
2024-09-10 09:05:00+09:00,11950.0,12000.0,11800.0,11910.0,1199,0.0,0.0
2024-09-10 09:10:00+09:00,11880.0,11880.0,11650.0,11820.0,1545,0.0,0.0
2024-09-10 09:15:00+09:00,11700.0,11780.0,11620.0,11720.0,558,0.0,0.0
2024-09-10 09:20:00+09:00,11730.0,11730.0,11710.0,11730.0,68,0.0,0.0
2024-09-10 09:25:00+09:00,11780.0,11800.0,11750.0,11800.0,490,0.0,0.0
2024-09-10 09:30:00+09:00,11800.0,11820.0,11790.0,11800.0,329,0.0,0.0
2024-09-10 09:35:00+09:00,11800.0,11800.0,11740.0,11740.0,458,0.0,0.0
2024-09-10 09:40:00+09:00,11790.0,11810.0,11790.0,11810.0,100,0.0,0.0
2024-09-10 09:45:00+09:00,11810.0,11810.0,11810.0,11810.0,27,0.0,0.0
2024-09-10 09:50:00+09:00,11820.0,11820.0,11820.0,11820.0,75,0.0,0.0
2024-09-10 09:55:00+09:00,11820.0,11820.0,11790.0,11790.0,54,0.0,0.0
2024-09-10 10:00:00+09:00,11790.0,11800.0,11710.0,11770.0,917,0.0,0.0
2024-09-10 10:05:00+09:00,11750.0,11820.0,11750.0,11810.0,478,0.0,0.0
2024-09-10 10:10:00+09:00,11820.0,11880.0,11810.0,11860.0,334,0.0,0.0
2024-09-10 10:15:00+09:00,11880.0,11880.0,11870.0,11880.0,17,0.0,0.0
2024-09-10 10:20:00+09:00,11880.0,11880.0,11850.0,11850.0,29,0.0,0.0
2024-09-10 10:25:00+09:00,11850.0,11850.0,11800.0,11840.0,128,0.0,0.0
2024-09-10 10:30:00+09:00,11840.0,11890.0,11830.0,11830.0,222,0.0,0.0
2024-09-10 10:35:00+09:00,11850.0,11880.0,11820.0,11880.0,39,0.0,0.0
2024-09-10 10:40:00+09:00,11880.0,11880.0,11880.0,11880.0,34,0.0,0.0
2024-09-10 10:45:00+09:00,11880.0,11880.0,11800.0,11800.0,731,0.0,0.0
2024-09-10 10:50:00+09:00,11820.0,11840.0,11820.0,11830.0,0,0.0,0.0
2024-09-10 10:55:00+09:00,11840.0,11880.0,11800.0,11880.0,1359,0.0,0.0
2024-09-10 11:00:00+09:00,11890.0,11890.0,11890.0,11890.0,11,0.0,0.0
2024-09-10 11:05:00+09:00,11890.0,11890.0,11820.0,11820.0,24,0.0,0.0
2024-09-10 11:10:00+09:00,11820.0,11820.0,11740.0,11740.0,1029,0.0,0.0
2024-09-10 11:15:00+09:00,11780.0,11780.0,11700.0,11770.0,493,0.0,0.0
2024-09-10 11:20:00+09:00,11770.0,11770.0,11700.0,11750.0,326,0.0,0.0
2024-09-10 11:25:00+09:00,11700.0,11700.0,11650.0,11650.0,1054,0.0,0.0
2024-09-10 11:30:00+09:00,11700.0,11700.0,11650.0,11700.0,227,0.0,0.0
2024-09-10 11:35:00+09:00,11700.0,11700.0,11700.0,11700.0,232,0.0,0.0
2024-09-10 11:40:00+09:00,11690.0,11730.0,11660.0,11730.0,839,0.0,0.0
2024-09-10 11:45:00+09:00,11700.0,11730.0,11700.0,11730.0,301,0.0,0.0
2024-09-10 11:50:00+09:00,11740.0,11740.0,11700.0,11710.0,51,0.0,0.0
2024-09-10 11:55:00+09:00,11700.0,11710.0,11700.0,11710.0,58,0.0,0.0
2024-09-10 12:00:00+09:00,11700.0,11700.0,11700.0,11700.0,37,0.0,0.0
2024-09-10 12:05:00+09:00,11710.0,11710.0,11700.0,11700.0,23,0.0,0.0
2024-09-10 12:10:00+09:00,11700.0,11700.0,11700.0,11700.0,39,0.0,0.0
2024-09-10 12:20:00+09:00,11700.0,11700.0,11700.0,11700.0,6,0.0,0.0
2024-09-10 12:25:00+09:00,11710.0,11710.0,11710.0,11710.0,0,0.0,0.0
2024-09-10 12:30:00+09:00,11710.0,11720.0,11660.0,11660.0,775,0.0,0.0
2024-09-10 12:35:00+09:00,11660.0,11700.0,11650.0,11700.0,702,0.0,0.0
2024-09-10 12:40:00+09:00,11700.0,11700.0,11700.0,11700.0,1,0.0,0.0
2024-09-10 12:45:00+09:00,11700.0,11700.0,11700.0,11700.0,4,0.0,0.0
2024-09-10 12:50:00+09:00,11660.0,11670.0,11650.0,11650.0,456,0.0,0.0
2024-09-10 12:55:00+09:00,11700.0,11730.0,11700.0,11730.0,57,0.0,0.0
2024-09-10 13:00:00+09:00,11730.0,11730.0,11680.0,11680.0,0,0.0,0.0
2024-09-10 13:05:00+09:00,11680.0,11680.0,11680.0,11680.0,4,0.0,0.0
2024-09-10 13:10:00+09:00,11700.0,11700.0,11700.0,11700.0,0,0.0,0.0
2024-09-10 13:15:00+09:00,11690.0,11690.0,11690.0,11690.0,2,0.0,0.0
2024-09-10 13:20:00+09:00,11690.0,11690.0,11670.0,11670.0,139,0.0,0.0
2024-09-10 13:25:00+09:00,11670.0,11670.0,11670.0,11670.0,183,0.0,0.0
2024-09-10 13:30:00+09:00,11700.0,11720.0,11700.0,11720.0,0,0.0,0.0
2024-09-10 13:35:00+09:00,11720.0,11720.0,11720.0,11720.0,0,0.0,0.0
2024-09-10 13:40:00+09:00,11680.0,11690.0,11650.0,11650.0,1766,0.0,0.0
2024-09-10 13:45:00+09:00,11650.0,11650.0,11630.0,11640.0,289,0.0,0.0
2024-09-10 13:50:00+09:00,11640.0,11650.0,11640.0,11650.0,71,0.0,0.0
2024-09-10 13:55:00+09:00,11660.0,11680.0,11650.0,11680.0,22,0.0,0.0
2024-09-10 14:00:00+09:00,11680.0,11680.0,11650.0,11650.0,202,0.0,0.0
2024-09-10 14:05:00+09:00,11660.0,11660.0,11660.0,11660.0,0,0.0,0.0
2024-09-10 14:10:00+09:00,11660.0,11710.0,11630.0,11660.0,855,0.0,0.0
2024-09-10 14:15:00+09:00,11660.0,11660.0,11660.0,11660.0,0,0.0,0.0
2024-09-10 14:20:00+09:00,11660.0,11660.0,11630.0,11660.0,241,0.0,0.0
2024-09-10 14:25:00+09:00,11630.0,11640.0,11630.0,11640.0,0,0.0,0.0
2024-09-10 14:30:00+09:00,11660.0,11700.0,11630.0,11670.0,160,0.0,0.0
2024-09-10 14:35:00+09:00,11700.0,11710.0,11620.0,11620.0,1519,0.0,0.0
2024-09-10 14:40:00+09:00,11630.0,11640.0,11630.0,11630.0,116,0.0,0.0
2024-09-10 14:45:00+09:00,11660.0,11660.0,11660.0,11660.0,1,0.0,0.0
2024-09-10 14:50:00+09:00,11660.0,11670.0,11660.0,11670.0,32,0.0,0.0
2024-09-10 14:55:00+09:00,11660.0,11660.0,11660.0,11660.0,14,0.0,0.0
2024-09-11 09:00:00+09:00,11800.0,11940.0,11800.0,11940.0,448,0.0,0.0
2024-09-11 09:05:00+09:00,11940.0,11940.0,11890.0,11920.0,249,0.0,0.0
2024-09-11 09:10:00+09:00,11920.0,11930.0,11900.0,11910.0,151,0.0,0.0
2024-09-11 09:15:00+09:00,11930.0,11970.0,11900.0,11970.0,176,0.0,0.0
2024-09-11 09:20:00+09:00,11970.0,12020.0,11970.0,12020.0,406,0.0,0.0
2024-09-11 09:25:00+09:00,12030.0,12030.0,11970.0,12000.0,659,0.0,0.0
2024-09-11 09:30:00+09:00,12000.0,12020.0,11990.0,12020.0,287,0.0,0.0
2024-09-11 09:35:00+09:00,11990.0,12010.0,11900.0,11990.0,1072,0.0,0.0
2024-09-11 09:40:00+09:00,11990.0,11990.0,11990.0,11990.0,0,0.0,0.0
2024-09-11 09:45:00+09:00,11990.0,11990.0,11940.0,11940.0,22,0.0,0.0
2024-09-11 09:50:00+09:00,11930.0,11960.0,11790.0,11960.0,977,0.0,0.0
2024-09-11 09:55:00+09:00,11950.0,11950.0,11770.0,11890.0,680,0.0,0.0
2024-09-11 10:00:00+09:00,11940.0,11970.0,11940.0,11970.0,425,0.0,0.0
2024-09-11 10:05:00+09:00,11970.0,11970.0,11920.0,11920.0,34,0.0,0.0
2024-09-11 10:10:00+09:00,11920.0,11970.0,11850.0,11960.0,152,0.0,0.0
2024-09-11 10:15:00+09:00,11950.0,11960.0,11870.0,11960.0,134,0.0,0.0
2024-09-11 10:20:00+09:00,11920.0,11920.0,11900.0,11920.0,8,0.0,0.0
2024-09-11 10:25:00+09:00,11940.0,11970.0,11800.0,11950.0,269,0.0,0.0
2024-09-11 10:30:00+09:00,11880.0,11920.0,11770.0,11880.0,1805,0.0,0.0
2024-09-11 10:35:00+09:00,11870.0,11870.0,11870.0,11870.0,22,0.0,0.0
2024-09-11 10:40:00+09:00,11810.0,11810.0,11770.0,11770.0,265,0.0,0.0
2024-09-11 10:45:00+09:00,11770.0,11770.0,11620.0,11620.0,844,0.0,0.0
2024-09-11 10:50:00+09:00,11750.0,11860.0,11620.0,11850.0,966,0.0,0.0
2024-09-11 10:55:00+09:00,11850.0,11850.0,11610.0,11770.0,525,0.0,0.0
2024-09-11 11:00:00+09:00,11760.0,11760.0,11600.0,11600.0,1197,0.0,0.0
2024-09-11 11:05:00+09:00,11610.0,11700.0,11520.0,11520.0,1476,0.0,0.0
2024-09-11 11:10:00+09:00,11550.0,11630.0,11520.0,11630.0,704,0.0,0.0
2024-09-11 11:15:00+09:00,11630.0,11630.0,11620.0,11620.0,62,0.0,0.0
2024-09-11 11:20:00+09:00,11620.0,11630.0,11570.0,11630.0,206,0.0,0.0
2024-09-11 11:25:00+09:00,11690.0,11700.0,11600.0,11600.0,276,0.0,0.0
2024-09-11 11:35:00+09:00,11630.0,11670.0,11630.0,11670.0,11,0.0,0.0
2024-09-11 11:40:00+09:00,11670.0,11670.0,11610.0,11610.0,22,0.0,0.0
2024-09-11 11:45:00+09:00,11620.0,11640.0,11620.0,11640.0,64,0.0,0.0
2024-09-11 11:50:00+09:00,11640.0,11670.0,11640.0,11670.0,9,0.0,0.0
2024-09-11 11:55:00+09:00,11650.0,11650.0,11650.0,11650.0,1,0.0,0.0
2024-09-11 12:00:00+09:00,11660.0,11670.0,11660.0,11670.0,6,0.0,0.0
2024-09-11 12:05:00+09:00,11670.0,11670.0,11620.0,11620.0,299,0.0,0.0
2024-09-11 12:10:00+09:00,11630.0,11630.0,11630.0,11630.0,0,0.0,0.0
2024-09-11 12:15:00+09:00,11630.0,11640.0,11590.0,11640.0,730,0.0,0.0
2024-09-11 12:25:00+09:00,11650.0,11650.0,11560.0,11570.0,866,0.0,0.0
2024-09-11 12:30:00+09:00,11630.0,11630.0,11600.0,11600.0,48,0.0,0.0
2024-09-11 12:35:00+09:00,11600.0,11630.0,11600.0,11630.0,75,0.0,0.0
2024-09-11 12:45:00+09:00,11630.0,11630.0,11630.0,11630.0,0,0.0,0.0
2024-09-11 12:50:00+09:00,11630.0,11630.0,11570.0,11570.0,480,0.0,0.0
2024-09-11 12:55:00+09:00,11580.0,11630.0,11570.0,11630.0,141,0.0,0.0
2024-09-11 13:00:00+09:00,11630.0,11630.0,11630.0,11630.0,25,0.0,0.0
2024-09-11 13:05:00+09:00,11630.0,11630.0,11630.0,11630.0,15,0.0,0.0
2024-09-11 13:10:00+09:00,11630.0,11630.0,11630.0,11630.0,321,0.0,0.0
2024-09-11 13:15:00+09:00,11630.0,11630.0,11600.0,11630.0,48,0.0,0.0
2024-09-11 13:20:00+09:00,11630.0,11630.0,11580.0,11630.0,50,0.0,0.0
2024-09-11 13:25:00+09:00,11630.0,11630.0,11580.0,11630.0,16,0.0,0.0
2024-09-11 13:30:00+09:00,11630.0,11630.0,11630.0,11630.0,19,0.0,0.0
2024-09-11 13:35:00+09:00,11630.0,11630.0,11630.0,11630.0,21,0.0,0.0
2024-09-11 13:40:00+09:00,11630.0,11630.0,11540.0,11630.0,1258,0.0,0.0
2024-09-11 13:45:00+09:00,11630.0,11630.0,11560.0,11630.0,49,0.0,0.0
2024-09-11 13:50:00+09:00,11630.0,11630.0,11540.0,11610.0,565,0.0,0.0
2024-09-11 13:55:00+09:00,11610.0,11610.0,11500.0,11560.0,1433,0.0,0.0
2024-09-11 14:00:00+09:00,11560.0,11560.0,11550.0,11550.0,38,0.0,0.0
2024-09-11 14:05:00+09:00,11550.0,11550.0,11520.0,11550.0,551,0.0,0.0
2024-09-11 14:10:00+09:00,11550.0,11550.0,11550.0,11550.0,103,0.0,0.0
2024-09-11 14:15:00+09:00,11550.0,11550.0,11540.0,11550.0,42,0.0,0.0
2024-09-11 14:20:00+09:00,11550.0,11550.0,11510.0,11510.0,1032,0.0,0.0
2024-09-11 14:25:00+09:00,11550.0,11550.0,11490.0,11540.0,687,0.0,0.0
2024-09-11 14:30:00+09:00,11480.0,11480.0,11350.0,11450.0,1782,0.0,0.0
2024-09-11 14:35:00+09:00,11450.0,11460.0,11300.0,11300.0,1334,0.0,0.0
2024-09-11 14:40:00+09:00,11410.0,11450.0,11400.0,11450.0,94,0.0,0.0
2024-09-11 14:45:00+09:00,11450.0,11450.0,11450.0,11450.0,22,0.0,0.0
2024-09-11 14:50:00+09:00,11450.0,11450.0,11300.0,11440.0,1597,0.0,0.0
2024-09-11 14:55:00+09:00,11440.0,11440.0,11290.0,11400.0,681,0.0,0.0
2024-09-12 09:00:00+09:00,11340.0,11760.0,11340.0,11390.0,1125,0.0,0.0
2024-09-12 09:05:00+09:00,11460.0,11610.0,11450.0,11580.0,1077,0.0,0.0
2024-09-12 09:10:00+09:00,11580.0,11610.0,11570.0,11590.0,105,0.0,0.0
2024-09-12 09:15:00+09:00,11570.0,11680.0,11400.0,11670.0,1034,0.0,0.0
2024-09-12 09:20:00+09:00,11660.0,11760.0,11650.0,11720.0,1474,0.0,0.0
2024-09-12 09:25:00+09:00,11650.0,11720.0,11650.0,11680.0,213,0.0,0.0
2024-09-12 09:30:00+09:00,11720.0,11720.0,11710.0,11710.0,0,0.0,0.0
2024-09-12 09:35:00+09:00,11700.0,11700.0,11680.0,11680.0,3,0.0,0.0
2024-09-12 09:40:00+09:00,11670.0,11710.0,11600.0,11700.0,153,0.0,0.0
2024-09-12 09:45:00+09:00,11610.0,11690.0,11500.0,11660.0,626,0.0,0.0
2024-09-12 09:50:00+09:00,11660.0,11660.0,11620.0,11620.0,263,0.0,0.0
2024-09-12 09:55:00+09:00,11640.0,11690.0,11640.0,11690.0,0,0.0,0.0
2024-09-12 10:05:00+09:00,11630.0,11670.0,11630.0,11670.0,4,0.0,0.0
2024-09-12 10:10:00+09:00,11670.0,11670.0,11620.0,11620.0,10,0.0,0.0
2024-09-12 10:15:00+09:00,11610.0,11670.0,11610.0,11670.0,26,0.0,0.0
2024-09-12 10:20:00+09:00,11670.0,11670.0,11650.0,11670.0,5,0.0,0.0
2024-09-12 10:25:00+09:00,11650.0,11670.0,11440.0,11480.0,499,0.0,0.0
2024-09-12 10:30:00+09:00,11580.0,11630.0,11580.0,11630.0,12,0.0,0.0
2024-09-12 10:35:00+09:00,11620.0,11620.0,11620.0,11620.0,0,0.0,0.0
2024-09-12 10:40:00+09:00,11620.0,11660.0,11580.0,11580.0,279,0.0,0.0
2024-09-12 10:45:00+09:00,11580.0,11580.0,11580.0,11580.0,22,0.0,0.0
2024-09-12 10:50:00+09:00,11610.0,11660.0,11610.0,11660.0,10,0.0,0.0
2024-09-12 10:55:00+09:00,11650.0,11650.0,11590.0,11650.0,97,0.0,0.0
2024-09-12 11:00:00+09:00,11650.0,11650.0,11590.0,11600.0,73,0.0,0.0
2024-09-12 11:05:00+09:00,11600.0,11650.0,11600.0,11610.0,73,0.0,0.0
2024-09-12 11:10:00+09:00,11610.0,11620.0,11500.0,11610.0,124,0.0,0.0
2024-09-12 11:15:00+09:00,11630.0,11640.0,11630.0,11640.0,22,0.0,0.0
2024-09-12 11:20:00+09:00,11590.0,11640.0,11480.0,11620.0,184,0.0,0.0
2024-09-12 11:25:00+09:00,11620.0,11620.0,11620.0,11620.0,17,0.0,0.0
2024-09-12 11:30:00+09:00,11620.0,11620.0,11620.0,11620.0,20,0.0,0.0
2024-09-12 11:35:00+09:00,11620.0,11620.0,11540.0,11620.0,39,0.0,0.0
2024-09-12 11:40:00+09:00,11620.0,11630.0,11620.0,11630.0,25,0.0,0.0
2024-09-12 11:45:00+09:00,11630.0,11630.0,11620.0,11620.0,21,0.0,0.0
2024-09-12 11:50:00+09:00,11620.0,11620.0,11600.0,11610.0,113,0.0,0.0
2024-09-12 11:55:00+09:00,11550.0,11610.0,11510.0,11510.0,722,0.0,0.0
2024-09-12 12:00:00+09:00,11610.0,11610.0,11480.0,11600.0,279,0.0,0.0
2024-09-12 12:05:00+09:00,11600.0,11610.0,11600.0,11610.0,50,0.0,0.0
2024-09-12 12:10:00+09:00,11610.0,11620.0,11600.0,11620.0,88,0.0,0.0
2024-09-12 12:15:00+09:00,11620.0,11620.0,11620.0,11620.0,38,0.0,0.0
2024-09-12 12:20:00+09:00,11620.0,11620.0,11600.0,11600.0,415,0.0,0.0
2024-09-12 12:25:00+09:00,11620.0,11620.0,11620.0,11620.0,0,0.0,0.0
2024-09-12 12:30:00+09:00,11620.0,11630.0,11620.0,11630.0,62,0.0,0.0
2024-09-12 12:35:00+09:00,11630.0,11630.0,11630.0,11630.0,20,0.0,0.0
2024-09-12 12:40:00+09:00,11630.0,11640.0,11630.0,11640.0,186,0.0,0.0
2024-09-12 12:45:00+09:00,11640.0,11640.0,11640.0,11640.0,31,0.0,0.0
2024-09-12 12:50:00+09:00,11650.0,11660.0,11650.0,11660.0,554,0.0,0.0
2024-09-12 12:55:00+09:00,11660.0,11660.0,11650.0,11660.0,100,0.0,0.0
2024-09-12 13:00:00+09:00,11660.0,11660.0,11650.0,11650.0,613,0.0,0.0
2024-09-12 13:05:00+09:00,11650.0,11660.0,11650.0,11660.0,0,0.0,0.0
2024-09-12 13:10:00+09:00,11650.0,11650.0,11620.0,11620.0,85,0.0,0.0
2024-09-12 13:15:00+09:00,11640.0,11640.0,11550.0,11550.0,438,0.0,0.0
2024-09-12 13:20:00+09:00,11560.0,11590.0,11550.0,11590.0,59,0.0,0.0
2024-09-12 13:25:00+09:00,11640.0,11640.0,11520.0,11520.0,150,0.0,0.0
2024-09-12 13:30:00+09:00,11630.0,11630.0,11630.0,11630.0,0,0.0,0.0
2024-09-12 13:35:00+09:00,11630.0,11630.0,11630.0,11630.0,10,0.0,0.0
2024-09-12 13:50:00+09:00,11620.0,11630.0,11520.0,11520.0,346,0.0,0.0
2024-09-12 13:55:00+09:00,11620.0,11620.0,11620.0,11620.0,0,0.0,0.0
2024-09-12 14:00:00+09:00,11620.0,11620.0,11620.0,11620.0,13,0.0,0.0
2024-09-12 14:05:00+09:00,11600.0,11610.0,11600.0,11610.0,25,0.0,0.0
2024-09-12 14:10:00+09:00,11610.0,11610.0,11570.0,11600.0,97,0.0,0.0
2024-09-12 14:15:00+09:00,11600.0,11610.0,11600.0,11610.0,38,0.0,0.0
2024-09-12 14:20:00+09:00,11610.0,11620.0,11570.0,11620.0,333,0.0,0.0
2024-09-12 14:25:00+09:00,11620.0,11620.0,11620.0,11620.0,35,0.0,0.0
2024-09-12 14:30:00+09:00,11620.0,11620.0,11620.0,11620.0,30,0.0,0.0
2024-09-12 14:35:00+09:00,11620.0,11620.0,11610.0,11610.0,71,0.0,0.0
2024-09-12 14:40:00+09:00,11620.0,11630.0,11620.0,11630.0,63,0.0,0.0
2024-09-12 14:45:00+09:00,11630.0,11640.0,11630.0,11630.0,37,0.0,0.0
2024-09-12 14:50:00+09:00,11630.0,11630.0,11600.0,11630.0,32,0.0,0.0
2024-09-12 14:55:00+09:00,11630.0,11630.0,11620.0,11630.0,36,0.0,0.0
2024-09-13 09:00:00+09:00,11710.0,11800.0,11700.0,11800.0,513,0.0,0.0
2024-09-13 09:05:00+09:00,11800.0,11840.0,11800.0,11840.0,215,0.0,0.0
2024-09-13 09:10:00+09:00,11830.0,11850.0,11830.0,11850.0,76,0.0,0.0
2024-09-13 09:15:00+09:00,11850.0,11850.0,11820.0,11820.0,83,0.0,0.0
2024-09-13 09:20:00+09:00,11820.0,11830.0,11810.0,11830.0,52,0.0,0.0
2024-09-13 09:25:00+09:00,11840.0,11850.0,11830.0,11850.0,116,0.0,0.0
2024-09-13 09:30:00+09:00,11850.0,11880.0,11850.0,11880.0,186,0.0,0.0
2024-09-13 09:35:00+09:00,11880.0,11930.0,11880.0,11910.0,618,0.0,0.0
2024-09-13 09:40:00+09:00,11910.0,12010.0,11910.0,12010.0,1964,0.0,0.0
2024-09-13 09:45:00+09:00,12010.0,12030.0,11990.0,12020.0,646,0.0,0.0
2024-09-13 09:50:00+09:00,12020.0,12030.0,12000.0,12030.0,198,0.0,0.0
2024-09-13 09:55:00+09:00,12030.0,12030.0,12030.0,12030.0,135,0.0,0.0
2024-09-13 10:00:00+09:00,12030.0,12030.0,12000.0,12000.0,190,0.0,0.0
2024-09-13 10:05:00+09:00,12000.0,12010.0,11870.0,11870.0,2934,0.0,0.0
2024-09-13 10:10:00+09:00,11870.0,11870.0,11860.0,11860.0,89,0.0,0.0
2024-09-13 10:15:00+09:00,11920.0,11920.0,11860.0,11880.0,137,0.0,0.0
2024-09-13 10:20:00+09:00,11880.0,11950.0,11880.0,11940.0,131,0.0,0.0
2024-09-13 10:25:00+09:00,11920.0,11920.0,11920.0,11920.0,25,0.0,0.0
2024-09-13 10:30:00+09:00,11920.0,11920.0,11920.0,11920.0,30,0.0,0.0
2024-09-13 10:35:00+09:00,11920.0,11990.0,11920.0,11990.0,278,0.0,0.0
2024-09-13 10:40:00+09:00,11990.0,11990.0,11990.0,11990.0,109,0.0,0.0
2024-09-13 10:45:00+09:00,11990.0,11990.0,11970.0,11970.0,53,0.0,0.0
2024-09-13 10:50:00+09:00,11970.0,11970.0,11940.0,11970.0,68,0.0,0.0
2024-09-13 10:55:00+09:00,11960.0,11970.0,11960.0,11960.0,20,0.0,0.0
2024-09-13 11:05:00+09:00,11940.0,11940.0,11900.0,11900.0,251,0.0,0.0
2024-09-13 11:10:00+09:00,11890.0,11910.0,11890.0,11910.0,0,0.0,0.0
2024-09-13 11:15:00+09:00,11880.0,11930.0,11820.0,11900.0,2015,0.0,0.0
2024-09-13 11:20:00+09:00,11850.0,11900.0,11850.0,11900.0,71,0.0,0.0
2024-09-13 11:25:00+09:00,11850.0,11850.0,11850.0,11850.0,2,0.0,0.0
2024-09-13 11:30:00+09:00,11850.0,11850.0,11840.0,11840.0,51,0.0,0.0
2024-09-13 11:35:00+09:00,11890.0,11890.0,11810.0,11880.0,240,0.0,0.0
2024-09-13 11:40:00+09:00,11850.0,11850.0,11760.0,11850.0,448,0.0,0.0
2024-09-13 11:55:00+09:00,11780.0,11850.0,11780.0,11850.0,4,0.0,0.0
2024-09-13 12:00:00+09:00,11790.0,11850.0,11790.0,11850.0,27,0.0,0.0
2024-09-13 12:15:00+09:00,11800.0,11800.0,11800.0,11800.0,3,0.0,0.0
2024-09-13 12:25:00+09:00,11800.0,11800.0,11800.0,11800.0,0,0.0,0.0
2024-09-13 12:35:00+09:00,11800.0,11840.0,11770.0,11840.0,207,0.0,0.0
2024-09-13 12:40:00+09:00,11840.0,11850.0,11840.0,11850.0,64,0.0,0.0
2024-09-13 12:45:00+09:00,11850.0,11850.0,11850.0,11850.0,40,0.0,0.0
2024-09-13 12:50:00+09:00,11850.0,11850.0,11800.0,11800.0,20,0.0,0.0
2024-09-13 12:55:00+09:00,11840.0,11840.0,11770.0,11840.0,329,0.0,0.0
2024-09-13 13:00:00+09:00,11780.0,11820.0,11780.0,11820.0,27,0.0,0.0
2024-09-13 13:05:00+09:00,11820.0,11820.0,11780.0,11820.0,41,0.0,0.0
2024-09-13 13:10:00+09:00,11820.0,11820.0,11820.0,11820.0,15,0.0,0.0
2024-09-13 13:15:00+09:00,11820.0,11820.0,11800.0,11800.0,40,0.0,0.0
2024-09-13 13:20:00+09:00,11800.0,11820.0,11800.0,11810.0,18,0.0,0.0
2024-09-13 13:25:00+09:00,11810.0,11810.0,11810.0,11810.0,30,0.0,0.0
2024-09-13 13:30:00+09:00,11810.0,11810.0,11790.0,11810.0,37,0.0,0.0
2024-09-13 13:35:00+09:00,11810.0,11820.0,11810.0,11820.0,185,0.0,0.0
2024-09-13 13:40:00+09:00,11820.0,11820.0,11820.0,11820.0,15,0.0,0.0
2024-09-13 13:45:00+09:00,11820.0,11820.0,11780.0,11810.0,190,0.0,0.0
2024-09-13 13:50:00+09:00,11810.0,11830.0,11810.0,11830.0,556,0.0,0.0
2024-09-13 13:55:00+09:00,11830.0,11900.0,11820.0,11900.0,553,0.0,0.0
2024-09-13 14:00:00+09:00,11900.0,11900.0,11870.0,11870.0,241,0.0,0.0
2024-09-13 14:05:00+09:00,11910.0,11910.0,11910.0,11910.0,82,0.0,0.0
2024-09-13 14:10:00+09:00,11910.0,11910.0,11910.0,11910.0,677,0.0,0.0
2024-09-13 14:15:00+09:00,11910.0,11910.0,11910.0,11910.0,15,0.0,0.0
2024-09-13 14:20:00+09:00,11910.0,11910.0,11870.0,11910.0,467,0.0,0.0
2024-09-13 14:25:00+09:00,11910.0,11910.0,11910.0,11910.0,9,0.0,0.0
2024-09-13 14:30:00+09:00,11910.0,11920.0,11910.0,11920.0,76,0.0,0.0
2024-09-13 14:35:00+09:00,11920.0,11930.0,11920.0,11930.0,32,0.0,0.0
2024-09-13 14:40:00+09:00,11930.0,11940.0,11930.0,11930.0,217,0.0,0.0
2024-09-13 14:45:00+09:00,11930.0,11950.0,11770.0,11790.0,1329,0.0,0.0
2024-09-13 14:50:00+09:00,11910.0,11910.0,11900.0,11910.0,39,0.0,0.0
2024-09-13 14:55:00+09:00,11910.0,11910.0,11840.0,11870.0,343,0.0,0.0
2024-09-19 09:00:00+09:00,12140.0,12140.0,11950.0,11990.0,0,0.0,0.0
2024-09-19 09:05:00+09:00,11990.0,11990.0,11940.0,11980.0,798,0.0,0.0
2024-09-19 09:10:00+09:00,11950.0,12030.0,11940.0,12000.0,554,0.0,0.0
2024-09-19 09:15:00+09:00,12000.0,12020.0,11990.0,11990.0,654,0.0,0.0
2024-09-19 09:20:00+09:00,11990.0,12040.0,11990.0,12040.0,337,0.0,0.0
2024-09-19 09:25:00+09:00,12040.0,12140.0,12020.0,12140.0,1265,0.0,0.0
2024-09-19 09:30:00+09:00,12140.0,12230.0,12080.0,12080.0,2558,0.0,0.0
2024-09-19 09:35:00+09:00,12090.0,12090.0,12070.0,12080.0,1284,0.0,0.0
2024-09-19 09:40:00+09:00,12080.0,12180.0,12080.0,12180.0,0,0.0,0.0
2024-09-19 09:45:00+09:00,12180.0,12180.0,12180.0,12180.0,312,0.0,0.0
2024-09-19 09:50:00+09:00,12180.0,12190.0,12170.0,12190.0,0,0.0,0.0
2024-09-19 09:55:00+09:00,12190.0,12210.0,12160.0,12200.0,721,0.0,0.0
2024-09-19 10:00:00+09:00,12190.0,12210.0,12160.0,12210.0,471,0.0,0.0
2024-09-19 10:10:00+09:00,12160.0,12160.0,12160.0,12160.0,105,0.0,0.0
2024-09-19 10:15:00+09:00,12190.0,12230.0,12120.0,12210.0,726,0.0,0.0
2024-09-19 10:20:00+09:00,12200.0,12220.0,12200.0,12200.0,552,0.0,0.0
2024-09-19 10:25:00+09:00,12200.0,12200.0,12170.0,12170.0,227,0.0,0.0
2024-09-19 10:30:00+09:00,12170.0,12170.0,12050.0,12170.0,680,0.0,0.0
2024-09-19 10:35:00+09:00,12110.0,12110.0,12110.0,12110.0,3,0.0,0.0
2024-09-19 10:40:00+09:00,12110.0,12110.0,12060.0,12060.0,286,0.0,0.0
2024-09-19 10:45:00+09:00,12060.0,12060.0,12050.0,12050.0,1368,0.0,0.0
2024-09-19 10:50:00+09:00,12050.0,12100.0,11990.0,12000.0,1003,0.0,0.0
2024-09-19 10:55:00+09:00,12010.0,12230.0,12010.0,12200.0,63,0.0,0.0
2024-09-19 11:05:00+09:00,12150.0,12150.0,12060.0,12150.0,39,0.0,0.0
2024-09-19 11:10:00+09:00,12150.0,12150.0,12150.0,12150.0,1,0.0,0.0
2024-09-19 11:15:00+09:00,12160.0,12160.0,12150.0,12160.0,12,0.0,0.0
2024-09-19 11:20:00+09:00,12160.0,12160.0,12140.0,12140.0,0,0.0,0.0
2024-09-19 11:25:00+09:00,12140.0,12140.0,12140.0,12140.0,8,0.0,0.0
2024-09-19 11:30:00+09:00,12130.0,12130.0,12120.0,12120.0,203,0.0,0.0
2024-09-19 11:40:00+09:00,12130.0,12130.0,12130.0,12130.0,0,0.0,0.0
2024-09-19 11:45:00+09:00,12160.0,12160.0,12160.0,12160.0,1,0.0,0.0
2024-09-19 11:55:00+09:00,12150.0,12150.0,12140.0,12140.0,23,0.0,0.0
2024-09-19 12:00:00+09:00,12140.0,12140.0,12140.0,12140.0,0,0.0,0.0
2024-09-19 12:05:00+09:00,12150.0,12150.0,12150.0,12150.0,4,0.0,0.0
2024-09-19 12:10:00+09:00,12180.0,12210.0,12150.0,12150.0,52,0.0,0.0
2024-09-19 12:20:00+09:00,12150.0,12150.0,12150.0,12150.0,199,0.0,0.0
2024-09-19 12:30:00+09:00,12200.0,12210.0,12150.0,12150.0,0,0.0,0.0
2024-09-19 12:35:00+09:00,12160.0,12200.0,12150.0,12150.0,9,0.0,0.0
2024-09-19 12:40:00+09:00,12150.0,12150.0,12150.0,12150.0,117,0.0,0.0
2024-09-19 12:45:00+09:00,12150.0,12170.0,12150.0,12170.0,14,0.0,0.0
2024-09-19 12:50:00+09:00,12180.0,12240.0,12180.0,12240.0,1678,0.0,0.0
2024-09-19 12:55:00+09:00,12240.0,12240.0,12190.0,12190.0,0,0.0,0.0
2024-09-19 13:00:00+09:00,12240.0,12270.0,12240.0,12270.0,98,0.0,0.0
2024-09-19 13:05:00+09:00,12270.0,12270.0,12190.0,12190.0,93,0.0,0.0
2024-09-19 13:10:00+09:00,12200.0,12200.0,12200.0,12200.0,0,0.0,0.0
2024-09-19 13:15:00+09:00,12200.0,12200.0,12200.0,12200.0,10,0.0,0.0
2024-09-19 13:20:00+09:00,12210.0,12250.0,12200.0,12200.0,10,0.0,0.0
2024-09-19 13:25:00+09:00,12200.0,12250.0,12200.0,12220.0,126,0.0,0.0
2024-09-19 13:30:00+09:00,12250.0,12300.0,12250.0,12300.0,581,0.0,0.0
2024-09-19 13:35:00+09:00,12230.0,12230.0,12230.0,12230.0,13,0.0,0.0
2024-09-19 13:40:00+09:00,12300.0,12310.0,12270.0,12310.0,219,0.0,0.0
2024-09-19 13:45:00+09:00,12300.0,12300.0,12300.0,12300.0,52,0.0,0.0
2024-09-19 13:50:00+09:00,12270.0,12300.0,12270.0,12300.0,58,0.0,0.0
2024-09-19 13:55:00+09:00,12290.0,12290.0,12270.0,12270.0,40,0.0,0.0
2024-09-19 14:00:00+09:00,12270.0,12340.0,12270.0,12320.0,907,0.0,0.0
2024-09-19 14:05:00+09:00,12320.0,12380.0,12300.0,12370.0,600,0.0,0.0
2024-09-19 14:10:00+09:00,12370.0,12370.0,12370.0,12370.0,0,0.0,0.0
2024-09-19 14:15:00+09:00,12370.0,12380.0,12370.0,12380.0,127,0.0,0.0
2024-09-19 14:20:00+09:00,12380.0,12380.0,12350.0,12350.0,641,0.0,0.0
2024-09-19 14:25:00+09:00,12350.0,12350.0,12350.0,12350.0,27,0.0,0.0
2024-09-19 14:30:00+09:00,12360.0,12360.0,12360.0,12360.0,244,0.0,0.0
2024-09-19 14:35:00+09:00,12360.0,12360.0,12340.0,12360.0,1367,0.0,0.0
2024-09-19 14:40:00+09:00,12350.0,12350.0,12330.0,12330.0,335,0.0,0.0
2024-09-19 14:45:00+09:00,12330.0,12330.0,12330.0,12330.0,98,0.0,0.0
2024-09-19 14:50:00+09:00,12330.0,12330.0,12290.0,12290.0,487,0.0,0.0
2024-09-19 14:55:00+09:00,12300.0,12300.0,12250.0,12250.0,244,0.0,0.0
2024-09-20 09:00:00+09:00,12230.0,12380.0,12230.0,12380.0,750,0.0,0.0
2024-09-20 09:05:00+09:00,12350.0,12370.0,12350.0,12350.0,73,0.0,0.0
2024-09-20 09:10:00+09:00,12370.0,12370.0,12350.0,12350.0,386,0.0,0.0
2024-09-20 09:15:00+09:00,12350.0,12360.0,12350.0,12360.0,0,0.0,0.0
2024-09-20 09:20:00+09:00,12350.0,12400.0,12350.0,12400.0,732,0.0,0.0
2024-09-20 09:25:00+09:00,12370.0,12400.0,12340.0,12390.0,943,0.0,0.0
2024-09-20 09:30:00+09:00,12350.0,12390.0,12350.0,12390.0,158,0.0,0.0
2024-09-20 09:35:00+09:00,12390.0,12440.0,12390.0,12440.0,462,0.0,0.0
2024-09-20 09:40:00+09:00,12440.0,12470.0,12440.0,12470.0,130,0.0,0.0
2024-09-20 09:45:00+09:00,12470.0,12470.0,12420.0,12440.0,30,0.0,0.0
2024-09-20 09:50:00+09:00,12420.0,12420.0,12390.0,12400.0,655,0.0,0.0
2024-09-20 09:55:00+09:00,12390.0,12400.0,12390.0,12400.0,13,0.0,0.0
2024-09-20 10:00:00+09:00,12400.0,12440.0,12390.0,12440.0,92,0.0,0.0
2024-09-20 10:05:00+09:00,12440.0,12440.0,12430.0,12440.0,12,0.0,0.0
2024-09-20 10:10:00+09:00,12400.0,12440.0,12400.0,12430.0,49,0.0,0.0
2024-09-20 10:15:00+09:00,12430.0,12430.0,12390.0,12390.0,23,0.0,0.0
2024-09-20 10:20:00+09:00,12380.0,12440.0,12380.0,12430.0,409,0.0,0.0
2024-09-20 10:25:00+09:00,12430.0,12430.0,12380.0,12420.0,11,0.0,0.0
2024-09-20 10:30:00+09:00,12430.0,12430.0,12420.0,12430.0,112,0.0,0.0
2024-09-20 10:35:00+09:00,12430.0,12460.0,12420.0,12460.0,303,0.0,0.0
2024-09-20 10:40:00+09:00,12460.0,12570.0,12460.0,12570.0,1832,0.0,0.0
2024-09-20 10:45:00+09:00,12570.0,12570.0,12500.0,12510.0,201,0.0,0.0
2024-09-20 10:50:00+09:00,12510.0,12540.0,12510.0,12510.0,1678,0.0,0.0
2024-09-20 10:55:00+09:00,12500.0,12530.0,12500.0,12510.0,0,0.0,0.0
2024-09-20 11:00:00+09:00,12530.0,12530.0,12510.0,12510.0,442,0.0,0.0
2024-09-20 11:05:00+09:00,12500.0,12510.0,12500.0,12500.0,356,0.0,0.0
2024-09-20 11:10:00+09:00,12510.0,12510.0,12510.0,12510.0,84,0.0,0.0
2024-09-20 11:15:00+09:00,12530.0,12530.0,12520.0,12530.0,96,0.0,0.0
2024-09-20 11:20:00+09:00,12550.0,12580.0,12550.0,12580.0,1393,0.0,0.0
2024-09-20 11:30:00+09:00,12540.0,12540.0,12540.0,12540.0,0,0.0,0.0
2024-09-20 11:35:00+09:00,12550.0,12550.0,12530.0,12530.0,312,0.0,0.0
2024-09-20 11:40:00+09:00,12560.0,12560.0,12560.0,12560.0,466,0.0,0.0
2024-09-20 11:45:00+09:00,12570.0,12570.0,12570.0,12570.0,0,0.0,0.0
2024-09-20 11:50:00+09:00,12570.0,12600.0,12570.0,12600.0,163,0.0,0.0
2024-09-20 11:55:00+09:00,12620.0,12640.0,12620.0,12640.0,102,0.0,0.0
2024-09-20 12:00:00+09:00,12640.0,12650.0,12640.0,12650.0,749,0.0,0.0
2024-09-20 12:05:00+09:00,12660.0,12710.0,12660.0,12700.0,1360,0.0,0.0
2024-09-20 12:10:00+09:00,12710.0,12980.0,12710.0,12810.0,4150,0.0,0.0
2024-09-20 12:15:00+09:00,12810.0,12930.0,12760.0,12930.0,546,0.0,0.0
2024-09-20 12:20:00+09:00,12920.0,12920.0,12840.0,12920.0,214,0.0,0.0
2024-09-20 12:25:00+09:00,12910.0,12920.0,12910.0,12920.0,93,0.0,0.0
2024-09-20 12:30:00+09:00,12910.0,12920.0,12900.0,12900.0,68,0.0,0.0
2024-09-20 12:35:00+09:00,12860.0,12860.0,12850.0,12850.0,213,0.0,0.0
2024-09-20 12:40:00+09:00,12830.0,12880.0,12800.0,12800.0,223,0.0,0.0
2024-09-20 12:45:00+09:00,12800.0,12800.0,12800.0,12800.0,250,0.0,0.0
2024-09-20 12:50:00+09:00,12800.0,12800.0,12800.0,12800.0,30,0.0,0.0
2024-09-20 12:55:00+09:00,12810.0,12860.0,12810.0,12860.0,209,0.0,0.0
2024-09-20 13:00:00+09:00,12860.0,12860.0,12840.0,12840.0,195,0.0,0.0
2024-09-20 13:05:00+09:00,12840.0,12870.0,12840.0,12840.0,31,0.0,0.0
2024-09-20 13:10:00+09:00,12840.0,12840.0,12840.0,12840.0,1,0.0,0.0
2024-09-20 13:15:00+09:00,12840.0,12840.0,12840.0,12840.0,1309,0.0,0.0
2024-09-20 13:20:00+09:00,12820.0,12840.0,12820.0,12840.0,0,0.0,0.0
2024-09-20 13:25:00+09:00,12850.0,12850.0,12840.0,12850.0,1,0.0,0.0
2024-09-20 13:30:00+09:00,12870.0,12880.0,12870.0,12880.0,25,0.0,0.0
2024-09-20 13:35:00+09:00,12880.0,12910.0,12880.0,12910.0,114,0.0,0.0
2024-09-20 13:40:00+09:00,12880.0,12880.0,12880.0,12880.0,41,0.0,0.0
2024-09-20 13:45:00+09:00,12900.0,12900.0,12900.0,12900.0,21,0.0,0.0
2024-09-20 13:50:00+09:00,12910.0,12930.0,12910.0,12920.0,695,0.0,0.0
2024-09-20 13:55:00+09:00,12920.0,12930.0,12920.0,12930.0,259,0.0,0.0
2024-09-20 14:00:00+09:00,12940.0,13050.0,12940.0,13000.0,2150,0.0,0.0
2024-09-20 14:05:00+09:00,12940.0,13000.0,12940.0,13000.0,379,0.0,0.0
2024-09-20 14:10:00+09:00,13000.0,13070.0,13000.0,13040.0,438,0.0,0.0
2024-09-20 14:15:00+09:00,13040.0,13080.0,13030.0,13080.0,234,0.0,0.0
2024-09-20 14:20:00+09:00,13070.0,13080.0,13050.0,13050.0,566,0.0,0.0
2024-09-20 14:25:00+09:00,13040.0,13040.0,13000.0,13000.0,10,0.0,0.0
2024-09-20 14:30:00+09:00,12990.0,12990.0,12990.0,12990.0,7,0.0,0.0
2024-09-20 14:35:00+09:00,12990.0,13000.0,12950.0,12950.0,301,0.0,0.0
2024-09-20 14:40:00+09:00,12950.0,12960.0,12900.0,12900.0,648,0.0,0.0
2024-09-20 14:45:00+09:00,12900.0,12910.0,12850.0,12850.0,656,0.0,0.0
2024-09-20 14:50:00+09:00,12850.0,12900.0,12810.0,12860.0,594,0.0,0.0
2024-09-20 14:55:00+09:00,12820.0,12880.0,12820.0,12850.0,136,0.0,0.0
2024-09-23 09:00:00+09:00,13000.0,13200.0,12920.0,13020.0,0,0.0,0.0
2024-09-23 09:05:00+09:00,13020.0,13020.0,12920.0,12920.0,996,0.0,0.0
2024-09-23 09:10:00+09:00,12920.0,12920.0,12920.0,12920.0,0,0.0,0.0
2024-09-23 09:15:00+09:00,12920.0,12930.0,12920.0,12930.0,457,0.0,0.0
2024-09-23 09:20:00+09:00,12940.0,13000.0,12940.0,12950.0,160,0.0,0.0
2024-09-23 09:25:00+09:00,12950.0,12950.0,12900.0,12900.0,576,0.0,0.0
2024-09-23 09:30:00+09:00,12900.0,12900.0,12890.0,12900.0,194,0.0,0.0
2024-09-23 09:35:00+09:00,12900.0,12900.0,12890.0,12900.0,12,0.0,0.0
2024-09-23 09:40:00+09:00,12920.0,12930.0,12920.0,12930.0,157,0.0,0.0
2024-09-23 09:45:00+09:00,12900.0,12910.0,12890.0,12890.0,686,0.0,0.0
2024-09-23 09:50:00+09:00,12900.0,13020.0,12900.0,13000.0,115,0.0,0.0
2024-09-23 09:55:00+09:00,13000.0,13050.0,13000.0,13050.0,1611,0.0,0.0
2024-09-23 10:00:00+09:00,13050.0,13050.0,12940.0,12940.0,0,0.0,0.0
2024-09-23 10:05:00+09:00,12940.0,12940.0,12940.0,12940.0,0,0.0,0.0
2024-09-23 10:10:00+09:00,12980.0,13030.0,12940.0,12950.0,382,0.0,0.0
2024-09-23 10:20:00+09:00,12980.0,13030.0,12980.0,13030.0,1228,0.0,0.0
2024-09-23 10:25:00+09:00,13050.0,13050.0,12930.0,13050.0,905,0.0,0.0
2024-09-23 10:30:00+09:00,13070.0,13080.0,13000.0,13000.0,489,0.0,0.0
2024-09-23 10:35:00+09:00,13050.0,13060.0,13050.0,13060.0,24,0.0,0.0
2024-09-23 10:40:00+09:00,13030.0,13040.0,13030.0,13040.0,56,0.0,0.0
2024-09-23 10:45:00+09:00,13040.0,13050.0,13040.0,13050.0,58,0.0,0.0
2024-09-23 10:50:00+09:00,13060.0,13200.0,13040.0,13200.0,1090,0.0,0.0
2024-09-23 10:55:00+09:00,13190.0,13200.0,13140.0,13140.0,0,0.0,0.0
2024-09-23 11:00:00+09:00,13140.0,13150.0,13140.0,13140.0,335,0.0,0.0
2024-09-23 11:05:00+09:00,13150.0,13150.0,13150.0,13150.0,0,0.0,0.0
2024-09-23 11:10:00+09:00,13150.0,13150.0,13130.0,13130.0,276,0.0,0.0
2024-09-23 11:15:00+09:00,13070.0,13070.0,13070.0,13070.0,236,0.0,0.0
2024-09-23 11:25:00+09:00,13090.0,13110.0,13090.0,13110.0,66,0.0,0.0
2024-09-23 11:30:00+09:00,13110.0,13110.0,13100.0,13100.0,41,0.0,0.0
2024-09-23 11:35:00+09:00,13110.0,13110.0,13100.0,13100.0,21,0.0,0.0
2024-09-23 11:40:00+09:00,13110.0,13110.0,13100.0,13100.0,226,0.0,0.0
2024-09-23 11:45:00+09:00,13100.0,13100.0,13100.0,13100.0,14,0.0,0.0
2024-09-23 11:50:00+09:00,13100.0,13100.0,13090.0,13090.0,254,0.0,0.0
2024-09-23 11:55:00+09:00,13080.0,13080.0,13070.0,13070.0,223,0.0,0.0
2024-09-23 12:00:00+09:00,13070.0,13070.0,13070.0,13070.0,376,0.0,0.0
2024-09-23 12:05:00+09:00,13100.0,13100.0,13100.0,13100.0,0,0.0,0.0
2024-09-23 12:15:00+09:00,13100.0,13120.0,13100.0,13100.0,286,0.0,0.0
2024-09-23 12:20:00+09:00,13100.0,13250.0,13100.0,13140.0,1630,0.0,0.0
2024-09-23 12:25:00+09:00,13160.0,13160.0,13160.0,13160.0,15,0.0,0.0
2024-09-23 12:30:00+09:00,13160.0,13260.0,13160.0,13260.0,691,0.0,0.0
2024-09-23 12:35:00+09:00,13260.0,13260.0,13260.0,13260.0,163,0.0,0.0
2024-09-23 12:40:00+09:00,13260.0,13260.0,13220.0,13250.0,72,0.0,0.0
2024-09-23 12:45:00+09:00,13240.0,13250.0,13240.0,13250.0,51,0.0,0.0
2024-09-23 12:50:00+09:00,13250.0,13270.0,13250.0,13270.0,76,0.0,0.0
2024-09-23 12:55:00+09:00,13260.0,13270.0,13260.0,13270.0,3,0.0,0.0
2024-09-23 13:00:00+09:00,13270.0,13300.0,13270.0,13300.0,356,0.0,0.0
2024-09-23 13:05:00+09:00,13310.0,13320.0,13290.0,13290.0,340,0.0,0.0
2024-09-23 13:10:00+09:00,13290.0,13290.0,13250.0,13260.0,112,0.0,0.0
2024-09-23 13:15:00+09:00,13250.0,13270.0,13240.0,13270.0,275,0.0,0.0
2024-09-23 13:20:00+09:00,13270.0,13270.0,13270.0,13270.0,5,0.0,0.0
2024-09-23 13:25:00+09:00,13270.0,13270.0,13270.0,13270.0,171,0.0,0.0
2024-09-23 13:35:00+09:00,13270.0,13300.0,13270.0,13300.0,860,0.0,0.0
2024-09-23 13:40:00+09:00,13300.0,13300.0,13300.0,13300.0,0,0.0,0.0
2024-09-23 13:45:00+09:00,13300.0,13300.0,13250.0,13280.0,158,0.0,0.0
2024-09-23 13:50:00+09:00,13240.0,13280.0,13240.0,13280.0,445,0.0,0.0
2024-09-23 13:55:00+09:00,13280.0,13440.0,13250.0,13440.0,5234,0.0,0.0
2024-09-23 14:00:00+09:00,13440.0,13490.0,13400.0,13480.0,779,0.0,0.0
2024-09-23 14:05:00+09:00,13440.0,13480.0,13400.0,13410.0,1368,0.0,0.0
2024-09-23 14:10:00+09:00,13440.0,13440.0,13440.0,13440.0,0,0.0,0.0
2024-09-23 14:15:00+09:00,13410.0,13410.0,13350.0,13410.0,224,0.0,0.0
2024-09-23 14:20:00+09:00,13390.0,13410.0,13350.0,13350.0,293,0.0,0.0
2024-09-23 14:25:00+09:00,13350.0,13410.0,13300.0,13390.0,654,0.0,0.0
2024-09-23 14:30:00+09:00,13330.0,13390.0,13270.0,13380.0,264,0.0,0.0
2024-09-23 14:40:00+09:00,13320.0,13330.0,13320.0,13320.0,6,0.0,0.0
2024-09-23 14:45:00+09:00,13320.0,13330.0,13310.0,13320.0,114,0.0,0.0
2024-09-23 14:50:00+09:00,13330.0,13380.0,13330.0,13380.0,16,0.0,0.0
2024-09-23 14:55:00+09:00,13380.0,13380.0,13380.0,13380.0,7,0.0,0.0
2024-09-24 09:00:00+09:00,13440.0,13440.0,13300.0,13300.0,195,0.0,0.0
2024-09-24 09:05:00+09:00,13340.0,13350.0,13300.0,13300.0,38,0.0,0.0
2024-09-24 09:10:00+09:00,13300.0,13300.0,13250.0,13250.0,613,0.0,0.0
2024-09-24 09:15:00+09:00,13250.0,13290.0,13130.0,13270.0,742,0.0,0.0
2024-09-24 09:20:00+09:00,13220.0,13220.0,13200.0,13210.0,213,0.0,0.0
2024-09-24 09:25:00+09:00,13210.0,13210.0,13150.0,13200.0,251,0.0,0.0
2024-09-24 09:30:00+09:00,13150.0,13150.0,13100.0,13100.0,529,0.0,0.0
2024-09-24 09:35:00+09:00,13100.0,13180.0,13100.0,13180.0,21,0.0,0.0
2024-09-24 09:40:00+09:00,13190.0,13190.0,13190.0,13190.0,71,0.0,0.0
2024-09-24 09:45:00+09:00,13200.0,13200.0,13200.0,13200.0,11,0.0,0.0
2024-09-24 09:50:00+09:00,13130.0,13130.0,13130.0,13130.0,19,0.0,0.0
2024-09-24 10:00:00+09:00,13140.0,13140.0,13140.0,13140.0,0,0.0,0.0
2024-09-24 10:05:00+09:00,13150.0,13150.0,13150.0,13150.0,9,0.0,0.0
2024-09-24 10:15:00+09:00,13150.0,13150.0,13150.0,13150.0,39,0.0,0.0
2024-09-24 10:20:00+09:00,13150.0,13150.0,13140.0,13150.0,132,0.0,0.0
2024-09-24 10:25:00+09:00,13160.0,13160.0,13160.0,13160.0,3,0.0,0.0
2024-09-24 10:30:00+09:00,13160.0,13160.0,13130.0,13130.0,411,0.0,0.0
2024-09-24 10:35:00+09:00,13150.0,13150.0,13130.0,13130.0,0,0.0,0.0
2024-09-24 10:40:00+09:00,13140.0,13140.0,13120.0,13120.0,378,0.0,0.0
2024-09-24 10:50:00+09:00,13170.0,13170.0,13170.0,13170.0,164,0.0,0.0
2024-09-24 10:55:00+09:00,13150.0,13150.0,13140.0,13140.0,14,0.0,0.0
2024-09-24 11:10:00+09:00,13150.0,13180.0,13150.0,13180.0,210,0.0,0.0
2024-09-24 11:15:00+09:00,13200.0,13200.0,13190.0,13190.0,190,0.0,0.0
2024-09-24 11:20:00+09:00,13180.0,13200.0,13180.0,13200.0,294,0.0,0.0
2024-09-24 11:25:00+09:00,13200.0,13220.0,13200.0,13220.0,0,0.0,0.0
2024-09-24 11:35:00+09:00,13220.0,13220.0,13220.0,13220.0,3,0.0,0.0
2024-09-24 11:40:00+09:00,13220.0,13220.0,13180.0,13180.0,121,0.0,0.0
2024-09-24 11:45:00+09:00,13190.0,13190.0,13190.0,13190.0,0,0.0,0.0
2024-09-24 11:50:00+09:00,13240.0,13340.0,13240.0,13340.0,943,0.0,0.0
2024-09-24 11:55:00+09:00,13340.0,13340.0,13340.0,13340.0,80,0.0,0.0
2024-09-24 12:00:00+09:00,13350.0,13350.0,13350.0,13350.0,20,0.0,0.0
2024-09-24 12:10:00+09:00,13350.0,13430.0,13350.0,13430.0,142,0.0,0.0
2024-09-24 12:15:00+09:00,13430.0,13430.0,13430.0,13430.0,96,0.0,0.0
2024-09-24 12:20:00+09:00,13430.0,13430.0,13430.0,13430.0,58,0.0,0.0
2024-09-24 12:25:00+09:00,13430.0,13430.0,13420.0,13420.0,118,0.0,0.0
2024-09-24 12:30:00+09:00,13420.0,13430.0,13390.0,13390.0,850,0.0,0.0
2024-09-24 12:35:00+09:00,13390.0,13390.0,13370.0,13370.0,30,0.0,0.0
2024-09-24 12:40:00+09:00,13360.0,13360.0,13270.0,13270.0,352,0.0,0.0
2024-09-24 12:45:00+09:00,13270.0,13270.0,13240.0,13260.0,46,0.0,0.0
2024-09-24 12:50:00+09:00,13230.0,13230.0,13200.0,13210.0,65,0.0,0.0
2024-09-24 12:55:00+09:00,13210.0,13310.0,13200.0,13310.0,41,0.0,0.0
2024-09-24 13:00:00+09:00,13230.0,13240.0,13230.0,13240.0,44,0.0,0.0
2024-09-24 13:05:00+09:00,13230.0,13240.0,13230.0,13240.0,27,0.0,0.0
2024-09-24 13:10:00+09:00,13230.0,13230.0,13230.0,13230.0,73,0.0,0.0
2024-09-24 13:15:00+09:00,13230.0,13230.0,13220.0,13220.0,260,0.0,0.0
2024-09-24 13:20:00+09:00,13220.0,13220.0,13220.0,13220.0,45,0.0,0.0
2024-09-24 13:25:00+09:00,13240.0,13240.0,13220.0,13230.0,350,0.0,0.0
2024-09-24 13:30:00+09:00,13230.0,13250.0,13230.0,13250.0,57,0.0,0.0
2024-09-24 13:35:00+09:00,13230.0,13250.0,13230.0,13250.0,49,0.0,0.0
2024-09-24 13:40:00+09:00,13260.0,13260.0,13230.0,13230.0,47,0.0,0.0
2024-09-24 13:45:00+09:00,13250.0,13250.0,13250.0,13250.0,40,0.0,0.0
2024-09-24 13:50:00+09:00,13250.0,13250.0,13250.0,13250.0,42,0.0,0.0
2024-09-24 13:55:00+09:00,13250.0,13250.0,13230.0,13250.0,46,0.0,0.0
2024-09-24 14:00:00+09:00,13230.0,13230.0,13230.0,13230.0,53,0.0,0.0
2024-09-24 14:05:00+09:00,13230.0,13230.0,13230.0,13230.0,40,0.0,0.0
2024-09-24 14:10:00+09:00,13230.0,13230.0,13220.0,13220.0,555,0.0,0.0
2024-09-24 14:15:00+09:00,13220.0,13250.0,13220.0,13220.0,41,0.0,0.0
2024-09-24 14:20:00+09:00,13220.0,13230.0,13220.0,13220.0,36,0.0,0.0
2024-09-24 14:25:00+09:00,13220.0,13230.0,13220.0,13220.0,42,0.0,0.0
2024-09-24 14:30:00+09:00,13220.0,13220.0,13220.0,13220.0,40,0.0,0.0
2024-09-24 14:35:00+09:00,13220.0,13250.0,13220.0,13230.0,47,0.0,0.0
2024-09-24 14:40:00+09:00,13220.0,13240.0,13220.0,13240.0,647,0.0,0.0
2024-09-24 14:45:00+09:00,13230.0,13230.0,13220.0,13220.0,40,0.0,0.0
2024-09-24 14:50:00+09:00,13230.0,13230.0,13220.0,13230.0,40,0.0,0.0
2024-09-24 14:55:00+09:00,13230.0,13240.0,13230.0,13230.0,40,0.0,0.0
2024-09-25 09:00:00+09:00,13440.0,13440.0,13100.0,13370.0,328,0.0,0.0
2024-09-25 09:05:00+09:00,13370.0,13430.0,13210.0,13430.0,397,0.0,0.0
2024-09-25 09:10:00+09:00,13430.0,13470.0,13430.0,13450.0,481,0.0,0.0
2024-09-25 09:15:00+09:00,13460.0,13460.0,13440.0,13460.0,271,0.0,0.0
2024-09-25 09:20:00+09:00,13460.0,13510.0,13460.0,13510.0,256,0.0,0.0
2024-09-25 09:25:00+09:00,13520.0,13540.0,13510.0,13540.0,38,0.0,0.0
2024-09-25 09:30:00+09:00,13510.0,13510.0,13490.0,13490.0,20,0.0,0.0
2024-09-25 09:40:00+09:00,13490.0,13520.0,13490.0,13520.0,66,0.0,0.0
2024-09-25 09:45:00+09:00,13510.0,13510.0,13460.0,13460.0,428,0.0,0.0
2024-09-25 09:50:00+09:00,13460.0,13460.0,13460.0,13460.0,20,0.0,0.0
2024-09-25 09:55:00+09:00,13460.0,13460.0,13440.0,13440.0,143,0.0,0.0
2024-09-25 10:00:00+09:00,13430.0,13440.0,13420.0,13440.0,54,0.0,0.0
2024-09-25 10:05:00+09:00,13420.0,13420.0,13420.0,13420.0,78,0.0,0.0
2024-09-25 10:10:00+09:00,13420.0,13420.0,13420.0,13420.0,0,0.0,0.0
2024-09-25 10:15:00+09:00,13430.0,13460.0,13430.0,13460.0,0,0.0,0.0
2024-09-25 10:25:00+09:00,13440.0,13450.0,13440.0,13450.0,158,0.0,0.0
2024-09-25 10:30:00+09:00,13450.0,13490.0,13450.0,13490.0,1400,0.0,0.0
2024-09-25 10:35:00+09:00,13490.0,13490.0,13490.0,13490.0,0,0.0,0.0
2024-09-25 10:40:00+09:00,13490.0,13540.0,13490.0,13540.0,276,0.0,0.0
2024-09-25 10:45:00+09:00,13560.0,13560.0,13540.0,13550.0,427,0.0,0.0
2024-09-25 11:10:00+09:00,13490.0,13500.0,13490.0,13500.0,0,0.0,0.0
2024-09-25 11:15:00+09:00,13550.0,13550.0,13550.0,13550.0,1,0.0,0.0
2024-09-25 11:30:00+09:00,13530.0,13530.0,13500.0,13500.0,70,0.0,0.0
2024-09-25 11:35:00+09:00,13500.0,13510.0,13500.0,13510.0,854,0.0,0.0
2024-09-25 11:40:00+09:00,13510.0,13510.0,13500.0,13500.0,221,0.0,0.0
2024-09-25 11:45:00+09:00,13490.0,13490.0,13450.0,13450.0,52,0.0,0.0
2024-09-25 11:50:00+09:00,13450.0,13450.0,13450.0,13450.0,2,0.0,0.0
2024-09-25 11:55:00+09:00,13440.0,13440.0,13440.0,13440.0,21,0.0,0.0
2024-09-25 12:00:00+09:00,13440.0,13440.0,13440.0,13440.0,90,0.0,0.0
2024-09-25 12:05:00+09:00,13440.0,13440.0,13440.0,13440.0,200,0.0,0.0
2024-09-25 12:10:00+09:00,13430.0,13430.0,13420.0,13420.0,111,0.0,0.0
2024-09-25 12:15:00+09:00,13420.0,13420.0,13420.0,13420.0,0,0.0,0.0
2024-09-25 12:35:00+09:00,13420.0,13420.0,13420.0,13420.0,66,0.0,0.0
2024-09-25 12:45:00+09:00,13410.0,13410.0,13410.0,13410.0,50,0.0,0.0
2024-09-25 12:50:00+09:00,13420.0,13430.0,13420.0,13430.0,454,0.0,0.0
2024-09-25 12:55:00+09:00,13430.0,13430.0,13410.0,13410.0,2125,0.0,0.0
2024-09-25 13:00:00+09:00,13410.0,13410.0,13410.0,13410.0,0,0.0,0.0
2024-09-25 13:05:00+09:00,13420.0,13420.0,13420.0,13420.0,0,0.0,0.0
2024-09-25 13:10:00+09:00,13420.0,13420.0,13410.0,13410.0,137,0.0,0.0
2024-09-25 13:15:00+09:00,13410.0,13410.0,13400.0,13400.0,125,0.0,0.0
2024-09-25 13:20:00+09:00,13400.0,13400.0,13390.0,13390.0,33,0.0,0.0
2024-09-25 13:25:00+09:00,13390.0,13390.0,13350.0,13350.0,629,0.0,0.0
2024-09-25 13:30:00+09:00,13360.0,13360.0,13360.0,13360.0,158,0.0,0.0
2024-09-25 13:35:00+09:00,13360.0,13360.0,13350.0,13350.0,133,0.0,0.0
2024-09-25 13:40:00+09:00,13350.0,13350.0,13340.0,13340.0,607,0.0,0.0
2024-09-25 13:45:00+09:00,13330.0,13360.0,13310.0,13310.0,76,0.0,0.0
2024-09-25 13:50:00+09:00,13320.0,13350.0,13320.0,13350.0,212,0.0,0.0
2024-09-25 13:55:00+09:00,13350.0,13350.0,13320.0,13320.0,0,0.0,0.0
2024-09-25 14:00:00+09:00,13340.0,13350.0,13320.0,13320.0,526,0.0,0.0
2024-09-25 14:05:00+09:00,13320.0,13320.0,13320.0,13320.0,40,0.0,0.0
2024-09-25 14:10:00+09:00,13330.0,13330.0,13320.0,13330.0,27,0.0,0.0
2024-09-25 14:15:00+09:00,13340.0,13340.0,13320.0,13320.0,60,0.0,0.0
2024-09-25 14:20:00+09:00,13320.0,13330.0,13320.0,13330.0,14,0.0,0.0
2024-09-25 14:25:00+09:00,13320.0,13330.0,13310.0,13310.0,642,0.0,0.0
2024-09-25 14:30:00+09:00,13310.0,13330.0,13310.0,13310.0,0,0.0,0.0
2024-09-25 14:35:00+09:00,13310.0,13310.0,13310.0,13310.0,55,0.0,0.0
2024-09-25 14:40:00+09:00,13320.0,13320.0,13310.0,13310.0,40,0.0,0.0
2024-09-25 14:45:00+09:00,13310.0,13310.0,13270.0,13270.0,1539,0.0,0.0
2024-09-25 14:50:00+09:00,13270.0,13270.0,13230.0,13240.0,867,0.0,0.0
2024-09-25 14:55:00+09:00,13230.0,13240.0,13220.0,13230.0,505,0.0,0.0
2024-09-26 09:00:00+09:00,13270.0,13460.0,13270.0,13350.0,204,0.0,0.0
2024-09-26 09:05:00+09:00,13410.0,13460.0,13410.0,13460.0,31,0.0,0.0
2024-09-26 09:10:00+09:00,13400.0,13460.0,13340.0,13460.0,84,0.0,0.0
2024-09-26 09:15:00+09:00,13330.0,13420.0,13330.0,13340.0,213,0.0,0.0
2024-09-26 09:20:00+09:00,13340.0,13360.0,13290.0,13360.0,929,0.0,0.0
2024-09-26 09:25:00+09:00,13350.0,13420.0,13340.0,13400.0,123,0.0,0.0
2024-09-26 09:30:00+09:00,13330.0,13330.0,13330.0,13330.0,18,0.0,0.0
2024-09-26 09:35:00+09:00,13320.0,13320.0,13300.0,13300.0,28,0.0,0.0
2024-09-26 09:40:00+09:00,13290.0,13300.0,13280.0,13290.0,60,0.0,0.0
2024-09-26 09:45:00+09:00,13290.0,13290.0,13280.0,13280.0,34,0.0,0.0
2024-09-26 09:50:00+09:00,13280.0,13290.0,13280.0,13280.0,65,0.0,0.0
2024-09-26 09:55:00+09:00,13280.0,13290.0,13280.0,13290.0,143,0.0,0.0
2024-09-26 10:00:00+09:00,13290.0,13300.0,13280.0,13290.0,339,0.0,0.0
2024-09-26 10:05:00+09:00,13320.0,13320.0,13320.0,13320.0,232,0.0,0.0
2024-09-26 10:10:00+09:00,13290.0,13330.0,13290.0,13330.0,142,0.0,0.0
2024-09-26 10:25:00+09:00,13320.0,13320.0,13240.0,13310.0,3195,0.0,0.0
2024-09-26 10:30:00+09:00,13310.0,13310.0,13310.0,13310.0,2,0.0,0.0
2024-09-26 10:35:00+09:00,13310.0,13400.0,13310.0,13400.0,195,0.0,0.0
2024-09-26 10:40:00+09:00,13390.0,13400.0,13390.0,13400.0,29,0.0,0.0
2024-09-26 10:45:00+09:00,13310.0,13310.0,13310.0,13310.0,12,0.0,0.0
2024-09-26 11:00:00+09:00,13310.0,13310.0,13310.0,13310.0,1,0.0,0.0
2024-09-26 11:05:00+09:00,13310.0,13310.0,13280.0,13280.0,144,0.0,0.0
2024-09-26 11:10:00+09:00,13300.0,13310.0,13300.0,13310.0,41,0.0,0.0
2024-09-26 11:15:00+09:00,13340.0,13400.0,13340.0,13390.0,203,0.0,0.0
2024-09-26 11:45:00+09:00,13330.0,13380.0,13330.0,13380.0,0,0.0,0.0
2024-09-26 11:55:00+09:00,13310.0,13310.0,13290.0,13290.0,164,0.0,0.0
2024-09-26 12:10:00+09:00,13310.0,13310.0,13310.0,13310.0,0,0.0,0.0
2024-09-26 12:20:00+09:00,13310.0,13310.0,13290.0,13290.0,14,0.0,0.0
2024-09-26 12:25:00+09:00,13290.0,13290.0,13290.0,13290.0,84,0.0,0.0
2024-09-26 12:30:00+09:00,13290.0,13290.0,13280.0,13280.0,197,0.0,0.0
2024-09-26 12:35:00+09:00,13280.0,13280.0,13280.0,13280.0,0,0.0,0.0
2024-09-26 12:40:00+09:00,13290.0,13320.0,13290.0,13320.0,2703,0.0,0.0
2024-09-26 12:45:00+09:00,13320.0,13320.0,13310.0,13310.0,0,0.0,0.0
2024-09-26 12:50:00+09:00,13310.0,13310.0,13310.0,13310.0,7,0.0,0.0
2024-09-26 13:00:00+09:00,13310.0,13310.0,13300.0,13300.0,50,0.0,0.0
2024-09-26 13:05:00+09:00,13310.0,13310.0,13310.0,13310.0,97,0.0,0.0
2024-09-26 13:10:00+09:00,13300.0,13310.0,13300.0,13310.0,8,0.0,0.0
2024-09-26 13:15:00+09:00,13310.0,13310.0,13300.0,13300.0,231,0.0,0.0
2024-09-26 13:20:00+09:00,13290.0,13290.0,13280.0,13280.0,999,0.0,0.0
2024-09-26 13:25:00+09:00,13280.0,13280.0,13280.0,13280.0,0,0.0,0.0
2024-09-26 13:30:00+09:00,13280.0,13280.0,13250.0,13250.0,1270,0.0,0.0
2024-09-26 13:35:00+09:00,13240.0,13240.0,13150.0,13150.0,907,0.0,0.0
2024-09-26 13:40:00+09:00,13160.0,13160.0,13160.0,13160.0,0,0.0,0.0
2024-09-26 13:45:00+09:00,13240.0,13240.0,13220.0,13220.0,12553,0.0,0.0
2024-09-26 13:50:00+09:00,13240.0,13240.0,13220.0,13220.0,426,0.0,0.0
2024-09-26 13:55:00+09:00,13240.0,13240.0,13240.0,13240.0,0,0.0,0.0
2024-09-26 14:00:00+09:00,13240.0,13240.0,13240.0,13240.0,158,0.0,0.0
2024-09-26 14:05:00+09:00,13240.0,13240.0,13240.0,13240.0,18,0.0,0.0
2024-09-26 14:15:00+09:00,13250.0,13250.0,13230.0,13230.0,4,0.0,0.0
2024-09-26 14:20:00+09:00,13230.0,13230.0,13230.0,13230.0,304,0.0,0.0
2024-09-26 14:30:00+09:00,13250.0,13250.0,13230.0,13230.0,0,0.0,0.0
2024-09-26 14:35:00+09:00,13240.0,13240.0,13240.0,13240.0,15,0.0,0.0
2024-09-26 14:40:00+09:00,13270.0,13270.0,13270.0,13270.0,0,0.0,0.0
2024-09-26 14:45:00+09:00,13280.0,13280.0,13280.0,13280.0,26,0.0,0.0
2024-09-26 14:50:00+09:00,13290.0,13290.0,13290.0,13290.0,3,0.0,0.0
2024-09-27 09:00:00+09:00,13360.0,13360.0,13360.0,13360.0,3,0.0,0.0
2024-09-27 09:05:00+09:00,13360.0,13360.0,13360.0,13360.0,50,0.0,0.0
2024-09-27 09:10:00+09:00,13360.0,13360.0,13360.0,13360.0,35,0.0,0.0
2024-09-27 09:15:00+09:00,13360.0,13370.0,13360.0,13370.0,273,0.0,0.0
2024-09-27 09:20:00+09:00,13370.0,13370.0,13260.0,13260.0,303,0.0,0.0
2024-09-27 09:25:00+09:00,13370.0,13380.0,13370.0,13380.0,98,0.0,0.0
2024-09-27 09:30:00+09:00,13390.0,13390.0,13380.0,13380.0,13,0.0,0.0
2024-09-27 09:35:00+09:00,13390.0,13390.0,13280.0,13280.0,1176,0.0,0.0
2024-09-27 09:40:00+09:00,13290.0,13330.0,13280.0,13330.0,207,0.0,0.0
2024-09-27 09:45:00+09:00,13330.0,13330.0,13330.0,13330.0,2,0.0,0.0
2024-09-27 09:50:00+09:00,13340.0,13340.0,13320.0,13340.0,52,0.0,0.0
2024-09-27 09:55:00+09:00,13340.0,13340.0,13340.0,13340.0,0,0.0,0.0
2024-09-27 10:00:00+09:00,13300.0,13300.0,13300.0,13300.0,22,0.0,0.0
2024-09-27 10:05:00+09:00,13300.0,13300.0,13300.0,13300.0,0,0.0,0.0
2024-09-27 10:10:00+09:00,13290.0,13290.0,13240.0,13240.0,368,0.0,0.0
2024-09-27 10:25:00+09:00,13250.0,13250.0,13250.0,13250.0,3,0.0,0.0
2024-09-27 10:30:00+09:00,13260.0,13260.0,13260.0,13260.0,1,0.0,0.0
2024-09-27 10:35:00+09:00,13290.0,13290.0,13290.0,13290.0,122,0.0,0.0
2024-09-27 10:40:00+09:00,13290.0,13300.0,13290.0,13300.0,234,0.0,0.0
2024-09-27 10:45:00+09:00,13300.0,13300.0,13300.0,13300.0,0,0.0,0.0
2024-09-27 10:55:00+09:00,13300.0,13300.0,13300.0,13300.0,2,0.0,0.0
2024-09-27 11:10:00+09:00,13300.0,13300.0,13300.0,13300.0,9,0.0,0.0
2024-09-27 11:15:00+09:00,13290.0,13300.0,13290.0,13300.0,982,0.0,0.0
2024-09-27 11:25:00+09:00,13320.0,13320.0,13320.0,13320.0,0,0.0,0.0
2024-09-27 11:35:00+09:00,13290.0,13290.0,13290.0,13290.0,1,0.0,0.0
2024-09-27 11:40:00+09:00,13320.0,13320.0,13320.0,13320.0,1,0.0,0.0
2024-09-27 11:45:00+09:00,13310.0,13310.0,13310.0,13310.0,9,0.0,0.0
2024-09-27 11:55:00+09:00,13300.0,13300.0,13300.0,13300.0,0,0.0,0.0
2024-09-27 12:05:00+09:00,13300.0,13300.0,13300.0,13300.0,2,0.0,0.0
2024-09-27 12:30:00+09:00,13300.0,13300.0,13300.0,13300.0,262,0.0,0.0
2024-09-27 12:35:00+09:00,13300.0,13300.0,13290.0,13290.0,247,0.0,0.0
2024-09-27 12:40:00+09:00,13300.0,13300.0,13300.0,13300.0,0,0.0,0.0
2024-09-27 12:45:00+09:00,13280.0,13310.0,13280.0,13280.0,14,0.0,0.0
2024-09-27 12:50:00+09:00,13280.0,13280.0,13270.0,13270.0,0,0.0,0.0
2024-09-27 12:55:00+09:00,13280.0,13280.0,13270.0,13270.0,97,0.0,0.0
2024-09-27 13:00:00+09:00,13280.0,13280.0,13280.0,13280.0,0,0.0,0.0
2024-09-27 13:05:00+09:00,13280.0,13280.0,13280.0,13280.0,10,0.0,0.0
2024-09-27 13:10:00+09:00,13280.0,13280.0,13280.0,13280.0,54,0.0,0.0
2024-09-27 13:20:00+09:00,13310.0,13320.0,13310.0,13320.0,172,0.0,0.0
2024-09-27 13:25:00+09:00,13320.0,13320.0,13320.0,13320.0,0,0.0,0.0
2024-09-27 13:45:00+09:00,13320.0,13330.0,13300.0,13300.0,147,0.0,0.0
2024-09-27 13:50:00+09:00,13340.0,13340.0,13340.0,13340.0,0,0.0,0.0
2024-09-27 13:55:00+09:00,13340.0,13340.0,13340.0,13340.0,329,0.0,0.0
2024-09-27 14:05:00+09:00,13350.0,13350.0,13350.0,13350.0,0,0.0,0.0
2024-09-27 14:10:00+09:00,13370.0,13370.0,13370.0,13370.0,81,0.0,0.0
2024-09-27 14:15:00+09:00,13370.0,13370.0,13370.0,13370.0,0,0.0,0.0
2024-09-27 14:20:00+09:00,13370.0,13370.0,13370.0,13370.0,151,0.0,0.0
2024-09-27 14:25:00+09:00,13370.0,13370.0,13370.0,13370.0,11,0.0,0.0
2024-09-27 14:30:00+09:00,13350.0,13350.0,13350.0,13350.0,18,0.0,0.0
2024-09-27 14:35:00+09:00,13350.0,13350.0,13300.0,13300.0,320,0.0,0.0
2024-09-27 14:40:00+09:00,13300.0,13300.0,13270.0,13270.0,354,0.0,0.0
2024-09-27 14:45:00+09:00,13270.0,13270.0,13260.0,13260.0,261,0.0,0.0
2024-09-27 14:50:00+09:00,13260.0,13270.0,13250.0,13250.0,142,0.0,0.0
2024-09-27 14:55:00+09:00,13250.0,13270.0,13250.0,13260.0,83,0.0,0.0
