Datetime,Open,High,Low,Close,Volume,Dividends,Stock Splits
2024-08-19 09:30:00-04:00,5.824999809265137,5.849999904632568,5.824999809265137,5.840000152587891,79746,0.0,0.0
2024-08-19 09:31:00-04:00,5.849999904632568,5.849999904632568,5.849999904632568,5.849999904632568,3130,0.0,0.0
2024-08-19 09:32:00-04:00,5.849999904632568,5.860000133514404,5.829999923706055,5.829999923706055,10979,0.0,0.0
2024-08-19 09:33:00-04:00,5.829999923706055,5.860000133514404,5.829999923706055,5.860000133514404,9966,0.0,0.0
2024-08-19 09:34:00-04:00,5.864999771118164,5.880000114440918,5.864999771118164,5.880000114440918,5368,0.0,0.0
2024-08-19 09:35:00-04:00,5.885000228881836,5.889999866485596,5.875,5.875,12549,0.0,0.0
2024-08-19 09:36:00-04:00,5.880000114440918,5.919899940490723,5.880000114440918,5.900000095367432,16095,0.0,0.0
2024-08-19 09:37:00-04:00,5.899799823760986,5.909999847412109,5.889999866485596,5.900000095367432,23177,0.0,0.0
2024-08-19 09:38:00-04:00,5.90500020980835,5.929999828338623,5.900000095367432,5.929999828338623,20961,0.0,0.0
2024-08-19 09:39:00-04:00,5.920100212097168,5.921000003814697,5.909999847412109,5.914999961853027,12782,0.0,0.0
2024-08-19 09:40:00-04:00,5.920000076293945,5.929999828338623,5.920000076293945,5.925000190734863,5539,0.0,0.0
2024-08-19 09:41:00-04:00,5.925000190734863,5.925000190734863,5.920000076293945,5.920000076293945,7125,0.0,0.0
2024-08-19 09:42:00-04:00,5.920000076293945,5.920000076293945,5.909999847412109,5.920000076293945,11366,0.0,0.0
2024-08-19 09:43:00-04:00,5.920000076293945,5.929999828338623,5.909999847412109,5.929999828338623,11414,0.0,0.0
2024-08-19 09:44:00-04:00,5.925000190734863,5.929999828338623,5.920000076293945,5.925000190734863,2627,0.0,0.0
2024-08-19 09:45:00-04:00,5.929999828338623,5.934999942779541,5.925000190734863,5.929999828338623,4907,0.0,0.0
2024-08-19 09:46:00-04:00,5.929999828338623,5.934999942779541,5.929999828338623,5.929999828338623,10750,0.0,0.0
2024-08-19 09:47:00-04:00,5.935500144958496,5.960000038146973,5.929999828338623,5.9583001136779785,12692,0.0,0.0
2024-08-19 09:48:00-04:00,5.952300071716309,5.965000152587891,5.952300071716309,5.965000152587891,5391,0.0,0.0
2024-08-19 09:49:00-04:00,5.96999979019165,5.96999979019165,5.960100173950195,5.965000152587891,9083,0.0,0.0
2024-08-19 09:50:00-04:00,5.960000038146973,5.960000038146973,5.949999809265137,5.954999923706055,23157,0.0,0.0
2024-08-19 09:51:00-04:00,5.954999923706055,5.965000152587891,5.949999809265137,5.965000152587891,6224,0.0,0.0
2024-08-19 09:52:00-04:00,5.965000152587891,5.965000152587891,5.929999828338623,5.929999828338623,23467,0.0,0.0
2024-08-19 09:53:00-04:00,5.934999942779541,5.934999942779541,5.909999847412109,5.914999961853027,70849,0.0,0.0
2024-08-19 09:54:00-04:00,5.91540002822876,5.91540002822876,5.880000114440918,5.880000114440918,15792,0.0,0.0
2024-08-19 09:55:00-04:00,5.880000114440918,5.880000114440918,5.849999904632568,5.849999904632568,24784,0.0,0.0
2024-08-19 09:56:00-04:00,5.855000019073486,5.860000133514404,5.815000057220459,5.815000057220459,64732,0.0,0.0
2024-08-19 09:57:00-04:00,5.820000171661377,5.820000171661377,5.804999828338623,5.804999828338623,35183,0.0,0.0
2024-08-19 09:58:00-04:00,5.803199768066406,5.809999942779541,5.789999961853027,5.800000190734863,62580,0.0,0.0
2024-08-19 09:59:00-04:00,5.800000190734863,5.809899806976318,5.795000076293945,5.800099849700928,19299,0.0,0.0
2024-08-19 10:00:00-04:00,5.804999828338623,5.820000171661377,5.800000190734863,5.820000171661377,8167,0.0,0.0
2024-08-19 10:01:00-04:00,5.815000057220459,5.820000171661377,5.804999828338623,5.804999828338623,12544,0.0,0.0
2024-08-19 10:02:00-04:00,5.809999942779541,5.809999942779541,5.809999942779541,5.809999942779541,341,0.0,0.0
2024-08-19 10:03:00-04:00,5.809999942779541,5.815000057220459,5.809999942779541,5.809999942779541,910,0.0,0.0
2024-08-19 10:04:00-04:00,5.815000057220459,5.815000057220459,5.800000190734863,5.800000190734863,2289,0.0,0.0
2024-08-19 10:05:00-04:00,5.800000190734863,5.809999942779541,5.789999961853027,5.795000076293945,16391,0.0,0.0
2024-08-19 10:06:00-04:00,5.789999961853027,5.789999961853027,5.78000020980835,5.78000020980835,7775,0.0,0.0
2024-08-19 10:07:00-04:00,5.78000020980835,5.799900054931641,5.78000020980835,5.795000076293945,6062,0.0,0.0
2024-08-19 10:08:00-04:00,5.795000076293945,5.800000190734863,5.789999961853027,5.789999961853027,11291,0.0,0.0
2024-08-19 10:09:00-04:00,5.795000076293945,5.800000190734863,5.795000076293945,5.795000076293945,94,0.0,0.0
2024-08-19 10:10:00-04:00,5.800000190734863,5.800000190734863,5.789999961853027,5.789999961853027,7882,0.0,0.0
2024-08-19 10:11:00-04:00,5.789999961853027,5.800000190734863,5.789999961853027,5.789999961853027,3746,0.0,0.0
2024-08-19 10:12:00-04:00,5.784999847412109,5.784999847412109,5.769999980926514,5.770100116729736,11768,0.0,0.0
2024-08-19 10:13:00-04:00,5.775000095367432,5.779900074005127,5.769999980926514,5.775000095367432,4772,0.0,0.0
2024-08-19 10:14:00-04:00,5.779699802398682,5.779699802398682,5.764400005340576,5.764999866485596,5218,0.0,0.0
2024-08-19 10:15:00-04:00,5.769999980926514,5.78000020980835,5.769999980926514,5.769999980926514,3493,0.0,0.0
2024-08-19 10:16:00-04:00,5.775000095367432,5.78000020980835,5.769999980926514,5.775000095367432,1472,0.0,0.0
2024-08-19 10:17:00-04:00,5.769999980926514,5.770100116729736,5.755000114440918,5.755000114440918,11024,0.0,0.0
2024-08-19 10:18:00-04:00,5.755000114440918,5.760000228881836,5.755000114440918,5.755000114440918,1609,0.0,0.0
2024-08-19 10:19:00-04:00,5.759900093078613,5.764999866485596,5.75,5.764999866485596,29245,0.0,0.0
2024-08-19 10:20:00-04:00,5.769999980926514,5.769999980926514,5.760000228881836,5.760000228881836,2827,0.0,0.0
2024-08-19 10:21:00-04:00,5.760000228881836,5.760000228881836,5.760000228881836,5.760000228881836,624,0.0,0.0
2024-08-19 10:22:00-04:00,5.764999866485596,5.769999980926514,5.764999866485596,5.769999980926514,1570,0.0,0.0
2024-08-19 10:23:00-04:00,5.775000095367432,5.775000095367432,5.775000095367432,5.775000095367432,1217,0.0,0.0
2024-08-19 10:24:00-04:00,5.775000095367432,5.775000095367432,5.775000095367432,5.775000095367432,1992,0.0,0.0
2024-08-19 10:25:00-04:00,5.775000095367432,5.775000095367432,5.775000095367432,5.775000095367432,500,0.0,0.0
2024-08-19 10:26:00-04:00,5.78000020980835,5.78000020980835,5.78000020980835,5.78000020980835,5327,0.0,0.0
2024-08-19 10:27:00-04:00,5.769999980926514,5.7779998779296875,5.769999980926514,5.7779998779296875,3643,0.0,0.0
2024-08-19 10:28:00-04:00,5.78000020980835,5.784999847412109,5.78000020980835,5.78000020980835,2981,0.0,0.0
2024-08-19 10:29:00-04:00,5.789999961853027,5.789999961853027,5.784999847412109,5.784999847412109,3727,0.0,0.0
2024-08-19 10:30:00-04:00,5.78000020980835,5.784999847412109,5.78000020980835,5.784999847412109,686,0.0,0.0
2024-08-19 10:31:00-04:00,5.78000020980835,5.784999847412109,5.78000020980835,5.784999847412109,3797,0.0,0.0
2024-08-19 10:32:00-04:00,5.789999961853027,5.800000190734863,5.789999961853027,5.789999961853027,3201,0.0,0.0
2024-08-19 10:33:00-04:00,5.784999847412109,5.784999847412109,5.784999847412109,5.784999847412109,269,0.0,0.0
2024-08-19 10:34:00-04:00,5.789999961853027,5.789999961853027,5.78000020980835,5.784999847412109,1052,0.0,0.0
2024-08-19 10:35:00-04:00,5.78000020980835,5.78000020980835,5.769999980926514,5.769999980926514,843,0.0,0.0
2024-08-19 10:36:00-04:00,5.775000095367432,5.775000095367432,5.760000228881836,5.764999866485596,26187,0.0,0.0
2024-08-19 10:37:00-04:00,5.760000228881836,5.769999980926514,5.760000228881836,5.760799884796143,16337,0.0,0.0
2024-08-19 10:38:00-04:00,5.764999866485596,5.764999866485596,5.764999866485596,5.764999866485596,1218,0.0,0.0
2024-08-19 10:39:00-04:00,5.769700050354004,5.769800186157227,5.764999866485596,5.764999866485596,2000,0.0,0.0
2024-08-19 10:40:00-04:00,5.768400192260742,5.776800155639648,5.768400192260742,5.776800155639648,2806,0.0,0.0
2024-08-19 10:41:00-04:00,5.775000095367432,5.78000020980835,5.775000095367432,5.78000020980835,6698,0.0,0.0
2024-08-19 10:42:00-04:00,5.775000095367432,5.775000095367432,5.775000095367432,5.775000095367432,963,0.0,0.0
2024-08-19 10:43:00-04:00,5.784999847412109,5.789999961853027,5.784999847412109,5.789999961853027,1652,0.0,0.0
2024-08-19 10:44:00-04:00,5.784999847412109,5.784999847412109,5.784999847412109,5.784999847412109,277,0.0,0.0
2024-08-19 10:46:00-04:00,5.789899826049805,5.795000076293945,5.78000020980835,5.789999961853027,10006,0.0,0.0
2024-08-19 10:47:00-04:00,5.769999980926514,5.78000020980835,5.769999980926514,5.78000020980835,6249,0.0,0.0
2024-08-19 10:48:00-04:00,5.78000020980835,5.784999847412109,5.78000020980835,5.784999847412109,1826,0.0,0.0
2024-08-19 10:49:00-04:00,5.78000020980835,5.784999847412109,5.78000020980835,5.784999847412109,1011,0.0,0.0
2024-08-19 10:51:00-04:00,5.78000020980835,5.78000020980835,5.78000020980835,5.78000020980835,549,0.0,0.0
2024-08-19 10:52:00-04:00,5.780099868774414,5.780099868774414,5.780099868774414,5.780099868774414,355,0.0,0.0
2024-08-19 10:53:00-04:00,5.78000020980835,5.78000020980835,5.775000095367432,5.775000095367432,1321,0.0,0.0
2024-08-19 10:54:00-04:00,5.769999980926514,5.769999980926514,5.769999980926514,5.769999980926514,1167,0.0,0.0
2024-08-19 10:55:00-04:00,5.775000095367432,5.775000095367432,5.775000095367432,5.775000095367432,428,0.0,0.0
2024-08-19 10:56:00-04:00,5.775000095367432,5.775000095367432,5.775000095367432,5.775000095367432,549,0.0,0.0
2024-08-19 10:57:00-04:00,5.779900074005127,5.779900074005127,5.775000095367432,5.775000095367432,941,0.0,0.0
2024-08-19 10:58:00-04:00,5.770899772644043,5.78000020980835,5.770899772644043,5.78000020980835,2405,0.0,0.0
2024-08-19 11:00:00-04:00,5.784999847412109,5.784999847412109,5.78000020980835,5.784999847412109,2268,0.0,0.0
2024-08-19 11:01:00-04:00,5.78000020980835,5.78000020980835,5.75,5.75,23215,0.0,0.0
2024-08-19 11:02:00-04:00,5.75,5.764999866485596,5.75,5.764999866485596,6300,0.0,0.0
2024-08-19 11:04:00-04:00,5.761199951171875,5.764999866485596,5.761199951171875,5.764999866485596,872,0.0,0.0
2024-08-19 11:05:00-04:00,5.764999866485596,5.769999980926514,5.7600998878479,5.769999980926514,2187,0.0,0.0
2024-08-19 11:06:00-04:00,5.769000053405762,5.769000053405762,5.769000053405762,5.769000053405762,368,0.0,0.0
2024-08-19 11:07:00-04:00,5.769999980926514,5.769999980926514,5.759900093078613,5.759900093078613,14989,0.0,0.0
2024-08-19 11:08:00-04:00,5.755000114440918,5.755000114440918,5.755000114440918,5.755000114440918,0,0.0,0.0
2024-08-19 11:09:00-04:00,5.755099773406982,5.760000228881836,5.755099773406982,5.759900093078613,2530,0.0,0.0
2024-08-19 11:10:00-04:00,5.760000228881836,5.764999866485596,5.755000114440918,5.755000114440918,1757,0.0,0.0
2024-08-19 11:11:00-04:00,5.758999824523926,5.758999824523926,5.755000114440918,5.755000114440918,720,0.0,0.0
2024-08-19 11:12:00-04:00,5.755000114440918,5.755000114440918,5.75,5.755000114440918,1417,0.0,0.0
2024-08-19 11:13:00-04:00,5.760000228881836,5.769000053405762,5.760000228881836,5.769000053405762,2728,0.0,0.0
2024-08-19 11:14:00-04:00,5.769999980926514,5.775000095367432,5.769999980926514,5.775000095367432,2786,0.0,0.0
2024-08-19 11:15:00-04:00,5.78000020980835,5.784999847412109,5.78000020980835,5.784999847412109,2897,0.0,0.0
2024-08-19 11:16:00-04:00,5.780099868774414,5.784999847412109,5.780099868774414,5.784999847412109,1534,0.0,0.0
2024-08-19 11:17:00-04:00,5.780099868774414,5.784999847412109,5.775000095367432,5.775000095367432,15799,0.0,0.0
2024-08-19 11:18:00-04:00,5.775000095367432,5.775000095367432,5.775000095367432,5.775000095367432,329,0.0,0.0
2024-08-19 11:19:00-04:00,5.775000095367432,5.775000095367432,5.770100116729736,5.770100116729736,1506,0.0,0.0
2024-08-19 11:21:00-04:00,5.775000095367432,5.775000095367432,5.769999980926514,5.769999980926514,2969,0.0,0.0
2024-08-19 11:22:00-04:00,5.775000095367432,5.775000095367432,5.764999866485596,5.764999866485596,4305,0.0,0.0
2024-08-19 11:23:00-04:00,5.769999980926514,5.775000095367432,5.769999980926514,5.775000095367432,6158,0.0,0.0
2024-08-19 11:24:00-04:00,5.775000095367432,5.775000095367432,5.775000095367432,5.775000095367432,1784,0.0,0.0
2024-08-19 11:25:00-04:00,5.775000095367432,5.775000095367432,5.771599769592285,5.775000095367432,1889,0.0,0.0
2024-08-19 11:26:00-04:00,5.769999980926514,5.775000095367432,5.769999980926514,5.775000095367432,703,0.0,0.0
2024-08-19 11:27:00-04:00,5.769999980926514,5.77400016784668,5.769999980926514,5.769999980926514,2021,0.0,0.0
2024-08-19 11:28:00-04:00,5.760000228881836,5.764999866485596,5.760000228881836,5.764999866485596,5450,0.0,0.0
2024-08-19 11:29:00-04:00,5.760000228881836,5.760000228881836,5.760000228881836,5.760000228881836,560,0.0,0.0
2024-08-19 11:30:00-04:00,5.764999866485596,5.764999866485596,5.760000228881836,5.760000228881836,518,0.0,0.0
2024-08-19 11:31:00-04:00,5.75,5.755000114440918,5.75,5.755000114440918,5644,0.0,0.0
2024-08-19 11:32:00-04:00,5.755000114440918,5.764999866485596,5.75,5.764999866485596,8806,0.0,0.0
2024-08-19 11:33:00-04:00,5.764999866485596,5.768799781799316,5.764999866485596,5.768799781799316,2302,0.0,0.0
2024-08-19 11:35:00-04:00,5.760000228881836,5.760000228881836,5.760000228881836,5.760000228881836,983,0.0,0.0
2024-08-19 11:37:00-04:00,5.769999980926514,5.775000095367432,5.769999980926514,5.775000095367432,6742,0.0,0.0
2024-08-19 11:38:00-04:00,5.775000095367432,5.775000095367432,5.769999980926514,5.770299911499023,5824,0.0,0.0
2024-08-19 11:41:00-04:00,5.775000095367432,5.775000095367432,5.764999866485596,5.764999866485596,4732,0.0,0.0
2024-08-19 11:42:00-04:00,5.769999980926514,5.769999980926514,5.769999980926514,5.769999980926514,2033,0.0,0.0
2024-08-19 11:43:00-04:00,5.78000020980835,5.78000020980835,5.78000020980835,5.78000020980835,1859,0.0,0.0
2024-08-19 11:44:00-04:00,5.784999847412109,5.784999847412109,5.784999847412109,5.784999847412109,1823,0.0,0.0
2024-08-19 11:45:00-04:00,5.784999847412109,5.7906999588012695,5.784999847412109,5.7906999588012695,2395,0.0,0.0
2024-08-19 11:46:00-04:00,5.789999961853027,5.795000076293945,5.789999961853027,5.790299892425537,2546,0.0,0.0
2024-08-19 11:48:00-04:00,5.789999961853027,5.789999961853027,5.789999961853027,5.789999961853027,3766,0.0,0.0
2024-08-19 11:49:00-04:00,5.789999961853027,5.789999961853027,5.769999980926514,5.769999980926514,14473,0.0,0.0
2024-08-19 11:50:00-04:00,5.775000095367432,5.778600215911865,5.769999980926514,5.775000095367432,2997,0.0,0.0
2024-08-19 11:51:00-04:00,5.769999980926514,5.769999980926514,5.764999866485596,5.764999866485596,4084,0.0,0.0
2024-08-19 11:52:00-04:00,5.769999980926514,5.78000020980835,5.769999980926514,5.78000020980835,7928,0.0,0.0
2024-08-19 11:53:00-04:00,5.800000190734863,5.800000190734863,5.784999847412109,5.784999847412109,5667,0.0,0.0
2024-08-19 11:54:00-04:00,5.78000020980835,5.784999847412109,5.78000020980835,5.78000020980835,3953,0.0,0.0
2024-08-19 11:55:00-04:00,5.784999847412109,5.784999847412109,5.784999847412109,5.784999847412109,453,0.0,0.0
2024-08-19 11:56:00-04:00,5.784999847412109,5.784999847412109,5.775000095367432,5.775000095367432,3450,0.0,0.0
2024-08-19 11:57:00-04:00,5.769999980926514,5.775000095367432,5.75,5.775000095367432,19886,0.0,0.0
2024-08-19 12:00:00-04:00,5.735000133514404,5.735000133514404,5.735000133514404,5.735000133514404,15252,0.0,0.0
2024-08-19 12:01:00-04:00,5.739999771118164,5.739999771118164,5.735000133514404,5.735000133514404,3293,0.0,0.0
2024-08-19 12:02:00-04:00,5.744999885559082,5.744999885559082,5.744999885559082,5.744999885559082,6986,0.0,0.0
2024-08-19 12:03:00-04:00,5.742700099945068,5.744999885559082,5.742700099945068,5.744999885559082,0,0.0,0.0
2024-08-19 12:04:00-04:00,5.739999771118164,5.739999771118164,5.739999771118164,5.739999771118164,1595,0.0,0.0
2024-08-19 12:06:00-04:00,5.744999885559082,5.744999885559082,5.739999771118164,5.739999771118164,4755,0.0,0.0
2024-08-19 12:07:00-04:00,5.735000133514404,5.735000133514404,5.735000133514404,5.735000133514404,800,0.0,0.0
2024-08-19 12:08:00-04:00,5.739999771118164,5.744999885559082,5.735000133514404,5.744999885559082,8147,0.0,0.0
2024-08-19 12:09:00-04:00,5.749899864196777,5.749899864196777,5.749899864196777,5.749899864196777,5262,0.0,0.0
2024-08-19 12:10:00-04:00,5.748700141906738,5.760000228881836,5.748700141906738,5.760000228881836,5098,0.0,0.0
2024-08-19 12:11:00-04:00,5.769899845123291,5.775000095367432,5.769899845123291,5.775000095367432,7145,0.0,0.0
2024-08-19 12:13:00-04:00,5.775000095367432,5.775000095367432,5.775000095367432,5.775000095367432,957,0.0,0.0
2024-08-19 12:14:00-04:00,5.775000095367432,5.78000020980835,5.775000095367432,5.775000095367432,1768,0.0,0.0
2024-08-19 12:15:00-04:00,5.775000095367432,5.78000020980835,5.775000095367432,5.78000020980835,534,0.0,0.0
2024-08-19 12:16:00-04:00,5.775000095367432,5.775000095367432,5.775000095367432,5.775000095367432,411,0.0,0.0
2024-08-19 12:17:00-04:00,5.775000095367432,5.78000020980835,5.775000095367432,5.78000020980835,7710,0.0,0.0
2024-08-19 12:18:00-04:00,5.784999847412109,5.795000076293945,5.784999847412109,5.795000076293945,2135,0.0,0.0
2024-08-19 12:19:00-04:00,5.795000076293945,5.795000076293945,5.784999847412109,5.784999847412109,7321,0.0,0.0
2024-08-19 12:21:00-04:00,5.78000020980835,5.795000076293945,5.78000020980835,5.789999961853027,2614,0.0,0.0
2024-08-19 12:22:00-04:00,5.800000190734863,5.800000190734863,5.795000076293945,5.795000076293945,1566,0.0,0.0
2024-08-19 12:23:00-04:00,5.795000076293945,5.795000076293945,5.789999961853027,5.789999961853027,2991,0.0,0.0
2024-08-19 12:24:00-04:00,5.784999847412109,5.784999847412109,5.784999847412109,5.784999847412109,2011,0.0,0.0
2024-08-19 12:25:00-04:00,5.789999961853027,5.789999961853027,5.789999961853027,5.789999961853027,300,0.0,0.0
2024-08-19 12:26:00-04:00,5.789999961853027,5.789999961853027,5.789999961853027,5.789999961853027,772,0.0,0.0
2024-08-19 12:27:00-04:00,5.785799980163574,5.785799980163574,5.784999847412109,5.784999847412109,1814,0.0,0.0
2024-08-19 12:28:00-04:00,5.789999961853027,5.795000076293945,5.789999961853027,5.795000076293945,1819,0.0,0.0
2024-08-19 12:29:00-04:00,5.799900054931641,5.799900054931641,5.799900054931641,5.799900054931641,396,0.0,0.0
2024-08-19 12:30:00-04:00,5.789999961853027,5.795000076293945,5.789999961853027,5.795000076293945,765,0.0,0.0
2024-08-19 12:31:00-04:00,5.789999961853027,5.791600227355957,5.789999961853027,5.791299819946289,2448,0.0,0.0
2024-08-19 12:33:00-04:00,5.795000076293945,5.795000076293945,5.795000076293945,5.795000076293945,744,0.0,0.0
2024-08-19 12:34:00-04:00,5.800000190734863,5.800000190734863,5.789999961853027,5.789999961853027,411,0.0,0.0
2024-08-19 12:35:00-04:00,5.795000076293945,5.795000076293945,5.795000076293945,5.795000076293945,970,0.0,0.0
2024-08-19 12:36:00-04:00,5.800000190734863,5.800000190734863,5.795000076293945,5.795000076293945,1250,0.0,0.0
2024-08-19 12:37:00-04:00,5.789999961853027,5.800000190734863,5.789999961853027,5.789999961853027,8755,0.0,0.0
2024-08-19 12:38:00-04:00,5.795000076293945,5.795000076293945,5.795000076293945,5.795000076293945,520,0.0,0.0
2024-08-19 12:39:00-04:00,5.789999961853027,5.795000076293945,5.789999961853027,5.795000076293945,7929,0.0,0.0
2024-08-19 12:40:00-04:00,5.800000190734863,5.800000190734863,5.800000190734863,5.800000190734863,7169,0.0,0.0
2024-08-19 12:41:00-04:00,5.795000076293945,5.795000076293945,5.795000076293945,5.795000076293945,383,0.0,0.0
2024-08-19 12:42:00-04:00,5.800000190734863,5.800000190734863,5.795000076293945,5.795000076293945,3113,0.0,0.0
2024-08-19 12:44:00-04:00,5.789999961853027,5.791200160980225,5.789999961853027,5.791200160980225,645,0.0,0.0
2024-08-19 12:45:00-04:00,5.789999961853027,5.789999961853027,5.789999961853027,5.789999961853027,1201,0.0,0.0
2024-08-19 12:47:00-04:00,5.784999847412109,5.795000076293945,5.781599998474121,5.795000076293945,4604,0.0,0.0
2024-08-19 12:48:00-04:00,5.795000076293945,5.795000076293945,5.795000076293945,5.795000076293945,1434,0.0,0.0
2024-08-19 12:49:00-04:00,5.795000076293945,5.795000076293945,5.795000076293945,5.795000076293945,2296,0.0,0.0
2024-08-19 12:50:00-04:00,5.795000076293945,5.795000076293945,5.795000076293945,5.795000076293945,1208,0.0,0.0
2024-08-19 12:51:00-04:00,5.79010009765625,5.795000076293945,5.79010009765625,5.795000076293945,962,0.0,0.0
2024-08-19 12:52:00-04:00,5.795000076293945,5.795000076293945,5.789999961853027,5.789999961853027,1768,0.0,0.0
2024-08-19 12:55:00-04:00,5.795000076293945,5.795000076293945,5.795000076293945,5.795000076293945,2706,0.0,0.0
2024-08-19 12:56:00-04:00,5.795000076293945,5.795000076293945,5.795000076293945,5.795000076293945,499,0.0,0.0
2024-08-19 12:57:00-04:00,5.799900054931641,5.799900054931641,5.789999961853027,5.789999961853027,5730,0.0,0.0
2024-08-19 12:58:00-04:00,5.795000076293945,5.800000190734863,5.789999961853027,5.795000076293945,5026,0.0,0.0
2024-08-19 12:59:00-04:00,5.795000076293945,5.795000076293945,5.795000076293945,5.795000076293945,1521,0.0,0.0
2024-08-19 13:00:00-04:00,5.800000190734863,5.804999828338623,5.795000076293945,5.795000076293945,17638,0.0,0.0
2024-08-19 13:01:00-04:00,5.799900054931641,5.799900054931641,5.799900054931641,5.799900054931641,5450,0.0,0.0
2024-08-19 13:02:00-04:00,5.795000076293945,5.795000076293945,5.795000076293945,5.795000076293945,1634,0.0,0.0
2024-08-19 13:04:00-04:00,5.789999961853027,5.800000190734863,5.789999961853027,5.795000076293945,859,0.0,0.0
2024-08-19 13:05:00-04:00,5.789999961853027,5.799900054931641,5.789999961853027,5.795000076293945,6112,0.0,0.0
2024-08-19 13:06:00-04:00,5.795000076293945,5.800000190734863,5.795000076293945,5.800000190734863,949,0.0,0.0
2024-08-19 13:07:00-04:00,5.795000076293945,5.795000076293945,5.795000076293945,5.795000076293945,415,0.0,0.0
2024-08-19 13:08:00-04:00,5.789999961853027,5.789999961853027,5.789999961853027,5.789999961853027,311,0.0,0.0
2024-08-19 13:09:00-04:00,5.800000190734863,5.800000190734863,5.800000190734863,5.800000190734863,1198,0.0,0.0
2024-08-19 13:11:00-04:00,5.789999961853027,5.800000190734863,5.789999961853027,5.800000190734863,1296,0.0,0.0
2024-08-19 13:12:00-04:00,5.795000076293945,5.800000190734863,5.795000076293945,5.800000190734863,836,0.0,0.0
2024-08-19 13:13:00-04:00,5.795000076293945,5.795000076293945,5.789999961853027,5.789999961853027,703,0.0,0.0
2024-08-19 13:14:00-04:00,5.789999961853027,5.800000190734863,5.789999961853027,5.789999961853027,1478,0.0,0.0
2024-08-19 13:15:00-04:00,5.800000190734863,5.800000190734863,5.795000076293945,5.795000076293945,1315,0.0,0.0
2024-08-19 13:16:00-04:00,5.800000190734863,5.800000190734863,5.795000076293945,5.795000076293945,5524,0.0,0.0
2024-08-19 13:17:00-04:00,5.795000076293945,5.800000190734863,5.789999961853027,5.789999961853027,4483,0.0,0.0
2024-08-19 13:18:00-04:00,5.800000190734863,5.804999828338623,5.795000076293945,5.800000190734863,16255,0.0,0.0
2024-08-19 13:19:00-04:00,5.800000190734863,5.800000190734863,5.800000190734863,5.800000190734863,3247,0.0,0.0
2024-08-19 13:21:00-04:00,5.789999961853027,5.800000190734863,5.789999961853027,5.800000190734863,6510,0.0,0.0
2024-08-19 13:22:00-04:00,5.795000076293945,5.795000076293945,5.795000076293945,5.795000076293945,604,0.0,0.0
2024-08-19 13:23:00-04:00,5.789999961853027,5.789999961853027,5.789999961853027,5.789999961853027,799,0.0,0.0
2024-08-19 13:24:00-04:00,5.795000076293945,5.795000076293945,5.789999961853027,5.789999961853027,1755,0.0,0.0
2024-08-19 13:26:00-04:00,5.800000190734863,5.800000190734863,5.800000190734863,5.800000190734863,5771,0.0,0.0
2024-08-19 13:27:00-04:00,5.799799919128418,5.799799919128418,5.789999961853027,5.789999961853027,5249,0.0,0.0
2024-08-19 13:28:00-04:00,5.789999961853027,5.789999961853027,5.789999961853027,5.789999961853027,3164,0.0,0.0
2024-08-19 13:29:00-04:00,5.800000190734863,5.800000190734863,5.800000190734863,5.800000190734863,265,0.0,0.0
2024-08-19 13:30:00-04:00,5.795000076293945,5.795000076293945,5.784999847412109,5.784999847412109,1857,0.0,0.0
2024-08-19 13:31:00-04:00,5.784999847412109,5.784999847412109,5.784999847412109,5.784999847412109,978,0.0,0.0
2024-08-19 13:32:00-04:00,5.789999961853027,5.789999961853027,5.789999961853027,5.789999961853027,2597,0.0,0.0
2024-08-19 13:33:00-04:00,5.795000076293945,5.795000076293945,5.795000076293945,5.795000076293945,1628,0.0,0.0
2024-08-19 13:34:00-04:00,5.800000190734863,5.800000190734863,5.795000076293945,5.795000076293945,6308,0.0,0.0
2024-08-19 13:35:00-04:00,5.795000076293945,5.800000190734863,5.795000076293945,5.800000190734863,3704,0.0,0.0
2024-08-19 13:36:00-04:00,5.795000076293945,5.795000076293945,5.795000076293945,5.795000076293945,608,0.0,0.0
2024-08-19 13:37:00-04:00,5.789999961853027,5.789999961853027,5.789999961853027,5.789999961853027,10633,0.0,0.0
2024-08-19 13:38:00-04:00,5.800000190734863,5.804999828338623,5.795000076293945,5.795000076293945,12246,0.0,0.0
2024-08-19 13:39:00-04:00,5.795000076293945,5.799900054931641,5.789999961853027,5.799900054931641,10972,0.0,0.0
2024-08-19 13:40:00-04:00,5.789999961853027,5.789999961853027,5.789999961853027,5.789999961853027,582,0.0,0.0
2024-08-19 13:41:00-04:00,5.7906999588012695,5.7906999588012695,5.789999961853027,5.789999961853027,3615,0.0,0.0
2024-08-19 13:42:00-04:00,5.789999961853027,5.789999961853027,5.78000020980835,5.784999847412109,4526,0.0,0.0
2024-08-19 13:43:00-04:00,5.789999961853027,5.789999961853027,5.789999961853027,5.789999961853027,2237,0.0,0.0
2024-08-19 13:44:00-04:00,5.78000020980835,5.784599781036377,5.78000020980835,5.784599781036377,1013,0.0,0.0
2024-08-19 13:45:00-04:00,5.78000020980835,5.784999847412109,5.78000020980835,5.784999847412109,1803,0.0,0.0
2024-08-19 13:46:00-04:00,5.78000020980835,5.78000020980835,5.78000020980835,5.78000020980835,973,0.0,0.0
2024-08-19 13:47:00-04:00,5.78000020980835,5.78000020980835,5.78000020980835,5.78000020980835,1205,0.0,0.0
2024-08-19 13:48:00-04:00,5.78000020980835,5.78000020980835,5.78000020980835,5.78000020980835,1518,0.0,0.0
2024-08-19 13:50:00-04:00,5.78000020980835,5.78000020980835,5.78000020980835,5.78000020980835,3230,0.0,0.0
2024-08-19 13:52:00-04:00,5.784999847412109,5.784999847412109,5.784999847412109,5.784999847412109,820,0.0,0.0
2024-08-19 13:54:00-04:00,5.78000020980835,5.78000020980835,5.78000020980835,5.78000020980835,1593,0.0,0.0
2024-08-19 13:56:00-04:00,5.784999847412109,5.784999847412109,5.78000020980835,5.784999847412109,1024,0.0,0.0
2024-08-19 13:57:00-04:00,5.78000020980835,5.78000020980835,5.78000020980835,5.78000020980835,289,0.0,0.0
2024-08-19 13:58:00-04:00,5.78000020980835,5.78000020980835,5.78000020980835,5.78000020980835,2747,0.0,0.0
2024-08-19 14:00:00-04:00,5.78000020980835,5.784999847412109,5.78000020980835,5.78000020980835,809,0.0,0.0
2024-08-19 14:01:00-04:00,5.78000020980835,5.78000020980835,5.775000095367432,5.775000095367432,4265,0.0,0.0
2024-08-19 14:02:00-04:00,5.78000020980835,5.78000020980835,5.78000020980835,5.78000020980835,3710,0.0,0.0
2024-08-19 14:03:00-04:00,5.784999847412109,5.784999847412109,5.784999847412109,5.784999847412109,1460,0.0,0.0
2024-08-19 14:05:00-04:00,5.784999847412109,5.789999961853027,5.78000020980835,5.78000020980835,5114,0.0,0.0
2024-08-19 14:06:00-04:00,5.789999961853027,5.800000190734863,5.789999961853027,5.789999961853027,5217,0.0,0.0
2024-08-19 14:07:00-04:00,5.795000076293945,5.795000076293945,5.789999961853027,5.789999961853027,1743,0.0,0.0
2024-08-19 14:08:00-04:00,5.800000190734863,5.800000190734863,5.800000190734863,5.800000190734863,1550,0.0,0.0
2024-08-19 14:09:00-04:00,5.795000076293945,5.795000076293945,5.795000076293945,5.795000076293945,360,0.0,0.0
2024-08-19 14:10:00-04:00,5.789999961853027,5.804999828338623,5.789999961853027,5.795000076293945,10318,0.0,0.0
2024-08-19 14:11:00-04:00,5.795000076293945,5.795000076293945,5.795000076293945,5.795000076293945,3265,0.0,0.0
2024-08-19 14:12:00-04:00,5.800000190734863,5.800000190734863,5.800000190734863,5.800000190734863,1205,0.0,0.0
2024-08-19 14:13:00-04:00,5.795000076293945,5.800000190734863,5.795000076293945,5.800000190734863,814,0.0,0.0
2024-08-19 14:14:00-04:00,5.800000190734863,5.800000190734863,5.800000190734863,5.800000190734863,1203,0.0,0.0
2024-08-19 14:15:00-04:00,5.795000076293945,5.799900054931641,5.795000076293945,5.799900054931641,1767,0.0,0.0
2024-08-19 14:16:00-04:00,5.800000190734863,5.804999828338623,5.789999961853027,5.800000190734863,21676,0.0,0.0
2024-08-19 14:17:00-04:00,5.800000190734863,5.800000190734863,5.795000076293945,5.795000076293945,2681,0.0,0.0
2024-08-19 14:19:00-04:00,5.7947001457214355,5.800000190734863,5.7947001457214355,5.800000190734863,4719,0.0,0.0
2024-08-19 14:21:00-04:00,5.789999961853027,5.789999961853027,5.789999961853027,5.789999961853027,207,0.0,0.0
2024-08-19 14:22:00-04:00,5.800000190734863,5.800000190734863,5.795000076293945,5.800000190734863,6080,0.0,0.0
2024-08-19 14:23:00-04:00,5.800000190734863,5.804999828338623,5.800000190734863,5.804999828338623,6936,0.0,0.0
2024-08-19 14:24:00-04:00,5.800000190734863,5.804999828338623,5.800000190734863,5.801000118255615,1605,0.0,0.0
2024-08-19 14:25:00-04:00,5.804999828338623,5.804999828338623,5.804999828338623,5.804999828338623,3990,0.0,0.0
2024-08-19 14:26:00-04:00,5.804999828338623,5.804999828338623,5.800000190734863,5.800000190734863,5043,0.0,0.0
2024-08-19 14:27:00-04:00,5.800000190734863,5.800000190734863,5.800000190734863,5.800000190734863,7596,0.0,0.0
2024-08-19 14:28:00-04:00,5.800000190734863,5.804999828338623,5.800000190734863,5.804999828338623,1810,0.0,0.0
2024-08-19 14:29:00-04:00,5.804999828338623,5.809899806976318,5.800000190734863,5.800000190734863,1750,0.0,0.0
2024-08-19 14:30:00-04:00,5.800000190734863,5.800000190734863,5.79010009765625,5.795000076293945,23107,0.0,0.0
2024-08-19 14:31:00-04:00,5.800000190734863,5.809999942779541,5.795000076293945,5.800000190734863,24943,0.0,0.0
2024-08-19 14:32:00-04:00,5.808700084686279,5.808700084686279,5.800000190734863,5.800000190734863,13335,0.0,0.0
2024-08-19 14:33:00-04:00,5.804999828338623,5.859899997711182,5.804999828338623,5.859899997711182,45567,0.0,0.0
2024-08-19 14:34:00-04:00,5.855000019073486,5.860000133514404,5.850100040435791,5.860000133514404,624,0.0,0.0
2024-08-19 14:35:00-04:00,5.855000019073486,5.860000133514404,5.855000019073486,5.855999946594238,1425,0.0,0.0
2024-08-19 14:36:00-04:00,5.860000133514404,5.875,5.860000133514404,5.864999771118164,9174,0.0,0.0
2024-08-19 14:37:00-04:00,5.864999771118164,5.885000228881836,5.864999771118164,5.880000114440918,13024,0.0,0.0
2024-08-19 14:38:00-04:00,5.880000114440918,5.900000095367432,5.880000114440918,5.899899959564209,8271,0.0,0.0
2024-08-19 14:39:00-04:00,5.894999980926514,5.900000095367432,5.869999885559082,5.869999885559082,25630,0.0,0.0
2024-08-19 14:40:00-04:00,5.864999771118164,5.864999771118164,5.840000152587891,5.84499979019165,31189,0.0,0.0
2024-08-19 14:41:00-04:00,5.844600200653076,5.84499979019165,5.829999923706055,5.835000038146973,7150,0.0,0.0
2024-08-19 14:42:00-04:00,5.835000038146973,5.835000038146973,5.835000038146973,5.835000038146973,1166,0.0,0.0
2024-08-19 14:43:00-04:00,5.839900016784668,5.839900016784668,5.829999923706055,5.829999923706055,5193,0.0,0.0
2024-08-19 14:44:00-04:00,5.835000038146973,5.840000152587891,5.829999923706055,5.829999923706055,52745,0.0,0.0
2024-08-19 14:45:00-04:00,5.835000038146973,5.840000152587891,5.835000038146973,5.835000038146973,14217,0.0,0.0
2024-08-19 14:46:00-04:00,5.835000038146973,5.840000152587891,5.829999923706055,5.829999923706055,2286,0.0,0.0
2024-08-19 14:47:00-04:00,5.835000038146973,5.839900016784668,5.829999923706055,5.8383002281188965,2372,0.0,0.0
2024-08-19 14:48:00-04:00,5.835000038146973,5.840000152587891,5.835000038146973,5.837500095367432,753,0.0,0.0
2024-08-19 14:49:00-04:00,5.835000038146973,5.835000038146973,5.829999923706055,5.829999923706055,396,0.0,0.0
2024-08-19 14:50:00-04:00,5.835000038146973,5.839900016784668,5.835000038146973,5.835000038146973,723,0.0,0.0
2024-08-19 14:51:00-04:00,5.835000038146973,5.835000038146973,5.829999923706055,5.835000038146973,1304,0.0,0.0
2024-08-19 14:52:00-04:00,5.830599784851074,5.835000038146973,5.829999923706055,5.835000038146973,2472,0.0,0.0
2024-08-19 14:53:00-04:00,5.829999923706055,5.835000038146973,5.829999923706055,5.835000038146973,2890,0.0,0.0
2024-08-19 14:54:00-04:00,5.829999923706055,5.840000152587891,5.824999809265137,5.840000152587891,67211,0.0,0.0
2024-08-19 14:55:00-04:00,5.835000038146973,5.840000152587891,5.835000038146973,5.840000152587891,7421,0.0,0.0
2024-08-19 14:58:00-04:00,5.835000038146973,5.840000152587891,5.829999923706055,5.840000152587891,5901,0.0,0.0
2024-08-19 14:59:00-04:00,5.835000038146973,5.84499979019165,5.820000171661377,5.84499979019165,50469,0.0,0.0
2024-08-19 15:00:00-04:00,5.840000152587891,5.840000152587891,5.835000038146973,5.835000038146973,846,0.0,0.0
2024-08-19 15:01:00-04:00,5.835000038146973,5.835000038146973,5.809999942779541,5.815000057220459,12684,0.0,0.0
2024-08-19 15:02:00-04:00,5.815000057220459,5.815000057220459,5.815000057220459,5.815000057220459,1147,0.0,0.0
2024-08-19 15:03:00-04:00,5.815000057220459,5.815000057220459,5.809999942779541,5.815000057220459,9230,0.0,0.0
2024-08-19 15:04:00-04:00,5.809999942779541,5.815000057220459,5.809999942779541,5.815000057220459,2071,0.0,0.0
2024-08-19 15:05:00-04:00,5.809999942779541,5.815000057220459,5.809999942779541,5.815000057220459,2745,0.0,0.0
2024-08-19 15:06:00-04:00,5.815000057220459,5.817500114440918,5.815000057220459,5.815000057220459,3656,0.0,0.0
2024-08-19 15:07:00-04:00,5.815000057220459,5.815000057220459,5.809999942779541,5.809999942779541,2622,0.0,0.0
2024-08-19 15:08:00-04:00,5.815000057220459,5.820000171661377,5.809999942779541,5.815000057220459,4734,0.0,0.0
2024-08-19 15:09:00-04:00,5.809999942779541,5.809999942779541,5.800000190734863,5.804999828338623,2985,0.0,0.0
2024-08-19 15:10:00-04:00,5.800000190734863,5.804999828338623,5.795000076293945,5.804999828338623,6785,0.0,0.0
2024-08-19 15:11:00-04:00,5.804999828338623,5.804999828338623,5.800000190734863,5.800000190734863,1324,0.0,0.0
2024-08-19 15:12:00-04:00,5.800000190734863,5.800000190734863,5.800000190734863,5.800000190734863,287,0.0,0.0
2024-08-19 15:13:00-04:00,5.804999828338623,5.804999828338623,5.804999828338623,5.804999828338623,2281,0.0,0.0
2024-08-19 15:14:00-04:00,5.804999828338623,5.804999828338623,5.800000190734863,5.804999828338623,8133,0.0,0.0
2024-08-19 15:15:00-04:00,5.804999828338623,5.804999828338623,5.804999828338623,5.804999828338623,1042,0.0,0.0
2024-08-19 15:17:00-04:00,5.800000190734863,5.804999828338623,5.800000190734863,5.804999828338623,6573,0.0,0.0
2024-08-19 15:18:00-04:00,5.804999828338623,5.804999828338623,5.800000190734863,5.800000190734863,892,0.0,0.0
2024-08-19 15:19:00-04:00,5.800000190734863,5.800000190734863,5.800000190734863,5.800000190734863,5444,0.0,0.0
2024-08-19 15:20:00-04:00,5.804999828338623,5.809999942779541,5.804999828338623,5.804999828338623,8737,0.0,0.0
2024-08-19 15:21:00-04:00,5.800000190734863,5.800000190734863,5.800000190734863,5.800000190734863,977,0.0,0.0
2024-08-19 15:23:00-04:00,5.804999828338623,5.809999942779541,5.804999828338623,5.804999828338623,5049,0.0,0.0
2024-08-19 15:24:00-04:00,5.809999942779541,5.809999942779541,5.804999828338623,5.809999942779541,1659,0.0,0.0
2024-08-19 15:25:00-04:00,5.809999942779541,5.809999942779541,5.804999828338623,5.804999828338623,5117,0.0,0.0
2024-08-19 15:26:00-04:00,5.804999828338623,5.809999942779541,5.804999828338623,5.804999828338623,21258,0.0,0.0
2024-08-19 15:27:00-04:00,5.809999942779541,5.809999942779541,5.804999828338623,5.809999942779541,15603,0.0,0.0
2024-08-19 15:28:00-04:00,5.809999942779541,5.815000057220459,5.804999828338623,5.815000057220459,26940,0.0,0.0
2024-08-19 15:29:00-04:00,5.815000057220459,5.820000171661377,5.815000057220459,5.815000057220459,25024,0.0,0.0
2024-08-19 15:30:00-04:00,5.815000057220459,5.815000057220459,5.815000057220459,5.815000057220459,4219,0.0,0.0
2024-08-19 15:31:00-04:00,5.815000057220459,5.815000057220459,5.815000057220459,5.815000057220459,3706,0.0,0.0
2024-08-19 15:32:00-04:00,5.815000057220459,5.824999809265137,5.815000057220459,5.824999809265137,8794,0.0,0.0
2024-08-19 15:33:00-04:00,5.824999809265137,5.826000213623047,5.82450008392334,5.826000213623047,1095,0.0,0.0
2024-08-19 15:34:00-04:00,5.826399803161621,5.826399803161621,5.826399803161621,5.826399803161621,1588,0.0,0.0
2024-08-19 15:35:00-04:00,5.824999809265137,5.824999809265137,5.824999809265137,5.824999809265137,1104,0.0,0.0
2024-08-19 15:36:00-04:00,5.824999809265137,5.835000038146973,5.824999809265137,5.824999809265137,11094,0.0,0.0
2024-08-19 15:37:00-04:00,5.829999923706055,5.849999904632568,5.829999923706055,5.849999904632568,15298,0.0,0.0
2024-08-19 15:38:00-04:00,5.84499979019165,5.84499979019165,5.840000152587891,5.844799995422363,5366,0.0,0.0
2024-08-19 15:39:00-04:00,5.84499979019165,5.849999904632568,5.840000152587891,5.840000152587891,2683,0.0,0.0
2024-08-19 15:40:00-04:00,5.84499979019165,5.849999904632568,5.84499979019165,5.849999904632568,9064,0.0,0.0
2024-08-19 15:41:00-04:00,5.849999904632568,5.860000133514404,5.849999904632568,5.860000133514404,20410,0.0,0.0
2024-08-19 15:42:00-04:00,5.860000133514404,5.864999771118164,5.855000019073486,5.855000019073486,22189,0.0,0.0
2024-08-19 15:43:00-04:00,5.855000019073486,5.855000019073486,5.855000019073486,5.855000019073486,2444,0.0,0.0
2024-08-19 15:44:00-04:00,5.855000019073486,5.855000019073486,5.855000019073486,5.855000019073486,864,0.0,0.0
2024-08-19 15:45:00-04:00,5.860000133514404,5.860000133514404,5.849999904632568,5.860000133514404,14591,0.0,0.0
2024-08-19 15:46:00-04:00,5.860000133514404,5.869999885559082,5.860000133514404,5.864999771118164,6432,0.0,0.0
2024-08-19 15:47:00-04:00,5.864999771118164,5.880000114440918,5.864999771118164,5.880000114440918,9370,0.0,0.0
2024-08-19 15:48:00-04:00,5.875,5.880000114440918,5.870100021362305,5.875,10535,0.0,0.0
2024-08-19 15:49:00-04:00,5.880000114440918,5.889999866485596,5.875,5.886600017547607,10442,0.0,0.0
2024-08-19 15:50:00-04:00,5.889999866485596,5.909999847412109,5.889999866485596,5.90500020980835,44324,0.0,0.0
2024-08-19 15:51:00-04:00,5.909999847412109,5.909999847412109,5.875,5.875,60136,0.0,0.0
2024-08-19 15:52:00-04:00,5.875,5.875,5.849999904632568,5.859899997711182,48470,0.0,0.0
2024-08-19 15:53:00-04:00,5.860000133514404,5.920000076293945,5.860000133514404,5.920000076293945,70628,0.0,0.0
2024-08-19 15:54:00-04:00,5.910299777984619,5.940000057220459,5.910299777984619,5.940000057220459,62018,0.0,0.0
2024-08-19 15:55:00-04:00,5.940000057220459,5.960000038146973,5.940000057220459,5.946000099182129,60452,0.0,0.0
2024-08-19 15:56:00-04:00,5.949999809265137,5.960000038146973,5.940000057220459,5.960000038146973,44048,0.0,0.0
2024-08-19 15:57:00-04:00,5.960000038146973,5.960000038146973,5.954999923706055,5.960000038146973,22663,0.0,0.0
2024-08-19 15:58:00-04:00,5.960000038146973,5.974999904632568,5.960000038146973,5.96999979019165,87151,0.0,0.0
2024-08-19 15:59:00-04:00,5.96999979019165,6.0,5.960000038146973,6.0,169995,0.0,0.0
2024-08-20 09:30:00-04:00,5.980000019073486,5.980000019073486,5.880000114440918,5.880000114440918,81483,0.0,0.0
2024-08-20 09:31:00-04:00,5.880000114440918,5.914999961853027,5.880000114440918,5.914999961853027,14491,0.0,0.0
2024-08-20 09:32:00-04:00,5.914999961853027,5.915299892425537,5.889500141143799,5.889500141143799,27669,0.0,0.0
2024-08-20 09:33:00-04:00,5.885000228881836,5.889999866485596,5.880099773406982,5.889999866485596,6729,0.0,0.0
2024-08-20 09:35:00-04:00,5.900000095367432,5.920000076293945,5.900000095367432,5.909999847412109,2943,0.0,0.0
2024-08-20 09:36:00-04:00,5.901000022888184,5.929999828338623,5.900000095367432,5.929999828338623,9797,0.0,0.0
2024-08-20 09:37:00-04:00,5.920000076293945,5.921000003814697,5.909999847412109,5.909999847412109,9473,0.0,0.0
2024-08-20 09:38:00-04:00,5.914999961853027,5.9197001457214355,5.914999961853027,5.914999961853027,1187,0.0,0.0
2024-08-20 09:39:00-04:00,5.920000076293945,5.920000076293945,5.900000095367432,5.900000095367432,1340,0.0,0.0
2024-08-20 09:40:00-04:00,5.894999980926514,5.920000076293945,5.894999980926514,5.914999961853027,3218,0.0,0.0
2024-08-20 09:41:00-04:00,5.911200046539307,5.920000076293945,5.909999847412109,5.909999847412109,3313,0.0,0.0
2024-08-20 09:42:00-04:00,5.909999847412109,5.909999847412109,5.889999866485596,5.889999866485596,14165,0.0,0.0
2024-08-20 09:43:00-04:00,5.894999980926514,5.894999980926514,5.894999980926514,5.894999980926514,200,0.0,0.0
2024-08-20 09:44:00-04:00,5.894999980926514,5.900000095367432,5.890999794006348,5.894999980926514,2410,0.0,0.0
2024-08-20 09:45:00-04:00,5.899199962615967,5.899199962615967,5.88100004196167,5.88100004196167,2850,0.0,0.0
2024-08-20 09:46:00-04:00,5.882999897003174,5.889900207519531,5.88100004196167,5.889900207519531,3415,0.0,0.0
2024-08-20 09:47:00-04:00,5.889900207519531,5.889900207519531,5.88100004196167,5.889900207519531,3754,0.0,0.0
2024-08-20 09:48:00-04:00,5.889900207519531,5.889900207519531,5.88100004196167,5.885000228881836,1010,0.0,0.0
2024-08-20 09:49:00-04:00,5.8892998695373535,5.8892998695373535,5.849999904632568,5.855000019073486,38068,0.0,0.0
2024-08-20 09:50:00-04:00,5.860000133514404,5.860000133514404,5.849999904632568,5.857900142669678,9586,0.0,0.0
2024-08-20 09:51:00-04:00,5.85099983215332,5.85099983215332,5.85099983215332,5.85099983215332,8835,0.0,0.0
2024-08-20 09:52:00-04:00,5.840000152587891,5.849999904632568,5.840000152587891,5.840099811553955,17450,0.0,0.0
2024-08-20 09:53:00-04:00,5.849899768829346,5.869900226593018,5.849899768829346,5.869900226593018,3783,0.0,0.0
2024-08-20 09:55:00-04:00,5.869100093841553,5.869100093841553,5.864999771118164,5.864999771118164,4479,0.0,0.0
2024-08-20 09:56:00-04:00,5.864999771118164,5.866000175476074,5.855000019073486,5.855000019073486,16379,0.0,0.0
2024-08-20 09:57:00-04:00,5.864999771118164,5.864999771118164,5.855000019073486,5.855000019073486,563,0.0,0.0
2024-08-20 09:58:00-04:00,5.855599880218506,5.855599880218506,5.855000019073486,5.855000019073486,1917,0.0,0.0
2024-08-20 09:59:00-04:00,5.858799934387207,5.858799934387207,5.84499979019165,5.84499979019165,3396,0.0,0.0
2024-08-20 10:00:00-04:00,5.84499979019165,5.849999904632568,5.84499979019165,5.849999904632568,929,0.0,0.0
2024-08-20 10:01:00-04:00,5.841000080108643,5.849800109863281,5.841000080108643,5.849800109863281,2786,0.0,0.0
2024-08-20 10:02:00-04:00,5.841000080108643,5.849999904632568,5.841000080108643,5.84499979019165,10138,0.0,0.0
2024-08-20 10:03:00-04:00,5.84499979019165,5.860000133514404,5.840000152587891,5.860000133514404,10874,0.0,0.0
2024-08-20 10:04:00-04:00,5.852099895477295,5.855000019073486,5.84499979019165,5.84499979019165,915,0.0,0.0
2024-08-20 10:05:00-04:00,5.840000152587891,5.840000152587891,5.835000038146973,5.835000038146973,866,0.0,0.0
2024-08-20 10:06:00-04:00,5.835000038146973,5.84499979019165,5.835000038146973,5.84499979019165,2944,0.0,0.0
2024-08-20 10:07:00-04:00,5.855500221252441,5.855500221252441,5.855500221252441,5.855500221252441,8339,0.0,0.0
2024-08-20 10:08:00-04:00,5.869999885559082,5.877900123596191,5.864999771118164,5.864999771118164,3678,0.0,0.0
2024-08-20 10:09:00-04:00,5.860000133514404,5.860000133514404,5.849999904632568,5.849999904632568,1827,0.0,0.0
2024-08-20 10:10:00-04:00,5.855000019073486,5.860000133514404,5.855000019073486,5.860000133514404,1473,0.0,0.0
2024-08-20 10:11:00-04:00,5.855000019073486,5.860000133514404,5.84499979019165,5.84499979019165,3812,0.0,0.0
2024-08-20 10:12:00-04:00,5.84499979019165,5.84499979019165,5.840000152587891,5.84499979019165,1414,0.0,0.0
2024-08-20 10:13:00-04:00,5.84499979019165,5.84499979019165,5.84499979019165,5.84499979019165,998,0.0,0.0
2024-08-20 10:15:00-04:00,5.84499979019165,5.84499979019165,5.84499979019165,5.84499979019165,4670,0.0,0.0
2024-08-20 10:16:00-04:00,5.84499979019165,5.849999904632568,5.840000152587891,5.84499979019165,9301,0.0,0.0
2024-08-20 10:17:00-04:00,5.840000152587891,5.840000152587891,5.835000038146973,5.840000152587891,2092,0.0,0.0
2024-08-20 10:18:00-04:00,5.840000152587891,5.84499979019165,5.840000152587891,5.84499979019165,6305,0.0,0.0
2024-08-20 10:19:00-04:00,5.840000152587891,5.840000152587891,5.835000038146973,5.835000038146973,1004,0.0,0.0
2024-08-20 10:20:00-04:00,5.840000152587891,5.840000152587891,5.834000110626221,5.840000152587891,3359,0.0,0.0
2024-08-20 10:21:00-04:00,5.840000152587891,5.840000152587891,5.835000038146973,5.835000038146973,1984,0.0,0.0
2024-08-20 10:22:00-04:00,5.835000038146973,5.835000038146973,5.835000038146973,5.835000038146973,658,0.0,0.0
2024-08-20 10:23:00-04:00,5.835000038146973,5.840000152587891,5.835000038146973,5.835000038146973,1603,0.0,0.0
2024-08-20 10:24:00-04:00,5.829999923706055,5.838399887084961,5.829999923706055,5.838399887084961,1255,0.0,0.0
2024-08-20 10:25:00-04:00,5.834099769592285,5.839700222015381,5.834099769592285,5.835000038146973,956,0.0,0.0
2024-08-20 10:26:00-04:00,5.840000152587891,5.840000152587891,5.829999923706055,5.835000038146973,7528,0.0,0.0
2024-08-20 10:27:00-04:00,5.839900016784668,5.839900016784668,5.819900035858154,5.819900035858154,6259,0.0,0.0
2024-08-20 10:28:00-04:00,5.811999797821045,5.819900035858154,5.809999942779541,5.819900035858154,14863,0.0,0.0
2024-08-20 10:29:00-04:00,5.815499782562256,5.820000171661377,5.815499782562256,5.81879997253418,13272,0.0,0.0
2024-08-20 10:30:00-04:00,5.81879997253418,5.820000171661377,5.81879997253418,5.818999767303467,2129,0.0,0.0
2024-08-20 10:31:00-04:00,5.820000171661377,5.829999923706055,5.820000171661377,5.829999923706055,4653,0.0,0.0
2024-08-20 10:32:00-04:00,5.829999923706055,5.835000038146973,5.829999923706055,5.835000038146973,975,0.0,0.0
2024-08-20 10:33:00-04:00,5.835000038146973,5.835000038146973,5.835000038146973,5.835000038146973,834,0.0,0.0
2024-08-20 10:34:00-04:00,5.840000152587891,5.840000152587891,5.840000152587891,5.840000152587891,417,0.0,0.0
2024-08-20 10:35:00-04:00,5.840000152587891,5.840000152587891,5.835000038146973,5.835000038146973,4307,0.0,0.0
2024-08-20 10:36:00-04:00,5.824999809265137,5.829999923706055,5.824999809265137,5.829999923706055,1544,0.0,0.0
2024-08-20 10:37:00-04:00,5.824999809265137,5.829999923706055,5.824999809265137,5.829999923706055,1586,0.0,0.0
2024-08-20 10:38:00-04:00,5.824999809265137,5.829899787902832,5.824999809265137,5.829899787902832,825,0.0,0.0
2024-08-20 10:39:00-04:00,5.824999809265137,5.824999809265137,5.824999809265137,5.824999809265137,195,0.0,0.0
2024-08-20 10:40:00-04:00,5.824999809265137,5.824999809265137,5.824999809265137,5.824999809265137,1042,0.0,0.0
2024-08-20 10:41:00-04:00,5.824999809265137,5.824999809265137,5.815000057220459,5.815000057220459,2287,0.0,0.0
2024-08-20 10:42:00-04:00,5.820000171661377,5.820000171661377,5.820000171661377,5.820000171661377,253,0.0,0.0
2024-08-20 10:43:00-04:00,5.820000171661377,5.820000171661377,5.820000171661377,5.820000171661377,698,0.0,0.0
2024-08-20 10:44:00-04:00,5.815000057220459,5.815000057220459,5.815000057220459,5.815000057220459,905,0.0,0.0
2024-08-20 10:45:00-04:00,5.820000171661377,5.820000171661377,5.810100078582764,5.815000057220459,7130,0.0,0.0
2024-08-20 10:46:00-04:00,5.815000057220459,5.819900035858154,5.815000057220459,5.819900035858154,3899,0.0,0.0
2024-08-20 10:47:00-04:00,5.817299842834473,5.817299842834473,5.815000057220459,5.815000057220459,2049,0.0,0.0
2024-08-20 10:48:00-04:00,5.815000057220459,5.820000171661377,5.809999942779541,5.815000057220459,7422,0.0,0.0
2024-08-20 10:49:00-04:00,5.8105998039245605,5.815000057220459,5.8105998039245605,5.815000057220459,6179,0.0,0.0
2024-08-20 10:50:00-04:00,5.815000057220459,5.816500186920166,5.8109002113342285,5.815000057220459,11551,0.0,0.0
2024-08-20 10:51:00-04:00,5.809999942779541,5.809999942779541,5.809899806976318,5.809899806976318,9540,0.0,0.0
2024-08-20 10:52:00-04:00,5.809999942779541,5.815000057220459,5.809999942779541,5.815000057220459,11028,0.0,0.0
2024-08-20 10:53:00-04:00,5.815000057220459,5.829999923706055,5.815000057220459,5.829999923706055,3563,0.0,0.0
2024-08-20 10:54:00-04:00,5.829800128936768,5.829999923706055,5.815000057220459,5.815000057220459,8146,0.0,0.0
2024-08-20 10:55:00-04:00,5.820000171661377,5.820000171661377,5.815000057220459,5.815000057220459,834,0.0,0.0
2024-08-20 10:56:00-04:00,5.809999942779541,5.815000057220459,5.809899806976318,5.813199996948242,11063,0.0,0.0
2024-08-20 10:57:00-04:00,5.817500114440918,5.820000171661377,5.817500114440918,5.820000171661377,1239,0.0,0.0
2024-08-20 10:58:00-04:00,5.815000057220459,5.815000057220459,5.815000057220459,5.815000057220459,790,0.0,0.0
2024-08-20 10:59:00-04:00,5.804999828338623,5.804999828338623,5.800000190734863,5.800000190734863,5319,0.0,0.0
2024-08-20 11:00:00-04:00,5.800000190734863,5.800000190734863,5.795000076293945,5.795000076293945,1271,0.0,0.0
2024-08-20 11:01:00-04:00,5.795000076293945,5.800000190734863,5.795000076293945,5.800000190734863,536,0.0,0.0
2024-08-20 11:02:00-04:00,5.800000190734863,5.800000190734863,5.800000190734863,5.800000190734863,1476,0.0,0.0
2024-08-20 11:03:00-04:00,5.795000076293945,5.797999858856201,5.795000076293945,5.797999858856201,1609,0.0,0.0
2024-08-20 11:04:00-04:00,5.795000076293945,5.795000076293945,5.795000076293945,5.795000076293945,1188,0.0,0.0
2024-08-20 11:06:00-04:00,5.7982001304626465,5.809999942779541,5.7957000732421875,5.804999828338623,13199,0.0,0.0
2024-08-20 11:07:00-04:00,5.804999828338623,5.804999828338623,5.804999828338623,5.804999828338623,5696,0.0,0.0
2024-08-20 11:08:00-04:00,5.809999942779541,5.809999942779541,5.809999942779541,5.809999942779541,805,0.0,0.0
2024-08-20 11:09:00-04:00,5.809999942779541,5.809999942779541,5.809999942779541,5.809999942779541,610,0.0,0.0
2024-08-20 11:10:00-04:00,5.809999942779541,5.809999942779541,5.804999828338623,5.804999828338623,893,0.0,0.0
2024-08-20 11:11:00-04:00,5.804999828338623,5.809899806976318,5.804999828338623,5.809899806976318,5289,0.0,0.0
2024-08-20 11:12:00-04:00,5.809100151062012,5.824999809265137,5.809100151062012,5.824999809265137,23867,0.0,0.0
2024-08-20 11:13:00-04:00,5.829800128936768,5.829800128936768,5.829800128936768,5.829800128936768,571,0.0,0.0
2024-08-20 11:14:00-04:00,5.829999923706055,5.829999923706055,5.8282999992370605,5.8282999992370605,2670,0.0,0.0
2024-08-20 11:15:00-04:00,5.824999809265137,5.824999809265137,5.824999809265137,5.824999809265137,262,0.0,0.0
2024-08-20 11:16:00-04:00,5.824999809265137,5.827499866485596,5.824999809265137,5.827499866485596,850,0.0,0.0
2024-08-20 11:18:00-04:00,5.824999809265137,5.829999923706055,5.824999809265137,5.829999923706055,1177,0.0,0.0
2024-08-20 11:20:00-04:00,5.824999809265137,5.824999809265137,5.824999809265137,5.824999809265137,496,0.0,0.0
2024-08-20 11:21:00-04:00,5.824999809265137,5.824999809265137,5.820000171661377,5.824999809265137,9597,0.0,0.0
2024-08-20 11:22:00-04:00,5.827499866485596,5.827499866485596,5.824999809265137,5.824999809265137,2473,0.0,0.0
2024-08-20 11:23:00-04:00,5.829999923706055,5.829999923706055,5.829999923706055,5.829999923706055,10731,0.0,0.0
2024-08-20 11:24:00-04:00,5.835000038146973,5.840000152587891,5.835000038146973,5.840000152587891,1436,0.0,0.0
2024-08-20 11:25:00-04:00,5.835000038146973,5.840000152587891,5.835000038146973,5.840000152587891,1304,0.0,0.0
2024-08-20 11:26:00-04:00,5.829999923706055,5.829999923706055,5.824999809265137,5.824999809265137,4592,0.0,0.0
2024-08-20 11:28:00-04:00,5.829999923706055,5.829999923706055,5.829999923706055,5.829999923706055,154,0.0,0.0
2024-08-20 11:29:00-04:00,5.829999923706055,5.829999923706055,5.824999809265137,5.824999809265137,327,0.0,0.0
2024-08-20 11:30:00-04:00,5.829999923706055,5.829999923706055,5.824999809265137,5.824999809265137,634,0.0,0.0
2024-08-20 11:31:00-04:00,5.829999923706055,5.829999923706055,5.829999923706055,5.829999923706055,934,0.0,0.0
2024-08-20 11:32:00-04:00,5.829999923706055,5.849999904632568,5.829999923706055,5.849999904632568,8034,0.0,0.0
2024-08-20 11:33:00-04:00,5.849999904632568,5.849999904632568,5.849999904632568,5.849999904632568,585,0.0,0.0
2024-08-20 11:34:00-04:00,5.84499979019165,5.84499979019165,5.84499979019165,5.84499979019165,1040,0.0,0.0
2024-08-20 11:35:00-04:00,5.849999904632568,5.849999904632568,5.842700004577637,5.842700004577637,974,0.0,0.0
2024-08-20 11:36:00-04:00,5.849899768829346,5.849999904632568,5.84499979019165,5.84499979019165,6768,0.0,0.0
2024-08-20 11:37:00-04:00,5.849899768829346,5.849899768829346,5.849899768829346,5.849899768829346,0,0.0,0.0
2024-08-20 11:38:00-04:00,5.849999904632568,5.869999885559082,5.849999904632568,5.869999885559082,6922,0.0,0.0
2024-08-20 11:39:00-04:00,5.869999885559082,5.869999885559082,5.860000133514404,5.869999885559082,11897,0.0,0.0
2024-08-20 11:40:00-04:00,5.864999771118164,5.875,5.860000133514404,5.864999771118164,16548,0.0,0.0
2024-08-20 11:41:00-04:00,5.866000175476074,5.869999885559082,5.864999771118164,5.869999885559082,1847,0.0,0.0
2024-08-20 11:42:00-04:00,5.869100093841553,5.869999885559082,5.864999771118164,5.869999885559082,3981,0.0,0.0
2024-08-20 11:43:00-04:00,5.86899995803833,5.869999885559082,5.864999771118164,5.869999885559082,3006,0.0,0.0
2024-08-20 11:44:00-04:00,5.869999885559082,5.869999885559082,5.864999771118164,5.869999885559082,10390,0.0,0.0
2024-08-20 11:45:00-04:00,5.869999885559082,5.869999885559082,5.864999771118164,5.869999885559082,800,0.0,0.0
2024-08-20 11:46:00-04:00,5.869999885559082,5.869999885559082,5.869999885559082,5.869999885559082,466,0.0,0.0
2024-08-20 11:47:00-04:00,5.869999885559082,5.875,5.869999885559082,5.875,4893,0.0,0.0
2024-08-20 11:48:00-04:00,5.875999927520752,5.880000114440918,5.875999927520752,5.880000114440918,1047,0.0,0.0
2024-08-20 11:49:00-04:00,5.880000114440918,5.880000114440918,5.880000114440918,5.880000114440918,212,0.0,0.0
2024-08-20 11:50:00-04:00,5.875,5.880000114440918,5.875,5.877799987792969,4215,0.0,0.0
2024-08-20 11:51:00-04:00,5.880000114440918,5.880000114440918,5.880000114440918,5.880000114440918,3786,0.0,0.0
2024-08-20 11:52:00-04:00,5.880899906158447,5.88539981842041,5.880899906158447,5.88539981842041,1437,0.0,0.0
2024-08-20 11:53:00-04:00,5.889999866485596,5.900000095367432,5.889999866485596,5.894999980926514,2023,0.0,0.0
2024-08-20 11:54:00-04:00,5.900000095367432,5.900000095367432,5.900000095367432,5.900000095367432,474,0.0,0.0
2024-08-20 11:55:00-04:00,5.900000095367432,5.900000095367432,5.900000095367432,5.900000095367432,657,0.0,0.0
2024-08-20 11:56:00-04:00,5.894999980926514,5.900000095367432,5.894999980926514,5.900000095367432,3076,0.0,0.0
2024-08-20 11:58:00-04:00,5.900000095367432,5.909999847412109,5.900000095367432,5.909999847412109,6263,0.0,0.0
2024-08-20 11:59:00-04:00,5.909999847412109,5.909999847412109,5.909999847412109,5.909999847412109,1877,0.0,0.0
2024-08-20 12:00:00-04:00,5.920000076293945,5.920000076293945,5.90500020980835,5.90500020980835,7134,0.0,0.0
2024-08-20 12:01:00-04:00,5.909999847412109,5.919000148773193,5.909999847412109,5.919000148773193,2645,0.0,0.0
2024-08-20 12:02:00-04:00,5.915999889373779,5.920000076293945,5.915999889373779,5.920000076293945,1484,0.0,0.0
2024-08-20 12:03:00-04:00,5.920000076293945,5.929999828338623,5.920000076293945,5.929999828338623,7104,0.0,0.0
2024-08-20 12:04:00-04:00,5.929999828338623,5.929999828338623,5.929999828338623,5.929999828338623,1674,0.0,0.0
2024-08-20 12:05:00-04:00,5.929999828338623,5.929999828338623,5.929999828338623,5.929999828338623,114,0.0,0.0
2024-08-20 12:06:00-04:00,5.929100036621094,5.929999828338623,5.920100212097168,5.920100212097168,16372,0.0,0.0
2024-08-20 12:07:00-04:00,5.92080020904541,5.925000190734863,5.92080020904541,5.925000190734863,603,0.0,0.0
2024-08-20 12:08:00-04:00,5.929999828338623,5.929999828338623,5.929999828338623,5.929999828338623,469,0.0,0.0
2024-08-20 12:09:00-04:00,5.929999828338623,5.929999828338623,5.929999828338623,5.929999828338623,1823,0.0,0.0
2024-08-20 12:10:00-04:00,5.929999828338623,5.929999828338623,5.929999828338623,5.929999828338623,1434,0.0,0.0
2024-08-20 12:11:00-04:00,5.929999828338623,5.929999828338623,5.920000076293945,5.920000076293945,1199,0.0,0.0
2024-08-20 12:12:00-04:00,5.925000190734863,5.925000190734863,5.920000076293945,5.920000076293945,5212,0.0,0.0
2024-08-20 12:13:00-04:00,5.920000076293945,5.925000190734863,5.920000076293945,5.925000190734863,6781,0.0,0.0
2024-08-20 12:14:00-04:00,5.929999828338623,5.929999828338623,5.925000190734863,5.929999828338623,5010,0.0,0.0
2024-08-20 12:15:00-04:00,5.925000190734863,5.925000190734863,5.925000190734863,5.925000190734863,402,0.0,0.0
2024-08-20 12:16:00-04:00,5.929999828338623,5.929999828338623,5.920000076293945,5.920000076293945,3433,0.0,0.0
2024-08-20 12:17:00-04:00,5.920000076293945,5.920000076293945,5.920000076293945,5.920000076293945,642,0.0,0.0
2024-08-20 12:18:00-04:00,5.920000076293945,5.920000076293945,5.914999961853027,5.920000076293945,3244,0.0,0.0
2024-08-20 12:19:00-04:00,5.929999828338623,5.929999828338623,5.929999828338623,5.929999828338623,941,0.0,0.0
2024-08-20 12:20:00-04:00,5.921800136566162,5.921800136566162,5.920000076293945,5.920000076293945,3479,0.0,0.0
2024-08-20 12:21:00-04:00,5.929999828338623,5.929999828338623,5.925000190734863,5.929999828338623,1207,0.0,0.0
2024-08-20 12:22:00-04:00,5.920899868011475,5.929999828338623,5.920000076293945,5.925000190734863,7586,0.0,0.0
2024-08-20 12:23:00-04:00,5.929999828338623,5.929999828338623,5.929999828338623,5.929999828338623,638,0.0,0.0
2024-08-20 12:24:00-04:00,5.929999828338623,5.929999828338623,5.925000190734863,5.925000190734863,6096,0.0,0.0
2024-08-20 12:25:00-04:00,5.925000190734863,5.925000190734863,5.922699928283691,5.9232001304626465,4163,0.0,0.0
2024-08-20 12:26:00-04:00,5.925000190734863,5.929999828338623,5.925000190734863,5.925000190734863,2712,0.0,0.0
2024-08-20 12:27:00-04:00,5.920100212097168,5.925300121307373,5.920000076293945,5.925000190734863,9388,0.0,0.0
2024-08-20 12:28:00-04:00,5.925000190734863,5.929999828338623,5.920000076293945,5.929999828338623,8344,0.0,0.0
2024-08-20 12:29:00-04:00,5.929999828338623,5.929999828338623,5.925000190734863,5.925000190734863,1473,0.0,0.0
2024-08-20 12:30:00-04:00,5.925000190734863,5.929999828338623,5.920000076293945,5.925000190734863,3992,0.0,0.0
2024-08-20 12:31:00-04:00,5.925000190734863,5.925000190734863,5.925000190734863,5.925000190734863,326,0.0,0.0
2024-08-20 12:32:00-04:00,5.925000190734863,5.929999828338623,5.920000076293945,5.929999828338623,2742,0.0,0.0
2024-08-20 12:33:00-04:00,5.925000190734863,5.925000190734863,5.925000190734863,5.925000190734863,896,0.0,0.0
2024-08-20 12:34:00-04:00,5.923699855804443,5.929999828338623,5.920100212097168,5.920100212097168,3655,0.0,0.0
2024-08-20 12:35:00-04:00,5.929999828338623,5.929999828338623,5.925000190734863,5.925000190734863,3096,0.0,0.0
2024-08-20 12:36:00-04:00,5.920000076293945,5.920000076293945,5.914999961853027,5.914999961853027,5602,0.0,0.0
2024-08-20 12:37:00-04:00,5.920000076293945,5.929999828338623,5.920000076293945,5.929999828338623,9841,0.0,0.0
2024-08-20 12:38:00-04:00,5.929999828338623,5.929999828338623,5.925000190734863,5.929999828338623,1303,0.0,0.0
2024-08-20 12:39:00-04:00,5.929999828338623,5.929999828338623,5.929999828338623,5.929999828338623,801,0.0,0.0
2024-08-20 12:40:00-04:00,5.929999828338623,5.929999828338623,5.894999980926514,5.909999847412109,32521,0.0,0.0
2024-08-20 12:41:00-04:00,5.90500020980835,5.90500020980835,5.900000095367432,5.9019999504089355,6627,0.0,0.0
2024-08-20 12:42:00-04:00,5.900000095367432,5.90500020980835,5.900000095367432,5.90500020980835,14786,0.0,0.0
2024-08-20 12:43:00-04:00,5.900000095367432,5.900000095367432,5.894999980926514,5.900000095367432,1224,0.0,0.0
2024-08-20 12:44:00-04:00,5.894999980926514,5.900000095367432,5.894999980926514,5.900000095367432,518,0.0,0.0
2024-08-20 12:45:00-04:00,5.900000095367432,5.900000095367432,5.8983001708984375,5.8983001708984375,2992,0.0,0.0
2024-08-20 12:46:00-04:00,5.900000095367432,5.900000095367432,5.900000095367432,5.900000095367432,1163,0.0,0.0
2024-08-20 12:47:00-04:00,5.897799968719482,5.900000095367432,5.897799968719482,5.900000095367432,1530,0.0,0.0
2024-08-20 12:50:00-04:00,5.894999980926514,5.894999980926514,5.889999866485596,5.889999866485596,10847,0.0,0.0
2024-08-20 12:51:00-04:00,5.889999866485596,5.889999866485596,5.885000228881836,5.885000228881836,4060,0.0,0.0
2024-08-20 12:52:00-04:00,5.885000228881836,5.889999866485596,5.885000228881836,5.889999866485596,1488,0.0,0.0
2024-08-20 12:54:00-04:00,5.889999866485596,5.889999866485596,5.880000114440918,5.880000114440918,5432,0.0,0.0
2024-08-20 12:55:00-04:00,5.889999866485596,5.889999866485596,5.889999866485596,5.889999866485596,893,0.0,0.0
2024-08-20 12:56:00-04:00,5.889999866485596,5.889999866485596,5.880000114440918,5.880000114440918,3611,0.0,0.0
2024-08-20 12:57:00-04:00,5.885000228881836,5.885000228881836,5.885000228881836,5.885000228881836,1290,0.0,0.0
2024-08-20 12:58:00-04:00,5.889999866485596,5.889999866485596,5.885000228881836,5.885000228881836,1592,0.0,0.0
2024-08-20 12:59:00-04:00,5.885000228881836,5.885000228881836,5.885000228881836,5.885000228881836,979,0.0,0.0
2024-08-20 13:00:00-04:00,5.885000228881836,5.885000228881836,5.875,5.875,4965,0.0,0.0
2024-08-20 13:01:00-04:00,5.880000114440918,5.880000114440918,5.880000114440918,5.880000114440918,467,0.0,0.0
2024-08-20 13:02:00-04:00,5.869999885559082,5.877500057220459,5.869999885559082,5.877500057220459,1217,0.0,0.0
2024-08-20 13:03:00-04:00,5.875,5.875,5.870100021362305,5.870100021362305,5901,0.0,0.0
2024-08-20 13:04:00-04:00,5.869999885559082,5.875,5.860000133514404,5.864999771118164,14896,0.0,0.0
2024-08-20 13:05:00-04:00,5.864999771118164,5.865900039672852,5.864999771118164,5.864999771118164,1811,0.0,0.0
2024-08-20 13:06:00-04:00,5.86460018157959,5.864999771118164,5.86460018157959,5.864999771118164,2361,0.0,0.0
2024-08-20 13:07:00-04:00,5.869999885559082,5.875,5.869999885559082,5.875,14077,0.0,0.0
2024-08-20 13:08:00-04:00,5.880000114440918,5.880000114440918,5.880000114440918,5.880000114440918,511,0.0,0.0
2024-08-20 13:09:00-04:00,5.880000114440918,5.880000114440918,5.875,5.880000114440918,3907,0.0,0.0
2024-08-20 13:10:00-04:00,5.875,5.880000114440918,5.875,5.875,4120,0.0,0.0
2024-08-20 13:11:00-04:00,5.875,5.875,5.855000019073486,5.855000019073486,11020,0.0,0.0
2024-08-20 13:12:00-04:00,5.854000091552734,5.855000019073486,5.854000091552734,5.855000019073486,1287,0.0,0.0
2024-08-20 13:13:00-04:00,5.860000133514404,5.860000133514404,5.860000133514404,5.860000133514404,502,0.0,0.0
2024-08-20 13:15:00-04:00,5.849999904632568,5.849999904632568,5.849999904632568,5.849999904632568,2888,0.0,0.0
2024-08-20 13:16:00-04:00,5.84499979019165,5.849999904632568,5.84499979019165,5.849999904632568,10397,0.0,0.0
2024-08-20 13:17:00-04:00,5.84499979019165,5.84499979019165,5.84499979019165,5.84499979019165,246,0.0,0.0
2024-08-20 13:18:00-04:00,5.84499979019165,5.84499979019165,5.840000152587891,5.84499979019165,4756,0.0,0.0
2024-08-20 13:19:00-04:00,5.844399929046631,5.8480000495910645,5.824999809265137,5.824999809265137,9420,0.0,0.0
2024-08-20 13:20:00-04:00,5.824999809265137,5.824999809265137,5.815000057220459,5.820000171661377,13288,0.0,0.0
2024-08-20 13:21:00-04:00,5.815000057220459,5.815000057220459,5.809999942779541,5.809999942779541,3330,0.0,0.0
2024-08-20 13:23:00-04:00,5.804999828338623,5.804999828338623,5.804999828338623,5.804999828338623,2059,0.0,0.0
2024-08-20 13:25:00-04:00,5.809999942779541,5.809999942779541,5.809999942779541,5.809999942779541,489,0.0,0.0
2024-08-20 13:26:00-04:00,5.809999942779541,5.820000171661377,5.809999942779541,5.820000171661377,9527,0.0,0.0
2024-08-20 13:27:00-04:00,5.820000171661377,5.820000171661377,5.820000171661377,5.820000171661377,468,0.0,0.0
2024-08-20 13:28:00-04:00,5.820000171661377,5.820000171661377,5.818900108337402,5.820000171661377,4358,0.0,0.0
2024-08-20 13:29:00-04:00,5.820000171661377,5.820000171661377,5.820000171661377,5.820000171661377,328,0.0,0.0
2024-08-20 13:30:00-04:00,5.820000171661377,5.820000171661377,5.815000057220459,5.815000057220459,1973,0.0,0.0
2024-08-20 13:31:00-04:00,5.820000171661377,5.820000171661377,5.820000171661377,5.820000171661377,1032,0.0,0.0
2024-08-20 13:32:00-04:00,5.815000057220459,5.815000057220459,5.800000190734863,5.800000190734863,14293,0.0,0.0
2024-08-20 13:33:00-04:00,5.804999828338623,5.804999828338623,5.804999828338623,5.804999828338623,378,0.0,0.0
2024-08-20 13:34:00-04:00,5.804999828338623,5.804999828338623,5.804999828338623,5.804999828338623,5135,0.0,0.0
2024-08-20 13:35:00-04:00,5.804999828338623,5.804999828338623,5.804999828338623,5.804999828338623,1031,0.0,0.0
2024-08-20 13:36:00-04:00,5.800000190734863,5.800000190734863,5.789999961853027,5.789999961853027,16012,0.0,0.0
2024-08-20 13:37:00-04:00,5.789899826049805,5.789899826049805,5.789899826049805,5.789899826049805,842,0.0,0.0
2024-08-20 13:38:00-04:00,5.789999961853027,5.789999961853027,5.780099868774414,5.780099868774414,4398,0.0,0.0
2024-08-20 13:39:00-04:00,5.784999847412109,5.789999961853027,5.784999847412109,5.789999961853027,4415,0.0,0.0
2024-08-20 13:40:00-04:00,5.784999847412109,5.789999961853027,5.784999847412109,5.784999847412109,695,0.0,0.0
2024-08-20 13:41:00-04:00,5.784999847412109,5.789999961853027,5.784599781036377,5.789899826049805,3060,0.0,0.0
2024-08-20 13:42:00-04:00,5.789899826049805,5.789999961853027,5.781599998474121,5.789999961853027,6204,0.0,0.0
2024-08-20 13:43:00-04:00,5.787899971008301,5.789999961853027,5.784999847412109,5.784999847412109,2428,0.0,0.0
2024-08-20 13:44:00-04:00,5.789999961853027,5.789999961853027,5.784999847412109,5.784999847412109,792,0.0,0.0
2024-08-20 13:45:00-04:00,5.789999961853027,5.789999961853027,5.784999847412109,5.789999961853027,8148,0.0,0.0
2024-08-20 13:46:00-04:00,5.800000190734863,5.800000190734863,5.795000076293945,5.795000076293945,9437,0.0,0.0
2024-08-20 13:47:00-04:00,5.795000076293945,5.795000076293945,5.795000076293945,5.795000076293945,851,0.0,0.0
2024-08-20 13:48:00-04:00,5.800000190734863,5.824999809265137,5.800000190734863,5.824999809265137,12274,0.0,0.0
2024-08-20 13:49:00-04:00,5.820000171661377,5.829999923706055,5.820000171661377,5.824999809265137,3196,0.0,0.0
2024-08-20 13:50:00-04:00,5.829999923706055,5.829999923706055,5.820099830627441,5.820099830627441,4005,0.0,0.0
2024-08-20 13:51:00-04:00,5.829999923706055,5.829999923706055,5.829999923706055,5.829999923706055,1967,0.0,0.0
2024-08-20 13:52:00-04:00,5.829999923706055,5.829999923706055,5.829999923706055,5.829999923706055,3084,0.0,0.0
2024-08-20 13:53:00-04:00,5.824999809265137,5.829999923706055,5.824999809265137,5.824999809265137,2567,0.0,0.0
2024-08-20 13:55:00-04:00,5.8282999992370605,5.829999923706055,5.8282999992370605,5.829999923706055,6282,0.0,0.0
2024-08-20 13:56:00-04:00,5.840000152587891,5.846700191497803,5.840000152587891,5.846700191497803,5277,0.0,0.0
2024-08-20 13:57:00-04:00,5.849999904632568,5.849999904632568,5.849999904632568,5.849999904632568,305,0.0,0.0
2024-08-20 13:58:00-04:00,5.84499979019165,5.84499979019165,5.84499979019165,5.84499979019165,536,0.0,0.0
2024-08-20 13:59:00-04:00,5.84499979019165,5.849999904632568,5.84499979019165,5.849999904632568,2090,0.0,0.0
2024-08-20 14:00:00-04:00,5.84499979019165,5.84499979019165,5.84499979019165,5.84499979019165,1492,0.0,0.0
2024-08-20 14:03:00-04:00,5.849999904632568,5.849999904632568,5.849999904632568,5.849999904632568,555,0.0,0.0
2024-08-20 14:04:00-04:00,5.84499979019165,5.84499979019165,5.84499979019165,5.84499979019165,1407,0.0,0.0
2024-08-20 14:05:00-04:00,5.849999904632568,5.860000133514404,5.849999904632568,5.860000133514404,7802,0.0,0.0
2024-08-20 14:06:00-04:00,5.868000030517578,5.869999885559082,5.864999771118164,5.864999771118164,9242,0.0,0.0
2024-08-20 14:07:00-04:00,5.869999885559082,5.878699779510498,5.869999885559082,5.878699779510498,6956,0.0,0.0
2024-08-20 14:08:00-04:00,5.880000114440918,5.900000095367432,5.880000114440918,5.900000095367432,4344,0.0,0.0
2024-08-20 14:09:00-04:00,5.900000095367432,5.900000095367432,5.899899959564209,5.899899959564209,377,0.0,0.0
2024-08-20 14:10:00-04:00,5.894999980926514,5.900000095367432,5.891300201416016,5.900000095367432,1091,0.0,0.0
2024-08-20 14:11:00-04:00,5.890100002288818,5.900000095367432,5.890100002288818,5.894999980926514,2203,0.0,0.0
2024-08-20 14:13:00-04:00,5.894999980926514,5.909999847412109,5.894999980926514,5.90500020980835,5011,0.0,0.0
2024-08-20 14:14:00-04:00,5.909999847412109,5.909999847412109,5.902200222015381,5.90500020980835,3564,0.0,0.0
2024-08-20 14:15:00-04:00,5.909999847412109,5.914999961853027,5.909999847412109,5.914999961853027,7175,0.0,0.0
2024-08-20 14:16:00-04:00,5.920000076293945,5.929999828338623,5.920000076293945,5.925000190734863,2417,0.0,0.0
2024-08-20 14:17:00-04:00,5.925000190734863,5.929999828338623,5.925000190734863,5.925000190734863,2117,0.0,0.0
2024-08-20 14:18:00-04:00,5.929999828338623,5.929999828338623,5.920100212097168,5.929999828338623,1837,0.0,0.0
2024-08-20 14:20:00-04:00,5.926000118255615,5.929999828338623,5.926000118255615,5.929999828338623,1358,0.0,0.0
2024-08-20 14:21:00-04:00,5.925000190734863,5.929999828338623,5.920000076293945,5.920000076293945,1209,0.0,0.0
2024-08-20 14:22:00-04:00,5.925000190734863,5.925000190734863,5.925000190734863,5.925000190734863,852,0.0,0.0
2024-08-20 14:23:00-04:00,5.929999828338623,5.934999942779541,5.929999828338623,5.934999942779541,2906,0.0,0.0
2024-08-20 14:24:00-04:00,5.940000057220459,5.949999809265137,5.940000057220459,5.949999809265137,7949,0.0,0.0
2024-08-20 14:25:00-04:00,5.949999809265137,5.949999809265137,5.940100193023682,5.946000099182129,892,0.0,0.0
2024-08-20 14:26:00-04:00,5.945000171661377,5.945000171661377,5.945000171661377,5.945000171661377,469,0.0,0.0
2024-08-20 14:27:00-04:00,5.945000171661377,5.945000171661377,5.909999847412109,5.909999847412109,17706,0.0,0.0
2024-08-20 14:28:00-04:00,5.914999961853027,5.919000148773193,5.90500020980835,5.90500020980835,8552,0.0,0.0
2024-08-20 14:29:00-04:00,5.90500020980835,5.90500020980835,5.875,5.878300189971924,10565,0.0,0.0
2024-08-20 14:30:00-04:00,5.880000114440918,5.894999980926514,5.869999885559082,5.894999980926514,42059,0.0,0.0
2024-08-20 14:31:00-04:00,5.899700164794922,5.900000095367432,5.880000114440918,5.889999866485596,18269,0.0,0.0
2024-08-20 14:32:00-04:00,5.894999980926514,5.90500020980835,5.894999980926514,5.894999980926514,8682,0.0,0.0
2024-08-20 14:33:00-04:00,5.894999980926514,5.900000095367432,5.889999866485596,5.889999866485596,3818,0.0,0.0
2024-08-20 14:34:00-04:00,5.880000114440918,5.880000114440918,5.869999885559082,5.869999885559082,14487,0.0,0.0
2024-08-20 14:35:00-04:00,5.875,5.875,5.870100021362305,5.870100021362305,5897,0.0,0.0
2024-08-20 14:36:00-04:00,5.869999885559082,5.875,5.869999885559082,5.869999885559082,4816,0.0,0.0
2024-08-20 14:37:00-04:00,5.880000114440918,5.880000114440918,5.880000114440918,5.880000114440918,2258,0.0,0.0
2024-08-20 14:38:00-04:00,5.880000114440918,5.885000228881836,5.880000114440918,5.885000228881836,761,0.0,0.0
2024-08-20 14:39:00-04:00,5.889999866485596,5.889999866485596,5.889999866485596,5.889999866485596,427,0.0,0.0
2024-08-20 14:40:00-04:00,5.880000114440918,5.894999980926514,5.880000114440918,5.894999980926514,2478,0.0,0.0
2024-08-20 14:41:00-04:00,5.894999980926514,5.894999980926514,5.894999980926514,5.894999980926514,1490,0.0,0.0
2024-08-20 14:43:00-04:00,5.89870023727417,5.89870023727417,5.89870023727417,5.89870023727417,928,0.0,0.0
2024-08-20 14:44:00-04:00,5.894999980926514,5.894999980926514,5.889999866485596,5.889999866485596,923,0.0,0.0
2024-08-20 14:45:00-04:00,5.894999980926514,5.900000095367432,5.894999980926514,5.894999980926514,2051,0.0,0.0
2024-08-20 14:46:00-04:00,5.900000095367432,5.900000095367432,5.900000095367432,5.900000095367432,1804,0.0,0.0
2024-08-20 14:47:00-04:00,5.900199890136719,5.90500020980835,5.900000095367432,5.90500020980835,3077,0.0,0.0
2024-08-20 14:48:00-04:00,5.90500020980835,5.9079999923706055,5.90500020980835,5.9079999923706055,2347,0.0,0.0
2024-08-20 14:49:00-04:00,5.90500020980835,5.906000137329102,5.90500020980835,5.906000137329102,1249,0.0,0.0
2024-08-20 14:50:00-04:00,5.90500020980835,5.909999847412109,5.90500020980835,5.909999847412109,899,0.0,0.0
2024-08-20 14:51:00-04:00,5.9079999923706055,5.9079999923706055,5.90500020980835,5.90500020980835,1424,0.0,0.0
2024-08-20 14:52:00-04:00,5.90500020980835,5.929900169372559,5.90500020980835,5.929900169372559,9987,0.0,0.0
2024-08-20 14:53:00-04:00,5.925000190734863,5.925000190734863,5.925000190734863,5.925000190734863,601,0.0,0.0
2024-08-20 14:54:00-04:00,5.929999828338623,5.929999828338623,5.925000190734863,5.925000190734863,1473,0.0,0.0
2024-08-20 14:55:00-04:00,5.929999828338623,5.929999828338623,5.929999828338623,5.929999828338623,1647,0.0,0.0
2024-08-20 14:56:00-04:00,5.925000190734863,5.925000190734863,5.920000076293945,5.920000076293945,1797,0.0,0.0
2024-08-20 14:58:00-04:00,5.925000190734863,5.929999828338623,5.925000190734863,5.929999828338623,2143,0.0,0.0
2024-08-20 14:59:00-04:00,5.934999942779541,5.940000057220459,5.934999942779541,5.940000057220459,1441,0.0,0.0
2024-08-20 15:00:00-04:00,5.940000057220459,5.940000057220459,5.934999942779541,5.934999942779541,1729,0.0,0.0
2024-08-20 15:02:00-04:00,5.934999942779541,5.934999942779541,5.929999828338623,5.934999942779541,2768,0.0,0.0
2024-08-20 15:03:00-04:00,5.940000057220459,5.940000057220459,5.934999942779541,5.939700126647949,4098,0.0,0.0
2024-08-20 15:04:00-04:00,5.940000057220459,5.949999809265137,5.940000057220459,5.948699951171875,10369,0.0,0.0
2024-08-20 15:05:00-04:00,5.945000171661377,5.949999809265137,5.945000171661377,5.945000171661377,3208,0.0,0.0
2024-08-20 15:06:00-04:00,5.949999809265137,5.954999923706055,5.945000171661377,5.945000171661377,6933,0.0,0.0
2024-08-20 15:07:00-04:00,5.945000171661377,5.949999809265137,5.945000171661377,5.945000171661377,5874,0.0,0.0
2024-08-20 15:08:00-04:00,5.949999809265137,5.960000038146973,5.949999809265137,5.954999923706055,1642,0.0,0.0
2024-08-20 15:09:00-04:00,5.954999923706055,5.954999923706055,5.954999923706055,5.954999923706055,752,0.0,0.0
2024-08-20 15:10:00-04:00,5.949999809265137,5.954999923706055,5.949999809265137,5.954999923706055,4181,0.0,0.0
2024-08-20 15:11:00-04:00,5.960000038146973,5.96999979019165,5.954999923706055,5.96999979019165,6327,0.0,0.0
2024-08-20 15:12:00-04:00,5.965000152587891,5.965000152587891,5.965000152587891,5.965000152587891,1284,0.0,0.0
2024-08-20 15:13:00-04:00,5.965000152587891,5.96999979019165,5.965000152587891,5.96999979019165,10986,0.0,0.0
2024-08-20 15:14:00-04:00,5.965000152587891,6.019999980926514,5.965000152587891,6.010000228881836,201622,0.0,0.0
2024-08-20 15:15:00-04:00,6.014999866485596,6.014999866485596,6.0,6.0,16375,0.0,0.0
2024-08-20 15:16:00-04:00,6.010000228881836,6.010000228881836,6.0,6.0,27414,0.0,0.0
2024-08-20 15:17:00-04:00,6.0,6.0,6.0,6.0,1287,0.0,0.0
2024-08-20 15:18:00-04:00,6.010000228881836,6.014999866485596,6.010000228881836,6.014999866485596,7302,0.0,0.0
2024-08-20 15:19:00-04:00,6.019999980926514,6.03000020980835,6.019999980926514,6.025000095367432,6868,0.0,0.0
2024-08-20 15:20:00-04:00,6.03000020980835,6.034999847412109,6.03000020980835,6.034999847412109,17809,0.0,0.0
2024-08-20 15:21:00-04:00,6.034999847412109,6.045300006866455,6.034999847412109,6.039999961853027,10614,0.0,0.0
2024-08-20 15:22:00-04:00,6.03000020980835,6.045000076293945,6.03000020980835,6.045000076293945,9812,0.0,0.0
2024-08-20 15:23:00-04:00,6.045000076293945,6.045000076293945,6.045000076293945,6.045000076293945,7255,0.0,0.0
2024-08-20 15:24:00-04:00,6.042300224304199,6.045000076293945,6.040299892425537,6.040299892425537,4434,0.0,0.0
2024-08-20 15:25:00-04:00,6.045000076293945,6.045000076293945,6.034999847412109,6.041399955749512,18761,0.0,0.0
2024-08-20 15:26:00-04:00,6.039999961853027,6.039999961853027,6.032899856567383,6.032899856567383,6539,0.0,0.0
2024-08-20 15:27:00-04:00,6.039899826049805,6.050000190734863,6.039899826049805,6.050000190734863,32821,0.0,0.0
2024-08-20 15:28:00-04:00,6.050099849700928,6.059899806976318,6.03000020980835,6.03000020980835,13346,0.0,0.0
2024-08-20 15:29:00-04:00,6.034999847412109,6.045000076293945,6.034999847412109,6.039999961853027,7029,0.0,0.0
2024-08-20 15:30:00-04:00,6.046000003814697,6.050000190734863,6.039999961853027,6.039999961853027,6875,0.0,0.0
2024-08-20 15:31:00-04:00,6.050000190734863,6.050000190734863,6.042799949645996,6.045000076293945,5463,0.0,0.0
2024-08-20 15:32:00-04:00,6.045000076293945,6.049900054931641,6.039999961853027,6.039999961853027,4494,0.0,0.0
2024-08-20 15:33:00-04:00,6.045000076293945,6.045000076293945,6.034999847412109,6.034999847412109,11023,0.0,0.0
2024-08-20 15:34:00-04:00,6.03849983215332,6.050000190734863,6.03849983215332,6.045000076293945,9754,0.0,0.0
2024-08-20 15:35:00-04:00,6.050000190734863,6.059999942779541,6.048999786376953,6.054999828338623,21083,0.0,0.0
2024-08-20 15:36:00-04:00,6.054999828338623,6.054999828338623,6.050000190734863,6.050000190734863,2992,0.0,0.0
2024-08-20 15:37:00-04:00,6.054999828338623,6.05810022354126,6.050000190734863,6.050000190734863,3532,0.0,0.0
2024-08-20 15:38:00-04:00,6.054999828338623,6.054999828338623,6.050000190734863,6.054999828338623,3103,0.0,0.0
2024-08-20 15:39:00-04:00,6.054999828338623,6.054999828338623,6.054999828338623,6.054999828338623,2125,0.0,0.0
2024-08-20 15:40:00-04:00,6.054999828338623,6.065000057220459,6.054999828338623,6.065000057220459,6968,0.0,0.0
2024-08-20 15:41:00-04:00,6.070000171661377,6.070000171661377,6.064000129699707,6.070000171661377,3273,0.0,0.0
2024-08-20 15:42:00-04:00,6.065000057220459,6.070000171661377,6.065000057220459,6.065000057220459,2619,0.0,0.0
2024-08-20 15:43:00-04:00,6.060100078582764,6.070000171661377,6.060100078582764,6.060100078582764,3748,0.0,0.0
2024-08-20 15:44:00-04:00,6.070000171661377,6.070000171661377,6.065000057220459,6.070000171661377,3994,0.0,0.0
2024-08-20 15:45:00-04:00,6.070000171661377,6.079999923706055,6.070000171661377,6.074999809265137,5188,0.0,0.0
2024-08-20 15:46:00-04:00,6.074999809265137,6.079999923706055,6.074999809265137,6.074999809265137,3122,0.0,0.0
2024-08-20 15:47:00-04:00,6.079999923706055,6.090000152587891,6.074999809265137,6.085000038146973,6931,0.0,0.0
2024-08-20 15:48:00-04:00,6.090000152587891,6.099999904632568,6.090000152587891,6.09499979019165,13428,0.0,0.0
2024-08-20 15:49:00-04:00,6.09499979019165,6.099999904632568,6.092199802398682,6.09499979019165,7614,0.0,0.0
2024-08-20 15:50:00-04:00,6.09499979019165,6.110000133514404,6.09499979019165,6.105000019073486,62203,0.0,0.0
2024-08-20 15:51:00-04:00,6.105000019073486,6.108500003814697,6.099999904632568,6.105000019073486,7121,0.0,0.0
2024-08-20 15:52:00-04:00,6.105000019073486,6.110000133514404,6.102499961853027,6.110000133514404,14283,0.0,0.0
2024-08-20 15:53:00-04:00,6.110000133514404,6.119999885559082,6.108099937438965,6.119999885559082,10883,0.0,0.0
2024-08-20 15:54:00-04:00,6.116000175476074,6.119999885559082,6.114999771118164,6.114999771118164,9393,0.0,0.0
2024-08-20 15:55:00-04:00,6.114999771118164,6.119999885559082,6.110000133514404,6.114999771118164,25892,0.0,0.0
2024-08-20 15:56:00-04:00,6.114999771118164,6.119999885559082,6.112500190734863,6.119999885559082,7691,0.0,0.0
2024-08-20 15:57:00-04:00,6.114999771118164,6.119999885559082,6.1128997802734375,6.114999771118164,10693,0.0,0.0
2024-08-20 15:58:00-04:00,6.114999771118164,6.119999885559082,6.110000133514404,6.114999771118164,30280,0.0,0.0
2024-08-20 15:59:00-04:00,6.119999885559082,6.130000114440918,6.119999885559082,6.130000114440918,80480,0.0,0.0
2024-08-21 09:30:00-04:00,6.099999904632568,6.199999809265137,6.090000152587891,6.199999809265137,73307,0.0,0.0
2024-08-21 09:31:00-04:00,6.190000057220459,6.190000057220459,6.150000095367432,6.159999847412109,5999,0.0,0.0
2024-08-21 09:32:00-04:00,6.159999847412109,6.179999828338623,6.150000095367432,6.159999847412109,10617,0.0,0.0
2024-08-21 09:33:00-04:00,6.158199787139893,6.180500030517578,6.150000095367432,6.180500030517578,21386,0.0,0.0
2024-08-21 09:34:00-04:00,6.175000190734863,6.190000057220459,6.159999847412109,6.190000057220459,3785,0.0,0.0
2024-08-21 09:35:00-04:00,6.185999870300293,6.195000171661377,6.179999828338623,6.195000171661377,11256,0.0,0.0
2024-08-21 09:36:00-04:00,6.195000171661377,6.239999771118164,6.195000171661377,6.230000019073486,12450,0.0,0.0
2024-08-21 09:37:00-04:00,6.2307000160217285,6.2307000160217285,6.224999904632568,6.230000019073486,3828,0.0,0.0
2024-08-21 09:38:00-04:00,6.230000019073486,6.240099906921387,6.230000019073486,6.230000019073486,10203,0.0,0.0
2024-08-21 09:39:00-04:00,6.230899810791016,6.249899864196777,6.210000038146973,6.249899864196777,12549,0.0,0.0
2024-08-21 09:40:00-04:00,6.241000175476074,6.255000114440918,6.224999904632568,6.230000019073486,28040,0.0,0.0
2024-08-21 09:41:00-04:00,6.2210001945495605,6.269999980926514,6.2210001945495605,6.260000228881836,34439,0.0,0.0
2024-08-21 09:42:00-04:00,6.255000114440918,6.264999866485596,6.239999771118164,6.264999866485596,53496,0.0,0.0
2024-08-21 09:43:00-04:00,6.260000228881836,6.269999980926514,6.255000114440918,6.269999980926514,9982,0.0,0.0
2024-08-21 09:44:00-04:00,6.260000228881836,6.264999866485596,6.239999771118164,6.253300189971924,30479,0.0,0.0
2024-08-21 09:45:00-04:00,6.260000228881836,6.260000228881836,6.250100135803223,6.260000228881836,7858,0.0,0.0
2024-08-21 09:46:00-04:00,6.264999866485596,6.264999866485596,6.210000038146973,6.210000038146973,40823,0.0,0.0
2024-08-21 09:47:00-04:00,6.199999809265137,6.20989990234375,6.190000057220459,6.195000171661377,46939,0.0,0.0
2024-08-21 09:48:00-04:00,6.190000057220459,6.204999923706055,6.179999828338623,6.199999809265137,11551,0.0,0.0
2024-08-21 09:49:00-04:00,6.204999923706055,6.224999904632568,6.204999923706055,6.21999979019165,5391,0.0,0.0
2024-08-21 09:50:00-04:00,6.21999979019165,6.260000228881836,6.21999979019165,6.239999771118164,9357,0.0,0.0
2024-08-21 09:51:00-04:00,6.244999885559082,6.260000228881836,6.235000133514404,6.255000114440918,17955,0.0,0.0
2024-08-21 09:52:00-04:00,6.25,6.25,6.179999828338623,6.179999828338623,13908,0.0,0.0
2024-08-21 09:53:00-04:00,6.189899921417236,6.189899921417236,6.139999866485596,6.139999866485596,20622,0.0,0.0
2024-08-21 09:54:00-04:00,6.144999980926514,6.179999828338623,6.139999866485596,6.170000076293945,31203,0.0,0.0
2024-08-21 09:55:00-04:00,6.170000076293945,6.190000057220459,6.159999847412109,6.190000057220459,17986,0.0,0.0
2024-08-21 09:56:00-04:00,6.190000057220459,6.190000057220459,6.164999961853027,6.170000076293945,8946,0.0,0.0
2024-08-21 09:57:00-04:00,6.170000076293945,6.190000057220459,6.170000076293945,6.179999828338623,7758,0.0,0.0
2024-08-21 09:58:00-04:00,6.190000057220459,6.190000057220459,6.179999828338623,6.190000057220459,2959,0.0,0.0
2024-08-21 09:59:00-04:00,6.184999942779541,6.199999809265137,6.184999942779541,6.199999809265137,1957,0.0,0.0
2024-08-21 10:00:00-04:00,6.204999923706055,6.235000133514404,6.204999923706055,6.235000133514404,10247,0.0,0.0
2024-08-21 10:01:00-04:00,6.230000019073486,6.230000019073486,6.179999828338623,6.190000057220459,21549,0.0,0.0
2024-08-21 10:02:00-04:00,6.190000057220459,6.195000171661377,6.164999961853027,6.170000076293945,8428,0.0,0.0
2024-08-21 10:03:00-04:00,6.178199768066406,6.178199768066406,6.150000095367432,6.169899940490723,13215,0.0,0.0
2024-08-21 10:04:00-04:00,6.164999961853027,6.167900085449219,6.15500020980835,6.159999847412109,4737,0.0,0.0
2024-08-21 10:05:00-04:00,6.164999961853027,6.170000076293945,6.099999904632568,6.099999904632568,72621,0.0,0.0
2024-08-21 10:06:00-04:00,6.099999904632568,6.110000133514404,6.099999904632568,6.099999904632568,12769,0.0,0.0
2024-08-21 10:07:00-04:00,6.099999904632568,6.10890007019043,6.070000171661377,6.105000019073486,47975,0.0,0.0
2024-08-21 10:08:00-04:00,6.109899997711182,6.129899978637695,6.09499979019165,6.125,34181,0.0,0.0
2024-08-21 10:09:00-04:00,6.125,6.129899978637695,6.09499979019165,6.105000019073486,24230,0.0,0.0
2024-08-21 10:10:00-04:00,6.099999904632568,6.105000019073486,6.090000152587891,6.099999904632568,13861,0.0,0.0
2024-08-21 10:11:00-04:00,6.105000019073486,6.110000133514404,6.090000152587891,6.09499979019165,7966,0.0,0.0
2024-08-21 10:12:00-04:00,6.09499979019165,6.1020002365112305,6.079999923706055,6.079999923706055,6291,0.0,0.0
2024-08-21 10:13:00-04:00,6.086100101470947,6.086100101470947,6.085000038146973,6.085000038146973,4356,0.0,0.0
2024-08-21 10:14:00-04:00,6.085000038146973,6.085000038146973,6.05620002746582,6.05620002746582,14160,0.0,0.0
2024-08-21 10:15:00-04:00,6.059999942779541,6.065000057220459,6.054999828338623,6.054999828338623,5974,0.0,0.0
2024-08-21 10:16:00-04:00,6.054999828338623,6.059999942779541,6.054999828338623,6.054999828338623,2862,0.0,0.0
2024-08-21 10:17:00-04:00,6.054999828338623,6.054999828338623,6.054999828338623,6.054999828338623,1869,0.0,0.0
2024-08-21 10:18:00-04:00,6.054999828338623,6.065000057220459,6.054999828338623,6.059999942779541,9880,0.0,0.0
2024-08-21 10:19:00-04:00,6.070000171661377,6.070000171661377,6.050000190734863,6.059899806976318,13233,0.0,0.0
2024-08-21 10:20:00-04:00,6.059999942779541,6.059999942779541,6.054999828338623,6.059999942779541,5763,0.0,0.0
2024-08-21 10:21:00-04:00,6.065000057220459,6.070000171661377,6.065000057220459,6.065000057220459,6137,0.0,0.0
2024-08-21 10:22:00-04:00,6.065000057220459,6.065000057220459,6.065000057220459,6.065000057220459,3216,0.0,0.0
2024-08-21 10:23:00-04:00,6.065000057220459,6.070000171661377,6.063799858093262,6.065000057220459,10025,0.0,0.0
2024-08-21 10:24:00-04:00,6.065000057220459,6.070000171661377,6.059999942779541,6.065000057220459,6582,0.0,0.0
2024-08-21 10:25:00-04:00,6.070000171661377,6.090000152587891,6.070000171661377,6.089300155639648,4488,0.0,0.0
2024-08-21 10:26:00-04:00,6.085000038146973,6.105000019073486,6.085000038146973,6.09499979019165,9051,0.0,0.0
2024-08-21 10:27:00-04:00,6.099899768829346,6.099999904632568,6.093999862670898,6.093999862670898,3343,0.0,0.0
2024-08-21 10:28:00-04:00,6.09499979019165,6.09499979019165,6.089900016784668,6.090000152587891,7652,0.0,0.0
2024-08-21 10:29:00-04:00,6.09499979019165,6.099999904632568,6.09499979019165,6.099999904632568,5826,0.0,0.0
2024-08-21 10:30:00-04:00,6.0980000495910645,6.110000133514404,6.090000152587891,6.110000133514404,18197,0.0,0.0
2024-08-21 10:31:00-04:00,6.099999904632568,6.110000133514404,6.079999923706055,6.079999923706055,15011,0.0,0.0
2024-08-21 10:32:00-04:00,6.085000038146973,6.090000152587891,6.079999923706055,6.079999923706055,7180,0.0,0.0
2024-08-21 10:33:00-04:00,6.079999923706055,6.085000038146973,6.072800159454346,6.072800159454346,5480,0.0,0.0
2024-08-21 10:34:00-04:00,6.079999923706055,6.099999904632568,6.079999923706055,6.099999904632568,4131,0.0,0.0
2024-08-21 10:35:00-04:00,6.098700046539307,6.098700046539307,6.098700046539307,6.098700046539307,1303,0.0,0.0
2024-08-21 10:36:00-04:00,6.099899768829346,6.109799861907959,6.099299907684326,6.109799861907959,5952,0.0,0.0
2024-08-21 10:37:00-04:00,6.105000019073486,6.110000133514404,6.090000152587891,6.100299835205078,26394,0.0,0.0
2024-08-21 10:38:00-04:00,6.105000019073486,6.109099864959717,6.105000019073486,6.105000019073486,1058,0.0,0.0
2024-08-21 10:39:00-04:00,6.105000019073486,6.114999771118164,6.105000019073486,6.114999771118164,6335,0.0,0.0
2024-08-21 10:40:00-04:00,6.114999771118164,6.119999885559082,6.110000133514404,6.119900226593018,5524,0.0,0.0
2024-08-21 10:41:00-04:00,6.114999771118164,6.126500129699707,6.114999771118164,6.125,20021,0.0,0.0
2024-08-21 10:42:00-04:00,6.125,6.135000228881836,6.125,6.125,5200,0.0,0.0
2024-08-21 10:43:00-04:00,6.125,6.125,6.125,6.125,209,0.0,0.0
2024-08-21 10:44:00-04:00,6.125,6.125,6.099999904632568,6.105000019073486,6257,0.0,0.0
2024-08-21 10:45:00-04:00,6.09499979019165,6.0960001945495605,6.090000152587891,6.090000152587891,5020,0.0,0.0
2024-08-21 10:46:00-04:00,6.085000038146973,6.090000152587891,6.085000038146973,6.090000152587891,5119,0.0,0.0
2024-08-21 10:48:00-04:00,6.090000152587891,6.090000152587891,6.070000171661377,6.070000171661377,3808,0.0,0.0
2024-08-21 10:49:00-04:00,6.065000057220459,6.079999923706055,6.065000057220459,6.079999923706055,3582,0.0,0.0
2024-08-21 10:50:00-04:00,6.074999809265137,6.079800128936768,6.054999828338623,6.054999828338623,10292,0.0,0.0
2024-08-21 10:51:00-04:00,6.059999942779541,6.069900035858154,6.059999942779541,6.069200038909912,4509,0.0,0.0
2024-08-21 10:52:00-04:00,6.065000057220459,6.065000057220459,6.050000190734863,6.050000190734863,1488,0.0,0.0
2024-08-21 10:53:00-04:00,6.054999828338623,6.054999828338623,6.039999961853027,6.044300079345703,1895,0.0,0.0
2024-08-21 10:54:00-04:00,6.045000076293945,6.045000076293945,6.045000076293945,6.045000076293945,2260,0.0,0.0
2024-08-21 10:55:00-04:00,6.050000190734863,6.055500030517578,6.050000190734863,6.050000190734863,4458,0.0,0.0
2024-08-21 10:56:00-04:00,6.054999828338623,6.054999828338623,6.054999828338623,6.054999828338623,577,0.0,0.0
2024-08-21 10:57:00-04:00,6.059999942779541,6.070000171661377,6.059999942779541,6.070000171661377,1892,0.0,0.0
2024-08-21 10:58:00-04:00,6.085000038146973,6.090000152587891,6.070000171661377,6.070000171661377,10903,0.0,0.0
2024-08-21 10:59:00-04:00,6.070000171661377,6.070000171661377,6.059999942779541,6.059999942779541,4675,0.0,0.0
2024-08-21 11:00:00-04:00,6.065000057220459,6.065000057220459,6.065000057220459,6.065000057220459,1098,0.0,0.0
2024-08-21 11:02:00-04:00,6.070000171661377,6.070000171661377,6.059999942779541,6.059999942779541,2094,0.0,0.0
2024-08-21 11:03:00-04:00,6.059999942779541,6.079899787902832,6.054999828338623,6.074999809265137,5583,0.0,0.0
2024-08-21 11:04:00-04:00,6.074999809265137,6.089900016784668,6.074999809265137,6.089900016784668,2239,0.0,0.0
2024-08-21 11:05:00-04:00,6.085000038146973,6.089300155639648,6.085000038146973,6.089300155639648,3649,0.0,0.0
2024-08-21 11:07:00-04:00,6.090000152587891,6.09499979019165,6.079999923706055,6.079999923706055,6660,0.0,0.0
2024-08-21 11:08:00-04:00,6.090000152587891,6.090000152587891,6.085000038146973,6.085000038146973,503,0.0,0.0
2024-08-21 11:09:00-04:00,6.090000152587891,6.090000152587891,6.090000152587891,6.090000152587891,943,0.0,0.0
2024-08-21 11:11:00-04:00,6.090000152587891,6.09499979019165,6.090000152587891,6.09499979019165,3032,0.0,0.0
2024-08-21 11:13:00-04:00,6.099999904632568,6.105000019073486,6.094399929046631,6.094399929046631,14295,0.0,0.0
2024-08-21 11:14:00-04:00,6.099999904632568,6.099999904632568,6.099999904632568,6.099999904632568,554,0.0,0.0
2024-08-21 11:15:00-04:00,6.09499979019165,6.09499979019165,6.09499979019165,6.09499979019165,2908,0.0,0.0
2024-08-21 11:16:00-04:00,6.09499979019165,6.110000133514404,6.09499979019165,6.110000133514404,2467,0.0,0.0
2024-08-21 11:18:00-04:00,6.099999904632568,6.099999904632568,6.09499979019165,6.09499979019165,3598,0.0,0.0
2024-08-21 11:19:00-04:00,6.090000152587891,6.099999904632568,6.085000038146973,6.099999904632568,8738,0.0,0.0
2024-08-21 11:21:00-04:00,6.105000019073486,6.105000019073486,6.105000019073486,6.105000019073486,1810,0.0,0.0
2024-08-21 11:22:00-04:00,6.105000019073486,6.109899997711182,6.105000019073486,6.109899997711182,2226,0.0,0.0
2024-08-21 11:23:00-04:00,6.105000019073486,6.114999771118164,6.105000019073486,6.114999771118164,1847,0.0,0.0
2024-08-21 11:24:00-04:00,6.119999885559082,6.125,6.119999885559082,6.125,1388,0.0,0.0
2024-08-21 11:25:00-04:00,6.130000114440918,6.139999866485596,6.130000114440918,6.139999866485596,2544,0.0,0.0
2024-08-21 11:26:00-04:00,6.139999866485596,6.159999847412109,6.139999866485596,6.159999847412109,4286,0.0,0.0
2024-08-21 11:27:00-04:00,6.164999961853027,6.175000190734863,6.164999961853027,6.175000190734863,6776,0.0,0.0
2024-08-21 11:28:00-04:00,6.179999828338623,6.179999828338623,6.175000190734863,6.179999828338623,6285,0.0,0.0
2024-08-21 11:29:00-04:00,6.189899921417236,6.190000057220459,6.184999942779541,6.190000057220459,2804,0.0,0.0
2024-08-21 11:30:00-04:00,6.199999809265137,6.199999809265137,6.164999961853027,6.170000076293945,7833,0.0,0.0
2024-08-21 11:31:00-04:00,6.170000076293945,6.170000076293945,6.139999866485596,6.139999866485596,18281,0.0,0.0
2024-08-21 11:32:00-04:00,6.150000095367432,6.159999847412109,6.150000095367432,6.159900188446045,3493,0.0,0.0
2024-08-21 11:33:00-04:00,6.159900188446045,6.159900188446045,6.150000095367432,6.15500020980835,917,0.0,0.0
2024-08-21 11:34:00-04:00,6.159999847412109,6.159999847412109,6.1528000831604,6.15500020980835,8055,0.0,0.0
2024-08-21 11:35:00-04:00,6.159999847412109,6.164999961853027,6.150000095367432,6.159999847412109,5380,0.0,0.0
2024-08-21 11:36:00-04:00,6.15500020980835,6.159999847412109,6.150000095367432,6.150000095367432,9917,0.0,0.0
2024-08-21 11:37:00-04:00,6.149199962615967,6.149199962615967,6.149199962615967,6.149199962615967,528,0.0,0.0
2024-08-21 11:38:00-04:00,6.150000095367432,6.170000076293945,6.150000095367432,6.170000076293945,2964,0.0,0.0
2024-08-21 11:39:00-04:00,6.164999961853027,6.164999961853027,6.15910005569458,6.15910005569458,1031,0.0,0.0
2024-08-21 11:40:00-04:00,6.15500020980835,6.15500020980835,6.150000095367432,6.150000095367432,1514,0.0,0.0
2024-08-21 11:41:00-04:00,6.139999866485596,6.149899959564209,6.139999866485596,6.140100002288818,5340,0.0,0.0
2024-08-21 11:42:00-04:00,6.139999866485596,6.139999866485596,6.135000228881836,6.139999866485596,3149,0.0,0.0
2024-08-21 11:43:00-04:00,6.148099899291992,6.148099899291992,6.139999866485596,6.139999866485596,3387,0.0,0.0
2024-08-21 11:44:00-04:00,6.139999866485596,6.139999866485596,6.139999866485596,6.139999866485596,797,0.0,0.0
2024-08-21 11:45:00-04:00,6.139999866485596,6.144999980926514,6.139999866485596,6.144999980926514,1076,0.0,0.0
2024-08-21 11:46:00-04:00,6.139999866485596,6.139999866485596,6.139999866485596,6.139999866485596,435,0.0,0.0
2024-08-21 11:47:00-04:00,6.139999866485596,6.139999866485596,6.139999866485596,6.139999866485596,3192,0.0,0.0
2024-08-21 11:48:00-04:00,6.135000228881836,6.135000228881836,6.130000114440918,6.130000114440918,2212,0.0,0.0
2024-08-21 11:49:00-04:00,6.119999885559082,6.125,6.114999771118164,6.119999885559082,8126,0.0,0.0
2024-08-21 11:50:00-04:00,6.128499984741211,6.130000114440918,6.119999885559082,6.130000114440918,7075,0.0,0.0
2024-08-21 11:51:00-04:00,6.119999885559082,6.119999885559082,6.110000133514404,6.110000133514404,5545,0.0,0.0
2024-08-21 11:52:00-04:00,6.110000133514404,6.114999771118164,6.110000133514404,6.114999771118164,3859,0.0,0.0
2024-08-21 11:53:00-04:00,6.114999771118164,6.114999771118164,6.114999771118164,6.114999771118164,985,0.0,0.0
2024-08-21 11:55:00-04:00,6.114999771118164,6.114999771118164,6.114999771118164,6.114999771118164,402,0.0,0.0
2024-08-21 11:56:00-04:00,6.110000133514404,6.114999771118164,6.110000133514404,6.110000133514404,2712,0.0,0.0
2024-08-21 11:57:00-04:00,6.105000019073486,6.105000019073486,6.105000019073486,6.105000019073486,426,0.0,0.0
2024-08-21 11:58:00-04:00,6.105000019073486,6.105000019073486,6.090000152587891,6.090000152587891,21768,0.0,0.0
2024-08-21 11:59:00-04:00,6.090000152587891,6.090000152587891,6.090000152587891,6.090000152587891,226,0.0,0.0
2024-08-21 12:00:00-04:00,6.09499979019165,6.09499979019165,6.090000152587891,6.09499979019165,2873,0.0,0.0
2024-08-21 12:01:00-04:00,6.097400188446045,6.097400188446045,6.097400188446045,6.097400188446045,551,0.0,0.0
2024-08-21 12:02:00-04:00,6.09499979019165,6.09499979019165,6.085000038146973,6.085000038146973,27253,0.0,0.0
2024-08-21 12:03:00-04:00,6.090000152587891,6.09499979019165,6.079999923706055,6.090000152587891,32925,0.0,0.0
2024-08-21 12:04:00-04:00,6.090000152587891,6.09499979019165,6.090000152587891,6.090000152587891,10358,0.0,0.0
2024-08-21 12:05:00-04:00,6.090000152587891,6.09499979019165,6.090000152587891,6.090000152587891,1774,0.0,0.0
2024-08-21 12:06:00-04:00,6.09499979019165,6.119900226593018,6.09499979019165,6.119900226593018,14184,0.0,0.0
2024-08-21 12:07:00-04:00,6.114999771118164,6.114999771118164,6.114999771118164,6.114999771118164,1082,0.0,0.0
2024-08-21 12:08:00-04:00,6.119999885559082,6.130000114440918,6.119999885559082,6.130000114440918,3156,0.0,0.0
2024-08-21 12:09:00-04:00,6.120100021362305,6.120100021362305,6.120100021362305,6.120100021362305,3953,0.0,0.0
2024-08-21 12:11:00-04:00,6.125,6.125,6.125,6.125,355,0.0,0.0
2024-08-21 12:12:00-04:00,6.125,6.125,6.120100021362305,6.120100021362305,1740,0.0,0.0
2024-08-21 12:13:00-04:00,6.125,6.125,6.125,6.125,572,0.0,0.0
2024-08-21 12:14:00-04:00,6.119999885559082,6.119999885559082,6.114999771118164,6.119999885559082,17936,0.0,0.0
2024-08-21 12:15:00-04:00,6.114999771118164,6.114999771118164,6.114999771118164,6.114999771118164,4481,0.0,0.0
2024-08-21 12:16:00-04:00,6.114999771118164,6.114999771118164,6.114999771118164,6.114999771118164,867,0.0,0.0
2024-08-21 12:17:00-04:00,6.119999885559082,6.119999885559082,6.119999885559082,6.119999885559082,1037,0.0,0.0
2024-08-21 12:19:00-04:00,6.119999885559082,6.125,6.114999771118164,6.114999771118164,6243,0.0,0.0
2024-08-21 12:21:00-04:00,6.114999771118164,6.125,6.114999771118164,6.125,20362,0.0,0.0
2024-08-21 12:23:00-04:00,6.123300075531006,6.123300075531006,6.123300075531006,6.123300075531006,954,0.0,0.0
2024-08-21 12:25:00-04:00,6.125,6.125,6.125,6.125,754,0.0,0.0
2024-08-21 12:26:00-04:00,6.130000114440918,6.138800144195557,6.130000114440918,6.138800144195557,3839,0.0,0.0
2024-08-21 12:28:00-04:00,6.134300231933594,6.135000228881836,6.134300231933594,6.135000228881836,1145,0.0,0.0
2024-08-21 12:29:00-04:00,6.139999866485596,6.139999866485596,6.135000228881836,6.135000228881836,2545,0.0,0.0
2024-08-21 12:30:00-04:00,6.137700080871582,6.137700080871582,6.137700080871582,6.137700080871582,267,0.0,0.0
2024-08-21 12:31:00-04:00,6.130000114440918,6.130000114440918,6.110000133514404,6.114999771118164,14477,0.0,0.0
2024-08-21 12:32:00-04:00,6.119999885559082,6.119999885559082,6.119999885559082,6.119999885559082,2590,0.0,0.0
2024-08-21 12:33:00-04:00,6.119999885559082,6.119999885559082,6.110000133514404,6.110000133514404,9327,0.0,0.0
2024-08-21 12:34:00-04:00,6.119999885559082,6.119999885559082,6.11929988861084,6.119999885559082,2073,0.0,0.0
2024-08-21 12:35:00-04:00,6.130000114440918,6.139999866485596,6.130000114440918,6.139999866485596,8162,0.0,0.0
2024-08-21 12:36:00-04:00,6.138000011444092,6.138000011444092,6.130000114440918,6.130000114440918,16719,0.0,0.0
2024-08-21 12:37:00-04:00,6.130000114440918,6.136000156402588,6.130000114440918,6.136000156402588,1052,0.0,0.0
2024-08-21 12:38:00-04:00,6.130099773406982,6.139999866485596,6.130000114440918,6.139999866485596,776,0.0,0.0
2024-08-21 12:39:00-04:00,6.130000114440918,6.139999866485596,6.130000114440918,6.139999866485596,9987,0.0,0.0
2024-08-21 12:40:00-04:00,6.144999980926514,6.144999980926514,6.139999866485596,6.139999866485596,426,0.0,0.0
2024-08-21 12:41:00-04:00,6.139999866485596,6.139999866485596,6.139999866485596,6.139999866485596,2794,0.0,0.0
2024-08-21 12:42:00-04:00,6.144999980926514,6.149899959564209,6.139999866485596,6.139999866485596,1091,0.0,0.0
2024-08-21 12:45:00-04:00,6.145999908447266,6.145999908447266,6.144999980926514,6.144999980926514,2955,0.0,0.0
2024-08-21 12:46:00-04:00,6.144999980926514,6.149899959564209,6.144999980926514,6.144999980926514,8058,0.0,0.0
2024-08-21 12:47:00-04:00,6.139999866485596,6.139999866485596,6.139999866485596,6.139999866485596,386,0.0,0.0
2024-08-21 12:48:00-04:00,6.139999866485596,6.139999866485596,6.135000228881836,6.135000228881836,1436,0.0,0.0
2024-08-21 12:49:00-04:00,6.135000228881836,6.144999980926514,6.135000228881836,6.139999866485596,5676,0.0,0.0
2024-08-21 12:50:00-04:00,6.149899959564209,6.149899959564209,6.125,6.130000114440918,9453,0.0,0.0
2024-08-21 12:51:00-04:00,6.139999866485596,6.150000095367432,6.135000228881836,6.144999980926514,25260,0.0,0.0
2024-08-21 12:52:00-04:00,6.142000198364258,6.144000053405762,6.142000198364258,6.144000053405762,2338,0.0,0.0
2024-08-21 12:53:00-04:00,6.139999866485596,6.150000095367432,6.139999866485596,6.144999980926514,12703,0.0,0.0
2024-08-21 12:54:00-04:00,6.135000228881836,6.144999980926514,6.135000228881836,6.144999980926514,7351,0.0,0.0
2024-08-21 12:56:00-04:00,6.135000228881836,6.135000228881836,6.135000228881836,6.135000228881836,212,0.0,0.0
2024-08-21 12:58:00-04:00,6.139999866485596,6.139999866485596,6.139999866485596,6.139999866485596,1986,0.0,0.0
2024-08-21 12:59:00-04:00,6.139900207519531,6.144999980926514,6.139900207519531,6.144999980926514,3345,0.0,0.0
2024-08-21 13:00:00-04:00,6.150000095367432,6.150000095367432,6.150000095367432,6.150000095367432,2486,0.0,0.0
2024-08-21 13:01:00-04:00,6.140100002288818,6.140100002288818,6.140100002288818,6.140100002288818,174,0.0,0.0
2024-08-21 13:02:00-04:00,6.144999980926514,6.144999980926514,6.141200065612793,6.141200065612793,1372,0.0,0.0
2024-08-21 13:04:00-04:00,6.144999980926514,6.144999980926514,6.139999866485596,6.139999866485596,891,0.0,0.0
2024-08-21 13:05:00-04:00,6.139999866485596,6.150000095367432,6.135000228881836,6.150000095367432,20859,0.0,0.0
2024-08-21 13:06:00-04:00,6.159999847412109,6.159999847412109,6.15500020980835,6.15500020980835,695,0.0,0.0
2024-08-21 13:09:00-04:00,6.159900188446045,6.159900188446045,6.159900188446045,6.159900188446045,305,0.0,0.0
2024-08-21 13:10:00-04:00,6.15880012512207,6.159999847412109,6.15500020980835,6.159999847412109,4300,0.0,0.0
2024-08-21 13:12:00-04:00,6.159999847412109,6.164999961853027,6.15500020980835,6.159999847412109,9239,0.0,0.0
2024-08-21 13:13:00-04:00,6.159999847412109,6.164999961853027,6.159999847412109,6.164999961853027,5237,0.0,0.0
2024-08-21 13:14:00-04:00,6.160099983215332,6.169099807739258,6.160099983215332,6.169099807739258,2691,0.0,0.0
2024-08-21 13:15:00-04:00,6.159999847412109,6.159999847412109,6.15500020980835,6.15500020980835,13234,0.0,0.0
2024-08-21 13:16:00-04:00,6.159999847412109,6.159999847412109,6.15500020980835,6.15500020980835,965,0.0,0.0
2024-08-21 13:18:00-04:00,6.15500020980835,6.158899784088135,6.15500020980835,6.158899784088135,1589,0.0,0.0
2024-08-21 13:19:00-04:00,6.159999847412109,6.170000076293945,6.159999847412109,6.164999961853027,4784,0.0,0.0
2024-08-21 13:20:00-04:00,6.164999961853027,6.164999961853027,6.164999961853027,6.164999961853027,729,0.0,0.0
2024-08-21 13:21:00-04:00,6.164999961853027,6.164999961853027,6.164999961853027,6.164999961853027,2615,0.0,0.0
2024-08-21 13:22:00-04:00,6.168300151824951,6.175000190734863,6.164999961853027,6.175000190734863,9220,0.0,0.0
2024-08-21 13:24:00-04:00,6.175000190734863,6.175000190734863,6.170000076293945,6.175000190734863,1424,0.0,0.0
2024-08-21 13:25:00-04:00,6.179999828338623,6.179999828338623,6.175000190734863,6.175000190734863,9969,0.0,0.0
2024-08-21 13:26:00-04:00,6.179999828338623,6.179999828338623,6.174699783325195,6.175000190734863,6131,0.0,0.0
2024-08-21 13:27:00-04:00,6.175000190734863,6.175000190734863,6.175000190734863,6.175000190734863,663,0.0,0.0
2024-08-21 13:28:00-04:00,6.179999828338623,6.190000057220459,6.179999828338623,6.190000057220459,6975,0.0,0.0
2024-08-21 13:29:00-04:00,6.190000057220459,6.190000057220459,6.184999942779541,6.184999942779541,1439,0.0,0.0
2024-08-21 13:30:00-04:00,6.184999942779541,6.195000171661377,6.184999942779541,6.195000171661377,6542,0.0,0.0
2024-08-21 13:31:00-04:00,6.199999809265137,6.210000038146973,6.199900150299072,6.210000038146973,5719,0.0,0.0
2024-08-21 13:32:00-04:00,6.204999923706055,6.204999923706055,6.204999923706055,6.204999923706055,1123,0.0,0.0
2024-08-21 13:33:00-04:00,6.204999923706055,6.210000038146973,6.199999809265137,6.210000038146973,3076,0.0,0.0
2024-08-21 13:34:00-04:00,6.210000038146973,6.21999979019165,6.210000038146973,6.21999979019165,2496,0.0,0.0
2024-08-21 13:35:00-04:00,6.215000152587891,6.215000152587891,6.210000038146973,6.210000038146973,10555,0.0,0.0
2024-08-21 13:37:00-04:00,6.210100173950195,6.21999979019165,6.210100173950195,6.21999979019165,3917,0.0,0.0
2024-08-21 13:38:00-04:00,6.224999904632568,6.230000019073486,6.21999979019165,6.21999979019165,1147,0.0,0.0
2024-08-21 13:39:00-04:00,6.224999904632568,6.230000019073486,6.224999904632568,6.230000019073486,1010,0.0,0.0
2024-08-21 13:40:00-04:00,6.224999904632568,6.224999904632568,6.210000038146973,6.215000152587891,25838,0.0,0.0
2024-08-21 13:41:00-04:00,6.210000038146973,6.218900203704834,6.210000038146973,6.218900203704834,9998,0.0,0.0
2024-08-21 13:42:00-04:00,6.215000152587891,6.215000152587891,6.215000152587891,6.215000152587891,2253,0.0,0.0
2024-08-21 13:43:00-04:00,6.21999979019165,6.239999771118164,6.21999979019165,6.235000133514404,13085,0.0,0.0
2024-08-21 13:44:00-04:00,6.235000133514404,6.239999771118164,6.235000133514404,6.239999771118164,2553,0.0,0.0
2024-08-21 13:45:00-04:00,6.239999771118164,6.239999771118164,6.235000133514404,6.239999771118164,3660,0.0,0.0
2024-08-21 13:46:00-04:00,6.239999771118164,6.244999885559082,6.239999771118164,6.244999885559082,6220,0.0,0.0
2024-08-21 13:47:00-04:00,6.240300178527832,6.25,6.240300178527832,6.25,7692,0.0,0.0
2024-08-21 13:48:00-04:00,6.244999885559082,6.2600998878479,6.244999885559082,6.2600998878479,32051,0.0,0.0
2024-08-21 13:49:00-04:00,6.269999980926514,6.269999980926514,6.2600998878479,6.264999866485596,8072,0.0,0.0
2024-08-21 13:50:00-04:00,6.2600998878479,6.269999980926514,6.260000228881836,6.264999866485596,5085,0.0,0.0
2024-08-21 13:51:00-04:00,6.269999980926514,6.269999980926514,6.264999866485596,6.269999980926514,11782,0.0,0.0
2024-08-21 13:52:00-04:00,6.264999866485596,6.269999980926514,6.2600998878479,6.2600998878479,5514,0.0,0.0
2024-08-21 13:53:00-04:00,6.264999866485596,6.269999980926514,6.2600998878479,6.264999866485596,11003,0.0,0.0
2024-08-21 13:54:00-04:00,6.264999866485596,6.289999961853027,6.264999866485596,6.284999847412109,24842,0.0,0.0
2024-08-21 13:55:00-04:00,6.284999847412109,6.289999961853027,6.280200004577637,6.284999847412109,9887,0.0,0.0
2024-08-21 13:56:00-04:00,6.288700103759766,6.288700103759766,6.28000020980835,6.284999847412109,9518,0.0,0.0
2024-08-21 13:57:00-04:00,6.284999847412109,6.284999847412109,6.275000095367432,6.275000095367432,6885,0.0,0.0
2024-08-21 13:58:00-04:00,6.269999980926514,6.275000095367432,6.269999980926514,6.275000095367432,4341,0.0,0.0
2024-08-21 13:59:00-04:00,6.275000095367432,6.275000095367432,6.275000095367432,6.275000095367432,546,0.0,0.0
2024-08-21 14:00:00-04:00,6.275000095367432,6.284999847412109,6.275000095367432,6.284999847412109,15279,0.0,0.0
2024-08-21 14:01:00-04:00,6.284999847412109,6.284999847412109,6.284999847412109,6.284999847412109,7520,0.0,0.0
2024-08-21 14:02:00-04:00,6.284999847412109,6.284999847412109,6.284999847412109,6.284999847412109,4844,0.0,0.0
2024-08-21 14:03:00-04:00,6.284999847412109,6.295000076293945,6.284999847412109,6.295000076293945,13338,0.0,0.0
2024-08-21 14:04:00-04:00,6.295000076293945,6.295000076293945,6.295000076293945,6.295000076293945,2337,0.0,0.0
2024-08-21 14:05:00-04:00,6.289999961853027,6.295000076293945,6.280099868774414,6.286099910736084,12362,0.0,0.0
2024-08-21 14:06:00-04:00,6.289000034332275,6.295000076293945,6.289000034332275,6.295000076293945,5060,0.0,0.0
2024-08-21 14:07:00-04:00,6.295000076293945,6.300000190734863,6.293399810791016,6.300000190734863,3881,0.0,0.0
2024-08-21 14:08:00-04:00,6.295000076293945,6.295000076293945,6.295000076293945,6.295000076293945,1896,0.0,0.0
2024-08-21 14:09:00-04:00,6.300000190734863,6.300000190734863,6.295000076293945,6.295000076293945,506,0.0,0.0
2024-08-21 14:10:00-04:00,6.295000076293945,6.30709981918335,6.295000076293945,6.304999828338623,66748,0.0,0.0
2024-08-21 14:11:00-04:00,6.304999828338623,6.315000057220459,6.304999828338623,6.315000057220459,11812,0.0,0.0
2024-08-21 14:12:00-04:00,6.314000129699707,6.320000171661377,6.311699867248535,6.315000057220459,7279,0.0,0.0
2024-08-21 14:13:00-04:00,6.310100078582764,6.320000171661377,6.309999942779541,6.320000171661377,19585,0.0,0.0
2024-08-21 14:14:00-04:00,6.315000057220459,6.324999809265137,6.311500072479248,6.324999809265137,28992,0.0,0.0
2024-08-21 14:15:00-04:00,6.315199851989746,6.315199851989746,6.309999942779541,6.312900066375732,3987,0.0,0.0
2024-08-21 14:16:00-04:00,6.319900035858154,6.320000171661377,6.315000057220459,6.320000171661377,4256,0.0,0.0
2024-08-21 14:17:00-04:00,6.315000057220459,6.320000171661377,6.315000057220459,6.320000171661377,1704,0.0,0.0
2024-08-21 14:18:00-04:00,6.320000171661377,6.329999923706055,6.320000171661377,6.320099830627441,7022,0.0,0.0
2024-08-21 14:19:00-04:00,6.324999809265137,6.329999923706055,6.324999809265137,6.329999923706055,1772,0.0,0.0
2024-08-21 14:20:00-04:00,6.329999923706055,6.329999923706055,6.329999923706055,6.329999923706055,1122,0.0,0.0
2024-08-21 14:21:00-04:00,6.329999923706055,6.34499979019165,6.326000213623047,6.335000038146973,10801,0.0,0.0
2024-08-21 14:22:00-04:00,6.340000152587891,6.340000152587891,6.335000038146973,6.339700222015381,4394,0.0,0.0
2024-08-21 14:23:00-04:00,6.335000038146973,6.340000152587891,6.330100059509277,6.330100059509277,4069,0.0,0.0
2024-08-21 14:24:00-04:00,6.335000038146973,6.335599899291992,6.335000038146973,6.335599899291992,2012,0.0,0.0
2024-08-21 14:25:00-04:00,6.331399917602539,6.34499979019165,6.331399917602539,6.34499979019165,9465,0.0,0.0
2024-08-21 14:26:00-04:00,6.34499979019165,6.349999904632568,6.340099811553955,6.340099811553955,2828,0.0,0.0
2024-08-21 14:27:00-04:00,6.34499979019165,6.355000019073486,6.34499979019165,6.34499979019165,34132,0.0,0.0
2024-08-21 14:28:00-04:00,6.349999904632568,6.349999904632568,6.34499979019165,6.349999904632568,661,0.0,0.0
2024-08-21 14:29:00-04:00,6.349999904632568,6.355000019073486,6.34499979019165,6.355000019073486,16412,0.0,0.0
2024-08-21 14:30:00-04:00,6.355000019073486,6.366000175476074,6.355000019073486,6.366000175476074,6029,0.0,0.0
2024-08-21 14:31:00-04:00,6.364999771118164,6.364999771118164,6.360000133514404,6.364999771118164,6230,0.0,0.0
2024-08-21 14:32:00-04:00,6.364999771118164,6.364999771118164,6.360000133514404,6.364999771118164,3505,0.0,0.0
2024-08-21 14:33:00-04:00,6.360000133514404,6.380000114440918,6.360000133514404,6.380000114440918,8783,0.0,0.0
2024-08-21 14:34:00-04:00,6.375,6.380000114440918,6.370100021362305,6.380000114440918,3074,0.0,0.0
2024-08-21 14:35:00-04:00,6.375,6.375,6.360000133514404,6.360000133514404,13631,0.0,0.0
2024-08-21 14:36:00-04:00,6.355000019073486,6.355999946594238,6.350100040435791,6.354000091552734,2939,0.0,0.0
2024-08-21 14:37:00-04:00,6.355000019073486,6.355000019073486,6.34499979019165,6.34499979019165,17990,0.0,0.0
2024-08-21 14:38:00-04:00,6.34499979019165,6.34499979019165,6.320000171661377,6.320000171661377,22011,0.0,0.0
2024-08-21 14:39:00-04:00,6.310100078582764,6.320000171661377,6.309999942779541,6.31879997253418,9163,0.0,0.0
2024-08-21 14:40:00-04:00,6.315000057220459,6.315000057220459,6.315000057220459,6.315000057220459,423,0.0,0.0
2024-08-21 14:41:00-04:00,6.315000057220459,6.318299770355225,6.309999942779541,6.315000057220459,6077,0.0,0.0
2024-08-21 14:42:00-04:00,6.309999942779541,6.315000057220459,6.309999942779541,6.309999942779541,18642,0.0,0.0
2024-08-21 14:43:00-04:00,6.315000057220459,6.315000057220459,6.304999828338623,6.309899806976318,6614,0.0,0.0
2024-08-21 14:44:00-04:00,6.300000190734863,6.304999828338623,6.300000190734863,6.304999828338623,3702,0.0,0.0
2024-08-21 14:45:00-04:00,6.304999828338623,6.304999828338623,6.24399995803833,6.24399995803833,31117,0.0,0.0
2024-08-21 14:46:00-04:00,6.239999771118164,6.247300148010254,6.239999771118164,6.239999771118164,4754,0.0,0.0
2024-08-21 14:47:00-04:00,6.239999771118164,6.255000114440918,6.239999771118164,6.255000114440918,28913,0.0,0.0
2024-08-21 14:48:00-04:00,6.260000228881836,6.28000020980835,6.260000228881836,6.2779998779296875,7240,0.0,0.0
2024-08-21 14:49:00-04:00,6.275000095367432,6.28000020980835,6.27400016784668,6.28000020980835,2863,0.0,0.0
2024-08-21 14:50:00-04:00,6.275000095367432,6.275000095367432,6.275000095367432,6.275000095367432,602,0.0,0.0
2024-08-21 14:51:00-04:00,6.275000095367432,6.28000020980835,6.271500110626221,6.28000020980835,3332,0.0,0.0
2024-08-21 14:52:00-04:00,6.275000095367432,6.284999847412109,6.275000095367432,6.284999847412109,11377,0.0,0.0
2024-08-21 14:53:00-04:00,6.284999847412109,6.295000076293945,6.284999847412109,6.291999816894531,10402,0.0,0.0
2024-08-21 14:54:00-04:00,6.289999961853027,6.289999961853027,6.284999847412109,6.284999847412109,7559,0.0,0.0
2024-08-21 14:55:00-04:00,6.284999847412109,6.28849983215332,6.269999980926514,6.275000095367432,7295,0.0,0.0
2024-08-21 14:56:00-04:00,6.269999980926514,6.269999980926514,6.260000228881836,6.260000228881836,10826,0.0,0.0
2024-08-21 14:57:00-04:00,6.269999980926514,6.269999980926514,6.269999980926514,6.269999980926514,1180,0.0,0.0
2024-08-21 14:58:00-04:00,6.264999866485596,6.264999866485596,6.264999866485596,6.264999866485596,1967,0.0,0.0
2024-08-21 14:59:00-04:00,6.264999866485596,6.295000076293945,6.264999866485596,6.295000076293945,17914,0.0,0.0
2024-08-21 15:00:00-04:00,6.29449987411499,6.297500133514404,6.29449987411499,6.295000076293945,4131,0.0,0.0
2024-08-21 15:01:00-04:00,6.295000076293945,6.300000190734863,6.295000076293945,6.295000076293945,3000,0.0,0.0
2024-08-21 15:02:00-04:00,6.300000190734863,6.300000190734863,6.294000148773193,6.295000076293945,1356,0.0,0.0
2024-08-21 15:03:00-04:00,6.296899795532227,6.300000190734863,6.295000076293945,6.295000076293945,3279,0.0,0.0
2024-08-21 15:04:00-04:00,6.295000076293945,6.295000076293945,6.289999961853027,6.295000076293945,4941,0.0,0.0
2024-08-21 15:05:00-04:00,6.295000076293945,6.300000190734863,6.289999961853027,6.295000076293945,3566,0.0,0.0
2024-08-21 15:06:00-04:00,6.295000076293945,6.295000076293945,6.284999847412109,6.284999847412109,4469,0.0,0.0
2024-08-21 15:07:00-04:00,6.289999961853027,6.309800148010254,6.289999961853027,6.309800148010254,10405,0.0,0.0
2024-08-21 15:08:00-04:00,6.309999942779541,6.309999942779541,6.304999828338623,6.309999942779541,7709,0.0,0.0
2024-08-21 15:09:00-04:00,6.304999828338623,6.308700084686279,6.301400184631348,6.308700084686279,5436,0.0,0.0
2024-08-21 15:10:00-04:00,6.309999942779541,6.320000171661377,6.309999942779541,6.315000057220459,5728,0.0,0.0
2024-08-21 15:11:00-04:00,6.320000171661377,6.320000171661377,6.320000171661377,6.320000171661377,217,0.0,0.0
2024-08-21 15:12:00-04:00,6.320000171661377,6.320000171661377,6.315000057220459,6.320000171661377,1725,0.0,0.0
2024-08-21 15:13:00-04:00,6.320000171661377,6.320000171661377,6.320000171661377,6.320000171661377,636,0.0,0.0
2024-08-21 15:14:00-04:00,6.315000057220459,6.315000057220459,6.309999942779541,6.315000057220459,8464,0.0,0.0
2024-08-21 15:15:00-04:00,6.315000057220459,6.324999809265137,6.309999942779541,6.324999809265137,29314,0.0,0.0
2024-08-21 15:16:00-04:00,6.324999809265137,6.340000152587891,6.324999809265137,6.340000152587891,10029,0.0,0.0
2024-08-21 15:17:00-04:00,6.335000038146973,6.340000152587891,6.335000038146973,6.335000038146973,4834,0.0,0.0
2024-08-21 15:18:00-04:00,6.335999965667725,6.340000152587891,6.329999923706055,6.335000038146973,10599,0.0,0.0
2024-08-21 15:19:00-04:00,6.335000038146973,6.340000152587891,6.269999980926514,6.279799938201904,61620,0.0,0.0
2024-08-21 15:20:00-04:00,6.28000020980835,6.284999847412109,6.264999866485596,6.264999866485596,7634,0.0,0.0
2024-08-21 15:21:00-04:00,6.268700122833252,6.284999847412109,6.264999866485596,6.284999847412109,5689,0.0,0.0
2024-08-21 15:22:00-04:00,6.28000020980835,6.284999847412109,6.275000095367432,6.284999847412109,2945,0.0,0.0
2024-08-21 15:23:00-04:00,6.284999847412109,6.289999961853027,6.280300140380859,6.280300140380859,7279,0.0,0.0
2024-08-21 15:24:00-04:00,6.28000020980835,6.284999847412109,6.28000020980835,6.284999847412109,0,0.0,0.0
2024-08-21 15:25:00-04:00,6.284999847412109,6.300000190734863,6.284999847412109,6.300000190734863,6092,0.0,0.0
2024-08-21 15:26:00-04:00,6.304999828338623,6.306099891662598,6.300000190734863,6.304999828338623,2382,0.0,0.0
2024-08-21 15:27:00-04:00,6.304999828338623,6.304999828338623,6.304999828338623,6.304999828338623,1919,0.0,0.0
2024-08-21 15:28:00-04:00,6.309999942779541,6.315000057220459,6.309999942779541,6.315000057220459,1579,0.0,0.0
2024-08-21 15:29:00-04:00,6.320000171661377,6.320000171661377,6.300000190734863,6.300000190734863,12330,0.0,0.0
2024-08-21 15:30:00-04:00,6.304999828338623,6.304999828338623,6.304999828338623,6.304999828338623,841,0.0,0.0
2024-08-21 15:31:00-04:00,6.304999828338623,6.320000171661377,6.304999828338623,6.320000171661377,6726,0.0,0.0
2024-08-21 15:32:00-04:00,6.320099830627441,6.320099830627441,6.320000171661377,6.320000171661377,2249,0.0,0.0
2024-08-21 15:33:00-04:00,6.320000171661377,6.324999809265137,6.320000171661377,6.324999809265137,2372,0.0,0.0
2024-08-21 15:34:00-04:00,6.335000038146973,6.340000152587891,6.335000038146973,6.340000152587891,2242,0.0,0.0
2024-08-21 15:35:00-04:00,6.341400146484375,6.34499979019165,6.341400146484375,6.34499979019165,1846,0.0,0.0
2024-08-21 15:36:00-04:00,6.34499979019165,6.349999904632568,6.340000152587891,6.34499979019165,4439,0.0,0.0
2024-08-21 15:37:00-04:00,6.34499979019165,6.349999904632568,6.34499979019165,6.34499979019165,3041,0.0,0.0
2024-08-21 15:38:00-04:00,6.349999904632568,6.355000019073486,6.349999904632568,6.355000019073486,6192,0.0,0.0
2024-08-21 15:39:00-04:00,6.349999904632568,6.355000019073486,6.349999904632568,6.355000019073486,3784,0.0,0.0
2024-08-21 15:40:00-04:00,6.350200176239014,6.350200176239014,6.350200176239014,6.350200176239014,1034,0.0,0.0
2024-08-21 15:41:00-04:00,6.355000019073486,6.355000019073486,6.350100040435791,6.351200103759766,7021,0.0,0.0
2024-08-21 15:42:00-04:00,6.350299835205078,6.355000019073486,6.349999904632568,6.349999904632568,3028,0.0,0.0
2024-08-21 15:43:00-04:00,6.355000019073486,6.355000019073486,6.340000152587891,6.340000152587891,26376,0.0,0.0
2024-08-21 15:44:00-04:00,6.3403000831604,6.34499979019165,6.340000152587891,6.340000152587891,5981,0.0,0.0
2024-08-21 15:45:00-04:00,6.34499979019165,6.349999904632568,6.329999923706055,6.329999923706055,17770,0.0,0.0
2024-08-21 15:46:00-04:00,6.330999851226807,6.334199905395508,6.320000171661377,6.320099830627441,16291,0.0,0.0
2024-08-21 15:47:00-04:00,6.324999809265137,6.329999923706055,6.324999809265137,6.329999923706055,10353,0.0,0.0
2024-08-21 15:48:00-04:00,6.329999923706055,6.329999923706055,6.320000171661377,6.324999809265137,13446,0.0,0.0
2024-08-21 15:49:00-04:00,6.324999809265137,6.329999923706055,6.320000171661377,6.329999923706055,18445,0.0,0.0
2024-08-21 15:50:00-04:00,6.335000038146973,6.340000152587891,6.335000038146973,6.340000152587891,3251,0.0,0.0
2024-08-21 15:51:00-04:00,6.349999904632568,6.349999904632568,6.340000152587891,6.34499979019165,22259,0.0,0.0
2024-08-21 15:52:00-04:00,6.348899841308594,6.349999904632568,6.34499979019165,6.349999904632568,10563,0.0,0.0
2024-08-21 15:53:00-04:00,6.360000133514404,6.360000133514404,6.355000019073486,6.360000133514404,4770,0.0,0.0
2024-08-21 15:54:00-04:00,6.360000133514404,6.380000114440918,6.355000019073486,6.375,26225,0.0,0.0
2024-08-21 15:55:00-04:00,6.375,6.378200054168701,6.369999885559082,6.369999885559082,29487,0.0,0.0
2024-08-21 15:56:00-04:00,6.375,6.380000114440918,6.364999771118164,6.364999771118164,16666,0.0,0.0
2024-08-21 15:57:00-04:00,6.369999885559082,6.369999885559082,6.364999771118164,6.369900226593018,9817,0.0,0.0
2024-08-21 15:58:00-04:00,6.369999885559082,6.369999885559082,6.349999904632568,6.360000133514404,35905,0.0,0.0
2024-08-21 15:59:00-04:00,6.355000019073486,6.369999885559082,6.353300094604492,6.369999885559082,72933,0.0,0.0
2024-08-22 09:30:00-04:00,6.389999866485596,6.389999866485596,6.329999923706055,6.329999923706055,35963,0.0,0.0
2024-08-22 09:31:00-04:00,6.349999904632568,6.349999904632568,6.329999923706055,6.340000152587891,6658,0.0,0.0
2024-08-22 09:32:00-04:00,6.320000171661377,6.320000171661377,6.3180999755859375,6.3180999755859375,2055,0.0,0.0
2024-08-22 09:33:00-04:00,6.315000057220459,6.3495001792907715,6.315000057220459,6.3495001792907715,3481,0.0,0.0
2024-08-22 09:34:00-04:00,6.335000038146973,6.335000038146973,6.335000038146973,6.335000038146973,1164,0.0,0.0
2024-08-22 09:35:00-04:00,6.339700222015381,6.34499979019165,6.335999965667725,6.34499979019165,2238,0.0,0.0
2024-08-22 09:36:00-04:00,6.349999904632568,6.360000133514404,6.349999904632568,6.360000133514404,8394,0.0,0.0
2024-08-22 09:37:00-04:00,6.35099983215332,6.369999885559082,6.35099983215332,6.369999885559082,8650,0.0,0.0
2024-08-22 09:38:00-04:00,6.349999904632568,6.369999885559082,6.349999904632568,6.369999885559082,1035,0.0,0.0
2024-08-22 09:39:00-04:00,6.349999904632568,6.360000133514404,6.349999904632568,6.35890007019043,1584,0.0,0.0
2024-08-22 09:40:00-04:00,6.389999866485596,6.440000057220459,6.385000228881836,6.439899921417236,12249,0.0,0.0
2024-08-22 09:41:00-04:00,6.435999870300293,6.447999954223633,6.420000076293945,6.429999828338623,14741,0.0,0.0
2024-08-22 09:42:00-04:00,6.420000076293945,6.420000076293945,6.380000114440918,6.382400035858154,11571,0.0,0.0
2024-08-22 09:43:00-04:00,6.380000114440918,6.400000095367432,6.380000114440918,6.400000095367432,3428,0.0,0.0
2024-08-22 09:44:00-04:00,6.399899959564209,6.399899959564209,6.380000114440918,6.38040018081665,1557,0.0,0.0
2024-08-22 09:45:00-04:00,6.380000114440918,6.389999866485596,6.380000114440918,6.380000114440918,10276,0.0,0.0
2024-08-22 09:46:00-04:00,6.370100021362305,6.378900051116943,6.369999885559082,6.370100021362305,3723,0.0,0.0
2024-08-22 09:47:00-04:00,6.355000019073486,6.355000019073486,6.327199935913086,6.327199935913086,8060,0.0,0.0
2024-08-22 09:48:00-04:00,6.320199966430664,6.324999809265137,6.320000171661377,6.324999809265137,8333,0.0,0.0
2024-08-22 09:49:00-04:00,6.320000171661377,6.320000171661377,6.304999828338623,6.304999828338623,5499,0.0,0.0
2024-08-22 09:50:00-04:00,6.304999828338623,6.309999942779541,6.280300140380859,6.280300140380859,7897,0.0,0.0
2024-08-22 09:51:00-04:00,6.28000020980835,6.289999961853027,6.269999980926514,6.269999980926514,14578,0.0,0.0
2024-08-22 09:52:00-04:00,6.284999847412109,6.284999847412109,6.269999980926514,6.269999980926514,1514,0.0,0.0
2024-08-22 09:53:00-04:00,6.269999980926514,6.28000020980835,6.269999980926514,6.28000020980835,2562,0.0,0.0
2024-08-22 09:54:00-04:00,6.289999961853027,6.295000076293945,6.284999847412109,6.295000076293945,3982,0.0,0.0
2024-08-22 09:55:00-04:00,6.295000076293945,6.295000076293945,6.28000020980835,6.289999961853027,3276,0.0,0.0
2024-08-22 09:56:00-04:00,6.300000190734863,6.304999828338623,6.295000076293945,6.295000076293945,4938,0.0,0.0
2024-08-22 09:57:00-04:00,6.295000076293945,6.298799991607666,6.289999961853027,6.298799991607666,5675,0.0,0.0
2024-08-22 09:58:00-04:00,6.298600196838379,6.298600196838379,6.289999961853027,6.289999961853027,2835,0.0,0.0
2024-08-22 09:59:00-04:00,6.28000020980835,6.28000020980835,6.269999980926514,6.269999980926514,909,0.0,0.0
2024-08-22 10:00:00-04:00,6.275000095367432,6.28000020980835,6.269999980926514,6.28000020980835,7602,0.0,0.0
2024-08-22 10:01:00-04:00,6.275000095367432,6.275000095367432,6.269499778747559,6.275000095367432,10220,0.0,0.0
2024-08-22 10:02:00-04:00,6.269999980926514,6.275000095367432,6.269999980926514,6.275000095367432,567,0.0,0.0
2024-08-22 10:03:00-04:00,6.269999980926514,6.269999980926514,6.269999980926514,6.269999980926514,705,0.0,0.0
2024-08-22 10:04:00-04:00,6.264999866485596,6.267499923706055,6.260200023651123,6.267499923706055,4702,0.0,0.0
2024-08-22 10:05:00-04:00,6.264999866485596,6.284999847412109,6.260000228881836,6.284999847412109,9576,0.0,0.0
2024-08-22 10:06:00-04:00,6.284999847412109,6.284999847412109,6.2845001220703125,6.2845001220703125,759,0.0,0.0
2024-08-22 10:07:00-04:00,6.28000020980835,6.28000020980835,6.275000095367432,6.275000095367432,2223,0.0,0.0
2024-08-22 10:08:00-04:00,6.275000095367432,6.275000095367432,6.275000095367432,6.275000095367432,469,0.0,0.0
2024-08-22 10:09:00-04:00,6.275000095367432,6.285999774932861,6.27400016784668,6.284999847412109,15756,0.0,0.0
2024-08-22 10:10:00-04:00,6.285399913787842,6.289999961853027,6.284999847412109,6.289999961853027,4685,0.0,0.0
2024-08-22 10:11:00-04:00,6.28000020980835,6.284999847412109,6.28000020980835,6.28000020980835,8330,0.0,0.0
2024-08-22 10:12:00-04:00,6.279900074005127,6.284999847412109,6.279699802398682,6.284999847412109,9294,0.0,0.0
2024-08-22 10:14:00-04:00,6.284999847412109,6.284999847412109,6.284999847412109,6.284999847412109,1892,0.0,0.0
2024-08-22 10:15:00-04:00,6.28000020980835,6.284999847412109,6.260000228881836,6.260000228881836,11185,0.0,0.0
2024-08-22 10:16:00-04:00,6.255000114440918,6.255000114440918,6.25,6.255000114440918,9803,0.0,0.0
2024-08-22 10:17:00-04:00,6.25,6.25,6.240099906921387,6.244999885559082,24425,0.0,0.0
2024-08-22 10:18:00-04:00,6.239999771118164,6.239999771118164,6.2220001220703125,6.224299907684326,4260,0.0,0.0
2024-08-22 10:19:00-04:00,6.224999904632568,6.244999885559082,6.21999979019165,6.244999885559082,16847,0.0,0.0
2024-08-22 10:20:00-04:00,6.240099906921387,6.25,6.236100196838379,6.25,15637,0.0,0.0
2024-08-22 10:21:00-04:00,6.25,6.260000228881836,6.25,6.260000228881836,5960,0.0,0.0
2024-08-22 10:22:00-04:00,6.260000228881836,6.26200008392334,6.255000114440918,6.260000228881836,22431,0.0,0.0
2024-08-22 10:23:00-04:00,6.264999866485596,6.268499851226807,6.264999866485596,6.268499851226807,1076,0.0,0.0
2024-08-22 10:24:00-04:00,6.264999866485596,6.264999866485596,6.264999866485596,6.264999866485596,619,0.0,0.0
2024-08-22 10:25:00-04:00,6.264999866485596,6.284999847412109,6.264999866485596,6.28000020980835,3383,0.0,0.0
2024-08-22 10:26:00-04:00,6.284999847412109,6.284999847412109,6.275000095367432,6.28000020980835,3321,0.0,0.0
2024-08-22 10:27:00-04:00,6.275000095367432,6.279900074005127,6.269999980926514,6.279900074005127,11758,0.0,0.0
2024-08-22 10:28:00-04:00,6.283400058746338,6.284999847412109,6.28000020980835,6.28000020980835,10437,0.0,0.0
2024-08-22 10:29:00-04:00,6.28000020980835,6.289999961853027,6.28000020980835,6.289899826049805,12839,0.0,0.0
2024-08-22 10:30:00-04:00,6.284999847412109,6.284999847412109,6.264999866485596,6.264999866485596,25328,0.0,0.0
2024-08-22 10:31:00-04:00,6.259900093078613,6.269999980926514,6.255000114440918,6.269999980926514,5699,0.0,0.0
2024-08-22 10:32:00-04:00,6.275000095367432,6.278200149536133,6.260000228881836,6.260000228881836,12499,0.0,0.0
2024-08-22 10:33:00-04:00,6.260000228881836,6.269999980926514,6.260000228881836,6.269999980926514,2115,0.0,0.0
2024-08-22 10:34:00-04:00,6.269899845123291,6.296000003814697,6.269899845123291,6.295000076293945,34791,0.0,0.0
2024-08-22 10:35:00-04:00,6.299799919128418,6.318600177764893,6.299799919128418,6.318600177764893,14576,0.0,0.0
2024-08-22 10:36:00-04:00,6.315000057220459,6.315000057220459,6.309999942779541,6.309999942779541,450,0.0,0.0
2024-08-22 10:37:00-04:00,6.315000057220459,6.315000057220459,6.315000057220459,6.315000057220459,1289,0.0,0.0
2024-08-22 10:39:00-04:00,6.315000057220459,6.315000057220459,6.315000057220459,6.315000057220459,1153,0.0,0.0
2024-08-22 10:40:00-04:00,6.309999942779541,6.309999942779541,6.309999942779541,6.309999942779541,634,0.0,0.0
2024-08-22 10:41:00-04:00,6.320000171661377,6.324999809265137,6.309999942779541,6.315199851989746,20731,0.0,0.0
2024-08-22 10:42:00-04:00,6.319900035858154,6.329899787902832,6.316199779510498,6.324999809265137,25946,0.0,0.0
2024-08-22 10:43:00-04:00,6.324999809265137,6.324999809265137,6.320000171661377,6.320000171661377,12596,0.0,0.0
2024-08-22 10:44:00-04:00,6.320000171661377,6.320000171661377,6.320000171661377,6.320000171661377,1301,0.0,0.0
2024-08-22 10:45:00-04:00,6.320000171661377,6.329999923706055,6.320000171661377,6.324999809265137,13416,0.0,0.0
2024-08-22 10:46:00-04:00,6.315000057220459,6.329999923706055,6.315000057220459,6.324999809265137,15539,0.0,0.0
2024-08-22 10:47:00-04:00,6.320000171661377,6.320000171661377,6.304999828338623,6.309999942779541,19645,0.0,0.0
2024-08-22 10:48:00-04:00,6.319900035858154,6.321000099182129,6.319900035858154,6.321000099182129,8510,0.0,0.0
2024-08-22 10:49:00-04:00,6.320000171661377,6.320000171661377,6.309999942779541,6.315000057220459,20908,0.0,0.0
2024-08-22 10:50:00-04:00,6.309999942779541,6.315000057220459,6.309999942779541,6.309999942779541,1277,0.0,0.0
2024-08-22 10:51:00-04:00,6.320000171661377,6.320000171661377,6.309999942779541,6.309999942779541,1309,0.0,0.0
2024-08-22 10:52:00-04:00,6.309800148010254,6.320000171661377,6.304999828338623,6.320000171661377,27323,0.0,0.0
2024-08-22 10:53:00-04:00,6.315000057220459,6.315000057220459,6.309999942779541,6.309999942779541,1230,0.0,0.0
2024-08-22 10:54:00-04:00,6.309999942779541,6.310999870300293,6.304999828338623,6.309999942779541,12803,0.0,0.0
2024-08-22 10:55:00-04:00,6.309999942779541,6.309999942779541,6.309999942779541,6.309999942779541,958,0.0,0.0
2024-08-22 10:56:00-04:00,6.315000057220459,6.315999984741211,6.309999942779541,6.315000057220459,16251,0.0,0.0
2024-08-22 10:57:00-04:00,6.310100078582764,6.315000057220459,6.309999942779541,6.309999942779541,12575,0.0,0.0
2024-08-22 10:58:00-04:00,6.309999942779541,6.309999942779541,6.295000076293945,6.300099849700928,19532,0.0,0.0
2024-08-22 10:59:00-04:00,6.309999942779541,6.320000171661377,6.295000076293945,6.304999828338623,31638,0.0,0.0
2024-08-22 11:00:00-04:00,6.304999828338623,6.304999828338623,6.304999828338623,6.304999828338623,306,0.0,0.0
2024-08-22 11:01:00-04:00,6.304999828338623,6.315000057220459,6.30109977722168,6.315000057220459,4067,0.0,0.0
2024-08-22 11:02:00-04:00,6.304999828338623,6.304999828338623,6.302000045776367,6.302000045776367,1198,0.0,0.0
2024-08-22 11:03:00-04:00,6.300000190734863,6.320099830627441,6.300000190734863,6.320099830627441,18007,0.0,0.0
2024-08-22 11:04:00-04:00,6.324999809265137,6.324999809265137,6.305500030517578,6.305500030517578,16601,0.0,0.0
2024-08-22 11:05:00-04:00,6.304999828338623,6.308800220489502,6.300000190734863,6.308800220489502,1296,0.0,0.0
2024-08-22 11:06:00-04:00,6.304999828338623,6.309999942779541,6.300000190734863,6.309999942779541,16490,0.0,0.0
2024-08-22 11:07:00-04:00,6.315000057220459,6.315000057220459,6.304999828338623,6.304999828338623,14027,0.0,0.0
2024-08-22 11:08:00-04:00,6.300000190734863,6.304999828338623,6.300000190734863,6.304999828338623,600,0.0,0.0
2024-08-22 11:09:00-04:00,6.301000118255615,6.301000118255615,6.269999980926514,6.284999847412109,20736,0.0,0.0
2024-08-22 11:10:00-04:00,6.284599781036377,6.284999847412109,6.275000095367432,6.276400089263916,27339,0.0,0.0
2024-08-22 11:11:00-04:00,6.27400016784668,6.28000020980835,6.269999980926514,6.276199817657471,16134,0.0,0.0
2024-08-22 11:12:00-04:00,6.275000095367432,6.284999847412109,6.275000095367432,6.284999847412109,0,0.0,0.0
2024-08-22 11:13:00-04:00,6.284999847412109,6.284999847412109,6.28000020980835,6.28000020980835,1890,0.0,0.0
2024-08-22 11:14:00-04:00,6.28000020980835,6.28980016708374,6.28000020980835,6.284999847412109,11006,0.0,0.0
2024-08-22 11:15:00-04:00,6.289999961853027,6.289999961853027,6.28000020980835,6.284999847412109,8344,0.0,0.0
2024-08-22 11:16:00-04:00,6.284999847412109,6.289700031280518,6.28000020980835,6.284999847412109,15604,0.0,0.0
2024-08-22 11:17:00-04:00,6.284999847412109,6.289999961853027,6.284999847412109,6.284999847412109,2326,0.0,0.0
2024-08-22 11:18:00-04:00,6.289999961853027,6.295000076293945,6.289999961853027,6.295000076293945,2419,0.0,0.0
2024-08-22 11:19:00-04:00,6.295000076293945,6.295000076293945,6.28000020980835,6.284999847412109,28551,0.0,0.0
2024-08-22 11:20:00-04:00,6.2758002281188965,6.278299808502197,6.269999980926514,6.276000022888184,29932,0.0,0.0
2024-08-22 11:21:00-04:00,6.269999980926514,6.275000095367432,6.269999980926514,6.275000095367432,17595,0.0,0.0
2024-08-22 11:22:00-04:00,6.275000095367432,6.28000020980835,6.275000095367432,6.28000020980835,0,0.0,0.0
2024-08-22 11:23:00-04:00,6.275000095367432,6.275000095367432,6.269999980926514,6.269999980926514,405,0.0,0.0
2024-08-22 11:24:00-04:00,6.269999980926514,6.275000095367432,6.269999980926514,6.270199775695801,8022,0.0,0.0
2024-08-22 11:25:00-04:00,6.275000095367432,6.279900074005127,6.269999980926514,6.269999980926514,13061,0.0,0.0
2024-08-22 11:26:00-04:00,6.269999980926514,6.275000095367432,6.269999980926514,6.269999980926514,1682,0.0,0.0
2024-08-22 11:27:00-04:00,6.269999980926514,6.269999980926514,6.269999980926514,6.269999980926514,592,0.0,0.0
2024-08-22 11:28:00-04:00,6.275000095367432,6.275000095367432,6.269999980926514,6.275000095367432,1989,0.0,0.0
2024-08-22 11:29:00-04:00,6.269999980926514,6.275000095367432,6.269999980926514,6.275000095367432,956,0.0,0.0
2024-08-22 11:30:00-04:00,6.269999980926514,6.275000095367432,6.260000228881836,6.260000228881836,11175,0.0,0.0
2024-08-22 11:31:00-04:00,6.264999866485596,6.269899845123291,6.260000228881836,6.260000228881836,1038,0.0,0.0
2024-08-22 11:32:00-04:00,6.264999866485596,6.264999866485596,6.25,6.25,9855,0.0,0.0
2024-08-22 11:33:00-04:00,6.25600004196167,6.260000228881836,6.25,6.254000186920166,18782,0.0,0.0
2024-08-22 11:34:00-04:00,6.25,6.255000114440918,6.25,6.255000114440918,2424,0.0,0.0
2024-08-22 11:35:00-04:00,6.254899978637695,6.254899978637695,6.25,6.25439977645874,7583,0.0,0.0
2024-08-22 11:36:00-04:00,6.25,6.25,6.25,6.25,0,0.0,0.0
2024-08-22 11:37:00-04:00,6.259900093078613,6.259900093078613,6.244999885559082,6.244999885559082,15094,0.0,0.0
2024-08-22 11:38:00-04:00,6.244999885559082,6.244999885559082,6.199999809265137,6.199999809265137,26379,0.0,0.0
2024-08-22 11:39:00-04:00,6.204999923706055,6.219299793243408,6.204999923706055,6.210000038146973,34083,0.0,0.0
2024-08-22 11:40:00-04:00,6.219799995422363,6.21999979019165,6.214000225067139,6.21999979019165,14117,0.0,0.0
2024-08-22 11:41:00-04:00,6.224999904632568,6.229800224304199,6.22160005569458,6.22160005569458,14730,0.0,0.0
2024-08-22 11:42:00-04:00,6.220200061798096,6.224999904632568,6.210000038146973,6.210000038146973,23606,0.0,0.0
2024-08-22 11:43:00-04:00,6.199999809265137,6.20989990234375,6.194799900054932,6.196000099182129,40476,0.0,0.0
2024-08-22 11:44:00-04:00,6.195000171661377,6.195000171661377,6.190000057220459,6.190000057220459,12800,0.0,0.0
2024-08-22 11:45:00-04:00,6.1855998039245605,6.1855998039245605,6.170000076293945,6.184000015258789,37851,0.0,0.0
2024-08-22 11:46:00-04:00,6.184999942779541,6.184999942779541,6.179999828338623,6.179999828338623,1542,0.0,0.0
2024-08-22 11:47:00-04:00,6.190000057220459,6.195000171661377,6.190000057220459,6.195000171661377,6005,0.0,0.0
2024-08-22 11:48:00-04:00,6.195000171661377,6.196000099182129,6.184999942779541,6.184999942779541,18504,0.0,0.0
2024-08-22 11:49:00-04:00,6.187099933624268,6.195000171661377,6.184999942779541,6.195000171661377,9770,0.0,0.0
2024-08-22 11:50:00-04:00,6.190000057220459,6.190000057220459,6.188799858093262,6.188799858093262,1406,0.0,0.0
2024-08-22 11:51:00-04:00,6.179999828338623,6.190000057220459,6.179999828338623,6.184999942779541,1344,0.0,0.0
2024-08-22 11:52:00-04:00,6.190000057220459,6.195000171661377,6.184999942779541,6.190000057220459,4889,0.0,0.0
2024-08-22 11:53:00-04:00,6.184999942779541,6.184999942779541,6.184999942779541,6.184999942779541,406,0.0,0.0
2024-08-22 11:54:00-04:00,6.179999828338623,6.190000057220459,6.179999828338623,6.190000057220459,1917,0.0,0.0
2024-08-22 11:55:00-04:00,6.195000171661377,6.199999809265137,6.195000171661377,6.199999809265137,2548,0.0,0.0
2024-08-22 11:56:00-04:00,6.204999923706055,6.204999923706055,6.199999809265137,6.199999809265137,2571,0.0,0.0
2024-08-22 11:57:00-04:00,6.204999923706055,6.20989990234375,6.204999923706055,6.20989990234375,1873,0.0,0.0
2024-08-22 11:58:00-04:00,6.210000038146973,6.215000152587891,6.210000038146973,6.215000152587891,2119,0.0,0.0
2024-08-22 11:59:00-04:00,6.215000152587891,6.230000019073486,6.210000038146973,6.230000019073486,12590,0.0,0.0
2024-08-22 12:00:00-04:00,6.230000019073486,6.230000019073486,6.230000019073486,6.230000019073486,789,0.0,0.0
2024-08-22 12:01:00-04:00,6.224999904632568,6.224999904632568,6.224999904632568,6.224999904632568,578,0.0,0.0
2024-08-22 12:02:00-04:00,6.21999979019165,6.21999979019165,6.21999979019165,6.21999979019165,328,0.0,0.0
2024-08-22 12:03:00-04:00,6.224999904632568,6.239999771118164,6.224999904632568,6.239999771118164,4562,0.0,0.0
2024-08-22 12:04:00-04:00,6.235000133514404,6.235000133514404,6.230000019073486,6.230000019073486,3242,0.0,0.0
2024-08-22 12:05:00-04:00,6.230000019073486,6.230000019073486,6.230000019073486,6.230000019073486,926,0.0,0.0
2024-08-22 12:06:00-04:00,6.224999904632568,6.224999904632568,6.224999904632568,6.224999904632568,787,0.0,0.0
2024-08-22 12:07:00-04:00,6.224999904632568,6.224999904632568,6.21999979019165,6.21999979019165,631,0.0,0.0
2024-08-22 12:08:00-04:00,6.223999977111816,6.223999977111816,6.21999979019165,6.21999979019165,2436,0.0,0.0
2024-08-22 12:09:00-04:00,6.21999979019165,6.235000133514404,6.21999979019165,6.235000133514404,4189,0.0,0.0
2024-08-22 12:10:00-04:00,6.239999771118164,6.244999885559082,6.235000133514404,6.235000133514404,19995,0.0,0.0
2024-08-22 12:11:00-04:00,6.230100154876709,6.2342000007629395,6.224999904632568,6.225200176239014,20978,0.0,0.0
2024-08-22 12:12:00-04:00,6.230000019073486,6.230000019073486,6.230000019073486,6.230000019073486,1378,0.0,0.0
2024-08-22 12:13:00-04:00,6.230000019073486,6.235000133514404,6.230000019073486,6.230100154876709,15439,0.0,0.0
2024-08-22 12:14:00-04:00,6.21999979019165,6.220099925994873,6.210000038146973,6.210000038146973,6807,0.0,0.0
2024-08-22 12:15:00-04:00,6.21999979019165,6.21999979019165,6.214000225067139,6.216000080108643,14236,0.0,0.0
2024-08-22 12:16:00-04:00,6.215000152587891,6.224999904632568,6.210000038146973,6.224999904632568,12440,0.0,0.0
2024-08-22 12:17:00-04:00,6.21999979019165,6.22599983215332,6.21999979019165,6.223999977111816,10234,0.0,0.0
2024-08-22 12:18:00-04:00,6.220099925994873,6.220099925994873,6.220099925994873,6.220099925994873,3427,0.0,0.0
2024-08-22 12:19:00-04:00,6.224999904632568,6.230000019073486,6.224999904632568,6.224999904632568,14299,0.0,0.0
2024-08-22 12:20:00-04:00,6.230000019073486,6.244999885559082,6.230000019073486,6.244999885559082,5983,0.0,0.0
2024-08-22 12:21:00-04:00,6.239999771118164,6.244999885559082,6.239999771118164,6.244200229644775,11769,0.0,0.0
2024-08-22 12:22:00-04:00,6.239999771118164,6.240099906921387,6.234000205993652,6.235000133514404,15702,0.0,0.0
2024-08-22 12:23:00-04:00,6.235000133514404,6.239999771118164,6.235000133514404,6.239999771118164,2280,0.0,0.0
2024-08-22 12:24:00-04:00,6.244500160217285,6.244999885559082,6.239999771118164,6.244999885559082,15302,0.0,0.0
2024-08-22 12:26:00-04:00,6.244999885559082,6.25,6.244999885559082,6.25,11666,0.0,0.0
2024-08-22 12:27:00-04:00,6.25,6.255000114440918,6.25,6.25,3489,0.0,0.0
2024-08-22 12:28:00-04:00,6.239999771118164,6.25,6.239999771118164,6.25,2102,0.0,0.0
2024-08-22 12:29:00-04:00,6.250999927520752,6.255000114440918,6.230000019073486,6.235000133514404,36765,0.0,0.0
2024-08-22 12:30:00-04:00,6.2399001121521,6.2399001121521,6.230800151824951,6.2342000007629395,13966,0.0,0.0
2024-08-22 12:31:00-04:00,6.230000019073486,6.230000019073486,6.230000019073486,6.230000019073486,1017,0.0,0.0
2024-08-22 12:32:00-04:00,6.235000133514404,6.235000133514404,6.230000019073486,6.230000019073486,10355,0.0,0.0
2024-08-22 12:33:00-04:00,6.21999979019165,6.21999979019165,6.21999979019165,6.21999979019165,977,0.0,0.0
2024-08-22 12:34:00-04:00,6.230000019073486,6.230000019073486,6.210100173950195,6.210100173950195,8105,0.0,0.0
2024-08-22 12:35:00-04:00,6.210000038146973,6.210000038146973,6.199999809265137,6.199999809265137,1327,0.0,0.0
2024-08-22 12:36:00-04:00,6.209000110626221,6.215000152587891,6.204999923706055,6.215000152587891,21929,0.0,0.0
2024-08-22 12:37:00-04:00,6.210000038146973,6.21120023727417,6.210000038146973,6.21120023727417,971,0.0,0.0
2024-08-22 12:38:00-04:00,6.210000038146973,6.210000038146973,6.204999923706055,6.204999923706055,3201,0.0,0.0
2024-08-22 12:39:00-04:00,6.204100131988525,6.204100131988525,6.204100131988525,6.204100131988525,770,0.0,0.0
2024-08-22 12:40:00-04:00,6.199999809265137,6.199999809265137,6.199999809265137,6.199999809265137,111,0.0,0.0
2024-08-22 12:41:00-04:00,6.199999809265137,6.199999809265137,6.184999942779541,6.184999942779541,3744,0.0,0.0
2024-08-22 12:42:00-04:00,6.184999942779541,6.195000171661377,6.184999942779541,6.195000171661377,4726,0.0,0.0
2024-08-22 12:43:00-04:00,6.195000171661377,6.199999809265137,6.195000171661377,6.199900150299072,10419,0.0,0.0
2024-08-22 12:44:00-04:00,6.204999923706055,6.204999923706055,6.204999923706055,6.204999923706055,0,0.0,0.0
2024-08-22 12:45:00-04:00,6.199999809265137,6.200099945068359,6.190000057220459,6.190000057220459,13470,0.0,0.0
2024-08-22 12:46:00-04:00,6.195000171661377,6.195000171661377,6.190000057220459,6.190000057220459,878,0.0,0.0
2024-08-22 12:47:00-04:00,6.190000057220459,6.190000057220459,6.190000057220459,6.190000057220459,378,0.0,0.0
2024-08-22 12:48:00-04:00,6.190000057220459,6.190000057220459,6.175000190734863,6.175000190734863,40460,0.0,0.0
2024-08-22 12:49:00-04:00,6.179699897766113,6.179699897766113,6.17110013961792,6.17110013961792,10237,0.0,0.0
2024-08-22 12:50:00-04:00,6.175000190734863,6.179900169372559,6.175000190734863,6.179200172424316,8212,0.0,0.0
2024-08-22 12:51:00-04:00,6.179999828338623,6.179999828338623,6.159999847412109,6.168799877166748,17357,0.0,0.0
2024-08-22 12:52:00-04:00,6.164999961853027,6.179599761962891,6.164999961853027,6.170199871063232,39567,0.0,0.0
2024-08-22 12:53:00-04:00,6.170000076293945,6.170000076293945,6.164999961853027,6.164999961853027,7546,0.0,0.0
2024-08-22 12:54:00-04:00,6.164299964904785,6.1697001457214355,6.160099983215332,6.1697001457214355,12543,0.0,0.0
2024-08-22 12:55:00-04:00,6.160200119018555,6.16510009765625,6.160200119018555,6.16510009765625,7810,0.0,0.0
2024-08-22 12:56:00-04:00,6.159999847412109,6.159999847412109,6.159999847412109,6.159999847412109,363,0.0,0.0
2024-08-22 12:57:00-04:00,6.159999847412109,6.159999847412109,6.150000095367432,6.150000095367432,5106,0.0,0.0
2024-08-22 12:58:00-04:00,6.150000095367432,6.150000095367432,6.150000095367432,6.150000095367432,1398,0.0,0.0
2024-08-22 12:59:00-04:00,6.1545000076293945,6.15500020980835,6.150000095367432,6.15500020980835,7972,0.0,0.0
2024-08-22 13:00:00-04:00,6.1508002281188965,6.158999919891357,6.1508002281188965,6.15500020980835,16545,0.0,0.0
2024-08-22 13:01:00-04:00,6.150000095367432,6.15500020980835,6.150000095367432,6.150000095367432,9604,0.0,0.0
2024-08-22 13:02:00-04:00,6.150000095367432,6.150000095367432,6.110000133514404,6.114999771118164,23436,0.0,0.0
2024-08-22 13:03:00-04:00,6.110000133514404,6.114999771118164,6.110000133514404,6.110000133514404,609,0.0,0.0
2024-08-22 13:04:00-04:00,6.114999771118164,6.129700183868408,6.110000133514404,6.125,20815,0.0,0.0
2024-08-22 13:05:00-04:00,6.129899978637695,6.129899978637695,6.120100021362305,6.120100021362305,7145,0.0,0.0
2024-08-22 13:06:00-04:00,6.125,6.125,6.125,6.125,1760,0.0,0.0
2024-08-22 13:07:00-04:00,6.129499912261963,6.130000114440918,6.124800205230713,6.130000114440918,19351,0.0,0.0
2024-08-22 13:08:00-04:00,6.135000228881836,6.1392998695373535,6.135000228881836,6.1392998695373535,8164,0.0,0.0
2024-08-22 13:09:00-04:00,6.133999824523926,6.139699935913086,6.133999824523926,6.133999824523926,1178,0.0,0.0
2024-08-22 13:10:00-04:00,6.135000228881836,6.150000095367432,6.130000114440918,6.144999980926514,18716,0.0,0.0
2024-08-22 13:11:00-04:00,6.149899959564209,6.149899959564209,6.144999980926514,6.144999980926514,636,0.0,0.0
2024-08-22 13:12:00-04:00,6.149899959564209,6.149899959564209,6.140100002288818,6.144999980926514,5667,0.0,0.0
2024-08-22 13:13:00-04:00,6.144499778747559,6.144999980926514,6.144499778747559,6.144999980926514,1138,0.0,0.0
2024-08-22 13:14:00-04:00,6.144999980926514,6.144999980926514,6.144999980926514,6.144999980926514,500,0.0,0.0
2024-08-22 13:15:00-04:00,6.144999980926514,6.149899959564209,6.144999980926514,6.144999980926514,1488,0.0,0.0
2024-08-22 13:16:00-04:00,6.139999866485596,6.144999980926514,6.139999866485596,6.144000053405762,2521,0.0,0.0
2024-08-22 13:17:00-04:00,6.144999980926514,6.144999980926514,6.144999980926514,6.144999980926514,409,0.0,0.0
2024-08-22 13:18:00-04:00,6.144999980926514,6.144999980926514,6.144999980926514,6.144999980926514,551,0.0,0.0
2024-08-22 13:19:00-04:00,6.150000095367432,6.150000095367432,6.139999866485596,6.139999866485596,907,0.0,0.0
2024-08-22 13:20:00-04:00,6.144999980926514,6.15500020980835,6.144999980926514,6.15500020980835,6011,0.0,0.0
2024-08-22 13:21:00-04:00,6.15500020980835,6.15500020980835,6.15500020980835,6.15500020980835,615,0.0,0.0
2024-08-22 13:22:00-04:00,6.15500020980835,6.15500020980835,6.15500020980835,6.15500020980835,581,0.0,0.0
2024-08-22 13:23:00-04:00,6.158299922943115,6.158299922943115,6.158299922943115,6.158299922943115,129,0.0,0.0
2024-08-22 13:24:00-04:00,6.15500020980835,6.159900188446045,6.15500020980835,6.159599781036377,1430,0.0,0.0
2024-08-22 13:25:00-04:00,6.15500020980835,6.15500020980835,6.15500020980835,6.15500020980835,1510,0.0,0.0
2024-08-22 13:26:00-04:00,6.15500020980835,6.15500020980835,6.15500020980835,6.15500020980835,754,0.0,0.0
2024-08-22 13:28:00-04:00,6.15500020980835,6.159900188446045,6.15500020980835,6.15500020980835,766,0.0,0.0
2024-08-22 13:29:00-04:00,6.15500020980835,6.159900188446045,6.15500020980835,6.159900188446045,2475,0.0,0.0
2024-08-22 13:30:00-04:00,6.150000095367432,6.15500020980835,6.150000095367432,6.15500020980835,17013,0.0,0.0
2024-08-22 13:31:00-04:00,6.15500020980835,6.15500020980835,6.150000095367432,6.150000095367432,431,0.0,0.0
2024-08-22 13:32:00-04:00,6.150000095367432,6.150000095367432,6.139999866485596,6.144999980926514,9051,0.0,0.0
2024-08-22 13:33:00-04:00,6.144999980926514,6.15500020980835,6.144999980926514,6.15500020980835,10276,0.0,0.0
2024-08-22 13:34:00-04:00,6.15500020980835,6.15500020980835,6.15500020980835,6.15500020980835,856,0.0,0.0
2024-08-22 13:35:00-04:00,6.15500020980835,6.15500020980835,6.15500020980835,6.15500020980835,831,0.0,0.0
2024-08-22 13:36:00-04:00,6.15500020980835,6.15500020980835,6.15500020980835,6.15500020980835,302,0.0,0.0
2024-08-22 13:37:00-04:00,6.15500020980835,6.164999961853027,6.15500020980835,6.164999961853027,2565,0.0,0.0
2024-08-22 13:38:00-04:00,6.164999961853027,6.164999961853027,6.164999961853027,6.164999961853027,703,0.0,0.0
2024-08-22 13:39:00-04:00,6.164999961853027,6.164999961853027,6.164999961853027,6.164999961853027,281,0.0,0.0
2024-08-22 13:40:00-04:00,6.164999961853027,6.164999961853027,6.164999961853027,6.164999961853027,1068,0.0,0.0
2024-08-22 13:41:00-04:00,6.164999961853027,6.175000190734863,6.164999961853027,6.175000190734863,5230,0.0,0.0
2024-08-22 13:42:00-04:00,6.170000076293945,6.170000076293945,6.170000076293945,6.170000076293945,572,0.0,0.0
2024-08-22 13:43:00-04:00,6.175000190734863,6.175000190734863,6.175000190734863,6.175000190734863,709,0.0,0.0
2024-08-22 13:44:00-04:00,6.175000190734863,6.175000190734863,6.175000190734863,6.175000190734863,761,0.0,0.0
2024-08-22 13:46:00-04:00,6.175000190734863,6.175000190734863,6.175000190734863,6.175000190734863,1295,0.0,0.0
2024-08-22 13:47:00-04:00,6.175000190734863,6.175000190734863,6.175000190734863,6.175000190734863,292,0.0,0.0
2024-08-22 13:48:00-04:00,6.170000076293945,6.170000076293945,6.15500020980835,6.159999847412109,3739,0.0,0.0
2024-08-22 13:49:00-04:00,6.153200149536133,6.15749979019165,6.150000095367432,6.15500020980835,1693,0.0,0.0
2024-08-22 13:50:00-04:00,6.15500020980835,6.15500020980835,6.15500020980835,6.15500020980835,516,0.0,0.0
2024-08-22 13:51:00-04:00,6.15500020980835,6.15500020980835,6.15500020980835,6.15500020980835,396,0.0,0.0
2024-08-22 13:52:00-04:00,6.150000095367432,6.156899929046631,6.150000095367432,6.150000095367432,1026,0.0,0.0
2024-08-22 13:53:00-04:00,6.15500020980835,6.15500020980835,6.15500020980835,6.15500020980835,1799,0.0,0.0
2024-08-22 13:54:00-04:00,6.150000095367432,6.150000095367432,6.150000095367432,6.150000095367432,1084,0.0,0.0
2024-08-22 13:55:00-04:00,6.150000095367432,6.15500020980835,6.150000095367432,6.15500020980835,3688,0.0,0.0
2024-08-22 13:56:00-04:00,6.15500020980835,6.15500020980835,6.150000095367432,6.15500020980835,1752,0.0,0.0
2024-08-22 13:58:00-04:00,6.150000095367432,6.15500020980835,6.150000095367432,6.150000095367432,4503,0.0,0.0
2024-08-22 13:59:00-04:00,6.15500020980835,6.15500020980835,6.150100231170654,6.150100231170654,4703,0.0,0.0
2024-08-22 14:00:00-04:00,6.15500020980835,6.15500020980835,6.15500020980835,6.15500020980835,2438,0.0,0.0
2024-08-22 14:01:00-04:00,6.150000095367432,6.150000095367432,6.150000095367432,6.150000095367432,400,0.0,0.0
2024-08-22 14:02:00-04:00,6.150000095367432,6.15500020980835,6.150000095367432,6.150000095367432,3909,0.0,0.0
2024-08-22 14:03:00-04:00,6.15500020980835,6.15500020980835,6.15500020980835,6.15500020980835,2921,0.0,0.0
2024-08-22 14:05:00-04:00,6.150000095367432,6.15500020980835,6.150000095367432,6.15500020980835,3111,0.0,0.0
2024-08-22 14:06:00-04:00,6.15500020980835,6.15500020980835,6.15500020980835,6.15500020980835,1600,0.0,0.0
2024-08-22 14:07:00-04:00,6.150000095367432,6.150000095367432,6.150000095367432,6.150000095367432,818,0.0,0.0
2024-08-22 14:08:00-04:00,6.15500020980835,6.15500020980835,6.15500020980835,6.15500020980835,4653,0.0,0.0
2024-08-22 14:09:00-04:00,6.15500020980835,6.15500020980835,6.15500020980835,6.15500020980835,3878,0.0,0.0
2024-08-22 14:10:00-04:00,6.15500020980835,6.164999961853027,6.15500020980835,6.159999847412109,7113,0.0,0.0
2024-08-22 14:11:00-04:00,6.159999847412109,6.159999847412109,6.15500020980835,6.15500020980835,7679,0.0,0.0
2024-08-22 14:12:00-04:00,6.1539998054504395,6.1539998054504395,6.1539998054504395,6.1539998054504395,1903,0.0,0.0
2024-08-22 14:13:00-04:00,6.150000095367432,6.150000095367432,6.125,6.125,25616,0.0,0.0
2024-08-22 14:14:00-04:00,6.125199794769287,6.125199794769287,6.125199794769287,6.125199794769287,777,0.0,0.0
2024-08-22 14:15:00-04:00,6.125,6.125,6.125,6.125,928,0.0,0.0
2024-08-22 14:16:00-04:00,6.125,6.125,6.125,6.125,401,0.0,0.0
2024-08-22 14:17:00-04:00,6.119999885559082,6.119999885559082,6.114999771118164,6.114999771118164,2941,0.0,0.0
2024-08-22 14:18:00-04:00,6.118100166320801,6.118100166320801,6.110000133514404,6.114999771118164,4463,0.0,0.0
2024-08-22 14:19:00-04:00,6.114999771118164,6.119999885559082,6.114999771118164,6.119999885559082,10179,0.0,0.0
2024-08-22 14:20:00-04:00,6.119999885559082,6.119999885559082,6.119999885559082,6.119999885559082,2509,0.0,0.0
2024-08-22 14:22:00-04:00,6.119900226593018,6.119900226593018,6.110000133514404,6.110000133514404,426,0.0,0.0
2024-08-22 14:23:00-04:00,6.110000133514404,6.110000133514404,6.099999904632568,6.099999904632568,2717,0.0,0.0
2024-08-22 14:24:00-04:00,6.099999904632568,6.099999904632568,6.090000152587891,6.09499979019165,19946,0.0,0.0
2024-08-22 14:25:00-04:00,6.093699932098389,6.093699932098389,6.090000152587891,6.090199947357178,2519,0.0,0.0
2024-08-22 14:26:00-04:00,6.090000152587891,6.09499979019165,6.090000152587891,6.09499979019165,992,0.0,0.0
2024-08-22 14:27:00-04:00,6.09499979019165,6.099999904632568,6.090000152587891,6.09499979019165,9165,0.0,0.0
2024-08-22 14:28:00-04:00,6.09499979019165,6.099999904632568,6.09499979019165,6.099999904632568,3314,0.0,0.0
2024-08-22 14:29:00-04:00,6.105000019073486,6.110000133514404,6.105000019073486,6.110000133514404,1363,0.0,0.0
2024-08-22 14:30:00-04:00,6.114999771118164,6.117499828338623,6.114999771118164,6.117499828338623,592,0.0,0.0
2024-08-22 14:31:00-04:00,6.114999771118164,6.114999771118164,6.114200115203857,6.114200115203857,351,0.0,0.0
2024-08-22 14:32:00-04:00,6.117099761962891,6.130000114440918,6.114999771118164,6.130000114440918,5008,0.0,0.0
2024-08-22 14:33:00-04:00,6.125,6.125,6.125,6.125,1239,0.0,0.0
2024-08-22 14:36:00-04:00,6.119999885559082,6.119999885559082,6.114999771118164,6.114999771118164,2688,0.0,0.0
2024-08-22 14:38:00-04:00,6.110000133514404,6.110000133514404,6.110000133514404,6.110000133514404,388,0.0,0.0
2024-08-22 14:39:00-04:00,6.114999771118164,6.114999771118164,6.110000133514404,6.110000133514404,749,0.0,0.0
2024-08-22 14:40:00-04:00,6.110099792480469,6.114999771118164,6.110000133514404,6.110000133514404,2828,0.0,0.0
2024-08-22 14:41:00-04:00,6.110000133514404,6.114999771118164,6.110000133514404,6.114999771118164,302,0.0,0.0
2024-08-22 14:42:00-04:00,6.119999885559082,6.119999885559082,6.110000133514404,6.110000133514404,2729,0.0,0.0
2024-08-22 14:43:00-04:00,6.110000133514404,6.119999885559082,6.110000133514404,6.110000133514404,2527,0.0,0.0
2024-08-22 14:44:00-04:00,6.110000133514404,6.119999885559082,6.110000133514404,6.114999771118164,2891,0.0,0.0
2024-08-22 14:45:00-04:00,6.114999771118164,6.125,6.114999771118164,6.119999885559082,4950,0.0,0.0
2024-08-22 14:46:00-04:00,6.129899978637695,6.129899978637695,6.125,6.125,444,0.0,0.0
2024-08-22 14:47:00-04:00,6.125,6.1468000411987305,6.125,6.1468000411987305,4524,0.0,0.0
2024-08-22 14:48:00-04:00,6.149899959564209,6.149899959564209,6.144999980926514,6.144999980926514,475,0.0,0.0
2024-08-22 14:49:00-04:00,6.143700122833252,6.143700122833252,6.139999866485596,6.139999866485596,600,0.0,0.0
2024-08-22 14:50:00-04:00,6.139999866485596,6.139999866485596,6.125,6.125,3714,0.0,0.0
2024-08-22 14:51:00-04:00,6.125,6.125,6.125,6.125,3069,0.0,0.0
2024-08-22 14:52:00-04:00,6.119999885559082,6.120100021362305,6.119999885559082,6.120100021362305,1179,0.0,0.0
2024-08-22 14:53:00-04:00,6.125,6.125,6.119999885559082,6.119999885559082,562,0.0,0.0
2024-08-22 14:54:00-04:00,6.125,6.125,6.119999885559082,6.123499870300293,2886,0.0,0.0
2024-08-22 14:55:00-04:00,6.119999885559082,6.119999885559082,6.105000019073486,6.110000133514404,13569,0.0,0.0
2024-08-22 14:56:00-04:00,6.110000133514404,6.114999771118164,6.110000133514404,6.110000133514404,707,0.0,0.0
2024-08-22 14:57:00-04:00,6.110000133514404,6.110000133514404,6.110000133514404,6.110000133514404,716,0.0,0.0
2024-08-22 14:58:00-04:00,6.110000133514404,6.114999771118164,6.099999904632568,6.099999904632568,2896,0.0,0.0
2024-08-22 14:59:00-04:00,6.099999904632568,6.099999904632568,6.090000152587891,6.09499979019165,3435,0.0,0.0
2024-08-22 15:00:00-04:00,6.09499979019165,6.09499979019165,6.090000152587891,6.090000152587891,3771,0.0,0.0
2024-08-22 15:01:00-04:00,6.09499979019165,6.114999771118164,6.09499979019165,6.113999843597412,9389,0.0,0.0
2024-08-22 15:02:00-04:00,6.114999771118164,6.119999885559082,6.114999771118164,6.119999885559082,1620,0.0,0.0
2024-08-22 15:03:00-04:00,6.125,6.125,6.125,6.125,368,0.0,0.0
2024-08-22 15:05:00-04:00,6.125,6.135000228881836,6.125,6.135000228881836,3438,0.0,0.0
2024-08-22 15:06:00-04:00,6.135000228881836,6.135000228881836,6.135000228881836,6.135000228881836,460,0.0,0.0
2024-08-22 15:07:00-04:00,6.135000228881836,6.135000228881836,6.135000228881836,6.135000228881836,866,0.0,0.0
2024-08-22 15:08:00-04:00,6.130000114440918,6.130000114440918,6.130000114440918,6.130000114440918,1049,0.0,0.0
2024-08-22 15:09:00-04:00,6.135000228881836,6.135000228881836,6.135000228881836,6.135000228881836,1699,0.0,0.0
2024-08-22 15:10:00-04:00,6.135000228881836,6.139699935913086,6.135000228881836,6.135000228881836,1645,0.0,0.0
2024-08-22 15:11:00-04:00,6.139900207519531,6.139999866485596,6.135000228881836,6.139999866485596,5683,0.0,0.0
2024-08-22 15:12:00-04:00,6.144999980926514,6.150000095367432,6.139999866485596,6.148900032043457,16712,0.0,0.0
2024-08-22 15:13:00-04:00,6.139999866485596,6.139999866485596,6.139999866485596,6.139999866485596,518,0.0,0.0
2024-08-22 15:14:00-04:00,6.144999980926514,6.144999980926514,6.139999866485596,6.139999866485596,707,0.0,0.0
2024-08-22 15:15:00-04:00,6.144999980926514,6.144999980926514,6.144999980926514,6.144999980926514,1608,0.0,0.0
2024-08-22 15:16:00-04:00,6.144999980926514,6.144999980926514,6.139999866485596,6.139999866485596,523,0.0,0.0
2024-08-22 15:17:00-04:00,6.139999866485596,6.139999866485596,6.130000114440918,6.135000228881836,9165,0.0,0.0
2024-08-22 15:18:00-04:00,6.135000228881836,6.135000228881836,6.130000114440918,6.135000228881836,1777,0.0,0.0
2024-08-22 15:19:00-04:00,6.130000114440918,6.135000228881836,6.119999885559082,6.125,12415,0.0,0.0
2024-08-22 15:20:00-04:00,6.125,6.125,6.119999885559082,6.119999885559082,1367,0.0,0.0
2024-08-22 15:21:00-04:00,6.119999885559082,6.125,6.119999885559082,6.125,1685,0.0,0.0
2024-08-22 15:22:00-04:00,6.119999885559082,6.125,6.119999885559082,6.125,1438,0.0,0.0
2024-08-22 15:23:00-04:00,6.119999885559082,6.119999885559082,6.119999885559082,6.119999885559082,585,0.0,0.0
2024-08-22 15:24:00-04:00,6.119999885559082,6.119999885559082,6.110000133514404,6.119900226593018,5279,0.0,0.0
2024-08-22 15:25:00-04:00,6.110000133514404,6.110000133514404,6.110000133514404,6.110000133514404,941,0.0,0.0
2024-08-22 15:26:00-04:00,6.110000133514404,6.110000133514404,6.099999904632568,6.099999904632568,2753,0.0,0.0
2024-08-22 15:27:00-04:00,6.099999904632568,6.105000019073486,6.099999904632568,6.099999904632568,3957,0.0,0.0
2024-08-22 15:28:00-04:00,6.105000019073486,6.105000019073486,6.099999904632568,6.099999904632568,3919,0.0,0.0
2024-08-22 15:29:00-04:00,6.103700160980225,6.110000133514404,6.099999904632568,6.105000019073486,12126,0.0,0.0
2024-08-22 15:30:00-04:00,6.1020002365112305,6.1020002365112305,6.09499979019165,6.09499979019165,8054,0.0,0.0
2024-08-22 15:31:00-04:00,6.099999904632568,6.105000019073486,6.099999904632568,6.105000019073486,5534,0.0,0.0
2024-08-22 15:32:00-04:00,6.099999904632568,6.099999904632568,6.09499979019165,6.09499979019165,2518,0.0,0.0
2024-08-22 15:33:00-04:00,6.09499979019165,6.09499979019165,6.090000152587891,6.090000152587891,1465,0.0,0.0
2024-08-22 15:34:00-04:00,6.090000152587891,6.090000152587891,6.090000152587891,6.090000152587891,297,0.0,0.0
2024-08-22 15:35:00-04:00,6.099999904632568,6.099999904632568,6.090000152587891,6.090000152587891,3183,0.0,0.0
2024-08-22 15:36:00-04:00,6.085000038146973,6.085000038146973,6.085000038146973,6.085000038146973,2499,0.0,0.0
2024-08-22 15:37:00-04:00,6.085000038146973,6.088399887084961,6.079999923706055,6.088399887084961,2436,0.0,0.0
2024-08-22 15:38:00-04:00,6.079999923706055,6.085000038146973,6.079999923706055,6.085000038146973,664,0.0,0.0
2024-08-22 15:39:00-04:00,6.085000038146973,6.085000038146973,6.079999923706055,6.079999923706055,1431,0.0,0.0
2024-08-22 15:40:00-04:00,6.079999923706055,6.079999923706055,6.074999809265137,6.079899787902832,7921,0.0,0.0
2024-08-22 15:42:00-04:00,6.070000171661377,6.077400207519531,6.070000171661377,6.077400207519531,2730,0.0,0.0
2024-08-22 15:43:00-04:00,6.070000171661377,6.076200008392334,6.070000171661377,6.070000171661377,1932,0.0,0.0
2024-08-22 15:44:00-04:00,6.070000171661377,6.070000171661377,6.054999828338623,6.054999828338623,12825,0.0,0.0
2024-08-22 15:45:00-04:00,6.054999828338623,6.064300060272217,6.050000190734863,6.050000190734863,20888,0.0,0.0
2024-08-22 15:47:00-04:00,6.0584001541137695,6.0584001541137695,6.050000190734863,6.054999828338623,1666,0.0,0.0
2024-08-22 15:48:00-04:00,6.054999828338623,6.058199882507324,6.039999961853027,6.045000076293945,49449,0.0,0.0
2024-08-22 15:49:00-04:00,6.045000076293945,6.050000190734863,6.045000076293945,6.045000076293945,23423,0.0,0.0
2024-08-22 15:50:00-04:00,6.050000190734863,6.070000171661377,6.050000190734863,6.064899921417236,17730,0.0,0.0
2024-08-22 15:51:00-04:00,6.065000057220459,6.070000171661377,6.059999942779541,6.059999942779541,17290,0.0,0.0
2024-08-22 15:52:00-04:00,6.059999942779541,6.059999942779541,6.050000190734863,6.054999828338623,6040,0.0,0.0
2024-08-22 15:53:00-04:00,6.050000190734863,6.050000190734863,6.010000228881836,6.025000095367432,35880,0.0,0.0
2024-08-22 15:54:00-04:00,6.025000095367432,6.03000020980835,6.014999866485596,6.03000020980835,20986,0.0,0.0
2024-08-22 15:55:00-04:00,6.03000020980835,6.038300037384033,6.025000095367432,6.030300140380859,14531,0.0,0.0
2024-08-22 15:56:00-04:00,6.03000020980835,6.039999961853027,6.03000020980835,6.034999847412109,11243,0.0,0.0
2024-08-22 15:57:00-04:00,6.03000020980835,6.039899826049805,6.03000020980835,6.037099838256836,11849,0.0,0.0
2024-08-22 15:58:00-04:00,6.03000020980835,6.039999961853027,6.025000095367432,6.039999961853027,68998,0.0,0.0
2024-08-22 15:59:00-04:00,6.050000190734863,6.054999828338623,6.03000020980835,6.039999961853027,85518,0.0,0.0
2024-08-23 09:30:00-04:00,6.039999961853027,6.099999904632568,6.039999961853027,6.079999923706055,26711,0.0,0.0
2024-08-23 09:31:00-04:00,6.090000152587891,6.099999904632568,6.059999942779541,6.059999942779541,7021,0.0,0.0
2024-08-23 09:32:00-04:00,6.059899806976318,6.099999904632568,6.054999828338623,6.079999923706055,8345,0.0,0.0
2024-08-23 09:33:00-04:00,6.079999923706055,6.079999923706055,6.045000076293945,6.059999942779541,5881,0.0,0.0
2024-08-23 09:34:00-04:00,6.059899806976318,6.085000038146973,6.059899806976318,6.085000038146973,1198,0.0,0.0
2024-08-23 09:35:00-04:00,6.090000152587891,6.09499979019165,6.079999923706055,6.080999851226807,17345,0.0,0.0
2024-08-23 09:36:00-04:00,6.099999904632568,6.099999904632568,6.099999904632568,6.099999904632568,1671,0.0,0.0
2024-08-23 09:37:00-04:00,6.099999904632568,6.110000133514404,6.099999904632568,6.110000133514404,2235,0.0,0.0
2024-08-23 09:38:00-04:00,6.110000133514404,6.110000133514404,6.105000019073486,6.110000133514404,12075,0.0,0.0
2024-08-23 09:39:00-04:00,6.139999866485596,6.139999866485596,6.139999866485596,6.139999866485596,1970,0.0,0.0
2024-08-23 09:40:00-04:00,6.130000114440918,6.139999866485596,6.130000114440918,6.135000228881836,6147,0.0,0.0
2024-08-23 09:41:00-04:00,6.125999927520752,6.125999927520752,6.125,6.125,5297,0.0,0.0
2024-08-23 09:42:00-04:00,6.125,6.135000228881836,6.125,6.130000114440918,3934,0.0,0.0
2024-08-23 09:43:00-04:00,6.139999866485596,6.139999866485596,6.139999866485596,6.139999866485596,211,0.0,0.0
2024-08-23 09:44:00-04:00,6.150000095367432,6.150000095367432,6.139999866485596,6.139999866485596,804,0.0,0.0
2024-08-23 09:45:00-04:00,6.139999866485596,6.139999866485596,6.079999923706055,6.080699920654297,8950,0.0,0.0
2024-08-23 09:46:00-04:00,6.079999923706055,6.085000038146973,6.079999923706055,6.0808000564575195,2769,0.0,0.0
2024-08-23 09:47:00-04:00,6.090000152587891,6.090000152587891,6.079999923706055,6.079999923706055,743,0.0,0.0
2024-08-23 09:48:00-04:00,6.079999923706055,6.079999923706055,6.076000213623047,6.076000213623047,258,0.0,0.0
2024-08-23 09:49:00-04:00,6.070000171661377,6.070000171661377,6.070000171661377,6.070000171661377,781,0.0,0.0
2024-08-23 09:50:00-04:00,6.059999942779541,6.059999942779541,6.050000190734863,6.050000190734863,2213,0.0,0.0
2024-08-23 09:51:00-04:00,6.054999828338623,6.059999942779541,6.050000190734863,6.050000190734863,2160,0.0,0.0
2024-08-23 09:52:00-04:00,6.050000190734863,6.050000190734863,6.029300212860107,6.039999961853027,23783,0.0,0.0
2024-08-23 09:53:00-04:00,6.054999828338623,6.059999942779541,6.054999828338623,6.054999828338623,1372,0.0,0.0
2024-08-23 09:54:00-04:00,6.059999942779541,6.070000171661377,6.059999942779541,6.070000171661377,483,0.0,0.0
2024-08-23 09:55:00-04:00,6.079999923706055,6.079999923706055,6.070000171661377,6.079999923706055,7260,0.0,0.0
2024-08-23 09:56:00-04:00,6.079999923706055,6.079999923706055,6.079999923706055,6.079999923706055,223,0.0,0.0
2024-08-23 09:57:00-04:00,6.070099830627441,6.070099830627441,6.050099849700928,6.054999828338623,6315,0.0,0.0
2024-08-23 09:58:00-04:00,6.059299945831299,6.059999942779541,6.059299945831299,6.059999942779541,1049,0.0,0.0
2024-08-23 09:59:00-04:00,6.050000190734863,6.050000190734863,6.039999961853027,6.039999961853027,2345,0.0,0.0
2024-08-23 10:00:00-04:00,6.050000190734863,6.090000152587891,6.050000190734863,6.079999923706055,12934,0.0,0.0
2024-08-23 10:01:00-04:00,6.110000133514404,6.124800205230713,6.099999904632568,6.124800205230713,21377,0.0,0.0
2024-08-23 10:02:00-04:00,6.130000114440918,6.150000095367432,6.130000114440918,6.139999866485596,0,0.0,0.0
2024-08-23 10:03:00-04:00,6.150000095367432,6.150000095367432,6.140100002288818,6.1479997634887695,9221,0.0,0.0
2024-08-23 10:04:00-04:00,6.139999866485596,6.139999866485596,6.130000114440918,6.130000114440918,1231,0.0,0.0
2024-08-23 10:05:00-04:00,6.130000114440918,6.130000114440918,6.110000133514404,6.110000133514404,17181,0.0,0.0
2024-08-23 10:06:00-04:00,6.110000133514404,6.119999885559082,6.099999904632568,6.119999885559082,11356,0.0,0.0
2024-08-23 10:07:00-04:00,6.119999885559082,6.139900207519531,6.119999885559082,6.139900207519531,7830,0.0,0.0
2024-08-23 10:08:00-04:00,6.139999866485596,6.139999866485596,6.139999866485596,6.139999866485596,0,0.0,0.0
2024-08-23 10:09:00-04:00,6.130000114440918,6.139900207519531,6.130000114440918,6.133600234985352,20694,0.0,0.0
2024-08-23 10:10:00-04:00,6.138000011444092,6.15500020980835,6.135000228881836,6.15500020980835,9684,0.0,0.0
2024-08-23 10:11:00-04:00,6.150000095367432,6.15500020980835,6.139999866485596,6.15500020980835,9080,0.0,0.0
2024-08-23 10:12:00-04:00,6.158699989318848,6.170000076293945,6.156700134277344,6.170000076293945,4981,0.0,0.0
2024-08-23 10:13:00-04:00,6.179900169372559,6.189899921417236,6.170199871063232,6.184999942779541,22971,0.0,0.0
2024-08-23 10:14:00-04:00,6.190000057220459,6.199999809265137,6.184999942779541,6.190000057220459,33718,0.0,0.0
2024-08-23 10:15:00-04:00,6.184999942779541,6.184999942779541,6.175000190734863,6.175000190734863,16771,0.0,0.0
2024-08-23 10:16:00-04:00,6.179900169372559,6.179999828338623,6.149799823760986,6.149799823760986,32712,0.0,0.0
2024-08-23 10:17:00-04:00,6.140100002288818,6.150000095367432,6.135000228881836,6.135000228881836,24032,0.0,0.0
2024-08-23 10:18:00-04:00,6.150000095367432,6.150000095367432,6.135000228881836,6.139999866485596,8237,0.0,0.0
2024-08-23 10:19:00-04:00,6.150000095367432,6.150000095367432,6.139999866485596,6.139999866485596,1597,0.0,0.0
2024-08-23 10:20:00-04:00,6.139699935913086,6.179999828338623,6.139699935913086,6.177999973297119,15354,0.0,0.0
2024-08-23 10:21:00-04:00,6.170000076293945,6.170000076293945,6.150000095367432,6.150000095367432,8354,0.0,0.0
2024-08-23 10:22:00-04:00,6.15500020980835,6.170000076293945,6.150000095367432,6.170000076293945,9995,0.0,0.0
2024-08-23 10:23:00-04:00,6.184999942779541,6.196000099182129,6.179999828338623,6.195000171661377,13531,0.0,0.0
2024-08-23 10:24:00-04:00,6.199900150299072,6.239999771118164,6.199900150299072,6.235000133514404,49325,0.0,0.0
2024-08-23 10:25:00-04:00,6.235000133514404,6.235000133514404,6.210000038146973,6.210000038146973,17119,0.0,0.0
2024-08-23 10:26:00-04:00,6.215000152587891,6.21999979019165,6.210000038146973,6.210000038146973,5534,0.0,0.0
2024-08-23 10:27:00-04:00,6.210000038146973,6.21999979019165,6.200099945068359,6.21019983291626,38568,0.0,0.0
2024-08-23 10:28:00-04:00,6.215000152587891,6.239999771118164,6.215000152587891,6.239999771118164,23975,0.0,0.0
2024-08-23 10:29:00-04:00,6.240099906921387,6.25,6.21999979019165,6.21999979019165,36381,0.0,0.0
2024-08-23 10:30:00-04:00,6.230000019073486,6.25,6.230000019073486,6.235000133514404,18041,0.0,0.0
2024-08-23 10:31:00-04:00,6.239999771118164,6.269999980926514,6.239999771118164,6.264999866485596,29221,0.0,0.0
2024-08-23 10:32:00-04:00,6.265999794006348,6.28000020980835,6.252399921417236,6.28000020980835,21323,0.0,0.0
2024-08-23 10:33:00-04:00,6.269999980926514,6.276899814605713,6.259900093078613,6.276899814605713,25855,0.0,0.0
2024-08-23 10:34:00-04:00,6.269999980926514,6.300000190734863,6.269999980926514,6.289999961853027,17643,0.0,0.0
2024-08-23 10:35:00-04:00,6.28000020980835,6.291600227355957,6.264999866485596,6.291600227355957,24678,0.0,0.0
2024-08-23 10:36:00-04:00,6.299900054931641,6.320000171661377,6.299900054931641,6.309999942779541,38121,0.0,0.0
2024-08-23 10:37:00-04:00,6.304800033569336,6.315000057220459,6.289999961853027,6.295599937438965,29216,0.0,0.0
2024-08-23 10:38:00-04:00,6.300000190734863,6.320000171661377,6.29010009765625,6.300000190734863,32538,0.0,0.0
2024-08-23 10:39:00-04:00,6.304999828338623,6.319900035858154,6.30019998550415,6.308199882507324,14967,0.0,0.0
2024-08-23 10:40:00-04:00,6.302000045776367,6.310100078582764,6.295000076293945,6.304999828338623,47657,0.0,0.0
2024-08-23 10:41:00-04:00,6.315000057220459,6.329999923706055,6.304999828338623,6.329999923706055,7450,0.0,0.0
2024-08-23 10:42:00-04:00,6.335000038146973,6.340000152587891,6.320000171661377,6.324999809265137,27637,0.0,0.0
2024-08-23 10:43:00-04:00,6.325799942016602,6.349999904632568,6.324999809265137,6.34499979019165,10639,0.0,0.0
2024-08-23 10:44:00-04:00,6.34499979019165,6.369999885559082,6.34499979019165,6.369999885559082,15952,0.0,0.0
2024-08-23 10:45:00-04:00,6.375,6.379899978637695,6.369999885559082,6.370800018310547,15583,0.0,0.0
2024-08-23 10:46:00-04:00,6.370100021362305,6.375,6.335000038146973,6.335000038146973,25339,0.0,0.0
2024-08-23 10:47:00-04:00,6.329999923706055,6.349999904632568,6.324999809265137,6.340099811553955,21898,0.0,0.0
2024-08-23 10:48:00-04:00,6.349999904632568,6.349999904632568,6.295000076293945,6.295000076293945,12449,0.0,0.0
2024-08-23 10:49:00-04:00,6.299900054931641,6.329999923706055,6.299900054931641,6.329999923706055,11180,0.0,0.0
2024-08-23 10:50:00-04:00,6.335000038146973,6.340000152587891,6.324999809265137,6.329999923706055,7765,0.0,0.0
2024-08-23 10:51:00-04:00,6.320000171661377,6.320099830627441,6.299499988555908,6.300000190734863,36210,0.0,0.0
2024-08-23 10:52:00-04:00,6.304999828338623,6.309999942779541,6.300099849700928,6.304999828338623,8144,0.0,0.0
2024-08-23 10:53:00-04:00,6.304999828338623,6.315000057220459,6.300099849700928,6.304999828338623,23444,0.0,0.0
2024-08-23 10:54:00-04:00,6.3059000968933105,6.349999904632568,6.3059000968933105,6.349999904632568,7605,0.0,0.0
2024-08-23 10:55:00-04:00,6.358799934387207,6.389999866485596,6.349999904632568,6.389999866485596,30604,0.0,0.0
2024-08-23 10:56:00-04:00,6.385000228881836,6.389999866485596,6.374000072479248,6.389999866485596,38702,0.0,0.0
2024-08-23 10:57:00-04:00,6.389999866485596,6.400000095367432,6.389999866485596,6.399899959564209,5854,0.0,0.0
2024-08-23 10:58:00-04:00,6.398200035095215,6.400000095367432,6.380000114440918,6.380000114440918,13672,0.0,0.0
2024-08-23 10:59:00-04:00,6.379199981689453,6.385000228881836,6.367400169372559,6.369999885559082,22896,0.0,0.0
2024-08-23 11:00:00-04:00,6.369999885559082,6.369999885559082,6.350100040435791,6.350100040435791,18117,0.0,0.0
2024-08-23 11:01:00-04:00,6.360000133514404,6.369999885559082,6.355000019073486,6.355000019073486,9956,0.0,0.0
2024-08-23 11:02:00-04:00,6.360000133514404,6.360000133514404,6.360000133514404,6.360000133514404,897,0.0,0.0
2024-08-23 11:03:00-04:00,6.360000133514404,6.364999771118164,6.34499979019165,6.355000019073486,9620,0.0,0.0
2024-08-23 11:04:00-04:00,6.349999904632568,6.360000133514404,6.349999904632568,6.360000133514404,10937,0.0,0.0
2024-08-23 11:05:00-04:00,6.369999885559082,6.375,6.360000133514404,6.370100021362305,3381,0.0,0.0
2024-08-23 11:06:00-04:00,6.375,6.380000114440918,6.375,6.375,12469,0.0,0.0
2024-08-23 11:07:00-04:00,6.389900207519531,6.389999866485596,6.380000114440918,6.380099773406982,13184,0.0,0.0
2024-08-23 11:08:00-04:00,6.380000114440918,6.380000114440918,6.375,6.380000114440918,4085,0.0,0.0
2024-08-23 11:09:00-04:00,6.385000228881836,6.389999866485596,6.380000114440918,6.380099773406982,1671,0.0,0.0
2024-08-23 11:10:00-04:00,6.380000114440918,6.380000114440918,6.341000080108643,6.341000080108643,4448,0.0,0.0
2024-08-23 11:11:00-04:00,6.349999904632568,6.349999904632568,6.329999923706055,6.329999923706055,4407,0.0,0.0
2024-08-23 11:12:00-04:00,6.335000038146973,6.335000038146973,6.320000171661377,6.324999809265137,3070,0.0,0.0
2024-08-23 11:13:00-04:00,6.324999809265137,6.349999904632568,6.324999809265137,6.349999904632568,1915,0.0,0.0
2024-08-23 11:14:00-04:00,6.34499979019165,6.349999904632568,6.34499979019165,6.349999904632568,2504,0.0,0.0
2024-08-23 11:15:00-04:00,6.349999904632568,6.349999904632568,6.340000152587891,6.340000152587891,10402,0.0,0.0
2024-08-23 11:16:00-04:00,6.34499979019165,6.34499979019165,6.34499979019165,6.34499979019165,533,0.0,0.0
2024-08-23 11:17:00-04:00,6.3460001945495605,6.349999904632568,6.3403000831604,6.3403000831604,3598,0.0,0.0
2024-08-23 11:18:00-04:00,6.355000019073486,6.369999885559082,6.355000019073486,6.369999885559082,2974,0.0,0.0
2024-08-23 11:19:00-04:00,6.375,6.385000228881836,6.375,6.385000228881836,11830,0.0,0.0
2024-08-23 11:20:00-04:00,6.385000228881836,6.385000228881836,6.380000114440918,6.380000114440918,1708,0.0,0.0
2024-08-23 11:21:00-04:00,6.370299816131592,6.380000114440918,6.370100021362305,6.380000114440918,7050,0.0,0.0
2024-08-23 11:22:00-04:00,6.380000114440918,6.383699893951416,6.380000114440918,6.380000114440918,2676,0.0,0.0
2024-08-23 11:23:00-04:00,6.389999866485596,6.389999866485596,6.375,6.380000114440918,2267,0.0,0.0
2024-08-23 11:24:00-04:00,6.385000228881836,6.389999866485596,6.380300045013428,6.380300045013428,1976,0.0,0.0
2024-08-23 11:25:00-04:00,6.388999938964844,6.389999866485596,6.388999938964844,6.389999866485596,1425,0.0,0.0
2024-08-23 11:26:00-04:00,6.385000228881836,6.394999980926514,6.385000228881836,6.394999980926514,5191,0.0,0.0
2024-08-23 11:27:00-04:00,6.399899959564209,6.399899959564209,6.370800018310547,6.379000186920166,12729,0.0,0.0
2024-08-23 11:28:00-04:00,6.380000114440918,6.380000114440918,6.369999885559082,6.380000114440918,2747,0.0,0.0
2024-08-23 11:29:00-04:00,6.380000114440918,6.380000114440918,6.380000114440918,6.380000114440918,731,0.0,0.0
2024-08-23 11:30:00-04:00,6.380000114440918,6.380000114440918,6.380000114440918,6.380000114440918,1438,0.0,0.0
2024-08-23 11:31:00-04:00,6.369999885559082,6.375,6.369999885559082,6.369999885559082,21701,0.0,0.0
2024-08-23 11:32:00-04:00,6.371200084686279,6.371200084686279,6.36929988861084,6.36929988861084,0,0.0,0.0
2024-08-23 11:33:00-04:00,6.369999885559082,6.369999885559082,6.369999885559082,6.369999885559082,578,0.0,0.0
2024-08-23 11:34:00-04:00,6.379700183868408,6.389999866485596,6.379700183868408,6.389200210571289,2993,0.0,0.0
2024-08-23 11:35:00-04:00,6.389999866485596,6.389999866485596,6.380000114440918,6.382699966430664,2400,0.0,0.0
2024-08-23 11:36:00-04:00,6.380000114440918,6.380000114440918,6.360000133514404,6.360000133514404,18689,0.0,0.0
2024-08-23 11:37:00-04:00,6.369999885559082,6.369999885559082,6.360000133514404,6.369999885559082,12278,0.0,0.0
2024-08-23 11:38:00-04:00,6.375,6.380000114440918,6.360000133514404,6.360000133514404,11849,0.0,0.0
2024-08-23 11:39:00-04:00,6.364999771118164,6.364999771118164,6.340000152587891,6.340000152587891,13545,0.0,0.0
2024-08-23 11:40:00-04:00,6.349899768829346,6.349899768829346,6.329999923706055,6.335000038146973,6786,0.0,0.0
2024-08-23 11:41:00-04:00,6.340000152587891,6.349999904632568,6.3302001953125,6.340000152587891,5915,0.0,0.0
2024-08-23 11:42:00-04:00,6.3308000564575195,6.3308000564575195,6.3308000564575195,6.3308000564575195,326,0.0,0.0
2024-08-23 11:43:00-04:00,6.329999923706055,6.349899768829346,6.329999923706055,6.34499979019165,28913,0.0,0.0
2024-08-23 11:44:00-04:00,6.349999904632568,6.349999904632568,6.340000152587891,6.344900131225586,14365,0.0,0.0
2024-08-23 11:45:00-04:00,6.34499979019165,6.369999885559082,6.340000152587891,6.349999904632568,29339,0.0,0.0
2024-08-23 11:46:00-04:00,6.349999904632568,6.369999885559082,6.349999904632568,6.369999885559082,19957,0.0,0.0
2024-08-23 11:47:00-04:00,6.364999771118164,6.364999771118164,6.340000152587891,6.349999904632568,30983,0.0,0.0
2024-08-23 11:48:00-04:00,6.349999904632568,6.360000133514404,6.34499979019165,6.360000133514404,28729,0.0,0.0
2024-08-23 11:49:00-04:00,6.355000019073486,6.366300106048584,6.355000019073486,6.366300106048584,3478,0.0,0.0
2024-08-23 11:50:00-04:00,6.360000133514404,6.360099792480469,6.355000019073486,6.360000133514404,18011,0.0,0.0
2024-08-23 11:51:00-04:00,6.3643999099731445,6.3643999099731445,6.355000019073486,6.360000133514404,15276,0.0,0.0
2024-08-23 11:52:00-04:00,6.361700057983398,6.361700057983398,6.34499979019165,6.355000019073486,16849,0.0,0.0
2024-08-23 11:53:00-04:00,6.355000019073486,6.355000019073486,6.349999904632568,6.355000019073486,2087,0.0,0.0
2024-08-23 11:54:00-04:00,6.3531999588012695,6.369999885559082,6.349999904632568,6.369999885559082,18798,0.0,0.0
2024-08-23 11:55:00-04:00,6.370100021362305,6.380799770355225,6.36899995803833,6.375,19988,0.0,0.0
2024-08-23 11:56:00-04:00,6.369999885559082,6.375,6.369999885559082,6.375,1557,0.0,0.0
2024-08-23 11:57:00-04:00,6.369999885559082,6.385000228881836,6.369999885559082,6.380000114440918,3439,0.0,0.0
2024-08-23 11:58:00-04:00,6.380000114440918,6.380000114440918,6.360000133514404,6.369999885559082,18755,0.0,0.0
2024-08-23 11:59:00-04:00,6.366000175476074,6.366000175476074,6.354000091552734,6.354000091552734,20598,0.0,0.0
2024-08-23 12:00:00-04:00,6.364999771118164,6.364999771118164,6.360000133514404,6.360099792480469,8519,0.0,0.0
2024-08-23 12:01:00-04:00,6.360000133514404,6.380000114440918,6.355000019073486,6.369999885559082,29436,0.0,0.0
2024-08-23 12:02:00-04:00,6.364999771118164,6.369999885559082,6.360000133514404,6.360099792480469,9799,0.0,0.0
2024-08-23 12:03:00-04:00,6.364999771118164,6.364999771118164,6.329999923706055,6.349999904632568,28516,0.0,0.0
2024-08-23 12:04:00-04:00,6.355000019073486,6.355000019073486,6.349999904632568,6.349999904632568,5334,0.0,0.0
2024-08-23 12:05:00-04:00,6.360000133514404,6.360000133514404,6.349999904632568,6.360000133514404,1997,0.0,0.0
2024-08-23 12:06:00-04:00,6.349999904632568,6.369999885559082,6.349999904632568,6.369999885559082,4312,0.0,0.0
2024-08-23 12:07:00-04:00,6.364999771118164,6.364999771118164,6.360300064086914,6.360300064086914,1600,0.0,0.0
2024-08-23 12:08:00-04:00,6.364999771118164,6.369999885559082,6.364999771118164,6.369999885559082,1758,0.0,0.0
2024-08-23 12:09:00-04:00,6.375,6.380000114440918,6.374100208282471,6.374100208282471,6070,0.0,0.0
2024-08-23 12:10:00-04:00,6.380000114440918,6.389999866485596,6.380000114440918,6.380199909210205,33306,0.0,0.0
2024-08-23 12:11:00-04:00,6.380000114440918,6.389900207519531,6.3790998458862305,6.388500213623047,12285,0.0,0.0
2024-08-23 12:12:00-04:00,6.385000228881836,6.385000228881836,6.385000228881836,6.385000228881836,2594,0.0,0.0
2024-08-23 12:13:00-04:00,6.380199909210205,6.3867998123168945,6.355000019073486,6.369999885559082,21031,0.0,0.0
2024-08-23 12:14:00-04:00,6.375999927520752,6.375999927520752,6.36269998550415,6.369999885559082,15399,0.0,0.0
2024-08-23 12:15:00-04:00,6.369699954986572,6.370100021362305,6.3618998527526855,6.370100021362305,7041,0.0,0.0
2024-08-23 12:16:00-04:00,6.372600078582764,6.375,6.372600078582764,6.373799800872803,11406,0.0,0.0
2024-08-23 12:17:00-04:00,6.375,6.375,6.364699840545654,6.364699840545654,4679,0.0,0.0
2024-08-23 12:18:00-04:00,6.364999771118164,6.369999885559082,6.364999771118164,6.369100093841553,3658,0.0,0.0
2024-08-23 12:19:00-04:00,6.375,6.389999866485596,6.375,6.389999866485596,10460,0.0,0.0
2024-08-23 12:20:00-04:00,6.389999866485596,6.389999866485596,6.381400108337402,6.381400108337402,2124,0.0,0.0
2024-08-23 12:21:00-04:00,6.385000228881836,6.389999866485596,6.380000114440918,6.380199909210205,8008,0.0,0.0
2024-08-23 12:22:00-04:00,6.385000228881836,6.394999980926514,6.385000228881836,6.394700050354004,31549,0.0,0.0
2024-08-23 12:23:00-04:00,6.394800186157227,6.409999847412109,6.394800186157227,6.40500020980835,25232,0.0,0.0
2024-08-23 12:24:00-04:00,6.40500020980835,6.40500020980835,6.389999866485596,6.389999866485596,15651,0.0,0.0
2024-08-23 12:25:00-04:00,6.389900207519531,6.390100002288818,6.389900207519531,6.390100002288818,8013,0.0,0.0
2024-08-23 12:26:00-04:00,6.394999980926514,6.420000076293945,6.394999980926514,6.420000076293945,22279,0.0,0.0
2024-08-23 12:27:00-04:00,6.425000190734863,6.425000190734863,6.414999961853027,6.425000190734863,6535,0.0,0.0
2024-08-23 12:28:00-04:00,6.425000190734863,6.425000190734863,6.409900188446045,6.414999961853027,24719,0.0,0.0
2024-08-23 12:29:00-04:00,6.420000076293945,6.429999828338623,6.420000076293945,6.425000190734863,8855,0.0,0.0
2024-08-23 12:30:00-04:00,6.425000190734863,6.430500030517578,6.409999847412109,6.430500030517578,26219,0.0,0.0
2024-08-23 12:31:00-04:00,6.429999828338623,6.429999828338623,6.418900012969971,6.420000076293945,10254,0.0,0.0
2024-08-23 12:32:00-04:00,6.420000076293945,6.420000076293945,6.409200191497803,6.410200119018555,22945,0.0,0.0
2024-08-23 12:33:00-04:00,6.414999961853027,6.414999961853027,6.409999847412109,6.414999961853027,10792,0.0,0.0
2024-08-23 12:34:00-04:00,6.419000148773193,6.429999828338623,6.414999961853027,6.429999828338623,14055,0.0,0.0
2024-08-23 12:35:00-04:00,6.429999828338623,6.445000171661377,6.429999828338623,6.445000171661377,10206,0.0,0.0
2024-08-23 12:36:00-04:00,6.442500114440918,6.449900150299072,6.442500114440918,6.449900150299072,1654,0.0,0.0
2024-08-23 12:37:00-04:00,6.442200183868408,6.449999809265137,6.440000057220459,6.449999809265137,9966,0.0,0.0
2024-08-23 12:38:00-04:00,6.445000171661377,6.460000038146973,6.440000057220459,6.454999923706055,26804,0.0,0.0
2024-08-23 12:39:00-04:00,6.449999809265137,6.45989990234375,6.449999809265137,6.45989990234375,13125,0.0,0.0
2024-08-23 12:40:00-04:00,6.454999923706055,6.45989990234375,6.449999809265137,6.45989990234375,11333,0.0,0.0
2024-08-23 12:41:00-04:00,6.45359992980957,6.459199905395508,6.440199851989746,6.440199851989746,24938,0.0,0.0
2024-08-23 12:42:00-04:00,6.445000171661377,6.445000171661377,6.423099994659424,6.423299789428711,4919,0.0,0.0
2024-08-23 12:43:00-04:00,6.423999786376953,6.434999942779541,6.420000076293945,6.434999942779541,11853,0.0,0.0
2024-08-23 12:44:00-04:00,6.440000057220459,6.440000057220459,6.430200099945068,6.434500217437744,13917,0.0,0.0
2024-08-23 12:45:00-04:00,6.434999942779541,6.439899921417236,6.434999942779541,6.439899921417236,1243,0.0,0.0
2024-08-23 12:46:00-04:00,6.433700084686279,6.433700084686279,6.425000190734863,6.429900169372559,15809,0.0,0.0
2024-08-23 12:47:00-04:00,6.425000190734863,6.429999828338623,6.425000190734863,6.429999828338623,5749,0.0,0.0
2024-08-23 12:48:00-04:00,6.425000190734863,6.425000190734863,6.409999847412109,6.414999961853027,5135,0.0,0.0
2024-08-23 12:49:00-04:00,6.414999961853027,6.420000076293945,6.409999847412109,6.420000076293945,18269,0.0,0.0
2024-08-23 12:50:00-04:00,6.420000076293945,6.420199871063232,6.420000076293945,6.420199871063232,1050,0.0,0.0
2024-08-23 12:51:00-04:00,6.420000076293945,6.420100212097168,6.414999961853027,6.414999961853027,5137,0.0,0.0
2024-08-23 12:52:00-04:00,6.414999961853027,6.414999961853027,6.414999961853027,6.414999961853027,1123,0.0,0.0
2024-08-23 12:53:00-04:00,6.420000076293945,6.420000076293945,6.420000076293945,6.420000076293945,1422,0.0,0.0
2024-08-23 12:54:00-04:00,6.429999828338623,6.434999942779541,6.429999828338623,6.434999942779541,983,0.0,0.0
2024-08-23 12:55:00-04:00,6.440000057220459,6.440000057220459,6.434999942779541,6.440000057220459,1261,0.0,0.0
2024-08-23 12:56:00-04:00,6.440000057220459,6.449999809265137,6.440000057220459,6.44189977645874,3771,0.0,0.0
2024-08-23 12:57:00-04:00,6.446400165557861,6.449999809265137,6.440000057220459,6.440000057220459,5845,0.0,0.0
2024-08-23 12:58:00-04:00,6.440000057220459,6.449999809265137,6.440000057220459,6.440100193023682,30679,0.0,0.0
2024-08-23 12:59:00-04:00,6.439899921417236,6.439899921417236,6.425000190734863,6.434899806976318,11784,0.0,0.0
2024-08-23 13:00:00-04:00,6.438300132751465,6.438300132751465,6.430099964141846,6.430200099945068,9897,0.0,0.0
2024-08-23 13:01:00-04:00,6.440000057220459,6.440000057220459,6.425000190734863,6.434999942779541,24566,0.0,0.0
2024-08-23 13:02:00-04:00,6.434999942779541,6.445300102233887,6.434999942779541,6.445000171661377,11628,0.0,0.0
2024-08-23 13:03:00-04:00,6.445000171661377,6.445000171661377,6.440000057220459,6.440000057220459,5787,0.0,0.0
2024-08-23 13:04:00-04:00,6.445000171661377,6.445000171661377,6.440000057220459,6.440100193023682,5984,0.0,0.0
2024-08-23 13:05:00-04:00,6.449999809265137,6.454999923706055,6.445000171661377,6.449999809265137,9752,0.0,0.0
2024-08-23 13:06:00-04:00,6.449999809265137,6.454999923706055,6.440000057220459,6.445000171661377,7148,0.0,0.0
2024-08-23 13:07:00-04:00,6.445000171661377,6.445000171661377,6.440100193023682,6.445000171661377,8524,0.0,0.0
2024-08-23 13:08:00-04:00,6.449999809265137,6.449999809265137,6.445000171661377,6.44890022277832,8825,0.0,0.0
2024-08-23 13:09:00-04:00,6.445000171661377,6.449999809265137,6.445000171661377,6.447999954223633,4232,0.0,0.0
2024-08-23 13:10:00-04:00,6.449999809265137,6.449999809265137,6.440100193023682,6.449999809265137,3012,0.0,0.0
2024-08-23 13:11:00-04:00,6.445000171661377,6.445000171661377,6.414999961853027,6.420000076293945,25725,0.0,0.0
2024-08-23 13:12:00-04:00,6.414400100708008,6.425000190734863,6.414400100708008,6.425000190734863,22421,0.0,0.0
2024-08-23 13:13:00-04:00,6.419899940490723,6.425000190734863,6.4197001457214355,6.425000190734863,7292,0.0,0.0
2024-08-23 13:14:00-04:00,6.429900169372559,6.429999828338623,6.424499988555908,6.425000190734863,14055,0.0,0.0
2024-08-23 13:15:00-04:00,6.420199871063232,6.420199871063232,6.410200119018555,6.414999961853027,14791,0.0,0.0
2024-08-23 13:16:00-04:00,6.414999961853027,6.420000076293945,6.40500020980835,6.420000076293945,22824,0.0,0.0
2024-08-23 13:17:00-04:00,6.420000076293945,6.423699855804443,6.409999847412109,6.414999961853027,12653,0.0,0.0
2024-08-23 13:18:00-04:00,6.414999961853027,6.414999961853027,6.409999847412109,6.414999961853027,7717,0.0,0.0
2024-08-23 13:19:00-04:00,6.414999961853027,6.429999828338623,6.414999961853027,6.424499988555908,17840,0.0,0.0
2024-08-23 13:20:00-04:00,6.425000190734863,6.425000190734863,6.425000190734863,6.425000190734863,5637,0.0,0.0
2024-08-23 13:21:00-04:00,6.425000190734863,6.425000190734863,6.40500020980835,6.40500020980835,3165,0.0,0.0
2024-08-23 13:22:00-04:00,6.40500020980835,6.429999828338623,6.40500020980835,6.429999828338623,22334,0.0,0.0
2024-08-23 13:23:00-04:00,6.425000190734863,6.429999828338623,6.425000190734863,6.429999828338623,6553,0.0,0.0
2024-08-23 13:24:00-04:00,6.425000190734863,6.430099964141846,6.425000190734863,6.430099964141846,1742,0.0,0.0
2024-08-23 13:26:00-04:00,6.434999942779541,6.440000057220459,6.434999942779541,6.440000057220459,5078,0.0,0.0
2024-08-23 13:27:00-04:00,6.440000057220459,6.440000057220459,6.440000057220459,6.440000057220459,463,0.0,0.0
2024-08-23 13:28:00-04:00,6.440000057220459,6.440000057220459,6.440000057220459,6.440000057220459,1534,0.0,0.0
2024-08-23 13:29:00-04:00,6.445000171661377,6.445000171661377,6.434999942779541,6.434999942779541,3425,0.0,0.0
2024-08-23 13:30:00-04:00,6.429999828338623,6.432000160217285,6.429999828338623,6.432000160217285,1330,0.0,0.0
2024-08-23 13:31:00-04:00,6.430099964141846,6.430099964141846,6.430099964141846,6.430099964141846,954,0.0,0.0
2024-08-23 13:32:00-04:00,6.429999828338623,6.429999828338623,6.429999828338623,6.429999828338623,1714,0.0,0.0
2024-08-23 13:33:00-04:00,6.429999828338623,6.429999828338623,6.429999828338623,6.429999828338623,484,0.0,0.0
2024-08-23 13:34:00-04:00,6.430200099945068,6.430300235748291,6.420000076293945,6.420000076293945,8376,0.0,0.0
2024-08-23 13:35:00-04:00,6.425000190734863,6.434999942779541,6.420899868011475,6.420899868011475,71255,0.0,0.0
2024-08-23 13:36:00-04:00,6.420000076293945,6.420000076293945,6.414999961853027,6.414999961853027,2731,0.0,0.0
2024-08-23 13:37:00-04:00,6.416999816894531,6.416999816894531,6.416999816894531,6.416999816894531,742,0.0,0.0
2024-08-23 13:38:00-04:00,6.410099983215332,6.414999961853027,6.410099983215332,6.411099910736084,3612,0.0,0.0
2024-08-23 13:39:00-04:00,6.411900043487549,6.429900169372559,6.411900043487549,6.420000076293945,4042,0.0,0.0
2024-08-23 13:40:00-04:00,6.420000076293945,6.420000076293945,6.420000076293945,6.420000076293945,1777,0.0,0.0
2024-08-23 13:41:00-04:00,6.425000190734863,6.429999828338623,6.425000190734863,6.429999828338623,2856,0.0,0.0
2024-08-23 13:42:00-04:00,6.429999828338623,6.429999828338623,6.429999828338623,6.429999828338623,2342,0.0,0.0
2024-08-23 13:44:00-04:00,6.434999942779541,6.445000171661377,6.434999942779541,6.440100193023682,4550,0.0,0.0
2024-08-23 13:45:00-04:00,6.440000057220459,6.440000057220459,6.440000057220459,6.440000057220459,1536,0.0,0.0
2024-08-23 13:47:00-04:00,6.445000171661377,6.449999809265137,6.434999942779541,6.434999942779541,13130,0.0,0.0
2024-08-23 13:48:00-04:00,6.434999942779541,6.434999942779541,6.434999942779541,6.434999942779541,2609,0.0,0.0
2024-08-23 13:49:00-04:00,6.449999809265137,6.454999923706055,6.449999809265137,6.454999923706055,3651,0.0,0.0
2024-08-23 13:50:00-04:00,6.460000038146973,6.460100173950195,6.460000038146973,6.460100173950195,3813,0.0,0.0
2024-08-23 13:51:00-04:00,6.465000152587891,6.46999979019165,6.465000152587891,6.46999979019165,1386,0.0,0.0
2024-08-23 13:52:00-04:00,6.46999979019165,6.46999979019165,6.46999979019165,6.46999979019165,755,0.0,0.0
2024-08-23 13:53:00-04:00,6.465000152587891,6.468699932098389,6.465000152587891,6.468699932098389,988,0.0,0.0
2024-08-23 13:54:00-04:00,6.46999979019165,6.46999979019165,6.465000152587891,6.46999979019165,3470,0.0,0.0
2024-08-23 13:55:00-04:00,6.480000019073486,6.480000019073486,6.474800109863281,6.474800109863281,1976,0.0,0.0
2024-08-23 13:56:00-04:00,6.4741997718811035,6.4741997718811035,6.47130012512207,6.47130012512207,3032,0.0,0.0
2024-08-23 13:59:00-04:00,6.470300197601318,6.470300197601318,6.46999979019165,6.46999979019165,896,0.0,0.0
2024-08-23 14:00:00-04:00,6.46999979019165,6.46999979019165,6.46999979019165,6.46999979019165,1277,0.0,0.0
2024-08-23 14:01:00-04:00,6.46999979019165,6.46999979019165,6.460000038146973,6.460000038146973,6738,0.0,0.0
2024-08-23 14:02:00-04:00,6.448999881744385,6.449999809265137,6.445000171661377,6.445000171661377,3152,0.0,0.0
2024-08-23 14:03:00-04:00,6.440100193023682,6.440100193023682,6.440100193023682,6.440100193023682,5421,0.0,0.0
2024-08-23 14:04:00-04:00,6.448999881744385,6.448999881744385,6.440000057220459,6.440000057220459,6464,0.0,0.0
2024-08-23 14:05:00-04:00,6.445000171661377,6.445000171661377,6.445000171661377,6.445000171661377,529,0.0,0.0
2024-08-23 14:06:00-04:00,6.449100017547607,6.449100017547607,6.429999828338623,6.429999828338623,12779,0.0,0.0
2024-08-23 14:07:00-04:00,6.430200099945068,6.430200099945068,6.430200099945068,6.430200099945068,240,0.0,0.0
2024-08-23 14:08:00-04:00,6.429999828338623,6.440000057220459,6.429999828338623,6.434999942779541,11482,0.0,0.0
2024-08-23 14:09:00-04:00,6.430099964141846,6.430099964141846,6.430099964141846,6.430099964141846,351,0.0,0.0
2024-08-23 14:10:00-04:00,6.439799785614014,6.439799785614014,6.434999942779541,6.434999942779541,6682,0.0,0.0
2024-08-23 14:11:00-04:00,6.429999828338623,6.429999828338623,6.429999828338623,6.429999828338623,394,0.0,0.0
2024-08-23 14:12:00-04:00,6.434999942779541,6.434999942779541,6.434999942779541,6.434999942779541,433,0.0,0.0
2024-08-23 14:13:00-04:00,6.434999942779541,6.434999942779541,6.430099964141846,6.430099964141846,2502,0.0,0.0
2024-08-23 14:15:00-04:00,6.434999942779541,6.439899921417236,6.429999828338623,6.434999942779541,2358,0.0,0.0
2024-08-23 14:16:00-04:00,6.429999828338623,6.440000057220459,6.429999828338623,6.440000057220459,1243,0.0,0.0
2024-08-23 14:17:00-04:00,6.440000057220459,6.440000057220459,6.429999828338623,6.429999828338623,10459,0.0,0.0
2024-08-23 14:18:00-04:00,6.434999942779541,6.434999942779541,6.434999942779541,6.434999942779541,707,0.0,0.0
2024-08-23 14:19:00-04:00,6.438600063323975,6.438600063323975,6.438600063323975,6.438600063323975,523,0.0,0.0
2024-08-23 14:20:00-04:00,6.429999828338623,6.439899921417236,6.429999828338623,6.439899921417236,3844,0.0,0.0
2024-08-23 14:21:00-04:00,6.430300235748291,6.434999942779541,6.429999828338623,6.434999942779541,4701,0.0,0.0
2024-08-23 14:22:00-04:00,6.429999828338623,6.429999828338623,6.420000076293945,6.420000076293945,1514,0.0,0.0
2024-08-23 14:23:00-04:00,6.425000190734863,6.429999828338623,6.420000076293945,6.420000076293945,3962,0.0,0.0
2024-08-23 14:24:00-04:00,6.420000076293945,6.429999828338623,6.420000076293945,6.425000190734863,1288,0.0,0.0
2024-08-23 14:25:00-04:00,6.425000190734863,6.429999828338623,6.425000190734863,6.429999828338623,724,0.0,0.0
2024-08-23 14:26:00-04:00,6.425000190734863,6.425000190734863,6.4182000160217285,6.4182000160217285,4650,0.0,0.0
2024-08-23 14:27:00-04:00,6.420000076293945,6.420000076293945,6.414999961853027,6.420000076293945,378,0.0,0.0
2024-08-23 14:28:00-04:00,6.414999961853027,6.429999828338623,6.409999847412109,6.429999828338623,5078,0.0,0.0
2024-08-23 14:29:00-04:00,6.429999828338623,6.429999828338623,6.429999828338623,6.429999828338623,200,0.0,0.0
2024-08-23 14:30:00-04:00,6.429999828338623,6.429999828338623,6.414999961853027,6.414999961853027,3806,0.0,0.0
2024-08-23 14:31:00-04:00,6.410799980163574,6.420000076293945,6.410299777984619,6.415999889373779,4939,0.0,0.0
2024-08-23 14:32:00-04:00,6.418700218200684,6.418700218200684,6.414999961853027,6.414999961853027,1386,0.0,0.0
2024-08-23 14:33:00-04:00,6.409999847412109,6.409999847412109,6.389999866485596,6.394999980926514,26043,0.0,0.0
2024-08-23 14:34:00-04:00,6.389999866485596,6.389999866485596,6.381199836730957,6.381199836730957,3244,0.0,0.0
2024-08-23 14:35:00-04:00,6.389999866485596,6.394999980926514,6.389999866485596,6.394999980926514,1448,0.0,0.0
2024-08-23 14:36:00-04:00,6.391200065612793,6.393099784851074,6.391200065612793,6.393099784851074,6350,0.0,0.0
2024-08-23 14:37:00-04:00,6.389999866485596,6.389999866485596,6.389999866485596,6.389999866485596,224,0.0,0.0
2024-08-23 14:38:00-04:00,6.394999980926514,6.394999980926514,6.385000228881836,6.385000228881836,7292,0.0,0.0
2024-08-23 14:39:00-04:00,6.385000228881836,6.385000228881836,6.385000228881836,6.385000228881836,254,0.0,0.0
2024-08-23 14:40:00-04:00,6.385000228881836,6.385000228881836,6.385000228881836,6.385000228881836,897,0.0,0.0
2024-08-23 14:41:00-04:00,6.385000228881836,6.389999866485596,6.385000228881836,6.389999866485596,2852,0.0,0.0
2024-08-23 14:42:00-04:00,6.389999866485596,6.389999866485596,6.380000114440918,6.380000114440918,6772,0.0,0.0
2024-08-23 14:43:00-04:00,6.385000228881836,6.388899803161621,6.385000228881836,6.385000228881836,2183,0.0,0.0
2024-08-23 14:45:00-04:00,6.389999866485596,6.389999866485596,6.375,6.375,4506,0.0,0.0
2024-08-23 14:46:00-04:00,6.375,6.380000114440918,6.375,6.380000114440918,1981,0.0,0.0
2024-08-23 14:47:00-04:00,6.380899906158447,6.380899906158447,6.380000114440918,6.380000114440918,464,0.0,0.0
2024-08-23 14:48:00-04:00,6.385000228881836,6.385000228881836,6.380000114440918,6.380000114440918,1571,0.0,0.0
2024-08-23 14:49:00-04:00,6.380099773406982,6.380099773406982,6.375,6.375,4360,0.0,0.0
2024-08-23 14:50:00-04:00,6.369999885559082,6.375,6.369999885559082,6.375,1479,0.0,0.0
2024-08-23 14:51:00-04:00,6.369999885559082,6.369999885559082,6.364999771118164,6.364999771118164,7522,0.0,0.0
2024-08-23 14:52:00-04:00,6.369999885559082,6.369999885559082,6.364999771118164,6.364999771118164,812,0.0,0.0
2024-08-23 14:53:00-04:00,6.364999771118164,6.369999885559082,6.364999771118164,6.369999885559082,4250,0.0,0.0
2024-08-23 14:54:00-04:00,6.375,6.375,6.375,6.375,4652,0.0,0.0
2024-08-23 14:56:00-04:00,6.375,6.380000114440918,6.375,6.375,2332,0.0,0.0
2024-08-23 14:57:00-04:00,6.380000114440918,6.380000114440918,6.380000114440918,6.380000114440918,1020,0.0,0.0
2024-08-23 14:58:00-04:00,6.369999885559082,6.369999885559082,6.369999885559082,6.369999885559082,7116,0.0,0.0
2024-08-23 14:59:00-04:00,6.369999885559082,6.375,6.369999885559082,6.375,1213,0.0,0.0
2024-08-23 15:00:00-04:00,6.369999885559082,6.369999885559082,6.369999885559082,6.369999885559082,322,0.0,0.0
2024-08-23 15:01:00-04:00,6.375,6.375,6.375,6.375,392,0.0,0.0
2024-08-23 15:03:00-04:00,6.375,6.375,6.375,6.375,8257,0.0,0.0
2024-08-23 15:04:00-04:00,6.380000114440918,6.380000114440918,6.380000114440918,6.380000114440918,0,0.0,0.0
2024-08-23 15:05:00-04:00,6.375,6.389999866485596,6.375,6.389999866485596,5193,0.0,0.0
2024-08-23 15:06:00-04:00,6.385000228881836,6.389999866485596,6.380000114440918,6.389999866485596,3395,0.0,0.0
2024-08-23 15:07:00-04:00,6.380000114440918,6.389999866485596,6.380000114440918,6.385000228881836,3339,0.0,0.0
2024-08-23 15:08:00-04:00,6.385000228881836,6.389900207519531,6.385000228881836,6.385000228881836,2193,0.0,0.0
2024-08-23 15:09:00-04:00,6.389999866485596,6.389999866485596,6.380000114440918,6.385000228881836,916,0.0,0.0
2024-08-23 15:10:00-04:00,6.380000114440918,6.380000114440918,6.380000114440918,6.380000114440918,427,0.0,0.0
2024-08-23 15:11:00-04:00,6.389999866485596,6.400000095367432,6.389999866485596,6.400000095367432,6271,0.0,0.0
2024-08-23 15:12:00-04:00,6.39300012588501,6.400000095367432,6.389999866485596,6.389999866485596,4392,0.0,0.0
2024-08-23 15:13:00-04:00,6.394999980926514,6.394999980926514,6.394999980926514,6.394999980926514,810,0.0,0.0
2024-08-23 15:14:00-04:00,6.394999980926514,6.394999980926514,6.385000228881836,6.385000228881836,11136,0.0,0.0
2024-08-23 15:15:00-04:00,6.385000228881836,6.389999866485596,6.385000228881836,6.38539981842041,1688,0.0,0.0
2024-08-23 15:16:00-04:00,6.389999866485596,6.389999866485596,6.389999866485596,6.389999866485596,3756,0.0,0.0
2024-08-23 15:17:00-04:00,6.380099773406982,6.380099773406982,6.380099773406982,6.380099773406982,6596,0.0,0.0
2024-08-23 15:18:00-04:00,6.394999980926514,6.394999980926514,6.394999980926514,6.394999980926514,1431,0.0,0.0
2024-08-23 15:19:00-04:00,6.40500020980835,6.40500020980835,6.400000095367432,6.400100231170654,1463,0.0,0.0
2024-08-23 15:20:00-04:00,6.40500020980835,6.40500020980835,6.40500020980835,6.40500020980835,905,0.0,0.0
2024-08-23 15:21:00-04:00,6.40500020980835,6.409999847412109,6.40500020980835,6.409999847412109,732,0.0,0.0
2024-08-23 15:22:00-04:00,6.409999847412109,6.409999847412109,6.400000095367432,6.400000095367432,415,0.0,0.0
2024-08-23 15:23:00-04:00,6.409999847412109,6.420000076293945,6.408999919891357,6.420000076293945,3696,0.0,0.0
2024-08-23 15:24:00-04:00,6.411099910736084,6.411099910736084,6.411099910736084,6.411099910736084,3173,0.0,0.0
2024-08-23 15:25:00-04:00,6.414999961853027,6.414999961853027,6.414999961853027,6.414999961853027,600,0.0,0.0
2024-08-23 15:26:00-04:00,6.414999961853027,6.429900169372559,6.414999961853027,6.425000190734863,6222,0.0,0.0
2024-08-23 15:27:00-04:00,6.425000190734863,6.425000190734863,6.425000190734863,6.425000190734863,361,0.0,0.0
2024-08-23 15:28:00-04:00,6.429999828338623,6.429999828338623,6.409999847412109,6.409999847412109,17815,0.0,0.0
2024-08-23 15:30:00-04:00,6.420000076293945,6.420000076293945,6.389999866485596,6.390100002288818,13337,0.0,0.0
2024-08-23 15:31:00-04:00,6.389999866485596,6.39870023727417,6.389999866485596,6.39870023727417,1360,0.0,0.0
2024-08-23 15:32:00-04:00,6.389999866485596,6.399899959564209,6.389999866485596,6.394999980926514,1062,0.0,0.0
2024-08-23 15:33:00-04:00,6.394999980926514,6.394999980926514,6.389999866485596,6.389999866485596,4657,0.0,0.0
2024-08-23 15:34:00-04:00,6.394999980926514,6.394999980926514,6.389999866485596,6.389999866485596,1804,0.0,0.0
2024-08-23 15:35:00-04:00,6.389999866485596,6.389999866485596,6.385000228881836,6.389999866485596,4643,0.0,0.0
2024-08-23 15:36:00-04:00,6.389900207519531,6.394999980926514,6.385000228881836,6.394999980926514,4272,0.0,0.0
2024-08-23 15:37:00-04:00,6.394999980926514,6.398399829864502,6.394999980926514,6.398399829864502,1733,0.0,0.0
2024-08-23 15:39:00-04:00,6.394999980926514,6.394999980926514,6.375,6.389999866485596,8409,0.0,0.0
2024-08-23 15:40:00-04:00,6.385000228881836,6.385000228881836,6.385000228881836,6.385000228881836,570,0.0,0.0
2024-08-23 15:41:00-04:00,6.389999866485596,6.389999866485596,6.385000228881836,6.389999866485596,5641,0.0,0.0
2024-08-23 15:42:00-04:00,6.386000156402588,6.389999866485596,6.386000156402588,6.389999866485596,1880,0.0,0.0
2024-08-23 15:43:00-04:00,6.385000228881836,6.389999866485596,6.380000114440918,6.380000114440918,4700,0.0,0.0
2024-08-23 15:44:00-04:00,6.389999866485596,6.394999980926514,6.380000114440918,6.394999980926514,8121,0.0,0.0
2024-08-23 15:45:00-04:00,6.389999866485596,6.389999866485596,6.385000228881836,6.385000228881836,9569,0.0,0.0
2024-08-23 15:46:00-04:00,6.385000228881836,6.389999866485596,6.380000114440918,6.385000228881836,5890,0.0,0.0
2024-08-23 15:47:00-04:00,6.380000114440918,6.385000228881836,6.380000114440918,6.380099773406982,13558,0.0,0.0
2024-08-23 15:48:00-04:00,6.3815999031066895,6.3815999031066895,6.3815999031066895,6.3815999031066895,4064,0.0,0.0
2024-08-23 15:49:00-04:00,6.385000228881836,6.385000228881836,6.380000114440918,6.380000114440918,2236,0.0,0.0
2024-08-23 15:50:00-04:00,6.385000228881836,6.389999866485596,6.385000228881836,6.385000228881836,5943,0.0,0.0
2024-08-23 15:51:00-04:00,6.389999866485596,6.394999980926514,6.385000228881836,6.389999866485596,12009,0.0,0.0
2024-08-23 15:52:00-04:00,6.389999866485596,6.389999866485596,6.383600234985352,6.385000228881836,9845,0.0,0.0
2024-08-23 15:53:00-04:00,6.380000114440918,6.380000114440918,6.379899978637695,6.380000114440918,8218,0.0,0.0
2024-08-23 15:54:00-04:00,6.375,6.389999866485596,6.364999771118164,6.364999771118164,24682,0.0,0.0
2024-08-23 15:55:00-04:00,6.364999771118164,6.375,6.360000133514404,6.360000133514404,18766,0.0,0.0
2024-08-23 15:56:00-04:00,6.364999771118164,6.364999771118164,6.355000019073486,6.355000019073486,14336,0.0,0.0
2024-08-23 15:57:00-04:00,6.355000019073486,6.360000133514404,6.355000019073486,6.357500076293945,8126,0.0,0.0
2024-08-23 15:58:00-04:00,6.355000019073486,6.3566999435424805,6.349999904632568,6.349999904632568,41945,0.0,0.0
2024-08-23 15:59:00-04:00,6.355000019073486,6.355999946594238,6.340000152587891,6.340000152587891,64359,0.0,0.0
