Datetime,Open,High,Low,Close,Volume,Dividends,Stock Splits
2024-08-19 09:30:00-04:00,44.5099983215332,44.5099983215332,44.5099983215332,44.5099983215332,1553,0.0,0.0
2024-08-19 09:31:00-04:00,44.755001068115234,44.755001068115234,44.404998779296875,44.7400016784668,2939,0.0,0.0
2024-08-19 09:33:00-04:00,44.71500015258789,44.71500015258789,44.71500015258789,44.71500015258789,146,0.0,0.0
2024-08-19 09:35:00-04:00,44.58000183105469,44.58000183105469,44.58000183105469,44.58000183105469,772,0.0,0.0
2024-08-19 09:36:00-04:00,44.560001373291016,44.560001373291016,44.51499938964844,44.51499938964844,432,0.0,0.0
2024-08-19 09:37:00-04:00,44.525001525878906,44.525001525878906,44.525001525878906,44.525001525878906,360,0.0,0.0
2024-08-19 09:38:00-04:00,44.53499984741211,44.53499984741211,44.53499984741211,44.53499984741211,338,0.0,0.0
2024-08-19 09:39:00-04:00,44.540000915527344,44.540000915527344,44.540000915527344,44.540000915527344,622,0.0,0.0
2024-08-19 09:40:00-04:00,44.55500030517578,44.560001373291016,44.55500030517578,44.560001373291016,563,0.0,0.0
2024-08-19 09:41:00-04:00,44.564998626708984,44.564998626708984,44.564998626708984,44.564998626708984,340,0.0,0.0
2024-08-19 09:42:00-04:00,44.564998626708984,44.56999969482422,44.564998626708984,44.56999969482422,292,0.0,0.0
2024-08-19 09:43:00-04:00,44.56999969482422,44.56999969482422,44.56999969482422,44.56999969482422,314,0.0,0.0
2024-08-19 09:44:00-04:00,44.56999969482422,44.56999969482422,44.560001373291016,44.560001373291016,227,0.0,0.0
2024-08-19 09:45:00-04:00,44.959999084472656,44.959999084472656,44.540000915527344,44.540000915527344,436,0.0,0.0
2024-08-19 09:46:00-04:00,44.53499984741211,44.53499984741211,44.53499984741211,44.53499984741211,301,0.0,0.0
2024-08-19 09:47:00-04:00,44.51499938964844,44.7400016784668,44.51499938964844,44.7400016784668,2386,0.0,0.0
2024-08-19 09:48:00-04:00,44.63999938964844,44.66999816894531,44.63999938964844,44.654998779296875,1713,0.0,0.0
2024-08-19 09:49:00-04:00,44.654998779296875,44.81999969482422,44.63999938964844,44.63999938964844,794,0.0,0.0
2024-08-19 09:50:00-04:00,44.63999938964844,44.63999938964844,44.63999938964844,44.63999938964844,102,0.0,0.0
2024-08-19 09:51:00-04:00,44.63999938964844,44.63999938964844,44.63999938964844,44.63999938964844,222,0.0,0.0
2024-08-19 09:52:00-04:00,44.529998779296875,44.6349983215332,44.5,44.5,491,0.0,0.0
2024-08-19 09:53:00-04:00,44.70000076293945,44.70000076293945,44.630001068115234,44.630001068115234,6294,0.0,0.0
2024-08-19 09:54:00-04:00,44.529998779296875,44.625,44.47999954223633,44.57500076293945,2378,0.0,0.0
2024-08-19 09:55:00-04:00,44.65999984741211,44.65999984741211,44.65999984741211,44.65999984741211,370,0.0,0.0
2024-08-19 09:56:00-04:00,44.56999969482422,44.6775016784668,44.56999969482422,44.6775016784668,940,0.0,0.0
2024-08-19 09:57:00-04:00,44.65999984741211,44.65999984741211,44.65999984741211,44.65999984741211,153,0.0,0.0
2024-08-19 09:58:00-04:00,44.65999984741211,44.65999984741211,44.599998474121094,44.599998474121094,253,0.0,0.0
2024-08-19 09:59:00-04:00,44.59000015258789,44.599998474121094,44.59000015258789,44.599998474121094,383,0.0,0.0
2024-08-19 10:00:00-04:00,44.599998474121094,44.599998474121094,44.599998474121094,44.599998474121094,227,0.0,0.0
2024-08-19 10:01:00-04:00,44.529998779296875,44.59000015258789,44.529998779296875,44.59000015258789,747,0.0,0.0
2024-08-19 10:02:00-04:00,44.52000045776367,44.52000045776367,44.43000030517578,44.439998626708984,2576,0.0,0.0
2024-08-19 10:03:00-04:00,44.435001373291016,44.435001373291016,44.43000030517578,44.43000030517578,602,0.0,0.0
2024-08-19 10:04:00-04:00,44.42499923706055,44.45000076293945,44.42499923706055,44.42499923706055,1224,0.0,0.0
2024-08-19 10:05:00-04:00,44.41999816894531,44.43000030517578,44.41999816894531,44.43000030517578,306,0.0,0.0
2024-08-19 10:06:00-04:00,44.41999816894531,44.42499923706055,44.369998931884766,44.41999816894531,786,0.0,0.0
2024-08-19 10:07:00-04:00,44.41999816894531,44.41999816894531,44.41999816894531,44.41999816894531,418,0.0,0.0
2024-08-19 10:08:00-04:00,44.470001220703125,44.689998626708984,44.470001220703125,44.689998626708984,2655,0.0,0.0
2024-08-19 10:09:00-04:00,44.72999954223633,44.72999954223633,44.72999954223633,44.72999954223633,445,0.0,0.0
2024-08-19 10:10:00-04:00,44.869998931884766,44.869998931884766,44.869998931884766,44.869998931884766,226,0.0,0.0
2024-08-19 10:12:00-04:00,44.904998779296875,44.95000076293945,44.849998474121094,44.849998474121094,1219,0.0,0.0
2024-08-19 10:13:00-04:00,44.869998931884766,44.869998931884766,44.869998931884766,44.869998931884766,760,0.0,0.0
2024-08-19 10:15:00-04:00,45.04999923706055,45.08000183105469,45.04999923706055,45.08000183105469,310,0.0,0.0
2024-08-19 10:16:00-04:00,45.07500076293945,45.07500076293945,45.07500076293945,45.07500076293945,879,0.0,0.0
2024-08-19 10:17:00-04:00,45.0,45.064998626708984,45.0,45.04499816894531,8270,0.0,0.0
2024-08-19 10:18:00-04:00,45.0,45.05500030517578,44.994998931884766,44.994998931884766,5446,0.0,0.0
2024-08-19 10:19:00-04:00,45.0,45.0,44.90999984741211,44.91999816894531,2420,0.0,0.0
2024-08-19 10:20:00-04:00,44.959999084472656,44.959999084472656,44.959999084472656,44.959999084472656,168,0.0,0.0
2024-08-19 10:21:00-04:00,44.94499969482422,44.959999084472656,44.93000030517578,44.95000076293945,546,0.0,0.0
2024-08-19 10:22:00-04:00,44.94499969482422,44.95500183105469,44.94499969482422,44.95500183105469,656,0.0,0.0
2024-08-19 10:23:00-04:00,44.95500183105469,44.95500183105469,44.95000076293945,44.95000076293945,577,0.0,0.0
2024-08-19 10:24:00-04:00,44.94499969482422,44.94499969482422,44.939998626708984,44.939998626708984,454,0.0,0.0
2024-08-19 10:25:00-04:00,44.86000061035156,44.86000061035156,44.86000061035156,44.86000061035156,155,0.0,0.0
2024-08-19 10:26:00-04:00,44.92499923706055,44.92499923706055,44.91999816894531,44.91999816894531,673,0.0,0.0
2024-08-19 10:27:00-04:00,44.91999816894531,44.935001373291016,44.91999816894531,44.91999816894531,692,0.0,0.0
2024-08-19 10:28:00-04:00,44.935001373291016,44.935001373291016,44.880001068115234,44.88999938964844,1017,0.0,0.0
2024-08-19 10:29:00-04:00,44.88999938964844,44.93000030517578,44.880001068115234,44.93000030517578,700,0.0,0.0
2024-08-19 10:30:00-04:00,44.92499923706055,44.92499923706055,44.86000061035156,44.86000061035156,815,0.0,0.0
2024-08-19 10:31:00-04:00,44.92499923706055,44.92499923706055,44.92499923706055,44.92499923706055,387,0.0,0.0
2024-08-19 10:32:00-04:00,44.94499969482422,44.94499969482422,44.94499969482422,44.94499969482422,252,0.0,0.0
2024-08-19 10:33:00-04:00,44.94499969482422,44.959999084472656,44.94499969482422,44.9474983215332,1997,0.0,0.0
2024-08-19 10:34:00-04:00,44.94499969482422,44.94499969482422,44.900001525878906,44.94499969482422,568,0.0,0.0
2024-08-19 10:35:00-04:00,44.94499969482422,44.94499969482422,44.94499969482422,44.94499969482422,179,0.0,0.0
2024-08-19 10:36:00-04:00,44.94499969482422,44.9900016784668,44.650001525878906,44.689998626708984,14010,0.0,0.0
2024-08-19 10:37:00-04:00,44.689998626708984,44.83000183105469,44.689998626708984,44.790000915527344,10844,0.0,0.0
2024-08-19 10:38:00-04:00,44.810001373291016,44.86000061035156,44.790000915527344,44.790000915527344,10888,0.0,0.0
2024-08-19 10:39:00-04:00,44.869998931884766,44.90999984741211,44.810001373291016,44.86000061035156,5652,0.0,0.0
2024-08-19 10:41:00-04:00,44.86000061035156,44.86000061035156,44.86000061035156,44.86000061035156,444,0.0,0.0
2024-08-19 10:43:00-04:00,44.834999084472656,44.834999084472656,44.834999084472656,44.834999084472656,379,0.0,0.0
2024-08-19 10:45:00-04:00,44.84000015258789,44.84000015258789,44.84000015258789,44.84000015258789,267,0.0,0.0
2024-08-19 10:46:00-04:00,44.849998474121094,44.86000061035156,44.849998474121094,44.86000061035156,467,0.0,0.0
2024-08-19 10:47:00-04:00,44.85499954223633,44.86000061035156,44.85499954223633,44.85499954223633,911,0.0,0.0
2024-08-19 10:48:00-04:00,44.85499954223633,44.85499954223633,44.85499954223633,44.85499954223633,430,0.0,0.0
2024-08-19 10:49:00-04:00,44.85499954223633,44.85499954223633,44.85499954223633,44.85499954223633,637,0.0,0.0
2024-08-19 10:50:00-04:00,44.85499954223633,44.85499954223633,44.790000915527344,44.790000915527344,2812,0.0,0.0
2024-08-19 10:51:00-04:00,44.78499984741211,44.78499984741211,44.7599983215332,44.779998779296875,390,0.0,0.0
2024-08-19 10:52:00-04:00,44.779998779296875,44.779998779296875,44.779998779296875,44.779998779296875,1491,0.0,0.0
2024-08-19 10:53:00-04:00,44.810001373291016,44.900001525878906,44.810001373291016,44.875,4234,0.0,0.0
2024-08-19 10:54:00-04:00,44.90999984741211,44.90999984741211,44.90999984741211,44.90999984741211,518,0.0,0.0
2024-08-19 10:55:00-04:00,44.875,44.875,44.875,44.875,295,0.0,0.0
2024-08-19 10:57:00-04:00,44.875,44.88999938964844,44.84000015258789,44.88999938964844,2159,0.0,0.0
2024-08-19 10:59:00-04:00,44.939998626708984,44.959999084472656,44.939998626708984,44.95500183105469,726,0.0,0.0
2024-08-19 11:00:00-04:00,45.0,45.0099983215332,44.974998474121094,44.974998474121094,581,0.0,0.0
2024-08-19 11:01:00-04:00,45.0,45.0,44.96500015258789,44.96500015258789,324,0.0,0.0
2024-08-19 11:02:00-04:00,45.0099983215332,45.02000045776367,45.0099983215332,45.02000045776367,615,0.0,0.0
2024-08-19 11:03:00-04:00,45.02000045776367,45.084999084472656,44.97999954223633,45.07500076293945,5462,0.0,0.0
2024-08-19 11:05:00-04:00,45.07500076293945,45.07500076293945,45.07500076293945,45.07500076293945,439,0.0,0.0
2024-08-19 11:06:00-04:00,45.04499816894531,45.04499816894531,45.04499816894531,45.04499816894531,108,0.0,0.0
2024-08-19 11:07:00-04:00,45.04499816894531,45.05500030517578,45.04499816894531,45.05500030517578,577,0.0,0.0
2024-08-19 11:08:00-04:00,45.05500030517578,45.05500030517578,44.9900016784668,45.05500030517578,947,0.0,0.0
2024-08-19 11:09:00-04:00,45.04999923706055,45.04999923706055,44.95000076293945,44.974998474121094,2865,0.0,0.0
2024-08-19 11:10:00-04:00,44.939998626708984,44.939998626708984,44.939998626708984,44.939998626708984,284,0.0,0.0
2024-08-19 11:11:00-04:00,44.974998474121094,44.974998474121094,44.974998474121094,44.974998474121094,164,0.0,0.0
2024-08-19 11:12:00-04:00,44.974998474121094,44.974998474121094,44.974998474121094,44.974998474121094,226,0.0,0.0
2024-08-19 11:13:00-04:00,44.970001220703125,44.970001220703125,44.970001220703125,44.970001220703125,488,0.0,0.0
2024-08-19 11:14:00-04:00,44.974998474121094,44.974998474121094,44.974998474121094,44.974998474121094,560,0.0,0.0
2024-08-19 11:15:00-04:00,45.02000045776367,45.02000045776367,44.974998474121094,44.974998474121094,722,0.0,0.0
2024-08-19 11:16:00-04:00,44.994998931884766,44.994998931884766,44.994998931884766,44.994998931884766,401,0.0,0.0
2024-08-19 11:18:00-04:00,45.005001068115234,45.005001068115234,45.005001068115234,45.005001068115234,288,0.0,0.0
2024-08-19 11:19:00-04:00,45.06999969482422,45.13999938964844,45.029998779296875,45.13999938964844,2325,0.0,0.0
2024-08-19 11:20:00-04:00,45.150001525878906,45.22999954223633,45.150001525878906,45.22999954223633,2021,0.0,0.0
2024-08-19 11:21:00-04:00,45.18000030517578,45.22999954223633,45.18000030517578,45.22999954223633,566,0.0,0.0
2024-08-19 11:22:00-04:00,45.29999923706055,45.29999923706055,45.29999923706055,45.29999923706055,396,0.0,0.0
2024-08-19 11:23:00-04:00,45.29999923706055,45.349998474121094,45.29999923706055,45.349998474121094,603,0.0,0.0
2024-08-19 11:24:00-04:00,45.349998474121094,45.349998474121094,45.27000045776367,45.29999923706055,1427,0.0,0.0
2024-08-19 11:26:00-04:00,45.34000015258789,45.34000015258789,45.273799896240234,45.273799896240234,428,0.0,0.0
2024-08-19 11:27:00-04:00,45.34000015258789,45.34000015258789,45.34000015258789,45.34000015258789,162,0.0,0.0
2024-08-19 11:28:00-04:00,45.31999969482422,45.36000061035156,45.31999969482422,45.31999969482422,433,0.0,0.0
2024-08-19 11:29:00-04:00,45.369998931884766,45.369998931884766,45.369998931884766,45.369998931884766,208,0.0,0.0
2024-08-19 11:30:00-04:00,45.369998931884766,45.369998931884766,45.369998931884766,45.369998931884766,564,0.0,0.0
2024-08-19 11:31:00-04:00,45.369998931884766,45.369998931884766,45.31999969482422,45.349998474121094,1863,0.0,0.0
2024-08-19 11:32:00-04:00,45.31999969482422,45.349998474121094,45.31999969482422,45.349998474121094,786,0.0,0.0
2024-08-19 11:33:00-04:00,45.349998474121094,45.349998474121094,45.314998626708984,45.314998626708984,707,0.0,0.0
2024-08-19 11:35:00-04:00,45.34000015258789,45.34000015258789,45.34000015258789,45.34000015258789,100,0.0,0.0
2024-08-19 11:36:00-04:00,45.314998626708984,45.59000015258789,45.314998626708984,45.58000183105469,2877,0.0,0.0
2024-08-19 11:37:00-04:00,45.52000045776367,45.56999969482422,45.5,45.56999969482422,1517,0.0,0.0
2024-08-19 11:38:00-04:00,45.599998474121094,45.61000061035156,45.599998474121094,45.599998474121094,721,0.0,0.0
2024-08-19 11:39:00-04:00,45.584999084472656,45.63520050048828,45.584999084472656,45.630001068115234,567,0.0,0.0
2024-08-19 11:40:00-04:00,45.604400634765625,45.604400634765625,45.604400634765625,45.604400634765625,340,0.0,0.0
2024-08-19 11:41:00-04:00,45.58000183105469,45.599998474121094,45.54499816894531,45.59000015258789,4031,0.0,0.0
2024-08-19 11:42:00-04:00,45.59000015258789,45.625,45.59000015258789,45.59000015258789,860,0.0,0.0
2024-08-19 11:44:00-04:00,45.54999923706055,45.54999923706055,45.54999923706055,45.54999923706055,385,0.0,0.0
2024-08-19 11:46:00-04:00,45.595001220703125,45.595001220703125,45.595001220703125,45.595001220703125,795,0.0,0.0
2024-08-19 11:47:00-04:00,45.560001373291016,45.595001220703125,45.560001373291016,45.595001220703125,794,0.0,0.0
2024-08-19 11:49:00-04:00,45.599998474121094,45.599998474121094,45.599998474121094,45.599998474121094,661,0.0,0.0
2024-08-19 11:51:00-04:00,45.599998474121094,45.63999938964844,45.599998474121094,45.630001068115234,820,0.0,0.0
2024-08-19 11:52:00-04:00,45.61000061035156,45.61000061035156,45.61000061035156,45.61000061035156,333,0.0,0.0
2024-08-19 11:53:00-04:00,45.630001068115234,45.630001068115234,45.60499954223633,45.60499954223633,603,0.0,0.0
2024-08-19 11:54:00-04:00,45.61000061035156,45.630001068115234,45.61000061035156,45.630001068115234,631,0.0,0.0
2024-08-19 11:55:00-04:00,45.63999938964844,45.650001525878906,45.619998931884766,45.625,903,0.0,0.0
2024-08-19 11:56:00-04:00,45.6150016784668,45.6150016784668,45.400001525878906,45.42499923706055,4753,0.0,0.0
2024-08-19 11:57:00-04:00,45.40999984741211,45.40999984741211,45.40999984741211,45.40999984741211,581,0.0,0.0
2024-08-19 11:58:00-04:00,45.380001068115234,45.380001068115234,45.220001220703125,45.220001220703125,654,0.0,0.0
2024-08-19 11:59:00-04:00,45.27000045776367,45.27000045776367,45.27000045776367,45.27000045776367,343,0.0,0.0
2024-08-19 12:02:00-04:00,45.22840118408203,45.279998779296875,45.22840118408203,45.22999954223633,1561,0.0,0.0
2024-08-19 12:03:00-04:00,45.220001220703125,45.220001220703125,45.20000076293945,45.20000076293945,619,0.0,0.0
2024-08-19 12:04:00-04:00,45.190101623535156,45.2400016784668,45.190101623535156,45.2400016784668,243,0.0,0.0
2024-08-19 12:05:00-04:00,45.2400016784668,45.2400016784668,45.2400016784668,45.2400016784668,121,0.0,0.0
2024-08-19 12:06:00-04:00,45.189998626708984,45.22999954223633,45.189998626708984,45.189998626708984,731,0.0,0.0
2024-08-19 12:07:00-04:00,45.18000030517578,45.209999084472656,45.18000030517578,45.18000030517578,652,0.0,0.0
2024-08-19 12:08:00-04:00,45.19499969482422,45.19499969482422,45.19499969482422,45.19499969482422,126,0.0,0.0
2024-08-19 12:09:00-04:00,45.19499969482422,45.19499969482422,45.19499969482422,45.19499969482422,123,0.0,0.0
2024-08-19 12:10:00-04:00,45.1974983215332,45.220001220703125,45.1974983215332,45.220001220703125,1577,0.0,0.0
2024-08-19 12:17:00-04:00,45.23500061035156,45.23500061035156,45.23500061035156,45.23500061035156,501,0.0,0.0
2024-08-19 12:18:00-04:00,45.220001220703125,45.23500061035156,45.20000076293945,45.209999084472656,2952,0.0,0.0
2024-08-19 12:19:00-04:00,45.189998626708984,45.189998626708984,45.14500045776367,45.14500045776367,1912,0.0,0.0
2024-08-19 12:21:00-04:00,45.130001068115234,45.14500045776367,45.130001068115234,45.14500045776367,334,0.0,0.0
2024-08-19 12:22:00-04:00,45.130001068115234,45.130001068115234,45.130001068115234,45.130001068115234,272,0.0,0.0
2024-08-19 12:23:00-04:00,45.130001068115234,45.14500045776367,45.130001068115234,45.14500045776367,425,0.0,0.0
2024-08-19 12:24:00-04:00,45.119998931884766,45.14500045776367,45.119998931884766,45.14500045776367,331,0.0,0.0
2024-08-19 12:25:00-04:00,45.099998474121094,45.119998931884766,45.099998474121094,45.1150016784668,964,0.0,0.0
2024-08-19 12:26:00-04:00,45.11000061035156,45.11000061035156,45.02000045776367,45.02000045776367,7456,0.0,0.0
2024-08-19 12:29:00-04:00,45.04999923706055,45.04999923706055,44.98500061035156,44.98500061035156,723,0.0,0.0
2024-08-19 12:30:00-04:00,44.95000076293945,44.974998474121094,44.93000030517578,44.939998626708984,524,0.0,0.0
2024-08-19 12:31:00-04:00,44.93000030517578,45.02000045776367,44.93000030517578,44.974998474121094,2420,0.0,0.0
2024-08-19 12:32:00-04:00,44.974998474121094,45.150001525878906,44.974998474121094,45.095001220703125,4879,0.0,0.0
2024-08-19 12:33:00-04:00,45.13999938964844,45.13999938964844,45.09000015258789,45.09000015258789,273,0.0,0.0
2024-08-19 12:34:00-04:00,45.13999938964844,45.15999984741211,45.09000015258789,45.13999938964844,2488,0.0,0.0
2024-08-19 12:36:00-04:00,45.15999984741211,45.189998626708984,45.15999984741211,45.189998626708984,1217,0.0,0.0
2024-08-19 12:37:00-04:00,45.189998626708984,45.25,45.189998626708984,45.25,1252,0.0,0.0
2024-08-19 12:38:00-04:00,45.25,45.25,45.2400016784668,45.25,524,0.0,0.0
2024-08-19 12:39:00-04:00,45.2400016784668,45.25,45.2400016784668,45.25,311,0.0,0.0
2024-08-19 12:40:00-04:00,45.2400016784668,45.2400016784668,45.2400016784668,45.2400016784668,420,0.0,0.0
2024-08-19 12:41:00-04:00,45.279998779296875,45.279998779296875,45.22999954223633,45.22999954223633,415,0.0,0.0
2024-08-19 12:43:00-04:00,45.255001068115234,45.2599983215332,45.252498626708984,45.2599983215332,536,0.0,0.0
2024-08-19 12:44:00-04:00,45.220001220703125,45.25,45.220001220703125,45.25,1319,0.0,0.0
2024-08-19 12:45:00-04:00,45.209999084472656,45.22999954223633,45.20000076293945,45.20000076293945,1247,0.0,0.0
2024-08-19 12:46:00-04:00,45.22999954223633,45.25,45.22999954223633,45.25,427,0.0,0.0
2024-08-19 12:47:00-04:00,45.22999954223633,45.22999954223633,45.22999954223633,45.22999954223633,431,0.0,0.0
2024-08-19 12:49:00-04:00,45.20000076293945,45.22999954223633,45.18000030517578,45.20500183105469,3537,0.0,0.0
2024-08-19 12:50:00-04:00,45.189998626708984,45.20500183105469,45.189998626708984,45.20500183105469,638,0.0,0.0
2024-08-19 12:51:00-04:00,45.20500183105469,45.290000915527344,45.20500183105469,45.27000045776367,2383,0.0,0.0
2024-08-19 12:52:00-04:00,45.279998779296875,45.279998779296875,45.279998779296875,45.279998779296875,527,0.0,0.0
2024-08-19 12:54:00-04:00,45.3650016784668,45.380001068115234,45.349998474121094,45.3650016784668,922,0.0,0.0
2024-08-19 12:55:00-04:00,45.380001068115234,45.380001068115234,45.349998474121094,45.349998474121094,655,0.0,0.0
2024-08-19 12:56:00-04:00,45.3650016784668,45.369998931884766,45.3650016784668,45.369998931884766,387,0.0,0.0
2024-08-19 12:57:00-04:00,45.36000061035156,45.36000061035156,45.310001373291016,45.310001373291016,4647,0.0,0.0
2024-08-19 12:58:00-04:00,45.25,45.25,45.25,45.25,348,0.0,0.0
2024-08-19 12:59:00-04:00,45.2400016784668,45.290000915527344,45.23500061035156,45.290000915527344,1064,0.0,0.0
2024-08-19 13:00:00-04:00,45.27000045776367,45.27000045776367,45.22999954223633,45.25,845,0.0,0.0
2024-08-19 13:01:00-04:00,45.25,45.25,45.22999954223633,45.25,561,0.0,0.0
2024-08-19 13:02:00-04:00,45.290000915527344,45.31999969482422,45.275001525878906,45.30500030517578,1265,0.0,0.0
2024-08-19 13:04:00-04:00,45.310001373291016,45.34989929199219,45.310001373291016,45.310001373291016,5409,0.0,0.0
2024-08-19 13:06:00-04:00,45.349998474121094,45.349998474121094,45.310001373291016,45.349998474121094,2252,0.0,0.0
2024-08-19 13:08:00-04:00,45.35860061645508,45.35860061645508,45.35860061645508,45.35860061645508,119,0.0,0.0
2024-08-19 13:09:00-04:00,45.38999938964844,45.400001525878906,45.38999938964844,45.400001525878906,615,0.0,0.0
2024-08-19 13:10:00-04:00,45.41999816894531,45.41999816894531,45.400001525878906,45.400001525878906,330,0.0,0.0
2024-08-19 13:11:00-04:00,45.380001068115234,45.415000915527344,45.369998931884766,45.3849983215332,4336,0.0,0.0
2024-08-19 13:12:00-04:00,45.38999938964844,45.38999938964844,45.38999938964844,45.38999938964844,266,0.0,0.0
2024-08-19 13:13:00-04:00,45.380001068115234,45.400001525878906,45.380001068115234,45.38999938964844,1307,0.0,0.0
2024-08-19 13:15:00-04:00,45.369998931884766,45.369998931884766,45.369998931884766,45.369998931884766,507,0.0,0.0
2024-08-19 13:17:00-04:00,45.375,45.400001525878906,45.375,45.400001525878906,1039,0.0,0.0
2024-08-19 13:18:00-04:00,45.38999938964844,45.40999984741211,45.38999938964844,45.40999984741211,719,0.0,0.0
2024-08-19 13:20:00-04:00,45.40999984741211,45.40999984741211,45.40999984741211,45.40999984741211,206,0.0,0.0
2024-08-19 13:21:00-04:00,45.38999938964844,45.40999984741211,45.38999938964844,45.400001525878906,693,0.0,0.0
2024-08-19 13:22:00-04:00,45.380001068115234,45.39500045776367,45.380001068115234,45.39500045776367,989,0.0,0.0
2024-08-19 13:23:00-04:00,45.38999938964844,45.38999938964844,45.38999938964844,45.38999938964844,463,0.0,0.0
2024-08-19 13:24:00-04:00,45.4099006652832,45.4099006652832,45.39099884033203,45.39099884033203,229,0.0,0.0
2024-08-19 13:25:00-04:00,45.38999938964844,45.38999938964844,45.369998931884766,45.369998931884766,1164,0.0,0.0
2024-08-19 13:26:00-04:00,45.34000015258789,45.349998474121094,45.2599983215332,45.310001373291016,3480,0.0,0.0
2024-08-19 13:27:00-04:00,45.34000015258789,45.36000061035156,45.30500030517578,45.349998474121094,1764,0.0,0.0
2024-08-19 13:28:00-04:00,45.349998474121094,45.349998474121094,45.349998474121094,45.349998474121094,128,0.0,0.0
2024-08-19 13:29:00-04:00,45.31999969482422,45.31999969482422,45.31999969482422,45.31999969482422,463,0.0,0.0
2024-08-19 13:30:00-04:00,45.310001373291016,45.310001373291016,45.29999923706055,45.29999923706055,500,0.0,0.0
2024-08-19 13:31:00-04:00,45.32500076293945,45.32500076293945,45.290000915527344,45.29999923706055,1314,0.0,0.0
2024-08-19 13:32:00-04:00,45.33000183105469,45.33000183105469,45.33000183105469,45.33000183105469,1146,0.0,0.0
2024-08-19 13:33:00-04:00,45.334999084472656,45.334999084472656,45.334999084472656,45.334999084472656,766,0.0,0.0
2024-08-19 13:35:00-04:00,45.349998474121094,45.349998474121094,45.349998474121094,45.349998474121094,115,0.0,0.0
2024-08-19 13:36:00-04:00,45.369998931884766,45.43000030517578,45.369998931884766,45.41999816894531,1792,0.0,0.0
2024-08-19 13:37:00-04:00,45.43000030517578,45.45000076293945,45.43000030517578,45.439998626708984,839,0.0,0.0
2024-08-19 13:38:00-04:00,45.46500015258789,45.46500015258789,45.41999816894531,45.439998626708984,1552,0.0,0.0
2024-08-19 13:39:00-04:00,45.41999816894531,45.435001373291016,45.38999938964844,45.38999938964844,1724,0.0,0.0
2024-08-19 13:40:00-04:00,45.43000030517578,45.43000030517578,45.43000030517578,45.43000030517578,223,0.0,0.0
2024-08-19 13:41:00-04:00,45.44499969482422,45.46500015258789,45.44499969482422,45.46500015258789,583,0.0,0.0
2024-08-19 13:42:00-04:00,45.43000030517578,45.43000030517578,45.43000030517578,45.43000030517578,422,0.0,0.0
2024-08-19 13:44:00-04:00,45.459999084472656,45.459999084472656,45.459999084472656,45.459999084472656,310,0.0,0.0
2024-08-19 13:45:00-04:00,45.494998931884766,45.494998931884766,45.494998931884766,45.494998931884766,263,0.0,0.0
2024-08-19 13:46:00-04:00,45.494998931884766,45.494998931884766,45.43000030517578,45.439998626708984,3698,0.0,0.0
2024-08-19 13:47:00-04:00,45.44499969482422,45.44499969482422,45.44499969482422,45.44499969482422,287,0.0,0.0
2024-08-19 13:48:00-04:00,45.44499969482422,45.45000076293945,45.415000915527344,45.45000076293945,1704,0.0,0.0
2024-08-19 13:50:00-04:00,45.40999984741211,45.40999984741211,45.40999984741211,45.40999984741211,344,0.0,0.0
2024-08-19 13:51:00-04:00,45.45000076293945,45.45500183105469,45.45000076293945,45.45500183105469,273,0.0,0.0
2024-08-19 13:52:00-04:00,45.45500183105469,45.45500183105469,45.43000030517578,45.45500183105469,1146,0.0,0.0
2024-08-19 13:53:00-04:00,45.41999816894531,45.41999816894531,45.2400016784668,45.2400016784668,5071,0.0,0.0
2024-08-19 13:54:00-04:00,45.209999084472656,45.220001220703125,45.209999084472656,45.220001220703125,519,0.0,0.0
2024-08-19 13:55:00-04:00,45.220001220703125,45.27000045776367,45.220001220703125,45.27000045776367,576,0.0,0.0
2024-08-19 13:56:00-04:00,45.22999954223633,45.2400016784668,45.22999954223633,45.2400016784668,406,0.0,0.0
2024-08-19 13:57:00-04:00,45.244998931884766,45.244998931884766,45.244998931884766,45.244998931884766,344,0.0,0.0
2024-08-19 13:58:00-04:00,45.244998931884766,45.244998931884766,45.224998474121094,45.224998474121094,1183,0.0,0.0
2024-08-19 13:59:00-04:00,45.25,45.25,45.25,45.25,152,0.0,0.0
2024-08-19 14:00:00-04:00,45.27000045776367,45.279998779296875,45.150001525878906,45.15999984741211,6267,0.0,0.0
2024-08-19 14:03:00-04:00,45.1349983215332,45.13999938964844,45.11000061035156,45.11000061035156,1271,0.0,0.0
2024-08-19 14:04:00-04:00,45.11000061035156,45.11000061035156,45.11000061035156,45.11000061035156,571,0.0,0.0
2024-08-19 14:05:00-04:00,45.16999816894531,45.209999084472656,45.16999816894531,45.20000076293945,1677,0.0,0.0
2024-08-19 14:06:00-04:00,45.20000076293945,45.209999084472656,45.20000076293945,45.209999084472656,1034,0.0,0.0
2024-08-19 14:07:00-04:00,45.209999084472656,45.220001220703125,45.209999084472656,45.209999084472656,305,0.0,0.0
2024-08-19 14:08:00-04:00,45.209999084472656,45.209999084472656,45.16999816894531,45.16999816894531,1166,0.0,0.0
2024-08-19 14:09:00-04:00,45.20500183105469,45.20500183105469,45.20500183105469,45.20500183105469,215,0.0,0.0
2024-08-19 14:10:00-04:00,45.22999954223633,45.22999954223633,45.17070007324219,45.20500183105469,882,0.0,0.0
2024-08-19 14:11:00-04:00,45.20500183105469,45.20500183105469,45.16999816894531,45.20000076293945,2260,0.0,0.0
2024-08-19 14:12:00-04:00,45.19499969482422,45.19499969482422,45.19499969482422,45.19499969482422,513,0.0,0.0
2024-08-19 14:13:00-04:00,45.209999084472656,45.209999084472656,45.20000076293945,45.20000076293945,636,0.0,0.0
2024-08-19 14:14:00-04:00,45.16999816894531,45.16999816894531,45.13999938964844,45.150001525878906,2368,0.0,0.0
2024-08-19 14:15:00-04:00,45.154998779296875,45.154998779296875,45.11000061035156,45.130001068115234,4261,0.0,0.0
2024-08-19 14:16:00-04:00,45.130001068115234,45.130001068115234,45.130001068115234,45.130001068115234,571,0.0,0.0
2024-08-19 14:18:00-04:00,45.15999984741211,45.15999984741211,45.1349983215332,45.1349983215332,221,0.0,0.0
2024-08-19 14:19:00-04:00,45.15999984741211,45.15999984741211,45.15999984741211,45.15999984741211,126,0.0,0.0
2024-08-19 14:20:00-04:00,45.15999984741211,45.20000076293945,45.14500045776367,45.20000076293945,1917,0.0,0.0
2024-08-19 14:21:00-04:00,45.185001373291016,45.189998626708984,45.150001525878906,45.189998626708984,1723,0.0,0.0
2024-08-19 14:22:00-04:00,45.189998626708984,45.189998626708984,45.16999816894531,45.16999816894531,1010,0.0,0.0
2024-08-19 14:23:00-04:00,45.15999984741211,45.16999816894531,45.13999938964844,45.16999816894531,2989,0.0,0.0
2024-08-19 14:25:00-04:00,45.165000915527344,45.165000915527344,45.165000915527344,45.165000915527344,346,0.0,0.0
2024-08-19 14:26:00-04:00,45.150001525878906,45.150001525878906,45.13999938964844,45.13999938964844,751,0.0,0.0
2024-08-19 14:28:00-04:00,45.189998626708984,45.189998626708984,45.18000030517578,45.18000030517578,219,0.0,0.0
2024-08-19 14:29:00-04:00,45.16999816894531,45.16999816894531,45.16999816894531,45.16999816894531,592,0.0,0.0
2024-08-19 14:31:00-04:00,45.189998626708984,45.189998626708984,45.16999816894531,45.189998626708984,968,0.0,0.0
2024-08-19 14:32:00-04:00,45.16999816894531,45.16999816894531,45.150001525878906,45.150001525878906,571,0.0,0.0
2024-08-19 14:33:00-04:00,45.18000030517578,45.20000076293945,45.17499923706055,45.185001373291016,2143,0.0,0.0
2024-08-19 14:34:00-04:00,45.189998626708984,45.189998626708984,45.1150016784668,45.14500045776367,14792,0.0,0.0
2024-08-19 14:35:00-04:00,45.13999938964844,45.13999938964844,45.06999969482422,45.06999969482422,2133,0.0,0.0
2024-08-19 14:36:00-04:00,45.029998779296875,45.064998626708984,45.029998779296875,45.064998626708984,795,0.0,0.0
2024-08-19 14:37:00-04:00,45.07500076293945,45.07500076293945,45.029998779296875,45.040000915527344,1340,0.0,0.0
2024-08-19 14:38:00-04:00,45.01499938964844,45.060001373291016,45.01499938964844,45.060001373291016,363,0.0,0.0
2024-08-19 14:39:00-04:00,45.0,45.029998779296875,45.0,45.029998779296875,1409,0.0,0.0
2024-08-19 14:40:00-04:00,45.060001373291016,45.08000183105469,45.029998779296875,45.08000183105469,2123,0.0,0.0
2024-08-19 14:41:00-04:00,45.08000183105469,45.08000183105469,45.08000183105469,45.08000183105469,316,0.0,0.0
2024-08-19 14:42:00-04:00,45.08000183105469,45.119998931884766,45.08000183105469,45.119998931884766,2245,0.0,0.0
2024-08-19 14:43:00-04:00,45.16999816894531,45.16999816894531,45.150001525878906,45.150001525878906,905,0.0,0.0
2024-08-19 14:44:00-04:00,45.18000030517578,45.20500183105469,45.11000061035156,45.119998931884766,4678,0.0,0.0
2024-08-19 14:45:00-04:00,45.150001525878906,45.20000076293945,45.130001068115234,45.18000030517578,4988,0.0,0.0
2024-08-19 14:48:00-04:00,45.185001373291016,45.209999084472656,45.185001373291016,45.209999084472656,939,0.0,0.0
2024-08-19 14:49:00-04:00,45.2400016784668,45.2599983215332,45.2400016784668,45.2599983215332,1136,0.0,0.0
2024-08-19 14:50:00-04:00,45.22999954223633,45.2400016784668,45.20000076293945,45.22999954223633,1714,0.0,0.0
2024-08-19 14:51:00-04:00,45.209999084472656,45.2400016784668,45.209999084472656,45.2400016784668,391,0.0,0.0
2024-08-19 14:52:00-04:00,45.22999954223633,45.22999954223633,45.130001068115234,45.16999816894531,5451,0.0,0.0
2024-08-19 14:53:00-04:00,45.13999938964844,45.14500045776367,45.11000061035156,45.11000061035156,601,0.0,0.0
2024-08-19 14:54:00-04:00,45.13999938964844,45.14500045776367,45.11000061035156,45.13999938964844,1409,0.0,0.0
2024-08-19 14:55:00-04:00,45.119998931884766,45.119998931884766,45.119998931884766,45.119998931884766,294,0.0,0.0
2024-08-19 14:56:00-04:00,45.11000061035156,45.1349983215332,45.06999969482422,45.06999969482422,2299,0.0,0.0
2024-08-19 14:57:00-04:00,45.060001373291016,45.09000015258789,45.060001373291016,45.09000015258789,445,0.0,0.0
2024-08-19 14:58:00-04:00,45.11000061035156,45.11000061035156,45.11000061035156,45.11000061035156,301,0.0,0.0
2024-08-19 14:59:00-04:00,45.06999969482422,45.06999969482422,45.06999969482422,45.06999969482422,696,0.0,0.0
2024-08-19 15:00:00-04:00,45.09000015258789,45.09000015258789,45.029998779296875,45.040000915527344,3123,0.0,0.0
2024-08-19 15:01:00-04:00,45.02000045776367,45.02000045776367,45.01340103149414,45.01340103149414,1026,0.0,0.0
2024-08-19 15:02:00-04:00,45.06999969482422,45.06999969482422,45.040000915527344,45.06999969482422,603,0.0,0.0
2024-08-19 15:03:00-04:00,45.04499816894531,45.06999969482422,45.04499816894531,45.04999923706055,587,0.0,0.0
2024-08-19 15:04:00-04:00,45.04999923706055,45.04999923706055,44.900001525878906,45.0,8314,0.0,0.0
2024-08-19 15:05:00-04:00,44.970001220703125,45.029998779296875,44.970001220703125,45.0,1968,0.0,0.0
2024-08-19 15:06:00-04:00,45.01499938964844,45.04999923706055,45.01499938964844,45.04999923706055,1214,0.0,0.0
2024-08-19 15:07:00-04:00,45.04999923706055,45.04999923706055,45.04999923706055,45.04999923706055,1057,0.0,0.0
2024-08-19 15:08:00-04:00,45.060001373291016,45.08000183105469,45.060001373291016,45.08000183105469,743,0.0,0.0
2024-08-19 15:09:00-04:00,45.099998474121094,45.099998474121094,45.099998474121094,45.099998474121094,980,0.0,0.0
2024-08-19 15:10:00-04:00,45.09000015258789,45.09000015258789,45.040000915527344,45.064998626708984,2466,0.0,0.0
2024-08-19 15:13:00-04:00,45.064998626708984,45.064998626708984,45.064998626708984,45.064998626708984,322,0.0,0.0
2024-08-19 15:14:00-04:00,45.09000015258789,45.09000015258789,45.06999969482422,45.06999969482422,249,0.0,0.0
2024-08-19 15:15:00-04:00,45.06999969482422,45.07500076293945,44.97999954223633,44.97999954223633,6107,0.0,0.0
2024-08-19 15:16:00-04:00,44.97999954223633,44.98500061035156,44.97999954223633,44.98500061035156,718,0.0,0.0
2024-08-19 15:17:00-04:00,44.98500061035156,45.0,44.97999954223633,45.0,1493,0.0,0.0
2024-08-19 15:18:00-04:00,45.02000045776367,45.04999923706055,44.974998474121094,44.974998474121094,3129,0.0,0.0
2024-08-19 15:19:00-04:00,45.0099983215332,45.0099983215332,45.0099983215332,45.0099983215332,270,0.0,0.0
2024-08-19 15:20:00-04:00,44.9900016784668,44.9900016784668,44.959999084472656,44.959999084472656,561,0.0,0.0
2024-08-19 15:22:00-04:00,44.9900016784668,45.0,44.95000076293945,44.97999954223633,3628,0.0,0.0
2024-08-19 15:23:00-04:00,44.959999084472656,44.959999084472656,44.95500183105469,44.95500183105469,248,0.0,0.0
2024-08-19 15:24:00-04:00,44.959999084472656,44.970001220703125,44.93000030517578,44.970001220703125,4582,0.0,0.0
2024-08-19 15:25:00-04:00,44.97999954223633,44.97999954223633,44.97999954223633,44.97999954223633,219,0.0,0.0
2024-08-19 15:26:00-04:00,44.97999954223633,44.97999954223633,44.95000076293945,44.970001220703125,2876,0.0,0.0
2024-08-19 15:27:00-04:00,44.95000076293945,45.0,44.95000076293945,44.97999954223633,3362,0.0,0.0
2024-08-19 15:28:00-04:00,45.0099983215332,45.0099983215332,45.0099983215332,45.0099983215332,471,0.0,0.0
2024-08-19 15:29:00-04:00,45.0099983215332,45.0099983215332,44.95000076293945,45.0099983215332,6990,0.0,0.0
2024-08-19 15:30:00-04:00,45.0099983215332,45.029998779296875,45.0099983215332,45.02000045776367,2253,0.0,0.0
2024-08-19 15:31:00-04:00,45.0099983215332,45.0099983215332,44.970001220703125,44.9900016784668,4711,0.0,0.0
2024-08-19 15:32:00-04:00,44.994998931884766,45.0099983215332,44.877498626708984,44.88999938964844,5551,0.0,0.0
2024-08-19 15:33:00-04:00,44.90999984741211,45.029998779296875,44.900001525878906,45.0,2443,0.0,0.0
2024-08-19 15:34:00-04:00,45.029998779296875,45.029998779296875,45.02989959716797,45.02989959716797,825,0.0,0.0
2024-08-19 15:35:00-04:00,45.029998779296875,45.029998779296875,45.0,45.02000045776367,2137,0.0,0.0
2024-08-19 15:36:00-04:00,45.02000045776367,45.02000045776367,45.02000045776367,45.02000045776367,663,0.0,0.0
2024-08-19 15:37:00-04:00,45.029998779296875,45.11000061035156,45.029998779296875,45.099998474121094,6898,0.0,0.0
2024-08-19 15:38:00-04:00,45.11000061035156,45.11000061035156,45.02000045776367,45.06999969482422,9886,0.0,0.0
2024-08-19 15:39:00-04:00,45.06999969482422,45.099998474121094,45.06999969482422,45.07500076293945,1722,0.0,0.0
2024-08-19 15:40:00-04:00,45.07500076293945,45.09000015258789,45.06999969482422,45.06999969482422,1254,0.0,0.0
2024-08-19 15:41:00-04:00,45.099998474121094,45.27000045776367,45.07500076293945,45.27000045776367,6804,0.0,0.0
2024-08-19 15:42:00-04:00,45.27000045776367,45.27000045776367,45.25,45.27000045776367,1736,0.0,0.0
2024-08-19 15:43:00-04:00,45.27000045776367,45.27000045776367,45.15999984741211,45.15999984741211,9007,0.0,0.0
2024-08-19 15:44:00-04:00,45.17499923706055,45.189998626708984,45.17499923706055,45.17499923706055,1080,0.0,0.0
2024-08-19 15:45:00-04:00,45.17499923706055,45.20000076293945,45.13999938964844,45.14500045776367,12102,0.0,0.0
2024-08-19 15:46:00-04:00,45.1349983215332,45.1349983215332,45.060001373291016,45.060001373291016,3256,0.0,0.0
2024-08-19 15:47:00-04:00,45.040000915527344,45.064998626708984,45.02000045776367,45.064998626708984,2772,0.0,0.0
2024-08-19 15:48:00-04:00,45.027400970458984,45.06999969482422,45.027400970458984,45.060001373291016,2115,0.0,0.0
2024-08-19 15:49:00-04:00,45.064998626708984,45.064998626708984,45.029998779296875,45.060001373291016,2483,0.0,0.0
2024-08-19 15:50:00-04:00,45.099998474121094,45.220001220703125,45.099998474121094,45.125,7222,0.0,0.0
2024-08-19 15:51:00-04:00,45.09000015258789,45.099998474121094,45.0,45.040000915527344,6513,0.0,0.0
2024-08-19 15:52:00-04:00,45.040000915527344,45.04999923706055,45.0099983215332,45.040000915527344,3094,0.0,0.0
2024-08-19 15:53:00-04:00,45.0099983215332,45.14500045776367,45.0099983215332,45.1150016784668,9014,0.0,0.0
2024-08-19 15:54:00-04:00,45.09000015258789,45.1150016784668,45.07500076293945,45.09000015258789,10999,0.0,0.0
2024-08-19 15:55:00-04:00,45.060001373291016,45.2400016784668,45.0,45.20000076293945,12108,0.0,0.0
2024-08-19 15:56:00-04:00,45.209999084472656,45.220001220703125,45.189998626708984,45.20000076293945,7994,0.0,0.0
2024-08-19 15:57:00-04:00,45.20500183105469,45.27000045776367,45.17499923706055,45.189998626708984,13109,0.0,0.0
2024-08-19 15:58:00-04:00,45.20000076293945,45.20000076293945,45.11000061035156,45.11000061035156,19408,0.0,0.0
2024-08-19 15:59:00-04:00,45.11000061035156,45.310001373291016,45.11000061035156,45.275001525878906,32703,0.0,0.0
2024-08-20 09:30:00-04:00,44.93000030517578,44.93000030517578,44.93000030517578,44.93000030517578,3744,0.0,0.0
2024-08-20 09:33:00-04:00,44.970001220703125,44.970001220703125,44.93000030517578,44.93000030517578,1587,0.0,0.0
2024-08-20 09:34:00-04:00,44.66999816894531,44.66999816894531,44.66999816894531,44.66999816894531,2126,0.0,0.0
2024-08-20 09:37:00-04:00,44.904998779296875,44.904998779296875,44.904998779296875,44.904998779296875,409,0.0,0.0
2024-08-20 09:38:00-04:00,44.72999954223633,44.72999954223633,44.66999816894531,44.66999816894531,1693,0.0,0.0
2024-08-20 09:39:00-04:00,44.994998931884766,44.994998931884766,44.869998931884766,44.869998931884766,304,0.0,0.0
2024-08-20 09:40:00-04:00,44.849998474121094,44.849998474121094,44.849998474121094,44.849998474121094,662,0.0,0.0
2024-08-20 09:41:00-04:00,45.0,45.11000061035156,45.0,45.11000061035156,2936,0.0,0.0
2024-08-20 09:42:00-04:00,45.13999938964844,45.13999938964844,45.09000015258789,45.09000015258789,422,0.0,0.0
2024-08-20 09:44:00-04:00,45.02000045776367,45.02000045776367,45.02000045776367,45.02000045776367,164,0.0,0.0
2024-08-20 09:45:00-04:00,45.0099983215332,45.0099983215332,45.0,45.0,6059,0.0,0.0
2024-08-20 09:46:00-04:00,45.0099983215332,45.0099983215332,45.0,45.0,674,0.0,0.0
2024-08-20 09:47:00-04:00,45.0,45.09000015258789,45.0,45.09000015258789,1572,0.0,0.0
2024-08-20 09:48:00-04:00,45.099998474121094,45.15999984741211,45.09000015258789,45.15999984741211,703,0.0,0.0
2024-08-20 09:49:00-04:00,45.11000061035156,45.11000061035156,45.060001373291016,45.060001373291016,1675,0.0,0.0
2024-08-20 09:51:00-04:00,45.09000015258789,45.09000015258789,45.09000015258789,45.09000015258789,100,0.0,0.0
2024-08-20 09:52:00-04:00,45.099998474121094,45.119998931884766,45.099998474121094,45.119998931884766,1764,0.0,0.0
2024-08-20 09:53:00-04:00,45.119998931884766,45.119998931884766,45.119998931884766,45.119998931884766,157,0.0,0.0
2024-08-20 09:54:00-04:00,45.099998474121094,45.099998474121094,45.099998474121094,45.099998474121094,692,0.0,0.0
2024-08-20 09:55:00-04:00,45.060001373291016,45.15840148925781,45.04999923706055,45.15840148925781,1120,0.0,0.0
2024-08-20 09:57:00-04:00,45.060001373291016,45.060001373291016,45.060001373291016,45.060001373291016,281,0.0,0.0
2024-08-20 09:59:00-04:00,45.01219940185547,45.01219940185547,45.01219940185547,45.01219940185547,166,0.0,0.0
2024-08-20 10:00:00-04:00,45.040000915527344,45.18000030517578,45.040000915527344,45.18000030517578,1679,0.0,0.0
2024-08-20 10:02:00-04:00,45.17499923706055,45.17499923706055,45.17499923706055,45.17499923706055,102,0.0,0.0
2024-08-20 10:03:00-04:00,45.099998474121094,45.16999816894531,45.099998474121094,45.16999816894531,2404,0.0,0.0
2024-08-20 10:04:00-04:00,45.16999816894531,45.16999816894531,45.09000015258789,45.099998474121094,2438,0.0,0.0
2024-08-20 10:05:00-04:00,45.040000915527344,45.06999969482422,45.040000915527344,45.06999969482422,535,0.0,0.0
2024-08-20 10:06:00-04:00,45.09000015258789,45.09000015258789,45.06999969482422,45.06999969482422,537,0.0,0.0
2024-08-20 10:07:00-04:00,45.06999969482422,45.06999969482422,45.06999969482422,45.06999969482422,301,0.0,0.0
2024-08-20 10:08:00-04:00,45.06999969482422,45.06999969482422,45.012699127197266,45.012699127197266,529,0.0,0.0
2024-08-20 10:09:00-04:00,45.064998626708984,45.064998626708984,45.064998626708984,45.064998626708984,237,0.0,0.0
2024-08-20 10:11:00-04:00,45.0,45.04999923706055,45.0,45.029998779296875,2043,0.0,0.0
2024-08-20 10:12:00-04:00,45.0,45.04999923706055,45.0,45.0,6694,0.0,0.0
2024-08-20 10:13:00-04:00,44.9900016784668,44.9900016784668,44.97999954223633,44.97999954223633,1031,0.0,0.0
2024-08-20 10:14:00-04:00,44.970001220703125,44.970001220703125,44.970001220703125,44.970001220703125,226,0.0,0.0
2024-08-20 10:15:00-04:00,44.96500015258789,44.96500015258789,44.90999984741211,44.90999984741211,457,0.0,0.0
2024-08-20 10:16:00-04:00,44.900001525878906,44.900001525878906,44.79999923706055,44.845001220703125,1732,0.0,0.0
2024-08-20 10:17:00-04:00,44.77000045776367,44.77000045776367,44.65999984741211,44.65999984741211,542,0.0,0.0
2024-08-20 10:18:00-04:00,44.72999954223633,44.90999984741211,44.72999954223633,44.79999923706055,3629,0.0,0.0
2024-08-20 10:19:00-04:00,44.8650016784668,44.8650016784668,44.8650016784668,44.8650016784668,214,0.0,0.0
2024-08-20 10:20:00-04:00,44.875,44.880001068115234,44.875,44.880001068115234,407,0.0,0.0
2024-08-20 10:21:00-04:00,44.92499923706055,44.92499923706055,44.90999984741211,44.90999984741211,659,0.0,0.0
2024-08-20 10:25:00-04:00,44.959999084472656,44.970001220703125,44.959999084472656,44.970001220703125,609,0.0,0.0
2024-08-20 10:26:00-04:00,45.060001373291016,45.08000183105469,45.060001373291016,45.08000183105469,435,0.0,0.0
2024-08-20 10:28:00-04:00,45.04999923706055,45.07500076293945,45.04999923706055,45.04999923706055,984,0.0,0.0
2024-08-20 10:29:00-04:00,45.08000183105469,45.08000183105469,45.08000183105469,45.08000183105469,352,0.0,0.0
2024-08-20 10:30:00-04:00,45.060001373291016,45.060001373291016,45.0,45.01499938964844,2127,0.0,0.0
2024-08-20 10:32:00-04:00,45.01499938964844,45.01499938964844,44.97999954223633,44.97999954223633,5848,0.0,0.0
2024-08-20 10:33:00-04:00,45.01499938964844,45.01499938964844,45.01499938964844,45.01499938964844,101,0.0,0.0
2024-08-20 10:34:00-04:00,45.00849914550781,45.01499938964844,45.00849914550781,45.01499938964844,1049,0.0,0.0
2024-08-20 10:35:00-04:00,44.97999954223633,45.0,44.97999954223633,45.0,1093,0.0,0.0
2024-08-20 10:37:00-04:00,44.9536018371582,45.029998779296875,44.9536018371582,44.994998931884766,803,0.0,0.0
2024-08-20 10:38:00-04:00,44.97999954223633,45.0099983215332,44.95000076293945,44.970001220703125,2763,0.0,0.0
2024-08-20 10:39:00-04:00,44.95500183105469,45.0099983215332,44.95500183105469,44.994998931884766,2316,0.0,0.0
2024-08-20 10:40:00-04:00,44.9900016784668,44.9900016784668,44.98500061035156,44.98500061035156,1513,0.0,0.0
2024-08-20 10:41:00-04:00,44.939998626708984,44.939998626708984,44.939998626708984,44.939998626708984,1332,0.0,0.0
2024-08-20 10:42:00-04:00,44.935001373291016,44.939998626708984,44.935001373291016,44.939998626708984,1428,0.0,0.0
2024-08-20 10:43:00-04:00,44.939998626708984,44.97999954223633,44.91999816894531,44.97999954223633,965,0.0,0.0
2024-08-20 10:44:00-04:00,44.939998626708984,44.97999954223633,44.91999816894531,44.97999954223633,503,0.0,0.0
2024-08-20 10:45:00-04:00,44.97999954223633,44.97999954223633,44.90999984741211,44.959999084472656,2183,0.0,0.0
2024-08-20 10:46:00-04:00,44.97999954223633,45.13999938964844,44.97999954223633,45.13999938964844,1821,0.0,0.0
2024-08-20 10:47:00-04:00,45.220001220703125,45.2400016784668,45.220001220703125,45.2400016784668,865,0.0,0.0
2024-08-20 10:49:00-04:00,45.20000076293945,45.20000076293945,45.18000030517578,45.18000030517578,846,0.0,0.0
2024-08-20 10:50:00-04:00,45.18000030517578,45.279998779296875,45.18000030517578,45.279998779296875,2500,0.0,0.0
2024-08-20 10:53:00-04:00,45.25,45.33000183105469,45.25,45.27000045776367,883,0.0,0.0
2024-08-20 10:54:00-04:00,45.31999969482422,45.31999969482422,45.2599983215332,45.31999969482422,1482,0.0,0.0
2024-08-20 10:55:00-04:00,45.290000915527344,45.30500030517578,45.25,45.279998779296875,2090,0.0,0.0
2024-08-20 10:56:00-04:00,45.25,45.279998779296875,45.119998931884766,45.1349983215332,4380,0.0,0.0
2024-08-20 10:57:00-04:00,45.09000015258789,45.14500045776367,45.04999923706055,45.14500045776367,2951,0.0,0.0
2024-08-20 10:59:00-04:00,44.97999954223633,44.97999954223633,44.97999954223633,44.97999954223633,677,0.0,0.0
2024-08-20 11:02:00-04:00,44.98500061035156,44.98500061035156,44.920101165771484,44.920101165771484,2177,0.0,0.0
2024-08-20 11:04:00-04:00,44.959999084472656,44.959999084472656,44.93000030517578,44.93000030517578,352,0.0,0.0
2024-08-20 11:05:00-04:00,44.98500061035156,44.98500061035156,44.939998626708984,44.939998626708984,333,0.0,0.0
2024-08-20 11:06:00-04:00,44.93000030517578,44.93000030517578,44.93000030517578,44.93000030517578,1427,0.0,0.0
2024-08-20 11:07:00-04:00,44.93000030517578,44.93000030517578,44.93000030517578,44.93000030517578,421,0.0,0.0
2024-08-20 11:08:00-04:00,44.93000030517578,44.970001220703125,44.93000030517578,44.970001220703125,1146,0.0,0.0
2024-08-20 11:10:00-04:00,44.95000076293945,44.95000076293945,44.95000076293945,44.95000076293945,138,0.0,0.0
2024-08-20 11:11:00-04:00,44.94499969482422,44.94499969482422,44.94499969482422,44.94499969482422,365,0.0,0.0
2024-08-20 11:13:00-04:00,44.95750045776367,45.0,44.94499969482422,44.9900016784668,30074,0.0,0.0
2024-08-20 11:14:00-04:00,44.974998474121094,44.974998474121094,44.83000183105469,44.875,4742,0.0,0.0
2024-08-20 11:15:00-04:00,44.869998931884766,44.90999984741211,44.869998931884766,44.90999984741211,1015,0.0,0.0
2024-08-20 11:16:00-04:00,44.849998474121094,44.849998474121094,44.849998474121094,44.849998474121094,255,0.0,0.0
2024-08-20 11:17:00-04:00,44.91999816894531,44.91999816894531,44.880001068115234,44.880001068115234,9471,0.0,0.0
2024-08-20 11:18:00-04:00,44.91999816894531,44.91999816894531,44.91999816894531,44.91999816894531,145,0.0,0.0
2024-08-20 11:19:00-04:00,44.89500045776367,44.89500045776367,44.86000061035156,44.89500045776367,631,0.0,0.0
2024-08-20 11:20:00-04:00,44.93000030517578,44.93000030517578,44.93000030517578,44.93000030517578,443,0.0,0.0
2024-08-20 11:21:00-04:00,44.83000183105469,44.83000183105469,44.83000183105469,44.83000183105469,200,0.0,0.0
2024-08-20 11:22:00-04:00,44.849998474121094,44.849998474121094,44.849998474121094,44.849998474121094,627,0.0,0.0
2024-08-20 11:24:00-04:00,44.869998931884766,44.91999816894531,44.869998931884766,44.91999816894531,1382,0.0,0.0
2024-08-20 11:26:00-04:00,44.869998931884766,44.869998931884766,44.810001373291016,44.84000015258789,3067,0.0,0.0
2024-08-20 11:27:00-04:00,44.810001373291016,44.810001373291016,44.79999923706055,44.79999923706055,3248,0.0,0.0
2024-08-20 11:28:00-04:00,44.79999923706055,44.79999923706055,44.7599983215332,44.7599983215332,1450,0.0,0.0
2024-08-20 11:29:00-04:00,44.810001373291016,44.84000015258789,44.779998779296875,44.84000015258789,2204,0.0,0.0
2024-08-20 11:30:00-04:00,44.7599983215332,44.79999923706055,44.75,44.75,515,0.0,0.0
2024-08-20 11:31:00-04:00,44.810001373291016,44.810001373291016,44.7599983215332,44.7599983215332,377,0.0,0.0
2024-08-20 11:32:00-04:00,44.7599983215332,44.77000045776367,44.7599983215332,44.77000045776367,411,0.0,0.0
2024-08-20 11:33:00-04:00,44.790000915527344,44.790000915527344,44.72999954223633,44.72999954223633,1242,0.0,0.0
2024-08-20 11:34:00-04:00,44.72999954223633,44.79999923706055,44.68000030517578,44.77000045776367,4906,0.0,0.0
2024-08-20 11:35:00-04:00,44.75,44.7599983215332,44.72999954223633,44.72999954223633,1114,0.0,0.0
2024-08-20 11:37:00-04:00,44.720001220703125,44.72999954223633,44.720001220703125,44.72999954223633,921,0.0,0.0
2024-08-20 11:38:00-04:00,44.720001220703125,44.720001220703125,44.720001220703125,44.720001220703125,360,0.0,0.0
2024-08-20 11:39:00-04:00,44.7599983215332,44.810001373291016,44.709999084472656,44.779998779296875,4312,0.0,0.0
2024-08-20 11:40:00-04:00,44.819400787353516,44.849998474121094,44.7599983215332,44.7599983215332,3408,0.0,0.0
2024-08-20 11:41:00-04:00,44.80500030517578,44.814998626708984,44.8025016784668,44.814998626708984,670,0.0,0.0
2024-08-20 11:42:00-04:00,44.80619812011719,44.81999969482422,44.70000076293945,44.7400016784668,5469,0.0,0.0
2024-08-20 11:43:00-04:00,44.70000076293945,44.70000076293945,44.61000061035156,44.61000061035156,6483,0.0,0.0
2024-08-20 11:45:00-04:00,44.599998474121094,44.599998474121094,44.599998474121094,44.599998474121094,529,0.0,0.0
2024-08-20 11:46:00-04:00,44.599998474121094,44.599998474121094,44.599998474121094,44.599998474121094,201,0.0,0.0
2024-08-20 11:47:00-04:00,44.599998474121094,44.599998474121094,44.599998474121094,44.599998474121094,333,0.0,0.0
2024-08-20 11:48:00-04:00,44.59000015258789,44.630001068115234,44.59000015258789,44.630001068115234,609,0.0,0.0
2024-08-20 11:49:00-04:00,44.61000061035156,44.61000061035156,44.599998474121094,44.599998474121094,275,0.0,0.0
2024-08-20 11:50:00-04:00,44.68000030517578,44.70000076293945,44.63999938964844,44.665000915527344,6384,0.0,0.0
2024-08-20 11:51:00-04:00,44.665000915527344,44.68000030517578,44.630001068115234,44.630001068115234,1012,0.0,0.0
2024-08-20 11:53:00-04:00,44.63999938964844,44.70000076293945,44.63999938964844,44.70000076293945,2584,0.0,0.0
2024-08-20 11:54:00-04:00,44.709999084472656,44.709999084472656,44.709999084472656,44.709999084472656,383,0.0,0.0
2024-08-20 11:55:00-04:00,44.72999954223633,44.72999954223633,44.709999084472656,44.709999084472656,349,0.0,0.0
2024-08-20 11:56:00-04:00,44.724998474121094,44.724998474121094,44.63999938964844,44.650001525878906,3009,0.0,0.0
2024-08-20 11:57:00-04:00,44.70000076293945,44.709999084472656,44.70000076293945,44.70000076293945,5371,0.0,0.0
2024-08-20 11:58:00-04:00,44.709999084472656,44.810001373291016,44.709999084472656,44.800899505615234,3188,0.0,0.0
2024-08-20 11:59:00-04:00,44.810001373291016,44.810001373291016,44.779998779296875,44.80500030517578,1837,0.0,0.0
2024-08-20 12:04:00-04:00,44.81999969482422,44.81999969482422,44.81999969482422,44.81999969482422,100,0.0,0.0
2024-08-20 12:05:00-04:00,44.81999969482422,44.83000183105469,44.81999969482422,44.83000183105469,857,0.0,0.0
2024-08-20 12:06:00-04:00,44.83000183105469,44.86000061035156,44.81999969482422,44.86000061035156,3414,0.0,0.0
2024-08-20 12:07:00-04:00,44.845001220703125,44.845001220703125,44.81999969482422,44.81999969482422,589,0.0,0.0
2024-08-20 12:08:00-04:00,44.849998474121094,44.849998474121094,44.720001220703125,44.779998779296875,5788,0.0,0.0
2024-08-20 12:09:00-04:00,44.7400016784668,44.7400016784668,44.7400016784668,44.7400016784668,2127,0.0,0.0
2024-08-20 12:10:00-04:00,44.77000045776367,44.79499816894531,44.75,44.78499984741211,7067,0.0,0.0
2024-08-20 12:11:00-04:00,44.779998779296875,44.779998779296875,44.779998779296875,44.779998779296875,609,0.0,0.0
2024-08-20 12:12:00-04:00,44.72999954223633,44.73500061035156,44.72999954223633,44.73500061035156,1526,0.0,0.0
2024-08-20 12:13:00-04:00,44.70000076293945,44.70000076293945,44.70000076293945,44.70000076293945,433,0.0,0.0
2024-08-20 12:14:00-04:00,44.70000076293945,44.72999954223633,44.70000076293945,44.70000076293945,1468,0.0,0.0
2024-08-20 12:15:00-04:00,44.709999084472656,44.72999954223633,44.70000076293945,44.70000076293945,3391,0.0,0.0
2024-08-20 12:16:00-04:00,44.685001373291016,44.70500183105469,44.529998779296875,44.529998779296875,5910,0.0,0.0
2024-08-20 12:18:00-04:00,44.5,44.540000915527344,44.47999954223633,44.540000915527344,1013,0.0,0.0
2024-08-20 12:19:00-04:00,44.5,44.5,44.4900016784668,44.4900016784668,482,0.0,0.0
2024-08-20 12:20:00-04:00,44.540000915527344,44.540000915527344,44.47999954223633,44.4900016784668,771,0.0,0.0
2024-08-20 12:21:00-04:00,44.47999954223633,44.47999954223633,44.47999954223633,44.47999954223633,200,0.0,0.0
2024-08-20 12:22:00-04:00,44.470001220703125,44.470001220703125,44.470001220703125,44.470001220703125,257,0.0,0.0
2024-08-20 12:23:00-04:00,44.47999954223633,44.56999969482422,44.47999954223633,44.56999969482422,623,0.0,0.0
2024-08-20 12:24:00-04:00,44.47999954223633,44.47999954223633,44.470001220703125,44.470001220703125,1446,0.0,0.0
2024-08-20 12:25:00-04:00,44.40999984741211,44.439998626708984,44.35449981689453,44.439998626708984,1108,0.0,0.0
2024-08-20 12:26:00-04:00,44.45500183105469,44.45500183105469,44.400001525878906,44.400001525878906,551,0.0,0.0
2024-08-20 12:27:00-04:00,44.3849983215332,44.3849983215332,44.349998474121094,44.349998474121094,353,0.0,0.0
2024-08-20 12:28:00-04:00,44.40999984741211,44.40999984741211,44.220001220703125,44.220001220703125,1424,0.0,0.0
2024-08-20 12:29:00-04:00,44.25,44.25,44.209999084472656,44.209999084472656,385,0.0,0.0
2024-08-20 12:30:00-04:00,44.22999954223633,44.22999954223633,44.22999954223633,44.22999954223633,239,0.0,0.0
2024-08-20 12:31:00-04:00,44.27000045776367,44.29999923706055,44.25,44.29999923706055,1575,0.0,0.0
2024-08-20 12:32:00-04:00,44.30500030517578,44.30500030517578,44.279998779296875,44.279998779296875,238,0.0,0.0
2024-08-20 12:33:00-04:00,44.2599983215332,44.349998474121094,44.25,44.29999923706055,3018,0.0,0.0
2024-08-20 12:34:00-04:00,44.29999923706055,44.31999969482422,44.29999923706055,44.31999969482422,278,0.0,0.0
2024-08-20 12:35:00-04:00,44.31999969482422,44.349998474121094,44.31999969482422,44.349998474121094,1325,0.0,0.0
2024-08-20 12:36:00-04:00,44.31999969482422,44.31999969482422,44.31999969482422,44.31999969482422,159,0.0,0.0
2024-08-20 12:37:00-04:00,44.30500030517578,44.31999969482422,44.30500030517578,44.31999969482422,215,0.0,0.0
2024-08-20 12:38:00-04:00,44.30500030517578,44.31999969482422,44.30500030517578,44.31999969482422,240,0.0,0.0
2024-08-20 12:39:00-04:00,44.349998474121094,44.349998474121094,44.33000183105469,44.33000183105469,325,0.0,0.0
2024-08-20 12:40:00-04:00,44.349998474121094,44.45500183105469,44.34000015258789,44.45500183105469,3977,0.0,0.0
2024-08-20 12:41:00-04:00,44.45500183105469,44.45500183105469,44.36000061035156,44.36000061035156,3041,0.0,0.0
2024-08-20 12:43:00-04:00,44.36000061035156,44.36000061035156,44.36000061035156,44.36000061035156,141,0.0,0.0
2024-08-20 12:44:00-04:00,44.38399887084961,44.38399887084961,44.369998931884766,44.369998931884766,460,0.0,0.0
2024-08-20 12:46:00-04:00,44.38999938964844,44.400001525878906,44.38999938964844,44.400001525878906,582,0.0,0.0
2024-08-20 12:49:00-04:00,44.41999816894531,44.41999816894531,44.41999816894531,44.41999816894531,245,0.0,0.0
2024-08-20 12:50:00-04:00,44.39500045776367,44.39500045776367,44.39500045776367,44.39500045776367,272,0.0,0.0
2024-08-20 12:51:00-04:00,44.39500045776367,44.39500045776367,44.39500045776367,44.39500045776367,310,0.0,0.0
2024-08-20 12:52:00-04:00,44.40999984741211,44.40999984741211,44.38999938964844,44.400001525878906,829,0.0,0.0
2024-08-20 12:53:00-04:00,44.380001068115234,44.380001068115234,44.380001068115234,44.380001068115234,276,0.0,0.0
2024-08-20 12:54:00-04:00,44.380001068115234,44.380001068115234,44.2599983215332,44.279998779296875,4379,0.0,0.0
2024-08-20 12:55:00-04:00,44.27000045776367,44.29999923706055,44.27000045776367,44.29999923706055,1147,0.0,0.0
2024-08-20 12:57:00-04:00,44.34000015258789,44.369998931884766,44.34000015258789,44.369998931884766,1045,0.0,0.0
2024-08-20 12:58:00-04:00,44.3849983215332,44.3849983215332,44.34000015258789,44.34000015258789,538,0.0,0.0
2024-08-20 12:59:00-04:00,44.34000015258789,44.35499954223633,44.34000015258789,44.35499954223633,480,0.0,0.0
2024-08-20 13:00:00-04:00,44.29999923706055,44.334999084472656,44.29999923706055,44.334999084472656,1060,0.0,0.0
2024-08-20 13:01:00-04:00,44.349998474121094,44.349998474121094,44.349998474121094,44.349998474121094,138,0.0,0.0
2024-08-20 13:02:00-04:00,44.34000015258789,44.34000015258789,44.34000015258789,44.34000015258789,128,0.0,0.0
2024-08-20 13:04:00-04:00,44.34000015258789,44.34000015258789,44.34000015258789,44.34000015258789,120,0.0,0.0
2024-08-20 13:05:00-04:00,44.33000183105469,44.36000061035156,44.29999923706055,44.349998474121094,1306,0.0,0.0
2024-08-20 13:06:00-04:00,44.34000015258789,44.34000015258789,44.33000183105469,44.334999084472656,1233,0.0,0.0
2024-08-20 13:08:00-04:00,44.310001373291016,44.310001373291016,44.310001373291016,44.310001373291016,116,0.0,0.0
2024-08-20 13:09:00-04:00,44.31999969482422,44.34000015258789,44.31999969482422,44.34000015258789,396,0.0,0.0
2024-08-20 13:10:00-04:00,44.31999969482422,44.34000015258789,44.27000045776367,44.27000045776367,2894,0.0,0.0
2024-08-20 13:11:00-04:00,44.279998779296875,44.279998779296875,44.279998779296875,44.279998779296875,304,0.0,0.0
2024-08-20 13:12:00-04:00,44.29999923706055,44.29999923706055,44.29999923706055,44.29999923706055,270,0.0,0.0
2024-08-20 13:13:00-04:00,44.310001373291016,44.31999969482422,44.279998779296875,44.31999969482422,6171,0.0,0.0
2024-08-20 13:14:00-04:00,44.29999923706055,44.29999923706055,44.29999923706055,44.29999923706055,494,0.0,0.0
2024-08-20 13:15:00-04:00,44.27000045776367,44.29999923706055,44.209999084472656,44.209999084472656,4901,0.0,0.0
2024-08-20 13:16:00-04:00,44.16999816894531,44.16999816894531,44.16559982299805,44.16559982299805,373,0.0,0.0
2024-08-20 13:17:00-04:00,44.20000076293945,44.25,44.18000030517578,44.189998626708984,2039,0.0,0.0
2024-08-20 13:18:00-04:00,44.209999084472656,44.209999084472656,44.209999084472656,44.209999084472656,209,0.0,0.0
2024-08-20 13:19:00-04:00,44.209999084472656,44.209999084472656,44.16999816894531,44.16999816894531,313,0.0,0.0
2024-08-20 13:20:00-04:00,44.209999084472656,44.209999084472656,44.16999816894531,44.16999816894531,394,0.0,0.0
2024-08-20 13:21:00-04:00,44.15999984741211,44.15999984741211,44.029998779296875,44.150001525878906,5088,0.0,0.0
2024-08-20 13:22:00-04:00,44.09000015258789,44.11000061035156,44.08000183105469,44.11000061035156,1720,0.0,0.0
2024-08-20 13:23:00-04:00,44.08000183105469,44.10499954223633,44.08000183105469,44.10499954223633,405,0.0,0.0
2024-08-20 13:24:00-04:00,44.10499954223633,44.10499954223633,44.040000915527344,44.040000915527344,2476,0.0,0.0
2024-08-20 13:25:00-04:00,44.119998931884766,44.119998931884766,44.029998779296875,44.029998779296875,3844,0.0,0.0
2024-08-20 13:27:00-04:00,44.06999969482422,44.06999969482422,44.060001373291016,44.060001373291016,230,0.0,0.0
2024-08-20 13:28:00-04:00,44.060001373291016,44.09000015258789,44.060001373291016,44.060001373291016,1091,0.0,0.0
2024-08-20 13:30:00-04:00,44.09000015258789,44.09000015258789,44.060001373291016,44.060001373291016,375,0.0,0.0
2024-08-20 13:31:00-04:00,44.060001373291016,44.09000015258789,44.060001373291016,44.09000015258789,201,0.0,0.0
2024-08-20 13:32:00-04:00,44.06999969482422,44.06999969482422,44.06999969482422,44.06999969482422,263,0.0,0.0
2024-08-20 13:33:00-04:00,44.119998931884766,44.15999984741211,44.06999969482422,44.119998931884766,6039,0.0,0.0
2024-08-20 13:34:00-04:00,44.130001068115234,44.130001068115234,44.130001068115234,44.130001068115234,628,0.0,0.0
2024-08-20 13:38:00-04:00,44.099998474121094,44.099998474121094,44.06999969482422,44.08000183105469,3302,0.0,0.0
2024-08-20 13:39:00-04:00,44.09000015258789,44.09000015258789,44.06999969482422,44.09000015258789,1241,0.0,0.0
2024-08-20 13:40:00-04:00,44.11000061035156,44.11000061035156,44.11000061035156,44.11000061035156,150,0.0,0.0
2024-08-20 13:41:00-04:00,44.06999969482422,44.06999969482422,44.029998779296875,44.029998779296875,1215,0.0,0.0
2024-08-20 13:42:00-04:00,44.040000915527344,44.06999969482422,44.040000915527344,44.06999969482422,900,0.0,0.0
2024-08-20 13:43:00-04:00,44.060001373291016,44.07500076293945,44.04999923706055,44.04999923706055,763,0.0,0.0
2024-08-20 13:44:00-04:00,44.11000061035156,44.13999938964844,44.09000015258789,44.1349983215332,2675,0.0,0.0
2024-08-20 13:45:00-04:00,44.15999984741211,44.18000030517578,44.150001525878906,44.15999984741211,2920,0.0,0.0
2024-08-20 13:51:00-04:00,44.150001525878906,44.2599983215332,44.150001525878906,44.25,4203,0.0,0.0
2024-08-20 13:52:00-04:00,44.22999954223633,44.22999954223633,44.22999954223633,44.22999954223633,358,0.0,0.0
2024-08-20 13:54:00-04:00,44.22999954223633,44.22999954223633,44.22999954223633,44.22999954223633,313,0.0,0.0
2024-08-20 13:55:00-04:00,44.255001068115234,44.255001068115234,44.20000076293945,44.220001220703125,1485,0.0,0.0
2024-08-20 13:56:00-04:00,44.18000030517578,44.18000030517578,44.11000061035156,44.11000061035156,2602,0.0,0.0
2024-08-20 13:58:00-04:00,44.119998931884766,44.15999984741211,44.119998931884766,44.15999984741211,203,0.0,0.0
2024-08-20 13:59:00-04:00,44.119998931884766,44.119998931884766,44.119998931884766,44.119998931884766,305,0.0,0.0
2024-08-20 14:00:00-04:00,44.154998779296875,44.154998779296875,44.119998931884766,44.119998931884766,542,0.0,0.0
2024-08-20 14:01:00-04:00,44.165000915527344,44.165000915527344,44.130001068115234,44.130001068115234,336,0.0,0.0
2024-08-20 14:04:00-04:00,44.16999816894531,44.209999084472656,44.167598724365234,44.209999084472656,2173,0.0,0.0
2024-08-20 14:05:00-04:00,44.22999954223633,44.22999954223633,44.22999954223633,44.22999954223633,357,0.0,0.0
2024-08-20 14:06:00-04:00,44.209999084472656,44.209999084472656,44.209999084472656,44.209999084472656,424,0.0,0.0
2024-08-20 14:08:00-04:00,44.19499969482422,44.25,44.16999816894531,44.25,2272,0.0,0.0
2024-08-20 14:12:00-04:00,44.25,44.25,44.25,44.25,267,0.0,0.0
2024-08-20 14:13:00-04:00,44.27000045776367,44.334999084472656,44.27000045776367,44.290000915527344,5318,0.0,0.0
2024-08-20 14:14:00-04:00,44.310001373291016,44.33000183105469,44.22999954223633,44.22999954223633,4060,0.0,0.0
2024-08-20 14:15:00-04:00,44.22999954223633,44.22999954223633,44.22999954223633,44.22999954223633,447,0.0,0.0
2024-08-20 14:18:00-04:00,44.27000045776367,44.27000045776367,44.27000045776367,44.27000045776367,535,0.0,0.0
2024-08-20 14:19:00-04:00,44.279998779296875,44.279998779296875,44.279998779296875,44.279998779296875,499,0.0,0.0
2024-08-20 14:21:00-04:00,44.25,44.25,44.25,44.25,112,0.0,0.0
2024-08-20 14:22:00-04:00,44.2599983215332,44.275001525878906,44.25,44.255001068115234,793,0.0,0.0
2024-08-20 14:23:00-04:00,44.2599983215332,44.400001525878906,44.25,44.310001373291016,9753,0.0,0.0
2024-08-20 14:24:00-04:00,44.36000061035156,44.36000061035156,44.349998474121094,44.349998474121094,493,0.0,0.0
2024-08-20 14:27:00-04:00,44.380001068115234,44.380001068115234,44.380001068115234,44.380001068115234,646,0.0,0.0
2024-08-20 14:28:00-04:00,44.369998931884766,44.380001068115234,44.369998931884766,44.380001068115234,1511,0.0,0.0
2024-08-20 14:29:00-04:00,44.38999938964844,44.38999938964844,44.38999938964844,44.38999938964844,403,0.0,0.0
2024-08-20 14:31:00-04:00,44.36000061035156,44.36000061035156,44.36000061035156,44.36000061035156,1369,0.0,0.0
2024-08-20 14:32:00-04:00,44.369998931884766,44.369998931884766,44.369998931884766,44.369998931884766,143,0.0,0.0
2024-08-20 14:33:00-04:00,44.375,44.375,44.369998931884766,44.369998931884766,228,0.0,0.0
2024-08-20 14:34:00-04:00,44.36000061035156,44.400001525878906,44.36000061035156,44.38999938964844,2522,0.0,0.0
2024-08-20 14:35:00-04:00,44.38999938964844,44.38999938964844,44.369998931884766,44.380001068115234,1638,0.0,0.0
2024-08-20 14:37:00-04:00,44.37189865112305,44.37189865112305,44.37189865112305,44.37189865112305,294,0.0,0.0
2024-08-20 14:38:00-04:00,44.369998931884766,44.38999938964844,44.369998931884766,44.38999938964844,1049,0.0,0.0
2024-08-20 14:39:00-04:00,44.369998931884766,44.369998931884766,44.369998931884766,44.369998931884766,141,0.0,0.0
2024-08-20 14:40:00-04:00,44.369998931884766,44.369998931884766,44.369998931884766,44.369998931884766,1190,0.0,0.0
2024-08-20 14:42:00-04:00,44.36000061035156,44.36000061035156,44.36000061035156,44.36000061035156,997,0.0,0.0
2024-08-20 14:43:00-04:00,44.369998931884766,44.380001068115234,44.369998931884766,44.369998931884766,1041,0.0,0.0
2024-08-20 14:44:00-04:00,44.36000061035156,44.369998931884766,44.2400016784668,44.25,5318,0.0,0.0
2024-08-20 14:45:00-04:00,44.2599983215332,44.2599983215332,44.2599983215332,44.2599983215332,322,0.0,0.0
2024-08-20 14:46:00-04:00,44.2400016784668,44.27000045776367,44.2400016784668,44.27000045776367,439,0.0,0.0
2024-08-20 14:47:00-04:00,44.25,44.349998474121094,44.25,44.34000015258789,7260,0.0,0.0
2024-08-20 14:48:00-04:00,44.349998474121094,44.349998474121094,44.349998474121094,44.349998474121094,208,0.0,0.0
2024-08-20 14:49:00-04:00,44.33000183105469,44.34000015258789,44.33000183105469,44.34000015258789,402,0.0,0.0
2024-08-20 14:50:00-04:00,44.34000015258789,44.34000015258789,44.34000015258789,44.34000015258789,133,0.0,0.0
2024-08-20 14:51:00-04:00,44.334999084472656,44.334999084472656,44.31999969482422,44.32500076293945,1741,0.0,0.0
2024-08-20 14:52:00-04:00,44.29999923706055,44.314998626708984,44.290000915527344,44.290000915527344,2508,0.0,0.0
2024-08-20 14:53:00-04:00,44.29999923706055,44.310001373291016,44.29999923706055,44.310001373291016,1111,0.0,0.0
2024-08-20 14:54:00-04:00,44.310001373291016,44.31999969482422,44.29999923706055,44.29999923706055,593,0.0,0.0
2024-08-20 14:55:00-04:00,44.314998626708984,44.314998626708984,44.314998626708984,44.314998626708984,502,0.0,0.0
2024-08-20 14:56:00-04:00,44.29999923706055,44.314998626708984,44.290000915527344,44.29999923706055,730,0.0,0.0
2024-08-20 14:57:00-04:00,44.29999923706055,44.29999923706055,44.290000915527344,44.290000915527344,352,0.0,0.0
2024-08-20 14:58:00-04:00,44.290000915527344,44.290000915527344,44.290000915527344,44.290000915527344,608,0.0,0.0
2024-08-20 14:59:00-04:00,44.290000915527344,44.30500030517578,44.189998626708984,44.189998626708984,5909,0.0,0.0
2024-08-20 15:00:00-04:00,44.20249938964844,44.20249938964844,44.18000030517578,44.18000030517578,392,0.0,0.0
2024-08-20 15:01:00-04:00,44.194000244140625,44.194000244140625,44.16999816894531,44.16999816894531,885,0.0,0.0
2024-08-20 15:02:00-04:00,44.185001373291016,44.185001373291016,44.150001525878906,44.150001525878906,4379,0.0,0.0
2024-08-20 15:03:00-04:00,44.16999816894531,44.16999816894531,44.11000061035156,44.11000061035156,1924,0.0,0.0
2024-08-20 15:04:00-04:00,44.119998931884766,44.119998931884766,44.08000183105469,44.08000183105469,1007,0.0,0.0
2024-08-20 15:05:00-04:00,44.08000183105469,44.08000183105469,44.029998779296875,44.029998779296875,3125,0.0,0.0
2024-08-20 15:06:00-04:00,44.06999969482422,44.130001068115234,44.040000915527344,44.099998474121094,5917,0.0,0.0
2024-08-20 15:07:00-04:00,44.130001068115234,44.13999938964844,44.10499954223633,44.10499954223633,3113,0.0,0.0
2024-08-20 15:08:00-04:00,44.11000061035156,44.11000061035156,44.11000061035156,44.11000061035156,562,0.0,0.0
2024-08-20 15:09:00-04:00,44.11000061035156,44.11000061035156,44.11000061035156,44.11000061035156,1047,0.0,0.0
2024-08-20 15:10:00-04:00,44.10499954223633,44.10499954223633,44.10499954223633,44.10499954223633,127,0.0,0.0
2024-08-20 15:11:00-04:00,44.10499954223633,44.11000061035156,44.10499954223633,44.11000061035156,483,0.0,0.0
2024-08-20 15:13:00-04:00,44.11000061035156,44.119998931884766,44.11000061035156,44.11000061035156,615,0.0,0.0
2024-08-20 15:14:00-04:00,44.11000061035156,44.13999938964844,44.09000015258789,44.13999938964844,3027,0.0,0.0
2024-08-20 15:16:00-04:00,44.1349983215332,44.1349983215332,44.1349983215332,44.1349983215332,289,0.0,0.0
2024-08-20 15:17:00-04:00,44.130001068115234,44.290000915527344,44.119998931884766,44.290000915527344,9366,0.0,0.0
2024-08-20 15:18:00-04:00,44.290000915527344,44.290000915527344,44.290000915527344,44.290000915527344,569,0.0,0.0
2024-08-20 15:19:00-04:00,44.293399810791016,44.293399810791016,44.293399810791016,44.293399810791016,216,0.0,0.0
2024-08-20 15:20:00-04:00,44.310001373291016,44.310001373291016,44.310001373291016,44.310001373291016,269,0.0,0.0
2024-08-20 15:21:00-04:00,44.290000915527344,44.310001373291016,44.290000915527344,44.290000915527344,2445,0.0,0.0
2024-08-20 15:22:00-04:00,44.29999923706055,44.29999923706055,44.27000045776367,44.290000915527344,5813,0.0,0.0
2024-08-20 15:23:00-04:00,44.290000915527344,44.29499816894531,44.27000045776367,44.290000915527344,2335,0.0,0.0
2024-08-20 15:24:00-04:00,44.279998779296875,44.279998779296875,44.16999816894531,44.18000030517578,4368,0.0,0.0
2024-08-20 15:25:00-04:00,44.16999816894531,44.220001220703125,44.16999816894531,44.20500183105469,1254,0.0,0.0
2024-08-20 15:26:00-04:00,44.189998626708984,44.2400016784668,44.189998626708984,44.22999954223633,2380,0.0,0.0
2024-08-20 15:27:00-04:00,44.189998626708984,44.189998626708984,44.189998626708984,44.189998626708984,419,0.0,0.0
2024-08-20 15:29:00-04:00,44.189998626708984,44.200199127197266,44.16999816894531,44.16999816894531,1632,0.0,0.0
2024-08-20 15:30:00-04:00,44.15999984741211,44.15999984741211,44.150001525878906,44.150001525878906,547,0.0,0.0
2024-08-20 15:31:00-04:00,44.150001525878906,44.150001525878906,44.0099983215332,44.0099983215332,2593,0.0,0.0
2024-08-20 15:32:00-04:00,44.0099983215332,44.02000045776367,44.0099983215332,44.0099983215332,472,0.0,0.0
2024-08-20 15:33:00-04:00,44.0099983215332,44.02000045776367,44.0099983215332,44.02000045776367,700,0.0,0.0
2024-08-20 15:34:00-04:00,44.02000045776367,44.03499984741211,44.0099983215332,44.02000045776367,1622,0.0,0.0
2024-08-20 15:35:00-04:00,44.0099983215332,44.04999923706055,44.0099983215332,44.0099983215332,2643,0.0,0.0
2024-08-20 15:36:00-04:00,44.0099983215332,44.0099983215332,44.0099983215332,44.0099983215332,703,0.0,0.0
2024-08-20 15:37:00-04:00,44.0099983215332,44.060001373291016,43.869998931884766,43.91999816894531,15916,0.0,0.0
2024-08-20 15:38:00-04:00,43.91999816894531,43.93000030517578,43.91999816894531,43.93000030517578,751,0.0,0.0
2024-08-20 15:39:00-04:00,43.880001068115234,43.880001068115234,43.880001068115234,43.880001068115234,342,0.0,0.0
2024-08-20 15:40:00-04:00,43.86000061035156,43.88999938964844,43.81999969482422,43.83000183105469,1528,0.0,0.0
2024-08-20 15:41:00-04:00,43.85499954223633,43.90999984741211,43.779998779296875,43.90999984741211,9446,0.0,0.0
2024-08-20 15:42:00-04:00,43.904998779296875,43.939998626708984,43.904998779296875,43.91999816894531,3221,0.0,0.0
2024-08-20 15:43:00-04:00,43.93000030517578,43.93000030517578,43.91999816894531,43.91999816894531,1045,0.0,0.0
2024-08-20 15:44:00-04:00,43.915000915527344,43.915000915527344,43.915000915527344,43.915000915527344,211,0.0,0.0
2024-08-20 15:45:00-04:00,43.939998626708984,44.084999084472656,43.939998626708984,44.06999969482422,6340,0.0,0.0
2024-08-20 15:46:00-04:00,44.09000015258789,44.09000015258789,44.09000015258789,44.09000015258789,379,0.0,0.0
2024-08-20 15:48:00-04:00,44.0525016784668,44.08000183105469,44.0525016784668,44.08000183105469,1219,0.0,0.0
2024-08-20 15:49:00-04:00,44.09000015258789,44.150001525878906,44.040000915527344,44.040000915527344,16687,0.0,0.0
2024-08-20 15:50:00-04:00,44.06999969482422,44.06999969482422,43.88999938964844,43.88999938964844,9358,0.0,0.0
2024-08-20 15:51:00-04:00,43.900001525878906,43.900001525878906,43.790000915527344,43.790000915527344,4533,0.0,0.0
2024-08-20 15:52:00-04:00,43.790000915527344,43.88999938964844,43.77000045776367,43.79999923706055,23114,0.0,0.0
2024-08-20 15:53:00-04:00,43.79999923706055,43.79999923706055,43.720001220703125,43.75,9903,0.0,0.0
2024-08-20 15:54:00-04:00,43.75,43.959999084472656,43.70000076293945,43.94499969482422,25299,0.0,0.0
2024-08-20 15:55:00-04:00,43.94499969482422,44.0099983215332,43.93000030517578,43.959999084472656,19713,0.0,0.0
2024-08-20 15:56:00-04:00,43.959999084472656,43.989898681640625,43.939998626708984,43.974998474121094,14990,0.0,0.0
2024-08-20 15:57:00-04:00,43.97999954223633,43.9900016784668,43.97999954223633,43.98500061035156,12194,0.0,0.0
2024-08-20 15:58:00-04:00,43.98500061035156,44.0,43.91999816894531,43.939998626708984,30990,0.0,0.0
2024-08-20 15:59:00-04:00,43.95000076293945,44.060001373291016,43.900001525878906,44.04999923706055,38900,0.0,0.0
2024-08-21 09:30:00-04:00,44.349998474121094,44.369998931884766,44.349998474121094,44.369998931884766,14789,0.0,0.0
2024-08-21 09:31:00-04:00,43.97999954223633,44.40999984741211,43.900001525878906,44.40999984741211,1431,0.0,0.0
2024-08-21 09:32:00-04:00,44.38999938964844,44.38999938964844,44.38999938964844,44.38999938964844,322,0.0,0.0
2024-08-21 09:33:00-04:00,44.459999084472656,44.5,44.3650016784668,44.46500015258789,3499,0.0,0.0
2024-08-21 09:34:00-04:00,44.459999084472656,44.459999084472656,44.459999084472656,44.459999084472656,107,0.0,0.0
2024-08-21 09:35:00-04:00,44.349998474121094,44.58000183105469,44.349998474121094,44.42499923706055,1118,0.0,0.0
2024-08-21 09:36:00-04:00,44.415000915527344,44.415000915527344,44.415000915527344,44.415000915527344,200,0.0,0.0
2024-08-21 09:37:00-04:00,44.50749969482422,44.50749969482422,44.50749969482422,44.50749969482422,135,0.0,0.0
2024-08-21 09:38:00-04:00,44.33000183105469,44.5,44.33000183105469,44.5,404,0.0,0.0
2024-08-21 09:39:00-04:00,44.349998474121094,44.35499954223633,44.33000183105469,44.33000183105469,561,0.0,0.0
2024-08-21 09:40:00-04:00,44.33000183105469,44.33000183105469,44.33000183105469,44.33000183105469,202,0.0,0.0
2024-08-21 09:41:00-04:00,44.33000183105469,44.33000183105469,44.33000183105469,44.33000183105469,255,0.0,0.0
2024-08-21 09:42:00-04:00,44.502498626708984,44.502498626708984,44.502498626708984,44.502498626708984,186,0.0,0.0
2024-08-21 09:43:00-04:00,44.415000915527344,44.415000915527344,44.415000915527344,44.415000915527344,424,0.0,0.0
2024-08-21 09:46:00-04:00,44.45000076293945,44.45000076293945,44.34000015258789,44.44499969482422,1665,0.0,0.0
2024-08-21 09:47:00-04:00,44.5099983215332,44.5099983215332,44.5099983215332,44.5099983215332,100,0.0,0.0
2024-08-21 09:48:00-04:00,44.33000183105469,44.3849983215332,44.31999969482422,44.3849983215332,604,0.0,0.0
2024-08-21 09:49:00-04:00,44.375,44.470001220703125,44.375,44.397499084472656,7763,0.0,0.0
2024-08-21 09:52:00-04:00,44.369998931884766,44.45000076293945,44.369998931884766,44.45000076293945,337,0.0,0.0
2024-08-21 09:53:00-04:00,44.375,44.375,44.369998931884766,44.369998931884766,307,0.0,0.0
2024-08-21 09:54:00-04:00,44.369998931884766,44.369998931884766,44.29999923706055,44.3650016784668,622,0.0,0.0
2024-08-21 09:55:00-04:00,44.41999816894531,44.41999816894531,44.31999969482422,44.31999969482422,391,0.0,0.0
2024-08-21 09:56:00-04:00,44.36750030517578,44.36750030517578,44.36140060424805,44.3650016784668,1326,0.0,0.0
2024-08-21 09:57:00-04:00,44.29090118408203,44.52000045776367,44.29090118408203,44.52000045776367,3999,0.0,0.0
2024-08-21 09:58:00-04:00,44.5099983215332,44.56999969482422,44.505001068115234,44.505001068115234,1372,0.0,0.0
2024-08-21 09:59:00-04:00,44.505001068115234,44.505001068115234,44.494998931884766,44.494998931884766,337,0.0,0.0
2024-08-21 10:00:00-04:00,44.439998626708984,44.439998626708984,44.439998626708984,44.439998626708984,118,0.0,0.0
2024-08-21 10:01:00-04:00,44.40999984741211,44.48500061035156,44.380001068115234,44.400001525878906,4691,0.0,0.0
2024-08-21 10:02:00-04:00,44.3650016784668,44.3650016784668,44.3650016784668,44.3650016784668,203,0.0,0.0
2024-08-21 10:03:00-04:00,44.279998779296875,44.279998779296875,44.279998779296875,44.279998779296875,280,0.0,0.0
2024-08-21 10:04:00-04:00,44.150001525878906,44.209999084472656,44.13999938964844,44.209999084472656,671,0.0,0.0
2024-08-21 10:06:00-04:00,43.96500015258789,44.040000915527344,43.96139907836914,43.96139907836914,1212,0.0,0.0
2024-08-21 10:07:00-04:00,43.904998779296875,43.98500061035156,43.904998779296875,43.98500061035156,412,0.0,0.0
2024-08-21 10:08:00-04:00,43.96500015258789,44.119998931884766,43.96500015258789,44.119998931884766,2465,0.0,0.0
2024-08-21 10:09:00-04:00,44.119998931884766,44.220001220703125,44.119998931884766,44.220001220703125,1509,0.0,0.0
2024-08-21 10:12:00-04:00,44.154998779296875,44.3650016784668,44.154998779296875,44.29999923706055,1559,0.0,0.0
2024-08-21 10:13:00-04:00,43.96099853515625,43.96099853515625,43.96099853515625,43.96099853515625,114,0.0,0.0
2024-08-21 10:14:00-04:00,44.314998626708984,44.314998626708984,44.11000061035156,44.11000061035156,313,0.0,0.0
2024-08-21 10:15:00-04:00,44.10499954223633,44.2599983215332,44.10499954223633,44.2599983215332,406,0.0,0.0
2024-08-21 10:16:00-04:00,44.16999816894531,44.16999816894531,44.060001373291016,44.060001373291016,677,0.0,0.0
2024-08-21 10:17:00-04:00,44.11000061035156,44.13999938964844,44.11000061035156,44.13999938964844,1069,0.0,0.0
2024-08-21 10:18:00-04:00,44.290000915527344,44.290000915527344,44.290000915527344,44.290000915527344,874,0.0,0.0
2024-08-21 10:19:00-04:00,44.36000061035156,44.380001068115234,44.36000061035156,44.380001068115234,203,0.0,0.0
2024-08-21 10:20:00-04:00,44.34000015258789,44.459999084472656,44.29999923706055,44.459999084472656,7103,0.0,0.0
2024-08-21 10:21:00-04:00,44.36000061035156,44.415000915527344,44.22999954223633,44.345001220703125,825,0.0,0.0
2024-08-21 10:22:00-04:00,44.40999984741211,44.40999984741211,44.40999984741211,44.40999984741211,212,0.0,0.0
2024-08-21 10:23:00-04:00,44.349998474121094,44.36000061035156,44.349998474121094,44.36000061035156,323,0.0,0.0
2024-08-21 10:24:00-04:00,44.36000061035156,44.4375,44.33000183105469,44.349998474121094,722,0.0,0.0
2024-08-21 10:25:00-04:00,44.36000061035156,44.36000061035156,44.33000183105469,44.33000183105469,902,0.0,0.0
2024-08-21 10:26:00-04:00,44.29999923706055,44.41999816894531,44.25,44.25,12957,0.0,0.0
2024-08-21 10:28:00-04:00,44.220001220703125,44.220001220703125,44.220001220703125,44.220001220703125,441,0.0,0.0
2024-08-21 10:29:00-04:00,44.21500015258789,44.22999954223633,44.21500015258789,44.22999954223633,397,0.0,0.0
2024-08-21 10:30:00-04:00,44.20000076293945,44.20000076293945,44.150001525878906,44.150001525878906,625,0.0,0.0
2024-08-21 10:32:00-04:00,44.15999984741211,44.15999984741211,43.9900016784668,43.9900016784668,2882,0.0,0.0
2024-08-21 10:33:00-04:00,44.0099983215332,44.13999938964844,44.0099983215332,44.13999938964844,2248,0.0,0.0
2024-08-21 10:35:00-04:00,43.959999084472656,44.19499969482422,43.959999084472656,44.084999084472656,411,0.0,0.0
2024-08-21 10:36:00-04:00,44.220001220703125,44.3650016784668,44.17499923706055,44.32500076293945,1691,0.0,0.0
2024-08-21 10:37:00-04:00,44.36000061035156,44.3650016784668,44.2599983215332,44.3650016784668,6328,0.0,0.0
2024-08-21 10:38:00-04:00,44.375,44.375,44.369998931884766,44.375,510,0.0,0.0
2024-08-21 10:39:00-04:00,44.3650016784668,44.415000915527344,44.290000915527344,44.290000915527344,611,0.0,0.0
2024-08-21 10:40:00-04:00,44.38999938964844,44.38999938964844,44.38999938964844,44.38999938964844,111,0.0,0.0
2024-08-21 10:41:00-04:00,44.400001525878906,44.4474983215332,44.400001525878906,44.404998779296875,698,0.0,0.0
2024-08-21 10:42:00-04:00,44.31999969482422,44.45000076293945,44.31999969482422,44.400001525878906,609,0.0,0.0
2024-08-21 10:43:00-04:00,44.404998779296875,44.404998779296875,44.400001525878906,44.400001525878906,210,0.0,0.0
2024-08-21 10:44:00-04:00,44.400001525878906,44.400001525878906,44.349998474121094,44.400001525878906,433,0.0,0.0
2024-08-21 10:45:00-04:00,44.400001525878906,44.400001525878906,44.400001525878906,44.400001525878906,221,0.0,0.0
2024-08-21 10:46:00-04:00,44.400001525878906,44.400001525878906,44.331600189208984,44.400001525878906,1807,0.0,0.0
2024-08-21 10:47:00-04:00,44.400001525878906,44.400001525878906,44.27000045776367,44.34000015258789,2715,0.0,0.0
2024-08-21 10:48:00-04:00,44.220001220703125,44.220001220703125,44.220001220703125,44.220001220703125,855,0.0,0.0
2024-08-21 10:50:00-04:00,44.15999984741211,44.21500015258789,44.15999984741211,44.21500015258789,275,0.0,0.0
2024-08-21 10:51:00-04:00,43.970001220703125,44.08000183105469,43.970001220703125,44.05500030517578,657,0.0,0.0
2024-08-21 10:52:00-04:00,43.97999954223633,43.97999954223633,43.97999954223633,43.97999954223633,145,0.0,0.0
2024-08-21 10:53:00-04:00,44.04750061035156,44.04999923706055,43.93000030517578,44.02000045776367,7011,0.0,0.0
2024-08-21 10:54:00-04:00,44.02000045776367,44.02000045776367,44.02000045776367,44.02000045776367,208,0.0,0.0
2024-08-21 10:55:00-04:00,44.02000045776367,44.029998779296875,43.959999084472656,43.9900016784668,3158,0.0,0.0
2024-08-21 10:56:00-04:00,44.0099983215332,44.0099983215332,43.95000076293945,43.95000076293945,840,0.0,0.0
2024-08-21 10:57:00-04:00,44.029998779296875,44.189998626708984,44.029998779296875,44.09000015258789,2323,0.0,0.0
2024-08-21 10:58:00-04:00,44.19499969482422,44.19499969482422,44.12160110473633,44.12160110473633,233,0.0,0.0
2024-08-21 10:59:00-04:00,44.18870162963867,44.2599983215332,44.18870162963867,44.2599983215332,1132,0.0,0.0
2024-08-21 11:00:00-04:00,44.27000045776367,44.27000045776367,44.194801330566406,44.194801330566406,438,0.0,0.0
2024-08-21 11:01:00-04:00,44.189998626708984,44.2599983215332,44.18000030517578,44.2599983215332,707,0.0,0.0
2024-08-21 11:02:00-04:00,44.23720169067383,44.290000915527344,44.23720169067383,44.2599983215332,405,0.0,0.0
2024-08-21 11:03:00-04:00,44.290000915527344,44.290000915527344,44.290000915527344,44.290000915527344,468,0.0,0.0
2024-08-21 11:04:00-04:00,44.27000045776367,44.27000045776367,44.27000045776367,44.27000045776367,127,0.0,0.0
2024-08-21 11:05:00-04:00,44.2599983215332,44.2599983215332,44.20539855957031,44.25,1174,0.0,0.0
2024-08-21 11:06:00-04:00,44.20500183105469,44.22999954223633,44.15999984741211,44.22999954223633,1876,0.0,0.0
2024-08-21 11:07:00-04:00,44.189998626708984,44.25,44.189998626708984,44.20000076293945,2682,0.0,0.0
2024-08-21 11:09:00-04:00,44.15999984741211,44.2400016784668,44.15999984741211,44.2400016784668,620,0.0,0.0
2024-08-21 11:10:00-04:00,44.2400016784668,44.2400016784668,44.2400016784668,44.2400016784668,564,0.0,0.0
2024-08-21 11:11:00-04:00,44.25,44.31999969482422,44.25,44.31999969482422,1420,0.0,0.0
2024-08-21 11:12:00-04:00,44.275001525878906,44.31999969482422,44.275001525878906,44.31999969482422,1157,0.0,0.0
2024-08-21 11:14:00-04:00,44.33000183105469,44.33000183105469,44.33000183105469,44.33000183105469,250,0.0,0.0
2024-08-21 11:15:00-04:00,44.33000183105469,44.349998474121094,44.2510986328125,44.2510986328125,1226,0.0,0.0
2024-08-21 11:16:00-04:00,44.36000061035156,44.369998931884766,44.36000061035156,44.369998931884766,356,0.0,0.0
2024-08-21 11:17:00-04:00,44.38999938964844,44.38999938964844,44.310001373291016,44.310001373291016,738,0.0,0.0
2024-08-21 11:18:00-04:00,44.400001525878906,44.41999816894531,44.400001525878906,44.41999816894531,587,0.0,0.0
2024-08-21 11:19:00-04:00,44.400001525878906,44.400001525878906,44.400001525878906,44.400001525878906,133,0.0,0.0
2024-08-21 11:21:00-04:00,44.36000061035156,44.400001525878906,44.36000061035156,44.3650016784668,363,0.0,0.0
2024-08-21 11:22:00-04:00,44.400001525878906,44.40999984741211,44.400001525878906,44.400001525878906,494,0.0,0.0
2024-08-21 11:23:00-04:00,44.400001525878906,44.40999984741211,44.369998931884766,44.404998779296875,642,0.0,0.0
2024-08-21 11:24:00-04:00,44.369998931884766,44.400001525878906,44.369998931884766,44.400001525878906,536,0.0,0.0
2024-08-21 11:25:00-04:00,44.40999984741211,44.40999984741211,44.36840057373047,44.400001525878906,3747,0.0,0.0
2024-08-21 11:26:00-04:00,44.404998779296875,44.404998779296875,44.404998779296875,44.404998779296875,115,0.0,0.0
2024-08-21 11:27:00-04:00,44.404998779296875,44.404998779296875,44.400001525878906,44.400001525878906,309,0.0,0.0
2024-08-21 11:28:00-04:00,44.33000183105469,44.404998779296875,44.33000183105469,44.404998779296875,635,0.0,0.0
2024-08-21 11:29:00-04:00,44.40999984741211,44.40999984741211,44.33000183105469,44.380001068115234,2654,0.0,0.0
2024-08-21 11:30:00-04:00,44.34000015258789,44.36000061035156,44.34000015258789,44.36000061035156,647,0.0,0.0
2024-08-21 11:31:00-04:00,44.369998931884766,44.400001525878906,44.369998931884766,44.400001525878906,716,0.0,0.0
2024-08-21 11:32:00-04:00,44.369998931884766,44.380001068115234,44.369998931884766,44.380001068115234,588,0.0,0.0
2024-08-21 11:33:00-04:00,44.349998474121094,44.349998474121094,44.349998474121094,44.349998474121094,230,0.0,0.0
2024-08-21 11:34:00-04:00,44.369998931884766,44.369998931884766,44.31999969482422,44.31999969482422,5295,0.0,0.0
2024-08-21 11:35:00-04:00,44.33000183105469,44.33000183105469,44.33000183105469,44.33000183105469,225,0.0,0.0
2024-08-21 11:36:00-04:00,44.33000183105469,44.36000061035156,44.33000183105469,44.36000061035156,734,0.0,0.0
2024-08-21 11:39:00-04:00,44.33000183105469,44.35499954223633,44.33000183105469,44.35499954223633,305,0.0,0.0
2024-08-21 11:40:00-04:00,44.369998931884766,44.43000030517578,44.369998931884766,44.41999816894531,10978,0.0,0.0
2024-08-21 11:41:00-04:00,44.44499969482422,44.44499969482422,44.38999938964844,44.400001525878906,3032,0.0,0.0
2024-08-21 11:42:00-04:00,44.39500045776367,44.400001525878906,44.36000061035156,44.3650016784668,3453,0.0,0.0
2024-08-21 11:44:00-04:00,44.38999938964844,44.38999938964844,44.38999938964844,44.38999938964844,466,0.0,0.0
2024-08-21 11:48:00-04:00,44.35499954223633,44.35499954223633,44.35499954223633,44.35499954223633,494,0.0,0.0
2024-08-21 11:49:00-04:00,44.35499954223633,44.35499954223633,44.35499954223633,44.35499954223633,463,0.0,0.0
2024-08-21 11:51:00-04:00,44.349998474121094,44.349998474121094,44.349998474121094,44.349998474121094,245,0.0,0.0
2024-08-21 11:53:00-04:00,44.380001068115234,44.3849983215332,44.380001068115234,44.380001068115234,2699,0.0,0.0
2024-08-21 11:54:00-04:00,44.380001068115234,44.43000030517578,44.380001068115234,44.404998779296875,7607,0.0,0.0
2024-08-21 11:55:00-04:00,44.404998779296875,44.404998779296875,44.404998779296875,44.404998779296875,301,0.0,0.0
2024-08-21 11:56:00-04:00,44.404998779296875,44.404998779296875,44.380001068115234,44.404998779296875,1512,0.0,0.0
2024-08-21 11:57:00-04:00,44.380001068115234,44.380001068115234,44.29999923706055,44.369998931884766,6728,0.0,0.0
2024-08-21 11:58:00-04:00,44.3650016784668,44.40999984741211,44.3650016784668,44.38999938964844,25237,0.0,0.0
2024-08-21 11:59:00-04:00,44.400001525878906,44.400001525878906,44.400001525878906,44.400001525878906,332,0.0,0.0
2024-08-21 12:00:00-04:00,44.38999938964844,44.38999938964844,44.38999938964844,44.38999938964844,23290,0.0,0.0
2024-08-21 12:02:00-04:00,44.36000061035156,44.369998931884766,44.31999969482422,44.31999969482422,1885,0.0,0.0
2024-08-21 12:03:00-04:00,44.29999923706055,44.29999923706055,44.27000045776367,44.29249954223633,644,0.0,0.0
2024-08-21 12:04:00-04:00,44.2599983215332,44.310001373291016,44.25,44.310001373291016,901,0.0,0.0
2024-08-21 12:05:00-04:00,44.2599983215332,44.29999923706055,44.209999084472656,44.255001068115234,3071,0.0,0.0
2024-08-21 12:06:00-04:00,44.29999923706055,44.29999923706055,44.29999923706055,44.29999923706055,100,0.0,0.0
2024-08-21 12:07:00-04:00,44.22999954223633,44.22999954223633,44.22999954223633,44.22999954223633,111,0.0,0.0
2024-08-21 12:08:00-04:00,44.279998779296875,44.279998779296875,44.279998779296875,44.279998779296875,205,0.0,0.0
2024-08-21 12:09:00-04:00,44.290000915527344,44.290000915527344,44.27000045776367,44.27000045776367,484,0.0,0.0
2024-08-21 12:10:00-04:00,44.27000045776367,44.27000045776367,44.27000045776367,44.27000045776367,133,0.0,0.0
2024-08-21 12:11:00-04:00,44.209999084472656,44.2599983215332,44.209999084472656,44.25,673,0.0,0.0
2024-08-21 12:12:00-04:00,44.27000045776367,44.27000045776367,44.27000045776367,44.27000045776367,593,0.0,0.0
2024-08-21 12:13:00-04:00,44.27000045776367,44.27000045776367,44.27000045776367,44.27000045776367,255,0.0,0.0
2024-08-21 12:14:00-04:00,44.25,44.380001068115234,44.25,44.380001068115234,5531,0.0,0.0
2024-08-21 12:16:00-04:00,44.38999938964844,44.38999938964844,44.3296012878418,44.3296012878418,489,0.0,0.0
2024-08-21 12:17:00-04:00,44.31999969482422,44.352500915527344,44.31999969482422,44.34749984741211,491,0.0,0.0
2024-08-21 12:18:00-04:00,44.31999969482422,44.31999969482422,44.31999969482422,44.31999969482422,167,0.0,0.0
2024-08-21 12:19:00-04:00,44.369998931884766,44.369998931884766,44.369998931884766,44.369998931884766,110,0.0,0.0
2024-08-21 12:20:00-04:00,44.36000061035156,44.36000061035156,44.36000061035156,44.36000061035156,227,0.0,0.0
2024-08-21 12:21:00-04:00,44.349998474121094,44.36000061035156,44.349998474121094,44.36000061035156,423,0.0,0.0
2024-08-21 12:22:00-04:00,44.380001068115234,44.380001068115234,44.349998474121094,44.369998931884766,9322,0.0,0.0
2024-08-21 12:23:00-04:00,44.380001068115234,44.38999938964844,44.3650016784668,44.38999938964844,514,0.0,0.0
2024-08-21 12:24:00-04:00,44.380001068115234,44.380001068115234,44.380001068115234,44.380001068115234,201,0.0,0.0
2024-08-21 12:25:00-04:00,44.38999938964844,44.43000030517578,44.38999938964844,44.40999984741211,24161,0.0,0.0
2024-08-21 12:26:00-04:00,44.41999816894531,44.41999816894531,44.41999816894531,44.41999816894531,209,0.0,0.0
2024-08-21 12:28:00-04:00,44.400001525878906,44.40999984741211,44.400001525878906,44.400001525878906,13026,0.0,0.0
2024-08-21 12:29:00-04:00,44.400001525878906,44.459999084472656,44.39500045776367,44.39500045776367,11763,0.0,0.0
2024-08-21 12:31:00-04:00,44.369998931884766,44.38999938964844,44.34000015258789,44.369998931884766,2190,0.0,0.0
2024-08-21 12:32:00-04:00,44.38999938964844,44.38999938964844,44.38999938964844,44.38999938964844,176,0.0,0.0
2024-08-21 12:33:00-04:00,44.369998931884766,44.39500045776367,44.369998931884766,44.39500045776367,1176,0.0,0.0
2024-08-21 12:34:00-04:00,44.380001068115234,44.380001068115234,44.380001068115234,44.380001068115234,510,0.0,0.0
2024-08-21 12:35:00-04:00,44.380001068115234,44.39500045776367,44.369998931884766,44.39500045776367,665,0.0,0.0
2024-08-21 12:36:00-04:00,44.369998931884766,44.38999938964844,44.369998931884766,44.38999938964844,1510,0.0,0.0
2024-08-21 12:37:00-04:00,44.38999938964844,44.38999938964844,44.38999938964844,44.38999938964844,507,0.0,0.0
2024-08-21 12:38:00-04:00,44.369998931884766,44.38999938964844,44.369998931884766,44.38999938964844,319,0.0,0.0
2024-08-21 12:40:00-04:00,44.400001525878906,44.400001525878906,44.400001525878906,44.400001525878906,1157,0.0,0.0
2024-08-21 12:42:00-04:00,44.391700744628906,44.40999984741211,44.391700744628906,44.40999984741211,509,0.0,0.0
2024-08-21 12:43:00-04:00,44.41999816894531,44.45000076293945,44.41999816894531,44.45000076293945,1156,0.0,0.0
2024-08-21 12:44:00-04:00,44.459999084472656,44.459999084472656,44.400001525878906,44.43000030517578,4102,0.0,0.0
2024-08-21 12:45:00-04:00,44.42250061035156,44.52000045776367,44.400001525878906,44.41999816894531,10967,0.0,0.0
2024-08-21 12:47:00-04:00,44.459999084472656,44.459999084472656,44.459999084472656,44.459999084472656,223,0.0,0.0
2024-08-21 12:48:00-04:00,44.45000076293945,44.459999084472656,44.439998626708984,44.439998626708984,1348,0.0,0.0
2024-08-21 12:49:00-04:00,44.43000030517578,44.435001373291016,44.41999816894531,44.41999816894531,352,0.0,0.0
2024-08-21 12:50:00-04:00,44.41400146484375,44.45000076293945,44.41400146484375,44.45000076293945,388,0.0,0.0
2024-08-21 12:52:00-04:00,44.40999984741211,44.40999984741211,44.40999984741211,44.40999984741211,310,0.0,0.0
2024-08-21 12:53:00-04:00,44.459999084472656,44.474998474121094,44.459999084472656,44.474998474121094,631,0.0,0.0
2024-08-21 12:57:00-04:00,44.439998626708984,44.529998779296875,44.439998626708984,44.5099983215332,1871,0.0,0.0
2024-08-21 12:58:00-04:00,44.560001373291016,44.560001373291016,44.560001373291016,44.560001373291016,623,0.0,0.0
2024-08-21 13:00:00-04:00,44.56999969482422,44.56999969482422,44.56999969482422,44.56999969482422,206,0.0,0.0
2024-08-21 13:03:00-04:00,44.58000183105469,44.58000183105469,44.58000183105469,44.58000183105469,225,0.0,0.0
2024-08-21 13:04:00-04:00,44.54999923706055,44.54999923706055,44.54999923706055,44.54999923706055,269,0.0,0.0
2024-08-21 13:05:00-04:00,44.529998779296875,44.54999923706055,44.47999954223633,44.4995002746582,2417,0.0,0.0
2024-08-21 13:09:00-04:00,44.47999954223633,44.47999954223633,44.47999954223633,44.47999954223633,206,0.0,0.0
2024-08-21 13:10:00-04:00,44.470001220703125,44.470001220703125,44.470001220703125,44.470001220703125,174,0.0,0.0
2024-08-21 13:12:00-04:00,44.48500061035156,44.48500061035156,44.48500061035156,44.48500061035156,358,0.0,0.0
2024-08-21 13:14:00-04:00,44.470001220703125,44.470001220703125,44.470001220703125,44.470001220703125,222,0.0,0.0
2024-08-21 13:15:00-04:00,44.5099983215332,44.52000045776367,44.5099983215332,44.52000045776367,526,0.0,0.0
2024-08-21 13:16:00-04:00,44.525001525878906,44.54999923706055,44.4900016784668,44.53499984741211,4465,0.0,0.0
2024-08-21 13:17:00-04:00,44.540000915527344,44.540000915527344,44.540000915527344,44.540000915527344,105,0.0,0.0
2024-08-21 13:19:00-04:00,44.529998779296875,44.540000915527344,44.5099983215332,44.540000915527344,1908,0.0,0.0
2024-08-21 13:20:00-04:00,44.55500030517578,44.55500030517578,44.540000915527344,44.540000915527344,680,0.0,0.0
2024-08-21 13:21:00-04:00,44.529998779296875,44.630001068115234,44.529998779296875,44.630001068115234,5156,0.0,0.0
2024-08-21 13:26:00-04:00,44.61000061035156,44.61000061035156,44.61000061035156,44.61000061035156,109,0.0,0.0
2024-08-21 13:27:00-04:00,44.63999938964844,44.63999938964844,44.63999938964844,44.63999938964844,168,0.0,0.0
2024-08-21 13:28:00-04:00,44.63999938964844,44.63999938964844,44.63999938964844,44.63999938964844,321,0.0,0.0
2024-08-21 13:30:00-04:00,44.63999938964844,44.63999938964844,44.63999938964844,44.63999938964844,138,0.0,0.0
2024-08-21 13:31:00-04:00,44.585899353027344,44.63999938964844,44.585899353027344,44.63999938964844,729,0.0,0.0
2024-08-21 13:34:00-04:00,44.63999938964844,44.689998626708984,44.63999938964844,44.689998626708984,833,0.0,0.0
2024-08-21 13:35:00-04:00,44.689998626708984,44.70000076293945,44.689998626708984,44.70000076293945,214,0.0,0.0
2024-08-21 13:36:00-04:00,44.70000076293945,44.70000076293945,44.70000076293945,44.70000076293945,469,0.0,0.0
2024-08-21 13:37:00-04:00,44.65129852294922,44.685001373291016,44.65129852294922,44.68000030517578,2345,0.0,0.0
2024-08-21 13:38:00-04:00,44.70500183105469,44.709999084472656,44.650001525878906,44.650001525878906,949,0.0,0.0
2024-08-21 13:39:00-04:00,44.709999084472656,44.709999084472656,44.709999084472656,44.709999084472656,205,0.0,0.0
2024-08-21 13:40:00-04:00,44.68000030517578,44.68000030517578,44.56999969482422,44.58000183105469,4186,0.0,0.0
2024-08-21 13:41:00-04:00,44.540000915527344,44.540000915527344,44.540000915527344,44.540000915527344,631,0.0,0.0
2024-08-21 13:42:00-04:00,44.54999923706055,44.54999923706055,44.54999923706055,44.54999923706055,113,0.0,0.0
2024-08-21 13:43:00-04:00,44.56480026245117,44.56480026245117,44.56480026245117,44.56480026245117,317,0.0,0.0
2024-08-21 13:44:00-04:00,44.59000015258789,44.630001068115234,44.59000015258789,44.630001068115234,863,0.0,0.0
2024-08-21 13:46:00-04:00,44.6150016784668,44.6150016784668,44.6150016784668,44.6150016784668,695,0.0,0.0
2024-08-21 13:47:00-04:00,44.6150016784668,44.6150016784668,44.58000183105469,44.59000015258789,1428,0.0,0.0
2024-08-21 13:48:00-04:00,44.59000015258789,44.595001220703125,44.59000015258789,44.59000015258789,415,0.0,0.0
2024-08-21 13:49:00-04:00,44.59000015258789,44.59000015258789,44.59000015258789,44.59000015258789,519,0.0,0.0
2024-08-21 13:51:00-04:00,44.59000015258789,44.630001068115234,44.59000015258789,44.630001068115234,1070,0.0,0.0
2024-08-21 13:53:00-04:00,44.619998931884766,44.619998931884766,44.619998931884766,44.619998931884766,412,0.0,0.0
2024-08-21 13:54:00-04:00,44.630001068115234,44.630001068115234,44.630001068115234,44.630001068115234,115,0.0,0.0
2024-08-21 13:55:00-04:00,44.625,44.625,44.625,44.625,462,0.0,0.0
2024-08-21 13:56:00-04:00,44.625,44.625,44.59000015258789,44.59000015258789,204,0.0,0.0
2024-08-21 13:57:00-04:00,44.630001068115234,44.65999984741211,44.630001068115234,44.630001068115234,1879,0.0,0.0
2024-08-21 13:58:00-04:00,44.63999938964844,44.63999938964844,44.63999938964844,44.63999938964844,113,0.0,0.0
2024-08-21 13:59:00-04:00,44.630001068115234,44.630001068115234,44.630001068115234,44.630001068115234,774,0.0,0.0
2024-08-21 14:00:00-04:00,44.66999816894531,44.68000030517578,44.630001068115234,44.665000915527344,2650,0.0,0.0
2024-08-21 14:02:00-04:00,44.65999984741211,44.689998626708984,44.63999938964844,44.689998626708984,2177,0.0,0.0
2024-08-21 14:03:00-04:00,44.66999816894531,44.79999923706055,44.65999984741211,44.70500183105469,10167,0.0,0.0
2024-08-21 14:04:00-04:00,44.709999084472656,44.709999084472656,44.69200134277344,44.709999084472656,1033,0.0,0.0
2024-08-21 14:05:00-04:00,44.68000030517578,44.709999084472656,44.59000015258789,44.59000015258789,3519,0.0,0.0
2024-08-21 14:06:00-04:00,44.595001220703125,44.595001220703125,44.595001220703125,44.595001220703125,405,0.0,0.0
2024-08-21 14:08:00-04:00,44.6150016784668,44.6150016784668,44.6150016784668,44.6150016784668,225,0.0,0.0
2024-08-21 14:10:00-04:00,44.63999938964844,44.650001525878906,44.6349983215332,44.6349983215332,2238,0.0,0.0
2024-08-21 14:11:00-04:00,44.654998779296875,44.65999984741211,44.60499954223633,44.625,946,0.0,0.0
2024-08-21 14:12:00-04:00,44.625,44.625,44.619998931884766,44.625,841,0.0,0.0
2024-08-21 14:13:00-04:00,44.625,44.625,44.625,44.625,633,0.0,0.0
2024-08-21 14:14:00-04:00,44.654998779296875,44.654998779296875,44.6349983215332,44.6349983215332,365,0.0,0.0
2024-08-21 14:15:00-04:00,44.61000061035156,44.625,44.54999923706055,44.54999923706055,2572,0.0,0.0
2024-08-21 14:16:00-04:00,44.56999969482422,44.56999969482422,44.56999969482422,44.56999969482422,313,0.0,0.0
2024-08-21 14:17:00-04:00,44.56999969482422,44.56999969482422,44.56999969482422,44.56999969482422,265,0.0,0.0
2024-08-21 14:18:00-04:00,44.54999923706055,44.56999969482422,44.54999923706055,44.56999969482422,1698,0.0,0.0
2024-08-21 14:21:00-04:00,44.57500076293945,44.57500076293945,44.57500076293945,44.57500076293945,485,0.0,0.0
2024-08-21 14:22:00-04:00,44.57500076293945,44.57500076293945,44.57500076293945,44.57500076293945,479,0.0,0.0
2024-08-21 14:24:00-04:00,44.599998474121094,44.689998626708984,44.599998474121094,44.689998626708984,3916,0.0,0.0
2024-08-21 14:25:00-04:00,44.720001220703125,44.720001220703125,44.720001220703125,44.720001220703125,464,0.0,0.0
2024-08-21 14:26:00-04:00,44.72999954223633,44.72999954223633,44.72999954223633,44.72999954223633,251,0.0,0.0
2024-08-21 14:27:00-04:00,44.7400016784668,44.77000045776367,44.7400016784668,44.77000045776367,1365,0.0,0.0
2024-08-21 14:28:00-04:00,44.790000915527344,44.790000915527344,44.75,44.790000915527344,2470,0.0,0.0
2024-08-21 14:29:00-04:00,44.77000045776367,44.790000915527344,44.7599983215332,44.7599983215332,626,0.0,0.0
2024-08-21 14:30:00-04:00,44.790000915527344,44.79999923706055,44.790000915527344,44.79999923706055,728,0.0,0.0
2024-08-21 14:31:00-04:00,44.790000915527344,44.81999969482422,44.790000915527344,44.81999969482422,1436,0.0,0.0
2024-08-21 14:32:00-04:00,44.81999969482422,44.86000061035156,44.81999969482422,44.86000061035156,2160,0.0,0.0
2024-08-21 14:33:00-04:00,44.869998931884766,44.880001068115234,44.84000015258789,44.86000061035156,1776,0.0,0.0
2024-08-21 14:34:00-04:00,44.84000015258789,44.85499954223633,44.84000015258789,44.85499954223633,632,0.0,0.0
2024-08-21 14:35:00-04:00,44.85499954223633,44.85499954223633,44.79999923706055,44.81999969482422,4977,0.0,0.0
2024-08-21 14:36:00-04:00,44.810001373291016,44.810001373291016,44.810001373291016,44.810001373291016,217,0.0,0.0
2024-08-21 14:37:00-04:00,44.84000015258789,44.84000015258789,44.84000015258789,44.84000015258789,781,0.0,0.0
2024-08-21 14:38:00-04:00,44.84000015258789,44.84000015258789,44.81999969482422,44.83000183105469,808,0.0,0.0
2024-08-21 14:39:00-04:00,44.81999969482422,44.834999084472656,44.81999969482422,44.834999084472656,822,0.0,0.0
2024-08-21 14:40:00-04:00,44.81999969482422,44.84000015258789,44.81999969482422,44.84000015258789,333,0.0,0.0
2024-08-21 14:41:00-04:00,44.81999969482422,44.845001220703125,44.81999969482422,44.845001220703125,1090,0.0,0.0
2024-08-21 14:42:00-04:00,44.83000183105469,44.845001220703125,44.77000045776367,44.810001373291016,7573,0.0,0.0
2024-08-21 14:43:00-04:00,44.790000915527344,44.79999923706055,44.72999954223633,44.75,2955,0.0,0.0
2024-08-21 14:44:00-04:00,44.75,44.75,44.744998931884766,44.744998931884766,530,0.0,0.0
2024-08-21 14:45:00-04:00,44.7400016784668,44.7400016784668,44.720001220703125,44.72999954223633,862,0.0,0.0
2024-08-21 14:47:00-04:00,44.7599983215332,44.81999969482422,44.7599983215332,44.81999969482422,2288,0.0,0.0
2024-08-21 14:48:00-04:00,44.85499954223633,44.85499954223633,44.79999923706055,44.82500076293945,1370,0.0,0.0
2024-08-21 14:50:00-04:00,44.8223991394043,44.83000183105469,44.8223991394043,44.83000183105469,350,0.0,0.0
2024-08-21 14:51:00-04:00,44.83000183105469,44.88999938964844,44.83000183105469,44.88999938964844,1435,0.0,0.0
2024-08-21 14:52:00-04:00,44.86000061035156,44.86000061035156,44.86000061035156,44.86000061035156,218,0.0,0.0
2024-08-21 14:53:00-04:00,44.869998931884766,44.869998931884766,44.869998931884766,44.869998931884766,316,0.0,0.0
2024-08-21 14:54:00-04:00,44.88999938964844,44.91999816894531,44.88999938964844,44.91999816894531,1434,0.0,0.0
2024-08-21 14:55:00-04:00,44.900001525878906,44.904998779296875,44.86000061035156,44.880001068115234,3779,0.0,0.0
2024-08-21 14:56:00-04:00,44.8849983215332,44.8849983215332,44.83000183105469,44.83000183105469,2733,0.0,0.0
2024-08-21 14:57:00-04:00,44.83000183105469,44.83000183105469,44.79999923706055,44.79999923706055,1241,0.0,0.0
2024-08-21 14:58:00-04:00,44.810001373291016,44.810001373291016,44.790000915527344,44.810001373291016,822,0.0,0.0
2024-08-21 14:59:00-04:00,44.810001373291016,44.81999969482422,44.790000915527344,44.790000915527344,3074,0.0,0.0
2024-08-21 15:00:00-04:00,44.779998779296875,44.790000915527344,44.779998779296875,44.790000915527344,603,0.0,0.0
2024-08-21 15:01:00-04:00,44.77000045776367,44.779998779296875,44.7599983215332,44.77000045776367,1076,0.0,0.0
2024-08-21 15:02:00-04:00,44.77000045776367,44.790000915527344,44.7599983215332,44.790000915527344,1516,0.0,0.0
2024-08-21 15:03:00-04:00,44.790000915527344,44.790000915527344,44.790000915527344,44.790000915527344,206,0.0,0.0
2024-08-21 15:04:00-04:00,44.790000915527344,44.790000915527344,44.72999954223633,44.755001068115234,3159,0.0,0.0
2024-08-21 15:06:00-04:00,44.75,44.755001068115234,44.7400016784668,44.7400016784668,1236,0.0,0.0
2024-08-21 15:08:00-04:00,44.72999954223633,44.7400016784668,44.72999954223633,44.7400016784668,840,0.0,0.0
2024-08-21 15:09:00-04:00,44.7400016784668,44.779998779296875,44.72999954223633,44.779998779296875,2191,0.0,0.0
2024-08-21 15:10:00-04:00,44.790000915527344,44.790000915527344,44.72999954223633,44.75,3971,0.0,0.0
2024-08-21 15:11:00-04:00,44.72999954223633,44.744998931884766,44.720001220703125,44.72999954223633,1985,0.0,0.0
2024-08-21 15:12:00-04:00,44.73500061035156,44.73500061035156,44.709999084472656,44.73500061035156,401,0.0,0.0
2024-08-21 15:13:00-04:00,44.709999084472656,44.71500015258789,44.705501556396484,44.71500015258789,1081,0.0,0.0
2024-08-21 15:14:00-04:00,44.709999084472656,44.709999084472656,44.709999084472656,44.709999084472656,579,0.0,0.0
2024-08-21 15:15:00-04:00,44.709999084472656,44.720001220703125,44.689998626708984,44.70000076293945,7161,0.0,0.0
2024-08-21 15:16:00-04:00,44.709999084472656,44.709999084472656,44.709999084472656,44.709999084472656,264,0.0,0.0
2024-08-21 15:17:00-04:00,44.709999084472656,44.709999084472656,44.709999084472656,44.709999084472656,743,0.0,0.0
2024-08-21 15:18:00-04:00,44.72999954223633,44.72999954223633,44.690101623535156,44.690101623535156,533,0.0,0.0
2024-08-21 15:19:00-04:00,44.72999954223633,44.72999954223633,44.70000076293945,44.709999084472656,909,0.0,0.0
2024-08-21 15:20:00-04:00,44.709999084472656,44.77000045776367,44.709999084472656,44.7599983215332,5555,0.0,0.0
2024-08-21 15:21:00-04:00,44.7599983215332,44.81999969482422,44.7599983215332,44.81999969482422,840,0.0,0.0
2024-08-21 15:22:00-04:00,44.81999969482422,44.81999969482422,44.779998779296875,44.779998779296875,2657,0.0,0.0
2024-08-21 15:23:00-04:00,44.79499816894531,44.79499816894531,44.79499816894531,44.79499816894531,305,0.0,0.0
2024-08-21 15:24:00-04:00,44.810001373291016,44.869998931884766,44.810001373291016,44.82500076293945,4295,0.0,0.0
2024-08-21 15:26:00-04:00,44.83000183105469,44.830101013183594,44.83000183105469,44.830101013183594,779,0.0,0.0
2024-08-21 15:27:00-04:00,44.849998474121094,44.86000061035156,44.83000183105469,44.84000015258789,2127,0.0,0.0
2024-08-21 15:28:00-04:00,44.86000061035156,44.91999816894531,44.86000061035156,44.91999816894531,1807,0.0,0.0
2024-08-21 15:29:00-04:00,44.91999816894531,44.93000030517578,44.91999816894531,44.93000030517578,1283,0.0,0.0
2024-08-21 15:30:00-04:00,44.93000030517578,44.93000030517578,44.86000061035156,44.8849983215332,5365,0.0,0.0
2024-08-21 15:32:00-04:00,44.89500045776367,44.89500045776367,44.89500045776367,44.89500045776367,489,0.0,0.0
2024-08-21 15:34:00-04:00,44.915000915527344,44.915000915527344,44.8849983215332,44.88999938964844,3347,0.0,0.0
2024-08-21 15:35:00-04:00,44.904998779296875,44.90999984741211,44.900001525878906,44.90999984741211,870,0.0,0.0
2024-08-21 15:36:00-04:00,44.939998626708984,45.0,44.935001373291016,45.0,3528,0.0,0.0
2024-08-21 15:37:00-04:00,45.02000045776367,45.04999923706055,45.0,45.025001525878906,5170,0.0,0.0
2024-08-21 15:38:00-04:00,45.04999923706055,45.04999923706055,45.0099983215332,45.025001525878906,1922,0.0,0.0
2024-08-21 15:39:00-04:00,45.04999923706055,45.09000015258789,45.04999923706055,45.09000015258789,2851,0.0,0.0
2024-08-21 15:40:00-04:00,45.15999984741211,45.20000076293945,45.150001525878906,45.189998626708984,1931,0.0,0.0
2024-08-21 15:41:00-04:00,45.189998626708984,45.20000076293945,45.189998626708984,45.20000076293945,1417,0.0,0.0
2024-08-21 15:42:00-04:00,45.220001220703125,45.310001373291016,45.220001220703125,45.310001373291016,1646,0.0,0.0
2024-08-21 15:43:00-04:00,45.310001373291016,45.380001068115234,45.29999923706055,45.380001068115234,5526,0.0,0.0
2024-08-21 15:44:00-04:00,45.369998931884766,45.397499084472656,45.279998779296875,45.30500030517578,17979,0.0,0.0
2024-08-21 15:45:00-04:00,45.29999923706055,45.310001373291016,45.279998779296875,45.29499816894531,3627,0.0,0.0
2024-08-21 15:46:00-04:00,45.290000915527344,45.310001373291016,45.27000045776367,45.27000045776367,5342,0.0,0.0
2024-08-21 15:47:00-04:00,45.31999969482422,45.369998931884766,45.275001525878906,45.275001525878906,9713,0.0,0.0
2024-08-21 15:48:00-04:00,45.27000045776367,45.27000045776367,45.21200180053711,45.21200180053711,10490,0.0,0.0
2024-08-21 15:49:00-04:00,45.209999084472656,45.21500015258789,45.16999816894531,45.185001373291016,5255,0.0,0.0
2024-08-21 15:50:00-04:00,45.189998626708984,45.209999084472656,45.08000183105469,45.10499954223633,6180,0.0,0.0
2024-08-21 15:51:00-04:00,45.08000183105469,45.119998931884766,45.06999969482422,45.10499954223633,6230,0.0,0.0
2024-08-21 15:52:00-04:00,45.130001068115234,45.130001068115234,45.040000915527344,45.064998626708984,10021,0.0,0.0
2024-08-21 15:53:00-04:00,45.06999969482422,45.119998931884766,45.04999923706055,45.11000061035156,7564,0.0,0.0
2024-08-21 15:54:00-04:00,45.13999938964844,45.13999938964844,45.099998474121094,45.125,6486,0.0,0.0
2024-08-21 15:55:00-04:00,45.13999938964844,45.279998779296875,45.13999938964844,45.17499923706055,14304,0.0,0.0
2024-08-21 15:56:00-04:00,45.18000030517578,45.220001220703125,45.16999816894531,45.19499969482422,11687,0.0,0.0
2024-08-21 15:57:00-04:00,45.19499969482422,45.209999084472656,45.18000030517578,45.19499969482422,8807,0.0,0.0
2024-08-21 15:58:00-04:00,45.18000030517578,45.33000183105469,45.18000030517578,45.314998626708984,21337,0.0,0.0
2024-08-21 15:59:00-04:00,45.314998626708984,45.41999816894531,45.29999923706055,45.31999969482422,46318,0.0,0.0
2024-08-22 09:30:00-04:00,45.31999969482422,45.33000183105469,45.31999969482422,45.33000183105469,1966,0.0,0.0
2024-08-22 09:31:00-04:00,45.17499923706055,45.17499923706055,45.17499923706055,45.17499923706055,321,0.0,0.0
2024-08-22 09:32:00-04:00,45.23500061035156,45.23500061035156,45.154998779296875,45.154998779296875,997,0.0,0.0
2024-08-22 09:38:00-04:00,44.88999938964844,44.88999938964844,44.88999938964844,44.88999938964844,904,0.0,0.0
2024-08-22 09:42:00-04:00,45.099998474121094,45.099998474121094,45.099998474121094,45.099998474121094,189,0.0,0.0
2024-08-22 09:45:00-04:00,45.0099983215332,45.0099983215332,44.654998779296875,44.89500045776367,17040,0.0,0.0
2024-08-22 09:46:00-04:00,44.66999816894531,44.790000915527344,44.66999816894531,44.744998931884766,1239,0.0,0.0
2024-08-22 09:47:00-04:00,44.560001373291016,44.61000061035156,44.560001373291016,44.61000061035156,775,0.0,0.0
2024-08-22 09:50:00-04:00,44.39500045776367,44.39500045776367,44.224998474121094,44.224998474121094,800,0.0,0.0
2024-08-22 09:51:00-04:00,44.18000030517578,44.459999084472656,44.18000030517578,44.459999084472656,14359,0.0,0.0
2024-08-22 09:52:00-04:00,44.45000076293945,44.45000076293945,44.29999923706055,44.29999923706055,438,0.0,0.0
2024-08-22 09:56:00-04:00,44.48249816894531,44.48249816894531,44.310001373291016,44.349998474121094,1486,0.0,0.0
2024-08-22 09:57:00-04:00,44.43000030517578,44.54999923706055,44.43000030517578,44.54999923706055,6906,0.0,0.0
2024-08-22 09:59:00-04:00,44.529998779296875,44.529998779296875,44.529998779296875,44.529998779296875,5530,0.0,0.0
2024-08-22 10:00:00-04:00,44.54999923706055,44.564998626708984,44.47999954223633,44.525001525878906,3082,0.0,0.0
2024-08-22 10:01:00-04:00,44.525001525878906,44.525001525878906,44.525001525878906,44.525001525878906,155,0.0,0.0
2024-08-22 10:02:00-04:00,44.53499984741211,44.53499984741211,44.53499984741211,44.53499984741211,116,0.0,0.0
2024-08-22 10:04:00-04:00,44.53499984741211,44.61000061035156,44.53499984741211,44.56999969482422,1942,0.0,0.0
2024-08-22 10:05:00-04:00,44.61000061035156,44.66999816894531,44.59000015258789,44.59000015258789,4944,0.0,0.0
2024-08-22 10:09:00-04:00,44.689998626708984,44.689998626708984,44.689998626708984,44.689998626708984,116,0.0,0.0
2024-08-22 10:10:00-04:00,44.58000183105469,44.689998626708984,44.58000183105469,44.689998626708984,534,0.0,0.0
2024-08-22 10:11:00-04:00,44.59000015258789,44.59000015258789,44.59000015258789,44.59000015258789,276,0.0,0.0
2024-08-22 10:12:00-04:00,44.56999969482422,44.650001525878906,44.557498931884766,44.557498931884766,1220,0.0,0.0
2024-08-22 10:14:00-04:00,44.599998474121094,44.599998474121094,44.599998474121094,44.599998474121094,213,0.0,0.0
2024-08-22 10:15:00-04:00,44.55500030517578,44.55500030517578,44.36000061035156,44.36000061035156,3247,0.0,0.0
2024-08-22 10:16:00-04:00,44.35499954223633,44.35499954223633,44.35499954223633,44.35499954223633,330,0.0,0.0
2024-08-22 10:17:00-04:00,44.290000915527344,44.290000915527344,44.290000915527344,44.290000915527344,211,0.0,0.0
2024-08-22 10:18:00-04:00,44.27000045776367,44.29999923706055,44.27000045776367,44.29999923706055,421,0.0,0.0
2024-08-22 10:19:00-04:00,44.220001220703125,44.33000183105469,44.20000076293945,44.33000183105469,10259,0.0,0.0
2024-08-22 10:20:00-04:00,44.28499984741211,44.40999984741211,44.28499984741211,44.40999984741211,2213,0.0,0.0
2024-08-22 10:21:00-04:00,44.4900016784668,44.4900016784668,44.41999816894531,44.4900016784668,751,0.0,0.0
2024-08-22 10:23:00-04:00,44.47999954223633,44.47999954223633,44.47999954223633,44.47999954223633,420,0.0,0.0
2024-08-22 10:24:00-04:00,44.43000030517578,44.439998626708984,44.43000030517578,44.439998626708984,499,0.0,0.0
2024-08-22 10:25:00-04:00,44.540000915527344,44.560001373291016,44.540000915527344,44.560001373291016,534,0.0,0.0
2024-08-22 10:26:00-04:00,44.56999969482422,44.56999969482422,44.56999969482422,44.56999969482422,224,0.0,0.0
2024-08-22 10:27:00-04:00,44.56999969482422,44.56999969482422,44.56999969482422,44.56999969482422,297,0.0,0.0
2024-08-22 10:28:00-04:00,44.56999969482422,44.56999969482422,44.56999969482422,44.56999969482422,369,0.0,0.0
2024-08-22 10:30:00-04:00,44.61000061035156,44.6150016784668,44.52000045776367,44.52000045776367,2437,0.0,0.0
2024-08-22 10:31:00-04:00,44.529998779296875,44.529998779296875,44.529998779296875,44.529998779296875,328,0.0,0.0
2024-08-22 10:32:00-04:00,44.529998779296875,44.56999969482422,44.529998779296875,44.56999969482422,320,0.0,0.0
2024-08-22 10:35:00-04:00,44.525001525878906,44.525001525878906,44.470001220703125,44.470001220703125,743,0.0,0.0
2024-08-22 10:36:00-04:00,44.54999923706055,44.59000015258789,44.45000076293945,44.51499938964844,3528,0.0,0.0
2024-08-22 10:37:00-04:00,44.45000076293945,44.5099983215332,44.45000076293945,44.5099983215332,672,0.0,0.0
2024-08-22 10:38:00-04:00,44.5099983215332,44.5099983215332,44.5099983215332,44.5099983215332,73585,0.0,0.0
2024-08-22 10:43:00-04:00,44.540000915527344,44.540000915527344,44.5099983215332,44.5099983215332,488,0.0,0.0
2024-08-22 10:44:00-04:00,44.47999954223633,44.529998779296875,44.47999954223633,44.529998779296875,555,0.0,0.0
2024-08-22 10:46:00-04:00,44.58000183105469,44.58000183105469,44.5099983215332,44.5099983215332,523,0.0,0.0
2024-08-22 10:47:00-04:00,44.492000579833984,44.49380111694336,44.492000579833984,44.49380111694336,1050,0.0,0.0
2024-08-22 10:48:00-04:00,44.505001068115234,44.56999969482422,44.45000076293945,44.56999969482422,826,0.0,0.0
2024-08-22 10:49:00-04:00,44.560001373291016,44.560001373291016,44.560001373291016,44.560001373291016,110,0.0,0.0
2024-08-22 10:50:00-04:00,44.5,44.5,44.5,44.5,563,0.0,0.0
2024-08-22 10:52:00-04:00,44.439998626708984,44.474998474121094,44.290000915527344,44.400001525878906,5284,0.0,0.0
2024-08-22 10:53:00-04:00,44.36000061035156,44.36000061035156,44.36000061035156,44.36000061035156,557,0.0,0.0
2024-08-22 10:55:00-04:00,44.369998931884766,44.400001525878906,44.369998931884766,44.400001525878906,539,0.0,0.0
2024-08-22 10:56:00-04:00,44.35499954223633,44.470001220703125,44.35499954223633,44.3849983215332,10939,0.0,0.0
2024-08-22 10:57:00-04:00,44.400001525878906,44.41999816894531,44.400001525878906,44.404998779296875,2983,0.0,0.0
2024-08-22 10:58:00-04:00,44.36000061035156,44.36000061035156,44.33000183105469,44.345001220703125,3836,0.0,0.0
2024-08-22 10:59:00-04:00,44.27000045776367,44.27000045776367,44.189998626708984,44.189998626708984,969,0.0,0.0
2024-08-22 11:00:00-04:00,44.16999816894531,44.16999816894531,44.16999816894531,44.16999816894531,581,0.0,0.0
2024-08-22 11:02:00-04:00,44.2400016784668,44.2400016784668,44.2400016784668,44.2400016784668,206,0.0,0.0
2024-08-22 11:03:00-04:00,44.220001220703125,44.290000915527344,44.220001220703125,44.275001525878906,1080,0.0,0.0
2024-08-22 11:04:00-04:00,44.29999923706055,44.29999923706055,44.29999923706055,44.29999923706055,114,0.0,0.0
2024-08-22 11:05:00-04:00,44.2400016784668,44.275001525878906,44.20000076293945,44.26499938964844,7460,0.0,0.0
2024-08-22 11:06:00-04:00,44.20000076293945,44.20000076293945,44.20000076293945,44.20000076293945,100,0.0,0.0
2024-08-22 11:07:00-04:00,44.20000076293945,44.20000076293945,44.16999816894531,44.16999816894531,3348,0.0,0.0
2024-08-22 11:08:00-04:00,44.15999984741211,44.185001373291016,44.119998931884766,44.185001373291016,1319,0.0,0.0
2024-08-22 11:09:00-04:00,44.08000183105469,44.130001068115234,44.08000183105469,44.130001068115234,346,0.0,0.0
2024-08-22 11:10:00-04:00,44.08000183105469,44.08000183105469,43.970001220703125,43.970001220703125,850,0.0,0.0
2024-08-22 11:11:00-04:00,43.959999084472656,43.959999084472656,43.959999084472656,43.959999084472656,421,0.0,0.0
2024-08-22 11:12:00-04:00,43.95000076293945,44.029998779296875,43.95000076293945,44.029998779296875,576,0.0,0.0
2024-08-22 11:13:00-04:00,43.97999954223633,43.97999954223633,43.87099838256836,43.87099838256836,793,0.0,0.0
2024-08-22 11:14:00-04:00,43.88999938964844,43.88999938964844,43.88999938964844,43.88999938964844,311,0.0,0.0
2024-08-22 11:15:00-04:00,43.88999938964844,43.88999938964844,43.880001068115234,43.880001068115234,318,0.0,0.0
2024-08-22 11:16:00-04:00,43.88999938964844,43.88999938964844,43.880001068115234,43.880001068115234,261,0.0,0.0
2024-08-22 11:17:00-04:00,43.88999938964844,43.88999938964844,43.880001068115234,43.880001068115234,315,0.0,0.0
2024-08-22 11:18:00-04:00,43.869998931884766,43.880001068115234,43.869998931884766,43.880001068115234,415,0.0,0.0
2024-08-22 11:19:00-04:00,43.95000076293945,44.04999923706055,43.91999816894531,43.95500183105469,3857,0.0,0.0
2024-08-22 11:20:00-04:00,43.95500183105469,43.95500183105469,43.86000061035156,43.939998626708984,1842,0.0,0.0
2024-08-22 11:21:00-04:00,43.88999938964844,43.94499969482422,43.869998931884766,43.88999938964844,723,0.0,0.0
2024-08-22 11:22:00-04:00,43.93000030517578,43.93000030517578,43.86000061035156,43.93000030517578,775,0.0,0.0
2024-08-22 11:23:00-04:00,43.869998931884766,44.0,43.869998931884766,43.939998626708984,2478,0.0,0.0
2024-08-22 11:24:00-04:00,43.939998626708984,44.084999084472656,43.939998626708984,44.04999923706055,4595,0.0,0.0
2024-08-22 11:25:00-04:00,43.9900016784668,43.9900016784668,43.970001220703125,43.970001220703125,463,0.0,0.0
2024-08-22 11:26:00-04:00,44.040000915527344,44.06999969482422,44.040000915527344,44.06999969482422,771,0.0,0.0
2024-08-22 11:27:00-04:00,44.06999969482422,44.119998931884766,44.06999969482422,44.119998931884766,320,0.0,0.0
2024-08-22 11:28:00-04:00,44.13999938964844,44.13999938964844,44.130001068115234,44.130001068115234,364,0.0,0.0
2024-08-22 11:29:00-04:00,44.1349983215332,44.1349983215332,44.1349983215332,44.1349983215332,159,0.0,0.0
2024-08-22 11:30:00-04:00,44.130001068115234,44.150001525878906,44.06999969482422,44.119998931884766,1719,0.0,0.0
2024-08-22 11:32:00-04:00,44.15999984741211,44.16999816894531,44.15999984741211,44.15999984741211,1051,0.0,0.0
2024-08-22 11:34:00-04:00,44.21500015258789,44.21500015258789,44.21500015258789,44.21500015258789,253,0.0,0.0
2024-08-22 11:36:00-04:00,44.275001525878906,44.275001525878906,44.275001525878906,44.275001525878906,126,0.0,0.0
2024-08-22 11:37:00-04:00,44.220001220703125,44.25,44.189998626708984,44.25,361,0.0,0.0
2024-08-22 11:38:00-04:00,44.255001068115234,44.255001068115234,44.15999984741211,44.209999084472656,3337,0.0,0.0
2024-08-22 11:39:00-04:00,44.189998626708984,44.209999084472656,44.099998474121094,44.130001068115234,2648,0.0,0.0
2024-08-22 11:40:00-04:00,44.154998779296875,44.154998779296875,44.099998474121094,44.099998474121094,477,0.0,0.0
2024-08-22 11:41:00-04:00,44.099998474121094,44.119998931884766,44.099998474121094,44.119998931884766,368,0.0,0.0
2024-08-22 11:42:00-04:00,44.099998474121094,44.099998474121094,44.09000015258789,44.09000015258789,656,0.0,0.0
2024-08-22 11:43:00-04:00,44.09000015258789,44.099998474121094,44.040000915527344,44.04999923706055,1376,0.0,0.0
2024-08-22 11:44:00-04:00,44.0,44.0,44.0,44.0,250,0.0,0.0
2024-08-22 11:45:00-04:00,44.040000915527344,44.040000915527344,43.970001220703125,43.970001220703125,238,0.0,0.0
2024-08-22 11:46:00-04:00,43.959999084472656,43.959999084472656,43.959999084472656,43.959999084472656,243,0.0,0.0
2024-08-22 11:47:00-04:00,44.11000061035156,44.11000061035156,44.11000061035156,44.11000061035156,116,0.0,0.0
2024-08-22 11:48:00-04:00,44.0099983215332,44.025001525878906,44.0099983215332,44.025001525878906,618,0.0,0.0
2024-08-22 11:49:00-04:00,44.029998779296875,44.029998779296875,44.029998779296875,44.029998779296875,113,0.0,0.0
2024-08-22 11:50:00-04:00,44.029998779296875,44.08000183105469,44.025001525878906,44.08000183105469,318,0.0,0.0
2024-08-22 11:51:00-04:00,44.0,44.025001525878906,44.0,44.025001525878906,443,0.0,0.0
2024-08-22 11:52:00-04:00,44.0,44.0,44.0,44.0,212,0.0,0.0
2024-08-22 11:53:00-04:00,44.029998779296875,44.03499984741211,44.029998779296875,44.03499984741211,439,0.0,0.0
2024-08-22 11:54:00-04:00,44.03499984741211,44.119998931884766,44.03499984741211,44.08000183105469,1703,0.0,0.0
2024-08-22 11:55:00-04:00,44.084999084472656,44.084999084472656,44.084999084472656,44.084999084472656,191,0.0,0.0
2024-08-22 11:57:00-04:00,44.13999938964844,44.13999938964844,44.13999938964844,44.13999938964844,485,0.0,0.0
2024-08-22 11:58:00-04:00,44.09000015258789,44.18000030517578,44.09000015258789,44.18000030517578,1645,0.0,0.0
2024-08-22 12:00:00-04:00,44.189998626708984,44.220001220703125,44.189998626708984,44.220001220703125,1478,0.0,0.0
2024-08-22 12:01:00-04:00,44.2400016784668,44.2400016784668,44.2400016784668,44.2400016784668,305,0.0,0.0
2024-08-22 12:02:00-04:00,44.2400016784668,44.25,44.189998626708984,44.189998626708984,474,0.0,0.0
2024-08-22 12:03:00-04:00,44.20610046386719,44.34000015258789,44.20610046386719,44.34000015258789,1464,0.0,0.0
2024-08-22 12:04:00-04:00,44.33000183105469,44.33000183105469,44.33000183105469,44.33000183105469,238,0.0,0.0
2024-08-22 12:05:00-04:00,44.375,44.41999816894531,44.375,44.41999816894531,217,0.0,0.0
2024-08-22 12:06:00-04:00,44.369998931884766,44.369998931884766,44.369998931884766,44.369998931884766,147,0.0,0.0
2024-08-22 12:07:00-04:00,44.400001525878906,44.400001525878906,44.380001068115234,44.380001068115234,573,0.0,0.0
2024-08-22 12:09:00-04:00,44.43000030517578,44.43000030517578,44.349998474121094,44.38999938964844,1174,0.0,0.0
2024-08-22 12:10:00-04:00,44.400001525878906,44.400001525878906,44.400001525878906,44.400001525878906,351,0.0,0.0
2024-08-22 12:12:00-04:00,44.42499923706055,44.42499923706055,44.42499923706055,44.42499923706055,431,0.0,0.0
2024-08-22 12:13:00-04:00,44.349998474121094,44.349998474121094,44.349998474121094,44.349998474121094,224,0.0,0.0
2024-08-22 12:14:00-04:00,44.349998474121094,44.349998474121094,44.310001373291016,44.310001373291016,2142,0.0,0.0
2024-08-22 12:16:00-04:00,44.29999923706055,44.29999923706055,44.29999923706055,44.29999923706055,143,0.0,0.0
2024-08-22 12:18:00-04:00,44.334999084472656,44.334999084472656,44.334999084472656,44.334999084472656,260,0.0,0.0
2024-08-22 12:20:00-04:00,44.369998931884766,44.38999938964844,44.349998474121094,44.349998474121094,1876,0.0,0.0
2024-08-22 12:29:00-04:00,44.34000015258789,44.34000015258789,44.34000015258789,44.34000015258789,126,0.0,0.0
2024-08-22 12:30:00-04:00,44.310001373291016,44.310001373291016,44.310001373291016,44.310001373291016,155,0.0,0.0
2024-08-22 12:31:00-04:00,44.380001068115234,44.415000915527344,44.31999969482422,44.369998931884766,8785,0.0,0.0
2024-08-22 12:33:00-04:00,44.40999984741211,44.40999984741211,44.40999984741211,44.40999984741211,190,0.0,0.0
2024-08-22 12:35:00-04:00,44.375,44.375,44.375,44.375,189,0.0,0.0
2024-08-22 12:36:00-04:00,44.404998779296875,44.404998779296875,44.404998779296875,44.404998779296875,107,0.0,0.0
2024-08-22 12:37:00-04:00,44.369998931884766,44.369998931884766,44.369998931884766,44.369998931884766,149,0.0,0.0
2024-08-22 12:38:00-04:00,44.34000015258789,44.369998931884766,44.33000183105469,44.33000183105469,418,0.0,0.0
2024-08-22 12:39:00-04:00,44.34000015258789,44.34000015258789,44.33000183105469,44.33000183105469,345,0.0,0.0
2024-08-22 12:40:00-04:00,44.33000183105469,44.33000183105469,44.33000183105469,44.33000183105469,182,0.0,0.0
2024-08-22 12:41:00-04:00,44.33000183105469,44.33000183105469,44.220001220703125,44.220001220703125,3827,0.0,0.0
2024-08-22 12:42:00-04:00,44.279998779296875,44.314998626708984,44.2400016784668,44.2400016784668,20802,0.0,0.0
2024-08-22 12:43:00-04:00,44.2400016784668,44.2400016784668,44.2400016784668,44.2400016784668,533,0.0,0.0
2024-08-22 12:44:00-04:00,44.2599983215332,44.2599983215332,44.2599983215332,44.2599983215332,361,0.0,0.0
2024-08-22 12:45:00-04:00,44.18000030517578,44.18000030517578,44.119998931884766,44.119998931884766,783,0.0,0.0
2024-08-22 12:47:00-04:00,44.09000015258789,44.14500045776367,44.09000015258789,44.14500045776367,361,0.0,0.0
2024-08-22 12:48:00-04:00,44.189998626708984,44.20000076293945,44.08000183105469,44.13999938964844,961,0.0,0.0
2024-08-22 12:49:00-04:00,44.11000061035156,44.150001525878906,44.099998474121094,44.130001068115234,1808,0.0,0.0
2024-08-22 12:50:00-04:00,44.130001068115234,44.130001068115234,44.099998474121094,44.099998474121094,899,0.0,0.0
2024-08-22 12:51:00-04:00,44.06999969482422,44.15999984741211,44.06999969482422,44.15999984741211,683,0.0,0.0
2024-08-22 12:52:00-04:00,44.09000015258789,44.18000030517578,44.08000183105469,44.18000030517578,437,0.0,0.0
2024-08-22 12:53:00-04:00,44.099998474121094,44.18000030517578,44.09000015258789,44.130001068115234,1042,0.0,0.0
2024-08-22 12:54:00-04:00,44.130001068115234,44.18000030517578,44.10499954223633,44.18000030517578,947,0.0,0.0
2024-08-22 12:55:00-04:00,44.09000015258789,44.31999969482422,44.09000015258789,44.31999969482422,11026,0.0,0.0
2024-08-22 12:56:00-04:00,44.29999923706055,44.29999923706055,44.29999923706055,44.29999923706055,530,0.0,0.0
2024-08-22 12:58:00-04:00,44.29999923706055,44.36000061035156,44.29999923706055,44.36000061035156,490,0.0,0.0
2024-08-22 12:59:00-04:00,44.310001373291016,44.36000061035156,44.310001373291016,44.36000061035156,525,0.0,0.0
2024-08-22 13:00:00-04:00,44.41999816894531,44.41999816894531,44.41999816894531,44.41999816894531,165,0.0,0.0
2024-08-22 13:02:00-04:00,44.41999816894531,44.41999816894531,44.3650016784668,44.3650016784668,647,0.0,0.0
2024-08-22 13:05:00-04:00,44.310001373291016,44.310001373291016,44.290000915527344,44.290000915527344,564,0.0,0.0
2024-08-22 13:06:00-04:00,44.369998931884766,44.369998931884766,44.31999969482422,44.369998931884766,430,0.0,0.0
2024-08-22 13:07:00-04:00,44.36000061035156,44.36000061035156,44.33000183105469,44.33000183105469,307,0.0,0.0
2024-08-22 13:08:00-04:00,44.369998931884766,44.380001068115234,44.32500076293945,44.380001068115234,1131,0.0,0.0
2024-08-22 13:10:00-04:00,44.349998474121094,44.349998474121094,44.349998474121094,44.349998474121094,152,0.0,0.0
2024-08-22 13:11:00-04:00,44.404998779296875,44.40999984741211,44.39500045776367,44.39500045776367,1202,0.0,0.0
2024-08-22 13:12:00-04:00,44.380001068115234,44.380001068115234,44.380001068115234,44.380001068115234,459,0.0,0.0
2024-08-22 13:13:00-04:00,44.36000061035156,44.3849983215332,44.290000915527344,44.290000915527344,3286,0.0,0.0
2024-08-22 13:15:00-04:00,44.349998474121094,44.349998474121094,44.310001373291016,44.310001373291016,586,0.0,0.0
2024-08-22 13:18:00-04:00,44.349998474121094,44.404998779296875,44.349998474121094,44.404998779296875,2409,0.0,0.0
2024-08-22 13:19:00-04:00,44.331600189208984,44.349998474121094,44.331600189208984,44.349998474121094,488,0.0,0.0
2024-08-22 13:22:00-04:00,44.33000183105469,44.33000183105469,44.16999816894531,44.18000030517578,10148,0.0,0.0
2024-08-22 13:23:00-04:00,44.18000030517578,44.18000030517578,44.15999984741211,44.15999984741211,529,0.0,0.0
2024-08-22 13:24:00-04:00,44.224998474121094,44.27000045776367,44.15999984741211,44.209999084472656,12485,0.0,0.0
2024-08-22 13:25:00-04:00,44.20000076293945,44.20500183105469,44.15999984741211,44.20000076293945,2484,0.0,0.0
2024-08-22 13:26:00-04:00,44.13999938964844,44.13999938964844,44.13999938964844,44.13999938964844,152,0.0,0.0
2024-08-22 13:27:00-04:00,44.13999938964844,44.13999938964844,44.13999938964844,44.13999938964844,103,0.0,0.0
2024-08-22 13:28:00-04:00,44.15999984741211,44.15999984741211,44.130001068115234,44.15999984741211,1366,0.0,0.0
2024-08-22 13:29:00-04:00,44.130001068115234,44.130001068115234,44.11000061035156,44.11000061035156,580,0.0,0.0
2024-08-22 13:30:00-04:00,44.099998474121094,44.099998474121094,44.04999923706055,44.08000183105469,478,0.0,0.0
2024-08-22 13:31:00-04:00,44.10499954223633,44.150001525878906,44.060001373291016,44.060001373291016,5133,0.0,0.0
2024-08-22 13:32:00-04:00,44.099998474121094,44.11249923706055,44.099998474121094,44.11249923706055,356,0.0,0.0
2024-08-22 13:33:00-04:00,44.040000915527344,44.040000915527344,44.040000915527344,44.040000915527344,125,0.0,0.0
2024-08-22 13:34:00-04:00,44.029998779296875,44.07500076293945,44.029998779296875,44.07500076293945,513,0.0,0.0
2024-08-22 13:35:00-04:00,44.029998779296875,44.04999923706055,44.029998779296875,44.04999923706055,596,0.0,0.0
2024-08-22 13:36:00-04:00,44.04999923706055,44.119998931884766,44.04999923706055,44.119998931884766,3358,0.0,0.0
2024-08-22 13:37:00-04:00,44.06999969482422,44.130001068115234,44.060001373291016,44.130001068115234,2523,0.0,0.0
2024-08-22 13:38:00-04:00,44.150001525878906,44.2400016784668,44.13999938964844,44.20500183105469,5674,0.0,0.0
2024-08-22 13:40:00-04:00,44.16999816894531,44.16999816894531,44.11000061035156,44.15999984741211,11947,0.0,0.0
2024-08-22 13:42:00-04:00,44.122501373291016,44.122501373291016,44.122501373291016,44.122501373291016,524,0.0,0.0
2024-08-22 13:43:00-04:00,44.154998779296875,44.154998779296875,44.154998779296875,44.154998779296875,170,0.0,0.0
2024-08-22 13:44:00-04:00,44.15999984741211,44.15999984741211,44.119998931884766,44.119998931884766,417,0.0,0.0
2024-08-22 13:45:00-04:00,44.11000061035156,44.11000061035156,44.11000061035156,44.11000061035156,109,0.0,0.0
2024-08-22 13:46:00-04:00,44.14500045776367,44.14500045776367,44.14500045776367,44.14500045776367,262,0.0,0.0
2024-08-22 13:47:00-04:00,44.14500045776367,44.18000030517578,44.130001068115234,44.130001068115234,334,0.0,0.0
2024-08-22 13:48:00-04:00,44.11000061035156,44.14500045776367,44.11000061035156,44.11000061035156,611,0.0,0.0
2024-08-22 13:49:00-04:00,44.11000061035156,44.11000061035156,44.0099983215332,44.0099983215332,3431,0.0,0.0
2024-08-22 13:50:00-04:00,44.02000045776367,44.09000015258789,44.02000045776367,44.04999923706055,1019,0.0,0.0
2024-08-22 13:51:00-04:00,44.04999923706055,44.04999923706055,44.04999923706055,44.04999923706055,447,0.0,0.0
2024-08-22 13:52:00-04:00,44.029998779296875,44.029998779296875,44.029998779296875,44.029998779296875,108,0.0,0.0
2024-08-22 13:53:00-04:00,44.029998779296875,44.029998779296875,44.029998779296875,44.029998779296875,842,0.0,0.0
2024-08-22 13:54:00-04:00,44.0099983215332,44.0099983215332,44.0099983215332,44.0099983215332,794,0.0,0.0
2024-08-22 13:55:00-04:00,44.0099983215332,44.0099983215332,44.0099983215332,44.0099983215332,397,0.0,0.0
2024-08-22 13:56:00-04:00,44.040000915527344,44.04999923706055,44.029998779296875,44.04999923706055,625,0.0,0.0
2024-08-22 13:57:00-04:00,44.02000045776367,44.02000045776367,44.02000045776367,44.02000045776367,344,0.0,0.0
2024-08-22 13:58:00-04:00,44.04999923706055,44.04999923706055,44.0,44.0,2115,0.0,0.0
2024-08-22 13:59:00-04:00,43.970001220703125,44.029998779296875,43.970001220703125,44.0099983215332,1951,0.0,0.0
2024-08-22 14:00:00-04:00,44.0,44.0,44.0,44.0,1294,0.0,0.0
2024-08-22 14:03:00-04:00,44.029998779296875,44.029998779296875,43.97999954223633,43.97999954223633,372,0.0,0.0
2024-08-22 14:04:00-04:00,44.005001068115234,44.005001068115234,43.97999954223633,43.97999954223633,313,0.0,0.0
2024-08-22 14:05:00-04:00,43.97999954223633,44.029998779296875,43.97999954223633,44.005001068115234,739,0.0,0.0
2024-08-22 14:06:00-04:00,44.0,44.0,43.97999954223633,43.9900016784668,904,0.0,0.0
2024-08-22 14:07:00-04:00,44.0099983215332,44.0099983215332,44.0099983215332,44.0099983215332,457,0.0,0.0
2024-08-22 14:08:00-04:00,44.0,44.029998779296875,43.9900016784668,44.0099983215332,2560,0.0,0.0
2024-08-22 14:09:00-04:00,44.029998779296875,44.029998779296875,44.0099983215332,44.029998779296875,1361,0.0,0.0
2024-08-22 14:10:00-04:00,44.0,44.0,44.0,44.0,252,0.0,0.0
2024-08-22 14:11:00-04:00,44.01499938964844,44.01499938964844,43.9900016784668,43.9900016784668,323,0.0,0.0
2024-08-22 14:12:00-04:00,43.9900016784668,43.9900016784668,43.88999938964844,43.88999938964844,3263,0.0,0.0
2024-08-22 14:13:00-04:00,43.88999938964844,43.88999938964844,43.86000061035156,43.86000061035156,660,0.0,0.0
2024-08-22 14:14:00-04:00,43.84000015258789,43.86000061035156,43.84000015258789,43.86000061035156,257,0.0,0.0
2024-08-22 14:15:00-04:00,43.86000061035156,43.970001220703125,43.86000061035156,43.95000076293945,4442,0.0,0.0
2024-08-22 14:17:00-04:00,43.974998474121094,43.974998474121094,43.939998626708984,43.939998626708984,1059,0.0,0.0
2024-08-22 14:19:00-04:00,43.959999084472656,43.959999084472656,43.959999084472656,43.959999084472656,262,0.0,0.0
2024-08-22 14:20:00-04:00,43.9900016784668,43.9900016784668,43.9900016784668,43.9900016784668,853,0.0,0.0
2024-08-22 14:21:00-04:00,44.0099983215332,44.0099983215332,43.959999084472656,43.959999084472656,598,0.0,0.0
2024-08-22 14:24:00-04:00,44.0,44.0,43.959999084472656,43.959999084472656,314,0.0,0.0
2024-08-22 14:25:00-04:00,43.959999084472656,43.974998474121094,43.95000076293945,43.95500183105469,1892,0.0,0.0
2024-08-22 14:26:00-04:00,43.91999816894531,43.95500183105469,43.91999816894531,43.95500183105469,308,0.0,0.0
2024-08-22 14:27:00-04:00,43.939998626708984,43.95000076293945,43.939998626708984,43.95000076293945,377,0.0,0.0
2024-08-22 14:28:00-04:00,43.97999954223633,43.97999954223633,43.91999816894531,43.95000076293945,1197,0.0,0.0
2024-08-22 14:29:00-04:00,43.9900016784668,44.0,43.97999954223633,43.9900016784668,1688,0.0,0.0
2024-08-22 14:30:00-04:00,43.970001220703125,43.970001220703125,43.970001220703125,43.970001220703125,1672,0.0,0.0
2024-08-22 14:31:00-04:00,43.96500015258789,43.96500015258789,43.96500015258789,43.96500015258789,113,0.0,0.0
2024-08-22 14:32:00-04:00,43.96500015258789,43.96500015258789,43.91999816894531,43.91999816894531,378,0.0,0.0
2024-08-22 14:33:00-04:00,43.93000030517578,43.93000030517578,43.90999984741211,43.90999984741211,621,0.0,0.0
2024-08-22 14:34:00-04:00,43.90999984741211,43.90999984741211,43.90999984741211,43.90999984741211,1237,0.0,0.0
2024-08-22 14:35:00-04:00,43.900001525878906,43.900001525878906,43.900001525878906,43.900001525878906,206,0.0,0.0
2024-08-22 14:36:00-04:00,43.880001068115234,43.880001068115234,43.880001068115234,43.880001068115234,508,0.0,0.0
2024-08-22 14:37:00-04:00,43.90999984741211,43.91999816894531,43.880001068115234,43.91999816894531,562,0.0,0.0
2024-08-22 14:38:00-04:00,43.89500045776367,43.9275016784668,43.880001068115234,43.9275016784668,809,0.0,0.0
2024-08-22 14:39:00-04:00,43.900001525878906,43.900001525878906,43.900001525878906,43.900001525878906,408,0.0,0.0
2024-08-22 14:40:00-04:00,43.900001525878906,43.900001525878906,43.900001525878906,43.900001525878906,100,0.0,0.0
2024-08-22 14:41:00-04:00,43.939998626708984,43.939998626708984,43.91999816894531,43.91999816894531,3499,0.0,0.0
2024-08-22 14:42:00-04:00,43.90999984741211,43.90999984741211,43.88999938964844,43.900001525878906,3560,0.0,0.0
2024-08-22 14:43:00-04:00,43.8849983215332,43.8849983215332,43.8849983215332,43.8849983215332,299,0.0,0.0
2024-08-22 14:44:00-04:00,43.869998931884766,43.904998779296875,43.84000015258789,43.904998779296875,4645,0.0,0.0
2024-08-22 14:45:00-04:00,43.91999816894531,43.970001220703125,43.900001525878906,43.92250061035156,3344,0.0,0.0
2024-08-22 14:48:00-04:00,43.95000076293945,43.970001220703125,43.95000076293945,43.970001220703125,1204,0.0,0.0
2024-08-22 14:49:00-04:00,43.95000076293945,43.95500183105469,43.92499923706055,43.92499923706055,2774,0.0,0.0
2024-08-22 14:50:00-04:00,43.94499969482422,43.94499969482422,43.91999816894531,43.91999816894531,1516,0.0,0.0
2024-08-22 14:53:00-04:00,43.91999816894531,43.92499923706055,43.91999816894531,43.92499923706055,469,0.0,0.0
2024-08-22 14:54:00-04:00,43.900001525878906,43.900001525878906,43.849998474121094,43.849998474121094,2819,0.0,0.0
2024-08-22 14:55:00-04:00,43.880001068115234,44.0,43.86000061035156,43.95000076293945,6069,0.0,0.0
2024-08-22 14:57:00-04:00,43.96500015258789,43.96500015258789,43.96500015258789,43.96500015258789,151,0.0,0.0
2024-08-22 14:58:00-04:00,43.96500015258789,43.96500015258789,43.96500015258789,43.96500015258789,211,0.0,0.0
2024-08-22 14:59:00-04:00,43.95000076293945,43.95000076293945,43.939998626708984,43.939998626708984,2251,0.0,0.0
2024-08-22 15:00:00-04:00,43.91999816894531,43.91999816894531,43.91999816894531,43.91999816894531,457,0.0,0.0
2024-08-22 15:01:00-04:00,43.959999084472656,43.959999084472656,43.91999816894531,43.91999816894531,3114,0.0,0.0
2024-08-22 15:02:00-04:00,43.959999084472656,43.9900016784668,43.959999084472656,43.9900016784668,2149,0.0,0.0
2024-08-22 15:03:00-04:00,43.96500015258789,43.9900016784668,43.96500015258789,43.9900016784668,1160,0.0,0.0
2024-08-22 15:04:00-04:00,43.9900016784668,44.040000915527344,43.98500061035156,44.040000915527344,2404,0.0,0.0
2024-08-22 15:05:00-04:00,44.0,44.005001068115234,43.96500015258789,43.96500015258789,2150,0.0,0.0
2024-08-22 15:06:00-04:00,44.029998779296875,44.029998779296875,44.029998779296875,44.029998779296875,267,0.0,0.0
2024-08-22 15:08:00-04:00,44.02000045776367,44.02000045776367,43.95000076293945,43.95500183105469,4338,0.0,0.0
2024-08-22 15:09:00-04:00,43.959999084472656,43.959999084472656,43.959999084472656,43.959999084472656,524,0.0,0.0
2024-08-22 15:10:00-04:00,43.96500015258789,43.96500015258789,43.96500015258789,43.96500015258789,304,0.0,0.0
2024-08-22 15:11:00-04:00,43.95000076293945,43.9900016784668,43.939998626708984,43.939998626708984,610,0.0,0.0
2024-08-22 15:12:00-04:00,43.959999084472656,43.96500015258789,43.95000076293945,43.96500015258789,504,0.0,0.0
2024-08-22 15:13:00-04:00,43.939998626708984,43.9900016784668,43.939998626708984,43.96500015258789,660,0.0,0.0
2024-08-22 15:14:00-04:00,43.95000076293945,44.005001068115234,43.95000076293945,43.994998931884766,5048,0.0,0.0
2024-08-22 15:15:00-04:00,43.970001220703125,43.970001220703125,43.970001220703125,43.970001220703125,203,0.0,0.0
2024-08-22 15:16:00-04:00,43.95000076293945,44.0,43.95000076293945,44.0,672,0.0,0.0
2024-08-22 15:17:00-04:00,43.95000076293945,43.95000076293945,43.880001068115234,43.880001068115234,3658,0.0,0.0
2024-08-22 15:18:00-04:00,43.86000061035156,43.875,43.849998474121094,43.875,437,0.0,0.0
2024-08-22 15:19:00-04:00,43.849998474121094,43.869998931884766,43.81999969482422,43.83000183105469,2355,0.0,0.0
2024-08-22 15:20:00-04:00,43.83000183105469,43.83000183105469,43.77000045776367,43.77000045776367,1403,0.0,0.0
2024-08-22 15:21:00-04:00,43.75,43.75,43.709999084472656,43.709999084472656,612,0.0,0.0
2024-08-22 15:22:00-04:00,43.720001220703125,43.720001220703125,43.650001525878906,43.66999816894531,957,0.0,0.0
2024-08-22 15:23:00-04:00,43.689998626708984,43.689998626708984,43.619998931884766,43.65999984741211,2998,0.0,0.0
2024-08-22 15:24:00-04:00,43.619998931884766,43.630001068115234,43.599998474121094,43.630001068115234,438,0.0,0.0
2024-08-22 15:25:00-04:00,43.599998474121094,43.65999984741211,43.599998474121094,43.65999984741211,912,0.0,0.0
2024-08-22 15:26:00-04:00,43.619998931884766,43.619998931884766,43.560001373291016,43.560001373291016,3188,0.0,0.0
2024-08-22 15:27:00-04:00,43.540000915527344,43.599998474121094,43.529998779296875,43.540000915527344,1572,0.0,0.0
2024-08-22 15:28:00-04:00,43.540000915527344,43.540000915527344,43.540000915527344,43.540000915527344,608,0.0,0.0
2024-08-22 15:29:00-04:00,43.56999969482422,43.59000015258789,43.540000915527344,43.5724983215332,1993,0.0,0.0
2024-08-22 15:30:00-04:00,43.54999923706055,43.599998474121094,43.54999923706055,43.57500076293945,11986,0.0,0.0
2024-08-22 15:31:00-04:00,43.59000015258789,43.630001068115234,43.54999923706055,43.60749816894531,9224,0.0,0.0
2024-08-22 15:32:00-04:00,43.630001068115234,43.68000030517578,43.630001068115234,43.654998779296875,2489,0.0,0.0
2024-08-22 15:33:00-04:00,43.654998779296875,43.709999084472656,43.654998779296875,43.65999984741211,6120,0.0,0.0
2024-08-22 15:34:00-04:00,43.73249816894531,43.73249816894531,43.709999084472656,43.71500015258789,799,0.0,0.0
2024-08-22 15:35:00-04:00,43.70000076293945,43.71500015258789,43.66999816894531,43.70000076293945,9574,0.0,0.0
2024-08-22 15:36:00-04:00,43.724998474121094,43.724998474121094,43.68000030517578,43.68000030517578,728,0.0,0.0
2024-08-22 15:37:00-04:00,43.689998626708984,43.720001220703125,43.685001373291016,43.70500183105469,1971,0.0,0.0
2024-08-22 15:38:00-04:00,43.685001373291016,43.720001220703125,43.685001373291016,43.720001220703125,1568,0.0,0.0
2024-08-22 15:39:00-04:00,43.720001220703125,43.77000045776367,43.689998626708984,43.77000045776367,20469,0.0,0.0
2024-08-22 15:40:00-04:00,43.744998931884766,43.744998931884766,43.68000030517578,43.72999954223633,8171,0.0,0.0
2024-08-22 15:41:00-04:00,43.72999954223633,43.90999984741211,43.65999984741211,43.900001525878906,21089,0.0,0.0
2024-08-22 15:42:00-04:00,43.900001525878906,43.96500015258789,43.880001068115234,43.935001373291016,8620,0.0,0.0
2024-08-22 15:43:00-04:00,43.935001373291016,43.970001220703125,43.880001068115234,43.935001373291016,4335,0.0,0.0
2024-08-22 15:44:00-04:00,43.93000030517578,43.935001373291016,43.83000183105469,43.83000183105469,5955,0.0,0.0
2024-08-22 15:45:00-04:00,43.83000183105469,43.834999084472656,43.77000045776367,43.775001525878906,2626,0.0,0.0
2024-08-22 15:46:00-04:00,43.75,43.81999969482422,43.720001220703125,43.790000915527344,7008,0.0,0.0
2024-08-22 15:47:00-04:00,43.81999969482422,43.81999969482422,43.720001220703125,43.755001068115234,3613,0.0,0.0
2024-08-22 15:48:00-04:00,43.775001525878906,43.8650016784668,43.775001525878906,43.8650016784668,7833,0.0,0.0
2024-08-22 15:49:00-04:00,43.880001068115234,43.91999816894531,43.880001068115234,43.900001525878906,1972,0.0,0.0
2024-08-22 15:50:00-04:00,43.904998779296875,43.939998626708984,43.84000015258789,43.849998474121094,8995,0.0,0.0
2024-08-22 15:51:00-04:00,43.900001525878906,43.900001525878906,43.79999923706055,43.79999923706055,5236,0.0,0.0
2024-08-22 15:52:00-04:00,43.790000915527344,43.81999969482422,43.790000915527344,43.79999923706055,1710,0.0,0.0
2024-08-22 15:53:00-04:00,43.779998779296875,43.83000183105469,43.77000045776367,43.81999969482422,14274,0.0,0.0
2024-08-22 15:54:00-04:00,43.82500076293945,43.900001525878906,43.81999969482422,43.875,5245,0.0,0.0
2024-08-22 15:55:00-04:00,43.880001068115234,43.95000076293945,43.880001068115234,43.939998626708984,11548,0.0,0.0
2024-08-22 15:56:00-04:00,43.94990158081055,43.970001220703125,43.93000030517578,43.95000076293945,10232,0.0,0.0
2024-08-22 15:57:00-04:00,43.95000076293945,43.95000076293945,43.79999923706055,43.814998626708984,16260,0.0,0.0
2024-08-22 15:58:00-04:00,43.79999923706055,43.810001373291016,43.709999084472656,43.709999084472656,18743,0.0,0.0
2024-08-22 15:59:00-04:00,43.724998474121094,43.7400016784668,43.630001068115234,43.709999084472656,60403,0.0,0.0
2024-08-23 09:30:00-04:00,43.81999969482422,44.04499816894531,43.81999969482422,43.83000183105469,4841,0.0,0.0
2024-08-23 09:32:00-04:00,44.13999938964844,44.20000076293945,44.13999938964844,44.20000076293945,1265,0.0,0.0
2024-08-23 09:36:00-04:00,43.9833984375,43.9833984375,43.9833984375,43.9833984375,464,0.0,0.0
2024-08-23 09:37:00-04:00,43.939998626708984,43.939998626708984,43.939998626708984,43.939998626708984,304,0.0,0.0
2024-08-23 09:38:00-04:00,43.790000915527344,43.880001068115234,43.599998474121094,43.599998474121094,1712,0.0,0.0
2024-08-23 09:46:00-04:00,43.73400115966797,43.73400115966797,43.560001373291016,43.560001373291016,807,0.0,0.0
2024-08-23 09:47:00-04:00,43.560001373291016,43.71500015258789,43.560001373291016,43.71500015258789,460,0.0,0.0
2024-08-23 09:48:00-04:00,43.71500015258789,43.72999954223633,43.560001373291016,43.72999954223633,5466,0.0,0.0
2024-08-23 09:49:00-04:00,43.650001525878906,43.79999923706055,43.5,43.64500045776367,5540,0.0,0.0
2024-08-23 09:50:00-04:00,43.64500045776367,43.64500045776367,43.64500045776367,43.64500045776367,113,0.0,0.0
2024-08-23 09:51:00-04:00,43.560001373291016,43.560001373291016,43.560001373291016,43.560001373291016,230,0.0,0.0
2024-08-23 09:52:00-04:00,43.619998931884766,43.7599983215332,43.5,43.630001068115234,5081,0.0,0.0
2024-08-23 09:53:00-04:00,43.577999114990234,43.630001068115234,43.577999114990234,43.630001068115234,1010,0.0,0.0
2024-08-23 09:56:00-04:00,43.619998931884766,43.619998931884766,43.619998931884766,43.619998931884766,690,0.0,0.0
2024-08-23 09:58:00-04:00,43.70000076293945,43.70000076293945,43.70000076293945,43.70000076293945,476,0.0,0.0
2024-08-23 09:59:00-04:00,43.654998779296875,43.654998779296875,43.654998779296875,43.654998779296875,200,0.0,0.0
2024-08-23 10:00:00-04:00,43.595001220703125,43.7400016784668,43.59000015258789,43.724998474121094,3932,0.0,0.0
2024-08-23 10:01:00-04:00,43.650001525878906,44.0099983215332,43.650001525878906,43.90999984741211,7183,0.0,0.0
2024-08-23 10:02:00-04:00,44.0,44.04999923706055,43.88570022583008,43.88570022583008,2204,0.0,0.0
2024-08-23 10:03:00-04:00,44.04999923706055,44.16999816894531,44.04999923706055,44.16999816894531,3867,0.0,0.0
2024-08-23 10:04:00-04:00,44.119998931884766,44.119998931884766,44.119998931884766,44.119998931884766,611,0.0,0.0
2024-08-23 10:05:00-04:00,44.060001373291016,44.06999969482422,43.93000030517578,43.98500061035156,6692,0.0,0.0
2024-08-23 10:06:00-04:00,44.0,44.0,44.0,44.0,268,0.0,0.0
2024-08-23 10:07:00-04:00,44.0099983215332,44.0099983215332,44.0099983215332,44.0099983215332,437,0.0,0.0
2024-08-23 10:08:00-04:00,44.099998474121094,44.13999938964844,44.09000015258789,44.13999938964844,2006,0.0,0.0
2024-08-23 10:09:00-04:00,44.189998626708984,44.220001220703125,44.185001373291016,44.185001373291016,507,0.0,0.0
2024-08-23 10:10:00-04:00,44.099998474121094,44.20500183105469,44.099998474121094,44.19499969482422,890,0.0,0.0
2024-08-23 10:11:00-04:00,44.150001525878906,44.439998626708984,44.150001525878906,44.40999984741211,5722,0.0,0.0
2024-08-23 10:12:00-04:00,44.43000030517578,44.5,44.43000030517578,44.5,347,0.0,0.0
2024-08-23 10:13:00-04:00,44.41999816894531,44.439998626708984,44.41999816894531,44.41999816894531,942,0.0,0.0
2024-08-23 10:14:00-04:00,44.415000915527344,44.529998779296875,44.40999984741211,44.5099983215332,1170,0.0,0.0
2024-08-23 10:15:00-04:00,44.52000045776367,44.52000045776367,44.52000045776367,44.52000045776367,229,0.0,0.0
2024-08-23 10:16:00-04:00,44.540000915527344,44.540000915527344,44.310001373291016,44.36000061035156,3030,0.0,0.0
2024-08-23 10:17:00-04:00,44.310001373291016,44.310001373291016,44.209999084472656,44.220001220703125,1697,0.0,0.0
2024-08-23 10:18:00-04:00,44.224998474121094,44.224998474121094,44.224998474121094,44.224998474121094,206,0.0,0.0
2024-08-23 10:19:00-04:00,44.18000030517578,44.18000030517578,44.13999938964844,44.13999938964844,807,0.0,0.0
2024-08-23 10:21:00-04:00,44.29999923706055,44.41999816894531,44.29999923706055,44.380001068115234,1400,0.0,0.0
2024-08-23 10:22:00-04:00,44.439998626708984,44.65999984741211,44.3849983215332,44.65999984741211,7810,0.0,0.0
2024-08-23 10:23:00-04:00,44.60300064086914,44.67499923706055,44.60300064086914,44.67499923706055,761,0.0,0.0
2024-08-23 10:24:00-04:00,44.7400016784668,44.81999969482422,44.73500061035156,44.77000045776367,1333,0.0,0.0
2024-08-23 10:25:00-04:00,44.744998931884766,44.84000015258789,44.74250030517578,44.75,1566,0.0,0.0
2024-08-23 10:27:00-04:00,44.744998931884766,44.790000915527344,44.7400016784668,44.790000915527344,326,0.0,0.0
2024-08-23 10:28:00-04:00,44.79999923706055,44.810001373291016,44.7400016784668,44.775001525878906,8335,0.0,0.0
2024-08-23 10:29:00-04:00,44.775001525878906,44.775001525878906,44.68000030517578,44.720001220703125,2226,0.0,0.0
2024-08-23 10:30:00-04:00,44.7400016784668,44.7599983215332,44.650001525878906,44.70000076293945,749,0.0,0.0
2024-08-23 10:31:00-04:00,44.70000076293945,44.7599983215332,44.54999923706055,44.54999923706055,3434,0.0,0.0
2024-08-23 10:32:00-04:00,44.55500030517578,44.55500030517578,44.52000045776367,44.52000045776367,212,0.0,0.0
2024-08-23 10:33:00-04:00,44.52000045776367,44.52000045776367,44.43000030517578,44.439998626708984,686,0.0,0.0
2024-08-23 10:34:00-04:00,44.439998626708984,44.505001068115234,44.43000030517578,44.43000030517578,619,0.0,0.0
2024-08-23 10:35:00-04:00,44.43000030517578,44.43000030517578,44.43000030517578,44.43000030517578,100,0.0,0.0
2024-08-23 10:36:00-04:00,44.43000030517578,44.43000030517578,44.43000030517578,44.43000030517578,515,0.0,0.0
2024-08-23 10:37:00-04:00,44.43000030517578,44.560001373291016,44.43000030517578,44.560001373291016,741,0.0,0.0
2024-08-23 10:38:00-04:00,44.494998931884766,44.494998931884766,44.43000030517578,44.43000030517578,1213,0.0,0.0
2024-08-23 10:39:00-04:00,44.41999816894531,44.46500015258789,44.41999816894531,44.46500015258789,431,0.0,0.0
2024-08-23 10:40:00-04:00,44.41999816894531,44.41999816894531,44.41999816894531,44.41999816894531,101,0.0,0.0
2024-08-23 10:41:00-04:00,44.5099983215332,44.5099983215332,44.310001373291016,44.310001373291016,3898,0.0,0.0
2024-08-23 10:42:00-04:00,44.33000183105469,44.40999984741211,44.33000183105469,44.40999984741211,3391,0.0,0.0
2024-08-23 10:43:00-04:00,44.439998626708984,44.439998626708984,44.439998626708984,44.439998626708984,342,0.0,0.0
2024-08-23 10:44:00-04:00,44.459999084472656,44.459999084472656,44.459999084472656,44.459999084472656,173,0.0,0.0
2024-08-23 10:46:00-04:00,44.36000061035156,44.36000061035156,44.36000061035156,44.36000061035156,882,0.0,0.0
2024-08-23 10:47:00-04:00,44.310001373291016,44.310001373291016,44.279998779296875,44.30500030517578,1334,0.0,0.0
2024-08-23 10:48:00-04:00,44.11000061035156,44.11000061035156,44.09000015258789,44.09000015258789,463,0.0,0.0
2024-08-23 10:50:00-04:00,44.06999969482422,44.06999969482422,44.06999969482422,44.06999969482422,121,0.0,0.0
2024-08-23 10:51:00-04:00,44.0099983215332,44.0099983215332,43.97999954223633,43.97999954223633,1257,0.0,0.0
2024-08-23 10:52:00-04:00,44.03499984741211,44.06999969482422,44.03499984741211,44.06999969482422,580,0.0,0.0
2024-08-23 10:53:00-04:00,43.97999954223633,44.06999969482422,43.97999954223633,44.06999969482422,498,0.0,0.0
2024-08-23 10:54:00-04:00,44.08000183105469,44.099998474121094,44.064998626708984,44.064998626708984,1499,0.0,0.0
2024-08-23 10:55:00-04:00,44.189998626708984,44.189998626708984,44.189998626708984,44.189998626708984,1240,0.0,0.0
2024-08-23 10:56:00-04:00,44.27000045776367,44.279998779296875,44.27000045776367,44.279998779296875,342,0.0,0.0
2024-08-23 10:57:00-04:00,44.279998779296875,44.34000015258789,44.27000045776367,44.27000045776367,3829,0.0,0.0
2024-08-23 10:58:00-04:00,44.29999923706055,44.29999923706055,44.29999923706055,44.29999923706055,1364,0.0,0.0
2024-08-23 10:59:00-04:00,44.290000915527344,44.290000915527344,44.22999954223633,44.22999954223633,490,0.0,0.0
2024-08-23 11:00:00-04:00,44.34000015258789,44.34000015258789,44.27000045776367,44.27000045776367,252,0.0,0.0
2024-08-23 11:01:00-04:00,44.27000045776367,44.27000045776367,44.16999816894531,44.16999816894531,1959,0.0,0.0
2024-08-23 11:02:00-04:00,44.16999816894531,44.20000076293945,44.150001525878906,44.150001525878906,953,0.0,0.0
2024-08-23 11:03:00-04:00,44.150001525878906,44.25,44.13999938964844,44.25,870,0.0,0.0
2024-08-23 11:04:00-04:00,44.16999816894531,44.2599983215332,44.16999816894531,44.2599983215332,2377,0.0,0.0
2024-08-23 11:05:00-04:00,44.22999954223633,44.22999954223633,44.20000076293945,44.20000076293945,804,0.0,0.0
2024-08-23 11:07:00-04:00,44.290000915527344,44.290000915527344,44.279998779296875,44.279998779296875,399,0.0,0.0
2024-08-23 11:08:00-04:00,44.290000915527344,44.310001373291016,44.290000915527344,44.310001373291016,495,0.0,0.0
2024-08-23 11:09:00-04:00,44.30500030517578,44.31999969482422,44.27000045776367,44.27000045776367,2131,0.0,0.0
2024-08-23 11:10:00-04:00,44.2599983215332,44.2599983215332,44.099998474121094,44.099998474121094,3006,0.0,0.0
2024-08-23 11:11:00-04:00,44.06999969482422,44.06999969482422,44.040000915527344,44.040000915527344,416,0.0,0.0
2024-08-23 11:12:00-04:00,44.09000015258789,44.09000015258789,44.09000015258789,44.09000015258789,487,0.0,0.0
2024-08-23 11:13:00-04:00,44.04999923706055,44.04999923706055,44.04999923706055,44.04999923706055,100,0.0,0.0
2024-08-23 11:14:00-04:00,44.04999923706055,44.20000076293945,44.04999923706055,44.20000076293945,2985,0.0,0.0
2024-08-23 11:15:00-04:00,44.2400016784668,44.2599983215332,44.220001220703125,44.2400016784668,2065,0.0,0.0
2024-08-23 11:16:00-04:00,44.209999084472656,44.209999084472656,44.209999084472656,44.209999084472656,919,0.0,0.0
2024-08-23 11:17:00-04:00,44.189998626708984,44.20500183105469,44.18000030517578,44.20500183105469,551,0.0,0.0
2024-08-23 11:18:00-04:00,44.15999984741211,44.15999984741211,44.15999984741211,44.15999984741211,105,0.0,0.0
2024-08-23 11:19:00-04:00,44.15999984741211,44.15999984741211,44.15999984741211,44.15999984741211,331,0.0,0.0
2024-08-23 11:20:00-04:00,44.16999816894531,44.16999816894531,44.16999816894531,44.16999816894531,420,0.0,0.0
2024-08-23 11:21:00-04:00,44.16999816894531,44.18000030517578,44.119998931884766,44.18000030517578,1205,0.0,0.0
2024-08-23 11:22:00-04:00,44.150001525878906,44.150001525878906,44.119998931884766,44.119998931884766,658,0.0,0.0
2024-08-23 11:23:00-04:00,44.119998931884766,44.2599983215332,44.119998931884766,44.244998931884766,4866,0.0,0.0
2024-08-23 11:24:00-04:00,44.25,44.279998779296875,44.25,44.279998779296875,925,0.0,0.0
2024-08-23 11:25:00-04:00,44.290000915527344,44.310001373291016,44.279998779296875,44.310001373291016,2029,0.0,0.0
2024-08-23 11:26:00-04:00,44.310001373291016,44.31999969482422,44.310001373291016,44.31999969482422,314,0.0,0.0
2024-08-23 11:27:00-04:00,44.27000045776367,44.30500030517578,44.209999084472656,44.2400016784668,2979,0.0,0.0
2024-08-23 11:28:00-04:00,44.290000915527344,44.290000915527344,44.244998931884766,44.244998931884766,1124,0.0,0.0
2024-08-23 11:29:00-04:00,44.2400016784668,44.290000915527344,44.20000076293945,44.20000076293945,856,0.0,0.0
2024-08-23 11:30:00-04:00,44.290000915527344,44.290000915527344,44.209999084472656,44.209999084472656,1102,0.0,0.0
2024-08-23 11:31:00-04:00,44.209999084472656,44.2400016784668,44.209999084472656,44.2400016784668,425,0.0,0.0
2024-08-23 11:32:00-04:00,44.220001220703125,44.220001220703125,44.220001220703125,44.220001220703125,119,0.0,0.0
2024-08-23 11:33:00-04:00,44.209999084472656,44.209999084472656,44.06999969482422,44.20000076293945,8300,0.0,0.0
2024-08-23 11:34:00-04:00,44.130001068115234,44.20000076293945,44.11000061035156,44.11000061035156,1942,0.0,0.0
2024-08-23 11:35:00-04:00,44.11000061035156,44.11000061035156,44.04999923706055,44.06999969482422,1625,0.0,0.0
2024-08-23 11:36:00-04:00,44.04999923706055,44.04999923706055,44.029998779296875,44.040000915527344,522,0.0,0.0
2024-08-23 11:37:00-04:00,44.040000915527344,44.040000915527344,44.029998779296875,44.029998779296875,204,0.0,0.0
2024-08-23 11:38:00-04:00,44.029998779296875,44.07500076293945,44.02000045776367,44.040000915527344,514,0.0,0.0
2024-08-23 11:39:00-04:00,44.02000045776367,44.02000045776367,44.02000045776367,44.02000045776367,331,0.0,0.0
2024-08-23 11:40:00-04:00,44.02000045776367,44.07500076293945,44.02000045776367,44.07500076293945,393,0.0,0.0
2024-08-23 11:41:00-04:00,44.08000183105469,44.13999938964844,44.08000183105469,44.11000061035156,2556,0.0,0.0
2024-08-23 11:43:00-04:00,44.04999923706055,44.04999923706055,44.02000045776367,44.029998779296875,1606,0.0,0.0
2024-08-23 11:44:00-04:00,44.040000915527344,44.040000915527344,44.040000915527344,44.040000915527344,117,0.0,0.0
2024-08-23 11:45:00-04:00,43.95000076293945,43.95000076293945,43.86000061035156,43.86000061035156,1181,0.0,0.0
2024-08-23 11:51:00-04:00,43.959999084472656,43.959999084472656,43.959999084472656,43.959999084472656,1086,0.0,0.0
2024-08-23 11:53:00-04:00,44.040000915527344,44.040000915527344,44.0,44.0,300,0.0,0.0
2024-08-23 11:54:00-04:00,43.96500015258789,43.96500015258789,43.96500015258789,43.96500015258789,129,0.0,0.0
2024-08-23 11:55:00-04:00,43.91999816894531,43.935001373291016,43.91999816894531,43.91999816894531,553,0.0,0.0
2024-08-23 11:56:00-04:00,43.90999984741211,43.97999954223633,43.90999984741211,43.97999954223633,413,0.0,0.0
2024-08-23 11:57:00-04:00,43.959999084472656,43.9900016784668,43.959999084472656,43.9900016784668,353,0.0,0.0
2024-08-23 11:58:00-04:00,43.98500061035156,43.98500061035156,43.90999984741211,43.90999984741211,664,0.0,0.0
2024-08-23 11:59:00-04:00,43.900001525878906,43.939998626708984,43.880001068115234,43.90999984741211,1745,0.0,0.0
2024-08-23 12:00:00-04:00,43.90039825439453,43.91999816894531,43.7599983215332,43.7599983215332,3493,0.0,0.0
2024-08-23 12:01:00-04:00,43.775001525878906,43.81999969482422,43.720001220703125,43.81999969482422,3253,0.0,0.0
2024-08-23 12:02:00-04:00,43.709999084472656,43.709999084472656,43.709999084472656,43.709999084472656,549,0.0,0.0
2024-08-23 12:04:00-04:00,43.79999923706055,43.84000015258789,43.7400016784668,43.77000045776367,4257,0.0,0.0
2024-08-23 12:06:00-04:00,43.720001220703125,43.79999923706055,43.720001220703125,43.779998779296875,2650,0.0,0.0
2024-08-23 12:07:00-04:00,43.779998779296875,43.779998779296875,43.779998779296875,43.779998779296875,129,0.0,0.0
2024-08-23 12:08:00-04:00,43.779998779296875,43.88999938964844,43.779998779296875,43.849998474121094,3535,0.0,0.0
2024-08-23 12:12:00-04:00,43.88999938964844,43.88999938964844,43.85390090942383,43.85390090942383,1945,0.0,0.0
2024-08-23 12:13:00-04:00,43.86000061035156,43.86000061035156,43.82149887084961,43.86000061035156,528,0.0,0.0
2024-08-23 12:14:00-04:00,43.81999969482422,43.81999969482422,43.720001220703125,43.720001220703125,3114,0.0,0.0
2024-08-23 12:15:00-04:00,43.7599983215332,43.77000045776367,43.7599983215332,43.77000045776367,588,0.0,0.0
2024-08-23 12:16:00-04:00,43.77000045776367,43.77000045776367,43.77000045776367,43.77000045776367,219,0.0,0.0
2024-08-23 12:17:00-04:00,43.77000045776367,43.77000045776367,43.7599983215332,43.7599983215332,438,0.0,0.0
2024-08-23 12:18:00-04:00,43.709999084472656,43.709999084472656,43.709999084472656,43.709999084472656,100,0.0,0.0
2024-08-23 12:19:00-04:00,43.76499938964844,43.76499938964844,43.76499938964844,43.76499938964844,204,0.0,0.0
2024-08-23 12:20:00-04:00,43.72999954223633,43.72999954223633,43.72999954223633,43.72999954223633,770,0.0,0.0
2024-08-23 12:24:00-04:00,43.720001220703125,43.810001373291016,43.720001220703125,43.810001373291016,535,0.0,0.0
2024-08-23 12:25:00-04:00,43.720001220703125,43.720001220703125,43.720001220703125,43.720001220703125,322,0.0,0.0
2024-08-23 12:26:00-04:00,43.650001525878906,43.650001525878906,43.61000061035156,43.61000061035156,691,0.0,0.0
2024-08-23 12:27:00-04:00,43.65999984741211,43.65999984741211,43.61000061035156,43.6150016784668,1164,0.0,0.0
2024-08-23 12:28:00-04:00,43.65999984741211,43.65999984741211,43.65999984741211,43.65999984741211,206,0.0,0.0
2024-08-23 12:29:00-04:00,43.61000061035156,43.61000061035156,43.61000061035156,43.61000061035156,262,0.0,0.0
2024-08-23 12:30:00-04:00,43.6150016784668,43.72999954223633,43.6150016784668,43.72999954223633,2886,0.0,0.0
2024-08-23 12:31:00-04:00,43.7599983215332,43.779998779296875,43.7599983215332,43.7599983215332,1418,0.0,0.0
2024-08-23 12:32:00-04:00,43.70000076293945,43.724998474121094,43.70000076293945,43.724998474121094,984,0.0,0.0
2024-08-23 12:35:00-04:00,43.7400016784668,43.779998779296875,43.7400016784668,43.779998779296875,371,0.0,0.0
2024-08-23 12:37:00-04:00,43.779998779296875,43.81999969482422,43.779998779296875,43.81999969482422,2191,0.0,0.0
2024-08-23 12:38:00-04:00,43.790000915527344,43.790000915527344,43.7599983215332,43.790000915527344,1438,0.0,0.0
2024-08-23 12:41:00-04:00,43.81999969482422,43.81999969482422,43.81999969482422,43.81999969482422,101,0.0,0.0
2024-08-23 12:42:00-04:00,43.775001525878906,43.775001525878906,43.720001220703125,43.720001220703125,1931,0.0,0.0
2024-08-23 12:43:00-04:00,43.75,43.75,43.75,43.75,477,0.0,0.0
2024-08-23 12:44:00-04:00,43.790000915527344,43.790000915527344,43.790000915527344,43.790000915527344,587,0.0,0.0
2024-08-23 12:45:00-04:00,43.790000915527344,43.79999923706055,43.790000915527344,43.79999923706055,673,0.0,0.0
2024-08-23 12:46:00-04:00,43.790000915527344,43.79999923706055,43.790000915527344,43.79999923706055,342,0.0,0.0
2024-08-23 12:47:00-04:00,43.79999923706055,43.849998474121094,43.79999923706055,43.84000015258789,1506,0.0,0.0
2024-08-23 12:48:00-04:00,43.83000183105469,43.83000183105469,43.82500076293945,43.82500076293945,669,0.0,0.0
2024-08-23 12:49:00-04:00,43.86000061035156,43.86000061035156,43.86000061035156,43.86000061035156,491,0.0,0.0
2024-08-23 12:50:00-04:00,43.86000061035156,43.86000061035156,43.86000061035156,43.86000061035156,560,0.0,0.0
2024-08-23 12:52:00-04:00,43.83000183105469,43.86000061035156,43.81999969482422,43.86000061035156,1920,0.0,0.0
2024-08-23 12:54:00-04:00,43.86000061035156,43.869998931884766,43.84000015258789,43.84000015258789,1230,0.0,0.0
2024-08-23 12:55:00-04:00,43.849998474121094,43.849998474121094,43.83000183105469,43.849998474121094,1633,0.0,0.0
2024-08-23 13:00:00-04:00,43.83000183105469,43.83000183105469,43.81999969482422,43.83000183105469,941,0.0,0.0
2024-08-23 13:01:00-04:00,43.82500076293945,43.82500076293945,43.82500076293945,43.82500076293945,709,0.0,0.0
2024-08-23 13:02:00-04:00,43.849998474121094,43.86000061035156,43.849998474121094,43.86000061035156,1335,0.0,0.0
2024-08-23 13:03:00-04:00,43.849998474121094,44.0,43.849998474121094,43.9900016784668,8457,0.0,0.0
2024-08-23 13:04:00-04:00,43.96500015258789,44.0,43.95000076293945,44.0,2070,0.0,0.0
2024-08-23 13:05:00-04:00,44.0,44.08000183105469,43.97999954223633,44.01499938964844,6953,0.0,0.0
2024-08-23 13:06:00-04:00,44.0,44.0,44.0,44.0,542,0.0,0.0
2024-08-23 13:08:00-04:00,44.04999923706055,44.04999923706055,44.04999923706055,44.04999923706055,100,0.0,0.0
2024-08-23 13:09:00-04:00,44.029998779296875,44.04999923706055,44.02000045776367,44.04999923706055,1074,0.0,0.0
2024-08-23 13:11:00-04:00,44.0,44.0099983215332,43.970001220703125,44.0,3243,0.0,0.0
2024-08-23 13:12:00-04:00,44.040000915527344,44.040000915527344,44.0099983215332,44.0099983215332,441,0.0,0.0
2024-08-23 13:13:00-04:00,44.005001068115234,44.040000915527344,44.005001068115234,44.040000915527344,650,0.0,0.0
2024-08-23 13:14:00-04:00,44.040000915527344,44.04999923706055,44.040000915527344,44.04999923706055,992,0.0,0.0
2024-08-23 13:15:00-04:00,44.040000915527344,44.06999969482422,44.040000915527344,44.05500030517578,779,0.0,0.0
2024-08-23 13:17:00-04:00,44.08000183105469,44.08000183105469,44.04999923706055,44.07500076293945,1512,0.0,0.0
2024-08-23 13:18:00-04:00,44.07500076293945,44.099998474121094,44.07500076293945,44.099998474121094,221,0.0,0.0
2024-08-23 13:19:00-04:00,44.06999969482422,44.06999969482422,44.04999923706055,44.04999923706055,517,0.0,0.0
2024-08-23 13:20:00-04:00,44.04999923706055,44.07500076293945,44.04999923706055,44.07500076293945,2218,0.0,0.0
2024-08-23 13:21:00-04:00,44.04999923706055,44.04999923706055,44.0,44.0,1917,0.0,0.0
2024-08-23 13:22:00-04:00,43.994998931884766,43.994998931884766,43.994998931884766,43.994998931884766,339,0.0,0.0
2024-08-23 13:24:00-04:00,44.041500091552734,44.041500091552734,44.041500091552734,44.041500091552734,488,0.0,0.0
2024-08-23 13:25:00-04:00,44.0,44.0,44.0,44.0,276,0.0,0.0
2024-08-23 13:27:00-04:00,44.025001525878906,44.060001373291016,44.025001525878906,44.025001525878906,2124,0.0,0.0
2024-08-23 13:28:00-04:00,44.07500076293945,44.07500076293945,44.07500076293945,44.07500076293945,697,0.0,0.0
2024-08-23 13:29:00-04:00,44.084999084472656,44.084999084472656,44.084999084472656,44.084999084472656,617,0.0,0.0
2024-08-23 13:30:00-04:00,44.099998474121094,44.10499954223633,44.099998474121094,44.10499954223633,203,0.0,0.0
2024-08-23 13:31:00-04:00,44.11000061035156,44.11000061035156,44.084999084472656,44.11000061035156,645,0.0,0.0
2024-08-23 13:32:00-04:00,44.11000061035156,44.11000061035156,44.05500030517578,44.05500030517578,3479,0.0,0.0
2024-08-23 13:34:00-04:00,44.029998779296875,44.04999923706055,44.02000045776367,44.02000045776367,1059,0.0,0.0
2024-08-23 13:35:00-04:00,44.040000915527344,44.04999923706055,44.01499938964844,44.01499938964844,502,0.0,0.0
2024-08-23 13:37:00-04:00,44.025001525878906,44.04999923706055,44.025001525878906,44.04999923706055,382,0.0,0.0
2024-08-23 13:38:00-04:00,44.029998779296875,44.029998779296875,44.029998779296875,44.029998779296875,367,0.0,0.0
2024-08-23 13:39:00-04:00,44.02000045776367,44.04999923706055,44.02000045776367,44.03499984741211,656,0.0,0.0
2024-08-23 13:40:00-04:00,44.04999923706055,44.13999938964844,44.04999923706055,44.13999938964844,6002,0.0,0.0
2024-08-23 13:41:00-04:00,44.13999938964844,44.15999984741211,44.13999938964844,44.15999984741211,1781,0.0,0.0
2024-08-23 13:42:00-04:00,44.18000030517578,44.18000030517578,44.18000030517578,44.18000030517578,229,0.0,0.0
2024-08-23 13:43:00-04:00,44.18000030517578,44.22999954223633,44.18000030517578,44.22999954223633,1629,0.0,0.0
2024-08-23 13:44:00-04:00,44.25,44.34000015258789,44.2400016784668,44.33000183105469,2138,0.0,0.0
2024-08-23 13:45:00-04:00,44.34000015258789,44.349998474121094,44.290000915527344,44.290000915527344,736,0.0,0.0
2024-08-23 13:46:00-04:00,44.29999923706055,44.29999923706055,44.25,44.2599983215332,4824,0.0,0.0
2024-08-23 13:49:00-04:00,44.27000045776367,44.27000045776367,44.27000045776367,44.27000045776367,447,0.0,0.0
2024-08-23 13:51:00-04:00,44.279998779296875,44.279998779296875,44.2599983215332,44.279998779296875,1338,0.0,0.0
2024-08-23 13:52:00-04:00,44.27750015258789,44.27750015258789,44.27750015258789,44.27750015258789,410,0.0,0.0
2024-08-23 13:53:00-04:00,44.29999923706055,44.29999923706055,44.29999923706055,44.29999923706055,711,0.0,0.0
2024-08-23 13:54:00-04:00,44.33000183105469,44.33000183105469,44.33000183105469,44.33000183105469,1028,0.0,0.0
2024-08-23 13:57:00-04:00,44.31999969482422,44.33000183105469,44.310001373291016,44.33000183105469,712,0.0,0.0
2024-08-23 13:58:00-04:00,44.310001373291016,44.310001373291016,44.310001373291016,44.310001373291016,318,0.0,0.0
2024-08-23 13:59:00-04:00,44.33000183105469,44.380001068115234,44.33000183105469,44.380001068115234,2837,0.0,0.0
2024-08-23 14:00:00-04:00,44.380001068115234,44.380001068115234,44.349998474121094,44.3650016784668,1447,0.0,0.0
2024-08-23 14:02:00-04:00,44.380001068115234,44.380001068115234,44.369998931884766,44.380001068115234,444,0.0,0.0
2024-08-23 14:03:00-04:00,44.34000015258789,44.349998474121094,44.314998626708984,44.349998474121094,5358,0.0,0.0
2024-08-23 14:04:00-04:00,44.36000061035156,44.36000061035156,44.36000061035156,44.36000061035156,290,0.0,0.0
2024-08-23 14:05:00-04:00,44.369998931884766,44.5,44.369998931884766,44.470001220703125,6519,0.0,0.0
2024-08-23 14:06:00-04:00,44.5,44.5,44.5,44.5,1420,0.0,0.0
2024-08-23 14:07:00-04:00,44.46500015258789,44.46500015258789,44.46500015258789,44.46500015258789,953,0.0,0.0
2024-08-23 14:08:00-04:00,44.5,44.5,44.38999938964844,44.41749954223633,4829,0.0,0.0
2024-08-23 14:10:00-04:00,44.45000076293945,44.459999084472656,44.45000076293945,44.459999084472656,1212,0.0,0.0
2024-08-23 14:11:00-04:00,44.470001220703125,44.47999954223633,44.470001220703125,44.47999954223633,839,0.0,0.0
2024-08-23 14:12:00-04:00,44.47999954223633,44.5,44.47999954223633,44.5,753,0.0,0.0
2024-08-23 14:13:00-04:00,44.5,44.540000915527344,44.4900016784668,44.4900016784668,6272,0.0,0.0
2024-08-23 14:14:00-04:00,44.459999084472656,44.494998931884766,44.459999084472656,44.494998931884766,1333,0.0,0.0
2024-08-23 14:15:00-04:00,44.505001068115234,44.505001068115234,44.5,44.5,687,0.0,0.0
2024-08-23 14:16:00-04:00,44.47999954223633,44.47999954223633,44.41999816894531,44.41999816894531,3919,0.0,0.0
2024-08-23 14:17:00-04:00,44.45000076293945,44.45000076293945,44.41999816894531,44.432498931884766,1327,0.0,0.0
2024-08-23 14:18:00-04:00,44.439998626708984,44.470001220703125,44.439998626708984,44.470001220703125,840,0.0,0.0
2024-08-23 14:19:00-04:00,44.45249938964844,44.47999954223633,44.44499969482422,44.47999954223633,901,0.0,0.0
2024-08-23 14:20:00-04:00,44.47999954223633,44.47999954223633,44.45000076293945,44.47999954223633,1074,0.0,0.0
2024-08-23 14:21:00-04:00,44.474998474121094,44.5,44.474998474121094,44.5,920,0.0,0.0
2024-08-23 14:22:00-04:00,44.5099983215332,44.5099983215332,44.459999084472656,44.459999084472656,1824,0.0,0.0
2024-08-23 14:23:00-04:00,44.47999954223633,44.5,44.47999954223633,44.5,502,0.0,0.0
2024-08-23 14:24:00-04:00,44.5099983215332,44.540000915527344,44.5099983215332,44.540000915527344,2313,0.0,0.0
2024-08-23 14:25:00-04:00,44.54999923706055,44.560001373291016,44.52000045776367,44.54499816894531,1253,0.0,0.0
2024-08-23 14:26:00-04:00,44.54499816894531,44.54499816894531,44.5,44.525001525878906,2201,0.0,0.0
2024-08-23 14:27:00-04:00,44.5,44.525001525878906,44.4900016784668,44.4900016784668,1928,0.0,0.0
2024-08-23 14:28:00-04:00,44.5099983215332,44.5099983215332,44.5099983215332,44.5099983215332,500,0.0,0.0
2024-08-23 14:29:00-04:00,44.5099983215332,44.51499938964844,44.5099983215332,44.51499938964844,1159,0.0,0.0
2024-08-23 14:30:00-04:00,44.51499938964844,44.51499938964844,44.51499938964844,44.51499938964844,624,0.0,0.0
2024-08-23 14:31:00-04:00,44.47999954223633,44.47999954223633,44.439998626708984,44.439998626708984,1832,0.0,0.0
2024-08-23 14:32:00-04:00,44.44499969482422,44.45000076293945,44.435001373291016,44.435001373291016,464,0.0,0.0
2024-08-23 14:33:00-04:00,44.45000076293945,44.470001220703125,44.43000030517578,44.439998626708984,1739,0.0,0.0
2024-08-23 14:34:00-04:00,44.439998626708984,44.439998626708984,44.36000061035156,44.369998931884766,2076,0.0,0.0
2024-08-23 14:35:00-04:00,44.369998931884766,44.375,44.33000183105469,44.34000015258789,1857,0.0,0.0
2024-08-23 14:36:00-04:00,44.349998474121094,44.380001068115234,44.349998474121094,44.380001068115234,3304,0.0,0.0
2024-08-23 14:37:00-04:00,44.36009979248047,44.40999984741211,44.36009979248047,44.39659881591797,3703,0.0,0.0
2024-08-23 14:38:00-04:00,44.40999984741211,44.459999084472656,44.40999984741211,44.459999084472656,2068,0.0,0.0
2024-08-23 14:39:00-04:00,44.459999084472656,44.459999084472656,44.459999084472656,44.459999084472656,648,0.0,0.0
2024-08-23 14:40:00-04:00,44.4900016784668,44.4900016784668,44.45500183105469,44.4900016784668,1190,0.0,0.0
2024-08-23 14:41:00-04:00,44.4900016784668,44.5,44.459999084472656,44.5,875,0.0,0.0
2024-08-23 14:42:00-04:00,44.5,44.5099983215332,44.5,44.5099983215332,1282,0.0,0.0
2024-08-23 14:43:00-04:00,44.52000045776367,44.54999923706055,44.502201080322266,44.502201080322266,925,0.0,0.0
2024-08-23 14:44:00-04:00,44.54999923706055,44.54999923706055,44.47999954223633,44.4900016784668,2613,0.0,0.0
2024-08-23 14:45:00-04:00,44.47129821777344,44.494998931884766,44.47129821777344,44.494998931884766,1911,0.0,0.0
2024-08-23 14:46:00-04:00,44.470001220703125,44.470001220703125,44.369998931884766,44.369998931884766,2817,0.0,0.0
2024-08-23 14:47:00-04:00,44.369998931884766,44.369998931884766,44.369998931884766,44.369998931884766,200,0.0,0.0
2024-08-23 14:48:00-04:00,44.407501220703125,44.407501220703125,44.407501220703125,44.407501220703125,1537,0.0,0.0
2024-08-23 14:49:00-04:00,44.439998626708984,44.439998626708984,44.439998626708984,44.439998626708984,1447,0.0,0.0
2024-08-23 14:50:00-04:00,44.47999954223633,44.4900016784668,44.47999954223633,44.4900016784668,629,0.0,0.0
2024-08-23 14:51:00-04:00,44.4900016784668,44.4900016784668,44.4900016784668,44.4900016784668,444,0.0,0.0
2024-08-23 14:52:00-04:00,44.4900016784668,44.4900016784668,44.459999084472656,44.4900016784668,1093,0.0,0.0
2024-08-23 14:53:00-04:00,44.4900016784668,44.4900016784668,44.47999954223633,44.4900016784668,896,0.0,0.0
2024-08-23 14:54:00-04:00,44.459999084472656,44.4900016784668,44.43000030517578,44.46500015258789,2197,0.0,0.0
2024-08-23 14:55:00-04:00,44.47999954223633,44.4900016784668,44.47999954223633,44.4900016784668,729,0.0,0.0
2024-08-23 14:56:00-04:00,44.4900016784668,44.4900016784668,44.46500015258789,44.489898681640625,1402,0.0,0.0
2024-08-23 14:57:00-04:00,44.470001220703125,44.4900016784668,44.459999084472656,44.4900016784668,1830,0.0,0.0
2024-08-23 14:58:00-04:00,44.459999084472656,44.4900016784668,44.45000076293945,44.4900016784668,1959,0.0,0.0
2024-08-23 14:59:00-04:00,44.4900016784668,44.584999084472656,44.4900016784668,44.584999084472656,2965,0.0,0.0
2024-08-23 15:00:00-04:00,44.619998931884766,44.630001068115234,44.59000015258789,44.630001068115234,1617,0.0,0.0
2024-08-23 15:01:00-04:00,44.59000015258789,44.65999984741211,44.59000015258789,44.650001525878906,2010,0.0,0.0
2024-08-23 15:02:00-04:00,44.65999984741211,44.66999816894531,44.630001068115234,44.65999984741211,3745,0.0,0.0
2024-08-23 15:03:00-04:00,44.68000030517578,44.720001220703125,44.68000030517578,44.720001220703125,2814,0.0,0.0
2024-08-23 15:04:00-04:00,44.720001220703125,44.724998474121094,44.70000076293945,44.70000076293945,3635,0.0,0.0
2024-08-23 15:05:00-04:00,44.7400016784668,44.76499938964844,44.72999954223633,44.755001068115234,3936,0.0,0.0
2024-08-23 15:06:00-04:00,44.77000045776367,44.77000045776367,44.72999954223633,44.72999954223633,1271,0.0,0.0
2024-08-23 15:07:00-04:00,44.7599983215332,44.7599983215332,44.7599983215332,44.7599983215332,672,0.0,0.0
2024-08-23 15:08:00-04:00,44.7599983215332,44.77000045776367,44.7599983215332,44.77000045776367,871,0.0,0.0
2024-08-23 15:09:00-04:00,44.77000045776367,44.77000045776367,44.63999938964844,44.63999938964844,6848,0.0,0.0
2024-08-23 15:10:00-04:00,44.689998626708984,44.7400016784668,44.685001373291016,44.71500015258789,3618,0.0,0.0
2024-08-23 15:11:00-04:00,44.720001220703125,44.7599983215332,44.720001220703125,44.7599983215332,1747,0.0,0.0
2024-08-23 15:12:00-04:00,44.7599983215332,44.7599983215332,44.7400016784668,44.7599983215332,1086,0.0,0.0
2024-08-23 15:13:00-04:00,44.7599983215332,44.81999969482422,44.7599983215332,44.810001373291016,1590,0.0,0.0
2024-08-23 15:14:00-04:00,44.83000183105469,44.849998474121094,44.814998626708984,44.814998626708984,1634,0.0,0.0
2024-08-23 15:15:00-04:00,44.814998626708984,44.814998626708984,44.720001220703125,44.720001220703125,5886,0.0,0.0
2024-08-23 15:16:00-04:00,44.75,44.75,44.7400016784668,44.7400016784668,1232,0.0,0.0
2024-08-23 15:17:00-04:00,44.7400016784668,44.7400016784668,44.654998779296875,44.654998779296875,3398,0.0,0.0
2024-08-23 15:18:00-04:00,44.650001525878906,44.650001525878906,44.630001068115234,44.630001068115234,476,0.0,0.0
2024-08-23 15:19:00-04:00,44.650001525878906,44.689998626708984,44.650001525878906,44.654998779296875,1189,0.0,0.0
2024-08-23 15:20:00-04:00,44.654998779296875,44.689998626708984,44.61000061035156,44.61000061035156,3918,0.0,0.0
2024-08-23 15:21:00-04:00,44.625,44.66999816894531,44.619998931884766,44.66999816894531,2443,0.0,0.0
2024-08-23 15:22:00-04:00,44.64500045776367,44.68000030517578,44.64500045776367,44.66999816894531,1574,0.0,0.0
2024-08-23 15:23:00-04:00,44.68000030517578,44.68000030517578,44.65999984741211,44.65999984741211,2539,0.0,0.0
2024-08-23 15:24:00-04:00,44.650001525878906,44.66999816894531,44.56999969482422,44.595001220703125,5842,0.0,0.0
2024-08-23 15:26:00-04:00,44.599998474121094,44.599998474121094,44.599998474121094,44.599998474121094,2028,0.0,0.0
2024-08-23 15:27:00-04:00,44.599998474121094,44.599998474121094,44.599998474121094,44.599998474121094,1186,0.0,0.0
2024-08-23 15:28:00-04:00,44.599998474121094,44.599998474121094,44.59000015258789,44.599998474121094,1122,0.0,0.0
2024-08-23 15:29:00-04:00,44.599998474121094,44.599998474121094,44.58000183105469,44.599998474121094,1679,0.0,0.0
2024-08-23 15:30:00-04:00,44.560001373291016,44.58000183105469,44.46500015258789,44.46500015258789,3282,0.0,0.0
2024-08-23 15:31:00-04:00,44.400001525878906,44.435001373291016,44.38999938964844,44.38999938964844,1539,0.0,0.0
2024-08-23 15:32:00-04:00,44.43000030517578,44.43000030517578,44.38999938964844,44.41999816894531,1965,0.0,0.0
2024-08-23 15:33:00-04:00,44.41999816894531,44.5,44.369998931884766,44.470001220703125,10597,0.0,0.0
2024-08-23 15:34:00-04:00,44.470001220703125,44.5,44.45000076293945,44.5,4002,0.0,0.0
2024-08-23 15:35:00-04:00,44.47999954223633,44.48249816894531,44.474998474121094,44.474998474121094,1151,0.0,0.0
2024-08-23 15:36:00-04:00,44.474998474121094,44.47999954223633,44.45000076293945,44.45000076293945,4402,0.0,0.0
2024-08-23 15:37:00-04:00,44.470001220703125,44.470001220703125,44.46500015258789,44.46500015258789,1153,0.0,0.0
2024-08-23 15:38:00-04:00,44.46500015258789,44.46500015258789,44.38999938964844,44.38999938964844,9266,0.0,0.0
2024-08-23 15:39:00-04:00,44.349998474121094,44.38999938964844,44.33000183105469,44.345001220703125,3190,0.0,0.0
2024-08-23 15:40:00-04:00,44.380001068115234,44.41999816894531,44.33000183105469,44.41999816894531,6164,0.0,0.0
2024-08-23 15:41:00-04:00,44.43000030517578,44.43000030517578,44.39500045776367,44.400001525878906,5279,0.0,0.0
2024-08-23 15:42:00-04:00,44.43000030517578,44.43000030517578,44.400001525878906,44.404998779296875,3013,0.0,0.0
2024-08-23 15:43:00-04:00,44.404998779296875,44.404998779296875,44.334999084472656,44.35499954223633,5167,0.0,0.0
2024-08-23 15:44:00-04:00,44.35499954223633,44.36000061035156,44.29999923706055,44.33000183105469,7024,0.0,0.0
2024-08-23 15:45:00-04:00,44.33000183105469,44.34000015258789,44.29999923706055,44.33000183105469,7195,0.0,0.0
2024-08-23 15:46:00-04:00,44.31999969482422,44.34000015258789,44.31999969482422,44.32500076293945,3313,0.0,0.0
2024-08-23 15:47:00-04:00,44.32500076293945,44.34000015258789,44.32500076293945,44.334999084472656,7242,0.0,0.0
2024-08-23 15:48:00-04:00,44.334999084472656,44.349998474121094,44.33000183105469,44.349998474121094,3605,0.0,0.0
2024-08-23 15:49:00-04:00,44.34000015258789,44.435001373291016,44.34000015258789,44.435001373291016,9105,0.0,0.0
2024-08-23 15:50:00-04:00,44.45500183105469,44.45500183105469,44.40999984741211,44.40999984741211,6118,0.0,0.0
2024-08-23 15:51:00-04:00,44.404998779296875,44.415000915527344,44.38999938964844,44.38999938964844,4229,0.0,0.0
2024-08-23 15:52:00-04:00,44.38999938964844,44.40999984741211,44.38999938964844,44.40999984741211,4222,0.0,0.0
2024-08-23 15:53:00-04:00,44.404998779296875,44.43000030517578,44.400001525878906,44.43000030517578,7696,0.0,0.0
2024-08-23 15:54:00-04:00,44.439998626708984,44.45000076293945,44.400001525878906,44.43000030517578,11745,0.0,0.0
2024-08-23 15:55:00-04:00,44.435001373291016,44.560001373291016,44.435001373291016,44.505001068115234,9398,0.0,0.0
2024-08-23 15:56:00-04:00,44.505001068115234,44.505001068115234,44.380001068115234,44.43000030517578,11965,0.0,0.0
2024-08-23 15:57:00-04:00,44.41999816894531,44.44499969482422,44.369998931884766,44.400001525878906,14668,0.0,0.0
2024-08-23 15:58:00-04:00,44.40999984741211,44.41999816894531,44.33000183105469,44.369998931884766,43569,0.0,0.0
2024-08-23 15:59:00-04:00,44.380001068115234,44.61000061035156,44.369998931884766,44.59000015258789,101554,0.0,0.0
