Datetime,Open,High,Low,Close,Volume,Dividends,Stock Splits
2024-08-19 09:30:00-04:00,9.140000343322754,9.170000076293945,9.130000114440918,9.130000114440918,208896,0.0,0.0
2024-08-19 09:31:00-04:00,9.130000114440918,9.149999618530273,9.130000114440918,9.149900436401367,34399,0.0,0.0
2024-08-19 09:32:00-04:00,9.149999618530273,9.180000305175781,9.149999618530273,9.170000076293945,26976,0.0,0.0
2024-08-19 09:33:00-04:00,9.164999961853027,9.175000190734863,9.149999618530273,9.149999618530273,3541,0.0,0.0
2024-08-19 09:34:00-04:00,9.15999984741211,9.1850004196167,9.154999732971191,9.175000190734863,15585,0.0,0.0
2024-08-19 09:35:00-04:00,9.170100212097168,9.180000305175781,9.15999984741211,9.175000190734863,16932,0.0,0.0
2024-08-19 09:36:00-04:00,9.170100212097168,9.175000190734863,9.149999618530273,9.155400276184082,33132,0.0,0.0
2024-08-19 09:37:00-04:00,9.149999618530273,9.1673002243042,9.145999908447266,9.154999732971191,17160,0.0,0.0
2024-08-19 09:38:00-04:00,9.15999984741211,9.1850004196167,9.151599884033203,9.175000190734863,11502,0.0,0.0
2024-08-19 09:39:00-04:00,9.170000076293945,9.175000190734863,9.130000114440918,9.130000114440918,33683,0.0,0.0
2024-08-19 09:40:00-04:00,9.140000343322754,9.145000457763672,9.125,9.125,21738,0.0,0.0
2024-08-19 09:41:00-04:00,9.12969970703125,9.139699935913086,9.125,9.135000228881836,11925,0.0,0.0
2024-08-19 09:42:00-04:00,9.140000343322754,9.145000457763672,9.130000114440918,9.135000228881836,13208,0.0,0.0
2024-08-19 09:43:00-04:00,9.131999969482422,9.149999618530273,9.130000114440918,9.140000343322754,33757,0.0,0.0
2024-08-19 09:44:00-04:00,9.145000457763672,9.147500038146973,9.135000228881836,9.147500038146973,14432,0.0,0.0
2024-08-19 09:45:00-04:00,9.14009952545166,9.159899711608887,9.135000228881836,9.145000457763672,54721,0.0,0.0
2024-08-19 09:46:00-04:00,9.140000343322754,9.140000343322754,9.130000114440918,9.130000114440918,3910,0.0,0.0
2024-08-19 09:47:00-04:00,9.135899543762207,9.15999984741211,9.135899543762207,9.145000457763672,34561,0.0,0.0
2024-08-19 09:48:00-04:00,9.140000343322754,9.149999618530273,9.140000343322754,9.149999618530273,11276,0.0,0.0
2024-08-19 09:49:00-04:00,9.149999618530273,9.170000076293945,9.145000457763672,9.170000076293945,25864,0.0,0.0
2024-08-19 09:50:00-04:00,9.170000076293945,9.180000305175781,9.15999984741211,9.164999961853027,35373,0.0,0.0
2024-08-19 09:51:00-04:00,9.15999984741211,9.1899995803833,9.15999984741211,9.183300018310547,41654,0.0,0.0
2024-08-19 09:52:00-04:00,9.180000305175781,9.199999809265137,9.180000305175781,9.199999809265137,24505,0.0,0.0
2024-08-19 09:53:00-04:00,9.194999694824219,9.199999809265137,9.1899995803833,9.194999694824219,14506,0.0,0.0
2024-08-19 09:54:00-04:00,9.198200225830078,9.210000038146973,9.190099716186523,9.210000038146973,25187,0.0,0.0
2024-08-19 09:55:00-04:00,9.210000038146973,9.220000267028809,9.20199966430664,9.210000038146973,26075,0.0,0.0
2024-08-19 09:56:00-04:00,9.210000038146973,9.220000267028809,9.204999923706055,9.215100288391113,35641,0.0,0.0
2024-08-19 09:57:00-04:00,9.220000267028809,9.229999542236328,9.210000038146973,9.225000381469727,18319,0.0,0.0
2024-08-19 09:58:00-04:00,9.229999542236328,9.239999771118164,9.220000267028809,9.239999771118164,9467,0.0,0.0
2024-08-19 09:59:00-04:00,9.234999656677246,9.239999771118164,9.229999542236328,9.237199783325195,28901,0.0,0.0
2024-08-19 10:00:00-04:00,9.239999771118164,9.239999771118164,9.229999542236328,9.23009967803955,13140,0.0,0.0
2024-08-19 10:01:00-04:00,9.234999656677246,9.234999656677246,9.225000381469727,9.234999656677246,28120,0.0,0.0
2024-08-19 10:02:00-04:00,9.239999771118164,9.244999885559082,9.229999542236328,9.239999771118164,33241,0.0,0.0
2024-08-19 10:03:00-04:00,9.239999771118164,9.255000114440918,9.234999656677246,9.244999885559082,47179,0.0,0.0
2024-08-19 10:04:00-04:00,9.244999885559082,9.260000228881836,9.239999771118164,9.260000228881836,42224,0.0,0.0
2024-08-19 10:05:00-04:00,9.265000343322754,9.270000457763672,9.260000228881836,9.265000343322754,21196,0.0,0.0
2024-08-19 10:06:00-04:00,9.265000343322754,9.274999618530273,9.250100135803223,9.255000114440918,58359,0.0,0.0
2024-08-19 10:07:00-04:00,9.255000114440918,9.270000457763672,9.255000114440918,9.270000457763672,39432,0.0,0.0
2024-08-19 10:08:00-04:00,9.269800186157227,9.298700332641602,9.269800186157227,9.295000076293945,73601,0.0,0.0
2024-08-19 10:09:00-04:00,9.295000076293945,9.300000190734863,9.280799865722656,9.299699783325195,47843,0.0,0.0
2024-08-19 10:10:00-04:00,9.295000076293945,9.300000190734863,9.265000343322754,9.270000457763672,89733,0.0,0.0
2024-08-19 10:11:00-04:00,9.265000343322754,9.27970027923584,9.260000228881836,9.274999618530273,86995,0.0,0.0
2024-08-19 10:12:00-04:00,9.275099754333496,9.275099754333496,9.260000228881836,9.265000343322754,31896,0.0,0.0
2024-08-19 10:13:00-04:00,9.265000343322754,9.270000457763672,9.239999771118164,9.239999771118164,34055,0.0,0.0
2024-08-19 10:14:00-04:00,9.239999771118164,9.260000228881836,9.239999771118164,9.255000114440918,13064,0.0,0.0
2024-08-19 10:15:00-04:00,9.260000228881836,9.260000228881836,9.244999885559082,9.244999885559082,23396,0.0,0.0
2024-08-19 10:16:00-04:00,9.25,9.25,9.234999656677246,9.234999656677246,23077,0.0,0.0
2024-08-19 10:17:00-04:00,9.23009967803955,9.239999771118164,9.21500015258789,9.220000267028809,28186,0.0,0.0
2024-08-19 10:18:00-04:00,9.220000267028809,9.229999542236328,9.21500015258789,9.229999542236328,26489,0.0,0.0
2024-08-19 10:19:00-04:00,9.225000381469727,9.229999542236328,9.21500015258789,9.225000381469727,39749,0.0,0.0
2024-08-19 10:20:00-04:00,9.229999542236328,9.229999542236328,9.21500015258789,9.219900131225586,41759,0.0,0.0
2024-08-19 10:21:00-04:00,9.210000038146973,9.21500015258789,9.204999923706055,9.210000038146973,41212,0.0,0.0
2024-08-19 10:22:00-04:00,9.204999923706055,9.220000267028809,9.199999809265137,9.21500015258789,99357,0.0,0.0
2024-08-19 10:23:00-04:00,9.21500015258789,9.229900360107422,9.210100173950195,9.219200134277344,65735,0.0,0.0
2024-08-19 10:24:00-04:00,9.21500015258789,9.220000267028809,9.210000038146973,9.210000038146973,13003,0.0,0.0
2024-08-19 10:25:00-04:00,9.21500015258789,9.225000381469727,9.210000038146973,9.225000381469727,28356,0.0,0.0
2024-08-19 10:26:00-04:00,9.224900245666504,9.225000381469727,9.210000038146973,9.220000267028809,24732,0.0,0.0
2024-08-19 10:27:00-04:00,9.21500015258789,9.229999542236328,9.21500015258789,9.215399742126465,58610,0.0,0.0
2024-08-19 10:28:00-04:00,9.218999862670898,9.220000267028809,9.210000038146973,9.21500015258789,13638,0.0,0.0
2024-08-19 10:29:00-04:00,9.220000267028809,9.229999542236328,9.220000267028809,9.225000381469727,23698,0.0,0.0
2024-08-19 10:30:00-04:00,9.225000381469727,9.229999542236328,9.220000267028809,9.220000267028809,37982,0.0,0.0
2024-08-19 10:31:00-04:00,9.220100402832031,9.229999542236328,9.220100402832031,9.229900360107422,6334,0.0,0.0
2024-08-19 10:32:00-04:00,9.225000381469727,9.25,9.225000381469727,9.244999885559082,47466,0.0,0.0
2024-08-19 10:33:00-04:00,9.244999885559082,9.255000114440918,9.239999771118164,9.25,37277,0.0,0.0
2024-08-19 10:34:00-04:00,9.25,9.260000228881836,9.25,9.258000373840332,36910,0.0,0.0
2024-08-19 10:35:00-04:00,9.25,9.260000228881836,9.244999885559082,9.25,66156,0.0,0.0
2024-08-19 10:36:00-04:00,9.244999885559082,9.25,9.244999885559082,9.244999885559082,10416,0.0,0.0
2024-08-19 10:37:00-04:00,9.244999885559082,9.25,9.244999885559082,9.244999885559082,19201,0.0,0.0
2024-08-19 10:38:00-04:00,9.244999885559082,9.25,9.244999885559082,9.24899959564209,28253,0.0,0.0
2024-08-19 10:39:00-04:00,9.240699768066406,9.244999885559082,9.234999656677246,9.234999656677246,40611,0.0,0.0
2024-08-19 10:40:00-04:00,9.234999656677246,9.239999771118164,9.234999656677246,9.239899635314941,15382,0.0,0.0
2024-08-19 10:41:00-04:00,9.234999656677246,9.234999656677246,9.21500015258789,9.229999542236328,92673,0.0,0.0
2024-08-19 10:42:00-04:00,9.226499557495117,9.229999542236328,9.220000267028809,9.220000267028809,32224,0.0,0.0
2024-08-19 10:43:00-04:00,9.225000381469727,9.229999542236328,9.220000267028809,9.225000381469727,14681,0.0,0.0
2024-08-19 10:44:00-04:00,9.229999542236328,9.25,9.229999542236328,9.24590015411377,92184,0.0,0.0
2024-08-19 10:45:00-04:00,9.244999885559082,9.255000114440918,9.239999771118164,9.244999885559082,55791,0.0,0.0
2024-08-19 10:46:00-04:00,9.25,9.25,9.244999885559082,9.244999885559082,17677,0.0,0.0
2024-08-19 10:47:00-04:00,9.244999885559082,9.260000228881836,9.244999885559082,9.255000114440918,60805,0.0,0.0
2024-08-19 10:48:00-04:00,9.25,9.25,9.240099906921387,9.25,19611,0.0,0.0
2024-08-19 10:49:00-04:00,9.244999885559082,9.255000114440918,9.244999885559082,9.255000114440918,20394,0.0,0.0
2024-08-19 10:50:00-04:00,9.260000228881836,9.270000457763672,9.260000228881836,9.270000457763672,28152,0.0,0.0
2024-08-19 10:51:00-04:00,9.260000228881836,9.265999794006348,9.25,9.259900093078613,55583,0.0,0.0
2024-08-19 10:52:00-04:00,9.265000343322754,9.270000457763672,9.265000343322754,9.270000457763672,24790,0.0,0.0
2024-08-19 10:53:00-04:00,9.270000457763672,9.270000457763672,9.260000228881836,9.270000457763672,26171,0.0,0.0
2024-08-19 10:54:00-04:00,9.265000343322754,9.270000457763672,9.244999885559082,9.25,62507,0.0,0.0
2024-08-19 10:55:00-04:00,9.25,9.25,9.244000434875488,9.244999885559082,18881,0.0,0.0
2024-08-19 10:56:00-04:00,9.246000289916992,9.25,9.244999885559082,9.25,4443,0.0,0.0
2024-08-19 10:57:00-04:00,9.244999885559082,9.24590015411377,9.239999771118164,9.244999885559082,3030,0.0,0.0
2024-08-19 10:58:00-04:00,9.239999771118164,9.25,9.234999656677246,9.25,59087,0.0,0.0
2024-08-19 10:59:00-04:00,9.244999885559082,9.25,9.234999656677246,9.234999656677246,12814,0.0,0.0
2024-08-19 11:00:00-04:00,9.234999656677246,9.239999771118164,9.229999542236328,9.234999656677246,9098,0.0,0.0
2024-08-19 11:01:00-04:00,9.229999542236328,9.244999885559082,9.229999542236328,9.244999885559082,35682,0.0,0.0
2024-08-19 11:02:00-04:00,9.25,9.265000343322754,9.25,9.265000343322754,47990,0.0,0.0
2024-08-19 11:03:00-04:00,9.265000343322754,9.265000343322754,9.255000114440918,9.265000343322754,26606,0.0,0.0
2024-08-19 11:04:00-04:00,9.265999794006348,9.270000457763672,9.261099815368652,9.261099815368652,48280,0.0,0.0
2024-08-19 11:05:00-04:00,9.265000343322754,9.279999732971191,9.265000343322754,9.274999618530273,40289,0.0,0.0
2024-08-19 11:06:00-04:00,9.270099639892578,9.28499984741211,9.270099639892578,9.279999732971191,23850,0.0,0.0
2024-08-19 11:07:00-04:00,9.28499984741211,9.28499984741211,9.28499984741211,9.28499984741211,2762,0.0,0.0
2024-08-19 11:08:00-04:00,9.280099868774414,9.289999961853027,9.280099868774414,9.289999961853027,3599,0.0,0.0
2024-08-19 11:09:00-04:00,9.28499984741211,9.289999961853027,9.28499984741211,9.289999961853027,1613,0.0,0.0
2024-08-19 11:10:00-04:00,9.28499984741211,9.29990005493164,9.28499984741211,9.295000076293945,48468,0.0,0.0
2024-08-19 11:11:00-04:00,9.295000076293945,9.295000076293945,9.289999961853027,9.289999961853027,31631,0.0,0.0
2024-08-19 11:12:00-04:00,9.289999961853027,9.289999961853027,9.28030014038086,9.28499984741211,33589,0.0,0.0
2024-08-19 11:13:00-04:00,9.28499984741211,9.289999961853027,9.284000396728516,9.289899826049805,20271,0.0,0.0
2024-08-19 11:14:00-04:00,9.28499984741211,9.289999961853027,9.279999732971191,9.28499984741211,18176,0.0,0.0
2024-08-19 11:15:00-04:00,9.28499984741211,9.28499984741211,9.279999732971191,9.279999732971191,4071,0.0,0.0
2024-08-19 11:16:00-04:00,9.28499984741211,9.289999961853027,9.279999732971191,9.279999732971191,10619,0.0,0.0
2024-08-19 11:17:00-04:00,9.286100387573242,9.300000190734863,9.279999732971191,9.295000076293945,15158,0.0,0.0
2024-08-19 11:18:00-04:00,9.295000076293945,9.3100004196167,9.295000076293945,9.305000305175781,47070,0.0,0.0
2024-08-19 11:19:00-04:00,9.309700012207031,9.309700012207031,9.291000366210938,9.295000076293945,32460,0.0,0.0
2024-08-19 11:20:00-04:00,9.295000076293945,9.300000190734863,9.289999961853027,9.295000076293945,5044,0.0,0.0
2024-08-19 11:21:00-04:00,9.295000076293945,9.300000190734863,9.28499984741211,9.28499984741211,48958,0.0,0.0
2024-08-19 11:22:00-04:00,9.281000137329102,9.3100004196167,9.281000137329102,9.305000305175781,46660,0.0,0.0
2024-08-19 11:23:00-04:00,9.3100004196167,9.3100004196167,9.300100326538086,9.305000305175781,5473,0.0,0.0
2024-08-19 11:24:00-04:00,9.305000305175781,9.3100004196167,9.300000190734863,9.305000305175781,13314,0.0,0.0
2024-08-19 11:25:00-04:00,9.300000190734863,9.300000190734863,9.289999961853027,9.300000190734863,49151,0.0,0.0
2024-08-19 11:26:00-04:00,9.3100004196167,9.319999694824219,9.300100326538086,9.319899559020996,36122,0.0,0.0
2024-08-19 11:27:00-04:00,9.3100004196167,9.3100004196167,9.300000190734863,9.307000160217285,13454,0.0,0.0
2024-08-19 11:28:00-04:00,9.3100004196167,9.3100004196167,9.305000305175781,9.305000305175781,29980,0.0,0.0
2024-08-19 11:29:00-04:00,9.305000305175781,9.305000305175781,9.289999961853027,9.295000076293945,57692,0.0,0.0
2024-08-19 11:30:00-04:00,9.295000076293945,9.295000076293945,9.280099868774414,9.280099868774414,24765,0.0,0.0
2024-08-19 11:31:00-04:00,9.289999961853027,9.297800064086914,9.28499984741211,9.295000076293945,30279,0.0,0.0
2024-08-19 11:32:00-04:00,9.295000076293945,9.295000076293945,9.279999732971191,9.29010009765625,62961,0.0,0.0
2024-08-19 11:33:00-04:00,9.300000190734863,9.300000190734863,9.279999732971191,9.289999961853027,27183,0.0,0.0
2024-08-19 11:34:00-04:00,9.289999961853027,9.289999961853027,9.28499984741211,9.28499984741211,16627,0.0,0.0
2024-08-19 11:35:00-04:00,9.289999961853027,9.300000190734863,9.279999732971191,9.289999961853027,44493,0.0,0.0
2024-08-19 11:36:00-04:00,9.28499984741211,9.289999961853027,9.279999732971191,9.289999961853027,27783,0.0,0.0
2024-08-19 11:37:00-04:00,9.28499984741211,9.289999961853027,9.28499984741211,9.28969955444336,27246,0.0,0.0
2024-08-19 11:38:00-04:00,9.288000106811523,9.289999961853027,9.279999732971191,9.28499984741211,15543,0.0,0.0
2024-08-19 11:39:00-04:00,9.279999732971191,9.289999961853027,9.279999732971191,9.289999961853027,2674,0.0,0.0
2024-08-19 11:40:00-04:00,9.28499984741211,9.28499984741211,9.274999618530273,9.274999618530273,6765,0.0,0.0
2024-08-19 11:41:00-04:00,9.276000022888184,9.276000022888184,9.260000228881836,9.260000228881836,6489,0.0,0.0
2024-08-19 11:42:00-04:00,9.265000343322754,9.279999732971191,9.265000343322754,9.279999732971191,13394,0.0,0.0
2024-08-19 11:43:00-04:00,9.279899597167969,9.289999961853027,9.274999618530273,9.28499984741211,9124,0.0,0.0
2024-08-19 11:44:00-04:00,9.28499984741211,9.295000076293945,9.28499984741211,9.295000076293945,17486,0.0,0.0
2024-08-19 11:45:00-04:00,9.28499984741211,9.300000190734863,9.28499984741211,9.295000076293945,39350,0.0,0.0
2024-08-19 11:46:00-04:00,9.293000221252441,9.293000221252441,9.28499984741211,9.289999961853027,23608,0.0,0.0
2024-08-19 11:47:00-04:00,9.28499984741211,9.300000190734863,9.280099868774414,9.280099868774414,23791,0.0,0.0
2024-08-19 11:48:00-04:00,9.28499984741211,9.300000190734863,9.279999732971191,9.300000190734863,42395,0.0,0.0
2024-08-19 11:49:00-04:00,9.289999961853027,9.29990005493164,9.28499984741211,9.289899826049805,53579,0.0,0.0
2024-08-19 11:50:00-04:00,9.289999961853027,9.289999961853027,9.279999732971191,9.280099868774414,19860,0.0,0.0
2024-08-19 11:51:00-04:00,9.28499984741211,9.289999961853027,9.279999732971191,9.289999961853027,4331,0.0,0.0
2024-08-19 11:52:00-04:00,9.285200119018555,9.289899826049805,9.274999618530273,9.274999618530273,5152,0.0,0.0
2024-08-19 11:53:00-04:00,9.274999618530273,9.279999732971191,9.270000457763672,9.279999732971191,18828,0.0,0.0
2024-08-19 11:54:00-04:00,9.279999732971191,9.289999961853027,9.279999732971191,9.279999732971191,38268,0.0,0.0
2024-08-19 11:55:00-04:00,9.279999732971191,9.279999732971191,9.265000343322754,9.274999618530273,23971,0.0,0.0
2024-08-19 11:56:00-04:00,9.270000457763672,9.270099639892578,9.265000343322754,9.265000343322754,4745,0.0,0.0
2024-08-19 11:57:00-04:00,9.260100364685059,9.260100364685059,9.255000114440918,9.255000114440918,20653,0.0,0.0
2024-08-19 11:58:00-04:00,9.260000228881836,9.260000228881836,9.244999885559082,9.25,31869,0.0,0.0
2024-08-19 11:59:00-04:00,9.25,9.270000457763672,9.25,9.265000343322754,58121,0.0,0.0
2024-08-19 12:00:00-04:00,9.270000457763672,9.270000457763672,9.260000228881836,9.265000343322754,10647,0.0,0.0
2024-08-19 12:01:00-04:00,9.265000343322754,9.279999732971191,9.265000343322754,9.276000022888184,53384,0.0,0.0
2024-08-19 12:02:00-04:00,9.27560043334961,9.289999961853027,9.27560043334961,9.28499984741211,13721,0.0,0.0
2024-08-19 12:03:00-04:00,9.289999961853027,9.289999961853027,9.274999618530273,9.274999618530273,15171,0.0,0.0
2024-08-19 12:04:00-04:00,9.27810001373291,9.279899597167969,9.274999618530273,9.274999618530273,12032,0.0,0.0
2024-08-19 12:05:00-04:00,9.274999618530273,9.289899826049805,9.274999618530273,9.28030014038086,22625,0.0,0.0
2024-08-19 12:06:00-04:00,9.280099868774414,9.289999961853027,9.279999732971191,9.279999732971191,25224,0.0,0.0
2024-08-19 12:07:00-04:00,9.279999732971191,9.28499984741211,9.279999732971191,9.28499984741211,3165,0.0,0.0
2024-08-19 12:08:00-04:00,9.28030014038086,9.289999961853027,9.279999732971191,9.28499984741211,7944,0.0,0.0
2024-08-19 12:09:00-04:00,9.289299964904785,9.289999961853027,9.279999732971191,9.28499984741211,12442,0.0,0.0
2024-08-19 12:10:00-04:00,9.289999961853027,9.289999961853027,9.280099868774414,9.28600025177002,3430,0.0,0.0
2024-08-19 12:11:00-04:00,9.28499984741211,9.289999961853027,9.279999732971191,9.28499984741211,4297,0.0,0.0
2024-08-19 12:12:00-04:00,9.289999961853027,9.300000190734863,9.289999961853027,9.300000190734863,65716,0.0,0.0
2024-08-19 12:13:00-04:00,9.295000076293945,9.295000076293945,9.29010009765625,9.295000076293945,10155,0.0,0.0
2024-08-19 12:14:00-04:00,9.300000190734863,9.300000190734863,9.289999961853027,9.295000076293945,5265,0.0,0.0
2024-08-19 12:15:00-04:00,9.295000076293945,9.300000190734863,9.28499984741211,9.28499984741211,28063,0.0,0.0
2024-08-19 12:16:00-04:00,9.28499984741211,9.289999961853027,9.280099868774414,9.28030014038086,6625,0.0,0.0
2024-08-19 12:17:00-04:00,9.280099868774414,9.295599937438965,9.279999732971191,9.286700248718262,74399,0.0,0.0
2024-08-19 12:18:00-04:00,9.28499984741211,9.289999961853027,9.28499984741211,9.289899826049805,11621,0.0,0.0
2024-08-19 12:19:00-04:00,9.28499984741211,9.28499984741211,9.274999618530273,9.279999732971191,42803,0.0,0.0
2024-08-19 12:20:00-04:00,9.27560043334961,9.279999732971191,9.270099639892578,9.274999618530273,34852,0.0,0.0
2024-08-19 12:21:00-04:00,9.274999618530273,9.279999732971191,9.270099639892578,9.270099639892578,21360,0.0,0.0
2024-08-19 12:22:00-04:00,9.274999618530273,9.285599708557129,9.270000457763672,9.28499984741211,12036,0.0,0.0
2024-08-19 12:23:00-04:00,9.279999732971191,9.289999961853027,9.279999732971191,9.289999961853027,4173,0.0,0.0
2024-08-19 12:24:00-04:00,9.289999961853027,9.29990005493164,9.289899826049805,9.295000076293945,41851,0.0,0.0
2024-08-19 12:25:00-04:00,9.295000076293945,9.300000190734863,9.289999961853027,9.300000190734863,16674,0.0,0.0
2024-08-19 12:26:00-04:00,9.300000190734863,9.305000305175781,9.295000076293945,9.300100326538086,42848,0.0,0.0
2024-08-19 12:27:00-04:00,9.305000305175781,9.305000305175781,9.300100326538086,9.305000305175781,8322,0.0,0.0
2024-08-19 12:28:00-04:00,9.309900283813477,9.319999694824219,9.309900283813477,9.3149995803833,32503,0.0,0.0
2024-08-19 12:29:00-04:00,9.3149995803833,9.319999694824219,9.305000305175781,9.305000305175781,25568,0.0,0.0
2024-08-19 12:30:00-04:00,9.300100326538086,9.305000305175781,9.300100326538086,9.305000305175781,3414,0.0,0.0
2024-08-19 12:31:00-04:00,9.305000305175781,9.3149995803833,9.305000305175781,9.3100004196167,30072,0.0,0.0
2024-08-19 12:32:00-04:00,9.305000305175781,9.3100004196167,9.300100326538086,9.3100004196167,4971,0.0,0.0
2024-08-19 12:33:00-04:00,9.309900283813477,9.3149995803833,9.305000305175781,9.310099601745605,23959,0.0,0.0
2024-08-19 12:34:00-04:00,9.3100004196167,9.3100004196167,9.305000305175781,9.309900283813477,10543,0.0,0.0
2024-08-19 12:35:00-04:00,9.305000305175781,9.3100004196167,9.305000305175781,9.3100004196167,3414,0.0,0.0
2024-08-19 12:36:00-04:00,9.305000305175781,9.3100004196167,9.305000305175781,9.305000305175781,3997,0.0,0.0
2024-08-19 12:37:00-04:00,9.3100004196167,9.3100004196167,9.305000305175781,9.3100004196167,11043,0.0,0.0
2024-08-19 12:38:00-04:00,9.300100326538086,9.300100326538086,9.300100326538086,9.300100326538086,4405,0.0,0.0
2024-08-19 12:39:00-04:00,9.305000305175781,9.319999694824219,9.305000305175781,9.3149995803833,49789,0.0,0.0
2024-08-19 12:40:00-04:00,9.315600395202637,9.319999694824219,9.3149995803833,9.319899559020996,13794,0.0,0.0
2024-08-19 12:41:00-04:00,9.319999694824219,9.319999694824219,9.3149995803833,9.319899559020996,11616,0.0,0.0
2024-08-19 12:43:00-04:00,9.3149995803833,9.3149995803833,9.3149995803833,9.3149995803833,669,0.0,0.0
2024-08-19 12:44:00-04:00,9.319999694824219,9.319999694824219,9.319999694824219,9.319999694824219,3486,0.0,0.0
2024-08-19 12:45:00-04:00,9.319999694824219,9.319999694824219,9.3149995803833,9.319999694824219,3915,0.0,0.0
2024-08-19 12:46:00-04:00,9.3149995803833,9.319999694824219,9.3100004196167,9.319999694824219,14105,0.0,0.0
2024-08-19 12:47:00-04:00,9.319999694824219,9.319999694824219,9.300100326538086,9.305000305175781,57915,0.0,0.0
2024-08-19 12:48:00-04:00,9.3100004196167,9.3100004196167,9.300000190734863,9.3100004196167,10999,0.0,0.0
2024-08-19 12:49:00-04:00,9.300100326538086,9.3149995803833,9.300100326538086,9.3100004196167,20885,0.0,0.0
2024-08-19 12:50:00-04:00,9.310099601745605,9.3149995803833,9.3100004196167,9.310099601745605,13711,0.0,0.0
2024-08-19 12:51:00-04:00,9.3149995803833,9.3149995803833,9.3149995803833,9.3149995803833,6588,0.0,0.0
2024-08-19 12:52:00-04:00,9.3149995803833,9.3149995803833,9.305000305175781,9.305000305175781,37371,0.0,0.0
2024-08-19 12:53:00-04:00,9.305000305175781,9.3100004196167,9.305000305175781,9.309000015258789,7638,0.0,0.0
2024-08-19 12:54:00-04:00,9.305000305175781,9.305000305175781,9.300000190734863,9.300000190734863,2702,0.0,0.0
2024-08-19 12:55:00-04:00,9.300000190734863,9.300000190734863,9.289999961853027,9.295000076293945,25183,0.0,0.0
2024-08-19 12:56:00-04:00,9.295000076293945,9.3100004196167,9.295000076293945,9.3100004196167,45537,0.0,0.0
2024-08-19 12:57:00-04:00,9.305000305175781,9.318900108337402,9.305000305175781,9.3149995803833,27135,0.0,0.0
2024-08-19 12:58:00-04:00,9.3149995803833,9.3149995803833,9.305000305175781,9.309900283813477,27117,0.0,0.0
2024-08-19 12:59:00-04:00,9.3100004196167,9.3100004196167,9.300100326538086,9.300600051879883,39828,0.0,0.0
2024-08-19 13:00:00-04:00,9.305000305175781,9.305000305175781,9.28499984741211,9.300000190734863,66711,0.0,0.0
2024-08-19 13:01:00-04:00,9.295100212097168,9.295100212097168,9.295000076293945,9.295000076293945,3231,0.0,0.0
2024-08-19 13:02:00-04:00,9.300000190734863,9.3100004196167,9.300000190734863,9.300100326538086,7531,0.0,0.0
2024-08-19 13:03:00-04:00,9.3100004196167,9.317899703979492,9.3100004196167,9.3149995803833,9434,0.0,0.0
2024-08-19 13:04:00-04:00,9.3149995803833,9.3149995803833,9.3100004196167,9.3100004196167,1756,0.0,0.0
2024-08-19 13:05:00-04:00,9.3149995803833,9.3149995803833,9.305000305175781,9.3100004196167,16454,0.0,0.0
2024-08-19 13:06:00-04:00,9.309700012207031,9.3100004196167,9.309700012207031,9.3100004196167,6529,0.0,0.0
2024-08-19 13:07:00-04:00,9.309900283813477,9.3100004196167,9.305000305175781,9.3100004196167,18038,0.0,0.0
2024-08-19 13:08:00-04:00,9.3100004196167,9.3149995803833,9.301199913024902,9.3100004196167,37563,0.0,0.0
2024-08-19 13:09:00-04:00,9.3100004196167,9.3100004196167,9.305000305175781,9.309900283813477,23252,0.0,0.0
2024-08-19 13:10:00-04:00,9.3100004196167,9.319999694824219,9.3100004196167,9.310999870300293,42794,0.0,0.0
2024-08-19 13:12:00-04:00,9.3100004196167,9.3100004196167,9.300000190734863,9.3100004196167,40913,0.0,0.0
2024-08-19 13:13:00-04:00,9.3100004196167,9.3149995803833,9.305000305175781,9.305500030517578,47148,0.0,0.0
2024-08-19 13:14:00-04:00,9.305500030517578,9.3100004196167,9.305000305175781,9.3100004196167,6057,0.0,0.0
2024-08-19 13:15:00-04:00,9.3100004196167,9.319999694824219,9.3100004196167,9.3100004196167,57108,0.0,0.0
2024-08-19 13:16:00-04:00,9.3100004196167,9.3100004196167,9.3100004196167,9.3100004196167,7776,0.0,0.0
2024-08-19 13:17:00-04:00,9.3149995803833,9.319999694824219,9.3149995803833,9.319999694824219,38571,0.0,0.0
2024-08-19 13:18:00-04:00,9.319999694824219,9.324999809265137,9.319999694824219,9.320099830627441,39570,0.0,0.0
2024-08-19 13:19:00-04:00,9.324999809265137,9.324999809265137,9.324999809265137,9.324999809265137,502,0.0,0.0
2024-08-19 13:20:00-04:00,9.319999694824219,9.324999809265137,9.319999694824219,9.324999809265137,7295,0.0,0.0
2024-08-19 13:21:00-04:00,9.329999923706055,9.329999923706055,9.329999923706055,9.329999923706055,349,0.0,0.0
2024-08-19 13:22:00-04:00,9.329999923706055,9.329999923706055,9.319999694824219,9.319999694824219,7783,0.0,0.0
2024-08-19 13:23:00-04:00,9.319999694824219,9.324999809265137,9.319999694824219,9.324999809265137,10826,0.0,0.0
2024-08-19 13:24:00-04:00,9.320099830627441,9.320099830627441,9.319999694824219,9.320099830627441,5171,0.0,0.0
2024-08-19 13:25:00-04:00,9.319999694824219,9.329899787902832,9.319999694824219,9.324999809265137,5185,0.0,0.0
2024-08-19 13:26:00-04:00,9.324000358581543,9.324999809265137,9.3149995803833,9.319899559020996,39838,0.0,0.0
2024-08-19 13:27:00-04:00,9.3149995803833,9.316100120544434,9.3149995803833,9.3149995803833,1150,0.0,0.0
2024-08-19 13:28:00-04:00,9.319999694824219,9.319999694824219,9.312000274658203,9.319999694824219,7023,0.0,0.0
2024-08-19 13:29:00-04:00,9.3149995803833,9.324999809265137,9.310999870300293,9.319999694824219,38172,0.0,0.0
2024-08-19 13:30:00-04:00,9.319999694824219,9.319999694824219,9.3149995803833,9.3149995803833,7634,0.0,0.0
2024-08-19 13:31:00-04:00,9.3100004196167,9.319999694824219,9.305000305175781,9.3149995803833,35200,0.0,0.0
2024-08-19 13:32:00-04:00,9.319999694824219,9.319999694824219,9.3149995803833,9.3149995803833,17125,0.0,0.0
2024-08-19 13:33:00-04:00,9.3149995803833,9.319999694824219,9.3100004196167,9.3149995803833,16798,0.0,0.0
2024-08-19 13:34:00-04:00,9.319999694824219,9.319999694824219,9.3100004196167,9.3100004196167,10297,0.0,0.0
2024-08-19 13:35:00-04:00,9.3149995803833,9.319999694824219,9.3149995803833,9.3149995803833,6576,0.0,0.0
2024-08-19 13:36:00-04:00,9.319999694824219,9.329999923706055,9.319999694824219,9.329999923706055,44604,0.0,0.0
2024-08-19 13:37:00-04:00,9.324999809265137,9.324999809265137,9.310099601745605,9.3149995803833,50976,0.0,0.0
2024-08-19 13:38:00-04:00,9.319999694824219,9.324999809265137,9.3149995803833,9.319999694824219,92069,0.0,0.0
2024-08-19 13:39:00-04:00,9.319999694824219,9.33549976348877,9.319999694824219,9.324999809265137,119553,0.0,0.0
2024-08-19 13:40:00-04:00,9.329999923706055,9.329999923706055,9.324899673461914,9.324999809265137,16002,0.0,0.0
2024-08-19 13:41:00-04:00,9.329999923706055,9.33549976348877,9.324999809265137,9.335000038146973,22498,0.0,0.0
2024-08-19 13:42:00-04:00,9.34000015258789,9.34000015258789,9.335000038146973,9.339900016784668,1854,0.0,0.0
2024-08-19 13:43:00-04:00,9.339799880981445,9.34000015258789,9.33549976348877,9.33549976348877,6596,0.0,0.0
2024-08-19 13:44:00-04:00,9.339699745178223,9.34000015258789,9.329999923706055,9.34000015258789,42750,0.0,0.0
2024-08-19 13:45:00-04:00,9.34000015258789,9.350000381469727,9.34000015258789,9.345000267028809,28448,0.0,0.0
2024-08-19 13:46:00-04:00,9.340100288391113,9.350000381469727,9.34000015258789,9.34000015258789,47774,0.0,0.0
2024-08-19 13:47:00-04:00,9.335000038146973,9.34000015258789,9.329999923706055,9.34000015258789,2487,0.0,0.0
2024-08-19 13:48:00-04:00,9.339900016784668,9.34000015258789,9.329999923706055,9.34000015258789,5065,0.0,0.0
2024-08-19 13:49:00-04:00,9.34000015258789,9.345000267028809,9.34000015258789,9.340100288391113,35136,0.0,0.0
2024-08-19 13:50:00-04:00,9.345000267028809,9.350000381469727,9.345000267028809,9.350000381469727,4509,0.0,0.0
2024-08-19 13:51:00-04:00,9.345000267028809,9.350000381469727,9.345000267028809,9.350000381469727,1380,0.0,0.0
2024-08-19 13:52:00-04:00,9.350000381469727,9.350000381469727,9.340100288391113,9.345000267028809,22901,0.0,0.0
2024-08-19 13:53:00-04:00,9.350000381469727,9.350000381469727,9.350000381469727,9.350000381469727,6292,0.0,0.0
2024-08-19 13:54:00-04:00,9.345000267028809,9.359999656677246,9.345000267028809,9.359999656677246,54202,0.0,0.0
2024-08-19 13:55:00-04:00,9.364999771118164,9.369999885559082,9.359999656677246,9.364999771118164,26966,0.0,0.0
2024-08-19 13:56:00-04:00,9.369999885559082,9.369999885559082,9.354900360107422,9.354900360107422,50091,0.0,0.0
2024-08-19 13:57:00-04:00,9.350000381469727,9.350000381469727,9.345000267028809,9.345000267028809,51461,0.0,0.0
2024-08-19 13:58:00-04:00,9.345000267028809,9.345000267028809,9.344900131225586,9.344900131225586,834,0.0,0.0
2024-08-19 13:59:00-04:00,9.345000267028809,9.350000381469727,9.345000267028809,9.345000267028809,1225,0.0,0.0
2024-08-19 14:00:00-04:00,9.34000015258789,9.345000267028809,9.332099914550781,9.335000038146973,73383,0.0,0.0
2024-08-19 14:01:00-04:00,9.34000015258789,9.34000015258789,9.319999694824219,9.319999694824219,66174,0.0,0.0
2024-08-19 14:02:00-04:00,9.329899787902832,9.329999923706055,9.324999809265137,9.329999923706055,21414,0.0,0.0
2024-08-19 14:03:00-04:00,9.329999923706055,9.34000015258789,9.324999809265137,9.330100059509277,134171,0.0,0.0
2024-08-19 14:04:00-04:00,9.329999923706055,9.329999923706055,9.324999809265137,9.329999923706055,34067,0.0,0.0
2024-08-19 14:05:00-04:00,9.329999923706055,9.329999923706055,9.320099830627441,9.324999809265137,24930,0.0,0.0
2024-08-19 14:06:00-04:00,9.329999923706055,9.329999923706055,9.324799537658691,9.324799537658691,3723,0.0,0.0
2024-08-19 14:07:00-04:00,9.329999923706055,9.329999923706055,9.324999809265137,9.329999923706055,10478,0.0,0.0
2024-08-19 14:08:00-04:00,9.324999809265137,9.329999923706055,9.324999809265137,9.329999923706055,3439,0.0,0.0
2024-08-19 14:09:00-04:00,9.329999923706055,9.329999923706055,9.324999809265137,9.324999809265137,9720,0.0,0.0
2024-08-19 14:10:00-04:00,9.329999923706055,9.329999923706055,9.319999694824219,9.324999809265137,48661,0.0,0.0
2024-08-19 14:11:00-04:00,9.324999809265137,9.329999923706055,9.319999694824219,9.329999923706055,4349,0.0,0.0
2024-08-19 14:12:00-04:00,9.329999923706055,9.34000015258789,9.324999809265137,9.34000015258789,71518,0.0,0.0
2024-08-19 14:13:00-04:00,9.34000015258789,9.34000015258789,9.335000038146973,9.335000038146973,3528,0.0,0.0
2024-08-19 14:14:00-04:00,9.335000038146973,9.34000015258789,9.330100059509277,9.34000015258789,36883,0.0,0.0
2024-08-19 14:15:00-04:00,9.335000038146973,9.335000038146973,9.324999809265137,9.324999809265137,63294,0.0,0.0
2024-08-19 14:16:00-04:00,9.326299667358398,9.329999923706055,9.324999809265137,9.324999809265137,4016,0.0,0.0
2024-08-19 14:17:00-04:00,9.324999809265137,9.329999923706055,9.319999694824219,9.319999694824219,15187,0.0,0.0
2024-08-19 14:18:00-04:00,9.329999923706055,9.329999923706055,9.324999809265137,9.324999809265137,3083,0.0,0.0
2024-08-19 14:19:00-04:00,9.329999923706055,9.34000015258789,9.319999694824219,9.34000015258789,40691,0.0,0.0
2024-08-19 14:20:00-04:00,9.335000038146973,9.359999656677246,9.335000038146973,9.359999656677246,242641,0.0,0.0
2024-08-19 14:21:00-04:00,9.359999656677246,9.359999656677246,9.354999542236328,9.359999656677246,3662,0.0,0.0
2024-08-19 14:22:00-04:00,9.350000381469727,9.359999656677246,9.34000015258789,9.359999656677246,116441,0.0,0.0
2024-08-19 14:23:00-04:00,9.354999542236328,9.359999656677246,9.354999542236328,9.35990047454834,12664,0.0,0.0
2024-08-19 14:24:00-04:00,9.35990047454834,9.359999656677246,9.354999542236328,9.359999656677246,12005,0.0,0.0
2024-08-19 14:25:00-04:00,9.359999656677246,9.359999656677246,9.345000267028809,9.350000381469727,30317,0.0,0.0
2024-08-19 14:26:00-04:00,9.350000381469727,9.350000381469727,9.34000015258789,9.345000267028809,12337,0.0,0.0
2024-08-19 14:27:00-04:00,9.345000267028809,9.359999656677246,9.34000015258789,9.35990047454834,129539,0.0,0.0
2024-08-19 14:28:00-04:00,9.359999656677246,9.369999885559082,9.354999542236328,9.364999771118164,134268,0.0,0.0
2024-08-19 14:29:00-04:00,9.364999771118164,9.364999771118164,9.345000267028809,9.345000267028809,109264,0.0,0.0
2024-08-19 14:30:00-04:00,9.349900245666504,9.359999656677246,9.345000267028809,9.354999542236328,55237,0.0,0.0
2024-08-19 14:31:00-04:00,9.354999542236328,9.359999656677246,9.350199699401855,9.354999542236328,13736,0.0,0.0
2024-08-19 14:32:00-04:00,9.354999542236328,9.359999656677246,9.350099563598633,9.359999656677246,6228,0.0,0.0
2024-08-19 14:33:00-04:00,9.359999656677246,9.359999656677246,9.350000381469727,9.354999542236328,8418,0.0,0.0
2024-08-19 14:34:00-04:00,9.359999656677246,9.359999656677246,9.350000381469727,9.359999656677246,4820,0.0,0.0
2024-08-19 14:35:00-04:00,9.359800338745117,9.359999656677246,9.350000381469727,9.359999656677246,9892,0.0,0.0
2024-08-19 14:36:00-04:00,9.359999656677246,9.359999656677246,9.350000381469727,9.354999542236328,12266,0.0,0.0
2024-08-19 14:37:00-04:00,9.354999542236328,9.359999656677246,9.345000267028809,9.354999542236328,128382,0.0,0.0
2024-08-19 14:38:00-04:00,9.350099563598633,9.369999885559082,9.350000381469727,9.369999885559082,39432,0.0,0.0
2024-08-19 14:39:00-04:00,9.362000465393066,9.369999885559082,9.360099792480469,9.364999771118164,5967,0.0,0.0
2024-08-19 14:40:00-04:00,9.369999885559082,9.369999885559082,9.364999771118164,9.364999771118164,8907,0.0,0.0
2024-08-19 14:41:00-04:00,9.369999885559082,9.369999885559082,9.369999885559082,9.369999885559082,5070,0.0,0.0
2024-08-19 14:42:00-04:00,9.369999885559082,9.369999885559082,9.361000061035156,9.364999771118164,51327,0.0,0.0
2024-08-19 14:43:00-04:00,9.369999885559082,9.369999885559082,9.359999656677246,9.369999885559082,18749,0.0,0.0
2024-08-19 14:44:00-04:00,9.369999885559082,9.380000114440918,9.359999656677246,9.375,114546,0.0,0.0
2024-08-19 14:45:00-04:00,9.380000114440918,9.380000114440918,9.354999542236328,9.354999542236328,75189,0.0,0.0
2024-08-19 14:46:00-04:00,9.354999542236328,9.359999656677246,9.354999542236328,9.359999656677246,5555,0.0,0.0
2024-08-19 14:47:00-04:00,9.359999656677246,9.359999656677246,9.350000381469727,9.359999656677246,13701,0.0,0.0
2024-08-19 14:48:00-04:00,9.359999656677246,9.359999656677246,9.350000381469727,9.359999656677246,60642,0.0,0.0
2024-08-19 14:49:00-04:00,9.359999656677246,9.359999656677246,9.354999542236328,9.359999656677246,28176,0.0,0.0
2024-08-19 14:50:00-04:00,9.359999656677246,9.359999656677246,9.350000381469727,9.359999656677246,4436,0.0,0.0
2024-08-19 14:51:00-04:00,9.359999656677246,9.359999656677246,9.350000381469727,9.359999656677246,6811,0.0,0.0
2024-08-19 14:52:00-04:00,9.359999656677246,9.369999885559082,9.355400085449219,9.369999885559082,46351,0.0,0.0
2024-08-19 14:53:00-04:00,9.369999885559082,9.369999885559082,9.364899635314941,9.369999885559082,12078,0.0,0.0
2024-08-19 14:54:00-04:00,9.369999885559082,9.369999885559082,9.364999771118164,9.369999885559082,5577,0.0,0.0
2024-08-19 14:55:00-04:00,9.369999885559082,9.369999885559082,9.364999771118164,9.369999885559082,15631,0.0,0.0
2024-08-19 14:56:00-04:00,9.369999885559082,9.369999885559082,9.359999656677246,9.369999885559082,16146,0.0,0.0
2024-08-19 14:57:00-04:00,9.369999885559082,9.390000343322754,9.365500450134277,9.38010025024414,168261,0.0,0.0
2024-08-19 14:58:00-04:00,9.385000228881836,9.385000228881836,9.369999885559082,9.369999885559082,74358,0.0,0.0
2024-08-19 14:59:00-04:00,9.364999771118164,9.369999885559082,9.364700317382812,9.369999885559082,34699,0.0,0.0
2024-08-19 15:00:00-04:00,9.369999885559082,9.369999885559082,9.364999771118164,9.369999885559082,7415,0.0,0.0
2024-08-19 15:01:00-04:00,9.369999885559082,9.369999885559082,9.364999771118164,9.364999771118164,5081,0.0,0.0
2024-08-19 15:02:00-04:00,9.364999771118164,9.369999885559082,9.359999656677246,9.364999771118164,8255,0.0,0.0
2024-08-19 15:03:00-04:00,9.364999771118164,9.380000114440918,9.364999771118164,9.375,64397,0.0,0.0
2024-08-19 15:04:00-04:00,9.370100021362305,9.375,9.350000381469727,9.354999542236328,52688,0.0,0.0
2024-08-19 15:05:00-04:00,9.35099983215332,9.354999542236328,9.34000015258789,9.350000381469727,82932,0.0,0.0
2024-08-19 15:06:00-04:00,9.350000381469727,9.354999542236328,9.345000267028809,9.350000381469727,47037,0.0,0.0
2024-08-19 15:07:00-04:00,9.350000381469727,9.359999656677246,9.345000267028809,9.354999542236328,34305,0.0,0.0
2024-08-19 15:08:00-04:00,9.354999542236328,9.35990047454834,9.354999542236328,9.354999542236328,8538,0.0,0.0
2024-08-19 15:09:00-04:00,9.354999542236328,9.354999542236328,9.354999542236328,9.354999542236328,3050,0.0,0.0
2024-08-19 15:10:00-04:00,9.354999542236328,9.359999656677246,9.350000381469727,9.350000381469727,19721,0.0,0.0
2024-08-19 15:11:00-04:00,9.350000381469727,9.354999542236328,9.345000267028809,9.350000381469727,55465,0.0,0.0
2024-08-19 15:12:00-04:00,9.350000381469727,9.350000381469727,9.345000267028809,9.350000381469727,14167,0.0,0.0
2024-08-19 15:13:00-04:00,9.350000381469727,9.350000381469727,9.345000267028809,9.350000381469727,14711,0.0,0.0
2024-08-19 15:14:00-04:00,9.350000381469727,9.359999656677246,9.345000267028809,9.359999656677246,97288,0.0,0.0
2024-08-19 15:15:00-04:00,9.359999656677246,9.359999656677246,9.354999542236328,9.359999656677246,26652,0.0,0.0
2024-08-19 15:16:00-04:00,9.359999656677246,9.359999656677246,9.354999542236328,9.359999656677246,6991,0.0,0.0
2024-08-19 15:17:00-04:00,9.359999656677246,9.359999656677246,9.350099563598633,9.359999656677246,15605,0.0,0.0
2024-08-19 15:18:00-04:00,9.359999656677246,9.369999885559082,9.354999542236328,9.36989974975586,76758,0.0,0.0
2024-08-19 15:19:00-04:00,9.369999885559082,9.369999885559082,9.364999771118164,9.369999885559082,4368,0.0,0.0
2024-08-19 15:20:00-04:00,9.369999885559082,9.369999885559082,9.359999656677246,9.364999771118164,62960,0.0,0.0
2024-08-19 15:21:00-04:00,9.369999885559082,9.369999885559082,9.359999656677246,9.364999771118164,16661,0.0,0.0
2024-08-19 15:22:00-04:00,9.364999771118164,9.369999885559082,9.360099792480469,9.364999771118164,12428,0.0,0.0
2024-08-19 15:23:00-04:00,9.364999771118164,9.380000114440918,9.364999771118164,9.379799842834473,80481,0.0,0.0
2024-08-19 15:24:00-04:00,9.380000114440918,9.380000114440918,9.375,9.380000114440918,7429,0.0,0.0
2024-08-19 15:25:00-04:00,9.380000114440918,9.380000114440918,9.375,9.380000114440918,5237,0.0,0.0
2024-08-19 15:26:00-04:00,9.380000114440918,9.380000114440918,9.375,9.375,10674,0.0,0.0
2024-08-19 15:27:00-04:00,9.375,9.380000114440918,9.375,9.380000114440918,26084,0.0,0.0
2024-08-19 15:28:00-04:00,9.380000114440918,9.385000228881836,9.369999885559082,9.375,122503,0.0,0.0
2024-08-19 15:29:00-04:00,9.375,9.380000114440918,9.370100021362305,9.375,6813,0.0,0.0
2024-08-19 15:30:00-04:00,9.369999885559082,9.375,9.364999771118164,9.369999885559082,107556,0.0,0.0
2024-08-19 15:31:00-04:00,9.364999771118164,9.375,9.359999656677246,9.375,58285,0.0,0.0
2024-08-19 15:32:00-04:00,9.380000114440918,9.380000114440918,9.375,9.375,2061,0.0,0.0
2024-08-19 15:33:00-04:00,9.374899864196777,9.375,9.374899864196777,9.375,1722,0.0,0.0
2024-08-19 15:34:00-04:00,9.369999885559082,9.369999885559082,9.359999656677246,9.369999885559082,31755,0.0,0.0
2024-08-19 15:35:00-04:00,9.369999885559082,9.369999885559082,9.359999656677246,9.369999885559082,16616,0.0,0.0
2024-08-19 15:36:00-04:00,9.369999885559082,9.369999885559082,9.359999656677246,9.369999885559082,9415,0.0,0.0
2024-08-19 15:37:00-04:00,9.369999885559082,9.369999885559082,9.359999656677246,9.359999656677246,14089,0.0,0.0
2024-08-19 15:38:00-04:00,9.364999771118164,9.366100311279297,9.359999656677246,9.359999656677246,22350,0.0,0.0
2024-08-19 15:39:00-04:00,9.359999656677246,9.369999885559082,9.359999656677246,9.364999771118164,12430,0.0,0.0
2024-08-19 15:40:00-04:00,9.364999771118164,9.380000114440918,9.359999656677246,9.375,64866,0.0,0.0
2024-08-19 15:41:00-04:00,9.375,9.380000114440918,9.370100021362305,9.375,9607,0.0,0.0
2024-08-19 15:42:00-04:00,9.375,9.380000114440918,9.375,9.380000114440918,8697,0.0,0.0
2024-08-19 15:43:00-04:00,9.380000114440918,9.380000114440918,9.369999885559082,9.375,35816,0.0,0.0
2024-08-19 15:44:00-04:00,9.375,9.380000114440918,9.375,9.375,6437,0.0,0.0
2024-08-19 15:45:00-04:00,9.375,9.387800216674805,9.369999885559082,9.378700256347656,177797,0.0,0.0
2024-08-19 15:46:00-04:00,9.375,9.380000114440918,9.359999656677246,9.364999771118164,84848,0.0,0.0
2024-08-19 15:47:00-04:00,9.369999885559082,9.369999885559082,9.359999656677246,9.364999771118164,62860,0.0,0.0
2024-08-19 15:48:00-04:00,9.369999885559082,9.380000114440918,9.360099792480469,9.375499725341797,83254,0.0,0.0
2024-08-19 15:49:00-04:00,9.375,9.380000114440918,9.375,9.380000114440918,24040,0.0,0.0
2024-08-19 15:50:00-04:00,9.369999885559082,9.380000114440918,9.369999885559082,9.380000114440918,154211,0.0,0.0
2024-08-19 15:51:00-04:00,9.380000114440918,9.385000228881836,9.369999885559082,9.369999885559082,138491,0.0,0.0
2024-08-19 15:52:00-04:00,9.380000114440918,9.380000114440918,9.369999885559082,9.380000114440918,48170,0.0,0.0
2024-08-19 15:53:00-04:00,9.375,9.380000114440918,9.37399959564209,9.380000114440918,19696,0.0,0.0
2024-08-19 15:54:00-04:00,9.375,9.380000114440918,9.369999885559082,9.375,91569,0.0,0.0
2024-08-19 15:55:00-04:00,9.375,9.380000114440918,9.369999885559082,9.375,49148,0.0,0.0
2024-08-19 15:56:00-04:00,9.375,9.380000114440918,9.359999656677246,9.364999771118164,132224,0.0,0.0
2024-08-19 15:57:00-04:00,9.364999771118164,9.364999771118164,9.359999656677246,9.364999771118164,57329,0.0,0.0
2024-08-19 15:58:00-04:00,9.359999656677246,9.369999885559082,9.359999656677246,9.364999771118164,39340,0.0,0.0
2024-08-19 15:59:00-04:00,9.364999771118164,9.369999885559082,9.359999656677246,9.359999656677246,173966,0.0,0.0
2024-08-20 09:30:00-04:00,9.430000305175781,9.510000228881836,9.40999984741211,9.489999771118164,1830521,0.0,0.0
2024-08-20 09:31:00-04:00,9.489999771118164,9.510000228881836,9.475000381469727,9.5,131664,0.0,0.0
2024-08-20 09:32:00-04:00,9.501999855041504,9.505000114440918,9.479999542236328,9.479999542236328,22359,0.0,0.0
2024-08-20 09:33:00-04:00,9.46500015258789,9.484999656677246,9.454999923706055,9.484999656677246,23193,0.0,0.0
2024-08-20 09:34:00-04:00,9.489899635314941,9.489999771118164,9.449999809265137,9.460000038146973,19429,0.0,0.0
2024-08-20 09:35:00-04:00,9.458900451660156,9.494999885559082,9.458900451660156,9.494999885559082,53730,0.0,0.0
2024-08-20 09:36:00-04:00,9.494999885559082,9.520000457763672,9.489999771118164,9.510600090026855,236378,0.0,0.0
2024-08-20 09:37:00-04:00,9.51990032196045,9.524999618530273,9.489999771118164,9.515000343322754,225825,0.0,0.0
2024-08-20 09:38:00-04:00,9.515000343322754,9.515000343322754,9.490099906921387,9.515000343322754,25674,0.0,0.0
2024-08-20 09:39:00-04:00,9.510100364685059,9.520000457763672,9.489999771118164,9.49590015411377,20255,0.0,0.0
2024-08-20 09:40:00-04:00,9.505000114440918,9.520000457763672,9.505000114440918,9.510000228881836,20547,0.0,0.0
2024-08-20 09:41:00-04:00,9.509900093078613,9.510000228881836,9.489999771118164,9.509900093078613,31750,0.0,0.0
2024-08-20 09:42:00-04:00,9.505000114440918,9.520000457763672,9.490099906921387,9.515000343322754,29594,0.0,0.0
2024-08-20 09:43:00-04:00,9.510600090026855,9.539999961853027,9.510600090026855,9.535900115966797,149493,0.0,0.0
2024-08-20 09:44:00-04:00,9.53499984741211,9.545000076293945,9.529999732971191,9.545000076293945,135750,0.0,0.0
2024-08-20 09:45:00-04:00,9.550000190734863,9.5600004196167,9.53499984741211,9.550000190734863,189557,0.0,0.0
2024-08-20 09:46:00-04:00,9.545000076293945,9.5600004196167,9.529999732971191,9.555000305175781,113657,0.0,0.0
2024-08-20 09:47:00-04:00,9.550700187683105,9.579999923706055,9.550700187683105,9.5649995803833,373719,0.0,0.0
2024-08-20 09:48:00-04:00,9.567999839782715,9.569999694824219,9.53499984741211,9.53499984741211,65339,0.0,0.0
2024-08-20 09:49:00-04:00,9.539999961853027,9.539999961853027,9.529999732971191,9.532500267028809,26212,0.0,0.0
2024-08-20 09:50:00-04:00,9.524999618530273,9.529999732971191,9.515000343322754,9.524999618530273,24899,0.0,0.0
2024-08-20 09:51:00-04:00,9.529999732971191,9.539999961853027,9.511500358581543,9.524999618530273,53375,0.0,0.0
2024-08-20 09:52:00-04:00,9.524999618530273,9.524999618530273,9.510000228881836,9.520000457763672,62117,0.0,0.0
2024-08-20 09:53:00-04:00,9.519800186157227,9.524999618530273,9.510100364685059,9.520000457763672,29556,0.0,0.0
2024-08-20 09:54:00-04:00,9.515000343322754,9.520000457763672,9.505000114440918,9.515000343322754,65819,0.0,0.0
2024-08-20 09:55:00-04:00,9.520000457763672,9.529999732971191,9.510100364685059,9.524999618530273,49669,0.0,0.0
2024-08-20 09:56:00-04:00,9.520000457763672,9.520000457763672,9.505000114440918,9.517800331115723,38328,0.0,0.0
2024-08-20 09:57:00-04:00,9.515000343322754,9.520000457763672,9.5,9.510000228881836,82971,0.0,0.0
2024-08-20 09:58:00-04:00,9.510000228881836,9.529999732971191,9.505000114440918,9.510000228881836,66849,0.0,0.0
2024-08-20 09:59:00-04:00,9.510000228881836,9.510000228881836,9.494999885559082,9.5,28560,0.0,0.0
2024-08-20 10:00:00-04:00,9.494999885559082,9.520000457763672,9.48009967803955,9.5,159049,0.0,0.0
2024-08-20 10:01:00-04:00,9.5,9.5,9.489999771118164,9.499899864196777,18622,0.0,0.0
2024-08-20 10:02:00-04:00,9.5,9.510000228881836,9.494999885559082,9.494999885559082,65895,0.0,0.0
2024-08-20 10:03:00-04:00,9.5,9.510000228881836,9.484999656677246,9.505000114440918,74600,0.0,0.0
2024-08-20 10:04:00-04:00,9.510000228881836,9.524999618530273,9.49209976196289,9.520000457763672,173663,0.0,0.0
2024-08-20 10:05:00-04:00,9.520000457763672,9.53499984741211,9.515000343322754,9.520000457763672,45256,0.0,0.0
2024-08-20 10:06:00-04:00,9.520000457763672,9.53499984741211,9.520000457763672,9.529999732971191,34043,0.0,0.0
2024-08-20 10:07:00-04:00,9.529999732971191,9.539999961853027,9.529999732971191,9.539999961853027,15741,0.0,0.0
2024-08-20 10:08:00-04:00,9.539999961853027,9.539999961853027,9.529999732971191,9.539999961853027,14151,0.0,0.0
2024-08-20 10:09:00-04:00,9.53499984741211,9.539999961853027,9.520600318908691,9.524999618530273,47111,0.0,0.0
2024-08-20 10:10:00-04:00,9.524999618530273,9.524999618530273,9.489999771118164,9.5,61237,0.0,0.0
2024-08-20 10:11:00-04:00,9.490099906921387,9.5,9.489999771118164,9.490099906921387,14716,0.0,0.0
2024-08-20 10:12:00-04:00,9.489999771118164,9.510000228881836,9.489999771118164,9.505000114440918,98085,0.0,0.0
2024-08-20 10:13:00-04:00,9.470100402832031,9.5,9.470100402832031,9.5,94613,0.0,0.0
2024-08-20 10:14:00-04:00,9.494999885559082,9.510000228881836,9.489999771118164,9.5,94054,0.0,0.0
2024-08-20 10:15:00-04:00,9.494999885559082,9.5,9.489999771118164,9.497200012207031,51896,0.0,0.0
2024-08-20 10:16:00-04:00,9.494999885559082,9.5,9.479999542236328,9.484999656677246,210324,0.0,0.0
2024-08-20 10:17:00-04:00,9.484999656677246,9.489999771118164,9.475000381469727,9.479999542236328,151080,0.0,0.0
2024-08-20 10:18:00-04:00,9.484999656677246,9.494999885559082,9.470000267028809,9.484999656677246,96255,0.0,0.0
2024-08-20 10:19:00-04:00,9.484999656677246,9.489999771118164,9.479999542236328,9.484999656677246,16056,0.0,0.0
2024-08-20 10:20:00-04:00,9.484999656677246,9.489299774169922,9.460000038146973,9.460000038146973,86395,0.0,0.0
2024-08-20 10:21:00-04:00,9.46500015258789,9.46500015258789,9.4399995803833,9.460000038146973,97076,0.0,0.0
2024-08-20 10:22:00-04:00,9.470000267028809,9.475000381469727,9.46500015258789,9.470000267028809,40773,0.0,0.0
2024-08-20 10:23:00-04:00,9.469900131225586,9.479399681091309,9.46500015258789,9.475000381469727,53281,0.0,0.0
2024-08-20 10:24:00-04:00,9.475000381469727,9.475000381469727,9.454999923706055,9.46500015258789,103672,0.0,0.0
2024-08-20 10:25:00-04:00,9.460000038146973,9.470000267028809,9.4399995803833,9.4399995803833,61493,0.0,0.0
2024-08-20 10:26:00-04:00,9.4399995803833,9.454999923706055,9.4399995803833,9.444999694824219,92013,0.0,0.0
2024-08-20 10:27:00-04:00,9.444999694824219,9.475000381469727,9.444999694824219,9.475000381469727,54523,0.0,0.0
2024-08-20 10:28:00-04:00,9.476699829101562,9.484999656677246,9.475000381469727,9.479999542236328,143900,0.0,0.0
2024-08-20 10:29:00-04:00,9.475000381469727,9.489999771118164,9.471400260925293,9.48009967803955,47099,0.0,0.0
2024-08-20 10:30:00-04:00,9.484999656677246,9.489999771118164,9.470999717712402,9.479999542236328,50707,0.0,0.0
2024-08-20 10:31:00-04:00,9.484999656677246,9.499699592590332,9.484999656677246,9.499699592590332,33378,0.0,0.0
2024-08-20 10:32:00-04:00,9.499899864196777,9.520000457763672,9.49779987335205,9.5,124163,0.0,0.0
2024-08-20 10:33:00-04:00,9.5,9.515000343322754,9.494999885559082,9.505000114440918,58347,0.0,0.0
2024-08-20 10:34:00-04:00,9.503399848937988,9.515000343322754,9.500800132751465,9.515000343322754,67584,0.0,0.0
2024-08-20 10:35:00-04:00,9.515000343322754,9.515000343322754,9.5,9.5,31741,0.0,0.0
2024-08-20 10:36:00-04:00,9.5,9.510000228881836,9.489999771118164,9.489999771118164,70701,0.0,0.0
2024-08-20 10:37:00-04:00,9.489999771118164,9.5,9.484999656677246,9.494999885559082,55854,0.0,0.0
2024-08-20 10:38:00-04:00,9.494999885559082,9.494999885559082,9.475000381469727,9.475000381469727,37736,0.0,0.0
2024-08-20 10:39:00-04:00,9.470000267028809,9.475000381469727,9.454999923706055,9.454999923706055,57253,0.0,0.0
2024-08-20 10:40:00-04:00,9.454999923706055,9.460000038146973,9.449999809265137,9.454999923706055,6747,0.0,0.0
2024-08-20 10:41:00-04:00,9.449999809265137,9.460000038146973,9.444999694824219,9.449700355529785,38160,0.0,0.0
2024-08-20 10:42:00-04:00,9.444999694824219,9.449999809265137,9.4399995803833,9.449999809265137,18134,0.0,0.0
2024-08-20 10:43:00-04:00,9.444999694824219,9.454999923706055,9.4399995803833,9.454999923706055,74345,0.0,0.0
2024-08-20 10:44:00-04:00,9.454999923706055,9.454999923706055,9.425000190734863,9.425000190734863,29684,0.0,0.0
2024-08-20 10:45:00-04:00,9.425000190734863,9.4399995803833,9.420299530029297,9.425000190734863,51029,0.0,0.0
2024-08-20 10:46:00-04:00,9.425000190734863,9.444999694824219,9.425000190734863,9.444999694824219,44911,0.0,0.0
2024-08-20 10:47:00-04:00,9.444999694824219,9.454999923706055,9.444999694824219,9.45009994506836,35451,0.0,0.0
2024-08-20 10:48:00-04:00,9.460000038146973,9.475000381469727,9.460000038146973,9.46500015258789,100671,0.0,0.0
2024-08-20 10:49:00-04:00,9.460000038146973,9.475000381469727,9.460000038146973,9.470000267028809,25705,0.0,0.0
2024-08-20 10:50:00-04:00,9.460000038146973,9.468899726867676,9.454999923706055,9.46500015258789,9766,0.0,0.0
2024-08-20 10:51:00-04:00,9.46500015258789,9.479999542236328,9.460000038146973,9.46500015258789,53332,0.0,0.0
2024-08-20 10:52:00-04:00,9.460000038146973,9.46500015258789,9.460000038146973,9.46500015258789,15657,0.0,0.0
2024-08-20 10:53:00-04:00,9.469799995422363,9.469900131225586,9.454999923706055,9.45829963684082,26252,0.0,0.0
2024-08-20 10:54:00-04:00,9.454999923706055,9.454999923706055,9.444999694824219,9.444999694824219,32830,0.0,0.0
2024-08-20 10:55:00-04:00,9.449999809265137,9.449999809265137,9.4350004196167,9.444999694824219,86028,0.0,0.0
2024-08-20 10:56:00-04:00,9.444999694824219,9.449999809265137,9.4399995803833,9.449999809265137,17292,0.0,0.0
2024-08-20 10:57:00-04:00,9.444999694824219,9.460000038146973,9.444999694824219,9.460000038146973,23393,0.0,0.0
2024-08-20 10:58:00-04:00,9.460000038146973,9.460000038146973,9.4399995803833,9.4399995803833,36620,0.0,0.0
2024-08-20 10:59:00-04:00,9.4399995803833,9.449999809265137,9.4399995803833,9.444999694824219,5338,0.0,0.0
2024-08-20 11:00:00-04:00,9.449999809265137,9.454999923706055,9.4399995803833,9.444999694824219,93180,0.0,0.0
2024-08-20 11:01:00-04:00,9.4399995803833,9.44789981842041,9.420000076293945,9.4350004196167,58372,0.0,0.0
2024-08-20 11:02:00-04:00,9.4350004196167,9.4350004196167,9.40999984741211,9.40999984741211,20542,0.0,0.0
2024-08-20 11:03:00-04:00,9.414999961853027,9.425000190734863,9.399999618530273,9.420000076293945,88871,0.0,0.0
2024-08-20 11:04:00-04:00,9.414799690246582,9.429800033569336,9.411600112915039,9.414999961853027,64187,0.0,0.0
2024-08-20 11:05:00-04:00,9.420000076293945,9.420000076293945,9.414999961853027,9.419899940490723,13516,0.0,0.0
2024-08-20 11:06:00-04:00,9.420000076293945,9.430000305175781,9.40999984741211,9.425000190734863,60415,0.0,0.0
2024-08-20 11:07:00-04:00,9.420100212097168,9.430000305175781,9.414999961853027,9.420000076293945,45673,0.0,0.0
2024-08-20 11:08:00-04:00,9.420000076293945,9.4399995803833,9.410099983215332,9.4399995803833,70341,0.0,0.0
2024-08-20 11:09:00-04:00,9.439599990844727,9.444999694824219,9.4350004196167,9.444999694824219,47494,0.0,0.0
2024-08-20 11:10:00-04:00,9.444999694824219,9.444999694824219,9.425000190734863,9.425000190734863,23441,0.0,0.0
2024-08-20 11:11:00-04:00,9.429800033569336,9.4399995803833,9.425000190734863,9.430000305175781,59706,0.0,0.0
2024-08-20 11:12:00-04:00,9.425000190734863,9.430000305175781,9.420000076293945,9.420000076293945,23846,0.0,0.0
2024-08-20 11:13:00-04:00,9.420000076293945,9.425000190734863,9.420000076293945,9.420000076293945,14713,0.0,0.0
2024-08-20 11:14:00-04:00,9.425000190734863,9.425000190734863,9.414999961853027,9.419899940490723,27097,0.0,0.0
2024-08-20 11:15:00-04:00,9.420000076293945,9.425000190734863,9.399999618530273,9.404999732971191,104120,0.0,0.0
2024-08-20 11:16:00-04:00,9.40999984741211,9.40999984741211,9.399999618530273,9.400099754333496,17216,0.0,0.0
2024-08-20 11:17:00-04:00,9.399999618530273,9.399999618530273,9.380000114440918,9.390000343322754,54842,0.0,0.0
2024-08-20 11:18:00-04:00,9.390000343322754,9.399999618530273,9.390000343322754,9.399999618530273,13384,0.0,0.0
2024-08-20 11:19:00-04:00,9.390000343322754,9.409700393676758,9.385000228881836,9.404999732971191,54702,0.0,0.0
2024-08-20 11:20:00-04:00,9.40999984741211,9.420000076293945,9.40999984741211,9.420000076293945,22118,0.0,0.0
2024-08-20 11:21:00-04:00,9.414999961853027,9.414999961853027,9.395000457763672,9.399999618530273,64058,0.0,0.0
2024-08-20 11:22:00-04:00,9.395000457763672,9.40999984741211,9.390000343322754,9.404999732971191,44100,0.0,0.0
2024-08-20 11:23:00-04:00,9.404999732971191,9.40999984741211,9.399999618530273,9.404999732971191,5642,0.0,0.0
2024-08-20 11:24:00-04:00,9.404999732971191,9.404999732971191,9.395000457763672,9.395000457763672,38292,0.0,0.0
2024-08-20 11:25:00-04:00,9.395000457763672,9.399999618530273,9.390000343322754,9.390000343322754,24730,0.0,0.0
2024-08-20 11:26:00-04:00,9.390000343322754,9.395000457763672,9.390000343322754,9.395000457763672,17173,0.0,0.0
2024-08-20 11:27:00-04:00,9.390000343322754,9.409899711608887,9.385000228881836,9.409899711608887,121091,0.0,0.0
2024-08-20 11:28:00-04:00,9.404999732971191,9.40999984741211,9.395000457763672,9.40999984741211,75662,0.0,0.0
2024-08-20 11:29:00-04:00,9.404999732971191,9.425000190734863,9.399999618530273,9.425000190734863,53635,0.0,0.0
2024-08-20 11:30:00-04:00,9.420000076293945,9.420000076293945,9.395000457763672,9.395000457763672,35001,0.0,0.0
2024-08-20 11:31:00-04:00,9.399999618530273,9.40999984741211,9.395000457763672,9.404999732971191,60718,0.0,0.0
2024-08-20 11:32:00-04:00,9.404999732971191,9.420000076293945,9.404999732971191,9.420000076293945,48653,0.0,0.0
2024-08-20 11:33:00-04:00,9.414999961853027,9.420000076293945,9.40999984741211,9.414999961853027,78728,0.0,0.0
2024-08-20 11:34:00-04:00,9.420000076293945,9.425000190734863,9.40999984741211,9.420000076293945,95319,0.0,0.0
2024-08-20 11:35:00-04:00,9.420000076293945,9.420000076293945,9.40999984741211,9.414999961853027,60630,0.0,0.0
2024-08-20 11:36:00-04:00,9.419899940490723,9.430000305175781,9.414999961853027,9.414999961853027,84006,0.0,0.0
2024-08-20 11:37:00-04:00,9.420000076293945,9.430000305175781,9.420000076293945,9.425000190734863,50294,0.0,0.0
2024-08-20 11:38:00-04:00,9.430000305175781,9.436200141906738,9.430000305175781,9.4350004196167,23447,0.0,0.0
2024-08-20 11:39:00-04:00,9.430000305175781,9.4399995803833,9.430000305175781,9.43850040435791,48718,0.0,0.0
2024-08-20 11:40:00-04:00,9.437199592590332,9.4399995803833,9.430000305175781,9.4399995803833,45431,0.0,0.0
2024-08-20 11:41:00-04:00,9.4350004196167,9.444999694824219,9.430000305175781,9.4350004196167,33685,0.0,0.0
2024-08-20 11:42:00-04:00,9.4350004196167,9.4350004196167,9.414999961853027,9.414999961853027,80595,0.0,0.0
2024-08-20 11:43:00-04:00,9.414999961853027,9.420000076293945,9.404999732971191,9.404999732971191,13733,0.0,0.0
2024-08-20 11:44:00-04:00,9.404999732971191,9.40999984741211,9.390000343322754,9.404999732971191,45284,0.0,0.0
2024-08-20 11:45:00-04:00,9.399999618530273,9.404999732971191,9.390000343322754,9.390000343322754,6994,0.0,0.0
2024-08-20 11:46:00-04:00,9.39050006866455,9.399999618530273,9.39050006866455,9.395000457763672,9374,0.0,0.0
2024-08-20 11:47:00-04:00,9.390000343322754,9.399900436401367,9.385000228881836,9.395000457763672,44883,0.0,0.0
2024-08-20 11:48:00-04:00,9.390000343322754,9.399900436401367,9.385000228881836,9.385000228881836,34816,0.0,0.0
2024-08-20 11:49:00-04:00,9.385000228881836,9.390000343322754,9.38129997253418,9.385000228881836,22043,0.0,0.0
2024-08-20 11:50:00-04:00,9.390000343322754,9.395000457763672,9.385000228881836,9.385000228881836,61110,0.0,0.0
2024-08-20 11:51:00-04:00,9.389900207519531,9.399999618530273,9.385000228881836,9.395000457763672,60124,0.0,0.0
2024-08-20 11:52:00-04:00,9.395000457763672,9.396200180053711,9.390000343322754,9.395000457763672,2260,0.0,0.0
2024-08-20 11:53:00-04:00,9.395000457763672,9.399999618530273,9.369999885559082,9.385000228881836,49852,0.0,0.0
2024-08-20 11:54:00-04:00,9.385000228881836,9.390000343322754,9.380999565124512,9.385000228881836,8389,0.0,0.0
2024-08-20 11:55:00-04:00,9.385000228881836,9.390000343322754,9.380000114440918,9.390000343322754,5664,0.0,0.0
2024-08-20 11:56:00-04:00,9.380000114440918,9.390000343322754,9.380000114440918,9.390000343322754,2224,0.0,0.0
2024-08-20 11:57:00-04:00,9.390000343322754,9.390000343322754,9.380000114440918,9.385000228881836,6362,0.0,0.0
2024-08-20 11:58:00-04:00,9.385000228881836,9.390000343322754,9.380000114440918,9.385000228881836,7618,0.0,0.0
2024-08-20 11:59:00-04:00,9.385000228881836,9.390000343322754,9.380000114440918,9.385000228881836,3842,0.0,0.0
2024-08-20 12:00:00-04:00,9.385000228881836,9.385000228881836,9.380000114440918,9.380000114440918,3104,0.0,0.0
2024-08-20 12:01:00-04:00,9.380000114440918,9.387100219726562,9.380000114440918,9.380000114440918,2573,0.0,0.0
2024-08-20 12:02:00-04:00,9.380000114440918,9.380000114440918,9.369999885559082,9.375,12452,0.0,0.0
2024-08-20 12:03:00-04:00,9.369999885559082,9.369999885559082,9.359999656677246,9.359999656677246,4647,0.0,0.0
2024-08-20 12:04:00-04:00,9.359999656677246,9.369999885559082,9.350000381469727,9.364999771118164,75193,0.0,0.0
2024-08-20 12:05:00-04:00,9.364999771118164,9.380000114440918,9.364999771118164,9.380000114440918,40327,0.0,0.0
2024-08-20 12:06:00-04:00,9.370100021362305,9.380000114440918,9.369999885559082,9.378800392150879,4731,0.0,0.0
2024-08-20 12:07:00-04:00,9.369999885559082,9.380000114440918,9.369999885559082,9.380000114440918,2342,0.0,0.0
2024-08-20 12:08:00-04:00,9.375,9.385000228881836,9.375,9.385000228881836,22556,0.0,0.0
2024-08-20 12:09:00-04:00,9.385000228881836,9.399999618530273,9.385000228881836,9.399999618530273,44310,0.0,0.0
2024-08-20 12:10:00-04:00,9.395000457763672,9.40999984741211,9.390000343322754,9.390000343322754,79989,0.0,0.0
2024-08-20 12:11:00-04:00,9.399999618530273,9.399999618530273,9.395000457763672,9.395000457763672,3740,0.0,0.0
2024-08-20 12:12:00-04:00,9.399999618530273,9.40999984741211,9.395400047302246,9.40999984741211,47872,0.0,0.0
2024-08-20 12:13:00-04:00,9.414999961853027,9.425000190734863,9.414999961853027,9.420100212097168,17006,0.0,0.0
2024-08-20 12:14:00-04:00,9.430000305175781,9.4399995803833,9.425000190734863,9.4350004196167,139025,0.0,0.0
2024-08-20 12:15:00-04:00,9.4350004196167,9.4399995803833,9.430000305175781,9.4350004196167,29343,0.0,0.0
2024-08-20 12:16:00-04:00,9.430000305175781,9.444999694824219,9.430000305175781,9.444999694824219,39819,0.0,0.0
2024-08-20 12:17:00-04:00,9.4399995803833,9.4399995803833,9.414999961853027,9.414999961853027,35721,0.0,0.0
2024-08-20 12:18:00-04:00,9.414999961853027,9.415300369262695,9.414999961853027,9.415300369262695,3407,0.0,0.0
2024-08-20 12:19:00-04:00,9.414999961853027,9.414999961853027,9.399999618530273,9.404999732971191,14263,0.0,0.0
2024-08-20 12:20:00-04:00,9.404999732971191,9.404999732971191,9.385000228881836,9.385000228881836,41857,0.0,0.0
2024-08-20 12:21:00-04:00,9.385000228881836,9.389900207519531,9.380000114440918,9.380000114440918,33255,0.0,0.0
2024-08-20 12:22:00-04:00,9.385000228881836,9.390000343322754,9.380000114440918,9.385000228881836,24325,0.0,0.0
2024-08-20 12:23:00-04:00,9.385000228881836,9.390000343322754,9.380000114440918,9.380000114440918,18165,0.0,0.0
2024-08-20 12:24:00-04:00,9.380000114440918,9.395000457763672,9.380000114440918,9.395000457763672,53314,0.0,0.0
2024-08-20 12:25:00-04:00,9.390000343322754,9.390000343322754,9.385000228881836,9.385000228881836,24080,0.0,0.0
2024-08-20 12:26:00-04:00,9.385000228881836,9.390000343322754,9.380000114440918,9.380000114440918,8552,0.0,0.0
2024-08-20 12:27:00-04:00,9.382399559020996,9.382399559020996,9.382399559020996,9.382399559020996,2111,0.0,0.0
2024-08-20 12:28:00-04:00,9.385000228881836,9.395899772644043,9.380000114440918,9.380000114440918,41645,0.0,0.0
2024-08-20 12:29:00-04:00,9.380000114440918,9.380000114440918,9.375,9.380000114440918,13732,0.0,0.0
2024-08-20 12:30:00-04:00,9.370100021362305,9.38010025024414,9.370100021362305,9.38010025024414,42059,0.0,0.0
2024-08-20 12:31:00-04:00,9.385000228881836,9.390000343322754,9.375,9.375,37419,0.0,0.0
2024-08-20 12:32:00-04:00,9.380000114440918,9.380000114440918,9.369999885559082,9.375,6588,0.0,0.0
2024-08-20 12:33:00-04:00,9.369999885559082,9.375,9.362500190734863,9.364999771118164,19349,0.0,0.0
2024-08-20 12:34:00-04:00,9.369999885559082,9.375900268554688,9.369999885559082,9.375900268554688,28322,0.0,0.0
2024-08-20 12:35:00-04:00,9.375,9.385000228881836,9.364999771118164,9.369999885559082,61771,0.0,0.0
2024-08-20 12:36:00-04:00,9.366999626159668,9.369999885559082,9.359999656677246,9.369999885559082,13066,0.0,0.0
2024-08-20 12:37:00-04:00,9.36989974975586,9.399999618530273,9.36989974975586,9.399999618530273,94086,0.0,0.0
2024-08-20 12:38:00-04:00,9.395000457763672,9.399999618530273,9.390000343322754,9.399999618530273,5578,0.0,0.0
2024-08-20 12:39:00-04:00,9.395000457763672,9.395000457763672,9.395000457763672,9.395000457763672,352,0.0,0.0
2024-08-20 12:40:00-04:00,9.395400047302246,9.395400047302246,9.369999885559082,9.369999885559082,54525,0.0,0.0
2024-08-20 12:41:00-04:00,9.369999885559082,9.380000114440918,9.369999885559082,9.380000114440918,3859,0.0,0.0
2024-08-20 12:42:00-04:00,9.380000114440918,9.380000114440918,9.369999885559082,9.380000114440918,42162,0.0,0.0
2024-08-20 12:43:00-04:00,9.369999885559082,9.375,9.369999885559082,9.375,13308,0.0,0.0
2024-08-20 12:44:00-04:00,9.375,9.390000343322754,9.375,9.385000228881836,33008,0.0,0.0
2024-08-20 12:45:00-04:00,9.390000343322754,9.390000343322754,9.380000114440918,9.390000343322754,15623,0.0,0.0
2024-08-20 12:46:00-04:00,9.390000343322754,9.399900436401367,9.385000228881836,9.390000343322754,45504,0.0,0.0
2024-08-20 12:47:00-04:00,9.39009952545166,9.399999618530273,9.39009952545166,9.399999618530273,16519,0.0,0.0
2024-08-20 12:48:00-04:00,9.399999618530273,9.420000076293945,9.390000343322754,9.420000076293945,24622,0.0,0.0
2024-08-20 12:49:00-04:00,9.420000076293945,9.420000076293945,9.410099983215332,9.420000076293945,11513,0.0,0.0
2024-08-20 12:50:00-04:00,9.419899940490723,9.419899940490723,9.399999618530273,9.400099754333496,49889,0.0,0.0
2024-08-20 12:51:00-04:00,9.40999984741211,9.414999961853027,9.404999732971191,9.404999732971191,46946,0.0,0.0
2024-08-20 12:52:00-04:00,9.409899711608887,9.40999984741211,9.399999618530273,9.40999984741211,38799,0.0,0.0
2024-08-20 12:53:00-04:00,9.404999732971191,9.40999984741211,9.404999732971191,9.40999984741211,3907,0.0,0.0
2024-08-20 12:54:00-04:00,9.399999618530273,9.40999984741211,9.399999618530273,9.40999984741211,33054,0.0,0.0
2024-08-20 12:55:00-04:00,9.404999732971191,9.414999961853027,9.399999618530273,9.414999961853027,47261,0.0,0.0
2024-08-20 12:56:00-04:00,9.414999961853027,9.420000076293945,9.403300285339355,9.414999961853027,68370,0.0,0.0
2024-08-20 12:57:00-04:00,9.40999984741211,9.420000076293945,9.40999984741211,9.416099548339844,14035,0.0,0.0
2024-08-20 12:58:00-04:00,9.416899681091309,9.420000076293945,9.414999961853027,9.420000076293945,691,0.0,0.0
2024-08-20 12:59:00-04:00,9.40999984741211,9.420000076293945,9.404999732971191,9.404999732971191,50287,0.0,0.0
2024-08-20 13:00:00-04:00,9.406000137329102,9.406000137329102,9.375,9.380000114440918,156513,0.0,0.0
2024-08-20 13:01:00-04:00,9.380000114440918,9.385000228881836,9.369999885559082,9.385000228881836,54831,0.0,0.0
2024-08-20 13:02:00-04:00,9.385000228881836,9.38539981842041,9.375,9.375,31162,0.0,0.0
2024-08-20 13:03:00-04:00,9.380000114440918,9.389900207519531,9.375,9.387999534606934,29053,0.0,0.0
2024-08-20 13:04:00-04:00,9.385000228881836,9.385000228881836,9.380000114440918,9.385000228881836,6768,0.0,0.0
2024-08-20 13:05:00-04:00,9.385000228881836,9.385000228881836,9.375,9.385000228881836,44139,0.0,0.0
2024-08-20 13:06:00-04:00,9.385000228881836,9.399999618530273,9.385000228881836,9.399999618530273,33089,0.0,0.0
2024-08-20 13:07:00-04:00,9.395000457763672,9.399999618530273,9.39009952545166,9.39009952545166,7829,0.0,0.0
2024-08-20 13:08:00-04:00,9.395000457763672,9.40999984741211,9.395000457763672,9.400099754333496,45945,0.0,0.0
2024-08-20 13:09:00-04:00,9.404999732971191,9.40999984741211,9.404999732971191,9.404999732971191,9744,0.0,0.0
2024-08-20 13:10:00-04:00,9.409899711608887,9.40999984741211,9.399999618530273,9.404999732971191,22660,0.0,0.0
2024-08-20 13:11:00-04:00,9.405400276184082,9.40999984741211,9.404999732971191,9.40999984741211,30281,0.0,0.0
2024-08-20 13:12:00-04:00,9.399999618530273,9.399999618530273,9.380000114440918,9.390000343322754,61610,0.0,0.0
2024-08-20 13:13:00-04:00,9.385000228881836,9.385000228881836,9.385000228881836,9.385000228881836,485,0.0,0.0
2024-08-20 13:14:00-04:00,9.385000228881836,9.385000228881836,9.354999542236328,9.364999771118164,113734,0.0,0.0
2024-08-20 13:15:00-04:00,9.369999885559082,9.380000114440918,9.364700317382812,9.375,54752,0.0,0.0
2024-08-20 13:16:00-04:00,9.375,9.390000343322754,9.375,9.380000114440918,47920,0.0,0.0
2024-08-20 13:17:00-04:00,9.380000114440918,9.399999618530273,9.380000114440918,9.399999618530273,36595,0.0,0.0
2024-08-20 13:18:00-04:00,9.395000457763672,9.399999618530273,9.395000457763672,9.399999618530273,10980,0.0,0.0
2024-08-20 13:19:00-04:00,9.399800300598145,9.399999618530273,9.390000343322754,9.398200035095215,19865,0.0,0.0
2024-08-20 13:20:00-04:00,9.399999618530273,9.399999618530273,9.395000457763672,9.399999618530273,7391,0.0,0.0
2024-08-20 13:21:00-04:00,9.399900436401367,9.399999618530273,9.395000457763672,9.395000457763672,2315,0.0,0.0
2024-08-20 13:22:00-04:00,9.395000457763672,9.399999618530273,9.395000457763672,9.395000457763672,3202,0.0,0.0
2024-08-20 13:23:00-04:00,9.395000457763672,9.404999732971191,9.39009952545166,9.39009952545166,91640,0.0,0.0
2024-08-20 13:24:00-04:00,9.399900436401367,9.40999984741211,9.394700050354004,9.404999732971191,32284,0.0,0.0
2024-08-20 13:25:00-04:00,9.404999732971191,9.404999732971191,9.404999732971191,9.404999732971191,209,0.0,0.0
2024-08-20 13:26:00-04:00,9.40999984741211,9.414999961853027,9.399999618530273,9.399999618530273,104274,0.0,0.0
2024-08-20 13:27:00-04:00,9.395000457763672,9.399999618530273,9.395000457763672,9.395000457763672,7093,0.0,0.0
2024-08-20 13:28:00-04:00,9.390000343322754,9.395299911499023,9.390000343322754,9.395000457763672,10090,0.0,0.0
2024-08-20 13:29:00-04:00,9.395000457763672,9.399999618530273,9.395000457763672,9.399999618530273,4418,0.0,0.0
2024-08-20 13:30:00-04:00,9.395000457763672,9.395000457763672,9.380000114440918,9.380000114440918,24483,0.0,0.0
2024-08-20 13:31:00-04:00,9.380000114440918,9.380000114440918,9.375,9.375,21604,0.0,0.0
2024-08-20 13:32:00-04:00,9.380000114440918,9.380000114440918,9.364999771118164,9.36989974975586,16781,0.0,0.0
2024-08-20 13:33:00-04:00,9.359999656677246,9.369999885559082,9.359999656677246,9.360099792480469,3990,0.0,0.0
2024-08-20 13:34:00-04:00,9.359999656677246,9.360400199890137,9.359999656677246,9.359999656677246,15390,0.0,0.0
2024-08-20 13:35:00-04:00,9.359999656677246,9.364999771118164,9.359999656677246,9.364999771118164,5051,0.0,0.0
2024-08-20 13:36:00-04:00,9.369999885559082,9.369999885559082,9.359999656677246,9.359999656677246,6201,0.0,0.0
2024-08-20 13:37:00-04:00,9.369999885559082,9.369999885559082,9.359999656677246,9.364999771118164,7193,0.0,0.0
2024-08-20 13:38:00-04:00,9.369999885559082,9.380000114440918,9.364999771118164,9.380000114440918,61177,0.0,0.0
2024-08-20 13:39:00-04:00,9.379500389099121,9.380000114440918,9.369999885559082,9.370100021362305,38195,0.0,0.0
2024-08-20 13:40:00-04:00,9.380000114440918,9.380000114440918,9.375,9.375,7610,0.0,0.0
2024-08-20 13:41:00-04:00,9.375,9.380000114440918,9.375,9.380000114440918,1701,0.0,0.0
2024-08-20 13:42:00-04:00,9.375,9.380000114440918,9.375,9.375,805,0.0,0.0
2024-08-20 13:43:00-04:00,9.375,9.375,9.359999656677246,9.369999885559082,16333,0.0,0.0
2024-08-20 13:44:00-04:00,9.364999771118164,9.380000114440918,9.364999771118164,9.380000114440918,28058,0.0,0.0
2024-08-20 13:45:00-04:00,9.375,9.375,9.364999771118164,9.369999885559082,32693,0.0,0.0
2024-08-20 13:46:00-04:00,9.364999771118164,9.364999771118164,9.364999771118164,9.364999771118164,417,0.0,0.0
2024-08-20 13:47:00-04:00,9.369999885559082,9.369999885559082,9.364999771118164,9.364999771118164,2511,0.0,0.0
2024-08-20 13:48:00-04:00,9.360099792480469,9.369999885559082,9.360099792480469,9.364999771118164,5022,0.0,0.0
2024-08-20 13:49:00-04:00,9.369999885559082,9.369999885559082,9.364999771118164,9.364999771118164,4920,0.0,0.0
2024-08-20 13:50:00-04:00,9.369999885559082,9.369999885559082,9.359999656677246,9.359999656677246,21964,0.0,0.0
2024-08-20 13:51:00-04:00,9.359999656677246,9.369999885559082,9.359999656677246,9.364999771118164,8322,0.0,0.0
2024-08-20 13:52:00-04:00,9.369999885559082,9.369999885559082,9.359999656677246,9.369999885559082,6971,0.0,0.0
2024-08-20 13:53:00-04:00,9.364999771118164,9.369999885559082,9.359999656677246,9.364999771118164,5143,0.0,0.0
2024-08-20 13:54:00-04:00,9.364999771118164,9.369999885559082,9.359999656677246,9.364999771118164,2171,0.0,0.0
2024-08-20 13:55:00-04:00,9.364999771118164,9.369999885559082,9.364999771118164,9.364999771118164,1990,0.0,0.0
2024-08-20 13:56:00-04:00,9.364999771118164,9.369999885559082,9.359999656677246,9.364999771118164,1555,0.0,0.0
2024-08-20 13:57:00-04:00,9.369999885559082,9.380000114440918,9.359999656677246,9.380000114440918,69808,0.0,0.0
2024-08-20 13:58:00-04:00,9.369999885559082,9.375300407409668,9.369999885559082,9.369999885559082,6085,0.0,0.0
2024-08-20 13:59:00-04:00,9.37090015411377,9.380000114440918,9.37090015411377,9.375,1404,0.0,0.0
2024-08-20 14:00:00-04:00,9.369999885559082,9.375,9.369999885559082,9.375,6760,0.0,0.0
2024-08-20 14:01:00-04:00,9.369999885559082,9.375,9.359999656677246,9.375,78687,0.0,0.0
2024-08-20 14:02:00-04:00,9.375,9.380000114440918,9.375,9.380000114440918,5506,0.0,0.0
2024-08-20 14:03:00-04:00,9.375,9.380000114440918,9.369999885559082,9.375,26623,0.0,0.0
2024-08-20 14:04:00-04:00,9.380000114440918,9.390000343322754,9.375,9.389900207519531,59241,0.0,0.0
2024-08-20 14:05:00-04:00,9.390000343322754,9.390000343322754,9.385000228881836,9.390000343322754,3039,0.0,0.0
2024-08-20 14:06:00-04:00,9.390000343322754,9.399999618530273,9.380000114440918,9.380000114440918,112622,0.0,0.0
2024-08-20 14:07:00-04:00,9.38010025024414,9.385000228881836,9.369999885559082,9.375,33014,0.0,0.0
2024-08-20 14:08:00-04:00,9.378700256347656,9.380000114440918,9.375,9.380000114440918,9459,0.0,0.0
2024-08-20 14:09:00-04:00,9.380000114440918,9.380000114440918,9.375,9.379899978637695,22938,0.0,0.0
2024-08-20 14:10:00-04:00,9.380000114440918,9.385000228881836,9.375,9.385000228881836,55152,0.0,0.0
2024-08-20 14:11:00-04:00,9.38539981842041,9.390000343322754,9.375,9.375,67775,0.0,0.0
2024-08-20 14:12:00-04:00,9.375,9.380000114440918,9.375,9.380000114440918,3579,0.0,0.0
2024-08-20 14:13:00-04:00,9.375399589538574,9.390000343322754,9.369999885559082,9.390000343322754,29308,0.0,0.0
2024-08-20 14:14:00-04:00,9.390000343322754,9.399999618530273,9.38010025024414,9.385000228881836,32318,0.0,0.0
2024-08-20 14:15:00-04:00,9.390000343322754,9.390000343322754,9.380000114440918,9.385000228881836,7904,0.0,0.0
2024-08-20 14:16:00-04:00,9.385000228881836,9.390000343322754,9.385000228881836,9.389900207519531,46849,0.0,0.0
2024-08-20 14:17:00-04:00,9.389900207519531,9.390000343322754,9.380000114440918,9.390000343322754,35225,0.0,0.0
2024-08-20 14:18:00-04:00,9.390000343322754,9.390000343322754,9.385000228881836,9.385000228881836,6237,0.0,0.0
2024-08-20 14:19:00-04:00,9.390000343322754,9.390000343322754,9.382499694824219,9.390000343322754,20403,0.0,0.0
2024-08-20 14:20:00-04:00,9.390000343322754,9.390000343322754,9.382499694824219,9.385000228881836,4569,0.0,0.0
2024-08-20 14:21:00-04:00,9.390000343322754,9.390000343322754,9.382499694824219,9.390000343322754,17487,0.0,0.0
2024-08-20 14:22:00-04:00,9.390000343322754,9.399999618530273,9.385000228881836,9.39009952545166,112557,0.0,0.0
2024-08-20 14:23:00-04:00,9.390000343322754,9.399999618530273,9.385000228881836,9.399999618530273,69784,0.0,0.0
2024-08-20 14:24:00-04:00,9.395000457763672,9.399999618530273,9.395000457763672,9.395000457763672,20322,0.0,0.0
2024-08-20 14:25:00-04:00,9.390000343322754,9.395000457763672,9.375,9.375,53326,0.0,0.0
2024-08-20 14:26:00-04:00,9.380000114440918,9.380000114440918,9.375,9.375,30904,0.0,0.0
2024-08-20 14:27:00-04:00,9.380000114440918,9.390000343322754,9.380000114440918,9.390000343322754,75035,0.0,0.0
2024-08-20 14:28:00-04:00,9.385000228881836,9.390000343322754,9.385000228881836,9.385000228881836,2812,0.0,0.0
2024-08-20 14:29:00-04:00,9.385000228881836,9.390000343322754,9.380000114440918,9.38010025024414,22075,0.0,0.0
2024-08-20 14:30:00-04:00,9.385000228881836,9.385000228881836,9.380000114440918,9.385000228881836,3923,0.0,0.0
2024-08-20 14:31:00-04:00,9.385000228881836,9.385000228881836,9.380000114440918,9.385000228881836,17806,0.0,0.0
2024-08-20 14:32:00-04:00,9.385000228881836,9.395000457763672,9.380000114440918,9.395000457763672,50485,0.0,0.0
2024-08-20 14:33:00-04:00,9.399999618530273,9.399999618530273,9.390000343322754,9.391799926757812,4261,0.0,0.0
2024-08-20 14:34:00-04:00,9.390000343322754,9.399200439453125,9.390000343322754,9.399200439453125,14755,0.0,0.0
2024-08-20 14:35:00-04:00,9.390000343322754,9.399999618530273,9.390000343322754,9.398200035095215,54982,0.0,0.0
2024-08-20 14:36:00-04:00,9.395000457763672,9.399999618530273,9.395000457763672,9.395000457763672,7288,0.0,0.0
2024-08-20 14:37:00-04:00,9.399999618530273,9.40999984741211,9.395000457763672,9.40999984741211,56905,0.0,0.0
2024-08-20 14:38:00-04:00,9.40999984741211,9.40999984741211,9.401800155639648,9.40999984741211,48523,0.0,0.0
2024-08-20 14:39:00-04:00,9.404999732971191,9.40999984741211,9.399999618530273,9.399999618530273,20959,0.0,0.0
2024-08-20 14:40:00-04:00,9.406800270080566,9.407099723815918,9.395000457763672,9.395000457763672,62043,0.0,0.0
2024-08-20 14:41:00-04:00,9.399999618530273,9.40999984741211,9.395000457763672,9.404999732971191,76134,0.0,0.0
2024-08-20 14:42:00-04:00,9.399999618530273,9.40999984741211,9.399999618530273,9.404999732971191,16201,0.0,0.0
2024-08-20 14:43:00-04:00,9.400199890136719,9.407600402832031,9.399999618530273,9.399999618530273,5099,0.0,0.0
2024-08-20 14:44:00-04:00,9.404999732971191,9.40999984741211,9.399999618530273,9.404999732971191,17009,0.0,0.0
2024-08-20 14:45:00-04:00,9.399999618530273,9.404999732971191,9.390000343322754,9.390000343322754,60473,0.0,0.0
2024-08-20 14:46:00-04:00,9.399900436401367,9.399999618530273,9.395000457763672,9.399700164794922,38229,0.0,0.0
2024-08-20 14:47:00-04:00,9.399999618530273,9.40999984741211,9.396200180053711,9.404999732971191,57914,0.0,0.0
2024-08-20 14:48:00-04:00,9.40999984741211,9.40999984741211,9.404999732971191,9.404999732971191,4105,0.0,0.0
2024-08-20 14:49:00-04:00,9.40999984741211,9.40999984741211,9.399999618530273,9.404999732971191,35792,0.0,0.0
2024-08-20 14:50:00-04:00,9.404999732971191,9.40999984741211,9.404999732971191,9.40999984741211,5658,0.0,0.0
2024-08-20 14:51:00-04:00,9.405699729919434,9.40999984741211,9.405699729919434,9.40999984741211,838,0.0,0.0
2024-08-20 14:52:00-04:00,9.40999984741211,9.40999984741211,9.395000457763672,9.395000457763672,80574,0.0,0.0
2024-08-20 14:53:00-04:00,9.390000343322754,9.395000457763672,9.380200386047363,9.385000228881836,55474,0.0,0.0
2024-08-20 14:54:00-04:00,9.385000228881836,9.390000343322754,9.385000228881836,9.385000228881836,3066,0.0,0.0
2024-08-20 14:55:00-04:00,9.385000228881836,9.385000228881836,9.369999885559082,9.375,56115,0.0,0.0
2024-08-20 14:56:00-04:00,9.375,9.376299858093262,9.369999885559082,9.369999885559082,12511,0.0,0.0
2024-08-20 14:57:00-04:00,9.375,9.379899978637695,9.369999885559082,9.375,7564,0.0,0.0
2024-08-20 14:58:00-04:00,9.375,9.37600040435791,9.369999885559082,9.375,9735,0.0,0.0
2024-08-20 14:59:00-04:00,9.375,9.380000114440918,9.369999885559082,9.375,1937,0.0,0.0
2024-08-20 15:00:00-04:00,9.375,9.380000114440918,9.369999885559082,9.375,13352,0.0,0.0
2024-08-20 15:01:00-04:00,9.375,9.380000114440918,9.369999885559082,9.375,27971,0.0,0.0
2024-08-20 15:02:00-04:00,9.375,9.380000114440918,9.369999885559082,9.375,19088,0.0,0.0
2024-08-20 15:03:00-04:00,9.380000114440918,9.380000114440918,9.375,9.375,9682,0.0,0.0
2024-08-20 15:04:00-04:00,9.369999885559082,9.380000114440918,9.369999885559082,9.375,24921,0.0,0.0
2024-08-20 15:05:00-04:00,9.375,9.380000114440918,9.369999885559082,9.375,21217,0.0,0.0
2024-08-20 15:06:00-04:00,9.375,9.380000114440918,9.369999885559082,9.375,26964,0.0,0.0
2024-08-20 15:07:00-04:00,9.375,9.380000114440918,9.369999885559082,9.375,14803,0.0,0.0
2024-08-20 15:08:00-04:00,9.369999885559082,9.380000114440918,9.369999885559082,9.369999885559082,10169,0.0,0.0
2024-08-20 15:09:00-04:00,9.369999885559082,9.380000114440918,9.364999771118164,9.364999771118164,178788,0.0,0.0
2024-08-20 15:10:00-04:00,9.369999885559082,9.369999885559082,9.359999656677246,9.36970043182373,11987,0.0,0.0
2024-08-20 15:11:00-04:00,9.369999885559082,9.369999885559082,9.359999656677246,9.359999656677246,89633,0.0,0.0
2024-08-20 15:12:00-04:00,9.369999885559082,9.369999885559082,9.359999656677246,9.364999771118164,5501,0.0,0.0
2024-08-20 15:13:00-04:00,9.364999771118164,9.364999771118164,9.360099792480469,9.360099792480469,3012,0.0,0.0
2024-08-20 15:14:00-04:00,9.364999771118164,9.369999885559082,9.359999656677246,9.359999656677246,40599,0.0,0.0
2024-08-20 15:15:00-04:00,9.362000465393066,9.369999885559082,9.359999656677246,9.364999771118164,30639,0.0,0.0
2024-08-20 15:16:00-04:00,9.364999771118164,9.369999885559082,9.359999656677246,9.364999771118164,29279,0.0,0.0
2024-08-20 15:17:00-04:00,9.364999771118164,9.369999885559082,9.359999656677246,9.369999885559082,55622,0.0,0.0
2024-08-20 15:18:00-04:00,9.359999656677246,9.364999771118164,9.359999656677246,9.364999771118164,13090,0.0,0.0
2024-08-20 15:19:00-04:00,9.364999771118164,9.369999885559082,9.354999542236328,9.364999771118164,264991,0.0,0.0
2024-08-20 15:20:00-04:00,9.369999885559082,9.369999885559082,9.360099792480469,9.364999771118164,57574,0.0,0.0
2024-08-20 15:21:00-04:00,9.364999771118164,9.369999885559082,9.359999656677246,9.364999771118164,39311,0.0,0.0
2024-08-20 15:22:00-04:00,9.362500190734863,9.369999885559082,9.359999656677246,9.364999771118164,16636,0.0,0.0
2024-08-20 15:23:00-04:00,9.364999771118164,9.380000114440918,9.364999771118164,9.380000114440918,146106,0.0,0.0
2024-08-20 15:24:00-04:00,9.380000114440918,9.380000114440918,9.369999885559082,9.371000289916992,75420,0.0,0.0
2024-08-20 15:25:00-04:00,9.375,9.385000228881836,9.369999885559082,9.385000228881836,118070,0.0,0.0
2024-08-20 15:26:00-04:00,9.385000228881836,9.390000343322754,9.38010025024414,9.390000343322754,5904,0.0,0.0
2024-08-20 15:27:00-04:00,9.390000343322754,9.390000343322754,9.381099700927734,9.385000228881836,3565,0.0,0.0
2024-08-20 15:28:00-04:00,9.38129997253418,9.387299537658691,9.38129997253418,9.387299537658691,1187,0.0,0.0
2024-08-20 15:29:00-04:00,9.385000228881836,9.385000228881836,9.380000114440918,9.385000228881836,20293,0.0,0.0
2024-08-20 15:30:00-04:00,9.385000228881836,9.390000343322754,9.385000228881836,9.390000343322754,10815,0.0,0.0
2024-08-20 15:31:00-04:00,9.385000228881836,9.399999618530273,9.385000228881836,9.395000457763672,130528,0.0,0.0
2024-08-20 15:32:00-04:00,9.395000457763672,9.399999618530273,9.390000343322754,9.395000457763672,5801,0.0,0.0
2024-08-20 15:33:00-04:00,9.395000457763672,9.399999618530273,9.390000343322754,9.390000343322754,28455,0.0,0.0
2024-08-20 15:34:00-04:00,9.399999618530273,9.406299591064453,9.395000457763672,9.404999732971191,134751,0.0,0.0
2024-08-20 15:35:00-04:00,9.404999732971191,9.40999984741211,9.400099754333496,9.40999984741211,12845,0.0,0.0
2024-08-20 15:36:00-04:00,9.40999984741211,9.40999984741211,9.395000457763672,9.399999618530273,70424,0.0,0.0
2024-08-20 15:37:00-04:00,9.395000457763672,9.395000457763672,9.395000457763672,9.395000457763672,3804,0.0,0.0
2024-08-20 15:38:00-04:00,9.399999618530273,9.399999618530273,9.390000343322754,9.399999618530273,29702,0.0,0.0
2024-08-20 15:39:00-04:00,9.399900436401367,9.399999618530273,9.39490032196045,9.396200180053711,11344,0.0,0.0
2024-08-20 15:40:00-04:00,9.395000457763672,9.399999618530273,9.395000457763672,9.399999618530273,36902,0.0,0.0
2024-08-20 15:41:00-04:00,9.395000457763672,9.40999984741211,9.395000457763672,9.400099754333496,110847,0.0,0.0
2024-08-20 15:42:00-04:00,9.404999732971191,9.405699729919434,9.390000343322754,9.399999618530273,132445,0.0,0.0
2024-08-20 15:43:00-04:00,9.399900436401367,9.399999618530273,9.39009952545166,9.395000457763672,7056,0.0,0.0
2024-08-20 15:44:00-04:00,9.395000457763672,9.399999618530273,9.395000457763672,9.395000457763672,2660,0.0,0.0
2024-08-20 15:45:00-04:00,9.395000457763672,9.399999618530273,9.39009952545166,9.395000457763672,18449,0.0,0.0
2024-08-20 15:46:00-04:00,9.390000343322754,9.399999618530273,9.390000343322754,9.395000457763672,28840,0.0,0.0
2024-08-20 15:47:00-04:00,9.395000457763672,9.399999618530273,9.395000457763672,9.399999618530273,18365,0.0,0.0
2024-08-20 15:48:00-04:00,9.39009952545166,9.399999618530273,9.390000343322754,9.399999618530273,78065,0.0,0.0
2024-08-20 15:49:00-04:00,9.399999618530273,9.399999618530273,9.390000343322754,9.399999618530273,89365,0.0,0.0
2024-08-20 15:50:00-04:00,9.399999618530273,9.420000076293945,9.399999618530273,9.419899940490723,240259,0.0,0.0
2024-08-20 15:51:00-04:00,9.420000076293945,9.420000076293945,9.399999618530273,9.409899711608887,239891,0.0,0.0
2024-08-20 15:52:00-04:00,9.404999732971191,9.40999984741211,9.395000457763672,9.395000457763672,165397,0.0,0.0
2024-08-20 15:53:00-04:00,9.395000457763672,9.40999984741211,9.390000343322754,9.399999618530273,226031,0.0,0.0
2024-08-20 15:54:00-04:00,9.399999618530273,9.40999984741211,9.399999618530273,9.399999618530273,54029,0.0,0.0
2024-08-20 15:55:00-04:00,9.399999618530273,9.40999984741211,9.390000343322754,9.390000343322754,132737,0.0,0.0
2024-08-20 15:56:00-04:00,9.39009952545166,9.399999618530273,9.39009952545166,9.399999618530273,100135,0.0,0.0
2024-08-20 15:57:00-04:00,9.399999618530273,9.399999618530273,9.390000343322754,9.399999618530273,47415,0.0,0.0
2024-08-20 15:58:00-04:00,9.399999618530273,9.40999984741211,9.390000343322754,9.404999732971191,374773,0.0,0.0
2024-08-20 15:59:00-04:00,9.404999732971191,9.404999732971191,9.385000228881836,9.390000343322754,535362,0.0,0.0
2024-08-21 09:30:00-04:00,9.380000114440918,9.40999984741211,9.340999603271484,9.345000267028809,142779,0.0,0.0
2024-08-21 09:31:00-04:00,9.345000267028809,9.350000381469727,9.319999694824219,9.34000015258789,51585,0.0,0.0
2024-08-21 09:32:00-04:00,9.345199584960938,9.345199584960938,9.3100004196167,9.319999694824219,26734,0.0,0.0
2024-08-21 09:33:00-04:00,9.3100004196167,9.3100004196167,9.300000190734863,9.300000190734863,9383,0.0,0.0
2024-08-21 09:34:00-04:00,9.300000190734863,9.3100004196167,9.279999732971191,9.3100004196167,26770,0.0,0.0
2024-08-21 09:35:00-04:00,9.319999694824219,9.319999694824219,9.309900283813477,9.3100004196167,9794,0.0,0.0
2024-08-21 09:36:00-04:00,9.319999694824219,9.330100059509277,9.319999694824219,9.329999923706055,15045,0.0,0.0
2024-08-21 09:37:00-04:00,9.329999923706055,9.329999923706055,9.28499984741211,9.289999961853027,6484,0.0,0.0
2024-08-21 09:38:00-04:00,9.28499984741211,9.28499984741211,9.270000457763672,9.279999732971191,12321,0.0,0.0
2024-08-21 09:39:00-04:00,9.289999961853027,9.305000305175781,9.289999961853027,9.295000076293945,11744,0.0,0.0
2024-08-21 09:40:00-04:00,9.289999961853027,9.289999961853027,9.274999618530273,9.274999618530273,5089,0.0,0.0
2024-08-21 09:41:00-04:00,9.279999732971191,9.279999732971191,9.260000228881836,9.260000228881836,42243,0.0,0.0
2024-08-21 09:42:00-04:00,9.255999565124512,9.270000457763672,9.239999771118164,9.239999771118164,73174,0.0,0.0
2024-08-21 09:43:00-04:00,9.225000381469727,9.239999771118164,9.220000267028809,9.229999542236328,26856,0.0,0.0
2024-08-21 09:44:00-04:00,9.229999542236328,9.229999542236328,9.210000038146973,9.220000267028809,21687,0.0,0.0
2024-08-21 09:45:00-04:00,9.220000267028809,9.244999885559082,9.21500015258789,9.244999885559082,29275,0.0,0.0
2024-08-21 09:46:00-04:00,9.239999771118164,9.244999885559082,9.220100402832031,9.229999542236328,8241,0.0,0.0
2024-08-21 09:47:00-04:00,9.229999542236328,9.229999542236328,9.220000267028809,9.229900360107422,15441,0.0,0.0
2024-08-21 09:48:00-04:00,9.229999542236328,9.240300178527832,9.229900360107422,9.229900360107422,14677,0.0,0.0
2024-08-21 09:49:00-04:00,9.220000267028809,9.229999542236328,9.220000267028809,9.229900360107422,2130,0.0,0.0
2024-08-21 09:50:00-04:00,9.220000267028809,9.220000267028809,9.210000038146973,9.21500015258789,13148,0.0,0.0
2024-08-21 09:51:00-04:00,9.21500015258789,9.21500015258789,9.1899995803833,9.1899995803833,39368,0.0,0.0
2024-08-21 09:52:00-04:00,9.194999694824219,9.210000038146973,9.1899995803833,9.206100463867188,29182,0.0,0.0
2024-08-21 09:53:00-04:00,9.204999923706055,9.220000267028809,9.199999809265137,9.220000267028809,13007,0.0,0.0
2024-08-21 09:54:00-04:00,9.210000038146973,9.229999542236328,9.199999809265137,9.21500015258789,86503,0.0,0.0
2024-08-21 09:55:00-04:00,9.21500015258789,9.220000267028809,9.20009994506836,9.217499732971191,28733,0.0,0.0
2024-08-21 09:56:00-04:00,9.21500015258789,9.229999542236328,9.210000038146973,9.229900360107422,21945,0.0,0.0
2024-08-21 09:57:00-04:00,9.229999542236328,9.239999771118164,9.21500015258789,9.21500015258789,42511,0.0,0.0
2024-08-21 09:58:00-04:00,9.220000267028809,9.220000267028809,9.210000038146973,9.210000038146973,49222,0.0,0.0
2024-08-21 09:59:00-04:00,9.211199760437012,9.225000381469727,9.211199760437012,9.220000267028809,14617,0.0,0.0
2024-08-21 10:00:00-04:00,9.220000267028809,9.229999542236328,9.199999809265137,9.21500015258789,69655,0.0,0.0
2024-08-21 10:01:00-04:00,9.210000038146973,9.229999542236328,9.210000038146973,9.227999687194824,13241,0.0,0.0
2024-08-21 10:02:00-04:00,9.225000381469727,9.229999542236328,9.199999809265137,9.210100173950195,34977,0.0,0.0
2024-08-21 10:03:00-04:00,9.211999893188477,9.21500015258789,9.20009994506836,9.21500015258789,52844,0.0,0.0
2024-08-21 10:04:00-04:00,9.21500015258789,9.215399742126465,9.199999809265137,9.21500015258789,27372,0.0,0.0
2024-08-21 10:05:00-04:00,9.21030044555664,9.229999542236328,9.210000038146973,9.229999542236328,39307,0.0,0.0
2024-08-21 10:06:00-04:00,9.225799560546875,9.229999542236328,9.20009994506836,9.20989990234375,34164,0.0,0.0
2024-08-21 10:07:00-04:00,9.209799766540527,9.21500015258789,9.194999694824219,9.199999809265137,47263,0.0,0.0
2024-08-21 10:08:00-04:00,9.194499969482422,9.199999809265137,9.1850004196167,9.1899995803833,21762,0.0,0.0
2024-08-21 10:09:00-04:00,9.1850004196167,9.1850004196167,9.15999984741211,9.180000305175781,69705,0.0,0.0
2024-08-21 10:10:00-04:00,9.180000305175781,9.180000305175781,9.175000190734863,9.179800033569336,12895,0.0,0.0
2024-08-21 10:11:00-04:00,9.180000305175781,9.1899995803833,9.164999961853027,9.164999961853027,37798,0.0,0.0
2024-08-21 10:12:00-04:00,9.170000076293945,9.175000190734863,9.164999961853027,9.175000190734863,33608,0.0,0.0
2024-08-21 10:13:00-04:00,9.175000190734863,9.199999809265137,9.162199974060059,9.199999809265137,58089,0.0,0.0
2024-08-21 10:14:00-04:00,9.1899995803833,9.199999809265137,9.1850004196167,9.189900398254395,24533,0.0,0.0
2024-08-21 10:15:00-04:00,9.189599990844727,9.1899995803833,9.175000190734863,9.179900169372559,49444,0.0,0.0
2024-08-21 10:16:00-04:00,9.175000190734863,9.175800323486328,9.170000076293945,9.175000190734863,12561,0.0,0.0
2024-08-21 10:17:00-04:00,9.170000076293945,9.199999809265137,9.170000076293945,9.199999809265137,47807,0.0,0.0
2024-08-21 10:18:00-04:00,9.20009994506836,9.20989990234375,9.190099716186523,9.194999694824219,22937,0.0,0.0
2024-08-21 10:19:00-04:00,9.194999694824219,9.199999809265137,9.190099716186523,9.194999694824219,6266,0.0,0.0
2024-08-21 10:20:00-04:00,9.1899995803833,9.199999809265137,9.1899995803833,9.194999694824219,1326,0.0,0.0
2024-08-21 10:21:00-04:00,9.199999809265137,9.199999809265137,9.1850004196167,9.194999694824219,40163,0.0,0.0
2024-08-21 10:22:00-04:00,9.1899995803833,9.199899673461914,9.1899995803833,9.199899673461914,7922,0.0,0.0
2024-08-21 10:23:00-04:00,9.1899995803833,9.194999694824219,9.1899995803833,9.1899995803833,5248,0.0,0.0
2024-08-21 10:24:00-04:00,9.194999694824219,9.220000267028809,9.1899995803833,9.21500015258789,45500,0.0,0.0
2024-08-21 10:25:00-04:00,9.21500015258789,9.220000267028809,9.210000038146973,9.220000267028809,11044,0.0,0.0
2024-08-21 10:26:00-04:00,9.220000267028809,9.220000267028809,9.204999923706055,9.204999923706055,51589,0.0,0.0
2024-08-21 10:27:00-04:00,9.20989990234375,9.210000038146973,9.199999809265137,9.204999923706055,20790,0.0,0.0
2024-08-21 10:28:00-04:00,9.204999923706055,9.210000038146973,9.1899995803833,9.1899995803833,34564,0.0,0.0
2024-08-21 10:29:00-04:00,9.1899995803833,9.1899995803833,9.15999984741211,9.164999961853027,97397,0.0,0.0
2024-08-21 10:30:00-04:00,9.164999961853027,9.180000305175781,9.15999984741211,9.175000190734863,91566,0.0,0.0
2024-08-21 10:31:00-04:00,9.175000190734863,9.180000305175781,9.170000076293945,9.175000190734863,9100,0.0,0.0
2024-08-21 10:32:00-04:00,9.175000190734863,9.180000305175781,9.164999961853027,9.175000190734863,80490,0.0,0.0
2024-08-21 10:33:00-04:00,9.170000076293945,9.175399780273438,9.149999618530273,9.151000022888184,30409,0.0,0.0
2024-08-21 10:34:00-04:00,9.154999732971191,9.15999984741211,9.149999618530273,9.149999618530273,71030,0.0,0.0
2024-08-21 10:35:00-04:00,9.144700050354004,9.149900436401367,9.135000228881836,9.140000343322754,45772,0.0,0.0
2024-08-21 10:36:00-04:00,9.140000343322754,9.15999984741211,9.140000343322754,9.154999732971191,85198,0.0,0.0
2024-08-21 10:37:00-04:00,9.154999732971191,9.170000076293945,9.154999732971191,9.164999961853027,46557,0.0,0.0
2024-08-21 10:38:00-04:00,9.160200119018555,9.170000076293945,9.160200119018555,9.164999961853027,7215,0.0,0.0
2024-08-21 10:39:00-04:00,9.165399551391602,9.165399551391602,9.15999984741211,9.164999961853027,5298,0.0,0.0
2024-08-21 10:40:00-04:00,9.164999961853027,9.164999961853027,9.135000228881836,9.135000228881836,44429,0.0,0.0
2024-08-21 10:41:00-04:00,9.130000114440918,9.140000343322754,9.119999885559082,9.135000228881836,98531,0.0,0.0
2024-08-21 10:42:00-04:00,9.130000114440918,9.145000457763672,9.130000114440918,9.14009952545166,54891,0.0,0.0
2024-08-21 10:43:00-04:00,9.149999618530273,9.170000076293945,9.149900436401367,9.170000076293945,61853,0.0,0.0
2024-08-21 10:44:00-04:00,9.170000076293945,9.180000305175781,9.164999961853027,9.180000305175781,94203,0.0,0.0
2024-08-21 10:45:00-04:00,9.170000076293945,9.1850004196167,9.170000076293945,9.180000305175781,66574,0.0,0.0
2024-08-21 10:46:00-04:00,9.177000045776367,9.177000045776367,9.15999984741211,9.164999961853027,77088,0.0,0.0
2024-08-21 10:47:00-04:00,9.164999961853027,9.1899995803833,9.164999961853027,9.1899995803833,44777,0.0,0.0
2024-08-21 10:48:00-04:00,9.1899995803833,9.1899995803833,9.180000305175781,9.1850004196167,3271,0.0,0.0
2024-08-21 10:49:00-04:00,9.1899995803833,9.199999809265137,9.1850004196167,9.199999809265137,42133,0.0,0.0
2024-08-21 10:50:00-04:00,9.199999809265137,9.204999923706055,9.1899995803833,9.19540023803711,43013,0.0,0.0
2024-08-21 10:51:00-04:00,9.1899995803833,9.199999809265137,9.175000190734863,9.194999694824219,74083,0.0,0.0
2024-08-21 10:52:00-04:00,9.194299697875977,9.199999809265137,9.180000305175781,9.194999694824219,46194,0.0,0.0
2024-08-21 10:53:00-04:00,9.1899995803833,9.194999694824219,9.1850004196167,9.1899995803833,42138,0.0,0.0
2024-08-21 10:54:00-04:00,9.1899995803833,9.199999809265137,9.180000305175781,9.1850004196167,43774,0.0,0.0
2024-08-21 10:55:00-04:00,9.1850004196167,9.1850004196167,9.170000076293945,9.175399780273438,23401,0.0,0.0
2024-08-21 10:56:00-04:00,9.180000305175781,9.180000305175781,9.164999961853027,9.170000076293945,43693,0.0,0.0
2024-08-21 10:57:00-04:00,9.163100242614746,9.175000190734863,9.15999984741211,9.170000076293945,22768,0.0,0.0
2024-08-21 10:58:00-04:00,9.175399780273438,9.180000305175781,9.175000190734863,9.180000305175781,6580,0.0,0.0
2024-08-21 10:59:00-04:00,9.170000076293945,9.170000076293945,9.160099983215332,9.170000076293945,8752,0.0,0.0
2024-08-21 11:00:00-04:00,9.170000076293945,9.175000190734863,9.164999961853027,9.172699928283691,31737,0.0,0.0
2024-08-21 11:01:00-04:00,9.175000190734863,9.175000190734863,9.170000076293945,9.170000076293945,3744,0.0,0.0
2024-08-21 11:02:00-04:00,9.170000076293945,9.175000190734863,9.15999984741211,9.170000076293945,73715,0.0,0.0
2024-08-21 11:03:00-04:00,9.180000305175781,9.180000305175781,9.175000190734863,9.180000305175781,16236,0.0,0.0
2024-08-21 11:04:00-04:00,9.180000305175781,9.180000305175781,9.175000190734863,9.175000190734863,1995,0.0,0.0
2024-08-21 11:05:00-04:00,9.180000305175781,9.199999809265137,9.175000190734863,9.199999809265137,66573,0.0,0.0
2024-08-21 11:06:00-04:00,9.194999694824219,9.199999809265137,9.1850004196167,9.199999809265137,58008,0.0,0.0
2024-08-21 11:07:00-04:00,9.199999809265137,9.210000038146973,9.175000190734863,9.179699897766113,100260,0.0,0.0
2024-08-21 11:08:00-04:00,9.175000190734863,9.1899995803833,9.175000190734863,9.175000190734863,42452,0.0,0.0
2024-08-21 11:09:00-04:00,9.180000305175781,9.180000305175781,9.15999984741211,9.169899940490723,50879,0.0,0.0
2024-08-21 11:10:00-04:00,9.170000076293945,9.170000076293945,9.15999984741211,9.164999961853027,19359,0.0,0.0
2024-08-21 11:11:00-04:00,9.15999984741211,9.180000305175781,9.15999984741211,9.180000305175781,48551,0.0,0.0
2024-08-21 11:12:00-04:00,9.175000190734863,9.180000305175781,9.170000076293945,9.180000305175781,27140,0.0,0.0
2024-08-21 11:13:00-04:00,9.17549991607666,9.194999694824219,9.17549991607666,9.194999694824219,70494,0.0,0.0
2024-08-21 11:14:00-04:00,9.199999809265137,9.199999809265137,9.1899995803833,9.194999694824219,20890,0.0,0.0
2024-08-21 11:15:00-04:00,9.199999809265137,9.199999809265137,9.1899995803833,9.199999809265137,14154,0.0,0.0
2024-08-21 11:16:00-04:00,9.199999809265137,9.210000038146973,9.194999694824219,9.204999923706055,111030,0.0,0.0
2024-08-21 11:17:00-04:00,9.205599784851074,9.210000038146973,9.1899995803833,9.1899995803833,24810,0.0,0.0
2024-08-21 11:18:00-04:00,9.199999809265137,9.220000267028809,9.194999694824219,9.213299751281738,109063,0.0,0.0
2024-08-21 11:19:00-04:00,9.21500015258789,9.21500015258789,9.1899995803833,9.194999694824219,35765,0.0,0.0
2024-08-21 11:20:00-04:00,9.194999694824219,9.194999694824219,9.180000305175781,9.180000305175781,18492,0.0,0.0
2024-08-21 11:21:00-04:00,9.1850004196167,9.1850004196167,9.180000305175781,9.1850004196167,1116,0.0,0.0
2024-08-21 11:22:00-04:00,9.1899995803833,9.1899995803833,9.180000305175781,9.180000305175781,7707,0.0,0.0
2024-08-21 11:23:00-04:00,9.180000305175781,9.1899995803833,9.180000305175781,9.180000305175781,9896,0.0,0.0
2024-08-21 11:24:00-04:00,9.180000305175781,9.199999809265137,9.180000305175781,9.1899995803833,58448,0.0,0.0
2024-08-21 11:25:00-04:00,9.190099716186523,9.199999809265137,9.1899995803833,9.195599555969238,6628,0.0,0.0
2024-08-21 11:26:00-04:00,9.1899995803833,9.199999809265137,9.1899995803833,9.199999809265137,4786,0.0,0.0
2024-08-21 11:27:00-04:00,9.194999694824219,9.194999694824219,9.1899995803833,9.1899995803833,5940,0.0,0.0
2024-08-21 11:28:00-04:00,9.194999694824219,9.194999694824219,9.180000305175781,9.1850004196167,15634,0.0,0.0
2024-08-21 11:29:00-04:00,9.180000305175781,9.1899995803833,9.180000305175781,9.180000305175781,40031,0.0,0.0
2024-08-21 11:30:00-04:00,9.180000305175781,9.1850004196167,9.180000305175781,9.180000305175781,11928,0.0,0.0
2024-08-21 11:31:00-04:00,9.1850004196167,9.1899995803833,9.180000305175781,9.1899995803833,93739,0.0,0.0
2024-08-21 11:32:00-04:00,9.1899995803833,9.199999809265137,9.1850004196167,9.199700355529785,76663,0.0,0.0
2024-08-21 11:33:00-04:00,9.1899995803833,9.199999809265137,9.1899995803833,9.199999809265137,16306,0.0,0.0
2024-08-21 11:34:00-04:00,9.199899673461914,9.210000038146973,9.199899673461914,9.210000038146973,62403,0.0,0.0
2024-08-21 11:35:00-04:00,9.204999923706055,9.210000038146973,9.199999809265137,9.204999923706055,10626,0.0,0.0
2024-08-21 11:36:00-04:00,9.210000038146973,9.21500015258789,9.204999923706055,9.21500015258789,47807,0.0,0.0
2024-08-21 11:37:00-04:00,9.220000267028809,9.220000267028809,9.210000038146973,9.220000267028809,13051,0.0,0.0
2024-08-21 11:38:00-04:00,9.21500015258789,9.220000267028809,9.199999809265137,9.20989990234375,30135,0.0,0.0
2024-08-21 11:39:00-04:00,9.204999923706055,9.204999923706055,9.199999809265137,9.199999809265137,26302,0.0,0.0
2024-08-21 11:40:00-04:00,9.199999809265137,9.199999809265137,9.1899995803833,9.1899995803833,31036,0.0,0.0
2024-08-21 11:41:00-04:00,9.1899995803833,9.194999694824219,9.1899995803833,9.194999694824219,4158,0.0,0.0
2024-08-21 11:42:00-04:00,9.199999809265137,9.210000038146973,9.1899995803833,9.204999923706055,76826,0.0,0.0
2024-08-21 11:43:00-04:00,9.210000038146973,9.220000267028809,9.204999923706055,9.210100173950195,57171,0.0,0.0
2024-08-21 11:44:00-04:00,9.210100173950195,9.21500015258789,9.199999809265137,9.20989990234375,44893,0.0,0.0
2024-08-21 11:45:00-04:00,9.210000038146973,9.219799995422363,9.210000038146973,9.210000038146973,33926,0.0,0.0
2024-08-21 11:46:00-04:00,9.210200309753418,9.220000267028809,9.199999809265137,9.204999923706055,29960,0.0,0.0
2024-08-21 11:47:00-04:00,9.204999923706055,9.229999542236328,9.204999923706055,9.220000267028809,84171,0.0,0.0
2024-08-21 11:48:00-04:00,9.229999542236328,9.229999542236328,9.225000381469727,9.229999542236328,21195,0.0,0.0
2024-08-21 11:49:00-04:00,9.229999542236328,9.229999542236328,9.220000267028809,9.220100402832031,40074,0.0,0.0
2024-08-21 11:50:00-04:00,9.220000267028809,9.229999542236328,9.21500015258789,9.21500015258789,29902,0.0,0.0
2024-08-21 11:51:00-04:00,9.21500015258789,9.21500015258789,9.1899995803833,9.204999923706055,188082,0.0,0.0
2024-08-21 11:52:00-04:00,9.204999923706055,9.220000267028809,9.204999923706055,9.21500015258789,62942,0.0,0.0
2024-08-21 11:53:00-04:00,9.210000038146973,9.220000267028809,9.210000038146973,9.216500282287598,30392,0.0,0.0
2024-08-21 11:54:00-04:00,9.210000038146973,9.210000038146973,9.199999809265137,9.204999923706055,66811,0.0,0.0
2024-08-21 11:55:00-04:00,9.204999923706055,9.229999542236328,9.199999809265137,9.21500015258789,2980921,0.0,0.0
2024-08-21 11:56:00-04:00,9.220000267028809,9.270000457763672,9.21500015258789,9.265000343322754,383700,0.0,0.0
2024-08-21 11:57:00-04:00,9.265000343322754,9.289999961853027,9.260000228881836,9.274999618530273,118110,0.0,0.0
2024-08-21 11:58:00-04:00,9.270000457763672,9.289999961853027,9.270000457763672,9.270000457763672,53222,0.0,0.0
2024-08-21 11:59:00-04:00,9.274999618530273,9.279999732971191,9.274999618530273,9.279999732971191,22523,0.0,0.0
2024-08-21 12:00:00-04:00,9.289899826049805,9.300000190734863,9.274999618530273,9.279999732971191,65588,0.0,0.0
2024-08-21 12:01:00-04:00,9.274999618530273,9.279999732971191,9.260000228881836,9.265000343322754,35495,0.0,0.0
2024-08-21 12:02:00-04:00,9.265000343322754,9.270000457763672,9.25,9.260000228881836,23703,0.0,0.0
2024-08-21 12:03:00-04:00,9.250300407409668,9.260000228881836,9.225000381469727,9.234999656677246,109457,0.0,0.0
2024-08-21 12:04:00-04:00,9.239999771118164,9.239999771118164,9.229999542236328,9.229999542236328,50865,0.0,0.0
2024-08-21 12:05:00-04:00,9.239899635314941,9.25,9.234999656677246,9.234999656677246,131820,0.0,0.0
2024-08-21 12:06:00-04:00,9.234999656677246,9.279999732971191,9.234999656677246,9.279999732971191,85067,0.0,0.0
2024-08-21 12:07:00-04:00,9.274999618530273,9.275099754333496,9.25,9.255000114440918,19255,0.0,0.0
2024-08-21 12:08:00-04:00,9.260000228881836,9.260000228881836,9.255000114440918,9.259900093078613,19033,0.0,0.0
2024-08-21 12:09:00-04:00,9.255000114440918,9.260000228881836,9.239999771118164,9.244999885559082,37472,0.0,0.0
2024-08-21 12:10:00-04:00,9.25,9.25,9.23009967803955,9.240099906921387,75435,0.0,0.0
2024-08-21 12:11:00-04:00,9.239999771118164,9.25,9.229999542236328,9.229999542236328,22823,0.0,0.0
2024-08-21 12:12:00-04:00,9.234999656677246,9.239999771118164,9.220100402832031,9.225000381469727,28997,0.0,0.0
2024-08-21 12:13:00-04:00,9.225000381469727,9.239999771118164,9.220000267028809,9.229999542236328,37837,0.0,0.0
2024-08-21 12:14:00-04:00,9.229999542236328,9.234999656677246,9.229999542236328,9.23009967803955,12542,0.0,0.0
2024-08-21 12:15:00-04:00,9.239999771118164,9.239999771118164,9.229999542236328,9.229999542236328,1842,0.0,0.0
2024-08-21 12:16:00-04:00,9.230999946594238,9.239999771118164,9.229999542236328,9.229999542236328,7117,0.0,0.0
2024-08-21 12:17:00-04:00,9.229999542236328,9.239999771118164,9.229999542236328,9.234999656677246,9136,0.0,0.0
2024-08-21 12:18:00-04:00,9.234999656677246,9.25,9.229999542236328,9.25,71369,0.0,0.0
2024-08-21 12:19:00-04:00,9.25,9.270000457763672,9.25,9.260199546813965,60029,0.0,0.0
2024-08-21 12:20:00-04:00,9.26259994506836,9.279899597167969,9.260000228881836,9.274999618530273,17434,0.0,0.0
2024-08-21 12:21:00-04:00,9.279999732971191,9.289999961853027,9.274999618530273,9.285900115966797,24326,0.0,0.0
2024-08-21 12:22:00-04:00,9.289999961853027,9.300000190734863,9.270000457763672,9.274999618530273,34775,0.0,0.0
2024-08-21 12:23:00-04:00,9.279999732971191,9.279999732971191,9.260000228881836,9.274999618530273,63546,0.0,0.0
2024-08-21 12:24:00-04:00,9.279999732971191,9.289999961853027,9.274999618530273,9.279999732971191,30115,0.0,0.0
2024-08-21 12:25:00-04:00,9.279999732971191,9.279999732971191,9.260000228881836,9.265000343322754,25912,0.0,0.0
2024-08-21 12:26:00-04:00,9.265000343322754,9.270000457763672,9.265000343322754,9.265000343322754,4678,0.0,0.0
2024-08-21 12:27:00-04:00,9.270000457763672,9.274800300598145,9.255000114440918,9.260000228881836,56670,0.0,0.0
2024-08-21 12:28:00-04:00,9.259900093078613,9.265899658203125,9.255000114440918,9.265000343322754,27089,0.0,0.0
2024-08-21 12:29:00-04:00,9.260000228881836,9.260000228881836,9.25,9.253299713134766,8347,0.0,0.0
2024-08-21 12:30:00-04:00,9.25,9.260000228881836,9.239999771118164,9.255000114440918,36930,0.0,0.0
2024-08-21 12:31:00-04:00,9.255000114440918,9.260000228881836,9.25,9.255000114440918,1779,0.0,0.0
2024-08-21 12:32:00-04:00,9.25,9.260000228881836,9.24590015411377,9.25,35837,0.0,0.0
2024-08-21 12:33:00-04:00,9.255900382995605,9.260000228881836,9.25,9.25,8853,0.0,0.0
2024-08-21 12:34:00-04:00,9.25,9.260000228881836,9.239999771118164,9.250100135803223,44167,0.0,0.0
2024-08-21 12:35:00-04:00,9.259900093078613,9.260000228881836,9.244999885559082,9.244999885559082,43942,0.0,0.0
2024-08-21 12:36:00-04:00,9.239999771118164,9.25,9.239999771118164,9.249899864196777,13758,0.0,0.0
2024-08-21 12:37:00-04:00,9.24590015411377,9.25,9.239999771118164,9.244999885559082,8172,0.0,0.0
2024-08-21 12:38:00-04:00,9.25,9.255000114440918,9.244999885559082,9.255000114440918,77484,0.0,0.0
2024-08-21 12:39:00-04:00,9.250100135803223,9.260000228881836,9.25,9.260000228881836,38826,0.0,0.0
2024-08-21 12:40:00-04:00,9.260000228881836,9.270000457763672,9.25,9.255000114440918,21125,0.0,0.0
2024-08-21 12:41:00-04:00,9.25,9.255000114440918,9.25,9.255000114440918,5738,0.0,0.0
2024-08-21 12:42:00-04:00,9.260000228881836,9.260000228881836,9.244999885559082,9.244999885559082,7906,0.0,0.0
2024-08-21 12:43:00-04:00,9.239999771118164,9.25,9.239999771118164,9.244999885559082,3454,0.0,0.0
2024-08-21 12:44:00-04:00,9.244999885559082,9.244999885559082,9.239999771118164,9.244999885559082,810,0.0,0.0
2024-08-21 12:45:00-04:00,9.239999771118164,9.24590015411377,9.239999771118164,9.239999771118164,8749,0.0,0.0
2024-08-21 12:46:00-04:00,9.244999885559082,9.244999885559082,9.239999771118164,9.244999885559082,2338,0.0,0.0
2024-08-21 12:47:00-04:00,9.25,9.260000228881836,9.239999771118164,9.255000114440918,61556,0.0,0.0
2024-08-21 12:48:00-04:00,9.255000114440918,9.259900093078613,9.255000114440918,9.259900093078613,8444,0.0,0.0
2024-08-21 12:49:00-04:00,9.25,9.255900382995605,9.244999885559082,9.244999885559082,14954,0.0,0.0
2024-08-21 12:50:00-04:00,9.25,9.265000343322754,9.25,9.260000228881836,33579,0.0,0.0
2024-08-21 12:51:00-04:00,9.270000457763672,9.270000457763672,9.260000228881836,9.270000457763672,15260,0.0,0.0
2024-08-21 12:52:00-04:00,9.26990032196045,9.270000457763672,9.260000228881836,9.260000228881836,16524,0.0,0.0
2024-08-21 12:53:00-04:00,9.250100135803223,9.260000228881836,9.25,9.255000114440918,17118,0.0,0.0
2024-08-21 12:54:00-04:00,9.260000228881836,9.260000228881836,9.255000114440918,9.255000114440918,4894,0.0,0.0
2024-08-21 12:55:00-04:00,9.25,9.255000114440918,9.25,9.25,1343,0.0,0.0
2024-08-21 12:56:00-04:00,9.25,9.255000114440918,9.239999771118164,9.239999771118164,16661,0.0,0.0
2024-08-21 12:57:00-04:00,9.244999885559082,9.25,9.239999771118164,9.239999771118164,2573,0.0,0.0
2024-08-21 12:58:00-04:00,9.239999771118164,9.239999771118164,9.23009967803955,9.239999771118164,34582,0.0,0.0
2024-08-21 12:59:00-04:00,9.239899635314941,9.244999885559082,9.239399909973145,9.244999885559082,36887,0.0,0.0
2024-08-21 13:00:00-04:00,9.239999771118164,9.244999885559082,9.239999771118164,9.244999885559082,4132,0.0,0.0
2024-08-21 13:01:00-04:00,9.244999885559082,9.25,9.239999771118164,9.239999771118164,9100,0.0,0.0
2024-08-21 13:02:00-04:00,9.244999885559082,9.260000228881836,9.244999885559082,9.260000228881836,47636,0.0,0.0
2024-08-21 13:03:00-04:00,9.259900093078613,9.270000457763672,9.255000114440918,9.270000457763672,45666,0.0,0.0
2024-08-21 13:04:00-04:00,9.260000228881836,9.260000228881836,9.244999885559082,9.244999885559082,28508,0.0,0.0
2024-08-21 13:05:00-04:00,9.239999771118164,9.244999885559082,9.234999656677246,9.239999771118164,17547,0.0,0.0
2024-08-21 13:06:00-04:00,9.239999771118164,9.265000343322754,9.239999771118164,9.265000343322754,42455,0.0,0.0
2024-08-21 13:07:00-04:00,9.265000343322754,9.265000343322754,9.260000228881836,9.265000343322754,2569,0.0,0.0
2024-08-21 13:08:00-04:00,9.265000343322754,9.270000457763672,9.265000343322754,9.270000457763672,1567,0.0,0.0
2024-08-21 13:09:00-04:00,9.266500473022461,9.270000457763672,9.260000228881836,9.270000457763672,13551,0.0,0.0
2024-08-21 13:10:00-04:00,9.26930046081543,9.279999732971191,9.26930046081543,9.274999618530273,25169,0.0,0.0
2024-08-21 13:11:00-04:00,9.274999618530273,9.274999618530273,9.2701997756958,9.274999618530273,7989,0.0,0.0
2024-08-21 13:12:00-04:00,9.274999618530273,9.274999618530273,9.270000457763672,9.270000457763672,5077,0.0,0.0
2024-08-21 13:13:00-04:00,9.274999618530273,9.279999732971191,9.270000457763672,9.279999732971191,2629,0.0,0.0
2024-08-21 13:14:00-04:00,9.274999618530273,9.274999618530273,9.274999618530273,9.274999618530273,908,0.0,0.0
2024-08-21 13:15:00-04:00,9.274999618530273,9.279999732971191,9.270000457763672,9.274999618530273,14317,0.0,0.0
2024-08-21 13:16:00-04:00,9.274999618530273,9.274999618530273,9.270000457763672,9.274999618530273,8602,0.0,0.0
2024-08-21 13:17:00-04:00,9.274999618530273,9.279999732971191,9.270000457763672,9.274999618530273,14612,0.0,0.0
2024-08-21 13:18:00-04:00,9.274999618530273,9.274999618530273,9.270000457763672,9.274999618530273,1995,0.0,0.0
2024-08-21 13:19:00-04:00,9.274999618530273,9.279999732971191,9.270000457763672,9.274999618530273,6375,0.0,0.0
2024-08-21 13:20:00-04:00,9.274999618530273,9.28499984741211,9.274999618530273,9.279999732971191,22715,0.0,0.0
2024-08-21 13:21:00-04:00,9.279999732971191,9.286499977111816,9.270000457763672,9.28499984741211,19389,0.0,0.0
2024-08-21 13:22:00-04:00,9.28499984741211,9.29990005493164,9.28499984741211,9.295000076293945,22517,0.0,0.0
2024-08-21 13:23:00-04:00,9.289999961853027,9.300000190734863,9.287500381469727,9.295000076293945,34057,0.0,0.0
2024-08-21 13:24:00-04:00,9.293000221252441,9.295999526977539,9.279999732971191,9.28499984741211,28137,0.0,0.0
2024-08-21 13:25:00-04:00,9.28499984741211,9.28499984741211,9.279999732971191,9.28499984741211,10008,0.0,0.0
2024-08-21 13:26:00-04:00,9.28499984741211,9.289999961853027,9.270000457763672,9.274999618530273,17396,0.0,0.0
2024-08-21 13:27:00-04:00,9.270000457763672,9.274999618530273,9.270000457763672,9.274999618530273,2992,0.0,0.0
2024-08-21 13:28:00-04:00,9.276100158691406,9.279999732971191,9.270000457763672,9.270000457763672,23856,0.0,0.0
2024-08-21 13:29:00-04:00,9.275899887084961,9.279999732971191,9.274999618530273,9.279999732971191,25968,0.0,0.0
2024-08-21 13:30:00-04:00,9.279999732971191,9.28499984741211,9.270099639892578,9.270099639892578,63741,0.0,0.0
2024-08-21 13:31:00-04:00,9.279999732971191,9.279999732971191,9.270099639892578,9.279999732971191,12728,0.0,0.0
2024-08-21 13:32:00-04:00,9.274999618530273,9.274999618530273,9.270000457763672,9.274999618530273,3719,0.0,0.0
2024-08-21 13:33:00-04:00,9.274999618530273,9.279999732971191,9.265000343322754,9.279999732971191,112880,0.0,0.0
2024-08-21 13:34:00-04:00,9.279999732971191,9.28499984741211,9.274999618530273,9.28499984741211,55541,0.0,0.0
2024-08-21 13:35:00-04:00,9.28499984741211,9.28499984741211,9.282999992370605,9.28499984741211,5137,0.0,0.0
2024-08-21 13:36:00-04:00,9.28499984741211,9.286199569702148,9.274999618530273,9.279899597167969,29129,0.0,0.0
2024-08-21 13:37:00-04:00,9.279999732971191,9.295000076293945,9.274999618530273,9.295000076293945,52277,0.0,0.0
2024-08-21 13:38:00-04:00,9.300000190734863,9.300000190734863,9.270000457763672,9.279999732971191,66133,0.0,0.0
2024-08-21 13:39:00-04:00,9.279999732971191,9.28499984741211,9.274999618530273,9.274999618530273,45519,0.0,0.0
2024-08-21 13:40:00-04:00,9.279999732971191,9.279999732971191,9.274999618530273,9.274999618530273,4447,0.0,0.0
2024-08-21 13:41:00-04:00,9.274999618530273,9.279899597167969,9.260000228881836,9.265000343322754,34047,0.0,0.0
2024-08-21 13:42:00-04:00,9.260100364685059,9.265000343322754,9.250300407409668,9.255000114440918,32899,0.0,0.0
2024-08-21 13:43:00-04:00,9.255000114440918,9.270000457763672,9.25,9.265000343322754,25327,0.0,0.0
2024-08-21 13:44:00-04:00,9.265000343322754,9.265000343322754,9.260000228881836,9.265000343322754,2384,0.0,0.0
2024-08-21 13:45:00-04:00,9.265000343322754,9.26990032196045,9.260100364685059,9.265000343322754,5378,0.0,0.0
2024-08-21 13:46:00-04:00,9.265000343322754,9.270000457763672,9.260000228881836,9.270000457763672,2451,0.0,0.0
2024-08-21 13:47:00-04:00,9.265000343322754,9.265000343322754,9.260000228881836,9.265000343322754,4407,0.0,0.0
2024-08-21 13:48:00-04:00,9.270000457763672,9.270000457763672,9.265000343322754,9.265000343322754,27153,0.0,0.0
2024-08-21 13:49:00-04:00,9.265000343322754,9.265000343322754,9.260000228881836,9.265000343322754,9823,0.0,0.0
2024-08-21 13:50:00-04:00,9.260000228881836,9.265000343322754,9.25,9.259900093078613,23262,0.0,0.0
2024-08-21 13:51:00-04:00,9.255000114440918,9.260000228881836,9.25100040435791,9.255000114440918,10755,0.0,0.0
2024-08-21 13:52:00-04:00,9.260000228881836,9.260000228881836,9.255000114440918,9.260000228881836,40012,0.0,0.0
2024-08-21 13:53:00-04:00,9.255000114440918,9.265000343322754,9.255000114440918,9.265000343322754,43318,0.0,0.0
2024-08-21 13:54:00-04:00,9.265000343322754,9.270000457763672,9.265000343322754,9.265000343322754,2072,0.0,0.0
2024-08-21 13:55:00-04:00,9.270000457763672,9.270000457763672,9.265000343322754,9.265800476074219,37349,0.0,0.0
2024-08-21 13:56:00-04:00,9.270000457763672,9.270000457763672,9.265000343322754,9.265000343322754,3711,0.0,0.0
2024-08-21 13:57:00-04:00,9.265000343322754,9.265000343322754,9.260000228881836,9.265000343322754,12375,0.0,0.0
2024-08-21 13:58:00-04:00,9.265000343322754,9.270000457763672,9.260100364685059,9.265000343322754,7236,0.0,0.0
2024-08-21 13:59:00-04:00,9.265000343322754,9.265000343322754,9.260000228881836,9.265000343322754,4208,0.0,0.0
2024-08-21 14:00:00-04:00,9.270000457763672,9.289999961853027,9.270000457763672,9.28499984741211,107865,0.0,0.0
2024-08-21 14:01:00-04:00,9.279999732971191,9.279999732971191,9.274999618530273,9.274999618530273,20196,0.0,0.0
2024-08-21 14:02:00-04:00,9.274999618530273,9.274999618530273,9.26990032196045,9.270000457763672,10774,0.0,0.0
2024-08-21 14:03:00-04:00,9.270000457763672,9.274999618530273,9.270000457763672,9.274999618530273,6439,0.0,0.0
2024-08-21 14:04:00-04:00,9.274999618530273,9.28499984741211,9.274999618530273,9.28499984741211,31860,0.0,0.0
2024-08-21 14:05:00-04:00,9.28499984741211,9.289999961853027,9.270000457763672,9.274999618530273,19817,0.0,0.0
2024-08-21 14:06:00-04:00,9.279899597167969,9.28600025177002,9.270000457763672,9.280099868774414,39507,0.0,0.0
2024-08-21 14:07:00-04:00,9.280099868774414,9.295000076293945,9.280099868774414,9.295000076293945,23693,0.0,0.0
2024-08-21 14:08:00-04:00,9.295000076293945,9.295000076293945,9.289899826049805,9.289899826049805,5020,0.0,0.0
2024-08-21 14:09:00-04:00,9.289999961853027,9.300000190734863,9.28499984741211,9.295000076293945,27625,0.0,0.0
2024-08-21 14:10:00-04:00,9.295000076293945,9.3100004196167,9.289999961853027,9.295000076293945,63684,0.0,0.0
2024-08-21 14:11:00-04:00,9.300000190734863,9.3100004196167,9.299500465393066,9.300000190734863,41385,0.0,0.0
2024-08-21 14:12:00-04:00,9.295000076293945,9.300000190734863,9.279999732971191,9.300000190734863,19979,0.0,0.0
2024-08-21 14:13:00-04:00,9.29990005493164,9.3100004196167,9.295000076293945,9.305000305175781,45654,0.0,0.0
2024-08-21 14:14:00-04:00,9.305000305175781,9.3100004196167,9.305000305175781,9.3100004196167,3885,0.0,0.0
2024-08-21 14:15:00-04:00,9.305000305175781,9.3100004196167,9.305000305175781,9.305000305175781,5468,0.0,0.0
2024-08-21 14:16:00-04:00,9.305000305175781,9.319999694824219,9.300000190734863,9.3149995803833,27463,0.0,0.0
2024-08-21 14:17:00-04:00,9.3100004196167,9.319999694824219,9.3100004196167,9.3149995803833,39564,0.0,0.0
2024-08-21 14:18:00-04:00,9.319999694824219,9.324999809265137,9.310099601745605,9.324999809265137,52653,0.0,0.0
2024-08-21 14:19:00-04:00,9.322099685668945,9.329999923706055,9.3100004196167,9.324999809265137,61082,0.0,0.0
2024-08-21 14:20:00-04:00,9.324999809265137,9.324999809265137,9.319999694824219,9.324999809265137,14110,0.0,0.0
2024-08-21 14:21:00-04:00,9.324999809265137,9.329999923706055,9.315999984741211,9.319999694824219,16430,0.0,0.0
2024-08-21 14:22:00-04:00,9.319999694824219,9.329999923706055,9.3149995803833,9.324999809265137,44340,0.0,0.0
2024-08-21 14:23:00-04:00,9.324999809265137,9.326000213623047,9.319999694824219,9.324999809265137,7418,0.0,0.0
2024-08-21 14:24:00-04:00,9.324999809265137,9.329999923706055,9.324999809265137,9.329999923706055,9040,0.0,0.0
2024-08-21 14:25:00-04:00,9.324999809265137,9.324999809265137,9.3149995803833,9.3149995803833,10002,0.0,0.0
2024-08-21 14:26:00-04:00,9.3149995803833,9.3149995803833,9.300000190734863,9.305000305175781,35083,0.0,0.0
2024-08-21 14:27:00-04:00,9.300100326538086,9.3149995803833,9.300100326538086,9.305000305175781,38732,0.0,0.0
2024-08-21 14:28:00-04:00,9.309800148010254,9.315999984741211,9.305000305175781,9.310099601745605,45067,0.0,0.0
2024-08-21 14:29:00-04:00,9.3149995803833,9.318699836730957,9.300000190734863,9.305000305175781,12314,0.0,0.0
2024-08-21 14:30:00-04:00,9.305000305175781,9.305000305175781,9.295000076293945,9.295000076293945,22444,0.0,0.0
2024-08-21 14:31:00-04:00,9.295000076293945,9.300000190734863,9.289999961853027,9.295000076293945,6551,0.0,0.0
2024-08-21 14:32:00-04:00,9.295000076293945,9.29990005493164,9.28499984741211,9.28499984741211,10111,0.0,0.0
2024-08-21 14:33:00-04:00,9.28499984741211,9.300000190734863,9.28499984741211,9.295000076293945,34090,0.0,0.0
2024-08-21 14:34:00-04:00,9.295000076293945,9.295000076293945,9.295000076293945,9.295000076293945,2135,0.0,0.0
2024-08-21 14:35:00-04:00,9.295000076293945,9.29990005493164,9.28499984741211,9.28499984741211,7190,0.0,0.0
2024-08-21 14:36:00-04:00,9.28499984741211,9.289899826049805,9.279999732971191,9.28499984741211,8287,0.0,0.0
2024-08-21 14:37:00-04:00,9.28499984741211,9.28499984741211,9.279999732971191,9.28499984741211,13111,0.0,0.0
2024-08-21 14:38:00-04:00,9.28499984741211,9.28499984741211,9.270099639892578,9.270099639892578,25160,0.0,0.0
2024-08-21 14:39:00-04:00,9.274999618530273,9.28499984741211,9.274999618530273,9.28499984741211,41688,0.0,0.0
2024-08-21 14:40:00-04:00,9.289999961853027,9.295000076293945,9.279999732971191,9.28499984741211,43706,0.0,0.0
2024-08-21 14:41:00-04:00,9.28499984741211,9.289999961853027,9.279999732971191,9.28499984741211,19550,0.0,0.0
2024-08-21 14:42:00-04:00,9.28499984741211,9.289899826049805,9.279999732971191,9.28499984741211,6301,0.0,0.0
2024-08-21 14:43:00-04:00,9.28499984741211,9.289999961853027,9.280099868774414,9.289999961853027,4256,0.0,0.0
2024-08-21 14:44:00-04:00,9.289999961853027,9.289999961853027,9.279999732971191,9.28499984741211,24692,0.0,0.0
2024-08-21 14:45:00-04:00,9.28499984741211,9.28499984741211,9.271200180053711,9.274999618530273,15100,0.0,0.0
2024-08-21 14:46:00-04:00,9.274999618530273,9.289899826049805,9.274999618530273,9.28499984741211,40732,0.0,0.0
2024-08-21 14:47:00-04:00,9.28499984741211,9.28499984741211,9.279999732971191,9.28499984741211,12130,0.0,0.0
2024-08-21 14:48:00-04:00,9.28499984741211,9.28499984741211,9.279999732971191,9.28499984741211,4109,0.0,0.0
2024-08-21 14:49:00-04:00,9.28499984741211,9.28499984741211,9.270000457763672,9.279999732971191,51772,0.0,0.0
2024-08-21 14:50:00-04:00,9.279999732971191,9.28499984741211,9.274999618530273,9.28499984741211,60589,0.0,0.0
2024-08-21 14:51:00-04:00,9.28499984741211,9.289999961853027,9.280099868774414,9.280099868774414,5529,0.0,0.0
2024-08-21 14:52:00-04:00,9.28499984741211,9.28499984741211,9.279999732971191,9.28499984741211,2078,0.0,0.0
2024-08-21 14:53:00-04:00,9.28499984741211,9.289999961853027,9.279999732971191,9.28499984741211,9941,0.0,0.0
2024-08-21 14:54:00-04:00,9.28499984741211,9.28499984741211,9.279999732971191,9.280099868774414,5336,0.0,0.0
2024-08-21 14:55:00-04:00,9.289999961853027,9.289999961853027,9.279999732971191,9.28499984741211,8495,0.0,0.0
2024-08-21 14:56:00-04:00,9.28499984741211,9.289999961853027,9.274999618530273,9.274999618530273,19096,0.0,0.0
2024-08-21 14:57:00-04:00,9.274999618530273,9.28499984741211,9.274999618530273,9.28499984741211,64606,0.0,0.0
2024-08-21 14:58:00-04:00,9.28499984741211,9.289999961853027,9.279999732971191,9.28499984741211,16119,0.0,0.0
2024-08-21 14:59:00-04:00,9.28499984741211,9.289899826049805,9.279999732971191,9.28499984741211,5572,0.0,0.0
2024-08-21 15:00:00-04:00,9.28499984741211,9.28499984741211,9.279999732971191,9.28499984741211,4563,0.0,0.0
2024-08-21 15:01:00-04:00,9.279999732971191,9.279999732971191,9.270000457763672,9.274999618530273,29190,0.0,0.0
2024-08-21 15:02:00-04:00,9.274999618530273,9.279899597167969,9.265000343322754,9.274999618530273,114197,0.0,0.0
2024-08-21 15:03:00-04:00,9.274999618530273,9.27649974822998,9.270000457763672,9.274999618530273,11243,0.0,0.0
2024-08-21 15:04:00-04:00,9.270000457763672,9.279899597167969,9.265000343322754,9.274999618530273,90157,0.0,0.0
2024-08-21 15:05:00-04:00,9.274999618530273,9.274999618530273,9.260000228881836,9.265000343322754,17693,0.0,0.0
2024-08-21 15:06:00-04:00,9.265000343322754,9.265000343322754,9.260000228881836,9.265000343322754,3552,0.0,0.0
2024-08-21 15:07:00-04:00,9.265000343322754,9.289999961853027,9.265000343322754,9.28499984741211,128453,0.0,0.0
2024-08-21 15:08:00-04:00,9.279999732971191,9.289999961853027,9.279999732971191,9.28499984741211,20330,0.0,0.0
2024-08-21 15:09:00-04:00,9.280099868774414,9.28499984741211,9.270000457763672,9.274999618530273,36801,0.0,0.0
2024-08-21 15:10:00-04:00,9.279999732971191,9.279999732971191,9.270000457763672,9.274999618530273,54605,0.0,0.0
2024-08-21 15:11:00-04:00,9.274999618530273,9.274999618530273,9.270000457763672,9.270000457763672,4092,0.0,0.0
2024-08-21 15:12:00-04:00,9.274999618530273,9.27649974822998,9.270000457763672,9.274999618530273,9415,0.0,0.0
2024-08-21 15:13:00-04:00,9.270000457763672,9.279899597167969,9.270000457763672,9.270000457763672,8446,0.0,0.0
2024-08-21 15:14:00-04:00,9.274999618530273,9.279999732971191,9.270000457763672,9.270000457763672,13694,0.0,0.0
2024-08-21 15:15:00-04:00,9.274999618530273,9.279999732971191,9.270000457763672,9.274999618530273,29365,0.0,0.0
2024-08-21 15:16:00-04:00,9.274999618530273,9.279999732971191,9.270000457763672,9.274999618530273,23659,0.0,0.0
2024-08-21 15:17:00-04:00,9.274999618530273,9.274999618530273,9.270000457763672,9.274999618530273,25903,0.0,0.0
2024-08-21 15:18:00-04:00,9.270000457763672,9.274999618530273,9.270000457763672,9.274999618530273,7858,0.0,0.0
2024-08-21 15:19:00-04:00,9.270000457763672,9.274999618530273,9.270000457763672,9.274999618530273,8300,0.0,0.0
2024-08-21 15:20:00-04:00,9.274999618530273,9.274999618530273,9.260000228881836,9.260000228881836,32750,0.0,0.0
2024-08-21 15:21:00-04:00,9.265000343322754,9.265000343322754,9.260000228881836,9.265000343322754,4650,0.0,0.0
2024-08-21 15:22:00-04:00,9.265000343322754,9.265000343322754,9.260000228881836,9.265000343322754,7814,0.0,0.0
2024-08-21 15:23:00-04:00,9.260000228881836,9.265000343322754,9.255000114440918,9.255000114440918,70419,0.0,0.0
2024-08-21 15:24:00-04:00,9.255000114440918,9.274999618530273,9.255000114440918,9.274999618530273,112214,0.0,0.0
2024-08-21 15:25:00-04:00,9.274999618530273,9.285900115966797,9.270000457763672,9.280099868774414,104034,0.0,0.0
2024-08-21 15:26:00-04:00,9.28499984741211,9.285900115966797,9.279999732971191,9.280099868774414,31173,0.0,0.0
2024-08-21 15:27:00-04:00,9.28499984741211,9.28499984741211,9.279999732971191,9.28499984741211,17068,0.0,0.0
2024-08-21 15:28:00-04:00,9.28499984741211,9.28499984741211,9.28499984741211,9.28499984741211,5576,0.0,0.0
2024-08-21 15:29:00-04:00,9.28499984741211,9.28499984741211,9.279999732971191,9.279999732971191,11459,0.0,0.0
2024-08-21 15:30:00-04:00,9.28499984741211,9.28499984741211,9.279999732971191,9.279999732971191,56474,0.0,0.0
2024-08-21 15:31:00-04:00,9.28499984741211,9.28499984741211,9.279999732971191,9.28499984741211,13729,0.0,0.0
2024-08-21 15:32:00-04:00,9.279999732971191,9.28499984741211,9.270000457763672,9.270099639892578,38410,0.0,0.0
2024-08-21 15:33:00-04:00,9.274999618530273,9.279999732971191,9.270000457763672,9.274999618530273,44179,0.0,0.0
2024-08-21 15:34:00-04:00,9.274999618530273,9.279999732971191,9.270000457763672,9.27970027923584,42237,0.0,0.0
2024-08-21 15:35:00-04:00,9.274999618530273,9.279999732971191,9.270000457763672,9.270099639892578,60352,0.0,0.0
2024-08-21 15:36:00-04:00,9.274999618530273,9.275799751281738,9.270000457763672,9.274999618530273,30519,0.0,0.0
2024-08-21 15:37:00-04:00,9.274999618530273,9.279999732971191,9.270000457763672,9.274999618530273,4546,0.0,0.0
2024-08-21 15:38:00-04:00,9.274999618530273,9.274999618530273,9.265000343322754,9.265000343322754,55813,0.0,0.0
2024-08-21 15:39:00-04:00,9.265000343322754,9.279999732971191,9.265000343322754,9.274999618530273,72017,0.0,0.0
2024-08-21 15:40:00-04:00,9.274999618530273,9.289999961853027,9.274999618530273,9.28499984741211,38525,0.0,0.0
2024-08-21 15:41:00-04:00,9.28499984741211,9.28499984741211,9.279999732971191,9.28499984741211,8628,0.0,0.0
2024-08-21 15:42:00-04:00,9.28499984741211,9.28499984741211,9.279999732971191,9.279999732971191,8960,0.0,0.0
2024-08-21 15:43:00-04:00,9.28499984741211,9.289999961853027,9.270000457763672,9.270000457763672,51941,0.0,0.0
2024-08-21 15:44:00-04:00,9.274999618530273,9.300000190734863,9.270000457763672,9.295000076293945,353176,0.0,0.0
2024-08-21 15:45:00-04:00,9.300000190734863,9.3100004196167,9.300000190734863,9.3100004196167,88156,0.0,0.0
2024-08-21 15:46:00-04:00,9.3100004196167,9.3100004196167,9.300000190734863,9.305000305175781,102998,0.0,0.0
2024-08-21 15:47:00-04:00,9.305000305175781,9.3100004196167,9.289999961853027,9.29990005493164,108670,0.0,0.0
2024-08-21 15:48:00-04:00,9.295000076293945,9.300000190734863,9.289999961853027,9.300000190734863,54550,0.0,0.0
2024-08-21 15:49:00-04:00,9.300000190734863,9.3100004196167,9.295000076293945,9.3100004196167,82690,0.0,0.0
2024-08-21 15:50:00-04:00,9.3100004196167,9.329999923706055,9.3100004196167,9.3149995803833,185803,0.0,0.0
2024-08-21 15:51:00-04:00,9.3149995803833,9.319999694824219,9.300000190734863,9.305000305175781,97861,0.0,0.0
2024-08-21 15:52:00-04:00,9.300000190734863,9.308500289916992,9.300000190734863,9.305000305175781,24760,0.0,0.0
2024-08-21 15:53:00-04:00,9.305000305175781,9.3100004196167,9.291899681091309,9.295000076293945,79519,0.0,0.0
2024-08-21 15:54:00-04:00,9.295000076293945,9.295000076293945,9.289999961853027,9.295000076293945,29389,0.0,0.0
2024-08-21 15:55:00-04:00,9.295000076293945,9.3100004196167,9.295000076293945,9.305000305175781,161691,0.0,0.0
2024-08-21 15:56:00-04:00,9.305000305175781,9.305000305175781,9.300000190734863,9.305000305175781,35253,0.0,0.0
2024-08-21 15:57:00-04:00,9.305000305175781,9.305000305175781,9.300000190734863,9.305000305175781,50750,0.0,0.0
2024-08-21 15:58:00-04:00,9.3100004196167,9.3100004196167,9.300000190734863,9.305000305175781,169798,0.0,0.0
2024-08-21 15:59:00-04:00,9.305000305175781,9.329999923706055,9.305000305175781,9.319999694824219,1007954,0.0,0.0
2024-08-22 09:30:00-04:00,9.100000381469727,9.170000076293945,9.09000015258789,9.135000228881836,274328,0.0,0.0
2024-08-22 09:31:00-04:00,9.130000114440918,9.130000114440918,9.069999694824219,9.079999923706055,63577,0.0,0.0
2024-08-22 09:32:00-04:00,9.09000015258789,9.09000015258789,9.069999694824219,9.069999694824219,34248,0.0,0.0
2024-08-22 09:33:00-04:00,9.079999923706055,9.09000015258789,9.069999694824219,9.069999694824219,27125,0.0,0.0
2024-08-22 09:34:00-04:00,9.070099830627441,9.079999923706055,9.0600004196167,9.069999694824219,25954,0.0,0.0
2024-08-22 09:35:00-04:00,9.069999694824219,9.074999809265137,9.0600004196167,9.069999694824219,34153,0.0,0.0
2024-08-22 09:36:00-04:00,9.079999923706055,9.100000381469727,9.079999923706055,9.085000038146973,37781,0.0,0.0
2024-08-22 09:37:00-04:00,9.079999923706055,9.079999923706055,9.0649995803833,9.0649995803833,21415,0.0,0.0
2024-08-22 09:38:00-04:00,9.0649995803833,9.074999809265137,9.0600004196167,9.0649995803833,25162,0.0,0.0
2024-08-22 09:39:00-04:00,9.0649995803833,9.074999809265137,9.055000305175781,9.069999694824219,32982,0.0,0.0
2024-08-22 09:40:00-04:00,9.0649995803833,9.09000015258789,9.0600004196167,9.085000038146973,20942,0.0,0.0
2024-08-22 09:41:00-04:00,9.079999923706055,9.079999923706055,9.0600004196167,9.0600004196167,29208,0.0,0.0
2024-08-22 09:42:00-04:00,9.065400123596191,9.065400123596191,9.039999961853027,9.0600004196167,47726,0.0,0.0
2024-08-22 09:43:00-04:00,9.050100326538086,9.0600004196167,9.039999961853027,9.050000190734863,18117,0.0,0.0
2024-08-22 09:44:00-04:00,9.055000305175781,9.0600004196167,9.050000190734863,9.0600004196167,13373,0.0,0.0
2024-08-22 09:45:00-04:00,9.0600004196167,9.0600004196167,9.029999732971191,9.039999961853027,50522,0.0,0.0
2024-08-22 09:46:00-04:00,9.039999961853027,9.050000190734863,9.03499984741211,9.045000076293945,12028,0.0,0.0
2024-08-22 09:47:00-04:00,9.050000190734863,9.085000038146973,9.04010009765625,9.079999923706055,122472,0.0,0.0
2024-08-22 09:48:00-04:00,9.079999923706055,9.09000015258789,9.0600004196167,9.0600004196167,58292,0.0,0.0
2024-08-22 09:49:00-04:00,9.055000305175781,9.069999694824219,9.041000366210938,9.065299987792969,51540,0.0,0.0
2024-08-22 09:50:00-04:00,9.069899559020996,9.069999694824219,9.050000190734863,9.0649995803833,54166,0.0,0.0
2024-08-22 09:51:00-04:00,9.069999694824219,9.069999694824219,9.050100326538086,9.055000305175781,55333,0.0,0.0
2024-08-22 09:52:00-04:00,9.059900283813477,9.0600004196167,9.045000076293945,9.045499801635742,27418,0.0,0.0
2024-08-22 09:53:00-04:00,9.050000190734863,9.069999694824219,9.04010009765625,9.0649995803833,44738,0.0,0.0
2024-08-22 09:54:00-04:00,9.0649995803833,9.069999694824219,9.050000190734863,9.055000305175781,50727,0.0,0.0
2024-08-22 09:55:00-04:00,9.056099891662598,9.069999694824219,9.055000305175781,9.055000305175781,31930,0.0,0.0
2024-08-22 09:56:00-04:00,9.050000190734863,9.059800148010254,9.045000076293945,9.050100326538086,81731,0.0,0.0
2024-08-22 09:57:00-04:00,9.055000305175781,9.069999694824219,9.050100326538086,9.055000305175781,45962,0.0,0.0
2024-08-22 09:58:00-04:00,9.050100326538086,9.0600004196167,9.050100326538086,9.055000305175781,61683,0.0,0.0
2024-08-22 09:59:00-04:00,9.045999526977539,9.050000190734863,9.045000076293945,9.045000076293945,34028,0.0,0.0
2024-08-22 10:00:00-04:00,9.039999961853027,9.039999961853027,9.020000457763672,9.03499984741211,104837,0.0,0.0
2024-08-22 10:01:00-04:00,9.03499984741211,9.050000190734863,9.020000457763672,9.024999618530273,64084,0.0,0.0
2024-08-22 10:02:00-04:00,9.020099639892578,9.029999732971191,9.010000228881836,9.020000457763672,76004,0.0,0.0
2024-08-22 10:03:00-04:00,9.020000457763672,9.020000457763672,8.989999771118164,9.005000114440918,237694,0.0,0.0
2024-08-22 10:04:00-04:00,9.010000228881836,9.020000457763672,8.989999771118164,8.994999885559082,91550,0.0,0.0
2024-08-22 10:05:00-04:00,8.994999885559082,9.010000228881836,8.994999885559082,9.005000114440918,33323,0.0,0.0
2024-08-22 10:06:00-04:00,9.005000114440918,9.010000228881836,8.994999885559082,9.0,57983,0.0,0.0
2024-08-22 10:07:00-04:00,9.0,9.005000114440918,8.989999771118164,8.989999771118164,48873,0.0,0.0
2024-08-22 10:08:00-04:00,8.998700141906738,9.0,8.984999656677246,8.984999656677246,36435,0.0,0.0
2024-08-22 10:09:00-04:00,8.979999542236328,8.984999656677246,8.960000038146973,8.960200309753418,60962,0.0,0.0
2024-08-22 10:10:00-04:00,8.96500015258789,8.969900131225586,8.949999809265137,8.950300216674805,310887,0.0,0.0
2024-08-22 10:11:00-04:00,8.95009994506836,8.954999923706055,8.949999809265137,8.954999923706055,23770,0.0,0.0
2024-08-22 10:12:00-04:00,8.960000038146973,8.960000038146973,8.949999809265137,8.954999923706055,31308,0.0,0.0
2024-08-22 10:13:00-04:00,8.954999923706055,8.96500015258789,8.949999809265137,8.955300331115723,71978,0.0,0.0
2024-08-22 10:14:00-04:00,8.949999809265137,8.960000038146973,8.949999809265137,8.954999923706055,6882,0.0,0.0
2024-08-22 10:15:00-04:00,8.954999923706055,8.970000267028809,8.949999809265137,8.954999923706055,39696,0.0,0.0
2024-08-22 10:16:00-04:00,8.960000038146973,8.979999542236328,8.949999809265137,8.960000038146973,100359,0.0,0.0
2024-08-22 10:17:00-04:00,8.96500015258789,8.970000267028809,8.949999809265137,8.954999923706055,28297,0.0,0.0
2024-08-22 10:18:00-04:00,8.954999923706055,8.954999923706055,8.944999694824219,8.944999694824219,20604,0.0,0.0
2024-08-22 10:19:00-04:00,8.944999694824219,8.949999809265137,8.9399995803833,8.940099716186523,14752,0.0,0.0
2024-08-22 10:20:00-04:00,8.9399995803833,8.949999809265137,8.930000305175781,8.949899673461914,60714,0.0,0.0
2024-08-22 10:21:00-04:00,8.944999694824219,8.949999809265137,8.9399995803833,8.944999694824219,36797,0.0,0.0
2024-08-22 10:22:00-04:00,8.9399995803833,8.949999809265137,8.9350004196167,8.944999694824219,75538,0.0,0.0
2024-08-22 10:23:00-04:00,8.949899673461914,8.960000038146973,8.944999694824219,8.95989990234375,21621,0.0,0.0
2024-08-22 10:24:00-04:00,8.954999923706055,8.970000267028809,8.95009994506836,8.970000267028809,32500,0.0,0.0
2024-08-22 10:25:00-04:00,8.965299606323242,9.0,8.960000038146973,8.989999771118164,112473,0.0,0.0
2024-08-22 10:26:00-04:00,9.0,9.0,8.989999771118164,8.994999885559082,27258,0.0,0.0
2024-08-22 10:27:00-04:00,8.989999771118164,9.010000228881836,8.989999771118164,9.005000114440918,46844,0.0,0.0
2024-08-22 10:28:00-04:00,9.009900093078613,9.020000457763672,8.989999771118164,8.994999885559082,86031,0.0,0.0
2024-08-22 10:29:00-04:00,8.994999885559082,8.996399879455566,8.989999771118164,8.994999885559082,12028,0.0,0.0
2024-08-22 10:30:00-04:00,8.998200416564941,8.998200416564941,8.970000267028809,8.979999542236328,98517,0.0,0.0
2024-08-22 10:31:00-04:00,8.979999542236328,8.984999656677246,8.96500015258789,8.984999656677246,95792,0.0,0.0
2024-08-22 10:32:00-04:00,8.98009967803955,8.989999771118164,8.979999542236328,8.979999542236328,20262,0.0,0.0
2024-08-22 10:33:00-04:00,8.975000381469727,8.979999542236328,8.960100173950195,8.975000381469727,59402,0.0,0.0
2024-08-22 10:34:00-04:00,8.970000267028809,8.979999542236328,8.970000267028809,8.979999542236328,9901,0.0,0.0
2024-08-22 10:35:00-04:00,8.979999542236328,8.989999771118164,8.977700233459473,8.989999771118164,34420,0.0,0.0
2024-08-22 10:36:00-04:00,8.981499671936035,8.989999771118164,8.979999542236328,8.989999771118164,24159,0.0,0.0
2024-08-22 10:37:00-04:00,8.979999542236328,8.989999771118164,8.970000267028809,8.984999656677246,45672,0.0,0.0
2024-08-22 10:38:00-04:00,8.980199813842773,9.010000228881836,8.980199813842773,9.010000228881836,62444,0.0,0.0
2024-08-22 10:39:00-04:00,9.005000114440918,9.020000457763672,9.000100135803223,9.020000457763672,26298,0.0,0.0
2024-08-22 10:40:00-04:00,9.020000457763672,9.026599884033203,9.010000228881836,9.024999618530273,65270,0.0,0.0
2024-08-22 10:41:00-04:00,9.024700164794922,9.03499984741211,9.020000457763672,9.03499984741211,25551,0.0,0.0
2024-08-22 10:42:00-04:00,9.03499984741211,9.03499984741211,9.020000457763672,9.029899597167969,85848,0.0,0.0
2024-08-22 10:43:00-04:00,9.024999618530273,9.025199890136719,9.020000457763672,9.024999618530273,27581,0.0,0.0
2024-08-22 10:44:00-04:00,9.025199890136719,9.029999732971191,9.020000457763672,9.024999618530273,17513,0.0,0.0
2024-08-22 10:45:00-04:00,9.024999618530273,9.050000190734863,9.024999618530273,9.04990005493164,74183,0.0,0.0
2024-08-22 10:46:00-04:00,9.04990005493164,9.05519962310791,9.039999961853027,9.045000076293945,33224,0.0,0.0
2024-08-22 10:47:00-04:00,9.04990005493164,9.050000190734863,9.039999961853027,9.050000190734863,32968,0.0,0.0
2024-08-22 10:48:00-04:00,9.055000305175781,9.0649995803833,9.050000190734863,9.055000305175781,87039,0.0,0.0
2024-08-22 10:49:00-04:00,9.050000190734863,9.0600004196167,9.039999961853027,9.059900283813477,67002,0.0,0.0
2024-08-22 10:50:00-04:00,9.059900283813477,9.074999809265137,9.059900283813477,9.069999694824219,67338,0.0,0.0
2024-08-22 10:51:00-04:00,9.074899673461914,9.079999923706055,9.069999694824219,9.069999694824219,11557,0.0,0.0
2024-08-22 10:52:00-04:00,9.074999809265137,9.09000015258789,9.069999694824219,9.09000015258789,26360,0.0,0.0
2024-08-22 10:53:00-04:00,9.089900016784668,9.109999656677246,9.085000038146973,9.095199584960938,116600,0.0,0.0
2024-08-22 10:54:00-04:00,9.095000267028809,9.095000267028809,9.079999923706055,9.095000267028809,42439,0.0,0.0
2024-08-22 10:55:00-04:00,9.095000267028809,9.095000267028809,9.079999923706055,9.085000038146973,33641,0.0,0.0
2024-08-22 10:56:00-04:00,9.085000038146973,9.100000381469727,9.085000038146973,9.09000015258789,15288,0.0,0.0
2024-08-22 10:57:00-04:00,9.09000015258789,9.09000015258789,9.079999923706055,9.085000038146973,64877,0.0,0.0
2024-08-22 10:58:00-04:00,9.085000038146973,9.099200248718262,9.085000038146973,9.095000267028809,41866,0.0,0.0
2024-08-22 10:59:00-04:00,9.095000267028809,9.095000267028809,9.080100059509277,9.085000038146973,42180,0.0,0.0
2024-08-22 11:00:00-04:00,9.085000038146973,9.09000015258789,9.069999694824219,9.079999923706055,104471,0.0,0.0
2024-08-22 11:01:00-04:00,9.079999923706055,9.100000381469727,9.074999809265137,9.095000267028809,52029,0.0,0.0
2024-08-22 11:02:00-04:00,9.095000267028809,9.100000381469727,9.09000015258789,9.09000015258789,7361,0.0,0.0
2024-08-22 11:03:00-04:00,9.09000015258789,9.099900245666504,9.079999923706055,9.085000038146973,27491,0.0,0.0
2024-08-22 11:04:00-04:00,9.079999923706055,9.09000015258789,9.069999694824219,9.079999923706055,25713,0.0,0.0
2024-08-22 11:05:00-04:00,9.074999809265137,9.079999923706055,9.069999694824219,9.069999694824219,28478,0.0,0.0
2024-08-22 11:06:00-04:00,9.074999809265137,9.079999923706055,9.069999694824219,9.079999923706055,7377,0.0,0.0
2024-08-22 11:07:00-04:00,9.074999809265137,9.074999809265137,9.069999694824219,9.074999809265137,16889,0.0,0.0
2024-08-22 11:08:00-04:00,9.074999809265137,9.07509994506836,9.0649995803833,9.0649995803833,74633,0.0,0.0
2024-08-22 11:09:00-04:00,9.0649995803833,9.079999923706055,9.060099601745605,9.079700469970703,36043,0.0,0.0
2024-08-22 11:10:00-04:00,9.079999923706055,9.09000015258789,9.074999809265137,9.085000038146973,33491,0.0,0.0
2024-08-22 11:11:00-04:00,9.085000038146973,9.085000038146973,9.069999694824219,9.074999809265137,37990,0.0,0.0
2024-08-22 11:12:00-04:00,9.069999694824219,9.079999923706055,9.069999694824219,9.079999923706055,17071,0.0,0.0
2024-08-22 11:13:00-04:00,9.079899787902832,9.079899787902832,9.069999694824219,9.074999809265137,10791,0.0,0.0
2024-08-22 11:14:00-04:00,9.074999809265137,9.085000038146973,9.074999809265137,9.080100059509277,59751,0.0,0.0
2024-08-22 11:15:00-04:00,9.079999923706055,9.085000038146973,9.069999694824219,9.074999809265137,34639,0.0,0.0
2024-08-22 11:16:00-04:00,9.069999694824219,9.074999809265137,9.0649995803833,9.0649995803833,28722,0.0,0.0
2024-08-22 11:17:00-04:00,9.0600004196167,9.079999923706055,9.0600004196167,9.0649995803833,61362,0.0,0.0
2024-08-22 11:18:00-04:00,9.069899559020996,9.079999923706055,9.0649995803833,9.079999923706055,71993,0.0,0.0
2024-08-22 11:19:00-04:00,9.085000038146973,9.089900016784668,9.080100059509277,9.080100059509277,19872,0.0,0.0
2024-08-22 11:20:00-04:00,9.085000038146973,9.105600357055664,9.079999923706055,9.105600357055664,64246,0.0,0.0
2024-08-22 11:21:00-04:00,9.100099563598633,9.104999542236328,9.079999923706055,9.079999923706055,52882,0.0,0.0
2024-08-22 11:22:00-04:00,9.089900016784668,9.089900016784668,9.069999694824219,9.069999694824219,30476,0.0,0.0
2024-08-22 11:23:00-04:00,9.069999694824219,9.079999923706055,9.069999694824219,9.074999809265137,18739,0.0,0.0
2024-08-22 11:24:00-04:00,9.074999809265137,9.079999923706055,9.069999694824219,9.069999694824219,32192,0.0,0.0
2024-08-22 11:25:00-04:00,9.074999809265137,9.079999923706055,9.074999809265137,9.074999809265137,8180,0.0,0.0
2024-08-22 11:26:00-04:00,9.071700096130371,9.074999809265137,9.0649995803833,9.069999694824219,18607,0.0,0.0
2024-08-22 11:27:00-04:00,9.0649995803833,9.079999923706055,9.0649995803833,9.069999694824219,54545,0.0,0.0
2024-08-22 11:28:00-04:00,9.069999694824219,9.074999809265137,9.0600004196167,9.065099716186523,21551,0.0,0.0
2024-08-22 11:29:00-04:00,9.0649995803833,9.085000038146973,9.0600004196167,9.079999923706055,173647,0.0,0.0
2024-08-22 11:30:00-04:00,9.079999923706055,9.09000015258789,9.074999809265137,9.085000038146973,23295,0.0,0.0
2024-08-22 11:31:00-04:00,9.09000015258789,9.100000381469727,9.085000038146973,9.100000381469727,60098,0.0,0.0
2024-08-22 11:32:00-04:00,9.095000267028809,9.100000381469727,9.09000015258789,9.095000267028809,52698,0.0,0.0
2024-08-22 11:33:00-04:00,9.090100288391113,9.090100288391113,9.0600004196167,9.06470012664795,62363,0.0,0.0
2024-08-22 11:34:00-04:00,9.0649995803833,9.089900016784668,9.061400413513184,9.085000038146973,125282,0.0,0.0
2024-08-22 11:35:00-04:00,9.085000038146973,9.100000381469727,9.085000038146973,9.095000267028809,32963,0.0,0.0
2024-08-22 11:36:00-04:00,9.095000267028809,9.095000267028809,9.069999694824219,9.085000038146973,99000,0.0,0.0
2024-08-22 11:37:00-04:00,9.089900016784668,9.100000381469727,9.079999923706055,9.09000015258789,51663,0.0,0.0
2024-08-22 11:38:00-04:00,9.090299606323242,9.090299606323242,9.074999809265137,9.074999809265137,36785,0.0,0.0
2024-08-22 11:39:00-04:00,9.074999809265137,9.085000038146973,9.069999694824219,9.079999923706055,45155,0.0,0.0
2024-08-22 11:40:00-04:00,9.085000038146973,9.099900245666504,9.079999923706055,9.09000015258789,62671,0.0,0.0
2024-08-22 11:41:00-04:00,9.09000015258789,9.09529972076416,9.09000015258789,9.090100288391113,3522,0.0,0.0
2024-08-22 11:42:00-04:00,9.09000015258789,9.100000381469727,9.09000015258789,9.09000015258789,11453,0.0,0.0
2024-08-22 11:43:00-04:00,9.09000015258789,9.09000015258789,9.069999694824219,9.069999694824219,72752,0.0,0.0
2024-08-22 11:44:00-04:00,9.079999923706055,9.085000038146973,9.074999809265137,9.074999809265137,75939,0.0,0.0
2024-08-22 11:45:00-04:00,9.069999694824219,9.079999923706055,9.069999694824219,9.074600219726562,16369,0.0,0.0
2024-08-22 11:46:00-04:00,9.070099830627441,9.085000038146973,9.069999694824219,9.081199645996094,54903,0.0,0.0
2024-08-22 11:47:00-04:00,9.085000038146973,9.089699745178223,9.081500053405762,9.081500053405762,21262,0.0,0.0
2024-08-22 11:48:00-04:00,9.085000038146973,9.09000015258789,9.079999923706055,9.079999923706055,32140,0.0,0.0
2024-08-22 11:49:00-04:00,9.085800170898438,9.085800170898438,9.0649995803833,9.0649995803833,88577,0.0,0.0
2024-08-22 11:50:00-04:00,9.0649995803833,9.069999694824219,9.039999961853027,9.045000076293945,48057,0.0,0.0
2024-08-22 11:51:00-04:00,9.039999961853027,9.09000015258789,9.039999961853027,9.079999923706055,192542,0.0,0.0
2024-08-22 11:52:00-04:00,9.085000038146973,9.09000015258789,9.079999923706055,9.085000038146973,11472,0.0,0.0
2024-08-22 11:53:00-04:00,9.079999923706055,9.087800025939941,9.074600219726562,9.074600219726562,80865,0.0,0.0
2024-08-22 11:54:00-04:00,9.074999809265137,9.074999809265137,9.074999809265137,9.074999809265137,1100,0.0,0.0
2024-08-22 11:55:00-04:00,9.069999694824219,9.069999694824219,9.0600004196167,9.0649995803833,16578,0.0,0.0
2024-08-22 11:56:00-04:00,9.0649995803833,9.074999809265137,9.0649995803833,9.074999809265137,28961,0.0,0.0
2024-08-22 11:57:00-04:00,9.069999694824219,9.079999923706055,9.069999694824219,9.074999809265137,5775,0.0,0.0
2024-08-22 11:58:00-04:00,9.079999923706055,9.085000038146973,9.079999923706055,9.079999923706055,19095,0.0,0.0
2024-08-22 11:59:00-04:00,9.079999923706055,9.079999923706055,9.069999694824219,9.069999694824219,19318,0.0,0.0
2024-08-22 12:00:00-04:00,9.069999694824219,9.079999923706055,9.069999694824219,9.074999809265137,8630,0.0,0.0
2024-08-22 12:01:00-04:00,9.074999809265137,9.09000015258789,9.074999809265137,9.085000038146973,33940,0.0,0.0
2024-08-22 12:02:00-04:00,9.085000038146973,9.09000015258789,9.085000038146973,9.09000015258789,11216,0.0,0.0
2024-08-22 12:03:00-04:00,9.09000015258789,9.095999717712402,9.09000015258789,9.095000267028809,22182,0.0,0.0
2024-08-22 12:04:00-04:00,9.095000267028809,9.100000381469727,9.09000015258789,9.09000015258789,6460,0.0,0.0
2024-08-22 12:05:00-04:00,9.095000267028809,9.100000381469727,9.085000038146973,9.095000267028809,57827,0.0,0.0
2024-08-22 12:06:00-04:00,9.09000015258789,9.104999542236328,9.09000015258789,9.104999542236328,56576,0.0,0.0
2024-08-22 12:07:00-04:00,9.104999542236328,9.109999656677246,9.104999542236328,9.104999542236328,4503,0.0,0.0
2024-08-22 12:08:00-04:00,9.104999542236328,9.109999656677246,9.100000381469727,9.100000381469727,3978,0.0,0.0
2024-08-22 12:09:00-04:00,9.100000381469727,9.100000381469727,9.09000015258789,9.095000267028809,64993,0.0,0.0
2024-08-22 12:10:00-04:00,9.104999542236328,9.104999542236328,9.100099563598633,9.104999542236328,7904,0.0,0.0
2024-08-22 12:11:00-04:00,9.104999542236328,9.114999771118164,9.100000381469727,9.114999771118164,31336,0.0,0.0
2024-08-22 12:12:00-04:00,9.114999771118164,9.114999771118164,9.103899955749512,9.104999542236328,27070,0.0,0.0
2024-08-22 12:13:00-04:00,9.104999542236328,9.109999656677246,9.09000015258789,9.09000015258789,36960,0.0,0.0
2024-08-22 12:14:00-04:00,9.09000015258789,9.095000267028809,9.09000015258789,9.095000267028809,17491,0.0,0.0
2024-08-22 12:15:00-04:00,9.09570026397705,9.09570026397705,9.09000015258789,9.09000015258789,5956,0.0,0.0
2024-08-22 12:16:00-04:00,9.09000015258789,9.09529972076416,9.09000015258789,9.09000015258789,4592,0.0,0.0
2024-08-22 12:17:00-04:00,9.09000015258789,9.109999656677246,9.09000015258789,9.100000381469727,51945,0.0,0.0
2024-08-22 12:18:00-04:00,9.10420036315918,9.104999542236328,9.100000381469727,9.100000381469727,44286,0.0,0.0
2024-08-22 12:19:00-04:00,9.100000381469727,9.104999542236328,9.100000381469727,9.100000381469727,2267,0.0,0.0
2024-08-22 12:20:00-04:00,9.109999656677246,9.119999885559082,9.100000381469727,9.114999771118164,52619,0.0,0.0
2024-08-22 12:21:00-04:00,9.119999885559082,9.119999885559082,9.110099792480469,9.119999885559082,7367,0.0,0.0
2024-08-22 12:22:00-04:00,9.119999885559082,9.119999885559082,9.109999656677246,9.114999771118164,8497,0.0,0.0
2024-08-22 12:23:00-04:00,9.119999885559082,9.119999885559082,9.109999656677246,9.119999885559082,13228,0.0,0.0
2024-08-22 12:24:00-04:00,9.109999656677246,9.11050033569336,9.095000267028809,9.100000381469727,139092,0.0,0.0
2024-08-22 12:25:00-04:00,9.09000015258789,9.100000381469727,9.09000015258789,9.095000267028809,14860,0.0,0.0
2024-08-22 12:26:00-04:00,9.095000267028809,9.095000267028809,9.09000015258789,9.09000015258789,32562,0.0,0.0
2024-08-22 12:27:00-04:00,9.09000015258789,9.100000381469727,9.079999923706055,9.095000267028809,103777,0.0,0.0
2024-08-22 12:28:00-04:00,9.09000015258789,9.09000015258789,9.079999923706055,9.085000038146973,20778,0.0,0.0
2024-08-22 12:29:00-04:00,9.085000038146973,9.089799880981445,9.079999923706055,9.079999923706055,25950,0.0,0.0
2024-08-22 12:30:00-04:00,9.079999923706055,9.085000038146973,9.07450008392334,9.085000038146973,78077,0.0,0.0
2024-08-22 12:31:00-04:00,9.079999923706055,9.0802001953125,9.069999694824219,9.079899787902832,36977,0.0,0.0
2024-08-22 12:32:00-04:00,9.074999809265137,9.074999809265137,9.069999694824219,9.069999694824219,4226,0.0,0.0
2024-08-22 12:33:00-04:00,9.074999809265137,9.09000015258789,9.074999809265137,9.085000038146973,84182,0.0,0.0
2024-08-22 12:34:00-04:00,9.079999923706055,9.089900016784668,9.079999923706055,9.079999923706055,9088,0.0,0.0
2024-08-22 12:35:00-04:00,9.085000038146973,9.085000038146973,9.079999923706055,9.085000038146973,8108,0.0,0.0
2024-08-22 12:36:00-04:00,9.089900016784668,9.10990047454834,9.089300155639648,9.104999542236328,85165,0.0,0.0
2024-08-22 12:37:00-04:00,9.104999542236328,9.104999542236328,9.100000381469727,9.100000381469727,8539,0.0,0.0
2024-08-22 12:38:00-04:00,9.100000381469727,9.104999542236328,9.100000381469727,9.104999542236328,3112,0.0,0.0
2024-08-22 12:39:00-04:00,9.104999542236328,9.104999542236328,9.100000381469727,9.100000381469727,2678,0.0,0.0
2024-08-22 12:40:00-04:00,9.100000381469727,9.109999656677246,9.100000381469727,9.109999656677246,8397,0.0,0.0
2024-08-22 12:41:00-04:00,9.104999542236328,9.109999656677246,9.100000381469727,9.104999542236328,2899,0.0,0.0
2024-08-22 12:42:00-04:00,9.104999542236328,9.109999656677246,9.09000015258789,9.095000267028809,87242,0.0,0.0
2024-08-22 12:43:00-04:00,9.09000015258789,9.095000267028809,9.079999923706055,9.079999923706055,27756,0.0,0.0
2024-08-22 12:44:00-04:00,9.085000038146973,9.09000015258789,9.079999923706055,9.079999923706055,25379,0.0,0.0
2024-08-22 12:45:00-04:00,9.079999923706055,9.088600158691406,9.079999923706055,9.079999923706055,14761,0.0,0.0
2024-08-22 12:46:00-04:00,9.079999923706055,9.079999923706055,9.079999923706055,9.079999923706055,85362,0.0,0.0
2024-08-22 12:47:00-04:00,9.08899974822998,9.10509967803955,9.080100059509277,9.104999542236328,65813,0.0,0.0
2024-08-22 12:48:00-04:00,9.104999542236328,9.109999656677246,9.100000381469727,9.109999656677246,27744,0.0,0.0
2024-08-22 12:49:00-04:00,9.100000381469727,9.100000381469727,9.09000015258789,9.095000267028809,45977,0.0,0.0
2024-08-22 12:50:00-04:00,9.095000267028809,9.095000267028809,9.090100288391113,9.095000267028809,25789,0.0,0.0
2024-08-22 12:51:00-04:00,9.095000267028809,9.095000267028809,9.09000015258789,9.095000267028809,14390,0.0,0.0
2024-08-22 12:52:00-04:00,9.09000015258789,9.095000267028809,9.09000015258789,9.095000267028809,8783,0.0,0.0
2024-08-22 12:53:00-04:00,9.095000267028809,9.095000267028809,9.09000015258789,9.09000015258789,956,0.0,0.0
2024-08-22 12:54:00-04:00,9.09000015258789,9.09000015258789,9.074999809265137,9.074999809265137,24541,0.0,0.0
2024-08-22 12:55:00-04:00,9.074999809265137,9.089900016784668,9.069999694824219,9.074999809265137,171034,0.0,0.0
2024-08-22 12:56:00-04:00,9.074999809265137,9.074999809265137,9.0649995803833,9.0649995803833,69086,0.0,0.0
2024-08-22 12:57:00-04:00,9.0649995803833,9.079999923706055,9.064900398254395,9.069999694824219,70163,0.0,0.0
2024-08-22 12:58:00-04:00,9.069999694824219,9.085000038146973,9.069999694824219,9.085000038146973,27054,0.0,0.0
2024-08-22 12:59:00-04:00,9.089900016784668,9.100000381469727,9.089900016784668,9.09280014038086,25011,0.0,0.0
2024-08-22 13:00:00-04:00,9.09000015258789,9.09000015258789,9.069999694824219,9.074999809265137,47774,0.0,0.0
2024-08-22 13:01:00-04:00,9.069999694824219,9.095000267028809,9.069999694824219,9.085000038146973,136234,0.0,0.0
2024-08-22 13:02:00-04:00,9.085000038146973,9.09000015258789,9.079999923706055,9.079999923706055,25867,0.0,0.0
2024-08-22 13:03:00-04:00,9.079999923706055,9.079999923706055,9.0649995803833,9.069899559020996,53734,0.0,0.0
2024-08-22 13:04:00-04:00,9.0600004196167,9.079999923706055,9.0600004196167,9.074999809265137,74498,0.0,0.0
2024-08-22 13:05:00-04:00,9.070099830627441,9.074999809265137,9.069999694824219,9.074999809265137,9704,0.0,0.0
2024-08-22 13:06:00-04:00,9.069999694824219,9.074999809265137,9.069999694824219,9.074999809265137,1882,0.0,0.0
2024-08-22 13:07:00-04:00,9.069999694824219,9.074999809265137,9.069999694824219,9.069999694824219,1901,0.0,0.0
2024-08-22 13:08:00-04:00,9.074999809265137,9.09000015258789,9.074999809265137,9.09000015258789,23357,0.0,0.0
2024-08-22 13:09:00-04:00,9.083900451660156,9.09000015258789,9.079999923706055,9.09000015258789,31926,0.0,0.0
2024-08-22 13:10:00-04:00,9.09000015258789,9.095000267028809,9.079999923706055,9.092599868774414,53784,0.0,0.0
2024-08-22 13:11:00-04:00,9.100000381469727,9.104999542236328,9.09000015258789,9.09000015258789,91643,0.0,0.0
2024-08-22 13:12:00-04:00,9.095000267028809,9.095000267028809,9.09000015258789,9.095000267028809,7315,0.0,0.0
2024-08-22 13:13:00-04:00,9.100000381469727,9.100000381469727,9.080300331115723,9.085000038146973,25379,0.0,0.0
2024-08-22 13:14:00-04:00,9.085000038146973,9.085000038146973,9.085000038146973,9.085000038146973,413,0.0,0.0
2024-08-22 13:15:00-04:00,9.085000038146973,9.085000038146973,9.079999923706055,9.079999923706055,545,0.0,0.0
2024-08-22 13:16:00-04:00,9.081999778747559,9.085000038146973,9.081999778747559,9.085000038146973,4628,0.0,0.0
2024-08-22 13:17:00-04:00,9.085000038146973,9.085000038146973,9.079999923706055,9.079999923706055,4084,0.0,0.0
2024-08-22 13:18:00-04:00,9.085000038146973,9.09000015258789,9.079999923706055,9.079999923706055,1518,0.0,0.0
2024-08-22 13:19:00-04:00,9.085000038146973,9.085000038146973,9.079999923706055,9.079999923706055,2349,0.0,0.0
2024-08-22 13:20:00-04:00,9.079999923706055,9.085000038146973,9.069999694824219,9.069999694824219,29656,0.0,0.0
2024-08-22 13:21:00-04:00,9.074999809265137,9.07509994506836,9.0649995803833,9.070099830627441,70126,0.0,0.0
2024-08-22 13:22:00-04:00,9.074999809265137,9.079999923706055,9.0600004196167,9.069899559020996,26873,0.0,0.0
2024-08-22 13:23:00-04:00,9.0649995803833,9.074999809265137,9.060999870300293,9.074999809265137,54094,0.0,0.0
2024-08-22 13:24:00-04:00,9.074999809265137,9.079999923706055,9.069999694824219,9.074999809265137,17164,0.0,0.0
2024-08-22 13:25:00-04:00,9.069999694824219,9.074999809265137,9.050000190734863,9.050000190734863,31667,0.0,0.0
2024-08-22 13:26:00-04:00,9.055000305175781,9.0600004196167,9.050000190734863,9.055000305175781,20039,0.0,0.0
2024-08-22 13:27:00-04:00,9.0600004196167,9.0600004196167,9.050999641418457,9.0600004196167,19874,0.0,0.0
2024-08-22 13:28:00-04:00,9.0600004196167,9.0600004196167,9.050000190734863,9.055000305175781,42116,0.0,0.0
2024-08-22 13:29:00-04:00,9.055000305175781,9.055000305175781,9.050000190734863,9.050000190734863,7781,0.0,0.0
2024-08-22 13:30:00-04:00,9.050000190734863,9.059900283813477,9.050000190734863,9.055000305175781,2931,0.0,0.0
2024-08-22 13:31:00-04:00,9.050000190734863,9.0600004196167,9.029999732971191,9.030099868774414,105329,0.0,0.0
2024-08-22 13:32:00-04:00,9.029999732971191,9.039899826049805,9.029999732971191,9.03499984741211,17230,0.0,0.0
2024-08-22 13:33:00-04:00,9.038999557495117,9.0600004196167,9.038999557495117,9.0600004196167,73631,0.0,0.0
2024-08-22 13:34:00-04:00,9.055000305175781,9.055000305175781,9.039999961853027,9.041099548339844,30225,0.0,0.0
2024-08-22 13:35:00-04:00,9.045100212097168,9.04990005493164,9.045000076293945,9.045000076293945,10007,0.0,0.0
2024-08-22 13:36:00-04:00,9.045000076293945,9.045100212097168,9.04010009765625,9.045000076293945,13395,0.0,0.0
2024-08-22 13:37:00-04:00,9.039999961853027,9.045000076293945,9.039999961853027,9.045000076293945,4433,0.0,0.0
2024-08-22 13:38:00-04:00,9.045000076293945,9.055700302124023,9.045000076293945,9.055000305175781,17536,0.0,0.0
2024-08-22 13:39:00-04:00,9.055000305175781,9.059900283813477,9.05370044708252,9.055000305175781,6788,0.0,0.0
2024-08-22 13:40:00-04:00,9.055000305175781,9.055000305175781,9.039999961853027,9.045000076293945,40934,0.0,0.0
2024-08-22 13:41:00-04:00,9.045000076293945,9.059900283813477,9.045000076293945,9.050000190734863,64476,0.0,0.0
2024-08-22 13:42:00-04:00,9.055000305175781,9.055100440979004,9.050100326538086,9.055000305175781,9542,0.0,0.0
2024-08-22 13:43:00-04:00,9.055000305175781,9.055000305175781,9.050000190734863,9.050000190734863,2796,0.0,0.0
2024-08-22 13:44:00-04:00,9.0600004196167,9.0600004196167,9.045000076293945,9.048999786376953,46319,0.0,0.0
2024-08-22 13:45:00-04:00,9.045000076293945,9.045100212097168,9.04010009765625,9.045000076293945,11676,0.0,0.0
2024-08-22 13:46:00-04:00,9.045000076293945,9.045000076293945,9.039999961853027,9.045000076293945,3555,0.0,0.0
2024-08-22 13:47:00-04:00,9.045000076293945,9.045100212097168,9.039999961853027,9.039999961853027,8639,0.0,0.0
2024-08-22 13:48:00-04:00,9.039999961853027,9.045999526977539,9.03499984741211,9.03499984741211,46567,0.0,0.0
2024-08-22 13:49:00-04:00,9.03499984741211,9.03499984741211,9.029999732971191,9.029999732971191,17858,0.0,0.0
2024-08-22 13:50:00-04:00,9.029999732971191,9.035099983215332,9.029999732971191,9.03499984741211,15588,0.0,0.0
2024-08-22 13:51:00-04:00,9.039799690246582,9.050000190734863,9.03499984741211,9.046699523925781,78878,0.0,0.0
2024-08-22 13:52:00-04:00,9.041899681091309,9.045100212097168,9.039999961853027,9.045000076293945,15563,0.0,0.0
2024-08-22 13:53:00-04:00,9.039999961853027,9.039999961853027,9.039999961853027,9.039999961853027,59977,0.0,0.0
2024-08-22 13:54:00-04:00,9.045000076293945,9.050000190734863,9.039999961853027,9.039999961853027,7091,0.0,0.0
2024-08-22 13:55:00-04:00,9.039999961853027,9.045000076293945,9.039999961853027,9.042900085449219,12125,0.0,0.0
2024-08-22 13:56:00-04:00,9.041999816894531,9.045000076293945,9.039999961853027,9.039999961853027,31607,0.0,0.0
2024-08-22 13:57:00-04:00,9.03499984741211,9.03499984741211,9.03499984741211,9.03499984741211,8338,0.0,0.0
2024-08-22 13:58:00-04:00,9.03499984741211,9.03499984741211,9.029999732971191,9.029999732971191,80024,0.0,0.0
2024-08-22 13:59:00-04:00,9.030099868774414,9.03499984741211,9.029999732971191,9.03499984741211,6227,0.0,0.0
2024-08-22 14:00:00-04:00,9.029999732971191,9.03499984741211,9.020000457763672,9.021100044250488,13518,0.0,0.0
2024-08-22 14:01:00-04:00,9.024999618530273,9.024999618530273,9.020000457763672,9.020000457763672,32056,0.0,0.0
2024-08-22 14:02:00-04:00,9.015000343322754,9.024999618530273,9.015000343322754,9.024999618530273,38490,0.0,0.0
2024-08-22 14:03:00-04:00,9.024999618530273,9.025500297546387,9.020000457763672,9.020099639892578,3058,0.0,0.0
2024-08-22 14:04:00-04:00,9.020000457763672,9.029999732971191,9.020000457763672,9.024999618530273,9196,0.0,0.0
2024-08-22 14:05:00-04:00,9.020000457763672,9.024999618530273,9.020000457763672,9.020000457763672,7281,0.0,0.0
2024-08-22 14:06:00-04:00,9.020000457763672,9.020000457763672,9.020000457763672,9.020000457763672,2735,0.0,0.0
2024-08-22 14:07:00-04:00,9.020000457763672,9.029899597167969,9.020000457763672,9.024999618530273,5440,0.0,0.0
2024-08-22 14:08:00-04:00,9.024999618530273,9.024999618530273,9.024999618530273,9.024999618530273,365,0.0,0.0
2024-08-22 14:09:00-04:00,9.024999618530273,9.050000190734863,9.024999618530273,9.045000076293945,53407,0.0,0.0
2024-08-22 14:10:00-04:00,9.041000366210938,9.046500205993652,9.03499984741211,9.03499984741211,28119,0.0,0.0
2024-08-22 14:11:00-04:00,9.029999732971191,9.03499984741211,9.020000457763672,9.03499984741211,71483,0.0,0.0
2024-08-22 14:12:00-04:00,9.039999961853027,9.039999961853027,9.029999732971191,9.029999732971191,1978,0.0,0.0
2024-08-22 14:13:00-04:00,9.029999732971191,9.039999961853027,9.029999732971191,9.029999732971191,4525,0.0,0.0
2024-08-22 14:14:00-04:00,9.03499984741211,9.039999961853027,9.03499984741211,9.03499984741211,2837,0.0,0.0
2024-08-22 14:15:00-04:00,9.03499984741211,9.045000076293945,9.03499984741211,9.045000076293945,30825,0.0,0.0
2024-08-22 14:16:00-04:00,9.045000076293945,9.050000190734863,9.029999732971191,9.047499656677246,63665,0.0,0.0
2024-08-22 14:17:00-04:00,9.04990005493164,9.050000190734863,9.039999961853027,9.04990005493164,18985,0.0,0.0
2024-08-22 14:18:00-04:00,9.049400329589844,9.055000305175781,9.04010009765625,9.04010009765625,166320,0.0,0.0
2024-08-22 14:19:00-04:00,9.050000190734863,9.050000190734863,9.045000076293945,9.050000190734863,3244,0.0,0.0
2024-08-22 14:20:00-04:00,9.050000190734863,9.055000305175781,9.039999961853027,9.045000076293945,142210,0.0,0.0
2024-08-22 14:21:00-04:00,9.04010009765625,9.045000076293945,9.039999961853027,9.039999961853027,10632,0.0,0.0
2024-08-22 14:22:00-04:00,9.045000076293945,9.045000076293945,9.045000076293945,9.045000076293945,3213,0.0,0.0
2024-08-22 14:23:00-04:00,9.040300369262695,9.045000076293945,9.039999961853027,9.039999961853027,7004,0.0,0.0
2024-08-22 14:24:00-04:00,9.045000076293945,9.045000076293945,9.03499984741211,9.03499984741211,24417,0.0,0.0
2024-08-22 14:25:00-04:00,9.03499984741211,9.03499984741211,9.029999732971191,9.03499984741211,9966,0.0,0.0
2024-08-22 14:26:00-04:00,9.03499984741211,9.03499984741211,9.03499984741211,9.03499984741211,1135,0.0,0.0
2024-08-22 14:27:00-04:00,9.03499984741211,9.03499984741211,9.029999732971191,9.03499984741211,5201,0.0,0.0
2024-08-22 14:28:00-04:00,9.029999732971191,9.03600025177002,9.029999732971191,9.03499984741211,1351,0.0,0.0
2024-08-22 14:29:00-04:00,9.037799835205078,9.037799835205078,9.031100273132324,9.031100273132324,1920,0.0,0.0
2024-08-22 14:30:00-04:00,9.039999961853027,9.039999961853027,9.029999732971191,9.03499984741211,6914,0.0,0.0
2024-08-22 14:31:00-04:00,9.039999961853027,9.045000076293945,9.039999961853027,9.045000076293945,39281,0.0,0.0
2024-08-22 14:32:00-04:00,9.045000076293945,9.045000076293945,9.045000076293945,9.045000076293945,1137,0.0,0.0
2024-08-22 14:33:00-04:00,9.04010009765625,9.04580020904541,9.04010009765625,9.045000076293945,4139,0.0,0.0
2024-08-22 14:34:00-04:00,9.045000076293945,9.045000076293945,9.039999961853027,9.045000076293945,4132,0.0,0.0
2024-08-22 14:35:00-04:00,9.039999961853027,9.050000190734863,9.039999961853027,9.050000190734863,942,0.0,0.0
2024-08-22 14:36:00-04:00,9.039999961853027,9.039999961853027,9.03499984741211,9.03499984741211,30942,0.0,0.0
2024-08-22 14:37:00-04:00,9.03499984741211,9.03600025177002,9.029999732971191,9.029999732971191,4684,0.0,0.0
2024-08-22 14:38:00-04:00,9.03499984741211,9.03499984741211,9.029899597167969,9.029899597167969,30300,0.0,0.0
2024-08-22 14:39:00-04:00,9.024999618530273,9.03499984741211,9.024999618530273,9.03499984741211,45856,0.0,0.0
2024-08-22 14:40:00-04:00,9.029999732971191,9.038999557495117,9.029999732971191,9.029999732971191,27615,0.0,0.0
2024-08-22 14:41:00-04:00,9.029999732971191,9.029999732971191,9.024999618530273,9.029999732971191,24231,0.0,0.0
2024-08-22 14:42:00-04:00,9.029999732971191,9.03499984741211,9.024999618530273,9.03499984741211,17402,0.0,0.0
2024-08-22 14:43:00-04:00,9.03499984741211,9.03499984741211,9.03499984741211,9.03499984741211,8607,0.0,0.0
2024-08-22 14:44:00-04:00,9.03499984741211,9.03499984741211,9.029999732971191,9.029999732971191,3312,0.0,0.0
2024-08-22 14:45:00-04:00,9.029999732971191,9.045000076293945,9.029999732971191,9.039999961853027,79161,0.0,0.0
2024-08-22 14:46:00-04:00,9.050000190734863,9.050000190734863,9.039999961853027,9.045000076293945,13740,0.0,0.0
2024-08-22 14:47:00-04:00,9.045000076293945,9.050000190734863,9.045000076293945,9.045000076293945,112194,0.0,0.0
2024-08-22 14:48:00-04:00,9.040599822998047,9.040599822998047,9.040599822998047,9.040599822998047,108,0.0,0.0
2024-08-22 14:49:00-04:00,9.039999961853027,9.045000076293945,9.039999961853027,9.039999961853027,15146,0.0,0.0
2024-08-22 14:50:00-04:00,9.039999961853027,9.039999961853027,9.03499984741211,9.039999961853027,32634,0.0,0.0
2024-08-22 14:51:00-04:00,9.039999961853027,9.045000076293945,9.039999961853027,9.045000076293945,57336,0.0,0.0
2024-08-22 14:52:00-04:00,9.039999961853027,9.039999961853027,9.029999732971191,9.03499984741211,29670,0.0,0.0
2024-08-22 14:53:00-04:00,9.03499984741211,9.03499984741211,9.03499984741211,9.03499984741211,7500,0.0,0.0
2024-08-22 14:54:00-04:00,9.03499984741211,9.039999961853027,9.029999732971191,9.029999732971191,16467,0.0,0.0
2024-08-22 14:55:00-04:00,9.03499984741211,9.039999961853027,9.029999732971191,9.029999732971191,9730,0.0,0.0
2024-08-22 14:56:00-04:00,9.03499984741211,9.03499984741211,9.020000457763672,9.020000457763672,62439,0.0,0.0
2024-08-22 14:57:00-04:00,9.024999618530273,9.024999618530273,9.010000228881836,9.012499809265137,33991,0.0,0.0
2024-08-22 14:58:00-04:00,9.020000457763672,9.020000457763672,9.015000343322754,9.015000343322754,36978,0.0,0.0
2024-08-22 14:59:00-04:00,9.020000457763672,9.020000457763672,9.010000228881836,9.020000457763672,18332,0.0,0.0
2024-08-22 15:00:00-04:00,9.020000457763672,9.020000457763672,9.010000228881836,9.015000343322754,1949,0.0,0.0
2024-08-22 15:01:00-04:00,9.015000343322754,9.020000457763672,9.010000228881836,9.010000228881836,5457,0.0,0.0
2024-08-22 15:02:00-04:00,9.015000343322754,9.020000457763672,9.010000228881836,9.015000343322754,20176,0.0,0.0
2024-08-22 15:03:00-04:00,9.020000457763672,9.050000190734863,9.020000457763672,9.041600227355957,164554,0.0,0.0
2024-08-22 15:04:00-04:00,9.039999961853027,9.045000076293945,9.039999961853027,9.045000076293945,10396,0.0,0.0
2024-08-22 15:05:00-04:00,9.039999961853027,9.045000076293945,9.039999961853027,9.045000076293945,7936,0.0,0.0
2024-08-22 15:06:00-04:00,9.039999961853027,9.045000076293945,9.039999961853027,9.039999961853027,42974,0.0,0.0
2024-08-22 15:07:00-04:00,9.03499984741211,9.039999961853027,9.029999732971191,9.029999732971191,5088,0.0,0.0
2024-08-22 15:08:00-04:00,9.029999732971191,9.03499984741211,9.029999732971191,9.029999732971191,30086,0.0,0.0
2024-08-22 15:09:00-04:00,9.029999732971191,9.039999961853027,9.029999732971191,9.029999732971191,29120,0.0,0.0
2024-08-22 15:10:00-04:00,9.029999732971191,9.03499984741211,9.029999732971191,9.029999732971191,2690,0.0,0.0
2024-08-22 15:11:00-04:00,9.029999732971191,9.03499984741211,9.029999732971191,9.03499984741211,3949,0.0,0.0
2024-08-22 15:12:00-04:00,9.03499984741211,9.03499984741211,9.029999732971191,9.03499984741211,3747,0.0,0.0
2024-08-22 15:13:00-04:00,9.03499984741211,9.039999961853027,9.029999732971191,9.039999961853027,4711,0.0,0.0
2024-08-22 15:14:00-04:00,9.039999961853027,9.039999961853027,9.03499984741211,9.03499984741211,8648,0.0,0.0
2024-08-22 15:15:00-04:00,9.039999961853027,9.050000190734863,9.039999961853027,9.045000076293945,27813,0.0,0.0
2024-08-22 15:16:00-04:00,9.039999961853027,9.045000076293945,9.039999961853027,9.039999961853027,11251,0.0,0.0
2024-08-22 15:17:00-04:00,9.039999961853027,9.045000076293945,9.039999961853027,9.039999961853027,2618,0.0,0.0
2024-08-22 15:18:00-04:00,9.045000076293945,9.050000190734863,9.03499984741211,9.03499984741211,38352,0.0,0.0
2024-08-22 15:19:00-04:00,9.03499984741211,9.03499984741211,9.029999732971191,9.03499984741211,37290,0.0,0.0
2024-08-22 15:20:00-04:00,9.03499984741211,9.03499984741211,9.029999732971191,9.029999732971191,10183,0.0,0.0
2024-08-22 15:21:00-04:00,9.029999732971191,9.03499984741211,9.029999732971191,9.029999732971191,1762,0.0,0.0
2024-08-22 15:22:00-04:00,9.029999732971191,9.03499984741211,9.020000457763672,9.024999618530273,30812,0.0,0.0
2024-08-22 15:23:00-04:00,9.024999618530273,9.024999618530273,9.020000457763672,9.02239990234375,6086,0.0,0.0
2024-08-22 15:24:00-04:00,9.024999618530273,9.024999618530273,9.020000457763672,9.020000457763672,5578,0.0,0.0
2024-08-22 15:25:00-04:00,9.024999618530273,9.024999618530273,9.020000457763672,9.024999618530273,14558,0.0,0.0
2024-08-22 15:26:00-04:00,9.024999618530273,9.039999961853027,9.024999618530273,9.024999618530273,156853,0.0,0.0
2024-08-22 15:27:00-04:00,9.024999618530273,9.02970027923584,9.024999618530273,9.02970027923584,7224,0.0,0.0
2024-08-22 15:28:00-04:00,9.024999618530273,9.029999732971191,9.024999618530273,9.024999618530273,7166,0.0,0.0
2024-08-22 15:29:00-04:00,9.024999618530273,9.025799751281738,9.010000228881836,9.015000343322754,53046,0.0,0.0
2024-08-22 15:30:00-04:00,9.015000343322754,9.020000457763672,9.010000228881836,9.015000343322754,17422,0.0,0.0
2024-08-22 15:31:00-04:00,9.015000343322754,9.020000457763672,9.010000228881836,9.010000228881836,6612,0.0,0.0
2024-08-22 15:32:00-04:00,9.015000343322754,9.020000457763672,9.010000228881836,9.015000343322754,11161,0.0,0.0
2024-08-22 15:33:00-04:00,9.010499954223633,9.015000343322754,9.0,9.005000114440918,67936,0.0,0.0
2024-08-22 15:34:00-04:00,9.005000114440918,9.008000373840332,9.0,9.008000373840332,5682,0.0,0.0
2024-08-22 15:35:00-04:00,9.005000114440918,9.010000228881836,9.0,9.005000114440918,73149,0.0,0.0
2024-08-22 15:36:00-04:00,9.005000114440918,9.005000114440918,9.0,9.0,15051,0.0,0.0
2024-08-22 15:37:00-04:00,9.0,9.010000228881836,9.0,9.005000114440918,18102,0.0,0.0
2024-08-22 15:38:00-04:00,9.010000228881836,9.024999618530273,9.010000228881836,9.024999618530273,76397,0.0,0.0
2024-08-22 15:39:00-04:00,9.029999732971191,9.039999961853027,9.029999732971191,9.03499984741211,32678,0.0,0.0
2024-08-22 15:40:00-04:00,9.03499984741211,9.03499984741211,9.029999732971191,9.03499984741211,32198,0.0,0.0
2024-08-22 15:41:00-04:00,9.03499984741211,9.03499984741211,9.029999732971191,9.032500267028809,91500,0.0,0.0
2024-08-22 15:42:00-04:00,9.03499984741211,9.03499984741211,9.03499984741211,9.03499984741211,2903,0.0,0.0
2024-08-22 15:43:00-04:00,9.03499984741211,9.03499984741211,9.029999732971191,9.03499984741211,6059,0.0,0.0
2024-08-22 15:44:00-04:00,9.03499984741211,9.03499984741211,9.029999732971191,9.029999732971191,8909,0.0,0.0
2024-08-22 15:45:00-04:00,9.03499984741211,9.039999961853027,9.029999732971191,9.03499984741211,19363,0.0,0.0
2024-08-22 15:46:00-04:00,9.03499984741211,9.050000190734863,9.03499984741211,9.045000076293945,57549,0.0,0.0
2024-08-22 15:47:00-04:00,9.045000076293945,9.0600004196167,9.045000076293945,9.055000305175781,70830,0.0,0.0
2024-08-22 15:48:00-04:00,9.0600004196167,9.0600004196167,9.045000076293945,9.04990005493164,141348,0.0,0.0
2024-08-22 15:49:00-04:00,9.050000190734863,9.0600004196167,9.045000076293945,9.050000190734863,103412,0.0,0.0
2024-08-22 15:50:00-04:00,9.055000305175781,9.055000305175781,9.029999732971191,9.03499984741211,222159,0.0,0.0
2024-08-22 15:51:00-04:00,9.03499984741211,9.03499984741211,9.020000457763672,9.024999618530273,122386,0.0,0.0
2024-08-22 15:52:00-04:00,9.024999618530273,9.024999618530273,9.020000457763672,9.020000457763672,24329,0.0,0.0
2024-08-22 15:53:00-04:00,9.024999618530273,9.029999732971191,9.020000457763672,9.024999618530273,37651,0.0,0.0
2024-08-22 15:54:00-04:00,9.020000457763672,9.029999732971191,9.020000457763672,9.024999618530273,57517,0.0,0.0
2024-08-22 15:55:00-04:00,9.024999618530273,9.039999961853027,9.020000457763672,9.039999961853027,223589,0.0,0.0
2024-08-22 15:56:00-04:00,9.03499984741211,9.039999961853027,9.032699584960938,9.039999961853027,78017,0.0,0.0
2024-08-22 15:57:00-04:00,9.03499984741211,9.039999961853027,9.029999732971191,9.029999732971191,74319,0.0,0.0
2024-08-22 15:58:00-04:00,9.03499984741211,9.039999961853027,9.029999732971191,9.03499984741211,110131,0.0,0.0
2024-08-22 15:59:00-04:00,9.03499984741211,9.050000190734863,9.029999732971191,9.03499984741211,328826,0.0,0.0
2024-08-23 09:30:00-04:00,9.15999984741211,9.15999984741211,9.085000038146973,9.100000381469727,131982,0.0,0.0
2024-08-23 09:31:00-04:00,9.09000015258789,9.130000114440918,9.09000015258789,9.109999656677246,41002,0.0,0.0
2024-08-23 09:32:00-04:00,9.119999885559082,9.130000114440918,9.104999542236328,9.104999542236328,5672,0.0,0.0
2024-08-23 09:33:00-04:00,9.100000381469727,9.100000381469727,9.085000038146973,9.09000015258789,24237,0.0,0.0
2024-08-23 09:34:00-04:00,9.100000381469727,9.125,9.100000381469727,9.109999656677246,14530,0.0,0.0
2024-08-23 09:35:00-04:00,9.109999656677246,9.130000114440918,9.109999656677246,9.130000114440918,14588,0.0,0.0
2024-08-23 09:36:00-04:00,9.136799812316895,9.140000343322754,9.119999885559082,9.120100021362305,35269,0.0,0.0
2024-08-23 09:37:00-04:00,9.130000114440918,9.140000343322754,9.130000114440918,9.130000114440918,10332,0.0,0.0
2024-08-23 09:38:00-04:00,9.119999885559082,9.140000343322754,9.114999771118164,9.119999885559082,12108,0.0,0.0
2024-08-23 09:39:00-04:00,9.130000114440918,9.130000114440918,9.109999656677246,9.119999885559082,19592,0.0,0.0
2024-08-23 09:40:00-04:00,9.130000114440918,9.149999618530273,9.130000114440918,9.145000457763672,7629,0.0,0.0
2024-08-23 09:41:00-04:00,9.145000457763672,9.149999618530273,9.119999885559082,9.119999885559082,17066,0.0,0.0
2024-08-23 09:42:00-04:00,9.11989974975586,9.11989974975586,9.109999656677246,9.109999656677246,1457,0.0,0.0
2024-08-23 09:43:00-04:00,9.119999885559082,9.140000343322754,9.109999656677246,9.140000343322754,10201,0.0,0.0
2024-08-23 09:44:00-04:00,9.135000228881836,9.140000343322754,9.119999885559082,9.12440013885498,7629,0.0,0.0
2024-08-23 09:45:00-04:00,9.12030029296875,9.130000114440918,9.114899635314941,9.119999885559082,45458,0.0,0.0
2024-08-23 09:46:00-04:00,9.115400314331055,9.115400314331055,9.109999656677246,9.109999656677246,19463,0.0,0.0
2024-08-23 09:47:00-04:00,9.104900360107422,9.104900360107422,9.09000015258789,9.09000015258789,22031,0.0,0.0
2024-08-23 09:48:00-04:00,9.079999923706055,9.079999923706055,9.070099830627441,9.070099830627441,4082,0.0,0.0
2024-08-23 09:49:00-04:00,9.079999923706055,9.079999923706055,9.069999694824219,9.075400352478027,5650,0.0,0.0
2024-08-23 09:50:00-04:00,9.079999923706055,9.079999923706055,9.0649995803833,9.0649995803833,12439,0.0,0.0
2024-08-23 09:51:00-04:00,9.060099601745605,9.060099601745605,9.055000305175781,9.055000305175781,10736,0.0,0.0
2024-08-23 09:52:00-04:00,9.051400184631348,9.069999694824219,9.050000190734863,9.069999694824219,21770,0.0,0.0
2024-08-23 09:53:00-04:00,9.060199737548828,9.060199737548828,9.055000305175781,9.0600004196167,11562,0.0,0.0
2024-08-23 09:54:00-04:00,9.059900283813477,9.069999694824219,9.055000305175781,9.0649995803833,20420,0.0,0.0
2024-08-23 09:55:00-04:00,9.069999694824219,9.075400352478027,9.0649995803833,9.069999694824219,17217,0.0,0.0
2024-08-23 09:56:00-04:00,9.074999809265137,9.074999809265137,9.0649995803833,9.069899559020996,6561,0.0,0.0
2024-08-23 09:57:00-04:00,9.0649995803833,9.069899559020996,9.050000190734863,9.050000190734863,27051,0.0,0.0
2024-08-23 09:58:00-04:00,9.059700012207031,9.0600004196167,9.050000190734863,9.055000305175781,1875,0.0,0.0
2024-08-23 09:59:00-04:00,9.055000305175781,9.079999923706055,9.055000305175781,9.07979965209961,39839,0.0,0.0
2024-08-23 10:00:00-04:00,9.074999809265137,9.139900207519531,9.074999809265137,9.139900207519531,141915,0.0,0.0
2024-08-23 10:01:00-04:00,9.135000228881836,9.149999618530273,9.130000114440918,9.145000457763672,44927,0.0,0.0
2024-08-23 10:02:00-04:00,9.149999618530273,9.180000305175781,9.149999618530273,9.170000076293945,26301,0.0,0.0
2024-08-23 10:03:00-04:00,9.170000076293945,9.1875,9.15999984741211,9.180000305175781,42399,0.0,0.0
2024-08-23 10:04:00-04:00,9.1850004196167,9.199999809265137,9.1850004196167,9.194999694824219,70927,0.0,0.0
2024-08-23 10:05:00-04:00,9.199999809265137,9.199999809265137,9.180000305175781,9.1850004196167,48964,0.0,0.0
2024-08-23 10:06:00-04:00,9.1850004196167,9.199999809265137,9.180000305175781,9.199899673461914,28085,0.0,0.0
2024-08-23 10:07:00-04:00,9.199999809265137,9.210000038146973,9.199999809265137,9.210000038146973,35749,0.0,0.0
2024-08-23 10:08:00-04:00,9.204999923706055,9.220000267028809,9.194999694824219,9.220000267028809,45102,0.0,0.0
2024-08-23 10:09:00-04:00,9.220000267028809,9.25,9.21500015258789,9.239999771118164,128746,0.0,0.0
2024-08-23 10:10:00-04:00,9.234999656677246,9.260000228881836,9.234999656677246,9.25,58906,0.0,0.0
2024-08-23 10:11:00-04:00,9.249899864196777,9.25,9.23169994354248,9.244999885559082,74568,0.0,0.0
2024-08-23 10:12:00-04:00,9.244999885559082,9.265000343322754,9.229999542236328,9.265000343322754,36136,0.0,0.0
2024-08-23 10:13:00-04:00,9.265000343322754,9.265000343322754,9.239999771118164,9.255000114440918,63409,0.0,0.0
2024-08-23 10:14:00-04:00,9.25,9.255000114440918,9.239999771118164,9.239999771118164,33090,0.0,0.0
2024-08-23 10:15:00-04:00,9.239999771118164,9.247300148010254,9.225000381469727,9.229999542236328,56301,0.0,0.0
2024-08-23 10:16:00-04:00,9.229999542236328,9.244999885559082,9.199999809265137,9.199999809265137,49769,0.0,0.0
2024-08-23 10:17:00-04:00,9.202300071716309,9.202300071716309,9.180000305175781,9.194999694824219,32879,0.0,0.0
2024-08-23 10:18:00-04:00,9.194999694824219,9.199999809265137,9.175000190734863,9.180000305175781,86161,0.0,0.0
2024-08-23 10:19:00-04:00,9.180000305175781,9.1850004196167,9.170000076293945,9.180000305175781,30734,0.0,0.0
2024-08-23 10:20:00-04:00,9.170000076293945,9.180000305175781,9.15999984741211,9.15999984741211,13524,0.0,0.0
2024-08-23 10:21:00-04:00,9.164999961853027,9.170000076293945,9.149999618530273,9.157099723815918,33830,0.0,0.0
2024-08-23 10:22:00-04:00,9.15999984741211,9.180000305175781,9.15999984741211,9.180000305175781,14470,0.0,0.0
2024-08-23 10:23:00-04:00,9.180000305175781,9.194999694824219,9.170000076293945,9.1899995803833,45476,0.0,0.0
2024-08-23 10:24:00-04:00,9.1899995803833,9.199999809265137,9.1899995803833,9.199999809265137,41467,0.0,0.0
2024-08-23 10:25:00-04:00,9.199999809265137,9.199999809265137,9.180100440979004,9.199999809265137,33716,0.0,0.0
2024-08-23 10:26:00-04:00,9.199999809265137,9.204999923706055,9.180000305175781,9.180000305175781,55076,0.0,0.0
2024-08-23 10:27:00-04:00,9.175000190734863,9.180000305175781,9.170000076293945,9.180000305175781,54547,0.0,0.0
2024-08-23 10:28:00-04:00,9.180000305175781,9.1899995803833,9.164999961853027,9.180000305175781,135988,0.0,0.0
2024-08-23 10:29:00-04:00,9.17020034790039,9.1850004196167,9.170100212097168,9.170100212097168,87101,0.0,0.0
2024-08-23 10:30:00-04:00,9.175000190734863,9.1850004196167,9.175000190734863,9.1850004196167,33940,0.0,0.0
2024-08-23 10:31:00-04:00,9.1850004196167,9.188599586486816,9.170000076293945,9.170000076293945,39293,0.0,0.0
2024-08-23 10:32:00-04:00,9.175000190734863,9.180000305175781,9.160300254821777,9.180000305175781,37103,0.0,0.0
2024-08-23 10:33:00-04:00,9.174500465393066,9.1899995803833,9.174500465393066,9.1850004196167,34531,0.0,0.0
2024-08-23 10:34:00-04:00,9.1850004196167,9.194999694824219,9.170000076293945,9.175000190734863,57172,0.0,0.0
2024-08-23 10:35:00-04:00,9.175000190734863,9.175000190734863,9.15999984741211,9.164999961853027,49494,0.0,0.0
2024-08-23 10:36:00-04:00,9.164999961853027,9.169899940490723,9.149999618530273,9.164999961853027,43345,0.0,0.0
2024-08-23 10:37:00-04:00,9.169899940490723,9.170000076293945,9.152000427246094,9.154999732971191,52361,0.0,0.0
2024-08-23 10:38:00-04:00,9.168600082397461,9.168600082397461,9.149999618530273,9.160099983215332,40984,0.0,0.0
2024-08-23 10:39:00-04:00,9.15999984741211,9.170000076293945,9.15999984741211,9.164999961853027,12924,0.0,0.0
2024-08-23 10:40:00-04:00,9.164999961853027,9.167400360107422,9.149999618530273,9.154999732971191,24091,0.0,0.0
2024-08-23 10:41:00-04:00,9.15999984741211,9.166199684143066,9.142499923706055,9.149999618530273,29464,0.0,0.0
2024-08-23 10:42:00-04:00,9.154999732971191,9.164999961853027,9.145000457763672,9.145000457763672,25397,0.0,0.0
2024-08-23 10:43:00-04:00,9.140000343322754,9.15999984741211,9.140000343322754,9.154999732971191,39569,0.0,0.0
2024-08-23 10:44:00-04:00,9.154999732971191,9.164999961853027,9.149999618530273,9.164999961853027,23905,0.0,0.0
2024-08-23 10:45:00-04:00,9.164999961853027,9.170000076293945,9.145000457763672,9.145000457763672,51025,0.0,0.0
2024-08-23 10:46:00-04:00,9.140000343322754,9.140000343322754,9.130000114440918,9.130000114440918,17028,0.0,0.0
2024-08-23 10:47:00-04:00,9.130000114440918,9.130000114440918,9.110099792480469,9.11989974975586,24829,0.0,0.0
2024-08-23 10:48:00-04:00,9.119999885559082,9.119999885559082,9.100000381469727,9.100000381469727,20916,0.0,0.0
2024-08-23 10:49:00-04:00,9.09000015258789,9.099900245666504,9.09000015258789,9.095000267028809,23017,0.0,0.0
2024-08-23 10:50:00-04:00,9.095000267028809,9.10990047454834,9.095000267028809,9.104999542236328,19903,0.0,0.0
2024-08-23 10:51:00-04:00,9.100000381469727,9.104999542236328,9.074999809265137,9.085000038146973,61064,0.0,0.0
2024-08-23 10:52:00-04:00,9.089900016784668,9.100000381469727,9.079999923706055,9.100000381469727,25034,0.0,0.0
2024-08-23 10:53:00-04:00,9.100000381469727,9.10990047454834,9.095000267028809,9.10990047454834,25321,0.0,0.0
2024-08-23 10:54:00-04:00,9.105600357055664,9.114999771118164,9.100000381469727,9.114999771118164,27933,0.0,0.0
2024-08-23 10:55:00-04:00,9.109999656677246,9.130000114440918,9.104999542236328,9.130000114440918,52760,0.0,0.0
2024-08-23 10:56:00-04:00,9.125,9.130000114440918,9.119999885559082,9.130000114440918,23391,0.0,0.0
2024-08-23 10:57:00-04:00,9.130000114440918,9.149900436401367,9.128199577331543,9.149900436401367,17284,0.0,0.0
2024-08-23 10:58:00-04:00,9.145600318908691,9.149999618530273,9.142499923706055,9.145000457763672,18004,0.0,0.0
2024-08-23 10:59:00-04:00,9.145000457763672,9.149999618530273,9.140000343322754,9.149999618530273,9787,0.0,0.0
2024-08-23 11:00:00-04:00,9.140000343322754,9.145000457763672,9.130999565124512,9.145000457763672,27948,0.0,0.0
2024-08-23 11:01:00-04:00,9.145000457763672,9.149900436401367,9.140000343322754,9.149900436401367,12127,0.0,0.0
2024-08-23 11:02:00-04:00,9.140000343322754,9.149999618530273,9.135000228881836,9.149999618530273,14034,0.0,0.0
2024-08-23 11:03:00-04:00,9.145000457763672,9.15880012512207,9.140000343322754,9.15880012512207,18629,0.0,0.0
2024-08-23 11:04:00-04:00,9.149999618530273,9.149999618530273,9.145000457763672,9.149999618530273,24153,0.0,0.0
2024-08-23 11:05:00-04:00,9.145000457763672,9.164999961853027,9.145000457763672,9.15999984741211,40649,0.0,0.0
2024-08-23 11:06:00-04:00,9.160300254821777,9.170000076293945,9.14900016784668,9.15999984741211,80027,0.0,0.0
2024-08-23 11:07:00-04:00,9.159899711608887,9.159899711608887,9.145000457763672,9.155099868774414,21086,0.0,0.0
2024-08-23 11:08:00-04:00,9.15999984741211,9.15999984741211,9.149999618530273,9.15999984741211,11160,0.0,0.0
2024-08-23 11:09:00-04:00,9.164999961853027,9.179499626159668,9.15999984741211,9.179499626159668,17729,0.0,0.0
2024-08-23 11:10:00-04:00,9.170000076293945,9.1766996383667,9.149999618530273,9.149999618530273,37624,0.0,0.0
2024-08-23 11:11:00-04:00,9.154999732971191,9.164999961853027,9.154999732971191,9.15999984741211,31600,0.0,0.0
2024-08-23 11:12:00-04:00,9.170000076293945,9.175000190734863,9.170000076293945,9.175000190734863,6394,0.0,0.0
2024-08-23 11:13:00-04:00,9.175000190734863,9.1850004196167,9.175000190734863,9.1850004196167,4711,0.0,0.0
2024-08-23 11:14:00-04:00,9.1850004196167,9.1899995803833,9.180100440979004,9.1899995803833,10278,0.0,0.0
2024-08-23 11:15:00-04:00,9.192999839782715,9.194999694824219,9.180100440979004,9.180100440979004,15158,0.0,0.0
2024-08-23 11:16:00-04:00,9.1850004196167,9.1850004196167,9.180000305175781,9.1850004196167,10485,0.0,0.0
2024-08-23 11:17:00-04:00,9.1850004196167,9.1899995803833,9.180000305175781,9.1850004196167,23162,0.0,0.0
2024-08-23 11:18:00-04:00,9.1899995803833,9.1899995803833,9.180100440979004,9.180100440979004,38026,0.0,0.0
2024-08-23 11:19:00-04:00,9.1899995803833,9.1899995803833,9.180100440979004,9.1850004196167,35819,0.0,0.0
2024-08-23 11:20:00-04:00,9.1850004196167,9.1850004196167,9.169899940490723,9.180000305175781,40790,0.0,0.0
2024-08-23 11:21:00-04:00,9.180000305175781,9.180000305175781,9.175000190734863,9.180000305175781,1005,0.0,0.0
2024-08-23 11:22:00-04:00,9.180000305175781,9.180000305175781,9.175000190734863,9.175000190734863,4393,0.0,0.0
2024-08-23 11:23:00-04:00,9.175000190734863,9.1899995803833,9.175000190734863,9.1850004196167,91599,0.0,0.0
2024-08-23 11:24:00-04:00,9.1850004196167,9.1899995803833,9.175000190734863,9.175000190734863,15304,0.0,0.0
2024-08-23 11:25:00-04:00,9.180000305175781,9.180000305175781,9.164999961853027,9.164999961853027,37066,0.0,0.0
2024-08-23 11:26:00-04:00,9.170000076293945,9.170000076293945,9.164999961853027,9.164999961853027,23173,0.0,0.0
2024-08-23 11:27:00-04:00,9.164999961853027,9.170000076293945,9.164999961853027,9.164999961853027,21157,0.0,0.0
2024-08-23 11:28:00-04:00,9.164999961853027,9.180000305175781,9.164999961853027,9.175000190734863,31620,0.0,0.0
2024-08-23 11:29:00-04:00,9.180000305175781,9.199999809265137,9.180000305175781,9.199999809265137,49214,0.0,0.0
2024-08-23 11:30:00-04:00,9.194999694824219,9.194999694824219,9.180100440979004,9.1850004196167,45744,0.0,0.0
2024-08-23 11:31:00-04:00,9.1850004196167,9.1899995803833,9.1850004196167,9.185099601745605,1361,0.0,0.0
2024-08-23 11:32:00-04:00,9.1850004196167,9.1899995803833,9.180100440979004,9.1850004196167,9214,0.0,0.0
2024-08-23 11:33:00-04:00,9.1850004196167,9.1899995803833,9.170299530029297,9.1899995803833,39553,0.0,0.0
2024-08-23 11:34:00-04:00,9.189900398254395,9.189900398254395,9.180000305175781,9.180299758911133,20877,0.0,0.0
2024-08-23 11:35:00-04:00,9.188799858093262,9.199999809265137,9.1850004196167,9.194999694824219,23116,0.0,0.0
2024-08-23 11:36:00-04:00,9.1899995803833,9.194999694824219,9.175000190734863,9.1899995803833,51722,0.0,0.0
2024-08-23 11:37:00-04:00,9.199999809265137,9.199999809265137,9.1850004196167,9.185600280761719,41365,0.0,0.0
2024-08-23 11:38:00-04:00,9.1850004196167,9.185099601745605,9.170100212097168,9.180000305175781,44564,0.0,0.0
2024-08-23 11:39:00-04:00,9.180000305175781,9.1899995803833,9.175000190734863,9.175000190734863,42759,0.0,0.0
2024-08-23 11:40:00-04:00,9.175000190734863,9.180000305175781,9.175000190734863,9.177399635314941,14103,0.0,0.0
2024-08-23 11:41:00-04:00,9.17609977722168,9.1899995803833,9.173299789428711,9.173299789428711,50667,0.0,0.0
2024-08-23 11:42:00-04:00,9.170000076293945,9.175000190734863,9.164999961853027,9.175000190734863,43034,0.0,0.0
2024-08-23 11:43:00-04:00,9.170299530029297,9.170299530029297,9.164999961853027,9.168999671936035,18252,0.0,0.0
2024-08-23 11:44:00-04:00,9.164999961853027,9.170000076293945,9.154999732971191,9.154999732971191,18491,0.0,0.0
2024-08-23 11:45:00-04:00,9.154999732971191,9.154999732971191,9.14009952545166,9.142800331115723,22782,0.0,0.0
2024-08-23 11:46:00-04:00,9.140000343322754,9.145000457763672,9.125,9.145000457763672,85086,0.0,0.0
2024-08-23 11:47:00-04:00,9.149999618530273,9.15999984741211,9.140000343322754,9.145000457763672,51506,0.0,0.0
2024-08-23 11:48:00-04:00,9.145000457763672,9.15999984741211,9.145000457763672,9.154999732971191,12578,0.0,0.0
2024-08-23 11:49:00-04:00,9.15999984741211,9.15999984741211,9.149999618530273,9.15999984741211,18463,0.0,0.0
2024-08-23 11:50:00-04:00,9.154999732971191,9.15999984741211,9.145000457763672,9.149999618530273,32780,0.0,0.0
2024-08-23 11:51:00-04:00,9.154999732971191,9.154999732971191,9.145000457763672,9.149999618530273,48601,0.0,0.0
2024-08-23 11:52:00-04:00,9.15999984741211,9.164999961853027,9.154999732971191,9.15999984741211,51380,0.0,0.0
2024-08-23 11:53:00-04:00,9.149999618530273,9.15999984741211,9.149999618530273,9.154999732971191,26811,0.0,0.0
2024-08-23 11:54:00-04:00,9.154999732971191,9.154999732971191,9.140000343322754,9.145000457763672,51808,0.0,0.0
2024-08-23 11:55:00-04:00,9.145000457763672,9.15999984741211,9.145000457763672,9.159899711608887,13219,0.0,0.0
2024-08-23 11:56:00-04:00,9.159899711608887,9.170000076293945,9.149999618530273,9.150099754333496,48298,0.0,0.0
2024-08-23 11:57:00-04:00,9.149999618530273,9.154999732971191,9.145000457763672,9.145000457763672,24982,0.0,0.0
2024-08-23 11:58:00-04:00,9.145000457763672,9.145600318908691,9.130000114440918,9.135000228881836,27497,0.0,0.0
2024-08-23 11:59:00-04:00,9.135000228881836,9.140000343322754,9.130000114440918,9.135000228881836,19079,0.0,0.0
2024-08-23 12:00:00-04:00,9.135000228881836,9.140000343322754,9.119999885559082,9.125,34908,0.0,0.0
2024-08-23 12:01:00-04:00,9.119999885559082,9.129899978637695,9.119999885559082,9.121000289916992,23896,0.0,0.0
2024-08-23 12:02:00-04:00,9.125,9.130000114440918,9.119999885559082,9.119999885559082,16445,0.0,0.0
2024-08-23 12:03:00-04:00,9.125,9.130000114440918,9.119999885559082,9.125,9891,0.0,0.0
2024-08-23 12:04:00-04:00,9.130000114440918,9.149999618530273,9.127099990844727,9.145000457763672,54271,0.0,0.0
2024-08-23 12:05:00-04:00,9.145000457763672,9.154999732971191,9.145000457763672,9.145000457763672,38001,0.0,0.0
2024-08-23 12:06:00-04:00,9.145000457763672,9.15999984741211,9.130000114440918,9.159899711608887,63603,0.0,0.0
2024-08-23 12:07:00-04:00,9.15999984741211,9.15999984741211,9.140000343322754,9.149999618530273,44768,0.0,0.0
2024-08-23 12:08:00-04:00,9.145000457763672,9.15999984741211,9.145000457763672,9.15999984741211,52431,0.0,0.0
2024-08-23 12:09:00-04:00,9.15999984741211,9.175000190734863,9.149999618530273,9.175000190734863,58129,0.0,0.0
2024-08-23 12:10:00-04:00,9.175000190734863,9.179900169372559,9.162799835205078,9.175000190734863,38405,0.0,0.0
2024-08-23 12:11:00-04:00,9.175000190734863,9.194999694824219,9.175000190734863,9.194999694824219,55333,0.0,0.0
2024-08-23 12:12:00-04:00,9.1899995803833,9.194999694824219,9.1850004196167,9.1899995803833,39229,0.0,0.0
2024-08-23 12:13:00-04:00,9.1850004196167,9.194999694824219,9.178999900817871,9.190099716186523,56314,0.0,0.0
2024-08-23 12:14:00-04:00,9.1899995803833,9.194999694824219,9.154999732971191,9.15999984741211,78362,0.0,0.0
2024-08-23 12:15:00-04:00,9.154999732971191,9.170000076293945,9.154999732971191,9.164999961853027,51917,0.0,0.0
2024-08-23 12:16:00-04:00,9.164999961853027,9.170000076293945,9.145000457763672,9.145000457763672,60182,0.0,0.0
2024-08-23 12:17:00-04:00,9.149999618530273,9.149999618530273,9.140000343322754,9.145000457763672,26226,0.0,0.0
2024-08-23 12:18:00-04:00,9.14009952545166,9.170000076293945,9.140000343322754,9.170000076293945,36978,0.0,0.0
2024-08-23 12:19:00-04:00,9.164999961853027,9.177499771118164,9.160099983215332,9.164999961853027,41456,0.0,0.0
2024-08-23 12:20:00-04:00,9.164999961853027,9.170000076293945,9.160099983215332,9.164999961853027,11258,0.0,0.0
2024-08-23 12:21:00-04:00,9.164999961853027,9.170000076293945,9.15999984741211,9.164999961853027,25433,0.0,0.0
2024-08-23 12:22:00-04:00,9.15999984741211,9.170000076293945,9.15999984741211,9.169899940490723,27890,0.0,0.0
2024-08-23 12:23:00-04:00,9.164999961853027,9.179900169372559,9.164999961853027,9.17140007019043,59927,0.0,0.0
2024-08-23 12:24:00-04:00,9.175000190734863,9.175000190734863,9.164999961853027,9.164999961853027,22283,0.0,0.0
2024-08-23 12:25:00-04:00,9.164999961853027,9.180000305175781,9.160099983215332,9.179900169372559,50320,0.0,0.0
2024-08-23 12:26:00-04:00,9.175000190734863,9.179800033569336,9.160099983215332,9.170100212097168,50414,0.0,0.0
2024-08-23 12:27:00-04:00,9.173999786376953,9.180000305175781,9.173999786376953,9.175000190734863,21028,0.0,0.0
2024-08-23 12:28:00-04:00,9.180000305175781,9.180000305175781,9.164999961853027,9.164999961853027,41600,0.0,0.0
2024-08-23 12:29:00-04:00,9.164999961853027,9.170000076293945,9.160099983215332,9.160099983215332,22697,0.0,0.0
2024-08-23 12:30:00-04:00,9.164999961853027,9.180000305175781,9.164999961853027,9.180000305175781,11505,0.0,0.0
2024-08-23 12:31:00-04:00,9.180000305175781,9.180000305175781,9.170000076293945,9.175000190734863,22721,0.0,0.0
2024-08-23 12:32:00-04:00,9.180000305175781,9.180000305175781,9.175000190734863,9.180000305175781,10439,0.0,0.0
2024-08-23 12:33:00-04:00,9.175000190734863,9.180000305175781,9.170100212097168,9.175000190734863,19270,0.0,0.0
2024-08-23 12:34:00-04:00,9.170100212097168,9.180000305175781,9.170000076293945,9.175000190734863,29632,0.0,0.0
2024-08-23 12:35:00-04:00,9.175000190734863,9.1850004196167,9.171199798583984,9.1850004196167,43885,0.0,0.0
2024-08-23 12:36:00-04:00,9.1850004196167,9.194999694824219,9.180100440979004,9.1899995803833,54144,0.0,0.0
2024-08-23 12:37:00-04:00,9.194999694824219,9.194999694824219,9.160099983215332,9.164999961853027,90228,0.0,0.0
2024-08-23 12:38:00-04:00,9.164999961853027,9.175000190734863,9.164899826049805,9.172499656677246,90906,0.0,0.0
2024-08-23 12:39:00-04:00,9.170100212097168,9.175000190734863,9.15999984741211,9.164999961853027,30665,0.0,0.0
2024-08-23 12:40:00-04:00,9.164999961853027,9.164999961853027,9.164999961853027,9.164999961853027,7050,0.0,0.0
2024-08-23 12:41:00-04:00,9.164999961853027,9.164999961853027,9.15999984741211,9.164999961853027,14404,0.0,0.0
2024-08-23 12:42:00-04:00,9.15999984741211,9.15999984741211,9.145000457763672,9.145000457763672,34211,0.0,0.0
2024-08-23 12:43:00-04:00,9.145000457763672,9.149999618530273,9.140000343322754,9.145000457763672,20396,0.0,0.0
2024-08-23 12:44:00-04:00,9.140000343322754,9.154999732971191,9.140000343322754,9.142800331115723,45863,0.0,0.0
2024-08-23 12:45:00-04:00,9.145000457763672,9.149999618530273,9.140000343322754,9.145000457763672,17427,0.0,0.0
2024-08-23 12:46:00-04:00,9.145000457763672,9.149999618530273,9.14009952545166,9.145000457763672,49598,0.0,0.0
2024-08-23 12:47:00-04:00,9.14009952545166,9.149999618530273,9.14009952545166,9.149900436401367,18969,0.0,0.0
2024-08-23 12:48:00-04:00,9.149900436401367,9.154999732971191,9.140000343322754,9.149999618530273,101612,0.0,0.0
2024-08-23 12:49:00-04:00,9.145000457763672,9.149999618530273,9.145000457763672,9.145000457763672,22026,0.0,0.0
2024-08-23 12:50:00-04:00,9.145000457763672,9.15999984741211,9.145000457763672,9.154999732971191,62658,0.0,0.0
2024-08-23 12:51:00-04:00,9.154999732971191,9.160099983215332,9.154999732971191,9.160099983215332,19311,0.0,0.0
2024-08-23 12:52:00-04:00,9.15999984741211,9.170000076293945,9.15999984741211,9.164999961853027,46528,0.0,0.0
2024-08-23 12:53:00-04:00,9.15999984741211,9.164999961853027,9.15999984741211,9.164999961853027,4513,0.0,0.0
2024-08-23 12:54:00-04:00,9.164999961853027,9.164999961853027,9.15999984741211,9.164999961853027,4136,0.0,0.0
2024-08-23 12:55:00-04:00,9.164999961853027,9.170000076293945,9.164999961853027,9.164999961853027,1468,0.0,0.0
2024-08-23 12:56:00-04:00,9.170000076293945,9.180000305175781,9.170000076293945,9.180000305175781,5177,0.0,0.0
2024-08-23 12:57:00-04:00,9.175000190734863,9.175000190734863,9.170000076293945,9.170000076293945,15761,0.0,0.0
2024-08-23 12:58:00-04:00,9.170000076293945,9.170000076293945,9.149999618530273,9.149999618530273,83924,0.0,0.0
2024-08-23 12:59:00-04:00,9.149999618530273,9.154899597167969,9.149999618530273,9.149999618530273,12450,0.0,0.0
2024-08-23 13:00:00-04:00,9.149999618530273,9.149999618530273,9.140000343322754,9.140000343322754,29878,0.0,0.0
2024-08-23 13:01:00-04:00,9.145000457763672,9.149900436401367,9.140000343322754,9.14009952545166,19833,0.0,0.0
2024-08-23 13:02:00-04:00,9.149999618530273,9.15999984741211,9.145000457763672,9.154999732971191,11680,0.0,0.0
2024-08-23 13:03:00-04:00,9.154999732971191,9.170000076293945,9.154999732971191,9.15999984741211,22149,0.0,0.0
2024-08-23 13:04:00-04:00,9.154999732971191,9.154999732971191,9.154999732971191,9.154999732971191,1287,0.0,0.0
2024-08-23 13:05:00-04:00,9.154999732971191,9.159899711608887,9.142999649047852,9.142999649047852,14161,0.0,0.0
2024-08-23 13:06:00-04:00,9.145000457763672,9.145000457763672,9.145000457763672,9.145000457763672,10055,0.0,0.0
2024-08-23 13:07:00-04:00,9.14009952545166,9.145000457763672,9.140000343322754,9.145000457763672,10253,0.0,0.0
2024-08-23 13:08:00-04:00,9.145000457763672,9.149900436401367,9.140000343322754,9.145000457763672,21074,0.0,0.0
2024-08-23 13:09:00-04:00,9.145000457763672,9.149999618530273,9.145000457763672,9.149999618530273,3579,0.0,0.0
2024-08-23 13:10:00-04:00,9.140000343322754,9.145000457763672,9.135000228881836,9.140000343322754,48649,0.0,0.0
2024-08-23 13:11:00-04:00,9.140000343322754,9.140000343322754,9.125,9.125,31039,0.0,0.0
2024-08-23 13:12:00-04:00,9.125,9.130000114440918,9.119999885559082,9.130000114440918,13325,0.0,0.0
2024-08-23 13:13:00-04:00,9.140000343322754,9.140000343322754,9.130000114440918,9.135000228881836,14479,0.0,0.0
2024-08-23 13:14:00-04:00,9.140000343322754,9.140000343322754,9.120100021362305,9.130000114440918,27004,0.0,0.0
2024-08-23 13:15:00-04:00,9.125,9.145000457763672,9.125,9.145000457763672,29881,0.0,0.0
2024-08-23 13:16:00-04:00,9.145500183105469,9.149999618530273,9.135000228881836,9.145000457763672,20555,0.0,0.0
2024-08-23 13:17:00-04:00,9.140000343322754,9.145000457763672,9.140000343322754,9.145000457763672,16139,0.0,0.0
2024-08-23 13:18:00-04:00,9.145000457763672,9.145000457763672,9.135000228881836,9.135000228881836,18103,0.0,0.0
2024-08-23 13:19:00-04:00,9.135000228881836,9.135000228881836,9.125,9.135000228881836,39948,0.0,0.0
2024-08-23 13:20:00-04:00,9.135000228881836,9.145000457763672,9.135000228881836,9.145000457763672,19556,0.0,0.0
2024-08-23 13:21:00-04:00,9.145000457763672,9.149999618530273,9.145000457763672,9.145000457763672,9131,0.0,0.0
2024-08-23 13:22:00-04:00,9.149999618530273,9.149999618530273,9.145000457763672,9.145000457763672,1865,0.0,0.0
2024-08-23 13:23:00-04:00,9.149999618530273,9.149999618530273,9.14009952545166,9.145000457763672,21444,0.0,0.0
2024-08-23 13:24:00-04:00,9.14009952545166,9.145000457763672,9.140000343322754,9.140000343322754,14478,0.0,0.0
2024-08-23 13:25:00-04:00,9.135000228881836,9.135000228881836,9.130000114440918,9.13010025024414,10937,0.0,0.0
2024-08-23 13:26:00-04:00,9.135000228881836,9.135000228881836,9.125,9.125,24690,0.0,0.0
2024-08-23 13:27:00-04:00,9.130000114440918,9.130000114440918,9.125,9.130000114440918,5936,0.0,0.0
2024-08-23 13:28:00-04:00,9.130000114440918,9.139900207519531,9.130000114440918,9.135000228881836,22243,0.0,0.0
2024-08-23 13:29:00-04:00,9.135000228881836,9.135000228881836,9.135000228881836,9.135000228881836,883,0.0,0.0
2024-08-23 13:30:00-04:00,9.130000114440918,9.130000114440918,9.125,9.125,18778,0.0,0.0
2024-08-23 13:31:00-04:00,9.130000114440918,9.137499809265137,9.125,9.135000228881836,19577,0.0,0.0
2024-08-23 13:32:00-04:00,9.135000228881836,9.140000343322754,9.135000228881836,9.140000343322754,660,0.0,0.0
2024-08-23 13:33:00-04:00,9.13010025024414,9.145000457763672,9.13010025024414,9.145000457763672,42000,0.0,0.0
2024-08-23 13:34:00-04:00,9.145000457763672,9.145000457763672,9.145000457763672,9.145000457763672,5181,0.0,0.0
2024-08-23 13:35:00-04:00,9.140000343322754,9.145000457763672,9.135000228881836,9.135000228881836,20595,0.0,0.0
2024-08-23 13:36:00-04:00,9.135000228881836,9.135000228881836,9.13070011138916,9.135000228881836,3147,0.0,0.0
2024-08-23 13:37:00-04:00,9.13010025024414,9.140000343322754,9.13010025024414,9.140000343322754,26615,0.0,0.0
2024-08-23 13:38:00-04:00,9.135000228881836,9.135000228881836,9.135000228881836,9.135000228881836,496,0.0,0.0
2024-08-23 13:39:00-04:00,9.135000228881836,9.135000228881836,9.124899864196777,9.12969970703125,29809,0.0,0.0
2024-08-23 13:40:00-04:00,9.125,9.130000114440918,9.125,9.125,6529,0.0,0.0
2024-08-23 13:41:00-04:00,9.125,9.135000228881836,9.125,9.135000228881836,23454,0.0,0.0
2024-08-23 13:42:00-04:00,9.135000228881836,9.135000228881836,9.135000228881836,9.135000228881836,5077,0.0,0.0
2024-08-23 13:43:00-04:00,9.135000228881836,9.137100219726562,9.134400367736816,9.134400367736816,2403,0.0,0.0
2024-08-23 13:44:00-04:00,9.139800071716309,9.145000457763672,9.137999534606934,9.145000457763672,25989,0.0,0.0
2024-08-23 13:45:00-04:00,9.140000343322754,9.149999618530273,9.130000114440918,9.135000228881836,62212,0.0,0.0
2024-08-23 13:46:00-04:00,9.13010025024414,9.140000343322754,9.13010025024414,9.135000228881836,50037,0.0,0.0
2024-08-23 13:47:00-04:00,9.135000228881836,9.140000343322754,9.135000228881836,9.140000343322754,23357,0.0,0.0
2024-08-23 13:48:00-04:00,9.135000228881836,9.140000343322754,9.130000114440918,9.135000228881836,22265,0.0,0.0
2024-08-23 13:49:00-04:00,9.13029956817627,9.135000228881836,9.13010025024414,9.13010025024414,6954,0.0,0.0
2024-08-23 13:50:00-04:00,9.135000228881836,9.140000343322754,9.135000228881836,9.135000228881836,10799,0.0,0.0
2024-08-23 13:51:00-04:00,9.135000228881836,9.135000228881836,9.13010025024414,9.135000228881836,13377,0.0,0.0
2024-08-23 13:52:00-04:00,9.13010025024414,9.140000343322754,9.125,9.139699935913086,45250,0.0,0.0
2024-08-23 13:53:00-04:00,9.140000343322754,9.145000457763672,9.135000228881836,9.140000343322754,12983,0.0,0.0
2024-08-23 13:54:00-04:00,9.145000457763672,9.149900436401367,9.140000343322754,9.145000457763672,32067,0.0,0.0
2024-08-23 13:55:00-04:00,9.145000457763672,9.145000457763672,9.140000343322754,9.145000457763672,4853,0.0,0.0
2024-08-23 13:56:00-04:00,9.145000457763672,9.149900436401367,9.145000457763672,9.149900436401367,5000,0.0,0.0
2024-08-23 13:57:00-04:00,9.149800300598145,9.149800300598145,9.145000457763672,9.145600318908691,8188,0.0,0.0
2024-08-23 13:58:00-04:00,9.145000457763672,9.145000457763672,9.140000343322754,9.145000457763672,16357,0.0,0.0
2024-08-23 13:59:00-04:00,9.145000457763672,9.145000457763672,9.140000343322754,9.145000457763672,2091,0.0,0.0
2024-08-23 14:00:00-04:00,9.140000343322754,9.145000457763672,9.140000343322754,9.145000457763672,1427,0.0,0.0
2024-08-23 14:01:00-04:00,9.148799896240234,9.148799896240234,9.140000343322754,9.14009952545166,7099,0.0,0.0
2024-08-23 14:02:00-04:00,9.145000457763672,9.145000457763672,9.145000457763672,9.145000457763672,910,0.0,0.0
2024-08-23 14:03:00-04:00,9.140000343322754,9.145000457763672,9.140000343322754,9.145000457763672,2209,0.0,0.0
2024-08-23 14:04:00-04:00,9.145000457763672,9.149999618530273,9.145000457763672,9.145000457763672,2536,0.0,0.0
2024-08-23 14:05:00-04:00,9.149900436401367,9.149900436401367,9.149900436401367,9.149900436401367,237,0.0,0.0
2024-08-23 14:06:00-04:00,9.145000457763672,9.145000457763672,9.140000343322754,9.140000343322754,2078,0.0,0.0
2024-08-23 14:07:00-04:00,9.140899658203125,9.145000457763672,9.140000343322754,9.145000457763672,3397,0.0,0.0
2024-08-23 14:08:00-04:00,9.145000457763672,9.145000457763672,9.135000228881836,9.135000228881836,29597,0.0,0.0
2024-08-23 14:09:00-04:00,9.134900093078613,9.135000228881836,9.130000114440918,9.135000228881836,18643,0.0,0.0
2024-08-23 14:10:00-04:00,9.135000228881836,9.140000343322754,9.135000228881836,9.140000343322754,2182,0.0,0.0
2024-08-23 14:11:00-04:00,9.135000228881836,9.135000228881836,9.135000228881836,9.135000228881836,380,0.0,0.0
2024-08-23 14:12:00-04:00,9.135000228881836,9.135000228881836,9.130000114440918,9.130000114440918,1862,0.0,0.0
2024-08-23 14:13:00-04:00,9.135000228881836,9.145000457763672,9.135000228881836,9.135000228881836,67252,0.0,0.0
2024-08-23 14:14:00-04:00,9.135000228881836,9.135000228881836,9.135000228881836,9.135000228881836,7836,0.0,0.0
2024-08-23 14:15:00-04:00,9.135000228881836,9.135000228881836,9.135000228881836,9.135000228881836,291,0.0,0.0
2024-08-23 14:16:00-04:00,9.135000228881836,9.140000343322754,9.13010025024414,9.135000228881836,12721,0.0,0.0
2024-08-23 14:17:00-04:00,9.135000228881836,9.140000343322754,9.130000114440918,9.13010025024414,7861,0.0,0.0
2024-08-23 14:18:00-04:00,9.130000114440918,9.135000228881836,9.130000114440918,9.130000114440918,7896,0.0,0.0
2024-08-23 14:19:00-04:00,9.135000228881836,9.135000228881836,9.13010025024414,9.13010025024414,7281,0.0,0.0
2024-08-23 14:20:00-04:00,9.130000114440918,9.130000114440918,9.130000114440918,9.130000114440918,2242,0.0,0.0
2024-08-23 14:21:00-04:00,9.135000228881836,9.135000228881836,9.135000228881836,9.135000228881836,458,0.0,0.0
2024-08-23 14:22:00-04:00,9.130000114440918,9.130000114440918,9.119999885559082,9.119999885559082,32460,0.0,0.0
2024-08-23 14:23:00-04:00,9.119999885559082,9.124899864196777,9.119999885559082,9.124899864196777,2103,0.0,0.0
2024-08-23 14:24:00-04:00,9.125,9.125,9.125,9.125,3672,0.0,0.0
2024-08-23 14:25:00-04:00,9.125,9.130000114440918,9.125,9.130000114440918,17038,0.0,0.0
2024-08-23 14:26:00-04:00,9.125,9.139900207519531,9.125,9.139900207519531,33212,0.0,0.0
2024-08-23 14:27:00-04:00,9.130000114440918,9.135000228881836,9.125,9.125,16193,0.0,0.0
2024-08-23 14:28:00-04:00,9.125,9.130000114440918,9.125,9.125,4021,0.0,0.0
2024-08-23 14:29:00-04:00,9.125,9.125,9.125,9.125,1164,0.0,0.0
2024-08-23 14:30:00-04:00,9.125,9.125,9.125,9.125,736,0.0,0.0
2024-08-23 14:31:00-04:00,9.125,9.125,9.125,9.125,1695,0.0,0.0
2024-08-23 14:32:00-04:00,9.125,9.129500389099121,9.119999885559082,9.119999885559082,2080,0.0,0.0
2024-08-23 14:33:00-04:00,9.125,9.125,9.125,9.125,1576,0.0,0.0
2024-08-23 14:34:00-04:00,9.125,9.125,9.114999771118164,9.119999885559082,20748,0.0,0.0
2024-08-23 14:35:00-04:00,9.114999771118164,9.125,9.114999771118164,9.119999885559082,25446,0.0,0.0
2024-08-23 14:37:00-04:00,9.125,9.125,9.125,9.125,2310,0.0,0.0
2024-08-23 14:38:00-04:00,9.125,9.139900207519531,9.125,9.13010025024414,40603,0.0,0.0
2024-08-23 14:39:00-04:00,9.13010025024414,9.13010025024414,9.12030029296875,9.125,23987,0.0,0.0
2024-08-23 14:40:00-04:00,9.125,9.130000114440918,9.125,9.125,3956,0.0,0.0
2024-08-23 14:41:00-04:00,9.121100425720215,9.129899978637695,9.120200157165527,9.125,7367,0.0,0.0
2024-08-23 14:42:00-04:00,9.125,9.125,9.119999885559082,9.125,4416,0.0,0.0
2024-08-23 14:43:00-04:00,9.119999885559082,9.125,9.119999885559082,9.125,5162,0.0,0.0
2024-08-23 14:44:00-04:00,9.129899978637695,9.130000114440918,9.119999885559082,9.125,5137,0.0,0.0
2024-08-23 14:45:00-04:00,9.125,9.130000114440918,9.120200157165527,9.125,7072,0.0,0.0
2024-08-23 14:46:00-04:00,9.125,9.130000114440918,9.125,9.125,5456,0.0,0.0
2024-08-23 14:47:00-04:00,9.125,9.130000114440918,9.125,9.125,3903,0.0,0.0
2024-08-23 14:48:00-04:00,9.125,9.125,9.119999885559082,9.119999885559082,1865,0.0,0.0
2024-08-23 14:49:00-04:00,9.125,9.125,9.125,9.125,1317,0.0,0.0
2024-08-23 14:50:00-04:00,9.119999885559082,9.125,9.119999885559082,9.125,3511,0.0,0.0
2024-08-23 14:51:00-04:00,9.119999885559082,9.125,9.119999885559082,9.125,3149,0.0,0.0
2024-08-23 14:52:00-04:00,9.125,9.125,9.119999885559082,9.125,4569,0.0,0.0
2024-08-23 14:53:00-04:00,9.119999885559082,9.125,9.119999885559082,9.125,4297,0.0,0.0
2024-08-23 14:54:00-04:00,9.125,9.125,9.125,9.125,3439,0.0,0.0
2024-08-23 14:55:00-04:00,9.125,9.125,9.119999885559082,9.119999885559082,2111,0.0,0.0
2024-08-23 14:56:00-04:00,9.119999885559082,9.119999885559082,9.119999885559082,9.119999885559082,948,0.0,0.0
2024-08-23 14:57:00-04:00,9.119999885559082,9.119999885559082,9.114999771118164,9.114999771118164,19670,0.0,0.0
2024-08-23 14:58:00-04:00,9.114999771118164,9.114999771118164,9.109999656677246,9.114999771118164,10288,0.0,0.0
2024-08-23 14:59:00-04:00,9.114999771118164,9.119999885559082,9.114999771118164,9.119999885559082,6418,0.0,0.0
2024-08-23 15:00:00-04:00,9.114999771118164,9.119999885559082,9.100000381469727,9.109999656677246,43315,0.0,0.0
2024-08-23 15:01:00-04:00,9.100000381469727,9.109700202941895,9.100000381469727,9.104999542236328,4032,0.0,0.0
2024-08-23 15:02:00-04:00,9.100000381469727,9.104999542236328,9.100000381469727,9.100000381469727,1379,0.0,0.0
2024-08-23 15:03:00-04:00,9.100000381469727,9.104999542236328,9.100000381469727,9.100000381469727,2001,0.0,0.0
2024-08-23 15:04:00-04:00,9.100000381469727,9.104999542236328,9.100000381469727,9.100000381469727,14720,0.0,0.0
2024-08-23 15:05:00-04:00,9.104999542236328,9.10569953918457,9.100000381469727,9.104999542236328,1661,0.0,0.0
2024-08-23 15:06:00-04:00,9.104999542236328,9.119999885559082,9.100000381469727,9.109999656677246,50330,0.0,0.0
2024-08-23 15:07:00-04:00,9.114999771118164,9.125,9.109999656677246,9.120100021362305,36107,0.0,0.0
2024-08-23 15:08:00-04:00,9.125,9.125,9.119999885559082,9.125,3188,0.0,0.0
2024-08-23 15:09:00-04:00,9.128000259399414,9.128000259399414,9.119999885559082,9.125,3127,0.0,0.0
2024-08-23 15:10:00-04:00,9.125,9.130000114440918,9.125,9.130000114440918,4926,0.0,0.0
2024-08-23 15:11:00-04:00,9.125,9.135000228881836,9.125,9.135000228881836,25006,0.0,0.0
2024-08-23 15:12:00-04:00,9.135000228881836,9.135000228881836,9.130000114440918,9.130000114440918,6345,0.0,0.0
2024-08-23 15:13:00-04:00,9.135000228881836,9.135000228881836,9.119999885559082,9.129500389099121,70261,0.0,0.0
2024-08-23 15:14:00-04:00,9.125,9.125,9.119999885559082,9.125,8989,0.0,0.0
2024-08-23 15:15:00-04:00,9.125,9.13010025024414,9.119999885559082,9.13010025024414,38697,0.0,0.0
2024-08-23 15:16:00-04:00,9.132499694824219,9.135000228881836,9.125,9.125,17839,0.0,0.0
2024-08-23 15:17:00-04:00,9.125,9.125,9.125,9.125,416,0.0,0.0
2024-08-23 15:18:00-04:00,9.125,9.125,9.125,9.125,3660,0.0,0.0
2024-08-23 15:19:00-04:00,9.125,9.125,9.125,9.125,1930,0.0,0.0
2024-08-23 15:20:00-04:00,9.125,9.130000114440918,9.119999885559082,9.1274995803833,15880,0.0,0.0
2024-08-23 15:21:00-04:00,9.125,9.135000228881836,9.125,9.135000228881836,26991,0.0,0.0
2024-08-23 15:22:00-04:00,9.135000228881836,9.135000228881836,9.130000114440918,9.130000114440918,12955,0.0,0.0
2024-08-23 15:23:00-04:00,9.135000228881836,9.139900207519531,9.130000114440918,9.135000228881836,4243,0.0,0.0
2024-08-23 15:24:00-04:00,9.135000228881836,9.145000457763672,9.135000228881836,9.145000457763672,18470,0.0,0.0
2024-08-23 15:25:00-04:00,9.147500038146973,9.149999618530273,9.14009952545166,9.145000457763672,13562,0.0,0.0
2024-08-23 15:26:00-04:00,9.140000343322754,9.149999618530273,9.140000343322754,9.145000457763672,9156,0.0,0.0
2024-08-23 15:27:00-04:00,9.140000343322754,9.145000457763672,9.140000343322754,9.145000457763672,6106,0.0,0.0
2024-08-23 15:28:00-04:00,9.145000457763672,9.149999618530273,9.140000343322754,9.140000343322754,8033,0.0,0.0
2024-08-23 15:29:00-04:00,9.145000457763672,9.149999618530273,9.140000343322754,9.140000343322754,10625,0.0,0.0
2024-08-23 15:30:00-04:00,9.140000343322754,9.140000343322754,9.130000114440918,9.130000114440918,37127,0.0,0.0
2024-08-23 15:31:00-04:00,9.130000114440918,9.137499809265137,9.125,9.125,17462,0.0,0.0
2024-08-23 15:32:00-04:00,9.130000114440918,9.140000343322754,9.125,9.135000228881836,25935,0.0,0.0
2024-08-23 15:33:00-04:00,9.135000228881836,9.135000228881836,9.130000114440918,9.135000228881836,3590,0.0,0.0
2024-08-23 15:34:00-04:00,9.135000228881836,9.140000343322754,9.130000114440918,9.135000228881836,19023,0.0,0.0
2024-08-23 15:35:00-04:00,9.135000228881836,9.135000228881836,9.130000114440918,9.130000114440918,8921,0.0,0.0
2024-08-23 15:36:00-04:00,9.130000114440918,9.130000114440918,9.119999885559082,9.119999885559082,59017,0.0,0.0
2024-08-23 15:37:00-04:00,9.125,9.135000228881836,9.119999885559082,9.135000228881836,51927,0.0,0.0
2024-08-23 15:38:00-04:00,9.135000228881836,9.140000343322754,9.119999885559082,9.125,27073,0.0,0.0
2024-08-23 15:39:00-04:00,9.12440013885498,9.130000114440918,9.119999885559082,9.119999885559082,20351,0.0,0.0
2024-08-23 15:40:00-04:00,9.119999885559082,9.125,9.109999656677246,9.125,68480,0.0,0.0
2024-08-23 15:41:00-04:00,9.125,9.130000114440918,9.109999656677246,9.119999885559082,70493,0.0,0.0
2024-08-23 15:42:00-04:00,9.119999885559082,9.130000114440918,9.109999656677246,9.119999885559082,25551,0.0,0.0
2024-08-23 15:43:00-04:00,9.119500160217285,9.119999885559082,9.109999656677246,9.114999771118164,8738,0.0,0.0
2024-08-23 15:44:00-04:00,9.114999771118164,9.119999885559082,9.114999771118164,9.119999885559082,6528,0.0,0.0
2024-08-23 15:45:00-04:00,9.114999771118164,9.125,9.110099792480469,9.114999771118164,47487,0.0,0.0
2024-08-23 15:46:00-04:00,9.114999771118164,9.114999771118164,9.109999656677246,9.109999656677246,9845,0.0,0.0
2024-08-23 15:47:00-04:00,9.109999656677246,9.119999885559082,9.109999656677246,9.114999771118164,11113,0.0,0.0
2024-08-23 15:48:00-04:00,9.114999771118164,9.125,9.109999656677246,9.119999885559082,36759,0.0,0.0
2024-08-23 15:49:00-04:00,9.119999885559082,9.135000228881836,9.119999885559082,9.130000114440918,55766,0.0,0.0
2024-08-23 15:50:00-04:00,9.140000343322754,9.149999618530273,9.125,9.135000228881836,210793,0.0,0.0
2024-08-23 15:51:00-04:00,9.140000343322754,9.148500442504883,9.135000228881836,9.135000228881836,61093,0.0,0.0
2024-08-23 15:52:00-04:00,9.135000228881836,9.140000343322754,9.135000228881836,9.135000228881836,29538,0.0,0.0
2024-08-23 15:53:00-04:00,9.140000343322754,9.145000457763672,9.135000228881836,9.135000228881836,61763,0.0,0.0
2024-08-23 15:54:00-04:00,9.140000343322754,9.140000343322754,9.130000114440918,9.130000114440918,47275,0.0,0.0
2024-08-23 15:55:00-04:00,9.130000114440918,9.140000343322754,9.130000114440918,9.140000343322754,93599,0.0,0.0
2024-08-23 15:56:00-04:00,9.135000228881836,9.148699760437012,9.135000228881836,9.145000457763672,65620,0.0,0.0
2024-08-23 15:57:00-04:00,9.145000457763672,9.145000457763672,9.140000343322754,9.140000343322754,41858,0.0,0.0
2024-08-23 15:58:00-04:00,9.140000343322754,9.149999618530273,9.140000343322754,9.145000457763672,113839,0.0,0.0
2024-08-23 15:59:00-04:00,9.145000457763672,9.149999618530273,9.140000343322754,9.145000457763672,168467,0.0,0.0
